x_m y_m sigma_comp_mag_Pa
3.9615792774e-04 6.0426062053e-06 9.3434443307e+00
3.9351264499e-04 1.1489338515e-05 8.9516966915e+00
3.9103226686e-04 1.6649534615e-05 1.1038308726e+01
3.8856721823e-04 2.1498004847e-05 1.8152388291e+01
3.8611707907e-04 2.6065880812e-05 1.7374866849e+01
3.8367397896e-04 3.0412948202e-05 1.7514262716e+01
3.8122425736e-04 3.4580692268e-05 1.7710384823e+01
3.7876724978e-04 3.8584532457e-05 1.7792277604e+01
3.7629686752e-04 4.2453666824e-05 1.7865757647e+01
3.7380682341e-04 4.6204547593e-05 1.7915449940e+01
3.7129256479e-04 4.9849858833e-05 1.7952580251e+01
3.6875059376e-04 5.3398876229e-05 1.7970678371e+01
3.6617887759e-04 5.6858560547e-05 1.7972994945e+01
3.6357422279e-04 6.0236024337e-05 1.7973854118e+01
3.6093493724e-04 6.3535463194e-05 1.7963436952e+01
3.5825916991e-04 6.6760916372e-05 1.7965065665e+01
3.5554653711e-04 6.9914657617e-05 1.7962279827e+01
3.5279653343e-04 7.2999485190e-05 1.7956340713e+01
3.5000854734e-04 7.6017805854e-05 1.7952078435e+01
3.4718245533e-04 7.8971285395e-05 1.7946122074e+01
3.4431830991e-04 8.1861508236e-05 1.7931015107e+01
3.4141553982e-04 8.4689888134e-05 1.7926209047e+01
3.3847552318e-04 8.7456508321e-05 1.7921464532e+01
3.3549799971e-04 9.0163277339e-05 1.7906871262e+01
3.3248346320e-04 9.2810268239e-05 1.7902380084e+01
3.2943318181e-04 9.5397563670e-05 1.7905798651e+01
3.2634843680e-04 9.7925976844e-05 1.7904117532e+01
3.2323025990e-04 1.0039634807e-04 1.7893232934e+01
3.2007976497e-04 1.0280953733e-04 1.7885824134e+01
3.1689786438e-04 1.0516620637e-04 1.7883668498e+01
3.1368545126e-04 1.0746704889e-04 1.7879577618e+01
3.1044323622e-04 1.0971204287e-04 1.7863743417e+01
3.0717409075e-04 1.1190204811e-04 1.7863672625e+01
3.0387799961e-04 1.1403867377e-04 1.7849552565e+01
3.0055588196e-04 1.1612208239e-04 1.7844019612e+01
2.9720877756e-04 1.1815273275e-04 1.7834364448e+01
2.9383829337e-04 1.2013127587e-04 1.7836243284e+01
2.9044504332e-04 1.2205867545e-04 1.7826238338e+01
2.8703024736e-04 1.2393542803e-04 1.7815435015e+01
2.8359462846e-04 1.2576200914e-04 1.7799909882e+01
2.8014022228e-04 1.2753946883e-04 1.7796061349e+01
2.7666682507e-04 1.2926895630e-04 1.7794876729e+01
2.7317481125e-04 1.3094971701e-04 1.7766006835e+01
2.6966709428e-04 1.3258335818e-04 1.7763812212e+01
2.6614304314e-04 1.3416965481e-04 1.7710758823e+01
2.6260581046e-04 1.3571138057e-04 1.7695641263e+01
2.5905412049e-04 1.3720813729e-04 1.7687226381e+01
2.5548897077e-04 1.3866077253e-04 1.7661161412e+01
2.5191196627e-04 1.4007026161e-04 1.7638060480e+01
2.4832359502e-04 1.4143803464e-04 1.7597113546e+01
2.4472349888e-04 1.4276570597e-04 1.7567536321e+01
2.4111106163e-04 1.4405336514e-04 1.7538937469e+01
2.3748703393e-04 1.4530104204e-04 1.7505923278e+01
2.3385163178e-04 1.4650904880e-04 1.7471446647e+01
2.3020582904e-04 1.4767758793e-04 1.7433117349e+01
2.2655052267e-04 1.4880750810e-04 1.7385851255e+01
2.2288610229e-04 1.4989980730e-04 1.7336581186e+01
2.1921269220e-04 1.5095596413e-04 1.7299983527e+01
2.1552868247e-04 1.5197598710e-04 1.7244000792e+01
2.1183504822e-04 1.5295942894e-04 1.7190639879e+01
2.0813229579e-04 1.5390672088e-04 1.7135738710e+01
2.0442090987e-04 1.5481848500e-04 1.7097063863e+01
2.0070086649e-04 1.5569557768e-04 1.7004199001e+01
1.9697138111e-04 1.5653809531e-04 1.6977407685e+01
1.9323329883e-04 1.5734676161e-04 1.7052257048e+01
1.8948509800e-04 1.5812211093e-04 1.7136118388e+01
1.8572548801e-04 1.5886354419e-04 1.7215655118e+01
1.8195391128e-04 1.5956950364e-04 1.7296507542e+01
1.7437944970e-04 1.6087091656e-04 1.7477941889e+01
1.7057819642e-04 1.6146552764e-04 1.7573860795e+01
1.6676835578e-04 1.6202220915e-04 1.7670119381e+01
1.6295077992e-04 1.6254005801e-04 1.7775981274e+01
1.5912750501e-04 1.6301856408e-04 1.7889950542e+01
1.5529989375e-04 1.6345852659e-04 1.8008041666e+01
1.4763351821e-04 1.6422449101e-04 1.8246459223e+01
1.4379566324e-04 1.6455081262e-04 1.8368330071e+01
1.3995533553e-04 1.6483948611e-04 1.8492980099e+01
1.3611288256e-04 1.6509046455e-04 1.8620077294e+01
9.0035379059e-05 1.6509177662e-04 2.0402162082e+01
8.6222406961e-05 1.6483313161e-04 2.0577415366e+01
8.2416761312e-05 1.6453376556e-04 2.0756227588e+01
7.8619072778e-05 1.6419296773e-04 2.0942865809e+01
7.1050394465e-05 1.6338304339e-04 2.1336276464e+01
6.7282644615e-05 1.6291097462e-04 2.1540693693e+01
6.3529170835e-05 1.6239395333e-04 2.1770121572e+01
5.9789993745e-05 1.6183136810e-04 2.2001225830e+01
5.6065698586e-05 1.6122197882e-04 2.2231903591e+01
4.8667022469e-05 1.5985037960e-04 2.2736170958e+01
4.4998402093e-05 1.5908185296e-04 2.2944347647e+01
4.1355247357e-05 1.5824863633e-04 2.2659983641e+01
3.7755389920e-05 1.5734674155e-04 2.2238346732e+01
3.4215917061e-05 1.5638311934e-04 2.1642142622e+01
3.0742677877e-05 1.5536843915e-04 2.0814178793e+01
2.7337107576e-05 1.5431056960e-04 1.9678100157e+01
2.3998988892e-05 1.5321513783e-04 1.8360230867e+01
2.0729051181e-05 1.5208516738e-04 1.6656849511e+01
1.7528727253e-05 1.5092402887e-04 1.4518548037e+01
1.4399312584e-05 1.4973504868e-04 1.1884060758e+01
1.1342062642e-05 1.4852102888e-04 8.2699367602e+00
8.3596516372e-06 1.4728385979e-04 3.5300145148e+00
5.4567790607e-06 1.4602303052e-04 -1.0898115280e-01
2.6333998192e-06 1.4474745147e-04 1.0679838778e-02
-1.0253096446e-07 1.4345525030e-04 -1.0297985506e-02
-2.7475323941e-06 1.4215326494e-04 -2.9635255409e-03
-5.2942958323e-06 1.4084601856e-04 3.6358873793e-02
-7.7346067184e-06 1.3954154068e-04 -3.9568524817e-02
-1.0059525897e-05 1.3824897919e-04 -2.7845017070e-01
-1.2259250962e-05 1.3698560932e-04 4.0587689960e+00
-1.4309729557e-05 1.3578577392e-04 6.1467131749e+01
-1.6231157334e-05 1.3475591604e-04 9.9134076414e+01
-1.8185154427e-05 1.3391665498e-04 9.8589380883e+01
-2.0187158478e-05 1.3320148756e-04 9.8379030004e+01
-2.2235587700e-05 1.3257275956e-04 9.4753023877e+01
-2.4326166410e-05 1.3200696179e-04 9.0858283519e+01
-2.6454225705e-05 1.3148846623e-04 8.6939352300e+01
-2.8615774807e-05 1.3100613522e-04 8.3165854669e+01
-3.0807103161e-05 1.3055205636e-04 7.9661535285e+01
-3.3025125358e-05 1.3012039096e-04 7.6429524848e+01
-3.5267217768e-05 1.2970670482e-04 7.3463071987e+01
-3.7531178239e-05 1.2930753061e-04 7.0735268718e+01
-3.9815110072e-05 1.2892016380e-04 6.8230170346e+01
-4.2117538950e-05 1.2854240067e-04 6.5921517788e+01
-4.4436995590e-05 1.2817238443e-04 6.3801551416e+01
-4.6772380017e-05 1.2780850416e-04 6.1845946566e+01
-4.9122628032e-05 1.2744945816e-04 6.0055436690e+01
-5.1486857981e-05 1.2709407722e-04 5.8425727466e+01
-5.3864229149e-05 1.2674134161e-04 5.6949238415e+01
-5.6254033800e-05 1.2639036679e-04 5.5617170463e+01
-5.8655637751e-05 1.2604035012e-04 5.4429656519e+01
-6.1068438267e-05 1.2569053458e-04 5.3397880676e+01
-6.3491807439e-05 1.2534029543e-04 5.2533048806e+01
-6.5925374775e-05 1.2498900852e-04 5.1786960597e+01
-6.8368589313e-05 1.2463614920e-04 5.1173469298e+01
-7.0821035897e-05 1.2428121009e-04 5.0681928666e+01
-7.3282310939e-05 1.2392370178e-04 5.0292470506e+01
-7.5752022092e-05 1.2356319807e-04 4.9991967383e+01
-7.8229851988e-05 1.2319929395e-04 4.9734375180e+01
-8.0715331616e-05 1.2283162747e-04 4.9555205872e+01
-8.3208258877e-05 1.2245981846e-04 4.9418595937e+01
-8.5708271117e-05 1.2208354950e-04 4.9316854601e+01
-8.8215069781e-05 1.2170249217e-04 4.9245055132e+01
-9.0728366035e-05 1.2131634736e-04 4.9196022288e+01
-9.3247876861e-05 1.2092484325e-04 4.9167715605e+01
-9.5773318199e-05 1.2052772484e-04 4.9167735617e+01
-9.8304486545e-05 1.2012474070e-04 4.9168186588e+01
-1.0084105494e-04 1.1971564279e-04 4.9190968953e+01
-1.0338286011e-04 1.1930017346e-04 4.9217550212e+01
-1.0592957417e-04 1.1887814532e-04 4.9256535949e+01
-1.0848102890e-04 1.1844934099e-04 4.9303570977e+01
-1.1103697830e-04 1.1801355102e-04 4.9356217007e+01
-1.1359719192e-04 1.1757059202e-04 4.9416158333e+01
-1.1616146884e-04 1.1712026387e-04 4.9482360608e+01
-1.1872957823e-04 1.1666237214e-04 4.9555987546e+01
-1.2130132194e-04 1.1619676709e-04 4.9633038039e+01
-1.2387649856e-04 1.1572328871e-04 4.9712859766e+01
-1.2645490137e-04 1.1524176093e-04 4.9797224291e+01
-1.2903631554e-04 1.1475203387e-04 4.9887429570e+01
-1.3162060219e-04 1.1425394934e-04 4.9976283093e+01
-1.3420750732e-04 1.1374737335e-04 5.0069820897e+01
-1.3679688835e-04 1.1323215693e-04 5.0166056166e+01
-1.3938853259e-04 1.1270816704e-04 5.0265868100e+01
-1.4198228043e-04 1.1217525995e-04 5.0366630747e+01
-1.4457795071e-04 1.1163330375e-04 5.0468207743e+01
-1.4717533117e-04 1.1108217860e-04 5.0575280237e+01
-1.4977431351e-04 1.1052175376e-04 5.0684335972e+01
-1.5237470107e-04 1.0995190953e-04 5.0791721965e+01
-1.5497629297e-04 1.0937252490e-04 5.0902167245e+01
-1.5757896900e-04 1.0878347147e-04 5.1014282282e+01
-1.6018254356e-04 1.0818464507e-04 5.1128453465e+01
-1.6278686114e-04 1.0757593931e-04 5.1243657056e+01
-1.6539177300e-04 1.0695723372e-04 5.1359571658e+01
-1.6799711990e-04 1.0632841338e-04 5.1476104002e+01
-1.7060275704e-04 1.0568936613e-04 5.1593527036e+01
-1.7320850068e-04 1.0503999599e-04 5.1714136150e+01
-1.7581425305e-04 1.0438019046e-04 5.1835626750e+01
-1.7841984565e-04 1.0370985907e-04 5.1955620047e+01
-1.8102514213e-04 1.0302888248e-04 5.2076092577e+01
-1.8363000934e-04 1.0233713955e-04 5.2199269336e+01
-1.8623430242e-04 1.0163455758e-04 5.2322260746e+01
-1.8883790733e-04 1.0092102846e-04 5.2444622900e+01
-1.9144068972e-04 1.0019644069e-04 5.2567837231e+01
-1.9404249413e-04 9.9460707711e-05 5.2690634966e+01
-1.9664325931e-04 9.8713708543e-05 5.2814074161e+01
-1.9924283253e-04 9.7955362349e-05 5.2937187818e+01
-2.0184110093e-04 9.7185562889e-05 5.3059617140e+01
-2.0443797559e-04 9.6404209169e-05 5.3181053510e+01
-2.0703331450e-04 9.5611199800e-05 5.3300850712e+01
-2.0962709011e-04 9.4806429987e-05 5.3421450838e+01
-2.1221913629e-04 9.3989825759e-05 5.3538385517e+01
-2.1480941772e-04 9.3161266575e-05 5.3654927804e+01
-2.1739784002e-04 9.2320654433e-05 5.3768762369e+01
-2.1998432116e-04 9.1467898313e-05 5.3880204082e+01
-2.2256880842e-04 9.0602915237e-05 5.3988614070e+01
-2.2515124003e-04 8.9725592875e-05 5.4094303983e+01
-2.2773157460e-04 8.8835839651e-05 5.4194647555e+01
-2.3030978419e-04 8.7933565542e-05 5.4291321925e+01
-2.3288580947e-04 8.7018703576e-05 5.4381434952e+01
-2.3545967700e-04 8.6091126485e-05 5.4470089245e+01
-2.3803134217e-04 8.5150787350e-05 5.4547523905e+01
-2.4060089955e-04 8.4197564118e-05 5.4622074301e+01
-2.4316830987e-04 8.3231429674e-05 5.4683399462e+01
-2.4573365102e-04 8.2252295967e-05 5.4738524748e+01
-2.4829699369e-04 8.1260093671e-05 5.4782197142e+01
-2.5085844477e-04 8.0254787454e-05 5.4815980461e+01
-2.5341810032e-04 7.9236337687e-05 5.4833237230e+01
-2.5597617480e-04 7.8204702084e-05 5.4841722196e+01
-2.5853282451e-04 7.7159902751e-05 5.4826986778e+01
-2.6108828010e-04 7.6101941399e-05 5.4799600410e+01
-2.6364285011e-04 7.5030841669e-05 5.4752238670e+01
-2.6619686373e-04 7.3946710582e-05 5.4680199375e+01
-2.6875073366e-04 7.2849650601e-05 5.4581455006e+01
-2.7130494742e-04 7.1739809830e-05 5.4463822967e+01
-2.7386003479e-04 7.0617414764e-05 5.4303585497e+01
-2.7641678930e-04 6.9482691253e-05 5.4118405540e+01
-2.7897595560e-04 6.8336084368e-05 5.3883113530e+01
-2.8153857314e-04 6.7178066790e-05 5.3606279016e+01
-2.8410580896e-04 6.6009229022e-05 5.3277374105e+01
-2.8667912189e-04 6.4830331041e-05 5.2887288804e+01
-2.8926025554e-04 6.3642392001e-05 5.2427463387e+01
-2.9185150767e-04 6.2446608751e-05 5.1874574159e+01
-2.9445542109e-04 6.1244531385e-05 5.1236341498e+01
-2.9707525909e-04 6.0038348586e-05 5.0470629253e+01
-2.9971607273e-04 5.8830464361e-05 4.9545882005e+01
-3.0238256824e-04 5.7624564085e-05 4.8320927924e+01
-3.0508292812e-04 5.6425416061e-05 4.7512181534e+01
-3.0782730397e-04 5.5240032683e-05 4.3899727269e+01
-3.1062971655e-04 5.4079562582e-05 4.8160592109e+01
-3.1350596415e-04 5.2992470333e-05 2.6613968818e+01
-3.1667553088e-04 5.1905945839e-05 -5.1401680077e+00
-3.2026264228e-04 5.0617665259e-05 9.6782191418e+00
-3.2420292804e-04 4.9057211098e-05 2.0011378505e+01
-3.2846771666e-04 4.7184044730e-05 2.2889058882e+01
-3.3296078120e-04 4.5004263749e-05 2.1004241798e+01
-3.3761306460e-04 4.2565430802e-05 2.0049708176e+01
-3.4241912039e-04 3.9883762911e-05 1.8822784392e+01
-3.4739259003e-04 3.6955173541e-05 1.7535504402e+01
-3.5253227394e-04 3.3785124306e-05 1.7608445934e+01
-3.5793033124e-04 3.0318946934e-05 1.8398111247e+01
-3.6360620456e-04 2.6525760007e-05 1.8729254265e+01
-3.6963072547e-04 2.2328787342e-05 1.8723676205e+01
-3.7605191456e-04 1.7667283659e-05 1.8902224221e+01
-3.8299081707e-04 1.2417874840e-05 1.6821972997e+01
-3.9071550815e-04 6.3963843577e-06 8.2923800975e+00
-3.9600000000e-04 3.0463089129e-20 -9.8053574373e-01
-3.8000000000e-04 2.9850765729e-20 9.7096510644e+00
3.9600000000e-04 1.5308084989e-22 -1.2458394042e+00
-4.5069850538e-05 1.2594341286e-04 5.8969928845e+01
-1.4116227412e-05 1.4686353520e-06 4.6283069195e+01
-5.3913878042e-05 1.4423062238e-06 5.7235513109e+01
1.7668415176e-05 1.4927296084e-06 3.6676712499e+01
-6.7243866601e-05 1.2267600980e-04 4.9042825829e+01
-8.5778715660e-05 1.4298737533e-06 6.2618155462e+01
1.1683526284e-04 1.7283261285e-06 -1.0631832483e-03
-1.1764654947e-04 1.4248630123e-06 6.5014656890e+01
1.4475694325e-04 1.9360788284e-06 1.2871805763e-02
-1.4552455436e-04 1.4251697661e-06 6.5236865095e+01
-1.5329158552e-04 1.0753944822e-04 5.0615774233e+01
1.7276050373e-04 2.1490744695e-06 5.1187684696e+00
1.7597741658e-04 1.5784133250e-04 1.7544402358e+01
2.0079440312e-04 2.3550932307e-06 1.3383461890e+01
2.2885156413e-04 2.5617994294e-06 1.8615135647e+01
2.3487891392e-04 1.4336989436e-04 1.7499497275e+01
2.5700780139e-04 2.7730667400e-06 2.2120198040e+01
2.8426142958e-04 1.2215320508e-04 1.7837240377e+01
2.8083120569e-04 3.0426458744e-06 1.9010123088e+01
-2.8064438565e-04 1.5240513549e-06 3.1346699258e+01
3.0751542509e-04 1.0760709754e-04 1.7887643076e+01
-3.0401557700e-04 1.6120582889e-06 2.2832112902e+01
3.0466138302e-04 3.1126129576e-06 1.7277584159e+01
3.2577833176e-04 9.4251503815e-05 1.7908262070e+01
-2.8496454573e-04 6.3360133186e-05 5.1444982857e+01
3.2454234736e-04 3.2966303034e-06 1.7601456282e+01
3.4343172565e-04 7.7873088109e-05 1.7918682902e+01
-3.4256820615e-04 2.4792495015e-06 1.6922770323e+01
3.4467203960e-04 3.3180853978e-06 1.7600166228e+01
3.5744753178e-04 6.3035162437e-05 1.7916531067e+01
1.0091029048e-04 1.6094735156e-06 1.0760835808e-02
6.9211900272e-05 1.5163020797e-06 2.8358212978e+01
-7.6775807909e-05 1.2167463505e-04 4.8601830694e+01
-9.9499850567e-05 1.1784725946e-04 4.8502331817e+01
9.9877882784e-05 1.6219085134e-04 2.0026125296e+01
1.2996669942e-04 1.6263052401e-04 1.8905544122e+01
-1.8455278747e-04 9.9946818253e-05 5.2097483221e+01
1.9044720254e-04 1.5486486301e-04 1.7255661390e+01
-3.5812255943e-04 3.1892823891e-06 2.3009133695e+01
3.6036299519e-04 3.7314909397e-06 1.7238751253e+01
3.6768350935e-04 4.9714603135e-05 1.7822101537e+01
-3.3074427509e-04 4.3917845835e-05 2.2461875976e+01
-3.4968544691e-04 3.3390109808e-05 1.7230684494e+01
2.9272572253e-04 3.1443073122e-06 1.7056621336e+01
2.4493603702e-04 2.6973373741e-06 2.0728696155e+01
-2.4496339401e-04 1.4594757834e-06 5.1135621301e+01
2.1684733278e-04 2.4845064136e-06 1.6682711356e+01
-2.1715044363e-04 1.4445630958e-06 5.8599370047e+01
1.8880094090e-04 2.2789144746e-06 1.0302967547e+01
1.6077765427e-04 2.0691490469e-06 5.8851491293e-01
1.3279454275e-04 1.8524386456e-06 4.6416087633e-03
-3.6967437492e-04 3.7351983213e-06 1.8288450550e+01
3.7215625724e-04 4.0559542979e-06 1.1892404481e+01
2.9408196405e-04 1.1641335038e-04 1.7869158003e+01
3.3455315873e-04 8.6310154279e-05 1.7915519893e+01
-3.6554698512e-04 2.3171896530e-05 1.8499135423e+01
3.8515065052e-04 2.1926580575e-05 1.6229414433e+01
3.8413011155e-04 4.2846971928e-06 5.5972385422e+00
3.5244499330e-04 3.6069210392e-06 1.7476789405e+01
-3.3484552049e-04 2.1806200716e-06 1.4293990546e+01
3.1670234696e-04 3.0550012306e-06 1.7498957008e+01
-3.1562141127e-04 1.7298946140e-06 2.0459444064e+01
2.3690188259e-04 2.6368381385e-06 1.9724731935e+01
2.0883186160e-04 2.4255932249e-06 1.5145294583e+01
-2.0919841152e-04 1.4406243724e-06 6.0013283523e+01
-1.8135148206e-04 1.4310124970e-06 6.3395642079e+01
1.8079155072e-04 2.2196972585e-06 7.8765236201e+00
1.5277716902e-04 2.0077957340e-06 -1.0560621136e-01
-1.5348791191e-04 1.4259391334e-06 6.5032376436e+01
1.0886770657e-04 1.6677722782e-06 -4.3465647180e-03
1.2481129518e-04 1.7901026680e-06 3.3868235704e-04
7.7134501099e-05 1.5183451075e-06 2.8707309993e+01
4.5407438932e-05 1.5014010978e-06 3.0776222923e+01
9.7276768761e-06 1.4869715169e-06 3.8920421491e+01
-2.6049216769e-05 1.4597543247e-06 4.9931988093e+01
-1.8333301518e-07 1.4085113603e-04 -1.5004294787e-02
-7.2150470886e-05 1.2200293174e-04 4.8583169381e+01
4.0460090929e-05 1.5514481968e-04 2.2399715282e+01
5.9082893003e-05 1.5887617120e-04 2.2095156992e+01
-9.4450755599e-05 1.1850896538e-04 4.8331147935e+01
-1.0429392481e-04 1.1697039792e-04 4.8614788879e+01
-1.2756458991e-04 1.1292933657e-04 4.9493789753e+01
1.0774923765e-04 1.6306665763e-04 1.9698856883e+01
1.2268764747e-04 1.6304732000e-04 1.9151298123e+01
-1.4873912964e-04 1.0891763662e-04 5.0443481903e+01
1.6842891909e-04 1.5949762740e-04 1.7709913506e+01
1.9847769015e-04 1.5339309116e-04 1.7045657859e+01
-1.8970564399e-04 9.8714083773e-05 5.2352530961e+01
2.1293021407e-04 1.4989230030e-04 1.7206510972e+01
2.5287903999e-04 1.3658574378e-04 1.7667069710e+01
2.7680817823e-04 1.2634152807e-04 1.7809691705e+01
3.4935834636e-04 7.1928796779e-05 1.7920947513e+01
-3.0644110456e-04 5.3636253187e-05 4.0070496030e+01
3.6274269922e-04 5.6595410208e-05 1.7886757650e+01
-3.3992916330e-04 3.9085836544e-05 1.9430685121e+01
3.8983484294e-04 1.2714690063e-05 8.4430017958e+00
-3.7903618181e-04 1.3306336239e-05 1.7102906440e+01
-3.8855598102e-04 4.2911868918e-06 1.4117321151e+00
-3.8495878801e-04 4.2567283871e-06 4.2181374813e+00
-3.7800142672e-04 8.3970778298e-06 1.2479524585e+01
-3.7456579992e-04 8.0529517039e-06 1.5066172091e+01
-3.7123298469e-04 1.2222907796e-05 1.7235518661e+01
-3.6489366534e-04 1.5581078612e-05 1.7390242247e+01
-3.6186953053e-04 1.4840517415e-05 1.7312122209e+01
-3.5605467188e-04 1.7677248251e-05 1.7518859075e+01
-3.5327307981e-04 2.1229448195e-05 1.7672795678e+01
-3.4787859189e-04 2.3663469042e-05 1.7534846922e+01
-3.4258512236e-04 2.5951217150e-05 1.9583043755e+01
-3.3989118963e-04 2.4850211458e-05 2.0792760894e+01
-3.3472608694e-04 2.6948836115e-05 2.2504224958e+01
-3.2972299749e-04 2.8907852825e-05 2.2587987948e+01
-3.2895328506e-04 2.4854652697e-05 2.2124087731e+01
-3.2231725949e-04 2.9579109212e-05 2.0057056955e+01
-3.1531242600e-04 3.0160131135e-05 1.6674548239e+01
-3.1269371833e-04 2.9127931759e-05 1.5975406652e+01
-3.0618946446e-04 2.9730586274e-05 1.4561889041e+01
-3.0251996684e-04 3.1251780911e-05 1.4383169473e+01
-2.9752838794e-04 2.9486662920e-05 1.5769246115e+01
-2.9415810485e-04 3.0984797648e-05 1.6175444739e+01
-2.9332947332e-04 3.3285371015e-05 1.4060951238e+01
-2.8917556534e-04 2.9453034817e-05 1.8291447403e+01
-2.8347974700e-04 3.0282691051e-05 2.8587198832e+01
-2.7975243271e-04 3.3985270502e-05 3.3341999770e+01
-2.7505525467e-04 3.0699507201e-05 3.5606860870e+01
-2.7146781680e-04 3.4391679626e-05 3.8886292422e+01
-2.6606979935e-04 3.3425471345e-05 4.1496409018e+01
-2.6298620402e-04 3.5047116695e-05 4.3203041248e+01
-2.5739053094e-04 3.4248813004e-05 4.5325790542e+01
-2.5452224150e-04 3.3897646761e-05 4.6326395506e+01
-2.4858628320e-04 3.5227160585e-05 4.8282154610e+01
-2.4265817990e-04 3.4662440669e-05 4.9867489619e+01
-2.3963701533e-04 3.4413285078e-05 5.0604873233e+01
-2.2484628238e-04 3.8966265230e-05 5.3180165128e+01
-2.2177616402e-04 3.8765603757e-05 5.3639227109e+01
-2.1240576989e-04 3.8243963091e-05 5.4884993466e+01
-2.0651068086e-04 3.9759783689e-05 5.5332194956e+01
-2.0333587785e-04 3.9616728850e-05 5.5652549762e+01
-2.0014050997e-04 3.9483034898e-05 5.5955605722e+01
-1.9369267681e-04 3.9240511672e-05 5.6511851574e+01
-1.9044166959e-04 3.9131427534e-05 5.6765903820e+01
-1.7146906040e-04 4.0326949597e-05 5.7627781075e+01
-1.6657581742e-04 4.3645608788e-05 5.7208833645e+01
-1.6330097102e-04 4.3565179700e-05 5.7333421422e+01
-1.5340899691e-04 4.3353642926e-05 5.7640347539e+01
-1.5009111770e-04 4.3292420332e-05 5.7719675601e+01
-1.4448135498e-04 4.4897621621e-05 5.7492423852e+01
-1.4008320154e-04 4.3134793617e-05 5.7883598871e+01
-1.3673082496e-04 4.3090586603e-05 5.7911766316e+01
-1.3117240814e-04 4.4709071892e-05 5.7598772489e+01
-1.2111509968e-04 4.4613832038e-05 5.7523179317e+01
-1.1775096840e-04 4.4590522902e-05 5.7462840100e+01
-1.0762911006e-04 4.4547858467e-05 5.7156422166e+01
-1.0424365614e-04 4.4543699426e-05 5.7006538058e+01
-9.0224701253e-05 4.7931439314e-05 5.5572721971e+01
-8.6875089211e-05 4.7954378627e-05 5.5283903844e+01
-8.0172277114e-05 4.8020254441e-05 5.4588450072e+01
-7.6820153228e-05 4.8063908379e-05 5.4175570529e+01
-7.3468514130e-05 4.8115047139e-05 5.3714936668e+01
-6.6769205054e-05 4.8241038503e-05 5.2636867856e+01
-6.3422851251e-05 4.8316554025e-05 5.2012571327e+01
-6.0079696724e-05 4.8400719115e-05 5.1326933083e+01
-5.3406186393e-05 4.8596525510e-05 4.9758738617e+01
-5.0077714223e-05 4.8709372603e-05 4.8870309152e+01
-4.0132995267e-05 4.9104845863e-05 4.5759423435e+01
-3.6835791822e-05 4.9256835892e-05 4.4569439732e+01
-2.7009565565e-05 4.9773880626e-05 4.0540308841e+01
-2.2352487541e-05 5.1840142460e-05 3.8147866631e+01
-1.2780937716e-05 5.2518522352e-05 3.3151670547e+01
-9.6255237688e-06 5.2763326620e-05 3.1366369635e+01
-3.3710871385e-06 5.3277271550e-05 2.7982141820e+01
-2.7488070208e-07 5.3545310586e-05 2.4125213087e+01
4.7801641704e-06 5.2095969795e-05 9.9117595471e+00
7.9379465201e-06 5.2383424896e-05 1.9136578520e+00
1.4330647276e-05 5.3004374066e-05 2.0652912765e+00
1.7567655509e-05 5.3337361309e-05 2.2794894153e+00
3.1979417611e-05 5.7051592177e-05 4.5948211274e+00
3.5360238688e-05 5.7491264313e-05 5.4683154361e+00
4.1017516197e-05 5.6115662011e-05 6.8871372084e+00
4.4477385387e-05 5.6576456276e-05 7.9136660060e+00
5.1472625501e-05 5.7543193890e-05 1.0008457379e+01
5.5006050257e-05 5.8049202705e-05 1.1036328528e+01
5.8562120377e-05 5.8569263869e-05 1.2029923765e+01
5.9757563430e-05 6.1009853540e-05 1.2647468902e+01
6.3336699542e-05 6.1570607541e-05 1.3581647993e+01
6.6936172781e-05 6.2144434300e-05 1.4458372008e+01
7.2993948335e-05 6.0781460608e-05 1.5486743687e+01
7.6649429211e-05 6.1364946355e-05 1.6203082109e+01
8.0322392805e-05 6.1958984869e-05 1.6860283152e+01
9.6372855057e-05 6.7119827045e-05 1.9360733687e+01
1.0012199719e-04 6.7779126873e-05 1.9751202126e+01
1.0268928475e-04 6.5709141048e-05 1.9744331837e+01
1.1025620104e-04 6.7012842639e-05 2.0393043295e+01
-3.0593186479e-05 5.3107302350e-05 4.1759619438e+01
1.1405809108e-04 6.7671691598e-05 2.0674513244e+01
2.6479683294e-05 5.8425831312e-05 3.4713004214e+00
-5.0146973285e-05 5.2153338963e-05 4.8622949738e+01
1.1906038227e-04 7.1150242399e-05 2.1219388978e+01
1.2288295138e-04 7.1835067125e-05 2.1437256969e+01
-1.1691980607e-04 4.7959254629e-05 5.6816628596e+01
1.2671597308e-04 7.2522132102e-05 2.1635610311e+01
1.3055895631e-04 7.3210962597e-05 2.1816356697e+01
1.3709710671e-04 7.1685436572e-05 2.1920216376e+01
9.0116237005e-05 6.8505604755e-05 1.8883136105e+01
1.4097057058e-04 7.2360005559e-05 2.2071722947e+01
1.0885360459e-04 7.1907165762e-05 2.0747047079e+01
1.4602248840e-04 7.5975838158e-05 2.2399210131e+01
1.4992056389e-04 7.6671966396e-05 2.2529264050e+01
1.5380495688e-04 7.7357725765e-05 2.2651840640e+01
1.5654231022e-04 7.5058808229e-05 2.2595601987e+01
1.2789765911e-04 7.5409960408e-05 2.1870758935e+01
1.6435689296e-04 7.6397521562e-05 2.2848216705e+01
1.6826720595e-04 7.7061501133e-05 2.2972808307e+01
2.2944058258e-05 5.1914447051e-05 2.6482061060e+00
9.0238249558e-05 6.1167370653e-05 1.8066913739e+01
6.8156339509e-05 5.7727494893e-05 1.4134102714e+01
1.7328724724e-04 8.0745802307e-05 2.2483954938e+01
1.7717623655e-04 8.1400249702e-05 2.2237053342e+01
-7.7109286898e-05 4.4704163437e-05 5.4638774557e+01
1.6661617035e-04 8.2439311330e-05 2.2636237869e+01
1.8105877919e-04 8.2045102808e-05 2.1989129934e+01
1.8387758532e-04 7.9642681135e-05 2.2086839080e+01
1.8954352536e-04 7.4825332718e-05 2.2276546718e+01
1.9344977816e-04 7.5418605156e-05 2.2022745992e+01
1.9734771893e-04 7.6003373267e-05 2.1764821172e+01
2.0411030450e-04 7.4119015194e-05 2.1545508510e+01
2.0799361942e-04 7.4671575201e-05 2.1255757539e+01
1.9917486945e-04 7.0552275492e-05 2.2201443124e+01
2.1186417395e-04 7.5216219280e-05 2.0967090777e+01
2.1572154726e-04 7.5753588777e-05 2.0679575116e+01
2.1956544574e-04 7.6284622782e-05 2.0392204946e+01
2.2154258088e-04 7.0720041938e-05 2.0764362579e+01
2.2539826789e-04 7.1220264511e-05 2.0458863110e+01
2.2631281454e-04 7.4267118797e-05 2.0130350163e+01
2.2923879830e-04 7.1715156543e-05 2.0152259841e+01
2.3600345076e-04 6.9628589999e-05 1.9850808604e+01
2.1376790255e-04 8.1317332820e-05 2.0313827704e+01
2.3981618365e-04 7.0099945850e-05 1.9530341864e+01
2.3895162181e-04 6.7041581055e-05 1.9851157654e+01
2.4276809664e-04 6.7497048001e-05 1.9519049657e+01
2.4361177536e-04 7.0569041459e-05 1.9208149920e+01
2.4738974116e-04 7.1036828758e-05 1.8884446010e+01
1.8211462365e-04 8.5092945078e-05 2.1658696794e+01
-9.0293287706e-06 4.9141409360e-05 3.1831712705e+01
2.5489088407e-04 7.1972961730e-05 1.8233997285e+01
2.5193712802e-04 7.4624638608e-05 1.8283114011e+01
2.5707645811e-04 6.6194278511e-05 1.8454640444e+01
2.6082054682e-04 6.6633581243e-05 1.8105045524e+01
2.6303228134e-04 6.0833501836e-05 1.8300104784e+01
2.6677818025e-04 6.1242855487e-05 1.7920030819e+01
2.7050306443e-04 6.1656487468e-05 1.7552462802e+01
2.7420654442e-04 6.2075768029e-05 1.7117318561e+01
2.6602037570e-04 5.8132806128e-05 1.8200189824e+01
2.7856832059e-04 6.5692394806e-05 1.7255320466e+01
2.8155042941e-04 6.2937058847e-05 1.7315595502e+01
2.8386988584e-04 5.6974136390e-05 1.7300016321e+01
2.8754001603e-04 5.7385044442e-05 1.7423593069e+01
2.9485797154e-04 5.8243928732e-05 1.7617036354e+01
2.9357004300e-04 5.1774084608e-05 1.7522013466e+01
2.9850692358e-04 5.8695459071e-05 1.7692637429e+01
3.0214897713e-04 5.9164388735e-05 1.7759331600e+01
3.0883120294e-04 5.6799031249e-05 1.7841399129e+01
3.0274975805e-04 6.2490272568e-05 1.7787374397e+01
3.0824536261e-04 5.3460460192e-05 1.7819561866e+01
3.1189486270e-04 5.3928051569e-05 1.7866370819e+01
3.1807351837e-04 4.8130330469e-05 1.7909749788e+01
3.1751110104e-04 4.4768176206e-05 1.7893877840e+01
3.2119088368e-04 4.5201197615e-05 1.7926661846e+01
2.7559365546e-04 6.8434571890e-05 1.7164455854e+01
3.0636995342e-04 6.3010314641e-05 1.7836118050e+01
3.0334511535e-04 6.5841369988e-05 1.7810893253e+01
3.2432851469e-04 4.2250084779e-05 1.7938991110e+01
1.6679644408e-05 5.7227093773e-05 2.3293495093e+00
-4.0327474343e-05 5.2579770432e-05 4.5556599903e+01
-1.2685158061e-04 4.8054833288e-05 5.6929279316e+01
-2.1798706364e-04 3.4926924827e-05 5.4535182811e+01
-2.3036750159e-04 3.3777710110e-05 5.2599515854e+01
2.1758607593e-04 8.1871759160e-05 2.0043276131e+01
2.1849324591e-04 8.4954674692e-05 1.9746389828e+01
2.1649844489e-04 9.0585080749e-05 1.9440634545e+01
2.2026141438e-04 9.1166257169e-05 1.9193331538e+01
2.1737806295e-04 9.3703988848e-05 1.9176570402e+01
2.2112364436e-04 9.4294397325e-05 1.8936132305e+01
2.2197225611e-04 9.7437000449e-05 1.8690976570e+01
2.1993492126e-04 1.0314528267e-04 1.8456840359e+01
2.1622630830e-04 1.0252492235e-04 1.8678039764e+01
2.1336332143e-04 1.0505901830e-04 1.8668994370e+01
2.1420830117e-04 1.0822834874e-04 1.8451038150e+01
2.0850559409e-04 1.1328667182e-04 1.8438996572e+01
2.0480969342e-04 1.1262581285e-04 1.8633099218e+01
2.2731475208e-04 1.0438294703e-04 1.8008511501e+01
2.3098500261e-04 1.0500195024e-04 1.7782168615e+01
2.3386465295e-04 1.0241897325e-04 1.7762480313e+01
2.1219039808e-04 1.1394593471e-04 1.8242205196e+01
2.0282517563e-04 1.1832212563e-04 1.8421029290e+01
1.9913737990e-04 1.1764182905e-04 1.8602208091e+01
1.9826976349e-04 1.1446301091e-04 1.8803736590e+01
1.9544060995e-04 1.1695843122e-04 1.8781188251e+01
1.8891487138e-04 1.1875046947e-04 1.8929336676e+01
1.8520609823e-04 1.1804983511e-04 1.9101852919e+01
1.8149066899e-04 1.1734210378e-04 1.9276856191e+01
1.8057238842e-04 1.1417718715e-04 1.9500458624e+01
1.7776842664e-04 1.1662772803e-04 1.9455196730e+01
1.7124395930e-04 1.1834288551e-04 1.9588167731e+01
1.6751740091e-04 1.1760300200e-04 1.9726281019e+01
1.6656840897e-04 1.1443948032e-04 1.9949676362e+01
1.6378812584e-04 1.1685499367e-04 1.9875153927e+01
1.6282840463e-04 1.1369297211e-04 2.0109847272e+01
1.5728742741e-04 1.1849975970e-04 1.9960360218e+01
1.5356204650e-04 1.1772312234e-04 2.0130214398e+01
1.4983502627e-04 1.1693684025e-04 2.0314227260e+01
1.4884823089e-04 1.1377260263e-04 2.0587082296e+01
1.4510818810e-04 1.1297836807e-04 2.0807508565e+01
1.4136855220e-04 1.1216940316e-04 2.1005944110e+01
1.3964657376e-04 1.1768645004e-04 2.0653895378e+01
1.3592794538e-04 1.1685741070e-04 2.0830958510e+01
1.3491916728e-04 1.1368982502e-04 2.1113834866e+01
1.3119385871e-04 1.1285140857e-04 2.1333567391e+01
1.2747078719e-04 1.1200199306e-04 2.1576620353e+01
1.2107970774e-04 1.1343323640e-04 2.1766290075e+01
1.1737480787e-04 1.1254823235e-04 2.2045280380e+01
1.1631843403e-04 1.0938284322e-04 2.2393096580e+01
1.1367516501e-04 1.1165245176e-04 2.2304995981e+01
1.1260938917e-04 1.0848896334e-04 2.2765215474e+01
1.0735302750e-04 1.1299871441e-04 2.2543675992e+01
1.0367981006e-04 1.1206698350e-04 2.2907311693e+01
1.0260947748e-04 1.0889786055e-04 2.2814260255e+01
1.0001257670e-04 1.1112312654e-04 2.2881353082e+01
9.8938532614e-05 1.0796371016e-04 2.2592635678e+01
9.5281358931e-05 1.0702611880e-04 2.2405888399e+01
8.9089379216e-05 1.0826101135e-04 2.2190766590e+01
8.5480156855e-05 1.0730223923e-04 2.1927421331e+01
8.4403850580e-05 1.0420440203e-04 2.1618680320e+01
8.1888175871e-05 1.0634240302e-04 2.1612147436e+01
7.5819181304e-05 1.0749657434e-04 2.1221082970e+01
7.1221022634e-05 1.0346140680e-04 2.0285941804e+01
6.7703524162e-05 1.0250343023e-04 1.9681925499e+01
6.1794261703e-05 1.0358198315e-04 1.8831251467e+01
5.8340201977e-05 1.0260965068e-04 1.7956091405e+01
5.7274405531e-05 9.9650997230e-05 1.7209531619e+01
5.3841418149e-05 9.8711805511e-05 1.6119150841e+01
5.0431430047e-05 9.7780906512e-05 1.4872900077e+01
4.4752945369e-05 9.8787872362e-05 1.2882604357e+01
4.1417486022e-05 9.7858185438e-05 1.1153185574e+01
3.5878208253e-05 9.8820116368e-05 8.2519386835e+00
3.1573973814e-05 9.5163669757e-05 4.8290366856e+00
2.8350990954e-05 9.4304256984e-05 2.3304173473e+00
2.3044839837e-05 9.5272270730e-05 -1.4865968798e-01
1.6822992950e-05 9.3648302157e-05 -5.1903646675e-03
1.3765970032e-05 9.2880796062e-05 3.3076853511e-04
1.2734098488e-05 9.0389891760e-05 1.2134119524e-04
9.7198305126e-06 8.9694069090e-05 -3.2384920097e-03
4.8256129330e-06 9.0769662690e-05 -4.0893203233e-02
-9.3790220866e-07 8.9522289965e-05 -5.9348303327e-01
-3.7631062563e-06 8.8943793893e-05 9.4469596818e+00
-4.7800607247e-06 8.6666620749e-05 1.6270700249e+01
-1.3194220569e-05 8.5161357025e-05 3.1730754743e+01
-1.8892038234e-05 8.4267014944e-05 3.5901939802e+01
-2.3484923001e-05 8.5578057531e-05 3.9078414373e+01
-2.6365123556e-05 8.5195040316e-05 4.0684109688e+01
-3.2161214994e-05 8.4505541250e-05 4.3404121621e+01
-4.5181173298e-05 8.1423452475e-05 4.7298570995e+01
-5.4064435113e-05 8.0871969949e-05 4.8922680667e+01
-5.9995631773e-05 8.0595247427e-05 4.9627571033e+01
-6.2961802297e-05 8.0481794329e-05 4.9892970604e+01
-6.8892377072e-05 8.0299686073e-05 5.0286947581e+01
-7.1855710597e-05 8.0229598441e-05 5.0428362525e+01
-7.7776567107e-05 8.0127969902e-05 5.0627268803e+01
-8.0733203263e-05 8.0094895064e-05 5.0693876601e+01
-8.6637132142e-05 8.0062676226e-05 5.0779972162e+01
-8.9583511183e-05 8.0061889337e-05 5.0805644767e+01
-9.5464011443e-05 8.0090334253e-05 5.0834256481e+01
-9.8397420079e-05 8.0118317632e-05 5.0841154336e+01
-1.0424899451e-04 8.0200286767e-05 5.0847718781e+01
-1.0716642174e-04 8.0254456058e-05 5.0849589899e+01
-3.9642796979e-05 8.5680689073e-05 4.6223708846e+01
-1.1298317079e-04 8.0386901094e-05 5.0855100071e+01
3.0432403289e-05 9.9748384576e-05 4.6384857827e+00
-6.3002605691e-05 8.4257728279e-05 4.9692230504e+01
-1.1877348889e-04 8.0551340595e-05 5.0866868169e+01
-1.2165798870e-04 8.0644960640e-05 5.0876219618e+01
-1.2740367024e-04 8.0856603490e-05 5.0902849756e+01
-1.3026408875e-04 8.0974379595e-05 5.0920479207e+01
-1.4076372684e-04 7.9519904986e-05 5.1282731928e+01
-1.5050970868e-04 7.6146219290e-05 5.1887694711e+01
-1.5335611882e-04 7.6313842038e-05 5.1898524946e+01
1.2580279929e-04 1.1748260585e-04 2.1164532153e+01
-1.3610922209e-04 7.5433426234e-05 5.1856216471e+01
-1.5901148199e-04 7.6676157333e-05 5.1925087667e+01
-1.6181952212e-04 7.6871471199e-05 5.1940900641e+01
-1.6676189424e-04 7.5246834575e-05 5.2191492496e+01
-1.6830417159e-04 7.1407555483e-05 5.2662997635e+01
-1.7233225511e-04 7.5687992918e-05 5.2210975682e+01
-1.7509412746e-04 7.5925062997e-05 5.2223224250e+01
-1.4442908552e-04 8.1685559656e-05 5.1053749168e+01
1.5452146988e-04 1.2089554530e-04 1.9891476442e+01
6.6623244949e-05 9.9508648149e-05 1.9115777607e+01
-1.8180943431e-04 7.0480762135e-05 5.2799857347e+01
-1.8458873800e-04 7.0728965059e-05 5.2777291754e+01
-1.9009128649e-04 7.1263672167e-05 5.2735825624e+01
-1.9477255254e-04 6.7670518947e-05 5.2998652158e+01
-1.9990742749e-04 6.6172818899e-05 5.3046371811e+01
-2.0263576561e-04 6.6476137957e-05 5.2983728564e+01
9.0549347035e-05 1.0298611616e-04 2.1920984532e+01
-2.0802227428e-04 6.7131540859e-05 5.2865026311e+01
-1.5762758910e-04 8.0555906653e-05 5.1454069646e+01
-2.1313366688e-04 6.5709932785e-05 5.2816780342e+01
-2.1577076745e-04 6.6083974331e-05 5.2748288603e+01
-2.1813411878e-04 6.2180462467e-05 5.2751533837e+01
-2.2078265363e-04 6.2558324830e-05 5.2641341619e+01
1.7587889015e-04 1.2225273712e-04 1.9196170719e+01
1.2643802083e-04 1.0884401882e-04 2.1938560964e+01
-2.2595930049e-04 6.1207716765e-05 5.2411004741e+01
2.4116578077e-04 1.0364157903e-04 1.7298436509e+01
2.3540865827e-04 1.0883932134e-04 1.7359112895e+01
-2.3111524602e-04 6.2079312857e-05 5.2177781168e+01
4.0191000994e-05 1.0261675843e-04 1.1555041949e+01
8.0417144237e-05 1.1160360555e-04 2.1944090930e+01
1.0838864981e-04 1.1618088363e-04 2.2133505820e+01
1.2819187660e-04 6.7502089183e-05 2.1314225413e+01
1.5538105262e-04 7.2102521487e-05 2.2410976200e+01
3.6396222262e-05 5.3430432600e-05 5.3811198808e+00
-1.7618340413e-04 8.0101940054e-05 5.1896102157e+01
3.0695172133e-04 6.6393628382e-05 1.7856395617e+01
1.9347094535e-04 1.2263647085e-04 1.8565957773e+01
2.4479416119e-04 1.0425714782e-04 1.7043539305e+01
3.2006648714e-04 3.8484853183e-05 1.7892480040e+01
3.1634153192e-04 3.8121945773e-05 1.7848461012e+01
-2.3899301373e-04 5.6900839402e-05 5.1368132945e+01
-2.4402252000e-04 5.7905454990e-05 5.1016131271e+01
2.0679121962e-04 1.0694322070e-04 1.8863975487e+01
-2.4916957024e-04 5.6763492208e-05 5.0379306226e+01
2.4552562843e-04 1.0749852582e-04 1.7063288735e+01
2.4840713733e-04 1.0487687085e-04 1.7099499938e+01
3.0753035709e-04 6.9802853238e-05 1.7870989646e+01
3.1947872414e-04 3.5165937567e-05 1.7868040050e+01
3.1573005595e-04 3.4836470692e-05 1.7818321677e+01
1.8597362112e-04 8.5733453547e-05 2.1432998866e+01
2.4912554594e-04 1.0813331412e-04 1.7223088478e+01
2.5489415416e-04 1.0286398316e-04 1.7268441839e+01
-2.5705171611e-04 5.4025881781e-05 4.8904896360e+01
1.8711550537e-04 1.1241507153e-04 1.9357293037e+01
2.6225278512e-04 5.7742107033e-05 1.8593736333e+01
2.6145688885e-04 5.4670907116e-05 1.8902294042e+01
2.6364818527e-04 4.8925175814e-05 1.9121000957e+01
2.6197859124e-04 4.2890824962e-05 1.9813400555e+01
2.5809859136e-04 4.2592289092e-05 2.0291760947e+01
2.6111575749e-04 3.9905306722e-05 2.0184420671e+01
2.5721308592e-04 3.9624840440e-05 2.0680486288e+01
2.6499674685e-04 4.0184241931e-05 1.9680781148e+01
2.5419733571e-04 4.2291572664e-05 2.0763027034e+01
2.5328905947e-04 3.9341254383e-05 2.1166873366e+01
2.4934400335e-04 3.9053205618e-05 2.1646406274e+01
2.4537851998e-04 3.8758928205e-05 2.2105001496e+01
2.4139288895e-04 3.8457481103e-05 2.2592492785e+01
2.3438689699e-04 4.0706407652e-05 2.2930409244e+01
2.3036898696e-04 4.0365498852e-05 2.2816611571e+01
2.2634111683e-04 4.0018024602e-05 2.2597567049e+01
2.2230731987e-04 3.9665633988e-05 2.2412645464e+01
2.1826699017e-04 3.9308388927e-05 2.2218603168e+01
2.1422439091e-04 3.8946860207e-05 2.2022252394e+01
1.9697395034e-04 3.4758601490e-05 2.0818836438e+01
1.9293897491e-04 3.4405310233e-05 2.0557180719e+01
1.8890851668e-04 3.4050938962e-05 2.0281012291e+01
1.8488305627e-04 3.3695495540e-05 1.9990304077e+01
1.8086240713e-04 3.3339159898e-05 1.9684896986e+01
1.7684674712e-04 3.2981656622e-05 1.9365004226e+01
1.6991811171e-04 3.4833190347e-05 1.9236783830e+01
1.6591945460e-04 3.4453478672e-05 1.8909969005e+01
1.6192682098e-04 3.4073462910e-05 1.8571442270e+01
1.5794055628e-04 3.3693357147e-05 1.8222073013e+01
1.5396100294e-04 3.3313401196e-05 1.7862686556e+01
1.5287166282e-04 3.0829766669e-05 1.7172099054e+01
1.4998765781e-04 3.2933937806e-05 1.7495161583e+01
1.4889848111e-04 3.0470878349e-05 1.6771343538e+01
1.4493275836e-04 3.0113480646e-05 1.6365024937e+01
1.4097496450e-04 2.9756977084e-05 1.5955719188e+01
1.3702557557e-04 2.9401811352e-05 1.5546834074e+01
1.3024782652e-04 3.1054168845e-05 1.5601452045e+01
1.2632729101e-04 3.0684765882e-05 1.5228481226e+01
1.2241712005e-04 3.0318745557e-05 1.4862718807e+01
1.1851780609e-04 2.9956714777e-05 1.4507575632e+01
1.1462984254e-04 2.9599360369e-05 1.4163023655e+01
9.8099991454e-05 2.6047575626e-05 1.2046716066e+01
9.4273964076e-05 2.5747616336e-05 1.1722689431e+01
9.0461008645e-05 2.5457618607e-05 1.1349777015e+01
8.6660997332e-05 2.5178452549e-05 1.0899788834e+01
8.2874175813e-05 2.4910937571e-05 1.0340364006e+01
7.6448348751e-05 2.6460892033e-05 9.7117725967e+00
7.2703725481e-05 2.6207704922e-05 8.8024078781e+00
6.8971980818e-05 2.5967446416e-05 7.7679910615e+00
6.1550372399e-05 2.5525637761e-05 5.4063440934e+00
5.7862470473e-05 2.5323742602e-05 4.1353857343e+00
5.4190354858e-05 2.5134520374e-05 2.8648046671e+00
5.0537425952e-05 2.4957264038e-05 1.5670300194e+00
3.6127425634e-05 2.4368423009e-05 -1.3086452477e-01
3.2581181106e-05 2.4250354315e-05 5.0922580194e-01
1.8604679903e-05 2.3880302948e-05 2.8716719173e+01
-4.6619958866e-07 2.1788013166e-05 3.6180912463e+01
-4.0673746660e-06 2.1714041156e-05 3.7515390233e+01
-1.8579624858e-05 2.1435237722e-05 4.2863349110e+01
-2.2231881887e-05 2.1370223152e-05 4.4164132158e+01
-3.6922068047e-05 2.1134410768e-05 4.9031877334e+01
-4.0612225979e-05 2.1082474531e-05 5.0141788980e+01
-4.4308273727e-05 2.1033350240e-05 5.1202113006e+01
-5.5421736064e-05 2.0904480896e-05 5.4065760674e+01
-5.9139612320e-05 2.0866780000e-05 5.4913023388e+01
-6.2858764823e-05 2.0832311686e-05 5.5705088905e+01
-6.6579991777e-05 2.0800859388e-05 5.6442810623e+01
-7.7755991292e-05 2.0723171034e-05 5.8340738831e+01
-8.1484316160e-05 2.0702551175e-05 5.8872940539e+01
-8.5213516933e-05 2.0684394314e-05 5.9357660442e+01
-8.8943235399e-05 2.0668640116e-05 5.9796751908e+01
-9.6402849640e-05 2.0643896771e-05 6.0545622814e+01
-1.0013211374e-04 2.0634721637e-05 6.0859256334e+01
-1.0386061483e-04 2.0627581920e-05 6.1134906211e+01
-1.0758806362e-04 2.0622360394e-05 6.1374405192e+01
-1.1280809489e-04 2.2145893014e-05 6.1383044715e+01
-1.1876135816e-04 2.0617593854e-05 6.1893421809e+01
-1.2248191678e-04 2.0619396094e-05 6.2005244957e+01
-1.2620010603e-04 2.0622827975e-05 6.2088872777e+01
-1.2991569898e-04 2.0627809755e-05 6.2145548791e+01
-1.3498022718e-04 2.2170240531e-05 6.1903893440e+01
-1.4104439384e-04 2.0651888881e-05 6.2164534315e+01
-1.4474708917e-04 2.0662886149e-05 6.2123395746e+01
-1.4844592039e-04 2.0675392902e-05 6.2059600009e+01
-1.5213933321e-04 2.0689534481e-05 6.1973653237e+01
1.3135448533e-04 3.3450018432e-05 1.6376636112e+01
1.8706266927e-04 3.9030698781e-05 2.0796764297e+01
9.6486955270e-05 3.0112960326e-05 1.3259525734e+01
-1.5951338543e-04 2.0721066314e-05 6.1736552682e+01
-1.6319666525e-04 2.0738741914e-05 6.1585389538e+01
-1.6687297728e-04 2.0758735260e-05 6.1412385123e+01
-1.7054266198e-04 2.0781083020e-05 6.1217226913e+01
2.4039559191e-04 3.5573504042e-05 2.2936627317e+01
2.1207957343e-04 3.3394014895e-05 2.1465715760e+01
1.0856448877e-04 2.4786991898e-05 1.1992932494e+01
6.3004952814e-05 2.1823311223e-05 4.1522433784e+00
4.8244793973e-05 2.1221867797e-05 -9.4197752929e-02
-7.2314659956e-05 1.9229352795e-05 5.7732217159e+01
-1.7680674879e-04 1.9271282429e-05 6.1093034696e+01
-1.8147729622e-04 2.0858290290e-05 6.0497167069e+01
-1.8512535704e-04 2.0892127419e-05 6.0207093311e+01
-1.8877524042e-04 2.0919085347e-05 5.9891744971e+01
-1.9514240601e-04 1.9413356293e-05 5.9514492168e+01
-1.9963634174e-04 2.1035673616e-05 5.8776008117e+01
1.9915268632e-04 4.0215861032e-05 2.1469474870e+01
8.5093948500e-05 2.9140363395e-05 1.1888004428e+01
2.6732781000e-05 2.5822019369e-05 9.9045433066e+00
-9.2331410633e-06 2.0000894222e-05 3.9898125196e+01
1.7175805218e-04 3.0069855013e-05 1.8448277668e+01
-2.0323671488e-04 2.1078932999e-05 5.8342237113e+01
2.6716255796e-04 3.4478670838e-05 1.9882337677e+01
2.7104408638e-04 3.4718207659e-05 1.9322003786e+01
-2.0682265645e-04 2.1126385728e-05 5.7874324227e+01
-2.1325330122e-04 1.9618352065e-05 5.7150778943e+01
-2.3100336691e-04 1.9938255513e-05 5.3688407052e+01
-2.3452053478e-04 2.0016832307e-05 5.2817180642e+01
-2.1538656577e-04 1.6480326659e-05 5.7214198392e+01
2.7019001361e-04 3.1737583584e-05 1.9678703388e+01
-2.2632335174e-04 1.6620012531e-05 5.5105417385e+01
2.2738488619e-04 4.2888635557e-05 2.2849899505e+01
3.1509869074e-04 3.1575637749e-05 1.7785791916e+01
2.5848622435e-04 1.0349335541e-04 1.7368525128e+01
2.5778774887e-04 1.0021571812e-04 1.7293330608e+01
2.6137978017e-04 1.0083685138e-04 1.7393992205e+01
-2.4488098701e-04 2.0322718306e-05 4.9771196904e+01
-2.4771551354e-04 1.7043122526e-05 4.9027663767e+01
2.3675186966e-04 9.9827835840e-05 1.7740005705e+01
-2.6219038653e-04 5.3040714543e-05 4.7845475246e+01
3.0153336885e-04 7.5423388439e-05 1.7831139879e+01
2.9916191467e-04 8.1627874576e-05 1.7829595659e+01
2.9262444219e-04 8.3754380534e-05 1.7768227804e+01
3.1111554043e-04 7.0414941803e-05 1.7896497409e+01
2.8967509428e-04 8.6506792704e-05 1.7746605752e+01
2.9031158118e-04 8.9905271248e-05 1.7773954671e+01
2.7709867140e-04 2.9177996431e-05 1.8812029965e+01
2.8095580213e-04 2.9382804697e-05 1.8184466735e+01
-2.6730618833e-04 5.2133940260e-05 4.6606259577e+01
-2.6133454216e-04 1.5797163823e-05 4.3133899540e+01
-2.6809587212e-04 1.6098883963e-05 3.9217582959e+01
-2.7140108158e-04 1.6283201987e-05 3.7022837166e+01
-2.3387652692e-04 3.9664977734e-05 5.1668335790e+01
-1.7723098637e-04 8.4355101770e-05 5.1668283660e+01
2.6207390388e-04 1.0413779482e-04 1.7457224053e+01
-1.7987137464e-04 8.4651914465e-05 5.1739522257e+01
2.8478970651e-04 2.9593501817e-05 1.7563900658e+01
-2.2098432629e-04 2.1357467417e-05 5.5615936456e+01
-2.7464816947e-04 1.6494717426e-05 3.4638779993e+01
3.2203097270e-04 2.8883198317e-05 1.7852859685e+01
3.2581393201e-04 2.9178612376e-05 1.7886193956e+01
3.1469106006e-04 7.1056376198e-05 1.7914712423e+01
2.8012551450e-04 2.6379259554e-05 1.8485323985e+01
-1.7246253872e-04 8.5931195973e-05 5.1435027942e+01
2.6565758221e-04 1.0479849899e-04 1.7535655382e+01
1.8417228307e-04 9.1230437776e-05 2.1046174284e+01
2.1272216333e-04 9.0000009928e-05 1.9687389698e+01
2.3936955300e-04 4.3949898791e-05 2.2119957727e+01
2.8859991308e-04 2.9811849447e-05 1.7040492176e+01
3.0273415473e-04 8.2290908300e-05 1.7858814062e+01
-2.8029944207e-04 4.9113360411e-05 4.1721385078e+01
-2.8094281931e-04 1.7017082963e-05 2.9199080733e+01
-2.8437234688e-04 1.5394161551e-05 2.7014569655e+01
2.8936467347e-04 3.2884451544e-05 1.7043396266e+01
3.1197438351e-04 3.4523255406e-05 1.7759902584e+01
2.9239531751e-04 3.0037869880e-05 1.7233494190e+01
-1.8510245997e-04 8.5286636074e-05 5.1894060277e+01
3.1524730661e-04 7.4562373282e-05 1.7915556631e+01
2.6635077329e-04 1.0814563192e-04 1.7584084402e+01
2.5347081062e-04 8.0919320934e-05 1.7767756225e+01
2.9388244993e-04 9.0585596037e-05 1.7812861624e+01
2.9095108995e-04 9.3327569337e-05 1.7796554196e+01
-2.9040583051e-04 1.6071499966e-05 1.7053704924e+01
-2.8531294195e-04 4.8579523531e-05 3.9490690761e+01
3.2521146703e-04 2.5866793073e-05 1.7856835886e+01
3.2901384549e-04 2.6143219038e-05 1.7880603477e+01
2.9466371925e-04 2.4094622304e-05 1.7236275168e+01
2.9849076902e-04 2.4284364863e-05 1.7349056307e+01
2.8609219172e-04 8.5877826195e-05 1.7692235159e+01
2.4977059578e-04 8.0405874784e-05 1.8062718466e+01
1.8033930271e-04 9.0572321732e-05 2.1254520475e+01
1.8135735366e-04 9.3656693385e-05 2.0962456875e+01
-1.6699356474e-04 6.7430384272e-05 5.3194599855e+01
-1.6408637330e-04 6.7256915294e-05 5.3229125839e+01
-1.6788432969e-04 6.1762264473e-05 5.4031831614e+01
-1.7085255015e-04 6.1923283629e-05 5.3966682265e+01
-1.7250463733e-04 5.8249836220e-05 5.4502497748e+01
-1.7550482029e-04 5.8407869982e-05 5.4413323977e+01
-1.7094071685e-04 8.9954889258e-05 5.1219074539e+01
-1.6831219595e-04 8.9674394719e-05 5.1119273664e+01
1.7473665417e-04 9.5396247787e-05 2.1075611896e+01
-2.9340432448e-04 1.6465403559e-05 1.7972447267e+01
-2.9937471856e-04 1.7377682805e-05 1.7700559893e+01
-3.0325912029e-04 1.5654438974e-05 1.7815300095e+01
3.2180839028e-04 7.2436338772e-05 1.7929158077e+01
-2.9027486513e-04 4.8190559233e-05 3.6957682336e+01
-1.9026437393e-04 8.5979771682e-05 5.2067422747e+01
2.5715194128e-04 8.1436626230e-05 1.7480880220e+01
2.6746098274e-04 4.9261480518e-05 1.8673458162e+01
3.2431684902e-04 6.6019082939e-05 1.7941268219e+01
3.3092221374e-04 6.3840545051e-05 1.7938941178e+01
3.3399454174e-04 6.0942510216e-05 1.7936639845e+01
3.3353674696e-04 5.7329170937e-05 1.7950446578e+01
3.3708668002e-04 5.8026225222e-05 1.7930418049e+01
3.3978587319e-04 5.1438257249e-05 1.7934188043e+01
3.4333675741e-04 5.2132150719e-05 1.7902917603e+01
3.4294687922e-04 4.8458446507e-05 1.7915511798e+01
3.4649832955e-04 4.9150409430e-05 1.7878667234e+01
3.4935075439e-04 4.2414777974e-05 1.7848456376e+01
3.4900716052e-04 3.8723326533e-05 1.7851280033e+01
3.5260035754e-04 3.9344351208e-05 1.7794948419e+01
3.5228269153e-04 3.5622914364e-05 1.7790909239e+01
3.4865019011e-04 3.5067699823e-05 1.7842824143e+01
3.5158832360e-04 2.8294803073e-05 1.7749547950e+01
3.5894887550e-04 2.9288797809e-05 1.7602558304e+01
-1.5366766831e-04 6.2963397666e-05 5.3977296991e+01
-1.4978398291e-04 6.0963627150e-05 5.4361622835e+01
-1.4457504885e-04 6.2616142875e-05 5.4095344661e+01
-1.4152123241e-04 6.2514700367e-05 5.4128020050e+01
-1.3538477050e-04 6.2330627589e-05 5.4181595733e+01
-1.3230280389e-04 6.2247563961e-05 5.4201643931e+01
-1.2611165254e-04 6.2101588857e-05 5.4224916821e+01
-1.2300391284e-04 6.2037641551e-05 5.4226926766e+01
-1.1676581506e-04 6.1929558758e-05 5.4207034211e+01
-1.1363650206e-04 6.1884734520e-05 5.4183177371e+01
-1.0735914545e-04 6.1815216764e-05 5.4101070668e+01
-1.0421198425e-04 6.1790592679e-05 5.4039821465e+01
-9.9206454116e-05 6.3549302504e-05 5.3615921584e+01
-9.4741662745e-05 6.1760279876e-05 5.3752990418e+01
-9.1576717576e-05 6.1765413437e-05 5.3615620689e+01
-8.5237028003e-05 6.1802850245e-05 5.3262009759e+01
-8.2063636482e-05 6.1832244066e-05 5.3040079072e+01
-7.5711504904e-05 6.1922882968e-05 5.2487231837e+01
-7.2534208662e-05 6.1980630671e-05 5.2148897599e+01
-6.9356622211e-05 6.2051876432e-05 5.1763148367e+01
-6.3003842727e-05 6.2223737540e-05 5.0831931834e+01
-5.9829948191e-05 6.2329429141e-05 5.0276329097e+01
-5.3491143770e-05 6.2576278871e-05 4.8959773427e+01
-5.0327912076e-05 6.2719100118e-05 4.8188382033e+01
-4.0874160113e-05 6.3231757948e-05 4.5361651865e+01
-2.7045642715e-05 6.6090405058e-05 3.9583783046e+01
-2.3980592471e-05 6.6369138782e-05 3.7998554368e+01
-1.7896268584e-05 6.6973856737e-05 3.4512080394e+01
-1.3096976009e-05 6.5586431265e-05 3.1582889951e+01
-8.9024861286e-06 6.7993011507e-05 2.8410258447e+01
-4.1368577807e-06 6.6627304112e-05 2.2916077507e+01
-1.1555482769e-06 6.7004027563e-05 1.1710419911e+01
4.8844036202e-06 6.7807411745e-05 2.1546384153e+00
9.0802553669e-06 7.0451522722e-05 8.7498312004e-01
1.2172745979e-05 7.0928451191e-05 5.8610160121e-01
1.8455084376e-05 7.1944394010e-05 8.6170862721e-01
2.3722672304e-05 7.0685403729e-05 2.2109525498e+00
2.6974080850e-05 7.1237045865e-05 3.0841300273e+00
3.0257292215e-05 7.1807516504e-05 4.1449373839e+00
4.1452473966e-05 7.6148323819e-05 8.5415450277e+00
4.4852028400e-05 7.6824715823e-05 9.8997965292e+00
5.0568479048e-05 7.5616236075e-05 1.1771006237e+01
5.4045690116e-05 7.6306387734e-05 1.2947587975e+01
5.8719202071e-05 7.9681941996e-05 1.4697452519e+01
6.2242395600e-05 8.0429286722e-05 1.5682774790e+01
6.8175471517e-05 7.9203447226e-05 1.6825137160e+01
7.1758429484e-05 7.9954522141e-05 1.7591221416e+01
7.5360473626e-05 8.0712127187e-05 1.8281447507e+01
8.0148344593e-05 8.4306846484e-05 1.9349061083e+01
8.7429581945e-05 8.5910714667e-05 2.0317442978e+01
8.9934317595e-05 8.3822343924e-05 2.0362944971e+01
9.3618374450e-05 8.4612461030e-05 2.0745787489e+01
1.0102827274e-04 8.6202198319e-05 2.1386877405e+01
-7.2362105345e-05 6.5544442691e-05 5.1802958863e+01
-5.0444601795e-05 6.6308382473e-05 4.8160994865e+01
-4.1107638821e-05 6.6848187117e-05 4.5461414147e+01
-3.1842806954e-05 6.7533651952e-05 4.1867187106e+01
-4.8062823987e-06 7.0477398269e-05 2.2743103739e+01
4.1145352795e-06 7.1749108179e-05 1.4543186706e+00
2.2782794612e-05 7.4848118666e-05 1.3355837664e+00
3.2560427187e-05 7.6687846524e-05 4.9014582562e+00
1.0219233449e-04 8.9159077700e-05 2.1655680896e+01
-1.3963461716e-04 5.8825082503e-05 5.4830354260e+01
7.7689942607e-05 8.6360090781e-05 1.9241069871e+01
-1.3024727117e-04 5.8598161292e-05 5.4899410724e+01
1.0965040075e-04 9.0799606919e-05 2.2106631878e+01
1.1223996881e-04 8.8609551844e-05 2.2085942952e+01
1.1600173293e-04 8.9414129499e-05 2.2266632434e+01
1.2092937551e-04 9.3260583990e-05 2.2606489485e+01
1.2470946222e-04 9.4082742239e-05 2.2737442507e+01
1.3229373578e-04 9.5714968104e-05 2.2943692810e+01
1.3496317135e-04 9.3425948695e-05 2.2972934165e+01
2.9314350821e-04 3.3134158469e-05 1.7294596529e+01
3.5866104095e-04 2.5541015363e-05 1.7565981180e+01
3.6234641893e-04 2.6038305880e-05 1.7455470970e+01
2.6992777042e-04 1.0884851206e-04 1.7644086058e+01
2.6704741672e-04 1.1151512431e-04 1.7625963056e+01
2.9451652754e-04 9.4037197064e-05 1.7828801843e+01
-1.8087396304e-04 5.6827345960e-05 5.4512330035e+01
-1.8682087235e-04 5.7186877436e-05 5.4285192159e+01
-1.8976631856e-04 5.7382127926e-05 5.4165286041e+01
-1.8573296377e-04 5.3355333335e-05 5.4851639690e+01
-2.9417623627e-04 4.4484626260e-05 3.0304312972e+01
5.2888505230e-05 8.0874474506e-05 1.3149400680e+01
-2.0020804304e-04 5.2371541677e-05 5.4306374571e+01
-2.0315509302e-04 5.2585567592e-05 5.4117143341e+01
-2.0897890117e-04 5.3053504477e-05 5.3720184833e+01
1.3877652708e-04 9.4219000088e-05 2.2811715018e+01
-3.0632243039e-04 1.6160157827e-05 1.7893510347e+01
3.2458456744e-04 2.2581208376e-05 1.7823681257e+01
3.3280924205e-04 2.6437974017e-05 1.7891147176e+01
2.9771282438e-04 2.1204804683e-05 1.7288471287e+01
3.0155793088e-04 2.1375642843e-05 1.7411379355e+01
-1.9500715086e-04 8.4508065146e-05 5.2251384580e+01
1.3379011190e-04 9.0347186701e-05 2.2809775839e+01
-1.9946244170e-04 8.0846094320e-05 5.2422684062e+01
1.9082947982e-04 8.9437325796e-05 2.0871680112e+01
2.9386807843e-04 2.1039624859e-05 1.7151473667e+01
-2.0428316276e-04 7.9422076581e-05 5.2554448572e+01
-2.0681404208e-04 7.9836988147e-05 5.2615748162e+01
-1.5833700741e-04 9.0790989532e-05 5.0663859394e+01
-1.5438995084e-04 9.4590277423e-05 5.0343986689e+01
-1.4908413900e-04 9.4138665346e-05 5.0114386392e+01
-1.4373665855e-04 9.3727760248e-05 4.9899418661e+01
-1.4104822538e-04 9.3536940897e-05 4.9797789653e+01
-1.3564373865e-04 9.3183436322e-05 4.9607262832e+01
-1.3109153013e-04 9.4944486429e-05 4.9299224643e+01
-1.2748291632e-04 9.8823874371e-05 4.8912445192e+01
-1.2211797854e-04 9.8534827238e-05 4.8689150915e+01
-1.1672730102e-04 9.8281476397e-05 4.8490793259e+01
-1.0859910732e-04 9.7967839732e-05 4.8249871642e+01
-1.0423711214e-04 9.9855889425e-05 4.7937091399e+01
-9.8821082591e-05 9.9715341448e-05 4.7822902873e+01
-9.6107441470e-05 9.9659084993e-05 4.7783383860e+01
-9.0670327255e-05 9.9575613320e-05 4.7743130819e+01
-8.5221420825e-05 9.9532520266e-05 4.7758500108e+01
-8.2493164155e-05 9.9526940509e-05 4.7787935609e+01
-7.7030056668e-05 9.9549742006e-05 4.7889928755e+01
-7.1559402380e-05 9.9621794337e-05 4.8044278242e+01
-6.8821695145e-05 9.9677844082e-05 4.8137138707e+01
-6.3342361062e-05 9.9832244922e-05 4.8339918917e+01
-4.5726692010e-05 1.0281055853e-04 4.8656929347e+01
-4.0292983770e-05 1.0330159745e-04 4.8432852376e+01
-3.4867285086e-05 1.0390927526e-04 4.7728171203e+01
-3.2159956411e-05 1.0426262333e-04 4.7116925886e+01
-2.7745102557e-05 1.0288515554e-04 4.5071000833e+01
-2.2334793095e-05 1.0381687963e-04 4.2123674529e+01
-1.3502115623e-05 1.0783881365e-04 3.4322676199e+01
-8.3380052466e-06 1.0921967692e-04 1.8480355010e+01
-3.8226193315e-06 1.0831592675e-04 -1.0962929397e+00
-3.0651353442e-07 1.1171140643e-04 -8.1273553789e-02
5.2705045316e-06 1.1367130836e-04 1.2229463342e-04
1.0211212130e-05 1.1301301013e-04 2.7048503089e-03
1.3129039867e-05 1.1409119704e-04 -1.5325913239e-02
1.3899425422e-05 1.1696060317e-04 3.9849134681e-02
1.6839862055e-05 1.1812429974e-04 -2.3351414126e-01
2.2073873454e-05 1.1750419548e-04 2.6046215671e+00
2.2816116579e-05 1.2051718450e-04 5.9578856754e+00
2.5853146915e-05 1.2173572649e-04 9.7416961803e+00
3.1303320483e-05 1.2107839598e-04 1.3262145329e+01
3.4444518747e-05 1.2228518985e-04 1.5548496756e+01
3.5165681127e-05 1.2543345070e-04 1.7332296139e+01
4.1546111653e-05 1.2790037639e-04 2.0091034235e+01
4.4063246235e-05 1.2591309447e-04 1.9989034797e+01
5.1374177568e-05 1.3155266572e-04 2.2205522206e+01
5.4716491753e-05 1.3275125367e-04 2.2564733117e+01
5.7341128912e-05 1.3067501281e-04 2.2436775225e+01
-4.9982128438e-05 1.0451573448e-04 4.8543583036e+01
8.8515504942e-06 1.1754908874e-04 4.0772996488e-03
6.4925487047e-05 1.3626397224e-04 2.2318840810e+01
1.7542304646e-05 1.2110722327e-04 4.0841502670e-01
6.8378285812e-05 1.3739612632e-04 2.2042908320e+01
7.1075784170e-05 1.3525149397e-04 2.2115075248e+01
-6.8830020689e-05 1.0370771819e-04 4.7508278651e+01
7.5342673180e-05 1.3960531948e-04 2.1571529506e+01
-7.6898489328e-05 1.0358951702e-04 4.7253192419e+01
8.0776439009e-05 1.3524486025e-04 2.1651216058e+01
8.4310094050e-05 1.3629728871e-04 2.1410776829e+01
8.5127474638e-05 1.3954221527e-04 2.1182235089e+01
8.8680549571e-05 1.4057408134e-04 2.1015190036e+01
4.5464841735e-05 1.3236705885e-04 2.1860685387e+01
9.5000617275e-05 1.3935582556e-04 2.0861377646e+01
9.8589500653e-05 1.4034692899e-04 2.0661969964e+01
1.0494480402e-04 1.3905510296e-04 2.0484380779e+01
1.0856042397e-04 1.4000660645e-04 2.0315764690e+01
1.1218425579e-04 1.4094522767e-04 2.0162215046e+01
1.1858531716e-04 1.3956239167e-04 2.0030433815e+01
1.2223083092e-04 1.4046679282e-04 1.9901186756e+01
5.5418208521e-05 1.3602292860e-04 2.2927411648e+01
1.2310059519e-04 1.4368999061e-04 1.9746702479e+01
1.2588219948e-04 1.4136014388e-04 1.9743180373e+01
1.1406125548e-04 1.3542364414e-04 2.0354512223e+01
-1.2547464478e-05 1.0381922861e-04 3.2843761569e+01
-4.5298818978e-05 9.8846927643e-05 4.8486198872e+01
3.0541289524e-05 1.1800727436e-04 1.1125136570e+01
1.3231713256e-04 1.3989439416e-04 1.9577644001e+01
1.3597927515e-04 1.4075508885e-04 1.9417358039e+01
1.0046783748e-04 1.3485736236e-04 2.0905555346e+01
1.3685371164e-04 1.4397281613e-04 1.9259449186e+01
1.3964319610e-04 1.4160548352e-04 1.9263443743e+01
1.4609804085e-04 1.4006193477e-04 1.9128813491e+01
1.4976813894e-04 1.4088358645e-04 1.8987132599e+01
1.5064149106e-04 1.4409992597e-04 1.8830324513e+01
1.5343832532e-04 1.4169651459e-04 1.8850793782e+01
8.9481801695e-05 1.4381738292e-04 2.0876957526e+01
1.4153621181e-04 1.3601945194e-04 1.9449826498e+01
1.0663125495e-04 1.4551749939e-04 2.0172294509e+01
1.2776291954e-04 1.3580609525e-04 1.9938197289e+01
1.5990644906e-04 1.4008131327e-04 1.8755311147e+01
1.6357869557e-04 1.4086863951e-04 1.8640169927e+01
1.6724925612e-04 1.4164890163e-04 1.8509772105e+01
1.7372078819e-04 1.3996976793e-04 1.8384884272e+01
-2.9518143720e-04 4.7965080810e-05 3.4082884306e+01
-2.9920300163e-04 4.4349335581e-05 2.4946226249e+01
3.2836757913e-04 7.0330020414e-05 1.7928385256e+01
3.1637044557e-04 8.1650034552e-05 1.7911012904e+01
1.6551290229e-04 1.3522642320e-04 1.8852710789e+01
2.8867732539e-04 9.9501898047e-05 1.7801542431e+01
-3.5304138913e-04 1.6845029569e-05 1.6979235606e+01
1.7738499325e-04 1.4072639100e-04 1.8244042176e+01
-1.1198344374e-04 9.4060232178e-05 4.8776127857e+01
2.4760917022e-04 8.6199059910e-05 1.7853012649e+01
2.4391251170e-04 8.5660034660e-05 1.8128829769e+01
1.9465409142e-04 9.0066173690e-05 2.0622294037e+01
1.9562220595e-04 9.3156201623e-05 2.0322513214e+01
2.6081390935e-04 8.1958117754e-05 1.7151286690e+01
2.8185667666e-04 8.1951123390e-05 1.7585663443e+01
2.7891156945e-04 8.4680637545e-05 1.7556973216e+01
2.8481059624e-04 7.9209899691e-05 1.7614383964e+01
-2.1180895429e-04 8.0725832901e-05 5.2765845337e+01
-2.1644835891e-04 7.7131185884e-05 5.2789625657e+01
-2.2127372885e-04 7.5833340925e-05 5.2832312636e+01
-2.1185346506e-04 5.3309084472e-05 5.3513342429e+01
1.7574977500e-04 9.8497999906e-05 2.0787525646e+01
1.7194616365e-04 9.7802996163e-05 2.0985591118e+01
1.7954851036e-04 9.9184711386e-05 2.0600551667e+01
1.8104369372e-04 1.4147932200e-04 1.8107249790e+01
1.8666311919e-04 1.3652109574e-04 1.8158154923e+01
1.9031820655e-04 1.3725452196e-04 1.8012479870e+01
9.9638647228e-05 9.1319341856e-05 2.1657453868e+01
-3.1244722278e-04 1.7317588811e-05 1.8417130182e+01
-3.1679635386e-04 1.5483123433e-05 1.9215974204e+01
-3.0227160179e-04 4.3162110662e-05 9.6239734329e+00
8.1409456419e-05 7.9434517841e-05 1.9000657245e+01
5.9861461944e-05 7.5068615819e-05 1.4419825943e+01
4.9366145586e-05 7.3041036782e-05 1.1102823443e+01
3.9093821629e-05 7.1150415882e-05 7.3526668792e+00
9.8710834794e-06 6.6474345375e-05 1.6392496515e+00
-2.6674550445e-05 6.2427625716e-05 3.9446978058e+01
-3.6059377143e-05 6.1733122707e-05 4.3602189072e+01
-4.5537232036e-05 6.1169387203e-05 4.6888250922e+01
3.6257204674e-04 2.9871954191e-05 1.7509644172e+01
3.6598422170e-04 2.6598611314e-05 1.7358275107e+01
3.4372742164e-04 5.5837006957e-05 1.7891162981e+01
-1.6226431528e-04 9.5349042948e-05 5.0714610108e+01
2.9807624474e-04 9.4771498326e-05 1.7853081957e+01
3.6208253709e-04 2.2252132536e-05 1.7413402661e+01
3.3548146069e-04 1.9975875011e-05 1.7836139374e+01
3.3932032726e-04 2.0225735978e-05 1.7825393185e+01
1.9115410112e-04 1.4048197913e-04 1.7849807673e+01
2.7531400790e-04 8.4109309276e-05 1.7472705979e+01
-2.9853648663e-04 1.9591614284e-05 1.7525794402e+01
-2.2612343554e-04 7.6882074125e-05 5.2982887408e+01
2.9548757180e-04 6.1512436729e-05 1.7658093970e+01
-1.8593567944e-04 4.4247515743e-05 5.6231246117e+01
1.4062761449e-04 1.2086528562e-04 2.0382870198e+01
1.1205968559e-04 1.1710185834e-04 2.1859727370e+01
1.1306449751e-04 1.2029452552e-04 2.1518688386e+01
1.7958409659e-04 1.2298045577e-04 1.9029890531e+01
2.0609307950e-04 8.0190185352e-05 2.0856906823e+01
1.5885535183e-04 8.1058172322e-05 2.2968903771e+01
1.7091830980e-04 9.4704655726e-05 2.1286456760e+01
-2.3400355842e-04 4.3592986423e-05 5.1577003698e+01
-2.3399707846e-04 4.7630616711e-05 5.1573665041e+01
-2.3967228689e-04 4.4235798986e-05 5.0637300263e+01
1.3558768907e-04 7.6824014817e-05 2.2186870644e+01
2.3393727340e-04 7.5274906374e-05 1.9533133215e+01
-1.4976533438e-04 4.8444259206e-05 5.6722447494e+01
-1.5300210547e-04 4.8519535676e-05 5.6650315086e+01
2.0722580112e-04 4.0997077616e-05 2.1883037162e+01
8.2444957918e-05 1.1794827090e-04 2.2512851780e+01
8.6020382522e-05 1.1897102363e-04 2.2845931731e+01
7.6329994244e-05 1.1907289476e-04 2.2315414778e+01
-2.4863332809e-04 6.1321341160e-05 5.1118384513e+01
-2.4810555993e-04 6.5977954491e-05 5.1884130023e+01
-2.4323205416e-04 6.7032987446e-05 5.2145297540e+01
-2.4055219443e-04 7.1087568690e-05 5.2673461964e+01
-2.5263525299e-04 6.7376192263e-05 5.2070459395e+01
1.3922741365e-04 3.4239006171e-05 1.7093362322e+01
-4.5469154928e-05 8.5202951736e-05 4.7608717850e+01
4.3498508141e-05 1.0360225385e-04 1.3378667384e+01
4.2182010976e-05 1.0848067124e-04 1.4046474078e+01
4.5486468499e-05 1.0953203109e-04 1.5668528905e+01
2.4726798654e-04 4.4617104021e-05 2.1264550604e+01
1.0800035646e-04 3.1170016976e-05 1.4299950769e+01
-1.8992330623e-05 2.4645869352e-05 4.2203750871e+01
-4.6964538526e-06 2.4982225302e-05 3.6737853364e+01
-4.9568574338e-06 1.1248252161e-04 -5.9166770071e-01
4.4443037785e-05 2.6519781484e-05 4.8589733517e-01
9.3989526191e-06 2.5344707304e-05 3.1372346186e+01
-5.5368289598e-05 1.0419553824e-04 4.8250476074e+01
2.0366813952e-04 1.2151852506e-04 1.8231726214e+01
2.0733458098e-04 1.2220341137e-04 1.8049971734e+01
2.0815640066e-04 1.2541716160e-04 1.7868514259e+01
2.1180152479e-04 1.2610892900e-04 1.7684052203e+01
2.1543640046e-04 1.2680110711e-04 1.7492776244e+01
2.1622812572e-04 1.3004164247e-04 1.7322782059e+01
2.1984119138e-04 1.3074430289e-04 1.7101005081e+01
2.2189788780e-04 1.2494109800e-04 1.7289499207e+01
2.2551068757e-04 1.2562873851e-04 1.7059091018e+01
2.2911173527e-04 1.2631955060e-04 1.7052991563e+01
-1.7674206190e-04 6.2272551938e-05 5.3828935311e+01
-3.2598639706e-04 2.3883205417e-05 2.1434807838e+01
2.4984245784e-04 1.1140848117e-04 1.7295167153e+01
2.4769837401e-04 1.1732467347e-04 1.7346653606e+01
2.5128319047e-04 1.1802144917e-04 1.7429454579e+01
2.4842658200e-04 1.2064063327e-04 1.7410120490e+01
2.4410921430e-04 1.1664276027e-04 1.7251208891e+01
1.5797464847e-04 1.4572009882e-04 1.8563976185e+01
1.6845155828e-04 1.2077574994e-04 1.9520936360e+01
-3.1616232641e-04 3.4009508523e-05 1.5749866947e+01
-8.2271546404e-05 1.0357188388e-04 4.7185553614e+01
-2.6624372755e-04 5.6829704694e-05 4.8458781452e+01
-2.7055794578e-04 5.8479502893e-05 4.8641554701e+01
-1.5376718701e-04 3.8303123551e-05 5.8612387157e+01
-1.4821189596e-04 3.4932055160e-05 5.9384433121e+01
-1.2250273480e-04 3.3134110110e-05 5.9713286904e+01
-9.0599326281e-05 3.3154691758e-05 5.7900855136e+01
-7.2836784556e-05 3.3301865437e-05 5.5573968733e+01
-5.8659470207e-05 3.3507788055e-05 5.2789375191e+01
-4.9851072494e-05 3.5311925692e-05 5.0342026732e+01
-4.4553653331e-05 3.3801358235e-05 4.9059679214e+01
-4.1043720156e-05 3.3891492678e-05 4.7974105404e+01
-3.5904083272e-05 3.5685390289e-05 4.5996507356e+01
-3.0565073296e-05 3.4189204060e-05 4.4367047855e+01
-2.7092093204e-05 3.4301170931e-05 4.3055925086e+01
-2.3630255332e-05 3.4417581888e-05 4.1697080229e+01
-1.6743392089e-05 3.4665322121e-05 3.8857278330e+01
-1.3319960940e-05 3.4796288078e-05 3.7389252278e+01
-9.9108977903e-06 3.4931586347e-05 3.5899398035e+01
2.2261574592e-07 3.5360056077e-05 3.1375215559e+01
1.8018922676e-05 3.8046261796e-05 -1.0584193667e-01
2.8153403897e-05 3.8703830981e-05 1.1217095988e+00
3.1583037970e-05 3.8949445161e-05 1.8150470418e+00
3.5038178870e-05 3.9208432628e-05 2.6183280869e+00
4.0847047274e-05 3.7707176960e-05 3.6190250612e+00
4.5551682962e-05 4.0066678325e-05 5.4671925784e+00
4.9103261141e-05 4.0379785807e-05 6.5034415436e+00
5.5098546142e-05 3.8890720193e-05 7.7863915469e+00
5.8714877907e-05 3.9218669969e-05 8.8251951930e+00
6.2349650246e-05 3.9562991031e-05 9.8305805443e+00
7.8240272552e-05 4.3370343657e-05 1.3866364753e+01
8.1961961833e-05 4.3801083182e-05 1.4529361466e+01
8.5699279744e-05 4.4243701403e-05 1.5132583726e+01
8.9451959269e-05 4.4697028403e-05 1.5682098585e+01
9.5830326493e-05 4.3211860296e-05 1.6117536224e+01
9.9626383818e-05 4.3671540680e-05 1.6548277916e+01
1.0343625028e-04 4.4139395602e-05 1.6948012764e+01
1.0460749266e-04 4.6604816483e-05 1.7457325637e+01
1.0725946378e-04 4.4614839573e-05 1.7323307959e+01
1.0843045000e-04 4.7101810143e-05 1.7824291569e+01
1.1226614839e-04 4.7605330839e-05 1.8169138361e+01
1.1611410029e-04 4.8114660463e-05 1.8495222491e+01
1.2267660959e-04 4.6578050252e-05 1.8637453636e+01
1.2655960284e-04 4.7080732538e-05 1.8930532681e+01
1.3045312624e-04 4.7586890310e-05 1.9213584525e+01
1.3435667441e-04 4.8095957444e-05 1.9484352043e+01
1.3826979985e-04 4.8607406174e-05 1.9745886163e+01
1.4728182165e-04 5.2322184598e-05 2.0606783639e+01
1.5516331521e-04 5.3392268141e-05 2.1023016789e+01
1.5911511137e-04 5.3927841440e-05 2.1216152873e+01
1.6192422764e-04 5.1702192519e-05 2.1099320615e+01
1.6589206158e-04 5.2219224373e-05 2.1291136636e+01
1.6986683884e-04 5.2733954281e-05 2.1472757441e+01
1.7783191566e-04 5.3767903900e-05 2.1809089977e+01
1.8008964190e-04 5.9465813962e-05 2.2278078526e+01
-5.1517245041e-07 3.8851015710e-05 3.0585093698e+01
1.6422581164e-04 5.7259265150e-05 2.1669234002e+01
1.3668939243e-04 5.3391080057e-05 2.0288926275e+01
9.8178302080e-05 4.8094135761e-05 1.7143637764e+01
6.4697614569e-05 4.4015122756e-05 1.1270742696e+01
5.3853649893e-05 4.2877767056e-05 8.3285266800e+00
9.3026277785e-06 3.9373811704e-05 2.2406568829e+01
-6.3899385698e-05 3.5036602708e-05 5.3696827093e+01
-8.5065464300e-05 3.4791828459e-05 5.7048473899e+01
-9.5661765424e-05 3.4733624540e-05 5.8100131161e+01
1.8694144991e-04 5.7660307693e-05 2.2356359488e+01
-1.1327956617e-04 3.4717018759e-05 5.9145473339e+01
-1.2731639447e-04 3.4765653390e-05 5.9487231465e+01
1.9092882612e-04 5.8186322692e-05 2.2507527257e+01
1.8866667147e-04 5.2448496103e-05 2.2061553396e+01
1.4888577891e-04 4.7477328219e-05 2.0078628899e+01
8.7091984641e-05 3.9980232923e-05 1.4563866792e+01
7.5880382992e-05 3.8795901515e-05 1.2617494139e+01
1.8982299575e-05 3.4439011363e-05 4.5634086890e+00
1.1375613766e-04 4.3089977353e-05 1.7493009008e+01
-1.0271178274e-04 3.4715845150e-05 5.8613096363e+01
1.7215589294e-04 5.8367524727e-05 2.1976935307e+01
1.4451739419e-04 5.4492210553e-05 2.0735980564e+01
1.5534821244e-04 1.3607576874e-04 1.9048860231e+01
-2.6231141170e-04 3.9221771857e-05 4.4276699945e+01
-2.5899484485e-04 4.2981951309e-05 4.6129691344e+01
7.7236566310e-05 1.0232152456e-04 2.0842012879e+01
2.0699458352e-04 7.1652584212e-05 2.1612501784e+01
-1.5029199621e-04 9.0121760251e-05 5.0385915988e+01
1.6709511856e-04 9.4003898657e-05 2.1509012294e+01
1.6326729983e-04 9.3293563430e-05 2.1745753570e+01
1.6156243996e-04 9.8765165649e-05 2.1320051787e+01
2.3126746421e-04 6.6120037018e-05 2.0509094932e+01
2.2740052425e-04 6.5652319355e-05 2.0834987630e+01
2.3034356923e-04 6.3104251875e-05 2.0863253650e+01
2.2645491377e-04 6.2647611400e-05 2.1198335497e+01
2.2450900381e-04 5.6692469980e-05 2.1971498158e+01
2.2055994821e-04 5.6249003560e-05 2.2310749343e+01
2.1762230265e-04 5.8745972196e-05 2.2255146239e+01
2.1366499796e-04 5.8275137453e-05 2.2598151864e+01
2.3235733948e-04 5.7555779999e-05 2.1260500215e+01
-2.7665232376e-04 3.5531506711e-05 3.6138392733e+01
-2.6069180305e-04 3.0624019314e-05 4.3610614376e+01
2.2939021452e-04 9.8632610181e-05 1.8218159921e+01
2.7234464085e-04 2.6018316547e-05 1.9793296828e+01
2.6841973699e-04 2.5840748016e-05 2.0439305726e+01
2.7053141519e-04 2.0164302268e-05 2.0552400328e+01
2.6656508980e-04 2.0028301575e-05 2.1259229387e+01
2.6257680545e-04 1.9889571290e-05 2.1932123381e+01
2.5856805897e-04 1.9747052321e-05 2.2674483094e+01
2.5453914053e-04 1.9599051686e-05 2.2924863889e+01
2.4745094276e-04 2.2081754263e-05 2.2506599247e+01
2.4339129414e-04 2.1894043374e-05 2.2256438121e+01
2.3932705917e-04 2.1700359470e-05 2.1998454332e+01
2.3526091921e-04 2.1501476184e-05 2.1739488634e+01
2.3119589308e-04 2.1298058261e-05 2.1469517872e+01
2.2713118707e-04 2.1090798156e-05 2.1181504157e+01
2.2306892612e-04 2.0880463894e-05 2.0885582764e+01
2.1495462762e-04 2.0453253427e-05 2.0232301510e+01
2.1090410391e-04 2.0237681207e-05 1.9875915437e+01
2.0685804513e-04 2.0021061871e-05 1.9493950045e+01
2.0281617735e-04 1.9803454042e-05 1.9086086450e+01
2.0182190311e-04 1.7241391926e-05 1.8481425435e+01
1.9877814973e-04 1.9585112130e-05 1.8651711908e+01
1.9778783023e-04 1.7047084732e-05 1.7991248173e+01
1.9474383737e-04 1.9366141454e-05 1.8190435196e+01
1.9375716235e-04 1.6852111896e-05 1.7470798492e+01
1.9071318174e-04 1.9146504050e-05 1.7701956944e+01
1.8972960774e-04 1.6656930801e-05 1.6920083016e+01
1.8570528721e-04 1.6461197197e-05 1.6338797345e+01
1.8168418434e-04 1.6264968144e-05 1.5726935981e+01
1.7766636606e-04 1.6068288844e-05 1.5084888150e+01
1.7365197122e-04 1.5871122145e-05 1.4413682581e+01
1.6563412984e-04 1.5475393807e-05 1.2987610954e+01
1.6163097040e-04 1.5277261234e-05 1.2237210470e+01
1.5763212871e-04 1.5078762975e-05 1.1465776767e+01
1.5363786702e-04 1.4880079707e-05 1.0677456708e+01
1.4964851927e-04 1.4681370943e-05 9.8763821230e+00
1.4566447556e-04 1.4482741499e-05 9.0700995069e+00
1.3868808888e-04 1.6256750864e-05 9.3023292850e+00
1.3472418784e-04 1.6035353006e-05 8.6127650722e+00
1.3076763485e-04 1.5815186731e-05 7.9543857946e+00
1.2681894653e-04 1.5596533762e-05 7.3351591642e+00
1.2287868720e-04 1.5379800697e-05 6.7660766868e+00
1.1894737193e-04 1.5165463086e-05 6.2638222021e+00
9.8430470427e-05 1.2216132051e-05 3.6163703555e+00
9.4556221249e-05 1.2053367713e-05 3.9106863873e+00
9.0692982223e-05 1.1899286027e-05 4.1731081121e+00
8.6840436551e-05 1.1755489616e-05 4.2508882647e+00
8.2997780608e-05 1.1623421581e-05 3.9757282794e+00
7.5337476349e-05 1.1397481289e-05 2.0302394833e+00
7.1517549404e-05 1.1303747376e-05 3.3703398396e-01
6.7703768502e-05 1.1222236588e-05 -4.8484805187e-02
6.3897173684e-05 1.1152147626e-05 2.6903003678e-01
6.0100298872e-05 1.1092780709e-05 -1.1724885756e+00
5.3675258225e-05 1.2674869342e-05 1.8589719470e-02
4.8800237716e-05 1.0975513287e-05 2.2737970423e+01
4.5070835435e-05 1.0956283160e-05 2.8492183781e+01
4.1340338847e-05 1.0937402517e-05 2.8775224836e+01
3.5124407813e-05 1.2507795979e-05 2.9070315171e+01
3.1416077275e-05 1.2479356745e-05 3.0026565584e+01
2.6355525074e-05 1.0844305869e-05 3.1690109198e+01
2.2593016496e-05 1.0817955813e-05 3.2633175999e+01
1.8823911927e-05 1.0790722865e-05 3.3649793825e+01
1.2758653340e-05 1.2319661169e-05 3.4901798836e+01
9.0045059449e-06 1.2285480405e-05 3.6063323407e+01
5.2430886357e-06 1.2250961452e-05 3.7265009489e+01
-1.1850691328e-07 1.0646628180e-05 3.9475744156e+01
-3.9255469499e-06 1.0617330351e-05 4.0733062801e+01
-9.8714093760e-06 1.2113155225e-05 4.2304863405e+01
-1.3666166064e-05 1.2079610077e-05 4.3581610318e+01
-1.7466814616e-05 1.2046678746e-05 4.4849427891e+01
-2.3043240681e-05 1.0476436404e-05 4.7030834909e+01
-2.6881537801e-05 1.0449932648e-05 4.8241851695e+01
-3.2722450726e-05 1.1924511633e-05 4.9698160335e+01
-3.6548089309e-05 1.1896813357e-05 5.0826805923e+01
-4.0377684151e-05 1.1870396036e-05 5.1913155020e+01
-4.4210971197e-05 1.1845323410e-05 5.2953961574e+01
-4.9991567633e-05 1.0314613883e-05 5.4712074487e+01
-5.3853857989e-05 1.0296004520e-05 5.5626960089e+01
-5.9574705050e-05 1.1759011098e-05 5.6618970707e+01
-6.3421628670e-05 1.1740968542e-05 5.7404956582e+01
-6.7270399723e-05 1.1724316748e-05 5.8138322377e+01
-7.1120745822e-05 1.1709026403e-05 5.8819530095e+01
-7.7066003137e-05 1.0209227374e-05 6.0021857691e+01
-8.2678312192e-05 1.1671017910e-05 6.0559418535e+01
-8.6532280533e-05 1.1660826572e-05 6.1042400970e+01
-9.0386558562e-05 1.1651805835e-05 6.1479430539e+01
-9.4240930752e-05 1.1643907901e-05 6.1872187134e+01
-9.8095260338e-05 1.1637084866e-05 6.2222411966e+01
-1.0418121995e-04 1.0156406196e-05 6.2937602017e+01
-1.0965609996e-04 1.1622619102e-05 6.3035293483e+01
-1.1350843466e-04 1.1619662137e-05 6.3232639077e+01
-1.1735991603e-04 1.1617569219e-05 6.3395850500e+01
-1.2121034222e-04 1.1616314275e-05 6.3526394527e+01
-1.2505958477e-04 1.1615794952e-05 6.3625652383e+01
-1.3127618862e-04 1.0144136948e-05 6.3965881339e+01
-1.3659903373e-04 1.1619089622e-05 6.3747446061e+01
-1.4044228089e-04 1.1621635216e-05 6.3732692480e+01
-1.4428374078e-04 1.1624888226e-05 6.3691556289e+01
-1.4812326303e-04 1.1628848258e-05 6.3624585995e+01
-1.5445150517e-04 1.0159041302e-05 6.3696326243e+01
-1.5830804358e-04 1.0163172823e-05 6.3560090611e+01
-1.6345915046e-04 1.1651802795e-05 6.3103879633e+01
-1.6728762873e-04 1.1657852451e-05 6.2910599650e+01
2.6959122540e-04 1.7268296366e-05 2.0945001407e+01
2.5757621652e-04 1.6912068539e-05 2.2942030642e+01
2.4540828332e-04 1.6503519081e-05 2.2010516001e+01
2.1699814728e-04 1.5383836462e-05 1.9680688240e+01
1.3278930119e-04 1.1785905699e-05 4.5306643174e+00
-1.7111232025e-04 1.1666765395e-05 6.2691061538e+01
2.2915518799e-04 1.5880882410e-05 2.0793665118e+01
1.4471126062e-04 1.2304038393e-05 7.1581502042e+00
1.1698697189e-04 1.1109504627e-05 1.4967198749e+00
6.3379481517e-05 1.2973830623e-04 2.2685023357e+01
1.2616971316e-04 8.8776257624e-05 2.2541029519e+01
1.0729502881e-04 8.4838037402e-05 2.1636065556e+01
8.8732046593e-05 8.0955159193e-05 1.9985811604e+01
3.6617480725e-06 1.0835311504e-04 1.5658663125e-02
-1.7880971970e-05 1.0263430886e-04 3.8241846352e+01
-3.9768852432e-05 9.9348176879e-05 4.7913143992e+01
3.6142797547e-05 3.5441112813e-05 1.8002561610e+00
-5.0833307217e-05 9.8445380810e-05 4.8711461325e+01
-3.1764438945e-05 4.7764458850e-05 4.2768999916e+01
8.9680029822e-06 3.3982040686e-05 2.8400307955e+01
-4.5183661279e-06 3.3428191508e-05 3.4036683693e+01
1.2050627036e-04 6.6200286714e-05 2.0872550737e+01
1.2149007334e-04 4.4041203192e-05 1.8138122242e+01
-4.5036589956e-05 4.7181619584e-05 4.7534217825e+01
4.5959635070e-05 9.4035167564e-05 1.2520152655e+01
-8.5489345398e-05 9.5537449709e-05 4.8376702854e+01
1.5679111709e-04 4.8473260320e-05 2.0546568501e+01
-2.9017990625e-04 3.4713542955e-05 2.1356934633e+01
1.4757187968e-04 7.0785567135e-05 2.2146572225e+01
1.0913443182e-04 1.0784288564e-05 9.0232038253e-01
1.7889077488e-04 7.5993140327e-05 2.2711427288e+01
-1.0484328316e-04 5.8255015113e-05 5.4666842990e+01
1.2487321030e-04 1.1444583296e-05 2.9049453968e+00
-1.8139867103e-04 1.0202459029e-05 6.2187198725e+01
-2.0437638459e-04 1.0275409195e-05 5.9700800475e+01
-2.0819160031e-04 1.0291030245e-05 5.9149012047e+01
1.5268616643e-04 1.2650906182e-05 8.9721871909e+00
-1.8059368833e-04 3.8843131852e-05 5.7437535881e+01
2.0891501865e-04 1.5047763994e-05 1.8799761935e+01
-2.0500610099e-04 3.4406670418e-05 5.6196869756e+01
-2.0720406817e-04 3.1040715808e-05 5.6415846563e+01
2.8988453887e-04 5.1388417074e-05 1.7413884363e+01
-2.7070796706e-04 4.8242045032e-05 4.4266416183e+01
2.5628514891e-04 6.3098757603e-05 1.8748201387e+01
-1.5889317282e-04 6.1329012421e-05 5.4210757536e+01
-3.3087169902e-04 2.1931671257e-05 2.2386742090e+01
-1.2660131468e-04 1.0289966542e-04 4.8763498331e+01
-1.7224187732e-04 3.5276283414e-05 5.8516915819e+01
-1.7563475928e-04 3.5340900957e-05 5.8331590119e+01
-1.7989829647e-04 3.0446426588e-05 5.8953721602e+01
-1.7642654268e-04 3.0393094600e-05 5.9176831447e+01
-1.7966144553e-04 6.2461873059e-05 5.3756607853e+01
3.3937247886e-04 4.7817011042e-05 1.7944277735e+01
3.1072704703e-04 4.7262216911e-05 1.7822879257e+01
2.2018456566e-04 3.4038209826e-05 2.1918776540e+01
-1.8922793490e-04 6.7136382599e-05 5.3097191190e+01
3.5833351173e-04 2.1835951245e-05 1.7513728236e+01
4.0071822421e-05 1.2154990107e-04 1.7477835021e+01
1.9373460173e-04 9.8730668807e-05 1.9988750813e+01
1.7309534513e-04 1.1274696232e-04 1.9875241556e+01
1.9491565373e-04 5.8708810264e-05 2.2644630116e+01
3.3308029914e-04 5.3744607078e-05 1.7959579877e+01
1.6375284340e-04 2.9395165169e-05 1.7663597979e+01
-2.0385758761e-04 5.6531625845e-05 5.3699031258e+01
1.5533768095e-04 1.1217539847e-04 2.0466280675e+01
1.2023324776e-04 2.5729246399e-05 1.2992735114e+01
-2.2586896550e-04 5.6939944050e-05 5.2404012189e+01
4.0976645005e-05 2.0991148302e-05 -2.3196166451e-01
3.1132189792e-04 3.1293960890e-05 1.7725116396e+01
2.6712615935e-05 2.0663090594e-05 2.8521943874e+01
8.8895523490e-06 2.0331626665e-05 3.3393796434e+01
-2.7600297606e-05 1.9702031466e-05 4.6373846387e+01
1.4369232088e-04 9.8103939153e-05 2.2139839160e+01
-2.2718014863e-04 1.0392612885e-05 5.5591672229e+01
-2.3095527559e-04 1.0419763761e-05 5.4685094645e+01
1.0673825140e-04 1.2163870626e-04 2.1680192249e+01
-2.6157262013e-04 4.3501048783e-05 4.5478834900e+01
-2.5219015586e-04 5.2846999985e-05 4.9388039728e+01
-3.3451490008e-04 1.6156993564e-05 2.2401714600e+01
-3.2466212778e-04 2.0227786655e-05 2.1051249909e+01
-3.3115477407e-04 1.5467800369e-05 2.1940290186e+01
1.6811084042e-04 1.4486914903e-04 1.8335216504e+01
2.5200867931e-04 1.2135942411e-04 1.7486710367e+01
3.5320670687e-04 4.6894310917e-05 1.7801391626e+01
2.3346151089e-04 1.3031266338e-04 1.7251684041e+01
-1.7204748406e-04 9.4319455362e-05 5.1210295625e+01
-2.4285727115e-04 7.1738539180e-05 5.2780504708e+01
1.9479469394e-04 1.4121860861e-04 1.7697494639e+01
-2.8842070916e-04 5.3056291672e-05 4.2528150902e+01
-2.9707058075e-04 4.9129055926e-05 3.4735417074e+01
3.6555230062e-04 1.8888372553e-05 1.7141839742e+01
3.2713369133e-04 1.6257519329e-05 1.7779391340e+01
3.1937148932e-04 1.5929122439e-05 1.7699032260e+01
2.9220498218e-04 1.4995117788e-05 1.6998279765e+01
2.9996513605e-04 1.5235765515e-05 1.7293720555e+01
2.7657190357e-04 1.4579075307e-05 1.9777718019e+01
-3.3988858544e-04 2.9313715632e-05 2.0061103723e+01
-3.3485208162e-04 3.1339064879e-05 2.1735768931e+01
3.6614012781e-04 3.0530441089e-05 1.7418594197e+01
3.6955715135e-04 2.7239222413e-05 1.7273986790e+01
3.1990521733e-04 8.2430597850e-05 1.7910851060e+01
3.1693984003e-04 8.5229574454e-05 1.7905420385e+01
-1.9051839716e-04 7.2664068573e-06 6.1762559900e+01
-2.1764066840e-04 7.3341960095e-06 5.7901469970e+01
-2.4464909327e-04 7.4537599967e-06 5.0874296883e+01
-2.4846257534e-04 7.4798313838e-06 4.9477035410e+01
-2.5225991415e-04 7.5151221144e-06 4.7952389667e+01
-2.5604778063e-04 7.5493159346e-06 4.6285594483e+01
2.9871025623e-04 9.8275148844e-05 1.7860864287e+01
3.0162974920e-04 9.5531597285e-05 1.7871106166e+01
-2.0237343507e-04 4.8733663031e-05 5.4588473271e+01
-1.3414968058e-04 2.9992952653e-05 6.0446614744e+01
-8.0323901595e-05 3.0045340617e-05 5.7190816657e+01
7.7287674076e-05 1.2228530806e-04 2.2639355845e+01
7.3766558238e-05 1.2122047780e-04 2.2351951307e+01
2.7638738108e-04 1.0688863111e-04 1.7713678125e+01
2.7571206615e-04 1.0348690656e-04 1.7680713012e+01
2.7419228956e-04 1.1298887213e-04 1.7726691274e+01
1.8366098182e-04 2.1180519481e-05 1.7448029621e+01
1.9846855610e-04 9.0687428925e-05 2.0376843993e+01
2.1554970702e-04 5.2865129502e-05 2.2961710576e+01
2.1155264586e-04 5.2414111236e-05 2.2808005928e+01
3.2380609599e-04 6.2478559751e-05 1.7946533736e+01
3.3335657779e-04 2.9827533193e-05 1.7914436329e+01
2.7663596172e-04 9.0711037893e-05 1.7579069189e+01
2.4035574357e-04 2.4485432816e-05 2.2259556295e+01
2.9290738103e-04 4.8572532460e-05 1.7470883126e+01
2.8920611379e-04 4.8210965644e-05 1.7353088598e+01
-1.3430797505e-04 3.4809184851e-05 5.9526610060e+01
-1.8420771812e-04 8.0958801786e-05 5.2031659663e+01
2.5249634562e-04 2.5103031891e-05 2.2900746782e+01
-1.5231957183e-04 6.6648886212e-05 5.3357956353e+01
-2.0753073435e-04 6.2926434600e-05 5.3084726749e+01
2.4469057551e-04 8.8823224167e-05 1.7886375305e+01
2.4019860019e-04 8.5122533188e-05 1.8405231589e+01
-3.3791190006e-04 1.6882900780e-05 2.3014868216e+01
1.7160783734e-04 2.0443477394e-05 1.5857701732e+01
1.6359430905e-04 1.9949812979e-05 1.4689225094e+01
3.0821426114e-04 3.4225063945e-05 1.7691895037e+01
3.3711125906e-04 3.0186089391e-05 1.7914547428e+01
1.0822622319e-04 1.6568295453e-05 7.1200815027e+00
1.0046390326e-04 1.6132732240e-05 6.9093103854e+00
1.9314398104e-04 1.3475929293e-04 1.8025917519e+01
8.5079431265e-05 1.5360449413e-05 6.5589442526e+00
7.7452298877e-05 1.5042501746e-05 5.1376401307e+00
1.7677337520e-04 1.2543465603e-04 1.8994278516e+01
3.6613141452e-05 1.0934139110e-04 1.1453453487e+01
3.1549032732e-04 1.5778482188e-05 1.7644688842e+01
8.0827915642e-05 1.2334164499e-04 2.2918884023e+01
1.1454736011e-04 9.4667110419e-05 2.2479557837e+01
1.4098846859e-04 1.0042887578e-04 2.2039511396e+01
1.9524909526e-04 6.9989117308e-05 2.2451784294e+01
-1.8636997993e-04 1.1707922652e-05 6.1538271431e+01
-1.9399081957e-04 1.1736802528e-05 6.0776998693e+01
-2.3954000818e-04 4.8353135407e-05 5.0808539026e+01
-2.1336120440e-04 2.9521140718e-05 5.5823279640e+01
-1.8598649966e-04 2.8907113086e-05 5.8793334039e+01
-1.7040453454e-04 5.2632522960e-05 5.5476852319e+01
-1.6729220294e-04 5.2511479905e-05 5.5582614687e+01
-1.4123838579e-04 3.0037311391e-05 6.0418823716e+01
-1.2343363679e-04 2.9951415849e-05 6.0326575337e+01
-1.1626970337e-04 2.9936745672e-05 6.0126229360e+01
-1.0909343330e-04 2.9933034390e-05 5.9816564025e+01
-9.4715297519e-05 2.9961683141e-05 5.8813622545e+01
-5.8767444421e-05 3.0291428606e-05 5.3290032906e+01
1.5775661680e-04 9.8029984753e-05 2.1558557995e+01
1.4529305565e-04 9.2685937539e-05 2.2591310563e+01
-1.7506528777e-04 7.2435112150e-06 6.3097793359e+01
-2.0216054985e-04 7.2906473077e-06 6.0382283879e+01
-2.2920843551e-04 7.3781915109e-06 5.5408773641e+01
-1.6184324871e-04 5.4116546044e-05 5.5426034669e+01
2.3063169085e-04 1.3288840686e-04 1.7236575732e+01
2.1778339795e-04 1.3655660638e-04 1.7025632904e+01
-2.7201553769e-04 6.1840282585e-05 5.0038144958e+01
3.3875933569e-04 1.6844797401e-05 1.7793546439e+01
3.4261437536e-04 1.7061627155e-05 1.7769617779e+01
1.9842776545e-04 1.4195430311e-04 1.7535656912e+01
-3.0746675410e-04 4.3230479772e-05 4.9707523164e+00
-2.3089241506e-04 7.5687074900e-05 5.3003778992e+01
2.3629657315e-04 1.2773006833e-04 1.7268168306e+01
1.9750820536e-04 9.9375468850e-05 1.9768561936e+01
1.9466982034e-04 1.0185368534e-04 1.9724913275e+01
-2.4807322734e-04 4.3297361865e-05 4.8933114581e+01
-1.8946968074e-04 8.1598740658e-05 5.2140054765e+01
-2.3614202000e-04 6.3050427201e-05 5.1990852139e+01
2.6824819238e-04 6.7522936106e-05 1.7414010651e+01
-1.3212100174e-04 8.4976796032e-05 5.0379015539e+01
-1.8642568308e-04 6.6888990245e-05 5.3147089804e+01
1.4416620596e-04 8.9610734427e-05 2.2948913350e+01
2.5638356186e-04 9.3718352546e-05 1.7052154182e+01
3.0754508821e-04 3.1023412289e-05 1.7651196698e+01
3.4315165918e-04 2.0495350995e-05 1.7800748067e+01
1.9780096216e-04 5.6315858355e-05 2.2592751949e+01
-2.8474336771e-04 5.6937211473e-05 4.6458339103e+01
2.6786797395e-04 9.8799847225e-05 1.7504889528e+01
2.7995649842e-04 1.0762423496e-04 1.7757273011e+01
2.8063748533e-04 1.1107204878e-04 1.7780355777e+01
-3.5583386897e-04 2.2286576480e-05 1.7897632407e+01
-3.0133952722e-04 3.9594077205e-05 1.1632681999e+01
2.8352146614e-04 1.0838057884e-04 1.7793903031e+01
-2.5739008434e-04 6.6484290383e-05 5.1837760096e+01
3.6277110266e-04 3.3750482766e-05 1.7555808439e+01
2.5916354195e-04 1.2284522438e-04 1.7614325192e+01
2.8416901571e-04 7.5911013242e-05 1.7567764827e+01
3.1340242610e-04 8.4448525509e-05 1.7903702144e+01
-2.8925286768e-04 2.0197364186e-05 1.6800019157e+01
-2.8589021834e-04 2.1796653017e-05 2.3135853709e+01
2.7187809969e-04 3.7720390022e-05 1.8981311168e+01
3.1246390360e-04 5.7299929074e-05 1.7884154574e+01
2.1789900852e-04 1.0886803937e-04 1.8241320975e+01
-1.3492257097e-04 8.5117588847e-05 5.0419751973e+01
-1.8851518143e-04 9.0054281245e-05 5.1988454681e+01
-2.5824648547e-04 2.0917842187e-05 4.4447698219e+01
-2.5822771506e-04 2.4573401668e-05 4.4418888724e+01
2.0167283855e-04 1.2724111660e-04 1.8046170678e+01
-1.3014905605e-04 4.8096228126e-05 5.6936226600e+01
3.1104039585e-04 9.0794679289e-05 1.7894413336e+01
-1.0483716923e-04 6.7192878404e-05 5.3113851048e+01
-1.0422668076e-04 7.0844263028e-05 5.2469898552e+01
-1.0725792643e-04 7.0882627200e-05 5.2492612931e+01
-1.0900116287e-04 1.0410520281e-04 4.7826486263e+01
-1.0837236346e-04 1.0822379845e-04 4.7777202415e+01
-5.5087691167e-05 5.3706496577e-05 4.9774907091e+01
-8.4955690692e-05 1.0357997407e-04 4.7181265593e+01
-8.4687756480e-05 1.0768032548e-04 4.6718168042e+01
-8.1814786479e-05 1.1182315157e-04 4.6401859235e+01
-1.5314735895e-04 9.8663054432e-05 5.0226860406e+01
1.3491338715e-04 1.4955408914e-04 1.9124359934e+01
1.3857054496e-04 1.5041393242e-04 1.8975432534e+01
1.3125840438e-04 1.4868455513e-04 1.9275517019e+01
1.0745226596e-04 1.4874841890e-04 2.0051556046e+01
1.1107506035e-04 1.4969479009e-04 1.9916555414e+01
1.0464230307e-04 1.5102117503e-04 2.0084678440e+01
1.1188874285e-04 1.5292364561e-04 1.9818344289e+01
1.3418770170e-04 1.2237986252e-04 2.0502942382e+01
1.3513746305e-04 1.2557162907e-04 2.0269264857e+01
2.3646836891e-04 8.4585496668e-05 1.8680693681e+01
2.3938877099e-04 8.1989642497e-05 1.8668179409e+01
-1.3186794922e-04 1.0323504534e-04 4.9062542610e+01
-1.3449075228e-04 1.0341697475e-04 4.9217650357e+01
7.6827103119e-05 1.4610923139e-04 2.1249200123e+01
7.7539663144e-05 1.4935497557e-04 2.1172732818e+01
8.1078818323e-05 1.5042249283e-04 2.1037288107e+01
7.2811415446e-05 1.1802136796e-04 2.2016929549e+01
-8.9965082020e-05 1.0773193952e-04 4.6863829004e+01
-9.5235893572e-05 1.0782431660e-04 4.7071781575e+01
-1.1330224330e-04 7.0982144552e-05 5.2518222095e+01
-1.1631453809e-04 7.1043002058e-05 5.2523451038e+01
-1.2231755193e-04 7.1186423073e-05 5.2523429973e+01
-1.4934622221e-04 6.6516793424e-05 5.3387171222e+01
-7.6619656927e-05 1.1183544310e-04 4.6225861798e+01
-7.2680470644e-05 1.1397213413e-04 4.6020551685e+01
-6.7537268745e-05 1.1406924820e-04 4.5928750823e+01
-6.3644672255e-05 1.1208153243e-04 4.6335483049e+01
-5.8464190269e-05 1.1227840876e-04 4.6698586082e+01
-5.3291080476e-05 1.1254159532e-04 4.7278211666e+01
-5.0707554462e-05 1.1270093383e-04 4.7637178978e+01
-4.5546954136e-05 1.1308249376e-04 4.8440796120e+01
-4.0395473956e-05 1.1356077123e-04 4.9235530132e+01
-3.1825860105e-05 1.1674805899e-04 5.0567147832e+01
-2.6784547781e-05 1.1760368432e-04 4.9946982482e+01
-2.2489799469e-05 1.1635366036e-04 4.6551209494e+01
-1.7477110029e-05 1.1761053201e-04 4.1028146867e+01
-9.5680834381e-06 1.2256681241e-04 -5.4514963214e-01
-4.9995143847e-06 1.2198579482e-04 -1.1296464702e-01
6.4597464813e-07 1.2723726687e-04 6.6712330077e-03
5.5815077244e-06 1.2684129534e-04 2.1289868389e-02
8.6941739649e-06 1.3109553714e-04 2.3871451802e-01
1.3879062316e-05 1.3079425388e-04 6.7524057749e+00
1.7021256317e-05 1.3531355967e-04 1.6049091197e+01
2.2538813120e-05 1.3487787953e-04 1.8255740007e+01
2.5523444864e-05 1.3623019335e-04 1.9759218073e+01
2.5853533349e-05 1.3942966429e-04 2.0222872470e+01
3.1637986057e-05 1.3891879758e-04 2.1501419499e+01
-4.1524286511e-06 1.2761676152e-04 7.7954280444e-02
-4.0992881372e-05 1.1773247978e-04 4.9503866371e+01
3.4767509384e-05 1.4025099975e-04 2.2028523450e+01
-1.8709217541e-05 1.2168606080e-04 4.4521693928e+01
-1.3964857536e-05 1.2325859260e-04 2.3495374537e+01
-4.6014402862e-05 1.1727027643e-04 4.7997901028e+01
9.2854142331e-07 1.3022557933e-04 6.3370696933e-03
4.1605176499e-05 1.4613057322e-04 2.2652119775e+01
4.4442389938e-05 1.4416361761e-04 2.2892057064e+01
6.9314484240e-05 1.1696566995e-04 2.1647961964e+01
6.3337395985e-05 1.1799425854e-04 2.1215437236e+01
-1.5892653554e-04 3.0176708810e-05 6.0020880439e+01
-1.6244452081e-04 3.0213844896e-05 5.9887393928e+01
4.4858928862e-05 9.1254950611e-05 1.1609561563e+01
4.1498001637e-05 9.0413485191e-05 9.9681210876e+00
-8.1431976153e-05 9.3562072569e-05 4.8743446175e+01
-1.0922866080e-04 9.3968667940e-05 4.8729873098e+01
-2.2721497132e-04 3.3597986850e-05 5.3194561246e+01
-2.2985411659e-04 3.0150086125e-05 5.2972046964e+01
1.5076702044e-04 1.3206922046e-04 1.9366304707e+01
-2.1670623531e-04 2.9627347042e-05 5.5324561413e+01
5.9908126238e-05 1.1691064436e-04 2.0640915465e+01
5.8959213213e-05 1.1378007093e-04 1.9980436878e+01
-1.2530750196e-04 7.1268884421e-05 5.2519653699e+01
2.1767207148e-04 7.0213630764e-05 2.1069025772e+01
-2.8500897626e-04 1.1635163730e-05 2.6874179973e+01
-2.8169769171e-04 1.1447488206e-05 2.9422805148e+01
5.5553959934e-05 1.1271515298e-04 1.9173162562e+01
-2.0847842599e-04 7.1425727367e-05 5.2720091601e+01
2.8051253378e-04 1.4674391886e-05 1.8991177794e+01
-3.4328300255e-04 1.4598322892e-05 2.2030322858e+01
3.6139827667e-04 1.4817691742e-05 1.7322123641e+01
3.5753629295e-04 1.4547774464e-05 1.7429682243e+01
-3.6190586164e-05 1.1194738602e-04 4.9328221233e+01
3.0577779313e-04 4.0352281687e-05 1.7693080603e+01
3.0204713906e-04 4.0022969763e-05 1.7610941734e+01
1.0643232519e-05 1.2641128900e-04 -2.8868551582e-01
1.9207341035e-05 1.3036573333e-04 1.1925555490e+01
5.0571002400e-05 1.4341032270e-04 2.2664857019e+01
5.3934680878e-05 1.4463280716e-04 2.2361612218e+01
5.7327840334e-05 1.4583109650e-04 2.2132388238e+01
5.7907663951e-05 1.4908582462e-04 2.2111165233e+01
-2.1345261705e-04 4.3809948103e-05 5.4186384827e+01
-2.1130124965e-04 4.9364847313e-05 5.3870957314e+01
-1.9935130445e-04 4.8547643287e-05 5.4809361653e+01
-2.1171971154e-04 1.6442474617e-05 5.7812808809e+01
-2.7101031980e-04 7.7301379695e-06 3.7982521897e+01
2.9523282754e-04 1.2099691990e-05 1.7092823593e+01
3.2640123067e-04 8.0437763131e-05 1.7908891841e+01
2.7164166575e-04 1.1609256550e-05 2.0914802112e+01
2.6764593253e-04 1.1537422884e-05 2.1719991402e+01
3.7540764943e-05 1.1232531003e-04 1.2987493759e+01
4.0786478740e-05 1.1342507347e-04 1.4922579032e+01
3.0202616509e-05 1.0724659808e-04 6.2535131288e+00
2.7977290241e-05 1.0909170999e-04 4.9571754209e+00
2.1750278420e-05 1.0702356710e-04 -2.1822919139e-01
1.7741829592e-05 1.0329649631e-04 -1.2735974437e-02
1.2651332875e-05 1.0412517423e-04 -8.2391737000e-04
9.6889980982e-06 1.0322801073e-04 1.7334254836e-03
5.8322202731e-06 9.9840601390e-05 1.2695125348e-02
1.2008818703e-07 9.8347073242e-05 2.8148961978e-01
-4.5018471303e-06 9.9367519018e-05 5.4328293108e+00
-9.8851899353e-06 9.8108116470e-05 3.0238819552e+01
-1.3557941527e-05 9.5256373494e-05 3.3110786837e+01
-1.9075003043e-05 9.4224268248e-05 3.7534899393e+01
-2.1859507423e-05 9.3753334056e-05 3.9446431624e+01
-2.6372065663e-05 9.5048818495e-05 4.2483274001e+01
-3.1980502334e-05 9.4282957916e-05 4.4945059955e+01
-4.0447289048e-05 9.3357991255e-05 4.7312022453e+01
-5.0225871899e-05 9.0641800318e-05 4.8604060025e+01
-5.3084360510e-05 9.0467709671e-05 4.8857343627e+01
-5.8801874676e-05 9.0178006728e-05 4.9186373949e+01
-6.4516888498e-05 8.9958768150e-05 4.9344641104e+01
-6.7372466601e-05 8.9873050980e-05 4.9379973206e+01
-7.3078138703e-05 8.9744660226e-05 4.9394340158e+01
5.4042529081e-05 1.1786156577e-04 1.9907313415e+01
5.0688624717e-05 1.1675106437e-04 1.8998090228e+01
1.9811682475e-04 6.7564799140e-05 2.2546569923e+01
-2.3541992952e-04 1.2004581572e-05 5.3360997914e+01
1.4799584095e-04 9.0368385568e-05 2.2710592928e+01
-2.7465095130e-04 7.7968612567e-06 3.5478925600e+01
-1.2703023325e-04 5.3235553896e-05 5.5928410821e+01
-2.1223696038e-04 2.6124835441e-05 5.6428827919e+01
-2.5192130898e-04 2.5973569610e-05 4.7028235511e+01
-2.4874144391e-04 2.5770128038e-05 4.8179104489e+01
3.5668763999e-04 4.7716401555e-05 1.7763867873e+01
-2.9246762445e-04 6.5578886499e-06 2.0388523553e+01
-2.8895585526e-04 6.4496310062e-06 2.4113374843e+01
-3.1124234821e-04 1.9768886230e-05 1.7976468012e+01
2.8419944461e-04 1.1185402712e-04 1.7810404438e+01
-1.7717232918e-04 9.4964500223e-05 5.1479494902e+01
-2.4026133829e-04 7.5837415033e-05 5.3286462949e+01
-3.4214353588e-04 3.0625215631e-05 1.9200858943e+01
-6.3718649276e-05 1.1628942159e-04 4.5721170638e+01
2.2139045675e-04 1.3728183341e-04 1.7114808467e+01
1.9561894412e-04 1.4445849201e-04 1.7532663107e+01
3.0222220277e-04 9.9151158076e-05 1.7877024058e+01
-1.9354873403e-04 9.0832813877e-05 5.2241452865e+01
2.0486342036e-04 1.4017499697e-04 1.7361856032e+01
3.6627533088e-04 3.4505666939e-05 1.7493135495e+01
3.1164313674e-04 9.4374748563e-05 1.7890546305e+01
2.5631450262e-04 1.2547506338e-04 1.7596682283e+01
1.0543505982e-04 1.5425117063e-04 1.9982216338e+01
-3.1283795514e-04 4.3423951858e-05 4.4687706379e+00
-3.1660027586e-04 4.2188431800e-05 1.0942783720e+01
3.1473931147e-04 1.2633591180e-05 1.7595202724e+01
2.7957982266e-04 1.1754678211e-05 1.9281855029e+01
-9.4797923646e-05 1.1198145454e-04 4.7123628964e+01
-2.2573761892e-04 5.2769925632e-05 5.2461909336e+01
2.0848473450e-04 1.4089654456e-04 1.7169964467e+01
-1.5429040450e-04 2.8532574826e-05 6.0472019535e+01
1.2685257217e-04 1.3259420561e-04 2.0120593392e+01
1.2318955938e-04 1.3171040311e-04 2.0267491339e+01
9.9575716458e-05 1.3162815609e-04 2.1158060231e+01
9.5977633442e-05 1.3064336885e-04 2.1363207675e+01
2.8511308055e-04 9.8779772561e-05 1.7763482801e+01
6.7715543060e-05 1.2227217407e-04 2.2115989099e+01
7.1188052744e-05 1.5041709491e-04 2.1429755975e+01
2.7171111300e-04 8.3554068661e-05 1.7367563359e+01
1.9842755515e-04 1.0250404143e-04 1.9513262233e+01
-8.1642910615e-05 8.9648979226e-05 4.9342919068e+01
2.6944851364e-04 8.9520164795e-05 1.7410825851e+01
-1.3126299718e-04 7.1455048449e-05 5.2507487092e+01
3.6295504467e-04 3.7669019311e-05 1.7598952682e+01
2.3437453532e-04 9.0312776330e-05 1.8434975718e+01
-2.8405473886e-05 1.1307836472e-04 4.8442815381e+01
-1.0986878237e-04 9.0018093237e-05 4.9286030031e+01
3.3118081493e-04 3.9707902354e-05 1.7959594834e+01
2.8851301445e-04 4.5055055674e-05 1.7295501006e+01
2.8549761952e-04 4.7859819342e-05 1.7168115505e+01
2.8478741963e-04 4.4727063147e-05 1.7060819762e+01
2.8177446352e-04 4.7517988532e-05 1.7105561364e+01
2.8104243718e-04 4.4408013012e-05 1.7328307065e+01
-2.4086971549e-04 6.6426385839e-05 5.2125740389e+01
2.8055854608e-04 7.5382851074e-05 1.7481122517e+01
2.6304316691e-04 7.6088093761e-05 1.7346222451e+01
2.6670835956e-04 7.6584035870e-05 1.7042100577e+01
-2.4551858369e-04 2.5586612008e-05 4.9256211804e+01
-2.2245299376e-04 4.4481327656e-05 5.3140231678e+01
-2.7534800691e-04 5.7844813827e-05 4.7897028387e+01
-2.6751049494e-04 4.0269394899e-05 4.2529701975e+01
1.1673437754e-04 1.2120364120e-04 2.1249123995e+01
-2.5328748269e-04 6.2623688273e-05 5.1083507991e+01
1.0103268641e-04 1.5005117773e-04 2.0234530060e+01
-1.2056512788e-04 5.3147525266e-05 5.5896990945e+01
1.0309558232e-04 1.2069284778e-04 2.1955003039e+01
1.0044394010e-04 1.2293998922e-04 2.1863221505e+01
-1.2222575998e-04 1.0472320781e-04 4.8522264812e+01
2.8445697467e-04 9.5366795438e-05 1.7736020309e+01
-1.8497682277e-04 3.3858404903e-05 5.8021972140e+01
-1.9091023952e-04 7.5473953675e-05 5.2453549217e+01
-1.9357464222e-04 7.5789580029e-05 5.2468210825e+01
-1.4513210217e-04 7.0106290215e-05 5.2781732496e+01
1.6218942837e-04 9.0213545208e-05 2.2092209645e+01
-1.6645798678e-04 5.7959008812e-05 5.4668788143e+01
2.0042288817e-04 1.3620588049e-04 1.7704271148e+01
-2.9461215374e-04 1.2389721077e-05 1.8277913626e+01
-2.9843650357e-04 1.0681536189e-05 1.8149494755e+01
-3.0172287936e-04 1.0969035949e-05 1.8086315799e+01
-1.9016204398e-04 4.8051128194e-05 5.5416072027e+01
2.1177794157e-04 6.3713483635e-05 2.2129748124e+01
3.0270410342e-04 4.3235914310e-05 1.7653545242e+01
-1.4879086940e-04 8.5952576249e-05 5.0680556060e+01
-1.6595404642e-04 3.0253997701e-05 5.9736359658e+01
-2.1107401646e-04 7.1812960952e-05 5.2709818102e+01
-2.2002928755e-04 2.9742588887e-05 5.4792063286e+01
2.0783623636e-04 6.3207736253e-05 2.2432647595e+01
2.7727422926e-04 4.4096517712e-05 1.7857846666e+01
3.0231740267e-04 2.4480707578e-05 1.7463382192e+01
-3.4515938173e-04 1.1598892250e-05 2.2186173509e+01
-3.4868786244e-04 1.2190231813e-05 1.9710763972e+01
-1.2654755796e-04 9.0667013435e-05 4.9544957116e+01
1.5354347314e-04 1.2967193089e-04 1.9412667682e+01
1.5724665081e-04 1.3046352364e-04 1.9273207742e+01
-2.9320966069e-04 2.5693331856e-05 1.7297992282e+01
1.4063071864e-04 1.3281172442e-04 1.9638928461e+01
1.1315771566e-04 1.3220504428e-04 2.0567697941e+01
1.5983549543e-04 1.0426384183e-04 2.0921234656e+01
2.5567070671e-04 9.0494281065e-05 1.7063034271e+01
-2.1752284180e-04 5.3871196444e-05 5.3085808242e+01
2.9691918628e-04 3.3391322391e-05 1.7408317679e+01
1.4206215532e-04 1.0355239866e-04 2.1701497486e+01
1.1413597296e-04 1.0309026654e-04 2.2919954454e+01
1.1787114500e-04 1.0396629281e-04 2.2908798970e+01
3.0540175257e-04 2.1553561737e-05 1.7508131480e+01
-1.7460281730e-04 1.6195345270e-05 6.1747862492e+01
-2.4964202553e-04 1.0599809069e-05 4.8798601018e+01
8.1756472098e-05 1.2657489815e-04 2.2594151493e+01
1.9417206894e-04 6.7008478686e-05 2.2870474999e+01
1.8214314112e-04 1.3257249498e-04 1.8472537935e+01
1.8495915870e-04 1.3010102533e-04 1.8499039853e+01
2.0177222158e-04 5.6821214715e-05 2.2731090044e+01
1.4909489695e-04 9.3453125453e-05 2.2338182223e+01
-3.0652685254e-04 7.1837785498e-06 1.8576992230e+01
-2.8866893474e-04 3.9259742016e-05 2.9298657767e+01
2.4063394391e-04 1.3178765252e-04 1.7418274405e+01
-2.9058044704e-04 2.5044870882e-05 1.6614587734e+01
-2.4767389382e-04 4.7508573610e-05 4.9414949510e+01
-2.4484998820e-04 4.9194992183e-05 5.0053893667e+01
2.6273677957e-04 1.2361377301e-04 1.7664723765e+01
2.6559114242e-04 1.2097041225e-04 1.7681161651e+01
-3.1999185475e-04 1.6099848243e-05 1.9865582320e+01
-3.2062571539e-04 4.0847118473e-05 1.7236029580e+01
1.2928600127e-04 1.5425130635e-04 1.9167102706e+01
1.2563526672e-04 1.5336252107e-04 1.9319572826e+01
-3.3429587978e-04 3.6033686418e-05 2.1372918494e+01
-1.3971402925e-04 1.0381025771e-04 4.9538082378e+01
3.2693958170e-04 8.4098878379e-05 1.7896453951e+01
3.2999431898e-04 8.1393453604e-05 1.7899752251e+01
2.1856344709e-04 1.3983420463e-04 1.7101058198e+01
3.2315186459e-05 1.4536273391e-04 2.1398377956e+01
-2.8932631593e-04 5.6692087887e-05 4.5917947007e+01
7.1843082314e-05 1.5365688820e-04 2.1387288818e+01
-1.4933854578e-04 1.0258476391e-04 5.0075464628e+01
7.5375202848e-05 1.5475209645e-04 2.1232973707e+01
-3.0649059761e-04 4.9459250878e-05 3.0440290507e+01
-1.0773541358e-04 1.1246372921e-04 4.8048079768e+01
-1.0514905120e-04 1.1237647296e-04 4.7857266581e+01
9.8982338542e-05 1.5553167609e-04 2.0191474455e+01
9.5378735616e-05 1.5453848271e-04 2.0357211924e+01
9.4617482546e-05 1.5130629787e-04 2.0452993297e+01
9.1785798555e-05 1.5353172707e-04 2.0527283518e+01
3.2976903283e-04 9.8520490067e-06 1.7717076824e+01
-1.3093541713e-04 1.0736212564e-04 4.9153781036e+01
3.6640285783e-04 3.8516251309e-05 1.7560788767e+01
-1.2141836125e-04 1.0885714903e-04 4.8635537231e+01
3.3368685777e-04 9.9650467959e-06 1.7738804244e+01
3.5695744864e-04 5.1602322293e-05 1.7774689484e+01
3.5381533136e-04 5.4564734787e-05 1.7806617905e+01
3.6012322108e-04 4.8615746828e-05 1.7738226746e+01
3.6970666078e-04 3.5362094401e-05 1.7456132479e+01
3.6096882887e-04 1.1163007074e-05 1.7253544530e+01
3.5705313000e-04 1.0993519491e-05 1.7406481429e+01
3.6487279671e-04 1.1384132819e-05 1.7026378747e+01
1.3239231495e-04 1.2792228299e-04 2.0216007489e+01
1.4957090830e-04 8.4986188200e-05 2.2964242868e+01
3.4542785841e-04 1.0350618723e-05 1.7666369506e+01
1.0501074128e-04 1.2711701406e-04 2.1289355329e+01
3.1084105663e-04 1.2503899385e-05 1.7525828108e+01
4.8281137307e-05 8.4705506127e-05 1.2060443836e+01
-7.3001672724e-05 9.3647773534e-05 4.8878512998e+01
6.8330901354e-05 1.5254424029e-04 2.1561745608e+01
2.8154190014e-04 9.8081520500e-05 1.7717381923e+01
4.9996619638e-05 1.4013665027e-04 2.2918677068e+01
2.4272292023e-04 1.2585786403e-04 1.7372729412e+01
-3.6464410736e-04 1.1133962299e-05 1.6954176232e+01
2.3064982002e-04 8.9750297620e-05 1.8693713403e+01
2.1743844846e-04 4.7487122248e-05 2.2705050333e+01
2.0217611443e-04 1.0314902834e-04 1.9302827722e+01
3.0614242721e-04 2.4684926206e-05 1.7558846254e+01
-2.7665429129e-04 6.1303195602e-05 4.9685294618e+01
2.5772670982e-04 1.1609977268e-04 1.7525036433e+01
2.0035573424e-04 8.5139274158e-05 2.0741355096e+01
-1.1621323663e-04 1.0857590394e-04 4.8280399533e+01
-2.2540536258e-04 4.4729797779e-05 5.2763152117e+01
-3.0715754617e-04 2.1505651957e-05 1.7225762749e+01
2.8352482362e-04 7.2634974640e-05 1.7516821289e+01
2.9011895680e-04 7.0383845911e-05 1.7632004508e+01
1.6361459019e-04 1.0500375836e-04 2.0718492736e+01
3.2537618193e-04 4.9096375561e-05 1.7960412075e+01
1.2040784529e-04 1.2210013021e-04 2.1010162961e+01
9.2215595157e-05 1.1777580714e-04 2.2924137119e+01
9.0584554541e-05 1.2320101904e-04 2.2416551570e+01
-2.6133957882e-04 2.4820277187e-05 4.2943396490e+01
-1.5834497770e-04 9.9173152838e-05 5.0517598241e+01
-2.0736874748e-04 4.3440425432e-05 5.4807367721e+01
3.2940039902e-04 7.7634411630e-05 1.7910116860e+01
-2.8093656507e-04 3.9083267312e-05 3.5035601444e+01
-1.3667111998e-04 5.3407623079e-05 5.5890741640e+01
-1.3986770519e-04 5.3475707852e-05 5.5858975739e+01
9.1032702503e-05 1.5029741246e-04 2.0622066429e+01
8.5357651105e-05 1.5470979834e-04 2.0787847593e+01
-5.8360991567e-05 5.3598400758e-05 5.0521039660e+01
-2.2604364277e-04 6.7788774002e-05 5.2545739730e+01
1.8607959539e-04 1.2122528262e-04 1.8899280506e+01
2.1417278612e-04 1.3582649963e-04 1.7143054616e+01
-1.6349810278e-04 9.9729363859e-05 5.0821743654e+01
-1.1732252887e-04 5.3111609545e-05 5.5861156018e+01
-8.5558743805e-05 1.1393964451e-04 4.6689002198e+01
-3.1210777270e-04 3.5505793914e-05 1.2493736610e+01
-1.7632559259e-04 4.3917533959e-05 5.6769736428e+01
1.6164011851e-04 1.4651854517e-04 1.8440381766e+01
1.5883386681e-04 1.4894261948e-04 1.8410183367e+01
1.6249657486e-04 1.4974294129e-04 1.8287643599e+01
1.6334801177e-04 1.5297052642e-04 1.8133585877e+01
-1.3422772276e-04 7.1559388631e-05 5.2499878240e+01
3.3760154858e-04 3.3648349495e-05 1.7931754206e+01
2.6050186037e-04 2.5481177690e-05 2.1699886130e+01
3.0689562096e-04 8.6484612849e-05 1.7885425026e+01
2.3772568171e-04 7.5774143356e-05 1.9232512102e+01
-1.9819055064e-04 8.9400438154e-05 5.2433532537e+01
1.7027878508e-04 1.2714513709e-04 1.9123508674e+01
1.7117362069e-04 1.3034106986e-04 1.8925373017e+01
-1.4127099594e-04 3.4864183637e-05 5.9490312192e+01
-1.4863380698e-04 1.0036422354e-04 4.9987947474e+01
-1.6315114707e-04 8.0976562854e-05 5.1530924407e+01
1.6615793596e-04 1.5053620857e-04 1.8151441755e+01
-1.5822940196e-04 6.6936425391e-05 5.3295642630e+01
2.0227253299e-04 9.1301779340e-05 2.0134689339e+01
2.5343051305e-04 1.1207569408e-04 1.7389309396e+01
1.1916560667e-04 1.5477835927e-04 1.9505244406e+01
1.4747478976e-04 9.8884754488e-05 2.1898328193e+01
2.7145175027e-04 9.9445665529e-05 1.7579795936e+01
-2.6739835684e-04 2.5404001113e-05 3.9689934373e+01
-6.8201508960e-05 5.3335613657e-05 5.2367486760e+01
2.2485655842e-04 9.4882567206e-05 1.8694404941e+01
-2.1605507735e-04 7.0436797009e-05 5.2703978123e+01
3.7656041677e-04 2.0362185469e-05 1.6268934995e+01
3.7661006201e-04 1.6182400771e-05 1.3071237056e+01
3.7650158491e-04 2.4590506150e-05 1.7268468636e+01
3.8017371978e-04 1.6715170692e-05 1.0858020201e+01
3.5642391097e-04 4.3856240147e-05 1.7749923865e+01
-4.9785999383e-05 2.8842582956e-05 5.1313636274e+01
2.6359809194e-04 9.4889389642e-05 1.7348483628e+01
1.8863756894e-04 1.3081932565e-04 1.8347811368e+01
-1.0091896696e-04 5.3022063011e-05 5.5418048871e+01
-7.1486068971e-05 5.3267298031e-05 5.2865479470e+01
-7.8057583054e-05 5.3157381632e-05 5.3708715827e+01
-2.0201377667e-04 6.2334369942e-05 5.3283233337e+01
1.7650047984e-04 8.9905833332e-05 2.1473218802e+01
-1.8207531187e-04 1.6229920110e-05 6.1207515134e+01
3.9261514890e-05 8.5055168843e-05 8.2948054051e+00
3.5931283468e-05 8.4300149465e-05 6.6114327808e+00
3.0474765449e-05 8.5399472632e-05 3.7347930997e+00
2.7231818682e-05 8.4670248382e-05 1.8957333320e+00
2.2914637109e-05 8.1484000344e-05 3.7275991556e-01
1.6604312563e-05 8.0215191774e-05 5.3155279198e-03
1.3501911308e-05 7.9616027805e-05 2.2462206080e-04
8.4892399984e-06 8.0803694638e-05 1.4682931072e-02
5.4895562958e-06 8.0247772868e-05 -7.5298776961e-02
-4.4023457400e-06 7.6525085766e-05 1.8269585185e+01
-1.0172838682e-05 7.5664880521e-05 2.8872139737e+01
-1.3083071576e-05 7.5258386034e-05 3.1222609745e+01
-1.7758000528e-05 7.6587259297e-05 3.4494678369e+01
-2.3653873368e-05 7.5864297458e-05 3.8122272450e+01
-2.6624433721e-05 7.5533201997e-05 3.9736749625e+01
-4.6090071653e-05 7.2029224255e-05 4.7095937296e+01
-4.9147401529e-05 7.1846492514e-05 4.7865157958e+01
-5.5274574606e-05 7.1532770980e-05 4.9146092224e+01
-5.8342564400e-05 7.1398477682e-05 4.9672048824e+01
-6.4483400117e-05 7.1175640045e-05 5.0528957729e+01
-6.7554813986e-05 7.1084507456e-05 5.0872753475e+01
-7.2093710139e-05 7.2800841986e-05 5.1130480917e+01
-7.6765569052e-05 7.0885857001e-05 5.1633998373e+01
-8.1233031516e-05 7.2655748999e-05 5.1660366127e+01
-8.5959877644e-05 7.0787695256e-05 5.2090564093e+01
-9.0348352198e-05 7.2606400035e-05 5.1957145922e+01
2.8249578245e-05 8.0341335477e-05 2.8200834855e+00
9.3468498686e-06 7.6735840682e-05 7.2248485999e-03
3.5128032233e-07 7.5244323484e-05 1.4111677853e+00
-2.6171937302e-05 7.1790490908e-05 3.9271050726e+01
-3.5263120784e-05 7.0960305362e-05 4.3439758734e+01
-5.8400032750e-05 7.5072247983e-05 4.9589064060e+01
-4.9324637162e-05 7.5530737867e-05 4.7980234300e+01
-4.0283860759e-05 7.6149610741e-05 4.5575348716e+01
-3.1306339395e-05 7.6946745560e-05 4.2158848954e+01
-5.1032282525e-06 8.0458763102e-05 1.9857044419e+01
2.1938241819e-05 8.5765045954e-05 -6.7485986529e-02
-2.2056895750e-04 5.8318392285e-05 5.2721485808e+01
-2.7654042667e-04 4.5140660742e-05 4.0777443008e+01
5.0542349942e-05 9.0178858546e-05 1.3645384147e+01
5.3977479554e-05 9.1028592459e-05 1.4901845938e+01
-1.1404784264e-04 6.7316813008e-05 5.3190261640e+01
-3.1350525066e-04 7.6570176441e-06 1.8307836674e+01
-1.1407463826e-04 5.3081512635e-05 5.5810182880e+01
-1.0426162758e-04 8.9869890183e-05 4.9251961451e+01
-1.9980009635e-04 2.9168785280e-05 5.7514610412e+01
-8.1343277112e-05 5.3115045961e-05 5.4061459000e+01
-8.4628120107e-05 5.3080696886e-05 5.4373008098e+01
-8.1024459450e-05 5.6575427187e-05 5.3599502775e+01
2.5846354841e-04 5.7353771628e-05 1.8987202110e+01
-1.7117172412e-04 7.2392242253e-06 6.3357046744e+01
2.4605255545e-04 7.9894461464e-05 1.8356915668e+01
2.3421511739e-04 6.3555508851e-05 2.0526106664e+01
2.6325828478e-04 3.4239414864e-05 2.0435008515e+01
1.8562924209e-04 7.4223041891e-05 2.2524290366e+01
2.7467287846e-04 8.7847787098e-06 2.0386531256e+01
2.7465237053e-04 8.0841950078e-05 1.7406395791e+01
3.3589639125e-04 7.5677009608e-05 1.7898197440e+01
3.3539410823e-04 7.1943205927e-05 1.7906347315e+01
3.3888294895e-04 7.2820383493e-05 1.7899824551e+01
2.4952924501e-04 6.5320521318e-05 1.9152961374e+01
2.6365659378e-04 1.1445032180e-05 2.2613672872e+01
2.5962345335e-04 1.1371433905e-05 2.2906430161e+01
5.9786692608e-05 8.9913426004e-05 1.6351499378e+01
6.3287493965e-05 9.0764155815e-05 1.7286276937e+01
2.8018788287e-04 5.6573660359e-05 1.7059091994e+01
-2.0828349225e-04 3.4522822815e-05 5.5818163383e+01
-7.1478955532e-05 1.0774602893e-04 4.6738669520e+01
-9.8632413690e-05 8.9757207507e-05 4.9244441244e+01
-9.5810657580e-05 8.9714546174e-05 4.9250049924e+01
2.6075599348e-05 1.0340957274e-04 1.3803013640e+00
3.2576229990e-04 9.7937849949e-06 1.7692641294e+01
6.4414099588e-05 9.3637626173e-05 1.7913595828e+01
6.7934911719e-05 9.4522713249e-05 1.8690998786e+01
7.1475327776e-05 9.5413555309e-05 1.9370942990e+01
6.4863370702e-05 1.1277098618e-04 2.0666291015e+01
-2.3120962118e-04 5.3482083744e-05 5.1950794603e+01
2.5152156992e-04 1.1189273476e-05 2.2104487920e+01
2.4745682689e-04 1.1098690207e-05 2.1768641556e+01
7.7489084454e-05 9.4236350476e-05 2.0046838945e+01
8.1085570049e-05 9.5114538142e-05 2.0534672775e+01
-1.9324642138e-04 4.8204342179e-05 5.5223462988e+01
8.2206635029e-05 9.8109243616e-05 2.0921458154e+01
5.4576515468e-05 1.0964459904e-04 1.8364103959e+01
2.4338415481e-04 1.1002213165e-05 2.1439434622e+01
2.3932069467e-04 1.0899993663e-05 2.1100365840e+01
2.3833954913e-04 8.1854389988e-06 2.0717308316e+01
3.4204500024e-04 6.9911727308e-05 1.7894362920e+01
3.4523055367e-04 6.7064337153e-05 1.7882522932e+01
3.4457443037e-04 6.3320772826e-05 1.7874031064e+01
-1.3528645421e-04 6.7850071591e-05 5.3161411516e+01
2.3526917257e-04 1.0786106268e-05 2.0738491257e+01
2.3429774652e-04 8.0971994545e-06 2.0313499403e+01
2.3122088169e-04 1.0671584747e-05 2.0353330760e+01
2.3030874250e-04 7.9718043462e-06 1.9873207799e+01
2.2718432875e-04 1.0549952090e-05 1.9941398466e+01
2.2636308757e-04 7.8387650978e-06 1.9410297585e+01
1.3743975227e-05 9.9749753852e-05 1.9383536981e-04
2.0205215860e-04 6.8110970959e-05 2.2283554839e+01
-1.9356770995e-04 6.1556761088e-05 5.3577895492e+01
2.2229653441e-04 7.7895781834e-06 1.8911734260e+01
2.1818231820e-04 7.7362402832e-06 1.8367202207e+01
-2.0376177645e-04 7.5021937040e-05 5.2611020761e+01
2.1279145483e-04 6.6698506366e-05 2.1741462176e+01
7.7944017871e-06 9.8115862582e-05 -5.1834948168e-03
2.1414904404e-04 7.6464194074e-06 1.7788670045e+01
-3.0302361705e-04 6.9879110060e-06 1.8945266661e+01
2.7501809713e-04 4.9944631180e-05 1.7777235057e+01
2.0610413044e-04 7.4674057529e-06 1.6502668336e+01
2.0213400465e-04 7.3446685657e-06 1.5785431572e+01
1.9820430775e-04 7.2176581320e-06 1.5035107453e+01
3.4763668369e-04 6.0428857199e-05 1.7855219322e+01
-9.0152843677e-05 8.9658597903e-05 4.9277191203e+01
1.9415224736e-04 7.1644730449e-06 1.4238226446e+01
1.9005845533e-04 7.1019758790e-06 1.3383352756e+01
2.4254948358e-04 9.4620255395e-05 1.7685082129e+01
2.3887300095e-04 9.4043698084e-05 1.7939523285e+01
-3.6104515937e-06 9.5300404980e-05 4.3941823402e+00
1.8603015005e-04 7.0171324094e-06 1.2485640719e+01
1.8201452777e-04 6.9288435940e-06 1.1524907082e+01
1.7800426889e-04 6.8381069631e-06 1.0523100078e+01
1.7012338274e-04 6.5937760222e-06 8.3311845562e+00
-3.0685029735e-04 3.9459830358e-05 8.4860067195e+00
-9.0734521391e-06 9.4104621078e-05 2.9639845632e+01
1.6608275697e-04 6.5343788971e-06 7.1712467988e+00
1.6200090900e-04 6.4671641100e-06 5.9338894544e+00
1.5798213983e-04 6.3828102922e-06 4.7276579774e+00
1.5398192366e-04 6.2896976461e-06 3.4376996423e+00
2.8948624548e-04 6.7100597599e-05 1.7587611543e+01
2.9310897202e-04 6.7600900570e-05 1.7664045521e+01
-1.4327587156e-04 8.5591730214e-05 5.0565345526e+01
-1.4050265111e-04 8.5424986098e-05 5.0513079224e+01
2.9373104922e-04 7.0911156380e-05 1.7701280306e+01
1.4998620808e-04 6.1966163025e-06 1.8082780853e+00
1.4604090929e-04 6.0765989396e-06 7.2927353500e-01
3.7654794633e-04 1.2103705744e-05 1.0664832100e+01
1.9275789552e-04 1.0746840444e-04 1.9436658813e+01
1.3891504390e-04 7.9387926555e-06 1.0479232000e+00
1.3493294552e-04 7.8218379788e-06 2.6809017655e-01
2.9660209378e-04 4.8945710874e-05 1.7568187346e+01
1.3094502773e-04 7.7059180130e-06 -8.1751592714e-02
1.2696987037e-04 7.5887357865e-06 -2.1166839413e-01
1.2300530817e-04 7.4698422605e-06 -4.4977851615e-02
1.1814392045e-04 5.4595867585e-06 -9.1462788302e-03
1.1115107859e-04 7.1213446054e-06 5.1652849286e-02
2.2144882286e-04 4.7898387553e-05 2.2928097640e+01
1.0721364729e-04 7.0091531070e-06 5.1169305196e-02
1.0328397447e-04 6.8997470869e-06 5.4610522177e-02
-3.1446478258e-05 9.0417135138e-05 4.4020397590e+01
9.9362530985e-05 6.7939750710e-06 4.0020036209e-02
9.5449875569e-05 6.6928557129e-06 -3.0619309754e-02
9.1546482068e-05 6.5981364151e-06 -2.2368822396e-01
2.7077655631e-04 9.6117401665e-05 1.7529448099e+01
-3.7162347985e-05 8.9780877233e-05 4.5994627167e+01
7.6015362853e-05 6.3250241131e-06 -5.1549312634e-01
7.2145600828e-05 6.2865636085e-06 3.0864963189e+00
6.8278188027e-05 6.2587498734e-06 1.0429529860e+01
6.4414653875e-05 6.2404915103e-06 2.0641329253e+01
6.3561469849e-05 1.4490716764e-04 2.1857998367e+01
4.9025064352e-05 6.2128769546e-06 2.9113448833e+01
4.5183247596e-05 6.2003800394e-06 2.9610813931e+01
4.1345252602e-05 6.1869366686e-06 3.0143965494e+01
2.2024668690e-05 6.1330326285e-06 3.4237683134e+01
1.8153806864e-05 6.1190084924e-06 3.5267278873e+01
1.4279243773e-05 6.1045075558e-06 3.6353067641e+01
-5.1483794904e-06 6.0284392498e-06 4.2350489932e+01
-9.0444323579e-06 6.0130941619e-06 4.3606418206e+01
-1.2944771578e-05 5.9981656970e-06 4.4862643605e+01
-3.6400004403e-05 5.9134260192e-06 5.2012112487e+01
-4.0317822698e-05 5.9011013449e-06 5.3086817109e+01
-6.3860168427e-05 5.8389451704e-06 5.8524910864e+01
-6.7789045379e-05 5.8304532857e-06 5.9251115075e+01
-7.1717941878e-05 5.8227581554e-06 5.9925151463e+01
-6.7487060173e-05 7.4753918188e-05 5.0611611137e+01
-9.5299377888e-05 5.7886443600e-06 6.2933044954e+01
-3.4322011272e-04 8.1909020034e-06 2.2085325873e+01
-3.3790199182e-04 1.0515736272e-05 2.1795869055e+01
-3.3951477748e-04 7.7666596898e-06 2.1008079093e+01
-3.3434059876e-04 1.0002440647e-05 2.1121687864e+01
-3.3584377712e-04 7.3627922382e-06 2.0095636791e+01
5.4930496887e-05 1.2102055222e-04 2.0672128273e+01
1.6746934002e-04 1.2958612836e-04 1.9078718122e+01
1.6657647599e-04 1.2639113531e-04 1.9261264423e+01
1.9021851991e-04 6.6442756131e-05 2.2964829878e+01
1.8626026109e-04 6.5870585252e-05 2.2812534548e+01
1.7947034765e-04 6.7652098817e-05 2.2729543844e+01
1.7551903070e-04 6.7055848729e-05 2.2615259181e+01
1.7665203652e-04 7.0008795728e-05 2.2788105272e+01
1.7156917478e-04 6.6453872654e-05 2.2475896552e+01
1.6762118969e-04 6.5850982239e-05 2.2345832707e+01
1.6367731514e-04 6.5245569768e-05 2.2207285828e+01
1.5696996964e-04 6.6907218846e-05 2.2141368618e+01
1.5859786830e-04 6.1777698192e-05 2.1847058371e+01
1.5304754632e-04 6.6282587948e-05 2.2006473712e+01
1.4913264930e-04 6.5658171805e-05 2.1859244641e+01
1.4796182770e-04 6.2816881461e-05 2.1617170569e+01
1.4522494361e-04 6.5033956259e-05 2.1702038197e+01
1.4405140849e-04 6.2210581160e-05 2.1445297911e+01
1.4014930308e-04 6.1605067053e-05 2.1261820178e+01
1.3625587813e-04 6.1000814432e-05 2.1065737250e+01
1.2968021983e-04 6.2547621881e-05 2.0948253312e+01
1.3121126301e-04 5.7663992133e-05 2.0530066439e+01
1.2581753744e-04 6.1930620418e-05 2.0723323187e+01
1.2196555685e-04 6.1316454052e-05 2.0481171685e+01
1.2077824910e-04 5.8604763027e-05 2.0135582357e+01
1.1812359893e-04 6.0705560213e-05 2.0220072131e+01
1.1693502231e-04 5.8013837705e-05 1.9859634524e+01
1.1310339396e-04 5.7427193830e-05 1.9562704510e+01
1.0928365773e-04 5.6845525765e-05 1.9242287202e+01
1.0287536889e-04 5.8308127111e-05 1.8940535962e+01
9.9094665429e-05 5.7723666493e-05 1.8547906778e+01
1.0430523051e-04 5.3676241102e-05 1.8470914653e+01
9.5328699242e-05 5.7146146494e-05 1.8119316485e+01
9.4134611810e-05 5.4582341159e-05 1.7667126656e+01
9.1576570097e-05 5.6576992038e-05 1.7650748477e+01
9.0382230695e-05 5.4036220486e-05 1.7181305019e+01
8.6644985400e-05 5.3498435793e-05 1.6649818788e+01
8.2923047755e-05 5.2972014032e-05 1.6069102429e+01
7.6721395292e-05 5.4394728033e-05 1.5295012768e+01
7.3049854081e-05 5.3875813675e-05 1.4568634943e+01
6.9395752649e-05 5.3369184769e-05 1.3783563550e+01
6.2144193491e-05 5.2393702299e-05 1.2043821365e+01
5.8548551252e-05 5.1925946771e-05 1.1098709228e+01
5.4973321319e-05 5.1472098408e-05 1.0114582147e+01
5.3784414192e-05 4.9181028635e-05 9.4461080010e+00
5.9781035182e-05 4.7745999446e-05 1.0744271836e+01
5.0232809618e-05 4.8767700075e-05 8.4313659010e+00
4.6704300132e-05 4.8368207651e-05 7.4138582100e+00
3.9719781885e-05 4.7612494932e-05 5.4510575792e+00
3.6265371697e-05 4.7256726046e-05 4.5493925505e+00
3.0618724852e-05 4.8700378472e-05 3.5356160913e+00
2.7243528520e-05 4.8364116049e-05 2.8849936029e+00
2.3895689882e-05 4.8042703011e-05 2.3482210361e+00
1.4015371255e-05 4.7166298768e-05 1.4281163689e+00
1.4925720713e-05 4.3442070293e-05 -1.2970509903e-01
5.1901413756e-06 4.2784056870e-05 2.5788683495e+01
-2.8675112360e-08 4.4281639255e-05 2.8419918482e+01
-3.2521305889e-06 4.4078843737e-05 3.0264534055e+01
-9.7550057509e-06 4.3688385528e-05 3.3517836667e+01
-1.3032813138e-05 4.3501937419e-05 3.5134879172e+01
-1.8218141091e-05 4.4978600031e-05 3.7270122819e+01
-2.2961581695e-05 4.2982815117e-05 3.9764817108e+01
-2.6299854721e-05 4.2824299423e-05 4.1208966063e+01
-3.1477833088e-05 4.4311657807e-05 4.3083172307e+01
-3.6388094061e-05 4.2395482606e-05 4.5174738250e+01
-4.1548283874e-05 4.3899357810e-05 4.6761005304e+01
-4.4923861738e-05 4.3779067327e-05 4.7846262751e+01
-4.8307273666e-05 4.3667279067e-05 4.8860980976e+01
-5.8554505020e-05 4.0053487709e-05 5.1894433977e+01
-7.2376163128e-05 3.9803278511e-05 5.4586541180e+01
-6.7263533643e-05 3.8241737438e-05 5.3912711695e+01
-7.5837528326e-05 3.9757266725e-05 5.5121005871e+01
-8.6227311582e-05 3.9653552941e-05 5.6435519574e+01
-8.9690337979e-05 3.9629998704e-05 5.6786437321e+01
-9.9230042796e-05 5.7847541502e-06 6.3274826502e+01
1.0318546310e-04 1.3259733435e-04 2.0944496213e+01
4.4949771711e-05 1.1761977701e-04 1.7739015521e+01
4.4871386435e-05 8.3937814407e-05 1.0643222775e+01
3.4928036827e-04 1.0574025147e-05 1.7608007318e+01
1.4581446725e-04 1.0434995841e-04 2.1482947209e+01
-2.7030555054e-04 2.5756356535e-05 3.7928898730e+01
-2.4440948737e-04 5.3500458942e-05 5.0516394953e+01
-2.6673232541e-04 2.9361139450e-05 4.0487263759e+01
-5.3375433031e-05 3.8519418721e-05 5.0838089125e+01
-2.5776662456e-04 3.0300259909e-05 4.4835673420e+01
-6.4576549099e-05 9.3850729801e-05 4.8985109105e+01
-5.8952151011e-05 9.4063648812e-05 4.8978466194e+01
2.1543200486e-05 4.3948355951e-05 1.3646616181e+00
-5.3324360224e-05 9.4347517447e-05 4.8841795001e+01
-3.6459318262e-05 9.5729253465e-05 4.6682702478e+01
8.7196477738e-05 9.3883608412e-05 2.0992100836e+01
9.0842771489e-05 9.4751173750e-05 2.1344515053e+01
9.4504379288e-05 9.5620280350e-05 2.1650367879e+01
9.5633156063e-05 9.8657493259e-05 2.1917770561e+01
9.9308316467e-05 9.9545167896e-05 2.2153737026e+01
1.0299720155e-04 1.0043327857e-04 2.2357389687e+01
-1.4343221115e-05 9.9225409014e-05 3.4364982191e+01
-1.2280811490e-04 5.7710312177e-06 6.4515715314e+01
-1.2673632986e-04 5.7694463671e-06 6.4601796940e+01
1.3567587668e-05 1.0680797479e-04 4.4611145338e-03
-9.9406435708e-05 7.2642377660e-05 5.2106658095e+01
2.0755583032e-04 5.1955836215e-05 2.2636430309e+01
2.0646556253e-04 4.9077237044e-05 2.2425671394e+01
2.0244823106e-04 4.8629302291e-05 2.2256749556e+01
1.9842963391e-04 4.8180114863e-05 2.2085429669e+01
1.9441180351e-04 4.7728618995e-05 2.1908890574e+01
1.9330217255e-04 4.4932087916e-05 2.1638571842e+01
1.9039528276e-04 4.7274604406e-05 2.1723383184e+01
1.8928145679e-04 4.4496415464e-05 2.1443539182e+01
1.8638040744e-04 4.6821665935e-05 2.1537056633e+01
1.8526513024e-04 4.4059722104e-05 2.1243477047e+01
1.8125385816e-04 4.3621962585e-05 2.1031754589e+01
1.7724780932e-04 4.3183328986e-05 2.0809857268e+01
1.7324714724e-04 4.2744115330e-05 2.0576904965e+01
1.6638883028e-04 4.4525918412e-05 2.0483141070e+01
7.5600850883e-05 1.2768629523e-04 2.2858241924e+01
1.6240789160e-04 4.4065734412e-05 2.0241257780e+01
1.5843350342e-04 4.3605521036e-05 1.9989768513e+01
1.3899383711e-04 5.8833667886e-05 2.0965437652e+01
1.5446605754e-04 4.3145457216e-05 1.9728205022e+01
1.5333576936e-04 4.0542106872e-05 1.9253636619e+01
1.5050592959e-04 4.2685824950e-05 1.9458006218e+01
1.4937420914e-04 4.0102208456e-05 1.8960284550e+01
1.4542042848e-04 3.9663239768e-05 1.8659055613e+01
1.4147493143e-04 3.9225367321e-05 1.8349385673e+01
1.5342534946e-04 8.5725223637e-05 2.2910916372e+01
1.3474706675e-04 4.0858459004e-05 1.8291448377e+01
1.3083002767e-04 4.0406476914e-05 1.7982342631e+01
1.2692301259e-04 3.9957441811e-05 1.7666938060e+01
1.2302650068e-04 3.9511927027e-05 1.7346384245e+01
1.1914099719e-04 3.9070538996e-05 1.7019805868e+01
1.0257767672e-04 3.5023813501e-05 1.5003721997e+01
9.8753960481e-05 3.4635710743e-05 1.4623499001e+01
9.4943793717e-05 3.4256587589e-05 1.4215428596e+01
9.1147488728e-05 3.3887107139e-05 1.3765361915e+01
8.4738112643e-05 3.5406598475e-05 1.3343322610e+01
8.0985891583e-05 3.5044965445e-05 1.2717513741e+01
7.7247862876e-05 3.4697174704e-05 1.2015109854e+01
7.3523957299e-05 3.4364668360e-05 1.1223899986e+01
5.3998330602e-05 3.0847431615e-05 5.1488041898e+00
5.0375336609e-05 3.0613934268e-05 3.9864994933e+00
3.9631335184e-05 2.9989247479e-05 6.3304763165e-01
3.6094877450e-05 2.9805972090e-05 4.9460593318e-02
3.2582179856e-05 2.9634942930e-05 4.5664835816e-02
2.6804684927e-05 3.1184449214e-05 -4.4190671862e-01
2.2191246017e-05 2.9193858537e-05 1.1797308832e+01
1.8777484286e-05 2.9070300145e-05 2.3188994991e+01
1.3201921847e-05 3.0625762371e-05 2.8552771780e+01
9.8145587077e-06 3.0503314814e-05 2.9130703163e+01
5.1057219216e-06 2.8622695639e-05 3.1751797715e+01
-4.4794911162e-07 3.0145007923e-05 3.3416051285e+01
-3.9002182319e-06 3.0029301613e-05 3.4845105649e+01
-1.4342396022e-05 2.9697818104e-05 3.9137303098e+01
-1.7849356235e-05 2.9593587129e-05 4.0540057052e+01
-2.1368288574e-05 2.9492960232e-05 4.1915997098e+01
-3.1989906631e-05 2.9215428032e-05 4.5821085485e+01
-3.5549642696e-05 2.9131099249e-05 4.7032007176e+01
1.6648989282e-04 6.2956709672e-05 2.2133037630e+01
1.5634040271e-04 1.2726674639e-04 1.9465539250e+01
7.2789998495e-05 9.0452120734e-05 1.8990019648e+01
2.8775696391e-04 1.1265748736e-04 1.7837740871e+01
2.8997274128e-04 1.0645547700e-04 1.7833688795e+01
2.9352582517e-04 1.0725124547e-04 1.7855361776e+01
-1.9483842433e-04 2.5792957185e-05 5.8542242932e+01
1.3559541659e-04 1.0506797151e-04 2.1845741185e+01
-1.5421194446e-04 5.7712712736e-06 6.4381373444e+01
-1.5813310330e-04 5.7735309649e-06 6.4239077278e+01
2.2216988312e-04 1.4057661329e-04 1.7198952108e+01
-5.5110992916e-05 5.7192897993e-05 4.9565621044e+01
1.7484501874e-04 1.3109904824e-04 1.8768695130e+01
-2.8474874376e-04 4.2973541600e-05 3.5235554690e+01
-1.7712958686e-04 2.5562857082e-05 5.9990488534e+01
-1.8069231083e-04 2.5600459853e-05 5.9746896888e+01
-1.7205814019e-04 4.9096930573e-05 5.6035150841e+01
-1.7520716583e-04 4.9214425398e-05 5.5903065943e+01
-2.2198748734e-04 2.4702578301e-05 5.5033581388e+01
-2.2540699077e-04 2.4796097277e-05 5.4377359707e+01
-2.7548789661e-04 3.9907764799e-05 3.8692540756e+01
-2.3220918068e-04 2.5014424943e-05 5.2908908521e+01
-2.3923959984e-04 5.2582135859e-05 5.1065402967e+01
9.1517654186e-05 1.2642963820e-04 2.1980231409e+01
2.4421919638e-04 1.3253640613e-04 1.7483315149e+01
2.4704845917e-04 1.2994354748e-04 1.7501003202e+01
-3.2860027608e-04 6.6332259127e-06 1.8843077835e+01
-3.2500716511e-04 6.3208002263e-06 1.8488078438e+01
-9.4386741916e-05 5.3029301307e-05 5.5086952278e+01
-9.0644771458e-05 5.6501679868e-05 5.4339879430e+01
-2.8538589550e-04 6.3597267627e-06 2.7387377190e+01
-2.5279102202e-04 4.8451707139e-05 4.8577361334e+01
1.5687471816e-04 1.5458502939e-04 1.8249914346e+01
1.5321341252e-04 1.5376649592e-04 1.8392151831e+01
-2.9391902434e-04 3.8833999836e-05 2.0139383946e+01
-2.2276474195e-04 4.8426350180e-05 5.2892801608e+01
6.1946909871e-05 1.5349732520e-04 2.1923558477e+01
2.0283494360e-04 1.4591951583e-04 1.7188583464e+01
2.0927653512e-04 1.4416523937e-04 1.7035445989e+01
3.7629570797e-04 8.1596714683e-06 9.5541926423e+00
3.6450609084e-04 7.6057675977e-06 1.7088351940e+01
3.2907699287e-04 6.6348479576e-06 1.7667236886e+01
2.9744239039e-04 6.1300553718e-06 1.7127398649e+01
2.6191115622e-04 5.6514714070e-06 2.2888346562e+01
2.4965735055e-04 5.6063483919e-06 2.1546220604e+01
-1.8934846922e-04 9.4492761692e-05 5.2126411436e+01
3.1511863775e-04 9.5161722903e-05 1.7896830811e+01
3.1219026025e-04 9.7908043225e-05 1.7895236177e+01
3.5140416263e-04 6.5189631229e-05 1.7891724038e+01
-4.0318600572e-05 2.9639536791e-06 5.3655220216e+01
-1.3943548871e-04 2.8856265327e-06 6.5104333504e+01
2.1210726205e-04 1.4162936888e-04 1.7027901703e+01
1.6287325562e-04 1.2562900193e-04 1.9386531677e+01
-3.2955420840e-04 3.7801134493e-05 2.2708035994e+01
-3.0218315357e-04 2.5563070870e-05 1.6269485302e+01
-2.4564386072e-04 2.9240756861e-05 4.9100460788e+01
-2.3898055179e-04 2.5268358033e-05 5.1196527860e+01
2.6584620446e-04 8.8946419174e-05 1.7297442054e+01
2.0250058722e-04 1.3045825438e-04 1.7871847487e+01
1.9884893403e-04 1.2974992803e-04 1.8041305161e+01
-1.6284585374e-04 2.5429552802e-05 6.0757187198e+01
-1.5198574550e-04 2.5353436695e-05 6.1126354577e+01
-1.2607024946e-04 5.6732532862e-05 5.5250808440e+01
-2.3557291705e-04 7.6906582819e-05 5.3254993365e+01
-2.3549751042e-04 7.9291722885e-05 5.3533019372e+01
9.8686782419e-05 1.2840585734e-04 2.1433604627e+01
7.6455122642e-05 1.3093166721e-04 2.2316328238e+01
2.6516131880e-04 8.5704326526e-05 1.7199676759e+01
2.7103764413e-04 8.0309903209e-05 1.7285032600e+01
2.0022380997e-04 1.0879772938e-04 1.9042473353e+01
-9.5143929599e-05 3.7971462633e-05 5.7526033238e+01
-1.0007240553e-04 3.9587925699e-05 5.7614270651e+01
-1.0352902792e-04 3.9583547288e-05 5.7823129638e+01
-1.0906539780e-04 3.7952870914e-05 5.8387449371e+01
-1.1387987807e-04 3.9596531769e-05 5.8278645899e+01
-1.1732250236e-04 3.9609002388e-05 5.8379746371e+01
-1.2076060883e-04 3.9625348139e-05 5.8458261285e+01
-1.2638348451e-04 3.8017846727e-05 5.8855965890e+01
3.6644446079e-04 4.2426534450e-05 1.7633835249e+01
-2.8008019069e-04 5.7326368638e-05 4.7149926868e+01
6.7526114738e-05 2.9816352362e-05 8.6497812657e+00
2.7990440024e-04 7.2131447490e-05 1.7414244640e+01
-1.0312725903e-04 1.0803551653e-04 4.7470012489e+01
-1.8430838293e-04 9.3787481943e-05 5.1833627980e+01
-2.6210819496e-04 6.5674025663e-05 5.1593673485e+01
4.9385866996e-05 1.3686103002e-04 2.2821674674e+01
2.3147254975e-04 9.2895000872e-05 1.8444534633e+01
-1.4890136170e-04 7.2190621432e-05 5.2459479754e+01
2.6487986925e-04 1.1756120536e-04 1.7646777897e+01
-2.2112388394e-04 7.1319226477e-05 5.2691013299e+01
-2.4837432059e-04 3.9206741807e-05 4.8549839013e+01
-2.9312194647e-04 5.2868086334e-05 4.1249704841e+01
-2.4362563645e-04 6.2420512238e-05 5.1559555644e+01
-2.3594091179e-04 6.7578463233e-05 5.2345942428e+01
-2.8019672766e-04 2.0928097673e-05 2.9757365087e+01
2.8087653660e-04 9.4697494855e-05 1.7683760779e+01
1.2480097792e-04 1.5013840883e-04 1.9449211394e+01
3.0641592716e-04 4.3594055156e-05 1.7729292795e+01
-2.5393682218e-04 3.9969416059e-05 4.7114374199e+01
1.9801096644e-04 1.2653917473e-04 1.8216170614e+01
-1.8597180194e-04 8.9689121113e-05 5.1871643974e+01
1.5236310683e-04 1.5054190952e-04 1.8534057836e+01
1.4955205080e-04 1.5294051020e-04 1.8536697635e+01
1.6638470736e-04 1.0260657839e-04 2.0806496649e+01
1.9937153899e-04 8.2079327631e-05 2.1066895060e+01
1.3941575756e-04 1.5363638536e-04 1.8844341133e+01
1.4307494379e-04 1.5448758640e-04 1.8696540643e+01
-2.0311579694e-04 9.0387180455e-05 5.2720128065e+01
-2.0773734131e-04 8.8936992385e-05 5.2898934940e+01
-2.1217332951e-04 8.5303294353e-05 5.2942588708e+01
-2.1695484617e-04 8.6312497413e-05 5.3235557298e+01
-2.2160374190e-04 8.5109701548e-05 5.3397115142e+01
1.3049122341e-04 1.2152929169e-04 2.0674767907e+01
-1.2144662537e-04 4.9705862707e-05 5.6561256335e+01
4.9162820712e-05 1.0264441304e-04 1.5381419802e+01
1.0209407865e-04 1.1749325519e-04 2.2340017345e+01
-1.7562407575e-04 6.8008239714e-05 5.3087458651e+01
7.2585774524e-05 9.8378568239e-05 1.9874057634e+01
-2.6701627824e-05 7.4394296554e-06 4.8854826278e+01
1.6182068171e-04 1.3445061684e-04 1.8967029287e+01
1.0780784913e-04 1.0443931167e-04 2.2726070884e+01
-1.4802829742e-04 3.9888615784e-05 5.8422034498e+01
-1.2101534265e-04 9.0416512454e-05 4.9433953155e+01
-1.6727017198e-04 3.8536811821e-05 5.8134133238e+01
2.8318673615e-04 5.3801055328e-05 1.7181989630e+01
1.4798939807e-04 1.3446260710e-04 1.9327697064e+01
1.9587307084e-04 1.2061038820e-05 1.6372501898e+01
1.2161559007e-04 1.0483323463e-04 2.2588860384e+01
1.6776340922e-04 1.1045773045e-05 1.0906088913e+01
-1.7085874210e-04 1.6178395814e-05 6.1979898686e+01
2.2544847528e-04 4.8302628640e-05 2.2892264078e+01
-2.0804550014e-04 1.6407778337e-05 5.8365698605e+01
3.3490301982e-04 1.6628166902e-05 1.7804506725e+01
-2.3626714128e-04 3.0485491061e-05 5.1552595684e+01
1.6205656606e-04 7.0457612310e-05 2.2474176161e+01
3.1691204321e-04 2.2141832776e-05 1.7731557004e+01
-1.7965057821e-04 5.3041575088e-05 5.5120648757e+01
-1.3115313853e-04 8.8899275972e-05 4.9871000033e+01
1.8013905385e-04 4.0912584907e-05 2.0680901169e+01
-1.9922022601e-04 6.2061245844e-05 5.3382426210e+01
-1.1823866306e-04 9.0304095253e-05 4.9387378166e+01
1.3473494052e-04 6.5972488936e-05 2.1434305797e+01
2.7575963093e-04 5.3053182217e-05 1.7521269612e+01
3.2900665920e-04 4.9624542117e-05 1.7965492378e+01
3.2588336449e-04 5.2563001441e-05 1.7960154834e+01
1.0786361699e-04 6.1567642570e-05 1.9685575159e+01
-1.8544617073e-04 6.2871717979e-05 5.3605976111e+01
2.2039618313e-04 4.5009132704e-05 2.2664443760e+01
8.5315113951e-05 5.7998371721e-05 1.7069829958e+01
-1.9506284226e-04 3.4104208243e-05 5.7199975151e+01
-1.9366539050e-04 3.0701678634e-05 5.7863855883e+01
-1.9070885432e-04 6.1323971484e-05 5.3673342705e+01
-1.0483015221e-04 7.6430559156e-05 5.1501721560e+01
-1.9840888576e-04 2.5843665619e-05 5.8172948302e+01
2.8443126051e-04 1.4774383282e-05 1.8224390005e+01
1.8466039564e-05 4.9493453985e-05 1.9944035782e+00
8.7487000638e-06 4.8634555843e-05 3.6146495290e+00
-7.2137520296e-05 4.3110819361e-05 5.4120973354e+01
2.9898598343e-04 4.2891272882e-05 1.7566136004e+01
2.9831427764e-04 3.9704541186e-05 1.7517247401e+01
-2.1785046129e-04 5.7977545414e-05 5.2886145514e+01
4.9094625308e-05 3.4408996687e-05 4.9066758562e+00
3.3852180142e-04 4.0666362478e-05 1.7944059030e+01
5.9948542496e-05 3.5251631786e-05 8.1922931814e+00
9.3436027698e-05 3.8470732887e-05 1.4993835812e+01
1.4374894327e-04 4.4355836790e-05 1.9382726460e+01
1.7152707578e-04 4.7710931563e-05 2.1058649931e+01
3.1307220265e-04 2.1938882620e-05 1.7672343589e+01
3.0693929049e-04 1.2390126292e-05 1.7440776716e+01
-1.3103911133e-04 3.9697521881e-05 5.8572081502e+01
1.0952655531e-04 1.3127825176e-04 2.0764823904e+01
1.2136094058e-04 1.2529404923e-04 2.0729740199e+01
1.3695617942e-04 1.3197669644e-04 1.9807756623e+01
1.4339660974e-04 1.3044157737e-04 1.9675361379e+01
1.8410727351e-04 1.2689416361e-04 1.8679377002e+01
-1.6711823906e-04 1.6165679216e-05 6.2186401345e+01
1.5228302007e-04 1.0276421446e-04 2.1373970802e+01
1.5834199215e-04 8.9496348509e-05 2.2318672392e+01
-2.6092422253e-04 1.2417259974e-05 4.3574467528e+01
-2.7486961629e-04 1.1155922097e-05 3.4965493875e+01
-2.8175852063e-04 6.2854897508e-06 3.0256394937e+01
-1.6257514461e-04 4.8785253633e-05 5.6380304252e+01
-2.7186928975e-04 4.3705164077e-05 4.1990167852e+01
-3.1719490908e-04 2.1266765898e-05 1.9057149898e+01
-3.1570680013e-04 2.3883388108e-05 1.8309506959e+01
-1.3604693840e-04 1.0770565689e-04 4.9508296238e+01
1.4036847287e-04 1.5692579068e-04 1.8711343152e+01
1.6705336122e-04 1.5363274574e-04 1.7989090698e+01
1.7077786868e-04 1.5444790332e-04 1.7836394042e+01
1.7262105451e-04 1.4885877730e-04 1.8020555650e+01
1.7627619565e-04 1.4964446151e-04 1.7881629896e+01
-1.5700289596e-04 1.0324266391e-04 5.0566566401e+01
2.9718515130e-04 1.0809668189e-04 1.7869505806e+01
-8.5389894963e-05 1.1801221198e-04 4.7485875815e+01
1.7990446879e-04 1.5038532865e-04 1.7750016058e+01
1.8637684722e-04 1.4867431486e-04 1.7649185297e+01
2.7264903563e-04 1.2247337125e-04 1.7756106052e+01
-2.4489465192e-04 7.7055686202e-05 5.3687037883e+01
-1.1272490971e-04 1.1247167674e-04 4.8400315721e+01
2.1297170328e-04 1.4481690257e-04 1.7069190874e+01
2.2295689531e-04 1.4388871735e-04 1.7257983399e+01
1.9000741354e-04 1.4945045865e-04 1.7511225268e+01
-1.3865871632e-04 1.0836910465e-04 4.9728450106e+01
-2.4932382409e-04 7.6341436766e-05 5.3811883642e+01
-2.5427581544e-04 7.5335037303e-05 5.3924591787e+01
-1.6691039088e-04 1.0232749889e-04 5.1128580345e+01
3.2180840656e-04 9.3264415637e-05 1.7899001024e+01
1.4404688321e-04 1.5780869540e-04 1.8561635231e+01
8.6051135042e-05 1.5769239518e-04 2.0714824783e+01
8.9726068026e-05 1.5921591962e-04 2.0528158341e+01
9.9742373612e-05 1.5875932892e-04 2.0099188744e+01
2.1657929248e-04 1.4592079343e-04 1.7177380876e+01
-3.0216692731e-04 5.3108762761e-05 3.9883352352e+01
-2.9804435592e-04 5.6933266026e-05 4.6319502543e+01
-2.8051495380e-04 6.3389142538e-05 5.1026866184e+01
3.8030463692e-04 8.2699938618e-06 8.8300187188e+00
3.4892403290e-04 6.9863408944e-06 1.7567268986e+01
3.0133202931e-04 6.2458308173e-06 1.7235450704e+01
8.9571329459e-05 3.2263160175e-06 -1.0508962530e+00
5.8195214931e-05 3.1283507225e-06 2.9026072990e+01
-2.9402553351e-04 5.7046972420e-05 4.6207262724e+01
3.0717031233e-05 3.0939243666e-06 3.3036129976e+01
2.2852797934e-05 3.0808243212e-06 3.4893041374e+01
-7.8511741479e-07 3.0364972246e-06 4.1723784857e+01
-8.6793344405e-06 3.0210832777e-06 4.4215996518e+01
3.5277339821e-04 7.2780992448e-06 1.7488288531e+01
-6.4093678772e-05 2.9309248684e-06 5.9065854233e+01
-7.2023481213e-05 2.9221665724e-06 6.0456652823e+01
-9.5818676377e-05 2.9022376733e-06 6.3435238139e+01
-1.0375075538e-04 2.8974975724e-06 6.4066625302e+01
-1.2754309550e-04 2.8880300960e-06 6.5053873126e+01
-1.6320923837e-04 2.8849609613e-06 6.4427229341e+01
-1.6710137581e-04 2.8716630883e-06 6.4220944284e+01
2.6987474726e-04 1.2520512639e-04 1.7749813452e+01
3.1013522135e-04 1.0411940782e-04 1.7892565221e+01
3.0643724233e-04 1.0345808241e-04 1.7898640223e+01
3.0364079187e-04 1.0659827597e-04 1.7888988156e+01
3.0286452854e-04 1.0290302895e-04 1.7881206775e+01
3.8020591568e-04 4.1885796064e-06 7.6434640590e+00
3.8409843332e-04 8.6139908851e-06 7.6458862311e+00
3.2510570539e-04 6.5817815366e-06 1.7639697161e+01
3.1725722428e-04 6.3125101546e-06 1.7544124488e+01
-3.1264954695e-04 3.9417934114e-05 9.4978170011e+00
-2.6316033286e-04 4.8508705063e-05 4.6351802588e+01
-2.9949266842e-04 2.4815460345e-05 1.6726439413e+01
2.7687489286e-04 2.9334045426e-06 1.9865883188e+01
2.8174732674e-04 6.0363093097e-06 1.8897897914e+01
2.8484946091e-04 3.1288580089e-06 1.8154189183e+01
2.8562899999e-04 6.2005234926e-06 1.8062001133e+01
-2.5816218834e-04 4.7321163693e-05 4.7236362700e+01
-3.2394593890e-04 4.4613344095e-05 1.9935488838e+01
-3.1991677800e-04 4.5318473230e-05 1.4137698541e+01
-2.3119728044e-04 4.9334039063e-05 5.1932457517e+01
-2.3564228306e-04 2.5132867819e-05 5.2075521323e+01
-2.1690502804e-04 4.7898626649e-05 5.3503927108e+01
3.5634175360e-04 3.8241779889e-06 1.7364435753e+01
-1.9853099373e-04 4.4801805684e-05 5.5349769466e+01
-2.9262446834e-04 3.1682105874e-06 2.2607534278e+01
-1.8084603413e-04 4.7643951743e-05 5.5935848266e+01
-1.9046697024e-04 2.4118154777e-05 5.9220786066e+01
-1.2288857088e-04 5.6680414590e-05 5.5244764876e+01
-1.1328687712e-04 5.6560420236e-05 5.5156172536e+01
-5.3432595782e-05 2.5612260279e-05 5.2780111476e+01
-4.9788055455e-05 2.5666450512e-05 5.1845926343e+01
3.8804298417e-04 4.3406333233e-06 3.5578541366e+00
3.8817522712e-04 9.1846757384e-06 7.5219372961e+00
2.8877252067e-04 3.2399366842e-06 1.7398792112e+01
1.9602747355e-04 1.3225726941e-04 1.8033943172e+01
1.9059701046e-04 1.2513054917e-04 1.8546726858e+01
-3.2252149683e-04 1.1089745939e-05 1.9751573546e+01
1.9599697988e-04 6.1641662090e-05 2.2862124191e+01
1.8515980039e-04 6.2930309394e-05 2.2627080517e+01
1.4840490573e-04 8.1958082608e-05 2.2747009775e+01
7.2957909085e-05 1.2984590698e-04 2.2770520890e+01
7.2096659592e-05 1.2659636576e-04 2.2852220490e+01
4.1984131798e-05 3.3910227266e-05 2.7645607736e+00
-2.2198764402e-04 1.4986205388e-05 5.6190657869e+01
1.3663101619e-04 1.0820529728e-04 2.1512973010e+01
1.1940382115e-04 9.8591274377e-05 2.2819085423e+01
1.0488763358e-04 3.9738345673e-05 1.6229209434e+01
1.1257365926e-04 4.0623926132e-05 1.6939760555e+01
1.3591125129e-04 4.3402724440e-05 1.8820394404e+01
1.6356092914e-04 4.6746797995e-05 2.0628129813e+01
1.0446614593e-04 9.5176924403e-05 2.2134218733e+01
8.6059249819e-05 9.0922154018e-05 2.0636657342e+01
8.2430688371e-05 9.0077974793e-05 2.0194902700e+01
2.9287523528e-04 1.0373954167e-04 1.7845980310e+01
2.8576766127e-04 1.0221779402e-04 1.7786729368e+01
-3.5345944023e-05 2.5916594086e-05 4.7584034327e+01
2.6223153544e-04 8.8385398469e-05 1.7146986260e+01
-1.4780319968e-04 7.2219203818e-06 6.4333275843e+01
-1.3999471465e-04 7.2195958885e-06 6.4444008372e+01
-1.3218202118e-04 7.2188969971e-06 6.4443516005e+01
-1.1263563229e-04 7.2250456492e-06 6.3910110243e+01
-1.0481290338e-04 7.2309142457e-06 6.3458024926e+01
4.5615781582e-05 2.8439657580e-05 1.7023363551e+00
-8.9164400709e-05 7.2494994192e-06 6.2076708888e+01
-8.1340458392e-05 7.2626178107e-06 6.1120766971e+01
-5.7891004256e-05 7.3200514889e-06 5.7059489995e+01
-5.0081560471e-05 7.3452811328e-06 5.5290318088e+01
6.2899728422e-05 1.4164648870e-04 2.1988834571e+01
5.9480310787e-05 1.4048376699e-04 2.2214791222e+01
-3.4866258532e-04 5.7055605002e-06 2.2410695933e+01
4.2806538980e-06 7.5923374014e-06 3.8933930952e+01
1.0912983573e-04 3.3478729195e-05 1.5033469742e+01
2.7346775479e-05 7.7037693219e-06 3.2457310659e+01
1.1686763216e-04 3.4261930714e-05 1.5712677281e+01
3.4996639977e-05 7.7350003903e-06 3.0815377363e+01
2.6740641098e-04 7.9789746603e-05 1.7085112280e+01
3.8029366916e-04 1.2472995247e-05 9.3775860045e+00
-8.1862090627e-05 8.5786592320e-05 4.9914369020e+01
3.4853651477e-04 3.4152166143e-06 1.7555661967e+01
6.4208455017e-05 1.4815987483e-04 2.1797482638e+01
6.7028744882e-05 1.4604849923e-04 2.1682518036e+01
-2.3574289130e-04 7.2198039374e-05 5.2763516027e+01
8.4789298142e-05 8.1597672739e-06 8.2434861372e-01
-7.3169788127e-05 8.5890972964e-05 4.9860787978e+01
2.4557576612e-04 1.2325196546e-04 1.7391225759e+01
3.5394091855e-04 5.8503659119e-05 1.7833214008e+01
1.6015916440e-04 3.8812444550e-05 1.9338461915e+01
-2.1233121699e-04 5.7349851565e-05 5.3216220788e+01
1.6813366420e-04 3.9653848721e-05 1.9908762197e+01
-3.9307562241e-06 4.7673597224e-05 2.9530141503e+01
3.7242853799e-04 7.8924471299e-06 1.2690176968e+01
2.8585547288e-04 6.6617736714e-05 1.7499836144e+01
-9.8893510994e-05 7.6358189747e-05 5.1476571002e+01
1.5975039839e-04 1.0754546204e-05 9.0093059075e+00
3.3485958141e-04 4.0169910648e-05 1.7958259939e+01
-1.0779289894e-04 7.6479629845e-05 5.1508369642e+01
2.2690798830e-04 8.9186907626e-05 1.8951394891e+01
3.3532720196e-04 4.3677822911e-05 1.7958949181e+01
4.1678695649e-05 1.1648627248e-04 1.6285559961e+01
3.6075705086e-05 1.1727870862e-04 1.4111125023e+01
1.7979018941e-04 1.1485970304e-05 1.3482294916e+01
2.0025105828e-04 4.2992123416e-05 2.1756522114e+01
3.0394476631e-04 8.9259015139e-05 1.7874896430e+01
-2.5343221582e-04 4.4148638191e-05 4.7796218340e+01
1.5433532552e-04 1.0902668613e-04 2.0747830676e+01
5.1193545028e-05 1.0860567518e-04 1.7286315599e+01
-2.9772612162e-04 5.2851424153e-05 4.0199079414e+01
1.8782306413e-04 1.1775423426e-05 1.5005435003e+01
2.0893280791e-04 8.9410093959e-05 1.9934177967e+01
2.0698194179e-04 9.5018831539e-05 1.9621482795e+01
2.0788294104e-04 9.8141337988e-05 1.9362144744e+01
2.0831394874e-04 4.3810185730e-05 2.2136202076e+01
2.7131914949e-04 1.1565817171e-04 1.7711755709e+01
-1.4013028652e-04 7.1788634797e-05 5.2483684925e+01
-1.0368002778e-04 1.0392188801e-04 4.7599253647e+01
-1.2734797477e-04 7.5099780315e-05 5.1851987562e+01
-1.4490625695e-04 1.0424297321e-04 4.9869644888e+01
2.1637298978e-04 4.4614189705e-05 2.2499573716e+01
-1.4035630491e-04 6.6165006909e-05 5.3464644852e+01
3.5988892258e-04 4.4677009652e-05 1.7710871194e+01
2.0795048557e-04 1.2495335739e-05 1.8141576637e+01
3.0749587639e-04 9.0012669439e-05 1.7887491158e+01
2.1602057031e-04 1.2781505949e-05 1.9141209482e+01
-2.7052859312e-04 3.8674336488e-05 4.0699005191e+01
8.7459393312e-05 1.4927360155e-04 2.0802101026e+01
-3.7360328737e-04 3.8708042674e-06 1.6372027296e+01
-3.6724236911e-04 7.4368872161e-06 1.7383003052e+01
-3.6119638759e-04 1.0618164419e-05 1.7434799701e+01
-3.5771085303e-04 1.0105542552e-05 1.8696019233e+01
-3.5989253774e-04 6.7385649397e-06 2.0046317736e+01
2.0800271586e-04 8.6322215518e-05 2.0227212842e+01
9.5834076850e-05 1.1876171851e-04 2.2655112602e+01
-1.4936680488e-04 5.3724354302e-05 5.5713161710e+01
-2.5205272599e-04 7.2233546359e-05 5.3084682900e+01
-1.4326089709e-04 4.8309100680e-05 5.6837531974e+01
-1.6712332048e-04 8.5402265023e-05 5.1288151166e+01
1.2281111576e-04 1.5568757983e-04 1.9349990107e+01
1.2367114052e-04 1.5864096477e-04 1.9237176570e+01
1.2740197998e-04 1.5985344500e-04 1.9073454143e+01
3.0703950678e-04 4.6858971813e-05 1.7761208854e+01
-1.0049960575e-04 1.0795557773e-04 4.7327797364e+01
-9.9983972497e-05 1.1211563801e-04 4.7476751798e+01
1.8553593342e-04 1.4545450019e-04 1.7810455291e+01
3.0926972650e-04 8.0187553503e-05 1.7893141286e+01
-3.0427477721e-04 2.0819107877e-05 1.7260955254e+01
-2.3833036488e-04 2.1812064038e-05 5.1640532761e+01
-9.8343453337e-05 1.0377582094e-04 4.7412131493e+01
-9.5671037900e-05 1.0371683200e-04 4.7336440779e+01
2.1163269969e-04 9.8758986786e-05 1.9137563129e+01
-1.4076624031e-04 9.9707887803e-05 4.9556073402e+01
3.2454591971e-04 9.0559570973e-05 1.7903212199e+01
-1.9884278646e-04 7.6467205824e-05 5.2509427297e+01
-1.8083543438e-04 8.9003969508e-05 5.1654475143e+01
9.6823006985e-05 1.2196780035e-04 2.2160710734e+01
3.3492053782e-04 6.8253146831e-05 1.7912064067e+01
-2.3096112592e-04 7.1061561418e-05 5.2656774137e+01
8.1787306259e-05 1.5363823975e-04 2.0971847464e+01
7.9781729830e-05 1.5886039726e-04 2.0986325505e+01
7.6173226339e-05 1.5805366796e-04 2.1175762711e+01
7.2539024701e-05 1.5695071637e-04 2.1348081670e+01
6.9314232660e-05 1.5952900867e-04 2.1490587813e+01
1.1315939866e-04 1.5978905612e-04 1.9583729520e+01
1.0970490443e-04 1.5827138915e-04 1.9758079722e+01
3.2106758676e-04 8.9665775610e-05 1.7891470527e+01
-3.6158953974e-04 1.9507477673e-05 1.7821799227e+01
-3.5813925938e-04 2.3438589199e-05 1.8043643338e+01
-3.5260915933e-04 2.6034560750e-05 1.7630768550e+01
-3.4932271974e-04 2.9656324666e-05 1.7223359842e+01
-3.6085473755e-04 2.4359910376e-05 1.8118180780e+01
-3.7416081549e-04 1.2879492208e-05 1.7209576114e+01
-3.7001252666e-04 1.7198786790e-05 1.7673747666e+01
3.2226062386e-04 5.2025847460e-05 1.7949727220e+01
3.2638290853e-04 5.6060276603e-05 1.7958112188e+01
3.1969695417e-04 5.8379652671e-05 1.7938474459e+01
1.4785178335e-04 1.5846137667e-04 1.8413405437e+01
2.0394476115e-04 1.0945541837e-04 1.8845136351e+01
-6.8835939405e-05 1.0779604349e-04 4.6825508040e+01
-1.7549960744e-04 9.8996415599e-05 5.1495982374e+01
3.0333779435e-04 8.5762666119e-05 1.7868209185e+01
2.3187317849e-04 8.0939527013e-05 1.9234305919e+01
2.2429679604e-04 7.9880158910e-05 1.9795892824e+01
2.2605245045e-04 8.6068845539e-05 1.9219775249e+01
3.3895355811e-04 4.4225386295e-05 1.7946376785e+01
2.9997738667e-04 3.0511379396e-05 1.7466122379e+01
3.7982430786e-04 2.1151565712e-05 1.5417158611e+01
3.7958281833e-04 2.5574915971e-05 1.7170627401e+01
3.7631585501e-04 2.8767016952e-05 1.7104860011e+01
3.8363589872e-04 1.8075952853e-05 1.0771030908e+01
3.7959112383e-04 3.0478641293e-05 1.7297838537e+01
3.6961842285e-04 3.1260157416e-05 1.7358076823e+01
3.6971708293e-04 3.9361055576e-05 1.7571248512e+01
-2.0427294161e-04 4.3269019906e-05 5.5098850028e+01
-1.1695053835e-04 1.0444843062e-04 4.8225940346e+01
-2.6624747313e-04 6.7400533570e-05 5.2242392657e+01
-2.7064257810e-04 6.7067010157e-05 5.2321256433e+01
-2.7510979334e-04 6.6608838738e-05 5.2436500819e+01
-2.6715332685e-04 7.1136034658e-05 5.3706322357e+01
-2.6256966625e-04 6.3234657128e-05 5.0838625566e+01
-2.5818284499e-04 6.1680654494e-05 5.0605682054e+01
-2.5691930281e-04 3.8319201698e-05 4.5988352603e+01
-2.7723465688e-04 2.0566855655e-05 3.2539082773e+01
-3.3918663275e-04 3.4133547787e-05 1.9811647969e+01
1.1751333635e-04 1.4832522831e-04 1.9770954338e+01
8.5297148892e-05 1.2761239797e-04 2.2211069281e+01
1.7016916288e-04 1.0332525754e-04 2.0615343282e+01
-2.3104337438e-04 6.6523442645e-05 5.2384036132e+01
3.2958930745e-04 2.9492801411e-05 1.7905048835e+01
3.2047216421e-04 8.6041942640e-05 1.7901945102e+01
-2.4553061462e-04 3.8866846850e-05 4.9237674505e+01
-2.6731753859e-04 6.2487992581e-05 5.0435378348e+01
-9.5379892395e-05 9.3644749049e-05 4.8628368041e+01
3.4457268703e-04 3.0990562057e-05 1.7867323612e+01
9.8451685088e-05 1.1653457666e-04 2.2775466513e+01
-2.9803460568e-04 3.5104587010e-05 1.4756930489e+01
2.3518074563e-04 9.3469080162e-05 1.8192463812e+01
-1.3556809371e-04 5.6923221012e-05 5.5213325866e+01
-1.8177669315e-04 9.3425492635e-05 5.1696130331e+01
-3.0875780293e-04 2.4719958219e-05 1.6565640220e+01
2.7193129281e-04 6.7975295493e-05 1.7058253248e+01
2.7262640026e-04 7.1163866804e-05 1.7061786618e+01
2.7627210073e-04 7.1642585787e-05 1.7290072985e+01
1.4433771924e-04 1.2168409951e-04 2.0179922659e+01
1.4527094420e-04 1.2486939097e-04 1.9940146050e+01
3.3934859197e-04 7.6564053453e-05 1.7902457295e+01
3.4017033270e-04 8.0517444404e-05 1.7919385035e+01
3.4646210890e-04 7.4834813366e-05 1.7917654924e+01
-3.1275757680e-04 4.7447562599e-05 -2.8436515264e+00
1.6194803225e-04 1.2244386452e-04 1.9587976216e+01
1.4870028498e-04 1.4971719122e-04 1.8675866271e+01
-2.9485432072e-04 2.1236888737e-05 1.7432453437e+01
2.8634104281e-04 3.5712557875e-05 1.7088870533e+01
2.4525341995e-04 7.6768196873e-05 1.8627526112e+01
-3.2495191092e-04 3.0728052482e-05 2.1012529568e+01
2.6059607492e-04 1.1345676070e-04 1.7544555599e+01
2.5701509597e-04 1.1275823579e-04 1.7471240817e+01
-2.8470066370e-04 3.5368194136e-05 2.9767119481e+01
3.4067980195e-04 3.2808014405e-06 1.7639616550e+01
3.3736675247e-04 6.5217262131e-06 1.7664900557e+01
3.3321183335e-04 6.5624506127e-06 1.7680160110e+01
3.3242429409e-04 3.3862141067e-06 1.7662965609e+01
3.3768718801e-04 9.9880141198e-06 1.7726056760e+01
3.3052297593e-04 8.5059947574e-05 1.7898496940e+01
3.3130668512e-04 8.8856764467e-05 1.7921392189e+01
3.3391841887e-04 8.2797177930e-05 1.7892409232e+01
1.4503796070e-04 1.4888435977e-04 1.8819601531e+01
-3.6198737902e-04 3.3698698741e-06 2.1954797066e+01
-3.5618718329e-04 6.3915898855e-06 2.1580059544e+01
2.9912253544e-04 6.1991830139e-05 1.7728008289e+01
3.1553521758e-04 5.4418858465e-05 1.7905879221e+01
3.1608625218e-04 5.7825661015e-05 1.7918034538e+01
3.1302560177e-04 6.0698217420e-05 1.7898811588e+01
3.1663109503e-04 6.1260123085e-05 1.7923788725e+01
2.9977312889e-04 8.5067823683e-05 1.7843816491e+01
2.8786539070e-04 1.1642934834e-04 1.7849040272e+01
2.8192908614e-04 1.1794407353e-04 1.7802475937e+01
2.7915136638e-04 1.2070389848e-04 1.7780849791e+01
2.7486830201e-04 1.1640975788e-04 1.7750751726e+01
2.7062180293e-04 1.1224249002e-04 1.7680200062e+01
-2.6654444302e-04 4.4656262462e-05 4.4239096751e+01
3.4646750884e-04 1.7303304169e-05 1.7729383246e+01
3.4697166146e-04 2.0787201126e-05 1.7758199409e+01
5.2547182164e-05 1.0362679488e-04 1.6650115316e+01
3.2075057547e-04 2.2355268585e-05 1.7782247569e+01
1.9432113185e-04 1.2583543310e-04 1.8382633477e+01
5.5091180803e-05 9.3860220425e-05 1.5675676363e+01
2.3176692824e-04 1.0820742785e-04 1.7575318456e+01
2.2603555951e-04 1.1335569104e-04 1.7616588780e+01
2.2967541765e-04 1.1400594863e-04 1.7405796138e+01
2.2238323184e-04 1.1270682554e-04 1.7828062934e+01
2.2032682470e-04 1.1847630692e-04 1.7649596709e+01
2.1667738202e-04 1.1780943630e-04 1.7849392861e+01
2.1747943967e-04 1.2102700153e-04 1.7663022732e+01
2.2157791339e-04 1.0950683224e-04 1.8029128798e+01
2.1301666117e-04 1.1714287449e-04 1.8046621565e+01
2.3044376869e-04 1.1723939215e-04 1.7210808794e+01
2.3405705769e-04 1.1790330562e-04 1.7034456014e+01
2.3120414946e-04 1.2048517871e-04 1.7037929016e+01
2.4051585327e-04 1.1597383110e-04 1.7151287762e+01
2.3977972292e-04 1.1271693246e-04 1.7026584699e+01
2.3839827591e-04 1.2184544313e-04 1.7212812603e+01
1.3183578033e-04 1.0424432447e-04 2.2117551924e+01
-1.4336517800e-04 6.6274882875e-05 5.3440778813e+01
2.5861305241e-04 7.2443727583e-05 1.7909026659e+01
-3.1949259590e-04 1.7935189976e-06 1.9262317179e+01
3.2060398797e-04 3.1779772923e-06 1.7554368231e+01
3.1339022441e-04 6.0981783635e-06 1.7479812520e+01
3.2120590035e-04 6.4421940591e-06 1.7592663946e+01
-2.4760471588e-04 7.0726865829e-05 5.2684095688e+01
1.2679656923e-04 1.2066638849e-04 2.0869259080e+01
2.7873901604e-04 3.5204588296e-05 1.8184304202e+01
2.7952668561e-04 3.8251044462e-05 1.7905430249e+01
2.7571371424e-04 3.7983735269e-05 1.8441817114e+01
2.6344464176e-04 1.2702620655e-04 1.7699793086e+01
2.5344361096e-04 1.2807259430e-04 1.7579154579e+01
2.5387276049e-04 1.3121063933e-04 1.7616825984e+01
2.3139695616e-04 1.3620138471e-04 1.7307913673e+01
2.2780688524e-04 1.3545745822e-04 1.7222295103e+01
2.3208700367e-04 1.3933811136e-04 1.7365679102e+01
2.3499243591e-04 1.3686236949e-04 1.7396411110e+01
2.2556763733e-04 1.4121105217e-04 1.7281578507e+01
2.4138907980e-04 1.3514100740e-04 1.7467066533e+01
-1.7308469907e-04 4.3819197344e-05 5.6927591293e+01
2.3903650585e-04 1.0947380385e-04 1.7101929890e+01
-2.5396342289e-04 5.7970165919e-05 5.0104611712e+01
2.5650965525e-04 2.5295024576e-05 2.2283793232e+01
2.5044678678e-04 3.0615916712e-05 2.2499807764e+01
2.5443943080e-04 3.0849253783e-05 2.1946979990e+01
2.4240189106e-04 3.0126787969e-05 2.2756228183e+01
2.3835663653e-04 2.9871709781e-05 2.2506088863e+01
2.3430406687e-04 2.9610662145e-05 2.2285642885e+01
2.5840981744e-04 3.1076504588e-05 2.1400738419e+01
3.3986033470e-04 2.3644041360e-05 1.7853888908e+01
-2.0192218040e-04 2.5900158038e-05 5.7779530097e+01
-2.0821659627e-04 2.4378262506e-05 5.7225230894e+01
-2.1747566852e-04 2.1290091457e-05 5.6244021474e+01
1.7544829347e-04 8.6838767342e-05 2.1796830179e+01
1.7158730732e-04 8.6167041306e-05 2.2036891882e+01
2.5141290841e-04 3.3503874004e-05 2.2022383786e+01
-2.3084453138e-04 8.0397443125e-05 5.3438000530e+01
-3.3597981445e-04 1.9854475958e-05 2.2976978646e+01
-1.8552312986e-04 7.4885852508e-05 5.2433487282e+01
1.6273205668e-04 8.1752214618e-05 2.2895434708e+01
-3.4668327494e-04 1.5297212587e-05 1.9497182672e+01
-2.2617825999e-04 8.1549064778e-05 5.3332594618e+01
-1.9977395819e-04 1.4804106018e-05 5.9678560083e+01
1.9363894240e-04 1.5020448799e-04 1.7356113056e+01
3.2234232597e-04 7.6016312915e-05 1.7922992660e+01
2.2107751519e-04 2.6060842542e-05 2.1279056572e+01
2.1701749544e-04 2.5803093459e-05 2.1005065593e+01
2.1806577482e-04 2.8519943362e-05 2.1336525673e+01
2.2212545340e-04 2.8798137806e-05 2.1586571863e+01
2.1296016450e-04 2.5543081798e-05 2.0713860661e+01
2.1101210530e-04 3.0660277199e-05 2.1146043226e+01
2.0695878278e-04 3.0354268358e-05 2.0883414331e+01
2.2513984649e-04 2.6315757286e-05 2.1540338320e+01
2.2618541611e-04 2.9072885640e-05 2.1830803865e+01
2.2920223203e-04 2.6567024286e-05 2.1794759648e+01
2.3024523665e-04 2.9343877140e-05 2.2054772336e+01
2.3629288726e-04 2.4267024656e-05 2.2008778307e+01
1.7612169361e-04 5.8916021736e-05 2.2129689187e+01
1.7328124882e-04 6.1232807571e-05 2.2204571555e+01
-1.5484638602e-04 8.0360404920e-05 5.1419344255e+01
-1.5900999690e-04 8.4694264208e-05 5.1091509701e+01
2.1180927477e-04 8.6904261264e-05 1.9972354437e+01
-2.0670695039e-04 5.6789090726e-05 5.3540761679e+01
-1.9018728593e-04 1.1722576901e-05 6.1173691452e+01
-1.8955179021e-04 1.6275464543e-05 6.0554369457e+01
1.4960801490e-04 5.7805200734e-05 2.1248876632e+01
1.5353986617e-04 5.8376725136e-05 2.1429169194e+01
3.3167430588e-04 4.3170322506e-05 1.7966062479e+01
1.3173780592e-04 7.6116484613e-05 2.2036367025e+01
1.3676001753e-04 7.9779775372e-05 2.2372944927e+01
1.3024965895e-04 8.1285922744e-05 2.2281774186e+01
1.3141952933e-04 8.4269411867e-05 2.2462179241e+01
1.2642487410e-04 8.0545146567e-05 2.2130495633e+01
1.2260981329e-04 7.9806399709e-05 2.1962038980e+01
1.1619186314e-04 8.1245866434e-05 2.1808227797e+01
1.1241193232e-04 8.0493408948e-05 2.1593268129e+01
1.0864371811e-04 7.9743291930e-05 2.1354016040e+01
1.0745959620e-04 7.6867543277e-05 2.1069845425e+01
1.0370159465e-04 7.6140672069e-05 2.0779736682e+01
9.9956734273e-05 7.5416982682e-05 2.0455007880e+01
9.3698260437e-05 7.6777329643e-05 2.0066604479e+01
8.9996435675e-05 7.6047599274e-05 1.9644599307e+01
8.6309574394e-05 7.5324056232e-05 1.9172094794e+01
8.5116975257e-05 7.2577441936e-05 1.8740842568e+01
8.1445005384e-05 7.1884790398e-05 1.8186616895e+01
7.7789382381e-05 7.1201141641e-05 1.7574597481e+01
7.1724929972e-05 7.2507176942e-05 1.6703640129e+01
6.8122404721e-05 7.1829222972e-05 1.5917665375e+01
6.4540680186e-05 7.1156972068e-05 1.5060375201e+01
5.2730520476e-05 6.6713854199e-05 1.1444797327e+01
4.9237324560e-05 6.6125393991e-05 1.0334922175e+01
4.5768694259e-05 6.5552765831e-05 9.1998647357e+00
4.0089266689e-05 6.6845804001e-05 7.4583609501e+00
3.6697360439e-05 6.6295532238e-05 6.3127831452e+00
2.2260897630e-05 6.2012301700e-05 2.6993387071e+00
1.9021102821e-05 6.1577155314e-05 2.3358637185e+00
1.3791903355e-05 6.2928285522e-05 1.9756034783e+00
7.5192008350e-06 6.2132504407e-05 2.4904797565e+00
4.4257527469e-06 6.1757650671e-05 1.7045798511e+00
-8.9622401850e-06 5.8415479058e-05 2.9948402257e+01
-1.8269328928e-05 5.7593390776e-05 3.5394177102e+01
-2.1406673638e-05 5.7342093198e-05 3.7080817069e+01
-2.7727269562e-05 5.6875286015e-05 4.0209491962e+01
-3.0908335013e-05 5.6660722081e-05 4.1645119021e+01
-3.5836996434e-05 5.8138479073e-05 4.3607883568e+01
-4.0521039542e-05 5.6092180536e-05 4.5422741716e+01
1.3525997152e-04 8.5034463573e-05 2.2599319151e+01
-4.5434114796e-05 5.7608976783e-05 4.6963920817e+01
-1.2609746344e-05 6.1836290924e-05 3.1644194247e+01
-3.5363170618e-06 6.2797384568e-05 2.3741058136e+01
3.0985302977e-05 6.1124921234e-05 4.5079743427e+00
1.2143067661e-04 7.6887060413e-05 2.1734238267e+01
4.1141172719e-05 6.2609685177e-05 7.4996216395e+00
6.2152237524e-05 6.6007527023e-05 1.3865268417e+01
7.2954065647e-05 6.7888977511e-05 1.6368412349e+01
5.5104311861e-05 7.1775379974e-05 1.2727921035e+01
7.6533678434e-05 7.5916616618e-05 1.7925906680e+01
1.0232508093e-04 8.1130902182e-05 2.1093298934e+01
1.2115313350e-04 8.4972630482e-05 2.2208847067e+01
9.4906387557e-05 7.9613976243e-05 2.0426354601e+01
1.1361104407e-04 8.3430000280e-05 2.1837567332e+01
-4.5291970306e-05 5.4097977232e-05 4.7090165352e+01
-4.8649370423e-05 5.7460818536e-05 4.7909804109e+01
9.1314178510e-05 7.1227050286e-05 1.9295415584e+01
1.3944636384e-04 7.7532188254e-05 2.2322520080e+01
1.4061533156e-04 8.0504351735e-05 2.2504634121e+01
1.4449484209e-04 8.1228484025e-05 2.2636980431e+01
1.4059917306e-04 5.3940430300e-05 2.0518198973e+01
1.8974125440e-04 2.6519987332e-05 1.9168913457e+01
1.8571254441e-04 2.6229863907e-05 1.8784940766e+01
1.9377462147e-04 2.6809208372e-05 1.9533153813e+01
1.9079546049e-04 2.9116447059e-05 1.9685531120e+01
1.8168733467e-04 2.5939235424e-05 1.8381452630e+01
1.7766823020e-04 2.5647521915e-05 1.7958491327e+01
2.0081289429e-04 2.4754321607e-05 1.9746708087e+01
1.9886896624e-04 2.9737560746e-05 2.0319243250e+01
2.0485790142e-04 2.5018471697e-05 2.0089980232e+01
2.8777386232e-04 7.6456524103e-05 1.7643175281e+01
-2.7177219023e-04 5.3678414729e-05 4.6371226042e+01
2.4332854426e-04 4.4286824285e-05 2.1699838863e+01
2.4426810937e-04 4.7231938632e-05 2.1287473327e+01
2.4818453977e-04 4.7576912261e-05 2.0866416987e+01
2.4220141236e-04 5.2803583350e-05 2.0906728907e+01
2.3829314153e-04 5.2419461688e-05 2.1294122813e+01
2.4996250889e-04 5.3557403077e-05 2.0117418085e+01
2.4784336005e-04 5.9212524047e-05 1.9803653400e+01
2.3436766864e-04 5.2029389489e-05 2.1676019625e+01
2.3339581930e-04 4.9084130085e-05 2.2087536143e+01
2.5465390102e-04 5.6966186461e-05 1.9378375536e+01
2.5208118488e-04 4.7917471818e-05 2.0438320313e+01
1.2232519201e-04 5.3842819985e-05 1.9655448036e+01
1.2619360763e-04 5.4401710116e-05 1.9923505573e+01
1.3278913912e-04 5.2842765000e-05 2.0047581882e+01
2.1361870670e-04 9.3110436106e-05 1.9416119486e+01
1.1460644368e-04 5.2734666239e-05 1.9067237372e+01
1.6759876307e-04 2.0196808347e-05 1.5283299889e+01
1.6163591399e-04 2.4475566850e-05 1.6090018322e+01
1.5764182196e-04 2.4181931571e-05 1.5585381545e+01
1.6563601626e-04 2.4769027431e-05 1.6581352593e+01
1.5470422771e-04 2.6285714523e-05 1.6002509958e+01
1.5072053550e-04 2.5970153908e-05 1.5528329357e+01
1.7365232939e-04 2.5355101760e-05 1.7517037418e+01
1.7562135720e-04 2.0689835753e-05 1.6410773425e+01
1.7963929520e-04 2.0935427761e-05 1.6941162915e+01
-9.5236660256e-05 5.8232994399e-05 5.4323460850e+01
-1.4121902814e-04 2.5292870654e-05 6.1312791247e+01
-1.3526983097e-04 2.6832829740e-05 6.1044018205e+01
-1.3032777825e-04 2.5253298314e-05 6.1307778028e+01
2.1669757349e-04 6.7203451624e-05 2.1429612246e+01
-1.4836367149e-04 1.6109270613e-05 6.2865833644e+01
-1.5964722160e-04 1.6140583815e-05 6.2527548771e+01
-1.5341194668e-04 1.7636676600e-05 6.2479056756e+01
-1.1798748400e-04 8.4395767789e-05 5.0237897093e+01
-1.1335581084e-04 8.6196808388e-05 4.9905498437e+01
-1.3704150969e-04 1.6089617955e-05 6.2988391262e+01
-1.4081824201e-04 1.6094897853e-05 6.2972257813e+01
-1.4459252164e-04 1.6101115237e-05 6.2931269583e+01
2.4013404671e-04 5.8393542900e-05 2.0539074453e+01
2.4399809883e-04 5.8804645725e-05 2.0173049809e+01
2.4102905432e-04 6.1409308261e-05 2.0184228977e+01
8.6999525332e-05 1.2218719479e-04 2.2855533529e+01
-1.2303392999e-04 2.5237715892e-05 6.1185699722e+01
-1.1715388100e-04 2.6785803164e-05 6.0730138145e+01
-1.0482723637e-04 8.5975924853e-05 4.9877190416e+01
1.0819778175e-04 9.6035331442e-05 2.2327068827e+01
1.9922993851e-04 1.4518748465e-04 1.7365911266e+01
-1.2191124741e-04 1.6078689637e-05 6.2787910966e+01
-1.1812415639e-04 1.6078624173e-05 6.2666259919e+01
-1.2569699652e-04 1.6079250776e-05 6.2879875911e+01
-1.1433516563e-04 1.6079903929e-05 6.2513382462e+01
1.3673387069e-04 2.0451307208e-05 1.1705884435e+01
1.3278053316e-04 2.0184399713e-05 1.1152333420e+01
1.3487082930e-04 2.4715098895e-05 1.3613411389e+01
1.2593671222e-04 2.1856309884e-05 1.1497536971e+01
1.2699534284e-04 2.4097524905e-05 1.2707990744e+01
1.4069542471e-04 2.0719543026e-05 1.2275594134e+01
1.4466424222e-04 2.0988908126e-05 1.2854331986e+01
1.4278179860e-04 2.5340261510e-05 1.4566344530e+01
1.4864081931e-04 2.1258952864e-05 1.3435835898e+01
-9.9111791047e-05 8.5871731626e-05 4.9879216991e+01
1.4568724127e-04 8.4246046391e-05 2.2798291092e+01
1.3914238201e-04 8.5827217622e-05 2.2719214567e+01
2.0614401370e-04 1.3116421191e-04 1.7697115636e+01
5.8312376131e-05 1.2214758279e-04 2.1292732787e+01
5.9156078408e-05 1.2535409218e-04 2.1867232559e+01
6.4259877073e-05 1.2117614858e-04 2.1725403407e+01
6.8614869452e-05 1.2549458211e-04 2.2462761580e+01
-1.0841172212e-04 2.5232476025e-05 6.0612797335e+01
-1.0475104458e-04 2.5236800812e-05 6.0392244284e+01
-9.8967635024e-05 2.6801072016e-05 5.9706746289e+01
-1.1207078064e-04 2.5230238799e-05 6.0800808430e+01
1.1809525193e-04 2.1294606078e-05 1.0661869926e+01
1.1419260721e-04 2.1018889599e-05 1.0309462909e+01
1.1030009744e-04 2.0748183315e-05 1.0007372201e+01
1.2201167858e-04 2.1573567676e-05 1.1060023653e+01
-9.5023495898e-05 8.3895786086e-05 5.0205128593e+01
-9.0499731481e-05 8.5784557991e-05 4.9900721502e+01
1.8053003807e-04 1.0230219870e-04 2.0322816226e+01
1.7772479556e-04 1.0473702560e-04 2.0259765521e+01
1.8244399181e-04 1.0857091730e-04 1.9788112725e+01
1.8619366290e-04 1.0926095359e-04 1.9590808245e+01
1.8901234092e-04 1.0679592996e-04 1.9635869923e+01
1.8807666989e-04 1.0365931541e-04 1.9888971704e+01
1.7492606352e-04 1.0716786682e-04 2.0185954457e+01
-1.0296144209e-04 1.6091946690e-05 6.1852261506e+01
-9.9168376958e-05 1.6098641603e-05 6.1558867325e+01
2.0887206820e-04 6.6185193413e-05 2.2059535852e+01
-9.3760830153e-05 2.5265016183e-05 5.9516274310e+01
-9.0096211610e-05 2.5279851958e-05 5.9146307831e+01
-8.6431447010e-05 2.5297148386e-05 5.8734005904e+01
-9.1581200151e-05 1.6117069180e-05 6.0851826857e+01
-9.5374896521e-05 1.6106768937e-05 6.1226038182e+01
-8.6103291706e-05 1.4636256005e-05 6.0488761468e+01
-2.3911448430e-04 1.2048340432e-05 5.2294593216e+01
1.0433923962e-04 1.6347383942e-05 6.9717933555e+00
9.8691466172e-05 1.9972818908e-05 9.3814146992e+00
9.4847088363e-05 1.9729836232e-05 9.2122559309e+00
1.0254926966e-04 2.0224134289e-05 9.5532494579e+00
9.1013530922e-05 1.9495914579e-05 9.0010175029e+00
7.4097539407e-05 8.5550202036e-05 1.8630075808e+01
6.6953623784e-05 8.3952578076e-05 1.7168210363e+01
3.1377294063e-04 2.5127202953e-05 1.7712963152e+01
-7.7979573899e-05 7.6387781528e-05 5.1079667685e+01
-8.0978082551e-05 7.6352863035e-05 5.1185490187e+01
-8.6972687950e-05 7.6314672519e-05 5.1336444471e+01
-8.9961222203e-05 7.6311144420e-05 5.1387785685e+01
-7.6409805694e-05 1.6173541381e-05 5.8906688150e+01
-7.2619408059e-05 1.6192072406e-05 5.8299952533e+01
-8.0201654949e-05 1.6156294452e-05 5.9463803549e+01
-6.8830202031e-05 1.6212679017e-05 5.7642051493e+01
-7.6072120408e-05 8.5844301730e-05 4.9891226239e+01
8.4466349818e-05 2.1059350925e-05 9.1777415412e+00
7.6892264798e-05 2.0628727940e-05 7.7243016132e+00
8.9955721025e-05 1.7495824634e-05 7.9540249617e+00
-2.2096360281e-04 6.6892705267e-05 5.2629660689e+01
-7.1967083960e-05 7.6493114726e-05 5.0787114005e+01
-5.9027000196e-05 2.3970823725e-05 5.4360870106e+01
-6.4463604274e-05 2.5472190589e-05 5.5257400242e+01
-6.8120024358e-05 2.5434030378e-05 5.5965360406e+01
-7.1778896098e-05 2.5399762727e-05 5.6619642819e+01
4.0877005222e-05 4.3661713052e-05 5.0307299697e+00
4.4381167857e-05 4.3996494352e-05 6.0081950106e+00
-6.3237360526e-05 1.4738126719e-05 5.6839630196e+01
-5.7475732590e-05 1.6287150950e-05 5.5352642641e+01
-5.3696547323e-05 1.6316107980e-05 5.4482898845e+01
-4.9920753196e-05 1.6348411066e-05 5.3559976669e+01
-4.6146221777e-05 1.6380805422e-05 5.2584677193e+01
7.0940971747e-05 1.6619679801e-05 4.0338227046e+00
6.7167717608e-05 1.6482681843e-05 2.5518789634e+00
6.9363420672e-05 2.0249611468e-05 5.4879963321e+00
6.3404753196e-05 1.6357767251e-05 8.6839837426e-01
2.0320596926e-04 9.4403818706e-05 1.9853475435e+01
2.2554136635e-05 4.0207907606e-05 6.4034022875e-01
-6.7376939084e-05 8.6025169289e-05 4.9741233151e+01
-4.0725186412e-05 2.4226086602e-05 4.9571406992e+01
5.5915551614e-05 1.6143421679e-05 -5.3488597455e-02
5.4454197263e-05 1.9641812156e-05 1.6487469870e-01
4.8490065543e-05 1.5973276996e-05 -9.0278050140e-01
5.9653256009e-05 1.6244828773e-05 -3.8463207018e-02
-4.0453192794e-05 1.4905234534e-05 5.1323090671e+01
-3.6669410328e-05 1.4939408476e-05 5.0229860349e+01
-3.1106403890e-05 1.6535838862e-05 4.8204429492e+01
-2.7357402587e-05 1.6578376999e-05 4.7003867435e+01
-1.4012158833e-04 3.8131742332e-05 5.8863673209e+01
5.5031279069e-05 1.5113953391e-04 2.2309091085e+01
5.5553714926e-05 1.5437502892e-04 2.2336707774e+01
4.8256166636e-05 1.4866908715e-04 2.2849041742e+01
4.5357756675e-05 1.5062904395e-04 2.2908974772e+01
4.6254607777e-05 1.5379005271e-04 2.2914219150e+01
1.5430831545e-04 1.4491404123e-04 1.8694531716e+01
4.1142510445e-05 1.5846598729e-05 1.3359113151e+01
3.7502319963e-05 1.5799082975e-05 2.4463985797e+01
3.1453485061e-05 1.7385249097e-05 2.8765744522e+01
4.4805664285e-05 1.5904541629e-05 2.5662598296e+00
-2.3618471085e-05 1.6623363522e-05 4.5770996470e+01
-1.7831055497e-05 1.5135689532e-05 4.4199438276e+01
-1.4082543284e-05 1.5178998038e-05 4.2916945452e+01
-8.7283629779e-06 1.6818863604e-05 4.0623196902e+01
-1.5449712549e-04 1.0302948230e-04 5.0403427902e+01
2.6606443350e-05 1.5677849162e-05 2.9956628526e+01
2.2953954875e-05 1.5634690112e-05 3.0846249611e+01
1.9291667600e-05 1.5590324201e-05 3.1879594287e+01
1.3343490767e-05 1.7133630627e-05 3.3089239132e+01
2.5630574493e-04 1.0943855472e-04 1.7411333049e+01
8.3653813166e-07 1.5360696941e-05 3.7760469647e+01
4.5455884900e-06 1.5406948534e-05 3.6505496344e+01
8.2458000292e-06 1.5453326814e-05 3.5281009892e+01
-3.8237945818e-06 3.8683003252e-05 3.2110852634e+01
6.0474700735e-06 3.9195300119e-05 2.8141467287e+01
-5.4231515294e-05 8.4646607003e-05 4.8957652732e+01
-4.8387730151e-05 8.4997170389e-05 4.8143769846e+01
-1.9146663003e-05 3.9696810081e-05 3.8742473667e+01
-2.5912167657e-05 3.9405228565e-05 4.1633263148e+01
1.5779268860e-04 1.5780160384e-04 1.8106215356e+01
-3.2717676275e-05 3.9140965629e-05 4.4308850375e+01
-5.3355507540e-05 3.5233458179e-05 5.1272679716e+01
3.5493299454e-05 1.4671762366e-04 2.1924085807e+01
3.2459194794e-05 1.4835368812e-04 2.1246013964e+01
3.5665431534e-05 1.4962435137e-04 2.1845876149e+01
-5.0510116915e-05 9.4518692439e-05 4.8699677742e+01
-3.6737188607e-05 8.5954676277e-05 4.5348987957e+01
-4.4883531282e-05 9.4927737254e-05 4.8203465463e+01
-3.9565857694e-05 3.8904602152e-05 4.6743142143e+01
1.8517473287e-04 9.4319257749e-05 2.0743333822e+01
1.8898360278e-04 9.4973552062e-05 2.0500610919e+01
1.8615926501e-04 9.7420601245e-05 2.0440323989e+01
1.8995129482e-04 9.8079275567e-05 2.0212573535e+01
-3.2560706835e-05 9.8176116065e-05 4.5929655982e+01
-2.6901891864e-05 8.9037418846e-05 4.1595847243e+01
2.3104834314e-05 1.4123611025e-04 1.8947876063e+01
1.7384528103e-05 1.4157973784e-04 1.5184364469e+01
1.7409068168e-05 1.4473555476e-04 1.4534732054e+01
1.4552138865e-05 1.4019774460e-04 1.2964718638e+01
4.4307992464e-06 1.4033427027e-04 -2.8178288021e-01
1.4393079584e-05 1.4655518214e-04 1.0991511858e+01
7.9539985289e-06 1.3567321650e-04 3.8143192695e+00
2.3298160611e-05 1.4437890899e-04 1.8399922559e+01
2.6267462185e-05 1.4569250070e-04 1.9553758555e+01
-4.6449043088e-05 3.8697961916e-05 4.8919553730e+01
-2.1222139362e-05 8.9859818704e-05 3.8301252683e+01
-2.7029156764e-05 9.8952965399e-05 4.3723718501e+01
-6.7619136897e-05 6.7454261681e-05 5.1134619931e+01
-9.4583225411e-06 1.1332175794e-04 1.5352863389e+01
1.1659468583e-06 1.1703043102e-04 5.8736526085e-04
3.9215770515e-06 1.1811983261e-04 3.0490923331e-05
9.5285234802e-06 1.2043886223e-04 -1.8434662403e-02
1.2378937369e-05 1.2165191918e-04 4.7896986041e-02
2.4116139096e-05 1.2669885696e-04 1.2188308110e+01
2.7140342235e-05 1.2798317201e-04 1.5147866719e+01
3.2695059462e-05 1.2735961077e-04 1.7338690513e+01
3.6445640168e-05 1.3183472239e-04 2.0426792656e+01
3.0744571086e-05 1.3247105739e-04 1.9370801051e+01
4.2219148009e-05 1.3112526943e-04 2.1173495507e+01
4.0186075296e-05 1.3635840313e-04 2.2160118878e+01
4.5631284385e-06 1.2095685298e-04 4.5897977482e-03
-2.2540637410e-05 9.7664029173e-05 4.0738792864e+01
-6.2958165788e-05 6.5793710543e-05 5.0617283480e+01
-5.8274070480e-05 6.7764885136e-05 4.9768826020e+01
-8.0062169297e-05 6.7213329540e-05 5.2254863405e+01
-1.2211582760e-04 6.5646398670e-05 5.3544701889e+01
-1.3127548356e-04 6.5875843086e-05 5.3521022970e+01
-1.3863958634e-05 8.9078141775e-05 3.2612546459e+01
-8.9388013786e-05 6.7138561358e-05 5.2734731348e+01
-1.7057747379e-05 9.8671486026e-05 3.6718968720e+01
3.5489400286e-06 1.3159907924e-04 -1.1728395759e-02
-3.9186367029e-06 1.3052072603e-04 7.4241783014e-02
-8.5812765962e-06 1.3075185906e-04 1.2040818475e+00
-8.3082381707e-06 9.0114926703e-05 2.8122495385e+01
-1.5391777633e-04 7.0530359776e-05 5.2736579946e+01
-2.3165498565e-05 1.0778568993e-04 4.3854020641e+01
-2.7556284201e-05 1.0905899921e-04 4.6754237682e+01
-3.2854503961e-05 1.0824837569e-04 4.8213426869e+01
-3.5511659609e-05 1.0790087517e-04 4.8578775194e+01
-2.1466406688e-05 1.1232357928e-04 4.4044584306e+01
-8.7817226104e-06 1.2798810671e-04 9.2027606888e-01
-1.3036887353e-05 1.3103429660e-04 1.9621023320e+01
-1.3539426335e-05 1.2581155396e-04 1.2478722676e+01
-5.4578488254e-06 1.0344673533e-04 6.1481799471e+00
2.2681734913e-04 1.1657833179e-04 1.7426170038e+01
-2.1910070869e-05 1.2754437586e-04 6.6861356832e+01
-2.6505218944e-05 1.2643917734e-04 6.6413204016e+01
-3.1164315429e-05 1.2557091015e-04 6.3862057638e+01
-3.1898211339e-05 1.2322159174e-04 5.7857272211e+01
-2.7795925034e-05 1.2173706562e-04 5.4560670431e+01
-1.7744219024e-05 1.2654211374e-04 5.4246320024e+01
1.6818568856e-04 5.7812460623e-05 2.1826692521e+01
1.3254276651e-08 1.0495216138e-04 1.2219362553e-01
1.0423858427e-06 9.4228823996e-05 2.4752351923e-01
8.7752752295e-06 9.3890502629e-05 -4.1266114061e-03
4.7912628672e-06 1.0408054108e-04 1.5766404703e-02
-3.6712780422e-05 1.2252789150e-04 5.5405626607e+01
-4.1567249311e-05 1.2199074315e-04 5.2707599635e+01
-4.4043191036e-05 1.2169394318e-04 5.1230147507e+01
-4.5068509396e-05 1.0897022102e-04 4.8694703226e+01
-5.0345102956e-05 1.0857532536e-04 4.8214942848e+01
-4.0834279357e-05 1.0730712122e-04 4.8822575072e+01
-5.8061347832e-05 1.0406466432e-04 4.8087566235e+01
-6.3550252251e-05 1.0793765534e-04 4.7092627501e+01
1.8853471616e-05 9.8848432388e-05 2.8527348518e-03
1.6566091211e-05 1.0779305025e-04 -1.5290874330e-02
2.7237651480e-05 9.8830088136e-05 1.6682956090e+00
2.3536260158e-05 1.1274638078e-04 1.7232343195e+00
2.6625818745e-05 1.1385848178e-04 5.7217932919e+00
-4.8900479841e-05 1.2126084981e-04 4.8554748426e+01
-1.8907169193e-04 4.4380272330e-05 5.6029867763e+01
-1.5856605892e-04 3.5058225637e-05 5.9104743203e+01
-1.6199995845e-04 3.5107189174e-05 5.8980591310e+01
-2.1293085718e-04 1.1826504087e-05 5.8211040184e+01
-5.3578937946e-05 1.1674313545e-04 4.6384547978e+01
-6.3716719741e-05 1.2058447868e-04 4.6849438817e+01
6.6313667372e-05 1.0760629055e-04 2.0154146338e+01
6.3862770677e-05 1.0967058787e-04 2.0091119051e+01
1.8059394784e-04 7.0619649426e-05 2.2960544426e+01
1.8453331421e-04 7.1225139806e-05 2.2910570644e+01
-1.4924777245e-04 7.9997551816e-05 5.1357273278e+01
-7.2578594701e-05 1.1808099687e-04 4.6466457512e+01
-7.7722146412e-05 1.1805427533e-04 4.6876175539e+01
-6.7524522234e-05 1.1829136298e-04 4.6090937080e+01
-5.8342600764e-05 5.7078050105e-05 5.0280097162e+01
-6.3160580089e-05 5.8682554550e-05 5.1090958623e+01
1.4803653429e-04 1.2248749449e-04 1.9997903088e+01
1.2962815164e-04 9.8001343614e-05 2.2887310076e+01
1.2695364775e-04 1.0028474681e-04 2.2809889003e+01
1.2806615004e-04 1.0340878531e-04 2.2394554478e+01
-1.6686724820e-04 9.3727005507e-05 5.0957869024e+01
1.9989550543e-04 1.2206224829e-05 1.6999858257e+01
2.7839731210e-04 2.0436701710e-05 1.9121412148e+01
-1.1369799552e-04 7.6601487359e-05 5.1515411005e+01
9.3054456431e-05 1.4483230808e-04 2.0696179282e+01
2.3139560057e-04 4.3251432348e-05 2.2923813393e+01
2.3539181474e-04 4.3605160534e-05 2.2554706091e+01
1.2578069214e-05 3.9562423902e-05 1.1117570088e+01
5.0280670219e-05 4.2524807347e-05 7.2953374958e+00
5.7448450753e-05 4.3242326221e-05 9.3438970684e+00
6.8351140307e-05 4.4419878043e-05 1.2156005237e+01
7.2022528410e-05 4.4838408085e-05 1.2983639593e+01
7.3202961931e-05 4.7172738894e-05 1.3592767127e+01
7.6891756430e-05 4.7628685837e-05 1.4330539850e+01
8.4319611339e-05 4.8575621658e-05 1.5628231701e+01
9.0628842702e-05 4.7111031491e-05 1.6206868088e+01
9.4396624104e-05 4.7597232733e-05 1.6695449141e+01
4.9099403848e-05 1.2191126232e-04 1.9898126084e+01
8.2720510999e-05 6.7191740871e-05 1.7830970689e+01
1.3575846777e-04 1.5277639686e-04 1.8992865610e+01
-1.6172800811e-04 8.4919369556e-05 5.1154013194e+01
1.7176865142e-04 1.1193087646e-05 1.1803424957e+01
-3.3100246489e-04 2.0577427152e-06 1.4395089558e+01
-3.2717878335e-04 1.9470645982e-06 1.5522359719e+01
-1.5765009862e-04 4.5157360951e-05 5.7192303952e+01
-1.3015502026e-04 9.8981959717e-05 4.9032213251e+01
1.9108923388e-04 3.9427069540e-05 2.1031776073e+01
1.7551181485e-04 4.8187138725e-05 2.1259432136e+01
-9.8668391111e-05 6.7147529417e-05 5.3009327478e+01
6.9112826484e-05 1.4065776406e-04 2.1789510963e+01
7.2596554029e-05 1.4176797240e-04 2.1571725679e+01
1.0302090872e-04 1.4455686934e-04 2.0325647818e+01
9.9419972152e-05 1.4358280822e-04 2.0491144210e+01
-8.0269355535e-05 1.1817757731e-04 4.7119160024e+01
-1.3672157863e-04 4.8193147128e-05 5.6910532432e+01
-1.1232866408e-04 1.0013506056e-04 4.8184618694e+01
5.0344166926e-05 6.1806992020e-05 1.0196696412e+01
9.5944560551e-05 9.0485306856e-05 2.1373912125e+01
8.6699149610e-05 1.4603191308e-04 2.0912322790e+01
1.6598488799e-04 7.1095722003e-05 2.2603420651e+01
-2.4099034315e-04 1.4602947206e-06 5.2510766076e+01
-2.3404253243e-04 2.9212092029e-06 5.4523978585e+01
-2.3598650999e-04 5.8895170950e-06 5.3740823965e+01
-2.3009986835e-04 2.9140329609e-06 5.5578669823e+01
2.4086513368e-04 2.6888743024e-06 2.0244824065e+01
2.4562961735e-04 5.5546097482e-06 2.1139497371e+01
-2.3089809169e-04 3.9414619188e-05 5.2194668565e+01
1.0336416998e-04 1.5973860667e-04 1.9934901613e+01
-7.2819241666e-05 5.8448205476e-05 5.2520837768e+01
2.5271775245e-04 1.0877885263e-04 1.7319269925e+01
-6.7386690951e-05 9.3768072394e-05 4.8959376513e+01
1.3861479462e-04 6.6611738998e-05 2.1614161540e+01
-8.2766953331e-05 2.5317837194e-05 5.8277171722e+01
3.5882142614e-05 7.7340204988e-05 6.3205484215e+00
4.0374148226e-05 8.0579883234e-05 8.4241074006e+00
2.6010078982e-05 7.5438570772e-05 2.3501398143e+00
1.4421126941e-05 7.5508007981e-05 -2.1299601784e-04
1.1126505091e-06 7.1304444409e-05 2.0039930323e+00
-1.2463535368e-05 7.1437191565e-05 3.0858815407e+01
-3.4922460822e-05 6.7287277277e-05 4.3172326188e+01
-4.4214733805e-05 6.6651464543e-05 4.6454679136e+01
-5.3569248130e-05 6.6157939424e-05 4.8886233257e+01
-1.6341287872e-04 5.7825454212e-05 5.4745650006e+01
2.4987197077e-04 1.2731737964e-04 1.7522084291e+01
-1.9839459116e-04 3.4197946781e-05 5.6886850167e+01
1.1166951465e-04 6.2185645761e-05 2.0001046733e+01
1.0030905133e-04 3.0456516181e-05 1.3621667450e+01
-6.8719725634e-05 4.3167455673e-05 5.3550219943e+01
8.8875975390e-05 2.9453263177e-05 1.2411767524e+01
1.7213434292e-04 1.0959574545e-04 2.0105985999e+01
-5.8490284777e-05 4.3382033241e-05 5.1492217523e+01
5.4045720669e-05 7.7950761084e-06 2.8202850790e+01
4.1985639100e-05 1.4940973289e-04 2.2560621637e+01
-4.6305456391e-05 7.5718132047e-05 4.7277844971e+01
7.7565580665e-05 2.8549005575e-05 1.0545015484e+01
1.4388068057e-05 1.3706219429e-04 1.4390400694e+01
6.3625148477e-05 3.5559381577e-05 9.2256625518e+00
-1.7493463132e-04 1.1675163778e-05 6.2445076545e+01
5.2713393855e-05 3.4677076819e-05 6.0106857696e+00
-2.2818659208e-05 7.4570826660e-06 4.7652872773e+01
-2.6204121785e-05 2.4492969064e-05 4.4818263900e+01
-5.0274823222e-06 1.6870231923e-05 3.9318506225e+01
-6.8056360820e-05 5.6801370857e-05 5.2028541458e+01
-1.7133272056e-04 8.1687337273e-05 5.1665365791e+01
-2.6812119740e-05 3.0990596008e-05 4.3621996545e+01
7.7920580508e-05 5.6878419367e-05 1.5831494375e+01
8.2379286398e-05 1.4174312895e-04 2.1180067416e+01
-3.7282312744e-05 7.6394672890e-05 4.4558751763e+01
-9.1311293804e-06 4.0177847657e-05 3.4126481600e+01
-1.3851662927e-05 3.8207234296e-05 3.6762428266e+01
-2.3992296998e-04 5.8999091392e-06 5.2556123498e+01
2.1280172452e-04 2.4685314468e-06 1.5947072621e+01
-2.1317469771e-04 1.4425049853e-06 5.9336887232e+01
-2.0873845394e-04 5.8128262270e-06 5.9604334197e+01
-2.0245242616e-04 2.8828832477e-06 6.0870817262e+01
-1.7792973256e-05 5.3967326683e-05 3.5584184200e+01
-6.7421873724e-05 3.4982455484e-05 5.4387156199e+01
-7.8004075149e-05 3.4852762165e-05 5.6132630539e+01
-8.1534533968e-05 3.4819589760e-05 5.6613751011e+01
4.5577523201e-05 5.2445304090e-05 7.7113793862e+00
-1.8755005427e-05 6.1254106589e-05 3.5326384731e+01
-9.5650979820e-06 6.2145639068e-05 2.9679961700e+01
-1.0821169886e-04 4.9617890400e-05 5.6282118925e+01
-1.1359268216e-04 4.7938508726e-05 5.6743850379e+01
-5.2209633982e-07 6.3143247999e-05 1.3279770242e+01
-2.7373072902e-05 5.3305569193e-05 4.0331041937e+01
-1.2555147071e-05 8.1263407832e-05 3.0972973459e+01
-7.9472824463e-06 7.9990653711e-05 2.7617800045e+01
6.6583252003e-07 8.1460759246e-05 -1.1852619717e+00
4.6579901640e-06 8.4309015105e-05 -7.3123811079e-02
1.3676012363e-05 8.6175051012e-05 1.4339078460e-03
1.8791309450e-05 8.5071027112e-05 1.7703139414e-02
2.3023220684e-05 8.8289711863e-05 -3.4880291514e-02
3.2675824139e-05 9.0631872891e-05 5.1541257925e+00
3.4857588439e-05 8.8781239965e-05 6.3230696991e+00
2.0472820283e-04 2.4094057101e-06 1.4304665962e+01
-3.7074288916e-05 5.2743833052e-05 4.4374204445e+01
-1.7954209166e-04 4.4023890859e-05 5.6600994685e+01
2.7883376265e-05 6.7060548402e-05 3.6187628629e+00
1.8128016037e-05 6.5585323569e-05 1.8804682890e+00
8.0194379253e-05 7.6646042095e-05 1.8536951103e+01
5.8647014280e-05 7.2439801498e-05 1.3771318498e+01
-1.4525966642e-05 1.1187550657e-04 3.5919635878e+01
-1.3025190491e-04 5.3287355552e-05 5.5926275215e+01
2.6967212552e-04 4.3488372284e-05 1.8839655263e+01
2.7490299591e-04 3.4959667820e-05 1.8758037340e+01
2.6583664173e-04 4.3188884991e-05 1.9328990519e+01
1.2675037734e-04 1.4458196634e-04 1.9576839618e+01
1.3040340564e-04 1.4546264214e-04 1.9418314540e+01
1.2497603336e-04 8.5748799373e-05 2.2360205027e+01
3.1444280760e-05 1.0254405597e-04 5.9479627389e+00
-1.8533271387e-04 1.4279219919e-06 6.3034769958e+01
-1.9059122846e-04 2.8731256703e-06 6.2323820803e+01
-1.9454383003e-04 2.8761878365e-06 6.1881900200e+01
1.8475861516e-04 2.2613306900e-06 9.1329334834e+00
7.3325616100e-05 1.0960680606e-04 2.1205641682e+01
7.0832214423e-05 1.1171213203e-04 2.1195455398e+01
7.7884741164e-05 1.1374777561e-04 2.1959957472e+01
1.7671928909e-04 2.1973497501e-06 6.5457783056e+00
-1.7737925425e-04 1.4241051006e-06 6.3722602290e+01
-2.3111196567e-04 4.3302974150e-05 5.2028284421e+01
-2.3972612192e-04 3.8260567959e-05 5.0542879109e+01
1.1303791572e-04 1.4417284889e-04 2.0019877592e+01
-1.7899309731e-05 1.0890199812e-04 3.9642085077e+01
2.0412359664e-04 9.7519329433e-05 1.9586471713e+01
-2.3873746351e-04 6.1326509708e-05 5.1723940605e+01
1.5673993035e-04 2.0489838489e-06 -2.9568594095e-02
2.3808434891e-04 9.0875055161e-05 1.8175114708e+01
1.4871090750e-04 1.9826260498e-06 4.9689705858e-02
-1.8158618928e-04 3.3787114265e-05 5.8259265473e+01
2.3013282644e-04 7.4772901829e-05 1.9832384812e+01
3.2173145879e-04 4.8599784437e-05 1.7941299630e+01
1.2078609930e-04 1.7676911246e-06 -8.4833071991e-04
1.1285027802e-04 1.6978196225e-06 -5.1642265943e-04
3.0880151407e-04 3.0233651015e-06 1.7355713502e+01
1.2210423570e-04 1.1660938598e-04 2.1406674422e+01
-1.7058157983e-04 9.8423949641e-05 5.1191247774e+01
1.0488760898e-04 1.6382365451e-06 9.1965087999e-03
-1.2665931775e-04 1.0909540579e-04 4.9000170251e+01
-1.7214340921e-04 6.5825044661e-05 5.3391069992e+01
8.1092100293e-05 1.5192601735e-06 2.8906126752e+01
1.7216766677e-04 1.2151792860e-04 1.9371990344e+01
7.3173953311e-05 1.5172725409e-06 2.7982928744e+01
4.9374397463e-05 1.5112565453e-06 3.0233731602e+01
2.7503867603e-04 1.0010808656e-04 1.7643293266e+01
2.4338008284e-04 1.1336839769e-04 1.7176952362e+01
2.1339937573e-04 1.3257553337e-04 1.7335232942e+01
-2.7664890981e-04 1.5128531588e-06 3.4304784498e+01
-2.7269633632e-04 1.5030511421e-06 3.7066967900e+01
-2.6548531891e-04 2.9931127338e-06 4.1589470542e+01
-2.6157238024e-04 2.9786985882e-06 4.3756491665e+01
-2.5770246062e-04 2.9706304479e-06 4.5717287484e+01
2.4836858768e-04 8.9376808392e-05 1.7615344470e+01
1.0903770567e-04 1.5515907032e-04 1.9853214706e+01
2.6502121047e-04 2.8346803703e-06 2.2754307534e+01
2.6597106363e-04 5.6597151612e-06 2.2477147330e+01
2.6099310638e-04 2.8684830528e-06 2.2749174259e+01
2.7728598337e-04 9.4050392764e-05 1.7624161566e+01
-2.0006732709e-04 8.5303369564e-05 5.2439003882e+01
-9.4944767890e-05 4.9606892527e-05 5.5653907014e+01
2.5292751060e-04 2.7921262878e-06 2.1675010838e+01
2.5384784258e-04 5.5582772400e-06 2.1940233243e+01
2.4890336471e-04 2.8116722379e-06 2.1195328293e+01
2.5381429952e-04 5.3929501387e-05 1.9715958086e+01
-2.4895660826e-04 1.4540762365e-06 4.9619249068e+01
2.2048673552e-04 7.9344775615e-05 2.0075304917e+01
-2.2112585188e-04 1.4462871922e-06 5.7794982492e+01
2.2480729697e-04 2.5770464191e-06 1.8025318591e+01
2.2079089713e-04 2.5816413711e-06 1.7372246183e+01
-1.9819552791e-04 7.2170745702e-05 5.2688655668e+01
2.0934450674e-04 1.1647579332e-04 1.8240299009e+01
1.9274426768e-04 2.3624767577e-06 1.1401553082e+01
-1.4527238610e-04 9.7979620498e-05 4.9815619495e+01
1.5823518152e-04 1.2167353545e-04 1.9734104186e+01
1.6872603232e-04 2.1517290994e-06 3.6790872480e+00
1.4073047774e-04 1.9320127818e-06 -1.7996967852e-02
1.3673466031e-04 1.9152093115e-06 -2.8587631969e-03
-2.1257357227e-04 8.9842594033e-05 5.3228774710e+01
4.1425565071e-05 1.5138595192e-06 3.1397465316e+01
-1.8093126202e-05 1.4656088400e-06 4.7518705966e+01
2.4869375908e-04 6.2257075723e-05 1.9470998435e+01
-2.1589727638e-04 4.0252488394e-05 5.4263042050e+01
-1.8056857889e-04 7.6434522866e-05 5.2253590472e+01
1.5669578158e-04 9.4936471617e-05 2.1889513872e+01
1.5396488088e-04 9.7297702402e-05 2.1787145717e+01
-1.4526430208e-04 5.1838502968e-05 5.6127056300e+01
-1.5406499903e-04 3.3364271382e-05 5.9558492965e+01
2.2227957084e-04 8.5513516716e-05 1.9483506787e+01
-4.8531729067e-05 1.1707147952e-04 4.7348199320e+01
-7.5934976243e-05 8.9700507107e-05 4.9383129681e+01
1.4336656435e-04 1.1850484906e-04 2.0444337277e+01
-2.8163426044e-04 5.2426274617e-05 4.3596107268e+01
-9.0713415320e-05 1.1399103426e-04 4.7043563814e+01
2.1863004297e-04 6.1713287232e-05 2.1862710852e+01
1.4417782626e-04 1.4566404415e-04 1.8963250574e+01
1.9941921973e-04 9.3783165680e-05 2.0086813931e+01
-7.5440090571e-05 2.5368984580e-05 5.7221904839e+01
-1.6803097221e-04 9.8115257944e-05 5.1039547931e+01
1.8079940283e-04 1.5382705418e-04 1.7574312767e+01
3.0868784757e-04 7.6700310655e-05 1.7888024537e+01
-1.1359557707e-04 1.0844400644e-04 4.8107114064e+01
-1.4474500322e-04 3.4896560737e-05 5.9445731635e+01
-2.2615475503e-04 2.9078538713e-06 5.6544562996e+01
-1.9849848323e-04 2.8792176483e-06 6.1398484995e+01
2.9002470844e-04 2.0879293568e-05 1.7052947994e+01
3.5588482308e-04 3.6234808832e-05 1.7723761461e+01
3.5615818507e-04 4.0027821579e-05 1.7737722476e+01
1.8982566028e-04 8.6365811600e-05 2.1199519295e+01
2.8315276779e-04 8.8611609221e-05 1.7669190800e+01
-1.6259131581e-04 7.1029320640e-05 5.2691556455e+01
-1.5756749068e-04 7.2665581840e-05 5.2439116406e+01
-1.3595869408e-04 8.1233965230e-05 5.0964760772e+01
-1.9559610422e-04 5.7807367642e-05 5.3913737492e+01
-6.3446565777e-05 1.0385504846e-04 4.7772719781e+01
1.9164228376e-04 8.0878013938e-05 2.1606079726e+01
3.0093465335e-04 7.2027717277e-05 1.7810367545e+01
2.9973081207e-04 6.5312003481e-05 1.7759092851e+01
-2.1670998206e-04 8.1698380640e-05 5.2961620706e+01
-1.0791349574e-04 6.7226915747e-05 5.3148469478e+01
-2.8823350291e-04 1.1856703240e-05 2.1405342332e+01
8.1261134139e-05 1.5195045515e-05 6.0140014241e+00
8.5817847675e-05 9.9012764299e-05 2.1305122534e+01
9.6600412971e-05 1.5925438791e-05 6.9066766694e+00
9.0149773279e-05 1.1140666303e-04 2.2443460987e+01
2.2255025868e-04 6.2184232357e-05 2.1531007485e+01
1.5959486535e-04 1.9702566095e-05 1.4077779802e+01
9.3517691659e-05 3.2589522266e-06 -4.8065431642e-01
-1.9778981962e-04 1.1752148747e-05 6.0344991903e+01
-2.2956081276e-05 1.2277069619e-04 5.3102178698e+01
2.4846307498e-04 2.4904180817e-05 2.2803873142e+01
-8.2047282253e-05 1.0767048463e-04 4.6673891890e+01
1.1667088371e-04 1.4509799121e-04 1.9889845854e+01
-1.6801304961e-04 7.9356308192e-05 5.1786058887e+01
1.7177190656e-04 1.4564254597e-04 1.8187139747e+01
7.3317092617e-05 1.4502186534e-04 2.1413874723e+01
4.0348235075e-05 9.5055857826e-05 1.0103535687e+01
1.3720217531e-04 9.9630019364e-05 2.2300130673e+01
1.3142653406e-04 1.3667880492e-04 1.9758498853e+01
2.2474050382e-04 1.2238089174e-04 1.7268696251e+01
2.0356115058e-04 5.1493760381e-05 2.2481600427e+01
6.7693169965e-05 1.4930168013e-04 2.1601668628e+01
-1.8874711356e-04 5.3526546059e-05 5.4707812051e+01
1.0407529341e-04 1.3582507153e-04 2.0689391766e+01
5.3345279016e-05 1.4136387208e-04 2.2568483510e+01
3.1752045964e-04 8.8827222628e-05 1.7899076256e+01
2.0970114199e-04 5.7798387700e-05 2.2918941278e+01
1.8469671125e-04 1.4222719444e-04 1.7971446784e+01
1.0890515030e-04 1.0758393216e-04 2.2944522726e+01
-1.5787419464e-04 5.2188858272e-05 5.5859579136e+01
-1.2566639677e-04 9.4648174589e-05 4.9118260335e+01
3.1054882644e-04 6.6971005718e-05 1.7889700126e+01
2.5764574659e-04 5.4300268876e-05 1.9310651370e+01
2.4033242469e-04 4.6881308646e-05 2.1703437341e+01
-3.2996274812e-04 3.3219693702e-05 2.2713501351e+01
-1.5702640028e-04 9.4832001500e-05 5.0464053248e+01
3.1771362129e-04 6.8212784500e-05 1.7926662614e+01
2.0964531273e-04 1.0442572381e-04 1.8881426446e+01
2.1537153575e-04 9.9373080453e-05 1.8912097177e+01
8.5650056206e-05 3.1749515887e-06 3.7147895185e+00
2.7213313454e-04 1.0279755694e-04 1.7623261997e+01
8.3147718057e-05 1.4498986131e-04 2.1048185591e+01
-2.5440697565e-04 1.5564915607e-05 4.6465472135e+01
2.8021900213e-04 9.1335229288e-05 1.7646585344e+01
2.2981131147e-04 8.6621421365e-05 1.8954969425e+01
2.2444327388e-04 1.0694839357e-04 1.8019790241e+01
1.1212435465e-04 1.6794471304e-05 7.3603661797e+00
3.5290629931e-04 4.3102225987e-05 1.7798786481e+01
3.1260789259e-04 3.7777143249e-05 1.7792091048e+01
-9.0318067666e-05 1.0362811309e-04 4.7226812118e+01
2.1871885750e-04 1.1205857754e-04 1.8036642630e+01
2.6130487358e-04 1.1682166417e-04 1.7590438138e+01
2.8520137393e-04 6.3382871090e-05 1.7438209528e+01
2.8398134030e-04 2.6566598935e-05 1.7850050840e+01
1.4051510290e-04 1.4482311999e-04 1.9109562260e+01
2.4899098756e-04 7.7264951593e-05 1.8323709354e+01
-2.3658023673e-04 3.4183969636e-05 5.1305593451e+01
2.9724897081e-04 5.2172852355e-05 1.7613743470e+01
2.3913836531e-04 1.2514008555e-04 1.7286470168e+01
1.5902680950e-04 1.3687008187e-04 1.8920827271e+01
1.5262337620e-04 2.1529390725e-05 1.4014584650e+01
4.3946364346e-05 1.4089895848e-04 2.2830158774e+01
2.3480488861e-04 1.2116071951e-04 1.7099002828e+01
1.0769118852e-04 1.3677853338e-04 2.0501174340e+01
1.3509224957e-04 1.3753997161e-04 1.9589973272e+01
1.2134727212e-04 1.3724582243e-04 2.0051123063e+01
9.4152904161e-05 1.3611793247e-04 2.1058372165e+01
3.0458744742e-04 5.3013853283e-05 1.7759993738e+01
2.1099148392e-04 1.2288723314e-04 1.7863937401e+01
1.1573746617e-04 1.1801135312e-04 2.1600540881e+01
8.7583714859e-05 1.1359140259e-04 2.2463694370e+01
-1.8389138667e-04 3.8933078612e-05 5.7228360604e+01
-1.8154989051e-04 8.0659997867e-05 5.1983222559e+01
1.8430725841e-04 1.0298455605e-04 2.0100909186e+01
1.6536438790e-04 9.9490497300e-05 2.1101624890e+01
-1.7675827026e-04 7.2051306320e-05 5.2624513626e+01
-1.9551482857e-04 7.1853509438e-05 5.2701745465e+01
1.5908440883e-04 1.1293923268e-04 2.0281305669e+01
-5.8641636540e-05 1.1648114683e-04 4.5822252441e+01
-5.5175243753e-05 3.0347193752e-05 5.2442373130e+01
-1.5298503517e-04 9.0334646713e-05 5.0475048032e+01
5.4272657963e-05 3.1246686598e-06 2.9311025033e+01
-3.5989487698e-05 1.1830377807e-04 5.0953640723e+01
1.8917807604e-04 1.4620453570e-04 1.7672657162e+01
6.2117587495e-05 3.1316611335e-06 2.8526111306e+01
2.2568776606e-04 9.8035298002e-05 1.8455335820e+01
2.6560677477e-04 1.7152291501e-05 2.1682509076e+01
2.3616630580e-04 1.1207014796e-04 1.7140118203e+01
4.9346196786e-05 9.4923905624e-05 1.3984939582e+01
-2.2660445938e-04 3.0002910893e-05 5.3617923952e+01
1.7933696104e-04 1.3504544840e-04 1.8443697319e+01
2.0418480602e-04 8.5734104848e-05 2.0483193643e+01
2.6277063213e-04 1.0746074362e-04 1.7514022855e+01
1.2115496542e-04 1.4923771205e-04 1.9608435251e+01
-8.4483237202e-05 8.9642141721e-05 4.9319496304e+01
-1.0803889607e-04 5.8276464742e-05 5.4742388194e+01
3.7039430591e-05 9.4176426454e-05 8.1659319919e+00
2.0890685624e-04 2.5281357739e-05 2.0412470681e+01
1.9366840113e-04 8.6989641542e-05 2.0936850014e+01
-2.1566768918e-04 2.6211355443e-05 5.5907911858e+01
2.0309081259e-04 7.1107035240e-05 2.1914092025e+01
2.5331255144e-04 6.5757139977e-05 1.8804457360e+01
-1.0418769242e-04 5.3029159988e-05 5.5546448649e+01
2.6976663692e-04 5.8527270270e-05 1.7800461493e+01
2.5936030239e-04 7.5596628206e-05 1.7652822162e+01
-1.7728198322e-04 3.8758868435e-05 5.7632458501e+01
2.4441410890e-04 2.4698108835e-05 2.2498513945e+01
-4.4457938728e-05 3.0554393417e-05 4.9549128258e+01
2.8351614067e-04 1.1841573986e-05 1.8477669123e+01
2.3511778631e-04 6.6583120872e-05 2.0181163047e+01
2.2703918749e-04 1.3216335416e-04 1.7145387320e+01
-2.4532535021e-04 4.2911364845e-05 4.9494062503e+01
-1.4832845892e-04 3.0081784425e-05 6.0315182116e+01
2.1953618199e-04 5.3308495822e-05 2.2775679726e+01
1.6603323557e-04 9.0921237079e-05 2.1841572680e+01
9.3775273926e-05 1.1237806068e-04 2.2640578620e+01
2.9199836904e-04 8.0375424315e-05 1.7738971909e+01
-2.4420387348e-04 1.6952000622e-05 5.0256452334e+01
2.6824612973e-04 5.2329466139e-05 1.8369924822e+01
3.4365686238e-04 2.3961049364e-05 1.7829051036e+01
3.4743695445e-04 2.4306504127e-05 1.7784398664e+01
-2.7589251591e-04 4.7444476764e-05 4.2246879033e+01
-2.0322070938e-04 2.9249743922e-05 5.7133012423e+01
2.9434969071e-04 7.4246056564e-05 1.7733569038e+01
-2.7672821453e-04 5.2993471006e-05 4.5052267426e+01
-2.6148579285e-04 2.1114367259e-05 4.2845884080e+01
-2.6781621933e-04 2.1583992851e-05 3.9266964424e+01
-2.5788919545e-04 1.5673584642e-05 4.4868023132e+01
2.1342093026e-04 4.7071658608e-05 2.2545248254e+01
2.7948498945e-04 5.3422920597e-05 1.7082746424e+01
-9.8443137404e-05 5.8233281681e-05 5.4459524615e+01
2.5418827871e-04 9.9607058233e-05 1.7171793991e+01
1.2950464254e-04 1.1834441263e-04 2.0946893665e+01
-2.3376832358e-04 5.8162628521e-05 5.1858731593e+01
-2.0321499958e-04 7.0706013083e-05 5.2757048716e+01
3.2140295073e-04 2.5606494771e-05 1.7819165226e+01
-2.8088403380e-04 2.9675234185e-05 3.0654402035e+01
-1.7615445136e-04 9.0554068744e-05 5.1430227120e+01
-1.2668261811e-04 2.5244271845e-05 6.1259355312e+01
3.4668046567e-05 1.0352241527e-04 8.5160839627e+00
2.7447557479e-04 2.0299666884e-05 1.9838203717e+01
-6.3323532952e-05 5.1732985739e-05 5.1671712169e+01
-2.7233292447e-04 3.0211492160e-05 3.7322200642e+01
1.9999160345e-04 1.2083172239e-04 1.8409774570e+01
-2.8365173214e-04 5.3410263194e-05 4.3866292666e+01
-1.2294286851e-04 9.4513229380e-05 4.9036418102e+01
2.6235932313e-04 3.1298981399e-05 2.0837892314e+01
3.1282507174e-04 8.0902932332e-05 1.7905388101e+01
2.7624659386e-04 2.6197146898e-05 1.9142103061e+01
2.6152429080e-04 8.5164604463e-05 1.7028752810e+01
-1.8154439889e-04 5.7675963629e-06 6.2806011038e+01
1.2269905850e-04 1.0798103337e-04 2.2225582554e+01
2.7563181222e-04 1.1679789613e-05 2.0094962116e+01
2.5595791479e-04 4.8254578683e-05 2.0004303036e+01
-1.4487309080e-04 8.9726006117e-05 5.0218557222e+01
2.9744726371e-04 9.1290364454e-05 1.7842037282e+01
-1.5813573725e-04 4.0050530607e-05 5.8159333069e+01
2.9913134889e-04 1.2198174163e-05 1.7239058972e+01
2.6628605312e-04 3.1518664993e-05 2.0262848051e+01
3.2035627268e-05 1.1311460208e-04 9.8819191707e+00
3.2587443278e-04 7.6801401182e-05 1.7917855092e+01
3.2378240190e-04 3.8868510765e-05 1.7922907434e+01
2.9344285024e-04 6.1436496051e-06 1.7008470591e+01
2.9648950577e-04 1.0464203193e-04 1.7864300299e+01
-1.4478369828e-04 3.0056380781e-05 6.0376811478e+01
-2.8910018472e-04 4.4812603849e-05 3.4227326411e+01
-2.2117443042e-04 3.5083084773e-05 5.4055090133e+01
1.8846675573e-04 7.1822366001e-05 2.2637001697e+01
3.2534934279e-04 7.3181705181e-05 1.7926614114e+01
9.0577823193e-05 1.3511228777e-04 2.1244384101e+01
3.3163998894e-04 1.9742886031e-05 1.7833751135e+01
-1.6727858456e-04 7.2360144372e-06 6.3587594752e+01
2.9223876215e-04 1.0024405671e-04 1.7830663791e+01
-7.7152851185e-05 9.5562232095e-05 4.8511457020e+01
2.8840701733e-04 7.9782582718e-05 1.7681784902e+01
1.1770089863e-04 1.3634063362e-04 2.0196439433e+01
2.2058986086e-04 6.7700492464e-05 2.1115864170e+01
-3.2133209370e-04 2.5737689100e-05 1.9967638237e+01
-7.6763987707e-05 1.0768447314e-04 4.6653513229e+01
1.4521014174e-04 1.3684997632e-04 1.9297495417e+01
2.6160123929e-04 1.7034819952e-05 2.2406147311e+01
-2.7111451805e-04 1.9968450720e-05 3.7108301099e+01
2.9083245514e-04 3.9096501239e-05 1.7293583115e+01
3.4686072056e-04 5.2881509590e-05 1.7869736824e+01
-1.6390975256e-04 3.8472199563e-05 5.8274116933e+01
-1.7113807371e-04 7.1611584347e-05 5.2649450762e+01
-2.1275387044e-04 6.1483406262e-05 5.2982703536e+01
-1.1710515951e-04 6.7372387458e-05 5.3200024430e+01
2.8331796259e-04 3.8523659151e-05 1.7308678738e+01
-3.6583024051e-04 3.5520403835e-06 1.9832374059e+01
2.0223666838e-04 7.9615937932e-05 2.1131076799e+01
2.8781379457e-04 2.6760929532e-05 1.7169895934e+01
-3.4228185237e-04 2.1627949149e-05 2.0532639437e+01
2.7035762900e-04 7.7085309305e-05 1.7166048612e+01
-1.0370329512e-04 9.3811956288e-05 4.8662566978e+01
2.2646518547e-04 5.1225705690e-05 2.2416888657e+01
2.6231572982e-04 7.2917946130e-05 1.7584430955e+01
-3.0826482836e-04 1.1660840860e-05 1.8133199378e+01
3.7425456767e-05 1.5210903942e-06 3.2101527085e+01
3.1012292512e-04 4.3967051731e-05 1.7793231323e+01
1.7265620152e-04 8.9230535817e-05 2.1700931681e+01
-2.3116773591e-04 5.7731705840e-05 5.2034121511e+01
3.6524794220e-04 1.5112496482e-05 1.7013617739e+01
6.8337379052e-05 1.1381207483e-04 2.1192366329e+01
3.3387718204e-04 3.3246122678e-05 1.7935334581e+01
-2.5163835783e-04 2.0586820208e-05 4.7312066092e+01
1.1680035267e-04 1.3312373746e-04 2.0389071069e+01
3.1225230661e-04 7.7381557478e-05 1.7904737818e+01
-3.0182402783e-04 4.9185494683e-05 3.2224261355e+01
-1.9430282328e-04 8.0109458705e-05 5.2309228333e+01
-2.4969741957e-04 5.2309107929e-05 4.9669428319e+01
-2.0834849731e-04 4.9143284208e-05 5.4118941335e+01
1.1762371077e-04 7.6167416402e-05 2.1529205977e+01
-2.0436962296e-04 1.6379255689e-05 5.8875139933e+01
-3.7093417396e-04 7.7512215621e-06 1.6930814124e+01
2.7928194652e-04 1.0419752644e-04 1.7730490588e+01
-2.0256741671e-04 8.5727757582e-05 5.2544738239e+01
2.7648539326e-04 5.6182132681e-05 1.7213001020e+01
-2.1154027053e-04 3.4647727637e-05 5.5415671366e+01
-1.8424416899e-04 2.5646218291e-05 5.9480535048e+01
-1.9424830702e-04 5.1979581904e-05 5.4664877729e+01
-9.9302891452e-05 9.5704688404e-05 4.8346882340e+01
-2.4019286006e-04 1.5239580044e-05 5.1679618457e+01
3.6052224965e-04 7.5188861881e-06 1.7230799059e+01
-1.6190405240e-04 6.1465519040e-05 5.4154003326e+01
-1.1747557298e-04 9.4269496613e-05 4.8892017718e+01
-1.2623312290e-04 6.7580421283e-05 5.3197091244e+01
-7.1520670993e-05 1.0365530122e-04 4.7402988325e+01
5.8548059338e-05 9.4749937584e-05 1.6750095453e+01
-1.3941337684e-04 8.9368063134e-05 5.0066699380e+01
1.7542842997e-04 1.4641082310e-04 1.8047340837e+01
-1.3547675781e-04 9.9325918682e-05 4.9285867900e+01
1.1382800184e-04 7.5450210390e-05 2.1301628208e+01
-2.4827646917e-04 2.0447494988e-05 4.8588882557e+01
3.3102894531e-04 1.6429749745e-05 1.7799517438e+01
2.6527860009e-04 7.0226722765e-05 1.7509741138e+01
1.1263978412e-04 7.2601965499e-05 2.1018848064e+01
2.2942869835e-05 1.0245226575e-04 -1.6585320990e-01
-1.4464166293e-04 3.9842587593e-05 5.8482282631e+01
6.3124594529e-05 9.8578022579e-05 1.8347215314e+01
3.2186314550e-04 9.6721282614e-06 1.7649407759e+01
-1.3999566898e-04 4.8248779470e-05 5.6879574125e+01
2.5353279929e-04 1.6781692510e-05 2.2597229240e+01
-1.7658443911e-04 5.2897181152e-05 5.5245790835e+01
1.9551240239e-04 8.1482939435e-05 2.1338917630e+01
2.1952861256e-05 9.9733971626e-05 -7.2774098751e-02
-2.0727529978e-04 8.4348839040e-05 5.2701280394e+01
-1.3666939759e-04 8.9202994422e-05 4.9996991393e+01
-2.3387435377e-04 5.3876911109e-05 5.1699366554e+01
2.7694081196e-04 7.4870414620e-05 1.7366944613e+01
-3.1151378985e-04 1.2078828058e-05 1.8370781922e+01
3.3140351378e-04 6.7466023570e-05 1.7926801632e+01
-2.3942590731e-04 3.0680466035e-05 5.0775090315e+01
3.2075150256e-04 6.5353646351e-05 1.7937377650e+01
2.6719054003e-04 9.5496216733e-05 1.7446370791e+01
2.6208551764e-05 8.9046871224e-05 9.5586331969e-01
1.6772134565e-04 8.5485816914e-05 2.2294781722e+01
-2.0890907962e-04 7.5806497426e-05 5.2657408329e+01
1.8188737027e-04 1.4470368194e-04 1.7943754871e+01
3.0810319670e-04 9.3561480540e-05 1.7888391923e+01
3.2695000312e-04 3.5882668328e-05 1.7928610729e+01
2.4947332398e-04 1.6646954872e-05 2.2303773777e+01
3.0578754055e-04 9.9939402073e-05 1.7884159804e+01
1.0507927581e-04 7.1215971046e-05 2.0446190446e+01
1.6385365514e-04 8.4796641659e-05 2.2521219263e+01
-2.2607989844e-04 7.2293008003e-05 5.2724412944e+01
1.7497255601e-04 7.5356880866e-05 2.2946046060e+01
3.1758922757e-04 2.5360618623e-05 1.7770442823e+01
2.5421527405e-04 8.4094655713e-05 1.7529819262e+01
-2.7950326758e-04 4.3625949354e-05 3.8579885234e+01
-1.1332574707e-04 1.0222226720e-04 4.8103106296e+01
9.8765218132e-05 7.2615197591e-05 2.0109076984e+01
3.6929559595e-04 1.9308477734e-05 1.7039444190e+01
3.2022489465e-04 6.1852687335e-05 1.7938812993e+01
7.6143339822e-05 9.9296358491e-05 2.0415848428e+01
-8.9811013536e-05 9.3580852373e-05 4.8650575940e+01
1.7105151686e-04 7.4713323771e-05 2.2945135092e+01
2.9794501495e-04 7.4823632677e-05 1.7786660335e+01
3.3797448904e-04 6.5373658232e-05 1.7903262211e+01
2.4041103541e-04 1.0042820820e-04 1.7497978068e+01
1.7821478843e-05 8.9341822858e-05 -2.5282137583e-03
-1.5728247958e-04 5.7580113677e-05 5.4886120922e+01
2.4694949100e-04 9.8411285464e-05 1.7210737233e+01
2.1088539885e-04 7.2189526083e-05 2.1315839490e+01
9.5032388614e-05 7.1918123350e-05 1.9723626357e+01
2.4134311676e-04 1.6354901482e-05 2.1724771365e+01
-1.6301362441e-04 8.9149388093e-05 5.0930353781e+01
-3.3920067675e-04 2.0714554639e-05 2.2156296025e+01
1.6991483781e-04 7.1730767072e-05 2.2724688447e+01
2.3563924290e-04 8.1465349003e-05 1.8951771222e+01
8.0811222956e-05 1.0326287446e-04 2.1261427027e+01
-1.5419818848e-04 5.7468091358e-05 5.4949311061e+01
-1.8907921665e-04 3.5647773817e-05 5.7429156329e+01
3.3752711074e-04 6.1687005244e-05 1.7916261893e+01
-5.8266178887e-05 1.0813975688e-04 4.7479689746e+01
3.3014090867e-04 3.2869765276e-05 1.7926422611e+01
2.5933197597e-04 3.3998293958e-05 2.0977643719e+01
6.0410724384e-05 1.0864993949e-04 1.9374243817e+01
8.9445532201e-05 9.9917145071e-05 2.1635402746e+01
8.6410949605e-05 6.7844239916e-05 1.8382942396e+01
2.3321567435e-04 1.6042318920e-05 2.1118860564e+01
2.9733609442e-04 7.1458609346e-05 1.7759454757e+01
3.9103805914e-06 9.4910041287e-05 -6.1524368805e-02
9.4191788523e-05 1.0390931827e-04 2.2170119239e+01
-5.2984707128e-05 1.0841081323e-04 4.7959159156e+01
-2.9950628312e-04 6.8229815923e-06 1.9385692284e+01
4.9768380529e-05 1.1365012967e-04 1.8043539453e+01
2.4839327032e-04 3.6140357406e-05 2.2073635339e+01
4.6440050737e-05 1.1256508865e-04 1.6795536125e+01
-2.2143069542e-04 8.0431863361e-05 5.3063379695e+01
2.0388649103e-04 6.2694634663e-05 2.2766681308e+01
1.5813379524e-04 6.9817708132e-05 2.2346339764e+01
1.0042163779e-04 1.0263371426e-04 2.2372242685e+01
7.6277010701e-06 8.4903021144e-05 1.9073414971e-02
2.2510054429e-04 1.5715563563e-05 2.0445610136e+01
7.5392889331e-05 6.5913553317e-05 1.6555799810e+01
2.7201400197e-04 5.2688906877e-05 1.7935716421e+01
2.8617181182e-04 2.0724856018e-05 1.7696616683e+01
2.4440466304e-04 3.5860990551e-05 2.2585732917e+01
-1.6790548978e-04 3.3546260624e-05 5.9038549517e+01
2.2104730397e-04 1.5549632005e-05 2.0074472089e+01
6.9334149285e-05 6.7250479301e-05 1.5599609142e+01
-1.4478161127e-04 7.5836948117e-05 5.1870703345e+01
2.2111615131e-04 1.2170304026e-04 1.7462360214e+01
2.7125066523e-04 4.9601068087e-05 1.8225150844e+01
3.4723067779e-04 5.6643779515e-05 1.7861319567e+01
2.2006351694e-04 1.2922995715e-05 1.9589402855e+01
-1.8076532014e-04 6.6430791365e-05 5.3246457242e+01
-1.2278441908e-07 8.5481586698e-05 -9.6021605680e-01
2.5249941375e-04 6.2677968727e-05 1.9110504592e+01
2.1295490997e-04 1.5216038646e-05 1.9255631004e+01
-1.5353831688e-04 8.4274752227e-05 5.0975635147e+01
5.8592379288e-05 6.5405467134e-05 1.2902513789e+01
1.4367859615e-04 7.0126888439e-05 2.2006325664e+01
2.1198396571e-04 1.2638520757e-05 1.8658950370e+01
-3.4763431291e-04 1.9304466635e-05 1.7869246418e+01
2.3636926292e-04 3.5277748166e-05 2.2768445602e+01
-1.3900998728e-04 7.5560066961e-05 5.1859695073e+01
2.8832697000e-04 1.4881423574e-05 1.7437719128e+01
5.3859410576e-05 6.2353010481e-05 1.1258817516e+01
-8.6236045547e-06 8.3919486855e-05 2.8650377004e+01
3.0397341867e-04 4.9731531803e-05 1.7727560127e+01
2.3233127184e-04 3.4975246454e-05 2.2542070055e+01
-1.9024318158e-04 3.0631036074e-05 5.8167392529e+01
-1.8404252525e-05 9.0312971168e-05 3.6368756613e+01
2.4487151028e-04 6.1834034809e-05 1.9828952681e+01
2.0392122691e-04 1.2350868226e-05 1.7589018350e+01
3.6908002150e-04 1.5425802781e-05 1.7452768504e+01
4.4582104043e-05 6.3138466870e-05 8.6054553933e+00
2.8742677494e-04 1.1938725043e-05 1.7672023159e+01
1.0410854086e-04 1.0353761846e-04 2.2561677629e+01
-3.0996348205e-05 1.1266073869e-04 4.9000460299e+01
-1.7198851261e-04 2.8710426790e-05 5.9728608019e+01
3.7728403764e-05 6.2098532451e-05 6.4270212029e+00
3.6879941276e-04 1.1582124609e-05 1.7195475457e+01
1.3086516268e-04 6.5334578784e-05 2.1240091598e+01
2.8884529589e-04 6.3840962703e-05 1.7539133511e+01
3.2996872417e-04 5.6674977652e-05 1.7958552323e+01
-1.8315336007e-05 8.0415010460e-05 3.5122456755e+01
2.7658251936e-05 6.0664969688e-05 3.7229148249e+00
3.2949054649e-04 5.3134990373e-05 1.7963068577e+01
1.8380579401e-04 1.1630518437e-05 1.4263781125e+01
-2.2942016424e-05 8.1745083220e-05 3.8248289945e+01
-1.8892349599e-05 1.1291479081e-04 4.1717064481e+01
2.3184713362e-05 5.8008868008e-05 2.9264326056e+00
-4.0029038414e-05 8.9503054972e-05 4.6760395388e+01
-2.7082320182e-05 7.9305371340e-05 4.0321116768e+01
1.1667939984e-04 6.5553383299e-05 2.0621883878e+01
1.7577742865e-04 1.1339768394e-05 1.2662206558e+01
-2.1144554091e-04 7.6228655731e-05 5.2691878392e+01
1.3472336198e-05 5.6860274491e-05 2.2393180984e+00
1.9455999157e-04 1.1378520408e-04 1.8987879787e+01
-4.5776107761e-05 8.9020790381e-05 4.7925622970e+01
-3.1719735790e-05 8.0713506064e-05 4.2731483702e+01
-1.3168626008e-05 1.1665803975e-04 3.4140810697e+01
2.3625444665e-04 5.7977446492e-05 2.0901340698e+01
8.3138535715e-06 5.8263685787e-05 2.5610748425e+00
-3.4667767940e-05 8.0415850520e-05 4.3935440492e+01
1.9084211954e-04 1.1310282061e-04 1.9171929872e+01
5.1892488228e-06 5.7922021948e-05 2.4472502112e+00
1.6375474761e-04 1.0900407827e-05 9.9738315370e+00
2.2423629645e-04 3.4354606028e-05 2.2129967317e+01
-2.5900438757e-04 5.6979742176e-05 4.9352436980e+01
-8.1517419843e-06 1.1832897311e-04 -1.5907567387e+00
-9.8500444504e-07 5.7286696361e-05 2.2151659022e+01
2.9526534839e-04 4.2558300188e-05 1.7466721175e+01
1.0407173723e-04 6.0954963283e-05 1.9341448632e+01
-3.5600973703e-06 1.1765110747e-04 -1.2353246331e-01
-4.0411144155e-06 5.6991349552e-05 2.7940235419e+01
-4.0588968650e-05 7.9887793816e-05 4.5950420681e+01
2.1613182901e-04 3.3717157970e-05 2.1694663643e+01
3.3577413703e-04 4.7219646654e-05 1.7958676373e+01
-5.8674946245e-05 8.6335880437e-05 4.9330486309e+01
-2.8649598122e-07 1.2146277653e-04 -7.6718712737e-03
1.4869618707e-04 1.2476949119e-05 8.0706036454e+00
9.7726080766e-05 6.2389036842e-05 1.8971615812e+01
-2.6128800405e-04 5.7685638852e-05 4.9290395710e+01
-1.3323747661e-05 5.6159586307e-05 3.2839667679e+01
-1.2649253525e-04 8.4718997007e-05 5.0310023336e+01
9.3974705857e-05 6.1773885470e-05 1.8540400016e+01
2.0802876423e-04 3.3067570536e-05 2.1223356861e+01
1.4073385568e-04 1.2131785170e-05 6.2411654246e+00
-3.3870182499e-04 2.3214033610e-06 1.5179611923e+01
-4.9514547175e-05 7.9252921318e-05 4.8126425911e+01
-1.2183341728e-04 8.6493116095e-05 4.9977505091e+01
-1.9847924973e-04 5.8038005600e-05 5.3782697535e+01
1.3675889306e-04 1.1957977075e-05 5.3476013637e+00
2.0398084291e-04 3.2739078257e-05 2.0973250297e+01
-5.3923033016e-05 7.7135515470e-05 4.8885305808e+01
2.3042481112e-04 5.1631712143e-05 2.2056856706e+01
8.6516742121e-05 6.0568841522e-05 1.7547008557e+01
2.0291205673e-04 3.0046529795e-05 2.0610150072e+01
2.6785336262e-05 3.0892203267e-06 3.3930171846e+01
2.1234415630e-04 4.4213677135e-05 2.2318442629e+01
8.1609879155e-05 5.7433047609e-05 1.6477830135e+01
2.2943084897e-04 4.8698368931e-05 2.2466772369e+01
1.2092605411e-04 1.1275497912e-05 2.1404403701e+00
-6.2944843634e-05 7.6747682057e-05 5.0074120362e+01
-3.4645692127e-04 2.6427670115e-06 1.9095212548e+01
2.0428167112e-04 4.3401874367e-05 2.1949831284e+01
2.0318828090e-04 4.0607863711e-05 2.1681124018e+01
1.8733982122e-05 1.2723716693e-04 7.8924855520e+00
1.9511859898e-04 3.9821983066e-05 2.1254107051e+01
1.1305614439e-04 1.0944806386e-05 1.1259275372e+00
2.4330647275e-04 9.7818269492e-05 1.7468345833e+01
7.1792839866e-05 5.8272845509e-05 1.4932993965e+01
1.7683785082e-04 1.1346696600e-04 1.9689732798e+01
1.7613236498e-04 4.0494772947e-05 2.0434818131e+01
1.7213045749e-04 4.0074936757e-05 2.0177520860e+01
1.0522186922e-04 1.0626294217e-05 8.4774375011e-01
1.6414251659e-04 3.9232399168e-05 1.9628969255e+01
2.7680399735e-05 1.3116254451e-04 1.7596295162e+01
-3.5423349354e-04 3.0016450195e-06 2.2207588978e+01
-1.1266400174e-04 9.0104784071e-05 4.9313228091e+01
6.4538915787e-05 5.7194036004e-05 1.3276624562e+01
-1.3027745204e-04 7.5204738536e-05 5.1852330084e+01
1.4317445261e-04 3.4636773801e-05 1.7449017630e+01
1.3463210541e-05 1.2771362911e-04 1.5297238005e+00
1.3528785799e-04 3.3844166587e-05 1.6735012587e+01
1.2743785810e-04 3.3060546083e-05 1.6018856649e+01
2.5787867269e-04 8.4627203826e-05 1.7237064952e+01
3.6997192161e-05 1.3507156652e-04 2.1540873987e+01
1.2075464285e-04 3.4662045373e-05 1.6053053458e+01
1.9482961181e-04 2.9427506329e-05 2.0011224198e+01
-1.0767630122e-04 8.6040488357e-05 4.9882152962e+01
1.1299301042e-04 3.3867815121e-05 1.5373752024e+01
1.0415143046e-04 3.0808177977e-05 1.3964608899e+01
8.1326554094e-05 2.8837258340e-05 1.1270453902e+01
-3.1738368242e-05 2.5990661515e-05 4.6386013545e+01
7.1239428679e-05 3.0092177664e-05 9.6404106791e+00
-2.2589212011e-05 2.4567967857e-05 4.3525055526e+01
6.3830623817e-05 2.9555484205e-05 7.5743347496e+00
6.0152403334e-05 2.9307390229e-05 6.4341561635e+00
-8.2501786414e-06 2.4894301813e-05 3.8114487273e+01
-1.3840057124e-05 2.6404781532e-05 3.9819753245e+01
-1.1495963782e-06 2.5070450723e-05 3.5366441923e+01
4.0857701748e-05 2.6355912122e-05 -4.9782647037e-02
5.8986918288e-06 2.5251971991e-05 3.2683645892e+01
1.2890192038e-05 2.5436576644e-05 3.0172857215e+01
2.3267031009e-05 2.5716820078e-05 2.1691335806e+01
2.4985085177e-04 9.5781868150e-05 1.7157072127e+01
1.8676522148e-04 2.8804468226e-05 1.9342059855e+01
4.0699609026e-05 1.3961722950e-04 2.2579914706e+01
-1.2250404951e-04 7.6842814278e-05 5.1521749069e+01
8.0925240753e-05 8.0738295425e-06 6.7625730051e-01
1.7978483917e-04 3.0742381323e-05 1.9174595133e+01
2.5275789833e-04 9.3143934618e-05 1.7103444551e+01
4.9084004018e-05 5.2882329064e-05 8.7362726788e+00
1.6837851548e-04 1.0887209901e-04 2.0269648127e+01
-1.1663976741e-04 7.6674173702e-05 5.1517453947e+01
1.7576955481e-04 3.0406545124e-05 1.8819012230e+01
1.6461641564e-04 1.0813925501e-04 2.0444800676e+01
3.9827703326e-05 5.3847942126e-05 6.3188426852e+00
2.5202772497e-04 8.9934043847e-05 1.7357362690e+01
2.2146774627e-05 1.3169950989e-04 1.5407403938e+01
1.5809332971e-04 1.0978911800e-04 2.0547637900e+01
5.7859114452e-05 7.8037305607e-06 2.2800166907e+01
3.2991406445e-05 5.3027319321e-05 4.5247075445e+00
3.1221578492e-05 1.3569136718e-04 2.0822430542e+01
1.5057902421e-04 1.0825706836e-04 2.0966119974e+01
2.6265036160e-05 5.2269335150e-05 3.1431761758e+00
1.6775257594e-04 2.9731866274e-05 1.8062803994e+01
3.1173637712e-05 7.7195613057e-06 3.1596314021e+01
1.5975903217e-04 2.9056559396e-05 1.7252093703e+01
-1.3081734461e-04 3.4785108618e-05 5.9517050210e+01
5.5619213058e-06 4.8376604371e-05 1.4390234995e+01
8.1410379349e-06 7.6109469234e-06 3.7735315101e+01
2.9457615758e-04 3.9395366433e-05 1.7409285093e+01
4.2770403552e-07 7.5716484379e-06 4.0157719172e+01
-7.5579956561e-07 4.7900683924e-05 2.8028976004e+01
3.4255576746e-04 4.4816359944e-05 1.7924752989e+01
-1.1679839574e-04 3.4723415749e-05 5.9267363462e+01
3.0445265197e-04 3.3938363108e-05 1.7610077170e+01
-1.0976378735e-04 3.4711300056e-05 5.8997615607e+01
-1.8929342662e-05 7.4745224230e-06 4.6423625230e+01
-1.3570669332e-05 4.7030651832e-05 3.4626252716e+01
3.0376287141e-04 3.0761929069e-05 1.7563130040e+01
-1.8680358033e-05 4.8498997937e-05 3.6862149929e+01
-9.9188938160e-05 3.4720925443e-05 5.8374199061e+01
1.3882172393e-04 2.5026943665e-05 1.4086463914e+01
-3.0587865057e-05 7.4207376629e-06 5.0027162516e+01
-2.1930891947e-05 4.8300989090e-05 3.8435944369e+01
1.3092804282e-04 2.4405163360e-05 1.3151883568e+01
3.4538723546e-04 3.8153016121e-05 1.7891228558e+01
1.3699194311e-05 1.4865762737e-06 3.7776739534e+01
-4.6172963234e-05 7.3574548676e-06 5.4328327365e+01
-8.1198164145e-05 3.8063655702e-05 5.6087825189e+01
-5.3978790484e-05 7.3306104338e-06 5.6199458454e+01
3.4499042400e-04 3.4553768768e-05 1.7879993895e+01
3.0542703861e-04 6.1730138671e-06 1.7323466209e+01
1.1633490014e-04 2.5412183375e-05 1.2633069350e+01
1.1244557270e-04 2.5097641053e-05 1.2299159824e+01
-6.3783563002e-05 3.8300117127e-05 5.3233952935e+01
-7.7428244656e-05 7.2706169903e-06 6.0570750802e+01
-5.5089462047e-05 4.3468654492e-05 5.0681814671e+01
1.0469854850e-04 2.4483485799e-05 1.1709848045e+01
3.4827258659e-04 3.1445034144e-05 1.7824786597e+01
-8.5251489991e-05 7.2561234654e-06 6.1622026979e+01
-6.3537823797e-05 4.4939857255e-05 5.2388235067e+01
-4.9909809626e-05 3.8605230225e-05 4.9911699665e+01
-3.5209871288e-04 1.2820365258e-05 1.8380430692e+01
-1.0872358775e-04 7.2281526802e-06 6.3702445177e+01
-3.6137773860e-05 3.9019702819e-05 4.5557725844e+01
-1.1655116296e-04 7.2215201004e-06 6.4082591467e+01
-8.0505407067e-05 4.4662820419e-05 5.5073007345e+01
3.5119795674e-04 2.4683442190e-05 1.7722161969e+01
-8.5808972492e-05 4.2949623800e-05 5.5903112882e+01
-2.2522267134e-05 3.9545794500e-05 4.0211973721e+01
-9.0692545297e-05 4.4577307028e-05 5.6116524808e+01
-1.3608787729e-04 7.2194593156e-06 6.4457919514e+01
-9.4088053167e-05 4.4559293599e-05 5.6387951538e+01
-1.4389848648e-04 7.2210458111e-06 6.4402196317e+01
8.0674037705e-05 2.0838225761e-05 8.5490104596e+00
7.3122762142e-05 2.0433151260e-05 6.6950434914e+00
-1.1308893647e-04 4.2897196086e-05 5.7650569057e+01
5.7566572473e-06 1.4796216956e-06 4.0102764402e+01
8.4081680454e-06 4.2991292859e-05 1.6492522174e+01
3.1161256048e-04 1.5630754619e-05 1.7577421375e+01
-1.2663972861e-04 4.2983111736e-05 5.7906428444e+01
3.0773318646e-04 1.5496557404e-05 1.7496130819e+01
5.9289367341e-05 2.1653338029e-05 2.8040264328e+00
1.8224294884e-05 4.3686717958e-05 1.2240475526e+00
-9.5577413755e-05 6.7131220463e-05 5.2936542865e+01
-3.5244044348e-04 6.0467274005e-06 2.2666143014e+01
3.0384789332e-04 1.5359691941e-05 1.7404079893e+01
2.7107681934e-05 4.2460317989e-05 1.8439806576e+00
3.1665627350e-05 4.4813985686e-05 3.1333322375e+00
-8.6285348991e-05 6.7154259151e-05 5.2601642317e+01
4.6094528666e-05 1.3562395118e-04 2.2477006591e+01
3.7393219381e-05 4.3338023440e-05 4.1089846131e+00
3.5077115275e-04 2.1109115476e-05 1.7693646119e+01
4.4598828061e-05 2.1099207721e-05 9.5805288967e-02
-8.4744435186e-05 8.5775057009e-05 4.9913702021e+01
-7.6957928251e-05 6.7256726925e-05 5.2034998326e+01
3.0303454076e-04 1.2290529594e-05 1.7347856848e+01
-5.9133026059e-05 9.8000126540e-05 4.8680431405e+01
-5.3598999022e-05 9.8276068375e-05 4.8737133339e+01
-3.7005360906e-05 9.9639034739e-05 4.7442345335e+01
3.7373918676e-05 2.0891109529e-05 6.7368037490e-01
6.3392828375e-05 4.8177292067e-05 1.1684041495e+01
2.0693280543e-04 1.3439720591e-04 1.7524100874e+01
6.7029279979e-05 4.8619141185e-05 1.2571940776e+01
2.7416842916e-05 1.1684244564e-04 8.0247311053e+00
-9.9127667600e-06 1.0446029451e-04 3.0851778619e+01
8.5533630363e-07 1.0746828228e-04 -9.9580202137e-02
1.8271486955e-05 1.1343391982e-04 -5.5435753357e-02
8.5550534510e-06 1.0757799014e-04 1.8464862927e-03
2.0406003333e-04 1.3693415870e-04 1.7531166293e+01
3.0241326732e-05 2.0727281584e-05 2.1471628723e+01
1.8976493972e-04 1.2193671709e-04 1.8733156437e+01
8.0592894130e-05 4.8092658309e-05 1.5008853755e+01
5.8805743812e-05 1.3721428867e-04 2.2674443137e+01
3.5367156794e-04 1.4304012682e-05 1.7546174888e+01
2.3174556126e-05 2.0598417835e-05 2.8709785340e+01
1.9619764498e-05 2.0530871282e-05 2.9960057307e+01
1.0050887305e-04 5.3128677536e-05 1.8081716711e+01
1.2478210287e-05 2.0397143660e-05 3.2186689113e+01
3.5317958496e-04 1.0806285299e-05 1.7522411683e+01
1.0811767032e-04 5.4228774239e-05 1.8830658533e+01
1.7285784323e-04 1.3676257156e-04 1.8558321769e+01
-4.1374876513e-05 7.0498692441e-05 4.5643317967e+01
5.3192045953e-05 1.2627092965e-04 2.1447178042e+01
4.9876642750e-05 1.2509661614e-04 2.0782099166e+01
4.5784583924e-05 1.2075060830e-04 1.8875910025e+01
6.2566800510e-05 1.2649118017e-04 2.2250691207e+01
8.9724920673e-05 1.3187499850e-04 2.1528183106e+01
1.1846162732e-04 5.3282860453e-05 1.9370651309e+01
7.7259386381e-05 1.3418381609e-04 2.1943738075e+01
1.5264985415e-04 1.2647284475e-04 1.9612805579e+01
6.6824811585e-05 1.3087511717e-04 2.2887248326e+01
1.6094650360e-04 1.3124748631e-04 1.9142520793e+01
1.2733297183e-04 5.7082895344e-05 2.0291627382e+01
1.2503132337e-04 1.2617973080e-04 2.0541216396e+01
-3.2220989532e-05 7.1218736031e-05 4.2169082113e+01
1.1134724396e-04 1.2577572476e-04 2.1108346390e+01
1.3510250499e-04 5.8245459251e-05 2.0754182036e+01
1.2960126027e-04 1.3026543489e-04 2.0166210786e+01
5.2853429433e-06 2.0262708317e-05 3.4649458866e+01
1.4567745414e-04 5.7228925102e-05 2.1058057066e+01
-2.3166968991e-05 7.2104603416e-05 3.7639494151e+01
1.5466032295e-04 6.1188398848e-05 2.1691586888e+01
1.5746251758e-04 5.8947622104e-05 2.1600022877e+01
-1.8416666826e-05 7.0723454137e-05 3.4772992881e+01
1.6254564001e-04 6.2364683810e-05 2.1991451689e+01
1.8120157320e-04 6.2361666742e-05 2.2486127113e+01
-4.7321172664e-06 3.0346734633e-06 4.2964673127e+01
-9.5276477414e-06 7.1815409939e-05 2.8548009623e+01
1.8913686264e-04 6.3486886567e-05 2.2745267730e+01
-1.2889243788e-05 1.9937857390e-05 4.1226914125e+01
3.3184013168e-06 7.5719822760e-05 4.4253937647e-01
-9.9469280849e-05 4.2882583163e-05 5.7025234417e+01
-3.1298239953e-05 1.9648612959e-05 4.7586750602e+01
1.7542392287e-05 7.6063338514e-05 8.1506905957e-02
2.8932294902e-04 1.0296737317e-04 1.7819359093e+01
3.1516908085e-05 8.1022110835e-05 4.3495842848e+00
3.7019318113e-05 7.9872594995e-05 6.9109276666e+00
-9.5919575796e-05 7.6334366861e-05 5.1455473448e+01
-4.9877593033e-05 1.9418565370e-05 5.2980736137e+01
4.9422195179e-05 8.0136086437e-05 1.1907808854e+01
5.7526869827e-05 8.4348358328e-05 1.4985052318e+01
6.4554589560e-05 8.5945146918e-05 1.6922004046e+01
5.5183773725e-05 8.6296516211e-05 1.4578425825e+01
6.9232313897e-05 8.9603051378e-05 1.8301795966e+01
7.6366754364e-05 9.1305282812e-05 1.9594420457e+01
1.0073219875e-04 9.4328559357e-05 2.1912948826e+01
9.2247856714e-05 8.9651734798e-05 2.1051292165e+01
-1.3444579360e-04 3.9730433201e-05 5.8573224928e+01
1.2316447809e-04 9.9440980429e-05 2.2968612507e+01
1.1829892442e-04 9.5497292525e-05 2.2632211844e+01
-1.0829702500e-04 1.7588487773e-05 6.1942880274e+01
1.1301749768e-04 9.9981470575e-05 2.2673375268e+01
1.0929458703e-04 9.9110259820e-05 2.2524396507e+01
1.4410709880e-04 1.0982689498e-04 2.1096733637e+01
1.3017918258e-04 1.0969208842e-04 2.1664121747e+01
-1.3088963791e-04 1.7589175645e-05 6.2696523579e+01
-9.5113958703e-05 7.0779025385e-05 5.2344122130e+01
-2.2101689597e-05 1.4624742300e-06 4.8746469489e+01
-3.2495456508e-04 3.9406179817e-05 2.0755891712e+01
-3.2526873588e-04 3.4951808770e-05 2.0984494874e+01
-1.8581588153e-04 1.6253385392e-05 6.0895189141e+01
-1.6339240597e-04 7.2342056648e-06 6.3789854585e+01
-1.9328125056e-04 1.6298904764e-05 6.0183167984e+01
5.8794511185e-05 1.5572525777e-04 2.2135443572e+01
-2.1670358399e-04 1.1843142339e-05 5.7559558036e+01
-2.2045076754e-04 1.1873129483e-05 5.6854721039e+01
-2.5664171635e-04 7.1398011951e-05 5.3071664322e+01
-2.2994098235e-04 1.6675032079e-05 5.4283547436e+01
-2.3354035860e-04 1.6735123811e-05 5.3393718685e+01
-3.0738779131e-04 3.3240868052e-05 1.2816578831e+01
-3.2400977902e-05 2.9865268398e-06 5.1472216662e+01
-2.5334424804e-04 1.0649584742e-05 4.7280122558e+01
-2.5733908798e-04 1.2341872874e-05 4.5359112547e+01
-2.7136222665e-04 1.1045203187e-05 3.7458734266e+01
-2.6783349351e-04 1.0941151683e-05 3.9754697549e+01
-3.6359207627e-05 2.9803337502e-06 5.2583281472e+01
2.0066838814e-04 5.3905193464e-05 2.2539371440e+01
1.9266673104e-04 5.2933990995e-05 2.2222781109e+01
-2.2562397799e-05 1.3003185180e-04 7.9659694158e+01
1.8467270398e-04 5.1959916391e-05 2.1890873687e+01
1.8066552666e-04 5.1455795574e-05 2.1721616235e+01
1.7951377071e-04 4.8664762336e-05 2.1448631117e+01
1.6754185409e-04 4.7229099735e-05 2.0847696451e+01
1.5283164393e-04 4.7969780799e-05 2.0318126682e+01
1.4494397008e-04 4.6980862953e-05 1.9828832028e+01
1.3983370413e-04 4.3879256583e-05 1.9103943620e+01
1.3199674015e-04 4.2932345353e-05 1.8526318121e+01
1.2537088770e-04 4.4518555447e-05 1.8445018235e+01
1.1761408221e-04 4.3558031746e-05 1.7822587761e+01
1.0872572574e-04 4.0179374975e-05 1.6591084096e+01
-4.4278899038e-05 2.9686849721e-06 5.4678584882e+01
1.0106539288e-04 3.9308550492e-05 1.5844823694e+01
3.6941435412e-05 1.5426562552e-04 2.1995174455e+01
-3.2893982343e-05 6.1963069590e-05 4.2304891254e+01
8.9673110751e-05 3.8066263487e-05 1.4504085644e+01
7.9595145923e-05 3.9174334639e-05 1.3333990308e+01
-2.3548063677e-05 6.2701856044e-05 3.7851010615e+01
7.2173817402e-05 3.8425661226e-05 1.1824597381e+01
6.8478274476e-05 3.8063137039e-05 1.0962729382e+01
6.7296610155e-05 3.5879312043e-05 1.0200514795e+01
1.3015402014e-05 6.6931912596e-05 1.4311723130e+00
4.5536427902e-05 3.4153753252e-05 3.8150368563e+00
2.1362175400e-05 6.6062365224e-05 2.2475143423e+00
5.5125744341e-05 1.5770961162e-04 2.2373123545e+01
3.2657014360e-05 3.5211021529e-05 9.1350362613e-01
3.1193157263e-05 6.7592016563e-05 4.5748767098e+00
3.5723581652e-05 7.0554724247e-05 6.1080251681e+00
2.5770043257e-05 3.4802200070e-05 1.8524066239e-01
1.4030148245e-04 8.8842791165e-05 2.2936091182e+01
2.2356900649e-05 3.4610463507e-05 -7.5834856384e-01
4.5914937508e-05 7.2394680848e-05 9.8728354022e+00
1.2287683393e-05 3.4121756386e-05 2.5841643046e+01
6.3428155424e-05 7.5789450177e-05 1.5368200076e+01
6.6967004553e-05 7.6484412946e-05 1.6248720740e+01
5.6186760524e-06 3.3836269789e-05 2.9632683714e+01
7.2939754366e-05 7.5206968960e-05 1.7241059478e+01
8.5063136974e-05 8.0189679069e-05 1.9521872357e+01
9.8623352260e-05 8.0377036796e-05 2.0778065351e+01
1.0355463442e-04 8.4055142064e-05 2.1381154868e+01
1.1739092787e-04 8.4207303970e-05 2.2032976723e+01
-9.3762756649e-06 3.1538922691e-05 3.6627524987e+01
1.2237198411e-04 8.7987564430e-05 2.2395788862e+01
-4.9962723403e-05 1.4411418580e-06 5.6337731512e+01
1.2997638463e-04 8.9562024270e-05 2.2676723061e+01
-2.8464020354e-04 2.6008174533e-05 2.6613769670e+01
4.6000592630e-05 7.9412729563e-05 1.0585548960e+01
-2.7921200832e-04 2.4976131602e-05 3.1116612430e+01
9.5657207132e-05 1.6251089501e-04 2.0206182457e+01
1.1135294523e-04 1.6302765977e-04 1.9564342648e+01
-5.7927243522e-05 1.4361166505e-06 5.8096749606e+01
-7.6008192674e-05 5.8394590910e-05 5.2890535965e+01
-1.0747153222e-04 5.3048189231e-05 5.5652367963e+01
1.1886867775e-04 1.6303971607e-04 1.9288857079e+01
-1.0355045961e-04 4.7901912671e-05 5.6398122846e+01
-2.5179924764e-04 2.9720572895e-05 4.7086535835e+01
-1.6642402930e-04 2.5462202439e-05 6.0595166290e+01
-1.4802514128e-04 5.7264369235e-05 5.5060068310e+01
-1.5922750757e-04 2.5406275708e-05 6.0899488796e+01
-1.1757722028e-04 5.8392546255e-05 5.4875431552e+01
-1.9487502920e-04 4.2810822633e-05 5.5889606789e+01
-1.4837874183e-04 2.5338512219e-05 6.1207707971e+01
-1.1269164221e-04 2.9929009585e-05 5.9987031001e+01
-1.3053825991e-04 2.9989280336e-05 6.0426236081e+01
-1.0550225069e-04 2.9933947601e-05 5.9616897027e+01
-7.6688448954e-05 3.0088238229e-05 5.6663991656e+01
-9.8320465902e-05 2.9945244881e-05 5.9118536245e+01
-7.3125114879e-05 3.0114211225e-05 5.6101236796e+01
-9.1118222725e-05 2.9975520008e-05 5.8471735644e+01
-6.7884833315e-05 2.8582066485e-05 5.5422781239e+01
-1.2700223871e-04 2.9966405501e-05 6.0388573014e+01
-8.5964369801e-05 2.8426537560e-05 5.8165205676e+01
-6.2352657471e-05 3.0244686450e-05 5.4076144630e+01
-1.8275208845e-05 1.3143009938e-04 7.8560451668e+01
-6.8057044526e-05 2.9403015341e-06 5.9784682608e+01
7.9957707733e-05 1.3200004390e-04 2.2029010949e+01
8.6170954656e-05 1.3085012056e-04 2.1800193577e+01
-1.7156452516e-04 1.0298631695e-04 5.1458248716e+01
1.7176469110e-04 1.5792254126e-04 1.7667628120e+01
9.5092820892e-05 1.2742702376e-04 2.1685247726e+01
-7.5959117575e-05 2.9251861811e-06 6.1069074471e+01
1.7723433965e-04 6.1799618165e-05 2.2345721369e+01
-1.6338266217e-04 1.6156580155e-05 6.2368121329e+01
-8.1826679089e-05 1.4241795684e-06 6.2127583748e+01
1.0862555199e-04 1.2806518360e-04 2.1045999222e+01
1.9438888467e-04 1.5357030267e-04 1.7187677328e+01
1.4036617223e-04 1.0902232263e-04 2.1292262654e+01
1.1862823617e-04 1.2760384667e-04 2.0668612004e+01
1.9994676145e-04 6.2182321386e-05 2.2954248899e+01
-8.9794122291e-05 1.4211981186e-06 6.3071032257e+01
1.3881687263e-04 1.2641186525e-04 2.0071524393e+01
1.4895618319e-04 1.2567652818e-04 1.9770494526e+01
-9.9754059750e-05 2.9094346740e-06 6.3767674771e+01
1.7568809310e-04 1.3431329972e-04 1.8587845413e+01
1.8044662545e-04 1.2616873816e-04 1.8835081386e+01
-2.4278974034e-04 1.2094071668e-05 5.1136163252e+01
2.3842444694e-04 1.4184651778e-04 1.7526527244e+01
-2.2098939422e-04 8.9048055190e-05 5.3708315491e+01
2.4188969838e-04 1.4054752261e-04 1.7560562299e+01
1.4956391851e-04 1.0513256311e-04 2.1279791943e+01
-1.0768556554e-04 2.9060193310e-06 6.4318271380e+01
1.5289479353e-04 9.4207937681e-05 2.2105771741e+01
1.5452561847e-04 8.8795199886e-05 2.2538650813e+01
1.5726110476e-04 8.6455060453e-05 2.2657820909e+01
-1.1370746506e-04 1.4184587985e-06 6.4855631283e+01
1.5497989821e-04 8.0363308782e-05 2.2828699023e+01
-2.3107747585e-04 8.5160797863e-05 5.3990061072e+01
2.5639356971e-04 1.3533236336e-04 1.7694596633e+01
-1.2167405000e-04 1.4171518501e-06 6.5144095604e+01
-4.0933862680e-05 3.0639151918e-05 4.8477126923e+01
-1.3150118468e-04 2.9089576871e-06 6.5097592534e+01
-2.4416800160e-04 8.0841775438e-05 5.4320177173e+01
-1.3543719267e-04 2.9013801500e-06 6.5115222158e+01
-2.1646870628e-04 4.4015939704e-05 5.3853247699e+01
-1.4955219555e-04 1.4150979919e-06 6.5149115504e+01
-2.2014705363e-04 5.2171483467e-05 5.2964451438e+01
-2.5692174993e-04 7.5652460555e-05 5.4226683161e+01
-1.5751559636e-04 1.4151782016e-06 6.4887061206e+01
-1.9448857978e-04 7.3003919125e-06 6.1328308201e+01
-2.8460890608e-04 1.5258953166e-06 2.8319351407e+01
-1.9829527509e-04 7.2893354101e-06 6.0879860426e+01
-2.8885410590e-04 3.1229148117e-06 2.5152062971e+01
-4.6181343278e-05 2.5724138383e-05 5.0864556308e+01
-2.1265962838e-04 5.8300354823e-06 5.8960791273e+01
2.4483531250e-04 1.3554315797e-04 1.7534652029e+01
-8.5634533607e-05 5.8284874852e-05 5.3756951636e+01
-9.1139328227e-05 5.3050127633e-05 5.4879796837e+01
-3.0792267908e-04 1.6402612175e-06 2.2889097432e+01
-2.2158284074e-04 7.3746767146e-06 5.7120033881e+01
-1.0022337496e-04 4.7905025275e-05 5.6234765695e+01
-2.2536872938e-04 7.3700848276e-06 5.6307448943e+01
-3.1585786442e-04 1.0209062548e-05 1.8686470015e+01
-3.2596846769e-04 1.1589117651e-05 2.0387418336e+01
-1.4480999908e-04 2.5315198258e-05 6.1270166001e+01
-1.4492182177e-04 5.7169610326e-05 5.5107784715e+01
-2.5295460521e-04 1.4600655817e-06 4.7951689718e+01
-1.7260226981e-04 2.3922486966e-05 6.0551896400e+01
-1.5475701182e-04 5.2111165152e-05 5.5933804049e+01
-1.5938572709e-04 4.8699174128e-05 5.6477678755e+01
-1.6816107870e-04 4.7184615743e-05 5.6506216211e+01
-2.6306059975e-04 6.0888686884e-06 4.2846868823e+01
-1.8398363082e-04 4.7768737847e-05 5.5771500939e+01
-2.6678563335e-04 6.0944819801e-06 4.0726830467e+01
-2.2447418941e-04 2.1436566698e-05 5.4939116982e+01
3.6527205984e-04 5.3186784698e-05 1.7878634570e+01
-2.4875998612e-04 2.9468214781e-05 4.8117314175e+01
-2.2560821789e-04 4.8700530295e-05 5.2579389390e+01
-2.7643199800e-04 2.4540610790e-05 3.3414628892e+01
3.8750706305e-04 1.7414562294e-05 1.1987040857e+01
-3.1147618798e-04 2.5586968222e-05 1.6783256364e+01
-3.2628231587e-04 1.7498616461e-05 2.1274034654e+01
-2.6551518398e-04 4.9162255252e-05 4.5981658229e+01
-3.2938750960e-04 1.2124871057e-05 2.1053471838e+01
-3.2160013645e-04 1.9433172306e-05 2.0317479768e+01
-1.9878150198e-04 9.3981550132e-05 5.2648053381e+01
-2.8327530227e-04 3.9847263589e-05 3.3990601655e+01
-3.2147658882e-04 6.0334723349e-06 1.8327897625e+01
-3.1691610782e-04 7.9603542527e-06 1.8510120010e+01
-2.9921145844e-04 3.8503771108e-05 1.2543963402e+01
-3.0374695594e-04 3.4671982367e-05 1.2504593710e+01
-3.2076311871e-04 3.6556939677e-05 1.8272629679e+01
-3.1655946331e-04 3.8035732252e-05 1.4128508739e+01
-3.1177359206e-04 1.6860189321e-06 2.2006633244e+01
-3.0017208633e-04 1.5759818553e-06 2.2308234613e+01
-3.5946766762e-05 1.2733063987e-04 6.6743255264e+01
1.0401932046e-04 1.6280243936e-04 1.9843166320e+01
2.6699727300e-04 1.2776794173e-04 1.7734055612e+01
3.3764418572e-04 8.3613029816e-05 1.7921288485e+01
3.7527020878e-04 3.8900637509e-05 1.7665248077e+01
-1.8539061218e-04 5.7644754847e-06 6.2466618590e+01
3.8371595920e-04 1.3118201150e-05 9.1774723481e+00
1.1712148233e-04 1.6019466611e-04 1.9429029569e+01
-1.7097072789e-04 2.8538899233e-06 6.3988397524e+01
-3.1233291390e-04 5.1446167147e-05 2.3423135572e+01
2.7294381571e-04 2.8669197803e-06 2.0766403886e+01
2.5785358006e-04 5.6354121042e-06 2.2322661635e+01
2.6989619893e-04 5.6986751818e-06 2.1487575622e+01
2.9672028004e-04 3.0779179233e-06 1.7063813430e+01
3.1272417402e-04 3.0448373440e-06 1.7436224057e+01
3.5670798742e-04 7.3652558719e-06 1.7369752008e+01
3.4506863263e-04 6.8053680294e-06 1.7624927227e+01
-2.7973937890e-04 6.5882761375e-05 5.2511143016e+01
3.6427597894e-04 3.7969955472e-06 1.6985074181e+01
3.7624109695e-04 4.0563721539e-06 9.2438950623e+00
3.1951456218e-04 9.9365582271e-05 1.7913333196e+01
2.0344154292e-04 1.4923297413e-04 1.7030897622e+01
3.2852555411e-04 3.3181032449e-06 1.7631853557e+01
1.2639220079e-04 1.6292599882e-04 1.9023060046e+01
-4.0655877161e-05 1.2669137286e-04 6.2695337954e+01
2.8957916818e-04 6.1531128108e-06 1.7311250840e+01
1.3744167668e-04 1.5917781767e-04 1.8744681155e+01
3.8274226434e-04 2.6128872974e-05 1.7241596585e+01
-3.4459091947e-04 3.6370917381e-05 1.8441499904e+01
-9.7878359138e-06 1.3583031942e-04 -1.6407428071e+00
3.5419800023e-04 6.2361976906e-05 1.7883982734e+01
2.3592296292e-05 1.5030733776e-04 1.7777057030e+01
-1.6254408495e-04 1.0367176209e-04 5.0933216326e+01
3.9246680098e-04 7.9316623958e-06 6.4768661053e+00
-3.8568138926e-04 8.3386659085e-06 7.8199334931e+00
-2.3990235302e-04 8.0596598448e-05 5.3966284091e+01
-1.9423974058e-04 9.5226111107e-05 5.2440254303e+01
-1.1815420501e-04 1.1265969070e-04 4.8804893880e+01
-3.3328027917e-04 4.0681979990e-05 2.1419590734e+01
2.3134695769e-04 1.4457360277e-04 1.7449378966e+01
6.2135374261e-05 1.5998730760e-04 2.1895478223e+01
-1.3535230074e-04 1.1159946726e-04 4.9846300154e+01
2.3528369799e-04 1.4025647130e-04 1.7445777895e+01
-2.1662470305e-04 8.8702457263e-05 5.3392733901e+01
3.4890533271e-04 6.8127776959e-05 1.7895670526e+01
-2.0288097302e-04 9.5015298487e-05 5.2969818342e+01
9.3745491558e-05 1.5970879872e-04 2.0336560204e+01
-3.7201949808e-06 1.3576931280e-04 -4.3799823730e-02
3.1586461582e-04 9.8582147450e-05 1.7896977474e+01
2.9756064738e-04 1.1131512661e-04 1.7868761736e+01
-2.6300973225e-04 7.1330528908e-05 5.3423242878e+01
2.6300032064e-05 1.4857128116e-04 1.9361623295e+01
3.5708677522e-04 5.9364241955e-05 1.7867979242e+01
-3.6075422074e-04 2.6735073488e-05 1.8312223514e+01
2.1660338625e-04 1.4899540097e-04 1.7262187084e+01
1.3841985456e-06 1.3564283729e-04 5.3635326884e-03
2.5690668460e-04 1.3219386743e-04 1.7664573476e+01
2.7601034803e-04 1.2299659771e-04 1.7805421160e+01
2.6757444683e-04 1.3075589557e-04 1.7765629787e+01
3.6975074421e-04 4.2759609251e-05 1.7654918330e+01
2.8482783371e-04 1.1866765525e-04 1.7827230593e+01
-1.8052228263e-04 9.9458677883e-05 5.1819531926e+01
4.9670316814e-05 1.5472817774e-04 2.2748593021e+01
-3.1753340850e-04 4.7884524856e-05 4.6718408644e+00
-1.4388202014e-04 1.0790646900e-04 5.0035202606e+01
-2.0816870567e-04 9.3613549102e-05 5.3220991309e+01
1.8464725131e-04 1.5371752366e-04 1.7476010864e+01
3.7590422671e-04 3.2497887053e-05 1.7360769328e+01
1.3116601248e-04 1.5995639340e-04 1.8937265295e+01
-9.0512347423e-05 1.1767358242e-04 4.7789167647e+01
-3.5121884617e-04 3.0521072795e-05 1.7354111897e+01
2.9476681694e-04 1.1353581700e-04 1.7864454099e+01
-5.5218673344e-05 1.2248748975e-04 4.9448464167e+01
3.9497321827e-04 3.7294960719e-06 4.7050727378e+00
-3.9154499934e-04 3.9960114486e-06 4.9724569399e+00
5.5448014676e-06 1.3578769891e-04 -2.4212431459e-01
1.7749214566e-04 1.5542444817e-04 1.7598486057e+01
2.6261082626e-04 1.3294762846e-04 1.7734303146e+01
9.7965047910e-06 1.4048211340e-04 6.1466155077e+00
2.0719684619e-04 1.4916058357e-04 1.7027089239e+01
3.1099249534e-04 1.0685817201e-04 1.7898763479e+01
-5.7810500188e-05 1.2231680030e-04 4.8845065578e+01
1.9977121496e-04 1.5099333659e-04 1.7076950317e+01
-3.2050915905e-04 4.6974981137e-05 1.4743079213e+01
1.6161581013e-04 1.5762396923e-04 1.7995125704e+01
-1.3016023765e-04 1.1314040674e-04 4.9704760464e+01
2.4770689733e-04 1.3588657908e-04 1.7578709712e+01
-2.2666124775e-04 8.5497114573e-05 5.3732288420e+01
-3.6641094594e-04 2.0669750571e-05 1.8323873531e+01
3.6254059724e-04 5.3652810239e-05 1.7841801861e+01
7.8027944188e-06 1.4509360544e-04 1.4028729073e+00
2.2578934283e-04 1.4386889504e-04 1.7338394532e+01
-1.2310312851e-04 1.1247395391e-04 4.9126560586e+01
1.5506426516e-04 1.5909164928e-04 1.8151730341e+01
