x_m y_m von_mises_Pa wss_mag_dyn_cm2
4.0000000000e-04 0.0000000000e+00 1.1662960296e+02 7.1801783946e-02
-4.0000000000e-04 3.0616169979e-20 5.9814711303e+02 4.9669182468e-01
3.9656887942e-04 5.9238031845e-06 7.0108431095e+01 1.1777275334e-01
3.9430304309e-04 1.1259677098e-05 4.8838252525e+01 3.5851921720e-02
3.9224810973e-04 1.6357885736e-05 4.1399821285e+01 2.3799484565e-01
3.9022943355e-04 2.1283241308e-05 3.6668122126e+01 5.1559125877e-01
3.8819037276e-04 2.6070850182e-05 3.3330255003e+01 1.2650003614e+00
3.8610301836e-04 3.0739178287e-05 3.0851493985e+01 1.7224012317e+00
3.8395241215e-04 3.5300375979e-05 2.8844466698e+01 2.2243390668e+00
3.8173127074e-04 3.9759777293e-05 2.7167694692e+01 2.7650250481e+00
3.7943478352e-04 4.4123131563e-05 2.5722506306e+01 3.9440790287e+00
3.7706107094e-04 4.8393484557e-05 2.4469772090e+01 4.5708588953e+00
3.7460947099e-04 5.2573364636e-05 2.3355674832e+01 5.2160359776e+00
3.7208036497e-04 5.6664631773e-05 2.2355940230e+01 5.8751625279e+00
3.6947464369e-04 6.0668784459e-05 2.1451282151e+01 7.2258361395e+00
3.6679350394e-04 6.4587157154e-05 2.0631910057e+01 7.9064055121e+00
3.6403840785e-04 6.8420945888e-05 1.9886824613e+01 8.5907913711e+00
3.6121103618e-04 7.2171303576e-05 1.9207249022e+01 9.2716378797e+00
3.5831317072e-04 7.5839191510e-05 1.8587411882e+01 9.9477588337e+00
3.5534661787e-04 7.9425564163e-05 1.8022651508e+01 1.0621260642e+01
3.5231328137e-04 8.2931393055e-05 1.7508010129e+01 1.1942098332e+01
3.4921508585e-04 8.6357582347e-05 1.7039095531e+01 1.2586423193e+01
3.4605394155e-04 8.9704996959e-05 1.6613833506e+01 1.3217899432e+01
3.4283169115e-04 9.2974527749e-05 1.6226282548e+01 1.3837043209e+01
3.3955035249e-04 9.6166941816e-05 1.5875509043e+01 1.4444417576e+01
3.3621174769e-04 9.9283154883e-05 1.5559362307e+01 1.5032952662e+01
3.3281767652e-04 1.0232394596e-04 1.5273886322e+01 1.6170749859e+01
3.2936998987e-04 1.0529007910e-04 1.5018132032e+01 1.6716338388e+01
3.2587043083e-04 1.0818236481e-04 1.4789586394e+01 1.7246845272e+01
3.2232070544e-04 1.1100152659e-04 1.4587949040e+01 1.7761700321e+01
3.1872251723e-04 1.1374835041e-04 1.4409915908e+01 1.8260343087e+01
3.1507752710e-04 1.1642357423e-04 1.4254142567e+01 1.8745162085e+01
3.1138727332e-04 1.1902788967e-04 1.4119543086e+01 1.9214464241e+01
3.0765330376e-04 1.2156199550e-04 1.4007136881e+01 1.9667108555e+01
3.0387710273e-04 1.2402659240e-04 1.3913279774e+01 2.0539019173e+01
3.0006005403e-04 1.2642229868e-04 1.3837972408e+01 2.0951657988e+01
2.9620356680e-04 1.2874977410e-04 1.3779423654e+01 2.1350593735e+01
2.9230897009e-04 1.3100963320e-04 1.3737456630e+01 2.1737577427e+01
2.8837750595e-04 1.3320242308e-04 1.3711178144e+01 2.2114606950e+01
2.8441043309e-04 1.3532873251e-04 1.3699770779e+01 2.2482158412e+01
2.8040888588e-04 1.3738905552e-04 1.3703043070e+01 2.2836889270e+01
2.7637400047e-04 1.3938388246e-04 1.3721169039e+01 2.3516611351e+01
2.7230681857e-04 1.4131367610e-04 1.3752495402e+01 2.3842583181e+01
2.6820838148e-04 1.4317882190e-04 1.3795472288e+01 2.4159652617e+01
2.6407965482e-04 1.4497969219e-04 1.3853346287e+01 2.4468448174e+01
2.5992152639e-04 1.4671663131e-04 1.3923206541e+01 2.4770005255e+01
2.5573484853e-04 1.4838987100e-04 1.4008917631e+01 2.5067450557e+01
2.5152050331e-04 1.4999959305e-04 1.4103611274e+01 2.5355538677e+01
2.4727921144e-04 1.5154601961e-04 1.4212153916e+01 2.5635901294e+01
2.4301175085e-04 1.5302923362e-04 1.4332966493e+01 2.6186864858e+01
2.3871875126e-04 1.5444921919e-04 1.4467285829e+01 2.6453430347e+01
2.3440085989e-04 1.5580588753e-04 1.4615927303e+01 2.6716195617e+01
2.3005866709e-04 1.5709912959e-04 1.4777387030e+01 2.6976917825e+01
2.2569277251e-04 1.5832872373e-04 1.4952101065e+01 2.7234565707e+01
2.2130366424e-04 1.5949433356e-04 1.5140707409e+01 2.7490631802e+01
2.1689183643e-04 1.6059545982e-04 1.5344462697e+01 2.7745067295e+01
2.1245770279e-04 1.6163150880e-04 1.5564963673e+01 2.8247991386e+01
2.0800165879e-04 1.6260176174e-04 1.5801910202e+01 2.8500360572e+01
2.0352408140e-04 1.6350530452e-04 1.6057490278e+01 2.8753147529e+01
1.9902525099e-04 1.6434108453e-04 1.6331096867e+01 2.9006676515e+01
1.9450558496e-04 1.6510776823e-04 1.6624814995e+01 2.9264807067e+01
1.8996523710e-04 1.6580376510e-04 1.6941452874e+01 2.9522838172e+01
1.8540449763e-04 1.6642722282e-04 1.7282034409e+01 2.9786685319e+01
1.8082357714e-04 1.6697591952e-04 1.7649768067e+01 3.0334578953e+01
1.7622273020e-04 1.6744721396e-04 1.8043902207e+01 3.0622034182e+01
1.7160211355e-04 1.6783778409e-04 1.8480827734e+01 3.0917517335e+01
1.6696174834e-04 1.6814363635e-04 1.8955304245e+01 3.1227655109e+01
1.6230214797e-04 1.6836010226e-04 1.9472866491e+01 3.1557489279e+01
1.4820868330e-04 1.6840082347e-04 2.1436036632e+01 3.3222737210e+01
1.4347257621e-04 1.6817273869e-04 2.2430575197e+01 3.3211386931e+01
1.3395649011e-04 1.6714648740e-04 2.4087449315e+01 2.9935581493e+01
1.2944192993e-04 1.6624740868e-04 2.3306353538e+01 2.8001717753e+01
1.2529173633e-04 1.6527041090e-04 2.3026577707e+01 2.6010957848e+01
1.2135947137e-04 1.6433975044e-04 2.1886966047e+01 2.5812689813e+01
1.1752158758e-04 1.6346574016e-04 2.0416937926e+01 2.5799660631e+01
1.1371566213e-04 1.6262242678e-04 1.9257795049e+01 2.5878440274e+01
1.0992991538e-04 1.6178410428e-04 1.8711500599e+01 2.5878440274e+01
1.0615409717e-04 1.6093297311e-04 1.8701060210e+01 2.6013668696e+01
1.0238539622e-04 1.6005445445e-04 1.8905513557e+01 2.6177183164e+01
9.8618191064e-05 1.5913208922e-04 1.9423098949e+01 2.6346973958e+01
9.4853938511e-05 1.5815043419e-04 2.0121435720e+01 2.6513136896e+01
9.1093961962e-05 1.5709105021e-04 2.1059929921e+01 2.6644556158e+01
8.7343437736e-05 1.5593237700e-04 2.2208697945e+01 2.6724113696e+01
8.3611639902e-05 1.5464720233e-04 2.3588653472e+01 2.6727802760e+01
7.9916055758e-05 1.5319896879e-04 2.5302334775e+01 2.6539072812e+01
7.6287400457e-05 1.5153560466e-04 2.6299357191e+01 2.6093888277e+01
7.2782908205e-05 1.4956318952e-04 3.5046648325e+01 2.5105423565e+01
6.9645309884e-05 1.4702677100e-04 1.5763733236e+01 2.2614663033e+01
6.8014245939e-05 1.4431451956e-04 6.1495949951e+01 1.5628344061e+01
6.5060128974e-05 1.4179238622e-04 6.7782567424e+01 7.7137117062e+00
6.3186402276e-05 1.4088144592e-04 5.7759196615e+01 4.9460917265e+00
6.1221433688e-05 1.4007699225e-04 5.3667481563e+01 4.9460917265e+00
5.9194375209e-05 1.3935763932e-04 4.9716432499e+01 6.6461713264e+00
5.7121994780e-05 1.3870836849e-04 4.6855262065e+01 6.6461713264e+00
5.5014780642e-05 1.3811861856e-04 4.4287766597e+01 7.8290600393e+00
5.2878617482e-05 1.3757970634e-04 4.2046301995e+01 7.8290600393e+00
5.0718228753e-05 1.3708508670e-04 3.9927384906e+01 8.8566286704e+00
4.8535646535e-05 1.3662893488e-04 3.7831958241e+01 8.8566286704e+00
4.6332691818e-05 1.3620615710e-04 3.5737558131e+01 9.7118699212e+00
4.4110719817e-05 1.3581265482e-04 3.3746116235e+01 1.0482433978e+01
4.1871009985e-05 1.3544522340e-04 3.1808011119e+01 1.0482433978e+01
3.9614334665e-05 1.3510079106e-04 2.9930410276e+01 1.1176718926e+01
3.7341398832e-05 1.3477669497e-04 2.8055493003e+01 1.1176718926e+01
3.5052656598e-05 1.3447056390e-04 2.6192310779e+01 1.1798711267e+01
3.2748411583e-05 1.3418027791e-04 2.4342339876e+01 1.1798711267e+01
3.0428799997e-05 1.3390381756e-04 2.2493754694e+01 1.2373939198e+01
2.8093687258e-05 1.3363919000e-04 2.0624594189e+01 1.2898876865e+01
2.5742804328e-05 1.3338435660e-04 1.8742335257e+01 1.2898876865e+01
2.3375174158e-05 1.3313697532e-04 1.6930756217e+01 1.3369008982e+01
2.0990963958e-05 1.3289185326e-04 1.5642741557e+01 1.3369008982e+01
1.8597742899e-05 1.3265201283e-04 1.6236180906e+01 1.3731325033e+01
1.6211166358e-05 1.3242982332e-04 1.7259909894e+01 1.4045286338e+01
1.3828019688e-05 1.3222633150e-04 1.6974375904e+01 1.4045286338e+01
1.1440130140e-05 1.3203347352e-04 1.5799933875e+01 1.4422032341e+01
9.0446576561e-06 1.3184740307e-04 1.4688313003e+01 1.4422032341e+01
6.6413864338e-06 1.3166640379e-04 1.3539966107e+01 1.4834859838e+01
4.2300410734e-06 1.3148934939e-04 1.2395502840e+01 1.5220715182e+01
1.8105061141e-06 1.3131529801e-04 1.1247063497e+01 1.5220715182e+01
-6.1724768314e-07 1.3114343832e-04 1.0143844942e+01 1.5571088921e+01
-3.0531834398e-06 1.3097306765e-04 9.0363065519e+00 1.5571088921e+01
-5.4972271436e-06 1.3080354126e-04 7.9308794536e+00 1.5895529179e+01
-7.9493274414e-06 1.3063429516e-04 6.8783215370e+00 1.6195404122e+01
-1.0409381119e-05 1.3046480624e-04 5.8089616493e+00 1.6195404122e+01
-1.2877078340e-05 1.3029460123e-04 4.7655432247e+00 1.6474041174e+01
-1.5352225268e-05 1.3012321823e-04 3.7591321866e+00 1.6732786746e+01
-1.7834711508e-05 1.2995019480e-04 2.7062640323e+00 1.6732786746e+01
-2.0324478089e-05 1.2977508092e-04 1.6168122008e+00 1.6973689486e+01
-2.2821430157e-05 1.2959747880e-04 3.5176860461e-01 1.6973689486e+01
-2.5325418803e-05 1.2941701754e-04 3.0646045643e-01 1.7198142492e+01
-2.7836307071e-05 1.2923335352e-04 1.1164469768e+00 1.7404137107e+01
-3.0353938731e-05 1.2904615519e-04 2.0062502530e+00 1.7404137107e+01
-3.2878156875e-05 1.2885510675e-04 2.8918868929e+00 1.7595706334e+01
-3.5408807514e-05 1.2865990735e-04 3.7606393103e+00 1.7772968493e+01
-3.7945721996e-05 1.2846026720e-04 4.6217916570e+00 1.7772968493e+01
-4.0488758579e-05 1.2825591709e-04 5.4613809614e+00 1.7935884408e+01
-4.3037734244e-05 1.2804660165e-04 6.2736792891e+00 1.8087241393e+01
-4.5592495951e-05 1.2783207147e-04 7.0772681278e+00 1.8087241393e+01
-4.8152875507e-05 1.2761208688e-04 7.8629492232e+00 1.8224727809e+01
-5.0718712570e-05 1.2738641402e-04 8.6307416696e+00 1.8224727809e+01
-5.3289838431e-05 1.2715483988e-04 9.3791400384e+00 1.8350223284e+01
-5.5866089200e-05 1.2691715318e-04 1.0114514044e+01 1.8464636308e+01
-5.8447303866e-05 1.2667315695e-04 1.0830767508e+01 1.8464636308e+01
-6.1033315875e-05 1.2642265531e-04 1.1523864004e+01 1.8567503818e+01
-6.3623932024e-05 1.2616546496e-04 1.2210272132e+01 1.8661440441e+01
-6.6219033601e-05 1.2590139589e-04 1.2886282902e+01 1.8661440441e+01
-6.8818430111e-05 1.2563029008e-04 1.3537867652e+01 1.8745513719e+01
-7.1421961317e-05 1.2535198501e-04 1.4175628582e+01 1.8819247353e+01
-7.4029463669e-05 1.2506631438e-04 1.4798625936e+01 1.8819247353e+01
-7.6640773024e-05 1.2477312248e-04 1.5409074980e+01 1.8884658571e+01
-7.9255749123e-05 1.2447225978e-04 1.5995436155e+01 1.8941960642e+01
-8.1874176222e-05 1.2416359524e-04 1.6571011917e+01 1.8941960642e+01
-8.4495945222e-05 1.2384697977e-04 1.7139326433e+01 1.8990862251e+01
-8.7120877273e-05 1.2352228441e-04 1.7689285252e+01 1.9031918007e+01
-8.9748813086e-05 1.2318937437e-04 1.8225667300e+01 1.9031918007e+01
-9.2379596189e-05 1.2284812421e-04 1.8747100663e+01 1.9065494081e+01
-9.5013067761e-05 1.2249841207e-04 1.9254859199e+01 1.9092053721e+01
-9.7649060303e-05 1.2214012428e-04 1.9754996443e+01 1.9092053721e+01
-1.0028745015e-04 1.2177314276e-04 2.0237328623e+01 1.9111733877e+01
-1.0292803475e-04 1.2139735857e-04 2.0710416277e+01 1.9124772324e+01
-1.0557071216e-04 1.2101265277e-04 2.1168080011e+01 1.9124772324e+01
-1.0821527723e-04 1.2061892979e-04 2.1613635573e+01 1.9131653394e+01
-1.1086161434e-04 1.2021608131e-04 2.2050184694e+01 1.9132293866e+01
-1.1350956046e-04 1.1980400886e-04 2.2472271106e+01 1.9132293866e+01
-1.1615895626e-04 1.1938261391e-04 2.2884638057e+01 1.9126952832e+01
-1.1880966080e-04 1.1895179447e-04 2.3286568889e+01 1.9116063749e+01
-1.2146151686e-04 1.1851145840e-04 2.3678194474e+01 1.9116063749e+01
-1.2411438320e-04 1.1806151440e-04 2.4059265585e+01 1.9099570539e+01
-1.2676810859e-04 1.1760187426e-04 2.4429877008e+01 1.9077739389e+01
-1.2942254431e-04 1.1713245407e-04 2.4788806524e+01 1.9077739389e+01
-1.3207752847e-04 1.1665315240e-04 2.5142207235e+01 1.9050834309e+01
-1.3473295175e-04 1.1616387700e-04 2.5482438772e+01 1.9018630761e+01
-1.3738862659e-04 1.1566457092e-04 2.5813475731e+01 1.9018630761e+01
-1.4004443785e-04 1.1515513117e-04 2.6136204102e+01 1.8981383339e+01
-1.4270021607e-04 1.1463547812e-04 2.6450841492e+01 1.8939487096e+01
-1.4535583494e-04 1.1410553491e-04 2.6756812127e+01 1.8939487096e+01
-1.4801114719e-04 1.1356521776e-04 2.7051059919e+01 1.8892721818e+01
-1.5066597649e-04 1.1301444741e-04 2.7342480348e+01 1.8841084641e+01
-1.5332023340e-04 1.1245315092e-04 2.7627313630e+01 1.8841084641e+01
-1.5597375227e-04 1.1188124802e-04 2.7898515668e+01 1.8784901348e+01
-1.5862635780e-04 1.1129865717e-04 2.8165093650e+01 1.8723934746e+01
-1.6127794756e-04 1.1070531009e-04 2.8424426513e+01 1.8658685592e+01
-1.6392835786e-04 1.1010113541e-04 2.8676653073e+01 1.8658685592e+01
-1.6657744660e-04 1.0948605914e-04 2.8922781240e+01 1.8588876376e+01
-1.6922507536e-04 1.0886000198e-04 2.9162224839e+01 1.8513893401e+01
-1.7187109371e-04 1.0822289061e-04 2.9395195084e+01 1.8513893401e+01
-1.7451536485e-04 1.0757465716e-04 2.9620211460e+01 1.8434592395e+01
-1.7715771818e-04 1.0691524158e-04 2.9842894934e+01 1.8350871145e+01
-1.7979805731e-04 1.0624456059e-04 3.0060767335e+01 1.8350871145e+01
-1.8243621464e-04 1.0556254690e-04 3.0272982033e+01 1.8261272834e+01
-1.8507206310e-04 1.0486912606e-04 3.0482236954e+01 1.8166496862e+01
-1.8770547751e-04 1.0416423044e-04 3.0684055282e+01 1.8166496862e+01
-1.9033629332e-04 1.0344782053e-04 3.0879377085e+01 1.8067987530e+01
-1.9296436380e-04 1.0271983077e-04 3.1067747038e+01 1.7963991512e+01
-1.9558952671e-04 1.0198019884e-04 3.1247647238e+01 1.7963991512e+01
-1.9821159608e-04 1.0122888038e-04 3.1426630494e+01 1.7854516198e+01
-2.0083048313e-04 1.0046580159e-04 3.1600927875e+01 1.7739811559e+01
-2.0344599966e-04 9.9690933965e-05 3.1768191701e+01 1.7739811559e+01
-2.0605799203e-04 9.8904225302e-05 3.1930908570e+01 1.7618381684e+01
-2.0866631740e-04 9.8105624990e-05 3.2084630911e+01 1.7491264873e+01
-2.1127077485e-04 9.7295097495e-05 3.2238152847e+01 1.7358881551e+01
-2.1387127975e-04 9.6472611538e-05 3.2379310001e+01 1.7358881551e+01
-2.1646757775e-04 9.5638165400e-05 3.2515503766e+01 1.7219970063e+01
-2.1905954942e-04 9.4791709829e-05 3.2642501378e+01 1.7074434289e+01
-2.2164698886e-04 9.3933247868e-05 3.2758611845e+01 1.7074434289e+01
-2.2422968957e-04 9.3062788790e-05 3.2861522678e+01 1.6922533339e+01
-2.2680745661e-04 9.2180359568e-05 3.2949875232e+01 1.6763953009e+01
-2.2938003614e-04 9.1285973891e-05 3.3016685237e+01 1.6763953009e+01
-2.3194715107e-04 9.0379676871e-05 3.3054654271e+01 1.6599207085e+01
-2.3450844238e-04 8.9461511252e-05 3.3037158257e+01 1.6429678205e+01
-2.3706322136e-04 8.8531638543e-05 3.2949795249e+01 1.6429678205e+01
-2.3961053280e-04 8.7589945766e-05 3.2780824661e+01 1.6251945514e+01
-2.4214836302e-04 8.6636449364e-05 3.2567710777e+01 1.6054195513e+01
-2.4467499772e-04 8.5671012876e-05 3.2707049838e+01 1.6054195513e+01
-2.4719223137e-04 8.4694156131e-05 3.3403855939e+01 1.5832420500e+01
-2.4970392995e-04 8.3705265934e-05 3.4386245040e+01 1.5596449472e+01
-2.5221293430e-04 8.2703438425e-05 3.5321206323e+01 1.5596449472e+01
-2.5472007158e-04 8.1688591038e-05 3.5993129340e+01 1.5351882083e+01
-2.5722424693e-04 8.0661371047e-05 3.6478242555e+01 1.5097186005e+01
-2.5972449939e-04 7.9622140921e-05 3.6871871893e+01 1.5097186005e+01
-2.6222012595e-04 7.8571389467e-05 3.7253339417e+01 1.4829011449e+01
-2.6471094497e-04 7.7509507223e-05 3.7629071274e+01 1.4544489298e+01
-2.6719681819e-04 7.6436946047e-05 3.8002664234e+01 1.4544489298e+01
-2.6967764992e-04 7.5354260873e-05 3.8382401272e+01 1.4241308876e+01
-2.7215348851e-04 7.4262056345e-05 3.8779214508e+01 1.3921674529e+01
-2.7462448140e-04 7.3160999615e-05 3.9194141291e+01 1.3581031685e+01
-2.7709076016e-04 7.2051908349e-05 3.9655783238e+01 1.3581031685e+01
-2.7955285543e-04 7.0935652997e-05 4.0134725136e+01 1.3216645703e+01
-2.8201104678e-04 6.9813471986e-05 4.0646970189e+01 1.2828437436e+01
-2.8446600866e-04 6.8686688030e-05 4.1204994414e+01 1.2828437436e+01
-2.8691850202e-04 6.7556881640e-05 4.1818798160e+01 1.2413766851e+01
-2.8936954014e-04 6.6425999297e-05 4.2497782250e+01 1.1971479534e+01
-2.9182039385e-04 6.5296403245e-05 4.3249559840e+01 1.1971479534e+01
-2.9427272362e-04 6.4170943809e-05 4.4091241434e+01 1.1498837961e+01
-2.9672846203e-04 6.3053121902e-05 4.5051499588e+01 1.0994726628e+01
-2.9919006851e-04 6.1947518437e-05 4.6147932883e+01 1.0994726628e+01
-3.0166128982e-04 6.0859723751e-05 4.7368104108e+01 1.0455117203e+01
-3.0414551567e-04 5.9797254375e-05 4.8814122174e+01 9.8748689447e+00
-3.0664839515e-04 5.8770353087e-05 5.0540760991e+01 9.8748689447e+00
-3.0917638771e-04 5.7793690345e-05 5.2680844576e+01 9.2583168255e+00
-3.1173757484e-04 5.6890242544e-05 5.4818366601e+01 8.6507836614e+00
-3.1434314626e-04 5.6100660337e-05 6.0715848839e+01 8.6507836614e+00
-3.1699941733e-04 5.5552269877e-05 6.7864949922e+01 9.3979960788e+00
-3.1996711871e-04 5.5387732760e-05 5.5568857028e+01 1.2713044947e+01
-3.2514390853e-04 5.4585289493e-05 5.8811614961e+01 1.5979703569e+01
-3.3064425374e-04 5.2503903515e-05 7.3605322736e+01 1.5946126479e+01
-3.3606183407e-04 4.9892486309e-05 7.6056011327e+01 1.5049915069e+01
-3.4144135295e-04 4.6920649966e-05 8.1596439936e+01 1.3429850329e+01
-3.4680921151e-04 4.3645956212e-05 8.7834744815e+01 1.2655745187e+01
-3.5218589543e-04 4.0092028528e-05 9.5479238606e+01 1.1176511080e+01
-3.5758940812e-04 3.6264753136e-05 1.0498180117e+02 1.0453575180e+01
-3.6304009093e-04 3.2155640849e-05 1.1683578323e+02 9.0371192923e+00
-3.6855236975e-04 2.7747852223e-05 1.3226394541e+02 7.6187593524e+00
-3.7415121014e-04 2.3010092404e-05 1.5354954236e+02 6.1824961559e+00
-3.7987223451e-04 1.7899866337e-05 1.8393640214e+02 4.7043017055e+00
-3.8577731971e-04 1.2373604171e-05 2.2904889394e+02 3.2022445953e+00
-3.9209160983e-04 6.4037381204e-06 3.5499789104e+02 1.7805360114e+00
-3.9600000000e-04 3.0463089129e-20 1.7513679195e+02 4.9669182468e-01
-3.9200000000e-04 3.0310008279e-20 1.4775229436e+02 nan
-3.8800000000e-04 3.0156927429e-20 1.1911502151e+02 nan
-3.8400000000e-04 3.0003846579e-20 1.0627133227e+02 nan
-3.8000000000e-04 2.9850765729e-20 1.0097951769e+02 nan
-3.7600000000e-04 2.9697684879e-20 1.0278686282e+02 nan
-3.5600000000e-04 2.8932280630e-20 1.9177250640e+02 nan
-3.5200000000e-04 2.8779199780e-20 2.1695077915e+02 nan
3.3200000000e-04 2.6023744482e-21 3.0012808225e+01 nan
3.3600000000e-04 2.4492935983e-21 2.5470865989e+01 nan
3.5200000000e-04 1.8369701987e-21 2.0061399126e+01 nan
3.5600000000e-04 1.6838893488e-21 2.0149814752e+01 nan
3.6000000000e-04 1.5308084989e-21 2.0382723818e+01 nan
3.6400000000e-04 1.3777276490e-21 2.0752821776e+01 nan
3.6800000000e-04 1.2246467991e-21 2.1286674339e+01 nan
3.7200000000e-04 1.0715659493e-21 2.2021174874e+01 nan
3.7600000000e-04 9.1848509936e-22 2.3018537083e+01 nan
3.8000000000e-04 7.6540424947e-22 2.4394503398e+01 nan
3.8400000000e-04 6.1232339957e-22 2.6358677768e+01 nan
3.8800000000e-04 4.5924254968e-22 2.9393908725e+01 nan
3.9200000000e-04 3.0616169979e-22 3.5462478202e+01 nan
-2.1413981113e-05 1.2750898387e-04 1.0481483470e+00 1.6973689486e+01
-1.4164301229e-05 1.4623940445e-06 2.2323150373e+02 nan
5.3481880754e-05 1.5013533588e-06 2.2536330780e+02 nan
-5.3996788926e-05 1.4531451102e-06 2.2384263451e+02 nan
1.7688323223e-05 1.4775444059e-06 2.2310418622e+02 nan
-6.7680273748e-05 1.2367859803e-04 1.4319910691e+01 1.8745513719e+01
4.3344283611e-05 1.3346379397e-04 2.7660391676e+01 1.0482433978e+01
8.5244438683e-05 1.5216180157e-06 2.3416439874e+02 nan
1.1698136048e-04 1.5318975596e-06 2.5374339829e+02 nan
8.3371552171e-05 1.5139982136e-04 2.0509099247e+01 2.6539072812e+01
1.4479763632e-04 1.5249759482e-06 2.7350878294e+02 nan
-1.4558630124e-04 1.4556692313e-06 2.3047008661e+02 nan
1.1290958394e-04 1.5936755109e-04 1.8315226493e+01 2.5878440274e+01
1.7274142184e-04 1.5740795288e-06 2.3883265827e+02 nan
-1.7347622906e-04 1.4489365048e-06 2.3555360760e+02 nan
2.0066802535e-04 1.7705890724e-06 1.6949866858e+02 nan
-2.0128584903e-04 1.4680539541e-06 2.4271728231e+02 nan
1.8310415234e-04 1.6372278074e-04 1.7049027042e+01 3.0058083216e+01
-2.2910656813e-04 1.4809150141e-06 2.5278687598e+02 nan
2.2857650658e-04 2.0857102772e-06 1.0864645731e+02 nan
2.1856638821e-04 1.5723049472e-04 1.5150614687e+01 2.7745067295e+01
2.5654615561e-04 2.5277921278e-06 6.4547348054e+01 nan
-2.5691569612e-04 1.4937712817e-06 2.6758639010e+02 nan
2.4849016575e-04 1.4765098632e-04 1.4209216891e+01 2.5635901294e+01
2.7744558105e-04 1.3545868461e-04 1.3865208170e+01 2.3181246245e+01
2.8042404587e-04 3.0651341042e-06 4.6749489422e+01 nan
-2.8063281688e-04 1.5518980141e-06 2.9069454401e+02 nan
3.0454412952e-04 1.1934761396e-04 1.4255481864e+01 2.0109533267e+01
-3.0397677258e-04 1.6961041550e-06 3.0473972284e+02 nan
3.0434654041e-04 3.1440655029e-06 4.2732469007e+01 nan
3.2541829729e-04 1.0420355646e-04 1.5221889432e+01 1.6716338388e+01
-3.4079825817e-05 1.4565708840e-06 2.2348904332e+02 nan
3.2449982808e-04 3.3656933733e-06 3.0816402096e+01 nan
-3.2342290429e-04 1.9310492487e-06 2.8877966139e+02 nan
-3.0252515949e-04 5.8022511329e-05 5.2795837322e+01 1.0455117203e+01
3.4517712622e-04 8.5411943052e-05 1.7246897113e+01 1.2586423193e+01
-3.4275869823e-04 2.3647641439e-06 2.1421138788e+02 nan
3.4499576614e-04 3.6732911823e-06 2.1594621233e+01 nan
3.6030136519e-04 6.8192167085e-05 1.9980526431e+01 8.5907913711e+00
-3.1601318780e-04 5.3695650689e-05 5.6442264938e+01 9.3979960788e+00
1.0111059899e-04 1.5283879284e-06 2.4267964466e+02 nan
-1.0179152133e-04 1.4517060562e-06 2.2583894543e+02 nan
6.9369720944e-05 1.5121870656e-06 2.2859258623e+02 nan
-6.9929836366e-05 1.4517783256e-06 2.2427083336e+02 nan
-3.1466129039e-05 1.2678886833e-04 3.6925795141e+00 1.7595706334e+01
1.0646219396e-05 1.2980850647e-04 1.3015938587e+01 1.4422032341e+01
-7.7745588552e-05 1.2294162225e-04 1.6538628841e+01 1.8884658571e+01
-1.0151503367e-04 1.1953295611e-04 2.1607426705e+01 1.9111733877e+01
7.1318950366e-05 1.4361369001e-04 1.1357944280e+01 nan
9.7507290149e-05 1.5596992286e-04 1.9181179647e+01 2.6513136896e+01
1.2802275087e-04 1.6315266568e-04 1.9956706149e+01 2.6713776238e+01
2.0094816294e-04 1.6048607371e-04 1.5933632537e+01 2.8753147529e+01
-3.5826508830e-04 3.1233402485e-06 1.3968353675e+02 nan
3.6081947087e-04 3.9760903972e-06 2.2352237297e+01 nan
3.7078528139e-04 5.2813185504e-05 2.3354216438e+01 5.8751625279e+00
-3.3325473536e-04 4.8410743931e-05 6.6916469961e+01 1.5049915069e+01
-3.5418064967e-04 3.5853020744e-05 9.6635026869e+01 1.0453575180e+01
3.8004606395e-04 3.6182885972e-05 2.8588773310e+01 2.7650250481e+00
-2.9235734633e-04 1.6056443122e-06 3.0387872081e+02 nan
2.6859392913e-04 2.7611753634e-06 4.9747916703e+01 nan
2.9232281644e-04 3.1776310371e-06 4.5636952491e+01 nan
2.4455818165e-04 2.3269466184e-06 8.1553205746e+01 nan
-2.6875211475e-04 1.5233669400e-06 2.7688904491e+02 nan
2.1663846893e-04 1.9483053651e-06 1.3207480684e+02 nan
-1.8935528896e-04 1.4643503391e-06 2.3932985471e+02 nan
1.8872638551e-04 1.6797137062e-06 1.9934968882e+02 nan
-1.6150592555e-04 1.4581635926e-06 2.3311775698e+02 nan
1.6078808004e-04 1.5393231351e-06 2.6189013713e+02 nan
1.3287577322e-04 1.5327612741e-06 2.6486662730e+02 nan
-1.3364437499e-04 1.4541824719e-06 2.2885275576e+02 nan
-3.7029541677e-04 3.6336016960e-06 1.0298830172e+02 nan
3.7257317296e-04 4.1609172022e-06 2.5075510787e+01 nan
2.3162407322e-04 1.5289341076e-04 1.4654492119e+01 2.6716195617e+01
2.6142854786e-04 1.4261750490e-04 1.3984927242e+01 2.4468448174e+01
2.8894609856e-04 1.2915817220e-04 1.3929370212e+01 2.2114606950e+01
3.1489272582e-04 1.1291632059e-04 1.4576757732e+01 1.8745162085e+01
-2.9499219754e-04 6.1385466151e-05 4.9054750114e+01 1.1498837961e+01
3.3531818070e-04 9.5131772437e-05 1.6088493826e+01 1.5032952662e+01
-3.6990091655e-04 2.3986256714e-05 1.3461346527e+02 6.9045900186e+00
3.8676282219e-04 2.1992582559e-05 3.6120339143e+01 8.6066732260e-01
-3.8211674381e-04 4.1204815610e-06 1.2431693936e+02 nan
3.8437858435e-04 4.3219583537e-06 3.2528544745e+01 nan
-3.5049270703e-04 2.6989181048e-06 1.7209854797e+02 nan
3.5285872876e-04 3.9311429300e-06 2.1646976981e+01 nan
-3.3501922032e-04 2.1254591390e-06 2.5454303718e+02 nan
3.3681583801e-04 3.5819006426e-06 2.0566136897e+01 nan
3.1653944358e-04 3.0999968492e-06 3.7268966335e+01 nan
-3.1562991664e-04 1.8230491107e-06 2.9420218725e+02 nan
-2.3704897275e-04 1.4862832143e-06 2.5637392069e+02 nan
2.3657658397e-04 2.2070280271e-06 9.4330648926e+01 nan
2.0866546422e-04 1.8595180757e-06 1.4978167340e+02 nan
-2.0923745482e-04 1.4709950626e-06 2.4525849823e+02 nan
1.8074685770e-04 1.6254059932e-06 2.1929424944e+02 nan
1.5280075061e-04 1.5314901622e-06 2.7300436454e+02 nan
-1.2568215223e-04 1.4533596867e-06 2.2793281663e+02 nan
1.0904423531e-04 1.5305320888e-06 2.4799813726e+02 nan
1.2492450309e-04 1.5325833077e-06 2.5966009670e+02 nan
9.3178000346e-05 1.5254059366e-06 2.3803685595e+02 nan
-1.0975567962e-04 1.4521163059e-06 2.2643456654e+02 nan
-9.3826808200e-05 1.4514502080e-06 2.2533394160e+02 nan
-7.7895910328e-05 1.4514655746e-06 2.2455934801e+02 nan
7.7308587490e-05 1.5171566049e-06 2.3104075295e+02 nan
-4.6030000194e-05 1.4542610975e-06 2.2368361054e+02 nan
4.5506025094e-05 1.4884061514e-06 2.2442239933e+02 nan
2.5647157772e-05 1.4824009767e-06 2.2324718335e+02 nan
9.7274115483e-06 1.4730823899e-06 2.2306321737e+02 nan
6.1427512566e-05 1.5068694418e-06 2.2673062203e+02 nan
-6.1992313230e-06 1.4654945114e-06 2.2314851279e+02 nan
-3.6529515566e-05 1.2640582354e-04 5.3619242491e+00 1.7772968493e+01
-4.9039773084e-05 1.2553616642e-04 9.1723215382e+00 1.8224727809e+01
1.5245683014e-05 1.2999881503e-04 1.3724087689e+01 1.4045286338e+01
-7.2872584297e-05 1.2315322090e-04 1.5578115700e+01 1.8819247353e+01
4.8348727785e-05 1.3423800994e-04 3.0408445147e+01 9.7118699212e+00
5.6968030145e-05 1.3611100805e-04 3.4254969076e+01 7.8290600393e+00
-1.0649130232e-04 1.1871284911e-04 2.2551971418e+01 1.9131653394e+01
-1.1980831695e-04 1.1665127552e-04 2.4718005602e+01 1.9116063749e+01
6.7320345769e-05 1.4035271987e-04 1.6789469571e+01 7.7137117062e+00
-1.3050796413e-04 1.1483400286e-04 2.6261685185e+01 1.9050834309e+01
7.6633413967e-05 1.4864109531e-04 1.9097623116e+01 2.5105423565e+01
-1.4111169937e-04 1.1284321626e-04 2.7664844547e+01 1.8981383339e+01
1.0525703234e-04 1.5787236515e-04 1.8495604510e+01 2.6177183164e+01
-1.5219388496e-04 1.1085274151e-04 2.8801485002e+01 1.8841084641e+01
-1.6230378699e-04 1.0837898931e-04 3.0086325215e+01 1.8658685592e+01
1.2031054464e-04 1.6161079966e-04 1.9366378660e+01 2.5812689813e+01
1.3703220502e-04 1.6513841985e-04 2.0872305965e+01 2.9935581493e+01
-1.8341104799e-04 1.0318527584e-04 3.2143309828e+01 1.8261272834e+01
1.5551766723e-04 1.6540582111e-04 1.9232110506e+01 3.2299065884e+01
-1.9372493124e-04 1.0050748583e-04 3.2913547050e+01 1.7963991512e+01
1.9186844626e-04 1.6257428078e-04 1.6495446589e+01 2.9522838172e+01
-2.0439560931e-04 9.7437160655e-05 3.3714663374e+01 1.7618381684e+01
2.1004594682e-04 1.5922372149e-04 1.5525182052e+01 2.8247991386e+01
-2.1471119919e-04 9.3941395741e-05 3.4742141617e+01 1.7219970063e+01
2.4026443586e-04 1.5067989531e-04 1.4407646461e+01 2.6186864858e+01
-2.5042216756e-04 8.1355458902e-05 3.7480918807e+01 1.5596449472e+01
2.6864895405e-04 1.3999542518e-04 1.3892456759e+01 2.3842583181e+01
2.9665631213e-04 1.2472842288e-04 1.4037109985e+01 2.0951657988e+01
-2.6793580911e-04 7.3867784645e-05 4.1386619221e+01 1.4241308876e+01
3.5164990984e-04 7.8521549272e-05 1.8227351031e+01 1.1287045101e+01
-3.0773760129e-04 5.5981366302e-05 5.6075134362e+01 9.2583168255e+00
-3.2288304692e-04 5.2404513702e-05 5.6876189198e+01 1.5979703569e+01
3.6580985907e-04 6.0725245162e-05 2.1487575235e+01 7.2258361395e+00
3.7593434740e-04 4.4749377966e-05 2.5610059267e+01 3.9440790287e+00
-3.4370623444e-04 4.2666772792e-05 8.0804790430e+01 1.2655745187e+01
3.9066141712e-04 1.2605785026e-05 4.5619738672e+01 3.5851921720e-02
-3.8191762916e-04 1.3278636535e-05 1.8925982075e+02 3.9540716379e+00
-3.8945783392e-04 4.2764906896e-06 1.9479339255e+02 1.7805360114e+00
3.9212699617e-04 4.1726393428e-06 4.8454548103e+01 nan
-3.8583243102e-04 4.2487210032e-06 1.4402302652e+02 nan
-3.7971092063e-04 8.3909619012e-06 1.3642978804e+02 nan
-3.7618579016e-04 8.0264324458e-06 1.1882816315e+02 nan
-3.7368479989e-04 1.2221706968e-05 1.2281138960e+02 nan
-3.7025164835e-04 1.1648103339e-05 1.0942352831e+02 nan
-3.6773064228e-04 1.5750005057e-05 1.1012190320e+02 nan
-3.6435309710e-04 1.4992986789e-05 1.0004103227e+02 nan
-3.6184696696e-04 1.9003019159e-05 9.9221718462e+01 nan
-3.5850298755e-04 1.8089685658e-05 9.1822756935e+01 nan
-3.5602921830e-04 2.2010581838e-05 9.0191847410e+01 nan
-3.5270206021e-04 2.0965874616e-05 8.4965746247e+01 nan
-3.5026921545e-04 2.4797555538e-05 8.2925551761e+01 nan
-3.4694249366e-04 2.3644954622e-05 7.9609957999e+01 nan
-3.4455314018e-04 2.7383908725e-05 7.7188210718e+01 nan
-3.4120521769e-04 2.6147343557e-05 7.6160510397e+01 nan
-3.3885648627e-04 2.9786397713e-05 7.3724854489e+01 nan
-3.3563148937e-04 2.8457229185e-05 7.4994862565e+01 nan
-3.3780027864e-04 2.4947938684e-05 7.6610507494e+01 nan
-3.3246775434e-04 2.7157438805e-05 7.6123870441e+01 nan
-3.3037375873e-04 3.0555294377e-05 7.4334808865e+01 nan
-3.2743114771e-04 2.9181136915e-05 7.5979200194e+01 nan
-3.2453072227e-04 2.7866905523e-05 8.0362191157e+01 nan
-3.2270277979e-04 3.1030148922e-05 7.6135659978e+01 nan
-3.1997727648e-04 2.9689381674e-05 8.1140712711e+01 nan
-3.1570404269e-04 3.1379514053e-05 8.1848543779e+01 nan
-3.1727102371e-04 2.8465049877e-05 8.9902849662e+01 nan
-3.1311840576e-04 3.0149889386e-05 9.0044242169e+01 nan
-3.0921215090e-04 3.1742566712e-05 9.0005285572e+01 nan
-3.1054424868e-04 2.9024246966e-05 9.8995568508e+01 nan
-3.0669964261e-04 3.0638841283e-05 9.7875240578e+01 nan
-3.0306647671e-04 3.2183848164e-05 9.6777302099e+01 nan
-3.0058306758e-04 3.1190251824e-05 1.0249463024e+02 nan
-2.9960651557e-04 3.3687240555e-05 9.5651344033e+01 nan
-2.9469222812e-04 3.1808743087e-05 1.0567422127e+02 nan
-2.9389656670e-04 3.4204636689e-05 9.9316922029e+01 nan
-2.9217876753e-04 3.0971449973e-05 1.1051114958e+02 nan
-2.8963283994e-04 3.0197044409e-05 1.1550400090e+02 nan
-2.8646840300e-04 3.1742465078e-05 1.1328819760e+02 nan
-2.8588984587e-04 3.4014259829e-05 1.0637545336e+02 nan
-2.7783323250e-04 3.4160059982e-05 1.1776905413e+02 nan
-2.7827769141e-04 3.1969917077e-05 1.2397877839e+02 nan
-2.7562263497e-04 3.1406221273e-05 1.2933951086e+02 nan
-2.7220037468e-04 3.5173787265e-05 1.2113003239e+02 nan
-2.6680628734e-04 3.4167009486e-05 1.2911828158e+02 nan
-2.6706691837e-04 3.2074139748e-05 1.3580588948e+02 nan
-2.6403132349e-04 3.3727537300e-05 1.3266457797e+02 nan
-2.6103084429e-04 3.5390762693e-05 1.2938922483e+02 nan
-2.5820895683e-04 3.4997819863e-05 1.3231270351e+02 nan
-2.5242888793e-04 3.4309172964e-05 1.3739687571e+02 nan
-2.4947437799e-04 3.4008275990e-05 1.3957352562e+02 nan
-2.4653780604e-04 3.5700758035e-05 1.3531952776e+02 nan
-2.4657266623e-04 3.7696740756e-05 1.2928128933e+02 nan
-2.4355471604e-04 3.5427042519e-05 1.3712120947e+02 nan
-2.4053481178e-04 3.5175838125e-05 1.3873213157e+02 nan
-2.3482193470e-04 3.8585930301e-05 1.3001645076e+02 nan
-2.3179570465e-04 3.8354331052e-05 1.3129146301e+02 nan
-2.2873867719e-04 3.8140288805e-05 1.3243267000e+02 nan
-2.2565245738e-04 3.7942344777e-05 1.3344933415e+02 nan
-2.2253853235e-04 3.7759187263e-05 1.3435066574e+02 nan
-2.1939838221e-04 3.7589546897e-05 1.3514594574e+02 nan
-2.1352758839e-04 3.9137744022e-05 1.3144359310e+02 nan
-2.1035786152e-04 3.8989124316e-05 1.3205144366e+02 nan
-2.0716654635e-04 3.8850746964e-05 1.3258557538e+02 nan
-2.0395481977e-04 3.8721768469e-05 1.3305295226e+02 nan
-2.0192510015e-04 4.2272088844e-05 1.2417963854e+02 nan
-1.9875231336e-04 4.2134793997e-05 1.2466863460e+02 nan
-1.9234800796e-04 4.1892532243e-05 1.2547560284e+02 nan
-1.8912075482e-04 4.1782099346e-05 1.2581382345e+02 nan
-1.8587799513e-04 4.1678030605e-05 1.2611444773e+02 nan
-1.8262037962e-04 4.1580129250e-05 1.2638089280e+02 nan
-1.7934865416e-04 4.1488020929e-05 1.2661677332e+02 nan
-1.7606357192e-04 4.1401293949e-05 1.2682565677e+02 nan
-1.7276584411e-04 4.1319561524e-05 1.2701081364e+02 nan
-1.5380914582e-04 4.2659819560e-05 1.2388876897e+02 nan
-1.5257412532e-04 4.6121975852e-05 1.1639786757e+02 nan
-1.4928261908e-04 4.6054265164e-05 1.1655789441e+02 nan
-1.4598227599e-04 4.5990206942e-05 1.1670806674e+02 nan
-1.3935745971e-04 4.5871940433e-05 1.1698523124e+02 nan
-1.3603329986e-04 4.5817625450e-05 1.1711421016e+02 nan
-1.3270230010e-04 4.5766400983e-05 1.1723803638e+02 nan
-1.2936477030e-04 4.5718917047e-05 1.1735597647e+02 nan
-1.2601950335e-04 4.5673186936e-05 1.1747268590e+02 nan
-1.2266897400e-04 4.5630199515e-05 1.1758649541e+02 nan
-1.1931289187e-04 4.5589830007e-05 1.1769796825e+02 nan
-1.1595151158e-04 4.5551996499e-05 1.1780747651e+02 nan
-1.1258513156e-04 4.5516684606e-05 1.1791513563e+02 nan
-1.0921407504e-04 4.5483837196e-05 1.1802103339e+02 nan
-1.0583556958e-04 4.5453993315e-05 1.1812399069e+02 nan
-1.0245911147e-04 4.5425439435e-05 1.1822716857e+02 nan
-9.9079487375e-05 4.5399764331e-05 1.1832696991e+02 nan
-9.8574305428e-05 4.8819262872e-05 1.1147157221e+02 nan
-9.5248511122e-05 4.8793155183e-05 1.1158107466e+02 nan
-9.1905916586e-05 4.8769952654e-05 1.1168603983e+02 nan
-8.8558039270e-05 4.8749737772e-05 1.1178546462e+02 nan
-8.5207376335e-05 4.8732350307e-05 1.1187884237e+02 nan
-8.1854262390e-05 4.8717834358e-05 1.1196512854e+02 nan
-7.8498927398e-05 4.8706448523e-05 1.1204272334e+02 nan
-7.3536952853e-05 4.6988034291e-05 1.1550633486e+02 nan
-7.0155830303e-05 4.6985473533e-05 1.1555071826e+02 nan
-6.6773784762e-05 4.6985891860e-05 1.1558126116e+02 nan
-6.3391145496e-05 4.6989261780e-05 1.1559607557e+02 nan
-6.0008223057e-05 4.6997055212e-05 1.1559009489e+02 nan
-5.6626380527e-05 4.7007988784e-05 1.1556350257e+02 nan
-5.3246105885e-05 4.7023832088e-05 1.1551023916e+02 nan
-5.3359705787e-05 5.0447917995e-05 1.0887408608e+02 nan
-5.0020944512e-05 5.0468881452e-05 1.0880320267e+02 nan
-4.4904166515e-05 4.8789698313e-05 1.1192241870e+02 nan
-4.1548569856e-05 4.8821615174e-05 1.1176163817e+02 nan
-3.8195287404e-05 4.8858834402e-05 1.1155947247e+02 nan
-3.4844576771e-05 4.8901596230e-05 1.1131152599e+02 nan
-3.1497128213e-05 4.8950212132e-05 1.1101302655e+02 nan
-2.8153545707e-05 4.9005043615e-05 1.1065883787e+02 nan
-2.4814151247e-05 4.9066321315e-05 1.1024379010e+02 nan
-2.1479718173e-05 4.9134093315e-05 1.0976284858e+02 nan
-1.8150868798e-05 4.9209765430e-05 1.0920814921e+02 nan
-1.4828099591e-05 4.9292712678e-05 1.0857544954e+02 nan
-1.1512258603e-05 4.9383580490e-05 1.0785796770e+02 nan
-8.2041491409e-06 4.9482771659e-05 1.0704923292e+02 nan
-4.9043643405e-06 4.9590644177e-05 1.0614272327e+02 nan
2.2102297023e-05 5.2716278842e-05 9.0347540521e+01 nan
2.5248513901e-05 5.2934186823e-05 8.8200507475e+01 nan
2.8373673772e-05 5.3164926233e-05 8.5907703174e+01 nan
3.1477180425e-05 5.3408378106e-05 8.3482929599e+01 nan
3.4556540577e-05 5.3664888380e-05 8.0873666084e+01 nan
3.9816796785e-05 5.2200910850e-05 8.0427263313e+01 nan
4.2875380565e-05 5.2479122392e-05 7.8142797724e+01 nan
4.5950079739e-05 5.2777735324e-05 7.5670697133e+01 nan
4.9041129518e-05 5.3097087861e-05 7.3244341912e+01 nan
5.2149260498e-05 5.3438355219e-05 7.0884496046e+01 nan
5.2942297424e-05 5.5566599743e-05 6.6627699877e+01 nan
5.5275557218e-05 5.3801206381e-05 6.8578777669e+01 nan
5.6059274940e-05 5.5958711651e-05 6.4469604753e+01 nan
5.9195926424e-05 5.6373404415e-05 6.2365081821e+01 nan
6.2352664544e-05 5.6811315189e-05 6.0313165195e+01 nan
6.5530499588e-05 5.7272727285e-05 5.8311930162e+01 nan
7.1214197866e-05 5.5953870419e-05 5.7916491022e+01 nan
7.4470986983e-05 5.6454365816e-05 5.5945270228e+01 nan
7.7753554245e-05 5.6978574800e-05 5.4024232521e+01 nan
7.8479974064e-05 5.9359166029e-05 5.0780818362e+01 nan
8.1062938889e-05 5.7527407336e-05 5.2151529848e+01 nan
8.1782744133e-05 5.9942532117e-05 4.9009359779e+01 nan
8.4400566283e-05 5.8100467902e-05 5.0326793906e+01 nan
8.5114218963e-05 6.0551062824e-05 4.7279775791e+01 nan
8.8475805815e-05 6.1184912847e-05 4.5590102520e+01 nan
9.1165447719e-05 5.9320390943e-05 4.6812872967e+01 nan
9.4595242017e-05 5.9967578067e-05 4.5120792608e+01 nan
9.8058483508e-05 6.0639444825e-05 4.3469200857e+01 nan
9.8754563269e-05 6.3240251566e-05 4.0743278441e+01 nan
1.0155620806e-04 6.1336627947e-05 4.1856172228e+01 nan
-3.1898275034e-05 5.2409643613e-05 1.0454369572e+02 nan
7.2656798384e-06 5.3667100224e-05 9.5086930061e+01 nan
1.0225006505e-04 6.3976933073e-05 3.9199199087e+01 nan
-7.3389767707e-05 5.0412995564e-05 1.0881519464e+02 nan
1.0578242371e-04 6.4739387492e-05 3.7689499860e+01 nan
1.0866086436e-04 6.2805492845e-05 3.8744347562e+01 nan
4.4513610134e-05 5.6599008480e-05 6.9043214429e+01 nan
1.1227034262e-04 6.3577204544e-05 3.7242891115e+01 nan
1.1296353496e-04 6.6341814166e-05 3.4772020420e+01 nan
1.1591961531e-04 6.4373663221e-05 3.5775926523e+01 nan
-1.1855982761e-04 4.9032230995e-05 1.1074362170e+02 nan
1.1661484838e-04 6.7181569876e-05 3.3356639135e+01 nan
1.1961001569e-04 6.5194642330e-05 3.4367843186e+01 nan
1.2030837549e-04 6.8046974844e-05 3.1969200352e+01 nan
1.2404721766e-04 6.8937506530e-05 3.0759527189e+01 nan
1.2711795179e-04 6.6909759732e-05 3.1353190762e+01 nan
1.2781250358e-04 6.9850224970e-05 2.8746898076e+01 nan
1.3088980323e-04 6.7795656598e-05 2.9381835185e+01 nan
1.3156181131e-04 7.0777330515e-05 2.6873457037e+01 nan
1.3464642375e-04 6.8694422451e-05 2.7583771393e+01 nan
1.3529510186e-04 7.1715891605e-05 2.5175951900e+01 nan
1.3902353190e-04 7.2668130715e-05 2.3715608395e+01 nan
1.4211850508e-04 7.0519845618e-05 2.4660590837e+01 nan
1.4583150719e-04 7.1438131946e-05 2.3545652821e+01 nan
1.1730136964e-04 7.0037450393e-05 3.1081788758e+01 nan
1.4640621487e-04 7.4563522113e-05 2.1631203508e+01 nan
1.4953218597e-04 7.2356630092e-05 2.2807330482e+01 nan
1.5006774255e-04 7.5512369752e-05 2.0873892225e+01 nan
1.5374183950e-04 7.6470508602e-05 1.9222813177e+01 nan
1.5691278675e-04 7.4195783824e-05 2.0342604708e+01 nan
1.3594365730e-04 7.4797396115e-05 2.2861493258e+01 nan
1.5745678164e-04 7.7464673662e-05 1.7183008477e+01 nan
1.6064648608e-04 7.5156888183e-05 1.8143122692e+01 nan
1.5638159855e-04 7.1016753202e-05 2.3429708715e+01 nan
1.3019584577e-04 6.4863912702e-05 3.1940322657e+01 nan
1.0438761501e-04 5.9420202168e-05 4.2993650246e+01 nan
2.3233286584e-05 4.9114480675e-05 9.7060465935e+01 nan
6.4007896182e-05 5.2808422039e-05 6.6001680419e+01 nan
4.5133831170e-05 5.0737902794e-05 8.0487978042e+01 nan
3.7323713571e-06 4.8149821657e-05 1.0668101052e+02 nan
1.6121163419e-04 7.8494222825e-05 1.5512654338e+01 nan
1.6441910077e-04 7.6154162269e-05 1.6310131038e+01 nan
1.6500606835e-04 7.9557394443e-05 1.4032469215e+01 nan
1.6823073885e-04 7.7186138099e-05 1.4674380384e+01 nan
-7.8719781260e-05 4.5302056551e-05 1.1882773825e+02 nan
1.5427746120e-04 7.9755580622e-05 1.6348245417e+01 nan
1.7208120453e-04 7.8251026771e-05 1.3287283226e+01 nan
1.7271224576e-04 8.1774952605e-05 1.1749435789e+01 nan
1.7597020455e-04 7.9346079309e-05 1.2131838391e+01 nan
1.7532733255e-04 7.5831765100e-05 1.3875160136e+01 nan
1.7923107113e-04 7.6897895366e-05 1.2575999271e+01 nan
1.8249509391e-04 7.4432162482e-05 1.3098200448e+01 nan
1.8317238595e-04 7.7992868878e-05 1.1529549856e+01 nan
1.8644942627e-04 7.5499246225e-05 1.1904136226e+01 nan
1.8576265780e-04 7.1950774297e-05 1.3721025518e+01 nan
1.8972799182e-04 7.2988688898e-05 1.2346496292e+01 nan
1.9044071275e-04 7.6593457809e-05 1.0974238874e+01 nan
1.9373065565e-04 7.4056572862e-05 1.1273048547e+01 nan
1.9446767478e-04 7.7710101175e-05 1.0280350286e+01 nan
1.9776945117e-04 7.5149649748e-05 1.0456859074e+01 nan
1.8903431553e-04 6.9455775000e-05 1.4473485179e+01 nan
-1.3702829718e-04 4.2390689227e-05 1.2441232671e+02 nan
1.9852860825e-04 7.8844066652e-05 9.8314048567e+00 nan
2.0184287814e-04 7.6262163428e-05 9.9974305658e+00 nan
2.0260381516e-04 7.9979233788e-05 9.6934029091e+00 nan
2.0592624952e-04 7.7372644887e-05 9.9142029868e+00 nan
2.0666869455e-04 8.1095573412e-05 9.7840076951e+00 nan
2.0999942556e-04 7.8464999749e-05 9.9996669589e+00 nan
2.0924547307e-04 7.4748745141e-05 1.0134135633e+01 nan
2.1332665553e-04 7.5817710010e-05 1.0218419613e+01 nan
2.1256164352e-04 7.2108111177e-05 1.0351829200e+01 nan
2.1739903917e-04 7.6868687545e-05 1.0366888528e+01 nan
2.2073052245e-04 7.4182325878e-05 1.0596009206e+01 nan
2.1997128430e-04 7.0474690647e-05 1.0668442184e+01 nan
2.2405928189e-04 7.1480632625e-05 1.0829841463e+01 nan
2.2480292509e-04 7.5192576569e-05 1.0803232833e+01 nan
2.2813942304e-04 7.2468695753e-05 1.1040793956e+01 nan
2.0333393679e-04 8.3708995020e-05 9.5732179824e+00 nan
2.2886790130e-04 7.6184595841e-05 1.1052748446e+01 nan
2.3221213535e-04 7.3438714543e-05 1.1290172029e+01 nan
2.3147286216e-04 6.9730187303e-05 1.1284848194e+01 nan
2.3555315830e-04 7.0678286443e-05 1.1534098101e+01 nan
2.3627779092e-04 7.4390775976e-05 1.1571289446e+01 nan
2.3962618973e-04 7.1608504465e-05 1.1814903463e+01 nan
2.3480241438e-04 6.6977123945e-05 1.1534923558e+01 nan
2.4033657869e-04 7.5324882232e-05 1.1875923824e+01 nan
2.4369218647e-04 7.2520652658e-05 1.2118350169e+01 nan
2.4438852756e-04 7.6241295824e-05 1.2197518821e+01 nan
2.4775095062e-04 7.3415474072e-05 1.2438758620e+01 nan
1.6945702965e-04 8.4182826912e-05 1.1416274565e+01 nan
-1.6887133377e-04 4.6519105541e-05 1.1539759617e+02 nan
-1.9092565518e-04 3.8285660277e-05 1.3438014898e+02 nan
2.5180245327e-04 7.4293153837e-05 1.2769911175e+01 nan
2.4506130416e-04 7.9972404092e-05 1.2300587373e+01 nan
2.5111019843e-04 7.0574513521e-05 1.2689684849e+01 nan
2.5516814453e-04 7.1430489548e-05 1.3020928914e+01 nan
2.5446654983e-04 6.7718223537e-05 1.2950141688e+01 nan
2.5853085572e-04 6.8552214381e-05 1.3282586266e+01 nan
2.5782023164e-04 6.4846419059e-05 1.3219953118e+01 nan
2.6189076070e-04 6.5658061978e-05 1.3554626092e+01 nan
2.6595249734e-04 6.6453142198e-05 1.3895429400e+01 nan
2.6663397966e-04 7.0171172038e-05 1.3961622281e+01 nan
2.7000486857e-04 6.7232339111e-05 1.4238621855e+01 nan
2.6117137537e-04 6.1958861734e-05 1.3498928373e+01 nan
2.7067178582e-04 7.0957567834e-05 1.4300529364e+01 nan
2.7404728416e-04 6.7996473441e-05 1.4580861712e+01 nan
2.7469962958e-04 7.1729695729e-05 1.4634803836e+01 nan
2.7807904313e-04 6.8746453898e-05 1.4919376105e+01 nan
2.7741987491e-04 6.5017852857e-05 1.4873791795e+01 nan
2.8145561936e-04 6.5745104798e-05 1.5217545089e+01 nan
2.8078974300e-04 6.2021186472e-05 1.5178794356e+01 nan
2.8482943808e-04 6.2725167971e-05 1.5528873675e+01 nan
2.8548017463e-04 6.6459505961e-05 1.5556613260e+01 nan
2.8885661641e-04 6.3416272242e-05 1.5875800530e+01 nan
2.8820047442e-04 5.9686083683e-05 1.5852895681e+01 nan
2.9223069697e-04 6.0353328914e-05 1.6209305056e+01 nan
2.9286990086e-04 6.4095781531e-05 1.6217947626e+01 nan
2.9624650633e-04 6.1009053503e-05 1.6563181630e+01 nan
2.9156871913e-04 5.6627229872e-05 1.6189169352e+01 nan
2.9686854197e-04 6.4765130238e-05 1.6553679016e+01 nan
3.0024678078e-04 6.1654677201e-05 1.6912968155e+01 nan
3.0085140341e-04 6.5425748727e-05 1.6881106345e+01 nan
3.0423036325e-04 6.2291737272e-05 1.7256706492e+01 nan
-1.8414976928e-04 4.5210374955e-05 1.1796441553e+02 nan
3.0819600209e-04 6.2922036040e-05 1.7591923632e+01 nan
3.0143572931e-04 6.9214029959e-05 1.6828062874e+01 nan
3.0760652311e-04 5.9134939536e-05 1.7654659164e+01 nan
3.1157193765e-04 5.9740743441e-05 1.8011494889e+01 nan
3.1097990799e-04 5.5954208412e-05 1.8076429877e+01 nan
3.1494513613e-04 5.6534499381e-05 1.8458603359e+01 nan
3.1435056175e-04 5.2748512604e-05 1.8523735108e+01 nan
3.1831569652e-04 5.3301932772e-05 1.8935370968e+01 nan
3.1771841665e-04 4.9516602679e-05 1.8998421274e+01 nan
3.2168342172e-04 5.0041749624e-05 1.9443908349e+01 nan
2.7131712053e-04 7.4695479647e-05 1.4364212652e+01 nan
3.0538456521e-04 6.9885028301e-05 1.7114703073e+01 nan
3.0200128197e-04 7.3018949071e-05 1.6752974382e+01 nan
3.1888895660e-04 5.7110425988e-05 1.8832774817e+01 nan
3.2108325827e-04 4.6257085841e-05 1.9502207784e+01 nan
3.2504803136e-04 4.6752398748e-05 1.9986016551e+01 nan
3.1709479810e-04 4.5754719121e-05 1.9021939709e+01 nan
7.2689598480e-05 6.0614558524e-05 5.1211744996e+01 nan
3.5428661853e-05 5.5666146706e-05 7.6230020222e+01 nan
1.6820653582e-05 5.4215142350e-05 9.0146214764e+01 nan
-2.4093072188e-06 5.3224307672e-05 9.8802565066e+01 nan
-1.0855797944e-04 4.8917754413e-05 1.1111339902e+02 nan
-2.2012325693e-05 5.2607174315e-05 1.0334210408e+02 nan
-4.1817550284e-05 5.2272329831e-05 1.0524916571e+02 nan
-2.3127288080e-04 3.4538697896e-05 1.4253859740e+02 nan
2.0738122966e-04 8.4830478850e-05 9.7026611528e+00 nan
2.0403292209e-04 8.7450726537e-05 9.4906607438e+00 nan
2.0806366288e-04 8.8576555969e-05 9.6998603785e+00 nan
2.0470142123e-04 9.1203380745e-05 9.4952446581e+00 nan
2.0871645965e-04 9.2332722593e-05 9.7645440018e+00 nan
2.0533923815e-04 9.4966047254e-05 9.5716156320e+00 nan
2.0933981373e-04 9.6098099893e-05 9.8983604882e+00 nan
2.0594673318e-04 9.8737651069e-05 9.7234009552e+00 nan
2.0993412093e-04 9.9871606936e-05 1.0096029643e+01 nan
2.1050009802e-04 1.0365206212e-04 1.0351540364e+01 nan
2.0707332453e-04 1.0630275923e-04 1.0227636961e+01 nan
2.1103851973e-04 1.0743822465e-04 1.0656700459e+01 nan
2.0759348505e-04 1.1009367785e-04 1.0563590473e+01 nan
2.0363662566e-04 1.0893513190e-04 1.0116342833e+01 nan
2.0413726553e-04 1.1273061272e-04 1.0485776544e+01 nan
2.0018906880e-04 1.1154842867e-04 1.0018616342e+01 nan
2.1155060783e-04 1.1122877617e-04 1.1002450699e+01 nan
2.0066883570e-04 1.1534829099e-04 1.0424405016e+01 nan
1.9672958466e-04 1.1414183322e-04 9.9356499213e+00 nan
1.9718705824e-04 1.1794582840e-04 1.0380841581e+01 nan
1.9325586370e-04 1.1671438018e-04 9.8687637176e+00 nan
1.9369046506e-04 1.2052222248e-04 1.0356676050e+01 nan
1.8976859741e-04 1.1926545507e-04 9.8199582015e+00 nan
2.1500309357e-04 1.0855124330e-04 1.1079548842e+01 nan
2.1550838346e-04 1.1234128611e-04 1.1424790284e+01 nan
2.1896736751e-04 1.0964274194e-04 1.1488378650e+01 nan
2.1946693671e-04 1.1343229192e-04 1.1824794424e+01 nan
2.2293160843e-04 1.1071345790e-04 1.1877479760e+01 nan
1.9017799010e-04 1.2307643070e-04 1.0353847770e+01 nan
1.8626769234e-04 1.2179257590e-04 9.7913922358e+00 nan
1.9761572599e-04 1.2175093802e-04 1.0874162259e+01 nan
2.2342640573e-04 1.1450276984e-04 1.2198398613e+01 nan
2.2689581489e-04 1.1176448360e-04 1.2242757257e+01 nan
1.8664844172e-04 1.2560693968e-04 1.0374543800e+01 nan
1.8274802978e-04 1.2429551901e-04 9.7854399662e+00 nan
1.8236020201e-04 1.2047833041e-04 9.2221860045e+00 nan
1.7885342717e-04 1.2295138997e-04 9.1883811415e+00 nan
1.7920950427e-04 1.2677230336e-04 9.8050762781e+00 nan
1.7532763452e-04 1.2539569965e-04 9.1807075214e+00 nan
1.7496382472e-04 1.2157315878e-04 8.6092823540e+00 nan
1.7145105508e-04 1.2398495692e-04 8.5760914700e+00 nan
1.7107702023e-04 1.2016059310e-04 8.0757986074e+00 nan
1.6757751407e-04 1.2254002649e-04 8.0285760064e+00 nan
1.6719090894e-04 1.1871350615e-04 7.6444986252e+00 nan
1.6330053098e-04 1.1723132506e-04 7.3769556082e+00 nan
1.5983626926e-04 1.1953744581e-04 7.2807132603e+00 nan
1.6020226497e-04 1.2336844095e-04 7.5702287206e+00 nan
1.5635435497e-04 1.2181398761e-04 7.1334163551e+00 nan
1.5599271490e-04 1.1800079978e-04 7.0479442389e+00 nan
1.5254678608e-04 1.2024527160e-04 6.8701797863e+00 nan
1.5219163417e-04 1.1645778915e-04 6.9674510960e+00 nan
1.4878189982e-04 1.1866888461e-04 6.7377130068e+00 nan
1.4843317487e-04 1.1491531400e-04 7.0579556524e+00 nan
1.4506064872e-04 1.1709217364e-04 6.7808002202e+00 nan
1.4471889852e-04 1.1337949565e-04 7.2816344660e+00 nan
1.4138428979e-04 1.1552252337e-04 6.9809384445e+00 nan
1.4168416221e-04 1.1923251619e-04 6.4966735985e+00 nan
1.3804871139e-04 1.1762773611e-04 6.6679140673e+00 nan
1.3775406848e-04 1.1396688435e-04 7.3084893535e+00 nan
1.3446028518e-04 1.1603763903e-04 6.9862427007e+00 nan
1.3417044557e-04 1.1243155724e-04 7.7331393759e+00 nan
1.3091954985e-04 1.1446853877e-04 7.4144874893e+00 nan
1.3063468914e-04 1.1091946589e-04 8.2306360485e+00 nan
1.2742707785e-04 1.1292496251e-04 7.9376257577e+00 nan
1.2714593009e-04 1.0943596805e-04 8.7713684085e+00 nan
1.2398304501e-04 1.1141072456e-04 8.4553076557e+00 nan
1.2370564826e-04 1.0797772570e-04 9.5624041333e+00 nan
1.2082782694e-04 1.1334557043e-04 8.3069299791e+00 nan
1.1747084973e-04 1.1183201246e-04 8.9580443205e+00 nan
1.1720238523e-04 1.0846458642e-04 1.0727145663e+01 nan
1.1377907897e-04 1.0699531419e-04 1.2833606082e+01 nan
1.1068191694e-04 1.0880696361e-04 1.3537702842e+01 nan
1.1030670924e-04 1.0552471656e-04 1.5407161718e+01 nan
1.0723197928e-04 1.0729853781e-04 1.5003552124e+01 nan
1.0684887126e-04 1.0407644865e-04 1.5936351495e+01 nan
1.0049574648e-04 1.0441367516e-04 1.6492649085e+01 nan
1.0010107915e-04 1.0131458571e-04 1.7523699736e+01 nan
9.3970612572e-05 1.0171028129e-04 1.8080316918e+01 nan
9.4348958902e-05 1.0472510989e-04 1.7053454833e+01 nan
9.1172628988e-05 1.0338464862e-04 1.7855422358e+01 nan
9.0780427499e-05 1.0042763178e-04 1.8892902172e+01 nan
8.8042614407e-05 1.0209261129e-04 1.8670764232e+01 nan
8.4955590044e-05 1.0084882157e-04 1.9499530259e+01 nan
8.4529838444e-05 9.8000375043e-05 2.0558763353e+01 nan
8.1908163560e-05 9.9652856046e-05 2.0342166721e+01 nan
8.1463266954e-05 9.6854930171e-05 2.1415008298e+01 nan
7.8431600654e-05 9.5754386980e-05 2.2290837838e+01 nan
7.2970571525e-05 9.6344499285e-05 2.2971032215e+01 nan
7.2461667382e-05 9.3684588987e-05 2.4119796839e+01 nan
7.0551342476e-05 9.7965656703e-05 2.2785915998e+01 nan
6.7678851458e-05 9.6955080163e-05 2.3708857250e+01 nan
6.7151640529e-05 9.4361866362e-05 2.4839046171e+01 nan
6.4275851847e-05 9.3433780790e-05 2.5817348476e+01 nan
5.9181915664e-05 9.4180217415e-05 2.6641600914e+01 nan
5.6382421084e-05 9.3336021498e-05 2.7680350111e+01 nan
5.5756308950e-05 9.0887235410e-05 2.8952263394e+01 nan
5.3596348578e-05 9.2529771589e-05 2.8751007170e+01 nan
5.2946220766e-05 9.0113268913e-05 3.0070116227e+01 nan
5.0148394193e-05 8.9374614803e-05 3.1222466528e+01 nan
4.5303088444e-05 9.0325356472e-05 3.2198227071e+01 nan
4.2556540101e-05 8.9657615767e-05 3.3448741814e+01 nan
4.1816187613e-05 8.7358474205e-05 3.4900029313e+01 nan
3.9818263223e-05 8.9021108777e-05 3.4595838057e+01 nan
3.9056302068e-05 8.6749206155e-05 3.6081146433e+01 nan
3.5110382693e-05 9.0087011308e-05 3.6756736842e+01 nan
3.2360686786e-05 8.9535429628e-05 3.8452101382e+01 nan
3.1564642551e-05 8.7318731955e-05 4.0191176236e+01 nan
2.8783608121e-05 8.6821587073e-05 4.2038633245e+01 nan
2.5988313754e-05 8.6356374568e-05 4.3779542383e+01 nan
2.0357135420e-05 8.5514986198e-05 4.6922336731e+01 nan
1.7522484463e-05 8.5135510711e-05 4.8315295946e+01 nan
1.4675920190e-05 8.4781630987e-05 4.9590419803e+01 nan
9.9053660048e-06 8.6230575939e-05 4.9312130491e+01 nan
7.0486982922e-06 8.5932501781e-05 5.0223418300e+01 nan
4.1827630211e-06 8.5655561737e-05 5.1043034287e+01 nan
3.1831534963e-06 8.3594771727e-05 5.3600222290e+01 nan
2.8635115604e-07 8.3349136566e-05 5.4358806627e+01 nan
-2.6187941334e-06 8.3121937400e-05 5.5032321358e+01 nan
-8.4518196477e-06 8.2718298251e-05 5.6150701612e+01 nan
-1.1378726870e-05 8.2540264574e-05 5.6607846565e+01 nan
-1.4311887736e-05 8.2376828879e-05 5.7005129287e+01 nan
-1.7250824688e-05 8.2227107641e-05 5.7348337902e+01 nan
-2.0195157182e-05 8.2090735554e-05 5.7642311925e+01 nan
-2.4876315312e-05 8.3825392714e-05 5.5430621350e+01 nan
-2.9056034867e-05 8.1753367441e-05 5.8279094134e+01 nan
-3.2017644176e-05 8.1662920267e-05 5.8423750537e+01 nan
-3.4982589800e-05 8.1582334462e-05 5.8541180108e+01 nan
-3.7950552997e-05 8.1511612945e-05 5.8633948417e+01 nan
-4.2543026700e-05 8.3334030523e-05 5.6102244761e+01 nan
-4.5496894413e-05 8.3284689216e-05 5.6145317824e+01 nan
-4.8452564427e-05 8.3243582357e-05 5.6174926581e+01 nan
-5.2823028776e-05 8.1285602949e-05 5.8827832569e+01 nan
-5.7327181109e-05 8.3165937102e-05 5.6199976729e+01 nan
-6.0286878778e-05 8.3154323497e-05 5.6191433997e+01 nan
-6.3246807907e-05 8.3149361509e-05 5.6176227619e+01 nan
-6.6206661469e-05 8.3150936598e-05 5.6154974006e+01 nan
-7.0698812335e-05 8.1253090934e-05 5.8701980865e+01 nan
-7.3676695795e-05 8.1269396835e-05 5.8658663579e+01 nan
-7.8039257564e-05 8.3218192348e-05 5.6020430923e+01 nan
-8.0994160621e-05 8.3249652954e-05 5.5975548054e+01 nan
-8.3947885889e-05 8.3286330234e-05 5.5926835509e+01 nan
-8.8542461154e-05 8.1435130999e-05 5.8370722183e+01 nan
-9.1508455560e-05 8.1484265060e-05 5.8299268956e+01 nan
-9.4471477165e-05 8.1539141181e-05 5.8222056737e+01 nan
-9.8673029399e-05 8.3553536453e-05 5.5608469439e+01 nan
-1.0333910863e-04 8.1734776818e-05 5.7956428396e+01 nan
-1.0628681090e-04 8.1810179934e-05 5.7855150648e+01 nan
-1.7857766355e-05 8.6075806787e-05 5.2332875551e+01 nan
-2.9504800697e-05 8.5593899870e-05 5.3102475884e+01 nan
-6.2924828718e-06 8.6771116154e-05 5.0913079228e+01 nan
-1.0922975640e-04 8.1891555456e-05 5.7745471265e+01 nan
-1.1216774883e-04 8.1978104762e-05 5.7627822939e+01 nan
1.6484212463e-05 8.9023291871e-05 4.4864064074e+01 nan
-5.2952555897e-05 8.5118335789e-05 5.3598455455e+01 nan
-1.1510041757e-04 8.2070139860e-05 5.7501176566e+01 nan
2.7635709140e-05 9.0727162881e-05 3.9772886457e+01 nan
4.8737043206e-05 9.3391749862e-05 2.9778580420e+01 nan
-1.2094842182e-04 8.2271078923e-05 5.7217694504e+01 nan
5.9759290286e-05 9.6673755262e-05 2.5524980067e+01 nan
-1.2386315562e-04 8.2379787151e-05 5.7059696354e+01 nan
-8.8205536939e-05 8.5280979898e-05 5.3363647391e+01 nan
-1.2677110932e-04 8.2494848623e-05 5.6888803316e+01 nan
-1.2967208482e-04 8.2616097453e-05 5.6704468619e+01 nan
-1.3256551134e-04 8.2743727962e-05 5.6505681183e+01 nan
-1.3639911009e-04 7.8998065766e-05 6.1214435038e+01 nan
-1.4221759439e-04 7.9272322988e-05 6.0710101702e+01 nan
-1.4511329729e-04 7.9419567158e-05 6.0431233971e+01 nan
-1.0211807295e-04 7.9785617805e-05 6.0531732795e+01 nan
-9.9897383965e-05 8.5521770116e-05 5.3137089976e+01 nan
-1.4799935237e-04 7.9574007531e-05 6.0132819617e+01 nan
-1.4888099336e-04 8.1606047667e-05 5.7509427036e+01 nan
-1.5087538522e-04 7.9735778606e-05 5.9813795816e+01 nan
-1.5577050093e-04 7.8042336970e-05 6.1816416280e+01 nan
-6.6255967447e-05 7.9339569923e-05 6.1395507302e+01 nan
-1.1152949441e-04 8.5851843905e-05 5.2801228360e+01 nan
-1.5863732770e-04 7.8219630651e-05 6.1435408868e+01 nan
-1.5493213170e-04 7.6018120291e-05 6.4589992096e+01 nan
-8.7222434318e-05 7.9506727696e-05 6.0981806444e+01 nan
-1.6149249367e-04 7.8405304187e-05 6.1029087053e+01 nan
-4.8261852888e-05 7.9432702391e-05 6.1469396541e+01 nan
-1.6433551514e-04 7.8599868417e-05 6.0595833258e+01 nan
-1.2307900680e-04 8.6274632145e-05 5.2311472140e+01 nan
-1.6853569791e-04 7.4892030826e-05 6.5361153920e+01 nan
-1.7138815123e-04 7.5094960108e-05 6.4863385165e+01 nan
-1.7705074378e-04 7.5530749790e-05 6.3770718090e+01 nan
-1.7985988954e-04 7.5764577611e-05 6.3172477677e+01 nan
1.3471394435e-04 1.1969107625e-04 6.3490993384e+00 nan
4.6648846092e-05 8.6326885315e-05 3.4009363281e+01 nan
-1.8049127740e-04 7.7861482724e-05 6.0224787898e+01 nan
-1.8265362081e-04 7.6009702954e-05 6.2537391763e+01 nan
-1.8424225925e-04 7.2080214004e-05 6.8039558914e+01 nan
-1.8705439583e-04 7.2325043358e-05 6.7359656845e+01 nan
-1.8762764919e-04 7.4421311871e-05 6.4217268042e+01 nan
-1.8984950120e-04 7.2582120122e-05 6.6638089927e+01 nan
-1.9488324364e-04 7.1019200374e-05 6.8337783664e+01 nan
-1.9764997957e-04 7.1303041616e-05 6.7499695940e+01 nan
-2.0039740172e-04 7.1601341303e-05 6.6612379157e+01 nan
-2.0225915196e-04 6.7656275425e-05 7.2592353369e+01 nan
-2.0502029090e-04 6.7955798992e-05 7.1645018431e+01 nan
-2.0775998790e-04 6.8271206979e-05 7.0642264469e+01 nan
7.7935034624e-05 9.3025483632e-05 2.3453125558e+01 nan
-2.1047760890e-04 6.8603327342e-05 6.9582189198e+01 nan
-2.1554207649e-04 6.7143400040e-05 7.0986525741e+01 nan
-2.1523663433e-04 6.4986645526e-05 7.4781140298e+01 nan
-2.1821729593e-04 6.7513837553e-05 6.9766649845e+01 nan
-2.2305113859e-04 6.3918056952e-05 7.4954764240e+01 nan
1.5667568139e-04 1.2564192614e-04 7.6408837939e+00 nan
-2.2570690475e-04 6.4314401833e-05 7.3579846378e+01 nan
-2.2833532161e-04 6.4732970486e-05 7.2133786144e+01 nan
2.2738670657e-04 1.1555387593e-04 1.2542857197e+01 nan
2.3085987612e-04 1.1279687798e-04 1.2581331278e+01 nan
2.2390178722e-04 1.1829401330e-04 1.2524661109e+01 nan
-2.3340200691e-04 6.3398710211e-05 7.3155839649e+01 nan
-2.3329769538e-04 6.1178516962e-05 7.7391936997e+01 nan
3.5872694001e-05 9.2335967196e-05 3.5283014790e+01 nan
1.1768334862e-04 1.1523498116e-04 7.8849036946e+00 nan
-7.8246519709e-05 7.9402031812e-05 6.1190273900e+01 nan
-2.2322611913e-04 4.1574988071e-05 1.2393875151e+02 nan
-5.7256847257e-05 7.9355798654e-05 6.1478073600e+01 nan
-3.9279841645e-05 7.9578405241e-05 6.1324467987e+01 nan
7.3728726999e-05 5.4142679161e-05 5.9533423309e+01 nan
1.4523136804e-04 6.8359434613e-05 2.5676849116e+01 nan
9.3886183841e-05 5.7444726286e-05 4.8069096135e+01 nan
3.5872920453e-05 4.9972120239e-05 8.8213110396e+01 nan
-2.1392942392e-05 8.0120491582e-05 6.0338254612e+01 nan
1.3550194062e-05 4.8585628240e-05 1.0244039276e+02 nan
1.3745329575e-05 8.2683694539e-05 5.2056704276e+01 nan
9.9671465246e-05 9.8251765027e-05 1.8564955786e+01 nan
-8.8912236062e-05 4.5339947576e-05 1.1860107826e+02 nan
1.3031860854e-04 1.0742649956e-04 9.1364990812e+00 nan
-1.7899283651e-04 8.1840129165e-05 5.5184143013e+01 nan
3.0593388816e-04 7.3707723912e-05 1.7006614682e+01 nan
3.0254963140e-04 7.6839873277e-05 1.6655325774e+01 nan
-2.3597310879e-04 6.3870694423e-05 7.1500947468e+01 nan
-2.3842659875e-04 5.9869615746e-05 7.8395806097e+01 nan
1.7563749239e-04 1.2921731795e-04 9.8512695518e+00 nan
2.3134751890e-04 1.1658676380e-04 1.2856391512e+01 nan
2.3482358868e-04 1.1381164029e-04 1.2891235074e+01 nan
3.2045526150e-04 4.2497370558e-05 1.9515610147e+01 nan
3.1644308527e-04 4.2016224024e-05 1.9007399956e+01 nan
-2.4353208650e-04 6.0866849352e-05 7.4706060227e+01 nan
1.9278854886e-04 1.1290846540e-04 9.4459044056e+00 nan
1.4804982142e-04 1.1120127856e-04 7.5660463398e+00 nan
-2.4614380851e-04 5.6872401787e-05 8.1845794640e+01 nan
-2.5116923908e-04 5.7963494427e-05 7.7618818002e+01 nan
2.3530849458e-04 1.1760261452e-04 1.3137949915e+01 nan
2.3878648388e-04 1.1481016002e-04 1.3171201006e+01 nan
3.0646716746e-04 7.7546709225e-05 1.6873824434e+01 nan
3.0308255150e-04 8.0675967987e-05 1.6534897936e+01 nan
3.1979767016e-04 3.8762322237e-05 1.9485765426e+01 nan
3.1576218625e-04 3.8300724158e-05 1.8958283744e+01 nan
-2.5105010934e-04 6.0266139364e-05 7.3003648491e+01 nan
-2.5378352823e-04 5.6256819294e-05 8.0088812305e+01 nan
-2.5623516277e-04 5.6864245115e-05 7.7740135110e+01 nan
1.7334922570e-04 8.5356958717e-05 1.0659326111e+01 nan
2.3926922215e-04 1.1860269258e-04 1.3387011724e+01 nan
2.4274819388e-04 1.1579351664e-04 1.3420460412e+01 nan
2.4225401845e-04 1.1200111876e-04 1.3224520656e+01 nan
2.4621686235e-04 1.1296770718e-04 1.3474074145e+01 nan
-2.6128000881e-04 5.5840367757e-05 7.7564061309e+01 nan
2.3577889490e-04 1.2139497497e-04 1.3374330452e+01 nan
2.4909322139e-04 8.0875829433e-05 1.2639751529e+01 nan
1.7065562902e-04 1.1633799096e-04 7.7512577734e+00 nan
2.5708588573e-04 6.1152723112e-05 1.3172151779e+01 nan
2.6042817445e-04 5.8272148208e-05 1.3455677283e+01 nan
2.5632747429e-04 5.7471182651e-05 1.3137431671e+01 nan
2.5966077365e-04 5.4597960827e-05 1.3424382214e+01 nan
2.5554486602e-04 5.3801830951e-05 1.3123700323e+01 nan
2.5886894839e-04 5.0936291476e-05 1.3397901326e+01 nan
2.5473790721e-04 5.0144506762e-05 1.3112508511e+01 nan
2.5805272022e-04 4.7286846335e-05 1.3462353966e+01 nan
2.5390626835e-04 4.6498856171e-05 1.3044036105e+01 nan
2.5721240240e-04 4.3649447519e-05 1.3152051974e+01 nan
2.5304856994e-04 4.2864282169e-05 1.3887964889e+01 nan
2.5635512157e-04 4.0039080669e-05 1.6311226202e+01 nan
2.5225578033e-04 3.9392233802e-05 2.2480550932e+01 nan
2.6051558219e-04 4.0778036499e-05 1.3315613339e+01 nan
2.5967313423e-04 3.7230349859e-05 1.9539717099e+01 nan
2.6380850036e-04 3.7900237889e-05 1.4407491190e+01 nan
2.4892602816e-04 4.2134124718e-05 1.8700633879e+01 nan
2.4820862046e-04 3.8844819460e-05 3.0006208145e+01 nan
2.4485549460e-04 4.1501040517e-05 2.5048402605e+01 nan
2.4419982541e-04 3.8380113286e-05 3.6872434939e+01 nan
2.4082870328e-04 4.0955591295e-05 3.2011496887e+01 nan
2.4020692546e-04 3.7952160367e-05 3.9346457390e+01 nan
2.3682968608e-04 4.0473641302e-05 3.7303945730e+01 nan
2.3620667568e-04 3.7514943626e-05 3.8602032256e+01 nan
2.3220068071e-04 3.7055546565e-05 3.8075883819e+01 nan
2.2884296940e-04 3.9530691112e-05 3.7488529588e+01 nan
2.2484603557e-04 3.9032965518e-05 3.7375243170e+01 nan
2.2419154384e-04 3.6090275899e-05 3.8299563168e+01 nan
2.2085579482e-04 3.8523278647e-05 3.7580698979e+01 nan
2.2019960265e-04 3.5593544604e-05 3.8747038112e+01 nan
2.1687483744e-04 3.8005301535e-05 3.7931992719e+01 nan
2.1621765988e-04 3.5090166286e-05 3.9315274061e+01 nan
2.1290219081e-04 3.7481473321e-05 3.8459169309e+01 nan
2.1224663148e-04 3.4583940058e-05 4.0077238362e+01 nan
2.0894007015e-04 3.6953299784e-05 3.9095315477e+01 nan
2.0828593345e-04 3.4075656072e-05 4.1007202418e+01 nan
2.0433535206e-04 3.3567411460e-05 4.2045742528e+01 nan
2.0104623137e-04 3.5892764372e-05 4.0878974572e+01 nan
1.9711283496e-04 3.5363468852e-05 4.1961639598e+01 nan
1.9646042590e-04 3.2555507181e-05 4.4470683361e+01 nan
1.9318732341e-04 3.4836634387e-05 4.3177069851e+01 nan
1.9253484635e-04 3.2054872638e-05 4.5916736078e+01 nan
1.8926911501e-04 3.4313665375e-05 4.4523234665e+01 nan
1.8861571399e-04 3.1559112659e-05 4.7490946240e+01 nan
1.8535606473e-04 3.3795619772e-05 4.5985396186e+01 nan
1.8470135313e-04 3.1069267683e-05 4.9200198425e+01 nan
1.8079090234e-04 3.0586156157e-05 5.1035499141e+01 nan
1.7688281436e-04 3.0110619684e-05 5.2997373422e+01 nan
1.7364196154e-04 3.2279277990e-05 5.1177937087e+01 nan
1.6974119936e-04 3.1789547533e-05 5.3198850177e+01 nan
1.6583954173e-04 3.1309429940e-05 5.5370860837e+01 nan
1.6516169231e-04 2.8737577987e-05 5.9732503371e+01 nan
1.6193659946e-04 3.0839674956e-05 5.7689778627e+01 nan
1.6125258716e-04 2.8300449819e-05 6.2288274598e+01 nan
1.5803165127e-04 3.0381094789e-05 6.0159477237e+01 nan
1.5734121500e-04 2.7875010826e-05 6.5020529902e+01 nan
1.5342669914e-04 2.7462171090e-05 6.7943728579e+01 nan
1.4950878069e-04 2.7062817769e-05 7.1049243277e+01 nan
1.4558746768e-04 2.6677431324e-05 7.4412537496e+01 nan
1.4166171890e-04 2.6308493798e-05 7.8150221376e+01 nan
1.3845828103e-04 2.8286453123e-05 7.5191167411e+01 nan
1.3456399804e-04 2.7914646626e-05 7.8585412822e+01 nan
1.3070046900e-04 2.7560259087e-05 8.2216031448e+01 nan
1.2686676973e-04 2.7224187853e-05 8.6104856647e+01 nan
1.2617270876e-04 2.5007166409e-05 9.4433323985e+01 nan
1.2306228073e-04 2.6906841221e-05 9.0218689485e+01 nan
1.2237193835e-04 2.4728042252e-05 9.9099411762e+01 nan
1.1928644000e-04 2.6608501629e-05 9.4554553990e+01 nan
1.1859849407e-04 2.4467741253e-05 1.0396575390e+02 nan
1.1485173127e-04 2.4226204565e-05 1.0899320206e+02 nan
1.1113123567e-04 2.4002596206e-05 1.1414400679e+02 nan
1.0743595365e-04 2.3797792826e-05 1.1935808279e+02 nan
1.0376562758e-04 2.3610098207e-05 1.2455901874e+02 nan
1.0011956157e-04 2.3438976323e-05 1.2967650712e+02 nan
9.6496952056e-05 2.3283701656e-05 1.3465361642e+02 nan
9.2897618449e-05 2.3143281812e-05 1.3941638022e+02 nan
8.9320640146e-05 2.3016827322e-05 1.4391614744e+02 nan
8.5765361546e-05 2.2903372731e-05 1.4809679887e+02 nan
8.2231571239e-05 2.2801993835e-05 1.5195977483e+02 nan
7.8718537290e-05 2.2711766327e-05 1.5540404572e+02 nan
7.2529407565e-05 2.4313972984e-05 1.5264092746e+02 nan
6.9081951673e-05 2.4232160365e-05 1.5354191700e+02 nan
6.5616266422e-05 2.4150412096e-05 1.5321099842e+02 nan
6.2135366817e-05 2.4068527529e-05 1.5342347535e+02 nan
5.8638128725e-05 2.3987213229e-05 1.5369886092e+02 nan
5.5124847936e-05 2.3906802938e-05 1.5413386915e+02 nan
5.1598219671e-05 2.3827032680e-05 1.5468168141e+02 nan
4.8057089014e-05 2.3748605227e-05 1.5532884542e+02 nan
4.4502441670e-05 2.3671687317e-05 1.5605503339e+02 nan
4.0934945814e-05 2.3596511499e-05 1.5684256042e+02 nan
1.0594433862e-05 2.1463410905e-05 1.6816737518e+02 nan
6.9107271093e-06 2.1417874737e-05 1.6883607700e+02 nan
3.2208648998e-06 2.1375074011e-05 1.6946292279e+02 nan
1.0178274051e-06 2.2937321809e-05 1.6565520245e+02 nan
-4.7478843262e-07 2.1335037772e-05 1.7004549502e+02 nan
-2.6561330375e-06 2.2895170121e-05 1.6625070514e+02 nan
-4.1753379378e-06 2.1297120906e-05 1.7058402520e+02 nan
-6.3358732590e-06 2.2855899062e-05 1.6679693855e+02 nan
-1.0020481027e-05 2.2819726982e-05 1.6729340368e+02 nan
-1.3710217975e-05 2.2786361279e-05 1.6774167089e+02 nan
-1.7402308215e-05 2.2755655052e-05 1.6814324904e+02 nan
-2.1098376631e-05 2.2727775397e-05 1.6849967049e+02 nan
-2.4797553080e-05 2.2702415085e-05 1.6881383241e+02 nan
-2.8500064122e-05 2.2679668070e-05 1.6908791791e+02 nan
-3.2204316556e-05 2.2658868932e-05 1.6932614040e+02 nan
-4.5103150781e-05 2.1047664785e-05 1.7377780769e+02 nan
-4.8833172768e-05 2.1036660180e-05 1.7388430844e+02 nan
-5.2561682009e-05 2.1029081511e-05 1.7396791260e+02 nan
-5.6294439671e-05 2.1021191678e-05 1.7404067863e+02 nan
-6.0030395914e-05 2.1014668210e-05 1.7410095211e+02 nan
-6.3764151266e-05 2.1009767691e-05 1.7415049758e+02 nan
-6.7496780234e-05 2.1006261264e-05 1.7419227331e+02 nan
-7.1228699273e-05 2.1003963866e-05 1.7422898599e+02 nan
-8.7848449649e-05 2.2561746067e-05 1.7049283143e+02 nan
-9.1553590251e-05 2.2565564054e-05 1.7052857798e+02 nan
-9.5257124317e-05 2.2570336226e-05 1.7057055725e+02 nan
-9.8958951908e-05 2.2576028793e-05 1.7062019308e+02 nan
-1.0265893013e-04 2.2582607524e-05 1.7067879752e+02 nan
-1.0476814358e-04 2.1028121431e-05 1.7466610785e+02 nan
-1.0635684620e-04 2.2590060443e-05 1.7074751884e+02 nan
-1.0848675923e-04 2.1035043652e-05 1.7475644821e+02 nan
-1.1220323800e-04 2.1042747209e-05 1.7485971664e+02 nan
-1.1591744929e-04 2.1051186350e-05 1.7497695326e+02 nan
-1.1962923945e-04 2.1060393359e-05 1.7510887881e+02 nan
-1.2333845307e-04 2.1070335313e-05 1.7525632952e+02 nan
-1.2704491865e-04 2.1081056052e-05 1.7541982107e+02 nan
-1.3074848810e-04 2.1092530144e-05 1.7560000676e+02 nan
1.5482787704e-04 3.2461286696e-05 5.8173943301e+01 nan
3.8511120981e-05 2.5210403343e-05 1.5251069956e+02 nan
2.4834037644e-06 2.4554793153e-05 1.6123876067e+02 nan
1.8210931410e-04 3.6028467034e-05 4.4570390060e+01 nan
-4.5242831276e-05 2.4169603431e-05 1.6605933335e+02 nan
1.7005209383e-05 2.4778480622e-05 1.5810860615e+02 nan
9.4314881830e-05 2.6993609757e-05 1.1777697722e+02 nan
1.1251191693e-04 2.8196387599e-05 9.4673179856e+01 nan
-6.3712516667e-05 2.4126701318e-05 1.6644714244e+02 nan
-8.5842612681e-05 2.4124496986e-05 1.6659802931e+02 nan
-1.1526456960e-04 2.4183658609e-05 1.6697962537e+02 nan
-1.7594269743e-04 2.2906545006e-05 1.7472203550e+02 nan
-1.2991450123e-04 2.4235994221e-05 1.6742477661e+02 nan
2.3555978282e-04 3.4568788457e-05 3.8776898708e+01 nan
2.0763058159e-04 3.1235446118e-05 4.3198149162e+01 nan
1.8013183774e-04 2.7939206457e-05 5.4892557673e+01 nan
3.4923321833e-05 2.0206598644e-05 1.6784220113e+02 nan
-2.0678204752e-05 1.9604781006e-05 1.7639900048e+02 nan
-3.9413607758e-05 1.9517031751e-05 1.7746954389e+02 nan
7.7945440134e-05 2.0955887294e-05 1.6509290539e+02 nan
6.3808784169e-05 2.0702747354e-05 1.6441232539e+02 nan
4.9457834743e-05 2.0447435319e-05 1.6539792616e+02 nan
-1.3304314848e-04 1.9539848370e-05 1.7982552900e+02 nan
1.6544668027e-05 1.9946424405e-05 1.7141371038e+02 nan
-1.5902048403e-04 1.9634179209e-05 1.8187385642e+02 nan
-7.3190111144e-05 1.9457522458e-05 1.7812681788e+02 nan
-8.8191945624e-05 1.9459915637e-05 1.7830187640e+02 nan
-1.0317374442e-04 1.9475382331e-05 1.7858838933e+02 nan
-1.7743488496e-04 1.9728781413e-05 1.8391466835e+02 nan
-1.8110411726e-04 1.9752277576e-05 1.8437014249e+02 nan
-1.8476387914e-04 1.9778010535e-05 1.8483594348e+02 nan
-1.8577497522e-04 2.1387778512e-05 1.8029589334e+02 nan
-1.8941333931e-04 2.1413677041e-05 1.8072690190e+02 nan
-1.9304388040e-04 2.1449706332e-05 1.8113619632e+02 nan
-1.9662610109e-04 2.1489913071e-05 1.8153147142e+02 nan
-2.0024147317e-04 2.1526333434e-05 1.8194447364e+02 nan
-2.0296823691e-04 1.9935713284e-05 1.8725674071e+02 nan
1.9384402184e-04 3.7662242063e-05 4.0720150382e+01 nan
1.7041516187e-04 3.4446073271e-05 4.9527093806e+01 nan
1.4310020138e-04 3.1099837121e-05 6.6383636489e+01 nan
-7.4781457468e-05 2.4119776968e-05 1.6653657826e+02 nan
2.7806390713e-05 2.4981056448e-05 1.5535555091e+02 nan
-9.4659919815e-06 1.9682144626e-05 1.7533170174e+02 nan
-1.4791216860e-04 1.9588998264e-05 1.8087714393e+02 nan
1.4094793221e-04 2.4000152501e-05 8.5521965337e+01 nan
1.6839617951e-04 2.6633636663e-05 6.1983024869e+01 nan
2.4758209381e-04 3.5816270948e-05 4.0118405775e+01 nan
-2.0658170643e-04 1.9974539552e-05 1.8772833002e+02 nan
-1.4810369295e-04 2.4320703106e-05 1.6829335841e+02 nan
2.6300290020e-04 3.4437880109e-05 2.3813922808e+01 nan
2.6711109070e-04 3.5018573540e-05 1.6858786726e+01 nan
-2.1018326749e-04 2.0017056995e-05 1.8817895625e+02 nan
-2.1377253807e-04 2.0063461516e-05 1.8860037192e+02 nan
-2.1734863595e-04 2.0114148446e-05 1.8898196273e+02 nan
-2.2091045607e-04 2.0169601105e-05 1.8931105345e+02 nan
-2.2444784978e-04 2.0226815975e-05 1.8958429078e+02 nan
-1.6982199480e-04 2.4472843992e-05 1.6973462562e+02 nan
-2.2798553870e-04 2.0297499288e-05 1.8974915934e+02 nan
-2.3147006653e-04 2.0375472386e-05 1.8980347143e+02 nan
-2.3497623772e-04 2.0453090290e-05 1.8976234908e+02 nan
-2.3844694615e-04 2.0544855530e-05 1.8954540736e+02 nan
-1.8672045670e-04 2.3010906292e-05 1.7571880850e+02 nan
-1.5898041474e-04 2.4394677928e-05 1.6895175218e+02 nan
-2.1581269224e-04 1.6848648081e-05 1.9952019096e+02 nan
2.6634617992e-04 3.1663841052e-05 2.9033392371e+01 nan
2.7042614023e-04 3.2151568459e-05 2.0228929839e+01 nan
2.2150414932e-04 4.1477304727e-05 3.6692122340e+01 nan
-2.4188052426e-04 2.0648635855e-05 1.8913575649e+02 nan
3.1910894839e-04 3.5051537819e-05 1.9416690127e+01 nan
3.1505126783e-04 3.4607563511e-05 1.8880745406e+01 nan
3.2314742383e-04 3.5479558357e-05 1.9985408092e+01 nan
2.4670845578e-04 1.1676296236e-04 1.3638633108e+01 nan
2.5017726530e-04 1.1392098241e-04 1.3693980769e+01 nan
2.4967606379e-04 1.1012541774e-04 1.3547347210e+01 nan
2.5363668817e-04 1.1106235782e-04 1.3769053120e+01 nan
-2.4530339259e-04 2.0759785080e-05 1.8852368819e+02 nan
-2.5517677284e-04 1.9391647477e-05 1.9272458676e+02 nan
2.2638693576e-04 1.0797752654e-04 1.1948387807e+01 nan
-2.0465557156e-04 2.3218224682e-05 1.7735658556e+02 nan
1.7007698140e-04 8.7768073941e-05 1.0426600588e+01 nan
-2.6154679449e-04 5.3514383043e-05 8.2426006710e+01 nan
-2.6394118220e-04 5.4190801599e-05 7.9769047788e+01 nan
-2.5116934810e-04 1.5792879378e-05 2.0882117990e+02 nan
3.0698627044e-04 8.1400992581e-05 1.6716682682e+01 nan
3.0360184579e-04 8.4526232228e-05 1.6391710191e+01 nan
2.9969405840e-04 8.3783679477e-05 1.6220832761e+01 nan
3.0021289287e-04 8.7630217892e-05 1.6091642557e+01 nan
2.9630125655e-04 8.6870460783e-05 1.5930362497e+01 nan
2.9681916541e-04 9.0713600858e-05 1.5815228814e+01 nan
2.9290384300e-04 8.9936973383e-05 1.5662454369e+01 nan
2.9342048003e-04 9.3776953129e-05 1.5561440809e+01 nan
2.8950168784e-04 9.2983965744e-05 1.5416276470e+01 nan
2.9001647326e-04 9.6820846919e-05 1.5329432552e+01 nan
3.1036645265e-04 7.8253601480e-05 1.7068076448e+01 nan
2.8609442178e-04 9.6011901906e-05 1.5191159563e+01 nan
2.8660698549e-04 9.9845820826e-05 1.5118530658e+01 nan
-2.6364382228e-04 5.6539111611e-05 7.4952026879e+01 nan
2.7375347630e-04 2.9297961067e-05 2.4511649992e+01 nan
2.7457673570e-04 3.2754862128e-05 1.5183846750e+01 nan
2.7787485708e-04 2.9812143741e-05 1.7467855608e+01 nan
-2.6898215283e-04 5.3288341931e-05 7.9053960420e+01 nan
-2.5851372922e-04 1.9548133364e-05 1.9111785986e+02 nan
-2.6156751545e-04 1.6133827730e-05 2.0601235853e+02 nan
-2.6495621705e-04 1.6281583903e-05 2.0419958556e+02 nan
-2.6829857738e-04 1.6451020933e-05 2.0185282878e+02 nan
-2.7158948073e-04 1.6645417250e-05 1.9892742218e+02 nan
1.7398666755e-04 8.8987301276e-05 9.8660523222e+00 nan
-6.3375940081e-05 5.0412607008e-05 1.0893097523e+02 nan
-2.1132635787e-04 4.2734461090e-05 1.2236386645e+02 nan
8.7191419818e-05 9.6316547902e-05 2.0790479177e+01 nan
2.6571917053e-04 2.8610339806e-05 4.1892467701e+01 nan
2.5312651468e-04 1.0726670728e-04 1.3639859580e+01 nan
-1.8025126327e-04 8.6132066080e-05 4.9818754399e+01 nan
2.5413439313e-04 1.1486210247e-04 1.3883885199e+01 nan
-1.8294535415e-04 8.6423052020e-05 4.9159924325e+01 nan
2.7875512061e-04 3.3400272818e-05 1.5022847980e+01 nan
2.8205914368e-04 3.0412536232e-05 1.5220958580e+01 nan
2.4571100510e-04 8.3713480098e-05 1.2424640524e+01 nan
-2.7482354013e-04 1.6868310900e-05 1.9536401063e+02 nan
-2.7128060043e-04 5.4065815198e-05 7.6155682262e+01 nan
-2.7398509017e-04 5.2491162327e-05 7.7899637703e+01 nan
3.2244964523e-04 3.1773716195e-05 1.9890546186e+01 nan
3.2649112432e-04 3.2165884665e-05 2.0503771830e+01 nan
3.1087204119e-04 8.2127599794e-05 1.6871656322e+01 nan
3.1424643065e-04 7.8962927293e-05 1.7235485148e+01 nan
2.7709305185e-04 2.6455573545e-05 2.9462912898e+01 nan
-1.7754279418e-04 8.5853557420e-05 5.0441242195e+01 nan
2.5759322434e-04 1.1198773462e-04 1.3961909927e+01 nan
2.5808759658e-04 1.1579234272e-04 1.4043649923e+01 nan
2.0133272019e-04 9.3812104486e-05 9.2953778889e+00 nan
2.3346102327e-04 4.3000920930e-05 3.3256148555e+01 nan
2.8292155328e-04 3.4018276367e-05 1.5724013401e+01 nan
2.8623118968e-04 3.1005290159e-05 1.5980534197e+01 nan
-2.7799490641e-04 1.7123595046e-05 1.9119192008e+02 nan
-2.7444625857e-04 5.0116071346e-05 8.2595041929e+01 nan
1.7461999896e-04 9.2659491709e-05 9.2533388292e+00 nan
3.0072075247e-04 9.1488987666e-05 1.5940903875e+01 nan
-2.7948771011e-04 4.9421221143e-05 8.0662349693e+01 nan
-2.8170065515e-04 5.0327192579e-05 7.7368141643e+01 nan
-1.7614040308e-04 8.9900190316e-05 4.5987546222e+01 nan
-1.7344615493e-04 8.9623879049e-05 4.6557926035e+01 nan
-2.7776943763e-04 1.9060474853e-05 1.8082304980e+02 nan
-2.8135673518e-04 1.5477915017e-05 1.9728701943e+02 nan
-2.8447101364e-04 1.5766068285e-05 1.9296539764e+02 nan
-2.8756491476e-04 1.6083888743e-05 1.8928815382e+02 nan
2.4973048255e-04 8.4621159471e-05 1.2765622421e+01 nan
2.8707611359e-04 3.4615692970e-05 1.5968771363e+01 nan
2.7960784239e-04 3.7011699550e-05 1.5317570674e+01 nan
2.1272669659e-04 9.3441184455e-05 1.0080820187e+01 nan
-1.8562469791e-04 8.6727040116e-05 4.8463499665e+01 nan
3.1170794888e-04 3.7824541880e-05 1.8458098483e+01 nan
2.9039257601e-04 3.1574294943e-05 1.6376629306e+01 nan
2.8953768526e-04 2.7973319122e-05 1.6181071602e+01 nan
2.9370627123e-04 2.8511948508e-05 1.6848307581e+01 nan
-1.9039614940e-04 8.5173997141e-05 4.9638962724e+01 nan
3.1473897836e-04 8.2857931138e-05 1.6997545077e+01 nan
3.1810614896e-04 7.9677152975e-05 1.7373368529e+01 nan
2.6154506767e-04 1.1290278471e-04 1.4125583430e+01 nan
2.6203639575e-04 1.1671305652e-04 1.4173288016e+01 nan
2.5857230082e-04 1.1960022825e-04 1.4106246133e+01 nan
2.4633815075e-04 8.7463802938e-05 1.2566096728e+01 nan
2.9052110604e-04 1.0066720933e-04 1.5222678609e+01 nan
2.8710981916e-04 1.0368824558e-04 1.5026180829e+01 nan
-2.8112396428e-04 5.2746994961e-05 7.3083564681e+01 nan
-2.8448499036e-04 4.8872003968e-05 7.8068539851e+01 nan
3.2578276832e-04 2.8465115435e-05 2.0375684499e+01 nan
3.2982683185e-04 2.8818831755e-05 2.1034765395e+01 nan
-1.9304966582e-04 8.5507568593e-05 4.8831723728e+01 nan
2.9284439485e-04 2.4918251575e-05 1.6418303115e+01 nan
2.9701702509e-04 2.5427338575e-05 1.7214843584e+01 nan
-2.6825609284e-04 2.0153724610e-05 1.8354836596e+02 nan
2.8557039427e-04 9.2187512896e-05 1.5244972253e+01 nan
2.8216070121e-04 9.5198925934e-05 1.5026321341e+01 nan
2.4232449019e-04 8.6535764761e-05 1.2222028224e+01 nan
1.6680560825e-04 9.0155230693e-05 1.0207209425e+01 nan
1.6740167866e-04 9.3787407360e-05 9.4938136356e+00 nan
1.6353504524e-04 9.2517211115e-05 9.9933967193e+00 nan
-1.6994489277e-04 7.1019619203e-05 7.0880296338e+01 nan
-1.6845040130e-04 6.7015663070e-05 7.7164743355e+01 nan
-1.6549411726e-04 6.6852045016e-05 7.7601387515e+01 nan
-1.6469837396e-04 6.4886435225e-05 8.0823618201e+01 nan
-1.6989547699e-04 6.3236541800e-05 8.3281214449e+01 nan
-1.7287938552e-04 6.3397284355e-05 8.2824631202e+01 nan
-1.7213561425e-04 6.1439550229e-05 8.6233449106e+01 nan
-1.7741493403e-04 5.9807117869e-05 8.8791806787e+01 nan
-1.8620453847e-04 8.8921071889e-05 4.5871601277e+01 nan
-1.8041206436e-04 5.9973066270e-05 8.8285248042e+01 nan
2.4293998071e-04 9.0291343710e-05 1.2380246900e+01 nan
2.3893301559e-04 8.9342801968e-05 1.2032100560e+01 nan
1.6410806854e-04 9.6149364043e-05 9.2994106340e+00 nan
-2.9370841993e-04 1.6820340216e-05 1.7795390334e+02 nan
-2.9675375398e-04 1.7249547473e-05 1.7090010327e+02 nan
-2.9978073963e-04 1.7725334995e-05 1.6336715445e+02 nan
-3.0367685368e-04 1.5950160124e-05 1.6966098124e+02 nan
-2.8943549930e-04 4.8492810462e-05 7.4879187321e+01 nan
3.1858599269e-04 8.3594823547e-05 1.7092012855e+01 nan
3.2194455328e-04 8.0399132907e-05 1.7478999391e+01 nan
-2.9151678813e-04 4.9586648951e-05 7.1774762165e+01 nan
2.5034485205e-04 8.8376443526e-05 1.2903686402e+01 nan
2.6299166536e-04 5.1708987607e-05 1.3720503449e+01 nan
3.2146842009e-04 7.6472428079e-05 1.7780666896e+01 nan
3.2529772218e-04 7.7179061341e-05 1.7898765419e+01 nan
3.2482580562e-04 7.3242459872e-05 1.8222046935e+01 nan
3.2864536035e-04 7.3933436385e-05 1.8354086086e+01 nan
3.2817850514e-04 6.9986190571e-05 1.8700475544e+01 nan
3.3198755989e-04 7.0660943690e-05 1.8848131727e+01 nan
3.3152601513e-04 6.6701661538e-05 1.9219321700e+01 nan
3.3532398160e-04 6.7360142933e-05 1.9384476830e+01 nan
3.3486890038e-04 6.3388170117e-05 1.9782248269e+01 nan
3.3865468482e-04 6.4029541429e-05 1.9967059835e+01 nan
3.3820656640e-04 6.0043410422e-05 2.0393279886e+01 nan
3.4197947796e-04 6.0667295722e-05 2.0600264635e+01 nan
3.4153880904e-04 5.6665478464e-05 2.1056669513e+01 nan
3.4529755283e-04 5.7271643604e-05 2.1288810769e+01 nan
3.4486567967e-04 5.3252778703e-05 2.1776783407e+01 nan
3.4860882011e-04 5.3840680072e-05 2.2037956219e+01 nan
3.4818613630e-04 4.9802333432e-05 2.2558107749e+01 nan
3.5191273987e-04 5.0371973656e-05 2.2853497226e+01 nan
3.5149939228e-04 4.6311280223e-05 2.3405000106e+01 nan
3.4774835094e-04 4.5793149045e-05 2.3011077956e+01 nan
3.5106915969e-04 4.2283635692e-05 2.3872948520e+01 nan
3.5480703670e-04 4.2778240201e-05 2.4321861630e+01 nan
3.5438421679e-04 3.8729060089e-05 2.4794524261e+01 nan
3.5061565998e-04 3.8291490393e-05 2.4236477593e+01 nan
3.5393511800e-04 3.4720334577e-05 2.5131947099e+01 nan
3.5769305026e-04 3.5128264634e-05 2.5773096153e+01 nan
3.5724685390e-04 3.1100305357e-05 2.6053392547e+01 nan
3.5345150266e-04 3.0753793569e-05 2.5308879518e+01 nan
3.6099396957e-04 3.1478212084e-05 2.6803289930e+01 nan
-1.6252469688e-04 6.6696374908e-05 7.8010756057e+01 nan
-1.6170198574e-04 6.4739703420e-05 8.1216135127e+01 nan
-1.5869319920e-04 6.4600135692e-05 8.1584143590e+01 nan
-1.5567252560e-04 6.4467414043e-05 8.1929332210e+01 nan
-1.5264046895e-04 6.4341195027e-05 8.2253396528e+01 nan
-1.4654418115e-04 6.4107099205e-05 8.2844410816e+01 nan
-1.4348016145e-04 6.3999261963e-05 8.3113384041e+01 nan
-1.4040694613e-04 6.3896618944e-05 8.3367513443e+01 nan
-1.3732568323e-04 6.3798729632e-05 8.3608378446e+01 nan
-1.3423585425e-04 6.3705377009e-05 8.3837291514e+01 nan
-1.3113738778e-04 6.3617490829e-05 8.4053518310e+01 nan
-1.3003548601e-04 6.1750728407e-05 8.7192437371e+01 nan
-1.2803119555e-04 6.3534134773e-05 8.4259302877e+01 nan
-1.2690463415e-04 6.1671053172e-05 8.7394100748e+01 nan
-1.1239776880e-04 6.3181858755e-05 8.5160208180e+01 nan
-1.0925324197e-04 6.3123336971e-05 8.5319886942e+01 nan
-1.0610355013e-04 6.3068990428e-05 8.5473266379e+01 nan
-1.0480679824e-04 6.1237458670e-05 8.8577708683e+01 nan
-1.5386869710e-04 6.0639192397e-05 8.8456379127e+01 nan
-1.0111370600e-04 6.4809737847e-05 8.2711652609e+01 nan
-9.7973899211e-05 6.4763416471e-05 8.2849914107e+01 nan
-9.4830149370e-05 6.4721132512e-05 8.2982635417e+01 nan
-9.1682787013e-05 6.4682893877e-05 8.3109749160e+01 nan
-8.8532135879e-05 6.4648737815e-05 8.3231034734e+01 nan
-8.5378484803e-05 6.4619143792e-05 8.3345442107e+01 nan
-8.2222233880e-05 6.4593211736e-05 8.3454074328e+01 nan
-7.7580857835e-05 6.2761047986e-05 8.6585452192e+01 nan
-7.2740857153e-05 6.4541948632e-05 8.3732181519e+01 nan
-6.9577271149e-05 6.4534167510e-05 8.3805624781e+01 nan
-6.6412680072e-05 6.4531087766e-05 8.3867673362e+01 nan
-6.3247417201e-05 6.4532665652e-05 8.3917138992e+01 nan
-6.0081806310e-05 6.4539896897e-05 8.3950964508e+01 nan
-5.6916209424e-05 6.4552431888e-05 8.3968045118e+01 nan
-5.3751027822e-05 6.4570556633e-05 8.3966052215e+01 nan
-5.0586570689e-05 6.4594537030e-05 8.3942452071e+01 nan
-4.5727258335e-05 6.2841471546e-05 8.6812680032e+01 nan
-4.2545091700e-05 6.2879393904e-05 8.6715401589e+01 nan
-3.7943973424e-05 6.4755916868e-05 8.3569641854e+01 nan
-3.4789249125e-05 6.4814432459e-05 8.3388638989e+01 nan
-3.1637730551e-05 6.4880681990e-05 8.3164497733e+01 nan
-2.8489979125e-05 6.4955796330e-05 8.2891259404e+01 nan
-2.5346503530e-05 6.5039728741e-05 8.2564377201e+01 nan
-2.0357677356e-05 6.3370960007e-05 8.4794950677e+01 nan
-1.7206656339e-05 6.3477209234e-05 8.4282903512e+01 nan
-1.4061757268e-05 6.3592278543e-05 8.3694974004e+01 nan
-1.0924417365e-05 6.3721130164e-05 8.3016812390e+01 nan
-7.7947169799e-06 6.3860685322e-05 8.2246201966e+01 nan
-4.6732512931e-06 6.4010846318e-05 8.1375519424e+01 nan
1.5396719387e-06 6.4355181856e-05 7.9282886225e+01 nan
4.6302782174e-06 6.4546279170e-05 7.8047668607e+01 nan
7.7080041253e-06 6.4755177602e-05 7.6666282550e+01 nan
1.0772664612e-05 6.4978856873e-05 7.5132881475e+01 nan
1.3823323494e-05 6.5217323005e-05 7.3436307734e+01 nan
1.4835585378e-05 6.7206791698e-05 7.0115144776e+01 nan
1.7844400863e-05 6.7480718227e-05 6.8195541470e+01 nan
2.0836002954e-05 6.7773766758e-05 6.6078530697e+01 nan
2.3809072733e-05 6.8086614370e-05 6.3748901335e+01 nan
2.8810495807e-05 6.6693693298e-05 6.1998626840e+01 nan
3.1744957859e-05 6.7047314145e-05 5.9077845498e+01 nan
3.4655543293e-05 6.7425402329e-05 5.6572975326e+01 nan
3.7574046630e-05 6.7826162350e-05 5.4863958176e+01 nan
4.7179271294e-05 7.1409369367e-05 4.7113018392e+01 nan
5.0140806131e-05 7.1936312952e-05 4.5573789599e+01 nan
5.3113004553e-05 7.2490859864e-05 4.4056052908e+01 nan
5.5359759519e-05 7.0745618241e-05 4.5217292813e+01 nan
5.8379948736e-05 7.1322820616e-05 4.3680840885e+01 nan
6.2131147242e-05 7.4323511302e-05 3.9647468508e+01 nan
6.8243422286e-05 7.5693544332e-05 3.6822048402e+01 nan
7.0660927757e-05 7.3927197117e-05 3.7800109048e+01 nan
7.3789097278e-05 7.4652896892e-05 3.6386415464e+01 nan
7.6944874733e-05 7.5410232500e-05 3.4998347973e+01 nan
7.7585832155e-05 7.7985245093e-05 3.2736808372e+01 nan
8.0127361125e-05 7.6199164113e-05 3.3632228587e+01 nan
8.0764903465e-05 7.8813459423e-05 3.1424517402e+01 nan
8.3969417754e-05 7.9676485272e-05 3.0131224583e+01 nan
8.6588661597e-05 7.7873828829e-05 3.0972679656e+01 nan
8.9869498479e-05 7.8759337982e-05 2.9669707699e+01 nan
-7.4246780516e-05 6.6360915787e-05 8.0747799659e+01 nan
-2.4037628053e-05 6.6907163471e-05 7.9559036990e+01 nan
-1.4708338212e-05 6.7239924452e-05 7.8165318379e+01 nan
3.7472901712e-06 6.8239168346e-05 7.2965112658e+01 nan
3.0561542372e-05 7.0883847158e-05 5.4912712709e+01 nan
3.9206809344e-05 7.2166547171e-05 4.8988272080e+01 nan
9.0476922591e-05 8.1506066169e-05 2.7658982288e+01 nan
-1.4149926945e-04 6.0229643584e-05 8.9527016619e+01 nan
9.3784945164e-05 8.2472950517e-05 2.6465878488e+01 nan
5.6829300243e-05 7.5426915953e-05 4.0066514993e+01 nan
2.5142066584e-04 5.2987025760e-05 1.2823645507e+01 nan
9.9931833410e-05 8.1624000534e-05 2.6010777224e+01 nan
1.0336690287e-04 8.2646133541e-05 2.4844393117e+01 nan
1.0684654630e-04 8.3700086275e-05 2.3708252855e+01 nan
1.0742690606e-04 8.6692697773e-05 2.2038070203e+01 nan
1.1036982842e-04 8.4791365803e-05 2.2624307297e+01 nan
1.1394052919e-04 8.5915741931e-05 2.1552681342e+01 nan
1.1756234578e-04 8.7073282343e-05 2.0695141974e+01 nan
1.1814173894e-04 9.0228605979e-05 1.8974579171e+01 nan
2.9121862334e-04 3.5193304046e-05 1.6367274594e+01 nan
3.6055113556e-04 2.7431345408e-05 2.6979903015e+01 nan
3.6428778747e-04 2.7777255981e-05 2.7877049718e+01 nan
-1.7288867159e-04 5.5808108052e-05 9.6443449080e+01 nan
-1.6980223622e-04 5.5677508368e-05 9.6832239671e+01 nan
2.6251927242e-04 1.2052671533e-04 1.4200492741e+01 nan
2.6598006919e-04 1.1762557743e-04 1.4272907287e+01 nan
2.5904867845e-04 1.2341094814e-04 1.4147579236e+01 nan
2.9101694699e-04 1.0452211848e-04 1.5095482983e+01 nan
2.8760429781e-04 1.0753828632e-04 1.4913426709e+01 nan
-1.2263033220e-04 5.9754273747e-05 9.0763601680e+01 nan
-1.1308433450e-04 5.9571813333e-05 9.1270551685e+01 nan
-8.8884262515e-05 6.1049382504e-05 8.9235916672e+01 nan
-6.9698558880e-05 6.0941531730e-05 8.9816067652e+01 nan
-6.0075029878e-05 6.0948874610e-05 8.9948360555e+01 nan
2.8162733581e-04 9.1385864088e-05 1.5048753817e+01 nan
2.7821615287e-04 9.4380179003e-05 1.4835978662e+01 nan
-1.7211695392e-04 9.3693045883e-05 4.2366510805e+01 nan
-1.6943679450e-04 9.3419311134e-05 4.2885551337e+01 nan
-1.6674468180e-04 9.3156891061e-05 4.3373427008e+01 nan
-1.8339323664e-04 6.0148060003e-05 8.7742405545e+01 nan
-1.8809511320e-04 5.6578789520e-05 9.4008433114e+01 nan
-1.9108658730e-04 5.6760043580e-05 9.3404994258e+01 nan
-1.9405968763e-04 5.6951689489e-05 9.2756351512e+01 nan
-1.9701365678e-04 5.7154394575e-05 9.2059638393e+01 nan
-2.9512935904e-04 4.5912810820e-05 7.2968909252e+01 nan
-1.9994713663e-04 5.7369162587e-05 9.1311474656e+01 nan
-2.0191171387e-04 5.3602128555e-05 9.8618636669e+01 nan
-2.0487042635e-04 5.3813884338e-05 9.7835540458e+01 nan
-2.0531870696e-04 5.5813990211e-05 9.3703858172e+01 nan
-2.0780712411e-04 5.4038628126e-05 9.6992289134e+01 nan
-2.0822147814e-04 5.6053503738e-05 9.2821858278e+01 nan
-2.1072088590e-04 5.4277233245e-05 9.6085587149e+01 nan
1.2482793607e-04 8.9450618157e-05 1.6790325356e+01 nan
-3.0677292601e-04 1.6453208657e-05 1.6092876041e+02 nan
-2.9807825757e-04 1.2987105141e-05 2.0195799228e+02 nan
3.2910598830e-04 2.5123144742e-05 2.0864983454e+01 nan
3.2503940512e-04 2.4789173707e-05 2.0205589864e+01 nan
3.3315172105e-04 2.5435480414e-05 2.1566977731e+01 nan
3.3384738957e-04 2.9155230901e-05 2.1722436789e+01 nan
3.3717305896e-04 2.5728973434e-05 2.2293142743e+01 nan
2.9614795147e-04 2.1837210635e-05 1.7059649437e+01 nan
3.0032445707e-04 2.2320351796e-05 1.7414050868e+01 nan
-1.9830720969e-04 8.6220178368e-05 4.7087438195e+01 nan
-2.8665587989e-04 2.0189399229e-05 1.6471589057e+02 nan
8.5930319389e-05 7.5201202087e-05 3.3187015257e+01 nan
1.0273939077e-04 7.9740369323e-05 2.6754758936e+01 nan
1.2060037462e-04 8.5087654542e-05 2.0769156168e+01 nan
-3.0773162071e-04 1.4128014849e-05 1.7667897172e+02 nan
-3.0985689065e-04 1.7010369270e-05 1.5185767626e+02 nan
-2.0091059154e-04 8.6600540468e-05 4.6147807398e+01 nan
-2.0522450683e-04 8.2896390539e-05 4.9852500823e+01 nan
3.1522190233e-04 8.6767092107e-05 1.6735402565e+01 nan
1.7793207785e-04 9.0222402040e-05 9.4152539848e+00 nan
1.7858047711e-04 9.3931501414e-05 8.9069677550e+00 nan
2.9196647932e-04 2.1378769381e-05 2.1530882238e+01 nan
-2.0781435295e-04 8.3300399156e-05 4.8784758664e+01 nan
-1.6132592527e-04 9.2664395335e-05 4.4259750738e+01 nan
-1.5859994827e-04 9.2433373180e-05 4.4660468055e+01 nan
-1.5744745874e-04 9.6492424478e-05 4.0647155535e+01 nan
-1.5473910896e-04 9.6263454195e-05 4.1002523610e+01 nan
-1.5393207725e-04 9.4124580515e-05 4.3158159219e+01 nan
-1.5202095331e-04 9.6044074485e-05 4.1331915872e+01 nan
-1.5119483979e-04 9.3913564270e-05 4.3484334191e+01 nan
-1.4741138565e-04 9.7761564550e-05 3.9837340331e+01 nan
-1.4468452025e-04 9.7561409171e-05 4.0096006231e+01 nan
-1.4194923819e-04 9.7369879888e-05 4.0331871174e+01 nan
-1.3645474745e-04 9.7011695172e-05 4.0738885543e+01 nan
-1.3369610393e-04 9.6844562340e-05 4.0911897814e+01 nan
-1.3093030468e-04 9.6685103808e-05 4.1065819016e+01 nan
-1.3009468559e-04 1.0073305363e-04 3.7242479431e+01 nan
-1.2735223468e-04 1.0057583392e-04 3.7353352811e+01 nan
-1.2460355647e-04 1.0042614128e-04 3.7446033660e+01 nan
-1.1908875522e-04 1.0014859687e-04 3.7580320905e+01 nan
-1.1632337562e-04 1.0002043546e-04 3.7623657496e+01 nan
-1.1355314084e-04 9.9899213002e-05 3.7652230777e+01 nan
-1.1248186307e-04 9.7827322379e-05 3.9632314801e+01 nan
-1.0909164039e-04 1.0175146252e-04 3.5743925457e+01 nan
-1.0632609417e-04 1.0164536576e-04 3.5722200999e+01 nan
-1.0242860659e-04 9.9481108345e-05 3.7636400737e+01 nan
-9.8008104403e-05 1.0136683054e-04 3.5586035703e+01 nan
-9.5229424611e-05 1.0128705606e-04 3.5519779239e+01 nan
-9.2448175079e-05 1.0121377232e-04 3.5444460905e+01 nan
-8.6879110538e-05 1.0108659499e-04 3.5269968030e+01 nan
-8.4091941808e-05 1.0103275540e-04 3.5172382056e+01 nan
-8.1303394013e-05 1.0098545947e-04 3.5068949642e+01 nan
-7.8513759114e-05 1.0094474291e-04 3.4960468257e+01 nan
-7.2932327668e-05 1.0088396276e-04 3.4730657565e+01 nan
-7.0141110028e-05 1.0086404194e-04 3.4610766000e+01 nan
-6.7349960479e-05 1.0085065347e-04 3.4489097731e+01 nan
-6.4559144348e-05 1.0084425906e-04 3.4365949472e+01 nan
-5.8979641731e-05 1.0085337099e-04 3.4117082088e+01 nan
-5.6191512867e-05 1.0086927405e-04 3.3992297933e+01 nan
-5.3404837201e-05 1.0089302451e-04 3.3867812291e+01 nan
-5.0619893103e-05 1.0092487301e-04 3.3743878052e+01 nan
-4.9295366235e-05 1.0296464577e-04 3.1321663994e+01 nan
-4.5056299839e-05 1.0101393860e-04 3.3498317458e+01 nan
-4.2278205832e-05 1.0107175766e-04 3.3376698789e+01 nan
-3.9502941385e-05 1.0113888974e-04 3.3255611666e+01 nan
-3.5506074024e-05 1.0328198571e-04 3.0611405777e+01 nan
-3.3961984301e-05 1.0130259163e-04 3.3013424595e+01 nan
-3.1196830559e-05 1.0139999510e-04 3.2891023972e+01 nan
-2.8435584653e-05 1.0150838208e-04 3.2766530744e+01 nan
-2.7273850094e-05 1.0359328702e-04 3.0202637834e+01 nan
-2.4538271410e-05 1.0371981606e-04 3.0065720696e+01 nan
-2.1807366916e-05 1.0385861740e-04 2.9926481904e+01 nan
-1.6360630256e-05 1.0417537436e-04 2.9634250481e+01 nan
-1.3645317966e-05 1.0435461765e-04 2.9476959757e+01 nan
-1.0935735025e-05 1.0454870559e-04 2.9308678991e+01 nan
-8.2321072098e-06 1.0475839084e-04 2.9126187992e+01 nan
-2.8438904094e-06 1.0522785595e-04 2.8703280047e+01 nan
-1.5983084185e-07 1.0548940214e-04 2.8454181005e+01 nan
4.2977475254e-06 1.0388810381e-04 3.0360285016e+01 nan
6.9837157954e-06 1.0419999303e-04 2.9986689949e+01 nan
9.6618542689e-06 1.0453379951e-04 2.9570612916e+01 nan
1.4993265297e-05 1.0527161661e-04 2.8611428539e+01 nan
1.8411329809e-05 1.0791436726e-04 2.5682397591e+01 nan
2.1029085789e-05 1.0835865074e-04 2.5151167433e+01 nan
2.3637251527e-05 1.0883024903e-04 2.4606672970e+01 nan
2.8162756244e-05 1.0758007855e-04 2.5691765345e+01 nan
3.0767821331e-05 1.0813116131e-04 2.5066408987e+01 nan
3.6524807315e-05 1.1165648386e-04 2.1792305269e+01 nan
3.9070545690e-05 1.1232765162e-04 2.1186054192e+01 nan
4.3636111333e-05 1.1143985015e-04 2.1786982156e+01 nan
4.6175134223e-05 1.1222964718e-04 2.1111698018e+01 nan
4.6633928410e-05 1.1459784880e-04 1.9211143871e+01 nan
-3.1568475699e-05 1.0546292850e-04 2.7928879816e+01 nan
7.6008687448e-07 1.0767040592e-04 2.5911738762e+01 nan
4.9129799476e-05 1.1545154370e-04 1.8521897687e+01 nan
-3.9761735621e-05 1.0519699543e-04 2.8401376169e+01 nan
5.3707369705e-05 1.1490990330e-04 1.9313341646e+01 nan
5.6183057247e-05 1.1592086657e-04 1.8903421505e+01 nan
5.6515049129e-05 1.1835648457e-04 1.6809281681e+01 nan
5.8934369103e-05 1.1945693653e-04 1.6611934095e+01 nan
2.4327471313e-05 1.1110734777e-04 2.2290460516e+01 nan
-7.0006481885e-05 1.0491257367e-04 3.0320645426e+01 nan
6.3467357435e-05 1.1937244887e-04 1.7976038383e+01 nan
3.2006317764e-05 1.1273667397e-04 2.0837134861e+01 nan
-7.8277012112e-05 1.0499531728e-04 3.0825911229e+01 nan
6.3681085783e-05 1.2189291671e-04 1.8398974796e+01 nan
6.8159132768e-05 1.1938698245e-04 1.5323934274e+01 nan
7.0718701644e-05 1.2345781857e-04 1.2291771188e+01 nan
7.3173585007e-05 1.2222934991e-04 1.3090605277e+01 nan
3.9583164484e-05 1.1467249585e-04 1.9254461287e+01 nan
7.3170180694e-05 1.2498706328e-04 1.1389605913e+01 nan
7.0520588787e-05 1.1808576335e-04 1.5532440682e+01 nan
7.8310905130e-05 1.2542013195e-04 1.1253585697e+01 nan
7.8342726828e-05 1.2252596946e-04 1.2738662561e+01 nan
8.1032533384e-05 1.2417446334e-04 1.1877319102e+01 nan
8.0953094744e-05 1.2715872919e-04 1.0415068858e+01 nan
8.3780193411e-05 1.2591151335e-04 1.1038747211e+01 nan
8.3661198245e-05 1.2899547955e-04 9.6065395845e+00 nan
8.9486564287e-05 1.2964546834e-04 9.3806387909e+00 nan
8.9568758776e-05 1.2641155102e-04 1.0652308093e+01 nan
9.2458767747e-05 1.3163256687e-04 8.7441573864e+00 nan
9.5620023898e-05 1.3025072596e-04 9.1939747136e+00 nan
9.5499784445e-05 1.3367655795e-04 6.2046182131e+00 nan
9.8711348794e-05 1.3222929208e-04 5.8408971251e+00 nan
-1.0191401455e-04 1.0352595408e-04 3.3758866084e+01 nan
9.8518319069e-05 1.3567681327e-04 4.3609349800e+00 nan
1.0176349651e-04 1.3416841995e-04 3.9608339409e+00 nan
9.2577364703e-05 1.2502357063e-04 1.0951356189e+01 nan
-1.2999532134e-05 1.0030635674e-04 3.4460973168e+01 nan
-2.4049373189e-05 9.9676255653e-05 3.5080497268e+01 nan
2.7488466259e-05 1.0531264761e-04 2.7859703265e+01 nan
1.0191449265e-04 1.3071011717e-04 5.4312422671e+00 nan
1.0499538065e-04 1.3258995255e-04 3.9767828795e+00 nan
1.0480859250e-04 1.3608544090e-04 4.4134888825e+00 nan
1.0809984680e-04 1.3447643162e-04 4.4298667737e+00 nan
1.0789645370e-04 1.3799853042e-04 5.6511654053e+00 nan
1.1124846317e-04 1.3636571946e-04 5.3867732120e+00 nan
-1.1016981368e-04 1.0383860671e-04 3.3896497584e+01 nan
-9.2849621216e-05 9.7196797063e-05 3.9578408153e+01 nan
1.1785607761e-04 1.3653598324e-04 6.2946146268e+00 nan
1.1767139169e-04 1.4011568313e-04 7.9621942120e+00 nan
1.2115066456e-04 1.3838868402e-04 7.4487683123e+00 nan
1.2095204549e-04 1.4197747159e-04 9.0960107425e+00 nan
1.2449399311e-04 1.4023350548e-04 8.5171074034e+00 nan
1.2428565184e-04 1.4383646549e-04 1.0031573218e+01 nan
1.2789230941e-04 1.4207267625e-04 9.4385057699e+00 nan
7.0695029881e-05 1.2615817792e-04 9.8109194675e+00 nan
1.1796840645e-04 1.3292693560e-04 5.1680177939e+00 nan
1.0510724510e-04 1.2912088755e-04 4.9304911394e+00 nan
1.2804269413e-04 1.3842052261e-04 8.0529810165e+00 nan
1.3150502761e-04 1.4023440989e-04 8.9588745768e+00 nan
1.3135308113e-04 1.4390761154e-04 1.0213346039e+01 nan
1.3503063888e-04 1.4203847416e-04 9.7498564828e+00 nan
1.3488513367e-04 1.4573742175e-04 1.0869523016e+01 nan
1.3862724580e-04 1.4383067459e-04 1.0439304582e+01 nan
1.3870441912e-04 1.4009395343e-04 9.3594121525e+00 nan
1.4235799556e-04 1.4184865735e-04 1.0066519930e+01 nan
1.4230194904e-04 1.4560765612e-04 1.0974492357e+01 nan
1.4608840169e-04 1.4358087476e-04 1.0673833351e+01 nan
9.5249930207e-05 1.3711652318e-04 4.2359362915e+00 nan
1.4605938785e-04 1.4736399086e-04 1.1631833889e+01 nan
1.4987371773e-04 1.4528538547e-04 1.1159377080e+01 nan
-2.1258038855e-04 8.1886906461e-05 4.9514502061e+01 nan
-2.9634959479e-04 4.9512492380e-05 6.8782997992e+01 nan
-2.9919786191e-04 4.8358157758e-05 6.7970605836e+01 nan
-3.0009874133e-04 4.5961198806e-05 6.9887257367e+01 nan
3.2910307652e-04 7.7898523213e-05 1.7980344592e+01 nan
1.0761847827e-04 1.4148689912e-04 7.7970315745e+00 nan
3.1905779768e-04 8.7526243339e-05 1.6787202275e+01 nan
3.1569716009e-04 9.0688959837e-05 1.6450642541e+01 nan
1.4237923477e-04 1.3808699203e-04 9.0430195209e+00 nan
2.8369215841e-04 1.0669089303e-04 1.4850120500e+01 nan
2.8418102607e-04 1.1053938533e-04 1.4751393632e+01 nan
-3.5494541082e-04 1.7213158091e-05 8.6402184019e+01 nan
1.4985080884e-04 1.4907016077e-04 1.2305724684e+01 nan
1.5367578319e-04 1.4693249185e-04 1.1949038559e+01 nan
2.3953732398e-04 9.3103336616e-05 1.2208441078e+01 nan
2.3553634322e-04 9.2134440115e-05 1.1855084519e+01 nan
1.8257472858e-04 9.5212826090e-05 8.6461295753e+00 nan
1.7922026087e-04 9.7675826097e-05 8.4738384984e+00 nan
2.5374324553e-04 8.5513066768e-05 1.3101175218e+01 nan
2.5434467906e-04 8.9273615799e-05 1.3231007894e+01 nan
2.7767322804e-04 9.0577453120e-05 1.4828895751e+01 nan
2.7426154887e-04 9.3554200569e-05 1.4621265301e+01 nan
2.8108009081e-04 8.7582928167e-05 1.5055422075e+01 nan
2.7479964494e-04 9.7356692491e-05 1.4642573676e+01 nan
2.7084461951e-04 9.6513401869e-05 1.4432419011e+01 nan
-2.1222851226e-04 7.9626709198e-05 5.2631345465e+01 nan
-2.1513162503e-04 8.2333262131e-05 4.8293356059e+01 nan
-2.1959490253e-04 7.8688215407e-05 5.2075377519e+01 nan
-2.2212355847e-04 7.9165191578e-05 5.0697191432e+01 nan
-2.1110028529e-04 5.6307761110e-05 9.1876555136e+01 nan
-2.1614815036e-04 5.2761338234e-05 9.8440274685e+01 nan
-2.1903867550e-04 5.3040375130e-05 9.7337198265e+01 nan
-1.4015380862e-04 9.3156847402e-05 4.4554924481e+01 nan
1.6081380734e-04 9.8484278416e-05 9.1009405774e+00 nan
1.5699643838e-04 9.7160511188e-05 9.5683238555e+00 nan
1.6467021289e-04 9.9823198799e-05 8.7067098488e+00 nan
1.5364941471e-04 1.4314273792e-04 1.0890767746e+01 nan
1.5745956222e-04 1.4473360525e-04 1.1632179362e+01 nan
1.5749821208e-04 1.4852440476e-04 1.2780883085e+01 nan
1.6129153254e-04 1.4627766845e-04 1.2428361192e+01 nan
1.6120370546e-04 1.4247836783e-04 1.1356481721e+01 nan
1.6504561056e-04 1.4398118822e-04 1.2113435718e+01 nan
1.6514741312e-04 1.4777174927e-04 1.3183859262e+01 nan
1.6890862243e-04 1.4543743244e-04 1.2826210607e+01 nan
1.2533194207e-04 9.2690418175e-05 1.5179803162e+01 nan
1.2840839745e-04 9.0647639166e-05 1.5276185048e+01 nan
8.7800129351e-05 8.3316336325e-05 2.6945454729e+01 nan
-2.2462968001e-04 7.9664960344e-05 4.9254440200e+01 nan
-3.1293109468e-04 1.7626993938e-05 1.4263148519e+02 nan
-3.1727414769e-04 1.5714228707e-05 1.4689673451e+02 nan
-3.0311460174e-04 4.4833476721e-05 6.9866286776e+01 nan
-3.0510136448e-04 4.6228634928e-05 6.7804195878e+01 nan
7.3089988493e-05 7.2141633786e-05 3.8824147307e+01 nan
6.3740266766e-05 7.0163103734e-05 4.3303606955e+01 nan
4.5587507524e-05 6.6952547058e-05 5.2936569445e+01 nan
2.7891350033e-05 6.4628330715e-05 6.5785476820e+01 nan
1.8873705630e-05 6.3745125119e-05 7.3029108062e+01 nan
-2.8053932701e-05 6.1348548539e-05 8.8706356255e+01 nan
-3.1520598650e-04 1.2703561188e-05 1.7378093107e+02 nan
2.6646139083e-04 1.2144573449e-04 1.4264485084e+01 nan
3.6468352667e-04 3.1899253780e-05 2.7538782778e+01 nan
3.6796207504e-04 2.8171584038e-05 2.8789358743e+01 nan
3.4571897871e-04 6.1315795554e-05 2.0756543193e+01 nan
-1.6551086378e-04 9.7240136711e-05 3.9415922521e+01 nan
2.9150582088e-04 1.0838447880e-04 1.4947556698e+01 nan
2.9491243409e-04 1.0535553217e-04 1.5135565029e+01 nan
1.2069016474e-04 1.4552610116e-04 1.0755769294e+01 nan
3.6384602232e-04 2.3711685606e-05 2.7881262841e+01 nan
3.4048287673e-04 2.2259909365e-05 2.2826547969e+01 nan
2.9120852894e-04 1.8109574209e-05 3.4022983335e+01 nan
1.6902868363e-04 1.4921801162e-04 1.3855564730e+01 nan
1.7279295224e-04 1.4685109641e-04 1.3462081024e+01 nan
-1.9409099160e-04 8.9953471341e-05 4.3520071502e+01 nan
2.7029761348e-04 9.2719516339e-05 1.4383422051e+01 nan
-2.9896502613e-04 1.9997081773e-05 1.5052265926e+02 nan
2.6688112814e-04 9.5661032723e-05 1.4198268864e+01 nan
1.8321758832e-04 9.8983021215e-05 8.3165945162e+00 nan
-2.2668427986e-04 7.5556114019e-05 5.4641815239e+01 nan
-2.2918467491e-04 7.6067703458e-05 5.3104568873e+01 nan
-2.2937456401e-04 7.8392839678e-05 4.9586749212e+01 nan
2.5774912550e-04 8.6389835771e-05 1.3427587441e+01 nan
-1.2259306833e-04 9.6250876498e-05 4.1422166266e+01 nan
3.3576887798e-04 7.1352960277e-05 1.8954987655e+01 nan
-2.7448299376e-04 2.0704246453e-05 1.7570991289e+02 nan
2.8789278480e-04 3.8242489200e-05 1.6024351055e+01 nan
2.9201528713e-04 3.8831089095e-05 1.6391875824e+01 nan
2.1599065246e-04 1.1613381615e-04 1.1791137472e+01 nan
2.9348852388e-04 6.7854369205e-05 1.6213045135e+01 nan
-1.8733128055e-04 4.5322817905e-05 1.1760975056e+02 nan
-1.7207704936e-04 4.6613844012e-05 1.1513966843e+02 nan
1.2103466475e-04 1.1681163229e-04 7.2040415523e+00 nan
9.4687532263e-05 1.0777344784e-04 1.6046389517e+01 nan
9.1836274959e-05 1.0939132040e-04 1.5842283421e+01 nan
9.4983455000e-05 1.1085700698e-04 1.5058175844e+01 nan
1.6051579989e-04 1.2719996071e-04 8.0558957816e+00 nan
1.9521134683e-04 8.1407797419e-05 9.6642892867e+00 nan
1.4694259229e-04 7.7741708610e-05 1.9702202777e+01 nan
-1.9749441370e-04 2.3130210526e-05 1.7672823983e+02 nan
1.5646196084e-04 9.3574280271e-05 1.0358077850e+01 nan
-2.3515862427e-04 4.2545271813e-05 1.1906512027e+02 nan
-2.3539814475e-04 4.6613282109e-05 1.0859829166e+02 nan
-2.3548207691e-04 4.8685509978e-05 1.0355429879e+02 nan
-2.4098540685e-04 4.5211034567e-05 1.1051503719e+02 nan
-2.4377678887e-04 4.5570797879e-05 1.0869469795e+02 nan
-2.3255628332e-04 4.6299685316e-05 1.1008748762e+02 nan
-2.4653103869e-04 4.5957284120e-05 1.0674340907e+02 nan
-2.4924708974e-04 4.6372277058e-05 1.0466065194e+02 nan
1.9055586751e-04 1.2688671772e-04 1.0938869914e+01 nan
1.2474051979e-04 7.1885825830e-05 2.8343874416e+01 nan
2.2552032770e-04 7.8915400709e-05 1.0822065115e+01 nan
-1.0572234516e-04 8.5675534956e-05 5.2985316828e+01 nan
-1.5135282465e-04 4.9629084012e-05 1.0916231541e+02 nan
-1.5458665418e-04 4.9708940244e-05 1.0895417223e+02 nan
1.0646566904e-04 6.7463831887e-05 3.5207619644e+01 nan
8.9175020091e-05 6.3709575416e-05 4.2782385848e+01 nan
-1.4086544054e-04 2.4285502390e-05 1.6790110656e+02 nan
-1.2259581388e-04 2.4207945290e-05 1.6717608737e+02 nan
2.0170077190e-04 3.8765230488e-05 3.8872079685e+01 nan
9.4354540520e-05 8.5305557724e-05 2.4642539898e+01 nan
-7.0590646713e-05 8.5088339507e-05 5.3562597595e+01 nan
-1.0792224713e-04 2.4163078089e-05 1.6683087078e+02 nan
7.1021306999e-05 1.0061423484e-04 2.1726030118e+01 nan
6.9068576418e-05 1.0481105673e-04 2.0613647848e+01 nan
6.6305617295e-05 1.0372151377e-04 2.1541959023e+01 nan
6.4020260971e-05 1.0523755832e-04 2.1555820652e+01 nan
1.6262643565e-04 3.3432522972e-05 5.3533177026e+01 nan
-2.5083682961e-04 6.4940012883e-05 6.4110237652e+01 nan
-2.5074715648e-04 6.7309665789e-05 5.9832225797e+01 nan
-2.4592173818e-04 6.8385085479e-05 5.9891911862e+01 nan
-2.4590526309e-04 7.0752282305e-05 5.5834066748e+01 nan
-2.5309658659e-04 6.7997101839e-05 5.7606964474e+01 nan
-2.4352552203e-04 7.2489108373e-05 5.3873704743e+01 nan
-2.5785372539e-04 6.7044859628e-05 5.7220750155e+01 nan
-2.5299909186e-04 7.0409703385e-05 5.3455608342e+01 nan
1.3528485788e-04 3.0266838329e-05 7.2459772231e+01 nan
-5.6289990469e-05 2.4142345015e-05 1.6633202392e+02 nan
3.8592576001e-05 9.2944924043e-05 3.3782689003e+01 nan
4.0024809848e-05 9.7514498415e-05 3.1240267782e+01 nan
3.4640441975e-05 9.6258061249e-05 3.3606160181e+01 nan
1.0515324390e-04 2.7659036067e-05 1.0362988095e+02 nan
-3.7887974724e-05 2.4200172831e-05 1.6575467499e+02 nan
-3.5351590687e-05 8.5419933227e-05 5.3323510123e+01 nan
9.7595738778e-06 2.4659776323e-05 1.5976903004e+02 nan
-2.3672592816e-05 8.5810956315e-05 5.2781690710e+01 nan
-1.1985110961e-04 6.5173318422e-05 8.1756384215e+01 nan
-5.4862620315e-07 8.7214534377e-05 4.9862700637e+01 nan
-4.5241137127e-05 1.0506914676e-04 2.8733789671e+01 nan
2.2082799218e-05 8.9817842764e-05 4.2489856561e+01 nan
-5.6231611484e-05 1.0491988856e-04 2.9432137039e+01 nan
-1.8930423352e-04 6.0527625911e-05 8.6537757836e+01 nan
1.8699799335e-04 1.2941914026e-04 1.1010232908e+01 nan
1.9090564209e-04 1.3069389847e-04 1.1559499692e+01 nan
1.8731928421e-04 1.3322680823e-04 1.1682076099e+01 nan
1.9123068716e-04 1.3449579577e-04 1.2201457279e+01 nan
1.8761562616e-04 1.3702769867e-04 1.2375209328e+01 nan
1.9153453257e-04 1.3829033476e-04 1.2851444697e+01 nan
1.9515329301e-04 1.3573468769e-04 1.2664227827e+01 nan
1.9546612543e-04 1.3952324355e-04 1.3264363172e+01 nan
1.9908683698e-04 1.3694542077e-04 1.3068953620e+01 nan
1.9182496695e-04 1.4206863606e-04 1.3495910295e+01 nan
1.9940976565e-04 1.4072855588e-04 1.3615027480e+01 nan
2.0303077194e-04 1.3812992359e-04 1.3416280690e+01 nan
2.0336457649e-04 1.4190835902e-04 1.3906025034e+01 nan
2.0698434881e-04 1.3929011522e-04 1.3708187078e+01 nan
2.0663019183e-04 1.3550814422e-04 1.3251095855e+01 nan
2.1058311623e-04 1.3664913131e-04 1.3543017443e+01 nan
2.1094670991e-04 1.4042796241e-04 1.3947451011e+01 nan
2.1454356112e-04 1.3776887908e-04 1.3785544353e+01 nan
2.1491686183e-04 1.4154513776e-04 1.4137179602e+01 nan
2.1851055794e-04 1.3886893527e-04 1.3981174443e+01 nan
2.1416232384e-04 1.3398648784e-04 1.3408106765e+01 nan
1.9972212531e-04 1.4450240883e-04 1.4139273075e+01 nan
-1.7278759910e-04 7.9240596216e-05 5.9120183583e+01 nan
-2.2800558000e-04 6.0348647515e-05 8.0432500615e+01 nan
-1.7880333172e-04 6.3744582020e-05 8.1815329986e+01 nan
-3.2634307832e-04 2.4705024863e-05 8.9169004920e+01 nan
2.3973908932e-04 1.2239658927e-04 1.3588922537e+01 nan
2.3623714456e-04 1.2518766156e-04 1.3595734500e+01 nan
2.4019801882e-04 1.2619089557e-04 1.3772926472e+01 nan
2.3668531898e-04 1.2897975654e-04 1.3797961447e+01 nan
2.4064822629e-04 1.2998474612e-04 1.3935493153e+01 nan
2.3712517318e-04 1.3277047090e-04 1.3977318121e+01 nan
2.3272207943e-04 1.2796133560e-04 1.3624624930e+01 nan
1.3114103199e-04 1.4755981023e-04 1.1394633429e+01 nan
-3.2085611102e-04 3.4160200506e-05 7.3810902751e+01 nan
-1.5457737892e-04 8.1953942919e-05 5.6837068696e+01 nan
1.4909088654e-04 1.2245484616e-04 6.7133923647e+00 nan
-3.1659670787e-04 3.5711581971e-05 7.3865721045e+01 nan
-1.0241713821e-04 6.6661079544e-05 7.9709615140e+01 nan
-8.3788566848e-05 1.0508497167e-04 3.1137137453e+01 nan
-2.8802759585e-04 5.3376950835e-05 6.7769201238e+01 nan
2.9861496712e-04 7.6130881625e-05 1.6415041544e+01 nan
-2.7087409907e-04 5.6465913924e-05 7.1422359259e+01 nan
-2.6824556990e-04 5.8062486299e-05 6.9533529241e+01 nan
-2.6789924889e-04 6.0486427594e-05 6.4876862956e+01 nan
-2.6757133453e-04 6.2933524885e-05 6.0312299126e+01 nan
-2.7267695249e-04 5.9765308625e-05 6.3882826464e+01 nan
-1.9314900802e-04 7.4973991521e-05 6.2694649342e+01 nan
3.2834802211e-04 2.1452790725e-05 2.0642729311e+01 nan
3.2426224010e-04 2.1135322866e-05 2.0006254429e+01 nan
1.9967946401e-04 1.0775232963e-04 9.6718485248e+00 nan
-1.5505533403e-04 3.9242471753e-05 1.3162657713e+02 nan
-1.5166522358e-04 3.9189790985e-05 1.3169455031e+02 nan
-1.5173720809e-04 3.4137322066e-05 1.4363679367e+02 nan
-1.4826030918e-04 3.4098502064e-05 1.4361536964e+02 nan
-1.4477661368e-04 3.4061854855e-05 1.4359494537e+02 nan
-1.4128650090e-04 3.4027251390e-05 1.4357659630e+02 nan
-1.3779020292e-04 3.3995003946e-05 1.4356020203e+02 nan
-1.3428844887e-04 3.3963790008e-05 1.4354939059e+02 nan
-1.3078137088e-04 3.3934829546e-05 1.4354161056e+02 nan
-1.2726971678e-04 3.3907446981e-05 1.4353872947e+02 nan
-1.2375217532e-04 3.3881920472e-05 1.4354019102e+02 nan
-1.2023002376e-04 3.3857811070e-05 1.4354701309e+02 nan
-1.1670446063e-04 3.3835471417e-05 1.4355828401e+02 nan
-1.1317431600e-04 3.3814540365e-05 1.4357460691e+02 nan
-1.0964121680e-04 3.3795357606e-05 1.4359485143e+02 nan
-1.0610376256e-04 3.3778021553e-05 1.4361832271e+02 nan
-1.0256356995e-04 3.3761340806e-05 1.4364722282e+02 nan
-9.9020380448e-05 3.3746642434e-05 1.4367776154e+02 nan
-9.5474359162e-05 3.3734200412e-05 1.4370848815e+02 nan
-9.1925914050e-05 3.3722936367e-05 1.4374094563e+02 nan
-8.8375243885e-05 3.3713258500e-05 1.4377309546e+02 nan
-8.4822519478e-05 3.3705303975e-05 1.4380340553e+02 nan
-8.1267998222e-05 3.3699131508e-05 1.4383035966e+02 nan
-7.7711977290e-05 3.3694791611e-05 1.4385232931e+02 nan
-7.4154659521e-05 3.3692118334e-05 1.4386803332e+02 nan
-7.0596255511e-05 3.3691927141e-05 1.4387378131e+02 nan
-6.7037097715e-05 3.3693757901e-05 1.4386860659e+02 nan
-6.3477418951e-05 3.3697504253e-05 1.4385061286e+02 nan
-5.9917497461e-05 3.3704035939e-05 1.4381549573e+02 nan
-5.6357629246e-05 3.3712528720e-05 1.4376260637e+02 nan
-5.2798120368e-05 3.3723856207e-05 1.4368731107e+02 nan
-4.9239327511e-05 3.3738048378e-05 1.4358670019e+02 nan
-4.5681560078e-05 3.3755206304e-05 1.4345755227e+02 nan
-4.2125338674e-05 3.3777598120e-05 1.4329157599e+02 nan
-3.8570774816e-05 3.3801534334e-05 1.4309382088e+02 nan
-3.5018328760e-05 3.3828586164e-05 1.4285729266e+02 nan
-3.1468277020e-05 3.3857789791e-05 1.4258067601e+02 nan
-2.7921498334e-05 3.3893352615e-05 1.4225084711e+02 nan
-2.4378086824e-05 3.3932004653e-05 1.4187154192e+02 nan
-2.0838615384e-05 3.3974708554e-05 1.4143698180e+02 nan
-1.7303622371e-05 3.4021788465e-05 1.4094282252e+02 nan
-1.3773666657e-05 3.4073476862e-05 1.4038512783e+02 nan
-1.0249335678e-05 3.4129962292e-05 1.3976017053e+02 nan
-6.7312572241e-06 3.4191438771e-05 1.3906460809e+02 nan
-3.2200829423e-06 3.4258072865e-05 1.3829544008e+02 nan
2.8349807082e-07 3.4330033284e-05 1.3745030965e+02 nan
3.7787565712e-06 3.4407455307e-05 1.3652746401e+02 nan
7.2649254163e-06 3.4490467867e-05 1.3552614075e+02 nan
1.0741216928e-05 3.4579155007e-05 1.3444651408e+02 nan
1.4207208870e-05 3.4672154945e-05 1.3329356071e+02 nan
1.7660848457e-05 3.4773538536e-05 1.3206069232e+02 nan
2.1102267236e-05 3.4879763354e-05 1.3076097388e+02 nan
2.4530793575e-05 3.4990124618e-05 1.2940277810e+02 nan
2.7944079222e-05 3.5108718588e-05 1.2798468766e+02 nan
3.1342307975e-05 3.5231914393e-05 1.2652627930e+02 nan
3.2402471652e-05 3.7020115526e-05 1.2148980990e+02 nan
3.4724222064e-05 3.5360342849e-05 1.2503920361e+02 nan
3.5747475519e-05 3.7160686255e-05 1.1989883610e+02 nan
3.8088756890e-05 3.5493949234e-05 1.2353815564e+02 nan
3.9073841580e-05 3.7306951481e-05 1.1829630916e+02 nan
4.1434864804e-05 3.5632562942e-05 1.2204312718e+02 nan
4.2380530782e-05 3.7458697604e-05 1.1669358750e+02 nan
4.4761511418e-05 3.5775955305e-05 1.2056360530e+02 nan
4.5666394367e-05 3.7615729626e-05 1.1514337080e+02 nan
4.8930381408e-05 3.7777635692e-05 1.1353465497e+02 nan
5.2170590306e-05 3.7944896870e-05 1.1227313039e+02 nan
5.5395714162e-05 3.8118447871e-05 1.0979121875e+02 nan
5.8640412235e-05 3.8309151802e-05 1.0588130700e+02 nan
6.1905035815e-05 3.8518223058e-05 1.0232717933e+02 nan
6.8498565212e-05 3.8991822087e-05 9.5168255292e+01 nan
7.1078389206e-05 3.7224671116e-05 9.8795384716e+01 nan
7.4437750975e-05 3.7478441076e-05 9.5150326986e+01 nan
7.7822222764e-05 3.7749875960e-05 9.1579929012e+01 nan
8.1230400792e-05 3.8044022838e-05 8.8091031658e+01 nan
8.4665086232e-05 3.8357205081e-05 8.4739272537e+01 nan
8.8127461500e-05 3.8688794414e-05 8.1505136968e+01 nan
8.8857355846e-05 4.0888371203e-05 7.5849671517e+01 nan
9.1615940666e-05 3.9043761810e-05 7.8381557838e+01 nan
9.2343895400e-05 4.1276350765e-05 7.3027734656e+01 nan
9.5133350746e-05 3.9418097395e-05 7.5404671143e+01 nan
9.5859423632e-05 4.1684925747e-05 7.0309566329e+01 nan
9.9404692945e-05 4.2114142029e-05 6.7701341127e+01 nan
1.0298052670e-04 4.2563952987e-05 6.5193590054e+01 nan
1.0658773367e-04 4.3034288668e-05 6.2778743424e+01 nan
1.0950226106e-04 4.1118127553e-05 6.4661667764e+01 nan
1.1317293782e-04 4.1593436702e-05 6.2240986285e+01 nan
1.1687651506e-04 4.2088534386e-05 5.9910234961e+01 nan
1.1760551804e-04 4.4566946990e-05 5.6053319242e+01 nan
1.2061371603e-04 4.2603128295e-05 5.7674892666e+01 nan
1.2134620895e-04 4.5117678368e-05 5.3972734993e+01 nan
1.2438532994e-04 4.3136951108e-05 5.5519472275e+01 nan
1.2512221642e-04 4.5687857485e-05 5.1962415151e+01 nan
1.2893430919e-04 4.6277265611e-05 4.9987713965e+01 nan
1.3278509838e-04 4.6885618759e-05 4.8212246036e+01 nan
1.3591184297e-04 4.4847972676e-05 4.9215944523e+01 nan
1.3978329285e-04 4.5454176289e-05 4.7019149194e+01 nan
1.4051487331e-04 4.8150808757e-05 4.3748722082e+01 nan
1.4364944206e-04 4.6073116535e-05 4.4914005371e+01 nan
1.4436929779e-04 4.8804288370e-05 4.1787750713e+01 nan
1.4751011779e-04 4.6704523640e-05 4.2968981026e+01 nan
1.4821791126e-04 4.9469548826e-05 3.9982779249e+01 nan
1.5206130388e-04 5.0145096818e-05 3.8345217342e+01 nan
1.5521740107e-04 4.7999781658e-05 3.9548316644e+01 nan
1.5906578483e-04 4.8660782656e-05 3.8076792012e+01 nan
1.5973649837e-04 5.1520728078e-05 3.5577676511e+01 nan
1.6291316753e-04 4.9326748631e-05 3.6765921799e+01 nan
1.6357096478e-04 5.2217204966e-05 3.4452574462e+01 nan
1.6675807404e-04 5.0001908137e-05 3.5606431952e+01 nan
1.6740482837e-04 5.2918020804e-05 3.3503938504e+01 nan
1.7123945427e-04 5.3620295083e-05 3.2776575776e+01 nan
1.7507681658e-04 5.4319623630e-05 3.2234788111e+01 nan
1.7830481221e-04 5.2037979726e-05 3.3299197103e+01 nan
1.7183992273e-04 5.6597552334e-05 3.1110948860e+01 nan
-1.7851167711e-05 3.7317595790e-05 1.3360317709e+02 nan
-4.5870682922e-05 3.7023508405e-05 1.3618604173e+02 nan
-3.1835127614e-05 3.7135831220e-05 1.3529512016e+02 nan
-4.9695541929e-07 3.7662687576e-05 1.2994287169e+02 nan
1.4507944022e-04 5.1585333684e-05 3.8910362052e+01 nan
1.5657101875e-04 5.3705266649e-05 3.4475441178e+01 nan
1.2967889410e-04 4.8912508402e-05 4.6787944130e+01 nan
1.0370499149e-04 4.4944752480e-05 6.0991322407e+01 nan
8.2704707418e-05 4.2351104661e-05 7.6264835238e+01 nan
2.0025044120e-05 3.8282800278e-05 1.2276920543e+02 nan
9.8153451366e-06 3.7943188081e-05 1.2674857251e+02 nan
1.8216038162e-04 5.2715041285e-05 3.2860918871e+01 nan
1.8276048348e-04 5.5711670228e-05 3.1764705107e+01 nan
1.8602156630e-04 5.3387812742e-05 3.2673508525e+01 nan
1.8151873517e-04 4.9746139894e-05 3.4327866346e+01 nan
1.6993216431e-04 4.7776775234e-05 3.6841109667e+01 nan
7.3671013061e-05 3.5455951361e-05 1.0270409901e+02 nan
6.3644207148e-05 3.4843706147e-05 1.1418703818e+02 nan
5.3782327922e-05 3.4375025343e-05 1.2220439717e+02 nan
1.0875672148e-04 3.8752912053e-05 6.9301862159e+01 nan
1.5836124733e-04 4.5843061840e-05 4.0796699981e+01 nan
1.3739022245e-04 5.0220375369e-05 4.2715577021e+01 nan
1.7948175296e-04 5.8034089763e-05 3.0702883353e+01 nan
1.1095259250e-04 4.5976948298e-05 5.6585707573e+01 nan
2.6761319716e-05 3.8543646665e-05 1.1971995642e+02 nan
-7.4172409473e-06 3.7506619188e-05 1.3164336019e+02 nan
-2.4834675883e-05 3.7216892790e-05 1.3456728241e+02 nan
-3.8848332221e-05 3.7071996402e-05 1.3582333540e+02 nan
1.3159434579e-04 1.3653953129e-04 7.6911983894e+00 nan
-1.7186469252e-04 3.9556155567e-05 1.3114235753e+02 nan
-2.6083822737e-04 3.7483549891e-05 1.2313599762e+02 nan
-2.6356375586e-04 3.7939905415e-05 1.2003317035e+02 nan
-2.6041290069e-04 4.1751855607e-05 1.1134128365e+02 nan
-2.6304678938e-04 4.2261291789e-05 1.0842038065e+02 nan
-1.3054686425e-04 7.8750208208e-05 6.1653943697e+01 nan
-9.8446221896e-05 6.1148504044e-05 8.8861717404e+01 nan
1.9702028584e-04 7.1503029635e-05 1.1631942643e+01 nan
1.5269901137e-04 9.2317105089e-05 1.1049080899e+01 nan
1.4948373927e-04 9.4570740888e-05 1.0777581039e+01 nan
1.4897740184e-04 9.1084343537e-05 1.1868927838e+01 nan
1.4579010846e-04 9.3310796875e-05 1.1550499413e+01 nan
1.4627322062e-04 9.6794469139e-05 1.0514396286e+01 nan
2.2328949524e-04 6.7780008874e-05 1.0905007321e+01 nan
2.1918542444e-04 6.6778631663e-05 1.0779694800e+01 nan
2.2249362604e-04 6.4090942997e-05 1.0991025950e+01 nan
2.1837293006e-04 6.3093550723e-05 1.0979267487e+01 nan
2.2167152745e-04 6.0412566699e-05 1.1291448168e+01 nan
2.1756050040e-04 5.9451599083e-05 1.2963020840e+01 nan
2.2086213888e-04 5.6794503848e-05 1.4022721272e+01 nan
2.1679952391e-04 5.5927034050e-05 1.6978654085e+01 nan
2.1277707312e-04 5.5116295209e-05 2.0334979267e+01 nan
2.0946648077e-04 5.7680867811e-05 1.8310526536e+01 nan
2.0879105752e-04 5.4359592154e-05 2.4013314834e+01 nan
2.0547785624e-04 5.6872899158e-05 2.1565598775e+01 nan
2.0483638699e-04 5.3650800670e-05 2.7714280468e+01 nan
2.2496746934e-04 5.7718252061e-05 1.1736411250e+01 nan
-2.7938396698e-04 3.9307323902e-05 1.0225495553e+02 nan
-2.6135921416e-04 3.1293775228e-05 1.4270181532e+02 nan
-2.7013469801e-04 3.0432897637e-05 1.3876926287e+02 nan
2.1844620451e-04 1.0585649912e-04 1.1172636086e+01 nan
2.6910964856e-04 2.5914007486e-05 4.3361098262e+01 nan
2.6851425369e-04 2.2976676670e-05 4.3077365015e+01 nan
2.6451456309e-04 2.2742747671e-05 4.3161900639e+01 nan
2.6790493521e-04 2.0053440246e-05 4.3863787277e+01 nan
2.6388871206e-04 1.9831550975e-05 4.3651842220e+01 nan
2.6049779719e-04 2.2487234431e-05 4.2900840151e+01 nan
2.5985483905e-04 1.9586381163e-05 4.3522198928e+01 nan
2.5580612024e-04 1.9317656848e-05 4.3338864296e+01 nan
2.5241893707e-04 2.1907196457e-05 4.2478061706e+01 nan
2.5174433597e-04 1.9024899637e-05 4.3354714957e+01 nan
2.4768696437e-04 1.8714830549e-05 4.4067805341e+01 nan
2.4431125371e-04 2.1243214958e-05 4.3159491929e+01 nan
2.4027241960e-04 2.0893494920e-05 4.4123230216e+01 nan
2.3624775409e-04 2.0537756194e-05 4.5353088447e+01 nan
2.3560071153e-04 1.7737842495e-05 4.8183644453e+01 nan
2.3223693116e-04 2.0178728517e-05 4.6803288159e+01 nan
2.3160007951e-04 1.7407220364e-05 5.0008664247e+01 nan
2.2823957803e-04 1.9818583898e-05 4.8449035140e+01 nan
2.2761126224e-04 1.7077372892e-05 5.2053105614e+01 nan
2.2425351752e-04 1.9459229527e-05 5.0265614097e+01 nan
2.2363284264e-04 1.6750079905e-05 5.4295448393e+01 nan
2.1966392618e-04 1.6426200148e-05 5.6717305032e+01 nan
2.1631240500e-04 1.8748188300e-05 5.4448892801e+01 nan
2.1570308124e-04 1.6107191730e-05 5.9331128448e+01 nan
2.1174898758e-04 1.5793629898e-05 6.2138448318e+01 nan
2.0780056857e-04 1.5486030977e-05 6.5108989867e+01 nan
2.0445989169e-04 1.7717281269e-05 6.1989492007e+01 nan
2.0052018970e-04 1.7385807360e-05 6.4841829122e+01 nan
1.9658353866e-04 1.7061525345e-05 6.7876944542e+01 nan
1.9264905535e-04 1.6744896012e-05 7.1091368926e+01 nan
1.8871612182e-04 1.6436331687e-05 7.4525833963e+01 nan
1.8478313032e-04 1.6136527206e-05 7.8174964787e+01 nan
1.8084941238e-04 1.5845963113e-05 8.2054617567e+01 nan
1.8022519315e-04 1.3541806701e-05 9.1971315088e+01 nan
1.7691463939e-04 1.5565189064e-05 8.6200762545e+01 nan
1.7628406607e-04 1.3299757019e-05 9.6883565597e+01 nan
1.7297798148e-04 1.5294726022e-05 9.0628690674e+01 nan
1.7234107885e-04 1.3068453957e-05 1.0216368964e+02 nan
1.6839607839e-04 1.2848637168e-05 1.0778392202e+02 nan
1.6444963769e-04 1.2640870971e-05 1.1379563280e+02 nan
1.6050248893e-04 1.2446577400e-05 1.2022468503e+02 nan
1.5655639152e-04 1.2266201187e-05 1.2704629831e+02 nan
1.5261308559e-04 1.2100522930e-05 1.3418869838e+02 nan
1.4867470694e-04 1.1950011700e-05 1.4154055057e+02 nan
1.4474379013e-04 1.1814755729e-05 1.4893503106e+02 nan
1.4147892928e-04 1.3615535805e-05 1.3912219618e+02 nan
1.3757116132e-04 1.3477789345e-05 1.4606069966e+02 nan
1.3368177629e-04 1.3354230086e-05 1.5267267580e+02 nan
1.2981053387e-04 1.3243734510e-05 1.5913649532e+02 nan
1.2595679957e-04 1.3145700488e-05 1.6541794083e+02 nan
1.2211993656e-04 1.3059386694e-05 1.7137261820e+02 nan
1.1829952554e-04 1.2983968901e-05 1.7693693537e+02 nan
1.1449530257e-04 1.2918617496e-05 1.8206868202e+02 nan
1.1070708122e-04 1.2862528764e-05 1.8670041042e+02 nan
1.0693488233e-04 1.2814918185e-05 1.9082684629e+02 nan
1.0317894233e-04 1.2775062067e-05 1.9447861614e+02 nan
9.9439558754e-05 1.2742330293e-05 1.9759086083e+02 nan
9.5716927578e-05 1.2716123432e-05 2.0043516556e+02 nan
9.2010926989e-05 1.2695476909e-05 2.0183268390e+02 nan
8.8311989715e-05 1.2675782192e-05 1.9975697919e+02 nan
8.4606701931e-05 1.2652843318e-05 1.9739150913e+02 nan
8.0894798740e-05 1.2627426795e-05 1.9569190213e+02 nan
7.7176038446e-05 1.2600060068e-05 1.9425638046e+02 nan
7.3450297821e-05 1.2571160936e-05 1.9314283862e+02 nan
6.9717475813e-05 1.2541075608e-05 1.9227805543e+02 nan
6.5977465073e-05 1.2510111511e-05 1.9163685168e+02 nan
6.2230263681e-05 1.2478527593e-05 1.9118694314e+02 nan
4.7171774230e-05 1.2350267583e-05 1.9082840485e+02 nan
4.3390450910e-05 1.2318704849e-05 1.9099830621e+02 nan
4.2058706049e-05 1.0742473586e-05 1.9589327560e+02 nan
3.9602910845e-05 1.2287633324e-05 1.9123770388e+02 nan
3.5809347046e-05 1.2257203778e-05 1.9153178313e+02 nan
3.2010015407e-05 1.2227553401e-05 1.9186704979e+02 nan
2.8205256525e-05 1.2198791074e-05 1.9223136178e+02 nan
2.4395377101e-05 1.2171019342e-05 1.9261388237e+02 nan
2.0580670969e-05 1.2144325614e-05 1.9300509413e+02 nan
3.6780660417e-06 1.0516667329e-05 1.9882250696e+02 nan
-1.7964985608e-07 1.0499500605e-05 1.9910635223e+02 nan
-4.0398643664e-06 1.0483427346e-05 1.9937065373e+02 nan
-6.2322823694e-06 1.1991716738e-05 1.9545194313e+02 nan
-1.0074722559e-05 1.1974995256e-05 1.9571678211e+02 nan
-1.3919380114e-05 1.1959510739e-05 1.9595656389e+02 nan
-1.7765928336e-05 1.1945170496e-05 1.9617190256e+02 nan
-2.1614101068e-05 1.1932086777e-05 1.9636334499e+02 nan
-3.4983591440e-05 1.0391383426e-05 2.0075168063e+02 nan
-3.8856301193e-05 1.0383969289e-05 2.0084781593e+02 nan
-4.2729489259e-05 1.0377332859e-05 2.0093290138e+02 nan
-4.8580953055e-05 1.1869148042e-05 1.9718526222e+02 nan
-5.2435513656e-05 1.1863705129e-05 1.9725417853e+02 nan
-5.6290131980e-05 1.1859004208e-05 1.9731786406e+02 nan
-6.0144642279e-05 1.1855009139e-05 1.9737857192e+02 nan
-6.3998997738e-05 1.1851677851e-05 1.9743851800e+02 nan
-6.9845067194e-05 1.0349255626e-05 2.0140212319e+02 nan
-7.3717940908e-05 1.0347451290e-05 2.0147641306e+02 nan
-7.7590355192e-05 1.0346094009e-05 2.0155844947e+02 nan
-8.1462231783e-05 1.0345176965e-05 2.0164996761e+02 nan
-9.0967171453e-05 1.1843904232e-05 1.9800650021e+02 nan
-9.4816917468e-05 1.1844668354e-05 1.9813042450e+02 nan
-9.8665753981e-05 1.1845832068e-05 1.9826979357e+02 nan
-1.0251362236e-04 1.1847375331e-05 1.9842599226e+02 nan
-1.0636039498e-04 1.1849291763e-05 1.9860030325e+02 nan
-1.0854502869e-04 1.0349022971e-05 2.0268979418e+02 nan
-1.1241035400e-04 1.0350867053e-05 2.0291212521e+02 nan
-1.1627459812e-04 1.0352993436e-05 2.0315664982e+02 nan
-1.2013770121e-04 1.0355416461e-05 2.0342441507e+02 nan
-1.3708740945e-04 1.1877092059e-05 2.0078307870e+02 nan
-1.4092121908e-04 1.1882129132e-05 2.0116933821e+02 nan
-1.4475320391e-04 1.1887531177e-05 2.0158374883e+02 nan
-1.4714189003e-04 1.0380445075e-05 2.0603495966e+02 nan
-1.4858324279e-04 1.1893318422e-05 2.0202707441e+02 nan
-1.5099340029e-04 1.0385247425e-05 2.0652428682e+02 nan
-1.5241122602e-04 1.1899506638e-05 2.0250007016e+02 nan
-1.5484309544e-04 1.0390404902e-05 2.0704531305e+02 nan
-1.5869104971e-04 1.0395450412e-05 2.0760027115e+02 nan
2.6728100725e-04 1.7147047983e-05 4.4431490231e+01 nan
2.7129462994e-04 1.7333522000e-05 4.4516511389e+01 nan
2.5513278933e-04 1.6444703232e-05 4.4236260643e+01 nan
2.4299038089e-04 1.5581281275e-05 4.7812771020e+01 nan
2.1510627550e-04 1.3531163699e-05 6.5437948548e+01 nan
1.8748871880e-04 1.1755758262e-05 9.3737577008e+01 nan
1.3234403384e-04 9.7066749254e-06 1.8837525002e+02 nan
-2.1268306820e-05 8.9233473560e-06 2.0421173929e+02 nan
-1.3793096124e-04 8.8700915515e-06 2.0909899809e+02 nan
-1.6503217457e-04 8.8979505029e-06 2.1286179363e+02 nan
1.9931679027e-04 1.2471605211e-05 8.0119926321e+01 nan
1.4407653399e-04 9.9389277555e-06 1.6818361216e+02 nan
1.1687396179e-04 9.5325261022e-06 2.0831911012e+02 nan
1.0160752213e-04 9.4737169300e-06 2.2101397885e+02 nan
8.6468163513e-05 9.4325341868e-06 2.0905338161e+02 nan
7.1285049347e-05 9.3575896599e-06 2.0316624973e+02 nan
5.6023644890e-05 9.2699430676e-06 2.0092516019e+02 nan
2.1403940138e-05 9.0783653984e-06 2.0174437210e+02 nan
5.9185721334e-06 9.0097462258e-06 2.0281481973e+02 nan
-9.6066646239e-06 8.9551729618e-06 2.0371585972e+02 nan
-5.6294729920e-05 8.8672931413e-06 2.0501504586e+02 nan
-8.7430387731e-05 8.8524104342e-06 2.0571067567e+02 nan
-1.0298500076e-04 8.8532970719e-06 2.0635661013e+02 nan
5.3305607398e-05 1.1250201475e-04 2.1138622899e+01 nan
3.1374286468e-04 7.5082948911e-05 1.7447721660e+01 nan
1.1331639276e-04 8.2854025711e-05 2.3308301213e+01 nan
9.5902005845e-05 7.7827179893e-05 2.9232527824e+01 nan
3.4022200121e-06 1.0172111585e-04 3.2855687518e+01 nan
-7.5069582790e-06 1.0070879649e-04 3.4044577585e+01 nan
-1.8514405756e-05 9.9964099235e-05 3.4798228889e+01 nan
2.9596650655e-05 4.9521285029e-05 9.2851108481e+01 nan
1.0151178506e-04 3.7932897751e-05 7.4946898944e+01 nan
-3.2939497128e-05 8.8986735554e-06 2.0456471577e+02 nan
1.1156771202e-04 6.0857772039e-05 3.9820691451e+01 nan
-4.8508884678e-05 8.8754111375e-06 2.0488458305e+02 nan
1.3667179667e-05 9.0423603251e-06 2.0228613780e+02 nan
1.1612694343e-04 3.9652125120e-05 6.4131823823e+01 nan
-6.4080283355e-05 8.8611811689e-06 2.0514756672e+02 nan
2.9126932407e-05 9.1174453692e-06 2.0123957880e+02 nan
4.4524306831e-05 9.2027042088e-06 2.0063411171e+02 nan
-9.5209114413e-05 8.8522880033e-06 2.0599854770e+02 nan
6.3664642898e-05 9.3145424073e-06 2.0171254714e+02 nan
-8.7213399301e-05 9.7073141406e-05 3.9486866152e+01 nan
1.5063863539e-04 4.4592667477e-05 4.4203857170e+01 nan
1.3773861757e-04 6.6593949735e-05 2.8394101100e+01 nan
7.8885512666e-05 9.3975897252e-06 2.0550598749e+02 nan
-9.8475848730e-05 9.7345341582e-05 3.9641419420e+01 nan
-1.3017268043e-04 8.8646801200e-06 2.0830643373e+02 nan
9.4037888923e-05 9.4594214294e-06 2.1433309667e+02 nan
-1.4568414682e-04 8.8764748936e-06 2.1001116707e+02 nan
1.3126563974e-04 4.1680031893e-05 5.4991245052e+01 nan
2.6931535410e-04 6.3520303325e-05 1.4180657404e+01 nan
1.0921397334e-04 9.4912627256e-06 2.1604574928e+02 nan
1.6763471562e-04 7.3798239227e-05 1.7237395189e+01 nan
1.2458403390e-04 9.6028741087e-06 1.9933061794e+02 nan
-1.7276042326e-04 8.9069423106e-06 2.1425686425e+02 nan
-1.7662266403e-04 8.9128419239e-06 2.1500945791e+02 nan
-1.8048269032e-04 8.9192313654e-06 2.1580125230e+02 nan
-1.8433838551e-04 8.9304352251e-06 2.1662011222e+02 nan
-1.8819308798e-04 8.9386362864e-06 2.1749037747e+02 nan
-1.8938922676e-04 1.0456629640e-05 2.1328955805e+02 nan
-1.9321328874e-04 1.0467394622e-05 2.1416574797e+02 nan
-1.9703414064e-04 1.0478181987e-05 2.1508239594e+02 nan
-1.9974105389e-04 8.9648333765e-06 2.2035983785e+02 nan
-2.0358355403e-04 8.9756418276e-06 2.2139963140e+02 nan
-2.0742258729e-04 8.9868168790e-06 2.2248376129e+02 nan
-2.1125749587e-04 8.9990650629e-06 2.2360947558e+02 nan
-2.3838479806e-04 5.7654434794e-05 8.2876015690e+01 nan
2.0720545243e-04 1.2987688488e-05 7.2334337541e+01 nan
-2.0601197661e-04 3.5220964459e-05 1.4234005962e+02 nan
-2.0473852898e-04 3.1677970970e-05 1.5223308634e+02 nan
-2.0809055924e-04 3.1770425825e-05 1.5203389656e+02 nan
-2.0136955107e-04 3.1592161164e-05 1.5237774792e+02 nan
2.8752122963e-04 5.5971704927e-05 1.5822533881e+01 nan
2.9962025616e-04 5.7901427520e-05 1.6924925829e+01 nan
-2.7212390979e-04 4.9339149863e-05 8.5733233419e+01 nan
1.4529784949e-04 8.9879018857e-05 1.2862811300e+01 nan
2.5039379400e-04 6.6867476458e-05 1.2628521998e+01 nan
-3.3126718764e-04 2.2621653825e-05 8.8400419158e+01 nan
-3.2814237438e-04 2.1595541308e-05 1.0419779384e+02 nan
-3.3314010612e-04 1.9423974813e-05 1.0600643392e+02 nan
-1.2927822360e-04 1.0481586561e-04 3.3677232192e+01 nan
-1.7584547058e-04 3.4482474259e-05 1.4368575033e+02 nan
-1.7925106359e-04 3.4544700779e-05 1.4365250084e+02 nan
-1.7242915096e-04 3.4424012817e-05 1.4370353533e+02 nan
-1.8085849751e-04 3.1186799901e-05 1.5248170352e+02 nan
-1.8430884376e-04 3.1243473763e-05 1.5252743589e+02 nan
-1.7739738946e-04 3.1133662613e-05 1.5242113729e+02 nan
3.4108744525e-04 5.2688071957e-05 2.1465554128e+01 nan
3.1036409730e-04 5.2188507731e-05 1.8110671365e+01 nan
2.1555787765e-04 3.2207152269e-05 4.1117193857e+01 nan
3.6005781502e-04 2.3437524967e-05 2.6871251363e+01 nan
3.5351785652e-05 1.0703501036e-04 2.5750453625e+01 nan
2.7871669487e-04 7.2488825346e-05 1.4961835494e+01 nan
1.7984374691e-04 1.0145332946e-04 8.1445494743e+00 nan
-2.1083135392e-04 7.0768734425e-05 6.6013447735e+01 nan
2.4916102936e-04 1.0633389663e-04 1.3389154787e+01 nan
1.5559116030e-04 1.1421240854e-04 7.1917222906e+00 nan
1.8660989277e-04 5.6399401919e-05 3.1185950414e+01 nan
-1.1731553497e-04 8.6051353070e-05 5.2578722336e+01 nan
-2.3150095056e-04 7.4279445561e-05 5.5134328025e+01 nan
3.3440286871e-04 5.9437234243e-05 2.0142730980e+01 nan
1.3742308297e-04 1.1035536414e-04 8.0433668527e+00 nan
1.3315946025e-04 2.3389858388e-05 9.4323311858e+01 nan
-2.2531585775e-04 5.9968015535e-05 8.1835441615e+01 nan
7.0905955011e-05 2.0830660421e-05 1.6477746103e+02 nan
5.6658054196e-05 2.0574273283e-05 1.6465042120e+02 nan
4.2211561363e-05 2.0324234248e-05 1.6650829134e+02 nan
3.1097716212e-04 3.4147532361e-05 1.8382249145e+01 nan
2.7596847471e-05 2.0096127436e-05 1.6927835303e+02 nan
1.1689093861e-04 1.0513808756e-04 1.2363177526e+01 nan
-1.4768651826e-04 6.0422542007e-05 8.9026221164e+01 nan
-2.8166896272e-05 1.9563973418e-05 1.7692135763e+02 nan
-8.0692908923e-05 1.9456940101e-05 1.7820711633e+02 nan
1.2887016767e-04 9.3921181088e-05 1.3925790035e+01 nan
-9.5685807718e-05 1.9466160767e-05 1.7842492819e+02 nan
-1.4048410942e-04 1.9562899623e-05 1.8031210389e+02 nan
-1.6639470339e-04 1.9667386277e-05 1.8263913240e+02 nan
-5.3657875660e-05 6.0978650821e-05 8.9947622820e+01 nan
-2.1508801424e-04 9.0122707556e-06 2.2477661691e+02 nan
-2.1891367427e-04 9.0265936683e-06 2.2598288147e+02 nan
-2.2273587850e-04 9.0391580040e-06 2.2723610629e+02 nan
-2.2654811689e-04 9.0593992772e-06 2.2850078285e+02 nan
-2.3035453542e-04 9.0797697317e-06 2.2979602894e+02 nan
-2.3415360026e-04 9.1016320306e-06 2.3110988550e+02 nan
-2.3794801130e-04 9.1201490750e-06 2.3245004126e+02 nan
-2.4172912989e-04 9.1461510335e-06 2.3376065001e+02 nan
1.2790284435e-04 8.7410704452e-05 1.6865050596e+01 nan
3.3784076262e-04 2.9477861075e-05 2.2426184991e+01 nan
9.2102237247e-05 1.1244250807e-04 1.4867795305e+01 nan
8.9023532945e-05 1.1096632641e-04 1.5660198799e+01 nan
9.5234561925e-05 1.1397618158e-04 1.4088495101e+01 nan
1.1784798218e-04 1.1868541443e-04 6.9511250462e+00 nan
1.2120006299e-04 1.2032863974e-04 6.4260740196e+00 nan
-2.4549825233e-04 9.1747683303e-06 2.3503862470e+02 nan
-3.0187301379e-04 2.0600410389e-05 1.4297110087e+02 nan
-2.9301029470e-04 4.4793620130e-05 7.5889889521e+01 nan
-2.5394486741e-04 5.3978684436e-05 8.4922820171e+01 nan
-2.8511072433e-04 4.6481770698e-05 8.1753938856e+01 nan
-3.3496131328e-04 1.6355012693e-05 1.2181048849e+02 nan
-3.2508301003e-04 2.0699903247e-05 1.1458833067e+02 nan
-3.3161113256e-04 1.5646998266e-05 1.2591007499e+02 nan
1.4220422494e-04 1.4936265667e-04 1.2094167106e+01 nan
-1.7279818922e-04 9.5882642822e-05 4.0107123017e+01 nan
2.4109181814e-04 1.3377737811e-04 1.4073565664e+01 nan
3.5231314740e-04 5.4461204041e-05 2.2238667087e+01 nan
3.5559751094e-04 5.0978597188e-05 2.3082619082e+01 nan
2.1889359502e-04 1.4264347091e-04 1.4280744666e+01 nan
2.3755910367e-04 1.3655903548e-04 1.4130604173e+01 nan
-1.7544747536e-04 9.6178450956e-05 3.9549974654e+01 nan
-1.9668868749e-04 9.0327850331e-05 4.2654121391e+01 nan
-2.4355810577e-04 7.4874347684e-05 5.0021178861e+01 nan
-2.3183064474e-04 7.8947983965e-05 4.7963045116e+01 nan
-2.7482795265e-04 6.0688428332e-05 6.0971883975e+01 nan
1.7293540520e-04 1.5062007459e-04 1.4422584798e+01 nan
2.0369058516e-04 1.4567769707e-04 1.4368193981e+01 nan
1.6522456213e-04 1.5154409389e-04 1.4309706603e+01 nan
3.6334242946e-04 1.9706306866e-05 2.7503342376e+01 nan
3.5950147830e-04 1.9497960933e-05 2.6453809068e+01 nan
3.6713174186e-04 1.9942085402e-05 2.8714684707e+01 nan
3.2755492936e-04 1.7804374099e-05 2.0393650536e+01 nan
3.2345471580e-04 1.7500312912e-05 1.9796298807e+01 nan
3.2016085081e-04 2.0792174406e-05 1.9457314232e+01 nan
3.1934096082e-04 1.7168724913e-05 1.9318956401e+01 nan
2.9457612759e-04 1.5190857839e-05 3.7736252280e+01 nan
2.9055275672e-04 1.5059583872e-05 4.1914617447e+01 nan
2.9864624416e-04 1.5378240814e-05 3.0694060747e+01 nan
2.7067301928e-04 1.4430386344e-05 4.5192006044e+01 nan
-3.4201407551e-04 3.1176099119e-05 7.3882553416e+01 nan
-3.3637810100e-04 3.3454171898e-05 7.0581846214e+01 nan
-3.0401053934e-04 4.8665626235e-05 6.5388977722e+01 nan
3.6831048070e-04 3.2377551218e-05 2.8223005623e+01 nan
3.7156693361e-04 2.8630882862e-05 2.9665415282e+01 nan
3.1952348499e-04 9.1470055819e-05 1.6460830981e+01 nan
3.1616638568e-04 9.4622328075e-05 1.6144827944e+01 nan
-2.4925445193e-04 9.2090549570e-06 2.3624355201e+02 nan
-2.5299304500e-04 9.2495300355e-06 2.3733175061e+02 nan
-2.5671324243e-04 9.2952485113e-06 2.3825491233e+02 nan
2.9539606274e-04 1.0923115318e-04 1.4952126957e+01 nan
2.9879568678e-04 1.0619019737e-04 1.5145944509e+01 nan
2.9198920030e-04 1.1225366498e-04 1.4778814018e+01 nan
-2.0392398335e-04 4.9882753508e-05 1.0632600485e+02 nan
-1.5292078966e-04 3.0840089090e-05 1.5182758699e+02 nan
-1.5644126931e-04 3.0874954342e-05 1.5191502435e+02 nan
-1.3526560431e-04 3.0695029638e-05 1.5145747812e+02 nan
1.7670056815e-04 1.4822214019e-04 1.4005685556e+01 nan
-8.1560689256e-05 3.0472802785e-05 1.5129585183e+02 nan
-7.0756694937e-05 3.0467851622e-05 1.5130429326e+02 nan
-5.2702727110e-05 3.0495739951e-05 1.5109838259e+02 nan
1.6491245675e-04 1.4017621456e-04 1.1112652479e+01 nan
6.4443592869e-05 1.0780017751e-04 2.0651023864e+01 nan
1.0796462628e-04 8.9729384496e-05 2.0556547963e+01 nan
2.6991801930e-04 1.1853124902e-04 1.4342695596e+01 nan
2.6943707471e-04 1.1470606345e-04 1.4364857275e+01 nan
2.7039798855e-04 1.2235867513e-04 1.4298630729e+01 nan
2.6693677909e-04 1.2526872919e-04 1.4233368823e+01 nan
-1.5380029002e-04 1.3424410073e-05 1.9843867098e+02 nan
-3.1373399821e-05 1.3416599413e-05 1.9283620715e+02 nan
-7.7358275601e-07 1.3547314914e-05 1.9089364897e+02 nan
1.5393426544e-04 1.6242605877e-05 1.0498670620e+02 nan
1.8592406181e-04 9.2727343082e-05 8.8166033615e+00 nan
2.0901980960e-04 2.0686855363e-05 5.4555960706e+01 nan
2.0422567715e-04 5.0574533583e-05 3.3435847511e+01 nan
2.4461106565e-04 1.3097737111e-04 1.4038437532e+01 nan
2.4505847730e-04 1.3477264403e-04 1.4135752848e+01 nan
3.2434411036e-04 6.9323066883e-05 1.8516531081e+01 nan
2.2011220250e-04 5.3316157857e-05 1.8945909522e+01 nan
3.3450335406e-04 3.2905866851e-05 2.1805626206e+01 nan
2.7137722650e-04 1.0031586649e-04 1.4468354524e+01 nan
2.3690928245e-04 2.3376351056e-05 4.3116264653e+01 nan
2.9088274112e-04 5.2918088069e-05 1.6159993448e+01 nan
2.8681787740e-04 5.2273289820e-05 1.5787225438e+01 nan
-1.8716074572e-04 8.2681746380e-05 5.3156652420e+01 nan
2.7711528182e-04 8.6784768815e-05 1.4808297336e+01 nan
2.4903680884e-04 2.4475127894e-05 4.1659215499e+01 nan
-1.5442903488e-04 6.8222032756e-05 7.5992834641e+01 nan
2.5260213790e-04 1.0347599240e-04 1.3499606767e+01 nan
-2.2849945755e-04 6.6958302821e-05 6.8134084319e+01 nan
-1.8774745734e-04 3.1304062554e-05 1.5255422304e+02 nan
2.3612978668e-04 9.5899457201e-05 1.2050933288e+01 nan
2.3213402543e-04 9.4910533753e-05 1.1691213957e+01 nan
2.3153014297e-04 9.1148052984e-05 1.1497777147e+01 nan
2.2813420689e-04 9.3903496502e-05 1.1326364405e+01 nan
2.6173546719e-04 2.8337031956e-05 4.2290991877e+01 nan
2.0616350636e-04 6.0247853872e-05 1.6694802985e+01 nan
2.0217379351e-04 5.9392863683e-05 1.9537229800e+01 nan
-3.3834676494e-04 1.7115553457e-05 1.0815727217e+02 nan
2.1693571213e-04 2.1446235467e-05 5.0464732663e+01 nan
1.9719696258e-04 1.9588534760e-05 6.1881146772e+01 nan
1.5751865622e-04 1.0079090580e-04 8.8950197436e+00 nan
1.6968368045e-04 1.7303809544e-05 8.5349369153e+01 nan
1.6181169057e-04 1.6745487127e-05 9.4403495061e+01 nan
1.4213566408e-04 1.5612353667e-05 1.2396176245e+02 nan
1.3433764764e-04 1.5278964674e-05 1.3731628734e+02 nan
3.0763771286e-04 3.7333604499e-05 1.7987748537e+01 nan
3.3846637961e-04 3.3260686582e-05 2.2474180888e+01 nan
1.7264675144e-04 1.4306317639e-04 1.2515932529e+01 nan
1.5694379252e-04 1.2946766987e-04 8.1993184676e+00 nan
3.2668641516e-05 9.7933508656e-05 3.3079124731e+01 nan
5.5905689963e-05 1.4022492956e-05 1.8566165158e+02 nan
4.8430650648e-05 1.3947586877e-05 1.8580623999e+02 nan
3.1604642644e-04 2.0425559230e-05 1.8961103311e+01 nan
3.1521720347e-04 1.6812701827e-05 1.9067532157e+01 nan
1.4458446409e-05 1.3647298246e-05 1.8928791953e+02 nan
6.8501462977e-06 1.3594335313e-05 1.9013542792e+02 nan
-2.3712195887e-05 1.3441268056e-05 1.9250652577e+02 nan
-4.2872832107e-05 1.3388187145e-05 1.9318453548e+02 nan
-6.9715959982e-05 1.3354352699e-05 1.9364895738e+02 nan
-7.7383218927e-05 1.3351217523e-05 1.9377584135e+02 nan
-8.5048021296e-05 1.3350496364e-05 1.9393016533e+02 nan
-3.0419883127e-04 4.2323108200e-05 7.2286175956e+01 nan
6.7116493168e-05 1.0892330364e-04 1.9670480665e+01 nan
1.0108300635e-04 8.7449773041e-05 2.2518681890e+01 nan
1.1868530122e-04 9.3427517202e-05 1.7152605929e+01 nan
1.2578822577e-04 9.5964489688e-05 1.3657640641e+01 nan
-1.0801965675e-04 1.3360027345e-05 1.9469221134e+02 nan
-1.1566720451e-04 1.3366714898e-05 1.9508284756e+02 nan
-1.2330869784e-04 1.3374929133e-05 1.9555757632e+02 nan
-1.3094361714e-04 1.3384782709e-05 1.9612386562e+02 nan
1.8509787515e-04 6.8485511018e-05 1.6375190812e+01 nan
-1.6519580207e-04 1.3450867525e-05 1.9997518173e+02 nan
-1.8673839664e-04 1.1976485469e-05 2.0819595848e+02 nan
-1.9434204041e-04 1.2003813102e-05 2.0982290859e+02 nan
-2.0191824560e-04 1.2033275266e-05 2.1158247008e+02 nan
-2.4105578424e-04 4.9411966943e-05 1.0018746535e+02 nan
-2.1018166149e-04 2.8373300801e-05 1.6210850303e+02 nan
-1.8681837907e-04 5.2711032868e-05 1.0174834802e+02 nan
-1.8374423332e-04 5.2564433748e-05 1.0223418403e+02 nan
-2.6040544484e-04 9.3476733638e-06 2.3893709919e+02 nan
-1.7210406001e-04 5.3915351148e-05 1.0012244223e+02 nan
-1.6898754299e-04 5.3793673163e-05 1.0048312331e+02 nan
-1.4232913023e-04 3.0752855346e-05 1.5157541064e+02 nan
-1.2458679170e-04 3.0625821373e-05 1.5131729772e+02 nan
-1.1744615413e-04 3.0586734632e-05 1.5126112003e+02 nan
-1.1029100993e-04 3.0552992931e-05 1.5123329072e+02 nan
-1.0312324265e-04 3.0524563112e-05 1.5122997355e+02 nan
-9.5944340976e-05 3.0501543890e-05 1.5124518280e+02 nan
-8.8756314824e-05 3.0484198205e-05 1.5127061107e+02 nan
-5.9937927774e-05 3.0476801943e-05 1.5123318313e+02 nan
-2.9006125914e-04 3.8029344368e-05 9.2129553336e+01 nan
1.3148835092e-04 8.8570123255e-05 1.5662199035e+01 nan
-1.6585785877e-04 5.3678396704e-05 1.0081802918e+02 nan
2.1528542038e-04 1.4531438036e-04 1.4457466556e+01 nan
2.0001557107e-04 1.4826800459e-04 1.4632561312e+01 nan
-2.7440725316e-04 6.3185896758e-05 5.6421602332e+01 nan
3.3976158841e-04 1.8552931142e-05 2.2539374498e+01 nan
3.4377207098e-04 1.8745556447e-05 2.3267816933e+01 nan
1.7686693230e-04 1.5198124764e-04 1.4881170422e+01 nan
-3.1014009804e-04 4.6763917556e-05 6.4953479966e+01 nan
-2.7190630943e-04 6.4733726485e-05 5.4813277196e+01 nan
-2.9291508020e-04 2.8628488176e-05 1.1786413864e+02 nan
-2.5662884884e-04 5.2284626851e-05 8.7485003941e+01 nan
2.2248309783e-04 1.3995094374e-04 1.4132663132e+01 nan
1.8382036639e-04 1.0276510015e-04 8.2987614157e+00 nan
1.8720598019e-04 1.0026507913e-04 8.4864762553e+00 nan
1.8042624996e-04 1.0524187656e-04 8.1258794199e+00 nan
-2.3851388200e-04 6.4369344288e-05 6.9765911278e+01 nan
2.6325978514e-04 7.3093515001e-05 1.3696770144e+01 nan
-1.5229148265e-04 8.9890854951e-05 4.7673610878e+01 nan
-1.3452664644e-04 8.6797801989e-05 5.1612523721e+01 nan
3.2562385027e-04 5.0562930697e-05 1.9884811291e+01 nan
3.2898665283e-04 4.7243703197e-05 2.0466790381e+01 nan
1.3097871090e-04 8.5336578677e-05 1.7181636489e+01 nan
-2.2511381348e-04 5.7829003662e-05 8.6112421257e+01 nan
3.0689165301e-04 3.3668635392e-05 1.7922381532e+01 nan
3.4447511009e-04 2.2493521543e-05 2.3573559352e+01 nan
1.8988967507e-04 5.4053565210e-05 3.2579009857e+01 nan
1.8926730934e-04 5.1054453520e-05 3.3563244257e+01 nan
2.2287594985e-04 1.4372456439e-04 1.4381168334e+01 nan
-1.9461101129e-04 9.2200216731e-05 4.0982491419e+01 nan
-1.3022458057e-04 1.0695494389e-04 3.1950654293e+01 nan
-2.8930705678e-04 5.7021437960e-05 6.0346023591e+01 nan
1.8063006527e-04 1.4955493980e-04 1.4454411523e+01 nan
2.6104365461e-04 1.0909677215e-04 1.4059395681e+01 nan
2.7384953592e-04 1.1943145725e-04 1.4382873085e+01 nan
2.7432837454e-04 1.2326688982e-04 1.4303344211e+01 nan
-3.5910465744e-04 2.3129768998e-05 9.6976022535e+01 nan
2.7777399615e-04 1.2032756612e-04 1.4393738348e+01 nan
2.2208602980e-04 1.3617182728e-04 1.3853423028e+01 nan
-2.6012372921e-04 6.7822507381e-05 5.4821779766e+01 nan
3.6504791398e-04 3.6071075622e-05 2.6935251549e+01 nan
2.4902439831e-04 1.3575757590e-04 1.4165210014e+01 nan
2.8051747765e-04 8.3790825908e-05 1.5048091105e+01 nan
1.5591870347e-04 9.0035027401e-05 1.1332394191e+01 nan
2.5253352367e-04 1.3293077198e-04 1.4145520082e+01 nan
3.1233045263e-04 9.3829767868e-05 1.6141269337e+01 nan
3.1280265417e-04 9.7753339257e-05 1.5854736845e+01 nan
1.7645996348e-04 1.0389893578e-04 8.0178695880e+00 nan
2.5509857794e-04 1.2247038278e-04 1.4058934095e+01 nan
-2.9196191131e-04 5.5706513942e-05 6.1446749137e+01 nan
-2.8955818346e-04 2.0648255433e-05 1.5870953795e+02 nan
3.2287388327e-04 8.8295878954e-05 1.6804552212e+01 nan
2.6798007916e-04 3.8619670733e-05 1.4024894103e+01 nan
-2.0698086641e-04 6.4033846171e-05 7.7992548597e+01 nan
-2.2625369120e-04 4.1791434594e-05 1.2289120279e+02 nan
-2.8469581506e-04 5.7261352715e-05 6.2348961119e+01 nan
3.1214232036e-04 6.3547630593e-05 1.7915584785e+01 nan
-2.1441577431e-04 4.2910859031e-05 1.2161653343e+02 nan
2.0461058439e-04 1.1652898378e-04 1.0899770322e+01 nan
-1.3736919124e-04 8.6945322366e-05 5.1398113777e+01 nan
-1.6239082129e-04 4.6346438899e-05 1.1584780098e+02 nan
-2.5868819607e-04 2.3221181747e-05 1.7519041785e+02 nan
-2.5237264889e-04 2.4670364316e-05 1.7171019557e+02 nan
1.8370982915e-04 1.3573323108e-04 1.1837149336e+01 nan
-1.3176430334e-04 4.9231284729e-05 1.1018893817e+02 nan
-1.3083751617e-04 5.2739975389e-05 1.0336354605e+02 nan
-1.3407605636e-04 5.2803822840e-05 1.0319092820e+02 nan
-1.2759183233e-04 5.2679652013e-05 1.0352919922e+02 nan
3.0895686052e-04 9.6949830545e-05 1.5857394087e+01 nan
3.0943155128e-04 1.0086434158e-04 1.5589095475e+01 nan
-1.0552938809e-04 6.6715523543e-05 7.9564758779e+01 nan
-1.0189601957e-04 7.0348012205e-05 7.3995324063e+01 nan
-1.0620970575e-04 7.2299093567e-05 7.1012023872e+01 nan
-1.0925296091e-04 7.2366663552e-05 7.0868809430e+01 nan
-1.1291386361e-04 1.0395659686e-04 3.3914717517e+01 nan
-1.1228446384e-04 1.0804984034e-04 3.0442121092e+01 nan
-1.0956985255e-04 1.0792877548e-04 3.0389763153e+01 nan
-1.1499530066e-04 1.0817812518e-04 3.0477821148e+01 nan
-5.3478449680e-05 5.3914263418e-05 1.0240367433e+02 nan
-5.6773245026e-05 5.3897530743e-05 1.0243576151e+02 nan
-8.5004510510e-05 1.0715270216e-04 2.9298059680e+01 nan
-8.7742114382e-05 1.0721158567e-04 2.9464571316e+01 nan
-8.7384765775e-05 1.1132309671e-04 2.5899478066e+01 nan
-8.4678052611e-05 1.1126350437e-04 2.5680267466e+01 nan
-1.5632984463e-04 1.0058387442e-04 3.6896907156e+01 nan
-1.5900193261e-04 1.0083011145e-04 3.6534059838e+01 nan
1.1073516519e-04 1.4338173625e-04 9.3314233152e+00 nan
1.0727519700e-04 1.4492527514e-04 1.0190101899e+01 nan
1.1038668006e-04 1.4681500092e-04 1.1554206912e+01 nan
-5.0179120034e-05 5.3936400210e-05 1.0234386207e+02 nan
8.6196723185e-05 1.3419165244e-04 7.3539036671e+00 nan
8.5834319477e-05 1.3754612294e-04 5.7525619021e+00 nan
8.0022314578e-05 1.3640365887e-04 5.5626969973e+00 nan
8.5320840323e-05 1.4098061801e-04 1.7742864814e+00 nan
-8.1970539709e-05 1.1121100449e-04 2.5450326009e+01 nan
1.1141198193e-04 1.1887709603e-04 7.8056073529e+00 nan
2.2751924524e-04 9.0143508726e-05 1.1142508349e+01 nan
2.3090203248e-04 8.7393719293e-05 1.1332885393e+01 nan
-1.3468706690e-04 1.0516371034e-04 3.3446517896e+01 nan
-1.3738163931e-04 1.0534997029e-04 3.3299104250e+01 nan
6.3898808983e-05 1.2691775358e-04 1.2056175360e+01 nan
5.9418068723e-05 1.2684321298e-04 8.7559068716e+00 nan
6.3867158783e-05 1.2941670685e-04 7.3906314605e+00 nan
6.1325798220e-05 1.0420628351e-04 2.2553599373e+01 nan
-9.1644498696e-05 1.0936460425e-04 2.7914357431e+01 nan
-9.2794623758e-05 1.1146341290e-04 2.6302218501e+01 nan
-9.5497178985e-05 1.1154412560e-04 2.6484117193e+01 nan
-9.8197993582e-05 1.1163202879e-04 2.6651875022e+01 nan
-1.0089736809e-04 1.1172675482e-04 2.6804996094e+01 nan
-1.1229105390e-04 7.2438936373e-05 7.0718538922e+01 nan
-1.1719732716e-04 7.0685373541e-05 7.3238296963e+01 nan
-1.2024105866e-04 7.0766954465e-05 7.3063855549e+01 nan
-1.2327832128e-04 7.0853394346e-05 7.2880272057e+01 nan
-1.2630875114e-04 7.0944793304e-05 7.2686763007e+01 nan
2.1142081344e-04 8.5932403497e-05 9.9099646610e+00 nan
-1.5143834643e-04 6.8086602078e-05 7.6322752336e+01 nan
1.9874987393e-04 1.3315432577e-04 1.2511011794e+01 nan
-7.6554214317e-05 1.1112733005e-04 2.4961957940e+01 nan
-7.3845963374e-05 1.1109626496e-04 2.4705453406e+01 nan
-7.3633778840e-05 1.1524500605e-04 2.1157932128e+01 nan
-7.0956811688e-05 1.1522198673e-04 2.0824817586e+01 nan
-6.8280763107e-05 1.1520656128e-04 2.0482714748e+01 nan
-6.7012308609e-05 1.1312137881e-04 2.2131977253e+01 nan
-6.2932476168e-05 1.1519900883e-04 1.9775988493e+01 nan
-6.0260829054e-05 1.1520711295e-04 1.9413856981e+01 nan
-5.7591294925e-05 1.1522332694e-04 1.9047658118e+01 nan
-5.2259484137e-05 1.1528085806e-04 1.8309276313e+01 nan
-4.9597794295e-05 1.1532259166e-04 1.7940333739e+01 nan
-4.6939310575e-05 1.1537326552e-04 1.7573968180e+01 nan
-4.1633115270e-05 1.1550247088e-04 1.6856466375e+01 nan
-3.8985941729e-05 1.1558159101e-04 1.6509528589e+01 nan
-3.6343136710e-05 1.1567078593e-04 1.6173528315e+01 nan
-3.1071855018e-05 1.1588068867e-04 1.5543735427e+01 nan
-2.8443877051e-05 1.1600225274e-04 1.5254543469e+01 nan
-2.4310084475e-05 1.1410719349e-04 1.7389041426e+01 nan
-2.0594118873e-05 1.1643835797e-04 1.4517410550e+01 nan
-1.7989879044e-05 1.1660914447e-04 1.4321259497e+01 nan
-1.3817619067e-05 1.1478626703e-04 1.6664627715e+01 nan
-1.1210815063e-05 1.1499120920e-04 1.6529050528e+01 nan
-6.0185624851e-06 1.1544724684e-04 1.6306385808e+01 nan
-3.4337236705e-06 1.1570032070e-04 1.6212198404e+01 nan
-8.5672863066e-07 1.1597094508e-04 1.6122772727e+01 nan
3.8042224042e-08 1.1822160896e-04 1.3710769482e+01 nan
2.5812648725e-06 1.1852048364e-04 1.3697934002e+01 nan
7.6404810402e-06 1.1917903523e-04 1.3635415029e+01 nan
1.0181124333e-05 1.1942742255e-04 1.3664176715e+01 nan
1.4426683046e-05 1.1799743171e-04 1.5173339777e+01 nan
1.6933201633e-05 1.1843739520e-04 1.4880608144e+01 nan
2.1914634368e-05 1.1936969342e-04 1.4485854852e+01 nan
2.4386290831e-05 1.1987141339e-04 1.4464595048e+01 nan
2.4995865814e-05 1.2223566516e-04 1.3520590954e+01 nan
2.7420229772e-05 1.2277494000e-04 1.3925400540e+01 nan
3.1718752847e-05 1.2153942399e-04 1.4803548691e+01 nan
-2.2109853983e-05 1.1847087070e-04 1.2062737772e+01 nan
-2.7306582278e-05 1.1817707873e-04 1.2625681088e+01 nan
-1.6939066211e-05 1.1881568840e-04 1.1642317572e+01 nan
3.4134203688e-05 1.2215499395e-04 1.4900657787e+01 nan
-1.1796580278e-05 1.1921578728e-04 1.1388142373e+01 nan
-6.6848820457e-06 1.1967599749e-04 1.1317482865e+01 nan
3.8917406494e-05 1.2348780145e-04 1.5013385271e+01 nan
3.9302165021e-05 1.2591717633e-04 1.5939941323e+01 nan
5.6503796970e-05 1.0473529688e-04 2.3836588083e+01 nan
5.3875556342e-05 1.0380628802e-04 2.5181781384e+01 nan
-1.5995473422e-04 3.0911910147e-05 1.5200457108e+02 nan
-1.6346074530e-04 3.0951093606e-05 1.5209471674e+02 nan
1.8523955908e-04 8.8985868518e-05 9.1513652678e+00 nan
1.8926900286e-04 9.0219616889e-05 8.9781234176e+00 nan
3.0835991592e-04 4.1016487740e-05 1.8048558663e+01 nan
1.4674317408e-04 1.0032628412e-04 9.6434965186e+00 nan
3.7495479294e-05 8.2243356649e-05 3.9780289672e+01 nan
-8.4392084697e-05 9.7020767535e-05 3.9432134760e+01 nan
-8.4690524530e-05 9.3049859498e-05 4.3898569827e+01 nan
-8.1827800740e-05 9.3005402094e-05 4.3876884503e+01 nan
-8.7546938782e-05 9.3101117372e-05 4.3914771549e+01 nan
-1.1312105790e-04 9.3828720465e-05 4.3754779094e+01 nan
-1.1029500061e-04 9.3722959852e-05 4.3809610224e+01 nan
9.6365432894e-05 9.6992646942e-05 1.9372332052e+01 nan
-1.2996224384e-04 9.4599083582e-05 4.3148019189e+01 nan
-1.8987433307e-04 5.2869199986e-05 1.0121629108e+02 nan
-2.2812406763e-04 3.4359585808e-05 1.4350649680e+02 nan
-2.3063424504e-04 3.0828025859e-05 1.5413385938e+02 nan
-2.3384985928e-04 3.0987965448e-05 1.5324067305e+02 nan
1.0196652081e-04 1.2727482346e-04 7.5280219859e+00 nan
1.2812650463e-04 1.3474246977e-04 6.7612659445e+00 nan
1.3161822333e-04 1.3282562279e-04 6.5727724317e+00 nan
1.2814150610e-04 1.3104677101e-04 5.8185122117e+00 nan
7.8292442312e-05 1.1965770765e-04 1.3989318691e+01 nan
-1.1594199947e-04 9.3940625452e-05 4.3688315991e+01 nan
-1.6280345261e-04 4.1101142760e-05 1.2745265868e+02 nan
5.3311552475e-05 1.0138678748e-04 2.5784312119e+01 nan
5.0657067759e-05 1.0053112580e-04 2.7104678055e+01 nan
2.7528727085e-04 1.7499899254e-05 4.4436227866e+01 nan
-1.2933195573e-04 7.1041311977e-05 7.2482409975e+01 nan
2.6664292107e-04 1.4259103336e-05 4.5242364235e+01 nan
2.0846297192e-04 7.1044637440e-05 1.0339267378e+01 nan
-2.4763933889e-04 1.5705709564e-05 2.0907512480e+02 nan
-2.3038867301e-04 5.6420355486e-05 8.7703826128e+01 nan
2.9237532836e-04 8.6108364685e-05 1.5743774466e+01 nan
-2.8156306915e-04 1.3582094787e-05 2.0868700505e+02 nan
-2.8500328139e-04 1.1933394848e-05 2.1702771924e+02 nan
-2.8178490877e-04 9.9200195679e-06 2.3270145893e+02 nan
-2.8874136777e-04 8.4284784255e-06 2.4146442700e+02 nan
-2.9221985718e-04 8.5886553165e-06 2.3903971950e+02 nan
4.6006424727e-05 1.0127329704e-04 2.8055728620e+01 nan
-1.9101277351e-04 6.6601295211e-05 7.5868792862e+01 nan
-1.5529913171e-04 7.0187889193e-05 7.2954243976e+01 nan
3.6276147121e-04 1.5761180682e-05 2.6728177138e+01 nan
3.5887205322e-04 1.5611487806e-05 2.5727294829e+01 nan
-3.6091973022e-05 1.1149635881e-04 2.0904401305e+01 nan
8.9574584321e-05 1.2323492937e-04 1.1754551314e+01 nan
-1.7479846789e-05 1.1241605188e-04 1.9472302263e+01 nan
3.4176172867e-06 1.1431765319e-04 1.8338413793e+01 nan
3.0429296098e-04 4.0495341954e-05 1.7603236940e+01 nan
3.0500747792e-04 4.4184145308e-05 1.7652126037e+01 nan
3.0094496878e-04 4.3634829700e-05 1.7228516009e+01 nan
1.1120955045e-05 1.1534046866e-04 1.7662414007e+01 nan
4.3299150111e-05 1.2254942897e-04 1.4666177013e+01 nan
4.5671055756e-05 1.2334761644e-04 1.4276507374e+01 nan
4.5952029402e-05 1.2578195067e-04 1.5110797560e+01 nan
4.8252646319e-05 1.2663705769e-04 1.5133176069e+01 nan
-2.1478972737e-04 4.4828295412e-05 1.1682780784e+02 nan
3.2673093581e-04 1.4173542955e-05 2.0107431937e+01 nan
3.3085884823e-04 1.4421344079e-05 2.0722928154e+01 nan
1.2927478884e-04 9.7229352479e-05 1.2205159562e+01 nan
-2.0089527945e-04 4.9698807147e-05 1.0702090980e+02 nan
-2.0678483685e-04 2.8292010220e-05 1.6217669549e+02 nan
-2.1215587915e-04 1.6812570378e-05 1.9887616259e+02 nan
-2.6408301846e-04 9.4093455036e-06 2.3928327725e+02 nan
-2.6772400648e-04 9.4807450750e-06 2.3919023438e+02 nan
2.9392531331e-04 1.2168298754e-05 4.2035269686e+01 nan
2.8993401061e-04 1.2075327191e-05 4.3551124584e+01 nan
3.2333097649e-04 9.2262543740e-05 1.6436429887e+01 nan
3.2666972140e-04 8.9078621845e-05 1.6785863235e+01 nan
3.6053800498e-05 1.0079611028e-04 3.0349584731e+01 nan
2.7256884410e-05 9.6863464386e-05 3.5207437126e+01 nan
2.4535422458e-05 9.6377684147e-05 3.6225323556e+01 nan
2.1803857155e-05 9.5922478982e-05 3.7197751303e+01 nan
1.7154087704e-05 9.7270644894e-05 3.6704391842e+01 nan
1.4415982534e-05 9.6885408633e-05 3.7449809542e+01 nan
1.3551224986e-05 9.4724783113e-05 3.9776016724e+01 nan
1.1669075984e-05 9.6525361624e-05 3.8138688418e+01 nan
1.0782054899e-05 9.4376825828e-05 4.0510325622e+01 nan
8.0043121493e-06 9.4052299463e-05 4.1180358270e+01 nan
2.4245464964e-06 9.3468804741e-05 4.2332945747e+01 nan
-3.7673693875e-07 9.3207576024e-05 4.2820729581e+01 nan
-3.1851241067e-06 9.2965255416e-05 4.3254209921e+01 nan
-6.0002578995e-06 9.2740881308e-05 4.3637395984e+01 nan
-1.0582941821e-05 9.4410324156e-05 4.1706648792e+01 nan
-1.3393933788e-05 9.4226092741e-05 4.1955263033e+01 nan
-1.7321164441e-05 9.2004568007e-05 4.4752518784e+01 nan
-2.1858361488e-05 9.3759391188e-05 4.2529923168e+01 nan
-2.4689294995e-05 9.3630117541e-05 4.2675841198e+01 nan
-2.7524452016e-05 9.3512912107e-05 4.2803954643e+01 nan
-3.0363532854e-05 9.3407196412e-05 4.2916837719e+01 nan
-3.6052283175e-05 9.3228090733e-05 4.3105815601e+01 nan
-3.8901367545e-05 9.3153724265e-05 4.3185699437e+01 nan
-4.1753204314e-05 9.3088891529e-05 4.3257954662e+01 nan
-4.4607504234e-05 9.3033184169e-05 4.3323882801e+01 nan
-4.5931436747e-05 9.1041973577e-05 4.5863745681e+01 nan
-5.0322342986e-05 9.2947689045e-05 4.3440898805e+01 nan
-5.3182307577e-05 9.2917240732e-05 4.3493589872e+01 nan
-5.6043586535e-05 9.2894594109e-05 4.3543192748e+01 nan
-5.8905893326e-05 9.2879488778e-05 4.3590096635e+01 nan
-6.0328934119e-05 9.0908995301e-05 4.6060004105e+01 nan
-6.3211117904e-05 9.0904701571e-05 4.6088112549e+01 nan
-6.4632442103e-05 9.2870957442e-05 4.3676733751e+01 nan
-6.7496108876e-05 9.2877120286e-05 4.3716619319e+01 nan
-7.0359638897e-05 9.2890004171e-05 4.3754128624e+01 nan
-7.3222774965e-05 9.2909445302e-05 4.3789100213e+01 nan
4.6622325782e-05 1.0361858938e-04 2.6785902306e+01 nan
1.0079084243e-04 1.4449456141e-04 9.9310423730e+00 nan
4.1567673625e-05 7.8834680849e-05 4.1397101909e+01 nan
-2.3567593447e-04 1.2256329136e-05 2.2034611257e+02 nan
1.9046143357e-04 5.7105031721e-05 2.8911216931e+01 nan
1.3456676366e-04 8.6461287323e-05 1.6269033876e+01 nan
-2.7130235650e-04 9.5685295969e-06 2.3853245957e+02 nan
-1.7895099916e-04 2.7831002331e-05 1.6138797601e+02 nan
-1.8947256315e-04 2.7974262017e-05 1.6185298790e+02 nan
-1.9295817640e-04 2.8028837280e-05 1.6197756508e+02 nan
-2.3319590902e-04 2.7350741160e-05 1.6533966541e+02 nan
-2.2986475995e-04 2.7221618402e-05 1.6596595757e+02 nan
3.5597797192e-04 5.5120274599e-05 2.2368877161e+01 nan
3.5923984818e-04 5.1629368588e-05 2.3232329305e+01 nan
-2.4591566708e-04 7.5544705680e-05 4.8031770555e+01 nan
-2.6532233641e-04 4.5036044299e-05 9.9960763247e+01 nan
2.0759332473e-05 1.2359766945e-04 1.2295120556e+01 nan
-2.5925435154e-04 6.1461326295e-06 2.5280846901e+02 nan
-2.7059711500e-04 6.2512758690e-06 2.5722339308e+02 nan
-3.1469505509e-04 2.0948548452e-05 1.2338611238e+02 nan
-3.3933701829e-04 3.5012160790e-05 6.9964436357e+01 nan
-3.3377777362e-04 3.7138743274e-05 6.6977149845e+01 nan
1.3103639916e-05 1.2230899126e-04 1.1885614998e+01 nan
2.7825187061e-04 1.2417185131e-04 1.4279064370e+01 nan
2.8169079175e-04 1.2122107545e-04 1.4375576999e+01 nan
-1.8070891080e-04 9.6807852682e-05 3.8335414350e+01 nan
-3.4490359686e-04 3.2676471572e-05 7.6461992832e+01 nan
2.0401062366e-04 1.4943743163e-04 1.4795042247e+01 nan
1.7306640307e-04 1.5437085135e-04 1.5374891179e+01 nan
2.9922813143e-04 1.1017578038e-04 1.4921426506e+01 nan
-1.9719037360e-04 9.2587335392e-05 4.0110866044e+01 nan
1.8082150478e-04 1.5330534788e-04 1.5237295021e+01 nan
1.8457992086e-04 1.5085301007e-04 1.4812098470e+01 nan
3.6863661611e-04 3.6631382510e-05 2.7388612159e+01 nan
3.1327070609e-04 1.0168635407e-04 1.5548687607e+01 nan
3.0990310956e-04 1.0478681022e-04 1.5301279587e+01 nan
-1.8332043087e-04 9.7142022452e-05 3.7677136727e+01 nan
2.4550282372e-04 1.3856620148e-04 1.4205497779e+01 nan
5.9416219098e-05 1.2930919169e-04 9.0882319232e+00 nan
-1.0897706037e-04 1.1205390430e-04 2.7167647549e+01 nan
7.6995799370e-05 1.3733416740e-04 5.1081357868e+00 nan
-3.0879080387e-04 4.9261111555e-05 6.3370369046e+01 nan
-3.1349552342e-04 4.5842982632e-05 6.4678142267e+01 nan
-3.1715224479e-04 4.4871056301e-05 6.4069704928e+01 nan
-2.5756796857e-04 7.1939749751e-05 4.8929385026e+01 nan
3.1850122408e-04 1.3559076312e-05 1.9220194457e+01 nan
3.1436963168e-04 1.3208184102e-05 1.8667820485e+01 nan
-1.2579341098e-04 1.0876571987e-04 3.0438753038e+01 nan
3.4302422674e-04 1.5037718361e-05 2.2873706803e+01 nan
3.4702870851e-04 1.5180215421e-05 2.3524767565e+01 nan
2.7806174631e-04 1.1789741298e-05 4.5537384733e+01 nan
-8.4345096326e-05 1.1541142684e-04 2.2379648275e+01 nan
-1.1166361454e-04 1.1217766459e-04 2.7254141704e+01 nan
1.8479693497e-04 1.5459591647e-04 1.5501022579e+01 nan
-2.4942230583e-04 2.8199569112e-05 1.5938553632e+02 nan
-2.4624848598e-04 2.7999077166e-05 1.6101951215e+02 nan
1.8855769961e-04 1.5211030753e-04 1.5084716674e+01 nan
-1.3827829183e-04 1.0750875743e-04 3.1576381237e+01 nan
1.0513300484e-04 1.2567895613e-04 6.8698328077e+00 nan
1.0192119393e-04 1.2387206273e-04 1.0042881385e+01 nan
8.0943106909e-05 1.1830756862e-04 1.4220718595e+01 nan
5.7005171494e-05 1.0718970859e-04 2.3257197774e+01 nan
1.3405207065e-04 8.3225800636e-05 1.7740563673e+01 nan
1.3040688362e-04 8.2140251520e-05 1.9313410155e+01 nan
2.6632497489e-04 9.1874850145e-05 1.4123840889e+01 nan
2.6290976250e-04 9.4798365908e-05 1.3941410420e+01 nan
-3.1490645995e-04 3.8631525202e-05 7.1726299862e+01 nan
2.2646023289e-04 1.4101647208e-04 1.4242590583e+01 nan
1.8438412054e-04 1.0655737926e-04 8.3479660370e+00 nan
1.8096825939e-04 1.0904044754e-04 8.1792358652e+00 nan
2.2413039676e-04 9.2877651656e-05 1.0962627380e+01 nan
2.2350317959e-04 8.9119944741e-05 1.0796489102e+01 nan
2.6345575198e-04 9.8588347327e-05 1.4031191103e+01 nan
-1.3535527550e-04 7.1250279875e-05 7.2037389387e+01 nan
2.3271493479e-04 9.8680173150e-05 1.1907894529e+01 nan
2.3670160273e-04 9.9671355659e-05 1.2263412892e+01 nan
3.6539332320e-04 4.0284610338e-05 2.6140910935e+01 nan
2.2473180478e-04 9.6643247038e-05 1.1167052126e+01 nan
-2.8084384626e-05 1.1181963814e-04 2.0220104422e+01 nan
-1.8996306065e-04 9.3709995294e-05 4.0154881929e+01 nan
-4.1452127485e-05 1.1133337425e-04 2.1409328570e+01 nan
3.2840917703e-04 4.3432066367e-05 2.0562636458e+01 nan
3.3234669653e-04 4.3891385340e-05 2.1087485541e+01 nan
2.9017171919e-04 4.9225500407e-05 1.6124653040e+01 nan
2.8608952026e-04 4.8590917854e-05 1.5749331944e+01 nan
2.8274011848e-04 5.1613732803e-05 1.5418927159e+01 nan
2.8199446670e-04 4.7940660637e-05 1.5380985561e+01 nan
2.7865019982e-04 5.0938050091e-05 1.5056236678e+01 nan
2.7788768098e-04 4.7273258085e-05 1.5016387431e+01 nan
-4.6827088909e-05 1.1120911170e-04 2.1943204250e+01 nan
-5.2214645742e-05 1.1112112812e-04 2.2496375061e+01 nan
-2.4349978309e-04 6.7776998117e-05 6.1882271490e+01 nan
2.5206641923e-04 9.9690090832e-05 1.3352141658e+01 nan
2.7654082843e-04 8.3002849377e-05 1.4776306882e+01 nan
2.5713604826e-04 8.2634454596e-05 1.3313047067e+01 nan
2.6114860713e-04 8.3490398799e-05 1.3639456767e+01 nan
-5.7612530944e-05 1.1106741423e-04 2.3058854318e+01 nan
2.9831224737e-04 1.0230781262e-04 1.5344486988e+01 nan
-2.6852441198e-04 4.1173652827e-05 1.0756530846e+02 nan
9.8185300949e-05 1.1237557309e-04 1.4284730047e+01 nan
7.4297965763e-05 1.0442311280e-04 1.9817301694e+01 nan
7.4664182084e-05 1.0714685658e-04 1.8829998524e+01 nan
5.7136826344e-05 1.2569016772e-04 1.0094970251e+01 nan
7.7551461152e-05 1.3430074200e-04 6.3165209080e+00 nan
-1.2433940009e-04 5.2622746517e-05 1.0368866370e+02 nan
8.3294929246e-05 1.1107045018e-04 1.6309912650e+01 nan
-1.0685154983e-04 1.0781485466e-04 3.0321495768e+01 nan
-1.2310157441e-04 1.0860731066e-04 3.0477192286e+01 nan
2.0754928226e-04 4.8174545200e-05 3.4989010433e+01 nan
2.1149092473e-04 4.8764706331e-05 3.3685111490e+01 nan
-1.1648155520e-04 7.4438020081e-05 6.7773538407e+01 nan
2.7976999141e-04 1.0584066390e-04 1.4757997325e+01 nan
-1.2248278736e-04 7.4617294645e-05 6.7432611054e+01 nan
-1.8602704640e-04 3.4681567596e-05 1.4352604371e+02 nan
-1.4376326439e-04 4.2489281252e-05 1.2421989029e+02 nan
1.6178771194e-04 8.1909252603e-05 1.3479050826e+01 nan
-1.5026327180e-04 7.1874547699e-05 7.0661331820e+01 nan
-1.4730181820e-04 7.1736929175e-05 7.0971808562e+01 nan
1.4846490615e-04 8.7651206492e-05 1.3247398120e+01 nan
3.1431075338e-04 3.0936755116e-05 1.8785953093e+01 nan
-1.7596088091e-04 5.5945952773e-05 9.6025196897e+01 nan
2.3697748042e-04 7.8114144528e-05 1.1642131816e+01 nan
1.8043321569e-04 1.4578389171e-04 1.3644827127e+01 nan
-2.9482845249e-04 1.2683581073e-05 2.0759044216e+02 nan
-3.0262354491e-04 9.1792371916e-06 2.3020235998e+02 nan
-3.0606848665e-04 9.4173815745e-06 2.2479103076e+02 nan
-1.9169142986e-04 4.9207755099e-05 1.0878760562e+02 nan
2.0286702860e-04 6.2812917533e-05 1.5404162840e+01 nan
3.0165197226e-04 4.7328476830e-05 1.7268422158e+01 nan
-1.6695853360e-04 3.0992768399e-05 1.5218340460e+02 nan
-3.1051577437e-04 2.2772139292e-05 1.2093237024e+02 nan
-2.7538296270e-04 4.5443593676e-05 9.2023648905e+01 nan
2.7454904545e-04 5.0245229401e-05 1.4698672323e+01 nan
2.7377018986e-04 4.6587832069e-05 1.4666511638e+01 nan
2.7530284155e-04 5.3917114695e-05 1.4738538481e+01 nan
3.0117455662e-04 2.5917391277e-05 1.7475036461e+01 nan
-1.9798485589e-04 3.1512461167e-05 1.5247537283e+02 nan
-3.4555743540e-04 1.1559398229e-05 1.3335598214e+02 nan
-3.4923513507e-04 1.2101472704e-05 1.1326820768e+02 nan
-3.4189838214e-04 1.1023444216e-05 1.3327212944e+02 nan
1.3157466299e-04 1.2910391816e-04 5.8435905545e+00 nan
1.3511975938e-04 1.3085511663e-04 6.4742506238e+00 nan
1.1800957726e-04 1.2931284421e-04 4.9094016739e+00 nan
9.2531781064e-05 1.2180896735e-04 1.1966718482e+01 nan
1.4351009252e-04 1.0251421954e-04 9.3916509872e+00 nan
1.3986782793e-04 1.0114652562e-04 9.9867286596e+00 nan
2.4808529138e-04 9.8766910419e-05 1.3053700669e+01 nan
-2.5732969459e-04 4.5597632697e-05 1.0299769687e+02 nan
-2.8288001848e-04 2.3932294392e-05 1.4844682116e+02 nan
2.9534781825e-04 3.5752595694e-05 1.6745652039e+01 nan
1.2619247100e-04 9.9274137550e-05 1.2044762985e+01 nan
9.5893892852e-05 9.4019556956e-05 2.0459513448e+01 nan
1.0257085555e-04 9.6469209042e-05 1.8827462268e+01 nan
-2.1977780419e-04 2.6900337599e-05 1.6704857571e+02 nan
3.0448396476e-04 2.2780258939e-05 1.7971344324e+01 nan
-1.7887155799e-04 1.6592668042e-05 1.9316770981e+02 nan
-1.7514234751e-04 1.6576160987e-05 1.9261441589e+02 nan
3.5561801074e-04 1.9306513647e-05 2.5541306252e+01 nan
6.7461029729e-05 1.1153455286e-04 1.8740279480e+01 nan
9.8420357632e-05 1.1556271648e-04 1.3332323408e+01 nan
1.8445961680e-04 6.5124526117e-05 2.0002744000e+01 nan
1.6107785196e-04 1.3866632435e-04 1.0378162816e+01 nan
1.6474695570e-04 1.3636566764e-04 1.0190764519e+01 nan
1.2809529368e-04 1.2735182496e-04 5.4729624591e+00 nan
1.3501794296e-04 8.9729289874e-05 1.4535729535e+01 nan
-1.7542485514e-04 2.7789336447e-05 1.6121526251e+02 nan
-2.9237276360e-04 3.8989791534e-05 8.7359307498e+01 nan
-1.6271563453e-04 5.3569143307e-05 1.0112944667e+02 nan
-1.6134777486e-04 5.7201937348e-05 9.4324554278e+01 nan
2.2686281855e-04 1.4479002877e-04 1.4441673833e+01 nan
-2.4913376430e-04 4.8540444823e-05 9.9389897975e+01 nan
-2.4640396607e-04 5.0262566383e-05 9.6351258873e+01 nan
2.5298872692e-04 1.3673358979e-04 1.4163498437e+01 nan
2.5649163097e-04 1.3389420796e-04 1.4152019187e+01 nan
-3.2046857348e-04 1.6344579743e-05 1.3738316510e+02 nan
-3.2176579366e-04 1.3727578608e-05 1.5174300656e+02 nan
-3.1897823880e-04 4.6811402625e-05 6.1819022034e+01 nan
1.0031058315e-04 1.4785733423e-04 1.3173435765e+01 nan
9.7314628608e-05 1.4592751578e-04 1.1555219107e+01 nan
-3.2326244326e-04 4.5801687607e-05 6.1641305580e+01 nan
-3.3652816718e-04 3.8880214291e-05 6.5814255515e+01 nan
1.0335748204e-04 1.4975734424e-04 1.4330606438e+01 nan
2.2326760641e-04 1.4749204872e-04 1.4595912076e+01 nan
-1.4094977987e-04 1.0771064710e-04 3.1404908061e+01 nan
2.7480401149e-04 1.2710516259e-04 1.4201082907e+01 nan
3.2711929557e-04 9.3069003176e-05 1.6375921825e+01 nan
3.3053682663e-04 8.9982106523e-05 1.6719253314e+01 nan
2.0031726684e-04 1.5202026824e-04 1.5086400202e+01 nan
-1.9051969163e-04 9.5962258659e-05 3.7783479817e+01 nan
5.7180141106e-05 1.3062057457e-04 1.4811668538e+01 nan
-1.5523377900e-04 1.0475406065e-04 3.3369875430e+01 nan
-1.5257554788e-04 1.0451916068e-04 3.3679022620e+01 nan
-1.1000897947e-04 1.1426610405e-04 2.5672941250e+01 nan
7.4066766880e-05 1.3811475288e-04 5.0746389323e+00 nan
7.2504093534e-05 1.3331453317e-04 7.3648923337e+00 nan
7.0087466445e-05 1.3417450061e-04 2.2732516449e+01 nan
3.3008102298e-04 1.0743666493e-05 2.0471347829e+01 nan
-2.4594630902e-04 7.7968172142e-05 4.4266084713e+01 nan
3.2378527677e-04 9.6239456929e-05 1.6050626309e+01 nan
-1.3383547214e-04 1.0928908489e-04 3.0197614432e+01 nan
3.6895325067e-04 4.0922275266e-05 2.6385566464e+01 nan
-1.2407516171e-04 1.1075274038e-04 2.8896662760e+01 nan
3.5045607602e-05 1.2699630418e-04 1.6378127398e+01 nan
3.3416233863e-04 1.0955818848e-05 2.1037828828e+01 nan
3.5960350787e-04 5.5824829340e-05 2.2416980355e+01 nan
3.5635414064e-04 5.9283634819e-05 2.1620697076e+01 nan
3.6283956668e-04 5.2332368738e-05 2.3288688136e+01 nan
3.7216408864e-04 3.7270004993e-05 2.7690239259e+01 nan
-2.3010649813e-04 5.2179247426e-05 9.6889895803e+01 nan
-2.9254526990e-04 4.9796828637e-06 2.6995482112e+02 nan
-1.6479698953e-04 2.7680498324e-05 1.6068332116e+02 nan
-1.5410322498e-04 2.7585484163e-05 1.6019240506e+02 nan
-1.2672251480e-04 5.6226121858e-05 9.6947032539e+01 nan
3.6208997288e-04 1.1872362065e-05 2.5579474577e+01 nan
3.5814926191e-04 1.1808494237e-05 2.4721837040e+01 nan
3.6599337435e-04 1.1983779913e-05 2.6680744406e+01 nan
1.1149874133e-04 1.2230262091e-04 6.1929696796e+00 nan
1.0507172319e-04 1.2226579643e-04 8.9729992026e+00 nan
1.3713814133e-04 8.1095217193e-05 1.8490277738e+01 nan
3.4630037558e-04 1.1371433414e-05 2.2958724189e+01 nan
8.6443052099e-05 1.1547820215e-04 1.4548246750e+01 nan
3.1765780317e-04 9.9361855124e-06 2.0655818249e+01 nan
3.1356633481e-04 9.6089172087e-06 2.6478587253e+01 nan
3.1022467726e-04 1.2843015537e-05 2.1233493889e+01 nan
3.0947710498e-04 9.4254278442e-06 3.3528643813e+01 nan
3.1415159890e-05 1.0187998253e-04 3.0388030292e+01 nan
2.3380749257e-05 1.0033575005e-04 3.2907706582e+01 nan
2.9330032901e-04 9.1758247345e-06 4.3524809931e+01 nan
2.8928256019e-04 9.1754597897e-06 4.4557203887e+01 nan
2.9729988638e-04 9.2486491917e-06 4.1980555968e+01 nan
2.6945482096e-04 8.6268364607e-06 4.7045251718e+01 nan
2.6549062251e-04 8.4370792589e-06 4.6952485825e+01 nan
2.7634155274e-04 1.0881113698e-04 1.4607624299e+01 nan
5.0122960328e-05 1.2265973360e-04 1.3347349090e+01 nan
4.2930832738e-05 1.2014628861e-04 1.5417479494e+01 nan
2.3044093807e-04 1.4206705417e-04 1.4313833486e+01 nan
2.3002766548e-04 1.3828801591e-04 1.4129865259e+01 nan
-3.6659917902e-04 1.1099077185e-05 1.0013448484e+02 nan
2.2073532946e-04 9.5596057784e-05 1.0793430508e+01 nan
2.1087434771e-04 4.5772946884e-05 3.5599649463e+01 nan
1.8833760971e-04 1.0784552431e-04 8.6940513663e+00 nan
3.0531622681e-04 2.6389431595e-05 1.7826747729e+01 nan
1.8146973273e-04 1.1284737997e-04 8.3979652255e+00 nan
-2.7105734614e-04 4.1780208258e-05 1.0406732860e+02 nan
-1.2040465246e-04 1.0845666710e-04 3.0496114540e+01 nan
3.0847727752e-04 9.3044843107e-05 1.6105276375e+01 nan
1.8856497634e-04 8.6479596216e-05 9.3067820831e+00 nan
-9.8675423640e-05 1.0751535554e-04 3.0028607618e+01 nan
-1.4187749695e-04 1.0358809899e-04 3.4732848747e+01 nan
-2.3613241906e-04 6.8417661249e-05 6.3314950298e+01 nan
-2.2676487553e-04 4.5742812617e-05 1.1271822026e+02 nan
-1.8210136866e-04 9.2692113184e-05 4.2314853721e+01 nan
-1.4672745198e-04 8.9510523526e-05 4.8289345898e+01 nan
2.7993788630e-04 8.0010371206e-05 1.5028701935e+01 nan
2.8391574172e-04 8.0778602088e-05 1.5306245239e+01 nan
2.8333128888e-04 7.6999708154e-05 1.5298526723e+01 nan
2.8731022367e-04 7.7747640839e-05 1.5582915126e+01 nan
1.4719797125e-04 1.0390519150e-04 8.8768941644e+00 nan
3.2617475681e-04 5.4399392533e-05 1.9734218546e+01 nan
1.0144381568e-04 1.1394641143e-04 1.3504627015e+01 nan
-3.2338432881e-04 3.5689244629e-05 7.1753104205e+01 nan
6.0833353598e-05 1.0168821661e-04 2.3485464332e+01 nan
7.7168501836e-05 1.0562179538e-04 1.8953521968e+01 nan
7.7504837159e-05 1.0839724869e-04 1.7971169190e+01 nan
-2.9545395794e-04 3.7593187307e-05 8.8112813847e+01 nan
-2.6185231553e-04 2.3450638728e-05 1.7266405657e+02 nan
-2.5868210676e-04 2.7025675576e-05 1.5993021363e+02 nan
-1.6166421888e-04 1.0108669861e-04 3.6143724097e+01 nan
-1.6241501146e-04 1.0328503816e-04 3.4185603982e+01 nan
-2.0912895423e-04 4.6380884924e-05 1.1374502110e+02 nan
-1.5778373842e-04 4.9804036079e-05 1.0870985923e+02 nan
3.3001634551e-04 8.5889530922e-05 1.7163639638e+01 nan
3.3387186834e-04 8.6788579253e-05 1.7099241089e+01 nan
-2.8234483642e-04 3.7789037533e-05 1.0211853999e+02 nan
-1.3730704934e-04 5.2871338812e-05 1.0301041499e+02 nan
-1.4052998956e-04 5.2942669788e-05 1.0282098610e+02 nan
-1.3630263832e-04 5.6437202203e-05 9.6379605488e+01 nan
6.5792131222e-05 1.3336679648e-04 2.2358297147e+00 nan
-2.5513661698e-04 3.8746687301e-05 1.2257770719e+02 nan
1.9999357395e-04 8.6304600292e-05 9.3695281919e+00 nan
-6.0068275004e-05 5.3885545752e-05 1.0244401743e+02 nan
8.8651941180e-05 1.3977992217e-04 2.7062371511e+00 nan
8.8068428661e-05 1.4319245508e-04 6.3611844981e+00 nan
8.4598096472e-05 1.4437551093e-04 7.0424827042e+00 nan
1.6789811225e-04 1.2636215588e-04 8.5743699867e+00 nan
-1.7624019349e-04 8.1584046081e-05 5.5785757142e+01 nan
1.9603645602e-04 1.4705989666e-04 1.4409267573e+01 nan
1.2270757897e-04 9.7968955520e-05 1.3561881890e+01 nan
-1.6817701802e-04 9.7510867421e-05 3.8947366945e+01 nan
-1.6623708653e-04 9.9429240249e-05 3.7311588686e+01 nan
-1.6888547638e-04 9.9709523855e-05 3.6838343955e+01 nan
-2.2609263848e-04 6.8748733844e-05 6.5715962061e+01 nan
-2.0889234903e-04 7.4779713637e-05 6.0263795354e+01 nan
-1.2108059820e-04 5.2569155155e-05 1.0384261953e+02 nan
-2.4257072295e-04 2.4171438952e-05 1.7571269874e+02 nan
-2.3924020544e-04 2.4036655209e-05 1.7654539714e+02 nan
1.2767343389e-04 1.1646506695e-04 7.0780244436e+00 nan
-8.7022291735e-05 1.1547135367e-04 2.2653150048e+01 nan
-1.3167494160e-04 8.6656868275e-05 5.1810410419e+01 nan
-2.7440071308e-04 3.7954857497e-05 1.1100986767e+02 nan
3.0931502523e-04 7.0552760571e-05 1.7383927416e+01 nan
8.3013348670e-05 1.0818197805e-04 1.7277599866e+01 nan
1.3468317442e-04 1.4942296082e-04 1.1954225600e+01 nan
1.3086925150e-04 1.5119184295e-04 1.2529021323e+01 nan
1.3442366074e-04 1.5309610147e-04 1.3087613887e+01 nan
1.3053435331e-04 1.5480240159e-04 1.3661702600e+01 nan
1.2707239696e-04 1.5285831697e-04 1.3287536987e+01 nan
1.3410095415e-04 1.5675559477e-04 1.4227270805e+01 nan
-1.3835534464e-04 7.1363032315e-05 7.1794681418e+01 nan
3.4180313334e-04 2.9791591632e-05 2.3137655644e+01 nan
3.4239746489e-04 3.3611735380e-05 2.3144990754e+01 nan
3.3905326515e-04 3.7078066261e-05 2.2434909241e+01 nan
2.5710902282e-04 2.5117107835e-05 4.2188038826e+01 nan
-2.1614436016e-04 7.1519559206e-05 6.3670974978e+01 nan
3.0509527567e-04 9.6152552651e-05 1.5828370273e+01 nan
2.2957064156e-04 7.9911059818e-05 1.1106902940e+01 nan
-1.9975424020e-04 9.2990770775e-05 3.9197793987e+01 nan
-1.7723562465e-04 6.7558417600e-05 7.5672566350e+01 nan
-1.8013333599e-04 6.7758432526e-05 7.5107672930e+01 nan
2.5584632173e-04 7.5154384618e-05 1.3106676655e+01 nan
-1.9859813122e-04 7.5582322580e-05 6.0990243720e+01 nan
1.5312890800e-04 1.2787711993e-04 7.6325415882e+00 nan
1.4956817340e-04 1.3007350489e-04 7.7198711289e+00 nan
1.4973303252e-04 1.3388652845e-04 8.5218981858e+00 nan
-1.4119887350e-04 8.3166352362e-05 5.5812754003e+01 nan
-1.6583589686e-04 8.2753202006e-05 5.5192768039e+01 nan
-1.6862026102e-04 8.2976669277e-05 5.4711572461e+01 nan
1.3809097513e-04 1.5499047753e-04 1.3837183359e+01 nan
-1.4456725602e-04 1.0379317967e-04 3.4517475728e+01 nan
1.8994444237e-04 9.3974962698e-05 8.7666855865e+00 nan
1.9329915022e-04 9.1438499752e-05 8.9838049169e+00 nan
1.9395459797e-04 9.5199715394e-05 8.8844287177e+00 nan
-1.4433027718e-04 7.1605893902e-05 7.1263424528e+01 nan
1.8455022940e-04 8.5279468520e-05 9.7508920259e+00 nan
2.0254512643e-04 1.0135890105e-04 9.5557248547e+00 nan
2.4369892322e-04 1.2338428758e-04 1.3769606554e+01 nan
-1.0140362330e-04 1.0760831377e-04 3.0139992638e+01 nan
9.1489956577e-05 1.4190924619e-04 5.9559726913e+00 nan
9.0885438625e-05 1.4529197785e-04 1.0498396649e+01 nan
2.6499417914e-04 1.0999636824e-04 1.4226989520e+01 nan
-2.6496801171e-04 2.3707671265e-05 1.6968698731e+02 nan
-2.6803094210e-04 2.3996406289e-05 1.6621125399e+02 nan
1.9447126565e-04 1.2813621420e-04 1.1466949535e+01 nan
-6.3363294921e-05 5.3878042682e-05 1.0243129724e+02 nan
-6.6658000837e-05 5.3874799551e-05 1.0240015862e+02 nan
-6.3354119227e-05 5.7385508920e-05 9.6098054786e+01 nan
-6.9952048993e-05 5.3875644622e-05 1.0235285513e+02 nan
2.1391879678e-04 1.0098381675e-04 1.0487441191e+01 nan
-2.4086312241e-04 4.1115518986e-05 1.2138524465e+02 nan
-2.1876603402e-04 7.1924218465e-05 6.2407894399e+01 nan
3.7123722993e-04 2.4389407227e-05 3.0148022119e+01 nan
3.7482103304e-04 2.4828115468e-05 3.1310633694e+01 nan
3.7451379391e-04 2.0549916607e-05 3.1632106702e+01 nan
3.7807934171e-04 2.0964783513e-05 3.3229172533e+01 nan
3.7783352325e-04 1.6633565656e-05 3.3272836153e+01 nan
3.7831774431e-04 2.5366640309e-05 3.2330307763e+01 nan
3.8136141371e-04 1.7042639077e-05 3.5554028172e+01 nan
-2.7103595881e-04 2.4320032512e-05 1.6219255283e+02 nan
3.5887379266e-04 4.7455867422e-05 2.4006222720e+01 nan
2.0689488229e-04 6.3755485787e-05 1.3347246390e+01 nan
1.8119862983e-04 6.7554243866e-05 1.8567776267e+01 nan
-4.9099959870e-05 3.0508596974e-05 1.5099822411e+02 nan
2.5657333098e-04 1.0439083385e-04 1.3751507546e+01 nan
1.6860084119e-04 1.3783122453e-04 1.0904730873e+01 nan
-1.0537321316e-04 5.7658400899e-05 9.4787324773e+01 nan
-1.0215173656e-04 5.7615999007e-05 9.4929102345e+01 nan
-1.0268276485e-04 5.4084269568e-05 1.0133072198e+02 nan
-7.3245105548e-05 5.3880404202e-05 1.0229143145e+02 nan
-7.8079170732e-05 5.5645042586e-05 9.8974093774e+01 nan
-7.3105582636e-05 5.7389982778e-05 9.5937680772e+01 nan
-8.1346496383e-05 5.5659850975e-05 9.8881928908e+01 nan
-1.9385344468e-04 6.6845028765e-05 7.5122404215e+01 nan
-1.9332423365e-04 6.4787654852e-05 7.8630106799e+01 nan
2.6451984846e-04 5.9055535094e-05 1.3786876981e+01 nan
-1.9747464685e-04 3.8489063246e-05 1.3381325622e+02 nan
-2.0418322024e-04 6.3748956836e-05 7.8943972229e+01 nan
1.6295446987e-04 8.8929494222e-05 1.0851571348e+01 nan
-1.8259335398e-04 1.6610148677e-05 1.9374332243e+02 nan
3.4704989360e-05 8.1715168010e-05 4.1284997989e+01 nan
3.5889334072e-05 7.7802363686e-05 4.4202100201e+01 nan
3.1072342660e-05 7.9037806578e-05 4.6221269627e+01 nan
2.8234133946e-05 7.8594745337e-05 4.8763663323e+01 nan
2.5377159616e-05 7.8180350218e-05 5.1101457364e+01 nan
2.4490284904e-05 7.6062294273e-05 5.3786920037e+01 nan
2.1594441163e-05 7.5693451356e-05 5.5952835925e+01 nan
1.8681357655e-05 7.5350443744e-05 5.7918417785e+01 nan
1.2810024058e-05 7.4730111281e-05 6.1307700223e+01 nan
9.8533239983e-06 7.4452624237e-05 6.2755785231e+01 nan
6.8842583441e-06 7.4194181495e-05 6.4057175947e+01 nan
3.9038130123e-06 7.3953417564e-05 6.5223671286e+01 nan
-9.9853775094e-07 7.5507339606e-05 6.4355056748e+01 nan
-3.9859025138e-06 7.5306725649e-05 6.5171028309e+01 nan
-6.9817104452e-06 7.5121604787e-05 6.5891241139e+01 nan
-9.9853894161e-06 7.4951532138e-05 6.6523381625e+01 nan
-1.2996239804e-05 7.4795431711e-05 6.7075523610e+01 nan
-2.2066119945e-05 7.4403880878e-05 6.8321737870e+01 nan
-2.5100089931e-05 7.4296603602e-05 6.8621627803e+01 nan
-2.8138567480e-05 7.4200207242e-05 6.8872774938e+01 nan
-3.1181096636e-05 7.4113858260e-05 6.9080578595e+01 nan
-3.2499238257e-05 7.2214477125e-05 7.1905537903e+01 nan
-3.5567540112e-05 7.2143896494e-05 7.2069784771e+01 nan
-3.8638801508e-05 7.2081510003e-05 7.2199777570e+01 nan
-4.1712608859e-05 7.2026583375e-05 7.2299838391e+01 nan
-4.4788717837e-05 7.1980820015e-05 7.2370275242e+01 nan
-4.9497417562e-05 7.3780630520e-05 6.9647141393e+01 nan
-5.2556699462e-05 7.3751964955e-05 6.9659455199e+01 nan
-5.4026327022e-05 7.1885222685e-05 7.2448512403e+01 nan
-5.7107453565e-05 7.1866862447e-05 7.2437726679e+01 nan
-6.0188953905e-05 7.1853977077e-05 7.2413316097e+01 nan
-6.3270499662e-05 7.1848297206e-05 7.2374043516e+01 nan
-6.6351740343e-05 7.1847900008e-05 7.2324032065e+01 nan
-6.9432356914e-05 7.1852985446e-05 7.2264014715e+01 nan
-7.3978039291e-05 7.3727706901e-05 6.9378165422e+01 nan
-7.8667209578e-05 7.1899703178e-05 7.2033987672e+01 nan
-8.1742137037e-05 7.1924688430e-05 7.1944198489e+01 nan
-8.4814748714e-05 7.1955677011e-05 7.1846553236e+01 nan
-8.7884836632e-05 7.1990979833e-05 7.1743796921e+01 nan
-9.0952064754e-05 7.2030907408e-05 7.1635586048e+01 nan
-9.4014101593e-05 7.2075296418e-05 7.1522211610e+01 nan
-9.5324312804e-05 7.3967620974e-05 6.8716769676e+01 nan
3.5082471077e-05 7.5611401414e-05 4.6605075923e+01 nan
-1.6242983556e-07 7.1755752926e-05 6.9153948802e+01 nan
-9.2633574651e-06 7.1217360270e-05 7.1614520095e+01 nan
-1.8433686960e-05 7.0801191927e-05 7.3269796502e+01 nan
-2.7656572493e-05 7.0488781882e-05 7.4319599309e+01 nan
-9.0582344328e-05 7.5769105100e-05 6.6177714521e+01 nan
-8.1493883163e-05 7.5655863859e-05 6.6449471011e+01 nan
-6.0226878916e-05 7.5576639625e-05 6.6865876690e+01 nan
-4.1997306313e-05 7.5752026610e-05 6.6788227739e+01 nan
3.0287336690e-06 7.7734316292e-05 6.0670289414e+01 nan
1.1832704732e-05 7.8534767212e-05 5.7233158114e+01 nan
2.0526777965e-05 7.9529168061e-05 5.2541356241e+01 nan
-1.3458286873e-04 9.2826980458e-05 4.4963961282e+01 nan
3.2716382630e-04 3.5893548551e-05 2.0580179315e+01 nan
-2.2259805809e-04 5.9608647662e-05 8.3162562957e+01 nan
-2.7773355539e-04 4.6219041149e-05 8.8507532503e+01 nan
4.5178550865e-05 8.1686291289e-05 3.7832237408e+01 nan
4.8026476913e-05 8.2302344667e-05 3.6505467696e+01 nan
-1.1602612448e-04 6.8787510588e-05 7.6138189631e+01 nan
-1.8597568994e-04 2.7923292757e-05 1.6171032541e+02 nan
-3.0949601756e-04 9.6854420510e-06 2.1588989578e+02 nan
-1.1582433530e-04 5.4253389609e-05 1.0076916482e+02 nan
-1.1708065863e-04 5.6048762427e-05 9.7448657412e+01 nan
-5.2614985453e-05 2.7304072454e-05 1.5863040673e+02 nan
-1.0462912769e-04 9.3530933397e-05 4.3886237163e+01 nan
2.1507207641e-04 6.5759750487e-05 1.0733560392e+01 nan
-8.4611676672e-05 5.5678271747e-05 9.8781097472e+01 nan
-8.7856823777e-05 5.5707649846e-05 9.8659557593e+01 nan
2.5299114115e-04 6.0329083200e-05 1.2859157602e+01 nan
-1.7006302617e-04 5.9091618356e-06 2.2227627024e+02 nan
2.3830505229e-04 8.5590829714e-05 1.1876084946e+01 nan
-2.8765717736e-04 2.7246026246e-05 1.2880374109e+02 nan
2.7249523157e-04 2.3191454557e-05 4.3788009917e+01 nan
2.4519188634e-04 1.0538801125e-04 1.3112412241e+01 nan
2.2660469827e-04 6.5070816451e-05 1.1153829137e+01 nan
2.5895749625e-04 3.3972376854e-05 3.2948311413e+01 nan
1.7469994956e-04 7.2394512186e-05 1.6306696129e+01 nan
2.7346460037e-04 8.7767844803e-06 4.6779583900e+01 nan
-2.4399207951e-04 6.0422292184e-06 2.4576050836e+02 nan
-2.4702070071e-04 4.5186400960e-06 2.5236662512e+02 nan
-1.8762794952e-04 3.8193491617e-05 1.3460436047e+02 nan
-2.9634902918e-04 2.7034769052e-05 1.2021996889e+02 nan
2.6973495244e-04 8.8934637935e-05 1.4323850677e+01 nan
3.3334555115e-04 8.2665947925e-05 1.7574078382e+01 nan
3.3709371567e-04 8.3450622081e-05 1.7525364230e+01 nan
3.3664073775e-04 7.9387946001e-05 1.8022467560e+01 nan
3.4037635329e-04 8.0168608639e-05 1.7977761172e+01 nan
2.4297097638e-04 6.8811477223e-05 1.2065688690e+01 nan
-3.4181800729e-04 1.8003848537e-05 8.5725539564e+01 nan
2.6195400846e-04 1.1190593560e-05 4.6039029405e+01 nan
2.6137760145e-04 8.3139521459e-06 4.7866999341e+01 nan
2.5729677194e-04 8.1269012867e-06 5.0032908388e+01 nan
2.5334593682e-04 7.9015886215e-06 5.2706291743e+01 nan
5.3056630168e-05 8.1244983634e-05 3.5956485442e+01 nan
5.2352679870e-05 7.8885052376e-05 3.8155689729e+01 nan
5.5962626955e-05 8.1923621019e-05 3.4646654893e+01 nan
2.7673822679e-04 6.1303207435e-05 1.4827243026e+01 nan
-2.0928349716e-04 3.5335232078e-05 1.4196410347e+02 nan
-1.0179008973e-04 9.3444134807e-05 4.3910087359e+01 nan
-9.8947260966e-05 9.3363333776e-05 4.3925426184e+01 nan
-1.8939555844e-04 3.4757050878e-05 1.4342454922e+02 nan
2.3737275725e-05 9.4177503886e-05 3.8286885845e+01 nan
3.2589947133e-04 1.0544367331e-05 1.9885038044e+01 nan
-2.3575086570e-04 5.7218338060e-05 8.4574217747e+01 nan
-1.9147236076e-04 7.8964261710e-05 5.7386848538e+01 nan
5.8885128407e-05 8.2634662365e-05 3.3361025531e+01 nan
5.9549997219e-05 8.5083409073e-05 3.1438165030e+01 nan
6.2471571558e-05 8.5863098462e-05 3.0239915240e+01 nan
-2.9892493685e-04 4.2276653274e-05 7.5163387860e+01 nan
3.1308433757e-04 4.5243048014e-05 1.8550802393e+01 nan
5.5415807691e-05 9.9835028828e-05 2.5586691406e+01 nan
-9.6101088649e-05 9.3288643441e-05 4.3932851510e+01 nan
2.4980312322e-04 1.0532773347e-05 5.0776840969e+01 nan
2.4578050837e-04 1.0310612674e-05 5.3319627979e+01 nan
-2.1473902640e-04 3.1978037523e-05 1.5143721095e+02 nan
6.7765869387e-05 8.4972310981e-05 2.9664216050e+01 nan
7.0770344449e-05 8.5821255468e-05 2.8493050766e+01 nan
-1.9686145410e-04 7.9597287227e-05 5.5712478932e+01 nan
-1.9477974227e-04 4.9359253852e-05 1.0825386363e+02 nan
1.8221856935e-05 9.3324277825e-05 4.0337923408e+01 nan
7.3799404787e-05 8.6708664090e-05 2.7352978457e+01 nan
5.0037787848e-05 9.8146096651e-05 2.7845948873e+01 nan
2.4176210567e-04 1.0088915383e-05 5.6164200801e+01 nan
2.3776072503e-04 9.8688635791e-06 5.9265186963e+01 nan
3.3994926142e-04 7.6108933802e-05 1.8506167629e+01 nan
3.4382347726e-04 7.6808142456e-05 1.8477500618e+01 nan
3.4327478124e-04 7.2790174332e-05 1.9033343275e+01 nan
3.4726760697e-04 7.3500755484e-05 1.9008302693e+01 nan
3.4659675397e-04 6.9454610415e-05 1.9603781939e+01 nan
3.5041254820e-04 7.0234380635e-05 1.9566924639e+01 nan
2.8122396296e-04 4.4282782308e-05 1.5342579804e+01 nan
-1.5823986243e-04 5.7088654172e-05 9.4639652080e+01 nan
2.3377799714e-04 9.6452246639e-06 6.2663413724e+01 nan
2.2980150962e-04 9.4278419506e-06 6.6292533994e+01 nan
2.2583937725e-04 9.2106395820e-06 7.0195829769e+01 nan
2.2541910942e-04 6.6817358379e-06 8.0838679967e+01 nan
1.9231021624e-04 6.6950072156e-05 1.5388761206e+01 nan
2.2189113269e-04 8.9973609444e-06 7.4327010351e+01 nan
2.2140855494e-04 6.5614193453e-06 8.5827353425e+01 nan
2.1792501628e-04 8.8018108824e-06 7.8662718309e+01 nan
2.1735101227e-04 6.4411651598e-06 9.1170971692e+01 nan
2.0360107862e-04 6.6350445188e-05 1.2633905013e+01 nan
2.1395028829e-04 8.6132870172e-06 8.3332963715e+01 nan
2.1337763062e-04 6.2946302560e-06 9.6774431907e+01 nan
2.0998719989e-04 8.4279339678e-06 8.8214730169e+01 nan
2.0941122815e-04 6.1541052842e-06 1.0290644612e+02 nan
3.4239324351e-04 1.1152232528e-05 2.2412136307e+01 nan
2.7120763718e-04 5.3199440788e-05 1.4387616396e+01 nan
2.0603241817e-04 8.2443332183e-06 9.3416398327e+01 nan
2.0544829883e-04 6.0183170357e-06 1.0917112586e+02 nan
2.0207761521e-04 8.0685136405e-06 9.8958403024e+01 nan
2.0153600729e-04 5.8603784362e-06 1.1614741928e+02 nan
1.9813074486e-04 7.8950758837e-06 1.0476111696e+02 nan
1.9766279076e-04 5.7057853477e-06 1.2330559581e+02 nan
-2.6216577072e-04 7.1120455642e-05 4.8291521933e+01 nan
3.4986185875e-04 6.6103799768e-05 2.0219540509e+01 nan
-1.8588034021e-04 6.8189195891e-05 7.3866169742e+01 nan
1.9365722475e-04 5.6183859709e-06 1.3038935083e+02 nan
1.8960898042e-04 5.5287873443e-06 1.3809062537e+02 nan
-2.1182021208e-04 6.0436358646e-05 8.3718260145e+01 nan
-2.1460961129e-04 6.0738113768e-05 8.2642332015e+01 nan
2.3327295269e-04 1.0245655886e-04 1.2142074266e+01 nan
2.2929226316e-04 1.0144511288e-04 1.1779675679e+01 nan
-4.2029734310e-06 9.0885459461e-05 4.5786606530e+01 nan
-2.2628692610e-04 7.0997886554e-05 6.1928343379e+01 nan
1.8562568071e-04 5.4278583724e-06 1.4610659869e+02 nan
1.8165182111e-04 5.3310935103e-06 1.5474445816e+02 nan
2.7925867749e-04 1.7650039114e-05 4.4378589086e+01 nan
1.7768131571e-04 5.2399065303e-06 1.6353844610e+02 nan
1.7375948970e-04 5.1317103859e-06 1.7296228924e+02 nan
1.6987557851e-04 5.0296895768e-06 1.8215470181e+02 nan
-2.2316150800e-04 2.6997992290e-05 1.6680072138e+02 nan
-3.0752586935e-04 4.1130960790e-05 7.2094162911e+01 nan
-9.8844231839e-06 9.0471959855e-05 4.6538661292e+01 nan
-1.7392686649e-04 3.1084030231e-05 1.5234859978e+02 nan
1.6586427678e-04 4.9868993928e-06 1.9067619944e+02 nan
1.6181108646e-04 4.9458362341e-06 1.9933723442e+02 nan
1.5782098239e-04 4.8989169373e-06 2.0769456363e+02 nan
1.5454512352e-04 6.5823594847e-06 1.8968296833e+02 nan
2.8672129107e-04 7.3970282470e-05 1.5585827899e+01 nan
2.9070054911e-04 7.4697963223e-05 1.5878286910e+01 nan
-1.5060955185e-04 8.5717715219e-05 5.2458403824e+01 nan
-1.4393132307e-04 8.9332828061e-05 4.8563598781e+01 nan
-1.4112632752e-04 8.9163092989e-05 4.8816870572e+01 nan
2.9127573970e-04 7.8487633466e-05 1.5850642736e+01 nan
1.5058961582e-04 6.5170357969e-06 1.9774330447e+02 nan
1.4663806009e-04 6.4618627644e-06 2.0544876349e+02 nan
1.4597078517e-04 4.7607680666e-06 2.3077569847e+02 nan
1.4209901700e-04 4.7138117093e-06 2.3792966265e+02 nan
3.7415026648e-04 1.6354960442e-05 3.1186396132e+01 nan
3.7747783856e-04 1.2425726474e-05 3.2155359424e+01 nan
1.7754175711e-04 1.1149871215e-04 8.0173083249e+00 nan
3.7370089978e-04 1.2217772784e-05 2.9860739610e+01 nan
1.3811273522e-04 4.7190001851e-06 2.4461927534e+02 nan
1.3409033764e-04 4.7268814589e-06 2.5069290277e+02 nan
-3.0315669565e-04 3.8466301361e-05 7.8419432515e+01 nan
-2.1316255510e-05 8.9826903330e-05 4.7542772461e+01 nan
2.9493351338e-04 5.3549243190e-05 1.6537264943e+01 nan
1.3013165706e-04 4.7306684354e-06 2.5499415658e+02 nan
1.2699074457e-04 6.3098529351e-06 2.3614449771e+02 nan
1.2308603204e-04 6.3004208427e-06 2.4131992865e+02 nan
1.1919092604e-04 6.2970493528e-06 2.4444100005e+02 nan
-2.7061009703e-05 8.9583295167e-05 4.7860130616e+01 nan
1.1530370112e-04 6.2977336386e-06 2.4410590770e+02 nan
1.1142637131e-04 6.2986881782e-06 2.4030191654e+02 nan
1.1054734044e-04 4.7282138018e-06 2.4133700174e+02 nan
2.1482881608e-04 4.6339234630e-05 3.5680820357e+01 nan
1.0664658180e-04 4.7259023486e-06 2.3793982772e+02 nan
1.0274864934e-04 4.7228626714e-06 2.3463257923e+02 nan
-3.2821443557e-05 8.9385466055e-05 4.8090782916e+01 nan
9.8852804886e-05 4.7184652087e-06 2.3162233990e+02 nan
9.4957603716e-05 4.7133442933e-06 2.2894745998e+02 nan
9.2109080439e-05 6.2766920958e-06 2.2236331298e+02 nan
8.8248812228e-05 6.2675724319e-06 2.2008153317e+02 nan
2.6448750023e-04 1.0619044834e-04 1.4176216057e+01 nan
2.6844067597e-04 1.0707210484e-04 1.4347964284e+01 nan
-3.8595015645e-05 8.9229093182e-05 4.8256210190e+01 nan
8.4386925574e-05 6.2573294999e-06 2.1813011980e+02 nan
8.0522792752e-05 6.2460819092e-06 2.1647416647e+02 nan
7.6655821447e-05 6.2343712495e-06 2.1507526798e+02 nan
7.2785945623e-05 6.2217912131e-06 2.1390454994e+02 nan
7.1563739971e-05 4.6674397108e-06 2.1870005495e+02 nan
6.7657753867e-05 4.6575435689e-06 2.1774695262e+02 nan
6.3749171356e-05 4.6473897119e-06 2.1695379792e+02 nan
5.9837987726e-05 4.6370472870e-06 2.1630374348e+02 nan
5.5924196226e-05 4.6265841954e-06 2.1578111277e+02 nan
5.3386081680e-05 6.1530163728e-06 2.1063988864e+02 nan
5.2481741135e-05 1.2360484507e-04 1.2418606666e+01 nan
4.9496809441e-05 6.1386377409e-06 2.1037336710e+02 nan
4.5609937988e-05 6.1208985694e-06 2.1020933838e+02 nan
-5.0171691766e-05 8.9026297258e-05 4.8455582014e+01 nan
4.1726256079e-05 6.1033405537e-06 2.1012293696e+02 nan
3.7824873576e-05 6.0918990174e-06 2.1008373625e+02 nan
3.6334579335e-05 4.5703050783e-06 2.1461050996e+02 nan
3.2393131224e-05 4.5636450230e-06 2.1456484001e+02 nan
2.8459460204e-05 4.5548109906e-06 2.1456904565e+02 nan
-5.5969979046e-05 8.8973934992e-05 4.8512128087e+01 nan
2.4526480551e-05 4.5452852650e-06 2.1460991453e+02 nan
2.0592394908e-05 4.5365057881e-06 2.1467554431e+02 nan
1.8268604453e-05 6.0326043288e-06 2.1052669756e+02 nan
1.4353610693e-05 6.0211350340e-06 2.1068083451e+02 nan
1.0436628889e-05 6.0101848874e-06 2.1084052657e+02 nan
6.5177948464e-06 5.9997462967e-06 2.1100126679e+02 nan
2.5973050443e-06 5.9898660952e-06 2.1115922815e+02 nan
8.9836403475e-07 4.4964758694e-06 2.1518950269e+02 nan
-3.0441945072e-06 4.4897071282e-06 2.1529897571e+02 nan
-6.9876856703e-06 4.4831861118e-06 2.1540507522e+02 nan
-1.0932048338e-05 4.4772049954e-06 2.1550571028e+02 nan
-1.3099313710e-05 5.9560420459e-06 2.1171751890e+02 nan
-6.7574610840e-05 8.8955782009e-05 4.8572054387e+01 nan
-1.7025017936e-05 5.9485327526e-06 2.1183423474e+02 nan
-2.0952227764e-05 5.9419070505e-06 2.1194014175e+02 nan
-2.4881293111e-05 5.9360360733e-06 2.1203609977e+02 nan
-7.3374179085e-05 8.8986750973e-05 4.8580951095e+01 nan
-2.8810124414e-05 5.9300765993e-06 2.1212512247e+02 nan
-3.2738135954e-05 5.9248778548e-06 2.1220609005e+02 nan
-3.4610504014e-05 4.4475926260e-06 2.1599631430e+02 nan
-3.8557999818e-05 4.4447713323e-06 2.1606167501e+02 nan
-4.2505750300e-05 4.4417166551e-06 2.1612732506e+02 nan
-4.6453842697e-05 4.4386620057e-06 2.1619404844e+02 nan
-4.8457143311e-05 5.9081429224e-06 2.1248658389e+02 nan
-5.2388314008e-05 5.9048048853e-06 2.1255412944e+02 nan
-5.6317218498e-05 5.9020090189e-06 2.1262345855e+02 nan
2.3724885519e-04 1.0345087341e-04 1.2486900466e+01 nan
-6.0248312895e-05 5.8992953295e-06 2.1269742432e+02 nan
-6.4176978022e-05 5.8971450290e-06 2.1277646943e+02 nan
-6.8107558856e-05 5.8948891798e-06 2.1286397369e+02 nan
-7.0140409134e-05 4.4257656950e-06 2.1668722461e+02 nan
-7.4087731650e-05 4.4244104620e-06 2.1679935563e+02 nan
-6.9346746721e-05 7.5576928720e-05 6.6732399725e+01 nan
-7.8034797078e-05 4.4230964547e-06 2.1692447176e+02 nan
-7.9895166116e-05 5.8903426423e-06 2.1318577924e+02 nan
-1.2760766618e-04 7.8635568666e-05 6.1852239361e+01 nan
-8.3823645850e-05 5.8893152304e-06 2.1331854939e+02 nan
-8.7751740648e-05 5.8884852917e-06 2.1346660718e+02 nan
-9.1679416755e-05 5.8878639989e-06 2.1363131910e+02 nan
-9.5606645691e-05 5.8874183672e-06 2.1381409054e+02 nan
-1.0804261834e-04 8.9672689472e-05 4.8264316762e+01 nan
-3.1336189091e-04 2.3619360209e-05 1.1513042446e+02 nan
-1.0229930121e-04 8.9500341651e-05 4.8379788240e+01 nan
1.4434230422e-04 1.0971245677e-04 7.9112200650e+00 nan
-3.4724207606e-04 8.5626583140e-06 1.3612408284e+02 nan
-3.3828678877e-04 1.0485754602e-05 1.4030131745e+02 nan
-3.3474074657e-04 9.9692991475e-06 1.5097754562e+02 nan
-9.6539614792e-05 8.9351092748e-05 4.8463886509e+01 nan
7.7790620490e-05 1.1118978143e-04 1.7019094471e+01 nan
-1.0564026354e-04 7.6056177677e-05 6.5615846768e+01 nan
-1.0263228988e-04 7.5989066409e-05 6.5740133926e+01 nan
-1.0864304861e-04 7.6128390779e-05 6.5484497202e+01 nan
1.4597874234e-04 1.3222272858e-04 7.8445297737e+00 nan
1.4583334718e-04 1.2842302006e-04 7.0605116381e+00 nan
1.8058825541e-04 6.4271594435e-05 2.2642009921e+01 nan
1.7733589102e-04 6.6661886924e-05 2.0990502138e+01 nan
1.7675059550e-04 6.3456818407e-05 2.5440810874e+01 nan
1.7294421241e-04 6.2675938849e-05 2.7904647246e+01 nan
1.6971470856e-04 6.4989671659e-05 2.6226367621e+01 nan
1.6916121248e-04 6.1910027577e-05 2.8629356309e+01 nan
1.6594897325e-04 6.4198721062e-05 2.7464558835e+01 nan
1.6649587087e-04 6.7302244131e-05 2.4561916559e+01 nan
1.6274813617e-04 6.6478147528e-05 2.6146264680e+01 nan
1.6218329371e-04 6.3402172444e-05 2.7613357683e+01 nan
1.5841368160e-04 6.2602686846e-05 2.8191500727e+01 nan
1.5525028637e-04 6.4827193114e-05 2.7005553144e+01 nan
1.5463990617e-04 6.1801005123e-05 2.8971260877e+01 nan
1.5149235827e-04 6.3997846429e-05 2.7846075931e+01 nan
1.5086021150e-04 6.1000244372e-05 2.9994915569e+01 nan
1.4772615110e-04 6.3169388723e-05 2.8917816148e+01 nan
1.4707404614e-04 6.0203630873e-05 3.1255773114e+01 nan
1.5022798360e-04 5.8049809707e-05 3.2302664903e+01 nan
1.4328081999e-04 5.9412634684e-05 3.2700008789e+01 nan
1.4016825088e-04 6.1529658089e-05 3.1759000648e+01 nan
1.3637439332e-04 6.0722713227e-05 3.3452853803e+01 nan
1.3257024172e-04 5.9927577399e-05 3.5329698391e+01 nan
1.3184588471e-04 5.7104177372e-05 3.8045842290e+01 nan
1.2801686814e-04 5.6361511365e-05 4.0044370882e+01 nan
1.2422041504e-04 5.5639287651e-05 4.1567228868e+01 nan
1.2119008295e-04 5.7641625063e-05 4.0469065389e+01 nan
1.2350743335e-04 5.2941718504e-05 4.4369684502e+01 nan
1.1746923077e-04 5.6922056583e-05 4.2045293474e+01 nan
1.1674756026e-04 5.4256452970e-05 4.4851570258e+01 nan
1.1378753414e-04 5.6224635714e-05 4.3672216628e+01 nan
1.1306769237e-04 5.3598451459e-05 4.6569058668e+01 nan
1.1014281164e-04 5.5549463883e-05 4.5350025943e+01 nan
1.0942470932e-04 5.2961641461e-05 4.8347512437e+01 nan
1.0581750634e-04 5.2346806178e-05 5.0188697443e+01 nan
1.0224483580e-04 5.1754137553e-05 5.2087587188e+01 nan
9.9425071058e-05 5.3659928474e-05 5.0702953536e+01 nan
9.5920954481e-05 5.3075892145e-05 5.2598679535e+01 nan
9.5199250342e-05 5.0635614016e-05 5.6068067793e+01 nan
9.2448204820e-05 5.2514738860e-05 5.4552616377e+01 nan
9.1724421503e-05 5.0109104712e-05 5.8151601630e+01 nan
9.8000601218e-05 4.8747908847e-05 5.7639204972e+01 nan
8.9007487528e-05 5.1976122665e-05 5.6565945291e+01 nan
8.8279455788e-05 4.9606356142e-05 6.0295051600e+01 nan
8.4864050773e-05 4.9125348071e-05 6.2510687465e+01 nan
8.1477227963e-05 4.8665717894e-05 6.4797688331e+01 nan
7.8117255998e-05 4.8229493013e-05 6.7150037654e+01 nan
7.5531280715e-05 5.0049904069e-05 6.5234930157e+01 nan
7.7388864286e-05 4.5999062326e-05 7.1689819278e+01 nan
6.8951248283e-05 4.9221080276e-05 6.9971955266e+01 nan
6.5697165208e-05 4.8839669506e-05 7.2448463017e+01 nan
6.7445558031e-05 4.4915358094e-05 7.9819468880e+01 nan
5.8475600366e-05 4.6062106431e-05 8.2934119570e+01 nan
5.5279040666e-05 4.5774361264e-05 8.5837768707e+01 nan
5.2102125458e-05 4.5506102512e-05 8.8814720449e+01 nan
4.8943587423e-05 4.5258750003e-05 9.1836733775e+01 nan
4.5803368759e-05 4.5030346774e-05 9.4620115209e+01 nan
4.2661329562e-05 4.4815591124e-05 9.7050309414e+01 nan
3.9493003376e-05 4.4609673231e-05 9.9098423806e+01 nan
3.8603451884e-05 4.2710562409e-05 1.0434037140e+02 nan
3.4038729486e-05 4.6112633193e-05 9.8195695058e+01 nan
3.0839037359e-05 4.5915661863e-05 1.0029175169e+02 nan
2.7618354353e-05 4.5728173442e-05 1.0230302411e+02 nan
2.4378047208e-05 4.5550038206e-05 1.0422260799e+02 nan
2.1118561222e-05 4.5381330342e-05 1.0604055823e+02 nan
1.7843783350e-05 4.5221841383e-05 1.0774989537e+02 nan
1.4552634329e-05 4.5071641482e-05 1.0934763055e+02 nan
1.3397117343e-05 4.3262632562e-05 1.1366974664e+02 nan
1.1245843366e-05 4.4930633718e-05 1.1083231685e+02 nan
1.0060677741e-05 4.3132271985e-05 1.1506869511e+02 nan
7.9273916176e-06 4.4798315361e-05 1.1220405918e+02 nan
6.7115855872e-06 4.3011117542e-05 1.1635943439e+02 nan
3.3508308046e-06 4.2897703647e-05 1.1754626373e+02 nan
-2.0695850035e-08 4.2791633498e-05 1.1863219628e+02 nan
-3.4019820293e-06 4.2694072937e-05 1.1961766889e+02 nan
-6.7922383352e-06 4.2603567067e-05 1.2050932693e+02 nan
-1.0190647673e-05 4.2520132293e-05 1.2131113448e+02 nan
-1.3596430202e-05 4.2443509727e-05 1.2202790860e+02 nan
-1.7008964351e-05 4.2372999598e-05 1.2266559500e+02 nan
-2.0427511311e-05 4.2309625614e-05 1.2322660858e+02 nan
-2.3851135675e-05 4.2251862747e-05 1.2371867812e+02 nan
-2.7279586897e-05 4.2199778987e-05 1.2414626576e+02 nan
-3.0712240814e-05 4.2153106440e-05 1.2451436070e+02 nan
-3.4148545194e-05 4.2111604782e-05 1.2482780731e+02 nan
-3.7587977439e-05 4.2074986077e-05 1.2509136115e+02 nan
-4.1030066691e-05 4.2043024640e-05 1.2530950870e+02 nan
-4.4474352252e-05 4.2015451955e-05 1.2548659855e+02 nan
-4.7920413920e-05 4.1992064935e-05 1.2562667754e+02 nan
-5.1367829436e-05 4.1971934672e-05 1.2573505849e+02 nan
-7.5507166103e-05 4.1930685910e-05 1.2582968504e+02 nan
-7.8952704926e-05 4.1936574394e-05 1.2578176630e+02 nan
-8.2398174870e-05 4.1945354280e-05 1.2572420661e+02 nan
-8.5839246768e-05 4.1955964370e-05 1.2566073089e+02 nan
-8.9279049317e-05 4.1969291359e-05 1.2559070838e+02 nan
-9.2717964801e-05 4.1985305248e-05 1.2551530420e+02 nan
-9.6152838391e-05 4.2002588067e-05 1.2543853036e+02 nan
3.4572942567e-04 3.0103055065e-05 2.3853990625e+01 nan
-9.9533394789e-05 5.8871620739e-06 2.1401619117e+02 nan
-1.0171084344e-04 4.4188753316e-06 2.1801706620e+02 nan
1.0829634202e-04 1.2746482754e-04 4.9420036872e+00 nan
3.4295098207e-04 3.7469482733e-05 2.3050271779e+01 nan
3.3960731317e-04 4.0929646021e-05 2.2309616770e+01 nan
8.3763546749e-05 1.1987567615e-04 1.3394203898e+01 nan
4.1988649201e-05 1.0443731018e-04 2.6951223877e+01 nan
3.9362183286e-05 1.0373765230e-04 2.7786100747e+01 nan
3.0199701425e-04 2.9533508703e-05 1.7471901429e+01 nan
-1.0565558998e-04 4.4187084773e-06 2.1826833952e+02 nan
-1.0959994783e-04 4.4185122130e-06 2.1854307977e+02 nan
3.5024846339e-04 1.1547712933e-05 2.3464852971e+01 nan
1.2964349001e-04 1.0058685145e-04 1.1283310726e+01 nan
3.0363221483e-04 1.9187705772e-05 1.7632521908e+01 nan
-2.5843806036e-04 3.0961104269e-05 1.4561787307e+02 nan
-1.1354384952e-04 4.4185761759e-06 2.1884165680e+02 nan
-1.1523503560e-04 5.8877526705e-06 2.1504294109e+02 nan
-1.1915896602e-04 5.8882778714e-06 2.1536010642e+02 nan
-2.5254489654e-04 2.8434512034e-05 1.5743214677e+02 nan
-2.4945318334e-04 3.2045913358e-05 1.4600717932e+02 nan
2.2248094190e-05 4.1876613351e-05 1.1347881227e+02 nan
2.8847657159e-05 4.2186594644e-05 1.1000812977e+02 nan
-3.7082447888e-04 1.6588959431e-05 1.2302255884e+02 nan
-2.0720324831e-05 9.5810942733e-05 3.9952174873e+01 nan
7.6275729731e-05 8.4978185864e-05 2.7952254231e+01 nan
7.9940965872e-05 8.8599135570e-05 2.5181795359e+01 nan
8.2509213801e-05 8.6858083843e-05 2.5686068155e+01 nan
8.3058667659e-05 8.9603161062e-05 2.4155817597e+01 nan
8.8876733569e-05 8.8890658214e-05 2.3588957407e+01 nan
9.2122587323e-05 8.9968132738e-05 2.2588035785e+01 nan
-9.5335259446e-06 9.6492832443e-05 3.9152254621e+01 nan
-3.9741451580e-06 9.6926668640e-05 3.8573550238e+01 nan
7.0640182161e-06 9.8015879889e-05 3.6906756414e+01 nan
-1.2308209989e-04 5.8896252900e-06 2.1570187457e+02 nan
-1.2700481786e-04 5.8899029297e-06 2.1607448057e+02 nan
1.7977359785e-05 9.9457384389e-05 3.4431089607e+01 nan
-1.6123855744e-04 2.7648195312e-05 1.6051098997e+02 nan
-1.2992397072e-04 5.6289918856e-05 9.6771082862e+01 nan
-1.5052487344e-04 2.7560484095e-05 1.6003380896e+02 nan
1.0511470766e-04 4.9838584888e-05 5.3528943865e+01 nan
2.0031443100e-04 4.9957472770e-05 3.4282221919e+01 nan
1.9969347480e-04 4.6977837244e-05 3.5034658786e+01 nan
2.0299044293e-04 4.4612867854e-05 3.5855486835e+01 nan
1.9577892189e-04 4.6366440464e-05 3.5359204798e+01 nan
1.9187242884e-04 4.5753477778e-05 3.5871732614e+01 nan
1.9123226473e-04 4.2838262161e-05 3.7598224452e+01 nan
1.8797390962e-04 4.5139390495e-05 3.6525316172e+01 nan
1.8732868131e-04 4.2244890442e-05 3.8405570982e+01 nan
1.8408192381e-04 4.4524925413e-05 3.7287034339e+01 nan
1.8343142008e-04 4.1653006584e-05 3.9381140941e+01 nan
1.7953979823e-04 4.1064432106e-05 4.0511551372e+01 nan
1.7631394804e-04 4.3301830171e-05 3.9298338780e+01 nan
1.7243648050e-04 4.2695471062e-05 4.0517419727e+01 nan
1.7176865358e-04 3.9901583652e-05 4.3191529336e+01 nan
1.6855945000e-04 4.2098010566e-05 4.1871777177e+01 nan
1.6788587563e-04 3.9329900687e-05 4.4747137882e+01 nan
1.6468597156e-04 4.1501800753e-05 4.3371076728e+01 nan
1.6400342067e-04 3.8766025297e-05 4.6450227106e+01 nan
1.6012009064e-04 3.8211118922e-05 4.8299278669e+01 nan
6.2597724325e-05 1.1178646750e-04 1.9945063682e+01 nan
1.5623485832e-04 3.7666324610e-05 5.0296672758e+01 nan
1.5234683236e-04 3.7132687637e-05 5.2448255643e+01 nan
1.3112839916e-04 5.4328770831e-05 4.1038927447e+01 nan
1.4917205057e-04 3.9217724077e-05 5.0912416166e+01 nan
1.4528510484e-04 3.8675442143e-05 5.3183888158e+01 nan
1.4455954119e-04 3.6102949004e-05 5.7212941751e+01 nan
1.4139196171e-04 3.8149635179e-05 5.5630328603e+01 nan
1.4065921485e-04 3.5608921317e-05 5.9802326270e+01 nan
1.3749572746e-04 3.7633435727e-05 5.8263560030e+01 nan
1.3675352723e-04 3.5129974532e-05 6.2617625146e+01 nan
1.3286802208e-04 3.4667194186e-05 6.5037124476e+01 nan
1.4074812899e-04 8.2158341623e-05 1.7723541704e+01 nan
1.2901686443e-04 3.4221754501e-05 6.7724931589e+01 nan
1.2592200291e-04 3.6190871230e-05 6.5614822717e+01 nan
1.2213048250e-04 3.5746015197e-05 6.8271823803e+01 nan
1.1837109941e-04 3.5319741729e-05 7.1060440348e+01 nan
1.1464328575e-04 3.4912420800e-05 7.3994461943e+01 nan
1.1094641865e-04 3.4524372468e-05 7.7084937948e+01 nan
1.3879343328e-04 5.5783035378e-05 3.6994842096e+01 nan
1.0727994729e-04 3.4155885648e-05 8.0342237071e+01 nan
1.0656915893e-04 3.1938919430e-05 8.7052275634e+01 nan
1.0293253412e-04 3.1626275742e-05 9.0891977346e+01 nan
9.9324222837e-05 3.1333315396e-05 9.4896280227e+01 nan
9.5743580046e-05 3.1059908158e-05 9.9036499038e+01 nan
9.2189900583e-05 3.0805826675e-05 1.0327699104e+02 nan
-1.3092672766e-04 5.8907870400e-06 2.1647441887e+02 nan
-1.3484798668e-04 5.8914740121e-06 2.1690501632e+02 nan
-1.3719728561e-04 4.4202397549e-06 2.2120687794e+02 nan
8.8662528420e-05 3.0570544181e-05 1.0760217904e+02 nan
8.5160736127e-05 3.0353575504e-05 1.1195828687e+02 nan
8.1683670481e-05 3.0154439106e-05 1.1628469294e+02 nan
7.8230578952e-05 2.9972303795e-05 1.2055343289e+02 nan
7.4800660000e-05 2.9806382167e-05 1.2470626744e+02 nan
7.2139924498e-05 3.1543217315e-05 1.1965825350e+02 nan
6.5406844775e-05 3.1231205279e-05 1.2743567664e+02 nan
6.2070005797e-05 3.1100789623e-05 1.3061933452e+02 nan
5.8737302797e-05 3.0975147491e-05 1.3184754604e+02 nan
5.5382741346e-05 3.0853026632e-05 1.3251327401e+02 nan
5.2007160234e-05 3.0735665649e-05 1.3345789965e+02 nan
4.8614399948e-05 3.0616824335e-05 1.3448179348e+02 nan
4.5202779684e-05 3.0502347726e-05 1.3558420096e+02 nan
4.1773777495e-05 3.0391182833e-05 1.3674007166e+02 nan
3.8328339908e-05 3.0283391042e-05 1.3793168876e+02 nan
3.4867339338e-05 3.0179165256e-05 1.3914131166e+02 nan
-1.2685296813e-05 2.7578441599e-05 1.5567513303e+02 nan
-1.6307530369e-05 2.7538391568e-05 1.5616497404e+02 nan
-1.9934051619e-05 2.7501827662e-05 1.5660086070e+02 nan
-2.3564381288e-05 2.7468612145e-05 1.5698569170e+02 nan
-2.7198065916e-05 2.7438602883e-05 1.5732261494e+02 nan
-3.0834685616e-05 2.7411733643e-05 1.5761479194e+02 nan
-3.4473816676e-05 2.7387697526e-05 1.5786603393e+02 nan
-3.8115084086e-05 2.7366389024e-05 1.5807971877e+02 nan
1.5781983669e-04 5.9594591363e-05 3.0107998377e+01 nan
1.6837932237e-04 1.3401566012e-04 1.0038132483e+01 nan
1.7227658492e-04 1.3545103494e-04 1.0735050041e+01 nan
1.3502876922e-04 1.2710981519e-04 5.9415272564e+00 nan
6.4150889008e-05 8.1663043902e-05 3.2846908619e+01 nan
1.9164642556e-04 6.3546296562e-05 1.8955610266e+01 nan
-2.0693169044e-04 5.0077771477e-05 1.0557228261e+02 nan
1.0208732295e-04 9.3426871618e-05 1.9896403701e+01 nan
1.0550055476e-04 9.4654328260e-05 1.9081193069e+01 nan
-1.4113748517e-04 4.4214261826e-06 2.2170495014e+02 nan
-1.4507719433e-04 4.4222786656e-06 2.2223726732e+02 nan
2.8216790303e-04 1.2507499055e-04 1.4226605452e+01 nan
2.8559934673e-04 1.2211343383e-04 1.4328858662e+01 nan
2.8512262642e-04 1.1825439481e-04 1.4490484951e+01 nan
2.8902243017e-04 1.1913457229e-04 1.4449401306e+01 nan
1.2310519175e-04 1.0127208525e-04 1.2116327034e+01 nan
1.1962722538e-04 9.9928423483e-05 1.3765940335e+01 nan
-1.6834846745e-04 2.7714232012e-05 1.6086075367e+02 nan
-1.4901624208e-04 4.4233358455e-06 2.2280348127e+02 nan
-1.5052435631e-04 5.8978500146e-06 2.1893967905e+02 nan
-1.5444124787e-04 5.8997484725e-06 2.1953359345e+02 nan
-1.1381979550e-04 5.5998357305e-05 9.7601890245e+01 nan
-1.5835690981e-04 5.9025540808e-06 2.2016164582e+02 nan
-1.6226528739e-04 5.9064879768e-06 2.2082328235e+02 nan
-5.6309018160e-05 2.7290855926e-05 1.5871670621e+02 nan
2.0433257434e-04 1.5318611879e-04 1.5179045036e+01 nan
2.0800699051e-04 1.5058691271e-04 1.4904537403e+01 nan
-5.6850922510e-05 5.7402599433e-05 9.6125020229e+01 nan
-5.3599852156e-05 5.7422399435e-05 9.6099254151e+01 nan
-3.0652978566e-04 2.4512446276e-05 1.1868910641e+02 nan
-3.0373356769e-04 2.3722932148e-05 1.2507755909e+02 nan
-2.1545908839e-04 4.8754631993e-05 1.0745015183e+02 nan
-2.5682758204e-04 5.0034869660e-05 9.2528167721e+01 nan
-2.3831435374e-04 5.3297765128e-05 9.2169069065e+01 nan
-4.1747330322e-05 2.7351258362e-05 1.5825037724e+02 nan
-2.5090038565e-04 4.5378872448e-06 2.5437527804e+02 nan
2.3085845094e-04 1.4583034388e-04 1.4464328422e+01 nan
-3.3123124647e-04 9.5035906644e-06 1.6375650103e+02 nan
-3.2769725309e-04 9.0842013413e-06 1.7718149522e+02 nan
-3.2893638883e-04 6.6122343182e-06 2.0096072346e+02 nan
-3.2418177295e-04 8.6978916932e-06 1.9079770450e+02 nan
-3.2531635903e-04 6.3449358542e-06 2.1634561978e+02 nan
-9.5697213866e-05 5.7542097966e-05 9.5196622990e+01 nan
-9.2467303861e-05 5.7511359212e-05 9.5320566464e+01 nan
-2.8885887973e-04 4.9022216023e-06 2.7010261444e+02 nan
-2.8518901064e-04 4.8292172023e-06 2.6943094943e+02 nan
-3.0723543114e-04 5.4389495642e-06 2.5989269333e+02 nan
-3.0359039184e-04 5.2962930130e-06 2.6318075038e+02 nan
-1.7653567190e-04 4.4282476505e-06 2.2783299137e+02 nan
-1.8040873354e-04 4.4178105800e-06 2.2873832931e+02 nan
-3.1454131929e-04 5.7393432793e-06 2.5416520492e+02 nan
-3.2507109717e-04 1.4311753006e-05 1.4129417013e+02 nan
-3.1816348084e-04 5.9123074616e-06 2.4523460392e+02 nan
-3.2069398977e-04 8.3747268864e-06 2.0403817202e+02 nan
-2.5429063881e-04 4.9500555540e-05 9.4937571673e+01 nan
1.2667656350e-04 1.5638934468e-04 1.4672804208e+01 nan
1.2330852905e-04 1.5442431533e-04 1.4325880079e+01 nan
3.3761727061e-04 8.7563995270e-05 1.7009030241e+01 nan
-2.2429529137e-04 4.9522547311e-05 1.0418493691e+02 nan
4.8434526025e-05 1.2910537973e-04 1.8398553751e+01 nan
1.8098609540e-04 1.5700825835e-04 1.5970412382e+01 nan
1.8879246483e-04 1.5585462502e-04 1.5684078533e+01 nan
3.5347772513e-04 6.6861893361e-05 2.0183673055e+01 nan
3.2774617086e-04 9.7140214554e-05 1.5942343110e+01 nan
-2.8606078445e-04 6.0928246910e-05 5.4539657732e+01 nan
3.7694266559e-04 8.3615258070e-06 2.9869006424e+01 nan
3.6533516807e-04 7.9995850869e-06 2.4987090783e+01 nan
3.2923521094e-04 7.1231421038e-06 1.9801536940e+01 nan
2.9674056576e-04 6.1833036719e-06 4.3710178067e+01 nan
2.7285827760e-04 5.8678191593e-06 4.7769097061e+01 nan
2.6096948248e-04 5.3977830647e-06 5.1498400198e+01 nan
2.4879368791e-04 5.0685951624e-06 6.3157604247e+01 nan
-1.9311616088e-04 9.6280740336e-05 3.7041548022e+01 nan
3.1368159985e-04 1.0556595638e-04 1.5229951014e+01 nan
3.1708450562e-04 1.0250793238e-04 1.5477000068e+01 nan
3.1030740340e-04 1.0864557259e-04 1.5001248388e+01 nan
3.8889529671e-05 3.0395966284e-06 2.1925949808e+02 nan
3.5386699526e-04 7.1025046687e-05 1.9470290768e+01 nan
-2.4300467902e-04 2.7816881995e-05 1.6241196950e+02 nan
1.9256251105e-04 1.5334967665e-04 1.5284474079e+01 nan
1.4229046791e-04 1.3053817937e-04 7.1212073698e+00 nan
1.4214866024e-04 1.2675457391e-04 6.4929564944e+00 nan
-3.3101947814e-04 4.0820621140e-05 6.3222440354e+01 nan
-3.2848398712e-04 3.9002112046e-05 6.6713414768e+01 nan
-3.0656140360e-04 3.7117200806e-05 7.8069479797e+01 nan
-3.0269199482e-04 2.6199866328e-05 1.1653822188e+02 nan
-2.9720800114e-04 2.4665534432e-05 1.2885175971e+02 nan
-2.7913610247e-04 2.7662267019e-05 1.3827443768e+02 nan
-2.6467499033e-04 2.7616804183e-05 1.5392758570e+02 nan
-2.2994859610e-04 5.0104770758e-05 1.0162605763e+02 nan
-2.2550636919e-04 2.3625043338e-05 1.7805443849e+02 nan
2.5948402190e-04 9.7706816248e-05 1.3776401133e+01 nan
1.8833844716e-04 1.4835510925e-04 1.4441455825e+01 nan
1.8397651010e-04 1.3953048667e-04 1.2585131139e+01 nan
1.8007624897e-04 1.3820904895e-04 1.2027003591e+01 nan
-1.7604450846e-04 4.8560558978e-05 1.1087363331e+02 nan
1.4983235157e-04 1.3769699796e-04 9.4567521692e+00 nan
-2.3894584854e-04 7.8374041015e-05 4.6320220045e+01 nan
-2.3884689201e-04 7.5991402559e-05 5.0003403127e+01 nan
2.7729233379e-04 1.1648683839e-04 1.4486180690e+01 nan
-2.4996131740e-04 2.9900727730e-06 2.5883146965e+02 nan
8.0815315231e-05 1.1542161247e-04 1.5224122340e+01 nan
1.8387336782e-04 6.1880033882e-05 2.4515712289e+01 nan
6.2932546403e-05 1.1431485920e-04 1.9025214000e+01 nan
4.5175685718e-05 1.0752455870e-04 2.4601407311e+01 nan
2.5892627776e-04 9.3925307807e-05 1.3663053308e+01 nan
2.6575009669e-04 8.8098195850e-05 1.4041696831e+01 nan
2.6915463836e-04 8.5160273115e-05 1.4256303806e+01 nan
2.1920640226e-05 2.6510108025e-05 1.5240679868e+02 nan
3.0651672249e-04 1.0785647501e-04 1.5076874688e+01 nan
3.0698653674e-04 1.1177422155e-04 1.4788099823e+01 nan
1.8539733686e-04 1.1416630831e-04 8.8550385011e+00 nan
3.2592284680e-05 2.6745935166e-05 1.4934451603e+02 nan
-9.6595015312e-05 3.8669140010e-05 1.3262088728e+02 nan
-1.0007587546e-04 3.8686960178e-05 1.3255753235e+02 nan
-1.0355034357e-04 3.8706229336e-05 1.3249487764e+02 nan
-1.0702062992e-04 3.8727727048e-05 1.3243182513e+02 nan
-1.1048721288e-04 3.8751057188e-05 1.3236976336e+02 nan
-1.1394982332e-04 3.8776316472e-05 1.3230887750e+02 nan
-1.1740818936e-04 3.8803495716e-05 1.3224946318e+02 nan
-1.2086201608e-04 3.8832650204e-05 1.3219156233e+02 nan
-1.2431101194e-04 3.8863784696e-05 1.3213520597e+02 nan
-1.2775486092e-04 3.8896976086e-05 1.3208015592e+02 nan
-1.3119147333e-04 3.8932298630e-05 1.3202605658e+02 nan
2.5151119766e-04 9.5911897576e-05 1.3200956843e+01 nan
3.0218914549e-04 1.0312995172e-04 1.5360800814e+01 nan
-2.7395195822e-04 2.4685315986e-05 1.5758258706e+02 nan
2.8943654573e-04 4.5548838381e-05 1.6086851270e+01 nan
5.7022492156e-05 2.7394671518e-05 1.4304768027e+02 nan
3.6572939640e-04 4.4531307530e-05 2.5223993522e+01 nan
3.6917253178e-04 4.5112183797e-05 2.5323875193e+01 nan
6.7239227632e-05 2.7699023729e-05 1.4116500614e+02 nan
2.7594867646e-04 7.9232285317e-05 1.4735217972e+01 nan
4.2698651710e-05 9.8203214412e-05 3.0132421828e+01 nan
7.7490174934e-05 2.8073024913e-05 1.3006727622e+02 nan
-2.6479816818e-04 6.7013274477e-05 5.4125199541e+01 nan
-2.6698274789e-04 6.7892489482e-05 5.1555330014e+01 nan
3.6177770075e-04 3.9714574348e-05 2.5771172531e+01 nan
8.7941252429e-05 2.8578941529e-05 1.1701778353e+02 nan
-1.4374450398e-04 5.3017966778e-05 1.0262151126e+02 nan
-1.4580184946e-04 5.6681636670e-05 9.5729093100e+01 nan
-1.4892108675e-04 5.6781311040e-05 9.5470858708e+01 nan
-2.1414829441e-04 7.5558281877e-05 5.7962194121e+01 nan
2.2132125929e-04 9.9367114251e-05 1.1020022566e+01 nan
2.5603130305e-04 1.3008606034e-04 1.4145833722e+01 nan
2.5998319319e-04 1.3103701983e-04 1.4160005103e+01 nan
2.6044675271e-04 1.3485057823e-04 1.4128807523e+01 nan
2.6393221934e-04 1.3198116072e-04 1.4144291773e+01 nan
-2.0397197177e-04 7.6251628137e-05 5.9089909320e+01 nan
-2.0439067390e-04 7.8448487699e-05 5.5924859993e+01 nan
-1.6933385147e-04 8.5088052595e-05 5.2103423531e+01 nan
3.3176640983e-04 4.0078543972e-05 2.1172985866e+01 nan
-2.9654788829e-04 5.5835419528e-05 5.9074194077e+01 nan
-2.4598857411e-04 6.3713060689e-05 6.8336964451e+01 nan
-2.3622112913e-04 7.0722964735e-05 5.9373522596e+01 nan
2.6052507875e-04 7.9739911387e-05 1.3539175701e+01 nan
2.6454404937e-04 8.0575248128e-05 1.3866437442e+01 nan
-8.8209669206e-05 5.2205181020e-05 1.0513736221e+02 nan
2.7583377111e-04 1.0498722350e-04 1.4637300635e+01 nan
9.7811110913e-05 1.4254539864e-04 8.1025968624e+00 nan
-2.8265381308e-04 5.6199171310e-05 6.5518959178e+01 nan
3.0569494021e-04 4.7892693438e-05 1.7686075678e+01 nan
1.7981733449e-04 1.3440450879e-04 1.1242476447e+01 nan
7.2519512410e-05 1.1133948764e-04 1.7807657031e+01 nan
1.2369024219e-04 1.5093503379e-04 1.2899009181e+01 nan
1.2000404060e-04 1.5249323837e-04 1.3958380151e+01 nan
1.5046168348e-04 1.0168772789e-04 9.1206500722e+00 nan
1.5092908403e-04 1.0531517114e-04 8.4395707557e+00 nan
-7.8286448970e-05 5.2154649087e-05 1.0542253947e+02 nan
1.8785762618e-04 8.2775730543e-05 9.9382897772e+00 nan
1.1389838205e-04 1.4526460863e-04 1.0616559293e+01 nan
1.1354528022e-04 1.4869890742e-04 1.2593958498e+01 nan
1.1315181805e-04 1.5208162385e-04 1.4513968777e+01 nan
-2.0393937461e-04 8.9266188787e-05 4.2436127371e+01 nan
-2.0902223103e-04 9.0142060547e-05 4.0310539171e+01 nan
-2.1153782106e-04 9.0608289196e-05 3.9176563266e+01 nan
-2.1581030203e-04 8.6935937812e-05 4.2327930519e+01 nan
-2.1615974016e-04 8.9260884587e-05 3.9495924030e+01 nan
-2.1797990113e-04 8.5108995579e-05 4.3975403870e+01 nan
-2.2293997842e-04 8.6133993990e-05 4.1232729956e+01 nan
-2.2539772347e-04 8.6688643727e-05 3.9759451720e+01 nan
1.1123980530e-04 1.1548514276e-04 9.6612822325e+00 nan
1.0117010850e-04 1.1072741437e-04 1.4520100429e+01 nan
-2.1851768708e-04 3.3902523068e-05 1.4567737249e+02 nan
-1.2311579716e-04 5.0842979748e-05 1.0712815186e+02 nan
-7.4046080937e-05 1.0698622930e-04 2.8556322748e+01 nan
7.2852430013e-05 1.3054182903e-04 6.9053558354e+00 nan
3.4284046136e-04 6.8736490568e-05 1.9580119242e+01 nan
-2.6462174738e-04 1.2776306667e-05 2.2204397625e+02 nan
-2.6811348461e-04 1.2892806054e-05 2.2065773228e+02 nan
-1.4569202364e-04 9.3518322324e-05 4.4064419444e+01 nan
-1.5866898386e-04 3.4222006768e-05 1.4367756618e+02 nan
-1.6212301608e-04 3.4268153053e-05 1.4369391775e+02 nan
2.7926235751e-04 1.0201276076e-04 1.4802083769e+01 nan
8.3580075548e-05 9.2377170540e-05 2.2823580874e+01 nan
-1.7882128232e-04 9.0188663643e-05 4.5383010549e+01 nan
1.4773488307e-04 3.4051208925e-05 5.8878602917e+01 nan
1.3872636286e-04 1.3635043514e-04 8.2616691735e+00 nan
2.5041759089e-04 1.3334001660e-05 4.7380618386e+01 nan
-1.9291235348e-04 5.3036793071e-05 1.0064043618e+02 nan
-1.2717051795e-04 9.4453492318e-05 4.3287061138e+01 nan
-1.2335268480e-04 9.2255253023e-05 4.5568825492e+01 nan
-1.2231913883e-04 9.0209477560e-05 4.7796137307e+01 nan
-1.6852311647e-04 3.9485976325e-05 1.3126546272e+02 nan
2.8010091874e-04 5.8311919103e-05 1.5137696213e+01 nan
2.2244522171e-04 1.1511119823e-05 6.5837108770e+01 nan
9.8775533132e-05 1.2540643302e-04 1.0575062254e+01 nan
1.2470898919e-04 1.3293534580e-04 5.8757871008e+00 nan
1.9477832307e-04 9.9298465265e-06 9.6028347864e+01 nan
1.0598745891e-04 9.7753946928e-05 1.8045969026e+01 nan
1.0899051289e-04 9.5928026425e-05 1.8299071413e+01 nan
-1.4696214635e-04 2.7534247356e-05 1.5989208607e+02 nan
1.6710317319e-04 8.7393963345e-06 1.4169823109e+02 nan
-2.2494745311e-04 3.4194696872e-05 1.4434436754e+02 nan
-1.7140914425e-04 1.6559071318e-05 1.9208903567e+02 nan
2.1544785850e-04 4.9370672290e-05 3.0327183096e+01 nan
2.1878949283e-04 4.6902265901e-05 3.3879487644e+01 nan
2.2621192888e-04 8.2648699082e-05 1.0886401943e+01 nan
2.2216914499e-04 8.1630924096e-05 1.0597972935e+01 nan
-2.0849168490e-04 1.6779603499e-05 1.9821825019e+02 nan
-2.4408301280e-04 1.5629030331e-05 2.0907805138e+02 nan
3.3572879444e-04 1.8322589494e-05 2.1796581030e+01 nan
-2.3703550192e-04 3.1163158213e-05 1.5218467084e+02 nan
-8.2091805184e-05 8.9078612437e-05 4.8570459130e+01 nan
-8.4988633240e-05 8.9120774229e-05 4.8559767801e+01 nan
1.5209820610e-04 6.7042865832e-05 2.5824513283e+01 nan
3.1685389660e-04 2.4052701413e-05 1.9074962337e+01 nan
-1.2697748167e-04 8.8425560009e-05 4.9805157985e+01 nan
-2.8182701935e-04 2.8211527627e-05 1.3141894626e+02 nan
-1.3362759434e-04 9.0756457837e-05 4.7178414911e+01 nan
1.7498454456e-04 3.7700566666e-05 4.4626532207e+01 nan
-2.0136397375e-04 6.3478990939e-05 7.9839399427e+01 nan
-2.0090219153e-04 6.1421617788e-05 8.3583903944e+01 nan
-2.8287144436e-04 4.5562895035e-05 8.5453039237e+01 nan
-1.1947348455e-04 9.0089685638e-05 4.7913576493e+01 nan
-3.1288087164e-04 9.9994506512e-06 2.0489876159e+02 nan
1.2567831790e-04 6.1175820816e-05 3.6378278792e+01 nan
2.7195310949e-04 5.6878243830e-05 1.4429036071e+01 nan
-2.1784454730e-04 1.3683136527e-05 2.1047751481e+02 nan
1.8667429304e-04 3.9386259023e-05 4.0584946162e+01 nan
3.3006351079e-04 5.4950295270e-05 2.0109459697e+01 nan
3.2670284075e-04 5.8261185847e-05 1.9536835664e+01 nan
3.3342112442e-04 5.1607267906e-05 2.0726560431e+01 nan
1.7801952606e-04 1.1531240685e-04 8.2680133998e+00 nan
1.0014105252e-04 5.6178617637e-05 4.7578434919e+01 nan
-1.8756727250e-04 6.4337924236e-05 8.0028455860e+01 nan
2.1419960755e-04 4.3364319029e-05 3.6130740005e+01 nan
4.2876394468e-05 7.4869754775e-05 4.4821011206e+01 nan
7.9598113872e-05 5.2804601615e-05 5.9098878739e+01 nan
3.0233387577e-04 5.1041406900e-05 1.7294906923e+01 nan
6.0034702712e-05 5.0257818040e-05 7.2755067135e+01 nan
-1.9608902076e-04 3.4923721925e-05 1.4312313723e+02 nan
-1.9458612140e-04 3.1438263002e-05 1.5253310287e+02 nan
5.0547641857e-05 4.9279547338e-05 8.0518199032e+01 nan
1.4028270663e-04 1.0466957661e-04 9.1227967858e+00 nan
1.3667951922e-04 1.0327746131e-04 9.7021346438e+00 nan
-1.9644644847e-04 2.8083966540e-05 1.6208959005e+02 nan
2.8262892841e-04 1.4832690184e-05 4.4645620256e+01 nan
-2.0956438798e-05 4.5702490039e-05 1.1638965257e+02 nan
-3.1186627990e-05 3.0616412608e-05 1.5003039177e+02 nan
-2.1903918789e-04 7.4160409870e-05 5.8867809614e+01 nan
-6.3423280463e-05 4.3608551333e-05 1.2242229619e+02 nan
1.4022547229e-04 7.8947071254e-05 1.9419727117e+01 nan
2.9759297457e-04 4.6750804089e-05 1.6863065327e+01 nan
1.5106368460e-05 3.1334230630e-05 1.4136107388e+02 nan
2.9687074993e-04 4.3069426905e-05 1.6821939811e+01 nan
2.5588319037e-05 3.1611285984e-05 1.3783590369e+02 nan
-2.2236300960e-04 5.7488043253e-05 8.7412423461e+01 nan
2.4752309256e-04 9.4992068591e-05 1.2884832477e+01 nan
3.4346855118e-04 4.1365679761e-05 2.2857028564e+01 nan
3.4012829090e-04 4.4815755343e-05 2.2101587425e+01 nan
9.0099510744e-05 3.4706997004e-05 9.1285633125e+01 nan
2.4068223726e-04 1.0064691616e-04 1.2603099681e+01 nan
1.7698767395e-04 4.6176029543e-05 3.7020244738e+01 nan
-2.2470441573e-04 5.3623382286e-05 9.4960534176e+01 nan
3.5101292062e-04 1.5318737392e-05 2.4178343670e+01 nan
3.1273995329e-04 2.3650949558e-05 1.8617394428e+01 nan
3.0778567657e-04 1.9621903752e-05 1.8362244596e+01 nan
3.0610134491e-04 1.2562194731e-05 2.8013375260e+01 nan
3.0538641449e-04 9.3728523918e-06 3.8374723516e+01 nan
3.0898872738e-04 6.1534982130e-06 3.8958486034e+01 nan
-1.3461526670e-04 3.8969777648e-05 1.3197246384e+02 nan
1.1958571329e-04 1.5580396199e-04 1.5500499422e+01 nan
-2.6431255857e-04 7.1938784279e-05 4.6023526986e+01 nan
6.7747119984e-05 1.1414353037e-04 1.7750065080e+01 nan
9.8696538906e-05 1.2206943052e-04 1.1381374240e+01 nan
1.1799754631e-04 1.2572813996e-04 5.3349249135e+00 nan
1.2132644375e-04 1.2748739889e-04 5.1504979257e+00 nan
1.9821993797e-04 5.8585064000e-05 2.2637864344e+01 nan
1.6455529377e-04 1.3253762441e-04 9.3535681997e+00 nan
-1.6767969748e-04 1.6546004760e-05 1.9157988021e+02 nan
1.3628040578e-04 9.9815849893e-05 1.0696056994e+01 nan
1.4480059115e-04 8.6503041169e-05 1.4344514213e+01 nan
1.5164035081e-04 8.5397612806e-05 1.3695015591e+01 nan
-2.6109006824e-04 1.2675911949e-05 2.2290783369e+02 nan
-2.7832966576e-04 9.7803155336e-06 2.3536301644e+02 nan
-2.8150516359e-04 4.7601426203e-06 2.6961191156e+02 nan
1.4167501133e-04 8.8717945146e-05 1.3882212042e+01 nan
-1.5511984159e-04 5.6981183285e-05 9.4934516337e+01 nan
-2.1248774593e-04 4.8530591291e-05 1.0837055019e+02 nan
-3.2359041654e-04 1.7055991109e-05 1.2906885505e+02 nan
-2.8895465370e-04 2.2815691381e-05 1.4775484139e+02 nan
-2.9243082829e-04 2.1146731903e-05 1.5255091858e+02 nan
-3.1916189181e-04 4.1934863340e-05 6.6779389153e+01 nan
-3.1765313608e-04 2.1780247150e-05 1.1739284225e+02 nan
-3.1614536485e-04 2.4551356812e-05 1.0950926854e+02 nan
-3.3354382806e-04 4.2731425259e-05 6.1568222155e+01 nan
2.3833330652e-04 1.4403787000e-04 1.4347782284e+01 nan
1.0965512998e-04 1.5361947668e-04 1.5681597903e+01 nan
3.1777875761e-04 1.0623837436e-04 1.5135622807e+01 nan
1.3790799939e-04 1.5856460301e-04 1.5443918093e+01 nan
1.4187723427e-04 1.5682631465e-04 1.4601852179e+01 nan
1.4177020375e-04 1.6047147882e-04 1.6697442687e+01 nan
1.4566669799e-04 1.5855289133e-04 1.5848330878e+01 nan
1.4585065709e-04 1.5487488809e-04 1.4090839590e+01 nan
1.4966967759e-04 1.5658804209e-04 1.5177273072e+01 nan
2.8950223819e-04 1.2278074265e-04 1.4264229181e+01 nan
2.9303488907e-04 1.2004361459e-04 1.4376948250e+01 nan
3.5970598193e-04 6.0148470932e-05 2.1555873524e+01 nan
-8.6809032214e-05 1.1950015418e-04 1.9906417277e+01 1.9031918007e+01
1.4944582688e-04 1.6010332967e-04 1.6931103277e+01 nan
1.5352143976e-04 1.5817805571e-04 1.6149109108e+01 nan
1.5360990602e-04 1.5447093865e-04 1.4577469911e+01 nan
1.5747930150e-04 1.5604117394e-04 1.5442063897e+01 nan
1.5752782328e-04 1.5964187894e-04 1.6855016151e+01 nan
1.6140410599e-04 1.5753724314e-04 1.6118047189e+01 nan
-3.3883473507e-04 4.0678507317e-05 6.9226078538e+01 nan
-3.1683486026e-04 4.9598662556e-05 6.0069067901e+01 nan
-2.7846048959e-04 6.5265636039e-05 5.0459515488e+01 nan
2.6431720683e-04 1.3571371276e-04 1.4079111357e+01 nan
2.6778777526e-04 1.3282276105e-04 1.4102904719e+01 nan
-2.5057741869e-04 7.4526882670e-05 4.7701347868e+01 nan
-2.5286840278e-04 7.5277679609e-05 4.5557132537e+01 nan
1.9292835092e-04 1.5699014700e-04 1.5779774176e+01 nan
1.3388132007e-04 1.6006506606e-04 1.5905489029e+01 nan
2.0063357677e-04 1.5601751908e-04 1.5519949329e+01 nan
2.0466271211e-04 1.5692296685e-04 1.5514163578e+01 nan
1.6179613974e-04 1.6163338871e-04 1.7521717687e+01 nan
1.6533880031e-04 1.5901957161e-04 1.6613611166e+01 nan
-2.5282071600e-04 7.7760213137e-05 4.1799065549e+01 1.5351882083e+01
-2.9308676179e-04 5.9591681234e-05 5.3493584536e+01 nan
3.2111761568e-04 1.0328132593e-04 1.5376685349e+01 nan
3.4430916999e-04 8.0925859004e-05 1.7894738609e+01 nan
1.1281808522e-04 1.5554399539e-04 1.6381606985e+01 nan
6.3461994111e-05 1.3427204878e-04 1.1700668759e+01 nan
6.7233662457e-05 1.3763950425e-04 9.4312778189e-01 nan
7.3168029094e-05 1.4098415388e-04 4.6948973384e+00 nan
1.9689542085e-04 1.5857994867e-04 1.5878584426e+01 nan
-3.0910909951e-04 5.3297319295e-05 6.0945186569e+01 9.2583168255e+00
-3.0629319416e-04 5.4147496271e-05 5.9223316979e+01 9.2583168255e+00
-3.0192173928e-04 5.3538460724e-05 6.1002799224e+01 nan
-2.3904856108e-04 8.3526231549e-05 3.8681497281e+01 1.6251945514e+01
-2.3682886295e-04 8.2533562435e-05 4.0994703312e+01 nan
-2.8553352829e-04 6.3524630753e-05 4.9875028276e+01 1.2413766851e+01
3.8087009917e-04 8.4190096236e-06 3.2760835896e+01 nan
3.6923547346e-04 8.1124530072e-06 2.6179853517e+01 nan
3.4961607655e-04 7.6520643246e-06 2.2594424586e+01 nan
3.0068409226e-04 6.2990076928e-06 4.2256869007e+01 nan
2.7692063911e-04 5.9523081885e-06 4.7100475828e+01 nan
2.4066424988e-04 4.8697950326e-06 7.2581191892e+01 nan
2.3271635938e-04 4.6186563882e-06 8.3082665817e+01 nan
2.1282472777e-04 4.0984360184e-06 1.1459101113e+02 nan
9.7854157704e-05 3.1562309364e-06 2.3555126809e+02 nan
6.6355131719e-05 3.1205791082e-06 2.2250861526e+02 nan
3.0837366485e-05 3.0574277734e-06 2.1891574399e+02 nan
7.0941263844e-06 3.0207975857e-06 2.1898825457e+02 nan
-8.2810112897e-07 3.0104575002e-06 2.1912342111e+02 nan
-2.8573705869e-05 2.9821115862e-06 2.1960764358e+02 nan
3.5353660945e-04 7.9063446743e-06 2.2981431532e+01 nan
-5.6330872087e-05 2.9643296207e-06 2.2009400391e+02 nan
-6.4261524707e-05 2.9607581139e-06 2.2028000561e+02 nan
-8.8050417918e-05 2.9530441423e-06 2.2112695887e+02 nan
-1.1975690677e-04 2.9479766921e-06 2.2331626751e+02 nan
-1.4748401782e-04 2.9473301112e-06 2.2665177017e+02 nan
-1.5540258576e-04 2.9477967733e-06 2.2790450415e+02 nan
1.8930074593e-04 1.5967616348e-04 1.6229724741e+01 nan
2.6090983296e-04 1.3866401246e-04 1.4071923468e+01 nan
3.1091698189e-04 1.1231170844e-04 1.4698593547e+01 nan
3.0766801893e-04 1.1548229750e-04 1.4494361469e+01 nan
3.0361869084e-04 1.1484029245e-04 1.4599268580e+01 nan
3.0031338135e-04 1.1832320200e-04 1.4399440797e+01 nan
2.9969838663e-04 1.1428954463e-04 1.4668853135e+01 nan
3.8049137489e-04 4.2505513251e-06 2.9045718273e+01 nan
3.8462838500e-04 8.7034646704e-06 3.6933665503e+01 nan
3.6870162411e-04 3.9858466976e-06 2.3824790290e+01 nan
3.2511917913e-04 6.9059000394e-06 2.0772091374e+01 nan
-3.2814826374e-04 4.4460150111e-05 6.0254868616e+01 nan
3.1700105171e-04 6.4088345227e-06 3.2107042332e+01 nan
-3.1322668552e-04 4.1458561837e-05 6.9558289842e+01 nan
3.0036242925e-04 3.0851902684e-06 4.4138980311e+01 nan
-2.6218831952e-04 4.8940427724e-05 9.2405692720e+01 nan
-2.6463014868e-04 4.9574630742e-05 8.9622647589e+01 nan
2.7646633578e-04 2.9473424071e-06 4.7647333893e+01 nan
2.8095379201e-04 6.0753537852e-06 4.6395927822e+01 nan
2.8443977157e-04 3.1562146822e-06 4.6256249514e+01 nan
2.8483275845e-04 6.2496807462e-06 4.5678109735e+01 nan
-3.3074116266e-04 4.6541526599e-05 5.7564397870e+01 nan
-3.2487216864e-04 4.8644972725e-05 5.4953634886e+01 nan
-3.2042640912e-04 4.8906591572e-05 6.1341035701e+01 nan
-2.3276854279e-04 5.0428911931e-05 1.0018828054e+02 nan
-2.4331425281e-04 3.1569461589e-05 1.4950430401e+02 nan
-2.3581782829e-04 2.3922163501e-05 1.7715096681e+02 nan
-2.1841402842e-04 4.8997649077e-05 1.0644119758e+02 nan
-2.2138634881e-04 4.9250706539e-05 1.0535555249e+02 nan
-2.2894373068e-04 2.3720168962e-05 1.7787152888e+02 nan
3.5679755315e-04 4.1245315378e-06 2.1978965156e+01 nan
-1.9992816530e-04 4.5871024235e-05 1.1571963103e+02 nan
-1.9675745104e-04 4.5727357861e-05 1.1625242769e+02 nan
-1.8236821583e-04 4.8804207377e-05 1.1013113260e+02 nan
-2.5748803560e-04 7.4431689643e-05 4.4999396295e+01 nan
1.7618979433e-04 1.3685396691e-04 1.1408080011e+01 nan
3.8827205479e-04 4.3458513814e-06 3.7647902232e+01 nan
3.8872016778e-04 9.1816957836e-06 4.3397853274e+01 nan
2.8835069649e-04 3.2722271108e-06 4.5736618869e+01 nan
1.9662683926e-04 1.5457017461e-04 1.5418780140e+01 nan
1.7641284246e-04 1.4065816916e-04 1.2255291198e+01 nan
1.7199696682e-04 1.3163058570e-04 9.9241254197e+00 nan
1.3864410668e-04 1.2883304835e-04 6.4518322571e+00 nan
1.3850133654e-04 1.2507018055e-04 6.0961585495e+00 nan
9.2444029577e-05 1.1864952081e-04 1.2939188100e+01 nan
-3.8356531355e-05 3.0566300500e-05 1.5052022738e+02 nan
1.8717217356e-04 5.9489929425e-05 2.6616927149e+01 nan
-2.0398473271e-05 3.0716030666e-05 1.4895179543e+02 nan
1.7620364517e-04 6.0358539196e-05 2.9392513998e+01 nan
-1.3241277815e-05 3.0803508115e-05 1.4795739760e+02 nan
-6.1050411984e-06 3.0907753321e-05 1.4671516506e+02 nan
-2.5394354413e-04 1.2516184974e-05 2.2336436948e+02 nan
1.0054806190e-06 3.1029920906e-05 1.4520561140e+02 nan
-2.4668082612e-04 1.2392486514e-05 2.2264255543e+02 nan
8.0850294266e-06 3.1170936672e-05 1.4341952411e+02 nan
1.3656466144e-04 7.7922855421e-05 2.0656065953e+01 nan
6.0032494834e-05 1.1068823268e-04 2.1227784118e+01 nan
-2.2157470022e-04 1.3711944757e-05 2.1135944720e+02 nan
1.2000052022e-04 1.0322489015e-04 1.2120517160e+01 nan
1.0076963641e-04 3.5677753800e-05 8.0754805813e+01 nan
1.2287455289e-04 3.8159731096e-05 6.3609646764e+01 nan
1.3050093870e-04 3.9139174917e-05 5.8841637437e+01 nan
1.4990514443e-04 4.1877448508e-05 4.7435108212e+01 nan
1.5764845720e-04 4.3063598791e-05 4.3710543499e+01 nan
9.1601588635e-05 8.7112387630e-05 2.4075020692e+01 nan
7.5677821197e-05 8.2352086247e-05 2.9840039632e+01 nan
2.8855201783e-04 1.1526594456e-04 1.4624820891e+01 nan
2.8075024697e-04 1.1351968584e-04 1.4609220481e+01 nan
2.7239254449e-04 1.0794554516e-04 1.4491940343e+01 nan
2.7289726358e-04 1.1176632132e-04 1.4476584699e+01 nan
5.2890788474e-05 1.3090536640e-04 1.9892974303e+01 nan
4.5780777916e-05 7.5398552028e-05 4.3359466901e+01 nan
2.6792967048e-04 1.0326383695e-04 1.4312411496e+01 nan
2.6001352053e-04 1.0150025790e-04 1.3881894320e+01 nan
-1.0579391623e-05 2.5998430750e-05 1.5933580268e+02 nan
2.5550399188e-04 9.6814860550e-05 1.3499196248e+01 nan
-3.3085626714e-06 2.6086594752e-05 1.5817853885e+02 nan
3.9387274019e-06 2.6189080587e-05 1.5679407299e+02 nan
-7.8955702052e-05 9.2967109418e-05 4.3850973998e+01 nan
1.1157810481e-05 2.6306371965e-05 1.5518591359e+02 nan
-7.3067731974e-05 9.6875545793e-05 3.9168014657e+01 nan
-3.3385483484e-04 4.4518997453e-06 2.1446601218e+02 nan
3.9647232875e-05 2.6919141420e-05 1.4728920511e+02 nan
4.6644791734e-05 2.7103039065e-05 1.4536290961e+02 nan
-3.4134042529e-04 4.9558416758e-06 1.7908872742e+02 nan
4.4977748091e-05 1.1854115438e-04 1.6216865799e+01 nan
-3.4887014732e-04 5.6012222155e-06 1.4704956551e+02 nan
-2.3654403283e-04 7.7756028663e-05 4.8108362513e+01 nan
-2.3642019259e-04 7.5392678747e-05 5.1778483873e+01 nan
1.1321960287e-04 3.0383180224e-05 8.6737816742e+01 nan
3.5389582746e-05 7.6136528268e-06 2.0551734955e+02 nan
2.6175301153e-04 8.7250794515e-05 1.3742085192e+01 nan
3.8115790837e-04 1.2716835480e-05 3.5050967975e+01 nan
-1.2688919885e-04 4.2262691726e-05 1.2467962528e+02 nan
1.2069521351e-04 3.1072033455e-05 7.9458704088e+01 nan
3.4890450328e-04 3.7557462776e-06 2.1495343935e+01 nan
5.2665625180e-05 1.2604365685e-04 1.2549230666e+01 nan
-1.2008976363e-04 4.2189068070e-05 1.2485240928e+02 nan
-1.1326991749e-04 4.2124537250e-05 1.2502351331e+02 nan
1.2829196789e-04 3.1836588311e-05 7.2981665488e+01 nan
-1.0643235232e-04 4.2068809706e-05 1.2519330462e+02 nan
8.5455812163e-05 7.8366738894e-06 2.1358805106e+02 nan
-1.4020778004e-04 8.7099940882e-05 5.1165679408e+01 nan
2.3358832138e-04 1.3553776768e-04 1.4041795976e+01 nan
3.5652897556e-04 6.3554513816e-05 2.0834279235e+01 nan
1.5553190480e-04 3.5039959267e-05 5.4060458370e+01 nan
3.5306540170e-04 6.2725564274e-05 2.0886091787e+01 nan
-4.8090869134e-05 4.5356961511e-05 1.1875262428e+02 nan
-4.1289194087e-05 4.5411979667e-05 1.1844879925e+02 nan
-3.4496568214e-05 4.5486338284e-05 1.1797870601e+02 nan
1.3163828811e-04 7.9834733951e-06 2.0876271744e+02 nan
-2.7716810266e-05 4.5582208678e-05 1.1730600305e+02 nan
-3.0089694214e-04 2.2990329906e-05 1.3189026870e+02 nan
2.2983426346e-04 1.0522549072e-04 1.2036850964e+01 nan
-2.0331118411e-04 5.9626074987e-05 8.6573186737e+01 nan
-1.0852912089e-05 4.5931837728e-05 1.1446604379e+02 nan
1.5127762124e-04 8.2948894472e-06 1.7406955739e+02 nan
-4.1553827642e-06 4.6122422239e-05 1.1274893928e+02 nan
3.7316206643e-04 8.1323878924e-06 2.7730005584e+01 nan
2.8272668527e-04 7.3234580055e-05 1.5279726561e+01 nan
3.6601808337e-04 4.8746859103e-05 2.4255124503e+01 nan
2.5053744633e-06 4.6345949347e-05 1.1063175503e+02 nan
1.5918190231e-04 8.4944284592e-06 1.5782062009e+02 nan
3.8713868611e-05 1.0143833185e-04 2.9393009361e+01 nan
3.3625432508e-04 4.4350842690e-05 2.1603104578e+01 nan
-1.0983634825e-04 7.8064484656e-05 6.2805873800e+01 nan
2.7748280376e-04 8.8957754069e-06 4.6306006498e+01 nan
2.1733029633e-04 9.8298361851e-05 1.0634848682e+01 nan
2.1673244978e-04 9.4528877722e-05 1.0427821729e+01 nan
3.3677987070e-04 4.8229134816e-05 2.1390875547e+01 nan
3.2101445022e-05 1.0414772931e-04 2.8447360974e+01 nan
1.7896803398e-04 9.1953139884e-06 1.1986082437e+02 nan
1.9449696492e-04 4.0529400067e-05 3.8642091265e+01 nan
3.0170557562e-04 9.9240905878e-05 1.5575058266e+01 nan
2.9782259477e-04 9.8433824254e-05 1.5522306170e+01 nan
-2.5470463467e-04 4.5110684814e-05 1.0549408270e+02 nan
1.3706351109e-04 1.0679167210e-04 8.8421630097e+00 nan
4.4686751564e-05 9.6605700500e-05 3.0129263427e+01 nan
1.8687235053e-04 9.5464480375e-06 1.0723991774e+02 nan
1.9731890569e-04 9.2635978326e-05 9.0837939702e+00 nan
1.9795722185e-04 9.6401864672e-05 9.0981728219e+00 nan
1.9457592541e-04 9.8972070131e-05 8.9022610090e+00 nan
1.9856174989e-04 1.0017718107e-04 9.2016002191e+00 nan
1.9516293529e-04 1.0275397559e-04 9.0248794614e+00 nan
-2.2081156556e-04 4.5258429646e-05 1.1494906617e+02 nan
2.0234998374e-04 4.1673565095e-05 3.7255249416e+01 nan
-2.8099795371e-04 6.3717938398e-05 5.1961349052e+01 nan
2.6346546033e-04 1.2816165466e-04 1.4187122183e+01 nan
-1.4134879720e-04 7.1481232859e-05 7.1537435573e+01 nan
-1.4885342535e-04 1.0837554736e-04 3.0748147285e+01 nan
2.1024075863e-04 4.2806975568e-05 3.6345575548e+01 nan
-1.4240189919e-04 6.7718832577e-05 7.7198158391e+01 nan
-1.8592362667e-04 9.7478235091e-05 3.6993087281e+01 nan
-1.8666217424e-04 9.9978844738e-05 3.4533711685e+01 1.8166496862e+01
3.6248353682e-04 4.8090751460e-05 2.4181172409e+01 nan
3.6661288363e-04 5.3439330448e-05 2.3162807026e+01 nan
2.0661722187e-04 1.0569830137e-05 8.1537659365e+01 nan
-2.7718675404e-04 2.3041433578e-05 1.6130416479e+02 nan
3.5270035126e-04 5.8578314344e-05 2.1578172771e+01 nan
-1.3440280866e-04 7.5040372459e-05 6.6617591747e+01 nan
3.0557519949e-04 1.0005057673e-04 1.5597561180e+01 nan
-9.1494380250e-05 5.2228462096e-05 1.0502812121e+02 nan
-3.7829450101e-04 3.9746470666e-06 1.1180283384e+02 nan
-2.7144718120e-04 3.9555111165e-05 1.0948238760e+02 nan
-3.7436213776e-04 3.8188482543e-06 1.0349040569e+02 nan
-3.6858008546e-04 7.3130716905e-06 9.6512417965e+01 nan
-3.6456825648e-04 6.9010324305e-06 9.7014402522e+01 nan
-3.6277757898e-04 1.0538935308e-05 9.0950827289e+01 nan
-3.5882803896e-04 9.9415338015e-06 8.8123701381e+01 nan
-3.6049895898e-04 6.5589168191e-06 1.2169306642e+02 nan
-3.5698922120e-04 1.3540486384e-05 8.6052268742e+01 nan
1.9664867037e-04 8.8881438967e-05 9.1757436303e+00 nan
8.0072401515e-05 1.0687439823e-04 1.8107698833e+01 nan
-1.4485586499e-04 4.9481946741e-05 1.0954093630e+02 nan
3.3570265342e-04 4.0503710026e-05 2.1745299675e+01 nan
-3.8295487713e-04 9.3139916423e-06 1.6661586075e+02 3.2022445953e+00
3.6283193298e-04 5.6738501882e-05 2.2332767306e+01 nan
9.3780972559e-05 1.4730633188e-04 1.3175815211e+01 nan
9.6246363434e-05 1.5262176162e-04 1.7797344096e+01 nan
-1.1699178891e-04 1.1242210906e-04 2.7386730029e+01 nan
1.0476523439e-04 1.1556721508e-04 1.2952626530e+01 nan
3.3392162071e-04 5.5508907752e-05 2.0459671543e+01 nan
3.0635716529e-04 5.1620502682e-05 1.7700006590e+01 nan
-9.7720496458e-05 1.1578313739e-04 2.3593976052e+01 nan
-9.5048284346e-05 1.1569359403e-04 2.3383730200e+01 nan
-1.0307238274e-04 1.1588556820e-04 2.4030672603e+01 nan
-9.8861323253e-05 1.1800902965e-04 2.2255791637e+01 1.9111733877e+01
1.6137804449e-04 1.5381783256e-04 1.4832419706e+01 nan
3.0460696305e-04 9.2265444721e-05 1.6038035228e+01 nan
3.0798958820e-04 8.9151174024e-05 1.6331668351e+01 nan
1.1675061421e-04 1.5058806514e-04 1.3383454439e+01 nan
1.1818816816e-04 5.9633422478e-05 3.9364614194e+01 nan
-2.8473900576e-04 3.8577268196e-05 9.7119228897e+01 nan
1.9913610038e-04 1.0396125273e-04 9.3958123237e+00 nan
1.9571815876e-04 1.0654413572e-04 9.2445768007e+00 nan
-1.0566916321e-04 1.1624645823e-04 2.4015454606e+01 nan
-2.2136277001e-04 7.2350140465e-05 6.1081322433e+01 nan
2.3436344470e-04 1.2281810423e-05 5.6426994581e+01 nan
1.9631544795e-04 1.5081617235e-04 1.4935342107e+01 nan
1.9232320272e-04 1.4959686436e-04 1.4722954375e+01 nan
1.9188892853e-04 8.3953108308e-05 9.4880005131e+00 nan
-3.0015396759e-04 5.2118276706e-05 6.3681843703e+01 nan
-1.4370350667e-04 1.0163869891e-04 3.6385527268e+01 nan
-1.4099663393e-04 1.0144090674e-04 3.6600118800e+01 nan
3.2423885213e-04 1.0022477940e-04 1.5649122788e+01 nan
-2.0173782133e-04 7.8091102473e-05 5.6916262587e+01 nan
6.8959597017e-05 9.0112592499e-05 2.6413282494e+01 nan
3.3620682875e-04 7.5363340275e-05 1.8499278453e+01 nan
5.9185578104e-05 1.3434556844e-04 2.3627239263e+01 nan
5.7093270468e-05 1.3316621987e-04 2.2374503369e+01 nan
-1.4724948181e-04 1.0400905926e-04 3.4276739900e+01 nan
9.0246822723e-05 1.4845891363e-04 1.4751370487e+01 nan
8.7337864551e-05 1.4652246987e-04 1.1924601701e+01 nan
8.3204899580e-05 1.4794362796e-04 1.4616889952e+01 nan
8.1027839577e-05 1.4520958025e-04 7.1748847050e+00 nan
3.2047807221e-04 9.9373718268e-05 1.5752081064e+01 nan
-3.6187507964e-04 2.4367527271e-05 1.0546531875e+02 nan
-3.5615814460e-04 2.7363257681e-05 9.3820508924e+01 nan
-3.5865822424e-04 2.8708917083e-05 1.0123124997e+02 nan
-3.5306260634e-04 3.1526161599e-05 9.0146933288e+01 nan
-3.6504186985e-04 2.5351973035e-05 1.1706337396e+02 7.6187593524e+00
-3.6022761285e-04 3.1005474055e-05 1.0811566074e+02 9.0371192923e+00
-3.5050633610e-04 3.0103456708e-05 8.4253648556e+01 nan
-3.4750116764e-04 3.4274348468e-05 8.0768934965e+01 nan
-3.5065853662e-04 3.5382062473e-05 8.8091072498e+01 nan
-3.4470407995e-04 3.8816186584e-05 7.8525776768e+01 nan
9.4374393171e-05 1.4395138311e-04 9.2591091728e+00 nan
-3.7681805634e-04 1.2884374962e-05 1.4098179976e+02 nan
-3.7342733506e-04 1.7415294125e-05 1.3811902648e+02 nan
-3.6779971943e-04 2.0819366348e-05 1.2004984302e+02 nan
1.3706596354e-04 6.3633790089e-05 3.0880620191e+01 nan
2.9612252623e-04 3.9403700833e-05 1.6779704062e+01 nan
2.9945967413e-04 3.6297297776e-05 1.7134019847e+01 nan
-1.6505083585e-04 1.0356127462e-04 3.3762308109e+01 nan
-3.4766437575e-04 2.8699697059e-05 7.9943855039e+01 nan
2.4235776732e-04 1.2811414404e-05 5.1359965934e+01 nan
1.4460305834e-04 6.5328361234e-05 2.7881841201e+01 nan
-2.8152943580e-04 6.1211120238e-05 5.6425606068e+01 nan
3.2280933717e-04 5.7684808328e-05 1.9194060432e+01 nan
3.2333951822e-04 6.1541711996e-05 1.9005927387e+01 nan
3.2721055983e-04 6.2148271647e-05 1.9295996881e+01 nan
3.2384996514e-04 6.5421969713e-05 1.8778981672e+01 nan
3.1997099581e-04 6.4794572729e-05 1.8513412627e+01 nan
1.1621959602e-04 1.5731383364e-04 1.6926669393e+01 nan
1.0921709717e-04 1.5763758133e-04 1.8078344848e+01 2.6013668696e+01
1.9175542764e-04 1.0531042672e-04 8.8552162567e+00 nan
1.9228945547e-04 1.0910652836e-04 9.1031765747e+00 nan
1.8884890362e-04 1.1164754050e-04 8.9727679097e+00 nan
1.8932637750e-04 1.1545525436e-04 9.3540096686e+00 nan
-6.9861471414e-05 1.0900317648e-04 2.6248861287e+01 nan
-1.7920191093e-04 1.0085782650e-04 3.4734986393e+01 nan
-1.7673924712e-04 1.0060519935e-04 3.5248713438e+01 nan
-2.3222111302e-04 4.2275217515e-05 1.2046106243e+02 nan
2.2284874762e-04 8.5370780479e-05 1.0673594877e+01 nan
2.1881382560e-04 8.4330794759e-05 1.0380245848e+01 nan
2.1948103483e-04 8.8077068316e-05 1.0468442256e+01 nan
2.1545357175e-04 8.7014622359e-05 1.0168752397e+01 nan
2.1477297863e-04 8.3271576684e-05 1.0125469725e+01 nan
2.1610699328e-04 9.0767335313e-05 1.0270834921e+01 nan
3.4061963351e-04 4.8736318772e-05 2.1817259160e+01 nan
-2.7949218743e-04 6.0162806644e-05 5.9532425513e+01 nan
-2.7790199066e-04 5.6689043596e-05 6.7187366164e+01 nan
-1.4810880335e-04 4.9553533269e-05 1.0935729703e+02 nan
2.9867297838e-04 3.2654919561e-05 1.7108351542e+01 nan
3.8136201634e-04 2.1588188413e-05 3.4566321156e+01 nan
3.8146987392e-04 2.6155819064e-05 3.2894297300e+01 nan
3.7842970373e-04 2.9741229608e-05 3.0919488891e+01 nan
3.8489531594e-04 1.8241169081e-05 3.7584100762e+01 nan
3.8188424032e-04 3.1224469694e-05 3.0715739967e+01 2.2243390668e+00
3.7507639300e-04 2.9161676408e-05 3.0414637279e+01 nan
3.7526193353e-04 3.3450433475e-05 2.9195862770e+01 nan
3.7185002506e-04 3.2907366717e-05 2.8798992855e+01 nan
3.7574926053e-04 3.7893263668e-05 2.7822885810e+01 nan
3.7239171166e-04 4.1531507644e-05 2.6487810387e+01 nan
-2.4586643501e-04 2.4320995982e-05 1.7464956115e+02 nan
2.3024791246e-04 8.3647596963e-05 1.1201189263e+01 nan
3.2956034379e-04 8.1885525449e-05 1.7582404505e+01 nan
-2.1746706566e-04 4.3096697580e-05 1.2079804609e+02 nan
-1.6801832873e-04 8.9105772619e-05 4.7600936238e+01 nan
3.0611958851e-04 3.0018616870e-05 1.7865548652e+01 nan
-1.2384498401e-04 1.0449941848e-04 3.3828119013e+01 nan
-2.7155705205e-04 6.7242634254e-05 5.0475263789e+01 nan
-2.7349795006e-04 6.8458774628e-05 4.7385293960e+01 nan
-2.7569867923e-04 7.0008778758e-05 4.3645299145e+01 1.3581031685e+01
-2.7794479295e-04 6.8032727219e-05 4.5814410151e+01 1.3216645703e+01
-2.7036965350e-04 7.2536772655e-05 4.2267671030e+01 1.3921674529e+01
-2.6506055287e-04 6.4546401345e-05 5.8486652558e+01 nan
-2.6308065146e-04 6.1310673818e-05 6.5589197991e+01 nan
-2.6054121148e-04 6.2960560031e-05 6.3581351611e+01 nan
-2.6077635085e-04 6.0562609557e-05 6.8140290832e+01 nan
-2.5790650641e-04 3.9158037299e-05 1.1995077846e+02 nan
-2.9549942751e-04 5.1963793713e-05 6.5976331307e+01 nan
-3.4204476472e-04 3.6727482826e-05 7.2850329153e+01 nan
9.1960581785e-05 1.3848634825e-04 3.6045553000e+00 nan
-3.0578293975e-04 1.8834003846e-05 1.4719673979e+02 nan
7.0103384991e-05 1.1275552149e-04 1.7769689285e+01 nan
1.5422324495e-04 1.0306814526e-04 8.6760275974e+00 nan
1.5469987711e-04 1.0674044356e-04 8.0786356960e+00 nan
-2.3361631436e-04 6.7905525650e-05 6.4992990526e+01 nan
3.3050966792e-04 3.2542510028e-05 2.1145553942e+01 nan
-3.3335377798e-04 3.1978502103e-05 7.2731280645e+01 nan
-3.2820066604e-04 3.3938618790e-05 7.2182131183e+01 nan
3.1999054569e-04 9.5422169107e-05 1.6115045310e+01 nan
-2.4369981140e-04 3.9402256401e-05 1.2530136368e+02 nan
-2.0129469950e-04 7.5908983717e-05 6.0065466226e+01 nan
-2.8864432960e-04 5.9597103075e-05 5.5742579850e+01 nan
3.4628533881e-04 3.3969178500e-05 2.3812752928e+01 nan
7.9720299465e-05 1.0406398468e-04 1.9111305218e+01 nan
1.6705513503e-04 7.0500371955e-05 2.0506496631e+01 nan
2.2530858342e-04 1.0041577239e-04 1.1403917942e+01 nan
2.2188097490e-04 1.0314445982e-04 1.1280940172e+01 nan
2.3361506182e-04 8.0888477061e-05 1.1417205947e+01 nan
-1.3311763208e-04 5.6359780823e-05 9.6583033243e+01 nan
-1.8735656377e-04 9.3356253304e-05 4.0912696916e+01 nan
1.0644730565e-04 1.5164170072e-04 1.5099482675e+01 nan
2.6729291904e-04 7.3901665489e-05 1.4033220391e+01 nan
2.6793236819e-04 7.7644107467e-05 1.4108026342e+01 nan
2.7194537443e-04 7.8444748927e-05 1.4427503922e+01 nan
1.2443335034e-04 1.1841904863e-04 6.7386040994e+00 nan
1.2457884639e-04 1.2199261699e-04 5.9848057567e+00 nan
-2.9163021589e-04 4.1371600481e-05 8.2271521490e+01 nan
3.4079657684e-04 8.4232403774e-05 1.7438146989e+01 nan
3.4158911460e-04 8.8498734622e-05 1.6858371803e+01 1.3837043209e+01
3.4849947843e-04 8.1896195612e-05 1.7730027689e+01 1.1942098332e+01
3.4796611227e-04 7.7562708277e-05 1.8394375610e+01 nan
-3.1350461721e-04 5.0172209361e-05 6.1466439421e+01 nan
1.4193964073e-04 1.2297994408e-04 6.2884436538e+00 nan
-1.4911645038e-04 7.5704158609e-05 6.5265628176e+01 nan
3.4241034158e-04 6.4692877249e-05 2.0105098053e+01 nan
1.2037220991e-04 1.4903233562e-04 1.2355805214e+01 nan
-2.9603557693e-04 1.9456191026e-05 1.5770116894e+02 nan
-2.4369677861e-04 7.9689588067e-05 4.2556827798e+01 nan
2.8375606725e-04 3.7637033950e-05 1.5627033738e+01 nan
2.8456340906e-04 4.1271667522e-05 1.5680358116e+01 nan
2.4102269742e-04 7.9052004584e-05 1.1966140605e+01 nan
2.3765339752e-04 8.1847739693e-05 1.1744821908e+01 nan
-2.8597258430e-04 5.2303355518e-05 7.0923415268e+01 nan
2.5556792545e-04 1.2627776577e-04 1.4114347859e+01 nan
2.5161438623e-04 1.2532338445e-04 1.4031614827e+01 nan
2.5114488423e-04 1.2152075467e-04 1.3939030173e+01 nan
2.4765758787e-04 1.2435947854e-04 1.3916946454e+01 nan
3.4094611415e-04 3.6379329166e-06 2.1074649884e+01 nan
3.3778013470e-04 7.1964822551e-06 2.1317226902e+01 nan
3.3350162101e-04 7.1714562840e-06 2.0466474415e+01 nan
3.3253921516e-04 3.6035266897e-06 2.1574289681e+01 nan
3.3831131369e-04 1.1020673972e-05 2.1740379664e+01 nan
3.3497123815e-04 1.4628408560e-05 2.1450336867e+01 nan
3.4172369331e-04 7.3343437392e-06 2.1915962069e+01 nan
3.3097952734e-04 9.3965140843e-05 1.6271535098e+01 nan
3.3168886047e-04 9.8072058669e-05 1.5793426219e+01 1.5609386163e+01
3.3474654231e-04 9.1330787468e-05 1.6556992971e+01 nan
-2.4373656943e-04 4.9821352544e-05 9.8334104012e+01 nan
1.1710984418e-04 1.4714495239e-04 1.1615511545e+01 nan
-2.8560579465e-04 2.4456047722e-05 1.4330853296e+02 nan
-3.6219527139e-04 3.3226640070e-06 1.3378695678e+02 nan
-3.5652618092e-04 6.2923502117e-06 1.3928275234e+02 nan
2.9587546831e-04 1.1311335860e-04 1.4748651019e+01 nan
2.9747024854e-04 6.8537690135e-05 1.6526742445e+01 nan
3.1551713188e-04 6.0342080940e-05 1.8358535100e+01 nan
3.1606806354e-04 6.4170828246e-05 1.8224129380e+01 nan
3.1269301881e-04 6.7374152071e-05 1.7789055104e+01 nan
3.1659990357e-04 6.8019899839e-05 1.8056626481e+01 nan
3.1322584806e-04 7.1219554904e-05 1.7632715037e+01 nan
3.1711529381e-04 7.1888346340e-05 1.7857701366e+01 nan
3.0876490529e-04 6.6728192217e-05 1.7501664617e+01 nan
2.9732593865e-04 9.4568258437e-05 1.5679269207e+01 nan
3.0905452490e-04 4.4720031139e-05 1.8093235704e+01 nan
2.7864759177e-04 1.2793237681e-04 1.4145864162e+01 nan
2.8198215675e-04 1.2920898418e-04 1.4053009008e+01 nan
2.7519019158e-04 1.3085057148e-04 1.4079613303e+01 nan
2.7131681207e-04 1.2998910100e-04 1.4142515679e+01 nan
2.7181874867e-04 1.3385464947e-04 1.4027295065e+01 nan
2.6738836167e-04 1.2907217220e-04 1.4179102008e+01 nan
2.6299536539e-04 1.2434312517e-04 1.4205536951e+01 nan
-2.6778325777e-04 4.5654225632e-05 9.6911223456e+01 nan
3.4775871848e-04 1.8932227491e-05 2.3989306045e+01 nan
3.4843328904e-04 2.2719858901e-05 2.4329466100e+01 nan
4.6005689531e-05 9.2662210361e-05 3.0959166312e+01 nan
-1.5095682253e-04 1.0012293839e-04 3.7540916487e+01 nan
3.2095481155e-04 2.4432257377e-05 1.9603077307e+01 nan
2.8949209079e-04 6.7162217716e-05 1.5889093987e+01 nan
1.7591584255e-04 1.3303746814e-04 1.0599292297e+01 nan
1.7250403473e-04 1.3925828669e-04 1.1603764513e+01 nan
1.7952412213e-04 1.3058988787e-04 1.0495348548e+01 nan
-2.3290670303e-04 5.2524665212e-05 9.5413583954e+01 nan
2.1645169347e-04 1.1992746710e-04 1.2169985241e+01 nan
2.1250185495e-04 1.1881736718e-04 1.1777563144e+01 nan
2.1294431375e-04 1.2261263719e-04 1.2188118919e+01 nan
2.1689336950e-04 1.2372096968e-04 1.2553085401e+01 nan
2.0899931655e-04 1.2148228816e-04 1.1785296723e+01 nan
2.0942206816e-04 1.2527875153e-04 1.2229584488e+01 nan
2.0548180121e-04 1.2412777163e-04 1.1815766914e+01 nan
2.0588318192e-04 1.2792529746e-04 1.2295980045e+01 nan
2.0194748438e-04 1.2675304793e-04 1.1870601134e+01 nan
2.0982496917e-04 1.2907320600e-04 1.2676356219e+01 nan
2.0232559289e-04 1.3055102136e-04 1.2389066926e+01 nan
2.0154689546e-04 1.2295229679e-04 1.1362720512e+01 nan
2.0855488395e-04 1.1768493707e-04 1.1352842702e+01 nan
1.9801824248e-04 1.2555520244e-04 1.1402101302e+01 nan
2.2040430495e-04 1.2101658843e-04 1.2527695747e+01 nan
2.2084593874e-04 1.2480876332e-04 1.2879149226e+01 nan
2.1731795188e-04 1.2751298969e-04 1.2932674073e+01 nan
2.2127261218e-04 1.2859921783e-04 1.3221346039e+01 nan
2.2480171576e-04 1.2587730435e-04 1.3166109510e+01 nan
2.2523105865e-04 1.2966679650e-04 1.3468905101e+01 nan
2.1772798508e-04 1.3130228163e-04 1.3301535457e+01 nan
2.2876049483e-04 1.2692768457e-04 1.3414339512e+01 nan
2.2831692501e-04 1.2313664756e-04 1.3134510365e+01 nan
2.2919297634e-04 1.3071705496e-04 1.3676491458e+01 nan
2.2564974551e-04 1.3345369870e-04 1.3752368893e+01 nan
2.0112069656e-04 1.1915018113e-04 1.0876598750e+01 nan
2.8618380703e-04 1.2655103101e-04 1.4116369539e+01 nan
1.2401638944e-04 1.4740418487e-04 1.1488285844e+01 nan
1.1918069509e-04 9.6661439382e-05 1.5477225434e+01 nan
1.1610420256e-04 9.8582674355e-05 1.5845161752e+01 nan
-1.4542538762e-04 6.7835117936e-05 7.6924212827e+01 nan
2.5247149108e-04 7.8022858083e-05 1.2867161028e+01 nan
-3.1952588696e-04 1.8811680310e-06 2.8963107374e+02 nan
3.2049659273e-04 3.2288324342e-06 3.5086390145e+01 nan
3.1303155838e-04 6.1666467355e-06 3.6982953509e+01 nan
3.2107743736e-04 6.6180493720e-06 2.5547313189e+01 nan
-2.5061306656e-04 7.2108219459e-05 5.1621330782e+01 nan
2.7544914124e-04 3.6365020536e-05 1.4862288189e+01 nan
2.7628941470e-04 3.9987052110e-05 1.4924741147e+01 nan
2.7213921533e-04 3.9313793997e-05 1.4686131967e+01 nan
2.4947378340e-04 1.3955480372e-04 1.4195204571e+01 nan
2.5342796150e-04 1.4051894338e-04 1.4154131423e+01 nan
2.4586949880e-04 1.4227454347e-04 1.4246537995e+01 nan
2.4193930792e-04 1.4132787928e-04 1.4266042300e+01 nan
2.4205508835e-04 1.4481361184e-04 1.4317770141e+01 nan
2.5693313199e-04 1.3768293637e-04 1.4132379281e+01 nan
2.4152456920e-04 1.3756370532e-04 1.4184523888e+01 nan
2.1927371589e-04 1.4641142188e-04 1.4546686120e+01 nan
2.1565259968e-04 1.4907588653e-04 1.4741174600e+01 nan
2.1165717517e-04 1.4796255724e-04 1.4664671585e+01 nan
2.1201115407e-04 1.5171688983e-04 1.4966177270e+01 nan
2.1596021336e-04 1.5260738680e-04 1.4970562623e+01 nan
2.1203070333e-04 1.5556617618e-04 1.5237869748e+01 nan
2.0766891868e-04 1.4683052139e-04 1.4541744781e+01 nan
2.1967851588e-04 1.5006649265e-04 1.4770273632e+01 nan
2.2410534463e-04 1.5164224095e-04 1.4781989645e+01 nan
2.2726563300e-04 1.4855794529e-04 1.4605502202e+01 nan
2.2785984734e-04 1.1934498352e-04 1.2842142315e+01 nan
2.3181896771e-04 1.2037821545e-04 1.3125446514e+01 nan
-2.5347752108e-04 6.0885201251e-05 7.0759937865e+01 nan
2.5307916797e-04 2.4807288936e-05 4.1891243878e+01 nan
2.4969716151e-04 2.7384364702e-05 4.1145733537e+01 nan
2.4566005021e-04 2.7023359827e-05 4.0871390305e+01 nan
2.4631895670e-04 2.9942025877e-05 4.0458219100e+01 nan
2.5033999553e-04 3.0308737012e-05 4.0696359383e+01 nan
2.4161703705e-04 2.6642499705e-05 4.0941261736e+01 nan
2.4294564162e-04 3.2482040660e-05 3.9742348022e+01 nan
2.3758001414e-04 2.6247940465e-05 4.1449658872e+01 nan
2.3489558927e-04 3.1637258060e-05 3.9445473014e+01 nan
2.3087472263e-04 3.1193581568e-05 3.9836436455e+01 nan
2.3020528145e-04 2.8298780476e-05 4.1296620880e+01 nan
2.5372293847e-04 2.7723561810e-05 4.1478303257e+01 nan
2.5434882538e-04 3.0654195414e-05 4.1086448909e+01 nan
2.5773610462e-04 2.8040736504e-05 4.1591781751e+01 nan
3.4116615749e-04 2.6008110943e-05 2.3029661883e+01 nan
-2.0107391922e-04 2.3173993922e-05 1.7704781176e+02 nan
-1.9992264057e-04 2.8150041389e-05 1.6215336695e+02 nan
-2.0818882947e-04 2.3270889325e-05 1.7761728171e+02 nan
-2.1170442547e-04 2.3325360891e-05 1.7784681373e+02 nan
-2.1517717572e-04 2.3387588201e-05 1.7801560723e+02 nan
1.6560286079e-04 8.3032460665e-05 1.2351227290e+01 nan
1.6237046419e-04 8.5390997787e-05 1.1972477480e+01 nan
-2.3201267884e-04 8.1308759794e-05 4.4519744102e+01 nan
-3.3643344092e-04 2.0388528715e-05 8.7258417698e+01 nan
-1.8601449746e-04 7.8387301943e-05 5.8886597372e+01 nan
1.5058516618e-04 7.8729928138e-05 1.8250964451e+01 nan
1.4744880534e-04 8.0980344372e-05 1.7415806482e+01 nan
-3.4739069579e-04 1.5469108048e-05 8.3767752540e+01 nan
-3.4546770838e-04 1.8988721616e-05 7.7817793728e+01 nan
-2.2978004440e-04 8.3089212402e-05 4.2867412780e+01 nan
-2.3002923079e-04 8.5291402484e-05 3.9890765711e+01 nan
1.8504344424e-04 1.5815365350e-04 1.6107520592e+01 nan
2.4984796485e-04 1.4385772731e-04 1.4196415136e+01 nan
2.5416170717e-04 1.4431817604e-04 1.4112630706e+01 2.5067450557e+01
-2.0569934220e-04 1.2048686486e-05 2.1251071166e+02 nan
-1.9748482278e-04 1.6697756689e-05 1.9623648731e+02 nan
2.5921795929e-04 7.2270070757e-05 1.3358073346e+01 nan
1.6913099967e-04 1.5297945811e-04 1.4905414027e+01 nan
1.6922489024e-04 1.5671863858e-04 1.5947730412e+01 nan
1.7313804741e-04 1.5802967993e-04 1.6272955565e+01 nan
1.6932243754e-04 1.6043354396e-04 1.6944894330e+01 nan
2.2090730472e-04 2.1831305648e-05 4.8644137587e+01 nan
2.1757183698e-04 2.4194515126e-05 4.7138506416e+01 nan
2.1360490348e-04 2.3782698927e-05 4.8783236742e+01 nan
2.1424723586e-04 2.6548811573e-05 4.5789963274e+01 nan
2.1821928482e-04 2.6987387109e-05 4.4426961147e+01 nan
2.0964718493e-04 2.3374135036e-05 5.0605457322e+01 nan
2.0697827115e-04 2.8434521798e-05 4.5849098306e+01 nan
2.0303009196e-04 2.7976358881e-05 4.7380749151e+01 nan
2.2154951950e-04 2.4608138153e-05 4.5688689414e+01 nan
2.2220215188e-04 2.7426440253e-05 4.3193880821e+01 nan
2.2553799813e-04 2.5021883721e-05 4.4364730858e+01 nan
2.2619729376e-04 2.7864276700e-05 4.2155559192e+01 nan
2.2286439608e-04 3.0282760518e-05 4.1192904107e+01 nan
2.2888300530e-04 2.2606639215e-05 4.5549401528e+01 nan
2.3288953152e-04 2.2992962728e-05 4.4240097668e+01 nan
1.6802752805e-04 5.5873515196e-05 3.1666725208e+01 nan
1.6481816283e-04 5.8126466458e-05 3.0528291659e+01 nan
1.6101791552e-04 5.7377045191e-05 3.1246207215e+01 nan
-2.5486741877e-04 4.2965660917e-05 1.1099575399e+02 nan
-1.5740919086e-04 8.2140378858e-05 5.6465324204e+01 nan
-1.5900317971e-04 8.6303137448e-05 5.1380166990e+01 nan
-1.6177998879e-04 8.6516379828e-05 5.0969228480e+01 nan
-1.6254210307e-04 8.8630736618e-05 4.8521294198e+01 nan
2.0067865504e-04 9.0052953032e-05 9.2850430887e+00 nan
-1.9054707407e-04 1.1990461699e-05 2.0899163062e+02 nan
-1.9004889267e-04 1.6654284271e-05 1.9494510068e+02 nan
1.4195150923e-04 5.3690909109e-05 3.7928238412e+01 nan
1.4891538043e-04 5.2282628259e-05 3.7262956033e+01 nan
1.5274560688e-04 5.2989835560e-05 3.5782461605e+01 nan
1.5339846299e-04 5.5880692821e-05 3.3379999895e+01 nan
3.3289784050e-04 4.7734497586e-05 2.0937553889e+01 nan
1.2099832767e-04 7.0948212211e-05 2.9744185642e+01 nan
1.2167892615e-04 7.3900792873e-05 2.7664416164e+01 nan
1.2541446706e-04 7.4884776770e-05 2.5755483584e+01 nan
1.1864161501e-04 7.5897616989e-05 2.6748629674e+01 nan
1.1929459153e-04 7.8900264498e-05 2.4798835634e+01 nan
1.1563372003e-04 7.7871070667e-05 2.5942133441e+01 nan
1.1498383420e-04 7.4917830572e-05 2.8008162351e+01 nan
1.1137018439e-04 7.3967760448e-05 2.9260497143e+01 nan
1.0844861348e-04 7.5902725442e-05 2.8403904916e+01 nan
1.0492159742e-04 7.4962939154e-05 2.9677358749e+01 nan
1.0427169443e-04 7.2152959374e-05 3.1894478263e+01 nan
1.0143575642e-04 7.4053737693e-05 3.0985781743e+01 nan
1.0078341468e-04 7.1289172188e-05 3.3263753264e+01 nan
9.7333718550e-05 7.0454425188e-05 3.4665821855e+01 nan
9.4580197775e-05 7.2328748838e-05 3.3697522444e+01 nan
9.1209651584e-05 7.1507372254e-05 3.5110859157e+01 nan
9.0543747834e-05 6.8871594387e-05 3.7548854101e+01 nan
8.7872969145e-05 7.0717660451e-05 3.6535935222e+01 nan
8.7200384517e-05 6.8122954692e-05 3.9036339608e+01 nan
8.3889296333e-05 6.7402554533e-05 4.0551533839e+01 nan
8.0608862423e-05 6.6710289954e-05 4.2094495676e+01 nan
7.8054242885e-05 6.8525457607e-05 4.0985363525e+01 nan
7.4839889697e-05 6.7852165548e-05 4.2516098243e+01 nan
7.1651038957e-05 6.7209704617e-05 4.4084182416e+01 nan
7.0936224057e-05 6.4799053028e-05 4.6902386593e+01 nan
6.7763661768e-05 6.4215201496e-05 4.8566977623e+01 nan
6.4614394137e-05 6.3657816696e-05 5.0267873274e+01 nan
5.9138860313e-05 6.4898459424e-05 5.0642787163e+01 nan
5.6063424186e-05 6.4386336372e-05 5.2346235057e+01 nan
5.3005446251e-05 6.3902366516e-05 5.4092669906e+01 nan
5.2225509660e-05 6.1682546999e-05 5.7409685108e+01 nan
4.9966653728e-05 6.3438527059e-05 5.5884787756e+01 nan
4.9174681215e-05 6.1249403951e-05 5.9292586983e+01 nan
4.6140127695e-05 6.0839945991e-05 6.1221517804e+01 nan
4.3120779595e-05 6.0453970153e-05 6.3188933025e+01 nan
4.0116089259e-05 6.0089894460e-05 6.5167795639e+01 nan
3.4995347470e-05 6.1485099291e-05 6.5088294228e+01 nan
3.2025395990e-05 6.1157813462e-05 6.8258458627e+01 nan
2.9028276126e-05 6.0849654246e-05 7.1070632216e+01 nan
2.6006486569e-05 6.0561468283e-05 7.3684998776e+01 nan
1.9900584413e-05 6.0028325150e-05 7.8347612802e+01 nan
1.6817600353e-05 5.9789370192e-05 8.0391853933e+01 nan
1.3718460289e-05 5.9561599571e-05 8.2265849898e+01 nan
1.0602870273e-05 5.9350270521e-05 8.3970148640e+01 nan
9.5135167279e-06 5.7438729279e-05 8.7610292536e+01 nan
7.4718932943e-06 5.9155843599e-05 8.5512529382e+01 nan
6.3558204659e-06 5.7255498150e-05 8.9097888279e+01 nan
3.1851108702e-06 5.7084744368e-05 9.0444153638e+01 nan
2.3613417800e-09 5.6926406321e-05 9.1657185956e+01 nan
-3.1914492894e-06 5.6780161160e-05 9.2745283035e+01 nan
-6.3952279239e-06 5.6644864084e-05 9.3718042596e+01 nan
-9.6081709555e-06 5.6520399089e-05 9.4583157514e+01 nan
-1.2829475486e-05 5.6406451193e-05 9.5348260520e+01 nan
-1.7972302451e-05 5.8026425333e-05 9.3318984276e+01 nan
-2.1190086098e-05 5.7935313253e-05 9.3848532830e+01 nan
-2.4412952761e-05 5.7849035076e-05 9.4311847390e+01 nan
-2.7641159412e-05 5.7772717426e-05 9.4706012921e+01 nan
-3.2290978109e-05 5.5910530871e-05 9.8256400578e+01 nan
-3.5550966390e-05 5.5855205508e-05 9.8520448820e+01 nan
-3.8814170075e-05 5.5806665551e-05 9.8736303852e+01 nan
-4.2080113362e-05 5.5764718712e-05 9.8908413109e+01 nan
1.2300541236e-04 7.9967825794e-05 2.3057867101e+01 nan
-4.5348302517e-05 5.5728691421e-05 9.9041813166e+01 nan
-4.2353070220e-05 5.9298643077e-05 9.2735886885e+01 nan
-1.3486884657e-05 5.9976910922e-05 8.9429762281e+01 nan
-3.9743001658e-06 6.0373633728e-05 8.6952477683e+01 nan
2.0991928402e-05 5.6356892430e-05 8.4101393167e+01 nan
3.0238028584e-05 5.7114263508e-05 7.6962498131e+01 nan
1.1070943399e-04 7.1108172854e-05 3.1470608654e+01 nan
5.7613781034e-05 6.0369594723e-05 5.7092374016e+01 nan
7.6650058998e-05 6.3597399871e-05 4.6483881244e+01 nan
4.1760706956e-05 6.4335270791e-05 5.7940979924e+01 nan
5.9885624371e-05 6.7210889453e-05 4.7666749900e+01 nan
9.1858754811e-05 7.4187828911e-05 3.2754085608e+01 nan
1.0907928740e-04 7.8812640164e-05 2.6338606289e+01 nan
7.8757291020e-05 7.1045940092e-05 3.8420206195e+01 nan
8.5254882419e-05 7.2556482765e-05 3.5538524328e+01 nan
1.1995588220e-04 8.1965890053e-05 2.3009508696e+01 nan
-5.0336328145e-05 5.7445326543e-05 9.6051746119e+01 nan
8.3198293365e-05 6.4880822412e-05 4.3230915372e+01 nan
1.0011888998e-04 6.8565051152e-05 3.5647985919e+01 nan
1.2913258844e-04 7.5883650906e-05 2.3874376023e+01 nan
1.2976850832e-04 7.8982842757e-05 2.1536398982e+01 nan
1.3353446407e-04 4.9558390771e-05 4.4843918666e+01 nan
1.3425905909e-04 5.2278861586e-05 4.1782234353e+01 nan
1.9326446272e-04 1.9235922458e-05 6.4629682159e+01 nan
1.8995929790e-04 2.1411819799e-05 6.1786373633e+01 nan
1.8603336432e-04 2.1040435049e-05 6.4494764446e+01 nan
1.8666813617e-04 2.3588082083e-05 5.9271430485e+01 nan
1.8274669696e-04 2.3191294653e-05 6.1765530787e+01 nan
1.9059189424e-04 2.3992760796e-05 5.6927718619e+01 nan
1.8731290603e-04 2.6193160821e-05 5.4776035339e+01 nan
1.8210857775e-04 2.0677636946e-05 6.7363491177e+01 nan
1.7882548527e-04 2.2803401144e-05 6.4427821771e+01 nan
1.7555832853e-04 2.4931240470e-05 6.1831264168e+01 nan
1.9451878719e-04 2.4404735713e-05 5.4723308158e+01 nan
1.9845063809e-04 2.4823464935e-05 5.2650860158e+01 nan
1.9516100139e-04 2.7073068366e-05 5.0806716112e+01 nan
2.0175562188e-04 2.2571055121e-05 5.4653478441e+01 nan
2.0113283550e-04 1.9948340808e-05 5.9284065756e+01 nan
2.0507356166e-04 2.0314551406e-05 5.6836402170e+01 nan
2.8788114143e-04 8.1538510601e-05 1.5565993307e+01 nan
2.8448253055e-04 8.4570179016e-05 1.5301027776e+01 nan
2.3819030887e-04 4.6877093818e-05 1.7948787462e+01 nan
2.4229895541e-04 4.7659481233e-05 1.3688642200e+01 nan
2.3899973923e-04 5.0428610983e-05 1.2424736168e+01 nan
2.3487364279e-04 4.9585375515e-05 1.5561049034e+01 nan
2.3570356011e-04 5.3189355662e-05 1.1806773173e+01 nan
2.3984278913e-04 5.4084338727e-05 1.2094196168e+01 nan
2.3653557991e-04 5.6853108838e-05 1.1917572537e+01 nan
2.4066054800e-04 5.7749331179e-05 1.2062655465e+01 nan
2.3156464721e-04 5.2298217437e-05 1.3799811277e+01 nan
2.3079616182e-04 4.8817687065e-05 1.9886992475e+01 nan
2.4397545300e-04 5.4958797476e-05 1.2354048351e+01 nan
2.4145443903e-04 6.1425331744e-05 1.2045399297e+01 nan
2.4555722108e-04 6.2307738413e-05 1.2300858516e+01 nan
2.2676173643e-04 4.8121305966e-05 2.4600199461e+01 nan
2.4888839065e-04 5.9487422901e-05 1.2570451121e+01 nan
2.4560738925e-04 4.4891049704e-05 1.5827523386e+01 nan
2.4645296379e-04 4.8502552826e-05 1.2384735721e+01 nan
2.4975345425e-04 4.5686725037e-05 1.2752443471e+01 nan
-1.8635738976e-04 6.0332847171e-05 8.7160514643e+01 nan
1.1535281788e-04 4.9059348800e-05 5.1044753563e+01 nan
1.1906439736e-04 4.9663753246e-05 4.9146700920e+01 nan
1.2658338866e-04 5.0931020304e-05 4.5516747906e+01 nan
2.0195414249e-04 9.7581241998e-05 9.3840617564e+00 nan
1.0731249806e-04 4.5450125207e-05 5.8750398337e+01 nan
2.0808683706e-04 1.1388821611e-04 1.0942155990e+01 nan
-1.9417570425e-04 7.9273496740e-05 5.6572235741e+01 nan
-1.9468265682e-04 8.1450282397e-05 5.3629206416e+01 nan
1.6574873703e-04 1.7018288972e-05 8.9691519660e+01 nan
1.6247075975e-04 1.9013225620e-05 8.4821384521e+01 nan
1.5920699121e-04 2.1017187079e-05 8.0643319854e+01 nan
1.5527677089e-04 2.0696531354e-05 8.4643706224e+01 nan
1.5988582024e-04 2.3385271971e-05 7.3564080477e+01 nan
1.5134340073e-04 2.0390913400e-05 8.9047196124e+01 nan
1.5203298485e-04 2.2686034959e-05 8.0748708924e+01 nan
1.4741175805e-04 2.0101284016e-05 9.3890175732e+01 nan
1.6640227364e-04 1.9323594520e-05 8.0843025242e+01 nan
1.7033087120e-04 1.9646039252e-05 7.7135944807e+01 nan
1.6772692650e-04 2.4136002047e-05 6.7316948284e+01 nan
1.7425862114e-04 1.9979723830e-05 7.3665888065e+01 nan
-2.1142451059e-04 3.1870208404e-05 1.5177166848e+02 nan
-1.4450757431e-04 2.4304131664e-05 1.6808770377e+02 nan
-1.3985682831e-04 2.7487924944e-05 1.5963341943e+02 nan
-1.3628515471e-04 2.7458407744e-05 1.5953931279e+02 nan
-1.3268289040e-04 2.7435696543e-05 1.5944029172e+02 nan
-1.2907533326e-04 2.7418635317e-05 1.5934070807e+02 nan
-1.2546438769e-04 2.7398700083e-05 1.5926179294e+02 nan
2.0766515741e-04 6.7365117924e-05 1.1226894394e+01 nan
2.0436747008e-04 6.9976170808e-05 1.0910795944e+01 nan
2.1096318483e-04 6.4739484821e-05 1.1641120003e+01 nan
-1.5273771790e-04 1.6494875091e-05 1.8980830778e+02 nan
-1.5649160105e-04 1.6504957525e-05 1.9022055559e+02 nan
-1.4898137566e-04 1.6482671458e-05 1.8942826280e+02 nan
-1.5893618179e-04 1.4969877171e-05 1.9480310970e+02 nan
-1.6269629032e-04 1.4983277753e-05 1.9528031485e+02 nan
-1.3473916378e-04 1.1151420966e-04 2.8583724432e+01 1.9018630761e+01
-1.3733860305e-04 1.1160899514e-04 2.8531416994e+01 1.8981383339e+01
-1.2547382976e-04 7.4714699587e-05 6.7246982784e+01 nan
-1.2020157504e-04 8.6160242578e-05 5.2450791251e+01 nan
-1.1662262155e-04 8.9976196255e-05 4.8018265144e+01 nan
-1.3769339140e-04 1.6454085155e-05 1.8841976416e+02 nan
-1.4145876883e-04 1.6462802103e-05 1.8873296260e+02 nan
-1.3392558919e-04 1.6445515443e-05 1.8813060347e+02 nan
-1.3015497329e-04 1.6437626639e-05 1.8786339728e+02 nan
-1.4522163154e-04 1.6471979160e-05 1.8906994234e+02 nan
2.3240240323e-04 5.5939226901e-05 1.1558108363e+01 nan
2.3322594606e-04 5.9607478298e-05 1.1685951919e+01 nan
2.3734427377e-04 6.0525174786e-05 1.1805674062e+01 nan
2.3402629127e-04 6.3286608647e-05 1.1559955882e+01 nan
-1.2625691414e-04 2.4221607527e-05 1.6729340378e+02 nan
-1.2184927276e-04 2.7381553196e-05 1.5918923135e+02 nan
-1.1964388300e-04 2.8976617774e-05 1.5520680918e+02 nan
-2.2883197626e-04 7.1473796197e-05 6.0426079511e+01 nan
-1.3948120865e-04 5.6512533121e-05 9.6177484269e+01 nan
-1.0862850942e-04 8.5760785799e-05 5.2897740822e+01 nan
9.7699740828e-05 8.6360948148e-05 2.3558877615e+01 nan
9.8229705409e-05 8.9284866474e-05 2.2038037709e+01 nan
1.7701349357e-04 1.5570588119e-04 1.5723168095e+01 nan
1.7690695314e-04 1.5916543188e-04 1.6466765345e+01 nan
-1.2712699478e-04 1.3379665391e-05 1.9582877931e+02 nan
-1.2260700319e-04 1.6423964026e-05 1.8739201206e+02 nan
-1.1883019638e-04 1.6417550591e-05 1.8718802939e+02 nan
-1.2638210488e-04 1.6430199884e-05 1.8761808649e+02 nan
-1.1505108015e-04 1.6411783701e-05 1.8700306478e+02 nan
1.3822561849e-04 1.5437835176e-05 1.3056761387e+02 nan
1.3112924416e-04 1.7094527888e-05 1.2924087670e+02 nan
1.3179379925e-04 1.9122820449e-05 1.1603142953e+02 nan
1.2794894018e-04 1.8922451653e-05 1.2198655849e+02 nan
1.3247222219e-04 2.1221808405e-05 1.0436166951e+02 nan
1.2728432238e-04 1.6931207046e-05 1.3558009854e+02 nan
1.2480259024e-04 2.0762227815e-05 1.1536554402e+02 nan
1.3955761432e-04 1.9576224524e-05 1.0460342630e+02 nan
1.4347892658e-04 1.9829558027e-05 9.9230076187e+01 nan
1.4673250208e-04 1.7915664868e-05 1.0458206254e+02 nan
1.4606332816e-04 1.5804312317e-05 1.1724363339e+02 nan
1.4999700130e-04 1.6014781601e-05 1.1090242058e+02 nan
-1.0281212397e-04 8.5595809507e-05 5.3064960215e+01 nan
1.3347210201e-04 8.0032735844e-05 1.9931175420e+01 nan
1.2672664897e-04 8.1082547717e-05 2.1073583878e+01 nan
1.8789282480e-04 1.4081642517e-04 1.3075309259e+01 nan
1.8422078745e-04 1.4332068734e-04 1.3340721406e+01 nan
4.9233524147e-05 1.0443759137e-04 2.6241274790e+01 nan
4.9796158287e-05 1.0680882197e-04 2.4772040246e+01 nan
5.2370953791e-05 1.0769966412e-04 2.4462242262e+01 nan
5.5394797514e-05 1.1106496927e-04 2.2580623633e+01 nan
-1.1159464400e-04 2.4172904513e-05 1.6689963504e+02 nan
-1.0372532674e-04 2.7315048018e-05 1.5896348334e+02 nan
-1.0523538332e-04 2.8917818698e-05 1.5509596782e+02 nan
-1.0009214531e-04 2.7304961259e-05 1.5894284748e+02 nan
-1.1244586970e-04 2.8944656718e-05 1.5513637080e+02 nan
1.1965708908e-04 1.6650535964e-05 1.4788953203e+02 nan
1.1587396995e-04 1.6531467247e-05 1.5366621702e+02 nan
1.1211086580e-04 1.6425304050e-05 1.5910864819e+02 nan
1.1347617827e-04 2.0204876501e-05 1.3249319244e+02 nan
1.1722191983e-04 2.0373471761e-05 1.2680431667e+02 nan
1.0836653359e-04 1.6331299264e-05 1.6417725347e+02 nan
1.0604884145e-04 1.9913023182e-05 1.4344691055e+02 nan
1.2346066092e-04 1.6783422380e-05 1.4183654556e+02 nan
-9.5303005971e-05 8.7363723647e-05 5.0831944282e+01 nan
1.6134924415e-04 1.0215791011e-04 8.5142017425e+00 nan
1.6521855151e-04 1.0353692750e-04 8.2036938233e+00 nan
1.6186853271e-04 1.0587202867e-04 8.0102289575e+00 nan
1.6575016167e-04 1.0728841317e-04 7.7993687433e+00 nan
1.6856437047e-04 1.0117409616e-04 8.3867817942e+00 nan
1.6236892574e-04 1.0962463257e-04 7.6217377093e+00 nan
1.6626317651e-04 1.1107500502e-04 7.5153125909e+00 nan
1.6966982412e-04 1.0870935604e-04 7.6957184867e+00 nan
1.6284522896e-04 1.1341308269e-04 7.3080645348e+00 nan
1.7018720507e-04 1.1251984381e-04 7.5411744411e+00 nan
1.7360991599e-04 1.1011970581e-04 7.7207620904e+00 nan
1.7306911930e-04 1.0631758672e-04 7.8599298995e+00 nan
1.5851475864e-04 1.0817847091e-04 7.7952037456e+00 nan
-1.1184408185e-04 1.3363182131e-05 1.9487752544e+02 nan
-1.0370358457e-04 1.6398040901e-05 1.8655379285e+02 nan
-1.0532375463e-04 1.7933348568e-05 1.8262756732e+02 nan
-9.9917767606e-05 1.6394432153e-05 1.8643627590e+02 nan
-1.1284599501e-04 1.7944155472e-05 1.8289112860e+02 nan
1.9957675143e-04 6.5372501632e-05 1.4371078131e+01 nan
-9.2819083302e-05 2.7289163481e-05 1.5891619047e+02 nan
-8.9179881451e-05 2.7282396573e-05 1.5891044396e+02 nan
-9.6456707741e-05 2.7295840962e-05 1.5892863203e+02 nan
-8.5538800895e-05 2.7277234351e-05 1.5890594827e+02 nan
1.3849826004e-04 1.4755811930e-04 1.1492472658e+01 nan
-9.2342123594e-05 1.6389424249e-05 1.8624052864e+02 nan
-8.8552733204e-05 1.6387487882e-05 1.8616101558e+02 nan
-9.6130584683e-05 1.6391324312e-05 1.8633289366e+02 nan
-8.4761913204e-05 1.6386309934e-05 1.8609081191e+02 nan
-2.3936052027e-04 1.2299174034e-05 2.2120584484e+02 nan
-2.3332772840e-04 1.5450534652e-05 2.0802792757e+02 nan
-2.2967879221e-04 1.5401971351e-05 2.0744632302e+02 nan
-2.2898415618e-04 1.3785284578e-05 2.1303701108e+02 nan
1.0093391062e-04 1.6175413697e-05 1.7311325882e+02 nan
9.7245924581e-05 1.6112038581e-05 1.7696510618e+02 nan
9.4324692226e-05 1.7796390738e-05 1.6912771855e+02 nan
9.8702995921e-05 1.9677693434e-05 1.5331331489e+02 nan
9.0688622176e-05 1.7729917183e-05 1.7266782960e+02 nan
9.1439403844e-05 1.9490206415e-05 1.6174896951e+02 nan
1.0464141571e-04 1.6248078416e-05 1.6885238609e+02 nan
6.6515611285e-05 7.9932166812e-05 3.3659300102e+01 nan
5.9820265480e-05 7.6069549482e-05 3.8650983024e+01 nan
6.0507721731e-05 7.8481009482e-05 3.6329533801e+01 nan
3.1354124926e-04 2.7284400535e-05 1.8685733281e+01 nan
-7.8459057541e-05 7.5628072268e-05 6.6529553094e+01 nan
-8.4524983230e-05 7.5688474252e-05 6.6364353291e+01 nan
-8.7554817490e-05 7.5726188695e-05 6.6273816057e+01 nan
-9.1899427009e-05 7.7679165227e-05 6.3471036211e+01 nan
-8.1215939169e-05 1.3350592490e-05 1.9384860399e+02 nan
-7.7177597045e-05 1.6386481839e-05 1.8597133404e+02 nan
-7.3384524273e-05 1.6387344798e-05 1.8591985959e+02 nan
-8.0970156046e-05 1.6385742504e-05 1.8602873742e+02 nan
-6.9590501866e-05 1.6389113260e-05 1.8587041968e+02 nan
-7.7836128278e-05 8.7079524293e-05 5.1016821651e+01 nan
8.3476161178e-05 1.7623470279e-05 1.7871939908e+02 nan
7.9893839966e-05 1.7579790076e-05 1.7864598713e+02 nan
8.7072694254e-05 1.7672402790e-05 1.7579285013e+02 nan
8.4256204386e-05 1.9343955983e-05 1.6862169527e+02 nan
7.9043238083e-05 1.5898858412e-05 1.8375105618e+02 nan
-7.3828062739e-05 7.7476506444e-05 6.3938255084e+01 nan
-6.0014366814e-05 2.4132621285e-05 1.6639879278e+02 nan
-6.3665759560e-05 2.7279719038e-05 1.5881446112e+02 nan
-6.7313101435e-05 2.7273438432e-05 1.5885130506e+02 nan
-7.0959813358e-05 2.7270820017e-05 1.5887362909e+02 nan
-6.0013656337e-05 2.7284576180e-05 1.5877292117e+02 nan
-7.4605616897e-05 2.7272614383e-05 1.5888176095e+02 nan
-7.8251255834e-05 2.7271599864e-05 1.5889505577e+02 nan
-6.5881515578e-05 1.3356860992e-05 1.9359112603e+02 nan
-6.2001300809e-05 1.6395681239e-05 1.8576883241e+02 nan
-6.0080619955e-05 1.7927645799e-05 1.8185807174e+02 nan
-6.5796029545e-05 1.6391663212e-05 1.8582135823e+02 nan
-5.0617164663e-05 1.6413301153e-05 1.8557645847e+02 nan
-5.2544878544e-05 1.7941291558e-05 1.8172664830e+02 nan
-4.6820215211e-05 1.6420127834e-05 1.8549512090e+02 nan
7.1751535578e-05 1.5819071083e-05 1.8183697267e+02 nan
6.8091069790e-05 1.5777232028e-05 1.8121900179e+02 nan
6.4420948923e-05 1.5734429469e-05 1.8079927917e+02 nan
7.5402367920e-05 1.5859648320e-05 1.8271978352e+02 nan
1.9058382424e-04 9.7742989689e-05 8.6833562674e+00 nan
2.3400977227e-05 3.8409581536e-05 1.2128033335e+02 nan
-6.7651604349e-05 8.5076636478e-05 5.3581823719e+01 nan
-4.1566754435e-05 2.4184867134e-05 1.6591827634e+02 nan
5.9631479737e-05 1.4060070003e-05 1.8577347306e+02 nan
5.7052098717e-05 1.5648008172e-05 1.8048143958e+02 nan
5.3354304360e-05 1.5604584289e-05 1.8053717109e+02 nan
4.9647752381e-05 1.5561219724e-05 1.8070874604e+02 nan
6.0741095493e-05 1.5691284502e-05 1.8056207628e+02 nan
-2.0507913924e-04 4.2414881500e-05 1.2364227910e+02 nan
-4.6707357247e-05 1.3380830284e-05 1.9327094494e+02 nan
-4.3027651238e-05 1.6428913579e-05 1.8539741975e+02 nan
-3.9234611436e-05 1.6439193971e-05 1.8528194320e+02 nan
-3.5442334631e-05 1.6450770094e-05 1.8514669180e+02 nan
-3.1651271872e-05 1.6464886909e-05 1.8498605612e+02 nan
-2.7858942567e-05 1.6478509267e-05 1.8480527887e+02 nan
-1.4145010899e-04 3.9049273595e-05 1.3186972160e+02 nan
-1.4486143108e-04 3.9093136576e-05 1.3181525525e+02 nan
-6.3236024633e-05 8.7004855898e-05 5.1061652921e+01 nan
4.6385902204e-05 1.3073601495e-04 2.1919610003e+01 nan
4.1965007410e-05 1.2902990125e-04 1.9178099483e+01 nan
4.1627722744e-05 1.2663567807e-04 1.6433610834e+01 nan
1.2767901972e-04 1.4569678193e-04 1.0780496750e+01 nan
4.2209107142e-05 1.5476500113e-05 1.8132167284e+02 nan
3.8478104881e-05 1.5435201871e-05 1.8172981146e+02 nan
3.6048443235e-05 1.7000478783e-05 1.7724299408e+02 nan
3.2333820515e-05 1.6955473729e-05 1.7779544323e+02 nan
4.5932462133e-05 1.5518477300e-05 1.8097610709e+02 nan
-2.7542269715e-05 1.3428359220e-05 1.9268250351e+02 nan
-2.4071969616e-05 1.6494413854e-05 1.8459525670e+02 nan
-2.0285831806e-05 1.6512170087e-05 1.8435482743e+02 nan
-1.6501765883e-05 1.6531582543e-05 1.8408268451e+02 nan
-1.2720363935e-05 1.6553836756e-05 1.8377429890e+02 nan
-1.5787873666e-04 1.0495782142e-04 3.3068319133e+01 nan
-1.5861604113e-04 1.0714208104e-04 3.1276386427e+01 1.8723934746e+01
-1.5403166324e-04 1.0893663176e-04 3.0134455320e+01 1.8784901348e+01
2.4881299137e-05 1.6871086750e-05 1.7895179631e+02 nan
2.1145252507e-05 1.6829881857e-05 1.7953945321e+02 nan
1.7402687884e-05 1.6791253245e-05 1.8011603738e+02 nan
1.3653610035e-05 1.6754621282e-05 1.8067599079e+02 nan
2.8612944922e-05 1.6911939119e-05 1.7836980254e+02 nan
2.4718821471e-04 1.2056048563e-04 1.3787343607e+01 nan
3.0400224695e-06 1.3570088158e-05 1.9052721653e+02 nan
-2.9771537458e-06 1.5071629794e-05 1.8696240545e+02 nan
-1.3927823351e-06 1.6628822069e-05 1.8264616448e+02 nan
2.3756373151e-06 1.6656632060e-05 1.8220264025e+02 nan
6.1395846021e-06 1.6687214714e-05 1.8172369056e+02 nan
9.8991197125e-06 1.6719743821e-05 1.8121399379e+02 nan
1.0656368684e-05 1.3620026327e-05 1.8972118353e+02 nan
-3.9529919268e-06 3.7581197468e-05 1.3083554679e+02 nan
2.9504898163e-06 3.7749068878e-05 1.2896751914e+02 nan
6.3882861089e-06 3.7842399518e-05 1.2790335204e+02 nan
-5.5891431387e-05 8.5096081058e-05 5.3607597776e+01 nan
2.5446165429e-04 1.3594382212e-05 4.5939290463e+01 nan
-5.0014520817e-05 8.5147967129e-05 5.3581376401e+01 nan
-2.1340480662e-05 3.7264348059e-05 1.3411770796e+02 nan
-2.8333045175e-05 3.7173880691e-05 1.3495881038e+02 nan
-5.6117438782e-05 9.6858205121e-05 3.8702785100e+01 nan
-2.2530146870e-04 1.3747498063e-05 2.1221519710e+02 nan
1.3029557922e-04 1.5816815523e-04 1.5066441046e+01 nan
1.2628411608e-04 1.5988240687e-04 1.6205883455e+01 nan
-3.5340363702e-05 3.7101709155e-05 1.3558237587e+02 nan
-5.9939404718e-05 3.6967638907e-05 1.3653420988e+02 nan
-5.2898926682e-05 3.6989790474e-05 1.3641226964e+02 nan
-4.5722437590e-05 8.7140972336e-05 5.0955184257e+01 nan
3.2707389411e-05 1.2635848779e-04 1.5646254506e+01 nan
2.8401376783e-05 1.2747496074e-04 1.5445342872e+01 nan
3.5355975455e-05 1.2974896657e-04 1.9080039551e+01 nan
-5.0471699657e-05 9.6912319224e-05 3.8537358751e+01 nan
-3.8279498364e-05 8.5347770293e-05 5.3404136230e+01 nan
-4.4833097320e-05 9.6999388476e-05 3.8366804171e+01 nan
-3.2426467130e-05 8.5501772232e-05 5.3223929279e+01 nan
-4.2358559502e-05 3.7045694515e-05 1.3602388822e+02 nan
-3.9203864316e-05 9.7121954936e-05 3.8187827947e+01 nan
1.7524543599e-04 9.6369844833e-05 8.7604505316e+00 nan
1.7190680837e-04 9.8784598585e-05 8.5730999435e+00 nan
1.7585950661e-04 1.0011672076e-04 8.2632718660e+00 nan
-2.7481743675e-04 3.5747667461e-05 1.1670826319e+02 nan
2.1401184473e-05 1.2597711735e-04 1.2617573558e+01 nan
1.7196333621e-05 1.2755655179e-04 1.2069048097e+01 nan
1.1220563636e-05 1.2713280402e-04 1.1288466299e+01 nan
7.2872506304e-06 1.2577531600e-04 1.0091375332e+01 nan
1.7865811572e-05 1.3008308564e-04 1.3756293326e+01 1.3731325033e+01
1.0502257914e-05 1.2312776081e-04 1.1251347814e+01 nan
2.3790189626e-05 1.2648991949e-04 1.3633608491e+01 nan
-4.9389955929e-05 3.7006246794e-05 1.3631154083e+02 nan
-2.0762744403e-05 8.5937059525e-05 5.2575289484e+01 nan
-2.7982392395e-05 9.7486060820e-05 3.7777238810e+01 nan
-6.9498067357e-05 6.8170000824e-05 7.7957612571e+01 nan
-2.1153139334e-04 7.5159367717e-05 5.9142238090e+01 nan
-3.6158070696e-06 1.0932697515e-04 2.3777791243e+01 nan
-7.9383617440e-06 1.1103661169e-04 2.1509806732e+01 nan
-5.9776785150e-08 1.1179458600e-04 2.1028696691e+01 nan
3.4128147627e-06 1.0796065644e-04 2.5647804893e+01 nan
6.0579610036e-06 1.0827135324e-04 2.5348744300e+01 nan
9.5237846076e-06 1.1083134203e-04 2.2522121876e+01 nan
7.7482894907e-06 1.1272447479e-04 2.0357347556e+01 nan
1.1323807204e-05 1.0895843180e-04 2.4630531917e+01 nan
1.3943707917e-05 1.0933686909e-04 2.4210573287e+01 nan
1.4721037108e-05 1.1158638252e-04 2.1757506015e+01 nan
1.7304778872e-05 1.1200026155e-04 2.1326436525e+01 nan
2.1746494385e-05 1.1062443093e-04 2.2783634279e+01 nan
2.0577275158e-05 1.1473069002e-04 1.8542315664e+01 nan
2.6897610902e-05 1.1161979355e-04 2.1802541399e+01 nan
3.2583197783e-05 1.1506348992e-04 1.8821168236e+01 nan
2.8144147467e-05 1.1624884571e-04 1.7562938632e+01 nan
3.5089589869e-05 1.1568223262e-04 1.8405647119e+01 nan
3.5599799109e-05 1.1803724088e-04 1.6709686459e+01 nan
-1.1674199491e-04 6.5102392245e-05 8.1932182263e+01 nan
-6.3252604323e-05 6.8168355831e-05 7.8069331536e+01 nan
-6.0121299907e-05 6.8175380744e-05 7.8106649173e+01 nan
-8.5088670910e-05 6.8265077454e-05 7.7508078148e+01 nan
-8.1967096523e-05 6.8237199297e-05 7.7612271399e+01 nan
-1.2295373726e-04 6.5248759479e-05 8.1572339373e+01 nan
-1.2409131476e-04 6.7132165590e-05 7.8555077583e+01 nan
-1.2716260895e-04 6.7217397571e-05 7.8357930368e+01 nan
-1.3328237496e-04 6.7402709171e-05 7.7931449283e+01 nan
-1.4957727049e-05 8.6227787854e-05 5.2050245979e+01 nan
-9.1308964192e-05 6.8333421130e-05 7.7282828382e+01 nan
-1.7915825282e-05 9.5959779326e-05 3.9788297313e+01 nan
4.2989081280e-06 1.2302879176e-04 1.0168070877e+01 nan
2.8696422112e-06 1.2524316756e-04 8.8951250495e+00 nan
6.6635879837e-06 1.2337876427e-04 1.0476181148e+01 nan
-7.0154303368e-07 1.2247465695e-04 9.4803790622e+00 nan
-3.8722825980e-06 1.2651694305e-04 6.5761262466e+00 1.5895529179e+01
9.9891106774e-05 1.5107835464e-04 1.5975133278e+01 nan
1.0285968707e-04 1.5306018224e-04 1.6810130513e+01 nan
-9.1746811670e-06 8.6574633731e-05 5.1345349859e+01 nan
-1.5908268475e-04 7.2329789453e-05 6.9602751161e+01 nan
-2.4993658650e-05 1.0781100098e-04 2.5043740881e+01 nan
-2.7691007348e-05 1.0768275307e-04 2.5206215997e+01 nan
-3.0393027032e-05 1.0756617159e-04 2.5373819204e+01 nan
-3.5810038998e-05 1.0736614196e-04 2.5725568559e+01 nan
-2.2301411981e-05 1.0795140294e-04 2.4885810902e+01 nan
-4.1412175646e-06 1.1993039572e-04 1.1347969143e+01 nan
-7.2998900655e-06 1.2393212441e-04 6.9234728905e+00 nan
-9.8141170589e-06 1.2370541585e-04 6.6265756773e+00 nan
-3.4169009820e-06 8.6984078641e-05 5.0420668901e+01 nan
-6.7506685562e-06 9.6700943454e-05 3.8881428717e+01 nan
-2.6180860691e-04 1.9725324144e-05 1.8908494789e+02 nan
2.1336748422e-04 1.2640669278e-04 1.2602132642e+01 nan
-1.4364177473e-05 1.1900853624e-04 1.1493314608e+01 nan
-1.7402976879e-05 1.2308547027e-04 6.4835467113e+00 nan
-1.9947844386e-05 1.2290259491e-04 6.6474147391e+00 nan
-2.5061860891e-05 1.2257671381e-04 7.2679713034e+00 nan
-2.7625571343e-05 1.2243152779e-04 7.6795094144e+00 nan
-1.6356213206e-05 1.2533659862e-04 4.0072844239e+00 nan
-1.4865626081e-05 1.2327992509e-04 6.4200514864e+00 nan
-1.3841708304e-05 1.2554302338e-04 4.1757596209e+00 nan
-1.4361315741e-04 1.0797724094e-04 3.1167971093e+01 nan
-1.2039623485e-06 9.7169433222e-05 3.8226454992e+01 nan
4.6053620841e-07 8.9284044076e-05 4.7328170480e+01 nan
1.8193494793e-04 1.1666183916e-04 8.7527125645e+00 nan
6.1294154732e-06 8.9823485330e-05 4.6052111990e+01 nan
4.3154551098e-06 9.7712994899e-05 3.7396166224e+01 nan
1.0668060797e-05 1.0050722331e-04 3.3959546486e+01 nan
1.1764502647e-05 9.0447714035e-05 4.4477058517e+01 nan
-3.1357924075e-05 1.2010552859e-04 1.0725504315e+01 nan
-3.2776190147e-05 1.2216923881e-04 8.6295764408e+00 nan
-3.5359977211e-05 1.2204575311e-04 9.1584309046e+00 nan
-3.7949689552e-05 1.2194344379e-04 9.6929871801e+00 nan
-3.9168671546e-05 1.1979286245e-04 1.2053405524e+01 nan
-4.2173391096e-05 1.2390971484e-04 8.7260120612e+00 1.7935884408e+01
-2.4104651097e-04 6.7200086807e-05 6.3788287560e+01 nan
-4.2499865647e-05 1.0512838634e-04 2.8565874582e+01 nan
-4.5407184536e-05 1.0916974950e-04 2.4082253834e+01 nan
-4.9416527648e-05 1.0704075471e-04 2.6694741315e+01 nan
-3.8524686431e-05 1.0728180524e-04 2.5909800387e+01 nan
-5.3480767809e-05 1.0494458272e-04 2.9254544855e+01 nan
-5.6256442525e-05 1.0901448495e-04 2.5039512408e+01 nan
-5.8984254105e-05 1.0490318554e-04 2.9610751403e+01 nan
-6.0349264381e-05 1.0693896709e-04 2.7527660337e+01 nan
-6.3086549249e-05 1.0693357097e-04 2.7737388098e+01 nan
1.4605241265e-04 1.3601665993e-04 8.7747839123e+00 nan
2.4865191875e-05 9.0257350784e-05 4.1170922227e+01 nan
2.0683915747e-05 9.9881651315e-05 3.3690330056e+01 nan
1.4393439339e-04 1.0608916916e-04 8.6160368431e+00 nan
1.6405252407e-04 1.2488290004e-04 8.0252863102e+00 nan
-4.7024085628e-05 1.1957805117e-04 1.3479481300e+01 nan
-4.5757788649e-05 1.2166789573e-04 1.1372095227e+01 nan
-4.9649226229e-05 1.1951149741e-04 1.3972119152e+01 nan
-1.9046694912e-04 4.5454580673e-05 1.1719057300e+02 nan
2.2640949196e-04 1.1763511079e-05 6.2468098694e+01 nan
-1.6556795790e-04 3.4317182043e-05 1.4370486282e+02 nan
-5.7547129661e-05 1.1941940928e-04 1.5384487966e+01 nan
-5.6206081445e-05 1.2148369758e-04 1.3529664204e+01 nan
-6.0185746365e-05 1.1938878931e-04 1.5857745161e+01 nan
-6.2827143972e-05 1.1936201503e-04 1.6323610045e+01 nan
-6.4030644182e-05 1.2151879891e-04 1.4972708554e+01 1.8661440441e+01
5.6985966839e-05 9.5795496228e-05 2.6545515518e+01 nan
1.7027660874e-04 6.8157302893e-05 2.1939881160e+01 nan
1.7409246842e-04 6.9048995010e-05 1.9558294282e+01 nan
-1.5843661302e-04 3.9298308325e-05 1.3155138845e+02 nan
-1.5173481838e-04 8.1775929470e-05 5.7184678254e+01 nan
-7.6311377365e-05 1.1527552388e-04 2.1480911186e+01 nan
-7.3414889838e-05 1.1930455315e-04 1.8089011734e+01 nan
-7.8796972665e-05 1.1939570311e-04 1.8844061248e+01 nan
-6.8114901397e-05 1.1937820407e-04 1.7188478189e+01 nan
-7.0764968407e-05 1.1931549208e-04 1.7661696753e+01 nan
1.1003613627e-04 6.8294984078e-05 3.3790273349e+01 nan
-6.0102506967e-05 5.7389951134e-05 9.6124499315e+01 nan
1.9927713781e-04 8.2568032459e-05 9.4740741347e+00 nan
1.3116927761e-04 1.1806755297e-04 6.6540843761e+00 nan
1.3136306744e-04 1.2170695313e-04 6.0292497021e+00 nan
1.2787200018e-04 1.2004788025e-04 6.3179864685e+00 nan
-1.2595116493e-04 8.6395576344e-05 5.2158765148e+01 nan
1.1149053556e-04 9.0930908632e-05 1.9662295183e+01 nan
1.1507422676e-04 9.2164663515e-05 1.8945949898e+01 nan
1.1201700649e-04 9.4065419622e-05 1.8563301579e+01 nan
1.1253165355e-04 9.7239519067e-05 1.7579775251e+01 nan
1.1299759592e-04 1.0045273253e-04 1.6611501964e+01 nan
1.5801264240e-04 8.0816145589e-05 1.4824092775e+01 nan
9.2562695685e-05 6.4406962338e-05 4.1201872388e+01 nan
2.7587923159e-04 2.0436130772e-05 4.4068032407e+01 nan
2.7983762302e-04 2.0600265903e-05 4.3685808242e+01 nan
-9.1132180709e-05 8.5332949068e-05 5.3315161722e+01 nan
-9.0766176131e-05 8.9225964225e-05 4.8520590086e+01 nan
-1.6622688163e-04 2.4443887321e-05 1.6946907038e+02 nan
-1.1948552803e-04 7.4525055607e-05 6.7607922244e+01 nan
-1.1578379713e-04 7.8233117999e-05 6.2527647273e+01 nan
2.2548798601e-04 4.1995087788e-05 3.7156644885e+01 nan
2.2947207137e-04 4.2495176119e-05 3.7115136691e+01 nan
2.2611121697e-04 4.4982143876e-05 3.3832589800e+01 nan
1.3231348065e-05 3.8049114729e-05 1.2550885720e+02 nan
1.6634940800e-05 3.8162293142e-05 1.2418130350e+02 nan
5.0554869967e-05 4.1570964814e-05 1.0191770094e+02 nan
5.3746656236e-05 4.1781886952e-05 9.8324176578e+01 nan
6.0188629666e-05 4.2260592009e-05 9.1796473619e+01 nan
6.3440300567e-05 4.2529122496e-05 8.8604313209e+01 nan
7.0010347958e-05 4.3126426870e-05 8.2448557737e+01 nan
7.3330263835e-05 4.3455784530e-05 7.9506136166e+01 nan
7.5929713203e-05 4.1652549280e-05 8.2168883853e+01 nan
8.6132800829e-05 4.2730029636e-05 7.3483907416e+01 nan
9.0317882740e-05 4.5417884505e-05 6.6218270717e+01 nan
9.3799185305e-05 4.5874141894e-05 6.3826944761e+01 nan
4.2583664965e-05 1.0676483771e-04 2.5330411437e+01 nan
-1.6564032278e-04 4.6429827655e-05 1.1563346310e+02 nan
-1.6649784262e-04 4.8242724295e-05 1.1177384935e+02 nan
1.0688138897e-04 1.4830861287e-04 1.2523138934e+01 nan
-2.4946827346e-04 3.8018281801e-05 1.2724034326e+02 nan
-2.4658324932e-04 4.1772395507e-05 1.1769650568e+02 nan
-1.6454561292e-04 8.6739241874e-05 5.0530504756e+01 nan
1.7105829650e-04 8.8809629842e-06 1.3401079946e+02 nan
-3.3114091172e-04 2.0447791787e-06 2.7386360397e+02 nan
-3.2727774414e-04 1.9808645505e-06 2.8657652959e+02 nan
1.5714165393e-04 1.3330229215e-04 8.8719266272e+00 nan
-1.5585608618e-04 4.6193570036e-05 1.1622633266e+02 nan
-1.5912826324e-04 4.6268748561e-05 1.1604265383e+02 nan
1.8085650546e-04 4.6808596968e-05 3.6137374870e+01 nan
-1.3283069592e-04 1.0089794173e-04 3.7112599562e+01 nan
-9.9300561008e-05 6.6609889193e-05 7.9850218216e+01 nan
6.6281410206e-05 5.9554760155e-05 5.4856004781e+01 nan
1.6924393370e-04 4.4913243056e-05 3.9263869204e+01 nan
5.9167797971e-05 1.2191797542e-04 1.4117756626e+01 nan
5.6994103571e-05 1.2324037320e-04 1.1980229139e+01 nan
1.7430889710e-04 3.4965652811e-05 4.7741629238e+01 nan
8.0771831864e-05 1.3018596791e-04 8.7851262218e+00 nan
7.7937170964e-05 1.3130460615e-04 7.7320108250e+00 nan
-8.4164088821e-05 1.1959735353e-04 1.9484131725e+01 1.8990862251e+01
-8.1458180299e-05 1.1956954970e-04 1.9117674477e+01 nan
-7.9917744870e-05 1.2188050863e-04 1.7475352750e+01 1.8941960642e+01
-1.1347218252e-04 7.4355883597e-05 6.7930498760e+01 nan
-1.3832590379e-04 4.9349665280e-05 1.0988015569e+02 nan
-1.2675321803e-04 1.1090597744e-04 2.8868621193e+01 nan
-1.2030135617e-04 5.6101634712e-05 9.7292440438e+01 nan
8.4574647078e-05 8.2373860763e-05 2.8132320452e+01 nan
-8.4290056542e-05 5.9223457727e-05 9.2483766148e+01 nan
-8.1077147828e-05 5.9196844458e-05 9.2598811351e+01 nan
3.8447115867e-05 5.5956223247e-05 7.3498383983e+01 nan
1.4214380577e-04 4.0741804629e-05 5.1777411357e+01 nan
1.5583275881e-04 6.7899925356e-05 2.5222013242e+01 nan
-2.4101916618e-04 1.4884569996e-06 2.5832505850e+02 nan
-2.3610960623e-04 6.0083233144e-06 2.4229916401e+02 nan
-2.2824785472e-04 5.9877083351e-06 2.3906070775e+02 nan
-2.2436748639e-04 5.9765675555e-06 2.3756309077e+02 nan
2.4051115751e-04 2.2837508320e-06 8.7751834039e+01 nan
2.4481133387e-04 4.9412576472e-06 6.7831695777e+01 nan
1.7662242094e-04 8.2923155193e-05 1.0915366343e+01 nan
7.6229680076e-05 1.4041492199e-04 6.7544979698e+00 nan
7.5194206139e-05 1.4359657273e-04 1.2805405841e+00 nan
4.8704388462e-05 7.5956935569e-05 4.1914084116e+01 nan
5.3856326501e-05 7.4813250650e-05 4.1503975827e+01 nan
1.4700992015e-04 3.1539213889e-05 6.3475085668e+01 nan
-1.4326088644e-04 7.5418663188e-05 6.5859443138e+01 nan
2.4322929083e-04 1.1958821287e-04 1.3603434186e+01 nan
-6.7421322757e-05 9.6840718451e-05 3.9020550397e+01 nan
1.2948342128e-04 6.1980965025e-05 3.4569009409e+01 nan
2.3248807122e-04 2.1634868215e-06 1.0118389407e+02 nan
2.3672828261e-04 4.6927417065e-06 7.7822362296e+01 nan
-2.8833562861e-04 3.4815343558e-05 1.0226844683e+02 nan
-7.8469637971e-05 2.4120100615e-05 1.6655750083e+02 nan
-8.2156656898e-05 2.4121722351e-05 1.6657727928e+02 nan
-8.1895868371e-05 2.7272943468e-05 1.5890302573e+02 nan
3.6322883586e-05 7.1713618201e-05 5.0628353308e+01 nan
2.7654670381e-05 7.0503914132e-05 5.7801576310e+01 nan
1.9757999903e-05 7.1550821919e-05 6.1811000702e+01 nan
1.3832626463e-05 7.0956398589e-05 6.5560371123e+01 nan
1.0833161164e-05 7.0687619716e-05 6.7173899468e+01 nan
9.8147639376e-06 6.8690784600e-05 7.0251528661e+01 nan
6.7880135396e-06 6.8455778885e-05 7.1682970084e+01 nan
6.9385140532e-07 6.8035811838e-05 7.4115206886e+01 nan
-2.3676200199e-06 6.7848841296e-05 7.5137558847e+01 nan
-8.5229399741e-06 6.7517863679e-05 7.6846389242e+01 nan
-1.1611272462e-05 6.7371991735e-05 7.7551082696e+01 nan
-1.7813468359e-05 6.7116964027e-05 7.8702887904e+01 nan
-2.0922175649e-05 6.7006098554e-05 7.9165283484e+01 nan
-3.2055242769e-05 6.8527335248e-05 7.7466336184e+01 nan
-3.5173547887e-05 6.8457943953e-05 7.7661900190e+01 nan
-4.1393529174e-05 6.8344954508e-05 7.7936349222e+01 nan
-4.5958090199e-05 6.6454566817e-05 8.0943105455e+01 nan
-4.9098470998e-05 6.6420453338e-05 8.0997787890e+01 nan
-5.3882838873e-05 6.8205949128e-05 7.8135132209e+01 nan
-6.3266873923e-05 7.5570680387e-05 6.6830786159e+01 nan
-6.6306954943e-05 7.5570864785e-05 6.6785897257e+01 nan
-1.6444381210e-04 5.7321358925e-05 9.3987323389e+01 nan
2.3796655456e-04 1.4032480314e-04 1.4254601270e+01 nan
-1.9941356697e-04 3.5015837638e-05 1.4291266660e+02 nan
6.9701447253e-05 1.3674604609e-04 2.0630442181e+01 nan
9.3640656292e-05 3.5011740790e-05 8.7625725379e+01 nan
1.0367831680e-04 5.6823091799e-05 4.5843839436e+01 nan
-5.2694268466e-05 7.7497102736e-05 6.4179385995e+01 nan
-5.7185970720e-05 7.5588514773e-05 6.6890560027e+01 nan
9.7899504299e-05 2.7196914294e-05 1.1303134455e+02 nan
8.3156675377e-05 3.4157517453e-05 9.8954223645e+01 nan
-1.6998348348e-04 7.9017087390e-05 5.9642881676e+01 nan
-7.0274308178e-05 4.3603555216e-05 1.2239585005e+02 nan
-1.6303893141e-04 8.2539602057e-05 5.5644550753e+01 nan
1.5802590720e-04 1.0446397520e-04 8.3067879137e+00 nan
1.5515783369e-04 1.1045614935e-04 7.5654636931e+00 nan
1.0464398235e-05 5.3837326642e-05 9.3585963679e+01 nan
-5.9994107837e-05 4.3615462972e-05 1.2240920404e+02 nan
8.2592178790e-07 5.3360718109e-05 9.7689134750e+01 nan
-4.5031852587e-05 7.5704404879e-05 6.6845799946e+01 nan
-2.0814096043e-04 7.0420794366e-05 6.7095866752e+01 nan
8.2948296373e-05 5.3308572981e-05 5.7040203904e+01 nan
-1.7654753300e-04 1.3483488848e-05 2.0177642946e+02 nan
-3.9130194153e-05 5.9342881948e-05 9.2582378240e+01 nan
-4.5904635819e-06 1.3526091340e-05 1.9123263939e+02 nan
-6.7733484921e-06 1.5048334629e-05 1.8732243965e+02 nan
-6.6605405561e-05 5.7380116680e-05 9.6063872522e+01 nan
-6.9856082325e-05 5.7381235425e-05 9.6010546232e+01 nan
-1.7557782785e-04 7.9474594532e-05 5.8564714966e+01 nan
-1.7347320162e-04 8.1339321169e-05 5.6352696661e+01 nan
-1.7208381602e-04 8.5332023915e-05 5.1582277071e+01 nan
-2.7572662400e-05 3.0646505397e-05 1.4971836959e+02 nan
3.1386253172e-05 2.5054689477e-05 1.5440190599e+02 nan
6.3238413458e-05 5.0626653297e-05 7.0314492768e+01 nan
-9.8925944276e-05 5.7577177601e-05 9.5065683867e+01 nan
6.6011161906e-05 1.2323929522e-04 1.6403683275e+01 nan
-3.5933818214e-05 7.5871653803e-05 6.6599634805e+01 nan
-3.4610216351e-05 7.7788317579e-05 6.3845467633e+01 nan
-3.1606122952e-05 7.7866932131e-05 6.3704799169e+01 nan
-3.8964071357e-05 7.5807507546e-05 6.6707405137e+01 nan
-1.0888725456e-05 3.7437717799e-05 1.3237189343e+02 nan
-1.4366911191e-05 3.7374551259e-05 1.3302432221e+02 nan
-2.4201865928e-04 2.9848304968e-06 2.5454606750e+02 nan
-2.4004033167e-04 6.0176206948e-06 2.4401990466e+02 nan
-8.8034958865e-05 3.6982105918e-05 1.3640568743e+02 nan
-8.4526759860e-05 3.6972557987e-05 1.3645174776e+02 nan
1.8632813173e-05 3.1421383479e-05 1.4023461491e+02 nan
2.9077232685e-05 3.1712757050e-05 1.3656696383e+02 nan
2.0615311046e-05 2.4842700001e-05 1.5721895810e+02 nan
2.1261301066e-04 1.9132981015e-06 1.4064449981e+02 nan
-2.1043465240e-04 2.9522494019e-06 2.4145583979e+02 nan
-2.1159352454e-04 4.4386268748e-06 2.3753211549e+02 nan
-2.0889575686e-04 5.9383898421e-06 2.3218759792e+02 nan
-2.0101564437e-04 5.9265364642e-06 2.2978457527e+02 nan
-1.9711534283e-04 5.9203043656e-06 2.2867973477e+02 nan
-2.1438367406e-04 2.9549053755e-06 2.4282584812e+02 nan
-2.1551416643e-04 4.4442223171e-06 2.3888719408e+02 nan
-2.1833104548e-04 2.9586446846e-06 2.4425992989e+02 nan
-2.1943358361e-04 4.4494802476e-06 2.4030889461e+02 nan
-1.8728727760e-05 5.2687877757e-05 1.0280574443e+02 nan
-6.6970819544e-05 3.6956947575e-05 1.3657408454e+02 nan
-7.3991332698e-05 3.6956473090e-05 1.3655404237e+02 nan
-7.7504456487e-05 3.6959675309e-05 1.3652761408e+02 nan
5.3691995434e-05 4.9584532710e-05 7.7849200805e+01 nan
-1.0307654786e-05 6.0097964745e-05 8.8704652789e+01 nan
-1.7581136918e-05 4.5771893356e-05 1.1582751101e+02 nan
-1.1191646348e-04 4.8950938158e-05 1.1099722281e+02 nan
-1.1523913005e-04 4.8991183649e-05 1.1087002426e+02 nan
-2.5604690528e-05 7.8054614346e-05 6.3319047785e+01 nan
-8.2184831387e-07 6.0529402175e-05 8.5908692416e+01 nan
-7.7387123793e-05 6.6376525667e-05 8.0660052972e+01 nan
-2.8600041293e-05 5.2468110958e-05 1.0420597303e+02 nan
-1.3660652351e-05 7.8566135754e-05 6.2004470016e+01 nan
-1.6637886688e-05 7.8419695351e-05 6.2413815096e+01 nan
-7.7224039779e-06 7.8901007255e-05 6.0987457270e+01 nan
-4.7652024146e-06 7.9090712734e-05 6.0367200908e+01 nan
7.3638336962e-08 7.7505366273e-05 6.1581359388e+01 nan
-1.7827906923e-05 7.6463348442e-05 6.5172038144e+01 nan
1.4744196018e-05 7.8843090619e-05 5.5821588690e+01 nan
1.7642343320e-05 7.9174100359e-05 5.4260987495e+01 nan
2.1426770790e-05 8.1644281130e-05 5.0044036498e+01 nan
2.7109048723e-05 8.2469805127e-05 4.6244875261e+01 nan
3.1905788320e-05 8.1217766383e-05 4.3884761553e+01 nan
9.5245705985e-05 7.5054694001e-05 3.1418854932e+01 nan
2.0458095772e-04 1.8282247767e-06 1.5927648028e+02 nan
-3.8510423763e-05 5.2311666893e-05 1.0506126443e+02 nan
-1.8094114605e-04 4.5100868790e-05 1.1829317593e+02 nan
3.1944054381e-04 6.0941419572e-05 1.8691617801e+01 nan
4.4761629032e-05 6.4755460453e-05 5.6150248833e+01 nan
6.2989174028e-05 6.7783491423e-05 4.6066334338e+01 nan
3.5856450483e-05 6.3571693331e-05 6.1688881029e+01 nan
-1.1586940896e-05 1.0864653495e-04 2.4275478875e+01 nan
-1.4256491381e-05 1.0845164922e-04 2.4427980231e+01 nan
-1.6932676177e-05 1.0827104090e-04 2.4579466330e+01 nan
-5.6697980513e-05 5.0431857241e-05 1.0891663778e+02 nan
2.6467359880e-04 4.1524002040e-05 1.3895496609e+01 nan
2.6882524912e-04 4.2244995698e-05 1.4341159835e+01 nan
2.6550898042e-04 4.5158378940e-05 1.3968746056e+01 nan
2.7128354635e-04 3.5692209261e-05 1.4162177037e+01 nan
2.6136504781e-04 4.4413405579e-05 1.3756715389e+01 nan
1.0152192394e-04 1.3763542668e-04 4.4673383759e+00 nan
1.0454727578e-04 1.3957259652e-04 6.0209789418e+00 nan
1.1267163916e-04 7.9836755229e-05 2.5167179668e+01 nan
-7.0052680070e-05 5.0409204204e-05 1.0886896467e+02 nan
2.8432994471e-05 9.2932646173e-05 3.7874230311e+01 nan
-1.8675275413e-04 2.9242355064e-06 2.3453050158e+02 nan
-1.8942298636e-04 5.9066484297e-06 2.2665584608e+02 nan
1.8469878663e-04 1.6601017380e-06 2.0926973027e+02 nan
8.5343808795e-05 1.0372217291e-04 1.8463038906e+01 nan
6.2547249688e-05 9.7593114888e-05 2.4533908551e+01 nan
6.5845290788e-05 1.0113331542e-04 2.2535216442e+01 nan
-1.0466957504e-04 1.0362337609e-04 3.3817735184e+01 nan
1.7668733657e-04 1.6078975653e-06 2.2910441790e+02 nan
-1.7742881911e-04 1.4552902967e-06 2.3641709935e+02 nan
-1.2351562223e-04 5.6160282013e-05 9.7126200912e+01 nan
-2.2966927892e-04 4.6006615196e-05 1.1146973021e+02 nan
-2.4077559041e-04 3.9108165203e-05 1.2702953185e+02 nan
5.9603560346e-05 1.0819807414e-04 2.1915634098e+01 nan
8.9318333111e-05 1.3294884503e-04 8.1017677679e+00 nan
-5.2278545089e-05 1.1945292163e-04 1.4463933138e+01 nan
-6.7249532186e-05 1.0489912881e-04 3.0145401902e+01 nan
1.9118726728e-04 1.0152203791e-04 8.7095636524e+00 nan
-2.4351421142e-04 6.3148237334e-05 7.0320841519e+01 nan
1.5675693817e-04 1.5410206906e-06 2.6842572112e+02 nan
2.2872507455e-04 9.7671085428e-05 1.1540728594e+01 nan
1.4874039946e-04 1.5366035717e-06 2.7452703856e+02 nan
-1.8264521870e-04 3.4610965591e-05 1.4360048735e+02 nan
-8.1033222014e-05 1.0503673759e-04 3.0984670160e+01 nan
2.2146329303e-04 7.7901303903e-05 1.0571856736e+01 nan
1.2886310361e-04 1.5404964748e-06 2.6231291891e+02 nan
3.2225792410e-04 5.3851174308e-05 1.9340758773e+01 nan
1.2091645622e-04 1.5399912270e-06 2.5667821859e+02 nan
1.2543160669e-04 3.1523136793e-06 2.5739899091e+02 nan
1.1301217532e-04 1.5313001314e-06 2.5082835363e+02 nan
-1.8354550074e-04 8.8605334977e-05 4.6576866051e+01 nan
3.0853906956e-04 3.0569546434e-06 4.1018237429e+01 nan
1.0507717297e-04 1.5295543976e-06 2.4526756478e+02 nan
-8.1672837461e-05 1.1535671678e-04 2.2094975618e+01 nan
-1.7283439367e-04 7.1211676194e-05 7.0380468518e+01 nan
-1.7584890495e-04 6.3566473554e-05 8.2336703366e+01 nan
-2.4374161922e-04 4.1431326806e-05 1.1961758937e+02 nan
1.2607384046e-04 7.7944504632e-05 2.3396047838e+01 nan
8.9175973724e-05 1.5313107862e-06 2.3596019752e+02 nan
8.1276887463e-05 1.5194540808e-06 2.3251288625e+02 nan
1.5286067879e-04 1.2405601613e-04 7.0914991025e+00 nan
7.3339589400e-05 1.5147180822e-06 2.2973771946e+02 nan
5.7455152578e-05 1.5041203237e-06 2.2599084653e+02 nan
4.9484777729e-05 1.4993300385e-06 2.2483262224e+02 nan
-2.4603509046e-04 6.1409792781e-05 7.2726445045e+01 nan
2.6894621338e-04 1.1088573538e-04 1.4366187459e+01 nan
-1.0628481212e-04 1.1195212673e-04 2.7052773741e+01 nan
2.3227620817e-04 1.2417010752e-04 1.3383147343e+01 nan
1.9576554623e-04 1.4329423361e-04 1.3849029015e+01 nan
3.2381186269e-04 3.9210967585e-05 2.0035449648e+01 nan
-2.7664974806e-04 1.5396490716e-06 2.8546568030e+02 nan
-2.7723478818e-04 3.1007147244e-06 2.7832680926e+02 nan
-2.7270463385e-04 1.5295245905e-06 2.8085067401e+02 nan
-2.6480025485e-04 1.5157861129e-06 2.7342238345e+02 nan
-2.6084214159e-04 1.5112205783e-06 2.7032569702e+02 nan
-2.5849717750e-04 4.5761323248e-06 2.5856372801e+02 nan
1.7702265672e-04 1.0769368498e-04 7.9286124967e+00 nan
2.4012020107e-04 9.6871483631e-05 1.2400442535e+01 nan
8.1966493039e-05 1.4200205817e-04 1.0348607791e+00 nan
3.0265918949e-04 1.0704076797e-04 1.5125332475e+01 nan
2.6452571983e-04 2.7081112944e-06 5.4052604697e+01 nan
2.6505350952e-04 5.5077444339e-06 4.8756251118e+01 nan
2.6049574123e-04 2.6757143443e-06 5.9113274790e+01 nan
6.9458866967e-05 1.0745186423e-04 1.9655382806e+01 nan
2.7188250101e-04 1.0412972322e-04 1.4488404532e+01 nan
-2.0349656824e-04 8.6997826962e-05 4.5161547269e+01 nan
2.5248695165e-04 2.4943171616e-06 6.9966865281e+01 nan
2.5295576109e-04 5.1125008447e-06 5.9030194614e+01 nan
2.4848446044e-04 2.4679305369e-06 7.5529583646e+01 nan
2.4810074332e-04 5.5814625454e-05 1.2560348918e+01 nan
-1.6139779530e-04 1.3441902298e-05 1.9943201127e+02 nan
1.5372855918e-04 9.9439271882e-05 9.3498581866e+00 nan
2.1072496452e-04 8.2193070173e-05 9.9201191339e+00 nan
-2.2513433429e-04 1.4783190876e-06 2.5113038308e+02 nan
-2.2116111090e-04 1.4759332262e-06 2.4955481875e+02 nan
2.2455040771e-04 2.0715815717e-06 1.1588731219e+02 nan
2.2055329051e-04 2.0502606899e-06 1.2363078614e+02 nan
2.7086510174e-04 1.2617999985e-04 1.4231842829e+01 nan
2.1377385785e-04 1.3019812636e-04 1.3011365229e+01 nan
1.9409472488e-04 1.2433015258e-04 1.0894257720e+01 nan
-7.1092348873e-05 2.4120614632e-05 1.6651295626e+02 nan
-1.9730974492e-04 1.4664777830e-06 2.4153486219e+02 nan
1.9664497792e-04 1.7642604807e-06 1.7908420837e+02 nan
1.9265021756e-04 1.7515404900e-06 1.8902025528e+02 nan
-1.4825693347e-04 9.9904729330e-05 3.7826555336e+01 nan
1.3830336315e-04 1.2133117733e-04 6.2125651087e+00 nan
1.6871757374e-04 1.5811098209e-06 2.4689944193e+02 nan
1.6472225353e-04 1.5820834389e-06 2.5454887833e+02 nan
1.4078411326e-04 1.5465523134e-06 2.7059232554e+02 nan
1.3680198574e-04 1.5584803748e-06 2.6760091577e+02 nan
-1.3762518413e-04 1.4546367104e-06 2.2935897003e+02 nan
-2.2238898310e-04 8.1473502734e-05 4.7433283921e+01 nan
-2.1850720888e-04 8.9639914460e-05 3.8400565031e+01 nan
-2.1196930656e-04 9.3191707378e-05 3.6249882512e+01 1.7358881551e+01
-2.0722000578e-04 9.4447146322e-05 3.6084867049e+01 1.7491264873e+01
-2.0481733864e-04 9.3777890707e-05 3.7322406601e+01 nan
2.1333680327e-04 9.7208764476e-05 1.0257249087e+01 nan
4.1513522023e-05 1.4997622647e-06 2.2402449288e+02 nan
-3.8063164601e-05 1.4557038231e-06 2.2354925833e+02 nan
-1.8147115496e-05 1.4610079319e-06 2.2327790376e+02 nan
2.4222402775e-04 6.5112922963e-05 1.2039083127e+01 nan
8.3508795678e-05 1.1398139968e-04 1.5361890640e+01 nan
-1.7679235369e-04 9.2080518508e-05 4.3573620593e+01 nan
-1.8326063155e-04 7.8118258399e-05 5.9575140076e+01 nan
1.4214592726e-04 9.2085782585e-05 1.2491910771e+01 nan
1.3900406603e-04 9.4263133635e-05 1.2090129677e+01 nan
2.3315905056e-04 1.3175071683e-04 1.3845468279e+01 nan
-1.1968948708e-04 1.1256432772e-04 2.7420003361e+01 nan
-1.4695012570e-04 5.3097293387e-05 1.0241097076e+02 nan
2.6391099939e-04 7.6829083121e-05 1.3779352204e+01 nan
-1.5520685200e-04 3.4178438747e-05 1.4365800577e+02 nan
2.3292604397e-04 7.7158402613e-05 1.1335223841e+01 nan
-2.3307842443e-04 1.4832862561e-06 2.5453278959e+02 nan
1.0826408577e-04 1.2060956664e-04 8.2787480088e+00 nan
2.1208805554e-04 8.9682070651e-05 9.9635203262e+00 nan
-1.9333369758e-04 1.4648842177e-06 2.4040770738e+02 nan
-3.0199671969e-04 3.4728699505e-05 8.9372249143e+01 nan
1.6798899785e-04 9.7461027892e-05 8.8946409861e+00 nan
-7.7626903849e-05 9.0982624313e-05 4.6186288050e+01 nan
1.2422649148e-04 1.1488969297e-04 7.6084438468e+00 nan
-9.2375382284e-05 1.1560079325e-04 2.3164028738e+01 nan
-2.2925197324e-04 4.2024504983e-05 1.2173407877e+02 nan
2.1019194128e-04 6.1151085148e-05 1.4265108365e+01 nan
1.1741971604e-04 1.4365349459e-04 9.7959374434e+00 nan
-1.5740850989e-04 6.8364292864e-05 7.5641510156e+01 nan
-2.0821338853e-04 8.5564910302e-05 4.5869744898e+01 nan
1.8658408892e-04 9.6489947390e-05 8.5396064282e+00 nan
-2.0312494312e-04 7.1914816514e-05 6.5673938968e+01 nan
-1.7152194381e-04 1.0000089319e-04 3.6334518910e+01 nan
1.8779038405e-04 1.0405082512e-04 8.5244200389e+00 nan
1.3831869033e-04 1.5127855680e-04 1.2462297638e+01 nan
-4.1791149580e-05 1.1970183175e-04 1.2533881465e+01 nan
1.5342956909e-04 1.6211142057e-04 1.7951040757e+01 nan
3.0749315417e-04 8.5269485997e-05 1.6535737930e+01 nan
-3.1415337479e-04 3.4285069038e-05 7.6969775970e+01 nan
-3.1028317345e-04 3.5745571742e-05 7.7527370092e+01 nan
2.6259823537e-04 1.4060166294e-05 4.5177439802e+01 nan
2.4314876426e-04 5.1301742964e-05 1.2269539027e+01 nan
2.8785409317e-04 2.1028361197e-05 2.9521784137e+01 nan
-1.4826716892e-04 3.9140056880e-05 1.3175699227e+02 nan
3.6139888160e-04 3.5574511593e-05 2.6383164342e+01 nan
3.5810708390e-04 3.9199966282e-05 2.5313014470e+01 nan
3.5849792435e-04 4.3311090917e-05 2.4711257165e+01 nan
1.7727803584e-04 8.6551305769e-05 1.0052870598e+01 nan
2.7874553283e-04 9.8192135025e-05 1.4827616658e+01 nan
-8.8096015203e-05 1.0313806824e-04 3.3303909722e+01 nan
-2.0526202311e-04 1.4693046220e-06 2.4395838289e+02 nan
-2.7829081181e-04 1.3369410577e-05 2.1283955158e+02 nan
1.0085306409e-04 1.0755062762e-04 1.5493799108e+01 nan
-1.6199926626e-04 7.2496826247e-05 6.9202450643e+01 nan
-1.6490363179e-04 7.2671917251e-05 6.8776098919e+01 nan
4.6550530478e-05 7.7675151453e-05 4.0932682104e+01 nan
-1.3832891830e-04 8.3018676390e-05 5.6060869279e+01 nan
3.5622197042e-04 2.3188793698e-05 2.5953464573e+01 nan
2.7043829174e-04 4.9534454206e-05 1.4349616431e+01 nan
-3.0583527524e-04 5.0123850998e-05 6.3276043501e+01 nan
-8.1565908311e-05 9.6973643936e-05 3.9373441575e+01 nan
-6.4493501894e-05 1.0489307390e-04 2.9968050352e+01 nan
2.4965341009e-04 6.3171758117e-05 1.2587902858e+01 nan
1.7989666269e-04 8.0468043858e-05 1.1203243472e+01 nan
2.9916218946e-04 7.9950230842e-05 1.6328553514e+01 nan
2.0092027310e-04 5.2982046016e-05 3.1032921095e+01 nan
2.9805205319e-04 7.2326369751e-05 1.6480892582e+01 nan
-1.0987404318e-04 6.8648096606e-05 7.6461616976e+01 nan
-3.9039057489e-05 1.3396575099e-05 1.9308486967e+02 nan
-2.8828579732e-04 1.2160324618e-05 2.1458810175e+02 nan
5.2172099564e-05 1.3984915263e-05 1.8567924802e+02 nan
-1.3504883693e-04 4.9288780762e-05 1.1003788510e+02 nan
-7.3549946689e-05 1.3352442030e-05 1.9370997147e+02 nan
-1.7765112551e-04 3.7949523106e-05 1.3509398014e+02 nan
-8.8879260994e-05 1.3350862304e-05 1.9402232572e+02 nan
7.4370696824e-05 8.9349579273e-05 2.5777631224e+01 nan
-7.2414426649e-06 1.0691264215e-04 2.6544283072e+01 nan
4.1298259023e-05 9.3593641205e-05 3.2297781042e+01 nan
-1.1948882938e-04 1.3370580053e-05 1.9530933869e+02 nan
7.6372516459e-05 1.0012377133e-04 2.1005349328e+01 nan
-1.3475840178e-04 1.3390247531e-05 1.9644378115e+02 nan
2.1426124984e-04 6.2100940021e-05 1.2198443390e+01 nan
1.5787322472e-04 1.6486501439e-05 9.9501729858e+01 nan
-1.1893178523e-04 2.4195320170e-05 1.6707161750e+02 nan
9.3896124464e-05 3.1474740733e-06 2.3315100397e+02 nan
-1.6609729313e-04 6.1145005098e-05 8.7074460821e+01 nan
-1.3721915252e-04 2.4267947341e-05 1.6772843629e+02 nan
1.8327698021e-05 1.2312098726e-04 1.2000331981e+01 nan
-9.9582946997e-05 4.2021818498e-05 1.2535979129e+02 nan
2.1297361239e-04 2.1064326513e-05 5.2431056416e+01 nan
-1.9813254621e-04 1.2018133095e-05 2.1068668991e+02 nan
4.3102902747e-05 8.3383887602e-05 3.7129394895e+01 nan
-2.9569568012e-04 8.7667060040e-06 2.3632880191e+02 nan
-2.3195818135e-04 1.2221268541e-05 2.1940457052e+02 nan
1.7249468520e-04 1.0253377324e-04 8.0788937234e+00 nan
2.4498662869e-04 2.4121646025e-05 4.1716009500e+01 nan
9.2278483621e-05 1.3504819454e-04 6.4483667235e+00 nan
1.4598135590e-04 1.5113239214e-04 1.2646188289e+01 nan
3.6302076596e-05 8.6169488573e-05 3.7681960704e+01 nan
1.2225644770e-04 9.4695967522e-05 1.5246473334e+01 nan
-7.1137979779e-05 1.1107252323e-04 2.4442022443e+01 nan
1.0822986484e-04 1.3095394464e-04 4.4981586501e+00 nan
1.3944482697e-04 9.7682175013e-05 1.0960691290e+01 nan
1.5366184393e-04 1.5071382267e-04 1.3168197523e+01 nan
1.0946866975e-04 9.9082210238e-05 1.7223001601e+01 nan
2.0732945584e-04 1.4306458748e-04 1.4140823797e+01 nan
2.1020993098e-04 1.3286395626e-04 1.3116825351e+01 nan
1.9641813243e-04 4.9336663933e-05 3.4265697530e+01 nan
8.0469333958e-05 1.3326459266e-04 7.1445632948e+00 nan
8.3810460562e-05 1.2287425292e-04 1.2297566918e+01 nan
6.6020222308e-05 1.3086577040e-04 9.4353170859e+00 nan
-2.0821319185e-04 4.2568942651e-05 1.2303836824e+02 nan
-1.5046895122e-04 4.2599747446e-05 1.2400654355e+02 nan
1.9839466447e-04 1.2935703360e-04 1.1951661265e+01 nan
3.1663658912e-04 9.8561124147e-05 1.5819914896e+01 nan
2.0152963153e-04 5.6117302623e-05 2.4985359034e+01 nan
-1.0968872700e-04 9.7718027498e-05 3.9656502514e+01 nan
-1.6912322881e-04 6.1288465407e-05 8.6668136291e+01 nan
-1.6945613314e-04 4.1242494266e-05 1.2717523424e+02 nan
1.6134683631e-04 1.5005973732e-04 1.3591312685e+01 nan
1.6620447860e-04 8.6568140878e-05 1.1120699111e+01 nan
-2.1766012559e-04 6.3187639963e-05 7.7496533237e+01 nan
-1.5956145529e-04 5.3465592853e-05 1.0141940736e+02 nan
1.2740564152e-04 1.4929255636e-04 1.2050767372e+01 nan
-1.2815764479e-04 9.6533123796e-05 4.1201564264e+01 nan
3.0984804627e-04 7.4395002319e-05 1.7239136889e+01 nan
-2.4938593820e-04 4.2140592691e-05 1.1561919663e+02 nan
-1.9039711753e-04 7.4691016590e-05 6.3477792374e+01 nan
-6.0036844233e-05 5.0420104727e-05 1.0893473733e+02 nan
2.5221794317e-04 5.6652121890e-05 1.2845921714e+01 nan
2.4728889245e-04 5.2153474767e-05 1.2655465371e+01 nan
2.3412771662e-04 4.6176113477e-05 2.3015223371e+01 nan
-3.3097668661e-04 3.5499349505e-05 6.9875480267e+01 nan
1.4935377114e-04 1.2626030253e-04 7.0620333611e+00 nan
3.1761647891e-04 7.5774721197e-05 1.7629255915e+01 nan
-2.6505741148e-04 1.9926091212e-05 1.8657846518e+02 nan
-1.9147742776e-04 8.9594606039e-05 4.4344264393e+01 nan
1.8183515032e-04 7.0946706287e-05 1.5391600215e+01 nan
-1.5505814576e-04 9.0094392253e-05 4.7329626367e+01 nan
-3.5205875815e-05 1.3405986377e-05 1.9296966346e+02 nan
1.8256061006e-05 1.3675934088e-05 1.8884117474e+02 nan
1.9623972133e-04 1.1034062644e-04 9.5524005994e+00 nan
2.0310702563e-04 1.0514415621e-04 9.8028277142e+00 nan
-2.1946096448e-04 1.6888509928e-05 2.0013902706e+02 nan
2.1587484699e-04 6.9451214312e-05 1.0566928070e+01 nan
-2.2086775797e-04 6.7904214495e-05 6.8482333967e+01 nan
2.6549370790e-04 1.1380833126e-04 1.4259945795e+01 nan
-2.5803071163e-04 6.4626548132e-05 6.1571927314e+01 nan
6.6101692526e-05 1.2579645902e-04 1.8699904209e+01 nan
-2.5466957085e-04 1.5892286874e-05 2.0826284581e+02 nan
2.7532132303e-04 1.0116851067e-04 1.4648431276e+01 nan
2.1203794689e-04 1.1502227108e-04 1.1379257983e+01 nan
-1.8206011528e-04 5.6245168765e-05 9.5090579495e+01 nan
-1.0858947403e-04 5.7704464001e-05 9.4640258691e+01 nan
3.5520936750e-04 4.6862762910e-05 2.3742011198e+01 nan
3.1241042657e-04 4.1523089153e-05 1.8517080867e+01 nan
-9.2046670246e-05 1.0527018192e-04 3.1548155347e+01 nan
2.1812021968e-04 8.0594431051e-05 1.0346087363e+01 nan
-3.2155243071e-06 1.2219365061e-04 9.2275299585e+00 nan
-3.5335568457e-04 2.6021603135e-05 8.7530678218e+01 nan
2.0505847561e-04 1.2032863107e-04 1.1346860799e+01 nan
-2.5333785389e-04 6.3234047110e-05 6.6262338765e+01 nan
8.8412260093e-05 1.0502169752e-04 1.7644311459e+01 nan
2.5207591446e-04 1.2912725674e-04 1.4101048180e+01 nan
2.8210025264e-04 6.9483344829e-05 1.5251871771e+01 nan
2.8118735055e-04 2.6876170078e-05 2.0817173620e+01 nan
2.4415837980e-04 1.2718109385e-04 1.3915578547e+01 nan
3.0410944158e-04 8.8389717142e-05 1.6225971852e+01 nan
1.0449653589e-04 1.1227768338e-04 1.3774224341e+01 nan
-3.2339446482e-04 2.3648673634e-05 1.0255708353e+02 nan
1.1419968750e-04 1.4177935761e-04 8.5934313533e+00 nan
2.4168524345e-04 8.2789171092e-05 1.2082642060e+01 nan
-2.3747994422e-04 3.4945325708e-05 1.4016354028e+02 nan
2.3400292346e-04 1.3932398861e-04 1.4210372827e+01 nan
2.3828911922e-04 1.1102017804e-04 1.2945937892e+01 nan
-1.6283368073e-04 9.6980377035e-05 3.9854818600e+01 nan
-1.3356891735e-04 2.4251479795e-05 1.6756961573e+02 nan
2.9560182265e-04 5.7270578350e-05 1.6556943961e+01 nan
1.6877721891e-04 1.4164062483e-04 1.1838505967e+01 nan
2.2605672882e-04 1.3723745583e-04 1.4011644294e+01 nan
-1.0162867497e-04 6.1191085826e-05 8.8722418539e+01 nan
1.3511812723e-04 1.3832478751e-04 8.5734382334e+00 nan
1.4206239958e-04 1.5310812936e-04 1.3268088208e+01 nan
2.5708831773e-04 1.0818716717e-04 1.3863547963e+01 nan
2.2168681261e-04 1.3238684104e-04 1.3548007715e+01 nan
2.1812147807e-04 1.3508862102e-04 1.3652981126e+01 nan
8.9056189542e-05 1.3634048433e-04 6.1986813169e+00 nan
1.1139632562e-04 1.3281013953e-04 4.5090259556e+00 nan
9.8793327872e-05 1.2880016611e-04 8.4943842444e+00 nan
1.2463646080e-04 1.3659748591e-04 7.0505538307e+00 nan
-9.5945213938e-05 1.0742920336e-04 2.9904580691e+01 nan
3.0362207885e-04 5.8522702421e-05 1.7291516220e+01 nan
1.9482305376e-04 1.3193835154e-04 1.2061148548e+01 nan
7.0161139014e-05 8.3250835000e-05 3.0339281981e+01 nan
9.7901430471e-05 1.0922540227e-04 1.5266175410e+01 nan
7.3891654801e-05 1.0171444556e-04 2.0835984451e+01 nan
2.0268569630e-04 1.3434385072e-04 1.2907590378e+01 nan
-1.8445345146e-04 8.2388481046e-05 5.3870994378e+01 nan
-1.3347679276e-04 7.8871293503e-05 6.1441286598e+01 nan
1.6912558065e-04 1.0492463404e-04 7.9416955931e+00 nan
1.4997975202e-04 9.8106091386e-05 9.8855455382e+00 nan
-1.4844804819e-04 9.3711563477e-05 4.3786097742e+01 nan
-1.1295290977e-04 6.8715561980e-05 7.6303522369e+01 nan
1.2426466007e-04 8.6240896352e-05 1.8628413139e+01 nan
1.7818410784e-04 2.0323758959e-05 7.0413671455e+01 nan
1.4104802405e-04 1.1185865247e-04 7.6172741711e+00 nan
-5.6321653441e-05 3.0482835521e-05 1.5118124601e+02 nan
-2.0072385728e-04 3.8601352932e-05 1.3346034939e+02 nan
-2.1250826290e-04 6.4651832406e-05 7.5913067503e+01 nan
3.6213759618e-04 4.3890532846e-05 2.5020830119e+01 nan
-3.5144945252e-05 1.1782334794e-04 1.3667400687e+01 nan
1.6528666249e-04 1.5528989163e-04 1.5465272815e+01 nan
6.2415577529e-05 3.1136582052e-06 2.2169891285e+02 nan
2.1447363896e-04 1.0476510248e-04 1.0764220972e+01 nan
2.6324849188e-04 1.6937102731e-05 4.4379747878e+01 nan
2.2435947052e-04 1.2208594999e-04 1.2849378819e+01 nan
-1.1700513394e-04 9.5996345420e-05 4.1581091437e+01 nan
1.0302700206e-04 9.9552717030e-05 1.7766061278e+01 nan
1.5738243883e-04 1.4092994922e-04 1.0613211804e+01 nan
-6.7402626903e-05 2.4122958384e-05 1.6648377531e+02 nan
-8.0757324228e-05 1.0912754220e-04 2.7146497539e+01 nan
1.9260996407e-04 8.7689431316e-05 9.1128590749e+00 nan
-1.6270904982e-04 1.9651102664e-05 1.8224461778e+02 nan
2.5462115051e-04 1.1866501117e-04 1.3981378500e+01 nan
-1.6889650064e-04 8.9017008097e-06 2.1354202980e+02 nan
9.4871534898e-05 1.4054874603e-04 5.6847237804e+00 nan
-1.0988246050e-04 5.9516378894e-05 9.1431266730e+01 nan
-1.7376156775e-04 1.9707280255e-05 1.8347246083e+02 nan
2.0569788458e-04 2.2969967527e-05 5.2569245019e+01 nan
-1.5078193257e-04 6.0530845188e-05 8.8745298002e+01 nan
-2.1637176710e-04 2.6813504590e-05 1.6719562343e+02 nan
2.9454036256e-04 3.2123493421e-05 1.6708901771e+01 nan
3.8723887782e-05 7.8306521171e-05 4.2810094955e+01 nan
-2.5773310378e-04 4.1279594288e-05 1.1410113352e+02 nan
8.8740298216e-05 1.0797927950e-04 1.6639886769e+01 nan
1.9300833369e-04 7.0462907024e-05 1.2883754975e+01 nan
2.4704440576e-04 6.9701799971e-05 1.2369224019e+01 nan
-1.7139316904e-04 6.7187631041e-05 7.6698994101e+01 nan
-1.5760106209e-04 1.3432749666e-05 1.9892121704e+02 nan
-1.0594816546e-04 5.4122797099e-05 1.0119549367e+02 nan
-1.2639415116e-04 5.0895405374e-05 1.0698013454e+02 nan
-4.8981404488e-05 2.7319555291e-05 1.5852363378e+02 nan
1.7146187978e-04 7.4797776823e-05 1.5424936103e+01 nan
2.6524792555e-04 6.2748035587e-05 1.3836701947e+01 nan
2.5311816961e-04 8.1762975783e-05 1.2978651638e+01 nan
-2.9629591200e-04 3.5154049847e-05 9.4496901468e+01 nan
-1.4712020103e-04 4.2542977066e-05 1.2411639910e+02 nan
-1.0572738929e-05 1.5026746383e-05 1.8765032262e+02 nan
-1.4843698695e-04 6.7957754024e-05 7.6632682477e+01 nan
2.4094220185e-04 2.3753767476e-05 4.2293139791e+01 nan
9.0352128185e-05 9.7500278507e-05 1.9950844675e+01 nan
-4.5503569854e-05 3.0525777582e-05 1.5086762184e+02 nan
-1.6613515779e-04 4.1169815734e-05 1.2732159600e+02 nan
2.8203161072e-04 1.1899685399e-05 4.5084724568e+01 nan
-2.8288031164e-04 3.5520785152e-05 1.0697521858e+02 nan
-1.7520665690e-04 5.4043947314e-05 9.9733409489e+01 nan
-2.2309463147e-04 1.6934244283e-05 2.0071343681e+02 nan
2.2738493664e-04 6.8764290047e-05 1.1069443700e+01 nan
2.0515412964e-04 7.3662196802e-05 1.0165283928e+01 nan
2.1130347654e-04 1.4419936110e-04 1.4323334227e+01 nan
1.1432167933e-04 7.2011456665e-05 3.0138012682e+01 nan
1.5970700272e-04 9.1265357684e-05 1.0599699078e+01 nan
-1.4939372502e-04 3.0807218567e-05 1.5174349235e+02 nan
2.1211419282e-04 5.1857417421e-05 2.6925037791e+01 nan
1.5217113905e-04 8.8829451896e-05 1.2205678239e+01 nan
2.8897510775e-04 8.9157553845e-05 1.5483954148e+01 nan
2.6376778834e-04 5.5375821728e-05 1.3746195785e+01 nan
2.8865187265e-04 2.4395292586e-05 1.8117763031e+01 nan
2.2579861527e-04 6.1388983794e-05 1.1208860523e+01 nan
3.4512678345e-04 2.6278915346e-05 2.3772733881e+01 nan
3.4904789047e-04 2.6550560563e-05 2.4527761449e+01 nan
2.8319175513e-04 1.0285237749e-04 1.4928194385e+01 nan
-1.9045481410e-04 6.4556923822e-05 7.9351573293e+01 nan
2.9183353778e-04 8.2291389430e-05 1.5806205866e+01 nan
-2.7841710803e-04 5.4240773230e-05 7.1756426882e+01 nan
1.8341914880e-04 1.3192592145e-04 1.1110689624e+01 nan
-2.5813721421e-04 1.6004882142e-05 2.0734756748e+02 nan
2.0692748211e-04 4.5197165140e-05 3.5584659491e+01 nan
2.7603304513e-04 5.7602853210e-05 1.4781718563e+01 nan
-3.0875997814e-04 1.9475794138e-05 1.3874131005e+02 nan
2.4571195179e-04 1.0917571962e-04 1.3297334121e+01 nan
-2.6423897007e-04 3.1666894370e-05 1.3942280805e+02 nan
1.1099435982e-04 1.1212779643e-04 1.1559744708e+01 nan
3.6757549401e-04 2.4023957142e-05 2.8982225035e+01 nan
-2.3582536380e-04 5.9412539526e-05 8.0107861498e+01 nan
-2.4705705038e-05 1.1831802846e-04 1.2328397023e+01 nan
3.2171861883e-04 2.8091939101e-05 1.9759231305e+01 nan
-2.0137230171e-04 8.8855175322e-05 4.3428603440e+01 nan
-1.6566973084e-04 7.4698596966e-05 6.5828570493e+01 nan
-2.8135500614e-04 3.0389411690e-05 1.2472377457e+02 nan
2.3010493744e-04 4.5549306326e-05 2.8586819555e+01 nan
-2.4913972956e-04 2.4485977584e-05 1.7332764541e+02 nan
-1.7945355573e-04 9.2379939324e-05 4.2961733592e+01 nan
2.3492015876e-04 8.8377191640e-05 1.1681073464e+01 nan
3.1172544526e-05 9.3451852054e-05 3.6549657194e+01 nan
2.7933954384e-04 7.6242404860e-05 1.4999333922e+01 nan
2.7190208940e-04 2.0254103134e-05 4.3789749130e+01 nan
1.8309862682e-04 1.2811224138e-04 1.0421003839e+01 nan
-2.4357604442e-04 5.6378710652e-05 8.3807163847e+01 nan
2.9392610175e-04 9.7627466887e-05 1.5440138565e+01 nan
1.8715052259e-04 7.9112414344e-05 1.0713177222e+01 nan
2.5834777907e-04 3.0976332966e-05 4.1863315528e+01 nan
-1.0689127894e-04 9.7615259118e-05 3.9668666127e+01 nan
3.1185239282e-04 8.9916780132e-05 1.6407090667e+01 nan
2.7307502753e-04 2.6149863329e-05 3.9300255598e+01 nan
2.5492926795e-04 9.3041551029e-05 1.3364834805e+01 nan
1.0643920183e-04 1.0089662286e-04 1.6999623648e+01 nan
-2.8526848301e-04 8.2840469930e-06 2.4275476409e+02 nan
2.7407435255e-04 1.1676383016e-05 4.5857824439e+01 nan
-3.3323782729e-04 1.2759264269e-05 1.3613014200e+02 nan
2.5059908160e-04 4.9333327026e-05 1.2885194671e+01 nan
2.7370885129e-04 8.9760831852e-05 1.4586762485e+01 nan
6.3069709148e-05 1.0013268775e-04 2.3491420632e+01 nan
2.2961845357e-04 1.3450309747e-04 1.3916348986e+01 nan
-3.0452876126e-04 1.3704537980e-05 1.8585111452e+02 nan
1.0119715177e-04 1.4108547832e-04 6.7171545851e+00 nan
-1.8985217481e-04 8.2988418292e-05 5.2401971189e+01 nan
2.9442295047e-04 1.0148733804e-04 1.5298225618e+01 nan
-1.5946163326e-04 4.1036296536e-05 1.2757054029e+02 nan
-2.9621762816e-04 5.0806479779e-06 2.6860570938e+02 nan
2.9794988862e-04 1.2268178877e-05 4.0006606583e+01 nan
2.6233167951e-04 3.1290485223e-05 3.8279721653e+01 nan
2.8747008598e-05 1.0133111289e-04 3.1250844933e+01 nan
3.2622105900e-04 8.5103024922e-05 1.7177512104e+01 nan
3.2444470296e-04 4.2968456503e-05 2.0036245784e+01 nan
2.9269166004e-04 6.1988822454e-06 4.4717359440e+01 nan
-6.6714421966e-05 5.0408968164e-05 1.0890837946e+02 nan
2.7337289580e-04 6.4276537142e-05 1.4527341236e+01 nan
2.8415688549e-04 5.9006011684e-05 1.5495258617e+01 nan
-9.9155469241e-05 1.0343509201e-04 3.3688272825e+01 nan
2.5374104998e-04 6.4017766608e-05 1.2896249080e+01 nan
2.1609657438e-04 5.2559048580e-05 2.2841369151e+01 nan
2.9250666414e-04 1.1625543367e-04 1.4582999381e+01 nan
-1.4586162099e-04 3.0777208781e-05 1.5166144824e+02 nan
-2.9013994811e-04 4.6096048674e-05 7.7655245964e+01 nan
-2.9274160875e-04 5.3205948313e-05 6.5453757367e+01 nan
2.3355385292e-04 2.5844434106e-05 4.2193211449e+01 nan
2.9944685375e-04 1.8747246849e-05 1.9044885533e+01 nan
3.2576238494e-04 8.1133756540e-05 1.7549586785e+01 nan
3.2262508907e-04 1.3878388508e-05 1.9730482237e+01 nan
7.3095492931e-05 1.1948792861e-04 1.4547697622e+01 nan
2.6219027083e-04 4.8055232410e-05 1.3673048527e+01 nan
3.3241932945e-04 2.1744117102e-05 2.1345384846e+01 nan
2.8808802064e-04 1.1139757658e-04 1.4779705776e+01 nan
-1.7008131004e-04 1.9686858337e-05 1.8304684084e+02 nan
-1.3737220872e-04 9.2988148925e-05 4.4769059811e+01 nan
-7.8734142399e-05 9.6933173532e-05 3.9309944642e+01 nan
2.8503351162e-04 8.8373485726e-05 1.5281127769e+01 nan
9.5650684132e-05 1.2688024837e-04 1.0183150021e+01 nan
1.3514570662e-04 1.3459679528e-04 7.4208349077e+00 nan
2.1176862095e-04 6.8410312146e-05 1.0525561275e+01 nan
-3.2168192145e-04 2.6660124976e-05 8.9595263035e+01 nan
-7.8033502393e-05 1.0908577775e-04 2.6931888869e+01 nan
-2.8079191885e-04 1.9393472357e-05 1.7532433375e+02 nan
1.2127996409e-04 1.3476551711e-04 6.0311378079e+00 nan
2.5919795654e-04 1.6703982145e-05 4.4232828213e+01 nan
-2.7139924984e-04 2.0411700837e-05 1.7995003449e+02 nan
-1.5767531684e-04 2.7618246644e-05 1.6034266850e+02 nan
2.8867745284e-04 4.1888648559e-05 1.6048175356e+01 nan
3.4901946264e-04 5.7906682872e-05 2.1465516931e+01 nan
-1.6517091660e-04 3.9419828548e-05 1.3137295479e+02 nan
-1.9667508525e-04 6.7101711499e-05 7.4328837903e+01 nan
2.8268152600e-04 9.9021356338e-05 1.4986567494e+01 nan
1.4562412624e-04 1.2462565318e-04 6.5840971841e+00 nan
-1.1909337062e-04 6.8864024915e-05 7.5965013739e+01 nan
2.8043176663e-04 4.0638861543e-05 1.5307443418e+01 nan
-3.6621876567e-04 3.4686893943e-06 1.2166641764e+02 nan
1.9116366884e-04 8.0252240867e-05 1.0114382287e+01 nan
-1.8098992643e-04 3.8025805126e-05 1.3495731504e+02 nan
2.5066627808e-04 1.1771968134e-04 1.3825577587e+01 nan
2.7533194014e-04 7.5475458881e-05 1.4686979537e+01 nan
2.7710061768e-04 4.3623223123e-05 1.4988730876e+01 nan
2.8535547000e-04 2.7408295044e-05 1.6091496021e+01 nan
-3.4341293099e-04 2.2546041001e-05 7.7811873318e+01 nan
2.6515774090e-04 8.4331498520e-05 1.3954958222e+01 nan
-1.8246827039e-04 2.7875693259e-05 1.6155382681e+02 nan
2.5834427170e-04 9.0153907049e-05 1.3545351395e+01 nan
2.8121247647e-04 1.1737112000e-04 1.4502983840e+01 nan
2.1942534120e-04 5.0014600715e-05 2.5914485310e+01 nan
2.5650193094e-04 7.8889265284e-05 1.3204997294e+01 nan
-3.3448182219e-04 2.3760130628e-05 7.8805146874e+01 nan
-3.6075588328e-04 1.4266652156e-05 9.2633336636e+01 nan
-3.0863949628e-04 1.1870697156e-05 1.9475449468e+02 nan
2.8533781347e-04 4.4924053300e-05 1.5711766650e+01 nan
1.1147320752e-04 1.2926602111e-04 4.7495052235e+00 nan
3.0972242143e-04 4.8443991825e-05 1.8115401063e+01 nan
-2.6886917721e-04 3.8973013076e-05 1.1319142233e+02 nan
-1.5013709174e-04 5.3184670921e-05 1.0218082093e+02 nan
1.5914255591e-04 8.7725882536e-05 1.1636544840e+01 nan
2.6233978338e-04 9.1020219733e-05 1.3843833641e+01 nan
3.1838869108e-04 3.1364089620e-05 1.9315415170e+01 nan
-3.3668814844e-04 1.3378104248e-05 1.2946328703e+02 nan
3.1373075360e-04 4.8984686273e-05 1.8554013056e+01 nan
3.0699426256e-04 5.5367784259e-05 1.7690299882e+01 nan
3.6661036023e-04 1.5929466403e-05 2.7942014521e+01 nan
2.4174532128e-04 1.0821267142e-04 1.3019882200e+01 nan
3.3511898642e-04 3.6689048391e-05 2.1813178994e+01 nan
9.5618641090e-05 1.2357701997e-04 1.1157626547e+01 nan
3.1136689038e-04 8.6015622830e-05 1.6650957367e+01 nan
1.2133733119e-04 1.3112310106e-04 5.2012951244e+00 nan
-1.9734480063e-04 8.1787810110e-05 5.2756109529e+01 nan
1.4536449080e-04 1.2084415915e-04 6.5072864858e+00 nan
-9.4795772942e-05 1.0534531683e-04 3.1666882619e+01 nan
-2.5142197701e-04 5.3431369792e-05 8.7191770420e+01 nan
2.7682661979e-04 1.1264490721e-04 1.4557466752e+01 nan
2.7313999468e-04 8.5977516307e-05 1.4541350291e+01 nan
4.9457117222e-05 8.7001726452e-05 3.2776270166e+01 nan
-2.0482591332e-04 1.6752806881e-05 1.9754512325e+02 nan
1.9594563748e-04 8.5138527056e-05 9.2779355719e+00 nan
-9.5260017897e-05 6.1109741455e-05 8.8995499475e+01 nan
-3.7246195601e-04 7.6789422254e-06 1.0752170608e+02 nan
7.0574739869e-05 1.2886305162e-04 9.7676579123e+00 nan
2.8346074837e-04 5.5302168397e-05 1.5457954359e+01 nan
2.7336796224e-04 1.1559914674e-04 1.4440186398e+01 nan
2.7267525720e-04 6.0570462975e-05 1.4476274657e+01 nan
2.5852991922e-04 1.3838785921e-05 4.5147294877e+01 nan
-2.1253487911e-04 3.5458259787e-05 1.4151819676e+02 nan
-1.7856937318e-04 7.1624981583e-05 6.9281840693e+01 nan
1.8056888086e-04 8.4092750129e-05 1.0253964674e+01 nan
-1.9593173953e-04 5.3214447165e-05 1.0001753904e+02 nan
-1.9420824124e-04 3.8383932402e-05 1.3411830041e+02 nan
-1.2656453657e-04 1.0465377876e-04 3.3762300863e+01 nan
1.5537076799e-04 8.6547525330e-05 1.2576304125e+01 nan
-1.0128450409e-04 9.7428941502e-05 3.9660332526e+01 nan
-2.4050709259e-04 1.5561996834e-05 2.0887551382e+02 nan
2.7645561771e-04 2.3386707378e-05 4.2326888961e+01 nan
-2.2174481508e-04 3.4042798253e-05 1.4506397835e+02 nan
3.6135205902e-04 8.0029003703e-06 2.4113536119e+01 nan
3.5676120529e-04 2.7120688312e-05 2.6121347886e+01 nan
-1.1980183915e-04 9.6120245293e-05 4.1508864266e+01 nan
-1.7901814694e-04 5.6091583193e-05 9.5574895909e+01 nan
-7.2763584388e-05 1.0493312451e-04 3.0493078967e+01 nan
5.1589712768e-05 8.5320587063e-05 3.3289679415e+01 nan
2.8044563401e-04 2.3618182538e-05 3.4287327883e+01 nan
-1.8431563069e-04 3.8107109931e-05 1.3479511463e+02 nan
-8.1597450544e-05 5.2167828889e-05 1.0533647394e+02 nan
-9.2071302270e-05 6.1075621103e-05 8.9122188655e+01 nan
1.2471149441e-04 1.2926565389e-04 5.3078008302e+00 nan
-1.6518529317e-04 1.8095187929e-05 1.8688063036e+02 nan
1.4978049727e-04 1.5283614171e-04 1.3607598743e+01 nan
-1.3828197684e-04 1.0125165534e-04 3.6792256124e+01 nan
-2.4868754963e-04 2.0886346918e-05 1.8764855403e+02 nan
-2.1803235728e-04 3.2094863832e-05 1.5102005056e+02 nan
3.3288868908e-04 7.8638669005e-05 1.8022000463e+01 nan
-1.3022618297e-04 6.7307552475e-05 7.8150339015e+01 nan
3.3165997024e-04 1.8070686843e-05 2.1066046280e+01 nan
-8.4906011754e-05 5.2184393411e-05 1.0524160209e+02 nan
2.5988257240e-04 7.5999378809e-05 1.3444467408e+01 nan
-2.3308913100e-04 5.6807249696e-05 8.6182179652e+01 nan
1.0293495370e-04 6.6659442802e-05 3.6657490944e+01 nan
1.7085894451e-04 7.1428882644e-05 1.8314216117e+01 nan
2.0984645993e-05 9.3736594787e-05 3.9344758142e+01 nan
2.7938774669e-04 5.4617561108e-05 1.5096163815e+01 nan
3.2182024439e-04 1.0234865527e-05 1.9279184388e+01 nan
2.1406384737e-04 7.9539018396e-05 1.0141665568e+01 nan
-2.7495414198e-04 1.3186791732e-05 2.1606496597e+02 nan
-1.4159509908e-04 4.9414052740e-05 1.0971478486e+02 nan
-2.1737448284e-04 6.1057467744e-05 8.1500050621e+01 nan
2.5107154679e-04 1.6165297040e-05 4.5019392772e+01 nan
-1.7570943967e-04 7.1413280205e-05 6.9848283079e+01 nan
1.8385971798e-04 8.1612604745e-05 1.0474331070e+01 nan
2.8451385505e-04 2.3949878483e-05 2.4907067690e+01 nan
2.6741954137e-04 9.9456737017e-05 1.4262173812e+01 nan
-2.1076453859e-04 8.6002214918e-05 4.4742068542e+01 nan
5.7311025050e-05 8.6774344781e-05 3.0867472091e+01 nan
-9.5664052497e-05 9.7267890319e-05 3.9613926803e+01 nan
-2.9156333440e-04 1.2409334916e-05 2.1151513775e+02 nan
2.7255294023e-04 8.2205629016e-05 1.4487439232e+01 nan
-2.0702325901e-04 7.8823329790e-05 5.4881012904e+01 nan
-1.6180867410e-04 3.9357366669e-05 1.3146748933e+02 nan
3.3243992296e-04 7.4640067343e-05 1.8447604053e+01 nan
-2.4018922367e-04 3.1359008164e-05 1.5093688474e+02 nan
2.8843552877e-04 8.5342048530e-05 1.5533468661e+01 nan
3.2098226583e-04 7.2561668630e-05 1.8055365873e+01 nan
9.6665391692e-05 6.7772700794e-05 3.7103340427e+01 nan
-1.6305831149e-04 6.1008729704e-05 8.7454514420e+01 nan
2.6053445866e-04 1.0529713159e-04 1.3977312347e+01 nan
2.4275577642e-05 8.2042991745e-05 4.8224343258e+01 nan
1.5482222067e-04 8.3117927091e-05 1.4222088579e+01 nan
-2.7155805285e-04 1.3030985639e-05 2.1867224510e+02 nan
1.5750224956e-04 1.5229464573e-04 1.4053661712e+01 nan
-6.7138344862e-05 1.0899036512e-04 2.6011221316e+01 nan
-1.4039901226e-04 4.2438466497e-05 1.2431837600e+02 nan
3.0605153533e-04 1.0395545352e-04 1.5346607501e+01 nan
3.2780235434e-04 3.9648752265e-05 2.0600456593e+01 nan
2.4702252952e-04 1.5877510793e-05 4.6238653045e+01 nan
3.0312165214e-04 1.1099753355e-04 1.4867411993e+01 nan
2.5604527951e-04 1.0060017656e-04 1.3628892500e+01 nan
-1.3831203026e-04 8.9001429083e-05 4.9049828132e+01 nan
-1.9784966021e-04 4.9526099055e-05 1.0765876167e+02 nan
9.5985079787e-05 6.5130932973e-05 3.9654907885e+01 nan
-1.9852417525e-04 6.3223230917e-05 8.0680910011e+01 nan
2.1790117589e-04 1.0207451569e-04 1.0885526642e+01 nan
-1.2111939775e-04 1.0435266662e-04 3.3875458558e+01 nan
-1.1875763463e-04 9.4058600294e-05 4.3609545680e+01 nan
6.0818230925e-05 9.0042157856e-05 2.8168900134e+01 nan
-1.9514280487e-04 6.0950340871e-05 8.5158336054e+01 nan
-1.6000683521e-04 6.0879221331e-05 8.7810309765e+01 nan
1.5111202257e-04 8.2029770594e-05 1.5610067994e+01 nan
2.4637886050e-04 1.3074854613e-05 4.9220762028e+01 nan
3.1763707212e-04 2.7698467391e-05 1.9194903978e+01 nan
-2.1526738816e-04 3.3772877660e-05 1.4619523817e+02 nan
6.3697757141e-05 9.0893383332e-05 2.7103838873e+01 nan
1.4568240871e-05 9.0794632074e-05 4.3570240335e+01 nan
2.4694024396e-04 9.1224467320e-05 1.2720796548e+01 nan
2.2241789926e-04 1.0692676274e-04 1.1569251399e+01 nan
-1.1565356383e-04 1.0408142554e-04 3.3917918884e+01 nan
-1.8065794877e-04 5.2424738022e-05 1.0268485357e+02 nan
-1.6279056699e-04 7.4514079806e-05 6.6267471591e+01 nan
3.7085974964e-04 2.0218118857e-05 3.0098129171e+01 nan
2.2585894588e-04 1.0419427900e-04 1.1666542274e+01 nan
3.2048376248e-04 6.8668549896e-05 1.8300471348e+01 nan
6.6016927322e-05 8.9221136861e-05 2.7473764425e+01 nan
1.6009540519e-04 7.1908090370e-05 2.1610418057e+01 nan
2.9577097016e-04 8.3039652816e-05 1.6025038374e+01 nan
3.3952882748e-04 7.2062802136e-05 1.9017603033e+01 nan
2.3035604174e-04 1.0900988825e-04 1.2306152582e+01 nan
-2.1395581121e-04 5.6576686266e-05 9.0866797394e+01 nan
1.6613209612e-05 8.3022447076e-05 5.0726080573e+01 nan
2.3777722960e-04 1.0723437926e-04 1.2716181698e+01 nan
-2.0900696494e-04 6.0151083148e-05 8.4730358352e+01 nan
2.0106919023e-04 7.2571312601e-05 1.0661483501e+01 nan
2.3897428653e-04 1.5282740035e-05 4.9679757696e+01 nan
-6.3018552777e-05 1.1104627991e-04 2.3620768786e+01 nan
1.5955856104e-04 6.8751777723e-05 2.4782529558e+01 nan
2.2687845835e-04 8.6391791952e-05 1.0994358339e+01 nan
6.9517270451e-05 9.2713561199e-05 2.5079881121e+01 nan
-2.1766244401e-04 8.2800002185e-05 4.7014429033e+01 nan
-1.5782294974e-04 7.6186668854e-05 6.4217939033e+01 nan
-6.0314735865e-05 1.1105287082e-04 2.3340494028e+01 nan
2.0031017921e-04 6.8933719282e-05 1.2075448335e+01 nan
-2.9916445207e-04 8.9634600745e-06 2.3351125603e+02 nan
2.3835514415e-04 1.2545786580e-05 5.3769465550e+01 nan
-1.6528617138e-04 8.8863022726e-05 4.8075914007e+01 nan
3.3909430305e-04 6.8037258150e-05 1.9506242594e+01 nan
3.3115561811e-04 3.6295342404e-05 2.1192426449e+01 nan
2.5951844001e-04 1.2722334786e-04 1.4165929547e+01 nan
7.9909626588e-05 6.4225693061e-05 4.4841492572e+01 nan
-2.7574133582e-04 5.5764973888e-05 7.0217524567e+01 nan
2.5495705022e-04 3.3597353260e-05 3.9990587220e+01 nan
5.2110475784e-05 9.6560309473e-05 2.7634034491e+01 nan
1.9629102080e-04 6.7923545133e-05 1.3545945572e+01 nan
7.7409125527e-05 9.0317708763e-05 2.4754636943e+01 nan
1.5267582247e-04 7.0134416459e-05 2.4008720123e+01 nan
2.5096496846e-04 3.3246232152e-05 4.0862448324e+01 nan
-2.2130354410e-04 3.2221403185e-05 1.5050983108e+02 nan
1.0865916261e-05 8.2368241520e-05 5.3263175393e+01 nan
2.9522628177e-04 7.9221383493e-05 1.6099798770e+01 nan
3.2989285402e-06 8.9543736928e-05 4.6725664002e+01 nan
8.0985586530e-05 9.4079757611e-05 2.2536103884e+01 nan
2.6860226124e-04 5.9821779578e-05 1.4128354847e+01 nan
2.3038070542e-04 1.2021464397e-05 5.9333389460e+01 nan
7.9756905273e-06 8.2074863183e-05 5.4352121739e+01 nan
-5.3540374468e-05 1.0904050130e-04 2.4796246630e+01 nan
7.3417408955e-05 6.2996008279e-05 4.8158773821e+01 nan
4.3362769858e-05 1.0052141330e-04 2.8911262712e+01 nan
2.4358285243e-04 3.5422850779e-05 3.9747224864e+01 nan
-2.2487543170e-04 8.1990117061e-05 4.5976922040e+01 nan
-1.9998980070e-04 8.2140739191e-05 5.1836727024e+01 nan
1.9492965866e-04 6.1064029442e-05 2.0638971464e+01 nan
3.4614912679e-04 6.5380520079e-05 2.0191486874e+01 nan
1.4835612098e-04 6.6184758234e-05 2.6744272634e+01 nan
-1.5202987562e-04 7.5857334574e-05 6.4938832952e+01 nan
8.6716266916e-05 9.3468341120e-05 2.1914853603e+01 nan
6.9838728294e-06 8.0019874615e-05 5.6966374956e+01 nan
-9.0400497451e-05 9.3158135589e-05 4.3926162532e+01 nan
6.9474512204e-05 6.0071878816e-05 5.3013071620e+01 nan
-4.9519343859e-05 1.1116051709e-04 2.2218206350e+01 nan
-2.9989366116e-04 5.1886169885e-06 2.6622266304e+02 nan
2.9466548811e-04 7.5417282700e-05 1.6155364276e+01 nan
2.6786531073e-04 5.6135857643e-05 1.4083417423e+01 nan
2.8380877411e-04 2.0777884400e-05 3.8184155529e+01 nan
3.4826778385e-05 3.0569597995e-06 2.1903380094e+02 nan
2.3957535982e-04 3.5005918335e-05 3.9033755124e+01 nan
-1.6900338910e-04 3.4369204421e-05 1.4370850156e+02 nan
2.1906500522e-04 1.3811046657e-05 6.2287457923e+01 nan
6.3868344898e-05 6.1344991996e-05 5.3401737934e+01 nan
1.4149160237e-04 6.7474442750e-05 2.6902626868e+01 nan
-7.0405889241e-06 9.0670219147e-05 4.6187427218e+01 nan
2.6710432681e-04 5.2463506096e-05 1.4043528776e+01 nan
-2.3868219793e-04 7.1282433735e-05 5.7615743613e+01 nan
3.4942718905e-04 6.1997995546e-05 2.0854852237e+01 nan
-1.8301501514e-04 6.7968595790e-05 7.4506089105e+01 nan
1.9559206832e-04 6.4436485325e-05 1.6507946086e+01 nan
-1.5781447149e-04 9.0306884376e-05 4.6960494969e+01 nan
2.3892221271e-04 3.2068560921e-05 3.9448694120e+01 nan
6.0730831972e-05 6.0845041420e-05 5.5226933021e+01 nan
-2.2412262166e-04 3.0547616021e-05 1.5549729492e+02 nan
2.6631860081e-04 4.8804192440e-05 1.4019811037e+01 nan
1.4084049839e-04 6.4476652038e-05 2.9284471330e+01 nan
2.4631302096e-04 6.5999061866e-05 1.2323390356e+01 nan
-4.2701925776e-05 1.0923077759e-04 2.3852753477e+01 nan
2.1115407918e-04 1.3256152704e-05 6.8783645286e+01 nan
-1.2734391254e-05 9.0288933583e-05 4.6845941489e+01 nan
-1.9274939178e-04 3.4837759738e-05 1.4329155177e+02 nan
-1.5621656107e-04 8.6099161260e-05 5.1764496283e+01 nan
-3.4916972537e-04 1.9965531372e-05 8.1548842615e+01 nan
2.3154267647e-04 3.4114231709e-05 3.8749123555e+01 nan
-1.8466284001e-04 6.4130236773e-05 8.0662632112e+01 nan
-3.8769919770e-05 1.1140959756e-04 2.1152955219e+01 nan
2.3889060075e-04 6.7903506877e-05 1.1783856167e+01 nan
2.8657230709e-04 1.4945785191e-05 4.3791969592e+01 nan
1.3328068733e-04 6.2800934993e-05 3.2664718498e+01 nan
5.0642393502e-05 5.7328009213e-05 6.4747173065e+01 nan
-1.4031901703e-04 7.5285669789e-05 6.6129256380e+01 nan
2.9408709153e-04 7.1628294077e-05 1.6192725818e+01 nan
-1.8450676864e-05 8.9967132370e-05 4.7343921242e+01 nan
2.0326024678e-04 1.2725678555e-05 7.6112663262e+01 nan
3.0299046851e-04 5.4773017783e-05 1.7303597623e+01 nan
2.2753091480e-04 3.3647179537e-05 3.9062681166e+01 nan
-1.9117330254e-04 3.1368950800e-05 1.5255752038e+02 nan
-2.2652330876e-04 2.7104931567e-05 1.6644478261e+02 nan
2.3812998481e-04 6.4208263747e-05 1.1789256740e+01 nan
-1.0687020812e-05 7.8725834984e-05 6.1531662803e+01 nan
1.2640336621e-04 6.4018756790e-05 3.4030935810e+01 nan
3.7041346995e-04 1.6116311309e-05 2.9415336535e+01 nan
-1.7044693354e-04 3.1037273359e-05 1.5226811596e+02 nan
-1.3633026293e-04 6.7502942827e-05 7.7700394912e+01 nan
2.8597152745e-04 1.2008303830e-05 4.4634259969e+01 nan
-1.4779046013e-04 8.5539670474e-05 5.2770259210e+01 nan
2.9010667316e-04 7.0922943039e-05 1.5890572121e+01 nan
2.6964430525e-04 4.5883118882e-05 1.4313189656e+01 nan
2.2686410433e-04 3.0741102633e-05 4.0396048528e+01 nan
-2.4186634447e-05 8.9698796861e-05 4.7714183640e+01 nan
4.1474242594e-05 5.6266424286e-05 7.1195933149e+01 nan
3.2770122148e-04 6.6057682229e-05 1.9015767374e+01 nan
1.9537604600e-04 1.2223887454e-05 8.4391662199e+01 nan
-1.4496161142e-04 8.5369227588e-05 5.3060805147e+01 nan
-3.0749521545e-05 1.1170114367e-04 2.0436915842e+01 nan
1.2263067888e-04 6.3192755010e-05 3.5310714954e+01 nan
-1.4405957640e-04 8.3320915587e-05 5.5546307687e+01 nan
1.9143328176e-04 1.1985085828e-05 8.8906232033e+01 nan
2.7296795465e-04 4.2943981156e-05 1.4607742916e+01 nan
3.6988454174e-04 1.2071498797e-05 2.8079478646e+01 nan
1.2191286641e-04 6.0393487454e-05 3.7866257143e+01 nan
2.9896973767e-04 5.4167304683e-05 1.6918732507e+01 nan
2.8611058777e-04 7.0208006605e-05 1.5576316767e+01 nan
1.9082546522e-04 9.7342205970e-06 1.0148710535e+02 nan
3.3105408662e-04 6.2762082892e-05 1.9556686324e+01 nan
-1.7189019870e-04 2.7752651802e-05 1.6103280298e+02 nan
-2.5425553199e-05 1.1195036075e-04 2.0014437813e+01 nan
1.1521543935e-04 6.1612533009e-05 3.8293911182e+01 nan
1.8354488742e-04 1.1534426372e-05 9.8881389768e+01 nan
2.7178375466e-05 5.6847646234e-05 7.9503486195e+01 nan
-3.5706907936e-05 8.9302013138e-05 4.8180915852e+01 nan
3.3056772688e-04 5.8844236740e-05 1.9855113352e+01 nan
1.8292137833e-04 9.3659893839e-06 1.1334463952e+02 nan
2.4095897476e-05 5.6595191341e-05 8.1887951562e+01 nan
-2.0123100926e-05 1.1224803845e-04 1.9640561351e+01 nan
-1.9803271424e-04 6.1179959755e-05 8.4396023487e+01 nan
2.2991666285e-04 6.2346666901e-05 1.1418972649e+01 nan
-4.1485328803e-05 8.9165607823e-05 4.8319508113e+01 nan
2.9625991456e-05 1.4837613831e-06 2.2337523356e+02 nan
2.2826380598e-04 5.5011365788e-05 1.2519530061e+01 nan
-2.8602016958e-05 7.7955041087e-05 6.3531333853e+01 nan
1.7870159596e-05 5.6133940081e-05 8.6143825937e+01 nan
1.0795886044e-04 6.0126607120e-05 4.1387390293e+01 nan
2.9829440055e-04 5.0449996522e-05 1.6896970092e+01 nan
1.7501331185e-04 9.0331018145e-06 1.2673016927e+02 nan
-4.2806303577e-05 8.7190328095e-05 5.0911073377e+01 nan
1.4730136474e-05 5.5924103310e-05 8.8024046659e+01 nan
2.2416641955e-04 5.4133056120e-05 1.5488968001e+01 nan
-2.1447256726e-04 7.7799183916e-05 5.4644531427e+01 nan
1.0724984989e-04 5.7490739340e-05 4.4157910998e+01 nan
1.3652142892e-05 5.4019486351e-05 9.1940796365e+01 nan
1.7845739591e-04 1.1913119101e-04 8.6692841129e+00 nan
1.8585060623e-04 1.1797865999e-04 9.2784569807e+00 nan
-1.4844257186e-05 1.1259867344e-04 1.9314558870e+01 nan
2.2910176756e-04 5.8672253803e-05 1.1409655513e+01 nan
2.9424024498e-04 4.9845476255e-05 1.6506983268e+01 nan
-1.0580476592e-05 1.1081674283e-04 2.1658234080e+01 nan
1.7455687367e-04 1.1775128587e-04 8.1590067200e+00 nan
3.3774697319e-04 5.6079209181e-05 2.0777820139e+01 nan
9.2625549342e-05 9.2857208839e-05 2.1319413573e+01 nan
1.6314151024e-04 8.6111569674e-06 1.4969175382e+02 nan
-5.3069522450e-05 8.8996684026e-05 4.8486078705e+01 nan
4.0537807635e-06 5.3507736595e-05 9.6453078473e+01 nan
1.7410536253e-04 1.1393206672e-04 7.8707827102e+00 nan
2.1887650141e-04 2.9821355727e-05 4.2144848443e+01 nan
2.9352224355e-04 4.6158585230e-05 1.6469600246e+01 nan
-2.6806637853e-06 1.1152326980e-04 2.1201813725e+01 nan
1.5522804519e-04 8.3885200496e-06 1.6598447243e+02 nan
-4.2270757028e-05 7.9522272949e-05 6.1390559226e+01 nan
2.1158916079e-04 3.1720859025e-05 4.2099914012e+01 nan
-5.6546663700e-06 5.3097379336e-05 9.9803325925e+01 nan
3.3727256970e-04 5.2140499735e-05 2.1112872142e+01 nan
-6.0312968566e-05 8.7008499199e-05 5.1059695250e+01 nan
-3.3010804695e-04 4.2581740722e-06 2.3176387246e+02 nan
-4.5264738650e-05 7.9473755883e-05 6.1438176463e+01 nan
1.4800910717e-04 1.0040149006e-05 1.6055894736e+02 nan
2.1093443680e-04 2.8895497003e-05 4.4454023855e+01 nan
-1.0878728272e-05 5.4690905396e-05 9.8009273454e+01 nan
9.0452509748e-05 5.6834549238e-05 4.9853074495e+01 nan
-1.3081047018e-04 9.0609494514e-05 4.7356611072e+01 nan
2.5496696445e-06 1.1208283756e-04 2.0837172740e+01 nan
-2.2161173169e-04 7.4603236063e-05 5.7523023764e+01 nan
-1.5446968640e-05 5.2776478019e-05 1.0219068704e+02 nan
8.7049859695e-05 5.6248053369e-05 5.1685838176e+01 nan
2.0368159467e-04 3.0750711324e-05 4.4447752175e+01 nan
1.4015607000e-04 9.8508051291e-06 1.7543835447e+02 nan
5.9940842501e-06 1.1463770875e-04 1.8151226875e+01 nan
2.2213730101e-04 4.4447673956e-05 3.6457256881e+01 nan
-3.3889418263e-04 2.2322439015e-06 2.3458489607e+02 nan
-7.0475173386e-05 8.8968226856e-05 4.8577955080e+01 nan
1.3624432198e-04 9.7728556508e-06 1.8218192605e+02 nan
1.9974142127e-04 3.0268916370e-05 4.5883173613e+01 nan
-7.3528259603e-05 8.5105611839e-05 5.3539924901e+01 nan
-2.5301515305e-05 5.2533263119e-05 1.0380815129e+02 nan
2.1752616613e-04 4.0948015817e-05 3.6857010677e+01 nan
2.2343218795e-04 5.0712136420e-05 2.1448016839e+01 nan
1.9909249899e-04 2.7522236369e-05 4.9035246480e+01 nan
-3.5200415884e-05 5.2356771823e-05 1.0482858374e+02 nan
1.2774062487e-04 7.9482413744e-06 2.1408266570e+02 nan
-6.0255136495e-05 7.9344789589e-05 6.1457873552e+01 nan
-3.3759279458e-04 4.6867036461e-06 1.9677497710e+02 nan
2.0628994950e-04 4.2241836768e-05 3.6725511559e+01 nan
7.6276818856e-05 5.2323550188e-05 6.1217309538e+01 nan
-6.3254805300e-05 7.9339360224e-05 6.1430145181e+01 nan
2.0564233316e-04 3.9316464303e-05 3.8180230758e+01 nan
1.2072274857e-04 9.5633478828e-06 2.0409251274e+02 nan
-3.4662907734e-04 2.5174011262e-06 1.9329050449e+02 nan
1.9841860718e-04 4.1101298449e-05 3.7896274430e+01 nan
1.6675063516e-04 1.1489090544e-04 7.4430933289e+00 nan
1.9776796269e-04 3.8213445635e-05 3.9714291243e+01 nan
1.8031486656e-05 1.1427933253e-04 1.8938236197e+01 nan
7.0464731299e-05 5.3674961813e-05 6.1632165052e+01 nan
2.6855325858e-04 8.1396645899e-05 1.4183365426e+01 nan
1.8992642022e-04 3.7113544933e-05 4.1880720390e+01 nan
1.1303742642e-04 9.5080013905e-06 2.1222159347e+02 nan
2.3380705869e-04 1.0623831546e-04 1.2387737414e+01 nan
1.8277319067e-04 3.8819229493e-05 4.1809088985e+01 nan
6.7224581407e-05 5.3229842334e-05 6.3788017789e+01 nan
1.5942642726e-04 1.1572506046e-04 7.1708350302e+00 nan
-3.5482770898e-04 9.4066277990e-06 1.1725909919e+02 nan
1.7887746313e-04 3.8257228704e-05 4.3154767040e+01 nan
1.7821111468e-04 3.5492405600e-05 4.6090653665e+01 nan
-7.0810296706e-05 7.7461493165e-05 6.3996815201e+01 nan
-1.3736606049e-04 7.5160064068e-05 6.6381015848e+01 nan
1.5898335899e-04 1.1193327621e-04 7.4055615807e+00 nan
-3.5122284141e-04 1.6346313424e-05 8.0664986923e+01 nan
1.6652205571e-04 3.3934772682e-05 5.1454185231e+01 nan
-3.4509084113e-04 5.2626058392e-06 1.6213282871e+02 nan
1.0540409525e-04 9.4795933246e-06 2.1968246972e+02 nan
1.5942445272e-04 3.5551607487e-05 5.1883426789e+01 nan
2.5633540586e-05 1.1571489063e-04 1.7849015412e+01 nan
1.5163495440e-04 3.4538388718e-05 5.6392219099e+01 nan
1.5092227121e-04 3.1992249074e-05 6.0746459941e+01 nan
6.0813185884e-05 5.2409000307e-05 6.8277281511e+01 nan
-1.1376708056e-04 8.9868873263e-05 4.8111122161e+01 nan
1.3918691437e-04 3.0675967197e-05 6.9566420805e+01 nan
9.7820939384e-05 9.4677465341e-06 2.1829107649e+02 nan
-1.3143668869e-04 7.4924985484e-05 6.6841928849e+01 nan
1.3673498202e-05 1.1572316802e-04 1.7355926781e+01 nan
1.3141402705e-04 2.9876149714e-05 7.5647426329e+01 nan
-8.1238870874e-05 7.9432545015e-05 6.1124347403e+01 nan
1.2447841643e-04 3.1445452187e-05 7.6121651373e+01 nan
2.5093736442e-04 9.2140413612e-05 1.3050087724e+01 nan
1.1623611721e-04 2.8494867564e-05 9.0446335524e+01 nan
1.5179899146e-04 1.1270339357e-04 7.3206758173e+00 nan
1.1694279191e-04 3.0718369217e-05 8.2995011515e+01 nan
1.9123442318e-04 2.6629760524e-05 5.2720063064e+01 nan
-4.5127204902e-05 5.2238578195e-05 1.0539683333e+02 nan
1.0882187395e-04 2.7918989287e-05 9.9074746604e+01 nan
5.1953262094e-05 1.1876552239e-04 1.5778114062e+01 nan
1.0952612140e-04 3.0068266907e-05 9.0668980267e+01 nan
5.6853740766e-05 4.9910351109e-05 7.5267072009e+01 nan
-8.4230783237e-05 7.9467365305e-05 6.1054996773e+01 nan
1.0151651615e-04 2.7417519160e-05 1.0829772901e+02 nan
9.0254019117e-05 9.4467122474e-06 2.1142679311e+02 nan
9.0755213402e-05 2.6805519199e-05 1.2248868697e+02 nan
1.8404555267e-04 2.8391190938e-05 5.2843149040e+01 nan
8.4434373094e-05 2.8394815179e-05 1.2149355104e+02 nan
8.0951016825e-05 2.8226089124e-05 1.2586437740e+02 nan
-3.4197277684e-05 2.4218391729e-05 1.6555805796e+02 nan
7.4052354368e-05 2.7935451126e-05 1.3405398248e+02 nan
7.0636783371e-05 2.7811532487e-05 1.3780467706e+02 nan
-1.0517306118e-04 8.9583060358e-05 4.8326965595e+01 nan
6.3851646804e-05 2.7597166968e-05 1.4227870445e+02 nan
6.0445951528e-05 2.7495970735e-05 1.4244871761e+02 nan
5.3577184599e-05 2.7296720754e-05 1.4370521225e+02 nan
-6.9434487711e-06 2.6042091638e-05 1.5878218152e+02 nan
6.1279411194e-06 2.4604906774e-05 1.6053060742e+02 nan
5.0118054577e-05 2.7199656807e-05 1.4448980550e+02 nan
3.4958576695e-05 2.5131095353e-05 1.5344856276e+02 nan
1.3389547297e-05 2.4716690316e-05 1.5896209518e+02 nan
2.4219876679e-05 2.4910137252e-05 1.5629784184e+02 nan
3.1617183677e-07 2.6137355080e-05 1.5751174693e+02 nan
4.3151200639e-05 2.7011334576e-05 1.4629760157e+02 nan
7.5499727636e-06 2.6247223261e-05 1.5601395546e+02 nan
3.6125048491e-05 2.6832591674e-05 1.4830494715e+02 nan
1.4754573476e-05 2.6372867176e-05 1.5429787377e+02 nan
1.8339634253e-05 2.6439424382e-05 1.5337365903e+02 nan
2.9044419889e-05 2.6664942493e-05 1.5037861600e+02 nan
2.5487916492e-05 2.6586587753e-05 1.5140209397e+02 nan
-2.5843090310e-04 5.9857278492e-05 7.0622645422e+01 nan
2.4122209606e-04 1.0442788713e-04 1.2811153922e+01 nan
-1.2466029216e-04 7.8526879919e-05 6.2037584375e+01 nan
-9.9421038912e-05 8.9422219738e-05 4.8426134319e+01 nan
8.1628023558e-05 7.8227161640e-06 2.1179573553e+02 nan
1.7621982672e-04 2.7494661607e-05 5.7097964218e+01 nan
2.4465780350e-04 1.0160645528e-04 1.2923832801e+01 nan
3.1188842078e-05 1.1916734962e-04 1.5742579061e+01 nan
1.5137644424e-04 1.0898756956e-04 7.8317176864e+00 nan
7.5087462148e-05 9.3775414245e-06 2.0420977291e+02 nan
-9.4896517896e-05 7.7731921916e-05 6.3373680332e+01 nan
-1.1874812009e-04 7.8325451890e-05 6.2374839337e+01 nan
1.7230893969e-04 2.7059357395e-05 5.9459239515e+01 nan
1.4763498749e-04 1.0753028834e-04 8.1849408375e+00 nan
2.1668533862e-05 1.4776850948e-06 2.2316626219e+02 nan
4.2050851593e-05 5.0466306784e-05 8.3197933410e+01 nan
6.7477139820e-05 9.3358093130e-06 2.0234562808e+02 nan
1.7164382743e-04 2.4528548802e-05 6.4485331023e+01 nan
3.8974415787e-05 5.0213395581e-05 8.5934319413e+01 nan
2.4410427630e-04 9.7827551303e-05 1.2735692354e+01 nan
1.4067971531e-04 1.0824168440e-04 8.3394553511e+00 nan
-2.1958740708e-04 5.7167657653e-05 8.8633626377e+01 nan
-1.1281283255e-04 7.8146071631e-05 6.2671197678e+01 nan
5.9846414710e-05 9.2918083378e-06 2.0124868353e+02 nan
2.4353196236e-04 9.4055920137e-05 1.2552937753e+01 nan
-2.3135243339e-04 7.1972803909e-05 5.8859776693e+01 nan
3.2746430480e-05 4.9740656026e-05 9.0583004906e+01 nan
1.3384707413e-04 1.0887765094e-04 8.5451376403e+00 nan
5.2197110889e-05 9.2482259734e-06 2.0072508426e+02 nan
2.8728049436e-05 1.1859177496e-04 1.5840072117e+01 nan
1.3349688232e-04 1.0536991280e-04 9.4195519789e+00 nan
4.8364189221e-05 9.2255911600e-06 2.0063409427e+02 nan
-1.0508670409e-04 7.9856137255e-05 6.0424693637e+01 nan
-9.9146462267e-05 7.9720672690e-05 6.0631642840e+01 nan
3.9264760425e-05 7.6302238233e-06 2.0544096683e+02 nan
2.0022768171e-05 4.8927450776e-05 9.8981968332e+01 nan
3.2982340926e-05 9.1372726728e-06 2.0102388882e+02 nan
1.6380724244e-04 2.3754668086e-05 7.0337747079e+01 nan
1.6794170416e-05 4.8750689392e-05 1.0077687571e+02 nan
2.5266840170e-05 9.0969320440e-06 2.0148532495e+02 nan
-8.5277042983e-05 8.5232749091e-05 5.3409699511e+01 nan
1.5596095943e-04 2.3028697574e-05 7.7024415056e+01 nan
-8.0761390329e-05 8.7113637871e-05 5.0995634203e+01 nan
1.0291122139e-05 4.8430308131e-05 1.0397764390e+02 nan
1.7536664507e-05 9.0593342923e-06 2.0201597380e+02 nan
1.4880397711e-04 2.4680831559e-05 7.7372768367e+01 nan
7.0176208523e-06 4.8284578352e-05 1.0539117759e+02 nan
1.4487761801e-04 2.4332042846e-05 8.1203594446e+01 nan
9.7972114428e-06 9.0265954188e-06 2.0255166542e+02 nan
2.9278140410e-04 4.2486723258e-05 1.6430649052e+01 nan
4.3505079823e-07 4.8023328083e-05 1.0785704054e+02 nan
-8.2031537903e-07 4.6229933056e-05 1.1174307541e+02 nan
3.4442133482e-04 4.9260511955e-05 2.2209092639e+01 nan
-5.7192118230e-06 8.9685057434e-06 2.0351245102e+02 nan
-3.5100536252e-04 8.9988048085e-06 1.3914395797e+02 nan
3.0021524295e-04 3.9958239957e-05 1.7181577093e+01 nan
-7.5003323433e-06 4.6023205809e-05 1.1365475679e+02 nan
-1.3490156912e-05 8.9446767206e-06 2.0389601446e+02 nan
-1.7377218718e-05 8.9338567622e-06 2.0406170119e+02 nan
3.0355514592e-04 3.6825361964e-05 1.7548510145e+01 nan
3.4395713840e-04 4.5295234220e-05 2.2573354433e+01 nan
-1.4213840071e-05 4.5848154189e-05 1.1518848298e+02 nan
-2.5155370593e-05 8.9153576711e-06 2.0434102531e+02 nan
3.0278960141e-04 3.3169882878e-05 1.7494641683e+01 nan
-2.9045608347e-05 8.9069150088e-06 2.0445877137e+02 nan
1.3703900089e-04 2.3685131211e-05 8.9748527960e+01 nan
1.3634560630e-04 2.1478822591e-05 9.9186825270e+01 nan
1.2930777528e-04 2.3111124373e-05 9.9124572924e+01 nan
-2.4333913314e-05 4.5639071248e-05 1.1688106169e+02 nan
3.4728970137e-04 4.1814527025e-05 2.3381056886e+01 nan
-4.4613741022e-05 8.8810039876e-06 2.0481318708e+02 nan
-1.1251585550e-04 5.4213989002e-05 1.0090253618e+02 nan
1.3708765169e-05 1.4719794847e-06 2.2308226552e+02 nan
-9.1546141074e-05 3.6993017627e-05 1.3635754192e+02 nan
-3.1105210820e-05 4.5531476486e-05 1.1767006637e+02 nan
1.2100420695e-04 2.0557384996e-05 1.2107265390e+02 nan
-5.2399377340e-05 8.8718044383e-06 2.0494867607e+02 nan
-3.7891912602e-05 4.5446650301e-05 1.1823665134e+02 nan
-6.0185092355e-05 8.8647344451e-06 2.0507811646e+02 nan
3.4680349810e-04 3.7871781080e-05 2.3652428606e+01 nan
3.0486844993e-04 6.2286392631e-06 4.0517851593e+01 nan
-8.1020052693e-05 3.6963523021e-05 1.3649630092e+02 nan
-6.7975259920e-05 8.8576522336e-06 2.0522257568e+02 nan
-4.4689507679e-05 4.5382227980e-05 1.1861930130e+02 nan
3.1022091522e-04 3.0490621803e-05 1.8301702415e+01 nan
-7.0485687504e-05 3.6956143594e-05 1.3656888089e+02 nan
1.0975296144e-04 2.0050550548e-05 1.3807153534e+02 nan
-6.3456074542e-05 3.6961400132e-05 1.3656192833e+02 nan
-8.3542018614e-05 8.8519209746e-06 2.0559221925e+02 nan
-5.6568021861e-05 4.3625767451e-05 1.2237447268e+02 nan
3.5013217519e-04 3.4335772511e-05 2.4476196298e+01 nan
-9.1322080762e-05 8.8511723379e-06 2.0584929933e+02 nan
1.0236490096e-04 1.9788858262e-05 1.4854444213e+02 nan
-5.6418689525e-05 3.6975464187e-05 1.3648880923e+02 nan
-3.5308505052e-04 1.2791752723e-05 8.3366558593e+01 nan
-9.9099501694e-05 8.8516105800e-06 2.0617098824e+02 nan
-6.6848631192e-05 4.3604167016e-05 1.2241795760e+02 nan
3.4961119028e-04 3.0422409676e-05 2.4576151418e+01 nan
-1.0687389289e-04 8.8531313953e-06 2.0656821786e+02 nan
9.5060857820e-05 1.9578586820e-05 1.5772060848e+02 nan
-8.2119122674e-05 4.5311898356e-05 1.1875991954e+02 nan
-1.2241146905e-04 8.8603440760e-06 2.0762531450e+02 nan
-8.5517864095e-05 4.5323806248e-05 1.1868542177e+02 nan
-1.2629582304e-04 8.8612584726e-06 2.0795579061e+02 nan
3.5292512639e-04 2.6829378527e-05 2.5306212509e+01 nan
8.7837910474e-05 1.9412557494e-05 1.6540659395e+02 nan
-9.2304545564e-05 4.5357675455e-05 1.1851328283e+02 nan
-1.3405481364e-04 8.8661252048e-06 2.0869162291e+02 nan
-9.5696484546e-05 4.5376611377e-05 1.1842366817e+02 nan
-1.4181068424e-04 8.8720006772e-06 2.0954313030e+02 nan
8.0695571428e-05 1.9285152459e-05 1.7173707713e+02 nan
-1.0300953193e-04 4.2043963096e-05 1.2527771345e+02 nan
3.0943413941e-04 2.6847460276e-05 1.8245435243e+01 nan
3.0861968151e-04 2.3224729184e-05 1.8185534131e+01 nan
7.4432273861e-05 2.0892405084e-05 1.6561611306e+02 nan
-1.0985246389e-04 4.2095987878e-05 1.2510778187e+02 nan
-1.6116699313e-04 8.8941494018e-06 2.1221942402e+02 nan
3.1192249061e-04 2.0033056904e-05 1.8608157448e+01 nan
-1.1668156369e-04 4.2156085993e-05 1.2493725012e+02 nan
6.7363248178e-05 2.0765532261e-05 1.6456255599e+02 nan
3.1108265305e-04 1.6430502710e-05 1.8468048403e+01 nan
-1.2349150642e-04 4.2225123195e-05 1.2476546752e+02 nan
3.0693125499e-04 1.6030861276e-05 1.8290963674e+01 nan
6.0238719830e-05 2.0637019971e-05 1.6446584668e+02 nan
1.8926316009e-05 4.1732032041e-05 1.1508795812e+02 nan
-3.5267284886e-04 5.9587756947e-06 1.3677386427e+02 nan
-1.3027771410e-04 4.2303898208e-05 1.2459006863e+02 nan
-9.4411617132e-05 6.8373641329e-05 7.7162452669e+01 nan
3.8057310273e-05 1.1870163911e-04 1.6347216684e+01 nan
2.5559714047e-05 4.2026007522e-05 1.1178592246e+02 nan
3.0276407860e-04 1.5649617074e-05 2.2944323644e+01 nan
3.2117268114e-05 4.2354850213e-05 1.0816213295e+02 nan
-8.8200940931e-05 6.8297204585e-05 7.7398132654e+01 nan
3.5371305565e-05 4.2528527419e-05 1.0626737562e+02 nan
5.3062631824e-05 2.0509090778e-05 1.6497435599e+02 nan
3.5234598573e-04 2.2951548566e-05 2.5113728243e+01 nan
-8.7876149673e-05 8.9171358381e-05 4.8541474062e+01 nan
4.1809206727e-05 4.2901728975e-05 1.0237418104e+02 nan
4.5838836273e-05 2.0383776110e-05 1.6592149327e+02 nan
4.4995649727e-05 4.3097589083e-05 1.0065538159e+02 nan
3.0200749433e-04 1.2383350714e-05 3.5310389552e+01 nan
-7.0248816471e-05 9.6855602507e-05 3.9094510117e+01 nan
-6.4595217297e-05 9.6834865054e-05 3.8942396531e+01 nan
3.1325558675e-06 3.0203027826e-06 2.1904097607e+02 nan
-7.4114353446e-05 7.0022284885e-05 7.4981089812e+01 nan
-5.8943011662e-05 9.6843424945e-05 3.8783284835e+01 nan
4.2083197610e-05 1.1539474666e-04 1.8648290982e+01 nan
-5.3294569158e-05 9.6881888316e-05 3.8619889214e+01 nan
5.6954164566e-05 4.2008710711e-05 9.5084196297e+01 nan
-4.2017971219e-05 9.7056666652e-05 3.8277929355e+01 nan
-3.6394281306e-05 9.7198076363e-05 3.8092659959e+01 nan
3.8570971505e-05 2.0263123525e-05 1.6716001782e+02 nan
1.8812830899e-04 1.4459228289e-04 1.3767703146e+01 nan
-3.0785369968e-05 9.7380794948e-05 3.7887305692e+01 nan
3.5170873885e-04 1.9118289252e-05 2.4733855740e+01 nan
-2.5189355307e-05 9.7606316638e-05 3.7653603644e+01 nan
6.4177298343e-05 4.4596424701e-05 8.2699150661e+01 nan
-2.1279338345e-05 9.9812978504e-05 3.4945840589e+01 nan
-1.4048768298e-05 9.8206068373e-05 3.7032816359e+01 nan
2.4839442027e-05 1.0480764492e-04 2.8537613230e+01 nan
-1.0247977962e-05 1.0049777443e-04 3.4266715256e+01 nan
3.0131868515e-04 9.3312533468e-06 4.0449086779e+01 nan
-4.7673245711e-06 1.0093271345e-04 3.3800030115e+01 nan
2.2200927536e-05 1.0432741048e-04 2.9200939541e+01 nan
6.8762838692e-07 1.0143792500e-04 3.3209377539e+01 nan
1.6871603329e-05 1.0345674909e-04 3.0444976143e+01 nan
1.3374088807e-05 1.0086767649e-04 3.3399123994e+01 nan
7.9493272166e-06 1.0017245486e-04 3.4469655216e+01 nan
1.8436543809e-04 1.4709769547e-04 1.4085978695e+01 nan
6.6710326102e-05 4.2814459589e-05 8.5485619858e+01 nan
-6.6376385044e-05 6.8166712159e-05 7.8019025150e+01 nan
3.1263097735e-05 2.0148878435e-05 1.6855885913e+02 nan
1.8030106318e-04 1.4200011318e-04 1.2833133945e+01 nan
7.0732477773e-05 4.5256986172e-05 7.7013894784e+01 nan
1.7174825133e-04 1.2781029491e-04 9.2006093273e+00 nan
7.4048612306e-05 4.5616973237e-05 7.4308147495e+01 nan
1.7653072215e-04 1.4444976640e-04 1.3122968571e+01 nan
1.6816181043e-04 1.3018661881e-04 9.2563461538e+00 nan
4.9508420486e-05 1.1784426098e-04 1.6540468840e+01 nan
8.0750395930e-05 4.6404506249e-05 6.9145908929e+01 nan
3.5495303170e-04 1.5475675435e-05 2.4894685703e+01 nan
8.4144300998e-05 4.6828741865e-05 6.6695317304e+01 nan
8.6861727242e-05 4.4979305434e-05 6.8694366039e+01 nan
-5.7005302980e-05 6.8187308309e-05 7.8129964064e+01 nan
2.3920226663e-05 2.0044136823e-05 1.7000246201e+02 nan
2.0232900212e-05 1.9992620055e-05 1.7072204097e+02 nan
-4.9300764772e-05 7.0078955653e-05 7.5253478201e+01 nan
9.7297094362e-05 4.6351038517e-05 6.1511879705e+01 nan
1.2844018608e-05 1.9899657686e-05 1.7208875325e+02 nan
3.5422465997e-04 1.1710946350e-05 2.4040134851e+01 nan
1.0154570207e-04 4.9280324293e-05 5.5552875928e+01 nan
-2.2162691249e-06 1.4618735883e-06 2.2312773878e+02 nan
1.4984627971e-04 1.4149737804e-04 1.0308926735e+01 nan
1.0872644930e-04 5.0414392030e-05 5.1571679077e+01 nan
5.0784647304e-05 1.1156976765e-04 2.1676127684e+01 nan
1.2465478846e-04 1.2561080034e-04 5.4211587586e+00 nan
1.4609152269e-04 1.3980292857e-04 9.6699537480e+00 nan
1.3489650911e-04 1.2338558478e-04 5.9393666171e+00 nan
3.7952673894e-05 1.0768099529e-04 2.5034769689e+01 nan
1.1167179670e-04 4.8470932736e-05 5.3004056804e+01 nan
1.4233243881e-04 1.3431581372e-04 8.0141228405e+00 nan
6.0754829137e-05 1.1566616491e-04 2.0019916885e+01 nan
1.3149846056e-04 1.2538907891e-04 5.6897227552e+00 nan
1.3871216036e-04 1.3259502694e-04 7.2352967778e+00 nan
1.2128485799e-04 1.2388123600e-04 5.6479316373e+00 nan
1.1975397575e-04 5.2279184125e-05 4.6053956935e+01 nan
-3.8285797299e-05 6.8396994491e-05 7.7817526747e+01 nan
2.6397792306e-04 1.0238615151e-04 1.4110186375e+01 nan
1.0496916208e-04 1.1890019963e-04 1.1261595134e+01 nan
1.2279734207e-04 5.0287428426e-05 4.7301334856e+01 nan
1.0181865168e-04 1.2050931713e-04 1.1751787453e+01 nan
8.6551243813e-05 1.1848124812e-04 1.3570767704e+01 nan
9.5527227521e-05 1.2033040190e-04 1.2166681137e+01 nan
9.2311688631e-05 1.1552645596e-04 1.3907591350e+01 nan
1.1148973144e-04 1.2576162990e-04 5.4402500418e+00 nan
1.2730305610e-04 5.3622781627e-05 4.2702722480e+01 nan
8.0637409001e-05 1.1255081707e-04 1.6181707525e+01 nan
1.0829464814e-04 1.2402222898e-04 6.3312214818e+00 nan
1.3497099345e-04 5.5046621234e-05 3.8911348155e+01 nan
-2.8957123397e-05 6.8604483057e-05 7.7228826318e+01 nan
1.3811148390e-04 5.2974423353e-05 3.9792478062e+01 nan
-2.4577136856e-05 7.0582640257e-05 7.4025936126e+01 nan
-5.7393832048e-06 1.9711019239e-05 1.7489796055e+02 nan
1.4260808643e-04 5.6531125900e-05 3.5255505271e+01 nan
-2.1499059677e-05 7.0684760458e-05 7.3680402431e+01 nan
1.4642215180e-04 5.7285829154e-05 3.3687496080e+01 nan
-1.5370069670e-05 7.0927773388e-05 7.2793986787e+01 nan
1.5720672130e-04 5.6626946126e-05 3.2212950214e+01 nan
1.6159275164e-04 6.0373862312e-05 2.9368507376e+01 nan
1.6537806630e-04 6.1146464235e-05 2.8772379207e+01 nan
1.7241107408e-04 5.9614516029e-05 2.9730866529e+01 nan
1.7565722528e-04 5.7319698197e-05 3.0806150509e+01 nan
1.8003053847e-04 6.1101968094e-05 2.7402224511e+01 nan
-6.2208591114e-06 7.1382495153e-05 7.0894541894e+01 nan
1.8774645959e-04 6.2695023028e-05 2.1665656804e+01 nan
-1.3200613524e-05 1.9654322025e-05 1.7572730942e+02 nan
-1.6942040401e-05 1.9626806119e-05 1.7608731261e+02 nan
-3.1830964566e-06 7.1559850854e-05 7.0079087794e+01 nan
-2.4423801847e-05 1.9581584327e-05 1.7668230868e+02 nan
2.8526473188e-06 7.1966261973e-05 6.8113681620e+01 nan
3.4730147638e-05 1.0474184571e-04 2.7663074978e+01 nan
7.8301266869e-06 7.0438229688e-05 6.8620541722e+01 nan
-3.1914686955e-05 1.9546723324e-05 1.7713224981e+02 nan
-3.5667940523e-05 1.9529273997e-05 1.7731879344e+02 nan
1.6799345922e-05 7.1242423017e-05 6.3783048375e+01 nan
2.8465471323e-04 1.1439366443e-04 1.4631569283e+01 nan
-4.3167842727e-05 1.9503015457e-05 1.7760531458e+02 nan
-1.0180846808e-05 1.4575159155e-06 2.2320403903e+02 nan
2.5624429131e-05 7.2232773584e-05 5.7233397779e+01 nan
2.9382004239e-05 7.4734384427e-05 5.1594562841e+01 nan
3.2244723767e-05 7.5157629951e-05 4.8524074068e+01 nan
3.7931055370e-05 7.6089549418e-05 4.5226304498e+01 nan
-5.6307197533e-05 1.7934011210e-05 1.8179676347e+02 nan
5.5278740619e-05 7.9530000674e-05 3.6797343970e+01 nan
4.9443876885e-05 7.8266347909e-05 3.9534023242e+01 nan
6.3500141650e-05 7.9189990298e-05 3.4983074352e+01 nan
7.5074492531e-05 7.9753426720e-05 3.1891564702e+01 nan
6.7146626858e-05 8.2440475755e-05 3.1576600920e+01 nan
8.8324322983e-05 8.6089202156e-05 2.5146729991e+01 nan
8.1368097805e-05 8.1464782058e-05 2.9352174994e+01 nan
7.8797704239e-05 8.3232128269e-05 2.8621272588e+01 nan
8.5131052837e-05 8.5098293366e-05 2.6270511748e+01 nan
-1.3365832280e-04 4.2347819462e-05 1.2449839981e+02 nan
-7.6945124308e-05 1.9454792785e-05 1.7817111403e+02 nan
-8.4446372183e-05 1.9455975126e-05 1.7825695858e+02 nan
-9.1943009998e-05 1.9460607880e-05 1.7836432133e+02 nan
-9.9434233420e-05 1.9468306523e-05 1.7850640343e+02 nan
1.0847780308e-04 9.2810570712e-05 1.9383986718e+01 nan
1.0450532815e-04 8.8567407326e-05 2.1516519816e+01 nan
-1.3803769193e-04 3.9009976268e-05 1.3191781696e+02 nan
-1.0908425987e-04 1.7939133160e-05 1.8274970198e+02 nan
9.8714447111e-05 9.2240364805e-05 2.0741821426e+01 nan
9.5397345743e-05 9.1086266631e-05 2.1637203147e+01 nan
1.2684936843e-04 1.0600099165e-04 9.8275547773e+00 nan
1.1342163099e-04 1.0370667888e-04 1.4663350061e+01 nan
1.2030319471e-04 1.0656311766e-04 1.0543121298e+01 nan
1.1652442386e-04 1.0184084894e-04 1.4120826214e+01 nan
-9.8354664717e-05 7.4021237262e-05 6.8600232402e+01 nan
-1.3676942514e-04 1.9548731110e-05 1.8006550115e+02 nan
-1.4420428155e-04 1.9573211600e-05 1.8059136466e+02 nan
-9.8828362186e-05 7.0296387559e-05 7.4123805376e+01 nan
-2.2161037398e-05 1.4595832598e-06 2.2332768144e+02 nan
-1.5162085632e-04 1.9603711691e-05 1.8118826534e+02 nan
-1.5533127718e-04 1.9616502236e-05 1.8152750025e+02 nan
-3.2584290068e-04 4.2447431559e-05 6.3599356731e+01 nan
-3.2595770452e-04 3.7288849902e-05 6.9562742938e+01 nan
-1.6898802458e-04 1.3454188095e-05 2.0056586962e+02 nan
-1.7276175073e-04 1.3469717817e-05 2.0115125578e+02 nan
-2.4609663817e-05 2.9938513336e-06 2.1952176221e+02 nan
-1.8293594829e-04 1.1964638046e-05 2.0743226476e+02 nan
-1.8632344358e-04 1.6633056147e-05 1.9432996456e+02 nan
-1.9376799100e-04 1.6676663084e-05 1.9557855068e+02 nan
-1.6615970491e-04 5.9062764111e-06 2.2153313032e+02 nan
-2.0669296339e-04 1.3604075759e-05 2.0788648879e+02 nan
-2.1041066778e-04 1.3633312457e-05 2.0872366714e+02 nan
-3.0960846938e-04 4.2598377940e-05 6.9698210946e+01 nan
-2.2601862362e-04 1.5357663508e-05 2.0679623020e+02 nan
-3.0884455579e-04 3.8469195851e-05 7.4402567909e+01 nan
-3.0790984391e-04 3.4442179833e-05 8.2869310532e+01 nan
-2.5033083523e-04 1.2447681998e-05 2.2313121717e+02 nan
-3.2539332643e-05 2.9884215212e-06 2.1964777569e+02 nan
-2.5752163882e-04 1.2596708645e-05 2.2328971957e+02 nan
-2.7805297344e-04 6.3635552328e-06 2.5799687181e+02 nan
-3.1462045000e-04 2.7339769118e-05 1.0005034619e+02 nan
1.9314610546e-04 5.1693666978e-05 3.3508884967e+01 nan
-2.3913813444e-05 1.2728631723e-04 1.3174420796e+00 1.7198142492e+01
1.9251878425e-04 4.8709985587e-05 3.4454673307e+01 nan
1.8538785471e-04 5.0396415815e-05 3.3865989363e+01 nan
-2.8860935633e-04 4.2721338773e-05 8.4061701616e+01 nan
-4.2077306519e-05 1.4525297556e-06 2.2362037324e+02 nan
1.7765936671e-04 4.9093815507e-05 3.4966023005e+01 nan
1.7379035217e-04 4.8427438723e-05 3.5816546070e+01 nan
-2.8944696291e-05 1.2698965854e-04 2.8487586789e+00 1.7404137107e+01
1.7311688897e-04 4.5541346656e-05 3.8074721368e+01 nan
-2.8638036739e-04 4.1773474044e-05 8.8555748702e+01 nan
1.6608189541e-04 4.7131393253e-05 3.8006606597e+01 nan
1.6221812201e-04 4.6477293151e-05 3.9329726824e+01 nan
3.3304260381e-06 1.2928506130e-04 1.0140286594e+01 1.5220715182e+01
1.6151752217e-04 4.3674415519e-05 4.2079020342e+01 nan
1.5449942862e-04 4.5207656092e-05 4.2425958677e+01 nan
1.5377955076e-04 4.2466975177e-05 4.5494392492e+01 nan
1.4602853765e-04 4.1303741118e-05 4.9529168194e+01 nan
1.3902165542e-04 4.2802323163e-05 5.0489822416e+01 nan
1.3513225563e-04 4.2227936476e-05 5.2966846891e+01 nan
1.3436306822e-04 3.9657794480e-05 5.6656240485e+01 nan
1.2742714694e-04 4.1140143567e-05 5.7154609748e+01 nan
1.2667198093e-04 3.8641935553e-05 6.1174107072e+01 nan
-2.8114200875e-04 4.2377901707e-05 9.3483755728e+01 nan
1.1911251278e-04 3.7699378647e-05 6.6145448598e+01 nan
1.1242354430e-04 3.9187915901e-05 6.6665935390e+01 nan
1.0511664693e-04 3.8328224237e-05 7.2065134671e+01 nan
-5.0449078051e-05 6.1000733475e-05 8.9914795241e+01 nan
9.7932286281e-05 3.7548439844e-05 7.7972796945e+01 nan
-4.5551920952e-05 5.9263479640e-05 9.2847744853e+01 nan
9.7192502213e-05 3.5335183846e-05 8.4123732493e+01 nan
-3.4412030196e-05 6.1224923942e-05 8.9243429677e+01 nan
8.6622988710e-05 3.4422134652e-05 9.5081525249e+01 nan
-3.1248279452e-05 6.1276990222e-05 8.9011151257e+01 nan
8.0471678361e-05 3.5956631942e-05 9.5123180231e+01 nan
7.7053652351e-05 3.5692669061e-05 9.8885833424e+01 nan
-2.4843588792e-05 6.1440455194e-05 8.8322452107e+01 nan
-2.1692294773e-05 6.1517818405e-05 8.7917941248e+01 nan
-1.6651917381e-05 5.9869386102e-05 9.0057468914e+01 nan
7.0305492905e-05 3.5234302859e-05 1.0658027574e+02 nan
1.3963999250e-04 7.5777583534e-05 2.1520029686e+01 nan
6.6958489287e-05 3.5026418907e-05 1.1043896323e+02 nan
-2.9899092919e-04 2.7834231757e-05 1.1448779745e+02 nan
-7.1154013715e-06 6.0233233677e-05 8.7872002284e+01 nan
6.0344313593e-05 3.4674370275e-05 1.1807678266e+02 nan
-2.7586768466e-04 4.3142335184e-05 9.6809018186e+01 nan
5.7060399262e-05 3.4516980741e-05 1.2096153004e+02 nan
2.3405748611e-06 6.0701311142e-05 8.4728604297e+01 nan
5.0475062761e-05 3.4233076557e-05 1.2337698688e+02 nan
2.1920502478e-05 6.4034386274e-05 7.0791771123e+01 nan
4.5942896588e-05 1.3338619141e-04 2.7935835339e+01 9.7118699212e+00
2.4905528014e-05 6.4315408572e-05 6.8411809322e+01 nan
3.0873016619e-05 6.4975043348e-05 6.2886784569e+01 nan
3.2533866784e-05 3.1818178296e-05 1.3527788840e+02 nan
3.8814516998e-05 6.3945814261e-05 5.9731300240e+01 nan
4.2617803938e-05 6.6507509113e-05 5.4647637207e+01 nan
2.2125021590e-05 3.1513422906e-05 1.3905817511e+02 nan
4.8589866552e-05 6.7437794364e-05 5.1256708874e+01 nan
5.1568705741e-05 6.7917853708e-05 4.9631322479e+01 nan
5.6843966423e-05 6.6673922087e-05 4.9294101949e+01 nan
1.1608844052e-05 3.1250455018e-05 1.4242008652e+02 nan
6.6096644290e-05 6.8383055290e-05 4.4470506019e+01 nan
6.6852073685e-05 7.0810555105e-05 4.1784253954e+01 nan
6.9948699835e-05 7.1453128686e-05 4.0307405426e+01 nan
4.5511694304e-06 3.1099185335e-05 1.4434396630e+02 nan
8.1995640576e-05 7.1792138309e-05 3.6962668912e+01 nan
-2.5444999345e-06 3.0967684078e-05 1.4599157054e+02 nan
8.9237505677e-05 7.6063573202e-05 3.1841912234e+01 nan
9.8655346797e-05 7.5951840248e-05 3.0102174984e+01 nan
9.9301204164e-05 7.8765461735e-05 2.7973975135e+01 nan
1.0557788842e-04 7.7832721020e-05 2.7548024306e+01 nan
-9.6684520286e-06 3.0854604672e-05 1.4736566267e+02 nan
1.0974479971e-04 8.1783773458e-05 2.4421149894e+01 nan
1.1629420964e-04 8.0891180829e-05 2.3980711737e+01 nan
-5.0044124690e-05 1.4503544568e-06 2.2376836219e+02 nan
-1.6815681338e-05 3.0758894328e-05 1.4848115169e+02 nan
-2.3981730784e-05 3.0679719866e-05 1.4936016843e+02 nan
-3.4761540458e-05 3.0588609928e-05 1.5029778379e+02 nan
-2.8497580892e-04 2.6637095314e-05 1.3427884174e+02 nan
-2.5991707967e-04 4.6122258330e-05 1.0036544331e+02 nan
4.2102121733e-05 7.2641585934e-05 4.7452739848e+01 nan
-2.7045359666e-04 2.8366232407e-05 1.4612146482e+02 nan
3.2211321779e-04 1.0700749152e-04 1.4994960072e+01 1.7246845272e+01
-2.6172176000e-04 2.7302294696e-05 1.5713115787e+02 nan
-2.4361598905e-04 5.4176272710e-05 8.8514220213e+01 nan
-7.7844618196e-05 5.9181757411e-05 9.2692500952e+01 nan
-6.6468844468e-05 6.0948267295e-05 8.9860118318e+01 nan
-6.3290227973e-05 6.0941049436e-05 8.9920769719e+01 nan
-7.2899296709e-05 6.0952208403e-05 8.9737799344e+01 nan
-5.6867346945e-05 6.0959718184e-05 8.9960823274e+01 nan
-1.0922859163e-04 5.4170634238e-05 1.0104421921e+02 nan
8.6799209324e-05 1.5289697683e-04 2.0605384970e+01 2.6727802760e+01
-1.0521506514e-04 4.8879259042e-05 1.1124217218e+02 nan
-2.5247880702e-04 3.0368419603e-05 1.5056305594e+02 nan
-9.8044038870e-05 5.2286743540e-05 1.0478873757e+02 nan
7.1975657566e-05 7.8952077899e-05 3.3198747042e+01 nan
-2.3970656274e-04 2.7659535404e-05 1.6354878710e+02 nan
-2.2205829387e-04 2.3548052867e-05 1.7809499848e+02 nan
-1.9391214460e-04 2.3083108378e-05 1.7641346634e+02 nan
-1.6259603973e-04 2.4420508124e-05 1.6919894767e+02 nan
-2.4640220382e-04 3.1799611647e-05 1.4786067255e+02 nan
-2.3240036396e-04 2.3812604034e-05 1.7759981100e+02 nan
-2.3650563615e-04 2.7490874914e-05 1.6455487327e+02 nan
-1.3834714036e-04 6.0148855387e-05 8.9743765970e+01 nan
-1.5534548957e-04 2.4367902988e-05 1.6872097125e+02 nan
-1.4458366139e-04 6.0333282728e-05 8.9267344714e+01 nan
-1.3524904299e-04 6.0053049170e-05 8.9981031630e+01 nan
-6.0296010855e-05 2.9754929328e-06 2.2014958427e+02 nan
-1.8312960853e-04 2.2972850341e-05 1.7538627405e+02 nan
-1.1942210346e-04 5.9703325207e-05 9.0916025695e+01 nan
-2.0298734935e-04 4.6033580699e-05 1.1511675420e+02 nan
-1.1628442009e-04 5.9629082300e-05 9.1107228738e+01 nan
1.2363699353e-04 8.3066644724e-05 2.0837719226e+01 nan
-1.7920694838e-04 4.8679639665e-05 1.1051718261e+02 nan
-1.7527738910e-04 4.6720669902e-05 1.1484318842e+02 nan
-1.7286963038e-04 4.8444502679e-05 1.1120821651e+02 nan
1.0179658846e-04 1.5639020789e-04 1.8596861591e+01 2.6346973958e+01
-1.4923023145e-04 1.1085044936e-04 2.8905394177e+01 1.8841084641e+01
-1.3880720205e-04 3.0724611313e-05 1.5150984317e+02 nan
-5.2587857077e-05 2.4146878569e-05 1.6626676074e+02 nan
-1.2102002448e-04 3.0604029039e-05 1.5128934346e+02 nan
-1.0883042120e-04 2.8934910182e-05 1.5510212567e+02 nan
-1.1387882630e-04 3.0564668150e-05 1.5125484056e+02 nan
-1.3166732444e-04 3.0683427635e-05 1.5137048577e+02 nan
-1.0670921793e-04 3.0536511518e-05 1.5123271336e+02 nan
-1.1604313277e-04 2.8961498351e-05 1.5516384129e+02 nan
-7.7922136572e-05 3.0481573843e-05 1.5127609407e+02 nan
-9.9543233264e-05 3.0507858093e-05 1.5124644937e+02 nan
-7.4352531277e-05 3.0471341234e-05 1.5129963422e+02 nan
-9.2351882598e-05 3.0490546098e-05 1.5126099444e+02 nan
-1.2814333801e-04 3.0651213787e-05 1.5134719154e+02 nan
-6.7116409752e-05 3.0481997491e-05 1.5126249221e+02 nan
-6.3543013507e-05 3.0477006765e-05 1.5125830127e+02 nan
-6.5977518198e-05 1.4469196695e-06 2.2416083338e+02 nan
-8.5159779660e-05 3.0476101495e-05 1.5128784110e+02 nan
-1.6488874206e-04 1.0776915865e-04 3.0366199180e+01 1.8588876376e+01
1.9207296848e-04 1.4583941923e-04 1.4123191777e+01 nan
7.0339589483e-05 1.1541857127e-04 1.6741726106e+01 nan
-7.3943892472e-05 1.4455951608e-06 2.2442424436e+02 nan
-1.7536978457e-04 1.0486804028e-04 3.1711387170e+01 1.8434592395e+01
1.4153815582e-04 1.6442575432e-04 1.9770186816e+01 3.2030500961e+01
1.0159643662e-04 9.0420129002e-05 2.1087731160e+01 nan
7.5453632804e-05 1.1540666371e-04 1.5931701130e+01 nan
7.8010561633e-05 1.1399894209e-04 1.6064994178e+01 nan
1.5093438548e-04 1.6551777764e-04 1.9712472837e+01 3.2752684255e+01
-1.8082268339e-04 1.0398324249e-04 3.1803892005e+01 1.8261272834e+01
1.5991254609e-04 1.6529432736e-04 1.8821043242e+01 3.1902819861e+01
-8.1909946190e-05 1.4444938592e-06 2.2474556872e+02 nan
-1.9116172062e-04 1.0126044608e-04 3.2668633041e+01 1.8067987530e+01
1.6931491098e-04 1.6423380286e-04 1.7890274698e+01 3.0917517335e+01
1.2342082130e-04 1.0460701653e-04 1.0428846917e+01 nan
-1.8031713956e-04 1.3495488583e-05 2.0243688100e+02 nan
9.8581565672e-05 1.1879189754e-04 1.2327116368e+01 nan
-8.4056417463e-05 2.9620405314e-06 2.2092590712e+02 nan
1.9103468298e-04 6.0268372161e-05 2.3592523306e+01 nan
1.7860258504e-04 1.6427457895e-04 1.7369405055e+01 3.0334578953e+01
1.9432436681e-04 5.7840076551e-05 2.5819794652e+01 nan
1.9762326812e-04 5.5413239973e-05 2.8339087840e+01 nan
1.9702541398e-04 5.2338989498e-05 3.3105651238e+01 nan
-2.0115417131e-04 1.6727085957e-05 1.9687782463e+02 nan
1.1795158459e-04 1.2218358788e-04 6.0555990186e+00 nan
-9.1984727864e-05 2.9610316204e-06 2.2129953223e+02 nan
1.2801049604e-04 1.2368201088e-04 5.7192027475e+00 nan
-2.1413115236e-04 1.3661325412e-05 2.0958429051e+02 nan
-9.7840849778e-05 1.4428653404e-06 2.2560041396e+02 nan
1.2999103208e-04 1.0399113611e-04 1.0006659954e+01 nan
-2.3692659738e-04 1.5504859556e-05 2.0850670465e+02 nan
1.5359609652e-04 1.3935121989e-04 9.9298072551e+00 nan
1.5728372134e-04 1.3713557709e-04 9.7083815385e+00 nan
1.6433356807e-04 1.2870742739e-04 8.6227940806e+00 nan
1.6093736007e-04 1.3484950362e-04 9.5030740875e+00 nan
1.6074959416e-04 1.3102490694e-04 8.7288526589e+00 nan
-2.4302510427e-04 1.2344307113e-05 2.2198179618e+02 nan
-1.0580559792e-04 1.4423000094e-06 2.2615258708e+02 nan
2.2289861624e-04 1.5577342176e-04 1.4968038319e+01 2.7490631802e+01
-2.2507137891e-04 9.0637180131e-05 3.5234864442e+01 1.6922533339e+01
2.2708910788e-04 1.5453866909e-04 1.4813207843e+01 2.7234565707e+01
1.3313604755e-04 1.0192619239e-04 1.0368115749e+01 nan
1.3274898523e-04 9.8516113353e-05 1.1450233762e+01 nan
1.3587464908e-04 9.6412873793e-05 1.1692846789e+01 nan
1.3544335686e-04 9.3042661622e-05 1.3288953230e+01 nan
1.3855689016e-04 9.0900312555e-05 1.3575731641e+01 nan
1.4120507030e-04 8.5415449896e-05 1.5901150187e+01 nan
1.3810440278e-04 8.7581949039e-05 1.5158977356e+01 nan
1.4432684885e-04 8.3215002933e-05 1.6664403588e+01 nan
-1.1378129781e-04 1.4455652992e-06 2.2679111377e+02 nan
-2.7483687214e-04 9.6704092694e-06 2.3723976991e+02 nan
2.3633039749e-04 1.5186010700e-04 1.4517212933e+01 2.6453430347e+01
-2.3003001274e-04 8.8964166356e-05 3.5399743234e+01 1.6599207085e+01
-2.9830860403e-04 5.7411162655e-05 5.5395617287e+01 nan
-2.7433094617e-04 6.2933562881e-06 2.5799827747e+02 nan
1.4383543058e-04 7.9965714990e-05 1.8637329945e+01 nan
-1.1576412139e-04 2.9601999844e-06 2.2292391221e+02 nan
-2.3505695135e-04 8.6684847286e-05 3.6122920531e+01 1.6429678205e+01
-1.2368806858e-04 2.9604713192e-06 2.2366415977e+02 nan
-4.1935642654e-05 3.0551518025e-05 1.5069454598e+02 nan
-4.5363146933e-05 2.7338961283e-05 1.5838917482e+02 nan
-1.2970772013e-04 1.4452442045e-06 2.2840579750e+02 nan
-2.4799103713e-04 8.2292940625e-05 3.6912333373e+01 1.5832420500e+01
-2.0337400508e-04 2.8212258835e-05 1.6220544596e+02 nan
-2.1780996736e-04 4.5032576623e-05 1.1594053635e+02 nan
2.7287798354e-04 1.3721831630e-04 1.3895196720e+01 2.3516611351e+01
-1.4165080087e-04 1.4453493653e-06 2.2993087479e+02 nan
2.8135257884e-04 1.3337266429e-04 1.3874274198e+01 2.2836889270e+01
-1.7257264892e-04 4.4304275318e-06 2.2697619101e+02 nan
-1.7889771424e-04 2.9234387171e-06 2.3262760524e+02 nan
-2.2185702894e-04 5.3349177201e-05 9.6137954015e+01 nan
-1.5141058650e-04 2.9636017361e-06 2.2721029904e+02 nan
-1.8283335589e-04 2.9196359959e-06 2.3356909671e+02 nan
-1.5757225612e-04 1.4459789849e-06 2.3243955801e+02 nan
2.9287810016e-04 1.2709576045e-04 1.3966428560e+01 2.1350593735e+01
-1.6549464563e-04 1.4323943999e-06 2.3395063898e+02 nan
3.0045040865e-04 1.2232199813e-04 1.4121106588e+01 2.0539019173e+01
-2.3563564014e-04 5.2893877650e-05 9.3848912859e+01 nan
-1.6949333381e-04 1.4365738703e-06 2.3474379066e+02 nan
-1.9331342095e-04 5.9224495770e-06 2.2762909222e+02 nan
-2.8457308353e-04 1.5569895902e-06 2.9571848249e+02 nan
-2.0500882293e-04 5.9408864517e-06 2.3094876757e+02 nan
-4.8909354207e-05 2.4160610991e-05 1.6616540145e+02 nan
-2.9623647238e-04 1.6264665922e-06 3.0570533899e+02 nan
2.3116391668e-04 1.4918813280e-04 1.4571110034e+01 nan
-9.4770848059e-05 5.2258517286e-05 1.0490635458e+02 nan
-3.0789951664e-04 1.7297107555e-06 3.0249600507e+02 nan
-2.2057660092e-04 5.9727375997e-06 2.3613918134e+02 nan
-1.0189331159e-04 4.8852325498e-05 1.1134993021e+02 nan
-3.1088002040e-04 5.5846269273e-06 2.5731551144e+02 nan
-3.1846905177e-04 1.3205803701e-05 1.6269253911e+02 nan
-2.3222198582e-04 6.0057009021e-06 2.4064046586e+02 nan
-3.2641650074e-04 1.1645971766e-05 1.5738406914e+02 nan
-2.4599636022e-04 2.9835802491e-06 2.5663958276e+02 nan
-1.5172090744e-04 2.4341036682e-05 1.6850727015e+02 nan
-1.4341256038e-04 2.7510804175e-05 1.5975694341e+02 nan
-2.5297853384e-04 1.4870750671e-06 2.6504296590e+02 nan
1.3286160887e-04 1.6364609325e-04 1.9088257126e+01 2.8001717753e+01
-1.5203636860e-04 5.6902668022e-05 9.5166765524e+01 nan
-1.1429164325e-05 1.2573968988e-04 4.5671136051e+00 nan
-1.7338828008e-04 2.4498731193e-05 1.7001845964e+02 nan
-1.7952920531e-04 2.2941914386e-05 1.7504137142e+02 nan
-1.5644347405e-04 5.3385107219e-05 1.0165467120e+02 nan
-1.6096659189e-04 4.9895598302e-05 1.0846591555e+02 nan
-1.6968294613e-04 4.8344268563e-05 1.1149562827e+02 nan
-1.9032262958e-04 2.3047792763e-05 1.7606265912e+02 nan
-2.6312748464e-04 6.2065970594e-06 2.5439533445e+02 nan
3.5468564869e-04 7.5193826057e-05 1.8752360366e+01 1.0621260642e+01
-1.8550735696e-04 4.8927983586e-05 1.0972756685e+02 nan
-2.6683714557e-04 6.2136108497e-06 2.5599976402e+02 nan
-1.9361203033e-04 4.5592243428e-05 1.1673243236e+02 nan
-2.1862725279e-04 2.3464077421e-05 1.7809469703e+02 nan
3.5753309240e-04 7.1694848300e-05 1.9345679672e+01 9.9477588337e+00
-2.1213589530e-04 4.6573534509e-05 1.1295858540e+02 nan
3.3905021379e-04 1.4795122850e-05 2.2185391709e+01 nan
-3.1906134520e-04 5.3307392786e-05 6.1394046017e+01 1.2713044947e+01
3.6321590519e-04 6.4610153261e-05 2.0674658979e+01 7.9064055121e+00
-2.8999827311e-04 6.3724706178e-05 4.7099586252e+01 1.1971479534e+01
3.6838036312e-04 5.6795112197e-05 2.2374764771e+01 6.5482024312e+00
-3.2805764204e-04 5.0596556465e-05 5.6795075895e+01 1.6696835382e+01
3.7336929384e-04 4.8882106121e-05 2.4402214628e+01 5.2160359776e+00
-3.3849879638e-04 4.5864273641e-05 7.4360103013e+01 1.4232451947e+01
-2.6758868224e-04 2.7974777354e-05 1.5025002883e+02 nan
-2.7360386358e-04 2.6737900576e-05 1.4924215248e+02 nan
-2.9171291673e-04 2.3378782638e-05 1.4180473263e+02 nan
-2.4629125007e-04 5.2454022808e-05 9.1373242629e+01 nan
3.8872276400e-04 1.7336579654e-05 3.9907119820e+01 5.1559125877e-01
-3.7554212337e-04 1.8661479878e-05 1.5427969271e+02 5.4491907353e+00
-3.0533377552e-04 2.7065261554e-05 1.1108182180e+02 nan
-2.7019622869e-04 4.6310609349e-05 9.3783568086e+01 nan
-2.6701330330e-04 5.0250009060e-05 8.6768061507e+01 nan
-3.2833167577e-04 1.4951627657e-05 1.3242534083e+02 nan
-2.7882346617e-04 4.1577911239e-05 9.7605717218e+01 nan
-3.2983650426e-04 1.2173091522e-05 1.4580972192e+02 nan
-3.2049451266e-04 2.2688964360e-05 1.1181596958e+02 nan
-3.2205158035e-04 1.9850791290e-05 1.1990851770e+02 nan
-3.2174844055e-04 6.1045491885e-06 2.3095758839e+02 nan
-3.1723620528e-04 8.0779525727e-06 2.1681111957e+02 nan
-2.9990235178e-04 3.9800119122e-05 7.8639384763e+01 nan
-2.9677677561e-04 4.1129991246e-05 7.8723725835e+01 nan
-3.2128550935e-04 3.8856183277e-05 6.9433890682e+01 nan
-3.1706291540e-04 4.0223872683e-05 6.9411863943e+01 nan
2.0282732793e-05 1.3046859494e-04 1.4763268099e+01 1.3731325033e+01
-3.1176543893e-04 1.7783480814e-06 2.9885241400e+02 nan
-3.0012571024e-04 1.6532374871e-06 3.0596938201e+02 nan
-2.8845010825e-04 1.5795953823e-06 3.0002620323e+02 nan
3.7864310746e-05 1.3014970608e-04 2.0214076329e+01 nan
2.8143638575e-04 9.0300936790e-06 4.5717141012e+01 nan
2.5738425488e-04 1.4141780020e-04 1.4086417184e+01 nan
2.8533738589e-04 9.1535199648e-06 4.5208186331e+01 nan
-1.2765540981e-04 1.1547566845e-04 2.5775732362e+01 1.9077739389e+01
-1.4377452110e-04 1.1241182800e-04 2.7930083272e+01 1.8939487096e+01
3.3876457964e-04 9.2022232313e-05 1.6428823344e+01 1.4444417576e+01
3.7809517785e-04 4.0485848296e-05 2.7002299085e+01 3.3416356243e+00
1.1663720735e-04 1.6050985172e-04 1.8674188635e+01 2.5799660631e+01
-2.5468930273e-04 4.5679305832e-06 2.5638443143e+02 nan
-1.8425585553e-04 4.3856071031e-06 2.2974508497e+02 nan
-1.8557666840e-04 5.8931888448e-06 2.2573574861e+02 nan
3.8457409402e-04 1.3264227860e-05 3.8314513270e+01 nan
1.8749508300e-04 1.6323490467e-04 1.6769545154e+01 2.9786685319e+01
-3.1322528538e-04 5.4284654035e-05 6.0721748643e+01 8.6507836614e+00
2.7251375679e-04 2.8605591342e-06 4.8230205466e+01 nan
2.2898025009e-04 4.3510883704e-06 8.9210051774e+01 nan
2.5692315108e-04 5.2803494426e-06 5.5016259303e+01 nan
2.6903088802e-04 5.6336732033e-06 4.7774914336e+01 nan
2.9634398125e-04 3.1094352953e-06 4.5155787769e+01 nan
5.9192695835e-05 1.3689497853e-04 3.5655181816e+01 6.6461713264e+00
3.1250812320e-04 3.0832515959e-06 3.9031754868e+01 nan
-6.2702648102e-06 1.2582344912e-04 5.9739509003e+00 nan
3.5751078397e-04 7.9232647720e-06 2.3458629557e+01 nan
3.4568393881e-04 7.5005819071e-06 2.2288865235e+01 nan
2.8513283058e-04 1.3148796934e-04 1.3886020317e+01 2.2482158412e+01
-2.8252239779e-04 6.7355788039e-05 4.4540822197e+01 1.2828437436e+01
3.6473905374e-04 3.9927086200e-06 2.2974013674e+01 nan
2.9649473132e-04 1.1744318625e-04 1.4497347422e+01 nan
3.7657653580e-04 4.1381310494e-06 2.6688600702e+01 nan
3.1828773731e-04 1.1001934517e-04 1.4775682869e+01 1.8260343087e+01
1.8093684890e-04 1.6075218379e-04 1.6659679012e+01 nan
3.2855815890e-04 3.4380579600e-06 2.5397345835e+01 nan
9.3978930834e-05 1.5517914620e-04 1.9678892019e+01 2.6644556158e+01
-3.9082177979e-05 1.2637874600e-04 6.0686045643e+00 1.7935884408e+01
2.8880180326e-04 6.2081380821e-06 4.5216562092e+01 nan
1.0600851405e-04 1.5489729088e-04 1.7271622522e+01 nan
3.8471353238e-04 2.6454723814e-05 3.3208294382e+01 1.2650003614e+00
-2.5947417203e-04 7.4971419649e-05 4.3386331512e+01 1.4829011449e+01
-3.4877325682e-04 3.9410580137e-05 8.7887421759e+01 1.1906528359e+01
3.6953473295e-04 4.9249947967e-05 2.4259600263e+01 nan
3.5683280426e-04 6.7729701742e-05 2.0069162333e+01 nan
2.4960403715e-05 1.3111436954e-04 1.6894229627e+01 1.3369008982e+01
3.2855138539e-04 1.0120633777e-04 1.5490352080e+01 1.6170749859e+01
3.9295170903e-04 7.8332606426e-06 5.2213032188e+01 8.4525748141e-02
-3.8747738709e-04 8.2998541588e-06 2.2355781461e+02 2.4617489982e+00
-2.4364145111e-04 8.2063195871e-05 3.9001102368e+01 1.6054195513e+01
1.4554740631e-04 1.6204062786e-04 1.7936121979e+01 nan
-4.1336770806e-05 1.2609129199e-04 6.8645547665e+00 1.7935884408e+01
-1.9815696289e-04 9.6989945145e-05 3.5430561415e+01 1.7854516198e+01
-3.3598506693e-04 4.4464633660e-05 6.6913793422e+01 nan
2.0562635006e-04 1.6009930194e-04 1.5735625271e+01 2.8500360572e+01
-7.0332567347e-05 1.2338369158e-04 1.4987440209e+01 1.8745513719e+01
-1.0941531705e-04 1.1850915057e-04 2.2916694471e+01 1.9131653394e+01
2.1428209933e-04 1.5831876689e-04 1.5336088038e+01 2.7997183117e+01
-1.5139279662e-04 1.0870403670e-04 3.0414813966e+01 1.8841084641e+01
2.1950561144e-04 1.5383668578e-04 1.4970981299e+01 nan
-2.2058817631e-04 9.0319465385e-05 3.7013635615e+01 1.7074434289e+01
2.3825296582e-04 1.4796597543e-04 1.4421907469e+01 nan
3.5118955921e-04 7.4411009475e-05 1.8896230790e+01 nan
3.8845937902e-05 1.3289973342e-04 2.5028475907e+01 1.1176718926e+01
-2.1749140134e-04 9.3366058646e-05 3.4585702677e+01 1.7219970063e+01
-2.3248611414e-04 8.5836901363e-05 3.8264032204e+01 1.6429678205e+01
1.2405436393e-04 1.6244217040e-04 1.9764315476e+01 2.6010957848e+01
-2.0698057262e-04 9.6727052739e-05 3.3832282513e+01 1.7491264873e+01
1.0628276617e-06 1.2661685868e-04 8.2782078344e+00 nan
-2.6857680978e-04 7.1320412083e-05 4.5053152274e+01 1.4241308876e+01
3.1431484624e-04 1.0928327470e-04 1.4907286038e+01 nan
2.9673610720e-04 1.2104708914e-04 1.4272493132e+01 nan
2.9321861657e-04 1.2356115368e-04 1.4172580524e+01 nan
1.7298534893e-04 1.6138588853e-04 1.7057097192e+01 nan
3.5986922541e-04 6.4233934747e-05 2.0750468457e+01 nan
3.8749149515e-04 1.3913712671e-05 4.1195088125e+01 nan
-4.6484101445e-05 1.2571387382e-04 8.4317691513e+00 1.8087241393e+01
-3.6541418503e-04 2.8032907617e-05 1.2165419436e+02 8.3257544306e+00
1.9633775217e-04 1.6195977079e-04 1.6242534212e+01 2.9264807067e+01
8.0289014359e-06 1.2990141827e-04 1.2323187857e+01 1.4834859838e+01
-2.5073180080e-04 7.9079455121e-05 4.0649127839e+01 1.5596449472e+01
2.4540339625e-04 1.4600396890e-04 1.4274451567e+01 nan
2.6806397707e-04 1.3633448868e-04 1.4013447370e+01 nan
-1.3055858884e-04 1.1267803269e-04 2.7710430460e+01 1.9050834309e+01
2.5772773977e-04 1.4469550679e-04 1.4026007213e+01 2.4770005255e+01
7.7524348194e-05 1.4587286700e-04 7.4094963195e+00 nan
3.7260766340e-04 4.5154555624e-05 2.5451205754e+01 nan
-4.9798502366e-05 1.2338096705e-04 1.0811551556e+01 1.8224727809e+01
2.7838491068e-04 1.3165513888e-04 1.4004984607e+01 nan
-1.8436546787e-04 1.0129938999e-04 3.3669044684e+01 1.8166496862e+01
1.6589538279e-04 1.6204315425e-04 1.7495322953e+01 nan
2.8862071349e-05 1.2964726298e-04 1.7119165832e+01 1.2898876865e+01
9.0071782090e-05 1.5145891796e-04 1.8197945693e+01 nan
1.1980458547e-04 1.5885471965e-04 1.7201786586e+01 2.5812689813e+01
3.1155853538e-04 1.1572366067e-04 1.4400307536e+01 1.9214464241e+01
6.3337701074e-05 1.3648592036e-04 2.3049150677e+01 nan
1.5791368821e-04 1.6274194428e-04 1.8054048789e+01 nan
3.7828369232e-04 3.3686361278e-05 2.9464895213e+01 nan
5.3118823536e-05 1.3305411356e-04 2.5635705215e+01 nan
-2.3999677629e-04 8.5538195558e-05 3.5364582416e+01 1.6251945514e+01
-5.2432271913e-05 1.2325137943e-04 1.1473011788e+01 1.8350223284e+01
-1.2366283444e-04 1.1441551890e-04 2.6329857243e+01 1.9099570539e+01
2.2825062383e-04 1.5136913963e-04 1.4691152970e+01 nan
-1.7305983476e-04 1.0390323992e-04 3.2766445642e+01 1.8434592395e+01
-3.7822950158e-04 1.4277765083e-05 1.5809059698e+02 4.7043017055e+00
-1.1332831983e-04 1.1614260936e-04 2.4661579238e+01 1.9132293866e+01
-9.2154145346e-05 1.1924617065e-04 2.0745862477e+01 1.9065494081e+01
-3.5540446653e-04 3.2497749436e-05 9.6598715057e+01 9.7459801846e+00
1.3778976087e-04 1.6186216906e-04 1.7552739562e+01 nan
-3.4062420464e-04 4.2413547445e-05 7.3887706133e+01 1.3429850329e+01
3.6277249491e-04 6.0811425658e-05 2.1465146317e+01 nan
-2.6396578393e-04 7.4004372811e-05 4.2966387528e+01 1.4544489298e+01
-2.5812638197e-04 7.8699660065e-05 3.8640375295e+01 1.5097186005e+01
7.0970770805e-05 1.4093939597e-04 3.4410038769e+01 nan
2.8993430144e-04 1.2601373837e-04 1.4085652695e+01 nan
3.9520051918e-04 3.6789767773e-06 6.4259010042e+01 1.1777275334e-01
-3.9240166851e-04 3.9839273077e-06 2.5433270091e+02 1.7805360114e+00
3.1192277723e-05 1.3007849196e-04 1.8257354276e+01 1.2373939198e+01
3.8383485348e-04 2.2698984880e-05 3.5008903229e+01 nan
-1.6858288724e-04 1.0539785662e-04 3.1949996939e+01 1.8513893401e+01
1.4907658421e-04 1.6313535577e-04 1.8593483847e+01 nan
1.3069795673e-05 1.2639623500e-04 1.1346486561e+01 nan
-2.0021702038e-04 9.7110425910e-05 3.4911710073e+01 1.7739811559e+01
3.0844437267e-04 1.1844447009e-04 1.4242329622e+01 1.9667108555e+01
1.7625032203e-04 1.6219875155e-04 1.7101965133e+01 nan
-9.4684630911e-05 1.1909747273e-04 2.1136185313e+01 1.9092053721e+01
2.1581403813e-04 1.5565461926e-04 1.5151426538e+01 nan
1.9355067754e-04 1.5981908038e-04 1.6115218408e+01 nan
7.9762029489e-05 1.4763784457e-04 1.4544915807e+01 nan
1.3032328666e-04 1.6099970695e-04 1.6087006844e+01 nan
-1.3319313211e-04 1.1505138579e-04 2.6172630038e+01 1.9050834309e+01
2.4169652051e-04 1.4797041432e-04 1.4356484572e+01 nan
-3.7031101497e-04 2.1211590142e-05 1.3169790973e+02 6.9045900186e+00
2.7486684818e-04 1.3382843572e-04 1.3979572009e+01 nan
2.6546979096e-04 1.4218548037e-04 1.3900514293e+01 2.4159652617e+01
3.6551259855e-04 5.7561828521e-05 2.2192880434e+01 nan
-1.1577894570e-04 1.1606179600e-04 2.4870121425e+01 1.9126952832e+01
2.0794869559e-04 1.5713476733e-04 1.5446796768e+01 nan
-6.0109726050e-05 1.2274135272e-04 1.3412399892e+01 1.8567503818e+01
1.2301215514e-04 1.6021242260e-04 1.7580213555e+01 2.6010957848e+01
