x_m y_m sigma_comp_mag_Pa
4.0000000000e-04 0.0000000000e+00 -1.0576991292e+00
-4.0000000000e-04 3.0616169979e-20 -1.6197121569e+00
3.9657922653e-04 5.9209482093e-06 1.0025243056e+01
3.9432043646e-04 1.1254007762e-05 9.7638571804e+00
3.9227122709e-04 1.6349783460e-05 1.0179210998e+01
3.9025746648e-04 2.1272968936e-05 1.0500857366e+01
3.8822276290e-04 2.6058566179e-05 1.0731729486e+01
3.8613936235e-04 3.0724975554e-05 1.0914373433e+01
3.8399241711e-04 3.5284303872e-05 1.1076705060e+01
3.8177472449e-04 3.9741865499e-05 1.1214678583e+01
3.7948153863e-04 4.4103396871e-05 1.1327178649e+01
3.7711102876e-04 4.8371942174e-05 1.1425275376e+01
3.7466256619e-04 5.2550033609e-05 1.1508981017e+01
3.7213655966e-04 5.6639531523e-05 1.1580624256e+01
3.6953392585e-04 6.0641942893e-05 1.1641590476e+01
3.6685587766e-04 6.4558611136e-05 1.1693970292e+01
3.6410388623e-04 6.8390739126e-05 1.1739627512e+01
3.6127964057e-04 7.2139492389e-05 1.1779704935e+01
3.5838492616e-04 7.5805848508e-05 1.1815770244e+01
3.5542153840e-04 7.9390749918e-05 1.1848888412e+01
3.5239139699e-04 8.2895170309e-05 1.1879867577e+01
3.4929643940e-04 8.6320027982e-05 1.1909297239e+01
3.4613856315e-04 8.9666173123e-05 1.1937701749e+01
3.4291962679e-04 9.2934524203e-05 1.1965302461e+01
3.3964163038e-04 9.6125842416e-05 1.1993486668e+01
3.3630637579e-04 9.9241029789e-05 1.2021244522e+01
3.3291568245e-04 1.0228088101e-04 1.2049479657e+01
3.2947140508e-04 1.0524615257e-04 1.2078461370e+01
3.2597528577e-04 1.0813765611e-04 1.2107976793e+01
3.2242904120e-04 1.1095614109e-04 1.2138564632e+01
3.1883433823e-04 1.1370237051e-04 1.2169301264e+01
3.1519280849e-04 1.1637704735e-04 1.2201557464e+01
3.1150603790e-04 1.1898087597e-04 1.2235144869e+01
3.0777557606e-04 1.2151458429e-04 1.2269216504e+01
3.0400286784e-04 1.2397885812e-04 1.2304000366e+01
3.0018931010e-04 1.2637429698e-04 1.2340152194e+01
2.9633630964e-04 1.2870156560e-04 1.2377458264e+01
2.9244520596e-04 1.3096130210e-04 1.2414366787e+01
2.8851723159e-04 1.3315404117e-04 1.2452559645e+01
2.8455361835e-04 1.3528033815e-04 1.2491034885e+01
2.8055549846e-04 1.3734069879e-04 1.2530238256e+01
2.7652399746e-04 1.3933559841e-04 1.2570439167e+01
2.7246017353e-04 1.4126552093e-04 1.2610761034e+01
2.6836505046e-04 1.4313084226e-04 1.2649712056e+01
2.6423954000e-04 1.4493186335e-04 1.2690825581e+01
2.6008456406e-04 1.4666895385e-04 1.2732679734e+01
2.5590099379e-04 1.4834239601e-04 1.2772618998e+01
2.5168964579e-04 1.4995229360e-04 1.2812906305e+01
2.4745121536e-04 1.5149882931e-04 1.2854430747e+01
2.4318649554e-04 1.5298210631e-04 1.2893932969e+01
2.3889610413e-04 1.5440209500e-04 1.2933310106e+01
2.3458065851e-04 1.5575865048e-04 1.2973192210e+01
2.3024072901e-04 1.5705163184e-04 1.3012582710e+01
2.2587688280e-04 1.5828077003e-04 1.3049730046e+01
2.2148956375e-04 1.5944566234e-04 1.3087062993e+01
2.1707924326e-04 1.6054577184e-04 1.3123049819e+01
2.1264628372e-04 1.6158040650e-04 1.3158199246e+01
2.0819104659e-04 1.6254872236e-04 1.3193214036e+01
2.0371389562e-04 1.6344974941e-04 1.3224655869e+01
1.9921501815e-04 1.6428224574e-04 1.3257138579e+01
1.9469478447e-04 1.6504467351e-04 1.3285901798e+01
1.9015329153e-04 1.6573522212e-04 1.3312904499e+01
1.8559073976e-04 1.6635171988e-04 1.3337278684e+01
1.8100720361e-04 1.6689147786e-04 1.3360025261e+01
1.7640283240e-04 1.6735127899e-04 1.3380580591e+01
1.7177773886e-04 1.6772718330e-04 1.3394371836e+01
1.6246490162e-04 1.6820561184e-04 1.3407785328e+01
1.5777694899e-04 1.6829303257e-04 1.3410606455e+01
1.4833417990e-04 1.6809838922e-04 1.3293744376e+01
1.4356994961e-04 1.6774675685e-04 1.4397526636e+01
1.3888777275e-04 1.6711033230e-04 1.7823495355e+01
1.3457398462e-04 1.6630432126e-04 1.7954765399e+01
1.3048380351e-04 1.6549451683e-04 1.8100566591e+01
1.2657175712e-04 1.6471745786e-04 1.7557649586e+01
1.2273371426e-04 1.6399130227e-04 1.7308205373e+01
1.1892051138e-04 1.6329092519e-04 1.7733833554e+01
1.1512591272e-04 1.6259532061e-04 1.8003108355e+01
1.1134111675e-04 1.6189174101e-04 1.8081779136e+01
1.0755951418e-04 1.6116738807e-04 1.8128370529e+01
1.0378042719e-04 1.6041149164e-04 1.8114705152e+01
1.0000010917e-04 1.5961180389e-04 1.8109575551e+01
9.6219613640e-05 1.5875655956e-04 1.8058996216e+01
9.2439682515e-05 1.5783184873e-04 1.8009131086e+01
8.8663538123e-05 1.5682140798e-04 1.7952010141e+01
8.4896832566e-05 1.5570565002e-04 1.7891375790e+01
8.1149485651e-05 1.5445943682e-04 1.7832070589e+01
7.7438016478e-05 1.5304892019e-04 1.7708761413e+01
7.3791550866e-05 1.5142565834e-04 1.7829660678e+01
7.0263847043e-05 1.4950153101e-04 1.8122175054e+01
6.7065202486e-05 1.4709677554e-04 1.7081671095e+01
6.5193792751e-05 1.4426926794e-04 3.5513413434e+01
6.2341845509e-05 1.4165099896e-04 1.0208647695e+02
6.0477862484e-05 1.4074053590e-04 9.5372735118e+01
5.8520871277e-05 1.3993820099e-04 9.0925459192e+01
5.6503888956e-05 1.3922261819e-04 8.7445022009e+01
5.4441986827e-05 1.3857888241e-04 8.4325792830e+01
5.2343039172e-05 1.3799481581e-04 8.1645384737e+01
5.0214078149e-05 1.3746176606e-04 7.9112345630e+01
4.8058327799e-05 1.3697238097e-04 7.6679647914e+01
4.5878878927e-05 1.3652052893e-04 7.4305790900e+01
4.3677819267e-05 1.3610139392e-04 7.2038892461e+01
4.1456980133e-05 1.3571126306e-04 6.9815292448e+01
3.9217563443e-05 1.3534660766e-04 6.7676439068e+01
3.6960598081e-05 1.3500445757e-04 6.5550773549e+01
3.4686802965e-05 1.3468215912e-04 6.3443294472e+01
3.2396712023e-05 1.3437738236e-04 6.1345528366e+01
3.0090680269e-05 1.3408801015e-04 5.9250770026e+01
2.7768812720e-05 1.3381198700e-04 5.7133184545e+01
2.5431066701e-05 1.3354730657e-04 5.4998701685e+01
2.3077103878e-05 1.3329192560e-04 5.2820542768e+01
2.0705951083e-05 1.3304300769e-04 5.0614956240e+01
1.8318626915e-05 1.3279586671e-04 4.9631305538e+01
1.5925355535e-05 1.3255598767e-04 5.0998762637e+01
1.3539345262e-05 1.3233539588e-04 5.2202069507e+01
1.1155458465e-05 1.3213193806e-04 5.1233301596e+01
8.7651157569e-06 1.3193783041e-04 4.9833512993e+01
6.3673581679e-06 1.3174997742e-04 4.8469386176e+01
3.9615497775e-06 1.3156676032e-04 4.7103947406e+01
1.5475248684e-06 1.3138708788e-04 4.5746347167e+01
-8.7478709341e-07 1.3121007705e-04 4.4427156251e+01
-3.3053743211e-06 1.3103495870e-04 4.3113559757e+01
-5.7441769691e-06 1.3086105841e-04 4.1817735998e+01
-8.1911601180e-06 1.3068775317e-04 4.0559660360e+01
-1.0646254765e-05 1.3051446171e-04 3.9300799733e+01
-1.3109231697e-05 1.3034071592e-04 3.8082018260e+01
-1.5579839262e-05 1.3016601741e-04 3.6915106306e+01
-1.8057866986e-05 1.2998993053e-04 3.5741624679e+01
-2.0543259404e-05 1.2981196807e-04 3.4569463826e+01
-2.3035945359e-05 1.2963170720e-04 3.3315524121e+01
-2.5535783385e-05 1.2944876100e-04 3.2287897212e+01
-2.8042633441e-05 1.2926277685e-04 3.2085948151e+01
-3.0556339127e-05 1.2907341641e-04 3.2051372597e+01
-3.3076746655e-05 1.2888034741e-04 3.2052927864e+01
-3.5603700145e-05 1.2868325779e-04 3.2059582900e+01
-3.8137025371e-05 1.2848185152e-04 3.2076049437e+01
-4.0676578043e-05 1.2827584809e-04 3.2092750049e+01
-4.3222173698e-05 1.2806498502e-04 3.2106144559e+01
-4.5773654579e-05 1.2784900812e-04 3.2125736263e+01
-4.8330847978e-05 1.2762767092e-04 3.2146445040e+01
-5.0893593170e-05 1.2740073400e-04 3.2168310948e+01
-5.3461718547e-05 1.2716797572e-04 3.2190329015e+01
-5.6035057711e-05 1.2692918396e-04 3.2215789169e+01
-5.8613448713e-05 1.2668415706e-04 3.2240764264e+01
-6.1196721705e-05 1.2643268707e-04 3.2264530112e+01
-6.3784681189e-05 1.2617459233e-04 3.2294010892e+01
-6.6377207900e-05 1.2590968207e-04 3.2326828715e+01
-6.8974108305e-05 1.2563778499e-04 3.2357025391e+01
-7.1575218921e-05 1.2535873406e-04 3.2389885546e+01
-7.4180375199e-05 1.2507236988e-04 3.2423548285e+01
-7.6789411463e-05 1.2477853048e-04 3.2459103948e+01
-7.9402185505e-05 1.2447705927e-04 3.2492029959e+01
-8.2018479590e-05 1.2416782401e-04 3.2527731540e+01
-8.4638182682e-05 1.2385067020e-04 3.2567637907e+01
-8.7261113179e-05 1.2352546897e-04 3.2606962213e+01
-8.9887111686e-05 1.2319208649e-04 3.2647076261e+01
-9.2516020243e-05 1.2285039082e-04 3.2687598527e+01
-9.5147677549e-05 1.2250025781e-04 3.2729438822e+01
-9.7781915127e-05 1.2214157359e-04 3.2774418236e+01
-1.0041860778e-04 1.2177421490e-04 3.2818433084e+01
-1.0305755097e-04 1.2139807294e-04 3.2864866473e+01
-1.0569864244e-04 1.2101302833e-04 3.2910924983e+01
-1.0834167497e-04 1.2061898168e-04 3.2958006988e+01
-1.1098653184e-04 1.2021582343e-04 3.3007051052e+01
-1.1363304893e-04 1.1980345358e-04 3.3056390798e+01
-1.1628106502e-04 1.1938177102e-04 3.3107504720e+01
-1.1893043861e-04 1.1895067577e-04 3.3159619568e+01
-1.2158101059e-04 1.1851007075e-04 3.3212987509e+01
-1.2423263885e-04 1.1805986586e-04 3.3267355206e+01
-1.2688517297e-04 1.1759997334e-04 3.3322431386e+01
-1.2953846017e-04 1.1713029817e-04 3.3378862482e+01
-1.3219233911e-04 1.1665074899e-04 3.3437054832e+01
-1.3484670177e-04 1.1616123155e-04 3.3495187352e+01
-1.3750135519e-04 1.1566167639e-04 3.3554262402e+01
-1.4015618569e-04 1.1515199284e-04 3.3615000767e+01
-1.4281102538e-04 1.1463209970e-04 3.3676974719e+01
-1.4546574195e-04 1.1410190114e-04 3.3740222270e+01
-1.4812019035e-04 1.1356132830e-04 3.3803479059e+01
-1.5077419526e-04 1.1301030393e-04 3.3869317542e+01
-1.5342766180e-04 1.1244874171e-04 3.3936643269e+01
-1.5608042678e-04 1.1187657574e-04 3.4003177868e+01
-1.5873231610e-04 1.1129371946e-04 3.4071472500e+01
-1.6138322209e-04 1.1070008971e-04 3.4141151473e+01
-1.6403298211e-04 1.1009562344e-04 3.4212186324e+01
-1.6668145526e-04 1.0948024949e-04 3.4284188732e+01
-1.6932850228e-04 1.0885388478e-04 3.4357075348e+01
-1.7197397125e-04 1.0821645339e-04 3.4431207057e+01
-1.7461772423e-04 1.0756788813e-04 3.4506585166e+01
-1.7725959258e-04 1.0690813100e-04 3.4583215043e+01
-1.7989947807e-04 1.0623709291e-04 3.4661192363e+01
-1.8253721063e-04 1.0555470772e-04 3.4740398390e+01
-1.8517266153e-04 1.0486090146e-04 3.4820238795e+01
-1.8780570639e-04 1.0415560417e-04 3.4900824277e+01
-1.9043618370e-04 1.0343877368e-04 3.4981764954e+01
-1.9306394760e-04 1.0271034304e-04 3.5062978802e+01
-1.9568883586e-04 1.0197025143e-04 3.5145553994e+01
-1.9831066163e-04 1.0121845288e-04 3.5228314509e+01
-2.0092933447e-04 1.0045487097e-04 3.5311921159e+01
-2.0354466646e-04 9.9679477489e-05 3.5396146497e+01
-2.0615650504e-04 9.8892217111e-05 3.5479999078e+01
-2.0876470758e-04 9.8093037785e-05 3.5564327004e+01
-2.1136907311e-04 9.7281905296e-05 3.5647847668e+01
-2.1396951566e-04 9.6458783793e-05 3.5731214700e+01
-2.1656578137e-04 9.5623669167e-05 3.5812632509e+01
-2.1915775387e-04 9.4776513347e-05 3.5893168461e+01
-2.2174522876e-04 9.3917313660e-05 3.5971484473e+01
-2.2432800103e-04 9.3046076920e-05 3.6046915751e+01
-2.2690587976e-04 9.2162828009e-05 3.6117305138e+01
-2.2947862228e-04 9.1267578418e-05 3.6181530719e+01
-2.3204595482e-04 9.0360366647e-05 3.6235069814e+01
-2.3460753946e-04 8.9441237071e-05 3.6276560357e+01
-2.3716272074e-04 8.8510329330e-05 3.6300380625e+01
-2.3971061752e-04 8.7567554925e-05 3.6329770400e+01
-2.4224936245e-04 8.6612965990e-05 3.6486779169e+01
-2.4477724471e-04 8.5646401262e-05 3.6907334150e+01
-2.4729555897e-04 8.4668291960e-05 3.7412816494e+01
-2.4980789011e-04 8.3678159699e-05 3.7838271869e+01
-2.5231703521e-04 8.2675219063e-05 3.8113799584e+01
-2.5482413145e-04 8.1659258566e-05 3.8260046132e+01
-2.5732844393e-04 8.0630784887e-05 3.8350349111e+01
-2.5982901690e-04 7.9590151428e-05 3.8440439009e+01
-2.6232507654e-04 7.8537871454e-05 3.8536676111e+01
-2.6481639679e-04 7.7474346743e-05 3.8638129774e+01
-2.6730282251e-04 7.6400021070e-05 3.8743790738e+01
-2.6978425772e-04 7.5315443676e-05 3.8851107177e+01
-2.7226074877e-04 7.4221206062e-05 3.8956775779e+01
-2.7473243476e-04 7.3117961416e-05 3.9071466837e+01
-2.7719943980e-04 7.2006516974e-05 3.9178675195e+01
-2.7966228850e-04 7.0887732787e-05 3.9285916809e+01
-2.8212125901e-04 6.9762825292e-05 3.9383387896e+01
-2.8457702198e-04 6.8633085874e-05 3.9479891651e+01
-2.8703033417e-04 6.7500060526e-05 3.9568237363e+01
-2.8948219895e-04 6.6365655886e-05 3.9639352910e+01
-2.9193386780e-04 6.5232189709e-05 3.9694713829e+01
-2.9438698434e-04 6.4102463315e-05 3.9718015378e+01
-2.9684346154e-04 6.2979908205e-05 3.9710797800e+01
-2.9930572859e-04 6.1869009014e-05 3.9663897931e+01
-3.0177747393e-04 6.0775244620e-05 3.9495723562e+01
-3.0426204628e-04 5.9705968948e-05 3.9312111953e+01
-3.0676498760e-04 5.8671200775e-05 3.8969430407e+01
-3.0929262096e-04 5.7685290072e-05 3.8367309136e+01
-3.1185291417e-04 5.6770713079e-05 3.8035952743e+01
-3.1445718170e-04 5.5967242346e-05 3.7832416615e+01
-3.1711251303e-04 5.5398770359e-05 3.1442781916e+01
-3.2008984499e-04 5.5184420474e-05 1.6468817589e+01
-3.2502662691e-04 5.4452310256e-05 1.4173252600e+01
-3.3055479297e-04 5.2435928614e-05 1.1826474759e+01
-3.3598679826e-04 4.9844783280e-05 1.2351203496e+01
-3.4137612194e-04 4.6884661364e-05 1.1987440034e+01
-3.4675205667e-04 4.3617819348e-05 1.1717095468e+01
-3.5213581731e-04 4.0069566632e-05 1.1361053716e+01
-3.5754579242e-04 3.6246681222e-05 1.0972047910e+01
-3.6300260784e-04 3.2141200508e-05 1.0541714030e+01
-3.6852091748e-04 2.7736604239e-05 1.0108154532e+01
-3.7412591615e-04 2.3001806238e-05 9.6232691026e+00
-3.7985342142e-04 1.7894386800e-05 9.0702134346e+00
-3.8576530743e-04 1.2370653056e-05 8.7381758802e+00
-3.9208624652e-04 6.4026996584e-06 8.2736246424e+00
-3.9600000000e-04 3.0463089129e-20 -6.0408466784e-01
-3.9200000000e-04 3.0310008279e-20 -6.6243047076e-01
-3.8800000000e-04 3.0156927429e-20 -1.5261437948e+00
-3.8400000000e-04 3.0003846579e-20 2.7800676523e+00
-3.8000000000e-04 2.9850765729e-20 9.2603281282e+00
-3.7600000000e-04 2.9697684879e-20 1.6294594787e+01
-3.5600000000e-04 2.8932280630e-20 2.3373606492e+01
-3.5200000000e-04 2.8779199780e-20 2.2556910734e+01
3.3200000000e-04 2.6023744482e-21 1.7393750026e+01
3.3600000000e-04 2.4492935983e-21 1.7492029012e+01
3.5200000000e-04 1.8369701987e-21 1.2249106716e+01
3.5600000000e-04 1.6838893488e-21 1.0926884325e+01
3.6000000000e-04 1.5308084989e-21 9.6462753189e+00
3.6400000000e-04 1.3777276490e-21 8.3677434272e+00
3.6800000000e-04 1.2246467991e-21 7.0633496875e+00
3.7200000000e-04 1.0715659493e-21 5.7024313930e+00
3.7600000000e-04 9.1848509936e-22 4.2479132007e+00
3.8000000000e-04 7.6540424947e-22 2.6635392807e+00
3.8400000000e-04 6.1232339957e-22 7.9561896238e-01
3.8800000000e-04 4.5924254968e-22 -7.1287468714e-01
3.9200000000e-04 3.0616169979e-22 -1.0038182353e+00
5.4345760695e-07 1.2902922825e-04 4.2575319793e+01
-1.4164850917e-05 1.4627324579e-06 4.8466698277e+01
5.3479913012e-05 1.5019787032e-06 3.2911085520e+01
-5.3997482732e-05 1.4532089418e-06 5.2444577357e+01
1.7687344393e-05 1.4781333019e-06 4.2232905327e+01
4.2952571681e-05 1.3373884789e-04 6.4461806757e+01
8.5242337054e-05 1.5219244022e-06 2.5650575841e+01
1.1698171853e-04 1.5318639346e-06 2.2413750521e+01
8.4450138049e-05 1.5246154895e-04 1.9179162194e+01
1.4480056742e-04 1.5249477463e-06 2.1603075376e+01
-1.4558778560e-04 1.4555772584e-06 5.2117468686e+01
1.1420590312e-04 1.5935470546e-04 1.7648533071e+01
1.7274493351e-04 1.5740826906e-06 2.1017882731e+01
-1.7347783613e-04 1.4488510626e-06 5.0542528331e+01
2.0067142500e-04 1.7705420421e-06 2.0662691003e+01
-2.0128756193e-04 1.4679656926e-06 4.7992270584e+01
1.8329755983e-04 1.6364292713e-04 1.3602315320e+01
-2.2910837301e-04 1.4807893174e-06 4.3509451195e+01
2.2858004657e-04 2.0856069411e-06 2.1081911117e+01
2.1875342184e-04 1.5718039705e-04 1.3288882796e+01
2.5654986470e-04 2.5276608473e-06 2.2037325758e+01
-2.5691779053e-04 1.4935171816e-06 3.4778100799e+01
2.4865922375e-04 1.4760275170e-04 1.3023491954e+01
2.7759169226e-04 1.3540964130e-04 1.2725370961e+01
2.8042762914e-04 3.0650333960e-06 1.9352068495e+01
-2.8063687151e-04 1.5513083001e-06 2.0971562927e+01
3.0466514941e-04 1.1929950940e-04 1.2495670976e+01
-3.0398094693e-04 1.6945607771e-06 1.7059465545e+01
3.0434814226e-04 3.1442153357e-06 1.7866879805e+01
3.2551930517e-04 1.0415884238e-04 1.2303725713e+01
-3.4080384371e-05 1.4567543148e-06 5.0939356390e+01
3.2449745948e-04 3.3644846232e-06 1.7075538319e+01
-3.2342494949e-04 1.9283987624e-06 1.7114961363e+01
-3.0263559102e-04 5.7937642155e-05 3.5449518256e+01
3.4525765895e-04 8.5373594065e-05 1.2153066366e+01
-3.4275884442e-04 2.3647024862e-06 1.9971238657e+01
3.4499621813e-04 3.6709833026e-06 1.4918483993e+01
3.6036622535e-04 6.8161269855e-05 1.1964929973e+01
-3.1611251825e-04 5.3550256750e-05 1.6945554012e+01
1.0110936589e-04 1.5284801872e-06 2.3494209398e+01
-1.0179267687e-04 1.4516313571e-06 5.3325049985e+01
6.9367476660e-05 1.5126889342e-06 2.8918145828e+01
-6.9930680494e-05 1.4517750499e-06 5.3091797062e+01
-3.1663409026e-05 1.2681336716e-04 3.1827954155e+01
1.0376581099e-05 1.2990357692e-04 4.7305770558e+01
-7.7892239311e-05 1.2294589772e-04 3.2389685368e+01
-1.0164451118e-04 1.1953308672e-04 3.2798158658e+01
7.1249995834e-05 1.4592029266e-04 2.3372527591e+01
9.8765191114e-05 1.5647788022e-04 1.8592776931e+01
1.2907824446e-04 1.6252812272e-04 1.7456304194e+01
1.6453793136e-04 1.6486833942e-04 1.3786884296e+01
2.0114136162e-04 1.6042795768e-04 1.3486767859e+01
-3.5826167168e-04 3.1243502712e-06 2.1174640374e+01
3.6082258994e-04 3.9745983046e-06 1.0130565228e+01
3.7083778980e-04 5.2789318812e-05 1.1755030378e+01
-3.3318705097e-04 4.8352046435e-05 1.3361141687e+01
-3.5413726625e-04 3.5832348854e-05 1.1558941242e+01
3.8008570249e-04 3.6166638120e-05 1.1332764539e+01
-2.9236251698e-04 1.6043832683e-06 1.7067476505e+01
2.6859760871e-04 2.7610435228e-06 2.2190024746e+01
2.9232574022e-04 3.1776392168e-06 1.7650844231e+01
2.4456185105e-04 2.3268225401e-06 2.1630199291e+01
-2.6875468677e-04 1.5230028933e-06 2.8741619624e+01
2.1664194332e-04 1.9482230055e-06 2.0818097207e+01
-1.8935696564e-04 1.4642652960e-06 4.9246592199e+01
1.8872983420e-04 1.6796929805e-06 2.0751655996e+01
-1.6150749362e-04 1.4580748313e-06 5.1307996961e+01
1.6079155538e-04 1.5393263258e-06 2.1275103721e+01
1.3287779864e-04 1.5327004637e-06 2.1973140174e+01
-1.3364578434e-04 1.4540899651e-06 5.2591324861e+01
-3.7028254448e-04 3.6330931569e-06 1.6471125389e+01
3.7257740501e-04 4.1595229054e-06 6.8857744428e+00
2.3180415202e-04 1.5284485854e-04 1.3207945677e+01
-2.4557320926e-04 8.3149547061e-05 3.7273119125e+01
2.6158780844e-04 1.4256884647e-04 1.2892777676e+01
2.8908183657e-04 1.2910914545e-04 1.2624914412e+01
3.1500461310e-04 1.1286960600e-04 1.2369095368e+01
-2.9510299512e-04 6.1317248629e-05 3.7499543281e+01
3.3540884564e-04 9.5089814107e-05 1.2239156743e+01
-3.6987393655e-04 2.3975931952e-05 1.0299288978e+01
3.8679029212e-04 2.1982755236e-05 1.0546452992e+01
-3.8211130125e-04 4.1191890899e-06 6.8525175999e+00
3.8438397179e-04 4.3205566269e-06 3.7545516739e+00
-3.5049163287e-04 2.6991132916e-06 2.1143581836e+01
3.5286091816e-04 3.9294285350e-06 1.2425878832e+01
-3.3502015588e-04 2.1245469254e-06 1.8072111784e+01
3.3681273541e-04 3.5723949163e-06 1.6597579314e+01
3.1653909874e-04 3.1002600890e-06 1.7440030222e+01
-3.1563290921e-04 1.8214338328e-06 1.7068833399e+01
-2.3705082192e-04 1.4861334277e-06 4.1604352659e+01
2.3658020218e-04 2.2069127739e-06 2.1350197283e+01
2.0866889764e-04 1.8594526975e-06 2.0709325647e+01
-2.0923919064e-04 1.4709014452e-06 4.6974770211e+01
1.8075035026e-04 1.6253999334e-06 2.0874084147e+01
1.5280405141e-04 1.5314824730e-06 2.1607891804e+01
-1.2568350542e-04 1.4532684537e-06 5.2848268736e+01
1.0904374138e-04 1.5305473976e-06 2.2843271169e+01
1.2492572769e-04 1.5325239985e-06 2.2140395179e+01
9.3176224515e-05 1.5256014821e-06 2.4420214239e+01
-1.0975690570e-04 1.4520334921e-06 5.3218011396e+01
-9.3827889226e-05 1.4513869374e-06 5.3373640070e+01
-7.7896834167e-05 1.4514374225e-06 5.3266255810e+01
7.7306343463e-05 1.5175675589e-06 2.7165554207e+01
-4.6030629791e-05 1.4543679386e-06 5.1945694074e+01
4.5504282267e-05 1.4890569265e-06 3.5044154273e+01
2.5645979895e-05 1.4830313466e-06 4.0282544091e+01
9.7265978510e-06 1.4736171843e-06 4.4044850165e+01
6.1425371484e-05 1.5074436533e-06 3.0852640880e+01
-6.1998311087e-06 1.4659002656e-06 4.7171199668e+01
-6.7737032429e-06 1.2857137848e-04 3.9027508677e+01
-4.9214545382e-05 1.2554988158e-04 3.1979876424e+01
1.4972788560e-05 1.3011824065e-04 4.7748309994e+01
-7.3023152862e-05 1.2315847731e-04 3.2300512141e+01
5.6465099864e-05 1.3662165645e-04 7.0753997248e+01
-1.0661779332e-04 1.1871235556e-04 3.2894769226e+01
6.6468379567e-05 1.4175597864e-04 1.2905886035e+01
-1.3062272878e-04 1.1483123788e-04 3.3415303107e+01
9.1614663514e-05 1.5490484717e-04 1.8771138324e+01
1.0654929799e-04 1.5812663630e-04 1.8279871580e+01
-1.5230111036e-04 1.1084815434e-04 3.3946083124e+01
-1.6240821528e-04 1.0837340050e-04 3.4225974532e+01
1.3746265405e-04 1.6445950673e-04 1.7644262138e+01
-1.8351131264e-04 1.0317718530e-04 3.4844777618e+01
1.5570945282e-04 1.6520097075e-04 1.3843810316e+01
-1.9382389828e-04 1.0049782819e-04 3.5160132122e+01
1.9206209709e-04 1.6250777918e-04 1.3526397771e+01
-2.0449369457e-04 9.7425537641e-05 3.5497380487e+01
2.1023625032e-04 1.5917089259e-04 1.3366947993e+01
-2.1480882531e-04 9.3927471869e-05 3.5831983207e+01
2.4043926462e-04 1.5063178920e-04 1.3095616348e+01
-2.5052456203e-04 8.1328730802e-05 3.7735777050e+01
2.6880279550e-04 1.3994668516e-04 1.2794346810e+01
2.9678507818e-04 1.2467972301e-04 1.2549502626e+01
-2.6804077727e-04 7.3831028379e-05 3.8359161281e+01
3.5172386210e-04 7.8486080564e-05 1.2081382457e+01
-3.2287462037e-04 5.2251038609e-05 1.7982382454e+01
3.6586860915e-04 6.0697762380e-05 1.1867544162e+01
3.7598076732e-04 4.4729249450e-05 1.1559124904e+01
-3.4365108088e-04 4.2634142126e-05 1.2441004209e+01
3.9067901808e-04 1.2600365127e-05 9.2724976968e+00
-3.8190396164e-04 1.3274479720e-05 8.9230107069e+00
-3.8945368390e-04 4.2757217952e-06 7.0265056341e-01
3.9213319295e-04 4.1711917778e-06 2.2893512451e+00
-3.8582767504e-04 4.2477084460e-06 2.8898271244e+00
-3.7970078336e-04 8.3876971433e-06 9.2815774163e+00
-3.7617458293e-04 8.0225252833e-06 1.1263908100e+01
-3.7366936389e-04 1.2215465448e-05 1.1333088586e+01
-3.7023507891e-04 1.1641102852e-05 1.2654309952e+01
-3.6771029866e-04 1.5740615431e-05 1.2210597522e+01
-3.6433163080e-04 1.4982921683e-05 1.3291899887e+01
-3.6182201114e-04 1.8990446665e-05 1.2801201260e+01
-3.5847687610e-04 1.8076573136e-05 1.3828301756e+01
-3.5599973999e-04 2.1994687329e-05 1.3416844459e+01
-3.5267130500e-04 2.0949570828e-05 1.4514818454e+01
-3.5023508028e-04 2.4778019968e-05 1.4219259333e+01
-3.4690690078e-04 2.3625174500e-05 1.5568482761e+01
-3.4451398015e-04 2.7360333498e-05 1.5429459055e+01
-3.4116433867e-04 2.6123859690e-05 1.6849502107e+01
-3.3881156358e-04 2.9758590627e-05 1.6863059782e+01
-3.3560021301e-04 2.8426781250e-05 1.7025114241e+01
-3.3777055227e-04 2.4922052004e-05 1.7029415715e+01
-3.3244916440e-04 2.7124862759e-05 1.6995995934e+01
-3.3035553045e-04 3.0516860318e-05 1.6997381961e+01
-3.2742608168e-04 2.9141696271e-05 1.7037995696e+01
-3.2453845402e-04 2.7830051254e-05 1.7077072495e+01
-3.2271268648e-04 3.0984112425e-05 1.7076123546e+01
-3.1999807309e-04 2.9647288080e-05 1.7118374723e+01
-3.1573760117e-04 3.1332900247e-05 1.7157299876e+01
-3.1729996018e-04 2.8428337001e-05 1.7134380606e+01
-3.1315799423e-04 3.0109009028e-05 1.7161892922e+01
-3.0926148574e-04 3.1698497829e-05 1.7177041062e+01
-3.1058720691e-04 2.8987436559e-05 1.7134806492e+01
-3.0675109914e-04 3.0599003858e-05 1.7149312784e+01
-3.0312538127e-04 3.2141939061e-05 1.7149316489e+01
-3.0064233489e-04 3.1151653998e-05 1.7139141068e+01
-2.9967181811e-04 3.3644085091e-05 1.7142632925e+01
-2.9475720215e-04 3.1772227068e-05 1.7126896593e+01
-2.9396679918e-04 3.4164554971e-05 1.7116988431e+01
-2.9224333061e-04 3.0937719118e-05 1.7108277390e+01
-2.8969705370e-04 3.0166167139e-05 1.7130699680e+01
-2.8653669074e-04 3.1711113859e-05 1.6993421523e+01
-2.8596288639e-04 3.3979776536e-05 1.6926159093e+01
-2.7790100322e-04 3.4133666641e-05 2.3282666156e+01
-2.7834249542e-04 3.1945024859e-05 2.2293722362e+01
-2.7568478668e-04 3.1383871183e-05 2.4072943934e+01
-2.7226603870e-04 3.5151219682e-05 2.7169845216e+01
-2.6686763244e-04 3.4148665365e-05 2.9685840175e+01
-2.6712527862e-04 3.2056873304e-05 2.9240592415e+01
-2.6409070945e-04 3.3711001678e-05 3.0846843976e+01
-2.6109132795e-04 3.5374924338e-05 3.2220751423e+01
-2.5826771333e-04 3.4983509279e-05 3.3166445066e+01
-2.5248449443e-04 3.4297494353e-05 3.4910544194e+01
-2.4952855081e-04 3.3997724549e-05 3.5710618207e+01
-2.4659345534e-04 3.5690512744e-05 3.6422355432e+01
-2.4663110831e-04 3.7685787889e-05 3.6403835804e+01
-2.4360908063e-04 3.5417745931e-05 3.7084645701e+01
-2.4058796940e-04 3.5167392654e-05 3.7710023679e+01
-2.3487827901e-04 3.8577785246e-05 3.8511014444e+01
-2.3185100377e-04 3.8346851842e-05 3.8974791014e+01
-2.2879299309e-04 3.8133402776e-05 3.9414762446e+01
-2.2570584915e-04 3.7935984917e-05 3.9831798018e+01
-2.2259105619e-04 3.7753291943e-05 4.0226862814e+01
-2.1945009132e-04 3.7584059602e-05 4.0600987996e+01
-2.1358030134e-04 3.9132536236e-05 4.0986303843e+01
-2.1040987655e-04 3.8984205216e-05 4.1290953327e+01
-2.0721790500e-04 3.8846076092e-05 4.1580473101e+01
-2.0400556076e-04 3.8717309006e-05 4.1855696833e+01
-2.0198002078e-04 4.2267167796e-05 4.1437511423e+01
-1.9880664427e-04 4.2130054858e-05 4.1669227821e+01
-1.9240126268e-04 4.1888068098e-05 4.2102389086e+01
-1.8917351335e-04 4.1777734015e-05 4.2305439455e+01
-1.8593028226e-04 4.1673741471e-05 4.2500150876e+01
-1.8267221822e-04 4.1575895841e-05 4.2686980262e+01
-1.7940006500e-04 4.1483824798e-05 4.2866388183e+01
-1.7611457368e-04 4.1397118568e-05 4.3038832582e+01
-1.7281645344e-04 4.1315392165e-05 4.3204733366e+01
-1.5385987694e-04 4.2655271850e-05 4.3675831618e+01
-1.5262898485e-04 4.6116992220e-05 4.2987143609e+01
-1.4933716626e-04 4.6049227215e-05 4.3107216004e+01
-1.4603651693e-04 4.5985110926e-05 4.3224013010e+01
-1.3941110161e-04 4.5866723253e-05 4.3448126830e+01
-1.3608664716e-04 4.5812348295e-05 4.3555471721e+01
-1.3275535505e-04 4.5761066443e-05 4.3659625457e+01
-1.2941753536e-04 4.5713529322e-05 4.3760355331e+01
-1.2607197788e-04 4.5667752227e-05 4.3858008476e+01
-1.2272115836e-04 4.5624725791e-05 4.3952140518e+01
-1.1936478595e-04 4.5584327197e-05 4.4042584215e+01
-1.1600311498e-04 4.5546476601e-05 4.4129098735e+01
-1.1263644380e-04 4.5511161797e-05 4.4211380246e+01
-1.0926509569e-04 4.5478327962e-05 4.4289089557e+01
-1.0588629891e-04 4.5448516545e-05 4.4361739553e+01
-1.0250954857e-04 4.5420016722e-05 4.4429083411e+01
-9.9129633608e-05 4.5394419795e-05 4.4490343976e+01
-9.8628958205e-05 4.8813483114e-05 4.3750902889e+01
-9.5302904486e-05 4.8787485856e-05 4.3808364269e+01
-9.1960052401e-05 4.8764425946e-05 4.3859567296e+01
-8.8611921322e-05 4.8744389051e-05 4.3903589231e+01
-8.5261009620e-05 4.8727218507e-05 4.3939665285e+01
-8.1907653491e-05 4.8712962219e-05 4.3966931055e+01
-7.8552085050e-05 4.8701882760e-05 4.3984400351e+01
-7.3587401051e-05 4.6984195245e-05 4.4339055957e+01
-7.0206063295e-05 4.6982064144e-05 4.4322397120e+01
-6.6823820503e-05 4.6982972208e-05 4.4291451718e+01
-6.3441005302e-05 4.6986896424e-05 4.4244847378e+01
-6.0057934162e-05 4.6995313170e-05 4.4180815104e+01
-5.6675972687e-05 4.7006943558e-05 4.4098041590e+01
-5.3295616152e-05 4.7023561601e-05 4.3994510636e+01
-5.3414176324e-05 5.0447516769e-05 4.3370564906e+01
-4.8313916731e-05 4.8763738637e-05 4.3496765720e+01
-4.4956150855e-05 4.8791750332e-05 4.3342230497e+01
-4.1600654669e-05 4.8824788490e-05 4.3160598903e+01
-3.8247538408e-05 4.8863230898e-05 4.2949539274e+01
-3.4897068407e-05 4.8907321669e-05 4.2706612233e+01
-3.1549944535e-05 4.8957375475e-05 4.2429276204e+01
-2.8206781302e-05 4.9013756389e-05 4.2114856136e+01
-2.4867911966e-05 4.9076696895e-05 4.1760555669e+01
-2.1534121736e-05 4.9146245635e-05 4.1363544647e+01
-1.8206047828e-05 4.9223808266e-05 4.0920696936e+01
-1.4884199554e-05 4.9308757683e-05 4.0429078970e+01
-1.1569440649e-05 4.9401735701e-05 3.9885580525e+01
-8.2625907167e-06 4.9503139500e-05 3.9287102527e+01
-4.9642601452e-06 4.9613319344e-05 3.8630527159e+01
1.8854666422e-05 5.2554667912e-05 3.1484756623e+01
2.2016248969e-05 5.2762613236e-05 3.0234533048e+01
2.5158057881e-05 5.2982991535e-05 2.8909496761e+01
2.8278402443e-05 5.3216011419e-05 2.7514657315e+01
3.1376679126e-05 5.3461490006e-05 2.6041076656e+01
3.4450390637e-05 5.3719674355e-05 2.4581800697e+01
3.9708735783e-05 5.2253325179e-05 2.2798825417e+01
4.2775607666e-05 5.2535262220e-05 2.2738475273e+01
4.5858737877e-05 5.2837537849e-05 2.2691818170e+01
4.8958651918e-05 5.3160406799e-05 2.2697635607e+01
5.2076115090e-05 5.3505038590e-05 2.2691322531e+01
5.2871833375e-05 5.5640536833e-05 2.2683661804e+01
5.5212226570e-05 5.3871106399e-05 2.2690812041e+01
5.5998944318e-05 5.6035956498e-05 2.2684272813e+01
5.9146246537e-05 5.6453817753e-05 2.2686381896e+01
6.2314145462e-05 5.6894732321e-05 2.2689694004e+01
6.7962696880e-05 5.5558009684e-05 2.2705457927e+01
7.1207026046e-05 5.6037271145e-05 2.2712972244e+01
7.4476345196e-05 5.6539796829e-05 2.2721893873e+01
7.7771804967e-05 5.7065752763e-05 2.2732137917e+01
7.8504335585e-05 5.9454158009e-05 2.2727712405e+01
8.1094398931e-05 5.7616025908e-05 2.2743846586e+01
8.1820875265e-05 6.0038951855e-05 2.2739879332e+01
8.5166398923e-05 6.0648548937e-05 2.2753481600e+01
8.8542240940e-05 6.1283076639e-05 2.2768477141e+01
9.1237830946e-05 5.9411245495e-05 2.2786400869e+01
9.4681445296e-05 6.0058411311e-05 2.2802724460e+01
9.5389760172e-05 6.2627702629e-05 2.2801993881e+01
9.8158444744e-05 6.0729841713e-05 2.2819748402e+01
9.8864099710e-05 6.3337869053e-05 2.2820113598e+01
1.0166976190e-04 6.1426161358e-05 2.2837400187e+01
-3.1956264493e-05 5.2417157891e-05 4.1937876950e+01
7.1920544199e-06 5.3702769934e-05 3.5167004459e+01
1.0237372809e-04 6.4073437995e-05 2.2838758552e+01
-7.3445012591e-05 5.0408817563e-05 4.3639813530e+01
1.0591989518e-04 6.4834285354e-05 2.2857789909e+01
1.0880066305e-04 6.2891976439e-05 2.2873049528e+01
4.4417519899e-05 5.6669490322e-05 2.2683315408e+01
1.1242256334e-04 6.3661487042e-05 2.2891424107e+01
1.1312713767e-04 6.6431934748e-05 2.2895314423e+01
1.1608361270e-04 6.4455276857e-05 2.2905747170e+01
-1.1861606202e-04 4.9026284927e-05 4.3299914352e+01
1.1679047256e-04 6.7268453114e-05 2.2922965585e+01
1.1978496696e-04 6.5273114151e-05 2.2917809449e+01
1.2049498507e-04 6.8130039987e-05 2.2896927309e+01
1.2352820878e-04 6.6114247024e-05 2.3035253150e+01
1.2730818827e-04 6.6979652025e-05 2.2531466358e+01
1.2800905988e-04 6.9923393248e-05 2.1983090326e+01
1.3107751990e-04 6.7859962434e-05 2.1445428199e+01
1.3175706375e-04 7.0843832992e-05 2.0945349352e+01
1.3483324576e-04 6.8752718899e-05 2.0502179983e+01
1.3549001834e-04 7.1775579386e-05 1.9969268093e+01
1.4230608893e-04 7.0566018730e-05 1.8810628775e+01
1.4602058302e-04 7.1478577718e-05 1.8107618171e+01
1.1748898531e-04 7.0129829366e-05 2.2923656015e+01
1.4660544872e-04 7.4603607317e-05 1.7571475580e+01
1.5026983583e-04 7.5546881846e-05 1.7074560343e+01
1.5394397354e-04 7.6497043286e-05 1.7015327061e+01
1.5710661446e-04 7.4219524813e-05 1.7014718319e+01
1.3614729727e-04 7.4857972562e-05 1.9390985678e+01
1.5765668443e-04 7.7481048962e-05 1.7041664800e+01
1.6083816579e-04 7.5171407628e-05 1.7042388311e+01
1.5656684801e-04 7.1043864047e-05 1.7073363340e+01
1.3037633441e-04 6.4925767214e-05 2.1929037700e+01
1.0450438930e-04 5.9502042390e-05 2.2853344050e+01
2.3153844533e-05 4.9155704168e-05 3.0494071641e+01
8.3715532256e-05 5.5768739302e-05 2.2759448685e+01
6.3972783239e-05 5.2879703025e-05 2.2703302326e+01
3.6706098955e-06 4.8177341807e-05 3.6849023863e+01
1.6140710259e-04 7.8498505852e-05 1.7039096967e+01
1.6460645979e-04 7.6157328332e-05 1.7039394154e+01
1.6519520195e-04 7.9548193923e-05 1.7036777638e+01
1.6841180064e-04 7.7176255816e-05 1.7037923147e+01
-7.8768259274e-05 4.5297862729e-05 4.4693587670e+01
1.5448581279e-04 7.9774843579e-05 1.7041422325e+01
1.6902103776e-04 8.0628564221e-05 1.7028744141e+01
1.7225431705e-04 7.8227099019e-05 1.7029767819e+01
1.7288446075e-04 8.1737527647e-05 1.7019830961e+01
1.7613408359e-04 7.9307892102e-05 1.7020353273e+01
1.7549282346e-04 7.5808329196e-05 1.7030966352e+01
1.7938719955e-04 7.6859976133e-05 1.7021139360e+01
1.8264411197e-04 7.4395498787e-05 1.7022290667e+01
1.8331812351e-04 7.7940739292e-05 1.7009659947e+01
1.8658787093e-04 7.5447753606e-05 1.7009901753e+01
1.8590520003e-04 7.1916391018e-05 1.7023891583e+01
1.8985989265e-04 7.2938882492e-05 1.7011316065e+01
1.9056790719e-04 7.6527926543e-05 1.7001983912e+01
1.9385108117e-04 7.3991796934e-05 1.6998553741e+01
1.9458355671e-04 7.7632094653e-05 1.6991264331e+01
1.9787830463e-04 7.5071428597e-05 1.7002110856e+01
1.8917092900e-04 6.9424724230e-05 1.7026030228e+01
-1.3707745187e-04 4.2385860425e-05 4.4275388582e+01
1.9863399602e-04 7.8755660785e-05 1.6978123562e+01
2.0194097390e-04 7.6172994625e-05 1.6922093315e+01
2.0270984431e-04 7.9890354260e-05 1.6627682178e+01
2.0677598968e-04 8.1007013167e-05 1.6323027115e+01
2.1009984268e-04 7.8377165582e-05 1.6300759338e+01
2.0933746978e-04 7.4660796237e-05 1.6553296199e+01
2.1342014201e-04 7.5730858715e-05 1.6288870676e+01
2.1264657041e-04 7.2021264837e-05 1.6529268111e+01
2.1749394087e-04 7.6783087361e-05 1.6052013577e+01
2.2081876767e-04 7.4097994546e-05 1.6057789284e+01
2.2005141412e-04 7.0390490825e-05 1.6285095507e+01
2.2414109374e-04 7.1397646665e-05 1.6069012843e+01
2.2489248779e-04 7.5109648115e-05 1.5868973196e+01
2.2822257796e-04 7.2387068077e-05 1.5887909905e+01
2.0344787161e-04 8.3619872102e-05 1.6349954413e+01
2.2895852811e-04 7.6103208692e-05 1.5706218511e+01
2.3229636942e-04 7.3358608026e-05 1.5730224473e+01
2.3154974657e-04 6.9649862632e-05 1.5910499630e+01
2.3563111008e-04 7.0599491009e-05 1.5758463640e+01
2.3636290180e-04 7.4312325193e-05 1.5593971277e+01
2.3970505442e-04 7.1531369391e-05 1.5625168396e+01
2.3487309141e-04 6.6898112143e-05 1.5936082410e+01
2.4042239940e-04 7.5248183386e-05 1.5474324214e+01
2.4377182604e-04 7.2445261481e-05 1.5507562654e+01
2.4447491337e-04 7.6166410775e-05 1.5367220340e+01
2.4783123880e-04 7.3341877429e-05 1.5401181429e+01
1.6963812706e-04 8.4147302469e-05 1.7019512829e+01
-1.6892788755e-04 4.6514284649e-05 4.2333977254e+01
-1.9097425740e-04 3.8281742074e-05 4.2829798175e+01
2.4852043977e-04 7.7067385448e-05 1.5269190113e+01
2.5188327568e-04 7.4221378558e-05 1.5302951657e+01
2.4515424832e-04 7.9898176550e-05 1.5238331951e+01
2.5118450915e-04 7.0502278730e-05 1.5438246425e+01
2.5524308541e-04 7.1360054025e-05 1.5339415473e+01
2.5453500441e-04 6.7647429092e-05 1.5478224959e+01
2.5860003543e-04 6.8483201334e-05 1.5378309891e+01
2.5788295052e-04 6.4777147343e-05 1.5520819131e+01
2.6195429907e-04 6.5590558999e-05 1.5419295046e+01
2.6601677962e-04 6.6387410461e-05 1.5320689581e+01
2.6670436958e-04 7.0105722520e-05 1.5187270194e+01
2.7006982924e-04 6.7168370577e-05 1.5222951788e+01
2.6122847666e-04 6.1891200099e-05 1.5565614764e+01
2.7074268376e-04 7.0893879859e-05 1.5092233830e+01
2.7411286675e-04 6.7934251988e-05 1.5124524291e+01
2.7477098488e-04 7.1667745808e-05 1.4995465290e+01
2.7814519962e-04 6.8685957591e-05 1.5024102197e+01
2.7748026390e-04 6.4957204867e-05 1.5156869836e+01
2.8151669758e-04 6.5686172558e-05 1.5052358039e+01
2.8084506513e-04 6.1962223004e-05 1.5188694636e+01
2.8488556390e-04 6.2667913402e-05 1.5079694737e+01
2.8554190270e-04 6.6402266521e-05 1.4944730532e+01
2.8891350509e-04 6.3360706353e-05 1.4967647696e+01
2.8825178002e-04 5.9630622816e-05 1.5105590127e+01
2.9228287554e-04 6.0299555437e-05 1.4988914345e+01
2.9292751962e-04 6.4041882933e-05 1.4851909517e+01
2.9629952283e-04 6.0956950901e-05 1.4868780628e+01
2.9161534379e-04 5.6573680227e-05 1.5129594688e+01
2.9692686733e-04 6.4712875910e-05 1.4731833558e+01
3.0030061035e-04 6.1604227109e-05 1.4744538195e+01
3.0091042174e-04 6.5375112677e-05 1.4606760242e+01
3.0428499192e-04 6.2242917520e-05 1.4615446249e+01
-1.8420614976e-04 4.5205644144e-05 4.1938113724e+01
-1.7524359999e-04 3.9626665900e-05 4.3427068036e+01
3.0487700496e-04 6.6030414149e-05 1.4475985469e+01
3.0825142694e-04 6.2874818650e-05 1.4480685043e+01
3.0149983528e-04 6.9163284520e-05 1.4469269410e+01
3.0765688477e-04 5.9088069262e-05 1.4622152870e+01
3.1162319883e-04 5.9695493769e-05 1.4483236954e+01
3.1102612959e-04 5.5909424496e-05 1.4626879190e+01
3.1499235775e-04 5.6491358183e-05 1.4483510156e+01
3.1439277504e-04 5.2705956251e-05 1.4629657122e+01
3.1835900750e-04 5.3261045102e-05 1.4481285286e+01
3.1775675854e-04 4.9476420142e-05 1.4630456736e+01
3.2172295674e-04 5.0003264991e-05 1.4476087175e+01
2.7139379133e-04 7.4632182980e-05 1.4966956637e+01
3.0544925712e-04 6.9835822060e-05 1.4335928639e+01
3.0207036959e-04 7.2968166156e-05 1.4331035046e+01
3.1893719047e-04 5.7068888997e-05 1.4332849968e+01
3.2111787165e-04 4.6219429118e-05 1.4628982465e+01
3.2508393168e-04 4.6716471132e-05 1.4466917810e+01
3.1712813996e-04 4.5715295187e-05 1.4781685797e+01
7.2692688551e-05 6.0713880936e-05 2.2701727324e+01
3.5314612328e-05 5.5726170842e-05 2.3333293551e+01
-2.4762417003e-06 5.3251419234e-05 3.7655664338e+01
-1.0861342515e-04 4.8911800924e-05 4.3544632971e+01
-2.2071945399e-05 5.2620067447e-05 4.0948335259e+01
-4.1874758217e-05 5.2275580522e-05 4.2601785132e+01
-2.3132285052e-04 3.4532291239e-05 3.9377960846e+01
2.0749659019e-04 8.4741893526e-05 1.6076638443e+01
2.0415497876e-04 8.7361270766e-05 1.6099980946e+01
2.0818703355e-04 8.8488017050e-05 1.5854592752e+01
2.0483162771e-04 9.1113782140e-05 1.5867389664e+01
2.0884771391e-04 9.2244424982e-05 1.5659208527e+01
2.0547744548e-04 9.4876579146e-05 1.5667426606e+01
2.0947873758e-04 9.6010291925e-05 1.5488906084e+01
2.1008042854e-04 9.9784561357e-05 1.5342560803e+01
2.0667823786e-04 1.0242857897e-04 1.5346940307e+01
2.1065343987e-04 1.0356607110e-04 1.5216457924e+01
2.0723378670e-04 1.0621541173e-04 1.5220847886e+01
2.1119848149e-04 1.0735359840e-04 1.5106569735e+01
2.0776056370e-04 1.1000768461e-04 1.5111406152e+01
2.0380422798e-04 1.0884623368e-04 1.5229079234e+01
2.0431148784e-04 1.1264302499e-04 1.5119702909e+01
2.0036380797e-04 1.1145771408e-04 1.5241432319e+01
2.1171670570e-04 1.1114583818e-04 1.5008285182e+01
2.0085021207e-04 1.1525880290e-04 1.5131640466e+01
1.9691143341e-04 1.1404894758e-04 1.5258302139e+01
1.9737558278e-04 1.1785403680e-04 1.5147477941e+01
1.9344476924e-04 1.1661885827e-04 1.5280284097e+01
1.9388611623e-04 1.2042760278e-04 1.5167570630e+01
1.8996447649e-04 1.1916669553e-04 1.5308069747e+01
2.1516216398e-04 1.0846946137e-04 1.5005997943e+01
2.1567313243e-04 1.1226144125e-04 1.4914248900e+01
2.1912523032e-04 1.0956383409e-04 1.4914014786e+01
2.1963005605e-04 1.1335549229e-04 1.4825113322e+01
2.2308802012e-04 1.1063738189e-04 1.4826662358e+01
1.9038073254e-04 1.2297830615e-04 1.5192345736e+01
1.8647042670e-04 1.2168980254e-04 1.5342570581e+01
1.9781021905e-04 1.2166077882e-04 1.5047095978e+01
2.2358769555e-04 1.1442890504e-04 1.4737709693e+01
2.2705060041e-04 1.1169114406e-04 1.4740903078e+01
1.8685823174e-04 1.2550444168e-04 1.5222325424e+01
1.8295747722e-04 1.2418772738e-04 1.5384996916e+01
1.8256155118e-04 1.2037169258e-04 1.5526688906e+01
1.7906082055e-04 1.2283927044e-04 1.5587197110e+01
1.7942550063e-04 1.2665820846e-04 1.5437219151e+01
1.7554068042e-04 1.2527668744e-04 1.5660444354e+01
1.7516720543e-04 1.2145830790e-04 1.5838247065e+01
1.7165868843e-04 1.2386301630e-04 1.5956567658e+01
1.7127428680e-04 1.2004537926e-04 1.6160672069e+01
1.6777715867e-04 1.2241804871e-04 1.6256019948e+01
1.6737920246e-04 1.1860126203e-04 1.6700630132e+01
1.6004065526e-04 1.1944055870e-04 1.6993916614e+01
1.6039792401e-04 1.2324635440e-04 1.7015261226e+01
1.5657821535e-04 1.2171885338e-04 1.6983676172e+01
1.5622506125e-04 1.1793115349e-04 1.6999025540e+01
1.5279894013e-04 1.2017942915e-04 1.7003521870e+01
1.5244865601e-04 1.1641538646e-04 1.7007601380e+01
1.4905989390e-04 1.1863306702e-04 1.7015469318e+01
1.4871174921e-04 1.1489933169e-04 1.7019052442e+01
1.4536097379e-04 1.1708594772e-04 1.7026344863e+01
1.4501528741e-04 1.1338865678e-04 1.7026587780e+01
1.4170262333e-04 1.1554463166e-04 1.7033892100e+01
1.4200913925e-04 1.1923644730e-04 1.7036020583e+01
1.3839143952e-04 1.1766391938e-04 1.7042644283e+01
1.3808560467e-04 1.1401577039e-04 1.7036144663e+01
1.3481526212e-04 1.1610413689e-04 1.7042787672e+01
1.3451027731e-04 1.1250579934e-04 1.7032536168e+01
1.3128118652e-04 1.1456338313e-04 1.7036204224e+01
1.3097808540e-04 1.1101794989e-04 1.7024285873e+01
1.2779006173e-04 1.1304646793e-04 1.7022887820e+01
1.2748847212e-04 1.0955782402e-04 1.7007385785e+01
1.2434251366e-04 1.1155751468e-04 1.7020628477e+01
1.2404446732e-04 1.0812260113e-04 1.6943274998e+01
1.2093913369e-04 1.1009998154e-04 1.6984779261e+01
1.1784288595e-04 1.1203572547e-04 1.7315220067e+01
1.1755487093e-04 1.0866330207e-04 1.8413600474e+01
1.1413206554e-04 1.0722032020e-04 2.0435936760e+01
1.0759499481e-04 1.0758196049e-04 2.3085933604e+01
1.0718290502e-04 1.0433915650e-04 2.2809227056e+01
1.0079531365e-04 1.0471600492e-04 2.2743688002e+01
9.7474143674e-05 1.0334688373e-04 2.2689496728e+01
9.7047943214e-05 1.0028331009e-04 2.2693579735e+01
9.4202470193e-05 1.0202094081e-04 2.2630940270e+01
9.4602710452e-05 1.0506229534e-04 2.2620582490e+01
9.1389313277e-05 1.0372256381e-04 2.2558826333e+01
9.0978179342e-05 1.0073858824e-04 2.2577217387e+01
8.7798835212e-05 9.9500054351e-05 2.2527628920e+01
8.5100544294e-05 1.0118065013e-04 2.2451219532e+01
8.4661721349e-05 9.8305522451e-05 2.2484226041e+01
8.2019469567e-05 9.9978581089e-05 2.2409059241e+01
8.1564217355e-05 9.7154562543e-05 2.2448130062e+01
7.8503339839e-05 9.6047165410e-05 2.2420307976e+01
7.2993330595e-05 9.6643889151e-05 2.2339763044e+01
7.0550757630e-05 9.8278769198e-05 2.2278416537e+01
6.7653883309e-05 9.7256066658e-05 2.2281733073e+01
6.4230188230e-05 9.3700902158e-05 2.2347606796e+01
5.9097735447e-05 9.4444355366e-05 2.2330503231e+01
5.6282574046e-05 9.3588194850e-05 2.2356921403e+01
5.3482572514e-05 9.2770300769e-05 2.2382832266e+01
5.2836758168e-05 9.0336856884e-05 2.2427125211e+01
5.0026933574e-05 8.9587869361e-05 2.2449970652e+01
4.5156304525e-05 9.0533236890e-05 2.2450243913e+01
4.2401232201e-05 8.9855359043e-05 2.2577154657e+01
3.9654348496e-05 8.9209487816e-05 2.2376124243e+01
3.8897934829e-05 8.6924390187e-05 2.2520133949e+01
3.4949749107e-05 9.0260275583e-05 2.5137541334e+01
3.2205608988e-05 8.9694668065e-05 2.6492991164e+01
2.9447179863e-05 8.9164846320e-05 2.7816811106e+01
2.8636260742e-05 8.6959607452e-05 2.7549564956e+01
2.5845701258e-05 8.6482957318e-05 2.8835048402e+01
2.0222541093e-05 8.5620874425e-05 3.1079023266e+01
1.7391266484e-05 8.5232067943e-05 3.2047934797e+01
1.4547713549e-05 8.4869485764e-05 3.2921235438e+01
9.7782707963e-06 8.6306889442e-05 3.4398248033e+01
6.9236722484e-06 8.6001425555e-05 3.4995023584e+01
4.0595904997e-06 8.5717630722e-05 3.5520426445e+01
3.0640503374e-06 8.3653434764e-05 3.5568145542e+01
1.1865849835e-06 8.5454319208e-05 3.5979671286e+01
1.6893906196e-07 8.3401755139e-05 3.6046908755e+01
-2.7346978248e-06 8.3168957955e-05 3.6463496889e+01
-1.0384108634e-05 8.4584626463e-05 3.7255339819e+01
-1.1490988953e-05 8.2572921894e-05 3.7390683687e+01
-1.4423169971e-05 8.2405430801e-05 3.7607883794e+01
-1.7361217941e-05 8.2251983519e-05 3.7786355461e+01
-2.0304740026e-05 8.2112193894e-05 3.7929999789e+01
-2.3253245969e-05 8.1985065430e-05 3.8042482928e+01
-2.9163547358e-05 8.1766228656e-05 3.8187280469e+01
-3.2124557866e-05 8.1673406768e-05 3.8225603985e+01
-3.5088938231e-05 8.1590663545e-05 3.8244850825e+01
-3.8056365098e-05 8.1517986299e-05 3.8247379474e+01
-4.2651483939e-05 8.3337808092e-05 3.7947655100e+01
-4.5604815920e-05 8.3286963409e-05 3.7905061970e+01
-4.9949162449e-05 8.1315421461e-05 3.8131951618e+01
-5.2926443753e-05 8.1284736490e-05 3.8080406632e+01
-5.5904714915e-05 8.1261800499e-05 3.8022601988e+01
-6.0392274875e-05 8.3151155000e-05 3.7593947845e+01
-6.3351720814e-05 8.3145445424e-05 3.7520377589e+01
-6.6311097054e-05 8.3146365138e-05 3.7445180668e+01
-7.0799685018e-05 8.1247617303e-05 3.7678070584e+01
-7.3777165348e-05 8.1263459284e-05 3.7603940419e+01
-7.8141838747e-05 8.3211770166e-05 3.7141242256e+01
-8.1096292587e-05 8.3242927342e-05 3.7066977237e+01
-8.4049574223e-05 8.3279353006e-05 3.6994232009e+01
-8.8640995144e-05 8.1427764744e-05 3.7238653090e+01
-9.1606619869e-05 8.1476753158e-05 3.7169255864e+01
-9.4569279151e-05 8.1531519313e-05 3.7101569280e+01
-9.8772611273e-05 8.3545909655e-05 3.6660374571e+01
-1.0343586863e-04 8.1726999370e-05 3.6910877442e+01
-1.0638324021e-04 8.1802396789e-05 3.6851789181e+01
-1.7975545450e-05 8.6100524040e-05 3.7589213413e+01
-2.9619567466e-05 8.5606652766e-05 3.7783544871e+01
-6.4141975698e-06 8.6812893370e-05 3.6915329648e+01
-1.0932586525e-04 8.1883784345e-05 3.6794884906e+01
-4.1322423188e-05 8.5289553771e-05 3.7691477487e+01
-1.1226354708e-04 8.1970360448e-05 3.6740332492e+01
1.6348379730e-05 8.9121118259e-05 3.3070536114e+01
-5.3062432904e-05 8.5117551263e-05 3.7448252884e+01
-1.1519591599e-04 8.2062434376e-05 3.6688088257e+01
4.8593985739e-05 9.3626445691e-05 2.2374652295e+01
-1.2104335544e-04 8.2263477053e-05 3.6590424145e+01
5.9671016385e-05 9.6958551017e-05 2.2272379932e+01
-1.2395782518e-04 8.2372245344e-05 3.6544991873e+01
-8.8309061705e-05 8.5273841885e-05 3.6542402692e+01
-1.2686552860e-04 8.2487369496e-05 3.6501638257e+01
-1.2976626792e-04 8.2608681575e-05 3.6460349170e+01
-1.3265947308e-04 8.2736373963e-05 3.6421051968e+01
-1.3648930011e-04 7.8990678130e-05 3.6992009903e+01
-1.4520319376e-04 7.9412333737e-05 3.6859607205e+01
-1.0221272451e-04 7.9777778413e-05 3.7287617063e+01
-9.9999027283e-05 8.5514255139e-05 3.6294269831e+01
-1.4808918349e-04 7.9566808448e-05 3.6818277322e+01
-1.4897243378e-04 8.1598885349e-05 3.6513326580e+01
-1.5096516841e-04 7.9728602728e-05 3.6778240039e+01
-1.5585864159e-04 7.8035174236e-05 3.7001855622e+01
-6.6354516990e-05 7.9334895784e-05 3.8130393723e+01
-1.1162942704e-04 8.5844329672e-05 3.6090879050e+01
1.0797104929e-04 1.1086860901e-04 2.2746339324e+01
-1.5872550057e-04 7.8212459255e-05 3.6958953554e+01
-1.5501860465e-04 7.6010977754e-05 3.7315124182e+01
-8.7318613863e-05 7.9499383031e-05 3.7628438400e+01
-1.6158071848e-04 7.8398107953e-05 3.6916977935e+01
-1.6442381248e-04 7.8592629749e-05 3.6875858315e+01
-1.2317743811e-04 8.6267304731e-05 3.5931018937e+01
-1.6862101460e-04 7.4884811801e-05 3.7372178911e+01
-1.7147364501e-04 7.5087663495e-05 3.7320079934e+01
-1.7713666098e-04 7.5523230900e-05 3.7217322667e+01
-1.7994605474e-04 7.5756911102e-05 3.7166686129e+01
1.3508355270e-04 1.1974285053e-04 1.7052401338e+01
4.6520670924e-05 8.6516110704e-05 2.2509984206e+01
5.7877391381e-05 8.9455930772e-05 2.2426740362e+01
-1.8057899752e-04 7.7853674143e-05 3.6899651282e+01
-1.8274005926e-04 7.6001862530e-05 3.7116592715e+01
-1.8432574905e-04 7.2072542605e-05 3.7609078257e+01
-1.8713824345e-04 7.2317173211e-05 3.7544918617e+01
-1.8771313982e-04 7.4413236540e-05 3.7275553521e+01
-1.8937636378e-04 7.0484256463e-05 3.7754091363e+01
-1.9496666605e-04 7.1010811973e-05 3.7611381864e+01
-1.9773389034e-04 7.1294343896e-05 3.7540781121e+01
-2.0048183248e-04 7.1592298325e-05 3.7471003955e+01
-2.0510240927e-04 6.7946641092e-05 3.7804293498e+01
-2.0784275160e-04 6.8261625470e-05 3.7718306832e+01
7.7999366849e-05 9.3295271713e-05 2.2460681097e+01
-2.1056105425e-04 6.8593279801e-05 3.7634064090e+01
-2.1562520124e-04 6.7132716491e-05 3.7675591537e+01
-2.1531788493e-04 6.4976393837e-05 3.7884856861e+01
-2.1830122728e-04 6.7502569790e-05 3.7587965613e+01
-2.2313302609e-04 6.3906454327e-05 3.7763049777e+01
1.5688911209e-04 1.2551827826e-04 1.6985705126e+01
-2.2578973784e-04 6.4302096484e-05 3.7659124129e+01
1.1023949495e-04 1.0251946352e-04 2.3076233112e+01
-2.2841914304e-04 6.4719903239e-05 3.7561755070e+01
2.2754603938e-04 1.1548279267e-04 1.4649647763e+01
2.3101292178e-04 1.1272614249e-04 1.4654420575e+01
2.2406741652e-04 1.1822255535e-04 1.4646195121e+01
-2.3348595307e-04 6.3384496333e-05 3.7483324765e+01
-2.3337958048e-04 6.1164872173e-05 3.7575419503e+01
3.5710230008e-05 9.2519215113e-05 2.5660967218e+01
6.8150246080e-05 9.9887515132e-05 2.2218019607e+01
9.1763381498e-05 1.0673954437e-04 2.2540486432e+01
1.1807891223e-04 1.1544259079e-04 1.6927502242e+01
-7.8343685115e-05 7.9395465837e-05 3.7845977560e+01
-2.2328374356e-04 4.1568160447e-05 3.9730462089e+01
-5.7356497032e-05 7.9353418951e-05 3.8317389746e+01
-3.9381994661e-05 7.9583898598e-05 3.8502489090e+01
7.3728658396e-05 5.4220659524e-05 2.2725437531e+01
1.4541110569e-04 6.8399787725e-05 1.8597728441e+01
9.3963786822e-05 5.7528510433e-05 2.2803306763e+01
3.5775268517e-05 5.0019656008e-05 2.5043362216e+01
1.3480934823e-05 4.8620240253e-05 3.3978711166e+01
1.3620872131e-05 8.2766614988e-05 3.2925818688e+01
3.0602859448e-05 8.5256654295e-05 2.5951116848e+01
-8.8961525207e-05 4.5335012423e-05 4.4631613151e+01
1.3064481352e-04 1.0752595395e-04 1.7010570380e+01
-1.7908326103e-04 8.1832257914e-05 3.6435118273e+01
3.0600346348e-04 7.3658426406e-05 1.4194347927e+01
3.0262359075e-04 7.6789120335e-05 1.4191093059e+01
-2.3605818123e-04 6.3855536152e-05 3.7388935475e+01
-2.3850867330e-04 5.9854648510e-05 3.7379587786e+01
1.7585985841e-04 1.2909525514e-04 1.5502591059e+01
2.3150482968e-04 1.1651828188e-04 1.4559137837e+01
2.3497483400e-04 1.1374335265e-04 1.4565456081e+01
3.2048494010e-04 4.2460587034e-05 1.4785111247e+01
3.1647141443e-04 4.1977610683e-05 1.4936539526e+01
-2.4361668496e-04 6.0849663945e-05 3.7120627141e+01
1.9297010358e-04 1.1281260812e-04 1.5409870647e+01
1.4832657147e-04 1.1119842618e-04 1.7020676988e+01
-2.4622530893e-04 5.6855306292e-05 3.6874651694e+01
2.3546377031e-04 1.1753653961e-04 1.4464845584e+01
2.3893591375e-04 1.1474415104e-04 1.4472675822e+01
3.0654152155e-04 7.7497383737e-05 1.4050384368e+01
3.0316126959e-04 8.0625307963e-05 1.4048549464e+01
3.1982242349e-04 3.8726452746e-05 1.4946433495e+01
3.1578551161e-04 3.8262974030e-05 1.5096945591e+01
-2.5113672991e-04 6.0245646887e-05 3.6683200666e+01
-2.5386711744e-04 5.6236246768e-05 3.6184269001e+01
-2.5632034107e-04 5.6842085177e-05 3.6013963142e+01
1.7352069536e-04 8.5308204208e-05 1.7011280771e+01
2.3942249191e-04 1.1853882608e-04 1.4365781789e+01
2.4289582982e-04 1.1572961238e-04 1.4375081656e+01
2.4239760111e-04 1.1193521620e-04 1.4481332809e+01
2.4635885204e-04 1.1290382104e-04 1.4384867290e+01
-2.6136616583e-04 5.5815443135e-05 3.5373833312e+01
2.3593776628e-04 1.2133118838e-04 1.4356754030e+01
2.4918638626e-04 8.0803497401e-05 1.5146853783e+01
1.7084316853e-04 1.1622972762e-04 1.6379301603e+01
2.5714199596e-04 6.1083312207e-05 1.5672976521e+01
2.6047869626e-04 5.8204438139e-05 1.5721242732e+01
2.5637684391e-04 5.7401744809e-05 1.5837273019e+01
2.5970459347e-04 5.4530301011e-05 1.5888005865e+01
2.5558738936e-04 5.3732472160e-05 1.6006035103e+01
2.5890600140e-04 5.0868754371e-05 1.6065699065e+01
2.5477359152e-04 5.0075360115e-05 1.6205407904e+01
2.5808315446e-04 4.7219277776e-05 1.6227257310e+01
2.5393584155e-04 4.6430553415e-05 1.6412953575e+01
2.5723656781e-04 4.3577732667e-05 1.6528144971e+01
2.5307801430e-04 4.2805556928e-05 1.6897151793e+01
2.5638765419e-04 4.0000406161e-05 1.7127839639e+01
2.5230119822e-04 3.9377231908e-05 1.7032430015e+01
2.6052919332e-04 4.0714934287e-05 1.6589727786e+01
2.5970665122e-04 3.7206093258e-05 1.7096330670e+01
2.6382459902e-04 3.7846305175e-05 1.6812250693e+01
2.4897148909e-04 4.2106897211e-05 1.7078450615e+01
2.4826292918e-04 3.8844080589e-05 1.7028225602e+01
2.4491216135e-04 4.1493130665e-05 1.7028369133e+01
2.4425870505e-04 3.8385226231e-05 1.7091329785e+01
2.4089205150e-04 4.0958294287e-05 1.7035490980e+01
2.4026741267e-04 3.7957641890e-05 1.7179458199e+01
2.3689618313e-04 4.0479498004e-05 1.7133663916e+01
2.3626866259e-04 3.7519656346e-05 1.7303892176e+01
2.3226390279e-04 3.7059765762e-05 1.7468877506e+01
2.2891215911e-04 3.9535582337e-05 1.7314561166e+01
2.2491631212e-04 3.9037402777e-05 1.7399269438e+01
2.2425674044e-04 3.6093715473e-05 1.7558188227e+01
2.2092700025e-04 3.8527337795e-05 1.7415293708e+01
2.2026554854e-04 3.5596697213e-05 1.7599356826e+01
2.1694681141e-04 3.8009060071e-05 1.7470183077e+01
2.1628420874e-04 3.5093103231e-05 1.7626161928e+01
2.1297478051e-04 3.7485013089e-05 1.7507021656e+01
2.1231365203e-04 3.4586737817e-05 1.7669490459e+01
2.0901313343e-04 3.6956709389e-05 1.7552637239e+01
2.0835330815e-04 3.4078395235e-05 1.7724431046e+01
2.0440298216e-04 3.3570176217e-05 1.7792666038e+01
2.0111989118e-04 3.5896201072e-05 1.7697037109e+01
1.9718666113e-04 3.5367069441e-05 1.7796087499e+01
1.9652835204e-04 3.2558581933e-05 1.7989223731e+01
1.9326126094e-04 3.4840499991e-05 1.7916563400e+01
1.9260286064e-04 3.2058230311e-05 1.8117028270e+01
1.8934313635e-04 3.4317894624e-05 1.8062728093e+01
1.8868381022e-04 3.1562833687e-05 1.8274750863e+01
1.8543017165e-04 3.3800306138e-05 1.8238997901e+01
1.8476955241e-04 3.1073425860e-05 1.8463855392e+01
1.8085925320e-04 3.0590815879e-05 1.8680947995e+01
1.7695139362e-04 3.0115833382e-05 1.8931518426e+01
1.7304490588e-04 2.9648910810e-05 1.9217878035e+01
1.6981627198e-04 3.1796786403e-05 1.9279182071e+01
1.6591517045e-04 3.1317410692e-05 1.9632313605e+01
1.6523170287e-04 2.8744607310e-05 1.9895918121e+01
1.6201297329e-04 3.0848398635e-05 2.0021171188e+01
1.6132341919e-04 2.8308069129e-05 2.0286406415e+01
1.5810899011e-04 3.0390538376e-05 2.0449514104e+01
1.5741308966e-04 2.7883174080e-05 2.0716380874e+01
1.5349986969e-04 2.7470808226e-05 2.1190867554e+01
1.4958353766e-04 2.7071837701e-05 2.1687241582e+01
1.4566416293e-04 2.6686717490e-05 2.2217642281e+01
1.4174146879e-04 2.6317829574e-05 2.2808483111e+01
1.3854314364e-04 2.8298765110e-05 2.2998745002e+01
1.3464315954e-04 2.7926817017e-05 2.2920473907e+01
1.3077436100e-04 2.7572405963e-05 2.2927805595e+01
1.2693500754e-04 2.7236301214e-05 2.2917059523e+01
1.2623351065e-04 2.5016488720e-05 2.2914146609e+01
1.2312454319e-04 2.6918829246e-05 2.2907066497e+01
1.2242694897e-04 2.4737126250e-05 2.2903534403e+01
1.1934243938e-04 2.6620261603e-05 2.2896377006e+01
1.1864745882e-04 2.4476490182e-05 2.2893479991e+01
1.1489441864e-04 2.4234536199e-05 2.2883377698e+01
1.1116744298e-04 2.4010449886e-05 2.2873967669e+01
1.0746551110e-04 2.3805136584e-05 2.2865310174e+01
1.0378839145e-04 2.3616925839e-05 2.2858149085e+01
1.0013541465e-04 2.3445306826e-05 2.2852229028e+01
9.6505801090e-05 2.3289574710e-05 2.2847281835e+01
9.2899393264e-05 2.3148751783e-05 2.2843991006e+01
8.9315290693e-05 2.3021956272e-05 2.2840953770e+01
8.5752857802e-05 2.2908223215e-05 2.2839662710e+01
8.2211900365e-05 2.2806621703e-05 2.2835448604e+01
7.8691691318e-05 2.2716211907e-05 2.2841814561e+01
7.2490553909e-05 2.4319874981e-05 2.2789809575e+01
6.9040989784e-05 2.4239117701e-05 2.3366483124e+01
6.5575736564e-05 2.4158889418e-05 2.4249868733e+01
6.2095330648e-05 2.4078289206e-05 2.5110893990e+01
5.8598758012e-05 2.3998088188e-05 2.6047252192e+01
5.5086306880e-05 2.3918623595e-05 2.7021790442e+01
5.1560656682e-05 2.3839629072e-05 2.8034879463e+01
4.8020628393e-05 2.3761806814e-05 2.9076648373e+01
4.4467180863e-05 2.3685324607e-05 3.0139288979e+01
4.0900954503e-05 2.3610419539e-05 3.1214412613e+01
3.7322537357e-05 2.3537342486e-05 3.2293894504e+01
1.0573019316e-05 2.1473618109e-05 4.0057514962e+01
6.8901926130e-06 2.1427444698e-05 4.0920998131e+01
3.2011292928e-06 2.1383977169e-05 4.1741432584e+01
9.9648527727e-07 2.2946602054e-05 4.1905618213e+01
-4.9380845486e-07 2.1343255526e-05 4.2517370484e+01
-2.6767543365e-06 2.2903692291e-05 4.2655414345e+01
-4.1937255752e-06 2.1304644390e-05 4.3247941822e+01
-6.3558625964e-06 2.2863660104e-05 4.3359146828e+01
-1.0039925990e-05 2.2826732837e-05 4.4016658348e+01
-1.3729203107e-05 2.2792625216e-05 4.4628455847e+01
-1.7420914752e-05 2.2761197149e-05 4.5194944655e+01
-2.1116681808e-05 2.2732620634e-05 4.5717408669e+01
-2.4815629411e-05 2.2706592651e-05 4.6197108286e+01
-2.8517979503e-05 2.2683210307e-05 4.6635511492e+01
-3.2222133286e-05 2.2661810647e-05 4.7034188523e+01
-4.5119363246e-05 2.1048746834e-05 4.8426515431e+01
-4.8849510378e-05 2.1037342300e-05 4.8672266721e+01
-5.2578180511e-05 2.1029397376e-05 4.8887567182e+01
-5.6311127042e-05 2.1021173465e-05 4.9075186255e+01
-6.0047298065e-05 2.1014347138e-05 4.9236425510e+01
-6.3781290447e-05 2.1009174072e-05 4.9372681587e+01
-6.7514175133e-05 2.1005423830e-05 4.9485690904e+01
-7.1246365302e-05 2.1002909766e-05 4.9577051161e+01
-8.4162261838e-05 2.2557135035e-05 4.9434238927e+01
-8.7869163012e-05 2.2559830099e-05 4.9444153120e+01
-9.1574621766e-05 2.2563544600e-05 4.9439768643e+01
-9.5278475302e-05 2.2568231505e-05 4.9422092896e+01
-9.8980622248e-05 2.2573855445e-05 4.9392043474e+01
-1.0268091847e-04 2.2580380674e-05 4.9350456405e+01
-1.0478854322e-04 2.1026075841e-05 4.9641789418e+01
-1.0637915014e-04 2.2587793773e-05 4.9298078116e+01
-1.0850746349e-04 2.1032966695e-05 4.9584102848e+01
-1.1222424299e-04 2.1040649665e-05 4.9516353073e+01
-1.1593875049e-04 2.1049077830e-05 4.9439086012e+01
-1.1965083193e-04 2.1058282358e-05 4.9352762759e+01
-1.2336033156e-04 2.1068229276e-05 4.9257769086e+01
-1.2706707774e-04 2.1078961422e-05 4.9154407631e+01
-1.3077092229e-04 2.1090452420e-05 4.9042906468e+01
1.5491186613e-04 3.2472838679e-05 2.0640691676e+01
2.4595974950e-06 2.4565217859e-05 4.1284887215e+01
1.8218956494e-04 3.6034265468e-05 1.8217485804e+01
-4.5262464390e-05 2.4170783434e-05 4.7853342056e+01
1.6977196298e-05 2.4791890680e-05 3.7761577902e+01
9.4326477460e-05 2.7005083898e-05 2.2827105039e+01
1.1256145519e-04 2.8210758428e-05 2.2877530565e+01
-6.3733061088e-05 2.4125926283e-05 4.8765754064e+01
-1.7238272847e-04 2.2876977681e-05 4.6891072963e+01
-1.1528945803e-04 2.4181131256e-05 4.8803619218e+01
-1.7597024364e-04 2.2904626791e-05 4.6672753319e+01
-1.2994060241e-04 2.4233504894e-05 4.8417470746e+01
2.3561726694e-04 3.4572373511e-05 1.7614294610e+01
2.0769234782e-04 3.1237616710e-05 1.7908685317e+01
1.8019445477e-04 2.7943299979e-05 1.8927893382e+01
3.4897280490e-05 2.0218182515e-05 3.3848325543e+01
-2.0693045249e-05 1.9608943090e-05 4.6228270512e+01
-3.9428076215e-05 1.9518670019e-05 4.8275073285e+01
7.7915744788e-05 2.0958610990e-05 2.2813174918e+01
6.3776083840e-05 2.0710484758e-05 2.5729434476e+01
4.9427645302e-05 2.0458216942e-05 2.9614977119e+01
-1.3306392309e-04 1.9537977141e-05 4.9286659322e+01
1.6523943664e-05 1.9956548571e-05 3.8911823877e+01
-1.5904294134e-04 1.9632496488e-05 4.8229046106e+01
-7.3206285764e-05 1.9456497924e-05 4.9919164748e+01
-8.8209287609e-05 1.9458353290e-05 5.0067569877e+01
-1.0319228845e-04 1.9473552580e-05 4.9977648065e+01
-1.7745847622e-04 1.9727209520e-05 4.7178589661e+01
-1.8112794336e-04 1.9750715112e-05 4.6929622628e+01
-1.8478794679e-04 1.9776450891e-05 4.6665285515e+01
-1.8580118907e-04 2.1386047671e-05 4.6298686808e+01
-1.8943982140e-04 2.1411936580e-05 4.6018557920e+01
-1.9307065368e-04 2.1447944665e-05 4.5718523192e+01
-1.9665318043e-04 2.1488117892e-05 4.5401580377e+01
-1.9936754132e-04 1.9899707729e-05 4.5420574492e+01
-2.0299368259e-04 1.9934021280e-05 4.5053319033e+01
1.9392402460e-04 3.7666663418e-05 1.7733127726e+01
1.7049606076e-04 3.4454105616e-05 1.9023399509e+01
1.4318925122e-04 3.1113599694e-05 2.2271990551e+01
-7.4802831223e-05 2.4118245229e-05 4.9026670793e+01
2.7774386483e-05 2.4995970338e-05 3.4726478772e+01
-9.4818036570e-06 1.9688114575e-05 4.4500366314e+01
-1.4793393029e-04 1.9587227896e-05 4.8734150505e+01
1.4102114314e-04 2.4007207377e-05 2.2983020848e+01
1.6845997069e-04 2.6639213896e-05 1.9804576225e+01
2.4763568211e-04 3.5821553251e-05 1.7227078477e+01
-2.0660748172e-04 1.9972779183e-05 4.4658896862e+01
-1.4813119958e-04 2.4318373421e-05 4.7768154789e+01
2.6303610809e-04 3.4425607044e-05 1.7028000068e+01
2.6713122547e-04 3.4982356202e-05 1.7132046256e+01
-2.1020939975e-04 2.0015208740e-05 4.4234520788e+01
-2.1379905913e-04 2.0061502771e-05 4.3777059064e+01
-2.1737558283e-04 2.0112053041e-05 4.3283003131e+01
-2.2093787165e-04 2.0167338769e-05 4.2748515306e+01
-2.2447577703e-04 2.0224352902e-05 4.2171273245e+01
-1.6985113405e-04 2.4470712851e-05 4.6722344176e+01
-2.2801404748e-04 2.0294792746e-05 4.1540689159e+01
-2.3149921708e-04 2.0372478353e-05 4.0862226606e+01
-2.3500609721e-04 2.0449753716e-05 4.0116386309e+01
-2.3847760304e-04 2.0541115043e-05 3.9306052231e+01
-1.8674884850e-04 2.3008994576e-05 4.5932534149e+01
-1.5900874174e-04 2.4392456808e-05 4.7284528504e+01
-2.1583483635e-04 1.6847070074e-05 4.3976915122e+01
2.6637875451e-04 3.1659760846e-05 1.6974956375e+01
2.7044828493e-04 3.2130054404e-05 1.7110635588e+01
2.2158061239e-04 4.1482437141e-05 1.7283044453e+01
-2.4191207080e-04 2.0644422667e-05 3.8426206697e+01
3.1912881372e-04 3.5016620129e-05 1.5115350384e+01
3.1506962282e-04 3.4570733761e-05 1.5265388203e+01
3.2316877481e-04 3.5446595884e-05 1.4956601650e+01
2.4685434834e-04 1.1670099047e-04 1.4271923991e+01
2.5031770335e-04 1.1385896021e-04 1.4282779748e+01
2.4981241195e-04 1.1006161685e-04 1.4395307753e+01
2.5377166789e-04 1.1100036260e-04 1.4293955454e+01
-2.4533592724e-04 2.0755018928e-05 3.7462938492e+01
-2.5520986016e-04 1.9385487176e-05 3.4192635657e+01
2.2653668536e-04 1.0790211407e-04 1.4830389145e+01
-2.0468564572e-04 2.3216086101e-05 4.4337652597e+01
1.7025804499e-04 8.7722535333e-05 1.7012174634e+01
-2.6163051753e-04 5.3490190613e-05 3.4954760059e+01
-2.6402667569e-04 5.4164683818e-05 3.4756474886e+01
-2.5119499713e-04 1.5788922369e-05 3.5967672940e+01
3.0706529572e-04 8.1351698568e-05 1.3903257411e+01
3.0368520768e-04 8.4475723257e-05 1.3902591398e+01
2.9977722992e-04 8.3731812968e-05 1.4044876074e+01
3.0030067392e-04 8.7578620162e-05 1.3900046339e+01
2.9638896529e-04 8.6817513563e-05 1.4039609010e+01
2.9691144210e-04 9.0661038597e-05 1.3895845743e+01
2.9299616700e-04 8.9883069149e-05 1.4032973306e+01
2.9351732237e-04 9.3723548751e-05 1.3890191498e+01
2.8959869916e-04 9.2929226342e-05 1.4025169079e+01
2.9011794454e-04 9.6766721109e-05 1.3883267205e+01
3.1044122944e-04 7.8205650684e-05 1.3901803793e+01
2.8619618594e-04 9.5956447355e-05 1.4016390104e+01
2.8671314182e-04 9.9791092674e-05 1.3875225845e+01
-2.6373174025e-04 5.6512271786e-05 3.5246548527e+01
2.7377567953e-04 2.9287083720e-05 1.7040467893e+01
2.7458033860e-04 3.2707003996e-05 1.6742796216e+01
2.7788436835e-04 2.9776877102e-05 1.7124625428e+01
-2.6672569371e-04 5.2535691962e-05 3.3994807992e+01
-2.5854825883e-04 1.9541081849e-05 3.2797580441e+01
-2.6159706950e-04 1.6127748602e-05 3.1564346138e+01
-2.6498744095e-04 1.6274554796e-05 2.9816101923e+01
-2.6833168348e-04 1.6442896397e-05 2.7913593775e+01
-2.7162469223e-04 1.6636035813e-05 2.5857747040e+01
1.7415766285e-04 8.8929514262e-05 1.7004829481e+01
-6.3430683855e-05 5.0409984887e-05 4.3578282731e+01
-2.1138325712e-04 4.2728784380e-05 4.0678710247e+01
8.7341219340e-05 9.6600955727e-05 2.2552643046e+01
2.6575401705e-04 2.8614658621e-05 1.7269536806e+01
2.5325724086e-04 1.0720306798e-04 1.4406527327e+01
-1.8034432348e-04 8.6124012729e-05 3.5984889660e+01
2.5427334125e-04 1.1480179607e-04 1.4174511071e+01
-1.8303855912e-04 8.6414775080e-05 3.5970109520e+01
2.7876173411e-04 3.3346520766e-05 1.6603559988e+01
2.8205979591e-04 3.0360972699e-05 1.6577483038e+01
2.4581029872e-04 8.3640064964e-05 1.5119329867e+01
-2.7486106973e-04 1.6857496500e-05 2.3624512196e+01
-2.6869659036e-04 5.5632304134e-05 3.4506044456e+01
-2.7136922533e-04 5.4033827686e-05 3.3683846399e+01
-2.7407317779e-04 5.2457306252e-05 3.2667040696e+01
3.2246624040e-04 3.1741791912e-05 1.5137010114e+01
3.2650925822e-04 3.2136005896e-05 1.4965430189e+01
3.1095140743e-04 8.2079615959e-05 1.3749867304e+01
3.1432166302e-04 7.8916294504e-05 1.3745037389e+01
2.7711516790e-04 2.6451858093e-05 1.6974091537e+01
2.5772688770e-04 1.1192741283e-04 1.4186343521e+01
2.5822513164e-04 1.1573361118e-04 1.4059650230e+01
2.0146979093e-04 9.3721375373e-05 1.5884590540e+01
2.3353295413e-04 4.3005898138e-05 1.7016002904e+01
2.8292979138e-04 3.3967160487e-05 1.6219705024e+01
2.8623486281e-04 3.0957688685e-05 1.6281614092e+01
-2.7803490637e-04 1.7111169171e-05 2.1291689575e+01
-2.7453185156e-04 5.0082833347e-05 3.1616298711e+01
1.7479036569e-04 9.2594262116e-05 1.7004031991e+01
3.0081302099e-04 9.1437708956e-05 1.3750753775e+01
-2.7957485295e-04 4.9382816800e-05 2.9864160492e+01
-2.8178980216e-04 5.0285623421e-05 2.9716126352e+01
-1.7623566240e-04 8.9892429009e-05 3.5602305225e+01
-1.7354138822e-04 8.9616292826e-05 3.5606793267e+01
-2.7781257794e-04 1.9046546306e-05 2.1385574634e+01
-2.8139650999e-04 1.5465351149e-05 1.8500009871e+01
-2.8451066827e-04 1.5752243986e-05 1.6818987071e+01
-2.8760266330e-04 1.6069153655e-05 1.7163504385e+01
2.4982977534e-04 8.4549679053e-05 1.5032559203e+01
2.8708678618e-04 3.4566377062e-05 1.6139522019e+01
2.7962067338e-04 3.6957878849e-05 1.6207529072e+01
2.1285862042e-04 9.3354550238e-05 1.5487559394e+01
-1.8571807159e-04 8.6718511096e-05 3.5956613148e+01
3.1172981246e-04 3.7784949372e-05 1.5241823974e+01
2.9039957895e-04 3.1527865816e-05 1.6182859749e+01
2.8953921536e-04 2.7929058564e-05 1.6449836992e+01
2.9370998234e-04 2.8468082010e-05 1.6206546512e+01
-1.9048874915e-04 8.5165022154e-05 3.6121945366e+01
3.1481872277e-04 8.2811198842e-05 1.3588195818e+01
3.1818187324e-04 7.9631777697e-05 1.3579871128e+01
2.6167748079e-04 1.1284400982e-04 1.4072043333e+01
2.6217260537e-04 1.1665576796e-04 1.3937903118e+01
2.5871346198e-04 1.1954309286e-04 1.3924409862e+01
2.4644356384e-04 8.7391355066e-05 1.5008412625e+01
2.9062689476e-04 1.0061373582e-04 1.3735835309e+01
2.8722021780e-04 1.0363427764e-04 1.3728117606e+01
-2.8121558832e-04 5.2705089972e-05 3.1336028480e+01
-2.8457376720e-04 4.8827329737e-05 2.7747946137e+01
3.2579629554e-04 2.8436363390e-05 1.5160924048e+01
3.2984195112e-04 2.8792230269e-05 1.4969097662e+01
-1.9314253172e-04 8.5498264549e-05 3.6105254077e+01
2.9284291552e-04 2.4872448239e-05 1.6545344133e+01
2.9701664672e-04 2.5386232608e-05 1.6222804593e+01
-2.6829587641e-04 2.0143178720e-05 2.7834226661e+01
2.8566761258e-04 9.2131376196e-05 1.4152417420e+01
2.8226280040e-04 9.5142076008e-05 1.4141821281e+01
2.4243002655e-04 8.6461330483e-05 1.5094668071e+01
1.6699685837e-04 9.0114060998e-05 1.7012956692e+01
1.6759358841e-04 9.3739040546e-05 1.7007289341e+01
1.6373712156e-04 9.2481526829e-05 1.7013716510e+01
-1.7002697674e-04 7.1012551541e-05 3.7932511256e+01
-1.6852884203e-04 6.7008860498e-05 3.8589144173e+01
-1.6557231640e-04 6.6845274196e-05 3.8666462736e+01
-1.6477465887e-04 6.4879799216e-05 3.9015460349e+01
-1.6997035428e-04 6.3230006951e-05 3.9194723636e+01
-1.7295456958e-04 6.3390701648e-05 3.9104163346e+01
-1.7220882468e-04 6.1433146890e-05 3.9452857881e+01
-1.7748683884e-04 5.9800787846e-05 3.9600240239e+01
-1.8629906331e-04 8.8912438031e-05 3.5769131860e+01
-1.8048435869e-04 5.9966649124e-05 3.9493058498e+01
2.4305162330e-04 9.0217992498e-05 1.4986938998e+01
2.3904490671e-04 8.9267404085e-05 1.5072967130e+01
1.6431136550e-04 9.6107064721e-05 1.7009132090e+01
-2.9374420032e-04 1.6804569000e-05 1.7076443271e+01
-2.9678846501e-04 1.7233299099e-05 1.7073312788e+01
-2.9981430125e-04 1.7708509509e-05 1.7080031740e+01
-3.0370446626e-04 1.5935320331e-05 1.7070105230e+01
-2.8952580441e-04 4.8440536075e-05 2.5207082807e+01
3.1866615543e-04 8.3549281447e-05 1.3418153604e+01
3.2202080818e-04 8.0354951130e-05 1.3406214281e+01
-2.9160885889e-04 4.9530273918e-05 2.5394806500e+01
2.5045004364e-04 8.8305958334e-05 1.4924449688e+01
2.6303000151e-04 5.1643190254e-05 1.5939228955e+01
3.2154021689e-04 7.6428536522e-05 1.3568406413e+01
3.2537016170e-04 7.7136362995e-05 1.3390709995e+01
3.2489377274e-04 7.3200179056e-05 1.3553357353e+01
3.2871408224e-04 7.3892343853e-05 1.3371123137e+01
3.2824274570e-04 6.9945647195e-05 1.3534110454e+01
3.3205266677e-04 7.0621577891e-05 1.3346756348e+01
3.3158663643e-04 6.6662980915e-05 1.3509886696e+01
3.3538558051e-04 6.7322621949e-05 1.3316706640e+01
3.3492601518e-04 6.3351474859e-05 1.3479487303e+01
3.3871288665e-04 6.3993978865e-05 1.3279683327e+01
3.3826029066e-04 6.0008818400e-05 1.3441333683e+01
3.4203439637e-04 6.0633798487e-05 1.3233961414e+01
3.4158926175e-04 5.6633100334e-05 1.3393158701e+01
3.4534930324e-04 5.7240309057e-05 1.3177207123e+01
3.4491298194e-04 5.3222714637e-05 1.3331763846e+01
3.4865751768e-04 5.3811593203e-05 1.3106250865e+01
3.4823040725e-04 4.9774669186e-05 1.3252867670e+01
3.5195849568e-04 5.0345203460e-05 1.3016938779e+01
3.5154074526e-04 4.6286082421e-05 1.3150585806e+01
3.4778815576e-04 4.5766996857e-05 1.3392637956e+01
3.5110608293e-04 4.2260100045e-05 1.3273438087e+01
3.5484557560e-04 4.2755550925e-05 1.3016899556e+01
3.5441836327e-04 3.8708172707e-05 1.3112729361e+01
3.5064814725e-04 3.8269700526e-05 1.3385208241e+01
3.5396488574e-04 3.4701326788e-05 1.3189704819e+01
3.5772450185e-04 3.5110018863e-05 1.2895487009e+01
3.5727398087e-04 3.1084047501e-05 1.2918287080e+01
3.5347693749e-04 3.0736734818e-05 1.3248307495e+01
3.6102276873e-04 3.1462558812e-05 1.2602189101e+01
-1.6260267387e-04 6.6689618650e-05 3.8743487991e+01
-1.6177803424e-04 6.4733072873e-05 3.9098107119e+01
-1.5876902867e-04 6.4593495859e-05 3.9180285330e+01
-1.5574815222e-04 6.4460751724e-05 3.9262050623e+01
-1.5271590771e-04 6.4334498580e-05 3.9343468550e+01
-1.4661928454e-04 6.4100305910e-05 3.9505489031e+01
-1.4355511573e-04 6.3992409135e-05 3.9586091706e+01
-1.4048176162e-04 6.3889701458e-05 3.9666592881e+01
-1.3740036899e-04 6.3791744128e-05 3.9747015781e+01
-1.3431041834e-04 6.3698321904e-05 3.9827434637e+01
-1.3121183854e-04 6.3610366326e-05 3.9907606214e+01
-1.3010778074e-04 6.1743706720e-05 4.0310482119e+01
-1.2810553964e-04 6.3526943090e-05 3.9987644187e+01
-1.1561086920e-04 6.3236405706e-05 4.0305153550e+01
-1.1247165438e-04 6.3174440053e-05 4.0383201137e+01
-1.0932704625e-04 6.3115911564e-05 4.0460518537e+01
-1.0617727601e-04 6.3061577516e-05 4.0536701463e+01
-1.0487815135e-04 6.1230203344e-05 4.0950076381e+01
-1.5394027641e-04 6.0632780257e-05 4.0015496164e+01
-1.0118969099e-04 6.4802257615e-05 4.0273463780e+01
-9.8049844557e-05 6.4756010044e-05 4.0345884783e+01
-9.4906057593e-05 6.4713830871e-05 4.0416477911e+01
-9.1758660755e-05 6.4675731855e-05 4.0484818630e+01
-8.8607978072e-05 6.4641754351e-05 4.0550418616e+01
-8.5454299440e-05 6.4612382162e-05 4.0612641678e+01
-8.0834883873e-05 6.2772988252e-05 4.1062448671e+01
-7.7654006396e-05 6.2755186934e-05 4.1110001542e+01
-7.2816609276e-05 6.4536604872e-05 4.0815491845e+01
-6.9653026718e-05 6.4529337811e-05 4.0850474041e+01
-6.6488449933e-05 6.4526847904e-05 4.0877252087e+01
-6.3323214215e-05 6.4529097958e-05 4.0894698141e+01
-6.0157647337e-05 6.4537090543e-05 4.0901405243e+01
-5.6992113701e-05 6.4550483291e-05 4.0896073755e+01
-5.3827018416e-05 6.4569569744e-05 4.0877172706e+01
-4.8984378162e-05 6.2809307853e-05 4.1114838319e+01
-4.5800717143e-05 6.2843436397e-05 4.1042831248e+01
-4.2618739041e-05 6.2882727425e-05 4.0949927450e+01
-3.8020919589e-05 6.4761583014e-05 4.0515076142e+01
-3.4866537690e-05 6.4821858590e-05 4.0374041904e+01
-3.1715431252e-05 6.4890032182e-05 4.0204258313e+01
-2.8568173575e-05 6.4967243778e-05 4.0002757874e+01
-2.5425284592e-05 6.5053455563e-05 3.9766455329e+01
-2.0434646215e-05 6.3388194649e-05 3.9492567640e+01
-1.7284526089e-05 6.3497142785e-05 3.9132633208e+01
-1.4140678755e-05 6.3615109867e-05 3.8723997828e+01
-1.1004568498e-05 6.3747064356e-05 3.8262230324e+01
-7.8762922363e-06 6.3889930493e-05 3.7743132804e+01
-4.7564687782e-06 6.4043612478e-05 3.7161906076e+01
1.4523895302e-06 6.4395624336e-05 3.5792890160e+01
4.5405167899e-06 6.4590868597e-05 3.4994337908e+01
7.6154127954e-06 6.4804113814e-05 3.4112246555e+01
1.0676858283e-05 6.5032325628e-05 3.3140514751e+01
1.1710802361e-05 6.7009405618e-05 3.2729974244e+01
1.3723874802e-05 6.5275492639e-05 3.2072637712e+01
1.4731786074e-05 6.7269617938e-05 3.1637693394e+01
1.7736292609e-05 6.7548823635e-05 3.0437958226e+01
2.0723025476e-05 6.7847304587e-05 2.9122616792e+01
2.3690600588e-05 6.8165701943e-05 2.7685529590e+01
2.8684557547e-05 6.6776875979e-05 2.5067608899e+01
3.1610556693e-05 6.7135617370e-05 2.3145212805e+01
3.4524546372e-05 6.7519174946e-05 2.2644928879e+01
3.7450486270e-05 6.7924703782e-05 2.2689974600e+01
4.1196003063e-05 7.0546160453e-05 2.2657806957e+01
4.7081672859e-05 7.1533118975e-05 2.2632725855e+01
5.0053450133e-05 7.2065664186e-05 2.2619224557e+01
5.2280587031e-05 7.0318794614e-05 2.2627413259e+01
5.5293930607e-05 7.0875583844e-05 2.2618897000e+01
5.8326411706e-05 7.1457815297e-05 2.2615554207e+01
6.2093271962e-05 7.4474619124e-05 2.2595314495e+01
6.8235839806e-05 7.5854471330e-05 2.2598126679e+01
7.0665191530e-05 7.4080322572e-05 2.2620026966e+01
7.3809968097e-05 7.4809751040e-05 2.2629885954e+01
7.4476945886e-05 7.7357985993e-05 2.2613450919e+01
7.6983166997e-05 7.5570355010e-05 2.2640664230e+01
7.7630667431e-05 7.8158075265e-05 2.2629295162e+01
8.0183813380e-05 7.6362012422e-05 2.2656974531e+01
8.0828976098e-05 7.8989156294e-05 2.2643600754e+01
8.4053418354e-05 7.9854354613e-05 2.2664546470e+01
8.6683325293e-05 7.8040163425e-05 2.2695042806e+01
8.9983952963e-05 7.8926262857e-05 2.2720531430e+01
-7.4325208320e-05 6.6355230399e-05 4.0438972123e+01
-2.4119705750e-05 6.6922280380e-05 3.9463617821e+01
-1.4793018930e-05 6.7263572165e-05 3.8510466718e+01
-5.5289451781e-06 6.7712081675e-05 3.7099293558e+01
3.6523523120e-06 6.8286268784e-05 3.5098979532e+01
3.0423992512e-05 7.0982040487e-05 2.3636153947e+01
3.9082308335e-05 7.2282428921e-05 2.2652555553e+01
9.0602393345e-05 8.1685794685e-05 2.2713104122e+01
-1.4157004355e-04 6.0223010986e-05 4.0371483099e+01
9.3931618391e-05 8.2652181429e-05 2.2741591779e+01
5.6766136146e-05 7.5578508211e-05 2.2584120982e+01
2.5146170987e-04 5.2916011198e-05 1.6153135564e+01
1.0010633706e-04 8.1787224041e-05 2.2801712940e+01
1.0356092729e-04 8.2806072283e-05 2.2829080205e+01
1.0416010614e-04 8.5756537710e-05 2.2833356937e+01
1.1060062248e-04 8.4941249370e-05 2.2899682481e+01
1.1418785178e-04 8.6058654172e-05 2.2863589970e+01
1.1478424440e-04 8.9167528363e-05 2.2991919243e+01
1.1782465936e-04 8.7208742923e-05 2.3011930825e+01
1.1841791117e-04 9.0371501844e-05 2.2417348373e+01
2.9123166507e-04 3.5145494205e-05 1.5971928117e+01
3.6057565427e-04 2.7417751322e-05 1.2543290227e+01
3.6431392334e-04 2.7764103065e-05 1.2207349558e+01
-1.7295607319e-04 5.5802245274e-05 4.0429143325e+01
-1.6986928184e-04 5.5671671216e-05 4.0544364455e+01
2.6611504809e-04 1.1756960988e-04 1.3809082028e+01
2.5919323919e-04 1.2335539121e-04 1.3779760837e+01
2.9112691538e-04 1.0446932616e-04 1.3582206392e+01
2.8771879502e-04 1.0748510156e-04 1.3574399138e+01
-1.2270013218e-04 5.9747254816e-05 4.0886369953e+01
-1.1315370569e-04 5.9564691299e-05 4.1131866205e+01
-8.8955120309e-05 6.1042670694e-05 4.1291200372e+01
-6.9768951752e-05 6.0936940293e-05 4.1547477251e+01
-6.0145343314e-05 6.0946263076e-05 4.1558269882e+01
2.8172479280e-04 9.1328266730e-05 1.4272205091e+01
2.7831862263e-04 9.4321865149e-05 1.4259820546e+01
-1.7221438039e-04 9.3685645374e-05 3.5237001812e+01
-1.6953429061e-04 9.3412067573e-05 3.5230557936e+01
-1.6684227038e-04 9.3149782098e-05 3.5225415181e+01
-1.8346594508e-04 6.0141532429e-05 3.9384149859e+01
-1.8816462560e-04 5.6572493957e-05 3.9815596709e+01
-1.9115659941e-04 5.6753587978e-05 3.9684923934e+01
-1.9413022912e-04 5.6945044893e-05 3.9551566093e+01
-1.9708475896e-04 5.7147529976e-05 3.9415584695e+01
-2.9521919299e-04 4.5850520177e-05 1.8117035351e+01
-2.0001883264e-04 5.7362044853e-05 3.9277076084e+01
-2.0197974427e-04 5.3595416051e-05 3.9727542630e+01
-2.0493911289e-04 5.3806883322e-05 3.9561192111e+01
-2.0538956768e-04 5.5806624893e-05 3.9273303372e+01
-2.0787650410e-04 5.4031299844e-05 3.9391133754e+01
-2.0829303755e-04 5.6045791749e-05 3.9115945979e+01
1.2508794722e-04 8.9561134732e-05 1.9965119237e+01
-3.0679905116e-04 1.6438103351e-05 1.7071088411e+01
-2.9810436308e-04 1.2974206891e-05 1.7055564740e+01
3.2911666860e-04 2.5097770518e-05 1.5183578239e+01
3.2504848624e-04 2.4761530384e-05 1.5375380859e+01
3.3316405610e-04 2.5412368299e-05 1.4960073338e+01
3.3386415172e-04 2.9130721242e-05 1.4749791847e+01
3.3718712404e-04 2.5707993930e-05 1.4696668820e+01
2.9613921289e-04 2.1800076828e-05 1.6582938163e+01
3.0032164704e-04 2.2282742175e-05 1.6363235277e+01
-1.9840068046e-04 8.6210113716e-05 3.6077000096e+01
-2.8670202141e-04 2.0171481716e-05 1.7155050046e+01
8.6015552591e-05 7.5355506705e-05 2.2705012863e+01
1.0291891252e-04 7.9889895656e-05 2.2829060938e+01
1.2085265419e-04 8.5206792410e-05 2.2307576948e+01
-3.0775327821e-04 1.4115394364e-05 1.7057387510e+01
-3.0988140525e-04 1.6995039537e-05 1.7070966945e+01
-2.0100440026e-04 8.6590041357e-05 3.6065788593e+01
-2.0531677421e-04 8.2885441559e-05 3.6372079668e+01
3.1530605987e-04 8.6720312800e-05 1.3426941884e+01
1.7809265969e-04 9.0153161313e-05 1.6999243272e+01
1.7873946872e-04 9.3854849582e-05 1.6988595207e+01
2.9197182137e-04 2.1360494396e-05 1.7146389282e+01
-2.0790709243e-04 8.3288930685e-05 3.6350589827e+01
-1.6142376732e-04 9.2657493003e-05 3.5219025457e+01
-1.5869795111e-04 9.2426545175e-05 3.5217831749e+01
-1.5754782101e-04 9.6485910926e-05 3.4836486686e+01
-1.5483972991e-04 9.6257007002e-05 3.4825065977e+01
-1.5403162496e-04 9.4117983586e-05 3.5012789221e+01
-1.5212185615e-04 9.6037677504e-05 3.4815065989e+01
-1.5129464252e-04 9.3907004529e-05 3.5009302149e+01
-1.4751399238e-04 9.7755428481e-05 3.4612213597e+01
-1.4478750656e-04 9.7555294273e-05 3.4600271232e+01
-1.4205262764e-04 9.7363774259e-05 3.4589978115e+01
-1.3655901319e-04 9.7005577552e-05 3.4574738995e+01
-1.3380084242e-04 9.6838426242e-05 3.4570017536e+01
-1.3103553872e-04 9.6678942882e-05 3.4567390252e+01
-1.3020274168e-04 1.0072748430e-04 3.4160914515e+01
-1.2746090027e-04 1.0057024983e-04 3.4148401415e+01
-1.2471285630e-04 1.0042053923e-04 3.4138137523e+01
-1.1919939723e-04 1.0014295605e-04 3.4124985650e+01
-1.1643472523e-04 1.0001477737e-04 3.4122431910e+01
-1.1366522216e-04 9.9893541592e-05 3.4122790605e+01
-1.1259261365e-04 9.7821285741e-05 3.4360137776e+01
-1.0920656936e-04 1.0174618803e-04 3.3902759610e+01
-1.0533006694e-04 9.9570103162e-05 3.4143252152e+01
-1.0254385122e-04 9.9475465820e-05 3.4157177644e+01
-9.8126575549e-05 1.0136168927e-04 3.3931955137e+01
-9.5348842787e-05 1.0128198963e-04 3.3949219789e+01
-9.2568564333e-05 1.0120880313e-04 3.3970917573e+01
-8.7001512680e-05 1.0108190063e-04 3.4028523935e+01
-8.4215384988e-05 1.0102824581e-04 3.4064874435e+01
-8.1427900715e-05 1.0098117143e-04 3.4106543920e+01
-7.8639351311e-05 1.0094071748e-04 3.4153743074e+01
-7.3060155367e-05 1.0088060455e-04 3.4265393208e+01
-7.0270086495e-05 1.0086109860e-04 3.4330180735e+01
-6.7480104685e-05 1.0084818654e-04 3.4401220132e+01
-6.4690474914e-05 1.0084233632e-04 3.4478567138e+01
-5.9113397909e-05 1.0085276727e-04 3.4652343907e+01
-5.6326506522e-05 1.0086946016e-04 3.4748759434e+01
-5.3541083466e-05 1.0089409835e-04 3.4851425651e+01
-4.9436936335e-05 1.0296770978e-04 3.4689058208e+01
-4.7975746105e-05 1.0096825988e-04 3.5074777512e+01
-4.5196383913e-05 1.0101835809e-04 3.5194889587e+01
-4.2419591908e-05 1.0107755569e-04 3.5320076471e+01
-3.9645638792e-05 1.0114621823e-04 3.5449783561e+01
-3.8405023737e-05 1.0320794209e-04 3.5203236550e+01
-3.5654780825e-05 1.0329223622e-04 3.5346629026e+01
-3.4107327351e-05 1.0131349319e-04 3.5719842699e+01
-3.1343505560e-05 1.0141297059e-04 3.5858346742e+01
-2.8583596310e-05 1.0152364630e-04 3.5997638269e+01
-2.7426954517e-05 1.0360994799e-04 3.5801189029e+01
-2.4692852750e-05 1.0373906437e-04 3.5957181602e+01
-2.1963428984e-05 1.0388071289e-04 3.6113030999e+01
-1.6519663429e-05 1.0420404008e-04 3.6416739991e+01
-1.3805842332e-05 1.0438705998e-04 3.6560025676e+01
-1.1097756654e-05 1.0458529157e-04 3.6693947263e+01
-6.6769561065e-06 1.0288291265e-04 3.6917412070e+01
-3.0104882890e-06 1.0527940423e-04 3.7005166512e+01
-3.2801067210e-07 1.0554689593e-04 3.7065455191e+01
4.1329729910e-06 1.0395639780e-04 3.6947657886e+01
6.8173250064e-06 1.0427573268e-04 3.6870547747e+01
9.4937697032e-06 1.0461758868e-04 3.6753205443e+01
1.0327110590e-05 1.0682409804e-04 3.6980629913e+01
1.2970390414e-05 1.0720063014e-04 3.6864661740e+01
1.8230061671e-05 1.0802975494e-04 3.6520878970e+01
2.0845697933e-05 1.0848491506e-04 3.6298909552e+01
2.5368693168e-05 1.0720694372e-04 3.5182747884e+01
2.7981583311e-05 1.0774048864e-04 3.4778613042e+01
3.0584884990e-05 1.0830652790e-04 3.4326471135e+01
3.1209817446e-05 1.1060551032e-04 3.5085671656e+01
3.6330164041e-05 1.1187146235e-04 3.4192932108e+01
3.8874032873e-05 1.1256350994e-04 3.3632799734e+01
4.3442771125e-05 1.1171789144e-04 3.1023786880e+01
4.5978340790e-05 1.1253576008e-04 3.0079589100e+01
4.6429411800e-05 1.1491294987e-04 3.1322941112e+01
-3.1723619208e-05 1.0547647342e-04 3.5269425598e+01
5.8507302254e-07 1.0773033097e-04 3.7161662640e+01
4.8920999860e-05 1.1579998260e-04 3.0310006768e+01
5.3491992822e-05 1.1532139611e-04 2.6554785516e+01
5.5957110723e-05 1.1637593264e-04 2.5442121144e+01
5.6282432769e-05 1.1883279993e-04 2.6533018814e+01
6.0813468658e-05 1.1869937797e-04 2.0912653640e+01
2.4132990574e-05 1.1124883612e-04 3.6612134533e+01
-7.0140710934e-05 1.0491073208e-04 3.3730501205e+01
6.3236316588e-05 1.1995821467e-04 2.0006614270e+01
-7.8407338206e-05 1.0499238246e-04 3.3594107677e+01
6.3405069708e-05 1.2254403377e-04 1.9947957435e+01
6.5513875639e-05 1.1865054939e-04 2.1190059114e+01
6.8129462706e-05 1.2269333907e-04 2.0963966283e+01
7.0569188091e-05 1.2142435948e-04 2.0985781031e+01
7.3141015386e-05 1.2293279441e-04 2.1008490929e+01
3.9376766185e-05 1.1491308551e-04 3.4816421240e+01
7.3119466704e-05 1.2577204330e-04 2.0715369671e+01
7.0452663584e-05 1.1867994099e-04 2.1257855308e+01
7.8422900393e-05 1.2621629326e-04 2.1241502702e+01
7.8449385809e-05 1.2323482674e-04 2.1399210718e+01
8.1217377853e-05 1.2491652963e-04 2.1591438131e+01
8.4051771760e-05 1.2667948086e-04 2.1820574874e+01
8.3965365830e-05 1.2986057328e-04 2.1865066848e+01
8.6959701095e-05 1.2851956578e-04 2.2128951209e+01
9.3047340675e-05 1.2899212057e-04 2.2785093288e+01
9.3008846244e-05 1.3240284765e-04 2.2468367460e+01
9.6177676969e-05 1.3091413623e-04 2.1875182393e+01
9.6078172752e-05 1.3434830135e-04 1.9795760960e+01
9.9286374334e-05 1.3279947395e-04 1.9086788803e+01
-1.0203290433e-04 1.0352120096e-04 3.3687420674e+01
9.9137977382e-05 1.3624325621e-04 1.8317456025e+01
1.0237944719e-04 1.3464916323e-04 1.7418548758e+01
9.3017034989e-05 1.2565424457e-04 2.2391988622e+01
-1.3150005132e-05 1.0033926520e-04 3.6825370305e+01
-2.4194906092e-05 9.9695368623e-05 3.6437373714e+01
1.0247877155e-04 1.3119477889e-04 1.8212895467e+01
1.0559465449e-04 1.3300070354e-04 1.6902930611e+01
1.0546922886e-04 1.3647559426e-04 1.6992484796e+01
1.0873195903e-04 1.3480239169e-04 1.7170234280e+01
1.0859330749e-04 1.3828880720e-04 1.7193139099e+01
1.1190681735e-04 1.3659769562e-04 1.7149989453e+01
-1.1028594659e-04 1.0383376697e-04 3.3697701156e+01
8.1194518828e-05 1.2188841251e-04 2.1699638850e+01
1.1175477537e-04 1.4008639551e-04 1.7171246788e+01
1.1511713057e-04 1.3838270085e-04 1.7189002585e+01
-9.2965803779e-05 9.7190976991e-05 3.4518303311e+01
1.1522333947e-04 1.3485744349e-04 1.7164755980e+01
1.1848436609e-04 1.3662906159e-04 1.7179420686e+01
1.1836420544e-04 1.4015926158e-04 1.7198765568e+01
1.2512012253e-04 1.4015778276e-04 1.7192980272e+01
1.2497684347e-04 1.4370605654e-04 1.7218853104e+01
7.0552792113e-05 1.2696587415e-04 2.0612607512e+01
1.1854471630e-04 1.3306825123e-04 1.7151684510e+01
8.3784481387e-05 1.3311481677e-04 2.1721672914e+01
1.0565464857e-04 1.2953284914e-04 1.7323865339e+01
1.3203796369e-04 1.4007440404e-04 1.7151648433e+01
1.3193147424e-04 1.4368938822e-04 1.7176329259e+01
1.3552670893e-04 1.4182271200e-04 1.7128884830e+01
1.3541647476e-04 1.4546318298e-04 1.7146780003e+01
1.3907339754e-04 1.4357088150e-04 1.7092204676e+01
1.3912890075e-04 1.3988734366e-04 1.7084144116e+01
1.4273307095e-04 1.4160683768e-04 1.7058834828e+01
1.4268563413e-04 1.4531651434e-04 1.7042589134e+01
1.4640428779e-04 1.4331479115e-04 1.6986863781e+01
9.5868567917e-05 1.3778614249e-04 1.8884124869e+01
1.4637226369e-04 1.4705360296e-04 1.7087645046e+01
1.5014685881e-04 1.4501030416e-04 1.6972029886e+01
-2.1267296122e-04 8.1874610593e-05 3.6470806503e+01
-2.9644283242e-04 4.9446463133e-05 2.2950658406e+01
-2.9929076743e-04 4.8285653110e-05 1.8888613474e+01
-3.0018730228e-04 4.5889766214e-05 1.6836440947e+01
3.2917619726e-04 7.7856946446e-05 1.3204443839e+01
1.0839477844e-04 1.4174117627e-04 1.7156392506e+01
3.1914230424e-04 8.7480587009e-05 1.3251913389e+01
3.1578563237e-04 9.0642182134e-05 1.3260858361e+01
1.4274283731e-04 1.3789251548e-04 1.7049363979e+01
2.8380720519e-04 1.0663654651e-04 1.3719214302e+01
2.8430008520e-04 1.1048592150e-04 1.3565186751e+01
-3.5491751247e-04 1.7199844219e-05 1.4929266679e+01
1.5014191936e-04 1.4877574228e-04 1.6469960163e+01
1.5395699606e-04 1.4668199114e-04 1.5976501928e+01
2.3965530034e-04 9.3029138252e-05 1.4968203124e+01
2.3565469753e-04 9.2058124570e-05 1.5054291055e+01
1.8206170627e-04 9.1389780820e-05 1.7005560356e+01
1.8272158018e-04 9.5124331614e-05 1.6979414187e+01
1.7937586614e-04 9.7591574284e-05 1.7046810864e+01
2.5384244627e-04 8.5443499081e-05 1.4947704359e+01
2.5444957162e-04 8.9205053413e-05 1.4840617088e+01
2.7777094781e-04 9.0518330905e-05 1.4384886439e+01
2.7436441687e-04 9.3494352721e-05 1.4370736540e+01
2.8117273856e-04 8.7524644789e-05 1.4399026277e+01
2.7490719312e-04 9.7297776220e-05 1.4247276711e+01
2.7095270573e-04 9.6452939122e-05 1.4356776835e+01
-2.1231979676e-04 7.9614769039e-05 3.6638488032e+01
-2.1522478194e-04 8.2320330704e-05 3.6448939014e+01
-2.1968683579e-04 7.8674711979e-05 3.6709626633e+01
-2.2221623625e-04 7.9150944124e-05 3.6682743814e+01
-2.1117258251e-04 5.6299660508e-05 3.8956244970e+01
-2.1621760535e-04 5.2753210124e-05 3.9099558504e+01
-2.1910899605e-04 5.3031753415e-05 3.8898132244e+01
-1.4025485500e-04 9.3150303574e-05 3.5011422452e+01
1.6102909203e-04 9.8449124681e-05 1.7011008864e+01
1.5722211351e-04 9.7139374624e-05 1.7015680456e+01
1.6487379595e-04 9.9774080198e-05 1.7005070788e+01
1.5390799757e-04 1.4290448108e-04 1.6538882735e+01
1.5773069235e-04 1.4451780922e-04 1.5749555949e+01
1.5778177489e-04 1.4830512188e-04 1.5446277991e+01
1.6156395485e-04 1.4608726249e-04 1.5373141225e+01
1.6146538644e-04 1.4229020658e-04 1.5667973254e+01
1.6530814317e-04 1.4381360070e-04 1.5319419824e+01
1.6541430419e-04 1.4760647044e-04 1.5082652962e+01
1.6916673361e-04 1.4529011879e-04 1.5074876861e+01
1.2560255221e-04 9.2803552598e-05 1.9098960843e+01
7.8262774040e-05 8.0779630449e-05 2.2610820226e+01
8.7915138237e-05 8.3509551732e-05 2.2676236298e+01
-2.2472313586e-04 7.9649915347e-05 3.6661608985e+01
-3.1295372101e-04 1.7611410433e-05 1.7070711179e+01
-3.1729012378e-04 1.5702057399e-05 1.7056242490e+01
-3.0319767183e-04 4.4759354608e-05 1.7299629854e+01
-3.0518539368e-04 4.6147878598e-05 1.7382066994e+01
7.3105285565e-05 7.2286808215e-05 2.2642623478e+01
6.3710556736e-05 7.0296802367e-05 2.2628629942e+01
4.5489013528e-05 6.7057879481e-05 2.2657729284e+01
2.7771279745e-05 6.4704861627e-05 2.5762342302e+01
1.8770329030e-05 6.3807894026e-05 3.0165218354e+01
-2.8126328815e-05 6.1359696089e-05 4.0410923977e+01
-3.1522012701e-04 1.2693778662e-05 1.7046990663e+01
2.6659991721e-04 1.2139113269e-04 1.3658501135e+01
3.6471399075e-04 3.1884022838e-05 1.2308961513e+01
3.6798982714e-04 2.8158702420e-05 1.1912316692e+01
3.4577511907e-04 6.1283279402e-05 1.3017949829e+01
-1.6561058915e-04 9.7233315622e-05 3.4878949805e+01
2.9161983738e-04 1.0833238664e-04 1.3421841914e+01
2.9502203513e-04 1.0530385004e-04 1.3428443548e+01
3.6386789632e-04 2.3700617357e-05 1.2029490960e+01
3.4049452830e-04 2.2242619895e-05 1.4593347746e+01
2.9122073580e-04 1.8110466239e-05 1.6991934266e+01
1.6928608546e-04 1.4907553480e-04 1.4863585425e+01
1.7304347923e-04 1.4672233783e-04 1.4879217898e+01
-1.9418608437e-04 8.9943850444e-05 3.5760376371e+01
2.7040089779e-04 9.2658063540e-05 1.4475032492e+01
-2.9900346302e-04 1.9977624221e-05 1.7086408577e+01
2.6698977421e-04 9.5598945267e-05 1.4459697379e+01
1.8336875054e-04 9.8890959861e-05 1.6775691721e+01
-2.2927712394e-04 7.6051967270e-05 3.6904705601e+01
-2.2946841386e-04 7.8376566682e-05 3.6772641910e+01
2.5784816241e-04 8.6322144688e-05 1.4862687719e+01
-1.2269992341e-04 9.6244618989e-05 3.4573407896e+01
3.3583488709e-04 7.1314687158e-05 1.3150589611e+01
-2.7452696157e-04 2.0690641148e-05 2.3777690601e+01
2.8790985964e-04 3.8191999445e-05 1.5931808185e+01
2.9203434150e-04 3.8782189415e-05 1.5791200326e+01
2.1616051482e-04 1.1605619469e-04 1.4825627744e+01
2.9355146655e-04 6.7800437131e-05 1.4717292403e+01
-1.8738812575e-04 4.5318009002e-05 4.1764161726e+01
-1.7213397947e-04 4.6609022941e-05 4.2191816551e+01
9.4965794521e-05 1.0813956610e-04 2.2613440390e+01
9.5289348421e-05 1.1125484118e-04 2.2600525438e+01
1.6071565221e-04 1.2705865357e-04 1.6895207765e+01
1.9532389221e-04 8.1321386695e-05 1.7013181936e+01
1.4715294680e-04 7.7780916146e-05 1.7090051179e+01
-1.9752375890e-04 2.3128210023e-05 4.5040045205e+01
1.5668459213e-04 9.3559030998e-05 1.7020062290e+01
1.5345404039e-04 9.5848234787e-05 1.7020470124e+01
-2.3522024308e-04 4.2535966536e-05 3.8228321694e+01
-2.3546489349e-04 4.6602808390e-05 3.8001248986e+01
-2.3555132094e-04 4.8674453531e-05 3.7905370538e+01
-2.4105199774e-04 4.5199394718e-05 3.7334398037e+01
-2.4384466791e-04 4.5558149749e-05 3.6930745582e+01
-2.3262191543e-04 4.6289987918e-05 3.8335006917e+01
-2.4660027131e-04 4.5943530733e-05 3.6517755684e+01
-2.4931774244e-04 4.6357315253e-05 3.6097608762e+01
1.9076459622e-04 1.2678997866e-04 1.5085160438e+01
1.2494735946e-04 7.1968856677e-05 2.2611522397e+01
2.2561748043e-04 7.8832765202e-05 1.5686580127e+01
-1.0582310940e-04 8.5667986293e-05 3.6186943518e+01
-1.5141180424e-04 4.9623678358e-05 4.2291171694e+01
-1.5464593608e-04 4.9703585061e-05 4.2176098421e+01
1.0661427758e-04 6.7565661105e-05 2.2860777494e+01
-9.4159116687e-05 8.5382979149e-05 3.6412877168e+01
8.9249663347e-05 6.3815861026e-05 2.2765500135e+01
-1.4089240102e-04 2.4283100911e-05 4.8048605083e+01
-1.2262131842e-04 2.4205422070e-05 4.8626267019e+01
2.0178040084e-04 3.8769310815e-05 1.7528438232e+01
9.4514240386e-05 8.5498384782e-05 2.2736273822e+01
-7.0697236767e-05 8.5083047867e-05 3.6985124933e+01
-1.0794650196e-04 2.4160585984e-05 4.8946682455e+01
7.1022023413e-05 1.0095367611e-04 2.2213619018e+01
7.1457902108e-05 1.0364486174e-04 2.2137314461e+01
6.6249851024e-05 1.0408640517e-04 2.2071328269e+01
6.6669206563e-05 1.0671367970e-04 2.1963747664e+01
1.6270844683e-04 3.3442312420e-05 1.9750912535e+01
-2.5092766793e-04 6.4918116783e-05 3.6948809772e+01
-2.5083995723e-04 6.7287064541e-05 3.7066219394e+01
-2.4601366981e-04 6.8364674574e-05 3.7169751807e+01
-2.4599899676e-04 7.0731216152e-05 3.7215492225e+01
-2.5319085357e-04 6.7972935090e-05 3.7069761066e+01
-2.4361971756e-04 7.2468737712e-05 3.7217907813e+01
-2.5794917747e-04 6.7018063069e-05 3.6955932523e+01
-2.5309519355e-04 7.0384804097e-05 3.7209448219e+01
1.3537237784e-04 3.0281428184e-05 2.2923432357e+01
-5.6310082372e-05 2.4142243141e-05 4.8478513111e+01
3.8424550419e-05 9.3144338949e-05 2.4112392814e+01
3.9853877624e-05 9.7735284318e-05 2.5644262007e+01
3.4478379393e-05 9.6443863223e-05 2.7992972753e+01
1.0518807540e-04 2.7672445276e-05 2.2855112337e+01
-3.7907506923e-05 2.4202405403e-05 4.7283240498e+01
-3.5465041856e-05 8.5428200298e-05 3.7763622925e+01
-4.7389404883e-06 1.0719559236e-04 3.6940682190e+01
9.7338465291e-06 2.4671782738e-05 3.9608570480e+01
-2.3788786004e-05 8.5829141727e-05 3.7732786209e+01
-1.1992739334e-04 6.5165858103e-05 3.9818294796e+01
1.0712388749e-05 8.8411970531e-05 3.4436943631e+01
-4.5388388401e-05 1.0507448623e-04 3.4541037284e+01
2.1941217795e-05 8.9935810775e-05 3.1374017441e+01
-5.6372852425e-05 1.0492112759e-04 3.4100958855e+01
-1.8937785011e-04 6.0520800505e-05 3.9161140941e+01
1.8721384760e-04 1.2931782737e-04 1.5109065853e+01
1.9111922356e-04 1.3059933990e-04 1.4979515311e+01
1.8753987989e-04 1.3312764720e-04 1.4995940496e+01
1.9144772771e-04 1.3440419584e-04 1.4869436583e+01
1.8783930495e-04 1.3693163029e-04 1.4876929534e+01
1.9175340645e-04 1.3820237886e-04 1.4749858442e+01
1.9536607958e-04 1.3565006825e-04 1.4749909646e+01
1.9567981661e-04 1.3944249988e-04 1.4626316990e+01
1.9929502387e-04 1.3686707249e-04 1.4632732255e+01
1.9204387968e-04 1.4198483316e-04 1.4616578276e+01
1.9961822570e-04 1.4065408840e-04 1.4502820392e+01
2.0323428218e-04 1.3805709264e-04 1.4514913777e+01
2.0356798518e-04 1.4183926311e-04 1.4377261586e+01
2.0718329816e-04 1.3922205912e-04 1.4394589381e+01
2.0682845389e-04 1.3543654600e-04 1.4523967437e+01
2.1077725043e-04 1.3658180612e-04 1.4408420175e+01
2.1114134311e-04 1.4036398430e-04 1.4270655191e+01
2.1473375287e-04 1.3770524232e-04 1.4288968458e+01
2.1510750236e-04 1.4148460439e-04 1.4142499471e+01
2.1869706556e-04 1.3880844794e-04 1.4165003232e+01
2.1435136152e-04 1.3391965669e-04 1.4419607755e+01
1.9992954422e-04 1.4443187730e-04 1.4355406034e+01
-1.7287624472e-04 7.9233110631e-05 3.6757327829e+01
-2.2808533477e-04 6.0336643346e-05 3.7837286406e+01
-1.7887919585e-04 6.3737841634e-05 3.8920173361e+01
-3.2635042619e-04 2.4678456398e-05 1.7077131131e+01
2.3989580565e-04 1.2233490986e-04 1.4250452766e+01
2.3639918520e-04 1.2512619885e-04 1.4239345108e+01
2.4035780450e-04 1.2613140952e-04 1.4125164780e+01
2.3685012386e-04 1.2892060921e-04 1.4111097860e+01
2.4081073153e-04 1.2992741909e-04 1.3988688427e+01
2.3729237269e-04 1.3271358401e-04 1.3970822991e+01
2.3288935059e-04 1.2790011485e-04 1.4227572868e+01
1.3177131758e-04 1.4727963745e-04 1.7209637292e+01
-3.2087110979e-04 3.4105754276e-05 1.7090333511e+01
-1.5466869107e-04 8.1946796163e-05 3.6446790122e+01
1.4936647007e-04 1.2239179938e-04 1.7010652022e+01
-3.1662856077e-04 3.5651118479e-05 1.7138861236e+01
-1.0249550368e-04 6.6653460719e-05 3.9863228346e+01
-8.3916426191e-05 1.0508153364e-04 3.3534237010e+01
-2.8812289300e-04 5.3325069350e-05 3.0287454348e+01
2.9868855357e-04 7.6078652257e-05 1.4324319776e+01
-2.7096518972e-04 5.6433284997e-05 3.4476746010e+01
-2.6799318539e-04 6.0454729745e-05 3.5738581298e+01
-2.7020550938e-04 6.1305265365e-05 3.5858261041e+01
-2.6766752039e-04 6.2901131291e-05 3.6274052030e+01
-1.9323526784e-04 7.4965394025e-05 3.7164496294e+01
3.2835447388e-04 2.1428589177e-05 1.5424868613e+01
3.2426710751e-04 2.1108757003e-05 1.5615782873e+01
1.9984704740e-04 1.0766081860e-04 1.5368402975e+01
2.3446967116e-04 1.0995333219e-04 1.4660685566e+01
-1.5510194175e-04 3.9238366419e-05 4.4354064156e+01
-1.5171150354e-04 3.9185635794e-05 4.4489597363e+01
-1.5177718743e-04 3.4133807902e-05 4.5564252161e+01
-1.4829997054e-04 3.4094938685e-05 4.5702884487e+01
-1.4481595817e-04 3.4058241424e-05 4.5835854778e+01
-1.4132552868e-04 3.4023588323e-05 4.5963301620e+01
-1.3782891382e-04 3.3991292872e-05 4.6085214321e+01
-1.3432684052e-04 3.3960034028e-05 4.6201872079e+01
-1.3081944195e-04 3.3931032928e-05 4.6312978642e+01
-1.2730746476e-04 3.3903615474e-05 4.6418532075e+01
-1.2378959768e-04 3.3878061218e-05 4.6518373137e+01
-1.2026711740e-04 3.3853932806e-05 4.6612335437e+01
-1.1674122298e-04 3.3831584434e-05 4.6700044684e+01
-1.1321074407e-04 3.3810656684e-05 4.6781258710e+01
-1.0967730847e-04 3.3791490981e-05 4.6855476974e+01
-1.0613951616e-04 3.3774187613e-05 4.6922227674e+01
-1.0259898308e-04 3.3757557329e-05 4.6981206314e+01
-9.9055453130e-05 3.3742929105e-05 4.7031520286e+01
-9.5509092791e-05 3.3730579091e-05 4.7072428106e+01
-9.1960309904e-05 3.3719431380e-05 4.7103402371e+01
-8.8409305196e-05 3.3709896545e-05 4.7123512070e+01
-8.4856251328e-05 3.3702114271e-05 4.7131817566e+01
-8.1301407705e-05 3.3696145902e-05 4.7127297195e+01
-7.7745073770e-05 3.3692044662e-05 4.7108865832e+01
-7.4187454637e-05 3.3689647422e-05 4.7075375486e+01
-7.0628764715e-05 3.3689772416e-05 4.7025397383e+01
-6.7069338988e-05 3.3691962450e-05 4.6957685274e+01
-6.3509413573e-05 3.3696114056e-05 4.6870808105e+01
-5.9949271596e-05 3.3703099769e-05 4.6763067468e+01
-5.6389212150e-05 3.3712098175e-05 4.6633003462e+01
-5.2829546917e-05 3.3723985481e-05 4.6478740246e+01
-4.9270637509e-05 3.3738794120e-05 4.6298484443e+01
-4.5712798723e-05 3.3756627356e-05 4.6090351810e+01
-4.2156559739e-05 3.3779755256e-05 4.5852001275e+01
-3.8602033340e-05 3.3804489648e-05 4.5582113865e+01
-3.5049688182e-05 3.3832402620e-05 4.5278344277e+01
-3.1499806223e-05 3.3862530398e-05 4.4938790364e+01
-2.7953278737e-05 3.3899080307e-05 4.4560646843e+01
-2.4410202844e-05 3.3938780458e-05 4.4142397347e+01
-2.0871160179e-05 3.3982591018e-05 4.3681852941e+01
-1.7336697130e-05 3.4030832359e-05 4.3176981611e+01
-1.3807380510e-05 3.4083731781e-05 4.2625933930e+01
-1.0283805539e-05 3.4141471088e-05 4.2026964233e+01
-6.7666075630e-06 3.4204235835e-05 4.1378617170e+01
-3.2564453273e-06 3.4272182250e-05 4.0679640282e+01
2.4598559236e-07 3.4345466714e-05 3.9929219458e+01
3.7399503909e-06 3.4424210049e-05 3.9126886185e+01
7.2246775230e-06 3.4508524583e-05 3.8272796686e+01
1.0699376427e-05 3.4598475576e-05 3.7367620700e+01
1.4163626179e-05 3.4692679274e-05 3.6413065931e+01
1.7615368529e-05 3.4795186881e-05 3.5410859007e+01
2.1054744544e-05 3.4902428881e-05 3.4364724003e+01
2.4481090674e-05 3.5013674089e-05 3.3279064860e+01
2.7892060722e-05 3.5132996491e-05 3.2158647204e+01
3.1287857932e-05 3.5256735542e-05 3.1010570754e+01
3.2343106396e-05 3.7047095026e-05 3.0163197102e+01
3.4667239034e-05 3.5385497047e-05 2.9842331263e+01
3.5685297651e-05 3.7187989823e-05 2.8968353614e+01
3.8029157199e-05 3.5519201612e-05 2.8663018262e+01
3.9008744029e-05 3.7334327724e-05 2.7762909305e+01
4.1372583078e-05 3.5657653741e-05 2.7480636784e+01
4.2312410776e-05 3.7485873260e-05 2.6562831467e+01
4.5595130789e-05 3.7642401113e-05 2.5354892524e+01
4.8855812389e-05 3.7803424240e-05 2.4236880018e+01
5.2092693453e-05 3.7969210276e-05 2.2986934701e+01
5.5325817922e-05 3.8144833779e-05 2.2636899434e+01
5.8578942814e-05 3.8337475529e-05 2.2725311989e+01
6.1852373341e-05 3.8548380043e-05 2.2710391483e+01
6.7704746793e-05 3.7017037633e-05 2.2731108616e+01
7.1049547575e-05 3.7254363493e-05 2.2738152529e+01
7.4418435200e-05 3.7509627978e-05 2.2747581891e+01
7.7812610892e-05 3.7782445286e-05 2.2756355406e+01
8.1230631848e-05 3.8077861050e-05 2.2767859699e+01
8.4675256846e-05 3.8392175538e-05 2.2779997676e+01
8.8147623327e-05 3.8724745738e-05 2.2791345728e+01
8.8883796315e-05 4.0929664383e-05 2.2794922694e+01
9.1646102184e-05 3.9080541338e-05 2.2804804186e+01
9.2380685815e-05 4.1318380631e-05 2.2808190828e+01
9.5173469996e-05 3.9455530490e-05 2.2818463134e+01
9.5906511565e-05 4.1727495302e-05 2.2821790581e+01
9.9461971637e-05 4.2157042252e-05 2.2835904891e+01
1.0304783317e-04 4.2606965135e-05 2.2849999198e+01
1.0666484616e-04 4.3077186717e-05 2.2864314550e+01
1.0958076150e-04 4.1156244560e-05 2.2873900281e+01
1.1326039764e-04 4.1631205780e-05 2.2886798963e+01
1.1697256695e-04 4.2125745718e-05 2.2900658239e+01
1.2071794075e-04 4.2639587671e-05 2.2913172130e+01
1.2145920310e-04 4.5157886803e-05 2.2916271922e+01
1.2524317577e-04 4.5726857897e-05 2.2937265622e+01
1.2906279948e-04 4.6314714080e-05 2.2917230814e+01
1.3291942770e-04 4.6921418469e-05 2.2920771558e+01
1.3603837413e-04 4.4879345325e-05 2.2525376536e+01
1.3990781340e-04 4.5483460368e-05 2.1762107019e+01
1.4064507479e-04 4.8182128846e-05 2.1438306970e+01
1.4377231515e-04 4.6100238523e-05 2.1092526801e+01
1.4449805234e-04 4.8833141831e-05 2.0759846421e+01
1.4763170785e-04 4.6729434598e-05 2.0467031161e+01
1.4834562335e-04 4.9495898401e-05 2.0137953858e+01
1.5218834751e-04 5.0168972748e-05 1.9569574663e+01
1.5533746826e-04 4.8020317650e-05 1.9372834276e+01
1.5918553917e-04 4.8679253878e-05 1.8909107228e+01
1.5986313802e-04 5.1539981197e-05 1.8610026690e+01
1.6303283635e-04 4.9343295527e-05 1.8501275930e+01
1.6369775171e-04 5.2234408916e-05 1.8222425458e+01
1.6687784307e-04 5.0016713030e-05 1.8147652460e+01
1.6753191072e-04 5.2933405860e-05 1.7891053351e+01
1.7136690820e-04 5.3634122577e-05 1.7612494653e+01
1.7520464131e-04 5.4332177332e-05 1.7388609304e+01
1.7842530670e-04 5.2048919574e-05 1.7399897211e+01
1.7197524709e-04 5.6611916093e-05 1.7383764300e+01
-1.7888779692e-05 3.7327555189e-05 4.2700092153e+01
-4.5906199878e-05 3.7024982084e-05 4.5497418433e+01
-3.1871029940e-05 3.7140981337e-05 4.4401736977e+01
-5.3941901436e-07 3.7679917678e-05 3.9512961275e+01
1.4521435504e-04 5.1615780317e-05 2.0411261444e+01
1.5670473261e-04 5.3727573394e-05 1.8737281512e+01
1.2981655273e-04 4.8953173671e-05 2.3023177589e+01
8.2716307405e-05 4.2396004224e-05 2.2772414894e+01
1.9971414159e-05 3.8308654291e-05 3.3933202508e+01
9.7680999579e-06 3.7964966828e-05 3.6962083575e+01
1.8228105801e-04 5.2725207882e-05 1.7250118588e+01
1.8288881899e-04 5.5722589485e-05 1.7069011911e+01
1.8614229219e-04 5.3397479609e-05 1.7118159463e+01
1.8163205356e-04 4.9755636209e-05 1.7411207107e+01
1.7004503105e-04 4.7789462864e-05 1.8089922525e+01
7.3647026040e-05 3.5481813051e-05 2.2750856557e+01
6.3593299948e-05 3.4864962036e-05 2.2750209451e+01
5.3716311534e-05 3.4394813074e-05 2.3912323017e+01
1.0882728349e-04 3.8786646511e-05 2.2869388253e+01
1.2373132570e-04 4.0660683157e-05 2.2919466633e+01
1.5847445981e-04 4.5860643402e-05 1.9204708848e+01
1.3752800789e-04 5.0256357192e-05 2.1801587410e+01
1.7961790105e-04 5.8046384293e-05 1.7072951362e+01
1.1104764526e-04 4.6024015269e-05 2.2881845589e+01
2.6702537036e-05 3.8571609236e-05 3.1681951079e+01
-7.4573366170e-06 3.7520825563e-05 4.0942326734e+01
-2.4871233816e-05 3.7224310373e-05 4.3635631291e+01
-3.8883908304e-05 3.7075165987e-05 4.5016415516e+01
1.3208868493e-04 1.3643583227e-04 1.7131952186e+01
-1.7191305051e-04 3.9552202962e-05 4.3596716587e+01
-2.6090159615e-04 3.7466793857e-05 3.2534688610e+01
-2.6362895338e-04 3.7921417527e-05 3.1644527798e+01
-2.6048188311e-04 4.1733338000e-05 3.3247690697e+01
-2.6311756873e-04 4.2240982810e-05 3.2566789250e+01
6.6571437469e-05 9.2040653132e-05 2.2388767576e+01
-1.3063732427e-04 7.8742691712e-05 3.7087884154e+01
-9.8517366558e-05 6.1141370919e-05 4.1095717066e+01
1.9713454549e-04 7.1440268612e-05 1.6995364187e+01
1.5292943933e-04 9.2316247181e-05 1.7024737538e+01
1.4921415643e-04 9.1098351737e-05 1.7030092342e+01
1.4603796342e-04 9.3334255373e-05 1.7027809122e+01
1.4652756455e-04 9.6813259052e-05 1.7023217611e+01
2.2336346490e-04 6.7697266597e-05 1.6297641757e+01
2.1925718855e-04 6.6694969709e-05 1.6517573267e+01
2.2255982899e-04 6.4008950329e-05 1.6511577943e+01
2.1843595534e-04 6.3011090003e-05 1.6822960947e+01
2.2173067552e-04 6.0333288927e-05 1.6900484250e+01
2.1763796410e-04 5.9395246758e-05 1.7027917799e+01
2.2093761324e-04 5.6746109151e-05 1.7010965973e+01
2.1688854820e-04 5.5899605902e-05 1.7020044535e+01
2.0956955954e-04 5.7662804056e-05 1.7037697579e+01
2.0889714388e-04 5.4359860231e-05 1.7045044134e+01
2.0558904233e-04 5.6868185103e-05 1.7040769049e+01
2.0494658480e-04 5.3657454339e-05 1.7035603756e+01
2.2502643325e-04 5.7643961381e-05 1.6990225496e+01
-2.7945954503e-04 3.9275245198e-05 2.4381048550e+01
-2.6141379533e-04 3.1279825901e-05 3.1711488423e+01
-2.7019212182e-04 3.0414882502e-05 2.7373591835e+01
2.1859829963e-04 1.0577574348e-04 1.5006605229e+01
2.6913957525e-04 2.5917896844e-05 1.7255305540e+01
2.6854163341e-04 2.2979120774e-05 1.7844067407e+01
2.6454332603e-04 2.2744784617e-05 1.8123326870e+01
2.6792947951e-04 2.0054985691e-05 1.8347994168e+01
2.6391435669e-04 1.9832802045e-05 1.8667794133e+01
2.6052776520e-04 2.2488927957e-05 1.8401534217e+01
2.5988144201e-04 1.9587378344e-05 1.8915600017e+01
2.5583354456e-04 1.9318433256e-05 1.9129975118e+01
2.5245086768e-04 2.1908326083e-05 1.8811481575e+01
2.5177244923e-04 1.9025484811e-05 1.9250154781e+01
2.4771564023e-04 1.8715254393e-05 1.9226089122e+01
2.4434457993e-04 2.1243923712e-05 1.8900517765e+01
2.4030625479e-04 2.0894045291e-05 1.8885498127e+01
2.3628199020e-04 2.0538180305e-05 1.8863438558e+01
2.3563044229e-04 1.7737948980e-05 1.9160187765e+01
2.3227147257e-04 2.0179056651e-05 1.8849649137e+01
2.3162999283e-04 1.7407270807e-05 1.9140995020e+01
2.2827434107e-04 1.9818845247e-05 1.8858804367e+01
2.2764129264e-04 1.7077390189e-05 1.9155023683e+01
2.2428843107e-04 1.9459452649e-05 1.8865359581e+01
2.2366293623e-04 1.6750086345e-05 1.9167795966e+01
2.2031321939e-04 1.9102202612e-05 1.8885377888e+01
2.1969403910e-04 1.6426217570e-05 1.9184814457e+01
2.1634745233e-04 1.8748419348e-05 1.8928910863e+01
2.1573318138e-04 1.6107241514e-05 1.9220306435e+01
2.1177905334e-04 1.5793732605e-05 1.9276410467e+01
2.0783058889e-04 1.5486206087e-05 1.9330998368e+01
2.0449490710e-04 1.7717726037e-05 1.9112706307e+01
2.0055518131e-04 1.7386371306e-05 1.9215083168e+01
1.9661852106e-04 1.7062227740e-05 1.9343364496e+01
1.9268405498e-04 1.6745751799e-05 1.9473417375e+01
1.8875117623e-04 1.6437350210e-05 1.9634342674e+01
1.8481828839e-04 1.6137710746e-05 1.9824768724e+01
1.8088473235e-04 1.5847305213e-05 2.0025715645e+01
1.8025543333e-04 1.3542788972e-05 2.0292511008e+01
1.7695018735e-04 1.5566672563e-05 2.0258666150e+01
1.7631451225e-04 1.3300831246e-05 2.0511407560e+01
1.7301382955e-04 1.5296320773e-05 2.0509963137e+01
1.7237178712e-04 1.3069586874e-05 2.0752973352e+01
1.6842710129e-04 1.2849781505e-05 2.1008008400e+01
1.6448101744e-04 1.2641963007e-05 2.1277708824e+01
1.6053425071e-04 1.2447534608e-05 2.1550959189e+01
1.5658852718e-04 1.2266919437e-05 2.1825926717e+01
1.5264553286e-04 1.2100874013e-05 2.2096005776e+01
1.4870731244e-04 1.1949841260e-05 2.2350259891e+01
1.4477620322e-04 1.1813897606e-05 2.2581310013e+01
1.4151905257e-04 1.3613903153e-05 2.2879232535e+01
1.3760873845e-04 1.3475026032e-05 2.2959900209e+01
1.3371639621e-04 1.3351362700e-05 2.2987669558e+01
1.2984157610e-04 1.3241053937e-05 2.2955470241e+01
1.2598412698e-04 1.3142981797e-05 2.2939390016e+01
1.2214358244e-04 1.3056544292e-05 2.2926548222e+01
1.1831942662e-04 1.2981009378e-05 2.2916678366e+01
1.1451134682e-04 1.2915586363e-05 2.2908724456e+01
1.1071913200e-04 1.2859501514e-05 2.2903743100e+01
1.0694279410e-04 1.2811988999e-05 2.2914205707e+01
1.0318250121e-04 1.2772326344e-05 2.2921727932e+01
9.9438513748e-05 1.2739840632e-05 2.2930580982e+01
9.5711075722e-05 1.2713927812e-05 2.2908640093e+01
9.2000071993e-05 1.2693701304e-05 2.2992517379e+01
8.8299034586e-05 1.2675140951e-05 2.3296128994e+01
8.4592029229e-05 1.2653270561e-05 2.3796235720e+01
8.0878854995e-05 1.2628836941e-05 2.4356795104e+01
7.7159193482e-05 1.2602352880e-05 2.5017271091e+01
7.3432860957e-05 1.2574239466e-05 2.5750121764e+01
6.9699708585e-05 1.2544847380e-05 2.6551920518e+01
6.5959589089e-05 1.2514487930e-05 2.7412492345e+01
6.2212466182e-05 1.2483423683e-05 2.8323981389e+01
4.7155606211e-05 1.2356453144e-05 3.2318798977e+01
4.3374901833e-05 1.2325027822e-05 3.3366234525e+01
3.9588024883e-05 1.2294024937e-05 3.4418343624e+01
3.5795150949e-05 1.2263598845e-05 3.5468158975e+01
3.1996520177e-05 1.2233891073e-05 3.6509060500e+01
2.8192459160e-05 1.2205015531e-05 3.7534849630e+01
2.4383262367e-05 1.2177080378e-05 3.8539852876e+01
2.0569213186e-05 1.2150179061e-05 3.9518969987e+01
3.6705056774e-06 1.0520588607e-05 4.3718020662e+01
-1.8685119744e-07 1.0503133275e-05 4.4495173078e+01
-4.0467564460e-06 1.0486766207e-05 4.5228549365e+01
-6.2403888782e-06 1.1995400949e-05 4.5350621767e+01
-1.0082561173e-05 1.1978334547e-05 4.6013423797e+01
-1.3927003272e-05 1.1962509864e-05 4.6631642215e+01
-1.7773386342e-05 1.1947837371e-05 4.7205698094e+01
-2.1621441788e-05 1.1934431993e-05 4.7736304053e+01
-3.4989639179e-05 1.0392558077e-05 4.9522885796e+01
-3.8862409202e-05 1.0384925475e-05 4.9876405089e+01
-4.2735684219e-05 1.0378085154e-05 5.0193983469e+01
-4.8588542842e-05 1.1869663094e-05 5.0342138373e+01
-5.2443251720e-05 1.1864026095e-05 5.0575179820e+01
-5.6298036908e-05 1.1859147735e-05 5.0778593937e+01
-6.0152729828e-05 1.1854991368e-05 5.0954101490e+01
-6.4007281022e-05 1.1851514306e-05 5.1103383938e+01
-6.9852375954e-05 1.0348978292e-05 5.1556308075e+01
-7.3725451099e-05 1.0347078459e-05 5.1648128511e+01
-7.7598071262e-05 1.0345636742e-05 5.1718902207e+01
-8.1470156607e-05 1.0344645633e-05 5.1770001328e+01
-9.0977011204e-05 1.1843091775e-05 5.1541572542e+01
-9.4826986072e-05 1.1843806676e-05 5.1533332380e+01
-9.8676049347e-05 1.1844929686e-05 5.1510694227e+01
-1.0252414155e-04 1.1846440028e-05 5.1474536704e+01
-1.0637113433e-04 1.1848330621e-05 5.1425645180e+01
-1.0855439546e-04 1.0348206728e-05 5.1673348285e+01
-1.1241991400e-04 1.0350035882e-05 5.1605697143e+01
-1.1628434654e-04 1.0352152067e-05 5.1526660664e+01
-1.2014763298e-04 1.0354569115e-05 5.1436700448e+01
-1.3709972853e-04 1.1876105403e-05 5.0640673429e+01
-1.4093371046e-04 1.1881153914e-05 5.0497664118e+01
-1.4476586214e-04 1.1886569091e-05 5.0344805963e+01
-1.4715295422e-04 1.0379636617e-05 5.0520613346e+01
-1.4859606265e-04 1.1892370743e-05 5.0181870058e+01
-1.5100460532e-04 1.0384451282e-05 5.0348768617e+01
-1.5242420254e-04 1.1898574232e-05 5.0008532606e+01
-1.5485443666e-04 1.0389621672e-05 5.0165908014e+01
-1.5870252225e-04 1.0394680387e-05 4.9971587627e+01
2.6730253088e-04 1.7147912765e-05 1.8928682930e+01
2.7131516987e-04 1.7334638302e-05 1.8549752963e+01
2.5515649980e-04 1.6445022997e-05 1.9616270610e+01
2.4301525252e-04 1.5581281848e-05 1.9520590486e+01
2.1513152884e-04 1.3531091735e-05 1.9536303569e+01
1.8751379949e-04 1.1756267282e-05 2.0183786965e+01
1.3236520569e-04 9.7043145886e-06 2.2758497909e+01
-2.1273235749e-05 8.9250969599e-06 4.8220054414e+01
-1.3794005047e-04 8.8694016336e-06 5.1161428297e+01
-1.6504210596e-04 8.8973274719e-06 4.9885052326e+01
1.9934182250e-04 1.2471822267e-05 1.9800136875e+01
1.4410219164e-04 9.9379622453e-06 2.2499443513e+01
1.1688518685e-04 9.5296785802e-06 2.2890208448e+01
1.0160640135e-04 9.4712601616e-06 2.2991240631e+01
8.6457750425e-05 9.4330973670e-06 2.4154779826e+01
7.1272005293e-05 9.3603516120e-06 2.6931746100e+01
5.6010988784e-05 9.2740295993e-06 3.0652310530e+01
2.1395824768e-05 9.0825983314e-06 3.9926602575e+01
5.9122076756e-06 9.0131783903e-06 4.3528536312e+01
-9.6119531677e-06 8.9576341703e-06 4.6475095255e+01
-5.6300225916e-05 8.8674500927e-06 5.1312360180e+01
-8.7437308075e-05 8.8519066052e-06 5.2085174975e+01
-1.0299266040e-04 8.8526558855e-06 5.2023991951e+01
3.1381348621e-04 7.5036471727e-05 1.3897959001e+01
1.1354729438e-04 8.2989558731e-05 2.2888771933e+01
9.6044000149e-05 7.7981220376e-05 2.2774443218e+01
1.4028996946e-05 1.0316081888e-04 3.6105924558e+01
3.2437535244e-06 1.0178674272e-04 3.6824720067e+01
-7.6599693300e-06 1.0075076111e-04 3.6930618590e+01
-1.8662394808e-05 9.9989465959e-05 3.6653102605e+01
2.9508776954e-05 4.9566146209e-05 2.7854116574e+01
1.0156409478e-04 3.7966330343e-05 2.2842083744e+01
-3.2944390504e-05 8.8997876331e-06 4.9582498500e+01
1.1170904683e-04 6.0936329629e-05 2.2887325192e+01
-4.8514105799e-05 8.8758387426e-06 5.0867532782e+01
1.3660015653e-05 9.0462302885e-06 4.1801145351e+01
1.1621464550e-04 3.9685390347e-05 2.2896031720e+01
-6.4086101952e-05 8.8611135071e-06 5.1643849937e+01
2.9117754670e-05 9.1219314062e-06 3.7933668344e+01
4.4512946000e-05 9.2072401588e-06 3.3754847770e+01
-9.5216409123e-05 8.8517031225e-06 5.2084231827e+01
6.3651531363e-05 9.3180739731e-06 2.8706944128e+01
-8.7331314397e-05 9.7067578549e-05 3.4600925128e+01
1.5075322373e-04 4.4614062038e-05 2.0211791943e+01
1.3791731912e-04 6.6645025636e-05 2.0120141596e+01
-9.8590375990e-05 9.7339371982e-05 3.4453443951e+01
-1.3018148664e-04 8.8639808129e-06 5.1428220739e+01
9.4030687535e-05 9.4585417395e-06 2.3313387272e+01
-1.4569349900e-04 8.8758007309e-06 5.0853154362e+01
1.3138287719e-04 4.1710022738e-05 2.2943632668e+01
2.6937421860e-04 6.3456166103e-05 1.5360418182e+01
1.0921974713e-04 9.4882982061e-06 2.2939881110e+01
1.6781427177e-04 7.3801222025e-05 1.7039493386e+01
-1.7277055883e-04 8.9063383248e-06 4.9405607674e+01
-1.7663289890e-04 8.9122457877e-06 4.9141894174e+01
-1.8049302277e-04 8.9186415189e-06 4.8860503504e+01
-1.8434881966e-04 8.9298493795e-06 4.8559303355e+01
-1.8820361933e-04 8.9380523075e-06 4.8237354252e+01
-1.8940165733e-04 1.0455928517e-05 4.7892502230e+01
-1.9322583838e-04 1.0466690709e-05 4.7546496924e+01
-1.9704681173e-04 1.0477470829e-05 4.7175113401e+01
-1.9975188242e-04 8.9642353557e-06 4.7122935138e+01
-2.0359448938e-04 8.9750302953e-06 4.6692634927e+01
-2.0743363514e-04 8.9861861306e-06 4.6227671844e+01
-2.1126866485e-04 8.9984083334e-06 4.5723949409e+01
-2.3846467098e-04 5.7640076038e-05 3.7417861675e+01
2.0723058070e-04 1.2987737507e-05 1.9634248661e+01
-2.0543484271e-04 3.3435124514e-05 4.2585208716e+01
-2.0478013449e-04 3.1674599374e-05 4.2930963410e+01
-2.0813271304e-04 3.1766888141e-05 4.2600717857e+01
-2.0141064304e-04 3.1588925808e-05 4.3241876675e+01
2.8756682741e-04 5.5916455462e-05 1.5248416902e+01
2.9966880151e-04 5.7851245142e-05 1.4883700385e+01
-2.7220752999e-04 4.9308497468e-05 3.1904230854e+01
1.4553924295e-04 8.9908097515e-05 1.7026256287e+01
2.5046142759e-04 6.6794917818e-05 1.5584296828e+01
-3.3126482972e-04 2.2600069164e-05 1.7048717252e+01
-3.2814880469e-04 2.1578123982e-05 1.7060045646e+01
-3.3313933880e-04 1.9411679746e-05 1.7040673739e+01
-1.2938887617e-04 1.0481100858e-04 3.3822230213e+01
-1.7588781171e-04 3.4479174530e-05 4.4412346929e+01
-1.7929378045e-04 3.4541396721e-05 4.4216809295e+01
-1.7247112961e-04 3.4420705718e-05 4.4599084385e+01
-1.8089705702e-04 3.1183918205e-05 4.4776650171e+01
-1.8434777459e-04 3.1240576120e-05 4.4554274585e+01
-1.7743559205e-04 3.1130784334e-05 4.4987949995e+01
-1.9596951584e-04 7.5261964664e-05 3.7110229277e+01
-1.8181777514e-04 6.3925451486e-05 3.8826690754e+01
3.4113337494e-04 5.2656896058e-05 1.3548746418e+01
3.1040521707e-04 5.2144255775e-05 1.4771359877e+01
2.1561904054e-04 3.2209398200e-05 1.7805030673e+01
3.6007814988e-04 2.3426011022e-05 1.2433192165e+01
3.5172162608e-05 1.0723964640e-04 3.2392896717e+01
2.7878846730e-04 7.2428584846e-05 1.4895771356e+01
1.7999960224e-04 1.0135952161e-04 1.6854824105e+01
-2.1091653890e-04 7.0758299194e-05 3.7416183568e+01
2.4929297570e-04 1.0626838032e-04 1.4501757932e+01
1.5583019023e-04 1.1416312184e-04 1.7005272654e+01
1.8673819981e-04 5.6410044062e-05 1.7041832555e+01
-1.1741468851e-04 8.6043919125e-05 3.6005740253e+01
-2.3159285420e-04 7.4263347721e-05 3.7017377474e+01
3.3445542872e-04 5.9401438557e-05 1.3639286126e+01
1.3774259137e-04 1.1041117611e-04 1.7029145151e+01
1.3322347326e-04 2.3396953946e-05 2.2934985687e+01
-2.2539461552e-04 5.9956733947e-05 3.7975974871e+01
7.0873082896e-05 2.0835937617e-05 2.4083894289e+01
5.6626307172e-05 2.0583827807e-05 2.7597101113e+01
4.2183339721e-05 2.0335678816e-05 3.1719608603e+01
3.1099394630e-04 3.4108863797e-05 1.5411064481e+01
2.7573023687e-05 2.0107393779e-05 3.5942708500e+01
1.1722691763e-04 1.0533085979e-04 1.9484482863e+01
-1.4775767174e-04 6.0416032317e-05 4.0195588462e+01
-2.8181422414e-05 1.9567039578e-05 4.7164963335e+01
-8.0709655914e-05 1.9455607199e-05 5.0027546346e+01
1.2914149728e-04 9.4018514485e-05 1.7580265933e+01
-9.5703752530e-05 1.9464436415e-05 5.0048356880e+01
-1.4050538757e-04 1.9561074142e-05 4.9027029106e+01
-1.6641761086e-04 1.9665757104e-05 4.7844229819e+01
-5.3728242935e-05 6.0977812983e-05 4.1499403957e+01
-2.1509931537e-04 9.0115801098e-06 4.5177118054e+01
-2.1892512185e-04 9.0258597681e-06 4.4582455850e+01
-2.2274748673e-04 9.0383701572e-06 4.3933820460e+01
-2.2655991736e-04 9.0585439140e-06 4.3225173260e+01
-2.3036655533e-04 9.0788316611e-06 4.2449449365e+01
-2.3416587575e-04 9.1005931341e-06 4.1598752446e+01
-2.3796058017e-04 9.1189885575e-06 4.0663562087e+01
-2.4174205639e-04 9.1448425793e-06 3.9634529080e+01
3.3785922473e-04 2.9455299489e-05 1.4498983427e+01
9.2390861656e-05 1.1287830834e-04 2.2508036125e+01
8.9263822255e-05 1.1140080152e-04 2.2415273530e+01
9.5571815652e-05 1.1440890645e-04 2.2595632846e+01
1.1827250118e-04 1.1889547150e-04 1.7038466241e+01
-2.4551160700e-04 9.1732812987e-06 3.8500704386e+01
-3.0191048399e-04 2.0579967938e-05 1.7088662125e+01
-2.9309900070e-04 4.4736074982e-05 1.8299041441e+01
-2.5402606829e-04 5.3958830267e-05 3.5966645820e+01
-2.8519735414e-04 4.6437396096e-05 2.5589738740e+01
-3.3495917747e-04 1.6348508762e-05 1.7022635786e+01
-3.2509389004e-04 2.0683095013e-05 1.7043242870e+01
-3.3161186342e-04 1.5639773789e-05 1.7022475791e+01
1.4258714739e-04 1.4902053970e-04 1.7009475795e+01
-1.7289659156e-04 9.5875279159e-05 3.5075985532e+01
2.4125673269e-04 1.3372213457e-04 1.3840096978e+01
3.5236326100e-04 5.4432956967e-05 1.2873720000e+01
3.5564476788e-04 5.0952572627e-05 1.2775767220e+01
2.1908060732e-04 1.4258582045e-04 1.4009847737e+01
2.3772837722e-04 1.3650430775e-04 1.3817641927e+01
-1.7554580510e-04 9.6170892044e-05 3.5090423916e+01
-1.9678401342e-04 9.0317835052e-05 3.5761264592e+01
-2.4365392892e-04 7.4853354702e-05 3.7226348819e+01
-2.3192542010e-04 7.8930768977e-05 3.6772920428e+01
-2.7492546462e-04 6.0650262875e-05 3.5551692623e+01
1.7318169917e-04 1.5049717166e-04 1.4681920285e+01
2.0389282773e-04 1.4561224248e-04 1.4221318301e+01
1.6548894827e-04 1.5138444569e-04 1.4839177338e+01
3.6336015654e-04 1.9697301345e-05 1.1774658055e+01
3.5951777862e-04 1.9488526624e-05 1.2275861935e+01
3.6715085193e-04 1.9933362731e-05 1.1331306175e+01
3.2755745447e-04 1.7781257066e-05 1.5694972845e+01
3.2345568743e-04 1.7474789345e-05 1.5893507135e+01
3.2016409241e-04 2.0763470810e-05 1.5785513437e+01
3.1934027827e-04 1.7141156287e-05 1.6069350421e+01
2.9458604184e-04 1.5193414205e-05 1.7037360671e+01
2.9056442630e-04 1.5062069721e-05 1.7107065985e+01
2.9865224799e-04 1.5377111674e-05 1.7015136630e+01
2.7069061106e-04 1.4430924455e-05 1.9163245730e+01
-3.4197077645e-04 3.1148048856e-05 1.5370300753e+01
-3.3632854087e-04 3.3420885836e-05 1.6895443040e+01
-3.0410202481e-04 4.8580339026e-05 1.6724342277e+01
3.6834262214e-04 3.2362567970e-05 1.2044027668e+01
3.7159633105e-04 2.8618104541e-05 1.1664428119e+01
3.1961224188e-04 9.1424334048e-05 1.3080793655e+01
3.1625907649e-04 9.4575596223e-05 1.3089621911e+01
-2.4926832683e-04 9.2073518385e-06 3.7249436001e+01
-2.5300755296e-04 9.2475655896e-06 3.5868726926e+01
-2.5672851877e-04 9.2929682291e-06 3.4344046501e+01
2.9550966806e-04 1.0918008957e-04 1.3261551339e+01
2.9890498422e-04 1.0613956391e-04 1.3266917047e+01
2.9210714193e-04 1.1220228208e-04 1.3254304773e+01
-2.0398820171e-04 4.9876469619e-05 4.0159924807e+01
-1.5295673241e-04 3.0837009589e-05 4.6215606995e+01
-1.5647752087e-04 3.0871918521e-05 4.6063294346e+01
-1.3530000680e-04 3.0691727717e-05 4.6879598511e+01
1.7694204740e-04 1.4810955190e-04 1.4710643567e+01
-8.1590120992e-05 3.0470192338e-05 4.7800208723e+01
-7.0785209579e-05 3.0465989762e-05 4.7681115839e+01
-5.2730104455e-05 3.0495936713e-05 4.7091104778e+01
1.6516563453e-04 1.4001006634e-04 1.5555777958e+01
6.4348410980e-05 1.0820665509e-04 2.1868856340e+01
1.0821097849e-04 8.9906707608e-05 2.2870265533e+01
2.7005186621e-04 1.1847649086e-04 1.3673078201e+01
2.6956722024e-04 1.1465003383e-04 1.3822158712e+01
2.7053536463e-04 1.2230516915e-04 1.3514982313e+01
2.6707868202e-04 1.2521546039e-04 1.3498495926e+01
-1.5381508131e-04 1.3423336678e-05 4.9662673501e+01
-3.1381934678e-05 1.3418391681e-05 4.8624788186e+01
-7.8368295318e-07 1.3552098705e-05 4.4047767761e+01
1.5397851944e-04 1.6244552985e-05 2.1884501797e+01
1.8606389260e-04 9.2635855473e-05 1.6936098226e+01
2.0905997819e-04 2.0687429621e-05 1.8755614416e+01
2.0433025031e-04 5.0582549373e-05 1.7041412499e+01
2.4477144808e-04 1.3092163627e-04 1.3860163798e+01
2.4522131327e-04 1.3471881772e-04 1.3703424934e+01
3.2440751947e-04 6.9281266354e-05 1.3712423282e+01
2.2019855398e-04 5.3297155650e-05 1.7033695248e+01
3.3452466429e-04 3.2879952446e-05 1.4560961863e+01
2.7148991186e-04 1.0025645949e-04 1.4234718912e+01
2.3694800387e-04 2.3377210944e-05 1.8589002913e+01
2.9092369985e-04 5.2864870124e-05 1.5275252552e+01
2.8685764053e-04 5.2218367876e-05 1.5397386463e+01
-1.8725181476e-04 8.2673212118e-05 3.6350793349e+01
2.7720807363e-04 8.6724907785e-05 1.4507143378e+01
2.4907344292e-04 2.4476658616e-05 1.8522384976e+01
-1.5450837980e-04 6.8215139823e-05 3.8611739022e+01
2.5272832119e-04 1.0341077636e-04 1.4513724501e+01
-2.2858519300e-04 6.6944703022e-05 3.7428430784e+01
-1.8778677631e-04 3.1301134617e-05 4.4319929288e+01
2.3625419606e-04 9.5824457455e-05 1.4952252264e+01
2.3225894657e-04 9.4833334730e-05 1.5038671510e+01
2.3164872592e-04 9.1069620478e-05 1.5146288573e+01
2.2825947353e-04 9.3824101619e-05 1.5131466406e+01
2.6177173946e-04 2.8340689317e-05 1.7346730890e+01
2.0627054360e-04 6.0222791969e-05 1.7032189010e+01
2.0228989234e-04 5.9382552589e-05 1.7039437321e+01
-3.3834030361e-04 1.7107877542e-05 1.7040150891e+01
2.1697578582e-04 2.1446716755e-05 1.8654225381e+01
1.9723713647e-04 1.9589488965e-05 1.9058163774e+01
1.5774668104e-04 1.0076410241e-04 1.7012830231e+01
1.6972518596e-04 1.7306067501e-05 2.0536535050e+01
1.6185434614e-04 1.6747816954e-05 2.1178466630e+01
1.4218314666e-04 1.5611906948e-05 2.2956765934e+01
1.3437794177e-04 1.5277861908e-05 2.2908581579e+01
3.0765805215e-04 3.7292228226e-05 1.5384544088e+01
3.3848934604e-04 3.3236563513e-05 1.4322395743e+01
1.7289671027e-04 1.4293023492e-04 1.5062811367e+01
1.5715259219e-04 1.2931660346e-04 1.7053783206e+01
5.5885845110e-05 1.4028853334e-05 2.9559232533e+01
4.8411869314e-05 1.3954597389e-05 3.1591964658e+01
3.1604786656e-04 2.0395037338e-05 1.5957060024e+01
3.1521466016e-04 1.6783627088e-05 1.6213818792e+01
1.4446212291e-05 1.3653555240e-05 4.0717105728e+01
6.8390916835e-06 1.3599891907e-05 4.2464866778e+01
-2.3720816500e-05 1.3443735327e-05 4.7737590223e+01
-4.2881529125e-05 1.3389107742e-05 4.9668459751e+01
-6.9725903250e-05 1.3353913558e-05 5.1001996505e+01
-7.7393634204e-05 1.3350543110e-05 5.1160232379e+01
-8.5058926742e-05 1.3349641999e-05 5.1241343396e+01
-3.0427464962e-04 4.2252654140e-05 1.7168398072e+01
1.0128741669e-04 8.7637440709e-05 2.2800071521e+01
1.1896969807e-04 9.3576523182e-05 2.1582077003e+01
1.2607012825e-04 9.6079829326e-05 1.8186673699e+01
-1.0803202509e-04 1.3358891984e-05 5.1113864167e+01
-1.1568003256e-04 1.3365549843e-05 5.0971199972e+01
-1.2332196421e-04 1.3373756620e-05 5.0786616076e+01
-1.3095729880e-04 1.3383619956e-05 5.0562846164e+01
1.8524346740e-04 6.8469166923e-05 1.7036833176e+01
-1.6521108485e-04 1.3449848641e-05 4.9072375697e+01
-1.8675263765e-04 1.1975659853e-05 4.7868018020e+01
-1.9435656528e-04 1.2002981263e-05 4.7197258883e+01
-2.0193307362e-04 1.2032414269e-05 4.6424917038e+01
-2.1021944125e-04 2.8370214242e-05 4.2921370668e+01
-1.8688362742e-04 5.2705266884e-05 4.0500135893e+01
-1.8380901546e-04 5.2558773122e-05 4.0642420236e+01
-2.6042165317e-04 9.3450116401e-06 3.2664807019e+01
-1.7216934201e-04 5.3909693507e-05 4.0800615067e+01
-1.6905246529e-04 5.3788032085e-05 4.0921109575e+01
-1.4236415749e-04 3.0749637849e-05 4.6631948995e+01
-1.2462023971e-04 3.0622424593e-05 4.7205429987e+01
-1.1747894840e-04 3.0583312099e-05 4.7390405579e+01
-1.1032313695e-04 3.0549588308e-05 4.7546931070e+01
-1.0315469209e-04 3.0521233230e-05 4.7671474327e+01
-9.5975108559e-05 3.0498360233e-05 4.7759360428e+01
-8.8786405589e-05 3.0481248447e-05 4.7804664028e+01
-5.9965677197e-05 3.0476037539e-05 4.7395875513e+01
-2.9014045459e-04 3.7986131456e-05 1.6948144326e+01
1.3173921756e-04 8.8652268917e-05 1.8025573786e+01
-1.6592243876e-04 5.3672756816e-05 4.1038975417e+01
2.1547591257e-04 1.4525675074e-04 1.3978903176e+01
2.0022077364e-04 1.4820123620e-04 1.4188193117e+01
-2.7450708865e-04 6.3147117720e-05 3.6344367525e+01
3.3976926351e-04 1.8537449846e-05 1.4835951831e+01
3.4378163927e-04 1.8732036419e-05 1.4402195839e+01
1.7710210163e-04 1.5187456899e-04 1.4515905597e+01
-3.1021765512e-04 4.6671044796e-05 1.7291392618e+01
-2.7200632332e-04 6.4696771308e-05 3.6712416735e+01
-2.9297464471e-04 2.8598362851e-05 1.7121792445e+01
-2.5670919561e-04 5.2263926365e-05 3.5454494741e+01
2.2266622140e-04 1.3989312125e-04 1.4036213797e+01
1.8398093199e-04 1.0266988447e-04 1.6335428596e+01
1.8736099040e-04 1.0017117714e-04 1.6287110727e+01
1.8059261712e-04 1.0514504073e-04 1.6408874095e+01
-2.3860012508e-04 6.4353165278e-05 3.7304598849e+01
2.6333572377e-04 7.3026682365e-05 1.5152660090e+01
-1.5238863795e-04 8.9884004908e-05 3.5444785293e+01
-1.3462382376e-04 8.6790698627e-05 3.5809914474e+01
3.2566459968e-04 5.0526092112e-05 1.4312385142e+01
3.2902386691e-04 4.7209440089e-05 1.4293795603e+01
1.4333509226e-04 9.9018020346e-05 1.7022556221e+01
1.3121885471e-04 8.5418329479e-05 1.8840091410e+01
3.0690676908e-04 3.3628217715e-05 1.5555972639e+01
3.4448861627e-04 2.2478008113e-05 1.4206882741e+01
1.9001027505e-04 5.4062997072e-05 1.7073095324e+01
1.8938064134e-04 5.1062975488e-05 1.7177424201e+01
2.2305971172e-04 1.4366930739e-04 1.3872562922e+01
-1.9470708711e-04 9.2190457870e-05 3.5611993792e+01
-1.3033607798e-04 1.0695048001e-04 3.3697510556e+01
-1.3302634974e-04 1.0712672006e-04 3.3730834391e+01
-2.8940770837e-04 5.6966019695e-05 3.3152507544e+01
1.8086224540e-04 1.4945598546e-04 1.4554542685e+01
2.6117203853e-04 1.0903652682e-04 1.4198270525e+01
2.7398235122e-04 1.1937780722e-04 1.3529846364e+01
2.7446471076e-04 1.2321438146e-04 1.3364430703e+01
-3.5907579572e-04 2.3114565992e-05 1.2462136724e+01
2.7790587978e-04 1.2027493305e-04 1.3379414118e+01
2.2226807506e-04 1.3611125271e-04 1.4184092790e+01
-2.6022080957e-04 6.7793907811e-05 3.7038138153e+01
3.6508272909e-04 3.6053801183e-05 1.2342286858e+01
2.4873151421e-04 1.3190460270e-04 1.3725463319e+01
2.4918535769e-04 1.3570496952e-04 1.3560775129e+01
2.8060514949e-04 8.3731927420e-05 1.4523473920e+01
1.5613810331e-04 9.0026794053e-05 1.7025697442e+01
2.5269020123e-04 1.3287763680e-04 1.3584547740e+01
3.1242296640e-04 9.3781987774e-05 1.3266925698e+01
3.1289934956e-04 9.7705712502e-05 1.3095471814e+01
1.7662340506e-04 1.0380368855e-04 1.6888952603e+01
2.5524465403e-04 1.2241348836e-04 1.3910114841e+01
-2.9206199086e-04 5.5647052967e-05 3.1799502098e+01
-2.8960365993e-04 2.0629461913e-05 1.7068270024e+01
3.2295878268e-04 8.8251283519e-05 1.3068799073e+01
2.6799419037e-04 3.8555875970e-05 1.6561498763e+01
-2.0705991001e-04 6.4025004309e-05 3.8202826349e+01
-2.2631222976e-04 4.1784087927e-05 3.9379553504e+01
-2.8479446023e-04 5.7212832208e-05 3.3577846272e+01
3.1219854885e-04 6.3501979987e-05 1.4339396168e+01
-2.1447341424e-04 4.2904849114e-05 4.0402569401e+01
2.0479084601e-04 1.1644311378e-04 1.5021664027e+01
-1.3746609801e-04 8.6938266332e-05 3.5785013702e+01
-1.6244666415e-04 4.6341580922e-05 4.2606567372e+01
-2.5872900397e-04 2.3212273224e-05 3.2608878007e+01
-2.5241357364e-04 2.4662637732e-05 3.4982748292e+01
1.8393749032e-04 1.3562829177e-04 1.5013034137e+01
-1.3182160096e-04 4.9225514745e-05 4.2927856794e+01
-1.3089907747e-04 5.2733793560e-05 4.2191499707e+01
-1.3413785766e-04 5.2797703129e-05 4.2096158160e+01
-1.2765315672e-04 5.2673412512e-05 4.2284861740e+01
3.0905348567e-04 9.6901165245e-05 1.3270372483e+01
3.0953231536e-04 1.0081593253e-04 1.3098649012e+01
-1.0560776257e-04 6.6707871500e-05 3.9789243636e+01
-1.0197910859e-04 7.0340223713e-05 3.9121617990e+01
-1.0629499361e-04 7.2291213730e-05 3.8647951170e+01
-1.0933814943e-04 7.2358785449e-05 3.8577523331e+01
-1.1302913187e-04 1.0395174681e-04 3.3707674029e+01
-1.1240266911e-04 1.0804595656e-04 3.3370870106e+01
-1.0968903124e-04 1.0792492425e-04 3.3346962541e+01
-1.1511256316e-04 1.0817421440e-04 3.3397366284e+01
-5.3538050358e-05 5.3913718816e-05 4.2746917512e+01
-5.6832876103e-05 5.3896120382e-05 4.2818756557e+01
-8.5133844199e-05 1.0714976977e-04 3.3287266667e+01
-8.7870195776e-05 1.0720846355e-04 3.3276800184e+01
-8.7516623507e-05 1.1132132234e-04 3.2890833770e+01
-8.4811311742e-05 1.1126194310e-04 3.2882805343e+01
-1.5910413607e-04 1.0082391318e-04 3.4533653304e+01
1.1154850328e-04 1.4353501842e-04 1.7204742800e+01
1.0814634307e-04 1.4515025153e-04 1.7043979417e+01
1.0503074032e-04 1.4334813806e-04 1.7246802887e+01
8.3498418607e-05 1.3645815992e-04 2.2620060249e+01
8.0329282024e-05 1.3763771845e-04 2.2056186219e+01
8.5882975117e-05 1.4205764733e-04 2.0022675290e+01
-8.2105237126e-05 1.1120968763e-04 3.2879643970e+01
1.1184711548e-04 1.1916541478e-04 1.7862198720e+01
2.2763787713e-04 9.0062993844e-05 1.5247736502e+01
2.3101398691e-04 8.7314251888e-05 1.5264641888e+01
-1.3479639874e-04 1.0515883136e-04 3.3877203000e+01
-1.3749035124e-04 1.0534506988e-04 3.3907154074e+01
6.3527281837e-05 1.2511061487e-04 2.2739823323e+01
6.1346156824e-05 1.2625766851e-04 2.7126162490e+01
6.3527995016e-05 1.3019968411e-04 2.8254569621e+01
6.1217682683e-05 1.0456315783e-04 2.2042121346e+01
-9.2923788483e-05 1.1146129325e-04 3.2920008658e+01
-9.5625051623e-05 1.1154186767e-04 3.2940509293e+01
-9.8324610080e-05 1.1162965171e-04 3.2964527601e+01
-1.0102276362e-04 1.1172427499e-04 3.2991757993e+01
-1.1237614858e-04 7.2431077472e-05 3.8507862753e+01
-1.1728013120e-04 7.0677620697e-05 3.8763089987e+01
-1.2032382242e-04 7.0759251973e-05 3.8693052298e+01
-1.2336105170e-04 7.0845750487e-05 3.8623815204e+01
-1.2639145585e-04 7.0937214035e-05 3.8555430548e+01
2.1153734072e-04 8.5844879851e-05 1.5846492779e+01
-1.5151755389e-04 6.8079676471e-05 3.8683163124e+01
1.9895644596e-04 1.3307234292e-04 1.4748169816e+01
-7.6691899338e-05 1.1112661030e-04 3.2889522180e+01
-7.3985197834e-05 1.1109590582e-04 3.2903423342e+01
-7.3777255980e-05 1.1524634228e-04 3.2526184594e+01
-7.1102057237e-05 1.1522375611e-04 3.2522552275e+01
-6.5754819271e-05 1.1520164016e-04 3.2534890042e+01
-6.3083301195e-05 1.1520239574e-04 3.2552048256e+01
-6.0413606331e-05 1.1521116197e-04 3.2577494887e+01
-5.5080905754e-05 1.1525343011e-04 3.2656271105e+01
-5.2418399453e-05 1.1528734475e-04 3.2711333333e+01
-4.9758850284e-05 1.1533006384e-04 3.2778098178e+01
-4.7102554765e-05 1.1538182210e-04 3.2857598088e+01
-4.1800878056e-05 1.1551352703e-04 3.3059064298e+01
-3.9156034362e-05 1.1559408134e-04 3.3183386559e+01
-3.6515605470e-05 1.1568484760e-04 3.3325105970e+01
-3.1249211777e-05 1.1589835386e-04 3.3665649907e+01
-2.8623744352e-05 1.1602197802e-04 3.3866852925e+01
-2.4489091733e-05 1.1412963186e-04 3.4565692272e+01
-2.1859142657e-05 1.1428226748e-04 3.4811300905e+01
-1.6617524793e-05 1.1462737097e-04 3.5356080480e+01
-1.4006360321e-05 1.1482083421e-04 3.5654067670e+01
-1.1402047811e-05 1.1502956355e-04 3.5967492672e+01
-6.2148287798e-06 1.1549432112e-04 3.6631346981e+01
-3.6325357952e-06 1.1575241912e-04 3.6974008845e+01
-2.7208373412e-06 1.1799619379e-04 3.7150137038e+01
-1.0581151501e-06 1.1602858093e-04 3.7316423886e+01
-1.7185464865e-07 1.1828186981e-04 3.7577957042e+01
2.3684472248e-06 1.1858699683e-04 3.8002910976e+01
7.4215098895e-06 1.1926016688e-04 3.8792719595e+01
9.9591801011e-06 1.1951705767e-04 3.9109157005e+01
1.4207029434e-05 1.1810152518e-04 3.8910435238e+01
1.6709250729e-05 1.1855110225e-04 3.9103577278e+01
2.1681373091e-05 1.1950284919e-04 3.9646396114e+01
2.4148435494e-05 1.2001451842e-04 4.0036827121e+01
2.4743918424e-05 1.2238204653e-04 4.1670486209e+01
2.7163145321e-05 1.2293146854e-04 4.2395805172e+01
3.1467912167e-05 1.2171809204e-04 4.1466263540e+01
-2.2301055719e-05 1.1849747911e-04 3.4101097166e+01
-2.7492139300e-05 1.1819884744e-04 3.3594729560e+01
-1.7136126497e-05 1.1884805322e-04 3.4737205907e+01
-6.8942160088e-06 1.1972338864e-04 3.6430176948e+01
-4.5832591772e-05 1.1751095034e-04 3.2601070076e+01
3.6273652415e-05 1.2301466379e-04 4.2434270430e+01
3.8651485251e-05 1.2371804991e-04 4.2896322611e+01
3.9013430543e-05 1.2614980873e-04 4.6541031397e+01
5.6349109694e-05 1.0508181240e-04 2.2033000838e+01
5.3706776387e-05 1.0413520173e-04 2.2197970361e+01
-1.5999129690e-04 3.0908915058e-05 4.5904021416e+01
-1.6349762270e-04 3.0948135131e-05 4.5737412900e+01
1.8538085528e-04 8.8903518270e-05 1.7013450088e+01
1.8940085116e-04 9.0127424738e-05 1.6901306525e+01
3.0838547857e-04 4.0974264710e-05 1.5222552188e+01
1.4700410665e-04 1.0034108864e-04 1.7021398733e+01
3.7345592765e-05 8.2395262809e-05 2.2643634930e+01
4.2210320221e-05 8.1256405049e-05 2.2581648653e+01
-8.4510893901e-05 9.7015382955e-05 3.4649254319e+01
-8.4804524966e-05 9.3043784676e-05 3.5274370911e+01
-8.1942568996e-05 9.2999544294e-05 3.5336167501e+01
-8.7660187237e-05 9.3094866391e-05 3.5216713774e+01
-1.1322824440e-04 9.3822068772e-05 3.4875340282e+01
-1.1040279054e-04 9.3716285916e-05 3.4898901446e+01
9.6589108012e-05 9.7255011732e-05 2.2700708027e+01
-1.3006622206e-04 9.4592654082e-05 3.4795645122e+01
-1.8994007727e-04 5.2863303256e-05 4.0353557286e+01
-2.2817310792e-04 3.4353709234e-05 3.9869746211e+01
-2.3067882668e-04 3.0822650856e-05 3.9841086996e+01
-2.3389537077e-04 3.0982061437e-05 3.9265719958e+01
1.0249364429e-04 1.2775329148e-04 1.9629456231e+01
1.3208118961e-04 1.3277644757e-04 1.7114516815e+01
7.8393378806e-05 1.2029265599e-04 2.1562997449e+01
-1.1604860142e-04 9.3934003726e-05 3.4854974540e+01
-1.6285296597e-04 4.1096919761e-05 4.3667006657e+01
5.3154688389e-05 1.0169287168e-04 2.2177584799e+01
5.0488136042e-05 1.0082199704e-04 2.2187832566e+01
2.7530669638e-04 1.7501321681e-05 1.8098575184e+01
-1.2941464316e-04 7.1033801051e-05 3.8487921727e+01
2.6666125623e-04 1.4259471153e-05 1.9544046241e+01
2.0854610983e-04 7.0956509459e-05 1.6876407612e+01
-2.4766399682e-04 1.5702261824e-05 3.7185647182e+01
-2.3046512123e-04 5.6408664224e-05 3.7947864809e+01
2.9246299654e-04 8.6054012034e-05 1.4171397590e+01
-2.8159938305e-04 1.3571411202e-05 1.8552664883e+01
-2.8503613699e-04 1.1923829464e-05 1.6754386320e+01
-2.8181164895e-04 9.9131419835e-06 1.8838347772e+01
-2.8876505540e-04 8.4217360890e-06 1.7143927564e+01
-2.9224238692e-04 8.5814581530e-06 1.7043157325e+01
4.5821694071e-05 1.0154718010e-04 2.3690046401e+01
-6.5868096338e-05 1.1104851265e-04 3.2986538581e+01
-1.9109217476e-04 6.6593687130e-05 3.8244555563e+01
-1.5538035612e-04 7.0180915428e-05 3.8259400053e+01
1.1526736498e-04 1.3130965492e-04 1.7113472491e+01
3.6277521846e-04 1.5754186478e-05 1.1451448423e+01
3.5888452848e-04 1.5604108908e-05 1.2080685012e+01
-3.6256705653e-05 1.1150872595e-04 3.4030514032e+01
-1.7659598811e-05 1.1244513475e-04 3.5501413797e+01
-1.3243025055e-04 7.1135622685e-05 3.8421305282e+01
3.2195239795e-06 1.1438532628e-04 3.7665488000e+01
3.0431705666e-04 4.0451374797e-05 1.5362540474e+01
3.0503692006e-04 4.4139417649e-05 1.5205496339e+01
3.0097301287e-04 4.3588383940e-05 1.5342289785e+01
1.0914684240e-05 1.1543161661e-04 3.8221348876e+01
4.3043726000e-05 1.2282460319e-04 4.0226791949e+01
4.5410389823e-05 1.2365137202e-04 4.0103532402e+01
4.5665785212e-05 1.2608723243e-04 4.4088020163e+01
5.0080641324e-05 1.2546596097e-04 3.9368194847e+01
-2.1484978704e-04 4.4821876276e-05 4.0126930808e+01
3.2672993885e-04 1.4151395314e-05 1.6022314961e+01
3.3085935737e-04 1.4402014735e-05 1.5799078959e+01
1.2955805290e-04 9.7327389460e-05 1.6968843303e+01
-2.0095885823e-04 4.9692774829e-05 4.0349066768e+01
-2.0682209682e-04 2.8289080181e-05 4.3288053604e+01
-2.1217769491e-04 1.6811086079e-05 4.4478088423e+01
-2.6410036104e-04 9.4062206659e-06 3.0809504969e+01
-2.6774271116e-04 9.4770628983e-06 2.8775565277e+01
2.9393403341e-04 1.2169986201e-05 1.7122452276e+01
2.8994410127e-04 1.2076606634e-05 1.7217296098e+01
3.2342006389e-04 9.2217817751e-05 1.2893008518e+01
3.2675505682e-04 8.9035025267e-05 1.2877910107e+01
3.5885847659e-05 1.0099850730e-04 2.9285715385e+01
3.0540929322e-05 9.9793623304e-05 3.1116605601e+01
2.7101323063e-05 9.7012029316e-05 3.1460852112e+01
2.4382444578e-05 9.6513290503e-05 3.2268835158e+01
2.1653274294e-05 9.6046107242e-05 3.3005691003e+01
1.7002943085e-05 9.7377278094e-05 3.4514179591e+01
1.4266680478e-05 9.6982209989e-05 3.5001933920e+01
1.1521503900e-05 9.6613059950e-05 3.5429859149e+01
1.0639464705e-05 9.4460823726e-05 3.5270145370e+01
7.8633717374e-06 9.4128159188e-05 3.5677501617e+01
2.2865532018e-06 9.3530190013e-05 3.6323910090e+01
-5.1341092373e-07 9.3262551187e-05 3.6570521112e+01
-3.3205661100e-06 9.3014326634e-05 3.6771401060e+01
-6.1345438046e-06 9.2784522824e-05 3.6930629887e+01
-1.0719966905e-05 9.4446344462e-05 3.7063434031e+01
-1.3529914914e-05 9.4257782075e-05 3.7099136228e+01
-1.7451379116e-05 9.2030637572e-05 3.7230021472e+01
-2.1991378422e-05 9.3780212459e-05 3.7069592035e+01
-2.4821362591e-05 9.3647939183e-05 3.7024439854e+01
-2.7655583429e-05 9.3528006720e-05 3.6966122412e+01
-3.0493738715e-05 9.3419815458e-05 3.6896966690e+01
-3.6180662770e-05 9.3236435572e-05 3.6734275883e+01
-3.9028844157e-05 9.3160235105e-05 3.6644278516e+01
-4.1879783864e-05 9.3093748974e-05 3.6550546079e+01
-4.4733192388e-05 9.3036554188e-05 3.6454378594e+01
-5.0446265506e-05 9.2948528922e-05 3.6259155698e+01
-5.3305356367e-05 9.2917013734e-05 3.6161952921e+01
-5.6165768198e-05 9.2893417749e-05 3.6066048025e+01
-5.9027214995e-05 9.2877470618e-05 3.5972067996e+01
-6.3328142721e-05 9.0901358617e-05 3.6170942928e+01
-6.4752067567e-05 9.2867542190e-05 3.5791913053e+01
-6.7614899421e-05 9.2873133297e-05 3.5706538193e+01
-7.0477604224e-05 9.2885520019e-05 3.5624704954e+01
-7.3339925433e-05 9.2904531758e-05 3.5546642223e+01
4.6436800601e-05 1.0390588695e-04 2.4957953057e+01
1.0472201475e-04 1.4672957942e-04 1.7726848707e+01
1.0162691364e-04 1.4492271039e-04 1.8225577267e+01
4.1438718203e-05 7.8979796667e-05 2.2602688897e+01
-2.3569309664e-04 1.2254711593e-05 4.0889976419e+01
1.9058954472e-04 5.7115193245e-05 1.7007986862e+01
1.3480893761e-04 8.6531402773e-05 1.7661249904e+01
-2.7132267899e-04 9.5641839216e-06 2.6574188190e+01
-1.7898507997e-04 2.7828529114e-05 4.5540886307e+01
-1.8950768114e-04 2.7971745015e-05 4.4818110245e+01
-1.9299367327e-04 2.8026277770e-05 4.4548479573e+01
-2.3323594113e-04 2.7345886335e-05 3.9739641576e+01
-2.2990393590e-04 2.7217217656e-05 4.0362888680e+01
3.5602951659e-04 5.5092732502e-05 1.2635629835e+01
3.5928861828e-04 5.1603945633e-05 1.2530951814e+01
-2.4601270619e-04 7.5522342957e-05 3.7299252994e+01
-2.6539766440e-04 4.5012916306e-05 3.2477950224e+01
2.0504912232e-05 1.2373025254e-04 4.2095107913e+01
-2.5926430977e-04 6.1447074383e-06 3.3470499219e+01
-2.7060980059e-04 6.2489590172e-06 2.7360317860e+01
-3.1472006974e-04 2.0928109411e-05 1.7086167315e+01
-3.3928882719e-04 3.4978715089e-05 1.5345233684e+01
-3.3372310180e-04 3.7098818201e-05 1.7022045855e+01
1.2866794234e-05 1.2241110989e-04 4.0477148016e+01
2.7838727445e-04 1.2412025367e-04 1.3206910941e+01
2.8182184167e-04 1.2116937772e-04 1.3221837259e+01
-1.8080716129e-04 9.6799828515e-05 3.5123615820e+01
-3.4486112004e-04 3.2648943554e-05 1.3886256397e+01
2.0421080606e-04 1.4937533963e-04 1.4045321094e+01
1.7330338066e-04 1.5425450951e-04 1.4464852608e+01
2.9934150868e-04 1.1012568667e-04 1.3091488260e+01
-1.9728665130e-04 9.2577167462e-05 3.5620822861e+01
1.8104645972e-04 1.5321183289e-04 1.4355756429e+01
1.8480330527e-04 1.5076530225e-04 1.4402778057e+01
3.6867313420e-04 3.6614330791e-05 1.2090137340e+01
3.1337148940e-04 1.0163891502e-04 1.2918291859e+01
3.1000791632e-04 1.0473868513e-04 1.2920863455e+01
-1.8341867367e-04 9.7133726396e-05 3.5142643580e+01
2.4566790849e-04 1.3851416073e-04 1.3534233600e+01
5.9098032935e-05 1.2991650446e-04 3.3720338719e+01
-1.0909900569e-04 1.1205119170e-04 3.3090268125e+01
7.9784175803e-05 1.4104925415e-04 2.1242237770e+01
7.7168696030e-05 1.3869359144e-04 2.1160709773e+01
-3.0888025050e-04 4.9163016405e-05 1.6904108632e+01
-3.1356019273e-04 4.5747903741e-05 1.7282399272e+01
-3.1719676854e-04 4.4777634384e-05 1.7318341164e+01
-2.6004682132e-04 7.0251240680e-05 3.7302766027e+01
-2.5766708529e-04 7.1911447369e-05 3.7391459525e+01
3.1849695253e-04 1.3532697023e-05 1.6412165273e+01
3.1436366046e-04 1.3179013120e-05 1.6582084453e+01
-1.2590720633e-04 1.0876172130e-04 3.3525233647e+01
3.4303016273e-04 1.5026256384e-05 1.4651402732e+01
3.4703652960e-04 1.5170375165e-05 1.4064128667e+01
2.7807484701e-04 1.1790186396e-05 1.8689786345e+01
-8.4481944673e-05 1.1541144512e-04 3.2593341705e+01
-1.1178447952e-04 1.1217489229e-04 3.3128012106e+01
1.8501301498e-04 1.5451294824e-04 1.4196952511e+01
-2.4946781703e-04 2.8191234441e-05 3.5808355193e+01
-2.4629273070e-04 2.7991624653e-05 3.6715659857e+01
1.8877319808e-04 1.5203174855e-04 1.4251855681e+01
-1.3838776104e-04 1.0750420968e-04 3.3802030832e+01
1.0564094361e-04 1.2608616749e-04 1.8550985508e+01
8.1097536214e-05 1.1890336835e-04 2.1822344906e+01
5.6836459617e-05 1.0756312901e-04 2.1984458018e+01
5.6898592151e-05 1.2868158543e-04 3.5936540312e+01
1.3428346990e-04 8.3296190150e-05 1.8459007350e+01
1.3063694066e-04 8.2221179536e-05 1.9568789917e+01
1.3788361355e-04 8.4383056496e-05 1.7372749089e+01
2.6642868239e-04 9.1811721538e-05 1.4573300712e+01
2.6301897824e-04 9.4734575271e-05 1.4556642130e+01
-3.1494766443e-04 3.8562626902e-05 1.7168764418e+01
2.2664029073e-04 1.4096088729e-04 1.3902399649e+01
1.8455370128e-04 1.0645984453e-04 1.6074056051e+01
1.8114356686e-04 1.0894095957e-04 1.6138352580e+01
2.2425580830e-04 9.2796104819e-05 1.5234413092e+01
2.2362165157e-04 8.9037423485e-05 1.5362923407e+01
2.6356983357e-04 9.8525728168e-05 1.4445050733e+01
2.3284587284e-04 9.8604404256e-05 1.4939110652e+01
2.3683174546e-04 9.9597850965e-05 1.4855705318e+01
3.6543247487e-04 4.0265353354e-05 1.2319033277e+01
2.2486385241e-04 9.6562896583e-05 1.5119949975e+01
-2.8255412856e-05 1.1183787087e-04 3.4578568516e+01
-1.9005974881e-04 9.3700861992e-05 3.5453416821e+01
-4.1612806076e-05 1.1134266046e-04 3.3734344162e+01
3.2844159192e-04 4.3398853638e-05 1.4451835144e+01
3.3238052367e-04 4.3859849764e-05 1.4265952060e+01
2.9020689801e-04 4.9172734214e-05 1.5427235383e+01
2.8612331601e-04 4.8536452440e-05 1.5553922850e+01
2.8277861863e-04 5.1557093157e-05 1.5518176289e+01
2.8202679700e-04 4.7884476995e-05 1.5679089193e+01
2.7868737016e-04 5.0879670208e-05 1.5637528635e+01
2.7791846926e-04 4.7215320192e-05 1.5804593653e+01
-4.6983840638e-05 1.1121585926e-04 3.3490384882e+01
-5.2367605948e-05 1.1112579477e-04 3.3294648356e+01
-2.4359042618e-04 6.7757889245e-05 3.7188956437e+01
2.5218776753e-04 9.9623387020e-05 1.4617179517e+01
2.7662851599e-04 8.2942328628e-05 1.4627908489e+01
2.5722936606e-04 8.2565883546e-05 1.4973169237e+01
2.6124189109e-04 8.3423665704e-05 1.4886600542e+01
2.9841746969e-04 1.0225665463e-04 1.3433326171e+01
-2.6859631229e-04 4.1150175411e-05 3.0476313517e+01
9.8534969338e-05 1.1276714602e-04 2.2711696074e+01
7.4331163060e-05 1.0480628157e-04 2.2145432998e+01
7.4700527395e-05 1.0756379050e-04 2.2056637305e+01
4.1833945934e-05 9.6122624005e-05 2.3349550078e+01
5.6862590145e-05 1.2621593979e-04 3.1911615889e+01
7.4702559284e-05 1.3648054214e-04 1.9603557016e+01
-1.2440048998e-04 5.2616455761e-05 4.2376134938e+01
8.3458868412e-05 1.1153053041e-04 2.2200933158e+01
-1.0697173276e-04 1.0781104352e-04 3.3325851549e+01
-1.2321619122e-04 1.0860333431e-04 3.3490271516e+01
2.0764671573e-04 4.8181571331e-05 1.7088818114e+01
2.1158744241e-04 4.8772299079e-05 1.7031758684e+01
-1.1656866723e-04 7.4430187453e-05 3.8051165953e+01
2.7988565472e-04 1.0578508123e-04 1.3856288294e+01
-2.5238477513e-04 3.8354274194e-05 3.5082767141e+01
-1.2256967460e-04 7.4609571472e-05 3.7923929046e+01
-1.8607056290e-04 3.4678212874e-05 4.3796686451e+01
-1.4381303937e-04 4.2484567890e-05 4.4047189183e+01
1.6198536655e-04 8.1901905173e-05 1.7035542161e+01
-1.5034614346e-04 7.1867456555e-05 3.8039038550e+01
-1.4738462436e-04 7.1729796886e-05 3.8100888165e+01
3.1432419903e-04 3.0900914902e-05 1.5444951752e+01
-1.7602865844e-04 5.5940046358e-05 4.0311544397e+01
2.3706959752e-04 7.8036197183e-05 1.5444620058e+01
1.8066945766e-04 1.4567959053e-04 1.4730252966e+01
-2.9485614089e-04 1.2671007730e-05 1.7082267102e+01
-3.0264136385e-04 9.1694858915e-06 1.7079456367e+01
-3.0608424366e-04 9.4073771165e-06 1.7045182948e+01
-1.9175328887e-04 4.9202280811e-05 4.0882275466e+01
2.0297823015e-04 6.2781213632e-05 1.7026076057e+01
3.0168546689e-04 4.7281366031e-05 1.5188770640e+01
-1.6699573083e-04 3.0989841197e-05 4.5563024662e+01
-3.1054855428e-04 2.2748053600e-05 1.7104019290e+01
-2.7546360121e-04 4.5411771212e-05 2.9324703956e+01
2.7458482868e-04 5.0185078844e-05 1.5756255253e+01
2.7379938445e-04 4.6528088546e-05 1.5926356463e+01
2.7534501956e-04 5.3856669811e-05 1.5594318384e+01
3.0117699012e-04 2.5877815111e-05 1.6118161896e+01
-1.9802546572e-04 3.1509335463e-05 4.3534887532e+01
-3.4554775391e-04 1.1561652345e-05 1.7049998454e+01
-3.4922067387e-04 1.2102422202e-05 1.7020612417e+01
-3.4189016650e-04 1.1024564530e-05 1.7054734470e+01
1.3201292042e-04 1.2910485650e-04 1.7097306302e+01
1.3553510662e-04 1.3079988106e-04 1.7086312400e+01
1.1854298322e-04 1.2949237269e-04 1.7111096971e+01
9.2925669222e-05 1.2238136499e-04 2.2493547113e+01
1.4014879012e-04 1.0119187611e-04 1.7022393521e+01
-2.5740235996e-04 4.5579156114e-05 3.4521934905e+01
-2.8293487144e-04 2.3911884636e-05 1.7063632603e+01
2.9536292717e-04 3.5706298589e-05 1.5823664524e+01
1.2648672328e-04 9.9391373923e-05 1.7221177730e+01
9.9440829128e-05 9.5464934035e-05 2.2751106545e+01
9.6099299323e-05 9.4261887856e-05 2.2709249171e+01
1.0282998340e-04 9.6703817186e-05 2.2789257858e+01
-2.1981481555e-04 2.6896943968e-05 4.1970338117e+01
3.0448350200e-04 2.2743562110e-05 1.6160091217e+01
-1.7889126439e-04 1.6591413980e-05 4.7657220041e+01
-1.7516186076e-04 1.6574894424e-05 4.7906916774e+01
3.5563280352e-04 1.9296473110e-05 1.2813275844e+01
6.7383240444e-05 1.1200089376e-04 2.1672422153e+01
9.8805177307e-05 1.1598765530e-04 2.2663026977e+01
1.8460570601e-04 6.5123750532e-05 1.7040477981e+01
1.6132476211e-04 1.3848500416e-04 1.5930854603e+01
1.6498769774e-04 1.3620457140e-04 1.5806919322e+01
1.3527164459e-04 8.9798604117e-05 1.7025549917e+01
-1.7545861551e-04 2.7786855784e-05 4.5756747089e+01
-2.9245295064e-04 3.8942045882e-05 1.7168979863e+01
-1.6277988807e-04 5.3563490853e-05 4.1154365587e+01
-1.6141596905e-04 5.7195915781e-05 4.0491490034e+01
2.2704370215e-04 1.4473674552e-04 1.3730509633e+01
-2.4920700546e-04 4.8524780870e-05 3.6217568010e+01
-2.4647831168e-04 5.0247450283e-05 3.6651834932e+01
2.5314800355e-04 1.3668203262e-04 1.3412299529e+01
2.5664672008e-04 1.3384212817e-04 1.3437425855e+01
-3.2048190336e-04 1.6332488291e-05 1.7052321421e+01
-3.2177562156e-04 1.3718948989e-05 1.7041591399e+01
-3.1901609940e-04 4.6705488962e-05 1.7300114885e+01
1.0125003516e-04 1.4828146921e-04 1.8608608588e+01
9.8174343987e-05 1.4646174198e-04 1.8973282641e+01
-3.2325702511e-04 4.5709768153e-05 1.7252818977e+01
-3.3647350761e-04 3.8839736641e-05 1.5493902450e+01
2.2345168713e-04 1.4743909775e-04 1.3692577706e+01
-1.4105862845e-04 1.0770605477e-04 3.3839265622e+01
2.7494374271e-04 1.2705375707e-04 1.3189913101e+01
3.2720875842e-04 9.3025214213e-05 1.2697677118e+01
3.3062273948e-04 8.9939461678e-05 1.2671494941e+01
2.0051928601e-04 1.5195689025e-04 1.3999089066e+01
-1.9061724876e-04 9.5953045454e-05 3.5323644114e+01
-1.5533824840e-04 1.0474846909e-04 3.4240968632e+01
-1.5268043210e-04 1.0451366173e-04 3.4206961727e+01
-1.1013166703e-04 1.1426400120e-04 3.3022679100e+01
7.4037491253e-05 1.3958567603e-04 1.9237285756e+01
7.1788109642e-05 1.3734964925e-04 1.9365315804e+01
3.3007849315e-04 1.0725337588e-05 1.6136354636e+01
-2.4604487117e-04 7.7945164099e-05 3.7335774625e+01
3.2387846572e-04 9.6194645363e-05 1.2712265983e+01
3.6899409774e-04 4.0903221824e-05 1.2070507292e+01
-1.2419050880e-04 1.1074923337e-04 3.3401667809e+01
3.4750477984e-05 1.2719597148e-04 4.8408160552e+01
3.3416128542e-04 1.0940759264e-05 1.5894614667e+01
3.5965649362e-04 5.5797862492e-05 1.2393427517e+01
3.5640990884e-04 5.9254682695e-05 1.2486111856e+01
3.6288985807e-04 5.2307409687e-05 1.2283620755e+01
3.7220234134e-04 3.7253001034e-05 1.1852355532e+01
-2.3017834324e-04 5.2168647785e-05 3.8212699689e+01
-2.9255941784e-04 4.9755859274e-06 1.7050302918e+01
-1.6482983696e-04 2.7677949585e-05 4.6341445207e+01
-1.5413518918e-04 2.7582824987e-05 4.6847149489e+01
-1.2678814826e-04 5.6219500522e-05 4.1542861851e+01
3.6209995986e-04 1.1867296250e-05 1.1078023940e+01
3.5815821090e-04 1.1803097783e-05 1.1867605594e+01
3.6600434515e-04 1.1978923956e-05 1.0341932928e+01
1.1196506033e-04 1.2259619065e-04 1.7003477467e+01
1.0554898983e-04 1.2266326555e-04 2.0013222470e+01
1.3736132677e-04 8.1155902914e-05 1.8140524389e+01
3.4630497602e-04 1.1363924505e-05 1.4279647934e+01
8.6679483780e-05 1.1599333999e-04 2.2227091221e+01
3.1765037695e-04 9.9155051520e-06 1.6856985910e+01
3.1356357538e-04 9.6010120778e-06 1.7078233723e+01
3.1021777452e-04 1.2821960579e-05 1.6989149973e+01
3.0947767167e-04 9.4258477368e-06 1.6975517939e+01
-7.6201552571e-05 9.2929985093e-05 3.5472522366e+01
2.9330751332e-04 9.1766314548e-06 1.7335597670e+01
2.8929078029e-04 9.1760370760e-06 1.7259094498e+01
2.9730590167e-04 9.2497479299e-06 1.7301101832e+01
2.6946589679e-04 8.6267451401e-06 2.0574636688e+01
2.6550194157e-04 8.4369332353e-06 2.0933688593e+01
2.7646202035e-04 1.0875529781e-04 1.3845562262e+01
4.9873196945e-05 1.2303099326e-04 3.5919035496e+01
2.3061824987e-04 1.4201333653e-04 1.3763592717e+01
2.3020369201e-04 1.3823202640e-04 1.3928314148e+01
1.8508762033e-04 1.1025875167e-04 1.5831324229e+01
-3.6658088709e-04 1.1091522425e-05 1.3966886159e+01
2.2086761268e-04 9.5513475380e-05 1.5224633204e+01
2.1096488933e-04 4.5779160158e-05 1.7095584521e+01
1.8850969299e-04 1.0774840009e-04 1.5786174423e+01
3.0532090819e-04 2.6351369798e-05 1.5947975562e+01
1.8165380804e-04 1.1274514722e-04 1.5890840038e+01
-2.7113129698e-04 4.1754410493e-05 2.9658101409e+01
-1.2052012070e-04 1.0845271170e-04 3.3457245320e+01
3.0856966241e-04 9.2995955664e-05 1.3436292145e+01
1.8869686410e-04 8.6396413465e-05 1.7017615309e+01
-9.8798805996e-05 1.0751173206e-04 3.3281517099e+01
-1.4198425275e-04 1.0358281914e-04 3.4089355415e+01
-2.3865160635e-04 6.6635842519e-05 3.7265904108e+01
-2.3622134155e-04 6.8401332885e-05 3.7256449576e+01
-2.2682845025e-04 4.5734451486e-05 3.8973371552e+01
-1.8219778704e-04 9.2683875730e-05 3.5428182765e+01
-1.4682502994e-04 8.9503686178e-05 3.5465651186e+01
2.8002041758e-04 7.9950937016e-05 1.4646829890e+01
2.8399838426e-04 8.0720780573e-05 1.4539626140e+01
2.8340876305e-04 7.6941473655e-05 1.4665588710e+01
2.8738793228e-04 7.7691013101e-05 1.4555292275e+01
1.4746523180e-04 1.0391595981e-04 1.7020785089e+01
3.2622032114e-04 5.4361693793e-05 1.4159038620e+01
1.0183563622e-04 1.1432686111e-04 2.2680609334e+01
-3.2338776777e-04 3.5634208519e-05 1.7068372981e+01
7.7579752367e-05 1.0883033036e-04 2.2085233465e+01
-2.9553012436e-04 3.7545154265e-05 1.7126219699e+01
-2.6189476134e-04 2.3440548363e-05 3.1197792103e+01
-2.5872902823e-04 2.7014921292e-05 3.2609452916e+01
-1.6176613527e-04 1.0108038781e-04 3.4559028383e+01
-1.6251769441e-04 1.0327889029e-04 3.4444488174e+01
-2.0918991795e-04 4.6374751876e-05 4.0337159910e+01
-1.5784334294e-04 4.9798722630e-05 4.2056914841e+01
3.3009802767e-04 8.5847176466e-05 1.2857544705e+01
3.3395423457e-04 8.6747167664e-05 1.2647185236e+01
-2.8242056888e-04 3.7754847198e-05 2.1520262621e+01
-1.3736909451e-04 5.2865283782e-05 4.1998906235e+01
-1.4059228331e-04 5.2936680193e-05 4.1899791835e+01
-1.3636888124e-04 5.6430771360e-05 4.1271112514e+01
7.0093297047e-05 1.3255338400e-04 1.7472883586e+01
6.7644646190e-05 1.3347691929e-04 1.7493098262e+01
6.7262535880e-05 1.3611137787e-04 2.1183608265e+01
2.0011384334e-04 8.6214835152e-05 1.6385129945e+01
-6.0127969031e-05 5.3883359424e-05 4.2872374553e+01
8.9244858824e-05 1.4070340435e-04 1.9627311530e+01
8.8741643818e-05 1.4410593469e-04 2.0152166349e+01
8.5257689175e-05 1.4544100617e-04 2.0551554250e+01
1.6810902550e-04 1.2623127272e-04 1.6088190970e+01
-1.7633045264e-04 8.1576341025e-05 3.6465228190e+01
1.9624734864e-04 1.4698739324e-04 1.4328673857e+01
1.2300133849e-04 9.8104988081e-05 1.8858528886e+01
-1.6827657727e-04 9.7503904017e-05 3.4895763039e+01
-1.6633769788e-04 9.9422526398e-05 3.4736334171e+01
-1.6898589609e-04 9.9702652844e-05 3.4759617547e+01
-2.2617923192e-04 6.8735401126e-05 3.7357844615e+01
-2.0898012862e-04 7.4769041582e-05 3.7060287855e+01
-1.2114145541e-04 5.2562821630e-05 4.2465174068e+01
-2.4260803503e-04 2.4166031330e-05 3.7938137256e+01
-2.3927651343e-04 2.4031831475e-05 3.8774477909e+01
1.2805817757e-04 1.1658316325e-04 1.7038057279e+01
-8.7157592047e-05 1.1547112729e-04 3.2621174158e+01
-2.7447150613e-04 3.7928610468e-05 2.6793875511e+01
3.0938031748e-04 7.0505050536e-05 1.4195545879e+01
8.3162003993e-05 1.0860292168e-04 2.2264193688e+01
1.3525196849e-04 1.4908496130e-04 1.7174150842e+01
1.3155808367e-04 1.5084334315e-04 1.7251745826e+01
1.3503102860e-04 1.5268630557e-04 1.7211159106e+01
1.3128997431e-04 1.5437593996e-04 1.7326525672e+01
1.2789341465e-04 1.5252071681e-04 1.7320210026e+01
1.3474818429e-04 1.5626215972e-04 1.7288958931e+01
-1.3843803861e-04 7.1355728592e-05 3.8290686270e+01
3.4182333670e-04 2.9770771161e-05 1.4216842158e+01
3.4242212099e-04 3.3589214748e-05 1.4060400510e+01
3.3908080271e-04 3.7052418470e-05 1.4159473124e+01
2.5714352414e-04 2.5119294383e-05 1.8138715701e+01
-2.1623099447e-04 7.1508014541e-05 3.7278718106e+01
3.0519188123e-04 9.6102790953e-05 1.3437375662e+01
2.2966858616e-04 7.9830115176e-05 1.5542897573e+01
-1.9985073864e-04 9.2980159400e-05 3.5632213270e+01
-1.7731491861e-04 6.7551401219e-05 3.8355061657e+01
-1.8021296131e-04 6.7751300156e-05 3.8276254576e+01
2.5592757836e-04 7.5084438974e-05 1.5209888782e+01
1.4983889352e-04 1.2994102082e-04 1.7013227232e+01
1.5000283384e-04 1.3371679433e-04 1.6992721574e+01
-1.4129226598e-04 8.3159157819e-05 3.6314361183e+01
-1.6592719473e-04 8.2745897471e-05 3.6327846096e+01
-1.6871160927e-04 8.2969277955e-05 3.6300764327e+01
1.3857925531e-04 1.5454590332e-04 1.7111893220e+01
-1.4467349890e-04 1.0378786236e-04 3.4117536204e+01
1.9008519365e-04 9.3882567316e-05 1.6531884450e+01
1.9343270096e-04 9.1346566838e-05 1.6470453016e+01
1.9409698288e-04 9.5107234226e-05 1.6192004920e+01
-1.4441303242e-04 7.1598711390e-05 3.8163417779e+01
1.8469209381e-04 8.5205579767e-05 1.6991070201e+01
2.0269813139e-04 1.0126848221e-04 1.5504070090e+01
2.4385358688e-04 1.2332450280e-04 1.4138235439e+01
-1.0152590824e-04 1.0760461422e-04 3.3292858167e+01
9.1672166185e-05 1.4606463317e-04 1.9824844388e+01
2.6512147072e-04 1.0993764667e-04 1.4084205174e+01
-2.6501221751e-04 2.3696261937e-05 2.9669215911e+01
-2.6807702888e-04 2.3983539158e-05 2.8012189166e+01
1.9467785204e-04 1.2804532265e-04 1.4964318431e+01
-6.3423079536e-05 5.3875164362e-05 4.2909471120e+01
-6.6717899358e-05 5.3871307537e-05 4.2931621867e+01
-6.3419095552e-05 5.7382379496e-05 4.2239126229e+01
-7.0012080978e-05 5.3871611693e-05 4.2940275338e+01
2.1406505848e-04 1.0089904428e-04 1.5215686991e+01
-2.4092444547e-04 4.1105160220e-05 3.7435932516e+01
-2.1885344938e-04 7.1912047101e-05 3.7216186863e+01
3.7126215675e-04 2.4378757594e-05 1.1391481647e+01
3.7484755057e-04 2.4817438436e-05 1.1179877006e+01
3.7453570383e-04 2.0541365176e-05 1.0703035947e+01
3.7810276787e-04 2.0956096664e-05 1.0556549957e+01
3.7785213017e-04 1.6626981126e-05 9.7731523126e+00
3.7834595593e-04 2.5355747887e-05 1.1038484746e+01
3.8138146318e-04 1.7035829487e-05 9.7277317469e+00
-2.7108404933e-04 2.4305572411e-05 2.6221897391e+01
3.5891828354e-04 4.7432098555e-05 1.2654485160e+01
2.0699393980e-04 6.3705938814e-05 1.6997532137e+01
1.8135122504e-04 6.7550514999e-05 1.7040651795e+01
-4.9127206147e-05 3.0509347188e-05 4.6900208302e+01
2.5669846415e-04 1.0432744145e-04 1.4418541461e+01
1.6884618109e-04 1.3768260865e-04 1.5476561782e+01
-1.0543992014e-04 5.7651471752e-05 4.1703523729e+01
-1.0221828335e-04 5.7609117868e-05 4.1777051908e+01
-7.3305287230e-05 5.3875897799e-05 4.2936764263e+01
-7.8142087404e-05 5.5639772139e-05 4.2551995140e+01
-7.3170832507e-05 5.7385164688e-05 4.2231071615e+01
-8.1409569656e-05 5.5654248007e-05 4.2519385623e+01
-1.9393332502e-04 6.6837180148e-05 3.8156242754e+01
-1.9340224832e-04 6.4780081447e-05 3.8443857971e+01
2.6457144730e-04 5.8989577566e-05 1.5612095087e+01
-1.9752425752e-04 3.8484929380e-05 4.2366534951e+01
-2.0426160386e-04 6.3740498925e-05 3.8310918031e+01
1.6315507299e-04 8.8901497207e-05 1.7019569878e+01
-1.8261325587e-04 1.6608902658e-05 4.7391926949e+01
3.4548164317e-05 8.1859500076e-05 2.2319308635e+01
3.5745022621e-05 7.7933548048e-05 2.2635803231e+01
3.0925089446e-05 7.9162497302e-05 2.4087324948e+01
2.8093721580e-05 7.8710200344e-05 2.5905721515e+01
2.5242770768e-05 7.8286950360e-05 2.7437156362e+01
2.4359743369e-05 7.6161609810e-05 2.7641495668e+01
2.1469264831e-05 7.5785005178e-05 2.9044292950e+01
1.8560926387e-05 7.5434607298e-05 3.0318258666e+01
1.2697477497e-05 7.4800605878e-05 3.2509630647e+01
9.7440288281e-06 7.4516838073e-05 3.3446182631e+01
6.7778224268e-06 7.4252475819e-05 3.4287341564e+01
3.7998888723e-06 7.4006146205e-05 3.5040556117e+01
-1.1020960397e-06 7.5552993584e-05 3.6099171708e+01
-4.0877508277e-06 7.5347535544e-05 3.6624113054e+01
-7.0820598405e-06 7.5157907616e-05 3.7085669422e+01
-1.0084425886e-05 7.4983650118e-05 3.7489213108e+01
-1.3094125864e-05 7.4823672001e-05 3.7839755793e+01
-2.2161335101e-05 7.4422180536e-05 3.8618831019e+01
-2.5194620025e-05 7.4312104228e-05 3.8801339710e+01
-2.8232492850e-05 7.4213141910e-05 3.8951353524e+01
-3.1274485857e-05 7.4124445959e-05 3.9072171007e+01
-3.2589174448e-05 7.2223970479e-05 3.9339234077e+01
-3.5657039157e-05 7.2151361155e-05 3.9439681665e+01
-3.8727913916e-05 7.2087128292e-05 3.9516637918e+01
-4.1801377030e-05 7.2030525812e-05 3.9572685780e+01
-4.4877181109e-05 7.1983245714e-05 3.9609827833e+01
-4.9588557850e-05 7.3781006371e-05 3.9337402536e+01
-5.2647568356e-05 7.3751173015e-05 3.9326165381e+01
-5.7194961103e-05 7.1864601661e-05 3.9611542516e+01
-6.0276268486e-05 7.1850841316e-05 3.9583798030e+01
-6.3357636090e-05 7.1844387389e-05 3.9547386875e+01
-6.6438708552e-05 7.1843309095e-05 3.9503823680e+01
-6.9519165688e-05 7.1847798821e-05 3.9454121896e+01
-7.4067375229e-05 7.3721724461e-05 3.9015162691e+01
-8.1828370672e-05 7.1917836686e-05 3.9212041184e+01
-8.4900851391e-05 7.1948557873e-05 3.9144254005e+01
-8.7970811543e-05 7.1983641968e-05 3.9074908555e+01
-9.1037915464e-05 7.2023394612e-05 3.9004412707e+01
-9.4099831607e-05 7.2067648020e-05 3.8933248957e+01
-9.5412425948e-05 7.3959883497e-05 3.8531441491e+01
3.4940211531e-05 7.5733355402e-05 2.2693793090e+01
-2.6039992973e-07 7.1800058214e-05 3.5949096069e+01
-9.3563429111e-06 7.1248789077e-05 3.7548257112e+01
-1.8523389222e-05 7.0822240913e-05 3.8632508351e+01
-2.7744135204e-05 7.0501641742e-05 3.9324258148e+01
-7.7298182375e-05 7.0034990583e-05 3.9668526936e+01
-9.0673205272e-05 7.5761541904e-05 3.8275437214e+01
-8.1585405947e-05 7.5648950165e-05 3.8489044458e+01
-6.0320119513e-05 7.5573413466e-05 3.8922540009e+01
-4.2092432732e-05 7.5755894756e-05 3.9039242481e+01
2.9194130845e-06 7.7788616780e-05 3.5330505491e+01
1.1715768136e-05 7.8608075825e-05 3.3089989290e+01
2.0398763149e-05 7.9625525501e-05 2.9982723656e+01
-1.3468466712e-04 9.2820383420e-05 3.5023440844e+01
3.2718667122e-04 3.5862540534e-05 1.4784618794e+01
-2.2267586371e-04 5.9598028477e-05 3.8118248678e+01
-2.7781627137e-04 4.6184300731e-05 2.8776104903e+01
4.5056366830e-05 8.1850170987e-05 2.2559787238e+01
4.7914265927e-05 8.2474140708e-05 2.2544153010e+01
-1.1610675911e-04 6.8779807882e-05 3.9161195879e+01
-1.8601044736e-04 2.7920803038e-05 4.5072588734e+01
-3.0951005186e-04 9.6761017724e-06 1.7025817717e+01
-1.1588706647e-04 5.4246814042e-05 4.2218476132e+01
-1.1714571273e-04 5.6042009486e-05 4.1801176015e+01
-5.2638517224e-05 2.7304324428e-05 4.7697082256e+01
-1.0473818056e-04 9.3524248003e-05 3.4955981441e+01
2.1514116331e-04 6.5674843211e-05 1.6839502046e+01
-8.4674913926e-05 5.5672387662e-05 4.2478986339e+01
-8.7920240371e-05 5.5701531850e-05 4.2430341558e+01
2.5304617248e-04 6.0257950379e-05 1.5788135550e+01
-1.7006963124e-04 5.9087784851e-06 5.0076011133e+01
2.3841058824e-04 8.5514406223e-05 1.5185851737e+01
-2.8771630014e-04 2.7219789427e-05 1.7148181139e+01
2.7252110146e-04 2.3194313078e-05 1.7369820302e+01
2.4532505933e-04 1.0532049800e-04 1.4592027083e+01
2.2667285022e-04 6.4989335395e-05 1.6303065767e+01
2.5899963037e-04 3.3973070529e-05 1.7010196053e+01
1.7486611541e-04 7.2386215900e-05 1.7040050260e+01
2.7347531800e-04 8.7767654455e-06 2.0032002108e+01
-2.4702691115e-04 4.5179966648e-06 3.8403678070e+01
-1.8767608665e-04 3.8189646577e-05 4.3045440028e+01
-2.9640331425e-04 2.7005739825e-05 1.7120513171e+01
2.6983323247e-04 8.8872272888e-05 1.4590871419e+01
3.3342365681e-04 8.2624941179e-05 1.2833756055e+01
3.3717250263e-04 8.3410533260e-05 1.2628185688e+01
3.3671532914e-04 7.9348389542e-05 1.2807452586e+01
3.4045173237e-04 8.0129950491e-05 1.2597747141e+01
2.4304370210e-04 6.8735723727e-05 1.5660146172e+01
-3.4179970990e-04 1.7990086374e-05 1.6989532282e+01
2.6196938613e-04 1.1190544874e-05 2.0458652668e+01
2.6138921708e-04 8.3137644968e-06 2.0962846549e+01
2.5730854367e-04 8.1266813415e-06 2.0906499559e+01
2.5335774741e-04 7.9013457893e-06 2.0878154733e+01
5.2968616402e-05 8.1419676724e-05 2.2538986074e+01
5.2265383415e-05 7.9047318425e-05 2.2561561450e+01
5.5887403732e-05 8.2105876588e-05 2.2526383873e+01
2.7679269816e-04 6.1242515753e-05 1.5295395910e+01
-1.0189980077e-04 9.3437465373e-05 3.4989825958e+01
-9.9057647276e-05 9.3356698536e-05 3.5027390017e+01
-1.8943950363e-04 3.4753645991e-05 4.3570602015e+01
3.2589538518e-04 1.0523169707e-05 1.6402913436e+01
-2.3582954714e-04 5.7204944437e-05 3.7590429043e+01
-1.9156125887e-04 7.8955519887e-05 3.6733624963e+01
5.8823879410e-05 8.2824461357e-05 2.2516179309e+01
5.9488750403e-05 8.5287843612e-05 2.2486202776e+01
6.2426292723e-05 8.6075698962e-05 2.2477297338e+01
-2.9900674489e-04 4.2213727757e-05 1.7243469046e+01
3.1311640724e-04 4.5201843327e-05 1.4927167517e+01
5.5282360289e-05 1.0013449534e-04 2.2201962992e+01
-9.6212166918e-05 9.3282063732e-05 3.5068766992e+01
2.4981922401e-04 1.0532558412e-05 2.0364100120e+01
2.4579672685e-04 1.0310367826e-05 2.0323732404e+01
-2.1478239561e-04 3.1974063342e-05 4.1875732887e+01
6.7754309520e-05 8.5183921982e-05 2.2503712808e+01
7.0778106461e-05 8.6039550397e-05 2.2507576303e+01
-1.9695110314e-04 7.9587887316e-05 3.6656970748e+01
-1.9484214041e-04 4.9353624169e-05 4.0710520129e+01
1.8077904684e-05 9.3431996133e-05 3.3424059286e+01
7.1371799810e-05 8.8656558283e-05 2.2473997124e+01
7.3827895680e-05 8.6933173286e-05 2.2515824624e+01
2.4177839397e-04 1.0088650776e-05 2.0297074002e+01
2.3777704148e-04 9.8685885464e-06 2.0265456000e+01
3.4002046116e-04 7.6070932349e-05 1.2773836106e+01
3.4389549599e-04 7.6771068452e-05 1.2554535531e+01
3.4334267779e-04 7.2753835139e-05 1.2733093521e+01
3.4733645437e-04 7.3465339066e-05 1.2500545449e+01
3.4666146318e-04 6.9420021994e-05 1.2683998079e+01
3.5047837491e-04 7.0200604526e-05 1.2451589820e+01
2.8124994978e-04 4.4227205847e-05 1.5850989447e+01
-1.5830777404e-04 5.7082608216e-05 4.0594046445e+01
2.3379429646e-04 9.6449477683e-06 2.0242784909e+01
2.2981776948e-04 9.4275713134e-06 2.0210475946e+01
2.2585556935e-04 9.2103828808e-06 2.0196548883e+01
2.2543080466e-04 6.6814994464e-06 2.0541590614e+01
1.9244132956e-04 6.6923323463e-05 1.7029095668e+01
2.2190724041e-04 8.9971254449e-06 2.0180240489e+01
2.2142024557e-04 6.5612022848e-06 2.0494432039e+01
2.1794105639e-04 8.8016038961e-06 2.0168463964e+01
2.1736269347e-04 6.4409720217e-06 2.0454999186e+01
2.0370460568e-04 6.6295374569e-05 1.6995203805e+01
2.1396626296e-04 8.6131153015e-06 2.0172290359e+01
2.1338924433e-04 6.2944646466e-06 2.0440474324e+01
2.1000310775e-04 8.4278034530e-06 2.0185644856e+01
2.0942278288e-04 6.1539705250e-06 2.0439021581e+01
3.4239589203e-04 1.1143146254e-05 1.4968148750e+01
2.7124856739e-04 5.3137222235e-05 1.5707765700e+01
2.0604825991e-04 8.2442489136e-06 2.0215455222e+01
2.0545980475e-04 6.0182155588e-06 2.0457634230e+01
2.0209340828e-04 8.0684796147e-06 2.0263530171e+01
2.0154742043e-04 5.8603116465e-06 2.0478257628e+01
1.9814649902e-04 7.8950944341e-06 2.0326624041e+01
1.9767411854e-04 5.7057531231e-06 2.0536390171e+01
3.4992349441e-04 6.6071024354e-05 1.2628296303e+01
-1.8596070495e-04 6.8181754941e-05 3.8117720421e+01
1.9366861810e-04 5.6183904249e-06 2.0593849065e+01
1.8962044660e-04 5.5288272665e-06 2.0679585898e+01
-2.1189672010e-04 6.0427443274e-05 3.8457154074e+01
-2.1468690036e-04 6.0728724386e-05 3.8325008197e+01
2.3340955801e-04 1.0238241031e-04 1.4844792707e+01
2.2942981860e-04 1.0136859107e-04 1.4928762024e+01
-2.2637526707e-04 7.0984039436e-05 3.7211448963e+01
1.8563719749e-04 5.4279288062e-06 2.0791745250e+01
1.8166339741e-04 5.3311883884e-06 2.0899667859e+01
2.7927683538e-04 1.7651859043e-05 1.7622954885e+01
-1.4830120001e-04 7.3705156766e-05 3.7752818954e+01
1.7769295732e-04 5.2400170409e-06 2.1040581014e+01
1.7377113562e-04 5.1318242545e-06 2.1150974898e+01
1.6988720581e-04 5.0297936521e-06 2.1296734859e+01
-2.2319918133e-04 2.6994314588e-05 4.1473391447e+01
-3.0759320840e-04 4.1059286411e-05 1.7223130462e+01
-1.0012907845e-05 9.0508541467e-05 3.7124279497e+01
-1.7396472472e-04 3.1081144474e-05 4.5188902399e+01
1.6587598317e-04 4.9869806902e-06 2.1426150808e+01
1.6182280337e-04 4.9458762624e-06 2.1554642417e+01
1.5783259125e-04 4.8988978032e-06 2.1686487307e+01
1.5456116406e-04 6.5822688125e-06 2.1889037265e+01
2.8679381146e-04 7.3913363408e-05 1.4683826528e+01
2.9077342455e-04 7.4642648266e-05 1.4570142815e+01
-1.5070399920e-04 8.5710676171e-05 3.5947077983e+01
-1.4402914373e-04 8.9325978257e-05 3.5478523025e+01
-1.4122441125e-04 8.9156220037e-05 3.5493139172e+01
2.9135368165e-04 7.8432568664e-05 1.4438937549e+01
1.5060530258e-04 6.5167879915e-06 2.2019518498e+01
1.4665319478e-04 6.4614347414e-06 2.2136103790e+01
1.4598122925e-04 4.7604905400e-06 2.2003606502e+01
1.4210875237e-04 4.7134347619e-06 2.2074266295e+01
3.7416760421e-04 1.6348430786e-05 1.0007199544e+01
3.7749168086e-04 1.2421068470e-05 8.6736105501e+00
1.7772199641e-04 1.1139708232e-04 1.6205279039e+01
3.7371372084e-04 1.2213133888e-05 9.0920152772e+00
1.3812170387e-04 4.7185191768e-06 2.2106015003e+01
1.3409837703e-04 4.7263116121e-06 2.2141948033e+01
-3.0322667488e-04 3.8406974978e-05 1.7200819690e+01
-2.1441028902e-05 8.9847975206e-05 3.7390688229e+01
2.9497560572e-04 5.3497722287e-05 1.5151386948e+01
1.3013863981e-04 4.7300369556e-06 2.2231306215e+01
1.2699995913e-04 6.3086822755e-06 2.2417190667e+01
1.2309362900e-04 6.2992121917e-06 2.2436447533e+01
1.1919682451e-04 6.2958316251e-06 2.2526633621e+01
-2.7184137429e-05 8.9598494294e-05 3.7383899140e+01
1.1530780995e-04 6.2965363334e-06 2.2611160612e+01
1.1142859371e-04 6.2975529069e-06 2.2574773549e+01
1.1054784316e-04 4.7276773052e-06 2.2634695067e+01
2.1491834471e-04 4.6345964972e-05 1.7116504431e+01
1.0664571485e-04 4.7254849364e-06 2.2816427614e+01
1.0274649929e-04 4.7226079592e-06 2.3065181791e+01
-3.2943007577e-05 8.9395813785e-05 3.7314287942e+01
9.8849512960e-05 4.7184119958e-06 2.3385392332e+01
9.4953346019e-05 4.7135202487e-06 2.3782219854e+01
9.2103050809e-05 6.2769246942e-06 2.3915321846e+01
8.8241840304e-05 6.2681651406e-06 2.4423264349e+01
2.6461062473e-04 1.0613037764e-04 1.4210297184e+01
2.6856285668e-04 1.0701353956e-04 1.4096110363e+01
-3.8715071374e-05 8.9235461297e-05 3.7200012635e+01
8.4379237975e-05 6.2582647258e-06 2.5018684150e+01
8.0514588676e-05 6.2473386991e-06 2.5693766949e+01
7.6647274555e-05 6.2359252848e-06 2.6441171533e+01
7.2777206819e-05 6.2236153877e-06 2.7253398585e+01
7.1557063172e-05 4.6688927215e-06 2.7825594644e+01
6.7651086933e-05 4.6591547300e-06 2.8724625940e+01
6.3742591048e-05 4.6491391118e-06 2.9668915397e+01
-4.4497826844e-05 8.9113569883e-05 3.7055850326e+01
5.9831557913e-05 4.6389145435e-06 3.0651014047e+01
5.5917969045e-05 4.6285486927e-06 3.1663494648e+01
5.3377955716e-05 6.1557495643e-06 3.2019121114e+01
4.9489007454e-05 6.1414631607e-06 3.3060210729e+01
4.5602499697e-05 6.1237851516e-06 3.4112634704e+01
-5.0288837669e-05 8.9026816596e-05 3.6893620848e+01
4.1719205154e-05 6.1062597089e-06 3.5168517358e+01
3.7818218580e-05 6.0948264218e-06 3.6225594321e+01
3.6329805739e-05 4.5724471452e-06 3.6925830889e+01
3.2388674211e-05 4.5657667845e-06 3.7974694784e+01
2.8455315649e-05 4.5568942716e-06 3.9004554167e+01
-5.6085709576e-05 8.8972373992e-05 3.6722615386e+01
2.4522637854e-05 4.5473141826e-06 4.0011603343e+01
2.0588837782e-05 4.5384668587e-06 4.0991245415e+01
1.8263869401e-05 6.0352147935e-06 4.1279114663e+01
1.4349202798e-05 6.0236268694e-06 4.2206510215e+01
1.0432519269e-05 6.0125459385e-06 4.3097173140e+01
6.5139524249e-06 6.0019670467e-06 4.3948422712e+01
2.5936973499e-06 5.9919395894e-06 4.4758078625e+01
8.9589965236e-07 4.4979570336e-06 4.5354709796e+01
-3.0465173953e-06 4.4910772145e-06 4.6103073857e+01
-6.9898930336e-06 4.4844438839e-06 4.6806901088e+01
-1.0934165557e-05 4.4783506683e-06 4.7465807894e+01
-1.3102309925e-05 5.9575016781e-06 4.7557716441e+01
-6.7687584232e-05 8.8951324324e-05 3.6381150767e+01
-1.7027938774e-05 5.9498419331e-06 4.8146040304e+01
-2.0955101516e-05 5.9430699639e-06 4.8690555654e+01
-2.4884146040e-05 5.9370578823e-06 4.9192212781e+01
-7.3485815944e-05 8.8981341680e-05 3.6220035579e+01
-7.6389985166e-05 8.9004998625e-05 3.6143258139e+01
-2.8812980190e-05 5.9309632277e-06 4.9652061261e+01
-3.2741016593e-05 5.9256360230e-06 5.0071282027e+01
-3.4612534680e-05 4.4481242812e-06 5.0504147123e+01
-3.8560076959e-05 4.4452165043e-06 5.0867985264e+01
-4.2507886233e-05 4.4420806613e-06 5.1195225092e+01
-4.6456048207e-05 4.4389503019e-06 5.1487511371e+01
-4.8460298354e-05 5.9084603902e-06 5.1375497106e+01
-5.2391571016e-05 5.9050310728e-06 5.1616809371e+01
-5.6320587089e-05 5.9021514314e-06 5.1827531534e+01
2.3738438986e-04 1.0337903180e-04 1.4762022987e+01
-6.0251800829e-05 5.8993611770e-06 5.2009667375e+01
-6.4180591689e-05 5.8971413680e-06 5.2164633884e+01
-6.8111302899e-05 5.8948227121e-06 5.2294327679e+01
-7.0143180209e-05 4.4257118550e-06 5.2603030499e+01
-7.4090610226e-05 4.4243168009e-06 5.2698158669e+01
-6.9439214564e-05 7.5571662686e-05 3.8757094640e+01
-7.8037784189e-05 4.4229673053e-06 5.2771533259e+01
-7.9899318392e-05 5.8901249325e-06 5.2546045124e+01
-1.2769828136e-04 7.8627985255e-05 3.7138313280e+01
-8.3827936292e-05 5.8890583329e-06 5.2588945297e+01
-8.7756168826e-05 5.8881942284e-06 5.2613477292e+01
-9.1683981549e-05 5.8875434365e-06 5.2620810811e+01
-9.5611345346e-05 5.8870726264e-06 5.2611982793e+01
-1.0814707071e-04 8.9665509626e-05 3.5512008260e+01
-3.1339217911e-04 2.3593859365e-05 1.7097507748e+01
-1.0240482617e-04 8.9493165663e-05 3.5596366768e+01
1.4463283513e-04 1.0973102528e-04 1.7025011023e+01
-3.4723538265e-04 8.5641517907e-06 1.7594174603e+01
-3.3828078316e-04 1.0486349774e-05 1.6966177649e+01
-3.3473729082e-04 9.9690109517e-06 1.6946846800e+01
7.7872322851e-05 1.1166313509e-04 2.1985735670e+01
-1.0573011816e-04 7.6048259863e-05 3.7927744167e+01
-1.0272233529e-04 7.5981165665e-05 3.7995388267e+01
-1.0873271910e-04 7.6120476032e-05 3.7861388872e+01
1.8073854625e-04 6.4279388211e-05 1.7040616802e+01
1.7749335117e-04 6.6668078598e-05 1.7040551598e+01
1.7690298859e-04 6.3469983816e-05 1.7016986482e+01
1.7309672239e-04 6.2691478708e-05 1.7029081936e+01
1.6987561248e-04 6.5006801280e-05 1.6992585167e+01
1.6610880862e-04 6.4217775953e-05 1.7099060244e+01
1.6666505293e-04 6.7320814862e-05 1.6999961700e+01
1.6291633362e-04 6.6499642053e-05 1.7092920320e+01
1.6234201329e-04 6.3423391585e-05 1.7386473503e+01
1.5857129723e-04 6.2626563425e-05 1.7737855858e+01
1.5541569886e-04 6.4854425345e-05 1.7797684841e+01
1.5479655985e-04 6.1827965443e-05 1.8173052242e+01
1.5165663206e-04 6.4028699104e-05 1.8286158107e+01
1.5101616692e-04 6.1030643829e-05 1.8688444508e+01
1.4788963542e-04 6.3204227245e-05 1.8863721528e+01
1.4722966872e-04 6.0237742112e-05 1.9275144146e+01
1.5037619690e-04 5.8079498198e-05 1.9067052995e+01
1.4343655427e-04 5.9450638686e-05 1.9938243141e+01
1.4033158706e-04 6.1573141063e-05 2.0243092691e+01
1.3653849308e-04 6.0770634745e-05 2.1046020734e+01
1.3273568570e-04 5.9979864795e-05 2.1891377429e+01
1.3200516053e-04 5.7154094123e-05 2.2343758532e+01
1.2817639142e-04 5.6415246702e-05 2.3020031212e+01
1.2437096145e-04 5.5694909863e-05 2.2913819701e+01
1.2134211582e-04 5.7703546458e-05 2.2934032348e+01
1.2364817798e-04 5.2993278770e-05 2.2935461169e+01
1.1761148496e-04 5.6986197601e-05 2.2910031689e+01
1.1391944208e-04 5.6290694979e-05 2.2896949715e+01
1.1318982150e-04 5.3659634542e-05 2.2892933080e+01
1.1026382427e-04 5.5617123757e-05 2.2881170785e+01
1.0953621746e-04 5.3024135027e-05 2.2877916168e+01
1.0591798314e-04 5.2410292759e-05 2.2862580640e+01
1.0233395986e-04 5.1818301961e-05 2.2847214520e+01
9.9511017237e-05 5.3730354912e-05 2.2833496153e+01
9.5994727786e-05 5.3146564267e-05 2.2817985863e+01
9.2509700718e-05 5.2585329389e-05 2.2803033167e+01
9.1778355836e-05 5.0173454777e-05 2.2802334671e+01
9.8070106123e-05 4.8806713036e-05 2.2829855237e+01
8.9056681900e-05 5.2046312388e-05 2.2788577613e+01
8.8321525681e-05 4.9670176425e-05 2.2788300238e+01
8.4894298115e-05 4.9188356196e-05 2.2774984139e+01
8.1495753241e-05 4.8727644186e-05 2.2762544188e+01
7.8124214786e-05 4.8290090262e-05 2.2751212740e+01
7.5532296388e-05 5.0115588171e-05 2.2739242368e+01
7.7390196768e-05 4.6053288039e-05 2.2751711390e+01
6.8929528268e-05 4.9283019348e-05 2.2721200066e+01
6.5664557508e-05 4.8899436638e-05 2.2714015666e+01
6.7414656210e-05 4.4964298450e-05 2.2727896040e+01
5.8418707316e-05 4.6110452043e-05 2.2711816589e+01
5.5212698339e-05 4.5820096892e-05 2.2714373405e+01
5.2026710923e-05 4.5549093097e-05 2.2711679163e+01
4.8859418976e-05 4.5298886702e-05 2.2729329967e+01
4.5710606206e-05 4.5067577028e-05 2.2754540866e+01
4.2571215428e-05 4.4853281720e-05 2.3918715424e+01
3.9406813961e-05 4.4647487695e-05 2.5238104400e+01
3.8523752410e-05 4.2745475512e-05 2.6210555535e+01
3.3954417517e-05 4.6152736618e-05 2.6958241189e+01
3.0758888349e-05 4.5954799163e-05 2.8287935553e+01
2.7542114105e-05 4.5766071997e-05 2.9586894616e+01
2.4305451874e-05 4.5586471032e-05 3.0839908491e+01
2.1049342049e-05 4.5416111867e-05 3.2041781278e+01
1.7777669091e-05 4.5254826310e-05 3.3186564196e+01
1.4489359131e-05 4.5102720352e-05 3.4271687485e+01
1.3338112202e-05 4.3291115107e-05 3.4956156090e+01
1.1185148471e-05 4.4959730409e-05 3.5295206973e+01
1.0004027832e-05 4.3158910443e-05 3.5947192515e+01
7.8690264529e-06 4.4825385338e-05 3.6255407295e+01
6.6570608802e-06 4.3035871255e-05 3.6877706033e+01
3.2982132982e-06 4.2920555658e-05 3.7747833337e+01
-7.1612954267e-08 4.2812588589e-05 3.8558185590e+01
-3.4513961087e-06 4.2713155714e-05 3.9309639313e+01
-6.8403324908e-06 4.2620817042e-05 4.0003961885e+01
-1.0237593003e-05 4.2535602296e-05 4.0642994129e+01
-1.3642385380e-05 4.2457263209e-05 4.1228853302e+01
-1.7054075138e-05 4.2385108152e-05 4.1763940429e+01
-2.0471913479e-05 4.2320167661e-05 4.2250453611e+01
-2.3894951677e-05 4.2260920884e-05 4.2691055498e+01
-2.7322928623e-05 4.2207438737e-05 4.3088264450e+01
-3.0755209712e-05 4.2159454949e-05 4.3444582097e+01
-3.4191232874e-05 4.2116729636e-05 4.3762513111e+01
-3.7630466194e-05 4.2078974310e-05 4.4044484969e+01
-4.1072430178e-05 4.2045961911e-05 4.4292891067e+01
-4.4516656024e-05 4.2017421875e-05 4.4510014067e+01
-4.7962716097e-05 4.1993148524e-05 4.4698078531e+01
-5.1410180267e-05 4.1972209947e-05 4.4859306339e+01
-5.4857715700e-05 4.1955543406e-05 4.4995484469e+01
-7.5550830648e-05 4.1927185595e-05 4.5388079365e+01
-7.8996642861e-05 4.1932758041e-05 4.5397133192e+01
-8.2442398195e-05 4.1941266309e-05 4.5393507196e+01
-8.5883763446e-05 4.1951646090e-05 4.5378509591e+01
-8.9323866768e-05 4.1964780299e-05 4.5352942710e+01
-9.2763088729e-05 4.1980635668e-05 4.5317702010e+01
-9.6198270920e-05 4.1997791423e-05 4.5273949844e+01
3.4575138569e-04 3.0083734302e-05 1.3908215885e+01
-9.9538227048e-05 5.8867951351e-06 5.2587977188e+01
-1.0171446941e-04 4.4186099136e-06 5.2824071063e+01
1.0882373073e-04 1.2781455597e-04 1.6919191808e+01
3.4298015346e-04 3.7445315883e-05 1.3913661691e+01
3.3963945642e-04 4.0902523328e-05 1.4004264797e+01
4.1810287609e-05 1.0468874443e-04 2.8040509296e+01
3.9187412427e-05 1.0396756842e-04 2.9063587825e+01
3.0200490854e-04 2.9492591847e-05 1.5892406418e+01
-1.0565931597e-04 4.4184307954e-06 5.2778052339e+01
-1.0960377102e-04 4.4182246366e-06 5.2718703979e+01
3.5025476133e-04 1.1541215704e-05 1.3493936882e+01
1.2993950879e-04 1.0068539921e-04 1.6991121484e+01
3.0362678871e-04 1.9149949777e-05 1.6571703334e+01
-2.5849095002e-04 3.0948572254e-05 3.2829161970e+01
-1.1354776713e-04 4.4182808347e-06 5.2646497931e+01
-1.1524036788e-04 5.8873343732e-06 5.2355952806e+01
-1.1916441437e-04 5.8878536097e-06 5.2267078763e+01
-2.5259178690e-04 2.8425183086e-05 3.4835061912e+01
-2.4950448818e-04 3.2036108362e-05 3.5723484491e+01
2.2185439929e-05 4.1907346031e-05 3.2414467311e+01
2.8778750862e-05 4.2219699032e-05 3.0025670265e+01
-3.7080469629e-04 1.6580364991e-05 1.1237998179e+01
-2.0858136653e-05 9.5833240325e-05 3.6921874293e+01
7.6319908557e-05 8.5191163754e-05 2.2555992745e+01
7.9442998952e-05 8.6116707052e-05 2.2573286633e+01
8.0015015381e-05 8.8834101121e-05 2.2548019502e+01
8.3157381258e-05 8.9842064607e-05 2.2571779666e+01
8.9014694267e-05 8.9115658959e-05 2.2651105903e+01
9.2285893936e-05 9.0193372829e-05 2.2683473797e+01
-9.6756318337e-06 9.6530817701e-05 3.7003286939e+01
-4.1185750385e-06 9.6974869425e-05 3.6895396632e+01
6.9142578340e-06 9.8090490179e-05 3.6233691302e+01
-1.2308766106e-04 5.8891972091e-06 5.2166681244e+01
-1.2701048668e-04 5.8894730850e-06 5.2055336761e+01
1.7820958426e-05 9.9568249120e-05 3.4796259929e+01
-1.6127110990e-04 2.7645612874e-05 4.6517944313e+01
-1.2998979990e-04 5.6283357509e-05 4.1454177184e+01
-1.5055654888e-04 2.7557783261e-05 4.6999619191e+01
1.0520641902e-04 4.9896759224e-05 2.2859716782e+01
2.0041974835e-04 4.9965035642e-05 1.7073329868e+01
1.9979223120e-04 4.6984358253e-05 1.7197786706e+01
2.0308234712e-04 4.4618553572e-05 1.7239159657e+01
1.9587804166e-04 4.6372953159e-05 1.7249853205e+01
1.9197176298e-04 4.5760158867e-05 1.7350492933e+01
1.9132501208e-04 4.2844242400e-05 1.7503144616e+01
1.8807334028e-04 4.5146420570e-05 1.7465819277e+01
1.8742150089e-04 4.2251280716e-05 1.7643846817e+01
1.8418136955e-04 4.4532485601e-05 1.7616924039e+01
1.8352426562e-04 4.1659962628e-05 1.7810237662e+01
1.7963266323e-04 4.1072103392e-05 1.8005613104e+01
1.7641334895e-04 4.3310975282e-05 1.8020196607e+01
1.7253590867e-04 4.2705649193e-05 1.8283632048e+01
1.7186170022e-04 3.9911087487e-05 1.8523562369e+01
1.6865900937e-04 4.2109362079e-05 1.8592928356e+01
1.6797916896e-04 3.9340488908e-05 1.8847576869e+01
1.6478578877e-04 4.1514439317e-05 1.8946844504e+01
1.6409711959e-04 3.8777781493e-05 1.9214788742e+01
1.6091118683e-04 4.0929638719e-05 1.9347741529e+01
1.6021439469e-04 3.8224101243e-05 1.9625057895e+01
6.2450731491e-05 1.1223856604e-04 2.1573107582e+01
1.5633000629e-04 3.7680563068e-05 2.0080223126e+01
1.5244310048e-04 3.7148181826e-05 2.0580094369e+01
1.4927519492e-04 3.9236118662e-05 2.0832128775e+01
1.4538984874e-04 3.8695265692e-05 2.1419565135e+01
1.4149870839e-04 3.8170804899e-05 2.2038228398e+01
1.4076082838e-04 3.5627851671e-05 2.2332134922e+01
1.3760558197e-04 3.7655721726e-05 2.2740122315e+01
1.3685684281e-04 3.5149821829e-05 2.2991491324e+01
1.3371036446e-04 3.7157796616e-05 2.2988602596e+01
1.3296602913e-04 3.4687629634e-05 2.2913146565e+01
1.4097461128e-04 8.2209713008e-05 1.7198252195e+01
1.2910886077e-04 3.4242824695e-05 2.2936602980e+01
1.2601562306e-04 3.6215527110e-05 2.2921639004e+01
1.2221716146e-04 3.5771113154e-05 2.2912047309e+01
1.1845044019e-04 3.5345098110e-05 2.2899960859e+01
1.1471494641e-04 3.4937866635e-05 2.2887336026e+01
1.1101009620e-04 3.4549749081e-05 2.2875109560e+01
1.3894326609e-04 5.5823256214e-05 2.1070339169e+01
1.0733537665e-04 3.4181040659e-05 2.2862019352e+01
1.0661746699e-04 3.1959972821e-05 2.2858668365e+01
1.0297264168e-04 3.1646851061e-05 2.2846386038e+01
9.9355957455e-05 3.1353291654e-05 2.2834539396e+01
9.5766808176e-05 3.1079175257e-05 2.2822935985e+01
9.2204527753e-05 3.0824290049e-05 2.2812367704e+01
-1.3093250054e-04 5.8903571043e-06 5.1932979236e+01
-1.3485385924e-04 5.8910454983e-06 5.1799823305e+01
-1.3720170214e-04 4.4199318797e-06 5.1967534683e+01
8.8668500567e-05 3.0588128895e-05 2.2803164951e+01
8.5158038610e-05 3.0370228961e-05 2.2795215600e+01
8.1672326152e-05 3.0170132526e-05 2.2789521912e+01
7.8210647385e-05 2.9987031993e-05 2.2785902440e+01
7.4772234638e-05 2.9820161763e-05 2.2784703730e+01
7.1356190160e-05 2.9668853702e-05 2.2784043955e+01
6.5357116957e-05 3.1245429430e-05 2.2762267896e+01
6.2012136604e-05 3.1113923556e-05 2.2885871045e+01
5.8680182182e-05 3.0990005871e-05 2.3689986715e+01
5.5326809577e-05 3.0869337531e-05 2.4695733955e+01
5.1952704929e-05 3.0753175379e-05 2.5719236239e+01
4.8561636630e-05 3.0635271073e-05 2.6789340015e+01
4.5151840079e-05 3.0521476097e-05 2.7886947152e+01
4.1724740700e-05 3.0410746257e-05 2.9003334777e+01
3.8281241812e-05 3.0303158706e-05 3.0128565177e+01
3.4822181643e-05 3.0198924265e-05 3.1253240326e+01
3.1348377357e-05 3.0098284266e-05 3.2368790239e+01
-1.2710381636e-05 2.7586586091e-05 4.3594222358e+01
-1.6332103154e-05 2.7545609792e-05 4.4168382244e+01
-1.9958204127e-05 2.7508151833e-05 4.4697349353e+01
-2.3588199661e-05 2.7474079650e-05 4.5182540431e+01
-2.7221630428e-05 2.7443255086e-05 4.5625572839e+01
-3.0858070642e-05 2.7415614820e-05 4.6028176737e+01
-3.4497090374e-05 2.7390853873e-05 4.6392219235e+01
-3.8138308708e-05 2.7368867869e-05 4.6719574478e+01
1.5796894662e-04 5.9618102355e-05 1.8078490105e+01
1.6861398133e-04 1.3387065733e-04 1.5673074157e+01
1.7251453322e-04 1.3531637835e-04 1.5410227449e+01
1.3542704418e-04 1.2710067754e-04 1.7074332741e+01
6.4119619649e-05 8.1852779041e-05 2.2531491112e+01
1.9178035562e-04 6.3538150603e-05 1.7041540359e+01
-2.0699658446e-04 5.0071198909e-05 3.9964945161e+01
1.0232647251e-04 9.3644325751e-05 2.2794235233e+01
-1.4114197400e-04 4.4211201857e-06 5.1814872400e+01
-1.4508175184e-04 4.4219752986e-06 5.1650924782e+01
-1.4661268621e-04 5.8956871983e-06 5.1334286287e+01
2.8230247739e-04 1.2502422714e-04 1.3042627930e+01
2.8572965780e-04 1.2206259837e-04 1.3057348639e+01
2.8524931142e-04 1.1820269586e-04 1.3234677259e+01
2.8914847110e-04 1.1908376335e-04 1.3069738136e+01
1.2341187028e-04 1.0141130629e-04 1.7840798094e+01
1.1993420958e-04 1.0008797648e-04 1.9621572751e+01
-1.6838161294e-04 2.7711712314e-05 4.6156219219e+01
-1.5053059035e-04 5.8974375953e-06 5.1156466832e+01
-1.5444756279e-04 5.8993417271e-06 5.0966636223e+01
-1.1388466133e-04 5.5991583553e-05 4.1883994072e+01
-1.5836330296e-04 5.9021532221e-06 5.0764134357e+01
-1.6227175643e-04 5.9060930027e-06 5.0548528453e+01
-5.6332726973e-05 2.7290656168e-05 4.7873128988e+01
2.0453005032e-04 1.5312693965e-04 1.3847982871e+01
2.0820283482e-04 1.5052860641e-04 1.3899214217e+01
-5.6915813741e-05 5.7400998225e-05 4.2178989484e+01
-5.3664749126e-05 5.7421701386e-05 4.2123874177e+01
-1.0137303894e-04 5.2317268639e-05 4.2938844310e+01
1.5374014889e-04 1.3533988368e-04 1.7078733003e+01
-2.8805030290e-04 4.5025003076e-05 2.2760382515e+01
-3.0657010164e-04 2.4485276906e-05 1.7110504784e+01
-3.0377535895e-04 2.3697543735e-05 1.7111352535e+01
-2.1552392025e-04 4.8747373213e-05 3.9599092762e+01
-2.5690541801e-04 5.0014912624e-05 3.5156651811e+01
-2.3838962159e-04 5.3284620476e-05 3.7500374388e+01
-4.1770566407e-05 2.7353109448e-05 4.7010705316e+01
-2.5090682849e-04 4.5371577693e-06 3.7036863101e+01
2.3103680274e-04 1.4577867434e-04 1.3584147359e+01
2.3459998578e-04 1.4305014850e-04 1.3619733423e+01
-3.3123071784e-04 9.5019848607e-06 1.6948934126e+01
-3.2769943564e-04 9.0813006004e-06 1.6990201643e+01
-3.2893801727e-04 6.6100832232e-06 1.7264406388e+01
-3.2418601312e-04 8.6937939382e-06 1.7014964790e+01
-3.2531956663e-04 6.3413953926e-06 1.7126139156e+01
-2.4309117050e-04 4.5051557316e-06 3.9655816317e+01
-9.5763446127e-05 5.7535395552e-05 4.1914251325e+01
-2.8887388152e-04 4.8984544821e-06 1.7058649736e+01
-2.8520490598e-04 4.8258627822e-06 1.7243480583e+01
-3.0724620053e-04 5.4336150970e-06 1.7073945326e+01
-3.0360219373e-04 5.2914776254e-06 1.7058659424e+01
-1.7654067001e-04 4.4279739103e-06 4.9867544996e+01
-1.8041376182e-04 4.4175400793e-06 4.9577584021e+01
-3.1454861856e-04 5.7324681586e-06 1.7064021159e+01
-3.2507813853e-04 1.4303618663e-05 1.7037550910e+01
-3.1816916392e-04 5.9060603906e-06 1.6980191429e+01
-3.2070004811e-04 8.3694634357e-06 1.7020845194e+01
-2.5436687409e-04 4.9482149260e-05 3.5503769673e+01
1.2759242917e-04 1.5597904759e-04 1.7362533322e+01
1.2426442407e-04 1.5412785259e-04 1.7324913294e+01
3.3770020988e-04 8.7523455216e-05 1.2439951272e+01
-2.2436278513e-04 4.9513774342e-05 3.8865873311e+01
5.0309289311e-05 1.3039520181e-04 5.1499758793e+01
1.8120128739e-04 1.5691949230e-04 1.4131255861e+01
1.8900113420e-04 1.5578004344e-04 1.4037683702e+01
3.5354053766e-04 6.6829827368e-05 1.2401254614e+01
3.2783972791e-04 9.7096317454e-05 1.2502001613e+01
-2.8616473308e-04 6.0876120138e-05 3.5819893118e+01
3.7695188158e-04 8.3585788424e-06 7.3546118461e+00
3.6534229307e-04 7.9965172341e-06 9.7257647643e+00
3.2923044116e-04 7.1050774612e-06 1.6733290026e+01
2.9674506993e-04 6.1836964445e-06 1.7517508608e+01
2.7286564475e-04 5.8676706952e-06 2.0823750069e+01
2.6097711721e-04 5.3975768059e-06 2.1540591910e+01
2.4880151485e-04 5.0683722053e-06 2.1379605991e+01
-1.9321379654e-04 9.6271151567e-05 3.5347471171e+01
3.1378633279e-04 1.0551871980e-04 1.2739938652e+01
3.1718535154e-04 1.0246140505e-04 1.2731439994e+01
3.1041610703e-04 1.0859773410e-04 1.2742537445e+01
3.8886287110e-05 3.0409845498e-06 3.6534011355e+01
3.5393389770e-04 7.0991917067e-05 1.2233551165e+01
-2.4304773980e-04 2.7810216828e-05 3.7566104359e+01
1.9277117383e-04 1.5327850391e-04 1.4098992211e+01
1.4263278750e-04 1.3043547712e-04 1.7043443654e+01
1.4248404479e-04 1.2669449955e-04 1.7039850291e+01
-3.3096176504e-04 4.0770708519e-05 1.7099688472e+01
-3.2845284087e-04 3.8949453948e-05 1.6978491838e+01
-3.0662329876e-04 3.7057801347e-05 1.7232514046e+01
-3.0273941435e-04 2.6170207724e-05 1.7119021639e+01
-2.9725699551e-04 2.4639925671e-05 1.7102897505e+01
-2.7919465538e-04 2.7640542396e-05 2.0611978934e+01
-2.6472533650e-04 2.7603312155e-05 2.9971308274e+01
-2.3001806642e-04 5.0094712819e-05 3.8355251583e+01
-2.2553947978e-04 2.3621855833e-05 4.1545461463e+01
2.5959882501e-04 9.7642459947e-05 1.4541095555e+01
1.8855913607e-04 1.4827202449e-04 1.4439077273e+01
1.8420680906e-04 1.3942881196e-04 1.4882719145e+01
1.8031107692e-04 1.3809686178e-04 1.5030185108e+01
-1.7610405695e-04 4.8555496166e-05 4.1663513230e+01
1.5009972826e-04 1.3749029992e-04 1.6979354994e+01
-2.3904236274e-04 7.8354264605e-05 3.6996314236e+01
-2.3894195885e-04 7.5972230901e-05 3.7072037877e+01
2.7742056971e-04 1.1643314329e-04 1.3543223150e+01
9.5785367199e-05 1.1759842546e-04 2.2625668614e+01
-2.4996539890e-04 2.9896327379e-06 3.7483510158e+01
8.0956589179e-05 1.1596066318e-04 2.1939462342e+01
6.2765229458e-05 1.1480653533e-04 2.1494829864e+01
7.1094233467e-05 1.4017716485e-04 1.6190586429e+01
4.4989431604e-05 1.0781054023e-04 2.7902971498e+01
2.5903606261e-04 9.3859735276e-05 1.4648434964e+01
2.6584865331e-04 8.8034114109e-05 1.4685505865e+01
2.6924771621e-04 8.5097084117e-05 1.4705761554e+01
2.1888127782e-05 2.6525573152e-05 3.6043492769e+01
3.0662558997e-04 1.0780776585e-04 1.2921802636e+01
3.0709930043e-04 1.1172589953e-04 1.2737176995e+01
1.8558411418e-04 1.1406521109e-04 1.5639122358e+01
3.2555190399e-05 2.6762569809e-05 3.2871694032e+01
-1.1052965168e-04 3.8746475024e-05 4.5751496058e+01
-1.1399258846e-04 3.8771722763e-05 4.5673926605e+01
-1.1745127922e-04 3.8798904993e-05 4.5590516548e+01
-1.2090542889e-04 3.8828075005e-05 4.5501629457e+01
-1.2435474590e-04 3.8859235677e-05 4.5407577838e+01
-1.2779891444e-04 3.8892462105e-05 4.5308609504e+01
-1.3123584497e-04 3.8927826816e-05 4.5204961617e+01
2.5162743101e-04 9.5843810354e-05 1.4718801905e+01
3.0229417138e-04 1.0307986076e-04 1.3270215876e+01
-2.7400218969e-04 2.4669144107e-05 2.4283578236e+01
2.8946582536e-04 4.5496661304e-05 1.5586876914e+01
5.6975288037e-05 2.7408067666e-05 2.5391349562e+01
3.6577284016e-04 4.4510152666e-05 1.2252159284e+01
3.6921748582e-04 4.5091267726e-05 1.2011241899e+01
6.7190823960e-05 2.7708416256e-05 2.2762733438e+01
2.7603108633e-04 7.9171192402e-05 1.4748574864e+01
7.7465975265e-05 2.8084303699e-05 2.2796306526e+01
-2.6489670261e-04 6.6981544322e-05 3.6998734359e+01
-2.6708304537e-04 6.7858675277e-05 3.7213870418e+01
3.6181517503e-04 3.9694946877e-05 1.2576250086e+01
4.2302378425e-05 1.1803108660e-04 3.5774569882e+01
8.7941900271e-05 2.8592549619e-05 2.2807379005e+01
-1.4380705200e-04 5.3012041635e-05 4.1798826281e+01
-1.4586874813e-04 5.6675402445e-05 4.0988921956e+01
-1.4898822901e-04 5.6775134022e-05 4.0891223158e+01
-2.1423738028e-04 7.5546508215e-05 3.6957899201e+01
2.2146017733e-04 9.9285792768e-05 1.5111725939e+01
2.5618357153e-04 1.3003244995e-04 1.3605838077e+01
2.6013397524e-04 1.3098447371e-04 1.3459976177e+01
2.6060041977e-04 1.3479942158e-04 1.3284208996e+01
2.6408166304e-04 1.3192955639e-04 1.3307663013e+01
-2.0448028599e-04 7.8438122765e-05 3.6748376769e+01
-1.6942656974e-04 8.5080634027e-05 3.6055494129e+01
3.3179549851e-04 4.0048206161e-05 1.4427336967e+01
-2.9665027383e-04 5.5766761271e-05 3.1616257327e+01
-2.4607660328e-04 6.3693969900e-05 3.7065876185e+01
-2.3631183816e-04 7.0706053229e-05 3.7187118115e+01
2.6061262269e-04 7.9672422061e-05 1.5000639603e+01
2.6463168620e-04 8.0509564578e-05 1.4912121501e+01
-8.8268263494e-05 5.2199435332e-05 4.3169293834e+01
2.7595011790e-04 1.0493032398e-04 1.3985778132e+01
9.8570283467e-05 1.4308695629e-04 1.8636127360e+01
-2.0363668627e-04 7.4063926412e-05 3.7173239627e+01
-2.8275017409e-04 5.6153859633e-05 3.3108048892e+01
3.0572969324e-04 4.7847304866e-05 1.5054536400e+01
1.8004759224e-04 1.3429023555e-04 1.5166667231e+01
7.2518979702e-05 1.1181416221e-04 2.1799781621e+01
7.2762114741e-05 1.1456586586e-04 2.1640815846e+01
1.2454528557e-04 1.5069457435e-04 1.7290647680e+01
1.2097277137e-04 1.5230804066e-04 1.7270452794e+01
-1.0871531321e-04 6.6766500960e-05 3.9714658396e+01
1.5071408519e-04 1.0168646669e-04 1.7018781038e+01
1.5118565267e-04 1.0530866066e-04 1.7017504364e+01
-7.8344423402e-05 5.2149722115e-05 4.3269970171e+01
1.8799012056e-04 8.2700467892e-05 1.6985826258e+01
1.1474066428e-04 1.4531911364e-04 1.7199275218e+01
1.1448813646e-04 1.4872307097e-04 1.7237024473e+01
1.1420598937e-04 1.5208348676e-04 1.7030814288e+01
-2.0403457897e-04 8.9254988528e-05 3.5909523423e+01
-2.0911814669e-04 9.0129765361e-05 3.5917001666e+01
-2.1163411700e-04 9.0595384662e-05 3.5925518362e+01
-2.1590564588e-04 8.6922301647e-05 3.6170459085e+01
-2.1625601291e-04 8.9246927347e-05 3.6054145305e+01
-2.1807477411e-04 8.5094999864e-05 3.6293005486e+01
-2.2303604298e-04 8.6118441030e-05 3.6284076585e+01
-2.2549441123e-04 8.6672227636e-05 3.6284273188e+01
1.1164973220e-04 1.1576610134e-04 1.9129921859e+01
1.0854743668e-04 1.1755451243e-04 2.0205370812e+01
1.0152732555e-04 1.1108038692e-04 2.2726989579e+01
7.6852027948e-05 1.0322896277e-04 2.2239450285e+01
-2.1856429072e-04 3.3897871894e-05 4.1175956262e+01
-7.4180730433e-05 1.0698441975e-04 3.3385533227e+01
3.4290411077e-04 6.8701010471e-05 1.2903965723e+01
-2.6464603172e-04 1.2771365283e-05 3.0230248095e+01
-2.6813945169e-04 1.2887038185e-05 2.8245413466e+01
-1.4579240398e-04 9.3511794571e-05 3.5006977828e+01
-1.5870960691e-04 3.4218583547e-05 4.5269183324e+01
-1.6216396732e-04 3.4264769052e-05 4.5112199306e+01
2.7937379621e-04 1.0195622851e-04 1.3996551071e+01
6.3051533377e-05 8.8598213698e-05 2.2440619966e+01
8.3689002979e-05 9.2635978066e-05 2.2544476654e+01
-1.7891659079e-04 9.0180701944e-05 3.5599077074e+01
1.4782724117e-04 3.4066156648e-05 2.1412993689e+01
1.3913047128e-04 1.3619504220e-04 1.7077491593e+01
2.5043778060e-04 1.3333930280e-05 1.9954263867e+01
-1.9297862206e-04 5.3030738485e-05 4.0203041853e+01
-1.2627351383e-04 9.2380940553e-05 3.5057658128e+01
-1.2345623405e-04 9.2248487407e-05 3.5073874489e+01
-1.2242118353e-04 9.0202479404e-05 3.5354777541e+01
-1.6857110442e-04 3.9482010853e-05 4.3759812630e+01
2.8015034109e-04 5.8253033590e-05 1.5330932129e+01
2.2246588592e-04 1.1510908353e-05 1.9832566769e+01
9.9293670641e-05 1.2594894373e-04 2.2450892987e+01
1.2523757218e-04 1.3296867072e-04 1.7146052514e+01
1.9479860100e-04 9.9300204015e-06 2.0175794845e+01
1.0627218040e-04 9.7981892085e-05 2.2847742155e+01
1.0927654374e-04 9.6132682288e-05 2.2828866298e+01
-1.4699353020e-04 2.7531504972e-05 4.7144673116e+01
1.6712415378e-04 8.7398094081e-06 2.1334038644e+01
-2.2499562495e-04 3.4189285837e-05 4.0332207031e+01
-1.7142846365e-04 1.6557788772e-05 4.8142328572e+01
2.1554263122e-04 4.9377215707e-05 1.7022361218e+01
2.1887790077e-04 4.6909366660e-05 1.7023886033e+01
2.2631647492e-04 8.2566566450e-05 1.5523349282e+01
2.2227295765e-04 8.1547085565e-05 1.5671514122e+01
-2.0851320170e-04 1.6778193291e-05 4.4941054260e+01
-2.4410680738e-04 1.5626013094e-05 3.8295365153e+01
3.3573461796e-04 1.8304749535e-05 1.5191970639e+01
-2.3708201452e-04 3.1156651273e-05 3.8649706796e+01
-8.2201492088e-05 8.9072238094e-05 3.5998148894e+01
-8.5097689953e-05 8.9114180067e-05 3.5930647383e+01
1.5227147819e-04 6.7073911816e-05 1.7875424837e+01
3.1685967773e-04 2.4020929399e-05 1.5704845133e+01
-1.2707717047e-04 8.8418463962e-05 3.5595877994e+01
-2.8188895921e-04 2.8187259533e-05 1.8044896990e+01
-1.3372803087e-04 9.0749652587e-05 3.5276855366e+01
1.7507119708e-04 3.7708449251e-05 1.8474337101e+01
-2.0144173342e-04 6.3470877559e-05 3.8419138473e+01
-2.0097798462e-04 6.1413836630e-05 3.8696548622e+01
-2.8295605050e-04 4.5522219967e-05 2.6074395263e+01
-1.1957597759e-04 9.0082638972e-05 3.5380499351e+01
-3.1289323557e-04 9.9909335323e-06 1.7034691224e+01
1.2585084310e-04 6.1239598865e-05 2.3040475443e+01
2.7200044033e-04 5.6815862634e-05 1.5550111215e+01
-2.1786236892e-04 1.3681910048e-05 4.4128900659e+01
1.8676069450e-04 3.9392053491e-05 1.7827685049e+01
3.3011024600e-04 5.4914081130e-05 1.3983158972e+01
3.2675317172e-04 5.8222682934e-05 1.4005517150e+01
3.3346439489e-04 5.1573480952e-05 1.3952749719e+01
1.7820877832e-04 1.1520674791e-04 1.5966503418e+01
1.0023578686e-04 5.6255146542e-05 2.2835147791e+01
-1.8764434327e-04 6.4330767857e-05 3.8636935919e+01
2.1428347342e-04 4.3369767981e-05 1.7229028674e+01
4.2759130221e-05 7.5001075814e-05 2.2621004354e+01
7.9616919403e-05 5.2878672087e-05 2.2748953383e+01
3.0237276251e-04 5.0993736637e-05 1.5040701326e+01
5.9985022849e-05 5.0319519398e-05 2.2700574345e+01
-1.9613389307e-04 3.4920156297e-05 4.3082306693e+01
-1.9462627719e-04 3.1435223322e-05 4.3811356070e+01
5.0468923246e-05 4.9332965635e-05 2.2685661673e+01
1.4057350190e-04 1.0471242079e-04 1.7022382092e+01
1.3697484362e-04 1.0333890064e-04 1.7021200116e+01
-1.9648234228e-04 2.8081347315e-05 4.4261806134e+01
2.8264352020e-04 1.4834046372e-05 1.7504850814e+01
-2.1005768740e-05 4.5713850880e-05 4.1798605959e+01
-3.1213978014e-05 3.0620715929e-05 4.5486992768e+01
-2.1912820992e-04 7.4147789881e-05 3.7040016878e+01
-6.3468420781e-05 4.3606437426e-05 4.4908408129e+01
1.4044073989e-04 7.8999666694e-05 1.7883469889e+01
2.9762514890e-04 4.6701989421e-05 1.5321815617e+01
1.5068243715e-05 3.1352209223e-05 3.6863734902e+01
2.9689730923e-04 4.3021298224e-05 1.5479437237e+01
2.5544852679e-05 3.1631682605e-05 3.3770128909e+01
-2.2243867329e-04 5.7477913294e-05 3.8304635743e+01
2.4763998345e-04 9.4922002264e-05 1.4802621956e+01
3.4350227020e-04 4.1339927737e-05 1.3770714463e+01
3.4016504794e-04 4.4787214757e-05 1.3852632352e+01
9.0116999282e-05 3.4733698415e-05 2.2803219797e+01
1.6548965305e-04 4.4306572913e-05 1.8674514454e+01
2.4081147786e-04 1.0057561614e-04 1.4773315734e+01
1.7709382419e-04 4.6185774571e-05 1.7804145423e+01
-2.2477656742e-04 5.3613620295e-05 3.8491395958e+01
3.5102246606e-04 1.5310032027e-05 1.3412789278e+01
3.1274383878e-04 2.3617421870e-05 1.5857384432e+01
3.0778198655e-04 1.9588418646e-05 1.6218057052e+01
3.0610202145e-04 1.2557425739e-05 1.7067792770e+01
3.0538943256e-04 9.3747617248e-06 1.7142182472e+01
3.0898988411e-04 6.1544967391e-06 1.7260640627e+01
-1.3465995498e-04 3.8965353418e-05 4.5096953023e+01
1.2066587771e-04 1.5558269090e-04 1.7330122065e+01
-2.6441462730e-04 7.1905667305e-05 3.7726021168e+01
6.7656457129e-05 1.1465240948e-04 2.1504850697e+01
9.9168403172e-05 1.2257182254e-04 2.3037818876e+01
1.0209137453e-04 1.1761499926e-04 2.3080352887e+01
1.1525281530e-04 1.2776851395e-04 1.7063883526e+01
1.1849240540e-04 1.2592976472e-04 1.7066338773e+01
1.9834239490e-04 5.8585602385e-05 1.7043600852e+01
1.6478218335e-04 1.3238478559e-04 1.6025400676e+01
-1.6769882726e-04 1.6544703091e-05 4.8363283222e+01
1.3656446011e-04 9.9878706623e-05 1.7013217570e+01
1.4503549977e-04 8.6538862738e-05 1.7052373869e+01
1.4818003316e-04 8.4310535431e-05 1.7043281778e+01
1.5186221039e-04 8.5412436785e-05 1.7035038409e+01
-2.6111289959e-04 1.2671676718e-05 3.2046785694e+01
-2.7835401041e-04 9.7743293385e-06 2.1684416617e+01
-2.8151857062e-04 4.7574196248e-06 1.9985458658e+01
1.4191920575e-04 8.8761990336e-05 1.7054170666e+01
-1.5518748425e-04 5.6975101964e-05 4.0695087112e+01
-2.1255178793e-04 4.8523729490e-05 3.9827885904e+01
-3.2360071547e-04 1.7043868224e-05 1.7051880263e+01
-2.8900451302e-04 2.2794538295e-05 1.7090447812e+01
-2.9247560439e-04 2.1126755336e-05 1.7090693987e+01
-3.1918846546e-04 4.1856369065e-05 1.7178918234e+01
-3.1767517572e-04 2.1758941347e-05 1.7064695979e+01
-3.1617294188e-04 2.4524647046e-05 1.7080232895e+01
-3.3348188152e-04 4.2679241551e-05 1.5586942846e+01
2.3483733776e-04 1.4660541915e-04 1.3447893801e+01
2.3850604062e-04 1.4398693095e-04 1.3477080301e+01
3.1788327989e-04 1.0619204510e-04 1.2543721910e+01
1.3838758070e-04 1.5804802998e-04 1.7117588652e+01
1.4224101795e-04 1.5638656111e-04 1.7016869393e+01
1.4211368961e-04 1.6000173398e-04 1.7009550524e+01
1.4598929129e-04 1.5817884987e-04 1.5533217955e+01
1.4617437987e-04 1.5450762716e-04 1.6545663859e+01
1.4998210628e-04 1.5628340244e-04 1.5045278225e+01
2.8963168119e-04 1.2273066500e-04 1.2895543734e+01
2.9316035524e-04 1.1999366002e-04 1.2892189636e+01
3.5976317254e-04 6.0119981475e-05 1.2258163619e+01
-8.6947197957e-05 1.1950159033e-04 3.2512064658e+01
1.4973756730e-04 1.5980511348e-04 1.4659305484e+01
1.5380621765e-04 1.5793211761e-04 1.4724691216e+01
1.5390906135e-04 1.5421659972e-04 1.5118173705e+01
1.5775761400e-04 1.5583204245e-04 1.4746189340e+01
1.5778243211e-04 1.5944356062e-04 1.4425265751e+01
1.6165937901e-04 1.5736499419e-04 1.4515410612e+01
-1.1272720338e-04 1.1427802127e-04 3.3070173275e+01
-3.3878148328e-04 4.0638171137e-05 1.3813241410e+01
-3.1690068491e-04 4.9472864616e-05 1.7588187031e+01
-2.7856457385e-04 6.5221535690e-05 3.7226976166e+01
2.6446957445e-04 1.3566333153e-04 1.3131269475e+01
2.6793598047e-04 1.3277195128e-04 1.3156187072e+01
-2.5067547616e-04 7.4502141577e-05 3.7381303141e+01
-2.5296785524e-04 7.5251292220e-05 3.7481331341e+01
1.9313106014e-04 1.5692229930e-04 1.3880428013e+01
1.3455803237e-04 1.5948124537e-04 1.7370251747e+01
2.0083152818e-04 1.5595711064e-04 1.3772328250e+01
2.0485715735e-04 1.5686610967e-04 1.3629074961e+01
1.6202004607e-04 1.6147294591e-04 1.4160172840e+01
1.6557333863e-04 1.5887569169e-04 1.4311615971e+01
-2.5292173383e-04 7.7733072476e-05 3.7635613613e+01
-2.9319333677e-04 5.9528336393e-05 3.5477267643e+01
3.2121846981e-04 1.0323570584e-04 1.2530376495e+01
3.4438531564e-04 8.0888092823e-05 1.2372212242e+01
1.1399168210e-04 1.5553262402e-04 1.7186421548e+01
1.9709291345e-04 1.5851747318e-04 1.3696325969e+01
-3.0920908413e-04 5.3191335444e-05 2.3641623568e+01
-3.0639555322e-04 5.4052367284e-05 2.7686894004e+01
-3.0202183825e-04 5.3457345865e-05 2.7309344695e+01
-2.3914758368e-04 8.3505136550e-05 3.6707043459e+01
-2.3692676863e-04 8.2513653238e-05 3.6687794185e+01
-2.8564021321e-04 6.3472023018e-05 3.7219490165e+01
3.8087999765e-04 8.4160599801e-06 6.7520924693e+00
3.6924329473e-04 8.1094604875e-06 8.8597884266e+00
3.4961961961e-04 7.6479283629e-06 1.3562926964e+01
3.0068776094e-04 6.2995728231e-06 1.7515096148e+01
2.7692773811e-04 5.9522042370e-06 1.9957470332e+01
2.4067212747e-04 4.8695751303e-06 2.1186141007e+01
2.3272412790e-04 4.6184513837e-06 2.0999078468e+01
2.1283223890e-04 4.0983040376e-06 2.0673312602e+01
9.7851456342e-05 3.1563731409e-06 2.3646002915e+01
6.6350624242e-05 3.1216877959e-06 2.9332478337e+01
3.0834549696e-05 3.0588042562e-06 3.8665972546e+01
7.0924135972e-06 3.0218796111e-06 4.4347954542e+01
-8.2958280262e-07 3.0114003804e-06 4.5939830613e+01
-2.8574928637e-05 2.9825651353e-06 5.0114938120e+01
3.5354139973e-04 7.9025833852e-06 1.2579869701e+01
-5.6332411504e-05 2.9644235163e-06 5.2320865033e+01
-6.4263204469e-05 2.9607802749e-06 5.2663112780e+01
-8.8052550998e-05 2.9529227927e-06 5.3118261857e+01
-1.1975958819e-04 2.9477846222e-06 5.2758955372e+01
-1.4748706302e-04 2.9471367065e-06 5.1789769120e+01
-1.5540571436e-04 2.9476074934e-06 5.1405649389e+01
1.8950125010e-04 1.5960505317e-04 1.3783395531e+01
2.6106628578e-04 1.3861414257e-04 1.3097846684e+01
3.1102924919e-04 1.1226419883e-04 1.2558765512e+01
3.0778431834e-04 1.1543439102e-04 1.2547364039e+01
3.0373551132e-04 1.1479158165e-04 1.2732662272e+01
3.0043469465e-04 1.1827426767e-04 1.2703331704e+01
2.9981584850e-04 1.1424002240e-04 1.2902156840e+01
3.8049632197e-04 4.2491748483e-06 4.7405535506e+00
3.8463929624e-04 8.7003655314e-06 6.5648672421e+00
3.6870539490e-04 3.9844751585e-06 7.9173904397e+00
3.2511231067e-04 6.8885727357e-06 1.6851711046e+01
-3.2809502625e-04 4.4390344024e-05 1.7136321001e+01
3.1699958098e-04 6.4082452907e-06 1.7022272538e+01
-3.1327928120e-04 4.1381187074e-05 1.7211536074e+01
3.0036449729e-04 3.0852844181e-06 1.7867884630e+01
-2.6226704386e-04 4.8917678623e-05 3.4029120805e+01
-2.6471066892e-04 4.9549942445e-05 3.3667336574e+01
2.7646995991e-04 2.9472206564e-06 2.0576477495e+01
2.8096060936e-04 6.0753186759e-06 1.8974300983e+01
2.8444323504e-04 3.1561447515e-06 1.8330184645e+01
2.8483928160e-04 6.2497370929e-06 1.8081275042e+01
-3.3067492194e-04 4.6472674772e-05 1.5445898331e+01
-3.2483317803e-04 4.8541410464e-05 1.6784077735e+01
-3.2045808251e-04 4.8782732835e-05 1.6901020662e+01
-2.3283909136e-04 5.0418101247e-05 3.8088736993e+01
-2.4336300395e-04 3.1561496232e-05 3.7284241776e+01
-2.3585321988e-04 2.3917850858e-05 3.9559013741e+01
-2.1847970086e-04 4.8989942246e-05 3.9362325763e+01
-2.2145291033e-04 4.9242492821e-05 3.9116114791e+01
-2.2897753464e-04 2.3716665801e-05 4.0939094403e+01
3.5680036848e-04 4.1228741905e-06 1.1297717606e+01
-1.9998717041e-04 4.5865647518e-05 4.0993529027e+01
-1.9681587224e-04 4.5722166950e-05 4.1198997960e+01
-1.8242862747e-04 4.8799043663e-05 4.1363638991e+01
-2.5758882121e-04 7.4402619193e-05 3.7614710167e+01
1.7642746420e-04 1.3673061682e-04 1.5199612492e+01
3.8827790939e-04 4.3444102283e-06 2.7506735859e+00
3.8873260619e-04 9.1782446440e-06 7.3111210941e+00
2.8835401695e-04 3.2721962958e-06 1.7614762661e+01
1.9682971892e-04 1.5450495689e-04 1.3943014797e+01
1.7665503013e-04 1.4053689428e-04 1.5046296119e+01
1.7222553266e-04 1.3149834483e-04 1.5581215921e+01
1.3901681457e-04 1.2877456057e-04 1.7060288467e+01
1.3886346665e-04 1.2505311054e-04 1.7053349407e+01
9.2798063732e-05 1.1917071167e-04 2.2472432357e+01
-3.8383668409e-05 3.0569017791e-05 4.6152963956e+01
1.8730783966e-04 5.9499959027e-05 1.7024729149e+01
-2.0426710385e-05 3.0723124006e-05 4.4189956188e+01
1.7634782166e-04 6.0372429374e-05 1.7056273945e+01
-1.3270565303e-05 3.0812690214e-05 4.3109466581e+01
-6.1358058009e-06 3.0919156469e-05 4.1840754369e+01
-2.5396407115e-04 1.2513049105e-05 3.5203210586e+01
9.7276721231e-07 3.1043603886e-05 4.0375725621e+01
-2.4669967502e-04 1.2390126843e-05 3.7813200279e+01
8.0498642991e-06 3.1186856304e-05 3.8712597921e+01
1.3677771267e-04 7.7983775350e-05 1.8770979622e+01
5.9864258731e-05 1.1111486028e-04 2.1731147263e+01
-2.2159281372e-04 1.3710623411e-05 4.3531531214e+01
1.2032107064e-04 1.0338918868e-04 1.8646704988e+01
1.0525406141e-04 9.1792045089e-05 2.2826961119e+01
1.0081479516e-04 3.5706529631e-05 2.2839572401e+01
1.2296943430e-04 3.8188277108e-05 2.2917224280e+01
1.3060926174e-04 3.9166286647e-05 2.2920099284e+01
1.5001389544e-04 4.1897402965e-05 2.0527155037e+01
1.5775540262e-04 4.3080171583e-05 1.9501758293e+01
9.1751348224e-05 8.7321028178e-05 2.2694944299e+01
7.2611730137e-05 8.1701415346e-05 2.2567094559e+01
2.8867433179e-04 1.1521434858e-04 1.3245603781e+01
2.8087388376e-04 1.1346605382e-04 1.3554698031e+01
2.7251383734e-04 1.0788838876e-04 1.3974598681e+01
2.7302256253e-04 1.1171033422e-04 1.3834190839e+01
5.2477083113e-05 1.2891137710e-04 4.4438877150e+01
5.0461480056e-05 1.3314888967e-04 6.1018252452e+01
4.5672748022e-05 7.5536225745e-05 2.2605989005e+01
2.6804755986e-04 1.0320404362e-04 1.4222492762e+01
-9.8614185269e-05 3.7020450141e-05 4.6326871438e+01
2.6013310638e-04 1.0143720347e-04 1.4431379930e+01
-1.0602733632e-05 2.6006506326e-05 4.3529878075e+01
2.5561951712e-04 9.6748680941e-05 1.4631993119e+01
-3.3332441188e-06 2.6096462290e-05 4.2185024240e+01
3.9123043835e-06 2.6200741038e-05 4.0651236978e+01
1.1129236904e-05 2.6319730416e-05 3.8932809107e+01
-7.3190298512e-05 9.6871310511e-05 3.4892512139e+01
-3.3385586225e-04 4.4507252044e-06 1.7998117153e+01
3.9606941912e-05 2.6935806851e-05 3.0678720718e+01
4.6601419285e-05 2.7118999355e-05 2.8495952935e+01
-3.4133957420e-04 4.9558528215e-06 1.8983869984e+01
5.2005689716e-05 1.2158710926e-04 3.2449738753e+01
4.4753719445e-05 1.1883831652e-04 3.5201562380e+01
-3.4886675471e-04 5.6019450156e-06 1.9062489014e+01
-2.3663946841e-04 7.7737356694e-05 3.6938384299e+01
-2.3651416581e-04 7.5374601017e-05 3.7031792308e+01
1.1327627115e-04 3.0401096157e-05 2.2879820645e+01
3.5381383519e-05 7.6173893693e-06 3.6572795672e+01
2.6185182686e-04 8.7184935175e-05 1.4775746810e+01
3.8117290910e-04 1.2712051915e-05 8.4930046529e+00
-1.2693743195e-04 4.2257713253e-05 4.4588537025e+01
1.2076608635e-04 3.1090264381e-05 2.2902440917e+01
3.4890594958e-04 3.7538860840e-06 1.3645510774e+01
5.2384488242e-05 1.2646215653e-04 3.8630598171e+01
-1.2013737935e-04 4.2184024820e-05 4.4777327385e+01
-1.1331691169e-04 4.2119474762e-05 4.4947834045e+01
1.2837580242e-04 3.1854671335e-05 2.2922202050e+01
-1.0647872117e-04 4.2063790307e-05 4.5097385927e+01
7.7786852895e-05 7.8094313099e-06 2.5912191602e+01
8.5446701991e-05 7.8375165561e-06 2.4579993458e+01
-1.4030443398e-04 8.7092925353e-05 3.5762059202e+01
2.3376003956e-04 1.3548133530e-04 1.3950824020e+01
3.5658895510e-04 6.3524187015e-05 1.2338197858e+01
1.5562141520e-04 3.5052891323e-05 2.0362174332e+01
3.5312406187e-04 6.2694655222e-05 1.2565367758e+01
-4.8137902616e-05 4.5358025751e-05 4.4096836836e+01
-4.1336329899e-05 4.5415046073e-05 4.3724704161e+01
1.2386578827e-04 7.9196619139e-06 2.2648764314e+01
-3.4544071664e-05 4.5491776944e-05 4.3230738638e+01
1.3165370943e-04 7.9817955981e-06 2.2573679641e+01
-2.7765017420e-05 4.5590409845e-05 4.2595581572e+01
-3.0093983950e-04 2.2966529807e-05 1.7105176304e+01
2.2997740791e-04 1.0515071280e-04 1.4836385790e+01
-2.0338558337e-04 5.9618319082e-05 3.8852743325e+01
-1.0904920824e-05 4.5948658426e-05 4.0250905708e+01
1.5129850972e-04 8.2946577053e-06 2.2094959657e+01
-4.2100006540e-06 4.6143298802e-05 3.8952792969e+01
3.7317047846e-04 8.1294770538e-06 8.0178225963e+00
2.8279884135e-04 7.3176018482e-05 1.4792131988e+01
3.6606568733e-04 4.8723926872e-05 1.2158925568e+01
2.4473495918e-06 4.6371119263e-05 3.7417826447e+01
1.5920307624e-04 8.4946262982e-06 2.1732710085e+01
3.8542524220e-05 1.0165948082e-04 2.8272413703e+01
3.3628960025e-04 4.4320872348e-05 1.4066052011e+01
-1.0992812559e-04 7.8056596546e-05 3.7478547135e+01
2.7749305417e-04 8.8958561934e-06 1.9298070040e+01
2.1746953424e-04 9.8214713682e-05 1.5218423385e+01
2.1686470489e-04 9.4444176293e-05 1.5345188843e+01
3.3681981322e-04 4.8197910681e-05 1.3910775367e+01
3.1929704252e-05 1.0432926196e-04 3.2344992330e+01
2.9286705978e-05 1.0375201416e-04 3.3014562296e+01
1.7898857635e-04 9.1957406039e-06 2.0751710957e+01
1.9458318679e-04 4.0534437404e-05 1.7556952708e+01
3.0180646430e-04 9.9190387438e-05 1.3436349936e+01
2.9792362567e-04 9.8382164430e-05 1.3593307563e+01
-2.5477567833e-04 4.5093741756e-05 3.5015009608e+01
1.3737076238e-04 1.0685108022e-04 1.7023528479e+01
4.4509351166e-05 9.6852341943e-05 2.2274925487e+01
1.8689269897e-04 9.5467659679e-06 2.0427614486e+01
1.9745440216e-04 9.2544444585e-05 1.6158388760e+01
1.9810118692e-04 9.6309979835e-05 1.5907475439e+01
1.9472669929e-04 9.8879045733e-05 1.5936942758e+01
1.9871387808e-04 1.0008515270e-04 1.5697541928e+01
-2.2087328564e-04 4.5251153509e-05 3.9573125223e+01
2.0243569611e-04 4.1678388772e-05 1.7377069213e+01
-2.8110199924e-04 6.3671443407e-05 3.6840953387e+01
2.6361183870e-04 1.2810870891e-04 1.3480218139e+01
-1.4143151521e-04 7.1473992663e-05 3.8226675603e+01
-1.4896059304e-04 1.0837075504e-04 3.3958531726e+01
2.1032541371e-04 4.2812098250e-05 1.7263131984e+01
-1.4248077840e-04 6.7711753065e-05 3.8898796784e+01
-1.8602187779e-04 9.7469639133e-05 3.5164023711e+01
-1.8676125364e-04 9.9970212935e-05 3.5046318929e+01
3.6252960195e-04 4.8067467840e-05 1.2405085197e+01
3.6666506761e-04 5.3414608753e-05 1.2012897232e+01
2.0663761284e-04 1.0569794390e-05 1.9936025991e+01
-2.7723603665e-04 2.3024795130e-05 2.1823057518e+01
3.5275476761e-04 5.8548688206e-05 1.2722556760e+01
-1.3448936204e-04 7.5032918778e-05 3.7685573350e+01
3.0567599938e-04 1.0000114132e-04 1.3271421672e+01
-9.1553191870e-05 5.2222531580e-05 4.3120719786e+01
-3.7828802943e-04 3.9729884951e-06 1.0849762199e+01
-2.7151844928e-04 3.9530305415e-05 2.8796625892e+01
6.7897647326e-05 1.3081268872e-04 1.4718601644e+01
-3.7435388652e-04 3.8168491632e-06 1.4218160897e+01
-3.6856469736e-04 7.3083381786e-06 1.4896275345e+01
-3.6454697731e-04 6.8977296927e-06 1.6092520341e+01
-3.6275659293e-04 1.0531258723e-05 1.5191495085e+01
-3.5880314670e-04 9.9338537199e-06 1.6501407379e+01
-3.6048529806e-04 6.5630983514e-06 1.7599174481e+01
-3.5696377762e-04 1.3529828080e-05 1.5418180152e+01
1.9677529097e-04 8.8790619427e-05 1.6422952980e+01
8.0179242462e-05 1.0728446213e-04 2.2208569369e+01
-1.4491426343e-04 4.9476424893e-05 4.2513432322e+01
3.3573325154e-04 4.0475049860e-05 1.4223845724e+01
-3.8294498390e-04 9.3110815684e-06 8.2252847272e+00
3.6288644208e-04 5.6711861956e-05 1.2166473639e+01
9.4671409842e-05 1.4795534926e-04 1.9504788436e+01
9.4309963082e-05 1.5101821019e-04 1.9386796627e+01
9.7366478091e-05 1.5316892077e-04 1.9026245940e+01
-1.1711059664e-04 1.1241922669e-04 3.3209568010e+01
1.0519476188e-04 1.1593254319e-04 2.2774377885e+01
3.3396956191e-04 5.5474083041e-05 1.3796760054e+01
3.0639718208e-04 5.1574541989e-05 1.4907906740e+01
-9.7850024834e-05 1.1578217827e-04 3.2764872325e+01
-9.5179193225e-05 1.1569278671e-04 3.2724579014e+01
-1.0319921117e-04 1.1588431838e-04 3.2855389720e+01
-9.8991490474e-05 1.1800879307e-04 3.2742795019e+01
1.6164946638e-04 1.5363651014e-04 1.4802285789e+01
3.0469926688e-04 9.2215390953e-05 1.3597584315e+01
3.0807762831e-04 8.9102103981e-05 1.3596783324e+01
1.1771346441e-04 1.5050941120e-04 1.7255295599e+01
1.1834088833e-04 5.9702351351e-05 2.2913709235e+01
-2.8481747207e-04 3.8539389166e-05 1.9907735444e+01
1.9929611759e-04 1.0386932432e-04 1.5518651398e+01
1.9588510534e-04 1.0645047617e-04 1.5538645487e+01
-1.0579489451e-04 1.1624518522e-04 3.2894949710e+01
-2.2145100496e-04 7.2337292046e-05 3.7159142305e+01
2.3438417824e-04 1.2281580914e-05 1.9845349621e+01
1.9652285556e-04 1.5074755046e-04 1.4148207339e+01
1.9253684939e-04 1.4952175412e-04 1.4294616110e+01
1.9201061853e-04 8.3868788382e-05 1.7033691008e+01
-3.0025128251e-04 5.2042301137e-05 2.5359544700e+01
-1.4380888859e-04 1.0163310254e-04 3.4252582610e+01
-1.4110250072e-04 1.0143533400e-04 3.4230773551e+01
3.2433605928e-04 1.0017992252e-04 1.2526280442e+01
-2.0182693583e-04 7.8081178406e-05 3.6789650220e+01
3.3627716961e-04 7.5324388932e-05 1.2980876305e+01
6.3351014490e-05 1.3269830655e-04 2.7840982847e+01
6.1018922129e-05 1.3373237004e-04 3.9876801459e+01
5.6688914945e-05 1.3368948691e-04 5.4634611258e+01
-1.4735523835e-04 1.0400369252e-04 3.4147054419e+01
9.1168576287e-05 1.4923288258e-04 1.9775783242e+01
8.8140738025e-05 1.4743084085e-04 2.0145016565e+01
8.4042972137e-05 1.4903199138e-04 2.0210063316e+01
3.2057503760e-04 9.9328003347e-05 1.2722196302e+01
-3.6184611151e-04 2.4353226296e-05 1.1687422837e+01
-3.5612487733e-04 2.7345208409e-05 1.2278456876e+01
-3.5862428343e-04 2.8692032496e-05 1.1630199839e+01
-3.5302450391e-04 3.1505011488e-05 1.2225817843e+01
-3.6501262306e-04 2.5339108949e-05 1.0980703905e+01
-3.6019123386e-04 3.0989377740e-05 1.1118777392e+01
-3.5046869761e-04 3.0081067618e-05 1.2985606005e+01
-3.4745859591e-04 3.4247907697e-05 1.2920407787e+01
-3.5061548258e-04 3.5358226786e-05 1.2158126920e+01
-3.4465549311e-04 3.8785197743e-05 1.2791125110e+01
4.9247323674e-05 9.6018045598e-05 2.2347508543e+01
9.5146201983e-05 1.4460288636e-04 1.9316223715e+01
-3.7680326446e-04 1.2878860962e-05 1.0081086581e+01
-3.7340765268e-04 1.7407457094e-05 1.0457548653e+01
-3.6777548482e-04 2.0808538654e-05 1.1132760900e+01
1.3723711057e-04 6.3683423826e-05 2.0594913868e+01
2.9614339479e-04 3.9356402725e-05 1.5645483786e+01
2.9947666158e-04 3.6252569110e-05 1.5673982059e+01
-1.6515322998e-04 1.0355497994e-04 3.4477249402e+01
-3.4762635476e-04 2.8676493048e-05 1.4013700341e+01
2.4237835428e-04 1.2811234987e-05 1.9880031111e+01
1.4477418187e-04 6.5368243572e-05 1.9071977784e+01
-2.8163107524e-04 6.1165085823e-05 3.5763744581e+01
3.2285860512e-04 5.7644822552e-05 1.4173795521e+01
3.2339357007e-04 6.1501060735e-05 1.4021969767e+01
3.2726559913e-04 6.2109024390e-05 1.3850704245e+01
3.2390873363e-04 6.5380712775e-05 1.3868422755e+01
3.2002888932e-04 6.4751912272e-05 1.4033950822e+01
1.1742691035e-04 1.5387410627e-04 1.7242589013e+01
1.1047747050e-04 1.5775557714e-04 1.8010392999e+01
1.9192105475e-04 1.0521529047e-04 1.5750074373e+01
1.9246320660e-04 1.0901082559e-04 1.5564624929e+01
1.8902929063e-04 1.1154939264e-04 1.5597635988e+01
1.8951474265e-04 1.1535652444e-04 1.5440046491e+01
-7.0000708050e-05 1.0900268012e-04 3.3182986574e+01
-1.7930176779e-04 1.0085011420e-04 3.4868443850e+01
-1.7683922270e-04 1.0059772474e-04 3.4838280457e+01
-2.3228164637e-04 4.2266637269e-05 3.8628740891e+01
2.2296001108e-04 8.5287498004e-05 1.5508033566e+01
2.1892440990e-04 8.4245806104e-05 1.5661251121e+01
2.1959911360e-04 8.7992666655e-05 1.5496991041e+01
2.1557100537e-04 8.6928527687e-05 1.5655848494e+01
2.1488265483e-04 8.3185087518e-05 1.5843644611e+01
2.1623196478e-04 9.0681825839e-05 1.5490213879e+01
3.4066099225e-04 4.8706424490e-05 1.3701486003e+01
-2.7959154604e-04 6.0119730700e-05 3.5275091613e+01
-2.7799664440e-04 5.6649273099e-05 3.3837568479e+01
-1.4816748890e-04 4.9548071528e-05 4.2403585431e+01
2.9868437286e-04 3.2611273600e-05 1.5855878729e+01
3.8138716136e-04 2.1579125279e-05 1.0540916876e+01
3.8149996819e-04 2.6144428244e-05 1.0973172556e+01
3.7846248194e-04 2.9728137831e-05 1.1298090428e+01
3.8491784508e-04 1.8233565358e-05 1.0032052335e+01
3.8191965498e-04 3.1210510310e-05 1.1162640587e+01
3.7529740085e-04 3.3435463424e-05 1.1600278047e+01
3.7188384975e-04 3.2892464505e-05 1.1808973240e+01
3.7578921936e-04 3.7876182660e-05 1.1616861620e+01
3.7243415345e-04 4.1512535979e-05 1.1832005439e+01
-2.4590484645e-04 2.4314917125e-05 3.7032778277e+01
2.3035297737e-04 8.3567292083e-05 1.5396183815e+01
3.2963778576e-04 8.1843529022e-05 1.3033275166e+01
-2.1752548428e-04 4.3090310064e-05 4.0115692997e+01
-1.6811357913e-04 8.9098465368e-05 3.5619425055e+01
3.0612948246e-04 2.9979294436e-05 1.5742615757e+01
-1.2395706578e-04 1.0449456508e-04 3.3774860524e+01
-2.7165909879e-04 6.7205005736e-05 3.7308417434e+01
-2.7360201990e-04 6.8418752343e-05 3.7747099800e+01
-2.7580515692e-04 6.9965797290e-05 3.8396623768e+01
-2.7805103848e-04 6.7988019064e-05 3.8098386022e+01
-2.7047499565e-04 7.2498264903e-05 3.8362352930e+01
-2.6515705622e-04 6.4515397539e-05 3.6598814444e+01
-2.6317320408e-04 6.1282392209e-05 3.6117175275e+01
-2.6063421872e-04 6.2933445731e-05 3.6454961020e+01
-2.6086716054e-04 6.0536228137e-05 3.6124273837e+01
-1.1850215560e-04 1.0420851428e-04 3.3736210741e+01
-2.5797098295e-04 3.9141995673e-05 3.3641179192e+01
6.9770651087e-05 1.1055358564e-04 2.1807958111e+01
-2.9559548418e-04 5.1898773147e-05 2.6730257603e+01
-3.4199716628e-04 3.6694599780e-05 1.3780325009e+01
9.2571407794e-05 1.3927515930e-04 1.9278088502e+01
-3.0581398894e-04 1.8815943279e-05 1.7082826779e+01
1.5446496854e-04 1.0305089780e-04 1.7014829388e+01
1.5494321996e-04 1.0671625056e-04 1.7012872842e+01
-2.3370413389e-04 6.7890175113e-05 3.7301632565e+01
3.3052936751e-04 3.2514656702e-05 1.4774798047e+01
-3.3332140480e-04 3.1942638289e-05 1.7021571976e+01
-3.2818468415e-04 3.3893352887e-05 1.7005345299e+01
3.2008345798e-04 9.5376427983e-05 1.2904404352e+01
-2.4375969141e-04 3.9391616905e-05 3.6970657540e+01
-2.0138233268e-04 7.5899346701e-05 3.7005252413e+01
-2.8874812247e-04 5.9541602198e-05 3.5106949242e+01
3.4631170236e-04 3.3948043628e-05 1.3779803781e+01
7.9817336309e-05 1.0444031030e-04 2.2272291494e+01
1.6723090612e-04 7.0513426486e-05 1.7042430328e+01
2.2544692505e-04 1.0033684510e-04 1.5016596539e+01
2.2202615702e-04 1.0306464391e-04 1.5010131385e+01
2.3371359295e-04 8.0809330242e-05 1.5418528681e+01
-1.3318366365e-04 5.6353283668e-05 4.1363657272e+01
-1.8745314060e-04 9.3347447888e-05 3.5443229878e+01
1.0751945084e-04 1.5185367917e-04 1.7846604355e+01
2.6736925073e-04 7.3836613480e-05 1.5060526797e+01
2.6801446741e-04 7.7579567682e-05 1.4939027107e+01
2.7202764561e-04 7.8381952506e-05 1.4845656247e+01
1.2484222894e-04 1.1856354994e-04 1.7039670454e+01
1.2501475142e-04 1.2212771435e-04 1.7062561935e+01
-2.9171572448e-04 4.1320835954e-05 1.6859427961e+01
3.4087604970e-04 8.4193162962e-05 1.2418525647e+01
3.4167277887e-04 8.8459044432e-05 1.2209085766e+01
3.4857659391e-04 8.1859281721e-05 1.2119778010e+01
3.4803901369e-04 7.7526549383e-05 1.2312250937e+01
-3.1358865009e-04 5.0054492801e-05 1.7721170603e+01
1.4226987748e-04 1.2295641678e-04 1.7037393424e+01
3.4246966176e-04 6.4658344827e-05 1.3070971224e+01
1.2123860280e-04 1.4889068012e-04 1.7255287605e+01
-2.9607490321e-04 1.9437649213e-05 1.7085477422e+01
9.8896547553e-05 1.3967738207e-04 1.8302636482e+01
-2.4379558420e-04 7.9667338772e-05 3.7212861835e+01
2.8377102436e-04 3.7584911388e-05 1.6090011173e+01
2.8458482067e-04 4.1218584886e-05 1.5892814440e+01
2.4111529913e-04 7.8975897023e-05 1.5336492005e+01
2.3775233303e-04 8.1770466702e-05 1.5309088636e+01
-2.8606576439e-04 5.2255039692e-05 2.9898885701e+01
2.5571720102e-04 1.2622254236e-04 1.3763282304e+01
2.5176532017e-04 1.2526681069e-04 1.3894823090e+01
2.5129259824e-04 1.2146237453e-04 1.4033688897e+01
2.4781032018e-04 1.2430139017e-04 1.4019764564e+01
3.4094461812e-04 3.6339833959e-06 1.6099223123e+01
3.3777828588e-04 7.1868282305e-06 1.5974577058e+01
3.3349821986e-04 7.1575765480e-06 1.6455286282e+01
3.3253508914e-04 3.5924053041e-06 1.6805593599e+01
3.3831196102e-04 1.1008999318e-05 1.5529560511e+01
3.3497337016e-04 1.4612064725e-05 1.5510274952e+01
3.4172375325e-04 7.3277494952e-06 1.5399757966e+01
3.3106947247e-04 9.3922249125e-05 1.2488706237e+01
3.3178284304e-04 9.8029019745e-05 1.2284239778e+01
3.3483346781e-04 9.1289075162e-05 1.2423197690e+01
-2.4380954472e-04 4.9807387107e-05 3.6967250276e+01
-2.4373392797e-04 5.1979052917e-05 3.7000004188e+01
-2.8566031909e-04 2.4433965872e-05 1.7045308522e+01
-3.6218999361e-04 3.3239948954e-06 2.0194200071e+01
-3.5651751344e-04 6.2948370428e-06 1.8168161053e+01
2.9599296626e-04 1.1306292084e-04 1.3087683186e+01
2.9753377438e-04 6.8485368054e-05 1.4596175085e+01
3.1556930201e-04 6.0298415744e-05 1.4337524638e+01
3.1612511229e-04 6.4126699981e-05 1.4190732523e+01
3.1275413393e-04 6.7328164179e-05 1.4194437877e+01
3.1666175278e-04 6.7975369534e-05 1.4042283265e+01
3.1329176252e-04 7.1173292024e-05 1.4047539801e+01
3.1718185893e-04 7.1843474887e-05 1.3891408129e+01
3.0882530921e-04 6.6680695737e-05 1.4338785820e+01
2.9742265500e-04 9.4516127925e-05 1.3747298947e+01
3.0908530187e-04 4.4677053404e-05 1.5067712800e+01
2.7878636350e-04 1.2788174397e-04 1.3032022522e+01
2.8212069654e-04 1.2915909061e-04 1.2864596598e+01
2.7533316925e-04 1.3080018139e-04 1.3013236441e+01
2.7146081399e-04 1.2993796063e-04 1.3173114932e+01
2.7196592681e-04 1.3380461955e-04 1.2984307099e+01
2.6753348559e-04 1.2902017622e-04 1.3330241101e+01
2.6313853484e-04 1.2428877208e-04 1.3642554989e+01
-2.6786047124e-04 4.5628997674e-05 3.1931965908e+01
3.4777014338e-04 1.8920226724e-05 1.3902024434e+01
3.4844861687e-04 2.2705771806e-05 1.3777948821e+01
4.5852785119e-05 9.2885698643e-05 2.2424570008e+01
-1.5106003110e-04 1.0011697510e-04 3.4465482283e+01
3.2096228988e-04 2.4402454484e-05 1.5546718404e+01
2.8955443740e-04 6.7106645923e-05 1.4833248982e+01
1.7614665518e-04 1.3291384629e-04 1.5350216025e+01
1.7274942301e-04 1.3912341735e-04 1.5237411351e+01
1.7974791140e-04 1.3047499678e-04 1.5300253634e+01
-2.3836549385e-04 4.9017287987e-05 3.7594150863e+01
-2.3297964004e-04 5.2513285168e-05 3.7973750653e+01
2.1662604770e-04 1.1985233410e-04 1.4736178031e+01
2.1267848306e-04 1.1873877976e-04 1.4828054826e+01
2.1312519745e-04 1.2253667846e-04 1.4737405899e+01
2.1707154748e-04 1.2364855439e-04 1.4642288251e+01
2.0918272043e-04 1.2140253440e-04 1.4832218511e+01
2.0960945691e-04 1.2520176914e-04 1.4739599295e+01
2.0567197808e-04 1.2404658247e-04 1.4837906364e+01
2.0214442013e-04 1.2667007014e-04 1.4844860878e+01
2.1001549610e-04 1.2899927279e-04 1.4640266746e+01
2.0252584684e-04 1.3047111550e-04 1.4745455989e+01
2.0173949835e-04 1.2286667498e-04 1.4939043220e+01
2.0873352020e-04 1.1760274161e-04 1.4922045709e+01
1.9821783697e-04 1.2546723752e-04 1.4950731739e+01
2.2057622250e-04 1.2094469862e-04 1.4643834433e+01
2.2102132926e-04 1.2473960191e-04 1.4544924140e+01
2.1749925362e-04 1.2744347026e-04 1.4540754944e+01
2.2145083684e-04 1.2853289765e-04 1.4436770885e+01
2.2497431981e-04 1.2581109140e-04 1.4443938913e+01
2.2540629023e-04 1.2960331927e-04 1.4328315500e+01
2.1791169967e-04 1.3123577017e-04 1.4428814110e+01
2.2893037681e-04 1.2686411472e-04 1.4338376697e+01
2.2848381140e-04 1.2307049266e-04 1.4450768441e+01
2.2936535147e-04 1.3065608076e-04 1.4214747681e+01
2.2582705856e-04 1.3339295062e-04 1.4200410184e+01
2.0130807061e-04 1.1906238517e-04 1.5032838260e+01
2.8631815118e-04 1.2650116051e-04 1.2842352282e+01
1.2478369869e-04 1.4721914752e-04 1.7250902535e+01
1.1947578208e-04 9.6815916706e-05 2.0567984465e+01
-1.4550436309e-04 6.7828097453e-05 3.8826652154e+01
2.5255864317e-04 7.7951680425e-05 1.5177101684e+01
-3.1952836158e-04 1.8793277666e-06 1.7095796144e+01
3.2049525648e-04 3.2297992358e-06 1.7233765120e+01
3.1303129605e-04 6.1680800886e-06 1.7194177387e+01
3.2107270696e-04 6.6092807779e-06 1.7045756209e+01
-2.5070947641e-04 7.2084197328e-05 3.7278939234e+01
1.0829268120e-04 1.1419391793e-04 2.1741387182e+01
2.7545920441e-04 3.6309898919e-05 1.6306116975e+01
2.7630671677e-04 3.9930468802e-05 1.6180912791e+01
2.7215408725e-04 3.9255012873e-05 1.6238093772e+01
2.4963710391e-04 1.3950381127e-04 1.3384272190e+01
2.5358971396e-04 1.4046883168e-04 1.3229682551e+01
2.4603668256e-04 1.4222409311e-04 1.3358436480e+01
2.4210832893e-04 1.4127640274e-04 1.3506383337e+01
2.4222596266e-04 1.4476360664e-04 1.3341856114e+01
2.5709090515e-04 1.3763227380e-04 1.3259317356e+01
2.4169163587e-04 1.3751042643e-04 1.3679132080e+01
2.1946078497e-04 1.4635636964e-04 1.3837643459e+01
2.1584249705e-04 1.4902085822e-04 1.3797300394e+01
2.1185064792e-04 1.4790473484e-04 1.3942360075e+01
2.1220330511e-04 1.5166163284e-04 1.3749920916e+01
2.1614933840e-04 1.5255443521e-04 1.3610292876e+01
2.1222150182e-04 1.5551289945e-04 1.3539931329e+01
2.0786650385e-04 1.4676926185e-04 1.4083696782e+01
2.1986532871e-04 1.5001367391e-04 1.3653178449e+01
2.2428933354e-04 1.5159157300e-04 1.3465043570e+01
2.0833465794e-04 1.5412593417e-04 1.3706862597e+01
2.2744712797e-04 1.4850669707e-04 1.3542776419e+01
2.2802321774e-04 1.1927630836e-04 1.4553785151e+01
2.3198006945e-04 1.2031209856e-04 1.4457631004e+01
-2.5356565647e-04 6.0863198760e-05 3.6581078019e+01
2.5311481629e-04 2.4809126366e-05 1.8346507191e+01
2.4973765259e-04 2.7386690355e-05 1.8091319772e+01
2.4570159005e-04 2.7025335818e-05 1.8256410132e+01
2.4636450972e-04 2.9944875285e-05 1.7854566571e+01
2.5038426977e-04 3.0312050447e-05 1.7705319145e+01
2.4165946716e-04 2.6644177561e-05 1.8331055988e+01
2.4299646154e-04 3.2485453736e-05 1.7667448749e+01
2.3762318953e-04 2.6249367228e-05 1.8338436566e+01
2.3494854012e-04 3.1639900785e-05 1.7874155739e+01
2.3092851123e-04 3.1195920650e-05 1.7908649051e+01
2.3025432196e-04 2.8300409858e-05 1.8122153477e+01
2.5376220472e-04 2.7726294180e-05 1.7898481877e+01
2.5439162623e-04 3.0658059072e-05 1.7488938271e+01
2.5777394305e-04 2.8043931654e-05 1.7716942136e+01
3.4118200987e-04 2.5989037522e-05 1.4390897510e+01
-2.0110361807e-04 2.3171933858e-05 4.4701277950e+01
-1.9995896469e-04 2.8147341543e-05 4.3955722500e+01
-2.0821931043e-04 2.3268650592e-05 4.3950744183e+01
-2.1173534194e-04 2.3322997623e-05 4.3536255971e+01
-2.1520856591e-04 2.3385072753e-05 4.3093593085e+01
1.6579280026e-04 8.3010896773e-05 1.7027870704e+01
1.6256963376e-04 8.5372495840e-05 1.7027120091e+01
1.5878254735e-04 8.4235632257e-05 1.7034257227e+01
-2.3210867952e-04 8.1290981618e-05 3.6643109859e+01
-3.3642256545e-04 2.0371327591e-05 1.7023752595e+01
-1.8610275381e-04 7.8379086455e-05 3.6814860458e+01
1.5079571607e-04 7.8760159766e-05 1.7011826097e+01
1.4766794698e-04 8.1015408247e-05 1.7002828840e+01
-3.4736559214e-04 1.5457092134e-05 1.7085399386e+01
-3.4543341335e-04 1.8972367050e-05 1.6984758344e+01
-2.2987627064e-04 8.3071879329e-05 3.6511248044e+01
-2.3012635130e-04 8.5273581898e-05 3.6399937974e+01
1.8525091525e-04 1.5807448891e-04 1.3972090816e+01
2.5001391637e-04 1.4380837111e-04 1.3173327106e+01
2.5432573288e-04 1.4426940308e-04 1.3026721332e+01
-2.0571433388e-04 1.2047799644e-05 4.5993328904e+01
-1.9750557666e-04 1.6696477270e-05 4.6134297060e+01
2.5929343865e-04 7.2201440132e-05 1.5244976199e+01
1.6938147461e-04 1.5284369792e-04 1.4641146480e+01
1.6946195373e-04 1.5659015903e-04 1.4398270274e+01
1.7336148685e-04 1.5791913481e-04 1.4225718882e+01
1.6954056725e-04 1.6031129754e-04 1.4121987882e+01
2.1761699989e-04 2.4195325794e-05 1.8395926578e+01
2.1365020542e-04 2.3783513217e-05 1.8441214789e+01
2.1429776772e-04 2.6550008745e-05 1.8211634268e+01
2.1826958722e-04 2.6988617309e-05 1.8174474730e+01
2.0969257298e-04 2.3374995758e-05 1.8506501069e+01
2.0703450798e-04 2.8436211921e-05 1.8115344863e+01
2.0308644419e-04 2.7978151827e-05 1.8196974213e+01
2.2159447496e-04 2.4608988015e-05 1.8372833208e+01
2.2225213886e-04 2.7427754303e-05 1.8135292268e+01
2.2558266372e-04 2.5022815096e-05 1.8351898961e+01
2.2624686473e-04 2.7865724203e-05 1.8132566116e+01
2.2291943945e-04 3.0284652465e-05 1.7941734616e+01
2.2892252409e-04 2.2607242163e-05 1.8584110441e+01
2.3292870227e-04 2.2993676301e-05 1.8596752616e+01
1.6816232599e-04 5.5889420862e-05 1.7627722942e+01
1.6496045359e-04 5.8144714383e-05 1.7651712774e+01
1.6115956905e-04 5.7397503310e-05 1.8001154525e+01
-2.5493578502e-04 4.2949485666e-05 3.4785617383e+01
-1.5750046829e-04 8.2133218354e-05 3.6415366981e+01
-1.5909731117e-04 8.6296036894e-05 3.5887557631e+01
-1.6187405733e-04 8.6509225553e-05 3.5870334627e+01
-1.6263746177e-04 8.8623621331e-05 3.5636928583e+01
2.0080736983e-04 8.9962502118e-05 1.6128272340e+01
-1.9056145626e-04 1.1989635330e-05 4.7543711180e+01
-1.9006920826e-04 1.6653036619e-05 4.6804713810e+01
1.4209378709e-04 5.3725946639e-05 2.0713770732e+01
1.4904952944e-04 5.2310262352e-05 1.9793065069e+01
1.5287937495e-04 5.3014734929e-05 1.9233957325e+01
1.5353936557e-04 5.5906460949e-05 1.8888730859e+01
3.3293640141e-04 4.7701809575e-05 1.4108523752e+01
1.2119726692e-04 7.1036148572e-05 2.2985389247e+01
1.2189155651e-04 7.3994778540e-05 2.3028804822e+01
1.2562754465e-04 7.4971082997e-05 2.2071079223e+01
1.1885578830e-04 7.6001252465e-05 2.2935326749e+01
1.1952380784e-04 7.9010699348e-05 2.3056887837e+01
1.1584884475e-04 7.7986654416e-05 2.2893599093e+01
1.1518500178e-04 7.5026557297e-05 2.2919835842e+01
1.1155750594e-04 7.4080737341e-05 2.2888420734e+01
1.0863436249e-04 7.6027128221e-05 2.2872630010e+01
1.0509139149e-04 7.5090706867e-05 2.2849447335e+01
1.0442899439e-04 7.2272361114e-05 2.2845671075e+01
1.0158900351e-04 7.4184102544e-05 2.2824634649e+01
1.0092482791e-04 7.1410730044e-05 2.2823218889e+01
9.7458897841e-05 7.0577447520e-05 2.2800575698e+01
9.4699310699e-05 7.2462045907e-05 2.2778563562e+01
9.1311526941e-05 7.1641041335e-05 2.2755661435e+01
9.0636074623e-05 6.8995597119e-05 2.2759243023e+01
8.7957708832e-05 7.0851052047e-05 2.2736586967e+01
8.7276383434e-05 6.8246552813e-05 2.2740395403e+01
8.4637031585e-05 7.0090333281e-05 2.2717423829e+01
8.3949198339e-05 6.7525210373e-05 2.2723688226e+01
8.0653001384e-05 6.6831512747e-05 2.2708613099e+01
7.8089437888e-05 6.8654602705e-05 2.2687272824e+01
7.4859513317e-05 6.7978936640e-05 2.2676319759e+01
7.1655676442e-05 6.7333723064e-05 2.2667611802e+01
7.0935856691e-05 6.4913494854e-05 2.2677035969e+01
6.7749570106e-05 6.4326700989e-05 2.2671039390e+01
6.4587189340e-05 6.3766103093e-05 2.2666497245e+01
5.9090135313e-05 6.5008465287e-05 2.2653008424e+01
5.6003058478e-05 6.4492305679e-05 2.2655116717e+01
5.2934102912e-05 6.4004166025e-05 2.2658183503e+01
5.2152132872e-05 6.1775973235e-05 2.2665631453e+01
4.9884994039e-05 6.3536032261e-05 2.2660758779e+01
4.9091314569e-05 6.1338773456e-05 2.2668543798e+01
4.6852254978e-05 6.3093728736e-05 2.2666448652e+01
4.6047365730e-05 6.0925183101e-05 2.2670060687e+01
4.3019189573e-05 6.0535040414e-05 2.2674635325e+01
4.0006196357e-05 6.0166851038e-05 2.2681642294e+01
3.4870289771e-05 6.1559979313e-05 2.2712097386e+01
3.1904509491e-05 6.1229602683e-05 2.4011412864e+01
2.8913901787e-05 6.0918047348e-05 2.5672570666e+01
2.5898112209e-05 6.0626248036e-05 2.7238606572e+01
1.9802524494e-05 6.0085526168e-05 3.0059767766e+01
1.6723916508e-05 5.9842724190e-05 3.1320494144e+01
1.3628690771e-05 5.9611118625e-05 3.2485045567e+01
1.0516582209e-05 5.9396010270e-05 3.3557464121e+01
7.3886886802e-06 5.9197889139e-05 3.4541812616e+01
6.2767114561e-06 5.7294234165e-05 3.5037500684e+01
3.1085609518e-06 5.7120154373e-05 3.5914243374e+01
-7.1936121287e-08 5.6958600194e-05 3.6715435401e+01
-3.2637731959e-06 5.6809263299e-05 3.7445170761e+01
-6.4658299717e-06 5.6671009395e-05 3.8107647236e+01
-9.6772789751e-06 5.6543730499e-05 3.8706993203e+01
-1.2897294912e-05 5.6427116818e-05 3.9247184179e+01
-1.8041254180e-05 5.8043802604e-05 3.9789850626e+01
-2.1258181446e-05 5.7950322023e-05 4.0182087346e+01
-2.4480322522e-05 5.7861834747e-05 4.0529317108e+01
-2.9098465928e-05 5.5982385950e-05 4.1193852333e+01
-3.2354310180e-05 5.5918352693e-05 4.1456679519e+01
-3.5613946531e-05 5.5861390161e-05 4.1684740107e+01
-3.8876878103e-05 5.5811345129e-05 4.1880841399e+01
-4.2142619441e-05 5.5768019631e-05 4.2047595856e+01
1.2323637075e-04 8.0069094548e-05 2.2180161046e+01
-4.5410667385e-05 5.5730734120e-05 4.2187553147e+01
-4.2421050659e-05 5.9301958176e-05 4.1498497939e+01
-1.3560174895e-05 5.9998689676e-05 3.8975996744e+01
-4.0520264100e-06 6.0404607091e-05 3.7286372129e+01
3.2763315281e-05 6.3298775221e-05 2.2999285661e+01
1.1492097053e-05 5.5769292285e-05 3.3610512413e+01
2.0899632765e-05 5.6408594634e-05 3.0081772668e+01
1.1088394929e-04 7.1214157301e-05 2.2886246678e+01
5.7559349634e-05 6.0462420890e-05 2.2671855669e+01
7.6672693168e-05 6.3707527921e-05 2.2703940297e+01
4.1652589825e-05 6.4427316198e-05 2.2675132631e+01
5.9839645727e-05 6.7330239515e-05 2.2643621209e+01
9.1970722726e-05 7.4331801164e-05 2.2754398932e+01
1.0927901396e-04 7.8945264555e-05 2.2875624353e+01
7.8799248348e-05 7.1185559226e-05 2.2678972345e+01
1.2019797146e-04 8.2080443236e-05 2.2853706532e+01
-4.8683979889e-05 5.5698948572e-05 4.2303193129e+01
-4.8850941273e-05 5.9228453243e-05 4.1709185876e+01
1.0024911351e-04 6.8678234266e-05 2.2821606236e+01
1.2934457072e-04 7.5961670610e-05 2.0876768385e+01
1.3241771863e-04 7.3879873152e-05 2.0389226815e+01
1.2998915882e-04 7.9062585267e-05 2.0258783318e+01
-4.8499083457e-05 5.2210637690e-05 4.2898902355e+01
1.3367498725e-04 4.9596784225e-05 2.2624827224e+01
1.3440465640e-04 5.2320139628e-05 2.2225495743e+01
1.9330465912e-04 1.9237055732e-05 1.9190976533e+01
1.9000487068e-04 2.1413494696e-05 1.9083056634e+01
1.8607904009e-04 2.1042359782e-05 1.9275277178e+01
1.8671924188e-04 2.3590421668e-05 1.9003942608e+01
1.8279795696e-04 2.3193948172e-05 1.9209178339e+01
1.9064290156e-04 2.3994810861e-05 1.8821882599e+01
1.8736955427e-04 2.6195938826e-05 1.8745199182e+01
1.8215441728e-04 2.0679823354e-05 1.9481934248e+01
1.7887697579e-04 2.2806382083e-05 1.9446651176e+01
1.7561563278e-04 2.4935178872e-05 1.9451455855e+01
1.9456973303e-04 2.4406529639e-05 1.8665295788e+01
1.9850154024e-04 2.4825043017e-05 1.8532993164e+01
1.9521749244e-04 2.7075246900e-05 1.8420428373e+01
2.0180108497e-04 2.2572133511e-05 1.8671804688e+01
2.0117300695e-04 1.9949139487e-05 1.8940170161e+01
2.0511373587e-04 2.0315222377e-05 1.8835493935e+01
2.8796389518e-04 8.1482253702e-05 1.4426322579e+01
2.8457018802e-04 8.4512849966e-05 1.4412925626e+01
2.3824839771e-04 4.6848863373e-05 1.7016551694e+01
2.4234172672e-04 4.7602622447e-05 1.7107848229e+01
2.3903862239e-04 5.0359678548e-05 1.6831484678e+01
2.3493233831e-04 4.9545512678e-05 1.7068384103e+01
2.3574263862e-04 5.3113766038e-05 1.6688040733e+01
2.3988652487e-04 5.4009226477e-05 1.6380162899e+01
2.3658445442e-04 5.6775520203e-05 1.6329401513e+01
2.4071157791e-04 5.7673385330e-05 1.6214086275e+01
2.3162428561e-04 5.2246803934e-05 1.7064584243e+01
2.3086792407e-04 4.8799186035e-05 1.7014006058e+01
2.4402097248e-04 5.4884490665e-05 1.6226720534e+01
2.4151285856e-04 6.1349262062e-05 1.6001996419e+01
2.4561690737e-04 6.2233307200e-05 1.5867752831e+01
2.2684221141e-04 4.8117680954e-05 1.7061355924e+01
2.4894224457e-04 5.9414612561e-05 1.5910042888e+01
2.4565245036e-04 4.4850736676e-05 1.7086862239e+01
2.4648487181e-04 4.8427511215e-05 1.6609257268e+01
2.4977723329e-04 4.5619834561e-05 1.6639134071e+01
-1.8643053857e-04 6.0326184102e-05 3.9273486384e+01
1.1473129199e-04 4.6570052030e-05 2.2895602706e+01
1.1546627099e-04 4.9110000547e-05 2.2898560944e+01
1.1918706205e-04 4.9713112083e-05 2.2911398018e+01
1.2599085693e-04 4.8328082055e-05 2.2924573347e+01
2.0209932347e-04 9.7490532546e-05 1.5679945762e+01
1.0739776489e-04 4.5497749113e-05 2.2867581701e+01
2.0826000267e-04 1.1380393777e-04 1.5013497636e+01
-1.9426496404e-04 7.9264443130e-05 3.6694640172e+01
-1.9477329843e-04 8.1441013778e-05 3.6479198199e+01
1.6579076303e-04 1.7020624228e-05 2.0849298734e+01
1.6251886329e-04 1.9016412338e-05 2.0944243343e+01
1.5926143117e-04 2.1021433781e-05 2.1074660555e+01
1.5533230210e-04 2.0700797551e-05 2.1488179147e+01
1.5994571783e-04 2.3390631372e-05 2.0820112052e+01
1.5140025197e-04 2.0395048844e-05 2.1917998642e+01
1.5209536166e-04 2.2691650376e-05 2.1694780054e+01
1.4747020329e-04 2.0105094919e-05 2.2357551727e+01
1.6644968257e-04 1.9326682757e-05 2.0597291710e+01
1.7037772091e-04 1.9648956755e-05 2.0277650111e+01
1.6778520423e-04 2.4140732716e-05 2.0066137405e+01
1.7430503229e-04 1.9982421590e-05 1.9985530071e+01
-2.1146725106e-04 3.1866471175e-05 4.2249531015e+01
-2.1204044604e-04 3.3648892530e-05 4.1922745140e+01
-1.4453481291e-04 2.4301765402e-05 4.7910971687e+01
-1.3988762811e-04 2.7485102162e-05 4.7412697561e+01
-1.3631564711e-04 2.7455548992e-05 4.7538975046e+01
-1.3271307669e-04 2.7432804438e-05 4.7658266582e+01
-1.2910521481e-04 2.7415714003e-05 4.7769931338e+01
-1.2549395541e-04 2.7395756021e-05 4.7875585606e+01
2.0775510655e-04 6.7292958351e-05 1.7017914667e+01
2.0446324300e-04 6.9900974047e-05 1.7013534679e+01
2.1104802049e-04 6.4671402693e-05 1.7022137378e+01
-1.5275606256e-04 1.6493482120e-05 4.9131547301e+01
-1.5651014516e-04 1.6503588736e-05 4.8955137822e+01
-1.4899951352e-04 1.6481254844e-05 4.9298630380e+01
-1.5895301233e-04 1.4968679467e-05 4.9125201363e+01
-1.6271330275e-04 1.4982100400e-05 4.8928086853e+01
-1.3485131139e-04 1.1151054559e-04 3.3573838208e+01
-1.3744999756e-04 1.1160525439e-04 3.3622710560e+01
-1.2556061785e-04 7.4707040732e-05 3.7862340909e+01
-1.2030036010e-04 8.6152859794e-05 3.5967064030e+01
-1.1672558005e-04 8.9969104922e-05 3.5408976698e+01
-1.3771088461e-04 1.6452604426e-05 4.9743585516e+01
-1.4147648194e-04 1.6461340966e-05 4.9604320069e+01
-1.3394285638e-04 1.6444017782e-05 4.9874091861e+01
-1.3017200876e-04 1.6436115281e-05 4.9995771418e+01
-1.4523955902e-04 1.6470539632e-05 4.9456128709e+01
2.3244972240e-04 5.5857815981e-05 1.6687543347e+01
2.3328167101e-04 5.9527881674e-05 1.6294521002e+01
2.3740126284e-04 6.0447457806e-05 1.6169922394e+01
2.3408959231e-04 6.3207421774e-05 1.6138873704e+01
-1.2628271962e-04 2.4219098082e-05 4.8525642768e+01
-1.2187852430e-04 2.7378593281e-05 4.7973835981e+01
-1.1967489057e-04 2.8973427699e-05 4.7686335456e+01
-2.2892127210e-04 7.1459129879e-05 3.7166317684e+01
-1.3954766127e-04 5.6506169821e-05 4.1178585571e+01
-1.0872885153e-04 8.5753247291e-05 3.6137525479e+01
9.7881969583e-05 8.6551838672e-05 2.2767924868e+01
9.8427317083e-05 8.9490283149e-05 2.2762052758e+01
9.5076467700e-05 8.8388894479e-05 2.2728191601e+01
1.7723860431e-04 1.5560493978e-04 1.4297099342e+01
1.7712026520e-04 1.5906827423e-04 1.4068239930e+01
-1.2714047174e-04 1.3378495897e-05 5.0679509917e+01
-1.2262355802e-04 1.6422437640e-05 5.0212229131e+01
-1.1884650173e-04 1.6416024375e-05 5.0306736921e+01
-1.2639890262e-04 1.6428678749e-05 5.0108580984e+01
-1.1506713052e-04 1.6410263747e-05 5.0391640624e+01
1.3827011579e-04 1.5437071204e-05 2.2952240537e+01
1.3117208676e-04 1.7094921633e-05 2.2928964963e+01
1.3184338522e-04 1.9125286616e-05 2.2920601854e+01
1.2799387658e-04 1.8924576492e-05 2.2914485606e+01
1.3252882406e-04 2.1226572301e-05 2.2927117150e+01
1.2732282216e-04 1.6931233758e-05 2.2917943193e+01
1.2416736000e-04 1.8740982400e-05 2.2909572257e+01
1.3961618301e-04 1.9579011054e-05 2.2954571854e+01
1.4353989759e-04 1.9832697225e-05 2.2822904042e+01
1.4678507204e-04 1.7917845742e-05 2.2506650886e+01
1.4610959149e-04 1.5805064748e-05 2.2595221042e+01
1.5004221522e-04 1.6016265386e-05 2.2242075433e+01
-1.0291332203e-04 8.5588267659e-05 3.6239195006e+01
1.3369341135e-04 8.0102934778e-05 1.9128940613e+01
1.2695666411e-04 8.1173880829e-05 2.0783060806e+01
1.8811763065e-04 1.4072426299e-04 1.4747117399e+01
1.8445134630e-04 1.4322324389e-04 1.4740185902e+01
4.9039397018e-05 1.0475049589e-04 2.3278700964e+01
4.9601451684e-05 1.0713685726e-04 2.4499370130e+01
5.2165959705e-05 1.0805739662e-04 2.2807367889e+01
5.5178048245e-05 1.1147580229e-04 2.1936145708e+01
-1.1161921760e-04 2.4170389219e-05 4.8879663549e+01
-1.0375294184e-04 2.7312162423e-05 4.8347372433e+01
-1.0526506341e-04 2.8914689509e-05 4.7984397344e+01
-1.0011942465e-04 2.7302131818e-05 4.8395345126e+01
-1.1247621975e-04 2.8941471844e-05 4.7851427806e+01
1.1968664752e-04 1.6649984980e-05 2.2912088459e+01
1.1589884717e-04 1.6530740572e-05 2.2910397591e+01
1.1213092212e-04 1.6424457165e-05 2.2907427312e+01
1.1350646824e-04 2.0207753197e-05 2.2887743706e+01
1.1725781629e-04 2.0376753311e-05 2.2893805367e+01
1.0838163842e-04 1.6330371885e-05 2.2903820521e+01
1.0606751440e-04 1.9915222015e-05 2.2879490889e+01
1.2349475389e-04 1.6783120703e-05 2.2913320884e+01
1.6156501671e-04 1.0211606041e-04 1.7006299520e+01
1.6542048853e-04 1.0347942264e-04 1.7005014134e+01
1.6208267784e-04 1.0582158263e-04 1.7005783290e+01
1.6594755588e-04 1.0721989655e-04 1.6979989517e+01
1.6875510702e-04 1.0111062896e-04 1.6997690366e+01
1.6257871876e-04 1.0956228235e-04 1.6995813468e+01
1.6645269725e-04 1.1099179751e-04 1.7015165666e+01
1.6984825573e-04 1.0862124950e-04 1.7056774546e+01
1.6304773934e-04 1.1333389218e-04 1.6985159416e+01
1.7036434911e-04 1.1241849227e-04 1.6834707544e+01
1.7378448550e-04 1.1002112428e-04 1.6727404752e+01
1.7323943693e-04 1.0622443740e-04 1.6953967993e+01
1.5874243558e-04 1.0813576150e-04 1.7005121776e+01
-1.1185668255e-04 1.3362028809e-05 5.1047999972e+01
-1.0371884058e-04 1.6396584677e-05 5.0584258686e+01
-1.0534077514e-04 1.7931691654e-05 5.0258872705e+01
-9.9932750636e-05 1.6393015200e-05 5.0625903134e+01
-1.1286357341e-04 1.7942453297e-05 5.0131488001e+01
1.9969244997e-04 6.5334796333e-05 1.7021085935e+01
-9.2845690968e-05 2.7286500970e-05 4.8459172020e+01
-8.9206154565e-05 2.7279848731e-05 4.8473616697e+01
-9.6483650288e-05 2.7293085335e-05 4.8432978122e+01
-8.5564743374e-05 2.7274824518e-05 4.8474996807e+01
1.3896484268e-04 1.4724190135e-04 1.7109778873e+01
-9.2356553994e-05 1.6388118726e-05 5.0670855235e+01
-8.8566885568e-05 1.6386256715e-05 5.0672517977e+01
-9.6145291935e-05 1.6389957270e-05 5.0655092044e+01
-8.4775788460e-05 1.6385167013e-05 5.0658915384e+01
-2.3937816284e-04 1.2297352604e-05 3.9959394769e+01
-2.3334955502e-04 1.5448434906e-05 4.1060378251e+01
-2.2970011521e-04 1.5400084328e-05 4.1833215426e+01
-2.2900298062e-04 1.3783702451e-05 4.2172589404e+01
1.0093870978e-04 1.6174415175e-05 2.2895417059e+01
9.7245359124e-05 1.6111048856e-05 2.2889053684e+01
9.4321596186e-05 1.7796577783e-05 2.2878717130e+01
9.8709575753e-05 1.9679455463e-05 2.2873486276e+01
9.0679544346e-05 1.7730101109e-05 2.2872433568e+01
9.1433467119e-05 1.9491746595e-05 2.2867424095e+01
1.0465143702e-04 1.6247101266e-05 2.2899608562e+01
6.6498493015e-05 8.0114038069e-05 2.2554666170e+01
5.9770450081e-05 7.6226977069e-05 2.2579029548e+01
6.0459439271e-05 7.8650805065e-05 2.2557975100e+01
3.1354986713e-04 2.7249645335e-05 1.5641931942e+01
-7.8550809324e-05 7.5621475555e-05 3.8558962643e+01
-8.4616281045e-05 7.5681297368e-05 3.8418251627e+01
-8.7645894580e-05 7.5718796916e-05 3.8346919769e+01
-9.1992659826e-05 7.7671544117e-05 3.7879342801e+01
-8.1226598162e-05 1.3349821656e-05 5.1209773002e+01
-7.7190927513e-05 1.6385561732e-05 5.0581399144e+01
-7.3397590245e-05 1.6386561693e-05 5.0515132916e+01
-8.0983756530e-05 1.6384702894e-05 5.0628981851e+01
-6.9603311760e-05 1.6388485813e-05 5.0428665614e+01
-7.7944103071e-05 8.7073377398e-05 3.6447236085e+01
8.3454719006e-05 1.7623730915e-05 2.2849437228e+01
7.9869324730e-05 1.7581069231e-05 2.3261525708e+01
8.7057515070e-05 1.7672611072e-05 2.2874322761e+01
8.4237376249e-05 1.9345406306e-05 2.2862246434e+01
7.9021672714e-05 1.5900611256e-05 2.3896952995e+01
-7.3922947513e-05 7.7470495619e-05 3.8307291480e+01
-6.0034672190e-05 2.4132163810e-05 4.8635124706e+01
-6.3689921927e-05 2.7278747512e-05 4.8145838918e+01
-6.7337520812e-05 2.7272143676e-05 4.8247647276e+01
-7.0984511127e-05 2.7269238321e-05 4.8328587573e+01
-6.0037580336e-05 2.7283967136e-05 4.8022465626e+01
-7.4630612120e-05 2.7270779678e-05 4.8389895941e+01
-7.8276556246e-05 2.7269544514e-05 4.8434434425e+01
-6.5891234517e-05 1.3356562577e-05 5.0890498915e+01
-6.2013633918e-05 1.6395425761e-05 5.0189285047e+01
-6.0094343388e-05 1.7927443546e-05 4.9825836834e+01
-6.5808594059e-05 1.6391211268e-05 5.0320596620e+01
-5.0628913747e-05 1.6413771517e-05 4.9640452226e+01
-5.2558205845e-05 1.7941622020e-05 4.9466300355e+01
-4.6831816330e-05 1.6420888696e-05 4.9400206538e+01
7.1728619821e-05 1.5823082740e-05 2.5296091953e+01
6.8067903517e-05 1.5782168524e-05 2.6102891139e+01
6.4397764954e-05 1.5740167343e-05 2.6969338683e+01
7.5379972598e-05 1.5862603284e-05 2.4550600072e+01
1.9073284047e-04 9.7649809747e-05 1.6237535728e+01
2.3344857978e-05 3.8436569685e-05 3.2827868073e+01
-6.7758727153e-05 8.5071869911e-05 3.7063897921e+01
-4.1586314893e-05 2.4186552909e-05 4.7584790901e+01
5.9611277672e-05 1.4065970446e-05 2.8585180017e+01
5.7029445900e-05 1.5655005247e-05 2.8844453540e+01
5.3332143260e-05 1.5612049225e-05 2.9837632581e+01
4.9626199030e-05 1.5569049666e-05 3.0857524198e+01
6.0718092675e-05 1.5697707345e-05 2.7885698317e+01
-2.0513467989e-04 4.2409746040e-05 4.1195930503e+01
-4.6716171304e-05 1.3381499905e-05 4.9946436297e+01
-4.3039135348e-05 1.6429989831e-05 4.9128473041e+01
-3.9246012698e-05 1.6440611162e-05 4.8823243875e+01
-3.5453691032e-05 1.6452553628e-05 4.8482849796e+01
-3.1662626661e-05 1.6467061902e-05 4.8105401743e+01
-2.7870340173e-05 1.6481099873e-05 4.7689447287e+01
-1.4149542780e-04 3.9044955317e-05 4.4867889976e+01
-1.4490706737e-04 3.9088873539e-05 4.4746452578e+01
-6.3346986451e-05 8.7001151183e-05 3.6844459647e+01
4.6030246407e-05 1.3104347495e-04 5.6186674102e+01
4.1639102163e-05 1.2928724321e-04 5.2535256250e+01
4.1330553560e-05 1.2689001025e-04 4.7454197031e+01
1.2834889409e-04 1.4548728552e-04 1.7221155239e+01
4.2189020010e-05 1.5484765203e-05 3.2946552068e+01
3.8458832295e-05 1.5443544779e-05 3.4000659401e+01
3.6027297021e-05 1.7009860568e-05 3.4308926274e+01
3.2313605281e-05 1.6964790765e-05 3.5357478270e+01
4.5911607735e-05 1.5526572797e-05 3.1896390029e+01
-2.7550825657e-05 1.3430480236e-05 4.8201376353e+01
-2.4083461112e-05 1.6497442515e-05 4.7233678467e+01
-2.0297471802e-05 1.6515657808e-05 4.6736231983e+01
-1.6513612461e-05 1.6535547625e-05 4.6195998185e+01
-1.2732479709e-05 1.6558294554e-05 4.5611835144e+01
-1.5798280128e-04 1.0495211714e-04 3.4278390948e+01
-1.5872074735e-04 1.0713659516e-04 3.4195890780e+01
-1.5413787727e-04 1.0893165391e-04 3.4040195677e+01
2.4862924734e-05 1.6880026511e-05 3.7407410984e+01
2.1127761830e-05 1.6838525798e-05 3.8397535751e+01
1.7386038487e-05 1.6799543734e-05 3.9357672627e+01
1.3637751427e-05 1.6762509893e-05 4.0283958334e+01
2.8593658910e-05 1.6921105760e-05 3.6391938554e+01
2.4733768240e-04 1.2050045686e-04 1.4150642989e+01
3.0294743519e-06 1.3575264167e-05 4.3277810523e+01
-2.9886014614e-06 1.5076780569e-05 4.4187071458e+01
-1.4060978326e-06 1.6634803795e-05 4.3591123434e+01
2.3617866433e-06 1.6663117981e-05 4.2828264435e+01
6.1251297821e-06 1.6694192072e-05 4.2021684317e+01
9.8839945827e-06 1.6727191561e-05 4.1172906177e+01
1.0644751013e-05 1.3625945496e-05 4.1610578030e+01
-3.9941939416e-06 3.7596903886e-05 4.0254392044e+01
2.9066046500e-06 3.7767830256e-05 3.8717419668e+01
6.3428092779e-06 3.7862683593e-05 3.7867083647e+01
-5.6000745244e-05 8.5094290801e-05 3.7375104475e+01
2.5448153901e-04 1.3594390642e-05 2.0002781603e+01
-5.0124968012e-05 8.5148312460e-05 3.7517702820e+01
-2.1377510892e-05 3.7273003694e-05 4.3190192023e+01
-2.8369229704e-05 3.7180129024e-05 4.4038772021e+01
-5.6246058271e-05 9.6857599713e-05 3.5407046514e+01
-2.2531991738e-04 1.3746058792e-05 4.2878718872e+01
1.2731342569e-04 1.5939399323e-04 1.7553468390e+01
-3.5376065554e-05 3.7105832970e-05 4.4726913433e+01
-5.9975394268e-05 3.6966515089e-05 4.6124860252e+01
-5.2934597972e-05 3.6989840049e-05 4.5861455073e+01
-4.5837190452e-05 8.7143315910e-05 3.7316206194e+01
3.2420637032e-05 1.2654299688e-04 4.7171041354e+01
3.5034899606e-05 1.2995282559e-04 5.3409900066e+01
-5.0602428604e-05 9.6913662006e-05 3.5614287543e+01
-3.8392322000e-05 8.5354106560e-05 3.7733066370e+01
-4.4965969183e-05 9.7003172453e-05 3.5834408624e+01
-3.2540564655e-05 8.5512172794e-05 3.7781187298e+01
-4.2394075915e-05 3.7047981159e-05 4.5272589337e+01
-3.9338905830e-05 9.7128767096e-05 3.6062013934e+01
1.7148651889e-04 9.5012188383e-05 1.7004983460e+01
1.7541448437e-04 9.6297509902e-05 1.6983871390e+01
1.7208665956e-04 9.8716434919e-05 1.6991796390e+01
1.7602640175e-04 1.0003539848e-04 1.7020438224e+01
-2.7488546961e-04 3.5722631465e-05 2.5822465930e+01
2.1133152451e-05 1.2611477598e-04 4.4350104003e+01
1.8733567297e-05 1.2562346996e-04 4.3356802231e+01
1.4660148273e-05 1.2718338803e-04 4.4275018951e+01
1.0964388389e-05 1.2722985984e-04 4.4018252342e+01
7.0409533353e-06 1.2585758944e-04 4.1892906291e+01
1.7588571938e-05 1.3021807278e-04 4.7832647733e+01
1.0264604959e-05 1.2322029906e-04 4.0675105660e+01
2.3515332448e-05 1.2663494952e-04 4.5491260122e+01
2.4023799307e-05 1.2899046851e-04 4.8361814614e+01
-4.9425528476e-05 3.7006974409e-05 4.5693083077e+01
-2.0879706878e-05 8.5958363303e-05 3.7674137252e+01
-2.8121834045e-05 9.7501151357e-05 3.6506839094e+01
-6.9579297585e-05 6.8164966852e-05 4.0152721498e+01
-2.1161980892e-04 7.5148167639e-05 3.7007520794e+01
-8.1199228877e-06 1.1107921936e-04 3.6591131779e+01
-2.4756120054e-07 1.1185319089e-04 3.7258904377e+01
3.2359961942e-06 1.0802722449e-04 3.7232744679e+01
5.8792580158e-06 1.0834514136e-04 3.7271577953e+01
6.7257821062e-06 1.1056566157e-04 3.7483080222e+01
1.1935881927e-05 1.1129022148e-04 3.7541283400e+01
1.4527422059e-05 1.1168879179e-04 3.7519720420e+01
1.7108454084e-05 1.1211238161e-04 3.7472726658e+01
2.1554349205e-05 1.1075423127e-04 3.6783322284e+01
2.0367804243e-05 1.1485655903e-04 3.7974859661e+01
2.9258467485e-05 1.1233051285e-04 3.6205153751e+01
3.2371478218e-05 1.1524985015e-04 3.6971039242e+01
2.7925252846e-05 1.1640908110e-04 3.8135275522e+01
3.4875710028e-05 1.1588571041e-04 3.6794418672e+01
3.5372670003e-05 1.1824346064e-04 3.8208187726e+01
-6.3334010027e-05 6.8164597041e-05 4.0221715504e+01
-6.0202812095e-05 6.8172395243e-05 4.0243410838e+01
-8.5169605630e-05 6.8258102229e-05 3.9876805266e+01
-8.2048080664e-05 6.8230494611e-05 3.9940335330e+01
-1.2303008452e-04 6.5241352350e-05 3.9741041416e+01
-1.2416982425e-04 6.7124681297e-05 3.9339756573e+01
-1.2724115950e-04 6.7209977324e-05 3.9265308394e+01
-1.3336103009e-04 6.7395427030e-05 3.9117473931e+01
-1.5076378800e-05 8.6256235871e-05 3.7474626830e+01
-9.1389810426e-05 6.8326047057e-05 3.9742362104e+01
-1.8054680564e-05 9.5985477175e-05 3.6970977543e+01
4.0671746957e-06 1.2310129016e-04 3.9472178110e+01
2.6302749323e-06 1.2531285325e-04 4.0216457584e+01
6.4282797878e-06 1.2345825985e-04 4.0157872331e+01
-9.2631960407e-07 1.2253479721e-04 3.8046807568e+01
-4.1078041113e-06 1.2657323593e-04 3.8653175782e+01
1.0094579952e-04 1.5150568229e-04 1.8779809809e+01
-1.5833416880e-04 7.0331587654e-05 3.8193559827e+01
-2.5157500613e-05 1.0783070866e-04 3.5410291328e+01
-2.7853061646e-05 1.0769999558e-04 3.5222821416e+01
-3.0553305119e-05 1.0758117307e-04 3.5042701265e+01
-3.5966806165e-05 1.0737726005e-04 3.4707495053e+01
-2.2467051149e-05 1.0797382040e-04 3.5604067686e+01
-5.9549837498e-06 1.2198277069e-04 3.6702697424e+01
-1.1012063106e-05 1.2149729678e-04 3.5546270788e+01
-3.5398279558e-06 8.7031095186e-05 3.6643341809e+01
-6.8939148481e-06 9.6743814136e-05 3.6964719967e+01
-2.6184473281e-04 1.9717251317e-05 3.1278466456e+01
2.1355187340e-04 1.2633361414e-04 1.4641228726e+01
-1.4564243156e-05 1.1904417480e-04 3.5107000302e+01
-1.7610546193e-05 1.2311988659e-04 3.4062657525e+01
-2.0151905968e-05 1.2293411521e-04 3.3637761074e+01
-2.1711063076e-05 1.2502072652e-04 3.3062087795e+01
-2.5259165512e-05 1.2260310732e-04 3.3005429503e+01
-2.7819625672e-05 1.2245566107e-04 3.2781822620e+01
-1.6570762577e-05 1.2537389380e-04 3.4064660461e+01
-1.5076787771e-05 1.2331748091e-04 3.4559118360e+01
-1.4060218555e-05 1.2558354326e-04 3.4771159518e+01
-1.4372143508e-04 1.0797260249e-04 3.3875834952e+01
-1.3496244916e-06 9.7223440661e-05 3.6791443411e+01
3.3188607371e-07 8.9339626820e-05 3.6293501708e+01
1.8212776066e-04 1.1655712524e-04 1.5690830884e+01
5.9977268694e-06 8.9892448172e-05 3.5530181592e+01
4.1671368935e-06 9.7780173802e-05 3.6464243069e+01
1.0511054491e-05 1.0059318807e-04 3.6138594198e+01
1.3535562966e-05 8.8754062406e-05 3.3792956412e+01
-3.1543387859e-05 1.2012531741e-04 3.2904901276e+01
-3.2963969619e-05 1.2218936991e-04 3.2453162683e+01
-3.5544723527e-05 1.2206411291e-04 3.2340734329e+01
-3.8131498362e-05 1.2196017945e-04 3.2252262792e+01
-3.9345765019e-05 1.1980755851e-04 3.2512439196e+01
-4.3366316031e-05 1.2175241838e-04 3.2139305749e+01
-4.2648666357e-05 1.0513505309e-04 3.4671578567e+01
-4.5561470301e-05 1.0917633068e-04 3.3877726901e+01
-4.9564837448e-05 1.0704495078e-04 3.4032625713e+01
-5.2293272385e-05 1.0700608557e-04 3.3926291589e+01
-4.1396132764e-05 1.0721541541e-04 3.4408819299e+01
-3.8679722218e-05 1.0729124797e-04 3.4553433151e+01
-5.3623480752e-05 1.0494668571e-04 3.4198622597e+01
-5.6403729797e-05 1.0901706307e-04 3.3474959597e+01
-5.9124045092e-05 1.0490365316e-04 3.4011398897e+01
-6.0491227809e-05 1.0693972163e-04 3.3661923905e+01
-6.3226992956e-05 1.0693368107e-04 3.3591094109e+01
2.4720258811e-05 9.0386552246e-05 3.0393781108e+01
2.0525639482e-05 1.0000346298e-04 3.4297945513e+01
2.5906541325e-05 1.0096369875e-04 3.3124455845e+01
1.4421770545e-04 1.0611342125e-04 1.7023457079e+01
1.6425210992e-04 1.2475284235e-04 1.6580156254e+01
-4.5931187284e-05 1.2168047493e-04 3.2107413787e+01
-4.9816059427e-05 1.1952116078e-04 3.2264309825e+01
-1.9052429506e-04 4.5449670141e-05 4.1583055353e+01
2.2643020668e-04 1.1763281938e-05 1.9832404245e+01
-1.6560924355e-04 3.4313831356e-05 4.4948455730e+01
1.2683828924e-04 1.0273235615e-04 1.6902693762e+01
-5.7706949763e-05 1.1942632977e-04 3.2209295733e+01
-5.6369360062e-05 1.2149219320e-04 3.2087801748e+01
-6.0343327844e-05 1.1939494303e-04 3.2210827987e+01
-6.2982541135e-05 1.1936746821e-04 3.2219348616e+01
-6.4187135497e-05 1.2152511109e-04 3.2147192217e+01
5.6881331847e-05 9.6067095723e-05 2.2299473001e+01
1.7044458514e-04 6.8170324750e-05 1.7041997447e+01
1.7425714588e-04 6.9053680141e-05 1.7039378052e+01
-1.5848355409e-04 3.9294248286e-05 4.4213560518e+01
-1.5182618505e-04 8.1768781639e-05 3.6479421660e+01
-7.6453131056e-05 1.1527647252e-04 3.2535558259e+01
-7.6205265643e-05 1.1940422700e-04 3.2342890596e+01
-7.3562095428e-05 1.1930776992e-04 3.2311172578e+01
-6.8266146014e-05 1.1938246365e-04 3.2252659587e+01
-7.0914144251e-05 1.1931919434e-04 3.2280396182e+01
1.1019851997e-04 6.8394253593e-05 2.2881660036e+01
-6.0167425562e-05 5.7387541640e-05 4.2216958096e+01
2.7674418580e-05 1.2530299169e-04 4.4884609466e+01
1.9938938222e-04 8.2479114579e-05 1.6720646805e+01
1.3154959807e-04 1.1815383661e-04 1.7049103671e+01
1.3176205153e-04 1.2177659392e-04 1.7064307658e+01
1.2827938689e-04 1.2015681290e-04 1.7056150599e+01
-1.2604925805e-04 8.6388306525e-05 3.5897348013e+01
1.1175603949e-04 9.1101385719e-05 2.2847381452e+01
1.1535868406e-04 9.2328234824e-05 2.3042883418e+01
1.1230272290e-04 9.4247754395e-05 2.2923002496e+01
1.1590575604e-04 9.5527564900e-05 2.2516022313e+01
1.1284034587e-04 9.7436396475e-05 2.3060975686e+01
1.1332468517e-04 1.0066001915e-04 2.2593811667e+01
1.5821655398e-04 8.0822652260e-05 1.7038364010e+01
9.2652351392e-05 6.4513387400e-05 2.2782876421e+01
2.7590119580e-04 2.0438438758e-05 1.7572514670e+01
2.7985799837e-04 2.0603295058e-05 1.7169454679e+01
-9.1235221420e-05 8.5325668910e-05 3.6476310482e+01
-9.0874010683e-05 8.9219053044e-05 3.5805299277e+01
-1.6625574718e-04 2.4441730239e-05 4.6919097231e+01
-1.1957252341e-04 7.4517273739e-05 3.7986881824e+01
-1.1587514735e-04 7.8225297752e-05 3.7357913971e+01
2.2556332354e-04 4.2000692014e-05 1.7115835289e+01
2.2954619720e-04 4.2501462812e-05 1.7155538828e+01
2.2619146268e-04 4.4988519502e-05 1.7005949335e+01
1.3182157453e-05 3.8072336016e-05 3.6003601836e+01
1.6583621953e-05 3.8186881729e-05 3.4993088237e+01
5.0472999466e-05 4.1603907693e-05 2.2589807417e+01
5.3673502948e-05 4.1816899158e-05 2.2745030754e+01
6.0133780929e-05 4.2299664509e-05 2.2721405611e+01
6.3395073944e-05 4.2570198129e-05 2.2723210889e+01
6.9985206318e-05 4.3171279489e-05 2.2734613866e+01
7.3315538968e-05 4.3502349530e-05 2.2742340473e+01
7.5920288645e-05 4.1694844266e-05 2.2750559866e+01
8.6155068910e-05 4.2775969265e-05 2.2784287190e+01
9.0357653713e-05 4.5470340213e-05 2.2798752301e+01
9.3850019590e-05 4.5927115200e-05 2.2812370219e+01
1.0091252831e-04 4.6901848826e-05 2.2841752347e+01
4.2401424080e-05 1.0702584290e-04 2.8958147662e+01
-1.6569651420e-04 4.6424993981e-05 4.2472285266e+01
-1.6655624163e-04 4.8237686674e-05 4.2079602967e+01
1.0785326648e-04 1.4851883448e-04 1.7335318052e+01
-2.4952809857e-04 3.8006237813e-05 3.5758834281e+01
-2.4664717150e-04 4.1760034106e-05 3.6428512118e+01
-1.6463964044e-04 8.6732015079e-05 3.5854338927e+01
1.7107912724e-04 8.8814141393e-06 2.1134535573e+01
-3.3114311080e-04 2.0423152026e-06 1.7396070798e+01
-3.2727911226e-04 1.9776000472e-06 1.7242056448e+01
1.5735705801e-04 1.3312735715e-04 1.6904228066e+01
-1.5591126543e-04 4.6188635452e-05 4.2863684200e+01
-1.5918377031e-04 4.6263856312e-05 4.2736799381e+01
1.8096274161e-04 4.6817468655e-05 1.7604276555e+01
-1.3293816729e-04 1.0089238240e-04 3.4175540400e+01
-9.9378919186e-05 6.6602329336e-05 3.9936521421e+01
6.6258743829e-05 5.9648977348e-05 2.2688103148e+01
1.6935000228e-04 4.4925293258e-05 1.8337096693e+01
5.8912114794e-05 1.2247400297e-04 2.6729468695e+01
5.6739175691e-05 1.2375343132e-04 2.9650123829e+01
1.7438947790e-04 3.4972867726e-05 1.8716432887e+01
9.7865585472e-05 1.0644741854e-04 2.2680976785e+01
8.0997930167e-05 1.3113223037e-04 2.1514592913e+01
7.8300204860e-05 1.2924403354e-04 2.1078790055e+01
7.8064258913e-05 1.3232571376e-04 2.1030106348e+01
-8.4304036387e-05 1.1959914017e-04 3.2464398430e+01
-8.1599919883e-05 1.1957166866e-04 3.2418728944e+01
-8.0062110666e-05 1.2188392079e-04 3.2399142408e+01
-1.1355941874e-04 7.4348010629e-05 3.8116764489e+01
-1.3838374412e-04 4.9344017606e-05 4.2725638778e+01
-1.2686770759e-04 1.1090243207e-04 3.3443607193e+01
-1.2036659775e-04 5.6094915778e-05 4.1717355234e+01
8.4667873134e-05 8.2565705463e-05 2.2651592335e+01
-8.4358262939e-05 5.9217241280e-05 4.1743159922e+01
-8.1145232337e-05 5.9190916507e-05 4.1791234210e+01
3.8334111537e-05 5.6019303038e-05 2.2545872738e+01
1.4225571486e-04 4.0765110543e-05 2.1738483854e+01
1.5600766563e-04 6.7927210331e-05 1.7400172071e+01
-2.4102104420e-04 1.4882919204e-06 4.0501969979e+01
-2.3611751333e-04 6.0076656132e-06 4.1442009008e+01
-2.2825548435e-04 5.9871660122e-06 4.3232919366e+01
-2.2437500667e-04 5.9760674957e-06 4.3998078538e+01
2.4051483314e-04 2.2836301473e-06 2.1476179708e+01
2.4481914691e-04 4.9410359003e-06 2.1297344971e+01
1.7678479685e-04 8.2872325695e-05 1.7010521631e+01
7.6462537669e-05 1.4203970094e-04 2.1486554025e+01
7.5484568190e-05 1.4539672010e-04 2.1464588936e+01
7.9087439130e-05 1.4433246406e-04 2.0951444840e+01
4.8606454842e-05 7.6101055997e-05 2.2592079595e+01
5.3780780793e-05 7.4958901555e-05 2.2591508774e+01
1.4709699872e-04 3.1552328467e-05 2.1700428205e+01
-1.4334731445e-04 7.5411392348e-05 3.7520332050e+01
2.4338061638e-04 1.1952635906e-04 1.4261222385e+01
7.3474628337e-05 9.9346264179e-05 2.2283938271e+01
-6.7545852047e-05 9.6837386914e-05 3.5044448731e+01
1.2965729511e-04 6.2040169642e-05 2.2448482138e+01
2.3249168310e-04 2.1633766884e-06 2.1205008917e+01
2.3673602573e-04 4.6925296675e-06 2.1112438834e+01
-2.8840931102e-04 3.4778346412e-05 1.7022591691e+01
-7.8491314800e-05 2.4118375042e-05 4.9075315115e+01
-8.2178645685e-05 2.4119828956e-05 4.9107022858e+01
-8.1921485100e-05 2.7270697163e-05 4.8462460495e+01
3.6190896057e-05 7.1823556003e-05 2.2697970910e+01
2.7524825665e-05 7.0595704052e-05 2.5579315891e+01
2.4605112735e-05 7.0234430675e-05 2.7185067603e+01
1.9641065481e-05 7.1630048003e-05 2.9632697537e+01
1.3724351219e-05 7.1023393382e-05 3.2009513001e+01
1.0728476715e-05 7.0748878084e-05 3.3037265032e+01
6.6903941740e-06 6.8507672949e-05 3.4274805823e+01
6.0126613874e-07 6.8078370412e-05 3.5840681235e+01
-2.4581532999e-06 6.7887119231e-05 3.6505216292e+01
-1.1697115371e-05 6.7398932506e-05 3.8097013710e+01
-1.7897143461e-05 6.7137547276e-05 3.8873531294e+01
-2.1004988981e-05 6.7023842435e-05 3.9189802411e+01
-3.2138950556e-05 6.8536803625e-05 3.9769971427e+01
-3.5256832654e-05 6.8465420985e-05 3.9906304108e+01
-4.1476147370e-05 6.8348976184e-05 4.0101544408e+01
-4.6037353617e-05 6.6456446552e-05 4.0475540856e+01
-4.9177549474e-05 6.6421062028e-05 4.0524334081e+01
-5.3964613482e-05 6.8204809481e-05 4.0254459353e+01
-6.3359848829e-05 7.5566683353e-05 3.8872502961e+01
-6.6399672717e-05 7.5566190375e-05 3.8817026331e+01
-1.6451230389e-04 5.7315349206e-05 4.0387286225e+01
2.3813764957e-04 1.4027207448e-04 1.3652392306e+01
-1.9945894330e-04 3.5012156464e-05 4.2818121182e+01
9.3667487321e-05 3.5039279564e-05 2.2812760719e+01
1.0378546228e-04 5.6898813629e-05 2.2851412151e+01
-5.2791341022e-05 7.7496241198e-05 3.8705865598e+01
-4.9775048729e-05 7.7526227673e-05 3.8737868086e+01
-5.7279486535e-05 7.5586161657e-05 3.8966150154e+01
9.7918948835e-05 2.7209067409e-05 2.2835279786e+01
8.3155588846e-05 3.4182175380e-05 2.2779327253e+01
-1.7007199051e-04 7.9009705445e-05 3.6796057644e+01
-7.0319868587e-05 4.3600462459e-05 4.5007440966e+01
-1.6313020107e-04 8.2532364026e-05 3.6355948979e+01
1.5825485224e-04 1.0443047610e-04 1.7009449676e+01
1.5540049704e-04 1.1042179211e-04 1.7008132544e+01
1.0387943538e-05 5.3875969519e-05 3.4190630458e+01
-6.0039075295e-05 4.3613933154e-05 4.4832282398e+01
7.5703367545e-07 5.3390600321e-05 3.6896920279e+01
-4.5126615170e-05 7.5706747190e-05 3.9049167739e+01
-2.0822547576e-04 7.0410845722e-05 3.7489461218e+01
8.2979551250e-05 5.3383856695e-05 2.2761033506e+01
-1.7656328407e-04 1.3482513681e-05 4.8367608801e+01
-3.9198394933e-05 5.9347642600e-05 4.1356450269e+01
-4.6001752591e-06 1.3530477098e-05 4.4773679473e+01
-6.7844000360e-06 1.5053031423e-05 4.4886923946e+01
-6.6670452596e-05 5.7376350091e-05 4.2248715164e+01
-6.9921220964e-05 5.7376907910e-05 4.2245707557e+01
-1.7566663541e-04 7.9466982113e-05 3.6719376301e+01
-1.7356331944e-04 8.1331757188e-05 3.6496253221e+01
-1.7217658465e-04 8.5324483040e-05 3.6036199506e+01
-2.7600226968e-05 3.0651690987e-05 4.5094073333e+01
-8.9770509238e-06 5.3003440756e-05 3.8979758984e+01
3.1352816606e-05 2.5069879970e-05 3.3663192918e+01
6.3199247279e-05 5.0690901184e-05 2.2705445175e+01
-9.8992332654e-05 5.7570370926e-05 4.1847463871e+01
-3.6029764667e-05 7.5879076981e-05 3.8969336440e+01
-3.4709718737e-05 7.7796714777e-05 3.8710805873e+01
-3.1706135440e-05 7.7877488488e-05 3.8653969008e+01
-3.9059590386e-05 7.5813065421e-05 3.9013376368e+01
-1.0927859757e-05 3.7450459727e-05 4.1578179653e+01
-1.4405220362e-05 3.7385874697e-05 4.2163525090e+01
-2.4202253465e-04 2.9844790031e-06 4.0095026473e+01
-2.4004841790e-04 6.0168867120e-06 4.0406292808e+01
-8.8073150349e-05 3.6978323309e-05 4.6429302268e+01
-8.4564630484e-05 3.6968963881e-05 4.6442072548e+01
-9.5083717153e-05 3.7003007908e-05 4.6371257937e+01
1.8593012289e-05 3.1440284303e-05 3.5864863547e+01
2.9031772692e-05 3.1733692374e-05 3.2666669181e+01
2.0586032791e-05 2.4856707512e-05 3.6781028261e+01
2.1261648183e-04 1.9132238638e-06 2.0758870213e+01
-2.1043817397e-04 2.9520563467e-06 4.6625233179e+01
-2.1159888042e-04 4.4383273274e-06 4.6275603693e+01
-2.0890295143e-04 5.9379902878e-06 4.6453439062e+01
-2.0102271300e-04 5.9261588231e-06 4.7420924730e+01
-1.9712235109e-04 5.9199327523e-06 4.7845591084e+01
-2.1438722230e-04 2.9547036930e-06 4.6044979737e+01
-2.1551957084e-04 4.4439083009e-06 4.5691484156e+01
-2.1833462343e-04 2.9584320094e-06 4.5412303841e+01
-2.1943904016e-04 4.4491479685e-06 4.5054679936e+01
-1.8789136986e-05 5.2702822841e-05 4.0532501504e+01
-6.7007251217e-05 3.6954880442e-05 4.6301038501e+01
-7.4028295887e-05 3.6953666233e-05 4.6403134994e+01
-7.7541710504e-05 3.6956566031e-05 4.6430114830e+01
5.3622534938e-05 4.9640783326e-05 2.2692099117e+01
-1.0382212622e-05 6.0122631133e-05 3.8472982449e+01
-1.7631214218e-05 4.5784982406e-05 4.1332243004e+01
-1.1197217036e-04 4.8944970789e-05 4.3466944067e+01
-1.1529510180e-04 4.8985219358e-05 4.3385040230e+01
-2.5705871221e-05 7.8070145380e-05 3.8468978296e+01
-9.0152573116e-07 6.0563789426e-05 3.6594024390e+01
-7.7465526911e-05 6.6370426706e-05 4.0389425123e+01
-1.2192657250e-04 4.9071610889e-05 4.3211301800e+01
-2.8658463840e-05 5.2477289036e-05 4.1648212252e+01
-1.3765032753e-05 7.8594674173e-05 3.7725714399e+01
-1.6741329344e-05 7.8444557869e-05 3.7967038216e+01
-7.8290299785e-06 7.8937859552e-05 3.7106966333e+01
-2.9965741113e-06 7.7337351379e-05 3.6435702313e+01
-3.3724541173e-08 7.7554150597e-05 3.5917725032e+01
-1.7927579544e-05 7.6486423105e-05 3.8174711897e+01
5.8628460638e-06 7.8041727038e-05 3.4667795669e+01
1.4624011976e-05 7.8923612022e-05 3.2160648084e+01
1.7518483811e-05 7.9262299323e-05 3.1127678520e+01
1.8435802678e-05 8.1365966786e-05 3.1046645791e+01
2.1295179918e-05 8.1747022459e-05 2.9917234667e+01
2.6967693103e-05 8.2591763473e-05 2.7291841951e+01
3.1754853429e-05 8.1351782276e-05 2.3990296255e+01
9.5375885622e-05 7.5198035458e-05 2.2776111107e+01
2.0458439964e-04 1.8281685407e-06 2.0680424014e+01
-3.8567815435e-05 5.2316220318e-05 4.2412240179e+01
-1.8099707910e-04 4.5096195978e-05 4.2107027065e+01
3.1949364170e-04 6.0899291337e-05 1.4184037884e+01
6.2956109810e-05 6.7906964187e-05 2.2640858006e+01
3.5732605047e-05 6.3654575393e-05 2.2623636331e+01
-1.0090130206e-05 1.0673307197e-04 3.6645679025e+01
-1.4427566020e-05 1.0848390435e-04 3.6208801849e+01
-1.3404136927e-05 1.1064885352e-04 3.6116032690e+01
-1.7101932604e-05 1.0829970552e-04 3.6005104675e+01
-5.6752509330e-05 5.0430633341e-05 4.3458717688e+01
2.6469275280e-04 4.1461375108e-05 1.6344189953e+01
2.6884603557e-04 4.2183702547e-05 1.6216363641e+01
2.6553495889e-04 4.5094856543e-05 1.6189134628e+01
2.7128883930e-04 3.5634826268e-05 1.6572577630e+01
2.6138896898e-04 4.4347720439e-05 1.6247344072e+01
1.0220167019e-04 1.3809903984e-04 1.7333044479e+01
1.0528069928e-04 1.3992988306e-04 1.7013931293e+01
1.1288726744e-04 7.9964430441e-05 2.2912904590e+01
-7.0107739249e-05 5.0405479302e-05 4.3633065250e+01
2.8281294369e-05 9.3081197934e-05 2.9678328739e+01
-1.8675610565e-04 2.9240621182e-06 4.9274552626e+01
-1.8942987440e-04 5.9062816746e-06 4.8595637511e+01
1.8470227576e-04 1.6600890272e-06 2.0820716696e+01
8.5503167245e-05 1.0408331459e-04 2.2415806341e+01
6.2477471941e-05 9.7891429147e-05 2.2249008317e+01
6.0217065762e-05 9.9483923645e-05 2.2208286480e+01
-1.0478751884e-04 1.0361858254e-04 3.3687351266e+01
1.7669086417e-04 1.6078972167e-06 2.0960662891e+01
-1.7743044753e-04 1.4552051587e-06 5.0252424869e+01
-1.2358105626e-04 5.6153607748e-05 4.1631280925e+01
-2.2973384737e-04 4.5997623072e-05 3.8660418798e+01
-2.4083422237e-04 3.9098446421e-05 3.7509342299e+01
5.9451962970e-05 1.0859230974e-04 2.1796671119e+01
8.9839234373e-05 1.3382677044e-04 2.2801836129e+01
-5.2442956964e-05 1.1946157523e-04 3.2237596496e+01
-6.7385114661e-05 1.0489776166e-04 3.3789583402e+01
1.9134459033e-04 1.0142780449e-04 1.5975311155e+01
-2.4360091475e-04 6.3130407980e-05 3.7146585510e+01
1.5676036111e-04 1.5410194539e-06 2.1422706968e+01
2.2885666055e-04 9.7593022131e-05 1.5026112493e+01
1.4874355760e-04 1.5365863904e-06 2.1655453785e+01
-1.8268832662e-04 3.4607643810e-05 4.4011822731e+01
-8.1162300936e-05 1.0503353160e-04 3.3561268451e+01
2.2155943101e-04 7.7817110895e-05 1.5855066728e+01
1.2886474717e-04 1.5404326398e-06 2.2047800249e+01
3.2230234900e-04 5.3811911846e-05 1.4324807564e+01
1.2091725249e-04 1.5399412889e-06 2.2259908155e+01
1.2543478218e-04 3.1520240325e-06 2.2172906877e+01
1.1301209980e-04 1.5312878519e-06 2.2604815324e+01
-1.8363988188e-04 8.8596968857e-05 3.5775324755e+01
3.0854002565e-04 3.0571567739e-06 1.7845921086e+01
1.0454783804e-04 1.0935075721e-04 2.2747195643e+01
1.0507628913e-04 1.5296044999e-06 2.3137651130e+01
-1.2959202148e-04 1.1100531334e-04 3.3490550158e+01
-8.1811272063e-05 1.1535700877e-04 3.2569783287e+01
-1.7291671101e-04 7.1204534607e-05 3.7867592130e+01
-1.7592441752e-04 6.3559822872e-05 3.9012655206e+01
-2.4380420647e-04 4.1420015950e-05 3.6942076026e+01
1.2629496517e-04 7.8033487299e-05 2.1431147075e+01
8.9173998738e-05 1.5315635842e-06 2.5001893922e+01
8.1274694321e-05 1.5198140419e-06 2.6375076241e+01
1.5310658634e-04 1.2396118499e-04 1.7001475973e+01
7.3337330010e-05 1.5151765700e-06 2.8015530361e+01
5.7453091267e-05 1.5047228537e-06 3.1869993587e+01
4.9482913693e-05 1.4999729925e-06 3.3974616081e+01
-1.3077705317e-04 8.4621628937e-05 3.6141276730e+01
-2.4612102770e-04 6.1391365214e-05 3.7006630376e+01
2.6907247371e-04 1.1082843120e-04 1.3962915125e+01
-1.0640788212e-04 1.1194948575e-04 3.3054127051e+01
2.3244062602e-04 1.2410642644e-04 1.4347729254e+01
1.9597857921e-04 1.4321761340e-04 1.4486960582e+01
3.2383803878e-04 3.9176986167e-05 1.4786722542e+01
-2.7665304660e-04 1.5391771659e-06 2.3726211262e+01
-2.7724205810e-04 3.0995079749e-06 2.3258246565e+01
-2.7270749304e-04 1.5291137985e-06 2.6328516536e+01
-2.6480262172e-04 1.5154629265e-06 3.0952713427e+01
-2.6084436271e-04 1.5109329264e-06 3.2966664000e+01
-2.5850426634e-04 4.5751831896e-06 3.3922777984e+01
1.7719453048e-04 1.0759590675e-04 1.6494539577e+01
2.4024396769e-04 9.6798654154e-05 1.4869145556e+01
8.2478729979e-05 1.4326223616e-04 2.0519708869e+01
3.0276826247e-04 1.0699112477e-04 1.3097433777e+01
2.6452945989e-04 2.7079780982e-06 2.2164654866e+01
2.6506102226e-04 5.5075512741e-06 2.1586801148e+01
2.6049955682e-04 2.6755793358e-06 2.2113334447e+01
6.9426827725e-05 1.0786689588e-04 2.1940960061e+01
2.7199959514e-04 1.0407142063e-04 1.4107838440e+01
-2.0359073772e-04 8.6986855328e-05 3.6056775652e+01
2.5249071019e-04 2.4941859707e-06 2.1900598421e+01
2.5296344474e-04 5.1122819770e-06 2.1466598449e+01
2.4848826982e-04 2.4677997913e-06 2.1740691276e+01
2.4814754560e-04 5.5741854319e-05 1.6101870658e+01
-1.6141291815e-04 1.3440865713e-05 4.9280875842e+01
1.5396714344e-04 9.9427382710e-05 1.7017063191e+01
2.1083352485e-04 8.2105357126e-05 1.6061149002e+01
-2.2513612189e-04 1.4782026213e-06 4.4333734323e+01
-2.2116288342e-04 1.4758244011e-06 4.5084948570e+01
2.2455398305e-04 2.0714834270e-06 2.0978804747e+01
2.2055688862e-04 2.0501686662e-06 2.0878672116e+01
2.7100585555e-04 1.2612770531e-04 1.3348204423e+01
2.1396096653e-04 1.3012811755e-04 1.4536219420e+01
1.9429633625e-04 1.2423706552e-04 1.5064511407e+01
-7.1113430795e-05 2.4119304670e-05 4.8959823267e+01
-1.9731144585e-04 1.4663911520e-06 4.8442872893e+01
1.9664843944e-04 1.7642223685e-06 2.0683355082e+01
1.9265373324e-04 1.7515111948e-06 2.0708217316e+01
-1.4836052456e-04 9.9898813697e-05 3.4445648270e+01
1.3865607212e-04 1.2134598179e-04 1.7047815213e+01
1.6872114349e-04 1.5811152844e-06 2.1109290164e+01
1.6472584287e-04 1.5820888513e-06 2.1204018867e+01
1.4078682415e-04 1.5465100709e-06 2.1781618561e+01
1.3680440339e-04 1.5584253943e-06 2.1900785858e+01
-1.3762661970e-04 1.4545441071e-06 5.2445292927e+01
-2.2248291647e-04 8.1458802853e-05 3.6538474872e+01
-2.1860388727e-04 8.9625276019e-05 3.6068320064e+01
-2.1206650247e-04 9.3178529562e-05 3.5811882183e+01
-2.0731730385e-04 9.4435010686e-05 3.5675313489e+01
-2.0491430493e-04 9.3766291422e-05 3.5666906285e+01
2.1347605738e-04 9.7122926951e-05 1.5342003135e+01
4.1511879322e-05 1.5004252572e-06 3.6115834614e+01
-3.8063742672e-05 1.4558601502e-06 5.1311526227e+01
-1.8147652883e-05 1.4613133110e-06 4.9047128883e+01
2.4228968128e-04 6.5036941873e-05 1.5827174718e+01
8.3689549226e-05 1.1448589844e-04 2.2131202551e+01
-1.7688870182e-04 9.2072738554e-05 3.5419404798e+01
-1.8334860683e-04 7.8110260558e-05 3.6856865195e+01
1.4239775540e-04 9.2124685361e-05 1.7021317518e+01
2.3332873992e-04 1.3169193001e-04 1.4095654948e+01
-1.1980730577e-04 1.1256139571e-04 3.3253474006e+01
-1.4701293453e-04 5.3091430042e-05 4.1696023636e+01
2.6399288052e-04 7.6762765515e-05 1.5029859050e+01
-1.5524715150e-04 3.4174971717e-05 4.5419770388e+01
2.3301751155e-04 7.7078684990e-05 1.5566507686e+01
-2.3308024910e-04 1.4831495583e-06 4.2602977476e+01
1.0872003334e-04 1.2094811074e-04 1.8869242531e+01
2.1221238464e-04 8.9594886286e-05 1.5655236641e+01
-1.9333538607e-04 1.4647986512e-06 4.8859856558e+01
-3.0206187283e-04 3.4681273884e-05 1.7179100342e+01
1.6818102653e-04 9.7405784853e-05 1.7004857420e+01
1.2460973982e-04 1.1503718325e-04 1.7012933805e+01
-9.2507705082e-05 1.1560015262e-04 3.2687488128e+01
-2.2931148066e-04 4.2016575871e-05 3.9012455484e+01
2.1028714703e-04 6.1108086467e-05 1.7001308600e+01
1.1819026316e-04 1.4365109548e-04 1.7214810854e+01
-1.5748800798e-04 6.8357420661e-05 3.8540459669e+01
-2.0830728506e-04 8.5553149759e-05 3.6191226033e+01
1.8673120648e-04 9.6397863532e-05 1.6608891463e+01
-2.0320992633e-04 7.1905390531e-05 3.7402357547e+01
-1.7162219449e-04 9.9993843371e-05 3.4784027084e+01
1.8795393994e-04 1.0395510755e-04 1.6023181826e+01
1.3880170884e-04 1.5090074964e-04 1.7106443384e+01
-4.1965563606e-05 1.1971509252e-04 3.2426947958e+01
1.5367439336e-04 1.6187774476e-04 1.4251625361e+01
3.0757674148e-04 8.5220278708e-05 1.3752263534e+01
-3.1419262983e-04 3.4229093282e-05 1.7177756790e+01
-3.1033474978e-04 3.5687050624e-05 1.7184510376e+01
2.6261719338e-04 1.4060392990e-05 1.9825836942e+01
2.4318759731e-04 5.1226338983e-05 1.6591574714e+01
2.8786746567e-04 2.1025366381e-05 1.7017756253e+01
-1.4831312545e-04 3.9135848663e-05 4.4620343770e+01
3.6143201225e-04 3.5556840572e-05 1.2611376046e+01
3.5814289194e-04 3.9179797411e-05 1.2841607175e+01
3.5853808781e-04 4.3289076804e-05 1.2759756713e+01
1.7743943779e-04 8.6490340427e-05 1.7004868592e+01
2.7885257469e-04 9.8134688406e-05 1.4130735637e+01
-8.8220031980e-05 1.0313379636e-04 3.3749875858e+01
-2.0526374728e-04 1.4692140843e-06 4.7504325220e+01
-2.7832358934e-04 1.3360311861e-05 2.1342738654e+01
1.0117998242e-04 1.0787715429e-04 2.2771018947e+01
-1.6208256499e-04 7.2489777683e-05 3.7797277815e+01
-1.6498708336e-04 7.2664841264e-05 3.7737983532e+01
4.6441578700e-05 7.7823489326e-05 2.2585942274e+01
-1.3842248413e-04 8.3011434771e-05 3.6348137833e+01
3.5624071563e-04 2.3176652549e-05 1.2871663283e+01
2.7047264827e-04 4.9472497688e-05 1.5875606907e+01
-3.0593013976e-04 5.0031689833e-05 1.7366206423e+01
-8.1685629199e-05 9.6968476297e-05 3.4702654197e+01
-6.4630462992e-05 1.0489224550e-04 3.3855911047e+01
2.4971421732e-04 6.3099008931e-05 1.5741764117e+01
1.8005042439e-04 8.0416140378e-05 1.7010022806e+01
2.9924062904e-04 7.9898151931e-05 1.4186013364e+01
2.0103235306e-04 5.2990721346e-05 1.7006683550e+01
2.9812066716e-04 7.2274057804e-05 1.4460693485e+01
-3.9047666567e-05 1.3397766568e-05 4.9356690764e+01
-2.8831683624e-04 1.2149706132e-05 1.7198680206e+01
5.2152736423e-05 1.3991644696e-05 3.0564057925e+01
-1.3510640439e-04 4.9283070637e-05 4.2828017797e+01
-7.3560122742e-05 1.3351877866e-05 5.1091433531e+01
-9.4428487567e-06 1.1948067868e-04 3.5954321769e+01
-8.8890414056e-05 1.3349936375e-05 5.1256142108e+01
7.4404368849e-05 8.9592289046e-05 2.2482922141e+01
-7.4113263633e-06 1.0695580716e-04 3.6800218153e+01
4.1124144942e-05 9.3810006898e-05 2.2481797153e+01
-1.1950187936e-04 1.3369408820e-05 5.0883950268e+01
7.6428397883e-05 1.0045960159e-04 2.2299997889e+01
-1.3477228218e-04 1.3389094697e-05 5.0436758189e+01
2.1434185953e-04 6.2038083312e-05 1.7030357282e+01
1.5791662286e-04 1.6488714074e-05 2.1528331999e+01
-1.1895698407e-04 2.4192790588e-05 4.8719024030e+01
9.3892856464e-05 3.1477499086e-06 2.4106151522e+01
-1.6616989057e-04 6.1138658725e-05 3.9644707808e+01
-1.3724583098e-04 2.4265512984e-05 4.8178884079e+01
1.8079681062e-05 1.2324446901e-04 4.1403269420e+01
-9.9628689877e-05 4.2016923155e-05 4.5222309997e+01
2.1301375203e-04 2.1064837130e-05 1.8697177164e+01
-1.9814721912e-04 1.2017290051e-05 4.6825216335e+01
-2.9571693607e-04 8.7588040642e-06 1.7089076911e+01
-2.3197493410e-04 1.2219819965e-05 4.1741940065e+01
1.7267174740e-04 1.0245507685e-04 1.7013550699e+01
2.4502409505e-04 2.4122912099e-05 1.8600423599e+01
9.2854745887e-05 1.3583985121e-04 2.0395702664e+01
1.4629551741e-04 1.5078747687e-04 1.7026119198e+01
3.6138682194e-05 8.6335539756e-05 2.2730955743e+01
1.2253867039e-04 9.4828440269e-05 1.9770290616e+01
-7.1278800898e-05 1.1107257187e-04 3.2923899346e+01
1.0880710407e-04 1.3130142413e-04 1.7011189526e+01
1.3971630256e-04 9.7730022801e-05 1.7021744948e+01
1.5395808164e-04 1.5045763333e-04 1.5462894416e+01
1.0977768462e-04 9.9301073404e-05 2.2867982722e+01
2.0752813880e-04 1.4300002843e-04 1.4248437733e+01
2.1040270960e-04 1.3279327393e-04 1.4530843968e+01
1.9652394143e-04 4.9344084051e-05 1.7133291616e+01
8.0727547805e-05 1.3434113100e-04 2.1375429310e+01
8.4054731100e-05 1.2355946090e-04 2.1884656840e+01
-2.0826939146e-04 4.2563556388e-05 4.0943110926e+01
-1.5051935880e-04 4.2595147496e-05 4.3803588513e+01
1.9859833505e-04 1.2927181129e-04 1.4852754348e+01
3.1673339970e-04 9.8514479260e-05 1.2912940505e+01
2.0164610991e-04 5.6121402086e-05 1.7043395967e+01
-1.0980018999e-04 9.7711980146e-05 3.4371642664e+01
-1.6919612294e-04 6.1282099356e-05 3.9549384383e+01
-1.6950636479e-04 4.1238317906e-05 4.3364492254e+01
1.6162336692e-04 1.4987180582e-04 1.5082253811e+01
1.6639502376e-04 8.6535746343e-05 1.7019438883e+01
-2.1774024897e-04 6.3177277248e-05 3.7985294300e+01
-1.9955811864e-04 6.7363434525e-05 3.7979434481e+01
-1.5962539673e-04 5.3459915667e-05 4.1267382879e+01
1.2814565578e-04 1.4902155217e-04 1.7261179874e+01
-1.2826339695e-04 9.6526933256e-05 3.4566987193e+01
3.0991813094e-04 7.4347141690e-05 1.4050138261e+01
-2.4945126782e-04 4.2127075345e-05 3.5896534365e+01
-1.9048297856e-04 7.4682696146e-05 3.7219661522e+01
-6.0091465723e-05 5.0418142256e-05 4.3527393176e+01
2.5226606534e-04 5.6580995508e-05 1.5955408920e+01
2.4732854327e-04 5.2080625036e-05 1.6227352446e+01
2.3419728780e-04 4.6166722889e-05 1.7042465777e+01
-3.3094370685e-04 3.5456483688e-05 1.7002781260e+01
1.4962647337e-04 1.2616410630e-04 1.7009610886e+01
3.1768767033e-04 7.5729568576e-05 1.3737459190e+01
-2.6509529037e-04 1.9916856181e-05 2.9627418406e+01
-1.7491305408e-04 8.5579343415e-05 3.6017986065e+01
-1.9157230887e-04 8.9585346024e-05 3.5761496937e+01
1.8198694294e-04 7.0927134992e-05 1.7034489423e+01
-1.5515512210e-04 9.0087514427e-05 3.5436594663e+01
-3.5214429581e-05 1.3407468529e-05 4.9009376112e+01
1.8243162150e-05 1.3682496887e-05 3.9787322209e+01
1.9641433430e-04 1.1024713758e-04 1.5386334687e+01
2.0326752643e-04 1.0505432747e-04 1.5355434839e+01
-2.1948347235e-04 1.6886815234e-05 4.3433274249e+01
2.1595295767e-04 6.9365828032e-05 1.6514476340e+01
-2.2095253601e-04 6.7892312002e-05 3.7504930509e+01
2.6562494561e-04 1.1375098445e-04 1.3950712088e+01
-2.5812415618e-04 6.4600496093e-05 3.6718181630e+01
6.5785751094e-05 1.2657215182e-04 1.8694763189e+01
-2.5469635540e-04 1.5887730015e-05 3.4631462066e+01
2.7543336452e-04 1.0111058100e-04 1.4119347346e+01
2.1220962415e-04 1.1494134904e-04 1.4916950142e+01
-1.8212871086e-04 5.6239114239e-05 4.0068823937e+01
-1.0865634291e-04 5.7697510099e-05 4.1627288405e+01
3.5525228358e-04 4.6838358532e-05 1.2903748309e+01
3.1243739195e-04 4.1482655304e-05 1.5081422131e+01
-9.2171039154e-05 1.0526624361e-04 3.3484984511e+01
2.1822307947e-04 8.0509046235e-05 1.5846559255e+01
-3.4367242849e-06 1.2224852372e-04 3.7356776155e+01
-3.5332237475e-04 2.6002657924e-05 1.3143215101e+01
2.0524409027e-04 1.2024489745e-04 1.4929439290e+01
-2.5342813230e-04 6.3211327633e-05 3.6757790942e+01
8.8610219053e-05 1.0538733563e-04 2.2474676851e+01
2.5222982527e-04 1.2907244070e-04 1.3745288827e+01
2.8216694339e-04 6.9424548080e-05 1.4920619635e+01
2.8120020251e-04 2.6856104262e-05 1.7118919658e+01
2.4431605232e-04 1.2712336087e-04 1.4004878078e+01
3.0419733174e-04 8.8339412166e-05 1.3752482338e+01
1.0489156578e-04 1.1261885548e-04 2.3089116995e+01
-3.2340933073e-04 2.3625838437e-05 1.7073135535e+01
1.1495352981e-04 1.4187184256e-04 1.7189982290e+01
2.4178442530e-04 8.2713817550e-05 1.5210517518e+01
-2.3753196937e-04 3.4937641026e-05 3.8299719599e+01
2.3417635033e-04 1.3926977774e-04 1.3792404509e+01
2.3843431045e-04 1.1095210611e-04 1.4572937191e+01
-1.6293359522e-04 9.6973677652e-05 3.4863459953e+01
-1.3359530952e-04 2.4249015831e-05 4.8301833107e+01
2.9564942726e-04 5.7218717462e-05 1.5008208633e+01
1.6903083878e-04 1.4149121065e-04 1.5279259766e+01
2.2623562851e-04 1.3717936090e-04 1.4058831366e+01
-1.0169992283e-04 6.1183878087e-05 4.1024039610e+01
1.3558240138e-04 1.3816447105e-04 1.7112471890e+01
1.4243830720e-04 1.5271178116e-04 1.7095390511e+01
2.5721785030e-04 1.0812528431e-04 1.4305551716e+01
2.2186724213e-04 1.3232340862e-04 1.4317090047e+01
2.1830691569e-04 1.3502514841e-04 1.4304222039e+01
8.9616506182e-05 1.3726988485e-04 2.0985051789e+01
8.6980824636e-05 1.2530320554e-04 2.2090873080e+01
1.1199753638e-04 1.3307991649e-04 1.7115222393e+01
9.9338926623e-05 1.2936335096e-04 2.0872866527e+01
1.2520851515e-04 1.3657692124e-04 1.7169802286e+01
-9.6069724496e-05 1.0742567282e-04 3.3273958577e+01
3.0367153961e-04 5.8474185213e-05 1.4755303654e+01
1.9503342651e-04 1.3185030564e-04 1.4861133191e+01
7.0165057913e-05 8.3453097309e-05 2.2535653198e+01
-9.0605125880e-05 1.0727404469e-04 3.3271299597e+01
2.0288815831e-04 1.3426736636e-04 1.4636652629e+01
-1.8454428061e-04 8.2380196577e-05 3.6377823069e+01
-1.3356711118e-04 7.8863842879e-05 3.7039089848e+01
1.6931227378e-04 1.0485027562e-04 1.6987402163e+01
1.5022713025e-04 9.8109335394e-05 1.7020931107e+01
-1.4854812853e-04 9.3705026381e-05 3.5007340518e+01
-1.1303355730e-04 6.8707826676e-05 3.9234412162e+01
1.2451448527e-04 8.6348451819e-05 2.0739657639e+01
1.7823018713e-04 2.0326207555e-05 1.9715382505e+01
1.4135810002e-04 1.1189166036e-04 1.7030151052e+01
-5.6349197494e-05 3.0482527233e-05 4.7256506526e+01
-2.0077401642e-04 3.8597071440e-05 4.2117463400e+01
-2.1258873899e-04 6.4642095851e-05 3.7989127525e+01
3.6217939208e-04 4.3869028668e-05 1.2504696400e+01
-3.5322443191e-05 1.1783927279e-04 3.3040688176e+01
1.6554032593e-04 1.5513802760e-04 1.4585767073e+01
6.2411164876e-05 3.1148468022e-06 3.0300274634e+01
2.1462652650e-04 1.0468167863e-04 1.5105059833e+01
2.6327086853e-04 1.6937756784e-05 1.9228849695e+01
2.2452887533e-04 1.2201705815e-04 1.4549147855e+01
4.3713216103e-05 8.5864164877e-05 2.2526257497e+01
3.1772948593e-05 9.5856962732e-05 2.9080596258e+01
-1.1711317882e-04 9.5990022471e-05 3.4590467158e+01
1.0330810998e-04 9.9805803597e-05 2.2793358733e+01
1.5763578563e-04 1.4072318434e-04 1.6081400094e+01
-6.7423431404e-05 2.4121900024e-05 4.8873329068e+01
-8.0890713494e-05 1.0912563095e-04 3.3084735454e+01
1.9273342784e-04 8.7598517042e-05 1.6876915989e+01
-2.1039442829e-04 5.2262528481e-05 3.9486920751e+01
-1.6273173370e-04 1.9649447606e-05 4.8041781426e+01
2.5476379191e-04 1.1860641366e-04 1.4046917267e+01
6.3482092511e-05 1.0302894168e-04 2.2101417620e+01
-1.6890653488e-04 8.9010877677e-06 4.9652988654e+01
9.5553002972e-05 1.4120949228e-04 1.9014283627e+01
-1.0995169069e-04 5.9509251704e-05 4.1211523211e+01
-1.7378492923e-04 1.9705693428e-05 4.7413130158e+01
2.0574332110e-04 2.2970916797e-05 1.8577871265e+01
-1.5085329601e-04 6.0524388107e-05 4.0105420766e+01
-2.1640817222e-04 2.6810350761e-05 4.2432654945e+01
2.9454969309e-04 3.2078385207e-05 1.6018520890e+01
3.8586876839e-05 7.8444588594e-05 2.2593481421e+01
-2.5780036801e-04 4.1262714673e-05 3.3917525851e+01
8.8958129068e-05 1.0837755752e-04 2.2446378333e+01
1.9313432879e-04 7.0415989230e-05 1.7013820265e+01
2.4711798198e-04 6.9627786615e-05 1.5544273822e+01
-1.7147187198e-04 6.7180777993e-05 3.8511488938e+01
-1.5761602097e-04 1.3431694793e-05 4.9477379984e+01
-1.0601026924e-04 5.4116238840e-05 4.2457317403e+01
-1.2645319982e-04 5.0889343389e-05 4.2702165535e+01
-4.9004798103e-05 2.7320296139e-05 4.7496596937e+01
1.7163529614e-04 7.4788243911e-05 1.7039037832e+01
2.6530594202e-04 6.2682135966e-05 1.5461940379e+01
2.5321145295e-04 8.1692534559e-05 1.5059256571e+01
-2.9636663153e-04 3.5110359526e-05 1.7139888128e+01
-1.4717029031e-04 4.2538321410e-05 4.3927332880e+01
-1.0583457409e-05 1.5030991742e-05 4.5541959722e+01
-1.4851607164e-04 6.7950785367e-05 3.8754777362e+01
2.4098035958e-04 2.3754810769e-05 1.8609933516e+01
9.0532799024e-05 9.7786588910e-05 2.2595823355e+01
-4.5530730359e-05 3.0527132515e-05 4.6680801201e+01
-1.6618502473e-04 4.1165620972e-05 4.3518463840e+01
2.8204386730e-04 1.1900351060e-05 1.8014147640e+01
-2.8295361782e-04 3.5488013606e-05 1.9730325023e+01
-1.7527231771e-04 5.4038256077e-05 4.0677345884e+01
-2.2311754691e-04 1.6932405968e-05 4.2842995349e+01
2.2746054385e-04 6.8682632722e-05 1.6086277059e+01
2.0524471680e-04 7.3573236370e-05 1.6899389700e+01
2.1149784174e-04 1.4413859296e-04 1.4115753495e+01
-2.0874722770e-04 3.3537988627e-05 4.2263774579e+01
-1.5375055914e-04 1.0034353175e-04 3.4486828812e+01
-1.4942936014e-04 3.0804093577e-05 4.6361258578e+01
2.1221483974e-04 5.1861598945e-05 1.7044091987e+01
1.5239731693e-04 8.8835796513e-05 1.7031712699e+01
2.8906751375e-04 8.9102248917e-05 1.4162343149e+01
2.6381282541e-04 5.5309906160e-05 1.5771618628e+01
2.8865281135e-04 2.4360844320e-05 1.6927451450e+01
-2.2497942114e-04 5.5703090363e-05 3.8313906184e+01
2.2585964681e-04 6.1307775567e-05 1.6592769160e+01
3.4514444166e-04 2.6261468514e-05 1.4047060760e+01
3.4906733559e-04 2.6534448966e-05 1.3675832109e+01
2.8330264496e-04 1.0279716442e-04 1.3866193112e+01
-1.9053234195e-04 6.4549574087e-05 3.8540762527e+01
2.9191641129e-04 8.2236647639e-05 1.4306382996e+01
-2.7850921656e-04 5.4201458377e-05 3.2637335031e+01
1.8364216314e-04 1.3181886614e-04 1.5136256504e+01
-2.5816529421e-04 1.5999622441e-05 3.3166824491e+01
2.0701879941e-04 4.5203048003e-05 1.7201935238e+01
2.7608144790e-04 5.7542228683e-05 1.5440834615e+01
-3.0878948321e-04 1.9457062315e-05 1.7084934051e+01
2.4584970202e-04 1.0910997759e-04 1.4490983659e+01
-2.6429537668e-04 3.1651369604e-05 3.0515641981e+01
1.1138354744e-04 1.1239965993e-04 2.0354157522e+01
3.6759888672e-04 2.4013174352e-05 1.1677615089e+01
-2.3590625089e-04 5.9398556741e-05 3.7521428724e+01
-2.4894057173e-05 1.1834211136e-04 3.3832644905e+01
3.2173057142e-04 2.8061067363e-05 1.5331794766e+01
-2.0146717867e-04 8.8844463190e-05 3.5909987984e+01
-1.6575489247e-04 7.4691435097e-05 3.7424754066e+01
-2.8141956033e-04 3.0363399464e-05 1.9017499190e+01
2.3018153547e-04 4.5551157237e-05 1.7040954976e+01
7.5176574907e-05 1.3343013331e-04 2.0172535357e+01
-2.4917934390e-04 2.4479128123e-05 3.6048208782e+01
-1.7954992776e-04 9.2371943905e-05 3.5423075757e+01
2.3503216305e-04 8.8299745251e-05 1.5164423597e+01
3.1017070203e-05 9.3614154167e-05 2.8592705733e+01
2.7941677320e-04 7.6182521770e-05 1.4770448950e+01
2.7192539561e-04 2.0255994359e-05 1.7996137506e+01
1.8331542532e-04 1.2800425759e-04 1.5258131021e+01
-2.4365619452e-04 5.6362819303e-05 3.7062363326e+01
2.9402732730e-04 9.7574605274e-05 1.3742276490e+01
1.8728529382e-04 7.9047139959e-05 1.7003842709e+01
2.5838871279e-04 3.0981133108e-05 1.7229510352e+01
3.1194062640e-04 8.9868886155e-05 1.3432898333e+01
2.7310299259e-04 2.6153168735e-05 1.7104086538e+01
2.5503960736e-04 9.2974120674e-05 1.4736046362e+01
1.0674726902e-04 1.0114202311e-04 2.2803186039e+01
-2.8529322667e-04 8.2776365976e-06 1.6870725724e+01
2.7408818482e-04 1.1676657307e-05 1.9322226396e+01
-3.3323626955e-04 1.2755738909e-05 1.7034202594e+01
-2.5137564395e-04 5.5665552007e-05 3.6376134835e+01
2.5063251640e-04 4.9262743511e-05 1.6287944020e+01
2.7380684890e-04 8.9700120258e-05 1.4490915387e+01
6.2995736702e-05 1.0045471543e-04 2.2182335873e+01
2.2979285424e-04 1.3444467095e-04 1.4078380397e+01
-3.0455198724e-04 1.3691824270e-05 1.7059560926e+01
1.0194870537e-04 1.4152703029e-04 1.7667879483e+01
-1.8994350906e-04 8.2979603578e-05 3.6324983800e+01
2.9452842719e-04 1.0143505354e-04 1.3588541617e+01
-1.5951080265e-04 4.1032036957e-05 4.3810402170e+01
-2.9623106914e-04 5.0762862144e-06 1.7055184427e+01
2.9795696632e-04 1.2270559863e-05 1.7134151081e+01
2.6237056741e-04 3.1294440295e-05 1.7125518298e+01
2.8582619285e-05 1.0149152870e-04 3.2445770642e+01
3.2630218659e-04 8.5059672133e-05 1.3052944540e+01
3.2447573812e-04 4.2933483831e-05 1.4624338386e+01
2.9269694680e-04 6.1991457183e-06 1.7483827336e+01
-6.6769312855e-05 5.0405760292e-05 4.3613021538e+01
2.7343254893e-04 6.4214152747e-05 1.5259187776e+01
2.8420727444e-04 5.8948847081e-05 1.5219400211e+01
-9.9275331620e-05 1.0343039413e-04 3.3691315311e+01
2.5380286269e-04 6.3946741403e-05 1.5627288900e+01
2.1619166574e-04 5.2554434707e-05 1.7045620322e+01
2.9262853246e-04 1.1620478686e-04 1.3072821811e+01
-1.4589694994e-04 3.0774037522e-05 4.6500232931e+01
-2.9283847491e-04 5.3146002120e-05 2.9065298354e+01
2.3359764140e-04 2.5845653816e-05 1.8347174312e+01
2.9944207055e-04 1.8718433312e-05 1.6845383643e+01
1.7810481720e-04 6.9972710345e-05 1.7040590737e+01
3.2583921212e-04 8.1090701676e-05 1.3223982955e+01
3.2262257350e-04 1.3853877621e-05 1.6188590013e+01
7.3075962578e-05 1.2012063383e-04 2.1223078913e+01
2.6222171737e-04 4.7989553101e-05 1.6125320234e+01
3.3242741919e-04 2.1722365206e-05 1.5198349364e+01
2.8820648480e-04 1.1134518660e-04 1.3413577518e+01
-1.7010444405e-04 1.9685252118e-05 4.7634688676e+01
-1.3747362058e-04 9.2981582416e-05 3.5016422181e+01
-7.8854793869e-05 9.6928266503e-05 3.4761065555e+01
2.8512602811e-04 8.8316721094e-05 1.4284241620e+01
9.6165603933e-05 1.2749897099e-04 2.2908091373e+01
1.3558289050e-04 1.3449017877e-04 1.7099042640e+01
2.1184453337e-04 6.8323540117e-05 1.6856166377e+01
7.5493344888e-05 1.3042316634e-04 2.0621409722e+01
-3.2169986556e-04 2.6628315357e-05 1.7105000938e+01
-2.8083760642e-04 1.9377680057e-05 1.8646010824e+01
1.2185773483e-04 1.3482455273e-04 1.7167025005e+01
2.5922106178e-04 1.6704456545e-05 1.9463514843e+01
-2.7144107261e-04 2.0399694876e-05 2.5896445401e+01
-1.5770757751e-04 2.7615626852e-05 4.6685936208e+01
2.8870070615e-04 4.1837220395e-05 1.5756501073e+01
3.4907253563e-04 5.7876265975e-05 1.2953166059e+01
-1.6521854624e-04 3.9415839878e-05 4.3916739538e+01
-1.9675547579e-04 6.7093589492e-05 3.8067782947e+01
2.8278810175e-04 9.8965304828e-05 1.4006803533e+01
-1.1917399766e-04 6.8856366969e-05 3.9088356873e+01
2.8045122187e-04 4.0584074916e-05 1.6028887393e+01
-3.6620770507e-04 3.4720041930e-06 1.8290768116e+01
1.9128734361e-04 8.0175482155e-05 1.6984398561e+01
-1.8103719933e-04 3.8022048501e-05 4.3448182477e+01
2.5081050036e-04 1.1765947532e-04 1.4162667220e+01
2.7540890683e-04 7.5413886274e-05 1.4870640800e+01
2.7712480773e-04 4.3565867399e-05 1.5974474064e+01
2.8535015979e-04 2.7365878648e-05 1.6618621941e+01
-3.4337510957e-04 2.2526371930e-05 1.6866971830e+01
2.6525093811e-04 8.4266562751e-05 1.4797879810e+01
-1.8250268297e-04 2.7873217541e-05 4.5313133494e+01
2.5844880196e-04 9.0087217897e-05 1.4755068532e+01
-1.0587880805e-04 9.5560124645e-05 3.4661489195e+01
2.8133989124e-04 1.1731846141e-04 1.3392603251e+01
2.1951603959e-04 5.0015418695e-05 1.7049748150e+01
2.5658931793e-04 7.8819941494e-05 1.5088329310e+01
-3.3446562508e-04 2.3733967995e-05 1.7001355118e+01
-3.6073266665e-04 1.4256180336e-05 1.4425829429e+01
8.6929268606e-05 1.2214903091e-04 2.2122977524e+01
-3.0865709985e-04 1.1860040471e-05 1.7048602399e+01
2.8536549768e-04 4.4870192595e-05 1.5718913272e+01
1.1202512313e-04 1.2955774324e-04 1.7088440781e+01
3.0975838889e-04 4.8400340282e-05 1.4917854461e+01
-2.6893832923e-04 3.8950517887e-05 2.9770009940e+01
-1.5020017299e-04 5.3178864502e-05 4.1590821308e+01
1.5935153877e-04 8.7711798298e-05 1.7026433510e+01
2.6244391159e-04 9.0955344431e-05 1.4666338423e+01
3.1840373874e-04 3.1330162815e-05 1.5295052688e+01
-3.3668363643e-04 1.3375396950e-05 1.6999667182e+01
3.1376791139e-04 4.8942775109e-05 1.4777107819e+01
3.0703948536e-04 5.5321331684e-05 1.4764185484e+01
3.6662531361e-04 1.5922730269e-05 1.0878731042e+01
2.4188448443e-04 1.0814485339e-04 1.4581737159e+01
3.3514492038e-04 3.6661743717e-05 1.4387460917e+01
9.6078364475e-05 1.2413956264e-04 2.2567100951e+01
3.1145074197e-04 8.5967659403e-05 1.3593734931e+01
-1.9743580891e-04 8.1778177692e-05 3.6449693591e+01
1.4566677966e-04 1.2081457352e-04 1.7024890474e+01
-9.4919035125e-05 1.0534126529e-04 3.3478208838e+01
2.7695104723e-04 1.1259014051e-04 1.3698242729e+01
2.7323293334e-04 8.5916019542e-05 1.4609156017e+01
4.9339425600e-05 8.7200165914e-05 2.2485520842e+01
-2.0484716057e-04 1.6751453565e-05 4.5368502736e+01
1.9606274359e-04 8.5049174209e-05 1.6810328371e+01
-9.5331061603e-05 6.1102713478e-05 4.1164678230e+01
2.5533563397e-05 9.2581977885e-05 3.0689023148e+01
-3.7244916424e-04 7.6743689247e-06 1.3241675853e+01
7.0386924254e-05 1.2975937601e-04 2.0432545193e+01
2.8350526405e-04 5.5245205793e-05 1.5365131605e+01
2.7349710835e-04 1.1554433106e-04 1.3686377583e+01
2.7272882678e-04 6.0508025612e-05 1.5400674828e+01
2.5854939511e-04 1.3838893572e-05 2.0019682283e+01
-1.7865222703e-04 7.1617624971e-05 3.7738049516e+01
1.8072101729e-04 8.4029672367e-05 1.7004424633e+01
-1.9599856283e-04 5.3208205486e-05 4.0048522451e+01
-1.9425733370e-04 3.8379918757e-05 4.2603746538e+01
-1.2667589012e-04 1.0464892509e-04 3.3797537442e+01
1.5558691632e-04 8.6547843743e-05 1.7032978993e+01
-1.0139823379e-04 9.7422929167e-05 3.4427273317e+01
-2.4053013730e-04 1.5559341604e-05 3.9305512008e+01
2.7648008594e-04 2.3390148590e-05 1.7202887287e+01
-2.2179217599e-04 3.4037793880e-05 4.0767033605e+01
3.6135853170e-04 7.9996602189e-06 1.0667912482e+01
3.5678408188e-04 2.7106469686e-05 1.2909225531e+01
-1.1990927845e-04 9.6113953940e-05 3.4580528088e+01
-1.7908632204e-04 5.6085613430e-05 4.0191454839e+01
-7.2896485843e-05 1.0493086702e-04 3.3678425155e+01
5.1486397611e-05 8.5513969820e-05 2.2499010193e+01
2.8046651754e-04 2.3618720093e-05 1.6993548136e+01
-1.8436332560e-04 3.8103318037e-05 4.3251344648e+01
-8.1655623656e-05 5.2162581213e-05 4.3244987140e+01
-9.2142248678e-05 6.1068732428e-05 4.1230261998e+01
1.2520531321e-04 1.2934634666e-04 1.7117672714e+01
1.5008957135e-04 1.5253242131e-04 1.5818159374e+01
-1.3838835353e-04 1.0124609574e-04 3.4210580421e+01
-2.4872118507e-04 2.0880939014e-05 3.6415263510e+01
-2.1807640125e-04 3.2090610971e-05 4.1477568176e+01
3.3296253316e-04 7.8598140457e-05 1.3009474051e+01
-1.3030478183e-04 6.7300200297e-05 3.9191204182e+01
3.3166407588e-04 1.8050221465e-05 1.5472170351e+01
-8.4964391689e-05 5.2178874247e-05 4.3211181999e+01
-7.6919569551e-05 1.0701529985e-04 3.3351802208e+01
-2.4894356758e-04 5.2906079718e-05 3.6466630754e+01
2.5996417702e-04 7.5931256323e-05 1.5119560951e+01
2.3438506352e-04 8.4549858093e-05 1.5285119293e+01
-2.3316667200e-04 5.6794742705e-05 3.7767281285e+01
1.0306925239e-04 6.6763243912e-05 2.2840565701e+01
1.7103096099e-04 7.1432433094e-05 1.7039121732e+01
2.0838303576e-05 9.3854958649e-05 3.2707343007e+01
2.7943112178e-04 5.4558867935e-05 1.5480235348e+01
3.2181460535e-04 1.0210370534e-05 1.6671542917e+01
2.1416555440e-04 7.9452286234e-05 1.6053354153e+01
-2.7498429932e-04 1.3178963437e-05 2.3761919912e+01
-1.4165321615e-04 4.9408468379e-05 4.2620763319e+01
-2.1745259414e-04 6.1047556317e-05 3.8193810462e+01
2.5109574385e-04 1.6165486805e-05 1.9600156603e+01
-1.7579201328e-04 7.1406042807e-05 3.7802772786e+01
1.8400289418e-04 8.1548185163e-05 1.7004064145e+01
2.8452753411e-04 2.3939664881e-05 1.7101759998e+01
2.6753291189e-04 9.9395766887e-05 1.4343168828e+01
-2.1085889697e-04 8.5989874367e-05 3.6181254663e+01
5.7234073438e-05 8.6985559569e-05 2.2465253765e+01
-9.5779397471e-05 9.7261983739e-05 3.4483742421e+01
-2.9159279282e-04 1.2397617180e-05 1.7073168523e+01
2.7264063569e-04 8.2143434854e-05 1.4726888474e+01
-2.0711339867e-04 7.8812483120e-05 3.6709177798e+01
-1.6185595533e-04 3.9353345990e-05 4.4067874905e+01
3.3250943764e-04 7.4600085575e-05 1.3180122092e+01
-2.4023681820e-04 3.1351816191e-05 3.7990374779e+01
2.8852318209e-04 8.5286235055e-05 1.4295717289e+01
3.2104951425e-04 7.2518126514e-05 1.3726763077e+01
9.6780053059e-05 6.7887024570e-05 2.2800875736e+01
-1.6313063046e-04 6.1002386990e-05 3.9738904036e+01
2.6065857001e-04 1.0523545401e-04 1.4317560734e+01
2.4139395410e-05 8.2155051614e-05 2.8673911469e+01
1.5503492514e-04 8.3127910548e-05 1.7036968052e+01
-2.7158596584e-04 1.3024258388e-05 2.6096672929e+01
1.5778949219e-04 1.5207782493e-04 1.5100811302e+01
-6.7279126843e-05 1.0899034940e-04 3.3224862340e+01
-1.4044847589e-04 4.2433694925e-05 4.4163223650e+01
3.0615642311e-04 1.0390637235e-04 1.3099398777e+01
3.2782997076e-04 3.9616628317e-05 1.4614522905e+01
2.4704711180e-04 1.5877594936e-05 1.9558969941e+01
3.0323471231e-04 1.1094835496e-04 1.2916474118e+01
2.5616574370e-04 1.0053534594e-04 1.4526802451e+01
-1.3841039735e-04 8.8994523761e-05 3.5509544931e+01
-1.9791263503e-04 4.9520283566e-05 4.0532204573e+01
-1.9860134588e-04 6.3215424685e-05 3.8527064217e+01
2.1804704455e-04 1.0199218020e-04 1.5106784001e+01
-1.1886367118e-04 9.4052014006e-05 3.4837680839e+01
6.0755546834e-05 9.0279536266e-05 2.2410483795e+01
-1.9521744580e-04 6.0943102741e-05 3.8931582446e+01
1.5307452818e-05 9.3036581438e-05 3.4067391968e+01
1.5132905445e-04 8.2053138675e-05 1.7041157406e+01
2.4639928550e-04 1.3074721323e-05 1.9920004818e+01
3.1764741056e-04 2.7665580464e-05 1.5489403595e+01
-2.2425082156e-04 7.5054389659e-05 3.6955292652e+01
-2.1531328465e-04 3.3768531253e-05 4.1560655526e+01
2.4705153107e-04 9.1153137313e-05 1.4903558251e+01
2.2256892686e-04 1.0684869808e-04 1.4916297896e+01
-1.1576799457e-04 1.0407657082e-04 3.3720584083e+01
-1.8072228852e-04 5.2419159716e-05 4.0781013238e+01
-1.6287559458e-04 7.4506956121e-05 3.7477856301e+01
3.7088023960e-04 2.0209547899e-05 1.0967255355e+01
2.2600320175e-04 1.0411699957e-04 1.4921192032e+01
3.2054637501e-04 6.8625417893e-05 1.3881759892e+01
6.5990387371e-05 8.9459236610e-05 2.2433719078e+01
1.6028099700e-04 7.1929717500e-05 1.7010697558e+01
2.9585398127e-04 8.2986374818e-05 1.4179359060e+01
3.3959576893e-04 7.2025537083e-05 1.2945856116e+01
2.3050435898e-04 1.0893704548e-04 1.4745915691e+01
-2.1402888602e-04 5.6568152404e-05 3.8794675119e+01
-1.5920270114e-04 5.8968869917e-05 4.0209946157e+01
2.3791778659e-04 1.0716435520e-04 1.4668594286e+01
-2.0908273185e-04 6.0142596372e-05 3.8589535674e+01
2.0117132506e-04 7.2494076621e-05 1.7010417016e+01
2.3899936813e-04 1.5282677529e-05 1.9495983511e+01
-6.3164356799e-05 1.1104788365e-04 3.3029747495e+01
1.5973527904e-04 6.8775922322e-05 1.7082647177e+01
2.2699017353e-04 8.6310365738e-05 1.5377599127e+01
6.9513040957e-05 9.2980443030e-05 2.2386056280e+01
8.5879656790e-05 6.3144136405e-05 2.2749480675e+01
-2.1775621160e-04 8.2786386595e-05 3.6430490224e+01
-1.5790947729e-04 7.6179527324e-05 3.7266122489e+01
-6.0462274469e-05 1.1105512158e-04 3.3081593551e+01
2.0041879019e-04 6.8874220069e-05 1.6994386982e+01
-2.9918416362e-04 8.9546070368e-06 1.7088706858e+01
2.3837582936e-04 1.2545575414e-05 1.9861892497e+01
-1.6538146460e-04 8.8855821718e-05 3.5627568181e+01
3.3915691262e-04 6.8000804312e-05 1.3114574428e+01
3.3117998716e-04 3.6266237379e-05 1.4595682472e+01
2.5966619768e-04 1.2716932811e-04 1.3625083924e+01
7.9946909985e-05 6.4337650052e-05 2.2715844307e+01
-2.7583392468e-04 5.5727928452e-05 3.3685005929e+01
2.5500338656e-04 3.3602287054e-05 1.7237512579e+01
5.1971794903e-05 9.6825311726e-05 2.2300863956e+01
1.9641163422e-04 6.7880704705e-05 1.7017207527e+01
7.7466433659e-05 9.0566668610e-05 2.2497570474e+01
1.5285887324e-04 7.0165360972e-05 1.7429991162e+01
2.5101294974e-04 3.3250876665e-05 1.7177437538e+01
-2.2134831259e-04 3.2216825213e-05 4.1053131065e+01
1.0744227653e-05 8.2443507371e-05 3.3730933893e+01
2.9530446497e-04 7.9167835527e-05 1.4316006658e+01
3.1688296668e-06 8.9605745606e-05 3.5940752775e+01
-5.5063474598e-05 1.1109370280e-04 3.3213496049e+01
8.1076951588e-05 9.4355655707e-05 2.2484407417e+01
2.6865487467e-04 5.9757583985e-05 1.5505735357e+01
2.3040144745e-04 1.2021229096e-05 1.9835028087e+01
7.8564580467e-06 8.2142992180e-05 3.4449312437e+01
7.3425848359e-05 6.3103947854e-05 2.2694127518e+01
4.3185011985e-05 1.0077321206e-04 2.5216495446e+01
2.4363779736e-04 3.5427368414e-05 1.7249196055e+01
-2.2497010114e-04 8.1974596386e-05 3.6524309919e+01
7.4954470149e-05 9.2276097462e-05 2.2444292655e+01
-2.0008120219e-04 8.2130706493e-05 3.6421877752e+01
1.9505789005e-04 6.1060346647e-05 1.7042225675e+01
3.4620959144e-04 6.5346918172e-05 1.2853429710e+01
1.4852809124e-04 6.6220042797e-05 1.8425720285e+01
-1.5211631216e-04 7.5850177093e-05 3.7364988259e+01
8.6852849966e-05 9.3730355759e-05 2.2576976023e+01
-9.0513008081e-05 9.3151744450e-05 3.5163256083e+01
-2.5128704938e-06 8.9092987521e-05 3.6592960041e+01
6.9464478733e-05 6.0168781204e-05 2.2693967194e+01
-4.9674182240e-05 1.1116617165e-04 3.3386796440e+01
-2.9990635834e-04 5.1840525491e-06 1.7051732516e+01
2.9473871555e-04 7.5363531872e-05 1.4450496408e+01
2.6791151772e-04 5.6071708853e-05 1.5659613488e+01
2.8382713417e-04 2.0780500306e-05 1.7023091931e+01
3.4823742385e-05 3.0583518680e-06 3.7615460663e+01
2.3963163825e-04 3.5009951200e-05 1.7506938045e+01
-1.6904501682e-04 3.4365879817e-05 4.4777552881e+01
2.1909030786e-04 1.3810935595e-05 1.9505978777e+01
6.3837349825e-05 6.1444559159e-05 2.2675846386e+01
1.4167049019e-04 6.7520068655e-05 1.9320626925e+01
-7.1701339455e-06 9.0711606766e-05 3.6979486701e+01
2.6714396972e-04 5.2399497017e-05 1.5823549150e+01
-2.3877403187e-04 7.1264455741e-05 3.7180852949e+01
3.4948457849e-04 6.1966345520e-05 1.2794054043e+01
-1.8309499708e-04 6.7961322437e-05 3.8197113926e+01
1.9571799864e-04 6.4414808525e-05 1.7032394426e+01
-1.5791129058e-04 9.0299962737e-05 3.5429851989e+01
2.3897417417e-04 3.2071559937e-05 1.7797627266e+01
6.0687826289e-05 6.0941332532e-05 2.2673131829e+01
-2.2416554012e-04 3.0543103626e-05 4.0880376025e+01
2.6635150463e-04 4.8740392254e-05 1.5990346839e+01
1.4101132419e-04 6.4521360863e-05 1.9795208547e+01
2.4637972411e-04 6.5924770261e-05 1.5698959598e+01
2.1117927059e-04 1.3256134456e-05 1.9584003452e+01
-1.9279378815e-04 3.4834285323e-05 4.3332782078e+01
-1.5631077687e-04 8.6092096918e-05 3.5906054600e+01
-1.3960058333e-05 8.8281175749e-05 3.7345488453e+01
-3.4913709006e-04 1.9949113963e-05 1.5791069972e+01
2.3160119404e-04 3.4117427855e-05 1.7685116116e+01
-1.4136416400e-04 7.7264126285e-05 3.7232214746e+01
-3.8932609708e-05 1.1142035053e-04 3.3875737393e+01
2.3896235653e-04 6.7826074839e-05 1.5790600294e+01
2.8658559950e-04 1.4947568753e-05 1.7109099101e+01
-6.7273659100e-06 8.0938706996e-05 3.6952153164e+01
1.3345280142e-04 6.2855451683e-05 2.1456680975e+01
5.0564609352e-05 5.7405856206e-05 2.2678852755e+01
-1.4040547250e-04 7.5278343552e-05 3.7574305386e+01
2.9415523803e-04 7.1574413438e-05 1.4583869918e+01
-1.8576314996e-05 8.9991575747e-05 3.7363851624e+01
2.0328531836e-04 1.2725806724e-05 1.9706674984e+01
3.0303468015e-04 5.4724881642e-05 1.4896642942e+01
2.2759030608e-04 3.3650045658e-05 1.7725042606e+01
-1.9121302901e-04 3.1365976237e-05 4.4072640655e+01
-2.2656170191e-04 2.7100920272e-05 4.0938807035e+01
2.3819447507e-04 6.4130646695e-05 1.5966569241e+01
-1.0792455966e-05 7.8758365753e-05 3.7440375628e+01
1.2658556237e-04 6.4085559162e-05 2.2934976985e+01
3.7042959887e-04 1.6109732061e-05 1.0385781293e+01
-1.7048445744e-04 3.1034370803e-05 4.5380353806e+01
-1.3640898303e-04 6.7495730708e-05 3.9044157374e+01
2.8598280868e-04 1.2009245469e-05 1.7325838871e+01
-1.4788505374e-04 8.5532623202e-05 3.5969734095e+01
2.9017434958e-04 7.0867457128e-05 1.4701159398e+01
2.6967191174e-04 4.5821513204e-05 1.6050637488e+01
2.2691858640e-04 3.0743191036e-05 1.7914990784e+01
-2.4310572022e-05 8.9716794413e-05 3.7396449054e+01
4.1369700016e-05 5.6333182465e-05 2.2728126003e+01
3.2776090015e-04 6.6017754036e-05 1.3693781127e+01
1.9540105961e-04 1.2224200092e-05 1.9905730324e+01
-1.4505637057e-04 8.5362160017e-05 3.5993983918e+01
-3.0918424864e-05 1.1171723508e-04 3.4381714603e+01
1.2280463508e-04 6.3263087065e-05 2.2903127923e+01
-1.4415281273e-04 8.3313759854e-05 3.6282296627e+01
1.9145830943e-04 1.1985497339e-05 2.0036346794e+01
2.7299029123e-04 4.2884730763e-05 1.6114620610e+01
3.6989642266e-04 1.2066794657e-05 9.6631738321e+00
1.2207550347e-04 6.0459990463e-05 2.2913926800e+01
2.9901291042e-04 5.4117477735e-05 1.5025404731e+01
2.8617778143e-04 7.0150881144e-05 1.4813211602e+01
1.9084576280e-04 9.7344684135e-06 2.0293532947e+01
3.3111014633e-04 6.2724157353e-05 1.3669909607e+01
-1.9723562918e-05 7.8306823102e-05 3.8168855367e+01
3.2277792370e-05 5.5447133348e-05 2.5140283769e+01
-1.7192365067e-04 2.7750154939e-05 4.5961170714e+01
-2.5598731117e-05 1.1197094251e-04 3.4789231050e+01
1.1536829692e-04 6.1688849481e-05 2.2902305461e+01
1.8357005944e-04 1.1535025571e-05 2.0352085083e+01
2.7076193120e-05 5.6905424089e-05 2.7296125880e+01
-3.5827711449e-05 8.9310270539e-05 3.7261773818e+01
3.3061915505e-04 5.8807134364e-05 1.3827415306e+01
1.8294180736e-04 9.3663686971e-06 2.0582735832e+01
2.3998899631e-05 5.6650002682e-05 2.8730991654e+01
-2.0300642917e-05 1.1227402282e-04 3.5251318550e+01
-1.9810791495e-04 6.1172467348e-05 3.8814596124e+01
2.2997897114e-04 6.2266110758e-05 1.6299115671e+01
-4.1604646421e-05 8.9170271928e-05 3.7130830615e+01
2.9624705069e-05 1.4844059183e-06 3.9265382836e+01
2.2832346973e-04 5.4947339276e-05 1.7073990373e+01
-2.8702585537e-05 7.7967971936e-05 3.8574311884e+01
1.7782105329e-05 5.6182446656e-05 3.1343948973e+01
1.0808813680e-04 6.0207004085e-05 2.2870465922e+01
2.9833211413e-04 5.0400621792e-05 1.5170997072e+01
1.7503399081e-04 9.0335548191e-06 2.0939108753e+01
1.4645897233e-05 5.5969368416e-05 3.2519593933e+01
2.2424073065e-04 5.4094204184e-05 1.6995143002e+01
-2.1456311111e-04 7.7787015142e-05 3.6777675483e+01
1.0736909415e-04 5.7565286324e-05 2.2867943655e+01
1.3572514166e-05 5.4061125257e-05 3.3134910520e+01
1.7865577932e-04 1.1902197177e-04 1.5754506551e+01
1.8604559053e-04 1.1787640285e-04 1.5478367052e+01
2.2915704274e-04 5.8589722767e-05 1.6623641673e+01
2.9427672760e-04 4.9794403974e-05 1.5299640644e+01
-1.0759999934e-05 1.1085493732e-04 3.6353705538e+01
1.7475059746e-04 1.1764133369e-04 1.6062911333e+01
3.3779615453e-04 5.6045666068e-05 1.3599937768e+01
9.2803646362e-05 9.3100855932e-05 2.2669818993e+01
1.6316261972e-04 8.6114880027e-06 2.1535117259e+01
-5.3185958499e-05 8.8996102802e-05 3.6808680010e+01
3.9826695796e-06 5.3540479179e-05 3.6067871383e+01
2.1893198675e-04 2.9823107581e-05 1.7963607903e+01
2.9355301879e-04 4.6108084933e-05 1.5454473548e+01
-2.8663381016e-06 1.1157603385e-04 3.7048567610e+01
-5.8984815138e-05 8.8956919222e-05 3.6636086284e+01
1.5524916535e-04 8.3885298668e-06 2.1922399384e+01
-4.2372450777e-05 7.9526079455e-05 3.8498540490e+01
2.1165067198e-04 3.1723031412e-05 1.7853106097e+01
-5.7198900943e-06 5.3121820607e-05 3.8348614302e+01
3.3731715327e-04 5.2108080654e-05 1.3756073039e+01
-6.0424545859e-05 8.7005524066e-05 3.6927018250e+01
-3.3011005453e-04 4.2558116487e-06 1.7615620196e+01
-4.5365993222e-05 7.9476040880e-05 3.8481640802e+01
1.4803538924e-04 1.0039676126e-05 2.2323591077e+01
2.1099050236e-04 2.8897146308e-05 1.8048340882e+01
9.0516834634e-05 5.6918211533e-05 2.2787746351e+01
-1.3091128062e-04 9.0602644907e-05 3.5292793063e+01
2.3597243242e-06 1.1214783417e-04 3.7448499031e+01
-2.2170155335e-04 7.4589917203e-05 3.6994238957e+01
-1.5508315961e-05 5.2793608592e-05 4.0067616765e+01
8.7100944016e-05 5.6331229672e-05 2.2773101516e+01
2.0374353764e-04 3.0752953201e-05 1.7986425444e+01
1.4018067499e-04 9.8493242757e-06 2.2616349645e+01
2.2221896970e-04 4.4454238004e-05 1.7154802226e+01
-3.3889480082e-04 2.2319994279e-06 1.9057435546e+01
-7.0587474806e-05 8.8963258142e-05 3.6299397820e+01
8.3592935620e-06 1.1506102014e-04 3.8071666592e+01
1.3626743149e-04 9.7708943552e-06 2.2695507592e+01
1.9980348491e-04 3.0271303022e-05 1.8083783065e+01
-7.3634322111e-05 8.5099867630e-05 3.6907257059e+01
-2.5360476464e-05 5.2544234866e-05 4.1319164551e+01
2.1760359264e-04 4.0952745046e-05 1.7320575368e+01
2.2351581594e-04 5.0701293696e-05 1.7046834871e+01
1.9914892895e-04 2.7524192931e-05 1.8299254309e+01
-3.5258064120e-05 5.2362746342e-05 4.2191678255e+01
1.2775415109e-04 7.9464206750e-06 2.2609365469e+01
-6.0354413665e-05 7.9341546446e-05 3.8259112649e+01
-3.3759291950e-04 4.6863115666e-06 1.8514508562e+01
2.0637521172e-04 4.2246749348e-05 1.7312301592e+01
7.6283408669e-05 5.2396126386e-05 2.2737698602e+01
-6.3353715901e-05 7.9335355082e-05 3.8196480921e+01
2.0572162616e-04 3.9320548318e-05 1.7459518700e+01
1.2073657676e-04 9.5605163606e-06 2.2858914537e+01
-3.4662868997e-04 2.5174525411e-06 2.0664704297e+01
1.9850462913e-04 4.1106161681e-05 1.7455525514e+01
1.6693245739e-04 1.1478747520e-04 1.6924383924e+01
1.9784781978e-04 3.8217637617e-05 1.7614603962e+01
1.7825324685e-05 1.1439500483e-04 3.7951883642e+01
7.0452600385e-05 5.3750935994e-05 2.2716617412e+01
2.6864094122e-04 8.1332729219e-05 1.4821300484e+01
1.9000651664e-04 3.7118313341e-05 1.7863473426e+01
1.1304623522e-04 9.5050768806e-06 2.2940036606e+01
2.3394895489e-04 1.0616596513e-04 1.4752921828e+01
1.8285964174e-04 3.8825601366e-05 1.8008908666e+01
6.7200758558e-05 5.3303573550e-05 2.2709252950e+01
1.5964237234e-04 1.1565052072e-04 1.6978547517e+01
-3.5481247391e-04 9.4106699343e-06 1.7017256190e+01
1.7896398584e-04 3.8264300608e-05 1.8222275642e+01
1.7829148703e-04 3.5498869060e-05 1.8447824330e+01
-7.0905473417e-05 7.7455955297e-05 3.8375700183e+01
-1.3745255843e-04 7.5152676304e-05 3.7629297266e+01
1.5920690564e-04 1.1187721401e-04 1.7003507708e+01
-3.5119187643e-04 1.6333497275e-05 1.6165679629e+01
1.6660341976e-04 3.3943670455e-05 1.9367861278e+01
-3.4508887334e-04 5.2629145661e-06 1.9187417851e+01
1.0540649454e-04 9.4767706583e-06 2.2908382523e+01
1.5951297150e-04 3.5563474651e-05 1.9899396390e+01
2.5417616923e-05 1.1586280932e-04 3.8069648115e+01
1.5172573252e-04 3.4552357379e-05 2.0868860401e+01
1.5100764986e-04 3.2004618473e-05 2.1148758948e+01
6.0767202723e-05 5.2477644275e-05 2.2698820872e+01
1.4392627236e-04 3.3594001448e-05 2.1990094637e+01
-1.1387052103e-04 8.9861743279e-05 3.5440326755e+01
1.3927866216e-04 3.0690229766e-05 2.2894888411e+01
9.7816181427e-05 9.4659517871e-06 2.3067627869e+01
-1.3152330783e-04 7.4917463472e-05 3.7743345896e+01
1.3464001351e-05 1.1582334347e-04 3.8338142850e+01
1.3149584331e-04 2.9891058547e-05 2.2936910439e+01
-8.1335704189e-05 7.9425668423e-05 3.7772936338e+01
1.2455593746e-04 3.1463664181e-05 2.2914080497e+01
2.5104820828e-04 9.2071061977e-05 1.4820552744e+01
1.1629267830e-04 2.8509569499e-05 2.2888416339e+01
1.5205846310e-04 1.1267799521e-04 1.7013146581e+01
1.1700670742e-04 3.0736503123e-05 2.2891621274e+01
1.9129097983e-04 2.6632215029e-05 1.8568509919e+01
-4.5184292825e-05 5.2240637111e-05 4.2763171762e+01
1.0886416840e-04 2.7932927145e-05 2.2865738087e+01
5.1729004739e-05 1.1916352658e-04 3.0654317967e+01
1.0957528761e-04 3.0085846629e-05 2.2868309096e+01
5.6793962259e-05 4.9969375500e-05 2.2696203707e+01
-8.4327287721e-05 7.9460230882e-05 3.7700320681e+01
1.0154372435e-04 2.7430324337e-05 2.2844332642e+01
9.0245007873e-05 9.4465920016e-06 2.3677881628e+01
9.0758893642e-05 2.6816310060e-05 2.2820379153e+01
1.8410798435e-04 2.8394834085e-05 1.8702845846e+01
8.4426700503e-05 2.8407620186e-05 2.2801800243e+01
8.0935050447e-05 2.8238110814e-05 2.2797798678e+01
-3.4216834499e-05 2.4221213965e-05 4.6945296055e+01
7.4020014910e-05 2.7946042032e-05 2.2793275947e+01
7.0596409756e-05 2.7821496910e-05 2.2799961513e+01
-1.0527804203e-04 8.9575874296e-05 3.5552640309e+01
6.3802725304e-05 2.7607907301e-05 2.3465756521e+01
6.0397813294e-05 2.7508131688e-05 2.4450623452e+01
5.3531102815e-05 2.7311172420e-05 2.6393772072e+01
-6.9674128568e-06 2.6051058049e-05 4.2881157475e+01
6.1032218697e-06 2.4616137788e-05 4.0468550569e+01
5.0073261358e-05 2.7214965390e-05 2.7430260961e+01
3.4923683715e-05 2.5146424162e-05 3.2583167964e+01
1.3362720604e-05 2.4729428169e-05 3.8704595029e+01
2.4189262676e-05 2.4924651787e-05 3.5766589061e+01
2.9066943831e-07 2.6148124596e-05 4.1441866694e+01
4.3109337325e-05 2.7027746806e-05 2.9582061141e+01
7.5225236525e-06 2.6259751827e-05 3.9814701754e+01
3.6086352968e-05 2.6849328516e-05 3.1778144225e+01
1.4724772850e-05 2.6387004481e-05 3.8007990452e+01
1.8308521049e-05 2.6454268231e-05 3.7044715956e+01
2.9008900259e-05 2.6681321324e-05 3.3951840140e+01
2.5453928898e-05 2.6602571235e-05 3.5010793347e+01
-2.5852002308e-04 5.9832696309e-05 3.6177660194e+01
2.4135647523e-04 1.0435826284e-04 1.4678316544e+01
-1.2475107496e-04 7.8519230526e-05 3.7190475452e+01
-9.9527120803e-05 8.9415072853e-05 3.5643626774e+01
8.1618143986e-05 7.8240187560e-06 2.5206811099e+01
1.7628271404e-04 2.7499238090e-05 1.9185089574e+01
2.4478606614e-04 1.0153727981e-04 1.4689892646e+01
4.7335735528e-05 4.9045465654e-05 2.2688734508e+01
3.0953378055e-05 1.1934362732e-04 3.9601793610e+01
1.5163561560e-04 1.0897359007e-04 1.7016266725e+01
7.5074713951e-05 9.3798357563e-06 2.6128219363e+01
-9.3762588785e-05 8.9279004541e-05 3.5747887847e+01
-9.4989494308e-05 7.7724187973e-05 3.7809032045e+01
-1.1883927077e-04 7.8317681830e-05 3.7300313425e+01
1.7237220989e-04 2.7064434349e-05 1.9476517359e+01
1.4790775343e-04 1.0753571019e-04 1.7020967023e+01
2.1667460991e-05 1.4782956238e-06 4.1273475724e+01
4.1948151445e-05 5.0516923319e-05 2.2539215691e+01
6.7463985136e-05 9.3389832838e-06 2.7794304619e+01
1.7170154956e-04 2.4532892719e-05 1.9742346793e+01
3.8871018485e-05 5.0261968352e-05 2.3357182707e+01
2.4422730183e-04 9.7756838272e-05 1.4786877354e+01
1.4098039823e-04 1.0828088951e-04 1.7026205399e+01
-2.1966216578e-04 5.7158111854e-05 3.8467996840e+01
-1.1290439179e-04 7.8138211159e-05 3.7417351944e+01
5.9833477935e-05 9.2956434563e-06 2.9662475804e+01
2.4364944251e-04 9.3983811528e-05 1.4885114567e+01
-2.3144272332e-04 7.1957259013e-05 3.7133288005e+01
3.2653838408e-05 4.9786978980e-05 2.6456783646e+01
1.3417188312e-04 1.0895552996e-04 1.7024612943e+01
5.2184822209e-05 9.2525125625e-06 3.1668790077e+01
2.8496028889e-05 1.1875466297e-04 3.9349648292e+01
1.3380727921e-04 1.0544932905e-04 1.7019039289e+01
4.8352338174e-05 9.2300270735e-06 3.2705389113e+01
-1.0518106996e-04 7.9848281954e-05 3.7224675198e+01
4.0671040135e-05 9.1844227970e-06 3.4808824158e+01
3.9256082412e-05 7.6339697639e-06 3.5522075304e+01
1.9947041177e-05 4.8966582246e-05 3.1722487078e+01
3.2972610068e-05 9.1418331253e-06 3.6904698772e+01
1.6386623737e-04 2.3759745475e-05 2.0430206495e+01
1.6721835443e-05 4.8787603001e-05 3.2884917738e+01
2.5258204845e-05 9.1013070759e-06 3.8942985260e+01
-8.5381057662e-05 8.5225791945e-05 3.6611341719e+01
1.5602197352e-04 2.3034246649e-05 2.1242837859e+01
-8.0868788498e-05 8.7107194499e-05 3.6373278695e+01
1.0224640503e-05 4.8462567026e-05 3.5003763778e+01
1.7529042437e-05 9.0633969488e-06 4.0880945504e+01
1.4887343615e-04 2.4688103560e-05 2.1941722936e+01
6.9536342274e-06 4.8314463459e-05 3.5960416731e+01
1.4494905508e-04 2.4339314673e-05 2.2458204010e+01
9.7904666967e-06 9.0302542814e-06 4.2683793428e+01
2.9280637049e-04 4.2436938941e-05 1.5617057555e+01
3.7526703355e-07 4.8048511791e-05 3.7671935737e+01
-8.7652916969e-07 4.6252933526e-05 3.8216121517e+01
3.4446413985e-04 4.9231805275e-05 1.3481626577e+01
-5.7247040036e-06 8.9712132870e-06 4.5803988219e+01
-3.5099423507e-04 9.0023668101e-06 1.7002540174e+01
3.0023778297e-04 3.9912582234e-05 1.5503184529e+01
-7.5535535406e-06 4.6042018166e-05 3.9630328459e+01
-1.3495286295e-05 8.9468953350e-06 4.7100265456e+01
-1.7382228762e-05 8.9358374540e-06 4.7681734968e+01
3.0357386897e-04 3.6782272287e-05 1.5527638019e+01
3.4399540755e-04 4.5267967509e-05 1.3627561452e+01
-1.4264805467e-05 4.5863064483e-05 4.0817380354e+01
-1.0559929923e-04 3.7057423879e-05 4.6214357589e+01
-2.5160255917e-05 8.9168855011e-06 4.8714732611e+01
3.0280292404e-04 3.3127805032e-05 1.5705106208e+01
-1.0210436099e-04 3.7037783081e-05 4.6274695312e+01
-2.9050482567e-05 8.9082306258e-06 4.9168471407e+01
1.3710791913e-04 2.3692238813e-05 2.2918461608e+01
1.3640676361e-04 2.1483850068e-05 2.2922217342e+01
1.2936668415e-04 2.3118051843e-05 2.2919548423e+01
-2.4382623755e-05 4.5648802736e-05 4.2218667195e+01
3.4732501585e-04 4.1789971760e-05 1.3525921220e+01
-4.4618848951e-05 8.8815850940e-06 5.0598003660e+01
-1.1257838501e-04 5.4207400056e-05 4.2299842787e+01
1.3707875644e-05 1.4725413574e-06 4.3158231166e+01
-9.1584658687e-05 3.6989078407e-05 4.6405486154e+01
-3.1153019255e-05 4.5538246628e-05 4.2932110706e+01
1.2104557230e-04 2.0561085822e-05 2.2900043884e+01
-5.2404729246e-05 8.8720908777e-06 5.1104696121e+01
-3.7939194961e-05 4.5450854948e-05 4.3494143492e+01
-6.0190745247e-05 8.8647735945e-06 5.1491184617e+01
3.4683432227e-04 3.7848900407e-05 1.3654056099e+01
3.0487099254e-04 6.2293600615e-06 1.7458686982e+01
-3.0525741338e-04 5.6831118893e-05 3.4102829021e+01
-8.1057608380e-05 3.6960152296e-05 4.6443034343e+01
-6.7981251624e-05 8.8574884436e-06 5.1771534610e+01
-4.4736563210e-05 4.5384248543e-05 4.3924867695e+01
3.1023265791e-04 3.0452982571e-05 1.5592730943e+01
-7.0522376729e-05 3.6953682427e-05 4.6360503986e+01
1.0977750543e-04 2.0053059722e-05 2.2883272155e+01
-6.3492272563e-05 3.6959777541e-05 4.6222890325e+01
-8.3548749469e-05 8.8514683582e-06 5.2061133945e+01
3.5016024535e-04 3.4315806476e-05 1.3487007942e+01
-9.1329188276e-05 8.8506246876e-06 5.2092773558e+01
1.0237758212e-04 1.9790808174e-05 2.2876322485e+01
-5.6454499686e-05 3.6974897007e-05 4.6005225956e+01
-3.5305927060e-04 1.2780266507e-05 1.6713613813e+01
-9.9106979520e-05 8.8509947969e-06 5.2061250153e+01
-6.6893969807e-05 4.3601533782e-05 4.4966344127e+01
3.4963489967e-04 3.0404337408e-05 1.3581972126e+01
-1.0688172896e-04 8.8524701370e-06 5.1973924948e+01
9.5061229548e-05 1.9580215461e-05 2.2870148879e+01
-8.2167862699e-05 4.5307414703e-05 4.4683293758e+01
-1.2241997196e-04 8.8596443918e-06 5.1653644483e+01
-8.5566874246e-05 4.5319076733e-05 4.4662460056e+01
-1.2630447911e-04 8.8605577840e-06 5.1546255067e+01
3.5294631345e-04 2.6814331301e-05 1.3291643077e+01
8.7825573051e-05 1.9414043505e-05 2.2861152731e+01
-9.2354117544e-05 4.5352571496e-05 4.4592184516e+01
-1.3406376280e-04 8.8654297467e-06 5.1300086839e+01
-9.5746341481e-05 4.5371372068e-05 4.4545032001e+01
-1.4181990623e-04 8.8713181107e-06 5.1012660183e+01
8.0670089072e-05 1.9286560806e-05 2.2828492234e+01
-1.0305558728e-04 4.2038994387e-05 4.5163237569e+01
3.0944087296e-04 2.6810990285e-05 1.5790212445e+01
3.0862139151e-04 2.3189608961e-05 1.6029239601e+01
7.4399540538e-05 2.0896118173e-05 2.3290691106e+01
-1.0989914625e-04 4.2090937969e-05 4.5025357835e+01
-1.6117681793e-04 8.8935158904e-06 5.0103162279e+01
3.1192174776e-04 2.0001025811e-05 1.6110672531e+01
-1.1672886966e-04 4.2151026367e-05 4.4864938456e+01
6.7330356026e-05 2.0772125708e-05 2.4866599415e+01
3.1107755512e-04 1.6400789462e-05 1.6498644157e+01
-1.2353943173e-04 4.2220107559e-05 4.4685012869e+01
3.0692009187e-04 1.6001625030e-05 1.6574393635e+01
6.0206412350e-05 2.0645741400e-05 2.6640638839e+01
1.8866463435e-05 4.1761326474e-05 3.3539261461e+01
-3.5266740598e-04 5.9601698063e-06 1.8741690476e+01
-1.3032625577e-04 4.2298964269e-05 4.4487767879e+01
-9.4492423391e-05 6.8366129109e-05 3.9672437853e+01
3.7827338232e-05 1.1892726375e-04 3.8125810647e+01
2.5494041084e-05 4.2058020115e-05 3.1240451791e+01
3.0276320405e-04 1.5635750080e-05 1.7161673303e+01
3.2044928414e-05 4.2388822661e-05 2.8776590160e+01
-8.8281829904e-05 6.8290008011e-05 3.9810654740e+01
3.5295355584e-05 4.2563109682e-05 2.7500723079e+01
5.3031602811e-05 2.0519330345e-05 2.8591953065e+01
3.5236306452e-04 2.2938565822e-05 1.3326394595e+01
-8.7984591505e-05 8.9164587205e-05 3.5866169822e+01
4.1725699456e-05 4.2936697371e-05 2.4938275746e+01
4.5809595160e-05 2.0394956981e-05 3.0661196313e+01
4.4908344592e-05 4.3132323561e-05 2.3556323649e+01
3.0201227530e-04 1.2384974109e-05 1.6977039801e+01
-7.0372356933e-05 9.6851786255e-05 3.4965697497e+01
-6.4720751476e-05 9.6832089712e-05 3.5127830170e+01
3.1309651892e-06 3.0213181106e-06 4.5164866116e+01
-7.4198197678e-05 7.0016416705e-05 3.9726281647e+01
-5.9070591866e-05 9.6842004716e-05 3.5309333306e+01
4.1874573393e-05 1.1565943874e-04 3.4255908982e+01
-5.3424239489e-05 9.6882200528e-05 3.5508665440e+01
5.6889987586e-05 4.2045742943e-05 2.2711244317e+01
-4.2151925820e-05 9.7061884527e-05 3.5947564843e+01
-3.6530416813e-05 9.7206656070e-05 3.6176237504e+01
3.8543828134e-05 2.0274698576e-05 3.2785555746e+01
1.8835213675e-04 1.4450455119e-04 1.4602586441e+01
-3.0923707460e-05 9.7393494624e-05 3.6399885568e+01
3.5172191201e-04 1.9107419704e-05 1.3362744332e+01
-2.5329911687e-05 9.7624037533e-05 3.6607304558e+01
6.4136185961e-05 4.4643278953e-05 2.2724479453e+01
-2.1426095172e-05 9.9835070517e-05 3.6549457743e+01
-1.4193845872e-05 9.8237217895e-05 3.6908337441e+01
2.4667243887e-05 1.0495026433e-04 3.4659775789e+01
-1.0399706659e-05 1.0053501013e-04 3.6888145130e+01
3.0132322692e-04 9.3327417565e-06 1.7149138732e+01
-4.9216347995e-06 1.0097985594e-04 3.6949458619e+01
2.2030579844e-05 1.0445769855e-04 3.5088629308e+01
5.3060066796e-07 1.0149686752e-04 3.6900264207e+01
1.6704926827e-05 1.0356497366e-04 3.5812961750e+01
1.3215434613e-05 1.0096256284e-04 3.5849363956e+01
7.7938859034e-06 1.0025014345e-04 3.6379946913e+01
1.8459378492e-04 1.4700493351e-04 1.4582833547e+01
6.6674994905e-05 4.2857463394e-05 2.2729126586e+01
-6.6457697716e-05 6.8162273506e-05 4.0191080393e+01
3.1238173030e-05 2.0160354493e-05 3.4903978911e+01
1.8053800388e-04 1.4189139250e-04 1.4885951853e+01
7.0712062295e-05 4.5307867027e-05 2.2734912818e+01
1.7196647026e-04 1.2768252211e-04 1.5752840062e+01
7.4038957199e-05 4.5669619422e-05 2.2742973876e+01
1.7677446730e-04 1.4433203913e-04 1.4886172778e+01
1.6838464218e-04 1.3004777938e-04 1.5887509632e+01
4.9289668813e-05 1.1820223327e-04 3.1777537157e+01
8.0762895034e-05 4.6460110111e-05 2.2763167778e+01
3.5496412827e-04 1.5467743137e-05 1.2743055516e+01
8.4168125718e-05 4.6885492128e-05 2.2775127133e+01
8.6890401733e-05 4.5030993185e-05 2.2786111034e+01
-5.7086936010e-05 6.8185191272e-05 4.0254846958e+01
2.3897480113e-05 2.0055099528e-05 3.6960867647e+01
-5.2489514777e-05 7.0051956288e-05 3.9942191194e+01
2.0211193759e-05 2.0003196617e-05 3.7953275453e+01
9.4548502615e-05 4.8294305363e-05 2.2815379173e+01
-4.9385788390e-05 7.0079440861e-05 3.9932317545e+01
9.7358879322e-05 4.6404278776e-05 2.2827860776e+01
1.2824220567e-05 1.9909270119e-05 3.9836881633e+01
3.5423241101e-04 1.1705097061e-05 1.2674197477e+01
1.0162642546e-04 4.9338948628e-05 2.2844168080e+01
-2.2169051602e-06 1.4623113299e-06 4.6456419753e+01
1.5011318718e-04 1.4125292821e-04 1.7082570296e+01
1.0882887354e-04 5.0471818109e-05 2.2874061980e+01
5.0582616926e-05 1.1192781978e-04 2.6614671328e+01
1.2511878970e-04 1.2572603879e-04 1.7089243876e+01
5.2653299674e-05 1.1047276798e-04 2.3948920593e+01
1.4640827066e-04 1.3957911769e-04 1.7011992706e+01
1.3528026032e-04 1.2341272388e-04 1.7063051133e+01
3.7770937755e-05 1.0790520336e-04 3.1662650186e+01
1.1177555589e-04 4.8522610169e-05 2.2885042921e+01
1.4268474749e-04 1.3416790949e-04 1.7047353042e+01
6.0535250545e-05 1.1617002817e-04 2.0753325464e+01
1.3191622146e-04 1.2543063237e-04 1.7079262335e+01
1.1615986174e-04 5.1693616152e-05 2.2904190777e+01
1.3909867532e-04 1.3248940673e-04 1.7069113344e+01
1.1988600556e-04 5.2332650504e-05 2.2915756074e+01
-3.8368721443e-05 6.8402660281e-05 4.0015892719e+01
2.6409664254e-04 1.0232477629e-04 1.4330132851e+01
1.0542413459e-04 1.1928405598e-04 2.1692127232e+01
1.2292865064e-04 5.0335211926e-05 2.2933548278e+01
1.0229108854e-04 1.2095340254e-04 2.2725027557e+01
8.6813013451e-05 1.1904892283e-04 2.2179336234e+01
9.2630978605e-05 1.1600234370e-04 2.2481874312e+01
1.1199544631e-04 1.2605809979e-04 1.6961981754e+01
1.2745195124e-04 5.3672065720e-05 2.2975308478e+01
8.3858030448e-05 1.1747173238e-04 2.2045620899e+01
8.0766542481e-05 1.1304099398e-04 2.2041013731e+01
1.3055354858e-04 5.1640739587e-05 2.3006674602e+01
-2.9041321836e-05 6.8616116388e-05 3.9605330397e+01
1.3825514557e-04 5.3012615629e-05 2.1447202579e+01
-2.4665313329e-05 7.0598006521e-05 3.9130695942e+01
-5.7556635306e-06 1.9717616466e-05 4.3835603613e+01
1.4275690112e-04 5.6567780415e-05 2.0337970820e+01
-2.1587942090e-05 7.0702855359e-05 3.8901202919e+01
1.4657044089e-04 5.7318941005e-05 1.9669068801e+01
-1.5460715983e-05 7.0952023478e-05 3.8320216456e+01
1.5734788356e-04 5.6649930964e-05 1.8412257030e+01
1.6174267132e-04 6.0394767854e-05 1.7690120800e+01
1.6552886986e-04 6.1165135337e-05 1.7384964517e+01
1.7255472011e-04 5.9629425960e-05 1.7138993777e+01
1.7579302408e-04 5.7332857070e-05 1.7190056696e+01
1.8017501316e-04 6.1114691773e-05 1.7005739720e+01
1.8345092194e-04 5.8762463165e-05 1.7001150885e+01
-6.3152843614e-06 7.1417925165e-05 3.7079172983e+01
1.8788606307e-04 6.2697242007e-05 1.7039994245e+01
-1.3216030054e-05 1.9659672811e-05 4.5120834896e+01
-1.6957132153e-05 1.9631551624e-05 4.5697381983e+01
-3.2791726879e-06 7.1599574212e-05 3.6547263506e+01
-2.4438452583e-05 1.9585184576e-05 4.6717941373e+01
2.7525105907e-06 7.2015460775e-05 3.5276628674e+01
3.4556264323e-05 1.0494049531e-04 3.1611347173e+01
7.7285887900e-06 7.0494053386e-05 3.3961997732e+01
-3.1929143467e-05 1.9549283177e-05 4.7572712412e+01
-3.5682377471e-05 1.9531356864e-05 4.7942886708e+01
1.6687018903e-05 7.1315393041e-05 3.0880614907e+01
2.8477764825e-04 1.1434108612e-04 1.3403888549e+01
-4.3182382226e-05 1.9504239323e-05 4.8573748405e+01
-1.0181414347e-05 1.4578862646e-06 4.7842402054e+01
2.9242718055e-05 7.4841850963e-05 2.4691468944e+01
3.2097676081e-05 7.5273159249e-05 2.2847489659e+01
-9.7982030486e-05 7.7781726327e-05 3.7739877653e+01
-5.6320711409e-05 1.7934062669e-05 4.9659222703e+01
5.7469321802e-05 7.7968911195e-05 2.2564459650e+01
4.9345274798e-05 7.8421626651e-05 2.2573608869e+01
6.3466871495e-05 7.9365939488e-05 2.2555789766e+01
6.7132332357e-05 8.2636650856e-05 2.2531505200e+01
8.8450236886e-05 8.6297633963e-05 2.2669402404e+01
8.1440092923e-05 8.1654358696e-05 2.2631787326e+01
8.5233898888e-05 8.5305283749e-05 2.2637021695e+01
-1.3370717314e-04 4.2342935823e-05 4.4383045340e+01
-7.6961579392e-05 1.9453603519e-05 4.9982956299e+01
-8.4463412958e-05 1.9454518483e-05 5.0055919034e+01
-9.1960651278e-05 1.9458956965e-05 5.0065249811e+01
-9.9452476867e-05 1.9466523253e-05 5.0019399738e+01
1.0874307211e-04 9.3001003374e-05 2.2874960950e+01
1.0473121072e-04 8.8750511120e-05 2.2832334898e+01
-1.3808269748e-04 3.9005603597e-05 4.4984231770e+01
-1.0910156217e-04 1.7937449006e-05 5.0200333424e+01
9.8928654538e-05 9.2461966007e-05 2.2757333742e+01
1.1376025287e-04 1.0392292250e-04 2.1675273767e+01
1.2063954359e-04 1.0673186720e-04 1.7564347302e+01
1.1684614684e-04 1.0202704775e-04 2.0491582655e+01
-9.8442620175e-05 7.4013416508e-05 3.8460409799e+01
-1.3679045180e-04 1.9546881516e-05 4.9161265961e+01
-1.4422580126e-04 1.9571413177e-05 4.8885107881e+01
-9.8911523936e-05 7.0288655731e-05 3.9193300302e+01
-2.2161570120e-05 1.4598561425e-06 4.9587501577e+01
-1.5164285390e-04 1.9601970535e-05 4.8574735051e+01
-1.5535350409e-04 1.9614790846e-05 4.8406599669e+01
-3.2582020684e-04 4.2378808760e-05 1.6954714298e+01
-3.2594636288e-04 3.7234571849e-05 1.7028996713e+01
-1.6900345696e-04 1.3453186297e-05 4.8852398105e+01
-1.7277734414e-04 1.3468730305e-05 4.8617633169e+01
-2.4610882626e-05 2.9943708617e-06 4.9647943755e+01
-1.8295005232e-04 1.1963809018e-05 4.8170136177e+01
-1.8634355118e-04 1.6631812397e-05 4.7107599630e+01
-1.9378852229e-04 1.6675403915e-05 4.6480999160e+01
-1.6616624169e-04 5.9058875074e-06 5.0320328728e+01
-2.0671006699e-04 1.3603030973e-05 4.5641872434e+01
-2.1042799529e-04 1.3632221005e-05 4.5177374037e+01
-3.0967457762e-04 4.2520473304e-05 1.7256914990e+01
-2.2603950340e-04 1.5355952371e-05 4.2539625026e+01
-3.0890362706e-04 3.8403433500e-05 1.7207218412e+01
-3.0796527278e-04 3.4390019161e-05 1.7213994156e+01
-2.5035045202e-04 1.2444968959e-05 3.6568971821e+01
-3.2540579855e-05 2.9888147090e-06 5.0538270591e+01
-2.5754323643e-04 1.2593068876e-05 3.3703637687e+01
-2.7806889946e-04 6.3601947649e-06 2.2306860910e+01
-3.1465412423e-04 2.7306911668e-05 1.7112429536e+01
1.9325919732e-04 5.1702054997e-05 1.7065121928e+01
-2.4122239790e-05 1.2731740631e-04 3.2006681401e+01
1.9262490480e-04 4.8717458447e-05 1.7217999106e+01
1.8550122936e-04 5.0405304681e-05 1.7278493800e+01
-2.8869448171e-04 4.2673927566e-05 1.9794168611e+01
-4.2077907602e-05 1.4526601398e-06 5.1649209199e+01
1.7777254941e-04 4.9104152581e-05 1.7597347337e+01
1.7390334511e-04 4.8438843807e-05 1.7824416794e+01
-2.9145652035e-05 1.2701622250e-04 3.1838463716e+01
1.7322296072e-04 4.5552155753e-05 1.8046647040e+01
-2.8646330727e-04 4.1730257977e-05 2.0981339621e+01
1.6233103004e-04 4.6493096019e-05 1.8780937938e+01
3.0732908272e-06 1.2935835533e-04 4.4003867950e+01
1.5461317167e-04 4.5227112583e-05 1.9683709142e+01
1.5388725313e-04 4.2485225985e-05 1.9989314917e+01
1.4613867979e-04 4.1325391435e-05 2.1110204956e+01
1.3914080429e-04 4.2829482576e-05 2.2084075632e+01
1.3525439082e-04 4.2256847374e-05 2.2815577269e+01
1.2753756620e-04 4.1171255494e-05 2.2939084327e+01
1.2677387081e-04 3.8669813895e-05 2.2931000867e+01
-2.8122227772e-04 4.2341528503e-05 2.4974572016e+01
1.1919993704e-04 3.7728415961e-05 2.2903709216e+01
1.1250282395e-04 3.9221506617e-05 2.2883652686e+01
1.0517817885e-04 3.8361891905e-05 2.2856614726e+01
9.7975164673e-05 3.7581439722e-05 2.2829288073e+01
-4.5619742527e-05 5.9265488705e-05 4.1614177088e+01
9.7228559416e-05 3.5363416327e-05 2.2825869087e+01
-3.4483545586e-05 6.1232235095e-05 4.0844762677e+01
8.6631201476e-05 3.4447872095e-05 2.2789383913e+01
-3.1320180087e-05 6.1286129139e-05 4.0646498178e+01
8.0466528009e-05 3.5985172591e-05 2.2767622208e+01
7.7038995069e-05 3.5719909383e-05 2.2759522627e+01
-2.4916604428e-05 6.1453796217e-05 4.0134987563e+01
-2.1765998773e-05 6.1533483412e-05 3.9826387237e+01
-1.6724131599e-05 5.9888473217e-05 3.9421637134e+01
7.0272324746e-05 3.5258690701e-05 2.2745370275e+01
1.3984497481e-04 7.5830612155e-05 1.8493821066e+01
6.6916323895e-05 3.5049253067e-05 2.2740162878e+01
-2.9904481903e-04 2.7802703748e-05 1.7132246345e+01
-7.1914440646e-06 6.0260987919e-05 3.7907058881e+01
6.0284875342e-05 3.4694018002e-05 2.2698979116e+01
5.6992646393e-05 3.4535034154e-05 2.2916850491e+01
2.2586448486e-06 6.0739304231e-05 3.5823624319e+01
5.0411134088e-05 3.4254229302e-05 2.4980297566e+01
4.7080215177e-05 3.4112824275e-05 2.6096269078e+01
2.1812116718e-05 6.4101816689e-05 2.8803463033e+01
4.5542862962e-05 1.3368952119e-04 6.4537988238e+01
2.4791654489e-05 6.4387394046e-05 2.7349359153e+01
1.2756516360e-04 8.4297990146e-05 2.0119692827e+01
3.8698308611e-05 6.4033202608e-05 2.2678240959e+01
4.2510353943e-05 6.6607844196e-05 2.2667143555e+01
2.2083437986e-05 3.1533135801e-05 3.4832552887e+01
4.8501048587e-05 6.7548179336e-05 2.2646613699e+01
5.1490145307e-05 6.8033078515e-05 2.2642106334e+01
5.6785980772e-05 6.6789027238e-05 2.2643775961e+01
1.1572258616e-05 3.1267437449e-05 3.7808824496e+01
6.6077171641e-05 6.8510414612e-05 2.2643783262e+01
6.6836662709e-05 7.0948470331e-05 2.2627930635e+01
6.9948203562e-05 7.1594807796e-05 2.2636576506e+01
4.5172919032e-06 3.1114000834e-05 3.9568095984e+01
8.2054557656e-05 7.1933765741e-05 2.2692535015e+01
-2.5761797220e-06 3.0980226635e-05 4.1132491055e+01
8.8646305965e-05 7.3507169463e-05 2.2730516878e+01
9.8803580042e-05 7.6093767843e-05 2.2801289027e+01
9.9462122693e-05 7.8917701542e-05 2.2801239890e+01
1.0576111856e-04 7.7969299334e-05 2.2851657807e+01
1.0643747417e-04 8.0912499576e-05 2.2853664097e+01
-9.6984236093e-06 3.0864885756e-05 4.2498735144e+01
1.0995959106e-04 8.1924942985e-05 2.2879695828e+01
1.1652466965e-04 8.1012748795e-05 2.2890463430e+01
-5.0044783731e-05 1.4504386369e-06 5.2213618325e+01
-1.6844395212e-05 3.0767012855e-05 4.3672063635e+01
-2.4009588747e-05 3.0685835253e-05 4.4662822083e+01
-3.4788749570e-05 3.0592094749e-05 4.5837433412e+01
-2.8503516797e-04 2.6613036533e-05 1.6941739431e+01
3.9874446255e-05 7.4495321060e-05 2.2641339450e+01
6.4704252998e-05 1.4040716008e-04 5.3362654329e+01
-2.5999143871e-04 4.6102111959e-05 3.4030867303e+01
6.8122557979e-05 1.4369499441e-04 6.9490499157e+00
-2.7050793824e-04 2.8349399106e-05 2.6914410450e+01
3.2221762783e-04 1.0696206105e-04 1.2325716435e+01
8.0835450813e-05 1.5140226769e-04 1.9355237916e+01
-2.6177033684e-04 2.7290234665e-05 3.1330931998e+01
-7.7912597739e-05 5.9176172240e-05 4.1831240381e+01
-6.6539207477e-05 6.0944257681e-05 4.1560696476e+01
-6.3360549338e-05 6.0937692500e-05 4.1566516156e+01
-7.2969751236e-05 6.0947112798e-05 4.1522216266e+01
-5.6937671814e-05 6.0957943334e-05 4.1536722890e+01
-1.0929091255e-04 5.4164050206e-05 4.2379409352e+01
-1.0527024070e-04 4.8873340529e-05 4.3619294944e+01
-2.5252861825e-04 3.0358319187e-05 3.4845577772e+01
-9.8103297737e-05 5.2280549687e-05 4.3005102667e+01
7.1989375328e-05 7.9130551510e-05 2.2586707354e+01
-2.3974853632e-04 2.7653563384e-05 3.8357880045e+01
-2.2209078875e-04 2.3545129641e-05 4.2103349226e+01
-1.9394114912e-04 2.3081151613e-05 4.5357533704e+01
-1.6262463718e-04 2.4418320264e-05 4.7106623483e+01
-2.4645219301e-04 3.1790777374e-05 3.6529676542e+01
-2.3243491964e-04 2.3808727982e-05 4.0275995103e+01
-2.3654659789e-04 2.7485495428e-05 3.9066602741e+01
-1.3841774643e-04 6.0142154092e-05 4.0457720218e+01
-1.5537354238e-04 2.4365646569e-05 4.7454738540e+01
-1.4465463082e-04 6.0326712915e-05 4.0282253562e+01
-1.3531946763e-04 6.0046280857e-05 4.0545904692e+01
-6.0297626696e-05 2.9755494422e-06 5.2503514848e+01
-1.8315770743e-04 2.2970945078e-05 4.6194367558e+01
-1.2585695608e-04 5.9819977208e-05 4.0801773689e+01
-1.1949177382e-04 5.9696258321e-05 4.0967193467e+01
-2.0304697073e-04 4.6027989333e-05 4.0784128975e+01
-1.1635393210e-04 5.9621981970e-05 4.1050972530e+01
1.2387701445e-04 8.3171091994e-05 2.1441101216e+01
-1.7926691797e-04 4.8674536003e-05 4.1516006671e+01
-1.7533472029e-04 4.6715833401e-05 4.2043605787e+01
-1.7292877333e-04 4.8439463770e-05 4.1807275644e+01
1.0305063148e-04 1.5675610950e-04 1.8501688287e+01
-1.4933815538e-04 1.1084603023e-04 3.3884369564e+01
-1.3884192040e-04 3.0721350119e-05 4.6758223523e+01
-5.2607757891e-05 2.4147167631e-05 4.8297867315e+01
-1.2105314561e-04 3.0600614923e-05 4.7301590673e+01
-1.0886044176e-04 2.8931745503e-05 4.7921455716e+01
-1.1391128367e-04 3.0561248956e-05 4.7473217854e+01
-1.3170142453e-04 3.0680086181e-05 4.6992903183e+01
-1.0674100523e-04 3.0533136505e-05 4.7613793859e+01
-1.1607381489e-04 2.8958305138e-05 4.7772417973e+01
-7.7951262046e-05 3.0479179594e-05 4.7773847237e+01
-9.9574337032e-05 3.0504591884e-05 4.7721205960e+01
-7.4381342414e-05 3.0469194692e-05 4.7736594379e+01
-9.2382308522e-05 3.0487467557e-05 4.7788082271e+01
-1.2817711156e-04 3.0647841914e-05 4.7102462427e+01
-6.7144660962e-05 3.0480461615e-05 4.7603029012e+01
-6.3571001153e-05 3.0475833475e-05 4.7510824892e+01
-6.5978320439e-05 1.4469307785e-06 5.2971485508e+01
-8.5189535780e-05 3.0473307239e-05 4.7809489353e+01
-1.6499254884e-04 1.0776330072e-04 3.4298568883e+01
1.9229012649e-04 1.4575998097e-04 1.4466156870e+01
7.0285568378e-05 1.1595845850e-04 2.1450628958e+01
-7.3944772886e-05 1.4455787771e-06 5.3191825577e+01
-1.7547129143e-04 1.0486096989e-04 3.4616087648e+01
1.4180373107e-04 1.6393726919e-04 1.6361780588e+01
1.0181743994e-04 9.0621893477e-05 2.2797547547e+01
7.8098873851e-05 1.1451830327e-04 2.1863653656e+01
1.5112925751e-04 1.6526027530e-04 1.3961394891e+01
-1.8092338926e-04 1.0397551164e-04 3.4761352634e+01
1.6875151362e-04 5.8889632750e-05 1.7383700560e+01
-1.6397427751e-04 1.6534992834e-05 4.8570881644e+01
-8.1910905549e-05 1.4444553488e-06 5.3322847210e+01
1.6951032586e-04 1.6411482966e-04 1.3792986277e+01
1.2374233837e-04 1.0474930110e-04 1.7043547427e+01
-1.8033304470e-04 1.3494523114e-05 4.8102874528e+01
9.9006549277e-05 1.1925260729e-04 2.2609142880e+01
-8.4058480242e-05 2.9619363048e-06 5.3091975107e+01
1.9116774220e-04 6.0273360164e-05 1.7040171477e+01
1.7879515145e-04 1.6418501097e-04 1.3636315272e+01
1.9445070207e-04 5.7847294801e-05 1.7037747610e+01
1.9774263439e-04 5.5421777387e-05 1.7019693946e+01
1.9713807168e-04 5.2347521465e-05 1.7064612917e+01
-2.0117516725e-04 1.6725775418e-05 4.5765244695e+01
1.1520444885e-04 1.2424511631e-04 1.7037753585e+01
1.1841006440e-04 1.2239355768e-04 1.7025784687e+01
-9.1986941872e-05 2.9608947966e-06 5.3123840642e+01
-2.1414872033e-04 1.3660173927e-05 4.4673918888e+01
2.6493623485e-04 1.3920270484e-04 1.2952127822e+01
-9.7841962000e-05 1.4427963160e-06 5.3358272216e+01
1.3030137575e-04 1.0409039868e-04 1.7018513748e+01
-2.3694899476e-04 1.5502506389e-05 4.0222524328e+01
1.5383590893e-04 1.3913164181e-04 1.6929722736e+01
1.5751571378e-04 1.3694289158e-04 1.6581213139e+01
1.6454673718e-04 1.2856506733e-04 1.6189226517e+01
1.6116788840e-04 1.3467887847e-04 1.6133326026e+01
1.6096254550e-04 1.3086837447e-04 1.6597470876e+01
-2.4304330334e-04 1.2342241097e-05 3.8938542860e+01
-1.0580678158e-04 1.4422214049e-06 5.3279610651e+01
2.2308360945e-04 1.5572405961e-04 1.3268535240e+01
-2.2516920864e-04 9.0620397938e-05 3.6128055449e+01
2.2727188302e-04 1.5448984512e-04 1.3233432479e+01
1.3343308655e-04 1.0200621229e-04 1.7006213111e+01
1.3303368724e-04 9.8596600257e-05 1.7044987359e+01
1.3614815865e-04 9.6477661911e-05 1.7031643281e+01
1.3570693397e-04 9.3109203000e-05 1.7001274622e+01
1.3881065591e-04 9.0954442097e-05 1.7041800206e+01
1.4144170107e-04 8.5464992786e-05 1.6945579735e+01
1.4455479778e-04 8.3256355627e-05 1.6977372097e+01
-1.1378255185e-04 1.4454798999e-06 5.3144538312e+01
-2.7485908122e-04 9.6652874197e-06 2.4187525333e+01
2.3650772517e-04 1.5181190821e-04 1.3139515435e+01
-2.3012819961e-04 8.8945784874e-05 3.6249098965e+01
-2.9841478797e-04 5.7337777016e-05 3.3711989946e+01
-2.7434505307e-04 6.2905838694e-06 2.4932695945e+01
1.4350903665e-04 7.6810628354e-05 1.7701417217e+01
1.4405394437e-04 8.0010490932e-05 1.7123502527e+01
-1.1576675170e-04 2.9600107157e-06 5.2849526256e+01
-2.3515566619e-04 8.6664772694e-05 3.6383396118e+01
-1.2369082071e-04 2.9602758009e-06 5.2653804311e+01
-4.1962773315e-05 3.0553526390e-05 4.6432008944e+01
-4.5386444942e-05 2.7340234426e-05 4.7267926659e+01
-1.2970909418e-04 1.4451526974e-06 5.2725612299e+01
-2.0341077459e-04 2.8209457145e-05 4.3632386406e+01
-2.1787082889e-04 4.5025755913e-05 3.9856053913e+01
2.7302759461e-04 1.3716924467e-04 1.2792692380e+01
-1.4165225183e-04 1.4452576090e-06 5.2287138613e+01
2.8149519927e-04 1.3332357635e-04 1.2692108257e+01
-1.7257760414e-04 4.4301504004e-06 5.0146177626e+01
-1.7890101271e-04 2.9232637116e-06 4.9921124884e+01
-2.2192826443e-04 5.3340013250e-05 3.8695462540e+01
-1.5141369117e-04 2.9634091360e-06 5.1603073013e+01
-1.8283667680e-04 2.9194623531e-06 4.9609057889e+01
-1.5757379285e-04 1.4458900390e-06 5.1530348650e+01
2.9301044260e-04 1.2704688693e-04 1.2579186345e+01
-1.6549620301e-04 1.4323082187e-06 5.1073194978e+01
3.0057560109e-04 1.2227355974e-04 1.2516802282e+01
-2.3570971266e-04 5.2881652921e-05 3.7736457378e+01
-1.6949491197e-04 1.4364883511e-06 5.0816772059e+01
-1.9332038067e-04 5.9220808110e-06 4.8228713582e+01
-2.8457886984e-04 1.5560468646e-06 1.8029837102e+01
-2.0501596455e-04 5.9404989303e-06 4.6949150717e+01
-4.8929106171e-05 2.4161326680e-05 4.8089269876e+01
-2.9624127212e-04 1.6251315194e-06 1.7046379106e+01
2.3134313033e-04 1.4913805941e-04 1.3413071344e+01
-9.4829885299e-05 5.2252438338e-05 4.3065169663e+01
-9.1142356827e-05 5.5732070531e-05 4.2376364420e+01
-3.0790337294e-04 1.7281197807e-06 1.7061680916e+01
-2.2058403636e-04 5.9722706149e-06 4.4680697925e+01
-1.0194823087e-04 4.8846463196e-05 4.3686800465e+01
-3.1088941370e-04 5.5784472857e-06 1.7089904622e+01
-3.1848123807e-04 1.3196561067e-05 1.7041370239e+01
-2.3222975455e-04 6.0051049593e-06 4.2370383134e+01
-3.2642085507e-04 1.1640886127e-05 1.7035746619e+01
-2.4600032096e-04 2.9831885325e-06 3.8853882162e+01
-1.5174868441e-04 2.4338744055e-05 4.7616226807e+01
-1.4344365396e-04 2.7508020800e-05 4.7281911341e+01
-2.5298054395e-04 1.4868486229e-06 3.6421240673e+01
1.3361758876e-04 1.6294019628e-04 1.7432165628e+01
-1.5210378298e-04 5.6896540697e-05 4.0788783398e+01
-1.1651556571e-05 1.2578354072e-04 3.5579737425e+01
-1.7955702743e-04 2.2940006052e-05 4.6440463342e+01
-1.5650713928e-04 5.3379393662e-05 4.1373257190e+01
-1.6102651979e-04 4.9890318895e-05 4.1936740025e+01
-1.6974171268e-04 4.8339236802e-05 4.1944981609e+01
-1.9035132324e-04 2.3045864416e-05 4.5653561170e+01
-2.6313821442e-04 6.2049200170e-06 3.1583641295e+01
3.5475658891e-04 7.5159832719e-05 1.2038930827e+01
-1.8556822388e-04 4.8922739842e-05 4.1208125750e+01
-2.6684870008e-04 6.2116570994e-06 2.9590566442e+01
-1.9366990465e-04 4.5587205954e-05 4.1394208978e+01
-2.1865917058e-04 2.3461376537e-05 4.2616862360e+01
3.5760094686e-04 7.1662384536e-05 1.2004577255e+01
-2.1219758583e-04 4.6567072876e-05 4.0102894333e+01
3.3905416314e-04 1.4781539676e-05 1.5136015190e+01
-3.1914728517e-04 5.3135087693e-05 1.4407755685e+01
3.6327782066e-04 6.4580925332e-05 1.1908567138e+01
-2.9010836541e-04 6.3664781855e-05 3.8122492764e+01
3.6843599295e-04 5.6769425971e-05 1.1812600379e+01
-3.2798074085e-04 5.0509059680e-05 1.5063275778e+01
3.7341882755e-04 4.8860074527e-05 1.1665889609e+01
-3.3843684795e-04 4.5821761052e-05 1.2883054196e+01
-2.6764094998e-04 2.7959696005e-05 2.8501308491e+01
-2.7365730836e-04 2.6720434660e-05 2.4706389382e+01
-2.9176259404e-04 2.3356354417e-05 1.7090377423e+01
-2.4636805133e-04 5.2438249716e-05 3.6729852970e+01
3.8874558856e-04 1.7328913844e-05 1.0045646615e+01
-3.7552175831e-04 1.8654223440e-05 9.8613980378e+00
-3.0538001474e-04 2.7033267494e-05 1.7124397497e+01
-2.7358384453e-04 4.2384505571e-05 2.8853262023e+01
-2.7027536840e-04 4.6283118566e-05 3.1411827023e+01
-2.6709566102e-04 5.0223254177e-05 3.3343849114e+01
-3.2833558640e-04 1.4943850317e-05 1.7028654752e+01
-2.7890143241e-04 4.1544808824e-05 2.5876721183e+01
-3.2983798816e-04 1.2168930566e-05 1.7041210496e+01
-3.2051347333e-04 2.2667029173e-05 1.7069381013e+01
-3.2206582442e-04 1.9834042861e-05 1.7064475915e+01
-3.2175309397e-04 6.0996273491e-06 1.7068597569e+01
-3.1724395921e-04 8.0715372126e-06 1.7015422430e+01
-2.9997879500e-04 3.9741601906e-05 1.7173653078e+01
-2.9685836652e-04 4.1072731895e-05 1.7241136256e+01
-3.2129822432e-04 3.8790769028e-05 1.7107925689e+01
-3.1709771324e-04 4.0150455381e-05 1.7192976773e+01
1.9998522896e-05 1.3061172153e-04 4.8763248237e+01
-3.1176892189e-04 1.7767514106e-06 1.7065451169e+01
-3.0013015300e-04 1.6518016000e-06 1.7055137869e+01
-3.4114723528e-05 1.2666465013e-04 3.1834364578e+01
-2.8845590669e-04 1.5783721784e-06 1.6859829793e+01
3.7532882209e-05 1.3037197854e-04 5.4812614935e+01
2.8144610628e-04 9.0303096013e-06 1.8506190851e+01
7.4271952472e-05 1.4839094299e-04 1.9848298328e+01
2.5754457985e-04 1.4136841764e-04 1.3072499599e+01
2.8534646603e-04 9.1539051369e-06 1.7709228772e+01
-1.2777142225e-04 1.1547318160e-04 3.3348280535e+01
-1.4388435093e-04 1.1240796449e-04 3.3733834793e+01
3.3885187807e-04 9.1981413501e-05 1.2203776239e+01
3.7813827320e-04 4.0467648634e-05 1.1452572332e+01
1.1793597395e-04 1.6035215506e-04 1.7333028454e+01
-6.6867029102e-05 1.2140304775e-04 3.2181417314e+01
-2.5469604780e-04 4.5670987242e-06 3.5560525648e+01
-8.8369776688e-05 1.2139048283e-04 3.2554853153e+01
-1.8426088626e-04 4.3853404515e-06 4.9272575083e+01
-1.8558348745e-04 5.8928221639e-06 4.8933340866e+01
3.8459060798e-04 1.3259104229e-05 8.6535397807e+00
8.7525585061e-05 1.5063350851e-04 1.9756400790e+01
1.8768864098e-04 1.6316253022e-04 1.3561434829e+01
-3.1332763997e-04 5.4158722290e-05 2.4633318541e+01
2.7251742596e-04 2.8604284078e-06 2.1890825387e+01
2.2898768870e-04 4.3508983231e-06 2.0960262514e+01
2.5693086386e-04 5.2801346833e-06 2.1512647102e+01
2.6903827324e-04 5.6334981264e-06 2.1404599594e+01
2.9634648833e-04 3.1094843542e-06 1.7794016940e+01
5.8655713021e-05 1.3748135379e-04 7.1605221867e+01
3.1250842345e-04 3.0835040251e-06 1.7740965209e+01
-6.5000925688e-06 1.2587509792e-04 3.7402599096e+01
3.5751647344e-04 7.9198354805e-06 1.1591318977e+01
3.4568597850e-04 7.4956377464e-06 1.4553192308e+01
2.8527221119e-04 1.3143892238e-04 1.2650713185e+01
-2.8263093866e-04 6.7305590127e-05 3.8526057237e+01
3.6474252410e-04 3.9912804244e-06 9.0320763857e+00
2.9661641490e-04 1.1739345995e-04 1.2882225433e+01
3.7658104401e-04 4.1367761122e-06 5.7504099598e+00
3.1839595579e-04 1.0997319325e-04 1.2356202518e+01
1.8114054426e-04 1.6066651061e-04 1.3874469384e+01
3.2855402909e-04 3.4309265503e-06 1.6939218919e+01
9.5219696457e-05 1.5580748062e-04 1.8676860500e+01
-3.9269291893e-05 1.2639799986e-04 3.1872223939e+01
2.8880773052e-04 6.2082908444e-06 1.7419970779e+01
1.0718928252e-04 1.5512133151e-04 1.8205699246e+01
3.8474506450e-04 2.6442876210e-05 1.0876570451e+01
-2.5957611918e-04 7.4940851412e-05 3.7793356990e+01
-3.4872406878e-04 3.9384643336e-05 1.2009382193e+01
3.6958368277e-04 4.9227325385e-05 1.1914812746e+01
3.5689684142e-04 6.7698179303e-05 1.2180597532e+01
3.2864891037e-04 1.0116240944e-04 1.2293646103e+01
3.9296349771e-04 7.8300812620e-06 6.8170637488e+00
-3.8746950303e-04 8.2979554428e-06 5.5509294163e+00
-2.4374153011e-04 8.2040365703e-05 3.7146237917e+01
1.4583929302e-04 1.6167042216e-04 1.4823733742e+01
-4.1520826496e-05 1.2610907776e-04 3.1893201428e+01
-1.9825482288e-04 9.6979529414e-05 3.5398079460e+01
-1.2090120246e-04 1.1452528085e-04 3.3221926141e+01
-3.3592628115e-04 4.4415360748e-05 1.3699932217e+01
2.0581797403e-04 1.6004431179e-04 1.3410816688e+01
-7.0485357453e-05 1.2338958653e-04 3.2260363334e+01
-1.0954026657e-04 1.1850841372e-04 3.2955468045e+01
2.1447088718e-04 1.5826751946e-04 1.3324615612e+01
-1.5149950522e-04 1.0869916917e-04 3.3995497283e+01
-2.2068532735e-04 9.0304152383e-05 3.6069790400e+01
2.3842758784e-04 1.4791664014e-04 1.3289604751e+01
3.5125953973e-04 7.4376373048e-05 1.2258145762e+01
3.8479823182e-05 1.3313385311e-04 6.1532057350e+01
-2.1758910305e-04 9.3351406828e-05 3.5905499161e+01
-2.3258397392e-04 8.5818045461e-05 3.6401335319e+01
1.2526018098e-04 1.6196803085e-04 1.7182034379e+01
-2.0707853807e-04 9.6714889060e-05 3.5576595785e+01
-1.1219223305e-04 1.1813321639e-04 3.3010040164e+01
8.2010172196e-07 1.2668307207e-04 4.0581762287e+01
-2.6868046184e-04 7.1283973177e-05 3.7946402043e+01
3.1442322909e-04 1.0923630343e-04 1.2554184618e+01
2.9686127665e-04 1.2099789764e-04 1.2714332675e+01
2.9334745256e-04 1.2351177766e-04 1.2729199440e+01
1.7319364149e-04 1.6127859226e-04 1.3977616690e+01
3.5993032880e-04 6.4204139197e-05 1.2119757062e+01
3.8750967236e-04 1.3908062504e-05 9.0200774724e+00
-4.6661849793e-05 1.2572883547e-04 3.1950099324e+01
-3.6538199607e-04 2.8020015397e-05 1.0610201552e+01
1.9653094417e-04 1.6189804344e-04 1.3481476723e+01
7.7617325338e-06 1.2998761580e-04 4.6633516869e+01
-1.8967412340e-04 9.9680542334e-05 3.5114652642e+01
-2.5083282334e-04 7.9053232644e-05 3.7606814109e+01
2.4557305881e-04 1.4595485479e-04 1.3192749602e+01
2.6821503396e-04 1.3628471401e-04 1.2987945588e+01
2.5789029498e-04 1.4464713586e-04 1.2901651536e+01
7.8087061054e-05 1.4735120699e-04 2.0941447076e+01
3.7265358125e-04 4.5134001551e-05 1.1778015103e+01
-4.9970029723e-05 1.2339292703e-04 3.1987137327e+01
2.7852721281e-04 1.3160533871e-04 1.2872449743e+01
-1.8446509809e-04 1.0129109764e-04 3.4943220980e+01
1.6610853587e-04 1.6190702477e-04 1.4048677248e+01
2.8559103284e-05 1.2981453507e-04 5.1112526015e+01
9.1144550749e-05 1.5222899009e-04 1.9358197255e+01
1.2098707582e-04 1.5858767957e-04 1.7171107474e+01
3.1167402814e-04 1.1567646924e-04 1.2379811191e+01
6.2834067432e-05 1.3731156817e-04 5.0187845840e+01
1.5813573370e-04 1.6255461464e-04 1.4125185684e+01
3.7832036369e-04 3.3671329035e-05 1.1415368173e+01
5.2712151209e-05 1.3347202257e-04 6.0255708513e+01
-2.4009675136e-04 8.5516123060e-05 3.6556759112e+01
-5.2601040117e-05 1.2326224360e-04 3.2007871584e+01
-1.2377993772e-04 1.1441292449e-04 3.3282117589e+01
-1.3973730947e-04 1.1154031423e-04 3.3671123795e+01
2.2843212384e-04 1.5131936512e-04 1.3375012283e+01
-1.7316130498e-04 1.0389632475e-04 3.4610923570e+01
-3.7821395308e-04 1.4272306456e-05 9.5087174051e+00
-9.2288840056e-05 1.1924695810e-04 3.2612418904e+01
-3.5536568207e-04 3.2478200180e-05 1.1717930583e+01
-3.4056956868e-04 4.2375407843e-05 1.3086425056e+01
3.6283082746e-04 6.0783342731e-05 1.2050990148e+01
-2.6406903461e-04 7.3970843766e-05 3.8006078723e+01
-2.5822992941e-04 7.8668938146e-05 3.8144356568e+01
2.9006669241e-04 1.2596429076e-04 1.2735127969e+01
3.9520664785e-04 3.6776737141e-06 5.1415502790e+00
-3.9239822310e-04 3.9833658458e-06 3.8379521128e+00
3.0879733696e-05 1.3025794087e-04 5.2702843805e+01
3.8386205012e-04 2.2689181442e-05 1.0617997713e+01
-1.6868540589e-04 1.0539146066e-04 3.4460865405e+01
1.4932669596e-04 1.6284259431e-04 1.4322721882e+01
2.5199974975e-04 1.4693993320e-04 1.2960405771e+01
-2.0031493458e-04 9.7099635255e-05 3.5430686742e+01
-1.5457281949e-04 1.1078266175e-04 3.3995356171e+01
1.7645211501e-04 1.6210217673e-04 1.3849638488e+01
-9.4817742581e-05 1.1909797576e-04 3.2661810108e+01
2.1600266896e-04 1.5560299015e-04 1.3445896261e+01
1.9374830921e-04 1.5975359023e-04 1.3685542494e+01
8.0532362413e-05 1.4892427356e-04 2.0253853902e+01
1.3120001148e-04 1.6039738144e-04 1.7613293905e+01
-1.3330704978e-04 1.1504855638e-04 3.3469788216e+01
2.4186925316e-04 1.4792154957e-04 1.3196528684e+01
-3.7028700460e-04 2.1201784210e-05 1.0598433223e+01
2.7501262778e-04 1.3377874231e-04 1.2887527255e+01
3.6556839225e-04 5.7535388145e-05 1.1975997725e+01
-1.1589993158e-04 1.1605997487e-04 3.3098252151e+01
2.0814109246e-04 1.5708005333e-04 1.3541372619e+01
-6.0270769629e-05 1.2274940406e-04 3.2093503690e+01
1.2416177802e-04 1.5981646826e-04 1.7388386588e+01
