x_m,y_m,sigma_comp_mag_Pa
4.0000000000e-04,0.0000000000e+00,-1.0529923986e+00
-4.0000000000e-04,3.0616169979e-20,-1.6192559146e+00
3.9659767487e-04,5.9159324322e-06,1.0050589936e+01
3.9435122384e-04,1.1244116159e-05,9.7809027735e+00
3.9231172958e-04,1.6335625596e-05,1.0195375517e+01
3.9030601142e-04,2.1254882033e-05,1.0515863428e+01
3.8827817083e-04,2.6036667877e-05,1.0746210957e+01
3.8620077927e-04,3.0699250817e-05,1.0928837850e+01
3.8405923116e-04,3.5254656951e-05,1.1091367812e+01
3.8184650776e-04,3.9708172050e-05,1.1229760759e+01
3.7955801256e-04,4.4065519610e-05,1.1342813155e+01
3.7719203471e-04,4.8329752611e-05,1.1441403140e+01
3.7474803025e-04,5.2503428334e-05,1.1525595179e+01
3.7222647403e-04,5.6588433365e-05,1.1597690611e+01
3.6962832705e-04,6.0586304642e-05,1.1659161582e+01
3.6695483646e-04,6.4498417005e-05,1.1712052536e+01
3.6420749657e-04,6.8326002520e-05,1.1758199036e+01
3.6138801044e-04,7.2070252080e-05,1.1798836337e+01
3.5849817732e-04,7.5732167162e-05,1.1835533771e+01
3.5553980170e-04,7.9312727846e-05,1.1868776744e+01
3.5251478458e-04,8.2812923277e-05,1.1899826465e+01
3.4942504898e-04,8.6233677999e-05,1.1929596418e+01
3.4627249411e-04,8.9575853515e-05,1.1958034211e+01
3.4305896613e-04,9.2840350468e-05,1.1986231214e+01
3.3978647526e-04,9.6027951533e-05,1.2014706258e+01
3.3645681220e-04,9.9139573494e-05,1.2042148236e+01
3.3307176580e-04,1.0217598815e-04,1.2070477293e+01
3.2963318254e-04,1.0513795332e-04,1.2099670082e+01
3.2614280113e-04,1.0802628481e-04,1.2129200188e+01
3.2260232314e-04,1.1084172806e-04,1.2159644542e+01
3.1901339872e-04,1.1358503222e-04,1.2190257515e+01
3.1537764673e-04,1.1625688442e-04,1.2222905000e+01
3.1169664745e-04,1.1885802342e-04,1.2255989452e+01
3.0797192771e-04,1.2138913989e-04,1.2289026024e+01
3.0420490345e-04,1.2385084572e-04,1.2324660867e+01
3.0039699187e-04,1.2624379795e-04,1.2360580211e+01
2.9654957524e-04,1.2856865024e-04,1.2396814658e+01
2.9266394382e-04,1.3082598750e-04,1.2432852732e+01
2.8874129304e-04,1.3301630041e-04,1.2471582355e+01
2.8478287505e-04,1.3514016979e-04,1.2509859840e+01
2.8078980022e-04,1.3719807791e-04,1.2547995721e+01
2.7676317085e-04,1.3919041652e-04,1.2588114578e+01
2.7270401357e-04,1.4111767696e-04,1.2627436797e+01
2.6861328113e-04,1.4298018468e-04,1.2666307677e+01
2.6449191129e-04,1.4477820485e-04,1.2706856426e+01
2.6034077944e-04,1.4651206777e-04,1.2747069740e+01
2.5616065493e-04,1.4818195715e-04,1.2786531383e+01
2.5195236435e-04,1.4978791642e-04,1.2826375886e+01
2.4771656792e-04,1.5133007059e-04,1.2866093244e+01
2.4345395197e-04,1.5280838381e-04,1.2904709269e+01
2.3916508520e-04,1.5422273412e-04,1.2943737780e+01
2.3485055358e-04,1.5557289051e-04,1.2981180800e+01
2.3051080140e-04,1.5685849754e-04,1.3017889746e+01
2.2614627972e-04,1.5807903808e-04,1.3053620392e+01
2.2175734613e-04,1.5923390900e-04,1.3089670663e+01
2.1734438371e-04,1.6032231816e-04,1.3123284213e+01
2.1290761401e-04,1.6134321865e-04,1.3154894040e+01
2.0844720850e-04,1.6229528867e-04,1.3185867850e+01
2.0396332341e-04,1.6317696294e-04,1.3212961996e+01
1.9945590120e-04,1.6398628465e-04,1.3241676220e+01
1.9492509732e-04,1.6472077536e-04,1.3264887410e+01
1.9037059955e-04,1.6537740204e-04,1.3284811031e+01
1.8579210509e-04,1.6595228414e-04,1.3300893644e+01
1.8118902577e-04,1.6644029667e-04,1.3310477003e+01
1.7656048300e-04,1.6683460579e-04,1.3318749104e+01
1.7190468065e-04,1.6712533107e-04,1.3295934790e+01
1.6721781750e-04,1.6729600718e-04,1.3233743989e+01
1.6248994498e-04,1.6730799417e-04,1.4259022824e+01
1.5779877131e-04,1.6707095961e-04,1.7706660741e+01
1.5335706353e-04,1.6664629799e-04,1.7702825929e+01
1.4913993498e-04,1.6615611236e-04,1.8011445138e+01
1.4508732046e-04,1.6565810088e-04,1.7914161282e+01
1.4114480680e-04,1.6517616525e-04,1.7612283608e+01
1.3728420826e-04,1.6472113630e-04,1.7189886499e+01
1.3345132159e-04,1.6428777206e-04,1.7491517585e+01
1.2964203480e-04,1.6386262130e-04,1.7926699473e+01
1.2584773580e-04,1.6343702097e-04,1.8002575183e+01
1.2206147920e-04,1.6300442965e-04,1.8080548007e+01
1.1827794151e-04,1.6255819402e-04,1.8128267422e+01
1.1449339497e-04,1.6209129409e-04,1.8143096578e+01
1.1070505592e-04,1.6159645337e-04,1.8153092828e+01
1.0691295145e-04,1.6106715048e-04,1.8125633292e+01
1.0311517112e-04,1.6049618232e-04,1.8119485155e+01
9.9312090937e-05,1.5987641317e-04,1.8090578105e+01
9.5503633589e-05,1.5919954852e-04,1.8067186418e+01
9.1690609357e-05,1.5845620801e-04,1.8042436180e+01
8.7874046571e-05,1.5763553064e-04,1.8030816498e+01
8.4055899854e-05,1.5672469916e-04,1.8033910701e+01
8.0241890719e-05,1.5570802061e-04,1.8058049479e+01
7.6443898412e-05,1.5456566953e-04,1.8103964885e+01
7.2679923470e-05,1.5327087193e-04,1.8156917220e+01
6.8978552665e-05,1.5178800623e-04,1.8291878586e+01
6.5379000764e-05,1.5006339525e-04,1.7559394022e+01
6.1968296381e-05,1.4798673254e-04,2.3229472849e+01
5.9153144753e-05,1.4528309222e-04,1.9241613936e+00
5.7928200064e-05,1.4300809462e-04,6.1525485833e+01
5.6550104331e-05,1.4173439693e-04,1.2797759206e+02
5.4796986401e-05,1.4077218149e-04,1.0448157498e+02
5.2902425563e-05,1.3994173817e-04,9.6283975154e+01
5.0925401289e-05,1.3920545136e-04,9.1822698617e+01
4.8893943903e-05,1.3854705234e-04,8.7723293703e+01
4.6818048828e-05,1.3795220072e-04,8.4289106970e+01
4.4706362707e-05,1.3740985599e-04,8.1132731585e+01
4.2564089845e-05,1.3691212781e-04,7.8263902600e+01
4.0395324490e-05,1.3645327273e-04,7.5552017487e+01
3.8202768117e-05,1.3602801026e-04,7.3044270429e+01
3.5988582716e-05,1.3563210768e-04,7.0608904915e+01
3.3754342995e-05,1.3526191853e-04,6.8250511927e+01
3.1501261036e-05,1.3491435408e-04,6.5949296554e+01
2.9230276582e-05,1.3458672332e-04,6.3699209693e+01
2.6941993793e-05,1.3427658153e-04,6.1468402421e+01
2.4636864008e-05,1.3398168446e-04,5.9256280712e+01
2.2315132960e-05,1.3369993834e-04,5.7040763753e+01
1.9976819306e-05,1.3342930461e-04,5.4807129102e+01
1.7621696922e-05,1.3316760129e-04,5.2555622218e+01
1.5249319714e-05,1.3291208805e-04,5.0369331468e+01
1.2860663473e-05,1.3265871732e-04,4.9118351314e+01
1.0464574670e-05,1.3241173421e-04,5.0729146574e+01
8.0771219465e-06,1.3218473128e-04,5.1760248343e+01
5.6908485313e-06,1.3197465887e-04,5.0750668708e+01
3.2981013644e-06,1.3177332279e-04,4.9307438376e+01
8.9753935729e-07,1.3157769224e-04,4.7909747597e+01
-1.5112899358e-06,1.3138627109e-04,4.6529041563e+01
-3.9285152105e-06,1.3119799092e-04,4.5154433810e+01
-6.3541746206e-06,1.3101199203e-04,4.3802757293e+01
-8.7882614052e-06,1.3082755029e-04,4.2485298344e+01
-1.1230729990e-05,1.3064394053e-04,4.1167744780e+01
-1.3681460321e-05,1.3046058353e-04,3.9874936820e+01
-1.6140379172e-05,1.3027695416e-04,3.8629489015e+01
-1.8607190773e-05,1.3009253259e-04,3.7425156860e+01
-2.1081584184e-05,1.2990686196e-04,3.6256346938e+01
-2.3563459081e-05,1.2971947484e-04,3.5076254749e+01
-2.6052752918e-05,1.2952988480e-04,3.3869617292e+01
-2.8549355023e-05,1.2933770526e-04,3.2704355113e+01
-3.1053109797e-05,1.2914255865e-04,3.2355247607e+01
-3.3563852908e-05,1.2894409175e-04,3.2256395654e+01
-3.6081421709e-05,1.2874196529e-04,3.2230029453e+01
-3.8605638175e-05,1.2853585651e-04,3.2229068737e+01
-4.1136350399e-05,1.2832546690e-04,3.2233686891e+01
-4.3673367159e-05,1.2811051233e-04,3.2236105328e+01
-4.6216528101e-05,1.2789071365e-04,3.2248247080e+01
-4.8765654602e-05,1.2766580738e-04,3.2262367772e+01
-5.1320577137e-05,1.2743553719e-04,3.2278508823e+01
-5.3881115109e-05,1.2719966730e-04,3.2295261468e+01
-5.6447096820e-05,1.2695797309e-04,3.2316048998e+01
-5.9018354648e-05,1.2671023674e-04,3.2336719894e+01
-6.1594713858e-05,1.2645623820e-04,3.2355733629e+01
-6.4175971809e-05,1.2619578251e-04,3.2381666216e+01
-6.6762004854e-05,1.2592866807e-04,3.2411629712e+01
-6.9352613333e-05,1.2565471529e-04,3.2438368584e+01
-7.1947629920e-05,1.2537374729e-04,3.2467753659e+01
-7.4546884414e-05,1.2508559028e-04,3.2498542236e+01
-7.7150205219e-05,1.2479007525e-04,3.2531529082e+01
-7.9757446198e-05,1.2448703996e-04,3.2561235445e+01
-8.2368382396e-05,1.2417634260e-04,3.2594372889e+01
-8.4982900979e-05,1.2385782369e-04,3.2631790778e+01
-8.7600816234e-05,1.2353134616e-04,3.2668385085e+01
-9.0221963524e-05,1.2319676567e-04,3.2706238403e+01
-9.2846180249e-05,1.2285394637e-04,3.2744483042e+01
-9.5473301623e-05,1.2250275947e-04,3.2783944801e+01
-9.8103155272e-05,1.2214308437e-04,3.2826861202e+01
-1.0073561252e-04,1.2177479217e-04,3.2868703978e+01
-1.0337046362e-04,1.2139776891e-04,3.2913204783e+01
-1.0600760368e-04,1.2101189108e-04,3.2957377273e+01
-1.0864682236e-04,1.2061705792e-04,3.3002051879e+01
-1.1128799899e-04,1.2021314858e-04,3.3049492593e+01
-1.1393096594e-04,1.1980006342e-04,3.3096983384e+01
-1.1657556103e-04,1.1937770025e-04,3.3145492941e+01
-1.1922163612e-04,1.1894594150e-04,3.3196744859e+01
-1.2186903155e-04,1.1850470176e-04,3.3248088242e+01
-1.2451760377e-04,1.1805388344e-04,3.3300207312e+01
-1.2716719576e-04,1.1759338628e-04,3.3354260689e+01
-1.2981765377e-04,1.1712312305e-04,3.3408825131e+01
-1.3246881420e-04,1.1664299571e-04,3.3465368487e+01
-1.3512056569e-04,1.1615290559e-04,3.3522089018e+01
-1.3777271257e-04,1.1565278368e-04,3.3579577115e+01
-1.4042514020e-04,1.1514253651e-04,3.3638621079e+01
-1.4307767725e-04,1.1462207806e-04,3.3699262448e+01
-1.4573019092e-04,1.1409131504e-04,3.3760403385e+01
-1.4838253208e-04,1.1355016741e-04,3.3822316961e+01
-1.5103452442e-04,1.1299855945e-04,3.3886602520e+01
-1.5368607208e-04,1.1243640254e-04,3.3952265515e+01
-1.5633700720e-04,1.1186362466e-04,3.4017821404e+01
-1.5898715762e-04,1.1128014557e-04,3.4084231876e+01
-1.6163641276e-04,1.1068587389e-04,3.4152481755e+01
-1.6428460807e-04,1.1008074697e-04,3.4221683914e+01
-1.6693159936e-04,1.0946468552e-04,3.4292712862e+01
-1.6957724870e-04,1.0883761270e-04,3.4363889667e+01
-1.7222140312e-04,1.0819944779e-04,3.4436259023e+01
-1.7486392157e-04,1.0755011776e-04,3.4510308550e+01
-1.7750463519e-04,1.0688956793e-04,3.4585100904e+01
-1.8014344248e-04,1.0621770328e-04,3.4661641046e+01
-1.8278017112e-04,1.0553445951e-04,3.4739084990e+01
-1.8541468869e-04,1.0483975884e-04,3.4817403416e+01
-1.8804687253e-04,1.0413352725e-04,3.4896521505e+01
-1.9067656543e-04,1.0341571801e-04,3.4976041231e+01
-1.9330362316e-04,1.0268626301e-04,3.5055580310e+01
-1.9592788223e-04,1.0194509801e-04,3.5136428299e+01
-1.9854915355e-04,1.0119217434e-04,3.5217567180e+01
-2.0116734521e-04,1.0042741371e-04,3.5299595970e+01
-2.0378226947e-04,9.9650785549e-05,3.5382190187e+01
-2.0639377452e-04,9.8862231420e-05,3.5464315994e+01
-2.0900171781e-04,9.8061694546e-05,3.5546962486e+01
-2.1160589853e-04,9.7249136276e-05,3.5628931225e+01
-2.1420623131e-04,9.6424517252e-05,3.5710771631e+01
-2.1680246349e-04,9.5587828590e-05,3.5790830713e+01
-2.1939447961e-04,9.4739018320e-05,3.5870149510e+01
-2.2198207825e-04,9.3878078246e-05,3.5947445673e+01
-2.2456505793e-04,9.3005009051e-05,3.6021996620e+01
-2.2714323156e-04,9.2119827908e-05,3.6092221902e+01
-2.2971635797e-04,9.1222537122e-05,3.6157544935e+01
-2.3228418575e-04,9.0313169387e-05,3.6212542855e+01
-2.3484637588e-04,8.9391753520e-05,3.6261122825e+01
-2.3740235621e-04,8.8458431930e-05,3.6294601481e+01
-2.3995141375e-04,8.7513161251e-05,3.6328203365e+01
-2.4249198747e-04,8.6556006871e-05,3.6447626252e+01
-2.4502254651e-04,8.5586795905e-05,3.6777885959e+01
-2.4754348063e-04,8.4605852622e-05,3.7232592523e+01
-2.5005761227e-04,8.3612927214e-05,3.7653556290e+01
-2.5256758696e-04,8.2607347759e-05,3.7963435510e+01
-2.5507514626e-04,8.1588605976e-05,3.8139972660e+01
-2.5758035624e-04,8.0556941356e-05,3.8228160621e+01
-2.6008213520e-04,7.9512759114e-05,3.8315145863e+01
-2.6257957365e-04,7.8456683930e-05,3.8403497099e+01
-2.6507241251e-04,7.7389125109e-05,3.8494809615e+01
-2.6756047846e-04,7.6310475202e-05,3.8591187034e+01
-2.7004367689e-04,7.5221261283e-05,3.8688165593e+01
-2.7252204249e-04,7.4122060229e-05,3.8782558254e+01
-2.7499571178e-04,7.3013498424e-05,3.8883641646e+01
-2.7746480690e-04,7.1896333745e-05,3.8976292971e+01
-2.7992983690e-04,7.0771368881e-05,3.9069559583e+01
-2.8239107216e-04,6.9639783082e-05,3.9152204963e+01
-2.8484918085e-04,6.8502815638e-05,3.9231418437e+01
-2.8730491048e-04,6.7361931832e-05,3.9301301043e+01
-2.8975924997e-04,6.6218941520e-05,3.9353550466e+01
-2.9221344384e-04,6.5076057340e-05,3.9387451292e+01
-2.9466911868e-04,6.3935934188e-05,3.9387978566e+01
-2.9712816802e-04,6.2801822280e-05,3.9356191886e+01
-2.9959299814e-04,6.1677962641e-05,3.9282426840e+01
-3.0206723681e-04,6.0569508324e-05,3.9090737470e+01
-3.0455419921e-04,5.9483366431e-05,3.8875145626e+01
-3.0705930769e-04,5.8428914827e-05,3.8521466843e+01
-3.0958874277e-04,5.7419593273e-05,3.7905778474e+01
-3.1215061605e-04,5.6476374761e-05,3.7530948766e+01
-3.1475783024e-04,5.5635951579e-05,3.7077970574e+01
-3.1742006732e-04,5.5011251666e-05,3.0563224463e+01
-3.2043632416e-04,5.4648741034e-05,1.9643010397e+01
-3.2477095237e-04,5.4022476694e-05,1.4718335283e+01
-3.3028060129e-04,5.2252295458e-05,1.1628133065e+01
-3.3576279534e-04,4.9730088091e-05,1.2196259822e+01
-3.4118689418e-04,4.6802638905e-05,1.1908277827e+01
-3.4659004074e-04,4.3555729159e-05,1.1644950031e+01
-3.5199652755e-04,4.0020939524e-05,1.1304473926e+01
-3.5742636746e-04,3.6207963194e-05,1.0924681693e+01
-3.6290131650e-04,3.2110386908e-05,1.0499734323e+01
-3.6843682012e-04,2.7712578593e-05,1.0070755334e+01
-3.7405880293e-04,2.2984001341e-05,9.5887807756e+00
-3.7980367838e-04,1.7882473824e-05,9.0379565619e+00
-3.8573344796e-04,1.2364085137e-05,8.7083913126e+00
-3.9207183059e-04,6.4002345036e-06,8.2502893897e+00
-3.9600000000e-04,3.0463089129e-20,-6.1032587657e-01
-3.9200000000e-04,3.0310008279e-20,-6.9053047045e-01
-3.8800000000e-04,3.0156927429e-20,-1.4891124555e+00
-3.8400000000e-04,3.0003846579e-20,2.9160284194e+00
-3.8000000000e-04,2.9850765729e-20,9.4349206086e+00
-3.7600000000e-04,2.9697684879e-20,1.6438518018e+01
-3.7200000000e-04,2.9544604029e-20,1.9787132501e+01
-3.6800000000e-04,2.9391523180e-20,2.1556262265e+01
-3.6400000000e-04,2.9238442330e-20,2.2893623912e+01
-3.5600000000e-04,2.8932280630e-20,2.3357748195e+01
-3.4400000000e-04,2.8473038080e-20,2.0531783174e+01
-2.5200000000e-04,2.4952178533e-20,3.7064678931e+01
-2.3200000000e-04,2.4186774283e-20,4.3101769155e+01
-2.1200000000e-04,2.3421370034e-20,4.6831114034e+01
-1.9200000000e-04,2.2655965784e-20,4.9262964826e+01
-1.7200000000e-04,2.1890561535e-20,5.0935161085e+01
-1.5200000000e-04,2.1125157285e-20,5.2125160138e+01
-1.3200000000e-04,2.0359753036e-20,5.2963203810e+01
-1.1200000000e-04,1.9594348786e-20,5.3484647237e+01
-9.2000000000e-05,1.8828944537e-20,5.3651295220e+01
-8.4000000000e-05,1.8522782837e-20,5.3597515373e+01
-6.4000000000e-05,1.7757378588e-20,5.3079530886e+01
-4.4000000000e-05,1.6991974338e-20,5.1860745123e+01
-2.4000000000e-05,1.6226570089e-20,4.9732484070e+01
-4.0000000000e-06,1.5461165839e-20,4.6528870360e+01
1.6000000000e-05,1.4695761590e-20,4.2245255268e+01
2.4000000000e-05,1.4389599890e-20,4.0282187805e+01
3.6000000000e-05,1.3930357340e-20,3.7169472089e+01
4.4000000000e-05,1.3624195641e-20,3.5046523020e+01
5.6000000000e-05,1.3164953091e-20,3.1916936336e+01
6.4000000000e-05,1.2858791391e-20,2.9946218678e+01
7.6000000000e-05,1.2399548841e-20,2.7298434243e+01
8.4000000000e-05,1.2093387142e-20,2.5811974628e+01
9.6000000000e-05,1.1634144592e-20,2.4095391771e+01
1.1600000000e-04,1.0868740342e-20,2.2522516924e+01
2.4400000000e-04,5.9701531458e-21,2.2170290054e+01
2.5200000000e-04,5.6639914461e-21,2.2525138733e+01
2.6400000000e-04,5.2047488964e-21,2.3108805159e+01
2.7200000000e-04,4.8985871966e-21,2.3050332815e+01
2.8000000000e-04,4.5924254968e-21,1.9366713085e+01
2.8400000000e-04,4.4393446469e-21,1.8300747706e+01
2.8800000000e-04,4.2862637970e-21,1.7599033370e+01
2.9200000000e-04,4.1331829471e-21,1.7718694013e+01
2.9600000000e-04,3.9801020972e-21,1.8007359537e+01
3.0000000000e-04,3.8270212473e-21,1.8181221356e+01
3.0400000000e-04,3.6739403974e-21,1.8327617636e+01
3.0800000000e-04,3.5208595475e-21,1.8378764940e+01
3.1200000000e-04,3.3677786977e-21,1.8354688391e+01
3.1600000000e-04,3.2146978478e-21,1.8263017320e+01
3.2000000000e-04,3.0616169979e-21,1.8138192212e+01
3.2400000000e-04,2.9085361480e-21,1.7814275505e+01
3.2800000000e-04,2.7554552981e-21,1.7317658202e+01
3.3200000000e-04,2.6023744482e-21,1.7339901282e+01
3.3600000000e-04,2.4492935983e-21,1.7480214110e+01
3.4000000000e-04,2.2962127484e-21,1.7415626778e+01
3.4400000000e-04,2.1431318985e-21,1.5975479318e+01
3.4800000000e-04,1.9900510486e-21,1.3859134791e+01
3.5200000000e-04,1.8369701987e-21,1.2442723391e+01
3.5600000000e-04,1.6838893488e-21,1.1091709893e+01
3.6000000000e-04,1.5308084989e-21,9.7898465916e+00
3.6400000000e-04,1.3777276490e-21,8.4948186610e+00
3.6800000000e-04,1.2246467991e-21,7.1767694823e+00
3.7200000000e-04,1.0715659493e-21,5.8042805907e+00
3.7600000000e-04,9.1848509936e-22,4.3396848201e+00
3.8000000000e-04,7.6540424947e-22,2.7462666798e+00
3.8400000000e-04,6.1232339957e-22,8.7639967375e-01
3.8800000000e-04,4.5924254968e-22,-6.8888717745e-01
3.9200000000e-04,3.0616169979e-22,-1.0178363796e+00
3.9600000000e-04,1.5308084989e-22,-1.3590979520e+00
-2.2147803646e-05,1.2762937529e-04,3.3839925104e+01
-4.4525052492e-05,1.2599101669e-04,3.2004580712e+01
-1.4165902783e-05,1.4636756697e-06,4.8065030357e+01
5.3475222692e-05,1.5035016605e-06,3.2285918405e+01
-5.3998811173e-05,1.4534378263e-06,5.2340458791e+01
1.7685085730e-05,1.4796738823e-06,4.1589757733e+01
2.1611848051e-05,1.3138110163e-04,5.2850745037e+01
4.1963232858e-05,1.3451569354e-04,6.8693437010e+01
-9.1356140595e-05,1.2108669176e-04,3.2648059550e+01
-8.5864710667e-05,1.4512384553e-06,5.3381775349e+01
8.5237723385e-05,1.5225782850e-06,2.5366168428e+01
6.0595642819e-05,1.4259254734e-04,7.9238730938e+00
1.1698305943e-04,1.5317257184e-06,2.2393938568e+01
-1.1772342026e-04,1.4523866267e-06,5.3131528912e+01
8.7077153640e-05,1.5442422686e-04,1.8869315043e+01
-1.3596246675e-04,1.1387307491e-04,3.3553758491e+01
1.4480735918e-04,1.5247675161e-06,2.1608784131e+01
-1.4559120279e-04,1.4553647860e-06,5.2196619090e+01
1.1713023743e-04,1.5935800453e-04,1.8214910267e+01
-1.5718038124e-04,1.0945155974e-04,3.4086791565e+01
1.7275310367e-04,1.5738976917e-06,2.1051727455e+01
-1.7348160484e-04,1.4486521634e-06,5.0614101848e+01
-1.7862505321e-04,1.0460060748e-04,3.4680795838e+01
1.4783178856e-04,1.6320367660e-04,1.7472604748e+01
2.0067983266e-04,1.7702345302e-06,2.0714854385e+01
-2.0129162924e-04,1.4677622680e-06,4.8062136120e+01
-1.9956395196e-04,9.8847065473e-05,3.5320100493e+01
1.8353901734e-04,1.6322109833e-04,1.3604653056e+01
-2.2911269151e-04,1.4805018121e-06,4.3610489783e+01
2.2858900989e-04,2.0852198618e-06,2.1113522049e+01
2.1903012986e-04,1.5696033659e-04,1.3298160427e+01
-2.2032200146e-04,9.2502948153e-05,3.5952006653e+01
2.5655888427e-04,2.5273206436e-06,2.2034356437e+01
-2.5692280410e-04,1.4929252295e-06,3.4992162395e+01
2.4892556420e-04,1.4743316731e-04,1.3038439511e+01
-2.3820385066e-04,8.5970689361e-05,3.6423649009e+01
2.7782700572e-04,1.3526341067e-04,1.2742777417e+01
-2.5584525928e-04,7.8938367846e-05,3.7818680364e+01
2.8043544509e-04,3.0649540267e-06,1.9327408681e+01
-2.8064666805e-04,1.5498488335e-06,2.1340689344e+01
3.0486063211e-04,1.1917073509e-04,1.2513783127e+01
-2.7325673767e-04,7.1252081365e-05,3.8227653400e+01
-3.0399142157e-04,1.6905713771e-06,1.7068961744e+01
3.0434992161e-04,3.1448543666e-06,1.7851187341e+01
3.2568110486e-04,1.0404690625e-04,1.2321916880e+01
-2.8787816145e-04,6.4709518057e-05,3.8062320840e+01
-3.4081398316e-05,1.4572999375e-06,5.0702518841e+01
3.2448819124e-04,3.3631010985e-06,1.7114115828e+01
-3.2343064632e-04,1.9206640111e-06,1.7138474425e+01
-3.0291232570e-04,5.7731818037e-05,3.5220233187e+01
3.4538528966e-04,8.5283498884e-05,1.2169111961e+01
-3.4275935905e-04,2.3644675208e-06,2.0084824906e+01
3.4499356589e-04,3.6647632635e-06,1.5110705861e+01
3.6046891637e-04,6.8093143014e-05,1.1979572590e+01
-3.1637562804e-04,5.3192746175e-05,1.8379554441e+01
1.0110704524e-04,1.5286322006e-06,2.3383473539e+01
-1.0179519972e-04,1.4514772660e-06,5.3382044176e+01
6.9362261533e-05,1.5138535318e-06,2.8438816718e+01
-6.9932387249e-05,1.4518218071e-06,5.3064406793e+01
3.3598816312e-05,1.4899051866e-06,3.7537401604e+01
1.7626280605e-06,1.4708036214e-06,4.5159191880e+01
-3.2146583737e-05,1.2687545892e-04,3.1928373218e+01
-1.2259715028e-05,1.2835244487e-04,3.8403404204e+01
9.7225165861e-06,1.3017450113e-04,4.7656592811e+01
-5.4778309307e-05,1.2505220253e-04,3.2113413413e+01
5.0604075994e-05,1.3657338428e-04,7.3469949145e+01
-1.0195729109e-04,1.1953131627e-04,3.2836047564e+01
-1.2554860060e-04,1.1596514394e-04,3.3316317724e+01
7.2672546924e-05,1.4964780847e-04,1.9996471166e+01
1.0164564454e-04,1.5742840499e-04,1.8553004752e+01
1.3185871983e-04,1.6143797692e-04,1.7185462870e+01
-1.6791927123e-04,1.0724517129e-04,3.4372902624e+01
-1.8885762156e-04,1.0173715959e-04,3.4994408517e+01
1.6477086209e-04,1.6406968533e-04,1.3450788282e+01
-2.1006628220e-04,9.5409092718e-05,3.5657099381e+01
2.0141254637e-04,1.6014186836e-04,1.3493256129e+01
-3.5825361546e-04,3.1267103294e-06,2.1175362374e+01
3.6082733714e-04,3.9711812968e-06,1.0255756808e+01
3.7092218192e-04,5.2739800235e-05,1.1768025950e+01
-3.3298178836e-04,4.8207463323e-05,1.3572223740e+01
-3.5401780897e-04,3.5788440391e-05,1.1533029523e+01
3.8015165713e-04,3.6135262943e-05,1.1346043167e+01
-2.9237513920e-04,1.6012223697e-06,1.7108179783e+01
2.6860619908e-04,2.7607797115e-06,2.2175923770e+01
2.9233129208e-04,3.1779078126e-06,1.7624028810e+01
2.4457100411e-04,2.3264424515e-06,2.1641797154e+01
-2.4499719165e-04,1.4866357018e-06,3.9434932740e+01
-2.6876083845e-04,1.5221382880e-06,2.9037397409e+01
2.1665071706e-04,1.9478547276e-06,2.0862058248e+01
-2.1719292466e-04,1.4741382971e-06,4.5852054357e+01
-1.8936092800e-04,1.4640681802e-06,4.9315096314e+01
1.8873814982e-04,1.6794401754e-06,2.0800716318e+01
-1.6151114513e-04,1.4578682971e-06,5.1383245612e+01
1.6079951192e-04,1.5391653534e-06,2.1293841392e+01
1.3288273540e-04,1.5324852371e-06,2.1980250097e+01
-1.3364899431e-04,1.4538788053e-06,5.2670825705e+01
-3.7025215414e-04,3.6321946708e-06,1.6503259956e+01
3.7258480469e-04,4.1565804403e-06,6.9743850160e+00
-2.2795379764e-04,8.9674985463e-05,3.6166237733e+01
2.3208117657e-04,1.5265230587e-04,1.3220570230e+01
-2.4581729408e-04,8.3090887208e-05,3.7136738335e+01
2.6184198855e-04,1.4241110857e-04,1.2909201948e+01
2.8930123520e-04,1.2897016525e-04,1.2642583976e+01
3.1518458742e-04,1.1274869591e-04,1.2388110885e+01
-2.8045487929e-04,6.8579714110e-05,3.8433087468e+01
3.3555326598e-04,9.4987923906e-05,1.2256374973e+01
-3.6980192059e-04,2.3954249587e-05,1.0270108005e+01
3.8683776845e-04,2.1964845093e-05,1.0563880763e+01
-3.8209746644e-04,4.1164816618e-06,6.9322270175e+00
3.8439372023e-04,4.3178781567e-06,3.8212630042e+00
-3.5048911500e-04,2.6995355656e-06,2.1173735444e+01
3.5286313106e-04,3.9252686610e-06,1.2586787623e+01
-3.3502251669e-04,2.1221736580e-06,1.8269986579e+01
3.3680011689e-04,3.5456670961e-06,1.6518398348e+01
3.1653565564e-04,3.1012932956e-06,1.7484702284e+01
-3.1564062769e-04,1.8170763496e-06,1.7094665194e+01
-2.3705525082e-04,1.4857900509e-06,4.1726618668e+01
2.3658931931e-04,2.2065227578e-06,2.1371844290e+01
2.0867749778e-04,1.8591104242e-06,2.0758781971e+01
-2.0924332359e-04,1.4706864918e-06,4.7048548541e+01
-1.8140538002e-04,1.4620145635e-06,5.0009902647e+01
1.8075861650e-04,1.6251839087e-06,2.0916715681e+01
1.5281160802e-04,1.5313194406e-06,2.1617629002e+01
-1.5355163071e-04,1.4565374585e-06,5.1817349112e+01
-1.2568656162e-04,1.4530628145e-06,5.2925956667e+01
1.0904316291e-04,1.5305261759e-06,2.2787002880e+01
1.2492896502e-04,1.5323227110e-06,2.2141038489e+01
9.3172527957e-05,1.5259884072e-06,2.4230951973e+01
-1.0975961756e-04,1.4518551317e-06,5.3284979689e+01
-9.3830213921e-05,1.4512660288e-06,5.3416815519e+01
-7.7898746541e-05,1.4514154788e-06,5.3267832664e+01
7.7301247310e-05,1.5184885708e-06,2.6781080667e+01
-4.6031803071e-05,1.4547117517e-06,5.1793294779e+01
4.5500108595e-05,1.4906710670e-06,3.4376344412e+01
-6.1965710698e-05,1.4524855639e-06,5.2759609426e+01
2.5643202428e-05,1.4846566281e-06,3.9606967692e+01
9.7247824677e-06,1.4750367295e-06,4.3449554307e+01
6.1420317927e-05,1.5088122183e-06,3.0291349435e+01
-2.6114788674e-05,1.4595240863e-06,4.9776751665e+01
-6.2010411766e-06,1.4670111358e-06,4.6700766523e+01
-2.7133769262e-05,1.2725799877e-04,3.2137202356e+01
-7.3591700713e-06,1.2871214708e-04,4.0798776085e+01
-4.9640964060e-05,1.2558326909e-04,3.2058093904e+01
4.7390622429e-06,1.2984914572e-04,4.6964780759e+01
-6.0026458982e-05,1.2453181847e-04,3.2177558281e+01
-8.3469083967e-05,1.2186959958e-04,3.2509170948e+01
3.5375414763e-05,1.3317893116e-04,6.3169005322e+01
4.6847616392e-05,1.3554074849e-04,7.1752595057e+01
5.5165629258e-05,1.3821306582e-04,7.2480357167e+01
-1.0692314647e-04,1.1870905564e-04,3.2929145456e+01
-1.2021590499e-04,1.1664294071e-04,3.3201154327e+01
7.9834874153e-05,1.5279719278e-04,1.9061624436e+01
-1.4148886064e-04,1.1282883986e-04,3.3685676708e+01
9.4427852313e-05,1.5632044520e-04,1.8637751163e+01
1.0947830604e-04,1.5860463528e-04,1.8415877298e+01
-1.5255904030e-04,1.1083534791e-04,3.3956716103e+01
-1.6265937733e-04,1.0835830129e-04,3.4230657402e+01
1.2452175541e-04,1.6080102249e-04,1.7894987342e+01
1.3974827540e-04,1.6272400473e-04,1.7285607132e+01
-1.8375254221e-04,1.0315634298e-04,3.4838039648e+01
1.5608926409e-04,1.6390563029e-04,1.7286398224e+01
1.7457126497e-04,1.6399327006e-04,1.3671507295e+01
-1.9406211507e-04,1.0047335205e-04,3.5147664450e+01
1.9231779805e-04,1.6216570323e-04,1.3528396696e+01
2.1050999189e-04,1.5892438097e-04,1.3373572989e+01
2.4071126507e-04,1.5045259288e-04,1.3109433435e+01
-2.5077143065e-04,8.1264339123e-05,3.7609449694e+01
2.6904915004e-04,1.3979469079e-04,1.2811085217e+01
2.9699320110e-04,1.2454572955e-04,1.2568005045e+01
-2.6829616749e-04,7.3741998808e-05,3.8205984230e+01
3.5184079313e-04,7.8404758746e-05,1.2097070969e+01
-3.2290914111e-04,5.1842889423e-05,1.8299304424e+01
3.6596211880e-04,6.0638958539e-05,1.1881379427e+01
3.7605649565e-04,4.4689082989e-05,1.1572238322e+01
-3.4349389486e-04,4.2561891086e-05,1.2426590125e+01
3.9071014092e-04,1.2590747151e-05,9.2978574030e+00
-3.8186764271e-04,1.3265687202e-05,8.9037839793e+00
-3.8944253096e-04,4.2741658103e-06,7.3561320548e-01
3.9214435115e-04,4.1686205609e-06,2.3382162556e+00
-3.8581522452e-04,4.2456518830e-06,2.9555016594e+00
-3.7967462611e-04,8.3808177921e-06,9.2960415333e+00
-3.7614635529e-04,8.0141071296e-06,1.1268332070e+01
-3.7362984856e-04,1.2202100433e-05,1.1315768744e+01
-3.7019351105e-04,1.1625865338e-05,1.2633542243e+01
-3.6765844851e-04,1.5720282170e-05,1.2191118945e+01
-3.6427785887e-04,1.4960800825e-05,1.3280629035e+01
-3.6175862269e-04,1.8962817338e-05,1.2796262748e+01
-3.5841153721e-04,1.8047261585e-05,1.3846465701e+01
-3.5592518765e-04,2.1958989645e-05,1.3440262293e+01
-3.5259454125e-04,2.0912078240e-05,1.4557489576e+01
-3.5014939078e-04,2.4732883956e-05,1.4268186950e+01
-3.4681867149e-04,2.3578226584e-05,1.5687103079e+01
-3.4441685786e-04,2.7304160400e-05,1.5571030747e+01
-3.4106379022e-04,2.6066164515e-05,1.6926217302e+01
-3.3870229565e-04,2.9689869922e-05,1.6959181754e+01
-3.3552357702e-04,2.8350254484e-05,1.7008406424e+01
-3.3769828019e-04,2.4858106306e-05,1.7011702403e+01
-3.3240444597e-04,2.7043792408e-05,1.7016139771e+01
-3.3031078875e-04,3.0419583318e-05,1.7017964491e+01
-3.2741408119e-04,2.9043330145e-05,1.7062220195e+01
-3.2935223487e-04,2.5786141618e-05,1.7065223670e+01
-3.2455742987e-04,2.7739366301e-05,1.7110783394e+01
-3.2273707119e-04,3.0869362509e-05,1.7114821818e+01
-3.2004880800e-04,2.9543301897e-05,1.7158490545e+01
-3.1836993244e-04,3.2542608449e-05,1.7175189984e+01
-3.1581972462e-04,3.1217714246e-05,1.7202070148e+01
-3.1736973210e-04,2.8337083498e-05,1.7165815747e+01
-3.1325413745e-04,3.0007477382e-05,1.7195743657e+01
-3.1185332379e-04,3.2785744354e-05,1.7232659932e+01
-3.0938175460e-04,3.1589393705e-05,1.7211119522e+01
-3.1069122061e-04,2.8895625900e-05,1.7162592449e+01
-3.0687621979e-04,3.0500200433e-05,1.7178140819e+01
-3.0571098414e-04,3.3099158575e-05,1.7219018529e+01
-3.0435216207e-04,2.9494321123e-05,1.7151785164e+01
-3.0078629789e-04,3.1056486919e-05,1.7160856704e+01
-2.9983098161e-04,3.3538259686e-05,1.7164647193e+01
-2.9826443291e-04,3.0145720783e-05,1.7158768035e+01
-2.9413704002e-04,3.4066679676e-05,1.7131205093e+01
-2.9169411392e-04,3.3195847597e-05,1.7168645150e+01
-2.9240025702e-04,3.0856184330e-05,1.7125103657e+01
-2.8985319893e-04,3.0091554779e-05,1.7149599877e+01
-2.8670271769e-04,3.1636106578e-05,1.6899573014e+01
-2.8613992124e-04,3.3897026793e-05,1.7008733788e+01
-2.8365205428e-04,3.3164731230e-05,1.8492955887e+01
-2.8416321362e-04,3.0939104563e-05,1.7249904671e+01
-2.7806497705e-04,3.4070798430e-05,2.3554301975e+01
-2.7544809414e-04,3.3484402177e-05,2.5148968949e+01
-2.7583514307e-04,3.1330712158e-05,2.4334384418e+01
-2.7277553636e-04,3.2948890570e-05,2.6646734900e+01
-2.6974672876e-04,3.4579453424e-05,2.8619649175e+01
-2.6701611705e-04,3.4105288557e-05,2.9823287780e+01
-2.6423437524e-04,3.3671977497e-05,3.0965226902e+01
-2.6401828797e-04,3.5760847699e-05,3.1328011736e+01
-2.6140293806e-04,3.3276407346e-05,3.2045984587e+01
-2.5852348594e-04,3.2915577744e-05,3.3066316430e+01
-2.5553628922e-04,3.4594813393e-05,3.4126017275e+01
-2.5545322962e-04,3.6631996483e-05,3.4256080453e+01
-2.5258613171e-04,3.6282222818e-05,3.5025400303e+01
-2.5261885107e-04,3.4270013881e-05,3.4964091218e+01
-2.4967710536e-04,3.5961103369e-05,3.5757023010e+01
-2.4965937326e-04,3.3972901890e-05,3.5755924668e+01
-2.4672790262e-04,3.5666358455e-05,3.6451103968e+01
-2.4383355643e-04,3.7367195115e-05,3.7032212714e+01
-2.4085788409e-04,3.7097657946e-05,3.7611284883e+01
-2.3784711238e-04,3.6849425795e-05,3.8160607651e+01
-2.3801199644e-04,3.8806668154e-05,3.8023212946e+01
-2.3501431681e-04,3.8558419092e-05,3.8509848017e+01
-2.3480298378e-04,3.6620729584e-05,3.8680950912e+01
-2.3172717843e-04,3.6409911971e-05,3.9173296428e+01
-2.2862135140e-04,3.6215451551e-05,3.9638773840e+01
-2.2615595091e-04,3.9830907329e-05,3.9590783124e+01
-2.2308243097e-04,3.9632965090e-05,3.9964791010e+01
-2.1998218330e-04,3.9449237859e-05,4.0320748403e+01
-2.1957457512e-04,3.7570835908e-05,4.0598724710e+01
-2.1685661672e-04,3.9278566507e-05,4.0659401704e+01
-2.1640694842e-04,3.7414754687e-05,4.0953938219e+01
-2.1370711090e-04,3.9119881081e-05,4.0981535035e+01
-2.1053492496e-04,3.8972207134e-05,4.1287956985e+01
-2.0788599001e-04,4.0681640684e-05,4.1252750024e+01
-2.0471093804e-04,4.0541243514e-05,4.1519459838e+01
-2.0151606315e-04,4.0410038887e-05,4.1774131359e+01
-2.0211192414e-04,4.2255009505e-05,4.1432762527e+01
-1.9893703914e-04,4.2118303999e-05,4.1667303283e+01
-1.9574250779e-04,4.1992187780e-05,4.1891780557e+01
-1.9507129364e-04,4.0171834923e-05,4.2249998728e+01
-1.9252888591e-04,4.1876922860e-05,4.2106551827e+01
-1.9182283774e-04,4.0064536330e-05,4.2472313009e+01
-1.8929984949e-04,4.1766800722e-05,4.2312852338e+01
-1.8855862572e-04,3.9963618661e-05,4.2685145135e+01
-1.8605538920e-04,4.1662967113e-05,4.2510938030e+01
-1.8358084171e-04,4.3369839421e-05,4.2321026122e+01
-1.8034107460e-04,4.3269305666e-05,4.2498938738e+01
-1.7708743983e-04,4.3174551692e-05,4.2670492947e+01
-1.7382065799e-04,4.3085175193e-05,4.2836038880e+01
-1.7054142368e-04,4.3000818896e-05,4.2995937997e+01
-1.7143227342e-04,4.4791582494e-05,4.2600354401e+01
-1.6817262024e-04,4.4704668070e-05,4.2751259533e+01
-1.6725040835e-04,4.2921153443e-05,4.3150499305e+01
-1.6394821895e-04,4.2845868221e-05,4.3300019643e+01
-1.6063542797e-04,4.2774691890e-05,4.3444760994e+01
-1.5832602006e-04,4.4471291530e-05,4.3176989445e+01
-1.5731257956e-04,4.2707363854e-05,4.3584960360e+01
-1.5502316300e-04,4.4401711419e-05,4.3310620586e+01
-1.5398021268e-04,4.2643665989e-05,4.3720813247e+01
-1.5275925090e-04,4.6104230111e-05,4.3028884575e+01
-1.4946655545e-04,4.6036325836e-05,4.3153015727e+01
-1.4616504093e-04,4.5972063900e-05,4.3273827778e+01
-1.4285545897e-04,4.5911117074e-05,4.3391398875e+01
-1.3953791837e-04,4.5853381926e-05,4.3505749557e+01
-1.3621261763e-04,4.5798866475e-05,4.3616837035e+01
-1.3502599490e-04,4.4056634084e-05,4.4034305932e+01
-1.3288048165e-04,4.5747454305e-05,4.3724587566e+01
-1.3167072974e-04,4.4010077890e-05,4.4142010360e+01
-1.2954182116e-04,4.5699801295e-05,4.3828736731e+01
-1.2619541854e-04,4.5653928042e-05,4.3929600653e+01
-1.2411567703e-04,4.7350415396e-05,4.3608897137e+01
-1.2284375214e-04,4.5610829858e-05,4.4026694889e+01
-1.2078426293e-04,4.7306167876e-05,4.3703140847e+01
-1.1948653010e-04,4.5570389136e-05,4.4119812718e+01
-1.1612400630e-04,4.5532531537e-05,4.4208669807e+01
-1.1275647918e-04,4.5497250649e-05,4.4292915118e+01
-1.0938427235e-04,4.5464497794e-05,4.4372158441e+01
-1.0600461599e-04,4.5434820847e-05,4.4445857872e+01
-1.0404217823e-04,4.7125713572e-05,4.4110777558e+01
-1.0262700325e-04,4.5406516032e-05,4.4513705143e+01
-1.0068022892e-04,4.7094522807e-05,4.4177249532e+01
-9.9246228588e-05,4.5381181424e-05,4.4574860779e+01
-9.8756366119e-05,4.8799092678e-05,4.3837347597e+01
-9.5429523085e-05,4.8773449185e-05,4.3894664811e+01
-9.2085885511e-05,4.8750832270e-05,4.3945016078e+01
-8.8736978558e-05,4.8731335794e-05,4.3987396405e+01
-8.5385304316e-05,4.8714812428e-05,4.4020955514e+01
-8.3841016394e-05,4.6999081876e-05,4.4392258049e+01
-8.2031203583e-05,4.8701320042e-05,4.4044736548e+01
-7.8674914510e-05,4.8691131573e-05,4.4057654593e+01
-7.5316948638e-05,4.8684247938e-05,4.4058586423e+01
-7.1957664975e-05,4.8680749945e-05,4.4046296458e+01
-6.8597246043e-05,4.8680960789e-05,4.4019395947e+01
-6.5236137144e-05,4.8684910648e-05,4.3976449338e+01
-6.1874685683e-05,4.8692720742e-05,4.3915890711e+01
-5.8513223496e-05,4.8704784475e-05,4.3835984445e+01
-5.5152321631e-05,4.8721107503e-05,4.3734955715e+01
-5.1792435790e-05,4.8742812229e-05,4.3610708558e+01
-5.0200211447e-05,5.0472879675e-05,4.3243440818e+01
-4.8432721893e-05,4.8768601417e-05,4.3461392772e+01
-4.6862970591e-05,5.0501978460e-05,4.3090212524e+01
-4.5075003430e-05,4.8799407359e-05,4.3284735352e+01
-4.3529389086e-05,5.0536088605e-05,4.2909190490e+01
-4.1719713908e-05,4.8835491988e-05,4.3078416180e+01
-4.0197915109e-05,5.0576322960e-05,4.2697737484e+01
-3.8366985631e-05,4.8877242332e-05,4.2839945831e+01
-3.5017108554e-05,4.8924910259e-05,4.2566731070e+01
-3.3541873433e-05,5.0674918192e-05,4.2173291718e+01
-3.1670808444e-05,4.8978816000e-05,4.2256088248e+01
-3.0220039753e-05,5.0734281304e-05,4.1854869502e+01
-2.6901750581e-05,5.0800382300e-05,4.1495046841e+01
-2.4991230656e-05,4.9106677042e-05,4.1511188493e+01
-2.3588807840e-05,5.0873941871e-05,4.1090830393e+01
-2.1659133102e-05,4.9180911666e-05,4.1071098701e+01
-2.0282096521e-05,5.0955335003e-05,4.0639145119e+01
-1.8333111392e-05,4.9263431340e-05,4.0581760747e+01
-1.6980924622e-05,5.1044682779e-05,4.0136625148e+01
-1.5013708744e-05,4.9353597775e-05,4.0040216391e+01
-1.3687171255e-05,5.1142579738e-05,3.9580134560e+01
-1.0401839948e-05,5.1249485747e-05,3.8966475029e+01
-7.1244554089e-06,5.1365397594e-05,3.8292219031e+01
-3.8569878176e-06,5.1491014893e-05,3.7554376876e+01
-1.8195133760e-06,4.9800562476e-05,3.7291695636e+01
-6.0059080895e-07,5.1626756505e-05,3.6750046659e+01
2.6449642502e-06,5.1772620770e-05,3.5876235256e+01
4.7150173655e-06,5.0080604828e-05,3.5529914530e+01
5.8775886245e-06,5.1929226981e-05,3.4930767780e+01
9.0959539193e-06,5.2096880656e-05,3.3911863110e+01
1.2300004009e-05,5.2275673267e-05,3.2817980857e+01
1.5487520579e-05,5.2465990809e-05,3.1649093696e+01
1.7616639975e-05,5.0764758383e-05,3.1163921263e+01
2.0799845692e-05,5.0963181894e-05,2.9899165158e+01
2.1808043534e-05,5.2881773127e-05,2.9091118178e+01
2.3963620129e-05,5.1172353180e-05,2.8570145727e+01
2.7106360122e-05,5.1392496895e-05,2.7190191245e+01
3.0226516980e-05,5.1623544107e-05,2.5736437924e+01
3.3322670348e-05,5.1865314290e-05,2.4334714349e+01
3.4189012705e-05,5.3855819000e-05,2.2926555273e+01
3.6392954348e-05,5.2117245989e-05,2.2802147174e+01
3.7237092882e-05,5.4131512994e-05,2.2409336685e+01
4.0301637956e-05,5.4427534254e-05,2.2554325514e+01
4.3382119272e-05,5.4744436818e-05,2.2546765106e+01
4.6479317681e-05,5.5082407523e-05,2.2554972817e+01
4.9595025459e-05,5.5441496781e-05,2.2557991398e+01
5.1925335587e-05,5.3668692929e-05,2.2570831377e+01
5.5087523744e-05,5.4041794873e-05,2.2574194239e+01
5.5883571377e-05,5.6225075739e-05,2.2566162687e+01
5.8270469697e-05,5.4436217266e-05,2.2579585951e+01
5.9059067197e-05,5.6649860327e-05,2.2572222719e+01
6.1475000097e-05,5.4852982862e-05,2.2586865154e+01
6.2256344748e-05,5.7097213339e-05,2.2579873068e+01
6.5476359140e-05,5.7567323076e-05,2.2589243389e+01
6.8720869265e-05,5.8060249835e-05,2.2600447738e+01
7.1990363750e-05,5.8576459773e-05,2.2613489928e+01
7.4530444002e-05,5.6742514689e-05,2.2633931959e+01
7.5285846146e-05,5.9116084441e-05,2.2628395665e+01
7.7858772173e-05,5.7271507758e-05,2.2649981585e+01
7.8609007512e-05,5.9679151793e-05,2.2645159369e+01
8.1214808259e-05,5.7823999085e-05,2.2667746759e+01
8.1960417264e-05,6.0266026770e-05,2.2663730597e+01
8.5341242532e-05,6.0876740014e-05,2.2683955309e+01
8.8752611599e-05,6.1511356038e-05,2.2705746584e+01
9.1460252789e-05,5.9620385891e-05,2.2729562833e+01
9.2195348527e-05,6.2170091959e-05,2.2728874391e+01
9.4937734268e-05,6.0265954680e-05,2.2752497172e+01
9.5670905891e-05,6.2852851629e-05,2.2753114416e+01
9.8448127159e-05,6.0934727919e-05,2.2776125850e+01
9.9179954487e-05,6.3559700530e-05,2.2778141037e+01
-1.2383656478e-05,5.2948420193e-05,3.9126557735e+01
7.0172196803e-06,5.3797835674e-05,3.4334648984e+01
1.0272344392e-04,6.4290733357e-05,2.2803582237e+01
1.0557074637e-04,6.2343131280e-05,2.2824638225e+01
2.5890792581e-05,5.5067370162e-05,2.6833295084e+01
-5.1947548612e-05,5.2188282570e-05,4.3010358480e+01
1.0630230393e-04,6.5045799558e-05,2.2829085815e+01
1.0918489534e-04,6.3082296340e-05,2.2848646212e+01
4.4207635531e-05,5.6845123057e-05,2.2553483475e+01
1.0991756762e-04,6.5824999136e-05,2.2855028699e+01
1.1283543749e-04,6.3844712934e-05,2.2871774023e+01
1.1357009805e-04,6.6628122450e-05,2.2876717045e+01
6.3031954807e-05,5.9375682238e-05,2.2571602472e+01
-1.1874824624e-04,4.9011162522e-05,4.3376090692e+01
1.1726066330e-04,6.7455115964e-05,2.2904436896e+01
1.2024886450e-04,6.5438926037e-05,2.2885124819e+01
1.2099024735e-04,6.8305598612e-05,2.2971656325e+01
1.2401512750e-04,6.6270730792e-05,2.2996752680e+01
1.2475722703e-04,6.9180090642e-05,2.2655229134e+01
1.2779570874e-04,6.7121641801e-05,2.2107334332e+01
8.2699717306e-05,6.2745748516e-05,2.2659051552e+01
1.2851769356e-04,7.0070252138e-05,2.1632588164e+01
1.3156318912e-04,6.7986758586e-05,2.1190644972e+01
1.3226526420e-04,7.0973753924e-05,2.0717603686e+01
1.3531910169e-04,6.8864205706e-05,2.0327692590e+01
9.9904899523e-05,6.6226748056e-05,2.2780667881e+01
1.3600001085e-04,7.1888480971e-05,1.9841640170e+01
1.3906358820e-04,6.9751874143e-05,1.9527793277e+01
1.3973304413e-04,7.2817240393e-05,1.9028985895e+01
1.4279821181e-04,7.0647971004e-05,1.8790266959e+01
1.4343501800e-04,7.3741371889e-05,1.8296601366e+01
1.4651837352e-04,7.1547183961e-05,1.8132514439e+01
1.1799110893e-04,7.0328312035e-05,2.2884936730e+01
1.4713292449e-04,7.4669865426e-05,1.7650141200e+01
1.5022812105e-04,7.2448586925e-05,1.7550567596e+01
1.5080628788e-04,7.5600811275e-05,1.7115713943e+01
1.5392413671e-04,7.3348403372e-05,1.7100957749e+01
1.5447871128e-04,7.6531000307e-05,1.7024506800e+01
1.5761704623e-04,7.4249047141e-05,1.7030100409e+01
1.3668345342e-04,7.4970996188e-05,1.9314257481e+01
1.5818151092e-04,7.7488384134e-05,1.7078150178e+01
1.6133904147e-04,7.5176871486e-05,1.7075578070e+01
1.5705549482e-04,7.1085163029e-05,1.7094957294e+01
1.3084108774e-04,6.5048466874e-05,2.1624733470e+01
1.0483119373e-04,5.9683658699e-05,2.2820817261e+01
-2.6421156666e-05,4.7354145407e-05,4.1937276689e+01
8.3850072028e-05,5.5960109156e-05,2.2689491933e+01
6.3920771475e-05,5.3050714077e-05,2.2601250115e+01
4.4833701191e-05,5.0923477563e-05,2.2578600012e+01
3.5253504932e-06,4.8250980187e-05,3.6131600315e+01
1.6191582137e-04,7.8473857228e-05,1.7076403840e+01
1.6509170981e-04,7.6133110858e-05,1.7075697484e+01
1.6568235911e-04,7.9487494896e-05,1.7075908789e+01
1.6887587793e-04,7.7117615465e-05,1.7076466909e+01
-5.8454024893e-05,4.5303447047e-05,4.4469670758e+01
-7.8879902132e-05,4.5288073742e-05,4.4760448503e+01
1.5503535311e-04,7.9786517325e-05,1.7082159383e+01
1.6948169831e-04,8.0529045954e-05,1.7066882482e+01
1.7269218589e-04,7.8130511594e-05,1.7067732628e+01
1.7331420539e-04,8.1597630979e-05,1.7054802954e+01
1.7654123278e-04,7.9171120406e-05,1.7055396674e+01
1.7590947646e-04,7.5717308168e-05,1.7068865411e+01
1.7977352496e-04,7.6729047361e-05,1.7056505174e+01
1.7913377656e-04,7.3291173145e-05,1.7070278967e+01
1.8301125659e-04,7.4272939832e-05,1.7058124033e+01
1.8367006276e-04,7.7768334300e-05,1.7041057331e+01
1.8692093014e-04,7.5283335408e-05,1.7042524834e+01
1.8625470235e-04,7.1804477001e-05,1.7060259494e+01
1.9017580862e-04,7.2784815306e-05,1.7044581758e+01
1.9086327344e-04,7.6320999655e-05,1.7022963900e+01
1.9412933370e-04,7.3793984287e-05,1.7025059355e+01
1.9483859870e-04,7.7383949567e-05,1.7010634204e+01
1.9811572350e-04,7.4830359508e-05,1.7004156754e+01
1.8950422403e-04,6.9325438211e-05,1.7062922903e+01
-1.3719335039e-04,4.2373569053e-05,4.4339070308e+01
1.9884688034e-04,7.8469481523e-05,1.6982447168e+01
2.0213538056e-04,7.5891289317e-05,1.7011512188e+01
2.0288788492e-04,7.9574280768e-05,1.6936097248e+01
2.0618890263e-04,7.6973739876e-05,1.6865806142e+01
2.0695949160e-04,8.0693362535e-05,1.6499325895e+01
2.1026974470e-04,7.8071016796e-05,1.6435895893e+01
2.0948688023e-04,7.4357326601e-05,1.6815234854e+01
2.1357611586e-04,7.5432273863e-05,1.6399867362e+01
2.1278200134e-04,7.1725101914e-05,1.6795447034e+01
2.1687911326e-04,7.2777558072e-05,1.6372673084e+01
2.1765550049e-04,7.6490028734e-05,1.6167474389e+01
2.2096641135e-04,7.3812754391e-05,1.6157394125e+01
2.2017985076e-04,7.0107347194e-05,1.6369289564e+01
2.2427504886e-04,7.1120102338e-05,1.6162827256e+01
2.2504483067e-04,7.4830761553e-05,1.5929964884e+01
2.2836112144e-04,7.2115826297e-05,1.5937673440e+01
2.0364395100e-04,8.3298447750e-05,1.6685684216e+01
2.2911472304e-04,7.5831317280e-05,1.5745809410e+01
2.3243872158e-04,7.3094275679e-05,1.5759887082e+01
2.3167463988e-04,6.9386109005e-05,1.5954954238e+01
2.3575978658e-04,7.0342605705e-05,1.5777598980e+01
2.3650837593e-04,7.4055363793e-05,1.5604475201e+01
2.3983694003e-04,7.1281740360e-05,1.5630179687e+01
2.3498441225e-04,6.6641759236e-05,1.5979324189e+01
2.4057036942e-04,7.4998909864e-05,1.5469091014e+01
2.4390636822e-04,7.2203140090e-05,1.5497696972e+01
2.4462480294e-04,7.5925019965e-05,1.5350133462e+01
2.4796791523e-04,7.3107411931e-05,1.5380884377e+01
1.7009237284e-04,8.4007129616e-05,1.7054707040e+01
-9.6995476188e-06,4.7769638573e-05,3.9289983277e+01
2.4867172384e-04,7.6833971618e-05,1.5242923847e+01
2.5202160481e-04,7.3994634338e-05,1.5274314521e+01
2.4531875777e-04,7.9658060023e-05,1.5214946458e+01
2.5130824824e-04,7.0274720391e-05,1.5415319906e+01
2.5536874212e-04,7.1139979110e-05,1.5308835207e+01
2.5464609322e-04,6.7426788492e-05,1.5453029496e+01
2.5871331183e-04,6.8269823664e-05,1.5346133875e+01
2.5798168180e-04,6.4563461453e-05,1.5493489927e+01
2.6205549567e-04,6.5383933227e-05,1.5385807543e+01
2.6277175510e-04,6.9096280995e-05,1.5244891660e+01
2.6612009659e-04,6.6187809655e-05,1.5282521932e+01
2.6682094661e-04,6.9906751443e-05,1.5146870742e+01
2.7017495309e-04,6.6975724495e-05,1.5181789921e+01
2.6131514954e-04,6.1684534973e-05,1.5536350643e+01
2.7086045152e-04,7.0701977381e-05,1.5050001402e+01
2.7421951683e-04,6.7748464658e-05,1.5081643456e+01
2.7488968864e-04,7.1482786960e-05,1.4952615545e+01
2.7825312927e-04,6.8506914412e-05,1.4980636567e+01
2.7757611212e-04,6.4777659924e-05,1.5113444328e+01
2.8161416299e-04,6.5513189943e-05,1.5008356856e+01
2.8093044284e-04,6.1789064488e-05,1.5144823742e+01
2.8497289117e-04,6.2501151362e-05,1.5035240455e+01
2.8564077545e-04,6.6235735284e-05,1.4901043990e+01
2.8900257089e-04,6.3200245302e-05,1.4923462396e+01
2.8832931341e-04,5.9470255133e-05,1.5060779205e+01
2.9236247024e-04,6.0145355506e-05,1.4944317130e+01
2.9301814527e-04,6.3887622299e-05,1.4808712443e+01
2.9638099631e-04,6.0808838602e-05,1.4825101746e+01
2.9168344802e-04,5.6419893205e-05,1.5084544611e+01
2.9701890845e-04,6.4564710134e-05,1.4690247212e+01
3.0038381531e-04,6.1462116699e-05,1.4702396253e+01
3.0100376860e-04,6.5232928550e-05,1.4567322318e+01
3.0436981732e-04,6.2106713659e-05,1.4575392172e+01
-1.8434111823e-04,4.5193712763e-05,4.1944489066e+01
-1.7535982991e-04,3.9616675565e-05,4.3452448078e+01
3.0497158247e-04,6.5894088000e-05,1.4439161109e+01
3.0833779757e-04,6.2744411973e-05,1.4443206999e+01
3.0160291516e-04,6.9021298164e-05,1.4433229319e+01
3.0773351056e-04,5.8958102979e-05,1.4581628350e+01
3.1170167546e-04,5.9571279690e-05,1.4445279034e+01
3.1109489467e-04,5.5785967701e-05,1.4586076764e+01
3.1506327121e-04,5.6373624193e-05,1.4445304706e+01
3.1445403644e-04,5.2589296461e-05,1.4588831621e+01
3.1842270697e-04,5.3150093907e-05,1.4443144169e+01
3.1781089196e-04,4.9366861816e-05,1.4589947376e+01
3.2177981162e-04,4.9899414515e-05,1.4438432818e+01
2.7152356511e-04,7.4441436763e-05,1.4924813029e+01
3.0555320220e-04,6.9699620631e-05,1.4302936532e+01
3.0218276443e-04,7.2826628014e-05,1.4298977266e+01
3.1901021923e-04,5.6956757159e-05,1.4297746586e+01
3.2116527306e-04,4.6117295281e-05,1.4589249007e+01
3.2513433368e-04,4.6620054419e-05,1.4430330711e+01
3.1717250860e-04,4.5607342660e-05,1.4739570642e+01
7.2745094308e-05,6.0952401024e-05,2.2606163983e+01
5.3529101710e-05,5.8009195974e-05,2.2553878567e+01
1.6537206481e-05,5.4376257208e-05,3.0933731966e+01
-1.0874323282e-04,4.8896788354e-05,4.3627981989e+01
-8.3577258531e-05,5.0426987769e-05,4.3674665971e+01
-1.4067578964e-04,4.7616110728e-05,4.3088410424e+01
-1.2866433245e-04,4.9156230122e-05,4.3091439455e+01
-2.0676980187e-04,3.7009914210e-05,4.1912863098e+01
-2.3144327117e-04,3.4517079968e-05,3.9388801032e+01
2.0769991052e-04,8.4424824566e-05,1.6242165525e+01
2.0437194177e-04,8.7035598667e-05,1.6264664659e+01
2.0840991797e-04,8.8168073529e-05,1.6017315462e+01
2.0506854079e-04,9.0784727048e-05,1.6061499423e+01
2.0908951954e-04,9.1922397960e-05,1.5792959032e+01
2.0573346433e-04,9.4544903274e-05,1.5829416151e+01
2.0973863417e-04,9.5686983490e-05,1.5607200425e+01
2.0636694822e-04,9.8315042919e-05,1.5640569378e+01
2.1035745032e-04,9.9460836224e-05,1.5441247314e+01
2.0696976398e-04,1.0209403020e-04,1.5471782579e+01
2.1094645947e-04,1.0324289810e-04,1.5297232839e+01
2.0754143682e-04,1.0588089243e-04,1.5325092876e+01
2.1150616691e-04,1.0703206028e-04,1.5170105288e+01
2.0808294827e-04,1.0967438195e-04,1.5195436391e+01
2.0412629147e-04,1.0849916836e-04,1.5361541575e+01
2.0464842262e-04,1.1229657721e-04,1.5228224821e+01
2.0069995737e-04,1.1109661908e-04,1.5407836627e+01
2.1203747903e-04,1.1082712198e-04,1.5056271958e+01
2.0120147195e-04,1.1489750353e-04,1.5269397513e+01
1.9726121569e-04,1.1367199040e-04,1.5466165436e+01
1.9774086245e-04,1.1747577825e-04,1.5319941246e+01
1.9380758923e-04,1.1622377102e-04,1.5539276185e+01
1.9426502870e-04,1.2002978355e-04,1.5382198548e+01
1.9033958134e-04,1.1875069182e-04,1.5625263747e+01
2.1546823622e-04,1.0816155256e-04,1.5039369945e+01
2.1599065972e-04,1.1195764200e-04,1.4936696138e+01
2.1942829134e-04,1.0926979700e-04,1.4926040943e+01
2.1994301879e-04,1.1306654677e-04,1.4830446022e+01
2.2338693562e-04,1.1035713403e-04,1.4824467504e+01
1.9077281011e-04,1.2255772158e-04,1.5459452604e+01
1.8685688410e-04,1.2124946696e-04,1.5731103848e+01
1.9818894488e-04,1.2128322517e-04,1.5185076504e+01
2.2389508668e-04,1.1415444999e-04,1.4732418224e+01
2.2734449774e-04,1.1142435296e-04,1.4730009954e+01
1.8726292627e-04,1.2505715378e-04,1.5548569035e+01
1.8335415197e-04,1.2371884892e-04,1.5884062982e+01
1.8293686524e-04,1.1991594938e-04,1.6079731700e+01
1.7944279044e-04,1.2235419888e-04,1.6199236285e+01
1.7983101702e-04,1.2615571476e-04,1.6021766015e+01
1.7592549820e-04,1.2475760203e-04,1.6592499522e+01
1.7552891081e-04,1.2096498564e-04,1.6903306026e+01
1.7203379719e-04,1.2334078129e-04,1.7057218017e+01
1.7164278081e-04,1.1956280826e-04,1.6975004632e+01
1.6817976232e-04,1.2191488874e-04,1.6986874432e+01
1.6779300742e-04,1.1815089376e-04,1.7004295272e+01
1.6436380258e-04,1.2047850775e-04,1.7009982591e+01
1.6397648555e-04,1.1673193782e-04,1.7012522134e+01
1.6058398483e-04,1.1903549518e-04,1.7026911207e+01
1.6093143185e-04,1.2277123088e-04,1.7023920840e+01
1.5718855985e-04,1.2130464398e-04,1.7042843626e+01
1.5683908951e-04,1.1758920317e-04,1.7042816108e+01
1.5348092949e-04,1.1983536921e-04,1.7059841278e+01
1.5312785809e-04,1.1614233936e-04,1.7058313596e+01
1.4980694363e-04,1.1836626943e-04,1.7074855621e+01
1.4944917926e-04,1.1469862953e-04,1.7071388064e+01
1.4616512315e-04,1.1690062301e-04,1.7086563306e+01
1.4580259263e-04,1.1326135525e-04,1.7080768217e+01
1.4255454977e-04,1.1544190018e-04,1.7093612132e+01
1.4288579850e-04,1.1906927434e-04,1.7103078931e+01
1.3931249924e-04,1.1758980887e-04,1.7107125231e+01
1.3897485032e-04,1.1399411613e-04,1.7094820303e+01
1.3576938274e-04,1.1612080489e-04,1.7104458417e+01
1.3542570974e-04,1.1256197980e-04,1.7088740358e+01
1.3225635725e-04,1.1466626621e-04,1.7093540155e+01
1.3190842763e-04,1.1114798332e-04,1.7078932889e+01
1.2877417701e-04,1.1322996925e-04,1.7073209092e+01
1.2842292946e-04,1.0975768414e-04,1.7057151293e+01
1.2532392009e-04,1.1181609975e-04,1.7077097023e+01
1.2497282062e-04,1.0838813708e-04,1.6968108570e+01
1.2190753164e-04,1.1042876812e-04,1.6941921651e+01
1.2223288490e-04,1.1384549881e-04,1.7057617902e+01
1.1885203415e-04,1.1243557185e-04,1.7093288868e+01
1.1850871170e-04,1.0906021322e-04,1.7952869917e+01
1.1546578171e-04,1.1102989982e-04,1.8635073762e+01
1.1507846957e-04,1.0768569078e-04,1.9582954628e+01
1.1204444460e-04,1.0961830581e-04,2.0310431516e+01
1.1161320239e-04,1.0630663819e-04,2.1435061576e+01
1.0858692251e-04,1.0820156366e-04,2.2318631587e+01
1.0810933023e-04,1.0492214456e-04,2.2976768558e+01
1.0509854045e-04,1.0678409698e-04,2.2896374088e+01
1.0461218971e-04,1.0355731313e-04,2.2739856812e+01
1.0165068949e-04,1.0540005314e-04,2.2736984060e+01
1.0116372918e-04,1.0222875776e-04,2.2743146281e+01
9.8250242272e-05,1.0405184684e-04,2.2668429282e+01
9.7761300081e-05,1.0093573768e-04,2.2672990881e+01
9.4896537892e-05,1.0274056478e-04,2.2606569031e+01
9.5359998367e-05,1.0584189241e-04,2.2598197795e+01
9.2056630024e-05,1.0451258543e-04,2.2524031142e+01
9.1588885381e-05,1.0146691573e-04,2.2537761384e+01
8.8799953731e-05,1.0322266309e-04,2.2450228070e+01
8.8326242607e-05,1.0023153035e-04,2.2472726586e+01
8.5588688149e-05,1.0197287423e-04,2.2380462641e+01
8.5107140940e-05,9.9035093944e-05,2.2412182954e+01
8.2421152974e-05,1.0076380632e-04,2.2317681956e+01
8.1930023006e-05,9.7877737295e-05,2.2358170266e+01
7.8792760433e-05,9.6760064589e-05,2.2312269888e+01
7.6209111429e-05,9.8469279053e-05,2.2219658938e+01
7.5693382961e-05,9.5682048613e-05,2.2275187024e+01
7.3159743696e-05,9.7384070592e-05,2.2186381595e+01
7.2629472836e-05,9.4643871130e-05,2.2247036297e+01
7.0144652233e-05,9.6340186659e-05,2.2163554487e+01
7.0661560789e-05,9.9058665672e-05,2.2090131316e+01
6.7696465899e-05,9.8010603352e-05,2.2074233176e+01
6.7161128094e-05,9.5337010285e-05,2.2150547783e+01
6.4206641923e-05,9.4374148864e-05,2.2146212106e+01
6.1853678700e-05,9.6040522061e-05,2.2072569705e+01
6.1278580261e-05,9.3450906976e-05,2.2149435469e+01
5.8970487260e-05,9.5116878652e-05,2.2083916054e+01
5.8374464000e-05,9.2566529493e-05,2.2159014614e+01
5.6109372162e-05,9.4232894439e-05,2.2101132994e+01
5.5492037632e-05,9.1720036559e-05,2.2173593628e+01
5.3268124437e-05,9.3387474086e-05,2.2122672754e+01
5.0444446352e-05,9.2579519858e-05,2.2148034620e+01
4.9783909703e-05,9.0136850488e-05,2.2215038200e+01
4.7636387404e-05,9.1807961162e-05,2.2175658346e+01
4.6954440732e-05,8.9398093414e-05,2.2239501488e+01
4.4139200724e-05,8.8693091961e-05,2.2267538547e+01
4.2061032880e-05,9.0368849039e-05,2.2232209266e+01
3.9290726718e-05,8.9699116222e-05,2.2276337367e+01
3.8545639698e-05,8.7380159027e-05,2.2290993234e+01
3.6530210260e-05,8.9061052795e-05,2.2284990544e+01
3.1822848908e-05,9.0127710016e-05,2.4108849589e+01
2.9079006069e-05,8.9563107638e-05,2.5856176028e+01
2.6319711852e-05,8.9034532571e-05,2.7242596925e+01
2.5497035358e-05,8.6827467112e-05,2.7028854222e+01
2.3545644081e-05,8.8540037000e-05,2.8586669901e+01
2.2704641410e-05,8.6353357371e-05,2.8422148781e+01
1.7955720582e-05,8.7646031218e-05,3.0914526486e+01
1.5141216253e-05,8.7243103271e-05,3.1917529062e+01
1.2314586159e-05,8.6867454863e-05,3.2819418031e+01
9.4765070482e-06,8.6517596770e-05,3.3625774296e+01
6.6276449299e-06,8.6192114984e-05,3.4342782304e+01
5.6635485942e-06,8.4104946675e-05,3.4360896779e+01
3.7686377936e-06,8.5889718034e-05,3.4976573635e+01
2.7827094767e-06,8.3815948274e-05,3.5014674425e+01
9.0011875407e-07,8.5609140172e-05,3.5533212868e+01
-1.0780561044e-07,8.3547890069e-05,3.5589921919e+01
-3.0074020002e-06,8.3299892091e-05,3.6092858667e+01
-5.9154045497e-06,8.3070694931e-05,3.6529389746e+01
-1.0657237826e-05,8.4682291209e-05,3.7103336924e+01
-1.3564637778e-05,8.4494315446e-05,3.7358660983e+01
-1.6478232532e-05,8.4321956828e-05,3.7569016471e+01
-1.9397542955e-05,8.4164350401e-05,3.7738898108e+01
-2.2322123474e-05,8.4020761027e-05,3.7872519517e+01
-2.5251515968e-05,8.3890404962e-05,3.7973817118e+01
-2.8185324797e-05,8.3772552745e-05,3.8046445829e+01
-2.9415637647e-05,8.1803614012e-05,3.8249191599e+01
-3.1123146233e-05,8.3666616926e-05,3.8093771379e+01
-3.2375363298e-05,8.1704226210e-05,3.8307948189e+01
-3.4064584001e-05,8.3571937018e-05,3.8118902698e+01
-3.5338557184e-05,8.1615508107e-05,3.8343917427e+01
-3.7009259782e-05,8.3487909424e-05,3.8124683523e+01
-3.8304880789e-05,8.1537405479e-05,3.8359867138e+01
-3.9956816937e-05,8.3414077020e-05,3.8113697967e+01
-4.1273922045e-05,8.1469012423e-05,3.8358422208e+01
-4.2906897115e-05,8.3349889207e-05,3.8088308536e+01
-4.4245312250e-05,8.1409712923e-05,3.8341954816e+01
-4.5859154330e-05,8.3294851401e-05,3.8050656859e+01
-4.7218735181e-05,8.1359618987e-05,3.8312516988e+01
-4.8813257545e-05,8.3248623197e-05,3.8002654290e+01
-5.0193818400e-05,8.1317879001e-05,3.8272097733e+01
-5.1768873907e-05,8.3210749480e-05,3.7946046538e+01
-5.3170224330e-05,8.1283967926e-05,3.8222461901e+01
-5.4725679372e-05,8.3180831500e-05,3.7882391933e+01
-5.6147644109e-05,8.1258150245e-05,3.8165072345e+01
-5.7683358454e-05,8.3158631549e-05,3.7813064862e+01
-5.9125737723e-05,8.1239616882e-05,3.8101406637e+01
-6.0641595043e-05,8.3143777687e-05,3.7739312393e+01
-6.2104189490e-05,8.1227921732e-05,3.8032744164e+01
-6.3600079159e-05,8.3135954089e-05,3.7662238337e+01
-6.5082685365e-05,8.1223469517e-05,3.7960079245e+01
-6.6558502382e-05,8.3135014379e-05,3.7582792433e+01
-6.9516558890e-05,8.3140657970e-05,3.7501839155e+01
-7.1038560998e-05,8.1233826625e-05,3.7806837607e+01
-7.2473549234e-05,8.3152508675e-05,3.7420164814e+01
-7.4015257172e-05,8.1248336960e-05,3.7727878494e+01
-7.5429885681e-05,8.3170709727e-05,3.7338340303e+01
-7.6990803381e-05,8.1268862365e-05,3.7648276835e+01
-7.8385504416e-05,8.3195114886e-05,3.7256916203e+01
-7.9964950182e-05,8.1295295497e-05,3.7568603282e+01
-8.1339042291e-05,8.3225388029e-05,3.7176434778e+01
-8.2937246152e-05,8.1327179856e-05,3.7489425459e+01
-8.4291415067e-05,8.3261074105e-05,3.7097338429e+01
-8.5907500833e-05,8.1365115569e-05,3.7411035944e+01
-8.7241032533e-05,8.3302750378e-05,3.7019875150e+01
-8.8875271068e-05,8.1408458870e-05,3.7333908016e+01
-9.0187344286e-05,8.3350355004e-05,3.6944330543e+01
-9.1840156662e-05,8.1457001932e-05,3.7258373939e+01
-9.3131396715e-05,8.3403250008e-05,3.6871011338e+01
-9.4802088738e-05,8.1511423197e-05,3.7184543782e+01
-9.6072442551e-05,8.3461701148e-05,3.6800056725e+01
-9.7760679758e-05,8.1571112623e-05,3.7112733247e+01
-9.9010085060e-05,8.3525639899e-05,3.6731617372e+01
-1.0071561612e-04,8.1636070019e-05,3.7043101322e+01
-1.0194399577e-04,8.3595056259e-05,3.6665800678e+01
-1.0366657102e-04,8.1706363527e-05,3.6975758935e+01
-1.0487385371e-04,8.3669972427e-05,3.6602675906e+01
-1.0661326945e-04,8.1781713616e-05,3.6910850122e+01
-1.8252118880e-05,8.6170502209e-05,3.7592205441e+01
-2.9889484481e-05,8.5643545547e-05,3.7891761801e+01
-6.7002571049e-06,8.6929793486e-05,3.6718376074e+01
-1.0779934559e-04,8.3750369180e-05,3.6542293159e+01
-1.1072012446e-04,8.3836443245e-05,3.6484643273e+01
1.6024087836e-05,8.9390704896e-05,3.2033504948e+01
-1.1363588113e-04,8.3928137539e-05,3.6429741084e+01
2.7125749484e-05,9.1255344122e-05,2.7552235591e+01
-1.1654628196e-04,8.4025549471e-05,3.6377558065e+01
-1.1945099179e-04,8.4128775500e-05,3.6328052170e+01
-1.2234967067e-04,8.4237934163e-05,3.6281165958e+01
-1.2524199182e-04,8.4353073942e-05,3.6236844387e+01
8.2880414206e-05,1.0368155686e-04,2.2274130733e+01
-1.2812802159e-04,8.4474323319e-05,3.6195010044e+01
-1.2896189569e-04,8.0590489718e-05,3.6816355930e+01
-1.3187678312e-04,8.0711957843e-05,3.6766923607e+01
-1.3478397708e-04,8.0839705549e-05,3.6719497861e+01
-1.3576951116e-04,8.2851093992e-05,3.6394198342e+01
-1.3768312422e-04,8.0973912604e-05,3.6674009860e+01
-1.4057386591e-04,8.1114822388e-05,3.6630378560e+01
-1.4345606910e-04,8.1262543948e-05,3.6588540441e+01
-1.1723015556e-04,8.0165406637e-05,3.7035085780e+01
-1.4632884591e-04,8.1417466876e-05,3.6548397878e+01
-1.4919170112e-04,8.1579912679e-05,3.6509859918e+01
-1.5030250012e-04,7.7685827534e-05,3.7090273264e+01
-1.5319176654e-04,7.7847157284e-05,3.7041994994e+01
-1.5404600654e-04,7.9879397602e-05,3.6732635937e+01
-1.5607001081e-04,7.8016349760e-05,3.6994901802e+01
-6.6587288646e-05,7.9323505043e-05,3.8262259002e+01
-1.1186840412e-04,8.5824146817e-05,3.6132917835e+01
1.0901002988e-04,1.1151459249e-04,2.1190901604e+01
-1.5690083370e-04,8.0057126587e-05,3.6691942638e+01
-1.5893702161e-04,7.8193647905e-05,3.6948939913e+01
-1.3864800846e-04,7.7111228718e-05,3.7296883060e+01
-1.5974445118e-04,8.0243229700e-05,3.6652490191e+01
-1.6179243632e-04,7.8379271361e-05,3.6904067974e+01
2.1847283156e-05,8.4181665307e-05,2.8345418282e+01
-1.2871320278e-05,8.0662454747e-05,3.7372013585e+01
-1.6257642841e-04,8.0438030322e-05,3.6614223039e+01
-1.2341314864e-04,8.6247588716e-05,3.5953436006e+01
-1.6539636116e-04,8.0641909734e-05,3.6577088650e+01
-1.6671874219e-04,7.6716430778e-05,3.7107621054e+01
-1.6956069539e-04,7.6919638141e-05,3.7058849942e+01
-1.6882581387e-04,7.4866070775e-05,3.7355655064e+01
-1.7167894355e-04,7.5068768885e-05,3.7300795956e+01
-1.7238926208e-04,7.7132513475e-05,3.7010868766e+01
-1.7451821207e-04,7.5281215659e-05,3.7246558759e+01
-1.7095752015e-04,7.3022636953e-05,3.7603485919e+01
-1.7520395247e-04,7.7355486697e-05,3.6963668576e+01
-1.7734311844e-04,7.5503866976e-05,3.7192943477e+01
-1.7800432705e-04,7.7589022517e-05,3.6917254886e+01
-1.8015317605e-04,7.5737224070e-05,3.7139965321e+01
-1.4722600623e-04,8.3457931423e-05,3.6248329610e+01
1.3607784671e-04,1.1970256643e-04,1.7120225301e+01
4.6253171560e-05,8.7004514997e-05,2.2291768863e+01
5.7753805653e-05,9.0034869182e-05,2.2221985053e+01
-1.8078990464e-04,7.7833623613e-05,3.6871649617e+01
-1.8294790331e-04,7.5981788462e-05,3.7087663001e+01
-1.8513107113e-04,7.4136305557e-05,3.7302221212e+01
-1.8452647861e-04,7.2052955287e-05,3.7580834878e+01
-1.8733990474e-04,7.2297136778e-05,3.7514258488e+01
-1.8791879351e-04,7.4392680724e-05,3.7243546380e+01
-1.9238026765e-04,7.0720467443e-05,3.7648686530e+01
-1.9516747661e-04,7.0989637441e-05,3.7575212087e+01
-1.9793594489e-04,7.1272449619e-05,3.7502406493e+01
-1.9744652699e-04,6.9162869871e-05,3.7761971642e+01
-2.0022272956e-04,6.9445941895e-05,3.7680648626e+01
-2.0068520563e-04,7.1569596341e-05,3.7430514928e+01
-2.0297895459e-04,6.9743658641e-05,3.7600192838e+01
-2.0571467020e-04,7.0056768344e-05,3.7520964074e+01
-2.0804228364e-04,6.8237753867e-05,3.7673044290e+01
7.8261699882e-05,9.3953169005e-05,2.2356439802e+01
-2.0764985323e-04,6.6109955340e-05,3.7912186325e+01
-2.1039817150e-04,6.6424797188e-05,3.7814007550e+01
-2.1076230008e-04,6.8568304014e-05,3.7586460866e+01
-2.1312371582e-04,6.6756607376e-05,3.7717688752e+01
-2.1345973913e-04,6.8916283301e-05,3.7502258420e+01
-2.1822081224e-04,6.5302439428e-05,3.7730235697e+01
-2.2090266553e-04,6.5673144672e-05,3.7629699695e+01
-2.2064526619e-04,6.3504895445e-05,3.7817742114e+01
-2.2333091312e-04,6.3877953574e-05,3.7705507592e+01
1.5749763875e-04,1.2502577251e-04,1.7043846278e+01
-2.2355893516e-04,6.6064175193e-05,3.7534001087e+01
1.1114690941e-04,1.0302945897e-04,2.2417755371e+01
-2.2578923097e-04,6.2089286603e-05,3.7756729605e+01
-2.2845105834e-04,6.2486387005e-05,3.7635868925e+01
-2.3108459957e-04,6.2906185819e-05,3.7521282472e+01
2.2784714366e-04,1.1522224745e-04,1.4638561883e+01
2.3130117364e-04,1.1247229283e-04,1.4638974301e+01
2.2438131636e-04,1.1795473445e-04,1.4639924691e+01
-2.3122592352e-04,6.5127018923e-05,3.7404395449e+01
-2.3368921218e-04,6.3349862715e-05,3.7414282956e+01
-2.3357786717e-04,6.1131681128e-05,3.7509850061e+01
3.5307140690e-05,9.3017899544e-05,2.3110602506e+01
6.8200387908e-05,1.0070554006e-04,2.1986865222e+01
9.2493445726e-05,1.0759769535e-04,2.2513609306e+01
1.1915224865e-04,1.1584242621e-04,1.6899056852e+01
-2.2342270172e-04,4.1551709957e-05,3.9716556687e+01
1.1950058886e-04,6.2620090513e-05,2.2900728905e+01
7.3766985237e-05,5.4404986963e-05,2.2638168388e+01
1.4588163206e-04,6.8469580882e-05,1.8590358181e+01
5.4284952300e-05,5.1892350263e-05,2.2582009126e+01
9.4196367963e-05,5.7719288128e-05,2.2752064170e+01
-2.1745920176e-05,8.0197177753e-05,3.8086878133e+01
1.3315969672e-05,4.8710862113e-05,3.3069893698e+01
-4.0570015213e-06,8.1266241274e-05,3.6199546058e+01
1.3322738029e-05,8.2993791104e-05,3.1869764120e+01
-6.8669405479e-05,4.5280430084e-05,4.4692242578e+01
1.0065028164e-04,9.9099280417e-05,2.2726830322e+01
3.0229394796e-05,8.5638103358e-05,2.3549273051e+01
-8.9075580192e-05,4.5323044682e-05,4.4711448913e+01
1.3153261649e-04,1.0767358732e-04,1.7053169403e+01
-1.7930069804e-04,8.1811988019e-05,3.6407395320e+01
3.0611638227e-04,7.3522578277e-05,1.4165677909e+01
3.0274487642e-04,7.6648259538e-05,1.4163487290e+01
-2.3626426791e-04,6.3818661101e-05,3.7316152334e+01
-2.3875724935e-04,6.2054783029e-05,3.7269739116e+01
-2.3870763725e-04,5.9818423919e-05,3.7311819566e+01
-2.4128108075e-04,6.0299146806e-05,3.7174686320e+01
1.7627204244e-04,1.2855282406e-04,1.6315508848e+01
2.3179919341e-04,1.1627091877e-04,1.4545723452e+01
2.3525703400e-04,1.1350180372e-04,1.4548459534e+01
3.2052274051e-04,4.2360360392e-05,1.4744035877e+01
3.1650586742e-04,4.1871479608e-05,1.4893678089e+01
-2.4126389412e-04,5.8064804997e-05,3.7185958931e+01
-2.4637470582e-04,5.9068866516e-05,3.6871976474e+01
1.9331532284e-04,1.1242219052e-04,1.5705872707e+01
1.4905398554e-04,1.1104967621e-04,1.7068885784e+01
-2.4642318703e-04,5.6814247057e-05,3.6810957561e+01
-2.4895893929e-04,5.7339228437e-05,3.6631487171e+01
-2.4887859623e-04,5.9616463776e-05,3.6731719371e+01
-2.5145869416e-04,5.7896254447e-05,3.6465733964e+01
2.3575116528e-04,1.1730154217e-04,1.4451491218e+01
2.3921184866e-04,1.1451418458e-04,1.4456220827e+01
3.0666301467e-04,7.7362098465e-05,1.4026410928e+01
3.0329101916e-04,8.0485331515e-05,1.4025746742e+01
3.1985053533e-04,3.8628317302e-05,1.4904824868e+01
3.1580995691e-04,3.8158887757e-05,1.5054282897e+01
-1.7993760605e-04,8.3949246047e-05,3.6174518849e+01
-2.5134725065e-04,6.0196446608e-05,3.6606632175e+01
-2.5407036152e-04,5.6187026292e-05,3.6122080639e+01
-2.5652755395e-04,5.6789079845e-05,3.5948923421e+01
-1.8265381378e-04,8.4228050715e-05,3.6151241786e+01
1.7394022715e-04,8.5127504568e-05,1.7040629723e+01
2.3970287775e-04,1.1831533531e-04,1.4354050317e+01
2.4316544807e-04,1.1551047097e-04,1.4360552925e+01
2.4266196459e-04,1.1171002706e-04,1.4462020593e+01
2.4661754582e-04,1.1268885500e-04,1.4367734127e+01
-2.5671403475e-04,5.4489513100e-05,3.5688282904e+01
-2.5916498695e-04,5.5103906331e-05,3.5485904784e+01
-2.5894700048e-04,5.7426741879e-05,3.5802778490e+01
2.3622869931e-04,1.2110310636e-04,1.4348004119e+01
2.4935152889e-04,8.0571663876e-05,1.5116218889e+01
1.7121569918e-04,1.1579016063e-04,1.6979603330e+01
2.5722556691e-04,6.0869766489e-05,1.5652790872e+01
2.6055023738e-04,5.7998169197e-05,1.5699804331e+01
2.5644465671e-04,5.7188757867e-05,1.5817114987e+01
2.5976040296e-04,5.4324852896e-05,1.5865414811e+01
2.5563879135e-04,5.3520416288e-05,1.6020364410e+01
2.5894548569e-04,5.0664578632e-05,1.6073619382e+01
2.5480756876e-04,4.9864658176e-05,1.6126933940e+01
2.5810585596e-04,4.7017424695e-05,1.6255305269e+01
2.5394961548e-04,4.6221352995e-05,1.6631206792e+01
2.5724556404e-04,4.3390548186e-05,1.6896420946e+01
2.5313433300e-04,4.2688468000e-05,1.7078647706e+01
2.5644827381e-04,3.9919353745e-05,1.7017810598e+01
2.5239414649e-04,3.9347553372e-05,1.7078456846e+01
2.6054693929e-04,4.0562087192e-05,1.7149534683e+01
2.5977016655e-04,3.7156519878e-05,1.7023338981e+01
2.6385294345e-04,3.7734510185e-05,1.7098640389e+01
2.4906451629e-04,4.2050214316e-05,1.7038996333e+01
2.4837875591e-04,3.8847471251e-05,1.7073118005e+01
2.4503313589e-04,4.1479282635e-05,1.7087970945e+01
2.4438787617e-04,3.8402907333e-05,1.7106160076e+01
2.4103142734e-04,4.0969039975e-05,1.7052398652e+01
2.4040320727e-04,3.7976096150e-05,1.7146342389e+01
2.3704618537e-04,4.0498613020e-05,1.7134407041e+01
2.3641044943e-04,3.7535227184e-05,1.7289462250e+01
2.3306326051e-04,4.0033806066e-05,1.7121324758e+01
2.3241091222e-04,3.7073191823e-05,1.7449042420e+01
2.2907386058e-04,3.9550865117e-05,1.7292421474e+01
2.2840933023e-04,3.6593974738e-05,1.7512684585e+01
2.2508280556e-04,3.9050446533e-05,1.7380322011e+01
2.2441240423e-04,3.6103288978e-05,1.7548464593e+01
2.2109767478e-04,3.8538344190e-05,1.7403651100e+01
2.2042465813e-04,3.5604605243e-05,1.7593354550e+01
2.1712106350e-04,3.8018248252e-05,1.7461588710e+01
2.1644621562e-04,3.5099535144e-05,1.7624264380e+01
2.1315204221e-04,3.7492600648e-05,1.7502805200e+01
2.1247804263e-04,3.4591900161e-05,1.7671422125e+01
2.0919285268e-04,3.6962935299e-05,1.7552773979e+01
2.0851959930e-04,3.4082510977e-05,1.7730160569e+01
2.0524328957e-04,3.6431598711e-05,1.7621558100e+01
2.0457073347e-04,3.3573484657e-05,1.7801815087e+01
2.0130302576e-04,3.5900507064e-05,1.7704966506e+01
2.0063040978e-04,3.3065671775e-05,1.7897874229e+01
1.9737085538e-04,3.5370851466e-05,1.7807030582e+01
1.9669790172e-04,3.2561038120e-05,1.8003109219e+01
1.9344616584e-04,3.4844061853e-05,1.7929319652e+01
1.8952847527e-04,3.4321541069e-05,1.8075816364e+01
1.8885407619e-04,3.1565474877e-05,1.8288497709e+01
1.8561574714e-04,3.3804335051e-05,1.8250638440e+01
1.8493994578e-04,3.1076531555e-05,1.8474961975e+01
1.8170907528e-04,3.3293027893e-05,1.8452839048e+01
1.8102972044e-04,3.0594610712e-05,1.8687194518e+01
1.7780522468e-04,3.2788792999e-05,1.8687539459e+01
1.7712195949e-04,3.0120515277e-05,1.8930341648e+01
1.7390256988e-04,3.2292564467e-05,1.8956609680e+01
1.7000250146e-04,3.1804887020e-05,1.9259441654e+01
1.6610193377e-04,3.1326982960e-05,1.9596516713e+01
1.6540350030e-04,2.8752756124e-05,1.9853760965e+01
1.6220059431e-04,3.0859523308e-05,1.9965357469e+01
1.6149619881e-04,2.8317477903e-05,2.0223334989e+01
1.5829787811e-04,3.0403233233e-05,2.0369548689e+01
1.5758726608e-04,2.7893795202e-05,2.0628267745e+01
1.5439313739e-04,2.9958895758e-05,2.0810343956e+01
1.5367593635e-04,2.7482524736e-05,2.1073706910e+01
1.4976206769e-04,2.7084458739e-05,2.1533460148e+01
1.4584581543e-04,2.6699974566e-05,2.2032438602e+01
1.4266301313e-04,2.8705246663e-05,2.2317715897e+01
1.4192726806e-04,2.6331346373e-05,2.2573644810e+01
1.3874705254e-04,2.8317082703e-05,2.2882087563e+01
1.3800739683e-04,2.5979429599e-05,2.2997499692e+01
1.3483806554e-04,2.7945491147e-05,2.2916411006e+01
1.3410552534e-04,2.5645036139e-05,2.2921506672e+01
1.3095830943e-04,2.7591604654e-05,2.2929865599e+01
1.3023261801e-04,2.5328568352e-05,2.2924166365e+01
1.2710715808e-04,2.7255760284e-05,2.2909705749e+01
1.2638701287e-04,2.5030419580e-05,2.2908543936e+01
1.2328401921e-04,2.6938349404e-05,2.2898878316e+01
1.2256819867e-04,2.4750794873e-05,2.2895441976e+01
1.1877566593e-04,2.4489731453e-05,2.2882390675e+01
1.1500885771e-04,2.4247206139e-05,2.2869243920e+01
1.1197758884e-04,2.6098635001e-05,2.2856252299e+01
1.0826148178e-04,2.5856056955e-05,2.2842738890e+01
1.0755052453e-04,2.3816389216e-05,2.2845078318e+01
1.0457085301e-04,2.5631927513e-05,2.2829557723e+01
1.0090524450e-04,2.5425660664e-05,2.2817695328e+01
9.7263271221e-05,2.5236750283e-05,2.2807417470e+01
9.3646759248e-05,2.5064368431e-05,2.2799042457e+01
9.0053079795e-05,2.4907864475e-05,2.2792624303e+01
8.9319088651e-05,2.3030205944e-05,2.2810872485e+01
8.6481304523e-05,2.4766398635e-05,2.2787857205e+01
8.5739626947e-05,2.2916231962e-05,2.2810557419e+01
8.2933258065e-05,2.4638924937e-05,2.2786843261e+01
7.9406359152e-05,2.4524631637e-05,2.2781217873e+01
7.8644055895e-05,2.2724132398e-05,2.2822143058e+01
7.5899701351e-05,2.4422603712e-05,2.2800041925e+01
7.5126683025e-05,2.2644223588e-05,2.2755627340e+01
7.2415063149e-05,2.4331835937e-05,2.2729648234e+01
7.1629569550e-05,2.2574044572e-05,2.3008297533e+01
6.8950150932e-05,2.4251665407e-05,2.3005191482e+01
6.8133209931e-05,2.2507508599e-05,2.3780325525e+01
6.4621953501e-05,2.2440003362e-05,2.4536161246e+01
6.2004362712e-05,2.4099061198e-05,2.4625586991e+01
6.1096838077e-05,2.2371849861e-05,2.5378075224e+01
5.8508658297e-05,2.4022215673e-05,2.5505727199e+01
5.7558110306e-05,2.2303359068e-05,2.6266852350e+01
5.4006102808e-05,2.2234874797e-05,2.7205276077e+01
5.0441615469e-05,2.2166525802e-05,2.8182907751e+01
4.6864822931e-05,2.2098685629e-05,2.9192962546e+01
4.4385157792e-05,2.3718187346e-05,2.9433224949e+01
4.3276196711e-05,2.2031595063e-05,3.0227258139e+01
3.9676179092e-05,2.1965557821e-05,3.1277961613e+01
3.6065254828e-05,2.1900765959e-05,3.2337237913e+01
3.2443878940e-05,2.1837495448e-05,3.3397525170e+01
2.8812421099e-05,2.1775976630e-05,3.4451584915e+01
2.6452230175e-05,2.3365671547e-05,3.4736284409e+01
2.5171559628e-05,2.1716373666e-05,3.5492577702e+01
2.1521972302e-05,2.1658302011e-05,3.6514315910e+01
1.7863547366e-05,2.1603574877e-05,3.7510917716e+01
1.5570746763e-05,2.3180149073e-05,3.7769960878e+01
1.1926300014e-05,2.3123683752e-05,3.8721077991e+01
1.0523803818e-05,2.1500575164e-05,3.9410168450e+01
6.8432221939e-06,2.1452925979e-05,4.0305013319e+01
4.6147282772e-06,2.3019381486e-05,4.0509095643e+01
9.4795615508e-07,2.2971628354e-05,4.1340694443e+01
-5.3686019559e-07,2.1365504986e-05,4.1970997696e+01
-4.2351175593e-06,2.1325193819e-05,4.2738549032e+01
-6.4008503712e-06,2.2884961344e-05,4.2869589341e+01
-1.0083468751e-05,2.2846146981e-05,4.3565539742e+01
-1.3771513276e-05,2.2810165605e-05,4.4215649869e+01
-1.5358394257e-05,2.1222019429e-05,4.4768923441e+01
-1.9074009401e-05,2.1193286687e-05,4.5354996894e+01
-2.1157138302e-05,2.2746528386e-05,4.5379273385e+01
-2.4855446340e-05,2.2718769697e-05,4.5894736152e+01
-2.6514638429e-05,2.1142191069e-05,4.6395425174e+01
-3.0239033713e-05,2.1120133561e-05,4.6852023149e+01
-3.2261190820e-05,2.2670749870e-05,4.6799077298e+01
-3.5966389469e-05,2.2650254477e-05,4.7190836161e+01
-3.7693692239e-05,2.1082216953e-05,4.7645215268e+01
-4.1423585816e-05,2.1066534791e-05,4.7985076297e+01
-4.3383876671e-05,2.2616386955e-05,4.7862256993e+01
-4.7084843828e-05,2.2599839674e-05,4.8145259990e+01
-4.8885115152e-05,2.1040166574e-05,4.8560136832e+01
-5.2614184815e-05,2.1031226777e-05,4.8798531259e+01
-5.4492994021e-05,2.2582976280e-05,4.8614185682e+01
-5.8224816081e-05,2.2572202074e-05,4.8806739936e+01
-6.1941065678e-05,2.2564880571e-05,4.8970868064e+01
-6.3818938168e-05,2.1008504053e-05,4.9342344103e+01
-6.5654240236e-05,2.2559466693e-05,4.9109364516e+01
-6.9366433349e-05,2.2555597130e-05,4.9224048983e+01
-7.3078066421e-05,2.2553088925e-05,4.9316557151e+01
-7.5017664239e-05,2.0999074613e-05,4.9661702737e+01
-7.8749173552e-05,2.0998334091e-05,4.9725752946e+01
-8.0499008845e-05,2.2551928991e-05,4.9441003903e+01
-8.4207959301e-05,2.2553153698e-05,4.9475720025e+01
-8.6209226756e-05,2.1000110848e-05,4.9798724407e+01
-8.9937467785e-05,2.1002518395e-05,4.9810171625e+01
-9.1622027499e-05,2.2558893502e-05,4.9496446806e+01
-9.5326746875e-05,2.2563321757e-05,4.9484713747e+01
-9.7389586259e-05,2.1010116797e-05,4.9788644499e+01
-1.0111317239e-04,2.1015233435e-05,4.9757668683e+01
-1.0273092478e-04,2.2575085706e-05,4.9422040581e+01
-1.0643001880e-04,2.2582364530e-05,4.9372831520e+01
-1.1012687359e-04,2.2590543192e-05,4.9312721471e+01
-1.1227227021e-04,2.1035597158e-05,4.9594038300e+01
-1.1382138411e-04,2.2599605657e-05,4.9242360692e+01
-1.1751339924e-04,2.2609535516e-05,4.9162322976e+01
-1.2120269347e-04,2.2620339060e-05,4.9073092832e+01
-1.2341075827e-04,2.1063088406e-05,4.9338062863e+01
-1.2711827797e-04,2.1073831526e-05,4.9234480735e+01
-1.2857245210e-04,2.2644567119e-05,4.8868618172e+01
-1.3225264894e-04,2.2658010073e-05,4.8753949525e+01
-1.3452439434e-04,2.1097693095e-05,4.9001737885e+01
-1.3822262938e-04,2.1110847086e-05,4.8872896036e+01
-1.3960244175e-04,2.2687655934e-05,4.8500607105e+01
-1.2209653061e-05,2.4411679445e-05,4.3654495703e+01
-1.4327164642e-04,2.2703926029e-05,4.8362033700e+01
-1.4560845243e-04,2.1139763625e-05,4.8590463170e+01
-1.4929563337e-04,2.1155614051e-05,4.8436679235e+01
-1.5058841277e-04,2.2736538596e-05,4.8061769433e+01
1.5511731502e-04,3.2489478328e-05,2.0541800692e+01
3.8389870643e-05,2.5263326554e-05,3.0747427942e+01
2.4052362966e-06,2.4593220953e-05,4.0700738184e+01
-3.0579701850e-05,2.4254026548e-05,4.6323113183e+01
1.8239088766e-04,3.6039964345e-05,1.8226863718e+01
-1.5425410476e-04,2.2758668978e-05,4.7897744424e+01
1.6912182797e-05,2.4826750126e-05,3.7050652162e+01
5.2463903600e-05,2.5594240053e-05,2.6595285505e+01
9.4372670996e-05,2.7026890777e-05,2.2789568393e+01
1.1269535113e-04,2.8236332450e-05,2.2858676033e+01
-1.5788353138e-04,2.2782881320e-05,4.7726303887e+01
-1.6032830696e-04,2.1208290811e-05,4.7922673916e+01
-1.6400011299e-04,2.1227384447e-05,4.7732275122e+01
-6.3778532526e-05,2.4124904986e-05,4.8740664113e+01
-8.5915100185e-05,2.4117859582e-05,4.9170290908e+01
-1.6519291277e-04,2.2821839473e-05,4.7355179906e+01
-1.6882777592e-04,2.2848692546e-05,4.7154105438e+01
-1.7132362352e-04,2.1271415877e-05,4.7319421264e+01
-1.7497453962e-04,2.1295165688e-05,4.7095739031e+01
-1.0064758054e-04,2.4138141796e-05,4.9121907277e+01
-1.1534668964e-04,2.4174973615e-05,4.8883277730e+01
-1.7860543214e-04,2.1317608773e-05,4.6860677412e+01
-1.3000118566e-04,2.4227356020e-05,4.8496406032e+01
2.3575034846e-04,3.4583998552e-05,1.7600946851e+01
2.0784524592e-04,3.1240046431e-05,1.7918988157e+01
1.8035006440e-04,2.7946284900e-05,1.8932049790e+01
1.5295766664e-04,2.5061484354e-05,2.1323414821e+01
1.2567218201e-04,2.2868062707e-05,2.2905676105e+01
3.4836568058e-05,2.0247071552e-05,3.3114819378e+01
-2.0725577144e-05,1.9620878873e-05,4.5884663852e+01
-3.9459416838e-05,1.9523987077e-05,4.8094160097e+01
1.0683716660e-04,2.1837278682e-05,2.2853306642e+01
9.2181930723e-05,2.1301894676e-05,2.2834662968e+01
4.9357859910e-05,2.0483806490e-05,2.8959294581e+01
1.6556331793e-06,1.9809646827e-05,4.1802945831e+01
-1.5909571357e-04,1.9628333897e-05,4.8294744902e+01
-5.8224649023e-05,1.9471707004e-05,4.9393630995e+01
-7.3241944812e-05,1.9454544223e-05,4.9924367311e+01
-8.8248050929e-05,1.9454853937e-05,5.0114596151e+01
-1.0323429645e-04,1.9469236365e-05,5.0047818474e+01
-1.1819189753e-04,1.9495674917e-05,4.9785242496e+01
-1.7751434969e-04,1.9723334977e-05,4.7231550291e+01
-1.8484509992e-04,1.9772622314e-05,4.6713702976e+01
-1.8586349729e-04,2.1381790587e-05,4.6344159920e+01
-1.8850117703e-04,1.9802827914e-05,4.6429808817e+01
-1.8950284108e-04,2.1407668006e-05,4.6061976923e+01
-1.9671775998e-04,2.1483744713e-05,4.5441694805e+01
-1.9942751221e-04,1.9895731904e-05,4.5462750981e+01
-2.0033427521e-04,2.1520019078e-05,4.5098961809e+01
-2.0305443923e-04,1.9929937094e-05,4.5094833942e+01
1.9412411232e-04,3.7671634672e-05,1.7742944435e+01
1.7069777344e-04,3.4463394142e-05,1.9009223004e+01
1.4340325355e-04,3.1135439934e-05,2.2063230684e+01
-7.4850502297e-05,2.4115100559e-05,4.9044231839e+01
6.2865550635e-05,2.5851125874e-05,2.3898079095e+01
2.7699632102e-05,2.5033733264e-05,3.3966237836e+01
-9.5169981899e-06,1.9704648519e-05,4.4046129186e+01
-1.4798478084e-04,1.9582856802e-05,4.8806886512e+01
1.4119315051e-04,2.4016440239e-05,2.2766057220e+01
1.6861638353e-04,2.6644925158e-05,1.9774556906e+01
1.9602555489e-04,2.9795250383e-05,1.8211531071e+01
2.2373377303e-04,3.3182011990e-05,1.7744525981e+01
2.4775284224e-04,3.5839488072e-05,1.7183289617e+01
-2.0392508567e-04,2.1561393555e-05,4.4733382972e+01
-1.4819567751e-04,2.4312569656e-05,4.7837643895e+01
2.0986644812e-04,3.9878189805e-05,1.7394843783e+01
2.6310120474e-04,3.4401644467e-05,1.7048662515e+01
2.6716522984e-04,3.4908815356e-05,1.7039868796e+01
-2.0750168533e-04,2.1606804185e-05,4.4341804276e+01
-2.1027190178e-04,2.0010784040e-05,4.4276211270e+01
-2.1106539279e-04,2.1656237457e-05,4.3921475132e+01
-2.1386253764e-04,2.0056832576e-05,4.3819733751e+01
-2.1668581459e-04,1.8465557521e-05,4.3676241939e+01
-2.2029145871e-04,1.8512181897e-05,4.3139321657e+01
-2.2388321875e-04,1.8563324636e-05,4.2557498324e+01
-2.2454273436e-04,2.0218542228e-05,4.2221499538e+01
-2.2745703788e-04,1.8620706792e-05,4.1926328570e+01
-1.6992009087e-04,2.4465403271e-05,4.6774935346e+01
-2.3101858750e-04,1.8682688567e-05,4.1239402093e+01
-2.3455470140e-04,1.8753121919e-05,4.0492848912e+01
-2.3807847562e-04,1.8827451019e-05,3.9677640911e+01
-2.4157748266e-04,1.8912507398e-05,3.8788483586e+01
-2.1588781658e-04,1.6843331810e-05,4.4027849911e+01
2.6644278325e-04,3.1654755811e-05,1.7046569680e+01
2.7048595866e-04,3.2086487425e-05,1.7015101620e+01
2.2176265100e-04,4.1497148228e-05,1.7259813664e+01
-2.4504893894e-04,1.9008255675e-05,3.7818410511e+01
3.1914722437e-04,3.4920755734e-05,1.5074050278e+01
3.1508403833e-04,3.4468931511e-05,1.5224072398e+01
3.2319103088e-04,3.5356809034e-05,1.4916900683e+01
2.4711773014e-04,1.1649190780e-04,1.4260172544e+01
2.5057078308e-04,1.1365353593e-04,1.4268593075e+01
2.5006007996e-04,1.0985070951e-04,1.4375764609e+01
2.5401430868e-04,1.1079853624e-04,1.4277491589e+01
-2.4849491111e-04,1.9114972718e-05,3.6758428365e+01
-2.5190930493e-04,1.9235262347e-05,3.5601298151e+01
-2.5528904624e-04,1.9371082083e-05,3.4338740970e+01
2.2682159496e-04,1.0762984710e-04,1.4821644849e+01
-2.0475755180e-04,2.3210911891e-05,4.4372433436e+01
1.7070415047e-04,8.7544474210e-05,1.7041867477e+01
-2.6183433525e-04,5.3432476823e-05,3.4911397458e+01
-2.6423492988e-04,5.4102348964e-05,3.4710650699e+01
-2.5125642705e-04,1.5779658124e-05,3.6108078937e+01
3.0719496244e-04,8.1217165163e-05,1.3884237981e+01
3.0382299541e-04,8.4336814454e-05,1.3884821929e+01
2.9991543654e-04,8.3587389912e-05,1.4023318368e+01
3.0044675666e-04,8.7435577315e-05,1.3883592682e+01
2.9653580864e-04,8.6668877353e-05,1.4019358360e+01
2.9706597123e-04,9.0514092920e-05,1.3880763684e+01
2.9315180510e-04,8.9730442096e-05,1.4014085330e+01
2.9368042533e-04,9.3572920978e-05,1.3876531494e+01
2.8976326721e-04,9.2772819624e-05,1.4007697752e+01
2.9028972347e-04,9.6612620776e-05,1.3871077909e+01
3.1056297038e-04,7.8075743850e-05,1.3881615844e+01
2.8636979432e-04,9.5796460164e-05,1.4000390601e+01
2.8689367134e-04,9.9633717774e-05,1.3864556609e+01
2.6979551270e-04,2.8911457492e-05,1.7034870792e+01
2.7381572866e-04,2.9266943851e-05,1.7030567264e+01
2.7458427297e-04,3.2601652889e-05,1.7107583739e+01
2.7789572461e-04,2.9710292973e-05,1.7109366853e+01
-2.5863080648e-04,1.9524592002e-05,3.2962433123e+01
-2.6166761673e-04,1.6113450989e-05,3.1765618082e+01
-2.6506181995e-04,1.6258009308e-05,3.0041192337e+01
-2.6841032336e-04,1.6423778126e-05,2.8163973868e+01
-2.6842608252e-04,1.8253256087e-05,2.8083708192e+01
-2.7170802780e-04,1.6614006335e-05,2.6133767498e+01
1.7456589131e-04,8.8712009157e-05,1.7028019285e+01
-6.3556636336e-05,5.0404791462e-05,4.3620407385e+01
-2.1152018798e-04,4.2714909356e-05,4.0666511070e+01
2.6582639110e-04,2.8629053856e-05,1.7231381600e+01
2.5349383049e-04,1.0699615137e-04,1.4384764921e+01
-1.8056816863e-04,8.6103280142e-05,3.5957185321e+01
2.5452095585e-04,1.1460524022e-04,1.4163690646e+01
-1.8326279629e-04,8.6393538826e-05,3.5941368360e+01
2.7873198346e-04,3.3193311492e-05,1.6575974010e+01
2.8202681292e-04,3.0231864174e-05,1.6835399045e+01
2.4598863617e-04,8.3401779841e-05,1.5091250812e+01
-2.2162788310e-04,2.1828594976e-05,4.2463967290e+01
-2.7164888838e-04,1.8474495733e-05,2.6108599355e+01
-2.7494952263e-04,1.6832215990e-05,2.3926659218e+01
-2.6891412149e-04,5.5559793468e-05,3.4451818758e+01
-2.7158550640e-04,5.3957428427e-05,3.3649395893e+01
-2.7199455923e-04,5.1584119910e-05,3.2818969043e+01
-2.7428821436e-04,5.2376505000e-05,3.2659252478e+01
3.2247914379e-04,3.1654496393e-05,1.5097708239e+01
3.2652617900e-04,3.2054963115e-05,1.4928668352e+01
3.1108105629e-04,8.1950315883e-05,1.3734713857e+01
3.1444370928e-04,7.8791563802e-05,1.3728743720e+01
2.7715469332e-04,2.6448288271e-05,1.7024548310e+01
-1.7785924268e-04,8.5825405218e-05,3.5974336004e+01
2.5796461967e-04,1.1173406472e-04,1.4173345986e+01
2.5846750200e-04,1.1554527304e-04,1.4052363687e+01
1.7131252141e-04,9.1133659460e-05,1.7030186651e+01
2.0172055120e-04,9.3382929807e-05,1.6111296394e+01
2.3369562956e-04,4.3021249672e-05,1.7038884189e+01
2.8291134480e-04,3.3820922805e-05,1.6232625115e+01
2.8621050746e-04,3.0817211464e-05,1.6474149056e+01
-2.7481349648e-04,1.8726784620e-05,2.3956001969e+01
-2.7702233091e-04,5.0820099386e-05,3.1439564519e+01
-2.3204021532e-04,2.2073134640e-05,4.0622753548e+01
1.7518639864e-04,9.2343444265e-05,1.7016676787e+01
3.0096653704e-04,9.1296194537e-05,1.3739482061e+01
-2.7653522070e-04,5.3216991256e-05,3.2586236023e+01
-2.7925573798e-04,5.1686642384e-05,3.1335700079e+01
-2.7978758473e-04,4.9291289420e-05,2.9938686696e+01
-2.8200774541e-04,5.0186461898e-05,2.9790354074e+01
-1.7646477178e-04,8.9872313833e-05,3.5578038028e+01
-1.7377039652e-04,8.9596561897e-05,3.5583404285e+01
-2.7791455004e-04,1.9014336272e-05,2.1691517507e+01
-2.8148840830e-04,1.5436254782e-05,1.8883797735e+01
-2.8460703638e-04,1.5719482290e-05,1.6853108600e+01
-2.8769566357e-04,1.6034512539e-05,1.7158102565e+01
2.5000796958e-04,8.4319958007e-05,1.4999054232e+01
2.8707598415e-04,3.4424451854e-05,1.6089089816e+01
2.7961091686e-04,3.6801294724e-05,1.6129329771e+01
2.1310399522e-04,9.3040861203e-05,1.5582751435e+01
-1.8535513459e-04,8.4519458634e-05,3.6129252934e+01
-1.8594275694e-04,8.6696701774e-05,3.5926965512e+01
-1.8804119711e-04,8.4824000183e-05,3.6108644794e+01
3.1175040843e-04,3.7675032863e-05,1.5199378434e+01
2.9038048979e-04,3.1394568652e-05,1.6076363496e+01
2.8950368620e-04,2.7796001903e-05,1.6545867406e+01
2.9368265447e-04,2.8345247385e-05,1.6150245260e+01
-1.8860769787e-04,8.7013297520e-05,3.5914083209e+01
3.1494843186e-04,8.2686921055e-05,1.3576954267e+01
3.1830429474e-04,7.9512016459e-05,1.3567542061e+01
2.6191048762e-04,1.1265855514e-04,1.4062671974e+01
2.6241000551e-04,1.1647502948e-04,1.3934141092e+01
2.5895954042e-04,1.1935978493e-04,1.3922705806e+01
2.4663486993e-04,8.7155462609e-05,1.4977237348e+01
2.9080536872e-04,1.0046205004e-04,1.3728896825e+01
2.8740712616e-04,1.0347960615e-04,1.3722704666e+01
-2.8727221138e-04,1.8060458964e-05,1.7148396904e+01
-2.9077198280e-04,1.6381912257e-05,1.7067853021e+01
-2.8489172074e-04,1.3786849997e-05,1.6861507697e+01
-2.8417718069e-04,5.1135322687e-05,2.9786294369e+01
-2.8479076549e-04,4.8720837429e-05,2.7886531750e+01
3.2580425909e-04,2.8358040752e-05,1.5124580849e+01
3.2985410969e-04,2.8720376788e-05,1.4936987348e+01
-1.9125729427e-04,8.7343879007e-05,3.5902850834e+01
2.9279555389e-04,2.4761011257e-05,1.6610019734e+01
2.9698611744e-04,2.5274197344e-05,1.6314064550e+01
-2.4235923879e-04,2.2381634230e-05,3.8250700671e+01
2.8583373656e-04,9.1968911134e-05,1.4131162626e+01
2.8243834554e-04,9.4975897550e-05,1.4122017264e+01
2.4262180713e-04,8.6216509110e-05,1.5069657593e+01
1.6747173884e-04,8.9941396564e-05,1.7043617954e+01
1.6806131347e-04,9.3533978986e-05,1.7033123673e+01
1.6424311157e-04,9.2317102433e-05,1.7045879215e+01
-1.6807902004e-04,7.2830040080e-05,3.7665088620e+01
-1.6947729532e-04,6.8983782567e-05,3.8244288857e+01
-1.6654691646e-04,6.8810726570e-05,3.8318921892e+01
-1.6871689998e-04,6.6991275004e-05,3.8580946993e+01
-1.6575970158e-04,6.6827736001e-05,3.8661807307e+01
-1.7014978495e-04,6.3213166811e-05,3.9189731212e+01
-1.7313483277e-04,6.3373774251e-05,3.9095570741e+01
-1.7464550216e-04,5.9627379775e-05,3.9700449422e+01
-1.7765926523e-04,5.9784598339e-05,3.9591332121e+01
-1.7161710373e-04,5.9478171279e-05,3.9808022153e+01
-1.7389044146e-04,5.7697921619e-05,4.0062315689e+01
-1.7083254193e-04,5.7558197187e-05,4.0175801206e+01
-1.7444606180e-04,9.1766182087e-05,3.5394710417e+01
-1.7175891303e-04,9.1491632305e-05,3.5394392502e+01
-1.8652653564e-04,8.8890369011e-05,3.5740802609e+01
-1.8065781677e-04,5.9950277224e-05,3.9480621620e+01
2.4325627656e-04,8.9975833723e-05,1.4958546865e+01
2.3925036540e-04,8.9015914388e-05,1.5051623266e+01
1.6481252132e-04,9.5911879858e-05,1.7036789726e+01
1.6101847565e-04,9.4670414451e-05,1.7048742501e+01
-2.9025791263e-04,1.8461726494e-05,1.7083692130e+01
-2.9383142564e-04,1.6766916954e-05,1.7093938974e+01
-2.9687275490e-04,1.7194074750e-05,1.7090125314e+01
-3.0066512704e-04,1.5447291380e-05,1.7082130464e+01
-3.0377119559e-04,1.5899242646e-05,1.7084492576e+01
-2.8760404542e-04,4.7294907360e-05,2.5507863041e+01
-2.8974700842e-04,4.8315797417e-05,2.5428431982e+01
3.1879601265e-04,8.3429814257e-05,1.3410839856e+01
3.2214368304e-04,8.0239949464e-05,1.3397887107e+01
-2.8904795771e-04,5.0743641577e-05,2.8025622683e+01
-2.9465580358e-04,4.8102826910e-05,2.2716678482e+01
-1.9389121680e-04,8.7688974343e-05,3.5893425838e+01
-1.9600425783e-04,8.5822011005e-05,3.6056374226e+01
2.5064042794e-04,8.8078874210e-05,1.4889621168e+01
2.6307419652e-04,5.1445406162e-05,1.5923718085e+01
3.2165556200e-04,7.6313551947e-05,1.3555111397e+01
3.2548626400e-04,7.7026081374e-05,1.3381495017e+01
3.2500227348e-04,7.3090235092e-05,1.3539252576e+01
3.2882364280e-04,7.3787037568e-05,1.3361181036e+01
3.2834465511e-04,6.9841009634e-05,1.3519396989e+01
3.3215593659e-04,7.0521500478e-05,1.3336291720e+01
3.3168222642e-04,6.6563913811e-05,1.3494819239e+01
3.3548282972e-04,6.7228021044e-05,1.3305973810e+01
3.3501557845e-04,6.3258237365e-05,1.3464387213e+01
3.3880440309e-04,6.3905092023e-05,1.3268991554e+01
3.3834413615e-04,5.9921658422e-05,1.3426598449e+01
3.4212048254e-04,6.0550846932e-05,1.3223681268e+01
3.4166771301e-04,5.6552247450e-05,1.3379278272e+01
3.4543027214e-04,5.7163488880e-05,1.3167781792e+01
3.4498637351e-04,5.3148370198e-05,1.3319337588e+01
3.4873368645e-04,5.3741066129e-05,1.3098208042e+01
3.4829907472e-04,4.9706993422e-05,1.3242613212e+01
3.5203017559e-04,5.0281084677e-05,1.3010891437e+01
3.5160501489e-04,4.6225180021e-05,1.3143335061e+01
3.4784915170e-04,4.5702454087e-05,1.3381145724e+01
3.5116280355e-04,4.2202702962e-05,1.3266262858e+01
3.5490575272e-04,4.2701455709e-05,1.3013570977e+01
3.5447112550e-04,3.8657923802e-05,1.3111089865e+01
3.5069722407e-04,3.8216090153e-05,1.3379653516e+01
3.5401018672e-04,3.4655197606e-05,1.3191739586e+01
3.5777356536e-04,3.5066809817e-05,1.2900593338e+01
3.5731576504e-04,3.1045219447e-05,1.2929421546e+01
3.5351480555e-04,3.0694984070e-05,1.3256371853e+01
3.6106829322e-04,3.1426157043e-05,1.2615076081e+01
-1.6278943046e-04,6.6672087004e-05,3.8742497212e+01
-1.5980663788e-04,6.6523916573e-05,3.8823070884e+01
-1.5681184076e-04,6.6382867165e-05,3.8903582356e+01
-1.5380556488e-04,6.6248612154e-05,3.8984085578e+01
-1.5502900723e-04,6.2521176587e-05,3.9649804079e+01
-1.5196935188e-04,6.2402500663e-05,3.9740089939e+01
-1.4889906722e-04,6.2289688311e-05,3.9829930567e+01
-1.4581782579e-04,6.2185169046e-05,3.9918864179e+01
-1.4373386443e-04,6.3974551008e-05,3.9613788529e+01
-1.4066005577e-04,6.3871673550e-05,3.9698764236e+01
-1.3757822673e-04,6.3773541589e-05,3.9783721686e+01
-1.3448785519e-04,6.3679944574e-05,3.9868722382e+01
-1.3138887078e-04,6.3591818763e-05,3.9953506767e+01
-1.2828217930e-04,6.3508235222e-05,4.0038171520e+01
-1.2516823271e-04,6.3428807562e-05,4.0122718517e+01
-1.2204722497e-04,6.3354243179e-05,4.0206873029e+01
-1.1891968395e-04,6.3283839208e-05,4.0290622957e+01
-1.1771116406e-04,6.1436343007e-05,4.0705695995e+01
-1.1578602276e-04,6.3217269590e-05,4.0373880433e+01
-1.1455275888e-04,6.1376137071e-05,4.0789487088e+01
-1.1264645092e-04,6.3155281407e-05,4.0456264271e+01
-1.1138941943e-04,6.1316006600e-05,4.0872824570e+01
-1.0950148717e-04,6.3096778243e-05,4.0537766136e+01
-1.2630774699e-04,6.5302056200e-05,3.9714752598e+01
-1.0635136441e-04,6.3042524911e-05,4.0617940935e+01
-1.0319647965e-04,6.2992367586e-05,4.0696494300e+01
-1.5411116963e-04,6.0616153633e-05,4.0034173555e+01
-1.0003715391e-04,6.2946230005e-05,4.0773067783e+01
-9.8228929426e-05,6.4737072105e-05,4.0435892150e+01
-9.6873721990e-05,6.2904118614e-05,4.0847234868e+01
-9.5084877697e-05,6.4695234619e-05,4.0509776555e+01
-9.3706520257e-05,6.2866005904e-05,4.0918520871e+01
-9.0535863613e-05,6.2831957152e-05,4.0986367402e+01
-8.7361866242e-05,6.2804579441e-05,4.1049639958e+01
-8.4185400872e-05,6.2777727210e-05,4.1108912801e+01
-8.1006276034e-05,6.2757679054e-05,4.1162146361e+01
-7.7825096044e-05,6.2740896190e-05,4.1209239302e+01
-7.4642185042e-05,6.2726741805e-05,4.1249344965e+01
-7.1457669412e-05,6.2720294861e-05,4.1280462925e+01
-6.8272060790e-05,6.2717578444e-05,4.1302245296e+01
-6.6665269740e-05,6.4517185988e-05,4.0972151781e+01
-6.5085665931e-05,6.2718011485e-05,4.1313513978e+01
-6.1898812942e-05,6.2726723469e-05,4.1311981017e+01
-5.8711882594e-05,6.2739811116e-05,4.1296859487e+01
-5.5525237500e-05,6.2758435959e-05,4.1266302688e+01
-5.2339253175e-05,6.2782688049e-05,4.1218516746e+01
-4.9154343356e-05,6.2813533399e-05,4.1151378573e+01
-4.5970914871e-05,6.2851081978e-05,4.1062805768e+01
-4.2789288543e-05,6.2894136818e-05,4.0950631764e+01
-3.9610230951e-05,6.2947248631e-05,4.0811757830e+01
-3.8199284439e-05,6.4779395655e-05,4.0495090935e+01
-3.6433937065e-05,6.3007152095e-05,4.0644016570e+01
-3.5045673227e-05,6.4844478909e-05,4.0327949357e+01
-3.3260799028e-05,6.3073562635e-05,4.0444484969e+01
-3.0091816373e-05,6.3151248229e-05,4.0209558017e+01
-2.6927140006e-05,6.3237053836e-05,3.9936321459e+01
-2.3767227721e-05,6.3330764142e-05,3.9621166751e+01
-2.0613332633e-05,6.3437252584e-05,3.9259941657e+01
-1.9341370907e-05,6.5308626106e-05,3.8937388801e+01
-1.7465586096e-05,6.3553410173e-05,3.8848933999e+01
-1.6217478731e-05,6.5433010802e-05,3.8522246713e+01
-1.3100723938e-05,6.5568941242e-05,3.8051522759e+01
-9.9919942501e-06,6.5717745880e-05,3.7520502760e+01
-6.8920601779e-06,6.5879549985e-05,3.6924164749e+01
-4.9519653291e-06,6.4133759505e-05,3.6616423450e+01
-3.8016932400e-06,6.6054844092e-05,3.6257115131e+01
-1.8475419926e-06,6.4313070818e-05,3.5886669553e+01
-7.2197565230e-07,6.6245029217e-05,3.5513842199e+01
1.2457506668e-06,6.4505717316e-05,3.5077687982e+01
2.3461540403e-06,6.6450284600e-05,3.4688432660e+01
5.4017282924e-06,6.6671152293e-05,3.3774587478e+01
7.3941391702e-06,6.4935971894e-05,3.3198694017e+01
1.0446701837e-05,6.5175654239e-05,3.2116753935e+01
1.3483646750e-05,6.5430599285e-05,3.0931322202e+01
1.6502343145e-05,6.5706025098e-05,2.9636796793e+01
1.9502303434e-05,6.5998749949e-05,2.8225037809e+01
2.2482143727e-05,6.6308611927e-05,2.6695792283e+01
2.3398523810e-05,6.8373337183e-05,2.6036180526e+01
2.5438756704e-05,6.6640816415e-05,2.5044564327e+01
2.6327999574e-05,6.8726490164e-05,2.4391529800e+01
2.9233642405e-05,6.9100979424e-05,2.2563925401e+01
3.2142697034e-05,6.9498308556e-05,2.2536539770e+01
3.5063898541e-05,6.9919314183e-05,2.2500169141e+01
3.7172821775e-05,6.8176815434e-05,2.2511589245e+01
4.0133806041e-05,6.8617004752e-05,2.2500353548e+01
4.0942099048e-05,7.0833654161e-05,2.2482415142e+01
4.3107866660e-05,6.9084508292e-05,2.2490769556e+01
4.3907898210e-05,7.1326987520e-05,2.2470577311e+01
4.6099062063e-05,6.9575425047e-05,2.2480698417e+01
4.6879156716e-05,7.1847605118e-05,2.2464292545e+01
4.9107015610e-05,7.0090054362e-05,2.2476398648e+01
4.9879605862e-05,7.2393524231e-05,2.2456239349e+01
5.2893533294e-05,7.2966779978e-05,2.2452422730e+01
5.5177002479e-05,7.1202226988e-05,2.2469137472e+01
5.5926216541e-05,7.3567312476e-05,2.2451197067e+01
5.8243021806e-05,7.1795925652e-05,2.2471919567e+01
5.8979681210e-05,7.4195403041e-05,2.2451517249e+01
6.1329641166e-05,7.2420118027e-05,2.2475257334e+01
6.2055143343e-05,7.4852422915e-05,2.2455976346e+01
6.5154345190e-05,7.5538291400e-05,2.2464181038e+01
6.7575704466e-05,7.3748156037e-05,2.2493196045e+01
7.0736344672e-05,7.4457245227e-05,2.2505883485e+01
7.1427154999e-05,7.6995959974e-05,2.2490931968e+01
7.3924628690e-05,7.5193782912e-05,2.2524602074e+01
7.4609733006e-05,7.7773009669e-05,2.2508666738e+01
7.7143063071e-05,7.5960101484e-05,2.2544632858e+01
7.7811104019e-05,7.8579028913e-05,2.2534480113e+01
8.0390429331e-05,7.6755880827e-05,2.2570541824e+01
8.1058901475e-05,7.9414206615e-05,2.2559115902e+01
8.3672154190e-05,7.7581206074e-05,2.2598583976e+01
8.4334101969e-05,8.0281513387e-05,2.2590566437e+01
8.6986823770e-05,7.8436701282e-05,2.2628276271e+01
8.7641987418e-05,8.1182010245e-05,2.2624903642e+01
9.0336872666e-05,7.9320965801e-05,2.2663669516e+01
-7.4508980067e-05,6.6341417724e-05,4.0543928809e+01
-8.3924589789e-05,6.6398931417e-05,4.0378321151e+01
-6.1935807817e-05,6.6337661726e-05,4.0660391462e+01
-5.2503781925e-05,6.6394267183e-05,4.0625237872e+01
-4.3081061526e-05,6.6511022783e-05,4.0433066931e+01
-3.3678966129e-05,6.6697546671e-05,4.0022221386e+01
-2.4310390330e-05,6.6965815956e-05,3.9314411927e+01
3.4268346726e-06,6.8414556348e-05,3.4324752996e+01
1.2475123486e-05,6.9174181207e-05,3.1225910970e+01
2.1373913982e-05,7.0107545201e-05,2.7095570928e+01
3.0088420320e-05,7.1236749536e-05,2.2304445130e+01
3.8805649156e-05,7.2579466343e-05,2.2472017135e+01
9.3721740918e-05,8.0238407826e-05,2.2697963971e+01
-1.4173852156e-04,6.0205790248e-05,4.0407587689e+01
6.8958816678e-05,7.8788887691e-05,2.2455777324e+01
-1.3555175870e-04,6.5570588529e-05,3.9469456403e+01
9.4368559588e-05,8.3071540139e-05,2.2697799084e+01
9.7144557320e-05,8.1185018309e-05,2.2735024236e+01
-1.3233680507e-04,5.9947895521e-05,4.0681776417e+01
2.5150868910e-04,5.2697040689e-05,1.6069455762e+01
9.7787746456e-05,8.4065882824e-05,2.2736815886e+01
1.0060594175e-04,8.2161986483e-05,2.2771538713e+01
1.0124706145e-04,8.5090325538e-05,2.2775479017e+01
1.0410705518e-04,8.3168979318e-05,2.2807871920e+01
1.0474815255e-04,8.6143506443e-05,2.2813098856e+01
1.0764984612e-04,8.4203935810e-05,2.2841678042e+01
1.0829022204e-04,8.7228854936e-05,2.2861251413e+01
1.1123252266e-04,8.5272442791e-05,2.2867266994e+01
1.1187336501e-04,8.8347858927e-05,2.2842195099e+01
1.1485835219e-04,8.6369659727e-05,2.3028088807e+01
1.1550236992e-04,8.9497159890e-05,2.3006299155e+01
1.1852093907e-04,8.7495726295e-05,2.2444120595e+01
1.1914278868e-04,9.0668416922e-05,2.1700043196e+01
1.2216515329e-04,8.8632789032e-05,2.0976906221e+01
2.9122703545e-04,3.5008841638e-05,1.5956132973e+01
3.6061405820e-04,2.7385889127e-05,1.2564668652e+01
3.6435592888e-04,2.7734149671e-05,1.2228681172e+01
2.6290003442e-04,1.2029485206e-04,1.3796518295e+01
2.6634778957e-04,1.1739589141e-04,1.3808715975e+01
2.5944216452e-04,1.2317703869e-04,1.3783261419e+01
2.9131159322e-04,1.0432012163e-04,1.3580350357e+01
2.8791156930e-04,1.0733317919e-04,1.3574024959e+01
-1.2286543879e-04,5.9729114975e-05,4.0949186915e+01
-8.9121275932e-05,6.1025859870e-05,4.1387404060e+01
-6.9932894401e-05,6.0926298919e-05,4.1636558622e+01
-6.0308581775e-05,6.0941209365e-05,4.1628013634e+01
2.8189253788e-04,9.1159455958e-05,1.4247260936e+01
2.7849618476e-04,9.4149180774e-05,1.4236288485e+01
-1.6905912558e-04,9.1228559551e-05,3.5395475761e+01
-1.6707690479e-04,9.3131080669e-05,3.5206408559e+01
-1.8364049227e-04,6.0124922182e-05,3.9368284959e+01
-1.8297523142e-04,5.8164445376e-05,3.9710128128e+01
-1.8532076422e-04,5.6385531615e-05,3.9930979443e+01
-1.8833154894e-04,5.6556571067e-05,3.9799577453e+01
-1.9132481851e-04,5.6737307041e-05,3.9665561992e+01
-1.9429981454e-04,5.6928336216e-05,3.9528949287e+01
-1.8769485166e-04,5.4613534191e-05,4.0141814572e+01
-1.9725578551e-04,5.7130318818e-05,3.9389795315e+01
-1.4472140580e-04,6.5883934165e-05,3.9226033033e+01
-2.9543926738e-04,4.5701506059e-05,1.8544657887e+01
4.7646507770e-05,7.4146625094e-05,2.2442924663e+01
-1.9671568852e-04,5.5150828936e-05,3.9705713936e+01
-1.9968457083e-04,5.5351230716e-05,3.9553978714e+01
-2.0019137985e-04,5.7344251246e-05,3.9248189225e+01
-2.0214345583e-04,5.3578703586e-05,3.9702171883e+01
-2.0510449806e-04,5.3789504978e-05,3.9532775916e+01
-2.0804365354e-04,5.4013162557e-05,3.9359737561e+01
-2.1096000704e-04,5.4250540567e-05,3.9183301550e+01
1.2275258849e-04,9.1846169531e-05,2.0242649950e+01
1.2578254044e-04,8.9780505748e-05,1.9678336438e+01
-3.0290054467e-04,1.8192054477e-05,1.7099736863e+01
-3.0686194463e-04,1.6401250091e-05,1.7086908842e+01
-2.9816874643e-04,1.2943357263e-05,1.7067150604e+01
3.2912032278e-04,2.5028898325e-05,1.5151770715e+01
3.2504780639e-04,2.4685967778e-05,1.5339905802e+01
3.3317210623e-04,2.5350200187e-05,1.4935365170e+01
3.3388056701e-04,2.9065204362e-05,1.4724014890e+01
3.3719969934e-04,2.5652215108e-05,1.4681222992e+01
2.9610294407e-04,2.1710245311e-05,1.6928430316e+01
3.0028932817e-04,2.2172434282e-05,1.6461056814e+01
-1.9814048791e-04,8.3960887055e-05,3.6220160147e+01
-2.0076564669e-04,8.4326247813e-05,3.6200002971e+01
8.6291529566e-05,7.5723353559e-05,2.2635562245e+01
1.0342567941e-04,8.0230032558e-05,2.2803445325e+01
1.2151502837e-04,8.5454613668e-05,2.1649555820e+01
-3.0780527470e-04,1.4084661273e-05,1.7068396115e+01
-3.1099002152e-04,1.4557065967e-05,1.7068650665e+01
-3.0994023431e-04,1.6957447518e-05,1.7089262413e+01
-3.1415694278e-04,1.5089777905e-05,1.7069590523e+01
-2.0123035557e-04,8.6563679718e-05,3.6031074573e+01
-2.0337300767e-04,8.4707955022e-05,3.6182035671e+01
-2.0553909723e-04,8.2858068402e-05,3.6332566895e+01
3.1544308722e-04,8.6596631376e-05,1.3420739844e+01
1.7846058745e-04,8.9897925116e-05,1.7013054809e+01
1.7909277457e-04,9.3567392997e-05,1.7006382228e+01
2.9197022495e-04,2.1327536396e-05,1.7096652095e+01
-2.0813058790e-04,8.3260330095e-05,3.6310592611e+01
-2.0773004268e-04,8.1014169224e-05,3.6481640609e+01
-2.1032262634e-04,8.1419704888e-05,3.6453228044e+01
-1.6779937561e-04,9.5300955806e-05,3.5033609253e+01
-1.6511524132e-04,9.5040191465e-05,3.5023786864e+01
-1.6437354695e-04,9.2879930587e-05,3.5203425997e+01
-1.6241997676e-04,9.4790122186e-05,3.5015436098e+01
-1.5971391774e-04,9.4550374091e-05,3.5008570221e+01
-1.5893348132e-04,9.2408399416e-05,3.5201894876e+01
-1.5778909181e-04,9.6468488433e-05,3.4822768189e+01
-1.5508159834e-04,9.6239702644e-05,3.4812190932e+01
-1.5236437718e-04,9.6020452243e-05,3.4803201732e+01
-1.4963775355e-04,9.5810427771e-05,3.4795867698e+01
-1.5047757587e-04,9.7947736730e-05,3.4615512622e+01
-1.4776062241e-04,9.7738755528e-05,3.4603007338e+01
-1.4690209143e-04,9.5609311385e-05,3.4790272000e+01
-1.4503502763e-04,9.7538630617e-05,3.4592250908e+01
-1.4415768641e-04,9.5416839908e-05,3.4786503295e+01
-1.4140484819e-04,9.5232725331e-05,3.4784662061e+01
-1.3864394273e-04,9.5056698203e-05,3.4784861069e+01
-1.3773230056e-04,9.9102929975e-05,3.4377640316e+01
-1.3499389299e-04,9.8928837192e-05,3.4367595602e+01
-1.3224838319e-04,9.8762657935e-05,3.4359750930e+01
-1.2949613015e-04,9.8604149212e-05,3.4354253739e+01
-1.2673747394e-04,9.8453118342e-05,3.4351258031e+01
-1.2397270305e-04,9.8309385447e-05,3.4350924797e+01
-1.2120210799e-04,9.8172819666e-05,3.4353418276e+01
-1.1842601196e-04,9.8043219275e-05,3.4358919092e+01
-1.1564474205e-04,9.7920446520e-05,3.4367609049e+01
-1.1285860597e-04,9.7804456079e-05,3.4379665046e+01
-1.1224161092e-04,1.0184401493e-04,3.3919531822e+01
-1.0948290750e-04,1.0173116130e-04,3.3921341126e+01
-1.0672023578e-04,1.0162510605e-04,3.3926846837e+01
-1.0395389315e-04,1.0152577257e-04,3.3936279461e+01
-1.0118415330e-04,1.0143308957e-04,3.3949877350e+01
-1.0003308649e-04,9.9371492066e-05,3.4212060111e+01
-9.8411364667e-05,1.0134700385e-04,3.3967882756e+01
-9.7242390777e-05,9.9289913869e-05,3.4239465018e+01
-9.5635885635e-05,1.0126750934e-04,3.3990536147e+01
-9.4448939753e-05,9.9214779118e-05,3.4271585525e+01
-9.2857915405e-05,1.0119459152e-04,3.4018082757e+01
-9.1653016864e-05,9.9146052164e-05,3.4308635521e+01
-9.0077722498e-05,1.0112822523e-04,3.4050770413e+01
-8.8854905333e-05,9.9083829547e-05,3.4350805923e+01
-8.7295638851e-05,1.0106845279e-04,3.4088836504e+01
-8.6054897015e-05,9.9028105290e-05,3.4398293825e+01
-8.4511975414e-05,1.0101531263e-04,3.4132514702e+01
-8.1727004595e-05,1.0096885567e-04,3.4182029609e+01
-7.8941016169e-05,1.0092913359e-04,3.4237599005e+01
-7.6154246747e-05,1.0089730546e-04,3.4299256599e+01
-7.3367079607e-05,1.0087087945e-04,3.4367567859e+01
-7.0579705144e-05,1.0085252857e-04,3.4442292259e+01
-6.7792455926e-05,1.0084094234e-04,3.4523768578e+01
-6.5005595544e-05,1.0083660598e-04,3.4612024048e+01
-6.2219403084e-05,1.0083978897e-04,3.4707066887e+01
-6.0832446803e-05,1.0286491648e-04,3.4430880620e+01
-5.9434158051e-05,1.0085070422e-04,3.4808868180e+01
-5.8065974536e-05,1.0288006356e-04,3.4533594729e+01
-5.6650131147e-05,1.0086959220e-04,3.4917325512e+01
-5.5300996714e-05,1.0290337169e-04,3.4643973927e+01
-5.3867598275e-05,1.0089669716e-04,3.5032266090e+01
-5.2537788981e-05,1.0293509768e-04,3.4761946632e+01
-4.9776602256e-05,1.0297553793e-04,3.4887352666e+01
-4.8308105226e-05,1.0097671166e-04,3.5280425032e+01
-4.7017746244e-05,1.0302497837e-04,3.5019935089e+01
-4.5531690230e-05,1.0103025401e-04,3.5412787400e+01
-4.4261483538e-05,1.0308375358e-04,3.5159318821e+01
-4.2757857342e-05,1.0109328379e-04,3.5549884561e+01
-4.1508063646e-05,1.0315225090e-04,3.5304991388e+01
-3.9986871785e-05,1.0116620237e-04,3.5690943519e+01
-3.8757763198e-05,1.0323086113e-04,3.5456290384e+01
-3.7219001090e-05,1.0124942680e-04,3.5835011306e+01
-3.6010820602e-05,1.0332000931e-04,3.5612379661e+01
-3.4454507225e-05,1.0134342062e-04,3.5980950932e+01
-3.3267528172e-05,1.0342016694e-04,3.5772220164e+01
-3.1693658781e-05,1.0144867414e-04,3.6127400354e+01
-3.0528138071e-05,1.0353184722e-04,3.5934550376e+01
-2.8936719735e-05,1.0156572823e-04,3.6272765406e+01
-2.7792908492e-05,1.0365556340e-04,3.6097863450e+01
-2.6183953227e-05,1.0169514834e-04,3.6415173843e+01
-2.5062105088e-05,1.0379189430e-04,3.6260363210e+01
-2.3435625403e-05,1.0183755521e-04,3.6552473133e+01
-2.2335973498e-05,1.0394148992e-04,3.6419937580e+01
-2.0691999537e-05,1.0199361174e-04,3.6682168278e+01
-1.9614784765e-05,1.0410501399e-04,3.6574116722e+01
-1.7953345687e-05,1.0216403013e-04,3.6801439409e+01
-1.6898777761e-05,1.0428318439e-04,3.6720045069e+01
-1.5219932216e-05,1.0234957024e-04,3.6907057465e+01
-1.1483459283e-05,1.0468661457e-04,3.6973551445e+01
-8.7846709346e-06,1.0491357192e-04,3.7073273554e+01
-7.0539766568e-06,1.0300531380e-04,3.7104642790e+01
-4.3444065803e-06,1.0325998977e-04,3.7116852648e+01
-1.6415742958e-06,1.0353436697e-04,3.7095109557e+01
1.0541910383e-06,1.0382950281e-04,3.7035435206e+01
1.9440814908e-06,1.0601198520e-04,3.7188875990e+01
3.7425407110e-06,1.0414649715e-04,3.6934594354e+01
4.6079866704e-06,1.0633944281e-04,3.7126997757e+01
6.4231260632e-06,1.0448647968e-04,3.6790214630e+01
7.2638961340e-06,1.0669021204e-04,3.7024057878e+01
9.0956137271e-06,1.0485061351e-04,3.6601089318e+01
9.9113994813e-06,1.0706549123e-04,3.6880268435e+01
1.2550133464e-05,1.0746645204e-04,3.6697159252e+01
1.5179933206e-05,1.0789412547e-04,3.6476592967e+01
1.7800518561e-05,1.0834996195e-04,3.6219485710e+01
2.2326903594e-05,1.0707781140e-04,3.4969542556e+01
2.3013372066e-05,1.0935188431e-04,3.5585773530e+01
2.4945210730e-05,1.0761596984e-04,3.4489988556e+01
2.7553996027e-05,1.0818864753e-04,3.3943546634e+01
2.8187309706e-05,1.1048711230e-04,3.4741024913e+01
3.0153099107e-05,1.0879787382e-04,3.3318598438e+01
3.2741416252e-05,1.0944833221e-04,3.2604084881e+01
3.5318973689e-05,1.1014113618e-04,3.1786647277e+01
3.5870862498e-05,1.1248020574e-04,3.2845394329e+01
3.7884850941e-05,1.1087980553e-04,3.0849044190e+01
3.8409059453e-05,1.1323414438e-04,3.1981791764e+01
4.0932786268e-05,1.1403926224e-04,3.0981764466e+01
4.2976996248e-05,1.1250843121e-04,2.8595740167e+01
4.3443079864e-05,1.1489868989e-04,2.9851583079e+01
4.5935305607e-05,1.1581835700e-04,2.8488787758e+01
-2.1251900014e-05,1.0606216827e-04,3.6293027184e+01
-1.3172827799e-05,1.0662112518e-04,3.6814501223e+01
5.0482388000e-05,1.1539532067e-04,2.3735351673e+01
5.2940380457e-05,1.1649329470e-04,2.1144578019e+01
5.3280877947e-05,1.1899069043e-04,2.3318797627e+01
5.5395989343e-05,1.1765107395e-04,1.9245066479e+01
1.5921893655e-05,1.1014942485e-04,3.6914408051e+01
5.7867606346e-05,1.1886971173e-04,2.0445510047e+01
5.8080347267e-05,1.2148052854e-04,1.8128152757e+01
6.0356406642e-05,1.2015697303e-04,2.0761958982e+01
-7.0463746711e-05,1.0490472280e-04,3.3829785796e+01
6.0503683834e-05,1.2282785441e-04,2.0021797070e+01
6.2866893022e-05,1.2152054804e-04,2.0261351024e+01
3.1333063339e-05,1.1343520275e-04,3.5222966846e+01
4.7558290023e-05,1.1194138331e-04,2.4379793841e+01
-7.8721053231e-05,1.0498336829e-04,3.3665827889e+01
6.2951822766e-05,1.2425812061e-04,2.0548256933e+01
6.7931512458e-05,1.2162313291e-04,2.0692089330e+01
6.7994449786e-05,1.2449229274e-04,2.0461328989e+01
7.3351295344e-05,1.2476132316e-04,2.1022476109e+01
3.8889986867e-05,1.1560055926e-04,3.3273641597e+01
7.3338826318e-05,1.2781799007e-04,2.0891649057e+01
7.6157413081e-05,1.2644958964e-04,2.1297685142e+01
7.0508825781e-05,1.2023443380e-04,2.1002316235e+01
5.7608749150e-05,1.1627221060e-04,2.0957242395e+01
7.6122785699e-05,1.2961113421e-04,2.1345359238e+01
7.9038889972e-05,1.2821145504e-04,2.1687323572e+01
7.9004464252e-05,1.2501793416e-04,2.1613197765e+01
8.1972014623e-05,1.2674691674e-04,2.1942126415e+01
8.2000698467e-05,1.3003894465e-04,2.1858537818e+01
8.5013765968e-05,1.2853319385e-04,2.2072656906e+01
8.8129365385e-05,1.3036852235e-04,2.2771431541e+01
8.8132827451e-05,1.3380504310e-04,2.1365594582e+01
9.1268949405e-05,1.3218745524e-04,2.1035747556e+01
9.1209826647e-05,1.2876221711e-04,2.2591745174e+01
9.4393782169e-05,1.3052432433e-04,2.0702102809e+01
9.4406185205e-05,1.3394966390e-04,1.9637433012e+01
9.7570983205e-05,1.3224044947e-04,1.9418874565e+01
9.7552923745e-05,1.3566329450e-04,1.9134431501e+01
1.0075167494e-04,1.3391799195e-04,1.8732615930e+01
4.6317315542e-05,1.1823573929e-04,3.0013385538e+01
1.0071575589e-04,1.3733666399e-04,1.8771331991e+01
1.0394170187e-04,1.3556441505e-04,1.8241587503e+01
9.4288092786e-05,1.2710863126e-04,2.2348959579e+01
1.8972510149e-05,1.0432780581e-04,3.4913838943e+01
-2.5629769473e-06,1.0137784676e-04,3.7002513210e+01
-1.3506890827e-05,1.0043093133e-04,3.7032223334e+01
-3.5647105973e-05,9.9280876143e-05,3.6192150599e+01
-4.6807676447e-05,9.8990182739e-05,3.5667533143e+01
-5.8005408645e-05,9.8848429678e-05,3.5192937562e+01
-6.9222756548e-05,9.8835526133e-05,3.4803510834e+01
1.0392816206e-04,1.3214051925e-04,1.8263363841e+01
1.0713996700e-04,1.3376389333e-04,1.7500129436e+01
1.0714373240e-04,1.3718667522e-04,1.7734816493e+01
1.1035778714e-04,1.3537312678e-04,1.7047491059e+01
1.1036126890e-04,1.3879291597e-04,1.7274550617e+01
1.1359240269e-04,1.3697367120e-04,1.7089463366e+01
-1.1056534359e-04,1.0381979055e-04,3.3712839248e+01
5.3568418845e-05,1.2148980698e-04,2.6450485863e+01
8.1874776451e-05,1.2352960830e-04,2.1864029903e+01
-1.2049081988e-04,1.0222403500e-04,3.3934119077e+01
-7.7640228500e-05,9.8900822590e-05,3.4574448378e+01
1.1359636822e-04,1.4038993955e-04,1.7055202200e+01
1.1685339454e-04,1.3856578152e-04,1.7198095992e+01
-1.0447389040e-04,9.7496067767e-05,3.4437946814e+01
1.1681835109e-04,1.3512291608e-04,1.7167927665e+01
1.2011230810e-04,1.3670814090e-04,1.7174192740e+01
1.2014027493e-04,1.4015263188e-04,1.7185696260e+01
1.2343171292e-04,1.3829097664e-04,1.7196543427e+01
1.2345213859e-04,1.4173856448e-04,1.7188497918e+01
1.2677659329e-04,1.3987502319e-04,1.7211925144e+01
1.2678860780e-04,1.4332816433e-04,1.7216336468e+01
1.3014734197e-04,1.4146440047e-04,1.7226447909e+01
6.0571718767e-05,1.2550827000e-04,1.6824897636e+01
1.2004664387e-04,1.3323803354e-04,1.7179187699e+01
8.4982575096e-05,1.3537035071e-04,2.1501179753e+01
-1.2869451832e-04,1.0266939830e-04,3.3974429747e+01
1.0708271879e-04,1.3033148099e-04,1.7567627563e+01
1.3011099517e-04,1.3797543112e-04,1.7212360007e+01
1.3351936371e-04,1.3956259756e-04,1.7223480939e+01
1.3354470160e-04,1.4306330706e-04,1.7243784377e+01
1.3695678677e-04,1.4115940947e-04,1.7232269240e+01
1.3697008839e-04,1.4467588509e-04,1.7260422688e+01
1.4042563279e-04,1.4276906048e-04,1.7236470041e+01
1.4038502030e-04,1.3921055082e-04,1.7207722879e+01
1.4389866574e-04,1.4081409318e-04,1.7200148104e+01
1.4392901485e-04,1.4439435985e-04,1.7231805888e+01
1.4745232042e-04,1.4242717521e-04,1.7180873362e+01
9.7461427801e-05,1.3907850539e-04,1.9216546136e+01
1.4747190103e-04,1.4603593082e-04,1.7213422944e+01
1.5104860164e-04,1.4405328790e-04,1.7147560700e+01
-2.1070305582e-04,8.3680975250e-05,3.6291383394e+01
-2.9667216048e-04,4.9288263598e-05,2.3253654661e+01
-2.9951860208e-04,4.8111449239e-05,1.9354644334e+01
-3.0040499248e-04,4.5717445128e-05,1.6826797643e+01
-3.0240594845e-04,4.7014289003e-05,1.6681933182e+01
3.2929312875e-04,7.7751152721e-05,1.3199331964e+01
1.1031988241e-04,1.4219264205e-04,1.7663422009e+01
3.1927927724e-04,8.7361550649e-05,1.3249539225e+01
3.1592964498e-04,9.0519218711e-05,1.3259582604e+01
1.4383789645e-04,1.3722017159e-04,1.7174260863e+01
2.8400255300e-04,1.0647907069e-04,1.3715366153e+01
2.8450092992e-04,1.1033145327e-04,1.3566317662e+01
-3.5484794147e-04,1.7169961001e-05,1.4968328872e+01
1.5106011010e-04,1.4769359131e-04,1.7169289881e+01
1.5469660103e-04,1.4568564784e-04,1.7104978029e+01
-1.1457257990e-04,9.5855216246e-05,3.4623434529e+01
2.3987351756e-04,9.2780573364e-05,1.4943120497e+01
2.3587405314e-04,9.1799780685e-05,1.5037316927e+01
1.8238770836e-04,9.1098889127e-05,1.7005272646e+01
1.8303097081e-04,9.4801972451e-05,1.6979174486e+01
1.7971280134e-04,9.7271670870e-05,1.6995020054e+01
2.5402008483e-04,8.5222224845e-05,1.4911042770e+01
2.5463866671e-04,8.8986588790e-05,1.4804163440e+01
2.7794034834e-04,9.0342881068e-05,1.4356435245e+01
2.7454404368e-04,9.3314840027e-05,1.4343648654e+01
2.8133206092e-04,8.7353409086e-05,1.4369295059e+01
2.7509468117e-04,9.7121373454e-05,1.4225238450e+01
2.7114268318e-04,9.6269498369e-05,1.4331147981e+01
-2.1511333628e-04,8.0013185601e-05,3.6561871954e+01
-2.1766667359e-04,8.0461767840e-05,3.6534069226e+01
-2.1735547774e-04,7.8188571692e-05,3.6692602567e+01
-2.1990861193e-04,7.8641332176e-05,3.6659752809e+01
-2.2019885573e-04,8.0931210333e-05,3.6510430432e+01
-2.2217581939e-04,7.6827380416e-05,3.6781446035e+01
-2.2470539689e-04,7.7306770631e-05,3.6750588114e+01
-2.1134690121e-04,5.6279649688e-05,3.8918554104e+01
-2.1385240243e-04,5.4502517940e-05,3.9003808515e+01
-2.1348593025e-04,5.2480851169e-05,3.9261717472e+01
-2.1671982069e-04,5.4770202601e-05,3.8821657022e+01
-1.4049751890e-04,9.3132561876e-05,3.5006832729e+01
1.6156650624e-04,9.8266241681e-05,1.7041134971e+01
1.5779806181e-04,9.7000209576e-05,1.7052244901e+01
1.6536812171e-04,9.9548195389e-05,1.7028718426e+01
1.5464501807e-04,1.4201034633e-04,1.7091990320e+01
1.5834552877e-04,1.4360867704e-04,1.7027284095e+01
1.5840198524e-04,1.4732243052e-04,1.7018036640e+01
1.6210748574e-04,1.4520808122e-04,1.7125342878e+01
1.6199747897e-04,1.4146419141e-04,1.6986509010e+01
1.6581133364e-04,1.4302675918e-04,1.6884692742e+01
1.6593779816e-04,1.4679655983e-04,1.6307937815e+01
1.6967585293e-04,1.4457242633e-04,1.5709334586e+01
1.2633084903e-04,9.3024319295e-05,1.8882002320e+01
1.2936973025e-04,9.0927685102e-05,1.8434162105e+01
7.8464853242e-05,8.1233940162e-05,2.2517659497e+01
8.8278440198e-05,8.3969273305e-05,2.2616027117e+01
-2.2494861722e-04,7.9612836040e-05,3.6609936611e+01
-2.2721190866e-04,7.7809630434e-05,3.6727333069e+01
-3.1300773907e-04,1.7572876964e-05,1.7091484326e+01
-3.1732753826e-04,1.5672116685e-05,1.7073589951e+01
-3.0539299136e-04,4.5949796478e-05,1.7366364620e+01
7.3202240456e-05,7.2641722678e-05,2.2537064128e+01
6.3688734654e-05,7.0628308827e-05,2.2500157977e+01
5.4393042607e-05,6.8859780407e-05,2.2489021014e+01
3.6317055933e-05,6.6010045745e-05,2.2515341233e+01
2.7473778403e-05,6.4902372427e-05,2.4122084263e+01
1.8518421417e-05,6.3973183495e-05,2.8849019117e+01
9.3807277390e-06,6.3202445013e-05,3.2612537789e+01
-9.2884042345e-06,6.2075188315e-05,3.7644170098e+01
-1.8760525406e-05,6.1685966140e-05,3.9194543924e+01
-3.7870370452e-05,6.1180512892e-05,4.0971663302e+01
-4.7475298932e-05,6.1038638558e-05,4.1390439939e+01
-3.1525311020e-04,1.2670156595e-05,1.7056585416e+01
2.6683616986e-04,1.2122173883e-04,1.3663084102e+01
3.6476309591e-04,3.1849609227e-05,1.2322573573e+01
3.6803527684e-04,2.8130261889e-05,1.1932625914e+01
3.4586345480e-04,6.1204249424e-05,1.3012095991e+01
-1.6585039781e-04,9.7215275628e-05,3.4863630354e+01
2.9181025924e-04,1.0818568815e-04,1.3424771670e+01
2.9520467923e-04,1.0515980659e-04,1.3429993139e+01
1.2344181576e-04,1.4515745441e-04,1.7213314181e+01
3.6390287390e-04,2.3675234963e-05,1.2061591707e+01
3.3647641715e-04,2.1940860512e-05,1.4911693697e+01
3.4050406384e-04,2.2196945377e-05,1.4593842684e+01
2.9530792117e-04,1.8351696770e-05,1.7019629668e+01
2.9123752625e-04,1.8116231883e-05,1.7025519079e+01
1.6980218807e-04,1.4835486209e-04,1.5338894835e+01
1.7354283251e-04,1.4608053240e-04,1.5267137832e+01
-1.9441502932e-04,8.9919502017e-05,3.5730899923e+01
-2.1603914764e-04,5.0718938894e-05,3.9313130243e+01
-2.0463299106e-04,5.1812743920e-05,3.9832068164e+01
2.7058259784e-04,9.2471395851e-05,1.4444686981e+01
-2.9909666594e-04,1.9930206156e-05,1.7106651758e+01
2.6718226216e-04,9.5408106176e-05,1.4430780414e+01
1.8366012522e-04,9.8534606551e-05,1.7010583114e+01
2.5802490532e-04,8.6109141072e-05,1.4824707185e+01
-1.2295652728e-04,9.6227337540e-05,3.4582636591e+01
3.3593956841e-04,7.1218935783e-05,1.3144410872e+01
2.8791333972e-04,3.8046811288e-05,1.5903873677e+01
2.9204343615e-04,3.8642407919e-05,1.5753996447e+01
2.1648753869e-04,1.1575765627e-04,1.4839565347e+01
2.9365265830e-04,6.7646443623e-05,1.4676358533e+01
-1.8752430989e-04,4.5305914627e-05,4.1767019945e+01
1.2253096064e-04,1.1730208683e-04,1.7080808435e+01
9.5793118967e-05,1.0898510393e-04,2.2593836695e+01
9.2897676302e-05,1.1072491667e-04,2.2498535305e+01
9.6194406915e-05,1.1217303401e-04,2.2620545076e+01
1.6123939814e-04,1.2651094712e-04,1.7022535619e+01
1.9555765642e-04,8.1031401089e-05,1.6972793745e+01
1.4771299811e-04,7.7843406356e-05,1.7133213798e+01
1.5725819755e-04,9.3448528165e-05,1.7059304622e+01
1.5406341352e-04,9.5753455643e-05,1.7061559531e+01
-2.3536919468e-04,4.2513755384e-05,3.8212901240e+01
-2.3827739518e-04,4.2802085145e-05,3.7796521517e+01
-2.3838300324e-04,4.4839763008e-05,3.7704495950e+01
-2.3571893341e-04,4.8647904513e-05,3.7869263746e+01
-2.4121324742e-04,4.5171636106e-05,3.7312331063e+01
-2.4400913506e-04,4.5528017980e-05,3.6909418754e+01
-2.3278062559e-04,4.6266706513e-05,3.8306418182e+01
-2.4673509295e-04,4.8040600934e-05,3.6549098933e+01
-2.4948912907e-04,4.6321719497e-05,3.6078839514e+01
1.9117129248e-04,1.2636761683e-04,1.5297560596e+01
1.2548049025e-04,7.2138297887e-05,2.2187845067e+01
2.2578769429e-04,7.8553155492e-05,1.5736230924e+01
-1.0606388834e-04,8.5647751938e-05,3.6240175538e+01
-1.5378434667e-04,4.7888829605e-05,4.2618603183e+01
-1.5155199903e-04,4.9609788771e-05,4.2329508033e+01
-1.5256109101e-04,5.1421006830e-05,4.1920800203e+01
-1.5574501221e-04,5.1516751566e-05,4.1803296040e+01
-1.4934482164e-04,5.1338978543e-05,4.2034762080e+01
1.0702659023e-04,6.7792922589e-05,2.2834447915e+01
8.9483145568e-05,6.4063731639e-05,2.2703757525e+01
-1.4095536534e-04,2.4277132931e-05,4.8122670191e+01
-1.2268025072e-04,2.4199226159e-05,4.8706558877e+01
2.0197801164e-04,3.8775552865e-05,1.7531133238e+01
6.2766061824e-05,7.7315150597e-05,2.2434673457e+01
9.4988182079e-05,8.5948544534e-05,2.2696599932e+01
7.1145971805e-05,1.0180041409e-04,2.2006620000e+01
6.8670154903e-05,1.0342188767e-04,2.1886199645e+01
7.1595070864e-05,1.0456598362e-04,2.1911125259e+01
6.9102619913e-05,1.0616044332e-04,2.1770568416e+01
7.2005708591e-05,1.0735665641e-04,2.1802843893e+01
6.6234184043e-05,1.0501424402e-04,2.1757925569e+01
6.6651019030e-05,1.0772407862e-04,2.1620857385e+01
6.3840226464e-05,1.0657796314e-04,2.1623675093e+01
1.6291124422e-04,3.3455100217e-05,1.9703034788e+01
-2.5124304761e-04,6.2519753283e-05,3.6738008700e+01
-2.4873608931e-04,6.4240142522e-05,3.6913416350e+01
-2.5114835104e-04,6.4865412355e-05,3.6859737583e+01
-2.4867819129e-04,6.6585125511e-05,3.6994614356e+01
-2.4863194741e-04,6.8951144376e-05,3.7070344813e+01
-2.4623668706e-04,6.8315285535e-05,3.7078808793e+01
-2.5352682793e-04,6.5525147809e-05,3.6826877328e+01
-2.5341982588e-04,6.7914768128e-05,3.6971769644e+01
-2.5587120228e-04,6.6220769825e-05,3.6821145571e+01
-2.5574145559e-04,6.8633016913e-05,3.6999768431e+01
1.3558729509e-04,3.0305462371e-05,2.3009088837e+01
3.8013817036e-05,9.3680558041e-05,2.2047830080e+01
3.6045401176e-05,9.5316018137e-05,2.3587405970e+01
3.8730573021e-05,9.6006081807e-05,2.2056358487e+01
3.9428416753e-05,9.8338848472e-05,2.2671979054e+01
1.2021073326e-04,2.8851670017e-05,2.2887523387e+01
2.4169877582e-04,4.4126057827e-05,1.7085627582e+01
1.0528849544e-04,2.7696926804e-05,2.2828859568e+01
-3.7950429655e-05,2.4209547283e-05,4.7097873502e+01
-3.5732196524e-05,8.5452640542e-05,3.7899398852e+01
-4.8909084020e-06,2.4495987750e-05,4.2269950619e+01
-5.1476933353e-06,1.0732928904e-04,3.7215019490e+01
4.5454490478e-05,2.5426103866e-05,2.8624315927e+01
9.6745713093e-06,2.4703510364e-05,3.8954878678e+01
-2.4061790334e-05,8.5881077819e-05,3.7798033750e+01
-1.2010841293e-04,6.5146463234e-05,3.9878644368e+01
-6.8223977452e-05,6.6328350952e-05,4.0620838757e+01
-9.0190021764e-05,6.6458726388e-05,4.0245256487e+01
-1.2463752329e-05,8.6517816133e-05,3.7243881244e+01
-9.6547000532e-07,8.7414036952e-05,3.5977152763e+01
-2.6664359555e-05,1.0576181913e-04,3.5925418315e+01
1.0401191696e-05,8.8634409957e-05,3.3678808441e+01
2.1600480537e-05,9.0259898467e-05,3.0001509720e+01
-1.8955476344e-04,6.0503528088e-05,3.9138714342e+01
1.8763424311e-04,1.2886695753e-04,1.5371452879e+01
1.9153711244e-04,1.3017844858e-04,1.5140622200e+01
1.8797205686e-04,1.3267714288e-04,1.5194326626e+01
1.9187215432e-04,1.3398827978e-04,1.4985559246e+01
1.8827774342e-04,1.3648576893e-04,1.5017876034e+01
1.9217842835e-04,1.3779491684e-04,1.4829451291e+01
1.9577855060e-04,1.3526749749e-04,1.4816178691e+01
1.9608829548e-04,1.3907059756e-04,1.4671726898e+01
1.9969293683e-04,1.3651557171e-04,1.4670812782e+01
1.9246236289e-04,1.4158892440e-04,1.4669689749e+01
2.0000873769e-04,1.4031423190e-04,1.4531035668e+01
2.0361636814e-04,1.3773383207e-04,1.4538416417e+01
2.0394039160e-04,1.4152773370e-04,1.4397827380e+01
2.0754931644e-04,1.3892400873e-04,1.4411535218e+01
2.0720126649e-04,1.3512755753e-04,1.4542597858e+01
2.1113571679e-04,1.3629540067e-04,1.4421536198e+01
2.1149178895e-04,1.4008815277e-04,1.4285381850e+01
2.1507819350e-04,1.3743892767e-04,1.4300395832e+01
2.1544335662e-04,1.4122818319e-04,1.4157077601e+01
2.1902822141e-04,1.3855985062e-04,1.4176675018e+01
2.1470133907e-04,1.3364338131e-04,1.4428762907e+01
2.0030687943e-04,1.4410464607e-04,1.4379317476e+01
-2.2827826236e-04,6.0307342049e-05,3.7778398683e+01
-1.7906127768e-04,6.3720591378e-05,3.8904713661e+01
-3.2636747855e-04,2.4613210125e-05,1.7100510338e+01
2.4017913250e-04,1.2211812603e-04,1.4244029956e+01
2.3669200477e-04,1.2490524914e-04,1.4235792447e+01
2.4064260327e-04,1.2592141742e-04,1.4124263683e+01
2.3714323373e-04,1.2870683858e-04,1.4112919258e+01
2.4109561959e-04,1.2972414291e-04,1.3993124034e+01
2.3758428886e-04,1.3250685227e-04,1.3977745644e+01
2.3319122369e-04,1.2767468748e-04,1.4226998930e+01
1.3353497135e-04,1.4653738357e-04,1.7266935410e+01
-3.2090766980e-04,3.3968610018e-05,1.7131709625e+01
1.5012482236e-04,1.2204560850e-04,1.7079526010e+01
-3.1670685891e-04,3.5499949209e-05,1.7191489396e+01
-3.1903681948e-04,3.7015734707e-05,1.7180180228e+01
-1.0268075818e-04,6.6633827163e-05,3.9946987273e+01
-8.4224229468e-05,1.0507114222e-04,3.3590880388e+01
-2.9109296875e-04,5.1842380027e-05,2.8442629164e+01
-2.8835721581e-04,5.3200754712e-05,3.0323421226e+01
2.9880965045e-04,7.5932024390e-05,1.4293286511e+01
-2.7118757427e-04,5.6355210900e-05,3.4415921966e+01
-2.6856062558e-04,5.7957209902e-05,3.5074738767e+01
-2.6822235911e-04,6.0378689586e-05,3.5644548873e+01
-2.7043950536e-04,6.1223746191e-05,3.5754201678e+01
-2.6790212128e-04,6.2823281582e-05,3.6164243890e+01
-2.7300575241e-04,5.9644043992e-05,3.5236541812e+01
-1.9344289958e-04,7.4943637385e-05,3.7128463094e+01
-1.5588403140e-04,9.8393491091e-05,3.4645439150e+01
3.2835008513e-04,2.1362645481e-05,1.5394151372e+01
3.2425827636e-04,2.1035986498e-05,1.5580380708e+01
2.0016660615e-04,1.0730140776e-04,1.5563900990e+01
-1.8007910246e-04,1.8160223078e-05,4.7348476705e+01
2.3474505364e-04,1.0970572038e-04,1.4641324971e+01
-1.5521237803e-04,3.9227926606e-05,4.4402124199e+01
-1.5182103158e-04,3.9175069567e-05,4.4541399387e+01
-1.5412450395e-04,3.7511790576e-05,4.4810080330e+01
-1.5070402541e-04,3.7463865845e-05,4.4950567129e+01
-1.5753689157e-04,3.7562539525e-05,4.4664256278e+01
-1.4956171189e-04,3.5767588446e-05,4.5358206578e+01
-1.5187157355e-04,3.4124923452e-05,4.5621803004e+01
-1.4839347517e-04,3.4085934032e-05,4.5763767153e+01
-1.4490858145e-04,3.4049117027e-05,4.5899941520e+01
-1.4368644709e-04,3.2385528829e-05,4.6302867112e+01
-1.4141726852e-04,3.4014347879e-05,4.6030432766e+01
-1.3791976748e-04,3.3981943236e-05,4.6155195967e+01
-1.3441680009e-04,3.3950585900e-05,4.6274474717e+01
-1.3090850213e-04,3.3921500077e-05,4.6387933586e+01
-1.2957823141e-04,3.2272686778e-05,4.6787096929e+01
-1.2739561765e-04,3.3894015564e-05,4.6495529423e+01
-1.2603850279e-04,3.2249518705e-05,4.6892637574e+01
-1.2387683548e-04,3.3868415612e-05,4.6597060053e+01
-1.2035343118e-04,3.3844267075e-05,4.6692311369e+01
-1.1682660544e-04,3.3821928258e-05,4.6780858966e+01
-1.1329518718e-04,3.3801044344e-05,4.6862407529e+01
-1.1183810450e-04,3.2167175628e-05,4.7247724090e+01
-1.0976080666e-04,3.3781961330e-05,4.6936399835e+01
-1.0622206527e-04,3.3764784483e-05,4.7002303428e+01
-1.0268057774e-04,3.3748330197e-05,4.7059749464e+01
-9.9136094295e-05,3.3733932489e-05,4.7107777654e+01
-9.7582551825e-05,3.2108648597e-05,4.7472456995e+01
-9.5588785197e-05,3.3721873218e-05,4.7145574964e+01
-9.2039058688e-05,3.3711082916e-05,4.7172537519e+01
-8.8487120846e-05,3.3701978332e-05,4.7187654665e+01
-8.6863620984e-05,3.2081489705e-05,4.7529536080e+01
-8.4933149501e-05,3.3694705677e-05,4.7189903735e+01
-8.3286697885e-05,3.2075796615e-05,4.7522472066e+01
-8.1377409684e-05,3.3689333055e-05,4.7178175735e+01
-7.7820207154e-05,3.3685920625e-05,4.7151295916e+01
-7.4261753423e-05,3.3684312392e-05,4.7108022921e+01
-7.2547445248e-05,3.2069551005e-05,4.7406964770e+01
-7.0702272992e-05,3.3685333549e-05,4.7046834044e+01
-6.8965674827e-05,3.2071886245e-05,4.7332492416e+01
-6.7142108001e-05,3.3688534165e-05,4.6966386153e+01
-6.3581503602e-05,3.3693817835e-05,4.6865150741e+01
-6.0020755741e-05,3.3702063792e-05,4.6741335500e+01
-5.8218123333e-05,3.2089311444e-05,4.6980718025e+01
-5.6460172209e-05,3.3712457218e-05,4.6593384509e+01
-5.2900079348e-05,3.3725880215e-05,4.6419334740e+01
-4.9340851855e-05,3.3742370532e-05,4.6217309851e+01
-4.5782818731e-05,3.3762035882e-05,4.5985351463e+01
-4.4116399310e-05,3.5403555039e-05,4.5569732114e+01
-4.2226530787e-05,3.3787149973e-05,4.5721063555e+01
-4.0583093316e-05,3.5429903961e-05,4.5295692598e+01
-3.8672105371e-05,3.3814026164e-05,4.5423068641e+01
-3.5120032289e-05,3.3844236882e-05,4.5088998019e+01
-3.1570607665e-05,3.3876816128e-05,4.4716945095e+01
-2.9998305055e-05,3.5531358935e-05,4.4255928949e+01
-2.8024753334e-05,3.3915968705e-05,4.4304143041e+01
-2.6476691508e-05,3.5573862558e-05,4.3829490309e+01
-2.4482574536e-05,3.3958414694e-05,4.3849128387e+01
-2.0944674155e-05,3.4005104680e-05,4.3349820591e+01
-1.7411617819e-05,3.4056345739e-05,4.2804341621e+01
-1.5939010838e-05,3.5729336171e-05,4.2281567801e+01
-1.3883990929e-05,3.4112347948e-05,4.2211058340e+01
-1.2437456663e-05,3.5791223023e-05,4.1669801015e+01
-1.0362406387e-05,3.4173271548e-05,4.1568502482e+01
-8.9424916935e-06,3.5858449619e-05,4.1007507324e+01
-6.8475160029e-06,3.4239275872e-05,4.0875578611e+01
-3.3399931233e-06,3.4310485906e-05,4.0131472454e+01
-1.9750238771e-06,3.6009562983e-05,3.9527081994e+01
1.4960009520e-06,3.6093717501e-05,3.8707879513e+01
3.6500831149e-06,3.4468961842e-05,3.8489058135e+01
4.9575015074e-06,3.6183727573e-05,3.7836196557e+01
7.1311163106e-06,3.4556371835e-05,3.7591824465e+01
8.4087140706e-06,3.6279638564e-05,3.6912967245e+01
1.1848741463e-05,3.6381490604e-05,3.5939943305e+01
1.5276736925e-05,3.6489043605e-05,3.4919801654e+01
1.8691649900e-05,3.6602874821e-05,3.3856102119e+01
2.0942929819e-05,3.4960530332e-05,3.3543644257e+01
2.2092674257e-05,3.6722397675e-05,3.2753675928e+01
2.5478914526e-05,3.6847287391e-05,3.1618517460e+01
2.8849179065e-05,3.6978036943e-05,3.0457723263e+01
3.2202653341e-05,3.7113951507e-05,2.9279766943e+01
3.5538324369e-05,3.7254847213e-05,2.8094172259e+01
3.8855204390e-05,3.7400476992e-05,2.6912831719e+01
4.1226274677e-05,3.5717917092e-05,2.6672263597e+01
4.4544432537e-05,3.5858981836e-05,2.5532830613e+01
4.7842960589e-05,3.6002105962e-05,2.4457950922e+01
4.8683598206e-05,3.7862705715e-05,2.3463245061e+01
5.1919798405e-05,3.8025831050e-05,2.2638535936e+01
5.4380242697e-05,3.6304074814e-05,2.2485155993e+01
5.7662638406e-05,3.6471410741e-05,2.2681667131e+01
5.8450310487e-05,3.8402125456e-05,2.2644308507e+01
6.0964306520e-05,3.6658214351e-05,2.2643802660e+01
6.1746665227e-05,3.8616885627e-05,2.2656164995e+01
6.4287894665e-05,3.6861319632e-05,2.2660555557e+01
6.5065030151e-05,3.8849797801e-05,2.2657511383e+01
6.7634594917e-05,3.7080499344e-05,2.2664441096e+01
6.8406329791e-05,3.9101094490e-05,2.2665281234e+01
7.1003077231e-05,3.7320836970e-05,2.2674835323e+01
7.1771074567e-05,3.9371869276e-05,2.2674259758e+01
7.4396002212e-05,3.7578902361e-05,2.2685979215e+01
7.5160286358e-05,3.9661919222e-05,2.2685406542e+01
7.7814478245e-05,3.7854256821e-05,2.2697284746e+01
7.8574808411e-05,3.9971288199e-05,2.2698157981e+01
8.2015046221e-05,4.0300905694e-05,2.2712215447e+01
8.4726128795e-05,3.8468167107e-05,2.2726874617e+01
8.5481944724e-05,4.0650370239e-05,2.2727480132e+01
8.8222976963e-05,3.8802288512e-05,2.2741634583e+01
9.1745779659e-05,3.9159266083e-05,2.2758721930e+01
9.2498320541e-05,4.1409210912e-05,2.2760966651e+01
9.5297180507e-05,3.9535022145e-05,2.2776173879e+01
9.6048993718e-05,4.1818800690e-05,2.2778716931e+01
9.8877287781e-05,3.9930392414e-05,2.2793117947e+01
9.9628839345e-05,4.2248325609e-05,2.2797161539e+01
1.0248661569e-04,4.0345488319e-05,2.2811880310e+01
1.0323847635e-04,4.2697712908e-05,2.2815727225e+01
1.0612567070e-04,4.0780178342e-05,2.2829227909e+01
1.0687850153e-04,4.3166873962e-05,2.2834579485e+01
1.0979503323e-04,4.1234352557e-05,2.2848130934e+01
1.1349521565e-04,4.1707801697e-05,2.2865264859e+01
1.1722681824e-04,4.2200362620e-05,2.2883373392e+01
1.1798673562e-04,4.4691515283e-05,2.2889032028e+01
1.2099038816e-04,4.2711768179e-05,2.2897666992e+01
1.2175423898e-04,4.5238153068e-05,2.2903480787e+01
1.2478659284e-04,4.3241771294e-05,2.2923182786e+01
1.2555510245e-04,4.5803604096e-05,2.2911140006e+01
1.2861595085e-04,4.3789968671e-05,2.2908121730e+01
1.2939054030e-04,4.6387288661e-05,2.3016834098e+01
1.3247945781e-04,4.4356423503e-05,2.2906145240e+01
1.3635261531e-04,4.4937106941e-05,2.2206344442e+01
1.3711607825e-04,4.7606688630e-05,2.1896225307e+01
1.4021826704e-04,4.5536147807e-05,2.1555614107e+01
1.4097168755e-04,4.8238718565e-05,2.1238780808e+01
1.4407991503e-04,4.6147708235e-05,2.0926918746e+01
1.4482243523e-04,4.8883735962e-05,2.0614890710e+01
1.4793738813e-04,4.6771680246e-05,2.0346323979e+01
1.4866871278e-04,4.9540599587e-05,2.0035294640e+01
1.5179109630e-04,4.7407073036e-05,1.9809808228e+01
1.5251095354e-04,5.0208043660e-05,1.9503294459e+01
1.5564162859e-04,4.8052684894e-05,1.9320611715e+01
1.5634993397e-04,5.0884712313e-05,1.9022165924e+01
1.5948982528e-04,4.8707237722e-05,1.8880869333e+01
1.6018659170e-04,5.1569177060e-05,1.8593651723e+01
1.6333761305e-04,4.9367424059e-05,1.8490351994e+01
1.6402217499e-04,5.2259622790e-05,1.8220149861e+01
1.6718334309e-04,5.0037621282e-05,1.8147807787e+01
1.6785741035e-04,5.2955418908e-05,1.7896225735e+01
1.7103065631e-04,5.0711440200e-05,1.7854589581e+01
1.7169337881e-04,5.3653795942e-05,1.7618852331e+01
1.7488103375e-04,5.1386038229e-05,1.7608569391e+01
1.7553175209e-04,5.4350434019e-05,1.7392107638e+01
1.7873230796e-04,5.2064675945e-05,1.7401970806e+01
1.7232306037e-04,5.6632994991e-05,1.7388737672e+01
-1.7974324745e-05,3.7355673468e-05,4.2336421792e+01
-4.5986223832e-05,3.7030667074e-05,4.5403257812e+01
-3.1952045107e-05,3.7156516574e-05,4.4191389916e+01
3.3213444402e-05,3.8933746930e-05,2.8386922811e+01
1.1874807127e-04,4.7230054682e-05,2.2892784908e+01
1.4555640245e-04,5.1669115232e-05,2.0285629247e+01
1.5704722527e-04,5.3762632574e-05,1.8714431191e+01
1.3016795266e-04,4.9033458520e-05,2.2998391101e+01
1.0399180651e-04,4.5094772727e-05,2.2819449029e+01
8.2774037134e-05,4.2495949894e-05,2.2711707862e+01
7.2539707231e-05,4.1468806675e-05,2.2671758493e+01
5.2719504554e-05,3.9941861668e-05,2.2667717714e+01
4.3043836632e-05,3.9410241099e-05,2.4805269512e+01
9.6575202700e-06,3.8022318391e-05,3.6224978987e+01
-8.6557849780e-05,3.5326278730e-05,4.6847928541e+01
1.7937168145e-04,5.5047472615e-05,1.7217537539e+01
1.8258769608e-04,5.2740895842e-05,1.7244381841e+01
-1.1473125964e-04,3.5450062431e-05,4.6470642843e+01
1.8321530060e-04,5.5741046003e-05,1.7055676841e+01
1.8644785450e-04,5.3413906262e-05,1.7100971849e+01
1.8191954851e-04,4.9769156641e-05,1.7412848948e+01
1.7033202748e-04,4.7806667894e-05,1.8092291050e+01
1.4330854707e-04,4.3455142206e-05,2.1237437857e+01
9.4525509482e-05,3.7293895364e-05,2.2773912814e+01
8.3950456345e-05,3.6329502837e-05,2.2725539458e+01
6.3489293084e-05,3.4914723605e-05,2.2654391946e+01
3.0060260159e-05,3.3543496670e-05,3.1007355926e+01
1.9738698743e-05,3.3216895880e-05,3.4325928214e+01
2.2896903405e-06,3.2769474858e-05,3.9140524624e+01
4.3602180150e-05,3.4036767333e-05,2.6461765410e+01
1.0902064660e-04,3.8854971429e-05,2.2843251698e+01
1.2399824616e-04,4.0722648433e-05,2.2909904942e+01
1.5876056150e-04,4.5887226339e-05,1.9164128829e+01
1.6469329533e-04,5.5195633369e-05,1.7942962199e+01
1.3787416325e-04,5.0323268892e-05,2.1580552773e+01
1.7996638389e-04,5.8066886356e-05,1.7063117469e+01
1.1130560946e-04,4.6122293900e-05,2.2857523960e+01
2.6563181554e-05,3.8642094394e-05,3.0782106625e+01
-7.5494215588e-06,3.7559767943e-05,4.0442817966e+01
-2.4953986891e-05,3.7245819508e-05,4.3353130571e+01
-5.8264136893e-05,3.5333278103e-05,4.6359011222e+01
-3.8964066862e-05,3.7085421600e-05,4.4868805258e+01
1.3345624152e-04,1.3603728505e-04,1.7204426839e+01
-1.7202825444e-04,3.9542192815e-05,4.3625803623e+01
-2.6105511535e-04,3.7427192125e-05,3.2606624230e+01
-2.6085808449e-04,3.9544674954e-05,3.2935448354e+01
-2.6354314177e-04,4.0021843870e-05,3.2161751112e+01
-2.6064926950e-04,4.1689460467e-05,3.3287269212e+01
-2.6328939671e-04,4.2192827544e-05,3.2615326327e+01
6.6597530886e-05,9.2685394812e-05,2.2216286715e+01
1.9739768255e-04,7.1253804148e-05,1.7029250158e+01
-1.5345121787e-04,9.1975567183e-05,3.5206547750e+01
-2.4362014591e-04,3.3455161078e-05,3.7206145548e+01
1.5353207915e-04,9.2249073367e-05,1.7066791122e+01
1.5036309485e-04,9.4528942220e-05,1.7067419734e+01
1.4984048471e-04,9.1074526290e-05,1.7072866035e+01
1.4669738134e-04,9.3329228943e-05,1.7072039245e+01
1.4720169309e-04,9.6784593656e-05,1.7068150441e+01
2.2347873951e-04,6.7421688879e-05,1.6336136751e+01
2.1936562453e-04,6.6414203121e-05,1.6757507979e+01
2.2265671963e-04,6.3736545581e-05,1.6881264760e+01
2.1857244278e-04,6.2784401079e-05,1.7038374590e+01
2.2186334877e-04,6.0127825094e-05,1.7011965651e+01
2.1781388001e-04,5.9248584398e-05,1.7024833127e+01
2.2110906930e-04,5.6624369711e-05,1.7043583039e+01
2.1709419407e-04,5.5827163369e-05,1.7064927804e+01
2.1379756049e-04,5.8409427384e-05,1.7059453548e+01
2.1310887119e-04,5.5071658233e-05,1.7073612468e+01
2.0981215113e-04,5.7609874187e-05,1.7070468099e+01
2.0914987051e-04,5.4354085446e-05,1.7074546042e+01
2.0585477089e-04,5.6847811136e-05,1.7074705714e+01
2.0521315072e-04,5.3668502863e-05,1.7063184531e+01
2.2515627531e-04,5.7464134106e-05,1.6990811566e+01
-2.7762201595e-04,3.6278978856e-05,2.4660087598e+01
-2.8014007825e-04,3.6948407558e-05,2.3246123049e+01
-2.7964285118e-04,3.9198782589e-05,2.4639853756e+01
-2.6154558479e-04,3.1247029740e-05,3.1827043770e+01
-2.7033090342e-04,3.0372302419e-05,2.7568055950e+01
2.1888967538e-04,1.0547764825e-04,1.5027613075e+01
2.6920084820e-04,2.5931303909e-05,1.7226356032e+01
2.6522373274e-04,2.5683791805e-05,1.7637808377e+01
2.6859890137e-04,2.2988091895e-05,1.7828759036e+01
2.6460512599e-04,2.2752328656e-05,1.8115222560e+01
2.6798187950e-04,2.0061028540e-05,1.8339150762e+01
2.6397047600e-04,1.9837773559e-05,1.8659861889e+01
2.6059362603e-04,2.2495265218e-05,1.8394891643e+01
2.5994089646e-04,1.9591414653e-05,1.8910629168e+01
2.5656565506e-04,2.2215382378e-05,1.8615275048e+01
2.5589597073e-04,1.9321635188e-05,1.9127908053e+01
2.5252371751e-04,2.1912617291e-05,1.8809526500e+01
2.5183749323e-04,1.9027930674e-05,1.9250943414e+01
2.4847072056e-04,2.1587324135e-05,1.8909441513e+01
2.4778294784e-04,1.8717016395e-05,1.9229137187e+01
2.4442291490e-04,2.1246499834e-05,1.8903262941e+01
2.4374190449e-04,1.8395818736e-05,1.9209308359e+01
2.4038677486e-04,2.0895875481e-05,1.8890449059e+01
2.3971507190e-04,1.8068450780e-05,1.9179640769e+01
2.3636434593e-04,2.0539337808e-05,1.8870600612e+01
2.3570258471e-04,1.7738053639e-05,1.9169745158e+01
2.3235533501e-04,2.0179615495e-05,1.8859085539e+01
2.3170316749e-04,1.7406948286e-05,1.9152855775e+01
2.2835940385e-04,1.9818881702e-05,1.8870657822e+01
2.2771524786e-04,1.7076703653e-05,1.9169321595e+01
2.2437441457e-04,1.9459045590e-05,1.8879642211e+01
2.2373744638e-04,1.6749100281e-05,1.9184496508e+01
2.2039986927e-04,1.9101433657e-05,1.8902012821e+01
2.1976890211e-04,1.6424997749e-05,1.9203850511e+01
2.1643454372e-04,1.8747372086e-05,1.8947761140e+01
2.1580822410e-04,1.6105854508e-05,1.9241473424e+01
2.1247714912e-04,1.8398065375e-05,1.9000404998e+01
2.1185412957e-04,1.5792244585e-05,1.9299429368e+01
2.0852673083e-04,1.8054227506e-05,1.9056219292e+01
2.0790558017e-04,1.5484682052e-05,1.9355407211e+01
2.0458228549e-04,1.7716349993e-05,1.9135947024e+01
2.0396153175e-04,1.5183706009e-05,1.9431997230e+01
2.0002066595e-04,1.4889783669e-05,1.9531912129e+01
1.9670555110e-04,1.7061028366e-05,1.9366097186e+01
1.9608154345e-04,1.4603394331e-05,1.9651197939e+01
1.9277085084e-04,1.6744740079e-05,1.9494290997e+01
1.8883774052e-04,1.6436577525e-05,1.9652080237e+01
1.8820630406e-04,1.4055088389e-05,1.9937049434e+01
1.8490465589e-04,1.6137213257e-05,1.9837915835e+01
1.8426799809e-04,1.3793984300e-05,2.0107346899e+01
1.8097096518e-04,1.5847100400e-05,2.0032564297e+01
1.8032886897e-04,1.3542346665e-05,2.0300741527e+01
1.7703637122e-04,1.5566755218e-05,2.0257459225e+01
1.7638787883e-04,1.3300595065e-05,2.0511795406e+01
1.7310006879e-04,1.5296658654e-05,2.0498721241e+01
1.7244516864e-04,1.3069513038e-05,2.0743775484e+01
1.6916184587e-04,1.5037716066e-05,2.0761351769e+01
1.6850057984e-04,1.2849798488e-05,2.0987442409e+01
1.6455465882e-04,1.2641967643e-05,2.1243982705e+01
1.6060809192e-04,1.2447388445e-05,2.1502326268e+01
1.5733890454e-04,1.4336592555e-05,2.1626976179e+01
1.5339863984e-04,1.4131178364e-05,2.1921924155e+01
1.5271960015e-04,1.2099854859e-05,2.2013993913e+01
1.4946183799e-04,1.3941262288e-05,2.2207304760e+01
1.4553075938e-04,1.3767324306e-05,2.2474137680e+01
1.4160755523e-04,1.3609769855e-05,2.2725743819e+01
1.3769527274e-04,1.3468646963e-05,2.2900346514e+01
1.3379741914e-04,1.3343388699e-05,2.2958323184e+01
1.2991638529e-04,1.3232622823e-05,2.2977365109e+01
1.2605188218e-04,1.3134694830e-05,2.2989044755e+01
1.2535915155e-04,1.1332295450e-05,2.2933643404e+01
1.2220363371e-04,1.3048432706e-05,2.2970922486e+01
1.1837142367e-04,1.2972910380e-05,2.2956516172e+01
1.1765757093e-04,1.1219597503e-05,2.2945667942e+01
1.1455501236e-04,1.2907465369e-05,2.2942913897e+01
1.1382756791e-04,1.1176686289e-05,2.2951906632e+01
1.1075409593e-04,1.2851403515e-05,2.2930178287e+01
1.0696863269e-04,1.2804013148e-05,2.2917274814e+01
1.0620932403e-04,1.1114193416e-05,2.2978714966e+01
1.0319875693e-04,1.2764611738e-05,2.2908000394e+01
1.0242154785e-04,1.1093248991e-05,2.2979048956e+01
9.9444613718e-05,1.2732531000e-05,2.2911044002e+01
9.5706324683e-05,1.2707144697e-05,2.2907333437e+01
9.4889329669e-05,1.1067680285e-05,2.3013851992e+01
9.1984013990e-05,1.2687651667e-05,2.2921739300e+01
9.1139931895e-05,1.1057465066e-05,2.3187697379e+01
8.4563154985e-05,1.2652493476e-05,2.3625061760e+01
8.3634364150e-05,1.1026877485e-05,2.4033404001e+01
8.0846005893e-05,1.2630582857e-05,2.4107481854e+01
7.9876423293e-05,1.1007918842e-05,2.4593469114e+01
7.3394930264e-05,1.2580356882e-05,2.5379941842e+01
7.2346984012e-05,1.0964854995e-05,2.5942530066e+01
6.9660376228e-05,1.2552834460e-05,2.6125573586e+01
6.8574706835e-05,1.0941382796e-05,2.6721546727e+01
6.2172086118e-05,1.2494543616e-05,2.7797450136e+01
6.1013895263e-05,1.0891799931e-05,2.8448451544e+01
5.8418230388e-05,1.2464277724e-05,2.8708690570e+01
5.7225161830e-05,1.0866105300e-05,2.9381112659e+01
5.0891144382e-05,1.2402580414e-05,3.0644232883e+01
4.9631074839e-05,1.0813560287e-05,3.1347994237e+01
4.7118007633e-05,1.2371490682e-05,3.1653760446e+01
4.5825634770e-05,1.0787508699e-05,3.2367564875e+01
4.2014896487e-05,1.0761398574e-05,3.3401680535e+01
3.8198952651e-05,1.0735491746e-05,3.4443307812e+01
3.5761984807e-05,1.2279638283e-05,3.4762146136e+01
3.4377943600e-05,1.0709962886e-05,3.5485604629e+01
3.0552059917e-05,1.0684915470e-05,3.6522031058e+01
2.6721511655e-05,1.0660479105e-05,3.7546408019e+01
2.4355118651e-05,1.2192683440e-05,3.7846649284e+01
2.2886532482e-05,1.0636731668e-05,3.8552981428e+01
1.9047352381e-05,1.0613780981e-05,3.9536498287e+01
1.5204211056e-05,1.0591681914e-05,4.0492254355e+01
1.2904119760e-05,1.2113833808e-05,4.0746868845e+01
1.1357359669e-05,1.0570517344e-05,4.1416135759e+01
7.5070727784e-06,1.0550316450e-05,4.2304623725e+01
3.6536008679e-06,1.0531136653e-05,4.3154817844e+01
1.4165926430e-06,1.2045149039e-05,4.3344627031e+01
-2.0279091976e-07,1.0512986762e-05,4.3964428352e+01
-4.0618524400e-06,1.0495901726e-05,4.4731719403e+01
-7.9233304298e-06,1.0479867299e-05,4.5455528054e+01
-1.0099572665e-05,1.1987607186e-05,4.5570379643e+01
-1.1786983789e-05,1.0464899453e-05,4.6135156217e+01
-1.5652533671e-05,1.0450641892e-05,4.6770446067e+01
-1.7789303888e-05,1.1955407181e-05,4.6833726956e+01
-1.9519891099e-05,1.0438001519e-05,4.7361418902e+01
-2.1637001130e-05,1.1941176116e-05,4.7399238259e+01
-2.3388704287e-05,1.0426157184e-05,4.7908722243e+01
-2.7258771275e-05,1.0414904279e-05,4.8413219014e+01
-2.9337019165e-05,1.1916063090e-05,4.8401525477e+01
-3.1130006623e-05,1.0405187665e-05,4.8875820168e+01
-3.5002150164e-05,1.0396161820e-05,4.9297938084e+01
-3.8875036814e-05,1.0387950794e-05,4.9680993324e+01
-4.0895499553e-05,1.1886508871e-05,4.9600939410e+01
-4.2748501882e-05,1.0380567343e-05,5.0026529090e+01
-4.6622405153e-05,1.0373959336e-05,5.0336212121e+01
-5.0496614449e-05,1.0368106662e-05,5.0611731711e+01
-5.2459520048e-05,1.1865420479e-05,5.0472129899e+01
-5.4371005715e-05,1.0362951162e-05,5.0854840313e+01
-5.8245445994e-05,1.0358472658e-05,5.1067258024e+01
-6.2119813731e-05,1.0354615116e-05,5.1250725324e+01
-6.4024916480e-05,1.1851582916e-05,5.1061150657e+01
-6.5994014302e-05,1.0351361931e-05,5.1406918497e+01
-6.9867957216e-05,1.0348658832e-05,5.1537488488e+01
-7.3741553159e-05,1.0346492007e-05,5.1644018502e+01
-7.5588441780e-05,1.1843844227e-05,5.1413773125e+01
-7.7614709083e-05,1.0344812457e-05,5.1728021582e+01
-8.1487340817e-05,1.0343610987e-05,5.1790940430e+01
-8.5359383567e-05,1.0342841403e-05,5.1834130812e+01
-8.9230767798e-05,1.0342498359e-05,5.1858867179e+01
-9.3101418610e-05,1.0342541445e-05,5.1866330333e+01
-9.4849297044e-05,1.1841895202e-05,5.1586425871e+01
-9.6971265325e-05,1.0342970319e-05,5.1857613431e+01
-1.0084025631e-04,1.0343747532e-05,5.1833714195e+01
-1.0470833072e-04,1.0344876682e-05,5.1795538609e+01
-1.0639524578e-04,1.1846111799e-05,5.1494805173e+01
-1.0857542183e-04,1.0346326138e-05,5.1743897186e+01
-1.1244146301e-04,1.0348104493e-05,5.1679507265e+01
-1.1630640680e-04,1.0350182928e-05,5.1602991376e+01
-1.1793076298e-04,1.1853788267e-05,5.1286703207e+01
-1.2017019226e-04,1.0352573945e-05,5.1514877633e+01
-1.2403284593e-04,1.0354825392e-05,5.1415681704e+01
-1.2789403634e-04,1.0358152792e-05,5.1305521990e+01
-1.2945390403e-04,1.1864667037e-05,5.0977856974e+01
-1.3175393379e-04,1.0361503014e-05,5.1184836238e+01
-1.3561242963e-04,1.0365090220e-05,5.1053732251e+01
-1.3946942816e-04,1.0368980469e-05,5.0912254626e+01
-1.4096260915e-04,1.1878799791e-05,5.0576468383e+01
-1.4332485343e-04,1.0373169848e-05,5.0760354866e+01
-1.4717862815e-04,1.0377688837e-05,5.0597882460e+01
-1.5103067028e-04,1.0382530561e-05,5.0424583401e+01
-1.5245444549e-04,1.1896313120e-05,5.0083084793e+01
-1.5488088033e-04,1.0387730244e-05,5.0240086171e+01
-1.5872933174e-04,1.0392819706e-05,5.0043993500e+01
-1.6257542750e-04,1.0399149968e-05,4.9835484637e+01
-1.6392645034e-04,1.1917688212e-05,4.9490001523e+01
-1.6641977306e-04,1.0404857007e-05,4.9614126005e+01
-1.7026175814e-04,1.0411286376e-05,4.9378828504e+01
2.6734940233e-04,1.7151658511e-05,1.8919503358e+01
2.7135869603e-04,1.7339313857e-05,1.8538280012e+01
2.5521126657e-04,1.6446648441e-05,1.9616557890e+01
2.4307499963e-04,1.5581418079e-05,1.9527486454e+01
2.1519466455e-04,1.3529574958e-05,1.9559864344e+01
1.8757525459e-04,1.1755335547e-05,2.0205002093e+01
1.5993264796e-04,1.0425758467e-05,2.1629225776e+01
1.3241449283e-04,9.6991504373e-06,2.2692520513e+01
-1.7410119610e-04,1.0418596482e-05,4.9128542520e+01
-2.1283471422e-05,8.9301137128e-06,4.7879533886e+01
-4.0738773344e-05,8.8889247666e-06,5.0112533854e+01
-1.3796097829e-04,8.8677567283e-06,5.1241302700e+01
2.2708768396e-04,1.4388796265e-05,1.9494520537e+01
1.9940410173e-04,1.2470432993e-05,1.9827655723e+01
1.7178733803e-04,1.0929513478e-05,2.0959182968e+01
1.4416031899e-04,9.9351545625e-06,2.2423099196e+01
1.0160883114e-04,9.4653539709e-06,2.3001650370e+01
8.6437088220e-05,9.4334525703e-06,2.3951168629e+01
5.5981699665e-05,9.2837286667e-06,3.0052751443e+01
2.1377016268e-05,9.0935812037e-06,3.9252221094e+01
-9.6232712247e-06,8.9644572833e-06,4.6029606241e+01
5.2568731164e-05,1.1399531327e-04,2.0234111183e+01
3.1392751688e-04,7.4911452340e-05,1.3876706448e+01
-1.4449383950e-04,7.7384873275e-05,3.7190750421e+01
1.1417379239e-04,8.3284446336e-05,2.2852907111e+01
-2.7892369822e-04,2.9724462220e-05,2.1720570776e+01
9.6460450251e-05,7.8339250830e-05,2.2732374350e+01
-1.2310888209e-04,8.0366931429e-05,3.6921293107e+01
7.9684210055e-05,7.4125047494e-05,2.2579550853e+01
1.3639024402e-05,1.0343430952e-04,3.5737660812e+01
-1.1132865238e-04,7.9985990862e-05,3.7157736305e+01
-8.0224413322e-06,1.0086771304e-04,3.7079534617e+01
-3.0086173275e-05,9.9490468018e-05,3.6451888781e+01
2.9295905281e-05,4.9678581629e-05,2.6714043558e+01
-4.1221660321e-05,9.9115367793e-05,3.5927125051e+01
3.6865543252e-05,3.3782748544e-05,2.8721404730e+01
-5.2402987737e-05,9.8902108615e-05,3.5421057619e+01
-3.0661235098e-06,4.7992315429e-05,3.7838024551e+01
9.3013059118e-06,3.2933383733e-05,3.7348095910e+01
-6.3612740441e-05,9.8826870091e-05,3.4986482802e+01
-3.2954397426e-05,8.9031515950e-06,4.9340430961e+01
1.1209315371e-04,6.1106863591e-05,2.2867005537e+01
1.1644708426e-04,3.9751341964e-05,2.2877734626e+01
-4.6648261091e-05,4.7075668141e-05,4.3664103303e+01
-6.4098308270e-05,8.8613041898e-06,5.1598623945e+01
4.0595563409e-05,8.5688257573e-05,2.2338793674e+01
4.4486340306e-05,9.2184084686e-06,3.3078040706e+01
-4.3900881116e-05,3.2156529834e-05,4.6144783051e+01
-9.5232469679e-05,8.8504322617e-06,5.2135753161e+01
5.1968330375e-05,8.8450765977e-05,2.2250306435e+01
6.3621654939e-05,9.3261584308e-06,2.8186002391e+01
1.5104064910e-04,4.4649035564e-05,2.0112485444e+01
-2.9100334443e-04,3.5538332387e-05,1.7202732789e+01
1.3838148287e-04,6.6740443033e-05,1.9990895880e+01
7.8847122296e-05,9.4027270962e-06,2.5075455984e+01
1.3167964965e-04,4.1766647829e-05,2.3007312966e+01
2.6946607788e-04,6.3263199756e-05,1.5321429314e+01
1.0923659584e-04,9.4816709981e-06,2.2896225663e+01
1.6827702861e-04,7.3779649737e-05,1.7074473990e+01
-1.0691896049e-04,5.9440733004e-05,4.1371240551e+01
1.2464057495e-04,9.5938734947e-06,2.2773221774e+01
-1.7793802712e-04,1.0426533701e-05,4.8862136917e+01
-1.8051741271e-04,8.9172279338e-06,4.8924036395e+01
-1.8177281879e-04,1.0433454744e-05,4.8578450552e+01
-1.8560384324e-04,1.0442916058e-05,4.8275431459e+01
-1.8943112284e-04,1.0454248533e-05,4.7951457473e+01
-1.9208100744e-04,8.9452026251e-06,4.7952693169e+01
-1.9325562752e-04,1.0465008620e-05,4.7604623032e+01
-1.9707692854e-04,1.0475776563e-05,4.7232798259e+01
-2.0089385190e-04,1.0488248078e-05,4.6832940925e+01
-2.0362052347e-04,8.9735874538e-06,4.6753042561e+01
-2.0470654983e-04,1.0501538092e-05,4.6402281833e+01
-2.0851467745e-04,1.0515833091e-05,4.5937436468e+01
1.5203641419e-04,1.0154049246e-05,2.2056918822e+01
-2.3865829331e-04,5.7605387185e-05,3.7355307307e+01
1.7968475640e-04,1.1322525350e-05,2.0549629808e+01
-1.8198613203e-04,3.9779618105e-05,4.3084537862e+01
-1.5069504845e-04,9.1772915044e-05,3.5211331725e+01
2.0729339895e-04,1.2986196345e-05,1.9661036664e+01
-2.0351674865e-04,3.6893204047e-05,4.2200354568e+01
-2.0554046238e-04,3.3426142484e-05,4.2597409589e+01
-2.0220880293e-04,3.3330921334e-05,4.2902521826e+01
-2.0487985361e-04,3.1666371300e-05,4.2947398965e+01
-2.0823382013e-04,3.1758290519e-05,4.2615728762e+01
-2.0150905528e-04,3.1580997855e-05,4.3260057310e+01
2.3505820899e-04,1.4982652967e-05,1.9495873809e+01
2.8763233532e-04,5.5756560496e-05,1.5203961126e+01
2.9974146722e-04,5.7709501636e-05,1.4839653431e+01
-2.7241129963e-04,4.9235503095e-05,3.1930293124e+01
1.4618354357e-04,8.9926873164e-05,1.7065363583e+01
2.5056991857e-04,6.6567040192e-05,1.5567758255e+01
-1.6111429197e-04,6.2777341703e-05,3.9467672258e+01
-3.3125884881e-04,2.2548017975e-05,1.7067188784e+01
-3.2816251364e-04,2.1534571266e-05,1.7071442130e+01
-3.3313586767e-04,1.9381326470e-05,1.7048599520e+01
-1.8465235381e-04,5.4453649580e-05,4.0280793475e+01
-1.2965506417e-04,1.0479716670e-04,3.3824189719e+01
-1.3236037325e-04,1.0496704302e-04,3.3849933630e+01
-1.1139293704e-04,4.3782086807e-05,4.4702254657e+01
-1.7109338151e-04,3.7796954548e-05,4.4022748789e+01
-1.7352783759e-04,3.6129925780e-05,4.4240670867e+01
-1.7691306181e-04,3.6194879374e-05,4.4053357003e+01
-1.7598862103e-04,3.4470874113e-05,4.4445346411e+01
-1.7939558901e-04,3.4533102313e-05,4.4246423113e+01
-1.8098889423e-04,3.1176715999e-05,4.4810299554e+01
-1.8444059207e-04,3.1233352150e-05,4.4584892876e+01
-1.7752648097e-04,3.1123575291e-05,4.5024748932e+01
-1.9617823808e-04,7.5239486498e-05,3.7072355210e+01
-1.8200085022e-04,6.3907957417e-05,3.8807962924e+01
3.4120397404e-04,5.2578397847e-05,1.3531815722e+01
3.1046397932e-04,5.2021802390e-05,1.4728464679e+01
2.1576868602e-04,3.2213581972e-05,1.7808696705e+01
-1.9183659581e-04,6.8637683321e-05,3.7926101855e+01
-1.3309915974e-04,9.4728075770e-05,3.4791856185e+01
3.6010958079e-04,2.3398834331e-05,1.2466259703e+01
3.4745166292e-05,1.0781412039e-04,3.0829664447e+01
2.7890789190e-04,7.2250426852e-05,1.4853299485e+01
1.8031602972e-04,1.0100458208e-04,1.6980230327e+01
1.8817970861e-04,2.8857004097e-05,1.8517071304e+01
2.4953405578e-04,1.0605224923e-04,1.4477453254e+01
1.5644842007e-04,1.1388429293e-04,1.7044197687e+01
1.8706308411e-04,5.6429560840e-05,1.7038216826e+01
-1.1765197200e-04,8.6023926697e-05,3.6037497462e+01
-2.3181493546e-04,7.4223818614e-05,3.6947532834e+01
3.3453705248e-04,5.9309787650e-05,1.3620119131e+01
1.6079083119e-04,2.5829206804e-05,2.0487010072e+01
-2.0600194118e-04,5.7809290295e-05,3.8958460662e+01
1.3860057239e-04,1.1042669487e-04,1.7083748226e+01
1.1806566737e-04,2.2402913543e-05,2.2881831868e+01
9.9465974911e-05,2.1541190621e-05,2.2841245891e+01
-2.2558503331e-04,5.9929145599e-05,3.7920289323e+01
-2.2810165429e-04,5.8151248343e-05,3.7925836732e+01
8.4980387456e-05,2.1111333789e-05,2.2828275148e+01
-2.0163737291e-04,5.1615708770e-05,4.0013040904e+01
3.1100410847e-04,3.4001353847e-05,1.5370931008e+01
9.0782302905e-06,1.9891642330e-05,4.0091911968e+01
1.1813316794e-04,1.0572156098e-04,1.8910937358e+01
-1.4792730756e-04,6.0399134126e-05,4.0222891470e+01
-4.6963783843e-05,1.9498249465e-05,4.8711090656e+01
-6.5734272053e-05,1.9460653005e-05,4.9707616384e+01
-8.0746830140e-05,1.9452775202e-05,5.0056311926e+01
1.2987805184e-04,9.4199704112e-05,1.7603296882e+01
-9.5744137862e-05,1.9460451609e-05,5.0108976747e+01
-1.1071713755e-04,1.9481036808e-05,4.9938057206e+01
-1.2565715120e-04,1.9513133596e-05,4.9593549616e+01
-1.4055490058e-04,1.9556579826e-05,4.9103542324e+01
-1.6647162166e-04,1.9661728414e-05,4.7904798167e+01
-1.9483998936e-04,1.8259020743e-05,4.6168844145e+01
-2.1231771350e-04,1.0531386935e-05,4.5434580141e+01
-2.1512630313e-04,9.0099661738e-06,4.5243284013e+01
-2.1611612491e-04,1.0546752845e-05,4.4889485936e+01
-2.1990726772e-04,1.0565591558e-05,4.4297051398e+01
-2.2369240126e-04,1.0584902696e-05,4.3652232001e+01
-2.2658815849e-04,9.0565583875e-06,4.3305679419e+01
-2.2746793989e-04,1.0609280752e-05,4.2948502969e+01
-2.3123582020e-04,1.0634671091e-05,4.2179118692e+01
-2.3499424603e-04,1.0662505483e-05,4.1336381321e+01
-2.3799069387e-04,9.1162971119e-06,4.0770954552e+01
-2.3874240923e-04,1.0692536443e-05,4.0411472810e+01
1.2881997882e-04,8.7690441482e-05,1.9174398853e+01
3.3787998176e-04,2.9395753564e-05,1.4480913399e+01
9.3268112122e-05,1.1389603909e-04,2.2500017033e+01
9.0025020354e-05,1.1242746711e-04,2.2390703084e+01
9.6563076287e-05,1.1540728108e-04,2.2564012124e+01
1.1941815858e-04,1.1928659336e-04,1.7105611304e+01
1.2279508729e-04,1.2079124320e-04,1.7087990044e+01
-2.4247186037e-04,1.0726755136e-05,3.9396593840e+01
-3.0133572855e-04,4.3281595493e-05,1.7297522178e+01
-2.9331580359e-04,4.4598957463e-05,1.8795760902e+01
-2.1095774650e-04,3.0097987929e-05,4.2601086958e+01
-2.5422347182e-04,5.3911400232e-05,3.5915057596e+01
-2.8540855466e-04,4.6331767806e-05,2.5808993445e+01
-3.2992019817e-04,1.8546350703e-05,1.7038982407e+01
-3.3495213625e-04,1.6331716207e-05,1.7029167699e+01
-3.2511820054e-04,2.0640344294e-05,1.7054881283e+01
-3.3161137021e-04,1.5621608728e-05,1.7041664056e+01
1.4391551571e-04,1.4795669121e-04,1.7273326683e+01
-1.7313326769e-04,9.5856045295e-05,3.5057668597e+01
2.4154046452e-04,1.3352532922e-04,1.3849273605e+01
3.5244217771e-04,5.4365915142e-05,1.2869902172e+01
3.5571940744e-04,5.0891658322e-05,1.2773686405e+01
2.1940313647e-04,1.4234625998e-04,1.4025038909e+01
2.3801778734e-04,1.3630428152e-04,1.3828930114e+01
-1.9701355215e-04,9.0292567490e-05,3.5731676570e+01
-2.4622926685e-04,7.3064747471e-05,3.7160619718e+01
-2.3215418000e-04,7.8888474211e-05,3.6710600294e+01
-2.7516397283e-04,6.0558489145e-05,3.5444024239e+01
1.7366984804e-04,1.4986564433e-04,1.4921534173e+01
2.0425073454e-04,1.4531264230e-04,1.4241987514e+01
-2.9036304629e-04,5.4321362038e-05,3.0918922952e+01
-2.9862081183e-04,5.0537022324e-05,2.4200296308e+01
1.6601997367e-04,1.5056522184e-04,1.5727259799e+01
3.6338828794e-04,1.9676530334e-05,1.1820689658e+01
3.5954251174e-04,1.9466127698e-05,1.2324097767e+01
3.6718213401e-04,1.9913851197e-05,1.1373758547e+01
3.2754573645e-04,1.7718132776e-05,1.5662871234e+01
3.2343939676e-04,1.7404904540e-05,1.5871499007e+01
3.2015057307e-04,2.0684445880e-05,1.5750918433e+01
3.1931896188e-04,1.7065370286e-05,1.6026955596e+01
2.9459913174e-04,1.5202041589e-05,1.7052327726e+01
2.9058304601e-04,1.5070610062e-05,1.7084612069e+01
2.9865566599e-04,1.5376711836e-05,1.6993030211e+01
2.7072870988e-04,1.4433582358e-05,1.9152149644e+01
2.7473329674e-04,1.4584113269e-05,1.8670095733e+01
-3.4186177228e-04,3.1082022291e-05,1.5544660931e+01
-3.3620806635e-04,3.3340435095e-05,1.7049230893e+01
-3.0432926595e-04,4.8376331948e-05,1.6879003008e+01
-3.0729813292e-04,4.7396850561e-05,1.7280427586e+01
3.6839518087e-04,3.2329751829e-05,1.2057666698e+01
3.7164512310e-04,2.8590817645e-05,1.1683137396e+01
3.1975602455e-04,9.1305844193e-05,1.3083189866e+01
3.1640975799e-04,9.4453448740e-05,1.3093066007e+01
-1.9077291888e-04,7.4274774326e-06,4.8307663126e+01
-2.1785656351e-04,7.4888436666e-06,4.5023514013e+01
-2.4482418139e-04,7.5986249782e-06,3.9004374678e+01
-2.4863058261e-04,7.6235568349e-06,3.7771823533e+01
-2.4930157347e-04,9.2033788107e-06,3.7401036506e+01
-2.5242021019e-04,7.6580921869e-06,3.6412699702e+01
-2.5619918233e-04,7.6918257408e-06,3.4910831905e+01
-2.5996165149e-04,7.7297252895e-06,3.3253344446e+01
2.9569796412e-04,1.0903830868e-04,1.3267599984e+01
2.9908579756e-04,1.0600039569e-04,1.3271707920e+01
2.9230288759e-04,1.1205807204e-04,1.3261608153e+01
-1.5304148394e-04,3.0829255900e-05,4.6275548117e+01
-1.5656312320e-04,3.0864273282e-05,4.6120002680e+01
-1.3538047949e-04,3.0683457053e-05,4.6953467499e+01
1.7741759522e-04,1.4754182947e-04,1.4883962911e+01
-8.1656786233e-05,3.0464293777e-05,4.7846611291e+01
-5.2791198746e-05,3.0497879486e-05,4.7022787446e+01
1.6564706559e-04,1.3926117855e-04,1.7080468404e+01
9.0355369745e-05,1.1558350416e-04,2.2375299284e+01
8.7174462700e-05,1.1409195260e-04,2.2256454754e+01
6.4242911020e-05,1.0925751592e-04,2.1464969200e+01
6.1490673371e-05,1.0811391231e-04,2.1488783073e+01
-2.0952473699e-04,1.2064875485e-05,4.5583858422e+01
1.0889232637e-04,9.0300699659e-05,2.2857699870e+01
2.7028028452e-04,1.1830925485e-04,1.3675904863e+01
2.6979150397e-04,1.1447872988e-04,1.3819924911e+01
2.7076729118e-04,1.2214189751e-04,1.3522333193e+01
2.6731781189e-04,1.2505023600e-04,1.3507402627e+01
-1.5384961609e-04,1.3420721378e-05,4.9735788502e+01
-5.0569901751e-05,1.3376542111e-05,5.0079697157e+01
-3.1399980309e-05,1.3423787240e-05,4.8372993054e+01
-1.2261397070e-05,1.3501571954e-05,4.5667852124e+01
-8.0619043581e-07,1.3565087138e-05,4.3518034169e+01
2.5788142863e-05,1.3762525317e-05,3.7131472946e+01
1.5408091644e-04,1.6245610619e-05,2.1782291394e+01
1.8161657705e-04,1.8228917372e-05,1.9762654630e+01
1.8634659696e-04,9.2311412274e-05,1.6981294481e+01
-2.6588402750e-04,4.2734845950e-05,3.1939171940e+01
2.0916002480e-04,2.0686446464e-05,1.8775786829e+01
2.0851283427e-04,5.1225689306e-05,1.7043452397e+01
2.0458672325e-04,5.0601601900e-05,1.7033322619e+01
2.4504872503e-04,1.3072778627e-04,1.3867155649e+01
2.4549761345e-04,1.3453085681e-04,1.3714610165e+01
3.2450811928e-04,6.9171842182e-05,1.3693537274e+01
2.2039722882e-04,5.3247558287e-05,1.7068406900e+01
-1.7777164553e-04,9.4248162945e-05,3.5232858465e+01
3.3454966537e-04,3.2811135950e-05,1.4534320760e+01
2.7168740782e-04,1.0007647723e-04,1.4214266862e+01
2.3704028368e-04,2.3379830964e-05,1.8593097050e+01
2.9097985656e-04,5.2711876776e-05,1.5230714721e+01
2.8691062527e-04,5.2059352813e-05,1.5354401955e+01
2.7736864559e-04,8.6546934596e-05,1.4474264903e+01
2.4915721923e-04,2.4482171562e-05,1.8519500253e+01
-1.5469822297e-04,6.8197158902e-05,3.8618537796e+01
2.5295777208e-04,1.0319903433e-04,1.4487266407e+01
-2.2879252719e-04,6.6911364539e-05,3.7362433114e+01
-1.8532250248e-04,3.2942596731e-05,4.4201941478e+01
-1.8788061187e-04,3.1293855949e-05,4.4347661282e+01
2.3648617583e-04,9.5569290247e-05,1.4931094886e+01
2.3249239961e-04,9.4567887800e-05,1.5026900301e+01
2.3186856320e-04,9.0801492049e-05,1.5141219785e+01
2.2849366657e-04,9.3548390139e-05,1.5133361857e+01
2.6184866523e-04,2.8353193545e-05,1.7371566682e+01
-2.1379244057e-04,7.1096520983e-05,3.7295386390e+01
2.0652316383e-04,6.0150086597e-05,1.7065520821e+01
2.0256836772e-04,5.9346111620e-05,1.7075065699e+01
-3.3832364747e-04,1.7089366195e-05,1.7050586935e+01
2.2502679107e-04,2.2219675205e-05,1.8601665950e+01
2.1707499665e-04,2.1446261683e-05,1.8670530683e+01
-3.4016705721e-04,1.4005640618e-05,1.7010381541e+01
1.9733720867e-04,1.9588490396e-05,1.9079595159e+01
1.5832345984e-04,1.0059593215e-04,1.7046299083e+01
1.8947443266e-04,1.8891809365e-05,1.9370263293e+01
1.6195504308e-04,1.6749326009e-05,2.1121285962e+01
1.4228964794e-04,1.5609032481e-05,2.2753857024e+01
1.3447465486e-04,1.5272523693e-05,2.2965217751e+01
1.2673595140e-04,1.4998312213e-05,2.2920724698e+01
3.0767452063e-04,3.7176659950e-05,1.5343399699e+01
3.3851846628e-04,3.3173370100e-05,1.4302295995e+01
1.0021354232e-04,1.4429379591e-05,2.2915182366e+01
1.7338957634e-04,1.4228831535e-04,1.5574681290e+01
8.5431925469e-05,1.4297565469e-05,2.3106713338e+01
7.8078005138e-05,1.4244469361e-05,2.4175744356e+01
1.5776152242e-04,1.2874251867e-04,1.7044720830e+01
6.3282854584e-05,1.4114686880e-05,2.7143492143e+01
3.4792983350e-05,9.9251482046e-05,2.6497618695e+01
3.2116985292e-05,9.8602150021e-05,2.7786175410e+01
5.5840311069e-05,1.4043737833e-05,2.8965862705e+01
4.0867780869e-05,1.3899617935e-05,3.2989336518e+01
3.1602913747e-04,2.0310445390e-05,1.5935831169e+01
3.1518669991e-04,1.6702873097e-05,1.6135738749e+01
3.3340457426e-05,1.3829561586e-05,3.5073153243e+01
1.4418138528e-05,1.3669995304e-05,4.0067954486e+01
6.8140617157e-06,1.3614728890e-05,4.1870428949e+01
-2.3739186562e-05,1.3450891605e-05,4.7419716523e+01
-4.2899870016e-05,1.3392192184e-05,4.9505101375e+01
-6.2076668423e-05,1.3360107455e-05,5.0705826582e+01
-6.9747351318e-05,1.3353290690e-05,5.0986122635e+01
-7.7416311302e-05,1.3349258259e-05,5.1171888654e+01
-8.5082894484e-05,1.3347841951e-05,5.1274897533e+01
-9.2746094046e-05,1.3348621788e-05,5.1305675031e+01
-3.0446157676e-04,4.2080887691e-05,1.7215876316e+01
-1.0040539897e-04,1.3351532315e-05,5.1273288947e+01
6.7024591567e-05,1.1045568108e-04,2.1466125277e+01
1.1972619434e-04,9.3882798627e-05,2.0875495318e+01
1.2683466559e-04,9.6300670378e-05,1.8061327753e+01
-1.0805990966e-04,1.3356243201e-05,5.1185411064e+01
-1.1570916478e-04,1.3362792916e-05,5.1048181314e+01
-1.2335229278e-04,1.3370953434e-05,5.0866342830e+01
-1.3098876662e-04,1.3380819169e-05,5.0643123960e+01
-1.3861765851e-04,1.3392296348e-05,5.0380349957e+01
1.8560442283e-04,6.8407566614e-05,1.7073400735e+01
-1.4623826312e-04,1.3405570972e-05,5.0078310268e+01
-1.6524698276e-04,1.3447364164e-05,4.9139331739e+01
-1.8678637973e-04,1.1973669742e-05,4.7925912749e+01
-1.9439107391e-04,1.2000987107e-05,4.7253101281e+01
-2.4130117397e-04,4.9368122556e-05,3.7241575342e+01
-2.1031001000e-04,2.8362756771e-05,4.2944001409e+01
-2.1371192623e-04,2.8445703571e-05,4.2550236387e+01
-2.1431652734e-04,3.0193766609e-05,4.2216262335e+01
-2.1709443241e-04,2.8537568119e-05,4.2129199080e+01
-2.6046047771e-04,9.3387245575e-06,3.2881910858e+01
-2.6370699920e-04,7.7694118370e-06,3.1422591131e+01
-1.7232552846e-04,5.3895215211e-05,4.0806532956e+01
-1.6920768049e-04,5.3773570226e-05,4.0930981639e+01
-1.4244636859e-04,3.0741555155e-05,4.6700831062e+01
-1.2469804767e-04,3.0613972863e-05,4.7284582329e+01
-1.1755493135e-04,3.0574849779e-05,4.7471065591e+01
-1.1039725973e-04,3.0541239671e-05,4.7627001986e+01
-1.0322693035e-04,3.0513157362e-05,4.7748383812e+01
-9.6045456207e-05,3.0490754803e-05,4.7830005780e+01
-8.8854883534e-05,3.0474353470e-05,4.7865354002e+01
-6.0027766158e-05,3.0475339104e-05,4.7366371177e+01
-2.9337998146e-04,3.6450101795e-05,1.7165812888e+01
-1.7654771572e-04,2.9444049293e-05,4.5413149740e+01
1.4356320775e-04,9.5560157176e-05,1.7069881190e+01
1.3241500623e-04,8.8804989810e-05,1.8040500447e+01
-1.7534308888e-04,7.4057429138e-06,4.9547400900e+01
-1.8308920701e-04,7.4111349756e-06,4.8967359082e+01
-2.0239822623e-04,7.4495922621e-06,4.7114039922e+01
-2.1013413383e-04,7.4676496800e-06,4.6153149857e+01
-2.2940795319e-04,7.5287845220e-06,4.2918958129e+01
-2.3710843432e-04,7.5561199906e-06,4.1154767039e+01
-1.6607672208e-04,5.3658275507e-05,4.1052878632e+01
2.1580047271e-04,1.4500967433e-04,1.3996333785e+01
2.0057936110e-04,1.4788659573e-04,1.4211395850e+01
-2.7475120038e-04,6.3053668284e-05,3.6214389257e+01
3.3977163689e-04,1.8496200927e-05,1.4843155490e+01
3.4378906597e-04,1.8696624826e-05,1.4426525946e+01
1.7755221783e-04,1.5132392119e-04,1.4619346566e+01
-3.0852227275e-04,4.4899593478e-05,1.7243912947e+01
-3.1041206888e-04,4.6443930511e-05,1.7386005707e+01
-2.9311956429e-04,2.8524909049e-05,1.7131461757e+01
-2.9050065408e-04,2.7807377132e-05,1.7102855222e+01
-2.5690457541e-04,5.2214557613e-05,3.5413762902e+01
-2.3443592657e-04,7.7105771369e-05,3.6835240454e+01
2.2298509675e-04,1.3966005564e-04,1.4048927291e+01
1.8427064243e-04,1.0229087308e-04,1.6957249058e+01
1.8763885014e-04,9.9800054085e-05,1.6819043582e+01
1.8089820402e-04,1.0476070795e-04,1.7039125300e+01
-1.9283908602e-04,8.3277035012e-05,3.6266199810e+01
-2.3634815968e-04,6.6079352568e-05,3.7247290554e+01
2.6346406012e-04,7.2821476168e-05,1.5113176065e+01
-1.7973959305e-04,6.5717283323e-05,3.8574968193e+01
-1.5262198853e-04,8.9865728103e-05,3.5432607000e+01
-1.3485680485e-04,8.6771611804e-05,3.5816459636e+01
3.2572416398e-04,5.0427806051e-05,1.4278185992e+01
3.2907727179e-04,4.7118568403e-05,1.4260998439e+01
-1.8900398516e-04,6.8394236522e-05,3.8008475367e+01
1.4404824063e-04,9.9014890513e-05,1.7069041408e+01
1.3186106063e-04,8.5573494276e-05,1.8768462607e+01
2.4899162871e-04,1.0225967712e-04,1.4575615786e+01
-2.2537565358e-04,5.7791930039e-05,3.8089615545e+01
3.0691229522e-04,3.3515291758e-05,1.5519190342e+01
3.4450299700e-04,2.2437727751e-05,1.4219806088e+01
1.9031390530e-04,5.4081118613e-05,1.7057991969e+01
1.8966604827e-04,5.1077621694e-05,1.7162536243e+01
-2.5437863535e-04,5.1660536514e-05,3.5699330425e+01
2.2337031794e-04,1.4344434632e-04,1.3888430439e+01
-1.9493839912e-04,9.2165773148e-05,3.5585161152e+01
-1.3060437160e-04,1.0693761060e-04,3.3701118850e+01
-1.2790991704e-04,1.0676947337e-04,3.3670118422e+01
-2.8703529685e-04,5.8205110342e-05,3.4128009414e+01
-1.7381335052e-04,9.8060436734e-05,3.4917889462e+01
1.8130646424e-04,1.4895541227e-04,1.4638978310e+01
2.6139977631e-04,1.0884640764e-04,1.4183224391e+01
2.7420679492e-04,1.1921655936e-04,1.3535620784e+01
2.7469270740e-04,1.2305674240e-04,1.3374269196e+01
-3.5900129514e-04,2.3081312905e-05,1.2463174606e+01
-3.0232338074e-04,4.0804443244e-05,1.7219970669e+01
2.7812670149e-04,1.2011922220e-04,1.3387875557e+01
-2.4143707875e-04,7.1804641818e-05,3.7100876231e+01
2.2259327244e-04,1.3586949412e-04,1.4192743261e+01
-2.6064900438e-04,6.5286483102e-05,3.6652687017e+01
3.6513891132e-04,3.6015102404e-05,1.2350961045e+01
2.4900182775e-04,1.3171920872e-04,1.3734797762e+01
2.4945498100e-04,1.3552488950e-04,1.3573643270e+01
2.8075542310e-04,8.3558512782e-05,1.4489461126e+01
1.5670827061e-04,8.9946212491e-05,1.7066328829e+01
2.5295420952e-04,1.3269982738e-04,1.3595931853e+01
3.1257415929e-04,9.3655335293e-05,1.3266807225e+01
3.1305704647e-04,9.7580136148e-05,1.3100005138e+01
1.7696797482e-04,1.0345238303e-04,1.6984126419e+01
2.5549913905e-04,1.2222762752e-04,1.3910531059e+01
-1.8041402603e-04,9.4557650009e-05,3.5243244300e+01
-2.8633067872e-04,2.2236026180e-05,1.7101397208e+01
-2.8349355641e-04,2.1771641192e-05,1.7044536453e+01
3.2309580775e-04,8.8136683956e-05,1.3070207570e+01
-1.4984548084e-04,8.9671286479e-05,3.5444304038e+01
2.6798048880e-04,3.8384652100e-05,1.6745709598e+01
-2.2645347861e-04,4.1766435789e-05,3.9364760221e+01
-2.8503690700e-04,5.7096172582e-05,3.3505753447e+01
-2.8444550188e-04,5.9616315404e-05,3.4966281151e+01
3.1228642286e-04,6.3377243026e-05,1.4304924539e+01
-2.1461221685e-04,4.2890210029e-05,4.0388256734e+01
-2.1196960572e-04,4.4616520786e-05,4.0368869166e+01
2.0514085224e-04,1.1609878858e-04,1.5107196247e+01
-1.3769849248e-04,8.6919323542e-05,3.5788158072e+01
-1.9234308720e-04,9.1795615094e-05,3.5578400544e+01
-1.6257965416e-04,4.6329160342e-05,4.2636068613e+01
-2.5875186141e-04,2.1341846762e-05,3.2836393213e+01
-2.5561232708e-04,2.2990406951e-05,3.4039896841e+01
-2.5570718716e-04,2.4847219517e-05,3.3949966823e+01
-2.5251182937e-04,2.4644594047e-05,3.5088223938e+01
-2.5885999277e-04,2.5073286847e-05,3.2719175584e+01
1.8438415428e-04,1.3514251060e-04,1.5256785834e+01
-1.3195694282e-04,4.9210736874e-05,4.2990504151e+01
-1.2986544403e-04,5.0929660012e-05,4.2671338640e+01
-1.3313145305e-04,5.0988818554e-05,4.2570964621e+01
-1.3428421170e-04,5.2781954541e-05,4.2152149970e+01
3.0921197593e-04,9.6771055242e-05,1.3271452773e+01
3.0969712001e-04,1.0068714983e-04,1.3104295433e+01
-1.0579320311e-04,6.6688098993e-05,3.9868708392e+01
-1.0397255880e-04,6.8498620466e-05,3.9535501694e+01
-1.0706170534e-04,6.8557188594e-05,3.9457428218e+01
-1.0649746371e-04,7.2270651612e-05,3.8720915611e+01
-1.0954052872e-04,7.2338187887e-05,3.8645361575e+01
-1.1330644812e-04,1.0393776012e-04,3.3720031262e+01
-1.1268733065e-04,1.0803431730e-04,3.3382790897e+01
-1.0997605906e-04,1.0791334721e-04,3.3360699249e+01
-1.1539493179e-04,1.0816253057e-04,3.3407771678e+01
-1.1103269558e-04,1.1003377450e-04,3.3234637561e+01
-1.0833406462e-04,1.0991509747e-04,3.3206442929e+01
-5.5264960320e-05,5.2165845093e-05,4.3117019215e+01
-5.3675248348e-05,5.3914363681e-05,4.2762529336e+01
-5.6970264708e-05,5.3894366364e-05,4.2849005282e+01
-8.6974412275e-05,1.0512541046e-04,3.3562733141e+01
-8.5445484498e-05,1.0714056136e-04,3.3335274854e+01
-8.8178809370e-05,1.0719874524e-04,3.3319019330e+01
-8.6648911442e-05,1.0922188723e-04,3.3111908551e+01
-8.9365809695e-05,1.0928397027e-04,3.3108045874e+01
-8.6317370351e-05,1.1335669668e-04,3.2763705472e+01
-8.3630371682e-05,1.1330135338e-04,3.2751812077e+01
-1.5857307203e-04,9.8630800315e-05,3.4662735042e+01
-1.5667886242e-04,1.0056131510e-04,3.4499968353e+01
-1.5934990501e-04,1.0080727120e-04,3.4523775175e+01
1.1356266777e-04,1.4378235325e-04,1.7288987525e+01
1.1024052125e-04,1.4557117309e-04,1.8074528815e+01
1.1349297002e-04,1.4715382916e-04,1.7753652060e+01
1.0700915028e-04,1.4397960654e-04,1.8371591920e+01
-5.0375843666e-05,5.3940119673e-05,4.2653542900e+01
8.8018839414e-05,1.3724335066e-04,1.9858190289e+01
8.4788349207e-05,1.3881395231e-04,1.9960281801e+01
8.7798557246e-05,1.4066908698e-04,2.0032475370e+01
8.4476810836e-05,1.4223638959e-04,2.0299722383e+01
8.1525149361e-05,1.4031901474e-04,2.0102204173e+01
8.7490684359e-05,1.4406727573e-04,2.0125367824e+01
-8.0942985738e-05,1.1325332985e-04,3.2745168596e+01
1.1608026205e-04,1.1781060388e-04,1.6990986569e+01
1.1630911600e-04,1.2124432309e-04,1.6977591869e+01
1.1301052602e-04,1.1974438697e-04,1.7392986085e+01
2.2785742760e-04,8.9785219351e-05,1.5259027534e+01
2.3121918106e-04,8.7044161729e-05,1.5268144953e+01
-1.3505939914e-04,1.0514500788e-04,3.3877657156e+01
-1.3597528330e-04,1.0729831685e-04,3.3768683937e+01
-1.3775185564e-04,1.0533123273e-04,3.3907133386e+01
6.2943195682e-05,1.2701051639e-04,1.9840434608e+01
6.0565632029e-05,1.2817943287e-04,1.7684683099e+01
6.2828015252e-05,1.2976779576e-04,1.6289396194e+01
6.0489916872e-05,1.3082472659e-04,1.9444379271e+01
6.1057634457e-05,1.0548279045e-04,2.1645185035e+01
5.8763519973e-05,1.0702299329e-04,2.1525416685e+01
-9.2081408431e-05,1.0935308466e-04,3.3109356336e+01
-9.4795430276e-05,1.0942921318e-04,3.3115468771e+01
-9.7507592788e-05,1.0951234798e-04,3.3126031040e+01
-1.0021799181e-04,1.0960246667e-04,3.3140711423e+01
-1.1257844551e-04,7.2410495496e-05,3.8570558339e+01
-1.1561086963e-04,7.2487628341e-05,3.8496656351e+01
-1.1863741928e-04,7.2569652379e-05,3.8423774256e+01
-1.2052075371e-04,7.0739068100e-05,3.8745189315e+01
-1.2355803442e-04,7.0825700783e-05,3.8671006146e+01
-1.2658850404e-04,7.0917318534e-05,3.8597736612e+01
2.1174613290e-04,8.5533678559e-05,1.5977564448e+01
-1.5170696520e-04,6.8061591361e-05,3.8693973659e+01
1.9935624851e-04,1.3271090323e-04,1.4802567604e+01
-7.8255490613e-05,1.1321267227e-04,3.2744276175e+01
-7.5568174142e-05,1.1317944991e-04,3.2749641648e+01
-7.2881339578e-05,1.1315375301e-04,3.2761876838e+01
-7.4124412582e-05,1.1524782406e-04,3.2576181337e+01
-7.1453563533e-05,1.1522639086e-04,3.2578298089e+01
-7.0195263631e-05,1.1313569495e-04,3.2781516040e+01
-6.8783787671e-05,1.1521273779e-04,3.2587664747e+01
-6.7510234664e-05,1.1312537913e-04,3.2809195840e+01
-6.6115353046e-05,1.1520700303e-04,3.2604980867e+01
-6.4826524456e-05,1.1312303220e-04,3.2845584712e+01
-6.3448514054e-05,1.1520936065e-04,3.2630927911e+01
-6.2144424635e-05,1.1312856514e-04,3.2891407643e+01
-6.0783608823e-05,1.1521990692e-04,3.2666406308e+01
-5.9464196796e-05,1.1314248563e-04,3.2947374970e+01
-5.8120973868e-05,1.1523882791e-04,3.2712259435e+01
-5.5460819547e-05,1.1526633413e-04,3.2769520967e+01
-5.4110581662e-05,1.1319562615e-04,3.3093002496e+01
-5.2803434818e-05,1.1530266363e-04,3.2839187643e+01
-5.1437741733e-05,1.1323536982e-04,3.3184315344e+01
-5.0149117136e-05,1.1534804743e-04,3.2922389274e+01
-4.8767923797e-05,1.1328421091e-04,3.3289104363e+01
-4.7498162034e-05,1.1540274204e-04,3.3020324979e+01
-4.6101412300e-05,1.1334247159e-04,3.3408237111e+01
-4.4850858491e-05,1.1546703747e-04,3.3134172600e+01
-4.3438487189e-05,1.1341041219e-04,3.3542591845e+01
-4.2207487225e-05,1.1554123235e-04,3.3265224872e+01
-4.0779428448e-05,1.1348839629e-04,3.3692983243e+01
-3.9568301387e-05,1.1562569049e-04,3.3414771400e+01
-3.8124507244e-05,1.1357675874e-04,3.3860189854e+01
-3.5474009150e-05,1.1367592001e-04,3.4044893717e+01
-3.4303812261e-05,1.1582673634e-04,3.3774644421e+01
-3.2828210597e-05,1.1378610650e-04,3.4247687125e+01
-3.1679046393e-05,1.1594410352e-04,3.3987414598e+01
-3.0187387769e-05,1.1390817395e-04,3.4468886948e+01
-2.9059621021e-05,1.1607337714e-04,3.4223538898e+01
-2.7551800948e-05,1.1404229381e-04,3.4708722245e+01
-2.6445810618e-05,1.1621497531e-04,3.4483781521e+01
-2.3837925966e-05,1.1636942654e-04,3.4768508973e+01
-2.1236264194e-05,1.1653729674e-04,3.5078049651e+01
-1.8641045776e-05,1.1671917066e-04,3.5412510245e+01
-1.6052561731e-05,1.1691570644e-04,3.5771161711e+01
-1.1863222011e-05,1.1513330358e-04,3.6507691380e+01
-9.2717425852e-06,1.1536929255e-04,3.6849420018e+01
-6.6875913626e-06,1.1562268041e-04,3.7191598704e+01
-4.1111690609e-06,1.1589504250e-04,3.7526454679e+01
-3.2206374271e-06,1.1814529989e-04,3.7805834396e+01
-1.5427349098e-06,1.1618696425e-04,3.7844726504e+01
-6.7837110180e-07,1.1844714592e-04,3.8209679958e+01
1.0172915137e-06,1.1649965431e-04,3.8136232818e+01
1.8549812446e-06,1.1877022081e-04,3.8584992882e+01
3.5683873850e-06,1.1683432478e-04,3.8391794722e+01
4.3788480818e-06,1.1911578623e-04,3.8920046786e+01
6.8925222881e-06,1.1948499546e-04,3.9210087428e+01
9.4220973311e-06,1.1976531086e-04,3.9449658525e+01
1.3676038991e-05,1.1838754610e-04,3.9179912853e+01
1.6167702562e-05,1.1886174552e-04,3.9461348976e+01
1.6828047304e-05,1.2120613157e-04,4.0659314560e+01
1.8649286665e-05,1.1935195529e-04,3.9812404376e+01
1.9276995836e-05,1.2170587019e-04,4.1264311671e+01
2.1119373712e-05,1.1986476846e-04,4.0216394584e+01
2.1713147304e-05,1.2222872924e-04,4.1930257654e+01
2.4135511100e-05,1.2277909063e-04,4.2627014526e+01
2.6021483292e-05,1.2097526186e-04,4.1075278722e+01
-4.0987228640e-05,1.1768736586e-04,3.2983887368e+01
2.8935033158e-05,1.2397347202e-04,4.4068070886e+01
3.0868240786e-05,1.2221708667e-04,4.1867029190e+01
-2.7942828136e-05,1.1825535223e-04,3.3968407975e+01
-1.7614535095e-05,1.1893369880e-04,3.5312789031e+01
3.3268493301e-05,1.2289427120e-04,4.2204025503e+01
-3.3144475169e-05,1.1799369572e-04,3.3493700419e+01
-1.2492509641e-05,1.1935967164e-04,3.6195148266e+01
-7.4016488630e-06,1.1985108445e-04,3.7198965756e+01
3.3666222221e-05,1.2531033618e-04,4.5552304780e+01
3.5651754011e-05,1.2361302044e-04,4.2482518420e+01
7.8178627918e-06,1.2188007386e-04,4.0155892769e+01
3.8016799249e-05,1.2437639035e-04,4.2681092969e+01
3.8316717495e-05,1.2681295354e-04,4.7036163946e+01
4.0361676807e-05,1.2518927076e-04,4.2771323363e+01
5.8299345469e-05,1.0443692379e-04,2.1678030230e+01
5.6057579907e-05,1.0598265948e-04,2.1582495127e+01
5.5561914972e-05,1.0343851310e-04,2.1714159613e+01
5.3369390830e-05,1.0499069196e-04,2.1628231148e+01
-1.5769809914e-04,3.2529704865e-05,4.5721015062e+01
-1.6007775306e-04,3.0901373110e-05,4.5957424980e+01
-1.6118319464e-04,3.2571233893e-05,4.5559308459e+01
-1.6358493874e-04,3.0940688377e-05,4.5787469138e+01
1.8568152476e-04,8.8610195882e-05,1.6997099411e+01
1.8965984268e-04,8.9800966015e-05,1.7010752226e+01
3.0841278665e-04,4.0856480725e-05,1.5179108230e+01
1.4769283894e-04,1.0028868661e-04,1.7066763234e+01
3.7784935055e-05,8.5076442834e-05,2.2339136030e+01
3.9838779494e-05,8.3372893016e-05,2.2373682180e+01
3.9067454672e-05,8.1076194671e-05,2.2403235585e+01
3.6221003263e-05,8.0520997817e-05,2.2407666413e+01
4.1926052670e-05,8.1659813357e-05,2.2380151097e+01
-8.6354998215e-05,9.5033209567e-05,3.5008499861e+01
-8.3517978981e-05,9.4985537043e-05,3.5071846084e+01
-8.2217061710e-05,9.2983648675e-05,3.5430278129e+01
-1.1176765222e-04,9.5744502334e-05,3.4643704253e+01
9.7245433231e-05,9.7859279758e-05,2.2676760569e+01
-2.2829122812e-04,3.4339720232e-05,3.9879084968e+01
-2.3078611703e-04,3.0809926573e-05,3.9864522383e+01
-2.3400494367e-04,3.0968118332e-05,3.9292236570e+01
-2.3040782560e-04,2.8995732526e-05,4.0124512638e+01
1.0385194422e-04,1.2871465738e-04,1.8625435912e+01
1.3003676893e-04,1.3446135738e-04,1.7198464340e+01
1.3335257733e-04,1.3248999215e-04,1.7187566593e+01
1.2992142274e-04,1.3092575134e-04,1.7183186429e+01
7.8897757902e-05,1.2189049035e-04,2.1641790839e+01
-2.1765583299e-04,3.0297341024e-05,4.1805854159e+01
5.2842246202e-05,1.0248571626e-04,2.1761176362e+01
5.0696046652e-05,1.0404481101e-04,2.1644235976e+01
5.0137702319e-05,1.0157659464e-04,2.1788624734e+01
2.7534648380e-04,1.7507094669e-05,1.8085370131e+01
-1.2961177287e-04,7.1014073890e-05,3.8525420322e+01
2.6670195184e-04,1.4261472844e-05,1.9536011502e+01
-1.8872785975e-04,3.3010214993e-05,4.3968501584e+01
2.0871020050e-04,7.0688980137e-05,1.7032866363e+01
-2.4772308364e-04,1.5694200589e-05,3.7309824759e+01
-2.3065012704e-04,5.6380274548e-05,3.7893689784e+01
2.9261066491e-04,8.5899544872e-05,1.4147425317e+01
-2.8168269090e-04,1.3546205368e-05,1.8921620219e+01
-2.8527294768e-04,1.0057185709e-05,1.6951764280e+01
-2.8187595904e-04,9.8956298718e-06,1.9241514618e+01
-2.8864635934e-04,1.0239427714e-05,1.7160269169e+01
4.7445568863e-05,1.0070916816e-04,2.1872589654e+01
-6.6216162536e-05,1.1104958926e-04,3.3076065202e+01
-1.9128315776e-04,6.6574426409e-05,3.8214337579e+01
2.8721908098e-04,1.7941396271e-05,1.7088840908e+01
-2.1147858632e-04,7.2916511100e-05,3.7158957336e+01
-2.2045675726e-04,2.8637713185e-05,4.1678667491e+01
2.7871412560e-04,1.4717530212e-05,1.8109221192e+01
-1.9886041792e-04,3.3242283780e-05,4.3191027684e+01
1.1674312050e-04,1.3165738480e-04,1.7142443363e+01
-3.4369132366e-04,1.4660804402e-05,1.6995677439e+01
3.6279680858e-04,1.5737989400e-05,1.1514457779e+01
3.5890299042e-04,1.5586516324e-05,1.2147728873e+01
9.1057142828e-05,1.2536502087e-04,2.2579655795e+01
-1.8092457054e-05,1.1252353038e-04,3.5946006596e+01
-1.0224695480e-05,1.1315628252e-04,3.6796153369e+01
-1.3262747973e-04,7.1116072430e-05,3.8454087717e+01
3.0434040755e-04,4.0327932825e-05,1.5320286038e+01
3.0507145433e-04,4.4013995706e-05,1.5161251982e+01
3.0100380995e-04,4.3457257507e-05,1.5299049611e+01
1.0418851452e-05,1.1568363920e-04,3.8398755742e+01
1.7999007206e-05,1.1702248258e-04,3.8783901896e+01
2.5476571537e-05,1.1861371022e-04,3.9388657844e+01
4.4793127066e-05,1.2454113748e-04,3.7934864861e+01
4.4983295808e-05,1.2698190314e-04,4.2431292266e+01
4.7124107343e-05,1.2552452481e-04,3.6840982327e+01
4.7254981205e-05,1.2797389763e-04,4.1848743382e+01
4.9429852095e-05,1.2658288284e-04,3.5306012900e+01
-2.1499448189e-04,4.4806220239e-05,4.0107951550e+01
3.2671191078e-04,1.4090973953e-05,1.5989656110e+01
3.3084574139e-04,1.4349280904e-05,1.5777108204e+01
1.3033302238e-04,9.7505547593e-05,1.7025912103e+01
-2.0691135528e-04,2.8281970983e-05,4.3311439369e+01
-2.6742163404e-04,7.8238114154e-06,2.9411704458e+01
-2.6778751756e-04,9.4682557398e-06,2.9047239749e+01
-2.7110661580e-04,7.8797019867e-06,2.7209129468e+01
2.9394724187e-04,1.2175832136e-05,1.7117156367e+01
2.8996153266e-04,1.2081420230e-05,1.7201974029e+01
3.2356373554e-04,9.2103597986e-05,1.2899001544e+01
3.2689223859e-04,8.8924661017e-05,1.2883047332e+01
2.7008485214e-04,1.1548029487e-05,1.9823237549e+01
2.6604162236e-04,1.1392275978e-05,2.0192360073e+01
3.2821341131e-05,1.0089035670e-04,2.8453228678e+01
3.5478909413e-05,1.0155919339e-04,2.7240787600e+01
3.0152141102e-05,1.0026281284e-04,2.9540597554e+01
2.9428745738e-05,9.7993342397e-05,2.8947281841e+01
2.6728671441e-05,9.7422808366e-05,3.0023437932e+01
2.4780646318e-05,9.9123847946e-05,3.1476785604e+01
2.2078892321e-05,9.8607868107e-05,3.2317310914e+01
2.1294752971e-05,9.6388334610e-05,3.1916227634e+01
1.9366906259e-05,9.8124930782e-05,3.3077678820e+01
1.8561679935e-05,9.5920536730e-05,3.2734367016e+01
1.6645014417e-05,9.7673212774e-05,3.3760863732e+01
1.5818349161e-05,9.5483334282e-05,3.3470621231e+01
1.3065141743e-05,9.5075034432e-05,3.4128407684e+01
1.0302429139e-05,9.4694115501e-05,3.4711353193e+01
7.5306128919e-06,9.4339078506e-05,3.5223238109e+01
2.8984874717e-06,9.5827352162e-05,3.6138217514e+01
1.2425761048e-07,9.5530901391e-05,3.6430071916e+01
-8.3542679057e-07,9.3415964830e-05,3.6372864483e+01
-2.6574022215e-06,9.5255769637e-05,3.6669536921e+01
-3.6395878189e-06,9.3151445943e-05,3.6641567586e+01
-5.4461087499e-06,9.5000823961e-05,3.6860776733e+01
-6.4508088780e-06,9.2906638430e-05,3.6860385751e+01
-8.2414852171e-06,9.4764997409e-05,3.7008091877e+01
-9.2686814128e-06,9.2680455357e-05,3.7033803956e+01
-1.2092819440e-05,9.2471931130e-05,3.7166249539e+01
-1.4922835329e-05,9.2280089737e-05,3.7262035793e+01
-1.7758364202e-05,9.2104072781e-05,3.7325290961e+01
-2.0599041113e-05,9.1943009847e-05,3.7359930411e+01
-2.3444519210e-05,9.1796144420e-05,3.7369607661e+01
-2.6294458042e-05,9.1662705993e-05,3.7357718868e+01
-2.9148529580e-05,9.1542031912e-05,3.7327373475e+01
-3.2006406400e-05,9.1433447835e-05,3.7281419061e+01
-3.4867774838e-05,9.1336379889e-05,3.7222427061e+01
-3.9331367260e-05,9.3179046638e-05,3.6846627127e+01
-4.2180379395e-05,9.3107947067e-05,3.6750589753e+01
-4.5031866120e-05,9.3046599440e-05,3.6650564261e+01
-4.7885539072e-05,9.2994583084e-05,3.6547969262e+01
-5.0741110846e-05,9.2951502317e-05,3.6444041693e+01
-5.3598295631e-05,9.2917000947e-05,3.6339856309e+01
-5.6456807932e-05,9.2890744664e-05,3.6236339405e+01
-5.9316363057e-05,9.2872435518e-05,3.6134281844e+01
-6.2176676103e-05,9.2861794866e-05,3.6034355629e+01
-6.5037462167e-05,9.2858577691e-05,3.5937120745e+01
-6.6486829699e-05,9.0893010666e-05,3.6226503843e+01
-6.7898435801e-05,9.2862555948e-05,3.5843043402e+01
-6.9366755516e-05,9.0900231117e-05,3.6134877609e+01
-7.0759297299e-05,9.2873536886e-05,3.5752498186e+01
-7.2246334939e-05,9.0914247092e-05,3.6046087991e+01
-7.3619792029e-05,9.2891331157e-05,3.5665788596e+01
-7.5125302960e-05,9.0934568762e-05,3.5960536320e+01
4.5977486971e-05,1.0469098024e-04,2.1381255723e+01
4.3368303556e-05,1.0383809532e-04,2.2950233402e+01
1.0688693354e-04,1.4734460593e-04,1.8620370203e+01
1.0366535084e-04,1.4574627447e-04,1.8895254784e+01
4.4049708871e-05,7.9936714112e-05,2.2393542717e+01
6.4600204013e-05,1.1195681475e-04,2.1288978970e+01
1.8885067566e-04,6.5956160366e-05,1.7074977611e+01
1.9090990632e-04,5.7132373764e-05,1.7036473717e+01
1.3546018829e-04,8.6658230625e-05,1.7735214687e+01
-2.7137137305e-04,9.5537049851e-06,2.6872650002e+01
-2.7472646110e-04,7.9526671087e-06,2.4837469198e+01
-1.2898209137e-04,5.4455748967e-05,4.1929142672e+01
-1.2575465179e-04,5.4393988197e-05,4.2023623293e+01
-1.6248129170e-04,2.9281203217e-05,4.6182289872e+01
-1.7906610269e-04,2.7822363675e-05,4.5581427484e+01
-1.8959144041e-04,2.7965519453e-05,4.4850467544e+01
-1.9307841900e-04,2.8019968172e-05,4.4578482446e+01
-1.8945696481e-04,5.0934748183e-05,4.0689609158e+01
-2.3333218895e-04,2.7334449057e-05,3.9778754642e+01
3.5611113145e-04,5.5028864870e-05,1.2635884629e+01
3.5936614602e-04,5.1545911159e-05,1.2532640334e+01
-2.9249264966e-04,6.7367131836e-06,1.7075359587e+01
-2.9606925980e-04,6.8694928916e-06,1.7089203926e+01
-2.8891687793e-04,6.6181631677e-06,1.7094793099e+01
-2.4624759596e-04,7.5468071528e-05,3.7197560806e+01
-2.6558075591e-04,4.4957988003e-05,3.2514759749e+01
-2.6842592539e-04,4.3312115218e-05,3.1267299015e+01
-3.1607109916e-04,1.8247901089e-05,1.7094639364e+01
-3.1182597283e-04,2.0111656289e-05,1.7111261593e+01
-3.3916288701e-04,3.4900457696e-05,1.5656267803e+01
-3.3359383282e-04,3.7000140995e-05,1.7116514137e+01
1.2289268646e-05,1.2269304778e-04,4.0955165732e+01
2.7861173099e-04,1.2396780571e-04,1.3218960506e+01
2.8203939131e-04,1.2101879447e-04,1.3232722181e+01
-1.8304341900e-04,9.4880119569e-05,3.5255215348e+01
-3.4475041751e-04,3.2586087526e-05,1.3961334431e+01
-9.1689082746e-05,1.1348917146e-04,3.2801665263e+01
2.0454987886e-04,1.4908700992e-04,1.4066983540e+01
1.7375714103e-04,1.5364179657e-04,1.4585166170e+01
2.9952808594e-04,1.0998852719e-04,1.3100535819e+01
-1.9751847880e-04,9.2551528351e-05,3.5594142652e+01
1.8145620551e-04,1.5273005926e-04,1.4406174787e+01
1.8521411331e-04,1.5032267506e-04,1.4448955396e+01
3.6873270092e-04,3.6577307913e-05,1.2099803035e+01
3.1353538751e-04,1.0151446791e-04,1.2927148587e+01
3.1017872440e-04,1.0461126253e-04,1.2930710033e+01
-1.8365506578e-04,9.7112395287e-05,3.5124508230e+01
2.4594240329e-04,1.3833162234e-04,1.3548432612e+01
5.8270596342e-05,1.3181415874e-04,2.9607838301e+01
-1.0939297366e-04,1.1204240603e-04,3.3106629330e+01
8.1104801770e-05,1.4373192203e-04,2.0542773310e+01
7.8220639069e-05,1.4174178622e-04,2.0386629780e+01
-3.1218688977e-04,4.8083212256e-05,1.7685311519e+01
-3.1372340950e-04,4.5512642021e-05,1.7332952944e+01
-3.1730984334e-04,4.4543487773e-05,1.7405739714e+01
-2.6028723430e-04,7.0180592902e-05,3.7183687873e+01
-2.6269847960e-04,6.8536084712e-05,3.7053471243e+01
-2.5790770517e-04,7.1843321832e-05,3.7275735071e+01
3.1846965389e-04,1.3460247669e-05,1.6547123241e+01
3.1432234586e-04,1.3108771053e-05,1.6619244747e+01
-1.2886487622e-04,1.0891620935e-04,3.3568520711e+01
3.4303134755e-04,1.4995943091e-05,1.4690358005e+01
3.4704281014e-04,1.5144932250e-05,1.4121234558e+01
2.7810212180e-04,1.1792512748e-05,1.8673848579e+01
-9.7056109661e-05,1.1365081059e-04,3.2855772058e+01
-8.4812780141e-05,1.1540945229e-04,3.2627628878e+01
-1.1207579957e-04,1.1216597932e-04,3.3143616387e+01
-2.6274314411e-04,4.6609943979e-05,3.3553928570e+01
1.8538526599e-04,1.5408779515e-04,1.4231737726e+01
-2.3051171088e-04,5.4247795814e-05,3.8027326634e+01
-2.2773210055e-04,5.3908950370e-05,3.8238569609e+01
-2.4957734629e-04,2.8171728614e-05,3.5883589809e+01
-2.4639919318e-04,2.7974173713e-05,3.6781231759e+01
1.8915225947e-04,1.5163773584e-04,1.4284256884e+01
-1.3865113641e-04,1.0749124808e-04,3.3805007495e+01
2.4671265701e-05,1.2517806027e-04,4.5264728329e+01
-5.5381133630e-05,5.5652058933e-05,4.2500074200e+01
1.0696871530e-04,1.2690122509e-04,1.8020872958e+01
1.0370915772e-04,1.2529847498e-04,1.9378118464e+01
8.1713908145e-05,1.2037877008e-04,2.1875348766e+01
7.8726058382e-05,1.1882037767e-04,2.1692479698e+01
2.8059052541e-04,1.0946122540e-04,1.3706950598e+01
5.1223344614e-05,1.0652218803e-04,2.1569354630e+01
5.6144381684e-05,1.3032616573e-04,2.8544706336e+01
-2.5722221091e-04,1.0916449971e-05,3.4198210640e+01
1.3490150062e-04,8.3426344672e-05,1.8446631774e+01
1.3124815625e-04,8.2377324771e-05,1.9431801516e+01
1.3851137254e-04,8.4488203419e-05,1.7485952297e+01
-2.4165588797e-04,7.8948833134e-05,3.6988471549e+01
2.6661241879e-04,9.1617572759e-05,1.4540158464e+01
2.6321394827e-04,9.4535977656e-05,1.4524919297e+01
2.2694803199e-04,1.4074138736e-04,1.3916307566e+01
-3.0557656466e-04,3.9526776704e-05,1.7270993703e+01
1.8485874618e-04,1.0606678746e-04,1.6761044859e+01
1.8145656553e-04,1.0853400382e-04,1.6894039556e+01
2.2448988238e-04,9.2510311141e-05,1.5255003819e+01
2.2384003999e-04,8.8750309845e-05,1.5395740272e+01
-8.3779967595e-05,9.1034386038e-05,3.5724806280e+01
2.6377323737e-04,9.8330804385e-05,1.4417692993e+01
-1.3563530563e-04,7.1223538581e-05,3.8383732804e+01
-2.5779013086e-04,4.3368681736e-05,3.4228127932e+01
2.3309179881e-04,9.8342367678e-05,1.4922602158e+01
2.3707518939e-04,9.9346532692e-05,1.4832235770e+01
3.6549563489e-04,4.0222601546e-05,1.2325187581e+01
2.2511256567e-04,9.6279225361e-05,1.5130162814e+01
-2.3368906644e-05,1.1217763661e-04,3.5413465885e+01
-1.1238108454e-04,9.1765715912e-05,3.5196526456e+01
-1.0953829726e-04,9.1665121000e-05,3.5232234332e+01
3.2848595879e-04,4.3310217298e-05,1.4417126033e+01
3.3242818616e-04,4.3776726961e-05,1.4235514628e+01
2.9025064204e-04,4.9020949355e-05,1.5384435833e+01
2.8616326455e-04,4.8378755794e-05,1.5512904090e+01
2.8282814775e-04,5.1392007809e-05,1.5477341757e+01
2.8206263562e-04,4.7720819968e-05,1.5642712717e+01
2.7873314675e-04,5.0708454388e-05,1.5600107850e+01
2.7794988757e-04,4.7045633711e-05,1.5769463693e+01
-5.2737093865e-05,1.1113677690e-04,3.3450096813e+01
2.5240899192e-04,9.9407166305e-05,1.4586868171e+01
2.7677959431e-04,8.2762112403e-05,1.4591247583e+01
2.5739450120e-04,8.2350400297e-05,1.4934971692e+01
2.6140651189e-04,8.3216138778e-05,1.4847321582e+01
-5.8122515451e-05,1.1107675273e-04,3.3268134530e+01
2.9859233595e-04,1.0211545949e-04,1.3433510130e+01
-2.2401946776e-04,4.5468730189e-05,3.9253374322e+01
9.9541817077e-05,1.1366034166e-04,2.2609607200e+01
7.4947361215e-05,1.0860340978e-04,2.1856276243e+01
-2.5601735182e-04,6.3828462867e-05,3.6628650364e+01
-1.7239430160e-04,6.9165503771e-05,3.8169676211e+01
5.6170997100e-05,1.2780810585e-04,2.7727740491e+01
7.8624257055e-05,1.3829669933e-04,2.1644752902e+01
7.5407688341e-05,1.3962256918e-04,2.1411431623e+01
-1.2252057733e-04,5.4335780392e-05,4.2116116570e+01
8.6834390110e-05,1.1100137095e-04,2.2281172971e+01
8.4044208862e-05,1.1264503442e-04,2.2133536362e+01
-1.0726120061e-04,1.0779955183e-04,3.3341726249e+01
-1.2520977095e-04,1.0660902849e-04,3.3641117540e+01
2.0788435201e-04,4.8199353500e-05,1.7067535528e+01
2.0395623866e-04,4.7602534098e-05,1.7079535822e+01
2.1182020334e-04,4.8791869998e-05,1.7031035688e+01
-2.0965076210e-04,6.2200993300e-05,3.8295434568e+01
-1.1677613080e-04,7.4409573278e-05,3.8103931625e+01
2.8008378680e-04,1.0562169903e-04,1.3848816703e+01
-1.2277684720e-04,7.4589207044e-05,3.7966528263e+01
-1.9396404589e-04,7.7083428037e-05,3.6886764241e+01
-1.9667481057e-04,7.7392679664e-05,3.6839244194e+01
3.2964151871e-04,5.0955206631e-05,1.4107901420e+01
-1.4393069668e-04,4.2472548971e-05,4.4103695756e+01
1.6249704192e-04,8.1841915338e-05,1.7075245026e+01
-1.5054447066e-04,7.1848868061e-05,3.8045973446e+01
-1.4758269684e-04,7.1711083166e-05,3.8111803820e+01
1.4931075497e-04,8.7675192794e-05,1.7068953798e+01
-2.4054816974e-04,3.3225429269e-05,3.7867170102e+01
3.1432864438e-04,3.0801665322e-05,1.5405804986e+01
-1.6857468470e-04,5.9336549456e-05,3.9914110679e+01
2.3723123529e-04,7.7779700380e-05,1.5444891460e+01
1.8113238696e-04,1.4516368359e-04,1.4872060613e+01
-2.9492471247e-04,1.2640729711e-05,1.7084500935e+01
-2.9873784718e-04,1.0906002639e-05,1.7075707570e+01
-3.0207554417e-04,1.1179070039e-05,1.7057457575e+01
-1.9253023598e-04,5.1090282132e-05,4.0527458432e+01
-1.9190174827e-04,4.9188538486e-05,4.0873968017e+01
2.0324132512e-04,6.2689194713e-05,1.7059977392e+01
3.0172772121e-04,4.7148529905e-05,1.5143994111e+01
-1.5178230144e-04,8.7771088864e-05,3.5676823119e+01
-1.6708391646e-04,3.0982478487e-05,4.5609719515e+01
-3.1062752316e-04,2.2687683117e-05,1.7129375549e+01
-2.2097366594e-04,3.0409940492e-05,4.1367766286e+01
-1.8842252995e-04,6.6343589930e-05,3.8305119430e+01
1.9929026476e-04,6.1845744183e-05,1.7072562496e+01
-2.7565980791e-04,4.5336067059e-05,2.9429552360e+01
2.7462655274e-04,5.0007661931e-05,1.5724953743e+01
2.7382607835e-04,4.6352286016e-05,1.5895933438e+01
2.7540115650e-04,5.3678077698e-05,1.5556789558e+01
3.0115434769e-04,2.5767631667e-05,1.6078592734e+01
-3.4552491834e-04,1.1566412629e-05,1.7096077855e+01
-3.4918674765e-04,1.2104194449e-05,1.7003340979e+01
-3.4187060413e-04,1.1026936914e-05,1.7175969098e+01
-1.3213331422e-04,9.2648921016e-05,3.5035702631e+01
-1.2933044991e-04,9.2502427865e-05,3.5050119695e+01
1.3320499448e-04,1.2892662151e-04,1.7171398676e+01
1.3668822808e-04,1.3048369314e-04,1.7170567099e+01
-2.9384413310e-04,2.6208224018e-05,1.7143563193e+01
1.1993908330e-04,1.2974820519e-04,1.7164742216e+01
9.4089282734e-05,1.2371642374e-04,2.2887727089e+01
1.4451784559e-04,1.0251687488e-04,1.7069349115e+01
1.4090303512e-04,1.0121885228e-04,1.7070766725e+01
2.4843192447e-04,9.8472768469e-05,1.4672407818e+01
-2.1956192675e-04,5.5057383544e-05,3.8637083303e+01
-2.1703722874e-04,5.6832238914e-05,3.8588171139e+01
-2.5757882345e-04,4.5535280380e-05,3.4523853720e+01
2.9536431734e-04,3.5574854324e-05,1.5785771600e+01
1.2729151892e-04,9.9610211496e-05,1.7240920323e+01
1.0011066515e-04,9.6011579795e-05,2.2730241871e+01
9.6703634544e-05,9.4821994232e-05,2.2679980180e+01
1.0356290866e-04,9.7232574806e-05,2.2787951402e+01
3.0445564504e-04,2.2641576956e-05,1.6094652480e+01
-1.7893790085e-04,1.6588344033e-05,4.7713165045e+01
-1.7520797102e-04,1.6571789169e-05,4.7965057054e+01
-2.1505008096e-04,1.5241068136e-05,4.4380362864e+01
-1.7151385210e-04,5.2021770921e-05,4.1187525654e+01
-1.7464874587e-04,5.2141175070e-05,4.1054994923e+01
3.5565380865e-04,1.9271972243e-05,1.2861548833e+01
-2.4988116998e-04,1.0807680033e-05,3.7051136245e+01
6.7350282514e-05,1.1321071763e-04,2.1295071278e+01
9.9907169744e-05,1.1695610482e-04,2.2974213151e+01
1.8497067973e-04,6.5104008460e-05,1.7073061246e+01
1.6184686411e-04,1.3772170048e-04,1.6998961721e+01
1.6545222768e-04,1.3550316626e-04,1.7004221266e+01
1.2976828911e-04,1.2737565981e-04,1.7166431953e+01
1.9416638236e-04,5.4752310410e-05,1.7019156441e+01
1.3595916954e-04,8.9920627581e-05,1.7101019094e+01
-1.7553878154e-04,2.7780660323e-05,4.5800282710e+01
-3.0675751870e-04,7.3644700249e-06,1.7091318495e+01
-3.1029853444e-04,7.5631380576e-06,1.7033931320e+01
-2.9264864430e-04,3.8827918814e-05,1.7179579960e+01
-2.8968603611e-04,4.0218040556e-05,1.7502288755e+01
-2.8737943251e-04,3.9305748917e-05,1.8733119249e+01
-1.6293327494e-04,5.3548958277e-05,4.1172369444e+01
-1.6520362052e-04,5.1804263978e-05,4.1443040885e+01
-1.6157888160e-04,5.7180384089e-05,4.0505667823e+01
2.2734381734e-04,1.4452441050e-04,1.3746802213e+01
-2.9117222703e-04,2.5544400351e-05,1.7113808819e+01
-2.4938475123e-04,4.8487449361e-05,3.6188258020e+01
2.5341168527e-04,1.3650898257e-04,1.3426524517e+01
2.5690507220e-04,1.3367112704e-04,1.3450548012e+01
-3.2051260257e-04,1.6302392125e-05,1.7069891301e+01
-3.2179766162e-04,1.3698094080e-05,1.7058015139e+01
-3.1911442259e-04,4.6439421431e-05,1.7412362826e+01
-3.2127270583e-04,4.3459197307e-05,1.7243765336e+01
1.0350223373e-04,1.4909751306e-04,1.9006370430e+01
1.0028715536e-04,1.4748698868e-04,1.9259102234e+01
-3.2325028687e-04,4.5476222159e-05,1.7287200492e+01
-3.3632800557e-04,3.8742372172e-05,1.5728687688e+01
-2.7684581444e-04,6.4041927211e-05,3.6581734910e+01
1.0674304988e-04,1.5068899865e-04,1.8760480403e+01
2.2375253223e-04,1.4722131636e-04,1.3709798865e+01
-1.4132049962e-04,1.0769302542e-04,3.3842299339e+01
2.7517484726e-04,1.2689953091e-04,1.3203061074e+01
3.2735243422e-04,9.2915070919e-05,1.2707190242e+01
3.3076032482e-04,8.9833226694e-05,1.2680482317e+01
2.0085421541e-04,1.5165387059e-04,1.4022162134e+01
-1.7906381820e-04,9.8684082748e-05,3.4961819715e+01
-1.9085206668e-04,9.5929607845e-05,3.5302859343e+01
-2.9157121986e-04,5.8040244971e-05,3.4038473073e+01
-2.9423735908e-04,5.6825200462e-05,3.2965989884e+01
5.5986333678e-05,1.3282358623e-04,3.1433125298e+01
-1.5558949951e-04,1.0473324139e-04,3.4237583228e+01
-1.5293268089e-04,1.0449861545e-04,3.4203350086e+01
5.8021649704e-05,1.3434596591e-04,2.8470534206e+01
-3.1079286354e-04,5.0519680053e-05,1.6633160977e+01
-3.0789553272e-04,5.1310214889e-05,2.0045230172e+01
7.4863581415e-05,1.4305845626e-04,2.0708237009e+01
7.2162733749e-05,1.4082000659e-04,2.1463843448e+01
7.2658932881e-05,1.3740856611e-04,2.1250269609e+01
6.9563701158e-05,1.3849873915e-04,1.9542107786e+01
3.3006009999e-04,1.0675245583e-05,1.6106288455e+01
-2.4628314623e-04,7.7889296105e-05,3.7228403846e+01
3.2402852296e-04,9.6080895415e-05,1.2722550412e+01
-1.3421534019e-04,1.0927309910e-04,3.3646142624e+01
3.6906050483e-04,4.0862232794e-05,1.2078539049e+01
-1.2446826664e-04,1.1073863831e-04,3.3412123348e+01
-1.2179028427e-04,1.1058235370e-04,3.3372661448e+01
3.3414702327e-04,1.0899514664e-05,1.5873985856e+01
3.5974073727e-04,5.5736887917e-05,1.2397646740e+01
3.5649830179e-04,5.9188168831e-05,1.2489482768e+01
3.6297018448e-04,5.2251965364e-05,1.2288971509e+01
3.7226520005e-04,3.7217311057e-05,1.1862878723e+01
-2.3035214495e-04,5.2143002354e-05,3.8168271146e+01
-2.2755441289e-04,5.1825704283e-05,3.8403866994e+01
-2.9259425413e-04,4.9652152217e-06,1.7079407218e+01
-1.6490753366e-04,2.7671562797e-05,4.6394334468e+01
-1.5421046558e-04,2.7576159304e-05,4.6909317605e+01
-1.2694349338e-04,5.6202434204e-05,4.1604229636e+01
3.6211544134e-04,1.1855546364e-05,1.1160604240e+01
3.5817102907e-04,1.1790207967e-05,1.1956880937e+01
3.6602221418e-04,1.1967992096e-05,1.0416881644e+01
1.1321056224e-04,1.2317356821e-04,1.6953163275e+01
1.0679790003e-04,1.2347900706e-04,1.8791757891e+01
1.3795624009e-04,8.1265003731e-05,1.8180525193e+01
3.4630622076e-04,1.1344338465e-05,1.4364714241e+01
8.7460738810e-05,1.1722963183e-04,2.2231861025e+01
4.3965741364e-05,1.0622049169e-04,2.3804141512e+01
3.1762274114e-04,9.8680213386e-06,1.7105400403e+01
3.1354874628e-04,9.5886594056e-06,1.7017958571e+01
3.1019613608e-04,1.2783677809e-05,1.7165926300e+01
3.0947215162e-04,9.4291437870e-06,1.6984042288e+01
2.2840618724e-05,1.0084064847e-04,3.2773374453e+01
-7.6479611368e-05,9.2915737985e-05,3.5583149409e+01
2.9331949536e-04,9.1797122027e-06,1.7319873336e+01
2.8930589330e-04,9.1785245346e-06,1.7242608997e+01
2.9731441433e-04,9.2535584204e-06,1.7287027802e+01
4.3284621874e-05,7.7623318960e-05,2.2419278440e+01
-7.4973264446e-05,9.4881662217e-05,3.5291892557e+01
2.6949086691e-04,8.6270024441e-06,2.0563754153e+01
2.6552796474e-04,8.4369354806e-06,2.0926976459e+01
2.7666893521e-04,1.0858915337e-04,1.3839775995e+01
4.9277020151e-05,1.2413123901e-04,3.2282093728e+01
4.2136749691e-05,1.2120917264e-04,3.5946417027e+01
2.3091605672e-04,1.4180566265e-04,1.3778555771e+01
2.3050721950e-04,1.3801728639e-04,1.3940043189e+01
1.8541380423e-04,1.0985222035e-04,1.6293926209e+01
-1.2875283514e-04,7.4789583344e-05,3.7835002697e+01
-3.6653572276e-04,1.1074989884e-05,1.3952502212e+01
2.2111634430e-04,9.5219244424e-05,1.5256366934e+01
2.1118464360e-04,4.5794947119e-05,1.7073262612e+01
1.8882734138e-04,1.0735744450e-04,1.6210822654e+01
3.0530444422e-04,2.6245264903e-05,1.5933718889e+01
1.8198531283e-04,1.1232157463e-04,1.6660584767e+01
-2.7935079222e-04,6.2538425227e-05,3.6164374823e+01
-1.3156846403e-04,6.9190786465e-05,3.8839809287e+01
-2.6566925601e-04,6.1997920835e-05,3.6064047510e+01
-2.7131089771e-04,4.1693133186e-05,2.9767962841e+01
2.4854365813e-04,1.2791227141e-04,1.3883072694e+01
3.0872150094e-04,9.2864579892e-05,1.3432524216e+01
1.8897416275e-04,8.6102268279e-05,1.6986942697e+01
-9.9096039531e-05,1.0750069446e-04,3.3305989580e+01
-1.4224099656e-04,1.0356812657e-04,3.4086229256e+01
-2.3886531734e-04,6.6595017510e-05,3.7185829359e+01
-2.3643664012e-04,6.8361483731e-05,3.7177951222e+01
-2.2698199614e-04,4.5714290532e-05,3.8947109788e+01
-1.8242977437e-04,9.2662684066e-05,3.5404454301e+01
-3.0777120972e-04,2.1903896555e-05,1.7126350699e+01
-1.4898503327e-04,8.7584943054e-05,3.5695372625e+01
-1.4705930461e-04,8.9485362075e-05,3.5457757092e+01
2.8016101911e-04,7.9775623972e-05,1.4609183801e+01
2.8413856214e-04,8.0552086358e-05,1.4504550416e+01
2.8353912115e-04,7.6771220565e-05,1.4627027965e+01
2.8751823495e-04,7.7527215407e-05,1.4519216395e+01
1.4816809533e-04,1.0383779307e-04,1.7066440501e+01
3.2628885217e-04,5.4261731964e-05,1.4127834911e+01
1.0293862154e-04,1.1518639799e-04,2.2830247715e+01
-3.2339598488e-04,3.5494119856e-05,1.7095843980e+01
2.8682012746e-05,9.5735365251e-05,2.8420010159e+01
7.7557651435e-05,1.0699740602e-04,2.2012768301e+01
7.7931889478e-05,1.0990094403e-04,2.1930038760e+01
7.5295358516e-05,1.1147987447e-04,2.1750545485e+01
-2.9571600501e-04,3.7429305831e-05,1.7170424759e+01
-2.6196937057e-04,2.5323118507e-05,3.1387739712e+01
-2.5884187000e-04,2.6989775801e-05,3.2734037935e+01
-1.6201122667e-04,1.0106351601e-04,3.4549122706e+01
-1.6276464699e-04,1.0326242600e-04,3.4438048627e+01
-2.0889977984e-04,4.4442686714e-05,4.0620935548e+01
3.3022891123e-04,8.5740907615e-05,1.2861927936e+01
3.3408578617e-04,8.6644977275e-05,1.2655563028e+01
-2.8260411189e-04,3.7673125595e-05,2.1847450697e+01
-2.8203820672e-04,3.9941565059e-05,2.3485044094e+01
-1.1707731299e-04,1.0617403416e-04,3.3567948859e+01
-1.3639025303e-04,5.1051414813e-05,4.2468221470e+01
-1.3541563348e-04,5.4590336527e-05,4.1734795707e+01
-1.3862084394e-04,5.4663432127e-05,4.1635120300e+01
-1.4074009783e-04,5.2921244718e-05,4.1947403710e+01
7.0044466466e-05,1.3529407645e-04,1.9807047892e+01
6.7126315644e-05,1.3632948213e-04,1.8679225730e+01
6.6501827279e-05,1.3940904150e-04,1.8120508313e+01
6.4299086739e-05,1.3721184200e-04,1.1401816712e+01
-1.8506420059e-04,9.2987217141e-05,3.5410901465e+01
2.0032307477e-04,8.5884833793e-05,1.6790433431e+01
-6.0265638984e-05,5.3879445001e-05,4.2915241021e+01
9.0854607514e-05,1.4245154331e-04,1.9888881082e+01
9.0566285110e-05,1.4582859974e-04,1.9951879550e+01
8.7124035389e-05,1.4742622163e-04,2.0059289571e+01
-2.2896468379e-04,6.9156189442e-05,3.7230014902e+01
-2.3151333111e-04,6.9634106723e-05,3.7175917122e+01
1.6851233328e-04,1.2567755753e-04,1.6965555234e+01
-1.7654743710e-04,8.1556436752e-05,3.6439224778e+01
1.9662789127e-04,1.4664158219e-04,1.4355665524e+01
1.2379621415e-04,9.8371855485e-05,1.8578445299e+01
-1.6851600856e-04,9.7485561373e-05,3.4880195210e+01
-1.6993430978e-04,1.0189750203e-04,3.4633643315e+01
-2.2638851781e-04,6.8702633088e-05,3.7294520215e+01
-2.0881195924e-04,7.2554439392e-05,3.7223599609e+01
-2.0919175463e-04,7.4742449661e-05,3.7014097723e+01
-2.0652907594e-04,7.4382461872e-05,3.7071117133e+01
-1.1928024871e-04,5.4281031709e-05,4.2206423169e+01
-1.9123554682e-04,7.6788328082e-05,3.6935519711e+01
-2.4573087290e-04,2.2507677471e-05,3.7322528864e+01
-2.4269765696e-04,2.4153377367e-05,3.8010061530e+01
1.2909470186e-04,1.1673970346e-04,1.7098916798e+01
-8.7484612016e-05,1.1546849996e-04,3.2652978098e+01
-1.3200601440e-04,8.6630471408e-05,3.5847080134e+01
-2.7464315388e-04,3.7866219836e-05,2.6982620766e+01
-3.1277123633e-04,3.6914376781e-05,1.7245489161e+01
3.0948511451e-04,7.0374473252e-05,1.4165916254e+01
-1.7791530371e-04,4.4978336122e-05,4.2283912233e+01
8.3694271698e-05,1.0961978627e-04,2.2179858047e+01
1.3694627068e-04,1.4816663038e-04,1.7292822259e+01
1.3349233219e-04,1.4998271982e-04,1.7283560030e+01
1.3688603779e-04,1.5162842767e-04,1.7321213068e+01
1.3341796654e-04,1.5339661030e-04,1.7300612576e+01
1.3006386794e-04,1.5176209945e-04,1.7263708837e+01
1.3678897104e-04,1.5505699250e-04,1.7365640818e+01
-1.3863552928e-04,7.1336537000e-05,3.8314354067e+01
3.4184848114e-04,2.9716651853e-05,1.4206802075e+01
3.4245538148e-04,3.3531145652e-05,1.4046947491e+01
3.3911835858e-04,3.6985740687e-05,1.4138178920e+01
2.5721962868e-04,2.5127138970e-05,1.8133934536e+01
-2.1644005241e-04,7.1479424858e-05,3.7226278974e+01
3.0535131425e-04,9.5967920462e-05,1.3434896365e+01
2.2984185001e-04,7.9558173357e-05,1.5568318940e+01
-1.9959616211e-04,9.0681642100e-05,3.5734783299e+01
-2.0008312618e-04,9.2953482231e-05,3.5605828948e+01
-1.7681252169e-04,6.5528711626e-05,3.8663901764e+01
2.5606712838e-04,7.4865411376e-05,1.5175397782e+01
-1.9889515891e-04,7.5549782525e-05,3.7017461762e+01
-1.9936755115e-04,7.7716724262e-05,3.6793159309e+01
1.5406350792e-04,1.2723862872e-04,1.7066307465e+01
1.5429153828e-04,1.3093955248e-04,1.7071178625e+01
1.5063281490e-04,1.2940985945e-04,1.7093335608e+01
1.5082182106e-04,1.3308599710e-04,1.7101779652e+01
-1.4151611671e-04,8.3139986787e-05,3.6317561617e+01
-1.5212918746e-04,1.0227345415e-04,3.4319498144e+01
-1.6820382660e-04,8.0855274283e-05,3.6541043652e+01
-1.6614650276e-04,8.2726798469e-05,3.6308596365e+01
-1.6893109514e-04,8.2950006774e-05,3.6279470170e+01
1.4030366709e-04,1.5330151754e-04,1.7363927719e+01
-1.4492901156e-04,1.0377312210e-04,3.4114021764e+01
-1.6064689191e-04,6.8489015327e-05,3.8468409035e+01
1.9033637694e-04,9.3531796117e-05,1.6961214002e+01
1.9367004674e-04,9.1000659500e-05,1.6847718326e+01
1.9435378296e-04,9.4755688151e-05,1.6525762630e+01
-1.4664604983e-04,6.9752190545e-05,3.8474126298e+01
-1.4461088194e-04,7.1579852581e-05,3.8178451488e+01
1.8500989242e-04,8.4946938385e-05,1.7011314415e+01
2.0298642614e-04,1.0092392884e-04,1.5684239851e+01
2.4412958800e-04,1.2311805951e-04,1.4134690499e+01
-1.0182047955e-04,1.0759338609e-04,3.3314071297e+01
9.3957416301e-05,1.4417443904e-04,1.9725336743e+01
9.3696440037e-05,1.4753345328e-04,1.9711529660e+01
1.3337987704e-04,9.5373084222e-05,1.6952731214e+01
2.6534498055e-04,1.0975512835e-04,1.4072852050e+01
-2.6502794481e-04,2.5604464398e-05,2.9950127296e+01
-2.6802504357e-04,2.5916396850e-05,2.8400647627e+01
1.9508152952e-04,1.2764945139e-04,1.5095321289e+01
-6.3561107801e-05,5.3869313473e-05,4.2963102043e+01
-6.6856350761e-05,5.3863729798e-05,4.2994321223e+01
-6.3569611463e-05,5.7375861289e-05,4.2304721561e+01
-7.0151009714e-05,5.3862502677e-05,4.3010495275e+01
2.1434332783e-04,1.0058625142e-04,1.5276975646e+01
-2.1906444949e-04,7.1881958075e-05,3.7161534223e+01
-1.8416486625e-04,8.0215657299e-05,3.6579826262e+01
3.7130370121e-04,2.4355846655e-05,1.1418431686e+01
3.7489226562e-04,2.4795268712e-05,1.1203488915e+01
3.7457289397e-04,2.0523486576e-05,1.0736211600e+01
3.7814290913e-04,2.0938599861e-05,1.0584728854e+01
3.7788429525e-04,1.6613636950e-05,9.8118793407e+00
3.7839387791e-04,2.5333970109e-05,1.1058772986e+01
3.8141635294e-04,1.7022549745e-05,9.7599019026e+00
-8.2711128293e-05,1.0708937492e-04,3.3357437030e+01
-2.7119948893e-04,2.4271731082e-05,2.6453865279e+01
3.5898890354e-04,4.7377324450e-05,1.2654665758e+01
2.0722272728e-04,6.3567921658e-05,1.7045419087e+01
1.8173437756e-04,6.7520730881e-05,1.7075085324e+01
-4.9187954888e-05,3.0512797931e-05,4.6809687167e+01
-4.7301918924e-05,2.8919941864e-05,4.6983756181e+01
2.5692395740e-04,1.0412449714e-04,1.4394744155e+01
1.6930331051e-04,1.3700378725e-04,1.6830890420e+01
-1.0372088136e-04,5.9394723513e-05,4.1449437194e+01
-1.0559685516e-04,5.7633822783e-05,4.1787859668e+01
-1.0237466273e-04,5.7591651063e-05,4.1864123958e+01
-1.0100748123e-04,5.5802243171e-05,4.2276991987e+01
-1.0288977923e-04,5.4061315982e-05,4.2616734770e+01
-9.9618913064e-05,5.4028861985e-05,4.2686710693e+01
-9.7756961309e-05,5.5767590745e-05,4.2346415662e+01
-7.3444738082e-05,5.3865439377e-05,4.3013095826e+01
-7.5018577519e-05,5.5617570306e-05,4.2658611938e+01
-7.6737188375e-05,5.3872371260e-05,4.3003481426e+01
-7.3322505127e-05,5.7373860492e-05,4.2315664142e+01
-8.0028024810e-05,5.3883164685e-05,4.2982894153e+01
-2.1243583622e-04,6.2500651813e-05,3.8173514013e+01
-1.9412553962e-04,6.6817366814e-05,3.8123329370e+01
2.6464637672e-04,5.8790027742e-05,1.5581530395e+01
-1.9764318613e-04,3.8474692821e-05,4.2372925472e+01
-2.0445046374e-04,6.3719386830e-05,3.8271321227e+01
1.6366449987e-04,8.8769754177e-05,1.7056064061e+01
-1.8266042201e-04,1.6605858243e-05,4.7445822286e+01
3.3385600582e-05,7.9993396927e-05,2.2491753805e+01
3.5419327581e-05,7.8273405891e-05,2.2432308361e+01
3.2567599461e-05,7.7772747129e-05,2.2532395341e+01
2.9726729464e-05,7.7296727462e-05,2.2170384107e+01
2.6891612334e-05,7.6848131296e-05,2.3840843235e+01
2.4910458373e-05,7.8572132854e-05,2.5582507644e+01
2.2056962271e-05,7.8154653612e-05,2.7151554699e+01
2.1162301873e-05,7.6030189232e-05,2.7426079969e+01
1.9184624435e-05,7.7763911855e-05,2.8631272501e+01
1.8267548537e-05,7.5660951064e-05,2.8880215365e+01
1.6294712300e-05,7.7398995418e-05,2.9958653580e+01
1.5355155922e-05,7.5315279220e-05,3.0200515693e+01
1.3388604944e-05,7.7058344176e-05,3.1158203891e+01
1.2426547319e-05,7.4991676279e-05,3.1391948757e+01
1.0467480808e-05,7.6740643424e-05,3.2239098926e+01
9.4822986021e-06,7.4691539572e-05,3.2467143946e+01
7.5323639519e-06,7.6445125174e-05,3.3210355132e+01
6.5241436913e-06,7.4411664470e-05,3.3434328777e+01
3.5532437005e-06,7.4150676704e-05,3.4302023688e+01
1.6245455795e-06,7.5915274831e-05,3.4857814150e+01
-1.3463549861e-06,7.5679147949e-05,3.5549372117e+01
-4.3273237384e-06,7.5460733779e-05,3.6162159730e+01
-7.3175699322e-06,7.5259011260e-05,3.6702635183e+01
-1.0316421997e-05,7.5073488843e-05,3.7176859955e+01
-1.3323087784e-05,7.4903041746e-05,3.7590473001e+01
-1.6336872710e-05,7.4746773589e-05,3.7948767006e+01
-1.9357211231e-05,7.4604285635e-05,3.8256688949e+01
-2.0573371773e-05,7.2672737555e-05,3.8496152546e+01
-2.2383496835e-05,7.4474568995e-05,3.8518869562e+01
-2.3622301156e-05,7.2550215531e-05,3.8763468269e+01
-2.5415119875e-05,7.4356855174e-05,3.8739618114e+01
-2.6676669461e-05,7.2440707278e-05,3.8989490831e+01
-2.9735649190e-05,7.2341689639e-05,3.9178297810e+01
-3.2798712682e-05,7.2252277188e-05,3.9333581098e+01
-3.4536917457e-05,7.4070791978e-05,3.9191838790e+01
-3.5865615341e-05,7.2174096588e-05,3.9458455597e+01
-3.7584870370e-05,7.3995842462e-05,3.9284054597e+01
-3.8935674589e-05,7.2104779984e-05,3.9556253167e+01
-4.0635764154e-05,7.3930128377e-05,3.9352112345e+01
-4.2008444831e-05,7.2043551140e-05,3.9629901179e+01
-4.3689156734e-05,7.3873085686e-05,3.9398715255e+01
-4.5083667569e-05,7.1992072606e-05,3.9681737315e+01
-4.6744645901e-05,7.3824624657e-05,3.9426284880e+01
-4.8160783417e-05,7.1948121677e-05,3.9714445943e+01
-4.9801861094e-05,7.3784081895e-05,3.9437112650e+01
-5.1239408007e-05,7.1911023412e-05,3.9730303317e+01
-5.2860407132e-05,7.3750988793e-05,3.9433271739e+01
-5.4319253505e-05,7.1882468568e-05,3.9731000930e+01
-5.7399864372e-05,7.1860365606e-05,3.9718677180e+01
-6.0480901503e-05,7.1844144859e-05,3.9695067001e+01
-6.3562036905e-05,7.1835505665e-05,3.9661341751e+01
-6.6642902010e-05,7.1832496107e-05,3.9619187214e+01
-6.9723172736e-05,7.1835288350e-05,3.9569778105e+01
-7.2802516942e-05,7.1843702445e-05,3.9514227886e+01
-7.5880604662e-05,7.1857602968e-05,3.9453542531e+01
-7.8957113799e-05,7.1876787454e-05,3.9388624659e+01
-8.0389623489e-05,7.3747001248e-05,3.8995163894e+01
-8.2031763637e-05,7.1900509605e-05,3.9320403275e+01
-8.3442599556e-05,7.3774886481e-05,3.8922809347e+01
-8.5104113905e-05,7.1930437918e-05,3.9249239979e+01
-8.6493207977e-05,7.3808069113e-05,3.8848684532e+01
-8.8173947263e-05,7.1964864376e-05,3.9176083631e+01
-8.9541196347e-05,7.3846212647e-05,3.8773387608e+01
-9.1240928696e-05,7.2004081478e-05,3.9101418603e+01
-9.2586216799e-05,7.3889286903e-05,3.8697395132e+01
-9.4302726183e-05,7.2047909426e-05,3.9025798508e+01
-9.5621274936e-05,7.3939809151e-05,3.8620761311e+01
2.6039975952e-05,7.4699316564e-05,2.4517674124e+01
-4.9183233300e-07,7.1921908233e-05,3.5329152468e+01
-9.5741414946e-06,7.1336407412e-05,3.7173811239e+01
-1.8732503164e-05,7.0881960977e-05,3.8436556084e+01
-4.6488709476e-05,7.0124240844e-05,3.9973381351e+01
-5.5789007445e-05,7.0026482797e-05,4.0035390957e+01
-7.7495168992e-05,7.0019379965e-05,3.9778732227e+01
-6.0539320506e-05,7.5566319537e-05,3.9046601748e+01
-3.3228494299e-05,7.5982613593e-05,3.8937116902e+01
-1.5163414311e-05,7.6703257868e-05,3.7734610312e+01
-6.2128151744e-06,7.7245489028e-05,3.6505907511e+01
2.6606023784e-06,7.7938237253e-05,3.4673684423e+01
2.8583363536e-05,8.1207705499e-05,2.3487609649e+01
-1.3492905796e-04,9.2802442689e-05,3.5023792451e+01
3.2721271748e-04,3.5778848078e-05,1.4747978610e+01
-2.2286388324e-04,5.9572009368e-05,3.8065671128e+01
-8.0671488824e-05,9.4943682411e-05,3.5140361319e+01
-2.7801766013e-04,4.6101626090e-05,2.8892905773e+01
4.6954397219e-05,8.0549908339e-05,2.2379623603e+01
4.7685250804e-05,8.2915756455e-05,2.2349660176e+01
4.9870591662e-05,8.1192703553e-05,2.2368087839e+01
-1.1629826703e-04,6.8759713624e-05,3.9222748229e+01
-1.8609326143e-04,2.7914626512e-05,4.5107509094e+01
-3.0954439489e-04,9.6535081831e-06,1.7039731284e+01
-3.1381612365e-04,7.7853087455e-06,1.7005788005e+01
-1.1801917874e-04,5.2496172927e-05,4.2626638147e+01
-1.1603485734e-04,5.4230004701e-05,4.2294236547e+01
-1.1473192994e-04,5.2456046953e-05,4.2712589626e+01
-1.8028688427e-04,3.6263907392e-05,4.3857748310e+01
-5.2690692426e-05,2.7306275681e-05,4.7620789802e+01
-1.0669073489e-04,9.1571125777e-05,3.5271445373e+01
-1.0383841652e-04,9.1483088008e-05,3.5314366927e+01
2.1528391998e-04,6.5431315490e-05,1.7047573783e+01
-2.0078274755e-04,2.9850894310e-05,4.3620582405e+01
-8.3316928667e-05,5.3897659362e-05,4.2952479090e+01
-8.6603557992e-05,5.3915785562e-05,4.2913265323e+01
-8.3063709704e-05,5.7410764910e-05,4.2227142858e+01
-8.9867002767e-05,5.3946001525e-05,4.2864669061e+01
2.5312628494e-04,6.0037565511e-05,1.5774855113e+01
-1.7145556224e-04,7.4014252157e-06,4.9811561021e+01
-1.7790674639e-04,5.9146243133e-06,4.9603012126e+01
2.3860230613e-04,8.5260624207e-05,1.5170049450e+01
-2.8785979012e-04,2.7156511924e-05,1.7177923411e+01
2.7257344215e-04,2.3204805751e-05,1.7381530611e+01
2.4557055798e-04,1.0509461882e-04,1.4566177880e+01
-1.8169675830e-04,7.1820392539e-05,3.7647766132e+01
2.2677469886e-04,6.4720713927e-05,1.6432764975e+01
2.5908657243e-04,3.3979226342e-05,1.7050418582e+01
1.7528776754e-04,7.2338678363e-05,1.7076970666e+01
2.7349891509e-04,8.7773302490e-06,2.0017497893e+01
-1.4364937936e-04,6.9628246064e-05,3.8545877571e+01
-2.4704178976e-04,4.5165072269e-06,3.8556606022e+01
-2.4904232720e-04,5.5085975485e-05,3.6526325692e+01
-2.9653541775e-04,2.6934456402e-05,1.7141671806e+01
2.7000589587e-04,8.8682657036e-05,1.4556445622e+01
3.3354841420e-04,8.2522980857e-05,1.2837445445e+01
3.3729802366e-04,8.3312512322e-05,1.2635787061e+01
3.3683411853e-04,7.9250935260e-05,1.2810510031e+01
3.4057154101e-04,8.0036365245e-05,1.2604840179e+01
2.4316222912e-04,6.8493393303e-05,1.5660596340e+01
-3.4175736788e-04,1.7959595395e-05,1.6996214093e+01
2.6200479598e-04,1.1190942466e-05,2.0455322376e+01
2.6141637587e-04,8.3135569116e-06,2.0959209248e+01
2.5793337859e-04,1.0986663541e-05,2.0456083009e+01
2.5733647193e-04,8.1262918746e-06,2.0905104251e+01
2.5387745220e-04,1.0765458575e-05,2.0404792323e+01
2.5338611763e-04,7.9008059793e-06,2.0879099908e+01
5.0587181990e-05,8.3589881409e-05,2.2336056608e+01
5.2805095470e-05,8.1865594474e-05,2.2358700678e+01
5.3506560378e-05,8.4295736008e-05,2.2324542143e+01
5.5759937376e-05,8.2569442526e-05,2.2351597322e+01
2.7687588599e-04,6.1062869998e-05,1.5253057291e+01
-7.5774390508e-05,1.0904478875e-04,3.3187058775e+01
-1.0098208250e-04,9.1401079454e-05,3.5361081822e+01
-9.8122105714e-05,9.1325051324e-05,3.5411684536e+01
-1.2242676381e-04,6.8917637273e-05,3.9067779142e+01
2.3231737354e-05,9.4665802977e-05,3.0611153170e+01
3.2587234662e-04,1.0465820670e-05,1.6422068666e+01
-2.3602017381e-04,5.7172535043e-05,3.7530635123e+01
5.8735485434e-05,8.3305294287e-05,2.2348402621e+01
6.1733230085e-05,8.4073913228e-05,2.2349249548e+01
6.2386639412e-05,8.6611958504e-05,2.2312052521e+01
-2.9920762573e-04,4.2062336195e-05,1.7295846361e+01
3.1315766189e-04,4.5088035667e-05,1.4883504986e+01
5.5032355630e-05,1.0090646128e-04,2.1837375813e+01
-9.5258823700e-05,9.1255036345e-05,3.5466238760e+01
-2.3325400732e-04,5.4615502480e-05,3.7816143231e+01
-1.9862088379e-04,5.1430715173e-05,4.0189166936e+01
2.4985789162e-04,1.0532119837e-05,2.0367953215e+01
2.4932556362e-04,7.7590698651e-06,2.0838462468e+01
2.4583608553e-04,1.0309726075e-05,2.0329964675e+01
2.4523907843e-04,7.6042109019e-06,2.0787363590e+01
6.7802355814e-05,8.5712100221e-05,2.2364644680e+01
7.0878218655e-05,8.6581129171e-05,2.2380275908e+01
-1.5718683761e-04,6.0733232956e-05,3.9938706539e+01
7.1487475953e-05,8.9241074471e-05,2.2343892830e+01
7.3983284417e-05,8.7486487966e-05,2.2401046661e+01
4.9550523806e-05,9.9117945329e-05,2.1922043267e+01
4.6829396578e-05,9.8284018589e-05,2.1930300573e+01
2.4181827743e-04,1.0087834820e-05,2.0305995995e+01
2.4123020234e-04,7.4280022483e-06,2.0751672106e+01
2.3781729545e-04,9.8676258812e-06,2.0277260470e+01
2.3724068735e-04,7.2526355625e-06,2.0700800204e+01
3.4013354528e-04,7.5978212503e-05,1.2776471388e+01
3.4400972372e-04,7.6682317026e-05,1.2561407751e+01
3.4345027779e-04,7.2666079813e-05,1.2735509046e+01
3.4744548878e-04,7.3381573194e-05,1.2507471130e+01
3.4676385894e-04,6.9337412137e-05,1.2686398411e+01
3.5058255536e-04,7.0121638774e-05,1.2458480479e+01
2.8127149387e-04,4.4065452660e-05,1.5812261959e+01
-1.5846989490e-04,5.7066996672e-05,4.0612384611e+01
-1.3762414643e-04,6.9398847002e-05,3.8691350312e+01
2.3383475655e-04,9.6438646989e-06,2.0257663874e+01
2.3326081407e-04,7.0797846934e-06,2.0656280740e+01
2.2985832679e-04,9.4263934482e-06,2.0228521948e+01
2.2933839490e-04,6.8798228702e-06,2.0606584158e+01
2.2589610014e-04,9.2091358640e-06,2.0217772577e+01
2.2546021102e-04,6.6804481714e-06,2.0566405039e+01
1.2196339807e-05,9.2913536295e-05,3.3931317006e+01
1.9275969499e-04,6.6838317497e-05,1.7066243138e+01
-1.9592521157e-04,6.2953961421e-05,3.8603206262e+01
2.2144967423e-04,6.5601369867e-06,2.0522704938e+01
2.1798133534e-04,8.8002926316e-06,2.0195681583e+01
2.1739209463e-04,6.4399075459e-06,2.0486484478e+01
2.0394322469e-04,6.6138850579e-05,1.7039119764e+01
6.6181528463e-06,9.2204102405e-05,3.5102516343e+01
2.1400636583e-04,8.6118073774e-06,2.0202074538e+01
2.1004298207e-04,8.4265217434e-06,2.0217556931e+01
2.0945175130e-04,6.1529571643e-06,2.0475531705e+01
-3.0320765783e-04,7.1808411824e-06,1.7112488847e+01
3.4239188385e-04,1.1118824756e-05,1.5028633792e+01
2.7130100660e-04,5.2952268207e-05,1.5676647260e+01
2.0608786064e-04,8.2430146713e-06,2.0248886838e+01
2.0213273445e-04,8.0673111796e-06,2.0297802672e+01
1.9818553368e-04,7.8940073293e-06,2.0360858604e+01
-2.6251065957e-04,7.1013989086e-05,3.7359972534e+01
-2.6490594560e-04,6.9388321993e-05,3.7242631173e+01
1.0044222857e-06,9.1590396704e-05,3.5993038585e+01
3.5002097034e-04,6.5993659258e-05,1.2630821950e+01
-1.8615389554e-04,6.8162809437e-05,3.8090824490e+01
-9.2391029688e-05,9.1191654788e-05,3.5524723280e+01
1.9424639759e-04,7.7264228992e-06,2.0449280025e+01
1.9369657635e-04,5.6176071544e-06,2.0632045514e+01
1.9028522961e-04,7.5763796321e-06,2.0547642846e+01
-2.1208125895e-04,6.0405381418e-05,3.8413698273e+01
-2.1487341215e-04,6.0705544125e-05,3.8278670301e+01
2.3366670251e-04,1.0212450427e-04,1.4825502024e+01
2.2968985180e-04,1.0109933885e-04,1.4917747791e+01
-2.2658872222e-04,7.0949977851e-05,3.7148085369e+01
1.8631219469e-04,7.4340170460e-06,2.0664960462e+01
1.8566500381e-04,5.4272819510e-06,2.0824910778e+01
1.8234313649e-04,7.2995106581e-06,2.0795860496e+01
1.8169110287e-04,5.3306032471e-06,2.0928925622e+01
2.7931240280e-04,1.7658991904e-05,1.7603372873e+01
1.7838301955e-04,7.1672612029e-06,2.0941887875e+01
1.7772057080e-04,5.2394817525e-06,2.1065121636e+01
1.7441979259e-04,7.0452941754e-06,2.1095887418e+01
1.7379851801e-04,5.1313242126e-06,2.1170150952e+01
1.7046324932e-04,6.9288160909e-06,2.1254875258e+01
1.6991432005e-04,5.0293080475e-06,2.1310269909e+01
-2.2328965504e-04,2.6985575322e-05,4.1503000355e+01
-3.0775939574e-04,4.0883048713e-05,1.7284231004e+01
-1.0315211518e-05,9.0611179023e-05,3.7081489584e+01
-1.7405469298e-04,3.1073903901e-05,4.5228942273e+01
1.6651502996e-04,6.8208535343e-06,2.1414542610e+01
1.6590307670e-04,4.9864817073e-06,2.1433223533e+01
1.6254632167e-04,6.7312161883e-06,2.1570020332e+01
1.6184975018e-04,4.9453346024e-06,2.1555234794e+01
1.5856833456e-04,6.6516575655e-06,2.1721557728e+01
1.5785917020e-04,4.8982847307e-06,2.1681095677e+01
1.5459779856e-04,6.5813201474e-06,2.1865376985e+01
1.5388672085e-04,4.8519472873e-06,2.1794084813e+01
2.8691417535e-04,7.3748341805e-05,1.4644413516e+01
2.9089409133e-04,7.4483936049e-05,1.4533125706e+01
-1.6014180522e-05,9.0228658061e-05,3.7353833759e+01
-1.4617807355e-04,8.7406799375e-05,3.5715706982e+01
-1.4426395294e-04,8.9307586647e-05,3.5473067070e+01
-1.4336178719e-04,8.7236770844e-05,3.5737868127e+01
-1.4145980181e-04,8.9137736541e-05,3.5490327385e+01
2.9148386449e-04,7.8275029589e-05,1.4405769444e+01
1.4991982372e-04,4.8132117784e-06,2.1910581935e+01
1.4668774653e-04,6.4599895393e-06,2.2104903354e+01
1.4600519087e-04,4.7595245402e-06,2.1988651203e+01
1.4213125534e-04,4.7123208005e-06,2.2060636694e+01
3.7419722437e-04,1.6334701614e-05,1.0052491348e+01
3.7751582258e-04,1.2411577198e-05,8.7249920731e+00
1.7804671851e-04,1.1097865897e-04,1.7060535443e+01
3.7373577076e-04,1.2203340315e-05,9.1513059053e+00
1.3882212284e-04,6.3670533190e-06,2.2285022667e+01
1.3814267874e-04,4.7172317708e-06,2.2095839044e+01
1.3488537636e-04,6.3394257767e-06,2.2350401262e+01
1.3411748587e-04,4.7248641711e-06,2.2135417795e+01
-2.1734939844e-05,8.9907681428e-05,3.7491209750e+01
2.9503467243e-04,5.3350711528e-05,1.5106242420e+01
1.3015558451e-04,4.7284680615e-06,2.2226362613e+01
1.2702252588e-04,6.3059068806e-06,2.2400790884e+01
1.2622225880e-04,4.7256287111e-06,2.2316747391e+01
1.2229476963e-04,4.7264616816e-06,2.2277878759e+01
1.1837484719e-04,4.7272926057e-06,2.2338384830e+01
-2.7474498246e-05,8.9641898023e-05,3.7523919563e+01
1.1531939870e-04,6.2936773648e-06,2.2582661707e+01
1.1446037636e-04,4.7270427113e-06,2.2475701068e+01
1.1055081357e-04,4.7263133866e-06,2.2593969831e+01
2.1513339904e-04,4.6364697056e-05,1.7088094215e+01
1.0755941872e-04,6.2942267240e-06,2.2716155987e+01
1.0664562015e-04,4.7243661148e-06,2.2758402982e+01
1.0368776775e-04,6.2921967329e-06,2.2879022753e+01
1.0274345204e-04,4.7218211910e-06,2.2985001823e+01
-3.3230055918e-05,8.9425728132e-05,3.7477999273e+01
9.8843743898e-05,4.7180471054e-06,2.3275553836e+01
9.5955174624e-05,6.2835519661e-06,2.3374899791e+01
9.4945178100e-05,4.7136504256e-06,2.3633613192e+01
9.1047250171e-05,4.7080564842e-06,2.4069821006e+01
8.7148867897e-05,4.7019278970e-06,2.4586738606e+01
2.6482830594e-04,1.0594354227e-04,1.4193331000e+01
2.6877677764e-04,1.0683404486e-04,1.4082880672e+01
-3.8998953589e-05,8.9254291561e-05,3.7375220954e+01
8.4363020523e-05,6.2600076052e-06,2.4752556219e+01
8.3249768455e-05,4.6947595539e-06,2.5181130208e+01
7.9348289277e-05,4.6889970997e-06,2.5848542248e+01
7.5446022309e-05,4.6809659652e-06,2.6583867627e+01
7.2757595221e-05,6.2276350530e-06,2.6831105679e+01
7.1541894430e-05,4.6721641512e-06,2.7381067461e+01
6.7635772747e-05,4.6628577728e-06,2.8233730231e+01
6.3727339465e-05,4.6532295636e-06,2.9135232768e+01
-4.4778630233e-05,8.9123363382e-05,3.7233401655e+01
6.1128223798e-05,6.1893325123e-06,2.9445491060e+01
5.9816546697e-05,4.6433452043e-06,3.0078777667e+01
5.5903347414e-05,4.6332702058e-06,3.1057466129e+01
5.3358916598e-05,6.1623468510e-06,3.1394813779e+01
5.1987510527e-05,4.6231194135e-06,3.2064404664e+01
5.1608060236e-05,1.2525838721e-04,3.0644440432e+01
4.9470658288e-05,6.1483600509e-06,3.2410102409e+01
4.8107533348e-05,4.5915176142e-06,3.3087000803e+01
4.4257883831e-05,4.5635870749e-06,3.4114209894e+01
-5.0566614442e-05,8.9029308993e-05,3.7066849488e+01
4.1702560792e-05,6.1135256812e-06,3.4484035134e+01
4.0311302977e-05,4.5710668729e-06,3.5167143878e+01
3.6318500407e-05,4.5778498418e-06,3.6233183987e+01
3.2378144562e-05,4.5711617925e-06,3.7281848435e+01
2.9981047331e-05,6.0798026580e-06,3.7620139044e+01
2.8445563947e-05,4.5622332263e-06,3.8316966643e+01
-5.6360494036e-05,8.8969031138e-05,3.6886850519e+01
2.4513648955e-05,4.5525539947e-06,3.9334409716e+01
2.0580580982e-05,4.5435700579e-06,4.0329188380e+01
1.8252944583e-05,6.0420369250e-06,4.0625389551e+01
1.6645673014e-05,4.5345463390e-06,4.1296942337e+01
1.2709057448e-05,4.5259541361e-06,4.2233402367e+01
-6.2157896311e-05,8.8939920251e-05,3.6702137073e+01
1.0423233700e-05,6.0188115287e-06,4.2490381317e+01
8.7709405837e-06,4.5175452937e-06,4.3135012910e+01
4.8313785528e-06,4.5096417750e-06,4.3998708763e+01
8.9055785235e-07,4.5019618437e-06,4.4822126464e+01
-1.3354923040e-06,5.9876628094e-06,4.5008902514e+01
-3.0514609263e-06,4.4948121780e-06,4.5603358485e+01
-6.9945036018e-06,4.4879022938e-06,4.6341147577e+01
-1.0938507896e-05,4.4815298164e-06,4.7034635941e+01
-1.4883462522e-05,4.4747266522e-06,4.7683664826e+01
-1.8828911962e-05,4.4695857778e-06,4.8287880808e+01
-2.0960894498e-05,5.9463918667e-06,4.8347176943e+01
-2.2775040894e-05,4.4644700429e-06,4.8848053728e+01
-2.6721885832e-05,4.4595315816e-06,4.9364887324e+01
-3.0669083229e-05,4.4549977854e-06,4.9839328308e+01
-3.2746718065e-05,5.9279079153e-06,4.9826063549e+01
-3.4616465066e-05,4.4497267558e-06,5.0272776775e+01
-3.8564103657e-05,4.4465912299e-06,5.0666159989e+01
-4.2512044011e-05,4.4432403411e-06,5.1021428604e+01
-4.6460367828e-05,4.4399082265e-06,5.1340144987e+01
-5.0408409684e-05,4.4370060330e-06,5.1623904518e+01
-5.2398125701e-05,5.9058883280e-06,5.1507367805e+01
-5.4356785473e-05,4.4341982351e-06,5.1874515544e+01
-5.8304812322e-05,4.4318264380e-06,5.2093626232e+01
-1.3571038345e-04,7.6984806061e-05,3.7352122537e+01
2.3763805225e-04,1.0313220321e-04,1.4738039029e+01
-6.2253093835e-05,4.4295163587e-06,5.2283042872e+01
-6.4188035893e-05,5.8973731637e-06,5.2116812106e+01
-6.6200927625e-05,4.4276233180e-06,5.2444370743e+01
-7.0148908458e-05,4.4257415032e-06,5.2579348611e+01
-7.2049149363e-05,5.8928766634e-06,5.2385252003e+01
-7.4096615383e-05,4.4242360257e-06,5.2689463096e+01
-6.9657158360e-05,7.5558780776e-05,3.8879980993e+01
-7.8044070814e-05,4.4227874569e-06,5.2776350141e+01
-8.1991251766e-05,4.4216703036e-06,5.2841304268e+01
-8.3837129707e-05,5.8885844680e-06,5.2612361967e+01
-8.5938159626e-05,4.4205786704e-06,5.2885850369e+01
-8.9884745176e-05,4.4197954628e-06,5.2911096195e+01
-9.3831012997e-05,4.4190186201e-06,5.2918381557e+01
-7.5732236454e-05,7.5583820565e-05,3.8745039783e+01
-1.0839714947e-04,8.9646048195e-05,3.5553181026e+01
-3.1346479946e-04,2.3529697055e-05,1.7118387816e+01
-1.0265731337e-04,8.9473751134e-05,3.5648993532e+01
1.4540273316e-04,1.0964731672e-04,1.7075760763e+01
-3.4721950236e-04,8.5674017551e-06,1.7663108321e+01
-3.4349118221e-04,8.1157077625e-06,1.8041072754e+01
-3.3826472573e-04,1.0487510309e-05,1.7075865632e+01
-3.3981616393e-04,7.6818489584e-06,1.8018409457e+01
-3.3472723960e-04,9.9691006004e-06,1.7029187797e+01
-3.3617749107e-04,7.2805086084e-06,1.7825581967e+01
-9.6901278685e-05,8.9324852219e-05,3.5759231130e+01
7.8258115561e-05,1.1283914607e-04,2.1845841072e+01
4.6545720018e-05,1.0710352195e-04,2.1650037400e+01
-1.0594382892e-04,7.6027465954e-05,3.7996913666e+01
-1.0293636133e-04,7.5960458472e-05,3.8070023425e+01
-1.0894612559e-04,7.6099653698e-05,3.7925116034e+01
1.4719296471e-04,1.3153503079e-04,1.7122477887e+01
1.4700920577e-04,1.2787955519e-04,1.7111469540e+01
1.8111841699e-04,6.4281475241e-05,1.7068149621e+01
1.7789312670e-04,6.6663443454e-05,1.7070289783e+01
1.7729254197e-04,6.3486633316e-05,1.7045828700e+01
1.7407962512e-04,6.5834725229e-05,1.7060886500e+01
1.7349094390e-04,6.2715636362e-05,1.7031914409e+01
1.7029256123e-04,6.5032114742e-05,1.7014195327e+01
1.6970573559e-04,6.1952616966e-05,1.7093980255e+01
1.6652477726e-04,6.4247230577e-05,1.7088964051e+01
1.6710495543e-04,6.7346185357e-05,1.7021926346e+01
1.6335657858e-04,6.6532527700e-05,1.7093196537e+01
1.6275529724e-04,6.3455705518e-05,1.7399104482e+01
1.5960494903e-04,6.5716071003e-05,1.7413211242e+01
1.5898130622e-04,6.2663564259e-05,1.7751476465e+01
1.5584749479e-04,6.4897497330e-05,1.7816054415e+01
1.5520331652e-04,6.1871112887e-05,1.8176950222e+01
1.5208445920e-04,6.4079365799e-05,1.8289123227e+01
1.5142008004e-04,6.1081163034e-05,1.8668655597e+01
1.4831415915e-04,6.3263751113e-05,1.8834853865e+01
1.4763145567e-04,6.0296617732e-05,1.9219538627e+01
1.5075789615e-04,5.8129261345e-05,1.9025337450e+01
1.4453701538e-04,6.2454319753e-05,1.9441084666e+01
1.4383717671e-04,5.9518596927e-05,1.9834723672e+01
1.4075265593e-04,6.1652990146e-05,2.0112233897e+01
1.4003525842e-04,5.8751683609e-05,2.0506574386e+01
1.3695984513e-04,6.0861336089e-05,2.0841353955e+01
1.3622632803e-04,5.7995019471e-05,2.1236999486e+01
1.3315888784e-04,6.0081435382e-05,2.1616256054e+01
1.3240989175e-04,5.7250936289e-05,2.1997666684e+01
1.2934931053e-04,5.9315216657e-05,2.2505375240e+01
1.2858505937e-04,5.6521231041e-05,2.2822638292e+01
1.2553225724e-04,5.8563670809e-05,2.3024402708e+01
1.2174215760e-04,5.7832173168e-05,2.2900380103e+01
1.2097982520e-04,5.5114682078e-05,2.2917838248e+01
1.2401526354e-04,5.3098417187e-05,2.2903104016e+01
1.1799010170e-04,5.7121332788e-05,2.2896634376e+01
1.1723215501e-04,5.4441080248e-05,2.2890460493e+01
1.1427469264e-04,5.6431680577e-05,2.2878155796e+01
1.1351923175e-04,5.3789697591e-05,2.2872980898e+01
1.0984118410e-04,5.3158479347e-05,2.2852504788e+01
1.0694874122e-04,5.5116302586e-05,2.2835677454e+01
1.0619721380e-04,5.2548183227e-05,2.2831801394e+01
1.0333683915e-04,5.4490990040e-05,2.2814148100e+01
1.0258637102e-04,5.1958988228e-05,2.2810879315e+01
9.9758513354e-05,5.3886880554e-05,2.2792553287e+01
9.9008010757e-05,5.1390943892e-05,2.2790096755e+01
9.6212874415e-05,5.3304928066e-05,2.2771171754e+01
9.5461384684e-05,5.0844217813e-05,2.2769244137e+01
9.1945868943e-05,5.0318001461e-05,2.2748961139e+01
9.8273095768e-05,4.8936013123e-05,2.2786967759e+01
8.9214745123e-05,5.2205920638e-05,2.2729985597e+01
8.8459909943e-05,4.9814538297e-05,2.2729279918e+01
8.5760905667e-05,5.1689173742e-05,2.2710427938e+01
8.2335484191e-05,5.1194212519e-05,2.2691890525e+01
8.1575682794e-05,4.8869536092e-05,2.2692517560e+01
8.7719993180e-05,4.7462808528e-05,2.2728110948e+01
7.8939292874e-05,5.0720516514e-05,2.2674433625e+01
7.8175134463e-05,4.8429779707e-05,2.2675917834e+01
7.5569869082e-05,5.0268663894e-05,2.2658259123e+01
7.4801569551e-05,4.8010610155e-05,2.2660496498e+01
7.1454187250e-05,4.7611661528e-05,2.2646497879e+01
7.7425408925e-05,4.6177524983e-05,2.2677541556e+01
6.8909123043e-05,4.9428947828e-05,2.2630203652e+01
6.5616139806e-05,4.9041000045e-05,2.2618341068e+01
6.2346166898e-05,4.8674160620e-05,2.2607951483e+01
6.7368271680e-05,4.5078521406e-05,2.2639301230e+01
5.9100177856e-05,4.8327705832e-05,2.2598713053e+01
5.8306173953e-05,4.6226276775e-05,2.2604041215e+01
5.5875552669e-05,4.8002131276e-05,2.2590070299e+01
5.5075488223e-05,4.5930683402e-05,2.2596677889e+01
5.2671199260e-05,4.7697048035e-05,2.2582822606e+01
5.1865716214e-05,4.5654233402e-05,2.2586508436e+01
4.9488178994e-05,4.7411625691e-05,2.2567320061e+01
4.8675574083e-05,4.5398440189e-05,2.2599327078e+01
4.5504605713e-05,4.5161405604e-05,2.2502536567e+01
4.2352308338e-05,4.4942566774e-05,2.2876884986e+01
3.9199155798e-05,4.4738441339e-05,2.4307096423e+01
3.6021180684e-05,4.4540510553e-05,2.5539171843e+01
3.8333094985e-05,4.2829493886e-05,2.5258694448e+01
3.2820102862e-05,4.4349039068e-05,2.6869757812e+01
3.0565953098e-05,4.6052239932e-05,2.7234951754e+01
2.7358946676e-05,4.5861421535e-05,2.8547802986e+01
2.6353457546e-05,4.3990082150e-05,2.9431940654e+01
2.4131461409e-05,4.5679032485e-05,2.9829206138e+01
2.0883915204e-05,4.5505287861e-05,3.1068632918e+01
1.7620172963e-05,4.5340124065e-05,3.2258167533e+01
1.4339161065e-05,4.5183745440e-05,3.3393523275e+01
1.3198556752e-05,4.3365532713e-05,3.4117857386e+01
1.1041621471e-05,4.5036181765e-05,3.4471043242e+01
9.8705402730e-06,4.3229056126e-05,3.5160318324e+01
1.5390690909e-05,4.1698370566e-05,3.3765266721e+01
7.7315533342e-06,4.4897051339e-05,3.5487549695e+01
6.5290786066e-06,4.3101552766e-05,3.6144435843e+01
4.4075747396e-06,4.4766694613e-05,3.6442501192e+01
3.1751951336e-06,4.2981649802e-05,3.7069246643e+01
1.0713489249e-06,4.4644729615e-05,3.7335425440e+01
-1.9018705477e-07,4.2869036303e-05,3.7934437084e+01
-3.5660277600e-06,4.2764957144e-05,3.8740120852e+01
-6.9514918222e-06,4.2668018346e-05,3.9487466119e+01
-1.0345723026e-05,4.2578291259e-05,4.0177837552e+01
-1.2376161205e-05,4.4237088200e-05,4.0303913800e+01
-1.3747900057e-05,4.2495561801e-05,4.0812989071e+01
-1.7157357497e-05,4.2419165556e-05,4.1395054365e+01
-2.0573321978e-05,4.2350156486e-05,4.1926044350e+01
-2.3994811894e-05,4.2287029569e-05,4.2408495730e+01
-2.7421539441e-05,4.2229867908e-05,4.2844866401e+01
-3.0852843403e-05,4.2178413513e-05,4.3237636565e+01
-3.2765240835e-05,4.3838349212e-05,4.3164236793e+01
-3.4288136373e-05,4.2132431251e-05,4.3589328181e+01
-3.7726862258e-05,4.2091634350e-05,4.3902413624e+01
-4.1168518959e-05,4.2055794929e-05,4.4179356656e+01
-4.4612616337e-05,4.2024639473e-05,4.4422525824e+01
-4.6441760834e-05,4.3688312917e-05,4.4242341501e+01
-4.9866523793e-05,4.3662820316e-05,4.4431163152e+01
-5.1506340275e-05,4.1974811313e-05,4.4816849194e+01
-4.9692853890e-05,4.0318919509e-05,4.5026837492e+01
-5.3167993103e-05,4.0298979867e-05,4.5203067091e+01
-5.4954169863e-05,4.1956131192e-05,4.4972234697e+01
-5.8403727048e-05,4.1941469120e-05,4.5102548387e+01
-6.0112071364e-05,4.0270541828e-05,4.5477435795e+01
-6.1855079410e-05,4.1930726311e-05,4.5209683842e+01
-6.3584481665e-05,4.0261528685e-05,4.5579645263e+01
-6.7056363313e-05,4.0255646509e-05,4.5660944049e+01
-6.8753514524e-05,4.1918638923e-05,4.5361666823e+01
-7.0527860127e-05,4.0252801779e-05,4.5722979653e+01
-7.2203895678e-05,4.1917754983e-05,4.5409762387e+01
-7.5650869157e-05,4.1919265865e-05,4.5441409431e+01
-7.7468358381e-05,4.0255629699e-05,4.5795390478e+01
-7.9097475480e-05,4.1923929427e-05,4.5457870139e+01
-8.0936561305e-05,4.0261123889e-05,4.5808553645e+01
-8.4403419946e-05,4.0268812109e-05,4.5808137837e+01
-8.5986275084e-05,4.1941351336e-05,4.5450449040e+01
-8.9427250452e-05,4.1953910548e-05,4.5428871529e+01
-9.1330094813e-05,4.0292361962e-05,4.5770708152e+01
-9.2867360580e-05,4.1969284503e-05,4.5396668506e+01
-9.4790124348e-05,4.0307525125e-05,4.5735853533e+01
-8.9761496129e-05,3.8625942166e-05,4.6137703187e+01
-9.8247263879e-05,4.0324161604e-05,4.5691608515e+01
3.4578088993e-04,3.0034396553e-05,1.3905581532e+01
-9.7776907622e-05,4.4185332085e-06,5.2908634399e+01
-1.0172244276e-04,4.4180390011e-06,5.2882996708e+01
-1.0347557597e-04,5.8858339018e-06,5.2611929884e+01
1.1021389921e-04,1.2848932825e-04,1.7001329547e+01
3.4302159046e-04,3.7383507101e-05,1.3898104383e+01
3.3968543670e-04,4.0832558074e-05,1.3982712892e+01
8.4764755604e-05,1.2199090549e-04,2.2071265659e+01
4.1372675072e-05,1.0538822494e-04,2.5547261457e+01
3.8762699765e-05,1.0460759872e-04,2.6778117802e+01
3.0199359816e-04,2.9378178039e-05,1.5873715991e+01
4.0379065030e-05,7.7073587567e-05,2.2432183240e+01
-1.0566755745e-04,4.4178227421e-06,5.2842207817e+01
-1.0961227404e-04,4.4175858721e-06,5.2787209287e+01
3.5026058313e-04,1.1524758211e-05,1.3588896799e+01
1.3075007347e-04,1.0085394150e-04,1.7009249005e+01
3.0358417717e-04,1.9054487144e-05,1.6556733337e+01
-2.4647694432e-04,5.4593004465e-05,3.6747891009e+01
-2.6750949022e-04,2.9955525872e-05,2.9018095728e+01
-5.4843585256e-05,3.8633155136e-05,4.5589137026e+01
-3.5822662362e-05,4.0438053493e-05,4.4015092691e+01
-2.5861857127e-04,3.0919152763e-05,3.2929314267e+01
-2.2008694961e-05,4.0635371813e-05,4.2401162652e+01
-1.1355652510e-04,4.4176171753e-06,5.2718541545e+01
-1.1525234148e-04,5.8863804982e-06,5.2429928502e+01
-1.1750034101e-04,4.4176187101e-06,5.2636953437e+01
-2.5270466235e-04,2.8403353280e-05,3.4921273994e+01
-8.6777957986e-05,7.0096614207e-05,3.9578672740e+01
-4.8681238918e-06,4.1014434703e-05,3.9309528852e+01
-2.2719764141e-04,4.7726949168e-05,3.8756101678e+01
-2.1136629599e-04,1.5210274975e-05,4.4880199093e+01
-6.6447305331e-05,9.4836529663e-05,3.5554762559e+01
-6.0763611808e-05,9.4842801216e-05,3.5751553580e+01
2.2036420529e-05,4.1985811925e-05,3.1490168220e+01
-5.5082789953e-05,9.4879595845e-05,3.5962431031e+01
-4.9407089426e-05,9.4949074031e-05,3.6182905764e+01
2.8614240952e-05,4.2302554686e-05,2.9056795924e+01
-4.3738754839e-05,9.5053834994e-05,3.6406542177e+01
-3.8080034106e-05,9.5196962917e-05,3.6624500404e+01
-3.2433188648e-05,9.5382079580e-05,3.6825017965e+01
-3.7075328619e-04,1.6562108476e-05,1.1214612025e+01
-2.6800507635e-05,9.5613402970e-05,3.6992844541e+01
-2.1184351561e-05,9.5895812206e-05,3.7108683271e+01
7.7119659514e-05,8.8427701169e-05,2.2427714441e+01
7.9691822494e-05,8.6645280947e-05,2.2483590153e+01
8.0289842980e-05,8.9404499931e-05,2.2459779146e+01
8.2906564311e-05,8.7611935701e-05,2.2518337029e+01
8.3495727845e-05,9.0417109032e-05,2.2496986239e+01
8.6157996854e-05,8.8612022865e-05,2.2556029956e+01
8.6739067038e-05,9.1464938735e-05,2.2538396419e+01
8.9446214259e-05,8.9648666151e-05,2.2598245790e+01
9.0020914389e-05,9.2548854625e-05,2.2583464643e+01
9.2780347739e-05,9.0721587295e-05,2.2641837525e+01
-1.5587102996e-05,9.6234902971e-05,3.7148754245e+01
-1.0011252123e-05,9.6637063127e-05,3.7084759988e+01
1.0654757055e-06,9.7660254567e-05,3.6515279884e+01
6.5607031581e-06,9.8298233719e-05,3.5944888084e+01
-1.2144364687e-04,4.4178813343e-06,5.2542777682e+01
-1.2538645585e-04,4.4182197578e-06,5.2436542527e+01
1.2023388650e-05,9.9033244563e-05,3.5146698079e+01
-1.6134800089e-04,2.7639138899e-05,4.6573976112e+01
-1.5063102720e-04,2.7551016486e-05,4.7064712321e+01
1.0546223018e-04,5.0022435012e-05,2.2827639174e+01
-1.0167801044e-04,7.4049045847e-05,3.8469332514e+01
1.1278115782e-04,5.1191634692e-05,2.2867198469e+01
2.0068018095e-04,4.9981889143e-05,1.7055995808e+01
2.0003713034e-04,4.6997371751e-05,1.7182199025e+01
2.0330927186e-04,4.4630087371e-05,1.7228318952e+01
1.9938392112e-04,4.4039526045e-05,1.7307044051e+01
1.9612539201e-04,4.6384362403e-05,1.7242673588e+01
1.9546686514e-04,4.3446076557e-05,1.7394385419e+01
1.9222088391e-04,4.5770463303e-05,1.7348424046e+01
1.9155765389e-04,4.2852371009e-05,1.7507547370e+01
1.8832363161e-04,4.5156144674e-05,1.7469159668e+01
1.8765497491e-04,4.2259182654e-05,1.7651585205e+01
1.8443232785e-04,4.4542172091e-05,1.7623874135e+01
1.8375818830e-04,4.1668113368e-05,1.7819374565e+01
1.8054470294e-04,4.3933159547e-05,1.7808606778e+01
1.7986676204e-04,4.1080972877e-05,1.8013621937e+01
1.7666460655e-04,4.3322219279e-05,1.8026440880e+01
1.7597979044e-04,4.0498768046e-05,1.8246707281e+01
1.7278705174e-04,4.2718451900e-05,1.8284513101e+01
1.7209579946e-04,3.9922715793e-05,1.8519949697e+01
1.6891006733e-04,4.2124197742e-05,1.8584410301e+01
1.6821333753e-04,3.9354081730e-05,1.8832463881e+01
1.6503686492e-04,4.1531719662e-05,1.8924384142e+01
1.6433156378e-04,3.8793658378e-05,1.9183823050e+01
1.6116256849e-04,4.0949715528e-05,1.9306445037e+01
1.6044943857e-04,3.8242515900e-05,1.9573555002e+01
6.2224075855e-05,1.1342641668e-04,2.1103859820e+01
1.5728721399e-04,4.0377509804e-05,1.9730140482e+01
1.5656608630e-04,3.7701694961e-05,2.0003331173e+01
1.5341003430e-04,3.9815908850e-05,2.0196082105e+01
1.5268075760e-04,3.7172129997e-05,2.0472620736e+01
1.3167047443e-04,5.4467297573e-05,2.2393849675e+01
1.4953035128e-04,3.9265867622e-05,2.0703188814e+01
1.4879283389e-04,3.6654721355e-05,2.0981161069e+01
1.4564756084e-04,3.8728361491e-05,2.1249386826e+01
1.4490183266e-04,3.6150367526e-05,2.1529502528e+01
1.4100735206e-04,3.5660013199e-05,2.2104509265e+01
1.3787092979e-04,3.7695143243e-05,2.2471464822e+01
1.3710920156e-04,3.5184244759e-05,2.2754688647e+01
1.3397625475e-04,3.7200418204e-05,2.2993411185e+01
1.3321034907e-04,3.4723657943e-05,2.2979723489e+01
1.4158023230e-04,8.2297118227e-05,1.7303265674e+01
1.3009890413e-04,3.6722124861e-05,2.2912190580e+01
1.2934058584e-04,3.4280552821e-05,2.2922163647e+01
1.2625450868e-04,3.6261280848e-05,2.2919093940e+01
1.2550171271e-04,3.3854651221e-05,2.2906423378e+01
1.2244113961e-04,3.5818246399e-05,2.2900028228e+01
1.2169310826e-04,3.3446576656e-05,2.2894415409e+01
1.1865833653e-04,3.5393308049e-05,2.2884432705e+01
1.1791432664e-04,3.3056793278e-05,2.2879061964e+01
1.1490569453e-04,3.4986835835e-05,2.2868292418e+01
1.1118273888e-04,3.4599163839e-05,2.2852471791e+01
1.3932471382e-04,5.5897729043e-05,2.0879895293e+01
1.0748906326e-04,3.4230593804e-05,2.2835775412e+01
1.0382417272e-04,3.3881333532e-05,2.2819703001e+01
1.0308874477e-04,3.1687179369e-05,2.2816187022e+01
1.0018762943e-04,3.3551516393e-05,2.2802609708e+01
9.9452421391e-05,3.1392946014e-05,2.2800216932e+01
9.6578901732e-05,3.3241149412e-05,2.2786306947e+01
9.5843142888e-05,3.1117924435e-05,2.2784322880e+01
9.2996137837e-05,3.2952658167e-05,2.2770613875e+01
9.2260347035e-05,3.0861932777e-05,2.2769350872e+01
-1.2932874843e-04,4.4186343571e-06,5.2318449496e+01
-1.3327109618e-04,4.4167203619e-06,5.2189107909e+01
-1.3486730915e-04,5.8900395574e-06,5.1879954695e+01
-1.3721182359e-04,4.4192130718e-06,5.2047539986e+01
8.9442560531e-05,3.2678870821e-05,2.2754123151e+01
8.8703526610e-05,3.0624503141e-05,2.2755606575e+01
8.5172101043e-05,3.0405217804e-05,2.2743001528e+01
8.1665359303e-05,3.0203667964e-05,2.2732748662e+01
7.8182689881e-05,3.0019094935e-05,2.2724375104e+01
7.5479336925e-05,3.1776716058e-05,2.2706361101e+01
7.2047761352e-05,3.1597279186e-05,2.2701508710e+01
6.8641112342e-05,3.1429867622e-05,2.2689448084e+01
6.5255532576e-05,3.1279515314e-05,2.2715270909e+01
6.1889776074e-05,3.1146367100e-05,2.2610397442e+01
5.8546641628e-05,3.1023104107e-05,2.3027266836e+01
5.5196593228e-05,3.0906584849e-05,2.4142618374e+01
5.4332529299e-05,2.9113989127e-05,2.4934267253e+01
5.1825877837e-05,3.0793838656e-05,2.5058924287e+01
4.8438554403e-05,3.0678729527e-05,2.6099174980e+01
4.5032770574e-05,3.0567139401e-05,2.7152473963e+01
4.4041894559e-05,2.8806679225e-05,2.8010969645e+01
4.1609900933e-05,3.0458034900e-05,2.8239381294e+01
4.0579471932e-05,2.8707817773e-05,2.9090318362e+01
3.8170783958e-05,3.0351507871e-05,2.9341986293e+01
3.7102079098e-05,2.8611237940e-05,3.0183986951e+01
3.4716188640e-05,3.0247790648e-05,3.0453413091e+01
3.0105159018e-05,2.8425970267e-05,3.2378329004e+01
2.7762805567e-05,3.0052015164e-05,3.2666461815e+01
2.6586999392e-05,2.8337850319e-05,3.3462919994e+01
2.4266919304e-05,2.9956461834e-05,3.3752645052e+01
2.3056674823e-05,2.8252930301e-05,3.4529294035e+01
1.9514879118e-05,2.8171411611e-05,3.5570927935e+01
1.5962263062e-05,2.8093599485e-05,3.6582141954e+01
1.2399558151e-05,2.8019486911e-05,3.7558157233e+01
1.0163669374e-05,2.9620334056e-05,3.7806206846e+01
8.8274474453e-06,2.7949156692e-05,3.8494983930e+01
5.2465762484e-06,2.7882752109e-05,3.9389495165e+01
1.6576034992e-06,2.7820284872e-05,4.0239347987e+01
-1.9388326379e-06,2.7761745177e-05,4.1042893045e+01
-4.0925266964e-06,2.9351667926e-05,4.1198173153e+01
-5.5421162238e-06,2.7707103927e-05,4.1799161980e+01
-7.6753407751e-06,2.9295123999e-05,4.1927171446e+01
-9.1516535538e-06,2.7656308929e-05,4.2507719683e+01
-1.2766874267e-05,2.7609288600e-05,4.3168667581e+01
-1.6387231842e-05,2.7565952987e-05,4.3782492684e+01
-1.8458947016e-05,2.9149881331e-05,4.3825805636e+01
-2.0012204344e-05,2.7526197969e-05,4.4350077228e+01
-2.3641294470e-05,2.7489907302e-05,4.4872563567e+01
-2.7274029425e-05,2.7456955875e-05,4.5351352559e+01
-3.0909969491e-05,2.7427290463e-05,4.5788009980e+01
-3.2899037561e-05,2.9009056036e-05,4.5722368651e+01
-3.4548669761e-05,2.7400613397e-05,4.6184283744e+01
-3.8189734798e-05,2.7376825338e-05,4.6541967072e+01
1.5835486160e-04,5.9654751237e-05,1.8082548986e+01
1.6904489896e-04,1.3322701446e-04,1.6974747781e+01
1.7296158239e-04,1.3470208925e-04,1.6270934555e+01
5.8060640627e-05,8.0832224890e-05,2.2379273056e+01
1.0008553497e-04,1.5082297989e-04,1.9205905916e+01
1.3651722892e-04,1.2689060392e-04,1.7154527121e+01
6.4109786838e-05,8.2328839681e-05,2.2385128524e+01
1.9210906020e-04,6.3502419478e-05,1.7075556048e+01
1.0300455083e-04,9.4136633814e-05,2.2772685384e+01
1.0649851899e-04,9.5338860103e-05,2.2825857344e+01
-1.4115229525e-04,4.4204034408e-06,5.1894565101e+01
-1.4509226370e-04,4.4212628263e-06,5.1729987666e+01
-1.4662690239e-04,5.8946986242e-06,5.1412809057e+01
-2.0628977922e-04,4.6179650188e-05,4.0548184595e+01
2.8252377201e-04,1.2487657424e-04,1.3056629920e+01
2.8594427764e-04,1.2191677286e-04,1.3070415439e+01
2.8545974861e-04,1.1805409076e-04,1.3244380172e+01
2.8935622087e-04,1.1893987891e-04,1.3081861946e+01
1.2424676682e-04,1.0167945978e-04,1.7670542810e+01
1.2076214955e-04,1.0040838777e-04,1.9163748041e+01
-1.6846012033e-04,2.7705403093e-05,4.6205958078e+01
-1.4903155995e-04,4.4223291931e-06,5.1553346542e+01
-1.5297022877e-04,4.4233579217e-06,5.1364438809e+01
-1.5446224033e-04,5.8983759702e-06,5.1042782120e+01
-1.5690814691e-04,4.4246571734e-06,5.1162576189e+01
-1.6084533265e-04,4.4260611719e-06,5.0947297228e+01
-1.6477769841e-04,4.4237930183e-06,5.0718531744e+01
-5.6385365140e-05,2.7291370604e-05,4.7817774724e+01
-2.5084265513e-04,1.4097110245e-05,3.6405234579e+01
-2.4725044907e-04,1.4027243594e-05,3.7621391894e+01
2.0484688208e-04,1.5284836861e-04,1.3868855289e+01
2.0852505345e-04,1.5026238533e-04,1.3919736027e+01
-5.7065828735e-05,5.7398753306e-05,4.2223886461e+01
-5.3814646043e-05,5.7421964616e-05,4.2155537769e+01
1.5445983089e-04,1.3464378848e-04,1.7077295655e+01
-2.8826142293e-04,4.4910665070e-05,2.3072833723e+01
-3.0666775694e-04,2.4417600847e-05,1.7136787119e+01
-3.0387682772e-04,2.3634574999e-05,1.7140023333e+01
-1.7776919992e-04,5.2267910893e-05,4.0919145340e+01
-1.8015415128e-04,5.0523614438e-05,4.1147976487e+01
-1.9438497094e-04,4.7451322160e-05,4.1042226491e+01
-1.9750395875e-04,4.7597978383e-05,4.0852160148e+01
-2.2274247361e-04,2.5250238291e-05,4.1819252475e+01
-2.1931261156e-04,2.5162840964e-05,4.2325912869e+01
-2.2615468165e-04,2.5341262376e-05,4.1273896998e+01
-2.1568023574e-04,4.8729621814e-05,3.9571104221e+01
-2.7667918727e-04,4.0749304543e-05,2.7018906880e+01
-2.3294340065e-04,2.5555029658e-05,4.0045416542e+01
-2.5963753696e-04,5.0533828516e-05,3.4792514010e+01
-2.3857202949e-04,5.3252983787e-05,3.7449714372e+01
7.5584592703e-05,1.1439252187e-04,2.1642331553e+01
-4.1822000361e-05,2.7359387425e-05,4.6861404443e+01
-2.5092226258e-04,4.5354635333e-06,3.7208463659e+01
2.3132782871e-04,1.4557725548e-04,1.3600562406e+01
2.3488905168e-04,1.4285277927e-04,1.3635434255e+01
-3.3122728091e-04,9.4995216011e-06,1.7004515474e+01
-3.3256055493e-04,6.9207597335e-06,1.7589071603e+01
-3.2770228069e-04,9.0752666944e-06,1.6993389149e+01
-3.2894205228e-04,6.6040888853e-06,1.7394200127e+01
-3.2419439700e-04,8.6840579904e-06,1.6992875341e+01
-3.2532693656e-04,6.3323712899e-06,1.7209116601e+01
-2.4310561578e-04,4.5038371075e-06,3.9792233835e+01
-9.6361461534e-05,5.3997112630e-05,4.2752047697e+01
-9.5918720947e-05,5.7518525556e-05,4.2005507544e+01
-9.2688114869e-05,5.7488356991e-05,4.2069313928e+01
-2.8891078300e-04,4.8889302853e-06,1.6987450787e+01
-2.8534951044e-04,6.5127278231e-06,1.7222765351e+01
-2.8524361930e-04,4.8174285729e-06,1.7470955009e+01
-3.0363199133e-04,5.2786623453e-06,1.7089480138e+01
-1.7655242443e-04,4.4273280207e-06,4.9936281546e+01
-1.8042560917e-04,4.4169026121e-06,4.9645156708e+01
-3.1456637628e-04,5.7147356364e-06,1.7034098178e+01
-3.2509319560e-04,1.4283639585e-05,1.7056306592e+01
-2.7005397586e-04,4.8533415376e-05,3.2281869946e+01
-3.1818349920e-04,5.8909461028e-06,1.7040683132e+01
-2.5455208845e-04,4.9438312602e-05,3.5475855972e+01
-2.5182051879e-04,5.1147719836e-05,3.5998948493e+01
1.2998055550e-04,1.5513426777e-04,1.7230609425e+01
1.2665886803e-04,1.5351304515e-04,1.7115207360e+01
3.3783228519e-04,8.7425087036e-05,1.2452035242e+01
-2.2452581810e-04,4.9492493524e-05,3.8830814815e+01
4.7307331794e-05,1.3043925486e-04,4.9337680774e+01
4.9476472475e-05,1.3151143208e-04,4.9439979510e+01
1.8156136898e-04,1.5645613776e-04,1.4167729824e+01
1.8934135127e-04,1.5540075989e-04,1.4066135857e+01
-1.9799668268e-04,9.4800882818e-05,3.5475122429e+01
3.5363996637e-04,6.6755763925e-05,1.2408053934e+01
-2.0262505987e-04,9.3367585337e-05,3.5620645939e+01
-2.0471287551e-04,9.1510126589e-05,3.5749072047e+01
-1.5108966701e-04,1.0640633763e-04,3.4077595437e+01
3.2798971080e-04,9.6986664096e-05,1.2515740504e+01
3.7696810189e-04,8.3525464291e-06,7.4201205368e+00
3.6535387434e-04,7.9896231849e-06,9.8193548650e+00
-1.2279285986e-04,1.1260737027e-04,3.3316943423e+01
3.2920934794e-04,7.0548342731e-06,1.6643540507e+01
2.9675227347e-04,6.1852904047e-06,1.7500896274e+01
2.7288221245e-04,5.8676039328e-06,2.0807909112e+01
2.6099522512e-04,5.3971542872e-06,2.1534685594e+01
2.4882071615e-04,5.0677486151e-06,2.1383600775e+01
2.2094233416e-04,4.2485863827e-06,2.0818928423e+01
-1.9344882949e-04,9.6246842763e-05,3.5326958956e+01
1.9312146396e-04,3.6325641904e-06,2.0795094798e+01
3.1395609378e-04,1.0539536178e-04,1.2752635678e+01
3.1734849670e-04,1.0234107358e-04,1.2743358835e+01
3.1059257459e-04,1.0847159417e-04,1.2756059215e+01
3.8878565969e-05,3.0444704948e-06,3.5846291544e+01
3.5403975595e-04,7.0916072192e-05,1.2244567022e+01
-2.4315133667e-04,2.7794594711e-05,3.7623241823e+01
1.9312201727e-04,1.5292474087e-04,1.4126262071e+01
1.4361302984e-04,1.2998707529e-04,1.7137885137e+01
1.4342183560e-04,1.2635044575e-04,1.7124970835e+01
-3.3083093643e-04,4.0640405417e-05,1.7127290341e+01
-3.2838095021e-04,3.8814083412e-05,1.6976692426e+01
-3.0677589073e-04,3.6912431469e-05,1.7278670443e+01
-3.0285461723e-04,2.6096880027e-05,1.7144786617e+01
-2.9737608001e-04,2.4577087421e-05,1.7132874309e+01
-2.7933628277e-04,2.7588763688e-05,2.0946799595e+01
-2.7658806496e-04,2.7105847663e-05,2.3015555762e+01
-2.6484656824e-04,2.7571679949e-05,3.0132247995e+01
-2.4649394208e-04,2.9853799516e-05,3.6668580873e+01
-2.3970245046e-04,2.5805083766e-05,3.8596477120e+01
2.5980517667e-04,9.7439465724e-05,1.4510947292e+01
1.8896777055e-04,1.4786215974e-04,1.4480679933e+01
1.8465954027e-04,1.3894722220e-04,1.5056601673e+01
1.8077257196e-04,1.3756882740e-04,1.5328137295e+01
-1.7624646065e-04,4.8542618209e-05,4.1673282574e+01
-1.8060216732e-04,2.4566682247e-05,4.6112735723e+01
1.5094733209e-04,1.3675622288e-04,1.7113471604e+01
-1.2811155543e-04,5.8025852446e-05,4.1186554936e+01
-2.3927546089e-04,7.8305854802e-05,3.6908315699e+01
-2.3939571064e-04,8.0703282116e-05,3.6809531914e+01
-2.3917178360e-04,7.5925335527e-05,3.6983556008e+01
-2.4173971089e-04,8.1339320226e-05,3.6899762396e+01
2.7763730998e-04,1.1627401730e-04,1.3547424513e+01
-1.0343147552e-04,5.0577163475e-05,4.3365625249e+01
9.6871232013e-05,1.1868556125e-04,2.2632795849e+01
8.1517543600e-05,1.1729165978e-04,2.1907195916e+01
1.8437649995e-04,6.1897411191e-05,1.7064503850e+01
6.2502044235e-05,1.1610624279e-04,2.0914524723e+01
7.1553514524e-05,1.4411477362e-04,2.1252852582e+01
2.5923343702e-04,9.3653018167e-05,1.4614617289e+01
2.6602283784e-04,8.7836975212e-05,1.4648944445e+01
2.6941059479e-04,8.4904839111e-05,1.4668054300e+01
2.1812286284e-05,2.6565278040e-05,3.5292682992e+01
3.0680333804e-04,1.0767755826e-04,1.2932590114e+01
3.0728255147e-04,1.1159725063e-04,1.2751499632e+01
1.8593058751e-04,1.1364603984e-04,1.6136449866e+01
3.2468364558e-05,2.6804096138e-05,3.2096111927e+01
-1.0021317894e-04,3.8671640962e-05,4.6024978323e+01
-1.0368891197e-04,3.8690612150e-05,4.5969006841e+01
-1.0716046417e-04,3.8711891988e-05,4.5904967210e+01
-1.0859895133e-04,4.0388351710e-05,4.5509026680e+01
-1.1204199227e-04,4.0414288790e-05,4.5433769842e+01
-1.1548080565e-04,4.0442335750e-05,4.5352267646e+01
-1.1755179452e-04,3.8787405030e-05,4.5670783094e+01
-1.2100686477e-04,3.8816581322e-05,4.5580306758e+01
-1.2445709639e-04,3.8847779328e-05,4.5484275733e+01
-1.2576888843e-04,4.0539407632e-05,4.5074452661e+01
-1.2918775881e-04,4.0576183410e-05,4.4971838940e+01
-1.3134000749e-04,3.8916519441e-05,4.5276714388e+01
-1.0918346961e-04,3.7066696968e-05,4.6228775920e+01
2.5183938045e-04,9.5623507031e-05,1.4685694608e+01
3.0246750154e-04,1.0294350165e-04,1.3273758320e+01
-2.7412304972e-04,2.4631159863e-05,2.4547751898e+01
2.8949667168e-04,4.5346544107e-05,1.5546325993e+01
5.6866208552e-05,2.7438089295e-05,2.4821138726e+01
3.6584282062e-04,4.4463627800e-05,1.2257808133e+01
3.6929027972e-04,4.5046655756e-05,1.2019463059e+01
-2.8242182063e-04,5.8540550766e-05,3.4426985685e+01
6.7092898521e-05,2.7729695459e-05,2.2672310143e+01
2.7617201276e-04,7.8989047426e-05,1.4708915149e+01
4.2091295229e-05,9.9092365800e-05,2.1626659846e+01
-1.0563214587e-04,1.0980365953e-04,3.3181198656e+01
-1.8826337689e-04,9.5565407935e-05,3.5284954073e+01
7.7427056623e-05,2.8108422535e-05,2.2741106600e+01
-2.6513666303e-04,6.6905145674e-05,3.6875787440e+01
3.6187498130e-04,3.9650089538e-05,1.2580316668e+01
4.1780901889e-05,1.1880804375e-04,3.3939159018e+01
8.7963097503e-05,2.8620167260e-05,2.2760584613e+01
-1.4395561099e-04,5.2996766680e-05,4.1842173378e+01
-1.4500598698e-04,5.4821988204e-05,4.1431042994e+01
-1.4288407576e-04,5.1187554231e-05,4.2255927008e+01
-1.4287547005e-04,5.6573167350e-05,4.1123872415e+01
-1.4602795715e-04,5.6659273135e-05,4.1024343263e+01
-1.4818373510e-04,5.4907155060e-05,4.1326825874e+01
-1.4914814754e-04,5.6759154970e-05,4.0922310841e+01
-2.1445225341e-04,7.5517293649e-05,3.6908646417e+01
2.2172354485e-04,9.8993686478e-05,1.5131887340e+01
-1.5144108136e-04,7.3831945846e-05,3.7699525862e+01
2.5644133851e-04,1.2985679207e-04,1.3615616791e+01
2.6038639850e-04,1.3081542475e-04,1.3471816764e+01
2.6085374254e-04,1.3463454185e-04,1.3298777282e+01
2.6432930103e-04,1.3176648715e-04,1.3321241777e+01
-2.0469622087e-04,7.8412186763e-05,3.6706227764e+01
-1.6761861524e-04,8.6945732944e-05,3.5818459658e+01
-2.5246267201e-04,4.0391806892e-05,3.5224349891e+01
-2.4964944763e-04,4.0022587088e-05,3.5831585104e+01
3.3183427948e-04,3.9967705628e-05,1.4395651661e+01
-2.9500496689e-04,5.4237783760e-05,3.0147880497e+01
-2.9690432570e-04,5.5601489025e-05,3.1576416747e+01
-1.7170313711e-04,8.3183429339e-05,3.6251499430e+01
-1.8905341077e-04,7.8639123702e-05,3.6740237435e+01
-2.4629029660e-04,6.3647899374e-05,3.6983592104e+01
-2.3892768833e-04,6.8897551927e-05,3.7142042321e+01
-2.8061479598e-04,2.1353463152e-05,1.9241864188e+01
2.6076550686e-04,7.9462745458e-05,1.4961157080e+01
2.6478442921e-04,8.0307559015e-05,1.4871737007e+01
-2.2070128732e-04,4.3281295093e-05,3.9796776238e+01
2.7615123640e-04,1.0476065359e-04,1.3974568050e+01
1.0047031707e-04,1.4412624311e-04,1.9157685864e+01
-1.4945032008e-04,1.0204025863e-04,3.4294189273e+01
-2.0384537799e-04,7.4039527758e-05,3.7130373368e+01
3.0577517271e-04,4.7720278663e-05,1.5009725196e+01
1.8049502136e-04,1.3376511055e-04,1.5579104013e+01
7.2694177950e-05,1.1302174516e-04,2.1552775094e+01
7.2947750520e-05,1.1589777468e-04,2.1418247015e+01
1.2672641839e-04,1.5014765053e-04,1.7237481291e+01
1.2334910484e-04,1.5190868549e-04,1.7076283248e+01
-1.0890094318e-04,6.6746653587e-05,3.9789656599e+01
1.5137153395e-04,1.0158472822e-04,1.7061153767e+01
1.5185147964e-04,1.0517728067e-04,1.7059340621e+01
-7.8478812389e-05,5.2138018783e-05,4.3349795618e+01
-8.9723272201e-05,1.0518652831e-04,3.3540368696e+01
1.8828557345e-04,8.2443270550e-05,1.7010641067e+01
1.1682420504e-04,1.4536838969e-04,1.7078508411e+01
1.1676385075e-04,1.4873377689e-04,1.7357125271e+01
1.1339599097e-04,1.5050597639e-04,1.8107171611e+01
1.1667548264e-04,1.5208152593e-04,1.7854526351e+01
-2.0681512740e-04,8.9653929789e-05,3.5879676335e+01
-2.0934925951e-04,9.0099155296e-05,3.5885378604e+01
-2.1186617141e-04,9.0563335318e-05,3.5894486797e+01
-2.1398987443e-04,8.8722884610e-05,3.6014096683e+01
-2.1362033967e-04,8.6413922356e-05,3.6136869422e+01
-2.1613547719e-04,8.6888546903e-05,3.6133518415e+01
-2.1648806788e-04,8.9212400250e-05,3.6020941965e+01
-2.2079796445e-04,8.5561779828e-05,3.6247733686e+01
-2.2326766128e-04,8.6080138705e-05,3.6245876811e+01
-2.2368555448e-04,8.8734736599e-05,3.6136464801e+01
-2.2572752508e-04,8.6631872157e-05,3.6247774308e+01
-2.2545711337e-04,8.4275577382e-05,3.6355233393e+01
-2.2791017446e-04,8.4828760414e-05,3.6352519569e+01
1.1274507732e-04,1.1634062540e-04,1.8347808229e+01
1.0968762468e-04,1.1823520337e-04,1.9051393741e+01
1.0254014626e-04,1.1187620058e-04,2.2961152820e+01
7.7143948455e-05,1.0412571636e-04,2.2089120968e+01
-1.5980674038e-04,7.3921280362e-06,5.0509519213e+01
-2.1867635490e-04,3.3886691218e-05,4.1183982948e+01
-1.2331319037e-04,5.0821257004e-05,4.2864456119e+01
4.2767124914e-05,9.2730654746e-05,2.2152250946e+01
-7.4505184801e-05,1.0697826183e-04,3.3463170813e+01
7.3007677178e-05,1.3412626558e-04,2.0720262728e+01
8.6454470721e-05,1.0795353961e-04,2.2313625186e+01
-1.7818446405e-04,6.9556847923e-05,3.8020447614e+01
-1.2473284556e-04,7.3692225612e-06,5.1938837903e+01
3.4300477924e-04,6.8614610137e-05,1.2901974600e+01
-2.6470405297e-04,1.2759642579e-05,3.0467256583e+01
-2.6820139432e-04,1.2873297561e-05,2.8509214034e+01
-1.4603354051e-04,9.3494168905e-05,3.4998309193e+01
-1.6226102537e-04,3.4256216127e-05,4.5159281508e+01
2.7956570819e-04,1.0178962564e-04,1.3983676880e+01
6.3017888131e-05,8.9176288739e-05,2.2267148234e+01
8.4060013612e-05,9.3257434294e-05,2.2471174411e+01
-2.6988727988e-05,7.4224974176e-06,4.8898374275e+01
-1.7914585577e-04,9.0160140931e-05,3.5574069662e+01
1.4805223094e-04,3.4089773854e-05,2.1256121465e+01
-1.5263468430e-05,7.4481096222e-06,4.7236022476e+01
1.4030286603e-04,1.3563703398e-04,1.7184213981e+01
2.5048570441e-04,1.3334052953e-05,1.9957876389e+01
9.3885172723e-05,9.6655207155e-05,2.2620941525e+01
-1.2652085286e-04,9.2362615214e-05,3.5067203475e+01
-1.2833104922e-04,9.0443802232e-05,3.5320770805e+01
-1.2550186563e-04,9.0310337911e-05,3.5345074056e+01
-1.2370464685e-04,9.2230028448e-05,3.5086999151e+01
-1.2266582755e-04,9.0183481161e-05,3.5372155757e+01
-1.6868531217e-04,3.9471953797e-05,4.3792660589e+01
2.8022307870e-04,5.8080098978e-05,1.5288175625e+01
2.2251752501e-04,1.1509526286e-05,1.9853922513e+01
1.0061370381e-04,1.2707718818e-04,1.9856720467e+01
1.2664483704e-04,1.3288928144e-04,1.7190281756e+01
1.9484870809e-04,9.9288616826e-06,2.0205262431e+01
1.0706465277e-04,9.8488385182e-05,2.2784454342e+01
1.1006469304e-04,9.6581037916e-05,2.2911462377e+01
7.5986962186e-05,1.2031848052e-04,2.1439712748e+01
1.3953285889e-04,8.0730222303e-06,2.2427051933e+01
-1.4829377029e-04,2.9153113221e-05,4.6820826363e+01
-1.4706720214e-04,2.7524639453e-05,4.7212538865e+01
-2.2511159171e-04,3.4176366975e-05,4.0340606686e+01
-1.7267355626e-04,1.8121964055e-05,4.7837621016e+01
-1.7147404409e-04,1.6554640804e-05,4.8202764844e+01
1.6392973117e-04,6.9654722171e-05,1.7026872622e+01
2.1576736168e-04,4.9392412160e-05,1.7054190796e+01
2.1908726798e-04,4.6928962459e-05,1.7033752277e+01
2.2650392043e-04,8.2286876878e-05,1.5558347633e+01
2.2245735576e-04,8.1259567992e-05,1.5733086072e+01
-2.0856460076e-04,1.6774826643e-05,4.4989013377e+01
-2.4416384363e-04,1.5618965195e-05,3.8405332090e+01
3.3573202878e-04,1.8256624173e-05,1.5181594882e+01
-2.3719404078e-04,3.1141314952e-05,3.8680100432e+01
-8.2463221466e-05,8.9055237328e-05,3.6098597842e+01
-8.5358031528e-05,8.9096537900e-05,3.6023671019e+01
1.5272521667e-04,6.7124092366e-05,1.7898362042e+01
3.1684984278e-04,2.3933097886e-05,1.5668032393e+01
-1.8159334346e-04,5.4302920711e-05,4.0416566059e+01
-2.9202006129e-04,1.0440000653e-05,1.7090199384e+01
-2.8203883911e-04,2.8129112510e-05,1.8426905961e+01
1.7528875133e-04,3.7717356625e-05,1.8475131509e+01
-2.0162900830e-04,6.3450571515e-05,3.8382272091e+01
-2.8316200860e-04,4.5425426703e-05,2.6276363687e+01
-1.2088243841e-04,9.2104101328e-05,3.5109700395e+01
-1.1982163599e-04,9.0063507951e-05,3.5402089730e+01
-3.1292285297e-04,9.9699741225e-06,1.7041815644e+01
1.2629773855e-04,6.1368981396e-05,2.2928949126e+01
2.7206732456e-04,5.6630063206e-05,1.5513546041e+01
-2.1790499323e-04,1.3679024181e-05,4.4188221346e+01
1.8697778381e-04,3.9398437127e-05,1.7837974190e+01
3.3018121607e-04,5.4819309199e-05,1.3956019802e+01
3.2683044092e-04,5.8121246028e-05,1.3977847869e+01
3.3352942714e-04,5.1485672946e-05,1.3926777765e+01
1.7854549873e-04,1.1476309595e-04,1.6882389941e+01
1.0050709530e-04,5.6425953642e-05,2.2795251133e+01
-1.9983597051e-04,7.9902134108e-05,3.6581726493e+01
-1.8554479307e-04,6.6124447547e-05,3.8395500012e+01
-1.8782958821e-04,6.4312600616e-05,3.8611991716e+01
2.1448613759e-04,4.3383866714e-05,1.7206961128e+01
8.9967021781e-05,5.4638474072e-05,2.2730459079e+01
4.2506171590e-05,7.5337924843e-05,2.2442049303e+01
6.9685242851e-05,5.1662046204e-05,2.2627535349e+01
3.0242616431e-04,5.0859575951e-05,1.4995662542e+01
-1.9549678217e-04,3.3159781496e-05,4.3464091878e+01
-1.9624132653e-04,3.4911338667e-05,4.3096895640e+01
-1.9472228675e-04,3.1427717222e-05,4.3833857572e+01
-1.9304283684e-04,6.2724688867e-05,3.8712679411e+01
-2.2711525603e-04,2.8865934922e-05,4.0679027210e+01
-1.0716488585e-04,7.7959114602e-05,3.7605724888e+01
4.0883460408e-05,4.8640289745e-05,2.2397012391e+01
1.4135205834e-04,1.0471841038e-04,1.7071734887e+01
1.3777205376e-04,1.0340076947e-04,1.7070545153e+01
-1.9656811536e-04,2.8074914157e-05,4.4289696068e+01
2.8267152460e-04,1.4839514129e-05,1.7486569630e+01
1.8704031563e-05,4.7193174469e-05,3.1483965342e+01
-2.0956932783e-04,7.6949756566e-05,3.6815414948e+01
-2.1118794646e-05,4.5746210204e-05,4.1488814136e+01
-3.1275057149e-05,3.0633677212e-05,4.5255752678e+01
-2.1934305112e-04,7.4116585570e-05,3.6986228937e+01
-6.3571503496e-05,4.3602488469e-05,4.4929378084e+01
-8.4123906762e-05,4.3614514735e-05,4.5103585597e+01
-9.4375436964e-05,4.3658593556e-05,4.5015729757e+01
1.4101324375e-04,7.9091422464e-05,1.7958441921e+01
2.9766391757e-04,4.6563374386e-05,1.5277858288e+01
1.4979294648e-05,3.1399030530e-05,3.6123169298e+01
2.9692403524e-04,4.2884541126e-05,1.5437605872e+01
-2.2262149903e-04,5.7453127505e-05,3.8255287328e+01
-2.2011607620e-04,5.9235262028e-05,3.8213402873e+01
2.4785439761e-04,9.4692535694e-05,1.4770058395e+01
3.4355186699e-04,4.1274606137e-05,1.3754316390e+01
3.4021937456e-04,4.4714174000e-05,1.3831762512e+01
5.9332425455e-05,3.2861857442e-05,2.2578474079e+01
6.9405088240e-05,3.3348533490e-05,2.2685809790e+01
7.9681685885e-05,3.3986272256e-05,2.2713926777e+01
1.3862965418e-04,4.0260796742e-05,2.2159560783e+01
1.6575807340e-04,4.4325149830e-05,1.8660477488e+01
2.4105191216e-04,1.0033476538e-04,1.4746040612e+01
1.7736292382e-04,4.6198332972e-05,1.7811253153e+01
-2.2495094545e-04,5.3589860230e-05,3.8447051838e+01
3.5103335850e-04,1.5288096436e-05,1.3479130793e+01
3.1272883658e-04,2.3524300122e-05,1.5829200521e+01
3.0775133986e-04,1.9495627717e-05,1.6267321880e+01
3.0609418787e-04,1.2551353301e-05,1.7006782679e+01
3.0538916032e-04,9.3809364262e-06,1.7128692380e+01
3.0898830264e-04,6.1572647140e-06,1.7273127699e+01
-1.3476501460e-04,3.8954148608e-05,4.5165829979e+01
-3.0768440567e-04,3.5346674978e-06,1.7064112969e+01
1.2325199689e-04,1.5515392168e-04,1.7273281574e+01
-2.6466281657e-04,7.1825705685e-05,3.7589535479e+01
6.7608863879e-05,1.1598272769e-04,2.1114901771e+01
9.0853680635e-05,1.2204354047e-04,2.2345024581e+01
1.0043801446e-04,1.2367535728e-04,2.1201460524e+01
1.0327018983e-04,1.1852688132e-04,2.1893832679e+01
1.1662665888e-04,1.2818445005e-04,1.7130769028e+01
1.1979761015e-04,1.2625415708e-04,1.7125592553e+01
1.2313971387e-04,1.2780807611e-04,1.7160002226e+01
1.9864039750e-04,5.8576113120e-05,1.7073308219e+01
1.6523538050e-04,1.3173832696e-04,1.6991692911e+01
-1.6774388610e-04,1.6541505782e-05,4.8426063520e+01
1.3733307015e-04,9.9957027913e-05,1.7053814117e+01
1.4566374857e-04,8.6581570547e-05,1.7091831533e+01
1.4878125151e-04,8.4339626872e-05,1.7092455320e+01
1.5244824574e-04,8.5403361901e-05,1.7071345124e+01
-2.6116750728e-04,1.2661669253e-05,3.2258551802e+01
-2.7841243046e-04,9.7595143821e-06,2.2020495779e+01
-2.8155102935e-04,4.7506194910e-06,2.0367214898e+01
1.4257537897e-04,8.8821749153e-05,1.7083739425e+01
-1.5755043953e-04,5.5198396015e-05,4.1006073858e+01
-1.5534884315e-04,5.6959385798e-05,4.0717653522e+01
-1.6203154012e-04,5.1700062895e-05,4.1567316300e+01
-1.8881452772e-04,4.9043799420e-05,4.1043170304e+01
-2.1270610467e-04,4.8506898461e-05,3.9802459999e+01
-3.2362383506e-04,1.7013365991e-05,1.7068146503e+01
-2.8912558327e-04,2.2743751826e-05,1.7128677952e+01
-2.9258437706e-04,2.1078649118e-05,1.7108654617e+01
-3.1925577581e-04,4.1657493540e-05,1.7237203175e+01
-2.7329177198e-04,4.4612547492e-05,3.0006314640e+01
-2.8375336968e-04,4.3078356751e-05,2.4348591903e+01
-3.1772732125e-04,2.1705028532e-05,1.7083336407e+01
-3.1623864659e-04,2.4457373873e-05,1.7099531752e+01
-1.8886384203e-04,9.7750802966e-05,3.5172999536e+01
-3.3331049712e-04,4.2560142759e-05,1.6037226138e+01
-1.3947645032e-04,1.0962427263e-04,3.3730350916e+01
2.3512115735e-04,1.4641285755e-04,1.3464146372e+01
2.3878772133e-04,1.4379831142e-04,1.3493104430e+01
1.1337173003e-04,1.5393020949e-04,1.8306150642e+01
3.1805181523e-04,1.0607287302e-04,1.2559204520e+01
1.4026420615e-04,1.5662823816e-04,1.7411166564e+01
1.4376399961e-04,1.5498623836e-04,1.7400522798e+01
1.4373697275e-04,1.5840277903e-04,1.7470753106e+01
1.4722770540e-04,1.5668278087e-04,1.7397038304e+01
1.4736751039e-04,1.5318820568e-04,1.7315730816e+01
1.5092209452e-04,1.5493539510e-04,1.7261258836e+01
-1.6080863791e-04,1.0514515749e-04,3.4312929792e+01
2.8984342992e-04,1.2258915451e-04,1.2910401512e+01
2.9336564620e-04,1.1985431556e-04,1.2906641244e+01
3.5985401130e-04,6.0056071239e-05,1.2265482371e+01
-8.7281561261e-05,1.1950309217e-04,3.2550671428e+01
1.5068242794e-04,1.5832004557e-04,1.7384863939e+01
1.5452867839e-04,1.5665355343e-04,1.7154466392e+01
1.5465131713e-04,1.5302604326e-04,1.7085853992e+01
1.5835752426e-04,1.5473633084e-04,1.7265794797e+01
1.5832382528e-04,1.5831816372e-04,1.6862707611e+01
1.6217531677e-04,1.5641438388e-04,1.5785627484e+01
-1.1474076464e-04,1.1229050201e-04,3.3183089341e+01
-1.1137589398e-04,1.1634910530e-04,3.3021747407e+01
-3.3863427973e-04,4.0545995523e-05,1.3943328731e+01
-3.1707183077e-04,4.9160884240e-05,1.7850092229e+01
-2.7881942661e-04,6.5114895361e-05,3.7061363201e+01
-2.7644531472e-04,6.6581975129e-05,3.7334050482e+01
2.6471851972e-04,1.3550380935e-04,1.3146916397e+01
2.6817941410e-04,1.3261412989e-04,1.3171110908e+01
-2.4873943313e-04,7.8403595409e-05,3.7354566717e+01
-2.5093281961e-04,7.6824643610e-05,3.7384590487e+01
-2.5091307539e-04,7.4442444975e-05,3.7279582068e+01
-2.5320880000e-04,7.5187739446e-05,3.7374481763e+01
1.9344596838e-04,1.5658085367e-04,1.3903876791e+01
1.3678763244e-04,1.5813388363e-04,1.7353361133e+01
-1.6806533239e-04,1.0367905988e-04,3.4513603447e+01
2.0113732669e-04,1.5566412301e-04,1.3792064340e+01
2.0514971325e-04,1.5659502647e-04,1.3644617875e+01
1.6243028362e-04,1.6055325341e-04,1.4898593235e+01
1.6602178466e-04,1.5808025464e-04,1.4567144614e+01
-1.4218102555e-04,1.1028954913e-04,3.3759407363e+01
-2.5316611750e-04,7.7667734583e-05,3.7524940539e+01
-2.9345701300e-04,5.9375147645e-05,3.5305460123e+01
-2.9092446766e-04,6.0691672380e-05,3.6047190796e+01
-1.7091565403e-04,1.0420067985e-04,3.4543681071e+01
3.2138081593e-04,1.0311952729e-04,1.2545336495e+01
3.4450609424e-04,8.0798437585e-05,1.2383459277e+01
1.1666689369e-04,1.5553820096e-04,1.8125255316e+01
-1.2544510767e-04,1.1283093965e-04,3.3361644434e+01
6.3630405087e-05,1.3989678634e-04,6.8916808209e+00
6.5534609075e-05,1.4288621776e-04,2.1090483745e+01
7.4146679422e-05,1.4641489789e-04,2.0901198061e+01
1.9738434579e-04,1.5820629139e-04,1.3712737777e+01
-3.1226018696e-04,5.2191658555e-05,1.9005086895e+01
-3.0665386089e-04,5.3823104688e-05,2.7838935605e+01
-3.0505324280e-04,5.2236083464e-05,2.4511023288e+01
-3.0392756911e-04,5.4826303727e-05,3.0141918520e+01
-3.0227143838e-04,5.3262639750e-05,2.7427792321e+01
-2.3938613973e-04,8.3453560687e-05,3.6639784252e+01
-2.4188490862e-04,8.3796896966e-05,3.6748154738e+01
-2.8590245956e-04,6.3344611350e-05,3.7026689813e+01
3.8089759780e-04,8.4102420036e-06,6.8083190138e+00
3.6925650310e-04,8.1029302351e-06,8.9433363058e+00
3.4962177056e-04,7.6374390255e-06,1.3696601587e+01
-2.6227280028e-04,7.3779480733e-05,3.7698423362e+01
3.0069248526e-04,6.3016122518e-06,1.7500732534e+01
2.7694329814e-04,5.9523271490e-06,1.9938244866e+01
2.4069174328e-04,4.8688659805e-06,2.1198455556e+01
2.3274365496e-04,4.6176989699e-06,2.1019997590e+01
2.1285113146e-04,4.0975781468e-06,2.0712964799e+01
2.0492032130e-04,3.9065103399e-06,2.0689735149e+01
1.2146804790e-04,3.1683183058e-06,2.2251433753e+01
8.9946666840e-05,3.1585535344e-06,2.4423574133e+01
5.8459902993e-05,3.1108635819e-06,3.0715775939e+01
-2.9281236074e-04,6.2178791281e-05,3.7479339580e+01
-2.9626456047e-04,5.8524227042e-05,3.4851814944e+01
-2.4662312960e-04,8.0458076894e-05,3.7263717526e+01
7.0886201070e-06,3.0247679905e-06,4.3769145950e+01
-8.3273367890e-07,3.0139567409e-06,4.5422954413e+01
3.5354680860e-04,7.8933531279e-06,1.2705503504e+01
-6.4266586669e-05,2.9609573479e-06,5.2612840266e+01
-7.2197365829e-05,2.9577046368e-06,5.2885016274e+01
-1.0391349289e-04,2.9493506277e-06,5.3112187236e+01
-1.1184013786e-04,2.9481957903e-06,5.3000405370e+01
-1.6333003072e-04,2.9479770723e-06,5.1041565431e+01
1.8979441033e-04,1.5923940250e-04,1.3803680473e+01
2.6132014479e-04,1.3845300387e-04,1.3113978128e+01
3.1121072628e-04,1.1213947590e-04,1.2575478753e+01
3.0797239294e-04,1.1530739444e-04,1.2564526898e+01
3.0392548887e-04,1.1466055502e-04,1.2747666928e+01
3.0063187042e-04,1.1814125283e-04,1.2719508488e+01
3.0000799061e-04,1.1410492253e-04,1.2915055093e+01
3.8050523031e-04,4.2464495586e-06,4.8088554228e+00
3.8465877448e-04,8.6944852418e-06,6.6111958071e+00
3.6871181200e-04,3.9814997418e-06,8.0169553877e+00
3.2508666485e-04,6.8451239718e-06,1.6963607470e+01
-3.2797520582e-04,4.4217148488e-05,1.7153691518e+01
-3.2356185972e-04,4.0349522594e-05,1.7148858010e+01
3.1698996163e-04,6.4086048559e-06,1.7029638887e+01
-3.1129709296e-04,3.9666006912e-05,1.7267326554e+01
-3.1340977147e-04,4.1187498842e-05,1.7263660056e+01
3.0036762381e-04,3.0857766664e-06,1.7845784624e+01
-2.6245853186e-04,4.8863555674e-05,3.4020819760e+01
-2.6490663700e-04,4.9491181297e-05,3.3660833513e+01
-3.0015027553e-04,2.5309210603e-05,1.7135460688e+01
2.7647808603e-04,2.9470510277e-06,2.0554108961e+01
2.8097507499e-04,6.0756941486e-06,1.8953208596e+01
2.8445052827e-04,3.1561774410e-06,1.8303550720e+01
2.8485256866e-04,6.2504200839e-06,1.8059496198e+01
-2.5984801575e-04,4.8281268704e-05,3.4429888639e+01
-3.3047434102e-04,4.6314453233e-05,1.5978135740e+01
-3.2476368712e-04,4.8279471763e-05,1.7041398683e+01
-3.2054646074e-04,4.8471619011e-05,1.7122428040e+01
-2.3300981307e-04,5.0392045019e-05,3.8047855226e+01
-2.4348050980e-04,3.1542774106e-05,3.7325055765e+01
-2.3636992051e-04,2.5671272427e-05,3.9342806562e+01
-2.1863813977e-04,4.8971148938e-05,3.9331868981e+01
-2.2161359334e-04,4.9222518258e-05,3.9083289032e+01
-2.2189905199e-04,5.1249490576e-05,3.8862801900e+01
-2.0367125183e-04,4.7927958924e-05,4.0451576410e+01
-2.7774416036e-04,4.6988903467e-06,2.3113195186e+01
3.5680414356e-04,4.1189680752e-06,1.1438626886e+01
-2.0012893018e-04,4.5852297854e-05,4.0983359811e+01
-1.9695613250e-04,4.5709234247e-05,4.1191939571e+01
-1.8257331222e-04,4.8785970483e-05,4.1365869134e+01
-1.9485748228e-04,2.4734877724e-05,4.5028711882e+01
-1.9130012329e-04,2.4684731810e-05,4.5325503951e+01
-1.8418267928e-04,2.4608004344e-05,4.5863981591e+01
-3.0390084411e-04,3.4587349016e-06,1.7054633938e+01
-2.5783323706e-04,7.4332614610e-05,3.7494259589e+01
-1.5660423186e-04,2.5982838731e-05,4.7133852910e+01
-1.1532648536e-04,5.7778927433e-05,4.1540931162e+01
-1.1854310789e-04,5.7833988521e-05,4.1454665954e+01
1.7688832321e-04,1.3615710524e-04,1.5725106549e+01
-1.0672361665e-04,5.0608644567e-05,4.3293403480e+01
-5.5471757566e-05,5.9179013793e-05,4.1883803610e+01
-5.4502746420e-05,2.5720244364e-05,4.8020816724e+01
3.8828849991e-04,4.3417585363e-06,2.8098987611e+00
3.8875479485e-04,9.1719791878e-06,7.3476402464e+00
2.8836070164e-04,3.2723601117e-06,1.7587259527e+01
1.9715661794e-04,1.5418455952e-04,1.3966860158e+01
1.7713187009e-04,1.3995789690e-04,1.5449868764e+01
1.7264303785e-04,1.3090760012e-04,1.6715819056e+01
1.4005808985e-04,1.2843975351e-04,1.7148388250e+01
1.3985713167e-04,1.2481993660e-04,1.7133767045e+01
-3.1074196402e-04,5.4755459882e-05,3.0450767885e+01
-3.2298135747e-04,1.1146681413e-05,1.7041332081e+01
9.3855578157e-05,1.2038808261e-04,2.2439049723e+01
-3.8444152696e-05,3.0577767160e-05,4.5984207294e+01
1.8764809949e-04,5.9513384623e-05,1.7052787173e+01
-2.0490185897e-05,3.0743375383e-05,4.3849911421e+01
1.7671915853e-04,6.0394811093e-05,1.7050374857e+01
-1.3336832830e-05,3.0838298716e-05,4.2688968558e+01
-6.2059547973e-06,3.0950356809e-05,4.1335846689e+01
-2.5401323083e-04,1.2505690433e-05,3.5370044322e+01
8.9755869750e-07,3.1080411005e-05,3.9785876901e+01
-2.4674484439e-04,1.2384617470e-05,3.7944011101e+01
7.9683761563e-06,3.1228993004e-05,3.8042067294e+01
1.3734212925e-04,7.8095550838e-05,1.8747356834e+01
-7.7814179208e-05,9.4909935134e-05,3.5213790247e+01
-7.9558281970e-05,8.9019730742e-05,3.6177129882e+01
-2.2163616439e-04,1.3707523592e-05,4.3594593275e+01
-2.2242418591e-04,1.5309336055e-05,4.3246327909e+01
1.2119013168e-04,1.0371440621e-04,1.8271994907e+01
1.0593582678e-04,9.2233346684e-05,2.2825651144e+01
1.0094653932e-04,3.5765264141e-05,2.2805753771e+01
-1.8413502350e-04,1.3504658803e-05,4.7878050075e+01
1.0825003086e-04,3.6514958316e-05,2.2839756610e+01
1.1567145346e-04,3.7341492732e-05,2.2873474790e+01
1.3088358629e-04,3.9216264190e-05,2.2934892419e+01
1.5028485609e-04,4.1929888715e-05,2.0412366512e+01
1.5802411378e-04,4.3105135192e-05,1.9448706194e+01
9.2206351190e-05,8.7811773723e-05,2.2649284378e+01
1.8899987398e-04,4.8095356256e-05,1.7299247408e+01
7.5886747947e-05,8.3033000721e-05,2.2476030701e+01
7.2731273532e-05,8.2176655793e-05,2.2452891734e+01
2.8887748956e-04,1.1506785769e-04,1.3254121781e+01
2.8108272085e-04,1.1330919682e-04,1.3557353226e+01
2.7272415852e-04,1.0771578466e-04,1.3965127666e+01
2.7323820962e-04,1.1154155560e-04,1.3830150299e+01
5.1662054008e-05,1.3258664618e-04,4.8645801562e+01
5.1720592689e-05,1.3018184268e-04,3.8954967660e+01
4.9470982898e-05,1.3425649387e-04,6.2026946518e+01
-3.6225371467e-05,2.5801235999e-05,4.6642238567e+01
2.6825515080e-04,1.0302057613e-04,1.4203725961e+01
-9.8704569850e-05,3.7010293345e-05,4.6405353975e+01
-1.7941842905e-05,2.5948212260e-05,4.4319412104e+01
2.6034753464e-04,1.0123824342e-04,1.4405723025e+01
-1.0655280803e-05,2.6028895871e-05,4.3082167697e+01
2.5582873921e-04,9.6537223727e-05,1.4599820887e+01
-1.2311433767e-04,3.7167747057e-05,4.5891054892e+01
-1.3005231028e-04,3.7229696349e-05,4.5686371863e+01
3.8517280446e-06,2.6231942996e-05,4.0046886493e+01
-7.9347518408e-05,9.2946373208e-05,3.5504572352e+01
-1.4812430861e-04,7.3807378061e-06,5.1089410007e+01
-1.4032846542e-04,7.3758938788e-06,5.1416955453e+01
-3.3385848499e-04,4.4475349034e-06,1.8139123483e+01
-1.3252830498e-04,7.3718493819e-06,5.1700109735e+01
-1.1301137274e-04,7.3653671281e-06,5.2211812200e+01
-1.0519887198e-04,7.3641747738e-06,5.2331434996e+01
4.6500390821e-05,2.7156992639e-05,2.7794774079e+01
-9.7383563868e-05,7.3638696681e-06,5.2395444918e+01
-8.9565766299e-05,7.3645315211e-06,5.2397039801e+01
-8.1745817294e-05,7.3662642301e-06,5.2327890231e+01
-7.3924079719e-05,7.3691976446e-06,5.2178185423e+01
-3.4133773504e-04,4.9557312704e-06,1.9108172171e+01
-6.6099424263e-05,7.3738751359e-06,5.1936608817e+01
-5.8284442771e-05,7.3798198461e-06,5.1591432709e+01
-5.0460019962e-05,7.3873335406e-06,5.1128504107e+01
4.9049525410e-05,1.2168588460e-04,3.0278616462e+01
-4.2635945109e-05,7.3967634777e-06,5.0534352669e+01
-3.4812990264e-05,7.4083215098e-06,4.9795344512e+01
4.4223279467e-05,1.1970131287e-04,3.2886421294e+01
-3.4885867281e-04,5.6035170468e-06,1.9116654171e+01
-2.3686997299e-04,7.7691586767e-05,3.6859455485e+01
-2.3674131962e-04,7.5330316709e-05,3.6950756226e+01
-3.5523744943e-06,7.4796275684e-06,4.5177372106e+01
4.2488100504e-06,7.5043144721e-06,4.3587068709e+01
1.2041545917e-05,7.5317194373e-06,4.1835896997e+01
1.0601949891e-04,2.9821601697e-05,2.2829791633e+01
1.9832396441e-05,7.5616608408e-06,3.9943157492e+01
2.7603598992e-05,7.5937065093e-06,3.7943606486e+01
1.1342838818e-04,3.0434097271e-05,2.2860841682e+01
3.5362105103e-05,7.6268104416e-06,3.5875134931e+01
2.6202739401e-04,8.6979990341e-05,1.4737908170e+01
4.3109819927e-05,7.6607039300e-06,3.3783921905e+01
3.8119928351e-04,1.2702666895e-05,8.5368482444e+00
-1.2705069386e-04,4.2245098575e-05,4.4661619454e+01
1.2094971210e-04,3.1122961149e-05,2.2890002326e+01
-8.4038672908e-05,8.7126764650e-05,3.6401849045e+01
3.4890619847e-04,3.7491979366e-06,1.3837993832e+01
5.1710011395e-05,1.2772419368e-04,3.3309883529e+01
-1.2024886387e-04,4.2171302757e-05,4.4855368347e+01
1.2858714775e-04,3.1886164218e-05,2.2924677432e+01
6.2398649769e-05,7.7500596799e-06,2.8814343709e+01
-1.0658660106e-04,4.2051297039e-05,4.5180576089e+01
7.0088581075e-05,7.7829444913e-06,2.7076452490e+01
7.7764204129e-05,7.8129484380e-06,2.5567390897e+01
8.5428005255e-05,7.8388206111e-06,2.4344069947e+01
9.3084936602e-05,7.8587368337e-06,2.3463331357e+01
-7.5276977782e-05,8.7030952363e-05,3.6644252240e+01
-1.4053628184e-04,8.7074112484e-05,3.5762015300e+01
2.3405821648e-04,1.3527082278e-04,1.3960198709e+01
1.0074478722e-04,7.8703059122e-06,2.2948229576e+01
1.0842348377e-04,7.8725049156e-06,2.2806723591e+01
3.5668400770e-04,6.3455079306e-05,1.2345117247e+01
3.5321687634e-04,6.2622609781e-05,1.2568159810e+01
1.1613749770e-04,7.8813932553e-06,2.2658109367e+01
-4.8245070513e-05,4.5362890762e-05,4.4046592674e+01
-4.1443675428e-05,4.5425349479e-05,4.3626037633e+01
1.2389426730e-04,7.9152499960e-06,2.2624439035e+01
1.6362215282e-04,3.6100994265e-05,1.9440083427e+01
-3.4652322278e-05,4.5508461364e-05,4.3073212214e+01
1.3169015941e-04,7.9779702985e-06,2.2543607708e+01
-2.7875088855e-05,4.5614449528e-05,4.2367867701e+01
-3.0104404011e-04,2.2907955118e-05,1.7133179236e+01
2.3024838446e-04,1.0488585523e-04,1.4821973442e+01
-2.0356477493e-04,5.9598975840e-05,3.8817946558e+01
-1.4064029887e-04,6.9510720988e-05,3.8618268716e+01
-1.1025043603e-05,4.5995160214e-05,3.9795576673e+01
1.5134606215e-04,8.2932506332e-06,2.2049089714e+01
-4.3370339670e-06,4.6200100141e-05,3.8387010381e+01
3.7318505382e-04,8.1233217991e-06,8.0920317166e+00
2.8291880365e-04,7.3004513356e-05,1.4750857693e+01
3.6614218600e-04,4.8673957258e-05,1.2165594567e+01
-1.0119274223e-04,7.7822379764e-05,3.7747648774e+01
1.5925178402e-04,8.4938395112e-06,2.1703723210e+01
3.8124104092e-05,1.0227163904e-04,2.6014373471e+01
3.3634058510e-04,4.4242968699e-05,1.4040312109e+01
-1.1014679908e-04,7.8035758929e-05,3.7537186777e+01
-1.1194543288e-04,7.6176531359e-05,3.7854817553e+01
2.7751497102e-04,8.8968000574e-06,1.9280953368e+01
2.1773301773e-04,9.7911519281e-05,1.5263565924e+01
2.1711236200e-04,9.4139847648e-05,1.5404884061e+01
3.3687929113e-04,4.8117360468e-05,1.3886813190e+01
3.6138547522e-05,1.0387524365e-04,2.8042704702e+01
3.1521188384e-05,1.0483598014e-04,3.0923267596e+01
2.8884004875e-05,1.0421438532e-04,3.1793963392e+01
1.9479875726e-04,4.0541141181e-05,1.7562409570e+01
3.0197358509e-04,9.9052245524e-05,1.3435190248e+01
2.9809214772e-04,9.8238973431e-05,1.3588567423e+01
3.4658013766e-05,4.8180302114e-05,2.4917895349e+01
-2.5494811210e-04,4.5053513357e-05,3.5013178139e+01
1.3819790462e-04,1.0689298221e-04,1.7074299424e+01
4.4119316215e-05,9.7488265966e-05,2.2041784313e+01
-2.9954849631e-04,5.4367395231e-05,2.9699246541e+01
1.8694233228e-04,9.5458701276e-06,2.0451886740e+01
1.9769876776e-04,9.2201185167e-05,1.6396679125e+01
1.9836523253e-04,9.5961910930e-05,1.6176319100e+01
1.9500306182e-04,9.8520830321e-05,1.6238604552e+01
1.9899713279e-04,9.9732505935e-05,1.5943415159e+01
1.9561772841e-04,1.0229615608e-04,1.6025728211e+01
-2.2102216685e-04,4.5233515038e-05,3.9550109760e+01
2.0264791690e-04,4.1687014587e-05,1.7373023464e+01
-2.8034901442e-04,5.7520616256e-05,3.4035786625e+01
-2.8135714326e-04,6.3559041697e-05,3.6677129823e+01
2.6385782568e-04,1.2794157144e-04,1.3490633977e+01
-1.4162917127e-04,7.1454973152e-05,3.8245960800e+01
-1.0454291664e-04,1.0769287314e-04,3.3326095414e+01
-1.2981282541e-04,7.6748408710e-05,3.7467730901e+01
-1.4845229673e-04,1.0616272922e-04,3.4041289243e+01
2.1053192299e-04,4.2824074337e-05,1.7249182199e+01
-1.8625831398e-04,9.7447621325e-05,3.5146169028e+01
3.6260324883e-04,4.8015239154e-05,1.2408581362e+01
3.6674866416e-04,5.3361423440e-05,1.2022321634e+01
2.0668860072e-04,1.0568360222e-05,1.9965754475e+01
-2.7735453749e-04,2.2985795977e-05,2.2109792767e+01
3.5284073038e-04,5.8479010637e-05,1.2721758555e+01
-1.3469618004e-04,7.5013238602e-05,3.7709213349e+01
3.0584188021e-04,9.9867797331e-05,1.3273726563e+01
-9.1690272874e-05,5.2207858627e-05,4.3209335438e+01
-3.7827201438e-04,3.9694161082e-06,1.0913806498e+01
-2.5237752018e-04,4.2488290726e-05,3.5354614477e+01
2.1459288692e-04,1.1027792780e-05,1.9885307552e+01
-2.7169137366e-04,3.9471402966e-05,2.8933998840e+01
6.7553540448e-05,1.3331185036e-04,1.8737479200e+01
-3.7433393549e-04,3.8124930145e-06,1.4233090130e+01
-3.6852742844e-04,7.2980682355e-06,1.4873547837e+01
-3.6449618653e-04,6.8910063977e-06,1.6084871091e+01
-3.6270544996e-04,1.0514616065e-05,1.5184056764e+01
-3.5874371920e-04,9.9173236428e-06,1.6487383152e+01
-3.6045259198e-04,6.5732032004e-06,1.7606515152e+01
-3.5690081192e-04,1.3506746187e-05,1.5454679076e+01
-1.5006746897e-04,8.3628143859e-05,3.6216311107e+01
1.9699853036e-04,8.8452154529e-05,1.6820529929e+01
8.0602811660e-05,1.0828501658e-04,2.2088775977e+01
-1.5132202945e-04,5.5009672490e-05,4.1219249203e+01
-1.4611856986e-04,5.1261283462e-05,4.2146461375e+01
3.3577561961e-04,4.0400001066e-05,1.4197084478e+01
-3.8291882541e-04,9.3050407953e-06,8.2333924113e+00
3.6297331902e-04,5.6653113987e-05,1.2174398036e+01
-1.7035985128e-04,8.7188819926e-05,3.5803334688e+01
9.6872380921e-05,1.4919450802e-04,1.9458271680e+01
9.6762917070e-05,1.5225880906e-04,1.9232667992e+01
9.9989837937e-05,1.5420545376e-04,1.8959905781e+01
-1.1739687136e-04,1.1241009282e-04,3.3224316552e+01
1.0632965555e-04,1.1671479993e-04,2.0848932109e+01
3.3404300147e-04,5.5384243433e-05,1.3773935423e+01
3.0645334149e-04,5.1446244529e-05,1.4863596199e+01
1.1134525091e-04,5.8412964244e-05,2.2861533415e+01
-1.0292676862e-04,1.0969948216e-04,3.3159220099e+01
-1.0401730844e-04,1.1181773241e-04,3.3040700497e+01
-9.9737103523e-05,1.1374262489e-04,3.2888091090e+01
-9.8162809279e-05,1.1577768824e-04,3.2790967054e+01
-9.5495383172e-05,1.1568867541e-04,3.2751562595e+01
-1.0083897807e-04,1.1578955358e-04,3.2835860719e+01
-1.0350533037e-04,1.1587911904e-04,3.2880384716e+01
-9.9305938965e-05,1.1800609866e-04,3.2774443358e+01
1.6219777896e-04,1.5269166826e-04,1.6783398083e+01
3.0485188253e-04,9.2079063813e-05,1.3590092488e+01
3.0822245735e-04,8.8969550469e-05,1.3587979087e+01
1.2005000757e-04,1.5031688379e-04,1.7170557514e+01
-3.0488289362e-04,2.1186387432e-05,1.7118186201e+01
-2.7138869565e-04,2.2304748207e-05,2.6265157620e+01
-2.3893435400e-04,2.2273014296e-05,3.9110033015e+01
1.1874692841e-04,5.9847564713e-05,2.2912569943e+01
-2.8500747547e-04,3.8448661785e-05,2.0375058898e+01
-1.0069950019e-04,1.0549912578e-04,3.3502389892e+01
-9.7958830733e-05,1.0541077953e-04,3.3504778566e+01
1.9959795456e-04,1.0351280802e-04,1.5738705092e+01
1.9619980170e-04,1.0608081339e-04,1.5807214933e+01
-1.0609831373e-04,1.1623994098e-04,3.2920448185e+01
-1.0416961302e-04,1.1795789849e-04,3.2870920314e+01
-1.0873394995e-04,1.1645777481e-04,3.2968159051e+01
-2.2166403806e-04,7.2305579770e-05,3.7102146910e+01
2.3443528385e-04,1.2280616102e-05,1.9858438813e+01
1.9687939857e-04,1.5041511727e-04,1.4173571141e+01
1.9291819691e-04,1.4915402354e-04,1.4324422012e+01
1.9226580915e-04,8.3575826906e-05,1.6983896393e+01
-1.4406227969e-04,1.0161767108e-04,3.4247095250e+01
-1.4135704848e-04,1.0141991787e-04,3.4226064899e+01
3.2449226311e-04,1.0006670952e-04,1.2540511610e+01
-2.0204162394e-04,7.8056281427e-05,3.6748735944e+01
-1.4664632560e-04,1.0804306382e-04,3.3926072149e+01
6.9025702302e-05,9.0974419578e-05,2.2282241109e+01
8.0963144850e-05,1.1124719913e-04,2.2024072213e+01
3.3638902934e-04,7.5227690831e-05,1.2979327639e+01
-2.3429047407e-04,7.4763867079e-05,3.6940016579e+01
-2.3415749257e-04,7.2440754676e-05,3.7038944960e+01
-1.8961106690e-04,8.0789367868e-05,3.6508837958e+01
5.9945994054e-05,1.3605015143e-04,3.1444229804e+01
5.7640231180e-05,1.3691129771e-04,3.6516598895e+01
5.5684129758e-05,1.3534934824e-04,4.5003781981e+01
5.3005203803e-05,1.3676345015e-04,6.8498920722e+01
-1.4760958320e-04,1.0398887699e-04,3.4143318363e+01
9.3459307854e-05,1.5070037698e-04,1.9496322718e+01
9.0241895629e-05,1.4914322028e-04,1.9769679574e+01
8.6271811120e-05,1.5105633762e-04,1.9606192950e+01
8.3542777593e-05,1.4875684313e-04,2.0034271868e+01
3.2073155612e-04,9.9210896787e-05,1.2733307627e+01
-3.6483640286e-04,1.9955791460e-05,1.1874570826e+01
-3.6176979538e-04,2.4322717073e-05,1.1675150507e+01
-3.5603738035e-04,2.7305992309e-05,1.2282178391e+01
-3.5853335762e-04,2.8656195557e-05,1.1618856784e+01
-3.5292227810e-04,3.1459275056e-05,1.2230147911e+01
-3.6493450739e-04,2.5312134244e-05,1.0958354153e+01
-3.6009261902e-04,3.0955535823e-05,1.1093923976e+01
-3.5037010035e-04,3.0031261196e-05,1.3022860428e+01
-3.4734431727e-04,3.4189307618e-05,1.2962777511e+01
-3.5049750176e-04,3.5306881248e-05,1.2156093893e+01
-3.4452065174e-04,3.8716734972e-05,1.2816410568e+01
4.8936452268e-05,9.6669456283e-05,2.2018506534e+01
9.7103491098e-05,1.4584920307e-04,1.9504381255e+01
-3.7676462371e-04,1.2867266277e-05,1.0066395607e+01
-3.7335576711e-04,1.7391022711e-05,1.0432949115e+01
-3.6771167658e-04,2.0785693851e-05,1.1110683722e+01
1.3767911604e-04,6.3776898612e-05,2.0425982575e+01
-1.7529683067e-04,6.9356369119e-05,3.8095065391e+01
2.9615768252e-04,3.9222006833e-05,1.5608398059e+01
2.9948361169e-04,3.6126289834e-05,1.5639051960e+01
-1.6539949569e-04,1.0353820268e-04,3.4471238249e+01
-3.4752954294e-04,2.8623202141e-05,1.4081259301e+01
2.4242829889e-04,1.2810734327e-05,1.9888047457e+01
1.4521959324e-04,6.5438244493e-05,1.9029825468e+01
-2.8188047912e-04,6.1054046709e-05,3.5629894222e+01
3.2293374537e-04,5.7538135937e-05,1.4142231396e+01
3.2347747794e-04,6.1393261252e-05,1.3994252918e+01
3.2735135609e-04,6.2006316156e-05,1.3827025911e+01
3.2400113300e-04,6.5272001558e-05,1.3844965264e+01
3.2011975655e-04,6.4638045972e-05,1.4006550066e+01
1.1996721240e-04,1.5366131315e-04,1.7549887413e+01
1.2015185949e-04,1.5695994946e-04,1.7930602930e+01
1.1333636071e-04,1.5799016650e-04,1.8368250924e+01
1.9222847857e-04,1.0483824377e-04,1.6117907525e+01
1.9278984252e-04,1.0862657390e-04,1.5896158062e+01
1.8936663365e-04,1.1114875573e-04,1.6018543657e+01
1.8987138712e-04,1.1494736723e-04,1.5802452696e+01
-7.1769444034e-05,1.0695563248e-04,3.3512810552e+01
-1.7954199990e-04,1.0083012474e-04,3.4856917099e+01
-1.7707972384e-04,1.0057827341e-04,3.4826357210e+01
-1.8211019522e-04,1.0145552746e-04,3.4874760082e+01
-2.3242788576e-04,4.2246117754e-05,3.8613161891e+01
-2.6517273553e-04,2.1765787853e-05,2.9816447930e+01
3.0147480296e-04,9.5168788127e-05,1.3590239365e+01
2.2316180056e-04,8.4999824112e-05,1.5554289128e+01
2.1912311572e-04,8.3950155692e-05,1.5737319421e+01
2.1981537102e-04,8.7696714896e-05,1.5556638402e+01
2.1578408439e-04,8.6624462973e-05,1.5748980909e+01
2.1507728650e-04,8.2882279708e-05,1.5950991204e+01
2.1646276868e-04,9.0377228550e-05,1.5565988975e+01
3.4072353860e-04,4.8630534426e-05,1.3682186345e+01
-2.7983509990e-04,6.0016024527e-05,3.5162699026e+01
-2.7560191808e-04,5.8086590014e-05,3.4587381415e+01
-1.4830684983e-04,4.9534037123e-05,4.2446109919e+01
2.9867890144e-04,3.2488336755e-05,1.5823492186e+01
3.8143045570e-04,2.1561538397e-05,1.0564274056e+01
3.8155125026e-04,2.6122478084e-05,1.0990476049e+01
3.7851767051e-04,2.9702140474e-05,1.1313506727e+01
3.8495710148e-04,1.8219341496e-05,1.0056557134e+01
3.8197932609e-04,3.1183932184e-05,1.1176703751e+01
3.7515953357e-04,2.9122351245e-05,1.1480735640e+01
3.7535637804e-04,3.3404849108e-05,1.1613336264e+01
3.7193972353e-04,3.2860897432e-05,1.1822309251e+01
3.7585519562e-04,3.7841655941e-05,1.1628503251e+01
3.7250350434e-04,4.1473060015e-05,1.1841938260e+01
4.6188999480e-05,9.5868522888e-05,2.2045072703e+01
-2.4599710009e-04,2.4300705637e-05,3.7114389901e+01
-2.4906066608e-04,2.2650889519e-05,3.6316883187e+01
2.3054261061e-04,8.3295937834e-05,1.5410065253e+01
3.2976182360e-04,8.1737421038e-05,1.3032970086e+01
-2.8843195050e-04,6.2063286948e-05,3.6635277226e+01
-2.1766625069e-04,4.3074802040e-05,4.0099484937e+01
-1.6834254820e-04,8.9079329776e-05,3.5598230812e+01
-2.7422174724e-04,4.0088373398e-05,2.7970438549e+01
-1.6392120471e-04,9.9136096016e-05,3.4701809834e+01
3.0612401630e-04,2.9869514730e-05,1.5709267005e+01
-1.1979287925e-04,1.0631140789e-04,3.3589863064e+01
-1.2250398230e-04,1.0645630481e-04,3.3614323177e+01
-1.2422670246e-04,1.0448066754e-04,3.3779205564e+01
-2.6760170002e-04,6.5290246166e-05,3.6639985524e+01
-2.6977466223e-04,6.6183188756e-05,3.6863486898e+01
-2.6945935417e-04,6.8648961769e-05,3.7345944788e+01
-2.7139148581e-04,6.9699899074e-05,3.7698729931e+01
-2.7385612517e-04,6.8321926140e-05,3.7585150673e+01
-2.7606522969e-04,6.9861620057e-05,3.8214151503e+01
-2.7073160786e-04,7.2404962979e-05,3.8201122323e+01
-2.6314510935e-04,6.3634005823e-05,3.6394766165e+01
-2.6086063968e-04,6.2868384178e-05,3.6358653106e+01
-2.6108828577e-04,6.0473012513e-05,3.6038708810e+01
-1.1877550283e-04,1.0419455623e-04,3.3743976071e+01
-2.5812723784e-04,3.9104063029e-05,3.3687448194e+01
6.9840359917e-05,1.1171003580e-04,2.1494755887e+01
-2.9583250637e-04,5.1742961851e-05,2.6881734947e+01
-2.6943203585e-04,3.6725349189e-05,2.9232796466e+01
-3.4186982415e-04,3.6619354482e-05,1.3876735721e+01
-6.1899513007e-05,5.2136337240e-05,4.3266446377e+01
9.4175671050e-05,1.4078552656e-04,1.9583659752e+01
5.4189395245e-05,8.6749788742e-05,2.2283895323e+01
-3.0588904839e-04,1.8771622805e-05,1.7102958769e+01
7.0128719051e-05,1.1451978455e-04,2.1339283989e+01
1.5508447680e-04,1.0289987387e-04,1.7052365713e+01
1.5556489414e-04,1.0653145023e-04,1.7049176617e+01
-2.3391667747e-04,6.7852655565e-05,3.7227581664e+01
3.3055030335e-04,3.2439834008e-05,1.4742403678e+01
-3.3324216758e-04,3.1852351913e-05,1.6993585435e+01
-3.2814544342e-04,3.3778159073e-05,1.7030332681e+01
3.2023375517e-04,9.5258583738e-05,1.2911319039e+01
-2.4390451344e-04,3.9366419052e-05,3.6976308664e+01
-2.4679617564e-04,3.9681481580e-05,3.6415952434e+01
-2.7433892069e-04,6.5604803844e-05,3.6918156288e+01
-2.7206363565e-04,3.7272250094e-05,2.8123266713e+01
-2.7009557230e-04,6.3692661881e-05,3.6333610584e+01
-9.7680344701e-05,9.5286841048e-05,3.4802753282e+01
-2.8900398189e-04,5.9407598523e-05,3.4968615591e+01
3.4634907291e-04,3.3894521846e-05,1.3772479313e+01
-1.0343809160e-04,1.0559419436e-04,3.3504261620e+01
8.3305421956e-05,1.0663275435e-04,2.2227548367e+01
8.0202781349e-05,1.0535653591e-04,2.2151962733e+01
1.6768586903e-04,7.0520823327e-05,1.7072449085e+01
-2.9889090035e-04,3.6008254938e-05,1.7205700402e+01
2.2570908844e-04,1.0005613049e-04,1.5018391837e+01
2.2230288295e-04,1.0277556088e-04,1.5020709109e+01
2.3388912302e-04,8.0545491012e-05,1.5425103233e+01
-1.7386989116e-04,6.5349452343e-05,3.8752284863e+01
-1.3445574637e-04,5.8173471056e-05,4.1001587561e+01
-1.3761599049e-04,5.8253587645e-05,4.0907541032e+01
-1.8566057950e-04,9.5213925935e-05,3.5269200189e+01
-1.8768557060e-04,9.3324958681e-05,3.5419182345e+01
-1.7117050033e-04,9.7767144649e-05,3.4898266954e+01
1.1000430068e-04,1.5226858192e-04,1.8526618765e+01
-3.0938337490e-04,2.5267999559e-05,1.7135446501e+01
2.6749843868e-04,7.3638704431e-05,1.5019060739e+01
2.6815559256e-04,7.7383146434e-05,1.4897697488e+01
2.7216876439e-04,7.8192765184e-05,1.4804703279e+01
1.2594103304e-04,1.1878144007e-04,1.7100386886e+01
1.2617770446e-04,1.2230125879e-04,1.7128506665e+01
3.4100235572e-04,8.4098882914e-05,1.2429919006e+01
3.4180561630e-04,8.8364556254e-05,1.2225064293e+01
3.4869864230e-04,8.1773597860e-05,1.2135576601e+01
3.4815446105e-04,7.7441860109e-05,1.2323656288e+01
1.4317412420e-04,1.2270781848e-04,1.7113629095e+01
-1.4940983631e-04,7.5678061280e-05,3.7418954680e+01
3.4256315660e-04,6.4573543511e-05,1.3064700357e+01
1.2340618475e-04,1.4854729365e-04,1.7185026946e+01
-2.9617040494e-04,1.9392838163e-05,1.7104681204e+01
-2.9541375749e-04,2.1624499210e-05,1.7117025210e+01
1.0061818608e-04,1.4074158589e-04,1.8962057673e+01
2.8376829252e-04,3.7434260618e-05,1.6073862386e+01
2.8459699460e-04,4.1065007372e-05,1.5855294299e+01
2.4127866203e-04,7.8727527086e-05,1.5323286386e+01
2.3792941452e-04,8.1515021062e-05,1.5300524973e+01
-3.2543157601e-04,3.2286495628e-05,1.7070363502e+01
2.5597372406e-04,1.2604189762e-04,1.3768745667e+01
2.5202786600e-04,1.2507837421e-04,1.3897407748e+01
2.5155306033e-04,1.2126829723e-04,1.4030863784e+01
2.4807937253e-04,1.2410437619e-04,1.4019298894e+01
-2.8558037349e-04,3.6168398956e-05,1.8286197296e+01
3.4093675708e-04,3.6223591694e-06,1.6281736565e+01
3.3776567947e-04,7.1600871153e-06,1.5999617273e+01
3.3348109418e-04,7.1192803573e-06,1.6473313166e+01
3.3251873350e-04,3.5633764511e-06,1.6888680922e+01
3.3830247245e-04,1.0977202624e-05,1.5552149924e+01
3.3496427952e-04,1.4567647929e-05,1.5500796883e+01
3.4171636736e-04,7.3097253803e-06,1.5485546757e+01
3.3121334866e-04,9.3816088376e-05,1.2501798272e+01
3.3193289503e-04,9.7923276561e-05,1.2301317704e+01
3.3497212806e-04,9.1187090359e-05,1.2436660956e+01
1.2010533472e-04,1.4695561220e-04,1.7032786657e+01
-2.8579257191e-04,2.4381062639e-05,1.7019011987e+01
-9.0156779573e-05,1.1552468405e-04,3.2682742140e+01
-3.6217752795e-04,3.3271649699e-06,2.0190442745e+01
-3.5649701961e-04,6.3006251305e-06,1.8203293788e+01
2.9618654509e-04,1.1292337141e-04,1.3097784980e+01
2.9763594683e-04,6.8337448161e-05,1.4557464110e+01
3.1564959081e-04,6.0179832480e-05,1.4302598144e+01
3.1621447699e-04,6.4007484431e-05,1.4159639948e+01
3.1285107335e-04,6.7203127240e-05,1.4163985777e+01
3.1675987720e-04,6.7855730483e-05,1.4015474218e+01
3.1339742321e-04,7.1048165498e-05,1.4021530870e+01
3.1728841607e-04,7.1723611987e-05,1.3869225895e+01
3.0892107456e-04,6.6550090503e-05,1.4304976381e+01
2.9758440435e-04,9.4371008813e-05,1.3737429372e+01
3.0912330065e-04,4.4557409914e-05,1.5023364099e+01
2.7901409103e-04,1.2773221528e-04,1.3046811645e+01
2.8234633684e-04,1.2901367201e-04,1.2880948633e+01
2.7556704601e-04,1.3064896278e-04,1.3028742381e+01
2.7169825968e-04,1.2978195651e-04,1.3187244691e+01
2.7220557085e-04,1.3365190978e-04,1.3000459742e+01
2.6777496565e-04,1.2885884875e-04,1.3342648258e+01
2.6338233831e-04,1.2411727901e-04,1.3648900191e+01
-2.6804823864e-04,4.5569046349e-05,3.1976175750e+01
3.4778247720e-04,1.8889450917e-05,1.3939424385e+01
3.4846769629e-04,2.2669934512e-05,1.3800592122e+01
3.2095717724e-04,2.4320507134e-05,1.5510952335e+01
2.8965454087e-04,6.6946447390e-05,1.4790623354e+01
1.7658520631e-04,1.3235261057e-04,1.5919074971e+01
1.7322369984e-04,1.3849119353e-04,1.5797932268e+01
1.8017586305e-04,1.2995864837e-04,1.5805721604e+01
-2.3853606949e-04,4.8988651621e-05,3.7557052965e+01
-2.3582083858e-04,5.0732843458e-05,3.7773862213e+01
6.0303878678e-05,1.3345455119e-04,2.3502246000e+01
-2.6627468157e-04,5.7181258532e-05,3.5100150475e+01
2.2043404240e-04,1.1686667900e-04,1.4737199922e+01
2.1696035563e-04,1.1956018442e-04,1.4744185952e+01
2.1301955243e-04,1.1842954125e-04,1.4851771330e+01
2.1347286096e-04,1.2223411026e-04,1.4753157929e+01
2.1741068818e-04,1.2336383935e-04,1.4646980850e+01
2.0953779506e-04,1.2108123008e-04,1.4866993149e+01
2.0997036651e-04,1.2488740834e-04,1.4763840337e+01
2.0604100029e-04,1.2371153236e-04,1.4885150279e+01
2.0645105737e-04,1.2751918749e-04,1.4775903070e+01
2.0252732817e-04,1.2631920877e-04,1.4906138304e+01
2.1037909541e-04,1.2869321130e-04,1.4657497856e+01
2.0291283829e-04,1.3012773208e-04,1.4788980220e+01
2.0211469019e-04,1.2251034492e-04,1.5022628269e+01
2.0907997471e-04,1.1727596510e-04,1.4970649171e+01
1.9860729656e-04,1.2509265649e-04,1.5056176926e+01
2.2090281672e-04,1.2066887833e-04,1.4642829968e+01
2.2135128908e-04,1.2447161854e-04,1.4544079386e+01
2.1784057522e-04,1.2716708653e-04,1.4544606543e+01
2.2178169215e-04,1.2827337563e-04,1.4437933819e+01
2.2529481863e-04,1.2555858850e-04,1.4441215187e+01
2.2572674146e-04,1.2935914680e-04,1.4329399980e+01
2.1825241696e-04,1.3096839221e-04,1.4433957069e+01
2.2924143635e-04,1.2662579323e-04,1.4336066113e+01
2.2879355846e-04,1.2282433130e-04,1.4444303655e+01
2.2967572880e-04,1.3042577100e-04,1.4217228124e+01
2.2614525837e-04,1.3315724551e-04,1.4205979718e+01
2.0167251972e-04,1.1870260827e-04,1.5142376171e+01
2.8653716719e-04,1.2635835408e-04,1.2858392088e+01
1.2677053148e-04,1.4675254315e-04,1.7216524342e+01
1.2026656096e-04,9.7130082669e-05,2.0021839186e+01
1.1724003902e-04,9.9133573635e-05,2.0708141185e+01
2.5271085272e-04,7.7726254355e-05,1.5144352471e+01
-3.1953491229e-04,1.8740659528e-06,1.7136584241e+01
-3.1518305011e-04,3.7363180815e-06,1.7111314919e+01
3.2048912818e-04,3.2323045434e-06,1.7234739784e+01
3.1302589885e-04,6.1722674719e-06,1.7195515966e+01
3.2105584419e-04,6.5919379507e-06,1.7013843960e+01
-2.5099600487e-04,6.9620504880e-05,3.7078167778e+01
-2.5094330369e-04,7.2026244362e-05,3.7179194928e+01
-2.4859941974e-04,7.1337385682e-05,3.7142161717e+01
1.0937686663e-04,1.1485983497e-04,2.0033405152e+01
2.7544445019e-04,3.6143233522e-05,1.6532753303e+01
2.7630769838e-04,3.9764926880e-05,1.6066362509e+01
2.7214943305e-04,3.9083230450e-05,1.6484940513e+01
2.4990540917e-04,1.3932854946e-04,1.3399419151e+01
2.5385263207e-04,1.4029999968e-04,1.3245383495e+01
2.4630892812e-04,1.4204618021e-04,1.3374156088e+01
2.4238688275e-04,1.4109105431e-04,1.3521651343e+01
2.4250162663e-04,1.4458222285e-04,1.3357777538e+01
2.5734936592e-04,1.3746546685e-04,1.3274590566e+01
2.4197316845e-04,1.3731965992e-04,1.3692048596e+01
2.1977262759e-04,1.4612506256e-04,1.3855119387e+01
2.1615360947e-04,1.4878209356e-04,1.3815991930e+01
2.1217525521e-04,1.4764887501e-04,1.3961636308e+01
2.1251131500e-04,1.5141401776e-04,1.3768999360e+01
2.1644657101e-04,1.5232202721e-04,1.3627503253e+01
2.1251164432e-04,1.5527059224e-04,1.3554931924e+01
2.0820673537e-04,1.4649328743e-04,1.4103369666e+01
2.2016530259e-04,1.4978937910e-04,1.3670770590e+01
2.2457781429e-04,1.5138131064e-04,1.3480583268e+01
2.0863787040e-04,1.5386660935e-04,1.3725156111e+01
2.2773859572e-04,1.4830053059e-04,1.3559238324e+01
-1.7467608666e-04,4.4879896117e-05,4.2445388239e+01
2.2832963348e-04,1.1902268328e-04,1.4544269791e+01
2.3227875672e-04,1.2007173481e-04,1.4447612735e+01
-2.5377995264e-04,6.0810407330e-05,3.6500900012e+01
-2.5634838589e-04,5.9112010533e-05,3.6193081327e+01
2.5319495424e-04,2.4815760382e-05,1.8341085971e+01
2.4982892716e-04,2.7394833039e-05,1.8085185227e+01
2.4579682159e-04,2.7032195677e-05,1.8251811366e+01
2.4646748321e-04,2.9954654413e-05,1.7847289774e+01
2.4244236591e-04,2.9564678584e-05,1.8010578940e+01
2.5048253067e-04,3.0323386624e-05,1.7691964436e+01
2.4175823189e-04,2.6649834874e-05,1.8329200062e+01
2.3841201586e-04,2.9156096386e-05,1.8082495253e+01
2.4311171081e-04,3.2497012600e-05,1.7653454974e+01
2.3772505469e-04,2.6253905259e-05,1.8338812984e+01
2.3438690010e-04,2.8734824195e-05,1.8104132571e+01
2.3507249429e-04,3.1648257694e-05,1.7867095054e+01
2.3105607280e-04,3.1202816832e-05,1.7904574342e+01
2.3037164646e-04,2.8304899157e-05,1.8123188591e+01
2.5384910557e-04,2.7735811014e-05,1.7889338952e+01
2.5448482355e-04,3.0671075867e-05,1.7487553192e+01
2.5785600915e-04,2.8054946654e-05,1.7702331389e+01
3.4119920215e-04,2.5939059692e-05,1.4385556399e+01
-2.0199889027e-04,2.4827968968e-05,4.4373882861e+01
-2.0553579421e-04,2.4876431670e-05,4.4014913259e+01
-2.0004584256e-04,2.8140736333e-05,4.3981768609e+01
-2.0900281483e-04,2.4935269137e-05,4.3635989699e+01
-2.1461411342e-04,2.1709433390e-05,4.3469677026e+01
-2.1812772623e-04,2.1763574021e-05,4.2986436795e+01
-1.8917097493e-04,8.9219011420e-05,3.5735624363e+01
1.6627796912e-04,8.2911312942e-05,1.7066351356e+01
1.6308115098e-04,8.5275911878e-05,1.7066113953e+01
1.5932029933e-04,8.4179401593e-05,1.7074701094e+01
2.4711926454e-04,3.2891742657e-05,1.7504406191e+01
-2.3234025780e-04,8.1247324377e-05,3.6588124957e+01
-2.3476009478e-04,8.1843117171e-05,3.6600086067e+01
-2.3494110650e-04,8.4236000889e-05,3.6472502236e+01
-3.3639689724e-04,2.0331149436e-05,1.7042556117e+01
-1.8631507057e-04,7.8358119747e-05,3.6783061798e+01
1.5135540419e-04,7.8800949563e-05,1.7015482798e+01
1.4825323470e-04,8.1066074081e-05,1.6993387474e+01
-3.4730564742e-04,1.5433482783e-05,1.7092360428e+01
-3.4535217516e-04,1.8932355318e-05,1.7013910797e+01
-2.3010832162e-04,8.3029304193e-05,3.6465049103e+01
1.8557611567e-04,1.5766422615e-04,1.4000809422e+01
2.5028041082e-04,1.4363765774e-04,1.3189246055e+01
2.5458733290e-04,1.4410457860e-04,1.3042409939e+01
-2.0300221353e-04,1.3587246296e-05,4.6125463633e+01
-1.9924826924e-04,1.3568262968e-05,4.6525823200e+01
-2.0026254934e-04,1.5138397430e-05,4.6169550755e+01
-1.9755500789e-04,1.6693387381e-05,4.6182397747e+01
2.5942061312e-04,7.1988832045e-05,1.5209040667e+01
1.6988184693e-04,1.5213209637e-04,1.4999458204e+01
1.6991588913e-04,1.5589857514e-04,1.4622583448e+01
1.7375538043e-04,1.5732821809e-04,1.4293193715e+01
1.6991013693e-04,1.5964528356e-04,1.4184489011e+01
3.2262303718e-04,8.4181620629e-05,1.3236387347e+01
2.2104570041e-04,2.1831758593e-05,1.8635985883e+01
2.1772834227e-04,2.4195759452e-05,1.8409204986e+01
2.1376241126e-04,2.3783472790e-05,1.8456930358e+01
2.1442247479e-04,2.6551006331e-05,1.8224089038e+01
2.1046188205e-04,2.6113636131e-05,1.8283498812e+01
2.1839302341e-04,2.6990282418e-05,1.8184155119e+01
2.1509334332e-04,2.9362425969e-05,1.8004441796e+01
2.0980537562e-04,2.3374609063e-05,1.8524326993e+01
2.0650928208e-04,2.5679506280e-05,1.8351853192e+01
2.0717406685e-04,2.8437325134e-05,1.8129436572e+01
2.0322670649e-04,2.7978902016e-05,1.8213070265e+01
2.0256601209e-04,2.5249551804e-05,1.8439495026e+01
2.2170464938e-04,2.4610019740e-05,1.8383511467e+01
2.2237394281e-04,2.7430229708e-05,1.8141997907e+01
2.2569133312e-04,2.5024563093e-05,1.8359865294e+01
2.2636664142e-04,2.7869144249e-05,1.8136441831e+01
2.2305272705e-04,3.0288999489e-05,1.7943837871e+01
2.2969031656e-04,2.5438475988e-05,1.8344849276e+01
2.2901855532e-04,2.2608350201e-05,1.8592991841e+01
2.3302303697e-04,2.2995496374e-05,1.8603263214e+01
1.6850895271e-04,5.5912545049e-05,1.7635463600e+01
1.6532777081e-04,5.8171825106e-05,1.7660640034e+01
1.6152493676e-04,5.7428532971e-05,1.8005504390e+01
-2.5510161982e-04,4.2911138944e-05,3.4797059367e+01
-1.5852701601e-04,8.4187742308e-05,3.6129613233e+01
-1.6132521804e-04,8.4391830331e-05,3.6103572600e+01
-1.5932339574e-04,8.6277290238e-05,3.5871874285e+01
-1.6210004135e-04,8.6490388115e-05,3.5852692401e+01
-1.6286660575e-04,8.8604869912e-05,3.5618548173e+01
-1.5571817261e-04,8.3992580436e-05,3.6157049057e+01
2.0103810232e-04,8.9627965589e-05,1.6320231359e+01
-2.0887246102e-04,5.8062956496e-05,3.8810880308e+01
-1.8793831491e-04,1.3520954114e-05,4.7571618216e+01
-1.8903688173e-04,1.5083843770e-05,4.7214819046e+01
-1.9171287118e-04,1.3536529059e-05,4.7246534586e+01
-1.9011748212e-04,1.6650003582e-05,4.6855112645e+01
-1.0332656242e-04,9.5451013693e-05,3.4726923215e+01
1.4171833541e-04,5.0989128023e-05,2.0907678825e+01
1.4245524986e-04,5.3789128132e-05,2.0561020511e+01
1.4628076014e-04,5.4500641739e-05,1.9938896015e+01
1.4939097921e-04,5.2357047889e-05,1.9709941431e+01
1.5322103095e-04,5.3055372557e-05,1.9185113715e+01
1.5390127185e-04,5.5948329521e-05,1.8857648428e+01
3.3299283016e-04,4.7616245519e-05,1.4079996843e+01
1.2172587444e-04,7.1222971329e-05,2.3010160162e+01
1.2244997128e-04,7.4189529420e-05,2.2732661996e+01
1.2618332254e-04,7.5145953685e-05,2.1640395204e+01
1.2315389773e-04,7.7205607770e-05,2.2276195585e+01
1.1942795449e-04,7.6222738656e-05,2.3031711788e+01
1.2013088002e-04,7.9242576589e-05,2.2832939485e+01
1.1642828753e-04,7.8235115027e-05,2.2887251817e+01
1.1572743668e-04,7.5262505572e-05,2.2879676707e+01
1.1276571248e-04,7.7258986127e-05,2.2893738335e+01
1.1206855257e-04,7.4329603427e-05,2.2875993764e+01
1.0914643995e-04,7.6304287319e-05,2.2851056435e+01
1.0844978353e-04,7.3422445213e-05,2.2847599425e+01
1.0556601390e-04,7.5379024674e-05,2.2824299900e+01
1.0486980167e-04,7.2542016842e-05,2.2817399419e+01
1.0202426662e-04,7.4481576547e-05,2.2792053465e+01
1.0132776075e-04,7.1688125634e-05,2.2788038112e+01
9.8520382774e-05,7.3611566788e-05,2.2761127661e+01
9.7822695297e-05,7.0860842919e-05,2.2757765097e+01
9.5051985309e-05,7.2772039042e-05,2.2730357429e+01
9.4353414239e-05,7.0060579980e-05,2.2728711567e+01
9.1621829825e-05,7.1954470640e-05,2.2699119451e+01
9.0919418414e-05,6.9285996092e-05,2.2700568541e+01
8.8225474155e-05,7.1166206119e-05,2.2671592900e+01
8.7519146926e-05,6.8538107167e-05,2.2673684339e+01
8.4151584370e-05,6.7816478545e-05,2.2649019117e+01
8.1531675583e-05,6.9672121209e-05,2.2620537776e+01
8.0815496813e-05,6.7121157574e-05,2.2626194299e+01
7.8231927920e-05,6.8965675597e-05,2.2597497528e+01
7.7509700143e-05,6.6451885566e-05,2.2606292412e+01
7.4961934745e-05,6.8285971104e-05,2.2578856778e+01
7.4232970841e-05,6.5808513058e-05,2.2588187038e+01
7.0983868352e-05,6.5191335733e-05,2.2573103354e+01
6.8505751885e-05,6.7006578431e-05,2.2547992959e+01
6.5317412986e-05,6.6405325109e-05,2.2537837572e+01
6.4564836757e-05,6.4031379760e-05,2.2550136589e+01
6.2152417244e-05,6.5832822786e-05,2.2530077363e+01
6.1391871491e-05,6.3489528898e-05,2.2542412170e+01
5.9012646476e-05,6.5280909508e-05,2.2523140777e+01
5.8242133390e-05,6.2971444250e-05,2.2537104601e+01
5.5894268674e-05,6.4755758300e-05,2.2520537334e+01
5.5114069252e-05,6.2477793673e-05,2.2533245310e+01
5.2795631935e-05,6.4258201033e-05,2.2519776053e+01
4.9718478204e-05,6.3780242980e-05,2.2519402190e+01
4.8918541681e-05,6.1562051102e-05,2.2532087092e+01
4.6659280563e-05,6.3327834671e-05,2.2522612792e+01
4.5849008190e-05,6.1138897675e-05,2.2533640714e+01
4.3616552785e-05,6.2901727120e-05,2.2527204358e+01
4.2796704549e-05,6.0738955418e-05,2.2535554992e+01
4.0591940260e-05,6.2494100421e-05,2.2534315640e+01
3.9761010071e-05,6.0360752189e-05,2.2541315939e+01
3.6740701455e-05,6.0004717186e-05,2.2561708091e+01
3.3734831476e-05,5.9670783923e-05,2.2427456246e+01
3.0743007499e-05,5.9357544683e-05,2.3163286596e+01
2.7738132632e-05,5.9060861682e-05,2.5039871072e+01
2.4707092313e-05,5.8779834377e-05,2.6610674076e+01
2.2609131439e-05,6.0505136510e-05,2.7330362506e+01
1.9563823536e-05,6.0234905388e-05,2.8789175511e+01
1.8577013631e-05,5.8261682457e-05,2.9500009768e+01
1.6497069253e-05,5.9982995609e-05,3.0150810911e+01
1.5481085075e-05,5.8024954149e-05,3.0809321841e+01
1.3412464198e-05,5.9742140093e-05,3.1415209439e+01
1.2366845063e-05,5.7802033061e-05,3.2028204165e+01
1.0309814812e-05,5.9517776180e-05,3.2584752801e+01
9.2355852736e-06,5.7593105589e-05,3.3158065602e+01
7.1903069630e-06,5.9310490354e-05,3.3662613244e+01
6.0886137650e-06,5.7397998676e-05,3.4201450758e+01
4.0570325380e-06,5.9113010508e-05,3.4652687142e+01
2.9273891391e-06,5.7215589661e-05,3.5161555343e+01
-2.4701205827e-07,5.7045900215e-05,3.6041982245e+01
-3.4335114898e-06,5.6888673213e-05,3.6846507932e+01
-6.6309179729e-06,5.6742813586e-05,3.7579142646e+01
-9.8383408952e-06,5.6608244949e-05,3.8243942458e+01
-1.3054895294e-05,5.6484680454e-05,3.8844893789e+01
-1.6279613918e-05,5.6371095937e-05,3.9386034965e+01
-1.8201053252e-05,5.8092873493e-05,3.9483929020e+01
-2.1415714593e-05,5.7993111134e-05,3.9925600616e+01
-2.4635957255e-05,5.7898737003e-05,4.0317781833e+01
-2.7862008717e-05,5.7814873738e-05,4.0663734555e+01
-2.9245388313e-05,5.6010633577e-05,4.1028830427e+01
-3.2500115306e-05,5.5941830849e-05,4.1327025088e+01
-3.4328397045e-05,5.7673276884e-05,4.1230957118e+01
-3.7567444748e-05,5.7613724157e-05,4.1458950582e+01
-4.0809935571e-05,5.7563946192e-05,4.1653452292e+01
-4.4054776726e-05,5.7517082569e-05,4.1818235797e+01
1.2384317681e-04,8.0277151350e-05,2.1647369456e+01
-4.7301988395e-05,5.7478307017e-05,4.1955169731e+01
-3.2920719822e-05,5.9484547887e-05,4.0882802805e+01
-2.3299437499e-05,5.9729174619e-05,3.9956275950e+01
-1.3730719974e-05,6.0059537118e-05,3.8602186606e+01
-4.2345687637e-06,6.0489471132e-05,3.6710461858e+01
2.3545543508e-05,6.2525063123e-05,2.6564940743e+01
-3.7215253119e-05,5.4099421506e-05,4.1950820700e+01
-2.7380266173e-05,5.4289307517e-05,4.1069966851e+01
-1.7590551088e-05,5.4550870864e-05,3.9794964889e+01
-7.8648675320e-06,5.4895407388e-05,3.8032340526e+01
3.2461266476e-05,6.3498355875e-05,2.2403750286e+01
1.7740636754e-06,5.5334758922e-05,3.5682578853e+01
2.0675509929e-05,5.6542537906e-05,2.8870883710e+01
2.9864942310e-05,5.7327561519e-05,2.4447331008e+01
1.1136084730e-04,7.1447965663e-05,2.2865534627e+01
5.7462823122e-05,6.0691055858e-05,2.2548394441e+01
7.6777676788e-05,6.3971448781e-05,2.2614182666e+01
6.7007940448e-05,6.2221691432e-05,2.2571434138e+01
5.0508631177e-05,6.6032950844e-05,2.2507691456e+01
6.9236942867e-05,6.9453111573e-05,2.2537049192e+01
9.2309559748e-05,7.4669601284e-05,2.2700301130e+01
1.0982826060e-04,7.9239968829e-05,2.2860600952e+01
7.8962034234e-05,7.1522498183e-05,2.2589912039e+01
8.5581113204e-05,7.3040242457e-05,2.2640027492e+01
1.0272913555e-04,7.7327773498e-05,2.2797756595e+01
1.2083476561e-04,8.2320875739e-05,2.2371895999e+01
-4.7080462250e-05,5.3971095829e-05,4.2520269444e+01
-5.0551131513e-05,5.7448690979e-05,4.2066407092e+01
-4.9007394895e-05,5.9232905303e-05,4.1726153181e+01
8.3431084479e-05,6.5262830317e-05,2.2654029649e+01
1.0062147317e-04,6.8936319477e-05,2.2783880222e+01
1.2922014689e-04,7.3068211826e-05,2.1153132778e+01
1.2990056408e-04,7.6115712757e-05,2.0632162955e+01
1.3295027271e-04,7.4011861688e-05,2.0204884963e+01
1.3361833536e-04,7.7097447057e-05,1.9655925367e+01
1.3402478054e-04,4.9670455376e-05,2.2285033848e+01
1.3477092854e-04,5.2398653759e-05,2.1941224464e+01
1.9340456566e-04,1.9236239306e-05,1.9210884296e+01
1.9011807451e-04,2.1413256324e-05,1.9099735768e+01
1.8619211690e-04,2.1042473207e-05,1.9287933974e+01
1.8684616288e-04,2.3590986320e-05,1.9016991406e+01
1.8292482085e-04,2.3194985052e-05,1.9216888117e+01
1.9076988890e-04,2.3995009865e-05,1.8838392629e+01
1.8751062141e-04,2.6197063968e-05,1.8758696993e+01
1.7900384675e-04,2.2807973222e-05,1.9446893285e+01
1.7967428430e-04,2.5349045367e-05,1.9189054834e+01
1.7575683304e-04,2.4938149749e-05,1.9444260880e+01
1.7508457016e-04,2.2430068622e-05,1.9708478003e+01
1.9404633692e-04,2.1792098332e-05,1.8938111109e+01
1.9469674381e-04,2.4406489010e-05,1.8683679909e+01
1.9797762749e-04,2.2178396170e-05,1.8802027130e+01
1.9862847946e-04,2.4824903100e-05,1.8551919129e+01
1.9535844632e-04,2.7075831001e-05,1.8437821536e+01
2.0191443746e-04,2.2571442257e-05,1.8692064940e+01
2.0127318407e-04,1.9948047269e-05,1.8962024295e+01
2.0521391672e-04,2.0314133442e-05,1.8856855406e+01
-2.5827675259e-04,3.7012805711e-05,3.3449455655e+01
2.8810358916e-04,8.1319959763e-05,1.4394239562e+01
2.8471960176e-04,8.4345994745e-05,1.4381986633e+01
-2.0044526123e-04,9.5126146084e-05,3.5497802345e+01
-2.7384583977e-04,5.4774246059e-05,3.3598238398e+01
2.3768582691e-04,4.3549323811e-05,1.7074537872e+01
2.3837456211e-04,4.6785032772e-05,1.7054757906e+01
2.4243126453e-04,4.7480874282e-05,1.7014966770e+01
2.3912497281e-04,5.0201894701e-05,1.7071110232e+01
2.3505909190e-04,4.9452217975e-05,1.7026693052e+01
2.3582460454e-04,5.2922262132e-05,1.7086505036e+01
2.3993353646e-04,5.3771411477e-05,1.6668216956e+01
2.3664502687e-04,5.6527883918e-05,1.6613086241e+01
2.4077815126e-04,5.7433623865e-05,1.6184915420e+01
2.3175142242e-04,5.2123423254e-05,1.7014158763e+01
2.3102708863e-04,4.8755403649e-05,1.7076583546e+01
2.4407574050e-04,5.4652796177e-05,1.6249506713e+01
2.4490251482e-04,5.8319546313e-05,1.6084089516e+01
2.4159745336e-04,6.1108034520e-05,1.6041586946e+01
2.4570581787e-04,6.1998752601e-05,1.5867414750e+01
2.2771356575e-04,5.1374567123e-05,1.7067917482e+01
2.2702525957e-04,4.8108756519e-05,1.7085599108e+01
2.4901852805e-04,5.9187518225e-05,1.5912408829e+01
2.4574404703e-04,4.4762528444e-05,1.7005586648e+01
2.4652574806e-04,4.8233464425e-05,1.7137196891e+01
2.4982767264e-04,4.5461051687e-05,1.7096499049e+01
-1.8660623651e-04,6.0309275151e-05,3.9254292583e+01
1.1501075698e-04,4.6665580012e-05,2.2876017166e+01
1.1576922373e-04,4.9215251849e-05,2.2880763940e+01
1.1951054593e-04,4.9814362494e-05,2.2895946964e+01
1.2252020054e-04,4.7811206866e-05,2.2918240213e+01
1.2632617251e-04,4.8412334454e-05,2.2897189968e+01
1.2708253101e-04,5.1068252054e-05,2.2973147547e+01
-3.1912120961e-04,1.8984729119e-05,1.7081201878e+01
-1.9156065408e-04,9.7866167492e-05,3.5213644508e+01
2.0236924169e-04,9.7148699200e-05,1.5878061226e+01
1.0763306373e-04,4.5598214925e-05,2.2838505359e+01
1.0837282407e-04,4.8074431837e-05,2.2842995190e+01
2.0859543583e-04,1.1347318009e-04,1.5078722347e+01
-1.9499153678e-04,8.1417582940e-05,3.6443087523e+01
1.6589088420e-04,1.7022037505e-05,2.0809864070e+01
1.6263337058e-04,1.9019057246e-05,2.0886699717e+01
1.5870161560e-04,1.8721875201e-05,2.1237200232e+01
1.5939099219e-04,2.1025731779e-05,2.0996747631e+01
1.5546324891e-04,2.0705267822e-05,2.1384909601e+01
1.6331697415e-04,2.1359240065e-05,2.0636954850e+01
1.5476874542e-04,1.8438659172e-05,2.1601078143e+01
1.5224253977e-04,2.2698372093e-05,2.1563340809e+01
1.4831476737e-04,2.2370437724e-05,2.2005801181e+01
1.4760513028e-04,2.0108980517e-05,2.2192649847e+01
1.6656350118e-04,1.9329038050e-05,2.0558042743e+01
1.6724071833e-04,2.1704963079e-05,2.0295081573e+01
1.7049107626e-04,1.9650910332e-05,2.0253761708e+01
1.7116319690e-04,2.2062150484e-05,1.9991959420e+01
1.6792716232e-04,2.4145269756e-05,2.0031924365e+01
1.7441811794e-04,1.9983910799e-05,1.9974301623e+01
1.7768753220e-04,1.7911420094e-05,1.9986242087e+01
-9.7311533407e-05,5.9313959690e-05,4.1596822935e+01
-2.2920138967e-04,4.0044288139e-05,3.9198042255e+01
-2.1214908481e-04,3.3638995702e-05,4.1932134832e+01
-1.4226093806e-04,2.5879773493e-05,4.7740136537e+01
-1.3995967989e-04,2.7478052249e-05,4.7485530450e+01
-1.3503413248e-04,2.5839723122e-05,4.7999356900e+01
-1.3278342884e-04,2.7425607366e-05,4.7735111657e+01
-1.3767763232e-04,2.9074486764e-05,4.7223747210e+01
-1.3140490035e-04,2.5821452461e-05,4.8118353718e+01
-1.2917471886e-04,2.7408460804e-05,4.7848305808e+01
-1.2556258832e-04,2.7388465660e-05,4.7955107706e+01
2.0795282530e-04,6.7086682091e-05,1.7000017497e+01
2.0467209975e-04,6.9680478126e-05,1.6997856846e+01
2.1123662559e-04,6.4482171810e-05,1.7003271678e+01
-1.5004512424e-04,1.3412902277e-05,4.9912250808e+01
-1.5521585823e-04,1.4955741702e-05,4.9382907616e+01
-1.5279895325e-04,1.6490062212e-05,4.9203437649e+01
-1.5655358846e-04,1.6500226117e-05,4.9024865450e+01
-1.4904183245e-04,1.6477780212e-05,4.9372533828e+01
-1.6029366518e-04,1.6514560043e-05,4.8835782029e+01
-1.3687616006e-04,1.0947087032e-04,3.3687096515e+01
-1.2576767023e-04,7.4686833021e-05,3.7900010470e+01
-1.2387990534e-04,7.6536911433e-05,3.7589835132e+01
-1.2090503474e-04,7.6438581423e-05,3.7653598175e+01
-1.2685026068e-04,7.6640058185e-05,3.7527884500e+01
-1.2053684137e-04,8.6132997976e-05,3.5994030254e+01
-1.1697229058e-04,8.9949855149e-05,3.5435049532e+01
-1.4242901055e-04,1.3398713878e-05,5.0234277431e+01
-1.3775142084e-04,1.6448990283e-05,4.9822185447e+01
-1.4151762585e-04,1.6457767552e-05,4.9681623117e+01
-1.3398276901e-04,1.6440370986e-05,4.9953657418e+01
-1.3542541960e-04,1.7985599375e-05,4.9599620555e+01
-1.3249843141e-04,1.4906206701e-05,5.0301613085e+01
-1.3021128302e-04,1.6432445412e-05,5.0075921569e+01
-1.4386850896e-04,1.4928424877e-05,4.9885936672e+01
-1.4528129599e-04,1.6467013334e-05,4.9531851101e+01
2.3252836685e-04,5.5638136006e-05,1.7068389776e+01
2.3335637328e-04,5.9272291272e-05,1.6621811614e+01
2.3748105133e-04,6.0199519719e-05,1.6126668392e+01
2.3418304268e-04,6.2951840181e-05,1.6114061827e+01
7.2373778069e-05,1.1017434274e-04,2.1683108684e+01
-1.2634248418e-04,2.4212916475e-05,4.8605478066e+01
-1.2049246110e-04,2.5774778858e-05,4.8429540040e+01
-1.1832651028e-04,2.7355729241e-05,4.8145156061e+01
-1.1974672178e-04,2.8965545566e-05,4.7766778896e+01
-1.1684838213e-04,2.5760821376e-05,4.8517314496e+01
-1.1470326561e-04,2.7341251798e-05,4.8228085406e+01
-2.2913709484e-04,7.1423100301e-05,3.7099412572e+01
-1.3970553825e-04,5.6489712697e-05,4.1222765379e+01
-1.0896871667e-04,8.5733017730e-05,3.6185050146e+01
9.8410725101e-05,8.6992724729e-05,2.2737201790e+01
9.8999229035e-05,8.9963116544e-05,2.2735580246e+01
9.5590472939e-05,8.8872330883e-05,2.2692740414e+01
1.7764313488e-04,1.5507498971e-04,1.4356162134e+01
1.7746539883e-04,1.5855300888e-04,1.4107212336e+01
-1.2717137734e-04,1.3375688595e-05,5.0759757237e+01
-1.2110851872e-04,1.4888677518e-05,5.0630945653e+01
-1.2266151173e-04,1.6418757402e-05,5.0292195097e+01
-1.1888377235e-04,1.6412360787e-05,5.0385822829e+01
-1.2042013283e-04,1.7951692117e-05,5.0043744627e+01
-1.2643752320e-04,1.6424997195e-05,5.0188882739e+01
-1.1510370463e-04,1.6406633931e-05,5.0469242275e+01
1.3837374581e-04,1.5432093966e-05,2.2989439444e+01
1.3127660619e-04,1.7091843899e-05,2.2930777275e+01
1.3196453626e-04,1.9125976319e-05,2.2932834294e+01
1.2810567739e-04,1.8924550177e-05,2.2914843652e+01
1.3584721428e-04,1.9344723596e-05,2.2920272280e+01
1.3266756233e-04,2.1231370321e-05,2.2930062702e+01
1.2426925251e-04,1.8740249091e-05,2.2908693049e+01
1.3905851363e-04,1.7469877973e-05,2.2997266330e+01
1.3975461507e-04,1.9580930522e-05,2.2979251402e+01
1.4367777680e-04,1.9835624958e-05,2.2603313703e+01
1.4046885218e-04,2.1764378691e-05,2.2902970319e+01
1.4690510817e-04,1.7919174286e-05,2.2334164040e+01
1.4621428704e-04,1.5804238056e-05,2.2428548182e+01
1.5014571301e-04,1.6016618334e-05,2.2112259102e+01
-1.0315503792e-04,8.5568078158e-05,3.6298344604e+01
-1.0145865209e-04,8.7476895971e-05,3.5998059080e+01
1.3428067627e-04,8.0235125057e-05,1.9060729008e+01
1.2756438765e-04,8.1356280628e-05,2.0509628122e+01
1.8855512694e-04,1.4028729492e-04,1.4841748536e+01
1.8490130468e-04,1.4275102266e-04,1.4853505942e+01
4.9126601920e-05,1.0803197890e-04,2.1098575538e+01
5.1717719426e-05,1.0900654100e-04,2.1559670078e+01
4.9615545468e-05,1.1048417765e-04,2.0856969454e+01
5.4319690153e-05,1.1002997692e-04,2.1276690800e+01
5.4725478442e-05,1.1256172240e-04,2.1216937542e+01
-1.1167558226e-04,2.4164290550e-05,4.8958116834e+01
-1.0955079351e-04,2.5737460076e-05,4.8666099878e+01
-1.0589818405e-04,2.5727129176e-05,4.8726233258e+01
-1.0744773301e-04,2.7316512468e-05,4.8367356316e+01
-1.0381616747e-04,2.7305205162e-05,4.8422774294e+01
-1.1107701412e-04,2.7327680327e-05,4.8302438160e+01
-1.0018172566e-04,2.7295359471e-05,4.8467665338e+01
1.1976366427e-04,1.6645145039e-05,2.2915770852e+01
1.1596582301e-04,1.6525576349e-05,2.2910528251e+01
1.1665995152e-04,1.8421025531e-05,2.2897361645e+01
1.1288928811e-04,1.8283957147e-05,2.2892315406e+01
1.1218738878e-04,1.6419157373e-05,2.2908349376e+01
1.0913798764e-04,1.8161412025e-05,2.2888211855e+01
1.1358946141e-04,2.0209428891e-05,2.2879162627e+01
1.0842713919e-04,1.6325100739e-05,2.2906709179e+01
1.0612446586e-04,1.9915907005e-05,2.2867415590e+01
1.2358137269e-04,1.6778783023e-05,2.2923394407e+01
1.2045466877e-04,1.8572461065e-05,2.2903011354e+01
-9.5657592833e-05,8.7336997317e-05,3.6119775312e+01
-9.2756279957e-05,8.7276074068e-05,3.6185475900e+01
1.6209805854e-04,1.0190217943e-04,1.7034430317e+01
1.6590516726e-04,1.0322027862e-04,1.7021742498e+01
1.6260839268e-04,1.0557248279e-04,1.7028264401e+01
1.6641909212e-04,1.0692232719e-04,1.7015071627e+01
1.6920248768e-04,1.0084240576e-04,1.7016236491e+01
1.6309367110e-04,1.0927125633e-04,1.7022830759e+01
1.6690722451e-04,1.1064915565e-04,1.7007635899e+01
1.7026230438e-04,1.0827595291e-04,1.7002834519e+01
1.6354878633e-04,1.1299302799e-04,1.7018082696e+01
1.7075489212e-04,1.1202607350e-04,1.7000994346e+01
1.7413947359e-04,1.0962924824e-04,1.6977502588e+01
1.7361691539e-04,1.0587662210e-04,1.7000863358e+01
1.5931347345e-04,1.0789756088e-04,1.7036492408e+01
-1.1188519680e-04,1.3359317339e-05,5.1122632764e+01
-1.0970208108e-04,1.4875205088e-05,5.0867619955e+01
-1.0753820671e-04,1.6397334489e-05,5.0603443986e+01
-1.0375325621e-04,1.6393181022e-05,5.0653145064e+01
-1.1132183152e-04,1.6401384863e-05,5.0542013572e+01
-9.9966428907e-05,1.6389736542e-05,5.0690236586e+01
1.9996680346e-04,6.5224575688e-05,1.7054813554e+01
-9.4925700189e-05,2.5702777955e-05,4.8841292036e+01
-9.1264285898e-05,2.5696965771e-05,4.8855135703e+01
-9.2906147883e-05,2.7280248357e-05,4.8522662634e+01
-8.9265696562e-05,2.7273941042e-05,4.8531206512e+01
-8.5623383391e-05,2.7269325035e-05,4.8525588025e+01
-9.8585366678e-05,2.5709475269e-05,4.8814667258e+01
-9.8109239238e-05,2.8885364118e-05,4.8152466684e+01
1.4042577242e-04,1.4630601790e-04,1.7272234250e+01
-9.6576239586e-05,1.3349844741e-05,5.1296861373e+01
-9.2388746762e-05,1.6385179742e-05,5.0723177628e+01
-8.8598335145e-05,1.6383538074e-05,5.0717230240e+01
-9.6178227735e-05,1.6386832659e-05,5.0713929096e+01
-8.6850805806e-05,1.4861983920e-05,5.1001064728e+01
-8.4806500242e-05,1.6382706151e-05,5.0694843122e+01
-9.8281977832e-05,1.4866083372e-05,5.0997977805e+01
-9.7848083872e-05,1.7919635865e-05,5.0404115603e+01
-2.3640176057e-04,1.3864585094e-05,4.0640107784e+01
-2.3274707293e-04,1.3817874144e-05,4.1476479643e+01
-2.2975121434e-04,1.5395669566e-05,4.1904276791e+01
-2.2904807700e-04,1.3780006856e-05,4.2246523872e+01
1.0096097941e-04,1.6169547504e-05,2.2900771603e+01
9.7255369441e-05,1.6106496976e-05,2.2897503670e+01
1.0169401676e-04,1.7955098423e-05,2.2883470022e+01
9.8738824892e-05,1.9679729698e-05,2.2860674497e+01
9.3567751956e-05,1.6052238705e-05,2.2890795817e+01
9.1433589424e-05,1.9492208946e-05,2.2857451352e+01
1.0468553615e-04,1.6241985485e-05,2.2904068103e+01
6.5852430619e-05,7.8036428340e-05,2.2442944005e+01
6.6523090520e-05,8.0567829210e-05,2.2419968608e+01
4.0018959456e-05,9.2031457341e-05,2.2241540865e+01
6.0399414658e-05,7.9078403121e-05,2.2406065842e+01
3.1354447692e-04,2.7153268256e-05,1.5606844724e+01
-7.8767607434e-05,7.5604757490e-05,3.8673135154e+01
-8.0181508766e-05,7.7499136609e-05,3.8278725281e+01
-8.3191676775e-05,7.7529446540e-05,3.8202153838e+01
-8.9211636022e-05,7.7605520157e-05,3.8048148519e+01
-9.2213974474e-05,7.7651682783e-05,3.7971623040e+01
-2.5574781497e-04,2.8661033636e-05,3.3902307513e+01
-8.1249915355e-05,1.3348262019e-05,5.1233045064e+01
-7.5410897393e-05,1.4863913688e-05,5.0848583962e+01
-7.7220198300e-05,1.6383740515e-05,5.0595923816e+01
-7.3426166899e-05,1.6385128409e-05,5.0516884329e+01
-7.5223081688e-05,1.7913501621e-05,5.0264461136e+01
-8.1013739920e-05,1.6382540223e-05,5.0654872895e+01
-6.9631220323e-05,1.6387489798e-05,5.0416161530e+01
-7.8201239656e-05,8.7057210739e-05,3.6560871408e+01
8.9102003889e-05,1.4321294986e-05,2.2847773699e+01
8.6245830529e-05,1.5967079138e-05,2.2836529590e+01
8.2612178959e-05,1.5934788272e-05,2.3071926898e+01
7.9818955511e-05,1.7581042185e-05,2.3048714815e+01
8.4207124098e-05,1.9346488539e-05,2.2865317971e+01
7.8976845489e-05,1.5902329255e-05,2.3659064760e+01
7.7059699201e-05,1.9236799198e-05,2.3030050829e+01
8.9897856233e-05,1.6005732040e-05,2.2904582205e+01
-2.2378553826e-04,6.8271966724e-05,3.7367662282e+01
-7.2695146168e-05,7.5568394682e-05,3.8814267236e+01
-7.4147183767e-05,7.7455385123e-05,3.8428516772e+01
-6.1924401553e-05,2.5699898313e-05,4.8366043592e+01
-6.3743758477e-05,2.7277330257e-05,4.8126671268e+01
-6.7392044190e-05,2.7269824624e-05,4.8243834710e+01
-6.9264814218e-05,2.5689534755e-05,4.8606848662e+01
-6.0090784769e-05,2.7283554415e-05,4.7986230354e+01
-7.2933779966e-05,2.5686965561e-05,4.8693987661e+01
-7.4686682150e-05,2.7266938273e-05,4.8412071804e+01
-7.2793971085e-05,2.8857596182e-05,4.8057835257e+01
-7.8333452023e-05,2.7265072882e-05,4.8467402281e+01
-1.7644053947e-04,9.8363168418e-05,3.4939095708e+01
2.9897505964e-05,3.8784556715e-05,2.9592177808e+01
3.6510903916e-05,3.9086699994e-05,2.7176946404e+01
3.9788138058e-05,3.9245488668e-05,2.5972970167e+01
-6.5912104506e-05,1.3356331440e-05,5.0858571351e+01
-6.3965455607e-05,1.4872341632e-05,5.0505282021e+01
-6.2040311738e-05,1.6395463461e-05,5.0143555160e+01
-5.8244809069e-05,1.6400646240e-05,4.9968554898e+01
-5.4449341894e-05,1.6407041342e-05,4.9765431784e+01
-6.5835866829e-05,1.6390704700e-05,5.0292286359e+01
-5.2518605539e-05,1.4888530065e-05,4.9929570122e+01
-5.0654123263e-05,1.6415794525e-05,4.9532280636e+01
-5.2586997722e-05,1.7943340367e-05,4.9372084761e+01
-4.6856668547e-05,1.6423697171e-05,4.9267703183e+01
7.4390271113e-05,1.4214296976e-05,2.4817005384e+01
7.1678660243e-05,1.5830833693e-05,2.4924933353e+01
6.8016571754e-05,1.5792457403e-05,2.5672879003e+01
6.8990244722e-05,1.7454588020e-05,2.5034202941e+01
6.9920540748e-05,1.9137859250e-05,2.4380465165e+01
6.4345729042e-05,1.5752701717e-05,2.6484816488e+01
6.2734304825e-05,1.9033438397e-05,2.5965488960e+01
7.5332147463e-05,1.5867508058e-05,2.4242123912e+01
1.9099956828e-04,9.7289164046e-05,1.6772755578e+01
2.4290214449e-05,4.0310938390e-05,3.1127101926e+01
-6.9443907710e-05,8.6998786594e-05,3.6815801452e+01
-4.1629282882e-05,2.4192233614e-05,4.7427839296e+01
-4.3544804606e-05,2.5765919600e-05,4.7293442797e+01
5.3281154768e-05,1.5629650525e-05,2.9220652705e+01
5.4410502719e-05,1.7268410345e-05,2.8498515376e+01
5.8070126538e-05,1.7315556230e-05,2.7559255882e+01
5.5503544835e-05,1.8926122171e-05,2.7765422264e+01
4.9576361176e-05,1.5587803958e-05,3.0208062669e+01
4.7063845864e-05,1.7173035940e-05,3.0478676861e+01
4.8230822111e-05,1.8818124115e-05,2.9724845321e+01
6.0665932228e-05,1.5712204691e-05,2.7351565873e+01
-2.0526816402e-04,4.2397103870e-05,4.1188526163e+01
-4.6734783191e-05,1.3383910634e-05,4.9809281275e+01
-4.1073344808e-05,1.4914720741e-05,4.9075300053e+01
-4.3063715528e-05,1.6433646140e-05,4.8969906470e+01
-3.9270414447e-05,1.6445178578e-05,4.8636876124e+01
-3.5478017642e-05,1.6458094095e-05,4.8267002828e+01
-4.1251883616e-05,1.7972667943e-05,4.8536445538e+01
-3.1686994209e-05,1.6473635632e-05,4.7858487596e+01
-2.9939494981e-05,1.8019379633e-05,4.7379021055e+01
-2.7894868185e-05,1.6488763243e-05,4.7409971071e+01
-1.4040087594e-04,3.7335777236e-05,4.5341301068e+01
-1.4384078136e-04,3.7375842251e-05,4.5216152215e+01
-1.4160226776e-04,3.9033992716e-05,4.4930381491e+01
-1.4277803651e-04,4.0745673138e-05,4.4517780939e+01
-6.3610460041e-05,8.6991946842e-05,3.6991628103e+01
4.3030592801e-05,1.3092565650e-04,5.5546344467e+01
4.0841413172e-05,1.3002228739e-04,5.3933593339e+01
4.0613556897e-05,1.2762050744e-04,4.7708105870e+01
3.9115052820e-05,1.3167289945e-04,5.9276318828e+01
1.3014946289e-04,1.4492619107e-04,1.7242366624e+01
4.4621474517e-05,1.3935431658e-05,3.1954645397e+01
4.2142278246e-05,1.5505065040e-05,3.2251154256e+01
3.8413918306e-05,1.5464254876e-05,3.3291993365e+01
3.5978016898e-05,1.7033261842e-05,3.3590035521e+01
4.3376982169e-05,1.7125679370e-05,3.1504513146e+01
4.0918312753e-05,1.8711543345e-05,3.1783643703e+01
3.2266497330e-05,1.6988255800e-05,3.4635353193e+01
3.3569076383e-05,1.8608287574e-05,3.3881253815e+01
-2.7568975575e-05,1.3436736448e-05,4.7917152711e+01
-2.4108284492e-05,1.6506246343e-05,4.6920365971e+01
-2.0322733747e-05,1.6525647797e-05,4.6387972571e+01
-1.8212079329e-05,1.5001701415e-05,4.6350321894e+01
-1.6539463859e-05,1.6546761000e-05,4.5811942674e+01
-1.2759081170e-05,1.6570759479e-05,4.5191442780e+01
-1.4894304591e-05,1.8105228761e-05,4.5264360847e+01
-8.9791013869e-06,1.6594709572e-05,4.4526083225e+01
-1.5823308004e-04,1.0493665768e-04,3.4275266642e+01
-1.5639427852e-04,1.0703890711e-04,3.4150375785e+01
-1.5368438985e-04,1.0679299926e-04,3.4108842151e+01
2.9567238186e-05,1.3795604622e-05,3.6108694365e+01
2.7185487550e-05,1.5346637371e-05,3.6407105267e+01
2.4820235434e-05,1.6902947790e-05,3.6697204274e+01
2.1087244057e-05,1.6860877085e-05,3.7701667789e+01
1.7347616112e-05,1.6821159076e-05,3.8681026133e+01
2.2472032461e-05,1.8464509892e-05,3.6979258443e+01
2.6185230704e-05,1.8511314544e-05,3.5960264776e+01
1.5899416005e-05,1.5239135060e-05,3.9379346792e+01
1.3601323280e-05,1.6783245768e-05,3.9630826632e+01
1.5053773101e-05,1.8374733911e-05,3.8935207099e+01
3.0935017867e-05,1.5384865025e-05,3.5376733172e+01
2.4760449910e-04,1.2029739919e-04,1.4144555185e+01
3.0057753434e-06,1.3589199036e-05,4.2714770986e+01
-1.4359375144e-06,1.6651056702e-05,4.3062315929e+01
2.3305351309e-06,1.6680590775e-05,4.2265085970e+01
-3.6327736881e-06,1.8190819074e-05,4.3212848208e+01
4.5644065844e-06,1.5145164136e-05,4.2075132548e+01
6.0923023602e-06,1.6712833448e-05,4.1425922209e+01
9.8494377260e-06,1.6746928010e-05,4.0546949625e+01
7.5994483903e-06,1.8294214109e-05,4.0764479290e+01
1.0618258953e-05,1.3641623371e-05,4.0987235852e+01
-4.0891727012e-06,3.7639596238e-05,3.9707047878e+01
-2.7507482575e-06,3.9366053263e-05,3.9116435670e+01
6.7235508226e-07,3.9460291014e-05,3.8302506518e+01
7.4878516508e-06,3.9669045437e-05,3.6507468064e+01
1.0878074953e-05,3.9783731829e-05,3.5527890602e+01
-5.7773019782e-05,8.7013924854e-05,3.7166455788e+01
-6.3605247267e-05,9.4835612866e-05,3.5651240681e+01
2.5452810950e-04,1.3594894965e-05,2.0004260278e+01
-5.1938242490e-05,8.7066131845e-05,3.7333392928e+01
-2.1461516139e-05,3.7297743589e-05,4.2868180968e+01
-1.6527992781e-05,3.9053415400e-05,4.1827110372e+01
-2.6938771377e-05,3.8880507486e-05,4.3331346585e+01
-5.7922700946e-05,9.4856899341e-05,3.5855530405e+01
-2.2536409445e-04,1.3742690657e-05,4.2946624383e+01
1.3344750075e-04,1.5656331458e-04,1.7291841701e+01
1.2994299191e-04,1.5848112504e-04,1.7141518340e+01
-3.5456552004e-05,3.7118639742e-05,4.4549113292e+01
-6.0056764857e-05,3.6965089412e-05,4.6111893016e+01
-5.3015069270e-05,3.6991645825e-05,4.5811934559e+01
-4.6108544098e-05,8.7151093016e-05,3.7483447230e+01
3.1721332040e-05,1.2705570441e-04,4.8676199858e+01
2.9718936703e-05,1.2869936505e-04,5.1459717516e+01
2.7405432371e-05,1.2808133333e-04,4.9886174962e+01
3.4238602134e-05,1.3051956455e-04,5.6038479729e+01
-5.2244152020e-05,9.4909737036e-05,3.6071878380e+01
-4.0286390345e-05,8.7271812464e-05,3.7605107133e+01
-4.6571846748e-05,9.4996500422e-05,3.6294875157e+01
-3.2809067728e-05,8.5542539438e-05,3.7904886932e+01
-4.0865651613e-05,3.8721551427e-05,4.4735703113e+01
-4.0908030251e-05,9.5120025014e-05,3.6516944045e+01
1.7191274609e-04,9.4767701143e-05,1.7020358802e+01
1.7579679460e-04,9.6014805252e-05,1.7006940356e+01
1.7250007798e-04,9.8440221533e-05,1.7010873901e+01
1.7639211312e-04,9.9719737235e-05,1.7002620768e+01
-3.5254955731e-05,9.5283656816e-05,3.6727851606e+01
-2.6973498636e-05,8.5756140201e-05,3.7857184272e+01
2.2285499664e-05,1.2461685654e-04,4.4255410587e+01
1.8092365732e-05,1.2596615555e-04,4.4771183006e+01
1.8674235506e-05,1.2844642500e-04,4.7721201508e+01
1.6271625430e-05,1.2801986516e-04,4.6453128138e+01
1.5724675582e-05,1.2548293308e-04,4.3693115748e+01
1.0340191602e-05,1.2750486094e-04,4.4537838926e+01
8.0823705923e-06,1.2806578287e-04,4.5027618505e+01
1.6902254812e-05,1.3057027092e-04,4.9437112351e+01
1.1145855582e-05,1.2516389354e-04,4.2510869397e+01
2.5129704901e-05,1.2753911022e-04,4.8506083021e+01
-4.9505716293e-05,3.7010632374e-05,4.5622344863e+01
-2.1154423638e-05,8.6018918663e-05,3.7710927280e+01
-2.9614896443e-05,9.5491308134e-05,3.6914165646e+01
-7.1367060726e-05,6.6332008173e-05,4.0586471339e+01
-6.9769628516e-05,6.8152989903e-05,4.0260102544e+01
-2.1183301878e-04,7.5120320395e-05,3.6959773211e+01
-2.4860316150e-06,1.0760280271e-04,3.7300354476e+01
-4.2203139135e-06,1.0951699621e-04,3.7306170656e+01
-6.8642854084e-06,1.0925382922e-04,3.7152902442e+01
-9.5156986424e-06,1.0900903783e-04,3.6978606003e+01
-1.5833049303e-06,1.0980001500e-04,3.7432839241e+01
1.0461587269e-06,1.1010383212e-04,3.7527716521e+01
-6.9689816976e-07,1.1201523782e-04,3.7603137736e+01
3.6676552478e-06,1.1042950937e-04,3.7586936602e+01
6.2810436777e-06,1.1077832579e-04,3.7609184577e+01
7.0879445449e-06,1.1302470243e-04,3.7917648693e+01
1.0706098314e-05,1.0929822225e-04,3.7195382501e+01
1.3318607732e-05,1.0971044189e-04,3.7068577821e+01
1.6640372098e-05,1.1242213539e-04,3.7418119699e+01
1.2229770038e-05,1.1381693364e-04,3.7978339313e+01
1.8515178447e-05,1.1061694097e-04,3.6735214395e+01
1.9205421394e-05,1.1290113024e-04,3.7333230587e+01
2.1098830341e-05,1.1111408347e-04,3.6528873446e+01
2.1760409385e-05,1.1340925520e-04,3.7234344045e+01
2.4304401601e-05,1.1394803574e-04,3.7110457976e+01
2.2394277861e-05,1.1572222171e-04,3.8092191388e+01
2.6236399211e-05,1.1220352406e-04,3.6000825987e+01
2.8789883106e-05,1.1280062104e-04,3.5651819539e+01
2.9361264809e-05,1.1512901111e-04,3.6720409905e+01
3.1872664845e-05,1.1577480381e-04,3.6413659353e+01
2.7406322270e-05,1.1685467121e-04,3.8096913961e+01
3.4372290659e-05,1.1646246056e-04,3.6004675150e+01
3.4836881229e-05,1.1882890220e-04,3.7610247037e+01
4.5026644945e-06,1.1266530331e-04,3.7848589067e+01
-2.3990166819e-05,9.5747518677e-05,3.7058675667e+01
-2.2872395343e-05,9.7813419465e-05,3.6924285450e+01
-1.1819244175e-04,6.6948340371e-05,3.9550441349e+01
-6.5080118850e-05,6.6329581278e-05,4.0646025909e+01
-6.3524380186e-05,6.8156239899e-05,4.0323965530e+01
-6.0393250334e-05,6.8166217745e-05,4.0341053404e+01
-8.7058738949e-05,6.6425996522e-05,4.0313704249e+01
-1.2321140060e-04,6.5222071373e-05,3.9796705892e+01
-1.2939693032e-04,6.5386524708e-05,3.9632886517e+01
-1.3247844745e-04,6.5476043839e-05,3.9551092203e+01
-1.5354980822e-05,8.6336498949e-05,3.7437921929e+01
-9.3318241217e-05,6.6495640012e-05,4.0173890289e+01
-9.1580533809e-05,6.8307226380e-05,3.9839397337e+01
-1.8383153639e-05,9.6057521369e-05,3.7139882084e+01
-1.7310020431e-05,9.8138541363e-05,3.7049887124e+01
5.2003626626e-06,1.2143109435e-04,3.9726299182e+01
1.0104857742e-06,1.2301578726e-04,3.9719925127e+01
2.0473795783e-06,1.2550261882e-04,4.1447597880e+01
-5.8297205135e-07,1.2498444798e-04,4.0387755737e+01
-1.4722729684e-06,1.2269798115e-04,3.9042676454e+01
-3.0907433062e-06,1.2469743616e-04,3.9456545518e+01
-2.2326123412e-06,1.2702601315e-04,4.1333898958e+01
-4.6847169794e-06,1.2672295336e-04,4.0194042605e+01
1.0342731397e-04,1.5232326499e-04,1.8962081856e+01
1.0659045220e-04,1.5401585947e-04,1.8745848699e+01
-1.2796266949e-05,9.6427297272e-05,3.7131704368e+01
-1.1768335666e-05,9.8524837655e-05,3.7092296694e+01
-9.5785956697e-06,8.6715247316e-05,3.7005595519e+01
-1.5349579241e-04,7.1993497297e-05,3.7980902834e+01
-1.5643622531e-04,7.2145194931e-05,3.7916548014e+01
-1.5936515648e-04,7.2304378743e-05,3.7852836969e+01
-1.5436807668e-04,7.3984530264e-05,3.7640220032e+01
-2.3955637397e-05,1.0590525539e-04,3.6109432293e+01
-2.7119931223e-05,1.0987775962e-04,3.5359309346e+01
-3.0938317164e-05,1.0762137108e-04,3.5354965049e+01
-3.3638651260e-05,1.0750840406e-04,3.5165570284e+01
-3.2474265260e-05,1.0962594598e-04,3.4938516415e+01
-3.5157055815e-05,1.0951769897e-04,3.4744515476e+01
-3.6343691603e-05,1.0740669543e-04,3.4984462203e+01
-2.1786745268e-05,1.1018070129e-04,3.5816741453e+01
-6.4842859426e-06,1.2211722249e-04,3.7651385807e+01
-9.0007447203e-06,1.2185656151e-04,3.6990647355e+01
-8.0651089017e-06,1.2411013835e-04,3.7675866006e+01
-1.0566359278e-05,1.2386820415e-04,3.6843015916e+01
-1.1524876606e-05,1.2160842534e-04,3.6370461844e+01
-1.3074666561e-05,1.2363088403e-04,3.6079623132e+01
-3.8289636365e-06,8.7162353359e-05,3.6377260338e+01
-6.2498267555e-06,9.8979222025e-05,3.7020905912e+01
-2.6193098359e-04,1.9698379102e-05,3.1463855882e+01
2.1390336542e-04,1.2603890175e-04,1.4652015712e+01
-1.5049819237e-05,1.1913889562e-04,3.5736837909e+01
-1.6598671303e-05,1.2116656259e-04,3.5271635434e+01
-1.9147155565e-05,1.2096740946e-04,3.4802411242e+01
-1.9605482654e-05,1.2526804587e-04,3.4295759522e+01
-2.2217386541e-05,1.2510212294e-04,3.3659369087e+01
-2.4648611692e-05,1.2490433710e-04,3.3234617455e+01
-2.7181616799e-05,1.2474261533e-04,3.2874209498e+01
-2.9721780438e-05,1.2459364529e-04,3.2575411329e+01
-3.0853986701e-05,1.2237037366e-04,3.2888911643e+01
-2.6836221422e-05,1.2045449061e-04,3.3709272140e+01
-1.5592372439e-05,1.2341604776e-04,3.5392744841e+01
1.6086893616e-04,5.4475463853e-05,1.8301712562e+01
-1.4398192353e-04,1.0795950451e-04,3.3879190519e+01
-1.4520678404e-04,1.1005850640e-04,3.3827223074e+01
-1.6933750356e-06,9.7374176037e-05,3.6723217245e+01
2.8864555644e-08,8.9494498010e-05,3.5968623297e+01
1.8248146149e-04,1.1611661261e-04,1.6226796011e+01
-1.6466266532e-04,1.0133037795e-04,3.4576026099e+01
-1.6125230026e-04,9.8878184775e-05,3.4681542267e+01
1.2666288950e-04,1.5656978808e-04,1.7125141861e+01
7.5738147524e-06,8.8294803062e-05,3.4369108731e+01
3.8170767863e-06,9.7967376458e-05,3.6256953045e+01
4.7071054852e-06,1.0012402751e-04,3.6406248242e+01
9.2963844097e-06,9.8652582422e-05,3.5575679886e+01
1.0140053585e-05,1.0083236021e-04,3.5805936342e+01
1.3218194106e-05,8.8999214288e-05,3.2902075355e+01
-3.0540644237e-05,1.1811852747e-04,3.3716265101e+01
-3.3421903129e-05,1.2224051265e-04,3.2694815332e+01
-3.5995132074e-05,1.2211047324e-04,3.2542322034e+01
-3.8574617728e-05,1.2200216127e-04,3.2421805704e+01
-3.4823188800e-05,1.2433201120e-04,3.2235544639e+01
-4.1160289293e-05,1.2192652422e-04,3.2326003820e+01
-3.9948247748e-05,1.2411650388e-04,3.2090536755e+01
-4.3795173232e-05,1.2178658136e-04,3.2262307647e+01
-4.4480815309e-05,1.0716613476e-04,3.4497302673e+01
-4.7199918002e-05,1.0710600076e-04,3.4354843419e+01
-4.5933450583e-05,1.0919288256e-04,3.4086729857e+01
-4.9921890529e-05,1.0705527742e-04,3.4222587848e+01
-5.2646479334e-05,1.0701364436e-04,3.4100501717e+01
-4.1764982302e-05,1.0723602474e-04,3.4649883686e+01
-3.9052575463e-05,1.0731604914e-04,3.4812388791e+01
-4.0538827085e-05,1.0933451455e-04,3.4391454011e+01
-5.5373397616e-05,1.0698081972e-04,3.3988461156e+01
-5.8102402306e-05,1.0695655695e-04,3.3886266721e+01
-6.0833205957e-05,1.0694058702e-04,3.3793670218e+01
-6.3565341742e-05,1.0693277820e-04,3.3710364864e+01
-6.6299397004e-05,1.0693282016e-04,3.3636011823e+01
1.8818416330e-05,8.9810383092e-05,3.1068434428e+01
1.5539189812e-05,1.0164472590e-04,3.4982868244e+01
1.4731402326e-04,1.3517974861e-04,1.7138781688e+01
2.2425794479e-05,9.2456106274e-05,3.0271859538e+01
2.0911273408e-05,1.0257500764e-04,3.3916123544e+01
1.4496920003e-04,1.0606241008e-04,1.7072390347e+01
1.6470616973e-04,1.2422744697e-04,1.7013791737e+01
-4.4997775163e-05,1.1967402946e-04,3.2498080452e+01
-4.7605015995e-05,1.1961507262e-04,3.2425316623e+01
-4.6353402934e-05,1.2171130544e-04,3.2214281055e+01
-4.8945202278e-05,1.2162169722e-04,3.2184210977e+01
-5.0221528852e-05,1.1954445771e-04,3.2371237287e+01
-5.1547692850e-05,1.2160647435e-04,3.2161537150e+01
-1.9066177935e-04,4.5437356722e-05,4.1582510292e+01
2.2648180259e-04,1.1762002075e-05,1.9851017297e+01
-1.5988658155e-04,3.5905336157e-05,4.4916902554e+01
-1.6331130246e-04,3.5956794889e-05,4.4757886972e+01
-1.6570721199e-04,3.4305368520e-05,4.4991981249e+01
1.2768362476e-04,1.0294858649e-04,1.6927725685e+01
-5.5467264086e-05,1.1947217381e-04,3.2300769241e+01
-5.8095053811e-05,1.1944228478e-04,3.2283536355e+01
-6.0725881018e-05,1.1940885336e-04,3.2277717282e+01
-5.4155429997e-05,1.2149793131e-04,3.2157763906e+01
-6.3359675937e-05,1.1937951395e-04,3.2280105559e+01
-6.4567269202e-05,1.2153923570e-04,3.2202946416e+01
-6.2655916830e-05,1.2383870649e-04,3.2188510363e+01
5.4471919543e-05,9.8386819990e-05,2.1947532575e+01
1.7087735982e-04,6.8180596675e-05,1.7069914523e+01
1.7467729153e-04,6.9042394893e-05,1.7071478267e+01
-1.5859490923e-04,3.9283926120e-05,4.4257832025e+01
-2.0186535659e-05,1.1874336094e-04,3.4924351451e+01
-1.5204534476e-04,8.1749878238e-05,3.6472885863e+01
-7.6796046505e-05,1.1527692572e-04,3.2580625467e+01
-7.3918899383e-05,1.1931390377e-04,3.2356508185e+01
-7.9287879292e-05,1.1940212323e-04,3.2421857030e+01
-6.8632983953e-05,1.1939133889e-04,3.2304114680e+01
-7.1275841246e-05,1.1932660424e-04,3.2328449343e+01
-6.9729526306e-05,1.2142856937e-04,3.2268040617e+01
-6.5987342727e-05,1.1938296111e-04,3.2288630677e+01
1.1064296516e-04,6.8613258428e-05,2.2861372141e+01
-6.0317649730e-05,5.7383041757e-05,4.2273107303e+01
2.7011720391e-05,1.2573829450e-04,4.6286767112e+01
1.9958446046e-04,8.2158136681e-05,1.7061905498e+01
1.3257139471e-04,1.1821499576e-04,1.7112750176e+01
1.3283332677e-04,1.2177710781e-04,1.7133644581e+01
1.2937102617e-04,1.2027000057e-04,1.7120554972e+01
-1.2628423174e-04,8.6368746150e-05,3.5915449739e+01
1.1248240125e-04,9.1472973062e-05,2.2941725125e+01
1.1611977361e-04,9.2674172034e-05,2.2495149555e+01
1.1308355331e-04,9.4645448349e-05,2.3011347575e+01
1.1669908899e-04,9.5887272625e-05,2.1685844125e+01
1.1367108243e-04,9.7855965372e-05,2.2478548511e+01
1.1419226205e-04,1.0109727146e-04,2.1585510955e+01
-1.7047217981e-04,9.5572756725e-05,3.5044910254e+01
1.5874983096e-04,8.0800164036e-05,1.7076270676e+01
9.2922884982e-05,6.4759781841e-05,2.2728413078e+01
1.9879415135e-04,1.0134716199e-05,2.0107637749e+01
2.7594501706e-04,2.0447204502e-05,1.7557542781e+01
2.7989660797e-04,2.0614371667e-05,1.7144375471e+01
-8.9851307605e-05,8.7221059845e-05,3.6254419078e+01
-9.1131649338e-05,8.9200471796e-05,3.5883975850e+01
-1.6632395968e-04,2.4436351709e-05,4.6974609616e+01
-1.1977983351e-04,7.4496771755e-05,3.8034517669e+01
-1.1609303976e-04,7.8204589648e-05,3.7405792564e+01
7.3228893194e-05,1.3093583775e-04,2.0835100664e+01
2.2574035911e-04,4.2018026981e-05,1.7099642337e+01
2.2971771462e-04,4.2520997996e-05,1.7139761573e+01
2.2637751881e-04,4.5006718518e-05,1.7027714294e+01
1.7608664759e-05,4.0033281524e-05,3.3418359124e+01
4.6278031979e-05,3.9577756017e-05,2.3531371786e+01
4.9491068956e-05,3.9750862765e-05,2.2608432798e+01
5.0296113412e-05,4.1680239886e-05,2.2641894999e+01
5.3518693828e-05,4.1898363437e-05,2.2632076720e+01
5.5968660450e-05,4.0148664448e-05,2.2645250971e+01
6.0025604360e-05,4.2390655412e-05,2.2634394028e+01
6.3311371653e-05,4.2665551505e-05,2.2639443321e+01
6.5842659193e-05,4.0882521831e-05,2.2654147704e+01
6.9952419956e-05,4.3274412046e-05,2.2655708872e+01
7.5925727487e-05,4.1790091172e-05,2.2683247807e+01
7.9337040092e-05,4.2132225443e-05,2.2697146102e+01
8.3533622151e-05,4.4734008914e-05,2.2710139363e+01
8.6239099191e-05,4.2877579456e-05,2.2727466463e+01
8.9731575654e-05,4.3280352513e-05,2.2744987106e+01
9.0486410864e-05,4.5586575429e-05,2.2745196392e+01
9.4005701385e-05,4.6043656605e-05,2.2763810593e+01
1.0038194192e-04,4.4610628228e-05,2.2800143734e+01
1.0112060929e-04,4.7017141304e-05,2.2803453113e+01
4.1956576918e-05,1.0775702169e-04,2.6442422384e+01
-1.6583045641e-04,4.6412648698e-05,4.2497743173e+01
-1.6669555782e-04,4.8224806843e-05,4.2101198517e+01
1.1013188462e-04,1.4892897982e-04,1.8348740014e+01
-2.4680196544e-04,4.1730718928e-05,3.6427874539e+01
-1.6486557491e-04,8.6713041573e-05,3.5834905851e+01
-3.3114893174e-04,2.0359373934e-06,1.7506081060e+01
-3.2728378147e-04,1.9688478886e-06,1.7269890073e+01
-3.2639991386e-04,4.0792369423e-06,1.7329715070e+01
-2.1878448241e-04,6.9668126012e-05,3.7344076076e+01
1.5796647453e-04,1.3247010745e-04,1.7045249370e+01
-1.5931583595e-04,4.6251338158e-05,4.2770372588e+01
-1.6026736507e-04,4.8052300276e-05,4.2365379173e+01
1.8123177416e-04,4.6829192221e-05,1.7610558472e+01
-1.1476288279e-04,8.5921150103e-05,3.6083743449e+01
-1.3319654279e-04,1.0087688338e-04,3.4174304802e+01
-9.9563987610e-05,6.6582907923e-05,4.0024356303e+01
1.8629733935e-04,3.6579178332e-05,1.8034510570e+01
6.6244254735e-05,5.9877389488e-05,2.2581183658e+01
-2.3380151826e-04,6.5590407711e-05,3.7320542648e+01
1.6961862990e-04,4.4941324270e-05,1.8334611162e+01
-1.0087876609e-04,6.8444498919e-05,3.9613067905e+01
5.5916087989e-05,1.2274394258e-04,2.3220745204e+01
5.8238923924e-05,1.2409014038e-04,1.9535143001e+01
5.6088540435e-05,1.2527896101e-04,2.6893798129e+01
1.7459099186e-04,3.4980691074e-05,1.8713347065e+01
9.8710981515e-05,1.0720968668e-04,2.2690686866e+01
-1.5591647358e-04,7.3874220771e-06,5.0715181766e+01
8.1956175196e-05,1.3341786467e-04,2.2644983203e+01
7.8993488686e-05,1.3148139047e-04,2.1597220094e+01
7.8861493348e-05,1.3484210801e-04,2.2465145997e+01
-8.4642833841e-05,1.1960153477e-04,3.2504008620e+01
-8.1943168029e-05,1.1957491953e-04,3.2459198508e+01
-8.0412045276e-05,1.2189041658e-04,3.2448848637e+01
-1.1376704932e-04,7.4327316314e-05,3.8174734247e+01
1.4346205077e-04,8.1362190742e-06,2.2331154009e+01
-1.3737801928e-04,4.7556639103e-05,4.3198609927e+01
-1.2714336881e-04,1.1089177566e-04,3.3454051577e+01
-1.2832620551e-04,1.1311731014e-04,3.3410336407e+01
-1.2052069804e-04,5.6077651285e-05,4.1786757904e+01
-1.1499587358e-04,1.0196373130e-04,3.3921198394e+01
4.7295597704e-05,5.7211004466e-05,2.2550407348e+01
8.4976317548e-05,8.3026034575e-05,2.2580449912e+01
-8.6286386614e-05,5.7439729034e-05,4.2179355368e+01
-8.1304206766e-05,5.9176417754e-05,4.1885776941e+01
6.7963697246e-05,1.2739636866e-04,2.0092665623e+01
6.7823495477e-05,1.3033591286e-04,1.9381414557e+01
3.8079999948e-05,5.6176952170e-05,2.2605683306e+01
1.4253176542e-04,4.0805426714e-05,2.1544069895e+01
1.5646667018e-04,6.7969684543e-05,1.7438606202e+01
-2.4102554330e-04,1.4879127168e-06,4.0637818023e+01
-2.3510114940e-04,4.4819691172e-06,4.1952368160e+01
-2.3119392472e-04,4.4720128670e-06,4.2861168592e+01
-2.3900148364e-04,4.4975362592e-06,4.0953814510e+01
-2.3613645132e-04,6.0061480123e-06,4.1551273875e+01
-2.2727973492e-04,4.4689199391e-06,4.3688594597e+01
-2.2336790514e-04,4.4572216217e-06,4.4443314270e+01
2.4052405453e-04,2.2832410990e-06,2.1492805028e+01
2.4483846986e-04,4.9403689484e-06,2.1305330013e+01
1.7717985746e-04,8.2691697061e-05,1.7040081893e+01
-2.3221747217e-04,4.0274410263e-05,3.8785959741e+01
8.0864056832e-05,9.2198027187e-05,2.2430230472e+01
7.7668311531e-05,1.4513488341e-04,2.0751558375e+01
7.7023090985e-05,1.4844955453e-04,2.0287056683e+01
8.0651906405e-05,1.4697102005e-04,2.0369717555e+01
5.0642050166e-05,7.4724699034e-05,2.2434988669e+01
5.3642491647e-05,7.5327812153e-05,2.2430998232e+01
5.4366679983e-05,7.7715053031e-05,2.2407106362e+01
1.4730741145e-04,3.1572615506e-05,2.1529342973e+01
-7.6571410877e-05,5.7379505168e-05,4.2296075323e+01
-7.4876655246e-05,5.9148033631e-05,4.1954709252e+01
-7.9814736647e-05,5.7391773288e-05,4.2266274421e+01
-1.4355412716e-04,7.5392217553e-05,3.7531239517e+01
-1.2082934616e-04,7.3679128924e-06,5.2041524429e+01
2.4365410371e-04,1.1931350869e-04,1.4252061532e+01
-6.9289509884e-05,9.4844103468e-05,3.5462648366e+01
-7.2131624749e-05,9.4858813043e-05,3.5375029101e+01
1.3010240635e-04,6.2158020438e-05,2.2046046135e+01
2.3250081251e-04,2.1629841112e-06,2.1231821649e+01
2.3675541203e-04,4.6918007145e-06,2.1129145300e+01
-2.8858804511e-04,3.4689130053e-05,1.7000964060e+01
-7.8539797378e-05,2.4114677254e-05,4.9104105600e+01
-8.0269735648e-05,2.5686779274e-05,4.8809301982e+01
-8.3936232876e-05,2.5688506582e-05,4.8840347733e+01
-8.1979239195e-05,2.7265674737e-05,4.8504872435e+01
-8.3635152369e-05,2.8858913656e-05,4.8189443188e+01
2.8963700129e-05,5.5323199101e-05,2.5342048764e+01
3.2985055813e-05,7.1658137214e-05,2.2534832834e+01
3.5892473214e-05,7.2106331047e-05,2.2481122149e+01
3.6704223326e-05,7.4316996534e-05,2.2464825376e+01
2.7201221939e-05,7.0835885683e-05,2.3399346137e+01
2.2286703363e-05,7.2194982772e-05,2.6590342162e+01
1.9355126074e-05,7.1841209010e-05,2.8151657687e+01
1.8425451373e-05,6.9774290703e-05,2.8601714452e+01
1.5460024164e-05,6.9463377735e-05,2.9975157957e+01
1.3462790628e-05,7.1203622602e-05,3.0833338340e+01
1.0477000113e-05,7.0914404206e-05,3.1996849139e+01
9.4725968587e-06,6.8901396836e-05,3.2362996019e+01
6.4574237387e-06,6.8648371522e-05,3.3392956538e+01
1.4605122652e-06,7.0164055293e-05,3.4845419839e+01
-4.6026959618e-06,6.9750875146e-05,3.6292340182e+01
-7.6633774268e-06,6.9566582131e-05,3.6903703692e+01
-1.3784091745e-05,6.9243085263e-05,3.7920584449e+01
-1.6869579833e-05,6.9100466569e-05,3.8341396214e+01
-2.1197556144e-05,6.7074465108e-05,3.8996349496e+01
-2.3033704961e-05,6.8853637913e-05,3.9024616857e+01
-2.6137578236e-05,6.8746561776e-05,3.9298890284e+01
-2.7429944499e-05,6.6865336760e-05,3.9589156002e+01
-3.0551765812e-05,6.6775944742e-05,3.9823816228e+01
-3.2333471930e-05,6.8565035025e-05,3.9727871847e+01
-3.5450390199e-05,6.8488206915e-05,3.9891647609e+01
-3.9944260812e-05,6.6563647359e-05,4.0324084365e+01
-4.1668290356e-05,6.8362271902e-05,4.0130924112e+01
-4.4793731010e-05,6.8311220928e-05,4.0213216745e+01
-4.6221569956e-05,6.6463847275e-05,4.0518241289e+01
-4.9361461430e-05,6.6424944474e-05,4.0581533287e+01
-5.5648568694e-05,6.6368178140e-05,4.0651951694e+01
-5.8791601335e-05,6.6349258087e-05,4.0663106712e+01
1.9674478390e-05,5.4593671767e-05,2.9642280696e+01
-6.3578612696e-05,7.5557410608e-05,3.8997243526e+01
-6.2075879951e-05,7.7439267565e-05,3.8693448391e+01
-5.9058500666e-05,7.7450949524e-05,3.8747142087e+01
-6.6618018926e-05,7.5554995247e-05,3.8941323647e+01
-6.8111941197e-05,7.7434893838e-05,3.8568997157e+01
-1.6467604141e-04,5.7299868600e-05,4.0397378692e+01
2.3842353276e-04,1.4007815835e-04,1.3666831333e+01
-8.0699563290e-05,4.3604764037e-05,4.5110990222e+01
6.8950765335e-05,1.4181784528e-04,2.1005199237e+01
1.0408635035e-04,5.7066295939e-05,2.2817420278e+01
-5.4459969516e-05,7.5603791358e-05,3.9120636944e+01
-5.3019435594e-05,7.7495702719e-05,3.8831074262e+01
-5.0003788149e-05,7.7528944665e-05,3.8858345696e+01
-5.7499147442e-05,7.5581526324e-05,3.9088236646e+01
9.7983614896e-05,2.7231846754e-05,2.2801407638e+01
8.3175722902e-05,3.4235295408e-05,2.2724687968e+01
8.7217151647e-05,2.6666563298e-05,2.2771907377e+01
-1.6334938270e-04,8.2513388261e-05,3.6338904305e+01
1.5883021315e-04,1.0423029636e-04,1.7041182094e+01
1.5602166466e-04,1.1019519329e-04,1.7046359489e+01
1.0205544889e-05,5.3978276026e-05,3.3280662375e+01
7.2826263233e-05,3.3543406939e-05,2.2689054003e+01
5.4686153395e-05,7.7154959353e-06,3.0725516827e+01
3.6299646097e-05,1.2852434109e-04,5.1365878280e+01
-4.3971772609e-05,7.7619798844e-05,3.8874793872e+01
-4.0960994365e-05,7.7677777334e-05,3.8860000898e+01
9.3449596155e-05,5.5212070484e-05,2.2751344267e+01
8.3095168642e-05,5.3558082072e-05,2.2691010593e+01
6.6298426643e-05,2.5936570383e-05,2.3006839346e+01
-1.7537602724e-04,1.1941908759e-05,4.8780357675e+01
-1.7660047476e-04,1.3480141570e-05,4.8428299646e+01
5.2711358622e-05,3.2602957666e-05,2.4248562764e+01
-2.3082659493e-05,7.4301000383e-06,4.8388119444e+01
-2.6899108885e-05,2.4279825578e-05,4.5876084461e+01
-1.1360507044e-05,7.4577417145e-06,4.6594545511e+01
5.5946798913e-05,2.5679395121e-05,2.5640211347e+01
-8.4402466960e-06,1.3521331664e-05,4.4995420939e+01
-4.6216356184e-06,1.3542490521e-05,4.4278604583e+01
-6.8088187530e-06,1.5065962436e-05,4.4410635772e+01
-5.2059864500e-06,1.6621231514e-05,4.3816508892e+01
-6.6821299145e-05,5.7368036032e-05,4.2322084199e+01
-7.0072454554e-05,5.7367003609e-05,4.2325362039e+01
-1.7377990747e-04,8.1312157495e-05,3.6472112303e+01
-1.7446191640e-04,8.3427436484e-05,3.6224681247e+01
-2.7661891283e-05,3.0666973841e-05,4.4828278185e+01
-2.9708868755e-05,5.9557361073e-05,4.0615364605e+01
3.1274659023e-05,2.5107976948e-05,3.2899144574e+01
6.3135270690e-05,5.0844398060e-05,2.2604895695e+01
7.2998762003e-05,5.2103225549e-05,2.2641074527e+01
-9.9148158068e-05,5.7553160812e-05,4.1936863520e+01
-3.4942559384e-05,7.7821902857e-05,3.8772638746e+01
-3.1940068169e-05,7.7908634922e-05,3.8694871324e+01
-9.6341691165e-06,3.9196803730e-05,4.0580576036e+01
-8.8160722199e-05,3.6969349328e-05,4.6497227701e+01
-8.4651296541e-05,3.6960547687e-05,4.6504515280e+01
-9.5173145778e-05,3.6993172292e-05,4.6447110868e+01
1.8499894572e-05,3.1489093322e-05,3.5095237698e+01
2.8924904648e-05,3.1786298016e-05,3.1847276824e+01
2.0517892385e-05,2.4892813476e-05,3.6048027416e+01
2.1262521687e-04,1.9128660085e-06,2.0805904148e+01
2.1690009665e-04,4.1512874952e-06,2.0766936684e+01
-2.1321838822e-04,1.4723348300e-06,4.6475770654e+01
-2.0768856240e-04,4.4332287625e-06,4.6881118683e+01
-2.0376474020e-04,4.4274552457e-06,4.7374287942e+01
-2.1161164815e-04,4.4376339351e-06,4.6346759795e+01
-2.0892009422e-04,5.9370596525e-06,4.6520537779e+01
-2.0254656066e-04,2.9443257049e-06,4.7718817094e+01
-1.9983668526e-04,4.4274046639e-06,4.7829654546e+01
-1.9591078554e-04,4.4194074904e-06,4.8252144826e+01
-2.1553246782e-04,4.4431830183e-06,4.5766005333e+01
-2.1945207382e-04,4.4483819164e-06,4.5133589963e+01
-1.8928577253e-05,5.2745076927e-05,4.0213761586e+01
-6.7089865423e-05,3.6950825992e-05,4.6317236882e+01
-7.2417893905e-05,3.5310373271e-05,4.6749904562e+01
-7.4112404991e-05,3.6947522119e-05,4.6441972628e+01
-7.7626638353e-05,3.6949556997e-05,4.6478108249e+01
4.4006103871e-05,4.8894477926e-05,2.2619186869e+01
-2.0103115795e-05,5.9829112925e-05,3.9557623084e+01
-1.0556168560e-05,6.0191066579e-05,3.8037300938e+01
-1.7746217461e-05,4.5821850744e-05,4.0976846027e+01
2.1936505575e-05,4.7371954077e-05,3.0251075745e+01
-1.1210276919e-04,4.8929874368e-05,4.3548266840e+01
-1.1009622817e-04,5.0648971051e-05,4.3213464248e+01
-1.1139119672e-04,5.2432911951e-05,4.2793322600e+01
-1.1542649712e-04,4.8970088086e-05,4.3463961963e+01
-2.7187322990e-05,7.6175419761e-05,3.8681848628e+01
-2.5942422652e-05,7.8114977653e-05,3.8455741295e+01
-2.2952042780e-05,7.8235419426e-05,3.8287725602e+01
-3.0205725332e-05,7.6073581293e-05,3.8824580974e+01
1.2191986653e-05,4.6863532022e-05,3.3773385395e+01
-1.0893806257e-06,6.0657460052e-05,3.5939504988e+01
-7.7649429719e-05,6.6355417717e-05,4.0494495846e+01
-7.6011050753e-05,6.8172579647e-05,4.0164553550e+01
-8.0788122590e-05,6.6374268934e-05,4.0439067237e+01
-1.2172201423e-05,7.6868689379e-05,3.7382497721e+01
-9.1883891859e-06,7.7049134672e-05,3.6974702416e+01
-3.2452451480e-06,7.7458439043e-05,3.5970222628e+01
-2.8711501045e-07,7.7689018125e-05,3.5361630555e+01
3.6785449646e-06,7.9977685436e-05,3.4528215890e+01
-1.8160515649e-05,7.6551865923e-05,3.8036000465e+01
-2.1164239530e-05,7.6413926565e-05,3.8291501393e+01
5.5978197828e-06,7.8207114024e-05,3.3899243560e+01
9.4967179088e-06,8.0565264718e-05,3.2899624479e+01
1.2387588393e-05,8.0892763850e-05,3.1936628032e+01
1.8126940379e-05,8.1621515633e-05,2.9672512077e+01
2.0974488019e-05,8.2025599467e-05,2.8356832999e+01
2.2937883786e-05,8.0297538854e-05,2.6975058344e+01
2.5770646797e-05,8.0737475606e-05,2.5387160485e+01
2.6618455778e-05,8.2920537923e-05,2.5332641397e+01
2.9412449722e-05,8.3414845713e-05,2.3452534324e+01
9.5759413762e-05,7.5531429594e-05,2.2730694538e+01
2.0459296973e-04,1.8278411993e-06,2.0731684105e+01
2.0892074386e-04,3.9633245850e-06,2.0699767780e+01
-3.8699459399e-05,5.2330764843e-05,4.2321809128e+01
-1.8113087125e-04,4.5084380388e-05,4.2117037920e+01
2.6557630624e-05,6.2833475613e-05,2.4939199622e+01
3.1957573331e-04,6.0786189767e-05,1.4152547608e+01
4.4448805400e-05,6.5096964115e-05,2.2513349334e+01
6.2922783163e-05,6.8212362345e-05,2.2514246858e+01
3.5451361887e-05,6.3865554669e-05,2.2538869692e+01
7.2463522711e-05,7.0119042151e-05,2.2549738195e+01
5.3595833914e-05,6.6541933868e-05,2.2503760055e+01
-1.0491418029e-05,1.0683943001e-04,3.6967177582e+01
-1.3830051335e-05,1.1074207502e-04,3.6540655805e+01
-1.6475460421e-05,1.1053973230e-04,3.6297773649e+01
-1.3220255940e-04,5.4520930796e-05,4.1832882202e+01
-5.8222226200e-05,2.5708255121e-05,4.8207636018e+01
-5.8233987949e-05,2.8869149335e-05,4.7601122424e+01
2.6469063433e-04,4.1271939060e-05,1.6549232909e+01
2.6885076568e-04,4.2004040976e-05,1.6134395584e+01
2.6555135681e-04,4.4906104132e-05,1.6090512365e+01
2.7127901261e-04,3.5492219908e-05,1.7145059459e+01
2.6140183025e-04,4.4149959333e-05,1.6424222052e+01
-2.5235624813e-04,2.2811004519e-05,3.5224693014e+01
1.0389682848e-04,1.3897712123e-04,1.8417729794e+01
1.0709794159e-04,1.4059315919e-04,1.8065796208e+01
1.1347266249e-04,8.0243976027e-05,2.2873212751e+01
-8.0244303182e-05,5.0414245745e-05,4.3697075365e+01
-7.0234733776e-05,5.0397178546e-05,4.3694058236e+01
2.9867815297e-05,9.1804948956e-05,2.6202212741e+01
3.2595519846e-05,9.2391672456e-05,2.4829304674e+01
3.3349442191e-05,9.4667392812e-05,2.5296857517e+01
-1.1200377601e-04,6.6809510378e-05,3.9710108983e+01
-1.8538512450e-04,1.4587765566e-06,4.9675232801e+01
-1.8806585714e-04,4.4124901812e-06,4.9007284312e+01
-1.9198558968e-04,4.4137929119e-06,4.8643958669e+01
-1.8944617625e-04,5.9054158917e-06,4.8659810660e+01
-1.9464286327e-04,2.9382386365e-06,4.8591416543e+01
1.8471061029e-04,1.6598543320e-06,2.0866870964e+01
1.8907575458e-04,3.5676561921e-06,2.0850386600e+01
8.6038435930e-05,1.0494497022e-04,2.2347443790e+01
6.2400111109e-05,9.8648438498e-05,2.1983609417e+01
6.0078812683e-05,1.0026822376e-04,2.1895501052e+01
6.5778074884e-05,1.0232485423e-04,2.1877062376e+01
-1.0507126898e-04,1.0360470434e-04,3.3709119456e+01
1.7669913817e-04,1.6076972441e-06,2.0999071274e+01
1.8108486223e-04,3.4455004404e-06,2.1019272141e+01
-1.7743427422e-04,1.4550070830e-06,5.0322921861e+01
-1.7500497104e-04,2.9258256888e-06,5.0280613890e+01
-1.2373577228e-04,5.6136429471e-05,4.1696738556e+01
-2.2988988905e-04,4.5975990388e-05,3.8632887397e+01
-2.4097594469e-04,3.9075407353e-05,3.7512101979e+01
5.9187942698e-05,1.0962259353e-04,2.1348610050e+01
9.1223177196e-05,1.3561915823e-04,1.9762437055e+01
-1.8553334052e-05,1.0623330425e-04,3.6473754237e+01
-5.2842430297e-05,1.1948216842e-04,3.2331793986e+01
-6.7711372116e-05,1.0489305871e-04,3.3899450458e+01
-6.9033569866e-05,1.0694043160e-04,3.3570308196e+01
1.9163234272e-04,1.0105852115e-04,1.6311722633e+01
-2.4381129419e-04,6.3087316707e-05,3.7067497342e+01
1.5676818726e-04,1.5408585341e-06,2.1436289950e+01
1.6120952219e-04,3.2244070531e-06,2.1502901431e+01
2.2910439126e-04,9.7320148034e-05,1.5020535175e+01
1.4875081936e-04,1.5364152554e-06,2.1662481106e+01
1.5321181612e-04,3.1781118398e-06,2.1649007548e+01
-1.8279116872e-04,3.4599324735e-05,4.4038149205e+01
-1.8364839834e-04,3.6337316085e-05,4.3653269842e+01
-8.1473028910e-05,1.0502377439e-04,3.3625135694e+01
-7.9976135824e-05,1.0704525588e-04,3.3385877402e+01
2.2172575260e-04,7.7530415417e-05,1.5929460752e+01
1.2886888390e-04,1.5402170478e-06,2.2053127434e+01
3.2236846236e-04,5.3706542024e-05,1.4289902014e+01
1.2091956217e-04,1.5397633465e-06,2.2252201764e+01
1.1301247161e-04,1.5312015373e-06,2.2568751478e+01
-1.8386697044e-04,8.8575510287e-05,3.5747630819e+01
3.0854017883e-04,3.0579029432e-06,1.7834930316e+01
1.0555889415e-04,1.1005799953e-04,2.2930832324e+01
-1.7448489845e-04,1.0027595817e-04,3.4797845865e+01
1.0507480478e-04,1.5296621190e-06,2.3056847757e+01
1.0965815811e-04,3.1512160635e-06,2.2659603072e+01
-1.3154529568e-04,1.0907970778e-04,3.3607007066e+01
-8.2146015221e-05,1.1535573089e-04,3.2607070807e+01
-1.7610556329e-04,6.3542760127e-05,3.9000573579e+01
9.7139745814e-05,1.5273997988e-06,2.3772810609e+01
1.2687566138e-04,7.8212714792e-05,2.1100833899e+01
8.9169762400e-05,1.5320855844e-06,2.4765966608e+01
8.1269788982e-05,1.5206031262e-06,2.6040572967e+01
1.5379341609e-04,1.2353635940e-04,1.7062464725e+01
-2.2618912214e-04,6.6476555502e-05,3.7444427420e+01
7.3332134124e-05,1.5162234903e-06,2.7582432412e+01
-2.3700404061e-04,8.0071210532e-05,3.6752539071e+01
6.5391652004e-05,1.5113680993e-06,2.9343972284e+01
5.7448198757e-05,1.5061752503e-06,3.1274259662e+01
4.9478457327e-05,1.5015537636e-06,3.3325260126e+01
-1.3100666802e-04,8.4602074299e-05,3.6155547023e+01
-2.4380682846e-04,6.5388624942e-05,3.7085747184e+01
2.6929194044e-04,1.1065301891e-04,1.3955264905e+01
-1.0670460662e-04,1.1194086120e-04,3.3071529668e+01
2.3274181240e-04,1.2387343176e-04,1.4342128424e+01
1.9637649212e-04,1.4285831818e-04,1.4519712099e+01
3.2386972113e-04,3.9084836103e-05,1.4747362447e+01
-2.7666096644e-04,1.5380280680e-06,2.4077828255e+01
-2.7271433806e-04,1.5281277735e-06,2.6652449188e+01
-2.6943002704e-04,3.0654154084e-06,2.8613942797e+01
-2.6615701746e-04,4.6118287786e-06,3.0374986198e+01
-2.6480828267e-04,1.5147014058e-06,3.1219728816e+01
-2.6084967709e-04,1.5102593539e-06,3.3206087417e+01
-2.5776021424e-04,3.0237844399e-06,3.4560347477e+01
-2.5852124445e-04,4.5729594696e-06,3.4138220914e+01
-2.7007517050e-04,4.6369059329e-06,2.8140978540e+01
-3.0539744461e-04,1.1486301576e-05,1.7055502583e+01
1.7752092209e-04,1.0720703106e-04,1.6980011258e+01
2.4047387101e-04,9.6553642702e-05,1.4842109750e+01
8.4070789740e-05,1.4556665276e-04,2.0296650284e+01
-1.9695647451e-04,3.6682800215e-05,4.2732966119e+01
3.0294747495e-04,1.0685656241e-04,1.3105312175e+01
2.6453833036e-04,2.7076821837e-06,2.2153446445e+01
2.6507857285e-04,5.5072235493e-06,2.1578651692e+01
2.6050872748e-04,2.6752535612e-06,2.2105986375e+01
6.9494086003e-05,1.0892252818e-04,2.1639701366e+01
-2.8797765485e-04,3.6992595224e-05,1.7041423295e+01
2.7220388364e-04,1.0389505561e-04,1.4092832807e+01
-2.0381759544e-04,8.6959383106e-05,3.6021849266e+01
-1.7720687524e-04,8.3682540341e-05,3.6199014054e+01
2.5249994115e-04,2.4938246313e-06,2.1902343405e+01
2.5298211382e-04,5.1117186766e-06,2.1466760718e+01
2.4849770382e-04,2.4674193811e-06,2.1747202572e+01
2.4820722562e-04,5.5515681364e-05,1.6085771380e+01
-1.6144837255e-04,1.3438337864e-05,4.9349957163e+01
-2.4898881809e-04,1.4806821552e-06,3.8097078655e+01
1.5458231794e-04,9.9305358167e-05,1.7056359332e+01
1.0178843959e-04,3.1478065663e-06,2.3170219742e+01
2.1102307643e-04,8.1796456394e-05,1.6217057487e+01
-2.2514039593e-04,1.4779362880e-06,4.4426730028e+01
-2.2116711774e-04,1.4755754573e-06,4.5171362654e+01
2.2456303907e-04,2.0710945119e-06,2.1014898409e+01
2.2507211159e-04,4.2773461738e-06,2.0892961661e+01
2.2056599382e-04,2.0497815163e-06,2.0918820862e+01
2.7124075816e-04,1.2596820108e-04,1.3359365511e+01
2.1431327804e-04,1.2984226541e-04,1.4544933588e+01
1.9468914694e-04,1.2383887189e-04,1.5235911108e+01
-1.9731547870e-04,1.4661910903e-06,4.8511780132e+01
1.9665693332e-04,1.7639289746e-06,2.0735293564e+01
1.9724560819e-04,3.6457579390e-06,2.0751665940e+01
1.9266228694e-04,1.7512337083e-06,2.0759002369e+01
1.3961085907e-04,1.2120109480e-04,1.7120011235e+01
-2.9322302964e-04,1.8903708671e-05,1.7101205300e+01
-3.8367820137e-05,1.1777794462e-04,3.3129720926e+01
1.6872939061e-04,1.5809392474e-06,2.1137961349e+01
1.6473408999e-04,1.5819193515e-06,2.1227508276e+01
1.4079318009e-04,1.5463123374e-06,2.1787556973e+01
1.4152739010e-04,3.0903037831e-06,2.1948654288e+01
1.3681016569e-04,1.5582119065e-06,2.1907593182e+01
-1.3762990183e-04,1.4543317137e-06,5.2525030142e+01
-2.2270948066e-04,8.1422541832e-05,3.6491360909e+01
1.3291319969e-04,9.2073342290e-05,1.7292206761e+01
-2.1883693826e-04,8.9589135325e-05,3.6035942425e+01
-2.1686568401e-04,9.1437443898e-05,3.5929935117e+01
-2.1436581119e-04,9.1047096872e-05,3.5907247788e+01
-2.1230071298e-04,9.3145818987e-05,3.5785185085e+01
-2.0973121355e-04,9.2627141822e-05,3.5765272207e+01
-2.0755169589e-04,9.4404747920e-05,3.5650845703e+01
2.1373842141e-04,9.6809227461e-05,1.5419271104e+01
-1.5078826076e-04,6.6120844817e-05,3.9064635156e+01
4.1507944466e-05,1.5020834382e-06,3.5435237635e+01
-3.8064797864e-05,1.4563347551e-06,5.1104349459e+01
-1.8148659151e-05,1.4621730552e-06,4.8679875665e+01
2.4239155956e-04,6.4794904169e-05,1.5830812469e+01
8.4333121662e-05,1.1571203452e-04,2.2098792825e+01
-1.7712045513e-04,9.2052575575e-05,3.5396458923e+01
-1.8356018851e-04,7.8089786519e-05,3.6826899588e+01
1.4307334187e-04,9.2163750427e-05,1.7062684611e+01
1.3997470395e-04,9.4378144718e-05,1.7071751389e+01
2.3362956120e-04,1.3147406946e-04,1.4100244853e+01
-1.2009115426e-04,1.1255216899e-04,3.3268147176e+01
2.6413377807e-04,7.6558939526e-05,1.4989299556e+01
-1.5534242175e-04,3.4166204741e-05,4.5473891872e+01
2.3317678141e-04,7.6814303836e-05,1.5583774211e+01
-2.3308461751e-04,1.4828366340e-06,4.2713709033e+01
1.0992746705e-04,1.2163679637e-04,1.8079813981e+01
2.1243984737e-04,8.9282051858e-05,1.5767212608e+01
-1.9333938306e-04,1.4646006709e-06,4.8928339271e+01
-3.0222094810e-04,3.4565090532e-05,1.7209921711e+01
1.6863987143e-04,9.7169649005e-05,1.7024110643e+01
-7.8010738685e-05,9.0961601684e-05,3.5878212294e+01
-1.2323113182e-04,1.0236508332e-04,3.3944949520e+01
1.2564819365e-04,1.1528170140e-04,1.7060667872e+01
-2.8357379241e-04,5.3576577610e-05,3.1514409826e+01
-9.4373316037e-05,1.1356611542e-04,3.2826883067e+01
-9.2827381938e-05,1.1559646292e-04,3.2715671855e+01
-2.2945515455e-04,4.1997571710e-05,3.8997094863e+01
2.1050739194e-04,6.0990605675e-05,1.7052686061e+01
1.2013585258e-04,1.4356876867e-04,1.7205050065e+01
-1.5767831772e-04,6.8339516638e-05,3.8543370230e+01
-1.3592379131e-04,1.0104979566e-04,3.4189536338e+01
-2.0853355653e-04,8.5523837131e-05,3.6153573741e+01
1.8700016537e-04,9.6043614660e-05,1.7046322145e+01
-2.0341469471e-04,7.1881788361e-05,3.7359836331e+01
-1.7186332383e-04,9.9975340276e-05,3.4771413423e+01
1.8825184928e-04,1.0357443350e-04,1.6469591223e+01
1.4038548443e-04,1.4981840863e-04,1.7315044417e+01
1.5432254131e-04,1.6051447256e-04,1.7166826486e+01
3.0771418413e-04,8.5086663979e-05,1.3738338692e+01
-3.1428937734e-04,3.4090576105e-05,1.7231460859e+01
-3.1046199271e-04,3.5542989827e-05,1.7237287262e+01
-1.1641117333e-04,1.1028778890e-04,3.3299127110e+01
-1.4610504621e-04,3.5726690364e-05,4.5494107738e+01
-2.2623466038e-04,2.9663318608e-06,4.4056324228e+01
2.6266014650e-04,1.4061829474e-05,1.9821158080e+01
2.6122958829e-04,2.5416109149e-05,1.7903291153e+01
2.4322803197e-04,5.1003551251e-05,1.6869380411e+01
2.8788627167e-04,2.1022948042e-05,1.7026304597e+01
-1.4842175286e-04,3.9125150808e-05,4.4675816399e+01
3.6148469933e-04,3.5516092756e-05,1.2618620738e+01
3.5819923318e-04,3.9132454159e-05,1.2843137281e+01
3.5860163294e-04,4.3237871148e-05,1.2759769034e+01
1.7782122145e-04,8.6270139829e-05,1.7026262621e+01
-2.3430072037e-04,3.2825669507e-05,3.9071823505e+01
2.7903763612e-04,9.7964968832e-05,1.4112451854e+01
-2.0526784710e-04,1.4690058211e-06,4.7575779402e+01
-2.7840055439e-04,1.3338504765e-05,2.1674550485e+01
3.4984886544e-05,8.4494222719e-05,2.2439345225e+01
-1.5860268514e-05,1.0641940285e-04,3.6648709299e+01
-1.6228227818e-04,7.2471410206e-05,3.7789710261e+01
-1.6518724710e-04,7.2646439517e-05,3.7727149792e+01
-1.6018724634e-04,7.4312503168e-05,3.7524150028e+01
4.6215257761e-05,7.8203924167e-05,2.2404858316e+01
-1.3864667791e-04,8.2992120537e-05,3.6354900463e+01
3.5626834024e-04,2.3147212853e-05,1.2903905470e+01
2.7051002421e-04,4.9288804095e-05,1.5841252531e+01
-1.9777938989e-04,5.9131564927e-05,3.9082071351e+01
-8.9003845929e-05,1.1341760565e-04,3.2780566259e+01
-6.4959996053e-05,1.0488902681e-04,3.3977069141e+01
2.4980685759e-04,6.2871294900e-05,1.5734913312e+01
1.8042300018e-04,8.0238289283e-05,1.7040268464e+01
2.9937050816e-04,7.9752525197e-05,1.4159554143e+01
2.0130759093e-04,5.3008933350e-05,1.7030815516e+01
-1.0895808523e-04,9.5640303504e-05,3.4667592766e+01
-1.5703150907e-04,4.7969025380e-05,4.2493422216e+01
-2.1325618766e-04,8.4120724528e-05,3.6275219896e+01
2.9823252675e-04,7.2126658447e-05,1.4425537237e+01
-2.2049474369e-04,8.3238389308e-05,3.6372344009e+01
-1.1014599257e-04,6.8620187463e-05,3.9379130457e+01
-3.9065816739e-05,1.3401573835e-05,4.9165444355e+01
2.2003494009e-05,1.3730493598e-05,3.8135667747e+01
3.7107452213e-05,1.3864253130e-05,3.4031140299e+01
-5.8241180951e-05,1.3364712563e-05,5.0526237678e+01
5.2108045495e-05,1.4007660205e-05,2.9935509033e+01
-1.3524253780e-04,4.9268429639e-05,4.2886827343e+01
-7.3582175026e-05,1.3350904500e-05,5.1090065389e+01
6.6992916636e-05,1.4149037042e-05,2.6305899179e+01
-9.9429467950e-06,1.1959629796e-04,3.6684573627e+01
-8.8915038445e-05,1.3347927971e-05,5.1298721142e+01
7.4579094837e-05,9.0189727385e-05,2.2366524336e+01
-7.8163171868e-06,1.0707520884e-04,3.7102294267e+01
4.0729274247e-05,9.4375456704e-05,2.2192750704e+01
-1.0423337413e-04,1.3353625626e-05,5.1235873742e+01
-2.4139080020e-04,6.9461475651e-05,3.7120640791e+01
-1.1953161653e-04,1.3366621900e-05,5.0962608540e+01
1.3059560382e-04,1.5128036551e-05,2.2929214886e+01
7.6693492609e-05,1.0128356656e-04,2.2157957025e+01
-1.3480429712e-04,1.3386309618e-05,5.0516631704e+01
-8.9600850459e-05,2.4121216407e-05,4.9179142890e+01
2.1452329743e-04,6.1868761077e-05,1.7010021357e+01
1.5801807993e-04,1.6490127353e-05,2.1450298204e+01
-1.6953151843e-04,2.9358191312e-05,4.5815908979e+01
-1.0432602473e-04,2.4145829560e-05,4.9078088846e+01
-1.6776089888e-04,5.7425637895e-05,4.0287459627e+01
-1.6634366195e-04,6.1122284327e-05,3.9647114109e+01
1.8554551419e-04,1.8555832080e-05,1.9560049644e+01
-1.3730801379e-04,2.4259473520e-05,4.8254887617e+01
-9.9734756561e-05,4.2004860021e-05,4.5304819376e+01
2.1311348705e-04,2.1064065123e-05,1.8715620725e+01
-1.9818212278e-04,1.2015275527e-05,4.6880597292e+01
4.2679814802e-05,8.3985701453e-05,2.2348282846e+01
-1.6360315889e-04,6.8645946368e-05,3.8393614165e+01
-2.2743460340e-04,8.0133267163e-05,3.6594533594e+01
-2.1705663734e-05,1.2078335546e-04,3.4387370417e+01
-2.3201506915e-04,1.2216446356e-05,4.1825833817e+01
1.7306909754e-04,1.0214509100e-04,1.7004022813e+01
2.4511110813e-04,2.4127380785e-05,1.8600092135e+01
-8.3931012981e-05,1.0916687509e-04,3.3121328411e+01
-1.0345023569e-04,7.2208141158e-05,3.8796964837e+01
-1.0040376697e-04,7.2152500928e-05,3.8872809367e+01
9.4330249603e-05,1.3737380802e-04,1.9463585283e+01
-1.7099841993e-04,8.1078545315e-05,3.6506057143e+01
6.1880883354e-05,1.1076119677e-04,2.1305400245e+01
1.4744437131e-04,1.4962714539e-04,1.7254783730e+01
5.8345675809e-05,1.2667903594e-04,2.3179684502e+01
3.5764816777e-05,8.6770161747e-05,2.2440371138e+01
1.2329676951e-04,9.5092536354e-05,1.9410435539e+01
1.1580066580e-04,1.1440625076e-04,1.7619117676e+01
-7.1618884407e-05,1.1107100812e-04,3.2994732017e+01
1.1030862032e-04,1.3193525683e-04,1.6952643893e+01
1.4044693033e-04,9.7775731304e-05,1.7062360580e+01
1.5470187910e-04,1.4936183407e-04,1.7120478206e+01
-2.0760673963e-04,5.2022318542e-05,3.9646396402e+01
2.9784646556e-04,2.8870770713e-05,1.6054099783e+01
-8.3252747410e-05,9.8978748713e-05,3.4451314126e+01
2.0788319013e-04,1.4271320749e-04,1.4266266333e+01
2.1076555813e-04,1.3249663977e-04,1.4544515990e+01
1.9678756589e-04,4.9358664092e-05,1.7111263765e+01
8.1814371866e-05,1.3687238946e-04,2.1683968997e+01
-1.9072007168e-04,5.4782624020e-05,3.9999660738e+01
8.4919141331e-05,1.2522590244e-04,2.2130461169e+01
6.4818115162e-05,1.3433737025e-04,1.6552596679e+01
-2.0840454990e-04,4.2550344541e-05,4.0933219549e+01
-1.5063879305e-04,4.2583408489e-05,4.3852478810e+01
1.9899507930e-04,1.2890260288e-04,1.4929868618e+01
1.1871384087e-04,7.3249933631e-05,2.2925897250e+01
4.4538058271e-05,1.2211518904e-04,3.4983224894e+01
3.1689044392e-04,9.8393226242e-05,1.2920812655e+01
2.0192858637e-04,5.6123263639e-05,1.7069832104e+01
-1.1006786152e-04,9.7695116970e-05,3.4395279574e+01
-1.6962601894e-04,4.1227713780e-05,4.3393591364e+01
1.6217520474e-04,1.4895215840e-04,1.6981496641e+01
1.6687579402e-04,8.6398251745e-05,1.7055127564e+01
9.4404381748e-05,9.9678882612e-05,2.2612264917e+01
-2.1793370222e-04,6.3151725528e-05,3.7933824697e+01
-1.5977791894e-04,5.3445304028e-05,4.1289548600e+01
1.3012079350e-04,1.4835921434e-04,1.7246671770e+01
-1.2851741281e-04,9.6509867987e-05,3.4570446567e+01
3.1003158819e-04,7.4216802683e-05,1.4025087050e+01
-2.4960956114e-04,4.2095030240e-05,3.5899269284e+01
-1.9068958798e-04,7.4661578922e-05,3.7185582912e+01
2.5232986951e-04,5.6361322385e-05,1.5965283798e+01
2.4737173906e-04,5.1853617170e-05,1.6448527502e+01
2.3435135956e-04,4.6145769132e-05,1.7090000961e+01
-3.3086468114e-04,3.5348386906e-05,1.6977873645e+01
1.5040005678e-04,1.2572855533e-04,1.7085581612e+01
3.1780232705e-04,7.5609669548e-05,1.3720139296e+01
-2.6518559670e-04,1.9895284811e-05,2.9834970103e+01
-1.7106283145e-04,8.9332376976e-05,3.5590138503e+01
-1.7513628290e-04,8.5559422420e-05,3.5992763839e+01
-1.9180071051e-04,8.9561835094e-05,3.5732272095e+01
-1.6085336984e-05,1.3483229051e-05,4.6295853895e+01
-1.2536518704e-04,4.9104821825e-05,4.3189485260e+01
1.8236528873e-04,7.0853981926e-05,1.7071868947e+01
-1.5538808580e-04,9.0069210493e-05,3.5422557414e+01
-3.5232478217e-05,1.3412046772e-05,4.8788618829e+01
1.8213403586e-05,1.3699601977e-05,3.9116061080e+01
-1.4046346886e-04,9.9284980301e-05,3.4389769660e+01
1.9674711503e-04,1.0987315846e-04,1.5628556795e+01
2.0357327902e-04,1.0470796305e-04,1.5512222703e+01
-2.1953735775e-04,1.6882814521e-05,4.3486896696e+01
-2.1321608845e-04,3.7269884066e-05,4.1290670930e+01
-5.4405570280e-05,1.3370131679e-05,5.0318114515e+01
2.1607466320e-04,6.9077223763e-05,1.6778226907e+01
2.6585345676e-04,1.1357286787e-04,1.3944965570e+01
-8.9189862455e-05,9.5087433461e-05,3.4949972877e+01
-2.5476045613e-04,1.5877044786e-05,3.4790159960e+01
2.7562801444e-04,1.0093747366e-04,1.4102660633e+01
2.2047937970e-04,9.1453308194e-05,1.5397237317e+01
2.1254162654e-04,1.1462672084e-04,1.4951512681e+01
-2.4858334414e-04,7.3740397388e-05,3.7212069232e+01
-1.0881383481e-04,5.7679744939e-05,4.1708537046e+01
-2.2548712839e-04,3.6035953511e-05,4.0078613831e+01
3.5531976723e-04,4.6780704595e-05,1.2900377085e+01
3.1246837319e-04,4.1370652224e-05,1.5037781669e+01
-9.2470453114e-05,1.0525449571e-04,3.3523462098e+01
2.1840352507e-04,8.0214383952e-05,1.5935813296e+01
-3.9743303542e-06,1.2239655363e-04,3.8342703680e+01
-3.5323685397e-04,2.5960247915e-05,1.3171527997e+01
-2.2298577595e-04,8.3745028719e-05,3.6361831398e+01
2.0560494680e-04,1.1990434697e-04,1.4994273286e+01
-2.5169347629e-04,6.0970018314e-06,3.6809978267e+01
-2.5364759628e-04,6.3156747963e-05,3.6670422012e+01
-2.8389796583e-04,1.9714674183e-05,1.6928126743e+01
-3.0139647044e-04,1.3281950716e-05,1.7069621789e+01
-2.3094275290e-04,6.0707801134e-05,3.7641182072e+01
8.9242347454e-05,1.0625063261e-04,2.2427333064e+01
2.5249351006e-04,1.2888946523e-04,1.3752704475e+01
2.8227594059e-04,6.9252122646e-05,1.4877505423e+01
2.8121551921e-04,2.6817969722e-05,1.7041048613e+01
2.4459328113e-04,1.2692329970e-04,1.4006839860e+01
-1.7013192694e-04,3.6068794432e-05,4.4420216373e+01
3.0434273786e-04,8.8201728965e-05,1.3739855885e+01
1.0597518139e-04,1.1337098610e-04,2.2194843447e+01
1.1685372146e-04,1.4198116810e-04,1.7072693425e+01
2.4196241717e-04,8.2466926632e-05,1.5190594247e+01
2.3447052353e-04,1.3906615505e-04,1.3805652597e+01
2.3870428383e-04,1.1071602292e-04,1.4552679459e+01
2.9571990768e-04,5.7070980744e-05,1.4963310247e+01
1.6951649168e-04,1.4078862053e-04,1.6314741315e+01
2.2654951593e-04,1.3695197309e-04,1.4068918123e+01
1.3690482623e-04,1.3762025043e-04,1.7208042618e+01
1.5083597236e-04,1.8170732342e-05,2.1967752027e+01
1.4385934855e-04,1.5149009331e-04,1.7326247076e+01
-1.1372585551e-04,1.1015877777e-04,3.3265522643e+01
2.5744996641e-04,1.0792703841e-04,1.4286967721e+01
3.7672073359e-05,1.2196480168e-04,3.9520026744e+01
2.2219648507e-04,1.3207273081e-04,1.4321630538e+01
2.1864422146e-04,1.3476714078e-04,1.4312231025e+01
9.1080472062e-05,1.3904478932e-04,1.9757198032e+01
8.8032231347e-05,1.2697298413e-04,2.2319842684e+01
1.1355013853e-04,1.3353252940e-04,1.7192539387e+01
1.0071927895e-04,1.3049493555e-04,1.9081785691e+01
7.6108693934e-05,1.2335407464e-04,2.1360565635e+01
1.2673009348e-04,1.3639450955e-04,1.7200468535e+01
-9.6369693278e-05,1.0741487384e-04,3.3302126554e+01
3.0374624176e-04,5.8338369148e-05,1.4712731771e+01
-1.3954559176e-04,1.0337182342e-04,3.4060078420e+01
1.9544398845e-04,1.3145964807e-04,1.4956350635e+01
-1.4724689447e-04,4.7745219032e-05,4.2859355587e+01
-2.1613399191e-04,6.9282567362e-05,3.7421173920e+01
7.0250196126e-05,8.3955120600e-05,2.2409953002e+01
-9.0910785076e-05,1.0726389724e-04,3.3308305867e+01
9.9141879723e-05,1.1041168459e-04,2.2665854122e+01
7.4126091645e-05,1.0294035274e-04,2.2040551524e+01
-1.3587527831e-04,9.4888568450e-05,3.4787214900e+01
-1.8527948777e-04,3.9868799246e-05,4.2889032559e+01
2.0327502594e-04,1.3393330385e-04,1.4667577928e+01
4.3453856249e-05,9.5104301310e-05,2.2094861729e+01
1.6974484821e-04,1.0454639984e-04,1.7007601080e+01
1.5087486087e-04,9.8033859790e-05,1.7064095565e+01
-1.4878857831e-04,9.3687418492e-05,3.4996935194e+01
-1.1322494988e-04,6.8687679555e-05,3.9300839014e+01
1.2517757867e-04,8.6565218704e-05,2.0417290191e+01
-1.2603908224e-04,8.0475915430e-05,3.6867730467e+01
1.4218583340e-04,1.1183684982e-04,1.7085186254e+01
-2.4269604599e-05,1.2061274610e-04,3.4025234706e+01
-5.6410736748e-05,3.0483085940e-05,4.7208537671e+01
-1.5619735831e-04,9.2187464431e-05,3.5203406008e+01
-2.0089435009e-04,3.8586508581e-05,4.2121197046e+01
-1.9465096774e-04,6.8893691946e-05,3.7843867942e+01
3.6224620388e-04,4.3820334169e-05,1.2507645713e+01
-3.5753520287e-05,1.1787983158e-04,3.3298980470e+01
1.6605193011e-04,1.5432327122e-04,1.4951966453e+01
-5.8582130948e-05,5.2148698347e-05,4.3201710678e+01
2.1491943530e-04,1.0437079038e-04,1.5151458646e+01
7.0277882961e-05,3.1307250767e-06,2.7941063507e+01
2.6332071318e-04,1.6940704438e-05,1.9222826084e+01
7.8148896984e-05,3.1428707875e-06,2.6338253621e+01
2.2484717735e-04,1.2175660568e-04,1.4543832541e+01
4.3417879272e-05,8.6330617145e-05,2.2312223046e+01
-1.1737257095e-04,9.5972542483e-05,3.4606611352e+01
-2.2754000425e-04,3.0665128452e-05,4.0399568348e+01
1.0410100461e-04,1.0037401048e-04,2.2786253368e+01
1.5824563870e-04,1.3989485419e-04,1.7056098709e+01
-1.9372727374e-04,5.4961528732e-05,3.9854288483e+01
-6.7469588698e-05,2.4120089022e-05,4.8864028765e+01
-8.1212441432e-05,1.0911898882e-04,3.3136705967e+01
1.9297037666e-04,8.7271836410e-05,1.7026429288e+01
-1.7922489028e-04,7.4097941495e-06,4.9266051971e+01
-2.1055801102e-04,5.2244537792e-05,3.9456238648e+01
-2.4149658162e-04,7.4167798736e-05,3.7075700452e+01
-1.6278512978e-04,1.9645353480e-05,4.8104933574e+01
2.5501533552e-04,1.1841521362e-04,1.4041815088e+01
6.3396498514e-05,1.0391704121e-04,2.1762286366e+01
-1.6893009217e-04,8.8996139225e-06,4.9721507418e+01
-1.8377026122e-04,1.8183489075e-05,4.7081099799e+01
-6.8917094905e-05,1.1105644131e-04,3.3031126583e+01
9.7306204962e-05,1.4247600643e-04,1.9394482188e+01
-2.4625858830e-04,6.5970921105e-05,3.7033187633e+01
-8.6652777953e-05,9.1081453704e-05,3.5653965406e+01
-1.1011499774e-04,5.9490976099e-05,4.1290452653e+01
3.2993514085e-05,8.6189749981e-05,2.2173491821e+01
-1.7384017960e-04,1.9701776383e-05,4.7468560197e+01
2.0585649232e-04,2.2970313381e-05,1.8597236368e+01
-1.5102355513e-04,6.0507633757e-05,4.0128373914e+01
1.8173511840e-04,8.7432099513e-05,1.7011130510e+01
-1.3964124297e-04,5.1117642136e-05,4.2363186390e+01
-3.0653396008e-04,4.3451723303e-05,1.7229812143e+01
2.9453752172e-04,3.1950596708e-05,1.6004847236e+01
3.8282588212e-05,7.8801680986e-05,2.2430022979e+01
8.9651358241e-05,1.0931793688e-04,2.2406954801e+01
1.9343483141e-04,7.0274490949e-05,1.7047057684e+01
-1.6836435921e-04,5.1911840550e-05,4.1316428037e+01
2.4723935894e-04,6.9392787346e-05,1.5530684746e+01
-1.7166064988e-04,6.7163100534e-05,3.8499873217e+01
-1.5765102067e-04,1.3429123043e-05,4.9548528050e+01
-1.0615605440e-04,5.4099615251e-05,4.2541863964e+01
-1.2659254791e-04,5.0873820988e-05,4.2769227218e+01
-4.9056617047e-05,2.7323578161e-05,4.7397820014e+01
1.7207759155e-04,7.4734109052e-05,1.7076850326e+01
2.6539537124e-04,6.2482342503e-05,1.5427352251e+01
2.5337678223e-04,8.1468933506e-05,1.5023811547e+01
-2.9653883231e-04,3.5003671071e-05,1.7147012761e+01
-2.0487940993e-04,6.5811203485e-05,3.8011619591e+01
-1.7867932527e-04,3.9695716310e-05,4.3272177582e+01
-1.4728883273e-04,4.2526443454e-05,4.3980072837e+01
-1.4318682900e-04,9.9475440872e-05,3.4403834190e+01
-2.4665929558e-04,3.3704175474e-05,3.6502721049e+01
-2.4115120189e-04,4.3112719611e-05,3.7364373056e+01
-2.0943766884e-04,1.8383890090e-05,4.4632428288e+01
-1.4870508324e-04,6.7932572835e-05,3.8769718994e+01
2.4107020445e-04,2.3758314596e-05,1.8611763476e+01
9.1092254353e-05,9.8458840990e-05,2.2552342027e+01
-4.5591256638e-05,3.0532221790e-05,4.6566125782e+01
-2.9635606992e-05,1.4951623674e-05,4.7896036626e+01
2.8206829827e-04,1.1903407846e-05,1.7997568824e+01
-1.7542951904e-04,5.4023721285e-05,4.0679392273e+01
2.2758100064e-04,6.8412575675e-05,1.6156464717e+01
2.0542297958e-04,7.3297553837e-05,1.7024757777e+01
2.1183684375e-04,1.4387313783e-04,1.4133043640e+01
-2.6618118390e-04,4.0537771212e-05,3.1371224073e+01
-2.0885431040e-04,3.3528590542e-05,4.2274405354e+01
1.1501738264e-04,7.2336266814e-05,2.2900246972e+01
-1.5399785713e-04,1.0032722210e-04,3.4477434044e+01
1.6045862857e-04,9.1120268525e-05,1.7057476782e+01
-1.5807741950e-04,6.2646079344e-05,3.9559009033e+01
-1.4951326125e-04,3.0796229178e-05,4.6424329764e+01
-2.4097312709e-04,7.5729481914e-06,4.0131642448e+01
2.1245398632e-04,5.1868017020e-05,1.7073220266e+01
1.5299233025e-04,8.8797343133e-05,1.7073862728e+01
7.9766205992e-05,1.0246092455e-04,2.2210378405e+01
2.8922433770e-04,8.8943683321e-05,1.4139700502e+01
-2.5227565812e-04,4.4611897557e-05,3.5500782917e+01
2.6387266041e-04,5.5111030315e-05,1.5747877793e+01
2.8864566102e-04,2.4300081121e-05,1.7119411448e+01
-1.8352814413e-04,2.9541649685e-05,4.4968054471e+01
2.2594662424e-04,6.1046812408e-05,1.6981278114e+01
3.4516623961e-04,2.6216545141e-05,1.4051093190e+01
3.4909361679e-04,2.6493791265e-05,1.3687410938e+01
-2.7751779884e-04,4.8448345574e-05,3.0204062738e+01
2.8349196981e-04,1.0263670042e-04,1.3857095462e+01
-1.7693388489e-04,5.7845263985e-05,3.9946917841e+01
-1.8637558928e-04,5.0795736893e-05,4.0845500340e+01
-1.7503611417e-04,3.2764052194e-05,4.4837399109e+01
2.9205559495e-04,8.2080533252e-05,1.4277605971e+01
-2.1000331122e-04,3.7135219131e-05,4.1609968531e+01
-2.7873459928e-04,5.4107410039e-05,3.2616640883e+01
2.5173567342e-04,3.6229545687e-05,1.7035853057e+01
1.8407611559e-04,1.3133414875e-04,1.5458465220e+01
-2.6198591824e-04,2.1541112028e-05,3.1388003963e+01
-2.6830854718e-04,2.2019059827e-05,2.8110696608e+01
-2.5823242310e-04,1.5987269346e-05,3.3345844868e+01
2.0724250515e-04,4.5216536129e-05,1.7182122763e+01
2.7615139996e-04,5.7362897266e-05,1.5400755348e+01
-1.0051831438e-04,5.9352466327e-05,4.1524787141e+01
-3.0886062341e-04,1.9410730306e-05,1.7108480206e+01
2.4610243268e-04,1.0888938089e-04,1.4469057206e+01
-2.6443167094e-04,3.1614797149e-05,3.0649031950e+01
1.1242194654e-04,1.1296403995e-04,1.9338692698e+01
3.6763721162e-04,2.3989197325e-05,1.1707522676e+01
-2.3610222999e-04,5.9364659958e-05,3.7456768794e+01
-2.0612379818e-04,7.2209796356e-05,3.7290725176e+01
-2.5351515834e-05,1.1840495400e-04,3.4252572150e+01
-2.8807335024e-04,1.4054784751e-05,1.7166327253e+01
3.2173430904e-04,2.7976381732e-05,1.5293369527e+01
-2.9386462898e-04,5.0536270793e-05,2.6076274639e+01
-2.0169570291e-04,8.8817581456e-05,3.5877691769e+01
-1.6595924326e-04,7.4672798504e-05,3.7411135826e+01
-2.8157571216e-04,3.0301071787e-05,1.9432943890e+01
2.3035516351e-04,4.5557148957e-05,1.7067014572e+01
7.5761270510e-05,1.3617951929e-04,2.1945379064e+01
-2.7829353536e-04,1.5190090776e-05,2.1610810449e+01
2.5573444921e-04,3.6657341734e-05,1.7079541083e+01
-2.4927447131e-04,2.4463125769e-05,3.6140995181e+01
-8.0446772529e-05,9.8935223328e-05,3.4510166734e+01
-1.8689594871e-04,8.0495994230e-05,3.6543740590e+01
-1.7978177150e-04,9.2351298912e-05,3.5399676380e+01
2.3523783531e-04,8.8038903658e-05,1.5153519533e+01
-1.4676033469e-04,1.0182454221e-04,3.4269813617e+01
2.7954708663e-04,7.6005621078e-05,1.4729946504e+01
2.7197367656e-04,2.0263287625e-05,1.7981007456e+01
-2.7311237365e-04,3.0827174415e-05,2.6012620634e+01
1.8373210867e-04,1.2752542120e-04,1.5665210646e+01
2.9419740526e-04,9.7426099323e-05,1.3733851970e+01
-2.8565555409e-04,5.4603582332e-05,3.1841063264e+01
-1.7996235782e-04,5.8000624101e-05,3.9829539591e+01
-1.2574003735e-04,9.6365024015e-05,3.4575154668e+01
-1.1510079117e-04,6.6876675818e-05,3.9630319930e+01
1.8759961671e-04,7.8833289603e-05,1.7022877795e+01
2.5847591489e-04,3.0996894736e-05,1.7195502179e+01
-1.0727287646e-04,9.7592342927e-05,3.4414643012e+01
3.1208498866e-04,8.9741237253e-05,1.3427884329e+01
2.7315800811e-04,2.6165492021e-05,1.7122052422e+01
-2.6291098812e-04,6.6075089568e-05,3.6735309983e+01
2.5523924737e-04,9.2758936015e-05,1.4701133507e+01
-2.9570922288e-04,2.9305811175e-05,1.7149937857e+01
1.0760321248e-04,1.0168402082e-04,2.2891824520e+01
2.7411795916e-04,1.1678372130e-05,1.9308479522e+01
-3.3322979148e-04,1.2747542233e-05,1.7018293677e+01
2.5066161815e-04,4.9042510792e-05,1.6555643670e+01
2.7397790290e-04,8.9517735038e-05,1.4459254557e+01
6.2915393446e-05,1.0127399268e-04,2.1881208733e+01
2.3010065102e-04,1.3422231413e-04,1.4085741529e+01
-3.0460824362e-04,1.3660906411e-05,1.7069273154e+01
-2.0024529391e-04,3.6784362963e-05,4.2473414424e+01
1.0380112523e-04,1.4237231540e-04,1.8673747258e+01
2.9470500986e-04,1.0128875533e-04,1.3585228404e+01
-1.5962756612e-04,4.1021190550e-05,4.3851130490e+01
-2.9626434691e-04,5.0650981132e-06,1.7069332039e+01
2.9796537842e-04,1.2278080941e-05,1.7107564616e+01
2.6245121689e-04,3.1308200432e-05,1.7149405394e+01
2.8191354333e-05,1.0193749719e-04,3.1141929020e+01
3.2643262503e-04,8.4949201428e-05,1.3053450323e+01
3.2451682703e-04,4.2839117572e-05,1.4586021418e+01
2.9270644226e-04,6.2004087210e-06,1.7464222781e+01
-1.4776037332e-04,6.5999315615e-05,3.9145274697e+01
-2.8258334151e-04,4.7793723669e-05,2.8091387769e+01
-6.6895756916e-05,5.0398921190e-05,4.3665371338e+01
2.7352653824e-04,6.4027942229e-05,1.5217388017e+01
2.8428253157e-04,5.8782234111e-05,1.5175182083e+01
-3.0145482001e-04,4.9412332241e-05,2.0282582289e+01
2.5389875370e-04,6.3726006179e-05,1.5608629132e+01
2.1641402134e-04,5.2538884235e-05,1.7076267626e+01
2.9282936361e-04,1.1606310813e-04,1.3084109162e+01
-1.4598000176e-04,3.0766062766e-05,4.6566297401e+01
-2.9044441002e-04,4.5918705096e-05,2.2685147310e+01
-2.2232609593e-04,3.5870097714e-05,4.0494108357e+01
2.3370218027e-04,2.5849162585e-05,1.8349968172e+01
2.9942317352e-04,1.8661899306e-05,1.7164175842e+01
1.7850680413e-04,6.9933454370e-05,1.7076426240e+01
3.2596262528e-04,8.0980250230e-05,1.3219670629e+01
3.2259962061e-04,1.3787127782e-05,1.6127067958e+01
7.3278419507e-05,1.2176012490e-04,2.1144944075e+01
2.6224999500e-04,4.7793127528e-05,1.6086930269e+01
3.3242749648e-04,2.1663518887e-05,1.5174364576e+01
-1.6756854427e-04,7.3980577856e-06,5.0059255623e+01
2.8840465702e-04,1.1119600981e-04,1.3417890190e+01
1.1429781862e-04,6.9458351104e-05,2.2891155506e+01
-1.3771712359e-04,9.2963749693e-05,3.5014190904e+01
2.8528409015e-04,8.8151953861e-05,1.4257957435e+01
9.7508512646e-05,1.2881988252e-04,2.0287962638e+01
-1.9230965837e-04,8.1096257355e-05,3.6475249785e+01
1.3681317078e-04,1.3406173405e-04,1.7188237998e+01
2.1199664006e-04,6.8066592717e-05,1.7036855488e+01
7.5994240165e-05,1.3284890943e-04,2.1255697643e+01
-3.2174260925e-04,2.6549491366e-05,1.7132321530e+01
3.2194531649e-05,8.3940637042e-05,2.2240117173e+01
-1.1206202447e-04,5.7728583802e-05,4.1625910620e+01
-1.2002767592e-04,5.0771838659e-05,4.2956832724e+01
-7.8493454186e-05,1.0907828458e-04,3.3158465673e+01
-2.8094521251e-04,1.9341572820e-05,1.9022279617e+01
1.2337551142e-04,1.3481633937e-04,1.7190386832e+01
2.5927353556e-04,1.6706705808e-05,1.9460500443e+01
-1.5778366802e-04,2.7609058535e-05,4.6745068630e+01
2.8871814054e-04,4.1689281848e-05,1.5720783589e+01
3.4915601395e-04,5.7803167800e-05,1.2948108557e+01
-1.6533178334e-04,3.9405712689e-05,4.3953384466e+01
-2.7341715113e-04,5.7196874456e-05,3.4457151289e+01
-1.9694899573e-04,6.7073143426e-05,3.8032263199e+01
-1.7382198017e-04,7.3224716978e-05,3.7542315095e+01
-2.0579723552e-04,1.8347987124e-05,4.5059179842e+01
2.8297083444e-04,9.8801923565e-05,1.3992334692e+01
-2.1519699432e-04,6.2817337599e-05,3.8052712868e+01
1.4677088483e-04,1.2421755912e-04,1.7101651009e+01
-1.1936562929e-04,6.8836362235e-05,3.9145015311e+01
2.8045774068e-04,4.0424704460e-05,1.6017950521e+01
-3.6618150483e-04,3.4798911972e-06,1.8311310168e+01
1.9156186514e-04,7.9921894116e-05,1.7010973624e+01
-2.0208750627e-04,6.5527776455e-05,3.8111795258e+01
2.5106783093e-04,1.1745969676e-04,1.4154151363e+01
-1.6715100455e-04,6.3060526872e-05,3.9283092439e+01
2.7553904247e-04,7.5230146570e-05,1.4828885449e+01
2.7714125993e-04,4.3398157170e-05,1.5963145658e+01
2.8533167629e-04,2.7267363180e-05,1.7148467028e+01
-3.4328130309e-04,2.2478997425e-05,1.6943601082e+01
2.6541478356e-04,8.4066796145e-05,1.4758861273e+01
-1.8258458699e-04,2.7867059645e-05,4.5350792302e+01
2.5863630511e-04,8.9877144085e-05,1.4718588478e+01
-1.0614434519e-04,9.5542474032e-05,3.4695279202e+01
2.8155332173e-04,1.1716478667e-04,1.3399674295e+01
2.1972739018e-04,5.0015357724e-05,1.7081019232e+01
-7.1850072588e-05,5.2125406191e-05,4.3358423349e+01
2.5674204207e-04,7.8602445848e-05,1.5051276692e+01
-3.3442769062e-04,2.3670898014e-05,1.7023836457e+01
-2.8186368881e-04,8.1386451519e-06,1.9551639836e+01
-3.6067508901e-04,1.4233103308e-05,1.4430587838e+01
2.5962856538e-05,9.5182887865e-05,2.9557212041e+01
-3.0869957270e-04,1.1833973349e-05,1.7054137699e+01
2.8539186393e-04,4.4714292920e-05,1.5683195610e+01
3.7496937650e-05,1.5084898651e-06,3.6501452624e+01
1.1346452937e-04,1.3007651569e-04,1.7171774104e+01
-1.9549827832e-04,8.3611443311e-05,3.6242281679e+01
-2.7344031352e-04,2.8741707597e-05,2.5455910910e+01
3.0980688516e-04,4.8279150536e-05,1.4873730105e+01
-2.6910606729e-04,3.8897161907e-05,2.9887477596e+01
1.5989135603e-04,8.7621477371e-05,1.7066096052e+01
2.6262960314e-04,9.0753387867e-05,1.4631065698e+01
3.1841252529e-04,3.1236754258e-05,1.5255027671e+01
-3.3666994577e-04,1.3369610205e-05,1.6989193146e+01
3.1381927418e-04,4.8827420638e-05,1.4734426878e+01
-1.6896427829e-04,1.8104520573e-05,4.8061790861e+01
3.0710603426e-04,5.5192062596e-05,1.4721346636e+01
3.6664974135e-04,1.5907597177e-05,1.0936401884e+01
2.4214221138e-04,1.0791397141e-04,1.4558533322e+01
-1.4326972117e-04,9.3309270629e-05,3.5001577293e+01
-7.5165205827e-05,5.2129813602e-05,4.3360189421e+01
5.7798853336e-05,1.0186462615e-04,2.1806336682e+01
-2.7440829447e-04,2.2627661279e-05,2.4248090013e+01
3.3517860319e-04,3.6589732183e-05,1.4360424312e+01
-2.5215649347e-04,2.1007926169e-05,3.5396044874e+01
9.7362198656e-05,1.2541389187e-04,2.1985449166e+01
3.1158792770e-04,8.5839119821e-05,1.3583675378e+01
1.2327920147e-04,1.3131918916e-04,1.7177034749e+01
-3.0330657406e-04,5.0780770303e-05,2.1975790178e+01
-1.9765497616e-04,8.1753898471e-05,3.6412526651e+01
1.4648880819e-04,1.2055544499e-04,1.7093456457e+01
-9.5215783749e-05,1.0532921526e-04,3.3511705509e+01
-2.5169520788e-04,5.3369049115e-05,3.6159951651e+01
2.7716315496e-04,1.1242752914e-04,1.3697647961e+01
2.7339470486e-04,8.5731041463e-05,1.4573563361e+01
-7.5968886086e-05,1.0494999221e-04,3.3713282673e+01
4.9102737344e-05,8.7710909676e-05,2.2269906781e+01
-2.0489786996e-04,1.6748209858e-05,4.5415974508e+01
1.9627826678e-04,8.4724266471e-05,1.7023392269e+01
-9.5498023397e-05,6.1084921762e-05,4.1257229099e+01
2.5176086019e-05,9.2955457881e-05,2.9160554871e+01
-1.2548098900e-04,6.9003847584e-05,3.8991101467e+01
-3.7241761705e-04,7.6643873325e-06,1.3230296013e+01
7.0367283300e-05,1.3217409357e-04,2.0195885229e+01
2.8356792508e-04,5.5079143691e-05,1.5322154329e+01
2.7371746772e-04,1.1537934225e-04,1.3687472746e+01
-2.0638739939e-04,8.7372437720e-05,3.6015257610e+01
2.7280955936e-04,6.0321808783e-05,1.5361046427e+01
2.5859431028e-04,1.3839834431e-05,2.0018625433e+01
-1.7885127963e-04,7.1598734701e-05,3.7715004093e+01
-1.8515102297e-04,2.6254470572e-05,4.5486269378e+01
1.8107843982e-04,8.3809122772e-05,1.7024522942e+01
-1.2694376978e-04,1.0463505811e-04,3.3800569768e+01
1.5615241584e-04,8.6498687976e-05,1.7074373348e+01
-2.4058538443e-04,1.5553142316e-05,3.9403201211e+01
2.7652774794e-04,2.3402571875e-05,1.7169742617e+01
-2.2190612735e-04,3.4025806784e-05,4.0775010041e+01
3.6136842658e-04,7.9921622618e-06,1.0771890698e+01
-1.6413895892e-04,6.2915392473e-05,3.9375718059e+01
3.5681868286e-04,2.7072241720e-05,1.2929254757e+01
-1.2016725198e-04,9.6096568521e-05,3.4593065010e+01
5.7265208249e-05,9.9306245212e-05,2.1918155582e+01
-1.2852842535e-04,6.9094808395e-05,3.8915103293e+01
-7.3216355998e-05,1.0492371346e-04,3.3767833562e+01
5.1287096412e-05,8.6009905166e-05,2.2297714530e+01
2.8050300729e-04,2.3624884346e-05,1.7037749619e+01
-2.8467236563e-04,2.8733230647e-05,1.6908726461e+01
-9.2308797778e-05,6.1051379013e-05,4.1324911095e+01
1.2651763604e-04,1.2936676774e-04,1.7175059872e+01
1.5101978668e-04,1.5131920789e-04,1.7215106435e+01
-1.3864411761e-04,1.0123067120e-04,3.4206832792e+01
1.0416372590e-04,6.9747995638e-05,2.2812402770e+01
-2.3744065207e-04,3.3016744502e-05,3.8488459988e+01
3.3308037076e-04,7.8496624727e-05,1.3008469824e+01
-1.0050515787e-04,9.5365796620e-05,3.4762698225e+01
3.3165681005e-04,1.7994582511e-05,1.5447692702e+01
-2.5326367893e-04,7.2751875714e-05,3.7239610190e+01
-2.9621482531e-04,4.3325383853e-05,1.6911863174e+01
-7.7240716322e-05,1.0700820554e-04,3.3420989075e+01
-1.8699682049e-04,3.6415600359e-05,4.3439257490e+01
-1.9365153970e-04,3.6587945041e-05,4.2979877685e+01
2.6010456580e-04,7.5719883537e-05,1.5081178584e+01
2.3457609396e-04,8.4287189852e-05,1.5282075646e+01
-2.0248654632e-04,8.0255766910e-05,3.6546202561e+01
-2.3335442922e-04,5.6764427154e-05,3.7710283393e+01
1.0344775633e-04,6.6997353443e-05,2.2807638241e+01
1.7147206242e-04,7.1415318630e-05,1.7072991595e+01
-8.6906872589e-05,5.0443344265e-05,4.3642384081e+01
-1.4616402692e-04,4.0794706685e-05,4.4393298919e+01
2.7949066357e-04,5.4386574632e-05,1.5439792609e+01
5.4851260928e-05,8.9225131987e-05,2.2234280269e+01
2.4658602211e-05,8.4635056871e-05,2.6910178971e+01
-1.2596594161e-04,1.0251341063e-04,3.3958454175e+01
-1.9927482006e-04,6.5258775500e-05,3.8212310506e+01
3.2178485445e-04,1.0145888343e-05,1.6606365709e+01
2.1434113917e-04,7.9151346207e-05,1.6185196443e+01
-1.4167274443e-04,6.5774430440e-05,3.9306929995e+01
-2.7505570351e-04,1.3160186885e-05,2.4081211677e+01
-2.1764117986e-04,6.1023141335e-05,3.8144551733e+01
2.5115247072e-04,1.6166555515e-05,1.9602823867e+01
-9.0229712530e-05,5.0462416237e-05,4.3601427211e+01
-1.7851904670e-04,5.4159457999e-05,4.0549445615e+01
-1.7599031537e-04,7.1387408436e-05,3.7782515846e+01
1.8433788875e-04,8.1329747548e-05,1.7023330340e+01
-1.3460054127e-04,6.9292206052e-05,3.8765196665e+01
2.8454557850e-04,2.3923034565e-05,1.7018408114e+01
1.9663318500e-05,9.1989235970e-05,3.1288721536e+01
2.6773334450e-04,9.9208511546e-05,1.4319108292e+01
-2.1108630919e-04,8.5959189813e-05,3.6143616591e+01
-1.9014263582e-04,6.2507473721e-05,3.8821142471e+01
5.7110263566e-05,8.7523213181e-05,2.2273993405e+01
-2.9166563814e-04,1.2368846621e-05,1.7076800123e+01
-2.3594685651e-04,5.5008253402e-05,3.7607370920e+01
-1.9558508331e-04,5.1255434809e-05,4.0360675326e+01
2.7279242535e-04,8.1956179619e-05,1.4688155177e+01
-3.1197904363e-04,1.2232514002e-05,1.7052126031e+01
-1.6196824293e-04,3.9343129218e-05,4.4108334207e+01
3.3262012112e-04,7.4499194997e-05,1.3174376827e+01
-1.1805389012e-04,9.1985116725e-05,3.5135389644e+01
-2.4035149318e-04,3.1334892118e-05,3.8025493442e+01
2.8867171628e-04,8.5125695633e-05,1.4268157022e+01
3.2115701495e-04,7.2403327943e-05,1.3708564204e+01
9.7114836474e-05,6.8150075431e-05,2.2755743165e+01
-1.6330362898e-04,6.0985996015e-05,3.9745238681e+01
2.6088012298e-04,1.0504081096e-04,1.4297012016e+01
1.5559394051e-04,8.3110515911e-05,1.7074285602e+01
-2.7165237486e-04,1.3008168191e-05,2.6385836307e+01
-9.4852681756e-05,9.5214047495e-05,3.4847243901e+01
-2.1218698913e-04,7.7343080075e-05,3.6771025730e+01
1.5840871526e-04,1.5103180976e-04,1.7025891979e+01
-1.9248599232e-04,6.0708105404e-05,3.9021609182e+01
-1.4056525230e-04,4.2421536912e-05,4.4223387205e+01
-1.4396546888e-04,4.7678961077e-05,4.2975317230e+01
3.0632840123e-04,1.0377459705e-04,1.3106160093e+01
3.2786519527e-04,3.9530393670e-05,1.4578539973e+01
2.4710549671e-04,1.5878169759e-05,1.9563752405e+01
3.0341954644e-04,1.1081558474e-04,1.2928236465e+01
5.1082608778e-05,9.5037304803e-05,2.2068581115e+01
2.5638360397e-04,1.0032797562e-04,1.4498402570e+01
-1.3864641585e-04,8.8975927851e-05,3.5509590364e+01
9.6397039216e-05,6.5480647401e-05,2.2754091484e+01
-1.9878711954e-04,6.3195833605e-05,3.8492980909e+01
2.1832516107e-04,1.0169104575e-04,1.5138876233e+01
-1.2150369459e-04,1.0433388263e-04,3.3760277177e+01
6.0677467811e-05,9.0881018592e-05,2.2214432056e+01
-1.9539700063e-04,6.0924890382e-05,3.8902958632e+01
-1.6025115591e-04,6.0856426617e-05,3.9842412977e+01
1.4970957556e-05,9.3307493962e-05,3.3229309242e+01
1.5190405221e-04,8.2071968762e-05,1.7089756604e+01
-2.2931498013e-04,7.3709169497e-05,3.6970013081e+01
-1.1774564116e-04,1.0209025406e-04,3.3926140959e+01
2.4644833823e-04,1.3074511146e-05,1.9925790263e+01
1.6450727705e-04,7.2853986765e-05,1.7074108731e+01
3.1764675052e-04,2.7574833977e-05,1.5451931976e+01
-2.2446969677e-04,7.5019702158e-05,3.6897365826e+01
-2.1542358088e-04,3.3758043642e-05,4.1569165742e+01
6.3624471282e-05,9.1764249963e-05,2.2212295141e+01
2.4725488895e-04,9.0920186845e-05,1.4870908970e+01
2.2285755954e-04,1.0656356830e-04,1.4919390382e+01
-2.0310675212e-04,5.7570144515e-05,3.9104368545e+01
-1.1604329400e-04,1.0406259200e-04,3.3730490005e+01
1.9020285731e-05,8.3758030938e-05,2.9639074606e+01
-2.9538532925e-04,1.0661253579e-05,1.7105422284e+01
-1.6307954509e-04,7.4488378512e-05,3.7467291815e+01
9.0206601307e-05,6.6655606312e-05,2.2701914331e+01
3.7091451203e-04,2.0190991479e-05,1.1005287571e+01
2.2627748241e-04,1.0384008456e-04,1.4916662040e+01
3.2064571523e-04,6.8510988154e-05,1.3858824124e+01
6.6007777397e-05,9.0056391945e-05,2.2271784114e+01
-9.2022432089e-05,9.5147650787e-05,3.4896266620e+01
1.6076761552e-04,7.1956652500e-05,1.7030044563e+01
-2.0642594483e-04,5.9852979638e-05,3.8683877733e+01
2.9599266152e-04,8.2836216745e-05,1.4154113950e+01
3.3970189940e-04,7.1933887657e-05,1.2943974445e+01
2.3078478213e-04,1.0867733844e-04,1.4730070474e+01
-2.1420517370e-04,5.6547125952e-05,3.8754075771e+01
1.6178548996e-05,8.3362591900e-05,3.0812654117e+01
2.3818031842e-04,1.0692262498e-04,1.4645746211e+01
-2.0926539536e-04,6.0121542835e-05,3.8548949311e+01
2.0139337648e-04,7.2262067938e-05,1.6998588478e+01
8.6802677875e-05,6.5946504997e-05,2.2677123126e+01
2.3906021397e-04,1.5282427477e-05,1.9505078439e+01
9.4118921956e-06,9.2546049550e-05,3.4554258523e+01
-6.3516542320e-05,1.1105053014e-04,3.3130142566e+01
-3.3976752166e-04,2.1387111929e-05,1.6999505296e+01
1.6019977977e-04,6.8812640593e-05,1.7094042142e+01
2.2719410253e-04,8.6031275857e-05,1.5400111843e+01
6.9598107366e-05,9.3645198104e-05,2.2227776497e+01
8.6076055245e-05,6.3392268583e-05,2.2680546619e+01
-2.1798231063e-04,8.2752705240e-05,3.6387043610e+01
-6.0818663144e-05,1.1105952542e-04,3.3193955385e+01
2.0066878013e-04,6.8701501457e-05,1.7033945518e+01
2.3842644792e-04,1.2544823699e-05,1.9872372282e+01
7.2071483600e-05,9.1929233760e-05,2.2299917364e+01
-1.6561049455e-04,8.8836903070e-05,3.5607700820e+01
1.5264549798e-05,8.1244375588e-05,3.0864235341e+01
-1.9033148878e-04,3.6499000638e-05,4.3215040020e+01
3.3925585846e-04,6.7910423438e-05,1.3108209196e+01
3.3120983212e-04,3.6188516889e-05,1.4563377344e+01
2.5991719965e-04,1.2699575975e-04,1.3633171935e+01
8.0089284542e-05,6.4604471255e-05,2.2633082820e+01
-1.5728355969e-04,7.4144535007e-05,3.7581792775e+01
2.5510283526e-04,3.3618735982e-05,1.7204880404e+01
5.1696411383e-05,9.7508396366e-05,2.1979063059e+01
1.9669835686e-04,6.7753879255e-05,1.7050497552e+01
7.7703624829e-05,9.1174829814e-05,2.2395456983e+01
1.5334079484e-04,7.0214324301e-05,1.7482449189e+01
2.5111755591e-04,3.3266221851e-05,1.7169280900e+01
3.8154655513e-06,9.1885773950e-05,3.5580551292e+01
1.0453973920e-05,8.2650227232e-05,3.2818983502e+01
2.9543449721e-04,7.9016353754e-05,1.4286070622e+01
2.8620410126e-06,8.9778220571e-05,3.5528548367e+01
-5.5428515842e-05,1.1110225483e-04,3.3353333440e+01
8.1409915421e-05,9.5022703438e-05,2.2395991458e+01
2.6873286264e-04,5.9564726127e-05,1.5470175790e+01
2.3045287586e-04,1.2020088254e-05,1.9850849969e+01
7.5731328378e-06,8.2330586257e-05,3.3667568209e+01
1.4961613210e-04,6.9341470745e-05,1.8002269640e+01
-1.8105621920e-04,6.9767440856e-05,3.7945841076e+01
-2.9964179145e-04,7.0173966467e-06,1.7102049439e+01
7.3494319197e-05,6.3363967503e-05,2.2597687752e+01
4.2742369357e-05,1.0146322381e-04,2.1914680915e+01
-1.6672644598e-04,3.6011320592e-05,4.4592434445e+01
8.4596709360e-05,9.6130218863e-05,2.2442333750e+01
2.4376052728e-04,3.5442745331e-05,1.7255072340e+01
4.0105206507e-05,1.0068072814e-04,2.3425097957e+01
7.5149638735e-05,9.2921970266e-05,2.2324429973e+01
7.0238341742e-05,6.2780796155e-05,2.2583375082e+01
1.9537119887e-04,6.1038035921e-05,1.7074679926e+01
3.4630507516e-04,6.5265958175e-05,1.2851571612e+01
1.4897718693e-04,6.6279504883e-05,1.8425449439e+01
8.7294133533e-05,9.4353564409e-05,2.2517307324e+01
6.5943194966e-06,8.0260347638e-05,3.3760595113e+01
2.2311794931e-04,1.4096128105e-05,1.9511655648e+01
-2.8125106282e-06,8.9231589114e-05,3.6345976590e+01
6.9482908783e-05,6.0402619358e-05,2.2592528704e+01
-5.0048192464e-05,1.1117984985e-04,3.3559162306e+01
-2.9993807531e-04,5.1721367382e-06,1.7074563635e+01
2.9485961507e-04,7.5210952641e-05,1.4416301801e+01
2.6797503352e-04,5.5879389503e-05,1.5628423006e+01
2.8385870236e-04,2.0790729123e-05,1.7038949896e+01
2.3975976474e-04,3.5023441906e-05,1.7487714097e+01
-1.6914391142e-04,3.4357491382e-05,4.4817530283e+01
2.1915345349e-04,1.3809504196e-05,1.9527328403e+01
1.7780315393e-06,8.1758112368e-05,3.5092407087e+01
-1.6088950908e-04,9.0503370779e-05,3.5407262846e+01
-1.4740325520e-04,7.7531913746e-05,3.7139819375e+01
1.4213706986e-04,6.7602266923e-05,1.9258691020e+01
-7.4749510514e-06,9.0827512658e-05,3.6884181372e+01
-2.0511778528e-04,8.0626362951e-05,3.6512735833e+01
2.0683646439e-04,1.3132515229e-04,1.4662902954e+01
2.6719242420e-04,5.2208135302e-05,1.5795861536e+01
-2.3899635725e-04,7.1220586801e-05,3.7095362500e+01
3.4957516365e-04,6.1890959364e-05,1.2792572593e+01
2.1855241691e-04,1.1266251509e-05,1.9863234413e+01
-1.8328718743e-04,6.7942751609e-05,3.8173039718e+01
1.9602245514e-04,6.4345353582e-05,1.7069347278e+01
-1.5814391804e-04,9.0281593312e-05,3.5414135615e+01
2.3909401504e-04,3.2081475362e-05,1.7789899973e+01
6.0621674510e-05,6.1177530293e-05,2.2554012028e+01
-1.1346755969e-06,8.1502668950e-05,3.5682416052e+01
-2.2426873296e-04,3.0532357878e-05,4.0899787224e+01
-1.4648717092e-04,7.5531669746e-05,3.7474498036e+01
-2.6596473591e-04,5.9577829909e-05,3.5603318331e+01
2.6638430133e-04,4.8550340067e-05,1.5982190766e+01
1.4145429086e-04,6.4602813334e-05,1.9696721528e+01
2.4648515969e-04,6.5689742038e-05,1.5695882223e+01
-1.8265039957e-04,6.5915829268e-05,3.8485470989e+01
-4.3234332687e-05,1.0925872583e-04,3.4233057690e+01
2.1124228709e-04,1.3254581721e-05,1.9609432768e+01
2.8325683058e-04,1.7798811554e-05,1.7072916901e+01
-1.3161860757e-05,9.0411559113e-05,3.7236590871e+01
-1.7158685642e-04,3.2711745779e-05,4.5030024102e+01
-2.3662906620e-04,7.2988336946e-05,3.7031946247e+01
-1.9736314577e-04,2.9779674661e-05,4.3921152323e+01
-1.5653701167e-04,8.6073399068e-05,3.5892502551e+01
5.4325615075e-05,6.0228495746e-05,2.2544673152e+01
1.3461644976e-04,6.5888493809e-05,2.0785018013e+01
2.1063945600e-04,1.0794686878e-05,1.9918900342e+01
-3.4905581557e-04,1.9910520412e-05,1.5879411718e+01
2.3173866242e-04,3.4127277211e-05,1.7675507473e+01
-1.4157538026e-04,7.7244793300e-05,3.7243071113e+01
-1.8492361139e-04,6.4105446812e-05,3.8710329328e+01
5.1208752632e-05,5.9788668904e-05,2.2542670321e+01
2.3907752418e-04,6.7576596897e-05,1.5800088172e+01
-1.9211905985e-04,3.3082642867e-05,4.3722875702e+01
2.8660931850e-04,1.4954295246e-05,1.7094896575e+01
-3.7846385771e-05,1.0942012105e-04,3.4562068448e+01
-6.9869317982e-06,8.1048538154e-05,3.6649644336e+01
1.3389550939e-04,6.2961161838e-05,2.1220514958e+01
5.0404067061e-05,5.7598528458e-05,2.2551139362e+01
-1.4061225607e-04,7.5259010916e-05,3.7589302003e+01
-1.5373933620e-04,8.5878309715e-05,3.5914642302e+01
2.9426652288e-04,7.1420989257e-05,1.4545971630e+01
-1.8872128289e-05,9.0060629224e-05,3.7437416507e+01
-1.5289817160e-04,8.3806081450e-05,3.6185934725e+01
2.0334788086e-04,1.2724321562e-05,1.9734216889e+01
-9.9251343032e-06,8.0847544211e-05,3.7038655125e+01
3.0309890376e-04,5.4589738430e-05,1.4852373132e+01
2.2773160338e-04,3.3658246126e-05,1.7717982803e+01
-1.9130792665e-04,3.1358605221e-05,4.4097657937e+01
-2.2665394491e-04,2.7091419247e-05,4.0970764676e+01
2.3829229845e-04,6.3881769317e-05,1.6009290875e+01
2.0274056104e-04,1.0347886868e-05,2.0027701272e+01
1.2705530198e-04,6.4221430483e-05,2.2588664165e+01
3.7045666152e-04,1.6095417926e-05,1.0437450749e+01
-1.7057352646e-04,3.1027077813e-05,4.5423701033e+01
2.8600400851e-04,1.2013141950e-05,1.7309631921e+01
2.9028498874e-04,7.0707850320e-05,1.4660954452e+01
2.6969350759e-04,4.5639471309e-05,1.6054539742e+01
9.0568888588e-05,9.5486365782e-05,2.2567304916e+01
2.2704925154e-04,3.0748745446e-05,1.7913946843e+01
-2.2954901895e-04,2.5446196242e-05,4.0684764166e+01
-2.4602669481e-05,8.9767969861e-05,3.7518940702e+01
4.1137077573e-05,5.6499922365e-05,2.2551048100e+01
3.2785487476e-04,6.5913979716e-05,1.3674455270e+01
1.9546303992e-04,1.2222940511e-05,1.9932239003e+01
-1.3861644482e-04,6.5669971460e-05,3.9388075366e+01
-1.5823120104e-05,8.0493447235e-05,3.7654599918e+01
1.2326128706e-04,6.3409409957e-05,2.3019655964e+01
-1.4437635888e-04,8.3294714157e-05,3.6282133363e+01
3.5894131029e-05,5.7925617000e-05,2.2614006806e+01
1.9152000844e-04,1.1984393548e-05,2.0060827592e+01
-2.9795810364e-05,1.0974497902e-04,3.5143761750e+01
-1.8781383879e-05,8.0338535696e-05,3.7891393053e+01
2.7300138918e-04,4.2710979592e-05,1.6073614684e+01
2.3088391077e-04,6.5689971698e-05,1.6137497077e+01
3.6991641878e-04,1.2056531133e-05,9.7303964527e+00
1.2250325351e-04,6.0597320452e-05,2.2891771065e+01
-3.0350585012e-05,8.9527624740e-05,3.7509359295e+01
2.9907465398e-04,5.3976417275e-05,1.4980347890e+01
2.8628766851e-04,6.9984938300e-05,1.4771229420e+01
1.9089561635e-04,9.7334380363e-06,2.0320975518e+01
3.2879315490e-05,5.7617104589e-05,2.2690667844e+01
3.3119778735e-04,6.2626309403e-05,1.3650459992e+01
3.2014770099e-05,5.5591779673e-05,2.3568160251e+01
-1.7200298631e-04,2.7743909806e-05,4.6007779526e+01
-2.4452140862e-05,1.1002168726e-04,3.5584070074e+01
1.1577854888e-04,6.1852355245e-05,2.2886150972e+01
2.6825898634e-05,5.7052640908e-05,2.5918336121e+01
-3.6113161113e-05,8.9334365341e-05,3.7432551938e+01
3.3069858476e-04,5.8710718096e-05,1.3803908549e+01
1.8299125563e-04,9.3656037387e-06,2.0602631586e+01
-2.4714249335e-05,8.0069634956e-05,3.8245052003e+01
1.1502836470e-04,5.9119269581e-05,2.2880885545e+01
2.3762295367e-05,5.6790876488e-05,2.7445806390e+01
-3.7377094574e-05,8.7345987334e-05,3.7651007580e+01
-2.0728391844e-05,1.1234378181e-04,3.5674418611e+01
-1.9129882143e-05,1.1035193432e-04,3.6055354114e+01
2.2794994030e-05,5.4823665751e-05,2.8271105814e+01
-2.7687884318e-05,7.9953808594e-05,3.8370018742e+01
1.7573700415e-04,1.1120351974e-05,2.0745289337e+01
2.3006781619e-04,6.2003496326e-05,1.6502221406e+01
-4.1886982845e-05,8.9184349411e-05,3.7308188398e+01
2.9621650570e-05,1.4860555181e-06,3.8580569684e+01
2.2845150597e-04,5.4794888032e-05,1.6993436077e+01
-2.8937745259e-05,7.8005657743e-05,3.8590311166e+01
1.0844432446e-04,6.0383577297e-05,2.2843677560e+01
2.9838255552e-04,5.0260591895e-05,1.5125933253e+01
1.7508319975e-04,9.0329933857e-06,2.0946541315e+01
-4.3194419475e-05,8.7206039157e-05,3.7548805355e+01
-2.8548853133e-04,6.5911367003e-05,3.8214793282e+01
2.2440816694e-04,5.3998634667e-05,1.7059791752e+01
-2.1478147423e-04,7.7756826667e-05,3.6729833120e+01
1.0769848606e-04,5.7728544381e-05,2.2839696740e+01
1.3381649899e-05,5.4170610115e-05,3.2146492157e+01
1.7901316513e-04,1.1855727643e-04,1.6623628925e+01
1.8641236857e-04,1.1744566672e-04,1.5942159384e+01
-4.7671062998e-05,8.9072299399e-05,3.7152410595e+01
1.6783793366e-04,1.0748665254e-05,2.1180077217e+01
-1.5464218480e-05,1.1271903888e-04,3.6225520921e+01
-1.2841601738e-05,1.1292953233e-04,3.6510284752e+01
2.2923728933e-04,5.8346845396e-05,1.7095991107e+01
2.9432396314e-04,4.9648502137e-05,1.5255251295e+01
-4.9020553469e-05,8.7103545185e-05,3.7411364507e+01
1.6388539754e-04,1.0580325637e-05,2.1405115169e+01
1.7509773553e-04,1.1717870386e-04,1.7056359419e+01
1.0125275593e-04,5.9006082262e-05,2.2797599493e+01
3.3787209100e-04,5.5960471866e-05,1.3581565498e+01
9.3341232136e-05,9.3670323259e-05,2.2631325090e+01
-5.3462237427e-05,8.8995510488e-05,3.6977890450e+01
-3.7948769397e-05,7.7744436006e-05,3.8826843708e+01
3.8145681542e-06,5.3628317016e-05,3.5311333131e+01
2.1974571874e-04,3.2698745658e-05,1.7770455495e+01
1.7463387779e-04,1.1339824798e-04,1.6977443903e+01
9.7707936911e-05,5.8350888729e-05,2.2774597768e+01
-5.4852996100e-05,8.7035245403e-05,3.7251622787e+01
-2.6132715789e-04,5.8102937191e-05,3.5690998231e+01
-7.6166499506e-06,1.1340137418e-04,3.7077527289e+01
2.1906744231e-04,2.9826395584e-05,1.7968886805e+01
-1.4268092715e-06,5.5177725551e-05,3.6536902749e+01
1.5598336723e-04,1.0283254378e-05,2.1848030684e+01
2.9358799816e-04,4.5963718570e-05,1.5412053075e+01
-5.0149275309e-06,1.1366404731e-04,3.7348323744e+01
9.6962374173e-05,5.5807743834e-05,2.2773072467e+01
-4.6400168948e-06,5.5031299487e-05,3.7318965613e+01
-5.9258116141e-05,8.8951135059e-05,3.6794580732e+01
-1.3582488572e-04,8.8821573248e-05,3.5531012987e+01
2.1180214911e-04,3.1726236460e-05,1.7860258606e+01
3.3738495973e-04,5.2025090965e-05,1.3734590029e+01
-6.0689308616e-05,8.6998380544e-05,3.7079777664e+01
-3.3011492667e-04,4.2497274154e-06,1.7724256837e+01
1.4809496648e-04,1.0037643181e-05,2.2249120664e+01
2.1112905446e-04,2.8898807706e-05,1.8059777243e+01
-1.1097358118e-05,5.4771325262e-05,3.8679896457e+01
9.0716850165e-05,5.7110103254e-05,2.2730185969e+01
-1.3115312966e-04,9.0584075474e-05,3.5299109263e+01
1.9052934103e-06,1.1232784797e-04,3.7743652466e+01
-4.6985206492e-05,7.7569556557e-05,3.8873666675e+01
-6.5056339652e-05,8.8936790529e-05,3.6610100891e+01
1.4740025695e-04,8.2092914893e-06,2.2202570669e+01
-1.4339423879e-05,5.4656499096e-05,3.9266209581e+01
-1.2915093269e-04,8.6495704897e-05,3.5880110330e+01
-6.6526222817e-05,8.6991967487e-05,3.6903515105e+01
-2.2191836802e-04,7.4557035827e-05,3.6938471610e+01
8.7268204824e-05,5.6523304117e-05,2.2709285524e+01
-2.1704917255e-04,7.5933437722e-05,3.6861398243e+01
2.0389748215e-04,3.0754820585e-05,1.7999473186e+01
1.4023658375e-04,9.8456711499e-06,2.2549793182e+01
2.2241226683e-04,4.4473575407e-05,1.7125946389e+01
-3.3889642373e-04,2.2313015298e-06,1.9240588257e+01
-2.0846588485e-05,5.4455776549e-05,4.0269101727e+01
8.6516541620e-05,5.4087024880e-05,2.2710188898e+01
-2.0068260794e-04,5.9358727891e-05,3.8950774839e+01
7.8709618452e-06,1.1529004143e-04,3.8298153694e+01
-2.4109951033e-05,5.4368592865e-05,4.0692961028e+01
1.3632035071e-04,9.7664364979e-06,2.2636177777e+01
1.9995815670e-04,3.0272828065e-05,1.8098816006e+01
2.1844654898e-04,4.3935128991e-05,1.7085306179e+01
2.1778992518e-04,4.0965255508e-05,1.7304481043e+01
9.6635019667e-06,1.1340748252e-04,3.7956867991e+01
-5.6036790030e-05,7.7468961173e-05,3.8793647587e+01
2.2370709843e-04,5.0673303795e-05,1.7073329678e+01
8.0461178693e-05,5.5419171995e-05,2.2670914496e+01
2.1382375542e-04,4.0424639094e-05,1.7335128083e+01
-3.0653198136e-05,5.4219345101e-05,4.1402826671e+01
1.9928963781e-04,2.7524767504e-05,1.8316517938e+01
1.2852223173e-04,9.6418524731e-06,2.2735481239e+01
-3.3931615852e-05,5.4156032347e-05,4.1695444668e+01
7.7100256577e-05,5.4900395475e-05,2.2653797187e+01
-3.5390327779e-05,5.2381128909e-05,4.2071683580e+01
1.2778682298e-04,7.9422490140e-06,2.2583798479e+01
-3.3759354134e-04,4.6850789835e-06,1.8674006622e+01
2.6873965802e-05,3.0572994529e-06,3.9006768021e+01
2.0658489392e-04,4.2256885617e-05,1.7303345009e+01
-4.0498888637e-05,5.4051310657e-05,4.2171214245e+01
2.2304836776e-04,4.7504644653e-05,1.7060968322e+01
2.0591727937e-04,3.9327927694e-05,1.7457729216e+01
1.2077129994e-04,9.5539897440e-06,2.2805188830e+01
-4.3787131989e-05,5.4008556315e-05,4.2360175664e+01
-6.5093719667e-05,7.7433413929e-05,3.8633797744e+01
-3.4662786832e-04,2.5175283082e-06,2.0728477161e+01
1.9871878859e-04,4.1113633478e-05,1.7456740846e+01
1.2001046477e-04,7.8947898800e-06,2.2645045074e+01
1.6736652682e-04,1.1439385255e-04,1.7004017408e+01
1.9804688809e-04,3.8223071465e-05,1.7621234132e+01
7.0460009086e-05,5.3931445745e-05,2.2624084315e+01
1.9088483753e-04,3.9967821455e-05,1.7686452794e+01
2.6879330182e-04,8.1138204658e-05,1.4781252421e+01
1.9020726459e-04,3.7123176331e-05,1.7875017477e+01
1.1306915032e-04,9.4984078643e-06,2.2875037952e+01
-6.9585693814e-05,7.9327750294e-05,3.8190339484e+01
2.3421595519e-04,1.0591287908e-04,1.4732729845e+01
1.8307702566e-04,3.8832439385e-05,1.8018696091e+01
6.7178020341e-05,5.3479620724e-05,2.2611778710e+01
1.6019630993e-04,1.1530971569e-04,1.7028970611e+01
-3.5477650476e-04,9.4200676510e-06,1.7042923656e+01
1.7918149039e-04,3.8271988129e-05,1.8229056753e+01
1.1227499787e-04,7.8741310004e-06,2.2666846939e+01
1.7849289391e-04,3.5505480753e-05,1.8452472657e+01
-7.1130219504e-05,7.7442204027e-05,3.8500278187e+01
1.5486207512e-05,1.1654734884e-04,3.8623086426e+01
-1.3765934544e-04,7.5133173663e-05,3.7648538827e+01
1.7139954908e-04,3.7171250414e-05,1.8758800172e+01
6.6398535426e-05,5.1242318146e-05,2.2615307261e+01
1.5977055707e-04,1.1159248172e-04,1.7032276111e+01
-3.5111120657e-04,1.6306165080e-05,1.6294112747e+01
1.6751102041e-04,3.6631933994e-05,1.9080239533e+01
1.6680552762e-04,3.3954632178e-05,1.9338854898e+01
-3.4508415102e-04,5.2635777728e-06,1.9275210781e+01
1.5973220855e-04,3.5580092729e-05,1.9837925564e+01
2.4904406744e-05,1.1627189566e-04,3.8112966532e+01
1.5901475185e-04,3.2966571507e-05,2.0103739834e+01
-3.5436589007e-04,2.9042802706e-06,2.1382532891e+01
-1.1521924692e-04,9.1871985767e-05,3.5164342817e+01
1.5194817950e-04,3.4573671038e-05,2.0749324339e+01
1.5121523543e-04,3.2023141126e-05,2.1018393709e+01
6.0686857623e-05,5.2643095754e-05,2.2592580452e+01
-7.7164173631e-05,7.7473278106e-05,3.8354653144e+01
1.4415455464e-04,3.3619796693e-05,2.1804018413e+01
-1.1411831984e-04,8.9842394630e-05,3.5471156030e+01
-1.3276600788e-04,7.6864622802e-05,3.7408923096e+01
1.3949808409e-04,3.0713220079e-05,2.2687819049e+01
1.4025345740e-04,3.3163331831e-05,2.2377217142e+01
9.7810602723e-05,9.4612711267e-06,2.3062891682e+01
-1.3173017792e-04,7.4897603512e-05,3.7771524568e+01
1.2960039601e-05,1.1609948518e-04,3.8498629778e+01
1.3169923848e-04,2.9915935531e-05,2.2914731637e+01
1.3245053559e-04,3.2294084029e-05,2.2904499380e+01
5.7474964726e-05,5.2256574485e-05,2.2586044223e+01
1.9210011450e-04,2.9322394266e-05,1.8350531738e+01
9.6913452256e-05,7.8656261915e-06,2.3179478385e+01
1.2475392872e-04,3.1495878188e-05,2.2903215553e+01
2.5124986294e-04,9.1847124285e-05,1.4785890877e+01
3.2373075693e-05,1.1813026143e-04,3.7867885792e+01
1.1644225895e-04,2.8535393702e-05,2.2873064322e+01
1.5273496576e-04,1.1246374812e-04,1.7057921130e+01
1.1717502516e-04,3.0769465621e-05,2.2876014329e+01
4.6648231070e-05,1.2065860976e-04,3.1659954712e+01
1.9143203369e-04,2.6632986805e-05,1.8584744656e+01
1.0898167310e-04,2.7958050668e-05,2.2843243583e+01
1.0971040253e-04,3.0118656860e-05,2.2845719156e+01
1.0162651169e-04,2.7454007032e-05,2.2814271103e+01
9.0228330704e-05,9.4453319627e-06,2.3533151402e+01
9.1524680048e-05,2.8825010893e-05,2.2771667890e+01
1.8426354622e-04,2.8397145717e-05,1.8712958362e+01
8.4427865876e-05,2.8434037604e-05,2.2751364032e+01
8.0916145037e-05,2.8263347793e-05,2.2744000846e+01
7.3961235231e-05,2.7969135459e-05,2.2733635664e+01
-3.2563495352e-05,2.5826342002e-05,4.6259859266e+01
8.9256717163e-05,7.8496259922e-06,2.3856415572e+01
7.0517991915e-05,2.7843664832e-05,2.2756019681e+01
-1.0552930849e-04,8.9556412510e-05,3.5599403664e+01
-2.3217059968e-05,2.4308360287e-05,4.5386415427e+01
-1.5873283675e-05,2.4373553868e-05,4.4276934138e+01
6.3690443905e-05,2.7629694923e-05,2.3008794351e+01
-2.1593781532e-05,2.5914116518e-05,4.4869518493e+01
6.0286929346e-05,2.7534382183e-05,2.3966605263e+01
-8.6200646895e-05,7.7563822399e-05,3.8125382373e+01
4.8969447122e-05,2.5508889303e-05,2.7593656721e+01
-1.2368320323e-06,2.4542294515e-05,4.1507646558e+01
5.3424314337e-05,2.7344398974e-05,2.5778928513e+01
-7.0216016597e-06,2.6075680016e-05,4.2393652767e+01
4.1931748789e-05,2.5343231658e-05,2.9677617481e+01
6.0465142616e-06,2.4646059076e-05,3.9848439126e+01
4.9969180147e-05,2.7250842868e-05,2.6766468902e+01
3.4842121809e-05,2.5184478931e-05,3.1822594846e+01
1.3300670998e-05,2.4762814805e-05,3.8020346574e+01
2.4117859767e-05,2.4961739083e-05,3.5016895885e+01
5.1115388039e-05,5.1548679183e-05,2.2579716168e+01
7.4593232892e-06,2.6293004347e-05,3.9174285918e+01
3.5995802341e-05,2.6890674729e-05,3.1009030045e+01
-2.5873693009e-04,5.9773812420e-05,3.6097670026e+01
2.4160620902e-04,1.0412213685e-04,1.4652381915e+01
1.8359149298e-04,2.5768785495e-05,1.8961609042e+01
3.5263662024e-05,1.2121137480e-04,3.9682006138e+01
-9.9780854552e-05,8.9395760778e-05,3.5702390004e+01
4.7964974740e-05,5.1225328390e-05,2.2585334331e+01
8.1597182724e-05,7.8264586563e-06,2.4916248951e+01
-9.8561094536e-05,8.7402745789e-05,3.6057450478e+01
1.7643843244e-04,2.7503038875e-05,1.9180777130e+01
2.4502309051e-04,1.0130655305e-04,1.4661242415e+01
4.7144816702e-05,4.9168315752e-05,2.2568595944e+01
3.0394023308e-05,1.1983663189e-04,3.9680120554e+01
1.5230786874e-04,1.0880583052e-04,1.7058319895e+01
7.5046850971e-05,9.3845589545e-06,2.5756959210e+01
-1.2017344448e-04,8.0264098187e-05,3.6976944722e+01
-9.4018902034e-05,8.9260099597e-05,3.5819685600e+01
-9.5210348753e-05,7.7703969449e-05,3.7895741222e+01
-1.1905679935e-04,7.8297088238e-05,3.7342999438e+01
1.7252817334e-04,2.7069158045e-05,1.9460918574e+01
7.3927857700e-05,7.7984119576e-06,2.6289720958e+01
1.4862368562e-04,1.0742666453e-04,1.7067224584e+01
2.1664954876e-05,1.4798812620e-06,4.0611936860e+01
4.1720124301e-05,5.0641259825e-05,2.2617288061e+01
6.7434333249e-05,9.3460701729e-06,2.7319591059e+01
1.7184302189e-04,2.4536639432e-05,1.9723158968e+01
3.8623104574e-05,5.0378488326e-05,2.2707442337e+01
2.4445465030e-04,9.7521749291e-05,1.4756760915e+01
6.6245291244e-05,7.7668162259e-06,2.7920423028e+01
-1.1428214961e-04,8.0072422120e-05,3.7095403237e+01
1.4178362619e-04,1.0826086668e-04,1.7078108731e+01
3.7779593494e-05,4.8405187913e-05,2.3269445974e+01
-2.1984270812e-04,5.7134704252e-05,3.8421582940e+01
-1.1126030174e-04,8.9741183564e-05,3.5510489714e+01
-1.1312266623e-04,7.8117419355e-05,3.7470554296e+01
5.8546165057e-05,7.7317066138e-06,2.9751855596e+01
2.4386597884e-04,9.3744901149e-05,1.4855042868e+01
-2.2237363443e-04,5.5363693106e-05,3.8451160850e+01
-2.3166100794e-04,7.1919119075e-05,3.7062287323e+01
1.3504978664e-04,1.0903857366e-04,1.7077650630e+01
5.2156232319e-05,9.2628283068e-06,3.1037761320e+01
2.7943870227e-05,1.1920673121e-04,3.9559282477e+01
3.1510624532e-05,4.7964435051e-05,2.6277796242e+01
-1.0837001981e-04,7.9904332970e-05,3.7222365604e+01
1.3464907008e-04,1.0555124676e-04,1.7065858859e+01
4.6973120613e-05,7.6795496059e-06,3.2747384327e+01
2.6139877166e-05,4.9464190050e-05,2.8085672508e+01
-1.0418069411e-04,7.7887440837e-05,3.7676015202e+01
2.5148593530e-05,4.7560043817e-05,2.8967962250e+01
3.9235666305e-05,7.6433319543e-06,3.4829709820e+01
3.2949808423e-05,9.1533786913e-06,3.6203840590e+01
1.6470444180e-04,2.6230595551e-05,2.0118464038e+01
-8.9522324614e-05,9.1133821948e-05,3.5587291973e+01
1.6400895364e-04,2.3765037128e-05,2.0377661623e+01
3.1484275317e-05,7.6098111031e-06,3.6915316392e+01
1.6548849604e-05,4.8883507335e-05,3.1915603185e+01
1.5687552981e-04,2.5438088483e-05,2.0886001211e+01
2.3719274139e-05,7.5774901099e-06,3.8954741428e+01
1.5616724247e-04,2.3040700433e-05,2.1142500299e+01
-8.1124686916e-05,8.7090168687e-05,3.6479731201e+01
1.0066950805e-05,4.8547657208e-05,3.4158008719e+01
-1.3695438480e-04,3.7295636713e-05,4.5462015453e+01
1.4903753365e-04,2.4697724333e-05,2.1780945487e+01
1.5940097780e-05,7.5449930529e-06,4.0905138276e+01
1.8962895890e-05,3.0454232135e-06,4.1002499739e+01
6.8025047496e-06,4.8393863411e-05,3.5178857963e+01
1.4511625953e-04,2.4349023850e-05,2.2254308218e+01
-1.3221930789e-04,3.5584189713e-05,4.5984307890e+01
9.7751913938e-06,9.0399741350e-06,4.2076293298e+01
8.1522782511e-06,7.5167340451e-06,4.2729328877e+01
2.9282864651e-04,4.2294592934e-05,1.5577977600e+01
-1.2658597175e-04,3.7197876347e-05,4.5791403670e+01
1.4439171873e-04,2.2058521623e-05,2.2449042080e+01
2.3523841973e-07,4.8116378799e-05,3.7017719185e+01
2.0241121654e-06,9.0075904614e-06,4.3782432086e+01
3.5525131816e-07,7.4906533743e-06,4.4402244131e+01
-1.0077796362e-06,4.6315049197e-05,3.7591945561e+01
3.4452975869e-04,4.9160206706e-05,1.3466934168e+01
-1.1963863488e-04,3.7139820010e-05,4.5984908153e+01
-3.5096791397e-04,9.0105101151e-06,1.7031165969e+01
-6.3781950586e-06,4.7875975921e-05,3.8594858550e+01
-7.4494675203e-06,7.4673458941e-06,4.5907094919e+01
-1.1824081336e-04,3.5472571822e-05,4.6385897789e+01
3.0025681579e-04,3.9783614563e-05,1.5462337129e+01
-7.6768895213e-06,4.6093601122e-05,3.9120965547e+01
-1.1267312055e-04,3.7089324557e-05,4.6154187898e+01
-1.3029832484e-05,4.7670376218e-05,3.9926387334e+01
3.0358582443e-04,3.6661257231e-05,1.5488553887e+01
-1.9167693369e-05,7.4376141004e-06,4.7833520495e+01
3.4405307848e-04,4.5199380672e-05,1.3611494816e+01
-1.4382162142e-05,4.5904652338e-05,4.0413442696e+01
-1.0569157659e-04,3.7046824068e-05,4.6295719360e+01
3.0280328929e-04,3.3009756767e-05,1.5671936768e+01
-1.0219568982e-04,3.7027375315e-05,4.6354977973e+01
-1.0067043391e-04,3.5371698676e-05,4.6735578290e+01
1.3655478251e-04,2.1488894582e-05,2.2935038966e+01
-3.0895611151e-05,7.4139176840e-06,4.9366932462e+01
-2.4494015848e-05,4.5676884072e-05,4.1951419896e+01
1.2880488911e-04,2.0991783301e-05,2.2914365699e+01
-3.8717712403e-05,7.4006483005e-06,5.0183439912e+01
-2.9783409654e-05,4.7291933412e-05,4.2321010604e+01
3.4737820142e-04,4.1728839826e-05,1.3514369617e+01
-1.1272552724e-04,5.4190597999e-05,4.2378873443e+01
1.2185657575e-04,2.2625499444e-05,2.2893205949e+01
1.3705854131e-05,1.4740219326e-06,4.2537342297e+01
-7.2361149218e-05,8.7011660781e-05,3.6729237912e+01
-9.1673152457e-05,3.6979633303e-05,4.6477858112e+01
-3.1262052963e-05,4.5558485880e-05,4.2740956750e+01
-4.6541234536e-05,7.3901469931e-06,5.0848475129e+01
-8.6277220060e-05,3.8616226624e-05,4.6153600630e+01
-5.2415769434e-05,8.8732482143e-06,5.0998171825e+01
-5.4365477815e-05,7.3816672760e-06,5.1375397581e+01
-3.8046891100e-05,4.5464227950e-05,4.3367415859e+01
3.4687961021e-04,3.7791445705e-05,1.3643827178e+01
3.0487264590e-04,6.2317561071e-06,1.7449930161e+01
-3.0553359312e-04,5.6606983060e-05,3.3933038903e+01
-6.2188545997e-05,7.3765479773e-06,5.1777681905e+01
-8.1143387132e-05,3.6952388270e-05,4.6498868829e+01
-7.5808161026e-05,3.8598030538e-05,4.6123382861e+01
-4.4843739816e-05,4.5391717757e-05,4.3851657113e+01
-7.2314629472e-05,3.8596130452e-05,4.6083208543e+01
1.1430155205e-04,2.2199016161e-05,2.2871051387e+01
-7.0011565579e-05,7.3716417235e-06,5.2069558248e+01
3.1023240478e-04,3.0348255474e-05,1.5557282401e+01
1.1055931320e-04,2.2010466649e-05,2.2861202744e+01
-7.0605714763e-05,3.6948518773e-05,4.6388795626e+01
-5.1647243762e-05,4.5338605280e-05,4.4213148651e+01
-7.7834387282e-05,7.3679702688e-06,5.2263688448e+01
-5.5050046056e-05,4.5318397793e-05,4.4353565351e+01
-6.3574229493e-05,3.6956966053e-05,4.6225375217e+01
-8.3563318253e-05,8.8505817986e-06,5.2086469730e+01
1.0314051831e-04,2.1680716417e-05,2.2846402889e+01
3.5020164102e-04,3.4266256583e-05,1.3484905124e+01
-8.5655252180e-05,7.3656665550e-06,5.2371804738e+01
-5.8335454592e-05,3.8618173706e-05,4.5732648689e+01
-6.1858476390e-05,4.5292175379e-05,4.4563637486e+01
1.0242087007e-04,1.9791208699e-05,2.2863336107e+01
-5.6535365531e-05,3.6975008757e-05,4.5974946217e+01
-9.3474142769e-05,7.3644955066e-06,5.2404451744e+01
-6.5264934219e-05,4.5283795503e-05,4.4637434187e+01
-3.5299790481e-04,1.2755711882e-05,1.6771979893e+01
-6.6997645162e-05,4.3596129649e-05,4.4999480499e+01
3.4966866305e-04,3.0359106488e-05,1.3585458028e+01
-4.6216541059e-05,4.0340582789e-05,4.4822199709e+01
-1.0129070817e-04,7.3643405441e-06,5.2370707587e+01
-7.2073790308e-05,4.5279671503e-05,4.4730137624e+01
-1.0689924015e-04,8.8509657132e-06,5.2042015788e+01
-4.4355383437e-05,3.8693672378e-05,4.4995063571e+01
-7.5478481638e-05,4.5281540701e-05,4.4752567155e+01
-1.0910462333e-04,7.3651100293e-06,5.2278141555e+01
9.5813236936e-05,2.1413944896e-05,2.2837680947e+01
-3.9282910668e-05,4.0400007175e-05,4.4318618065e+01
9.5076082279e-05,1.9580516598e-05,2.2857960691e+01
-1.1692129422e-04,7.3648873606e-06,5.2132990195e+01
-8.2280286211e-05,4.5296783350e-05,4.4755552482e+01
-3.2360682152e-05,4.0478140290e-05,4.3673988208e+01
-3.0416221504e-05,3.8834095027e-05,4.3742054963e+01
-8.5680101556e-05,4.5307722343e-05,4.4739011628e+01
-1.2632421690e-04,8.8589051281e-06,5.1625926678e+01
3.5297687326e-04,2.6777204500e-05,1.3308519924e+01
8.7810654580e-05,1.9414777538e-05,2.2850550241e+01
-1.2862749072e-04,7.3707862255e-06,5.1825061241e+01
-2.3461122706e-05,3.8930781693e-05,4.2876608631e+01
-9.2469011364e-05,4.5340091181e-05,4.4674386307e+01
-1.8569387200e-05,4.0699794890e-05,4.1885885818e+01
-1.3642793923e-04,7.3742023806e-06,5.1563979343e+01
-9.5862080540e-05,4.5358471085e-05,4.4628767615e+01
8.1409728186e-05,2.1031079043e-05,2.2844182467e+01
-9.7786058451e-05,4.3677808779e-05,4.4967810320e+01
-1.4422594268e-04,7.3787120242e-06,5.1258772221e+01
8.0624173992e-05,1.9287993237e-05,2.2800931617e+01
-1.3082574310e-05,3.9122726879e-05,4.1230472492e+01
-1.0316255941e-04,4.2026684588e-05,4.5246409689e+01
-1.4959267672e-04,8.8766260454e-06,5.0759950195e+01
3.0943026635e-04,2.6709478223e-05,1.5756778243e+01
3.0860056955e-04,2.3091803638e-05,1.6005483826e+01
-1.5201961672e-04,7.3841515929e-06,5.0908338973e+01
-6.1875526784e-06,3.9276134426e-05,3.9876146982e+01
7.3496740917e-05,1.9188598571e-05,2.3701322666e+01
-1.1000793340e-04,4.2078317805e-05,4.5107985733e+01
1.9294584985e-06,4.1213428175e-05,3.7689417867e+01
-1.1478743647e-04,4.3812831883e-05,4.4620809384e+01
3.1189759718e-04,1.9911481084e-05,1.6068820778e+01
5.7446806774e-06,1.4685460492e-06,4.4325020234e+01
4.0817519757e-06,3.9559043181e-05,3.7434112084e+01
-1.1683945992e-04,4.2138297668e-05,4.4944937405e+01
6.7257235200e-05,2.0785253728e-05,2.4455745468e+01
3.1104569799e-04,1.6310168983e-05,1.6498452797e+01
-1.6866576683e-04,4.4156353072e-06,5.0478306013e+01
-1.2365180815e-04,4.2207425008e-05,4.4760733668e+01
1.4244989941e-05,3.9905658034e-05,3.4499146539e+01
6.6333623295e-05,1.9086626912e-05,2.5144604895e+01
3.0688365311e-04,1.5928978979e-05,1.6874856342e+01
1.8724485152e-05,4.1836790618e-05,3.2650101105e+01
-9.7781403348e-05,6.8389221142e-05,3.9690934762e+01
-3.5265454419e-04,5.9633133384e-06,1.8771929715e+01
-1.3044040253e-04,4.2286440085e-05,4.4557938185e+01
2.0956222994e-05,4.0169253949e-05,3.2292661817e+01
-9.4683226904e-05,6.8346874255e-05,3.9765791511e+01
3.7285182779e-05,1.1957228563e-04,3.7224679019e+01
5.9124876245e-05,1.8980406608e-05,2.6841763084e+01
2.5337504038e-05,4.2138975995e-05,3.0288763590e+01
3.0275267813e-04,1.5610011604e-05,1.7103265679e+01
3.1872038188e-05,4.2472888803e-05,2.7799633063e+01
-8.8472475952e-05,6.8271731426e-05,3.9910991306e+01
3.5113733387e-05,4.2647594238e-05,2.6535912973e+01
-8.3685779474e-05,7.0066122069e-05,3.9648609201e+01
5.1872885368e-05,1.8872562166e-05,2.8728626754e+01
3.5238657419e-04,2.2906286958e-05,1.3355376789e+01
-8.0588714537e-05,7.0038728119e-05,3.9715901796e+01
-8.8243575619e-05,8.9146423432e-05,3.5951932580e+01
4.1525784777e-05,4.3019247243e-05,2.4030480457e+01
4.4698838542e-05,4.3212164242e-05,2.2829305114e+01
-7.2032983999e-05,9.8853447571e-05,3.4720505566e+01
-7.4833245156e-05,9.8872539693e-05,3.4644752715e+01
4.7089465931e-05,4.1477559209e-05,2.2704730642e+01
4.4579994923e-05,1.8764960821e-05,3.0745348150e+01
-8.6946491510e-05,8.7170454145e-05,3.6326707723e+01
3.0201469005e-04,1.2390963954e-05,1.7010546529e+01
-6.6415859250e-05,9.8825677382e-05,3.4892353218e+01
-6.0806839862e-05,9.8831898489e-05,3.5087230328e+01
4.1380957351e-05,1.1641955143e-04,3.2336411028e+01
-5.5201621550e-05,9.8869249527e-05,3.5304839074e+01
2.9524661861e-05,1.0650200258e-04,3.2522141696e+01
5.6758057648e-05,4.2132073354e-05,2.2634787195e+01
-4.9602414926e-05,9.8939806578e-05,3.5542664654e+01
-7.2891694514e-05,6.8160728278e-05,4.0215576981e+01
-4.4011412069e-05,9.9046059992e-05,3.5796489649e+01
-3.8430789849e-05,9.9190966881e-05,3.6059920356e+01
6.0781488231e-05,4.4449076199e-05,2.2622633365e+01
1.8878007891e-04,1.4407991156e-04,1.4664351095e+01
-3.2864653571e-05,9.9379178511e-05,3.6323582726e+01
3.5173879549e-04,1.9080202920e-05,1.3407843326e+01
-2.7311327808e-05,9.9612409226e-05,3.6575508729e+01
6.4063714503e-05,4.4753349228e-05,2.2630455763e+01
-2.0091858043e-05,9.7970458044e-05,3.6995536161e+01
3.7248770757e-05,1.8659887089e-05,3.2830975134e+01
-1.4537363000e-05,9.8324229462e-05,3.7083280723e+01
2.4260275373e-05,1.0534745810e-04,3.3861266366e+01
-1.0759344332e-05,1.0063876110e-04,3.7069360983e+01
-9.0069726654e-06,9.8743649134e-05,3.7072879476e+01
3.0132760659e-04,9.3375134081e-06,1.7143982391e+01
-5.2870037617e-06,1.0111125206e-04,3.7058566286e+01
2.1627951277e-05,1.0482013827e-04,3.4416599335e+01
1.8223276672e-05,1.0209538185e-04,3.4483186973e+01
-3.5010444050e-06,9.9234922058e-05,3.6932283914e+01
2.6227427302e-05,1.0363199152e-04,3.2581660650e+01
1.5905718871e-07,1.0166111915e-04,3.6906797219e+01
1.6310808208e-05,1.0386579393e-04,3.5352546102e+01
1.2840469539e-05,1.0122641342e-04,3.5424265660e+01
7.4266364778e-06,1.0046642711e-04,3.6133077503e+01
1.8503052008e-04,1.4654554150e-04,1.4654231075e+01
6.6616412724e-05,4.2956852035e-05,2.2647022714e+01
-6.6648034741e-05,6.8151991130e-05,4.0296518387e+01
1.8100551451e-04,1.4136674625e-04,1.5098998042e+01
7.0692358601e-05,4.5425877602e-05,2.2651190264e+01
2.9882292956e-05,1.8559113064e-05,3.4926127722e+01
1.7235847646e-04,1.2712352846e-04,1.7014551176e+01
7.4046497735e-05,4.5790976293e-05,2.2664043209e+01
1.7725765926e-04,1.4375421421e-04,1.5157148667e+01
1.6879772293e-04,1.2944670665e-04,1.7028901717e+01
4.8759319925e-05,1.1924375351e-04,2.8498831385e+01
8.0826069416e-05,4.6586723005e-05,2.2693856896e+01
3.5497907039e-04,1.5448291391e-05,1.2811775806e+01
8.4259482206e-05,4.7013899636e-05,2.2710833209e+01
8.6991949829e-05,4.5146308945e-05,2.2727745833e+01
-5.7277482318e-05,6.8181451415e-05,4.0346320856e+01
2.3844606316e-05,2.0083213404e-05,3.6240033459e+01
-5.2687560266e-05,7.0052201132e-05,4.0030515915e+01
3.2145881454e-05,1.0713543565e-04,3.1722900482e+01
9.1204348302e-05,4.7934594585e-05,2.2747718564e+01
9.4724061334e-05,4.8424385607e-05,2.2767035274e+01
1.8770190066e-05,1.8418769666e-05,3.7970230561e+01
-4.9584149178e-05,7.0082922966e-05,4.0010754359e+01
9.7540997068e-05,4.6520518606e-05,2.2784394749e+01
1.2778667612e-05,1.9934547382e-05,3.9178307917e+01
3.5424208578e-04,1.1690713886e-05,1.2768202424e+01
1.0472911643e-04,4.7536301557e-05,2.2823566018e+01
-2.2182244675e-06,1.4635000274e-06,4.5952459945e+01
1.5099116338e-04,1.4041066135e-04,1.7130900007e+01
4.7069884197e-05,1.0952001182e-04,2.3250765125e+01
4.5013682577e-05,1.1100820417e-04,2.6218763316e+01
1.0910971574e-04,5.0594632700e-05,2.2847343517e+01
4.2476764721e-05,1.1013014313e-04,2.7425402125e+01
3.9355889574e-05,1.0695374041e-04,2.7719998709e+01
5.0069750249e-05,1.1293843564e-04,2.1903452960e+01
1.2635161436e-04,1.2583378442e-04,1.7153628905e+01
1.4740516819e-04,1.3881113877e-04,1.7157100133e+01
6.7792634090e-05,1.1878877127e-04,2.0911224992e+01
1.3631878588e-04,1.2329632781e-04,1.7137776471e+01
7.3144503516e-05,1.1880720079e-04,2.1279418665e+01
1.1205647256e-04,4.8631273455e-05,2.2861811670e+01
1.4371838139e-04,1.3361033394e-04,1.7156323190e+01
6.2705137029e-05,1.1880396702e-04,2.0613463488e+01
5.7294705833e-05,1.1368340329e-04,2.0919489181e+01
1.3304275430e-04,1.2535016031e-04,1.7152632090e+01
-2.2851992454e-04,8.7228776830e-05,3.6255817167e+01
1.1648699346e-04,5.1808782612e-05,2.2887417266e+01
5.5082588172e-05,1.1510309145e-04,2.0751847795e+01
1.4019927474e-04,1.3204545351e-04,1.7165076017e+01
1.2298449424e-04,1.2429083546e-04,1.7134773036e+01
1.2023403018e-04,5.2443030396e-05,2.2908985022e+01
-3.8561493939e-05,6.8420478603e-05,4.0024934647e+01
2.6430762053e-04,1.0213378697e-04,1.4307760642e+01
1.0660927385e-04,1.2008681022e-04,1.9714736613e+01
1.2327103315e-04,5.0431932633e-05,2.2918120700e+01
1.0352321046e-04,1.2189735790e-04,2.0424830194e+01
9.7131239310e-05,1.2203216032e-04,2.2873438041e+01
9.3594007227e-05,1.1711406539e-04,2.2517667886e+01
1.1333434638e-04,1.2661980848e-04,1.7028696944e+01
1.2783755617e-04,5.3771717030e-05,2.3003698630e+01
8.4565995520e-05,1.1882588125e-04,2.2070987824e+01
8.1277885576e-05,1.1424614675e-04,2.1958346184e+01
1.1007269240e-04,1.2505723158e-04,1.7342680756e+01
1.3092539804e-04,5.1726507051e-05,2.2730520786e+01
3.8646785796e-06,1.8257860988e-05,4.1621622973e+01
1.3550608079e-04,5.5173434926e-05,2.1598374807e+01
-2.9237003847e-05,6.8650250500e-05,3.9531931011e+01
-2.0641255598e-06,1.9772393050e-05,4.2595155968e+01
1.3861840796e-04,5.3083488695e-05,2.1235527104e+01
1.4313738016e-04,5.6633665688e-05,2.0208516843e+01
1.4695104296e-04,5.7376499546e-05,1.9588322626e+01
-7.3727956649e-06,1.8159670155e-05,4.3939769171e+01
1.5008483340e-04,5.5220486350e-05,1.9372268559e+01
-1.9952303704e-05,6.8970574034e-05,3.8707660823e+01
1.5456364682e-04,5.8886893608e-05,1.8524585535e+01
-1.5672286994e-05,7.1020377169e-05,3.8071313333e+01
1.5771135775e-04,5.6685929484e-05,1.8403519490e+01
-1.2615517478e-05,7.1169795370e-05,3.7651600124e+01
1.6213119322e-04,6.0426505528e-05,1.7700257572e+01
1.6591978299e-04,6.1193210749e-05,1.7393461396e+01
1.7292511540e-04,5.9652082393e-05,1.7141396263e+01
1.7614157912e-04,5.7352984534e-05,1.7183330486e+01
-1.0723392519e-05,6.9397277314e-05,3.7444273109e+01
1.8054306708e-04,6.1133383170e-05,1.7031938893e+01
1.8379739603e-04,5.8782211475e-05,1.7018893319e+01
-6.5369826630e-06,7.1516224663e-05,3.6631086267e+01
1.8823318601e-04,6.2687437809e-05,1.7070318978e+01
-1.3250154959e-05,1.9674646536e-05,4.4703935426e+01
-3.5053865255e-06,7.1709290159e-05,3.6017410245e+01
-1.8644176458e-05,1.8080071749e-05,4.5857060999e+01
-2.4470442433e-05,1.9595666276e-05,4.6409678755e+01
-1.5695040508e-06,6.9948685340e-05,3.5610068559e+01
-2.6170115550e-05,1.8037258065e-05,4.6913914550e+01
2.5150664557e-06,7.2150211777e-05,3.4557222289e+01
5.5137852444e-06,7.2394319392e-05,3.3694256782e+01
-1.3350748933e-04,3.7265198613e-05,4.5575906572e+01
7.4859252752e-06,7.0645547020e-05,3.3045756132e+01
-3.1960533779e-05,1.9557043204e-05,4.7331221102e+01
-3.5713675037e-05,1.9537856217e-05,4.7732552398e+01
1.6414057647e-05,7.1510808595e-05,2.9558010956e+01
2.8498350724e-04,1.1418958740e-04,1.3409579001e+01
-4.3213874402e-05,1.9508447520e-05,4.8420566661e+01
2.3167194232e-05,7.4299313236e-05,2.6152007089e+01
-1.0182528186e-05,1.4589089774e-06,4.7406206553e+01
2.5179105047e-05,7.2569073245e-05,2.4955581466e+01
2.8894621092e-05,7.5124082651e-05,2.2441179622e+01
3.1754935319e-05,7.5571880292e-05,2.2493831538e+01
-9.8202432278e-05,7.7761241691e-05,3.7820953987e+01
-5.0716766250e-05,1.9488336644e-05,4.8969092034e+01
4.4672902859e-05,7.3597576943e-05,2.2452420853e+01
-5.4474479237e-05,1.9477801769e-05,4.9196543806e+01
-6.1982494215e-05,1.9463634254e-05,4.9564074581e+01
5.1377024043e-05,7.7079478164e-05,2.2413133603e+01
5.5073409471e-05,8.0129299266e-05,2.2380711749e+01
-6.3898069116e-05,1.7923106634e-05,4.9932048142e+01
5.7370976432e-05,7.8382253967e-05,2.2405602244e+01
4.9148377444e-05,7.8818761583e-05,2.2395732809e+01
6.1077063568e-05,8.1562429085e-05,2.2379141631e+01
6.3447794094e-05,7.9807091744e-05,2.2412027393e+01
7.5258078203e-05,8.0384329740e-05,2.2494076017e+01
6.7168538651e-05,8.3126338201e-05,2.2395076689e+01
9.1604410110e-05,8.4942032769e-05,2.2656944007e+01
8.8845961720e-05,8.6792656161e-05,2.2612628145e+01
8.1694484655e-05,8.2112819663e-05,2.2549581043e+01
7.9081030424e-05,8.3923536347e-05,2.2503235773e+01
8.5571560607e-05,8.5801253142e-05,2.2569027328e+01
-6.9491493444e-05,1.9455072901e-05,4.9827802813e+01
-1.3382220238e-04,4.2330520483e-05,4.4450068078e+01
-7.6997979758e-05,1.9451182513e-05,5.0000650074e+01
-1.2721099274e-05,3.0064616100e-06,4.7579198190e+01
-8.4501371017e-05,1.9451328490e-05,5.0094443933e+01
-8.6539201880e-05,1.7913581493e-05,5.0409866626e+01
-9.2000219354e-05,1.9455194290e-05,5.0119620977e+01
-9.9493670588e-05,1.9462355643e-05,5.0085265450e+01
-1.0698035978e-04,1.9472655895e-05,4.9999006816e+01
1.0947523416e-04,9.3421709243e-05,2.2815593472e+01
1.0536435229e-04,8.9163237488e-05,2.2813521966e+01
-1.3818865342e-04,3.8994514696e-05,4.5050006526e+01
-1.0914086968e-04,1.7933447427e-05,5.0274899260e+01
9.9547155601e-05,9.2970082071e-05,2.2734568754e+01
9.6143181708e-05,9.1830431023e-05,2.2687571297e+01
-1.1445949660e-04,1.9485824095e-05,4.9867101438e+01
1.2806153844e-04,1.0633073046e-04,1.7079169574e+01
1.1466406415e-04,1.0437518094e-04,2.0528784437e+01
1.2155529192e-04,1.0706013464e-04,1.7362717413e+01
1.1771037468e-04,1.0240914075e-04,1.9803118114e+01
-1.2417348771e-04,1.7959892683e-05,4.9946479803e+01
-1.2939013817e-04,1.9520644654e-05,4.9484393834e+01
-9.8651250510e-05,7.3993065264e-05,3.8544656609e+01
-1.3167630115e-04,1.7976837551e-05,4.9724207190e+01
-9.7353695866e-05,7.2098433052e-05,3.8949340254e+01
-1.3683927060e-04,1.9542336629e-05,4.9239263700e+01
-1.4427598358e-04,1.9566978449e-05,4.8959851062e+01
-2.2162551145e-05,1.4606330645e-06,4.9254469849e+01
-1.4664867597e-04,1.8018851042e-05,4.9172194146e+01
-1.5169435653e-04,1.9597667483e-05,4.8645265753e+01
-1.5540564147e-04,1.9610558686e-05,4.8474767977e+01
-3.2576885552e-04,4.2202786433e-05,1.6995919883e+01
-1.5784789097e-04,1.8057048709e-05,4.8662131036e+01
-3.2591962317e-04,3.7095928865e-05,1.7060643617e+01
-1.6903977223e-04,1.3450744599e-05,4.8917222983e+01
-1.7281410184e-04,1.3466325328e-05,4.8680356357e+01
-1.7777933638e-04,1.5029336241e-05,4.8072974885e+01
-1.8639126953e-04,1.6628780577e-05,4.7159623892e+01
-1.6368857142e-04,7.3959674150e-06,5.0291203816e+01
-1.9383736777e-04,1.6672352390e-05,4.6530069357e+01
4.7105781061e-05,1.3305535979e-04,5.9944027597e+01
-1.9850321689e-04,1.8287973411e-05,4.5823736164e+01
-1.6618154218e-04,5.9049627644e-06,5.0391960844e+01
-2.0675087136e-04,1.3600546198e-05,4.5695350829e+01
-3.0128835685e-05,1.4572946537e-06,5.0264197000e+01
-2.1046937217e-04,1.3629634876e-05,4.5232020702e+01
-3.0983806516e-04,4.2327277183e-05,1.7307345988e+01
-2.2079660538e-04,1.2126913389e-05,4.3945154307e+01
-2.6013047860e-04,7.2678274315e-05,3.7440817309e+01
-2.2608952118e-04,1.5351941324e-05,4.2604683487e+01
-2.3040710829e-04,1.7029463139e-05,4.1568148895e+01
-2.3399762169e-04,1.7087559203e-05,4.0811792808e+01
-3.0810134700e-04,3.4261878593e-05,1.7257355414e+01
-2.4618711225e-04,1.0763473528e-05,3.8279912081e+01
-3.2542928976e-05,2.9899821145e-06,5.0290218623e+01
-2.5357312527e-04,1.0857103878e-05,3.5690292549e+01
-2.5759493196e-04,1.2584499963e-05,3.3891777301e+01
-2.6445347762e-04,1.1062657161e-05,3.0741403075e+01
-2.7810729729e-04,6.3519035658e-06,2.2651513985e+01
-3.1473501502e-04,2.7224580122e-05,1.7136998402e+01
-2.9112658172e-04,4.3549420771e-05,1.9330907753e+01
1.9354235543e-04,5.1718339255e-05,1.7047533913e+01
-2.4633486610e-05,1.2739718317e-04,3.2849695284e+01
1.9289088900e-04,4.8730427833e-05,1.7207881196e+01
1.8578798740e-04,5.0419027140e-05,1.7275060733e+01
-2.8890095678e-04,4.2560960178e-05,2.0291197681e+01
-1.9661483442e-05,1.2776901756e-04,3.4898734039e+01
1.8511575919e-04,4.7462754826e-05,1.7442429016e+01
-4.2079014859e-05,1.4530662575e-06,5.1470415860e+01
1.7806023227e-04,4.9118191179e-05,1.7603104503e+01
1.7419075047e-04,4.8454116857e-05,1.7830706660e+01
-2.9638100733e-05,1.2708384968e-04,3.1930885405e+01
1.7349186003e-04,4.5566159664e-05,1.8051033943e+01
1.6648127278e-04,4.7165331353e-05,1.8400515352e+01
1.6261717200e-04,4.6516026756e-05,1.8760402022e+01
4.0233475651e-06,1.2744398679e-04,4.3734967856e+01
1.6189236992e-04,4.3710954919e-05,1.9032252665e+01
-3.0809054526e-04,2.7884913424e-05,1.7152655434e+01
1.5489961279e-04,4.5257742784e-05,1.9616903869e+01
-5.2124961677e-05,1.2530040979e-04,3.2082913939e+01
1.5415679674e-04,4.2513859282e-05,1.9908363261e+01
1.4717418187e-04,4.4040652220e-05,2.0655372197e+01
-5.7298132261e-05,1.2486752584e-04,3.2146214403e+01
1.4641178950e-04,4.1361808504e-05,2.0956375563e+01
1.3943570563e-04,4.2877973650e-05,2.1856095043e+01
1.3555418050e-04,4.2309435293e-05,2.2561021092e+01
1.3476281661e-04,3.9731800111e-05,2.2819539539e+01
1.2703421134e-04,3.8722330893e-05,2.2925082694e+01
1.2020445854e-04,4.0222802363e-05,2.2895646365e+01
-2.8141712614e-04,4.2254900874e-05,2.5212671935e+01
1.1942871819e-04,3.7784535700e-05,2.2889185930e+01
-5.2231193511e-05,5.9207727094e-05,4.1814540769e+01
1.1271619168e-04,3.9288835566e-05,2.2861578779e+01
1.1194691792e-04,3.6920295443e-05,2.2855706737e+01
1.0458493220e-04,3.6131915272e-05,2.2821680375e+01
9.8103489312e-05,3.7650212552e-05,2.2791400741e+01
-3.0177275733e-04,2.8577411392e-05,1.7163342793e+01
-4.4245136570e-05,6.1090335557e-05,4.1274944112e+01
9.0972406251e-05,3.6953084934e-05,2.2756664635e+01
-4.1065320240e-05,6.1129347488e-05,4.1138254227e+01
3.3091092925e-05,1.3283801444e-04,6.1493584297e+01
8.7442494953e-05,3.6627192460e-05,2.2741657363e+01
-3.6114295538e-05,5.9422816367e-05,4.1111632438e+01
8.6674131754e-05,3.4502667981e-05,2.2739226452e+01
8.0477979616e-05,3.6047420474e-05,2.2710806326e+01
-2.6479680868e-05,5.9641781982e-05,4.0305125840e+01
7.6249901373e-05,3.3755425893e-05,2.2699458789e+01
-1.6891798806e-05,5.9942211130e-05,3.9104133572e+01
7.0213517481e-05,3.5313790618e-05,2.2675332250e+01
-1.5571369346e-05,6.1816440918e-05,3.8731552443e+01
1.4038698262e-04,7.5925368712e-05,1.8497638414e+01
-1.2442074195e-05,6.1933950251e-05,3.8221658943e+01
-2.9917591587e-04,2.7725385047e-05,1.7155835310e+01
6.6043461673e-05,3.3169805415e-05,2.2669468905e+01
-7.3694145191e-06,6.0337492181e-05,3.7403605446e+01
-6.1250366884e-06,6.2241128831e-05,3.6995072360e+01
6.0159000062e-05,3.4741108230e-05,2.2679682508e+01
-2.7613580524e-04,4.3037642173e-05,2.8252971860e+01
2.0646451650e-06,6.0842207644e-05,3.5084155769e+01
5.6033924902e-05,3.2729281295e-05,2.3043168059e+01
3.2301465189e-06,6.2782070839e-05,3.4616115877e+01
5.0262415208e-05,3.4303670767e-05,2.4358310218e+01
6.2972801283e-06,6.2978207989e-05,3.3665437047e+01
4.6936380947e-05,3.4165110763e-05,2.5353320281e+01
1.2465684222e-05,6.3455727856e-05,3.1453602536e+01
1.5486522840e-05,6.3699280935e-05,3.0211623534e+01
4.0239886554e-05,3.3904257442e-05,2.7584430470e+01
2.0549549073e-05,6.2239850840e-05,2.8077043392e+01
3.3467862726e-05,3.3657386636e-05,2.9868143326e+01
2.9526281066e-05,6.3160038223e-05,2.2981256910e+01
3.0431673513e-05,6.5263423365e-05,2.2560321806e+01
3.2374608160e-05,3.1892454708e-05,3.0725607403e+01
3.3357418595e-05,6.5618706405e-05,2.2562764320e+01
2.6633270301e-05,3.3430400580e-05,3.2136510558e+01
1.2820147148e-04,8.4482279150e-05,1.9884219832e+01
3.8438152136e-05,6.4255593977e-05,2.2526155726e+01
2.3186182683e-05,3.3317784124e-05,3.3247906181e+01
3.9309019401e-05,6.6439431569e-05,2.2512576835e+01
4.2276093205e-05,6.6862826320e-05,2.2506473949e+01
2.1985933372e-05,3.1583601456e-05,3.4039547483e+01
4.7482274705e-05,6.5556962665e-05,2.2508994299e+01
1.6270567874e-05,3.3117707474e-05,3.5373510157e+01
5.1335896837e-05,6.8322951686e-05,2.2490098482e+01
1.2784569719e-05,3.3019533921e-05,3.6384809664e+01
5.7488774467e-05,6.9439123635e-05,2.2486824721e+01
1.1487174054e-05,3.1312026174e-05,3.7101457061e+01
6.0567056814e-05,7.0012295056e-05,2.2493344906e+01
6.6079975985e-05,6.8824108242e-05,2.2523862966e+01
6.6852910806e-05,7.1288954654e-05,2.2506580292e+01
7.0003809745e-05,7.1942949965e-05,2.2522909127e+01
4.4390906654e-06,3.1153531687e-05,3.8936992570e+01
7.5703631359e-05,7.0811741530e-05,2.2567857194e+01
-1.2338444222e-06,3.2691460941e-05,3.9964848373e+01
8.2260604849e-05,7.2273434031e-05,2.2612070667e+01
8.2971971525e-05,7.4907731930e-05,2.2605697946e+01
-2.6487123268e-06,3.1014248039e-05,4.0584888872e+01
8.8940804571e-05,7.3847377752e-05,2.2667787828e+01
8.9664822899e-05,7.6585483150e-05,2.2663724726e+01
9.3033929882e-05,7.7438196364e-05,2.2699835848e+01
9.9924392126e-05,7.9267961510e-05,2.2767639818e+01
1.0627193127e-04,7.8276905607e-05,2.2830307869e+01
1.0698721947e-04,8.1240092253e-05,2.2832366634e+01
-9.7664939201e-06,3.0893275634e-05,4.2036319627e+01
1.1714379836e-04,8.1274961433e-05,2.3048415396e+01
-1.5386699887e-05,3.2442860712e-05,4.2754649630e+01
-5.0046028194e-05,1.4507219130e-06,5.2086372906e+01
1.1784210023e-04,8.4358825226e-05,2.2949642559e+01
-1.6909141551e-05,3.0789904847e-05,4.3292431295e+01
-2.4072046254e-05,3.0703548484e-05,4.4360758566e+01
-2.9624810042e-05,3.2270322974e-05,4.4779796875e+01
-3.4849439839e-05,3.0602888623e-05,4.5638368749e+01
-2.6454257293e-04,5.1790927296e-05,3.4206238713e+01
-2.8247524097e-04,2.5997299185e-05,1.7707887210e+01
-2.6210838205e-04,5.1144688983e-05,3.4484793149e+01
3.9597274603e-05,7.4816750878e-05,2.2451538053e+01
6.2790940777e-05,1.4485289035e-04,2.1362920657e+01
-1.1767773603e-04,1.1710842222e-04,3.3147795093e+01
-2.6017210945e-04,4.6054257707e-05,3.4036893461e+01
-2.7975985085e-04,2.5486558122e-05,2.0260391833e+01
-5.2369895493e-05,2.9789518649e-06,5.1992767990e+01
-2.5733883509e-04,4.7733535661e-05,3.4827850952e+01
6.8613409524e-05,1.4843355943e-04,2.0588769773e+01
-1.2285279469e-04,1.1633496211e-04,3.3257474444e+01
-2.7063908365e-04,2.8309705140e-05,2.7122956141e+01
3.2238514073e-04,1.0684713516e-04,1.2344113290e+01
8.3360134861e-05,1.5369820106e-04,1.8934734321e+01
-2.6188721750e-04,2.7262007519e-05,3.1472719996e+01
-5.8013038648e-05,1.4487167072e-06,5.2567455962e+01
-2.4388264558e-04,5.4124421233e-05,3.6976523213e+01
-7.8071138082e-05,5.9162672591e-05,4.1924208153e+01
-8.5923613944e-05,6.1005894884e-05,4.1444787463e+01
-6.6702900874e-05,6.0935268003e-05,4.1644805587e+01
-6.3523972338e-05,6.0930545277e-05,4.1644257545e+01
-8.2738841266e-05,6.0977713715e-05,4.1498789241e+01
-5.8698307739e-05,5.9165291453e-05,4.1932184681e+01
-7.3134021968e-05,6.0935031060e-05,4.1614971698e+01
-1.0943738767e-04,5.4147307734e-05,4.2461380300e+01
-2.4126780060e-04,5.1504563686e-05,3.7225252931e+01
-2.5563102803e-04,3.0622263703e-05,3.3966272771e+01
-1.0539923474e-04,4.8858471191e-05,4.3704205911e+01
-2.2858742736e-04,2.1981921319e-05,4.1286372632e+01
-2.5264868578e-04,3.0334644224e-05,3.4921006066e+01
6.9613220807e-05,8.1354525511e-05,2.2434359156e+01
-9.8241794752e-05,5.2265048268e-05,4.3093329799e+01
7.2092341918e-05,7.9570795978e-05,2.2472399481e+01
-1.7093943571e-04,2.6106256404e-05,4.6392979562e+01
-2.3984950000e-04,2.7639546938e-05,3.8407747041e+01
-1.9842119697e-04,2.4782077645e-05,4.4712600826e+01
-2.1897713814e-04,5.0976465898e-05,3.9090713584e+01
-2.3289871871e-04,4.8313239735e-05,3.8173217201e+01
-1.9401030282e-04,2.3076361033e-05,4.5395940476e+01
-1.6269211558e-04,2.4412862436e-05,4.7165077320e+01
-1.3125678603e-04,5.8101074418e-05,4.1094624739e+01
-2.3664510646e-04,2.7472848741e-05,3.9110696433e+01
-1.3858569078e-04,6.0124758807e-05,4.0498329225e+01
-1.5543952634e-04,2.4360018084e-05,4.7518928470e+01
-1.4482370286e-04,6.0309654877e-05,4.0313939876e+01
-2.0970898625e-04,4.8310345249e-05,4.0025099015e+01
-1.2914813941e-04,5.9884603543e-05,4.0769780227e+01
-1.3548684429e-04,6.0028719523e-05,4.0590974697e+01
-1.6021078764e-04,2.6010841273e-05,4.6961461866e+01
-1.8322447751e-04,2.2966238850e-05,4.6239118858e+01
-1.2602278030e-04,5.9801954294e-05,4.0860243396e+01
-1.8773604935e-04,2.4657187120e-05,4.5601112791e+01
-2.1586693853e-04,2.5092975469e-05,4.2795063181e+01
-1.1965661610e-04,5.9678022969e-05,4.1034298182e+01
-1.9639422583e-04,4.3823053499e-05,4.1540015858e+01
-2.0319030516e-04,4.6014153359e-05,4.0771037547e+01
-2.0670544749e-04,4.8113059557e-05,4.0241491188e+01
1.2451082766e-04,8.3384144430e-05,2.1045469023e+01
-2.0058018502e-04,4.7765945149e-05,4.0655005531e+01
-1.7941043780e-04,4.8661582960e-05,4.1521970029e+01
-1.7307009614e-04,4.8426621319e-05,4.1820933169e+01
1.0591260013e-04,1.5744341855e-04,1.8555708073e+01
-1.4959778548e-04,1.1083357860e-04,3.3894786407e+01
-1.7702910342e-04,2.4537848777e-05,4.6345146283e+01
-1.6350159040e-04,4.8130609460e-05,4.2235640680e+01
-1.8327834761e-04,5.0658394420e-05,4.0998138607e+01
-1.3892327188e-04,3.0713168373e-05,4.6829713028e+01
-1.2333514520e-04,2.8988053953e-05,4.7671808755e+01
-1.3409479233e-04,2.9051020624e-05,4.7346110655e+01
-5.2651559066e-05,2.4149073341e-05,4.8214798858e+01
-1.2113004164e-04,3.0592144978e-05,4.7381731108e+01
-1.0892952852e-04,2.8924025112e-05,4.8000497193e+01
-1.1398632931e-04,3.0552827396e-05,4.7553873616e+01
-1.3178104665e-04,3.0671732394e-05,4.7068890330e+01
-1.0681418335e-04,3.0524902607e-05,4.7692636815e+01
-7.8017082087e-05,3.0473905410e-05,4.7811183320e+01
-9.4482412341e-05,2.8880930157e-05,4.8180307222e+01
-9.9645618326e-05,3.0496725050e-05,4.7795410201e+01
-7.4446307452e-05,3.0464627751e-05,4.7763671212e+01
-9.2451712204e-05,3.0480185051e-05,4.7854248839e+01
-6.9137075413e-05,2.8862692146e-05,4.7975600666e+01
-1.2825582670e-04,3.0639430670e-05,4.7180210097e+01
-6.7208098475e-05,3.0477617780e-05,4.7604953814e+01
-6.3633729383e-05,3.0474001331e-05,4.7497944706e+01
-6.5979921854e-05,1.4470167191e-06,5.2927465702e+01
-1.4722840397e-05,1.2819352262e-04,3.7230193735e+01
-1.9115713937e-04,1.8233073605e-05,4.6492500387e+01
-1.6524221380e-04,1.0774758930e-04,3.4302001052e+01
1.9269420779e-04,1.4537762000e-04,1.4503293017e+01
-7.3946574840e-05,1.4455892028e-06,5.3179762836e+01
-2.3551582834e-04,2.2164144471e-05,3.9894459162e+01
1.4356450970e-04,1.6210022834e-04,1.7423684302e+01
7.5811788474e-05,1.1734200020e-04,2.1533381858e+01
7.8520464401e-05,1.1581565826e-04,2.1761673952e+01
1.5182576478e-04,1.6365029505e-04,1.7578592305e+01
-1.8116565816e-04,1.0395549971e-04,3.4756318966e+01
1.6912057820e-04,5.8913950554e-05,1.7389855554e+01
1.6034791403e-04,1.6412087508e-04,1.5940653754e+01
-1.6401881879e-04,1.6531741399e-05,4.8636012806e+01
-1.6651357236e-04,1.4988171345e-05,4.8785022306e+01
-8.1912912723e-05,1.4444042417e-06,5.3336841348e+01
9.0624399075e-05,1.1878953112e-04,2.2407001576e+01
-1.9149989320e-04,1.0122770534e-04,3.5067490414e+01
1.6975584107e-04,1.6346572014e-04,1.3880732149e+01
1.2462225908e-04,1.0501777315e-04,1.7021506876e+01
-1.8037065791e-04,1.3492178282e-05,4.8161664619e+01
1.0020465098e-04,1.2029944249e-04,2.2479790591e+01
-8.4062849616e-05,2.9617633582e-06,5.3113419086e+01
1.9149717853e-04,6.0272985367e-05,1.7067635473e+01
1.7902682013e-04,1.6370741497e-04,1.3639692938e+01
-1.9665728561e-04,9.9182771485e-05,3.5249274862e+01
1.9476238605e-04,5.7855245503e-05,1.7064433097e+01
1.9803629932e-04,5.5436142698e-05,1.7048439692e+01
1.9741824494e-04,5.2365988006e-05,1.7051377465e+01
-8.9878865202e-05,1.4434350023e-06,5.3409948810e+01
-2.0214057236e-04,9.8165440870e-05,3.5398156994e+01
1.1648673190e-04,1.2470434571e-04,1.7133360844e+01
1.1963280102e-04,1.2276218719e-04,1.7095276591e+01
-2.0397189167e-04,1.5158849250e-05,4.5771410820e+01
-9.1991709613e-05,2.9606290106e-06,5.3164453103e+01
1.2959219945e-04,1.2382182826e-04,1.7144713675e+01
-2.1419070667e-04,1.3657455384e-05,4.4730474165e+01
2.6518607374e-04,1.3904628957e-04,1.2968765400e+01
-9.7844372731e-05,1.4426584162e-06,5.3408922224e+01
1.3114908542e-04,1.0425039931e-04,1.7074554231e+01
-2.3700269001e-04,1.5497011962e-05,4.0309766631e+01
1.5456686319e-04,1.3833937865e-04,1.7081133301e+01
1.5812513489e-04,1.3619877112e-04,1.7048165292e+01
1.6499562174e-04,1.2797809853e-04,1.7001457346e+01
1.6168393589e-04,1.3398458603e-04,1.7021175492e+01
1.6148019492e-04,1.3024609827e-04,1.7023996438e+01
-2.4002886775e-04,1.3915915732e-05,3.9727219297e+01
-2.4308692061e-04,1.2337425290e-05,3.9054704011e+01
-1.0580938336e-04,1.4420552721e-06,5.3342067962e+01
-2.2286755431e-04,9.1453152416e-05,3.6030550014e+01
2.2336166744e-04,1.5551447836e-04,1.3279080800e+01
-2.6085431898e-04,1.0982800519e-05,3.2551041677e+01
-2.2540508299e-04,9.0579179754e-05,3.6099309543e+01
2.2754961269e-04,1.5428916238e-04,1.3244404326e+01
1.3424095228e-04,1.0212248017e-04,1.7053079584e+01
1.3380913454e-04,9.8725005604e-05,1.7081214122e+01
1.3688946167e-04,9.6571696640e-05,1.7087050511e+01
1.3642248151e-04,9.3217288952e-05,1.6987115801e+01
1.3949591219e-04,9.1035590652e-05,1.7057266075e+01
1.4207912106e-04,8.5545345578e-05,1.6991251426e+01
1.3901200150e-04,8.7740502560e-05,1.7027946970e+01
1.4516604669e-04,8.3320338966e-05,1.6997130186e+01
-1.1378534187e-04,1.4452931704e-06,5.3215268180e+01
-2.7491232414e-04,9.6528074816e-06,2.4516898809e+01
-2.7831690434e-04,8.0388404760e-06,2.2290589989e+01
2.3678197385e-04,1.5162714128e-04,1.3153152960e+01
-2.3036490323e-04,8.8900773819e-05,3.6221275304e+01
-2.9867908160e-04,5.7160538523e-05,3.3581279253e+01
1.4405912771e-04,7.6888374912e-05,1.7788276144e+01
1.4463722155e-04,8.0083764601e-05,1.7192217881e+01
-2.3539349022e-04,8.6615701162e-05,3.6357284188e+01
2.4488865813e-04,1.4920401384e-04,1.3060184839e+01
-1.2174909584e-04,1.4450488926e-06,5.3035171265e+01
-1.2369703446e-04,2.9598314599e-06,5.2731247881e+01
-4.2023226261e-05,3.0560376621e-05,4.6291372333e+01
-4.3718475983e-05,2.8948027021e-05,4.6719894643e+01
-1.2971221115e-04,1.4449450149e-06,5.2804458138e+01
-2.0349879023e-04,2.8202630890e-05,4.3656931666e+01
-2.1801754746e-04,4.5009172519e-05,3.9834976058e+01
-2.5316188799e-04,8.0141036502e-05,3.7729074772e+01
2.7326839087e-04,1.3701970870e-04,1.2809851056e+01
-1.4165558106e-04,1.4450463284e-06,5.2366736348e+01
-1.4350178878e-04,2.9616888856e-06,5.2041378883e+01
2.8172526378e-04,1.3317981653e-04,1.2709787833e+01
-1.7258923431e-04,4.4294959549e-06,5.0216258108e+01
-1.4961688563e-04,1.4452902500e-06,5.2013067297e+01
-1.8284450571e-04,2.9190561589e-06,4.9677237384e+01
-1.5757736213e-04,1.4456832996e-06,5.1606773359e+01
-2.6586875946e-04,7.4951073329e-05,3.8173246968e+01
2.9322433669e-04,1.2691050400e-04,1.2597077893e+01
-1.6549983859e-04,1.4321075996e-06,5.1147211025e+01
-1.8695135934e-04,7.4281957297e-06,4.8645625719e+01
-3.2356607171e-05,1.2444420345e-04,3.2364394818e+01
3.0077787817e-04,1.2214205776e-04,1.2535568965e+01
-1.6949860469e-04,1.4362892371e-06,5.0889540304e+01
-1.9473818978e-04,7.4614561088e-06,4.7925675056e+01
-2.8459297533e-04,1.5537002813e-06,1.8405181208e+01
-1.9853873260e-04,7.4492679496e-06,4.7538966274e+01
-2.0503296134e-04,5.9395937355e-06,4.7014473683e+01
-2.0626644071e-04,7.4551100030e-06,4.6653028840e+01
-2.9824172146e-04,2.2236335827e-05,1.7119098048e+01
-4.8972531162e-05,2.4164392626e-05,4.7983414359e+01
-4.7190122986e-05,2.5747600376e-05,4.7566842360e+01
-2.9625311064e-04,1.6216736562e-06,1.7056525461e+01
2.3162765670e-04,1.4894123981e-04,1.3428901846e+01
-2.1399853728e-04,7.4743934707e-06,4.5611954238e+01
-9.4967679427e-05,5.2237304714e-05,4.3153918406e+01
-8.9490123728e-05,5.7465738987e-05,4.2126492772e+01
-9.3115332843e-05,5.3977621012e-05,4.2809759885e+01
-3.0791307863e-04,1.7240140437e-06,1.7071100975e+01
-2.2060180482e-04,5.9711906560e-06,4.4758321425e+01
-2.2179398536e-04,7.5285840478e-06,4.4365034308e+01
-1.0014389025e-04,5.0543748002e-05,4.3433677929e+01
-2.2557397116e-04,7.5222473907e-06,4.3680252046e+01
-3.1628394433e-04,1.0315768572e-05,1.7029145482e+01
-3.1850918144e-04,1.3174386281e-05,1.7054500796e+01
-2.3224835428e-04,6.0037304802e-06,4.2469311598e+01
-3.1895001385e-04,3.8249640555e-06,1.7108230339e+01
-2.3325680353e-04,7.5403901941e-06,4.2079354249e+01
-2.4600980964e-04,2.9822842175e-06,3.9006125048e+01
-1.4584029887e-04,2.5906945068e-05,4.7599553023e+01
-1.5181390970e-04,2.4333028111e-05,4.7683142546e+01
-1.4351652103e-04,2.7501060004e-05,4.7352363355e+01
-2.5298535774e-04,1.4863234111e-06,3.6612185709e+01
2.1009705879e-05,1.2895614654e-04,4.9188709610e+01
-1.5226447711e-04,5.6880695808e-05,4.0815537344e+01
-1.5444806101e-04,5.5117328754e-05,4.1110129836e+01
-1.7348737907e-04,2.4491370644e-05,4.6566886377e+01
-1.7962305821e-04,2.2935281974e-05,4.6487717981e+01
-1.5889502799e-04,5.1622846167e-05,4.1683076815e+01
-1.6988202259e-04,4.8326390506e-05,4.1962580571e+01
-1.9041966342e-04,2.3041127538e-05,4.5693837674e+01
-2.6239648145e-04,4.5945106232e-06,3.2321078877e+01
-2.6316392622e-04,6.2009529979e-06,3.1827221316e+01
3.5486871261e-04,7.5082882177e-05,1.2054602123e+01
-1.8571410328e-04,4.8909499516e-05,4.1206735727e+01
-1.9380875499e-04,4.5574613988e-05,4.1390347441e+01
-2.7392320025e-04,4.6646211711e-06,2.5732855140e+01
-2.1245795034e-04,2.5002629919e-05,4.3229501893e+01
3.5770824442e-04,7.1589824898e-05,1.2019764622e+01
-2.2510961914e-04,2.1905488465e-05,4.1899110944e+01
3.3905004295e-04,1.4744998409e-05,1.5149854318e+01
3.6337605311e-04,6.4517490121e-05,1.1922990408e+01
-2.9037965556e-04,6.3519350895e-05,3.7878245565e+01
3.6852491765e-04,5.6715307787e-05,1.1825980415e+01
-3.2772632312e-04,5.0290027112e-05,1.5419285410e+01
-2.9790263659e-04,6.0127250235e-05,3.6922462372e+01
-2.4960924554e-04,3.0081330363e-05,3.5819440965e+01
3.7349897246e-04,4.8815214465e-05,1.1678905393e+01
-3.3825579753e-04,4.5723522116e-05,1.2861340800e+01
-2.3005374349e-04,4.8016383677e-05,3.8468801581e+01
-2.6776694084e-04,2.7924249209e-05,2.8684652434e+01
-2.7698379492e-04,2.5038221429e-05,2.2504190259e+01
-2.3856558755e-04,5.1106927486e-05,3.7499733218e+01
-2.9188309636e-04,2.3301935846e-05,1.7107422675e+01
-2.4655445549e-04,5.2400497335e-05,3.6681967306e+01
-2.5197262382e-04,4.8967342754e-05,3.5833187350e+01
-2.4925205384e-04,5.0675593355e-05,3.6304455394e+01
-2.8847983017e-04,2.4948572527e-05,1.7147066543e+01
3.8878550988e-04,1.7315145212e-05,1.0066106659e+01
-3.7546769562e-04,1.8638970961e-05,9.8342220011e+00
-3.0549202873e-04,2.6953816621e-05,1.7147592800e+01
-2.7376852537e-04,4.2317257537e-05,2.8980610232e+01
-3.2675751618e-04,1.7759708655e-05,1.7048159052e+01
-2.7046792026e-04,4.6217751566e-05,3.1463589865e+01
-3.1896929752e-04,2.5468002857e-05,1.7119484960e+01
-2.6729622436e-04,5.0159541273e-05,3.3338542672e+01
-3.2834283245e-04,1.4924577076e-05,1.7050114289e+01
-2.6767348265e-04,4.7849215039e-05,3.2668766679e+01
-2.7909071047e-04,4.1465980014e-05,2.6087630579e+01
-3.2983924719e-04,1.2159267020e-05,1.7035327328e+01
-3.2055774894e-04,2.2611493855e-05,1.7084631027e+01
-3.2209864548e-04,1.9791477044e-05,1.7081616396e+01
-2.0305495794e-04,9.5677819190e-05,3.5516615483e+01
-3.1965777729e-04,1.0697240678e-05,1.7032959204e+01
-3.2176414874e-04,6.0875206409e-06,1.7153094857e+01
-3.1726216069e-04,8.0558511304e-06,1.7029352646e+01
-2.9406443484e-04,4.2257622953e-05,1.6813929663e+01
-3.0016663358e-04,3.9600266168e-05,1.7196946870e+01
-2.9705846254e-04,4.0935464147e-05,1.7265469824e+01
-3.0118269755e-04,3.7079742985e-05,1.7230127188e+01
-3.0454906107e-04,3.5673677521e-05,1.7236227917e+01
-2.2473681941e-04,5.1531586204e-05,3.8635282828e+01
-3.2133018014e-04,3.8624180192e-05,1.7148880419e+01
-3.1539739927e-04,4.2815353225e-05,1.7315858229e+01
-3.1718422510e-04,3.9964990772e-05,1.7243117184e+01
1.9293926288e-05,1.3097873827e-04,5.1034505486e+01
-3.2267780827e-04,3.9396713391e-06,1.7039343154e+01
-3.1177775941e-04,1.7725908290e-06,1.7078574678e+01
-3.1138773937e-04,3.6394842174e-06,1.7083780718e+01
-3.0014125096e-04,1.6480662931e-06,1.7066033595e+01
-2.8847016611e-04,1.5753821149e-06,1.6802505297e+01
2.8146613368e-04,9.0317190513e-06,1.8487817606e+01
7.6333513065e-05,1.5149895188e-04,1.9370312419e+01
2.5780282173e-04,1.4120528166e-04,1.3088503444e+01
-9.8542114862e-06,1.2893300721e-04,3.9964371965e+01
2.8536429245e-04,9.1558487472e-06,1.7690783127e+01
-1.2805085523e-04,1.1546515522e-04,3.3371595403e+01
-1.4414862514e-04,1.1239677275e-04,3.3748434322e+01
3.3899066246e-04,9.1883397153e-05,1.2220915362e+01
3.7820924226e-04,4.0431947865e-05,1.1465592875e+01
1.2087289414e-04,1.6011050214e-04,1.8058622862e+01
-6.7241338981e-05,1.2141533004e-04,3.2234485636e+01
-2.5471220390e-04,4.5651590230e-06,3.5752750291e+01
-8.8704711860e-05,1.2139361535e-04,3.2601709970e+01
-1.8427276006e-04,4.3847130815e-06,4.9339208247e+01
-1.8559960025e-04,5.8919548151e-06,4.8998269872e+01
3.8461973077e-04,1.3249427340e-05,8.6896881059e+00
8.9942231245e-05,1.5235758664e-04,1.9345664957e+01
-3.7500093728e-05,1.2415139122e-04,3.2149754566e+01
1.8793692040e-04,1.6278459757e-04,1.3562839945e+01
-3.1359368398e-04,5.3851275754e-05,2.4792006328e+01
2.7252583698e-04,2.8602007287e-06,2.1873008208e+01
2.0117710937e-04,3.6956496035e-06,2.0730444466e+01
2.2900644093e-04,4.3501583780e-06,2.0985598728e+01
2.5694939530e-04,5.2796341685e-06,2.1509560460e+01
2.6905522767e-04,5.6332834725e-06,2.1393166852e+01
2.9635085879e-04,3.1098591740e-06,1.7768726107e+01
5.7233335485e-05,1.3941240721e-04,6.0418045681e+01
3.1250684506e-04,3.0844027943e-06,1.7735692371e+01
3.5752434741e-04,7.9116734580e-06,1.1706135297e+01
3.4568398267e-04,7.4826065319e-06,1.4687424508e+01
2.8549721892e-04,1.3129762199e-04,1.2668747152e+01
-2.8289698611e-04,6.7183796256e-05,3.8311827277e+01
3.6474817969e-04,3.9880956656e-06,9.1435727678e+00
2.9681542566e-04,1.1725640127e-04,1.2896243679e+01
3.7658907623e-04,4.1340042220e-06,5.8297745022e+00
3.1856985571e-04,1.0985498776e-04,1.2374692371e+01
1.8143802094e-04,1.6021489833e-04,1.3900389365e+01
3.2854100527e-04,3.4160078975e-06,1.6955534939e+01
9.8078372513e-05,1.5698243577e-04,1.8586210998e+01
2.8881917983e-04,6.2092539783e-06,1.7398350867e+01
-1.6006230068e-04,1.0906400461e-04,3.4157283466e+01
1.0989602006e-04,1.5555363020e-04,1.8548384337e+01
3.8479890861e-04,2.6420910025e-05,1.0892068084e+01
-2.5982340064e-04,7.4867146729e-05,3.7666438200e+01
-3.4858649046e-04,3.9328646099e-05,1.1987744009e+01
3.6966261923e-04,4.9179555649e-05,1.1924671783e+01
-8.6070355939e-05,1.2164867493e-04,3.2555083473e+01
3.5699824008e-04,6.7626965268e-05,1.2191461215e+01
2.3911950143e-05,1.3168039524e-04,5.4608455205e+01
3.2880488568e-04,1.0105347134e-04,1.2311310074e+01
3.9298452421e-04,7.8245028438e-06,6.8499656563e+00
-3.8744837279e-04,8.2939146293e-06,5.5518464925e+00
1.4711032215e-04,1.5999390493e-04,1.7511492757e+01
-3.3575484051e-04,4.4301700334e-05,1.3813823339e+01
2.0608919841e-04,1.5978041697e-04,1.3416187192e+01
1.3437477124e-05,1.2505433159e-04,4.2797348419e+01
-1.0984179559e-04,1.1850453065e-04,3.2989173969e+01
2.1474627287e-04,1.5803519886e-04,1.3332568805e+01
-1.3888403833e-04,1.1351223033e-04,3.3620611016e+01
2.1998011353e-04,1.5356539240e-04,1.3473828422e+01
2.3870488750e-04,1.4773195399e-04,1.3305351939e+01
3.5137026848e-04,7.4296265011e-05,1.2269701368e+01
3.7556292582e-05,1.3378564856e-04,6.5576726810e+01
1.2814784641e-04,1.6118740316e-04,1.7584945951e+01
-3.1529279411e-04,5.1327918401e-05,1.6155352672e+01
-1.1249022788e-04,1.1812868501e-04,3.3042468031e+01
6.8474762710e-05,1.4515010125e-04,2.1928263346e+01
-2.6893289641e-04,7.1195828273e-05,3.7795987726e+01
3.1459823792e-04,1.0911422421e-04,1.2570274896e+01
2.9706477040e-04,1.2086254521e-04,1.2730935469e+01
2.9355691685e-04,1.2337419445e-04,1.2745824705e+01
1.7351046685e-04,1.6070137507e-04,1.4008842007e+01
3.6002724304e-04,6.4137820631e-05,1.2130533979e+01
3.8754172385e-04,1.3897739184e-05,9.0491663274e+00
-8.9958967192e-05,1.1938442966e-04,3.2599490214e+01
-4.7095768077e-05,1.2576552044e-04,3.2030179066e+01
-1.9410097628e-04,9.8214126838e-05,3.5242064357e+01
-3.6529545131e-04,2.7992920287e-05,1.0580507541e+01
1.9679177200e-04,1.6158633252e-04,1.3483576164e+01
7.1092795116e-06,1.3022484740e-04,4.7956456904e+01
-7.2476171192e-05,1.2115692529e-04,3.2308429094e+01
4.3744701691e-06,1.2519317577e-04,4.1740505835e+01
2.4584365758e-04,1.4577972386e-04,1.3208350811e+01
2.6846012592e-04,1.3612976944e-04,1.3004275517e+01
-1.3094688659e-04,1.1266485600e-04,3.3474089970e+01
2.5814830066e-04,1.4448671799e-04,1.2916996236e+01
8.0017714170e-05,1.4999999606e-04,1.9877252843e+01
3.7272824108e-04,4.5091569001e-05,1.1788762362e+01
2.7875853744e-04,1.3145783824e-04,1.2888966349e+01
-1.8470482146e-04,1.0126978318e-04,3.4932518811e+01
1.6645920308e-04,1.6114926719e-04,1.4255017544e+01
-3.1822928888e-04,5.0914715984e-05,1.7991439569e+01
2.7805739621e-05,1.3026958866e-04,5.3861663831e+01
9.3712213812e-05,1.5367966095e-04,1.9101601364e+01
1.2375463967e-04,1.5812062123e-04,1.7664068217e+01
3.1185995867e-04,1.1555307764e-04,1.2399092838e+01
6.1197212558e-05,1.4031071451e-04,1.8362621965e+01
1.5856837514e-04,1.6143941334e-04,1.7303265330e+01
-2.3700825709e-04,8.4498213963e-05,3.6498614112e+01
3.7838159767e-04,3.3641594299e-05,1.1428608464e+01
2.2871595172e-04,1.5111855302e-04,1.3389616361e+01
-1.7340537541e-04,1.0387817173e-04,3.4605553555e+01
-3.7817285891e-04,1.4260886612e-05,9.4904867494e+00
-1.6118843541e-04,1.0708021908e-04,3.4243060170e+01
-1.1374486139e-04,1.1613471700e-04,3.3071896493e+01
1.0360074951e-04,1.5506491408e-04,1.8785843445e+01
-9.2614566607e-05,1.1924681682e-04,3.2649402945e+01
-3.5526029442e-04,3.2436683539e-05,1.1705862292e+01
-7.5147124423e-05,1.2097551164e-04,3.2349198115e+01
1.4027938764e-04,1.5968389044e-04,1.7473738234e+01
-3.4041393976e-04,4.2289501685e-05,1.3139321029e+01
3.6292358426e-04,6.0721802509e-05,1.2061845474e+01
-2.5848058250e-04,7.8594812885e-05,3.8018546089e+01
2.9028179482e-04,1.2582476540e-04,1.2751799871e+01
3.9521762428e-04,3.6753993418e-06,5.1757174710e+00
-3.9238884753e-04,3.9821624153e-06,3.8472825318e+00
3.0101097283e-05,1.3074967213e-04,5.5612851014e+01
7.7776862132e-06,1.2417292251e-04,4.1438711306e+01
1.0295360138e-05,1.2151998531e-04,4.0195350388e+01
3.8390888848e-04,2.2670721435e-05,1.0637434063e+01
1.5026991114e-04,1.6122545495e-04,1.7636305923e+01
2.5226310603e-04,1.4677413386e-04,1.2975500787e+01
1.2191668695e-05,1.2679590989e-04,4.4134880856e+01
4.3350498402e-05,1.3282575161e-04,6.1992800905e+01
1.8580585833e-04,1.6065759495e-04,1.3777305506e+01
-2.4910868585e-04,8.0256526054e-05,3.7430395732e+01
3.0875503125e-04,1.1827139727e-04,1.2401222182e+01
-2.0564552894e-04,9.5526538345e-05,3.5570136496e+01
-5.8279043756e-05,1.2303883688e-04,3.2126614770e+01
1.8555808920e-06,1.2766799800e-04,4.3400399221e+01
-1.5482946013e-04,1.1076952954e-04,3.4006306948e+01
1.7673427056e-04,1.6158655984e-04,1.3877887265e+01
-9.5139532325e-05,1.1909712098e-04,3.2698057152e+01
-7.7702548214e-05,1.2103978173e-04,3.2391135367e+01
2.1628791340e-04,1.5537352610e-04,1.3459318975e+01
1.9403265615e-04,1.5942157567e-04,1.3700585857e+01
8.2721845608e-05,1.5127703605e-04,1.9552674711e+01
1.3370370667e-04,1.5920449003e-04,1.7217402868e+01
3.7531322004e-04,4.1377492625e-05,1.1655590858e+01
6.2889222495e-05,1.4233372283e-04,6.6165671027e+00
9.6900200070e-05,1.5481766408e-04,1.8908320677e+01
2.3487111280e-04,1.4946449485e-04,1.3317851705e+01
2.4214251511e-04,1.4774249460e-04,1.3211740429e+01
-2.3091515572e-04,8.6984221259e-05,3.6294450294e+01
-3.7022327454e-04,2.1181254065e-05,1.0572953789e+01
2.7524914564e-04,1.3362910156e-04,1.2904209295e+01
2.6587708866e-04,1.4198320356e-04,1.2804369835e+01
3.6565741148e-04,5.7478377554e-05,1.1987132169e+01
1.1878273248e-05,1.3100793185e-04,4.8422186162e+01
3.2182745329e-05,1.3129369686e-04,5.7468912153e+01
2.0842809002e-04,1.5682366547e-04,1.3554471274e+01
-6.0662410864e-05,1.2276802825e-04,3.2155186942e+01
1.2692892110e-04,1.5912109987e-04,1.7342683227e+01
