x_m y_m von_mises_Pa wss_mag_dyn_cm2 is_surface
4.0000000000e-04 0.0000000000e+00 2.9624737199e+02 3.6266018646e-02 1.0000000000e+00
-4.0000000000e-04 3.0616169979e-20 8.5897628998e+02 1.0281524380e+00 1.0000000000e+00
3.9417195425e-04 6.4285315456e-06 1.7088216543e+02 4.3265868614e-01 1.0000000000e+00
3.9008545123e-04 1.2385032077e-05 1.1176473365e+02 8.5137144610e-01 1.0000000000e+00
3.8644858422e-04 1.8030955981e-05 9.2149287122e+01 1.9975341925e+00 1.0000000000e+00
3.8297955367e-04 2.3415664188e-05 7.9635197645e+01 3.4542238129e+00 1.0000000000e+00
3.7957315196e-04 2.8577352810e-05 7.1081921788e+01 4.2727606467e+00 1.0000000000e+00
3.7617739543e-04 3.3539102878e-05 6.4802995735e+01 6.0444537131e+00 1.0000000000e+00
3.7276415753e-04 3.8318784911e-05 5.9808605613e+01 6.9833526201e+00 1.0000000000e+00
3.6931973340e-04 4.2926564126e-05 5.5698236604e+01 8.9381320574e+00 1.0000000000e+00
3.6583427517e-04 4.7373290551e-05 5.2227938266e+01 9.9316985258e+00 1.0000000000e+00
3.6230370161e-04 5.1666669122e-05 4.9267955500e+01 1.1950044177e+01 1.0000000000e+00
3.5872540982e-04 5.5813778649e-05 4.6696172976e+01 1.2972276680e+01 1.0000000000e+00
3.5509844576e-04 5.9820558386e-05 4.4436043268e+01 1.3985951328e+01 1.0000000000e+00
3.5142266699e-04 6.3692119382e-05 4.2430103256e+01 1.5996405253e+01 1.0000000000e+00
3.4769820944e-04 6.7433144637e-05 4.0649531489e+01 1.6997636641e+01 1.0000000000e+00
3.4392544128e-04 7.1047783607e-05 3.9060665457e+01 1.7990152578e+01 1.0000000000e+00
3.4010490007e-04 7.4539752138e-05 3.7639938849e+01 1.9937995719e+01 1.0000000000e+00
3.3623726441e-04 7.7912251189e-05 3.6367394431e+01 2.0895391566e+01 1.0000000000e+00
3.3232316354e-04 8.1168147450e-05 3.5229365161e+01 2.1842103936e+01 1.0000000000e+00
3.2836322702e-04 8.4310027242e-05 3.4212912006e+01 2.2775664732e+01 1.0000000000e+00
3.2435806132e-04 8.7340090653e-05 3.3305220078e+01 2.4602917672e+01 1.0000000000e+00
3.2030825696e-04 9.0260238931e-05 3.2505008366e+01 2.5498492672e+01 1.0000000000e+00
3.1621413008e-04 9.3072194972e-05 3.1797005773e+01 2.6380859645e+01 1.0000000000e+00
3.1207639964e-04 9.5777083487e-05 3.1175711462e+01 2.7253341056e+01 1.0000000000e+00
3.0789515225e-04 9.8376027782e-05 3.0648318508e+01 2.8956945358e+01 1.0000000000e+00
3.0367054457e-04 1.0086963915e-04 3.0200119220e+01 2.9810457965e+01 1.0000000000e+00
2.9940281800e-04 1.0325809807e-04 2.9829461326e+01 3.0658184203e+01 1.0000000000e+00
2.9509183647e-04 1.0554126323e-04 2.9538613409e+01 3.1489768242e+01 1.0000000000e+00
2.9073739278e-04 1.0771839512e-04 2.9331862879e+01 3.2325756503e+01 1.0000000000e+00
2.8633911522e-04 1.0978822012e-04 2.9202949156e+01 3.4000708973e+01 1.0000000000e+00
2.8189657150e-04 1.1174873324e-04 2.9153148026e+01 3.4850968548e+01 1.0000000000e+00
2.7740900733e-04 1.1359716443e-04 2.9181663431e+01 3.5710198046e+01 1.0000000000e+00
2.7287559519e-04 1.1532950304e-04 2.9318291404e+01 3.6594706067e+01 1.0000000000e+00
2.6829492013e-04 1.1694016670e-04 2.9551560365e+01 3.8439278606e+01 1.0000000000e+00
2.6366574629e-04 1.1842192262e-04 2.9891329388e+01 3.9441797930e+01 1.0000000000e+00
2.5898608609e-04 1.1976455200e-04 3.0362076074e+01 4.0495800835e+01 1.0000000000e+00
2.5425323929e-04 1.2095317809e-04 3.1012800595e+01 4.1695254903e+01 1.0000000000e+00
2.4946304060e-04 1.2196450919e-04 3.1991536583e+01 4.2939008236e+01 1.0000000000e+00
2.4460357193e-04 1.2275085838e-04 3.3293096415e+01 4.1244982676e+01 1.0000000000e+00
2.3971688700e-04 1.2314311847e-04 3.2465563331e+01 3.7760182897e+01 1.0000000000e+00
2.3532360708e-04 1.2314013227e-04 3.2023170808e+01 3.5253226884e+01 1.0000000000e+00
2.3134009694e-04 1.2309160090e-04 3.1834384300e+01 3.4512641635e+01 1.0000000000e+00
2.2362114993e-04 1.2314535617e-04 2.8442344102e+01 3.5063007146e+01 1.0000000000e+00
2.0821875478e-04 1.2282357922e-04 3.0592953250e+01 3.7135129278e+01 1.0000000000e+00
2.0433717492e-04 1.2247913496e-04 3.2104622816e+01 3.7439118950e+01 1.0000000000e+00
2.0045383640e-04 1.2194002686e-04 3.3929584419e+01 3.7351717060e+01 1.0000000000e+00
1.9659428474e-04 1.2111884579e-04 3.8759079975e+01 3.6082945661e+01 1.0000000000e+00
1.9286534227e-04 1.1982094979e-04 3.3894232576e+01 3.0154783519e+01 1.0000000000e+00
1.9003322883e-04 1.1771627768e-04 4.7130872530e+01 1.7555897870e+01 1.0000000000e+00
1.8659531137e-04 1.1558311271e-04 7.5872889465e+01 9.5310955151e+00 1.0000000000e+00
1.8255324541e-04 1.1458144934e-04 6.3670472740e+01 9.8045853624e+00 1.0000000000e+00
1.7835662524e-04 1.1405611123e-04 5.5352727836e+01 1.1451579996e+01 1.0000000000e+00
1.7405506886e-04 1.1384204638e-04 4.7704884134e+01 1.2994139050e+01 1.0000000000e+00
1.6966380836e-04 1.1384063931e-04 4.0689877249e+01 1.4387968885e+01 1.0000000000e+00
1.6518982076e-04 1.1399043989e-04 3.4038634704e+01 1.5677941833e+01 1.0000000000e+00
1.6292138561e-04 1.1410844779e-04 3.0893878840e+01 1.6839376877e+01 1.0000000000e+00
1.6063138495e-04 1.1424965977e-04 2.8113569329e+01 1.6839376877e+01 1.0000000000e+00
1.5832152849e-04 1.1441008582e-04 2.5973483766e+01 1.7866787300e+01 1.0000000000e+00
1.5366025652e-04 1.1477712731e-04 2.3068293262e+01 1.8796174440e+01 1.0000000000e+00
1.4895833942e-04 1.1519598204e-04 1.9744622048e+01 1.9656375979e+01 1.0000000000e+00
1.4659008149e-04 1.1542055867e-04 1.7912459160e+01 2.0449915713e+01 1.0000000000e+00
1.4420901502e-04 1.1565297478e-04 1.6077367172e+01 2.0449915713e+01 1.0000000000e+00
1.4181462725e-04 1.1589174607e-04 1.4294162930e+01 2.1182587653e+01 1.0000000000e+00
1.3698355941e-04 1.1638327067e-04 1.0851775099e+01 2.1861824449e+01 1.0000000000e+00
1.3454533336e-04 1.1663349823e-04 9.3403455008e+00 2.2489258842e+01 1.0000000000e+00
1.2961701602e-04 1.1713544511e-04 8.1911795035e+00 2.3046818697e+01 1.0000000000e+00
1.2712228032e-04 1.1738201391e-04 9.6598535650e+00 2.3448342897e+01 1.0000000000e+00
1.2461299288e-04 1.1762236097e-04 1.2037034797e+01 2.3448342897e+01 1.0000000000e+00
1.2210566010e-04 1.1786190875e-04 1.3652653782e+01 2.3693851132e+01 1.0000000000e+00
1.1713138703e-04 1.1836741370e-04 1.1779020341e+01 2.4022421691e+01 1.0000000000e+00
1.1464513806e-04 1.1862656955e-04 1.0604202585e+01 2.4509708529e+01 1.0000000000e+00
1.0965602458e-04 1.1914102359e-04 8.9641167655e+00 2.4995148404e+01 1.0000000000e+00
1.0463962028e-04 1.1964385788e-04 8.1050479540e+00 2.5424904932e+01 1.0000000000e+00
1.0212040014e-04 1.1988951636e-04 7.9717686332e+00 2.5809885052e+01 1.0000000000e+00
9.7059604363e-05 1.2036745556e-04 8.2076844987e+00 2.6159028803e+01 1.0000000000e+00
9.4518087942e-05 1.2059909091e-04 8.5326045171e+00 2.6478807161e+01 1.0000000000e+00
8.9413096370e-05 1.2104634781e-04 9.4814608480e+00 2.6773052349e+01 1.0000000000e+00
8.6849764020e-05 1.2126151890e-04 1.0063639804e+01 2.7043222294e+01 1.0000000000e+00
8.1701785203e-05 1.2167396668e-04 1.1364764708e+01 2.7291952798e+01 1.0000000000e+00
7.9117515772e-05 1.2187093488e-04 1.2017368222e+01 2.7522798040e+01 1.0000000000e+00
7.3930429146e-05 1.2224534217e-04 1.3257416794e+01 2.7737105024e+01 1.0000000000e+00
6.8719067202e-05 1.2259259832e-04 1.4581944675e+01 2.7935224562e+01 1.0000000000e+00
6.6104349820e-05 1.2275569540e-04 1.5246622863e+01 2.8118763792e+01 1.0000000000e+00
5.8225642344e-05 1.2320151290e-04 1.7197302838e+01 2.8441949537e+01 1.0000000000e+00
-3.3590640353e-05 1.2311294534e-04 3.2492536130e+01 2.9643103051e+01 1.0000000000e+00
-3.9078736914e-05 1.2279213580e-04 3.3072330000e+01 2.9625438397e+01 1.0000000000e+00
-4.1824434723e-05 1.2261803231e-04 3.3352256317e+01 2.9604261005e+01 1.0000000000e+00
-4.7318646461e-05 1.2224230167e-04 3.3894428989e+01 2.9579940220e+01 1.0000000000e+00
-5.0066985870e-05 1.2204060783e-04 3.4158401875e+01 2.9550788324e+01 1.0000000000e+00
-5.2816015481e-05 1.2182967419e-04 3.4415958179e+01 2.9517373884e+01 1.0000000000e+00
-5.8315797541e-05 1.2138000834e-04 3.4915103937e+01 2.9481218750e+01 1.0000000000e+00
-6.1066363472e-05 1.2114121434e-04 3.5158218322e+01 2.9441844687e+01 1.0000000000e+00
-6.6568421896e-05 1.2063560689e-04 3.5626656466e+01 2.9398772803e+01 1.0000000000e+00
-6.9319732895e-05 1.2036873412e-04 3.5855973669e+01 2.9352268505e+01 1.0000000000e+00
-7.4822482155e-05 1.1980674465e-04 3.6300473252e+01 2.9301938015e+01 1.0000000000e+00
-7.7573748228e-05 1.1951156072e-04 3.6516569452e+01 2.9247990916e+01 1.0000000000e+00
-8.0324829714e-05 1.1920689627e-04 3.6728464131e+01 2.9191653810e+01 1.0000000000e+00
-8.5826093249e-05 1.1856899013e-04 3.7143677137e+01 2.9131955003e+01 1.0000000000e+00
-8.8576096339e-05 1.1823569911e-04 3.7347539055e+01 2.9068582369e+01 1.0000000000e+00
-9.4074464477e-05 1.1754028153e-04 3.7742448320e+01 2.9002281870e+01 1.0000000000e+00
-9.6822651350e-05 1.1717810108e-04 3.7936588399e+01 2.8932618119e+01 1.0000000000e+00
-1.0231660876e-04 1.1642465881e-04 3.8316055983e+01 2.8860648923e+01 1.0000000000e+00
-1.0506221476e-04 1.1603332658e-04 3.8502698470e+01 2.8785203864e+01 1.0000000000e+00
-1.0780679001e-04 1.1563221133e-04 3.8687899523e+01 2.8705909197e+01 1.0000000000e+00
-1.1055025927e-04 1.1522128588e-04 3.8870986097e+01 2.8705909197e+01 1.0000000000e+00
-1.1329253662e-04 1.1480051643e-04 3.9052064353e+01 2.8623932409e+01 1.0000000000e+00
-1.1603353458e-04 1.1436987029e-04 3.9230791301e+01 2.8539221315e+01 1.0000000000e+00
-1.1877316112e-04 1.1392931134e-04 3.9410681081e+01 2.8539221315e+01 1.0000000000e+00
-1.2151136402e-04 1.1347879748e-04 3.9587039526e+01 2.8450958514e+01 1.0000000000e+00
-1.2424802530e-04 1.1301831069e-04 3.9762457676e+01 2.8358786437e+01 1.0000000000e+00
-1.2698308181e-04 1.1254779714e-04 3.9937299748e+01 2.8358786437e+01 1.0000000000e+00
-1.2971643112e-04 1.1206723066e-04 4.0112050433e+01 2.8263642840e+01 1.0000000000e+00
-1.3244800675e-04 1.1157657844e-04 4.0286453301e+01 2.8165237527e+01 1.0000000000e+00
-1.3517772353e-04 1.1107579816e-04 4.0458117954e+01 2.8063134705e+01 1.0000000000e+00
-1.3790546837e-04 1.1056484676e-04 4.0633098218e+01 2.8063134705e+01 1.0000000000e+00
-1.4063119773e-04 1.1004368577e-04 4.0808975594e+01 2.7957801674e+01 1.0000000000e+00
-1.4335481048e-04 1.0951229250e-04 4.0981286166e+01 2.7848354850e+01 1.0000000000e+00
-1.4607619991e-04 1.0897062042e-04 4.1155685801e+01 2.7848354850e+01 1.0000000000e+00
-1.4879530746e-04 1.0841861266e-04 4.1331348576e+01 2.7735016621e+01 1.0000000000e+00
-1.5151203038e-04 1.0785624295e-04 4.1508251231e+01 2.7618331539e+01 1.0000000000e+00
-1.5422629094e-04 1.0728348430e-04 4.1687246110e+01 2.7618331539e+01 1.0000000000e+00
-1.5693801468e-04 1.0670027777e-04 4.1869498273e+01 2.7497138957e+01 1.0000000000e+00
-1.5964712736e-04 1.0610656717e-04 4.2055363384e+01 2.7371437074e+01 1.0000000000e+00
-1.6235357007e-04 1.0550231730e-04 4.2240463789e+01 2.7241780991e+01 1.0000000000e+00
-1.6505722999e-04 1.0488751095e-04 4.2425943883e+01 2.7241780991e+01 1.0000000000e+00
-1.6775803955e-04 1.0426210070e-04 4.2610372095e+01 2.7107356899e+01 1.0000000000e+00
-1.7045586194e-04 1.0362605671e-04 4.2794930045e+01 2.6967881898e+01 1.0000000000e+00
-1.7315060784e-04 1.0297933999e-04 4.2983147091e+01 2.6967881898e+01 1.0000000000e+00
-1.7584219781e-04 1.0232190735e-04 4.3172789365e+01 2.6824259005e+01 1.0000000000e+00
-1.7853052902e-04 1.0165373843e-04 4.3365396449e+01 2.6675594511e+01 1.0000000000e+00
-1.8121552238e-04 1.0097479224e-04 4.3559349565e+01 2.6675594511e+01 1.0000000000e+00
-1.8389708029e-04 1.0028503260e-04 4.3752332686e+01 2.6520468672e+01 1.0000000000e+00
-1.8657507206e-04 9.9584436988e-05 4.3950284893e+01 2.6359827835e+01 1.0000000000e+00
-1.8924945609e-04 9.8872959913e-05 4.4149734245e+01 2.6359827835e+01 1.0000000000e+00
-1.9192009390e-04 9.8150601588e-05 4.4348470985e+01 2.6194620467e+01 1.0000000000e+00
-1.9458688168e-04 9.7417334241e-05 4.4548609784e+01 2.6022824946e+01 1.0000000000e+00
-1.9724972354e-04 9.6673133904e-05 4.4745005956e+01 2.5843993137e+01 1.0000000000e+00
-1.9990845923e-04 9.5917992977e-05 4.4945078254e+01 2.5843993137e+01 1.0000000000e+00
-2.0256303573e-04 9.5151905320e-05 4.5136943644e+01 2.5658605699e+01 1.0000000000e+00
-2.0521322382e-04 9.4374892092e-05 4.5326902411e+01 2.5468008070e+01 1.0000000000e+00
-2.0785892937e-04 9.3586933985e-05 4.5508878238e+01 2.5468008070e+01 1.0000000000e+00
-2.1049994674e-04 9.2788055335e-05 4.5678478897e+01 2.5271000646e+01 1.0000000000e+00
-2.1313603759e-04 9.1978283253e-05 4.5829499366e+01 2.5067058547e+01 1.0000000000e+00
-2.1576694110e-04 9.1157670637e-05 4.5952873482e+01 2.5067058547e+01 1.0000000000e+00
-2.1839223745e-04 9.0326244549e-05 4.6029684874e+01 2.4858465673e+01 1.0000000000e+00
-2.2101129277e-04 8.9484084293e-05 4.6027331920e+01 2.4646148672e+01 1.0000000000e+00
-2.2362286401e-04 8.8631334169e-05 4.5863320685e+01 2.4646148672e+01 1.0000000000e+00
-2.2622391478e-04 8.7767738385e-05 4.5877222824e+01 2.4411662892e+01 1.0000000000e+00
-2.2881368898e-04 8.6893699604e-05 4.6364501208e+01 2.4143109545e+01 1.0000000000e+00
-2.3139483399e-04 8.6009441789e-05 4.7579784940e+01 2.3858656546e+01 1.0000000000e+00
-2.3397236486e-04 8.5114195530e-05 4.9116310408e+01 2.3858656546e+01 1.0000000000e+00
-2.3655035409e-04 8.4206134141e-05 5.0458321374e+01 2.3568568943e+01 1.0000000000e+00
-2.3912909500e-04 8.3285531473e-05 5.1443164815e+01 2.3268687093e+01 1.0000000000e+00
-2.4170717181e-04 8.2352681661e-05 5.2218095137e+01 2.3268687093e+01 1.0000000000e+00
-2.4428348712e-04 8.1408026161e-05 5.2916272791e+01 2.2955052264e+01 1.0000000000e+00
-2.4685740308e-04 8.0451918109e-05 5.3598269418e+01 2.2624701875e+01 1.0000000000e+00
-2.4942868567e-04 7.9484602448e-05 5.4264233718e+01 2.2624701875e+01 1.0000000000e+00
-2.5199708883e-04 7.8506459144e-05 5.4948479150e+01 2.2276214472e+01 1.0000000000e+00
-2.5456262546e-04 7.7517764526e-05 5.5655428880e+01 2.1908911236e+01 1.0000000000e+00
-2.5712537665e-04 7.6518840484e-05 5.6388174129e+01 2.1908911236e+01 1.0000000000e+00
-2.5968545773e-04 7.5510103082e-05 5.7152315965e+01 2.1521453253e+01 1.0000000000e+00
-2.6224311959e-04 7.4491995346e-05 5.7957363545e+01 2.1111978811e+01 1.0000000000e+00
-2.6479870972e-04 7.3465009559e-05 5.8806755693e+01 2.1111978811e+01 1.0000000000e+00
-2.6735258749e-04 7.2429758456e-05 5.9719780540e+01 2.0678804129e+01 1.0000000000e+00
-2.6990543787e-04 7.1386883054e-05 6.0683203349e+01 2.0220114483e+01 1.0000000000e+00
-2.7245779311e-04 7.0337317143e-05 6.1705021668e+01 1.9734181988e+01 1.0000000000e+00
-2.7501053568e-04 6.9282056621e-05 6.2799615577e+01 1.9734181988e+01 1.0000000000e+00
-2.7756462892e-04 6.8222273305e-05 6.3979038397e+01 1.9220988648e+01 1.0000000000e+00
-2.8012128246e-04 6.7159428246e-05 6.5254363774e+01 1.8679234021e+01 1.0000000000e+00
-2.8268195341e-04 6.6095331204e-05 6.6641574657e+01 1.8679234021e+01 1.0000000000e+00
-2.8524854565e-04 6.5032134796e-05 6.8151377220e+01 1.8106013166e+01 1.0000000000e+00
-2.8782311561e-04 6.3972479508e-05 6.9819315878e+01 1.7502105143e+01 1.0000000000e+00
-2.9040823606e-04 6.2919869015e-05 7.1688118419e+01 1.7502105143e+01 1.0000000000e+00
-2.9300779367e-04 6.1878502739e-05 7.3721967907e+01 1.6866826333e+01 1.0000000000e+00
-2.9562515770e-04 6.0854006616e-05 7.6064405253e+01 1.6202015637e+01 1.0000000000e+00
-2.9826588272e-04 5.9853941727e-05 7.8723448836e+01 1.6202015637e+01 1.0000000000e+00
-3.0093604158e-04 5.8888916771e-05 8.1862544036e+01 1.5500799980e+01 1.0000000000e+00
-3.0364318477e-04 5.7975329007e-05 8.5433715671e+01 1.4797101880e+01 1.0000000000e+00
-3.0639758640e-04 5.7139694087e-05 8.9718699700e+01 1.4404973554e+01 1.0000000000e+00
-3.0921615320e-04 5.6433405376e-05 1.0529569387e+02 1.4404973554e+01 1.0000000000e+00
-3.1203145598e-04 5.6098252818e-05 9.6223106031e+01 1.6784522360e+01 1.0000000000e+00
-3.1644251906e-04 5.5634285539e-05 8.5615693368e+01 2.1666925287e+01 1.0000000000e+00
-3.2242355425e-04 5.3876589716e-05 1.0356308053e+02 2.4813308980e+01 1.0000000000e+00
-3.2842716777e-04 5.1308928237e-05 1.1105577838e+02 2.3720179863e+01 1.0000000000e+00
-3.3439729646e-04 4.8310708180e-05 1.1822374456e+02 2.1404620924e+01 1.0000000000e+00
-3.4037002081e-04 4.4970523604e-05 1.2706147313e+02 1.9290514349e+01 1.0000000000e+00
-3.4636737879e-04 4.1319667898e-05 1.3793232782e+02 1.7281246346e+01 1.0000000000e+00
-3.5240708595e-04 3.7367732729e-05 1.5145745945e+02 1.6303066922e+01 1.0000000000e+00
-3.5850891282e-04 3.3108494146e-05 1.6826281880e+02 1.4355174860e+01 1.0000000000e+00
-3.6468657828e-04 2.8527292260e-05 1.9014379039e+02 1.2384960020e+01 1.0000000000e+00
-3.7096620778e-04 2.3596870322e-05 2.2041375005e+02 1.0364379194e+01 1.0000000000e+00
-3.7738952336e-04 1.8283363140e-05 2.6387645401e+02 8.2828598589e+00 1.0000000000e+00
-3.8403735911e-04 1.2562843750e-05 3.2880941624e+02 6.1561821379e+00 1.0000000000e+00
-3.9117305562e-04 6.4425103813e-06 5.1634677048e+02 3.0680229808e+00 1.0000000000e+00
-2.1985107669e-06 1.2222762918e-04 2.9883851083e+01 2.9615744594e+01 1.0000000000e+00
2.2128570985e-05 1.2224669025e-04 2.6081195660e+01 2.9361385987e+01 1.0000000000e+00
-2.6452509497e-05 1.2156714680e-04 3.2939629355e+01 2.9664703414e+01 1.0000000000e+00
-1.3983620076e-05 1.4287308842e-06 2.2846912990e+02 nan 0.0000000000e+00
5.3730774152e-05 1.4328911024e-06 2.3091310868e+02 nan 0.0000000000e+00
-5.3813730107e-05 1.4287013837e-06 2.2995968046e+02 nan 0.0000000000e+00
1.7881955211e-05 1.4297160252e-06 2.2891007475e+02 nan 0.0000000000e+00
4.6368027799e-05 1.2171641248e-04 2.1347626526e+01 2.8836129201e+01 1.0000000000e+00
-8.5674790980e-05 1.4294435809e-06 2.3292098841e+02 nan 0.0000000000e+00
8.5593746331e-05 1.4396157380e-06 2.3369111063e+02 nan 0.0000000000e+00
1.1744598364e-04 1.4535263541e-06 2.3707114761e+02 nan 0.0000000000e+00
-1.1753117568e-04 1.4311193465e-06 2.3759745830e+02 nan 0.0000000000e+00
-1.4539954521e-04 1.4338552939e-06 2.4326071035e+02 nan 0.0000000000e+00
1.3323510375e-04 1.1448949328e-04 1.1510744415e+01 2.2489258842e+01 1.0000000000e+00
2.2843344210e-04 1.5434780697e-06 2.9151749856e+02 nan 0.0000000000e+00
2.5622972237e-04 1.7085941161e-06 2.3909618567e+02 nan 0.0000000000e+00
2.3842120021e-04 1.2040733230e-04 2.7601700770e+01 3.7760182897e+01 1.0000000000e+00
-2.4535162338e-04 7.8777662795e-05 5.6236377253e+01 2.2955052264e+01 1.0000000000e+00
2.7976337408e-04 2.1436185717e-06 1.5617711576e+02 nan 0.0000000000e+00
2.7087533494e-04 1.1252200521e-04 2.9070100440e+01 3.7501678954e+01 1.0000000000e+00
-3.0364866021e-04 1.7643328425e-06 3.2108596358e+02 nan 0.0000000000e+00
3.0362118067e-04 2.7052583400e-06 8.3454840343e+01 nan 0.0000000000e+00
2.9611292507e-04 1.0147009655e-04 2.9832337853e+01 3.1489768242e+01 1.0000000000e+00
-2.7849869292e-04 6.5571812386e-05 6.8239259828e+01 1.9220988648e+01 1.0000000000e+00
-3.3899049847e-05 1.4285841007e-06 2.2891858998e+02 nan 0.0000000000e+00
3.2351444272e-04 3.0848990828e-06 7.4865400793e+01 nan 0.0000000000e+00
-3.2305243468e-04 2.0406625002e-06 2.9989000195e+02 nan 0.0000000000e+00
-2.9426520530e-04 5.9055640760e-05 7.8437963579e+01 1.6202015637e+01 1.0000000000e+00
3.2095962625e-04 8.5713590040e-05 3.3233290167e+01 2.4602917672e+01 1.0000000000e+00
-3.4230318942e-04 2.6244777741e-06 2.0429658219e+02 nan 0.0000000000e+00
3.4416055161e-04 3.5434926531e-06 3.7834016833e+01 nan 0.0000000000e+00
3.4060454687e-04 7.0234255897e-05 3.8701011540e+01 1.8972719808e+01 1.0000000000e+00
1.0152215979e-04 1.4454047065e-06 2.3530898616e+02 nan 0.0000000000e+00
-1.0160371408e-04 1.4301350049e-06 2.3503398293e+02 nan 0.0000000000e+00
6.9662881821e-05 1.4356056084e-06 2.3221161890e+02 nan 0.0000000000e+00
-6.9744712009e-05 1.4289797108e-06 2.3123556011e+02 nan 0.0000000000e+00
3.3814872130e-05 1.4307519522e-06 2.2962279103e+02 nan 0.0000000000e+00
1.9490784791e-06 1.4290816776e-06 2.2851761478e+02 nan 0.0000000000e+00
-1.3088949138e-05 1.2196907830e-04 3.1364488604e+01 2.9662491644e+01 1.0000000000e+00
8.6527839838e-06 1.2234494061e-04 2.8269495693e+01 2.9517793358e+01 1.0000000000e+00
3.3059668549e-05 1.2217425402e-04 2.4003279750e+01 2.9138681883e+01 1.0000000000e+00
1.0325802784e-04 1.1724417306e-04 1.1219813487e+01 2.5809885052e+01 1.0000000000e+00
-1.3357562185e-04 1.0941892921e-04 4.2133149830e+01 2.8165237527e+01 1.0000000000e+00
1.4276815744e-04 1.1377655033e-04 1.4986727176e+01 2.1182587653e+01 1.0000000000e+00
-1.5538672107e-04 1.0512470778e-04 4.3671877695e+01 2.7497138957e+01 1.0000000000e+00
-3.5798483814e-04 3.3468875649e-06 1.4805070435e+02 nan 0.0000000000e+00
3.5998845556e-04 4.0233958278e-06 4.1482600086e+01 nan 0.0000000000e+00
3.5521559955e-04 5.5519938953e-05 4.5895202537e+01 1.2972276680e+01 1.0000000000e+00
-3.2591584214e-04 4.9845197728e-05 9.7519038111e+01 2.3720179863e+01 1.0000000000e+00
-3.4912757528e-04 3.7004971208e-05 1.3822066726e+02 1.6303066922e+01 1.0000000000e+00
3.6902518928e-04 3.8788551306e-05 5.7830364332e+01 7.9543803039e+00 1.0000000000e+00
2.6814825739e-04 1.8315234809e-06 1.9992371850e+02 nan 0.0000000000e+00
2.9161938194e-04 2.4376993613e-06 1.1764774764e+02 nan 0.0000000000e+00
2.4431843157e-04 1.6247173840e-06 2.6819239453e+02 nan 0.0000000000e+00
2.1656233427e-04 1.5286523668e-06 2.9803263056e+02 nan 0.0000000000e+00
-1.6132077177e-04 1.4362692520e-06 2.4724148572e+02 nan 0.0000000000e+00
1.3336158959e-04 1.4644925313e-06 2.3911749267e+02 nan 0.0000000000e+00
-1.3345680285e-04 1.4324916735e-06 2.4064094317e+02 nan 0.0000000000e+00
-3.7012686312e-04 3.8311363082e-06 1.1924026502e+02 nan 0.0000000000e+00
3.7162218971e-04 4.2809378426e-06 4.7712625009e+01 nan 0.0000000000e+00
1.9679176575e-04 1.1782336594e-04 2.3586245313e+01 3.6082945661e+01 1.0000000000e+00
2.5204665890e-04 1.1833314419e-04 2.9714082016e+01 4.2939008236e+01 1.0000000000e+00
2.8307352984e-04 1.0824236772e-04 2.9174754225e+01 3.4000708973e+01 1.0000000000e+00
-2.8634962710e-04 6.2254625771e-05 7.2720279506e+01 1.7502105143e+01 1.0000000000e+00
-3.6665341046e-04 2.4669016415e-05 1.9071079785e+02 1.1384199883e+01 1.0000000000e+00
-3.8162331208e-04 4.2041456093e-06 1.5729321861e+02 nan 0.0000000000e+00
3.8318334173e-04 4.5272060980e-06 6.4726604350e+01 nan 0.0000000000e+00
-3.5005361757e-04 3.0037957564e-06 1.6520250983e+02 nan 0.0000000000e+00
3.5203600882e-04 3.9245204473e-06 4.0131626741e+01 nan 0.0000000000e+00
-3.3459153374e-04 2.3244922416e-06 2.4569211901e+02 nan 0.0000000000e+00
3.3588759456e-04 3.1751515222e-06 4.9157537063e+01 nan 0.0000000000e+00
3.1576010804e-04 2.8182086070e-06 8.0303533624e+01 nan 0.0000000000e+00
-3.1528077338e-04 1.9186073279e-06 3.0606139235e+02 nan 0.0000000000e+00
2.3638482249e-04 1.5830424830e-06 2.8177260111e+02 nan 0.0000000000e+00
2.0863950111e-04 1.5284324216e-06 2.9099905274e+02 nan 0.0000000000e+00
-1.5336054014e-04 1.4349651846e-06 2.4517857890e+02 nan 0.0000000000e+00
-1.2549424506e-04 1.4317496613e-06 2.3905702974e+02 nan 0.0000000000e+00
1.0948482959e-04 1.4491388152e-06 2.3616787299e+02 nan 0.0000000000e+00
1.2540511708e-04 1.4586292864e-06 2.3804072783e+02 nan 0.0000000000e+00
9.3558365593e-05 1.4422541101e-06 2.3448415411e+02 nan 0.0000000000e+00
-1.0956764908e-04 1.4305854175e-06 2.3625773375e+02 nan 0.0000000000e+00
-9.3639414749e-05 1.4297573626e-06 2.3392273984e+02 nan 0.0000000000e+00
-7.7709879044e-05 1.4291863270e-06 2.3202605484e+02 nan 0.0000000000e+00
7.7628528412e-05 1.4374208455e-06 2.3293189283e+02 nan 0.0000000000e+00
-4.5847967737e-05 1.4286243742e-06 2.2947064070e+02 nan 0.0000000000e+00
4.5736378654e-05 1.4248593855e-06 2.3036375419e+02 nan 0.0000000000e+00
-6.1779319870e-05 1.4288191573e-06 2.3054740733e+02 nan 0.0000000000e+00
2.5848418674e-05 1.4301742669e-06 2.2922818354e+02 nan 0.0000000000e+00
9.9155025592e-06 1.4293572527e-06 2.2867215516e+02 nan 0.0000000000e+00
6.1696932640e-05 1.4341126358e-06 2.3153650995e+02 nan 0.0000000000e+00
-2.5932951559e-05 1.4286088623e-06 2.2866919366e+02 nan 0.0000000000e+00
-6.0173009155e-06 1.4288762882e-06 2.2844916582e+02 nan 0.0000000000e+00
3.2324725530e-06 1.2230381288e-04 2.9094048607e+01 2.9589113189e+01 1.0000000000e+00
-1.8546665889e-05 1.2178625508e-04 3.2058756766e+01 2.9668367226e+01 1.0000000000e+00
1.4061498493e-05 1.2235129340e-04 2.7406318604e+01 2.9472956446e+01 1.0000000000e+00
3.8133992485e-05 1.2186920343e-04 2.3127664164e+01 2.9046984176e+01 1.0000000000e+00
6.2054722534e-05 1.2090625197e-04 1.7903988939e+01 2.8287430594e+01 1.0000000000e+00
-8.1764307232e-05 1.1694757967e-04 3.8412812722e+01 2.9191653810e+01 1.0000000000e+00
8.5451362901e-05 1.1916424287e-04 1.2766511039e+01 2.7043222294e+01 1.0000000000e+00
-1.0623210493e-04 1.1382101701e-04 4.0252124634e+01 2.8785203864e+01 1.0000000000e+00
9.7979835902e-05 1.1810069287e-04 1.0879305483e+01 2.6159028803e+01 1.0000000000e+00
-1.4999792058e-04 1.0615720108e-04 4.3374411751e+01 2.7735016621e+01 1.0000000000e+00
1.3812242580e-04 1.1440275606e-04 1.2555182282e+01 2.1861824449e+01 1.0000000000e+00
-2.2174674836e-04 8.7219721317e-05 4.9024233397e+01 2.4646148672e+01 1.0000000000e+00
-2.5816771334e-04 7.3964031613e-05 5.9988736036e+01 2.1521453253e+01 1.0000000000e+00
3.2923852872e-04 7.9645304423e-05 3.5137527220e+01 2.1842103936e+01 1.0000000000e+00
-3.1486057796e-04 5.3567813559e-05 8.7231086972e+01 2.1666925287e+01 1.0000000000e+00
3.6251347103e-04 4.7569847536e-05 5.1064728298e+01 1.0936919133e+01 1.0000000000e+00
-3.3748129080e-04 4.4023634697e-05 1.1633359957e+02 2.0327629444e+01 1.0000000000e+00
3.8641548436e-04 1.3645275210e-05 9.8090151991e+01 1.3807153627e+00 1.0000000000e+00
-3.8012525788e-04 1.3538455162e-05 2.6415086259e+02 6.1561821379e+00 1.0000000000e+00
-3.8886598967e-04 4.3269912844e-06 2.6031985970e+02 3.0680229808e+00 1.0000000000e+00
3.9071630280e-04 4.4266717241e-06 1.0182731646e+02 4.3265868614e-01 1.0000000000e+00
-3.8527755634e-04 4.3181445949e-06 1.8621838169e+02 nan 0.0000000000e+00
-3.7867667029e-04 8.5912678999e-06 1.7765408726e+02 nan 0.0000000000e+00
-3.7527732019e-04 8.2620944474e-06 1.5228284576e+02 nan 0.0000000000e+00
-3.7222656048e-04 1.2600748825e-05 1.6187734519e+02 nan 0.0000000000e+00
-3.6896014103e-04 1.2081565520e-05 1.4272353988e+02 nan 0.0000000000e+00
-3.6586913110e-04 1.6324996714e-05 1.4640272810e+02 nan 0.0000000000e+00
-3.6268315452e-04 1.5630668436e-05 1.3145195657e+02 nan 0.0000000000e+00
-3.5645646204e-04 1.8920559210e-05 1.2091966507e+02 nan 0.0000000000e+00
-3.5338417623e-04 2.2954635085e-05 1.2048252409e+02 nan 0.0000000000e+00
-3.5028285983e-04 2.1972077282e-05 1.1178735466e+02 nan 0.0000000000e+00
-3.4724337447e-04 2.5901257497e-05 1.1050724146e+02 nan 0.0000000000e+00
-3.4415772367e-04 2.4805537041e-05 1.0425571185e+02 nan 0.0000000000e+00
-3.4115665313e-04 2.8627668816e-05 1.0243704540e+02 nan 0.0000000000e+00
-3.3806969576e-04 2.7439304742e-05 9.8504900798e+01 nan 0.0000000000e+00
-3.3510780962e-04 3.1148152471e-05 9.5962460370e+01 nan 0.0000000000e+00
-3.3477145510e-04 2.6317713350e-05 9.5824430902e+01 nan 0.0000000000e+00
-3.2880591623e-04 2.8676535822e-05 9.3837052237e+01 nan 0.0000000000e+00
-3.2612813108e-04 3.2121856092e-05 9.3214856467e+01 nan 0.0000000000e+00
-3.2322907090e-04 3.0791293004e-05 9.3158343454e+01 nan 0.0000000000e+00
-3.2568886769e-04 2.7462542472e-05 9.3573536119e+01 nan 0.0000000000e+00
-3.1805080853e-04 3.2675919167e-05 9.2360119520e+01 nan 0.0000000000e+00
-3.1540537306e-04 3.1312411160e-05 9.2766295879e+01 nan 0.0000000000e+00
-3.1080191310e-04 3.2964562978e-05 9.2888027618e+01 nan 0.0000000000e+00
-3.0584631863e-04 3.0402440722e-05 1.0227989328e+02 nan 0.0000000000e+00
-3.0177861733e-04 3.1944676381e-05 1.0302524219e+02 nan 0.0000000000e+00
-2.9796124745e-04 3.3402019039e-05 1.0358299711e+02 nan 0.0000000000e+00
-2.9324490612e-04 3.1276157513e-05 1.1785333019e+02 nan 0.0000000000e+00
-2.8973229244e-04 3.2727848622e-05 1.1672888408e+02 nan 0.0000000000e+00
-2.8736862579e-04 3.1798460140e-05 1.2238254439e+02 nan 0.0000000000e+00
-2.8168602724e-04 3.2384618714e-05 1.2578367405e+02 nan 0.0000000000e+00
-2.7928872544e-04 3.1594400449e-05 1.3185239624e+02 nan 0.0000000000e+00
-2.7360344265e-04 3.2372905983e-05 1.3958883564e+02 nan 0.0000000000e+00
-2.7105927346e-04 3.1738666551e-05 1.4545068927e+02 nan 0.0000000000e+00
-2.6521898969e-04 3.2723474632e-05 1.4916281941e+02 nan 0.0000000000e+00
-2.6254119548e-04 3.2211760370e-05 1.5365486233e+02 nan 0.0000000000e+00
-2.5884030514e-04 3.5888797140e-05 1.4458158665e+02 nan 0.0000000000e+00
-2.5380287852e-04 3.2931849441e-05 1.5811525771e+02 nan 0.0000000000e+00
-2.5027200695e-04 3.6585157820e-05 1.4812473873e+02 nan 0.0000000000e+00
-2.4465153086e-04 3.5818540947e-05 1.5343407418e+02 nan 0.0000000000e+00
-2.4177226801e-04 3.5481021848e-05 1.5573792957e+02 nan 0.0000000000e+00
-2.3867804053e-04 3.7131262385e-05 1.5163722703e+02 nan 0.0000000000e+00
-2.3281098455e-04 3.6541821473e-05 1.5526649181e+02 nan 0.0000000000e+00
-2.2981952895e-04 3.6281702634e-05 1.5679317941e+02 nan 0.0000000000e+00
-2.2679194124e-04 3.6042240755e-05 1.5813937728e+02 nan 0.0000000000e+00
-2.1765205765e-04 3.7281318874e-05 1.5570115844e+02 nan 0.0000000000e+00
-2.1454353958e-04 3.7092998498e-05 1.5653070435e+02 nan 0.0000000000e+00
-2.1140686826e-04 3.6918981582e-05 1.5723475590e+02 nan 0.0000000000e+00
-2.0870797250e-04 4.0435697550e-05 1.4756696562e+02 nan 0.0000000000e+00
-2.0560443639e-04 4.0258433342e-05 1.4823337211e+02 nan 0.0000000000e+00
-2.0247562493e-04 4.0093793910e-05 1.4880255537e+02 nan 0.0000000000e+00
-1.9932286428e-04 3.9940800371e-05 1.4928193124e+02 nan 0.0000000000e+00
-1.9334711951e-04 4.1469784901e-05 1.4536573083e+02 nan 0.0000000000e+00
-1.9016858909e-04 4.1334666567e-05 1.4569866616e+02 nan 0.0000000000e+00
-1.8696816723e-04 4.1211617104e-05 1.4595930493e+02 nan 0.0000000000e+00
-1.8051502836e-04 4.0985633051e-05 1.4631944228e+02 nan 0.0000000000e+00
-1.7726296614e-04 4.0883447837e-05 1.4642409586e+02 nan 0.0000000000e+00
-1.7399501358e-04 4.0787926453e-05 1.4648427700e+02 nan 0.0000000000e+00
-1.7071203992e-04 4.0698588550e-05 1.4650431812e+02 nan 0.0000000000e+00
-1.6741486795e-04 4.0614982113e-05 1.4648821160e+02 nan 0.0000000000e+00
-1.5891874678e-04 4.3864002352e-05 1.3851145381e+02 nan 0.0000000000e+00
-1.4653034747e-04 4.5313572104e-05 1.3461726914e+02 nan 0.0000000000e+00
-1.4323024700e-04 4.5247348325e-05 1.3454860574e+02 nan 0.0000000000e+00
-1.3660109166e-04 4.5126448682e-05 1.3435863471e+02 nan 0.0000000000e+00
-1.3327303296e-04 4.5071221182e-05 1.3424119696e+02 nan 0.0000000000e+00
-1.2993627038e-04 4.5019361849e-05 1.3411065823e+02 nan 0.0000000000e+00
-1.2659177827e-04 4.4970689193e-05 1.3396856673e+02 nan 0.0000000000e+00
-1.2323980488e-04 4.4925776740e-05 1.3381479940e+02 nan 0.0000000000e+00
-1.1651298639e-04 4.4842105711e-05 1.3348638013e+02 nan 0.0000000000e+00
-1.1314025379e-04 4.4804055854e-05 1.3331210739e+02 nan 0.0000000000e+00
-1.0976149292e-04 4.4768313127e-05 1.3313260628e+02 nan 0.0000000000e+00
-1.0637700997e-04 4.4734787301e-05 1.3294876956e+02 nan 0.0000000000e+00
-1.0298713762e-04 4.4703342367e-05 1.3276152300e+02 nan 0.0000000000e+00
-9.7371970482e-05 4.6329479043e-05 1.2917675801e+02 nan 0.0000000000e+00
-9.3989586275e-05 4.6297965353e-05 1.2900560695e+02 nan 0.0000000000e+00
-7.8335467273e-05 4.7866058526e-05 1.2500420477e+02 nan 0.0000000000e+00
-7.3629044390e-05 4.6167691703e-05 1.2792015058e+02 nan 0.0000000000e+00
-7.0222350899e-05 4.6150899449e-05 1.2774245534e+02 nan 0.0000000000e+00
-4.9733749195e-05 4.6077647754e-05 1.2672963669e+02 nan 0.0000000000e+00
-4.6314518584e-05 4.6070512548e-05 1.2657119147e+02 nan 0.0000000000e+00
-4.5898797062e-05 4.9403690138e-05 1.2034763003e+02 nan 0.0000000000e+00
-4.2514866893e-05 4.9396585605e-05 1.2019556031e+02 nan 0.0000000000e+00
-3.9130161123e-05 4.9390394653e-05 1.2004682842e+02 nan 0.0000000000e+00
-3.4191410125e-05 4.7713479388e-05 1.2292120379e+02 nan 0.0000000000e+00
-2.8975411004e-05 4.9379205891e-05 1.1961873564e+02 nan 0.0000000000e+00
-2.5589001329e-05 4.9378221949e-05 1.1948184401e+02 nan 0.0000000000e+00
-2.2202981971e-05 4.9378722802e-05 1.1934781259e+02 nan 0.0000000000e+00
-1.8816167784e-05 4.9380261947e-05 1.1921745612e+02 nan 0.0000000000e+00
-1.5429899976e-05 4.9383225215e-05 1.1909012017e+02 nan 0.0000000000e+00
-8.6591270507e-06 4.9393277207e-05 1.1884466039e+02 nan 0.0000000000e+00
-5.2747736974e-06 4.9400380838e-05 1.1872637207e+02 nan 0.0000000000e+00
-1.8919613228e-06 4.9409078137e-05 1.1861052235e+02 nan 0.0000000000e+00
1.4903836411e-06 4.9419010826e-05 1.1849758462e+02 nan 0.0000000000e+00
4.8710068800e-06 4.9430571397e-05 1.1838664797e+02 nan 0.0000000000e+00
1.0061227389e-05 4.7777209655e-05 1.2139327903e+02 nan 0.0000000000e+00
1.5001846734e-05 4.9475189250e-05 1.1806262330e+02 nan 0.0000000000e+00
1.8374071445e-05 4.9493673018e-05 1.1795573963e+02 nan 0.0000000000e+00
2.1744451724e-05 4.9513950684e-05 1.1784863666e+02 nan 0.0000000000e+00
2.5111798213e-05 4.9536311156e-05 1.1774019411e+02 nan 0.0000000000e+00
3.0402971775e-05 4.7893234874e-05 1.2081240291e+02 nan 0.0000000000e+00
3.5194400038e-05 4.9616826596e-05 1.1739779474e+02 nan 0.0000000000e+00
3.8547644508e-05 4.9648714920e-05 1.1727396327e+02 nan 0.0000000000e+00
4.1897382508e-05 4.9683162314e-05 1.1714346371e+02 nan 0.0000000000e+00
4.5242501377e-05 4.9720607833e-05 1.1700422248e+02 nan 0.0000000000e+00
5.0624341160e-05 4.8091216932e-05 1.2009298410e+02 nan 0.0000000000e+00
5.3978581594e-05 4.8134981101e-05 1.1993629209e+02 nan 0.0000000000e+00
5.8571958229e-05 4.9904242320e-05 1.1632220597e+02 nan 0.0000000000e+00
6.1890263207e-05 4.9959723499e-05 1.1610925439e+02 nan 0.0000000000e+00
6.5201882762e-05 5.0019784718e-05 1.1587358463e+02 nan 0.0000000000e+00
7.0660680166e-05 4.8412397922e-05 1.1885734147e+02 nan 0.0000000000e+00
7.3976418377e-05 4.8482305902e-05 1.1855915895e+02 nan 0.0000000000e+00
7.7284249387e-05 4.8557651564e-05 1.1822514308e+02 nan 0.0000000000e+00
8.1647062807e-05 5.0399657905e-05 1.1423681454e+02 nan 0.0000000000e+00
8.7154990283e-05 4.8821707218e-05 1.1695998016e+02 nan 0.0000000000e+00
9.0425833044e-05 4.8923906605e-05 1.1643357942e+02 nan 0.0000000000e+00
9.3685883083e-05 4.9034553179e-05 1.1584434217e+02 nan 0.0000000000e+00
9.6934587960e-05 4.9153777412e-05 1.1518683494e+02 nan 0.0000000000e+00
1.0339503718e-04 4.9421011936e-05 1.1363841091e+02 nan 0.0000000000e+00
1.0660524874e-04 4.9570538278e-05 1.1273225269e+02 nan 0.0000000000e+00
1.0980115811e-04 4.9731527651e-05 1.1172757545e+02 nan 0.0000000000e+00
1.1298170302e-04 4.9905300400e-05 1.1061460571e+02 nan 0.0000000000e+00
-6.6159894406e-05 4.9477776017e-05 1.2129563890e+02 nan 0.0000000000e+00
-8.6316309712e-05 4.9605505390e-05 1.2226252323e+02 nan 0.0000000000e+00
1.2618412026e-04 5.2653055237e-05 1.0087893550e+02 nan 0.0000000000e+00
1.2924252070e-04 5.2920109756e-05 9.9050428874e+01 nan 0.0000000000e+00
1.3529373869e-04 5.3515322058e-05 9.4863232146e+01 nan 0.0000000000e+00
1.3828418345e-04 5.3846330964e-05 9.2477620084e+01 nan 0.0000000000e+00
1.1139183110e-04 5.3433297620e-05 1.0403632887e+02 nan 0.0000000000e+00
1.4124948531e-04 5.4201703207e-05 8.9878534982e+01 nan 0.0000000000e+00
1.4666724708e-04 5.2950046855e-05 8.8101851321e+01 nan 0.0000000000e+00
1.4957867294e-04 5.3364400754e-05 8.4786257989e+01 nan 0.0000000000e+00
1.5530669591e-04 5.4285512955e-05 7.7341595998e+01 nan 0.0000000000e+00
1.5843742219e-04 5.6944382637e-05 6.8882376058e+01 nan 0.0000000000e+00
1.5779408936e-04 5.2668575166e-05 7.7632563993e+01 nan 0.0000000000e+00
1.3721409428e-04 4.9909268796e-05 1.0078993074e+02 nan 0.0000000000e+00
1.6119895372e-04 5.7519915267e-05 6.5961739883e+01 nan 0.0000000000e+00
1.6674778885e-04 5.8771831217e-05 6.1011924910e+01 nan 0.0000000000e+00
1.6931079835e-04 5.7177555324e-05 6.2114012299e+01 nan 0.0000000000e+00
1.7459358284e-04 5.3953761069e-05 6.4397535713e+01 nan 0.0000000000e+00
1.7749738817e-04 5.4638418336e-05 6.1709582670e+01 nan 0.0000000000e+00
1.7766863027e-04 5.6978194379e-05 5.8017637320e+01 nan 0.0000000000e+00
1.8322876736e-04 5.3727457923e-05 6.0085144733e+01 nan 0.0000000000e+00
1.8621765108e-04 5.4488189659e-05 5.7362479526e+01 nan 0.0000000000e+00
1.8632549600e-04 5.6926416392e-05 5.3723953204e+01 nan 0.0000000000e+00
1.8931424445e-04 5.7773086622e-05 5.1077641873e+01 nan 0.0000000000e+00
1.9534340026e-04 5.7023391768e-05 4.9241041634e+01 nan 0.0000000000e+00
-1.5074216670e-04 4.0269943455e-05 1.4598578984e+02 nan 0.0000000000e+00
1.9844807191e-04 5.7959277075e-05 4.6565980454e+01 nan 0.0000000000e+00
2.0157424633e-04 5.3664808152e-05 5.0942145974e+01 nan 0.0000000000e+00
2.0480104033e-04 5.4586999473e-05 4.8137438149e+01 nan 0.0000000000e+00
2.0479461297e-04 5.7265513360e-05 4.4621124432e+01 nan 0.0000000000e+00
2.1142033102e-04 5.3815356255e-05 4.6146369724e+01 nan 0.0000000000e+00
2.1138911095e-04 5.6574291861e-05 4.2618812962e+01 nan 0.0000000000e+00
2.1480809490e-04 5.4820529435e-05 4.3350242701e+01 nan 0.0000000000e+00
2.1475913508e-04 5.7643317107e-05 3.9985591830e+01 nan 0.0000000000e+00
2.1830033754e-04 5.3032054379e-05 4.4121056376e+01 nan 0.0000000000e+00
2.2182085450e-04 5.4068736639e-05 4.1432809358e+01 nan 0.0000000000e+00
2.2175958837e-04 5.6982205653e-05 3.8071779637e+01 nan 0.0000000000e+00
2.2529788759e-04 5.8139189435e-05 3.4683740684e+01 nan 0.0000000000e+00
2.2877375179e-04 5.9344186434e-05 3.1647075533e+01 nan 0.0000000000e+00
2.3237657746e-04 5.7470948020e-05 3.2041714846e+01 nan 0.0000000000e+00
1.6699034549e-04 6.1030888334e-05 5.7530984336e+01 nan 0.0000000000e+00
-1.6285211801e-04 4.5710156641e-05 1.3461680971e+02 nan 0.0000000000e+00
-1.7905829819e-06 4.6076014842e-05 1.2492440888e+02 nan 0.0000000000e+00
2.2859867598e-04 6.2437048054e-05 2.9143918585e+01 nan 0.0000000000e+00
2.3939817288e-04 5.6730243463e-05 3.0194035722e+01 nan 0.0000000000e+00
2.3961938586e-04 5.3571817168e-05 3.3458221951e+01 nan 0.0000000000e+00
2.4307914462e-04 5.4735214090e-05 3.0203335099e+01 nan 0.0000000000e+00
2.4680789865e-04 5.2694884862e-05 3.0245195491e+01 nan 0.0000000000e+00
2.5039801160e-04 5.3898852228e-05 2.7654888048e+01 nan 0.0000000000e+00
2.5021233096e-04 5.7239983247e-05 2.5335182257e+01 nan 0.0000000000e+00
2.5405774223e-04 5.5156565711e-05 2.5481446362e+01 nan 0.0000000000e+00
2.4700664277e-04 4.9491543536e-05 3.4794380642e+01 nan 0.0000000000e+00
2.5387873200e-04 5.8569256649e-05 2.3571444866e+01 nan 0.0000000000e+00
2.5778494704e-04 5.6461627623e-05 2.3735840486e+01 nan 0.0000000000e+00
2.6157744098e-04 5.7809266835e-05 2.2286255272e+01 nan 0.0000000000e+00
2.6173003787e-04 5.4307008510e-05 2.3942632960e+01 nan 0.0000000000e+00
2.6571156387e-04 5.2106412996e-05 2.4120071385e+01 nan 0.0000000000e+00
2.6962545915e-04 5.3396413938e-05 2.2787532285e+01 nan 0.0000000000e+00
2.6949509834e-04 5.6982315411e-05 2.1529871949e+01 nan 0.0000000000e+00
2.7356612736e-04 5.4710853835e-05 2.2190689793e+01 nan 0.0000000000e+00
2.7764418297e-04 5.2387033671e-05 2.3128095880e+01 nan 0.0000000000e+00
2.8153742580e-04 5.3645204958e-05 2.3287292215e+01 nan 0.0000000000e+00
2.7777844882e-04 4.8792872082e-05 2.3717368564e+01 nan 0.0000000000e+00
2.8128178605e-04 5.7318722845e-05 2.2781399227e+01 nan 0.0000000000e+00
2.8537795760e-04 5.4894074252e-05 2.3779305481e+01 nan 0.0000000000e+00
2.8505964095e-04 5.8608446213e-05 2.3424190324e+01 nan 0.0000000000e+00
2.8916723234e-04 5.6132221197e-05 2.4483377286e+01 nan 0.0000000000e+00
-1.7834136328e-04 4.4449850528e-05 1.3795884865e+02 nan 0.0000000000e+00
2.9290632856e-04 5.7359229792e-05 2.5372623211e+01 nan 0.0000000000e+00
2.8467731633e-04 6.2362018796e-05 2.3205526685e+01 nan 0.0000000000e+00
2.9328563043e-04 5.3603011057e-05 2.5568515226e+01 nan 0.0000000000e+00
2.9703695469e-04 5.4777756616e-05 2.6497296780e+01 nan 0.0000000000e+00
2.9741487476e-04 5.1020434729e-05 2.6682605188e+01 nan 0.0000000000e+00
3.0117839325e-04 5.2142325933e-05 2.7655033152e+01 nan 0.0000000000e+00
3.0155490391e-04 4.8383895496e-05 2.7829575947e+01 nan 0.0000000000e+00
3.0533070472e-04 4.9451828479e-05 2.8850206667e+01 nan 0.0000000000e+00
3.0570549121e-04 4.5692273087e-05 2.9012481803e+01 nan 0.0000000000e+00
3.0949353394e-04 4.6704919300e-05 3.0087176264e+01 nan 0.0000000000e+00
2.5368156510e-04 6.2030056017e-05 2.1780999606e+01 nan 0.0000000000e+00
2.8834165513e-04 6.3681363925e-05 2.4197148115e+01 nan 0.0000000000e+00
2.8422970804e-04 6.6154088480e-05 2.3134010864e+01 nan 0.0000000000e+00
3.0489221036e-04 5.3253931313e-05 2.8744303326e+01 nan 0.0000000000e+00
3.1366640734e-04 4.3899770038e-05 3.1370156852e+01 nan 0.0000000000e+00
3.0601543401e-04 4.1975354972e-05 2.9224215157e+01 nan 0.0000000000e+00
-1.2188892117e-04 4.8310419824e-05 1.2696774824e+02 nan 0.0000000000e+00
-2.0184334577e-04 3.6471510638e-05 1.5869009515e+02 nan 0.0000000000e+00
1.9539325696e-04 6.2213875289e-05 4.2696578882e+01 nan 0.0000000000e+00
1.9240955795e-04 6.6414370926e-05 3.9434736691e+01 nan 0.0000000000e+00
1.9532629009e-04 7.0183451275e-05 3.5081156418e+01 nan 0.0000000000e+00
1.9515704500e-04 7.5580581044e-05 3.0861454672e+01 nan 0.0000000000e+00
1.9502660763e-04 7.8298484408e-05 2.8790756403e+01 nan 0.0000000000e+00
1.8935401589e-04 7.8387667871e-05 3.0386755803e+01 nan 0.0000000000e+00
1.8657062871e-04 7.9752018163e-05 3.0140131332e+01 nan 0.0000000000e+00
1.8123305688e-04 8.2417930853e-05 2.9624072572e+01 nan 0.0000000000e+00
1.7867581709e-04 8.3726418002e-05 2.9364554355e+01 nan 0.0000000000e+00
1.9786548855e-04 7.9669822897e-05 2.6951202863e+01 nan 0.0000000000e+00
1.9765340025e-04 8.2458828436e-05 2.4909125165e+01 nan 0.0000000000e+00
2.0047667499e-04 8.3971575817e-05 2.3082972285e+01 nan 0.0000000000e+00
2.0660108221e-04 8.4256767746e-05 2.1449355635e+01 nan 0.0000000000e+00
1.7371821373e-04 8.3921355715e-05 3.1058442102e+01 nan 0.0000000000e+00
1.6888943825e-04 8.4222078258e-05 3.3617770784e+01 nan 0.0000000000e+00
1.6641139839e-04 8.3267925332e-05 3.6159733258e+01 nan 0.0000000000e+00
1.6156685589e-04 8.3816756769e-05 3.9683495891e+01 nan 0.0000000000e+00
1.5904852174e-04 8.3002994529e-05 4.1951384900e+01 nan 0.0000000000e+00
1.5418748971e-04 8.3771655602e-05 4.4039599344e+01 nan 0.0000000000e+00
1.4677131244e-04 8.4021530987e-05 4.6783739090e+01 nan 0.0000000000e+00
1.4157968660e-04 8.2845215199e-05 4.9754770789e+01 nan 0.0000000000e+00
1.3856671116e-04 8.0114118778e-05 5.4010595118e+01 nan 0.0000000000e+00
1.3320477854e-04 7.9143930636e-05 5.6791156064e+01 nan 0.0000000000e+00
1.2554670651e-04 8.0002457327e-05 5.7418762800e+01 nan 0.0000000000e+00
1.2281096852e-04 7.9613611296e-05 5.8540405912e+01 nan 0.0000000000e+00
1.1728884612e-04 7.8896675557e-05 6.0652103876e+01 nan 0.0000000000e+00
1.1450253466e-04 7.8568445363e-05 6.1637349903e+01 nan 0.0000000000e+00
1.0955662168e-04 8.0027316019e-05 6.0300701594e+01 nan 0.0000000000e+00
1.0675006382e-04 7.9739611124e-05 6.1149288430e+01 nan 0.0000000000e+00
1.0109328261e-04 7.9211471375e-05 6.2716517488e+01 nan 0.0000000000e+00
9.8244038833e-05 7.8969280873e-05 6.3438652529e+01 nan 0.0000000000e+00
9.3323104300e-05 8.0538579602e-05 6.1679426348e+01 nan 0.0000000000e+00
9.0460352022e-05 8.0325452199e-05 6.2307221206e+01 nan 0.0000000000e+00
8.1800709971e-05 7.9755003865e-05 6.4021273892e+01 nan 0.0000000000e+00
7.8891784108e-05 7.9585747176e-05 6.4543926325e+01 nan 0.0000000000e+00
7.3042669041e-05 7.9275418831e-05 6.5527940249e+01 nan 0.0000000000e+00
7.0103273515e-05 7.9133328895e-05 6.5992694429e+01 nan 0.0000000000e+00
6.7154467304e-05 7.8999339057e-05 6.6441239559e+01 nan 0.0000000000e+00
6.1230072275e-05 7.8754064751e-05 6.7294552405e+01 nan 0.0000000000e+00
5.8255226865e-05 7.8641977927e-05 6.7701514260e+01 nan 0.0000000000e+00
5.3418235685e-05 8.0357044188e-05 6.5643781321e+01 nan 0.0000000000e+00
5.0442629487e-05 8.0257889815e-05 6.6035965022e+01 nan 0.0000000000e+00
4.1474170519e-05 7.9994718618e-05 6.7155302785e+01 nan 0.0000000000e+00
3.8471864833e-05 7.9917581298e-05 6.7510845242e+01 nan 0.0000000000e+00
2.9430896525e-05 7.9714784929e-05 6.8529696140e+01 nan 0.0000000000e+00
2.6406899855e-05 7.9656116083e-05 6.8854218191e+01 nan 0.0000000000e+00
2.3378241311e-05 7.9601536395e-05 6.9171657547e+01 nan 0.0000000000e+00
1.7308048929e-05 7.9504498102e-05 6.9785282351e+01 nan 0.0000000000e+00
1.4267110938e-05 7.9461567986e-05 7.0081965961e+01 nan 0.0000000000e+00
1.1222635024e-05 7.9422425969e-05 7.0371708754e+01 nan 0.0000000000e+00
5.1242332566e-06 7.9354475437e-05 7.0931365507e+01 nan 0.0000000000e+00
2.0708424689e-06 7.9325702894e-05 7.1201022157e+01 nan 0.0000000000e+00
-9.8497237867e-07 7.9300168575e-05 7.1464049395e+01 nan 0.0000000000e+00
-7.1028094815e-06 7.9258633638e-05 7.1969944383e+01 nan 0.0000000000e+00
-1.0164300780e-05 7.9242614392e-05 7.2212568938e+01 nan 0.0000000000e+00
-1.3227155355e-05 7.9229496409e-05 7.2448461089e+01 nan 0.0000000000e+00
-1.9355894800e-05 7.9212788508e-05 7.2898368758e+01 nan 0.0000000000e+00
-2.2421270951e-05 7.9208708255e-05 7.3112691469e+01 nan 0.0000000000e+00
-2.5486944975e-05 7.9207900295e-05 7.3319151973e+01 nan 0.0000000000e+00
-2.8552676398e-05 7.9209986476e-05 7.3518058511e+01 nan 0.0000000000e+00
-3.4683257597e-05 7.9223005190e-05 7.3892226621e+01 nan 0.0000000000e+00
-3.7747571425e-05 7.9234078221e-05 7.4066911008e+01 nan 0.0000000000e+00
-4.0810911913e-05 7.9247942352e-05 7.4233365027e+01 nan 0.0000000000e+00
-4.6933458060e-05 7.9285475134e-05 7.4538867006e+01 nan 0.0000000000e+00
-4.9992202716e-05 7.9308605176e-05 7.4678130485e+01 nan 0.0000000000e+00
-5.3048815704e-05 7.9335305535e-05 7.4807228470e+01 nan 0.0000000000e+00
-5.9154751182e-05 7.9398173560e-05 7.5035470988e+01 nan 0.0000000000e+00
-6.2203431200e-05 7.9434578158e-05 7.5133758457e+01 nan 0.0000000000e+00
-6.5248959783e-05 7.9474423187e-05 7.5220946995e+01 nan 0.0000000000e+00
-7.1329455981e-05 7.9564572575e-05 7.5360627447e+01 nan 0.0000000000e+00
-7.4363756890e-05 7.9615428411e-05 7.5411767895e+01 nan 0.0000000000e+00
-7.7393634009e-05 7.9669964522e-05 7.5450218676e+01 nan 0.0000000000e+00
-8.6453643982e-05 7.9857556422e-05 7.5483382045e+01 nan 0.0000000000e+00
-8.9462868229e-05 7.9928479857e-05 7.5465277326e+01 nan 0.0000000000e+00
-9.8453488532e-05 8.0168359773e-05 7.5315325599e+01 nan 0.0000000000e+00
-1.0143684741e-04 8.0257997878e-05 7.5231196616e+01 nan 0.0000000000e+00
6.6275925020e-05 8.2779970377e-05 6.1074404239e+01 nan 0.0000000000e+00
7.7864447715e-05 8.3394203289e-05 5.9101924424e+01 nan 0.0000000000e+00
-7.6603374935e-05 8.3385655929e-05 7.0841328639e+01 nan 0.0000000000e+00
-1.1415672531e-04 8.2613328437e-05 7.2211313522e+01 nan 0.0000000000e+00
-1.1833793539e-04 7.8966076616e-05 7.6890859562e+01 nan 0.0000000000e+00
-1.2128404916e-04 7.9088966427e-05 7.6683605643e+01 nan 0.0000000000e+00
-1.2714628370e-04 7.9354347763e-05 7.6198301752e+01 nan 0.0000000000e+00
-1.3006160571e-04 7.9497416758e-05 7.5918323657e+01 nan 0.0000000000e+00
-1.3296609843e-04 7.9647697051e-05 7.5612276303e+01 nan 0.0000000000e+00
-1.0646010965e-04 7.8535250000e-05 7.7503073849e+01 nan 0.0000000000e+00
-8.8536225058e-05 8.3660365919e-05 7.0818452210e+01 nan 0.0000000000e+00
-1.3873916796e-04 7.9971647879e-05 7.4917301119e+01 nan 0.0000000000e+00
1.2118341561e-04 8.3485322437e-05 5.3321841759e+01 nan 0.0000000000e+00
-1.4668748918e-04 7.8510636948e-05 7.6489141910e+01 nan 0.0000000000e+00
-1.4542326328e-04 7.4539377327e-05 8.2292320101e+01 nan 0.0000000000e+00
-1.4953902395e-04 7.8702214410e-05 7.6028518523e+01 nan 0.0000000000e+00
-1.5519885939e-04 7.9114387194e-05 7.5005425589e+01 nan 0.0000000000e+00
-1.5693687648e-04 7.5283777702e-05 8.0456270825e+01 nan 0.0000000000e+00
-1.6260206649e-04 7.5715366286e-05 7.9321284317e+01 nan 0.0000000000e+00
-1.6159790025e-04 7.1688199430e-05 8.5642558159e+01 nan 0.0000000000e+00
-1.6540990546e-04 7.5947659610e-05 7.8694859655e+01 nan 0.0000000000e+00
-1.7055248755e-04 7.4389958739e-05 8.0540348620e+01 nan 0.0000000000e+00
-1.7333258357e-04 7.4646361363e-05 7.9815193280e+01 nan 0.0000000000e+00
-1.7533526827e-04 7.0803793898e-05 8.5774644260e+01 nan 0.0000000000e+00
-1.7813037473e-04 7.1060361600e-05 8.5018766430e+01 nan 0.0000000000e+00
-1.8090542350e-04 7.1330403599e-05 8.4213926200e+01 nan 0.0000000000e+00
-1.8611266200e-04 6.9830893522e-05 8.6032347307e+01 nan 0.0000000000e+00
-1.8885128285e-04 7.0130693121e-05 8.5103859834e+01 nan 0.0000000000e+00
-1.9385336900e-04 6.6582015618e-05 9.0633830640e+01 nan 0.0000000000e+00
-1.9657965033e-04 6.6899873338e-05 8.9601593271e+01 nan 0.0000000000e+00
-2.0183511390e-04 6.5472238973e-05 9.1335315679e+01 nan 0.0000000000e+00
-2.0716618586e-04 6.6203031962e-05 8.8900215299e+01 nan 0.0000000000e+00
-2.0978991204e-04 6.6598962483e-05 8.7585079371e+01 nan 0.0000000000e+00
-2.1500474072e-04 6.3107809971e-05 9.3229121658e+01 nan 0.0000000000e+00
-2.1765803141e-04 6.1372655467e-05 9.6138417391e+01 nan 0.0000000000e+00
-2.2282000760e-04 6.2257302530e-05 9.2997697444e+01 nan 0.0000000000e+00
2.0624135165e-04 8.7262976736e-05 1.9401118029e+01 nan 0.0000000000e+00
2.0297486327e-04 8.8515576721e-05 1.9289220256e+01 nan 0.0000000000e+00
-2.2535104152e-04 6.2738321614e-05 9.1305783798e+01 nan 0.0000000000e+00
5.2719316643e-05 8.4128869254e-05 6.0473711069e+01 nan 0.0000000000e+00
8.6446548760e-05 8.3954711072e-05 5.7435522931e+01 nan 0.0000000000e+00
1.2922716256e-04 8.4734006721e-05 5.0093188940e+01 nan 0.0000000000e+00
-2.1785325710e-04 4.1053971639e-05 1.4490967079e+02 nan 0.0000000000e+00
4.5923457846e-05 4.6354185030e-05 1.2363991248e+02 nan 0.0000000000e+00
2.2130943993e-05 4.6169001125e-05 1.2430413635e+02 nan 0.0000000000e+00
-6.1995925296e-05 4.4459740516e-05 1.3049412080e+02 nan 0.0000000000e+00
4.6279494063e-05 7.8256331306e-05 6.9217745864e+01 nan 0.0000000000e+00
-8.2556741627e-05 4.4554699509e-05 1.3160633212e+02 nan 0.0000000000e+00
-1.6907361347e-04 8.0335925961e-05 7.1797490950e+01 nan 0.0000000000e+00
2.8783224448e-04 6.7513272288e-05 2.4250996242e+01 nan 0.0000000000e+00
2.8371578832e-04 6.9983372579e-05 2.3216464815e+01 nan 0.0000000000e+00
-2.3052750266e-04 6.1542867946e-05 9.2214292441e+01 nan 0.0000000000e+00
1.6904791740e-04 8.8910364703e-05 3.1066778567e+01 nan 0.0000000000e+00
2.0919687554e-04 8.9053745483e-05 1.7805212472e+01 nan 0.0000000000e+00
2.1266953283e-04 8.7762911201e-05 1.7288076051e+01 nan 0.0000000000e+00
3.1017268787e-04 3.9226993032e-05 3.0414443312e+01 nan 0.0000000000e+00
-2.3349307085e-04 5.7631158968e-05 9.9666652147e+01 nan 0.0000000000e+00
-2.3842760355e-04 5.8726693942e-05 9.5557493573e+01 nan 0.0000000000e+00
1.8125203382e-04 7.9916893977e-05 3.1679117004e+01 nan 0.0000000000e+00
1.5108593496e-04 7.8594401330e-05 5.0546269425e+01 nan 0.0000000000e+00
-2.4119544011e-04 5.7061706784e-05 9.8211621961e+01 nan 0.0000000000e+00
2.8725824387e-04 7.1381191626e-05 2.4436601569e+01 nan 0.0000000000e+00
2.8313503879e-04 7.3847868167e-05 2.3450494550e+01 nan 0.0000000000e+00
3.1041247975e-04 3.5553117242e-05 3.0620049302e+01 nan 0.0000000000e+00
3.0643981043e-04 3.4667307072e-05 2.9756717614e+01 nan 0.0000000000e+00
-2.4595471259e-04 5.8313812927e-05 9.3631052789e+01 nan 0.0000000000e+00
1.6975510416e-04 6.1743570689e-05 5.5128615354e+01 nan 0.0000000000e+00
2.1512020263e-04 9.2920481408e-05 1.0561303042e+01 nan 0.0000000000e+00
2.1858706123e-04 9.1582620867e-05 1.0743810028e+01 nan 0.0000000000e+00
2.1914440946e-04 8.8244954990e-05 1.2799445321e+01 nan 0.0000000000e+00
-2.4921114082e-04 5.4399751646e-05 1.0101806437e+02 nan 0.0000000000e+00
-2.5104438868e-04 5.7380163233e-05 9.3623458871e+01 nan 0.0000000000e+00
2.4350869428e-04 4.8446071560e-05 3.8726534807e+01 nan 0.0000000000e+00
2.4722619869e-04 4.6369652956e-05 4.0043491519e+01 nan 0.0000000000e+00
2.4371203691e-04 4.5407292971e-05 4.2957458640e+01 nan 0.0000000000e+00
2.4762685488e-04 4.0369838614e-05 4.8282470349e+01 nan 0.0000000000e+00
2.4410722153e-04 3.6677644545e-05 5.4485966227e+01 nan 0.0000000000e+00
2.4796367028e-04 3.1830212510e-05 6.0266482469e+01 nan 0.0000000000e+00
2.5167726911e-04 3.2535515055e-05 5.7819385263e+01 nan 0.0000000000e+00
2.4046922274e-04 3.3171427197e-05 6.1761136228e+01 nan 0.0000000000e+00
2.3673984193e-04 3.2486170259e-05 6.5257030040e+01 nan 0.0000000000e+00
2.3299596490e-04 3.1830800725e-05 6.9166064588e+01 nan 0.0000000000e+00
2.2923756557e-04 3.1208281379e-05 7.3375271528e+01 nan 0.0000000000e+00
2.2921990100e-04 2.8674709833e-05 7.9021730019e+01 nan 0.0000000000e+00
2.2549436277e-04 2.8129552734e-05 8.3118619697e+01 nan 0.0000000000e+00
2.2181890628e-04 2.7609634646e-05 8.7505589095e+01 nan 0.0000000000e+00
2.1818794270e-04 2.7116657947e-05 9.2127716826e+01 nan 0.0000000000e+00
2.1465201808e-04 2.8990756023e-05 8.9764144117e+01 nan 0.0000000000e+00
2.1111676253e-04 2.8505529293e-05 9.4430728128e+01 nan 0.0000000000e+00
2.0761828349e-04 2.8048779174e-05 9.9415373206e+01 nan 0.0000000000e+00
2.0072719668e-04 2.7221526461e-05 1.1031276893e+02 nan 0.0000000000e+00
1.9732994059e-04 2.6850944229e-05 1.1607710530e+02 nan 0.0000000000e+00
1.9380411624e-04 2.4446205786e-05 1.3246187697e+02 nan 0.0000000000e+00
1.9043843801e-04 2.4170561567e-05 1.3811250366e+02 nan 0.0000000000e+00
1.8709575079e-04 2.3916581905e-05 1.4330851673e+02 nan 0.0000000000e+00
1.8047313606e-04 2.3465515537e-05 1.5196083299e+02 nan 0.0000000000e+00
1.7719092077e-04 2.3264430355e-05 1.5602111883e+02 nan 0.0000000000e+00
1.7392532604e-04 2.3077956133e-05 1.5848946447e+02 nan 0.0000000000e+00
1.7062960661e-04 2.2902394214e-05 1.6015501605e+02 nan 0.0000000000e+00
1.6729567327e-04 2.2737245789e-05 1.6224477806e+02 nan 0.0000000000e+00
1.6107888664e-04 2.4204815586e-05 1.5918820661e+02 nan 0.0000000000e+00
1.5769864593e-04 2.4049147338e-05 1.6126003248e+02 nan 0.0000000000e+00
1.5428866926e-04 2.3903358626e-05 1.6323871435e+02 nan 0.0000000000e+00
1.5085046221e-04 2.3767131466e-05 1.6510549817e+02 nan 0.0000000000e+00
1.4738843857e-04 2.3639772671e-05 1.6684890760e+02 nan 0.0000000000e+00
1.4039531338e-04 2.3410969569e-05 1.6993821251e+02 nan 0.0000000000e+00
1.3686842698e-04 2.3308570188e-05 1.7127969986e+02 nan 0.0000000000e+00
1.3332359237e-04 2.3213638407e-05 1.7248707269e+02 nan 0.0000000000e+00
1.2976232072e-04 2.3125772593e-05 1.7356392896e+02 nan 0.0000000000e+00
1.2618601988e-04 2.3044572572e-05 1.7451531429e+02 nan 0.0000000000e+00
1.2259597578e-04 2.2969637823e-05 1.7534749041e+02 nan 0.0000000000e+00
1.1899338002e-04 2.2900583153e-05 1.7606738470e+02 nan 0.0000000000e+00
8.9834108462e-05 2.2516680398e-05 1.7870544817e+02 nan 0.0000000000e+00
8.6158212137e-05 2.2485015084e-05 1.7875619372e+02 nan 0.0000000000e+00
8.2476399215e-05 2.2456131159e-05 1.7876685062e+02 nan 0.0000000000e+00
7.8791508947e-05 2.2429664996e-05 1.7874342931e+02 nan 0.0000000000e+00
7.3719276743e-05 2.0853190495e-05 1.8261382759e+02 nan 0.0000000000e+00
3.8044000433e-05 2.2254943098e-05 1.7743935871e+02 nan 0.0000000000e+00
3.4326481080e-05 2.2246422536e-05 1.7730640752e+02 nan 0.0000000000e+00
2.1479998751e-05 2.0695227658e-05 1.8060140762e+02 nan 0.0000000000e+00
1.7738561694e-05 2.0690159828e-05 1.8049989322e+02 nan 0.0000000000e+00
1.3996376038e-05 2.0685518861e-05 1.8041164669e+02 nan 0.0000000000e+00
1.0253561086e-05 2.0681375534e-05 1.8033718589e+02 nan 0.0000000000e+00
-1.0345020999e-05 2.2189185595e-05 1.7657210333e+02 nan 0.0000000000e+00
-1.4069787660e-05 2.2187185495e-05 1.7660453516e+02 nan 0.0000000000e+00
-1.7795134348e-05 2.2185679628e-05 1.7665291462e+02 nan 0.0000000000e+00
-4.2165600449e-05 2.0658926963e-05 1.8100017435e+02 nan 0.0000000000e+00
-4.5906865081e-05 2.0659073187e-05 1.8117936876e+02 nan 0.0000000000e+00
-4.9645198594e-05 2.0661279817e-05 1.8137214362e+02 nan 0.0000000000e+00
-5.3387079787e-05 2.0661989398e-05 1.8158742203e+02 nan 0.0000000000e+00
-6.2476917862e-05 2.2191296610e-05 1.7855485225e+02 nan 0.0000000000e+00
-6.6196069932e-05 2.2193803969e-05 1.7882504624e+02 nan 0.0000000000e+00
-6.9914087483e-05 2.2196647482e-05 1.7911249155e+02 nan 0.0000000000e+00
-1.0193699589e-04 2.0705216794e-05 1.8602564434e+02 nan 0.0000000000e+00
-1.0566050334e-04 2.0711442465e-05 1.8649400518e+02 nan 0.0000000000e+00
-1.0938189539e-04 2.0718213000e-05 1.8698042370e+02 nan 0.0000000000e+00
-1.1071094632e-04 2.2256538932e-05 1.8340200429e+02 nan 0.0000000000e+00
-1.1440744784e-04 2.2265216563e-05 1.8389313441e+02 nan 0.0000000000e+00
-1.1810124323e-04 2.2274583176e-05 1.8440068815e+02 nan 0.0000000000e+00
4.3322429216e-05 2.3809438893e-05 1.7387998714e+02 nan 0.0000000000e+00
6.3252754380e-06 2.3736320627e-05 1.7297894178e+02 nan 0.0000000000e+00
-2.7025244160e-05 2.3716302801e-05 1.7324361979e+02 nan 0.0000000000e+00
1.8098178903e-04 2.7336320638e-05 1.3324488920e+02 nan 0.0000000000e+00
-4.1827907195e-05 2.3716248234e-05 1.7377148635e+02 nan 0.0000000000e+00
2.1136852607e-05 2.3757317432e-05 1.7322592842e+02 nan 0.0000000000e+00
5.8077220649e-05 2.3865056515e-05 1.7436507661e+02 nan 0.0000000000e+00
1.0199705900e-04 2.4225868294e-05 1.7388950761e+02 nan 0.0000000000e+00
-1.5482448758e-04 2.2421182456e-05 1.9030214201e+02 nan 0.0000000000e+00
-1.5849359892e-04 2.2437048479e-05 1.9098204777e+02 nan 0.0000000000e+00
-8.2539775855e-05 2.3747303743e-05 1.7656946087e+02 nan 0.0000000000e+00
-1.6214127212e-04 2.2458609630e-05 1.9165739184e+02 nan 0.0000000000e+00
-9.7294684063e-05 2.3771748649e-05 1.7807080439e+02 nan 0.0000000000e+00
-1.2668956934e-04 2.3851326743e-05 1.8181283356e+02 nan 0.0000000000e+00
3.8555049878e-05 1.9204247554e-05 1.8495769460e+02 nan 0.0000000000e+00
-1.7874928686e-05 1.9145372694e-05 1.8391781895e+02 nan 0.0000000000e+00
-3.6693529767e-05 1.9141709103e-05 1.8440685984e+02 nan 0.0000000000e+00
1.1317853147e-04 1.9641584327e-05 1.8600936328e+02 nan 0.0000000000e+00
9.8389157621e-05 1.9483302548e-05 1.8685557082e+02 nan 0.0000000000e+00
6.8559887634e-05 1.9294568814e-05 1.8636155039e+02 nan 0.0000000000e+00
5.3571775289e-05 1.9241119062e-05 1.8566502682e+02 nan 0.0000000000e+00
-1.3046084214e-04 1.9233697673e-05 1.9395228935e+02 nan 0.0000000000e+00
4.7084770837e-06 1.9158502665e-05 1.8392149834e+02 nan 0.0000000000e+00
-1.5646971395e-04 1.9319589777e-05 1.9877472750e+02 nan 0.0000000000e+00
-7.0538505977e-05 1.9150405209e-05 1.8646480735e+02 nan 0.0000000000e+00
-8.5558169673e-05 1.9161409365e-05 1.8787316513e+02 nan 0.0000000000e+00
-1.1552673606e-04 1.9201439409e-05 1.9161480999e+02 nan 0.0000000000e+00
-1.7490173026e-04 1.9413508384e-05 2.0271694558e+02 nan 0.0000000000e+00
-1.7857319218e-04 1.9437803800e-05 2.0353809921e+02 nan 0.0000000000e+00
-1.8223450759e-04 1.9464732979e-05 2.0436245892e+02 nan 0.0000000000e+00
-1.8589017264e-04 1.9496555478e-05 2.0518173931e+02 nan 0.0000000000e+00
-1.8954674989e-04 1.9524708279e-05 2.0601885561e+02 nan 0.0000000000e+00
-1.9318541317e-04 1.9560152737e-05 2.0683319812e+02 nan 0.0000000000e+00
-1.9681108513e-04 1.9597986471e-05 2.0763495590e+02 nan 0.0000000000e+00
-2.0043407309e-04 1.9636475946e-05 2.0842592959e+02 nan 0.0000000000e+00
1.9079336603e-04 2.8260931746e-05 1.1770189132e+02 nan 0.0000000000e+00
6.9115874961e-05 2.3922382494e-05 1.7464671671e+02 nan 0.0000000000e+00
-6.5827274692e-06 1.9150608174e-05 1.8384185234e+02 nan 0.0000000000e+00
-1.4534823759e-04 1.9277420848e-05 1.9659780905e+02 nan 0.0000000000e+00
1.4585351511e-04 2.0259865653e-05 1.7888739500e+02 nan 0.0000000000e+00
2.4051765906e-04 2.7851062267e-05 7.1780275415e+01 nan 0.0000000000e+00
-1.4490830045e-04 2.3927451552e-05 1.8460519181e+02 nan 0.0000000000e+00
2.5559313553e-04 2.7651357303e-05 6.3773821318e+01 nan 0.0000000000e+00
2.5934858140e-04 2.8292669469e-05 6.1596257551e+01 nan 0.0000000000e+00
-2.1064862591e-04 1.8168506353e-05 2.1561562007e+02 nan 0.0000000000e+00
-2.1478591001e-04 1.9840270239e-05 2.1114517544e+02 nan 0.0000000000e+00
-2.1833530871e-04 1.9904890735e-05 2.1164850352e+02 nan 0.0000000000e+00
-2.2185810324e-04 1.9972710025e-05 2.1205573697e+02 nan 0.0000000000e+00
-1.6665279172e-04 2.4074293291e-05 1.8826160746e+02 nan 0.0000000000e+00
-2.2537714821e-04 2.0055570776e-05 2.1230860859e+02 nan 0.0000000000e+00
-2.2883969825e-04 2.0147382633e-05 2.1239720886e+02 nan 0.0000000000e+00
-2.3553372483e-04 1.8655900746e-05 2.1860662836e+02 nan 0.0000000000e+00
-2.3899928695e-04 1.8761051756e-05 2.1832139706e+02 nan 0.0000000000e+00
2.1470236016e-04 3.1378741976e-05 8.3373424945e+01 nan 0.0000000000e+00
-2.4243187673e-04 1.8879805335e-05 2.1774248344e+02 nan 0.0000000000e+00
3.1058521858e-04 3.1921570008e-05 3.0853027306e+01 nan 0.0000000000e+00
3.0655493166e-04 3.1074207203e-05 3.0036087254e+01 nan 0.0000000000e+00
3.1457147785e-04 3.2746956159e-05 3.1795364759e+01 nan 0.0000000000e+00
2.2150360461e-04 9.3610423865e-05 9.3561084558e+00 nan 0.0000000000e+00
2.2511497981e-04 9.2189521583e-05 9.8437540615e+00 nan 0.0000000000e+00
2.2570666213e-04 8.8692503234e-05 1.1444602337e+01 nan 0.0000000000e+00
2.2879286313e-04 9.0692689888e-05 1.0469536614e+01 nan 0.0000000000e+00
-2.4583315971e-04 1.9012844868e-05 2.1682860273e+02 nan 0.0000000000e+00
-2.4919640709e-04 1.9163141015e-05 2.1552847013e+02 nan 0.0000000000e+00
-2.5251804458e-04 1.9333060996e-05 2.1379439681e+02 nan 0.0000000000e+00
-2.0169125519e-04 2.2871154292e-05 1.9881149887e+02 nan 0.0000000000e+00
-2.5439669172e-04 5.3472216992e-05 1.0082843719e+02 nan 0.0000000000e+00
-2.5667831988e-04 5.4202790028e-05 9.8143624386e+01 nan 0.0000000000e+00
-2.4905513360e-04 1.5706582142e-05 2.3099698584e+02 nan 0.0000000000e+00
2.8661994315e-04 7.5282617381e-05 2.4744886000e+01 nan 0.0000000000e+00
2.8248735439e-04 7.7744829131e-05 2.3824435488e+01 nan 0.0000000000e+00
2.7901811531e-04 7.6260451666e-05 2.2490344109e+01 nan 0.0000000000e+00
2.7835832428e-04 8.0152846791e-05 2.2933129645e+01 nan 0.0000000000e+00
2.7490639508e-04 7.8617388512e-05 2.1555753504e+01 nan 0.0000000000e+00
2.7423165810e-04 8.2504875127e-05 2.2070538994e+01 nan 0.0000000000e+00
2.7079867709e-04 8.0916768495e-05 2.0649809852e+01 nan 0.0000000000e+00
2.7010594340e-04 8.4798526502e-05 2.1240118172e+01 nan 0.0000000000e+00
2.6669355669e-04 8.3156401167e-05 1.9781805686e+01 nan 0.0000000000e+00
2.6597915419e-04 8.7030817312e-05 2.0451518356e+01 nan 0.0000000000e+00
2.9075718252e-04 7.2767280705e-05 2.5697278078e+01 nan 0.0000000000e+00
2.6258897634e-04 8.5333433016e-05 1.8971476932e+01 nan 0.0000000000e+00
2.6184877720e-04 8.9198215003e-05 1.9726150256e+01 nan 0.0000000000e+00
2.6331874907e-04 2.3379543187e-05 6.7629009429e+01 nan 0.0000000000e+00
2.6712370760e-04 2.3953663446e-05 6.5431233018e+01 nan 0.0000000000e+00
2.6700564828e-04 2.6750715319e-05 6.1994666010e+01 nan 0.0000000000e+00
2.7093575749e-04 2.4532607790e-05 6.3934660483e+01 nan 0.0000000000e+00
-2.6176705418e-04 5.3429517435e-05 9.7407874652e+01 nan 0.0000000000e+00
-2.6561993400e-04 1.8383521591e-05 2.1093132639e+02 nan 0.0000000000e+00
-2.2969952100e-04 4.0153068230e-05 1.4519290492e+02 nan 0.0000000000e+00
2.5951976961e-04 2.2815949287e-05 7.0382811186e+01 nan 0.0000000000e+00
2.2936635014e-04 8.7143500128e-05 1.1895250448e+01 nan 0.0000000000e+00
-1.6992688787e-04 8.4549440510e-05 6.5783063722e+01 nan 0.0000000000e+00
2.7079242450e-04 2.7367568637e-05 6.0849390235e+01 nan 0.0000000000e+00
-2.6874652462e-04 1.8662077959e-05 2.0661847518e+02 nan 0.0000000000e+00
-2.6680463523e-04 5.2766736389e-05 9.6253326237e+01 nan 0.0000000000e+00
3.1473526393e-04 2.9117161391e-05 3.1973549253e+01 nan 0.0000000000e+00
2.9006479668e-04 7.6705011165e-05 2.6035870160e+01 nan 0.0000000000e+00
2.9421445727e-04 7.4143406813e-05 2.6951193713e+01 nan 0.0000000000e+00
-1.6723202702e-04 8.4256651466e-05 6.6550484763e+01 nan 0.0000000000e+00
-2.6936571812e-04 1.4931895358e-05 2.2674604127e+02 nan 0.0000000000e+00
2.3113123055e-04 9.6372631537e-05 1.2111109168e+01 nan 0.0000000000e+00
2.2553611697e-04 3.3146287188e-05 7.1759669795e+01 nan 0.0000000000e+00
2.7458179780e-04 2.7979080342e-05 6.1498504980e+01 nan 0.0000000000e+00
1.7016348028e-04 6.6378470534e-05 4.8876094459e+01 nan 0.0000000000e+00
2.7762870690e-04 8.4073207937e-05 2.3511015766e+01 nan 0.0000000000e+00
-2.6890848294e-04 5.3675864697e-05 9.3353441374e+01 nan 0.0000000000e+00
-2.7262283945e-04 4.9855317209e-05 9.8697411398e+01 nan 0.0000000000e+00
-1.6544875613e-04 8.8208582584e-05 6.1564478754e+01 nan 0.0000000000e+00
-1.6276421689e-04 8.7917955006e-05 6.2295123824e+01 nan 0.0000000000e+00
-2.7479249967e-04 1.9336065811e-05 1.9589066818e+02 nan 0.0000000000e+00
-2.7880289051e-04 1.5766612634e-05 2.1162464260e+02 nan 0.0000000000e+00
-2.8119853174e-04 1.8138126543e-05 1.9524978794e+02 nan 0.0000000000e+00
2.3168143367e-04 6.6941039355e-05 2.4472595440e+01 nan 0.0000000000e+00
2.7836462429e-04 2.8577723282e-05 5.9346324726e+01 nan 0.0000000000e+00
-1.7488420221e-04 8.3035728183e-05 6.7147626908e+01 nan 0.0000000000e+00
-1.7754750365e-04 8.3358062742e-05 6.6274886358e+01 nan 0.0000000000e+00
3.0242276271e-04 3.3761254144e-05 2.9016260801e+01 nan 0.0000000000e+00
2.8261162348e-04 2.3350936781e-05 6.5240617631e+01 nan 0.0000000000e+00
2.8646311782e-04 2.3853624809e-05 6.6592563850e+01 nan 0.0000000000e+00
2.9347176377e-04 7.8116911490e-05 2.7279335149e+01 nan 0.0000000000e+00
2.9763152976e-04 7.5512052215e-05 2.8158205614e+01 nan 0.0000000000e+00
2.3411314083e-04 9.8459201847e-05 1.4688847120e+01 nan 0.0000000000e+00
2.3025115085e-04 9.9969066901e-05 1.4028180127e+01 nan 0.0000000000e+00
2.6518058019e-04 9.0927645100e-05 2.1276053146e+01 nan 0.0000000000e+00
2.6101897045e-04 9.3082114452e-05 2.0620261462e+01 nan 0.0000000000e+00
-2.8241061556e-04 1.4139416554e-05 2.2012872585e+02 nan 0.0000000000e+00
-2.7381848496e-04 5.3221067217e-05 9.1772633778e+01 nan 0.0000000000e+00
-2.7762999248e-04 4.9449122713e-05 9.6147605586e+01 nan 0.0000000000e+00
3.1888799647e-04 2.6251483306e-05 3.3108154090e+01 nan 0.0000000000e+00
3.2290195209e-04 2.6948534628e-05 3.4204018324e+01 nan 0.0000000000e+00
-1.8281651100e-04 8.4048889894e-05 6.4394168299e+01 nan 0.0000000000e+00
2.5915777646e-04 8.3614444845e-05 1.7602234708e+01 nan 0.0000000000e+00
2.2482509830e-04 6.7336787561e-05 2.6821272234e+01 nan 0.0000000000e+00
1.6498937369e-04 6.7134707936e-05 5.0375862515e+01 nan 0.0000000000e+00
1.6231644052e-04 6.6404270126e-05 5.2398617841e+01 nan 0.0000000000e+00
-1.5872175931e-04 7.1489102985e-05 8.6169910832e+01 nan 0.0000000000e+00
-1.5762308183e-04 6.7553406922e-05 9.2618511624e+01 nan 0.0000000000e+00
-1.6188803110e-04 6.2085531186e-05 1.0187500156e+02 nan 0.0000000000e+00
-1.6486972519e-04 6.2250823828e-05 1.0144271523e+02 nan 0.0000000000e+00
-1.6682802201e-04 5.8585042393e-05 1.0816627517e+02 nan 0.0000000000e+00
-1.6983544372e-04 5.8747542250e-05 1.0773268275e+02 nan 0.0000000000e+00
2.2458610227e-04 7.0477044861e-05 2.4503632261e+01 nan 0.0000000000e+00
-2.8700443806e-04 1.9055208589e-05 1.8320727877e+02 nan 0.0000000000e+00
-2.9478192454e-04 1.5658698385e-05 1.9621643763e+02 nan 0.0000000000e+00
-2.9376830407e-04 1.7885488167e-05 1.8140869875e+02 nan 0.0000000000e+00
-2.9783047400e-04 1.6138629282e-05 1.8753241369e+02 nan 0.0000000000e+00
-2.9670541972e-04 1.8440212375e-05 1.7313676814e+02 nan 0.0000000000e+00
-2.8257529697e-04 4.9211924606e-05 9.3227448097e+01 nan 0.0000000000e+00
2.9684206230e-04 7.9521467259e-05 2.8438767513e+01 nan 0.0000000000e+00
3.0100915069e-04 7.6876646000e-05 2.9284831782e+01 nan 0.0000000000e+00
-2.8555075955e-04 4.7973128018e-05 9.2572036834e+01 nan 0.0000000000e+00
-1.8542135613e-04 8.4418685296e-05 6.3384170682e+01 nan 0.0000000000e+00
2.3139356858e-04 7.0187857894e-05 2.2323268036e+01 nan 0.0000000000e+00
2.5121445844e-04 4.1230994890e-05 4.7337959360e+01 nan 0.0000000000e+00
3.0517608365e-04 7.4181538741e-05 3.0194378163e+01 nan 0.0000000000e+00
3.0595738792e-04 7.0148839341e-05 3.0084990083e+01 nan 0.0000000000e+00
3.0934363098e-04 7.1435329316e-05 3.1174055983e+01 nan 0.0000000000e+00
3.1012515504e-04 6.7389001974e-05 3.1146687076e+01 nan 0.0000000000e+00
3.1351268423e-04 6.8636756625e-05 3.2231517880e+01 nan 0.0000000000e+00
3.1429673877e-04 6.4574623413e-05 3.2284541388e+01 nan 0.0000000000e+00
3.1768363788e-04 6.5784049879e-05 3.3375592709e+01 nan 0.0000000000e+00
3.1847297344e-04 6.1704687563e-05 3.3508266992e+01 nan 0.0000000000e+00
3.2185715687e-04 6.2875137847e-05 3.4616636646e+01 nan 0.0000000000e+00
3.2265398300e-04 5.8776086403e-05 3.4828818026e+01 nan 0.0000000000e+00
3.2603366383e-04 5.9907245178e-05 3.5966921660e+01 nan 0.0000000000e+00
3.2684004337e-04 5.5785854694e-05 3.6259167283e+01 nan 0.0000000000e+00
3.3021286457e-04 5.6877273140e-05 3.7440799253e+01 nan 0.0000000000e+00
3.3103149010e-04 5.2731025537e-05 3.7814498994e+01 nan 0.0000000000e+00
3.3439507773e-04 5.3781721335e-05 3.9055622300e+01 nan 0.0000000000e+00
3.3522794487e-04 4.9606708052e-05 3.9512179445e+01 nan 0.0000000000e+00
3.3858024220e-04 5.0616099121e-05 4.0831646491e+01 nan 0.0000000000e+00
3.3942912574e-04 4.6407724720e-05 4.1371784502e+01 nan 0.0000000000e+00
3.4022342243e-04 4.2251522495e-05 4.1807438433e+01 nan 0.0000000000e+00
3.4095429503e-04 3.8151298044e-05 4.2120768336e+01 nan 0.0000000000e+00
3.4518441623e-04 3.4813171838e-05 4.4207414701e+01 nan 0.0000000000e+00
3.4867220758e-04 3.5541362918e-05 4.6166206393e+01 nan 0.0000000000e+00
3.4941965353e-04 3.1381951464e-05 4.6430491296e+01 nan 0.0000000000e+00
3.4584493827e-04 3.0750602350e-05 4.4327668873e+01 nan 0.0000000000e+00
3.5290378917e-04 3.2046658947e-05 4.8616302360e+01 nan 0.0000000000e+00
-1.5408264063e-04 6.5452714964e-05 9.6301881552e+01 nan 0.0000000000e+00
-1.4675132390e-04 6.1382240529e-05 1.0348557157e+02 nan 0.0000000000e+00
-1.4133436604e-04 6.3014769509e-05 1.0070206748e+02 nan 0.0000000000e+00
-1.3826768487e-04 6.2900767724e-05 1.0090388787e+02 nan 0.0000000000e+00
-1.3440215927e-04 6.0946536751e-05 1.0421744554e+02 nan 0.0000000000e+00
-1.2899889723e-04 6.2594749411e-05 1.0135739139e+02 nan 0.0000000000e+00
-1.2588918131e-04 6.2502697988e-05 1.0146449478e+02 nan 0.0000000000e+00
-1.2276921129e-04 6.2416233939e-05 1.0155003252e+02 nan 0.0000000000e+00
-1.1650218394e-04 6.2256642006e-05 1.0166542138e+02 nan 0.0000000000e+00
-1.1335577618e-04 6.2183654534e-05 1.0169669251e+02 nan 0.0000000000e+00
-1.1020145061e-04 6.2114629300e-05 1.0171224817e+02 nan 0.0000000000e+00
-1.0703967970e-04 6.2049152400e-05 1.0171355237e+02 nan 0.0000000000e+00
-1.0069485361e-04 6.1929551346e-05 1.0167482412e+02 nan 0.0000000000e+00
-9.7512613043e-05 6.1874886189e-05 1.0163696122e+02 nan 0.0000000000e+00
-9.4324290247e-05 6.1823587926e-05 1.0158765590e+02 nan 0.0000000000e+00
-9.1130217760e-05 6.1775457435e-05 1.0152779561e+02 nan 0.0000000000e+00
-8.5874754740e-05 6.3471361449e-05 9.8611713100e+01 nan 0.0000000000e+00
-8.1516794236e-05 6.1648731711e-05 1.0129227832e+02 nan 0.0000000000e+00
-7.8302379942e-05 6.1614477348e-05 1.0119339398e+02 nan 0.0000000000e+00
-7.5084629582e-05 6.1579243925e-05 1.0109303412e+02 nan 0.0000000000e+00
-6.9892701302e-05 6.3285885744e-05 9.8155555537e+01 nan 0.0000000000e+00
-6.5408367086e-05 6.1491542879e-05 1.0074884724e+02 nan 0.0000000000e+00
-6.2176211152e-05 6.1468309079e-05 1.0062097005e+02 nan 0.0000000000e+00
-5.8941464843e-05 6.1446208305e-05 1.0049014154e+02 nan 0.0000000000e+00
-5.3822799996e-05 6.3162598768e-05 9.7534879151e+01 nan 0.0000000000e+00
-4.9223098320e-05 6.1392005527e-05 1.0007427573e+02 nan 0.0000000000e+00
-4.5979713790e-05 6.1378127283e-05 9.9928568535e+01 nan 0.0000000000e+00
-4.2734828158e-05 6.1365874982e-05 9.9780498458e+01 nan 0.0000000000e+00
-3.7698019978e-05 6.3095119387e-05 9.6800750975e+01 nan 0.0000000000e+00
-3.4469265928e-05 6.3087813630e-05 9.6643965526e+01 nan 0.0000000000e+00
-2.9744384742e-05 6.1337443281e-05 9.9162111538e+01 nan 0.0000000000e+00
-2.6495230564e-05 6.1335487330e-05 9.9001949330e+01 nan 0.0000000000e+00
-2.1549391868e-05 6.3078692780e-05 9.5991304092e+01 nan 0.0000000000e+00
-1.8319374735e-05 6.3081717861e-05 9.5822106937e+01 nan 0.0000000000e+00
-1.3499601407e-05 6.1344745660e-05 9.8349166268e+01 nan 0.0000000000e+00
-1.0252041561e-05 6.1353504020e-05 9.8179934950e+01 nan 0.0000000000e+00
-5.4064074869e-06 6.3114001928e-05 9.5126212499e+01 nan 0.0000000000e+00
-2.1810866027e-06 6.3127193670e-05 9.4947694982e+01 nan 0.0000000000e+00
2.7256200678e-06 6.1404734128e-05 9.7496056908e+01 nan 0.0000000000e+00
5.9657914372e-06 6.1421491342e-05 9.7323468227e+01 nan 0.0000000000e+00
9.2036291948e-06 6.1443141993e-05 9.7144653370e+01 nan 0.0000000000e+00
1.3915801711e-05 6.3229328677e-05 9.4019221467e+01 nan 0.0000000000e+00
1.8901567109e-05 6.1519178144e-05 9.6599612373e+01 nan 0.0000000000e+00
2.2128083893e-05 6.1549968061e-05 9.6411513157e+01 nan 0.0000000000e+00
2.5351289601e-05 6.1581903656e-05 9.6222384059e+01 nan 0.0000000000e+00
2.9939938825e-05 6.3397213637e-05 9.3011881762e+01 nan 0.0000000000e+00
3.4996726576e-05 6.1700225917e-05 9.5618962687e+01 nan 0.0000000000e+00
3.8202807063e-05 6.1747497661e-05 9.5403660695e+01 nan 0.0000000000e+00
4.1404101422e-05 6.1797416471e-05 9.5182459354e+01 nan 0.0000000000e+00
4.4600453069e-05 6.1849487766e-05 9.4955513094e+01 nan 0.0000000000e+00
5.0975333646e-05 6.1970389964e-05 9.4463591614e+01 nan 0.0000000000e+00
5.4154056077e-05 6.2035391902e-05 9.4203261703e+01 nan 0.0000000000e+00
5.7325020475e-05 6.2108081800e-05 9.3923969691e+01 nan 0.0000000000e+00
6.0490339213e-05 6.2184601132e-05 9.3631000525e+01 nan 0.0000000000e+00
6.6797623800e-05 6.2354320903e-05 9.2989726700e+01 nan 0.0000000000e+00
6.9939457329e-05 6.2448666056e-05 9.2636224138e+01 nan 0.0000000000e+00
7.3073171722e-05 6.2547987381e-05 9.2260790026e+01 nan 0.0000000000e+00
8.2417370201e-05 6.2895066387e-05 9.0948977071e+01 nan 0.0000000000e+00
8.5511653887e-05 6.3028608497e-05 9.0439649153e+01 nan 0.0000000000e+00
9.8604796987e-05 6.5569630080e-05 8.4598079101e+01 nan 0.0000000000e+00
1.0161257526e-04 6.5766329560e-05 8.3834847367e+01 nan 0.0000000000e+00
-7.4313403813e-05 6.5100024011e-05 9.5577276606e+01 nan 0.0000000000e+00
3.4462472505e-05 6.5235686382e-05 8.9794658354e+01 nan 0.0000000000e+00
5.3369918379e-05 6.5600328248e-05 8.8236634367e+01 nan 0.0000000000e+00
1.0460754686e-04 6.5973532661e-05 8.3016413533e+01 nan 0.0000000000e+00
-1.3363542786e-04 5.9111738541e-05 1.0739791197e+02 nan 0.0000000000e+00
2.4026780732e-04 4.1558323122e-05 4.8997624796e+01 nan 0.0000000000e+00
1.1055252380e-04 6.6435046784e-05 8.1177627987e+01 nan 0.0000000000e+00
1.1350230696e-04 6.6688930673e-05 8.0152325365e+01 nan 0.0000000000e+00
1.1872105876e-04 6.5249648237e-05 8.1243845053e+01 nan 0.0000000000e+00
1.2164889563e-04 6.5544455596e-05 7.9956438085e+01 nan 0.0000000000e+00
1.2745140140e-04 6.6193159851e-05 7.7084039431e+01 nan 0.0000000000e+00
1.3032581667e-04 6.6547747999e-05 7.5488136412e+01 nan 0.0000000000e+00
2.8217781757e-04 2.9225709106e-05 4.7833368063e+01 nan 0.0000000000e+00
3.5365840041e-04 2.7853364571e-05 4.8752850623e+01 nan 0.0000000000e+00
3.5713908670e-04 2.8450840472e-05 5.1227093993e+01 nan 0.0000000000e+00
2.3313049487e-04 1.0206992646e-04 1.6656941390e+01 nan 0.0000000000e+00
2.3708776196e-04 1.0052468533e-04 1.7081708971e+01 nan 0.0000000000e+00
2.2925008914e-04 1.0351626707e-04 1.6247621751e+01 nan 0.0000000000e+00
2.6009931453e-04 9.6979322932e-05 2.1606146518e+01 nan 0.0000000000e+00
-1.1464599205e-04 5.8646793547e-05 1.0766364723e+02 nan 0.0000000000e+00
-1.0502196988e-04 5.8468468620e-05 1.0758107653e+02 nan 0.0000000000e+00
2.5973990452e-04 7.9811586541e-05 1.7246459974e+01 nan 0.0000000000e+00
-1.6106479189e-04 9.1889174814e-05 5.7558522278e+01 nan 0.0000000000e+00
-1.5839034736e-04 9.1600898988e-05 5.8254049396e+01 nan 0.0000000000e+00
-1.7536236297e-04 5.7176056864e-05 1.1052860293e+02 nan 0.0000000000e+00
-1.7834631737e-04 5.7356743627e-05 1.1000009513e+02 nan 0.0000000000e+00
-1.8131064199e-04 5.7548206089e-05 1.0942010992e+02 nan 0.0000000000e+00
-1.8052214923e-04 5.3708305407e-05 1.1735399404e+02 nan 0.0000000000e+00
-1.8717678212e-04 5.7966050354e-05 1.0809580244e+02 nan 0.0000000000e+00
6.2734136242e-05 6.5845520390e-05 8.7301952583e+01 nan 0.0000000000e+00
-1.8948867044e-04 5.4275701492e-05 1.1557763965e+02 nan 0.0000000000e+00
-1.9510761371e-04 5.2759634383e-05 1.1839107365e+02 nan 0.0000000000e+00
-1.9804042023e-04 5.2985406157e-05 1.1759536804e+02 nan 0.0000000000e+00
-2.0094813853e-04 5.3225651033e-05 1.1672686545e+02 nan 0.0000000000e+00
1.3317978141e-04 6.6928093515e-05 7.3770834855e+01 nan 0.0000000000e+00
3.2304082322e-04 2.3321851037e-05 3.4249207236e+01 nan 0.0000000000e+00
3.1897122482e-04 2.2665461603e-05 3.3205433170e+01 nan 0.0000000000e+00
3.2706818811e-04 2.3950463709e-05 3.5429593939e+01 nan 0.0000000000e+00
3.2687054322e-04 2.7620978510e-05 3.5503028166e+01 nan 0.0000000000e+00
3.3105123102e-04 2.4551146064e-05 3.6856961161e+01 nan 0.0000000000e+00
2.9072568508e-04 1.8595092743e-05 6.8894163697e+01 nan 0.0000000000e+00
2.9462065582e-04 1.9002058753e-05 7.1592943272e+01 nan 0.0000000000e+00
-1.9032408937e-04 8.3001479474e-05 6.4425519714e+01 nan 0.0000000000e+00
-3.0520481123e-04 1.4828479633e-05 1.8428246931e+02 nan 0.0000000000e+00
-3.0833094331e-04 1.5373697178e-05 1.7378247255e+02 nan 0.0000000000e+00
-1.9288836296e-04 8.3409462938e-05 6.3286727857e+01 nan 0.0000000000e+00
1.7288460352e-04 6.7200273397e-05 4.6665735003e+01 nan 0.0000000000e+00
2.8680493160e-04 1.8163841435e-05 6.8845402656e+01 nan 0.0000000000e+00
-1.9760206177e-04 7.9823981651e-05 6.7596595779e+01 nan 0.0000000000e+00
-1.5355362423e-04 9.3175652584e-05 5.6954703964e+01 nan 0.0000000000e+00
-1.5085539928e-04 9.2912603133e-05 5.7566787855e+01 nan 0.0000000000e+00
-1.4541781945e-04 9.2420026657e-05 5.8694924410e+01 nan 0.0000000000e+00
-1.4267924242e-04 9.2189670235e-05 5.9212451410e+01 nan 0.0000000000e+00
-1.3850241424e-04 9.5914000201e-05 5.5333930471e+01 nan 0.0000000000e+00
-1.3025849343e-04 9.5284901491e-05 5.6648459005e+01 nan 0.0000000000e+00
-1.2953440492e-04 9.3226466395e-05 5.8986909435e+01 nan 0.0000000000e+00
-1.2674491037e-04 9.3043206805e-05 5.9353617476e+01 nan 0.0000000000e+00
-1.2546285848e-04 9.6966523234e-05 5.5125872277e+01 nan 0.0000000000e+00
-1.2269085146e-04 9.6783971287e-05 5.5476033631e+01 nan 0.0000000000e+00
-1.1711737115e-04 9.6443384656e-05 5.6102699524e+01 nan 0.0000000000e+00
-1.1431665250e-04 9.6284760020e-05 5.6380436686e+01 nan 0.0000000000e+00
-1.0868886651e-04 9.5989573995e-05 5.6867626624e+01 nan 0.0000000000e+00
-1.0586245595e-04 9.5852507251e-05 5.7078242576e+01 nan 0.0000000000e+00
-1.0302816257e-04 9.5722132244e-05 5.7267635743e+01 nan 0.0000000000e+00
-9.8268090122e-05 9.7481288581e-05 5.5513941634e+01 nan 0.0000000000e+00
-8.9733796508e-05 9.7148288557e-05 5.5884382681e+01 nan 0.0000000000e+00
-8.6876432239e-05 9.7049090448e-05 5.5969999240e+01 nan 0.0000000000e+00
-8.1144652078e-05 9.6867441836e-05 5.6087043707e+01 nan 0.0000000000e+00
-7.8270846652e-05 9.6784635919e-05 5.6119354844e+01 nan 0.0000000000e+00
-7.5392137912e-05 9.6707064622e-05 5.6134641950e+01 nan 0.0000000000e+00
-6.8936028641e-05 1.0043452152e-04 5.2320073454e+01 nan 0.0000000000e+00
-6.6073494698e-05 1.0036892788e-04 5.2291056011e+01 nan 0.0000000000e+00
-6.3207352200e-05 1.0030828661e-04 5.2245911797e+01 nan 0.0000000000e+00
-5.7465040919e-05 1.0020158610e-04 5.2108241529e+01 nan 0.0000000000e+00
-5.4589498079e-05 1.0015549586e-04 5.2016113109e+01 nan 0.0000000000e+00
-4.5948699167e-05 1.0004422374e-04 5.1650527015e+01 nan 0.0000000000e+00
-3.7292225284e-05 9.9972887293e-05 5.1154855463e+01 nan 0.0000000000e+00
-3.4404478666e-05 9.9957803263e-05 5.0961527312e+01 nan 0.0000000000e+00
-2.5738373130e-05 9.9938181149e-05 5.0299381874e+01 nan 0.0000000000e+00
-2.2849584399e-05 9.9940158109e-05 5.0051669630e+01 nan 0.0000000000e+00
-1.4186638243e-05 9.9971657075e-05 4.9228957082e+01 nan 0.0000000000e+00
-5.5345358747e-06 1.0004187157e-04 4.8288422446e+01 nan 0.0000000000e+00
-2.6541658988e-06 1.0007404615e-04 4.7948953862e+01 nan 0.0000000000e+00
3.0994810964e-06 1.0015185304e-04 4.7231247601e+01 nan 0.0000000000e+00
5.9721788169e-06 1.0019762251e-04 4.6853034357e+01 nan 0.0000000000e+00
8.8417924773e-06 1.0024806404e-04 4.6461923693e+01 nan 0.0000000000e+00
1.4570544233e-05 1.0036334529e-04 4.5640960708e+01 nan 0.0000000000e+00
1.7429144997e-05 1.0042838400e-04 4.5211077760e+01 nan 0.0000000000e+00
2.3133340324e-05 1.0057386056e-04 4.4312368823e+01 nan 0.0000000000e+00
2.5978398996e-05 1.0065453126e-04 4.3843504280e+01 nan 0.0000000000e+00
2.8818349598e-05 1.0074074211e-04 4.3361529722e+01 nan 0.0000000000e+00
3.4481737668e-05 1.0093028262e-04 4.2358265003e+01 nan 0.0000000000e+00
3.7304635455e-05 1.0103391892e-04 4.1836946252e+01 nan 0.0000000000e+00
4.2931218652e-05 1.0125982147e-04 4.0754864696e+01 nan 0.0000000000e+00
4.5734283049e-05 1.0138284943e-04 4.0193712021e+01 nan 0.0000000000e+00
5.0197727640e-05 9.9604666203e-05 4.1493709483e+01 nan 0.0000000000e+00
5.4098930480e-05 1.0179367084e-04 3.8431184153e+01 nan 0.0000000000e+00
5.8571229726e-05 1.0003958198e-04 3.9734892829e+01 nan 0.0000000000e+00
6.1345530130e-05 1.0019988439e-04 3.9124076186e+01 nan 0.0000000000e+00
6.6866590508e-05 1.0054571231e-04 3.7865625826e+01 nan 0.0000000000e+00
6.9612619034e-05 1.0073222242e-04 3.7217942411e+01 nan 0.0000000000e+00
7.5074995994e-05 1.0113358602e-04 3.5887784811e+01 nan 0.0000000000e+00
7.7790031222e-05 1.0134943204e-04 3.5205968760e+01 nan 0.0000000000e+00
8.5868727696e-05 1.0206258405e-04 3.3099050239e+01 nan 0.0000000000e+00
8.6732508710e-05 1.0421793867e-04 3.0247174703e+01 nan 0.0000000000e+00
9.0369937780e-05 1.0043755942e-04 3.4547918208e+01 nan 0.0000000000e+00
9.3035661164e-05 1.0071334727e-04 3.3827618566e+01 nan 0.0000000000e+00
9.8327449032e-05 1.0130846730e-04 3.2339360261e+01 nan 0.0000000000e+00
1.0095304515e-04 1.0162845566e-04 3.1566678551e+01 nan 0.0000000000e+00
1.0546643364e-04 1.0010533115e-04 3.2925137832e+01 nan 0.0000000000e+00
1.1066091845e-04 1.0083910196e-04 3.1141823710e+01 nan 0.0000000000e+00
1.1323477019e-04 1.0123425910e-04 3.0162252547e+01 nan 0.0000000000e+00
1.1774978886e-04 9.9824867154e-05 3.1135310961e+01 nan 0.0000000000e+00
6.8862871178e-05 1.0474370029e-04 3.2609341801e+01 nan 0.0000000000e+00
-8.8847397950e-05 1.0104261405e-04 5.2044402808e+01 nan 0.0000000000e+00
3.7734101299e-05 9.7119286283e-05 4.6051365862e+01 nan 0.0000000000e+00
2.6286774472e-05 9.6760576369e-05 4.7935781706e+01 nan 0.0000000000e+00
1.4757962805e-05 9.6486332257e-05 4.9633676165e+01 nan 0.0000000000e+00
3.1662112423e-06 9.6288033450e-05 5.1145392219e+01 nan 0.0000000000e+00
-5.5119385319e-05 9.6301457902e-05 5.5793492189e+01 nan 0.0000000000e+00
4.6254500721e-05 9.7450456470e-05 4.4515074268e+01 nan 0.0000000000e+00
1.2282257899e-04 1.0073195455e-04 2.8929387497e+01 nan 0.0000000000e+00
1.2533029728e-04 1.0121820892e-04 2.7867400469e+01 nan 0.0000000000e+00
-9.7297683517e-05 1.0139047621e-04 5.1650279757e+01 nan 0.0000000000e+00
7.6959057141e-05 1.0538321509e-04 3.0436032235e+01 nan 0.0000000000e+00
1.0212591455e-04 9.7583097724e-05 3.6736381705e+01 nan 0.0000000000e+00
1.2982531360e-04 9.9939474525e-05 2.9128224472e+01 nan 0.0000000000e+00
1.2936566033e-04 9.7643163916e-05 3.2297434957e+01 nan 0.0000000000e+00
1.3474905965e-04 1.0103936174e-04 2.7405784969e+01 nan 0.0000000000e+00
1.3717930113e-04 1.0162589316e-04 2.6571375051e+01 nan 0.0000000000e+00
9.4639420379e-05 1.0507302925e-04 2.7975962224e+01 nan 0.0000000000e+00
1.0685540073e-04 1.0454666787e-04 2.6970342958e+01 nan 0.0000000000e+00
1.2175019034e-04 9.6209301170e-05 3.5340859733e+01 nan 0.0000000000e+00
1.3888449581e-04 9.7548257665e-05 3.1699789837e+01 nan 0.0000000000e+00
1.4164901664e-04 1.0050728978e-04 2.7781732487e+01 nan 0.0000000000e+00
1.4587918281e-04 9.7110930131e-05 3.1648460753e+01 nan 0.0000000000e+00
-1.3371660525e-04 9.7566344762e-05 5.3921147205e+01 nan 0.0000000000e+00
1.5085792726e-04 1.0090544239e-04 2.6773905615e+01 nan 0.0000000000e+00
-2.8929266208e-04 5.0416620475e-05 8.8338756843e+01 nan 0.0000000000e+00
3.0851612453e-04 7.5511115362e-05 3.1194916139e+01 nan 0.0000000000e+00
2.9600229018e-04 8.3554002287e-05 2.8732328134e+01 nan 0.0000000000e+00
2.5684487991e-04 9.5162496628e-05 2.0042235353e+01 nan 0.0000000000e+00
-3.5309720311e-04 1.8120501118e-05 1.1209683083e+02 nan 0.0000000000e+00
1.5317406716e-04 1.0167811254e-04 2.5858156608e+01 nan 0.0000000000e+00
2.2104183702e-04 7.2155712766e-05 2.4981477094e+01 nan 0.0000000000e+00
2.1769285655e-04 7.0704348436e-05 2.8274033496e+01 nan 0.0000000000e+00
2.3471354822e-04 7.1700619516e-05 2.0451209566e+01 nan 0.0000000000e+00
2.5214649030e-04 8.0118390380e-05 1.5494077476e+01 nan 0.0000000000e+00
2.6023170209e-04 7.6041892647e-05 1.7257119205e+01 nan 0.0000000000e+00
2.5162154276e-04 8.3873977274e-05 1.5654710701e+01 nan 0.0000000000e+00
-2.0253831425e-04 7.8478023609e-05 6.8551416641e+01 nan 0.0000000000e+00
-2.0505336059e-04 7.8937511246e-05 6.7199386154e+01 nan 0.0000000000e+00
-2.1000852140e-04 7.9924695496e-05 6.4316888809e+01 nan 0.0000000000e+00
-2.0668389427e-04 5.3753352797e-05 1.1475917211e+02 nan 0.0000000000e+00
-2.0950948390e-04 5.4042954081e-05 1.1365386282e+02 nan 0.0000000000e+00
1.6283291813e-04 7.0925685197e-05 4.6876847981e+01 nan 0.0000000000e+00
1.5762697419e-04 1.0090251331e-04 2.6431843492e+01 nan 0.0000000000e+00
1.6210582316e-04 1.0025921376e-04 2.6495415331e+01 nan 0.0000000000e+00
9.3402730429e-05 6.7130614923e-05 8.2645932577e+01 nan 0.0000000000e+00
-2.1485555083e-04 7.8700255784e-05 6.4939634671e+01 nan 0.0000000000e+00
-3.0988815569e-04 1.8579307614e-05 1.5088424028e+02 nan 0.0000000000e+00
-3.1456423127e-04 1.6633220986e-05 1.5420180613e+02 nan 0.0000000000e+00
7.8283735540e-05 6.0924782014e-05 9.4735962734e+01 nan 0.0000000000e+00
3.5628260645e-04 3.2762192050e-05 5.0857760679e+01 nan 0.0000000000e+00
3.6050653700e-04 2.9106946135e-05 5.3832913279e+01 nan 0.0000000000e+00
3.2934995642e-04 6.1064236149e-05 3.7014863149e+01 nan 0.0000000000e+00
2.6755290358e-04 9.6571334058e-05 2.3809522452e+01 nan 0.0000000000e+00
3.5789688234e-04 2.4221528629e-05 5.1098559584e+01 nan 0.0000000000e+00
3.3123047656e-04 2.0881474748e-05 3.6668414445e+01 nan 0.0000000000e+00
2.9086561718e-04 1.5779225273e-05 7.0901130864e+01 nan 0.0000000000e+00
2.8691220862e-04 1.5375836564e-05 7.1208244989e+01 nan 0.0000000000e+00
1.6661221821e-04 9.9777343904e-05 2.5676349107e+01 nan 0.0000000000e+00
-2.0933010532e-04 5.0041063088e-05 1.2297604923e+02 nan 0.0000000000e+00
2.4857954745e-04 7.8351375132e-05 1.5218972614e+01 nan 0.0000000000e+00
2.4463436519e-04 8.0244219415e-05 1.4500377075e+01 nan 0.0000000000e+00
-2.1732808352e-04 7.4665212136e-05 7.1077614604e+01 nan 0.0000000000e+00
-2.2214588111e-04 7.5789323596e-05 6.7780138337e+01 nan 0.0000000000e+00
2.3840955153e-04 6.9870084299e-05 2.0745468176e+01 nan 0.0000000000e+00
3.1684928731e-04 6.9897230895e-05 3.3221482707e+01 nan 0.0000000000e+00
2.7814948517e-04 3.1614254632e-05 4.4418212543e+01 nan 0.0000000000e+00
2.8204342387e-04 3.2454477510e-05 3.4490518102e+01 nan 0.0000000000e+00
2.7719724104e-04 5.9690199780e-05 2.1799743712e+01 nan 0.0000000000e+00
-1.8151565076e-04 4.4567680048e-05 1.3772736612e+02 nan 0.0000000000e+00
-1.6605822427e-04 4.5806499928e-05 1.3452596775e+02 nan 0.0000000000e+00
1.1087238935e-04 8.4203951127e-05 5.4015900398e+01 nan 0.0000000000e+00
1.5939403800e-04 8.7596046262e-05 3.8157632529e+01 nan 0.0000000000e+00
1.5038547194e-04 5.7518147789e-05 7.6725468733e+01 nan 0.0000000000e+00
-1.9453936645e-04 2.2773035097e-05 1.9764708173e+02 nan 0.0000000000e+00
1.5726188466e-04 6.7264856407e-05 5.6463728586e+01 nan 0.0000000000e+00
-2.3259464786e-04 4.0454688992e-05 1.4353989058e+02 nan 0.0000000000e+00
-2.2949129786e-04 4.4128185784e-05 1.3405203557e+02 nan 0.0000000000e+00
-2.3505915051e-04 4.4841834245e-05 1.3044300137e+02 nan 0.0000000000e+00
-2.3778413206e-04 4.5238799374e-05 1.2842753798e+02 nan 0.0000000000e+00
-2.2655067202e-04 4.5812931462e-05 1.3029488013e+02 nan 0.0000000000e+00
-2.4310763299e-04 4.6121897327e-05 1.2398495167e+02 nan 0.0000000000e+00
1.7861322716e-04 8.8634314822e-05 2.5162662930e+01 nan 0.0000000000e+00
-9.4469142838e-05 8.3825501801e-05 7.0711502835e+01 nan 0.0000000000e+00
-1.4564145651e-04 5.0521379569e-05 1.2384015217e+02 nan 0.0000000000e+00
1.1761505725e-04 5.3843699115e-05 1.0159266050e+02 nan 0.0000000000e+00
-8.2579019577e-05 8.3514210287e-05 7.0860152662e+01 nan 0.0000000000e+00
1.0193911059e-04 5.2919337837e-05 1.0692700587e+02 nan 0.0000000000e+00
-1.3765845087e-04 2.3895446445e-05 1.8345097776e+02 nan 0.0000000000e+00
-7.0604873841e-05 8.3273514316e-05 7.0765971424e+01 nan 0.0000000000e+00
7.8205417742e-05 6.6381839114e-05 8.5352543230e+01 nan 0.0000000000e+00
-5.8564395494e-05 8.3096292255e-05 7.0458916098e+01 nan 0.0000000000e+00
-1.0465963690e-04 2.3787346022e-05 1.7891583357e+02 nan 0.0000000000e+00
8.9284342709e-05 8.4163370153e-05 5.6835366522e+01 nan 0.0000000000e+00
9.0941525057e-05 8.8270329636e-05 5.0833667961e+01 nan 0.0000000000e+00
8.5349942853e-05 8.7826107861e-05 5.2074462007e+01 nan 0.0000000000e+00
-8.9921025819e-05 2.3758447274e-05 1.7728846938e+02 nan 0.0000000000e+00
-2.4281354000e-04 6.2265063744e-05 8.6449578355e+01 nan 0.0000000000e+00
-2.4206456555e-04 6.6953586969e-05 7.7357244660e+01 nan 0.0000000000e+00
-2.4692010796e-04 6.6068065989e-05 7.7370681894e+01 nan 0.0000000000e+00
-2.3433487319e-04 7.1942412739e-05 7.0697292167e+01 nan 0.0000000000e+00
-2.4910200357e-04 6.6861611987e-05 7.5106493191e+01 nan 0.0000000000e+00
-4.6479972079e-05 8.2976317270e-05 6.9965302933e+01 nan 0.0000000000e+00
-3.4366069352e-05 8.2910636839e-05 6.9304601554e+01 nan 0.0000000000e+00
-5.2914925789e-05 2.3723817912e-05 1.7432842043e+02 nan 0.0000000000e+00
5.4946718753e-05 8.8057929214e-05 5.5005703570e+01 nan 0.0000000000e+00
5.7835982188e-05 8.8182644457e-05 5.4532571400e+01 nan 0.0000000000e+00
1.1283439572e-04 2.4393318056e-05 1.7257104228e+02 nan 0.0000000000e+00
-3.4438760780e-05 2.3715415224e-05 1.7347593771e+02 nan 0.0000000000e+00
-2.2240927641e-05 8.2896858379e-05 6.8493595292e+01 nan 0.0000000000e+00
-1.0843228588e-06 2.3728983869e-05 1.7293322857e+02 nan 0.0000000000e+00
5.0704426198e-05 2.3834605114e-05 1.7412877215e+02 nan 0.0000000000e+00
1.3732712725e-05 2.3745621992e-05 1.7307838795e+02 nan 0.0000000000e+00
-1.0121591460e-05 8.2934610873e-05 6.7544717207e+01 nan 0.0000000000e+00
-1.1871759812e-04 1.0054946070e-04 5.1783340028e+01 nan 0.0000000000e+00
1.9749892611e-06 8.3025340093e-05 6.6466635179e+01 nan 0.0000000000e+00
1.4031561102e-05 8.3172493876e-05 6.5264252763e+01 nan 0.0000000000e+00
-9.8159216372e-06 1.0194168125e-04 4.6918367489e+01 nan 0.0000000000e+00
2.6030360677e-05 8.3381797840e-05 6.3938444393e+01 nan 0.0000000000e+00
-2.9927295720e-05 1.0187957719e-04 4.8817414380e+01 nan 0.0000000000e+00
3.7952927321e-05 8.3661671548e-05 6.2485315185e+01 nan 0.0000000000e+00
-4.1419837818e-05 1.0194060351e-04 4.9595701670e+01 nan 0.0000000000e+00
1.7854412312e-04 9.1073785460e-05 2.3482662951e+01 nan 0.0000000000e+00
1.7832443875e-04 9.5914220563e-05 1.8743521407e+01 nan 0.0000000000e+00
1.8298224960e-04 9.6236861208e-05 1.6977281039e+01 nan 0.0000000000e+00
1.8484501676e-04 1.0025443582e-04 1.1323197644e+01 nan 0.0000000000e+00
1.8959013341e-04 1.0106996848e-04 9.4146104745e+00 nan 0.0000000000e+00
1.9463293218e-04 1.0215297665e-04 7.9048461805e+00 nan 0.0000000000e+00
1.9291413888e-04 9.7477276854e-05 1.4433192502e+01 nan 0.0000000000e+00
1.8239226924e-04 1.0117077919e-04 9.2035589683e+00 nan 0.0000000000e+00
-1.7078220374e-04 6.2609932234e-05 1.0045201914e+02 nan 0.0000000000e+00
-3.2263361376e-04 2.6258556544e-05 9.3845780198e+01 nan 0.0000000000e+00
2.1448672294e-04 9.6232030487e-05 8.4632538590e+00 nan 0.0000000000e+00
2.1104461583e-04 9.7418228435e-05 9.5477819982e+00 nan 0.0000000000e+00
2.1376881908e-04 9.9567304252e-05 7.0595708222e+00 nan 0.0000000000e+00
2.1032492244e-04 1.0068827520e-04 7.4740677345e+00 nan 0.0000000000e+00
2.0948010203e-04 1.0397410588e-04 7.3004998577e+00 nan 0.0000000000e+00
-3.1571027102e-04 3.5808007372e-05 9.1501027184e+01 nan 0.0000000000e+00
-1.2289371046e-04 8.3004346199e-05 7.1538822988e+01 nan 0.0000000000e+00
-2.8055386364e-04 5.4047802837e-05 8.7317190282e+01 nan 0.0000000000e+00
-1.2578625083e-04 8.3148308424e-05 7.1267242238e+01 nan 0.0000000000e+00
-2.6254800141e-04 5.9057235054e-05 8.5418206029e+01 nan 0.0000000000e+00
-2.6187358976e-04 6.1491402862e-05 8.0883998350e+01 nan 0.0000000000e+00
3.2310955365e-04 1.9737218843e-05 3.4240408086e+01 nan 0.0000000000e+00
3.1898788179e-04 1.9119888452e-05 3.3676991798e+01 nan 0.0000000000e+00
-2.6273865623e-04 1.4540344596e-05 2.3320633691e+02 nan 0.0000000000e+00
2.1306912170e-04 8.4607797616e-05 1.9711896276e+01 nan 0.0000000000e+00
-1.4737474759e-04 4.0213295663e-05 1.4582148513e+02 nan 0.0000000000e+00
-1.4904656264e-04 3.6887873195e-05 1.5358407759e+02 nan 0.0000000000e+00
-1.4562037595e-04 3.6841718462e-05 1.5332837165e+02 nan 0.0000000000e+00
-1.4630475345e-04 3.1923984238e-05 1.6502095948e+02 nan 0.0000000000e+00
-1.4980957595e-04 3.1959266013e-05 1.6540376436e+02 nan 0.0000000000e+00
-1.4279267598e-04 3.1891014470e-05 1.6463467439e+02 nan 0.0000000000e+00
-1.3927374101e-04 3.1860178099e-05 1.6424663477e+02 nan 0.0000000000e+00
-1.3326780543e-04 3.3430408602e-05 1.5980951371e+02 nan 0.0000000000e+00
-1.2975713336e-04 3.3401574894e-05 1.5945720306e+02 nan 0.0000000000e+00
-1.2513665730e-04 3.1756914335e-05 1.6270111517e+02 nan 0.0000000000e+00
-1.2158872693e-04 3.1736105290e-05 1.6232065495e+02 nan 0.0000000000e+00
-1.1803629542e-04 3.1715673672e-05 1.6194783605e+02 nan 0.0000000000e+00
-1.1447940628e-04 3.1696398778e-05 1.6158131965e+02 nan 0.0000000000e+00
-1.1091844058e-04 3.1678397064e-05 1.6122134434e+02 nan 0.0000000000e+00
-1.0503664018e-04 3.3247808868e-05 1.5706445123e+02 nan 0.0000000000e+00
-1.0148732149e-04 3.3231612334e-05 1.5674264309e+02 nan 0.0000000000e+00
-9.7935050000e-05 3.3215660315e-05 1.5642993568e+02 nan 0.0000000000e+00
-9.3058620940e-05 3.1605016913e-05 1.5953887721e+02 nan 0.0000000000e+00
-8.9477198701e-05 3.1593385634e-05 1.5922878734e+02 nan 0.0000000000e+00
-8.5893108028e-05 3.1582568753e-05 1.5892854174e+02 nan 0.0000000000e+00
-8.2306513140e-05 3.1572592905e-05 1.5863832052e+02 nan 0.0000000000e+00
-7.8717588249e-05 3.1563378720e-05 1.5835848175e+02 nan 0.0000000000e+00
-7.5126502470e-05 3.1554878299e-05 1.5808934539e+02 nan 0.0000000000e+00
-6.9412556712e-05 3.3126995639e-05 1.5422141216e+02 nan 0.0000000000e+00
-6.5837030727e-05 3.3119771997e-05 1.5398768548e+02 nan 0.0000000000e+00
-6.2259834029e-05 3.3113171284e-05 1.5376445495e+02 nan 0.0000000000e+00
-5.7143960107e-05 3.1522666027e-05 1.5690969297e+02 nan 0.0000000000e+00
-5.3543336462e-05 3.1516035882e-05 1.5671280053e+02 nan 0.0000000000e+00
-4.9941265890e-05 3.1511761367e-05 1.5652381722e+02 nan 0.0000000000e+00
-4.6338115263e-05 3.1508400095e-05 1.5634600044e+02 nan 0.0000000000e+00
-3.7183499403e-05 3.3086746417e-05 1.5250066054e+02 nan 0.0000000000e+00
-3.3597718092e-05 3.3085693853e-05 1.5236393002e+02 nan 0.0000000000e+00
-3.0011485973e-05 3.3084934292e-05 1.5223908156e+02 nan 0.0000000000e+00
-2.6424978469e-05 3.3083350898e-05 1.5212852966e+02 nan 0.0000000000e+00
-1.3195921050e-06 3.3101165975e-05 1.5163454064e+02 nan 0.0000000000e+00
2.2652114748e-06 3.3106315336e-05 1.5160503164e+02 nan 0.0000000000e+00
5.8491954431e-06 3.3112258332e-05 1.5158457100e+02 nan 0.0000000000e+00
9.4322127999e-06 3.3119029989e-05 1.5157261468e+02 nan 0.0000000000e+00
3.4473104740e-05 3.3194311402e-05 1.5166049440e+02 nan 0.0000000000e+00
3.8042461182e-05 3.3210253514e-05 1.5168354308e+02 nan 0.0000000000e+00
4.1609272155e-05 3.3227572782e-05 1.5170521317e+02 nan 0.0000000000e+00
4.5173286034e-05 3.3246516733e-05 1.5172323795e+02 nan 0.0000000000e+00
7.0020056385e-05 3.3438878200e-05 1.5152792646e+02 nan 0.0000000000e+00
7.3551119682e-05 3.3477602944e-05 1.5141339527e+02 nan 0.0000000000e+00
7.8298484221e-05 3.5160921165e-05 1.4737989600e+02 nan 0.0000000000e+00
1.0257165865e-04 3.5625606776e-05 1.4453310823e+02 nan 0.0000000000e+00
1.0599978646e-04 3.5717086890e-05 1.4382112301e+02 nan 0.0000000000e+00
1.0941563525e-04 3.5816367508e-05 1.4300762691e+02 nan 0.0000000000e+00
1.1957968125e-04 3.6167472376e-05 1.3985825909e+02 nan 0.0000000000e+00
1.2293610384e-04 3.6304572700e-05 1.3853704731e+02 nan 0.0000000000e+00
1.2627465404e-04 3.6452947182e-05 1.3706174029e+02 nan 0.0000000000e+00
1.2959393996e-04 3.6613401006e-05 1.3542117252e+02 nan 0.0000000000e+00
1.3289244769e-04 3.6786776168e-05 1.3360417426e+02 nan 0.0000000000e+00
1.3877507907e-04 3.5355464716e-05 1.3466558188e+02 nan 0.0000000000e+00
1.4204137549e-04 3.5553262472e-05 1.3239387772e+02 nan 0.0000000000e+00
1.4527920549e-04 3.5768879541e-05 1.2991124846e+02 nan 0.0000000000e+00
1.4848847988e-04 3.5999801079e-05 1.2722116246e+02 nan 0.0000000000e+00
1.5481086594e-04 3.6513747808e-05 1.2120435014e+02 nan 0.0000000000e+00
1.5791894132e-04 3.6798904349e-05 1.1790037078e+02 nan 0.0000000000e+00
1.6098801991e-04 3.7104255380e-05 1.1431617824e+02 nan 0.0000000000e+00
1.7029432182e-04 4.0232777362e-05 9.6487431293e+01 nan 0.0000000000e+00
1.7331012229e-04 4.0668302207e-05 9.2721517286e+01 nan 0.0000000000e+00
-2.6257493449e-05 3.6270105552e-05 1.4532406097e+02 nan 0.0000000000e+00
5.6552823244e-06 3.6302003640e-05 1.4467675174e+02 nan 0.0000000000e+00
4.0999833798e-05 3.6434846472e-05 1.4453811427e+02 nan 0.0000000000e+00
1.5868880585e-04 4.0733171667e-05 1.0548279350e+02 nan 0.0000000000e+00
1.1372024193e-04 3.7654794049e-05 1.3764785863e+02 nan 0.0000000000e+00
9.3307306618e-05 3.7073131983e-05 1.4208593652e+02 nan 0.0000000000e+00
8.2960005389e-05 3.6873780862e-05 1.4322997729e+02 nan 0.0000000000e+00
7.2543022576e-05 3.6718871981e-05 1.4391606494e+02 nan 0.0000000000e+00
6.2070210127e-05 3.6598836653e-05 1.4429113370e+02 nan 0.0000000000e+00
5.1552760157e-05 3.6506145088e-05 1.4446946665e+02 nan 0.0000000000e+00
2.6886952209e-05 3.6364812104e-05 1.4456918146e+02 nan 0.0000000000e+00
1.7939948001e-04 4.1630224952e-05 8.5476398616e+01 nan 0.0000000000e+00
1.8229007916e-04 3.9934236630e-05 8.7375290837e+01 nan 0.0000000000e+00
1.7896277900e-04 3.7290224081e-05 9.7308058766e+01 nan 0.0000000000e+00
1.6974079492e-04 3.6108563669e-05 1.0969962278e+02 nan 0.0000000000e+00
9.3466226779e-05 3.2137400800e-05 1.5396078250e+02 nan 0.0000000000e+00
8.2890843056e-05 3.1976686719e-05 1.5483024210e+02 nan 0.0000000000e+00
6.1569561093e-05 3.1757662581e-05 1.5542513430e+02 nan 0.0000000000e+00
2.5724116291e-05 3.1575738828e-05 1.5516550646e+02 nan 0.0000000000e+00
-2.1124210387e-05 3.1505151283e-05 1.5542853486e+02 nan 0.0000000000e+00
-6.6974247548e-06 3.1514022523e-05 1.5516803370e+02 nan 0.0000000000e+00
5.0847007446e-05 3.1684846568e-05 1.5541159260e+02 nan 0.0000000000e+00
1.1780296702e-04 3.2717285585e-05 1.4915177786e+02 nan 0.0000000000e+00
1.6461507764e-04 4.1484736927e-05 9.7955771455e+01 nan 0.0000000000e+00
3.3948709042e-05 3.6396192349e-05 1.4455716548e+02 nan 0.0000000000e+00
-1.4325817893e-06 3.6288611156e-05 1.4476240366e+02 nan 0.0000000000e+00
-1.9163615745e-05 3.6271528092e-05 1.4511822302e+02 nan 0.0000000000e+00
-3.3350491487e-05 3.6271651985e-05 1.4556762301e+02 nan 0.0000000000e+00
1.4100279584e-04 9.5831961727e-05 3.3721457060e+01 nan 0.0000000000e+00
-1.6939308772e-04 3.7239139133e-05 1.5476990647e+02 nan 0.0000000000e+00
-2.5780960169e-04 4.0136771899e-05 1.3251980620e+02 nan 0.0000000000e+00
-2.5473616428e-04 4.1735607200e-05 1.3002523628e+02 nan 0.0000000000e+00
1.8913568297e-04 5.2834484644e-05 5.8372381028e+01 nan 0.0000000000e+00
1.5456416561e-04 6.6632514751e-05 5.9956863843e+01 nan 0.0000000000e+00
1.4945379454e-04 6.7634971730e-05 6.3334343060e+01 nan 0.0000000000e+00
1.4980517825e-04 6.9798807374e-05 6.0533989843e+01 nan 0.0000000000e+00
2.1143956506e-04 4.8424234691e-05 5.3727513770e+01 nan 0.0000000000e+00
2.1143017211e-04 4.5790723958e-05 5.7705495556e+01 nan 0.0000000000e+00
2.0469302971e-04 4.4244817057e-05 6.3833349357e+01 nan 0.0000000000e+00
2.0463860014e-04 4.1751671706e-05 6.8258524204e+01 nan 0.0000000000e+00
2.0131336253e-04 4.1080353054e-05 7.1558149686e+01 nan 0.0000000000e+00
1.9802451020e-04 4.0442646192e-05 7.4948594860e+01 nan 0.0000000000e+00
2.1486146265e-04 4.3974025090e-05 5.8766393258e+01 nan 0.0000000000e+00
-2.7455936881e-04 3.7511224124e-05 1.2311764297e+02 nan 0.0000000000e+00
-2.7378013169e-04 3.9752760821e-05 1.1856279039e+02 nan 0.0000000000e+00
-2.5701017815e-04 3.1320508169e-05 1.6157055740e+02 nan 0.0000000000e+00
2.0095598808e-04 7.8277677033e-05 2.7158869795e+01 nan 0.0000000000e+00
2.5958375768e-04 2.0160925788e-05 7.5890032124e+01 nan 0.0000000000e+00
2.6346792303e-04 1.8033452069e-05 7.8316088380e+01 nan 0.0000000000e+00
2.6353388846e-04 1.5450466133e-05 8.5498870802e+01 nan 0.0000000000e+00
2.5969561237e-04 1.5034908002e-05 9.0639290324e+01 nan 0.0000000000e+00
2.5585888900e-04 1.4639585022e-05 9.6345963004e+01 nan 0.0000000000e+00
2.4818184065e-04 1.3916926311e-05 1.0971499521e+02 nan 0.0000000000e+00
2.4434231105e-04 1.5902403229e-05 1.0479094626e+02 nan 0.0000000000e+00
2.4051401104e-04 1.5549044829e-05 1.1211918699e+02 nan 0.0000000000e+00
2.3668919000e-04 1.5224780277e-05 1.2046047224e+02 nan 0.0000000000e+00
2.3287595794e-04 1.4931254893e-05 1.2959514212e+02 nan 0.0000000000e+00
2.2907991602e-04 1.4668226840e-05 1.3907113055e+02 nan 0.0000000000e+00
2.2531303627e-04 1.4430956128e-05 1.4830454463e+02 nan 0.0000000000e+00
2.2157510193e-04 1.4216816074e-05 1.5722860256e+02 nan 0.0000000000e+00
2.1786111977e-04 1.4023544059e-05 1.6524999740e+02 nan 0.0000000000e+00
1.8839981225e-04 1.1273202490e-05 2.1204759795e+02 nan 0.0000000000e+00
1.8480827521e-04 1.1208122683e-05 2.1224577169e+02 nan 0.0000000000e+00
1.8120170217e-04 1.1145580134e-05 2.1172273039e+02 nan 0.0000000000e+00
1.7756686849e-04 1.1085761675e-05 2.1157574479e+02 nan 0.0000000000e+00
1.7390786298e-04 1.1028276231e-05 2.1133124937e+02 nan 0.0000000000e+00
1.7022720695e-04 1.0973092617e-05 2.1122960054e+02 nan 0.0000000000e+00
1.6652715522e-04 1.0920070416e-05 2.1122728357e+02 nan 0.0000000000e+00
1.6280928963e-04 1.0869639798e-05 2.1130524890e+02 nan 0.0000000000e+00
1.5907547252e-04 1.0821508845e-05 2.1144373766e+02 nan 0.0000000000e+00
1.5532713099e-04 1.0775768227e-05 2.1162076491e+02 nan 0.0000000000e+00
1.5156560179e-04 1.0732463369e-05 2.1181689886e+02 nan 0.0000000000e+00
1.4126437893e-04 1.2176931859e-05 2.0718592965e+02 nan 0.0000000000e+00
1.3749638199e-04 1.2135800408e-05 2.0748452923e+02 nan 0.0000000000e+00
1.3371881313e-04 1.2097507974e-05 2.0773461259e+02 nan 0.0000000000e+00
1.2878163236e-04 1.0522456490e-05 2.1266551272e+02 nan 0.0000000000e+00
1.2495703199e-04 1.0495265921e-05 2.1268627944e+02 nan 0.0000000000e+00
1.2112664991e-04 1.0470065033e-05 2.1266642505e+02 nan 0.0000000000e+00
1.1729107586e-04 1.0446774185e-05 2.1260689235e+02 nan 0.0000000000e+00
1.1345085086e-04 1.0425264989e-05 2.1250962314e+02 nan 0.0000000000e+00
1.0960645883e-04 1.0405450070e-05 2.1237713129e+02 nan 0.0000000000e+00
1.0575836898e-04 1.0387200373e-05 2.1221248433e+02 nan 0.0000000000e+00
1.0190697436e-04 1.0370430562e-05 2.1201896213e+02 nan 0.0000000000e+00
9.8052632478e-05 1.0355016511e-05 2.1180009939e+02 nan 0.0000000000e+00
9.4195654112e-05 1.0340879632e-05 2.1155940374e+02 nan 0.0000000000e+00
9.0336344165e-05 1.0327902608e-05 2.1130045662e+02 nan 0.0000000000e+00
8.6474956609e-05 1.0316015031e-05 2.1102666566e+02 nan 0.0000000000e+00
8.2611719267e-05 1.0305110983e-05 2.1074139623e+02 nan 0.0000000000e+00
7.8746827565e-05 1.0295130473e-05 2.1044776462e+02 nan 0.0000000000e+00
7.4880479490e-05 1.0285976707e-05 2.1014880107e+02 nan 0.0000000000e+00
7.1012835361e-05 1.0277599240e-05 2.0984724700e+02 nan 0.0000000000e+00
6.7144036790e-05 1.0269913035e-05 2.0954573394e+02 nan 0.0000000000e+00
6.3274204368e-05 1.0262877854e-05 2.0924660016e+02 nan 0.0000000000e+00
5.7137853296e-05 1.1733172476e-05 2.0499063244e+02 nan 0.0000000000e+00
5.3285356631e-05 1.1726715267e-05 2.0472017598e+02 nan 0.0000000000e+00
4.9432011784e-05 1.1720757836e-05 2.0445773548e+02 nan 0.0000000000e+00
4.5577944186e-05 1.1715360986e-05 2.0420472712e+02 nan 0.0000000000e+00
4.1723262817e-05 1.1710395264e-05 2.0396288730e+02 nan 0.0000000000e+00
3.7867985231e-05 1.1705830558e-05 2.0373354688e+02 nan 0.0000000000e+00
3.4012166469e-05 1.1701639637e-05 2.0351789600e+02 nan 0.0000000000e+00
3.0155922729e-05 1.1697784323e-05 2.0331702266e+02 nan 0.0000000000e+00
2.6299319686e-05 1.1694237389e-05 2.0313187722e+02 nan 0.0000000000e+00
2.2442396490e-05 1.1690974339e-05 2.0296329222e+02 nan 0.0000000000e+00
1.8585122502e-05 1.1687973677e-05 2.0281200045e+02 nan 0.0000000000e+00
1.2912149190e-05 1.0209546573e-05 2.0634179191e+02 nan 0.0000000000e+00
9.0359629952e-06 1.0207300166e-05 2.0623294261e+02 nan 0.0000000000e+00
5.1596606601e-06 1.0205226239e-05 2.0614385655e+02 nan 0.0000000000e+00
1.2832748210e-06 1.0203295256e-05 2.0607496596e+02 nan 0.0000000000e+00
-2.5931688804e-06 1.0201515050e-05 2.0602655365e+02 nan 0.0000000000e+00
-6.4696435084e-06 1.0199856963e-05 2.0599896541e+02 nan 0.0000000000e+00
-1.0346121942e-05 1.0198331743e-05 2.0599240472e+02 nan 0.0000000000e+00
-1.4222586099e-05 1.0196596441e-05 2.0600794974e+02 nan 0.0000000000e+00
-1.8099008814e-05 1.0195547067e-05 2.0604352011e+02 nan 0.0000000000e+00
-2.1975347580e-05 1.0194402251e-05 2.0610125089e+02 nan 0.0000000000e+00
-2.5851604760e-05 1.0192985770e-05 2.0618174147e+02 nan 0.0000000000e+00
-2.9727720129e-05 1.0192250790e-05 2.0628271839e+02 nan 0.0000000000e+00
-3.3603708652e-05 1.0191403306e-05 2.0640631434e+02 nan 0.0000000000e+00
-3.7479526724e-05 1.0190600059e-05 2.0655226146e+02 nan 0.0000000000e+00
-4.1355135987e-05 1.0189891148e-05 2.0672054612e+02 nan 0.0000000000e+00
-4.5230520736e-05 1.0189264450e-05 2.0691132543e+02 nan 0.0000000000e+00
-4.9105657877e-05 1.0188739996e-05 2.0712466321e+02 nan 0.0000000000e+00
-5.2980527553e-05 1.0188300665e-05 2.0736073632e+02 nan 0.0000000000e+00
-5.8566769636e-05 1.1662099854e-05 2.0401959866e+02 nan 0.0000000000e+00
-6.2422176135e-05 1.1662101393e-05 2.0430724087e+02 nan 0.0000000000e+00
-6.6277160822e-05 1.1662226908e-05 2.0461749513e+02 nan 0.0000000000e+00
-7.0131691388e-05 1.1662477255e-05 2.0495050969e+02 nan 0.0000000000e+00
-7.3985669644e-05 1.1662864696e-05 2.0530641372e+02 nan 0.0000000000e+00
-7.7839042940e-05 1.1663393323e-05 2.0568537085e+02 nan 0.0000000000e+00
-8.1691823646e-05 1.1664068057e-05 2.0608756869e+02 nan 0.0000000000e+00
-8.5543978063e-05 1.1664892689e-05 2.0651320703e+02 nan 0.0000000000e+00
-8.9395400706e-05 1.1665882567e-05 2.0696246906e+02 nan 0.0000000000e+00
-9.3246031134e-05 1.1667044875e-05 2.0743557902e+02 nan 0.0000000000e+00
-9.7095873824e-05 1.1668387653e-05 2.0793279032e+02 nan 0.0000000000e+00
-1.0331355391e-04 1.0192853955e-05 2.1256734643e+02 nan 0.0000000000e+00
-1.0718090121e-04 1.0194195069e-05 2.1313976056e+02 nan 0.0000000000e+00
-1.1104737716e-04 1.0195732979e-05 2.1373812999e+02 nan 0.0000000000e+00
-1.1491294134e-04 1.0197460310e-05 2.1436288726e+02 nan 0.0000000000e+00
-1.1877753168e-04 1.0199409359e-05 2.1501437880e+02 nan 0.0000000000e+00
-1.2264123510e-04 1.0201153850e-05 2.1569419747e+02 nan 0.0000000000e+00
-1.2650355027e-04 1.0203909157e-05 2.1639961717e+02 nan 0.0000000000e+00
-1.3036478630e-04 1.0206655544e-05 2.1713385924e+02 nan 0.0000000000e+00
-1.3422479815e-04 1.0209620836e-05 2.1789688315e+02 nan 0.0000000000e+00
-1.3808347244e-04 1.0212886495e-05 2.1868904500e+02 nan 0.0000000000e+00
-1.4194072347e-04 1.0216464713e-05 2.1951093245e+02 nan 0.0000000000e+00
-1.4579645804e-04 1.0220401320e-05 2.2036305523e+02 nan 0.0000000000e+00
-1.4965058162e-04 1.0224705290e-05 2.2124605917e+02 nan 0.0000000000e+00
-1.5350297491e-04 1.0229427113e-05 2.2216048795e+02 nan 0.0000000000e+00
-1.5735375746e-04 1.0234122044e-05 2.2310829342e+02 nan 0.0000000000e+00
-1.6120213177e-04 1.0240136287e-05 2.2408642759e+02 nan 0.0000000000e+00
-1.6617322120e-04 1.1740816310e-05 2.2139464949e+02 nan 0.0000000000e+00
2.4048037410e-04 1.1134368994e-05 1.4464958276e+02 nan 0.0000000000e+00
2.1386766953e-04 1.0083907639e-05 2.0262851585e+02 nan 0.0000000000e+00
-1.6999175025e-04 1.1749971222e-05 2.2241700691e+02 nan 0.0000000000e+00
2.2519186595e-04 1.0429044866e-05 1.8389466912e+02 nan 0.0000000000e+00
1.9895699130e-04 9.7604356924e-06 2.1708965787e+02 nan 0.0000000000e+00
1.4676407355e-04 9.1335075875e-06 2.1733960431e+02 nan 0.0000000000e+00
2.9490024169e-04 7.0199257443e-05 2.6685969403e+01 nan 0.0000000000e+00
-1.3442677657e-04 7.5873442364e-05 8.0799787836e+01 nan 0.0000000000e+00
1.0908015750e-04 6.2533362225e-05 8.8019298570e+01 nan 0.0000000000e+00
9.3834182926e-05 6.1593475479e-05 9.2058773208e+01 nan 0.0000000000e+00
8.9688190134e-06 9.6378118242e-05 5.0412834163e+01 nan 0.0000000000e+00
-2.6476327562e-06 9.6215412018e-05 5.1831160709e+01 nan 0.0000000000e+00
-1.4300229836e-05 9.6120567011e-05 5.3060926113e+01 nan 0.0000000000e+00
-2.5971627543e-05 9.6090909425e-05 5.4097859134e+01 nan 0.0000000000e+00
-3.7644613633e-05 9.6125691034e-05 5.4934992414e+01 nan 0.0000000000e+00
-2.5768149700e-05 4.6049080411e-05 1.2571488431e+02 nan 0.0000000000e+00
1.4926977244e-05 3.1547569639e-05 1.5509307875e+02 nan 0.0000000000e+00
-1.3910439708e-05 3.1508394502e-05 1.5527536065e+02 nan 0.0000000000e+00
1.1090906137e-04 3.2515884240e-05 1.5103752865e+02 nan 0.0000000000e+00
-4.9301982815e-05 9.6225974058e-05 5.5562389659e+01 nan 0.0000000000e+00
1.2171859167e-04 4.8635903652e-05 1.1060181547e+02 nan 0.0000000000e+00
-2.8540267736e-04 3.6481236622e-05 1.0926440160e+02 nan 0.0000000000e+00
1.6623987182e-04 5.4311229412e-05 6.8529190592e+01 nan 0.0000000000e+00
-9.8566925214e-05 5.8363590194e-05 1.0747041835e+02 nan 0.0000000000e+00
-1.9953985927e-04 1.0335476262e-05 2.3577067926e+02 nan 0.0000000000e+00
-2.0335291093e-04 1.0350890688e-05 2.3712649018e+02 nan 0.0000000000e+00
-2.0716078970e-04 1.0367731086e-05 2.3851216127e+02 nan 0.0000000000e+00
-2.3096786111e-04 5.7129729219e-05 1.0159197910e+02 nan 0.0000000000e+00
2.0638542334e-04 9.9059988611e-06 2.1171214510e+02 nan 0.0000000000e+00
-1.9860905564e-04 3.6343883026e-05 1.5898701211e+02 nan 0.0000000000e+00
-2.0109232862e-04 3.2936448690e-05 1.6866808888e+02 nan 0.0000000000e+00
-1.9777592929e-04 3.2831984065e-05 1.6876130439e+02 nan 0.0000000000e+00
2.3281090584e-04 1.0737145273e-05 1.6577450039e+02 nan 0.0000000000e+00
2.7377683777e-04 4.7568311442e-05 2.4435296284e+01 nan 0.0000000000e+00
-2.6536089111e-04 4.9573145825e-05 1.0380495390e+02 nan 0.0000000000e+00
-1.5284917486e-04 6.1640748041e-05 1.0294371900e+02 nan 0.0000000000e+00
-3.2806305641e-04 2.4116912061e-05 9.3915480219e+01 nan 0.0000000000e+00
-3.2485155190e-04 2.3010568307e-05 9.7166863443e+01 nan 0.0000000000e+00
-3.3034603553e-04 2.0768599912e-05 9.5459981564e+01 nan 0.0000000000e+00
-1.7749250076e-04 5.3540857211e-05 1.1783481170e+02 nan 0.0000000000e+00
-1.6602977372e-04 3.7170394547e-05 1.5462774809e+02 nan 0.0000000000e+00
-1.7409332654e-04 3.2287420776e-05 1.6779408109e+02 nan 0.0000000000e+00
-1.7752015571e-04 3.2348958529e-05 1.6805740788e+02 nan 0.0000000000e+00
-1.8666731599e-04 7.4015692662e-05 7.8933723143e+01 nan 0.0000000000e+00
-1.7371094713e-04 6.2805022661e-05 9.9889214569e+01 nan 0.0000000000e+00
2.1097919794e-04 2.3973870741e-05 1.1195270518e+02 nan 0.0000000000e+00
-1.2113471751e-04 9.2701368880e-05 6.0010496603e+01 nan 0.0000000000e+00
3.5431091019e-04 2.3737809766e-05 4.8500466395e+01 nan 0.0000000000e+00
2.6140343767e-04 6.1360323225e-05 2.0586515607e+01 nan 0.0000000000e+00
1.7319345443e-04 7.1954912540e-05 4.1500831876e+01 nan 0.0000000000e+00
-2.0207444766e-04 6.9726102426e-05 8.3446232883e+01 nan 0.0000000000e+00
2.2623119447e-04 8.5243437907e-05 1.3485175712e+01 nan 0.0000000000e+00
-1.0625265779e-04 8.4217607567e-05 7.0283239513e+01 nan 0.0000000000e+00
3.1921539205e-04 5.7661475843e-05 3.3627386105e+01 nan 0.0000000000e+00
-1.9845111311e-04 5.6948519697e-05 1.0894583902e+02 nan 0.0000000000e+00
1.0579782314e-04 1.9555594508e-05 1.8656471255e+02 nan 0.0000000000e+00
9.0956170792e-05 1.9422392333e-05 1.8693561849e+02 nan 0.0000000000e+00
6.1070078419e-05 1.9265367943e-05 1.8602512872e+02 nan 0.0000000000e+00
4.6066234570e-05 1.9220958276e-05 1.8530330355e+02 nan 0.0000000000e+00
3.1039074386e-05 1.9190413239e-05 1.8464250176e+02 nan 0.0000000000e+00
-2.5403078296e-05 1.9143212876e-05 1.8405822278e+02 nan 0.0000000000e+00
-6.3022258881e-05 1.9146702222e-05 1.8587503082e+02 nan 0.0000000000e+00
-7.8050567271e-05 1.9155288093e-05 1.8713070130e+02 nan 0.0000000000e+00
-9.3060286778e-05 1.9168934326e-05 1.8869240916e+02 nan 0.0000000000e+00
-1.2299881845e-04 1.9216334365e-05 1.9274459828e+02 nan 0.0000000000e+00
-1.3791101730e-04 1.9253926825e-05 1.9523709750e+02 nan 0.0000000000e+00
-2.1096282345e-04 1.0386303115e-05 2.3992379331e+02 nan 0.0000000000e+00
-2.1475953162e-04 1.0405245053e-05 2.4136191433e+02 nan 0.0000000000e+00
-2.1854761546e-04 1.0428239836e-05 2.4280861873e+02 nan 0.0000000000e+00
-2.2232853148e-04 1.0452417694e-05 2.4426545808e+02 nan 0.0000000000e+00
-2.2609783417e-04 1.0482416208e-05 2.4570536830e+02 nan 0.0000000000e+00
-2.2985770549e-04 1.0514360829e-05 2.4712727730e+02 nan 0.0000000000e+00
-2.3360579772e-04 1.0549815266e-05 2.4850579412e+02 nan 0.0000000000e+00
-2.3734090088e-04 1.0588718169e-05 2.4981472058e+02 nan 0.0000000000e+00
3.3079021179e-04 2.8270450595e-05 3.6982158395e+01 nan 0.0000000000e+00
1.0944743905e-04 8.8116196584e-05 4.8657780517e+01 nan 0.0000000000e+00
1.0672839024e-04 8.7798531004e-05 4.9505528502e+01 nan 0.0000000000e+00
1.2968971037e-04 8.6920733519e-05 4.7008156620e+01 nan 0.0000000000e+00
-2.4105378830e-04 1.0633247109e-05 2.5100800459e+02 nan 0.0000000000e+00
-2.9467274120e-04 4.4628562084e-05 8.8622159950e+01 nan 0.0000000000e+00
-2.8659139347e-04 4.5623330894e-05 9.3589229368e+01 nan 0.0000000000e+00
-2.4682479959e-04 5.3767017810e-05 1.0348039518e+02 nan 0.0000000000e+00
-3.2703457018e-04 1.9788249172e-05 1.0903627463e+02 nan 0.0000000000e+00
-3.2177225009e-04 2.1974931808e-05 1.0980516465e+02 nan 0.0000000000e+00
-3.2918969177e-04 1.6648056357e-05 1.2889344304e+02 nan 0.0000000000e+00
3.3768404354e-04 5.4870194113e-05 4.0203669167e+01 nan 0.0000000000e+00
3.4185166611e-04 5.1669808900e-05 4.2054872351e+01 nan 0.0000000000e+00
1.9385203411e-04 1.0499777098e-04 4.4086580543e+00 nan 0.0000000000e+00
-1.8600565303e-04 8.8828685470e-05 5.7248974589e+01 nan 0.0000000000e+00
-2.3409568631e-04 7.4315299347e-05 6.6542535865e+01 nan 0.0000000000e+00
3.5853560461e-04 2.0078239156e-05 5.0404075327e+01 nan 0.0000000000e+00
3.5484585837e-04 1.9701051811e-05 4.7827959657e+01 nan 0.0000000000e+00
3.6213266017e-04 2.0484643085e-05 5.3348053016e+01 nan 0.0000000000e+00
3.2311399353e-04 1.6192194694e-05 3.4957727039e+01 nan 0.0000000000e+00
3.1894156032e-04 1.5615127740e-05 3.2885386623e+01 nan 0.0000000000e+00
3.1482393121e-04 1.8473304564e-05 3.2185640728e+01 nan 0.0000000000e+00
3.1472320733e-04 1.5004838821e-05 3.5922328167e+01 nan 0.0000000000e+00
2.6752743219e-04 1.0822702145e-05 9.9569976494e+01 nan 0.0000000000e+00
2.7139740891e-04 1.1158914192e-05 9.3121201980e+01 nan 0.0000000000e+00
-3.3796793439e-04 3.2500798298e-05 9.9912356222e+01 nan 0.0000000000e+00
-3.3197920956e-04 3.4885446485e-05 9.2674440685e+01 nan 0.0000000000e+00
-2.9701466015e-04 4.9746997884e-05 8.5263307054e+01 nan 0.0000000000e+00
2.9511560916e-04 8.7605042009e-05 2.9015448271e+01 nan 0.0000000000e+00
2.9092298603e-04 9.0173550952e-05 2.8425207798e+01 nan 0.0000000000e+00
-1.8981459664e-04 7.3174791470e-06 2.4064382452e+02 nan 0.0000000000e+00
-2.1690365265e-04 7.3903777511e-06 2.5109994291e+02 nan 0.0000000000e+00
2.6654563772e-04 1.0051938024e-04 2.4847937569e+01 nan 0.0000000000e+00
2.7079227569e-04 9.8270240095e-05 2.5308355256e+01 nan 0.0000000000e+00
2.6227896759e-04 1.0269642116e-04 2.4376112582e+01 nan 0.0000000000e+00
-1.9756485360e-04 4.9112756565e-05 1.2649000558e+02 nan 0.0000000000e+00
1.6881946591e-04 1.0081956108e-04 2.4332921813e+01 nan 0.0000000000e+00
1.6205037902e-04 9.5466917242e-05 3.0378013068e+01 nan 0.0000000000e+00
8.1519492860e-05 9.1525584396e-05 4.7429161846e+01 nan 0.0000000000e+00
2.4112164981e-04 9.8875782511e-05 1.7527264577e+01 nan 0.0000000000e+00
2.3892002804e-04 1.0624154183e-04 2.0162044618e+01 nan 0.0000000000e+00
2.3482636014e-04 1.0774270312e-04 2.0214957860e+01 nan 0.0000000000e+00
1.8216230224e-04 1.4547912783e-05 1.9484587228e+02 nan 0.0000000000e+00
1.7824475641e-04 6.6545927500e-05 4.5051887916e+01 nan 0.0000000000e+00
2.0700532261e-04 1.5444437059e-05 1.7075910039e+02 nan 0.0000000000e+00
2.1552321252e-04 1.0513976647e-04 1.0653222484e+01 nan 0.0000000000e+00
2.1446240764e-04 1.0846208221e-04 1.4727970211e+01 nan 0.0000000000e+00
3.0668966086e-04 6.6146789649e-05 2.9991757685e+01 nan 0.0000000000e+00
2.1137896300e-04 4.0645467458e-05 6.6283817230e+01 nan 0.0000000000e+00
-1.6636703007e-04 9.2504840539e-05 5.6060714275e+01 nan 0.0000000000e+00
3.2659508881e-04 3.1339790515e-05 3.5539694208e+01 nan 0.0000000000e+00
2.7785212824e-04 4.5236635880e-05 2.4786096282e+01 nan 0.0000000000e+00
2.7384097723e-04 4.4065143872e-05 2.5970397898e+01 nan 0.0000000000e+00
2.5659946994e-04 7.4386537286e-05 1.6690862832e+01 nan 0.0000000000e+00
2.4433861130e-04 1.8288322400e-05 9.4717067742e+01 nan 0.0000000000e+00
-1.4575457135e-04 6.6928116273e-05 9.4112513633e+01 nan 0.0000000000e+00
2.2987001348e-04 8.3645067638e-05 1.3870128742e+01 nan 0.0000000000e+00
-1.4218569089e-04 3.6798483404e-05 1.5306241173e+02 nan 0.0000000000e+00
-1.8093415852e-04 3.2415149582e-05 1.6828892385e+02 nan 0.0000000000e+00
2.1748973354e-04 7.3772488592e-05 2.5959847396e+01 nan 0.0000000000e+00
2.1434940211e-04 6.9311416230e-05 3.0034157707e+01 nan 0.0000000000e+00
2.1092404321e-04 7.0909862513e-05 2.9903653950e+01 nan 0.0000000000e+00
1.9819937754e-04 4.5278716977e-05 6.5739177770e+01 nan 0.0000000000e+00
1.9498382253e-04 4.4585238124e-05 6.8853979012e+01 nan 0.0000000000e+00
-3.3610785795e-04 1.8354896089e-05 9.3511646510e+01 nan 0.0000000000e+00
2.1427049044e-04 1.5821218119e-05 1.5723834320e+02 nan 0.0000000000e+00
-3.3830502442e-04 1.4956498792e-05 1.0619115668e+02 nan 0.0000000000e+00
1.9624876912e-04 1.4994778894e-05 1.8498818209e+02 nan 0.0000000000e+00
1.5784188176e-04 7.1708117661e-05 5.1629937216e+01 nan 0.0000000000e+00
1.8916687190e-04 1.4753222852e-05 1.9127493535e+02 nan 0.0000000000e+00
1.3853777521e-04 1.3705283052e-05 2.0228971483e+02 nan 0.0000000000e+00
2.9836430690e-04 3.2835096220e-05 2.8556848677e+01 nan 0.0000000000e+00
3.3044655961e-04 3.2042241541e-05 3.7050900842e+01 nan 0.0000000000e+00
1.6667466486e-04 9.7369897146e-05 2.7138175103e+01 nan 0.0000000000e+00
3.1062066927e-04 1.7793567565e-05 3.3396509619e+01 nan 0.0000000000e+00
3.1062114494e-04 1.4530893074e-05 5.7254668605e+01 nan 0.0000000000e+00
-2.9791276366e-04 4.3562682475e-05 8.8860380731e+01 nan 0.0000000000e+00
8.7065388166e-05 9.1961740124e-05 4.6194733628e+01 nan 0.0000000000e+00
1.3415309869e-04 7.1090603863e-05 6.7418480694e+01 nan 0.0000000000e+00
-1.7761972348e-04 1.1770394198e-05 2.2455709236e+02 nan 0.0000000000e+00
-1.8522478031e-04 1.1791969390e-05 2.2682687658e+02 nan 0.0000000000e+00
-1.9283211670e-04 1.1821736571e-05 2.2921338104e+02 nan 0.0000000000e+00
-2.3461100663e-04 4.9005932953e-05 1.1969052618e+02 nan 0.0000000000e+00
-2.0653859339e-04 2.7962630798e-05 1.8387513916e+02 nan 0.0000000000e+00
-2.0992351617e-04 2.8056471449e-05 1.8388756910e+02 nan 0.0000000000e+00
-2.1328594860e-04 2.8160831038e-05 1.8378983218e+02 nan 0.0000000000e+00
-1.6519385524e-04 5.2962665988e-05 1.1928031927e+02 nan 0.0000000000e+00
-1.6207777379e-04 5.2838369121e-05 1.1953623711e+02 nan 0.0000000000e+00
1.3837373590e-04 6.5678638498e-05 7.3130523076e+01 nan 0.0000000000e+00
-1.7437719327e-04 7.2939174361e-06 2.3567500472e+02 nan 0.0000000000e+00
-1.8212783876e-04 7.3000029217e-06 2.3809790232e+02 nan 0.0000000000e+00
-2.0144425933e-04 7.3428747296e-06 2.4484953628e+02 nan 0.0000000000e+00
-2.0918164675e-04 7.3643911973e-06 2.4788222160e+02 nan 0.0000000000e+00
-1.5894667174e-04 5.2721207468e-05 1.1975529699e+02 nan 0.0000000000e+00
1.9098986760e-04 1.0567074728e-04 2.5863564917e+00 nan 0.0000000000e+00
-2.6586877797e-04 6.3458491420e-05 7.5708454962e+01 nan 0.0000000000e+00
3.3539176187e-04 1.7744401443e-05 3.7936680430e+01 nan 0.0000000000e+00
3.3939533556e-04 1.8176936058e-05 3.9624598498e+01 nan 0.0000000000e+00
-3.0159201076e-04 4.6485073622e-05 8.5956601583e+01 nan 0.0000000000e+00
-2.8590792781e-04 2.8636212877e-05 1.3531937163e+02 nan 0.0000000000e+00
1.9689275548e-04 1.0426949782e-04 5.5273987125e+00 nan 0.0000000000e+00
1.7845563897e-04 7.1425664976e-05 3.9940429455e+01 nan 0.0000000000e+00
1.7332847094e-04 7.4344085393e-05 3.9215032853e+01 nan 0.0000000000e+00
2.4640946925e-04 5.9276735899e-05 2.5213372630e+01 nan 0.0000000000e+00
-1.4139740053e-04 8.8056183339e-05 6.4278483394e+01 nan 0.0000000000e+00
3.1322981723e-04 4.7707607945e-05 3.1267210575e+01 nan 0.0000000000e+00
3.1741375798e-04 4.4845416735e-05 3.2611384054e+01 nan 0.0000000000e+00
-2.1775951284e-04 5.7119927151e-05 1.0516932724e+02 nan 0.0000000000e+00
2.9837725108e-04 2.9309966820e-05 2.8590741677e+01 nan 0.0000000000e+00
3.3917705983e-04 2.1898550849e-05 3.9994434126e+01 nan 0.0000000000e+00
1.8541157184e-04 4.0453339355e-05 8.3748842233e+01 nan 0.0000000000e+00
-1.1756112797e-04 1.0451940864e-04 4.7950744151e+01 nan 0.0000000000e+00
-1.1482257780e-04 1.0433953150e-04 4.8267492318e+01 nan 0.0000000000e+00
-2.8133883679e-04 5.7727119238e-05 8.1096073060e+01 nan 0.0000000000e+00
-1.6205716814e-04 9.6200383986e-05 5.2328565289e+01 nan 0.0000000000e+00
2.3571366298e-04 9.1135313584e-05 1.1892294170e+01 nan 0.0000000000e+00
2.4309728321e-04 1.0461575867e-04 2.0182404349e+01 nan 0.0000000000e+00
2.4187527875e-04 1.0833123217e-04 2.1083398364e+01 nan 0.0000000000e+00
2.4618214436e-04 1.0665311862e-04 2.1046132062e+01 nan 0.0000000000e+00
1.9767703985e-04 1.0131798479e-04 9.5682838655e+00 nan 0.0000000000e+00
3.5534751595e-04 3.7147852630e-05 5.0081151839e+01 nan 0.0000000000e+00
2.1691100914e-04 1.1064845755e-04 1.8576473753e+01 nan 0.0000000000e+00
2.6063786416e-04 7.2309121709e-05 1.7554362344e+01 nan 0.0000000000e+00
2.2058982499e-04 1.0950082820e-04 1.7996242766e+01 nan 0.0000000000e+00
2.8763774340e-04 8.8669638457e-05 2.7405538217e+01 nan 0.0000000000e+00
2.8672003826e-04 9.2692898835e-05 2.7896076132e+01 nan 0.0000000000e+00
2.2646239236e-04 1.0138776173e-04 1.3344911040e+01 nan 0.0000000000e+00
-1.6899408489e-04 9.2833240555e-05 5.5257162475e+01 nan 0.0000000000e+00
-2.8257215180e-04 2.2831117520e-05 1.6625203288e+02 nan 0.0000000000e+00
2.9929957229e-04 8.4988317769e-05 2.9670864127e+01 nan 0.0000000000e+00
-1.3860488760e-04 8.7854584113e-05 6.4727010770e+01 nan 0.0000000000e+00
2.5922693853e-04 3.1112524804e-05 5.7998435521e+01 nan 0.0000000000e+00
-1.9897146676e-04 6.3056766509e-05 9.6474734732e+01 nan 0.0000000000e+00
-2.2084148873e-04 4.1292981566e-05 1.4377969091e+02 nan 0.0000000000e+00
-2.7676117047e-04 5.7833890367e-05 8.2302485386e+01 nan 0.0000000000e+00
2.9659598379e-04 5.8575552586e-05 2.6402340882e+01 nan 0.0000000000e+00
1.8911171399e-04 8.3650363581e-05 2.6284261234e+01 nan 0.0000000000e+00
-2.5545575925e-04 2.3204385775e-05 1.9513532498e+02 nan 0.0000000000e+00
-1.2614260021e-04 5.0101790399e-05 1.2373655941e+02 nan 0.0000000000e+00
2.8344376635e-04 9.1151985001e-05 2.6821278070e+01 nan 0.0000000000e+00
2.8250388251e-04 9.5162015275e-05 2.7423849260e+01 nan 0.0000000000e+00
-9.4390668855e-05 6.7184558492e-05 9.3250413184e+01 nan 0.0000000000e+00
-9.7517814238e-05 6.7244781818e-05 9.3263175170e+01 nan 0.0000000000e+00
-9.6478679249e-05 7.0854708294e-05 8.7915797095e+01 nan 0.0000000000e+00
-9.9129087858e-05 1.0546501276e-04 4.7783985753e+01 nan 0.0000000000e+00
-1.0189896582e-04 1.0560605827e-04 4.7584729338e+01 nan 0.0000000000e+00
-4.5485361887e-05 5.2774732115e-05 1.1428540718e+02 nan 0.0000000000e+00
-7.1094923652e-05 1.0440830545e-04 4.8704728550e+01 nan 0.0000000000e+00
-7.3921395265e-05 1.0448745076e-04 4.8695073360e+01 nan 0.0000000000e+00
-7.0409975149e-05 1.0834289356e-04 4.5247327549e+01 nan 0.0000000000e+00
-1.4663862594e-04 9.6632309445e-05 5.3763363878e+01 nan 0.0000000000e+00
1.2635600519e-04 1.0585436667e-04 2.1564873043e+01 nan 0.0000000000e+00
-4.2136636981e-05 5.2766772086e-05 1.1413428618e+02 nan 0.0000000000e+00
1.0941563735e-04 1.0492973155e-04 2.6101195651e+01 nan 0.0000000000e+00
1.0570960419e-04 1.0866986496e-04 2.1893906067e+01 nan 0.0000000000e+00
1.1075855383e-04 1.0946838783e-04 2.0310361828e+01 nan 0.0000000000e+00
-6.5885395724e-05 1.1020669518e-04 4.3575937991e+01 nan 0.0000000000e+00
1.2491270720e-04 8.8222333317e-05 4.5995088185e+01 nan 0.0000000000e+00
2.1449167651e-04 6.6345276667e-05 3.2125017462e+01 nan 0.0000000000e+00
-1.2301101294e-04 1.0490451371e-04 4.7246311692e+01 nan 0.0000000000e+00
8.5832508304e-05 1.0829995429e-04 2.5339973898e+01 nan 0.0000000000e+00
7.8729443818e-05 9.1323991157e-05 4.8022417177e+01 nan 0.0000000000e+00
-7.8796095779e-05 1.0860713263e-04 4.5148121580e+01 nan 0.0000000000e+00
-8.1582149398e-05 1.0870705565e-04 4.5078774591e+01 nan 0.0000000000e+00
-8.7139917392e-05 1.0892550183e-04 4.4883941875e+01 nan 0.0000000000e+00
-1.0263804782e-04 7.0997255789e-05 8.7861291913e+01 nan 0.0000000000e+00
-1.0570716895e-04 7.1074961858e-05 8.7810375155e+01 nan 0.0000000000e+00
-1.0876872233e-04 7.1157185371e-05 8.7742593617e+01 nan 0.0000000000e+00
-1.1486765061e-04 7.1335959400e-05 8.7552920619e+01 nan 0.0000000000e+00
1.9844638501e-04 6.3256390425e-05 4.0316794765e+01 nan 0.0000000000e+00
-1.4275294766e-04 6.6791321653e-05 9.4404963168e+01 nan 0.0000000000e+00
-6.1987699081e-05 1.0812946944e-04 4.5188738773e+01 nan 0.0000000000e+00
-5.7486888867e-05 1.1001408035e-04 4.3447776941e+01 nan 0.0000000000e+00
-5.4681476721e-05 1.0996060868e-04 4.3371309894e+01 nan 0.0000000000e+00
-4.9063342937e-05 1.0986934022e-04 4.3168866875e+01 nan 0.0000000000e+00
-4.6251149358e-05 1.0983126092e-04 4.3043337914e+01 nan 0.0000000000e+00
-4.0621727582e-05 1.0977043014e-04 4.2743903832e+01 nan 0.0000000000e+00
-3.7805055720e-05 1.0974739132e-04 4.2570365103e+01 nan 0.0000000000e+00
-3.4987407350e-05 1.0972927707e-04 4.2381018603e+01 nan 0.0000000000e+00
-2.9350228594e-05 1.0970764323e-04 4.1955291088e+01 nan 0.0000000000e+00
-2.6531218405e-05 1.0970408371e-04 4.1719035620e+01 nan 0.0000000000e+00
-2.0893641834e-05 1.0971146879e-04 4.1199926591e+01 nan 0.0000000000e+00
-1.8075595073e-05 1.0972242940e-04 4.0917142042e+01 nan 0.0000000000e+00
-1.5258415836e-05 1.0973808284e-04 4.0619027840e+01 nan 0.0000000000e+00
-9.6275905207e-06 1.0978441537e-04 3.9976026355e+01 nan 0.0000000000e+00
-6.8144885290e-06 1.0981489185e-04 3.9631281525e+01 nan 0.0000000000e+00
-1.1942327719e-06 1.0989081703e-04 3.8894934168e+01 nan 0.0000000000e+00
1.6123951438e-06 1.0993639220e-04 3.8503181881e+01 nan 0.0000000000e+00
1.0015076994e-05 1.1010424433e-04 3.7232661490e+01 nan 0.0000000000e+00
1.8386253806e-05 1.1032072336e-04 3.5816630720e+01 nan 0.0000000000e+00
3.3489345662e-05 1.1273369753e-04 3.1207802947e+01 nan 0.0000000000e+00
3.8955555112e-05 1.1310484580e-04 2.9856318736e+01 nan 0.0000000000e+00
4.1683172012e-05 1.1324344823e-04 2.9200801831e+01 nan 0.0000000000e+00
4.7118520446e-05 1.1353525720e-04 2.7837171345e+01 nan 0.0000000000e+00
4.9825398679e-05 1.1369214296e-04 2.7125806693e+01 nan 0.0000000000e+00
1.8239981840e-05 1.1431944616e-04 3.2533332330e+01 nan 0.0000000000e+00
-9.5162025587e-06 1.1375285033e-04 3.6798519688e+01 nan 0.0000000000e+00
1.6203430666e-06 1.1391416558e-04 3.5296210417e+01 nan 0.0000000000e+00
5.5216041064e-05 1.1402992620e-04 2.5641799352e+01 nan 0.0000000000e+00
-1.5095201109e-05 1.1370335180e-04 3.7450747447e+01 nan 0.0000000000e+00
7.1737338543e-06 1.1402685230e-04 3.4444431644e+01 nan 0.0000000000e+00
1.2714288277e-05 1.1416168629e-04 3.3524008433e+01 nan 0.0000000000e+00
-2.9057563029e-05 1.1366850139e-04 3.8797398287e+01 nan 0.0000000000e+00
5.7899158361e-05 1.1421148677e-04 2.4868859968e+01 nan 0.0000000000e+00
-3.4643042435e-05 1.1369001279e-04 3.9222574684e+01 nan 0.0000000000e+00
2.9424128631e-05 1.1476586096e-04 3.0252181648e+01 nan 0.0000000000e+00
6.2185593656e-05 1.1245688807e-04 2.5609954269e+01 nan 0.0000000000e+00
-1.5330666493e-04 3.1997026134e-05 1.6578121228e+02 nan 0.0000000000e+00
-1.5679550453e-04 3.2037445817e-05 1.6615119390e+02 nan 0.0000000000e+00
2.9829645975e-04 3.6394729700e-05 2.8038956702e+01 nan 0.0000000000e+00
5.3002465215e-05 7.4728387587e-05 7.3881466989e+01 nan 0.0000000000e+00
-7.3237241445e-05 9.2797344388e-05 6.0108997955e+01 nan 0.0000000000e+00
-7.0319399590e-05 9.2733031470e-05 6.0086198437e+01 nan 0.0000000000e+00
-1.0120859410e-04 9.1735617847e-05 6.1575645901e+01 nan 0.0000000000e+00
-9.8329698934e-05 9.1623296960e-05 6.1714912199e+01 nan 0.0000000000e+00
-1.1831468800e-04 9.2542206155e-05 6.0302040924e+01 nan 0.0000000000e+00
-2.2670472899e-04 3.2313738516e-05 1.6995266583e+02 nan 0.0000000000e+00
-2.2354500037e-04 3.2129394361e-05 1.7091064524e+02 nan 0.0000000000e+00
-2.2648509193e-04 2.8688647008e-05 1.8202725485e+02 nan 0.0000000000e+00
1.3817381345e-04 9.2945791542e-05 3.7726621848e+01 nan 0.0000000000e+00
-1.5744582992e-04 4.0394748447e-05 1.4625859221e+02 nan 0.0000000000e+00
6.9306499525e-05 8.8755910841e-05 5.2530084669e+01 nan 0.0000000000e+00
-1.1790422601e-04 7.1432927805e-05 8.7429170805e+01 nan 0.0000000000e+00
2.6366024363e-04 1.0505243119e-05 1.0671293989e+02 nan 0.0000000000e+00
-1.8433427782e-04 3.2486447352e-05 1.6848318202e+02 nan 0.0000000000e+00
1.9838689369e-04 5.2787548969e-05 5.3756749329e+01 nan 0.0000000000e+00
-2.4556397226e-04 1.5597324821e-05 2.3156924050e+02 nan 0.0000000000e+00
-2.8339667729e-04 1.0309289611e-05 2.4654562725e+02 nan 0.0000000000e+00
-2.8672968559e-04 1.0538518134e-05 2.4321183528e+02 nan 0.0000000000e+00
6.6452587676e-05 8.8600510211e-05 5.3048324209e+01 nan 0.0000000000e+00
-1.8271338539e-04 6.5467885819e-05 9.4183213104e+01 nan 0.0000000000e+00
2.8297783062e-04 1.4958846946e-05 7.3138282252e+01 nan 0.0000000000e+00
-2.1662505493e-04 2.8275256833e-05 1.8357125971e+02 nan 0.0000000000e+00
2.7527478164e-04 1.1511617675e-05 8.7392866462e+01 nan 0.0000000000e+00
-1.9444044674e-04 3.2735425491e-05 1.6878098760e+02 nan 0.0000000000e+00
-3.4209078914e-04 1.5770716851e-05 9.2740252767e+01 nan 0.0000000000e+00
3.5903584800e-04 1.6020331189e-05 4.9105332485e+01 nan 0.0000000000e+00
3.5525081098e-04 1.5740984123e-05 4.6722024527e+01 nan 0.0000000000e+00
1.0935362357e-04 9.6419455364e-05 3.7221050712e+01 nan 0.0000000000e+00
-1.2093225868e-04 7.1535062948e-05 8.7285119515e+01 nan 0.0000000000e+00
2.2661809215e-05 1.0845715760e-04 3.6795097615e+01 nan 0.0000000000e+00
2.9424952168e-04 3.5414252390e-05 2.7735344490e+01 nan 0.0000000000e+00
2.9417649472e-04 3.8975916735e-05 2.7106480397e+01 nan 0.0000000000e+00
2.9014048973e-04 3.7944419128e-05 2.6923287565e+01 nan 0.0000000000e+00
3.1008716252e-05 1.0874449449e-04 3.5189793921e+01 nan 0.0000000000e+00
3.9307636530e-05 1.0908895567e-04 3.3434597565e+01 nan 0.0000000000e+00
7.0176939841e-05 1.1308670529e-04 2.3161057550e+01 nan 0.0000000000e+00
7.2821007407e-05 1.1331670879e-04 2.2305353796e+01 nan 0.0000000000e+00
-2.0903543543e-04 4.4201588262e-05 1.3754061664e+02 nan 0.0000000000e+00
-2.0643252732e-04 4.9784405521e-05 1.2398436917e+02 nan 0.0000000000e+00
1.3692704171e-04 7.1530386062e-05 6.5701077147e+01 nan 0.0000000000e+00
-1.9455870726e-04 4.8916236884e-05 1.2716985261e+02 nan 0.0000000000e+00
-2.0315489670e-04 2.7872550133e-05 1.8378698503e+02 nan 0.0000000000e+00
-2.5934299492e-04 1.4382594276e-05 2.3540584609e+02 nan 0.0000000000e+00
2.9105012773e-04 1.0261298951e-05 7.6814556208e+01 nan 0.0000000000e+00
2.8709463440e-04 9.9325071444e-06 8.0698782019e+01 nan 0.0000000000e+00
2.9838161436e-04 8.9069917934e-05 2.9819682940e+01 nan 0.0000000000e+00
3.0256604625e-04 8.6423693322e-05 3.0449176538e+01 nan 0.0000000000e+00
5.1411786525e-05 9.1790368419e-05 5.0631219252e+01 nan 0.0000000000e+00
5.4275492884e-05 9.1914460594e-05 5.0134358297e+01 nan 0.0000000000e+00
4.5662838394e-05 9.1561873330e-05 5.1593888958e+01 nan 0.0000000000e+00
4.2777889321e-05 9.1457255639e-05 5.2059569285e+01 nan 0.0000000000e+00
3.4084045542e-05 9.1178401308e-05 5.3396143885e+01 nan 0.0000000000e+00
2.9907760807e-05 8.9148456367e-05 5.6307238059e+01 nan 0.0000000000e+00
1.8140636668e-05 8.8888879162e-05 5.7837928893e+01 nan 0.0000000000e+00
9.2708404429e-06 8.8740831584e-05 5.8888717392e+01 nan 0.0000000000e+00
6.3073000842e-06 8.8699734056e-05 5.9220450515e+01 nan 0.0000000000e+00
-2.6002377540e-06 8.8600017865e-05 6.0159497455e+01 nan 0.0000000000e+00
-5.5741377993e-06 8.8574382788e-05 6.0453627159e+01 nan 0.0000000000e+00
-1.4506185162e-05 8.8519598635e-05 6.1278181459e+01 nan 0.0000000000e+00
-1.7486086559e-05 8.8508567154e-05 6.1533433662e+01 nan 0.0000000000e+00
-2.6429684840e-05 8.8496908183e-05 6.2238565899e+01 nan 0.0000000000e+00
-2.9411290824e-05 8.8500121738e-05 6.2452917930e+01 nan 0.0000000000e+00
-3.8353571578e-05 8.8531204342e-05 6.3031379608e+01 nan 0.0000000000e+00
-4.1332590507e-05 8.8548760331e-05 6.3202010278e+01 nan 0.0000000000e+00
-5.0260620097e-05 8.8623534186e-05 6.3644056641e+01 nan 0.0000000000e+00
-5.3232709147e-05 8.8655965621e-05 6.3767273403e+01 nan 0.0000000000e+00
-6.2133373837e-05 8.8776346522e-05 6.4060780494e+01 nan 0.0000000000e+00
6.5645321694e-05 9.2483998833e-05 4.8039650057e+01 nan 0.0000000000e+00
6.2816500227e-05 9.2329863306e-05 4.8579912705e+01 nan 0.0000000000e+00
5.6814534210e-05 7.1147647075e-05 7.9109560673e+01 nan 0.0000000000e+00
1.8293176653e-04 4.9015555816e-05 6.8044379603e+01 nan 0.0000000000e+00
-1.2150480616e-04 5.3494073200e-05 1.1710361956e+02 nan 0.0000000000e+00
-1.1825874079e-04 5.3434751825e-05 1.1705790778e+02 nan 0.0000000000e+00
-1.6207631078e-04 2.8842591878e-05 1.7497163871e+02 nan 0.0000000000e+00
-1.7535844573e-04 2.7376780564e-05 1.8100216304e+02 nan 0.0000000000e+00
-1.8587711594e-04 2.7526897627e-05 1.8233681544e+02 nan 0.0000000000e+00
-1.8935921923e-04 2.7585184518e-05 1.8272389641e+02 nan 0.0000000000e+00
-1.8274043976e-04 5.0102242276e-05 1.2504920501e+02 nan 0.0000000000e+00
-2.2962203359e-04 2.7063778975e-05 1.8740449671e+02 nan 0.0000000000e+00
3.4503852027e-04 5.2779764905e-05 4.3145396246e+01 nan 0.0000000000e+00
-2.9118615255e-04 6.9549752833e-06 2.7083074864e+02 nan 0.0000000000e+00
-2.9473477416e-04 7.1226034892e-06 2.6724102107e+02 nan 0.0000000000e+00
-2.8763562911e-04 6.8028143915e-06 2.7360987682e+02 nan 0.0000000000e+00
-2.5917786807e-04 4.5114960839e-05 1.1819047555e+02 nan 0.0000000000e+00
-3.1288703011e-04 1.9329332435e-05 1.4296383005e+02 nan 0.0000000000e+00
-2.4710698901e-04 6.0168062564e-06 2.7036531944e+02 nan 0.0000000000e+00
-2.5844805681e-04 6.1195919345e-06 2.7625609177e+02 nan 0.0000000000e+00
-2.6968136783e-04 6.2677254546e-06 2.7955715500e+02 nan 0.0000000000e+00
-3.3459883344e-04 3.6412246204e-05 9.7143684729e+01 nan 0.0000000000e+00
2.4490706785e-04 1.1042353523e-04 2.2021591032e+01 nan 0.0000000000e+00
2.4929444420e-04 1.0867495630e-04 2.2618795574e+01 nan 0.0000000000e+00
-3.4054766342e-04 3.3962796577e-05 1.0546052517e+02 nan 0.0000000000e+00
1.6643919791e-04 1.0468121873e-04 2.4452222766e+01 nan 0.0000000000e+00
2.6967452480e-04 1.0232171872e-04 2.6294229745e+01 nan 0.0000000000e+00
-1.8630196894e-04 9.1058590662e-05 5.4283252352e+01 nan 0.0000000000e+00
1.7079080019e-04 1.0437967697e-04 2.3547517012e+01 nan 0.0000000000e+00
3.5851491065e-04 3.8065471144e-05 5.1918499545e+01 nan 0.0000000000e+00
-1.8153650295e-04 9.2468173807e-05 5.3478636246e+01 nan 0.0000000000e+00
2.8575406001e-04 9.6724655189e-05 2.8354186816e+01 nan 0.0000000000e+00
2.8151347879e-04 9.9177225820e-05 2.7998619944e+01 nan 0.0000000000e+00
-1.4518258075e-04 1.0063273024e-04 4.9590265722e+01 nan 0.0000000000e+00
-1.4250750850e-04 1.0037404347e-04 5.0146154837e+01 nan 0.0000000000e+00
-3.0166428738e-04 5.0435292113e-05 8.5080988963e+01 nan 0.0000000000e+00
-3.0481755927e-04 4.9715514199e-05 8.5403500662e+01 nan 0.0000000000e+00
-2.5077123556e-04 7.0145445771e-05 6.8578089548e+01 nan 0.0000000000e+00
3.1474194123e-04 1.1797622888e-05 6.2811452424e+01 nan 0.0000000000e+00
3.1081753103e-04 1.1584595006e-05 7.6738723017e+01 nan 0.0000000000e+00
-5.4157533480e-05 1.1392792438e-04 4.0193925567e+01 nan 0.0000000000e+00
3.3952865286e-04 1.4514432223e-05 3.9197906220e+01 nan 0.0000000000e+00
3.4354065505e-04 1.4853704920e-05 4.0927745685e+01 nan 0.0000000000e+00
-9.8183715848e-05 1.0944067129e-04 4.4261468194e+01 nan 0.0000000000e+00
1.7283963465e-04 1.0555541225e-04 2.3633179419e+01 nan 0.0000000000e+00
-2.2329577653e-04 5.3681705532e-05 1.1161475353e+02 nan 0.0000000000e+00
-2.4561685903e-04 2.8056381892e-05 1.8020085425e+02 nan 0.0000000000e+00
-2.4249876386e-04 2.7820894073e-05 1.8219394797e+02 nan 0.0000000000e+00
-1.2572171331e-04 1.0511025651e-04 4.6858019724e+01 nan 0.0000000000e+00
-5.0261528349e-05 5.4490582156e-05 1.1154133745e+02 nan 0.0000000000e+00
2.5265150104e-04 9.7161961287e-05 1.9621421765e+01 nan 0.0000000000e+00
7.1274770400e-05 9.2817912322e-05 4.6924499808e+01 nan 0.0000000000e+00
-2.5568689524e-04 1.0885327551e-05 2.5345461003e+02 nan 0.0000000000e+00
1.3741503159e-04 6.1554691715e-05 7.9850860809e+01 nan 0.0000000000e+00
1.4313489794e-04 6.2398486222e-05 7.5030432654e+01 nan 0.0000000000e+00
2.4504109294e-04 7.6608310129e-05 1.5910682264e+01 nan 0.0000000000e+00
2.4117259299e-04 7.8462186657e-05 1.5341315854e+01 nan 0.0000000000e+00
-3.0903705074e-04 4.0196488458e-05 8.9518877042e+01 nan 0.0000000000e+00
2.4073567953e-04 8.2074529152e-05 1.3775846813e+01 nan 0.0000000000e+00
-1.2615009136e-04 6.9859011770e-05 8.9780104277e+01 nan 0.0000000000e+00
2.1396389475e-04 7.5332670087e-05 2.6037625057e+01 nan 0.0000000000e+00
3.5435214940e-04 4.1597712611e-05 4.8996727057e+01 nan 0.0000000000e+00
-1.7897577155e-04 9.2075896776e-05 5.4462898026e+01 nan 0.0000000000e+00
3.1784876750e-04 4.1034107690e-05 3.2703275639e+01 nan 0.0000000000e+00
3.2160806076e-04 4.1920364953e-05 3.4019607544e+01 nan 0.0000000000e+00
2.7789197691e-04 4.1715503840e-05 2.6085460009e+01 nan 0.0000000000e+00
2.7390841047e-04 4.0612269815e-05 2.8546480819e+01 nan 0.0000000000e+00
2.7001375209e-04 3.9563399992e-05 3.2369036942e+01 nan 0.0000000000e+00
2.6605891274e-04 4.1854529004e-05 3.1927371266e+01 nan 0.0000000000e+00
-2.3485100995e-04 6.7259940410e-05 7.9289448392e+01 nan 0.0000000000e+00
2.3032078440e-04 8.0202441261e-05 1.5917646713e+01 nan 0.0000000000e+00
2.5692702505e-04 7.0698951128e-05 1.7550770731e+01 nan 0.0000000000e+00
2.3868995769e-04 6.6514648500e-05 2.2730137622e+01 nan 0.0000000000e+00
2.4215747322e-04 6.7987106945e-05 2.1006666819e+01 nan 0.0000000000e+00
-2.1794148415e-04 4.4929402736e-05 1.3442293532e+02 nan 0.0000000000e+00
-2.6282429787e-04 4.1337671943e-05 1.2539986774e+02 nan 0.0000000000e+00
9.3718812781e-05 8.8510959357e-05 5.0177295594e+01 nan 0.0000000000e+00
8.1470379769e-05 1.0995015899e-04 2.4189486106e+01 nan 0.0000000000e+00
1.0136002779e-04 1.1018877316e-04 2.0487718050e+01 nan 0.0000000000e+00
-1.1500494297e-04 5.3378860980e-05 1.1699917906e+02 nan 0.0000000000e+00
-9.3569178315e-05 1.0520359798e-04 4.8121095941e+01 nan 0.0000000000e+00
-1.1016449338e-04 1.0607278921e-04 4.6859327239e+01 nan 0.0000000000e+00
2.0114414061e-04 3.6298924382e-05 8.1792625717e+01 nan 0.0000000000e+00
1.9781865490e-04 3.5750019788e-05 8.5637900596e+01 nan 0.0000000000e+00
2.0450470292e-04 3.6878828173e-05 7.8077031588e+01 nan 0.0000000000e+00
-2.0157529423e-04 6.1303232326e-05 9.9514147161e+01 nan 0.0000000000e+00
2.5356042459e-04 9.3321163420e-05 1.8663294554e+01 nan 0.0000000000e+00
3.1691202980e-04 4.8703606871e-05 3.2527086460e+01 nan 0.0000000000e+00
-1.3814224550e-04 4.1756317211e-05 1.4163193620e+02 nan 0.0000000000e+00
-1.5120914565e-04 7.4893092461e-05 8.1442890942e+01 nan 0.0000000000e+00
-1.4115001280e-04 7.0486418323e-05 8.8587528276e+01 nan 0.0000000000e+00
-1.3817415497e-04 7.0347376750e-05 8.8879625698e+01 nan 0.0000000000e+00
3.0660652193e-04 2.7521087003e-05 3.0411277127e+01 nan 0.0000000000e+00
-1.6076308739e-04 5.8286435705e-05 1.0890881953e+02 nan 0.0000000000e+00
-2.9667482129e-04 1.1361820153e-05 2.3042600812e+02 nan 0.0000000000e+00
-3.0093124491e-04 9.5646643925e-06 2.4210160668e+02 nan 0.0000000000e+00
-1.8579833838e-04 5.0266368891e-05 1.2456884878e+02 nan 0.0000000000e+00
2.9006441257e-04 4.1505976006e-05 2.6241321491e+01 nan 0.0000000000e+00
-3.0668776361e-04 2.3894042496e-05 1.3061554592e+02 nan 0.0000000000e+00
-2.6906532428e-04 4.5772995042e-05 1.0956778829e+02 nan 0.0000000000e+00
2.6229800155e-04 4.0848522230e-05 3.7178846844e+01 nan 0.0000000000e+00
2.6250197645e-04 3.7715094665e-05 4.6745252059e+01 nan 0.0000000000e+00
2.6213492359e-04 4.4105712877e-05 3.1550255980e+01 nan 0.0000000000e+00
-3.4043478996e-04 1.1723107465e-05 1.3629164430e+02 nan 0.0000000000e+00
1.4285711085e-04 9.1841598208e-05 3.8506896278e+01 nan 0.0000000000e+00
-2.8942312991e-04 2.7108257053e-05 1.3768286725e+02 nan 0.0000000000e+00
2.2711630565e-04 7.8499651619e-05 1.7749830168e+01 nan 0.0000000000e+00
-2.5120570280e-04 4.5501996833e-05 1.2181699844e+02 nan 0.0000000000e+00
-2.7913999106e-04 2.4398911274e-05 1.6168305579e+02 nan 0.0000000000e+00
1.1322405852e-04 7.4452774795e-05 6.8027310093e+01 nan 0.0000000000e+00
1.1036841402e-04 7.4166777409e-05 6.8971355605e+01 nan 0.0000000000e+00
2.9848638390e-04 1.9383756541e-05 6.6970259691e+01 nan 0.0000000000e+00
-1.7301828473e-04 1.6313468591e-05 2.1078833353e+02 nan 0.0000000000e+00
-2.1306267798e-04 1.5033971926e-05 2.2635037196e+02 nan 0.0000000000e+00
3.5107693914e-04 1.9336756667e-05 4.5533186495e+01 nan 0.0000000000e+00
-2.4841683178e-04 1.0740313124e-05 2.5285236753e+02 nan 0.0000000000e+00
1.1483462337e-04 8.8805264039e-05 4.6840971203e+01 nan 0.0000000000e+00
1.6199417028e-04 9.3108124534e-05 3.2394196377e+01 nan 0.0000000000e+00
1.8853960142e-04 4.1007087315e-05 8.0226879704e+01 nan 0.0000000000e+00
1.4117335577e-04 6.6127254906e-05 7.0934844510e+01 nan 0.0000000000e+00
-2.8662453848e-04 3.9851157973e-05 9.9414088556e+01 nan 0.0000000000e+00
-2.8138814999e-04 4.0120831750e-05 1.0698665643e+02 nan 0.0000000000e+00
-1.5332571319e-04 5.4327308266e-05 1.1652742947e+02 nan 0.0000000000e+00
1.9804419412e-04 1.0966213304e-04 4.8361239571e+00 nan 0.0000000000e+00
2.1935915037e-04 1.1279545822e-04 2.1624946815e+01 nan 0.0000000000e+00
-3.1941696915e-04 1.4589637770e-05 1.5797627424e+02 nan 0.0000000000e+00
-3.1463394774e-04 4.5341208090e-05 8.5570186358e+01 nan 0.0000000000e+00
1.2254372870e-04 1.0948980801e-04 1.7682067086e+01 nan 0.0000000000e+00
-3.3105944367e-04 4.0338358699e-05 9.3470408762e+01 nan 0.0000000000e+00
1.2498189003e-04 1.1002033965e-04 1.6591806166e+01 nan 0.0000000000e+00
1.9481059352e-04 1.1013827545e-04 3.7402346462e+00 nan 0.0000000000e+00
3.0162135903e-04 9.0536265369e-05 3.0442610054e+01 nan 0.0000000000e+00
3.0585117947e-04 8.7986958618e-05 3.1068620785e+01 nan 0.0000000000e+00
1.8153307204e-04 1.0604437986e-04 1.2937217224e+01 nan 0.0000000000e+00
-2.8584716896e-04 5.7875023432e-05 7.9916019598e+01 nan 0.0000000000e+00
8.5893882331e-05 1.1463445807e-04 1.7768778449e+01 nan 0.0000000000e+00
1.0211939180e-04 1.1245293402e-04 1.7494508479e+01 nan 0.0000000000e+00
9.8805985916e-05 1.0983747244e-04 2.1282425831e+01 nan 0.0000000000e+00
3.2730386185e-04 9.6149673441e-06 3.4420584697e+01 nan 0.0000000000e+00
-2.3855667011e-04 7.5797629541e-05 6.2535870775e+01 nan 0.0000000000e+00
2.9742732048e-04 9.3161965103e-05 2.9907239826e+01 nan 0.0000000000e+00
3.5743824550e-04 4.2639592375e-05 5.0428045575e+01 nan 0.0000000000e+00
3.3144695541e-04 1.0060649001e-05 3.6409583530e+01 nan 0.0000000000e+00
3.4402619043e-04 5.7202142782e-05 4.2093899566e+01 nan 0.0000000000e+00
3.4813723331e-04 5.3959499440e-05 4.4064751860e+01 nan 0.0000000000e+00
3.6155763761e-04 3.9090220268e-05 5.3549994581e+01 nan 0.0000000000e+00
-1.5048713777e-04 2.7132554528e-05 1.7745335677e+02 nan 0.0000000000e+00
3.5938089585e-04 1.2042152827e-05 4.7193492733e+01 nan 0.0000000000e+00
3.5549525803e-04 1.1885835181e-05 4.5190140955e+01 nan 0.0000000000e+00
3.6319140209e-04 1.2243266980e-05 4.9690819665e+01 nan 0.0000000000e+00
3.4371132544e-04 1.1092353258e-05 4.0284652569e+01 nan 0.0000000000e+00
1.0538068894e-04 9.1749093096e-05 4.4184662193e+01 nan 0.0000000000e+00
3.0692484954e-04 1.1364782125e-05 7.6263683893e+01 nan 0.0000000000e+00
2.9114409914e-04 7.5715457811e-06 8.3586682893e+01 nan 0.0000000000e+00
2.8713327137e-04 7.3559885024e-06 8.9579130845e+01 nan 0.0000000000e+00
2.9511679208e-04 7.8479892513e-06 7.8675851555e+01 nan 0.0000000000e+00
-6.1516225300e-05 9.2567546755e-05 5.9925960977e+01 nan 0.0000000000e+00
8.0704524164e-05 1.1407199437e-04 1.9625426580e+01 nan 0.0000000000e+00
2.6772033329e-04 6.0981840157e-06 1.3476117097e+02 nan 0.0000000000e+00
2.6391415904e-04 5.8820913134e-06 1.4613334927e+02 nan 0.0000000000e+00
-2.1673875311e-04 1.5071355133e-05 2.2738371162e+02 nan 0.0000000000e+00
2.4938768443e-04 9.5267537576e-05 1.8444029862e+01 nan 0.0000000000e+00
7.3514453063e-05 1.0922124468e-04 2.6633815592e+01 nan 0.0000000000e+00
6.5475922850e-05 1.0858590474e-04 2.8948887166e+01 nan 0.0000000000e+00
2.0144333748e-04 1.0901903776e-04 6.7341337211e+00 nan 0.0000000000e+00
2.0254027599e-04 1.0581784322e-04 5.1472196902e+00 nan 0.0000000000e+00
-3.6547330766e-04 1.1605047464e-05 1.2876416201e+02 nan 0.0000000000e+00
2.0446618376e-04 7.1133408694e-05 3.1549268186e+01 nan 0.0000000000e+00
2.9832594364e-04 2.2446192864e-05 4.2205036667e+01 nan 0.0000000000e+00
1.7355411917e-04 7.9132860517e-05 3.4958258772e+01 nan 0.0000000000e+00
-2.7044767137e-04 6.3094490216e-05 7.4838391467e+01 nan 0.0000000000e+00
-2.5708584277e-04 6.2123245761e-05 8.1432132623e+01 nan 0.0000000000e+00
2.1910010723e-04 1.0397126535e-04 1.1786791239e+01 nan 0.0000000000e+00
2.8432866778e-04 8.7153652122e-05 2.6224295496e+01 nan 0.0000000000e+00
1.8082382768e-04 6.2565518580e-05 4.8696528920e+01 nan 0.0000000000e+00
-8.5180175706e-05 1.0486068174e-04 4.8478710821e+01 nan 0.0000000000e+00
-1.2967873993e-04 1.0132690371e-04 5.0301288818e+01 nan 0.0000000000e+00
-2.3009486730e-04 6.6048556922e-05 8.3235155752e+01 nan 0.0000000000e+00
-2.2085764101e-04 4.5201266349e-05 1.3317225889e+02 nan 0.0000000000e+00
2.6468398388e-04 7.0170194824e-05 1.8511975345e+01 nan 0.0000000000e+00
2.6500718764e-04 6.6471515430e-05 1.9032582058e+01 nan 0.0000000000e+00
2.6873975240e-04 6.7971001503e-05 1.9422547048e+01 nan 0.0000000000e+00
1.5047086596e-04 7.4169245432e-05 5.5351714537e+01 nan 0.0000000000e+00
3.1272858041e-04 5.1560266968e-05 3.1190886764e+01 nan 0.0000000000e+00
-3.1808744066e-04 3.7337475628e-05 9.0491374011e+01 nan 0.0000000000e+00
4.6233864892e-05 8.7724110462e-05 5.6363295384e+01 nan 0.0000000000e+00
-2.5854654062e-04 2.3478861556e-05 1.9195158575e+02 nan 0.0000000000e+00
-1.5049514380e-04 1.0118396274e-04 4.8390158396e+01 nan 0.0000000000e+00
-2.0319266883e-04 4.5695679804e-05 1.3428974660e+02 nan 0.0000000000e+00
-1.5130463618e-04 4.8920788210e-05 1.2730826229e+02 nan 0.0000000000e+00
3.0674939929e-04 8.3750933521e-05 3.1156989825e+01 nan 0.0000000000e+00
3.1002944657e-04 8.5294163667e-05 3.1760939295e+01 nan 0.0000000000e+00
-1.2941584074e-04 5.0161782824e-05 1.2379718700e+02 nan 0.0000000000e+00
-1.3119248407e-04 5.3694485989e-05 1.1715019342e+02 nan 0.0000000000e+00
-1.3440326124e-04 5.3769478071e-05 1.1713093622e+02 nan 0.0000000000e+00
9.5297767934e-05 1.1365452340e-04 1.6990691086e+01 nan 0.0000000000e+00
-1.7379979402e-04 9.1340161198e-05 5.6310119822e+01 nan 0.0000000000e+00
1.8943786810e-04 6.2818095728e-05 4.4522569261e+01 nan 0.0000000000e+00
-5.3580982701e-05 5.4503601300e-05 1.1169049382e+02 nan 0.0000000000e+00
1.1326082187e-04 1.0989716600e-04 1.9473953271e+01 nan 0.0000000000e+00
-2.2257927783e-04 6.6681212388e-05 8.4254384695e+01 nan 0.0000000000e+00
-1.6633220507e-04 8.0067809975e-05 7.2518114639e+01 nan 0.0000000000e+00
9.1061002759e-05 1.0887367255e-04 2.3717612940e+01 nan 0.0000000000e+00
-1.5465813562e-04 9.7450082234e-05 5.1919764079e+01 nan 0.0000000000e+00
-1.5730382256e-04 9.7746684639e-05 5.1242171644e+01 nan 0.0000000000e+00
-1.5783478897e-04 9.9916893786e-05 4.8779630766e+01 nan 0.0000000000e+00
-1.8155747099e-04 7.5496317967e-05 7.7361413067e+01 nan 0.0000000000e+00
-2.3936645075e-04 2.3980783186e-05 1.9760633584e+02 nan 0.0000000000e+00
1.3671376172e-04 8.3984686758e-05 4.9570210254e+01 nan 0.0000000000e+00
1.0124634235e-04 8.7210219571e-05 5.1084024205e+01 nan 0.0000000000e+00
1.4230306441e-04 1.0527509059e-04 2.2020891566e+01 nan 0.0000000000e+00
3.3465590417e-04 2.8900363018e-05 3.8629142885e+01 nan 0.0000000000e+00
3.3424078419e-04 3.2732020848e-05 3.8697022080e+01 nan 0.0000000000e+00
3.3002261365e-04 3.5867883482e-05 3.7056188661e+01 nan 0.0000000000e+00
-2.0728766020e-04 7.0526956108e-05 8.0892425151e+01 nan 0.0000000000e+00
-1.6878540092e-04 6.6340004853e-05 9.3958430069e+01 nan 0.0000000000e+00
-1.8935124845e-04 7.4345208629e-05 7.7943397419e+01 nan 0.0000000000e+00
1.5460973696e-04 8.8336578073e-05 3.9566013739e+01 nan 0.0000000000e+00
-1.3778810551e-04 1.0201691471e-04 4.8909210280e+01 nan 0.0000000000e+00
-1.5800619598e-04 7.9335894074e-05 7.4440533807e+01 nan 0.0000000000e+00
-1.5350887821e-04 8.2979654420e-05 6.9807947721e+01 nan 0.0000000000e+00
1.8103125286e-04 6.7468809499e-05 4.2857597244e+01 nan 0.0000000000e+00
-1.3518617645e-04 7.0215381095e-05 8.9143727323e+01 nan 0.0000000000e+00
1.7797947310e-04 6.1723503361e-05 5.1136775393e+01 nan 0.0000000000e+00
2.3888323344e-04 9.3153805549e-05 1.3771767037e+01 nan 0.0000000000e+00
-2.6158221001e-04 2.3785517662e-05 1.8825269024e+02 nan 0.0000000000e+00
-2.6455830986e-04 2.4128661279e-05 1.8399876609e+02 nan 0.0000000000e+00
-5.8841659883e-05 5.2823985037e-05 1.1489049727e+02 nan 0.0000000000e+00
-6.2175551630e-05 5.2840359196e-05 1.1504149146e+02 nan 0.0000000000e+00
1.9817890068e-04 7.4132309898e-05 3.1093575552e+01 nan 0.0000000000e+00
-2.0985331745e-04 7.0959266892e-05 7.9524035478e+01 nan 0.0000000000e+00
-1.7411752172e-04 7.8805546837e-05 7.3367975183e+01 nan 0.0000000000e+00
3.6473760933e-04 2.5342547489e-05 5.7077906098e+01 nan 0.0000000000e+00
3.6795652834e-04 2.6031052728e-05 6.0399998359e+01 nan 0.0000000000e+00
3.6898196820e-04 2.1464352382e-05 6.0610597901e+01 nan 0.0000000000e+00
3.7328853538e-04 1.7453223444e-05 6.4496971148e+01 nan 0.0000000000e+00
3.7101216606e-04 2.6853369925e-05 6.3730966277e+01 nan 0.0000000000e+00
3.4602044654e-04 4.8394030261e-05 4.4113471811e+01 nan 0.0000000000e+00
1.7712642726e-04 5.0030535634e-05 6.9671115530e+01 nan 0.0000000000e+00
-4.6721933352e-05 2.8368316526e-05 1.6333903270e+02 nan 0.0000000000e+00
-4.3077931459e-05 2.8366237249e-05 1.6316783925e+02 nan 0.0000000000e+00
-9.4223589842e-05 5.6557008593e-05 1.1033086849e+02 nan 0.0000000000e+00
-9.5232420848e-05 5.3110570911e-05 1.1641984381e+02 nan 0.0000000000e+00
-8.9809432702e-05 5.4773006220e-05 1.1318496524e+02 nan 0.0000000000e+00
-6.5506949163e-05 5.2858423279e-05 1.1519170679e+02 nan 0.0000000000e+00
-7.0144169204e-05 5.4594842382e-05 1.1241876548e+02 nan 0.0000000000e+00
-7.3448327439e-05 5.4618651455e-05 1.1255817956e+02 nan 0.0000000000e+00
-1.8553219409e-04 6.5724390721e-05 9.3379827275e+01 nan 0.0000000000e+00
4.9966883890e-05 7.4640746822e-05 7.4229247423e+01 nan 0.0000000000e+00
5.0672705647e-05 7.0979182076e-05 7.9767238955e+01 nan 0.0000000000e+00
4.4504203741e-05 7.0829867213e-05 8.0384067391e+01 nan 0.0000000000e+00
4.1410485104e-05 7.0763406878e-05 8.0676897327e+01 nan 0.0000000000e+00
3.8311112304e-05 7.0700845134e-05 8.0962277301e+01 nan 0.0000000000e+00
3.5206436499e-05 7.0641614016e-05 8.1241418605e+01 nan 0.0000000000e+00
2.8981602799e-05 7.0537582444e-05 8.1775342143e+01 nan 0.0000000000e+00
2.5862378959e-05 7.0490013661e-05 8.2034757602e+01 nan 0.0000000000e+00
2.2738728423e-05 7.0447457317e-05 8.2286295585e+01 nan 0.0000000000e+00
1.7891043640e-05 7.2191801502e-05 7.9995401504e+01 nan 0.0000000000e+00
1.3345325818e-05 7.0337670692e-05 8.3013034009e+01 nan 0.0000000000e+00
1.0207539190e-05 7.0307422388e-05 8.3245630027e+01 nan 0.0000000000e+00
7.0669384487e-06 7.0279247088e-05 8.3475077316e+01 nan 0.0000000000e+00
2.2894316249e-06 7.2040446170e-05 8.1200740128e+01 nan 0.0000000000e+00
-2.3696154055e-06 7.0213836121e-05 8.4134490960e+01 nan 0.0000000000e+00
-5.5191374599e-06 7.0198033038e-05 8.4345063232e+01 nan 0.0000000000e+00
-1.0234162228e-05 7.1971403031e-05 8.2079495631e+01 nan 0.0000000000e+00
-1.4976117104e-05 7.0164142700e-05 8.4954470567e+01 nan 0.0000000000e+00
-1.8130413636e-05 7.0157960130e-05 8.5148915213e+01 nan 0.0000000000e+00
-2.1285319185e-05 7.0153438324e-05 8.5340092345e+01 nan 0.0000000000e+00
-2.5914548674e-05 7.1944355063e-05 8.3069623578e+01 nan 0.0000000000e+00
-3.0750890856e-05 7.0156634503e-05 8.5882629824e+01 nan 0.0000000000e+00
-3.3905511887e-05 7.0163149892e-05 8.6052765525e+01 nan 0.0000000000e+00
-3.7059487111e-05 7.0171633189e-05 8.6218295262e+01 nan 0.0000000000e+00
-4.1594135796e-05 7.1981154944e-05 8.3924260554e+01 nan 0.0000000000e+00
-4.6514843936e-05 7.0211676844e-05 8.6681128971e+01 nan 0.0000000000e+00
-4.9663664393e-05 7.0229446944e-05 8.6823988782e+01 nan 0.0000000000e+00
-5.4115738514e-05 7.2057743626e-05 8.4491499473e+01 nan 0.0000000000e+00
-5.9096933792e-05 7.0301092076e-05 8.7207413767e+01 nan 0.0000000000e+00
-6.2236220843e-05 7.0330170065e-05 8.7320511453e+01 nan 0.0000000000e+00
-6.5372462972e-05 7.0362078324e-05 8.7425402097e+01 nan 0.0000000000e+00
-6.9712440317e-05 7.2216534146e-05 8.5021737485e+01 nan 0.0000000000e+00
-7.4760138367e-05 7.0475301737e-05 8.7686721043e+01 nan 0.0000000000e+00
-7.7881336097e-05 7.0519337103e-05 8.7754164617e+01 nan 0.0000000000e+00
-8.0998054660e-05 7.0566556919e-05 8.7811081886e+01 nan 0.0000000000e+00
2.5461736818e-05 7.4115594577e-05 7.6696982009e+01 nan 0.0000000000e+00
3.4692210774e-05 7.4279314356e-05 7.5828589929e+01 nan 0.0000000000e+00
3.1851103955e-04 3.3552089012e-05 3.2895875512e+01 nan 0.0000000000e+00
-2.1504804226e-04 5.8847949473e-05 1.0203530149e+02 nan 0.0000000000e+00
-6.7389384236e-05 9.2672719456e-05 6.0048444564e+01 nan 0.0000000000e+00
6.2931217596e-05 7.1340589166e-05 7.8397279068e+01 nan 0.0000000000e+00
6.5972235379e-05 7.1448120973e-05 7.8016182384e+01 nan 0.0000000000e+00
-1.8238239154e-04 2.7472977298e-05 1.8191692964e+02 nan 0.0000000000e+00
-3.0770517410e-04 1.0175931232e-05 2.2228863331e+02 nan 0.0000000000e+00
-1.0951165558e-04 5.5030266113e-05 1.1375362797e+02 nan 0.0000000000e+00
-5.0375357022e-05 2.8368043813e-05 1.6353090406e+02 nan 0.0000000000e+00
2.0477147325e-04 4.9341971078e-05 5.5682007407e+01 nan 0.0000000000e+00
-7.8802700973e-05 5.2948646490e-05 1.1577631674e+02 nan 0.0000000000e+00
-8.2095860289e-05 5.2984360063e-05 1.1589994745e+02 nan 0.0000000000e+00
-1.6931348073e-04 5.8189772068e-06 2.3807253699e+02 nan 0.0000000000e+00
2.2144021701e-04 6.5976453493e-05 2.9899034999e+01 nan 0.0000000000e+00
2.6730104407e-04 1.8517041585e-05 7.4701199455e+01 nan 0.0000000000e+00
2.2314161680e-04 8.3430359488e-05 1.5285352421e+01 nan 0.0000000000e+00
2.1486022060e-04 4.9309606582e-05 5.0791233651e+01 nan 0.0000000000e+00
2.5183425469e-04 2.7024850296e-05 6.6488981682e+01 nan 0.0000000000e+00
2.7159197113e-04 6.3255126993e-06 1.2395505284e+02 nan 0.0000000000e+00
-2.4324461962e-04 5.9862328345e-06 2.6829830488e+02 nan 0.0000000000e+00
2.4895799949e-04 7.4695020608e-05 1.6450436762e+01 nan 0.0000000000e+00
3.1091917549e-04 8.1018278854e-05 3.1942250931e+01 nan 0.0000000000e+00
3.1414049062e-04 8.2415082798e-05 3.2530968122e+01 nan 0.0000000000e+00
3.1506728257e-04 7.8203117280e-05 3.2810863447e+01 nan 0.0000000000e+00
3.1827942528e-04 7.9581868603e-05 3.3399022217e+01 nan 0.0000000000e+00
2.2902433191e-04 5.3291018693e-05 3.8104599455e+01 nan 0.0000000000e+00
-3.3982584181e-04 1.9248252407e-05 9.6111527651e+01 nan 0.0000000000e+00
2.5994838983e-04 5.7533546473e-06 1.5800760022e+02 nan 0.0000000000e+00
2.5217050587e-04 5.4491709229e-06 1.8328132093e+02 nan 0.0000000000e+00
6.9005711817e-05 7.1562072207e-05 7.7618366024e+01 nan 0.0000000000e+00
2.6186737028e-04 5.0852662183e-05 2.5730579102e+01 nan 0.0000000000e+00
-5.8045974637e-05 1.0607538556e-04 4.6799425908e+01 nan 0.0000000000e+00
-8.9651538250e-05 9.1321944632e-05 6.2017105560e+01 nan 0.0000000000e+00
-8.6746129759e-05 9.1232341812e-05 6.2081537058e+01 nan 0.0000000000e+00
-8.5726660056e-05 8.9285049166e-05 6.4219845130e+01 nan 0.0000000000e+00
3.2298884189e-04 9.2374273464e-06 4.6731842096e+01 nan 0.0000000000e+00
3.0211546700e-04 4.0991798680e-05 2.8356922746e+01 nan 0.0000000000e+00
7.4029880640e-05 8.7069338193e-05 5.4325505538e+01 nan 0.0000000000e+00
-2.2597376433e-04 5.4083424493e-05 1.0998007064e+02 nan 0.0000000000e+00
2.4817845795e-04 7.3620291291e-06 1.6736514992e+02 nan 0.0000000000e+00
2.4428298166e-04 7.2192688104e-06 1.7918268898e+02 nan 0.0000000000e+00
-2.1061905391e-04 3.1532969894e-05 1.7319444567e+02 nan 0.0000000000e+00
8.1986025640e-05 7.4028309869e-05 7.2696982594e+01 nan 0.0000000000e+00
3.4520687963e-05 8.7362560138e-05 5.8038793359e+01 nan 0.0000000000e+00
8.9110377572e-05 7.0641111838e-05 7.7376376674e+01 nan 0.0000000000e+00
2.4038446119e-04 7.0942246638e-06 1.9018686389e+02 nan 0.0000000000e+00
2.3649955232e-04 6.9842088971e-06 1.9999126626e+02 nan 0.0000000000e+00
3.1922086932e-04 7.5367199462e-05 3.3774334283e+01 nan 0.0000000000e+00
3.2258796068e-04 7.6672330657e-05 3.4401399395e+01 nan 0.0000000000e+00
3.2686758281e-04 7.3794167681e-05 3.5503398495e+01 nan 0.0000000000e+00
3.2756826628e-04 6.9534029303e-05 3.6026920880e+01 nan 0.0000000000e+00
3.3084906069e-04 7.0891729056e-05 3.6653208125e+01 nan 0.0000000000e+00
2.7016127136e-04 3.6300406971e-05 3.9879072660e+01 nan 0.0000000000e+00
2.3263259087e-04 6.8823916202e-06 2.0866562717e+02 nan 0.0000000000e+00
2.2877132531e-04 6.7937498222e-06 2.1609717819e+02 nan 0.0000000000e+00
2.2492537057e-04 6.7118160330e-06 2.2229510968e+02 nan 0.0000000000e+00
1.8596794375e-04 4.9692563140e-05 6.5136874389e+01 nan 0.0000000000e+00
2.2109415518e-04 6.6377797019e-06 2.2744218646e+02 nan 0.0000000000e+00
2.1724619512e-04 6.5813700529e-06 2.3116964864e+02 nan 0.0000000000e+00
-1.9726639023e-04 7.5437312488e-05 7.4644808024e+01 nan 0.0000000000e+00
1.9516172271e-04 4.9465334660e-05 6.0468957412e+01 nan 0.0000000000e+00
2.2715717417e-05 8.7083456917e-05 5.9569342450e+01 nan 0.0000000000e+00
2.1339355444e-04 6.5336315175e-06 2.3412547602e+02 nan 0.0000000000e+00
2.0955649459e-04 6.4909740845e-06 2.3700850205e+02 nan 0.0000000000e+00
-3.0181230993e-04 7.5080981610e-06 2.5972792849e+02 nan 0.0000000000e+00
3.3979746689e-04 1.0704386280e-05 3.8649203685e+01 nan 0.0000000000e+00
2.0573516766e-04 6.4520860804e-06 2.3966710114e+02 nan 0.0000000000e+00
2.0192408304e-04 6.4200348109e-06 2.4135289101e+02 nan 0.0000000000e+00
1.9813403071e-04 6.3886295478e-06 2.4199202991e+02 nan 0.0000000000e+00
-2.5284841343e-04 7.1045208046e-05 6.6378084825e+01 nan 0.0000000000e+00
3.3168600111e-04 6.6549638801e-05 3.7317995478e+01 nan 0.0000000000e+00
-1.7739488892e-04 6.6997465105e-05 9.2038780488e+01 nan 0.0000000000e+00
1.9436812572e-04 6.3590711781e-06 2.4312037513e+02 nan 0.0000000000e+00
1.9060201251e-04 6.3405201300e-06 2.4170874006e+02 nan 0.0000000000e+00
2.1371328269e-04 7.8391815198e-05 2.4074104370e+01 nan 0.0000000000e+00
-2.1742984467e-04 7.0148376428e-05 7.9111522339e+01 nan 0.0000000000e+00
1.8682026067e-04 6.3205579242e-06 2.3857721083e+02 nan 0.0000000000e+00
1.8302613950e-04 6.2992666397e-06 2.3620750949e+02 nan 0.0000000000e+00
2.7518369400e-04 1.4118984481e-05 7.9623034461e+01 nan 0.0000000000e+00
1.7922766733e-04 6.2723615874e-06 2.3417948897e+02 nan 0.0000000000e+00
1.7541476423e-04 6.2465709274e-06 2.3261914779e+02 nan 0.0000000000e+00
1.7159689784e-04 6.2177874477e-06 2.3138758978e+02 nan 0.0000000000e+00
2.7280448956e-04 6.5714083832e-05 2.0384057128e+01 nan 0.0000000000e+00
-1.3298320810e-04 8.7478543891e-05 6.5537247867e+01 nan 0.0000000000e+00
-1.3015500654e-04 8.7303376269e-05 6.5900699385e+01 nan 0.0000000000e+00
3.6988222272e-04 1.7016910313e-05 5.9473890160e+01 nan 0.0000000000e+00
3.7419667036e-04 1.2976950394e-05 6.2024459944e+01 nan 0.0000000000e+00
3.7062764149e-04 1.2662697879e-05 5.6832614007e+01 nan 0.0000000000e+00
6.2776894961e-05 1.0839333987e-04 2.9688531345e+01 nan 0.0000000000e+00
-2.9732077904e-04 3.9730100184e-05 9.2210174104e+01 nan 0.0000000000e+00
2.8186630386e-04 4.6414716725e-05 2.4632616728e+01 nan 0.0000000000e+00
1.2507375460e-04 5.9845332088e-06 2.2582275225e+02 nan 0.0000000000e+00
1.2116541560e-04 5.9711865002e-06 2.2553458714e+02 nan 0.0000000000e+00
1.1725444119e-04 5.9588765082e-06 2.2523645781e+02 nan 0.0000000000e+00
1.1334105573e-04 5.9474374148e-06 2.2492775146e+02 nan 0.0000000000e+00
1.0942554019e-04 5.9368730783e-06 2.2460835849e+02 nan 0.0000000000e+00
1.0550812908e-04 5.9270594545e-06 2.2427899678e+02 nan 0.0000000000e+00
1.0158906130e-04 5.9180162165e-06 2.2394067068e+02 nan 0.0000000000e+00
9.7668520451e-05 5.9096244204e-06 2.2359490758e+02 nan 0.0000000000e+00
9.3746700229e-05 5.9019065277e-06 2.2324331539e+02 nan 0.0000000000e+00
8.9823740030e-05 5.8947463551e-06 2.2288777914e+02 nan 0.0000000000e+00
2.4285845923e-04 9.1409429354e-05 1.4617611186e+01 nan 0.0000000000e+00
8.5899796523e-05 5.8881698237e-06 2.2253010555e+02 nan 0.0000000000e+00
8.1974972937e-05 5.8820646261e-06 2.2217229518e+02 nan 0.0000000000e+00
7.8049319916e-05 5.8767362835e-06 2.2181542391e+02 nan 0.0000000000e+00
7.4123042163e-05 5.8716255290e-06 2.2146262982e+02 nan 0.0000000000e+00
7.0196214966e-05 5.8668202518e-06 2.2111536975e+02 nan 0.0000000000e+00
6.6268876473e-05 5.8623493371e-06 2.2077515336e+02 nan 0.0000000000e+00
6.2341108219e-05 5.8581981355e-06 2.2044351268e+02 nan 0.0000000000e+00
5.8412925083e-05 5.8543523241e-06 2.2012187695e+02 nan 0.0000000000e+00
5.4483558915e-05 5.8509761911e-06 2.1981105232e+02 nan 0.0000000000e+00
5.0555427168e-05 5.8474961715e-06 2.1951387447e+02 nan 0.0000000000e+00
4.6632151375e-05 5.8409794321e-06 2.1923920673e+02 nan 0.0000000000e+00
4.2715118254e-05 5.8346852100e-06 2.1897969482e+02 nan 0.0000000000e+00
3.8784200576e-05 5.8342501939e-06 2.1872053852e+02 nan 0.0000000000e+00
3.4843488780e-05 5.8348269534e-06 2.1847534026e+02 nan 0.0000000000e+00
3.0908968684e-05 5.8337066827e-06 2.1825277138e+02 nan 0.0000000000e+00
2.6978480653e-05 5.8316557226e-06 2.1805132356e+02 nan 0.0000000000e+00
2.3048218106e-05 5.8295910112e-06 2.1786902384e+02 nan 0.0000000000e+00
1.9118079098e-05 5.8276863114e-06 2.1770596125e+02 nan 0.0000000000e+00
-1.2557623382e-04 7.5469524960e-05 8.1580966832e+01 nan 0.0000000000e+00
2.1694107641e-04 8.0016311441e-05 2.0803640277e+01 nan 0.0000000000e+00
-1.2995889442e-04 7.1876607523e-05 8.6718140373e+01 nan 0.0000000000e+00
-5.8508903303e-05 7.3904447144e-05 8.2183227199e+01 nan 0.0000000000e+00
-7.9127678589e-05 5.8007911296e-06 2.2081086163e+02 nan 0.0000000000e+00
-8.3055573895e-05 5.8004199038e-06 2.2124542759e+02 nan 0.0000000000e+00
-8.6983184133e-05 5.8001012041e-06 2.2170572461e+02 nan 0.0000000000e+00
-9.0910485135e-05 5.7998607057e-06 2.2219200251e+02 nan 0.0000000000e+00
-9.4837461478e-05 5.7996798831e-06 2.2270461864e+02 nan 0.0000000000e+00
-3.0942480644e-04 2.4831809873e-05 1.2199229102e+02 nan 0.0000000000e+00
-9.0570808575e-05 8.7514567633e-05 6.6301638780e+01 nan 0.0000000000e+00
-3.4623582006e-04 9.0887905512e-06 1.4180347441e+02 nan 0.0000000000e+00
-3.3677518746e-04 1.1195919885e-05 1.4974854490e+02 nan 0.0000000000e+00
-3.3319281969e-04 1.0676454878e-05 1.5723993486e+02 nan 0.0000000000e+00
-3.3499171525e-04 7.8594724405e-06 1.7248827206e+02 nan 0.0000000000e+00
-9.8502462163e-05 7.4576880476e-05 8.2729661995e+01 nan 0.0000000000e+00
1.5006946980e-04 9.1502453917e-05 3.7576411988e+01 nan 0.0000000000e+00
1.7417642089e-04 4.9419653093e-05 7.2592177180e+01 nan 0.0000000000e+00
1.7124405959e-04 4.8842259521e-05 7.5575034272e+01 nan 0.0000000000e+00
1.6570366987e-04 4.9935908454e-05 7.7025652679e+01 nan 0.0000000000e+00
1.6283709505e-04 4.9420436135e-05 8.0002085211e+01 nan 0.0000000000e+00
1.5711598002e-04 4.8479766358e-05 8.7279456525e+01 nan 0.0000000000e+00
1.5381867218e-04 4.6025361398e-05 9.6345521984e+01 nan 0.0000000000e+00
1.5083934963e-04 4.5655842505e-05 9.9956633941e+01 nan 0.0000000000e+00
1.4478039159e-04 4.4991206280e-05 1.0640037336e+02 nan 0.0000000000e+00
1.4170464004e-04 4.4693308485e-05 1.0924482819e+02 nan 0.0000000000e+00
1.3860072411e-04 4.4416344665e-05 1.1185350651e+02 nan 0.0000000000e+00
1.3295024673e-04 4.5797241192e-05 1.1187947254e+02 nan 0.0000000000e+00
1.2980598323e-04 4.5559016894e-05 1.1392141843e+02 nan 0.0000000000e+00
1.2663961621e-04 4.5337962970e-05 1.1577701122e+02 nan 0.0000000000e+00
1.2345283179e-04 4.5132946515e-05 1.1745925994e+02 nan 0.0000000000e+00
1.1702136711e-04 4.4766840160e-05 1.2035439516e+02 nan 0.0000000000e+00
1.1377917692e-04 4.4603869131e-05 1.2159066242e+02 nan 0.0000000000e+00
1.1052127036e-04 4.4452635454e-05 1.2270169208e+02 nan 0.0000000000e+00
1.0724864370e-04 4.4312949032e-05 1.2369641647e+02 nan 0.0000000000e+00
1.0878431837e-04 4.0907616874e-05 1.3102505388e+02 nan 0.0000000000e+00
9.8740680021e-05 4.0576915459e-05 1.3340805457e+02 nan 0.0000000000e+00
9.0689270565e-05 4.3756828941e-05 1.2725848971e+02 nan 0.0000000000e+00
8.9645620552e-05 4.2030069931e-05 1.3112872069e+02 nan 0.0000000000e+00
7.8363409700e-05 4.0113908299e-05 1.3609194733e+02 nan 0.0000000000e+00
6.9279325003e-05 4.1633772704e-05 1.3307120578e+02 nan 0.0000000000e+00
6.5859430109e-05 4.1584690575e-05 1.3325788440e+02 nan 0.0000000000e+00
6.2433501962e-05 4.1538899799e-05 1.3341884000e+02 nan 0.0000000000e+00
5.7711552789e-05 3.9831461873e-05 1.3715916983e+02 nan 0.0000000000e+00
4.5226582262e-05 4.1361956642e-05 1.3393092326e+02 nan 0.0000000000e+00
4.1772120188e-05 4.1334137730e-05 1.3399723326e+02 nan 0.0000000000e+00
3.8314054249e-05 4.1309515942e-05 1.3405454481e+02 nan 0.0000000000e+00
3.4852600391e-05 4.1286660036e-05 1.3410740206e+02 nan 0.0000000000e+00
2.0977969218e-05 4.1213416866e-05 1.3429849790e+02 nan 0.0000000000e+00
1.7503146354e-05 4.1198666759e-05 1.3434835591e+02 nan 0.0000000000e+00
1.4026548280e-05 4.1186207174e-05 1.3439890904e+02 nan 0.0000000000e+00
1.0548112539e-05 4.1174762952e-05 1.3445342842e+02 nan 0.0000000000e+00
7.0679305637e-06 4.1164089773e-05 1.3451297789e+02 nan 0.0000000000e+00
-6.8645267257e-06 4.1135254057e-05 1.3479746325e+02 nan 0.0000000000e+00
-1.0350036271e-05 4.1130177845e-05 1.3488447215e+02 nan 0.0000000000e+00
-1.3835969589e-05 4.1126935346e-05 1.3497630079e+02 nan 0.0000000000e+00
-1.7322072526e-05 4.1124304894e-05 1.3507554945e+02 nan 0.0000000000e+00
-2.0808478227e-05 4.1122608590e-05 1.3518168944e+02 nan 0.0000000000e+00
-3.4753108184e-05 4.1125118992e-05 1.3567609432e+02 nan 0.0000000000e+00
-3.8238160050e-05 4.1128049211e-05 1.3581716145e+02 nan 0.0000000000e+00
-4.1722441921e-05 4.1131920498e-05 1.3596506809e+02 nan 0.0000000000e+00
-4.5205883000e-05 4.1136048594e-05 1.3612109735e+02 nan 0.0000000000e+00
-4.8687184449e-05 4.1141556860e-05 1.3628282465e+02 nan 0.0000000000e+00
-5.4154877034e-05 3.9525578999e-05 1.3982683413e+02 nan 0.0000000000e+00
-5.9125910873e-05 4.1164703634e-05 1.3680458037e+02 nan 0.0000000000e+00
-6.2601843099e-05 4.1174419798e-05 1.3699045996e+02 nan 0.0000000000e+00
-6.6077257372e-05 4.1185511669e-05 1.3718132905e+02 nan 0.0000000000e+00
-6.9548113552e-05 4.1197122556e-05 1.3737844010e+02 nan 0.0000000000e+00
-7.3017453298e-05 4.1210167830e-05 1.3757990884e+02 nan 0.0000000000e+00
-7.8606774839e-05 3.9599229751e-05 1.4123333715e+02 nan 0.0000000000e+00
-7.3723477420e-05 3.7956070042e-05 1.4427383177e+02 nan 0.0000000000e+00
-8.2089955732e-05 3.9614379521e-05 1.4145633254e+02 nan 0.0000000000e+00
-8.6868957918e-05 4.1274906408e-05 1.3842676567e+02 nan 0.0000000000e+00
-9.0323577604e-05 4.1293671837e-05 1.3864816600e+02 nan 0.0000000000e+00
3.3845990312e-04 2.9516951821e-05 4.0416022338e+01 nan 0.0000000000e+00
-9.8764085260e-05 5.7995854479e-06 2.2324386664e+02 nan 0.0000000000e+00
-1.0269033917e-04 5.7995598376e-06 2.2381015425e+02 nan 0.0000000000e+00
3.3374168575e-04 3.6621568226e-05 3.8676527900e+01 nan 0.0000000000e+00
3.2952406716e-04 3.9747613720e-05 3.7001520004e+01 nan 0.0000000000e+00
2.9423701997e-04 2.5005673503e-05 3.9018356812e+01 nan 0.0000000000e+00
-1.0661619234e-04 5.7996305972e-06 2.2440382577e+02 nan 0.0000000000e+00
-1.1054162495e-04 5.7997834934e-06 2.2502534234e+02 nan 0.0000000000e+00
3.4765688307e-04 1.1408344106e-05 4.1916479899e+01 nan 0.0000000000e+00
-2.3908164702e-04 5.4282974053e-05 1.0532176734e+02 nan 0.0000000000e+00
-2.9618249778e-05 3.9496931425e-05 1.3876265823e+02 nan 0.0000000000e+00
-1.1446660432e-04 5.8000404526e-06 2.2567512286e+02 nan 0.0000000000e+00
-1.1839110751e-04 5.8003918376e-06 2.2635368296e+02 nan 0.0000000000e+00
-2.4867672453e-04 2.8329616399e-05 1.7783661704e+02 nan 0.0000000000e+00
-2.4513738697e-04 3.1885676272e-05 1.6646108408e+02 nan 0.0000000000e+00
1.9335973748e-06 3.9524200352e-05 1.3794261401e+02 nan 0.0000000000e+00
-2.0938440231e-04 1.4997904654e-05 2.2529502584e+02 nan 0.0000000000e+00
-5.2710062654e-05 9.2439533260e-05 5.9639503617e+01 nan 0.0000000000e+00
-4.6826820026e-05 9.2375435642e-05 5.9380405514e+01 nan 0.0000000000e+00
2.9908787109e-05 3.9622064402e-05 1.3760516640e+02 nan 0.0000000000e+00
-4.0936256565e-05 9.2327237611e-05 5.9069845250e+01 nan 0.0000000000e+00
-3.5040555349e-05 9.2294588430e-05 5.8709666555e+01 nan 0.0000000000e+00
-2.9141881217e-05 9.2277245824e-05 5.8301493099e+01 nan 0.0000000000e+00
-2.3242387565e-05 9.2275076626e-05 5.7846742770e+01 nan 0.0000000000e+00
-1.7344222414e-05 9.2288058520e-05 5.7346637326e+01 nan 0.0000000000e+00
-3.6876149999e-04 1.7115767329e-05 1.6608791594e+02 nan 0.0000000000e+00
-1.1449534892e-05 9.2316282828e-05 5.6802211978e+01 nan 0.0000000000e+00
-5.5605065806e-06 9.2359961138e-05 5.6214316780e+01 nan 0.0000000000e+00
9.5054589857e-05 7.1008250031e-05 7.6129780330e+01 nan 0.0000000000e+00
9.8008241032e-05 7.1208944244e-05 7.5444244103e+01 nan 0.0000000000e+00
1.0094916267e-04 7.1421569651e-05 7.4713733101e+01 nan 0.0000000000e+00
6.1919736768e-06 9.2495121509e-05 5.4910692581e+01 nan 0.0000000000e+00
1.7895605390e-05 9.2697796794e-05 5.3439377135e+01 nan 0.0000000000e+00
-1.2231486493e-04 5.8015197026e-06 2.2705974100e+02 nan 0.0000000000e+00
-1.2623850333e-04 5.8015700819e-06 2.2779883028e+02 nan 0.0000000000e+00
2.9532230804e-05 9.2974590530e-05 5.1801772076e+01 nan 0.0000000000e+00
-1.5763194909e-04 2.7193045526e-05 1.7847853576e+02 nan 0.0000000000e+00
-1.4690287450e-04 2.7108966417e-05 1.7693423056e+02 nan 0.0000000000e+00
-8.9349193345e-05 7.4368926125e-05 8.2790060572e+01 nan 0.0000000000e+00
1.2197367000e-04 4.1490365888e-05 1.2623203325e+02 nan 0.0000000000e+00
1.9465698116e-04 3.7515437896e-05 8.3758174107e+01 nan 0.0000000000e+00
1.9439517405e-04 3.2985825295e-05 9.6183050169e+01 nan 0.0000000000e+00
1.9111454349e-04 3.2539866651e-05 1.0077143337e+02 nan 0.0000000000e+00
1.8463657656e-04 3.1735180402e-05 1.1038842830e+02 nan 0.0000000000e+00
1.8143564855e-04 3.1374346962e-05 1.1526809206e+02 nan 0.0000000000e+00
1.7848788512e-04 3.3082735507e-05 1.1180653075e+02 nan 0.0000000000e+00
1.7535432167e-04 3.2734202715e-05 1.1641865754e+02 nan 0.0000000000e+00
1.6914412866e-04 3.2114863605e-05 1.2479518381e+02 nan 0.0000000000e+00
1.6605237980e-04 3.1835230314e-05 1.2851949430e+02 nan 0.0000000000e+00
1.6291725320e-04 3.1574114791e-05 1.3134535933e+02 nan 0.0000000000e+00
8.6025285175e-05 9.5919344199e-05 4.1025769317e+01 nan 0.0000000000e+00
1.4940340347e-04 2.8890400731e-05 1.4852065731e+02 nan 0.0000000000e+00
1.4604968416e-04 2.8723126126e-05 1.5070116666e+02 nan 0.0000000000e+00
1.4266988294e-04 2.8567436808e-05 1.5271597885e+02 nan 0.0000000000e+00
1.3239331048e-04 2.8164312809e-05 1.5777046594e+02 nan 0.0000000000e+00
1.2892790199e-04 2.8049344905e-05 1.5913897217e+02 nan 0.0000000000e+00
1.2544517538e-04 2.7943124496e-05 1.6036042571e+02 nan 0.0000000000e+00
1.2194653271e-04 2.7845095175e-05 1.6144308010e+02 nan 0.0000000000e+00
1.1843326258e-04 2.7754730631e-05 1.6239569504e+02 nan 0.0000000000e+00
1.1490655930e-04 2.7671512051e-05 1.6322737525e+02 nan 0.0000000000e+00
1.1136751799e-04 2.7594952716e-05 1.6394726677e+02 nan 0.0000000000e+00
1.0533416464e-04 2.9096941743e-05 1.6067228332e+02 nan 0.0000000000e+00
1.0179308163e-04 2.9032675476e-05 1.6118267862e+02 nan 0.0000000000e+00
-1.3016140626e-04 5.8022029826e-06 2.2856710718e+02 nan 0.0000000000e+00
-1.3408383225e-04 5.8026357826e-06 2.2936736792e+02 nan 0.0000000000e+00
-1.3800532853e-04 5.8039252121e-06 2.3019743178e+02 nan 0.0000000000e+00
9.7106990590e-05 2.7346288718e-05 1.6588736274e+02 nan 0.0000000000e+00
9.3519908316e-05 2.7296382249e-05 1.6617976897e+02 nan 0.0000000000e+00
8.9925421415e-05 2.7250743988e-05 1.6641036242e+02 nan 0.0000000000e+00
8.6324177615e-05 2.7208932685e-05 1.6658638502e+02 nan 0.0000000000e+00
8.2716743016e-05 2.7170620043e-05 1.6671443690e+02 nan 0.0000000000e+00
7.9103584104e-05 2.7135651462e-05 1.6680028601e+02 nan 0.0000000000e+00
7.3187647772e-05 2.8664851473e-05 1.6297438783e+02 nan 0.0000000000e+00
6.9584376779e-05 2.8636715521e-05 1.6299949755e+02 nan 0.0000000000e+00
6.5977729278e-05 2.8607509179e-05 1.6300843387e+02 nan 0.0000000000e+00
6.2366562801e-05 2.8582083573e-05 1.6299307301e+02 nan 0.0000000000e+00
5.8751058316e-05 2.8561074944e-05 1.6295529338e+02 nan 0.0000000000e+00
5.3687040287e-05 2.6962025369e-05 1.6664794753e+02 nan 0.0000000000e+00
5.0042394332e-05 2.6945043108e-05 1.6656734320e+02 nan 0.0000000000e+00
4.6395137408e-05 2.6929585661e-05 1.6648155430e+02 nan 0.0000000000e+00
4.2745497712e-05 2.6915514364e-05 1.6639307366e+02 nan 0.0000000000e+00
3.6998196142e-05 2.8457761155e-05 1.6258042123e+02 nan 0.0000000000e+00
3.3363966844e-05 2.8447771934e-05 1.6250544504e+02 nan 0.0000000000e+00
2.9728485102e-05 2.8435176102e-05 1.6244236959e+02 nan 0.0000000000e+00
2.6091098418e-05 2.8425006514e-05 1.6238074338e+02 nan 0.0000000000e+00
2.2451923071e-05 2.8418037969e-05 1.6231993188e+02 nan 0.0000000000e+00
1.8811833352e-05 2.8408266590e-05 1.6227484771e+02 nan 0.0000000000e+00
1.3484952978e-05 2.6840925875e-05 1.6581106264e+02 nan 0.0000000000e+00
9.8217898685e-06 2.6835231007e-05 1.6577428442e+02 nan 0.0000000000e+00
6.1578238963e-06 2.6830180194e-05 1.6574860796e+02 nan 0.0000000000e+00
2.4931720040e-06 2.6825726292e-05 1.6573469475e+02 nan 0.0000000000e+00
-3.0507381946e-06 2.8374877369e-05 1.6218272289e+02 nan 0.0000000000e+00
-6.6968105540e-06 2.8371557616e-05 1.6220680713e+02 nan 0.0000000000e+00
-1.0343232641e-05 2.8368777723e-05 1.6224342898e+02 nan 0.0000000000e+00
-1.3989895371e-05 2.8366524791e-05 1.6229288511e+02 nan 0.0000000000e+00
-1.7636691466e-05 2.8364773499e-05 1.6235543923e+02 nan 0.0000000000e+00
-2.1283514941e-05 2.8363517658e-05 1.6243128563e+02 nan 0.0000000000e+00
-2.4930164823e-05 2.8364800606e-05 1.6251594758e+02 nan 0.0000000000e+00
-3.0502060548e-05 2.6808220293e-05 1.6620644645e+02 nan 0.0000000000e+00
-3.4167851594e-05 2.6808437947e-05 1.6632980833e+02 nan 0.0000000000e+00
1.5935295830e-04 4.4783191672e-05 9.3972104910e+01 nan 0.0000000000e+00
1.6671386575e-04 9.2618617385e-05 3.0419786789e+01 nan 0.0000000000e+00
7.4064444312e-05 6.9908161207e-05 7.9881489476e+01 nan 0.0000000000e+00
-2.0054716928e-04 4.9321816965e-05 1.2573639907e+02 nan 0.0000000000e+00
-1.4192621370e-04 5.8051598802e-06 2.3106052641e+02 nan 0.0000000000e+00
-1.4584638221e-04 5.8065137217e-06 2.3195697163e+02 nan 0.0000000000e+00
2.4796529106e-04 1.1249346576e-04 2.4011138881e+01 nan 0.0000000000e+00
2.5238274169e-04 1.1065747709e-04 2.4692041425e+01 nan 0.0000000000e+00
2.5364188995e-04 1.0679225657e-04 2.3260428650e+01 nan 0.0000000000e+00
2.5676404019e-04 1.0869367610e-04 2.5225133175e+01 nan 0.0000000000e+00
1.2956422739e-04 7.4460736112e-05 6.4236212666e+01 nan 0.0000000000e+00
-1.7954395794e-04 1.4812454494e-05 2.1671100327e+02 nan 0.0000000000e+00
-1.8329868892e-04 1.4831056829e-05 2.1773412479e+02 nan 0.0000000000e+00
-1.4976576645e-04 5.8080488138e-06 2.3288745814e+02 nan 0.0000000000e+00
-1.5368431952e-04 5.8097705986e-06 2.3385288254e+02 nan 0.0000000000e+00
-1.5760163445e-04 5.8124295748e-06 2.3485214469e+02 nan 0.0000000000e+00
-1.6151161661e-04 5.8162520029e-06 2.3588401818e+02 nan 0.0000000000e+00
1.5495045038e-04 9.2973473794e-05 3.4819582813e+01 nan 0.0000000000e+00
-2.8155002648e-04 4.5759117074e-05 9.8443395739e+01 nan 0.0000000000e+00
-1.6717138920e-04 4.9421183938e-05 1.2667453211e+02 nan 0.0000000000e+00
-1.7031921406e-04 4.9542013252e-05 1.2643909290e+02 nan 0.0000000000e+00
-1.7346874376e-04 4.9672169861e-05 1.2615720651e+02 nan 0.0000000000e+00
-2.7066130164e-04 4.1214793804e-05 1.1857560173e+02 nan 0.0000000000e+00
-2.5015966530e-04 4.9905632834e-05 1.1118838774e+02 nan 0.0000000000e+00
-2.3401453974e-04 5.3275651104e-05 1.0945343968e+02 nan 0.0000000000e+00
-2.3141841441e-04 5.2814191992e-05 1.1137848944e+02 nan 0.0000000000e+00
9.5284553671e-05 9.2711623511e-05 4.4191486320e+01 nan 0.0000000000e+00
-3.7821801180e-05 2.6812487635e-05 1.6645954395e+02 nan 0.0000000000e+00
-3.2966523363e-04 1.0184675061e-05 1.6726208859e+02 nan 0.0000000000e+00
-3.3136062728e-04 7.4657148828e-06 1.8581817508e+02 nan 0.0000000000e+00
-3.2612936022e-04 9.7221748852e-06 1.7921252969e+02 nan 0.0000000000e+00
-3.2774457524e-04 7.1058090874e-06 2.0088232786e+02 nan 0.0000000000e+00
-3.0621044015e-04 5.6861188494e-06 2.7343615782e+02 nan 0.0000000000e+00
-3.1345331828e-04 6.0451756529e-06 2.6155666693e+02 nan 0.0000000000e+00
-3.2269357068e-04 1.5226720839e-05 1.4924137068e+02 nan 0.0000000000e+00
-2.6312789558e-04 4.8804366260e-05 1.0686570539e+02 nan 0.0000000000e+00
-7.0791701172e-05 1.1434414767e-04 4.0366331917e+01 nan 0.0000000000e+00
-3.1704442244e-04 6.2597753554e-06 2.4712581672e+02 nan 0.0000000000e+00
1.3835331600e-04 1.0878312780e-04 1.8007124732e+01 nan 0.0000000000e+00
3.1324027875e-04 8.6693039572e-05 3.2186822958e+01 nan 0.0000000000e+00
-2.8870523699e-04 4.0970856835e-05 9.5636878760e+01 nan 0.0000000000e+00
-2.1793536350e-04 4.8909861638e-05 1.2427261630e+02 nan 0.0000000000e+00
3.3478449475e-04 6.7846505051e-05 3.7927071012e+01 nan 0.0000000000e+00
-1.9132248250e-04 9.1934285505e-05 5.2047189800e+01 nan 0.0000000000e+00
-1.3843976602e-04 1.0414982113e-04 4.6696085707e+01 nan 0.0000000000e+00
-2.7762226821e-04 6.1543187098e-05 7.5478936539e+01 nan 0.0000000000e+00
3.7482610229e-04 8.6904127510e-06 5.7517919522e+01 nan 0.0000000000e+00
3.6354400828e-04 8.1542544218e-06 4.6650079425e+01 nan 0.0000000000e+00
-1.0915189196e-04 1.0994686330e-04 4.3417154439e+01 nan 0.0000000000e+00
3.2725770110e-04 6.2589796675e-06 5.5763922313e+01 nan 0.0000000000e+00
1.9331116963e-04 3.1437851219e-06 2.6047374327e+02 nan 0.0000000000e+00
2.8471729334e-04 1.0068671656e-04 2.8734615574e+01 nan 0.0000000000e+00
2.8898677086e-04 9.8262525485e-05 2.9058209739e+01 nan 0.0000000000e+00
1.6595693743e-04 3.0748815596e-06 2.4134933892e+02 nan 0.0000000000e+00
1.3838053995e-04 3.0097104472e-06 2.3564073228e+02 nan 0.0000000000e+00
-7.3561666858e-05 1.1437519212e-04 4.0379404117e+01 nan 0.0000000000e+00
3.3377231064e-04 7.2220651015e-05 3.7065440608e+01 nan 0.0000000000e+00
-2.3930585960e-04 2.7606699274e-05 1.8389393979e+02 nan 0.0000000000e+00
1.7717878505e-04 1.0562052195e-04 2.0276455972e+01 nan 0.0000000000e+00
-3.2514808669e-04 4.2373161528e-05 8.9454779270e+01 nan 0.0000000000e+00
-3.2282445161e-04 4.0613737054e-05 8.7246442389e+01 nan 0.0000000000e+00
-2.9837917037e-04 2.7253007310e-05 1.2710666693e+02 nan 0.0000000000e+00
-2.7499167415e-04 2.8065015435e-05 1.5299088529e+02 nan 0.0000000000e+00
-2.6076667391e-04 2.7701011748e-05 1.7232399920e+02 nan 0.0000000000e+00
-2.2246052772e-04 2.3334807494e-05 2.0044428935e+02 nan 0.0000000000e+00
2.3735150748e-04 8.0254451702e-05 1.4792782267e+01 nan 0.0000000000e+00
1.7369088189e-04 9.5838838381e-05 2.3430019097e+01 nan 0.0000000000e+00
-1.7733751817e-04 2.4177130967e-05 1.9009687265e+02 nan 0.0000000000e+00
-2.2900474641e-04 8.0081037967e-05 5.8421578898e+01 nan 0.0000000000e+00
-2.2931964648e-04 7.5321576828e-05 6.6394435089e+01 nan 0.0000000000e+00
-2.4959710995e-04 2.9660375240e-06 2.8101617980e+02 nan 0.0000000000e+00
6.4877335262e-05 9.6406024686e-05 4.3186438627e+01 nan 0.0000000000e+00
2.3775165794e-04 7.6735007522e-05 1.6731154573e+01 nan 0.0000000000e+00
2.4927902191e-04 7.1096175746e-05 1.8046197154e+01 nan 0.0000000000e+00
2.7724633120e-04 1.0156278559e-04 2.7700691185e+01 nan 0.0000000000e+00
2.7617485185e-04 1.0555450592e-04 2.8345640508e+01 nan 0.0000000000e+00
-1.0292001709e-04 3.9729725223e-05 1.4287994353e+02 nan 0.0000000000e+00
-1.0637746935e-04 3.9754372743e-05 1.4312481286e+02 nan 0.0000000000e+00
-1.0983015678e-04 3.9780699932e-05 1.4337026251e+02 nan 0.0000000000e+00
2.3071953532e-04 7.6814431852e-05 1.8010922307e+01 nan 0.0000000000e+00
2.7502269239e-04 9.5956007214e-05 2.5781742322e+01 nan 0.0000000000e+00
3.5331229431e-04 4.6100492305e-05 4.7697721517e+01 nan 0.0000000000e+00
-2.7399696176e-04 5.9192074069e-05 8.0803249963e+01 nan 0.0000000000e+00
2.5719161114e-04 6.7059516770e-05 1.8770098377e+01 nan 0.0000000000e+00
6.0716284392e-05 8.8314329570e-05 5.4049074175e+01 nan 0.0000000000e+00
3.5115332073e-04 4.0646956024e-05 4.7383721159e+01 nan 0.0000000000e+00
-1.3760398648e-04 5.3848964075e-05 1.1709173521e+02 nan 0.0000000000e+00
-1.4079294854e-04 5.3932543213e-05 1.1703215885e+02 nan 0.0000000000e+00
-2.0487021309e-04 7.4487735622e-05 7.4546984083e+01 nan 0.0000000000e+00
2.2692380188e-04 1.1042125972e-04 2.0674396395e+01 nan 0.0000000000e+00
2.2563089619e-04 1.1376406396e-04 2.2738979313e+01 nan 0.0000000000e+00
2.2953023538e-04 1.1255674243e-04 2.2193515985e+01 nan 0.0000000000e+00
-2.1489828214e-04 7.1893232953e-05 7.6605367483e+01 nan 0.0000000000e+00
-1.9465171273e-04 7.5055179223e-05 7.5800015796e+01 nan 0.0000000000e+00
-1.5904558631e-04 8.3455158517e-05 6.8616790449e+01 nan 0.0000000000e+00
-2.4681873658e-04 4.0277032509e-05 1.3862848754e+02 nan 0.0000000000e+00
3.2204001467e-04 3.8105104630e-05 3.4090960936e+01 nan 0.0000000000e+00
-2.3778685713e-04 6.3275056474e-05 8.6188286726e+01 nan 0.0000000000e+00
-2.2731184012e-04 7.0041094952e-05 7.6503875598e+01 nan 0.0000000000e+00
2.4595495351e-04 6.6052641123e-05 2.1279322874e+01 nan 0.0000000000e+00
2.5023677706e-04 9.1460821549e-05 1.7388814025e+01 nan 0.0000000000e+00
-2.4950625389e-04 4.0727052510e-05 1.3593231764e+02 nan 0.0000000000e+00
1.5312713056e-04 7.4803570514e-05 5.2875149195e+01 nan 0.0000000000e+00
1.3074790405e-04 1.0459638019e-04 2.2954022359e+01 nan 0.0000000000e+00
1.2929348848e-04 1.0876006352e-04 1.7902181922e+01 nan 0.0000000000e+00
-1.9334033477e-04 8.7875583701e-05 5.6916162187e+01 nan 0.0000000000e+00
-1.9832128767e-04 8.8812671978e-05 5.4427857917e+01 nan 0.0000000000e+00
-2.0306529482e-04 8.7528990426e-05 5.4923060999e+01 nan 0.0000000000e+00
-2.0549807386e-04 8.8056904768e-05 5.3502774892e+01 nan 0.0000000000e+00
-2.1013007731e-04 8.4520324116e-05 5.7198968021e+01 nan 0.0000000000e+00
-2.1018012221e-04 8.6812375282e-05 5.3838556814e+01 nan 0.0000000000e+00
-2.1487331754e-04 8.3333075818e-05 5.7529849752e+01 nan 0.0000000000e+00
-2.1724200386e-04 8.3931247295e-05 5.5832481969e+01 nan 0.0000000000e+00
1.2226924800e-04 8.7799989443e-05 4.7026831434e+01 nan 0.0000000000e+00
3.2430154591e-04 6.8258260958e-05 3.5261937346e+01 nan 0.0000000000e+00
-1.3438861874e-04 9.1557758968e-05 6.0587781374e+01 nan 0.0000000000e+00
2.5436793647e-04 8.9487930030e-05 1.7704386489e+01 nan 0.0000000000e+00
-2.6010097582e-05 7.2654600148e-06 2.1362166276e+02 nan 0.0000000000e+00
-8.5622519516e-05 5.8194321003e-05 1.0712869452e+02 nan 0.0000000000e+00
-1.4272434893e-05 7.2689966448e-06 2.1344044850e+02 nan 0.0000000000e+00
-1.1668452282e-04 8.8529774210e-05 6.4952089254e+01 nan 0.0000000000e+00
-1.1381611769e-04 8.8392006674e-05 6.5185528320e+01 nan 0.0000000000e+00
-1.1093839131e-04 8.8260892742e-05 6.5396683327e+01 nan 0.0000000000e+00
-1.6265439305e-04 3.7106151390e-05 1.5445913660e+02 nan 0.0000000000e+00
2.6582676320e-04 4.8633583768e-05 2.5877328911e+01 nan 0.0000000000e+00
1.1889338360e-04 7.5074859192e-05 6.5975245408e+01 nan 0.0000000000e+00
9.6801302466e-05 9.6976756527e-05 3.8253225106e+01 nan 0.0000000000e+00
1.4183501910e-04 7.5660420251e-06 2.2227263449e+02 nan 0.0000000000e+00
-1.6928213840e-04 1.6296227735e-05 2.0987603623e+02 nan 0.0000000000e+00
2.1129405319e-04 3.5662243763e-05 7.6018018145e+01 nan 0.0000000000e+00
2.1127470240e-04 6.2211201396e-05 3.6616489379e+01 nan 0.0000000000e+00
-2.0568869071e-04 1.4964940576e-05 2.2421796218e+02 nan 0.0000000000e+00
-2.4204056327e-04 1.5501511703e-05 2.3177661223e+02 nan 0.0000000000e+00
-6.9904877834e-05 8.7019087197e-05 6.6352522288e+01 nan 0.0000000000e+00
1.5458484245e-04 5.0109736206e-05 8.6374978860e+01 nan 0.0000000000e+00
-1.7444384154e-04 5.3383672243e-05 1.1826388510e+02 nan 0.0000000000e+00
-2.9005677226e-04 1.0789292156e-05 2.3968937354e+02 nan 0.0000000000e+00
-2.7756951390e-04 2.8690731241e-05 1.4632122741e+02 nan 0.0000000000e+00
-1.2239345787e-04 8.8826276926e-05 6.4415460907e+01 nan 0.0000000000e+00
-1.9342052563e-04 6.2467401022e-05 9.8454413098e+01 nan 0.0000000000e+00
-3.1104235642e-04 1.0548629373e-05 2.1055477730e+02 nan 0.0000000000e+00
2.5824509888e-04 4.6316132560e-05 3.1234393616e+01 nan 0.0000000000e+00
-1.2523419360e-04 8.8985333821e-05 6.4111011052e+01 nan 0.0000000000e+00
3.2053738934e-04 4.9697476380e-05 3.3840042412e+01 nan 0.0000000000e+00
-1.8983934724e-04 7.8636339815e-05 7.1047794164e+01 nan 0.0000000000e+00
1.0159470375e-04 4.5832994470e-05 1.2141935110e+02 nan 0.0000000000e+00
5.7626165505e-05 6.7517209278e-05 8.4853432359e+01 nan 0.0000000000e+00
8.1730122719e-05 4.5237496982e-05 1.2481089496e+02 nan 0.0000000000e+00
2.8993137817e-04 4.5105078046e-05 2.5703006298e+01 nan 0.0000000000e+00
7.1670956808e-05 4.5029999723e-05 1.2576477459e+02 nan 0.0000000000e+00
-1.9108752386e-04 3.2646210664e-05 1.6873557700e+02 nan 0.0000000000e+00
6.1546666072e-05 4.4866642778e-05 1.2641051742e+02 nan 0.0000000000e+00
-1.8491517132e-04 6.1697640265e-05 1.0096775116e+02 nan 0.0000000000e+00
-2.2322667923e-04 2.8538113690e-05 1.8270715674e+02 nan 0.0000000000e+00
5.1368909153e-05 4.4738421782e-05 1.2685077714e+02 nan 0.0000000000e+00
1.4545780391e-04 7.5183717068e-05 5.7181424514e+01 nan 0.0000000000e+00
1.4276748705e-04 7.4642313840e-05 5.9134712094e+01 nan 0.0000000000e+00
-1.9284292380e-04 2.7644946874e-05 1.8308283499e+02 nan 0.0000000000e+00
2.7916368266e-04 1.1877846807e-05 8.2424261177e+01 nan 0.0000000000e+00
1.7173065342e-05 4.4485370391e-05 1.2769896796e+02 nan 0.0000000000e+00
-1.3799860236e-05 4.4403364736e-05 1.2848344238e+02 nan 0.0000000000e+00
1.4512215461e-04 5.8689652998e-05 7.9308156311e+01 nan 0.0000000000e+00
2.8603784804e-04 4.0423400488e-05 2.5935964549e+01 nan 0.0000000000e+00
2.8606098536e-04 3.6898375964e-05 2.6658556647e+01 nan 0.0000000000e+00
2.2749046441e-04 7.5200706459e-05 1.9963186676e+01 nan 0.0000000000e+00
3.3316352829e-04 4.0569869977e-05 3.8570745422e+01 nan 0.0000000000e+00
3.2895085673e-04 4.3681356928e-05 3.6889292776e+01 nan 0.0000000000e+00
-2.1784899687e-04 5.2962723505e-05 1.1455292360e+02 nan 0.0000000000e+00
3.4750980232e-04 1.5162772874e-05 4.2751750101e+01 nan 0.0000000000e+00
3.0651878549e-04 2.0521913340e-05 3.1777059372e+01 nan 0.0000000000e+00
3.0299680610e-04 1.1128096920e-05 7.5801491658e+01 nan 0.0000000000e+00
3.0754142664e-04 5.5099923551e-06 8.0354568600e+01 nan 0.0000000000e+00
-1.2700660257e-04 3.9941790064e-05 1.4457390091e+02 nan 0.0000000000e+00
8.8736585337e-05 9.6161886323e-05 4.0362894679e+01 nan 0.0000000000e+00
1.1749717766e-04 8.9178327114e-05 4.5877906035e+01 nan 0.0000000000e+00
1.3055773129e-04 9.1361345780e-05 4.0786184490e+01 nan 0.0000000000e+00
1.3311133289e-04 9.1865000150e-05 3.9766916682e+01 nan 0.0000000000e+00
-1.6554911675e-04 1.6283206020e-05 2.0897793054e+02 nan 0.0000000000e+00
1.5113199993e-04 6.1748388358e-05 6.9555113023e+01 nan 0.0000000000e+00
1.5390078586e-04 6.2290951981e-05 6.6072061040e+01 nan 0.0000000000e+00
-2.7672047769e-04 9.9098863866e-06 2.5274229426e+02 nan 0.0000000000e+00
-2.7313434760e-04 1.1522021780e-05 2.4465285708e+02 nan 0.0000000000e+00
-2.8055200629e-04 6.5404364523e-06 2.7617677061e+02 nan 0.0000000000e+00
-1.5018285678e-04 5.4221326833e-05 1.1669175636e+02 nan 0.0000000000e+00
-1.5768550769e-04 4.9100987602e-05 1.2715420133e+02 nan 0.0000000000e+00
-3.2077632761e-04 1.8096232060e-05 1.3779757362e+02 nan 0.0000000000e+00
-2.8525517838e-04 2.3426222549e-05 1.5973115013e+02 nan 0.0000000000e+00
-2.6682473708e-04 4.4979578156e-05 1.1311349664e+02 nan 0.0000000000e+00
-2.7733430617e-04 4.3772806064e-05 1.0597421829e+02 nan 0.0000000000e+00
-3.1403300045e-04 2.2986406860e-05 1.2315620305e+02 nan 0.0000000000e+00
-1.7718869250e-04 9.6060671498e-05 4.9967876162e+01 nan 0.0000000000e+00
-3.2732744658e-04 4.4216732734e-05 8.7699376283e+01 nan 0.0000000000e+00
2.0214215701e-04 1.1437393140e-04 1.7975882735e+01 nan 0.0000000000e+00
2.0583555882e-04 1.1369924292e-04 1.9748141188e+01 nan 0.0000000000e+00
2.8826757116e-04 1.0212847534e-04 2.9262851108e+01 nan 0.0000000000e+00
1.4727129582e-04 1.0904351261e-04 1.8855174420e+01 nan 0.0000000000e+00
1.4956421189e-04 1.0984389452e-04 1.9074868920e+01 nan 0.0000000000e+00
3.4271385371e-04 6.1733623748e-05 4.0897586239e+01 nan 0.0000000000e+00
1.5362853165e-04 1.0893385585e-04 2.0820906716e+01 nan 0.0000000000e+00
1.5779822481e-04 1.0580493908e-04 2.3130659964e+01 nan 0.0000000000e+00
-1.0091395162e-04 1.0958059786e-04 4.4061525812e+01 nan 0.0000000000e+00
-9.7166167529e-05 1.1346152892e-04 4.0897067345e+01 2.8932618119e+01 1.0000000000e+00
-3.3301703658e-04 4.2096597570e-05 9.8382992395e+01 nan 0.0000000000e+00
-3.0951476612e-04 5.0886934719e-05 8.8621080947e+01 nan 0.0000000000e+00
-2.6958249396e-04 6.5660673199e-05 7.0486101208e+01 nan 0.0000000000e+00
2.3212574049e-04 1.1460348490e-04 2.2941066949e+01 nan 0.0000000000e+00
-2.4321575248e-04 7.4948482816e-05 6.2631455509e+01 nan 0.0000000000e+00
1.8267831109e-04 1.1007236083e-04 2.6144557338e+01 nan 0.0000000000e+00
-2.4543520089e-04 7.5892784155e-05 6.0531013479e+01 nan 0.0000000000e+00
-2.8204791418e-04 6.1640467211e-05 7.4305236430e+01 nan 0.0000000000e+00
2.9244792045e-04 9.9775119802e-05 2.9560595190e+01 nan 0.0000000000e+00
3.2166833036e-04 8.0972034616e-05 3.3869147236e+01 nan 0.0000000000e+00
1.7853099005e-04 1.0971521536e-04 3.0698536371e+01 nan 0.0000000000e+00
-3.0146144640e-04 5.4418688239e-05 8.6611177020e+01 1.4797101880e+01 1.0000000000e+00
-3.0436851139e-04 5.3717583778e-05 8.9314749409e+01 1.4797101880e+01 1.0000000000e+00
-2.9718147675e-04 5.3617038103e-05 8.5065789146e+01 nan 0.0000000000e+00
-2.9427878539e-04 5.4564439918e-05 8.3975296283e+01 nan 0.0000000000e+00
-2.3110759039e-04 8.3230382730e-05 5.2498656926e+01 2.3858656546e+01 1.0000000000e+00
-2.7414301493e-04 6.5384275400e-05 6.9633060112e+01 1.9734181988e+01 1.0000000000e+00
3.7860572927e-04 8.8140722213e-06 6.3969814821e+01 nan 0.0000000000e+00
3.6736036428e-04 8.3219792302e-06 4.9310629817e+01 nan 0.0000000000e+00
2.9920641272e-04 5.3811088533e-06 8.0418286598e+01 nan 0.0000000000e+00
1.8539001682e-04 3.1615749426e-06 2.5161084028e+02 nan 0.0000000000e+00
1.7759615817e-04 3.1338292726e-06 2.4629406960e+02 nan 0.0000000000e+00
1.5796746745e-04 3.0863592291e-06 2.3898945804e+02 nan 0.0000000000e+00
1.5010490597e-04 3.0601704337e-06 2.3737957246e+02 nan 0.0000000000e+00
3.5182039097e-04 7.8864888557e-06 4.2079464453e+01 nan 0.0000000000e+00
1.7457122904e-04 1.0943566680e-04 3.1035412298e+01 nan 0.0000000000e+00
2.7534520267e-04 1.0936412512e-04 2.8863963525e+01 nan 0.0000000000e+00
2.7185534181e-04 1.0789127523e-04 2.8267826473e+01 nan 0.0000000000e+00
2.6847648625e-04 1.0649795313e-04 2.7340882121e+01 nan 0.0000000000e+00
3.7940181644e-04 4.4243719554e-06 5.6829733630e+01 nan 0.0000000000e+00
3.8211646711e-04 9.1851772814e-06 7.3454021246e+01 nan 0.0000000000e+00
3.6782754309e-04 4.0784889159e-06 4.4848426170e+01 nan 0.0000000000e+00
3.2314683923e-04 6.1482262508e-06 7.1243271854e+01 nan 0.0000000000e+00
-3.2150697909e-04 4.6007975639e-05 8.8469578262e+01 nan 0.0000000000e+00
-3.1750730961e-04 4.2224845912e-05 8.7239171992e+01 nan 0.0000000000e+00
3.1529810486e-04 5.8301610368e-06 7.8144088904e+01 nan 0.0000000000e+00
-3.0505774340e-04 4.1386340123e-05 8.9256180213e+01 nan 0.0000000000e+00
2.9965395591e-04 2.5475673351e-06 9.4184018913e+01 nan 0.0000000000e+00
-2.5792982124e-04 4.9621022891e-05 1.0794968753e+02 nan 0.0000000000e+00
2.7586647512e-04 2.0049944302e-06 1.7068029317e+02 nan 0.0000000000e+00
2.8373732171e-04 2.2767581842e-06 1.4223065915e+02 nan 0.0000000000e+00
-2.5309358109e-04 4.8289482133e-05 1.1372188185e+02 nan 0.0000000000e+00
-3.2376648063e-04 4.8009600184e-05 8.1252554569e+01 nan 0.0000000000e+00
-3.1740059194e-04 5.0090786830e-05 7.9219384342e+01 nan 0.0000000000e+00
-3.1307241644e-04 5.0276806140e-05 8.8298197642e+01 nan 0.0000000000e+00
-2.2625604501e-04 4.9899438649e-05 1.1992833888e+02 nan 0.0000000000e+00
-2.3911475330e-04 3.1337623632e-05 1.7058620950e+02 nan 0.0000000000e+00
-2.3268965033e-04 2.3684118115e-05 1.9942745263e+02 nan 0.0000000000e+00
-2.1507059450e-04 4.8614212272e-05 1.2553013530e+02 nan 0.0000000000e+00
-2.2587367016e-04 2.3444972290e-05 2.0027865024e+02 nan 0.0000000000e+00
-2.8063899430e-04 3.1676204600e-06 3.0416540797e+02 nan 0.0000000000e+00
-1.9405892599e-04 4.5148115538e-05 1.3618042707e+02 nan 0.0000000000e+00
-1.9090440144e-04 4.4994301971e-05 1.3664944744e+02 nan 0.0000000000e+00
-1.8091691776e-04 2.4219936377e-05 1.9069265762e+02 nan 0.0000000000e+00
-1.1052762127e-04 5.6797098400e-05 1.1069203726e+02 nan 0.0000000000e+00
-4.6480125016e-05 5.7905254807e-05 1.0558239491e+02 nan 0.0000000000e+00
3.8695522106e-04 4.5834032700e-06 7.6096213330e+01 nan 0.0000000000e+00
3.8581672986e-04 9.7915994294e-06 8.8716282998e+01 nan 0.0000000000e+00
2.8762217993e-04 2.4349427222e-06 1.2932925915e+02 nan 0.0000000000e+00
1.6905029396e-04 9.6013420631e-05 2.6766319982e+01 nan 0.0000000000e+00
1.4480198454e-04 8.7904785948e-05 4.2895921296e+01 nan 0.0000000000e+00
-3.2101307177e-04 1.1894501843e-05 1.7335615952e+02 nan 0.0000000000e+00
1.1071448179e-04 9.2418658318e-05 4.2458949979e+01 nan 0.0000000000e+00
1.8263696078e-04 4.4416825765e-05 7.7012079232e+01 nan 0.0000000000e+00
1.7374330702e-04 4.4989336751e-05 8.1910718409e+01 nan 0.0000000000e+00
1.4223923987e-04 5.8262765703e-05 8.2118553077e+01 nan 0.0000000000e+00
8.1437990080e-05 9.7567471725e-05 3.9470074829e+01 nan 0.0000000000e+00
-2.2042055087e-04 1.5115774784e-05 2.2836464237e+02 nan 0.0000000000e+00
1.1768382097e-04 7.0983593222e-05 7.2430933503e+01 nan 0.0000000000e+00
1.3059907833e-04 3.1479924800e-05 1.4885393127e+02 nan 0.0000000000e+00
1.3735763164e-04 3.1774245173e-05 1.4541004195e+02 nan 0.0000000000e+00
1.5381811445e-04 3.2733656244e-05 1.3361271991e+02 nan 0.0000000000e+00
1.0608304909e-04 6.9901342880e-05 7.6365298028e+01 nan 0.0000000000e+00
1.8502592156e-04 3.6015283422e-05 9.5620700931e+01 nan 0.0000000000e+00
2.5796543565e-04 1.0479328169e-04 2.3856446771e+01 nan 0.0000000000e+00
2.5163730696e-04 1.0100512363e-04 2.0554946525e+01 nan 0.0000000000e+00
2.4611611922e-04 9.3352710838e-05 1.6687463250e+01 nan 0.0000000000e+00
2.4523054655e-04 9.7122681052e-05 1.7975830340e+01 nan 0.0000000000e+00
7.8091758109e-05 1.1379291533e-04 2.0551349625e+01 nan 0.0000000000e+00
7.7641859606e-05 1.1812136291e-04 1.6082159076e+01 2.7522798040e+01 1.0000000000e+00
2.4355249932e-04 8.7664518084e-05 1.3725138271e+01 nan 0.0000000000e+00
-9.3466057763e-05 3.6416415817e-05 1.4906386856e+02 nan 0.0000000000e+00
2.3688111238e-04 8.3835402309e-05 1.3081565407e+01 nan 0.0000000000e+00
-1.1098242979e-04 3.6515489708e-05 1.5046640164e+02 nan 0.0000000000e+00
2.3401148697e-04 7.8498843655e-05 1.6317473257e+01 nan 0.0000000000e+00
-1.1796138467e-04 3.6565341129e-05 1.5104972549e+02 nan 0.0000000000e+00
-1.2491986945e-04 3.6622184918e-05 1.5163616618e+02 nan 0.0000000000e+00
-7.2944278939e-05 7.2560910716e-06 2.1643192121e+02 nan 0.0000000000e+00
-3.4049535238e-04 5.4225536279e-06 1.7661310242e+02 nan 0.0000000000e+00
-6.5121891164e-05 7.2572682143e-06 2.1572466731e+02 nan 0.0000000000e+00
-5.7309010831e-05 7.2584730316e-06 2.1511582234e+02 nan 0.0000000000e+00
-4.9486116152e-05 7.2597872330e-06 2.1460216132e+02 nan 0.0000000000e+00
-4.1662466257e-05 7.2613456043e-06 2.1418281133e+02 nan 0.0000000000e+00
-3.3838203911e-05 7.2631450966e-06 2.1385661060e+02 nan 0.0000000000e+00
-3.4813122686e-04 6.0613864302e-06 1.5677354141e+02 nan 0.0000000000e+00
-2.2698765695e-04 7.4677356277e-05 6.8262825060e+01 nan 0.0000000000e+00
-2.5376493153e-06 7.2729667108e-06 2.1345957748e+02 nan 0.0000000000e+00
5.2877371546e-06 7.2762138332e-06 2.1358000621e+02 nan 0.0000000000e+00
1.3112964191e-05 7.2798733413e-06 2.1378425884e+02 nan 0.0000000000e+00
2.4186849398e-04 7.1422197804e-05 1.9085872959e+01 nan 0.0000000000e+00
3.7760669913e-04 1.3391040839e-05 6.8720168313e+01 nan 0.0000000000e+00
-1.2120849484e-04 4.1542206305e-05 1.4065354179e+02 nan 0.0000000000e+00
3.4809554979e-04 3.7091893155e-06 3.9823035935e+01 nan 0.0000000000e+00
7.8828690459e-05 1.0969617614e-04 2.5015949559e+01 nan 0.0000000000e+00
-1.1438035728e-04 4.1473476959e-05 1.4021855414e+02 nan 0.0000000000e+00
2.0600902933e-04 1.0495146377e-04 6.2917021229e+00 nan 0.0000000000e+00
3.3867881902e-04 6.4844493914e-05 3.9313794547e+01 nan 0.0000000000e+00
1.5879417142e-04 2.7634315244e-05 1.4779259019e+02 nan 0.0000000000e+00
-2.0687691276e-04 5.7814941720e-05 1.0583107835e+02 nan 0.0000000000e+00
3.3574961693e-04 6.3504081906e-05 3.8731591629e+01 nan 0.0000000000e+00
-4.1363415883e-05 4.4408960565e-05 1.2951224859e+02 nan 0.0000000000e+00
-3.4474287567e-05 4.4400995826e-05 1.2922315152e+02 nan 0.0000000000e+00
1.6531264539e-04 2.8041842382e-05 1.4265426320e+02 nan 0.0000000000e+00
1.3409921162e-04 7.5230024753e-06 2.2196517621e+02 nan 0.0000000000e+00
-2.9704651421e-04 2.3909965447e-05 1.4246283911e+02 nan 0.0000000000e+00
2.1026459294e-04 7.9857561857e-05 2.3508214393e+01 nan 0.0000000000e+00
-1.3062096742e-04 6.6312100627e-05 9.5294617778e+01 nan 0.0000000000e+00
1.5337594627e-04 7.6446896909e-06 2.2279632868e+02 nan 0.0000000000e+00
3.7120464420e-04 8.3963649353e-06 5.2783698723e+01 nan 0.0000000000e+00
2.6525534244e-04 6.2814635335e-05 1.9842203211e+01 nan 0.0000000000e+00
3.5221782471e-04 5.0580032866e-05 4.6279584146e+01 nan 0.0000000000e+00
1.0302247129e-05 4.4457219774e-05 1.2784958678e+02 nan 0.0000000000e+00
1.6102948522e-04 7.7027115850e-06 2.2338047931e+02 nan 0.0000000000e+00
5.7131614809e-05 9.2045259872e-05 4.9627240246e+01 nan 0.0000000000e+00
-1.0154369024e-04 7.4655611792e-05 8.2677369797e+01 nan 0.0000000000e+00
2.7549642778e-04 6.5648910417e-06 1.1409289402e+02 nan 0.0000000000e+00
2.0139478949e-04 6.9864594958e-05 3.3425308487e+01 nan 0.0000000000e+00
3.7733977181e-05 4.4609685183e-05 1.2725150985e+02 nan 0.0000000000e+00
3.2474281157e-04 4.6722971529e-05 3.5316432511e+01 nan 0.0000000000e+00
5.0804970350e-05 9.5678707445e-05 4.5968619182e+01 nan 0.0000000000e+00
2.7595753864e-04 9.1980733570e-05 2.4962258428e+01 nan 0.0000000000e+00
1.8662102168e-04 6.6919566008e-05 4.1166515912e+01 nan 0.0000000000e+00
1.8666834907e-04 7.2024838297e-05 3.6429299564e+01 nan 0.0000000000e+00
-2.1498748683e-04 4.4670164784e-05 1.3557323054e+02 nan 0.0000000000e+00
1.9758642359e-04 3.1212774899e-05 9.8785101012e+01 nan 0.0000000000e+00
2.3082749484e-04 1.0912957717e-04 2.0385803727e+01 nan 0.0000000000e+00
-9.0779381300e-05 1.0508289106e-04 4.8259678877e+01 nan 0.0000000000e+00
2.0434234822e-04 3.2163951974e-05 8.9722342075e+01 nan 0.0000000000e+00
-1.3367200475e-04 6.6422326965e-05 9.5111453274e+01 nan 0.0000000000e+00
-1.7460508639e-04 9.5731251330e-05 5.0834865137e+01 nan 0.0000000000e+00
3.4917436921e-04 4.9468541585e-05 4.5289208153e+01 nan 0.0000000000e+00
-2.7367906983e-04 2.3354269323e-05 1.7632743684e+02 nan 0.0000000000e+00
3.3674274657e-04 5.9166746884e-05 3.9501135135e+01 nan 0.0000000000e+00
2.7923798297e-04 9.3582335371e-05 2.6282233697e+01 nan 0.0000000000e+00
-3.7787573109e-04 4.0767480624e-06 1.3803414650e+02 nan 0.0000000000e+00
-2.6591353015e-04 3.9792077805e-05 1.2689210152e+02 nan 0.0000000000e+00
9.3656232592e-05 1.0918060557e-04 2.2902278009e+01 nan 0.0000000000e+00
-3.7403846333e-04 3.9570260248e-06 1.2639266336e+02 nan 0.0000000000e+00
-3.6409971883e-04 7.3714573212e-06 1.1612239713e+02 nan 0.0000000000e+00
-3.6181624038e-04 1.1135452090e-05 1.1772595822e+02 nan 0.0000000000e+00
-3.5802623483e-04 1.0648178023e-05 1.1085495756e+02 nan 0.0000000000e+00
-3.6014612743e-04 7.0193644343e-06 1.0310478154e+02 nan 0.0000000000e+00
-3.5567907755e-04 1.4347741412e-05 1.1093547270e+02 nan 0.0000000000e+00
9.8483858721e-05 8.6939144958e-05 5.1817243523e+01 nan 0.0000000000e+00
-1.3834237473e-04 4.8603734387e-05 1.2734867515e+02 nan 0.0000000000e+00
3.2581139712e-04 3.8929162085e-05 3.5498808359e+01 nan 0.0000000000e+00
-3.8172892069e-04 9.4945688314e-06 2.2268520082e+02 6.1561821379e+00 1.0000000000e+00
3.4669535368e-04 5.8585846026e-05 4.2638800650e+01 nan 0.0000000000e+00
1.1885422652e-04 1.1295616103e-04 1.5310180712e+01 nan 0.0000000000e+00
1.2134896606e-04 1.1370087961e-04 1.3873099813e+01 2.3693851132e+01 1.0000000000e+00
3.1990544891e-04 5.3657352748e-05 3.3737386772e+01 nan 0.0000000000e+00
2.9385366436e-04 4.6211413591e-05 2.6231608925e+01 nan 0.0000000000e+00
-8.9910200567e-05 1.0904433023e-04 4.4757880083e+01 nan 0.0000000000e+00
-8.6334017602e-05 1.1283088586e-04 4.1622939496e+01 nan 0.0000000000e+00
-8.9082829572e-05 1.1294082392e-04 4.1501197660e+01 nan 0.0000000000e+00
2.8515382895e-04 8.3172902869e-05 2.5661495256e+01 nan 0.0000000000e+00
-3.0114459805e-04 2.2212327274e-05 1.4505647955e+02 nan 0.0000000000e+00
1.8666103835e-04 7.4593751405e-05 3.4291510339e+01 nan 0.0000000000e+00
-9.4437130292e-05 1.1354299785e-04 4.0904142437e+01 2.9002281870e+01 1.0000000000e+00
2.9644253559e-04 9.7258803048e-05 2.9910023801e+01 nan 0.0000000000e+00
-1.3380876448e-04 1.0570614686e-04 4.5615162797e+01 nan 0.0000000000e+00
8.5840795638e-05 7.6152465050e-05 6.9057357231e+01 nan 0.0000000000e+00
3.1597535873e-04 7.4038833966e-05 3.3036672759e+01 nan 0.0000000000e+00
9.0167428350e-05 1.1299316361e-04 1.8796371942e+01 nan 0.0000000000e+00
8.9447413359e-05 1.1701121114e-04 1.4134670179e+01 2.6773052349e+01 1.0000000000e+00
8.2485792136e-05 1.1892505206e-04 1.3880730803e+01 2.7291952798e+01 1.0000000000e+00
1.0952627161e-04 1.1353637288e-04 1.5526956731e+01 nan 0.0000000000e+00
2.9325571935e-04 9.5732578907e-05 2.9450083735e+01 nan 0.0000000000e+00
-3.6244413889e-04 2.0707888630e-05 1.4719089861e+02 nan 0.0000000000e+00
-3.5872810400e-04 2.5219537578e-05 1.4542563783e+02 nan 0.0000000000e+00
-3.5259778552e-04 2.8376405572e-05 1.2943762710e+02 nan 0.0000000000e+00
-3.4881323770e-04 3.2650103082e-05 1.2617484508e+02 nan 0.0000000000e+00
-3.6166558664e-04 2.6154743083e-05 1.6408899294e+02 1.2384960020e+01 1.0000000000e+00
-3.5595634966e-04 3.1989133029e-05 1.5377409537e+02 1.4355174860e+01 1.0000000000e+00
-3.4654752247e-04 3.1261077523e-05 1.1628433928e+02 nan 0.0000000000e+00
-3.4282324241e-04 3.5525973675e-05 1.1325881904e+02 nan 0.0000000000e+00
-3.4573969249e-04 3.6588107004e-05 1.2487326178e+02 1.7281246346e+01 1.0000000000e+00
-3.3920696470e-04 4.0142893826e-05 1.1175665761e+02 nan 0.0000000000e+00
1.1761063907e-04 1.0850065748e-04 2.0183824172e+01 nan 0.0000000000e+00
-3.7518907526e-04 1.3223325281e-05 1.8916103887e+02 nan 0.0000000000e+00
-3.7117583917e-04 1.7906145114e-05 1.8963484851e+02 9.3322613092e+00 1.0000000000e+00
-3.6512400676e-04 2.1487833770e-05 1.6516648193e+02 nan 0.0000000000e+00
1.4274829224e-04 4.8584543718e-05 9.9896271670e+01 nan 0.0000000000e+00
2.8605388721e-04 3.3402234637e-05 2.8716019466e+01 nan 0.0000000000e+00
2.9014166682e-04 3.0914804903e-05 2.9147564794e+01 nan 0.0000000000e+00
-1.5313244830e-04 1.0147719221e-04 4.7745246351e+01 nan 0.0000000000e+00
1.4873074478e-04 4.9293129918e-05 9.3668157886e+01 nan 0.0000000000e+00
-2.7312769290e-04 6.1692085429e-05 7.6532872280e+01 nan 0.0000000000e+00
3.0855519905e-04 5.4357628698e-05 2.9917750042e+01 nan 0.0000000000e+00
3.0799276042e-04 5.8247482111e-05 2.9900935500e+01 nan 0.0000000000e+00
3.0736963009e-04 6.2178376162e-05 2.9927412491e+01 nan 0.0000000000e+00
3.0382802378e-04 6.0982374534e-05 2.8717552410e+01 nan 0.0000000000e+00
1.3407331312e-04 1.0993712383e-04 1.6662697553e+01 nan 0.0000000000e+00
1.3058787462e-04 1.1410811507e-04 1.2208855731e+01 2.3046818697e+01 1.0000000000e+00
1.8122257221e-04 7.4919373045e-05 3.5843068032e+01 nan 0.0000000000e+00
1.7864635585e-04 7.8800850033e-05 3.3463809839e+01 nan 0.0000000000e+00
-1.6987462367e-04 9.7212297887e-05 4.9940823522e+01 nan 0.0000000000e+00
-1.7011021207e-04 9.9615292954e-05 4.7188587389e+01 2.6967881898e+01 1.0000000000e+00
2.7682796870e-04 8.8017478824e-05 2.4196613643e+01 nan 0.0000000000e+00
2.0473034888e-04 6.2727622927e-05 3.8465854354e+01 nan 0.0000000000e+00
2.0466811479e-04 6.5505136919e-05 3.5909331262e+01 nan 0.0000000000e+00
2.0157292724e-04 6.1633676773e-05 4.0825510317e+01 nan 0.0000000000e+00
2.0147850644e-04 6.7097890199e-05 3.5614848840e+01 nan 0.0000000000e+00
-2.7013852892e-04 5.7065731949e-05 8.6224294762e+01 nan 0.0000000000e+00
-1.4160616283e-04 4.8673569226e-05 1.2737665028e+02 nan 0.0000000000e+00
2.9015827720e-04 2.7526643191e-05 3.6947752839e+01 nan 0.0000000000e+00
3.7500885940e-04 2.2973452018e-05 6.9086151947e+01 nan 0.0000000000e+00
3.7361666774e-04 2.7966941154e-05 6.6374313305e+01 nan 0.0000000000e+00
3.6969957281e-04 3.1598894236e-05 6.1411462122e+01 nan 0.0000000000e+00
3.7931299779e-04 1.9544675347e-05 7.6693604529e+01 nan 0.0000000000e+00
3.7230822604e-04 3.3568270832e-05 6.2580064519e+01 6.0444537131e+00 1.0000000000e+00
3.6682719814e-04 3.0683543439e-05 5.9118944120e+01 nan 0.0000000000e+00
3.6561900523e-04 3.5305664154e-05 5.7162618352e+01 nan 0.0000000000e+00
3.6266530763e-04 3.4409953052e-05 5.5253877796e+01 nan 0.0000000000e+00
3.6461168378e-04 4.0144051271e-05 5.4952685297e+01 nan 0.0000000000e+00
-2.4261631646e-04 2.4158205468e-05 1.9625170642e+02 nan 0.0000000000e+00
2.1460407058e-04 6.3409421057e-05 3.4451102679e+01 nan 0.0000000000e+00
3.0765060731e-04 7.9619041831e-05 3.1195299429e+01 nan 0.0000000000e+00
-1.5734660138e-04 8.7374558711e-05 6.3645661184e+01 nan 0.0000000000e+00
-1.0655498904e-04 1.0384712684e-04 4.9081542340e+01 nan 0.0000000000e+00
-2.5856452529e-04 6.5472064669e-05 7.4485373937e+01 nan 0.0000000000e+00
-2.6255202399e-04 6.7434416384e-05 6.9584394036e+01 nan 0.0000000000e+00
-2.6171119572e-04 7.0010536902e-05 6.5376228483e+01 2.1111978811e+01 1.0000000000e+00
-2.6625761886e-04 7.0332741398e-05 6.3432710156e+01 2.0678804129e+01 1.0000000000e+00
-2.5495188395e-04 6.1276414597e-05 8.3923469818e+01 nan 0.0000000000e+00
-2.5005080300e-04 6.2071451703e-05 8.4159498743e+01 nan 0.0000000000e+00
-1.0568543878e-04 1.0179719600e-04 5.1074882239e+01 nan 0.0000000000e+00
-2.8982861690e-04 5.4187243495e-05 8.4498394014e+01 nan 0.0000000000e+00
8.9820399978e-05 9.2197538840e-05 4.5550277775e+01 nan 0.0000000000e+00
-3.3696072435e-04 3.8088459326e-05 1.0223929305e+02 nan 0.0000000000e+00
1.1449000386e-04 1.0575449958e-04 2.4171377481e+01 nan 0.0000000000e+00
7.1052991717e-05 7.5386827355e-05 7.1525343040e+01 nan 0.0000000000e+00
-3.0252771433e-04 1.9713867015e-05 1.5590081428e+02 nan 0.0000000000e+00
-2.2504861512e-04 6.7203542320e-05 8.2542377404e+01 nan 0.0000000000e+00
3.2268918164e-04 3.0620097433e-05 3.4183651845e+01 nan 0.0000000000e+00
-3.2907037878e-04 3.3476440856e-05 9.3208346150e+01 nan 0.0000000000e+00
-3.2334897049e-04 3.5546496781e-05 9.1775635948e+01 nan 0.0000000000e+00
2.9419222537e-04 9.1667823242e-05 2.9263589107e+01 nan 0.0000000000e+00
-2.6512998812e-04 6.6001223280e-05 7.1303672816e+01 nan 0.0000000000e+00
-2.6656722996e-04 3.7599996057e-05 1.3237695468e+02 nan 0.0000000000e+00
-2.4609567362e-04 7.0899518742e-05 6.8698318524e+01 nan 0.0000000000e+00
3.3796299075e-04 3.3419239162e-05 4.0451982928e+01 nan 0.0000000000e+00
9.7723492488e-05 8.4863360203e-05 5.4868835551e+01 nan 0.0000000000e+00
-2.9310917634e-04 3.7280805023e-05 9.8819786754e+01 nan 0.0000000000e+00
2.0739755123e-04 7.5377254044e-05 2.7600901666e+01 nan 0.0000000000e+00
2.1810176272e-04 6.1695662963e-05 3.4787476203e+01 nan 0.0000000000e+00
-1.2654466834e-04 5.7126057200e-05 1.1072897252e+02 nan 0.0000000000e+00
-1.2972192747e-04 5.7204062200e-05 1.1068641438e+02 nan 0.0000000000e+00
-3.0504118572e-04 2.6561215085e-05 1.2098448377e+02 nan 0.0000000000e+00
2.5001337172e-04 6.0629193185e-05 2.3386599519e+01 nan 0.0000000000e+00
2.5346364137e-04 6.5541059202e-05 2.0099628204e+01 nan 0.0000000000e+00
1.3489352967e-04 8.7899907888e-05 4.4810696364e+01 nan 0.0000000000e+00
3.1730994842e-04 8.3803524262e-05 3.2963233728e+01 nan 0.0000000000e+00
3.1659812020e-04 8.8293624092e-05 3.2454829696e+01 2.5498492672e+01 1.0000000000e+00
3.2520804955e-04 8.2630544481e-05 3.4155211684e+01 2.3695578623e+01 1.0000000000e+00
3.2616778209e-04 7.8082940556e-05 3.4903870249e+01 nan 0.0000000000e+00
3.2518353440e-04 6.4067033774e-05 3.5634674100e+01 nan 0.0000000000e+00
1.1891532260e-04 1.0436594528e-04 2.4910779971e+01 nan 0.0000000000e+00
-2.3368952289e-04 7.9113180596e-05 5.8499735822e+01 nan 0.0000000000e+00
2.7435406990e-04 3.0898677430e-05 5.5547367948e+01 nan 0.0000000000e+00
2.2517640471e-04 6.1167082008e-05 3.1817321418e+01 nan 0.0000000000e+00
2.2157647289e-04 6.2940423064e-05 3.2479023266e+01 nan 0.0000000000e+00
-2.7866276016e-04 5.2916860125e-05 8.9943985287e+01 nan 0.0000000000e+00
2.2544817870e-04 1.0487158618e-04 1.5802030273e+01 nan 0.0000000000e+00
2.2001669435e-04 1.0054460466e-04 9.4075557058e+00 nan 0.0000000000e+00
3.4006914748e-04 3.3356687786e-06 3.8956184570e+01 nan 0.0000000000e+00
3.3602022146e-04 6.6350625006e-06 3.6187973127e+01 nan 0.0000000000e+00
3.3164317358e-04 6.3893702257e-06 3.9272472747e+01 nan 0.0000000000e+00
3.3153896962e-04 3.2114520021e-06 6.3159767543e+01 nan 0.0000000000e+00
3.3567253790e-04 1.0361369482e-05 3.7606916044e+01 nan 0.0000000000e+00
3.3143432898e-04 1.3642743340e-05 3.6265144171e+01 nan 0.0000000000e+00
3.3999726732e-04 6.9705231121e-06 3.8086057659e+01 nan 0.0000000000e+00
3.0489395014e-04 9.2098996224e-05 3.0891542193e+01 nan 0.0000000000e+00
3.0412078120e-04 9.6378334089e-05 3.0624320219e+01 2.8956945358e+01 1.0000000000e+00
3.0929510588e-04 9.0056141523e-05 3.1495995658e+01 nan 0.0000000000e+00
-2.3722041751e-04 4.9453116660e-05 1.1766584121e+02 nan 0.0000000000e+00
1.3317020786e-04 1.0516515781e-04 2.2221631162e+01 nan 0.0000000000e+00
-3.6203019471e-04 3.4737871222e-06 1.2104987829e+02 nan 0.0000000000e+00
-3.5609949049e-04 6.6102997298e-06 1.1682405425e+02 nan 0.0000000000e+00
2.6546261216e-04 1.0446843488e-04 2.5961759086e+01 nan 0.0000000000e+00
2.8096347325e-04 6.1031414421e-05 2.2391329704e+01 nan 0.0000000000e+00
3.0073894040e-04 5.5942098908e-05 2.7553579880e+01 nan 0.0000000000e+00
2.9609243160e-04 6.2412819570e-05 2.6403090646e+01 nan 0.0000000000e+00
2.9552683274e-04 6.6288068698e-05 2.6499561712e+01 nan 0.0000000000e+00
2.9904938244e-04 6.7578875343e-05 2.7716208370e+01 nan 0.0000000000e+00
2.9246370595e-04 6.1155124162e-05 2.5285219416e+01 nan 0.0000000000e+00
2.7348234905e-04 8.6418996434e-05 2.2732405194e+01 nan 0.0000000000e+00
2.9816855883e-04 3.9992113782e-05 2.7665977244e+01 nan 0.0000000000e+00
2.4347079845e-04 1.1406254828e-04 2.3459195912e+01 nan 0.0000000000e+00
2.4577543323e-04 1.1633847019e-04 2.5628260681e+01 nan 0.0000000000e+00
2.3626563251e-04 1.1340255812e-04 2.2110890995e+01 nan 0.0000000000e+00
2.3478905784e-04 1.1692908342e-04 2.3776405502e+01 nan 0.0000000000e+00
2.3203240499e-04 1.0562994340e-04 1.8584117782e+01 nan 0.0000000000e+00
-2.6153233178e-04 4.5789287043e-05 1.1497520346e+02 nan 0.0000000000e+00
3.4335411711e-04 1.8582148282e-05 4.1477378518e+01 nan 0.0000000000e+00
3.4306914121e-04 2.2367481574e-05 4.1903500866e+01 nan 0.0000000000e+00
3.1485992456e-04 2.1981350407e-05 3.2514785156e+01 nan 0.0000000000e+00
2.7337659708e-04 5.8339762567e-05 2.1549167958e+01 nan 0.0000000000e+00
1.6907661617e-04 9.1266131369e-05 2.9735217185e+01 nan 0.0000000000e+00
-2.2900387799e-04 5.0275621322e-05 1.1824665501e+02 nan 0.0000000000e+00
6.5069582140e-05 7.5139802851e-05 7.2369559763e+01 nan 0.0000000000e+00
-2.5829531217e-04 5.7330765735e-05 9.0702615665e+01 nan 0.0000000000e+00
1.9709710741e-04 8.8068006149e-05 2.0898085874e+01 nan 0.0000000000e+00
1.9412385079e-04 8.9257562687e-05 2.0726630836e+01 nan 0.0000000000e+00
1.9152440778e-04 8.7727682353e-05 2.2484180987e+01 nan 0.0000000000e+00
1.9092538468e-04 9.3093102909e-05 1.8604903339e+01 nan 0.0000000000e+00
1.8579717780e-04 9.2650066525e-05 2.0014261107e+01 nan 0.0000000000e+00
1.8621294853e-04 8.7506759056e-05 2.4040744071e+01 nan 0.0000000000e+00
1.9938849860e-04 9.2608553006e-05 1.7270262488e+01 nan 0.0000000000e+00
1.9890268988e-04 9.5500836470e-05 1.5355447039e+01 nan 0.0000000000e+00
2.0150914367e-04 9.7429857613e-05 1.3444115705e+01 nan 0.0000000000e+00
2.0479390749e-04 9.6405679585e-05 1.3744643107e+01 nan 0.0000000000e+00
2.0534357710e-04 9.3339471735e-05 1.5463007692e+01 nan 0.0000000000e+00
2.0085949140e-04 1.0043531801e-04 1.0598053995e+01 nan 0.0000000000e+00
1.8636418525e-04 8.4923124426e-05 2.6049210026e+01 nan 0.0000000000e+00
2.5083283717e-04 1.1508518098e-04 2.6925970312e+01 nan 0.0000000000e+00
1.3756212746e-04 1.0398942549e-04 2.3618161060e+01 nan 0.0000000000e+00
1.2678259942e-04 7.4067922003e-05 6.5575131146e+01 nan 0.0000000000e+00
-1.3671224241e-04 6.6538608527e-05 9.4903229626e+01 nan 0.0000000000e+00
-1.2866969995e-04 8.3299480194e-05 7.0970539770e+01 nan 0.0000000000e+00
2.3553274160e-04 6.1867130946e-05 2.7208996237e+01 nan 0.0000000000e+00
-3.1916779483e-04 1.9851606393e-06 3.0342708859e+02 nan 0.0000000000e+00
3.1959963647e-04 2.9546683224e-06 7.8656462755e+01 nan 0.0000000000e+00
3.1151121044e-04 5.5826257976e-06 7.9643537572e+01 nan 0.0000000000e+00
3.1920440006e-04 5.9905783478e-06 7.5875720620e+01 nan 0.0000000000e+00
-2.4136814519e-04 7.1729349569e-05 6.8713133716e+01 nan 0.0000000000e+00
-2.3914381037e-04 7.0981719040e-05 7.0800139954e+01 nan 0.0000000000e+00
2.6665971084e-04 3.2498048897e-05 5.6877722199e+01 nan 0.0000000000e+00
2.6294577754e-04 3.1805579414e-05 5.7008364134e+01 nan 0.0000000000e+00
2.1560510245e-04 1.1393317835e-04 2.3146362223e+01 nan 0.0000000000e+00
2.0953635744e-04 1.1279596038e-04 2.0072059033e+01 nan 0.0000000000e+00
2.2181040328e-04 1.1489455275e-04 2.3706495516e+01 nan 0.0000000000e+00
2.1085906304e-04 1.0953642391e-04 1.5110313445e+01 nan 0.0000000000e+00
1.9013504264e-04 1.0830120397e-04 7.0953665086e+00 nan 0.0000000000e+00
1.8641053115e-04 1.0446934520e-04 7.4318987916e+00 nan 0.0000000000e+00
1.9345229418e-04 1.1332640614e-04 1.0014187231e+01 nan 0.0000000000e+00
1.8506742943e-04 1.0916841289e-04 1.0551943894e+01 nan 0.0000000000e+00
2.0872774227e-04 9.2175305682e-05 1.5997181285e+01 nan 0.0000000000e+00
2.4815206905e-04 1.8722017760e-05 8.9228535142e+01 nan 0.0000000000e+00
2.4052750213e-04 2.0282899182e-05 9.1706619587e+01 nan 0.0000000000e+00
2.4052846999e-04 2.2748006617e-05 8.4123170191e+01 nan 0.0000000000e+00
2.4431891110e-04 2.3258077344e-05 7.9492709537e+01 nan 0.0000000000e+00
2.3672163847e-04 1.9851223162e-05 9.7431894957e+01 nan 0.0000000000e+00
2.3674439054e-04 2.4739215918e-05 8.2151521923e+01 nan 0.0000000000e+00
2.3291497342e-04 1.9449187443e-05 1.0401552128e+02 nan 0.0000000000e+00
2.2917424633e-04 2.3763263780e-05 9.2304865652e+01 nan 0.0000000000e+00
2.2543815591e-04 2.3315235365e-05 9.7508405259e+01 nan 0.0000000000e+00
2.4810401925e-04 2.3793768517e-05 7.5296956671e+01 nan 0.0000000000e+00
3.3498568099e-04 2.5125476311e-05 3.8473026539e+01 nan 0.0000000000e+00
-1.9811482098e-04 2.2821387686e-05 1.9824401248e+02 nan 0.0000000000e+00
-1.9631200598e-04 2.7716485841e-05 1.8337495116e+02 nan 0.0000000000e+00
-2.0521693727e-04 2.2930210744e-05 1.9930606767e+02 nan 0.0000000000e+00
-1.7826056399e-04 8.7683868202e-05 6.0246852235e+01 nan 0.0000000000e+00
1.6177079880e-04 6.1930392894e-05 5.8871860332e+01 nan 0.0000000000e+00
1.5905522728e-04 6.1295837996e-05 6.1482436588e+01 nan 0.0000000000e+00
-2.2199101325e-04 8.0464428372e-05 5.9935777359e+01 nan 0.0000000000e+00
-2.2190823487e-04 8.2794265494e-05 5.6125120356e+01 nan 0.0000000000e+00
-3.3380783817e-04 2.1780259593e-05 9.4416366686e+01 nan 0.0000000000e+00
-1.7883573567e-04 7.5198904059e-05 7.8227098842e+01 nan 0.0000000000e+00
1.5320002734e-04 5.8012947660e-05 7.3139554477e+01 nan 0.0000000000e+00
-3.4588375105e-04 1.6560780160e-05 1.0029763168e+02 nan 0.0000000000e+00
-3.4346578520e-04 2.0139139128e-05 9.9782668608e+01 nan 0.0000000000e+00
2.1387587184e-04 1.1756759029e-04 2.7366700650e+01 nan 0.0000000000e+00
2.1675041044e-04 1.1935526275e-04 2.8401774117e+01 3.6110844911e+01 1.0000000000e+00
-1.9828832074e-04 1.4914585690e-05 2.2202714603e+02 nan 0.0000000000e+00
-1.9457440868e-04 1.4888020092e-05 2.2095007407e+02 nan 0.0000000000e+00
-1.9083030983e-04 1.4869146552e-05 2.1985951316e+02 nan 0.0000000000e+00
2.4287076662e-04 5.7975954348e-05 2.7296354301e+01 nan 0.0000000000e+00
3.0017670338e-04 8.0922266394e-05 2.9484944937e+01 nan 0.0000000000e+00
2.1082467444e-04 1.9672438120e-05 1.3592505714e+02 nan 0.0000000000e+00
2.0725771168e-04 1.9408324889e-05 1.4317745442e+02 nan 0.0000000000e+00
2.1442004862e-04 1.9961617235e-05 1.2842781280e+02 nan 0.0000000000e+00
2.0371557129e-04 1.9167429468e-05 1.4995838901e+02 nan 0.0000000000e+00
2.1804671501e-04 2.0277426669e-05 1.2094342680e+02 nan 0.0000000000e+00
2.2166998295e-04 1.8414746438e-05 1.2627593806e+02 nan 0.0000000000e+00
2.1809624611e-04 2.2498000603e-05 1.0952347612e+02 nan 0.0000000000e+00
2.2537904381e-04 1.8732872081e-05 1.1844119007e+02 nan 0.0000000000e+00
-1.5071809446e-04 8.2758096587e-05 7.0350760178e+01 nan 0.0000000000e+00
1.8947646024e-04 6.5375766700e-05 4.1634305823e+01 nan 0.0000000000e+00
-2.0128655994e-04 5.7220427077e-05 1.0798009857e+02 nan 0.0000000000e+00
-1.8903538520e-04 1.1807002428e-05 2.2800485776e+02 nan 0.0000000000e+00
-1.8706186173e-04 1.4853641707e-05 2.1877389408e+02 nan 0.0000000000e+00
1.4690210891e-04 4.1421110520e-05 1.1356159335e+02 nan 0.0000000000e+00
1.4999040352e-04 4.1717839262e-05 1.1043533752e+02 nan 0.0000000000e+00
1.5260827306e-04 4.0078986530e-05 1.1269185432e+02 nan 0.0000000000e+00
3.2110672071e-04 4.5784801994e-05 3.3935060366e+01 nan 0.0000000000e+00
1.3042921458e-04 5.6828105983e-05 9.1308774436e+01 nan 0.0000000000e+00
1.3340527179e-04 5.7149248154e-05 8.9300336482e+01 nan 0.0000000000e+00
1.2504172946e-04 5.8199709890e-05 9.1125109365e+01 nan 0.0000000000e+00
1.2203408798e-04 5.7925160881e-05 9.2674711813e+01 nan 0.0000000000e+00
1.1900812342e-04 5.7668543418e-05 9.4097461636e+01 nan 0.0000000000e+00
1.1363208061e-04 5.9117875362e-05 9.2974054757e+01 nan 0.0000000000e+00
1.0982657722e-04 5.6998728594e-05 9.7687961740e+01 nan 0.0000000000e+00
1.0673404600e-04 5.6805509568e-05 9.8685577780e+01 nan 0.0000000000e+00
1.0134958901e-04 5.8322828967e-05 9.6860306074e+01 nan 0.0000000000e+00
9.8243522326e-05 5.8156305425e-05 9.7635613850e+01 nan 0.0000000000e+00
9.5124559934e-05 5.8001098577e-05 9.8344274091e+01 nan 0.0000000000e+00
8.8850417177e-05 5.7721662156e-05 9.9583313430e+01 nan 0.0000000000e+00
8.5695612913e-05 5.7598387161e-05 1.0011959065e+02 nan 0.0000000000e+00
8.2531691775e-05 5.7479540373e-05 1.0061691607e+02 nan 0.0000000000e+00
6.9778247526e-05 5.7086291154e-05 1.0221106591e+02 nan 0.0000000000e+00
6.6567801152e-05 5.7006641330e-05 1.0252800508e+02 nan 0.0000000000e+00
5.0411696557e-05 5.6673595965e-05 1.0381935232e+02 nan 0.0000000000e+00
4.5876398693e-05 5.4869178106e-05 1.0726380403e+02 nan 0.0000000000e+00
3.4109366660e-05 5.6446331556e-05 1.0477096416e+02 nan 0.0000000000e+00
2.9435211903e-05 5.4675709294e-05 1.0809435104e+02 nan 0.0000000000e+00
2.6134671992e-05 5.4645965281e-05 1.0824242137e+02 nan 0.0000000000e+00
9.5857378827e-06 5.4531110850e-05 1.0894806058e+02 nan 0.0000000000e+00
6.2683903606e-06 5.4514703418e-05 1.0908556502e+02 nan 0.0000000000e+00
-1.0343205227e-05 5.4458848029e-05 1.0978062047e+02 nan 0.0000000000e+00
-1.3668961977e-05 5.4452978589e-05 1.0992183694e+02 nan 0.0000000000e+00
-3.0303141160e-05 5.4446575452e-05 1.1064610594e+02 nan 0.0000000000e+00
-3.3629562377e-05 5.4450118067e-05 1.1079371784e+02 nan 0.0000000000e+00
-3.3353297137e-05 5.7874661280e-05 1.0497779576e+02 nan 0.0000000000e+00
-2.3489804675e-05 5.7868630992e-05 1.0451832537e+02 nan 0.0000000000e+00
-1.3626712977e-05 5.7878327246e-05 1.0405623784e+02 nan 0.0000000000e+00
6.0741686786e-06 5.7947455265e-05 1.0312525453e+02 nan 0.0000000000e+00
2.5699517104e-05 5.8093036164e-05 1.0215259579e+02 nan 0.0000000000e+00
-1.8711514706e-05 5.2749132902e-05 1.1312200183e+02 nan 0.0000000000e+00
1.3551333801e-06 5.2792786339e-05 1.1231997274e+02 nan 0.0000000000e+00
4.5194275981e-05 5.8338074516e-05 1.0102904557e+02 nan 0.0000000000e+00
2.1365093835e-05 5.2899057313e-05 1.1154786043e+02 nan 0.0000000000e+00
4.1267646762e-05 5.3086689465e-05 1.1069455346e+02 nan 0.0000000000e+00
5.1160349506e-05 5.3220926748e-05 1.1016860195e+02 nan 0.0000000000e+00
6.1002565463e-05 5.3389932366e-05 1.0951676489e+02 nan 0.0000000000e+00
7.0784296382e-05 5.3601645735e-05 1.0867467399e+02 nan 0.0000000000e+00
9.0119365385e-05 5.4195681302e-05 1.0606032509e+02 nan 0.0000000000e+00
8.0494115588e-05 5.3866073990e-05 1.0755822373e+02 nan 0.0000000000e+00
5.4873029967e-05 5.8509638905e-05 1.0034408474e+02 nan 0.0000000000e+00
7.4046692061e-05 5.8987158245e-05 9.8495306293e+01 nan 0.0000000000e+00
1.1436061142e-04 6.1050535343e-05 8.9404851902e+01 nan 0.0000000000e+00
1.2919613938e-04 6.2481192148e-05 8.2290168768e+01 nan 0.0000000000e+00
-3.8789491493e-05 5.2760022307e-05 1.1398483062e+02 nan 0.0000000000e+00
1.3930250863e-04 5.7862648590e-05 8.4729735454e+01 nan 0.0000000000e+00
1.4062018772e-04 4.0887252643e-05 1.1910759312e+02 nan 0.0000000000e+00
1.9269877315e-04 1.4868996680e-05 1.8836515400e+02 nan 0.0000000000e+00
1.8976513110e-04 1.8390017595e-05 1.7042450838e+02 nan 0.0000000000e+00
1.8661178311e-04 2.0085156440e-05 1.6388392406e+02 nan 0.0000000000e+00
1.7650984293e-04 1.9604481710e-05 1.7283087940e+02 nan 0.0000000000e+00
1.9322268060e-04 1.8560379840e-05 1.6634568299e+02 nan 0.0000000000e+00
1.9670000264e-04 1.8745475519e-05 1.6158637231e+02 nan 0.0000000000e+00
2.0340205106e-04 1.5281054114e-05 1.7627881070e+02 nan 0.0000000000e+00
-2.5300967282e-04 3.7018981961e-05 1.4511776494e+02 nan 0.0000000000e+00
2.6834518964e-04 7.1713730267e-05 1.9125867803e+01 nan 0.0000000000e+00
2.2925912135e-04 3.6422374059e-05 6.3429180996e+01 nan 0.0000000000e+00
2.3298279377e-04 3.7151517323e-05 5.9472566666e+01 nan 0.0000000000e+00
2.2555955850e-04 4.1027798807e-05 5.7973903362e+01 nan 0.0000000000e+00
2.2924696331e-04 4.1834681051e-05 5.4429129838e+01 nan 0.0000000000e+00
2.2555140217e-04 4.3751270477e-05 5.3783414356e+01 nan 0.0000000000e+00
2.2922006720e-04 4.4617239187e-05 5.0114688308e+01 nan 0.0000000000e+00
2.2192497110e-04 4.0255444604e-05 6.1041291670e+01 nan 0.0000000000e+00
2.2191566516e-04 3.7634383237e-05 6.5542295718e+01 nan 0.0000000000e+00
2.3285444188e-04 4.5522536622e-05 4.6705387312e+01 nan 0.0000000000e+00
2.3277208165e-04 4.8423406888e-05 4.2629506050e+01 nan 0.0000000000e+00
2.1834714336e-04 3.9515826004e-05 6.4271292803e+01 nan 0.0000000000e+00
2.1832639119e-04 3.6946377629e-05 6.8929155573e+01 nan 0.0000000000e+00
2.3671808390e-04 3.5173758388e-05 6.0509740063e+01 nan 0.0000000000e+00
2.4042304456e-04 3.5912330407e-05 5.7234757558e+01 nan 0.0000000000e+00
1.3424139082e-04 4.0428024653e-05 1.2374815817e+02 nan 0.0000000000e+00
1.8949740298e-04 7.0545016384e-05 3.6723747315e+01 nan 0.0000000000e+00
-1.8484313004e-04 8.0077553225e-05 6.9785598413e+01 nan 0.0000000000e+00
1.6504065787e-04 1.5793089092e-05 1.9116753732e+02 nan 0.0000000000e+00
1.6145540008e-04 1.5707753389e-05 1.9211191225e+02 nan 0.0000000000e+00
1.6278630535e-04 1.9089843800e-05 1.7834043276e+02 nan 0.0000000000e+00
1.5784792338e-04 1.5627202366e-05 1.9303640960e+02 nan 0.0000000000e+00
1.6860158972e-04 1.5883362422e-05 1.9022320528e+02 nan 0.0000000000e+00
1.6971419781e-04 1.9331815852e-05 1.7538993629e+02 nan 0.0000000000e+00
1.7512334630e-04 1.4365914719e-05 1.9625436788e+02 nan 0.0000000000e+00
1.7865968361e-04 1.4454268242e-05 1.9553061285e+02 nan 0.0000000000e+00
-8.8865615952e-05 5.8232334160e-05 1.0722663184e+02 nan 0.0000000000e+00
-2.0732378623e-04 3.1412972216e-05 1.7344828672e+02 nan 0.0000000000e+00
-1.4130630674e-04 2.3912387715e-05 1.8402204882e+02 nan 0.0000000000e+00
-1.3370643861e-04 2.8611327832e-05 1.7126202164e+02 nan 0.0000000000e+00
-1.2656955689e-04 2.8566008284e-05 1.7038288808e+02 nan 0.0000000000e+00
-1.2179685678e-04 2.6960770280e-05 1.7356574325e+02 nan 0.0000000000e+00
1.9833528630e-04 5.0251305296e-05 5.7579379180e+01 nan 0.0000000000e+00
2.0150298282e-04 4.8525446894e-05 5.8606056974e+01 nan 0.0000000000e+00
-1.4943843834e-04 1.4715659692e-05 2.0936581827e+02 nan 0.0000000000e+00
-1.5322089613e-04 1.4724472158e-05 2.1019855103e+02 nan 0.0000000000e+00
-1.5700042678e-04 1.4733797506e-05 2.1105746630e+02 nan 0.0000000000e+00
-1.6076372649e-04 1.4746684078e-05 2.1193132244e+02 nan 0.0000000000e+00
-1.2183065448e-04 1.0897014162e-04 4.3534789580e+01 nan 0.0000000000e+00
-1.1362728343e-04 7.5019535334e-05 8.2290361006e+01 nan 0.0000000000e+00
-1.1061796037e-04 7.4920695460e-05 8.2415571063e+01 nan 0.0000000000e+00
-1.1663028033e-04 7.5123126670e-05 8.2145894656e+01 nan 0.0000000000e+00
-1.0918084858e-04 8.4329814710e-05 7.0127451892e+01 nan 0.0000000000e+00
-1.0515405260e-04 8.8018499755e-05 6.5753916761e+01 nan 0.0000000000e+00
-1.3807449860e-04 1.4693176376e-05 2.0701990018e+02 nan 0.0000000000e+00
-1.3428184953e-04 1.4686820330e-05 2.0628829310e+02 nan 0.0000000000e+00
-1.3048705423e-04 1.4680714799e-05 2.0558215236e+02 nan 0.0000000000e+00
-1.4186499519e-04 1.4699824502e-05 2.0777722885e+02 nan 0.0000000000e+00
2.2191505074e-04 4.5636701048e-05 5.2647878863e+01 nan 0.0000000000e+00
2.2189585754e-04 4.8398062238e-05 4.8775782240e+01 nan 0.0000000000e+00
-1.2302580951e-04 2.3838725301e-05 1.8129339076e+02 nan 0.0000000000e+00
-1.1817429012e-04 2.6945554836e-05 1.7311591405e+02 nan 0.0000000000e+00
-1.1454808072e-04 2.6931796681e-05 1.7267613276e+02 nan 0.0000000000e+00
-1.1091829319e-04 2.6918909956e-05 1.7224807408e+02 nan 0.0000000000e+00
-9.7426122962e-05 8.3915473487e-05 7.0632250753e+01 nan 0.0000000000e+00
1.0901808319e-04 7.0148559219e-05 7.5472075686e+01 nan 0.0000000000e+00
-1.2289094271e-04 1.4670649975e-05 2.0424128961e+02 nan 0.0000000000e+00
-1.1909042946e-04 1.4666106619e-05 2.0360752408e+02 nan 0.0000000000e+00
-1.1528823875e-04 1.4661702003e-05 2.0299821620e+02 nan 0.0000000000e+00
-1.2668986806e-04 1.4675437341e-05 2.0489960370e+02 nan 0.0000000000e+00
1.3777817136e-04 1.8448857994e-05 1.8676064131e+02 nan 0.0000000000e+00
1.3047604385e-04 1.8316697782e-05 1.8831855204e+02 nan 0.0000000000e+00
1.4322890101e-04 1.5350682736e-05 1.9628478929e+02 nan 0.0000000000e+00
1.4690827572e-04 1.5413268736e-05 1.9556120380e+02 nan 0.0000000000e+00
1.5057284710e-04 1.5480112978e-05 1.9477264477e+02 nan 0.0000000000e+00
1.3450413222e-04 6.1193644903e-05 8.1966390958e+01 nan 0.0000000000e+00
7.0430702446e-05 9.6753712557e-05 4.1996123035e+01 nan 0.0000000000e+00
7.4074629197e-05 9.2998194042e-05 4.6349390571e+01 nan 0.0000000000e+00
-1.0129950803e-04 2.8460143111e-05 1.6752454501e+02 nan 0.0000000000e+00
-2.5739320464e-04 7.0398356504e-05 6.6075058427e+01 nan 0.0000000000e+00
1.2464462516e-04 1.5097467782e-05 1.9879101179e+02 nan 0.0000000000e+00
1.2089804214e-04 1.5057457203e-05 1.9906947924e+02 nan 0.0000000000e+00
1.1714408981e-04 1.5020534781e-05 1.9927989281e+02 nan 0.0000000000e+00
1.1338273880e-04 1.4986685445e-05 1.9942615839e+02 nan 0.0000000000e+00
1.2838296372e-04 1.5140726958e-05 1.9844084505e+02 nan 0.0000000000e+00
-8.5560824925e-05 8.3584880885e-05 7.0847318178e+01 nan 0.0000000000e+00
1.6072506988e-04 7.4689932160e-05 4.6397446072e+01 nan 0.0000000000e+00
1.6545150265e-04 7.1715222673e-05 4.4964134969e+01 nan 0.0000000000e+00
1.6118217516e-04 7.9235850541e-05 4.2972816989e+01 nan 0.0000000000e+00
1.6607697460e-04 7.8633608019e-05 3.8385296427e+01 nan 0.0000000000e+00
-1.0529972360e-04 1.6153659603e-05 1.9773399913e+02 nan 0.0000000000e+00
-1.0151292156e-04 1.6149810500e-05 1.9722246260e+02 nan 0.0000000000e+00
-1.0908541964e-04 1.6157193048e-05 1.9826915526e+02 nan 0.0000000000e+00
-9.7724336051e-05 1.6146408434e-05 1.9673232449e+02 nan 0.0000000000e+00
-9.3608812575e-05 2.3764832912e-05 1.7767171946e+02 nan 0.0000000000e+00
-8.6809129321e-05 2.8420606632e-05 1.6613116696e+02 nan 0.0000000000e+00
-8.1780419487e-05 2.6844971072e-05 1.6927584001e+02 nan 0.0000000000e+00
-9.4059479463e-05 2.8438662816e-05 1.6680443319e+02 nan 0.0000000000e+00
1.4640469685e-04 1.0184709721e-04 2.5916084794e+01 nan 0.0000000000e+00
-9.0143318896e-05 1.6140989067e-05 1.9581552238e+02 nan 0.0000000000e+00
-8.6351358473e-05 1.6138365680e-05 1.9539004234e+02 nan 0.0000000000e+00
-9.3934477924e-05 1.6143248575e-05 1.9626395376e+02 nan 0.0000000000e+00
-2.3135454650e-04 1.5279807428e-05 2.3078891039e+02 nan 0.0000000000e+00
-2.2772133610e-04 1.5220447776e-05 2.3008758609e+02 nan 0.0000000000e+00
1.0584111053e-04 1.4926773610e-05 1.9954787085e+02 nan 0.0000000000e+00
1.0206271345e-04 1.4900490498e-05 1.9953329695e+02 nan 0.0000000000e+00
9.8279758329e-05 1.4876441366e-05 1.9947542028e+02 nan 0.0000000000e+00
1.0961528090e-04 1.4955306360e-05 1.9951431503e+02 nan 0.0000000000e+00
8.1267670147e-05 6.6512163986e-05 8.4883870279e+01 nan 0.0000000000e+00
7.5132286709e-05 6.6259052395e-05 8.5792787815e+01 nan 0.0000000000e+00
3.0659589850e-04 2.4004071322e-05 3.0497960465e+01 nan 0.0000000000e+00
-6.9002514933e-05 7.5848662221e-05 8.0067742271e+01 nan 0.0000000000e+00
-7.3990693581e-05 7.4092489799e-05 8.2629301588e+01 nan 0.0000000000e+00
-7.8210235071e-05 7.5990900630e-05 8.0244316297e+01 nan 0.0000000000e+00
-8.1268060376e-05 7.6045667428e-05 8.0278684023e+01 nan 0.0000000000e+00
-7.7192623268e-05 1.4636923357e-05 1.9816080619e+02 nan 0.0000000000e+00
-7.3377675502e-05 1.4635732329e-05 1.9779933235e+02 nan 0.0000000000e+00
-6.9561934736e-05 1.4634518138e-05 1.9746000723e+02 nan 0.0000000000e+00
-8.1006928576e-05 1.4638172066e-05 1.9854439765e+02 nan 0.0000000000e+00
-6.5764633143e-05 8.5066536187e-05 6.8448133787e+01 nan 0.0000000000e+00
-1.4565313226e-04 1.4707138057e-05 2.0855960632e+02 nan 0.0000000000e+00
9.0701089538e-05 1.4834189056e-05 1.9925083373e+02 nan 0.0000000000e+00
8.6906816003e-05 1.4815742776e-05 1.9909383230e+02 nan 0.0000000000e+00
8.3109478323e-05 1.4798749143e-05 1.9891357406e+02 nan 0.0000000000e+00
8.2131080171e-05 1.7830308988e-05 1.9085117554e+02 nan 0.0000000000e+00
9.4492305158e-05 1.4854161781e-05 1.9938021406e+02 nan 0.0000000000e+00
-2.1495022235e-04 6.7457098544e-05 8.4757481418e+01 nan 0.0000000000e+00
-6.2840490300e-05 7.5770695000e-05 7.9894440596e+01 nan 0.0000000000e+00
-5.6651083995e-05 2.3723056641e-05 1.7455866259e+02 nan 0.0000000000e+00
-6.1400544118e-05 2.8379295027e-05 1.6417323238e+02 nan 0.0000000000e+00
-7.0816641418e-05 2.6830241237e-05 1.6837833931e+02 nan 0.0000000000e+00
-7.4473111457e-05 2.6833493873e-05 1.6866601864e+02 nan 0.0000000000e+00
-1.6467368538e-04 9.6522248348e-05 5.1569652620e+01 nan 0.0000000000e+00
3.7475786569e-05 3.6414187645e-05 1.4455015171e+02 nan 0.0000000000e+00
4.4521006406e-05 3.6455817115e-05 1.4452462541e+02 nan 0.0000000000e+00
-6.1928046178e-05 1.4633309438e-05 1.9684405232e+02 nan 0.0000000000e+00
-5.8110431496e-05 1.4632850332e-05 1.9656836968e+02 nan 0.0000000000e+00
-5.4292351220e-05 1.4632351065e-05 1.9631440103e+02 nan 0.0000000000e+00
-5.0473701376e-05 1.4632196360e-05 1.9608108065e+02 nan 0.0000000000e+00
-6.5745228797e-05 1.4633801541e-05 1.9714138330e+02 nan 0.0000000000e+00
7.3168532800e-05 1.6270082932e-05 1.9443444230e+02 nan 0.0000000000e+00
6.9384186249e-05 1.6256271776e-05 1.9422958386e+02 nan 0.0000000000e+00
6.5597386450e-05 1.6243695947e-05 1.9401601221e+02 nan 0.0000000000e+00
7.9309169235e-05 1.4783367747e-05 1.9871357835e+02 nan 0.0000000000e+00
1.8111259924e-04 6.9942770689e-05 4.0327067667e+01 nan 0.0000000000e+00
3.0419075118e-05 3.6379517949e-05 1.4456354992e+02 nan 0.0000000000e+00
-3.8135397484e-05 2.3716687456e-05 1.7361328036e+02 nan 0.0000000000e+00
5.8018344399e-05 1.6222056094e-05 1.9357479414e+02 nan 0.0000000000e+00
5.4226698226e-05 1.6212443307e-05 1.9335365545e+02 nan 0.0000000000e+00
6.1808722996e-05 1.6232172286e-05 1.9379716564e+02 nan 0.0000000000e+00
-4.2834363536e-05 1.4632496349e-05 1.9567704139e+02 nan 0.0000000000e+00
-3.9014614098e-05 1.4632985528e-05 1.9550609515e+02 nan 0.0000000000e+00
-3.5194549329e-05 1.4633303955e-05 1.9535670627e+02 nan 0.0000000000e+00
-2.9374949424e-05 1.6129490584e-05 1.9148628797e+02 nan 0.0000000000e+00
-2.5570679312e-05 1.6129462669e-05 1.9139043379e+02 nan 0.0000000000e+00
-1.3529565534e-04 3.6720422357e-05 1.5250653995e+02 nan 0.0000000000e+00
-1.3874344957e-04 3.6758033610e-05 1.5278801097e+02 nan 0.0000000000e+00
-4.9504567984e-05 8.3001001669e-05 7.0105222651e+01 nan 0.0000000000e+00
6.9572492537e-05 1.1713518846e-04 1.9238772022e+01 nan 0.0000000000e+00
6.5898084865e-05 1.1479551154e-04 2.2437149372e+01 nan 0.0000000000e+00
6.5660614116e-05 1.1875898207e-04 1.8762310771e+01 2.8118763792e+01 1.0000000000e+00
4.5023106218e-05 1.4693085934e-05 1.9661509250e+02 nan 0.0000000000e+00
4.1207326134e-05 1.4686873742e-05 1.9639754972e+02 nan 0.0000000000e+00
3.7390666544e-05 1.4681035929e-05 1.9619070838e+02 nan 0.0000000000e+00
4.8838132443e-05 1.4699746242e-05 1.9684175438e+02 nan 0.0000000000e+00
-2.1769876052e-05 1.6130332499e-05 1.9131265990e+02 nan 0.0000000000e+00
-1.7967853481e-05 1.6131596434e-05 1.9125395638e+02 nan 0.0000000000e+00
-1.4165647441e-05 1.6133006762e-05 1.9121480778e+02 nan 0.0000000000e+00
-1.0363412721e-05 1.6135662742e-05 1.9119235140e+02 nan 0.0000000000e+00
-6.5588459916e-06 1.6136668730e-05 1.9119350747e+02 nan 0.0000000000e+00
-1.4636561573e-04 1.0491482389e-04 4.5062465289e+01 2.7735016621e+01 1.0000000000e+00
-1.4103947610e-04 1.0454765593e-04 4.6032283922e+01 nan 0.0000000000e+00
2.9755030164e-05 1.4671295030e-05 1.9581199224e+02 nan 0.0000000000e+00
2.5936341388e-05 1.4666936201e-05 1.9564336663e+02 nan 0.0000000000e+00
2.2117356865e-05 1.4662822085e-05 1.9549000697e+02 nan 0.0000000000e+00
1.8297671291e-05 1.4659171706e-05 1.9535210171e+02 nan 0.0000000000e+00
3.3572991173e-05 1.4676016408e-05 1.9599470391e+02 nan 0.0000000000e+00
2.2081239242e-04 9.7078947655e-05 8.5431277928e+00 nan 0.0000000000e+00
3.0157218516e-06 1.4647750316e-05 1.9497088087e+02 nan 0.0000000000e+00
-8.0524053892e-07 1.4645470947e-05 1.9492108371e+02 nan 0.0000000000e+00
6.8364337016e-06 1.4650112004e-05 1.9503965433e+02 nan 0.0000000000e+00
1.0656930503e-05 1.4652848663e-05 1.9512629888e+02 nan 0.0000000000e+00
1.4477360410e-05 1.4655757925e-05 1.9523089100e+02 nan 0.0000000000e+00
2.1118353871e-06 3.6294445625e-05 1.4471668026e+02 nan 0.0000000000e+00
9.1976082946e-06 3.6309221972e-05 1.4464660027e+02 nan 0.0000000000e+00
1.2738746050e-05 3.6317959494e-05 1.4462174744e+02 nan 0.0000000000e+00
1.7878910793e-05 3.7945602428e-05 1.4114614494e+02 nan 0.0000000000e+00
-4.9769544038e-05 9.2405129593e-05 5.9516873037e+01 nan 0.0000000000e+00
-3.7396167489e-05 8.2922103016e-05 6.9484473114e+01 nan 0.0000000000e+00
-1.3829101631e-05 3.7882598784e-05 1.4161793823e+02 nan 0.0000000000e+00
-1.0302768073e-05 3.7885792616e-05 1.4153696284e+02 nan 0.0000000000e+00
-2.2710609986e-05 3.6270231444e-05 1.4521689874e+02 nan 0.0000000000e+00
1.4305529309e-04 1.0996455072e-04 1.7289315288e+01 nan 0.0000000000e+00
-2.9804191192e-05 3.6270354069e-05 1.4544143404e+02 nan 0.0000000000e+00
-5.4622117549e-05 3.6294387509e-05 1.4652365959e+02 nan 0.0000000000e+00
5.4602570388e-05 1.1800703394e-04 2.2252698339e+01 nan 0.0000000000e+00
5.7235784111e-05 1.1812830261e-04 2.1502261674e+01 nan 0.0000000000e+00
-3.7988952015e-05 9.2308641915e-05 5.8896218384e+01 nan 0.0000000000e+00
-2.5272247064e-05 8.2895452386e-05 6.8709728697e+01 nan 0.0000000000e+00
-3.6896345252e-05 3.6273231440e-05 1.4570424165e+02 nan 0.0000000000e+00
-2.6192130881e-05 9.2273919697e-05 5.8080232078e+01 nan 0.0000000000e+00
1.7053179224e-04 7.1065391989e-05 4.3489766640e+01 nan 0.0000000000e+00
-2.6971771208e-04 3.6069239639e-05 1.3335002927e+02 nan 0.0000000000e+00
-1.3149871074e-05 8.2920262707e-05 6.7794357682e+01 nan 0.0000000000e+00
4.1339880379e-05 1.1730128428e-04 2.5857284780e+01 nan 0.0000000000e+00
3.8670626017e-05 1.1716715916e-04 2.6524736694e+01 nan 0.0000000000e+00
4.1012343215e-05 1.2163892047e-04 2.2649589942e+01 2.8946255676e+01 1.0000000000e+00
3.3645105727e-05 1.1742807684e-04 2.7337255577e+01 nan 0.0000000000e+00
4.6728130769e-05 1.1759670325e-04 2.4437896936e+01 nan 0.0000000000e+00
4.9331884031e-05 1.1771981908e-04 2.3742721255e+01 nan 0.0000000000e+00
-4.2047883793e-05 3.7887357709e-05 1.4256931852e+02 nan 0.0000000000e+00
-1.4396326332e-05 9.2299902766e-05 5.7080286567e+01 nan 0.0000000000e+00
-2.0230548213e-04 7.4062291473e-05 7.5849629668e+01 nan 0.0000000000e+00
1.4412794131e-05 1.0427522070e-04 4.1845501687e+01 nan 0.0000000000e+00
1.0110969662e-05 1.0614762731e-04 4.0688818122e+01 nan 0.0000000000e+00
1.7242397482e-05 1.0434415948e-04 4.1393987141e+01 nan 0.0000000000e+00
2.2888691779e-05 1.0449819847e-04 4.0447677691e+01 nan 0.0000000000e+00
2.5705158370e-05 1.0458372277e-04 3.9952517496e+01 nan 0.0000000000e+00
3.1321642718e-05 1.0477188302e-04 3.8918624728e+01 nan 0.0000000000e+00
3.4121994753e-05 1.0487495717e-04 3.8379487000e+01 nan 0.0000000000e+00
3.6915675609e-05 1.0498390812e-04 3.7825966923e+01 nan 0.0000000000e+00
4.2485138731e-05 1.0522220193e-04 3.6672924440e+01 nan 0.0000000000e+00
4.5259087858e-05 1.0535087448e-04 3.6074591785e+01 nan 0.0000000000e+00
5.0786305158e-05 1.0563087558e-04 3.4831122638e+01 nan 0.0000000000e+00
5.3537751371e-05 1.0578147009e-04 3.4187452044e+01 nan 0.0000000000e+00
5.7946507646e-05 1.0401974250e-04 3.5322868026e+01 nan 0.0000000000e+00
-5.3308638822e-05 6.6687538198e-05 9.2157638604e+01 nan 0.0000000000e+00
-5.0116616338e-05 6.6668404723e-05 9.2019992869e+01 nan 0.0000000000e+00
-1.1522512616e-04 6.5840440923e-05 9.5882072440e+01 nan 0.0000000000e+00
-1.1832321808e-04 6.5924666800e-05 9.5804939016e+01 nan 0.0000000000e+00
-1.2449176290e-04 6.6107991808e-05 9.5592137921e+01 nan 0.0000000000e+00
-1.0460148643e-06 8.2997516298e-05 6.6747957395e+01 nan 0.0000000000e+00
-8.1832031035e-05 6.6976980589e-05 9.3081620798e+01 nan 0.0000000000e+00
-2.6187828131e-06 9.2387336939e-05 5.5904673766e+01 nan 0.0000000000e+00
2.6526968763e-05 1.1461075138e-04 3.0898982152e+01 nan 0.0000000000e+00
2.0894604655e-05 1.1840747378e-04 2.8973629699e+01 nan 0.0000000000e+00
1.8125368638e-05 1.1834178801e-04 2.9494228549e+01 nan 0.0000000000e+00
3.2577466177e-06 9.2454849538e-05 5.5252811769e+01 nan 0.0000000000e+00
4.9936339737e-06 8.3056635688e-05 6.6177606730e+01 nan 0.0000000000e+00
-1.4706345207e-04 7.0786999513e-05 8.7914005976e+01 nan 0.0000000000e+00
-1.4999984770e-04 7.0949309314e-05 8.7529761523e+01 nan 0.0000000000e+00
-9.7232523362e-06 1.0584671464e-04 4.3350459494e+01 nan 0.0000000000e+00
-1.4055734334e-05 1.0385728210e-04 4.5581236801e+01 nan 0.0000000000e+00
-1.8253355900e-05 1.0578931684e-04 4.4271911274e+01 nan 0.0000000000e+00
1.2639811215e-05 1.1815723268e-04 3.0521773002e+01 nan 0.0000000000e+00
9.8951194023e-06 1.1809685259e-04 3.0989421549e+01 nan 0.0000000000e+00
7.1473232717e-06 1.1803097843e-04 3.1447047657e+01 nan 0.0000000000e+00
1.1022189296e-05 8.3130125354e-05 6.5576399507e+01 nan 0.0000000000e+00
9.1231812184e-06 9.2538887571e-05 5.4558889183e+01 nan 0.0000000000e+00
-2.5902118334e-04 1.9742493091e-05 2.0884074861e+02 nan 0.0000000000e+00
1.9378182086e-04 9.2003977480e-05 1.8833577158e+01 nan 0.0000000000e+00
1.6429364316e-06 1.1792239318e-04 3.2304575423e+01 nan 0.0000000000e+00
-1.1132132284e-06 1.1787144709e-04 3.2710271076e+01 nan 0.0000000000e+00
-6.6348933666e-06 1.1778691449e-04 3.3469059912e+01 nan 0.0000000000e+00
-9.3949295780e-06 1.1775186351e-04 3.3822669953e+01 nan 0.0000000000e+00
1.6166682547e-04 4.1095773593e-05 1.0153920760e+02 nan 0.0000000000e+00
-1.3110862140e-04 1.0560411844e-04 4.5952489762e+01 nan 0.0000000000e+00
1.4975286052e-05 9.2640121012e-05 5.3823215300e+01 nan 0.0000000000e+00
1.7037435455e-05 8.3218697972e-05 6.4944450711e+01 nan 0.0000000000e+00
-1.4932531066e-04 9.6893262949e-05 5.3180056721e+01 nan 0.0000000000e+00
2.3037115547e-05 8.3323220501e-05 6.4281604310e+01 nan 0.0000000000e+00
2.0811796410e-05 9.2759371063e-05 5.3045962007e+01 nan 0.0000000000e+00
2.6630408393e-05 9.2897621571e-05 5.2227175462e+01 nan 0.0000000000e+00
2.9018923661e-05 8.3444742617e-05 6.3587385021e+01 nan 0.0000000000e+00
-1.4924855734e-05 1.1769146346e-04 3.4483748551e+01 nan 0.0000000000e+00
-1.7692088026e-05 1.1766066906e-04 3.4795211170e+01 nan 0.0000000000e+00
-2.3226522199e-05 1.1765506209e-04 3.5338714629e+01 nan 0.0000000000e+00
-2.6047895979e-05 1.1760141817e-04 3.5632075626e+01 nan 0.0000000000e+00
-2.9639031150e-05 1.0577748825e-04 4.5295744995e+01 nan 0.0000000000e+00
-3.4072550979e-05 1.0383897336e-04 4.7354967665e+01 nan 0.0000000000e+00
-4.1018990379e-05 1.0583952688e-04 4.6081688823e+01 nan 0.0000000000e+00
-4.6701718880e-05 1.0589879022e-04 4.6383456177e+01 nan 0.0000000000e+00
-4.9541531714e-05 1.0593570672e-04 4.6511087319e+01 nan 0.0000000000e+00
3.4980500558e-05 8.3584502676e-05 6.2860969392e+01 nan 0.0000000000e+00
4.0919434803e-05 8.3743948209e-05 6.2101125814e+01 nan 0.0000000000e+00
3.8204478250e-05 9.3236133916e-05 5.0464375827e+01 nan 0.0000000000e+00
4.2268935255e-05 9.5326841665e-05 4.7503683192e+01 nan 0.0000000000e+00
-2.6264330123e-05 1.1366538984e-04 3.8560464846e+01 nan 0.0000000000e+00
-2.8777396107e-05 1.1760178782e-04 3.5865932596e+01 nan 0.0000000000e+00
-3.4303332854e-05 1.1763556394e-04 3.6276982083e+01 nan 0.0000000000e+00
-1.8464045777e-04 4.4705538443e-05 1.3741534081e+02 nan 0.0000000000e+00
-1.5504424120e-04 3.5310699310e-05 1.5796425828e+02 nan 0.0000000000e+00
-1.5847221778e-04 3.5361364762e-05 1.5822922512e+02 nan 0.0000000000e+00
1.3505214703e-04 7.5322588210e-05 6.1336460259e+01 nan 0.0000000000e+00
-3.7434929349e-05 1.1370839853e-04 3.9410743084e+01 nan 0.0000000000e+00
-4.2605356967e-05 1.1768250036e-04 3.6801135477e+01 nan 0.0000000000e+00
-4.5378562311e-05 1.1763356680e-04 3.6996037198e+01 nan 0.0000000000e+00
-3.7076487057e-05 1.1759422170e-04 3.6505854565e+01 nan 0.0000000000e+00
7.4982129657e-05 8.3227351010e-05 5.9618895928e+01 nan 0.0000000000e+00
-1.1604971940e-06 1.1386592460e-04 3.5696773947e+01 nan 0.0000000000e+00
-1.4160789023e-04 8.0145782246e-05 7.4526519694e+01 nan 0.0000000000e+00
-6.2489075041e-05 1.1411039231e-04 4.0358592996e+01 nan 0.0000000000e+00
-5.1375108781e-05 1.1387809523e-04 4.0104883790e+01 nan 0.0000000000e+00
-5.3511223794e-05 1.1783100049e-04 3.7248359501e+01 2.9517373884e+01 1.0000000000e+00
-5.6939212920e-05 1.1397054927e-04 4.0275959409e+01 nan 0.0000000000e+00
1.2070101123e-04 5.4072180726e-05 1.0018890315e+02 nan 0.0000000000e+00
-5.3070792545e-05 5.7933977824e-05 1.0587366483e+02 nan 0.0000000000e+00
1.2283342321e-04 6.9585763147e-05 7.3300214938e+01 nan 0.0000000000e+00
1.2569708401e-04 6.9927455467e-05 7.1966114534e+01 nan 0.0000000000e+00
1.0510400502e-04 5.3078292821e-05 1.0605593276e+02 nan 0.0000000000e+00
2.7122957129e-04 1.6331283401e-05 7.7058999612e+01 nan 0.0000000000e+00
-7.8788892750e-05 8.7205217912e-05 6.6422390608e+01 nan 0.0000000000e+00
-1.0457601140e-04 7.4739034922e-05 8.2608098338e+01 nan 0.0000000000e+00
9.7248835089e-05 1.0538575376e-04 2.7204697520e+01 nan 0.0000000000e+00
2.1826579318e-04 3.1939587608e-05 7.9345394535e+01 nan 0.0000000000e+00
2.2187650816e-04 3.2528872225e-05 7.5487887263e+01 nan 0.0000000000e+00
2.3352719203e-05 3.6350992382e-05 1.4457754434e+02 nan 0.0000000000e+00
5.5063081272e-05 3.6533608995e-05 1.4442777316e+02 nan 0.0000000000e+00
5.8569073007e-05 3.6564297612e-05 1.4436970859e+02 nan 0.0000000000e+00
6.5566785954e-05 3.6634672327e-05 1.4419481532e+02 nan 0.0000000000e+00
6.9057937426e-05 3.6674447938e-05 1.4407152923e+02 nan 0.0000000000e+00
8.6417878038e-05 3.6933903416e-05 1.4290976936e+02 nan 0.0000000000e+00
8.9867282229e-05 3.7000054821e-05 1.4253104566e+02 nan 0.0000000000e+00
9.6738362307e-05 3.7150569451e-05 1.4157416106e+02 nan 0.0000000000e+00
6.2081027338e-05 9.6244672737e-05 4.3765815445e+01 nan 0.0000000000e+00
-2.4104242566e-04 4.1511908744e-05 1.3758341618e+02 nan 0.0000000000e+00
-3.3073593934e-04 2.2066743031e-06 2.6482594049e+02 nan 0.0000000000e+00
-3.2689661572e-04 2.1058878180e-06 2.8582109497e+02 nan 0.0000000000e+00
1.5721802184e-04 9.1424680561e-05 3.5679032991e+01 nan 0.0000000000e+00
-1.4981973866e-04 4.5384059255e-05 1.3466549471e+02 nan 0.0000000000e+00
-1.5309817888e-04 4.5458576411e-05 1.3469218653e+02 nan 0.0000000000e+00
-5.7760331251e-05 2.8375357578e-05 1.6394665230e+02 nan 0.0000000000e+00
-1.0331800791e-04 8.4111457077e-05 7.0418624393e+01 nan 0.0000000000e+00
-9.0166390653e-05 6.5315306082e-05 9.5933934440e+01 nan 0.0000000000e+00
8.2300523278e-05 1.0586353687e-04 2.8931097038e+01 nan 0.0000000000e+00
1.7454817588e-04 2.6828855548e-05 1.4214146653e+02 nan 0.0000000000e+00
1.0242716515e-04 1.0605691532e-04 2.5639713973e+01 nan 0.0000000000e+00
-6.4674502923e-05 1.1843186736e-04 3.7168758772e+01 2.9398772803e+01 1.0000000000e+00
-6.5295258725e-05 1.1417092967e-04 4.0388723877e+01 nan 0.0000000000e+00
1.4568837488e-04 7.5910909291e-06 2.2242448516e+02 nan 0.0000000000e+00
-1.1372820615e-04 1.0832142026e-04 4.4630542587e+01 nan 0.0000000000e+00
-1.0200249486e-04 9.9623594681e-05 5.3301510483e+01 nan 0.0000000000e+00
-7.2678560762e-05 5.8063821025e-05 1.0668202948e+02 nan 0.0000000000e+00
1.4731724053e-04 3.2310289605e-05 1.3888457894e+02 nan 0.0000000000e+00
-2.3768498657e-04 2.9539783297e-06 2.7353218314e+02 nan 0.0000000000e+00
-2.3374729318e-04 2.9460889502e-06 2.7133722693e+02 nan 0.0000000000e+00
-2.3537394118e-04 5.9428629719e-06 2.6415732080e+02 nan 0.0000000000e+00
-2.2980777864e-04 2.9378501637e-06 2.6924917737e+02 nan 0.0000000000e+00
-2.2751707735e-04 5.9150775016e-06 2.6021829177e+02 nan 0.0000000000e+00
2.4029361544e-04 1.6156196030e-06 2.7533796208e+02 nan 0.0000000000e+00
-2.2676740617e-04 3.9873921339e-05 1.4668601711e+02 nan 0.0000000000e+00
9.6677759649e-05 7.4953665734e-05 6.9732855522e+01 nan 0.0000000000e+00
1.0714416791e-04 1.1313666738e-04 1.6146316593e+01 nan 0.0000000000e+00
6.5857072409e-05 6.5938592260e-05 8.6956454493e+01 nan 0.0000000000e+00
6.8957720508e-05 6.6037537495e-05 8.6592855163e+01 nan 0.0000000000e+00
-6.6169925153e-05 5.8011065077e-05 1.0642942368e+02 nan 0.0000000000e+00
-6.2899110366e-05 5.7988816954e-05 1.0629510428e+02 nan 0.0000000000e+00
2.1796128207e-04 9.4957623411e-05 8.9281040235e+00 nan 0.0000000000e+00
-5.8583816368e-05 9.2519792192e-05 5.9845274327e+01 nan 0.0000000000e+00
-2.1483393515e-04 4.0832275083e-05 1.4591274654e+02 nan 0.0000000000e+00
2.3231954341e-04 1.5758304864e-06 2.8682670606e+02 nan 0.0000000000e+00
-7.5151877588e-05 2.3738020814e-05 1.7591467015e+02 nan 0.0000000000e+00
-7.8846508931e-05 2.3742439488e-05 1.7623399643e+02 nan 0.0000000000e+00
-7.8127928493e-05 2.6838181735e-05 1.6896573831e+02 nan 0.0000000000e+00
4.5190082642e-05 6.7219192489e-05 8.6037434191e+01 nan 0.0000000000e+00
4.2046779226e-05 6.7156447390e-05 8.6308086845e+01 nan 0.0000000000e+00
5.0239717693e-05 6.5526637247e-05 8.8524164671e+01 nan 0.0000000000e+00
2.6313565952e-05 6.6904531137e-05 8.7541325899e+01 nan 0.0000000000e+00
2.3141448530e-05 6.6864475776e-05 8.7771111878e+01 nan 0.0000000000e+00
1.6815593123e-05 6.6794625391e-05 8.8213781394e+01 nan 0.0000000000e+00
1.3632976223e-05 6.6763777611e-05 8.8430192545e+01 nan 0.0000000000e+00
7.2879460638e-06 6.6711226123e-05 8.8849064629e+01 nan 0.0000000000e+00
-2.2622548173e-06 6.6651686353e-05 8.9453386285e+01 nan 0.0000000000e+00
-5.4587211347e-06 6.6636590616e-05 8.9649335468e+01 nan 0.0000000000e+00
-1.5028157368e-05 6.6606098513e-05 9.0216197057e+01 nan 0.0000000000e+00
-2.1403126213e-05 6.6597389780e-05 9.0577579052e+01 nan 0.0000000000e+00
-2.4604439512e-05 6.6596137930e-05 9.0754405672e+01 nan 0.0000000000e+00
-3.0980566067e-05 6.6600827044e-05 9.1095191952e+01 nan 0.0000000000e+00
-3.4181010365e-05 6.6606282254e-05 9.1260962861e+01 nan 0.0000000000e+00
-4.0553918370e-05 6.6624370276e-05 9.1578055369e+01 nan 0.0000000000e+00
7.6999005168e-05 7.5665753717e-05 7.0606908097e+01 nan 0.0000000000e+00
-5.0490894107e-05 7.5653257631e-05 7.9429659143e+01 nan 0.0000000000e+00
-1.5463622151e-04 5.8019762750e-05 1.0950011269e+02 nan 0.0000000000e+00
-1.5770705979e-04 5.8149349162e-05 1.0922225800e+02 nan 0.0000000000e+00
9.7867051491e-05 1.1395747865e-04 1.6165756220e+01 nan 0.0000000000e+00
-4.1204210612e-05 7.5596185019e-05 7.8989767415e+01 nan 0.0000000000e+00
-3.8107458051e-05 7.5582759549e-05 7.8827647764e+01 nan 0.0000000000e+00
-4.6071351482e-05 7.3808233313e-05 8.1662635628e+01 nan 0.0000000000e+00
1.0561612075e-04 2.4276709051e-05 1.7353407407e+02 nan 0.0000000000e+00
9.4728653623e-05 2.4135722110e-05 1.7439274270e+02 nan 0.0000000000e+00
1.5811405301e-04 7.3946560601e-05 4.9485425045e+01 nan 0.0000000000e+00
-2.8806687208e-05 7.5559586245e-05 7.8296973095e+01 nan 0.0000000000e+00
9.5017535452e-05 4.5602721865e-05 1.2282778153e+02 nan 0.0000000000e+00
7.2786850870e-05 2.3944996590e-05 1.7470758307e+02 nan 0.0000000000e+00
-1.7380804270e-04 1.1758557378e-05 2.2347474656e+02 nan 0.0000000000e+00
-3.0065791468e-05 5.7870914888e-05 1.0482513054e+02 nan 0.0000000000e+00
-2.2100955322e-05 7.2663079228e-06 2.1353947783e+02 nan 0.0000000000e+00
-2.3319398359e-05 2.3716957278e-05 1.7315241357e+02 nan 0.0000000000e+00
-1.0363062208e-05 7.2700742073e-06 2.1342531505e+02 nan 0.0000000000e+00
6.1759860820e-05 2.3882358432e-05 1.7447221654e+02 nan 0.0000000000e+00
-1.6179103475e-04 8.3710042345e-05 6.7966312951e+01 nan 0.0000000000e+00
7.5033001370e-05 4.5093650354e-05 1.2548707176e+02 nan 0.0000000000e+00
8.5067395487e-05 4.5318267060e-05 1.2440275768e+02 nan 0.0000000000e+00
8.9380801686e-05 1.0448965496e-04 2.9497739372e+01 nan 0.0000000000e+00
-2.2603042608e-05 7.5558059906e-05 7.7908932923e+01 nan 0.0000000000e+00
-4.9777536361e-06 3.6283470178e-05 1.4481648747e+02 nan 0.0000000000e+00
-2.4165922119e-04 2.9555817646e-06 2.7588683214e+02 nan 0.0000000000e+00
-2.3930058895e-04 5.9566019796e-06 2.6622043964e+02 nan 0.0000000000e+00
-8.2878502784e-05 3.6369838160e-05 1.4828501418e+02 nan 0.0000000000e+00
-7.9353218930e-05 3.6357189380e-05 1.4803769534e+02 nan 0.0000000000e+00
-8.9920750654e-05 3.6398309342e-05 1.4879960059e+02 nan 0.0000000000e+00
2.4837648741e-05 2.3763969684e-05 1.7331612098e+02 nan 0.0000000000e+00
2.1255932404e-04 1.5368647794e-06 2.9544649408e+02 nan 0.0000000000e+00
-2.1007539625e-04 2.9117314155e-06 2.6004062860e+02 nan 0.0000000000e+00
-2.0612488614e-04 2.9076911217e-06 2.5840804493e+02 nan 0.0000000000e+00
-2.0217384544e-04 2.9030861051e-06 2.5683760741e+02 nan 0.0000000000e+00
-2.1402531733e-04 2.9152349102e-06 2.6173911067e+02 nan 0.0000000000e+00
-2.1797335030e-04 2.9199378879e-06 2.6350262777e+02 nan 0.0000000000e+00
-2.2192029943e-04 2.9248761979e-06 2.6533931762e+02 nan 0.0000000000e+00
-6.1699940729e-05 3.6308028301e-05 1.4691507009e+02 nan 0.0000000000e+00
-6.8762087643e-05 3.6325071621e-05 1.4733978495e+02 nan 0.0000000000e+00
5.4768099652e-05 4.4777598830e-05 1.2672181784e+02 nan 0.0000000000e+00
-1.0340140189e-05 5.7885126898e-05 1.0390190862e+02 nan 0.0000000000e+00
6.4929116808e-05 4.4916672192e-05 1.2622283790e+02 nan 0.0000000000e+00
-4.8693048583e-07 5.7916668448e-05 1.0343740030e+02 nan 0.0000000000e+00
-1.0352381312e-05 4.4407274918e-05 1.2837938395e+02 nan 0.0000000000e+00
3.0892414925e-05 4.4560528375e-05 1.2740865963e+02 nan 0.0000000000e+00
-1.0297749719e-04 4.9776831883e-05 1.2297854467e+02 nan 0.0000000000e+00
-1.0631802845e-04 4.9815917004e-05 1.2311172772e+02 nan 0.0000000000e+00
-1.3302582224e-05 7.5576398308e-05 7.7279822962e+01 nan 0.0000000000e+00
-1.0205399197e-05 7.5588047815e-05 7.7058225806e+01 nan 0.0000000000e+00
-1.8013109484e-05 7.3752023555e-05 8.0074106723e+01 nan 0.0000000000e+00
9.3517067604e-06 5.7965959907e-05 1.0296786239e+02 nan 0.0000000000e+00
-6.6019653589e-05 6.6788695477e-05 9.2645087992e+01 nan 0.0000000000e+00
1.9169374996e-05 5.8034890620e-05 1.0248620344e+02 nan 0.0000000000e+00
-9.1873293309e-07 7.5640526827e-05 7.6357982442e+01 nan 0.0000000000e+00
5.2631826994e-06 7.5690497630e-05 7.5862466665e+01 nan 0.0000000000e+00
9.9941186438e-06 7.3916412403e-05 7.8023004539e+01 nan 0.0000000000e+00
1.4514367462e-05 7.5789161963e-05 7.5076575294e+01 nan 0.0000000000e+00
1.7590862124e-05 7.5828703707e-05 7.4803090768e+01 nan 0.0000000000e+00
2.2375720762e-05 7.4068746342e-05 7.6973701468e+01 nan 0.0000000000e+00
3.7758996082e-05 7.4342202616e-05 7.5525182675e+01 nan 0.0000000000e+00
4.2051501708e-05 7.6284998693e-05 7.2379803808e+01 nan 0.0000000000e+00
4.6924423474e-05 7.4558617641e-05 7.4566728396e+01 nan 0.0000000000e+00
2.0459020327e-04 1.5370615616e-06 2.8402023741e+02 nan 0.0000000000e+00
-1.7513842709e-04 4.4335947399e-05 1.3815026195e+02 nan 0.0000000000e+00
3.8735698025e-05 5.8243526308e-05 1.0143036687e+02 nan 0.0000000000e+00
2.8959312530e-05 5.8126129033e-05 1.0198029631e+02 nan 0.0000000000e+00
3.0439140276e-04 5.7097808563e-05 2.8699970551e+01 nan 0.0000000000e+00
5.8107762485e-05 5.8575926849e-05 1.0008619698e+02 nan 0.0000000000e+00
7.7234061873e-05 5.9088669619e-05 9.8094283631e+01 nan 0.0000000000e+00
5.9011056750e-06 1.0409912800e-04 4.3114546594e+01 nan 0.0000000000e+00
1.6263273920e-06 1.0598928361e-04 4.1917593095e+01 nan 0.0000000000e+00
-1.2474279881e-04 5.3556778263e-05 1.1713556501e+02 nan 0.0000000000e+00
-4.9280023427e-05 4.9412465520e-05 1.2050139116e+02 nan 0.0000000000e+00
-5.4065216380e-05 2.8362412320e-05 1.6375191828e+02 nan 0.0000000000e+00
2.5537919435e-04 3.3256549599e-05 5.6012517771e+01 nan 0.0000000000e+00
2.5522080661e-04 3.6143599671e-05 5.2689952803e+01 nan 0.0000000000e+00
2.6310250722e-04 2.8943948298e-05 6.0007028273e+01 nan 0.0000000000e+00
2.5155989393e-04 3.5374734443e-05 5.4091332608e+01 nan 0.0000000000e+00
-2.4912199851e-04 2.2740150066e-05 2.0009190722e+02 nan 0.0000000000e+00
1.2331533085e-04 6.1853049431e-05 8.5477662153e+01 nan 0.0000000000e+00
-7.2894982773e-05 4.9514485653e-05 1.2161921877e+02 nan 0.0000000000e+00
-6.2788295532e-05 4.9461769121e-05 1.2113438831e+02 nan 0.0000000000e+00
4.6833223607e-05 8.3924758135e-05 6.1306140878e+01 nan 0.0000000000e+00
4.9779913224e-05 8.4023759696e-05 6.0894787913e+01 nan 0.0000000000e+00
-1.0275094797e-04 6.5547541262e-05 9.6020856613e+01 nan 0.0000000000e+00
-1.8638878636e-04 2.8809335110e-06 2.5112314788e+02 nan 0.0000000000e+00
-1.9031728166e-04 2.8928343621e-06 2.5245178038e+02 nan 0.0000000000e+00
-1.9426832896e-04 2.8960286294e-06 2.5386059148e+02 nan 0.0000000000e+00
1.8935352495e-04 3.1414357151e-06 2.5546737625e+02 nan 0.0000000000e+00
1.0256406532e-04 8.3318526345e-05 5.6485020888e+01 nan 0.0000000000e+00
8.0736206572e-05 8.3570693529e-05 5.8566835803e+01 nan 0.0000000000e+00
-2.6147148057e-04 3.6413676082e-05 1.4074352119e+02 nan 0.0000000000e+00
1.8152305145e-04 3.1244662613e-06 2.4879667604e+02 nan 0.0000000000e+00
-1.7462582286e-04 2.8824529149e-06 2.4732786432e+02 nan 0.0000000000e+00
-5.4058222236e-05 1.0404364532e-04 4.8411018430e+01 nan 0.0000000000e+00
-2.3298469771e-04 6.2088557839e-05 9.0281823255e+01 nan 0.0000000000e+00
1.6196082272e-04 3.0713861271e-06 2.4010654695e+02 nan 0.0000000000e+00
2.1074415486e-04 7.3864165942e-05 2.7812149216e+01 nan 0.0000000000e+00
1.5405836978e-04 3.0545281491e-06 2.3819105240e+02 nan 0.0000000000e+00
-1.7880494462e-04 3.5749101833e-05 1.5935298749e+02 nan 0.0000000000e+00
-7.7498801287e-05 1.0066223298e-04 5.2307179231e+01 nan 0.0000000000e+00
-6.5429907369e-05 1.0426624060e-04 4.8672706140e+01 nan 0.0000000000e+00
1.2935022447e-04 1.4688403914e-06 2.3853872601e+02 nan 0.0000000000e+00
3.0905593170e-04 5.0509640042e-05 2.9980240012e+01 nan 0.0000000000e+00
-1.0979930114e-04 9.2108564076e-05 6.1036979770e+01 nan 0.0000000000e+00
1.2139257657e-04 1.4632480651e-06 2.3752325546e+02 nan 0.0000000000e+00
1.1346559840e-04 1.4512397058e-06 2.3661293411e+02 nan 0.0000000000e+00
-1.7300378681e-04 8.7000872711e-05 6.2029168754e+01 nan 0.0000000000e+00
3.0785190977e-04 2.7276829635e-06 8.0671944323e+01 nan 0.0000000000e+00
1.1846715280e-04 8.3111836932e-05 5.4336913386e+01 nan 0.0000000000e+00
-1.6304048152e-04 1.0052095164e-04 4.7356654985e+01 nan 0.0000000000e+00
1.0550368793e-04 1.4471873813e-06 2.3573381029e+02 nan 0.0000000000e+00
-1.6587809654e-04 6.6143179397e-05 9.4507862522e+01 nan 0.0000000000e+00
9.7540412916e-05 1.4437540846e-06 2.3489272570e+02 nan 0.0000000000e+00
-2.3826747482e-04 4.1132299901e-05 1.3973731375e+02 nan 0.0000000000e+00
8.9542422828e-05 1.4481526048e-06 2.3406242190e+02 nan 0.0000000000e+00
8.1611230059e-05 1.4384602812e-06 2.3330700962e+02 nan 0.0000000000e+00
-2.1754329748e-04 6.5716329754e-05 8.7457909177e+01 nan 0.0000000000e+00
7.3645779260e-05 1.4364628518e-06 2.3256653683e+02 nan 0.0000000000e+00
-2.2671870480e-04 7.9395928771e-05 6.0291842199e+01 nan 0.0000000000e+00
6.5679912826e-05 1.4348156167e-06 2.3186802022e+02 nan 0.0000000000e+00
5.7713903322e-05 1.4334643374e-06 2.3121798452e+02 nan 0.0000000000e+00
4.9724695186e-05 1.4331104452e-06 2.3061923283e+02 nan 0.0000000000e+00
2.4205148960e-04 9.5151467423e-05 1.6011507970e+01 nan 0.0000000000e+00
-9.2671269234e-05 1.0918340144e-04 4.4600456669e+01 nan 0.0000000000e+00
3.1433828723e-04 3.6420038448e-05 3.1638959208e+01 nan 0.0000000000e+00
-2.7673973407e-04 3.1180787923e-06 3.0265984272e+02 nan 0.0000000000e+00
-2.7286040994e-04 3.0853491979e-06 3.0016505358e+02 nan 0.0000000000e+00
-2.6898920544e-04 3.0655718649e-06 2.9680393646e+02 nan 0.0000000000e+00
-2.6511477434e-04 3.0391714160e-06 2.9328674263e+02 nan 0.0000000000e+00
-2.6122233752e-04 3.0198969936e-06 2.8985933075e+02 nan 0.0000000000e+00
-2.5736681454e-04 3.0080710431e-06 2.8668497579e+02 nan 0.0000000000e+00
1.7085452849e-04 7.5783554197e-05 3.8848125875e+01 nan 0.0000000000e+00
2.2077448662e-04 7.5298499181e-05 2.2391778535e+01 nan 0.0000000000e+00
2.7401076442e-04 9.9949724751e-05 2.6628243561e+01 nan 0.0000000000e+00
2.6413434069e-04 1.8033597274e-06 2.1367880861e+02 nan 0.0000000000e+00
2.6013717175e-04 1.7941491920e-06 2.2672517969e+02 nan 0.0000000000e+00
-2.8226724841e-04 3.7820273266e-05 1.0949632677e+02 nan 0.0000000000e+00
2.4689311291e-04 8.9576523644e-05 1.5496321360e+01 nan 0.0000000000e+00
-8.9631703915e-05 4.9639989398e-05 1.2240355464e+02 nan 0.0000000000e+00
2.5219289795e-04 1.7023487891e-06 2.4994267387e+02 nan 0.0000000000e+00
2.4821087334e-04 1.7027017607e-06 2.5959310400e+02 nan 0.0000000000e+00
2.3655171126e-04 4.3557199838e-05 4.7701088406e+01 nan 0.0000000000e+00
1.5518659224e-04 7.1030643929e-05 5.4765333637e+01 nan 0.0000000000e+00
2.2473604080e-04 3.1746725018e-06 2.6610721681e+02 nan 0.0000000000e+00
2.2045061751e-04 1.5732242004e-06 2.9655515669e+02 nan 0.0000000000e+00
2.3765000965e-04 1.0985810011e-04 2.1206650344e+01 nan 0.0000000000e+00
1.8111707634e-04 8.7410904962e-05 2.5566045093e+01 nan 0.0000000000e+00
-4.5804491846e-05 1.1378804142e-04 3.9881830233e+01 nan 0.0000000000e+00
1.9734467731e-04 3.0965068588e-06 2.6766110531e+02 nan 0.0000000000e+00
-2.8987539312e-04 1.9577994039e-05 1.7586930283e+02 nan 0.0000000000e+00
-2.0678471210e-05 1.1367368076e-04 3.8038378761e+01 nan 0.0000000000e+00
1.7001291826e-04 3.0373531552e-06 2.4299573611e+02 nan 0.0000000000e+00
1.4245210992e-04 2.9733069676e-06 2.3633915533e+02 nan 0.0000000000e+00
-1.3743784465e-04 1.4329031264e-06 2.4148086274e+02 nan 0.0000000000e+00
-2.0097024983e-04 9.1873004576e-05 4.9686431058e+01 2.5658605699e+01 1.0000000000e+00
-1.9846472213e-04 9.1315931039e-05 5.1076312061e+01 nan 0.0000000000e+00
-1.9380228804e-04 9.2337510955e-05 5.0944792324e+01 nan 0.0000000000e+00
1.9828636640e-04 7.1386206480e-05 3.3191373929e+01 nan 0.0000000000e+00
4.1738574130e-05 1.4379646180e-06 2.3007013911e+02 nan 0.0000000000e+00
-3.7882029177e-05 1.4285809642e-06 2.2907864324e+02 nan 0.0000000000e+00
-1.7966725553e-05 1.4286717085e-06 2.2851289148e+02 nan 0.0000000000e+00
2.2910889363e-04 5.0343932005e-05 4.1956448828e+01 nan 0.0000000000e+00
1.0267859191e-04 9.1437886616e-05 4.4989050007e+01 nan 0.0000000000e+00
1.4670916040e-04 6.7099806653e-05 6.6057612909e+01 nan 0.0000000000e+00
2.0686711513e-04 1.0171032481e-04 8.3974469537e+00 nan 0.0000000000e+00
-1.0638680205e-04 1.0987310600e-04 4.3604962839e+01 nan 0.0000000000e+00
2.4619187359e-04 6.2640657915e-05 2.3178343694e+01 nan 0.0000000000e+00
2.1818647867e-04 5.8764867844e-05 3.7515611366e+01 nan 0.0000000000e+00
1.9841682746e-04 6.5945597887e-05 3.7676365362e+01 nan 0.0000000000e+00
-6.5101725966e-05 8.8824568586e-05 6.4132298962e+01 nan 0.0000000000e+00
-1.1039773165e-04 1.0005308524e-04 5.2642825200e+01 nan 0.0000000000e+00
1.3407836723e-04 8.3485462102e-05 5.0806686510e+01 nan 0.0000000000e+00
-7.8051843450e-05 1.1257020513e-04 4.1850219599e+01 nan 0.0000000000e+00
2.0144968677e-04 4.6008301021e-05 6.2675718663e+01 nan 0.0000000000e+00
-1.4874294088e-04 6.7072319545e-05 9.3789230927e+01 nan 0.0000000000e+00
-1.9795078460e-04 8.4283611734e-05 6.0851963099e+01 nan 0.0000000000e+00
-1.9425983550e-04 7.0778699627e-05 8.3080067531e+01 nan 0.0000000000e+00
1.7853740388e-04 7.3879344011e-05 3.7686175116e+01 nan 0.0000000000e+00
1.4667046871e-04 1.0425232432e-04 2.3179171354e+01 nan 0.0000000000e+00
2.8591812363e-04 7.9214409883e-05 2.5160169536e+01 nan 0.0000000000e+00
-3.0885338483e-04 3.5860472506e-05 9.1651626122e+01 nan 0.0000000000e+00
-3.0476086051e-04 3.7235051878e-05 9.1728417331e+01 nan 0.0000000000e+00
-2.2586531568e-04 2.9307934407e-06 2.6725269502e+02 nan 0.0000000000e+00
-1.9822146449e-04 2.8992183111e-06 2.5532261995e+02 nan 0.0000000000e+00
2.5979760881e-04 1.0205983584e-05 1.1467778286e+02 nan 0.0000000000e+00
2.5577296198e-04 1.9660597620e-05 7.9822125550e+01 nan 0.0000000000e+00
2.3295770718e-04 3.9888833120e-05 5.5125098372e+01 nan 0.0000000000e+00
3.4784815055e-04 3.9767324042e-05 4.5664775315e+01 nan 0.0000000000e+00
3.4696008708e-04 4.4054097346e-05 4.4966291341e+01 nan 0.0000000000e+00
1.7253034632e-04 6.2495696820e-05 5.2728446382e+01 nan 0.0000000000e+00
-2.2983156271e-04 3.2515123786e-05 1.6881052337e+02 nan 0.0000000000e+00
2.5507496894e-04 8.5669761957e-05 1.6887903831e+01 nan 0.0000000000e+00
-7.4648980245e-05 1.0058105131e-04 5.2328458045e+01 nan 0.0000000000e+00
-1.5292208423e-04 7.1120216077e-05 8.7111863591e+01 nan 0.0000000000e+00
3.5063651948e-04 2.3279153372e-05 4.6129556383e+01 nan 0.0000000000e+00
2.5862238124e-04 3.9928880751e-05 4.4791594640e+01 nan 0.0000000000e+00
-1.9007579963e-04 5.8194582696e-05 1.0734516015e+02 nan 0.0000000000e+00
-7.4251998503e-05 1.1044794732e-04 4.3549427559e+01 nan 0.0000000000e+00
-5.0026378684e-05 1.0203351412e-04 5.0026894583e+01 nan 0.0000000000e+00
2.3632681285e-04 4.9432413941e-05 3.9539160649e+01 nan 0.0000000000e+00
1.7497529374e-04 5.8580294101e-05 5.7024356078e+01 nan 0.0000000000e+00
1.9477966442e-04 3.9839454918e-05 7.8415593641e+01 nan 0.0000000000e+00
-1.6027542930e-04 3.2080761661e-05 1.6651122612e+02 nan 0.0000000000e+00
-2.0278838121e-04 8.2968174718e-05 6.1567211617e+01 nan 0.0000000000e+00
2.8057949192e-04 6.4783012819e-05 2.2155615642e+01 nan 0.0000000000e+00
-1.7274361358e-04 3.7312743105e-05 1.5488189509e+02 nan 0.0000000000e+00
9.9457827563e-06 1.1409100006e-04 3.3993280591e+01 nan 0.0000000000e+00
9.0836419766e-05 7.4549431810e-05 7.1021306431e+01 nan 0.0000000000e+00
5.8575034458e-05 8.4358552647e-05 5.9600750891e+01 nan 0.0000000000e+00
1.3479523924e-04 1.3659356963e-05 2.0269961335e+02 nan 0.0000000000e+00
9.4128534814e-05 8.2569194737e-05 5.8608050110e+01 nan 0.0000000000e+00
-8.6231403371e-05 2.3752596217e-05 1.7692107013e+02 nan 0.0000000000e+00
2.0998159010e-05 1.1440410083e-04 3.2013407161e+01 nan 0.0000000000e+00
-1.6559894183e-04 2.8882266250e-05 1.7542427251e+02 nan 0.0000000000e+00
-1.0097843484e-04 2.3779209505e-05 1.7848564206e+02 nan 0.0000000000e+00
1.8565386878e-04 1.4646509736e-05 1.9400043289e+02 nan 0.0000000000e+00
-1.3400629536e-04 2.3879656747e-05 1.8289206315e+02 nan 0.0000000000e+00
-9.3772783792e-05 4.1313598890e-05 1.3887230585e+02 nan 0.0000000000e+00
2.1062769573e-04 1.5623742656e-05 1.6439558254e+02 nan 0.0000000000e+00
5.9051732320e-05 7.4921269627e-05 7.3151712909e+01 nan 0.0000000000e+00
-2.1726152263e-04 7.9261429163e-05 6.3323515722e+01 nan 0.0000000000e+00
-9.3389769658e-05 7.0789826340e-05 8.7920545402e+01 nan 0.0000000000e+00
-9.0299808384e-05 7.0730919446e-05 8.7908687323e+01 nan 0.0000000000e+00
-1.6079783800e-04 7.9568320194e-05 7.3838459157e+01 nan 0.0000000000e+00
-1.8430776326e-05 1.0188878147e-04 4.7814477858e+01 nan 0.0000000000e+00
1.3135397405e-04 7.0678476349e-05 6.9031390949e+01 nan 0.0000000000e+00
1.2656390539e-04 8.4295407868e-05 5.1196598019e+01 nan 0.0000000000e+00
1.4472650656e-04 7.0861167180e-05 6.2674294491e+01 nan 0.0000000000e+00
1.2171579810e-04 7.5415528755e-05 6.4858718553e+01 nan 0.0000000000e+00
2.9029737008e-04 2.4362831520e-05 5.6711795554e+01 nan 0.0000000000e+00
-6.9620655905e-05 9.6566856596e-05 5.6115876203e+01 nan 0.0000000000e+00
1.9054475684e-04 9.5760828373e-05 1.6458402322e+01 nan 0.0000000000e+00
1.9142535934e-04 3.6985111539e-05 8.7577260926e+01 nan 0.0000000000e+00
2.8998401587e-04 9.4217635169e-05 2.8775957408e+01 nan 0.0000000000e+00
-2.0971973634e-04 6.2324761910e-05 9.5956563899e+01 nan 0.0000000000e+00
-1.9110283973e-04 6.6280743922e-05 9.1606600221e+01 nan 0.0000000000e+00
-2.2305856699e-04 5.7924560701e-05 1.0211063839e+02 nan 0.0000000000e+00
-5.2659873431e-05 4.9422585367e-05 1.2065731761e+02 nan 0.0000000000e+00
2.3662772529e-04 4.0708105775e-05 5.1857065499e+01 nan 0.0000000000e+00
2.2555063425e-04 3.5726236781e-05 6.6892363354e+01 nan 0.0000000000e+00
-3.2601017460e-04 3.7062589389e-05 8.9830123632e+01 nan 0.0000000000e+00
2.9836795631e-04 7.1530105429e-05 2.7911444982e+01 nan 0.0000000000e+00
-2.6219440949e-04 1.9988224490e-05 2.0553438782e+02 nan 0.0000000000e+00
-1.8086143542e-04 8.8048773131e-05 5.9291602801e+01 nan 0.0000000000e+00
-1.1857383700e-04 4.8261645617e-05 1.2685353839e+02 nan 0.0000000000e+00
1.8942916984e-04 7.5764764538e-05 3.2459450176e+01 nan 0.0000000000e+00
2.3804779578e-04 9.6853926299e-05 1.5345573845e+01 nan 0.0000000000e+00
-2.5250989414e-04 1.5831458856e-05 2.2999599185e+02 nan 0.0000000000e+00
2.5098383602e-04 8.7658797929e-05 1.6357090268e+01 nan 0.0000000000e+00
1.9465907547e-04 8.3765219090e-05 2.4696770982e+01 nan 0.0000000000e+00
-9.4487491671e-05 1.0126819389e-04 5.1801259875e+01 nan 0.0000000000e+00
-2.2063569981e-04 3.5618775387e-05 1.6033026995e+02 nan 0.0000000000e+00
3.4276882303e-04 4.7375205317e-05 4.2792733241e+01 nan 0.0000000000e+00
3.0230052360e-04 3.7356826464e-05 2.8692997442e+01 nan 0.0000000000e+00
-3.5007293978e-04 2.7075434732e-05 1.1882153510e+02 nan 0.0000000000e+00
-2.5089224732e-04 6.0568937373e-06 2.7236623296e+02 nan 0.0000000000e+00
-2.4510672561e-04 6.2957161923e-05 8.4188213305e+01 nan 0.0000000000e+00
1.0534835263e-04 8.3597482796e-05 5.5702662729e+01 nan 0.0000000000e+00
2.2172135624e-04 1.0614412351e-04 1.5336334130e+01 nan 0.0000000000e+00
2.6543704751e-04 5.9195611520e-05 2.1064895477e+01 nan 0.0000000000e+00
2.7489224077e-04 2.2288446849e-05 6.5811046440e+01 nan 0.0000000000e+00
2.1644856595e-04 1.0176958895e-04 8.4243883498e+00 nan 0.0000000000e+00
2.8177315239e-04 8.1670987456e-05 2.4319640478e+01 nan 0.0000000000e+00
-4.2735088596e-05 3.1506419962e-05 1.5617842125e+02 nan 0.0000000000e+00
2.0494513010e-04 1.0820476863e-04 9.0467354584e+00 nan 0.0000000000e+00
-1.3035006853e-04 2.3864996571e-05 1.8234579554e+02 nan 0.0000000000e+00
2.8173138704e-04 5.0011011020e-05 2.3932117384e+01 nan 0.0000000000e+00
1.5421985066e-04 1.5551367827e-05 1.9392756358e+02 nan 0.0000000000e+00
7.0845092920e-05 1.0900024843e-04 2.7420330518e+01 nan 0.0000000000e+00
1.4898026651e-04 1.0498398161e-04 2.2479889626e+01 nan 0.0000000000e+00
2.3253610120e-04 8.9118796854e-05 1.1181503746e+01 nan 0.0000000000e+00
1.2684672865e-04 9.7143032339e-05 3.3275070179e+01 nan 0.0000000000e+00
1.1716578429e-04 9.7583302240e-05 3.4276663287e+01 nan 0.0000000000e+00
-8.2373079656e-05 1.0475864215e-04 4.8560061268e+01 nan 0.0000000000e+00
2.8948449660e-04 5.2417060026e-05 2.4803202484e+01 nan 0.0000000000e+00
-1.2695352278e-04 1.0111933003e-04 5.0709395105e+01 nan 0.0000000000e+00
-1.2147264305e-04 1.0073086840e-04 5.1449908219e+01 nan 0.0000000000e+00
1.8088867938e-04 9.2369895648e-05 2.1284425922e+01 nan 0.0000000000e+00
8.6123648247e-05 7.0478458502e-05 7.7935039356e+01 nan 0.0000000000e+00
-7.6743402676e-05 1.0457216188e-04 4.8667923702e+01 nan 0.0000000000e+00
1.1361137430e-04 8.4532982349e-05 5.3111254616e+01 nan 0.0000000000e+00
1.8552744467e-04 9.5201361785e-05 1.7765431154e+01 nan 0.0000000000e+00
6.1490874760e-05 8.4483735371e-05 5.9147905266e+01 nan 0.0000000000e+00
1.6566971915e-04 7.4017905572e-05 4.2510662958e+01 nan 0.0000000000e+00
-1.3716427176e-04 9.1758890385e-05 6.0158141200e+01 nan 0.0000000000e+00
-1.1538166557e-04 7.8850143135e-05 7.7074720214e+01 nan 0.0000000000e+00
1.4614618690e-04 7.9572242270e-05 5.1937287607e+01 nan 0.0000000000e+00
-1.5408061966e-04 7.5083573980e-05 8.0967421924e+01 nan 0.0000000000e+00
-4.3015830502e-05 1.1375761488e-04 3.9740266907e+01 nan 0.0000000000e+00
3.5018638937e-04 4.5036888110e-05 4.6413147593e+01 nan 0.0000000000e+00
-1.7886416993e-05 1.1368561152e-04 3.7752971794e+01 nan 0.0000000000e+00
1.6211080656e-04 1.0516712189e-04 2.4172693634e+01 nan 0.0000000000e+00
2.0255411886e-04 9.1475198277e-05 1.7395917768e+01 nan 0.0000000000e+00
4.9145506055e-05 8.7828950892e-05 5.5920778687e+01 nan 0.0000000000e+00
1.5743502374e-04 9.6115378439e-05 3.1036691701e+01 nan 0.0000000000e+00
-1.8652110397e-04 5.4075059955e-05 1.1622835197e+02 nan 0.0000000000e+00
-1.7826107330e-04 7.2982261707e-06 2.3686432839e+02 nan 0.0000000000e+00
8.2536483616e-05 8.7621270922e-05 5.2663451001e+01 nan 0.0000000000e+00
-2.3747595139e-04 6.5583898847e-05 8.1654872363e+01 nan 0.0000000000e+00
-7.3978141830e-05 8.8995483332e-05 6.4260657331e+01 nan 0.0000000000e+00
-1.0179183579e-04 5.8413755423e-05 1.0753208170e+02 nan 0.0000000000e+00
-1.7122561538e-04 1.9391564915e-05 2.0190334789e+02 nan 0.0000000000e+00
-1.4122680920e-04 9.6143321725e-05 5.4839409741e+01 nan 0.0000000000e+00
2.8622756679e-04 2.6808594294e-05 5.1954064998e+01 nan 0.0000000000e+00
5.3747513108e-05 7.1061928433e-05 7.9442353306e+01 nan 0.0000000000e+00
2.3253714679e-04 5.4400162498e-05 3.4966192687e+01 nan 0.0000000000e+00
-1.6295335433e-04 6.5956511247e-05 9.5015189166e+01 nan 0.0000000000e+00
-9.8524591749e-05 5.3149231771e-05 1.1653473358e+02 nan 0.0000000000e+00
2.5057991085e-04 5.0611200778e-05 3.0564151395e+01 nan 0.0000000000e+00
2.3528408065e-04 6.5098869858e-05 2.4782735155e+01 nan 0.0000000000e+00
-2.9090665346e-04 3.6165206986e-05 1.0409321706e+02 nan 0.0000000000e+00
-1.4150874478e-04 4.1807928935e-05 1.4179783585e+02 nan 0.0000000000e+00
-2.0702615760e-04 1.8123263209e-05 2.1480640777e+02 nan 0.0000000000e+00
-1.6078103684e-04 4.0463450089e-05 1.4636197717e+02 nan 0.0000000000e+00
-2.7769989078e-04 3.6062096630e-05 1.2205659117e+02 nan 0.0000000000e+00
-2.5095750623e-04 3.2555145424e-05 1.6118477234e+02 nan 0.0000000000e+00
1.9529598653e-04 5.4472869688e-05 5.2832917526e+01 nan 0.0000000000e+00
-4.6653991784e-05 1.4632177218e-05 1.9586880387e+02 nan 0.0000000000e+00
-1.4980699458e-04 6.1507992506e-05 1.0323042462e+02 nan 0.0000000000e+00
2.6732458723e-04 7.9309471058e-05 1.9315736889e+01 nan 0.0000000000e+00
-2.4608405696e-04 4.4473890952e-05 1.2709539229e+02 nan 0.0000000000e+00
2.5098298791e-04 4.4256064249e-05 4.1538810259e+01 nan 0.0000000000e+00
2.8276482730e-04 2.0511242735e-05 6.6831742934e+01 nan 0.0000000000e+00
3.4267799938e-04 2.6217605089e-05 4.2188494700e+01 nan 0.0000000000e+00
-2.7049495367e-04 4.8941012555e-05 1.0187613649e+02 nan 0.0000000000e+00
2.5771112592e-04 9.1296626624e-05 1.9100207185e+01 nan 0.0000000000e+00
-1.7065478649e-04 3.2230269679e-05 1.6750347151e+02 nan 0.0000000000e+00
-2.0505532612e-04 3.6609295061e-05 1.5830500910e+02 nan 0.0000000000e+00
2.4427626932e-04 2.8461350825e-05 6.8019245831e+01 nan 0.0000000000e+00
1.7381625644e-04 9.1067396494e-05 2.6056099509e+01 nan 0.0000000000e+00
-2.6608148473e-04 1.4722285110e-05 2.3033617478e+02 nan 0.0000000000e+00
-3.0541501866e-04 2.0438563321e-05 1.4784846916e+02 nan 0.0000000000e+00
2.2265684078e-04 8.6777839705e-05 1.3183972966e+01 nan 0.0000000000e+00
3.6137778772e-04 2.4749039783e-05 5.3956439866e+01 nan 0.0000000000e+00
-1.9692835794e-04 7.1128511423e-05 8.1982443763e+01 nan 0.0000000000e+00
-6.7295867451e-06 1.1378552229e-04 3.6447734262e+01 nan 0.0000000000e+00
-2.8552861163e-04 1.4468847508e-05 2.1619195650e+02 nan 0.0000000000e+00
-1.9081829872e-04 8.7436789675e-05 5.8086338070e+01 nan 0.0000000000e+00
-2.4583840008e-04 2.4354471348e-05 1.9456752506e+02 nan 0.0000000000e+00
-6.6725950513e-05 9.6503227017e-05 5.6083194573e+01 nan 0.0000000000e+00
-1.7682839905e-04 7.9101219212e-05 7.2542576326e+01 nan 0.0000000000e+00
2.1786006650e-04 6.7667473940e-05 3.0448677293e+01 nan 0.0000000000e+00
-1.3440945079e-04 9.9661904809e-05 5.1643702736e+01 nan 0.0000000000e+00
2.6121030035e-04 6.4963872640e-05 1.9298193749e+01 nan 0.0000000000e+00
2.6737721474e-04 1.5883632300e-05 8.0992833907e+01 nan 0.0000000000e+00
1.7381056572e-04 8.8687557993e-05 2.6607129828e+01 nan 0.0000000000e+00
2.6933371751e-04 8.8705039990e-05 2.1985436098e+01 nan 0.0000000000e+00
-8.3183767984e-05 1.0084100774e-04 5.2212048323e+01 nan 0.0000000000e+00
-1.0588057554e-04 6.5614537974e-05 9.6009684519e+01 nan 0.0000000000e+00
1.8056577733e-04 5.7739952737e-05 5.5420994615e+01 nan 0.0000000000e+00
-9.4481095744e-05 9.5369408642e-05 5.7713447652e+01 nan 0.0000000000e+00
2.8850307421e-04 8.4660492583e-05 2.6913854400e+01 nan 0.0000000000e+00
-2.8863095554e-04 1.4828465000e-05 2.1085406062e+02 nan 0.0000000000e+00
-2.5385952044e-04 6.6117384456e-05 7.4890121049e+01 nan 0.0000000000e+00
2.3437905280e-04 7.5073005518e-05 1.8388751212e+01 nan 0.0000000000e+00
2.5257308143e-04 7.6398405965e-05 1.5958114531e+01 nan 0.0000000000e+00
-3.0206932613e-04 1.4333798034e-05 1.9433759626e+02 nan 0.0000000000e+00
-1.9535378083e-04 3.6225567978e-05 1.5920419072e+02 nan 0.0000000000e+00
1.2141504377e-04 1.0483954176e-04 2.3722290689e+01 nan 0.0000000000e+00
2.6848258494e-04 9.2631193583e-05 2.2850684075e+01 nan 0.0000000000e+00
-1.5409933413e-04 4.0330373876e-05 1.4613222973e+02 nan 0.0000000000e+00
2.9503678741e-04 1.0582939255e-05 7.4877939153e+01 nan 0.0000000000e+00
2.5566543683e-04 2.4931330447e-05 6.8394339500e+01 nan 0.0000000000e+00
3.0347833185e-04 8.2328351111e-05 3.0396269808e+01 nan 0.0000000000e+00
3.1403626586e-04 4.0137372050e-05 3.1495446004e+01 nan 0.0000000000e+00
-5.9414100333e-05 4.9447211676e-05 1.2097410265e+02 nan 0.0000000000e+00
2.5794356011e-04 5.3027224357e-05 2.5618619139e+01 nan 0.0000000000e+00
2.6972682804e-04 4.9860209814e-05 2.4129321408e+01 nan 0.0000000000e+00
-2.9401317894e-04 5.0694129717e-05 8.6587884811e+01 nan 0.0000000000e+00
-8.6018401275e-05 1.0093882530e-04 5.2137531639e+01 nan 0.0000000000e+00
2.6112605640e-04 1.0675836597e-04 2.5677187265e+01 nan 0.0000000000e+00
-2.8523417543e-04 5.4008836274e-05 8.5742084496e+01 nan 0.0000000000e+00
2.2912672076e-04 1.9077660803e-05 1.1107462833e+02 nan 0.0000000000e+00
2.9480364326e-04 1.6160144349e-05 7.1184921099e+01 nan 0.0000000000e+00
3.1883644319e-04 1.2154207184e-05 3.9854631278e+01 nan 0.0000000000e+00
3.2719402535e-04 2.0325071080e-05 3.5397618404e+01 nan 0.0000000000e+00
2.5908507013e-04 1.0088568440e-04 2.2675610933e+01 nan 0.0000000000e+00
-1.6754216927e-04 1.9371030648e-05 2.0110102171e+02 nan 0.0000000000e+00
1.1457832319e-04 9.7175818809e-05 3.5306659772e+01 nan 0.0000000000e+00
-1.8219168024e-04 7.9736458543e-05 7.0752742114e+01 nan 0.0000000000e+00
-3.1753839586e-04 2.8230802953e-05 9.4275483505e+01 nan 0.0000000000e+00
-1.1297096467e-04 4.9894892002e-05 1.2336881666e+02 nan 0.0000000000e+00
-2.7769723609e-04 1.9740988985e-05 1.8898574724e+02 nan 0.0000000000e+00
1.3393559368e-04 9.6408561914e-05 3.3564463069e+01 nan 0.0000000000e+00
-1.5406390840e-04 2.7164028971e-05 1.7795993197e+02 nan 0.0000000000e+00
2.7800864746e-04 3.4863860514e-05 3.3569242772e+01 nan 0.0000000000e+00
3.3351598385e-04 5.8000610708e-05 3.8531032803e+01 nan 0.0000000000e+00
-2.6532235826e-04 5.7556889415e-05 8.7271606270e+01 nan 0.0000000000e+00
6.2064914432e-05 7.5027087110e-05 7.2767844404e+01 nan 0.0000000000e+00
2.5848190593e-04 8.7444915810e-05 1.8254809255e+01 nan 0.0000000000e+00
-2.0703304065e-04 6.1964921214e-05 9.7212376897e+01 nan 0.0000000000e+00
1.4959808906e-04 8.6923063946e-05 4.2709831986e+01 nan 0.0000000000e+00
-1.0995854107e-04 6.7524732324e-05 9.3171326348e+01 nan 0.0000000000e+00
2.7037278706e-04 3.3196589435e-05 5.2060481075e+01 nan 0.0000000000e+00
-3.6613797043e-04 3.6728995045e-06 1.1066608225e+02 nan 0.0000000000e+00
-1.1264659513e-04 9.2246056575e-05 6.0814636613e+01 nan 0.0000000000e+00
2.2443739115e-04 9.5715990364e-05 9.3346992578e+00 nan 0.0000000000e+00
-1.5889030499e-04 6.1929096382e-05 1.0226789480e+02 nan 0.0000000000e+00
2.5741281485e-04 6.3476053739e-05 2.0368707942e+01 nan 0.0000000000e+00
2.6641869398e-04 3.5470413934e-05 4.9143396567e+01 nan 0.0000000000e+00
2.7874811460e-04 2.2825734607e-05 6.4841613561e+01 nan 0.0000000000e+00
-3.4085942364e-04 2.3766875735e-05 9.9727828837e+01 nan 0.0000000000e+00
2.4569017801e-04 6.9515054980e-05 1.9423960515e+01 nan 0.0000000000e+00
-1.7887588672e-04 2.7423113131e-05 1.8147008357e+02 nan 0.0000000000e+00
-9.3521528062e-05 9.3386908385e-05 5.9806070648e+01 nan 0.0000000000e+00
2.5050838793e-04 1.0484363657e-04 2.1512584364e+01 nan 0.0000000000e+00
-1.4078757175e-04 2.8663007438e-05 1.7215855094e+02 nan 0.0000000000e+00
2.3894291554e-04 6.3206812773e-05 2.4860437149e+01 nan 0.0000000000e+00
-3.5926987592e-04 1.4982092377e-05 1.2018169634e+02 nan 0.0000000000e+00
4.3315251089e-05 8.7625238119e-05 5.6796243755e+01 nan 0.0000000000e+00
1.0671761987e-04 9.6070969304e-05 3.8099835366e+01 nan 0.0000000000e+00
2.7399881803e-04 3.7232933290e-05 3.2882181233e+01 nan 0.0000000000e+00
3.7721735944e-05 1.4463602575e-06 2.2980420371e+02 nan 0.0000000000e+00
2.9797996927e-04 4.3628209413e-05 2.7276050605e+01 nan 0.0000000000e+00
2.4154321812e-04 7.4912327783e-05 1.7168843464e+01 nan 0.0000000000e+00
-1.0965229756e-04 4.9853094291e-05 1.2324640001e+02 nan 0.0000000000e+00
3.1069161434e-04 2.8331183711e-05 3.1085607084e+01 nan 0.0000000000e+00
-3.3473576737e-04 1.4245854135e-05 1.3213098712e+02 nan 0.0000000000e+00
3.0186719580e-04 4.4667153559e-05 2.8069011121e+01 nan 0.0000000000e+00
2.9360134452e-04 4.9887237771e-05 2.5859565560e+01 nan 0.0000000000e+00
-2.2565701792e-04 5.8364278767e-05 1.0044714566e+02 nan 0.0000000000e+00
3.6274492877e-04 1.6317170674e-05 5.1930567419e+01 nan 0.0000000000e+00
7.6876091594e-05 8.7243384591e-05 5.3787589016e+01 nan 0.0000000000e+00
-2.7084647178e-04 2.2921730117e-05 1.8245544111e+02 nan 0.0000000000e+00
3.2623941943e-04 3.5109153294e-05 3.5538321234e+01 nan 0.0000000000e+00
2.8931296409e-04 8.0670708086e-05 2.6448874781e+01 nan 0.0000000000e+00
1.4933679749e-04 8.4659834304e-05 4.5202428166e+01 nan 0.0000000000e+00
-1.7076792526e-04 8.8830315595e-05 5.9988113880e+01 nan 0.0000000000e+00
1.8650204858e-04 6.1878745355e-05 4.6966636397e+01 nan 0.0000000000e+00
-6.9528556239e-05 4.9495235189e-05 1.2145754453e+02 nan 0.0000000000e+00
-2.7258541989e-04 1.5172978911e-05 2.2244492874e+02 nan 0.0000000000e+00
-3.7168868896e-04 7.9680155776e-06 1.3614587907e+02 nan 0.0000000000e+00
2.6981906234e-04 4.6370829760e-05 2.6030315642e+01 nan 0.0000000000e+00
2.4420971220e-04 1.0087803251e-04 1.9156205048e+01 nan 0.0000000000e+00
2.5809320971e-04 4.9642502075e-05 2.7887042037e+01 nan 0.0000000000e+00
2.5592562386e-04 9.9319135534e-06 1.2343952883e+02 nan 0.0000000000e+00
-1.6968774029e-04 7.0328542947e-05 8.7145697747e+01 nan 0.0000000000e+00
-2.3849219721e-04 1.5417922036e-05 2.3167732536e+02 nan 0.0000000000e+00
2.7114428566e-04 1.9012220295e-05 7.1686827133e+01 nan 0.0000000000e+00
3.5959779555e-04 8.1038576705e-06 4.4682286772e+01 nan 0.0000000000e+00
3.5007965890e-04 2.7294758400e-05 4.6426122748e+01 nan 0.0000000000e+00
2.7500073962e-04 1.9513964751e-05 6.9309751212e+01 nan 0.0000000000e+00
-1.6284757631e-04 1.7806295605e-05 2.0422885563e+02 nan 0.0000000000e+00
1.5333666031e-04 1.0410690665e-04 2.3557601628e+01 nan 0.0000000000e+00
-2.3292352563e-04 3.2735163665e-05 1.6746977785e+02 nan 0.0000000000e+00
-2.1389019585e-04 3.1663613886e-05 1.7282685174e+02 nan 0.0000000000e+00
-1.2141199099e-04 6.6013798223e-05 9.5708627080e+01 nan 0.0000000000e+00
3.2726444579e-04 1.6734347212e-05 3.5227806948e+01 nan 0.0000000000e+00
-2.8962277973e-04 4.4460861127e-05 9.0958947096e+01 nan 0.0000000000e+00
-6.2591952886e-05 1.0420305794e-04 4.8631609910e+01 nan 0.0000000000e+00
-2.4192547748e-04 5.2618884217e-05 1.0816166235e+02 nan 0.0000000000e+00
-1.8214759308e-04 3.5831195653e-05 1.5942584573e+02 nan 0.0000000000e+00
-8.2381764405e-05 5.8162006574e-05 1.0701889104e+02 nan 0.0000000000e+00
-1.8878530556e-04 3.6014086719e-05 1.5942994181e+02 nan 0.0000000000e+00
2.4265220595e-04 6.1265826811e-05 2.5076769346e+01 nan 0.0000000000e+00
1.1451188408e-04 5.3631030512e-05 1.0287201489e+02 nan 0.0000000000e+00
1.6883363078e-04 5.2692004393e-05 6.9851515579e+01 nan 0.0000000000e+00
3.7458335270e-05 8.7444656715e-05 5.7633879792e+01 nan 0.0000000000e+00
2.6593714356e-04 4.5211827949e-05 2.8172066611e+01 nan 0.0000000000e+00
-1.1318010844e-04 1.0021075386e-04 5.2379347264e+01 nan 0.0000000000e+00
2.0158968189e-04 5.8944102869e-05 4.3935781606e+01 nan 0.0000000000e+00
-1.3506962901e-04 4.8537867177e-05 1.2730259430e+02 nan 0.0000000000e+00
2.4818827124e-04 1.1635233361e-05 1.2451675796e+02 nan 0.0000000000e+00
-8.2966506486e-05 4.9582323940e-05 1.2209980248e+02 nan 0.0000000000e+00
-1.7137767809e-04 5.3234819208e-05 1.1864688013e+02 nan 0.0000000000e+00
-1.6683633682e-04 7.0108452730e-05 8.7764421170e+01 nan 0.0000000000e+00
2.7887437852e-04 2.0016170396e-05 6.7647394186e+01 nan 0.0000000000e+00
2.4414877842e-04 8.3934913220e-05 1.3681748722e+01 nan 0.0000000000e+00
-1.8203569573e-04 6.1468613667e-05 1.0169077508e+02 nan 0.0000000000e+00
7.4030434607e-05 7.5521885948e-05 7.1076578596e+01 nan 0.0000000000e+00
-1.8883517620e-04 5.0441384211e-05 1.2402838402e+02 nan 0.0000000000e+00
2.5321301448e-04 6.9105405328e-05 1.8425069275e+01 nan 0.0000000000e+00
2.6787441828e-04 7.5494027576e-05 1.9093069342e+01 nan 0.0000000000e+00
3.0252611082e-04 6.8864632103e-05 2.8922664228e+01 nan 0.0000000000e+00
2.3634332970e-04 8.7469281349e-05 1.1961589158e+01 nan 0.0000000000e+00
-8.1962228226e-05 9.3019129716e-05 6.0081597584e+01 nan 0.0000000000e+00
2.7827102762e-04 9.7577801458e-05 2.7002946546e+01 nan 0.0000000000e+00
3.1821504486e-04 3.7269856220e-05 3.2798937434e+01 nan 0.0000000000e+00
2.4433125974e-04 1.1372087482e-05 1.3415895485e+02 nan 0.0000000000e+00
2.7291958445e-04 1.0398052335e-04 2.7474517683e+01 nan 0.0000000000e+00
6.9187639188e-05 8.2920708071e-05 6.0603906521e+01 nan 0.0000000000e+00
2.3357992389e-04 8.1982464203e-05 1.4289436044e+01 nan 0.0000000000e+00
-2.0991972618e-04 7.5403401072e-05 7.1766553300e+01 nan 0.0000000000e+00
-1.9060876267e-04 6.2196562406e-05 9.9350902407e+01 nan 0.0000000000e+00
2.0113663937e-04 7.5455225772e-05 2.9234564649e+01 nan 0.0000000000e+00
-1.0694352012e-04 9.1977833925e-05 6.1237497450e+01 nan 0.0000000000e+00
-1.3381601225e-04 4.0020159158e-05 1.4502785351e+02 nan 0.0000000000e+00
1.6341546861e-04 5.3731816421e-05 7.1225767144e+01 nan 0.0000000000e+00
3.1073253049e-04 2.4780566192e-05 3.1429837385e+01 nan 0.0000000000e+00
-2.1487582984e-04 7.4142890921e-05 7.2643705854e+01 nan 0.0000000000e+00
-2.0525967748e-04 8.3462520787e-05 6.0171694397e+01 nan 0.0000000000e+00
-2.7429660539e-04 4.5176543730e-05 1.0637178067e+02 nan 0.0000000000e+00
3.4197563838e-05 7.7957328601e-05 7.0585704560e+01 nan 0.0000000000e+00
-2.9337321760e-04 1.1062870498e-05 2.3584138035e+02 nan 0.0000000000e+00
3.6562156603e-04 2.0939181605e-05 5.6736757663e+01 nan 0.0000000000e+00
2.0717452195e-04 7.8313416766e-05 2.5513302670e+01 nan 0.0000000000e+00
3.0320513653e-04 6.4905580897e-05 2.8794179763e+01 nan 0.0000000000e+00
2.7550743399e-04 7.4760490249e-05 2.1215965871e+01 nan 0.0000000000e+00
3.2014147329e-04 7.1174180736e-05 3.4097623166e+01 nan 0.0000000000e+00
2.0995948834e-04 8.2895833098e-05 2.1627031955e+01 nan 0.0000000000e+00
-1.5155159358e-04 5.7897086515e-05 1.0974478718e+02 nan 0.0000000000e+00
2.1658088742e-04 8.3190532491e-05 1.8287574965e+01 nan 0.0000000000e+00
2.3663970737e-04 1.0923507824e-05 1.5539583226e+02 nan 0.0000000000e+00
2.5674457838e-05 8.7146017878e-05 5.9200128371e+01 nan 0.0000000000e+00
-3.3738633916e-04 2.2764173920e-05 9.5810091523e+01 nan 0.0000000000e+00
2.1118581713e-04 6.5082289982e-05 3.4172364430e+01 nan 0.0000000000e+00
8.6718683255e-05 7.8130166934e-05 6.5969837718e+01 nan 0.0000000000e+00
9.8761105076e-05 5.2771436456e-05 1.0771608763e+02 nan 0.0000000000e+00
-1.5461508269e-04 8.7120725240e-05 6.4267285683e+01 nan 0.0000000000e+00
2.9860771050e-05 7.6023779450e-05 7.3646752119e+01 nan 0.0000000000e+00
-1.8547471589e-04 3.5919352281e-05 1.5945342984e+02 nan 0.0000000000e+00
3.2101770661e-04 6.7009757805e-05 3.4374899892e+01 nan 0.0000000000e+00
-1.4534776930e-04 5.7678882634e-05 1.1012802198e+02 nan 0.0000000000e+00
9.3306069301e-05 5.4322614435e-05 1.0545412149e+02 nan 0.0000000000e+00
1.8902855092e-04 5.0407413384e-05 6.2256892197e+01 nan 0.0000000000e+00
9.3762812045e-05 7.4745113360e-05 7.0396573393e+01 nan 0.0000000000e+00
-2.1713605940e-04 3.1805765640e-05 1.7233297582e+02 nan 0.0000000000e+00
2.2899563300e-04 1.0572937409e-05 1.7512076376e+02 nan 0.0000000000e+00
2.7603561185e-04 7.0936721860e-05 2.1070048933e+01 nan 0.0000000000e+00
2.5439326389e-04 4.8484995791e-05 3.0926882128e+01 nan 0.0000000000e+00
-3.8175208554e-05 1.0581703138e-04 4.5907795141e+01 nan 0.0000000000e+00
-2.9827753598e-04 7.3068050278e-06 2.6336997731e+02 nan 0.0000000000e+00
8.6921428964e-05 5.4078086093e-05 1.0660886224e+02 nan 0.0000000000e+00
2.3675051736e-04 2.7268473440e-05 7.5917474984e+01 nan 0.0000000000e+00
1.3813189590e-05 8.6921535674e-05 6.0625239624e+01 nan 0.0000000000e+00
1.8878519830e-04 4.5642097527e-05 7.0646589782e+01 nan 0.0000000000e+00
-1.4250949331e-04 7.4375351563e-05 8.2668874366e+01 nan 0.0000000000e+00
1.0246526038e-04 7.5409537337e-05 6.8282635496e+01 nan 0.0000000000e+00
2.2140538495e-04 1.0300880246e-05 1.9144377479e+02 nan 0.0000000000e+00
-7.7997144971e-05 9.0995143792e-05 6.2171443941e+01 nan 0.0000000000e+00
2.7649211566e-04 6.7149390940e-05 2.1127371841e+01 nan 0.0000000000e+00
2.5457460869e-04 4.5248984803e-05 3.5445751732e+01 nan 0.0000000000e+00
2.3297404594e-04 2.6715273559e-05 8.0571487003e+01 nan 0.0000000000e+00
2.1763022327e-04 1.0186738277e-05 1.9731639433e+02 nan 0.0000000000e+00
-1.4969604306e-04 8.8720030361e-05 6.2748652240e+01 nan 0.0000000000e+00
7.7266360349e-05 5.3771567018e-05 1.0796655944e+02 nan 0.0000000000e+00
-1.3735413134e-04 7.6022591898e-05 8.0485834461e+01 nan 0.0000000000e+00
-1.9503752525e-04 7.9409155083e-05 6.8801447265e+01 nan 0.0000000000e+00
2.5478181736e-04 4.2109529683e-05 4.3144782206e+01 nan 0.0000000000e+00
-2.2968478422e-04 7.0642853057e-05 7.4638104055e+01 nan 0.0000000000e+00
3.3260190194e-04 6.2259740382e-05 3.7947824272e+01 nan 0.0000000000e+00
-1.7454400810e-04 6.6766873014e-05 9.2725180966e+01 nan 0.0000000000e+00
-1.4694292529e-04 8.8488658669e-05 6.3290031201e+01 nan 0.0000000000e+00
2.3295557525e-04 2.4236481692e-05 8.7228931057e+01 nan 0.0000000000e+00
7.4029634926e-05 5.3683480872e-05 1.0833757436e+02 nan 0.0000000000e+00
1.4575507140e-04 4.8925848453e-05 9.6911052587e+01 nan 0.0000000000e+00
-2.0963034511e-04 5.8139572002e-05 1.0464355359e+02 nan 0.0000000000e+00
-2.6792771151e-05 1.0577354873e-04 4.5061918657e+01 nan 0.0000000000e+00
2.1012037302e-04 9.9902958990e-06 2.0763343551e+02 nan 0.0000000000e+00
2.7907007844e-04 1.4537242737e-05 7.5969933327e+01 nan 0.0000000000e+00
1.8930451199e-06 8.6762853582e-05 6.1910705563e+01 nan 0.0000000000e+00
-1.6720537273e-04 3.2177178523e-05 1.6718983997e+02 nan 0.0000000000e+00
-1.4571818320e-04 8.4377431009e-05 6.8610225308e+01 nan 0.0000000000e+00
6.7531231403e-05 5.3525985700e-05 1.0898082127e+02 nan 0.0000000000e+00
-3.4696229071e-04 2.1041964459e-05 1.0515356399e+02 nan 0.0000000000e+00
2.2545721185e-04 5.2226375754e-05 4.1762220474e+01 nan 0.0000000000e+00
-2.1100292671e-05 1.0577889457e-04 4.4550500357e+01 nan 0.0000000000e+00
-1.3073056887e-04 7.3796006494e-05 8.3883458524e+01 nan 0.0000000000e+00
-1.4290894218e-04 8.4175688156e-05 6.9077410115e+01 nan 0.0000000000e+00
2.7687887850e-04 6.3400481970e-05 2.1380700141e+01 nan 0.0000000000e+00
2.0266395709e-04 9.8294176672e-06 2.1472414285e+02 nan 0.0000000000e+00
2.8973878641e-04 4.8741997743e-05 2.5223400336e+01 nan 0.0000000000e+00
-5.5814249699e-06 8.4823777808e-05 6.4876342254e+01 nan 0.0000000000e+00
2.2550367414e-04 4.9348777675e-05 4.5743561039e+01 nan 0.0000000000e+00
5.7728558355e-05 5.3329710026e-05 1.0975080596e+02 nan 0.0000000000e+00
-1.7913583124e-04 6.1251755517e-05 1.0236054722e+02 nan 0.0000000000e+00
2.1745029632e-06 7.5663414697e-05 7.6113764098e+01 nan 0.0000000000e+00
1.3416025460e-04 4.9615986947e-05 1.0312946603e+02 nan 0.0000000000e+00
3.6637115078e-04 1.6636335409e-05 5.5339993833e+01 nan 0.0000000000e+00
5.4447780627e-05 5.3273404059e-05 1.0996742329e+02 nan 0.0000000000e+00
2.8315020709e-04 9.6251022098e-06 8.5597761045e+01 nan 0.0000000000e+00
-1.3725048438e-04 8.3800071019e-05 6.9919976078e+01 nan 0.0000000000e+00
2.7312428958e-04 6.2007403608e-05 2.0865469346e+01 nan 0.0000000000e+00
2.5886127074e-04 3.6920145787e-05 5.1837042909e+01 nan 0.0000000000e+00
1.0533831506e-04 7.5658746759e-05 6.7490386449e+01 nan 0.0000000000e+00
2.2174674552e-04 2.2892875650e-05 1.0327050379e+02 nan 0.0000000000e+00
-1.0068116820e-05 8.6664257669e-05 6.3054547637e+01 nan 0.0000000000e+00
3.1085834207e-04 6.3375345955e-05 3.1126127001e+01 nan 0.0000000000e+00
1.9526791265e-04 9.6969812793e-06 2.1923622529e+02 nan 0.0000000000e+00
-1.3440272148e-04 8.3624900299e-05 7.0297978680e+01 nan 0.0000000000e+00
1.3108236409e-04 4.9343111172e-05 1.0526729195e+02 nan 0.0000000000e+00
-1.6911260526e-04 2.8924162205e-05 1.7586826301e+02 nan 0.0000000000e+00
2.1833338858e-04 5.0237366942e-05 4.7871470562e+01 nan 0.0000000000e+00
3.6696869505e-04 1.2421141916e-05 5.2837859637e+01 nan 0.0000000000e+00
2.8582717240e-04 4.7584065482e-05 2.4778291742e+01 nan 0.0000000000e+00
2.6931165233e-04 6.0604717519e-05 2.0596887056e+01 nan 0.0000000000e+00
3.1503365538e-04 6.0546744884e-05 3.2334711118e+01 nan 0.0000000000e+00
-1.7626290550e-05 8.4763691028e-05 6.5901974624e+01 nan 0.0000000000e+00
-7.1062844960e-06 7.5602037072e-05 7.6831251884e+01 nan 0.0000000000e+00
-6.8844920383e-06 1.0587443180e-04 4.3015023029e+01 nan 0.0000000000e+00
1.2486058630e-04 4.8854535304e-05 1.0898976788e+02 nan 0.0000000000e+00
3.7961133144e-05 5.3049052222e-05 1.1084965819e+02 nan 0.0000000000e+00
-2.2052892979e-05 8.6622308324e-05 6.4051579589e+01 nan 0.0000000000e+00
3.1571824803e-04 5.6556612034e-05 3.2389302800e+01 nan 0.0000000000e+00
3.4649667591e-05 5.3013794857e-05 1.1099875969e+02 nan 0.0000000000e+00
-1.2096946441e-06 1.0594561704e-04 4.2298704798e+01 nan 0.0000000000e+00
2.9831784451e-05 1.4292952969e-06 2.2941908427e+02 nan 0.0000000000e+00
1.1855781569e-04 4.8432712442e-05 1.1206430842e+02 nan 0.0000000000e+00
2.8596146673e-04 4.3985617452e-05 2.5446529772e+01 nan 0.0000000000e+00
-2.9684593462e-05 8.4756506617e-05 6.6785640345e+01 nan 0.0000000000e+00
2.1484508658e-04 4.1370159665e-05 6.3051954037e+01 nan 0.0000000000e+00
-3.4043150881e-05 8.6636252393e-05 6.4892558675e+01 nan 0.0000000000e+00
5.8400659417e-06 1.0803536375e-04 3.9576497083e+01 nan 0.0000000000e+00
2.1836144326e-04 4.4786683044e-05 5.5712847450e+01 nan 0.0000000000e+00
1.8037018521e-05 5.2876933653e-05 1.1167682817e+02 nan 0.0000000000e+00
3.2340399178e-04 5.4714709217e-05 3.5015511446e+01 nan 0.0000000000e+00
1.4705398518e-05 5.2856249034e-05 1.1180578248e+02 nan 0.0000000000e+00
1.6484361301e-04 7.7331317662e-06 2.2381438134e+02 nan 0.0000000000e+00
-2.5703311742e-05 7.5556812983e-05 7.8106971608e+01 nan 0.0000000000e+00
2.1454245431e-04 2.4362360204e-05 1.0578743669e+02 nan 0.0000000000e+00
1.6860484159e-04 7.9549970472e-05 3.6252726123e+01 nan 0.0000000000e+00
-4.1737680926e-05 8.4803367016e-05 6.7514742141e+01 nan 0.0000000000e+00
-2.5330519807e-04 5.8115631462e-05 9.1119066444e+01 nan 0.0000000000e+00
2.8196843366e-04 3.9327942266e-05 2.6400402808e+01 nan 0.0000000000e+00
1.4268080077e-05 1.0822200839e-04 3.8256309557e+01 nan 0.0000000000e+00
-4.6023594399e-05 8.6705169743e-05 6.5567367532e+01 nan 0.0000000000e+00
1.5720779466e-04 7.6727447483e-06 2.2305234895e+02 nan 0.0000000000e+00
2.0745108356e-04 2.3613014236e-05 1.1840868878e+02 nan 0.0000000000e+00
3.2410185342e-04 5.0696024401e-05 3.5178234866e+01 nan 0.0000000000e+00
-1.9855210327e-06 5.2782138449e-05 1.1244875066e+02 nan 0.0000000000e+00
-3.5005389855e-05 7.5571607058e-05 7.8658564573e+01 nan 0.0000000000e+00
1.4953556189e-04 7.6171707463e-06 2.2259444639e+02 nan 0.0000000000e+00
-5.3285640918e-06 5.2772387144e-05 1.1258019420e+02 nan 0.0000000000e+00
-1.1791133267e-04 8.4701527934e-05 6.9534732412e+01 nan 0.0000000000e+00
-5.3767981997e-05 8.4906332142e-05 6.8074142830e+01 nan 0.0000000000e+00
2.0048737138e-04 2.2974597598e-05 1.3151950965e+02 nan 0.0000000000e+00
2.5449115183e-05 1.0854781832e-04 3.6275495504e+01 nan 0.0000000000e+00
-3.3845236487e-04 2.4624121280e-06 2.2530349749e+02 nan 0.0000000000e+00
-5.7976399499e-05 8.6831568546e-05 6.6060138219e+01 nan 0.0000000000e+00
9.8312345134e-05 4.5713255110e-05 1.2216449123e+02 nan 0.0000000000e+00
-1.9295211849e-04 5.8436101482e-05 1.0653446834e+02 nan 0.0000000000e+00
1.9704733202e-04 2.2693578566e-05 1.3778750318e+02 nan 0.0000000000e+00
-6.1577912978e-05 8.3134814807e-05 7.0554289653e+01 nan 0.0000000000e+00
2.1123991586e-04 3.3232694956e-05 8.1505842615e+01 nan 0.0000000000e+00
1.3796977412e-04 7.5436114700e-06 2.2212152074e+02 nan 0.0000000000e+00
-2.2056863820e-05 5.2747963041e-05 1.1326029173e+02 nan 0.0000000000e+00
-2.5403570533e-05 5.2747419621e-05 1.1340193028e+02 nan 0.0000000000e+00
1.3022652415e-04 7.5026856596e-06 2.2180148458e+02 nan 0.0000000000e+00
-3.3674798764e-04 5.1169295917e-06 1.9294043380e+02 nan 0.0000000000e+00
2.0094723428e-04 3.1673214320e-05 9.4135318256e+01 nan 0.0000000000e+00
2.1478746995e-04 3.6289336891e-05 7.2414218491e+01 nan 0.0000000000e+00
-5.3581335238e-05 7.5677507309e-05 7.9560289688e+01 nan 0.0000000000e+00
-3.4616945617e-04 2.8045908992e-06 1.8389542906e+02 nan 0.0000000000e+00
1.9411277970e-04 2.8620392774e-05 1.1222986327e+02 nan 0.0000000000e+00
2.4955433905e-04 6.7554326636e-05 1.9749670158e+01 nan 0.0000000000e+00
1.8749935254e-04 2.7928247159e-05 1.2311945245e+02 nan 0.0000000000e+00
-3.5413129302e-04 1.0125678776e-05 9.8383049937e+01 nan 0.0000000000e+00
1.7775831891e-04 2.7071920937e-05 1.3768198034e+02 nan 0.0000000000e+00
7.8385917879e-05 4.5162566687e-05 1.2517096637e+02 nan 0.0000000000e+00
1.5861597412e-04 7.8454512984e-05 4.5626770651e+01 nan 0.0000000000e+00
-3.4956029039e-04 1.7340555175e-05 1.0478730199e+02 nan 0.0000000000e+00
1.6851480836e-04 2.8266546545e-05 1.4021978028e+02 nan 0.0000000000e+00
-3.4427366396e-04 5.7465438140e-06 1.6228717317e+02 nan 0.0000000000e+00
1.6207113665e-04 2.7830908730e-05 1.4526415937e+02 nan 0.0000000000e+00
-3.5399122533e-04 3.1953093104e-06 1.5254123057e+02 nan 0.0000000000e+00
1.5548234082e-04 2.7449149649e-05 1.5020800383e+02 nan 0.0000000000e+00
-6.5922399474e-05 7.5806899548e-05 7.9987819726e+01 nan 0.0000000000e+00
-1.0225111838e-04 8.7906361804e-05 6.5901769951e+01 nan 0.0000000000e+00
-1.2260521665e-04 7.5348634829e-05 8.1791081412e+01 nan 0.0000000000e+00
6.6145292285e-05 1.0454954308e-04 3.3308532148e+01 nan 0.0000000000e+00
3.3783412641e-05 1.0884846416e-04 3.4625136004e+01 nan 0.0000000000e+00
1.3850299564e-04 2.6696792677e-05 1.6015154441e+02 nan 0.0000000000e+00
1.5369160368e-04 7.9263044108e-05 4.8395480875e+01 nan 0.0000000000e+00
7.4269028051e-05 1.0516041716e-04 3.1172226426e+01 nan 0.0000000000e+00
1.0923303711e-04 2.4331441308e-05 1.7309962413e+02 nan 0.0000000000e+00
9.8369630277e-05 2.4177617891e-05 1.7417684376e+02 nan 0.0000000000e+00
-3.0728080973e-05 2.3715069709e-05 1.7335299220e+02 nan 0.0000000000e+00
-9.3501173354e-05 8.7603925152e-05 6.6229726375e+01 nan 0.0000000000e+00
4.4807878553e-05 1.0935526679e-04 3.2176979983e+01 nan 0.0000000000e+00
6.5443354958e-05 2.3901176216e-05 1.7456803649e+02 nan 0.0000000000e+00
-4.7868823802e-06 2.3725298795e-05 1.7293340073e+02 nan 0.0000000000e+00
5.4395102500e-05 2.3848373706e-05 1.7425173051e+02 nan 0.0000000000e+00
2.6235446274e-06 2.3731736692e-05 1.7295073487e+02 nan 0.0000000000e+00
4.7017384072e-05 2.3820744178e-05 1.7400646615e+02 nan 0.0000000000e+00
1.0032213881e-05 2.3740021422e-05 1.7302392000e+02 nan 0.0000000000e+00
1.7438203772e-05 2.3750414103e-05 1.7314835841e+02 nan 0.0000000000e+00
2.8541334068e-05 2.3771230362e-05 1.7341602316e+02 nan 0.0000000000e+00
1.8322684779e-04 1.9912706253e-05 1.6724569112e+02 nan 0.0000000000e+00
5.8432265703e-05 1.1014466650e-04 2.8735155260e+01 nan 0.0000000000e+00
-8.2357754275e-05 7.7913095925e-05 7.7862195146e+01 nan 0.0000000000e+00
2.2357454563e-04 8.0127475128e-05 1.7387954863e+01 nan 0.0000000000e+00
5.8160437563e-05 4.4820128934e-05 1.2657628341e+02 nan 0.0000000000e+00
5.3004443555e-05 1.0980602964e-04 3.0163985357e+01 nan 0.0000000000e+00
-1.0944289633e-04 7.8635529186e-05 7.7379238078e+01 nan 0.0000000000e+00
-8.1743635444e-05 8.7275543151e-05 6.6416345063e+01 nan 0.0000000000e+00
2.1865392187e-05 1.4277661537e-06 2.2906487161e+02 nan 0.0000000000e+00
1.7313021931e-04 1.9464126637e-05 1.7381146334e+02 nan 0.0000000000e+00
4.2064063809e-05 1.0921756132e-04 3.2814848870e+01 nan 0.0000000000e+00
-9.9341784565e-05 8.7800139440e-05 6.6029800678e+01 nan 0.0000000000e+00
-2.2234818107e-04 7.1193780000e-05 7.5859630930e+01 nan 0.0000000000e+00
1.4084480425e-04 7.8456231806e-05 5.5311439907e+01 nan 0.0000000000e+00
5.0283803238e-05 1.0964625256e-04 3.0853510400e+01 nan 0.0000000000e+00
4.1148972468e-05 4.4637858985e-05 1.2716471862e+02 nan 0.0000000000e+00
-9.4457924149e-05 7.8187064053e-05 7.7812840649e+01 nan 0.0000000000e+00
-9.3438485606e-05 7.6303640626e-05 8.0280756596e+01 nan 0.0000000000e+00
3.4314678454e-05 4.4583957964e-05 1.2733230836e+02 nan 0.0000000000e+00
1.6626485498e-04 1.9207216649e-05 1.7687171475e+02 nan 0.0000000000e+00
2.5539222322e-05 4.6188401848e-05 1.2422086604e+02 nan 0.0000000000e+00
-7.3609692337e-05 8.3325887036e-05 7.0812639663e+01 nan 0.0000000000e+00
1.5927952679e-04 1.8979473652e-05 1.7977261379e+02 nan 0.0000000000e+00
1.5293637206e-04 2.0462778562e-05 1.7611621665e+02 nan 0.0000000000e+00
1.4940638894e-04 2.0357926713e-05 1.7755300833e+02 nan 0.0000000000e+00
1.3738870243e-05 4.4470405944e-05 1.2777347972e+02 nan 0.0000000000e+00
9.2062031950e-06 7.2770498985e-06 2.1367437255e+02 nan 0.0000000000e+00
2.8198352658e-04 3.5848854671e-05 2.8509941318e+01 nan 0.0000000000e+00
-1.2144348897e-04 3.6592970962e-05 1.5134274348e+02 nan 0.0000000000e+00
1.3809994183e-06 7.2735861979e-06 2.1351169020e+02 nan 0.0000000000e+00
6.8627676319e-06 4.4445602050e-05 1.2792822132e+02 nan 0.0000000000e+00
3.3180187118e-04 4.8628695852e-05 3.8132323003e+01 nan 0.0000000000e+00
-1.1447472916e-04 3.6539731876e-05 1.5075696705e+02 nan 0.0000000000e+00
-3.5016689901e-04 9.5438486863e-06 1.0833165625e+02 nan 0.0000000000e+00
1.6315268002e-06 4.6084253885e-05 1.2482934054e+02 nan 0.0000000000e+00
-6.4442972790e-06 7.2705040916e-06 2.1343407017e+02 nan 0.0000000000e+00
-1.0748605454e-04 3.6493077773e-05 1.5017775051e+02 nan 0.0000000000e+00
2.9426988506e-04 3.1887088900e-05 2.7677570971e+01 nan 0.0000000000e+00
-1.8182039801e-05 7.2664810534e-06 2.1348159828e+02 nan 0.0000000000e+00
3.3251530603e-04 4.4571686442e-05 3.8387078049e+01 nan 0.0000000000e+00
-6.9074462362e-06 4.4412309577e-05 1.2828047713e+02 nan 0.0000000000e+00
-1.0047955797e-04 3.6452850468e-05 1.4960999150e+02 nan 0.0000000000e+00
2.9423224732e-04 2.8388269475e-05 2.9601243259e+01 nan 0.0000000000e+00
-9.6970675502e-05 3.6433772818e-05 1.4933459640e+02 nan 0.0000000000e+00
1.4228172561e-04 2.0167809999e-05 1.8011431059e+02 nan 0.0000000000e+00
-2.9919432952e-05 7.2631017189e-06 2.1373053657e+02 nan 0.0000000000e+00
-1.7244527209e-05 4.4399930292e-05 1.2859387374e+02 nan 0.0000000000e+00
1.3413345188e-04 1.8380295405e-05 1.8758970910e+02 nan 0.0000000000e+00
-3.7744065014e-05 7.2606230271e-06 2.1401194698e+02 nan 0.0000000000e+00
-2.2342174169e-05 4.6048691955e-05 1.2558967692e+02 nan 0.0000000000e+00
3.3673155554e-04 4.1401096589e-05 4.0182252868e+01 nan 0.0000000000e+00
-1.0514267372e-04 5.3238834802e-05 1.1673709400e+02 nan 0.0000000000e+00
1.3898952981e-05 1.4263464604e-06 2.2878904563e+02 nan 0.0000000000e+00
-8.6406255724e-05 3.6382931772e-05 1.4854080527e+02 nan 0.0000000000e+00
-4.5567946419e-05 7.2589102823e-06 2.1438459127e+02 nan 0.0000000000e+00
1.2680476223e-04 1.8256423736e-05 1.8895432149e+02 nan 0.0000000000e+00
-5.3391147118e-05 7.2574392561e-06 2.1485095349e+02 nan 0.0000000000e+00
-3.1029090769e-05 4.4398658765e-05 1.2908645605e+02 nan 0.0000000000e+00
3.3738502334e-04 3.7379501964e-05 4.0372090136e+01 nan 0.0000000000e+00
3.0342308924e-04 5.4752370490e-06 7.8920723875e+01 nan 0.0000000000e+00
-2.9702391945e-04 5.7998241010e-05 8.0850868132e+01 1.6202015637e+01 1.0000000000e+00
-6.1212125401e-05 7.2577392198e-06 2.1540823455e+02 nan 0.0000000000e+00
-3.7919633645e-05 4.4404491761e-05 1.2936501554e+02 nan 0.0000000000e+00
1.2052769384e-04 1.9744899772e-05 1.8513014459e+02 nan 0.0000000000e+00
-6.9032863387e-05 7.2569242458e-06 2.1606531638e+02 nan 0.0000000000e+00
3.0248606410e-04 2.6685056236e-05 2.9548224967e+01 nan 0.0000000000e+00
1.1685950173e-04 1.9691632979e-05 1.8561150385e+02 nan 0.0000000000e+00
-6.5236079592e-05 3.6316753787e-05 1.4712223125e+02 nan 0.0000000000e+00
-5.8162585933e-05 3.6301233442e-05 1.4671414620e+02 nan 0.0000000000e+00
1.0949187317e-04 1.9595953758e-05 1.8632575559e+02 nan 0.0000000000e+00
3.4161317730e-04 3.4109003472e-05 4.2295705929e+01 nan 0.0000000000e+00
-5.5123084730e-05 4.4438178318e-05 1.3014923670e+02 nan 0.0000000000e+00
-5.1076299786e-05 3.6287124224e-05 1.4634439919e+02 nan 0.0000000000e+00
-5.8561408059e-05 4.4447681787e-05 1.3032105953e+02 nan 0.0000000000e+00
-4.5579197087e-05 3.7892179530e-05 1.4272585247e+02 nan 0.0000000000e+00
-3.5194899122e-04 1.3702666147e-05 1.0508898287e+02 nan 0.0000000000e+00
-6.5429047668e-05 4.4472209922e-05 1.3067247471e+02 nan 0.0000000000e+00
1.0209634472e-04 1.9517037695e-05 1.8674210849e+02 nan 0.0000000000e+00
-2.6109592597e-05 3.9494992492e-05 1.3864411378e+02 nan 0.0000000000e+00
9.4673957186e-05 1.9450319451e-05 1.8692207645e+02 nan 0.0000000000e+00
-7.9138267371e-05 4.4534627548e-05 1.3141679773e+02 nan 0.0000000000e+00
3.4641654706e-04 2.6753379918e-05 4.4241466331e+01 nan 0.0000000000e+00
-8.5972434841e-05 4.4575287814e-05 1.3179909625e+02 nan 0.0000000000e+00
-8.9387141597e-05 4.4596142166e-05 1.3199533538e+02 nan 0.0000000000e+00
8.7231678890e-05 1.9394802477e-05 1.8691417619e+02 nan 0.0000000000e+00
-9.7217717816e-05 4.1335734138e-05 1.3909673132e+02 nan 0.0000000000e+00
3.0242670345e-04 2.3194466222e-05 3.0771609926e+01 nan 0.0000000000e+00
-1.5675120045e-06 3.9515923483e-05 1.3800827288e+02 nan 0.0000000000e+00
3.0241222931e-04 1.9850614644e-05 4.6643201682e+01 nan 0.0000000000e+00
7.8375782447e-05 1.7811544353e-05 1.9071519550e+02 nan 0.0000000000e+00
5.9324859007e-06 1.4250179483e-06 2.2859508204e+02 nan 0.0000000000e+00
-8.1755036867e-05 1.1470165566e-04 4.0154772686e+01 2.9191653810e+01 1.0000000000e+00
3.0671336323e-04 1.4237680278e-05 7.4576189441e+01 nan 0.0000000000e+00
-1.1779670995e-04 4.1507145981e-05 1.4043709098e+02 nan 0.0000000000e+00
3.0281759453e-04 1.3975437980e-05 7.4759728109e+01 nan 0.0000000000e+00
6.4814621265e-05 1.9278012181e-05 1.8620102485e+02 nan 0.0000000000e+00
2.6421725192e-05 3.9603385393e-05 1.3764209103e+02 nan 0.0000000000e+00
-3.5209419468e-04 6.3244473937e-06 1.4791125561e+02 nan 0.0000000000e+00
-8.4978799812e-05 6.7022439070e-05 9.3142645200e+01 nan 0.0000000000e+00
2.9889323261e-04 1.3675674478e-05 7.3544596461e+01 nan 0.0000000000e+00
-7.8678402837e-05 6.6934271634e-05 9.3011012163e+01 nan 0.0000000000e+00
6.1735503413e-05 1.0628436420e-04 3.2163781110e+01 nan 0.0000000000e+00
5.7320225341e-05 1.9251383098e-05 1.8584973535e+02 nan 0.0000000000e+00
3.4688689872e-04 2.2826027276e-05 4.3942742690e+01 nan 0.0000000000e+00
5.0781360242e-05 3.9766158760e-05 1.3732524634e+02 nan 0.0000000000e+00
4.9818059607e-05 1.9229218806e-05 1.8548645356e+02 nan 0.0000000000e+00
5.4249022753e-05 3.9797043400e-05 1.3725061898e+02 nan 0.0000000000e+00
-5.8029089171e-05 9.6348419743e-05 5.5885100545e+01 nan 0.0000000000e+00
-6.0926402499e-05 9.6394139562e-05 5.5967289772e+01 nan 0.0000000000e+00
-6.9188954324e-05 6.6821518720e-05 9.2747914901e+01 nan 0.0000000000e+00
2.9903192338e-04 1.0869912853e-05 7.5328123593e+01 nan 0.0000000000e+00
-4.6388444624e-05 9.6192833767e-05 5.5427576709e+01 nan 0.0000000000e+00
-4.0559427179e-05 9.6142722973e-05 5.5113674901e+01 nan 0.0000000000e+00
-3.4725427194e-05 9.6109095691e-05 5.4746648216e+01 nan 0.0000000000e+00
-6.2846833901e-05 6.6759806731e-05 9.2532951572e+01 nan 0.0000000000e+00
-2.8888603276e-05 9.6091708864e-05 5.4327930610e+01 nan 0.0000000000e+00
-2.3051105956e-05 9.6090428109e-05 5.3858762553e+01 nan 0.0000000000e+00
4.2309445719e-05 1.9210838165e-05 1.8513082579e+02 nan 0.0000000000e+00
-1.7216940233e-05 9.6106408159e-05 5.3339166192e+01 nan 0.0000000000e+00
3.4725053718e-04 1.8966315118e-05 4.3440200795e+01 nan 0.0000000000e+00
-1.1384577776e-05 9.6137400578e-05 5.2772062298e+01 nan 0.0000000000e+00
7.4936328571e-05 4.0056888922e-05 1.3635044453e+02 nan 0.0000000000e+00
-5.5579959912e-06 9.6184779046e-05 5.2157118623e+01 nan 0.0000000000e+00
6.0712125970e-06 9.6328940984e-05 5.0786719805e+01 nan 0.0000000000e+00
1.7649052350e-05 9.6545550867e-05 4.9228455965e+01 nan 0.0000000000e+00
3.4881377319e-05 9.7020438365e-05 4.6540718521e+01 nan 0.0000000000e+00
2.3413805495e-05 9.6682530494e-05 4.8379535686e+01 nan 0.0000000000e+00
2.9157134318e-05 9.6841229446e-05 4.7482971300e+01 nan 0.0000000000e+00
1.7332794685e-04 1.0064802342e-04 2.1589750489e+01 nan 0.0000000000e+00
-5.6491124010e-05 6.6708928911e-05 9.2289357452e+01 nan 0.0000000000e+00
3.4795747510e-05 1.9195609643e-05 1.8479887487e+02 nan 0.0000000000e+00
8.1778829702e-05 4.0177651298e-05 1.3578599713e+02 nan 0.0000000000e+00
1.6661552194e-04 8.7925029079e-05 3.3510825720e+01 nan 0.0000000000e+00
8.5191040006e-05 4.0244181682e-05 1.3543622255e+02 nan 0.0000000000e+00
3.5140278417e-04 1.5468897411e-05 4.4649628892e+01 nan 0.0000000000e+00
9.5367649360e-05 4.0483604936e-05 1.3402163840e+02 nan 0.0000000000e+00
-4.6938339273e-05 6.6651001174e-05 9.1878688773e+01 nan 0.0000000000e+00
2.7279292448e-05 1.9184567763e-05 1.8449959085e+02 nan 0.0000000000e+00
1.0209787203e-04 4.0679941536e-05 1.3270662924e+02 nan 0.0000000000e+00
1.0544805018e-04 4.0788810372e-05 1.3191766831e+02 nan 0.0000000000e+00
3.5160758063e-04 1.1687971061e-05 4.3498369685e+01 nan 0.0000000000e+00
-3.7371599468e-05 6.6613829958e-05 9.1422392975e+01 nan 0.0000000000e+00
1.1458032848e-04 3.9405557975e-05 1.3324941891e+02 nan 0.0000000000e+00
-2.0339923513e-06 1.4237659270e-06 2.2848591895e+02 nan 0.0000000000e+00
1.5284383293e-04 9.6904323966e-05 3.1027141503e+01 nan 0.0000000000e+00
1.1870510133e-04 4.1325297532e-05 1.2763798791e+02 nan 0.0000000000e+00
5.9262614898e-05 9.6092809499e-05 4.4333882725e+01 nan 0.0000000000e+00
7.3196781323e-05 9.6942495299e-05 4.1381672921e+01 nan 0.0000000000e+00
1.5046879723e-04 9.6159753259e-05 3.2213351108e+01 nan 0.0000000000e+00
1.4224373546e-04 8.7305969660e-05 4.4184338977e+01 nan 0.0000000000e+00
9.4126644173e-05 9.6691751652e-05 3.8976419688e+01 nan 0.0000000000e+00
7.8697026586e-05 9.7349766400e-05 4.0118162321e+01 nan 0.0000000000e+00
8.2308043453e-05 9.9684792911e-05 3.6635573783e+01 nan 0.0000000000e+00
1.2522422413e-04 4.1668270655e-05 1.2467141123e+02 nan 0.0000000000e+00
1.4535207528e-04 9.2469504203e-05 3.7350669239e+01 nan 0.0000000000e+00
1.3101505429e-04 4.0224233400e-05 1.2575926348e+02 nan 0.0000000000e+00
1.1805470194e-04 9.1357044246e-05 4.2725917818e+01 nan 0.0000000000e+00
1.1335338935e-04 9.2782495487e-05 4.1528648900e+01 nan 0.0000000000e+00
1.2586712379e-04 9.2649493329e-05 3.9659984044e+01 nan 0.0000000000e+00
1.2327661215e-04 9.2199810654e-05 4.0685662440e+01 nan 0.0000000000e+00
1.3744192758e-04 4.0649699432e-05 1.2153321169e+02 nan 0.0000000000e+00
-1.8219234063e-05 6.6600198508e-05 9.0399350828e+01 nan 0.0000000000e+00
9.4474740180e-07 1.9155701501e-05 1.8387783343e+02 nan 0.0000000000e+00
-2.8229603266e-06 1.9151479336e-05 1.8385500039e+02 nan 0.0000000000e+00
-8.6467586673e-06 6.6623758026e-05 8.9841851714e+01 nan 0.0000000000e+00
1.6224175406e-04 4.5209266505e-05 8.9817072082e+01 nan 0.0000000000e+00
1.6514654278e-04 4.5660553276e-05 8.6581826737e+01 nan 0.0000000000e+00
1.7077905953e-04 4.4478043631e-05 8.5206202027e+01 nan 0.0000000000e+00
9.1446790468e-07 6.6668443159e-05 8.9256490664e+01 nan 0.0000000000e+00
1.7674290524e-04 4.5525879872e-05 7.8681196184e+01 nan 0.0000000000e+00
-1.0347150694e-05 1.9148806654e-05 1.8384896369e+02 nan 0.0000000000e+00
-1.4115440301e-05 1.9145384625e-05 1.8387830373e+02 nan 0.0000000000e+00
-2.1641741369e-05 1.9142449838e-05 1.8398310412e+02 nan 0.0000000000e+00
1.0457735483e-05 6.6735663731e-05 8.8642370758e+01 nan 0.0000000000e+00
5.3628330780e-05 9.5808632073e-05 4.5436503394e+01 nan 0.0000000000e+00
-1.2838434498e-04 3.6655002626e-05 1.5192408074e+02 nan 0.0000000000e+00
-2.9167238687e-05 1.9142689406e-05 1.8415542643e+02 nan 0.0000000000e+00
-3.2935292879e-05 1.9140412600e-05 1.8427604104e+02 nan 0.0000000000e+00
2.9462386700e-05 6.6946979875e-05 8.7308776907e+01 nan 0.0000000000e+00
2.5481051644e-04 1.0291613696e-04 2.2081486634e+01 nan 0.0000000000e+00
-1.0000466205e-05 1.4225787303e-06 2.2846406189e+02 nan 0.0000000000e+00
3.8908909271e-05 6.7097919407e-05 8.6569595673e+01 nan 0.0000000000e+00
-5.9265718826e-05 1.9143443522e-05 1.8561320299e+02 nan 0.0000000000e+00
7.7100002957e-05 7.0035108455e-05 7.9439937528e+01 nan 0.0000000000e+00
9.0377163877e-05 6.6959751920e-05 8.3268286822e+01 nan 0.0000000000e+00
8.3128834470e-05 7.0322331403e-05 7.8465154508e+01 nan 0.0000000000e+00
-6.6784278596e-05 1.9146496328e-05 1.8616532643e+02 nan 0.0000000000e+00
-7.4298554117e-05 1.9150763626e-05 1.8679321101e+02 nan 0.0000000000e+00
-8.1808665596e-05 1.9156190933e-05 1.8749756746e+02 nan 0.0000000000e+00
-8.9313671798e-05 1.9162982070e-05 1.8827847818e+02 nan 0.0000000000e+00
-1.3041455503e-04 3.9982153265e-05 1.4479889532e+02 nan 0.0000000000e+00
-9.6813115335e-05 1.9171182664e-05 1.8913654963e+02 nan 0.0000000000e+00
1.3049688878e-04 7.8705006802e-05 5.8086786765e+01 nan 0.0000000000e+00
-1.1926822830e-04 1.9206434953e-05 1.9217602361e+02 nan 0.0000000000e+00
-8.6291467593e-05 7.4306888991e-05 8.2782663800e+01 nan 0.0000000000e+00
-1.2673565909e-04 1.9222458614e-05 1.9334509724e+02 nan 0.0000000000e+00
-8.7205033829e-05 7.0672701565e-05 8.7888167081e+01 nan 0.0000000000e+00
-1.3419203418e-04 1.9241192745e-05 1.9459162061e+02 nan 0.0000000000e+00
-1.4163610988e-04 1.9262933860e-05 1.9591491600e+02 nan 0.0000000000e+00
-2.1980774998e-05 1.4284876114e-06 2.2858052444e+02 nan 0.0000000000e+00
-1.4906135954e-04 1.9290974606e-05 1.9730472719e+02 nan 0.0000000000e+00
-1.5277649225e-04 1.9302788893e-05 1.9803801756e+02 nan 0.0000000000e+00
-3.1951546275e-04 4.4060769150e-05 8.6528447878e+01 nan 0.0000000000e+00
-1.8141996624e-04 1.1779319973e-05 2.2567891429e+02 nan 0.0000000000e+00
7.4670820208e-05 1.1784628098e-04 1.7177164512e+01 nan 0.0000000000e+00
-1.6540825354e-04 5.8160550500e-06 2.3696132789e+02 nan 0.0000000000e+00
-3.0502492822e-04 4.5574352585e-05 8.6292453782e+01 nan 0.0000000000e+00
-2.9946937651e-05 1.4275561539e-06 2.2878580695e+02 nan 0.0000000000e+00
-3.0298336178e-04 3.9902601446e-05 9.0429948530e+01 nan 0.0000000000e+00
-3.0253449868e-04 3.5863256254e-05 9.3754790579e+01 nan 0.0000000000e+00
-2.4474857059e-04 1.0682017845e-05 2.5204757774e+02 nan 0.0000000000e+00
-2.6973464364e-04 1.1358381058e-05 2.4783783386e+02 nan 0.0000000000e+00
-2.6281349313e-04 1.1082391146e-05 2.5203994078e+02 nan 0.0000000000e+00
-2.6630166279e-04 1.1209807841e-05 2.5032150206e+02 nan 0.0000000000e+00
-2.7700179530e-04 6.4313824476e-06 2.7782107481e+02 nan 0.0000000000e+00
-3.1019065747e-04 2.8770661411e-05 1.0122226538e+02 nan 0.0000000000e+00
-4.9185294506e-06 1.2213187521e-04 3.0295214055e+01 2.9636706657e+01 1.0000000000e+00
1.8186490618e-04 3.5576909801e-05 9.9863320721e+01 nan 0.0000000000e+00
-4.1896045937e-05 1.4262378766e-06 2.2927031332e+02 nan 0.0000000000e+00
1.7279453943e-04 3.6472579211e-05 1.0562141850e+02 nan 0.0000000000e+00
-1.0362840121e-05 1.2206155768e-04 3.0996988954e+01 2.9652428598e+01 1.0000000000e+00
1.6671118688e-04 3.5770109607e-05 1.1371092075e+02 nan 0.0000000000e+00
2.4951709149e-05 1.2234422382e-04 2.5495033811e+01 2.9294756700e+01 1.0000000000e+00
1.5701931128e-04 3.2971085838e-05 1.3069849211e+02 nan 0.0000000000e+00
1.5058469295e-04 3.2514783678e-05 1.3633872843e+02 nan 0.0000000000e+00
1.4070068289e-04 3.1940809649e-05 1.4341881498e+02 nan 0.0000000000e+00
1.3399000085e-04 3.1622531109e-05 1.4721457573e+02 nan 0.0000000000e+00
1.2719083434e-04 3.1350163495e-05 1.5032228713e+02 nan 0.0000000000e+00
-4.3184168776e-05 5.7899033424e-05 1.0542541718e+02 nan 0.0000000000e+00
1.2122548025e-04 3.2827555357e-05 1.4802618238e+02 nan 0.0000000000e+00
1.1436025321e-04 3.2609052886e-05 1.5016474759e+02 nan 0.0000000000e+00
5.4164463821e-05 1.2143959257e-04 1.9605689113e+01 2.8584594518e+01 1.0000000000e+00
1.0743954799e-04 3.2423581755e-05 1.5181718259e+02 nan 0.0000000000e+00
-3.6613089426e-05 5.7882335759e-05 1.0512485901e+02 nan 0.0000000000e+00
1.0047377391e-04 3.2270234968e-05 1.5305218829e+02 nan 0.0000000000e+00
9.6968521471e-05 3.2197871413e-05 1.5355263887e+02 nan 0.0000000000e+00
-2.6754732858e-05 5.7871332847e-05 1.0466675549e+02 nan 0.0000000000e+00
8.9948099499e-05 3.2079438599e-05 1.5430838902e+02 nan 0.0000000000e+00
-1.6891130397e-05 5.7875704494e-05 1.0420542613e+02 nan 0.0000000000e+00
8.6416741493e-05 3.2022741953e-05 1.5460406032e+02 nan 0.0000000000e+00
-7.0319307521e-06 5.7896086875e-05 1.0374245413e+02 nan 0.0000000000e+00
7.9350678841e-05 3.1932033372e-05 1.5501581285e+02 nan 0.0000000000e+00
-2.9448584681e-04 2.8823947004e-05 1.2551985666e+02 nan 0.0000000000e+00
2.8168124500e-06 5.7933333771e-05 1.0327690901e+02 nan 0.0000000000e+00
6.5128546868e-05 3.1783673803e-05 1.5540393297e+02 nan 0.0000000000e+00
1.2648875972e-05 5.7988887384e-05 1.0280443767e+02 nan 0.0000000000e+00
5.7998410159e-05 3.1731457009e-05 1.5543402183e+02 nan 0.0000000000e+00
2.2457754289e-05 5.8064882481e-05 1.0231639641e+02 nan 0.0000000000e+00
5.4417370950e-05 3.1704008225e-05 1.5543584453e+02 nan 0.0000000000e+00
-7.8892151683e-05 1.1742470509e-04 3.8064073303e+01 2.9247990916e+01 1.0000000000e+00
4.1981343127e-05 5.8291099598e-05 1.0122989777e+02 nan 0.0000000000e+00
2.9311900351e-05 3.1584270345e-05 1.5520652876e+02 nan 0.0000000000e+00
-2.9054409487e-04 2.4760877992e-05 1.4680265229e+02 nan 0.0000000000e+00
6.1317723116e-05 5.8648942842e-05 9.9808325400e+01 nan 0.0000000000e+00
2.2125873000e-05 3.1565620579e-05 1.5513484077e+02 nan 0.0000000000e+00
1.8519281437e-05 3.1552977550e-05 1.5511762854e+02 nan 0.0000000000e+00
9.0746622757e-05 6.1439268210e-05 9.2687976696e+01 nan 0.0000000000e+00
9.6910256087e-05 6.1755317327e-05 9.1380906096e+01 nan 0.0000000000e+00
1.0304146972e-04 6.2130601397e-05 8.9812708505e+01 nan 0.0000000000e+00
1.0605811748e-04 6.2319423765e-05 8.8964198340e+01 nan 0.0000000000e+00
1.1806743721e-04 6.3281726590e-05 8.4659321890e+01 nan 0.0000000000e+00
1.2626985418e-04 6.2159762434e-05 8.3940051817e+01 nan 0.0000000000e+00
-1.0308815281e-05 3.1507485030e-05 1.5522369136e+02 nan 0.0000000000e+00
-4.9862003365e-05 1.4254099520e-06 2.2971332342e+02 nan 0.0000000000e+00
-1.7522450424e-05 3.1503061848e-05 1.5535374309e+02 nan 0.0000000000e+00
-2.8084943218e-04 2.7196676828e-05 1.4743032236e+02 nan 0.0000000000e+00
-2.5369952978e-04 4.6077417761e-05 1.1898337877e+02 nan 0.0000000000e+00
-1.0895653521e-04 1.1354658737e-04 4.0344855049e+01 2.8705909197e+01 1.0000000000e+00
-2.6636070320e-04 2.8566862379e-05 1.6322634367e+02 nan 0.0000000000e+00
2.9201642214e-04 1.0369082914e-04 2.9548758595e+01 3.2325756503e+01 1.0000000000e+00
-2.5789599761e-04 2.7334743366e-05 1.7613727449e+02 nan 0.0000000000e+00
-5.7827841481e-05 1.4246219095e-06 2.3025421382e+02 nan 0.0000000000e+00
-6.9405025736e-05 5.8038785852e-05 1.0655271103e+02 nan 0.0000000000e+00
-5.9599246860e-05 5.7970918002e-05 1.0615214298e+02 nan 0.0000000000e+00
-4.9758152282e-05 5.7922174859e-05 1.0572226196e+02 nan 0.0000000000e+00
-1.0183015478e-04 5.3196445055e-05 1.1663286018e+02 nan 0.0000000000e+00
-9.8493662785e-05 4.8025217408e-05 1.2599850847e+02 nan 0.0000000000e+00
8.7349780193e-05 6.6801325278e-05 8.3843973554e+01 nan 0.0000000000e+00
-2.1903190912e-04 2.3244571820e-05 2.0041941681e+02 nan 0.0000000000e+00
-1.9096061368e-04 2.2722281056e-05 1.9703832511e+02 nan 0.0000000000e+00
-2.4214666149e-04 3.1601977941e-05 1.6864803228e+02 nan 0.0000000000e+00
-2.2930374062e-04 2.3554886345e-05 1.9997119885e+02 nan 0.0000000000e+00
-1.4224946914e-04 5.7569495557e-05 1.1029475354e+02 nan 0.0000000000e+00
-2.3289473388e-04 2.7226818696e-05 1.8647918225e+02 nan 0.0000000000e+00
-1.2097083648e-04 5.8797921669e-05 1.0762184505e+02 nan 0.0000000000e+00
-1.1782553706e-04 5.8717569179e-05 1.0765580088e+02 nan 0.0000000000e+00
-1.9709814457e-04 4.5321615674e-05 1.3562195884e+02 nan 0.0000000000e+00
-1.6925652524e-04 4.5915526558e-05 1.3438516892e+02 nan 0.0000000000e+00
1.2577857338e-04 1.1495036334e-04 1.1851801955e+01 2.3448342897e+01 1.0000000000e+00
-1.7376332631e-04 2.4147192618e-05 1.8946698863e+02 nan 0.0000000000e+00
-1.6083311440e-04 4.9209253682e-05 1.2701147293e+02 nan 0.0000000000e+00
-1.7658416564e-04 4.9812108430e-05 1.2582575346e+02 nan 0.0000000000e+00
-1.3011734972e-04 2.8590119493e-05 1.7081064152e+02 nan 0.0000000000e+00
-4.9201085012e-05 2.3718220534e-05 1.7413182284e+02 nan 0.0000000000e+00
-1.0490293335e-04 2.8476176142e-05 1.6789100501e+02 nan 0.0000000000e+00
-9.0423584002e-05 2.8433432450e-05 1.6645102070e+02 nan 0.0000000000e+00
-6.5007703311e-05 2.8386448900e-05 1.6440493466e+02 nan 0.0000000000e+00
-9.7677384808e-05 2.8450413124e-05 1.6715505265e+02 nan 0.0000000000e+00
-6.5793537843e-05 1.4238753931e-06 2.3089466330e+02 nan 0.0000000000e+00
5.9444979949e-06 1.2234781135e-04 2.8673722631e+01 2.9556300941e+01 1.0000000000e+00
1.7788507773e-04 1.0073989888e-04 1.6666028977e+01 nan 0.0000000000e+00
-7.3759066718e-05 1.4231729170e-06 2.3163648360e+02 nan 0.0000000000e+00
1.4991282301e-04 1.1254400308e-04 1.9007255339e+01 1.9656375979e+01 1.0000000000e+00
1.1481136385e-04 7.0688089152e-05 7.3510119074e+01 nan 0.0000000000e+00
9.7990225998e-05 9.2988045227e-05 4.3476140010e+01 nan 0.0000000000e+00
-1.7431058867e-04 1.0067296292e-04 4.5260536070e+01 2.6824259005e+01 1.0000000000e+00
-8.1724399785e-05 1.4225183958e-06 2.3248168556e+02 nan 0.0000000000e+00
1.8569694106e-04 4.5020719066e-05 7.3784009378e+01 nan 0.0000000000e+00
-8.9689506148e-05 1.4219168929e-06 2.3343250684e+02 nan 0.0000000000e+00
-1.9041317889e-04 9.6657947227e-05 4.6456374703e+01 2.6194620467e+01 1.0000000000e+00
-2.0199642877e-04 1.4938215094e-05 2.2312509826e+02 nan 0.0000000000e+00
1.3746153255e-04 8.8425633179e-05 4.3689941490e+01 nan 0.0000000000e+00
2.2685743789e-04 1.1882009708e-04 2.6178875360e+01 3.4671787782e+01 1.0000000000e+00
-9.7654351897e-05 1.4213748961e-06 2.3449146493e+02 nan 0.0000000000e+00
1.3776527369e-04 7.5798921596e-05 5.9760816741e+01 nan 0.0000000000e+00
-2.3493429433e-04 1.5346488789e-05 2.3132462986e+02 nan 0.0000000000e+00
1.6183754426e-04 8.8431113882e-05 3.6213686033e+01 nan 0.0000000000e+00
-1.0561889980e-04 1.4209003462e-06 2.3566141156e+02 nan 0.0000000000e+00
-2.5927166479e-04 1.0974939765e-05 2.5305723693e+02 nan 0.0000000000e+00
1.9329382076e-04 1.1664264852e-04 1.6697593047e+01 3.0154783519e+01 1.0000000000e+00
1.4199572891e-04 7.0361127138e-05 6.4831167878e+01 nan 0.0000000000e+00
1.4593680796e-04 6.2872235582e-05 7.2329677486e+01 nan 0.0000000000e+00
-1.1359411190e-04 1.4241317771e-06 2.3693794173e+02 nan 0.0000000000e+00
2.0035515047e-04 1.1909009222e-04 2.9155927685e+01 3.7351717060e+01 1.0000000000e+00
-2.1925670475e-04 8.8032507460e-05 4.8872255870e+01 2.4858465673e+01 1.0000000000e+00
-2.9017316341e-04 5.8356461528e-05 7.8915020682e+01 1.6866826333e+01 1.0000000000e+00
-2.7335646267e-04 6.3322970518e-06 2.7927748744e+02 nan 0.0000000000e+00
-1.5799985154e-04 1.0451207844e-04 4.3915918213e+01 2.7371437074e+01 1.0000000000e+00
-1.2155780646e-04 1.4238755260e-06 2.3833997677e+02 nan 0.0000000000e+00
-1.2952106242e-04 1.4237220178e-06 2.3986403237e+02 nan 0.0000000000e+00
-2.4258039465e-04 7.9901815502e-05 5.5253857750e+01 2.2955052264e+01 1.0000000000e+00
-1.4146499781e-04 1.4237206420e-06 2.4238938755e+02 nan 0.0000000000e+00
-1.4942689726e-04 1.4239038511e-06 2.4424046487e+02 nan 0.0000000000e+00
-1.7853117950e-04 2.8796769395e-06 2.4854940221e+02 nan 0.0000000000e+00
-2.1504599007e-04 5.2662685608e-05 1.1582077782e+02 nan 0.0000000000e+00
-1.8246862011e-04 2.8761400720e-06 2.4982681570e+02 nan 0.0000000000e+00
-1.5738812548e-04 1.4242631706e-06 2.4623295923e+02 nan 0.0000000000e+00
2.5665556106e-04 1.1738403708e-04 2.9624517980e+01 4.0495800835e+01 1.0000000000e+00
-1.6531333192e-04 1.4109089004e-06 2.4840011853e+02 nan 0.0000000000e+00
-1.8599037613e-04 7.3174116696e-06 2.3933193230e+02 nan 0.0000000000e+00
2.6581497150e-04 1.1454485211e-04 2.9218399707e+01 3.8439278606e+01 1.0000000000e+00
-1.6931208762e-04 1.4150617282e-06 2.4952438496e+02 nan 0.0000000000e+00
-1.9377802112e-04 7.3519467066e-06 2.4195833391e+02 nan 0.0000000000e+00
-2.8426391078e-04 1.5806340646e-06 3.2219777239e+02 nan 0.0000000000e+00
-1.9758254124e-04 7.3411206958e-06 2.4338647007e+02 nan 0.0000000000e+00
-2.0531381303e-04 7.3500195101e-06 2.4635079272e+02 nan 0.0000000000e+00
-2.9435619700e-04 2.3145051852e-05 1.4959815097e+02 nan 0.0000000000e+00
-4.5508647621e-05 2.3720291396e-05 1.7393570803e+02 nan 0.0000000000e+00
-2.9592172411e-04 1.6769080496e-06 3.2590909465e+02 nan 0.0000000000e+00
1.9865966796e-04 1.1486100334e-04 1.5814845590e+01 nan 0.0000000000e+00
-7.9155395528e-05 5.8133177609e-05 1.0690198067e+02 nan 0.0000000000e+00
-2.1304657784e-04 7.3733924100e-06 2.4947838836e+02 nan 0.0000000000e+00
-8.5372981315e-05 5.3020166361e-05 1.1602269941e+02 nan 0.0000000000e+00
-3.0756564198e-04 1.8068009802e-06 3.1703213740e+02 nan 0.0000000000e+00
-2.2083620633e-04 7.4328384128e-06 2.5273172513e+02 nan 0.0000000000e+00
-9.2956519732e-05 4.9671575759e-05 1.2255138984e+02 nan 0.0000000000e+00
-3.1436748763e-04 1.0950790413e-05 1.9839785388e+02 nan 0.0000000000e+00
-3.0982568770e-04 5.8591267905e-06 2.6984773436e+02 nan 0.0000000000e+00
-2.3148827771e-04 5.9363508074e-06 2.6215619539e+02 nan 0.0000000000e+00
-2.4563551820e-04 2.9568135391e-06 2.7838470938e+02 nan 0.0000000000e+00
-1.3724766781e-04 2.8643273985e-05 1.7169084766e+02 nan 0.0000000000e+00
-1.4853088544e-04 2.3946366700e-05 1.8519678233e+02 nan 0.0000000000e+00
-1.3912971747e-04 5.7469868852e-05 1.1042801213e+02 nan 0.0000000000e+00
1.4540101969e-04 1.1318203662e-04 1.6502898576e+01 2.0449915713e+01 1.0000000000e+00
-1.4707170270e-04 5.4140161768e-05 1.1679174120e+02 nan 0.0000000000e+00
-1.7022244765e-04 2.4100436184e-05 1.8889226033e+02 nan 0.0000000000e+00
-1.5449263359e-04 4.9012183439e-05 1.2723672282e+02 nan 0.0000000000e+00
-2.5466182777e-04 6.0876669202e-06 2.7435794761e+02 nan 0.0000000000e+00
-1.8737222465e-04 2.2683888127e-05 1.9637971317e+02 nan 0.0000000000e+00
-2.6228910989e-04 6.1916372668e-06 2.7776556871e+02 nan 0.0000000000e+00
3.3313725630e-04 7.6671421743e-05 3.6201547000e+01 2.0895391566e+01 1.0000000000e+00
-2.6596754493e-04 6.2124059166e-06 2.7904225825e+02 nan 0.0000000000e+00
-2.0914088528e-04 2.4656056095e-05 1.9451918042e+02 nan 0.0000000000e+00
-2.1561907576e-04 2.3149326370e-05 2.0031272888e+02 nan 0.0000000000e+00
3.3691094726e-04 7.3471035349e-05 3.7396090920e+01 1.9937995719e+01 1.0000000000e+00
-2.0617149137e-04 4.5903843434e-05 1.3349607783e+02 nan 0.0000000000e+00
3.3555241664e-04 1.4054320980e-05 3.7604854038e+01 nan 0.0000000000e+00
3.4444892538e-04 6.6914692802e-05 4.0184171118e+01 1.6997636641e+01 1.0000000000e+00
3.5884372134e-04 5.1672007578e-05 4.8274510519e+01 1.1950044177e+01 1.0000000000e+00
-2.5455806582e-04 2.8967389489e-05 1.7208286511e+02 nan 0.0000000000e+00
-2.2074487949e-04 4.9208708424e-05 1.2295542868e+02 nan 0.0000000000e+00
-2.6967340294e-04 2.6999628306e-05 1.6552477925e+02 nan 0.0000000000e+00
-2.4522581245e-04 4.8800622335e-05 1.1615900286e+02 nan 0.0000000000e+00
-2.4231856555e-04 5.0444984474e-05 1.1326959087e+02 nan 0.0000000000e+00
3.8304382873e-04 1.8810817357e-05 8.4694241301e+01 2.6912293418e+00 1.0000000000e+00
-3.7304496194e-04 1.9134583147e-05 2.1651912748e+02 9.3322613092e+00 1.0000000000e+00
-3.0088677783e-04 2.8213062722e-05 1.1993279049e+02 nan 0.0000000000e+00
-3.1477748155e-04 2.7024316322e-05 9.9979329462e+01 nan 0.0000000000e+00
-3.2592975047e-04 1.5908467706e-05 1.4108843883e+02 nan 0.0000000000e+00
-3.1679471396e-04 2.4004327816e-05 1.1025672144e+02 nan 0.0000000000e+00
-3.1878917216e-04 2.1019974469e-05 1.2463163379e+02 nan 0.0000000000e+00
-2.7826175500e-04 4.1459837964e-05 1.0913058080e+02 nan 0.0000000000e+00
-3.1771306144e-04 1.1388972308e-05 1.8565765570e+02 nan 0.0000000000e+00
-3.2060287766e-04 6.4991373313e-06 2.3196110576e+02 nan 0.0000000000e+00
-2.9394828632e-04 4.0938273198e-05 9.2566632289e+01 nan 0.0000000000e+00
-2.9878594429e-04 3.7168781950e-05 9.4428663976e+01 nan 0.0000000000e+00
-3.1545773062e-04 4.0494191167e-05 8.8575109555e+01 nan 0.0000000000e+00
-3.0875010125e-04 4.4620011888e-05 8.6637279630e+01 nan 0.0000000000e+00
-3.1142337973e-04 1.8648839611e-06 3.1177962976e+02 nan 0.0000000000e+00
-2.9980562611e-04 1.7123642006e-06 3.2422395157e+02 nan 0.0000000000e+00
-2.8814268937e-04 1.6123019531e-06 3.2515997443e+02 nan 0.0000000000e+00
6.2841470517e-05 1.1869654481e-04 1.9569055823e+01 2.8287430594e+01 1.0000000000e+00
2.7935641134e-04 6.8434495379e-06 1.0483250172e+02 nan 0.0000000000e+00
1.0604512933e-04 1.1733142819e-04 1.0934645993e+01 2.5424904932e+01 1.0000000000e+00
2.2044768650e-04 1.1807177212e-04 2.7006583716e+01 nan 0.0000000000e+00
2.8319495207e-04 7.1340090121e-06 9.6525265161e+01 nan 0.0000000000e+00
-1.1433633087e-04 1.1275074974e-04 4.0709816843e+01 2.8623932409e+01 1.0000000000e+00
-1.3095747941e-04 1.0991566796e-04 4.1926864606e+01 2.8165237527e+01 1.0000000000e+00
3.1277988194e-04 9.1425579850e-05 3.1750673128e+01 2.7253341056e+01 1.0000000000e+00
3.6585840951e-04 4.3234016012e-05 5.4230809243e+01 8.9381320574e+00 1.0000000000e+00
-5.0896131862e-05 1.1777623387e-04 3.7172517721e+01 nan 0.0000000000e+00
-2.5350148536e-04 2.9953750365e-06 2.8373972024e+02 nan 0.0000000000e+00
-7.3359428091e-05 1.1806629325e-04 3.7567134175e+01 2.9301938015e+01 1.0000000000e+00
1.1455336785e-04 1.1445191444e-04 1.4462613236e+01 2.4509708529e+01 1.0000000000e+00
1.4634866600e-04 2.9610419153e-06 2.3700585656e+02 nan 0.0000000000e+00
1.7388714291e-04 3.0262273220e-06 2.4476225839e+02 nan 0.0000000000e+00
2.0119768168e-04 3.0762998967e-06 2.7431349622e+02 nan 0.0000000000e+00
2.9564623608e-04 2.4703130971e-06 1.0599165990e+02 nan 0.0000000000e+00
3.1179934679e-04 2.7854021719e-06 8.1981151576e+01 nan 0.0000000000e+00
3.5579313354e-04 7.9684330951e-06 4.3217924981e+01 nan 0.0000000000e+00
3.4398404638e-04 7.2931866184e-06 3.9779845300e+01 nan 0.0000000000e+00
3.6388881092e-04 4.0630232662e-06 4.2880239935e+01 nan 0.0000000000e+00
2.6425212593e-04 1.0887750598e-04 2.7302433009e+01 nan 0.0000000000e+00
3.7558118369e-04 4.2818445953e-06 5.1452607221e+01 nan 0.0000000000e+00
2.8733617204e-04 1.0599907330e-04 2.9310189823e+01 3.3157316452e+01 1.0000000000e+00
1.7021136709e-04 1.0941747296e-04 2.9712139257e+01 nan 0.0000000000e+00
3.2755203075e-04 3.1267877987e-06 7.0965701777e+01 nan 0.0000000000e+00
-2.1277060963e-05 1.2184230067e-04 3.2288519856e+01 2.9669512194e+01 1.0000000000e+00
-2.4973946709e-04 7.4821276856e-05 6.1081353628e+01 2.2276214472e+01 1.0000000000e+00
-3.4312456412e-04 4.0680521402e-05 1.2605328218e+02 1.8275450180e+01 1.0000000000e+00
1.6883680283e-05 1.2249067299e-04 2.6845816324e+01 2.9420725051e+01 1.0000000000e+00
-7.0597962321e-05 1.1827683873e-04 3.7384480917e+01 2.9352268505e+01 1.0000000000e+00
3.3758537440e-04 6.9234932962e-05 3.8318635978e+01 nan 0.0000000000e+00
4.8974706508e-05 1.2163920425e-04 2.0769654211e+01 2.8715768679e+01 1.0000000000e+00
3.9019352434e-04 8.4252344869e-06 1.1382662783e+02 8.5137144610e-01 1.0000000000e+00
-3.8633403345e-04 8.4082930176e-06 3.0870219883e+02 4.0464285998e+00 1.0000000000e+00
-1.8687926058e-04 9.5406858604e-05 4.8755711280e+01 2.6359827835e+01 1.0000000000e+00
-3.2943858238e-04 4.5907960610e-05 9.6346085600e+01 2.2522537617e+01 1.0000000000e+00
1.8657213310e-04 1.1341505805e-04 3.9418757173e+01 9.5310955151e+00 1.0000000000e+00
1.9042419284e-04 1.1268513217e-04 7.2550944660e+00 nan 0.0000000000e+00
3.3018666076e-04 7.5323874772e-05 3.5947564128e+01 nan 0.0000000000e+00
-1.6541766778e-04 1.0073992550e-04 4.6741173310e+01 2.7107356899e+01 1.0000000000e+00
-2.0643525557e-04 9.2144324025e-05 4.7772501532e+01 2.5468008070e+01 1.0000000000e+00
2.8391607572e-04 1.0451883104e-04 2.9032378903e+01 nan 0.0000000000e+00
2.6293474165e-04 1.1246191551e-04 2.8370466352e+01 nan 0.0000000000e+00
2.5859932132e-04 1.1406436918e-04 2.8347246325e+01 nan 0.0000000000e+00
1.6608204218e-04 1.0944452380e-04 2.7562150023e+01 nan 0.0000000000e+00
3.4152117091e-04 6.6029031004e-05 3.9768106658e+01 nan 0.0000000000e+00
3.8310713875e-04 1.4928654134e-05 8.5187805924e+01 nan 0.0000000000e+00
-2.9216219571e-05 1.2143002707e-04 3.3261889309e+01 2.9655796755e+01 1.0000000000e+00
-1.8238702911e-04 9.6585340708e-05 4.8318712089e+01 2.6520468672e+01 1.0000000000e+00
-3.6156763878e-04 2.8873324297e-05 1.7327143803e+02 1.3372463292e+01 1.0000000000e+00
3.0201695293e-05 1.2250542111e-04 2.4367246653e+01 2.9220957290e+01 1.0000000000e+00
2.6312210377e-05 1.1816321097e-04 2.8183260665e+01 nan 0.0000000000e+00
2.0969216444e-04 1.1780985594e-04 2.7711399287e+01 nan 0.0000000000e+00
2.3067705683e-04 1.1762448594e-04 2.4472650164e+01 nan 0.0000000000e+00
-1.1748832340e-04 1.1006557250e-04 4.2847943632e+01 2.8539221315e+01 1.0000000000e+00
2.1915264532e-04 1.2082193659e-04 2.8554458389e+01 3.5549300282e+01 1.0000000000e+00
3.5938950600e-04 4.7575353444e-05 4.9898923119e+01 nan 0.0000000000e+00
2.4132948816e-04 1.1738899966e-04 2.4629745173e+01 nan 0.0000000000e+00
-2.1522686359e-04 8.7596277293e-05 5.1038732053e+01 2.4858465673e+01 1.0000000000e+00
1.6238815348e-04 1.0976560430e-04 2.5665438426e+01 nan 0.0000000000e+00
-3.1041240138e-04 5.2591201782e-05 8.9996190035e+01 1.6784522360e+01 1.0000000000e+00
2.7887361073e-04 1.1037768891e-04 2.9121946935e+01 3.4850968548e+01 1.0000000000e+00
1.5824324867e-04 1.1034420227e-04 2.3407240586e+01 1.7866787300e+01 1.0000000000e+00
-2.2624371225e-04 8.3804821784e-05 5.3039988193e+01 2.4411662892e+01 1.0000000000e+00
3.6827606724e-04 3.5867265051e-05 5.8780320962e+01 nan 0.0000000000e+00
-1.2680262516e-04 1.0903792376e-04 4.3092091627e+01 2.8263642840e+01 1.0000000000e+00
-3.7635994613e-04 1.4619096498e-05 2.1664385630e+02 7.2246353464e+00 1.0000000000e+00
-2.3297256846e-04 8.3686096553e-05 5.1310926065e+01 2.3858656546e+01 1.0000000000e+00
-5.9228891818e-05 1.1748594064e-04 3.7712735624e+01 2.9481218750e+01 1.0000000000e+00
-3.3446656364e-04 4.3807645221e-05 1.0590836988e+02 2.0327629444e+01 1.0000000000e+00
3.4530272093e-04 6.2857231574e-05 4.1322177608e+01 nan 0.0000000000e+00
-2.5426182369e-04 7.3982104873e-05 6.1120067621e+01 2.1908911236e+01 1.0000000000e+00
2.5447213406e-04 1.1559488124e-04 2.8342287947e+01 nan 0.0000000000e+00
3.9381246223e-04 3.8996812304e-06 1.3665829777e+02 1.3976552649e-01 1.0000000000e+00
-3.9183492594e-04 4.0110048268e-06 3.4228939427e+02 3.0680229808e+00 1.0000000000e+00
2.9811482048e-05 1.1688549297e-04 2.8499298623e+01 nan 0.0000000000e+00
3.7688215404e-04 2.4373031317e-05 7.1546131817e+01 nan 0.0000000000e+00
2.1378211007e-04 1.2073811591e-04 2.9258634685e+01 3.6110844911e+01 1.0000000000e+00
-2.3859513764e-04 7.9898804209e-05 5.6006176844e+01 2.3268687093e+01 1.0000000000e+00
2.7488256193e-04 1.1243845558e-04 2.9161884146e+01 3.6594706067e+01 1.0000000000e+00
-1.4190652302e-04 1.0843121721e-04 4.2170225235e+01 2.7957801674e+01 1.0000000000e+00
-6.1900011662e-05 1.1758427226e-04 3.7720974571e+01 2.9441844687e+01 1.0000000000e+00
-8.9885606353e-05 1.1676980034e-04 3.8443670693e+01 2.9068582369e+01 1.0000000000e+00
3.6295144320e-04 4.3898516713e-05 5.2711430769e+01 nan 0.0000000000e+00
9.4330228378e-05 1.1717615989e-04 1.2785214034e+01 2.6478807161e+01 1.0000000000e+00
2.0612142936e-04 1.1809093356e-04 2.7882217589e+01 nan 0.0000000000e+00
2.3723592482e-04 1.1802641512e-04 2.3809856311e+01 nan 0.0000000000e+00
2.2597702767e-04 1.2138600993e-04 2.8368180390e+01 3.4671787782e+01 1.0000000000e+00
3.4887062891e-04 5.9821351925e-05 4.2944476478e+01 nan 0.0000000000e+00
-1.0213958479e-04 1.1321813669e-04 4.0929555957e+01 2.8860648923e+01 1.0000000000e+00
