x_m y_m sigma_comp_mag_Pa
3.9437953988e-04 1.1236644771e-05 9.7917495966e+00
3.9234403943e-04 1.6324174707e-05 1.0204508939e+01
3.9033802593e-04 2.1238074900e-05 1.0524794075e+01
3.8830672114e-04 2.6012585824e-05 1.0756876989e+01
3.8622363884e-04 3.0665722159e-05 1.0942479319e+01
3.8407495221e-04 3.5209452994e-05 1.1108554024e+01
3.8185429210e-04 3.9649145867e-05 1.1251702154e+01
3.7955760086e-04 4.3990675247e-05 1.1369303549e+01
3.7718357537e-04 4.8237316124e-05 1.1472459406e+01
3.7473197741e-04 5.2391869627e-05 1.1560869607e+01
3.7220348282e-04 5.6456469855e-05 1.1637076260e+01
3.6959919671e-04 6.0432862914e-05 1.1702698940e+01
3.6692046132e-04 6.4322627876e-05 1.1759515519e+01
3.6416881876e-04 6.8127188821e-05 1.1809032441e+01
3.6134596570e-04 7.1847909155e-05 1.1852491645e+01
3.5845366940e-04 7.5485907784e-05 1.1891912045e+01
3.5549369775e-04 7.9042263520e-05 1.1927642317e+01
3.5246790020e-04 8.2518048493e-05 1.1960751488e+01
3.4937813198e-04 8.5914242634e-05 1.1992436986e+01
3.4622622802e-04 8.9231757356e-05 1.2022465530e+01
3.4301395603e-04 9.2471537051e-05 1.2051077623e+01
3.3974322431e-04 9.5634315970e-05 1.2080360412e+01
3.3641574297e-04 9.8721001732e-05 1.2109195198e+01
3.3303325381e-04 1.0173237861e-04 1.2137643548e+01
3.2959751492e-04 1.0466913529e-04 1.2166650322e+01
3.2611017113e-04 1.0753202386e-04 1.2196116179e+01
3.2257284218e-04 1.1032173219e-04 1.2226293350e+01
3.1898709867e-04 1.1303893046e-04 1.2256891119e+01
3.1535449479e-04 1.1568424478e-04 1.2288293034e+01
3.1167649480e-04 1.1825828572e-04 1.2320415272e+01
3.0795453860e-04 1.2076162080e-04 1.2352936228e+01
3.0418995389e-04 1.2319476246e-04 1.2387679831e+01
3.0038408225e-04 1.2555819645e-04 1.2422743172e+01
2.9653821179e-04 1.2785243235e-04 1.2457406996e+01
2.9265349230e-04 1.3007786254e-04 1.2493163410e+01
2.8873105440e-04 1.3223482774e-04 1.2530050610e+01
2.8477202258e-04 1.3432365257e-04 1.2565857274e+01
2.8077732839e-04 1.3634452884e-04 1.2602421484e+01
2.7674792294e-04 1.3829757206e-04 1.2640111205e+01
2.7268465704e-04 1.4018289728e-04 1.2678777523e+01
2.6858838474e-04 1.4200048898e-04 1.2714716122e+01
2.6445975716e-04 1.4375016566e-04 1.2750216837e+01
2.6029930972e-04 1.4543161072e-04 1.2788539698e+01
2.5610757164e-04 1.4704436059e-04 1.2826039051e+01
2.5188513427e-04 1.4858773242e-04 1.2859274382e+01
2.4763205251e-04 1.5006082967e-04 1.2894860815e+01
2.4334860912e-04 1.5146240537e-04 1.2927544284e+01
2.3903470340e-04 1.5279084738e-04 1.2957681126e+01
2.3469001210e-04 1.5404384606e-04 1.2986529556e+01
2.3031387284e-04 1.5521846804e-04 1.3014235693e+01
2.2146222294e-04 1.5731450943e-04 1.3038517572e+01
2.1698106745e-04 1.5822097858e-04 1.3141893851e+01
2.1245276279e-04 1.5901198926e-04 1.2377926717e+01
2.0340255620e-04 1.6002271734e-04 1.7524333156e+01
1.9907383718e-04 1.6028654025e-04 1.7776509823e+01
8.8934922889e-05 1.6040923035e-04 1.8366038260e+01
8.1292358995e-05 1.5944132807e-04 1.8403396809e+01
7.7473445551e-05 1.5885844998e-04 1.8439310226e+01
6.9852078085e-05 1.5747023308e-04 1.8512720433e+01
6.6054758832e-05 1.5664993672e-04 1.8553847527e+01
5.8510348926e-05 1.5470411781e-04 1.8660340541e+01
5.4779554979e-05 1.5354827483e-04 1.8719053795e+01
5.1094000142e-05 1.5224130622e-04 1.8874158238e+01
4.7481406389e-05 1.5075090751e-04 1.9174249079e+01
4.3982533373e-05 1.4903275386e-04 1.8171536193e+01
4.0669089680e-05 1.4699082582e-04 2.6294561311e+01
3.7926600460e-05 1.4442598663e-04 -1.1826627259e+00
3.5298407818e-05 1.4081278044e-04 1.3817657204e+02
3.1657834428e-05 1.3911150900e-04 9.8197409133e+01
2.9673589729e-05 1.3840601426e-04 9.2411844504e+01
2.7631009610e-05 1.3777106026e-04 8.7371437986e+01
2.5542884433e-05 1.3719431545e-04 8.3304889125e+01
2.3417094102e-05 1.3666580768e-04 7.9657061295e+01
2.1259486164e-05 1.3617789359e-04 7.6410511583e+01
1.9074099577e-05 1.3572476122e-04 7.3405440166e+01
1.6863808739e-05 1.3530160830e-04 7.0583127947e+01
1.4630785238e-05 1.3490442671e-04 6.7889161523e+01
1.2376671575e-05 1.3452981104e-04 6.5305227024e+01
1.0102519379e-05 1.3417484580e-04 6.2822706744e+01
7.8093708107e-06 1.3383697805e-04 6.0351329908e+01
3.1682437764e-06 1.3320249190e-04 5.5550559726e+01
8.2067362687e-07 1.3290149585e-04 5.3134048796e+01
-3.9287489162e-06 1.3231752131e-04 4.9169549940e+01
-6.3217762168e-06 1.3203305116e-04 5.0203495561e+01
-1.1094385880e-05 1.3151884509e-04 5.0389810070e+01
-1.3486785208e-05 1.3127987272e-04 4.8804346818e+01
-1.5887963834e-05 1.3104638077e-04 4.7320347325e+01
-1.8298086765e-05 1.3081683045e-04 4.5846236115e+01
-2.3145433552e-05 1.3036536547e-04 4.2991586491e+01
-2.5582527849e-05 1.3014176853e-04 4.1610926090e+01
-3.0482906177e-05 1.2969539701e-04 3.8977394424e+01
-3.2945704900e-05 1.2947144736e-04 3.7741781800e+01
-3.5416516916e-05 1.2924628050e-04 3.6562070315e+01
-3.7895204396e-05 1.2901938036e-04 3.5421813747e+01
-4.2875693770e-05 1.2855842024e-04 3.3530902673e+01
-4.5377130003e-05 1.2832353538e-04 3.3117976824e+01
-4.7885775303e-05 1.2808519569e-04 3.2956201362e+01
-5.0401424887e-05 1.2784303763e-04 3.2870217674e+01
-5.5452945372e-05 1.2734591652e-04 3.2789614910e+01
-5.7988414774e-05 1.2709033131e-04 3.2775730298e+01
-6.0530101434e-05 1.2682967641e-04 3.2766380486e+01
-6.3077803640e-05 1.2656366322e-04 3.2755789718e+01
-6.5631289384e-05 1.2629203697e-04 3.2760865278e+01
-6.8190420093e-05 1.2601453848e-04 3.2774873660e+01
-7.0754968207e-05 1.2573093572e-04 3.2783492247e+01
-7.3324744324e-05 1.2544100395e-04 3.2796627590e+01
-7.5899557332e-05 1.2514452103e-04 3.2812515107e+01
-7.8479214250e-05 1.2484127206e-04 3.2832571588e+01
-8.1063551306e-05 1.2453105562e-04 3.2847061485e+01
-8.3652315459e-05 1.2421369327e-04 3.2867095406e+01
-8.6245383069e-05 1.2388898479e-04 3.2893757868e+01
-8.8842545081e-05 1.2355676069e-04 3.2919239535e+01
-9.1443619061e-05 1.2321684706e-04 3.2946238822e+01
-9.4048424898e-05 1.2286907591e-04 3.2973825544e+01
-9.6656779244e-05 1.2251328822e-04 3.3003180493e+01
-9.9268491949e-05 1.2214933944e-04 3.3037340261e+01
-1.0188342196e-04 1.2177707619e-04 3.3069601790e+01
-1.0450133940e-04 1.2139635829e-04 3.3105400698e+01
-1.0712212851e-04 1.2100703771e-04 3.3140581709e+01
-1.0974555700e-04 1.2060899019e-04 3.3177221351e+01
-1.1237149493e-04 1.2020208083e-04 3.3216548281e+01
-1.1499975977e-04 1.1978618778e-04 3.3255781790e+01
-1.1763017328e-04 1.1936118639e-04 3.3297062183e+01
-1.2026257676e-04 1.1892694995e-04 3.3340393280e+01
-1.2289679517e-04 1.1848336668e-04 3.3384767774e+01
-1.2553267208e-04 1.1803032535e-04 3.3430284888e+01
-1.2817003966e-04 1.1756771629e-04 3.3477335819e+01
-1.3080873178e-04 1.1709543522e-04 3.3525121513e+01
-1.3344857360e-04 1.1661337139e-04 3.3574880247e+01
-1.3608944367e-04 1.1612140562e-04 3.3625322552e+01
-1.3873113297e-04 1.1561946106e-04 3.3676609829e+01
-1.4137351951e-04 1.1510743495e-04 3.3729123598e+01
-1.4401641904e-04 1.1458522499e-04 3.3783910316e+01
-1.4665969030e-04 1.1405272961e-04 3.3839110196e+01
-1.4930317500e-04 1.1350985857e-04 3.3895003354e+01
-1.5194668806e-04 1.1295652894e-04 3.3953105735e+01
-1.5459012599e-04 1.1239263573e-04 3.4013097118e+01
-1.5723331134e-04 1.1181809662e-04 3.4072759380e+01
-1.5987606159e-04 1.1123282290e-04 3.4133826393e+01
-1.6251826175e-04 1.1063671875e-04 3.4196429913e+01
-1.6515974127e-04 1.1002971281e-04 3.4259719344e+01
-1.6780034788e-04 1.0941171470e-04 3.4324796687e+01
-1.7043993488e-04 1.0878263458e-04 3.4390676790e+01
-1.7307834489e-04 1.0814238837e-04 3.4457434793e+01
-1.7571543325e-04 1.0749089562e-04 3.4525470022e+01
-1.7835102325e-04 1.0682809014e-04 3.4594719281e+01
-1.8098501069e-04 1.0615387457e-04 3.4664618166e+01
-1.8361720948e-04 1.0546816475e-04 3.4736779825e+01
-1.8624747746e-04 1.0477088875e-04 3.4809228738e+01
-1.8887568304e-04 1.0406196634e-04 3.4882311745e+01
-1.9150166804e-04 1.0334133095e-04 3.4956565680e+01
-1.9412529837e-04 1.0260890249e-04 3.5030694089e+01
-1.9674641498e-04 1.0186460556e-04 3.5105881045e+01
-1.9936482664e-04 1.0110838338e-04 3.5181277431e+01
-2.0198043775e-04 1.0034014937e-04 3.5257487141e+01
-2.0459305709e-04 9.9559862967e-05 3.5334181667e+01
-2.0720253038e-04 9.8767455561e-05 3.5410415900e+01
-2.0980871425e-04 9.7962858678e-05 3.5487209977e+01
-2.1241140849e-04 9.7146021486e-05 3.5563490199e+01
-2.1501052894e-04 9.6316891893e-05 3.5639687289e+01
-2.1760582883e-04 9.5475444730e-05 3.5714239085e+01
-2.2019719568e-04 9.4621611600e-05 3.5788493789e+01
-2.2278443487e-04 9.3755366657e-05 3.5861072982e+01
-2.2536735223e-04 9.2876691033e-05 3.5932111870e+01
-2.2794577213e-04 9.1985582395e-05 3.6000065953e+01
-2.3051948312e-04 9.1082023930e-05 3.6064230355e+01
-2.3308824346e-04 9.0166021094e-05 3.6123408194e+01
-2.3565178932e-04 8.9237601804e-05 3.6177721647e+01
-2.3820968181e-04 8.8296865668e-05 3.6223126811e+01
-2.4076143256e-04 8.7343794709e-05 3.6273496970e+01
-2.4330612834e-04 8.6378463909e-05 3.6361615171e+01
-2.4584316033e-04 8.5400782603e-05 3.6520080503e+01
-2.4837223366e-04 8.4410819450e-05 3.6742865106e+01
-2.5089395168e-04 8.3408169924e-05 3.7034324636e+01
-2.5340928406e-04 8.2392838558e-05 3.7333467734e+01
-2.5591946285e-04 8.1364718475e-05 3.7603464661e+01
-2.5842575854e-04 8.0323552608e-05 3.7796157329e+01
-2.6092914703e-04 7.9269117659e-05 3.7909197175e+01
-2.6342920201e-04 7.8201680603e-05 3.7987931043e+01
-2.6592546252e-04 7.7121722857e-05 3.8056633223e+01
-2.6841755763e-04 7.6029720302e-05 3.8121812589e+01
-2.7090524111e-04 7.4926163275e-05 3.8186709525e+01
-2.7338849329e-04 7.3811556522e-05 3.8246251905e+01
-2.7586739534e-04 7.2686429530e-05 3.8311618254e+01
-2.7834203353e-04 7.1551450112e-05 3.8367122107e+01
-2.8081287747e-04 7.0407310845e-05 3.8419221140e+01
-2.8328016778e-04 6.9255025543e-05 3.8458969127e+01
-2.8574451690e-04 6.8095656344e-05 3.8493561500e+01
-2.8820661381e-04 6.6930476033e-05 3.8516801114e+01
-2.9066737519e-04 6.5761061110e-05 3.8520854923e+01
-2.9312795499e-04 6.4589327016e-05 3.8505691392e+01
-2.9558985630e-04 6.3417581694e-05 3.8458496112e+01
-2.9805483900e-04 6.2248654823e-05 3.8379758838e+01
-3.0052514232e-04 6.1086242582e-05 3.8262306303e+01
-3.0300410646e-04 5.9934834827e-05 3.8043176802e+01
-3.0549490142e-04 5.8800443107e-05 3.7792654504e+01
-3.0800271133e-04 5.7691194726e-05 3.7432904414e+01
-3.1053387453e-04 5.6618597053e-05 3.6783810214e+01
-3.1309765132e-04 5.5600011208e-05 3.6282424812e+01
-3.1839011531e-04 5.3903271386e-05 2.8304160636e+01
-3.2148040048e-04 5.3208146819e-05 2.2110940992e+01
-3.2496250682e-04 5.2492939455e-05 1.8747862528e+01
-3.2953994579e-04 5.1383388728e-05 1.5546030374e+01
-3.3508916093e-04 4.9261286680e-05 1.0831528435e+01
-3.4061296450e-04 4.6474558661e-05 1.1833746837e+01
-3.4609114061e-04 4.3307645680e-05 1.1410808267e+01
-3.5156108228e-04 3.9827329726e-05 1.1139623185e+01
-3.5704814207e-04 3.6055131115e-05 1.0776946973e+01
-3.6257726635e-04 3.1990334370e-05 1.0364111681e+01
-3.6816594794e-04 2.7620315047e-05 9.9458916238e+00
-3.7384171666e-04 2.2916360298e-05 9.4717726497e+00
-3.7964221805e-04 1.7837211446e-05 8.9278399789e+00
-3.8562966208e-04 1.2338760371e-05 8.6052969709e+00
-3.9202494021e-04 6.3907204705e-06 8.1680189472e+00
-3.9600000000e-04 3.0463089129e-20 -6.3306863575e-01
-1.1608924361e-04 1.1749484251e-04 3.3206593990e+01
9.5247399445e-05 1.5803715309e-04 1.8732243296e+01
-1.7946465627e-04 1.0453640752e-04 3.4667114020e+01
1.5514492284e-04 1.5903522493e-04 1.8068110003e+01
1.8517544709e-04 1.5796954409e-04 1.7338880981e+01
2.5659334480e-04 2.5254772730e-06 2.2120694868e+01
2.4891459717e-04 1.4617358908e-04 1.3094054344e+01
-2.5667770410e-04 7.8716891020e-05 3.7417691791e+01
2.8046057503e-04 3.0651242658e-06 1.9258787920e+01
-2.7411248477e-04 7.0944020992e-05 3.7700304718e+01
3.2565485667e-04 1.0354509144e-04 1.2379493538e+01
-2.8876319206e-04 6.4281970518e-05 3.7380256045e+01
3.2443777504e-04 3.3703604919e-06 1.7170036838e+01
3.4534328871e-04 8.4932263995e-05 1.2217210259e+01
3.4493707305e-04 3.6224916733e-06 1.5817507422e+01
7.1757820358e-06 1.3152932199e-04 5.5346746731e+01
1.0990789377e-04 1.5915073918e-04 1.8642704849e+01
-1.4760963456e-04 1.1181915554e-04 3.3861117868e+01
1.3992537921e-04 1.5956508374e-04 1.8319523221e+01
-3.5822910681e-04 3.1350912523e-06 2.1197144146e+01
3.7090466676e-04 5.2602651394e-05 1.1789583783e+01
-3.5364091991e-04 3.5612359546e-05 1.1442924595e+01
2.6863718073e-04 2.7596537114e-06 2.2176602334e+01
2.4460694344e-04 2.3241397688e-06 2.1837903342e+01
-3.7016497446e-04 3.6323111793e-06 1.6625149813e+01
3.7258942732e-04 4.1480000224e-06 7.3077498393e+00
2.3202749707e-04 1.5104282335e-04 1.3281460280e+01
3.1516945808e-04 1.1216954122e-04 1.2448325092e+01
-3.6956891493e-04 2.3871002203e-05 1.0172306075e+01
3.8440484369e-04 4.3127883371e-06 3.9886793038e+00
-3.5048557602e-04 2.7015632061e-06 2.1236390886e+01
3.5284141545e-04 3.9071491785e-06 1.3378441822e+01
2.3662537119e-04 2.2040351420e-06 2.1646393012e+01
-5.1238585299e-05 1.2574047730e-04 3.2364536430e+01
1.1620724168e-05 1.3198400012e-04 5.8664433856e+01
-1.0802253355e-04 1.1869525831e-04 3.3059925428e+01
1.0270182348e-04 1.5893296984e-04 1.8657137204e+01
-1.5346163873e-04 1.1078915447e-04 3.3995958533e+01
1.4763604432e-04 1.5976016578e-04 1.8190407581e+01
1.7762702999e-04 1.5818784551e-04 1.7069263163e+01
1.9286906059e-04 1.5777324717e-04 1.7517130349e+01
-2.0553556559e-04 9.7303972729e-05 3.5411948745e+01
2.6905685528e-04 1.3881159062e-04 1.2868207721e+01
3.5179803143e-04 7.8105754013e-05 1.2140590961e+01
3.7605358642e-04 4.4593342001e-05 1.1589467868e+01
-3.8174893481e-04 1.3231922883e-05 8.8360538091e+00
-3.8940524479e-04 4.2677945880e-06 8.4729911281e-01
3.9215688558e-04 4.1659804176e-06 2.4101688579e+00
-3.8577216331e-04 4.2379604147e-06 3.1678020306e+00
-3.7604630010e-04 7.9890923694e-06 1.1319522786e+01
-3.7004365898e-04 1.1582636366e-05 1.2659122816e+01
-3.6407853242e-04 1.4898805122e-05 1.3372278811e+01
-3.5816191417e-04 1.7963761224e-05 1.4033734550e+01
-3.4646241561e-04 2.3438766341e-05 1.6368827740e+01
-3.3836266226e-04 2.9450026341e-05 1.7172971852e+01
-3.3750439929e-04 2.4659741792e-05 1.7050073569e+01
-3.2028877292e-04 2.9223287057e-05 1.7435632620e+01
-3.1362058665e-04 2.9694910739e-05 1.7423967406e+01
-3.0732096712e-04 3.0196743558e-05 1.7364302006e+01
-3.0128230540e-04 3.0766213566e-05 1.7309723868e+01
-2.9544581838e-04 3.1410263967e-05 1.7254137130e+01
-2.8725248982e-04 3.1401325613e-05 1.7103877495e+01
-2.7632475451e-04 3.1169593549e-05 2.5088244191e+01
-2.5593292838e-04 3.6531822037e-05 3.4387775158e+01
-2.4429181772e-04 3.7293351401e-05 3.7060315919e+01
-2.3828654371e-04 3.6787204534e-05 3.8173042176e+01
-2.2936081487e-04 3.8063672881e-05 3.9394980711e+01
-2.2314003514e-04 3.7692350651e-05 4.0212404860e+01
-2.1681658288e-04 3.7372824572e-05 4.0952681156e+01
-1.7186963533e-04 4.4746299421e-05 4.2697346115e+01
-1.6533118656e-04 4.4576410352e-05 4.3023722830e+01
-1.5874859458e-04 4.4424178116e-05 4.3332132500e+01
-1.5212622288e-04 4.4287649274e-05 4.3623535328e+01
-1.4212664363e-04 4.4109031738e-05 4.4029294256e+01
-1.3542320961e-04 4.4006211255e-05 4.4277926327e+01
-5.0601125080e-05 5.0519318605e-05 4.2851652740e+01
-4.3932878971e-05 5.0610294275e-05 4.2286645944e+01
-3.7277765715e-05 5.0728605574e-05 4.1552177673e+01
-3.0640387023e-05 5.0876737013e-05 4.0623673455e+01
-2.5401801870e-05 4.9272937504e-05 3.9968410079e+01
-1.8764469183e-05 4.9470397571e-05 3.8624943803e+01
-1.2161406891e-05 4.9702064881e-05 3.7029859091e+01
-5.6002875844e-06 4.9969276018e-05 3.5171424831e+01
9.1076026185e-07 5.0272892387e-05 3.3049060914e+01
7.3630009481e-06 5.0612503450e-05 3.0679531906e+01
1.3746693400e-05 5.0988096830e-05 2.8102376605e+01
2.0052262961e-05 5.1396429666e-05 2.5369596840e+01
5.9088486480e-05 5.7371406022e-05 2.2157490886e+01
6.2405789754e-05 5.7834783437e-05 2.2191480154e+01
7.1676424327e-05 5.6936273374e-05 2.2315084567e+01
7.5100638330e-05 5.7448116681e-05 2.2358219008e+01
8.2031006999e-05 5.8531274509e-05 2.2448985100e+01
9.7067950908e-05 6.3578218619e-05 2.2644257054e+01
1.0069049896e-04 6.4263336689e-05 2.2691306755e+01
1.0802233339e-04 6.5693767088e-05 2.2779436195e+01
4.3727268024e-05 5.7526182704e-05 2.2025980861e+01
1.1461654158e-04 6.4385558016e-05 2.2840599937e+01
8.3700152596e-05 6.3586475494e-05 2.2452449840e+01
1.3430103505e-04 7.1276325907e-05 2.0515037872e+01
1.4102918892e-04 6.9944648183e-05 1.9745993937e+01
1.4854103629e-04 7.1641950136e-05 1.8728459063e+01
1.2008479149e-04 7.0889726029e-05 2.2715532006e+01
1.6041738913e-04 7.7419274067e-05 1.7077827356e+01
1.5905210909e-04 7.1094665088e-05 1.7715721371e+01
4.4333318683e-05 5.1427013625e-05 2.2084907060e+01
1.6717185048e-04 7.5978646500e-05 1.7161894542e+01
1.7460463690e-04 7.7742613827e-05 1.7258541916e+01
1.7833946408e-04 7.8645097214e-05 1.7273928571e+01
1.8523440995e-04 7.7141866182e-05 1.7269244756e+01
1.9155812330e-04 7.2270164341e-05 1.7255419611e+01
1.9983519597e-04 7.7424589066e-05 1.7218459565e+01
2.0368659374e-04 7.8361388826e-05 1.7190283341e+01
2.1079820052e-04 7.6754448757e-05 1.7153610021e+01
2.1729250783e-04 7.1595733560e-05 1.7150182546e+01
2.2448987372e-04 6.9869469901e-05 1.7115143684e+01
2.2845541075e-04 7.0758564124e-05 1.7071695875e+01
2.3645921555e-04 7.2588791069e-05 1.6949043760e+01
2.3501087686e-04 6.5424180765e-05 1.7076297913e+01
2.4380384934e-04 7.0796344251e-05 1.7096380168e+01
2.4788027030e-04 7.1731758763e-05 1.6315560791e+01
1.7211652886e-04 8.3413310947e-05 1.7286717813e+01
-1.9147962222e-04 3.8235761073e-05 4.2902367527e+01
2.5527733540e-04 6.9869941446e-05 1.5400710939e+01
2.5780545890e-04 6.3365509270e-05 1.6298191491e+01
2.6190626520e-04 6.4228337303e-05 1.5412221002e+01
2.7007053544e-04 6.5906149316e-05 1.5208110156e+01
2.7484298708e-04 7.0450558270e-05 1.4909032188e+01
2.8152029266e-04 6.4578217855e-05 1.4949140789e+01
2.8890286034e-04 6.2351694042e-05 1.4833261763e+01
2.8819495412e-04 5.8629560441e-05 1.4991153543e+01
2.9293141110e-04 6.3077731541e-05 1.4699431127e+01
3.0093691573e-04 6.4499234255e-05 1.4439076088e+01
-1.8479443196e-04 4.5148986352e-05 4.1984253534e+01
3.0763965325e-04 5.8304929707e-05 1.4447695029e+01
3.1496948734e-04 5.5794474150e-05 1.4307158762e+01
3.1434004533e-04 5.2016597803e-05 1.4451241475e+01
3.2167166579e-04 4.9399261959e-05 1.4298500521e+01
3.0215693347e-04 7.2091805329e-05 1.4178739048e+01
3.1892612707e-04 5.6411186636e-05 1.4161791408e+01
3.2103857522e-04 4.5625737429e-05 1.4451328514e+01
-8.3995796865e-05 5.0389919367e-05 4.3884050206e+01
2.0495636871e-04 8.5401206618e-05 1.7135755880e+01
2.0947221732e-04 9.0040654066e-05 1.7071440457e+01
2.0619863219e-04 9.2597024843e-05 1.7083553078e+01
2.1070571467e-04 9.7360841159e-05 1.7024686760e+01
2.1188447343e-04 1.0477803838e-04 1.6958024784e+01
2.0464530868e-04 1.0613009854e-04 1.7039495470e+01
2.0518061644e-04 1.0983541549e-04 1.7028260134e+01
1.9800266200e-04 1.1109909623e-04 1.7093184726e+01
2.1582634326e-04 1.0595517349e-04 1.7111769670e+01
1.9183183128e-04 1.1960902540e-04 1.7157030020e+01
1.9895656949e-04 1.1848008394e-04 1.7074334896e+01
2.2433315006e-04 1.1209925642e-04 1.5377953407e+01
1.8437653475e-04 1.1708208385e-04 1.7229729974e+01
1.7746355863e-04 1.1817335813e-04 1.7287960071e+01
1.7382007671e-04 1.1694051497e-04 1.7306965296e+01
1.6703872147e-04 1.1802006454e-04 1.7336577932e+01
1.6033578685e-04 1.1908605697e-04 1.7347480143e+01
1.5325513792e-04 1.1671452053e-04 1.7342129451e+01
1.5278573409e-04 1.1329190727e-04 1.7340624817e+01
1.4669074384e-04 1.1779142676e-04 1.7325236413e+01
1.3923408288e-04 1.1212327588e-04 1.7253841812e+01
1.3574868624e-04 1.1100079792e-04 1.7070173740e+01
1.2927614501e-04 1.1208629253e-04 1.7878751492e+01
1.2226733543e-04 1.0983296298e-04 1.8816232013e+01
1.1580974783e-04 1.1085314810e-04 1.9505499007e+01
1.0815223258e-04 1.0526878444e-04 2.1274366426e+01
1.0172196391e-04 1.0618219138e-04 2.2380543976e+01
9.4632598587e-05 1.0379403859e-04 2.2559348649e+01
8.8330118620e-05 1.0460584013e-04 2.2444028386e+01
7.7443604613e-05 9.8158073060e-05 2.2089001962e+01
7.1498520376e-05 9.8986033983e-05 2.1855734259e+01
6.5040715064e-05 9.6933157222e-05 2.1624532981e+01
4.3565682429e-05 9.0748280947e-05 2.1226808636e+01
3.8426878893e-05 9.1738598304e-05 2.1147473456e+01
3.2675885338e-05 9.0319509989e-05 2.1231785060e+01
2.4983662583e-05 9.0749187198e-05 2.1313783093e+01
-1.1082253251e-06 8.4310883752e-05 3.2140340010e+01
-6.8695173233e-06 8.3695182034e-05 3.4040101974e+01
-1.1612184341e-05 8.5218476603e-05 3.5401994149e+01
-2.0317007259e-05 8.4541441019e-05 3.6921477594e+01
-2.6154688661e-05 8.4180689973e-05 3.7581050313e+01
-3.2014041151e-05 8.3883532476e-05 3.8018933978e+01
-3.7890684417e-05 8.3643294684e-05 3.8279924515e+01
-7.0365719361e-05 8.3108816018e-05 3.7993921437e+01
-1.0276519250e-04 8.3516038232e-05 3.6937109225e+01
-1.0861543656e-04 8.3669670290e-05 3.6767272593e+01
-1.1444696615e-04 8.3846913091e-05 3.6610400982e+01
-1.2025722513e-04 8.4047898169e-05 3.6467095256e+01
-7.7692688879e-05 8.5056669606e-05 3.7413638550e+01
-8.9412813720e-05 8.5186215357e-05 3.7006885475e+01
-1.2892739196e-04 8.4395072237e-05 3.6277608824e+01
-1.4036265898e-04 7.9027675088e-05 3.7009368553e+01
-1.5391899975e-04 7.7773382604e-05 3.7036131271e+01
-1.5966468029e-04 7.8121092917e-05 3.6917735564e+01
-1.6536434155e-04 7.8501986926e-05 3.6806356783e+01
-1.7310669966e-04 7.7061406859e-05 3.6935453450e+01
-1.7872460784e-04 7.7517410441e-05 3.6823564082e+01
1.4018584305e-04 1.1885489353e-04 1.7291111971e+01
5.8058215768e-05 9.2287010993e-05 2.1494195285e+01
-1.8521128880e-04 7.1982598971e-05 3.7480868209e+01
-1.9305974269e-04 7.0648570847e-05 3.7527675391e+01
-1.9862279217e-04 7.1197376648e-05 3.7363993831e+01
-2.1617602784e-04 6.4867852247e-05 3.7654220756e+01
-2.2399724671e-04 6.3786017027e-05 3.7500414403e+01
1.1462477467e-04 1.0429583533e-04 2.0355254713e+01
-2.2930353712e-04 6.4585786279e-05 3.7269406832e+01
2.3170313839e-04 1.1061555365e-04 1.4942639157e+01
6.9517884039e-05 1.0378899115e-04 2.1716382313e+01
9.5983490931e-05 1.1028515790e-04 2.2700113039e+01
1.2130898506e-04 6.3058217526e-05 2.2886250079e+01
9.5384320988e-05 5.8334969862e-05 2.2629416168e+01
1.2161346599e-05 8.4110375576e-05 2.5248455441e+01
-8.9440309672e-05 4.5285585472e-05 4.4919116977e+01
3.0609248662e-04 7.2826588429e-05 1.4051617185e+01
-2.3695531951e-04 6.3702086389e-05 3.7060273258e+01
1.7827643860e-04 1.2529837283e-04 1.7308548602e+01
2.3564918832e-04 1.1174314097e-04 1.4711398247e+01
-2.4192177174e-04 5.7947692605e-05 3.6956673040e+01
-2.4963071907e-04 5.7200815045e-05 3.6403995213e+01
3.0665290354e-04 7.6669039426e-05 1.3925877495e+01
3.1968351699e-04 3.8158996816e-05 1.4787479846e+01
-2.5721717951e-04 5.6623155560e-05 3.5731855760e+01
2.4300426191e-04 1.1012283829e-04 1.4504487896e+01
2.3664069271e-04 1.1938507969e-04 1.4414414643e+01
2.4937471913e-04 7.9169440407e-05 1.5408348572e+01
2.5623093082e-04 5.6111262778e-05 1.6964565577e+01
2.5547226904e-04 5.2584690927e-05 1.7077635649e+01
2.5732741811e-04 4.3049976033e-05 1.7168507497e+01
2.6394371966e-04 3.7576485295e-05 1.7167314796e+01
2.4875553506e-04 3.8919390798e-05 1.7058228050e+01
2.3690793599e-04 3.7602951383e-05 1.7402134001e+01
2.2896343066e-04 3.6635225931e-05 1.7645723915e+01
2.2499003714e-04 3.6132395661e-05 1.7709169659e+01
2.1777917072e-04 3.8038729732e-05 1.7646779705e+01
2.0988325787e-04 3.6962098265e-05 1.7810780747e+01
2.0594497252e-04 3.6422125628e-05 1.7916578576e+01
1.8559817316e-04 3.1046967588e-05 1.8905928262e+01
1.7777553742e-04 3.0094512874e-05 1.9344011617e+01
1.7386647457e-04 2.9631895110e-05 1.9593786491e+01
1.6681003761e-04 3.1312969970e-05 1.9909396902e+01
1.5900353119e-04 3.0400954510e-05 2.0537675243e+01
1.5509938482e-04 2.9962711582e-05 2.0881867830e+01
1.4728758799e-04 2.9124089212e-05 2.1613314143e+01
1.2700029466e-04 2.5044357367e-05 2.2943027694e+01
1.1551688063e-04 2.4260580624e-05 2.2862931794e+01
1.0796973594e-04 2.3827268957e-05 2.2800301474e+01
1.0422783304e-04 2.3636592488e-05 2.2768399407e+01
9.6806115351e-05 2.3304094436e-05 2.2707518004e+01
8.9466282303e-05 2.3032304778e-05 2.2659232101e+01
8.3003948429e-05 2.4656153191e-05 2.2595938602e+01
7.5837027208e-05 2.4437725973e-05 2.2570956477e+01
7.1463342468e-05 2.2577241417e-05 2.2608832236e+01
6.4394489952e-05 2.2466895618e-05 2.3301586183e+01
5.8240001678e-05 2.4077040590e-05 2.3991654082e+01
5.1199603038e-05 2.3951580542e-05 2.5370954680e+01
4.4115304527e-05 2.3821991190e-05 2.7027784295e+01
3.6988128420e-05 2.3690626719e-05 2.8865882586e+01
3.3409032664e-05 2.3624972503e-05 2.9834746392e+01
2.6220276878e-05 2.3495137227e-05 3.1837170530e+01
1.8994673197e-05 2.3369094604e-05 3.3877611447e+01
1.1734865336e-05 2.3248833593e-05 3.5900483644e+01
7.8457522142e-07 2.3083195121e-05 3.8794497332e+01
-6.5484195497e-06 2.2984423894e-05 4.0571770724e+01
-2.4976329445e-05 2.2783999852e-05 4.4307051479e+01
-3.2376578040e-05 2.2722561338e-05 4.5492038667e+01
-5.0888351312e-05 2.2612774395e-05 4.7700860348e+01
-7.6915764122e-05 2.2547591899e-05 4.9278758567e+01
-1.0288111183e-04 2.2557963269e-05 4.9601469649e+01
-1.2137055072e-04 2.2599915449e-05 4.9331703836e+01
-1.2874714829e-04 2.2623715912e-05 4.9138395784e+01
-1.2362054558e-05 2.4508115804e-05 4.1561152458e+01
-1.4712766056e-04 2.2700675601e-05 4.8478430268e+01
1.2859584333e-04 2.9585685997e-05 2.2934900265e+01
-1.5445102281e-04 2.2738607690e-05 4.8148288025e+01
-4.5430503870e-05 2.4207698222e-05 4.6873314228e+01
-6.3909116535e-05 2.4132159493e-05 4.8391800518e+01
-1.7265867697e-04 2.2853500771e-05 4.7150859373e+01
-1.1552318554e-04 2.4153192504e-05 4.9128739884e+01
1.4179037926e-04 2.4019374518e-05 2.2384750404e+01
1.9662630408e-04 2.9767567109e-05 1.8619266589e+01
-2.3775689408e-04 1.7130475946e-05 4.0255904028e+01
-1.5929218424e-04 2.4365327095e-05 4.7581506136e+01
-2.1606336041e-04 1.6830312461e-05 4.4209934347e+01
2.5086874021e-04 1.1223946664e-04 1.4241720783e+01
-2.4835397662e-04 1.7360848367e-05 3.7391316639e+01
-2.5528685500e-04 1.7569796979e-05 3.5013732475e+01
-2.0499614846e-04 2.3192233565e-05 4.4507244234e+01
2.9993419031e-04 8.2824326008e-05 1.3932315332e+01
2.9373919846e-04 9.2749592375e-05 1.3813210904e+01
2.8983168750e-04 9.1903445883e-05 1.3932191742e+01
2.8698459755e-04 9.8741514528e-05 1.3812693432e+01
2.6995448051e-04 2.8983542960e-05 1.7054918725e+01
2.7390556358e-04 2.9287532702e-05 1.7095306858e+01
-2.6208162934e-04 1.7838321707e-05 3.2178876716e+01
-2.6866429535e-04 1.6365283292e-05 2.8927581909e+01
-6.3960142055e-05 5.0407697179e-05 4.3565053109e+01
9.0419143314e-05 9.9487259579e-05 2.2477071346e+01
2.5479228934e-04 1.1327213942e-04 1.4128967164e+01
2.8191907165e-04 3.0020429679e-05 1.7108737290e+01
-2.7523244970e-04 1.6755229041e-05 2.4850250490e+01
3.2636065901e-04 3.1671077085e-05 1.4816370002e+01
3.1443022764e-04 7.8173934388e-05 1.3652735841e+01
-1.7862733499e-04 8.5752936612e-05 3.5873996090e+01
1.7330855153e-04 9.0143128069e-05 1.7299450607e+01
2.8597667752e-04 3.0440733995e-05 1.7093466795e+01
-2.7543292191e-04 4.9757215795e-05 3.1717683922e+01
3.0100155954e-04 9.0549401621e-05 1.3684130655e+01
-2.8273097873e-04 4.9877496218e-05 3.0017314844e+01
-2.8155524619e-04 1.7270174397e-05 2.0070499349e+01
-2.8799065902e-04 1.5930412218e-05 1.7155214456e+01
2.5008088141e-04 8.2909588004e-05 1.5178710827e+01
-1.8611480685e-04 8.4444503687e-05 3.6014934520e+01
3.1154016877e-04 3.7148964919e-05 1.5128173911e+01
-1.9147414931e-04 8.5064401626e-05 3.5968017087e+01
3.1828830966e-04 7.8930496255e-05 1.3505814084e+01
2.6213314741e-04 1.1144997886e-04 1.4022282377e+01
2.9262695834e-04 2.4558776163e-05 1.7092414218e+01
2.4270996615e-04 8.4684481850e-05 1.5460291311e+01
1.6652791912e-04 9.1492902183e-05 1.7308838778e+01
-1.6557961764e-04 6.4796424582e-05 3.9023046290e+01
-1.7374792791e-04 6.3309762827e-05 3.9075678237e+01
-1.7139309736e-04 5.7498921545e-05 4.0198972519e+01
-1.7255850746e-04 9.1421857922e-05 3.5310219163e+01
-2.9410902519e-04 1.6654227926e-05 1.7178248666e+01
-3.0015995402e-04 1.7547173390e-05 1.7195704933e+01
3.1878526437e-04 8.2853009500e-05 1.3368898529e+01
2.6282598430e-04 5.0507070704e-05 1.6982618485e+01
3.2546016152e-04 7.6510230511e-05 1.3330416511e+01
3.2497018925e-04 7.2572235967e-05 1.3468732421e+01
3.3211850352e-04 7.0067978038e-05 1.3277733416e+01
3.3163862766e-04 6.6110855941e-05 1.3417635545e+01
3.3876050661e-04 6.3515376713e-05 1.3205902319e+01
3.3829441350e-04 5.9535097459e-05 1.3346667854e+01
3.4538551425e-04 5.6838812916e-05 1.3105245432e+01
3.4493663538e-04 5.2829601506e-05 1.3243557563e+01
3.5199066181e-04 5.0021828397e-05 1.2956975186e+01
3.5156185452e-04 4.5974525732e-05 1.3082889044e+01
3.5064358877e-04 3.7987873580e-05 1.3323679178e+01
3.5727946272e-04 3.0887980147e-05 1.2938445508e+01
3.5346387684e-04 3.0517999095e-05 1.3253182065e+01
-1.5956814773e-04 6.4509008690e-05 3.9225660251e+01
-1.5350964960e-04 6.4248500444e-05 3.9428520727e+01
-1.4740800429e-04 6.4012565138e-05 3.9631782532e+01
-1.4126572526e-04 6.3800163184e-05 3.9835240487e+01
-1.3508977060e-04 6.3607127995e-05 4.0038940304e+01
-1.2888037245e-04 6.3434444894e-05 4.0241727497e+01
-1.1449339137e-04 6.4933260557e-05 4.0311296289e+01
-1.0197215691e-04 6.4712190495e-05 4.0678461125e+01
-9.5684523307e-05 6.4628949242e-05 4.0842940269e+01
-8.9382454354e-05 6.4564500251e-05 4.0986778523e+01
-8.3068631638e-05 6.4520039558e-05 4.1102041306e+01
-7.6745855738e-05 6.4496449199e-05 4.1179051041e+01
-7.0416959864e-05 6.4494953220e-05 4.1205954627e+01
-6.4084902665e-05 6.4517734853e-05 4.1168313815e+01
-5.7752847418e-05 6.4567678661e-05 4.1048823686e+01
-5.1424313318e-05 6.4646681890e-05 4.0827236611e+01
-4.5103026598e-05 6.4758137500e-05 4.0479676093e+01
-3.8793205282e-05 6.4905409212e-05 3.9978581484e+01
-3.2499657734e-05 6.5092250786e-05 3.9292540090e+01
-2.6227816862e-05 6.5323241744e-05 3.8386174031e+01
-1.8091592933e-05 6.3855804822e-05 3.6929952896e+01
-1.1852571996e-05 6.4191000488e-05 3.5341791418e+01
-5.6595599579e-06 6.4580762052e-05 3.3402120163e+01
4.7670407270e-07 6.5032481837e-05 3.1071688180e+01
3.1257402996e-05 7.0516984640e-05 2.1807162459e+01
3.7315068111e-05 7.1474120759e-05 2.1789407057e+01
4.5735798086e-05 7.0717658266e-05 2.1845188640e+01
5.2029764705e-05 7.1847634531e-05 2.1887836485e+01
6.9020559635e-05 7.7697749231e-05 2.2077320260e+01
7.8307039470e-05 7.7317066164e-05 2.2276027656e+01
8.1726932427e-05 7.8106960895e-05 2.2342120943e+01
2.0250021643e-05 7.1016563637e-05 2.1890303566e+01
9.6528690699e-05 8.4412702654e-05 2.2615728715e+01
5.6809753788e-05 7.7418864465e-05 2.1846009258e+01
2.5144181185e-04 5.1877637071e-05 1.7109528737e+01
1.0292228366e-04 8.3325264130e-05 2.2721643072e+01
1.1023625617e-04 8.5241148569e-05 2.2962520540e+01
1.2203086982e-04 9.1413939623e-05 2.0681256765e+01
2.6309907299e-04 1.1913618396e-04 1.3792496584e+01
2.8799966647e-04 1.0647148487e-04 1.3561913912e+01
2.8197807042e-04 9.0192497067e-05 1.4154942809e+01
-1.8588144207e-04 5.6328018560e-05 3.9897153283e+01
-1.9189387474e-04 5.6678648155e-05 3.9605243846e+01
-1.9783401421e-04 5.7069652950e-05 3.9304337387e+01
1.2860441573e-04 9.0276179090e-05 1.9737005277e+01
-3.0706963714e-04 1.6295462009e-05 1.7184429924e+01
3.2485029624e-04 2.4331337757e-05 1.5254031084e+01
3.3301781825e-04 2.5054698092e-05 1.4844134187e+01
3.3373928615e-04 2.8755419804e-05 1.4622851986e+01
-1.9889861048e-04 8.3878014973e-05 3.6086085531e+01
-2.0413633935e-04 8.4619739946e-05 3.6044051536e+01
1.8074057097e-04 9.2213024432e-05 1.7270198999e+01
-1.5975014827e-04 9.2340023498e-05 3.5139089465e+01
-1.4589969618e-04 9.7473642491e-05 3.4558048021e+01
-1.4043218259e-04 9.7097690524e-05 3.4554637526e+01
-1.3314638962e-04 9.8697401362e-05 3.4355984250e+01
-1.2764631419e-04 9.8386641523e-05 3.4366619340e+01
-1.2212245863e-04 9.8105317420e-05 3.4392766583e+01
-1.1657724403e-04 9.7852289706e-05 3.4436277323e+01
-9.5453395357e-05 9.9154691338e-05 3.4486699256e+01
-8.9875449780e-05 9.9028118958e-05 3.4624563758e+01
-3.1816582331e-05 1.0376644138e-04 3.6971073232e+01
-2.6371407213e-05 1.0410055382e-04 3.7243665927e+01
-1.8239557369e-05 1.0473306347e-04 3.7449067211e+01
-1.2846211864e-05 1.0525469737e-04 3.7385054394e+01
-5.6833048561e-06 1.0401740622e-04 3.6639548219e+01
-3.1023287642e-07 1.0476221261e-04 3.5912298117e+01
1.8878943496e-05 1.1074575983e-04 3.1327976394e+01
2.5991798427e-05 1.1064973551e-04 2.6258200193e+01
3.1084503247e-05 1.1242564437e-04 1.9980411075e+01
3.9172256712e-05 1.1810960269e-04 1.8821655273e+01
4.4035408604e-05 1.1781169085e-04 1.9024220267e+01
-5.2466856423e-05 1.0504918246e-04 3.5317625899e+01
5.2478737599e-05 1.2478127032e-04 1.9410373178e+01
-6.3405091845e-05 1.0490410611e-04 3.4664523653e+01
5.8034508212e-05 1.2474397890e-04 2.0543035467e+01
-7.1623741022e-05 1.0489159735e-04 3.4281742560e+01
6.4347770216e-05 1.3127253243e-04 2.2280140472e+01
7.0443663312e-05 1.3115823049e-04 2.2333840896e+01
7.6618961017e-05 1.3083148807e-04 2.0796963886e+01
3.8342072873e-05 1.1288128977e-04 1.9438753317e+01
8.2859880548e-05 1.3033639819e-04 2.0390853343e+01
8.9473565227e-05 1.3307515628e-04 1.9969139778e+01
9.5837899134e-05 1.3232339593e-04 1.9819391903e+01
1.0288024854e-04 1.3818821881e-04 1.9666540244e+01
1.0934802472e-04 1.3728043330e-04 1.9461799994e+01
6.9180130017e-06 1.0386236223e-04 3.3709436651e+01
-7.0302460617e-05 9.8813872401e-05 3.5334417209e+01
1.1615652339e-04 1.3967094127e-04 1.9207586925e+01
1.2265552353e-04 1.3868827519e-04 1.8871532640e+01
1.2915811245e-04 1.3769157885e-04 1.8426794444e+01
1.3258398387e-04 1.3886935623e-04 1.8229270479e+01
8.9992254570e-05 1.3980407013e-04 1.9924827433e+01
1.4252749482e-04 1.3908136916e-04 1.7321367127e+01
1.4904694364e-04 1.3814618186e-04 1.7180707816e+01
1.5249170932e-04 1.3938124481e-04 1.7279813391e+01
-2.1146622323e-04 8.3584300708e-05 3.6142257411e+01
-3.0114282712e-04 4.5171735375e-05 1.7211587888e+01
2.3602813693e-04 9.0126184833e-05 1.5558124595e+01
2.5410601526e-04 8.3868597530e-05 1.5013941212e+01
2.7466015747e-04 9.2253078600e-05 1.4255138503e+01
2.8140159571e-04 8.6377307058e-05 1.4269184163e+01
-2.1810017533e-04 7.8086681408e-05 3.6513575753e+01
-2.2319536339e-04 7.9003943458e-05 3.6446545687e+01
1.6765976402e-04 9.8305112716e-05 1.7316543347e+01
1.5906991536e-04 1.3850326190e-04 1.7335465561e+01
1.6570686215e-04 1.3763622709e-04 1.7380410234e+01
1.7272319614e-04 1.4028393195e-04 1.7419486310e+01
9.0238359827e-05 8.5482810978e-05 2.2489798795e+01
-3.1319472213e-04 1.7463216540e-05 1.7201730219e+01
6.4108036624e-05 7.1850136137e-05 2.2065453509e+01
3.6475082422e-04 3.1726297681e-05 1.2340544840e+01
-1.6668129317e-04 9.7149958780e-05 3.4801664417e+01
2.9526514066e-04 1.0437489474e-04 1.3425537874e+01
3.6388842868e-04 2.3580567757e-05 1.2160864596e+01
3.4038111311e-04 2.1978975494e-05 1.4563425085e+01
1.7299082098e-04 1.4375587445e-04 1.7436276846e+01
-2.1658353774e-04 5.0656170028e-05 3.9201033105e+01
2.7070589651e-04 9.1353742712e-05 1.4361171308e+01
1.8505282495e-04 9.6788603872e-05 1.7233986127e+01
-2.3045831810e-04 7.8210290121e-05 3.6501374290e+01
2.8756163859e-04 3.7360970508e-05 1.7109292091e+01
2.1694473383e-04 1.1348800129e-04 1.6207213108e+01
1.2678990137e-04 1.1761115736e-04 1.8054945019e+01
-1.9782579773e-04 2.3105261047e-05 4.5222924854e+01
1.5981342158e-04 9.2812648171e-05 1.7304737963e+01
-2.3603577450e-04 4.4455744920e-05 3.7997647173e+01
1.9225026688e-04 1.2327100420e-04 1.7159130663e+01
1.2759840303e-04 7.2573377682e-05 2.1367622467e+01
2.2587456795e-04 7.6994344182e-05 1.7044465163e+01
-1.5304975922e-04 5.1364414522e-05 4.2065471999e+01
-9.5254494734e-05 8.5289154819e-05 3.6814362468e+01
9.0743981510e-05 6.4884016528e-05 2.2553076300e+01
-1.4115622146e-04 2.4254324884e-05 4.8390581015e+01
-8.3556728959e-05 8.5108288444e-05 3.7208182579e+01
6.3243224961e-05 7.8832738103e-05 2.1939874150e+01
-1.0817118242e-04 2.4134183868e-05 4.9238684040e+01
6.4851431318e-05 1.1040512839e-04 2.1383659743e+01
-2.4946116916e-04 6.4085580056e-05 3.6623339929e+01
-5.6481430100e-05 2.4159405261e-05 4.7887593603e+01
3.7647053079e-05 9.8450807624e-05 2.0793334447e+01
2.4213316857e-04 4.4110383134e-05 1.7163935408e+01
-3.8076562526e-05 2.4254740138e-05 4.6001482163e+01
-1.9687897113e-05 2.4421166198e-05 4.3053976064e+01
-1.2072151643e-04 6.5070640582e-05 4.0117341891e+01
2.0249306037e-05 9.1860521516e-05 2.1215143537e+01
-5.7932312176e-05 1.0495717707e-04 3.4971695168e+01
1.9299541904e-04 1.3061158023e-04 1.7176114953e+01
1.9673854130e-04 1.3198104308e-04 1.7117252442e+01
1.9360225176e-04 1.3795466918e-04 1.7210964200e+01
2.0462509659e-04 1.3851813678e-04 1.7204287580e+01
2.1175496735e-04 1.3369903728e-04 1.5536881356e+01
2.1208325931e-04 1.3750978461e-04 1.4906990861e+01
2.1596438610e-04 1.3886186855e-04 1.4603879325e+01
-1.7968039490e-04 6.3656536689e-05 3.8857942098e+01
-3.2647755122e-04 2.4422532473e-05 1.7287419890e+01
2.3709511927e-04 1.2321692219e-04 1.4275878458e+01
2.3792591501e-04 1.3089295038e-04 1.4008416238e+01
1.3976897890e-04 1.4460257151e-04 1.8027007610e+01
-1.3467243476e-04 8.4658849848e-05 3.6167625827e+01
-3.1932880931e-04 3.6480327599e-05 1.7594903098e+01
-2.6930237750e-04 5.7724521774e-05 3.4836203485e+01
-1.5447118045e-04 3.7472867114e-05 4.5013427708e+01
-1.2715285703e-05 3.5946953458e-05 3.9472196489e+01
-5.7557543320e-06 3.6111866060e-05 3.7750674303e+01
1.8271064904e-05 3.6843652353e-05 3.0482983065e+01
2.5016533895e-05 3.7089615474e-05 2.8248831118e+01
3.1698269217e-05 3.7347579794e-05 2.6080627598e+01
3.8311289151e-05 3.7613899842e-05 2.4136499624e+01
4.4870719662e-05 3.7892815293e-05 2.2068555189e+01
5.0650716996e-05 3.6311866178e-05 2.2291638493e+01
5.7366062683e-05 3.6652734543e-05 2.2290467540e+01
6.4168241487e-05 3.7061356709e-05 2.2343366899e+01
7.1063460959e-05 3.7536457606e-05 2.2409657050e+01
1.0785836070e-04 4.3423414833e-05 2.2772852951e+01
1.1536266917e-04 4.4400900045e-05 2.2840591583e+01
1.2211997716e-04 4.2898399163e-05 2.2887722613e+01
1.2982210365e-04 4.3949971215e-05 2.2745254082e+01
1.3368363498e-04 4.4499268405e-05 2.2193468120e+01
1.5377522129e-04 5.0256178535e-05 1.9721553892e+01
1.6146617312e-04 5.1583520079e-05 1.8976706038e+01
1.6531078793e-04 5.2261468979e-05 1.8643361534e+01
1.7224765848e-04 5.0698581054e-05 1.8277826010e+01
1.7995767125e-04 5.2051121830e-05 1.7763389936e+01
1.7372241233e-04 5.6622983119e-05 1.7786396066e+01
-1.8257000240e-05 3.7499507185e-05 4.0404484501e+01
-4.6233922606e-05 3.7078277162e-05 4.4682081213e+01
-3.2209147245e-05 3.7248285996e-05 4.2925648248e+01
-9.8140880262e-07 3.7936608363e-05 3.6099865284e+01
1.4689229542e-04 5.1762319994e-05 2.0305503862e+01
8.3243752385e-05 4.2815221899e-05 2.2520192749e+01
9.5117947772e-05 3.7491189664e-05 2.2663815143e+01
8.4298779268e-05 3.6523752283e-05 2.2554316304e+01
1.3921000645e-04 5.0466892930e-05 2.1226144048e+01
-2.5221556132e-05 3.7362903489e-05 4.1766667108e+01
-3.9214747003e-05 3.7153913835e-05 4.3892526238e+01
-2.6156148551e-04 3.7305465733e-05 3.2799248256e+01
1.9856178892e-04 7.0661036603e-05 1.7245144096e+01
-1.5427219758e-04 9.1906463245e-05 3.5155449116e+01
1.5257885731e-04 9.0802665741e-05 1.7234582715e+01
2.2313008657e-04 6.2971899177e-05 1.7186505859e+01
2.1855279804e-04 5.8894668852e-05 1.7218045084e+01
2.1077303794e-04 5.7484965108e-05 1.7197180396e+01
2.2572365167e-04 5.7049318752e-05 1.7208964718e+01
-2.8072030303e-04 3.6724710243e-05 2.4062374929e+01
-2.6197804383e-04 3.1146699833e-05 3.2154691007e+01
2.6876462872e-04 2.3036580031e-05 1.7866207693e+01
2.6080657528e-04 2.2528636594e-05 1.8468892068e+01
2.5679932869e-04 2.2242036781e-05 1.8705372366e+01
2.3597533408e-04 1.7732555871e-05 1.9398073947e+01
2.3198227961e-04 1.7398289394e-05 1.9408815541e+01
2.2402492703e-04 1.6735272588e-05 1.9497239752e+01
2.1609905525e-04 1.6088428887e-05 1.9609505538e+01
2.1214508268e-04 1.5773606924e-05 1.9693192576e+01
2.0491985707e-04 1.7694368700e-05 1.9560348587e+01
1.9703953293e-04 1.7038514412e-05 1.9821955764e+01
1.9310226237e-04 1.6722564846e-05 1.9958435437e+01
1.8523014721e-04 1.6116692504e-05 2.0300195774e+01
1.3334621388e-04 1.1465066992e-05 2.2780228578e+01
1.1397741402e-04 1.1146273890e-05 2.2888272931e+01
1.0249993451e-04 1.1062827500e-05 2.2921524248e+01
9.4911151097e-05 1.1042161058e-05 2.2979904378e+01
7.6035604230e-05 1.0993851720e-05 2.4267558800e+01
5.7116690234e-05 1.0899751168e-05 2.7448142402e+01
3.8098300292e-05 1.0784645113e-05 3.1863859538e+01
1.8970865731e-05 1.0665684878e-05 3.6821670583e+01
7.4459789840e-06 1.0598588468e-05 3.9749493201e+01
-2.5479812557e-07 1.0557265580e-05 4.1592861348e+01
-1.1828170247e-05 1.0501745972e-05 4.4114726116e+01
-1.9556012509e-05 1.0469436157e-05 4.5602294090e+01
-3.1161778279e-05 1.0428532893e-05 4.7515036350e+01
-3.8905902760e-05 1.0406225223e-05 4.8574663203e+01
-5.0528638823e-05 1.0379587335e-05 4.9852650653e+01
-5.8279599185e-05 1.0366063338e-05 5.0510820694e+01
-6.9906787402e-05 1.0351418595e-05 5.1237619565e+01
-7.7657351947e-05 1.0344998009e-05 5.1567760497e+01
-8.9279738929e-05 1.0339702162e-05 5.1863957543e+01
-9.7024656061e-05 1.0338704529e-05 5.1946346594e+01
-1.0863547033e-04 1.0340507807e-05 5.1923738877e+01
-1.1637079583e-04 1.0343692026e-05 5.1824007532e+01
-1.2023669978e-04 1.0345837888e-05 5.1751452292e+01
-1.2796465028e-04 1.0351081563e-05 5.1564489667e+01
-1.3568695424e-04 1.0357856792e-05 5.1325140952e+01
-1.3954582819e-04 1.0361719142e-05 5.1186747528e+01
-1.4725861440e-04 1.0370456392e-05 5.0873385091e+01
-1.5881428600e-04 1.0385782730e-05 5.0311224841e+01
-1.6650778496e-04 1.0398007543e-05 4.9871597885e+01
2.6749810598e-04 1.7172627404e-05 1.8966343324e+01
2.5540478458e-04 1.6454273268e-05 1.9729206622e+01
2.4329833167e-04 1.5578680335e-05 1.9714737862e+01
1.6014688700e-04 1.0415166460e-05 2.1931103910e+01
1.7200786617e-04 1.0917248138e-05 2.1381498513e+01
7.1162771826e-05 9.3805763249e-06 2.5231849344e+01
-1.0305700333e-04 8.8471425319e-06 5.2223895410e+01
-1.5353367013e-04 8.8758247546e-06 5.0850466812e+01
5.1967245780e-05 1.1884252297e-04 1.9816988624e+01
1.1679050015e-04 8.4120625163e-05 2.2229348500e+01
1.2251284911e-05 1.0490307117e-04 3.1923565967e+01
1.0245659847e-04 3.8228699148e-05 2.2731550391e+01
-6.4709781432e-05 9.8822574081e-05 3.5599673869e+01
1.3586630764e-05 9.0989500641e-06 3.8522279879e+01
-6.4127254322e-05 8.8658391259e-06 5.1172658117e+01
4.4396098095e-05 9.2570204492e-06 3.0657755986e+01
5.1880597867e-05 9.0572849554e-05 2.1381964574e+01
6.3531641764e-05 9.3491148173e-06 2.6526737617e+01
1.5214997860e-04 4.4694214658e-05 2.0210525853e+01
1.0932440522e-04 9.4592168841e-06 2.2806424158e+01
-1.7287104122e-04 8.8993766167e-06 4.9724073945e+01
-1.7803030393e-04 1.0419977743e-05 4.9102342457e+01
-1.8569879389e-04 1.0436519481e-05 4.8504573817e+01
-1.9216342073e-04 8.9399814530e-06 4.8180282945e+01
-1.9717581411e-04 1.0469470972e-05 4.7450063881e+01
-2.0480810330e-04 1.0495129059e-05 4.6617494812e+01
-2.1138331602e-04 8.9913812245e-06 4.6015566745e+01
1.5224599178e-04 1.0143244274e-05 2.2254613816e+01
-2.0390452443e-04 3.6857110589e-05 4.2231623368e+01
2.9962278275e-04 5.6985917021e-05 1.4724494867e+01
2.5040770397e-04 6.5283065084e-05 1.7100039694e+01
-1.3329307914e-04 1.0491186884e-04 3.3848169827e+01
-1.7145849500e-04 3.7760223461e-05 4.4161448149e+01
-1.8474882405e-04 3.1205851374e-05 4.4713832860e+01
3.6008170116e-04 2.3290734839e-05 1.2570447547e+01
-2.1181755198e-04 7.0646898296e-05 3.7193522297e+01
2.4981215796e-04 1.0459899481e-04 1.4475195949e+01
1.5941064022e-04 1.1217272015e-04 1.7342440249e+01
3.3448197723e-04 5.8893042690e-05 1.3524853344e+01
1.3397348460e-04 2.3407732831e-05 2.2970103879e+01
-2.1622204601e-04 1.0539783187e-05 4.5116088534e+01
-2.2380178323e-04 1.0577151200e-05 4.3900179222e+01
-2.3134948998e-04 1.0625649058e-05 4.2463407066e+01
-2.3809026181e-04 9.1076049890e-06 4.1117550653e+01
3.3775810286e-04 2.9116228948e-05 1.4393436910e+01
1.0059394489e-04 1.1813116736e-04 2.0438357549e+01
-2.4259447203e-04 1.0714452383e-05 3.9772747509e+01
-2.9403773484e-04 4.4176504407e-05 2.0376561236e+01
-2.6362187176e-04 4.4231766427e-05 3.3145200056e+01
-2.1127946251e-04 3.0069299334e-05 4.2673586841e+01
-3.3162301711e-04 1.5583846169e-05 1.7114112104e+01
2.4182652279e-04 1.3202127830e-04 1.3880857834e+01
3.2734916752e-04 1.7422117900e-05 1.5611364201e+01
3.1906645505e-04 1.6723851665e-05 1.6413365780e+01
2.9459011314e-04 1.5250037781e-05 1.7033809518e+01
3.7165100824e-04 2.8507035961e-05 1.1719599788e+01
3.1974929557e-04 9.0741575592e-05 1.3080618014e+01
-2.5688461308e-04 9.2710726229e-06 3.5134936862e+01
2.9913138799e-04 1.0525835993e-04 1.3280420349e+01
-2.0466288650e-04 4.9806735298e-05 4.0071391191e+01
-1.8032881862e-04 2.9465580180e-05 4.5349382806e+01
-1.5331819164e-04 3.0798960887e-05 4.6506389241e+01
-1.3563923188e-04 3.0651813444e-05 4.7219993077e+01
-8.1858121705e-05 3.0450289321e-05 4.7864463437e+01
-7.1041343460e-05 3.0459671649e-05 4.7544060119e+01
9.4239185720e-05 1.1893668970e-04 2.1090389140e+01
9.0823576826e-05 1.1763945451e-04 2.1992665129e+01
2.7043806204e-04 1.1725553171e-04 1.3677138991e+01
2.6996282645e-04 1.1340213780e-04 1.3800755792e+01
2.6746205489e-04 1.2398309833e-04 1.3535435053e+01
1.5444005157e-04 1.6233408198e-05 2.1899311616e+01
1.8766346827e-04 9.0826646944e-05 1.7233758580e+01
2.0947114580e-04 5.1281116138e-05 1.7044737783e+01
2.0558028843e-04 5.0652743572e-05 1.7038772371e+01
2.3738138813e-04 2.3385577165e-05 1.8786394940e+01
2.8669782378e-04 5.1243058020e-05 1.5347685770e+01
2.4944898963e-04 2.4507406096e-05 1.8638446529e+01
-2.1067825439e-04 6.4225434987e-05 3.7890021639e+01
-1.4761512648e-04 3.7378755699e-05 4.5312028117e+01
2.2865297365e-04 9.1736837340e-05 1.6413924072e+01
-1.6507172412e-04 7.0567897203e-05 3.8035741736e+01
2.0368245198e-04 5.9245667233e-05 1.7186512388e+01
-3.3827932272e-04 1.7061808565e-05 1.7124588729e+01
2.2539819449e-04 2.2210266807e-05 1.8879178818e+01
1.6093858321e-04 9.9565059261e-05 1.7326260133e+01
3.0743844148e-04 3.6624202449e-05 1.5294445523e+01
1.6117211955e-04 1.2600439781e-04 1.7354540649e+01
3.1492652625e-04 1.6380351585e-05 1.7106514403e+01
-1.0345079301e-04 3.0485932979e-05 4.7961008313e+01
-9.6261504065e-05 3.0466716485e-05 4.7996177646e+01
-8.9063357991e-05 3.0454660870e-05 4.7967479934e+01
-2.9399846112e-04 3.6123719808e-05 1.7385046448e+01
3.3964090213e-04 1.8295098437e-05 1.4833675288e+01
1.7998928804e-04 1.4655496871e-04 1.7487115851e+01
2.2341793803e-04 1.3762361068e-04 1.4185707086e+01
-2.5010197066e-04 4.4089699688e-05 3.5935490478e+01
2.6341436364e-04 7.1644484874e-05 1.5175523479e+01
3.2562795974e-04 4.9959606453e-05 1.4141265074e+01
1.4714392981e-04 9.8675252717e-05 1.7267387262e+01
1.3449015905e-04 8.5890891884e-05 1.9267641332e+01
3.4440150983e-04 2.2248699921e-05 1.4232816489e+01
1.9079914510e-04 5.1080483142e-05 1.7383303255e+01
-2.5501526175e-04 5.1518049977e-05 3.5554730597e+01
-2.8785618981e-04 5.7813342772e-05 3.3850988722e+01
2.7433764976e-04 1.1822173908e-04 1.3549634014e+01
-3.5873931684e-04 2.2966039534e-05 1.2508652479e+01
-2.4219211454e-04 7.1658430962e-05 3.6784866578e+01
2.2308558502e-04 1.3378647267e-04 1.4390870345e+01
-2.6141902502e-04 6.5076269226e-05 3.6321148717e+01
3.6512687804e-04 3.5879637731e-05 1.2348781551e+01
2.4923407782e-04 1.3037025648e-04 1.3765096910e+01
3.1258329105e-04 9.3026893849e-05 1.3254671439e+01
3.1306525714e-04 9.6960710200e-05 1.3106735316e+01
2.6794589920e-04 3.8063006988e-05 1.7141469621e+01
-2.2421060959e-04 4.3441634370e-05 3.9410418269e+01
3.1222114387e-04 6.2755595976e-05 1.4173885352e+01
-2.1244865086e-04 4.4565979302e-05 4.0314801898e+01
-1.9313353930e-04 9.1716231330e-05 3.5477201774e+01
-2.5592084766e-04 2.2933925549e-05 3.4425697504e+01
1.8594181624e-04 1.3153529032e-04 1.7279402968e+01
-1.3360058925e-04 5.0929058829e-05 4.2801033704e+01
-1.0898069922e-04 7.0362228907e-05 3.9332305911e+01
-1.0284459006e-04 7.0244171749e-05 3.9517950260e+01
-1.1535254457e-04 1.0599128356e-04 3.3588640535e+01
-8.8983658406e-05 1.1129070155e-04 3.3072723661e+01
-1.5942009469e-04 9.8567529167e-05 3.4611875543e+01
1.1678151970e-04 1.4635272642e-04 1.9185671497e+01
9.0410571723e-05 1.4649599755e-04 1.9749847809e+01
-8.3606332437e-05 1.1118679308e-04 3.3117288146e+01
1.2032940016e-04 1.1863697899e-04 1.8692879775e+01
2.3128902260e-04 8.5334550398e-05 1.6527415815e+01
6.4576103458e-05 1.3815270439e-04 2.0301210341e+01
5.8479278380e-05 1.3803517629e-04 2.1644704454e+01
-9.7043858395e-05 1.1150330807e-04 3.3063564282e+01
-1.0241133671e-04 1.1168230699e-04 3.3088968397e+01
-1.1509846875e-04 7.0500925635e-05 3.9144472790e+01
-1.2119324629e-04 7.0659483404e-05 3.8957515605e+01
-1.2726221723e-04 7.0838340150e-05 3.8773424188e+01
2.1210311546e-04 8.3854236984e-05 1.7090619712e+01
-7.5540180050e-05 1.1108937824e-04 3.3255540650e+01
-1.2652818697e-05 1.1794742587e-04 3.8637087354e+01
-7.5759998947e-06 1.1859440473e-04 3.9145731736e+01
-7.7451241766e-07 1.1744668965e-04 3.9111558020e+01
6.7655723681e-06 1.1881657474e-04 3.9748771994e+01
1.9554333054e-05 1.2419922143e-04 4.2444021968e+01
2.6369600429e-05 1.2420753155e-04 3.6941341911e+01
-2.4480683333e-05 1.1893309173e-04 3.6824789891e+01
-1.9379682255e-05 1.1938566073e-04 3.7846298495e+01
-1.6036142493e-04 3.0871855201e-05 4.6167632908e+01
3.9120573018e-05 8.5072383269e-05 2.1420895609e+01
-2.3114269995e-04 3.0768740802e-05 3.9935851827e+01
1.0865867104e-04 1.3058602868e-04 1.9410775305e+01
1.3529948172e-04 1.3333732784e-04 1.7669791547e+01
-2.1798774059e-04 3.0265855476e-05 4.1871168914e+01
4.9724796101e-05 1.0475606041e-04 2.0642545410e+01
2.7545666636e-04 1.7539348801e-05 1.8106028739e+01
2.0949038104e-04 6.9853217818e-05 1.7209380094e+01
2.9265062173e-04 8.5057286858e-05 1.4051645831e+01
-2.8208263092e-04 9.8413973241e-06 2.0552359076e+01
-2.8886711710e-04 1.0167690665e-05 1.7096239625e+01
4.4527644895e-05 1.0542609760e-04 2.0402038461e+01
2.8725475228e-04 1.7996380793e-05 1.7056544452e+01
1.2195073084e-04 1.3199461926e-04 1.8722892355e+01
3.5887279385e-04 1.5514511102e-05 1.2410822525e+01
-3.8100087011e-05 1.1172205711e-04 3.5560441853e+01
-1.3330245334e-04 7.1038221851e-05 3.8593509399e+01
3.0077858860e-04 4.2814208501e-05 1.5240601860e+01
4.4732293600e-05 1.3188104908e-04 1.5388946528e+01
1.3354564914e-04 9.7790887633e-05 1.8185558652e+01
-2.1240258610e-04 1.6795076369e-05 4.4706057822e+01
-2.6793213525e-04 9.4414233738e-06 2.9887114009e+01
1.9915362118e-05 9.8154886130e-05 2.3804172140e+01
1.2622995069e-05 9.8668575024e-05 2.9178856698e+01
7.1853414925e-06 9.7661810355e-05 3.1579459077e+01
-3.3037185720e-05 9.1645256498e-05 3.7672036265e+01
-3.8752007212e-05 9.1401183071e-05 3.7681226918e+01
-4.4478950194e-05 9.1209554540e-05 3.7594894046e+01
-5.0215268520e-05 9.1065049116e-05 3.7441883066e+01
-5.8831745798e-05 9.0926835751e-05 3.7136842415e+01
-6.4580534682e-05 9.0881597599e-05 3.6908270261e+01
-7.0330171351e-05 9.0870311108e-05 3.6674391281e+01
-7.6078372878e-05 9.0890167476e-05 3.6444356257e+01
1.9219446413e-04 5.7152746150e-05 1.7038740453e+01
-5.8203408975e-05 1.1742372308e-04 3.2946461584e+01
3.5933875707e-04 5.1334336248e-05 1.2509409423e+01
-2.6902509493e-04 4.3133562942e-05 3.1450760609e+01
-3.3328417275e-04 3.6610692486e-05 1.7179554958e+01
2.8212070921e-04 1.2013016756e-04 1.3268732055e+01
-3.4436436521e-04 3.2354483383e-05 1.4335704975e+01
2.0506815944e-04 1.4608238803e-04 1.6926882000e+01
-1.9831082825e-04 9.2467539566e-05 3.5494526883e+01
1.8688367107e-04 1.4593127785e-04 1.7446533280e+01
-3.1432279989e-04 4.4751121269e-05 1.7599038174e+01
3.4695404243e-04 1.5022249170e-05 1.4298926303e+01
-1.4135131250e-04 1.0547196781e-04 3.3930706459e+01
8.2101960194e-05 1.2358296870e-04 2.2240636018e+01
5.6640775327e-05 1.1264787775e-04 2.0684585742e+01
5.0769113608e-05 1.1027795520e-04 2.0346693532e+01
1.4110066310e-04 8.4651529044e-05 1.8439704076e+01
-2.4244726294e-04 7.8788397443e-05 3.6658988512e+01
1.8614406313e-04 1.0390148749e-04 1.7211856958e+01
2.2463483169e-04 9.0653582290e-05 1.7107873007e+01
2.6395029247e-04 9.7116256632e-05 1.4350665249e+01
2.3732958209e-04 9.7655215694e-05 1.5152339428e+01
-2.4900280441e-05 1.1251942830e-04 3.7017243090e+01
3.2837092372e-04 4.2890679449e-05 1.4281609443e+01
3.3232723116e-04 4.3387868861e-05 1.4105822035e+01
2.8258847614e-04 5.0542056475e-05 1.5550558045e+01
7.7242245493e-05 1.1235325046e-04 2.2111562806e+01
-2.5676132908e-04 6.3645069401e-05 3.6331273965e+01
-2.4451537200e-04 4.3357804888e-05 3.6858036885e+01
8.3741323641e-05 1.4382942874e-04 1.9967167543e+01
2.8020754970e-04 1.0465849528e-04 1.3809259799e+01
-1.9739846873e-04 7.7314090235e-05 3.6699291873e+01
-1.4826138309e-04 7.1637075765e-05 3.8166004078e+01
3.1409399358e-04 3.0336738980e-05 1.5364335851e+01
2.3719411539e-04 7.6246223646e-05 1.7094324734e+01
-3.0223445814e-04 1.1097637246e-05 1.7114178990e+01
-3.0624180362e-04 9.3117941494e-06 1.7044024198e+01
-1.9304905995e-04 5.1037888258e-05 4.0495733712e+01
-1.6737450022e-04 3.0953728984e-05 4.5797352440e+01
2.7432312399e-04 4.9090609583e-05 1.6360763315e+01
3.0082884079e-04 2.5325523263e-05 1.7133192162e+01
-3.4545409115e-04 1.1593903460e-05 1.7194918276e+01
2.4865935812e-04 9.6997830018e-05 1.4736875010e+01
-2.1763773516e-04 5.6759117504e-05 3.8434552375e+01
-2.8065586712e-04 2.3268673632e-05 2.0718197725e+01
1.0315457363e-04 9.7677581488e-05 2.2908360920e+01
-1.7909008022e-04 1.6576517895e-05 4.7930498606e+01
-1.7202286977e-04 5.1968208332e-05 4.1240595818e+01
-2.5001253452e-04 1.0791795928e-05 3.7519964231e+01
6.8995776172e-05 1.1789769322e-04 2.1710579200e+01
1.8648053403e-04 6.5006899947e-05 1.7169268363e+01
1.3452247602e-04 1.2661827155e-04 1.7285581316e+01
-1.6570563312e-04 5.1749910347e-05 4.1526566385e+01
2.5705006654e-04 1.3248274792e-04 1.3499796254e+01
-3.2062658744e-04 1.6222611121e-05 1.7179078870e+01
-3.1958362681e-04 4.5552803736e-05 1.7543403944e+01
1.1396621239e-04 1.5183126612e-04 1.9100813315e+01
2.2397958121e-04 1.4529469253e-04 1.3799366484e+01
2.7526074745e-04 1.2594796571e-04 1.3249381788e+01
3.2733157209e-04 9.2418289429e-05 1.2732418661e+01
-1.7988584101e-04 9.8615427714e-05 3.4901973126e+01
-2.9507622124e-04 5.6345525230e-05 3.2770471504e+01
-1.5381364394e-04 1.0444265738e-04 3.4184434720e+01
5.8060982165e-05 1.4488141499e-04 2.0747538143e+01
-3.0869337187e-04 5.0580176083e-05 2.1422020599e+01
7.7284669122e-05 1.4437795665e-04 2.0083072227e+01
3.1352750337e-05 1.3108686006e-04 4.4310575831e+01
3.3399169687e-04 1.0692708457e-05 1.5692337098e+01
3.5971216305e-04 5.5519802837e-05 1.2386831976e+01
3.6294692245e-04 5.2063103355e-05 1.2280556265e+01
3.7226696604e-04 3.7114046404e-05 1.1866903633e+01
3.5814237047e-04 1.1737031133e-05 1.2330550071e+01
3.6601721317e-04 1.1928970871e-05 1.0716118574e+01
3.4621895037e-04 1.1245151476e-05 1.4631070741e+01
3.1345560049e-04 9.5872231369e-06 1.6986349933e+01
-8.1838777684e-05 9.0939421672e-05 3.6224083988e+01
2.9333579368e-04 9.1968021759e-06 1.7293059589e+01
2.8933752386e-04 9.1928671052e-06 1.7217878047e+01
2.6957568015e-04 8.6292760255e-06 2.0586125706e+01
2.3119023895e-04 1.4007629950e-04 1.3844056538e+01
-3.6636780991e-04 1.1036383523e-05 1.4053973847e+01
1.8990095207e-04 1.0506465377e-04 1.7178652280e+01
2.4881504818e-04 1.2652879195e-04 1.3894351066e+01
3.0873928820e-04 9.2198214410e-05 1.3405905701e+01
1.9024770117e-04 8.4884690502e-05 1.7239071560e+01
2.8018603457e-04 7.8788589211e-05 1.4509733946e+01
2.8752358832e-04 7.6629537172e-05 1.4406463181e+01
-2.6232791649e-04 2.3345049219e-05 3.1850994580e+01
3.3405613409e-04 8.6202336098e-05 1.2674908658e+01
7.0843367149e-05 1.4476872040e-04 2.0234321423e+01
9.6930240395e-05 1.4572373625e-04 1.9687589849e+01
1.2702290389e-04 9.8925558572e-05 1.9044692976e+01
-1.9195335992e-04 7.6713146217e-05 3.6808176542e+01
-2.4299354700e-04 2.4113547665e-05 3.8228951568e+01
-2.7520715181e-04 3.7675691125e-05 2.7513753021e+01
-3.1322564923e-04 3.6408389774e-05 1.7608012198e+01
-1.7836041120e-04 4.4933555532e-05 4.2351951278e+01
1.4039521750e-04 1.5132315747e-04 1.8312086634e+01
-1.3931185995e-04 7.1260136080e-05 3.8418524498e+01
3.3902088278e-04 3.6678648832e-05 1.4033407923e+01
-2.1714680799e-04 7.1386604135e-05 3.7036515422e+01
2.2986724631e-04 7.7963095065e-05 1.6956629564e+01
-2.4203351958e-04 6.4704925458e-05 3.6871259819e+01
-1.6765457109e-04 8.4756844884e-05 3.5979333569e+01
-1.4669016229e-04 1.0588831397e-04 3.3997817193e+01
1.9144636415e-04 9.1882427995e-05 1.7204120338e+01
1.8646540490e-04 8.3898276646e-05 1.7260884816e+01
2.0351579099e-04 9.8776109072e-05 1.7077349977e+01
-2.6854594135e-04 2.3862151188e-05 2.8835011377e+01
-6.4060122283e-05 5.7375712568e-05 4.2362828948e+01
3.7131003534e-04 2.4283760689e-05 1.1490425659e+01
3.7790349556e-04 1.6579498328e-05 9.9249160395e+00
3.7841363946e-04 2.5281380789e-05 1.1096344817e+01
-5.1093827471e-05 2.8932470747e-05 4.6574693055e+01
2.5715760247e-04 1.0280472980e-04 1.4348437369e+01
1.7211531408e-04 1.3329661629e-04 1.7381023219e+01
-1.0289354994e-04 5.7528024945e-05 4.2170089725e+01
-1.9708350108e-04 6.4934603157e-05 3.8195425226e+01
2.6441476700e-04 5.7705345157e-05 1.6311579331e+01
-2.0508975324e-04 6.3647622764e-05 3.8131237221e+01
3.1618869453e-05 7.9115428242e-05 2.1617661853e+01
2.5760967762e-05 7.8072104681e-05 2.1686048828e+01
1.9966205926e-05 7.7128214141e-05 2.1762459067e+01
1.2279894107e-05 7.8030014106e-05 2.4590106449e+01
6.5280320139e-06 7.7277189438e-05 2.7864535984e+01
-5.1928837730e-05 7.1959064691e-05 3.9863028701e+01
-5.8087558429e-05 7.1877650858e-05 3.9962692384e+01
-6.4249079257e-05 7.1827751220e-05 3.9978824730e+01
-7.0410262964e-05 7.1807449190e-05 3.9930713092e+01
-7.6568149052e-05 7.1813936466e-05 3.9834447168e+01
-8.2719959419e-05 7.1844641801e-05 3.9703229277e+01
-8.8862881614e-05 7.1899853990e-05 3.9547262955e+01
-1.9454129167e-05 7.1212977428e-05 3.6838042774e+01
-3.7877846008e-05 7.0432911976e-05 3.9354450638e+01
-7.0861039034e-06 7.7813109179e-05 3.3702615705e+01
3.2706427633e-04 3.5381883975e-05 1.4624030891e+01
4.4338701297e-05 8.3974777329e-05 2.1493191227e+01
-1.0758787338e-04 9.1495607894e-05 3.5448228760e+01
2.1596281786e-04 6.4754906485e-05 1.7208420884e+01
-8.3566445444e-05 5.7366630812e-05 4.2496621798e+01
2.3866780789e-04 8.3673314569e-05 1.5551872762e+01
3.4053597291e-04 7.9647318159e-05 1.2617453672e+01
2.6212935118e-04 1.1193381275e-05 2.0529960217e+01
2.5401678778e-04 1.0763724907e-05 2.0527791973e+01
5.0433186667e-05 8.5411686861e-05 2.1529032862e+01
-1.0188900519e-04 9.1327059452e-05 3.5586671987e+01
3.2567730814e-04 1.0220152721e-05 1.7124973923e+01
-2.3665851733e-04 5.7069784409e-05 3.7318717182e+01
5.9058344506e-05 8.5137884803e-05 2.1717445448e+01
3.1299819511e-04 4.4534200631e-05 1.4764149378e+01
-9.6175772125e-05 9.1183895500e-05 3.5744947390e+01
-1.9914936438e-04 5.1376504538e-05 4.0131654743e+01
2.5000263933e-04 1.0528628893e-05 2.0515911075e+01
6.9441459448e-05 9.0413952892e-05 2.1901556875e+01
2.4197108469e-04 1.0081399177e-05 2.0508525062e+01
2.3797272414e-04 9.8599839058e-06 2.0509359256e+01
3.4397229413e-04 7.6322252800e-05 1.2571650540e+01
3.4672595322e-04 6.9004596234e-05 1.2675694470e+01
3.5054454680e-04 6.9817864292e-05 1.2465217164e+01
2.8093641228e-04 4.3261062142e-05 1.6840489707e+01
-1.5901816005e-04 5.7005849429e-05 4.0697252127e+01
2.3001639748e-04 9.4168549387e-06 2.0522804788e+01
2.1813853041e-04 8.7891344496e-06 2.0583268230e+01
2.0497116621e-04 6.5688255298e-05 1.7235152987e+01
-2.6332409001e-04 7.0777280303e-05 3.6957380989e+01
-1.1347134383e-07 9.2461875293e-05 3.3127846547e+01
2.2996476890e-04 9.9252680114e-05 1.5541326807e+01
-5.7232388041e-06 9.1771673333e-05 3.4692428549e+01
-1.1369651968e-05 9.1181523051e-05 3.5863087856e+01
2.8689458231e-04 7.2849267780e-05 1.4534552140e+01
3.7634020739e-05 1.2472623642e-04 2.1432463430e+01
1.1449573663e-04 4.7211269416e-06 2.2524384130e+01
9.4933630722e-05 4.7121518225e-06 2.3285157301e+01
2.6895732296e-04 1.0571534250e-04 1.4027716905e+01
6.3679041230e-05 4.6657778282e-06 2.7410029453e+01
4.9935063167e-05 1.3236135113e-04 1.7937874900e+01
4.4213135627e-05 4.5821380520e-06 3.1683474633e+01
1.2684490255e-05 4.5458070656e-06 3.9637351079e+01
-7.0081481570e-06 4.5039250819e-06 4.4200320776e+01
-1.8838626852e-05 4.4825709342e-06 4.6521667748e+01
-3.8571747378e-05 4.4544971867e-06 4.9543149092e+01
-5.8314685906e-05 4.4355217083e-06 5.1518987493e+01
-7.0161396979e-05 4.4274981002e-06 5.2262483878e+01
-1.2866221573e-04 7.8527317607e-05 3.7287854695e+01
-8.9902579492e-05 4.4192752996e-06 5.2902740255e+01
-3.1373216667e-04 2.3336978767e-05 1.7272389063e+01
-3.3823732863e-04 1.0497863558e-05 1.7593512059e+01
4.5566657659e-05 1.1079490464e-04 1.9989294941e+01
1.7889428759e-04 6.3476360854e-05 1.7056528187e+01
1.7200416176e-04 6.5025492055e-05 1.7244443989e+01
1.6821992090e-04 6.4241996905e-05 1.7570486731e+01
1.6063745438e-04 6.2680802910e-05 1.8270509711e+01
1.5380852174e-04 6.4135766429e-05 1.8778431749e+01
1.5227741022e-04 5.8196395028e-05 1.9347348028e+01
1.3398746406e-04 5.7482961265e-05 2.1449209920e+01
1.2720304113e-04 5.8883574404e-05 2.2268371644e+01
1.2339078704e-04 5.8186133116e-05 2.2847461517e+01
1.1580052078e-04 5.6841285188e-05 2.2859728350e+01
9.6464805587e-05 5.1298821762e-05 2.2650609253e+01
8.9264605525e-05 5.0281896019e-05 2.2565823174e+01
8.3012243501e-05 5.1719794926e-05 2.2485050247e+01
7.6026309185e-05 5.0790037432e-05 2.2401622298e+01
6.9144844837e-05 4.9936731096e-05 2.2324198718e+01
5.7332592037e-05 4.4520535126e-05 2.2234380456e+01
3.8510335954e-05 4.5052377557e-05 2.2127724595e+01
3.2123756721e-05 4.4664937723e-05 2.2759763347e+01
2.5721831394e-05 4.4316093727e-05 2.5586061761e+01
1.9239351352e-05 4.3984332392e-05 2.8049098497e+01
1.2684654800e-05 4.3673580159e-05 3.0462510900e+01
6.0649820617e-06 4.3386629396e-05 3.2776006846e+01
-6.1173690790e-07 4.3125362815e-05 3.4928694379e+01
-6.0508824979e-06 4.4669969555e-05 3.6209411560e+01
-1.2762261326e-05 4.4446064358e-05 3.7999162686e+01
-1.9512690691e-05 4.4251682872e-05 3.9553854624e+01
-2.6292053194e-05 4.4085432061e-05 4.0878017337e+01
-3.3097610439e-05 4.3946381423e-05 4.1985024367e+01
-3.9922860923e-05 4.3832676283e-05 4.2891959644e+01
-4.3341283545e-05 4.3784744334e-05 4.3276475567e+01
-5.0186926162e-05 4.3705531214e-05 4.3920297018e+01
3.4569636507e-04 2.9810887551e-05 1.3862731086e+01
-1.0174365157e-04 4.4166447264e-06 5.2995485408e+01
8.8784742641e-05 1.2633931168e-04 2.0471940603e+01
3.0165551785e-04 2.8852502768e-05 1.6412300943e+01
3.9753151375e-05 7.8482025876e-05 2.1630956018e+01
3.5019631695e-04 1.1446816932e-05 1.3951965146e+01
-2.6794585720e-04 2.9839568755e-05 2.9503920214e+01
-3.7057828588e-04 1.6498689654e-05 1.1176687137e+01
8.2080243285e-05 9.1359660213e-05 2.2272213035e+01
8.8226854914e-05 9.0386405696e-05 2.2433922905e+01
9.5254778897e-05 9.2411393385e-05 2.2587030863e+01
-5.6548887490e-06 9.7849988317e-05 3.5622879624e+01
-1.5788289261e-07 9.8572646058e-05 3.4453284125e+01
-1.2147022475e-04 4.4156522331e-06 5.2772945685e+01
-9.6697556395e-05 7.0143893030e-05 3.9698057287e+01
1.1410609948e-04 5.1536783233e-05 2.2835581375e+01
2.0418919713e-04 4.4644137596e-05 1.7416597286e+01
2.0027858261e-04 4.4041105266e-05 1.7550191715e+01
1.9246998368e-04 4.2835890794e-05 1.7840542219e+01
1.8542083907e-04 4.4521148749e-05 1.7999055809e+01
1.7765120905e-04 4.3299748605e-05 1.8441260658e+01
1.7377033378e-04 4.2699172150e-05 1.8696136855e+01
1.6523563023e-04 3.8787262167e-05 1.9508285673e+01
1.6135076270e-04 3.8244839905e-05 1.9831429824e+01
6.3139624977e-05 1.1827634311e-04 2.1214393039e+01
1.5358042040e-04 3.7194531236e-05 2.0539736528e+01
1.4661859533e-04 3.8778937184e-05 2.1098629160e+01
1.4191989985e-04 3.5713757571e-05 2.1750899682e+01
1.3497390893e-04 3.7286084139e-05 2.2419005018e+01
1.2721341183e-04 3.6363503925e-05 2.2922862537e+01
1.4081922694e-04 5.6054248594e-05 2.0704934573e+01
9.6293471566e-05 3.1218138875e-05 2.2686439363e+01
8.9012587761e-05 3.0721009947e-05 2.2612860656e+01
8.1825123804e-05 3.0293730637e-05 2.2540339381e+01
7.8265761362e-05 3.0105212863e-05 2.2507206128e+01
7.1214342746e-05 2.9775660806e-05 2.2451885858e+01
6.4250279313e-05 2.9505238263e-05 2.2413984826e+01
5.8202397482e-05 3.1109637479e-05 2.2410742114e+01
5.1416030457e-05 3.0897958081e-05 2.2880687018e+01
4.4633795969e-05 3.0703911939e-05 2.4751568396e+01
3.7790927076e-05 3.0511433136e-05 2.6592023655e+01
3.0891809105e-05 3.0321247098e-05 2.8576509475e+01
2.0445270295e-05 3.0046047475e-05 3.1714991979e+01
1.3421232219e-05 2.9873301180e-05 3.3820893293e+01
6.3546519111e-06 2.9711000933e-05 3.5867610229e+01
-1.8648977051e-05 2.9253690938e-05 4.1959869876e+01
-2.5851094879e-05 2.9157062076e-05 4.3302536655e+01
1.0741062402e-04 1.5275184856e-04 1.9151718170e+01
1.4100993457e-04 1.2560367776e-04 1.7261886437e+01
6.4738746696e-05 8.4094996884e-05 2.1878721449e+01
1.9345799886e-04 6.3376012288e-05 1.7189949558e+01
1.0964529342e-04 9.6712529233e-05 2.2329462117e+01
-1.4118358185e-04 4.4178806265e-06 5.2167584393e+01
2.8258440287e-04 1.2400655108e-04 1.3105371814e+01
2.8941190418e-04 1.1812774137e-04 1.3121935735e+01
-1.5300395935e-04 4.4208196009e-06 5.1640186079e+01
-5.7554518840e-05 5.7420761170e-05 4.2150973050e+01
1.5841617920e-04 1.3166740387e-04 1.7347817151e+01
-2.8896313188e-04 4.4557086804e-05 2.3966483310e+01
-3.0700754981e-04 2.4212570209e-05 1.7278490709e+01
-1.8065594525e-04 5.0472509474e-05 4.1171590509e+01
7.8309066019e-05 1.1883791135e-04 2.2244051008e+01
2.3150237184e-04 1.4389567551e-04 1.3677021726e+01
-3.3123996471e-04 9.4947939814e-06 1.7502234151e+01
-2.4315343334e-04 4.4996162117e-06 4.0227961148e+01
-9.6432103265e-05 5.7459394886e-05 4.2312429445e+01
1.3387615795e-04 1.5228137134e-04 1.8574668470e+01
4.4126128633e-05 1.3780338773e-04 9.3981240922e+00
1.9057259496e-04 1.5103144248e-04 1.7483189462e+01
-2.0550214842e-04 9.1418081987e-05 3.5641677362e+01
3.2796556345e-04 9.6497991127e-05 1.2557422681e+01
3.7698064913e-04 8.3366019917e-06 7.6409887925e+00
1.9318846173e-04 3.6277210936e-06 2.1350287371e+01
3.1395621081e-04 1.0479479734e-04 1.2791549386e+01
1.6532274445e-04 3.2473421236e-06 2.1884304331e+01
-8.9835917251e-05 1.1752725909e-04 3.2722891768e+01
3.8850543665e-05 3.0572820215e-06 3.3298593403e+01
1.4756692822e-04 1.2459295000e-04 1.7316545101e+01
-3.0732592428e-04 3.6460851191e-05 1.7549707040e+01
-2.3074856947e-04 4.9992424819e-05 3.8175306093e+01
-1.2865196826e-04 5.7957307816e-05 4.1413252762e+01
-1.0387009812e-04 5.0521986353e-05 4.3653312019e+01
-2.5000748173e-04 2.9853947498e-06 3.8193063246e+01
7.7514217912e-05 1.5089434243e-04 1.9600252538e+01
2.6948446255e-04 8.3773179081e-05 1.4601801364e+01
3.0729214514e-04 1.1094639266e-04 1.2797158784e+01
1.8716084877e-04 1.1109378875e-04 1.7198197195e+01
-1.2133451029e-04 3.8773460576e-05 4.5853769940e+01
-1.0948004744e-04 3.7028354900e-05 4.6486988357e+01
-2.7451345229e-04 2.4516123336e-05 2.5326610480e+01
2.8922536204e-04 4.4596770691e-05 1.5462644896e+01
3.6582853892e-04 4.4309013479e-05 1.2246229914e+01
2.7619323396e-04 7.7953925558e-05 1.4625717443e+01
2.6096059823e-04 1.3351560483e-04 1.3354260702e+01
-2.2472509029e-04 7.0397373935e-05 3.6990415871e+01
-2.0543023322e-04 7.8326327402e-05 3.6551043944e+01
-2.3018920322e-04 4.3911066306e-05 3.8727587961e+01
-2.3726841013e-04 7.0534507472e-05 3.6826086226e+01
2.6078942830e-04 7.8224633267e-05 1.5014231386e+01
2.7629296163e-04 1.0374245839e-04 1.3922605232e+01
1.5482313827e-04 1.0418712737e-04 1.7330860683e+01
-9.0805078215e-05 1.0514281668e-04 3.3736730171e+01
1.2330418434e-04 1.4537768799e-04 1.8952306697e+01
1.2050711700e-04 1.5087669254e-04 1.8994056664e+01
1.1388766839e-04 1.1962806914e-04 1.9192525935e+01
8.9641208753e-05 1.1103614630e-04 2.2651269751e+01
6.3682952999e-05 9.1358755013e-05 2.1698724343e+01
-1.7993448495e-04 9.0087938827e-05 3.5477989374e+01
9.6736791368e-05 9.8598986630e-05 2.2627314058e+01
-1.2738650685e-04 9.2288598526e-05 3.5110829905e+01
2.8004796082e-04 5.7164687183e-05 1.5284237036e+01
2.2271856661e-04 1.1496822538e-05 2.0195424384e+01
1.6734764973e-04 8.7297776665e-06 2.1729911136e+01
-1.7283743353e-04 1.8108316991e-05 4.8062496126e+01
1.6584980179e-04 6.9642334755e-05 1.7263650214e+01
2.1660998381e-04 4.9456091271e-05 1.7056775298e+01
-2.3756568060e-04 3.1092552042e-05 3.8767412753e+01
-1.3480990803e-04 9.0657280674e-05 3.5296900947e+01
-1.2175656807e-04 9.2028941129e-05 3.5185357969e+01
-3.1301388361e-04 9.9128027442e-06 1.7050316727e+01
3.2676252187e-04 5.7641488895e-05 1.3856957218e+01
3.3345422068e-04 5.1079928376e-05 1.3807344680e+01
1.8021666469e-04 1.1226508908e-04 1.7257032949e+01
1.0180013096e-04 5.6960790282e-05 2.2709261206e+01
3.0226539216e-04 5.0188545191e-05 1.4893566928e+01
-1.0791922636e-04 7.7878133262e-05 3.7867800735e+01
1.4117172925e-04 1.0320168217e-04 1.7092853569e+01
-2.1029955396e-04 7.6859802598e-05 3.6648596261e+01
-3.1464343585e-05 3.0708830310e-05 4.3932556341e+01
-6.3895383021e-05 4.3607590660e-05 4.4776957536e+01
-8.4464540519e-05 4.3584500167e-05 4.5257146312e+01
-9.4726949549e-05 4.3618600788e-05 4.5244778921e+01
2.5080955681e-05 3.1877126761e-05 2.9814939619e+01
-2.2323622005e-04 5.7372572160e-05 3.8080065753e+01
3.4014412673e-04 4.4384380534e-05 1.3725268351e+01
1.6680768604e-04 4.4318946992e-05 1.9038032433e+01
2.4131285749e-04 9.8717805490e-05 1.4940959927e+01
3.5096693829e-04 1.5187283628e-05 1.3718414150e+01
3.1244959291e-04 2.3102136052e-05 1.6183413225e+01
3.0534882103e-04 9.4089617984e-06 1.7094517666e+01
-3.0774651677e-04 3.5034903368e-06 1.7376033948e+01
9.5107009489e-05 1.2561599368e-04 2.0090158750e+01
1.9982878003e-04 5.8539819938e-05 1.7151947310e+01
1.5499172510e-04 8.5242971453e-05 1.7091088659e+01
-2.7392399633e-04 4.4398740720e-05 3.0261319923e+01
-3.3280794725e-04 4.2087840376e-05 1.6862890181e+01
2.3523168213e-04 1.4484598358e-04 1.3540446477e+01
3.1804048425e-04 1.0550915291e-04 1.2608118939e+01
1.4727422040e-04 1.5363203433e-04 1.8112707543e+01
1.5371336379e-04 1.5281551999e-04 1.7740598164e+01
2.9340158804e-04 1.1908694220e-04 1.2954769845e+01
1.6023727997e-04 1.5202383349e-04 1.7132542246e+01
1.6681770108e-04 1.5129355075e-04 1.7250987592e+01
-1.1577176498e-04 1.1225337739e-04 3.3235032035e+01
2.6826119907e-04 1.3159316300e-04 1.3226314352e+01
5.1897722316e-05 1.4442289194e-04 2.1253389291e+01
-2.4954731715e-04 7.8217882195e-05 3.6949757465e+01
2.0524606808e-04 1.5366091158e-04 1.6818331923e+01
-1.7176430221e-04 1.0414007429e-04 3.4523947741e+01
7.0808842479e-05 1.5166355135e-04 1.9597668204e+01
-3.1306802008e-04 5.1335975076e-05 1.9815682977e+01
-3.0111670822e-04 5.7968238298e-05 3.5083346974e+01
-2.4269338844e-04 8.3626486481e-05 3.6497007883e+01
2.1292465456e-04 4.0920027309e-06 2.1175074991e+01
2.0499142032e-04 3.9011179378e-06 2.1202184492e+01
1.8509203662e-04 3.5319040890e-06 2.1494148714e+01
1.2940826896e-04 3.1659088094e-06 2.2244717365e+01
1.2149818213e-04 3.1651612985e-06 2.2387282080e+01
8.9929346807e-05 3.1599066087e-06 2.3864185300e+01
8.2057195409e-05 3.1519970235e-06 2.4735196843e+01
5.8426320437e-05 3.1206734941e-06 2.8754754938e+01
5.0585799393e-05 3.0946395740e-06 3.0479524268e+01
3.0803287663e-05 3.0757853943e-06 3.5323407542e+01
7.0754850392e-06 3.0372138113e-06 4.1280846824e+01
-8.4276954409e-07 3.0254043481e-06 4.3118031441e+01
-6.4273209934e-05 2.9628471667e-06 5.2170265375e+01
-9.5998344485e-05 2.9503045449e-06 5.3218857705e+01
-1.2770828830e-04 2.9453391143e-06 5.2866257461e+01
-1.4751560191e-04 2.9450873771e-06 5.2144109147e+01
-1.6724272471e-04 2.9329304631e-06 5.1073223507e+01
2.6138060560e-04 1.3735876231e-04 1.3175082131e+01
3.0064690408e-04 1.1744137419e-04 1.2772217537e+01
3.0003620688e-04 1.1339011845e-04 1.2956314747e+01
3.8467812449e-04 8.6836730421e-06 6.7296379635e+00
-3.2783847079e-04 4.3545342198e-05 1.7247521989e+01
3.0036939412e-04 3.0888594378e-06 1.7763123469e+01
2.7650551880e-04 2.9466614117e-06 2.0502906972e+01
-2.3621961464e-04 2.3875314445e-05 3.9791957505e+01
-2.2932785767e-04 2.3681365315e-05 4.1133432322e+01
-2.8129834722e-04 3.1144230355e-06 2.1956953769e+01
3.5679032945e-04 4.1033918667e-06 1.2096247991e+01
-2.9264117120e-04 3.2448292072e-06 1.7187939236e+01
-1.9154415841e-04 2.4665029168e-05 4.5474960126e+01
-1.8442050946e-04 2.4588195072e-05 4.6031757225e+01
-1.1585632644e-04 5.7710768928e-05 4.1818265008e+01
1.7900770457e-04 1.3242627672e-04 1.7349821876e+01
-1.0856043562e-04 5.2315160872e-05 4.3169317635e+01
3.8877704636e-04 9.1637149922e-06 7.4199490126e+00
2.8837892634e-04 3.2739012496e-06 1.7494894677e+01
1.9780471886e-04 1.5052578670e-04 1.7207397252e+01
-3.8628389762e-05 3.0634627407e-05 4.4939342068e+01
-1.3554659093e-05 3.0964036246e-05 4.0585792838e+01
-6.4423010363e-06 3.1096183751e-05 3.8918943896e+01
6.3857080848e-07 3.1244607925e-05 3.7080841772e+01
1.3964305498e-04 7.8309846255e-05 1.9241048254e+01
1.0904457924e-04 3.6669542265e-05 2.2794327689e+01
1.1658017148e-04 3.7486075418e-05 2.2853272104e+01
1.5906476017e-04 4.3120176107e-05 1.9702518460e+01
7.7202574222e-05 8.4726661702e-05 2.2190241398e+01
2.8119395081e-04 1.1238253767e-04 1.3557990365e+01
4.9546992932e-05 1.3884806276e-04 1.9741410860e+01
4.5051757142e-05 7.7290873689e-05 2.1695939054e+01
-1.1646230721e-04 3.7073482509e-05 4.6343118506e+01
-3.3387880974e-04 4.4407759243e-06 1.8745830053e+01
-2.3764468788e-04 7.7547876881e-05 3.6590927256e+01
1.1410242570e-04 3.0506190126e-05 2.2846636304e+01
2.6212739241e-04 8.5741078996e-05 1.4717813144e+01
1.2171273832e-04 3.1190023834e-05 2.2899418449e+01
3.5318117210e-04 6.2347440562e-05 1.2555446874e+01
-3.0139337022e-04 2.2732044553e-05 1.7262888891e+01
2.3057286471e-04 1.0302943479e-04 1.5316113491e+01
2.8289245638e-04 7.2061650673e-05 1.4654869624e+01
-1.0194915407e-04 7.7743611647e-05 3.8050871056e+01
2.1733175082e-04 9.2193378822e-05 1.6991126946e+01
3.1972913210e-05 1.0591477736e-04 2.0381013560e+01
1.7921850765e-04 9.1837586277e-06 2.1247758537e+01
3.0201255815e-04 9.8326706295e-05 1.3419429331e+01
-2.5552036642e-04 4.4928521019e-05 3.4983980167e+01
1.8712764342e-04 9.5331834099e-06 2.0952568622e+01
1.9847878948e-04 9.0453429428e-05 1.7157273363e+01
1.9966106226e-04 9.7649373255e-05 1.7114749106e+01
-2.8113435217e-04 5.7199707743e-05 3.3812606361e+01
-2.8219908520e-04 6.3206724216e-05 3.6188141959e+01
2.6400544077e-04 1.2683602835e-04 1.3525815803e+01
2.1132115266e-04 4.2849949594e-05 1.7404167462e+01
3.5280494796e-04 5.8207631542e-05 1.2692804158e+01
3.0586919342e-04 9.9182508564e-05 1.3271867733e+01
-3.7821503186e-04 3.9597726877e-06 1.1110014652e+01
-3.5853474963e-04 9.9084740002e-06 1.6760982694e+01
8.3385412453e-05 1.1172308766e-04 2.2352790154e+01
-1.4660073227e-04 5.1203462963e-05 4.2321270503e+01
-3.8283145087e-04 9.2821754223e-06 8.2505995292e+00
1.0398790621e-04 1.5153375852e-04 1.9272469579e+01
1.1043167462e-04 1.1844321827e-04 1.9511898935e+01
3.0631017417e-04 5.0807821058e-05 1.4744919171e+01
-1.0174067711e-04 1.0544874021e-04 3.3609138808e+01
1.9695474298e-04 1.0377661241e-04 1.7118151020e+01
1.9768028450e-04 1.4680611669e-04 1.7183556519e+01
1.9399199856e-04 1.4528800881e-04 1.7285963846e+01
-3.0129083347e-04 5.1293970065e-05 2.6160499621e+01
-1.8525571064e-04 9.0699279510e-05 3.5470887647e+01
6.4429779261e-05 1.4493428048e-04 2.0417534861e+01
9.7407520167e-05 1.5235145930e-04 1.9288870790e+01
9.0697494289e-05 1.5295999240e-04 1.9286626701e+01
3.2072081126e-04 9.8662361211e-05 1.2765557039e+01
-3.5258649282e-04 3.1282334187e-05 1.2253440331e+01
-3.6467983234e-04 2.5208776474e-05 1.0885026607e+01
-3.5977679534e-04 3.0821936373e-05 1.1005566260e+01
-3.4409722190e-04 3.8443692774e-05 1.2921229989e+01
1.3943682807e-04 6.3977875254e-05 2.0360346923e+01
2.9586472624e-04 3.8571292337e-05 1.5503287017e+01
1.4700941821e-04 6.5554843206e-05 1.9377370335e+01
3.2006559207e-04 6.4086047233e-05 1.3890027280e+01
1.2735287554e-04 1.5324996278e-04 1.8764673280e+01
1.2142560458e-04 1.5835380040e-04 1.8655116127e+01
1.9091304469e-04 1.1231184031e-04 1.7162511762e+01
-1.8510149614e-04 9.9261008354e-05 3.4958907597e+01
2.2327526265e-04 8.3274189789e-05 1.7006363798e+01
2.1602833393e-04 8.4872845505e-05 1.7049012268e+01
3.7853509820e-04 2.9641305583e-05 1.1332435102e+01
3.8498544034e-04 1.8195412471e-05 1.0100783064e+01
3.8199919788e-04 3.1133886167e-05 1.1189421866e+01
3.7586131902e-04 3.7754708743e-05 1.1636441340e+01
4.5602469016e-05 9.8459324576e-05 2.0879016722e+01
-2.1813775725e-04 4.3022958637e-05 4.0044403404e+01
-2.0626726773e-04 4.4226977577e-05 4.0831500452e+01
3.0582593892e-04 2.9362657438e-05 1.5680505916e+01
-2.6839745811e-04 6.5039925900e-05 3.6255293387e+01
-2.6996047046e-04 3.6569917122e-05 2.9622968495e+01
-3.4144913847e-04 3.6329977540e-05 1.4328002477e+01
1.5840293106e-04 1.0529564941e-04 1.7336179470e+01
-3.3304910767e-04 3.1527215631e-05 1.7074569650e+01
-2.7516434959e-04 6.5306181404e-05 3.6462976248e+01
-2.5642602997e-04 7.0866653863e-05 3.6829052505e+01
2.2596051192e-04 9.8139075357e-05 1.5889666146e+01
-1.3500133728e-04 5.8105685495e-05 4.1198421719e+01
-1.7199730764e-04 9.7701029332e-05 3.4835479266e+01
2.6746465765e-04 7.2509058616e-05 1.5035323937e+01
2.6816185765e-04 7.6249682434e-05 1.4876896151e+01
3.4096545399e-04 8.3712682169e-05 1.2460286534e+01
2.8343878042e-04 3.6790338886e-05 1.6966940757e+01
2.4125266400e-04 7.7224534299e-05 1.6354424098e+01
-3.2550890246e-04 3.1890253758e-05 1.7359495916e+01
-2.8705283322e-04 5.1778206758e-05 3.0144270821e+01
2.5619430238e-04 1.2479346663e-04 1.3781218527e+01
3.4085998753e-04 3.5200059350e-06 1.6360662764e+01
3.3244150280e-04 3.4994728284e-06 1.6953932675e+01
3.3816882762e-04 1.0809458384e-05 1.5532423406e+01
3.3190077276e-04 9.7467722899e-05 1.2355180438e+01
3.3493970850e-04 9.0752971418e-05 1.2475813627e+01
1.2672348373e-04 1.4655797423e-04 1.8817771961e+01
2.9623166353e-04 1.1216736384e-04 1.3128444220e+01
3.1336276255e-04 7.0425253197e-05 1.3912277045e+01
3.0886752458e-04 6.5890679488e-05 1.4177215827e+01
3.0894449361e-04 4.3973196171e-05 1.4921127638e+01
3.2073535515e-04 2.3940085488e-05 1.5492743124e+01
-2.3640113479e-04 5.0643861027e-05 3.7619610425e+01
2.1746519771e-04 1.1727305661e-04 1.5670314554e+01
2.1007855732e-04 1.1855205572e-04 1.7105464537e+01
2.0322166558e-04 1.2349002669e-04 1.7024645550e+01
2.1098149847e-04 1.2610338042e-04 1.6706266414e+01
2.1840400471e-04 1.2487445349e-04 1.5238762533e+01
2.2231947277e-04 1.2612629178e-04 1.4815033125e+01
2.2971223239e-04 1.2472745370e-04 1.4480039371e+01
2.8657240435e-04 1.2553736171e-04 1.2914032525e+01
1.3324613628e-04 1.4557465140e-04 1.8478536205e+01
1.2343432812e-04 9.7852358598e-05 1.9711525042e+01
-1.4038841473e-04 8.4949517937e-05 3.6070000355e+01
-3.1523119671e-04 3.6876140141e-06 1.7105024612e+01
3.2045051966e-04 3.2405857974e-06 1.7311706548e+01
-2.4937018286e-04 7.1167111943e-05 3.6806844622e+01
2.7528720482e-04 3.5742762278e-05 1.7113101411e+01
2.5003029515e-04 1.3804646111e-04 1.3461735139e+01
2.5393427819e-04 1.3909477176e-04 1.3309167746e+01
2.4254643662e-04 1.3966390430e-04 1.3586102477e+01
2.1645427281e-04 1.4652715180e-04 1.3992976294e+01
2.1259434634e-04 1.4515495893e-04 1.4402341328e+01
2.1254505273e-04 1.5288470648e-04 1.3679673872e+01
2.2879157490e-04 1.1708053355e-04 1.4837967024e+01
2.4281986492e-04 2.9600668191e-05 1.8132630047e+01
2.5080883149e-04 3.0378725769e-05 1.7762602125e+01
2.3552053730e-04 3.1679769026e-05 1.8009722999e+01
2.3152500154e-04 3.1224592658e-05 1.8074932196e+01
2.5478244766e-04 3.0736657637e-05 1.7571656098e+01
-2.1205524466e-04 2.3297433239e-05 4.3699854248e+01
1.6534199165e-04 8.4819534077e-05 1.7274244351e+01
1.6167405202e-04 8.3872978981e-05 1.7246297623e+01
1.5369890557e-04 7.8810078974e-05 1.7494386010e+01
-3.4509644013e-04 1.8839713103e-05 1.7123443612e+01
-2.3115033843e-04 8.5092848674e-05 3.6215477902e+01
1.8714188941e-04 1.5289275679e-04 1.7578470901e+01
-1.9771802762e-04 1.6681880302e-05 4.6367438337e+01
1.7343260697e-04 1.5064868100e-04 1.7411185258e+01
2.1815568204e-04 2.4181582150e-05 1.8723509765e+01
2.1024100152e-04 2.3353445327e-05 1.8894462829e+01
2.2355510739e-04 3.0293364716e-05 1.8174219590e+01
2.2938185880e-04 2.2603462818e-05 1.8841716290e+01
1.6680536808e-04 5.8170681679e-05 1.8127706274e+01
-1.5929592661e-04 8.4115626562e-05 3.6078781203e+01
1.2174374848e-04 7.6826819456e-05 2.1959028206e+01
1.1510553838e-04 7.8029707727e-05 2.2937901527e+01
9.5972709375e-05 7.0991858734e-05 2.2619339027e+01
8.9684734543e-05 7.2213439656e-05 2.2516881250e+01
8.2693441476e-05 7.0745822020e-05 2.2403141995e+01
6.4913409532e-05 6.5000641324e-05 2.2158166897e+01
5.8323821930e-05 6.3905226079e-05 2.2082821894e+01
5.1837424538e-05 6.2895609511e-05 2.2023350561e+01
4.6298214440e-05 6.4239626997e-05 2.1957553771e+01
5.3799748479e-06 5.7866506837e-05 2.9994474237e+01
-8.8955009861e-07 5.7456176326e-05 3.2482897503e+01
-7.2212493011e-06 5.7094032994e-05 3.4643886811e+01
-1.3604974817e-05 5.6778452987e-05 3.6483820720e+01
-1.8750289179e-05 5.8354148751e-05 3.7550935061e+01
-2.5161396757e-05 5.8106588649e-05 3.8854145722e+01
-3.1602172631e-05 5.7901834111e-05 3.9901487419e+01
-3.8065456644e-05 5.7731036754e-05 4.0725453665e+01
-4.4546476614e-05 5.7597458000e-05 4.1356144218e+01
3.1612089495e-05 6.4313163896e-05 2.1905779063e+01
1.9793388862e-05 5.7082639235e-05 2.3180619030e+01
7.7600515530e-05 6.4890958625e-05 2.2351939721e+01
6.9882308784e-05 7.0609134071e-05 2.2179619076e+01
-5.1040035894e-05 5.7497433580e-05 4.1822165299e+01
1.0236863477e-04 6.9748545108e-05 2.2711373390e+01
1.3588365252e-04 7.7385611786e-05 1.9826718410e+01
1.3536638990e-04 4.9839478915e-05 2.1716428279e+01
1.8733188437e-04 2.3563564808e-05 1.9463318378e+01
1.9125791139e-04 2.3966994419e-05 1.9282755880e+01
1.7948387196e-04 2.2783569175e-05 1.9871841623e+01
1.9911880954e-04 2.4797927309e-05 1.8972244815e+01
2.3819729691e-04 4.3603684951e-05 1.7106572490e+01
2.3620437131e-04 5.2531079508e-05 1.7197587691e+01
2.3688253625e-04 5.5855588611e-05 1.7170896507e+01
2.4486010468e-04 5.7330049794e-05 1.7093310425e+01
2.2833564278e-04 5.1257346610e-05 1.7192013423e+01
2.4888444593e-04 5.8100607876e-05 1.7061748097e+01
2.5004240553e-04 4.5191862726e-05 1.7184385265e+01
1.2086214804e-04 5.0092421512e-05 2.2871678834e+01
1.2851327640e-04 5.1303822042e-05 2.2505994240e+01
-1.9237130310e-04 9.7788557689e-05 3.5148320444e+01
1.6625420686e-04 1.7006816328e-05 2.1125753804e+01
1.6061565885e-04 2.3385386398e-05 2.0943016608e+01
1.5276945814e-04 2.2692516109e-05 2.1579978166e+01
1.7412512234e-04 1.7585455507e-05 2.0640515542e+01
1.7805863387e-04 1.7891119602e-05 2.0412922219e+01
2.1206859396e-04 6.3964764202e-05 1.7224173900e+01
-1.5293544034e-04 1.6476979096e-05 4.9468695920e+01
-1.6043485902e-04 1.6501818786e-05 4.9089816174e+01
-1.3344572795e-04 1.1114784246e-04 3.3579644202e+01
-1.2276189853e-04 7.8314025755e-05 3.7441958817e+01
-1.4164660913e-04 1.6444351800e-05 4.9955644925e+01
-1.3410645623e-04 1.6426928553e-05 5.0225892065e+01
-2.2986360892e-04 7.1308746830e-05 3.6862095910e+01
1.0166256581e-04 9.1427014525e-05 2.2714523080e+01
1.8004313204e-04 1.5324940379e-04 1.7537178801e+01
-1.2277682122e-04 1.6405713100e-05 5.0546068301e+01
-1.1521317927e-04 1.6394242266e-05 5.0697671604e+01
-1.2806013527e-04 1.7952219406e-05 5.0106285270e+01
1.3556776475e-04 1.7251771230e-05 2.2867038266e+01
1.2779646917e-04 1.6901030761e-05 2.2993503132e+01
1.3947560628e-04 1.7453211323e-05 2.2705158093e+01
1.4731906839e-04 1.7907818501e-05 2.2247452206e+01
1.8653382642e-04 1.3875566290e-04 1.7342600817e+01
1.2009207604e-04 1.6614076551e-05 2.2935649435e+01
1.1626524718e-04 1.6492613076e-05 2.2913745509e+01
1.0866089702e-04 1.6289779179e-05 2.2886310200e+01
1.6509455053e-04 1.0409477949e-04 1.7326863086e+01
1.7237599285e-04 1.0636694135e-04 1.7301699803e+01
1.6610334094e-04 1.1103562555e-04 1.7329419582e+01
1.7287858921e-04 1.0988084290e-04 1.7300863365e+01
-9.7125335967e-05 2.4114477348e-05 4.9296755899e+01
-8.8686919469e-05 1.6377057761e-05 5.0739733114e+01
-9.6272709567e-05 1.6377967056e-05 5.0817141281e+01
9.7374013379e-05 1.6072529696e-05 2.2870782220e+01
1.0189878313e-04 1.7924555646e-05 2.2824322911e+01
-8.3953918592e-05 7.7468593855e-05 3.8609504373e+01
-8.9971982948e-05 7.7536392819e-05 3.8426178094e+01
-7.7300487067e-05 1.6382154528e-05 5.0457371211e+01
-6.9706623936e-05 1.6390164061e-05 5.0140596691e+01
-8.2864245260e-05 1.7907100023e-05 5.0333964713e+01
8.3385681024e-05 1.7599415416e-05 2.2821977025e+01
7.6101174315e-05 1.7530275350e-05 2.2977096342e+01
8.9930114519e-05 1.5975897022e-05 2.2864057063e+01
-5.8314439818e-05 1.6411370872e-05 4.9439348883e+01
-5.0721335446e-05 1.6433042124e-05 4.8801272876e+01
7.1552476789e-05 1.5840285969e-05 2.3898896110e+01
6.4198248269e-05 1.5781963664e-05 2.5020155326e+01
5.0562281159e-05 1.7283536542e-05 2.7327018122e+01
5.7894441394e-05 1.7362280287e-05 2.5782490054e+01
-3.9336834692e-05 1.6473888571e-05 4.7557053091e+01
-3.1755217394e-05 1.6510961296e-05 4.6520597870e+01
-1.4073271823e-04 3.7295218952e-05 4.5586994015e+01
-6.3021019281e-05 8.5054444468e-05 3.7898712338e+01
3.7918028779e-05 1.3246931416e-04 3.3767803215e+01
3.9509243495e-05 1.7159027844e-05 2.9981397391e+01
3.2105202472e-05 1.7074228326e-05 3.1907120468e+01
4.5704569325e-05 1.5610827444e-05 2.8861597774e+01
-2.0397729710e-05 1.6576825192e-05 4.4641113413e+01
-1.2841546684e-05 1.6631302294e-05 4.3172331875e+01
-1.5910514102e-04 1.0488056817e-04 3.4259268171e+01
2.4672576934e-05 1.6991411757e-05 3.3898618038e+01
1.9546283713e-05 1.5352213571e-05 3.5642754713e+01
1.3475994461e-05 1.6869122355e-05 3.6897267550e+01
2.4792206676e-04 1.1884963571e-04 1.4131130545e+01
8.4135925191e-09 1.8306879481e-05 3.9982322405e+01
5.9813386837e-06 1.6793559729e-05 3.8833335063e+01
5.8588080187e-06 3.8149211247e-05 3.4052515015e+01
-5.7150711059e-05 8.5110148527e-05 3.8053993800e+01
-5.1283666179e-05 8.5202678748e-05 3.8164907792e+01
-5.7638626033e-05 9.6878312885e-05 3.6279152152e+01
-4.5422618917e-05 8.5335795446e-05 3.8211227117e+01
1.7445062974e-04 9.7017418020e-05 1.7293982917e+01
1.7815049759e-04 9.8107591679e-05 1.7274971559e+01
2.0506487540e-05 1.3144126813e-04 5.9356087108e+01
-4.9753049366e-05 3.7048743346e-05 4.5015754263e+01
-7.5070757711e-06 1.1216763197e-04 3.8005390810e+01
-5.0632824284e-07 1.1104417324e-04 3.7402848852e+01
7.2821718436e-06 1.1240673754e-04 3.6688069825e+01
1.1764830122e-05 1.1118608544e-04 3.4924170995e+01
2.5597872631e-05 1.1939024221e-04 3.2647332030e+01
3.2114890529e-05 1.1736255330e-04 2.5246423408e+01
-1.8502094218e-05 9.8577271515e-05 3.7218145978e+01
-1.5033296542e-07 1.2652912701e-04 4.5156509712e+01
-7.6366537979e-06 1.2514394688e-04 4.2202098808e+01
-1.2978781326e-05 9.9081078347e-05 3.6848205487e+01
-1.5417637068e-04 7.1921002201e-05 3.8004192015e+01
-1.5919571709e-04 7.0242831008e-05 3.8201583218e+01
-1.2561631864e-05 1.2448357081e-04 4.0981855018e+01
-2.6524588207e-05 1.2527464106e-04 3.6851910281e+01
-3.1529490645e-05 1.2490140593e-04 3.4954574577e+01
-1.9080014783e-05 1.2595868526e-04 4.0112603288e+01
-3.2182075962e-05 1.1838296160e-04 3.5424344162e+01
-4.4440107844e-05 1.2415353709e-04 3.2616781515e+01
-4.4286834088e-05 1.0526736789e-04 3.5894742316e+01
1.5180056228e-04 1.3260521335e-04 1.7306876866e+01
1.9490537146e-05 1.0444864193e-04 2.7389082319e+01
1.4823148080e-04 1.0537023866e-04 1.7312769942e+01
-4.5134492699e-05 1.1775441146e-04 3.3777604399e+01
-1.9045544529e-04 4.3546653494e-05 4.1972563287e+01
-1.6129442484e-04 3.7578332986e-05 4.4691249276e+01
-6.4102103800e-05 1.2392586652e-04 3.2436650415e+01
5.6934791335e-05 9.9544976239e-05 2.1209559330e+01
-7.6628019511e-05 1.1737135448e-04 3.2630151266e+01
-6.9981729591e-05 1.1943550247e-04 3.2519347273e+01
1.3371042687e-04 1.1990370666e-04 1.7161191333e+01
1.1546418602e-04 9.2502025583e-05 2.1703699993e+01
1.1690982082e-04 9.8918071570e-05 2.0658731510e+01
1.9898683732e-04 1.0120548340e-05 2.0591298702e+01
-1.6654671437e-04 2.4415383212e-05 4.7191763499e+01
7.7056364557e-05 1.3763000984e-04 2.0160246210e+01
2.3032895385e-04 4.2605824470e-05 1.7080156422e+01
1.2649260825e-05 3.8382943642e-05 3.1868507811e+01
7.0099653475e-05 4.3623093148e-05 2.2370878140e+01
9.0386947311e-05 4.3600501140e-05 2.2594912642e+01
9.7633666088e-05 4.4461533832e-05 2.2668970068e+01
1.0129663236e-04 4.4919139173e-05 2.2706403194e+01
-2.5015234923e-04 3.7889369617e-05 3.5837093551e+01
-3.2642979478e-04 4.0534250314e-06 1.7669815644e+01
1.8708068762e-04 3.6551030107e-05 1.8446830399e+01
5.8406772591e-05 1.3120157332e-04 2.0712625272e+01
8.3384090521e-05 1.3710117979e-04 2.0052837451e+01
-8.3197264414e-05 1.1959091878e-04 3.2614064815e+01
-1.2812071477e-04 1.1084905907e-04 3.3487723413e+01
7.0780126313e-05 1.3799545572e-04 2.0296104784e+01
3.7401494298e-05 5.6800978006e-05 2.2005303666e+01
-2.3808688952e-04 2.9820035946e-06 4.1732463347e+01
-2.3020676016e-04 2.9698835201e-06 4.3567418229e+01
-2.2341162030e-04 4.4544366799e-06 4.4730877670e+01
8.4182415450e-05 1.5379612803e-04 1.9209997176e+01
-7.7069278839e-05 5.7346751678e-05 4.2520062026e+01
2.4400548389e-04 1.1777249207e-04 1.4253650996e+01
-8.2372349255e-05 2.4106474498e-05 4.9127651639e+01
2.6148035134e-05 7.1844040632e-05 2.1801877105e+01
1.2424213338e-05 7.2029785874e-05 2.4652953291e+01
6.1064407049e-07 7.0777741348e-05 3.0682404898e+01
-5.3895991499e-06 7.0266485697e-05 3.3037282487e+01
-6.2845009944e-05 7.7434626453e-05 3.9100110713e+01
-1.6523029169e-04 5.7239817525e-05 4.0450946303e+01
2.3864265207e-04 1.3854757523e-04 1.3725330617e+01
-5.0778890188e-05 7.7583823322e-05 3.9124914421e+01
-7.0752553124e-05 4.3584579050e-05 4.5027817793e+01
-4.4751466976e-05 7.7714744693e-05 3.9006593090e+01
1.2827931542e-05 1.2462234034e-04 4.4921951949e+01
-5.2982702050e-06 1.6690691339e-05 4.1541262136e+01
-7.0566130156e-05 5.7348759001e-05 4.2480529188e+01
-1.7316711199e-04 8.5233326155e-05 3.5922887187e+01
6.3214166648e-05 5.1392423056e-05 2.2248099520e+01
-3.2735294615e-05 7.8109518186e-05 3.8369481502e+01
-8.8433609397e-05 3.6942868144e-05 4.6636403202e+01
-9.5453695418e-05 3.6961391374e-05 4.6642213406e+01
2.1697383583e-04 4.1457523587e-06 2.1198547973e+01
-2.1047422415e-04 2.9500376884e-06 4.6955879095e+01
-2.0380589608e-04 4.4251001553e-06 4.7618235296e+01
-2.1837143206e-04 2.9562560843e-06 4.5769728525e+01
-7.7888996799e-05 3.6934196965e-05 4.6494964034e+01
-1.1386451587e-04 5.0630416041e-05 4.3415404089e+01
-2.6750533898e-05 7.8384067994e-05 3.7778816037e+01
-1.3005882950e-05 7.7329466804e-05 3.5356461535e+01
-1.2137792097e-06 7.8377136882e-05 3.1606847250e+01
-1.8965222772e-05 7.6918969362e-05 3.6637688199e+01
1.9708808618e-05 8.3324441396e-05 2.1724680425e+01
2.5388692810e-05 8.4382339955e-05 2.1532273872e+01
2.5555902579e-05 6.3571761139e-05 2.1908292319e+01
-1.7989190247e-05 1.1100088238e-04 3.7652141140e+01
-5.7278833001e-05 5.0452091476e-05 4.3270715017e+01
2.6133379664e-04 4.3620781310e-05 1.7134034943e+01
-7.0642213425e-05 5.0383737005e-05 4.3754235453e+01
3.2047177135e-05 9.6881799021e-05 2.0929707576e+01
-1.8678966031e-04 2.9221645970e-06 4.9593212499e+01
-1.9202524961e-04 4.4114711366e-06 4.8887841526e+01
1.8114912791e-04 3.4412953400e-06 2.1569262314e+01
9.6427375775e-05 1.3903554330e-04 1.9807943823e+01
1.9259603286e-04 9.9012028050e-05 1.7170011842e+01
1.6126951470e-04 3.2211183027e-06 2.1943310902e+01
1.5326930306e-04 3.1749985248e-06 2.2023721079e+01
-3.8848576549e-05 1.0547233847e-04 3.6300780776e+01
-8.2587349433e-05 1.0498949509e-04 3.3914599363e+01
1.3343129548e-04 3.1432987506e-06 2.2222604586e+01
3.0852880097e-04 3.0620332996e-06 1.7788938097e+01
1.0937410555e-04 1.1182514454e-04 2.0185105505e+01
1.0966989581e-04 3.1489054685e-06 2.2639645918e+01
-1.7378964854e-04 7.1117148192e-05 3.7793255825e+01
1.2921015584e-04 7.8652326309e-05 2.0679708175e+01
-1.0776788928e-04 1.1190529507e-04 3.3134170276e+01
1.9731672810e-04 1.3938872371e-04 1.7150974954e+01
-2.6947284933e-04 3.0592465542e-06 2.9531618801e+01
-2.6166265074e-04 3.0266345935e-06 3.3525432120e+01
1.7922126541e-04 1.0514987363e-04 1.7262190600e+01
-1.9733480438e-04 3.6648150024e-05 4.2785076343e+01
2.6054323504e-04 2.6735826808e-06 2.2160309667e+01
7.1227145904e-05 1.1292515839e-04 2.1803581866e+01
-2.8860479926e-04 3.6697507600e-05 1.7868025932e+01
-9.7275162495e-05 5.0462765771e-05 4.3772511049e+01
2.4853449504e-04 2.4651812645e-06 2.1905231051e+01
1.0178761458e-04 3.1466027881e-06 2.2985242454e+01
2.2459877178e-04 2.0684503139e-06 2.1406772541e+01
-6.3455608133e-05 1.1735634027e-04 3.2780640829e+01
-7.1295732803e-05 2.4116469673e-05 4.8767405843e+01
1.9731253234e-04 3.6408079218e-06 2.1297796772e+01
1.4157766286e-04 3.0872849960e-06 2.2228883581e+01
1.3585562837e-04 9.2322828307e-05 1.8376788718e+01
-2.1765936751e-04 9.1326281106e-05 3.5822480994e+01
-2.1052505463e-04 9.2527784968e-05 3.5664557926e+01
2.4230379743e-04 6.3566504268e-05 1.7050206854e+01
-1.8428398560e-04 7.8016901055e-05 3.6717278882e+01
1.4598835226e-04 9.2094319702e-05 1.7083953998e+01
-1.2110204503e-04 1.1251458174e-04 3.3318356576e+01
-1.4598297584e-04 9.1322628814e-05 3.5198785318e+01
-5.0350245346e-05 1.1758685831e-04 3.3362171107e+01
-2.0410982420e-04 7.1802408794e-05 3.7205624502e+01
1.4661406584e-04 1.4702341740e-04 1.7740548439e+01
3.0772344735e-04 8.4404308733e-05 1.3672332282e+01
-1.9862177167e-04 2.9394852493e-06 4.8419524322e+01
2.4345233491e-04 5.0537688136e-05 1.7181155680e+01
3.5816910294e-04 3.8948142390e-05 1.2813739521e+01
3.5857342785e-04 4.3042662440e-05 1.2725676841e+01
1.7955975503e-04 8.5346224314e-05 1.7283685222e+01
-1.0824265958e-04 6.4813727538e-05 4.0499605280e+01
-8.2988826486e-05 9.6903438901e-05 3.5162892561e+01
2.9937643648e-04 7.8983745450e-05 1.4054284545e+01
-1.7818250581e-04 3.7900200017e-05 4.3773983088e+01
7.6051113605e-05 9.2306184534e-05 2.2087420244e+01
-8.9751983083e-05 2.4107630797e-05 4.9251700850e+01
1.5837818632e-04 1.6477398817e-05 2.1643432567e+01
1.5314848719e-04 1.4612759443e-04 1.7090533218e+01
1.1547708533e-04 1.3298109520e-04 1.9132023566e+01
1.5969935645e-04 1.4529375627e-04 1.7298257095e+01
1.9782384204e-04 4.9375190720e-05 1.7289671018e+01
1.9980148057e-04 1.2590448712e-04 1.7067890852e+01
1.6630589900e-04 1.4450375400e-04 1.7372463604e+01
-2.3143728481e-04 5.8437246330e-05 3.7557643147e+01
1.5413481067e-04 1.2357202065e-04 1.7341212432e+01
1.8397689333e-04 7.0585602542e-05 1.7231688568e+01
2.7576628073e-04 9.9902642104e-05 1.4034379662e+01
2.1299073603e-04 1.1226776959e-04 1.7103344445e+01
-1.0933822071e-04 5.7613212928e-05 4.2003994734e+01
-1.0882121466e-04 1.0365199673e-04 3.3785980107e+01
2.1863676322e-04 7.8660697690e-05 1.7078848230e+01
-3.5293067351e-04 2.5812829383e-05 1.3341369176e+01
-2.2376090670e-04 8.3627061264e-05 3.6203432931e+01
2.0618470733e-04 1.1729124776e-04 1.6983061877e+01
2.4490931136e-04 1.2544581364e-04 1.4013231973e+01
-1.3385084951e-04 2.4219944252e-05 4.8651350452e+01
2.9558579911e-04 5.6311994916e-05 1.4865767338e+01
2.1919552003e-04 1.3251446207e-04 1.4704730059e+01
7.1273469033e-05 8.5764780079e-05 2.2023188141e+01
1.0296636562e-04 1.1273642207e-04 2.0939857435e+01
7.6060457618e-05 1.0610107430e-04 2.2013696066e+01
2.0399570754e-04 1.3098668545e-04 1.6981860908e+01
-1.3452882245e-04 7.8764954508e-05 3.7143690048e+01
1.5373211932e-04 9.7437541113e-05 1.7302810713e+01
1.4573511745e-04 1.1100998546e-04 1.7315977398e+01
-5.6594321615e-05 3.0502105917e-05 4.6733746649e+01
-3.7346812978e-05 1.1809097211e-04 3.4655303581e+01
7.0245829277e-05 3.1375923267e-06 2.6496156904e+01
2.6348602323e-04 1.6956850027e-05 1.9288841006e+01
7.8120714700e-05 3.1475248111e-06 2.5262405544e+01
2.2534378268e-04 1.1970934067e-04 1.4923498433e+01
2.5527843286e-04 1.1710835402e-04 1.4018212619e+01
-7.0165772060e-05 1.1106512436e-04 3.3404203306e+01
1.0344726676e-04 1.4487441213e-04 1.9578749066e+01
2.0629389882e-04 2.2946737712e-05 1.8991915048e+01
-1.4011691368e-04 5.1058715462e-05 4.2566752281e+01
-3.0719438324e-04 4.2853632171e-05 1.7584841501e+01
-1.5403893556e-04 9.8102499090e-05 3.4583186792e+01
2.9418745322e-04 3.1385914559e-05 1.7118462896e+01
-1.2705506769e-04 5.0813667531e-05 4.3022487170e+01
-1.4768138284e-04 4.2479792791e-05 4.4187828740e+01
2.4139704614e-04 2.3770115930e-05 1.8778876567e+01
-4.5773402483e-05 3.0572574112e-05 4.5770798724e+01
-2.2335433866e-04 1.6913464701e-05 4.3096569363e+01
2.0626451778e-04 7.2388137354e-05 1.7211287311e+01
8.2136020974e-05 1.0537546008e-04 2.2247426493e+01
-2.4484456252e-04 1.7273783412e-05 3.8431364180e+01
2.8857253220e-04 2.4231212068e-05 1.7094406761e+01
-1.8688562502e-04 5.0744323303e-05 4.0840802651e+01
-1.9135188033e-04 6.4464680776e-05 3.8417392144e+01
-2.0450861534e-04 2.9902868015e-05 4.3385207814e+01
-2.1040145551e-04 3.7096769615e-05 4.1623233611e+01
2.7595170545e-04 5.6409998441e-05 1.5490981614e+01
-2.9463335198e-04 5.0083025915e-05 2.6674952668e+01
-2.8208297040e-04 3.0112755452e-05 2.0634935356e+01
2.5601837018e-04 3.6709280389e-05 1.7085144085e+01
-2.4958750598e-04 2.4413409629e-05 3.6418050130e+01
1.8521590254e-04 1.2430327156e-04 1.7244036368e+01
2.9426022552e-04 9.6614506326e-05 1.3689732038e+01
-1.8053319865e-04 5.7941635594e-05 3.9809351568e+01
-1.0822471897e-04 9.7524346864e-05 3.4538264031e+01
2.5540119944e-04 9.1407306227e-05 1.4716688001e+01
2.7421054701e-04 1.1688939006e-05 1.9317835428e+01
6.3743238240e-05 1.0448836964e-04 2.1404051465e+01
2.3051330043e-04 1.3239863665e-04 1.4155341419e+01
1.0996145832e-04 1.4396525314e-04 1.9426095899e+01
2.6268536140e-04 3.1391898059e-05 1.7153997980e+01
2.6675084550e-05 1.0427631321e-04 2.0345038036e+01
3.2641272806e-04 8.4441130015e-05 1.3042092911e+01
2.7339686079e-04 6.3010549271e-05 1.5230533183e+01
-1.4624964030e-04 3.0735075746e-05 4.6814749621e+01
2.9930660708e-04 1.8602928767e-05 1.7077937518e+01
1.8020512419e-04 6.9762915011e-05 1.7202438836e+01
2.8848547759e-04 1.1035073186e-04 1.3425246460e+01
1.1632207367e-04 7.0068968447e-05 2.2980788492e+01
1.0223457106e-04 1.3148755048e-04 1.9641140797e+01
1.4179589650e-04 1.3235109926e-04 1.7070546246e+01
3.1129109034e-05 8.5550233764e-05 2.1425093616e+01
-1.2048347678e-04 5.0711915116e-05 4.3228702631e+01
-2.7417118912e-04 5.6933834910e-05 3.4241321461e+01
2.8307531962e-04 9.7859594233e-05 1.3928110072e+01
-3.6610363964e-04 3.4995689518e-06 1.8419734519e+01
1.9281461708e-04 7.8981002506e-05 1.7246456259e+01
2.7681732579e-04 4.2615886713e-05 1.7064166164e+01
2.5675173857e-04 7.7312553799e-05 1.5163644307e+01
-3.3436156044e-04 2.3493032809e-05 1.7189893001e+01
2.4536395594e-05 9.7141349670e-05 2.1206429819e+01
2.6276056868e-04 8.9519247206e-05 1.4587091444e+01
3.1820341744e-04 3.0796737519e-05 1.5181757265e+01
3.6664508967e-04 1.5853811949e-05 1.1152634855e+01
2.4246544468e-04 1.0631146521e-04 1.4640370338e+01
5.8122016244e-05 1.0515759615e-04 2.1065738267e+01
3.1159176663e-04 8.5195156228e-05 1.3531896758e+01
1.2843244153e-04 1.3098933173e-04 1.8185554157e+01
-9.6276865763e-05 1.0528146910e-04 3.3658692528e+01
2.7729644771e-04 1.1144708644e-04 1.3684813366e+01
2.7346925959e-04 8.4652451055e-05 1.4487312374e+01
-7.7105743445e-05 1.0492485852e-04 3.4078431453e+01
-2.1067045604e-04 5.0206451722e-05 3.9646505237e+01
1.0971085963e-04 7.1323239897e-05 2.2814055826e+01
-2.0506553807e-04 1.6736412323e-05 4.5594702149e+01
1.9725391951e-04 8.3393130811e-05 1.7203120520e+01
-7.7321524258e-05 5.0378222682e-05 4.3855558188e+01
-1.7953102115e-04 7.1529451517e-05 3.7635469010e+01
-1.2789014749e-04 1.0457903628e-04 3.3807508466e+01
-1.0263664540e-04 9.7339386516e-05 3.4633498381e+01
2.7663984883e-04 2.3469839821e-05 1.7136124348e+01
2.8057202075e-04 2.3685229879e-05 1.7016756000e+01
-1.8485794529e-04 3.8057856308e-05 4.3355588389e+01
-1.6541457233e-04 1.8076008553e-05 4.8513744565e+01
3.3305013203e-04 7.8046004088e-05 1.2989236623e+01
3.3148274357e-04 1.7727960330e-05 1.5392001839e+01
1.7333904051e-04 7.1299178513e-05 1.7140909791e+01
3.2160932530e-04 9.9801481947e-06 1.7060978910e+01
2.5135755365e-04 1.6170404422e-05 1.9739858692e+01
-9.0654693144e-05 5.0417344766e-05 4.3852780464e+01
2.6789909248e-04 9.8056207082e-05 1.4244244919e+01
-1.4041310704e-04 9.0974550124e-05 3.5241623047e+01
2.8871610964e-04 8.4237957626e-05 1.4165593352e+01
3.2112468492e-04 7.1851265978e-05 1.3623595185e+01
2.6109788468e-04 1.0379095142e-04 1.4238500579e+01
3.0635215466e-04 1.0310057710e-04 1.3122393745e+01
5.0875693837e-05 9.7630747109e-05 2.1063289815e+01
2.5659963576e-04 9.8993846703e-05 1.4463564205e+01
2.1859506565e-04 9.9624495560e-05 1.7097714730e+01
-1.2246462164e-04 1.0427714972e-04 3.3780353217e+01
-2.1656045098e-04 8.4475205857e-05 3.6113225289e+01
1.2869828450e-05 9.2468787231e-05 2.6741889187e+01
2.2319885678e-04 1.0453246719e-04 1.5640202749e+01
-2.0369506939e-04 5.7506469498e-05 3.8995029655e+01
-2.8153229104e-04 4.4303629640e-05 2.7385236108e+01
-2.9557462771e-04 1.0579212633e-05 1.7138072076e+01
3.3966506901e-04 7.1542098445e-05 1.2918412396e+01
2.3851114924e-04 1.0523461752e-04 1.4822377122e+01
-1.6714906743e-04 9.0907001724e-05 3.5321130596e+01
-6.4796157733e-05 1.1107507029e-04 3.3605518922e+01
7.3420160304e-06 9.1515775536e-05 2.9721578546e+01
3.3107918329e-04 3.5821891114e-05 1.4439112886e+01
1.5530328629e-04 7.0249558122e-05 1.8136423192e+01
2.9544153394e-04 7.8205692188e-05 1.4174255761e+01
-5.6756254340e-05 1.1115823962e-04 3.4019485339e+01
8.3514250684e-05 9.7298200670e-05 2.2290588108e+01
2.6853015985e-04 5.8519763744e-05 1.5455531797e+01
6.5061513739e-06 8.3273669154e-05 2.8464050678e+01
-1.6706902032e-04 3.5976237056e-05 4.4757137307e+01
2.4417573274e-04 3.5515358188e-05 1.7395323582e+01
3.8916986563e-05 1.0352985099e-04 2.0453029232e+01
7.0786154402e-05 6.3691975736e-05 2.2256168332e+01
3.4626621488e-04 6.4934250844e-05 1.2822350139e+01
-5.1408991914e-05 1.1126308777e-04 3.4377091962e+01
-1.4813048398e-04 7.7456640169e-05 3.7162002203e+01
2.6690911003e-04 5.1230926449e-05 1.7119433231e+01
1.9728235693e-04 6.4131495121e-05 1.7218810506e+01
-2.2461217377e-04 3.0496810103e-05 4.0964262874e+01
-4.6074202641e-05 1.1141093587e-04 3.4802489399e+01
2.8331955591e-04 1.7845871399e-05 1.7099743426e+01
-1.9766747698e-04 2.9753792403e-05 4.4022288402e+01
2.1083828320e-04 1.0780350521e-05 2.0343518897e+01
-1.8554937120e-04 6.4040673734e-05 3.8638373870e+01
1.3564518355e-04 6.3207068533e-05 2.0885343035e+01
5.0139365007e-05 5.8331066341e-05 2.2061546238e+01
2.9423294780e-04 7.0606054215e-05 1.4424805980e+01
-1.9896332532e-05 9.0460402228e-05 3.7019748797e+01
-1.5366864839e-04 8.3732871850e-05 3.6155656057e+01
-1.9162369042e-04 3.1331054753e-05 4.4204500385e+01
2.0293556194e-04 1.0333486745e-05 2.0495559368e+01
1.2889215583e-04 6.4570106699e-05 2.1711614158e+01
3.7046161149e-04 1.6048811289e-05 1.0620802106e+01
2.6942503105e-04 4.4848924868e-05 1.7003508667e+01
-2.5611824954e-05 9.0075755424e-05 3.7473172150e+01
3.2780841923e-04 6.5428778895e-05 1.3582478218e+01
-1.4607155053e-04 8.5268847474e-05 3.5983913338e+01
-3.2806028766e-05 1.1199579119e-04 3.6129530592e+01
-1.7332310590e-04 2.9373666436e-05 4.5795281768e+01
2.3102851619e-04 6.4587777910e-05 1.7120788365e+01
3.6992012375e-04 1.2022901442e-05 9.9853929038e+00
1.9108338165e-04 9.7201529157e-06 2.0821612765e+01
3.2046207993e-05 5.8248348264e-05 2.1969353036e+01
2.5887187482e-05 5.7626837270e-05 2.2026494287e+01
1.3659970574e-05 5.6592066615e-05 2.6668773672e+01
1.0917426293e-04 5.8222721012e-05 2.2791308046e+01
2.2965523069e-04 5.7765836742e-05 1.7192572163e+01
2.9412068456e-04 4.8912884914e-05 1.5199213762e+01
-1.2735001194e-05 1.1153748475e-04 3.7913508567e+01
-3.8734883701e-05 7.7887683373e-05 3.8765759287e+01
-2.6204388200e-04 5.7910670067e-05 3.5454562966e+01
2.1958253454e-04 2.9823240937e-05 1.8230663924e+01
2.9334601364e-04 4.5244229684e-05 1.5431457102e+01
3.3731903083e-04 5.1649389276e-05 1.3628162307e+01
1.4830139594e-04 1.0026196364e-05 2.2393829907e+01
2.1166213575e-04 2.8883314124e-05 1.8384539767e+01
8.8231695402e-05 5.7159785222e-05 2.2538118848e+01
2.0449272742e-04 3.0733750682e-05 1.8357672625e+01
1.4043339710e-04 9.8318300874e-06 2.2604656251e+01
2.2312062860e-04 4.4549360470e-05 1.7080143681e+01
-3.3890726765e-04 2.2297682969e-06 1.9708892638e+01
2.1918580094e-04 4.3992009797e-05 1.7238993671e+01
-5.6808512025e-05 7.7490981907e-05 3.9148479311e+01
2.2442079883e-04 5.0647324236e-05 1.7171116047e+01
1.2869124920e-04 9.6230777971e-06 2.2751248780e+01
2.6851320769e-05 3.0708574911e-06 3.6332824679e+01
1.2091252821e-04 9.5327368270e-06 2.2784786531e+01
-3.4663072683e-04 2.5182234130e-06 2.0881706456e+01
1.9882133931e-04 3.8206351222e-05 1.7952320449e+01
1.9098982130e-04 3.7096988858e-05 1.8267923690e+01
-7.0379384770e-05 7.9296583083e-05 3.8644405283e+01
1.8002882328e-04 3.8245567323e-05 1.8648129010e+01
1.3654565194e-05 1.1813341425e-04 3.8252535898e+01
-2.1232520015e-04 5.8260928771e-05 3.8518771978e+01
1.7224129883e-04 3.7151663117e-05 1.9149376243e+01
-3.5080009427e-04 1.6244895706e-05 1.6771072963e+01
-1.1610229848e-04 9.1796142107e-05 3.5276815490e+01
-7.7928252334e-05 7.7423654151e-05 3.8781854994e+01
1.4028639905e-04 3.0746642600e-05 2.2192893795e+01
1.3248481244e-04 2.9956506930e-05 2.3003486604e+01
1.9270114543e-04 2.9293167939e-05 1.8775039079e+01
2.5140881858e-04 9.0431819142e-05 1.4865864314e+01
4.4734862823e-05 1.2615812367e-04 1.6762497726e+01
1.1033357648e-04 3.0192266496e-05 2.2816748704e+01
5.6537707765e-05 5.0630385915e-05 2.2184995918e+01
1.0286622394e-04 2.9618596003e-05 2.2750696132e+01
9.0209452094e-05 9.4347851143e-06 2.3201932212e+01
5.8521747262e-06 2.4775204543e-05 3.7125275117e+01
5.0816640211e-05 5.2095077737e-05 2.2123972953e+01
3.3219798928e-05 1.2481112129e-04 2.9149099691e+01
8.2592667699e-05 9.4179123890e-06 2.3785921594e+01
-9.5968762135e-05 7.7629022508e-05 3.8238240833e+01
1.7237444882e-04 2.4515770284e-05 2.0093525979e+01
3.7935226971e-05 5.0834668924e-05 2.2066240253e+01
1.8636483005e-05 1.1943673199e-04 3.7393990370e+01
-1.1387493535e-04 7.8035498504e-05 3.7691080267e+01
2.4405128896e-04 9.2199147568e-05 1.5071386836e+01
3.1616687546e-05 5.0317724141e-05 2.2102589194e+01
5.2062729653e-05 9.2963385741e-06 2.8876406395e+01
2.5368678979e-05 4.9873537285e-05 2.3679291901e+01
3.2869845607e-05 9.1964912375e-06 3.3541567927e+01
-9.0449489766e-05 9.1067302959e-05 3.5922702039e+01
1.6453615720e-04 2.3750616739e-05 2.0645322107e+01
2.5167008538e-05 9.1565844753e-06 3.5537330148e+01
1.8944211861e-05 3.0588278255e-06 3.8348285752e+01
1.4570803102e-04 2.4351180672e-05 2.2044590184e+01
-1.2690249242e-04 3.7156819105e-05 4.6061707106e+01
-5.7736522401e-06 9.0130806227e-06 4.3120540655e+01
-3.5088886582e-04 9.0412162507e-06 1.7163384740e+01
2.9999601499e-04 3.9159315031e-05 1.5486099495e+01
3.4398946274e-04 4.4897315533e-05 1.3519907123e+01
-2.5196299195e-05 8.9446069187e-06 4.6845713899e+01
-1.0248422146e-04 3.6991704034e-05 4.6588964304e+01
-4.4653408029e-05 8.8962474873e-06 4.9510208608e+01
1.2237100817e-04 2.2625589039e-05 2.2916386396e+01
-8.3072942968e-05 3.8583982346e-05 4.6254351580e+01
3.4681232228e-04 3.7538712820e-05 1.3571644781e+01
-7.0862098515e-05 3.6943012803e-05 4.6294196720e+01
-6.3825832573e-05 3.6963543633e-05 4.5991560682e+01
-8.3600795846e-05 8.8496597214e-06 5.2011292334e+01
-5.7036026779e-05 4.3646709637e-05 4.4413784585e+01
-5.6783773284e-05 3.6996090483e-05 4.5571152166e+01
-7.7610522035e-05 4.3577112659e-05 4.5183018756e+01
3.0828610180e-04 2.2661749092e-05 1.6692946918e+01
-1.0836390877e-04 4.3703753328e-05 4.5052340706e+01
-1.1516201914e-04 4.3763317459e-05 4.4898887198e+01
-1.2194081440e-04 4.3833542541e-05 4.4715706255e+01
-1.2869789723e-04 4.3914304088e-05 4.4507490493e+01
3.0672839000e-04 1.5824012553e-05 1.7066426541e+01
3.5232546641e-04 2.2764340799e-05 1.3438248092e+01
4.4129624977e-05 4.3508485547e-05 2.2121762370e+01
-7.5895729086e-05 9.8837445648e-05 3.5095509265e+01
5.0684570151e-05 4.3979978344e-05 2.2178483255e+01
-5.0742671741e-05 9.9001590825e-05 3.6342143186e+01
-4.5168706461e-05 9.9146139257e-05 3.6644418102e+01
-3.7992281829e-05 9.7392062827e-05 3.7185742313e+01
-3.2405248108e-05 9.7651889707e-05 3.7343467051e+01
-2.6831403062e-05 9.7970994275e-05 3.7402627661e+01
6.4069485406e-05 4.5136283804e-05 2.2298792742e+01
3.0130808185e-04 9.3608484878e-06 1.7188252596e+01
1.7953465707e-04 1.3952002052e-04 1.7415606759e+01
7.7033748932e-05 4.4321233088e-05 2.2444206629e+01
1.7141321251e-04 1.2627073906e-04 1.7347477522e+01
1.0294943331e-04 4.9856620490e-05 2.2723421120e+01
-4.4058232007e-05 7.0267651577e-05 3.9777863739e+01
1.1036315870e-04 5.0956940229e-05 2.2800840237e+01
6.9786377738e-05 1.2439079515e-04 2.1878846521e+01
7.5911103017e-05 1.2405545513e-04 2.2742863534e+01
1.4831169330e-04 1.3138653445e-04 1.7287209401e+01
6.3817869129e-05 1.2462179331e-04 2.1413595829e+01
5.7447027264e-05 1.1858491990e-04 2.0566271668e+01
1.2765539700e-04 1.2428994838e-04 1.8019608710e+01
1.0788094341e-04 1.2389907506e-04 1.9471840728e+01
1.0146509856e-04 1.2479826321e-04 1.9788103085e+01
-3.1709609606e-05 7.0640877001e-05 3.8749531623e+01
8.4538016692e-05 1.1828443867e-04 2.2824176375e+01
1.1470870059e-04 1.2630040606e-04 1.9082744316e+01
-2.5569878338e-05 7.0900957685e-05 3.7925559684e+01
1.4845879706e-04 5.7471313114e-05 1.9778003512e+01
1.5916194158e-04 5.6712024289e-05 1.8827360598e+01
-1.3368320288e-05 7.1583120916e-05 3.5437219092e+01
1.7754708219e-04 5.7345564217e-05 1.7522120580e+01
1.8519958511e-04 5.8793324491e-05 1.7062033028e+01
-2.6252192931e-05 1.8085762176e-05 4.5378589927e+01
-1.3383177545e-04 3.7224180159e-05 4.5836755398e+01
-1.0155155239e-04 4.3655138088e-05 4.5170098883e+01
6.5536472548e-06 7.1363728896e-05 2.7834997224e+01
-4.5100616333e-05 1.7986434158e-05 4.7957360758e+01
5.1265581951e-05 7.8573563341e-05 2.1734112429e+01
-6.3980832606e-05 1.7929796569e-05 4.9544734551e+01
8.3277033419e-05 8.3673014184e-05 2.2345075110e+01
-1.2727689315e-05 3.0160919197e-06 4.5620539667e+01
-1.0172377456e-04 1.7912297850e-05 5.0528249979e+01
1.0816020838e-04 9.0397521511e-05 2.2944386784e+01
-1.0925788613e-04 1.7920188075e-05 5.0478407068e+01
1.2112915761e-04 1.0326699275e-04 1.9493336292e+01
-1.4679517358e-04 1.8003842663e-05 4.9442040984e+01
-3.2595007254e-04 3.6592831780e-05 1.7347658061e+01
-2.4617833249e-05 3.0034830215e-06 4.7763467053e+01
-1.8654775125e-04 1.6617206315e-05 4.7362249087e+01
-2.3059664360e-04 1.7012354698e-05 4.1791703689e+01
-3.2547045214e-05 2.9962695959e-06 4.8976590650e+01
1.8692776136e-04 5.0411192116e-05 1.7565524266e+01
1.4828301331e-04 4.4102377134e-05 2.0618450412e+01
-5.8806939328e-05 1.2498218521e-04 3.2432141269e+01
1.4055239876e-04 4.2973822013e-05 2.1489495429e+01
1.2038722983e-04 3.7922630026e-05 2.2879989121e+01
-4.4443231602e-05 2.9872065119e-06 5.0473097130e+01
8.7874075383e-05 3.6823575693e-05 2.2592210595e+01
7.7203632077e-05 3.5966324242e-05 2.2480430856e+01
5.4939758658e-06 6.3539564192e-05 2.9062447770e+01
1.1568430921e-05 6.4091097980e-05 2.5960676707e+01
1.9544041898e-05 6.2913087513e-05 2.1550711861e+01
3.7784001108e-05 6.5147101232e-05 2.1899216413e+01
-2.9504126416e-04 2.3720552032e-05 1.7261094727e+01
5.7613562593e-05 7.0616580212e-05 2.1979364628e+01
7.6660488495e-05 7.1978885549e-05 2.2286268110e+01
9.1376831828e-05 7.7792249472e-05 2.2528627603e+01
9.4901061309e-05 7.8614750016e-05 2.2593113054e+01
1.0124850413e-04 7.7449833497e-05 2.2695810952e+01
1.0854511716e-04 7.9208814469e-05 2.2790108547e+01
1.2048432738e-04 8.5095319421e-05 2.1535290748e+01
-2.6276492818e-04 5.0970557940e-05 3.4385413680e+01
-5.2374932314e-05 2.9822741122e-06 5.1264513032e+01
-2.4186770861e-04 5.1402226685e-05 3.7060739483e+01
-2.5603809795e-04 3.0541092023e-05 3.4212058330e+01
-2.2242756932e-04 2.3514892257e-05 4.2275783105e+01
-1.4128338523e-04 5.8273694105e-05 4.0978495719e+01
-2.4370499715e-04 2.9598771628e-05 3.7602652160e+01
-1.2224393596e-04 5.7828841302e-05 4.1620772306e+01
-1.9684613312e-04 4.3779141304e-05 4.1542207673e+01
1.2706330569e-04 8.3907926790e-05 2.0569470686e+01
1.1408329153e-04 1.5866351437e-04 1.8676845370e+01
-1.2137357025e-04 3.0560906265e-05 4.7649483795e+01
-1.0914404606e-04 2.8897176240e-05 4.8234423456e+01
-1.1422200638e-04 3.0522621978e-05 4.7808628304e+01
-7.8215164453e-05 3.0463335024e-05 4.7777983661e+01
-1.2850709145e-04 3.0607750858e-05 4.7451289238e+01
-6.3820825480e-05 3.0481272481e-05 4.7198973572e+01
-1.9133274512e-04 1.8220099479e-05 4.6678675330e+01
1.5873853378e-04 1.5890921628e-04 1.7978117979e+01
-7.6141875108e-05 2.9640977695e-06 5.2769066829e+01
1.6596865157e-04 1.5845766940e-04 1.7652630842e+01
1.7363253229e-04 1.5759281456e-04 1.7143701563e+01
1.2820495506e-04 1.0547143727e-04 1.8332732443e+01
-8.4073086525e-05 2.9619239103e-06 5.3023695518e+01
-1.9746915373e-04 9.9100543085e-05 3.5194670254e+01
1.2118782460e-04 1.2530708484e-04 1.8623130888e+01
1.3469412357e-04 1.0437360768e-04 1.7504261781e+01
1.6785521922e-04 1.2500869601e-04 1.7351665808e+01
1.6504261738e-04 1.3071979892e-04 1.7367212325e+01
-2.2366528573e-04 9.1329540117e-05 3.5927160022e+01
2.2324827364e-04 1.5364547002e-04 1.3346150350e+01
-2.6100609812e-04 1.0958056786e-05 3.3215500291e+01
-1.0786140170e-04 2.9584707514e-06 5.3216918818e+01
1.4004870144e-04 9.6618778328e-05 1.7327487745e+01
1.4240417745e-04 9.1106949512e-05 1.7583789772e+01
1.4771854641e-04 8.3371941269e-05 1.7728258471e+01
-2.7508327601e-04 9.6147501233e-06 2.5542044520e+01
2.3673367515e-04 1.5013307697e-04 1.3208282565e+01
1.4630840690e-04 7.6996184416e-05 1.8518528810e+01
-1.1578907086e-04 2.9583385455e-06 5.3124527124e+01
-1.3559874152e-04 2.9604104329e-06 5.2617854774e+01
2.8173867595e-04 1.3232614645e-04 1.2768271410e+01
-1.7262639132e-04 4.4270604726e-06 5.0477108556e+01
-1.7893371081e-04 2.9213393628e-06 5.0247644958e+01
2.9323147432e-04 1.2615919645e-04 1.2656676197e+01
-1.5936134336e-04 2.9629482454e-06 5.1541781958e+01
-2.8885971572e-04 3.1873003118e-06 1.6836779694e+01
-8.9998178476e-05 5.7412975153e-05 4.2422293356e+01
-3.0018648023e-04 3.3680000981e-06 1.7218655556e+01
-3.2646227161e-04 1.1610330113e-05 1.7093713225e+01
-3.1899319034e-04 3.7765403314e-06 1.7121549986e+01
-1.4146281181e-04 2.9079629243e-05 4.7355027897e+01
-1.4753812492e-04 5.8459149261e-05 4.0754066753e+01
-1.5280724182e-04 5.6818248493e-05 4.0931893935e+01
-1.7984012277e-04 2.2917053935e-05 4.6675921897e+01
-1.5939047734e-04 5.1567422213e-05 4.1797141663e+01
-2.7399992915e-04 4.6517033640e-06 2.6745906800e+01
-2.1898986540e-04 2.3433034352e-05 4.2783617678e+01
3.5766807455e-04 7.1339623806e-05 1.2058317949e+01
-3.2020445488e-04 5.1469646131e-05 1.8902939834e+01
3.6334198783e-04 6.4315235146e-05 1.1956637654e+01
-3.2739974341e-04 4.9317232588e-05 1.8468975988e+01
-2.4999415021e-04 3.0015385210e-05 3.6005711409e+01
-3.3771395889e-04 4.5324732309e-05 1.2914932290e+01
-2.4986454641e-04 5.0553465904e-05 3.6159643824e+01
-2.8891255631e-04 2.4776245413e-05 1.7278590688e+01
3.8881640427e-04 1.7298819710e-05 1.0091157571e+01
-3.2682749161e-04 1.7679751325e-05 1.7158864814e+01
-2.6796158484e-04 4.9961328414e-05 3.3305243564e+01
-3.2073747171e-04 2.2447168245e-05 1.7236141913e+01
-3.1972367049e-04 1.0658449373e-05 1.7114051082e+01
-3.0178425504e-04 3.6679368481e-05 1.7410560662e+01
-2.2530295225e-04 5.1458440818e-05 3.8493454392e+01
2.8152314750e-04 9.0406200246e-06 1.8463489325e+01
3.3895202995e-04 9.1482023889e-05 1.2272818718e+01
1.2907964369e-04 1.5959862045e-04 1.8509465422e+01
-2.5476524363e-04 4.5591106484e-06 3.6353692988e+01
-3.9208740628e-05 1.2438191708e-04 3.3178619986e+01
1.4550738604e-04 3.0699593982e-06 2.2081887633e+01
1.7338695203e-04 3.2530984238e-06 2.1732664870e+01
2.2908031136e-04 4.3449813791e-06 2.1312924789e+01
2.9635839047e-04 3.1124194638e-06 1.7675143749e+01
5.8047284740e-05 1.5161634536e-04 1.9609960191e+01
3.1248796112e-04 3.0892027117e-06 1.7726286312e+01
3.6474589409e-04 3.9771572269e-06 9.6223368302e+00
3.7659626223e-04 4.1267632964e-06 6.1003592292e+00
-1.6736406154e-04 1.0550306549e-04 3.4395091211e+01
-3.8737907642e-04 8.2778761383e-06 5.5463626145e+00
4.3861770683e-05 1.4639088079e-04 2.1907637043e+01
-2.6977106612e-04 7.0919121035e-05 3.7324081765e+01
3.5999324717e-04 6.3911261514e-05 1.2149845527e+01
-3.6501703886e-04 2.7887414319e-05 1.0478334712e+01
3.7272221082e-04 4.4975971517e-05 1.1797203629e+01
2.4810535817e-05 1.3272066500e-04 6.2554507152e+01
6.4544861310e-05 1.5107762894e-04 1.9740114048e+01
-1.0307464404e-04 1.1741410096e-04 3.2940962431e+01
-2.3780742029e-04 8.4342827718e-05 3.6338656639e+01
-1.4094225745e-04 1.1148640785e-04 3.3724249610e+01
3.9522929666e-04 3.6736690007e-06 5.2164872850e+00
5.5700057228e-06 1.2539714231e-04 4.5358424380e+01
3.8393633011e-04 2.2638266548e-05 1.0665814507e+01
3.9407993932e-05 1.3883757345e-04 2.3180018986e+01
3.0874445246e-04 1.1764552892e-04 1.2462634234e+01
-9.6306275066e-05 1.1909389560e-04 3.2835438753e+01
2.1625265273e-04 1.5320187971e-04 1.3555594950e+01
2.4216310281e-04 1.4635126217e-04 1.3277635349e+01
2.7528635747e-04 1.3270274404e-04 1.2962389194e+01
3.6563158692e-04 5.7299824479e-05 1.2004355851e+01
1.3483570638e-04 1.5786957433e-04 1.8467092034e+01
