x_m y_m sigma_comp_mag_Pa
3.9660661146e-04 5.9135671800e-06 1.0062608616e+01
3.9436596934e-04 1.1239491259e-05 9.7886171025e+00
3.9233081254e-04 1.6328975023e-05 1.0202596948e+01
3.9032845146e-04 2.1246264264e-05 1.0522568033e+01
3.8830326518e-04 2.6026012054e-05 1.0752807580e+01
3.8622802353e-04 3.0686413327e-05 1.0935580648e+01
3.8408827158e-04 3.5239455438e-05 1.1098371040e+01
3.8187710854e-04 3.9690416055e-05 1.1237275186e+01
3.7959003979e-04 4.4045021220e-05 1.1350795213e+01
3.7722542735e-04 4.8306341880e-05 1.1449926096e+01
3.7478278694e-04 5.2476960123e-05 1.1534665198e+01
3.7226263553e-04 5.6558798730e-05 1.1607206658e+01
3.6966595934e-04 6.0553430406e-05 1.1669012212e+01
3.6699401965e-04 6.4462255096e-05 1.1722218181e+01
3.6424832224e-04 6.8286517769e-05 1.1768757136e+01
3.6143058014e-04 7.2027422277e-05 1.1809828353e+01
3.5854259690e-04 7.5685988965e-05 1.1846936771e+01
3.5558617976e-04 7.9263211489e-05 1.1880624962e+01
3.5256322659e-04 8.2760104425e-05 1.1911781101e+01
3.4947564176e-04 8.6177599392e-05 1.1941763539e+01
3.4632531988e-04 8.9516560855e-05 1.1970722751e+01
3.4311410893e-04 9.2777921385e-05 1.1998607613e+01
3.3984399075e-04 9.5962437257e-05 1.2027138000e+01
3.3651674809e-04 9.9071024249e-05 1.2054895321e+01
3.3313417042e-04 1.0210446764e-04 1.2083173816e+01
3.2969809492e-04 1.0506351093e-04 1.2112563363e+01
3.2621025375e-04 1.0794899323e-04 1.2141134327e+01
3.2267228807e-04 1.1076162007e-04 1.2171365928e+01
3.1908585207e-04 1.1350211203e-04 1.2203128555e+01
3.1545260970e-04 1.1617120633e-04 1.2234954510e+01
3.1177408398e-04 1.1876959911e-04 1.2267587906e+01
3.0805178238e-04 1.2129795641e-04 1.2300908591e+01
3.0428712760e-04 1.2375690130e-04 1.2336228615e+01
3.0048152626e-04 1.2614705782e-04 1.2372047078e+01
2.9663634947e-04 1.2846907353e-04 1.2407403546e+01
2.9275283878e-04 1.3072348435e-04 1.2443911144e+01
2.8883221591e-04 1.3291079712e-04 1.2482449731e+01
2.8487571980e-04 1.3503156824e-04 1.2519575077e+01
2.8088440145e-04 1.3708621616e-04 1.2557746667e+01
2.7685934169e-04 1.3907514384e-04 1.2597509258e+01
2.7280155467e-04 1.4099879598e-04 1.2636555081e+01
2.6871200275e-04 1.4285743923e-04 1.2675610453e+01
2.6459159272e-04 1.4465134775e-04 1.2714638407e+01
2.6044113076e-04 1.4638075132e-04 1.2754300831e+01
2.5626138912e-04 1.4804575826e-04 1.2793795509e+01
2.5205315653e-04 1.4964640106e-04 1.2831806022e+01
2.4781698958e-04 1.5118267883e-04 1.2871133438e+01
2.4355357837e-04 1.5265447898e-04 1.2908605580e+01
2.3926341517e-04 1.5406155595e-04 1.2945443151e+01
2.3494697728e-04 1.5540346944e-04 1.2983159309e+01
2.3060469073e-04 1.5667978288e-04 1.3019716310e+01
2.2623694970e-04 1.5788982483e-04 1.3052227824e+01
2.2184394901e-04 1.5903264787e-04 1.3086035847e+01
2.1742594923e-04 1.6010713273e-04 1.3117519727e+01
2.1298301543e-04 1.6111183892e-04 1.3147033642e+01
2.0851514027e-04 1.6204494773e-04 1.3175046147e+01
2.0402225918e-04 1.6290420596e-04 1.3198016587e+01
1.9950395505e-04 1.6368676093e-04 1.3221667250e+01
1.9495992326e-04 1.6438879322e-04 1.3236165937e+01
1.4668020521e-04 1.6466384186e-04 1.7289262560e+01
1.4284149070e-04 1.6436723178e-04 1.7252243199e+01
1.3902693274e-04 1.6407961458e-04 1.7802880018e+01
1.3522931247e-04 1.6379246343e-04 1.7919214798e+01
1.3144308110e-04 1.6350090905e-04 1.8008134638e+01
1.2388663461e-04 1.6288595005e-04 1.8123615942e+01
1.2010815760e-04 1.6255354962e-04 1.8134781215e+01
1.1632547701e-04 1.6219764304e-04 1.8137529203e+01
1.1253642305e-04 1.6181255448e-04 1.8138070281e+01
1.0874098665e-04 1.6139314712e-04 1.8115013248e+01
1.0112438919e-04 1.6042911644e-04 1.8103810783e+01
9.7301137465e-05 1.5987266293e-04 1.8119572025e+01
9.3468260995e-05 1.5925752328e-04 1.8161018775e+01
8.9629601709e-05 1.5857595697e-04 1.8222239686e+01
8.5790633812e-05 1.5781915549e-04 1.8272932752e+01
8.1956844728e-05 1.5697624974e-04 1.8301421762e+01
7.8134641280e-05 1.5603367398e-04 1.8321456516e+01
7.4332512179e-05 1.5497407572e-04 1.8338409764e+01
7.0563517648e-05 1.5377655848e-04 1.8359073255e+01
6.6843721643e-05 1.5241317239e-04 1.8301459224e+01
6.3202198567e-05 1.5084174636e-04 1.8666501624e+01
5.9693520437e-05 1.4899561423e-04 1.7846422409e+01
5.6458901834e-05 1.4672006074e-04 2.0734365495e+01
5.4303296064e-05 1.4388972869e-04 2.7756762663e+01
5.1653355349e-05 1.4110576923e-04 1.1066585835e+02
4.9830533978e-05 1.4020528330e-04 1.0255404782e+02
4.7904860134e-05 1.3942677773e-04 9.5473477678e+01
4.5904465291e-05 1.3873583239e-04 9.0472273787e+01
4.3852200007e-05 1.3811296115e-04 8.6441379100e+01
4.1758947270e-05 1.3754689065e-04 8.2953498508e+01
3.9632013890e-05 1.3702950136e-04 7.9765295970e+01
3.7475924417e-05 1.3655338788e-04 7.6918030405e+01
3.5294176266e-05 1.3611285410e-04 7.4201581741e+01
3.3089248538e-05 1.3570319572e-04 7.1618414856e+01
3.0863014127e-05 1.3532054794e-04 6.9129241741e+01
2.8616925866e-05 1.3496159347e-04 6.6726486511e+01
2.6351983007e-05 1.3462339768e-04 6.4373720830e+01
2.4069002724e-05 1.3430336017e-04 6.2070758542e+01
2.1768542790e-05 1.3399918996e-04 5.9784400071e+01
1.9450961916e-05 1.3370861196e-04 5.7506502371e+01
1.7116422692e-05 1.3342954151e-04 5.5213990194e+01
1.4764783535e-05 1.3315981472e-04 5.2879993188e+01
1.2395298130e-05 1.3289657130e-04 5.0499701199e+01
1.0007388016e-05 1.3263574621e-04 4.8933090286e+01
7.6115283339e-06 1.3237904129e-04 5.0459818921e+01
5.2244457691e-06 1.3214153848e-04 5.1998167166e+01
2.8393418474e-06 1.3192360588e-04 5.1004945741e+01
4.4817213529e-07 1.3171549114e-04 4.9521695858e+01
-1.9510443724e-06 1.3151327126e-04 4.8086298526e+01
-4.3586881536e-06 1.3131527926e-04 4.6648756462e+01
-6.7749325329e-06 1.3112041047e-04 4.5245430059e+01
-9.1997971381e-06 1.3092781219e-04 4.3880204411e+01
-1.1633235083e-05 1.3073668914e-04 4.2520741944e+01
-1.4075129423e-05 1.3054638937e-04 4.1187241947e+01
-1.6525438881e-05 1.3035629879e-04 3.9891702931e+01
-1.8984010410e-05 1.3016587770e-04 3.8626777388e+01
-2.1450566114e-05 1.2997460623e-04 3.7417914719e+01
-2.3924828750e-05 1.2978201566e-04 3.6233232796e+01
-2.6406640556e-05 1.2958762972e-04 3.5061314646e+01
-2.8895930944e-05 1.2939099230e-04 3.3853342637e+01
-3.1392575070e-05 1.2919169777e-04 3.2811829636e+01
-3.3896415603e-05 1.2898936652e-04 3.2499097368e+01
-3.6407286512e-05 1.2878363869e-04 3.2387721977e+01
-3.8925002480e-05 1.2857417603e-04 3.2359666853e+01
-4.1449408261e-05 1.2836066097e-04 3.2348043554e+01
-4.3980306956e-05 1.2814279348e-04 3.2338423003e+01
-4.6517533318e-05 1.2792028043e-04 3.2342846563e+01
-4.9060903877e-05 1.2769284416e-04 3.2350878202e+01
-5.1610244989e-05 1.2746021787e-04 3.2361719325e+01
-5.4165371305e-05 1.2722215289e-04 3.2373725006e+01
-5.6726106224e-05 1.2697841229e-04 3.2390820176e+01
-5.9292277277e-05 1.2672876967e-04 3.2408078417e+01
-6.1863705774e-05 1.2647299768e-04 3.2423252508e+01
-6.4440184047e-05 1.2621089125e-04 3.2446282964e+01
-6.7021585037e-05 1.2594223853e-04 3.2474153111e+01
-6.9607704525e-05 1.2566685582e-04 3.2498202874e+01
-7.2198370768e-05 1.2538455820e-04 3.2525174205e+01
-7.4793410024e-05 1.2509516430e-04 3.2553760718e+01
-7.7392647916e-05 1.2479849910e-04 3.2584703101e+01
-7.9995935297e-05 1.2449439414e-04 3.2612014729e+01
-8.2603042306e-05 1.2418270150e-04 3.2643059172e+01
-8.5213853937e-05 1.2386325506e-04 3.2678801508e+01
-8.7828180326e-05 1.2353591363e-04 3.2713693597e+01
-9.0445854078e-05 1.2320052946e-04 3.2749797152e+01
-9.3066709929e-05 1.2285696165e-04 3.2786272200e+01
-9.5690579767e-05 1.2250507625e-04 3.2824065393e+01
-9.8317287504e-05 1.2214474859e-04 3.2865646870e+01
-1.0094670262e-04 1.2177584769e-04 3.2905948261e+01
-1.0357861294e-04 1.2139825609e-04 3.2948855966e+01
-1.0621291199e-04 1.2101184433e-04 3.2991344581e+01
-1.0884938373e-04 1.2061650472e-04 3.3035157122e+01
-1.1148790695e-04 1.2021212191e-04 3.3081088097e+01
-1.1412831226e-04 1.1979859031e-04 3.3126996096e+01
-1.1677043307e-04 1.1937579987e-04 3.3174756411e+01
-1.1941412103e-04 1.1894364001e-04 3.3224318967e+01
-1.2205921347e-04 1.1850201532e-04 3.3274456214e+01
-1.2470556479e-04 1.1805082577e-04 3.3325410284e+01
-1.2735301619e-04 1.1758996864e-04 3.3378403842e+01
-1.3000141064e-04 1.1711935513e-04 3.3432262953e+01
-1.3265058371e-04 1.1663889223e-04 3.3487402660e+01
-1.3530042258e-04 1.1614847381e-04 3.3542782605e+01
-1.3795072854e-04 1.1564802519e-04 3.3599408327e+01
-1.4060138592e-04 1.1513745443e-04 3.3657492225e+01
-1.4325222249e-04 1.1461667537e-04 3.3716933484e+01
-1.4590310339e-04 1.1408559017e-04 3.3777045855e+01
-1.4855387686e-04 1.1354411711e-04 3.3838096020e+01
-1.5120436532e-04 1.1299218159e-04 3.3901426472e+01
-1.5385447280e-04 1.1242969375e-04 3.3965940519e+01
-1.5650403019e-04 1.1185657718e-04 3.4030373985e+01
-1.5915286200e-04 1.1127274926e-04 3.4095942477e+01
-1.6180085651e-04 1.1067811909e-04 3.4163415912e+01
-1.6444784965e-04 1.1007262509e-04 3.4231516961e+01
-1.6709369675e-04 1.0945618534e-04 3.4301195455e+01
-1.6973825531e-04 1.0882871514e-04 3.4372026656e+01
-1.7238137434e-04 1.0819014250e-04 3.4443135749e+01
-1.7502291250e-04 1.0754038828e-04 3.4515984969e+01
-1.7766269841e-04 1.0687939305e-04 3.4590112144e+01
-1.8030063058e-04 1.0620706591e-04 3.4665658024e+01
-1.8293653692e-04 1.0552334408e-04 3.4741221637e+01
-1.8557027707e-04 1.0482813551e-04 3.4819218265e+01
-1.8820173016e-04 1.0412137294e-04 3.4897803115e+01
-1.9083074685e-04 1.0340301337e-04 3.4975635661e+01
-1.9345717893e-04 1.0267297528e-04 3.5054497931e+01
-1.9608086258e-04 1.0193119880e-04 3.5134300220e+01
-1.9870160893e-04 1.0117763415e-04 3.5214300392e+01
-2.0131932481e-04 1.0041220004e-04 3.5295372191e+01
-2.0393382224e-04 9.9634866978e-05 3.5376634322e+01
-2.0654494810e-04 9.8845570808e-05 3.5457740761e+01
-2.0915256008e-04 9.8044252558e-05 3.5539589804e+01
-2.1175645975e-04 9.7230875110e-05 3.5620426892e+01
-2.1435656190e-04 9.6405395737e-05 3.5701112920e+01
-2.1695261423e-04 9.5567801235e-05 3.5780165766e+01
-2.1954450235e-04 9.4718037587e-05 3.5858457120e+01
-2.2213202574e-04 9.3856092696e-05 3.5934826019e+01
-2.2471498350e-04 9.2981963444e-05 3.6008858811e+01
-2.2729318979e-04 9.2095663398e-05 3.6079060169e+01
-2.2986641216e-04 9.1197194584e-05 3.6144826719e+01
-2.3243440048e-04 9.0286588263e-05 3.6201774556e+01
-2.3499685565e-04 8.9363881553e-05 3.6250058887e+01
-2.3755322165e-04 8.8429205682e-05 3.6284866162e+01
-2.4010282117e-04 8.7482522147e-05 3.6327394150e+01
-2.4264436373e-04 8.6523913089e-05 3.6418041888e+01
-2.4517669101e-04 8.5553176637e-05 3.6662349138e+01
-2.4769901719e-04 8.4570377257e-05 3.7114950220e+01
-2.5021393790e-04 8.3575625245e-05 3.7543002663e+01
-2.5272426160e-04 8.2568314713e-05 3.7868136788e+01
-2.5523186067e-04 8.1547879845e-05 3.8065160234e+01
-2.5773711081e-04 8.0514348974e-05 3.8172769878e+01
-2.6023924866e-04 7.9468166046e-05 3.8250523662e+01
-2.6273722331e-04 7.8409925525e-05 3.8332350982e+01
-2.6523069352e-04 7.7340039321e-05 3.8418265680e+01
-2.6771948082e-04 7.6258898339e-05 3.8507538069e+01
-2.7020347501e-04 7.5167005009e-05 3.8598230653e+01
-2.7268269570e-04 7.4064923876e-05 3.8687010512e+01
-2.7515727801e-04 7.2953270933e-05 3.8781988880e+01
-2.7762734847e-04 7.1832787757e-05 3.8867680506e+01
-2.8009341462e-04 7.0704254560e-05 3.8952551467e+01
-2.8255574956e-04 6.9568814616e-05 3.9025012315e+01
-2.8501500177e-04 6.8427655475e-05 3.9095258533e+01
-2.8747191012e-04 6.7282209847e-05 3.9155663947e+01
-2.8992745862e-04 6.6134244919e-05 3.9197082031e+01
-2.9238288089e-04 6.4985902794e-05 3.9219598893e+01
-2.9483978710e-04 6.3839758269e-05 3.9208292413e+01
-2.9730005280e-04 6.2698960389e-05 3.9164097259e+01
-2.9976606128e-04 6.1567612551e-05 3.9077374754e+01
-3.0224138923e-04 6.0450692006e-05 3.8875670524e+01
-3.0472931103e-04 5.9354865420e-05 3.8646135020e+01
-3.0723514476e-04 5.8289176762e-05 3.8293763980e+01
-3.0976496154e-04 5.7266587475e-05 3.7676340363e+01
-3.1232692472e-04 5.6307262103e-05 3.7274129564e+01
-3.1493469166e-04 5.5446175226e-05 3.6694170015e+01
-3.1759869077e-04 5.4790256809e-05 3.0220900637e+01
-3.2062736490e-04 5.4347213238e-05 2.1676021016e+01
-3.2466123796e-04 5.3772411197e-05 1.5159212708e+01
-3.3014328907e-04 5.2138511890e-05 1.1546408281e+01
-3.3564626617e-04 4.9657384667e-05 1.2107364857e+01
-3.4108621817e-04 4.6750419746e-05 1.1876911540e+01
-3.4650269202e-04 4.3516366093e-05 1.1606120318e+01
-3.5192083077e-04 3.9990334276e-05 1.1274663157e+01
-3.5736112789e-04 3.6183776946e-05 1.0898609084e+01
-3.6284577785e-04 3.2091278830e-05 1.0476378287e+01
-3.6839058532e-04 2.7697770340e-05 1.0049776230e+01
-3.7402183280e-04 2.2973070752e-05 9.5692895314e+00
-3.7977624387e-04 1.7875170813e-05 9.0195967387e+00
-3.8571588902e-04 1.2360066255e-05 8.6912941700e+00
-3.9206393048e-04 6.3987554034e-06 8.2369085040e+00
-3.9600000000e-04 3.0463089129e-20 -6.1433512492e-01
-3.8400000000e-04 3.0003846579e-20 2.9972316118e+00
5.3472155141e-05 1.5044933017e-06 3.1877747371e+01
2.1099356998e-05 1.3166566717e-04 5.4977443673e+01
8.5234965550e-05 1.5229589903e-06 2.5196377154e+01
6.0120306215e-05 1.4596294267e-04 2.4270742253e+01
-1.1522963656e-04 1.1751378096e-04 3.3116008955e+01
1.1698427795e-04 1.5316039823e-06 2.2394337141e+01
8.8692444486e-05 1.5539252092e-04 1.8841198169e+01
1.4481191397e-04 1.5246020865e-06 2.1634725623e+01
1.1884708253e-04 1.5937941869e-04 1.8315491866e+01
-1.5734593868e-04 1.0944379604e-04 3.4094492815e+01
-1.7878187233e-04 1.0458993450e-04 3.4681793109e+01
2.0068554588e-04 1.7699476567e-06 2.0773893806e+01
1.8358845460e-04 1.6277092922e-04 1.3601528812e+01
2.2859513408e-04 2.0848931024e-06 2.1149351727e+01
2.5656487588e-04 2.5270647881e-06 2.2038554798e+01
-2.5692593671e-04 1.4925673934e-06 3.5121712192e+01
-2.3835429792e-04 8.5941542383e-05 3.6401184266e+01
2.8044026729e-04 3.0649364793e-06 1.9312882548e+01
-2.8065227619e-04 1.5490793767e-06 2.1554792256e+01
-3.0399776672e-04 1.6882812993e-06 1.7075693174e+01
3.2574658475e-04 1.0396893076e-04 1.2332728819e+01
-3.4081901838e-05 1.4577070421e-06 5.0526267421e+01
3.2448056858e-04 3.3632009919e-06 1.7110339953e+01
-3.2343447188e-04 1.9153167455e-06 1.7171740458e+01
-3.0307869769e-04 5.7612812269e-05 3.5108018359e+01
3.4543578663e-04 8.5223853022e-05 1.2178853096e+01
-3.4276038044e-04 2.3643446442e-06 2.0146180721e+01
3.4498850259e-04 3.6585814954e-06 1.5232276168e+01
3.6050943574e-04 6.8050468218e-05 1.1987527772e+01
-3.1653134239e-04 5.2987931515e-05 1.9284143883e+01
-1.0179671158e-04 1.4513738111e-06 5.3420366663e+01
-6.9933334503e-05 1.4518686700e-06 5.3039385671e+01
3.3596590671e-05 1.4910317585e-06 3.7070787706e+01
1.7617269143e-06 1.4717077685e-06 4.4778503295e+01
-7.8486762994e-05 1.2296098900e-04 3.2487728942e+01
7.4013663404e-05 1.5134731518e-04 1.9638491141e+01
1.6501451807e-04 1.6299187223e-04 1.7442804954e+01
-2.1021602837e-04 9.5391360821e-05 3.5645808140e+01
2.0149643412e-04 1.5985459229e-04 1.3498203223e+01
-3.5824951414e-04 3.1281495634e-06 2.1176249609e+01
3.6082895965e-04 3.9689307219e-06 1.0344963234e+01
3.7095639401e-04 5.2710496465e-05 1.1774751186e+01
-3.3287540383e-04 4.8115807537e-05 1.3736806153e+01
-2.9238216528e-04 1.5997418370e-06 1.7136096027e+01
2.6861174886e-04 2.7606017381e-06 2.2170191122e+01
2.9233437336e-04 3.1781595065e-06 1.7606674556e+01
2.4457718914e-04 2.3261392343e-06 2.1658979580e+01
2.1665671854e-04 1.9475316009e-06 2.0910350673e+01
-2.1719559383e-04 1.4739822607e-06 4.5906583734e+01
-1.8936344489e-04 1.4639296885e-06 4.9364262688e+01
1.8874374640e-04 1.6791898720e-06 2.0860766270e+01
-1.6151344907e-04 1.4577210338e-06 5.1437817879e+01
-1.3365098895e-04 1.4537298174e-06 5.2727507262e+01
-3.7023466946e-04 3.6318265463e-06 1.6520444152e+01
2.6194487467e-04 1.4228005681e-04 1.2918224135e+01
2.8939170078e-04 1.2886394537e-04 1.2653198653e+01
3.1525808033e-04 1.1266232156e-04 1.2399390630e+01
3.3561105579e-04 9.4918628332e-05 1.2266681165e+01
-3.6976228149e-04 2.3940836474e-05 1.0253637458e+01
3.8439854113e-04 4.3164392915e-06 3.8595304839e+00
-3.5048834137e-04 2.6998163939e-06 2.1189037648e+01
3.5286274180e-04 3.9222963652e-06 1.2708731673e+01
-3.3502454071e-04 2.1210710350e-06 1.8421288124e+01
3.3678816908e-04 3.5259304114e-06 1.6536912328e+01
3.1653235486e-04 3.1021476524e-06 1.7505192488e+01
-3.1564525640e-04 1.8144009274e-06 1.7124430542e+01
2.0868336747e-04 1.8588014344e-06 2.0813478395e+01
1.8076413927e-04 1.6249605760e-06 2.0973816324e+01
1.5281662049e-04 1.5311543000e-06 2.1649995760e+01
-1.2568844808e-04 1.4529186949e-06 5.2980881124e+01
1.2493136798e-04 1.5321605716e-06 2.2155448634e+01
9.3170445155e-05 1.5261955439e-06 2.4122876810e+01
-9.3831587333e-05 1.4511878696e-06 5.3444538270e+01
-6.1966524946e-05 1.4525935740e-06 5.2708791316e+01
2.5641359673e-05 1.4857717049e-06 3.9143398242e+01
6.1417059675e-05 1.5096873246e-06 2.9930881698e+01
-6.2017461073e-06 1.4678085180e-06 4.6363410459e+01
-3.7502239980e-05 1.2651587533e-04 3.1998844024e+01
2.5621581799e-05 1.3224693757e-04 5.8524747117e+01
-8.3699887747e-05 1.2187370791e-04 3.2545339279e+01
-1.0712590984e-04 1.1870746708e-04 3.2954779495e+01
-1.2040619252e-04 1.1663937850e-04 3.3221615406e+01
6.6374430046e-05 1.4905777955e-04 2.0299361030e+01
1.1120200444e-04 1.5885082842e-04 1.8430650303e+01
-1.8390769998e-04 1.0314477759e-04 3.4836788950e+01
1.5698051631e-04 1.6261238945e-04 1.7475395944e+01
1.7461524844e-04 1.6336130873e-04 1.3272753367e+01
2.1059962217e-04 1.5868286466e-04 1.3376423683e+01
-2.1519342545e-04 9.3873688072e-05 3.5793545760e+01
2.6914929789e-04 1.3967124943e-04 1.2820925776e+01
3.5188684266e-04 7.8352043871e-05 1.2106204116e+01
3.6599936010e-04 6.0603107938e-05 1.1888716603e+01
3.7608804971e-04 4.4666298236e-05 1.1578608211e+01
-3.4340939152e-04 4.2515643491e-05 1.2419730285e+01
3.9072502051e-04 1.2586107190e-05 9.3106152177e+00
-3.8184759730e-04 1.3260242490e-05 8.8925532828e+00
-3.8943636582e-04 4.2731728328e-06 7.5578644184e-01
3.9214984016e-04 4.1673792055e-06 2.3628052163e+00
-3.7965987315e-04 8.3766405329e-06 9.3043863006e+00
-3.7613021871e-04 8.0091466525e-06 1.1271334672e+01
-3.7360749954e-04 1.2194135059e-05 1.1307043306e+01
-3.7016968700e-04 1.1617044043e-05 1.2624607233e+01
-3.6762901328e-04 1.5708310126e-05 1.2183428537e+01
-3.6172244621e-04 1.8946665996e-05 1.2798272446e+01
-3.5588239769e-04 2.1938199696e-05 1.3459215344e+01
-3.5254981520e-04 2.0890644939e-05 1.4582875571e+01
-3.4676744469e-04 2.3551156466e-05 1.5745842880e+01
-3.4436085861e-04 2.7271905254e-05 1.5653514480e+01
-3.3864094228e-04 2.9650711163e-05 1.7050484604e+01
-3.3766054342e-04 2.4821094292e-05 1.7000983522e+01
-3.3029175378e-04 3.0362630823e-05 1.7039021542e+01
-3.2935283513e-04 2.5743251052e-05 1.7084071605e+01
-3.2008528501e-04 2.9484561144e-05 1.7187412327e+01
-3.1587415185e-04 3.1152454465e-05 1.7234250864e+01
-3.1075670335e-04 2.8843491801e-05 1.7182542368e+01
-3.0695396954e-04 3.0443954553e-05 1.7200535305e+01
-2.9835258139e-04 3.0095607494e-05 1.7162281847e+01
-2.9424078384e-04 3.4010228778e-05 1.7140115095e+01
-2.9249576318e-04 3.0809395768e-05 1.7129300399e+01
-2.8994800736e-04 3.0048087549e-05 1.7169231646e+01
-2.8426221424e-04 3.0898843420e-05 1.7469929793e+01
-2.8072948007e-04 3.4671262932e-05 2.2144599169e+01
-2.6984056293e-04 3.4551602641e-05 2.8712441195e+01
-2.6710697067e-04 3.4080207383e-05 2.9903399637e+01
-2.6132763755e-04 3.5315900624e-05 3.2359195914e+01
-2.5562141540e-04 3.4577140010e-05 3.4163423401e+01
-2.5270180187e-04 3.4254033056e-05 3.4996005570e+01
-2.4681120905e-04 3.5652274993e-05 3.6468588910e+01
-2.4382183746e-04 3.5382998546e-05 3.7122753106e+01
-2.3809843333e-04 3.8794316279e-05 3.8024025899e+01
-2.3509917435e-04 3.8547046454e-05 3.8509798795e+01
-2.2624055043e-04 3.9821165031e-05 3.9586399078e+01
-2.2006431048e-04 3.9440666159e-05 4.0317743626e+01
-2.1693761327e-04 3.9270466364e-05 4.0657414393e+01
-2.1061384891e-04 3.8964854094e-05 4.1288570544e+01
-2.0741926493e-04 3.8827574008e-05 4.1581662129e+01
-2.0159594982e-04 4.0402945325e-05 4.1776951528e+01
-1.9190033354e-04 4.0057834675e-05 4.2481470860e+01
-1.8863539535e-04 3.9956978198e-05 4.2696602710e+01
-1.8366331822e-04 4.3362502291e-05 4.2331885608e+01
-1.8042287944e-04 4.3261972597e-05 4.2512346363e+01
-1.7062133974e-04 4.2993366997e-05 4.3017273318e+01
-1.6498354134e-04 4.4614568700e-05 4.2921658540e+01
-1.6170057803e-04 4.4536770604e-05 4.3066264165e+01
-1.5739016833e-04 4.2699544801e-05 4.3617167401e+01
-1.5179085193e-04 4.4327475940e-05 4.3475563756e+01
-1.4846903169e-04 4.4265026206e-05 4.3604296988e+01
-1.4180045782e-04 4.4150001711e-05 4.3850694274e+01
-1.3845458135e-04 4.4097068595e-05 4.3968397778e+01
-1.3510322238e-04 4.4047684119e-05 4.4082185320e+01
-1.2086601995e-04 4.7296132584e-05 4.3758188515e+01
-9.8838109160e-05 4.8789240955e-05 4.3898554309e+01
-9.2166553762e-05 4.8741598812e-05 4.4004758810e+01
-8.8817115364e-05 4.8722517865e-05 4.4045547287e+01
-8.5464918099e-05 4.8706489568e-05 4.4076858198e+01
-7.8753523069e-05 4.8684066221e-05 4.4106813323e+01
-7.5395084345e-05 4.8677960064e-05 4.4103098323e+01
-7.0395214176e-05 4.6969923844e-05 4.4406938510e+01
-6.5313042907e-05 4.8681645189e-05 4.4000911237e+01
-6.1951268219e-05 4.8690720029e-05 4.3931323953e+01
-5.6861764216e-05 4.7006339522e-05 4.4096050665e+01
-5.1868438355e-05 4.8745491704e-05 4.3590609570e+01
-4.8508696955e-05 4.8773162809e-05 4.3426270068e+01
-4.1795962710e-05 4.8844340349e-05 4.3007827508e+01
-3.8443566985e-05 4.8888506997e-05 4.2748698865e+01
-3.5094176042e-05 4.8938778780e-05 4.2452737809e+01
-2.8407307078e-05 4.9058972335e-05 4.1739113067e+01
-2.5070878133e-05 4.9129493562e-05 4.1315588047e+01
-1.1788410581e-05 4.9489273130e-05 3.9106299429e+01
2.5393027346e-06 5.1831007612e-05 3.5338482600e+01
1.2178792433e-05 5.2347264031e-05 3.2131952984e+01
1.5359950254e-05 5.2541670761e-05 3.0915978622e+01
2.1665855695e-05 5.2964685903e-05 2.8274733141e+01
2.4787890733e-05 5.3193302659e-05 2.6867381482e+01
3.0962413545e-05 5.3684389589e-05 2.3956026098e+01
3.4014000609e-05 5.3946583865e-05 2.2613766187e+01
3.9314843337e-05 5.2478349267e-05 2.2467183128e+01
4.2419227628e-05 5.2773196608e-05 2.2424398655e+01
4.8682230175e-05 5.3423484573e-05 2.2445539308e+01
5.1842535643e-05 5.3780137588e-05 2.2452812477e+01
6.2240746125e-05 5.7234185219e-05 2.2476884636e+01
6.5482305045e-05 5.7707849526e-05 2.2491508448e+01
7.1268235232e-05 5.6369238391e-05 2.2532890508e+01
7.4592004345e-05 5.6877678422e-05 2.2553553663e+01
7.7942969397e-05 5.7408246380e-05 2.2576075053e+01
8.4729802300e-05 5.8537641433e-05 2.2626471367e+01
8.8167630797e-05 5.9135952661e-05 2.2653761952e+01
8.8921816112e-05 6.1661558875e-05 2.2654083190e+01
9.2388205439e-05 6.2319014164e-05 2.2683925692e+01
9.8668219618e-05 6.1067783443e-05 2.2741288327e+01
1.0223340313e-04 6.1757321122e-05 2.2771262677e+01
-1.2478544828e-05 5.2988555805e-05 3.8799433645e+01
6.8997809927e-06 5.3866234630e-05 3.3715562754e+01
1.0583238806e-04 6.2469372444e-05 2.2801055433e+01
-5.2031538237e-05 5.2190861628e-05 4.3001261486e+01
4.4083794750e-05 5.6966176469e-05 2.2430618066e+01
1.1021900505e-04 6.5955657914e-05 2.2838595189e+01
1.1759730224e-04 6.7572953725e-05 2.2876040546e+01
1.2057956262e-04 6.5542716677e-05 2.2909501064e+01
1.2435677459e-04 6.6367032271e-05 2.2786703373e+01
1.2813440789e-04 6.7208089788e-05 2.1887630569e+01
8.2836161305e-05 6.2909801626e-05 2.2595532314e+01
1.3261986971e-04 7.1051588683e-05 2.0603957405e+01
1.4009257898e-04 7.2872914688e-05 1.9033046671e+01
1.4314206639e-04 7.0694688029e-05 1.8808672784e+01
1.4686634291e-04 7.1585211524e-05 1.8177830866e+01
1.4750216169e-04 7.4706021309e-05 1.7734948972e+01
1.5058106081e-04 7.2478975565e-05 1.7634768812e+01
1.5118202181e-04 7.5628983843e-05 1.7144286395e+01
1.5485634484e-04 7.6549357189e-05 1.7013177547e+01
1.3705892810e-04 7.5037195020e-05 1.9297146006e+01
1.6169114322e-04 7.5176953697e-05 1.7100739655e+01
1.5739674354e-04 7.1106202099e-05 1.7107805770e+01
3.4286643668e-06 4.8303992473e-05 3.5601128600e+01
1.6543239663e-04 7.6114080939e-05 1.7100372945e+01
1.6602518970e-04 7.9443897489e-05 1.7105882590e+01
1.6920134828e-04 7.7076288625e-05 1.7105384175e+01
1.5542370252e-04 7.9789755169e-05 1.7113137825e+01
1.6980539749e-04 8.0459447238e-05 1.7098138938e+01
1.7361527233e-04 8.1500168883e-05 1.7086365250e+01
1.7620019349e-04 7.5655751515e-05 1.7098224416e+01
1.8004244292e-04 7.6641069948e-05 1.7086730231e+01
1.7940961390e-04 7.3235592896e-05 1.7098679861e+01
1.8391392201e-04 7.7651884336e-05 1.7070257933e+01
1.8715118315e-04 7.5174102498e-05 1.7071428224e+01
1.9039366271e-04 7.2684101464e-05 1.7073414311e+01
1.9501114757e-04 7.7213858438e-05 1.7027805620e+01
1.9827691711e-04 7.4668422116e-05 1.7030361526e+01
2.0226425775e-04 7.5697409352e-05 1.7001256875e+01
2.0299387051e-04 7.9342982522e-05 1.6982563912e+01
2.0628298877e-04 7.6748348791e-05 1.7029891832e+01
2.0703232076e-04 8.0435237491e-05 1.6867647813e+01
2.1033441412e-04 7.7819174733e-05 1.6772293952e+01
2.1285831497e-04 7.1514435991e-05 1.7045881833e+01
2.1692819875e-04 7.2540545685e-05 1.6719875662e+01
2.1771804134e-04 7.6250152154e-05 1.6245977439e+01
2.2022107444e-04 6.9877829158e-05 1.6702563263e+01
2.2432187640e-04 7.0895888056e-05 1.6208996741e+01
2.2510433131e-04 7.4603984866e-05 1.6037722806e+01
2.2841282849e-04 7.1896868967e-05 1.6038534699e+01
2.2917841798e-04 7.5610337531e-05 1.5811277649e+01
2.3249459589e-04 7.2880987817e-05 1.5816284351e+01
2.3988852091e-04 7.1081822399e-05 1.5662496774e+01
2.3502122558e-04 6.6437700575e-05 1.6016764881e+01
2.4396077167e-04 7.2009485434e-05 1.5517902537e+01
2.4468923140e-04 7.5730953537e-05 1.5360869626e+01
2.4802464805e-04 7.2920240255e-05 1.5387122673e+01
1.7041157512e-04 8.3907209360e-05 1.7087085987e+01
2.4873790156e-04 7.6646758677e-05 1.5242952954e+01
2.5135742922e-04 7.0094302879e-05 1.5417750960e+01
2.5541994166e-04 7.0965941993e-05 1.5303080187e+01
2.5468788535e-04 6.7253025304e-05 1.5452281328e+01
2.6209244022e-04 6.5222703021e-05 1.5375569693e+01
2.6615906034e-04 6.6032527049e-05 1.5266700398e+01
2.6686822910e-04 6.9751461706e-05 1.5127719750e+01
2.7021562284e-04 6.6826350931e-05 1.5161558522e+01
2.6134272507e-04 6.1523884812e-05 1.5532488278e+01
2.7090891907e-04 7.0552763419e-05 1.5027586915e+01
2.7426160406e-04 6.7604934303e-05 1.5058432816e+01
2.7493907001e-04 7.1339558067e-05 1.4928111384e+01
2.7829637188e-04 6.8369141440e-05 1.4955475623e+01
2.8096046013e-04 6.1656907931e-05 1.5120405346e+01
2.8500453837e-04 6.2374338222e-05 1.5009081221e+01
2.8567926543e-04 6.6108886013e-05 1.4874362061e+01
2.8903561698e-04 6.3078700081e-05 1.4896339259e+01
2.8835553312e-04 5.9348971596e-05 1.5034263021e+01
2.9305238635e-04 6.3771264826e-05 1.4781329565e+01
2.9641026429e-04 6.0697680763e-05 1.4797315750e+01
2.9170450804e-04 5.6304186486e-05 1.5057756970e+01
3.0041432757e-04 6.1355924660e-05 1.4674897032e+01
-1.7543395138e-04 3.9610020666e-05 4.3473787855e+01
3.0500847848e-04 6.5792766904e-05 1.4414259762e+01
3.0837039144e-04 6.2647926857e-05 1.4417769854e+01
3.0164432312e-04 6.8915256341e-05 1.4408927726e+01
3.0776082612e-04 5.8861857468e-05 1.4554505905e+01
3.1173018967e-04 5.9479757851e-05 1.4419392326e+01
3.1508794093e-04 5.6287205349e-05 1.4419087552e+01
3.1447350188e-04 5.2503540766e-05 1.4561177382e+01
3.1782682754e-04 4.9286570581e-05 1.4562273207e+01
3.2179755010e-04 4.9823673695e-05 1.4412124625e+01
2.7157929498e-04 7.4292747070e-05 1.4901079027e+01
3.0222908456e-04 7.2721009657e-05 1.4277075151e+01
3.1903621620e-04 5.6874912607e-05 1.4273212751e+01
3.1718312017e-04 4.5528117282e-05 1.4711229035e+01
5.3460199470e-05 5.8146433322e-05 2.2438993642e+01
-2.7371320704e-06 5.3379006228e-05 3.6578478749e+01
-1.2875082136e-04 4.9145947034e-05 4.3140662545e+01
-2.1921419358e-04 3.5709327749e-05 4.0890397707e+01
2.0778364939e-04 8.4161211496e-05 1.6609547939e+01
2.0517284804e-04 9.0506786342e-05 1.6220748137e+01
2.0585079092e-04 9.4262063542e-05 1.6053973566e+01
2.0986127370e-04 9.5410486720e-05 1.5761624832e+01
2.0649682665e-04 9.8027705999e-05 1.5827074055e+01
2.1049194925e-04 9.9181242532e-05 1.5584305160e+01
2.1109216780e-04 1.0296094676e-04 1.5419619798e+01
2.0769488000e-04 1.0558650933e-04 1.5474592039e+01
2.1166226377e-04 1.0674863929e-04 1.5273092097e+01
2.0824704973e-04 1.0937783284e-04 1.5321687034e+01
2.0428711961e-04 1.0819115790e-04 1.5544260142e+01
2.0138070568e-04 1.1457021803e-04 1.5461049003e+01
1.9743525386e-04 1.1333222893e-04 1.5729061818e+01
1.9792702051e-04 1.1713030006e-04 1.5552786526e+01
1.9398712573e-04 1.1586532609e-04 1.5878247584e+01
1.9052360072e-04 1.1837131122e-04 1.6023312637e+01
2.1562533105e-04 1.0789007645e-04 1.5106056711e+01
2.1615571932e-04 1.1168720292e-04 1.4987824297e+01
2.1958490497e-04 1.0901083078e-04 1.4965512950e+01
2.2010621406e-04 1.1280981869e-04 1.4858368687e+01
2.2354180028e-04 1.1011088953e-04 1.4844413359e+01
1.8704403621e-04 1.2084642910e-04 1.6187682892e+01
1.9838608938e-04 1.2093367007e-04 1.5382876111e+01
2.2405520912e-04 1.1391137886e-04 1.4744594159e+01
1.8354207633e-04 1.2328927740e-04 1.6601261321e+01
1.8311127384e-04 1.1950482167e-04 1.6922220201e+01
1.7963264830e-04 1.2192174533e-04 1.7053389215e+01
1.8002602957e-04 1.2569738508e-04 1.6993805445e+01
1.7576070339e-04 1.2054576186e-04 1.6987804409e+01
1.7231078646e-04 1.2290390801e-04 1.7014574900e+01
1.7192410284e-04 1.1916396750e-04 1.7013134534e+01
1.6435008841e-04 1.1639309991e-04 1.7050895053e+01
1.6100496286e-04 1.1868953284e-04 1.7069907390e+01
1.6136002500e-04 1.2237730243e-04 1.7071696491e+01
1.5766160685e-04 1.2095249167e-04 1.7091341639e+01
1.5730155483e-04 1.1728623679e-04 1.7088197475e+01
1.5035567669e-04 1.1811531313e-04 1.7122792374e+01
1.4674485794e-04 1.1670642903e-04 1.7133214377e+01
1.4636509722e-04 1.1311150233e-04 1.7126037205e+01
1.4351408188e-04 1.1888762375e-04 1.7148938336e+01
1.3996360258e-04 1.1747225492e-04 1.7151361498e+01
1.3960199903e-04 1.1391770242e-04 1.7139303071e+01
1.3293738469e-04 1.1467515826e-04 1.7137502438e+01
1.2946171111e-04 1.1329809492e-04 1.7111306663e+01
1.2908034672e-04 1.0984658490e-04 1.7108339324e+01
1.2601189249e-04 1.1193943242e-04 1.7126741422e+01
1.2562892451e-04 1.0852552513e-04 1.6977633958e+01
1.1955936233e-04 1.1265068178e-04 1.7159657475e+01
1.1917737270e-04 1.0928013068e-04 1.7866928044e+01
1.1573673163e-04 1.0795098264e-04 1.9240573566e+01
1.1272669402e-04 1.0993307237e-04 1.9814504379e+01
1.0577271598e-04 1.0718980520e-04 2.2914049151e+01
1.0523739536e-04 1.0393518614e-04 2.2861038682e+01
1.0174587180e-04 1.0262475168e-04 2.2726958121e+01
9.8830778734e-05 1.0449372916e-04 2.2678576835e+01
9.2575494403e-05 1.0501496643e-04 2.2502407985e+01
8.9261584812e-05 1.0373204465e-04 2.2413465549e+01
8.8750030567e-05 1.0070165614e-04 2.2430277477e+01
8.5477107990e-05 9.9507823302e-05 2.2354731533e+01
7.9585511743e-05 1.0010483007e-04 2.2172339344e+01
7.6444578202e-05 9.8972108659e-05 2.2107821311e+01
7.0810183018e-05 9.9583701515e-05 2.1931606543e+01
6.4250519279e-05 9.4832550395e-05 2.1965739022e+01
6.1282421573e-05 9.3894984051e-05 2.1958291396e+01
5.6043046113e-05 9.4678802328e-05 2.1878135513e+01
5.3169364912e-05 9.3815943584e-05 2.1897712469e+01
5.2531904139e-05 9.1308384587e-05 2.1986915659e+01
4.6804154182e-05 8.9764432868e-05 2.2035554172e+01
4.3966153706e-05 8.9043831858e-05 2.2062827340e+01
3.9072403524e-05 9.0042988251e-05 2.2046321484e+01
3.4290766153e-05 9.1066474250e-05 2.1956286497e+01
2.8822364413e-05 8.9857782750e-05 2.3967178067e+01
1.9675076670e-05 8.6125398831e-05 2.8552628071e+01
1.6861468650e-05 8.5693549925e-05 2.9835236906e+01
1.1192096017e-05 8.4915057185e-05 3.2041833485e+01
6.4302097155e-06 8.6335392304e-05 3.3795239329e+01
3.5751593151e-06 8.6019194189e-05 3.4516018362e+01
-2.1642937460e-06 8.5453920189e-05 3.5706251332e+01
-7.9385784034e-06 8.4970304131e-05 3.6603852157e+01
-1.0837258568e-05 8.4756358062e-05 3.6957897885e+01
-2.0730227914e-05 8.2220016736e-05 3.7862122933e+01
-2.9581156865e-05 8.1832684930e-05 3.8279359066e+01
-3.8468051494e-05 8.1553061856e-05 3.8432277375e+01
-4.4407190405e-05 8.1418380525e-05 3.8430386947e+01
-4.7380018351e-05 8.1365295565e-05 3.8406131158e+01
-5.3330381162e-05 8.1284546126e-05 3.8321903612e+01
-5.6307260211e-05 8.1256576186e-05 3.8265549506e+01
-6.2262746746e-05 8.1222735149e-05 3.8132363208e+01
-6.5240720581e-05 8.1216785778e-05 3.8058087960e+01
-7.1195555837e-05 8.1224683537e-05 3.7899856924e+01
-7.4171731996e-05 8.1238201698e-05 3.7817718652e+01
-8.0120383440e-05 8.1283583273e-05 3.7651131930e+01
-8.3092157233e-05 8.1314858607e-05 3.7567959393e+01
-8.9029139655e-05 8.1395223978e-05 3.7404056743e+01
-9.1993504627e-05 8.1443442858e-05 3.7324224755e+01
-9.7912994850e-05 8.1557126478e-05 3.7169961150e+01
-1.0676406495e-04 8.1767525643e-05 3.6955489889e+01
-3.0067157935e-05 8.5672179767e-05 3.7957727450e+01
-4.1761297445e-05 8.5315445423e-05 3.7946508541e+01
1.5805508678e-05 8.9592898053e-05 3.1169741904e+01
-5.3493531327e-05 8.5117189154e-05 3.7716814151e+01
-1.1557338526e-04 8.2027868738e-05 3.6763522795e+01
-6.5243028934e-05 8.5050421698e-05 3.7388204432e+01
4.8137808705e-05 9.4656043289e-05 2.1859324605e+01
-8.8718174198e-05 8.5241962718e-05 3.6701358625e+01
-1.2539290734e-04 8.4339671503e-05 3.6255733851e+01
8.3259304239e-05 1.0423860975e-04 2.2209968505e+01
-1.2910613424e-04 8.0577008605e-05 3.6835703484e+01
-1.3492757913e-04 8.0826568516e-05 3.6732813848e+01
-1.3782643356e-04 8.0960948457e-05 3.6684517802e+01
-1.4359885054e-04 8.1249911454e-05 3.6593847762e+01
-1.0258582284e-04 7.9742856848e-05 3.7410496212e+01
-1.4647139482e-04 8.1404987279e-05 3.6551310792e+01
-1.1202521954e-04 8.5810378480e-05 3.6165483940e+01
-1.5704022078e-04 8.0045026190e-05 3.6688344499e+01
-1.3878537617e-04 7.7098200253e-05 3.7310501101e+01
-1.6271572008e-04 8.0426066791e-05 3.6606869275e+01
-1.6553564726e-04 8.0629977575e-05 3.6568033075e+01
-1.6685312143e-04 7.6704532406e-05 3.7099772872e+01
-1.6969520885e-04 7.6907747041e-05 3.7049160071e+01
-1.7465056960e-04 7.5269348115e-05 3.7234766848e+01
-1.8028609450e-04 7.5725180377e-05 3.7124855906e+01
5.7717831711e-05 9.0433034946e-05 2.2039230415e+01
-1.8308115376e-04 7.5969601107e-05 3.7071035910e+01
-1.8465500662e-04 7.2041000559e-05 3.7564756476e+01
-1.8746889917e-04 7.2284999643e-05 3.7496508728e+01
-1.9250768923e-04 7.0708133295e-05 3.7628739549e+01
-1.9806463500e-04 7.1259477961e-05 3.7479325188e+01
-2.0266178056e-04 6.7612547698e-05 3.7826430159e+01
7.8502473136e-05 9.4386938183e-05 2.2267162553e+01
-2.0777352298e-04 6.6096493695e-05 3.7885186267e+01
-2.1052280090e-04 6.6410791683e-05 3.7785233360e+01
-2.1595253064e-04 6.7090994368e-05 3.7591587197e+01
1.1177474548e-04 1.0333199103e-04 2.1762083548e+01
-2.2591197755e-04 6.2072660760e-05 3.7719838668e+01
-2.2857521407e-04 6.2468789439e-05 3.7596803421e+01
2.3144964997e-04 1.1225104402e-04 1.4637350318e+01
2.2454506468e-04 1.1771574226e-04 1.4646429318e+01
-2.3381637925e-04 6.3330044256e-05 3.7370805189e+01
9.3057434101e-05 1.0814225758e-04 2.2493406630e+01
1.1981050457e-04 6.2717808923e-05 2.2880672952e+01
9.4377409446e-05 5.7843612377e-05 2.2708785558e+01
1.0118948201e-04 9.9468275689e-05 2.2725935472e+01
2.9973065769e-05 8.5915454582e-05 2.2012632451e+01
-1.7944042324e-04 8.1799753760e-05 3.6391474271e+01
3.0616284671e-04 7.3421860676e-05 1.4145817761e+01
3.0279574451e-04 7.6543271323e-05 1.4144394072e+01
-2.3888456535e-04 6.2033162296e-05 3.7224994225e+01
1.7649146158e-04 1.2806615791e-04 1.7012651627e+01
2.3540131506e-04 1.1329244282e-04 1.4542164326e+01
3.2053022895e-04 4.2286956341e-05 1.4716077201e+01
-2.4396059401e-04 5.8529254192e-05 3.6983572654e+01
1.9348132520e-04 1.1207274881e-04 1.6072772996e+01
-2.4908379960e-04 5.7313819671e-05 3.6593189255e+01
-2.5158567271e-04 5.7868924324e-05 3.6426537917e+01
2.3589745707e-04 1.1709678390e-04 1.4445385208e+01
2.3935153534e-04 1.1431613793e-04 1.4447896644e+01
3.0671375166e-04 7.7261972433e-05 1.4009608856e+01
3.0334606910e-04 8.0381159898e-05 1.4009773269e+01
3.1985272223e-04 3.8556344486e-05 1.4877027294e+01
3.1580950670e-04 3.8082405611e-05 1.5026795887e+01
-2.5665551495e-04 5.6758492768e-05 3.5912744099e+01
1.7423333079e-04 8.4997940118e-05 1.7071432228e+01
2.3984379100e-04 1.1812200878e-04 1.4347403303e+01
2.4279498220e-04 1.1151826815e-04 1.4451645959e+01
2.4674625158e-04 1.1250709475e-04 1.4357436383e+01
2.4942656535e-04 8.0384856842e-05 1.5110422522e+01
2.5725027077e-04 6.0703388921e-05 1.5654603602e+01
2.6056794405e-04 5.7838456059e-05 1.5694391137e+01
2.5645905346e-04 5.7023528223e-05 1.5846083037e+01
2.5976772662e-04 5.4166353788e-05 1.5895652025e+01
2.5564269522e-04 5.3356434657e-05 1.5935992737e+01
2.5808866968e-04 4.6859876124e-05 1.6518860593e+01
2.5725569988e-04 4.3292329370e-05 1.7107859053e+01
2.5317013125e-04 4.2629590338e-05 1.7026311249e+01
2.5648534463e-04 3.9880246789e-05 1.7052519669e+01
2.5245059292e-04 3.9335999381e-05 1.7105306457e+01
2.6055929758e-04 4.0486890887e-05 1.7029569086e+01
2.4844934980e-04 3.8853810042e-05 1.7080437514e+01
2.4446752930e-04 3.8417010299e-05 1.7124506554e+01
2.3714062595e-04 4.0513400349e-05 1.7135934865e+01
2.3316295563e-04 4.0047617069e-05 1.7108993838e+01
2.2917829935e-04 3.9562387178e-05 1.7294093874e+01
2.2519141234e-04 3.9060080194e-05 1.7379965823e+01
2.2451454893e-04 3.6110169878e-05 1.7555013086e+01
2.2120997291e-04 3.8546228079e-05 1.7408511372e+01
2.2052986799e-04 3.5610032603e-05 1.7603109174e+01
2.1723657505e-04 3.8024536386e-05 1.7469864145e+01
2.1655405182e-04 3.5103643384e-05 1.7637695853e+01
2.1258808567e-04 3.4594837233e-05 1.7688516456e+01
2.0863144706e-04 3.4084438567e-05 1.7750920161e+01
2.0142692490e-04 3.5902112940e-05 1.7728556515e+01
1.9749585188e-04 3.5371799579e-05 1.7834003757e+01
1.9357194099e-04 3.4844581643e-05 1.7958875629e+01
1.8965476387e-04 3.4321864576e-05 1.8106930390e+01
1.8574234310e-04 3.3804690561e-05 1.8282059780e+01
1.8505611726e-04 3.1076350506e-05 1.8506873390e+01
1.8114596868e-04 3.0594736100e-05 1.8716957448e+01
1.7333201512e-04 2.9655825854e-05 1.9226163011e+01
1.6942625526e-04 2.9200611730e-05 1.9527073014e+01
1.6622917055e-04 3.1330337761e-05 1.9601036296e+01
1.6232822841e-04 3.0863843915e-05 1.9957138075e+01
1.5842614145e-04 3.0408548588e-05 2.0345703306e+01
1.5061631630e-04 2.9534392483e-05 2.1212478917e+01
1.4670722904e-04 2.9117071294e-05 2.1697763812e+01
1.4205119422e-04 2.6337427334e-05 2.2428371011e+01
1.3813392376e-04 2.5985265727e-05 2.2919203012e+01
1.3422714642e-04 2.5650968353e-05 2.2908634489e+01
1.3034793761e-04 2.5334637697e-05 2.2920607529e+01
1.2649546721e-04 2.5036462074e-05 2.2898248296e+01
1.1959371743e-04 2.6649061573e-05 2.2870102948e+01
1.1581607658e-04 2.6368980108e-05 2.2853235633e+01
1.1206437074e-04 2.6107591074e-05 2.2835438182e+01
1.0833817474e-04 2.5864635543e-05 2.2818549953e+01
1.0096040887e-04 2.5433293699e-05 2.2786249044e+01
9.7307103520e-05 2.5243866734e-05 2.2772252269e+01
9.3678961706e-05 2.5070976526e-05 2.2760292715e+01
9.0073406549e-05 2.4914001256e-05 2.2750548766e+01
7.9390134262e-05 2.4529817587e-05 2.2733784691e+01
7.5871145599e-05 2.4427676520e-05 2.2745907694e+01
6.1948880512e-05 2.4110226582e-05 2.4343538131e+01
4.6816312078e-05 2.2117049627e-05 2.8752272973e+01
2.8771664919e-05 2.1797307358e-05 3.3946251882e+01
2.5132632130e-05 2.1737582420e-05 3.4989014180e+01
1.0491900247e-05 2.1519501686e-05 3.8953551573e+01
6.8128789487e-06 2.1470942740e-05 3.9867893408e+01
3.1273213409e-06 2.1424895271e-05 4.0743847865e+01
-7.9637975070e-06 2.1302344228e-05 4.3118528916e+01
-1.1670762961e-05 2.1266935943e-05 4.3821087008e+01
-1.5381991961e-05 2.1233357942e-05 4.4478385188e+01
-3.0260739168e-05 2.1127039794e-05 4.6660891372e+01
-3.3986982652e-05 2.1105393831e-05 4.7099905988e+01
-3.7715127625e-05 2.1087159915e-05 4.7498666268e+01
-4.8906822020e-05 2.1042578849e-05 4.8471731287e+01
-5.2636132821e-05 2.1032912072e-05 4.8727012851e+01
-5.6369857600e-05 2.1023105165e-05 4.8951594797e+01
-6.0106933910e-05 2.1014832432e-05 4.9146818472e+01
-7.1309315465e-05 2.0999837496e-05 4.9572131996e+01
-7.5042091150e-05 2.0997553442e-05 4.9666191865e+01
-7.8774128385e-05 2.0996453372e-05 4.9739011196e+01
-8.9964098832e-05 2.0999807076e-05 4.9844061708e+01
-9.3691513819e-05 2.1002940107e-05 4.9845523965e+01
-9.7417372651e-05 2.1007031053e-05 4.9832113045e+01
-1.0114153818e-04 2.1012006265e-05 4.9804838089e+01
-1.1230235274e-04 2.1032098950e-05 4.9648582428e+01
-1.1601823138e-04 2.1040427758e-05 4.9574167236e+01
-1.1973166325e-04 2.1049574870e-05 4.9489609413e+01
-1.3455768307e-04 2.1094146161e-05 4.9058436236e+01
-1.3825641458e-04 2.1107333887e-05 4.8928797569e+01
-1.4195164812e-04 2.1121394254e-05 4.8790686021e+01
-1.5301307855e-04 2.1169263247e-05 4.8324984620e+01
1.2797321438e-04 2.9555327383e-05 2.2909452461e+01
3.8334702609e-05 2.5287793951e-05 3.0250530045e+01
2.3701363690e-06 2.4613185847e-05 4.0282359940e+01
-1.5669331895e-04 2.1186971885e-05 4.8151974938e+01
1.6869704348e-05 2.4850890315e-05 3.6554125513e+01
5.2402904251e-05 2.5612974032e-05 2.6204872253e+01
-1.6036485515e-04 2.1205089920e-05 4.7969907337e+01
-1.7136145614e-04 2.1268380506e-05 4.7361077035e+01
-1.7501279528e-04 2.1292177701e-05 4.7135525380e+01
-1.7864410487e-04 2.1314662168e-05 4.6898639692e+01
-1.3003949213e-04 2.4223060099e-05 4.8553393698e+01
2.3583574644e-04 3.4592819734e-05 1.7602206970e+01
2.0794832227e-04 3.1240693510e-05 1.7943839630e+01
1.5306625611e-04 2.5065055786e-05 2.1271920755e+01
3.4797181847e-05 2.0266227103e-05 3.2621879465e+01
-2.0745739261e-05 1.9629753875e-05 4.5631067933e+01
1.0689195648e-04 2.1838183697e-05 2.2828639052e+01
9.2196825299e-05 2.1301849386e-05 2.2798599453e+01
7.7832079137e-05 2.0963835397e-05 2.2753677379e+01
1.6444944624e-05 2.0001279081e-05 3.7750828327e+01
-1.8488137556e-04 1.9770006925e-05 4.6750209978e+01
-1.8853786725e-04 1.9800227884e-05 4.6464791264e+01
-1.9317488425e-04 2.1440755446e-05 4.5791630571e+01
-1.9675868591e-04 2.1480842378e-05 4.5471944943e+01
-2.0309289440e-04 1.9927258175e-05 4.5125472560e+01
1.9426015567e-04 3.7673171537e-05 1.7769330634e+01
1.7083560944e-04 3.4466459106e-05 1.9026878231e+01
1.4354778029e-04 3.1146423878e-05 2.1958646010e+01
-7.4879973208e-05 2.4113165873e-05 4.9051679712e+01
8.3681621141e-05 2.6520349816e-05 2.2717369404e+01
-1.4801697537e-04 1.9579787053e-05 4.8860234569e+01
1.9613097821e-04 2.9794538624e-05 1.8243940005e+01
2.4782438860e-04 3.5853577588e-05 1.7156608243e+01
-2.0670803226e-04 1.9965799417e-05 4.4730392002e+01
-1.4823660205e-04 2.4308511598e-05 4.7888921930e+01
2.0999564748e-04 3.9883818624e-05 1.7404962233e+01
2.6313886028e-04 3.4393106703e-05 1.7084857027e+01
2.6718429111e-04 3.4873576892e-05 1.7038702123e+01
-2.1110846969e-04 2.1653031370e-05 4.3949154550e+01
-2.2104491344e-04 2.0158648363e-05 4.2827377729e+01
-2.2458480272e-04 2.0214955570e-05 4.2255170044e+01
-2.3512251427e-04 2.0437224203e-05 4.0225571366e+01
-2.3859703729e-04 2.0527120512e-05 3.9427674152e+01
-2.3759558817e-04 1.7147376256e-05 4.0041600066e+01
-2.1592124845e-04 1.6840945238e-05 4.4063201272e+01
-2.4203485520e-04 2.0628706139e-05 3.8562478837e+01
3.1914406098e-04 3.4850392263e-05 1.5047172675e+01
3.1507794138e-04 3.4394156455e-05 1.5198368749e+01
3.2319061293e-04 3.5291002427e-05 1.4889944576e+01
2.4724768682e-04 1.1631452693e-04 1.4252623981e+01
2.5069508744e-04 1.1348117540e-04 1.4259433545e+01
-2.6195983174e-04 5.3399129190e-05 3.4887914275e+01
-2.5129445560e-04 1.5774176758e-05 3.6193116609e+01
3.0724962927e-04 8.1117798739e-05 1.3870721855e+01
3.0388186246e-04 8.4233624098e-05 1.3872177779e+01
2.9659986638e-04 8.6556929215e-05 1.4005152330e+01
2.9713355041e-04 9.0403568511e-05 1.3869966404e+01
2.9322052346e-04 8.9614741375e-05 1.4000813816e+01
2.9375247859e-04 9.3458866089e-05 1.3866706273e+01
3.1061356430e-04 7.7980319048e-05 1.3867267825e+01
2.8644805441e-04 9.5673469743e-05 1.3989095179e+01
2.8697480478e-04 9.9512820127e-05 1.3856776681e+01
2.6982965964e-04 2.8918645619e-05 1.7031551601e+01
2.7383673431e-04 2.9259921075e-05 1.7074466007e+01
2.7789897937e-04 2.9678480499e-05 1.7009775598e+01
-2.6705942608e-04 5.2432359592e-05 3.3952100482e+01
-2.6941005320e-04 5.3147008164e-05 3.3760415168e+01
-2.6171090432e-04 1.6105072925e-05 3.1885557366e+01
-2.6510731389e-04 1.6248333728e-05 3.0174810060e+01
-2.7175863476e-04 1.6601170339e-05 2.6295782158e+01
1.7484934515e-04 8.8550565774e-05 1.7056207051e+01
2.6586854653e-04 2.8640250803e-05 1.7219665711e+01
2.5361003377e-04 1.0682484316e-04 1.4371287809e+01
-1.8071203737e-04 8.6090956223e-05 3.5941240598e+01
-1.8340677229e-04 8.6381004012e-05 3.5924753024e+01
2.7870640531e-04 3.3099990845e-05 1.7156334857e+01
2.8201017689e-04 3.0164544319e-05 1.7104948904e+01
-2.7500300302e-04 1.6817524803e-05 2.4105006615e+01
-2.7441989995e-04 5.2329794709e-05 3.2656905936e+01
3.1113535140e-04 8.1855580337e-05 1.3723753568e+01
2.5807922718e-04 1.1157483785e-04 1.4164527841e+01
1.7161719706e-04 9.0971769993e-05 1.7059743319e+01
2.0183155000e-04 9.3095465116e-05 1.6296947977e+01
2.3379845123e-04 4.3033744589e-05 1.7048077030e+01
2.8287798362e-04 3.3707985007e-05 1.6505855545e+01
3.0103301511e-04 9.1190625182e-05 1.3731201668e+01
-2.7991754923e-04 4.9238421938e-05 2.9983801935e+01
-1.7391804439e-04 8.9584769808e-05 3.5570286966e+01
-2.8466503136e-04 1.5700554115e-05 1.6962490803e+01
-2.8775156691e-04 1.6014571308e-05 1.7143560154e+01
2.8704681448e-04 3.4319683313e-05 1.6017434891e+01
-1.8818360780e-04 8.4811017528e-05 3.6090215730e+01
3.1174711238e-04 3.7594160301e-05 1.5173272700e+01
2.9034788420e-04 3.1298454529e-05 1.6069615138e+01
2.9364955529e-04 2.8254519009e-05 1.6442875489e+01
3.1500238052e-04 8.2596642863e-05 1.3568608711e+01
2.6202122980e-04 1.1250711894e-04 1.4056038170e+01
2.6252149482e-04 1.1632726402e-04 1.3931158668e+01
2.4672582668e-04 8.6962965747e-05 1.4969516890e+01
2.8749065593e-04 1.0336089567e-04 1.3718428950e+01
-2.5552775660e-04 2.1155437087e-05 3.4252237301e+01
-2.8492316797e-04 4.8659325164e-05 2.7969776173e+01
3.2579681551e-04 2.8300455773e-05 1.5099884522e+01
3.2984960470e-04 2.8667575063e-05 1.4913821289e+01
-1.9350906141e-04 8.5461026503e-05 3.6052551001e+01
2.9276769818e-04 2.4693585807e-05 1.7157643369e+01
2.9694933112e-04 2.5185774104e-05 1.6506928645e+01
2.8251832915e-04 9.4847150567e-05 1.4108314891e+01
2.4271245579e-04 8.6016080000e-05 1.5070584258e+01
1.6780567094e-04 8.9810603477e-05 1.7076352747e+01
-1.7035065770e-04 7.0982663122e-05 3.7911805753e+01
-1.6588030062e-04 6.6816398024e-05 3.8662167650e+01
-1.7026501780e-04 6.3202311564e-05 3.9189941880e+01
-1.7549659076e-04 6.1565072838e-05 3.9343930454e+01
-1.7399708364e-04 5.7687883352e-05 4.0064931611e+01
-1.7093866240e-04 5.7548126284e-05 4.0181077097e+01
-1.7848160927e-04 6.1732445038e-05 3.9238887899e+01
2.4335508021e-04 8.9776541858e-05 1.4953944287e+01
2.3934903243e-04 8.8808295088e-05 1.5056762321e+01
1.6516549996e-04 9.5753044014e-05 1.7069631754e+01
1.6140037622e-04 9.4544794312e-05 1.7084354017e+01
-2.9388367614e-04 1.6745341243e-05 1.7104580210e+01
-2.9758647034e-04 1.5021597874e-05 1.7090521967e+01
-3.0381135747e-04 1.5878876769e-05 1.7094650658e+01
-2.8988192972e-04 4.8243677153e-05 2.5565042368e+01
3.2219392638e-04 8.0157644877e-05 1.3391442471e+01
-2.9197279483e-04 4.9317453959e-05 2.5735832934e+01
3.2170242268e-04 7.6230939179e-05 1.3545250344e+01
3.2553324810e-04 7.6947600949e-05 1.3374367305e+01
3.2504581372e-04 7.3011663903e-05 1.3528736981e+01
3.2886752051e-04 7.3712520363e-05 1.3353447939e+01
3.3552101731e-04 6.7161849686e-05 1.3297375876e+01
3.3505024602e-04 6.3192664006e-05 1.3452681145e+01
3.3884003639e-04 6.3843296539e-05 1.3260211927e+01
3.4215377230e-04 6.0493551042e-05 1.3214956962e+01
3.4169751872e-04 5.6496038800e-05 1.3367933309e+01
3.4501410074e-04 5.3097018978e-05 1.3308743168e+01
3.4876295686e-04 5.3693067197e-05 1.3090574465e+01
3.4832496701e-04 4.9660582773e-05 1.3233272708e+01
3.5205777693e-04 5.0237827316e-05 1.3004433544e+01
3.4787151216e-04 4.5657851434e-05 1.3370736835e+01
3.5118366842e-04 4.2163338879e-05 1.3258582406e+01
3.5071454626e-04 3.8179012528e-05 1.3372817816e+01
3.5402640162e-04 3.4623569140e-05 1.3189955981e+01
3.5779214583e-04 3.5037772477e-05 1.2901078231e+01
3.5733109276e-04 3.1018889662e-05 1.2933880701e+01
3.5352758997e-04 3.0666093861e-05 1.3258476093e+01
3.6108598876e-04 3.1402033604e-05 1.2620930403e+01
-1.5992664027e-04 6.6512412918e-05 3.8828599637e+01
-1.5693157580e-04 6.6371252243e-05 3.8911819503e+01
-1.5208241373e-04 6.2391068432e-05 3.9756818851e+01
-1.4901182387e-04 6.2278110756e-05 3.9849633514e+01
-1.4283968818e-04 6.2071930594e-05 4.0033615015e+01
-1.3974001200e-04 6.1975137588e-05 4.0125412045e+01
-1.3351526101e-04 6.1795444141e-05 4.0308128479e+01
-1.3039060541e-04 6.1712984742e-05 4.0398819096e+01
-1.2528243082e-04 6.3415873990e-05 4.0164447995e+01
-1.2097324902e-04 6.1490880761e-05 4.0667705546e+01
-1.1589958120e-04 6.3204098043e-05 4.0424864080e+01
-1.1149893724e-04 6.1303097548e-05 4.0928780222e+01
-1.0646426718e-04 6.3029410831e-05 4.0677313197e+01
-1.0330915853e-04 6.2979363519e-05 4.0758334427e+01
-9.6985945369e-05 6.2891508244e-05 4.0913296394e+01
-9.3818512914e-05 6.2853693133e-05 4.0986247364e+01
-8.7473402309e-05 6.2793101141e-05 4.1119548666e+01
-8.4296705810e-05 6.2766803061e-05 4.1179217088e+01
-7.4752842973e-05 6.2718136707e-05 4.1317212799e+01
-7.1568138998e-05 6.2712715520e-05 4.1346035423e+01
-6.5195811810e-05 6.2712930219e-05 4.1371677044e+01
-9.6563104055e-05 6.6525027050e-05 4.0166306128e+01
-6.2008845508e-05 6.2723137976e-05 4.1364813942e+01
-5.5635161331e-05 6.2758399888e-05 4.1304572738e+01
-5.2449201641e-05 6.2784732163e-05 4.1247271017e+01
-4.2899769824e-05 6.2903808940e-05 4.0939969352e+01
-3.9721096074e-05 6.2959972647e-05 4.0783743903e+01
-3.3372833091e-05 6.3093236504e-05 4.0374233478e+01
-3.0204688815e-05 6.3174846176e-05 4.0114014247e+01
-2.0730029684e-05 6.3474551200e-05 3.9069068296e+01
-7.0241611249e-06 6.5944848827e-05 3.6537895755e+01
2.2014193706e-06 6.6537906832e-05 3.4107974979e+01
8.2868592468e-06 6.7013183590e-05 3.2028574243e+01
1.1306342590e-05 6.7276999980e-05 3.0831271693e+01
1.6329675077e-05 6.5826269488e-05 2.8679342360e+01
2.0254790346e-05 6.8180782089e-05 2.6519640324e+01
2.5232672858e-05 6.6784832695e-05 2.3594524000e+01
2.8157549817e-05 6.7143320082e-05 2.2256605638e+01
3.4042052217e-05 6.7926912150e-05 2.2363905902e+01
4.3777102968e-05 7.1537232298e-05 2.2326868247e+01
4.6768188330e-05 7.2066623441e-05 2.2323628904e+01
5.2059771116e-05 7.0851289684e-05 2.2340693268e+01
5.8218118597e-05 7.2028199221e-05 2.2350074351e+01
6.1330463400e-05 7.2658943296e-05 2.2359257782e+01
6.2064709292e-05 7.5110685908e-05 2.2338793663e+01
6.5192292090e-05 7.5802817807e-05 2.2354166324e+01
7.1525782075e-05 7.7270518390e-05 2.2397572519e+01
7.4040601274e-05 7.5451696144e-05 2.2439694492e+01
8.0569830119e-05 7.7017569310e-05 2.2503785374e+01
8.4566213671e-05 8.0562812475e-05 2.2535165068e+01
8.7908755049e-05 8.1461522396e-05 2.2578576150e+01
-7.4628395439e-05 6.6332311883e-05 4.0617458669e+01
-8.4044334451e-05 6.6387489459e-05 4.0451646864e+01
-6.2054963473e-05 6.6333655994e-05 4.0723332903e+01
-5.2623054875e-05 6.6396025689e-05 4.0668080457e+01
-4.3200981330e-05 6.6520649897e-05 4.0440867793e+01
-3.3800428827e-05 6.6717581729e-05 3.9974852231e+01
-2.4434831129e-05 6.6999237751e-05 3.9185503113e+01
-1.5120110846e-05 6.7380217445e-05 3.7968225299e+01
2.9877127970e-05 7.1416501837e-05 2.2421812759e+01
3.8640366731e-05 7.2788085559e-05 2.2324384036e+01
9.4031937068e-05 8.0491845509e-05 2.2665320838e+01
9.7486624891e-05 8.1432609935e-05 2.2709521076e+01
5.6625427778e-05 7.6224700539e-05 2.2297576401e+01
2.5150873438e-04 5.2528064305e-05 1.6397724867e+01
9.8156778165e-05 8.4330082186e-05 2.2713851823e+01
1.0164841182e-04 8.5345920009e-05 2.2759318241e+01
1.0808012459e-04 8.4424157929e-05 2.2840969134e+01
1.1168854026e-04 8.5480337087e-05 2.2843266374e+01
1.1236120557e-04 8.8566722366e-05 2.2891940727e+01
1.1533902498e-04 8.6564584678e-05 2.2999189848e+01
1.1601039007e-04 8.9699423766e-05 2.2674323271e+01
1.1964917426e-04 9.0847234886e-05 2.1317707522e+01
2.9120386534e-04 3.4908263629e-05 1.5967299595e+01
3.6062863980e-04 2.7364589069e-05 1.2576346070e+01
2.6645534989e-04 1.1725518824e-04 1.3807970765e+01
2.5955729779e-04 1.2302950660e-04 1.3785147975e+01
2.9139307797e-04 1.0420663168e-04 1.3578425363e+01
2.8799704107e-04 1.0721670892e-04 1.3573118746e+01
-7.9655259315e-05 6.0945047683e-05 4.1613725553e+01
2.8196887064e-04 9.1028677534e-05 1.4230328614e+01
2.7857790629e-04 9.4014395055e-05 1.4220330187e+01
-1.8308360044e-04 5.8154339974e-05 3.9705146208e+01
-1.8906114146e-04 5.8509515459e-05 3.9455311700e+01
-1.9202364840e-04 5.8701987943e-05 3.9327377811e+01
-1.9736450591e-04 5.7119815560e-05 3.9375520823e+01
-2.0224727531e-04 5.3568553507e-05 3.9688107814e+01
-2.1106679696e-04 5.4239239778e-05 3.9162938552e+01
1.2627181558e-04 8.9910099531e-05 1.9565256961e+01
-3.0690014191e-04 1.6380593684e-05 1.7097209126e+01
3.2911136956e-04 2.4978066906e-05 1.5129186196e+01
3.2503577287e-04 2.4630304173e-05 1.5316628384e+01
3.3316619807e-04 2.5304320607e-05 1.4916135547e+01
3.3387898165e-04 2.9017182435e-05 1.4703999508e+01
3.3719687616e-04 2.5611182065e-05 1.4667131046e+01
2.9608364399e-04 2.1668708984e-05 1.7114693355e+01
-1.7526746591e-04 9.3939628398e-05 3.5212764199e+01
-1.9876943424e-04 8.6170219650e-05 3.6022438814e+01
1.0380026256e-04 8.0447496320e-05 2.2787962990e+01
1.2197860756e-04 8.5604885622e-05 2.1370841064e+01
-3.0997631905e-04 1.6936463866e-05 1.7101783464e+01
-2.0137440172e-04 8.6548607938e-05 3.6010661493e+01
3.1550023847e-04 8.6507081294e-05 1.3415813587e+01
1.7871226401e-04 8.9706317395e-05 1.7037686210e+01
1.7933134888e-04 9.3345204208e-05 1.7024123197e+01
2.9196540212e-04 2.1312762758e-05 1.7002669481e+01
-2.0610569653e-04 8.5090926355e-05 3.6144145886e+01
-2.0787011940e-04 8.0998212954e-05 3.6456147218e+01
-2.1046339559e-04 8.1403067303e-05 3.6427262591e+01
-1.6526895876e-04 9.5029253051e-05 3.5014803812e+01
-1.6257408166e-04 9.4779223907e-05 3.5006877955e+01
-1.5715242769e-04 9.4309633995e-05 3.4995863508e+01
-1.5169045364e-04 9.3878385194e-05 3.4991650785e+01
-1.4706111390e-04 9.5598533036e-05 3.4786269940e+01
-1.4431738525e-04 9.5405963192e-05 3.4783552856e+01
-1.3880509367e-04 9.5045583476e-05 3.4784468913e+01
-1.3789800773e-04 9.9092705802e-05 3.4377087027e+01
-1.3516052991e-04 9.8918497346e-05 3.4368127699e+01
-1.2966473362e-04 9.8593558934e-05 3.4357470905e+01
-1.2514828028e-04 1.0039462856e-04 3.4147435742e+01
-1.1964040749e-04 1.0011667484e-04 3.4142820177e+01
-1.1687866791e-04 9.9988333290e-05 3.4145318270e+01
-1.1134112534e-04 9.9752387775e-05 3.4160947876e+01
-1.0578663791e-04 9.9543371429e-05 3.4192211586e+01
-1.0300379635e-04 9.9448805269e-05 3.4214262132e+01
-9.7428401835e-05 9.9279278079e-05 3.4272343133e+01
-9.1842076096e-05 9.9135728655e-05 3.4350562467e+01
-8.9045530568e-05 9.9073748781e-05 3.4397757287e+01
-7.4885531515e-05 1.0289783190e-04 3.4099425975e+01
-6.1050774610e-05 1.0286390224e-04 3.4540288509e+01
-5.2762606351e-05 1.0293910855e-04 3.4900016211e+01
-4.7246948616e-05 1.0303344068e-04 3.5178052256e+01
-3.8993566773e-05 1.0324810320e-04 3.5643582445e+01
-3.3507708492e-05 1.0344499342e-04 3.5976216853e+01
-3.0770489687e-05 1.0356108696e-04 3.6145305663e+01
-2.5308751843e-05 1.0383140648e-04 3.6479689973e+01
-1.9865656980e-05 1.0415704573e-04 3.6792350037e+01
-1.7151740586e-05 1.0434245488e-04 3.6932689710e+01
-1.1740592698e-05 1.0476262947e-04 3.7161594723e+01
-7.3046474289e-06 1.0309750256e-04 3.7214903298e+01
-1.8963386109e-06 1.0365009556e-04 3.7132605774e+01
3.4832696248e-06 1.0429012512e-04 3.6876340788e+01
6.1614155834e-06 1.0464584419e-04 3.6676839380e+01
1.4897921966e-05 1.0811573977e-04 3.6229070980e+01
2.0124030725e-05 1.0910324161e-04 3.5527150976e+01
2.4664181008e-05 1.0793011772e-04 3.3794544290e+01
2.9865195168e-05 1.0917799217e-04 3.2311388919e+01
3.8095123046e-05 1.1376140531e-04 3.0374691561e+01
4.2651979556e-05 1.1312651839e-04 2.6530428959e+01
4.8041481952e-05 1.1759524148e-04 2.4269555117e+01
5.2601041441e-05 1.1735926450e-04 1.9747716698e+01
7.7980761160e-06 1.0908269885e-04 3.7255629569e+01
5.7801342963e-05 1.2255313633e-04 1.9844040684e+01
-7.0679411434e-05 1.0490071930e-04 3.3904950803e+01
6.2777604843e-05 1.2264110291e-04 2.0039944853e+01
4.7209625176e-05 1.1264778853e-04 2.0581444561e+01
-9.4239959617e-05 1.0324679358e-04 3.3782281993e+01
-7.8930171962e-05 1.0497725325e-04 3.3720358646e+01
6.5314248862e-05 1.2124982996e-04 2.0420726176e+01
7.0886993288e-05 1.2743715893e-04 2.0815883186e+01
7.3704079880e-05 1.2599864914e-04 2.1223167968e+01
7.0716036081e-05 1.2130856538e-04 2.0988484412e+01
5.7405685072e-05 1.1717105244e-04 2.0180173763e+01
7.9558950889e-05 1.2618123755e-04 2.1884042347e+01
8.2647487649e-05 1.2791359088e-04 2.2116428070e+01
8.2753527134e-05 1.3131796290e-04 2.2762702767e+01
8.8974514894e-05 1.3142418827e-04 2.1006932314e+01
8.9005898479e-05 1.3485141559e-04 1.9946381137e+01
9.2146907056e-05 1.3310866163e-04 1.9881235147e+01
9.8486939109e-05 1.3292976468e-04 1.9247004931e+01
9.8530279722e-05 1.3633859074e-04 1.9247842505e+01
-1.0250837127e-04 1.0349818138e-04 3.3733402778e+01
1.0174952563e-04 1.3789826128e-04 1.9023839242e+01
-2.4771307366e-05 9.9788624364e-05 3.6870963934e+01
-4.7024037801e-05 9.8997681880e-05 3.5821894811e+01
-5.8214668340e-05 9.8847563664e-05 3.5315792950e+01
-6.9425010103e-05 9.8829522734e-05 3.4895019414e+01
1.0821020944e-04 1.3754920710e-04 1.8280640840e+01
1.1140657502e-04 1.3565077590e-04 1.7670079707e+01
1.1468811857e-04 1.3714532323e-04 1.7247105335e+01
-1.1074998019e-04 1.0381054983e-04 3.3725472111e+01
5.3131092875e-05 1.2251838490e-04 1.9812202074e+01
1.1476453466e-04 1.4053975269e-04 1.7600293785e+01
1.2118416774e-04 1.3671675073e-04 1.7201832354e+01
1.2129419996e-04 1.4012550422e-04 1.7074925369e+01
1.2462509131e-04 1.4161507407e-04 1.7203644034e+01
1.3125226703e-04 1.4118800753e-04 1.7214385012e+01
7.0844872728e-05 1.3059813493e-04 2.0860544488e+01
6.0321357914e-05 1.2677475910e-04 1.9322881866e+01
1.2104553123e-04 1.3328642093e-04 1.7177394563e+01
8.5843615753e-05 1.3655269986e-04 1.9979767615e+01
1.0801798737e-04 1.3073602122e-04 1.8052595754e+01
1.3454124827e-04 1.3923951228e-04 1.7226192165e+01
1.3796739110e-04 1.4074575098e-04 1.7242119475e+01
1.3806182013e-04 1.4420922469e-04 1.7258544062e+01
1.4478660952e-04 1.4028769327e-04 1.7246630312e+01
1.4829779510e-04 1.4182309968e-04 1.7250255819e+01
9.8517386735e-05 1.3973855473e-04 1.9368821708e+01
1.4838175874e-04 1.4535985485e-04 1.7286893244e+01
-2.9681178658e-04 4.9196485903e-05 2.3445569694e+01
3.2934026081e-04 7.7676644372e-05 1.3194957033e+01
1.1151826539e-04 1.4243314187e-04 1.8234803952e+01
3.1933595141e-04 8.7276187915e-05 1.3247188368e+01
3.1598971985e-04 9.0430495209e-05 1.3257974398e+01
1.4466472338e-04 1.3675595020e-04 1.7221395587e+01
2.8459032642e-04 1.1021204883e-04 1.3566453064e+01
-3.5480676395e-04 1.7153520897e-05 1.4989632716e+01
1.5190503822e-04 1.4693931408e-04 1.7289507021e+01
1.5541047876e-04 1.4494988661e-04 1.7230580397e+01
1.8260561007e-04 9.0878052108e-05 1.7018896830e+01
1.8323392197e-04 9.4551667856e-05 1.7006529781e+01
2.5410339071e-04 8.5043811059e-05 1.4895236397e+01
2.7801809214e-04 9.0206015437e-05 1.4337524907e+01
2.7462748437e-04 9.3173729379e-05 1.4325694328e+01
2.7123189819e-04 9.6124135662e-05 1.4314212165e+01
-2.1525367545e-04 7.9995455699e-05 3.6533456183e+01
-2.2034097646e-04 8.0911693847e-05 3.6481115612e+01
-2.2484554747e-04 7.7286413324e-05 3.6715058269e+01
-2.1649077520e-04 5.2721514514e-05 3.9041470609e+01
-2.1938558747e-04 5.2998283632e-05 3.8835391460e+01
1.6194672038e-04 9.8110962879e-05 1.7076011579e+01
1.6571643702e-04 9.9358640711e-05 1.7060116609e+01
1.5531916745e-04 1.4135021447e-04 1.7195681559e+01
1.6260497325e-04 1.4447545414e-04 1.7121720623e+01
1.6248603265e-04 1.4079782712e-04 1.7102670037e+01
1.6620450431e-04 1.4234450659e-04 1.7065611675e+01
1.6632025372e-04 1.4605432857e-04 1.7029792610e+01
1.6997527061e-04 1.4389121839e-04 1.7003877346e+01
1.2986551790e-04 9.1034086871e-05 1.8443041417e+01
7.8646112544e-05 8.1535806401e-05 2.2444142643e+01
8.8568700086e-05 8.4269005313e-05 2.2572039075e+01
-3.1735114981e-04 1.5655777228e-05 1.7084713880e+01
-4.7580851017e-05 6.1044267992e-05 4.1393998373e+01
-3.1527323264e-04 1.2657471814e-05 1.7067278816e+01
2.6694362084e-04 1.2108447041e-04 1.3665655333e+01
3.6478298164e-04 3.1827388741e-05 1.2329039571e+01
2.9189357474e-04 1.0807427209e-04 1.3426030089e+01
1.2470720609e-04 1.4500267770e-04 1.7038220613e+01
3.4050054505e-04 2.2163163194e-05 1.4589208268e+01
1.7380573806e-04 1.4543107513e-04 1.6812287056e+01
2.6727346708e-04 9.5255841712e-05 1.4412259123e+01
1.8384792120e-04 9.8256292455e-05 1.7000804283e+01
-2.2964078436e-04 7.5991348467e-05 3.6799859220e+01
2.5810788516e-04 8.5938144649e-05 1.4805417974e+01
3.3598106463e-04 7.1152330037e-05 1.3139040070e+01
-2.7469493519e-04 2.0640737782e-05 2.4224826095e+01
2.8789428526e-04 3.7939167527e-05 1.5911623580e+01
2.9202903734e-04 3.8538901311e-05 1.5733398706e+01
2.9369289527e-04 6.7530212717e-05 1.4649814805e+01
1.2328622822e-04 1.1744683189e-04 1.7133628128e+01
9.6416425370e-05 1.0951658080e-04 2.2611240423e+01
9.6870218153e-05 1.1274847879e-04 2.2553945053e+01
1.6167791281e-04 1.2606728028e-04 1.7074606116e+01
1.9571028395e-04 8.0824116110e-05 1.7013999425e+01
1.5766542994e-04 9.3356123734e-05 1.7096148355e+01
-2.3848152108e-04 4.4824865777e-05 3.7691166828e+01
-2.4412324586e-04 4.7616821886e-05 3.6895100334e+01
-2.4684310207e-04 4.8020676346e-05 3.6531682289e+01
1.2585156086e-04 7.2241872851e-05 2.1909667059e+01
-1.0622204596e-04 8.5633894325e-05 3.6280728280e+01
-1.5164200430e-04 4.9600349330e-05 4.2359838219e+01
1.0732927619e-04 6.7938743932e-05 2.2815397799e+01
-9.4564737268e-05 8.5349795441e-05 3.6549124397e+01
-8.2857243474e-05 8.5157093413e-05 3.6864218438e+01
2.0211150255e-04 3.8778651265e-05 1.7549899872e+01
-7.1117190228e-05 8.5060471182e-05 3.7211467314e+01
6.8792219866e-05 1.0402730049e-04 2.1692693629e+01
6.6733369090e-05 1.0842298662e-04 2.1395092106e+01
-9.3317191179e-05 2.4122226184e-05 4.9214115169e+01
-2.4893518108e-04 6.1889679816e-05 3.6779569996e+01
-2.5137672674e-04 6.2490459070e-05 3.6690653464e+01
-2.4881596348e-04 6.6555919451e-05 3.6942479524e+01
-2.5120510713e-04 6.7201358411e-05 3.6919771332e+01
-2.5601236728e-04 6.6186048140e-05 3.6767090237e+01
-2.4399018810e-04 7.2391088647e-05 3.7063881936e+01
1.3573597089e-04 3.0318100478e-05 2.2985951415e+01
-4.7623992695e-05 8.5198393713e-05 3.7850269723e+01
-5.6381611097e-05 2.4144105044e-05 4.8364673604e+01
3.7760408823e-05 9.4059202448e-05 2.2045977565e+01
3.9147670732e-05 9.8777659847e-05 2.1584041915e+01
1.2032902988e-04 2.8865128604e-05 2.2873797246e+01
2.4177633398e-04 4.4109750450e-05 1.7101720530e+01
-2.4241491114e-05 8.5920966658e-05 3.7827986979e+01
2.1368390788e-05 9.0502263906e-05 2.8871160257e+01
-5.6939718817e-05 1.0492572244e-04 3.4380069157e+01
1.8785111734e-04 1.2844040276e-04 1.5763540941e+01
1.8820119002e-04 1.3224300709e-04 1.5529230867e+01
1.9210188421e-04 1.3358384177e-04 1.5181290511e+01
1.8851559997e-04 1.3604782847e-04 1.5268197700e+01
1.9241150781e-04 1.3739211773e-04 1.4975038936e+01
1.9990893159e-04 1.3617239666e-04 1.4731258868e+01
1.9269271801e-04 1.4119161275e-04 1.4767290283e+01
2.0382086682e-04 1.3741929842e-04 1.4570053018e+01
2.0413574431e-04 1.4122218357e-04 1.4419106093e+01
2.0739983990e-04 1.3483099718e-04 1.4568027284e+01
2.1132300235e-04 1.3602213263e-04 1.4435479649e+01
2.1167026023e-04 1.3982335829e-04 1.4296948571e+01
2.1525383690e-04 1.3718672372e-04 1.4309513929e+01
2.1560903114e-04 1.4098418140e-04 1.4166936956e+01
2.1919245669e-04 1.3832645054e-04 1.4184507777e+01
2.1488371841e-04 1.3338334380e-04 1.4439378915e+01
-3.2638335594e-04 2.4577106219e-05 1.7117823239e+01
2.4031989099e-04 1.2192985706e-04 1.4239962717e+01
2.3728649672e-04 1.2851819817e-04 1.4113774304e+01
2.3772354570e-04 1.3232385397e-04 1.3981854692e+01
2.3334174334e-04 1.2747396492e-04 1.4226714695e+01
1.3472701783e-04 1.4612090075e-04 1.7236076444e+01
-3.2093703026e-04 3.3889146816e-05 1.7165394241e+01
-1.3402676049e-04 8.4723685364e-05 3.6128499952e+01
1.5069252602e-04 1.2174287735e-04 1.7129997966e+01
-3.1676002503e-04 3.5412762992e-05 1.7231562083e+01
-1.0280119490e-04 6.6620324419e-05 4.0008221278e+01
-8.4429168479e-05 1.0506408718e-04 3.3634138313e+01
-2.8849999519e-04 5.3128774556e-05 3.0351130917e+01
2.9886061720e-04 7.5822015907e-05 1.4272118985e+01
-2.7094455254e-04 5.8731516109e-05 3.5071007224e+01
-2.7058316331e-04 6.1176605123e-05 3.5696968581e+01
3.2833698756e-04 2.1313790379e-05 1.5372892092e+01
3.2424196319e-04 2.0982326459e-05 1.5557388457e+01
2.3488590795e-04 1.0949232162e-04 1.4636304213e+01
-1.5528296455e-04 3.9220771066e-05 4.4439121853e+01
-1.5189104743e-04 3.9167806010e-05 4.4580934960e+01
-1.5193177771e-04 3.4118782343e-05 4.5665207684e+01
-1.4845311197e-04 3.4079697437e-05 4.5809398703e+01
-1.3797767313e-04 3.3975445026e-05 4.6206781332e+01
-1.3447411427e-04 3.3944016546e-05 4.6327721221e+01
-1.2040830201e-04 3.3837559243e-05 4.6749827380e+01
-1.1688084567e-04 3.3815236416e-05 4.6838683981e+01
-1.0627437639e-04 3.3758312674e-05 4.7058624484e+01
-1.0273223663e-04 3.3742001136e-05 4.7114612377e+01
-8.8536194031e-05 3.3696672058e-05 4.7230570332e+01
-7.0748423018e-05 3.3682662638e-05 4.7056677242e+01
-5.6504655251e-05 3.3713351575e-05 4.6557230167e+01
-5.2944301493e-05 3.3727905184e-05 4.6368429533e+01
-4.7698771679e-05 3.5385193967e-05 4.5738887471e+01
-4.4163576021e-05 3.5409043617e-05 4.5479366504e+01
-3.8716205599e-05 3.3821617609e-05 4.5298657292e+01
-3.3571418046e-05 3.5504190547e-05 4.4486465076e+01
-3.0046613112e-05 3.5543835539e-05 4.4076943688e+01
-2.4528567202e-05 3.3973221880e-05 4.3627413290e+01
-2.0991548655e-05 3.4021939673e-05 4.3100366194e+01
-1.5991053459e-05 3.5750398743e-05 4.1990499253e+01
-1.0413103618e-05 3.4196543984e-05 4.1229858337e+01
-6.8999159072e-06 3.4264751464e-05 4.0506032466e+01
-3.3943244069e-06 3.4338154353e-05 3.9730992871e+01
3.5911831292e-06 3.4500866150e-05 3.8028431850e+01
7.0695767033e-06 3.4590250699e-05 3.7103071655e+01
1.0537352370e-05 3.4684971132e-05 3.6130993729e+01
2.0868630589e-05 3.5000413246e-05 3.2971155881e+01
2.4285990909e-05 3.5114182875e-05 3.1854177644e+01
3.4443269088e-05 3.5488207741e-05 2.8413061182e+01
3.7795299174e-05 3.5620525167e-05 2.7265197936e+01
6.1690567107e-05 3.8662092553e-05 2.2546217480e+01
6.5025225214e-05 3.8897107038e-05 2.2556548335e+01
7.1764753210e-05 3.9422946706e-05 2.2587447917e+01
7.5171022277e-05 3.9714612594e-05 2.2605332829e+01
7.8602715405e-05 4.0025386317e-05 2.2624537843e+01
8.4776663904e-05 3.8516005252e-05 2.2665913329e+01
8.8289950506e-05 3.8850903860e-05 2.2686077741e+01
9.1828999703e-05 3.9208426655e-05 2.2708423294e+01
9.8992049677e-05 3.9979858757e-05 2.2752827200e+01
1.0261649087e-04 4.0394698580e-05 2.2776356762e+01
1.0338276505e-04 4.2754271852e-05 2.2780939721e+01
1.0703773348e-04 4.3222552897e-05 2.2804652433e+01
1.1072291976e-04 4.3710131167e-05 2.2827903554e+01
1.1443884060e-04 4.4216854819e-05 2.2850524682e+01
1.2118533811e-04 4.2755290695e-05 2.2883237980e+01
1.2499172448e-04 4.3283289918e-05 2.2905465168e+01
1.2883033724e-04 4.3829088926e-05 2.2969378336e+01
1.3269917488e-04 4.4393064690e-05 2.2750200825e+01
1.3734289543e-04 4.7643051885e-05 2.1765197120e+01
1.4504601092e-04 4.8912109970e-05 2.0547498708e+01
1.4889160535e-04 4.9565091926e-05 1.9996480421e+01
1.5200094782e-04 4.7426845805e-05 1.9783436770e+01
1.5585133505e-04 4.8069366601e-05 1.9314273696e+01
1.5969971600e-04 4.8721147345e-05 1.8889887459e+01
1.6424638308e-04 5.2271761073e-05 1.8245469135e+01
1.7191890629e-04 5.3662938235e-05 1.7647011996e+01
1.7575756898e-04 5.4359129475e-05 1.7414669419e+01
1.7894369001e-04 5.2072127198e-05 1.7422965692e+01
3.3110648744e-05 3.8981708584e-05 2.7771020377e+01
1.5728423366e-04 5.3780730778e-05 1.8727621482e+01
1.3041254061e-04 4.9081248490e-05 2.2818330997e+01
9.3361366150e-05 4.3770611809e-05 2.2713152772e+01
5.2622757555e-05 3.9988538598e-05 2.2531397094e+01
4.2925970570e-05 3.9454670985e-05 2.4309697320e+01
-6.5390193080e-05 3.5314956901e-05 4.6594732430e+01
-7.6004942432e-05 3.5307715228e-05 4.6822545402e+01
-9.7202087187e-05 3.5352432885e-05 4.6832105429e+01
1.8279846853e-04 5.2748898062e-05 1.7257647788e+01
-1.2878838556e-04 3.5547177759e-05 4.6148404296e+01
1.8665740081e-04 5.3423068137e-05 1.7110954120e+01
1.7052968454e-04 4.7814215962e-05 1.8119007978e+01
1.4350856836e-04 4.3479639483e-05 2.1143886506e+01
5.3463160158e-05 3.4466288992e-05 2.2855405539e+01
2.9982382470e-05 3.3581625869e-05 3.0436796354e+01
4.3510534599e-05 3.4070990733e-05 2.5964933572e+01
1.2418809816e-04 4.0759334129e-05 2.2906567103e+01
1.8020711065e-04 5.8078009281e-05 1.7059709874e+01
1.3440591359e-04 1.3576445036e-04 1.7216402550e+01
-2.6095676635e-04 3.9520505026e-05 3.2968437377e+01
-2.6054032778e-04 4.3831904944e-05 3.3667675313e+01
1.9757808711e-04 7.1133108220e-05 1.7055715791e+01
1.5081684949e-04 9.4477515256e-05 1.7104862992e+01
1.4716725925e-04 9.3311030826e-05 1.7105498862e+01
2.2351190757e-04 6.7200025758e-05 1.6683769023e+01
2.1943099864e-04 6.6224908592e-05 1.7060145123e+01
2.1866662871e-04 6.2647833100e-05 1.7005608351e+01
2.2122282477e-04 5.6554834824e-05 1.7074537619e+01
2.1393931944e-04 5.8353671291e-05 1.7083285457e+01
2.0997351358e-04 5.7578726458e-05 1.7096754431e+01
2.0603185830e-04 5.6835552783e-05 1.7095579632e+01
2.0539073741e-04 5.3675598271e-05 1.7076339557e+01
2.2524385013e-04 5.7360676367e-05 1.7039539999e+01
-2.7975436442e-04 3.9154728816e-05 2.4789592094e+01
-2.7041555231e-04 3.0347691914e-05 2.7681271551e+01
2.1903835292e-04 1.0521744445e-04 1.5080304643e+01
2.6923626510e-04 2.5941518027e-05 1.7216510398e+01
2.6526355558e-04 2.5692165214e-05 1.7637675512e+01
2.6400498020e-04 1.9841727216e-05 1.8661612550e+01
2.5997806867e-04 1.9594631792e-05 1.8914732797e+01
2.5660923418e-04 2.2219526883e-05 1.8620232608e+01
2.5256998896e-04 2.1915975750e-05 1.8816970820e+01
2.4851941954e-04 2.1589946937e-05 1.8919202580e+01
2.4447376630e-04 2.1248435975e-05 1.8915340694e+01
2.4043950505e-04 2.0897174270e-05 1.8904917087e+01
2.3241103254e-04 2.0179793884e-05 1.8878619305e+01
2.2841621281e-04 1.9818582549e-05 1.8892925091e+01
2.2776485852e-04 1.7075876417e-05 1.9193612723e+01
2.2378762887e-04 1.6747979275e-05 1.9211582952e+01
2.1981948580e-04 1.6423633811e-05 1.9233713576e+01
2.1585905820e-04 1.6104299400e-05 1.9273991505e+01
2.1190508221e-04 1.5790550047e-05 1.9334421840e+01
2.0795653921e-04 1.5482899221e-05 1.9392564726e+01
2.0070172223e-04 1.7383162736e-05 1.9276945244e+01
1.9676471994e-04 1.7059166988e-05 1.9405224430e+01
1.9282983113e-04 1.6742954135e-05 1.9533302123e+01
1.8889650351e-04 1.6434911276e-05 1.9690069734e+01
1.8496319618e-04 1.6135701037e-05 1.9873853919e+01
1.8102929719e-04 1.5845764521e-05 2.0065250584e+01
1.6460369345e-04 1.2641074002e-05 2.1253030239e+01
1.6065705728e-04 1.2446460157e-05 2.1502138071e+01
1.5671142044e-04 1.2265390225e-05 2.1750581535e+01
1.5276831692e-04 1.2098560702e-05 2.1992945958e+01
1.4882954141e-04 1.1946360348e-05 2.2220001292e+01
1.4489704952e-04 1.1808833226e-05 2.2431961778e+01
1.3705936048e-04 1.1577013215e-05 2.2723460805e+01
1.3315822259e-04 1.1481841307e-05 2.2818004677e+01
1.2927031799e-04 1.1398879162e-05 2.2877025764e+01
1.2539585582e-04 1.1327104781e-05 2.2914684163e+01
1.2153477082e-04 1.1265630862e-05 2.2944483998e+01
1.1768690721e-04 1.1213681413e-05 2.2950459930e+01
1.1003159474e-04 1.1135593752e-05 2.2948845228e+01
1.0622443348e-04 1.1108091942e-05 2.2963823197e+01
1.0243128900e-04 1.1087407514e-05 2.2965433497e+01
9.8652417211e-05 1.1072868570e-05 2.2944113119e+01
9.1978729857e-05 1.2683044429e-05 2.2895993263e+01
8.8263630661e-05 1.2668099274e-05 2.3109187867e+01
8.3619884013e-05 1.1026737331e-05 2.3906150726e+01
7.9859560978e-05 1.1009081109e-05 2.4424039958e+01
7.6095423756e-05 1.0989501610e-05 2.5021533042e+01
6.9636655622e-05 1.2557353464e-05 2.5861301232e+01
6.5894907468e-05 1.2529822742e-05 2.6633941391e+01
6.0992046793e-05 1.0898022653e-05 2.8101107255e+01
5.7203310769e-05 1.0873055350e-05 2.9004904442e+01
5.3409223255e-05 1.0847646531e-05 2.9948062551e+01
4.7093893573e-05 1.2381212443e-05 3.1216738095e+01
4.3315269501e-05 1.2350745085e-05 3.2227431774e+01
3.8179932261e-05 1.0744596385e-05 3.3974607633e+01
3.4359835993e-05 1.0719202359e-05 3.5010221083e+01
3.0534914998e-05 1.0694196406e-05 3.6044037034e+01
2.4336807785e-05 1.2203374692e-05 3.7369977727e+01
2.0525488842e-05 1.2175860345e-05 3.8371238532e+01
1.6709452604e-05 1.2149266604e-05 3.9350088092e+01
1.1345017235e-05 1.0578817779e-05 4.0979866548e+01
7.4955716002e-06 1.0558238157e-05 4.1885575954e+01
1.4041539390e-06 1.2053586124e-05 4.2955080551e+01
-2.4310278126e-06 1.2032604461e-05 4.3762411553e+01
-6.2691948722e-06 1.2012857994e-05 4.4527731407e+01
-1.1795389042e-05 1.0470490609e-05 4.5825977232e+01
-1.5660561726e-05 1.0455734004e-05 4.6485443379e+01
-2.1646341404e-05 1.1946179523e-05 4.7151487778e+01
-2.5495433915e-05 1.1932534926e-05 4.7697559356e+01
-2.9346011513e-05 1.1919964745e-05 4.8200793821e+01
-3.3197903965e-05 1.1908589178e-05 4.8662213237e+01
-3.8882357647e-05 1.0390285708e-05 4.9533406896e+01
-4.2755922766e-05 1.0382511368e-05 4.9898989117e+01
-4.8613763548e-05 1.1873147114e-05 5.0117123580e+01
-5.2469055058e-05 1.1866602270e-05 5.0391060258e+01
-5.6324515775e-05 1.1860887543e-05 5.0632468268e+01
-6.0179964391e-05 1.1855964994e-05 5.0843082028e+01
-6.6002877388e-05 1.0351476172e-05 5.1375757338e+01
-7.1745481158e-05 1.1845505594e-05 5.1307239969e+01
-7.5599978430e-05 1.1843321294e-05 5.1411539048e+01
-7.9453928792e-05 1.1841727668e-05 5.1493216787e+01
-8.3307294425e-05 1.1840689620e-05 5.1553721529e+01
-8.9241818002e-05 1.0341593160e-05 5.1884353059e+01
-9.3112852913e-05 1.0341530167e-05 5.1897969287e+01
-9.8712993593e-05 1.1841516503e-05 5.1610007572e+01
-1.0256210312e-04 1.1842844836e-05 5.1583368361e+01
-1.0641010059e-04 1.1844587054e-05 5.1542410025e+01
-1.1025690200e-04 1.1846726340e-05 5.1487953083e+01
-1.1632007091e-04 1.0348813693e-05 5.1656533338e+01
-1.2018420372e-04 1.0351181616e-05 5.1570039608e+01
-1.2563116094e-04 1.1858952876e-05 5.1148221955e+01
-1.2947106203e-04 1.1862981609e-05 5.1035243707e+01
-1.3330938965e-04 1.1867342145e-05 5.0911701176e+01
-1.3948503194e-04 1.0367574556e-05 5.0969547964e+01
-1.4334074536e-04 1.0371776180e-05 5.0817159994e+01
-1.4864466941e-04 1.1888452556e-05 5.0313525764e+01
-1.5247354075e-04 1.1894714218e-05 5.0137513892e+01
-1.5630018573e-04 1.1901421893e-05 4.9950359437e+01
-1.6012448071e-04 1.1908508736e-05 4.9751606914e+01
-1.6643719257e-04 1.0403585355e-05 4.9664552500e+01
-1.7027940264e-04 1.0410037446e-05 4.9427915556e+01
2.6737813025e-04 1.7154667305e-05 1.8919770298e+01
2.7138480651e-04 1.7343028155e-05 1.8536926283e+01
2.5524637429e-04 1.6447964441e-05 1.9624553454e+01
2.4311438257e-04 1.5581460953e-05 1.9542672540e+01
1.8761686358e-04 1.1753927043e-05 2.0246166407e+01
1.7182813820e-04 1.0928515734e-05 2.0985710596e+01
-2.7901426865e-04 2.9692331320e-05 2.1903759948e+01
-1.1147511830e-04 7.9971759650e-05 3.7198296967e+01
-3.0313038581e-05 9.9519791289e-05 3.6634548574e+01
2.9150568464e-05 4.9754772032e-05 2.5903786637e+01
-1.6447065186e-05 4.7610880756e-05 4.0221603624e+01
-5.2615796008e-05 9.8904945206e-05 3.5560020361e+01
-3.1554925481e-06 4.8037579075e-05 3.7394656153e+01
1.1237204950e-04 6.1215349019e-05 2.2850925612e+01
1.1661551858e-04 3.9790903227e-05 2.2858596298e+01
1.5123825393e-04 4.4667568778e-05 2.0075226619e+01
1.3870490290e-04 6.6796389991e-05 1.9938856893e+01
2.6949842794e-04 6.3114037375e-05 1.5304500423e+01
-1.2500996364e-04 4.3915453358e-05 4.4400168539e+01
-1.8944981951e-04 1.0453084317e-05 4.7994569886e+01
-1.9327452820e-04 1.0463850209e-05 4.7646928395e+01
-2.3877899760e-04 5.7585442203e-05 3.7317032336e+01
1.7972591086e-04 1.1321341830e-05 2.0585584668e+01
-2.0624050118e-04 3.5201095244e-05 4.2260485022e+01
-2.0294731552e-04 3.5095602740e-05 4.2558759452e+01
2.3509939615e-04 1.4982040913e-05 1.9516255758e+01
2.9976601200e-04 5.7603620650e-05 1.4811528429e+01
1.4664252531e-04 8.9929068323e-05 1.7098906419e+01
2.5060914036e-04 6.6387171587e-05 1.5579495431e+01
-1.6122835474e-04 6.2766276944e-05 3.9475833203e+01
-3.2817506847e-04 2.1510759453e-05 1.7080873165e+01
-3.3313788532e-04 1.9365392942e-05 1.7054945136e+01
-1.2982992665e-04 1.0478845803e-04 3.3827457412e+01
-1.1146613567e-04 4.3772925235e-05 4.4761289255e+01
-1.7116338414e-04 3.7790585285e-05 4.4049236836e+01
-1.7605282470e-04 3.4465296757e-05 4.4471865467e+01
-1.7946039506e-04 3.4527564342e-05 4.4270552289e+01
3.1048173281e-04 5.1931408008e-05 1.4700071271e+01
-1.3326189163e-04 9.4716684475e-05 3.4794680273e+01
3.4455529229e-05 1.0825831029e-04 2.9376593586e+01
2.7895794832e-04 7.2113072665e-05 1.4827720137e+01
1.8052752225e-04 1.0072416117e-04 1.7004382613e+01
1.8828562608e-04 2.8856217082e-05 1.8550458341e+01
-2.1125208951e-04 7.0717329038e-05 3.7338028810e+01
1.5690315236e-04 1.1362734863e-04 1.7086897132e+01
1.8728599058e-04 5.6441035877e-05 1.7039652599e+01
3.3456798690e-04 5.9244986654e-05 1.3605512278e+01
1.6089776806e-04 2.5831768420e-05 2.0470942022e+01
-2.0611333764e-04 5.7797811405e-05 3.8937788594e+01
-2.2821935867e-04 5.8135103376e-05 3.7891285008e+01
8.4973878691e-05 2.1111459846e-05 2.2790352161e+01
7.0759132670e-05 2.0849420386e-05 2.3516641076e+01
5.6508419184e-05 2.0618590676e-05 2.6660558560e+01
4.2075457515e-05 2.0381654315e-05 3.0543935717e+01
3.1099480336e-04 3.3922364054e-05 1.5346986144e+01
-6.5755136156e-05 1.9460339811e-05 4.9683966792e+01
1.3040086082e-04 9.4302708153e-05 1.7691849904e+01
-1.2568650379e-04 1.9509894446e-05 4.9650972190e+01
-1.6650590493e-04 1.9658917347e-05 4.7950023183e+01
-2.1233770849e-04 1.0530142507e-05 4.5477125396e+01
-2.1613637424e-04 1.0545457009e-05 4.4933316853e+01
-2.3501630588e-04 1.0660630968e-05 4.1396753607e+01
-2.3876500498e-04 1.0690450972e-05 4.0477822791e+01
3.3788133661e-04 2.9352338036e-05 1.4465318231e+01
9.3934277502e-05 1.1453871683e-04 2.2503448833e+01
1.2020631242e-04 1.1947616269e-04 1.7140679197e+01
-3.0145982833e-04 4.3185925926e-05 1.7360973718e+01
-3.0205670439e-04 2.0501475510e-05 1.7123203442e+01
-2.9344825096e-04 4.4519891809e-05 1.9094294904e+01
-2.0764088203e-04 3.0004528838e-05 4.2977828311e+01
-2.1101866965e-04 3.0092849348e-05 4.2615751192e+01
-3.3495103509e-04 1.6323052630e-05 1.7033485117e+01
-3.2513633620e-04 2.0616562328e-05 1.7063202834e+01
2.4167268431e-04 1.3335287955e-04 1.3854936162e+01
3.5247292941e-04 5.4321053300e-05 1.2865146134e+01
2.1955687505e-04 1.4212048409e-04 1.4034976565e+01
2.3815169341e-04 1.3612675382e-04 1.3835993707e+01
-1.9716020192e-04 9.0278163641e-05 3.5714832148e+01
1.7393595850e-04 1.4919792914e-04 1.6016298312e+01
2.0443165166e-04 1.4501710920e-04 1.4258551445e+01
1.6638710149e-04 1.4976218402e-04 1.7032069749e+01
3.5955111348e-04 1.9450907060e-05 1.2354788865e+01
3.6719510750e-04 1.9901330728e-05 1.1400597005e+01
3.2341917762e-04 1.7353364268e-05 1.5856648691e+01
3.2013079709e-04 2.0626466864e-05 1.5732229128e+01
3.1929511351e-04 1.7009761865e-05 1.6004385392e+01
2.9460360213e-04 1.5208685468e-05 1.7048232340e+01
2.9059162441e-04 1.5077084721e-05 1.7074763119e+01
2.9865372287e-04 1.5378765818e-05 1.7021229347e+01
-3.4179798546e-04 3.1044007017e-05 1.5717569575e+01
3.7166602351e-04 2.8574125620e-05 1.1693101350e+01
3.1981548112e-04 9.1221200577e-05 1.3084040283e+01
3.1647249307e-04 9.4365627489e-05 1.3094589114e+01
-2.5243758983e-04 7.6560185814e-06 3.6516923018e+01
-2.5621738938e-04 7.6894334742e-06 3.5027453765e+01
-2.5998088582e-04 7.7269427709e-06 3.3383833960e+01
2.9577928590e-04 1.0893165684e-04 1.3270877136e+01
2.9238765988e-04 1.1194872041e-04 1.3265732066e+01
-1.8009775646e-04 2.9486753151e-05 4.5225499685e+01
-1.5661765214e-04 3.0858985062e-05 4.6162823712e+01
-7.0889446012e-05 3.0459987072e-05 4.7701863077e+01
-5.2829288324e-05 3.0499863493e-05 4.6965632268e+01
8.7747978143e-05 1.1481630160e-04 2.2270079207e+01
6.1457937459e-05 1.0881571825e-04 2.1183327198e+01
2.7038415374e-04 1.1817509826e-04 1.3677279577e+01
2.6989493502e-04 1.1434134658e-04 1.3817911722e+01
2.7087101661e-04 1.2201090881e-04 1.3526719400e+01
1.5414866991e-04 1.6245108812e-05 2.1748832507e+01
2.2052689422e-04 5.3220466068e-05 1.7095237887e+01
3.3455253520e-04 3.2761016214e-05 1.4513734415e+01
2.7178007607e-04 9.9933705702e-05 1.4200421966e+01
2.8692193205e-04 5.1939629425e-05 1.5331701389e+01
2.7744183580e-04 8.6408221450e-05 1.4452874857e+01
2.4921052034e-04 2.4486436118e-05 1.8527171059e+01
2.5307067889e-04 1.0302427093e-04 1.4471702832e+01
-2.2892266589e-04 6.6892319332e-05 3.7320277454e+01
-1.8794021650e-04 3.1289047278e-05 4.4370196590e+01
2.3660105916e-04 9.5355501887e-05 1.4934432852e+01
2.3260745715e-04 9.4344860542e-05 1.5042892370e+01
2.3197471870e-04 9.0577707485e-05 1.5166139975e+01
2.2860813811e-04 9.3316273242e-05 1.5166279305e+01
2.0275525139e-04 5.9323577716e-05 1.7097829917e+01
-3.3831714331e-04 1.7080531424e-05 1.7060490299e+01
-2.3004318514e-04 8.0654290616e-05 3.6551521679e+01
2.2509186974e-04 2.2219615883e-05 1.8624308576e+01
2.1714184884e-04 2.1445289154e-05 1.8698805392e+01
1.9740524181e-04 1.9586627235e-05 1.9117313593e+01
1.6989199563e-04 1.7306602389e-05 2.0526122088e+01
1.6202229332e-04 1.6748960540e-05 2.1115128927e+01
1.4235832972e-04 1.5606754810e-05 2.2649734408e+01
1.3454060702e-04 1.5267682738e-05 2.2979644788e+01
3.3852409423e-04 3.3127655649e-05 1.4285572285e+01
1.7364661206e-04 1.4166625947e-04 1.6978762884e+01
1.5826523014e-04 1.2828516087e-04 1.7103620425e+01
3.4513234223e-05 9.9654896875e-05 2.4966267080e+01
3.1600549803e-04 2.0248693103e-05 1.5922507513e+01
3.1515878763e-04 1.6644367176e-05 1.6172884961e+01
1.2025629698e-04 9.4064906662e-05 2.0578420184e+01
-1.7920655019e-04 1.1952040190e-05 4.8558010881e+01
-2.0199077091e-04 1.2028982954e-05 4.6520109294e+01
-2.7532316836e-04 4.7610921426e-05 3.0601272148e+01
-2.1437831058e-04 3.0188377286e-05 4.2230285136e+01
-1.8713997092e-04 5.2681483793e-05 4.0488755073e+01
-1.8406345460e-04 5.2535287742e-05 4.0637099826e+01
-1.6930714958e-04 5.3764065706e-05 4.0941639530e+01
-1.4249869184e-04 3.0735928645e-05 4.6751717344e+01
-1.5361938866e-04 5.3249543951e-05 4.1538563709e+01
-1.2474742770e-04 3.0608093143e-05 4.7341668189e+01
-1.1044413318e-04 3.0535473320e-05 4.7683537633e+01
-1.0327251430e-04 3.0507616077e-05 4.7801949909e+01
-8.8897892121e-05 3.0469736782e-05 4.7905677570e+01
1.4405798336e-04 9.5554404525e-05 1.7100842081e+01
1.3289292413e-04 8.8892750156e-05 1.8110306331e+01
-1.7535566602e-04 7.4049248782e-06 4.9596368348e+01
-1.8310206957e-04 7.4103404785e-06 4.9014173705e+01
-2.0241178500e-04 7.4488070119e-06 4.7158316703e+01
-2.1014797900e-04 7.4668338565e-06 4.6198517219e+01
-2.2942272781e-04 7.5277208729e-06 4.2976749897e+01
-2.3712377050e-04 7.5548446733e-06 4.1223256328e+01
-1.6617566128e-04 5.3648698364e-05 4.1066334288e+01
2.1595312141e-04 1.4477373487e-04 1.4007948795e+01
-2.7490077065e-04 6.2999636660e-05 3.6142868678e+01
1.7780878718e-04 1.5073034704e-04 1.5004840092e+01
-2.5702514050e-04 5.2186044106e-05 3.5391202783e+01
-2.3457904609e-04 7.7081324932e-05 3.6786883269e+01
1.8778825460e-04 9.9497498603e-05 1.6980097066e+01
1.8109617393e-04 1.0445165418e-04 1.6997822275e+01
-1.5277359947e-04 8.9854192799e-05 3.5426903318e+01
3.2574364268e-04 5.0356536172e-05 1.4253762623e+01
3.2909389544e-04 4.7052858091e-05 1.4237196830e+01
1.4455600254e-04 9.8987669516e-05 1.7108782644e+01
1.3231393817e-04 8.5664136817e-05 1.8766770183e+01
-2.2549193886e-04 5.7776699978e-05 3.8057005309e+01
3.0689942026e-04 3.3432307456e-05 1.5500046568e+01
3.4450279454e-04 2.2408255298e-05 1.4223469206e+01
-2.8718678115e-04 5.8132766020e-05 3.4075682860e+01
2.6150897363e-04 1.0869139852e-04 1.4173037512e+01
2.7430723197e-04 1.1908847056e-04 1.3538942500e+01
2.7479301730e-04 1.2293155168e-04 1.3380248383e+01
-3.0243877381e-04 4.0714623936e-05 1.7240246841e+01
-2.6060273063e-04 6.7685411366e-05 3.6863349474e+01
3.6516175994e-04 3.5990340992e-05 1.2354120261e+01
2.4912570963e-04 1.3156042474e-04 1.3740649218e+01
2.4957495217e-04 1.3537040887e-04 1.3581871753e+01
1.5711317780e-04 8.9880526967e-05 1.7101713334e+01
2.5307264418e-04 1.3254914036e-04 1.3603171298e+01
3.1263771237e-04 9.3563370723e-05 1.3265965069e+01
2.5561897139e-04 1.2207237648e-04 1.3910361702e+01
-1.8056474210e-04 9.4545683341e-05 3.5231783834e+01
-2.8978029147e-04 2.0558343606e-05 1.7111889840e+01
-2.8356779253e-04 2.1746197853e-05 1.7167764167e+01
-2.2381617334e-04 4.3488981066e-05 3.9469275126e+01
-2.8518470272e-04 5.7028656808e-05 3.3469383855e+01
3.1231991345e-04 6.3285478416e-05 1.4281143279e+01
-2.1205970404e-04 4.4607552347e-05 4.0360286679e+01
-2.5576978819e-04 2.4835333102e-05 3.4021186425e+01
-2.5257248071e-04 2.4634029533e-05 3.5151382950e+01
1.8461993514e-04 1.3467142475e-04 1.5684819309e+01
-1.3437845258e-04 5.2771132423e-05 4.2194460373e+01
3.0976655640e-04 1.0059330693e-04 1.3107242477e+01
-1.0591374881e-04 6.6674492889e-05 3.9927059962e+01
-1.0230420091e-04 7.0306148724e-05 3.9263548809e+01
-1.0662951374e-04 7.2256510094e-05 3.8775041872e+01
-1.1016599509e-04 1.0790583672e-04 3.3372032433e+01
-1.1558146602e-04 1.0815506054e-04 3.3416731442e+01
-5.7058511256e-05 5.3894136105e-05 4.2863435239e+01
-8.9573591445e-05 1.0927839129e-04 3.3135433992e+01
-8.3849668010e-05 1.1329904036e-04 3.2780373645e+01
-1.5683908575e-04 1.0055149992e-04 3.4495812965e+01
1.1480938372e-04 1.4391841989e-04 1.7968519169e+01
1.1152890910e-04 1.4580138906e-04 1.8475571073e+01
1.0824540493e-04 1.4431303199e-04 1.8718752270e+01
8.8815563695e-05 1.4168078801e-04 1.9984126627e+01
8.2440905800e-05 1.4162838980e-04 2.0323673479e+01
8.8625091592e-05 1.4506189697e-04 2.0017711977e+01
1.1685416135e-04 1.1806576101e-04 1.7050144037e+01
1.1712912825e-04 1.2148450781e-04 1.6958196411e+01
2.2796216694e-04 8.9553035177e-05 1.5303154440e+01
2.3131566643e-04 8.6820238545e-05 1.5303248440e+01
6.2645172419e-05 1.3129823828e-04 1.8369054620e+01
-9.2286971026e-05 1.0934724655e-04 3.3133542001e+01
-9.7708874135e-05 1.0950613611e-04 3.3144955893e+01
-1.1149985064e-04 7.0494101037e-05 3.9022453981e+01
-1.1574264495e-04 7.2473547796e-05 3.8540109481e+01
-1.2064888519e-04 7.0725242216e-05 3.8784859726e+01
-1.2480305538e-04 7.2734995649e-05 3.8314338527e+01
2.1183640308e-04 8.5274178922e-05 1.6137284371e+01
-1.5182936041e-04 6.8049595882e-05 3.8705011319e+01
1.9957297583e-04 1.3236232039e-04 1.4891015860e+01
-7.8480211386e-05 1.1321139799e-04 3.2779959011e+01
-7.5795703736e-05 1.1317881349e-04 3.2789722959e+01
-7.0428604101e-05 1.1313661235e-04 3.2832341629e+01
-6.5065932616e-05 1.1312593606e-04 3.2910172933e+01
-6.2386961681e-05 1.1313265018e-04 3.2964191379e+01
-5.7035142887e-05 1.1317164378e-04 3.3106482729e+01
-5.1693411422e-05 1.1324572178e-04 3.3300386717e+01
-4.9027023936e-05 1.1329658810e-04 3.3418966100e+01
-4.3704611724e-05 1.1342751210e-04 3.3703921074e+01
-3.8397856010e-05 1.1359962032e-04 3.4058162809e+01
-3.3108955544e-05 1.1381597158e-04 3.4486922088e+01
-3.0471885587e-05 1.1394208201e-04 3.4730090477e+01
-2.5213802242e-05 1.1423227141e-04 3.5273795170e+01
-1.6368782214e-05 1.1698055345e-04 3.6191468737e+01
-1.1221739561e-05 1.1743589558e-04 3.7015566439e+01
-6.1049258527e-06 1.1796277090e-04 3.7860172365e+01
-3.5586238692e-06 1.1825575735e-04 3.8262596901e+01
1.5075781400e-06 1.1890692686e-04 3.8954223154e+01
5.7691592273e-06 1.1735326710e-04 3.8824750350e+01
1.0813297952e-05 1.1815697353e-04 3.9180881053e+01
1.5802290895e-05 1.1909282063e-04 3.9767096157e+01
1.6439404383e-05 1.2144284119e-04 4.1182521082e+01
2.1310307965e-05 1.2250554105e-04 4.2472137207e+01
2.5633272855e-05 1.2129891394e-04 4.1256977697e+01
3.0467911491e-05 1.2260673801e-04 4.1782946553e+01
-3.3440805785e-05 1.1802630533e-04 3.3725421483e+01
-4.6514049916e-05 1.1755384486e-04 3.2874552711e+01
2.3127591293e-06 1.2120365229e-04 3.9717499745e+01
-5.1773980341e-05 1.1743750675e-04 3.2687657707e+01
7.4387109400e-06 1.2205695777e-04 4.0494090100e+01
3.7848599952e-05 1.2734208927e-04 4.6662021588e+01
5.5443479845e-05 1.0402459155e-04 2.1390581741e+01
1.8982409860e-04 8.9554688158e-05 1.7000517532e+01
3.0841267918e-04 4.0769608252e-05 1.5152623031e+01
1.4818296260e-04 1.0022336641e-04 1.7106816927e+01
3.7577786946e-05 8.5374776931e-05 2.2182748058e+01
3.8883808260e-05 8.1346577602e-05 2.2233577514e+01
-8.3703354427e-05 9.4974914635e-05 3.5136489901e+01
-1.1194051366e-04 9.5732626985e-05 3.4663362345e+01
9.7741160207e-05 9.8240949142e-05 2.2656958156e+01
-1.3047945730e-04 9.4563509410e-05 3.4803614831e+01
-2.2836517287e-04 3.4331384281e-05 3.9886185736e+01
-2.3407334038e-04 3.0959842047e-05 3.9309559828e+01
-2.3047082645e-04 2.8988824760e-05 4.0144090290e+01
1.3423875241e-04 1.3226903288e-04 1.7207040163e+01
1.3081340642e-04 1.3079119782e-04 1.7199411298e+01
7.9396881042e-05 1.2294368532e-04 2.1791417480e+01
-1.1647255335e-04 9.3903599378e-05 3.4892626682e+01
-2.1600308797e-04 3.5567727706e-05 4.1261897368e+01
5.2687171702e-05 1.0304427168e-04 2.1428025821e+01
4.7804887006e-05 1.0368982195e-04 2.1379302764e+01
2.7536971797e-04 1.7511622416e-05 1.8082842182e+01
-1.2973987205e-04 7.1000653606e-05 3.8554916163e+01
-2.4775976182e-04 1.5689408428e-05 3.7385627787e+01
2.9267561133e-04 8.5782347707e-05 1.4130862698e+01
-2.8516494980e-04 1.1884655258e-05 1.7015975595e+01
1.1772415461e-04 1.3180123955e-04 1.7200746994e+01
-3.4367820571e-04 1.4658049036e-05 1.6997720112e+01
3.6280494292e-04 1.5727224535e-05 1.1556264287e+01
9.1885511653e-05 1.2627995106e-04 2.2402460426e+01
-1.0526332587e-05 1.1323759244e-04 3.7146133181e+01
3.0507490533e-04 4.3921209248e-05 1.5134458573e+01
3.0100439521e-04 4.3360072919e-05 1.5274252339e+01
2.5114049985e-05 1.1893289844e-04 3.9376566658e+01
3.9671130060e-05 1.2334759726e-04 3.7689048858e+01
4.2242250047e-05 1.2671141597e-04 4.0805490943e+01
4.6698561458e-05 1.2634747704e-04 3.3468293970e+01
-2.1508566238e-04 4.4796826107e-05 4.0097719035e+01
3.3082922482e-04 1.4309581373e-05 1.5768147406e+01
-2.0276898715e-04 4.4110584143e-05 4.1095269500e+01
-2.0120868387e-04 4.9668571109e-05 4.0322060419e+01
2.9395288953e-04 1.2180322724e-05 1.7118698344e+01
2.8997032803e-04 1.2085161095e-05 1.7193775176e+01
3.2694813501e-04 8.8847169645e-05 1.2885706683e+01
2.7010471073e-04 1.1549064049e-05 1.9821112968e+01
2.6606299591e-04 1.1392967263e-05 2.0193051357e+01
2.9167655742e-05 9.8332566635e-05 2.7530275724e+01
2.4527984306e-05 9.9420842041e-05 3.0425045954e+01
1.5586646977e-05 9.5697704598e-05 3.2775835831e+01
1.0078358702e-05 9.4870482719e-05 3.4218742728e+01
7.3097736076e-06 9.4498545799e-05 3.4817459271e+01
1.7459339089e-06 9.3830675019e-05 3.5792717092e+01
-2.8763763495e-06 9.5364689435e-05 3.6552010091e+01
-5.6631841015e-06 9.5097988525e-05 3.6791927542e+01
-1.1256864007e-05 9.4623734476e-05 3.7125817627e+01
-1.6874717563e-05 9.4221430101e-05 3.7296051079e+01
-1.9691786665e-05 9.4044876238e-05 3.7331023722e+01
-2.5340449640e-05 9.3736664963e-05 3.7321273644e+01
-3.3844903269e-05 9.3375242657e-05 3.7160665437e+01
-4.3662010399e-05 9.1118495959e-05 3.7123567077e+01
-5.2281109208e-05 9.0968377310e-05 3.6836911672e+01
-6.0912715302e-05 9.0895815265e-05 3.6531282900e+01
-6.6670206880e-05 9.0886251186e-05 3.6330590215e+01
-6.9549014942e-05 9.0892342301e-05 3.6233307231e+01
-7.5305333397e-05 9.0924860835e-05 3.6047434961e+01
4.3070221869e-05 1.0437216096e-04 2.1130203766e+01
4.3905270093e-05 8.0211087306e-05 2.2233513329e+01
6.4625341663e-05 1.1276282180e-04 2.1025197365e+01
1.8908680023e-04 6.5923765060e-05 1.7099791850e+01
-2.2457101991e-04 1.2151607180e-05 4.3346143738e+01
-1.2907909118e-04 5.4444400549e-05 4.1974628154e+01
-1.6253353875e-04 2.9276405057e-05 4.6222649022e+01
-1.6606364882e-04 2.9313572079e-05 4.6041529235e+01
-5.7047968206e-05 1.1735891852e-04 3.2564659650e+01
3.5614328575e-04 5.4986942670e-05 1.2633917466e+01
-2.9252024529e-04 6.7283425282e-06 1.7101054827e+01
-2.9609570070e-04 6.8602866606e-06 1.7112901459e+01
-2.8894571901e-04 6.6104893423e-06 1.7075574200e+01
-2.6569314216e-04 4.4926249690e-05 3.2536799480e+01
-3.1186714664e-04 2.0084076472e-05 1.7125506901e+01
-2.4790640694e-04 6.0626023679e-06 3.8245917450e+01
-2.7065875850e-04 6.2401507450e-06 2.7839631477e+01
-3.1481771942e-04 2.0847477856e-05 1.7122711823e+01
-3.3908989577e-04 3.4854180485e-05 1.5758620527e+01
-3.3352867612e-04 3.6939924089e-05 1.7103497589e+01
1.1893589107e-05 1.2290080918e-04 4.1505064527e+01
2.7870893652e-04 1.2384797451e-04 1.3226313328e+01
-1.8319403113e-04 9.4867892979e-05 3.5243805559e+01
-2.4408616261e-04 7.7173851845e-05 3.7055707831e+01
-9.1900723421e-05 1.1348578615e-04 3.2823001372e+01
-6.4979951941e-05 1.1730758230e-04 3.2473846456e+01
1.8544147544e-04 1.4985695427e-04 1.4552335329e+01
-1.9303395486e-04 9.4031111499e-05 3.5428886906e+01
3.1025024677e-04 1.0451868964e-04 1.2936356605e+01
-3.1231012047e-04 4.7936894918e-05 1.7834130482e+01
3.1429386526e-04 1.3063540760e-05 1.6828009266e+01
-1.2904374899e-04 1.0890898925e-04 3.3575007774e+01
-7.0278743731e-05 1.1731536667e-04 3.2461803336e+01
3.4302486267e-04 1.4972797592e-05 1.4708134874e+01
3.4703990155e-04 1.5125919758e-05 1.4153328215e+01
2.7811832444e-04 1.1794408805e-05 1.8667677433e+01
-9.7262963929e-05 1.1364696257e-04 3.2874088238e+01
1.8557993372e-04 1.5363665239e-04 1.4287838103e+01
1.8935129917e-04 1.5122736186e-04 1.4329255684e+01
-1.3882367409e-04 1.0748346932e-04 3.3809064431e+01
-1.5190098651e-04 2.9177053754e-05 4.6718870750e+01
1.0784936735e-04 1.2732449046e-04 1.8183147306e+01
2.8068249921e-04 1.0933630309e-04 1.3704859223e+01
5.6375811264e-05 1.0923154563e-04 2.1032795685e+01
5.5552341525e-05 1.3172947325e-04 2.4701633245e+01
-2.5724939394e-04 1.0912389314e-05 3.4313077028e+01
1.3895444859e-04 8.4547807658e-05 1.7592158321e+01
2.6669907986e-04 9.1462960179e-05 1.4519588373e+01
2.6330704192e-04 9.4376501203e-05 1.4505428678e+01
-3.1511566689e-04 3.8289848957e-05 1.7264711142e+01
2.2709160013e-04 1.4053929349e-04 1.3925286236e+01
-3.0568164905e-04 3.9434907292e-05 1.7306649844e+01
1.8501672604e-04 1.0573434923e-04 1.6986815788e+01
1.8164039005e-04 1.0819715875e-04 1.6978208238e+01
2.2394252939e-04 8.8510147218e-05 1.5463156808e+01
-8.3956683416e-05 9.1022854538e-05 3.5794619543e+01
-1.3380166012e-04 7.3043351224e-05 3.8099908406e+01
-2.7316977461e-06 1.1405906391e-04 3.7900457750e+01
-2.5789480693e-04 4.3344400990e-05 3.4238443779e+01
2.3321488807e-04 9.8120747569e-05 1.4930989721e+01
2.3719723662e-04 9.9134704684e-05 1.4830265416e+01
3.6552134559e-04 4.0195504627e-05 1.2326763389e+01
2.2523540520e-04 9.6038277786e-05 1.5172599865e+01
3.2849787554e-04 4.3245874191e-05 1.4392120346e+01
3.3244224864e-04 4.3716768578e-05 1.4212927281e+01
2.9025695443e-04 4.8907250144e-05 1.5361477287e+01
2.8616647526e-04 4.8260379710e-05 1.5493543778e+01
2.7873841298e-04 5.0578936180e-05 1.5586545275e+01
-2.4394713446e-04 6.7685135937e-05 3.7047816978e+01
2.5251766425e-04 9.9229313255e-05 1.4570104229e+01
2.5747048591e-04 8.2178015088e-05 1.4917424820e+01
-2.4629252695e-04 2.6112117788e-05 3.6975549620e+01
2.9866812372e-04 1.0200983582e-04 1.3432902734e+01
7.5215942411e-05 1.0930301270e-04 2.1746290711e+01
-2.4408771485e-04 4.3430644814e-05 3.6909996363e+01
7.9432766757e-05 1.3979867329e-04 2.0168829722e+01
7.6168588828e-05 1.4131973899e-04 2.0359100567e+01
-1.2463757686e-04 5.2589206162e-05 4.2494169097e+01
8.4539910657e-05 1.1337161827e-04 2.2134444888e+01
-1.0745291007e-04 1.0779204790e-04 3.3354602923e+01
-1.2367391282e-04 1.0858424321e-04 3.3504672700e+01
2.0804291072e-04 4.8212083186e-05 1.7052942038e+01
2.1197406336e-04 4.8805932742e-05 1.7039204521e+01
2.8017401746e-04 1.0549416788e-04 1.3843229290e+01
-2.5262478174e-04 3.8304813233e-05 3.5131597010e+01
-1.9409899776e-04 7.7070241243e-05 3.6864946948e+01
-1.9681028670e-04 7.7379124975e-05 3.6816337530e+01
-1.6113055039e-04 7.6325491547e-05 3.7203785495e+01
1.6285825967e-04 8.1797597965e-05 1.7106336328e+01
-1.4771096399e-04 7.1698653565e-05 3.8122806747e+01
3.1431689807e-04 3.0728859646e-05 1.5383169125e+01
2.3730127952e-04 7.7571621986e-05 1.5475365900e+01
1.8138974417e-04 1.4463343513e-04 1.5257714367e+01
-2.9877142334e-04 1.0889871906e-05 1.7076744990e+01
-3.0210625580e-04 1.1163108746e-05 1.7062959318e+01
-1.9199619096e-04 4.9179897007e-05 4.0871842112e+01
2.0341910274e-04 6.2632783661e-05 1.7088813899e+01
3.0173508533e-04 4.7049907891e-05 1.5116991035e+01
-2.2103735145e-04 3.0403881028e-05 4.1381401494e+01
-1.8854378024e-04 6.6332093254e-05 3.8289695641e+01
1.9948710889e-04 6.1812515963e-05 1.7097180976e+01
2.7462834998e-04 4.9873170100e-05 1.5708453152e+01
2.7541222754e-04 5.3542178382e-05 1.5543182023e+01
3.0112189053e-04 2.5687173730e-05 1.6011337346e+01
-3.4916940444e-04 1.2106044951e-05 1.6977897192e+01
-3.4186170673e-04 1.1028977030e-05 1.7260647054e+01
1.3403637038e-04 1.2875830210e-04 1.7197099660e+01
1.3750685414e-04 1.3023338284e-04 1.7200773844e+01
-2.9392452289e-04 2.6170361728e-05 1.7166805156e+01
2.4854277524e-04 9.8286264010e-05 1.4657297154e+01
1.2786415314e-04 9.9731971217e-05 1.7319752516e+01
9.7161809605e-05 9.5177266984e-05 2.2659536654e+01
-1.7896749816e-04 1.6586214566e-05 4.7754920050e+01
-1.7523723199e-04 1.6569626619e-05 4.8008408450e+01
3.5565980731e-04 1.9254880620e-05 1.2891638513e+01
1.0068861231e-04 1.1754515233e-04 2.2374183741e+01
1.6232398262e-04 1.3711626562e-04 1.7094940292e+01
1.6584827234e-04 1.3492925419e-04 1.7056231752e+01
1.3060685427e-04 1.2729105993e-04 1.7190983308e+01
-3.0677730324e-04 7.3518407444e-06 1.7086750208e+01
-3.1031487225e-04 7.5508876404e-06 1.7026330953e+01
-2.9276817716e-04 3.8762374895e-05 1.7149827492e+01
-2.8749799725e-04 3.9248129052e-05 1.8944805669e+01
-1.6168356495e-04 5.7170086437e-05 4.0519272660e+01
2.5352647174e-04 1.3636213901e-04 1.3435589543e+01
2.5701860044e-04 1.3352775799e-04 1.3458870878e+01
-3.2053275308e-04 1.6285996849e-05 1.7080514886e+01
-3.2130481744e-04 4.3334153705e-05 1.7308884356e+01
-3.3624168645e-04 3.8688343192e-05 1.5998399602e+01
1.0818943005e-04 1.5101360065e-04 1.8892818511e+01
2.2388316495e-04 1.4701763141e-04 1.3721490899e+01
2.7527460705e-04 1.2677708376e-04 1.3211088565e+01
3.3081597077e-04 8.9759525215e-05 1.2685640633e+01
2.0100957641e-04 1.5135010518e-04 1.4039619976e+01
2.8927452738e-05 1.2675855276e-04 4.8256896848e+01
-1.7921741937e-04 9.8672617860e-05 3.4954461619e+01
-2.9172627310e-04 5.7957566048e-05 3.3979873218e+01
-1.5575297065e-04 1.0472436749e-04 3.4237766512e+01
-1.5309696509e-04 1.0448976508e-04 3.4203297311e+01
5.7206623163e-05 1.3608191772e-04 1.5358051834e+01
-1.1062357233e-04 1.1425235040e-04 3.3057897258e+01
7.5735658351e-05 1.4472065041e-04 2.0756691215e+01
7.0061559587e-05 1.4064001379e-04 2.1067607475e+01
3.3004145925e-04 1.0637610322e-05 1.6059120547e+01
-2.4872989408e-04 7.6133742216e-05 3.7221612524e+01
3.2408987916e-04 9.6000833077e-05 1.2728599098e+01
-1.3439148348e-04 1.0926597628e-04 3.3652660788e+01
3.6908795636e-04 4.0837028883e-05 1.2081436638e+01
3.3538951650e-05 1.2819154049e-04 5.0617325276e+01
3.3413175768e-04 1.0867536904e-05 1.5860004744e+01
3.5653322733e-04 5.9144888379e-05 1.2489745449e+01
3.6300235133e-04 5.2216898469e-05 1.2290436569e+01
-2.3046090898e-04 5.2128113483e-05 3.8141011877e+01
-1.9225650651e-04 2.6339803652e-05 4.4978229226e+01
3.6212105572e-04 1.1847713074e-05 1.1217056949e+01
3.5817469012e-04 1.1781338274e-05 1.2018039160e+01
3.6602949718e-04 1.1960924312e-05 1.0467449791e+01
1.0763139605e-04 1.2391516051e-04 1.8560253507e+01
1.3837482419e-04 8.1327720512e-05 1.8231289892e+01
3.4630122780e-04 1.1329178987e-05 1.4413374161e+01
8.8086988558e-05 1.1802294476e-04 2.2310899482e+01
3.1018019202e-04 1.2766132644e-05 1.7098580831e+01
-7.5162770275e-05 9.4872794442e-05 3.5375029064e+01
2.6554459538e-04 8.4370082928e-06 2.0927619141e+01
2.7676365271e-04 1.0845834874e-04 1.3835342891e+01
2.3105073657e-04 1.4161645623e-04 1.3788257775e+01
2.3065025229e-04 1.3782217281e-04 1.3947419656e+01
1.8556501288e-04 1.0949790126e-04 1.7026444688e+01
-3.6650951981e-04 1.1065762527e-05 1.3948830806e+01
2.2123766662e-04 9.4969135345e-05 1.5323785235e+01
1.8896924620e-04 1.0701447467e-04 1.6825962617e+01
3.0527820394e-04 2.6168019877e-05 1.5937754899e+01
-2.7950326794e-04 6.2477599522e-05 3.6086406070e+01
-2.6581077945e-04 6.1955903660e-05 3.6008762303e+01
-1.2098144753e-04 1.0843358887e-04 3.3472856516e+01
2.4867060746e-04 1.2774891578e-04 1.3885829457e+01
1.8915607484e-04 8.5886382550e-05 1.7013681249e+01
-1.4240885852e-04 1.0355914740e-04 3.4086199308e+01
-2.3899874006e-04 6.6571742820e-05 3.7135621943e+01
-3.0782304093e-04 2.1871691789e-05 1.7142284576e+01
-1.4721178538e-04 8.9473623068e-05 3.5454983789e+01
2.8022316772e-04 7.9640076357e-05 1.4585143010e+01
2.8420033554e-04 8.0422403222e-05 1.4481560702e+01
2.8359551492e-04 7.6640440296e-05 1.4602286010e+01
2.8757452190e-04 7.7402095271e-05 1.4495500470e+01
1.4866811712e-04 1.0374485591e-04 1.7108263296e+01
3.2631294873e-04 5.4189499316e-05 1.4105375236e+01
-3.2340941910e-04 3.5412083135e-05 1.7123358928e+01
6.0557697313e-05 1.0345796616e-04 2.1502435908e+01
7.5589992269e-05 1.1224851821e-04 2.1670201773e+01
-2.6203637119e-04 2.5308070111e-05 3.1478179354e+01
3.3028189857e-04 8.5666796294e-05 1.2864032663e+01
3.3413870121e-04 8.6574601111e-05 1.2660268701e+01
-1.3761086506e-04 5.2838993466e-05 4.2090238778e+01
7.0451295703e-05 1.3718269531e-04 2.1885785746e+01
6.6793459175e-05 1.4182947067e-04 2.1024354748e+01
2.0042077541e-04 8.5617629100e-05 1.7027801733e+01
9.1795818613e-05 1.4669216805e-04 1.9819771563e+01
8.8401361087e-05 1.4841090071e-04 1.9855605361e+01
-1.9328298972e-04 4.3704856563e-05 4.1749134721e+01
6.5134548581e-05 1.3313964472e-04 1.9048617195e+01
1.9682795341e-04 1.4629261987e-04 1.4386148548e+01
1.2435811207e-04 9.8524850633e-05 1.8510618138e+01
-1.6673630699e-04 9.9394367787e-05 3.4717484909e+01
-1.6938361701e-04 9.9674041706e-05 3.4740939426e+01
-1.2137737104e-04 5.2535429639e-05 4.2589217748e+01
1.2981402807e-04 1.1678040601e-04 1.7142216648e+01
1.3478213358e-04 1.4952509163e-04 1.7249802753e+01
1.3816720652e-04 1.5106245124e-04 1.7266543221e+01
1.3817949263e-04 1.5444962736e-04 1.7289431921e+01
-1.3876366077e-04 7.1323613844e-05 3.8334225386e+01
3.4185278943e-04 2.9677523569e-05 1.4196237453e+01
3.4246375854e-04 3.3489530363e-05 1.4034438167e+01
2.5726671482e-04 2.5133273558e-05 1.8138803570e+01
-2.1657216061e-04 7.1462999783e-05 3.7193263750e+01
3.0541951798e-04 9.5868416581e-05 1.3432488940e+01
2.2991703556e-04 7.9335683913e-05 1.5627115368e+01
-2.0230986430e-04 9.1071814989e-05 3.5724023921e+01
-1.8052675652e-04 6.7721667630e-05 3.8244036175e+01
2.5612718552e-04 7.4691506844e-05 1.5164556108e+01
1.5125273420e-04 1.2899484465e-04 1.7151456229e+01
1.5147554356e-04 1.3261129750e-04 1.7166107426e+01
-1.4270334466e-04 3.5681260487e-05 4.5672761352e+01
-1.6703079758e-04 8.4816354258e-05 3.6044414251e+01
1.9379817458e-04 9.0729067003e-05 1.6995508439e+01
1.9446793022e-04 9.4459579333e-05 1.7032198730e+01
1.8522500657e-04 8.4760370881e-05 1.7032061734e+01
2.0312305749e-04 1.0062497850e-04 1.5914256604e+01
2.4426438250e-04 1.2294032333e-04 1.4132081768e+01
-2.6657067956e-04 3.8339018639e-05 3.0879969695e+01
-1.0201588213e-04 1.0758596928e-04 3.3330859892e+01
1.3391206950e-04 9.5450913048e-05 1.7005150002e+01
2.6545071522e-04 1.0960754639e-04 1.4064889458e+01
-2.6509742802e-04 2.5587550118e-05 3.0051915006e+01
1.9529580459e-04 1.2727425717e-04 1.5294706843e+01
-7.0240291481e-05 5.3856778735e-05 4.3056540976e+01
2.1448105117e-04 1.0031572321e-04 1.5377399907e+01
-2.1919763823e-04 7.1864728575e-05 3.7126917210e+01
-1.8430282599e-04 8.0203168800e-05 3.6562004069e+01
3.7132160506e-04 2.4341715133e-05 1.1434144768e+01
3.7491197082e-04 2.4782095963e-05 1.1216728607e+01
3.7458945423e-04 2.0512780595e-05 1.0756112894e+01
3.7816110053e-04 2.0928551132e-05 1.0600886509e+01
3.7789907735e-04 1.6605918409e-05 9.8352617254e+00
3.7841529046e-04 2.5321572975e-05 1.1069546512e+01
-2.0696036113e-04 6.1904765267e-05 3.8393510811e+01
2.0737772800e-04 6.3483722199e-05 1.7069829349e+01
1.8199888437e-04 6.7499544767e-05 1.7097749234e+01
-4.7336797014e-05 2.8923488617e-05 4.6898442477e+01
2.5703387148e-04 1.0395812932e-04 1.4379850442e+01
1.6962238277e-04 1.3641548088e-04 1.7004129489e+01
-1.0569826564e-04 5.7621676594e-05 4.1848951975e+01
-1.0247570395e-04 5.7579647080e-05 4.1926909449e+01
-8.0118458509e-05 5.3874759729e-05 4.3041108896e+01
-2.1255557786e-04 6.2487136713e-05 3.8145275499e+01
-1.9424806234e-04 6.6805420056e-05 3.8104080967e+01
2.6466713493e-04 5.8635885546e-05 1.5576554620e+01
-1.9771859628e-04 3.8468201317e-05 4.2380591383e+01
-1.8269035459e-04 1.6603756511e-05 4.7486051974e+01
3.3169342097e-05 8.0239295817e-05 2.2263692249e+01
2.9498425951e-05 7.7513732523e-05 2.2340524817e+01
2.3812948714e-05 7.6618137729e-05 2.4522605526e+01
2.0949884862e-05 7.6208607714e-05 2.6139791684e+01
1.5162743080e-05 7.5468042469e-05 2.9203843354e+01
1.0284098962e-05 7.6879095171e-05 3.1438360647e+01
7.3553698984e-06 7.6571605467e-05 3.2511146460e+01
1.4579650010e-06 7.6019715198e-05 3.4334474706e+01
-1.5087345621e-06 7.5773514040e-05 3.5101803324e+01
-7.4731808015e-06 7.5335068096e-05 3.6385111715e+01
-2.0714497924e-05 7.2715596657e-05 3.8365385451e+01
-2.9873237768e-05 7.2368512208e-05 3.9136576961e+01
-3.9071185032e-05 7.2119176921e-05 3.9573274343e+01
-4.2143480067e-05 7.2054507122e-05 3.9661127471e+01
-4.8295103907e-05 7.1953120850e-05 3.9767543017e+01
-5.1373457449e-05 7.1913466878e-05 3.9791497364e+01
-5.7533504044e-05 7.1858448328e-05 3.9791380420e+01
-6.0614380710e-05 7.1840387338e-05 3.9771519141e+01
-6.6776127849e-05 7.1825655808e-05 3.9699885334e+01
-6.9856292485e-05 7.1827175265e-05 3.9651230230e+01
-7.6013536454e-05 7.1847411699e-05 3.9534326571e+01
-7.9089958401e-05 7.1865765252e-05 3.9468179184e+01
-8.5236788226e-05 7.1918111952e-05 3.9324956807e+01
-8.8306536520e-05 7.1952044395e-05 3.9249332029e+01
-9.4435140891e-05 7.2034369360e-05 3.9093308661e+01
3.4420055788e-05 7.6269950387e-05 2.2309984714e+01
-6.0682727119e-05 7.5562245618e-05 3.9133188756e+01
-5.1566318760e-05 7.5635545079e-05 3.9218778567e+01
-4.2460557903e-05 7.5779333189e-05 3.9177399287e+01
-3.3375832674e-05 7.6004876532e-05 3.8946551085e+01
-2.4323820379e-05 7.6326163547e-05 3.8444558131e+01
-1.5318023635e-05 7.6760171852e-05 3.7567267409e+01
1.9871769090e-05 8.0077378360e-05 2.7232657768e+01
2.8336872955e-05 8.1447154433e-05 2.2095338386e+01
-8.0858225825e-05 9.4933542727e-05 3.5210954818e+01
4.6831361191e-05 8.0835893089e-05 2.2220684188e+01
-1.1613015199e-04 5.4218408776e-05 4.2349698494e+01
2.1538253607e-04 6.5280048054e-05 1.6999131073e+01
-2.0084138536e-04 2.9846240030e-05 4.3638624326e+01
-8.3407784597e-05 5.3888585250e-05 4.3013059724e+01
-8.3162531550e-05 5.7401035505e-05 4.2291737552e+01
-1.7009493251e-04 5.9072204896e-06 5.0197257043e+01
2.3869209287e-04 8.5052315212e-05 1.5182558057e+01
-2.7629608352e-04 2.9174440793e-05 2.3780783094e+01
2.4569337027e-04 1.0490512771e-04 1.4552948683e+01
1.7558127155e-04 7.2305709046e-05 1.7102958962e+01
-2.4403287468e-04 6.0383084142e-06 3.9472514489e+01
2.7008623187e-04 8.8532847327e-05 1.4534890873e+01
3.3359860123e-04 8.2452362188e-05 1.2839031907e+01
3.4061925370e-04 7.9972867356e-05 1.2608604646e+01
2.4320612275e-04 6.8300557621e-05 1.5682068692e+01
2.6202744726e-04 1.1191327082e-05 2.0459178509e+01
2.6143393974e-04 8.3134518103e-06 2.0962668594e+01
2.5795716178e-04 1.0986777916e-05 2.0462561566e+01
2.5735471855e-04 8.1260276796e-06 2.0910931526e+01
2.5390217595e-04 1.0765333875e-05 2.0413626117e+01
2.5340481258e-04 7.9004060142e-06 2.0887386313e+01
5.2022446258e-05 7.9747719793e-05 2.2239078558e+01
-7.5994041664e-05 1.0904148638e-04 3.3237532254e+01
-1.0233620603e-04 9.3406704041e-05 3.5070386020e+01
-1.8961126106e-04 3.4739632538e-05 4.3608067568e+01
3.2585172817e-04 1.0422198297e-05 1.6535413704e+01
5.6401770701e-05 8.5377977260e-05 2.2157623230e+01
6.1745910657e-05 8.4413643649e-05 2.2210850480e+01
6.4800917974e-05 8.5224705830e-05 2.2224171384e+01
3.1316607516e-04 4.5004245287e-05 1.4854961980e+01
-2.7848384182e-04 1.1517457624e-05 2.2009103259e+01
2.4934480956e-04 7.7585515675e-06 2.0849588954e+01
7.1620858721e-05 8.9632657023e-05 2.2229481510e+01
7.3506099997e-05 8.5156506049e-05 2.2333556635e+01
4.6626486506e-05 9.8753660480e-05 2.1678987940e+01
2.4125014633e-04 7.4272886871e-06 2.0769280703e+01
2.3726080839e-04 7.2518459466e-06 2.0721937773e+01
3.4017851811e-04 7.5914914120e-05 1.2777140891e+01
3.4405502090e-04 7.6622631872e-05 1.2564858369e+01
3.4349287608e-04 7.2606648784e-05 1.2735842362e+01
3.4748859278e-04 7.3325790926e-05 1.2510741729e+01
2.8126215735e-04 4.3944308210e-05 1.5802556563e+01
2.3328103375e-04 7.0789321836e-06 2.0681138638e+01
2.2935854864e-04 6.8789243956e-06 2.0635148418e+01
2.2548022052e-04 6.6795177563e-06 2.0598736771e+01
1.9297761331e-04 6.6783953058e-05 1.7093512527e+01
2.2146972866e-04 6.5591780497e-06 2.0558689635e+01
2.1741214751e-04 6.4389319590e-06 2.0525985096e+01
-2.0706715931e-04 7.6559090751e-05 3.6835529675e+01
2.0410577504e-04 6.6041449947e-05 1.7063926859e+01
2.1007015457e-04 8.4252646821e-06 2.0259660545e+01
-3.0323040902e-04 7.1691702760e-06 1.7130820963e+01
3.4238329216e-04 1.1099390702e-05 1.5057243011e+01
2.7130885621e-04 5.2811201561e-05 1.5665319433e+01
2.0611483669e-04 8.2417723737e-06 2.0293283147e+01
2.0215949864e-04 8.0660991328e-06 2.0344002857e+01
1.9821206083e-04 7.8928395221e-06 2.0408222540e+01
-2.6266159456e-04 7.0970539721e-05 3.7289187089e+01
-9.2564526757e-05 9.1179140622e-05 3.5578680011e+01
1.9427268176e-04 7.7253101640e-06 2.0497147979e+01
1.8966722168e-04 5.5273238679e-06 2.0766818324e+01
2.2982123619e-04 1.0086939252e-04 1.4932084448e+01
1.8236887212e-04 7.2985913609e-06 2.0840411878e+01
2.7933245218e-04 1.7664509431e-05 1.7595761602e+01
1.7840857959e-04 7.1664025471e-06 2.0983654841e+01
1.7444519311e-04 7.0444854563e-06 2.1134095711e+01
1.7048847578e-04 6.9280412422e-06 2.1288768596e+01
-1.0514746903e-05 9.0689027023e-05 3.7017862618e+01
-1.7411196079e-04 3.1068991530e-05 4.5260277021e+01
1.6654006072e-04 6.8200912540e-06 2.1443577285e+01
1.6257115095e-04 6.7304398332e-06 2.1593747404e+01
1.5859289124e-04 6.6508374784e-06 2.1739723206e+01
-1.6210690263e-05 9.0288960679e-05 3.7359701161e+01
-1.5107790305e-04 8.5679959950e-05 3.5935155485e+01
1.4671062038e-04 6.4588659930e-06 2.2109272814e+01
1.4276679361e-04 6.4099067655e-06 2.2206008700e+01
3.7421054519e-04 1.6326429421e-05 1.0080886016e+01
3.7374578692e-04 1.2197415124e-05 9.1895105877e+00
1.3884280367e-04 6.3656208698e-06 2.2286908007e+01
1.3490462312e-04 6.3378308747e-06 2.2353408809e+01
2.9505085959e-04 5.3240635901e-05 1.5079268252e+01
1.3096351997e-04 6.3182303760e-06 2.2394270853e+01
1.1532830478e-04 6.2917461752e-06 2.2576615537e+01
1.1144244852e-04 6.2929953976e-06 2.2526832701e+01
1.0756312125e-04 6.2925488942e-06 2.2695353506e+01
1.0368881778e-04 6.2907659114e-06 2.2846808475e+01
-3.3419588292e-05 8.9449014059e-05 3.7588694127e+01
8.8219818876e-05 6.2693975256e-06 2.4084801613e+01
2.6493202737e-04 1.0579266038e-04 1.4181853070e+01
-3.9186471334e-05 8.9269288462e-05 3.7497167494e+01
8.4353711647e-05 6.2608640687e-06 2.4594881351e+01
8.0486341000e-05 6.2512757020e-06 2.5182134457e+01
6.1115578144e-05 6.1929631775e-06 2.9088820554e+01
5.7233076608e-05 6.1798019642e-06 3.0020859048e+01
5.3346660070e-05 6.1665953941e-06 3.0987988947e+01
3.3880189284e-05 6.0968120536e-06 3.6110522396e+01
2.9972017054e-05 6.0847787750e-06 3.7148103084e+01
-5.6542136828e-05 8.8967492258e-05 3.7005622489e+01
2.6065492360e-05 6.0718773880e-06 3.8174053967e+01
6.4999368550e-06 6.0121082775e-06 4.2961196210e+01
2.5807856510e-06 6.0015069652e-06 4.3820882491e+01
-1.3400579769e-06 5.9914011435e-06 4.4640872325e+01
-2.0964206294e-05 5.9488393823e-06 4.8095795331e+01
-2.4893063337e-05 5.9422099651e-06 4.8654705364e+01
-2.8821819673e-05 5.9355176946e-06 4.9170330374e+01
-4.8470106383e-05 5.9104340145e-06 5.1139523395e+01
-5.2401780979e-05 5.9065804775e-06 5.1422057674e+01
-5.6331248690e-05 5.9033086330e-06 5.1671140546e+01
2.3776626159e-04 1.0292294615e-04 1.4732279251e+01
-6.9799784337e-05 7.5550374852e-05 3.8967390785e+01
-7.9913329676e-05 5.8895541482e-06 5.2562165021e+01
-8.3842557709e-05 5.8882931085e-06 5.2624962564e+01
-7.5874371296e-05 7.5573359926e-05 3.8829523461e+01
-1.0282356742e-04 8.9460461180e-05 3.5689156596e+01
-3.4721210788e-04 8.5696344622e-06 1.7703292923e+01
-3.4348680430e-04 8.1168394112e-06 1.8107778587e+01
-3.3825864559e-04 1.0488761394e-05 1.7160407976e+01
-3.3981434037e-04 7.6822174087e-06 1.8110391322e+01
-9.7069354233e-05 8.9311714942e-05 3.5808409786e+01
7.8633012716e-05 1.1362336700e-04 2.1813317257e+01
-1.0608351363e-04 7.6013173978e-05 3.8048525236e+01
-1.0307629184e-04 7.5946221411e-05 3.8125444849e+01
1.4788732423e-04 1.3112181517e-04 1.7177373788e+01
1.4766626157e-04 1.2752502352e-04 1.7163378671e+01
1.7816988590e-04 6.6657719893e-05 1.7088961045e+01
1.7436514086e-04 6.5840380208e-05 1.7072254046e+01
1.7376510374e-04 6.2727896491e-05 1.7038973113e+01
1.6997860128e-04 6.1965093478e-05 1.7131249926e+01
1.6741220865e-04 6.7359244876e-05 1.7022444332e+01
1.6304261920e-04 6.3471735578e-05 1.7441071055e+01
1.5990851782e-04 6.5734837786e-05 1.7463301765e+01
1.5548610460e-04 6.1893830224e-05 1.8208959902e+01
1.5170081221e-04 6.1108594071e-05 1.8685084843e+01
1.4860958069e-04 6.3296773910e-05 1.8845988074e+01
1.5102273773e-04 5.8156421647e-05 1.9027364216e+01
1.4483063101e-04 6.2493768704e-05 1.9423558765e+01
1.4031311999e-04 5.8796836353e-05 2.0431998692e+01
1.3268998921e-04 5.7309070724e-05 2.1828054615e+01
1.2886862579e-04 5.6585499045e-05 2.2647473992e+01
1.2582864882e-04 5.8638768905e-05 2.2989667579e+01
1.2202676667e-04 5.7912056131e-05 2.2879448198e+01
1.2427599773e-04 5.3162888102e-05 2.2887658818e+01
1.1006481787e-04 5.3243652095e-05 2.2829855966e+01
1.0640436447e-04 5.2636019884e-05 2.2804475677e+01
1.0277616343e-04 5.2048994030e-05 2.2778280854e+01
9.6381589711e-05 5.3407332989e-05 2.2729483834e+01
9.2846876168e-05 5.2848160214e-05 2.2702673895e+01
9.8429199452e-05 4.9018749700e-05 2.2746609090e+01
8.9343479866e-05 5.2309864880e-05 2.2676261902e+01
8.5098030035e-05 4.9425244603e-05 2.2648495422e+01
8.7820537933e-05 4.7546589877e-05 2.2670093045e+01
7.8230085538e-05 4.8521302502e-05 2.2602434821e+01
7.4836814166e-05 4.8100572666e-05 2.2581675132e+01
7.1469926758e-05 4.7699690685e-05 2.2562810849e+01
6.5603287554e-05 4.9135161591e-05 2.2527764199e+01
6.2314223651e-05 4.8765368026e-05 2.2514780079e+01
5.5807016550e-05 4.8086570983e-05 2.2497292760e+01
5.2585249401e-05 4.7777723582e-05 2.2492812221e+01
5.7459865462e-05 4.4229271975e-05 2.2508805459e+01
4.2211469433e-05 4.5001271378e-05 2.2485421738e+01
4.7761262234e-05 4.3479117379e-05 2.2523112281e+01
3.9060019542e-05 4.4797713845e-05 2.3554188652e+01
3.2693407687e-05 4.4409765685e-05 2.6187232410e+01
2.9476542194e-05 4.4226488857e-05 2.7471323877e+01
2.6239015052e-05 4.4049864975e-05 2.8746396231e+01
1.9706348729e-05 4.3718573957e-05 3.1213429088e+01
1.6413812246e-05 4.3564327860e-05 3.2388688255e+01
1.0945576867e-05 4.5090255288e-05 3.3874954630e+01
6.4440389979e-06 4.3148359525e-05 3.5610785187e+01
3.0937735287e-06 4.3025465201e-05 3.6572288068e+01
-2.3569613623e-06 4.4572094062e-05 3.7724717566e+01
-7.0241712575e-06 4.2702496025e-05 3.9102641342e+01
-1.2449497144e-05 4.4268287469e-05 3.9975695265e+01
-1.1768228180e-05 4.0871991915e-05 4.0371425888e+01
-1.5830763040e-05 4.4182057435e-05 4.0610684111e+01
-1.9220379763e-05 4.4103105206e-05 4.1191550128e+01
-2.6014906703e-05 4.3964999663e-05 4.2199558168e+01
-2.9420689173e-05 4.3905613424e-05 4.2632090705e+01
-3.2831032394e-05 4.3852258275e-05 4.3020404290e+01
-3.9662946826e-05 4.3762518926e-05 4.3674782274e+01
-4.3083444940e-05 4.3725598626e-05 4.3945962825e+01
-4.6506335587e-05 4.3693639573e-05 4.4183112590e+01
-5.6697775185e-05 4.0283597863e-05 4.5330462000e+01
-7.0587163917e-05 4.0249177030e-05 4.5743315152e+01
-8.4464914635e-05 4.0262522715e-05 4.5853072655e+01
-7.9354943967e-05 3.8595519680e-05 4.6183251203e+01
-8.7929914235e-05 4.0272773758e-05 4.5843974597e+01
3.4578812301e-04 2.9999138136e-05 1.3899975119e+01
1.1113836761e-04 1.2882234922e-04 1.7399561275e+01
3.4303403171e-04 3.7339564182e-05 1.3884464189e+01
3.3969958406e-04 4.0782646453e-05 1.3965411073e+01
8.5416138881e-05 1.2295323925e-04 2.2183415509e+01
3.8464923216e-05 1.0509541370e-04 2.5121957211e+01
3.0196942770e-04 2.9294263134e-05 1.5877852265e+01
-1.0740865184e-04 5.8852421785e-06 5.2610799997e+01
-1.1133448380e-04 5.8853924864e-06 5.2553005157e+01
3.0354803583e-04 1.8996559675e-05 1.6801956806e+01
-2.7100668901e-04 2.6254776520e-05 2.6878650497e+01
-6.1886860604e-05 3.8608067098e-05 4.5844610514e+01
-4.2808015720e-05 4.0376184607e-05 4.4499455944e+01
-2.1139581534e-04 1.5208301585e-05 4.4916781723e+01
-6.6641019488e-05 9.4830493777e-05 3.5657779211e+01
-6.0960162480e-05 9.4839427814e-05 3.5867999422e+01
-4.3943804119e-05 9.5063691190e-05 3.6556329036e+01
-3.8287878131e-05 9.5213579857e-05 3.6779198031e+01
-3.7072448586e-04 1.6551096969e-05 1.1202827873e+01
8.0530798813e-05 8.9779889600e-05 2.2386896009e+01
8.3779880569e-05 9.0792868186e-05 2.2436591899e+01
8.9788531898e-05 8.9993335258e-05 2.2558328056e+01
9.3163784522e-05 9.1060702998e-05 2.2611227051e+01
6.3264260860e-06 9.8455513476e-05 3.5667512880e+01
1.1783585185e-05 9.9225728491e-05 3.4711328333e+01
2.0085582414e-04 4.9993381590e-05 1.7046518395e+01
2.0346200795e-04 4.4637418481e-05 1.7233521477e+01
1.9953911670e-04 4.4045283406e-05 1.7318439703e+01
1.9171613581e-04 4.2855948621e-05 1.7528930649e+01
1.8849458303e-04 4.5160539014e-05 1.7489951978e+01
1.8460409682e-04 4.4546099863e-05 1.7649056101e+01
1.8071693581e-04 4.3937044726e-05 1.7836323992e+01
1.7683700782e-04 4.3326474118e-05 1.8054473625e+01
1.7225628529e-04 3.9927048583e-05 1.8543426882e+01
1.6449219440e-04 3.8800492365e-05 1.9190765297e+01
1.6061035730e-04 3.8250924669e-05 1.9567377119e+01
6.2178910413e-05 1.1426830564e-04 2.0786356632e+01
1.5746004254e-04 4.0388761660e-05 1.9714906951e+01
1.5358352691e-04 3.9829245439e-05 2.0161620448e+01
1.4970489950e-04 3.9281371439e-05 2.0645632799e+01
1.3727958350e-04 3.5203034160e-05 2.2611852157e+01
1.3338110611e-04 3.4744101439e-05 2.2996302894e+01
1.4200625604e-04 8.2346054371e-05 1.7410293359e+01
1.2950332612e-04 3.4301683240e-05 2.2902389829e+01
1.2565633045e-04 3.3876434727e-05 2.2898441520e+01
1.1880829598e-04 3.5421156510e-05 2.2867992236e+01
1.1504487098e-04 3.5015247716e-05 2.2848311016e+01
1.1131040967e-04 3.4627956286e-05 2.2828930752e+01
1.0760457402e-04 3.4259584307e-05 2.2808516230e+01
9.2310794963e-05 3.0883547992e-05 2.2726583163e+01
-1.3487570468e-04 5.8893296729e-06 5.1937315119e+01
-1.3879655230e-04 5.8908899193e-06 5.1793008983e+01
8.8740150192e-05 3.0645365000e-05 2.2709048400e+01
8.5194704325e-05 3.0425229446e-05 2.2692857384e+01
7.8176940602e-05 3.0037227317e-05 2.2668298967e+01
7.4703478983e-05 2.9867941312e-05 2.2661142438e+01
7.1252687755e-05 2.9714301023e-05 2.2652772058e+01
6.5200265141e-05 3.1299074909e-05 2.2643683392e+01
6.1029816125e-05 2.9338741803e-05 2.2853105977e+01
5.7652807938e-05 2.9236303916e-05 2.3705254810e+01
5.1744477764e-05 3.0817643829e-05 2.4679212186e+01
4.8358894642e-05 3.0705086852e-05 2.5664121548e+01
4.3971781655e-05 2.8833465074e-05 2.7538079339e+01
3.8098282346e-05 3.0382823239e-05 2.8821895837e+01
3.4646452909e-05 3.0279902850e-05 2.9918068726e+01
3.1179974308e-05 3.0179674508e-05 3.1020345988e+01
2.4205756258e-05 2.9988743305e-05 3.3209006879e+01
2.0699659023e-05 2.9897873722e-05 3.4279885396e+01
1.7181002049e-05 2.9813067074e-05 3.5325576692e+01
6.5638273272e-06 2.9573771854e-05 3.8260976824e+01
3.0056146976e-06 2.9502919128e-05 3.9158240441e+01
-1.1304147318e-05 2.9261321833e-05 4.2281861698e+01
-2.9319663101e-05 2.9051104715e-05 4.5120299182e+01
1.6937121379e-04 1.3268400683e-04 1.7030625109e+01
5.8036183208e-05 8.1138708768e-05 2.2240259653e+01
1.0153742794e-04 1.5135051946e-04 1.9182805273e+01
1.3728842593e-04 1.2669478887e-04 1.7189075385e+01
1.9233306119e-04 6.3478663683e-05 1.7098879084e+01
1.0350467296e-04 9.4445744267e-05 2.2768158450e+01
1.0703366131e-04 9.5633542408e-05 2.2783738719e+01
-1.4271662015e-04 5.8923901349e-06 5.1637159383e+01
2.8603605249e-04 1.2180439084e-04 1.3078349879e+01
2.8555110188e-04 1.1793944781e-04 1.3250180284e+01
2.8944515163e-04 1.1882999231e-04 1.3089119956e+01
1.2134499480e-04 1.0059290782e-04 1.8979869297e+01
-1.6229641070e-04 5.9044863610e-06 5.0675088506e+01
2.0866990332e-04 1.5000161083e-04 1.3934374355e+01
-5.7162494825e-05 5.7398215916e-05 4.2249194989e+01
-1.0160185677e-04 5.2290641070e-05 4.3088247981e+01
-2.8839000541e-04 4.4844816448e-05 2.3242684275e+01
-3.0672802066e-04 2.4378804878e-05 1.7151994562e+01
-1.9759652607e-04 4.7589450846e-05 4.0848041834e+01
-2.1936460829e-04 2.5158370461e-05 4.2348842380e+01
-2.2620850834e-04 2.5336101039e-05 4.1298848631e+01
-2.1577873879e-04 4.8719057066e-05 3.9554863612e+01
-2.3299939459e-04 2.5548884996e-05 4.0074452412e+01
-2.3868569141e-04 5.3234720566e-05 3.7418937570e+01
2.3145293704e-04 1.4539332237e-04 1.3611272840e+01
2.3501589045e-04 1.4267490138e-04 1.3645473014e+01
-3.3256327327e-04 6.9189127906e-06 1.7683905269e+01
-3.2894658974e-04 6.6005265457e-06 1.7469511038e+01
-3.2533305314e-04 6.3268634629e-06 1.7276342229e+01
-9.2788042003e-05 5.7477147282e-05 4.2135107025e+01
-2.8537962883e-04 6.5058658390e-06 1.7376489276e+01
-2.7017594225e-04 4.8494570059e-05 3.2296217739e+01
-8.3546121395e-05 1.1747389564e-04 3.2550121469e+01
-3.2072220418e-04 8.3493660945e-06 1.7018687660e+01
1.3148007216e-04 1.5473215150e-04 1.7117742088e+01
3.3788508649e-04 8.7358231851e-05 1.2459121464e+01
-2.2462812471e-04 4.9480019627e-05 3.8809652328e+01
4.6770932265e-05 1.3127237954e-04 4.6241179421e+01
1.8950221214e-04 1.5500489727e-04 1.4092305244e+01
-1.9814612293e-04 9.4786263561e-05 3.5462839720e+01
3.5367920429e-04 6.6707401454e-05 1.2410841276e+01
-2.8404335948e-04 6.2093573269e-05 3.6156101390e+01
3.6535855659e-04 7.9851741331e-06 9.8837364128e+00
3.2918816613e-04 7.0208745054e-06 1.6634705573e+01
2.9675560377e-04 6.1865513682e-06 1.7491258322e+01
3.1402644973e-04 1.0530665124e-04 1.2760047455e+01
3.1066594108e-04 1.0838020520e-04 1.2763995806e+01
1.6527336877e-04 3.2503778450e-06 2.1453341145e+01
1.3742893444e-04 3.1360423641e-06 2.2041281951e+01
-8.8860377789e-05 1.1752939117e-04 3.2621607399e+01
3.8873464340e-05 3.0468047929e-06 3.5384783306e+01
3.5408150928e-04 7.0866948742e-05 1.2250251486e+01
-2.0649237692e-05 2.9924798289e-06 4.8542673225e+01
-1.3957775834e-04 2.9461914849e-06 5.2261641055e+01
1.4410936241e-04 1.2606214222e-04 1.7171077487e+01
-3.2834974177e-04 3.8733717985e-05 1.6985599234e+01
-2.7865075666e-04 4.3730438139e-05 2.7613501400e+01
-3.0292519971e-04 2.6054710507e-05 1.7160113359e+01
-2.9744840146e-04 2.4541141989e-05 1.7150625780e+01
-2.4656427248e-04 2.9842619294e-05 3.6703007810e+01
-2.3976101613e-04 2.5797577046e-05 3.8632148373e+01
1.8919194825e-04 1.4743885114e-04 1.4561465741e+01
1.8101402191e-04 1.3705439599e-04 1.5815639009e+01
-1.7633744774e-04 4.8534197978e-05 4.1683863876e+01
-1.8064743037e-04 2.4563156602e-05 4.6146651017e+01
1.5164041706e-04 1.3621906397e-04 1.7185826287e+01
-1.5303703751e-04 2.5948331674e-05 4.7346848130e+01
-1.2821545902e-04 5.8013835978e-05 4.1230062566e+01
-2.3954375561e-04 8.0675140231e-05 3.6749715012e+01
-2.3931566251e-04 7.5898831499e-05 3.6924411799e+01
-2.4188927969e-04 8.1309619218e-05 3.6827314875e+01
9.7661076395e-05 1.1935970928e-04 2.2739390040e+01
1.8462374496e-04 6.1900181043e-05 1.7080825984e+01
6.2446210551e-05 1.1703084308e-04 2.0542364212e+01
-2.5277398714e-05 2.5890821032e-05 4.5154338389e+01
4.4198830432e-05 1.0922439749e-04 2.1357141941e+01
2.6948552584e-04 8.4753243019e-05 1.4645222903e+01
3.0687803596e-04 1.0758226236e-04 1.2938845399e+01
3.0735889736e-04 1.1150334408e-04 1.2759916557e+01
1.8608798602e-04 1.1327286418e-04 1.6877802292e+01
-9.6791364718e-05 3.8646994157e-05 4.6126926752e+01
-1.0176579460e-04 4.0335057923e-05 4.5696326511e+01
-1.0722269179e-04 3.8704122204e-05 4.5963196215e+01
-1.1069117229e-04 3.8727207275e-05 4.5892048472e+01
-1.1554789335e-04 4.0433963378e-05 4.5410429012e+01
-1.2107160136e-04 3.8808615341e-05 4.5637235196e+01
-1.2452244467e-04 3.8839834745e-05 4.5540047570e+01
-1.2925726088e-04 4.0567893028e-05 4.5024961057e+01
2.5194292598e-04 9.5442962050e-05 1.4668760229e+01
3.0254173789e-04 1.0284245487e-04 1.3275356693e+01
-2.7419642061e-04 2.4609210363e-05 2.4702416259e+01
2.8949500778e-04 4.5234430696e-05 1.5528124606e+01
3.6587126136e-04 4.4434426463e-05 1.2259211319e+01
3.6932017341e-04 4.5019476579e-05 1.2022652223e+01
4.1830236585e-05 9.9551829885e-05 2.1724852843e+01
-1.8841387819e-04 9.5552537196e-05 3.5273892723e+01
-2.6528451175e-04 6.6861005106e-05 3.6807602973e+01
3.6189880234e-04 3.9620896939e-05 1.2580386970e+01
-1.4405120237e-04 5.2986343992e-05 4.1875897645e+01
2.2185477329e-04 9.8743313225e-05 1.5185678261e+01
9.8784282527e-05 2.9302530805e-05 2.2764309788e+01
2.6049811154e-04 1.3067533411e-04 1.3479271419e+01
2.6096289537e-04 1.3449779780e-04 1.3307886773e+01
2.6443686256e-04 1.3163279017e-04 1.3329725284e+01
-2.2437578777e-04 7.2731230504e-05 3.7011192448e+01
-1.6979318454e-04 8.5049425684e-05 3.6021081081e+01
-2.2978204963e-04 4.3964637367e-05 3.8795794738e+01
-2.8068492149e-04 2.1330555963e-05 1.9453244873e+01
2.6083433659e-04 7.9296265692e-05 1.4942102977e+01
2.6485343344e-04 8.0147859973e-05 1.4849918584e+01
-2.2079107388e-04 4.3271474292e-05 3.9786943477e+01
-8.8492315764e-05 5.2175779940e-05 4.3318323239e+01
2.7624404040e-04 1.0462707003e-04 1.3966545459e+01
1.0168903390e-04 1.4466171895e-04 1.9281516173e+01
3.0578496948e-04 4.7626209120e-05 1.4981601004e+01
1.8071941167e-04 1.3326604224e-04 1.6307650551e+01
1.2810761061e-04 1.4986806637e-04 1.7071932055e+01
1.2480143609e-04 1.5172512324e-04 1.7497510250e+01
1.5232607831e-04 1.0504211809e-04 1.7100521702e+01
1.8848496010e-04 8.2260903548e-05 1.7029833977e+01
1.1483026316e-04 1.5063155046e-04 1.8434953264e+01
-2.0696161765e-04 8.9637380098e-05 3.5861344508e+01
-2.1201356369e-04 9.0545290476e-05 3.5876926052e+01
-2.1663517132e-04 8.9192956204e-05 3.6001704817e+01
-2.2094354013e-04 8.5541236454e-05 3.6223900488e+01
-2.2560285521e-04 8.4253380590e-05 3.6329138407e+01
1.1046169259e-04 1.1860850407e-04 1.8696506546e+01
1.0327027355e-04 1.1236613211e-04 2.2758012665e+01
7.3544636924e-05 1.3584504109e-04 2.2366979370e+01
8.6935646133e-05 1.0856025096e-04 2.2284266522e+01
-1.2474284023e-04 7.3683048314e-06 5.1994828782e+01
3.4304446557e-04 6.8555708018e-05 1.2899189782e+01
-1.6232292185e-04 3.4250356114e-05 4.5195579943e+01
8.4370390197e-05 9.3662139816e-05 2.2411421791e+01
-1.7929337442e-04 9.0148033650e-05 3.5559935005e+01
1.4820515621e-04 3.4101688443e-05 2.1181992495e+01
-1.5268353340e-05 7.4516849389e-06 4.6949591570e+01
-1.9323909680e-04 5.3006065358e-05 4.0179993243e+01
-1.2848997904e-04 9.0431373011e-05 3.5330243765e+01
-1.2566152292e-04 9.0297751266e-05 3.5357161563e+01
2.8024531897e-04 5.7948446855e-05 1.5266012726e+01
1.0147445120e-04 1.2767930228e-04 1.9331900788e+01
8.2548229797e-05 8.5170158566e-05 2.2472319278e+01
1.0764004842e-04 9.8802021712e-05 2.2837971276e+01
-1.4834387496e-04 2.9147989492e-05 4.6869553647e+01
-2.2518430446e-04 3.4168624087e-05 4.0347415386e+01
-1.7150296323e-04 1.6552441337e-05 4.8247754176e+01
2.1591446693e-04 4.9403508213e-05 1.7069555147e+01
2.2658716476e-04 8.2056357158e-05 1.5627473353e+01
2.2253696588e-04 8.1022559768e-05 1.5823405700e+01
-2.0769565016e-04 1.5179873485e-05 4.5379896628e+01
-2.4419934083e-04 1.5614752022e-05 3.8473089719e+01
1.5304157248e-04 6.7150856739e-05 1.7940591221e+01
3.1683102363e-04 2.3868801544e-05 1.5646362361e+01
-2.9205923922e-04 1.0425561945e-05 1.7114599585e+01
-1.3412658345e-04 9.0719109884e-05 3.5284778489e+01
1.7543766944e-04 3.7720186389e-05 1.8501177084e+01
-2.0174796186e-04 6.3438455964e-05 3.8360268537e+01
-1.1998282035e-04 9.0050627952e-05 3.5419987730e+01
2.7208448424e-04 5.6487813662e-05 1.5499340881e+01
1.8712598979e-04 3.9400353031e-05 1.7866402509e+01
3.3020677054e-04 5.4751350642e-05 1.3936059600e+01
3.2685895127e-04 5.8048221717e-05 1.3957779653e+01
3.3355228070e-04 5.1422949985e-05 1.3907321940e+01
1.7874843472e-04 1.1438905375e-04 1.6978799618e+01
2.1462029401e-04 4.3393928155e-05 1.7206014159e+01
4.2360141193e-05 7.5573817553e-05 2.2291607037e+01
7.9781275557e-05 5.3164826051e-05 2.2602877592e+01
-1.9630945398e-04 3.4905679922e-05 4.3110155062e+01
-1.9315946180e-04 6.2713462697e-05 3.8696668124e+01
1.4190458539e-04 1.0468402326e-04 1.7113518416e+01
1.3833802199e-04 1.0340936615e-04 1.7108365401e+01
-7.3919678045e-05 4.3589677800e-05 4.5119239446e+01
-8.4192346259e-05 4.3607524011e-05 4.5152230398e+01
-9.4445634257e-05 4.3650340264e-05 4.5072555208e+01
2.9692143265e-04 4.2783025734e-05 1.5414892441e+01
2.4795946038e-04 9.4503545167e-05 1.4756129948e+01
3.4023765839e-04 4.4662408579e-05 1.3815112474e+01
7.9694585408e-05 3.4017549730e-05 2.2652707517e+01
9.0241200349e-05 3.4824060812e-05 2.2708645849e+01
1.3882096527e-04 4.0285505154e-05 2.2021507169e+01
1.6594266234e-04 4.4333463909e-05 1.8677896258e+01
2.4117230620e-04 1.0013261247e-04 1.4737162213e+01
-2.2506039000e-04 5.3576018827e-05 3.8419779727e+01
3.5103379850e-04 1.5272166978e-05 1.3520351279e+01
3.0771968157e-04 1.9425411705e-05 1.6448315803e+01
3.0608575413e-04 1.2549250734e-05 1.6982367877e+01
-1.3483215497e-04 3.8946381978e-05 4.5216696805e+01
1.2479618549e-04 1.5497578063e-04 1.7880641173e+01
-2.6481599226e-04 7.1779547453e-05 3.7513553171e+01
9.1625175776e-05 1.2289609140e-04 2.2809391360e+01
1.2067787105e-04 1.2638436867e-04 1.7147741498e+01
1.2402827163e-04 1.2785039889e-04 1.7182807363e+01
1.9884106662e-04 5.8569440467e-05 1.7092277209e+01
1.6562681888e-04 1.3121478949e-04 1.7052184670e+01
1.3788025382e-04 9.9984843443e-05 1.7090389240e+01
1.4920794411e-04 8.4352239209e-05 1.7114967843e+01
1.5286430587e-04 8.5390487918e-05 1.7100121355e+01
-2.7505165012e-04 1.1377160369e-05 2.4460979075e+01
1.4304284335e-04 8.8851824283e-05 1.7083023185e+01
-1.7454882247e-04 2.6128985486e-05 4.6221286623e+01
-1.8890821858e-04 4.9035265016e-05 4.1043456411e+01
-2.1280347685e-04 4.8496818888e-05 3.9788039457e+01
-3.2364014734e-04 1.6996680201e-05 1.7077629887e+01
-2.9265001450e-04 2.1051164689e-05 1.7115596153e+01
-2.8387532183e-04 4.3023583492e-05 2.4498927626e+01
-3.1628130011e-04 2.4419327738e-05 1.7113062833e+01
-2.9807578428e-04 3.8412589783e-05 1.7224281172e+01
2.3523987778e-04 1.4623888444e-04 1.3474197428e+01
2.3890799887e-04 1.4363016571e-04 1.3503115368e+01
1.1491580476e-04 1.5405599201e-04 1.8522051279e+01
1.4163194005e-04 1.5589649226e-04 1.7340004141e+01
1.4839253497e-04 1.5576166517e-04 1.7417285894e+01
1.5190783428e-04 1.5399603653e-04 1.7404522037e+01
-1.6097057314e-04 1.0513614864e-04 3.4313779352e+01
2.8993281666e-04 1.2248121578e-04 1.2919323633e+01
2.9345232801e-04 1.1974901296e-04 1.2915191838e+01
1.5539676187e-04 1.5562812936e-04 1.7405342927e+01
1.6266426431e-04 1.5544065854e-04 1.7214049327e+01
-3.3855117901e-04 4.0489632815e-05 1.4020787093e+01
-3.1717736833e-04 4.8981464411e-05 1.7898659291e+01
2.6482391780e-04 1.3537291983e-04 1.3156544688e+01
2.6828338425e-04 1.3248609433e-04 1.3180279267e+01
-2.5108286842e-04 7.6789495082e-05 3.7326074183e+01
-1.1577145758e-04 1.1429488350e-04 3.3152066823e+01
1.9357869471e-04 1.5622999532e-04 1.3923580943e+01
2.0126079394e-04 1.5537018470e-04 1.3807994139e+01
2.0525939246e-04 1.5632598107e-04 1.3656909265e+01
1.6287670385e-04 1.5947680168e-04 1.7210097172e+01
-2.5573080204e-04 7.6024859489e-05 3.7466424761e+01
-1.7107410412e-04 1.0419077309e-04 3.4543509699e+01
3.2144717236e-04 1.0303754561e-04 1.2554059202e+01
3.4455398227e-04 8.0738558249e-05 1.2389925442e+01
-1.2562908814e-04 1.1282538681e-04 3.3373897004e+01
6.1228503808e-05 1.4018127264e-04 1.6546910285e+01
6.5922327427e-05 1.4546920937e-04 2.1866136757e+01
1.9749081628e-04 1.5789054002e-04 1.3726458063e+01
-3.0680922249e-04 5.3690400716e-05 2.7946034937e+01
-3.0242238694e-04 5.3149832984e-05 2.7516224930e+01
3.8090606354e-04 8.4069858413e-06 6.8425413154e+00
3.6926228501e-04 8.0988422483e-06 8.9995099876e+00
3.4961922497e-04 7.6294454121e-06 1.3788252284e+01
3.0069401795e-04 6.3031630578e-06 1.7492236661e+01
2.7695292005e-04 5.9524965909e-06 1.9928576066e+01
1.2937478234e-04 3.1686185001e-06 2.2061479146e+01
1.0571154864e-04 3.1621028583e-06 2.2855051438e+01
9.7843735890e-05 3.1565760158e-06 2.3443047462e+01
7.4207705558e-05 3.1381676122e-06 2.6851196762e+01
6.6333536225e-05 3.1258880968e-06 2.8499862334e+01
-2.9297732658e-04 6.2089557070e-05 3.7345858139e+01
-2.4677430661e-04 8.0425263073e-05 3.7186911349e+01
1.5003287420e-05 3.0387230517e-06 4.1519156093e+01
7.0862133291e-06 3.0268072016e-06 4.3361019065e+01
3.5354679427e-04 7.8867271514e-06 1.2793546675e+01
-4.8405598176e-05 2.9697576391e-06 5.1621590092e+01
-5.6337081027e-05 2.9650961948e-06 5.2160108947e+01
-8.0129994321e-05 2.9549120958e-06 5.3062914596e+01
-8.8059785804e-05 2.9525623977e-06 5.3168934358e+01
-1.1184360536e-04 2.9479164456e-06 5.3048768488e+01
-1.1976932057e-04 2.9470498494e-06 5.2887590010e+01
-1.4749850184e-04 2.9463646725e-06 5.1925297036e+01
1.8990335310e-04 1.5885896433e-04 1.3820238100e+01
3.1128556169e-04 1.1204939406e-04 1.2585245926e+01
3.0400474444e-04 1.1456415835e-04 1.2756547418e+01
3.0071404912e-04 1.1804262170e-04 1.2728990479e+01
3.8050959713e-04 4.2449188524e-06 4.8504488246e+00
3.8466821412e-04 8.6913528284e-06 6.6378265102e+00
3.6871465652e-04 3.9796502123e-06 8.0843719330e+00
3.2506909120e-04 6.8205436814e-06 1.7112563027e+01
-3.2792559239e-04 4.4111983181e-05 1.7113163476e+01
-3.2357062585e-04 4.0248876555e-05 1.7186358208e+01
3.1698128448e-04 6.4099116643e-06 1.7052639262e+01
-3.1138421059e-04 3.9563536711e-05 1.7310384402e+01
3.0036897399e-04 3.0861834840e-06 1.7831299937e+01
-2.6257632776e-04 4.8832277669e-05 3.4017108075e+01
-2.6502706290e-04 4.9457223869e-05 3.3658321276e+01
2.7648319402e-04 2.9469596001e-06 2.0541673564e+01
2.8098381809e-04 6.0760609065e-06 1.8941834810e+01
2.8445491925e-04 3.1562488578e-06 1.8287179497e+01
2.8486036172e-04 6.2510232499e-06 1.8047268766e+01
-2.6178911270e-04 2.9229575767e-05 3.1709844500e+01
-3.3036582536e-04 4.6217099367e-05 1.6082201165e+01
-3.2474443629e-04 4.8124996216e-05 1.7113315103e+01
-3.2060803916e-04 4.8292830983e-05 1.7236366638e+01
-2.4019678974e-04 2.9460088518e-05 3.8230251936e+01
-2.2171456848e-04 4.9210757963e-05 3.9063656685e+01
3.5680492737e-04 4.1163038683e-06 1.1540760626e+01
-1.8266560941e-04 4.8777549045e-05 4.1371170389e+01
-1.8422844266e-04 2.4604505285e-05 4.5896002000e+01
-1.4397754766e-04 5.8412805914e-05 4.0746682188e+01
-1.5664937558e-04 2.5978597211e-05 4.7180026538e+01
-1.2503234556e-04 5.7945928665e-05 4.1323716463e+01
-1.1542898496e-04 5.7766637682e-05 4.1595402823e+01
3.8829374135e-04 4.3404064280e-06 2.8434375795e+00
3.8876554725e-04 9.1688450448e-06 7.3672930898e+00
2.8836459431e-04 3.2725340684e-06 1.7569892036e+01
1.9730252760e-04 1.5385937252e-04 1.3985573380e+01
-3.1090451322e-04 5.4598801607e-05 3.0489838336e+01
-3.8482010402e-05 3.0584702572e-05 4.5853305490e+01
-2.0530477871e-05 3.0758484117e-05 4.3595894904e+01
-6.2512173892e-06 3.0972986963e-05 4.0966920992e+01
-2.4677294951e-04 1.2381320340e-05 3.8024193618e+01
-7.9732077316e-05 8.9008663948e-05 3.6257030605e+01
1.2180304953e-04 1.0389790023e-04 1.8180908192e+01
1.0104894204e-04 3.5800557571e-05 2.2770242392e+01
1.3107596429e-04 3.9245217472e-05 2.3008106737e+01
1.5820874406e-04 4.3117395332e-05 1.9441489360e+01
1.8918268137e-04 4.8101480315e-05 1.7313995416e+01
2.8896562727e-04 1.1495583473e-04 1.3259087033e+01
2.8117594167e-04 1.1318689151e-04 1.3558544617e+01
5.1197365098e-05 1.3127777561e-04 3.1528191762e+01
2.6045117410e-04 1.0107667480e-04 1.4389522687e+01
-1.0688749809e-05 2.6045249173e-05 4.2754650704e+01
2.5593043801e-04 9.6364888962e-05 1.4581559920e+01
1.1020091013e-05 2.6379554984e-05 3.7782593535e+01
-1.4813566122e-04 7.3798279866e-06 5.1145780538e+01
-9.7391622331e-05 7.3631792147e-06 5.2431408368e+01
-8.9573229320e-05 7.3639816775e-06 5.2421297251e+01
-7.3930364393e-05 7.3690693014e-06 5.2168358255e+01
-6.6105160420e-05 7.3740399917e-06 5.1903623533e+01
4.8657918619e-05 1.2255736241e-04 2.7676009462e+01
-4.2640484835e-05 7.3981915105e-06 5.0404672556e+01
-3.4817381999e-05 7.4103013038e-06 4.9624580455e+01
1.2033408563e-05 7.5374461700e-06 4.1401236550e+01
1.0610923593e-04 2.9839445533e-05 2.2802433111e+01
1.9822837558e-05 7.5677821765e-06 3.9483024481e+01
2.6210972838e-04 8.6816262789e-05 1.4716703127e+01
4.3095840476e-05 7.6667813580e-06 3.3331002929e+01
3.8121175315e-04 1.2697445398e-05 8.5630097853e+00
3.4890416875e-04 3.7455178088e-06 1.3974016231e+01
5.3429758983e-05 1.2764193168e-04 2.8076635967e+01
7.0073507181e-05 7.7861897630e-06 2.6795877338e+01
9.3079226195e-05 7.8576912436e-06 2.3389957888e+01
2.3419974639e-04 1.3508205101e-04 1.3965941306e+01
3.5672157817e-04 6.3410457850e-05 1.2347861558e+01
1.5599242080e-04 3.5080762353e-05 2.0244279755e+01
-2.1465806418e-04 5.8602795891e-05 3.8485596985e+01
3.5325345222e-04 6.2575174736e-05 1.2568154544e+01
1.2391416112e-04 7.9123661960e-06 2.2620030469e+01
2.3038670647e-04 1.0465806941e-04 1.4829275709e+01
-1.3975794678e-04 6.7569804234e-05 3.9022240905e+01
1.5137738983e-04 8.2920165356e-06 2.2047392513e+01
3.7319174974e-04 8.1195939128e-06 8.1405752530e+00
2.8296932527e-04 7.2872915887e-05 1.4725030400e+01
3.6617316249e-04 4.8642893136e-05 1.2167870245e+01
-1.1208463318e-04 7.6162260654e-05 3.7898851979e+01
2.1723111461e-04 9.3881204121e-05 1.5503856120e+01
3.3689971609e-04 4.8060044011e-05 1.3868402745e+01
3.3222713515e-05 1.0359560853e-04 2.7627153704e+01
2.8613122272e-05 1.0456865842e-04 3.0667826271e+01
3.0204557591e-04 9.8949634608e-05 1.3433673840e+01
2.9816557647e-04 9.8131642666e-05 1.3584674967e+01
3.4508460965e-05 4.8251039609e-05 2.4220086054e+01
1.3878329139e-04 1.0687865790e-04 1.7117149172e+01
1.9780328751e-04 9.1911214790e-05 1.6824488641e+01
1.9848128435e-04 9.5664929058e-05 1.6570375911e+01
1.9912680870e-04 9.9427886577e-05 1.6189817171e+01
-2.8049398345e-04 5.7461381870e-05 3.3995763119e+01
2.6396725097e-04 1.2780461294e-04 1.3497113545e+01
-1.4175733378e-04 7.1442219326e-05 3.8262783095e+01
-1.2995070948e-04 7.6734864077e-05 3.7490577994e+01
2.1066961632e-04 4.2832242875e-05 1.7251807810e+01
-1.4279097915e-04 6.7680772518e-05 3.8942209037e+01
3.6263276784e-04 4.7981882674e-05 1.2408628221e+01
3.6678233958e-04 5.3328789513e-05 1.2026632258e+01
-1.4259562714e-04 8.5168221990e-05 3.6022535053e+01
2.0672331513e-04 1.0566862063e-05 2.0007303763e+01
3.5287447353e-04 5.8432763037e-05 1.2719203893e+01
3.0591253824e-04 9.9769677794e-05 1.3274495539e+01
-3.7826276544e-04 3.9673310169e-06 1.0950645533e+01
2.1462788712e-04 1.1026328022e-05 1.9922057892e+01
-3.7432237192e-04 3.8100396442e-06 1.4241119666e+01
-3.6850580871e-04 7.2924809080e-06 1.4864103295e+01
-3.6446667993e-04 6.8878442121e-06 1.6084106013e+01
-3.6267557301e-04 1.0505797044e-05 1.5191267927e+01
-3.6043416261e-04 6.5795021524e-06 1.7611539275e+01
-3.5686322982e-04 1.3494870943e-05 1.5489615788e+01
8.0984372050e-05 1.0894443398e-04 2.2029469861e+01
3.3578743669e-04 4.0345986573e-05 1.4176546694e+01
-3.8290429103e-04 9.3012854617e-06 8.2378760953e+00
3.6300799253e-04 5.6616237179e-05 1.2177709747e+01
9.8259046361e-05 1.4982758765e-04 1.9388367180e+01
1.0157219373e-04 1.5473314191e-04 1.8918325012e+01
1.0709032056e-04 1.1715542093e-04 2.0040255379e+01
3.0646924297e-04 5.1351187947e-05 1.4835037079e+01
1.1160497779e-04 5.8513538955e-05 2.2843661827e+01
-1.0261881290e-04 1.1383735774e-04 3.2939834916e+01
1.6269661804e-04 1.5180708269e-04 1.7169681733e+01
3.0828397322e-04 8.8872122036e-05 1.3581322870e+01
1.2146767188e-04 1.5023910014e-04 1.7782170917e+01
-2.8512247083e-04 3.8396369852e-05 2.0626806567e+01
1.9974072055e-04 1.0320136806e-04 1.6028218339e+01
2.3446957264e-04 1.2279732350e-05 1.9880130420e+01
1.9705626871e-04 1.5007812275e-04 1.4195236868e+01
1.9311867941e-04 1.4877728739e-04 1.4360396856e+01
3.2455587672e-04 9.9987357455e-05 1.2549030923e+01
-1.4681548339e-04 1.0803533484e-04 3.3930794905e+01
-1.8461439379e-04 9.0761081963e-05 3.5555841366e+01
-2.3429592622e-04 7.2417849486e-05 3.6989452401e+01
-1.8974965972e-04 8.0776379437e-05 3.6488977626e+01
6.1888768749e-05 1.3721863660e-04 1.7321816179e+01
-1.4777555633e-04 1.0397999197e-04 3.4143033993e+01
9.1611081010e-05 1.5000257683e-04 1.9596860363e+01
8.4866636073e-05 1.4988056478e-04 1.9804251067e+01
3.2079586885e-04 9.9127902069e-05 1.2739777780e+01
-3.6480081740e-04 1.9940598706e-05 1.1868840526e+01
-3.6172723406e-04 2.4304160678e-05 1.1670773396e+01
-3.5598831340e-04 2.7282262428e-05 1.2288458921e+01
-3.5848305860e-04 2.8634063328e-05 1.1614208342e+01
-3.5286546448e-04 3.1431147615e-05 1.2236980193e+01
-3.6489140874e-04 2.5295457524e-05 1.0946341387e+01
-3.6003855415e-04 3.0934376334e-05 1.1080028316e+01
-3.4728030179e-04 3.4153597052e-05 1.2994129915e+01
-3.5043268374e-04 3.5274723996e-05 1.2157463903e+01
-3.4444645370e-04 3.8673894772e-05 1.2838762856e+01
9.8366524352e-05 1.4648619485e-04 1.9498675708e+01
-3.7332697820e-04 1.7380944766e-05 1.0419378996e+01
1.3798648784e-04 6.3831968579e-05 2.0349980579e+01
2.9614748419e-04 3.9122550070e-05 1.5591450038e+01
2.9946985000e-04 3.6033186602e-05 1.5619591500e+01
-1.6555908205e-04 1.0352859762e-04 3.4469934511e+01
-3.4747395400e-04 2.8592008649e-05 1.4122571349e+01
2.4246144279e-04 1.2810286699e-05 1.9904123904e+01
3.2350918299e-04 6.1315340009e-05 1.3974365651e+01
3.2403703289e-04 6.5193700417e-05 1.3827983536e+01
1.2148074335e-04 1.5358597761e-04 1.8052407938e+01
1.1502166820e-04 1.5812179739e-04 1.8440409966e+01
1.9236620846e-04 1.0450943697e-04 1.6654654258e+01
1.9294218089e-04 1.0828695153e-04 1.6209659613e+01
1.9004103960e-04 1.1457935516e-04 1.6165305552e+01
-7.0561345115e-05 1.0899807928e-04 3.3330262165e+01
-1.8443504552e-04 9.9320343738e-05 3.5007716317e+01
3.0154421364e-04 9.5064660320e-05 1.3585398874e+01
2.2325312228e-04 8.4760977236e-05 1.5636267134e+01
2.1991472427e-04 8.7449185370e-05 1.5654138390e+01
2.1587938064e-04 8.6370400036e-05 1.5875592011e+01
2.1516021981e-04 8.2631274827e-05 1.6112682270e+01
2.1657005174e-04 9.0120577385e-05 1.5679318657e+01
-2.7574432336e-04 5.8034419243e-05 3.4543897895e+01
3.7854196986e-04 2.9687464526e-05 1.1321010876e+01
3.8497541970e-04 1.8211905419e-05 1.0069547828e+01
3.7518221951e-04 2.9106756694e-05 1.1489384729e+01
3.7538177827e-04 3.3386977410e-05 1.1619385440e+01
3.7196348023e-04 3.2841760162e-05 1.1828604648e+01
3.7588327079e-04 3.7821771071e-05 1.1633685767e+01
-2.4300517293e-04 2.5952158718e-05 3.7844552752e+01
3.2981198928e-04 8.1663054576e-05 1.3031902343e+01
-2.8859192378e-04 6.1985077375e-05 3.6530984560e+01
-2.0588788051e-04 4.4265788146e-05 4.0859691833e+01
-2.7433055358e-04 4.0050891336e-05 2.8062502945e+01
3.0610453846e-04 2.9789096810e-05 1.5687955374e+01
-1.2440414687e-04 1.0447177921e-04 3.3784119742e+01
-2.6992482265e-04 6.6133992905e-05 3.6789158091e+01
-2.7846991556e-04 6.7817163268e-05 3.7812388373e+01
-2.7088946447e-04 7.2351153296e-05 3.8112115658e+01
-2.6100030681e-04 6.2830813516e-05 3.6305745594e+01
-2.5822344199e-04 3.9082095104e-05 3.3714836085e+01
-2.9788378567e-04 5.2929614335e-05 2.8146395185e+01
7.0001422084e-05 1.1250685557e-04 2.1335432066e+01
-3.4179743178e-04 3.6574453081e-05 1.3952653983e+01
-6.1983990298e-05 5.2133955676e-05 4.3290599999e+01
1.5552552373e-04 1.0275625506e-04 1.7091548793e+01
-2.3404976335e-04 6.7831287154e-05 3.7180218923e+01
-3.3320236524e-04 3.1799240576e-05 1.6977895189e+01
3.2029575428e-04 9.5174731907e-05 1.2915138120e+01
-2.4399440742e-04 3.9351740820e-05 3.6980007095e+01
-2.4688795672e-04 3.9665436239e-05 3.6421726377e+01
-2.7449175125e-04 6.5549806160e-05 3.6836675390e+01
-9.7859187323e-05 9.5274963800e-05 3.4841555143e+01
-2.5578257628e-04 7.1030647111e-05 3.7111533898e+01
-2.0172780048e-04 7.5861059536e-05 3.6938947945e+01
3.4636015646e-04 3.3856625820e-05 1.3764070080e+01
8.3719763635e-05 1.0723988743e-04 2.2176419647e+01
2.2584088051e-04 9.9815841086e-05 1.5049591005e+01
2.3396716239e-04 8.0329850319e-05 1.5462545064e+01
-1.3456034533e-04 5.8161707485e-05 4.1039139129e+01
-1.3772093897e-04 5.8241966081e-05 4.0942063445e+01
1.2697426734e-04 1.2234313721e-04 1.7165128988e+01
3.4185838383e-04 8.8301321358e-05 1.2234734797e+01
3.4874679666e-04 8.1717456432e-05 1.2144895091e+01
3.4820008737e-04 7.7385929276e-05 1.2330027072e+01
1.4382918045e-04 1.2247470696e-04 1.7159646067e+01
1.0173743534e-04 1.4128845863e-04 1.9171544754e+01
2.8458269618e-04 4.0950585213e-05 1.5864558675e+01
2.3800963496e-04 8.1306566200e-05 1.5321757651e+01
-3.2543620375e-04 3.2217524272e-05 1.7093644179e+01
2.5609219228e-04 1.2589078823e-04 1.3771971059e+01
2.5167788631e-04 1.2110464560e-04 1.4028585396e+01
2.4820841151e-04 1.2393631389e-04 1.4018575839e+01
3.3775304661e-04 7.1376132991e-06 1.6000200876e+01
3.3346636449e-04 7.0885144226e-06 1.6511990836e+01
3.3250685480e-04 3.5456301967e-06 1.6957332400e+01
3.3829033039e-04 1.0951827019e-05 1.5559217384e+01
3.3495093851e-04 1.4533708189e-05 1.5489449033e+01
3.4170708611e-04 7.2938348700e-06 1.5524298492e+01
3.3127140886e-04 9.3742792095e-05 1.2509638888e+01
3.3502776826e-04 9.1117358543e-05 1.2444609187e+01
1.2143581906e-04 1.4688225572e-04 1.7319010306e+01
-3.6217079297e-04 3.3290723268e-06 2.0188519532e+01
-3.5648627901e-04 6.3041085823e-06 1.8226668643e+01
2.9626929010e-04 1.1281859688e-04 1.3103660917e+01
2.9767682645e-04 6.8226368178e-05 1.4531821608e+01
3.1624880365e-04 6.3920334277e-05 1.4137856864e+01
3.1288925281e-04 6.7111318042e-05 1.4142760086e+01
3.1679862847e-04 6.7768493541e-05 1.3996515591e+01
3.1343999553e-04 7.0956497151e-05 1.4003219718e+01
3.1733131178e-04 7.1636460863e-05 1.3853378204e+01
2.9765510250e-04 9.4262034071e-05 1.3730105672e+01
2.7911094152e-04 1.2761471331e-04 1.3055749678e+01
2.8244089678e-04 1.2890040646e-04 1.2890671854e+01
2.7566599518e-04 1.3052890130e-04 1.3038039456e+01
3.4778233390e-04 1.8866943248e-05 1.3959488794e+01
-1.5146978547e-04 1.0009093412e-04 3.4452792213e+01
3.2094190091e-04 2.4260316022e-05 1.5489076443e+01
2.8969399130e-04 6.6824959090e-05 1.4763701856e+01
1.7680606167e-04 1.3183587874e-04 1.7017118995e+01
1.7347788561e-04 1.3790205584e-04 1.7102980052e+01
-2.3864232094e-04 4.8972055805e-05 3.7534690910e+01
-2.3326651402e-04 5.2469889206e-05 3.7898559129e+01
4.8280311014e-05 8.5634180718e-05 2.2136296551e+01
-2.6640917878e-04 5.7141333487e-05 3.5062823599e+01
2.2060223419e-04 1.1661321995e-04 1.4755665760e+01
2.1713662803e-04 1.1929523998e-04 1.4769920894e+01
2.1319945557e-04 1.1814843395e-04 1.4900176109e+01
2.1365721677e-04 1.2195636144e-04 1.4787354193e+01
2.1758963322e-04 1.2310339680e-04 1.4663786937e+01
2.0623759427e-04 1.2339982909e-04 1.4962791352e+01
2.0665157823e-04 1.2721073199e-04 1.4831865215e+01
2.0273224433e-04 1.2598903186e-04 1.5003455879e+01
2.1057305055e-04 1.2840596972e-04 1.4687584355e+01
2.0312145227e-04 1.2980062870e-04 1.4859451337e+01
2.0231304345e-04 1.2217923536e-04 1.5149766053e+01
2.2152377039e-04 1.2422770868e-04 1.4550764109e+01
2.1801985516e-04 1.2691224507e-04 1.4555321618e+01
2.2195303505e-04 1.2803556417e-04 1.4442355591e+01
2.2546019048e-04 1.2533021232e-04 1.4442765680e+01
2.2939939600e-04 1.2641182802e-04 1.4335718431e+01
2.2895273296e-04 1.2260451837e-04 1.4443138100e+01
2.2983056072e-04 1.3021802566e-04 1.4218927830e+01
2.2630389731e-04 1.3294180769e-04 1.4209708322e+01
2.0186211783e-04 1.1837254057e-04 1.5301160474e+01
1.2805107380e-04 1.4649948112e-04 1.7177917295e+01
1.1781786523e-04 9.9351983953e-05 2.0347390616e+01
-1.3974574342e-04 8.5013038107e-05 3.6055650905e+01
2.5277831558e-04 7.7545968664e-05 1.5135847143e+01
-3.1953888784e-04 1.8704271146e-06 1.7154902366e+01
3.2048383070e-04 3.2339776468e-06 1.7242634780e+01
3.1302051206e-04 6.1752731262e-06 1.7185419976e+01
3.2104213133e-04 6.5851558229e-06 1.6975028541e+01
-2.5108854900e-04 7.1993049647e-05 3.7123511139e+01
-2.4874273659e-04 7.1306319427e-05 3.7085948327e+01
2.7540849444e-04 3.6031354154e-05 1.6736118401e+01
2.7628310958e-04 3.9642348960e-05 1.6046294997e+01
2.7211716529e-04 3.8954283131e-05 1.6522781226e+01
2.5396330154e-04 1.4015654486e-04 1.3255188520e+01
2.4642434585e-04 1.4189135844e-04 1.3383958665e+01
2.4250785411e-04 1.4092797694e-04 1.3531308127e+01
2.4261668218e-04 1.4442222967e-04 1.3367500708e+01
2.5745960590e-04 1.3732546181e-04 1.3284130047e+01
2.4210018350e-04 1.3715214131e-04 1.3700250684e+01
2.1991348713e-04 1.4590643639e-04 1.3866861760e+01
2.1629061730e-04 1.4855351704e-04 1.3828774022e+01
2.1232509665e-04 1.4740137712e-04 1.3974827336e+01
2.1264225670e-04 1.5117400243e-04 1.3782424458e+01
2.1262162007e-04 1.5503509693e-04 1.3565089957e+01
2.0837131201e-04 1.4622362813e-04 1.4117191471e+01
2.2029181108e-04 1.4957693794e-04 1.3682717262e+01
2.2469306414e-04 1.5118441380e-04 1.3490889488e+01
-1.7476010905e-04 4.4872160928e-05 4.2461354960e+01
2.2848815843e-04 1.1879757017e-04 1.4543878095e+01
2.5324528478e-04 2.4820929387e-05 1.8346408041e+01
2.4653239961e-04 2.9962177562e-05 1.7853978063e+01
2.4251083877e-04 2.9571036739e-05 1.8017041488e+01
2.5054363121e-04 3.0332105619e-05 1.7693309309e+01
2.4182188355e-04 2.6654108930e-05 1.8338753564e+01
2.3848372393e-04 2.9161318249e-05 1.8090775915e+01
2.3779134852e-04 2.6257238464e-05 1.8350560473e+01
2.3446149105e-04 2.8738960822e-05 1.8115055982e+01
2.3044876263e-04 2.8308017344e-05 1.8136772849e+01
3.4119951219e-04 2.5902554944e-05 1.4377669094e+01
-2.0204735118e-04 2.4824352754e-05 4.4398383347e+01
-2.1465782174e-04 2.1706074991e-05 4.3497519954e+01
-1.8931702350e-04 8.9205848624e-05 3.5719078868e+01
1.6344274387e-04 8.5204563965e-05 1.7099291948e+01
-2.3490706411e-04 8.1817103858e-05 3.6560613890e+01
-1.8862367910e-04 7.6494167955e-05 3.6965948668e+01
1.4866792922e-04 8.1094690792e-05 1.7012889658e+01
-3.4727327605e-04 1.5423711591e-05 1.7134818927e+01
-2.3050806578e-04 8.5205208586e-05 3.6336850235e+01
-2.0577271778e-04 1.2044291463e-05 4.6089069104e+01
-1.9758633788e-04 1.6691312642e-05 4.6217839246e+01
2.5947344358e-04 7.1821202765e-05 1.5196214657e+01
1.7016341373e-04 1.5137332468e-04 1.6968919464e+01
1.7017667802e-04 1.5511114087e-04 1.6823801641e+01
1.7398094408e-04 1.5664951227e-04 1.4705405167e+01
1.7012113169e-04 1.5884283517e-04 1.6215917759e+01
2.2111178194e-04 2.1831204417e-05 1.8661481984e+01
2.1450632776e-04 2.6550940090e-05 1.8249682940e+01
2.1054667244e-04 2.6113037305e-05 1.8311971400e+01
2.1518531508e-04 2.9363401744e-05 1.8026583206e+01
2.0659476128e-04 2.5678491547e-05 1.8382899927e+01
2.0265195986e-04 2.5248240376e-05 1.8472675452e+01
2.2177833170e-04 2.4610253332e-05 1.8406259752e+01
2.2576362481e-04 2.5025455754e-05 1.8379676520e+01
2.2314110053e-04 3.0291774399e-05 1.7959536505e+01
2.2976092354e-04 2.5440109918e-05 1.8361830970e+01
1.6558244868e-04 5.8185003263e-05 1.7693952227e+01
1.6177824657e-04 5.7444011536e-05 1.8036156734e+01
-1.6146927719e-04 8.4379978874e-05 3.6095235884e+01
2.0113533870e-04 8.9346252663e-05 1.6768421235e+01
-1.8906437170e-04 1.5082016683e-05 4.7254113409e+01
1.4270519698e-04 5.3825339300e-05 2.0489882488e+01
1.4653041728e-04 5.4531869323e-05 1.9899993503e+01
1.5345735826e-04 5.3077030645e-05 1.9181609233e+01
3.3301136596e-04 4.7554823313e-05 1.4058735847e+01
1.2209847427e-04 7.1338372566e-05 2.2867979939e+01
1.2355984167e-04 7.7329205681e-05 2.1936640468e+01
1.1983362639e-04 7.6360490914e-05 2.2967807075e+01
1.2055706750e-04 7.9385480513e-05 2.2569781430e+01
1.1611616657e-04 7.5410469701e-05 2.2852024036e+01
1.0951890185e-04 7.6480548665e-05 2.2839212022e+01
1.0591494367e-04 7.5563596904e-05 2.2808236902e+01
1.0162865588e-04 7.1867344778e-05 2.2763174623e+01
9.8098296246e-05 7.1044965769e-05 2.2726979451e+01
9.1864425409e-05 7.2159822642e-05 2.2657672739e+01
8.8439830963e-05 7.1373771789e-05 2.2622707258e+01
8.5048410672e-05 7.0614277037e-05 2.2587326661e+01
8.4320224230e-05 6.8009558221e-05 2.2589945702e+01
8.0957073497e-05 6.7314034687e-05 2.2559394029e+01
7.4321365103e-05 6.5998455130e-05 2.2506059934e+01
7.1794150830e-05 6.7839157424e-05 2.2474478974e+01
6.5340581463e-05 6.6601494686e-05 2.2435530873e+01
6.2151035006e-05 6.6024412406e-05 2.2421737645e+01
6.1381427887e-05 6.3665318673e-05 2.2434299689e+01
5.8209090028e-05 6.3142350058e-05 2.2424057364e+01
5.1931073828e-05 6.2168485936e-05 2.2410953318e+01
4.8823512479e-05 6.1716062248e-05 2.2408448493e+01
4.3489491750e-05 6.3057106743e-05 2.2397414047e+01
3.7421658746e-05 6.2252110616e-05 2.2409149200e+01
3.4410279636e-05 6.1886562331e-05 2.2415765559e+01
2.4533554463e-05 5.8886590833e-05 2.5598123530e+01
1.5334732079e-05 5.8116911385e-05 2.9994632247e+01
1.2227870369e-05 5.7888476876e-05 3.1275605592e+01
5.9621406651e-06 5.7473111967e-05 3.3572382849e+01
2.8061438684e-06 5.7285029053e-05 3.4591950213e+01
-2.3694516020e-06 5.8827187337e-05 3.5905430868e+01
-6.7399597456e-06 5.6795840779e-05 3.7172405873e+01
-1.1903366841e-05 5.8376109961e-05 3.8107406674e+01
-1.5100172779e-05 5.8246881046e-05 3.8704876670e+01
-2.1518303272e-05 5.8025581614e-05 3.9720024522e+01
-2.4737082905e-05 5.7926945929e-05 4.0146182817e+01
-2.7961933646e-05 5.7839091865e-05 4.0523035329e+01
-3.4426582566e-05 5.7690311418e-05 4.1143423189e+01
-3.7665037600e-05 5.7627554320e-05 4.1394013255e+01
-4.4151631984e-05 5.7525239345e-05 4.1791361709e+01
1.2426759572e-04 8.0403720193e-05 2.1412707334e+01
-4.7398658352e-05 5.7483975546e-05 4.1944092925e+01
2.0521900757e-05 5.6636514566e-05 2.7994022332e+01
2.9680335524e-05 5.7432602613e-05 2.3094109613e+01
1.1170640437e-04 7.1596670379e-05 2.2853624003e+01
3.8771735286e-05 5.8376178240e-05 2.2408773210e+01
9.3873312712e-05 6.7564407896e-05 2.2688369187e+01
6.7034543361e-05 6.2390489718e-05 2.2474669018e+01
7.9107316887e-05 7.1747359104e-05 2.2519197358e+01
1.0307753817e-04 7.7532111274e-05 2.2778766738e+01
-4.7168620615e-05 5.3976772555e-05 4.2495464422e+01
1.2959112530e-04 7.3159402284e-05 2.1007669058e+01
1.3028958905e-04 7.6208255227e-05 2.0506191469e+01
1.3401007067e-04 7.7176048398e-05 1.9610111673e+01
1.3426553366e-04 4.9713932245e-05 2.2113716170e+01
1.3502363723e-04 5.2445124573e-05 2.1792629707e+01
1.9019504866e-04 2.1411605702e-05 1.9135946944e+01
1.8760664772e-04 2.6195936784e-05 1.8792583645e+01
1.8234410529e-04 2.0679100906e-05 1.9520424829e+01
1.7977024503e-04 2.5348473372e-05 1.9217357943e+01
1.7585277015e-04 2.4937986650e-05 1.9467289045e+01
1.9412339542e-04 2.1790356860e-05 1.8974856271e+01
1.9478310968e-04 2.4404938175e-05 1.8719261678e+01
1.9871471102e-04 2.4823413936e-05 1.8586679970e+01
2.0134125081e-04 1.9946204647e-05 1.8998849369e+01
2.0528190890e-04 2.0312387624e-05 1.8892151120e+01
2.8816487943e-04 8.1195955583e-05 1.4372772823e+01
2.8478625442e-04 8.4217666884e-05 1.4361325948e+01
2.3777816893e-04 4.3551850913e-05 1.7090777322e+01
2.4248921963e-04 4.7417490398e-05 1.7048713165e+01
2.3918291367e-04 5.0118141578e-05 1.7019670598e+01
2.3514102806e-04 4.9403016359e-05 1.7084820151e+01
2.3588185666e-04 5.2817708672e-05 1.7006309203e+01
2.3996180743e-04 5.3622376863e-05 1.7094138939e+01
2.4078759244e-04 5.7243148258e-05 1.6549766399e+01
2.3112882756e-04 4.8733479637e-05 1.7092234232e+01
2.4407538799e-04 5.4470530621e-05 1.6567075126e+01
2.4491591065e-04 5.8136294621e-05 1.6035302410e+01
2.4161903493e-04 6.0917537916e-05 1.5978882255e+01
2.4573103451e-04 6.1814052633e-05 1.5918302130e+01
2.4903621975e-04 5.9009946962e-05 1.5970048898e+01
2.4580185165e-04 4.4718393300e-05 1.7082668329e+01
2.4655654958e-04 4.8131282143e-05 1.7020037993e+01
1.1598828812e-04 4.9280828572e-05 2.2863931617e+01
1.1974237841e-04 4.9877099844e-05 2.2885325245e+01
1.2656346773e-04 4.8463394687e-05 2.2916202533e+01
1.0856314333e-04 4.8144598023e-05 2.2816660387e+01
2.0876911721e-04 1.1317561573e-04 1.5182668469e+01
1.6595800832e-04 1.7021566219e-05 2.0814666334e+01
1.5947789142e-04 2.1026654611e-05 2.0976538629e+01
1.5555073286e-04 2.0706345858e-05 2.1348439354e+01
1.5162123937e-04 2.0400478473e-05 2.1726499314e+01
1.4769440315e-04 2.0109813544e-05 2.2116177513e+01
1.6664007453e-04 1.9328918612e-05 2.0562469636e+01
1.7056756309e-04 1.9650518169e-05 2.0267604947e+01
1.7449461267e-04 1.9983220364e-05 1.9995753885e+01
1.7382404388e-04 1.7603197316e-05 2.0262886690e+01
-2.2928733991e-04 4.0033832952e-05 3.9193336864e+01
-2.1221759803e-04 3.3632885812e-05 4.1940795296e+01
-1.4230401159e-04 2.5875259358e-05 4.7793246829e+01
-1.3869941436e-04 2.5854282462e-05 4.7927641492e+01
-1.3507612267e-04 2.5835103576e-05 4.8054956787e+01
2.0808778832e-04 6.6957143798e-05 1.7045161565e+01
-1.5282609424e-04 1.6487654315e-05 4.9256215947e+01
-1.5658109989e-04 1.6497859920e-05 4.9076223652e+01
-1.6032154326e-04 1.6512235972e-05 4.8885623682e+01
-1.3333611313e-04 1.1321175698e-04 3.3519802596e+01
-1.2401819714e-04 7.6523052477e-05 3.7619391275e+01
-1.2104354286e-04 7.6424585876e-05 3.7686655791e+01
-1.2069174965e-04 8.6119565392e-05 3.6015862223e+01
-1.1713427215e-04 8.9936846849e-05 3.5456151020e+01
-1.3777696412e-04 1.6446449143e-05 4.9879055846e+01
-1.3400788512e-04 1.6437809908e-05 5.0010994977e+01
-1.3023596060e-04 1.6429872009e-05 5.0133435828e+01
-1.4389206636e-04 1.4926224046e-05 4.9941871468e+01
2.3337757471e-04 5.9085229513e-05 1.7107256743e+01
2.3420832741e-04 6.2749402311e-05 1.6412341202e+01
-1.2417383785e-04 2.5784349383e-05 4.8391094222e+01
-1.2053215984e-04 2.5770086493e-05 4.8486929853e+01
-1.1688748288e-04 2.5756152199e-05 4.8574277919e+01
-2.2927267854e-04 7.1402615220e-05 3.7056123248e+01
9.9428468782e-05 9.0263819000e-05 2.2717850146e+01
1.7787221871e-04 1.5448867242e-04 1.4616650643e+01
-1.2492849908e-04 1.4891871715e-05 5.0588063186e+01
-1.2112962294e-04 1.4886426541e-05 5.0687237904e+01
-1.1512651887e-04 1.6404113368e-05 5.0523793317e+01
1.3844275666e-04 1.5428346425e-05 2.2902966641e+01
1.3276351079e-04 2.1232168560e-05 2.2913987079e+01
1.2505129904e-04 2.0770051008e-05 2.2896186292e+01
1.3984708129e-04 1.9580240584e-05 2.2873598569e+01
1.4376828044e-04 1.9835930910e-05 2.2491798164e+01
1.4628272044e-04 1.5802846682e-05 2.2363762758e+01
-1.0331388394e-04 8.5554232045e-05 3.6343120952e+01
1.3469335316e-04 8.0312678802e-05 1.9053410514e+01
1.2799064857e-04 8.1465805907e-05 2.0368508213e+01
1.8879642682e-04 1.3984988166e-04 1.5028918481e+01
1.8515074772e-04 1.4227215630e-04 1.5113756939e+01
4.8857071384e-05 1.0867107954e-04 2.1113047273e+01
5.1479838058e-05 1.0968169521e-04 2.0912980276e+01
-1.1171100412e-04 2.4160071406e-05 4.9013293010e+01
-1.0593544871e-04 2.5722666800e-05 4.8779170685e+01
-1.0227971420e-04 2.5713080422e-05 4.8826604047e+01
1.1981919698e-04 1.6640356178e-05 2.2909330457e+01
1.1601499590e-04 1.6520519778e-05 2.2901448346e+01
1.1222987653e-04 1.6413940930e-05 2.2893899645e+01
1.1742264773e-04 2.0378204039e-05 2.2872365395e+01
1.0846261022e-04 1.6319856093e-05 2.2888718139e+01
1.2364292133e-04 1.6774325945e-05 2.2916833679e+01
-9.7485108309e-05 8.5412108379e-05 3.6477381157e+01
1.6624850566e-04 1.0299847936e-04 1.7051852656e+01
1.6298422687e-04 1.0535213342e-04 1.7062086653e+01
1.6675753660e-04 1.0666620864e-04 1.7044708029e+01
1.6951599241e-04 1.0061974465e-04 1.7042981367e+01
1.7056098702e-04 1.0798689986e-04 1.7027394638e+01
1.7104688172e-04 1.1170145384e-04 1.7021668938e+01
1.7439664821e-04 1.0931078580e-04 1.7009536935e+01
1.7388352738e-04 1.0559088721e-04 1.7017473770e+01
1.5972455420e-04 1.0767942798e-04 1.7073815810e+01
-1.0756003296e-04 1.6394921725e-05 5.0653722632e+01
-1.1134415518e-04 1.6398910182e-05 5.0594698378e+01
-1.0210903586e-04 1.4866456647e-05 5.1012552810e+01
-8.7635209918e-05 2.5688429171e-05 4.8889435446e+01
-9.8621384029e-05 2.5705293074e-05 4.8862169132e+01
-9.8150908343e-05 2.8880459374e-05 4.8201514661e+01
1.4149581658e-04 1.4574315087e-04 1.7282032374e+01
-9.2408534257e-05 1.6383211744e-05 5.0757440332e+01
-8.8617611730e-05 1.6381739875e-05 5.0745631260e+01
-8.4825271015e-05 1.6381105146e-05 5.0716531369e+01
-9.8300279933e-05 1.4864187023e-05 5.1038972404e+01
-2.2978329337e-04 1.5392947092e-05 4.1950416496e+01
1.0098142022e-04 1.6164619603e-05 2.2880641516e+01
9.7267823954e-05 1.6101880358e-05 2.2876596332e+01
9.8765667254e-05 1.9677526727e-05 2.2831518892e+01
9.3571924996e-05 1.6048019386e-05 2.2868263313e+01
6.6582082052e-05 8.0875555247e-05 2.2306631933e+01
-7.8909499229e-05 7.5593478692e-05 3.8755406949e+01
-8.4973756125e-05 7.5650314900e-05 3.8600716574e+01
-8.8002768606e-05 7.5686688464e-05 3.8521448602e+01
-7.9240720010e-05 1.4861601857e-05 5.0927613762e+01
-7.5426346727e-05 1.4863101370e-05 5.0848324681e+01
-6.9648089538e-05 1.6386992308e-05 5.0401433482e+01
-7.9926831481e-05 8.5124108188e-05 3.6948753968e+01
-1.4767773693e-04 1.4934532267e-05 4.9783226951e+01
8.2590037317e-05 1.5932446056e-05 2.3013374671e+01
7.8951690536e-05 1.5902255590e-05 2.3501818489e+01
8.9893469448e-05 1.6002005280e-05 2.2881571317e+01
-6.1954835779e-05 2.5699783001e-05 4.8337279330e+01
-6.5626087379e-05 2.5693232605e-05 4.8481519936e+01
-6.5578508333e-05 2.8863036914e-05 4.7862784065e+01
-6.9296159230e-05 2.5688159621e-05 4.8601398422e+01
2.9799503854e-05 3.8832645851e-05 2.8971402839e+01
3.9675432326e-05 3.9291650505e-05 2.5371434176e+01
-6.2056363921e-05 1.6395733998e-05 5.0104199134e+01
-5.6347724925e-05 1.4883020268e-05 5.0087708955e+01
-6.5852311912e-05 1.6390571708e-05 5.0265814644e+01
-5.2531828291e-05 1.4889904211e-05 4.9851265485e+01
-4.6871567775e-05 1.6425998351e-05 4.9164888938e+01
7.1649184578e-05 1.5834760460e-05 2.4698102785e+01
6.5324898058e-05 1.7416377429e-05 2.5534958642e+01
7.5304559161e-05 1.5869521435e-05 2.4060402532e+01
2.4193338357e-05 4.0361851602e-05 3.0492138028e+01
-4.3573987633e-05 2.5770197790e-05 4.7184326880e+01
5.6945274967e-05 1.5681101186e-05 2.7897483799e+01
5.3248968618e-05 1.5640645427e-05 2.8823404508e+01
4.7028695545e-05 1.7186874780e-05 3.0041185709e+01
6.0633672951e-05 1.5720867538e-05 2.7014954543e+01
-4.3078463550e-05 1.6436561849e-05 4.8848235261e+01
-3.9285079861e-05 1.6448751384e-05 4.8495186444e+01
-3.3460060512e-05 1.4942156915e-05 4.8152654657e+01
-1.4284984954e-04 4.0737738552e-05 4.4562543444e+01
-6.2305010156e-05 8.5055908120e-05 3.7474928061e+01
4.2463871393e-05 1.3157959258e-04 5.5420525653e+01
3.8523317244e-05 1.3221266656e-04 6.0681014035e+01
3.8384883146e-05 1.5477930083e-05 3.2818244492e+01
4.3342744012e-05 1.7140267008e-05 3.1047507752e+01
3.4650314148e-05 1.5437898316e-05 3.3853954778e+01
-2.4123438995e-05 1.6512829752e-05 4.6688535560e+01
-2.0338247052e-05 1.6533060301e-05 4.6131715596e+01
-1.6555441150e-05 1.6555021623e-05 4.5530860637e+01
2.4792474227e-05 1.6918593560e-05 3.6209323448e+01
2.1060912754e-05 1.6876258748e-05 3.7220370171e+01
1.5878000711e-05 1.5252327435e-05 3.8916902483e+01
2.8519576242e-05 1.6960168827e-05 3.5182354253e+01
-1.4548783903e-06 1.6662719900e-05 4.2683351120e+01
2.3105807250e-06 1.6693048547e-05 4.1863674269e+01
6.0712315160e-06 1.6726037125e-05 4.1003648842e+01
1.2105612998e-05 1.5218819191e-05 3.9866002583e+01
-2.8178718416e-06 3.9400024857e-05 3.8696133672e+01
2.7376105379e-06 3.7853914262e-05 3.7605505631e+01
7.4118202932e-06 3.9710833351e-05 3.5986606152e+01
1.0798459409e-05 3.9827869884e-05 3.4976572886e+01
-5.6429960932e-05 8.5088996580e-05 3.7640376281e+01
-2.0047447465e-05 3.9011018598e-05 4.2120257534e+01
-1.6587257784e-05 3.9076628701e-05 4.1540939927e+01
-5.8120672261e-05 9.4855136031e-05 3.5978533633e+01
-2.2831320432e-04 1.2182275522e-05 4.2644650762e+01
1.3494802904e-04 1.5604431644e-04 1.7097474970e+01
-3.3950223022e-05 3.8803107832e-05 4.3965171953e+01
-6.1851044835e-05 3.5322664294e-05 4.6475965517e+01
3.3687143861e-05 1.3095890151e-04 5.7589153200e+01
-5.2444964758e-05 9.4911843156e-05 3.6207194766e+01
-3.8833248116e-05 8.5388483951e-05 3.7975678190e+01
-4.6775488241e-05 9.5003481977e-05 3.6440583159e+01
-3.2985827405e-05 8.5566292640e-05 3.7984067803e+01
1.7220848007e-04 9.4575210021e-05 1.7046850855e+01
1.7605807489e-04 9.5791926794e-05 1.7029284076e+01
1.7664162180e-04 9.9466896525e-05 1.7018268066e+01
-2.7515059712e-04 3.5628785748e-05 2.6161516332e+01
2.0026027424e-05 1.2674407601e-04 4.7051003208e+01
1.5815773866e-05 1.2825906232e-04 4.7698604021e+01
6.0331126496e-06 1.2625890548e-04 4.3257293288e+01
1.6422282111e-05 1.3081817941e-04 5.1096321641e+01
2.4655505308e-05 1.2785040187e-04 4.9742519993e+01
-4.7898361316e-05 3.8673873002e-05 4.5157916358e+01
-2.1335271040e-05 8.6065257295e-05 3.7717313051e+01
-2.9826894479e-05 9.5521081858e-05 3.7064206186e+01
-7.1486383192e-05 6.6323940839e-05 4.0658715796e+01
-2.1196810887e-04 7.5104310022e-05 3.6930076943e+01
-2.7613224290e-06 1.0771500351e-04 3.7442823766e+01
-7.1465949251e-06 1.0934720198e-04 3.7390348967e+01
2.5345878469e-06 1.0835140391e-04 3.7430590235e+01
6.7756374990e-06 1.1319037854e-04 3.8010413497e+01
1.0416457687e-05 1.0948683810e-04 3.7113373155e+01
1.6328699216e-05 1.1265644138e-04 3.7323504759e+01
1.1908895367e-05 1.1401747636e-04 3.8019129816e+01
2.1442257747e-05 1.1369045059e-04 3.7029820402e+01
2.5929225398e-05 1.1253509117e-04 3.5476836703e+01
2.8479984452e-05 1.1316553723e-04 3.4978130905e+01
2.9551868426e-05 1.1785327122e-04 3.7569347045e+01
3.3548480008e-05 1.1455552775e-04 3.3626896513e+01
3.4039086567e-05 1.1691723545e-04 3.5011005776e+01
-6.5199305435e-05 6.6324051172e-05 4.0713088587e+01
-1.2447765948e-04 6.7091763425e-05 3.9430271097e+01
-1.3366994287e-04 6.7363427361e-05 3.9183950619e+01
-1.5538491528e-05 8.6397585518e-05 3.7383962111e+01
-9.3438334887e-05 6.6482813212e-05 4.0242566209e+01
-1.8436079363e-06 1.2281837865e-04 3.9729752364e+01
-2.6351955601e-06 1.2714507745e-04 4.2443221424e+01
1.0815406580e-04 1.5434328807e-04 1.8800737089e+01
-1.1997787456e-05 9.8599449004e-05 3.7176904296e+01
-1.5362422956e-04 7.1981353740e-05 3.7986473451e+01
-1.5656477593e-04 7.2133173234e-05 3.7919552568e+01
-2.5814428237e-05 1.0792341497e-04 3.6009060656e+01
-3.3894243945e-05 1.0753393294e-04 3.5386048462e+01
-2.0452233696e-05 1.0825037025e-04 3.6440908624e+01
-6.8444442965e-06 1.2221547480e-04 3.8355060515e+01
-1.0000930402e-05 1.2626283409e-04 3.8975389729e+01
-1.1873832480e-05 1.2168910188e-04 3.7006232864e+01
-6.4826927225e-06 9.9074137498e-05 3.7041261546e+01
-2.0989554535e-05 1.2307511918e-04 3.4772019153e+01
-2.6068467422e-05 1.2271999654e-04 3.3795636836e+01
-2.8615253530e-05 1.2256196344e-04 3.3421796272e+01
-1.5944047111e-05 1.2348704143e-04 3.6064192067e+01
1.6110687098e-04 5.4490537539e-05 1.8326022089e+01
-1.4415223790e-04 1.0795180763e-04 3.3883719505e+01
-9.9376327076e-07 9.9628527724e-05 3.6734970809e+01
-1.6140994265e-04 9.8867937325e-05 3.4675565666e+01
5.4801184793e-06 9.0228395732e-05 3.4579063662e+01
1.1093893108e-05 9.0942895495e-05 3.3153753638e+01
-3.0841519596e-05 1.1815499727e-04 3.3978231287e+01
-3.3733129569e-05 1.2227699777e-04 3.2895031118e+01
-3.8875406777e-05 1.2203205066e-04 3.2559359838e+01
-4.4085894874e-05 1.2181086683e-04 3.2359301684e+01
-4.3245306727e-05 1.0516562344e-04 3.5080253074e+01
-5.1584943634e-05 1.0909749231e-04 3.3961942812e+01
-5.6997304896e-05 1.0902683834e-04 3.3726971723e+01
-6.2417641251e-05 1.0899094926e-04 3.3537493891e+01
-6.5131318080e-05 1.0898550139e-04 3.3458620632e+01
1.4498873965e-05 9.9652434493e-05 3.4127692491e+01
1.4805229420e-04 1.3470597885e-04 1.7197853000e+01
2.4129592579e-05 9.1005487576e-05 2.7536953074e+01
1.9900726065e-05 1.0059893186e-04 3.2728603326e+01
2.0653032715e-05 1.0284234246e-04 3.3219867759e+01
1.6508621123e-04 1.2379895318e-04 1.7050734363e+01
-4.3889974675e-05 1.1762693520e-04 3.2996711819e+01
-4.8233026699e-05 1.2367103149e-04 3.2112646110e+01
-5.1824617633e-05 1.2162417724e-04 3.2224855882e+01
-1.9009655803e-04 4.3582111138e-05 4.1950755061e+01
2.2651668500e-04 1.1760798475e-05 1.9878800986e+01
-1.6576967556e-04 3.4299593333e-05 4.5025832982e+01
1.2828567381e-04 1.0306457519e-04 1.6977412200e+01
-5.7034592130e-05 1.2152629553e-04 3.2207525517e+01
-6.4823484116e-05 1.2154933295e-04 3.2243769611e+01
1.7117882544e-04 6.8184157377e-05 1.7084165497e+01
-1.8440405394e-04 6.2094686025e-05 3.9025300221e+01
-2.0506280072e-05 1.1879935743e-04 3.5332928879e+01
-1.5218749783e-04 8.1737664970e-05 3.6471412418e+01
-7.5583300679e-05 1.1735540615e-04 3.2479383285e+01
-7.8237018615e-05 1.1738720463e-04 3.2497877790e+01
-6.0414454199e-05 5.7380823586e-05 4.2307330948e+01
1.3328254096e-04 1.1818860784e-04 1.7154003490e+01
1.3357833263e-04 1.2170826283e-04 1.7171299164e+01
1.1725178383e-04 9.6101692653e-05 2.1182217281e+01
-1.7062522574e-04 9.5561647394e-05 3.5035385901e+01
1.9882841861e-04 1.0133282532e-05 2.0152096525e+01
2.7596997622e-04 2.0453960426e-05 1.7554747161e+01
2.7991776328e-04 2.0622673267e-05 1.7137590843e+01
-1.6636731804e-04 2.4432626150e-05 4.7016499975e+01
-1.1507664593e-04 7.6244388728e-05 3.7826412388e+01
7.3685797609e-05 1.3247041636e-04 2.1210315529e+01
2.2982767063e-04 4.2535860238e-05 1.7128383645e+01
2.2649712532e-04 4.5020703389e-05 1.7034586976e+01
1.6382171129e-05 3.8294878461e-05 3.3594525932e+01
4.6154611731e-05 3.9619738623e-05 2.2911886085e+01
5.5887599531e-05 4.0197848752e-05 2.2506580677e+01
6.9947886512e-05 4.3342027770e-05 2.2564950340e+01
7.3322661054e-05 4.3678335514e-05 2.2582767867e+01
8.0149485121e-05 4.4411008233e-05 2.2622559099e+01
8.3602572760e-05 4.4807511662e-05 2.2644411772e+01
8.9823772683e-05 4.3345852619e-05 2.2689757988e+01
9.6928751428e-05 4.4212849735e-05 2.2736955038e+01
-1.6678474836e-04 4.8216222155e-05 4.2120007778e+01
7.6121325224e-05 6.1687745987e-05 2.2543994069e+01
1.1151984079e-04 1.4915448621e-04 1.8645047986e+01
-9.4048286858e-05 7.5776321406e-05 3.8361546075e+01
-3.3115209809e-04 2.0329138429e-06 1.7579830314e+01
1.5849021352e-04 1.3195676925e-04 1.7113372045e+01
-1.6035545859e-04 4.8043522940e-05 4.2389808557e+01
-6.1951549205e-05 2.8870014888e-05 4.7726351938e+01
-1.1491904732e-04 8.5907471671e-05 3.6112561595e+01
5.6625662685e-05 5.8583695431e-05 2.2446501599e+01
1.6980335999e-04 4.4948163396e-05 1.8358697977e+01
5.5586235933e-05 1.2649640344e-04 1.7943651441e+01
1.7472874038e-04 3.4982922965e-05 1.8737502831e+01
-1.5592821430e-04 7.3865351231e-06 5.0769843698e+01
7.9695179972e-05 1.3289635435e-04 2.2776466794e+01
7.9630954699e-05 1.3635284616e-04 2.1346824981e+01
-1.3415659565e-04 4.7490769511e-05 4.3352189753e+01
-1.3860867116e-04 4.9319563137e-05 4.2822046554e+01
-1.2850852723e-04 1.1311181373e-04 3.3423269449e+01
4.7189186563e-05 5.7337683391e-05 2.2431723352e+01
1.4272067081e-04 4.0827662275e-05 2.1437836372e+01
1.5678669650e-04 6.7991627567e-05 1.7498642553e+01
-2.3806237852e-04 2.9839166151e-06 4.1414027755e+01
-2.3412341224e-04 2.9780143877e-06 4.2401270013e+01
-2.3018302964e-04 2.9715071694e-06 4.3298783495e+01
2.4053031011e-04 2.2829257153e-06 2.1514604634e+01
7.8721839224e-05 1.4658318375e-04 2.0412043683e+01
7.8286543319e-05 1.4989193505e-04 1.9977646464e+01
4.8303845777e-05 7.6725089015e-05 2.2273131696e+01
-7.4978786873e-05 5.9139951612e-05 4.2016759855e+01
-7.9913199416e-05 5.7382735009e-05 4.2329229881e+01
-1.4368834536e-04 7.5379468949e-05 3.7542117217e+01
-1.2083908508e-04 7.3670079201e-06 5.2096253027e+01
2.4378956146e-04 1.1913084417e-04 1.4246212254e+01
-6.9481812355e-05 9.4836982935e-05 3.5558945303e+01
1.3041103729e-04 6.2229486027e-05 2.1860524959e+01
2.3250703979e-04 2.1626567687e-06 2.1263090150e+01
-2.8869632240e-04 3.4637683859e-05 1.6997675081e+01
-8.0302706085e-05 2.5683975744e-05 4.8830553809e+01
-8.3969790605e-05 2.5685336426e-05 4.8868520546e+01
-8.3674301384e-05 2.8855151767e-05 4.8220307095e+01
3.2787905398e-05 7.1847500255e-05 2.2347768407e+01
1.9157756838e-05 7.1994068246e-05 2.7013368736e+01
1.0306355850e-05 7.1035754732e-05 3.1186537514e+01
-2.8133740589e-06 6.8070550134e-05 3.5457005564e+01
-1.2029705136e-05 6.7530750390e-05 3.7446192214e+01
-2.1323430267e-05 6.7113080898e-05 3.8833174082e+01
-3.0674025657e-05 6.6800089591e-05 3.9752526498e+01
-5.5767755340e-05 6.6367801365e-05 4.0702928428e+01
-6.6760896454e-05 7.5547852277e-05 3.9029262736e+01
-1.6478118487e-04 5.7289665426e-05 4.0408152734e+01
2.3855100016e-04 1.3990565907e-04 1.3676011080e+01
-8.0767442034e-05 4.3598349841e-05 4.5155398622e+01
6.9525433899e-05 1.4402719699e-04 2.1175850822e+01
9.3829210539e-05 3.5131383444e-05 2.2726802040e+01
-5.7642837954e-05 7.5579291068e-05 3.9172686129e+01
8.3204081938e-05 3.4267688850e-05 2.2667395150e+01
-7.0490548588e-05 4.3589634037e-05 4.5077313021e+01
1.5647079059e-04 1.0998031752e-04 1.7087105450e+01
-6.0206809508e-05 4.3610749462e-05 4.4837297447e+01
-4.8528927564e-05 7.5675002200e-05 3.9221844215e+01
8.3196478326e-05 5.3672609840e-05 2.2626867126e+01
6.6238029895e-05 2.5944255959e-05 2.2869771443e+01
-1.7539671643e-04 1.1940470511e-05 4.8826758944e+01
-1.1365666471e-05 7.4616540664e-06 4.6284239308e+01
5.5885189966e-05 2.5695864266e-05 2.5285649487e+01
-6.8241214140e-06 1.5075324547e-05 4.4067019449e+01
-6.6918531319e-05 5.7362965609e-05 4.2370148062e+01
-7.0169956221e-05 5.7360739842e-05 4.2378588622e+01
-1.7391935951e-04 8.1300144516e-05 3.6458620342e+01
-9.9248827804e-05 5.7541355992e-05 4.2001028949e+01
6.5432779878e-05 1.2710374232e-04 1.9934946943e+01
-3.9429013013e-05 7.5844672236e-05 3.9125117556e+01
-2.4203766987e-04 2.9831679913e-06 4.0315785795e+01
-9.3671234766e-05 3.5339503044e-05 4.6863616529e+01
2.0473315106e-05 2.4917610881e-05 3.5539745795e+01
2.1263118685e-04 1.9125475250e-06 2.0857645572e+01
-2.1045189435e-04 2.9513110050e-06 4.6747683085e+01
-2.0650213093e-04 2.9480188325e-06 4.7277698131e+01
-2.0255179815e-04 2.9440373605e-06 4.7766955796e+01
-2.1671651665e-04 5.9515659463e-06 4.5447240001e+01
-7.9541357569e-05 3.5309359197e-05 4.6861095888e+01
-8.3076433123e-05 3.5313700727e-05 4.6883176415e+01
4.3877506766e-05 4.8973415057e-05 2.2485131489e+01
-1.1218666438e-04 4.8919457713e-05 4.3607046603e+01
-1.1148226918e-04 5.2421712192e-05 4.2851995925e+01
-1.1551092226e-04 4.8959639091e-05 4.3521286474e+01
-3.0353858820e-05 7.6100461614e-05 3.8813991824e+01
-2.8879387825e-05 5.2525060493e-05 4.1307536244e+01
-1.2328824331e-05 7.6933190468e-05 3.7169795435e+01
-2.1315645437e-05 7.6457329339e-05 3.8199651122e+01
1.2191890769e-05 8.1051332629e-05 3.1093853883e+01
2.5532116069e-05 8.0961043465e-05 2.3734596707e+01
9.6052226896e-05 7.5748031956e-05 2.2699059048e+01
-3.8784110415e-05 5.2342514355e-05 4.2244059062e+01
2.6361161594e-05 6.2960342323e-05 2.3528831935e+01
1.7329193327e-05 6.2072142888e-05 2.8580406874e+01
3.1960641887e-04 6.0703849593e-05 1.4130335402e+01
5.3533374952e-05 6.6732736300e-05 2.2380022780e+01
-1.2450491242e-05 1.0885616701e-04 3.7055521660e+01
-1.5111508338e-05 1.0863793970e-04 3.6860422121e+01
2.6467305635e-04 4.1149354089e-05 1.7150445605e+01
2.6553513711e-04 4.4763788347e-05 1.6406249438e+01
2.7127557546e-04 3.5421989330e-05 1.7110876143e+01
2.6137746543e-04 4.4009004567e-05 1.6716078603e+01
1.0824397686e-04 1.4093878903e-04 1.8509172336e+01
3.3073924066e-05 9.5028364754e-05 2.3180272649e+01
-1.1212453351e-04 6.6795840783e-05 3.9762311709e+01
-1.8945652460e-04 5.9048107874e-06 4.8706256996e+01
1.8471619893e-04 1.6596166475e-06 2.0925743691e+01
6.2413460869e-05 9.9168526133e-05 2.1757924533e+01
6.5345776231e-05 1.0019356326e-04 2.1770579166e+01
6.5845457630e-05 1.0291060646e-04 2.1656386929e+01
1.7670464681e-04 1.6074862716e-06 2.1053737109e+01
-1.7500984211e-04 2.9255313578e-06 5.0331674062e+01
-2.3270983377e-04 4.4230082661e-05 3.8440663249e+01
9.2152228324e-05 1.3652758402e-04 1.9696952906e+01
1.9175931595e-04 1.0074016437e-04 1.6878320728e+01
-2.4394218656e-04 6.3062641006e-05 3.7019909453e+01
1.5677336555e-04 1.5406901721e-06 2.1472494960e+01
1.6122083453e-04 3.2240246766e-06 2.1538179562e+01
1.4875565761e-04 1.5362497632e-06 2.1691344151e+01
-1.8285659323e-04 3.4593808761e-05 4.4059940961e+01
2.2179315035e-04 7.7295693892e-05 1.6049943220e+01
1.3339470377e-04 3.1459704923e-06 2.2014935676e+01
3.2239107092e-04 5.3629897391e-05 1.4265275447e+01
1.2092139040e-04 1.5396163810e-06 2.2260645891e+01
1.1301307645e-04 1.5311125555e-06 2.2558507667e+01
3.0853947946e-04 3.0584840398e-06 1.7826395482e+01
-1.7464031524e-04 1.0026513363e-04 3.4792430939e+01
-1.7471208451e-04 6.7332406730e-05 3.8411793127e+01
8.9167291888e-05 1.5323790167e-06 2.4628040052e+01
-2.2631787803e-04 6.6458537251e-05 3.7404658636e+01
5.7445020272e-05 1.5071126387e-06 3.0888444319e+01
2.6939430482e-04 1.1051240767e-04 1.3949659144e+01
-1.0690137348e-04 1.1193541867e-04 3.3085179967e+01
2.3289432581e-04 1.2366689953e-04 1.4339580665e+01
1.9659176657e-04 1.4249872018e-04 1.4568144750e+01
3.2387440485e-04 3.9017437706e-05 1.4720168004e+01
-2.7334119530e-04 3.0752485183e-06 2.6420696380e+01
-2.6943817982e-04 3.0642272804e-06 2.8790126498e+01
-2.6554083844e-04 3.0443854283e-06 3.0952051323e+01
-2.6163277846e-04 3.0303995013e-06 3.2923147710e+01
-3.0542535190e-04 1.1470893421e-05 1.7061183516e+01
8.5235816774e-05 1.4669207746e-04 2.0111379706e+01
3.0302366145e-04 1.0675708801e-04 1.3109736207e+01
2.6454412339e-04 2.7074728831e-06 2.2150430971e+01
2.6051477124e-04 2.6750151525e-06 2.2106380610e+01
6.9641576891e-05 1.0964748794e-04 2.1458768658e+01
2.7229936119e-04 1.0375504299e-04 1.4082404239e+01
2.5250611433e-04 2.4935466200e-06 2.1910710606e+01
2.4850404805e-04 2.4671209717e-06 2.1759847523e+01
-2.4899174984e-04 1.4803958124e-06 3.8201436155e+01
1.5501964538e-04 9.9191948998e-05 1.7095230896e+01
1.0178697052e-04 3.1476784351e-06 2.3119245952e+01
2.1110072278e-04 8.1540993228e-05 1.6324416444e+01
-2.2514310937e-04 1.4777632054e-06 4.4487642136e+01
-2.2116980758e-04 1.4754119022e-06 4.5228704596e+01
2.2456923265e-04 2.0707618051e-06 2.1055140078e+01
2.2057222321e-04 2.0494459649e-06 2.0963185542e+01
2.7134384041e-04 1.2584023130e-04 1.3366215599e+01
1.9489344692e-04 1.2346710245e-04 1.5478663275e+01
-6.2333592665e-05 1.1730925666e-04 3.2493944932e+01
-1.9731804229e-04 1.4660521523e-06 4.8560620045e+01
1.9666268847e-04 1.7636498290e-06 2.0795332455e+01
1.9266806389e-04 1.7509642532e-06 2.0819307514e+01
-1.4877193069e-04 9.9872800464e-05 3.4433962310e+01
-3.8655290592e-05 1.1780382560e-04 3.3308830332e+01
1.6939855791e-04 3.2370657055e-06 2.1354156031e+01
-2.0770089442e-04 9.4387787847e-05 3.5638094867e+01
4.2933767105e-05 3.0167861461e-06 3.4317161401e+01
-3.8065323125e-05 1.4566914115e-06 5.0949152015e+01
8.4875342337e-05 1.1650949694e-04 2.2132148188e+01
1.4047946943e-04 9.4405755436e-05 1.7118196107e+01
2.3377639176e-04 1.3127933786e-04 1.4102895440e+01
-1.2027853415e-04 1.1254661052e-04 3.3280003666e+01
-1.4725829618e-04 5.3066029543e-05 4.1765878006e+01
2.6419562906e-04 7.6398273401e-05 1.4968945839e+01
2.3324398645e-04 7.6599583043e-05 1.5634097363e+01
1.1074395424e-04 1.2200344243e-04 1.8051581751e+01
2.1254271109e-04 8.9018865013e-05 1.5928114385e+01
-1.9334192304e-04 1.4644623105e-06 4.8977215750e+01
-3.0231889835e-04 3.4498604313e-05 1.7236019662e+01
-2.8371403860e-04 5.3514149032e-05 3.1522021111e+01
-9.4168395223e-05 1.1767562935e-04 3.2705386887e+01
2.1065552860e-04 6.0920388461e-05 1.7076366927e+01
1.8716676766e-04 9.5767122536e-05 1.6987409026e+01
-2.0354483175e-04 7.1867971134e-05 3.7333857225e+01
1.8838982707e-04 1.0324839932e-04 1.7071614252e+01
1.5526971610e-04 1.5935862431e-04 1.7535081738e+01
3.0777244143e-04 8.4988204361e-05 1.3728237223e+01
-3.1054270382e-04 3.5460618121e-05 1.7277390504e+01
2.6127315653e-04 2.5423298548e-05 1.7903199364e+01
2.8789365762e-04 2.1024206283e-05 1.7060991690e+01
-1.4849119811e-04 3.9117778455e-05 4.4717826315e+01
3.6150549233e-04 3.5489330200e-05 1.2620708826e+01
3.5822102026e-04 3.9100923362e-05 1.2841365594e+01
3.5862653662e-04 4.3204074097e-05 1.2757164516e+01
1.7808527768e-04 8.6110460568e-05 1.7053450955e+01
2.7912275926e-04 9.7832459557e-05 1.4099789693e+01
-8.8716568815e-05 1.0311282518e-04 3.3841442363e+01
3.4761472127e-05 8.4778792415e-05 2.2185894000e+01
1.0278933202e-04 1.0907202514e-04 2.2980702623e+01
-1.6159756677e-04 7.0459814426e-05 3.8124177065e+01
-1.6531627238e-04 7.2634667895e-05 3.7723064161e+01
2.7050810069e-04 4.9149297086e-05 1.5857790191e+01
-3.0630756202e-04 4.9681582699e-05 1.8154312935e+01
-8.9217972184e-05 1.1341452052e-04 3.2803911911e+01
-6.5180192771e-05 1.0488701798e-04 3.4068594746e+01
1.8068179797e-04 8.0116011976e-05 1.7069841608e+01
2.9942593468e-04 7.9643374550e-05 1.4141268984e+01
2.0149244720e-04 5.3020640142e-05 1.7042425196e+01
-1.5711906192e-04 4.7960135647e-05 4.2520689131e+01
2.9827864318e-04 7.2016000506e-05 1.4401885138e+01
-2.8843999000e-04 1.2107187704e-05 1.7157926802e+01
7.4754379392e-05 9.0587316664e-05 2.2265349678e+01
1.3065712731e-04 1.5123029957e-05 2.2946947910e+01
2.1464632908e-04 6.1767389635e-05 1.7059536521e+01
1.5808554342e-04 1.6489764293e-05 2.1431284189e+01
-1.6645531855e-04 6.1111599161e-05 3.9652497375e+01
2.1318089835e-04 2.1062753661e-05 1.8746533831e+01
-1.9820425646e-04 1.2013906846e-05 4.6920733591e+01
-5.3354122775e-05 4.3643114400e-05 4.4564673188e+01
-8.4143389043e-05 1.0916198940e-04 3.3156431061e+01
-1.7113778512e-04 8.1066590615e-05 3.6493935457e+01
1.4842753887e-04 1.4887358554e-04 1.7328945671e+01
1.2383115707e-04 9.5246782516e-05 1.9266322730e+01
1.1653000480e-04 1.1466782536e-04 1.7564335826e+01
1.1129377235e-04 1.3224014260e-04 1.7417613749e+01
1.5545998005e-04 1.4854120036e-04 1.7275663981e+01
1.1123130456e-04 1.0007482856e-04 2.2601928639e+01
-2.0770905990e-04 5.2011983042e-05 3.9630550823e+01
2.9781758530e-04 2.8783262563e-05 1.5957561097e+01
-8.3446582338e-05 9.8969363392e-05 3.4509338932e+01
2.0806351072e-04 1.4243409350e-04 1.4280305225e+01
2.1095792418e-04 1.3221576111e-04 1.4564503920e+01
1.9696631803e-04 4.9367832333e-05 1.7112739215e+01
6.4780003438e-05 1.3624783851e-04 1.8176928005e+01
1.9920829879e-04 1.2855122561e-04 1.5051675372e+01
4.4156834952e-05 1.2283000398e-04 3.2602529787e+01
3.1695559021e-04 9.8306363745e-05 1.2925196959e+01
1.6721462070e-04 8.6297517018e-05 1.7088485822e+01
-1.5987584782e-04 5.3435531752e-05 4.1308722616e+01
2.5234059367e-04 5.6190784955e-05 1.5969308913e+01
2.4736582682e-04 5.1685541596e-05 1.6748618659e+01
-3.3082758833e-04 3.5283862600e-05 1.6983389643e+01
3.1784908398e-04 7.5522764340e-05 1.3707597877e+01
-2.6524077698e-04 1.9882719432e-05 2.9957223763e+01
-1.7121059484e-04 8.9320688717e-05 3.5577683517e+01
-1.7528004077e-04 8.5547402750e-05 3.5978457057e+01
-1.9194692627e-04 8.9548306968e-05 3.5715532078e+01
-1.2545116634e-04 4.9094461582e-05 4.3241012954e+01
1.8262716491e-04 7.0805414368e-05 1.7099178184e+01
-1.5553930776e-04 9.0057747979e-05 3.5415595000e+01
1.9690834454e-04 1.0954036670e-04 1.5937843118e+01
2.0372229344e-04 1.0440407320e-04 1.5713339239e+01
-2.1957131647e-04 1.6880287753e-05 4.3523487842e+01
-2.2128631398e-04 6.7846120434e-05 3.7411645197e+01
2.6596045839e-04 1.1342870579e-04 1.3940645417e+01
-8.9372568735e-05 9.5076103747e-05 3.5003486417e+01
2.7571830841e-04 1.0080121725e-04 1.4091088654e+01
2.2059003502e-04 9.1204169864e-05 1.5478930925e+01
2.1271511049e-04 1.1434359980e-04 1.5016546436e+01
-1.0800639145e-04 1.0369953707e-04 3.3724030462e+01
3.5534591926e-04 4.6742198728e-05 1.2895588868e+01
-3.5318814761e-04 2.5935170934e-05 1.3194984914e+01
2.0579510643e-04 1.1959121539e-04 1.5096579718e+01
2.5261492213e-04 1.2873461986e-04 1.3757259317e+01
2.4472618692e-04 1.2675058123e-04 1.4007707439e+01
1.0670721268e-04 1.1380557255e-04 2.1028281486e+01
2.4204419426e-04 8.2265883433e-05 1.5198289350e+01
-2.3773563712e-04 3.4908784290e-05 3.8325695947e+01
2.3884139971e-04 1.1051369759e-04 1.4543832407e+01
1.6982597665e-04 1.4015237008e-04 1.6995047316e+01
2.2670160058e-04 1.3674329854e-04 1.4075246561e+01
1.3784297295e-04 1.3726052264e-04 1.7227324436e+01
1.4498267546e-04 1.5076093319e-04 1.7339698215e+01
2.5756267403e-04 1.0776412309e-04 1.4274863067e+01
2.2236429188e-04 1.3184166687e-04 1.4325919372e+01
9.2085304381e-05 1.3993659481e-04 1.9770875838e+01
8.8846842006e-05 1.2800322326e-04 2.2542056602e+01
1.0162475523e-04 1.3108678563e-04 1.8961659185e+01
1.2775185000e-04 1.3625501335e-04 1.7199789285e+01
3.0377224524e-04 5.8237332985e-05 1.4684846505e+01
-1.3971445903e-04 1.0336277505e-04 3.4060367241e+01
-1.3430434067e-04 1.0299521868e-04 3.4014568907e+01
-1.4733286350e-04 4.7735955036e-05 4.2895088693e+01
7.0355182233e-05 8.4292928280e-05 2.2303406153e+01
7.4348764929e-05 1.0352511890e-04 2.1905362543e+01
4.3238336232e-05 9.5520353791e-05 2.1850472269e+01
1.7005081763e-04 1.0429133090e-04 1.7034253943e+01
1.5133580943e-04 9.7957159402e-05 1.7103226338e+01
1.2564343071e-04 8.6694836725e-05 2.0254729954e+01
-1.2618366338e-04 8.0462270020e-05 3.6890298555e+01
1.7841973722e-04 2.0326225254e-05 1.9741654368e+01
1.4277248315e-04 1.1174121477e-04 1.7129840878e+01
-5.6449099602e-05 3.0484051857e-05 4.7166483836e+01
3.6227294315e-04 4.3788939046e-05 1.2507136281e+01
1.6639870812e-04 1.5346106894e-04 1.7070442897e+01
2.1506734384e-04 1.0409931943e-04 1.5235022268e+01
7.0271319832e-05 3.1321646737e-06 2.7648882351e+01
7.8142786880e-05 3.1439147910e-06 2.6112519736e+01
2.2501273054e-04 1.2152254560e-04 1.4546823706e+01
4.3248568854e-05 8.6657221922e-05 2.2123878888e+01
1.9311774859e-04 8.7027999546e-05 1.6985637435e+01
-1.7923761550e-04 7.4089885011e-06 4.9313897410e+01
2.5513567044e-04 1.1825577600e-04 1.4038027709e+01
-3.0664901828e-04 4.3342724867e-05 1.7266305743e+01
1.9364136787e-04 7.0183476151e-05 1.7076318916e+01
-1.7178194118e-04 6.7151835696e-05 3.8495403873e+01
-1.0625002597e-04 5.4088172630e-05 4.2602859789e+01
2.6542549111e-04 6.2327444601e-05 1.5415108930e+01
2.5345249357e-04 8.1289362272e-05 1.5011109964e+01
-2.9664432217e-04 3.4942496115e-05 1.7173711838e+01
-1.7875407690e-04 3.9689098019e-05 4.3290964382e+01
-1.4335078521e-04 9.9465416200e-05 3.4401580239e+01
-1.0621586072e-05 1.5051395112e-05 4.4782506476e+01
9.1531420831e-05 9.8888555447e-05 2.2518116229e+01
-2.9648347654e-05 1.4956515450e-05 4.7698092553e+01
-2.8323883295e-04 3.5364665123e-05 2.0444470559e+01
-1.7553010962e-04 5.4014299206e-05 4.0684604234e+01
2.0554205133e-04 7.3112109125e-05 1.6993121613e+01
-2.4689084669e-04 4.3789515946e-05 3.6450230492e+01
1.1538197928e-04 7.2476848959e-05 2.2871135623e+01
1.6084143261e-04 9.1023187632e-05 1.7093095309e+01
-1.5819113255e-04 6.2634906190e-05 3.9569961917e+01
2.1261132279e-04 5.1873084444e-05 1.7087282364e+01
1.5341539135e-04 8.8761995311e-05 1.7107296230e+01
8.0084163117e-05 1.0301432921e-04 2.2123052073e+01
2.8929421338e-04 8.8822578808e-05 1.4124051830e+01
-2.5237985998e-04 4.4590541094e-05 3.5498116127e+01
2.8863690095e-04 2.4271385779e-05 1.7038288708e+01
-1.8358364857e-04 2.9537177998e-05 4.4995133290e+01
2.2600534578e-04 6.0887465556e-05 1.7036978034e+01
3.4910010741e-04 2.6464862550e-05 1.3691251366e+01
2.8357766267e-04 1.0251246675e-04 1.3850392701e+01
2.9211632560e-04 8.1962019003e-05 1.4258019805e+01
-2.7887240746e-04 5.4053013842e-05 3.2607878383e+01
2.5180159542e-04 3.6241928434e-05 1.7069193215e+01
1.8429811035e-04 1.3087365536e-04 1.5870858050e+01
-2.6204351429e-04 2.1528753726e-05 3.1491729643e+01
-2.5827373903e-04 1.5980012257e-05 3.3452989621e+01
-1.8873249584e-04 2.6294267760e-05 4.5254745089e+01
2.0739218332e-04 4.5225717876e-05 1.7181320040e+01
2.7617124545e-04 5.7225973721e-05 1.5381908285e+01
2.4622874678e-04 1.0870355864e-04 1.4456796613e+01
1.1313669029e-04 1.1328034383e-04 1.8954789817e+01
3.6765317782e-04 2.3973913758e-05 1.1725391403e+01
-2.0625472918e-04 7.2195471609e-05 3.7263367568e+01
-2.5661696519e-05 1.1845029328e-04 3.4584247026e+01
-2.3464259650e-04 3.4700028159e-05 3.8876909593e+01
-2.7834512990e-04 1.5175316331e-05 2.1799237260e+01
-8.0642248322e-05 9.8926307374e-05 3.4574248362e+01
3.0375301006e-05 9.4391173187e-05 2.5103933920e+01
2.7960344554e-04 7.5869020231e-05 1.4704757705e+01
2.7200204612e-04 2.0268987157e-05 1.7977929785e+01
-6.5301668594e-05 5.2124734866e-05 4.3345461970e+01
1.8393725994e-04 1.2707932122e-04 1.6282670400e+01
2.9427236760e-04 9.7313806650e-05 1.3727514287e+01
-1.8007012187e-04 5.7990571199e-05 3.9827025548e+01
-9.6998571338e-05 1.0332383896e-04 3.3760971247e+01
-1.1522165236e-04 6.6863034322e-05 3.9679316352e+01
2.5852840463e-04 3.1008942673e-05 1.7180968503e+01
3.1214575171e-04 8.9648254730e-05 1.3423768652e+01
2.7318859758e-04 2.6175340813e-05 1.7127640701e+01
2.7413609106e-04 1.1679804119e-05 1.9304066441e+01
-3.3322762307e-04 1.2744743169e-05 1.7012180293e+01
2.5065945858e-04 4.8892188635e-05 1.7143029769e+01
2.7405699467e-04 8.9374523887e-05 1.4438750559e+01
2.9796739760e-04 1.2283714006e-05 1.7087189384e+01
2.6249850699e-04 3.1319515513e-05 1.7165727843e+01
3.2648577806e-04 8.4871282038e-05 1.3052990781e+01
3.2452656176e-04 4.2770272060e-05 1.4559185522e+01
2.9271143890e-04 6.2014420328e-06 1.7452646621e+01
-1.4787940773e-04 6.5987284434e-05 3.9162102426e+01
2.7356081920e-04 6.3884469182e-05 1.5196280633e+01
2.8430689023e-04 5.8655795932e-05 1.5150335708e+01
-3.0159519151e-04 4.9304499111e-05 2.0536972980e+01
2.5393061800e-04 6.3552913524e-05 1.5617152292e+01
2.1655946662e-04 5.2531194305e-05 1.7096534497e+01
-1.5651703912e-04 3.5850378922e-05 4.5108771512e+01
-2.9322269658e-04 5.2918931427e-05 2.9184646737e+01
2.3377079111e-04 2.5851612831e-05 1.8364229495e+01
-2.9846852704e-04 4.4393884710e-05 1.6894119967e+01
3.2601281093e-04 8.0901992883e-05 1.3215922370e+01
7.3595111537e-05 1.2287476860e-04 2.1251264762e+01
2.6223876171e-04 4.7643791873e-05 1.6007069320e+01
3.3241753054e-04 2.1619774855e-05 1.5156046390e+01
-1.9244862390e-04 8.1082950473e-05 3.6454506276e+01
2.1210072467e-04 6.7902301296e-05 1.6995766327e+01
-1.1216416594e-04 5.7716299673e-05 4.1682819099e+01
-7.8710629952e-05 1.0907437169e-04 3.3203261920e+01
1.2438821939e-04 1.3477019320e-04 1.7180237075e+01
2.5930675446e-04 1.6708532680e-05 1.9465654903e+01
-2.7160097746e-04 2.0355537093e-05 2.6299945577e+01
3.4918849784e-04 5.7753796026e-05 1.2942680147e+01
-1.6540410027e-04 3.9398853099e-05 4.3982557530e+01
-1.9707221816e-04 6.7060902210e-05 3.8011195351e+01
2.8305393437e-04 9.8675371267e-05 1.3982086175e+01
-2.1531783094e-04 6.2803206514e-05 3.8022512674e+01
1.4739685284e-04 1.2391973989e-04 1.7151392196e+01
2.8043894360e-04 4.0305978893e-05 1.5988211584e+01
-3.6616649828e-04 3.4846089145e-06 1.8322591284e+01
1.9174711100e-04 7.9744991922e-05 1.7028372270e+01
-1.2489460634e-04 9.4278782043e-05 3.4829884898e+01
2.5119291381e-04 1.1729162429e-04 1.4148298991e+01
2.7559519378e-04 7.5087567683e-05 1.4803976890e+01
2.7712742121e-04 4.3272406946e-05 1.5976564764e+01
-3.4322715632e-04 2.2451660089e-05 1.7036862843e+01
2.6549032264e-04 8.3908441453e-05 1.4736551556e+01
2.5872558018e-04 8.9707949036e-05 1.4698633195e+01
-1.0631952348e-04 9.5530496088e-05 3.4721806263e+01
2.8164734021e-04 1.1704504609e-04 1.3403802957e+01
2.1986461991e-04 5.0017381658e-05 1.7095507367e+01
-2.2050364505e-04 6.1343813644e-05 3.7979530813e+01
-3.3441194744e-04 2.3635896053e-05 1.7044383773e+01
-1.2139849165e-04 6.7010886749e-05 3.9513139386e+01
-3.6064137700e-04 1.4220412846e-05 1.4443901111e+01
2.5713916543e-05 9.5478031468e-05 2.8307246370e+01
2.8538653829e-04 4.4597682179e-05 1.5665286763e+01
3.0981889124e-04 4.8189666353e-05 1.4845111160e+01
-2.6920869054e-04 3.8866348358e-05 2.9955597774e+01
2.6271767468e-04 9.0591609567e-05 1.4610271862e+01
3.1840402789e-04 3.1168189636e-05 1.5229715623e+01
3.6665979643e-04 1.5897837831e-05 1.0974281463e+01
2.4227216402e-04 1.0771824557e-04 1.4547380239e+01
-7.5251069944e-05 5.2122916862e-05 4.3410425279e+01
-2.5220809260e-04 2.0999482035e-05 3.5469527933e+01
9.8200973532e-05 1.2611673030e-04 2.0320286883e+01
3.1164560922e-04 8.5745205841e-05 1.3576157079e+01
1.2422532224e-04 1.3131696193e-04 1.7187514086e+01
-1.9779480279e-04 8.1739806465e-05 3.6390285648e+01
-2.5181498230e-04 5.3343697602e-05 3.6131294394e+01
2.7346883813e-04 8.5585996574e-05 1.4551108224e+01
1.0806797455e-04 7.0740977929e-05 2.2824228351e+01
1.9641062770e-04 8.4483563701e-05 1.6979129447e+01
2.8358454957e-04 5.4953437350e-05 1.5299697493e+01
2.7381753596e-04 1.1524826266e-04 1.3687669254e+01
-1.7897898392e-04 7.1587026119e-05 3.7702521203e+01
-1.9626126795e-04 5.3182925075e-05 4.0019868319e+01
1.5655371627e-04 8.6458306708e-05 1.7107101145e+01
3.6137186297e-04 7.9871697887e-06 1.0844664648e+01
3.5683077415e-04 2.7048818443e-05 1.2939721376e+01
-1.2033684705e-04 9.6085004517e-05 3.4604256982e+01
5.7196415849e-05 9.9827504363e-05 2.1649612988e+01
5.1189985730e-05 8.6353985905e-05 2.2121465215e+01
2.8052183039e-04 2.3630833164e-05 1.7038160313e+01
-1.8454980142e-04 3.8087568827e-05 4.3286541795e+01
-1.4252632456e-04 9.1204460188e-05 3.5235598417e+01
1.5192947317e-04 1.5047722662e-04 1.7342856901e+01
-2.4885177823e-04 2.0860850347e-05 3.6588467714e+01
-1.3061331621e-04 6.7267871599e-05 3.9265619247e+01
2.6016569105e-04 7.5552627620e-05 1.5064765531e+01
2.3466439634e-04 8.4071157437e-05 1.5309646502e+01
-2.0262536031e-04 8.0240987827e-05 3.6521916222e+01
-2.3347179968e-04 5.6746953753e-05 3.7674987192e+01
1.0372886749e-04 6.7148416694e-05 2.2783392496e+01
1.7177961686e-04 7.1401534752e-05 1.7094643296e+01
2.0253507427e-05 9.4428422580e-05 3.0607235764e+01
2.7950465728e-04 5.4255796910e-05 1.5420128183e+01
2.4421925049e-05 8.4873391078e-05 2.5521019906e+01
3.2175455836e-04 1.0105437642e-05 1.6660014571e+01
2.5118922732e-04 1.6167405419e-05 1.9613250910e+01
-1.7862023403e-04 5.4150040513e-05 4.0552017195e+01
-1.7611765877e-04 7.1375768443e-05 3.7771962630e+01
1.8456822774e-04 8.1177596136e-05 1.7050729275e+01
5.2138193684e-05 1.0050757800e-04 2.1576689163e+01
2.8455311417e-04 2.3916874600e-05 1.7055498612e+01
2.6782839548e-04 9.9058866787e-05 1.4303260692e+01
-2.1123070021e-04 8.5941793561e-05 3.6121199610e+01
2.7286100301e-04 8.1809595869e-05 1.4664456067e+01
-3.1200170254e-04 1.2218834531e-05 1.7062810627e+01
-1.6203997809e-04 3.9336177969e-05 4.4140134842e+01
3.3266435238e-04 7.4428572241e-05 1.3169455477e+01
2.8873753649e-04 8.5003038974e-05 1.4249415271e+01
3.2120022981e-04 7.2320544421e-05 1.3695329984e+01
9.7369581254e-05 6.8321329423e-05 2.2722380957e+01
2.6098695458e-04 1.0488240565e-04 1.4283574783e+01
-1.4405091771e-04 4.7669568828e-05 4.3013808500e+01
3.0640121518e-04 1.0367789390e-04 1.3109844589e+01
3.2787229262e-04 3.9467564814e-05 1.4552844589e+01
2.4714367783e-04 1.5878596690e-05 1.9576527710e+01
-2.5631084325e-04 6.1427317314e-05 3.6373052781e+01
2.5648984194e-04 1.0015845051e-04 1.4481403521e+01
-2.1976171159e-04 7.6351673964e-05 3.6785681793e+01
-1.3880041766e-04 8.8963773152e-05 3.5512325679e+01
-1.9890525156e-04 6.3184064018e-05 3.8472926810e+01
-1.2168249386e-04 1.0432490634e-04 3.3766294297e+01
6.0676044707e-05 9.1292677642e-05 2.2038239398e+01
1.5231129254e-04 8.2079001938e-05 1.7114716184e+01
2.4648066399e-04 1.3074325774e-05 1.9939336486e+01
1.6484200394e-04 7.2854377036e-05 1.7096491336e+01
-2.1593369640e-04 8.4561691603e-05 3.6237924980e+01
2.4735330100e-04 9.0729193135e-05 1.4859436782e+01
-2.0321720757e-04 5.7559043296e-05 3.9085787243e+01
-1.1622492896e-04 1.0405345909e-04 3.3739348315e+01
9.0410640263e-05 6.6832174864e-05 2.2655159377e+01
3.7092935163e-04 2.0179465407e-05 1.1028842854e+01
2.2641723483e-04 1.0360121483e-04 1.4938021902e+01
3.2068501765e-04 6.8428185558e-05 1.3842347891e+01
6.6073693682e-05 9.0460832401e-05 2.2126273944e+01
-9.2203830392e-05 9.5136077815e-05 3.4944606273e+01
1.6110922299e-04 7.1970464838e-05 1.7027232504e+01
3.3974395136e-04 7.1870937430e-05 1.2941466975e+01
2.3092884746e-04 1.0845245531e-04 1.4732034294e+01
-1.9397622298e-04 2.9709550369e-05 4.4226723047e+01
2.0154453406e-04 7.2109592955e-05 1.7035491572e+01
2.3910059488e-04 1.5282124229e-05 1.9522787157e+01
-1.6649739687e-04 9.0964886776e-05 3.5387234906e+01
-3.3973640082e-04 2.1359362528e-05 1.6989904415e+01
6.9717656416e-05 9.4092264922e-05 2.2086080112e+01
-1.5825110212e-04 7.6148737132e-05 3.7257293461e+01
-1.5638482093e-04 5.8826940846e-05 4.0341745758e+01
2.3846023950e-04 1.2544143444e-05 1.9891182644e+01
1.5061564076e-05 8.1417658113e-05 2.9899298131e+01
3.3929480101e-04 6.7847965900e-05 1.3102520472e+01
3.3121463028e-04 3.6131925282e-05 1.4539627496e+01
2.6003094487e-04 1.2685204474e-04 1.3638148775e+01
2.5516331784e-04 3.3631559848e-05 1.7194417119e+01
1.9689453245e-04 6.7673600301e-05 1.7080172462e+01
7.9464532453e-05 6.2286589607e-05 2.2568649195e+01
2.6586234750e-06 8.9908418984e-05 3.5166247424e+01
2.3048752627e-04 1.2019029940e-05 1.9875549931e+01
2.4383713482e-04 3.5454692099e-05 1.7269337732e+01
-2.2534251446e-04 8.1914761040e-05 3.6447310402e+01
7.5343498233e-05 9.3350916746e-05 2.2219613614e+01
7.0289023678e-05 6.2952802422e-05 2.2493032223e+01
3.4634258482e-04 6.5211211309e-05 1.2848662136e+01
1.4929022733e-04 6.6312222274e-05 1.8456180020e+01
-1.5245752238e-04 7.5819059363e-05 3.7367583146e+01
8.7651332578e-05 9.4756335115e-05 2.2469966499e+01
6.4105669361e-06 8.0391959864e-05 3.3127539129e+01
-3.0106029505e-06 8.9336403719e-05 3.6118092685e+01
2.9491062341e-04 7.5095770649e-05 1.4393340498e+01
2.8387460097e-04 2.0798612905e-05 1.7030502682e+01
2.3984095958e-04 3.5033812579e-05 1.7485776218e+01
-1.6920694706e-04 3.4351793032e-05 4.4848925839e+01
-4.8882589874e-05 1.0914650996e-04 3.4097466952e+01
1.5971455077e-06 8.1873007815e-05 3.4628009676e+01
-1.6104004700e-04 9.0491984817e-05 3.5398168336e+01
-1.4754025078e-04 7.7519374783e-05 3.7145280768e+01
1.4246248924e-04 6.7649502312e-05 1.9250172309e+01
-7.6762281287e-06 9.0915332175e-05 3.6777316736e+01
2.0703783310e-04 1.3102178084e-04 1.4701236522e+01
2.6719672691e-04 5.2061862713e-05 1.5789522364e+01
-2.3913532029e-04 7.1195687473e-05 3.7040426973e+01
3.4961069259e-04 6.1840429312e-05 1.2789719963e+01
2.1858746272e-04 1.1264844840e-05 1.9897119007e+01
-1.8341021352e-04 6.7931276540e-05 3.8159920675e+01
-1.3119388136e-06 8.1606135835e-05 3.5293318274e+01
-2.2433347355e-04 3.0525865459e-05 4.0913736855e+01
2.6637830818e-04 4.8405855556e-05 1.5969875557e+01
2.4652141518e-04 6.5503874096e-05 1.5710710724e+01
-4.3487158718e-05 1.0927345788e-04 3.4405900516e+01
2.8327320425e-04 1.7805620307e-05 1.7070456344e+01
-1.9296740377e-04 3.4820080276e-05 4.3365291723e+01
-1.9742110176e-04 2.9775108944e-05 4.3940719259e+01
-1.5668368810e-04 8.6061579460e-05 3.5886028299e+01
1.3493896955e-04 6.5953502343e-05 2.0679570747e+01
2.1067433955e-04 1.0793192136e-05 1.9958224473e+01
-3.4900690625e-04 1.9889060757e-05 1.5974559546e+01
2.3911813206e-04 6.7377918413e-05 1.5860014745e+01
-3.8105209201e-05 1.0944087396e-04 3.4764742781e+01
-7.1583260092e-06 8.1131474252e-05 3.6388359137e+01
1.3420292939e-04 6.3024427852e-05 2.1089714482e+01
2.9431235068e-04 7.1305157789e-05 1.4520930147e+01
-1.9067303002e-05 9.0113253568e-05 3.7470448325e+01
-1.0094168276e-05 8.0921308111e-05 3.6831027174e+01
3.0311898992e-04 5.4489220704e-05 1.4823984873e+01
2.2782409238e-04 3.3664164669e-05 1.7725970625e+01
2.3832172352e-04 6.3684543654e-05 1.5977123935e+01
2.0277506417e-04 1.0346409980e-05 2.0070999074e+01
-1.8734020438e-04 6.2290256600e-05 3.8916820380e+01
3.7046842175e-04 1.6086479812e-05 1.0470749234e+01
-1.7063023961e-04 3.1022104813e-05 4.5457349688e+01
2.8601560616e-04 1.2016207782e-05 1.7302537685e+01
-1.4825956565e-04 8.5501730791e-05 3.5962348509e+01
2.9033041498e-04 7.0586715381e-05 1.4634964160e+01
2.6968155485e-04 4.5501681608e-05 1.5948206677e+01
-2.2960388742e-04 2.5440584602e-05 4.0711463758e+01
-2.4795428132e-05 8.9807182316e-05 3.7593402117e+01
3.2789154171e-04 6.5839882710e-05 1.3660164853e+01
-1.5988341324e-05 8.0550876780e-05 3.7536401097e+01
1.2358532353e-04 6.3501482908e-05 2.2999119265e+01
1.9156186515e-04 1.1982882876e-05 2.0103143928e+01
-3.0063733788e-05 1.0977737040e-04 3.5392256153e+01
2.3091588998e-04 6.5481134653e-05 1.6235893289e+01
3.6992513700e-04 1.2050104108e-05 9.7748607881e+00
-3.0541155836e-05 8.9555716097e-05 3.7610902970e+01
2.9909289858e-04 5.3871130690e-05 1.4952361549e+01
3.2696301485e-05 5.7726778796e-05 2.2236698118e+01
3.3123147783e-04 6.2556784265e-05 1.3635888555e+01
1.1607373113e-04 6.1955722227e-05 2.2880908956e+01
1.8367268218e-04 1.1532973534e-05 2.0407794760e+01
3.3072831468e-04 5.8641889747e-05 1.3786483559e+01
-2.4875440895e-05 8.0107071454e-05 3.8223250616e+01
1.1530410090e-04 5.9215439317e-05 2.2866617319e+01
-2.1016516881e-05 1.1239499362e-04 3.5991712042e+01
1.7577796704e-04 1.1119271915e-05 2.0777054462e+01
2.3008960618e-04 6.1802272961e-05 1.6891906677e+01
2.9619618976e-05 1.4871798761e-06 3.8113639651e+01
2.2853682480e-04 5.4709254968e-05 1.7062244423e+01
2.9839417134e-04 5.0156208852e-05 1.5098874687e+01
2.2451785056e-04 5.3945479670e-05 1.7080886213e+01
1.0794097101e-04 5.7832938281e-05 2.2816381428e+01
1.7920692152e-04 1.1815242649e-04 1.6970859323e+01
-4.7855636295e-05 8.9077677013e-05 3.7277969547e+01
-1.5759122542e-05 1.1278380454e-04 3.6568155635e+01
-3.3806031375e-05 7.9778828689e-05 3.8573438280e+01
2.2929421295e-04 5.8204369055e-05 1.6994657680e+01
2.9433307106e-04 4.9539462392e-05 1.5230066137e+01
1.7533796631e-04 1.1679290477e-04 1.7005969220e+01
1.0147551454e-04 5.9126049336e-05 2.2766118622e+01
3.3790050199e-04 5.5900541962e-05 1.3567248314e+01
9.3756748112e-05 9.4034254884e-05 2.2602519536e+01
1.7488220193e-04 1.1304636127e-04 1.7005579117e+01
9.7910147031e-05 5.8473360017e-05 2.2737357593e+01
-2.6146000523e-04 5.8067480132e-05 3.5650894873e+01
-7.9216669682e-06 1.1349228670e-04 3.7420489508e+01
2.1915778888e-04 2.9828212241e-05 1.7987776555e+01
-5.9727251457e-06 5.3237886699e-05 3.7386088159e+01
3.3740946692e-04 5.1966374358e-05 1.3718005514e+01
2.1122232686e-04 2.8899068901e-05 1.8085086564e+01
1.6006183534e-06 1.1246283339e-04 3.7921103336e+01
-1.2930408767e-04 8.6482741423e-05 3.5892762186e+01
-1.5742892035e-05 5.2877458349e-05 3.9411159791e+01
-2.1718613387e-04 7.5915905970e-05 3.6829502504e+01
2.0400161148e-04 3.0754848348e-05 1.8027396168e+01
-3.3889805803e-04 2.2309256946e-06 1.9335699950e+01
-2.0940660346e-05 5.4486524297e-05 4.0045663937e+01
-7.4052443278e-05 8.5075034280e-05 3.7123081511e+01
2.1857664216e-04 4.3947233052e-05 1.7090137805e+01
-2.5583888150e-05 5.2600235651e-05 4.0909138535e+01
-3.4021250729e-05 5.4172431297e-05 4.1590959386e+01
7.6395691861e-05 5.2678437308e-05 2.2580121450e+01
2.2317703301e-04 4.7514198999e-05 1.7077337039e+01
2.0604886154e-04 3.9332180454e-05 1.7472082348e+01
-4.3875458092e-05 5.4016593144e-05 4.2318653901e+01
-3.4662811783e-04 2.5175918639e-06 2.0762602017e+01
1.2002758681e-04 7.8917962806e-06 2.2639597138e+01
1.6769722887e-04 1.1406232542e-04 1.7035002470e+01
1.9818185108e-04 3.8225259211e-05 1.7644044516e+01
7.0488060550e-05 5.4051898237e-05 2.2536998848e+01
2.6886220659e-04 8.0985146222e-05 1.4757967403e+01
2.3435205929e-04 1.0569607489e-04 1.4730561571e+01
1.8322563943e-04 3.8834361994e-05 1.8048246925e+01
6.7185037170e-05 5.3597445384e-05 2.2519203899e+01
1.6061210337e-04 1.1500947446e-04 1.7069566071e+01
1.7933031543e-04 3.8274221433e-05 1.8257924223e+01
1.7863056039e-04 3.5507079081e-05 1.8480745180e+01
-2.1183320837e-04 5.8318918713e-05 3.8637279577e+01
-3.5106178008e-04 1.6291915912e-05 1.6406092105e+01
1.6694353270e-04 3.3958696151e-05 1.9347373706e+01
1.5988194293e-04 3.5587522946e-05 1.9825474477e+01
1.5209965732e-04 3.4584099232e-05 2.0698615936e+01
6.0653365398e-05 5.2754482024e-05 2.2489863934e+01
1.4430938693e-04 3.3633118552e-05 2.1701673746e+01
-1.3290370835e-04 7.6851247834e-05 3.7428577213e+01
1.3964519719e-04 3.0725082003e-05 2.2519810987e+01
4.3512041343e-05 1.1796817776e-04 2.9073502957e+01
5.7422111390e-05 5.2364226853e-05 2.2478370093e+01
1.9220585939e-04 2.9321564002e-05 1.8383982849e+01
1.2414017629e-04 2.9201885335e-05 2.2889858284e+01
9.6910753568e-05 7.8639282917e-06 2.3129169988e+01
2.5134742953e-04 9.1664321352e-05 1.4769922831e+01
1.5322492180e-04 1.1225355591e-04 1.7101662853e+01
1.1729722969e-04 3.0787471176e-05 2.2859165493e+01
1.0981155015e-04 3.0136700110e-05 2.2822012768e+01
1.0243397266e-04 2.9561713270e-05 2.2783167708e+01
-3.9916467129e-05 2.5788070345e-05 4.6856899653e+01
-3.4286477329e-05 2.4236656653e-05 4.6565768959e+01
6.9689839196e-05 2.6035766185e-05 2.2667406495e+01
-1.0569467247e-04 8.9543114359e-05 3.5635349871e+01
-2.8934869458e-05 2.5861449317e-05 4.5641929912e+01
-1.5902344113e-05 2.4386710609e-05 4.3988924068e+01
-2.1624594538e-05 2.5926002040e-05 4.4622640377e+01
4.8909462253e-05 2.5529552968e-05 2.7168453865e+01
-1.2704199728e-06 2.4560962293e-05 4.1113953010e+01
-7.0562765341e-06 2.6093543744e-05 4.2038933765e+01
4.1874740864e-05 2.5366758574e-05 2.9199150939e+01
3.4788950283e-05 2.5209569395e-05 3.1312922214e+01
2.4071127170e-05 2.4986985210e-05 3.4500998703e+01
7.4182141364e-06 2.6316487230e-05 3.8718798172e+01
2.8871318222e-05 2.6750329989e-05 3.2650548451e+01
2.4173193055e-04 1.0392293115e-04 1.4641687872e+01
1.8368749753e-04 2.5767885331e-05 1.8993474093e+01
3.4882607911e-05 1.2168137008e-04 3.8910752228e+01
4.7032069386e-05 4.9251759293e-05 2.2473841207e+01
1.5278962775e-04 1.0863559227e-04 1.7100470603e+01
-1.2031874968e-04 8.0250158508e-05 3.7006348738e+01
7.3913454552e-05 7.8010245582e-06 2.6043681923e+01
1.4913383881e-04 1.0730207633e-04 1.7110080037e+01
2.1663299868e-05 1.4809760215e-06 4.0155210138e+01
1.7193899501e-04 2.4536940543e-05 1.9739022783e+01
6.6229812935e-05 7.7706420269e-06 2.7607007390e+01
2.0150977365e-05 1.1779096207e-04 3.9108417899e+01
1.4235274358e-04 1.0819862018e-04 1.7121462341e+01
3.7622376345e-05 4.8474445541e-05 2.2784888763e+01
-2.1995635544e-04 5.7121049067e-05 3.8392906711e+01
-1.1142393793e-04 8.9727976342e-05 3.5538604842e+01
2.4397215089e-04 9.3547276121e-05 1.4846269344e+01
1.3566881438e-04 1.0904787075e-04 1.7120968721e+01
4.6958556810e-05 7.6854078785e-06 3.2309246033e+01
2.5021288178e-05 4.7628900660e-05 2.8227893500e+01
3.9222347042e-05 7.6495661390e-06 3.4365878390e+01
1.9641981600e-05 4.9137627040e-05 2.9966710505e+01
1.6481090851e-04 2.6232542422e-05 2.0116096708e+01
1.6431907570e-05 4.8950777514e-05 3.1219159311e+01
1.5698315558e-04 2.5441207666e-05 2.0853522802e+01
9.9611248990e-06 4.8608164695e-05 3.3540761712e+01
1.4914738778e-04 2.4701586775e-05 2.1705308071e+01
1.5931270333e-05 7.5509359031e-06 4.0456301316e+01
6.7014901019e-06 4.8450680518e-05 3.4604585835e+01
2.9282249179e-04 4.2188787103e-05 1.5560579592e+01
-1.2529879929e-04 3.5517556477e-05 4.6253147898e+01
3.4455387569e-04 4.9110402867e-05 1.3454594156e+01
-6.4645254246e-06 4.7917387406e-05 3.8193646973e+01
-7.4549657925e-06 7.4715937302e-06 4.5573195314e+01
3.0025035568e-04 3.9688252640e-05 1.5440901276e+01
-1.1128049557e-04 3.5419507937e-05 4.6606764471e+01
3.4407342588e-04 4.5151331959e-05 1.3598000975e+01
3.0278641446e-04 3.2922981724e-05 1.5649850568e+01
-1.9790250741e-05 4.7524628852e-05 4.0783009357e+01
1.2889505034e-04 2.0992216768e-05 2.2909896648e+01
-3.8722156046e-05 7.4023446309e-06 5.0033679979e+01
-9.3305852175e-05 3.8632141421e-05 4.6162374814e+01
1.2122953259e-04 2.0563663425e-05 2.2883914368e+01
3.4689452992e-04 3.7751108201e-05 1.3633755807e+01
3.0487206822e-04 6.2335306630e-06 1.7445948076e+01
-6.2194027295e-05 7.3768823724e-06 5.1731455990e+01
-7.5864841952e-05 3.8593532184e-05 4.6152358214e+01
-7.0017570761e-05 7.3716525127e-06 5.2048696140e+01
3.1021704268e-04 3.0271501607e-05 1.5538235745e+01
1.1062325148e-04 2.2011788587e-05 2.2839994908e+01
-6.5379516661e-05 3.8598469940e-05 4.5952720596e+01
-5.6779873432e-05 4.3624849200e-05 4.4713535183e+01
1.0245693981e-04 1.9789084867e-05 2.2836581782e+01
-9.3481904865e-05 7.3638701313e-06 5.2434962505e+01
-5.1398290731e-05 3.8652381258e-05 4.5371940520e+01
-3.5296321455e-04 1.2744371830e-05 1.6875313983e+01
-6.7063550413e-05 4.3592971955e-05 4.5017482440e+01
-1.0129906074e-04 7.3635945364e-06 5.2411372084e+01
1.1044495467e-05 3.0364330660e-06 4.2456647502e+01
-3.7434396007e-05 3.8764295092e-05 4.4318651989e+01
-1.1693076669e-04 7.3640009442e-06 5.2186000283e+01
8.8574272320e-05 2.1199550561e-05 2.2796348604e+01
-3.0471413567e-05 3.8847666480e-05 4.3571064876e+01
3.5298626144e-04 2.6751262525e-05 1.3316421283e+01
-8.7611169305e-05 4.3618722846e-05 4.5136768585e+01
-2.5513008282e-05 4.0594235354e-05 4.2662312615e+01
-1.2863773261e-04 7.3698606430e-06 5.1881903138e+01
-9.7856854441e-05 4.3669269390e-05 4.5026070672e+01
3.0940885527e-04 2.6635403606e-05 1.5746265961e+01
7.4289676859e-05 2.0902613378e-05 2.2918940423e+01
-1.5203116761e-04 7.3832524252e-06 5.0963929241e+01
-6.2522953926e-06 3.9307380253e-05 3.9490331824e+01
-1.0806965993e-04 4.3742264950e-05 4.4838072016e+01
-1.1486122560e-04 4.3803620771e-05 4.4679032953e+01
3.1186921647e-04 1.9846596335e-05 1.6007643924e+01
-1.2163352694e-04 4.3874826799e-05 4.4498087487e+01
6.7213678612e-05 2.0791896781e-05 2.4215396791e+01
-9.6763119952e-05 1.1778283417e-04 3.2749149521e+01
3.1100985953e-04 1.6250137514e-05 1.6522918182e+01
-1.2838420603e-04 4.3955927131e-05 4.4298364681e+01
3.0686089458e-04 1.5891669741e-05 1.7172111454e+01
6.0087893299e-05 2.0676145055e-05 2.5789887640e+01
-3.5264829223e-04 5.9652904548e-06 1.8790481394e+01
2.0864074304e-05 4.0218974087e-05 3.1670951292e+01
3.0274069797e-04 1.5599279009e-05 1.7031872446e+01
-8.8596586798e-05 6.8259270833e-05 3.9983194636e+01
3.8983369182e-05 1.1853557905e-04 3.3224305401e+01
5.2915237268e-05 2.0557818425e-05 2.7579579581e+01
-8.8414474240e-05 8.9133958524e-05 3.6015921487e+01
-7.5032075833e-05 9.8864853052e-05 3.4721935829e+01
-7.9252687306e-05 6.8180143985e-05 4.0183612752e+01
3.0201257731e-04 1.2395858260e-05 1.7029251909e+01
-6.6619843600e-05 9.8820716106e-05 3.4991432225e+01
5.0970745144e-05 4.3711719686e-05 2.2481805293e+01
-6.1014329146e-05 9.8829490735e-05 3.5202037800e+01
-4.4229540296e-05 9.9056309764e-05 3.5957942358e+01
-3.8652441254e-05 9.9207685213e-05 3.6233430580e+01
3.8439711030e-05 2.0321982652e-05 3.1578569293e+01
6.0732214695e-05 4.4519239419e-05 2.2521170298e+01
-3.3089791937e-05 9.9403864605e-05 3.6504766719e+01
3.5174187575e-04 1.9060739975e-05 1.3434620633e+01
-2.0316573835e-05 9.8020779020e-05 3.7137959752e+01
-1.6490778013e-05 1.0029660781e-04 3.7122901706e+01
2.5961319507e-05 1.0395457439e-04 3.1618409493e+01
1.6049370405e-05 1.0409452857e-04 3.4914071744e+01
1.7389906453e-06 9.9938989905e-05 3.6507638873e+01
1.0703328968e-05 1.0321729280e-04 3.5790185519e+01
1.8527508716e-04 1.4606990482e-04 1.4826563969e+01
6.6593937182e-05 4.3022324003e-05 2.2549261415e+01
1.8125843660e-04 1.4084208682e-04 1.5537877874e+01
1.7263045130e-04 1.2664858295e-04 1.7005795603e+01
3.5498246313e-04 1.5434581801e-05 1.2856491472e+01
2.0128117710e-05 2.0049389929e-05 3.6759999125e+01
9.4862030578e-05 4.8507917300e-05 2.2720897914e+01
3.5424339399e-04 1.1680469160e-05 1.2831844811e+01
1.0202992551e-04 4.9548241397e-05 2.2771990114e+01
-4.8036577775e-05 6.8273181612e-05 4.0309429187e+01
-2.2190159441e-06 1.4643488692e-06 4.5592881013e+01
1.5172966582e-04 1.3980748457e-04 1.7214914235e+01
3.9054043718e-05 1.0746603298e-04 2.5851002764e+01
5.1900529656e-05 1.1222970190e-04 2.0759094804e+01
1.3705000036e-04 1.2315269451e-04 1.7176251054e+01
1.1226164272e-04 4.8699325102e-05 2.2840282802e+01
1.4449191054e-04 1.3320656760e-04 1.7203188997e+01
5.7117741967e-05 1.1450675805e-04 2.0583277308e+01
1.1672293573e-04 5.1880794430e-05 2.2869723186e+01
1.2048296944e-04 5.2511562549e-05 2.2901892456e+01
-3.8686920652e-05 6.8434970761e-05 4.0019003565e+01
-3.4246309482e-05 7.0384673312e-05 3.9584291021e+01
8.8356411868e-05 1.2128223818e-04 2.2276956528e+01
9.7951191111e-05 1.2273131397e-04 2.1663231948e+01
9.4317627772e-05 1.1781306081e-04 2.2511008215e+01
1.1423659727e-04 1.2689186709e-04 1.6986082599e+01
1.2810755549e-04 5.3831962453e-05 2.2915017147e+01
-2.0882896776e-06 1.9786515366e-05 4.2215565303e+01
1.3886932878e-04 5.3124825892e-05 2.1124332071e+01
-2.5004683375e-05 7.0676451177e-05 3.8925031196e+01
1.4340100212e-04 5.6671397708e-05 2.0153099680e+01
1.4721496295e-04 5.7408743215e-05 1.9565058277e+01
-1.5811181757e-05 7.1072165175e-05 3.7862298529e+01
1.5796331231e-04 5.6704474040e-05 1.8426109455e+01
-1.2756609003e-05 7.1228391354e-05 3.7396414185e+01
1.6619124768e-04 6.1206890976e-05 1.7426416619e+01
1.7638263705e-04 5.7363050762e-05 1.7201291837e+01
1.8079708879e-04 6.1142797446e-05 1.7043801332e+01
1.8403572385e-04 5.8793120485e-05 1.7025262763e+01
-6.6836608131e-06 7.1589868877e-05 3.6267746824e+01
1.8847048637e-04 6.2679230103e-05 1.7089544112e+01
-3.6555602421e-06 7.1791215219e-05 3.5591053152e+01
-2.4490169613e-05 1.9603523604e-05 4.6180872541e+01
2.3561690845e-06 7.2250186078e-05 3.3985461150e+01
-1.0126383048e-04 4.3690862387e-05 4.4971028029e+01
7.3221279797e-06 7.0757022067e-05 3.2328721129e+01
1.6226739181e-05 7.1652916082e-05 2.8537395603e+01
2.8507408168e-04 1.1407259219e-04 1.3412750372e+01
-4.3232999124e-05 1.9511830547e-05 4.8302482117e+01
-1.0183156569e-05 1.4596468478e-06 4.7091837408e+01
2.4956573011e-05 7.2743796001e-05 2.3212504868e+01
3.7313140195e-05 7.6781528062e-05 2.2291051983e+01
5.1295460820e-05 7.7345355933e-05 2.2269679912e+01
6.1082230872e-05 8.1877985568e-05 2.2246445907e+01
7.5404257543e-05 8.0683869428e-05 2.2410391564e+01
9.1931081130e-05 8.5237683336e-05 2.2621596055e+01
7.9280689327e-05 8.4248171180e-05 2.2430259518e+01
-8.4524726775e-05 1.9449245339e-05 5.0118005936e+01
-1.0700705041e-04 1.9469603985e-05 5.0050090411e+01
1.1000476211e-04 9.3682836149e-05 2.2843922075e+01
1.0582835771e-04 8.9423392976e-05 2.2810854342e+01
-1.3825637923e-04 3.8986835092e-05 4.5098856596e+01
-1.6686066025e-05 3.0040310342e-06 4.7932559548e+01
1.1529269045e-04 1.0463778678e-04 2.0093599437e+01
-9.7060931833e-05 7.5830432491e-05 3.8281642922e+01
-1.2941998924e-04 1.9517412438e-05 4.9541831285e+01
-9.7486025530e-05 7.2084649766e-05 3.9013687540e+01
-3.2575220884e-04 4.2099191163e-05 1.7026872332e+01
-2.4614438099e-05 2.9969689881e-06 4.9106169864e+01
-1.8300459082e-04 1.1960410797e-05 4.8273257795e+01
-1.9386834193e-04 1.6670286422e-05 4.6566435350e+01
-1.6619121961e-04 5.9043057863e-06 5.0444248626e+01
-3.1193542947e-04 4.3747485059e-05 1.7363164083e+01
-3.0129327577e-05 1.4577535889e-06 5.0066225052e+01
-2.2082048096e-04 1.2125265071e-05 4.3989253401e+01
-2.2612097581e-04 1.5349443285e-05 4.2647618494e+01
-2.3403432868e-04 1.7084035812e-05 4.0859660227e+01
-3.0818654823e-04 3.4188906564e-05 1.7290001923e+01
-2.5359903970e-04 1.0853603570e-05 3.5792745126e+01
-2.7155786200e-04 1.1259883278e-05 2.6788838773e+01
-2.6448397419e-04 1.1057097552e-05 3.0885049723e+01
-2.7813040386e-04 6.3471423104e-06 2.2860422361e+01
1.9373512404e-04 5.1728543950e-05 1.7043758019e+01
-2.4982995881e-05 1.2745409432e-04 3.3732190093e+01
1.9307200564e-04 4.8737852544e-05 1.7214732743e+01
-2.0025199601e-05 1.2783627284e-04 3.5973192416e+01
1.8529968878e-04 4.7468062846e-05 1.7462989833e+01
-4.2079570423e-05 1.4533739763e-06 5.1335474725e+01
1.7825807141e-04 4.9124374182e-05 1.7628527631e+01
1.7438858520e-04 4.8460712776e-05 1.7858423764e+01
-2.9974276190e-05 1.2713197625e-04 3.2099125970e+01
1.6667865599e-04 4.7174323805e-05 1.8422649884e+01
1.6207688355e-04 4.3721095818e-05 1.9039299006e+01
1.4737270645e-04 4.4062135577e-05 2.0592430892e+01
1.3963782098e-04 4.2905451594e-05 2.1737887516e+01
1.3495766613e-04 3.9758658836e-05 2.2694856020e+01
1.2038404267e-04 4.0261060006e-05 2.2878751809e+01
-5.2332149501e-05 5.9209979937e-05 4.1829967461e+01
1.1287254275e-04 3.9329409835e-05 2.2838482803e+01
1.0548054124e-04 3.8472600218e-05 2.2795139735e+01
-7.6287111756e-05 1.2296662306e-04 3.2442829804e+01
9.7426947278e-05 3.5456749566e-05 2.2748307700e+01
-3.0185207920e-04 2.8529124328e-05 1.7171103158e+01
-2.5195668639e-05 6.1521869049e-05 3.9801809545e+01
7.6247485336e-05 3.3785455887e-05 2.2634764067e+01
7.0189033843e-05 3.5348364612e-05 2.2599433632e+01
-1.5686541088e-05 6.1860678417e-05 3.8468322415e+01
6.6794513700e-05 3.5134567985e-05 2.2591692688e+01
-1.2559587256e-05 6.1983654001e-05 3.7913860815e+01
-6.2486568894e-06 6.2302872213e-05 3.6584640275e+01
6.0088494794e-05 3.4770437482e-05 2.2596682713e+01
-2.7625175675e-04 4.2995132058e-05 2.8336172351e+01
-3.1497530820e-06 6.2463358427e-05 3.5820001052e+01
5.6759959627e-05 3.4606884734e-05 2.2510744789e+01
3.0934624758e-06 6.2863844904e-05 3.4019972580e+01
6.1550171193e-06 6.3067009612e-05 3.2999464629e+01
1.1234446882e-05 6.1566754593e-05 3.1244191616e+01
4.6841691177e-05 3.4197068497e-05 2.4899660315e+01
2.0375793877e-05 6.2354881814e-05 2.7084513345e+01
4.3827083739e-05 1.3525242729e-04 7.0496631722e+01
2.9323841245e-05 6.3292184655e-05 2.2196463751e+01
1.2864890946e-04 8.4591915578e-05 1.9790235024e+01
3.9154722446e-05 6.6609521780e-05 2.2370363679e+01
4.2139033048e-05 6.7040680713e-05 2.2368504985e+01
1.6206047548e-05 3.3153274159e-05 3.4834587722e+01
4.8219767037e-05 6.8020138149e-05 2.2358110063e+01
5.6645632146e-05 6.7273021564e-05 2.2386125619e+01
1.1431258838e-05 3.1343279410e-05 3.6599795549e+01
6.6897842899e-05 7.1520141012e-05 2.2404710124e+01
7.0076523758e-05 7.2178287785e-05 2.2428707307e+01
7.5820001529e-05 7.1034990762e-05 2.2488789331e+01
8.3164807006e-05 7.5150907908e-05 2.2545720404e+01
-2.6957087564e-06 3.1038762594e-05 4.0186971373e+01
8.9920363086e-05 7.6825790983e-05 2.2620387382e+01
9.3320172084e-05 7.7674924721e-05 2.2664145138e+01
1.0738887653e-04 8.1448162036e-05 2.2820708048e+01
1.1097535003e-04 8.2434620073e-05 2.2863512298e+01
1.1758530908e-04 8.1439059126e-05 2.2983700226e+01
-1.6950399187e-05 3.0806853628e-05 4.3010457810e+01
-2.4111550881e-05 3.0716875131e-05 4.4133749569e+01
-3.4887502201e-05 3.0611294603e-05 4.5485443180e+01
-2.8526571544e-04 2.6521495236e-05 1.6892089884e+01
-2.7984062727e-04 2.5459048300e-05 2.0490422535e+01
-5.2371438714e-05 2.9793341701e-06 5.1905694709e+01
-2.5745161098e-04 4.7707109557e-05 3.4821131445e+01
6.9819537729e-05 1.5045788600e-04 1.9835177936e+01
-2.6468819982e-04 2.9571445450e-05 3.0470252895e+01
8.4951691386e-05 1.5481781747e-04 1.8925529863e+01
-2.4399998163e-04 5.4103322950e-05 3.6944140245e+01
9.2352672451e-05 1.5631471021e-04 1.8695475763e+01
-2.5570724801e-04 3.0606920378e-05 3.4017675436e+01
-1.0548205273e-04 4.8848241004e-05 4.3764970964e+01
-2.2863425516e-04 2.1977489571e-05 4.1319432467e+01
-2.5272279514e-04 3.0320844985e-05 3.4965980195e+01
6.9705226260e-05 8.1668270634e-05 2.2330151011e+01
-9.8330900716e-05 5.2254433695e-05 4.3156069670e+01
-1.7098657455e-04 2.6102287535e-05 4.6430878183e+01
-1.9846907668e-04 2.4778528173e-05 4.4738259789e+01
-2.3300165577e-04 4.8298888026e-05 3.8152126384e+01
-1.6025643480e-04 2.6006672634e-05 4.7005622758e+01
-2.4340794743e-04 2.9642525351e-05 3.7491039160e+01
-1.2181195873e-04 5.7885381036e-05 4.1415951815e+01
-2.1591814165e-04 2.5088760599e-05 4.2817620509e+01
-1.9647965534e-04 4.3815406980e-05 4.1541369357e+01
-2.0680075555e-04 4.8103758582e-05 4.0230939050e+01
-1.7950206754e-04 4.8653174915e-05 4.1529889278e+01
1.0760546212e-04 1.5779317112e-04 1.8554199429e+01
-1.3897502660e-04 3.0707469597e-05 4.6882266623e+01
-1.3414266436e-04 2.9045628160e-05 4.7401131054e+01
-5.2678492646e-05 2.4150883694e-05 4.8147390249e+01
-1.2117880419e-04 3.0586259578e-05 4.7439247024e+01
-8.0045114065e-05 2.8857313959e-05 4.8185972522e+01
-1.0686041095e-04 3.0519232444e-05 4.7747949056e+01
-1.1618959518e-04 2.8944992660e-05 4.7910289289e+01
-7.4486926822e-05 3.0461780365e-05 4.7778011790e+01
-9.2495354387e-05 3.0475268727e-05 4.7898928561e+01
-1.2830581858e-04 3.0633574293e-05 4.7236551543e+01
-6.5980798515e-05 1.4470923645e-06 5.2890198743e+01
-1.5101792567e-05 1.2827281551e-04 3.8406074898e+01
-1.6540408583e-04 1.0773885560e-04 3.4307188386e+01
1.9291422650e-04 1.4498912738e-04 1.4563687591e+01
6.5151430886e-05 1.1838846417e-04 2.0642171520e+01
7.0540752660e-05 1.1833215392e-04 2.1097143809e+01
-1.7587304061e-04 1.0483219070e-04 3.4613955434e+01
1.0291018268e-04 9.1370312547e-05 2.2762548829e+01
7.6166486834e-05 1.1827748380e-04 2.1554977508e+01
7.8931673131e-05 1.1667983836e-04 2.1779369009e+01
1.5299298948e-04 1.6242568789e-04 1.7496483611e+01
-7.6135434126e-05 2.9633214479e-06 5.2975184699e+01
1.6937647795e-04 5.8925663659e-05 1.7418266175e+01
1.6090700653e-04 1.6286528365e-04 1.7614916808e+01
-1.6653919845e-04 1.4986180601e-05 4.8833091274e+01
1.6984435898e-04 1.6265207024e-04 1.6068855686e+01
1.2524686875e-04 1.0516427442e-04 1.7071509902e+01
1.0100706020e-04 1.2090158832e-04 2.1101037502e+01
-8.4065395995e-05 2.9616617411e-06 5.3124655792e+01
1.7906842128e-04 1.6318281834e-04 1.3718300405e+01
-1.9680902589e-04 9.9168557726e-05 3.5242772135e+01
1.9497338522e-04 5.7859049600e-05 1.7079580331e+01
1.9760804483e-04 5.2378112603e-05 1.7049919073e+01
-2.0229156182e-04 9.8149915600e-05 3.5390356377e+01
-2.0125693709e-04 1.6720523561e-05 4.5847546953e+01
1.2046459774e-04 1.2292652788e-04 1.7154685503e+01
1.3038518904e-04 1.2378473282e-04 1.7176710176e+01
-9.7845807671e-05 1.4425672548e-06 5.3442357566e+01
1.5867126374e-04 1.3562632009e-04 1.7126177592e+01
1.6538112876e-04 1.2750288875e-04 1.7051752337e+01
1.6214780615e-04 1.3343590659e-04 1.7086743350e+01
-2.4311413322e-04 1.2334523244e-05 3.9126601321e+01
2.2346248191e-04 1.5531683278e-04 1.3284266672e+01
-2.6088301314e-04 1.0978061287e-05 3.2679723746e+01
-2.2555415741e-04 9.0556001982e-05 3.6083378469e+01
2.2765257444e-04 1.5410234987e-04 1.3250881889e+01
1.3481517867e-04 1.0217196026e-04 1.7102906773e+01
-1.0784981771e-04 2.9592292217e-06 5.3107121393e+01
1.3436201154e-04 9.8789146365e-05 1.7089647823e+01
1.3998492380e-04 9.1078410459e-05 1.7043009216e+01
1.4253080984e-04 8.5590306824e-05 1.7040055860e+01
2.3688714332e-04 1.5146028219e-04 1.3159368349e+01
-2.9883873872e-04 5.7057956230e-05 3.3519724153e+01
-2.7439949098e-04 6.2799445732e-06 2.5459401615e+01
1.4444469458e-04 7.6931685636e-05 1.7865207009e+01
-1.1577623686e-04 2.9592950346e-06 5.2973524256e+01
2.4499389404e-04 1.4905116475e-04 1.3067584900e+01
-4.3753294892e-05 2.8952732192e-05 4.6616227605e+01
-1.2971414191e-04 1.4447989304e-06 5.2860452833e+01
-2.5331627570e-04 8.0102495801e-05 3.7660686585e+01
2.7336717677e-04 1.3689991294e-04 1.2819564835e+01
-1.4350613280e-04 2.9613650289e-06 5.2098525687e+01
-1.7891369561e-04 2.9225633335e-06 5.0040426554e+01
-1.5142539611e-04 2.9626383058e-06 5.1737150606e+01
-2.6095849863e-04 7.6907221801e-05 3.7932412204e+01
-1.8284947327e-04 2.9187691795e-06 4.9726609981e+01
-1.5757961072e-04 1.4455359324e-06 5.1662128043e+01
2.9331249022e-04 1.2680739829e-04 1.2607463452e+01
-1.6550213569e-04 1.4319645771e-06 5.1200929668e+01
3.0086119432e-04 1.2204464619e-04 1.2546309758e+01
-1.9334735125e-04 5.9206086924e-06 4.8338357873e+01
-2.8460007779e-04 1.5527966444e-06 1.8596357406e+01
-1.9855216848e-04 7.4484879049e-06 4.7583248142e+01
-2.0628013401e-04 7.4543132645e-06 4.6697648804e+01
-2.9830604480e-04 2.2205139072e-05 1.7131173081e+01
-4.7219404351e-05 2.5750859038e-05 4.7476277448e+01
-2.9626003129e-04 1.6197328360e-06 1.7063973774e+01
-8.9589694353e-05 5.7454933794e-05 4.2192431806e+01
-9.3207538763e-05 5.3967097120e-05 4.2873468347e+01
-3.0791893564e-04 1.7216982925e-06 1.7078272013e+01
-2.2061305766e-04 5.9704870082e-06 4.4810176345e+01
-1.0215873450e-04 4.8821727939e-05 4.3833961436e+01
-2.2558853417e-04 7.5212587722e-06 4.3734131960e+01
-3.2643468568e-04 1.1624468767e-05 1.7038084684e+01
-2.3327183324e-04 7.5392321011e-06 4.2141982399e+01
-1.4708822351e-04 5.8513310756e-05 4.0646073820e+01
-2.5298837702e-04 1.4860037570e-06 3.6728494838e+01
1.3778433771e-04 1.6087352115e-04 1.7280708836e+01
-1.5236791370e-04 5.6870031020e-05 4.0837830999e+01
-1.5675636298e-04 5.3354785874e-05 4.1421568052e+01
-1.6997179525e-04 4.8317878781e-05 4.1978616592e+01
-2.6689333695e-04 6.2042796397e-06 3.0023591828e+01
-2.0629954279e-04 2.6549665558e-05 4.3684785513e+01
-2.1250836953e-04 2.4998625460e-05 4.3252105665e+01
3.5775049723e-04 7.1543834593e-05 1.2028126279e+01
3.3904002013e-04 1.4716869463e-05 1.5151762277e+01
-3.1952527974e-04 5.2450629409e-05 1.5963506659e+01
3.7353186676e-04 4.8789187690e-05 1.1685454522e+01
-3.3815992552e-04 4.5660548952e-05 1.2834291391e+01
-2.3015516856e-04 4.8002981120e-05 3.8448615274e+01
-2.4667009875e-04 5.2378712371e-05 3.6653821270e+01
-2.5208483448e-04 4.8943962804e-05 3.5816833672e+01
-2.8855973022e-04 2.4915847190e-05 1.7169159959e+01
3.8880426282e-04 1.7308369362e-05 1.0076163774e+01
-3.7543786823e-04 1.8629554797e-05 9.8186618684e+00
-3.1212272659e-04 2.6165264884e-05 1.7141907922e+01
-3.1900758082e-04 2.5428213892e-05 1.7134193132e+01
-2.7100569958e-04 4.3892317387e-05 3.0664615026e+01
-3.2834952087e-04 1.4914687352e-05 1.7063253970e+01
-3.2984105750e-04 1.2155544653e-05 1.7027507962e+01
-3.2058778004e-04 2.2580265038e-05 1.7095605356e+01
-2.0320475581e-04 9.5662041443e-05 3.5505383493e+01
-3.1966966291e-04 1.0688980952e-05 1.7040387748e+01
-3.1727296508e-04 8.0468029331e-06 1.7006304312e+01
-3.2135772019e-04 3.8526879811e-05 1.7184754886e+01
-3.1547653380e-04 4.2693112458e-05 1.7374846052e+01
-3.1178304261e-04 1.7702210412e-06 1.7089090765e+01
-3.4912840179e-05 1.2676246572e-04 3.1990666106e+01
-2.8847883204e-04 1.5745004240e-06 1.6791907348e+01
2.5790946151e-04 1.4106820404e-04 1.3098081514e+01
3.3904596332e-04 9.1817350053e-05 1.2231017663e+01
3.7823931788e-04 4.0412099653e-05 1.1471750865e+01
-8.8928690116e-05 1.2139624027e-04 3.2636190657e+01
3.8463358071e-04 1.3244301918e-05 8.7101681676e+00
1.8799310255e-04 1.6238900661e-04 1.3564600536e+01
-1.7108960866e-04 2.9160756670e-06 5.0607473956e+01
4.6831804215e-05 3.0033648398e-06 3.3297328816e+01
2.6906605400e-04 5.6331735196e-06 2.1389634874e+01
2.9635309477e-04 3.1101863825e-06 1.7752124221e+01
5.5877146612e-05 1.4158349162e-04 1.0171686844e+01
3.1250493671e-04 3.0851146735e-06 1.7732415137e+01
-7.4477893399e-06 1.2611109756e-04 3.9875421408e+01
3.5752627877e-04 7.9060572403e-06 1.1787558995e+01
2.8558984224e-04 1.3118846258e-04 1.2679143232e+01
-2.8305926645e-04 6.7113489188e-05 3.8193909602e+01
3.6475047370e-04 3.9860579399e-06 9.2211071564e+00
2.9689936914e-04 1.1715373356e-04 1.2904496994e+01
3.7659294259e-04 4.1323869572e-06 5.8800577714e+00
3.1864072284e-04 1.0977122150e-04 1.2385571086e+01
1.8155885403e-04 1.5972499219e-04 1.3901326331e+01
3.2853163551e-04 3.4103864527e-06 1.6947572517e+01
2.8882561737e-04 6.2100677838e-06 1.7385709411e+01
-1.6022658257e-04 1.0905595829e-04 3.4164674818e+01
1.1150655132e-04 1.5578372406e-04 1.8627328888e+01
3.8482321425e-04 2.6409568519e-05 1.0899375417e+01
-3.4851188914e-04 3.9293032339e-05 1.1975604536e+01
3.6969480553e-04 4.9150762084e-05 1.1929146818e+01
3.5703827096e-04 6.7581361879e-05 1.2196917653e+01
3.2886780127e-04 1.0097812691e-04 1.2322100808e+01
3.9299471671e-04 7.8218648482e-06 6.8666291719e+00
-3.8743673650e-04 8.2913957095e-06 5.5524873433e+00
1.4838381227e-04 1.5899336699e-04 1.7439357306e+01
-4.2276511267e-05 1.2618457917e-04 3.2036957440e+01
-3.3566157201e-04 4.4230315374e-05 1.3919025568e+01
2.0617438074e-04 1.5951868503e-04 1.3419170615e+01
-7.1106239347e-05 1.2341175664e-04 3.2363302495e+01
-1.5192352243e-04 1.0867794747e-04 3.4006362720e+01
4.7701684449e-05 1.3740395349e-04 7.8870237168e+01
-1.3906030824e-04 1.1350658762e-04 3.3635172009e+01
2.2009125114e-04 1.5335607412e-04 1.3483010444e+01
-2.2106777944e-04 9.0245193772e-05 3.6021364689e+01
-2.3296840171e-04 8.5745821849e-05 3.6343041597e+01
-1.1268768220e-04 1.1812634490e-04 3.3066680824e+01
3.1467024799e-04 1.0902673819e-04 1.2579814887e+01
2.9714963363e-04 1.2076126652e-04 1.2740617708e+01
2.9364428377e-04 1.2327028766e-04 1.2755556279e+01
1.7367195377e-04 1.6002458278e-04 1.4114293663e+01
3.6006560469e-04 6.4095892734e-05 1.2135846909e+01
-4.7390308230e-05 1.2579153162e-04 3.2088075387e+01
-3.6524792403e-04 2.7976083965e-05 1.0563770235e+01
-1.9006464478e-04 9.9644619741e-05 3.5094516272e+01
2.4595385350e-04 1.4562664994e-04 1.3217501931e+01
2.6856241527e-04 1.3600396233e-04 1.3014126001e+01
2.5825167072e-04 1.4435174716e-04 1.2925664056e+01
2.7885519567e-04 1.3134173652e-04 1.2898725719e+01
1.6671482193e-04 1.6020212183e-04 1.7403737805e+01
1.2539005494e-04 1.5793259112e-04 1.8018401095e+01
-1.0216204337e-04 1.1742730321e-04 3.2853119906e+01
3.7840818130e-04 3.3624890524e-05 1.1434716081e+01
5.1006442344e-05 1.3584280374e-04 5.4377392668e+01
2.2882823250e-04 1.5093280274e-04 1.3399156196e+01
1.4175700331e-04 1.5891258867e-04 1.7181079508e+01
3.9522298030e-04 3.6743354876e-06 5.1926470595e+00
-3.9238371571e-04 3.9814072307e-06 3.8536965979e+00
2.9557973924e-05 1.3112495653e-04 5.7496330510e+01
3.8393032902e-04 2.2660982033e-05 1.0647279997e+01
1.5144489961e-04 1.6010991549e-04 1.7643668912e+01
2.5236750868e-04 1.4663189137e-04 1.2983633831e+01
1.1759085992e-05 1.2701152326e-04 4.5046863557e+01
1.8590216324e-04 1.6023389381e-04 1.3802557877e+01
3.0883344915e-04 1.1818029565e-04 1.2412337428e+01
1.4404495382e-06 1.2780848265e-04 4.4382518924e+01
2.1639391053e-04 1.5515282431e-04 1.3467345863e+01
1.9413080964e-04 1.5908121677e-04 1.3713409119e+01
1.3528830247e-04 1.5867066237e-04 1.7136579341e+01
9.8512245293e-05 1.5544297488e-04 1.8847436182e+01
2.3498279458e-04 1.4929229526e-04 1.3326642339e+01
-3.7018805591e-04 2.1168606205e-05 1.0558933838e+01
2.6597785962e-04 1.4185693963e-04 1.2813788950e+01
3.6569301546e-04 5.7443344742e-05 1.1992647539e+01
1.1417362724e-05 1.3123519803e-04 4.9091976469e+01
-1.9257878655e-04 9.9427085705e-05 3.5151426507e+01
-6.0926822251e-05 1.2278128531e-04 3.2200222445e+01
1.2857552243e-04 1.5883072717e-04 1.7868836925e+01
