x_m,y_m,sigma_comp_mag_Pa
3.9435122384e-04,1.1244116159e-05,9.7809027735e+00
3.9231172958e-04,1.6335625596e-05,1.0195375517e+01
3.9030601142e-04,2.1254882033e-05,1.0515863428e+01
3.8827817083e-04,2.6036667877e-05,1.0746210957e+01
3.8620077927e-04,3.0699250817e-05,1.0928837850e+01
3.8405923116e-04,3.5254656951e-05,1.1091367812e+01
3.8184650776e-04,3.9708172050e-05,1.1229760759e+01
3.7955801256e-04,4.4065519610e-05,1.1342813155e+01
3.7719203471e-04,4.8329752611e-05,1.1441403140e+01
3.7474803025e-04,5.2503428334e-05,1.1525595179e+01
3.7222647403e-04,5.6588433365e-05,1.1597690611e+01
3.6962832705e-04,6.0586304642e-05,1.1659161582e+01
3.6695483646e-04,6.4498417005e-05,1.1712052536e+01
3.6420749657e-04,6.8326002520e-05,1.1758199036e+01
3.6138801044e-04,7.2070252080e-05,1.1798836337e+01
3.5849817732e-04,7.5732167162e-05,1.1835533771e+01
3.5553980170e-04,7.9312727846e-05,1.1868776744e+01
3.5251478458e-04,8.2812923277e-05,1.1899826465e+01
3.4942504898e-04,8.6233677999e-05,1.1929596418e+01
3.4627249411e-04,8.9575853515e-05,1.1958034211e+01
3.4305896613e-04,9.2840350468e-05,1.1986231214e+01
3.3978647526e-04,9.6027951533e-05,1.2014706258e+01
3.3645681220e-04,9.9139573494e-05,1.2042148236e+01
3.3307176580e-04,1.0217598815e-04,1.2070477293e+01
3.2963318254e-04,1.0513795332e-04,1.2099670082e+01
3.2614280113e-04,1.0802628481e-04,1.2129200188e+01
3.2260232314e-04,1.1084172806e-04,1.2159644542e+01
3.1901339872e-04,1.1358503222e-04,1.2190257515e+01
3.1537764673e-04,1.1625688442e-04,1.2222905000e+01
3.1169664745e-04,1.1885802342e-04,1.2255989452e+01
3.0797192771e-04,1.2138913989e-04,1.2289026024e+01
3.0420490345e-04,1.2385084572e-04,1.2324660867e+01
3.0039699187e-04,1.2624379795e-04,1.2360580211e+01
2.9654957524e-04,1.2856865024e-04,1.2396814658e+01
2.9266394382e-04,1.3082598750e-04,1.2432852732e+01
2.8874129304e-04,1.3301630041e-04,1.2471582355e+01
2.8478287505e-04,1.3514016979e-04,1.2509859840e+01
2.8078980022e-04,1.3719807791e-04,1.2547995721e+01
2.7676317085e-04,1.3919041652e-04,1.2588114578e+01
2.7270401357e-04,1.4111767696e-04,1.2627436797e+01
2.6861328113e-04,1.4298018468e-04,1.2666307677e+01
2.6449191129e-04,1.4477820485e-04,1.2706856426e+01
2.6034077944e-04,1.4651206777e-04,1.2747069740e+01
2.5616065493e-04,1.4818195715e-04,1.2786531383e+01
2.5195236435e-04,1.4978791642e-04,1.2826375886e+01
2.4771656792e-04,1.5133007059e-04,1.2866093244e+01
2.4345395197e-04,1.5280838381e-04,1.2904709269e+01
2.3916508520e-04,1.5422273412e-04,1.2943737780e+01
2.3485055358e-04,1.5557289051e-04,1.2981180800e+01
2.3051080140e-04,1.5685849754e-04,1.3017889746e+01
2.2614627972e-04,1.5807903808e-04,1.3053620392e+01
2.2175734613e-04,1.5923390900e-04,1.3089670663e+01
2.1734438371e-04,1.6032231816e-04,1.3123284213e+01
2.1290761401e-04,1.6134321865e-04,1.3154894040e+01
2.0396332341e-04,1.6317696294e-04,1.3212961996e+01
1.9945590120e-04,1.6398628465e-04,1.3241676220e+01
1.4508732046e-04,1.6565810088e-04,1.7914161282e+01
1.3345132159e-04,1.6428777206e-04,1.7491517585e+01
1.2584773580e-04,1.6343702097e-04,1.8002575183e+01
1.1827794151e-04,1.6255819402e-04,1.8128267422e+01
1.1449339497e-04,1.6209129409e-04,1.8143096578e+01
1.0691295145e-04,1.6106715048e-04,1.8125633292e+01
9.9312090937e-05,1.5987641317e-04,1.8090578105e+01
9.1690609357e-05,1.5845620801e-04,1.8042436180e+01
8.7874046571e-05,1.5763553064e-04,1.8030816498e+01
8.0241890719e-05,1.5570802061e-04,1.8058049479e+01
7.6443898412e-05,1.5456566953e-04,1.8103964885e+01
7.2679923470e-05,1.5327087193e-04,1.8156917220e+01
6.8978552665e-05,1.5178800623e-04,1.8291878586e+01
6.5379000764e-05,1.5006339525e-04,1.7559394022e+01
6.1968296381e-05,1.4798673254e-04,2.3229472849e+01
5.9153144753e-05,1.4528309222e-04,1.9241613936e+00
5.4796986401e-05,1.4077218149e-04,1.0448157498e+02
5.0925401289e-05,1.3920545136e-04,9.1822698617e+01
4.8893943903e-05,1.3854705234e-04,8.7723293703e+01
4.6818048828e-05,1.3795220072e-04,8.4289106970e+01
4.4706362707e-05,1.3740985599e-04,8.1132731585e+01
4.2564089845e-05,1.3691212781e-04,7.8263902600e+01
4.0395324490e-05,1.3645327273e-04,7.5552017487e+01
3.8202768117e-05,1.3602801026e-04,7.3044270429e+01
3.5988582716e-05,1.3563210768e-04,7.0608904915e+01
3.3754342995e-05,1.3526191853e-04,6.8250511927e+01
3.1501261036e-05,1.3491435408e-04,6.5949296554e+01
2.9230276582e-05,1.3458672332e-04,6.3699209693e+01
2.6941993793e-05,1.3427658153e-04,6.1468402421e+01
2.4636864008e-05,1.3398168446e-04,5.9256280712e+01
2.2315132960e-05,1.3369993834e-04,5.7040763753e+01
1.9976819306e-05,1.3342930461e-04,5.4807129102e+01
1.7621696922e-05,1.3316760129e-04,5.2555622218e+01
1.5249319714e-05,1.3291208805e-04,5.0369331468e+01
1.2860663473e-05,1.3265871732e-04,4.9118351314e+01
1.0464574670e-05,1.3241173421e-04,5.0729146574e+01
8.0771219465e-06,1.3218473128e-04,5.1760248343e+01
3.2981013644e-06,1.3177332279e-04,4.9307438376e+01
8.9753935729e-07,1.3157769224e-04,4.7909747597e+01
-3.9285152105e-06,1.3119799092e-04,4.5154433810e+01
-6.3541746206e-06,1.3101199203e-04,4.3802757293e+01
-1.1230729990e-05,1.3064394053e-04,4.1167744780e+01
-1.3681460321e-05,1.3046058353e-04,3.9874936820e+01
-1.6140379172e-05,1.3027695416e-04,3.8629489015e+01
-1.8607190773e-05,1.3009253259e-04,3.7425156860e+01
-2.3563459081e-05,1.2971947484e-04,3.5076254749e+01
-2.6052752918e-05,1.2952988480e-04,3.3869617292e+01
-3.1053109797e-05,1.2914255865e-04,3.2355247607e+01
-3.3563852908e-05,1.2894409175e-04,3.2256395654e+01
-3.6081421709e-05,1.2874196529e-04,3.2230029453e+01
-3.8605638175e-05,1.2853585651e-04,3.2229068737e+01
-4.3673367159e-05,1.2811051233e-04,3.2236105328e+01
-4.6216528101e-05,1.2789071365e-04,3.2248247080e+01
-4.8765654602e-05,1.2766580738e-04,3.2262367772e+01
-5.1320577137e-05,1.2743553719e-04,3.2278508823e+01
-5.6447096820e-05,1.2695797309e-04,3.2316048998e+01
-5.9018354648e-05,1.2671023674e-04,3.2336719894e+01
-6.1594713858e-05,1.2645623820e-04,3.2355733629e+01
-6.4175971809e-05,1.2619578251e-04,3.2381666216e+01
-6.6762004854e-05,1.2592866807e-04,3.2411629712e+01
-6.9352613333e-05,1.2565471529e-04,3.2438368584e+01
-7.1947629920e-05,1.2537374729e-04,3.2467753659e+01
-7.4546884414e-05,1.2508559028e-04,3.2498542236e+01
-7.7150205219e-05,1.2479007525e-04,3.2531529082e+01
-7.9757446198e-05,1.2448703996e-04,3.2561235445e+01
-8.2368382396e-05,1.2417634260e-04,3.2594372889e+01
-8.4982900979e-05,1.2385782369e-04,3.2631790778e+01
-8.7600816234e-05,1.2353134616e-04,3.2668385085e+01
-9.0221963524e-05,1.2319676567e-04,3.2706238403e+01
-9.2846180249e-05,1.2285394637e-04,3.2744483042e+01
-9.5473301623e-05,1.2250275947e-04,3.2783944801e+01
-9.8103155272e-05,1.2214308437e-04,3.2826861202e+01
-1.0073561252e-04,1.2177479217e-04,3.2868703978e+01
-1.0337046362e-04,1.2139776891e-04,3.2913204783e+01
-1.0600760368e-04,1.2101189108e-04,3.2957377273e+01
-1.0864682236e-04,1.2061705792e-04,3.3002051879e+01
-1.1128799899e-04,1.2021314858e-04,3.3049492593e+01
-1.1393096594e-04,1.1980006342e-04,3.3096983384e+01
-1.1657556103e-04,1.1937770025e-04,3.3145492941e+01
-1.1922163612e-04,1.1894594150e-04,3.3196744859e+01
-1.2186903155e-04,1.1850470176e-04,3.3248088242e+01
-1.2451760377e-04,1.1805388344e-04,3.3300207312e+01
-1.2716719576e-04,1.1759338628e-04,3.3354260689e+01
-1.2981765377e-04,1.1712312305e-04,3.3408825131e+01
-1.3246881420e-04,1.1664299571e-04,3.3465368487e+01
-1.3512056569e-04,1.1615290559e-04,3.3522089018e+01
-1.3777271257e-04,1.1565278368e-04,3.3579577115e+01
-1.4042514020e-04,1.1514253651e-04,3.3638621079e+01
-1.4307767725e-04,1.1462207806e-04,3.3699262448e+01
-1.4573019092e-04,1.1409131504e-04,3.3760403385e+01
-1.4838253208e-04,1.1355016741e-04,3.3822316961e+01
-1.5103452442e-04,1.1299855945e-04,3.3886602520e+01
-1.5368607208e-04,1.1243640254e-04,3.3952265515e+01
-1.5633700720e-04,1.1186362466e-04,3.4017821404e+01
-1.5898715762e-04,1.1128014557e-04,3.4084231876e+01
-1.6163641276e-04,1.1068587389e-04,3.4152481755e+01
-1.6428460807e-04,1.1008074697e-04,3.4221683914e+01
-1.6693159936e-04,1.0946468552e-04,3.4292712862e+01
-1.6957724870e-04,1.0883761270e-04,3.4363889667e+01
-1.7222140312e-04,1.0819944779e-04,3.4436259023e+01
-1.7486392157e-04,1.0755011776e-04,3.4510308550e+01
-1.7750463519e-04,1.0688956793e-04,3.4585100904e+01
-1.8014344248e-04,1.0621770328e-04,3.4661641046e+01
-1.8278017112e-04,1.0553445951e-04,3.4739084990e+01
-1.8541468869e-04,1.0483975884e-04,3.4817403416e+01
-1.8804687253e-04,1.0413352725e-04,3.4896521505e+01
-1.9067656543e-04,1.0341571801e-04,3.4976041231e+01
-1.9330362316e-04,1.0268626301e-04,3.5055580310e+01
-1.9592788223e-04,1.0194509801e-04,3.5136428299e+01
-1.9854915355e-04,1.0119217434e-04,3.5217567180e+01
-2.0116734521e-04,1.0042741371e-04,3.5299595970e+01
-2.0378226947e-04,9.9650785549e-05,3.5382190187e+01
-2.0639377452e-04,9.8862231420e-05,3.5464315994e+01
-2.0900171781e-04,9.8061694546e-05,3.5546962486e+01
-2.1160589853e-04,9.7249136276e-05,3.5628931225e+01
-2.1420623131e-04,9.6424517252e-05,3.5710771631e+01
-2.1680246349e-04,9.5587828590e-05,3.5790830713e+01
-2.1939447961e-04,9.4739018320e-05,3.5870149510e+01
-2.2198207825e-04,9.3878078246e-05,3.5947445673e+01
-2.2456505793e-04,9.3005009051e-05,3.6021996620e+01
-2.2714323156e-04,9.2119827908e-05,3.6092221902e+01
-2.2971635797e-04,9.1222537122e-05,3.6157544935e+01
-2.3228418575e-04,9.0313169387e-05,3.6212542855e+01
-2.3484637588e-04,8.9391753520e-05,3.6261122825e+01
-2.3740235621e-04,8.8458431930e-05,3.6294601481e+01
-2.3995141375e-04,8.7513161251e-05,3.6328203365e+01
-2.4249198747e-04,8.6556006871e-05,3.6447626252e+01
-2.4502254651e-04,8.5586795905e-05,3.6777885959e+01
-2.4754348063e-04,8.4605852622e-05,3.7232592523e+01
-2.5005761227e-04,8.3612927214e-05,3.7653556290e+01
-2.5256758696e-04,8.2607347759e-05,3.7963435510e+01
-2.5507514626e-04,8.1588605976e-05,3.8139972660e+01
-2.5758035624e-04,8.0556941356e-05,3.8228160621e+01
-2.6008213520e-04,7.9512759114e-05,3.8315145863e+01
-2.6257957365e-04,7.8456683930e-05,3.8403497099e+01
-2.6507241251e-04,7.7389125109e-05,3.8494809615e+01
-2.6756047846e-04,7.6310475202e-05,3.8591187034e+01
-2.7004367689e-04,7.5221261283e-05,3.8688165593e+01
-2.7252204249e-04,7.4122060229e-05,3.8782558254e+01
-2.7499571178e-04,7.3013498424e-05,3.8883641646e+01
-2.7746480690e-04,7.1896333745e-05,3.8976292971e+01
-2.7992983690e-04,7.0771368881e-05,3.9069559583e+01
-2.8239107216e-04,6.9639783082e-05,3.9152204963e+01
-2.8484918085e-04,6.8502815638e-05,3.9231418437e+01
-2.8730491048e-04,6.7361931832e-05,3.9301301043e+01
-2.8975924997e-04,6.6218941520e-05,3.9353550466e+01
-2.9221344384e-04,6.5076057340e-05,3.9387451292e+01
-2.9466911868e-04,6.3935934188e-05,3.9387978566e+01
-2.9712816802e-04,6.2801822280e-05,3.9356191886e+01
-2.9959299814e-04,6.1677962641e-05,3.9282426840e+01
-3.0206723681e-04,6.0569508324e-05,3.9090737470e+01
-3.0455419921e-04,5.9483366431e-05,3.8875145626e+01
-3.0705930769e-04,5.8428914827e-05,3.8521466843e+01
-3.0958874277e-04,5.7419593273e-05,3.7905778474e+01
-3.1215061605e-04,5.6476374761e-05,3.7530948766e+01
-3.1475783024e-04,5.5635951579e-05,3.7077970574e+01
-3.1742006732e-04,5.5011251666e-05,3.0563224463e+01
-3.2043632416e-04,5.4648741034e-05,1.9643010397e+01
-3.2477095237e-04,5.4022476694e-05,1.4718335283e+01
-3.3028060129e-04,5.2252295458e-05,1.1628133065e+01
-3.3576279534e-04,4.9730088091e-05,1.2196259822e+01
-3.4118689418e-04,4.6802638905e-05,1.1908277827e+01
-3.4659004074e-04,4.3555729159e-05,1.1644950031e+01
-3.5199652755e-04,4.0020939524e-05,1.1304473926e+01
-3.5742636746e-04,3.6207963194e-05,1.0924681693e+01
-3.6290131650e-04,3.2110386908e-05,1.0499734323e+01
-3.6843682012e-04,2.7712578593e-05,1.0070755334e+01
-3.7405880293e-04,2.2984001341e-05,9.5887807756e+00
-3.7980367838e-04,1.7882473824e-05,9.0379565619e+00
-3.8573344796e-04,1.2364085137e-05,8.7083913126e+00
-3.9207183059e-04,6.4002345036e-06,8.2502893897e+00
-3.9600000000e-04,3.0463089129e-20,-6.1032587657e-01
-7.5102334502e-08,1.2920902874e-04,4.4408939746e+01
-1.7862505321e-04,1.0460060748e-04,3.4680795838e+01
1.8353901734e-04,1.6322109833e-04,1.3604653056e+01
2.1903012986e-04,1.5696033659e-04,1.3298160427e+01
2.5655888427e-04,2.5273206436e-06,2.2034356437e+01
2.7782700572e-04,1.3526341067e-04,1.2742777417e+01
3.0486063211e-04,1.1917073509e-04,1.2513783127e+01
3.0434992161e-04,3.1448543666e-06,1.7851187341e+01
3.2568110486e-04,1.0404690625e-04,1.2321916880e+01
3.2448819124e-04,3.3631010985e-06,1.7114115828e+01
3.4538528966e-04,8.5283498884e-05,1.2169111961e+01
-3.4275935905e-04,2.3644675208e-06,2.0084824906e+01
3.4499356589e-04,3.6647632635e-06,1.5110705861e+01
-1.2554860060e-04,1.1596514394e-04,3.3316317724e+01
7.2672546924e-05,1.4964780847e-04,1.9996471166e+01
1.6477086209e-04,1.6406968533e-04,1.3450788282e+01
-3.5825361546e-04,3.1267103294e-06,2.1175362374e+01
2.9233129208e-04,3.1779078126e-06,1.7624028810e+01
2.4457100411e-04,2.3264424515e-06,2.1641797154e+01
-3.7025215414e-04,3.6321946708e-06,1.6503259956e+01
-3.6980192059e-04,2.3954249587e-05,1.0270108005e+01
-3.8209746644e-04,4.1164816618e-06,6.9322270175e+00
3.8439372023e-04,4.3178781567e-06,3.8212630042e+00
-3.5048911500e-04,2.6995355656e-06,2.1173735444e+01
3.3680011689e-04,3.5456670961e-06,1.6518398348e+01
3.1653565564e-04,3.1012932956e-06,1.7484702284e+01
2.3658931931e-04,2.2065227578e-06,2.1371844290e+01
1.4302324632e-05,1.3045261410e-04,4.8372895725e+01
-6.0026458982e-05,1.2453181847e-04,3.2177558281e+01
-7.3388666362e-05,1.2316971361e-04,3.2358298062e+01
-1.2021590499e-04,1.1664294071e-04,3.3201154327e+01
-1.5255904030e-04,1.1083534791e-04,3.3956716103e+01
1.3974827540e-04,1.6272400473e-04,1.7285607132e+01
1.9231779805e-04,1.6216570323e-04,1.3528396696e+01
-2.0472992677e-04,9.7396464048e-05,3.5478647723e+01
2.1050999189e-04,1.5892438097e-04,1.3373572989e+01
2.9699320110e-04,1.2454572955e-04,1.2568005045e+01
3.5184079313e-04,7.8404758746e-05,1.2097070969e+01
-3.2290914111e-04,5.1842889423e-05,1.8299304424e+01
3.7605649565e-04,4.4689082989e-05,1.1572238322e+01
-3.4349389486e-04,4.2561891086e-05,1.2426590125e+01
-3.8186764271e-04,1.3265687202e-05,8.9037839793e+00
-3.8944253096e-04,4.2741658103e-06,7.3561320548e-01
-3.7614635529e-04,8.0141071296e-06,1.1268332070e+01
-3.7019351105e-04,1.1625865338e-05,1.2633542243e+01
-3.6427785887e-04,1.4960800825e-05,1.3280629035e+01
-3.5841153721e-04,1.8047261585e-05,1.3846465701e+01
-3.5592518765e-04,2.1958989645e-05,1.3440262293e+01
-3.5014939078e-04,2.4732883956e-05,1.4268186950e+01
-3.3870229565e-04,2.9689869922e-05,1.6959181754e+01
-3.3769828019e-04,2.4858106306e-05,1.7011702403e+01
-3.3031078875e-04,3.0419583318e-05,1.7017964491e+01
-3.2273707119e-04,3.0869362509e-05,1.7114821818e+01
-3.1736973210e-04,2.8337083498e-05,1.7165815747e+01
-3.1069122061e-04,2.8895625900e-05,1.7162592449e+01
-3.0435216207e-04,2.9494321123e-05,1.7151785164e+01
-2.9826443291e-04,3.0145720783e-05,1.7158768035e+01
-2.8985319893e-04,3.0091554779e-05,1.7149599877e+01
-2.8416321362e-04,3.0939104563e-05,1.7249904671e+01
-2.6401828797e-04,3.5760847699e-05,3.1328011736e+01
-2.5258613171e-04,3.6282222818e-05,3.5025400303e+01
-2.4383355643e-04,3.7367195115e-05,3.7032212714e+01
-2.3784711238e-04,3.6849425795e-05,3.8160607651e+01
-2.3172717843e-04,3.6409911971e-05,3.9173296428e+01
-1.8358084171e-04,4.3369839421e-05,4.2321026122e+01
-1.7708743983e-04,4.3174551692e-05,4.2670492947e+01
-1.7143227342e-04,4.4791582494e-05,4.2600354401e+01
-1.6490130799e-04,4.4622510192e-05,4.2897511569e+01
-1.5832602006e-04,4.4471291530e-05,4.3176989445e+01
-1.5171086739e-04,4.4335852101e-05,4.3440396004e+01
-1.4505985817e-04,4.4214531978e-05,4.3688837103e+01
-1.3837679982e-04,4.4105915215e-05,4.3922872741e+01
-1.3167072974e-04,4.4010077890e-05,4.4142010360e+01
-5.3539122225e-05,5.0448493167e-05,4.3371072175e+01
-4.6862970591e-05,5.0501978460e-05,4.3090212524e+01
-4.0197915109e-05,5.0576322960e-05,4.2697737484e+01
-3.3541873433e-05,5.0674918192e-05,4.2173291718e+01
-2.6901750581e-05,5.0800382300e-05,4.1495046841e+01
-2.0282096521e-05,5.0955335003e-05,4.0639145119e+01
-1.3687171255e-05,5.1142579738e-05,3.9580134560e+01
-7.1244554089e-06,5.1365397594e-05,3.8292219031e+01
1.4537264860e-06,4.9935631633e-05,3.6445063304e+01
7.9631483256e-06,5.0235490990e-05,3.4544733730e+01
1.4415141635e-05,5.0577866295e-05,3.2361174877e+01
5.2729484299e-05,5.5822311497e-05,2.2561466590e+01
5.9059067197e-05,5.6649860327e-05,2.2572222719e+01
6.5476359140e-05,5.7567323076e-05,2.2589243389e+01
7.1228969189e-05,5.6236187250e-05,2.2619494515e+01
7.7858772173e-05,5.7271507758e-05,2.2649981585e+01
9.9179954487e-05,6.3559700530e-05,2.2778141037e+01
1.0557074637e-04,6.2343131280e-05,2.2824638225e+01
-7.3572605998e-05,5.0399227015e-05,4.3707998566e+01
1.1283543749e-04,6.3844712934e-05,2.2871774023e+01
-9.3552469529e-05,5.0481744718e-05,4.3553139505e+01
1.2475722703e-04,6.9180090642e-05,2.2655229134e+01
1.3226526420e-04,7.0973753924e-05,2.0717603686e+01
1.3906358820e-04,6.9751874143e-05,1.9527793277e+01
1.4651837352e-04,7.1547183961e-05,1.8132514439e+01
1.1799110893e-04,7.0328312035e-05,2.2884936730e+01
1.5080628788e-04,7.5600811275e-05,1.7115713943e+01
1.5818151092e-04,7.7488384134e-05,1.7078150178e+01
1.5705549482e-04,7.1085163029e-05,1.7094957294e+01
1.6509170981e-04,7.6133110858e-05,1.7075697484e+01
1.7269218589e-04,7.8130511594e-05,1.7067732628e+01
-1.0459560072e-04,4.3725178017e-05,4.4848378942e+01
1.7977352496e-04,7.6729047361e-05,1.7056505174e+01
1.8367006276e-04,7.7768334300e-05,1.7041057331e+01
1.8625470235e-04,7.1804477001e-05,1.7060259494e+01
1.9086327344e-04,7.6320999655e-05,1.7022963900e+01
1.9884688034e-04,7.8469481523e-05,1.6982447168e+01
2.0618890263e-04,7.6973739876e-05,1.6865806142e+01
2.1026974470e-04,7.8071016796e-05,1.6435895893e+01
2.1278200134e-04,7.1725101914e-05,1.6795447034e+01
2.1765550049e-04,7.6490028734e-05,1.6167474389e+01
2.2017985076e-04,7.0107347194e-05,1.6369289564e+01
2.2427504886e-04,7.1120102338e-05,1.6162827256e+01
2.0364395100e-04,8.3298447750e-05,1.6685684216e+01
2.3167463988e-04,6.9386109005e-05,1.5954954238e+01
2.3983694003e-04,7.1281740360e-05,1.5630179687e+01
2.4390636822e-04,7.2203140090e-05,1.5497696972e+01
2.4462480294e-04,7.5925019965e-05,1.5350133462e+01
1.7009237284e-04,8.4007129616e-05,1.7054707040e+01
-1.1817379416e-04,4.3848478355e-05,4.4533749117e+01
-1.9952525074e-04,4.3973627088e-05,4.1323610292e+01
2.5130824824e-04,7.0274720391e-05,1.5415319906e+01
2.5871331183e-04,6.8269823664e-05,1.5346133875e+01
2.5798168180e-04,6.4563461453e-05,1.5493489927e+01
2.6277175510e-04,6.9096280995e-05,1.5244891660e+01
2.7086045152e-04,7.0701977381e-05,1.5050001402e+01
2.7825312927e-04,6.8506914412e-05,1.4980636567e+01
2.7757611212e-04,6.4777659924e-05,1.5113444328e+01
2.8497289117e-04,6.2501151362e-05,1.5035240455e+01
2.8900257089e-04,6.3200245302e-05,1.4923462396e+01
2.9168344802e-04,5.6419893205e-05,1.5084544611e+01
2.9701890845e-04,6.4564710134e-05,1.4690247212e+01
3.0436981732e-04,6.2106713659e-05,1.4575392172e+01
3.1109489467e-04,5.5785967701e-05,1.4586076764e+01
3.1781089196e-04,4.9366861816e-05,1.4589947376e+01
3.0555320220e-04,6.9699620631e-05,1.4302936532e+01
3.1901021923e-04,5.6956757159e-05,1.4297746586e+01
-2.1913982200e-04,3.5716697910e-05,4.0886571316e+01
2.0506854079e-04,9.0784727048e-05,1.6061499423e+01
2.0636694822e-04,9.8315042919e-05,1.5640569378e+01
2.1094645947e-04,1.0324289810e-04,1.5297232839e+01
2.0464842262e-04,1.1229657721e-04,1.5228224821e+01
2.1203747903e-04,1.1082712198e-04,1.5056271958e+01
1.9774086245e-04,1.1747577825e-04,1.5319941246e+01
1.9033958134e-04,1.1875069182e-04,1.5625263747e+01
2.1942829134e-04,1.0926979700e-04,1.4926040943e+01
2.2338693562e-04,1.1035713403e-04,1.4824467504e+01
1.9077281011e-04,1.2255772158e-04,1.5459452604e+01
1.8335415197e-04,1.2371884892e-04,1.5884062982e+01
1.7944279044e-04,1.2235419888e-04,1.6199236285e+01
1.7203379719e-04,1.2334078129e-04,1.7057218017e+01
1.6397648555e-04,1.1673193782e-04,1.7012522134e+01
1.5683908951e-04,1.1758920317e-04,1.7042816108e+01
1.5312785809e-04,1.1614233936e-04,1.7058313596e+01
1.4616512315e-04,1.1690062301e-04,1.7086563306e+01
1.3931249924e-04,1.1758980887e-04,1.7107125231e+01
1.3190842763e-04,1.1114798332e-04,1.7078932889e+01
1.2532392009e-04,1.1181609975e-04,1.7077097023e+01
1.1850871170e-04,1.0906021322e-04,1.7952869917e+01
1.1204444460e-04,1.0961830581e-04,2.0310431516e+01
1.0461218971e-04,1.0355731313e-04,2.2739856812e+01
9.8250242272e-05,1.0405184684e-04,2.2668429282e+01
9.2056630024e-05,1.0451258543e-04,2.2524031142e+01
7.8792760433e-05,9.6760064589e-05,2.2312269888e+01
7.3159743696e-05,9.7384070592e-05,2.2186381595e+01
6.4761439244e-05,9.7004801505e-05,2.2068881398e+01
5.2629175288e-05,9.0910494434e-05,2.2192261718e+01
4.6954440732e-05,8.9398093414e-05,2.2239501488e+01
3.9290726718e-05,8.9699116222e-05,2.2276337367e+01
3.1822848908e-05,9.0127710016e-05,2.4108849589e+01
5.6635485942e-06,8.4104946675e-05,3.4360896779e+01
-1.0780561044e-07,8.3547890069e-05,3.5589921919e+01
-5.9154045497e-06,8.3070694931e-05,3.6529389746e+01
-1.3564637778e-05,8.4494315446e-05,3.7358660983e+01
-1.9397542955e-05,8.4164350401e-05,3.7738898108e+01
-2.5251515968e-05,8.3890404962e-05,3.7973817118e+01
-3.4064584001e-05,8.3571937018e-05,3.8118902698e+01
-3.9956816937e-05,8.3414077020e-05,3.8113697967e+01
-4.5859154330e-05,8.3294851401e-05,3.8050656859e+01
-5.1768873907e-05,8.3210749480e-05,3.7946046538e+01
-6.0641595043e-05,8.3143777687e-05,3.7739312393e+01
-6.6558502382e-05,8.3135014379e-05,3.7582792433e+01
-7.2473549234e-05,8.3152508675e-05,3.7420164814e+01
-7.8385504416e-05,8.3195114886e-05,3.7256916203e+01
-8.7241032533e-05,8.3302750378e-05,3.7019875150e+01
-9.3131396715e-05,8.3403250008e-05,3.6871011338e+01
-9.9010085060e-05,8.3525639899e-05,3.6731617372e+01
-1.0487385371e-04,8.3669972427e-05,3.6602675906e+01
-1.1363588113e-04,8.3928137539e-05,3.6429741084e+01
2.7125749484e-05,9.1255344122e-05,2.7552235591e+01
-1.1945099179e-04,8.4128775500e-05,3.6328052170e+01
5.9539359755e-05,9.7684432603e-05,2.1996289923e+01
-1.2524199182e-04,8.4353073942e-05,3.6236844387e+01
-1.3288446209e-04,8.2716737061e-05,3.6435540347e+01
-1.3864800846e-04,7.7111228718e-05,3.7296883060e+01
-1.6671874219e-04,7.6716430778e-05,3.7107621054e+01
-1.7238926208e-04,7.7132513475e-05,3.7010868766e+01
-1.7800432705e-04,7.7589022517e-05,3.6917254886e+01
-1.9238026765e-04,7.0720467443e-05,3.7648686530e+01
-1.9793594489e-04,7.1272449619e-05,3.7502406493e+01
-2.0571467020e-04,7.0056768344e-05,3.7520964074e+01
1.5749763875e-04,1.2502577251e-04,1.7043846278e+01
-2.2598999843e-04,6.4271921538e-05,3.7598310914e+01
1.1114690941e-04,1.0302945897e-04,2.2417755371e+01
-2.3108459957e-04,6.2906185819e-05,3.7521282472e+01
2.2438131636e-04,1.1795473445e-04,1.4639924691e+01
1.1915224865e-04,1.1584242621e-04,1.6899056852e+01
1.1950058886e-04,6.2620090513e-05,2.2900728905e+01
9.4196367963e-05,5.7719288128e-05,2.2752064170e+01
1.3322738029e-05,8.2993791104e-05,3.1869764120e+01
3.0274487642e-04,7.6648259538e-05,1.4163487290e+01
2.3179919341e-04,1.1627091877e-04,1.4545723452e+01
3.1650586742e-04,4.1871479608e-05,1.4893678089e+01
-2.5145869416e-04,5.7896254447e-05,3.6465733964e+01
3.1580995691e-04,3.8158887757e-05,1.5054282897e+01
2.3970287775e-04,1.1831533531e-04,1.4354050317e+01
2.4316544807e-04,1.1551047097e-04,1.4360552925e+01
-2.5894700048e-04,5.7426741879e-05,3.5802778490e+01
1.7121569918e-04,1.1579016063e-04,1.6979603330e+01
2.5644465671e-04,5.7188757867e-05,1.5817114987e+01
2.5894548569e-04,5.0664578632e-05,1.6073619382e+01
2.5724556404e-04,4.3390548186e-05,1.6896420946e+01
2.5313433300e-04,4.2688468000e-05,1.7078647706e+01
2.5977016655e-04,3.7156519878e-05,1.7023338981e+01
2.6385294345e-04,3.7734510185e-05,1.7098640389e+01
2.4438787617e-04,3.8402907333e-05,1.7106160076e+01
2.3641044943e-04,3.7535227184e-05,1.7289462250e+01
2.3241091222e-04,3.7073191823e-05,1.7449042420e+01
2.2441240423e-04,3.6103288978e-05,1.7548464593e+01
2.1712106350e-04,3.8018248252e-05,1.7461588710e+01
2.1315204221e-04,3.7492600648e-05,1.7502805200e+01
2.0524328957e-04,3.6431598711e-05,1.7621558100e+01
1.8493994578e-04,3.1076531555e-05,1.8474961975e+01
1.7712195949e-04,3.0120515277e-05,1.8930341648e+01
1.7321567175e-04,2.9654643071e-05,1.9206364819e+01
1.6540350030e-04,2.8752756124e-05,1.9853760965e+01
1.5829787811e-04,3.0403233233e-05,2.0369548689e+01
1.5048586746e-04,2.9527201086e-05,2.1276503664e+01
1.4657510119e-04,2.9109106484e-05,2.1788992090e+01
1.1877566593e-04,2.4489731453e-05,2.2882390675e+01
1.1126745692e-04,2.4022440028e-05,2.2856775888e+01
1.0755052453e-04,2.3816389216e-05,2.2845078318e+01
1.0018897642e-04,2.3455097734e-05,2.2826498122e+01
9.2920037719e-05,2.3157387142e-05,2.2814724076e+01
8.5739626947e-05,2.2916231962e-05,2.2810557419e+01
7.8644055895e-05,2.2724132398e-05,2.2822143058e+01
7.2415063149e-05,2.4331835937e-05,2.2729648234e+01
6.5484529183e-05,2.4175818715e-05,2.3835565825e+01
5.8508658297e-05,2.4022215673e-05,2.5505727199e+01
5.1473832498e-05,2.3869037649e-05,2.7396680223e+01
4.6864822931e-05,2.2098685629e-05,2.9192962546e+01
4.0821722592e-05,2.3644361278e-05,3.0485496075e+01
3.3659315617e-05,2.3501211585e-05,3.2617743644e+01
2.6452230175e-05,2.3365671547e-05,3.4736284409e+01
1.9206450285e-05,2.3239421134e-05,3.6785747246e+01
1.1926300014e-05,2.3123683752e-05,3.8721077991e+01
9.4795615508e-07,2.2971628354e-05,4.1340694443e+01
-6.4008503712e-06,2.2884961344e-05,4.2869589341e+01
-1.3771513276e-05,2.2810165605e-05,4.4215649869e+01
-3.2261190820e-05,2.2670749870e-05,4.6799077298e+01
-3.9674608020e-05,2.2632345986e-05,4.7544656918e+01
-4.7084843828e-05,2.2599839674e-05,4.8145259990e+01
-6.5654240236e-05,2.2559466693e-05,4.9109364516e+01
-7.3078066421e-05,2.2553088925e-05,4.9316557151e+01
-9.9029761862e-05,2.2568732383e-05,4.9459607787e+01
-1.0643001880e-04,2.2582364530e-05,4.9372831520e+01
-1.3225264894e-04,2.2658010073e-05,4.8753949525e+01
-1.3960244175e-04,2.2687655934e-05,4.8500607105e+01
-1.5788353138e-04,2.2782881320e-05,4.7726303887e+01
-8.5915100185e-05,2.4117859582e-05,4.9170290908e+01
-1.6519291277e-04,2.2821839473e-05,4.7355179906e+01
-1.7244731160e-04,2.2872172455e-05,4.6943666201e+01
1.2567218201e-04,2.2868062707e-05,2.2905676105e+01
-2.3755798198e-04,1.7151295036e-05,3.9988972059e+01
3.2319103088e-04,3.5356809034e-05,1.4916900683e+01
2.5006007996e-04,1.0985070951e-04,1.4375764609e+01
-2.5161032062e-04,1.7492726582e-05,3.5839355588e+01
-2.0475755180e-04,2.3210911891e-05,4.4372433436e+01
3.0382299541e-04,8.4336814454e-05,1.3884821929e+01
2.9706597123e-04,9.0514092920e-05,1.3880763684e+01
2.9028972347e-04,9.6612620776e-05,1.3871077909e+01
3.1056297038e-04,7.8075743850e-05,1.3881615844e+01
-2.6394594838e-04,5.6448115075e-05,3.5183365482e+01
2.6979551270e-04,2.8911457492e-05,1.7034870792e+01
2.7789572461e-04,2.9710292973e-05,1.7109366853e+01
-2.6506181995e-04,1.6258009308e-05,3.0041192337e+01
-2.7170802780e-04,1.6614006335e-05,2.6133767498e+01
-2.1152018798e-04,4.2714909356e-05,4.0666511070e+01
2.6582639110e-04,2.8629053856e-05,1.7231381600e+01
2.4598863617e-04,8.3401779841e-05,1.5091250812e+01
3.2247914379e-04,3.1654496393e-05,1.5097708239e+01
3.1108105629e-04,8.1950315883e-05,1.3734713857e+01
2.5796461967e-04,1.1173406472e-04,1.4173345986e+01
2.5846750200e-04,1.1554527304e-04,1.4052363687e+01
1.7131252141e-04,9.1133659460e-05,1.7030186651e+01
2.8621050746e-04,3.0817211464e-05,1.6474149056e+01
-2.7812883084e-04,1.7082319895e-05,2.1615629966e+01
-2.7702233091e-04,5.0820099386e-05,3.1439564519e+01
-2.8427234327e-04,1.7696196266e-05,1.6870011536e+01
2.5000796958e-04,8.4319958007e-05,1.4999054232e+01
2.7961091686e-04,3.6801294724e-05,1.6129329771e+01
-1.8535513459e-04,8.4519458634e-05,3.6129252934e+01
3.1175040843e-04,3.7675032863e-05,1.5199378434e+01
2.9038048979e-04,3.1394568652e-05,1.6076363496e+01
-2.9077198280e-04,1.6381912257e-05,1.7067853021e+01
-2.8417718069e-04,5.1135322687e-05,2.9786294369e+01
3.2985410969e-04,2.8720376788e-05,1.4936987348e+01
2.9279555389e-04,2.4761011257e-05,1.6610019734e+01
2.9698611744e-04,2.5274197344e-05,1.6314064550e+01
2.8583373656e-04,9.1968911134e-05,1.4131162626e+01
1.6747173884e-04,8.9941396564e-05,1.7043617954e+01
-1.7313483277e-04,6.3373774251e-05,3.9095570741e+01
-1.7083254193e-04,5.7558197187e-05,4.0175801206e+01
-1.7175891303e-04,9.1491632305e-05,3.5394392502e+01
2.4325627656e-04,8.9975833723e-05,1.4958546865e+01
2.3925036540e-04,8.9015914388e-05,1.5051623266e+01
1.6481252132e-04,9.5911879858e-05,1.7036789726e+01
-2.9687275490e-04,1.7194074750e-05,1.7090125314e+01
-3.0377119559e-04,1.5899242646e-05,1.7084492576e+01
3.1879601265e-04,8.3429814257e-05,1.3410839856e+01
-2.9183495048e-04,4.9395499269e-05,2.5604007614e+01
2.6307419652e-04,5.1445406162e-05,1.5923718085e+01
3.2548626400e-04,7.7026081374e-05,1.3381495017e+01
3.3215593659e-04,7.0521500478e-05,1.3336291720e+01
3.3880440309e-04,6.3905092023e-05,1.3268991554e+01
3.4543027214e-04,5.7163488880e-05,1.3167781792e+01
3.5203017559e-04,5.0281084677e-05,1.3010891437e+01
3.5116280355e-04,4.2202702962e-05,1.3266262858e+01
3.5069722407e-04,3.8216090153e-05,1.3379653516e+01
3.5777356536e-04,3.5066809817e-05,1.2900593338e+01
3.5731576504e-04,3.1045219447e-05,1.2929421546e+01
-1.5895043483e-04,6.4576256611e-05,3.9186872895e+01
-1.5289616289e-04,6.4317074809e-05,3.9358213806e+01
-1.4679850903e-04,6.4082608060e-05,3.9528783325e+01
-1.3757822673e-04,6.3773541589e-05,3.9783721686e+01
-1.3138887078e-04,6.3591818763e-05,3.9953506767e+01
-1.2516823271e-04,6.3428807562e-05,4.0122718517e+01
-1.1891968395e-04,6.3283839208e-05,4.0290622957e+01
-1.1264645092e-04,6.3155281407e-05,4.0456264271e+01
-1.0635136441e-04,6.3042524911e-05,4.0617940935e+01
-1.0003715391e-04,6.2946230005e-05,4.0773067783e+01
-9.1937219190e-05,6.4657574760e-05,4.0581009657e+01
-8.5632349910e-05,6.4595440399e-05,4.0713135600e+01
-7.9316982899e-05,6.4550532383e-05,4.0827091732e+01
-7.2993758875e-05,6.4523795822e-05,4.0916210239e+01
-6.6665269740e-05,6.4517185988e-05,4.0972151781e+01
-5.8711882594e-05,6.2739811116e-05,4.1296859487e+01
-5.2339253175e-05,6.2782688049e-05,4.1218516746e+01
-4.5970914871e-05,6.2851081978e-05,4.1062805768e+01
-3.9610230951e-05,6.2947248631e-05,4.0811757830e+01
-3.3260799028e-05,6.3073562635e-05,4.0444484969e+01
-2.6927140006e-05,6.3237053836e-05,3.9936321459e+01
-2.0613332633e-05,6.3437252584e-05,3.9259941657e+01
-1.4324541496e-05,6.3679085062e-05,3.8383786577e+01
3.2142697034e-05,6.9498308556e-05,2.2536539770e+01
4.0942099048e-05,7.0833654161e-05,2.2482415142e+01
4.6099062063e-05,6.9575425047e-05,2.2480698417e+01
5.2132152793e-05,7.0633517230e-05,2.2471974678e+01
7.1427154999e-05,7.6995959974e-05,2.2490931968e+01
8.0390429331e-05,7.6755880827e-05,2.2570541824e+01
9.7787746456e-05,8.4065882824e-05,2.2736815886e+01
1.0410705518e-04,8.3168979318e-05,2.2807871920e+01
1.1914278868e-04,9.0668416922e-05,2.1700043196e+01
2.9122703545e-04,3.5008841638e-05,1.5956132973e+01
2.6634778957e-04,1.1739589141e-04,1.3808715975e+01
2.5944216452e-04,1.2317703869e-04,1.3783261419e+01
2.9131159322e-04,1.0432012163e-04,1.3580350357e+01
-1.8532076422e-04,5.6385531615e-05,3.9930979443e+01
-1.9132481851e-04,5.6737307041e-05,3.9665561992e+01
-1.9725578551e-04,5.7130318818e-05,3.9389795315e+01
-2.0556023886e-04,5.5788329268e-05,3.9241515758e+01
1.2578254044e-04,8.9780505748e-05,1.9678336438e+01
3.2912032278e-04,2.5028898325e-05,1.5151770715e+01
3.2504780639e-04,2.4685967778e-05,1.5339905802e+01
-1.9814048791e-04,8.3960887055e-05,3.6220160147e+01
8.6291529566e-05,7.5723353559e-05,2.2635562245e+01
-3.0994023431e-04,1.6957447518e-05,1.7089262413e+01
-2.0553909723e-04,8.2858068402e-05,3.6332566895e+01
1.7846058745e-04,8.9897925116e-05,1.7013054809e+01
-1.5778909181e-04,9.6468488433e-05,3.4822768189e+01
-1.5236437718e-04,9.6020452243e-05,3.4803201732e+01
-1.4503502763e-04,9.7538630617e-05,3.4592250908e+01
-1.3955919401e-04,9.7163898054e-05,3.4576366637e+01
-1.3128833810e-04,9.6661980541e-05,3.4568362123e+01
-1.1842601196e-04,9.8043219275e-05,3.4358919092e+01
-1.1285860597e-04,9.7804456079e-05,3.4379665046e+01
-8.5752249914e-05,1.0306420108e-04,3.3835156697e+01
-8.0216409459e-05,1.0297028940e-04,3.3919911784e+01
-7.1907802367e-05,1.0288135002e-04,3.4095838210e+01
-6.6368772167e-05,1.0285817773e-04,3.4248387145e+01
-5.2537788981e-05,1.0293509768e-04,3.4761946632e+01
-4.7017746244e-05,1.0302497837e-04,3.5019935089e+01
-3.8757763198e-05,1.0323086113e-04,3.5456290384e+01
-3.3267528172e-05,1.0342016694e-04,3.5772220164e+01
-2.7792908492e-05,1.0365556340e-04,3.6097863450e+01
-1.9614784765e-05,1.0410501399e-04,3.6574116722e+01
-1.4188243598e-05,1.0447677611e-04,3.6854430389e+01
-7.0539766568e-06,1.0300531380e-04,3.7104642790e+01
1.0541910383e-06,1.0382950281e-04,3.7035435206e+01
6.4231260632e-06,1.0448647968e-04,3.6790214630e+01
2.5605288678e-05,1.0990184439e-04,3.5195366856e+01
3.2741416252e-05,1.0944833221e-04,3.2604084881e+01
5.2940380457e-05,1.1649329470e-04,2.1144578019e+01
6.5409967025e-05,1.2296300694e-04,2.0329975065e+01
7.3351295344e-05,1.2476132316e-04,2.1022476109e+01
3.9914847249e-05,1.0930704360e-04,2.8720514623e+01
7.9004464252e-05,1.2501793416e-04,2.1613197765e+01
8.5045462092e-05,1.3192279248e-04,2.2822752466e+01
9.4393782169e-05,1.3052432433e-04,2.0702102809e+01
4.6317315542e-05,1.1823573929e-04,3.0013385538e+01
1.0071575589e-04,1.3733666399e-04,1.8771331991e+01
1.8972510149e-05,1.0432780581e-04,3.4913838943e+01
1.0714373240e-04,1.3718667522e-04,1.7734816493e+01
1.1359240269e-04,1.3697367120e-04,1.7089463366e+01
-1.0447389040e-04,9.7496067767e-05,3.4437946814e+01
-9.3244551044e-05,9.7174769125e-05,3.4574373679e+01
1.2011230810e-04,1.3670814090e-04,1.7174192740e+01
1.2678860780e-04,1.4332816433e-04,1.7216336468e+01
1.0708271879e-04,1.3033148099e-04,1.7567627563e+01
1.3354470160e-04,1.4306330706e-04,1.7243784377e+01
1.4042563279e-04,1.4276906048e-04,1.7236470041e+01
1.4392901485e-04,1.4439435985e-04,1.7231805888e+01
1.5104860164e-04,1.4405328790e-04,1.7147560700e+01
-2.1070305582e-04,8.3680975250e-05,3.6291383394e+01
3.2929312875e-04,7.7751152721e-05,1.3199331964e+01
3.1592964498e-04,9.0519218711e-05,1.3259582604e+01
1.4383789645e-04,1.3722017159e-04,1.7174260863e+01
2.8450092992e-04,1.1033145327e-04,1.3566317662e+01
1.7971280134e-04,9.7271670870e-05,1.6995020054e+01
2.7794034834e-04,9.0342881068e-05,1.4356435245e+01
2.7114268318e-04,9.6269498369e-05,1.4331147981e+01
-2.1735547774e-04,7.8188571692e-05,3.6692602567e+01
-2.2470539689e-04,7.7306770631e-05,3.6750588114e+01
-2.1134690121e-04,5.6279649688e-05,3.8918554104e+01
1.5779806181e-04,9.7000209576e-05,1.7052244901e+01
1.5834552877e-04,1.4360867704e-04,1.7027284095e+01
1.6581133364e-04,1.4302675918e-04,1.6884692742e+01
-3.1732753826e-04,1.5672116685e-05,1.7073589951e+01
-3.0340201233e-04,4.4579139491e-05,1.7386376608e+01
1.8518421417e-05,6.3973183495e-05,2.8849019117e+01
1.0087364807e-07,6.2575252555e-05,3.5495861113e+01
3.6476309591e-04,3.1849609227e-05,1.2322573573e+01
-1.6585039781e-04,9.7215275628e-05,3.4863630354e+01
3.6390287390e-04,2.3675234963e-05,1.2061591707e+01
3.3647641715e-04,2.1940860512e-05,1.4911693697e+01
2.9123752625e-04,1.8116231883e-05,1.7025519079e+01
1.8366012522e-04,9.8534606551e-05,1.7010583114e+01
-2.3197953710e-04,7.6546878226e-05,3.6830574866e+01
3.3593956841e-04,7.1218935783e-05,1.3144410872e+01
2.1648753869e-04,1.1575765627e-04,1.4839565347e+01
9.2897676302e-05,1.1072491667e-04,2.2498535305e+01
-1.9759379487e-04,2.3123330334e-05,4.5076865989e+01
-2.3827739518e-04,4.2802085145e-05,3.7796521517e+01
2.2578769429e-04,7.8553155492e-05,1.5736230924e+01
-1.5155199903e-04,4.9609788771e-05,4.2329508033e+01
7.1595070864e-05,1.0456598362e-04,2.1911125259e+01
6.6234184043e-05,1.0501424402e-04,2.1757925569e+01
-9.3284811376e-05,2.4125775446e-05,4.9173346083e+01
-2.5124304761e-04,6.2519753283e-05,3.6738008700e+01
-2.4382337194e-04,7.0055358800e-05,3.7113825523e+01
3.9428416753e-05,9.8338848472e-05,2.2671979054e+01
3.4082600974e-05,9.6954149347e-05,2.5888493228e+01
1.2021073326e-04,2.8851670017e-05,2.2887523387e+01
-1.9546862088e-05,2.4339827076e-05,4.4854465241e+01
-1.3141707437e-04,1.0283298852e-04,3.3992738619e+01
1.9153711244e-04,1.3017844858e-04,1.5140622200e+01
1.9217842835e-04,1.3779491684e-04,1.4829451291e+01
1.9969293683e-04,1.3651557171e-04,1.4670812782e+01
2.0361636814e-04,1.3773383207e-04,1.4538416417e+01
2.1113571679e-04,1.3629540067e-04,1.4421536198e+01
2.1902822141e-04,1.3855985062e-04,1.4176675018e+01
2.0030687943e-04,1.4410464607e-04,1.4379317476e+01
-1.7906127768e-04,6.3720591378e-05,3.8904713661e+01
2.3669200477e-04,1.2490524914e-04,1.4235792447e+01
2.3714323373e-04,1.2870683858e-04,1.4112919258e+01
-3.1670685891e-04,3.5499949209e-05,1.7191489396e+01
2.9880965045e-04,7.5932024390e-05,1.4293286511e+01
-2.7118757427e-04,5.6355210900e-05,3.4415921966e+01
-1.5753689157e-04,3.7562539525e-05,4.4664256278e+01
-1.5301104117e-04,3.5810913422e-05,4.5216825341e+01
-2.6476691508e-05,3.5573862558e-05,4.3829490309e+01
-1.9446476007e-05,3.5672613668e-05,4.2844268951e+01
-1.2437456663e-05,3.5791223023e-05,4.1669801015e+01
1.8691649900e-05,3.6602874821e-05,3.3856102119e+01
2.5478914526e-05,3.6847287391e-05,3.1618517460e+01
3.2202653341e-05,3.7113951507e-05,2.9279766943e+01
3.8855204390e-05,3.7400476992e-05,2.6912831719e+01
4.5428849038e-05,3.7704841404e-05,2.4619745810e+01
5.1919798405e-05,3.8025831050e-05,2.2638535936e+01
6.0964306520e-05,3.6658214351e-05,2.2643802660e+01
6.7634594917e-05,3.7080499344e-05,2.2664441096e+01
9.9628839345e-05,4.2248325609e-05,2.2797161539e+01
1.0687850153e-04,4.3166873962e-05,2.2834579485e+01
1.1054947578e-04,4.3655671373e-05,2.2853061366e+01
1.1798673562e-04,4.4691515283e-05,2.2889032028e+01
1.2478659284e-04,4.3241771294e-05,2.2923182786e+01
1.3247945781e-04,4.4356423503e-05,2.2906145240e+01
1.4482243523e-04,4.8883735962e-05,2.0614890710e+01
1.5251095354e-04,5.0208043660e-05,1.9503294459e+01
1.5948982528e-04,4.8707237722e-05,1.8880869333e+01
1.6718334309e-04,5.0037621282e-05,1.8147807787e+01
1.7103065631e-04,5.0711440200e-05,1.7854589581e+01
1.7232306037e-04,5.6632994991e-05,1.7388737672e+01
-4.5986223832e-05,3.7030667074e-05,4.5403257812e+01
-3.1952045107e-05,3.7156516574e-05,4.4191389916e+01
-6.3768302178e-07,3.7726374059e-05,3.8917259451e+01
9.3251774069e-05,4.3704920685e-05,2.2762718211e+01
7.3611408263e-05,3.5539464260e-05,2.2686382120e+01
1.3787416325e-04,5.0323268892e-05,2.1580552773e+01
1.7996638389e-04,5.8066886356e-05,1.7063117469e+01
-7.5494215588e-06,3.7559767943e-05,4.0442817966e+01
-3.8964066862e-05,3.7085421600e-05,4.4868805258e+01
1.3345624152e-04,1.3603728505e-04,1.7204426839e+01
1.9739768255e-04,7.1253804148e-05,1.7029250158e+01
1.4720169309e-04,9.6784593656e-05,1.7068150441e+01
2.2265671963e-04,6.3736545581e-05,1.6881264760e+01
2.1857244278e-04,6.2784401079e-05,1.7038374590e+01
2.1709419407e-04,5.5827163369e-05,1.7064927804e+01
2.0981215113e-04,5.7609874187e-05,1.7070468099e+01
2.0585477089e-04,5.6847811136e-05,1.7074705714e+01
2.2515627531e-04,5.7464134106e-05,1.6990811566e+01
-2.7762201595e-04,3.6278978856e-05,2.4660087598e+01
-2.7033090342e-04,3.0372302419e-05,2.7568055950e+01
2.1888967538e-04,1.0547764825e-04,1.5027613075e+01
2.6460512599e-04,2.2752328656e-05,1.8115222560e+01
2.5656565506e-04,2.2215382378e-05,1.8615275048e+01
2.5252371751e-04,2.1912617291e-05,1.8809526500e+01
2.4374190449e-04,1.8395818736e-05,1.9209308359e+01
2.3170316749e-04,1.7406948286e-05,1.9152855775e+01
2.2373744638e-04,1.6749100281e-05,1.9184496508e+01
2.1976890211e-04,1.6424997749e-05,1.9203850511e+01
2.1185412957e-04,1.5792244585e-05,1.9299429368e+01
2.0458228549e-04,1.7716349993e-05,1.9135947024e+01
1.9670555110e-04,1.7061028366e-05,1.9366097186e+01
1.9277085084e-04,1.6744740079e-05,1.9494290997e+01
1.8490465589e-04,1.6137213257e-05,1.9837915835e+01
1.7310006879e-04,1.5296658654e-05,2.0498721241e+01
1.1765757093e-04,1.1219597503e-05,2.2945667942e+01
9.8648418927e-05,1.1078207880e-05,2.2958190500e+01
7.2346984012e-05,1.0964854995e-05,2.5942530066e+01
5.3430842147e-05,1.0840066637e-05,3.0350055591e+01
4.5825634770e-05,1.0787508699e-05,3.2367564875e+01
2.6721511655e-05,1.0660479105e-05,3.7546408019e+01
1.9047352381e-05,1.0613780981e-05,3.9536498287e+01
7.5070727784e-06,1.0550316450e-05,4.2304623725e+01
-2.0279091976e-07,1.0512986762e-05,4.3964428352e+01
-1.9519891099e-05,1.0438001519e-05,4.7361418902e+01
-2.7258771275e-05,1.0414904279e-05,4.8413219014e+01
-3.8875036814e-05,1.0387950794e-05,4.9680993324e+01
-4.6622405153e-05,1.0373959336e-05,5.0336212121e+01
-5.8245445994e-05,1.0358472658e-05,5.1067258024e+01
-6.5994014302e-05,1.0351361931e-05,5.1406918497e+01
-7.3741553159e-05,1.0346492007e-05,5.1644018502e+01
-8.5359383567e-05,1.0342841403e-05,5.1834130812e+01
-9.3101418610e-05,1.0342541445e-05,5.1866330333e+01
-1.0470833072e-04,1.0344876682e-05,5.1795538609e+01
-1.1244146301e-04,1.0348104493e-05,5.1679507265e+01
-1.2017019226e-04,1.0352573945e-05,5.1514877633e+01
-1.3175393379e-04,1.0361503014e-05,5.1184836238e+01
-1.3946942816e-04,1.0368980469e-05,5.0912254626e+01
-1.5103067028e-04,1.0382530561e-05,5.0424583401e+01
-1.5872933174e-04,1.0392819706e-05,5.0043993500e+01
2.7135869603e-04,1.7339313857e-05,1.8538280012e+01
1.5993264796e-04,1.0425758467e-05,2.1629225776e+01
1.3241449283e-04,9.6991504373e-06,2.2692520513e+01
-1.6506537495e-04,8.8958291468e-06,4.9955366743e+01
1.7178733803e-04,1.0929513478e-05,2.0959182968e+01
1.4416031899e-04,9.9351545625e-06,2.2423099196e+01
8.6437088220e-05,9.4334525703e-06,2.3951168629e+01
-1.4449383950e-04,7.7384873275e-05,3.7190750421e+01
1.1417379239e-04,8.3284446336e-05,2.2852907111e+01
-2.7892369822e-04,2.9724462220e-05,2.1720570776e+01
1.3639024402e-05,1.0343430952e-04,3.5737660812e+01
-3.2954397426e-05,8.9031515950e-06,4.9340430961e+01
1.3643644405e-05,9.0564305275e-06,4.1167722401e+01
-7.9669849211e-05,8.8526700265e-06,5.2032822828e+01
1.5104064910e-04,4.4649035564e-05,2.0112485444e+01
7.8847122296e-05,9.4027270962e-06,2.5075455984e+01
-9.8865249071e-05,9.7322733129e-05,3.4497146739e+01
9.4018955345e-05,9.4556250081e-06,2.3206180680e+01
-1.4571515437e-04,8.8741861066e-06,5.0931310984e+01
2.6946607788e-04,6.3263199756e-05,1.5321429314e+01
1.2464057495e-04,9.5938734947e-06,2.2773221774e+01
-1.2493442693e-04,4.3924631367e-05,4.4346139941e+01
-1.7279439953e-04,8.9048872402e-06,4.9472363874e+01
-1.7793802712e-04,1.0426533701e-05,4.8862136917e+01
-1.8560384324e-04,1.0442916058e-05,4.8275431459e+01
-1.9208100744e-04,8.9452026251e-06,4.7952693169e+01
-1.9707692854e-04,1.0475776563e-05,4.7232798259e+01
-2.0470654983e-04,1.0501538092e-05,4.6402281833e+01
1.5203641419e-04,1.0154049246e-05,2.2056918822e+01
-2.3865829331e-04,5.7605387185e-05,3.7355307307e+01
-2.0351674865e-04,3.6893204047e-05,4.2200354568e+01
1.4618354357e-04,8.9926873164e-05,1.7065363583e+01
-3.3125884881e-04,2.2548017975e-05,1.7067188784e+01
-1.1139293704e-04,4.3782086807e-05,4.4702254657e+01
-1.7109338151e-04,3.7796954548e-05,4.4022748789e+01
-1.8444059207e-04,3.1233352150e-05,4.4584892876e+01
-1.7752648097e-04,3.1123575291e-05,4.5024748932e+01
3.1046397932e-04,5.2021802390e-05,1.4728464679e+01
-2.1112197896e-04,7.0732354029e-05,3.7367999809e+01
1.8706308411e-04,5.6429560840e-05,1.7038216826e+01
1.3860057239e-04,1.1042669487e-04,1.7083748226e+01
1.3338026600e-04,2.3406170531e-05,2.2921623151e+01
-2.1231771350e-04,1.0531386935e-05,4.5434580141e+01
-2.1895248201e-04,9.0241494236e-06,4.4652272095e+01
-2.2369240126e-04,1.0584902696e-05,4.3652232001e+01
-2.3123582020e-04,1.0634671091e-05,4.2179118692e+01
-2.3799069387e-04,9.1162971119e-06,4.0770954552e+01
3.3787998176e-04,2.9395753564e-05,1.4480913399e+01
-2.4554360879e-04,9.1698216868e-06,3.8635340248e+01
-2.1095774650e-04,3.0097987929e-05,4.2601086958e+01
-3.3161137021e-04,1.5621608728e-05,1.7041664056e+01
3.5571940744e-04,5.0891658322e-05,1.2773686405e+01
2.1940313647e-04,1.4234625998e-04,1.4025038909e+01
2.3801778734e-04,1.3630428152e-04,1.3828930114e+01
1.7366984804e-04,1.4986564433e-04,1.4921534173e+01
2.0425073454e-04,1.4531264230e-04,1.4241987514e+01
-2.9862081183e-04,5.0537022324e-05,2.4200296308e+01
1.6601997367e-04,1.5056522184e-04,1.5727259799e+01
3.2343939676e-04,1.7404904540e-05,1.5871499007e+01
3.1931896188e-04,1.7065370286e-05,1.6026955596e+01
2.9865566599e-04,1.5376711836e-05,1.6993030211e+01
-3.4186177228e-04,3.1082022291e-05,1.5544660931e+01
3.7164512310e-04,2.8590817645e-05,1.1683137396e+01
-2.5803012226e-04,6.9388606440e-05,3.7066748341e+01
2.9230288759e-04,1.1205807204e-04,1.3261608153e+01
-2.0414271803e-04,4.9860894641e-05,4.0138889338e+01
-5.2791198746e-05,3.0497879486e-05,4.7022787446e+01
2.7028028452e-04,1.1830925485e-04,1.3675904863e+01
2.7076729118e-04,1.2214189751e-04,1.3522333193e+01
-2.6588402750e-04,4.2734845950e-05,3.1939171940e+01
2.0458672325e-04,5.0601601900e-05,1.7033322619e+01
2.4504872503e-04,1.3072778627e-04,1.3867155649e+01
3.2450811928e-04,6.9171842182e-05,1.3693537274e+01
-1.7841910653e-04,9.6458695098e-05,3.5087751072e+01
2.3704028368e-04,2.3379830964e-05,1.8593097050e+01
2.5295777208e-04,1.0319903433e-04,1.4487266407e+01
2.3648617583e-04,9.5569290247e-05,1.4931094886e+01
2.3186856320e-04,9.0801492049e-05,1.5141219785e+01
-1.6440194377e-04,7.0637488287e-05,3.8054897795e+01
-3.3832364747e-04,1.7089366195e-05,1.7050586935e+01
2.2502679107e-04,2.2219675205e-05,1.8601665950e+01
1.7338957634e-04,1.4228831535e-04,1.5574681290e+01
1.5776152242e-04,1.2874251867e-04,1.7044720830e+01
6.7024591567e-05,1.1045568108e-04,2.1466125277e+01
1.2683466559e-04,9.6300670378e-05,1.8061327753e+01
-1.2469804767e-04,3.0613972863e-05,4.7284582329e+01
-6.0027766158e-05,3.0475339104e-05,4.7366371177e+01
-2.9033236473e-04,3.7880773962e-05,1.6847522767e+01
1.3241500623e-04,8.8804989810e-05,1.8040500447e+01
1.7755221783e-04,1.5132392119e-04,1.4619346566e+01
1.8427064243e-04,1.0229087308e-04,1.6957249058e+01
-1.9283908602e-04,8.3277035012e-05,3.6266199810e+01
-2.3880914844e-04,6.4313871112e-05,3.7228058939e+01
-1.5262198853e-04,8.9865728103e-05,3.5432607000e+01
3.2572416398e-04,5.0427806051e-05,1.4278185992e+01
-2.2537565358e-04,5.7791930039e-05,3.8089615545e+01
3.4450299700e-04,2.2437727751e-05,1.4219806088e+01
2.2337031794e-04,1.4344434632e-04,1.3888430439e+01
-2.8965587502e-04,5.6832621558e-05,3.3080252432e+01
3.6513891132e-04,3.6015102404e-05,1.2350961045e+01
1.7696797482e-04,1.0345238303e-04,1.6984126419e+01
-2.2372512081e-04,4.3499416931e-05,3.9480220689e+01
-2.8503690700e-04,5.7096172582e-05,3.3505753447e+01
3.1228642286e-04,6.3377243026e-05,1.4304924539e+01
2.0514085224e-04,1.1609878858e-04,1.5107196247e+01
-2.5882678679e-04,2.3191483092e-05,3.2755177123e+01
-1.3195694282e-04,4.9210736874e-05,4.2990504151e+01
3.0921197593e-04,9.6771055242e-05,1.3271452773e+01
-1.0524470758e-04,7.0377537146e-05,3.9126442903e+01
-1.1330644812e-04,1.0393776012e-04,3.3720031262e+01
-8.5132963722e-05,1.1125606687e-04,3.2921674691e+01
1.1356266777e-04,1.4378235325e-04,1.7288987525e+01
1.0700915028e-04,1.4397960654e-04,1.8371591920e+01
8.4788349207e-05,1.3881395231e-04,1.9960281801e+01
8.7490684359e-05,1.4406727573e-04,2.0125367824e+01
6.0489916872e-05,1.3082472659e-04,1.9444379271e+01
-9.2081408431e-05,1.0935308466e-04,3.3109356336e+01
-9.8630019524e-05,1.1162166184e-04,3.2986827715e+01
-1.1137165619e-04,7.0508127545e-05,3.8972399854e+01
-1.2658850404e-04,7.0917318534e-05,3.8597736612e+01
2.1174613290e-04,8.5533678559e-05,1.5977564448e+01
-1.5260922256e-04,7.0019146293e-05,3.8332443155e+01
-7.9727431362e-05,1.1116007169e-04,3.2931188444e+01
-2.6445810618e-05,1.1621497531e-04,3.4483781521e+01
-1.8641045776e-05,1.1671917066e-04,3.5412510245e+01
-1.3471077608e-05,1.1712756904e-04,3.6152139375e+01
-5.7713523775e-06,1.1786347229e-04,3.7387081838e+01
1.0172915137e-06,1.1649965431e-04,3.8136232818e+01
6.1099777811e-06,1.1719184111e-04,3.8608451101e+01
2.6543133262e-05,1.2335986452e-04,4.3341763909e+01
-4.0987228640e-05,1.1768736586e-04,3.2983887368e+01
3.3268493301e-05,1.2289427120e-04,4.2204025503e+01
-3.3144475169e-05,1.1799369572e-04,3.3493700419e+01
-4.6239259931e-05,1.1753597137e-04,3.2754625958e+01
1.8568152476e-04,8.8610195882e-05,1.6997099411e+01
3.9838779494e-05,8.3372893016e-05,2.2373682180e+01
-8.4795762168e-05,9.7000418183e-05,3.4726952823e+01
-2.3078611703e-04,3.0809926573e-05,3.9864522383e+01
-2.1765583299e-04,3.0297341024e-05,4.1805854159e+01
5.2842246202e-05,1.0248571626e-04,2.1761176362e+01
-2.3065012704e-04,5.6380274548e-05,3.7893689784e+01
-2.8527294768e-04,1.0057185709e-05,1.6951764280e+01
-6.6216162536e-05,1.1104958926e-04,3.3076065202e+01
-3.4369132366e-04,1.4660804402e-05,1.6995677439e+01
3.6279680858e-04,1.5737989400e-05,1.1514457779e+01
3.5890299042e-04,1.5586516324e-05,1.2147728873e+01
-1.3262747973e-04,7.1116072430e-05,3.8454087717e+01
3.0507145433e-04,4.4013995706e-05,1.5161251982e+01
4.0064713334e-05,1.2276674157e-04,3.9205034480e+01
1.3033302238e-04,9.7505547593e-05,1.7025912103e+01
-2.1222985106e-04,1.6807556490e-05,4.4527169029e+01
-2.6414190109e-04,9.3987970533e-06,3.1053019265e+01
3.2356373554e-04,9.2103597986e-05,1.2899001544e+01
2.7008485214e-04,1.1548029487e-05,1.9823237549e+01
2.6728671441e-05,9.7422808366e-05,3.0023437932e+01
1.9366906259e-05,9.8124930782e-05,3.3077678820e+01
1.3913533747e-05,9.7251026249e-05,3.4370388344e+01
-4.0599740361e-05,9.1174524412e-05,3.7074394059e+01
-4.6341991954e-05,9.1052436443e-05,3.6899078999e+01
-5.2092151169e-05,9.0966662890e-05,3.6708958351e+01
-6.0727101353e-05,9.0899802550e-05,3.6416468234e+01
-6.6486829699e-05,9.0893010666e-05,3.6226503843e+01
-7.2246334939e-05,9.0914247092e-05,3.6046087991e+01
4.5977486971e-05,1.0469098024e-04,2.1381255723e+01
1.9090990632e-04,5.7132373764e-05,1.7036473717e+01
-2.7137137305e-04,9.5537049851e-06,2.6872650002e+01
-1.6601087135e-04,2.9318294272e-05,4.6003407438e+01
3.5611113145e-04,5.5028864870e-05,1.2635884629e+01
1.9884206218e-05,1.2408381673e-04,4.3298027703e+01
2.7861173099e-04,1.2396780571e-04,1.3218960506e+01
-2.4393908683e-04,7.7203633048e-05,3.7123682424e+01
2.0454987886e-04,1.4908700992e-04,1.4066983540e+01
2.9952808594e-04,1.0998852719e-04,1.3100535819e+01
1.8521411331e-04,1.5032267506e-04,1.4448955396e+01
3.6873270092e-04,3.6577307913e-05,1.2099803035e+01
3.1017872440e-04,1.0461126253e-04,1.2930710033e+01
2.4594240329e-04,1.3833162234e-04,1.3548432612e+01
8.1104801770e-05,1.4373192203e-04,2.0542773310e+01
-3.1730984334e-04,4.4543487773e-05,1.7405739714e+01
3.4303134755e-04,1.4995943091e-05,1.4690358005e+01
-1.5185034029e-04,2.9182096476e-05,4.6672104434e+01
-2.5722221091e-04,1.0916449971e-05,3.4198210640e+01
1.3124815625e-04,8.2377324771e-05,1.9431801516e+01
1.3851137254e-04,8.4488203419e-05,1.7485952297e+01
2.2384003999e-04,8.8750309845e-05,1.5395740272e+01
2.6377323737e-04,9.8330804385e-05,1.4417692993e+01
-2.5779013086e-04,4.3368681736e-05,3.4228127932e+01
2.3309179881e-04,9.8342367678e-05,1.4922602158e+01
2.2511256567e-04,9.6279225361e-05,1.5130162814e+01
3.3242818616e-04,4.3776726961e-05,1.4235514628e+01
2.9025064204e-04,4.9020949355e-05,1.5384435833e+01
2.8282814775e-04,5.1392007809e-05,1.5477341757e+01
2.7873314675e-04,5.0708454388e-05,1.5600107850e+01
-5.2737093865e-05,1.1113677690e-04,3.3450096813e+01
2.7677959431e-04,8.2762112403e-05,1.4591247583e+01
2.5739450120e-04,8.2350400297e-05,1.4934971692e+01
2.9859233595e-04,1.0211545949e-04,1.3433510130e+01
-1.7239430160e-04,6.9165503771e-05,3.8169676211e+01
-2.4398960953e-04,4.3447188076e-05,3.6917186480e+01
7.8624257055e-05,1.3829669933e-04,2.1644752902e+01
8.6834390110e-05,1.1100137095e-04,2.2281172971e+01
2.1182020334e-04,4.8791869998e-05,1.7031035688e+01
3.2964151871e-04,5.0955206631e-05,1.4107901420e+01
2.3723123529e-04,7.7779700380e-05,1.5444891460e+01
-2.9873784718e-04,1.0906002639e-05,1.7075707570e+01
-3.0268583118e-04,9.1449826082e-06,1.7080841171e+01
-1.9190174827e-04,4.9188538486e-05,4.0873968017e+01
2.0324132512e-04,6.2689194713e-05,1.7059977392e+01
-3.1062752316e-04,2.2687683117e-05,1.7129375549e+01
1.9929026476e-04,6.1845744183e-05,1.7072562496e+01
1.3320499448e-04,1.2892662151e-04,1.7171398676e+01
1.1993908330e-04,1.2974820519e-04,1.7164742216e+01
9.4089282734e-05,1.2371642374e-04,2.2887727089e+01
1.4451784559e-04,1.0251687488e-04,1.7069349115e+01
-2.1703722874e-04,5.6832238914e-05,3.8588171139e+01
-2.8306770859e-04,2.3863211992e-05,1.7240174621e+01
1.0011066515e-04,9.6011579795e-05,2.2730241871e+01
3.0445564504e-04,2.2641576956e-05,1.6094652480e+01
-1.7893790085e-04,1.6588344033e-05,4.7713165045e+01
-2.4988116998e-04,1.0807680033e-05,3.7051136245e+01
9.9907169744e-05,1.1695610482e-04,2.2974213151e+01
1.8497067973e-04,6.5104008460e-05,1.7073061246e+01
1.6545222768e-04,1.3550316626e-04,1.7004221266e+01
2.5341168527e-04,1.3650898257e-04,1.3426524517e+01
-3.2325028687e-04,4.5476222159e-05,1.7287200492e+01
-3.3632800557e-04,3.8742372172e-05,1.5728687688e+01
-2.7684581444e-04,6.4041927211e-05,3.6581734910e+01
1.0674304988e-04,1.5068899865e-04,1.8760480403e+01
3.3076032482e-04,8.9833226694e-05,1.2680482317e+01
-1.5293268089e-04,1.0449861545e-04,3.4203350086e+01
-3.1079286354e-04,5.0519680053e-05,1.6633160977e+01
7.2658932881e-05,1.3740856611e-04,2.1250269609e+01
3.3006009999e-04,1.0675245583e-05,1.6106288455e+01
3.2402852296e-04,9.6080895415e-05,1.2722550412e+01
-1.2446826664e-04,1.1073863831e-04,3.3412123348e+01
3.6297018448e-04,5.2251965364e-05,1.2288971509e+01
3.6211544134e-04,1.1855546364e-05,1.1160604240e+01
3.5817102907e-04,1.1790207967e-05,1.1956880937e+01
1.1321056224e-04,1.2317356821e-04,1.6953163275e+01
1.0679790003e-04,1.2347900706e-04,1.8791757891e+01
8.7460738810e-05,1.1722963183e-04,2.2231861025e+01
3.1762274114e-04,9.8680213386e-06,1.7105400403e+01
3.0947215162e-04,9.4291437870e-06,1.6984042288e+01
2.8930589330e-04,9.1785245346e-06,1.7242608997e+01
2.9731441433e-04,9.2535584204e-06,1.7287027802e+01
2.6552796474e-04,8.4369354806e-06,2.0926976459e+01
2.3050721950e-04,1.3801728639e-04,1.3940043189e+01
1.8541380423e-04,1.0985222035e-04,1.6293926209e+01
-1.1910704024e-04,1.1043393305e-04,3.3334773788e+01
2.8353912115e-04,7.6771220565e-05,1.4627027965e+01
-3.2339598488e-04,3.5494119856e-05,1.7095843980e+01
6.0585852590e-05,1.0286769123e-04,2.1779595130e+01
7.7931889478e-05,1.0990094403e-04,2.1930038760e+01
-1.5798528397e-04,4.9785081209e-05,4.2086889657e+01
6.7126315644e-05,1.3632948213e-04,1.8679225730e+01
-1.9319832671e-04,4.3712377392e-05,4.1745524755e+01
-2.3151333111e-04,6.9634106723e-05,3.7175917122e+01
6.5157983950e-05,1.3147094837e-04,1.9498159331e+01
-1.9123554682e-04,7.6788328082e-05,3.6935519711e+01
-2.4573087290e-04,2.2507677471e-05,3.7322528864e+01
3.0948511451e-04,7.0374473252e-05,1.4165916254e+01
1.3349233219e-04,1.4998271982e-04,1.7283560030e+01
-1.3863552928e-04,7.1336537000e-05,3.8314354067e+01
3.3911835858e-04,3.6985740687e-05,1.4138178920e+01
3.0535131425e-04,9.5967920462e-05,1.3434896365e+01
-1.9959616211e-04,9.0681642100e-05,3.5734783299e+01
-1.9936755115e-04,7.7716724262e-05,3.6793159309e+01
1.5063281490e-04,1.2940985945e-04,1.7093335608e+01
-1.6614650276e-04,8.2726798469e-05,3.6308596365e+01
-1.4492901156e-04,1.0377312210e-04,3.4114021764e+01
1.9367004674e-04,9.1000659500e-05,1.6847718326e+01
-1.4664604983e-04,6.9752190545e-05,3.8474126298e+01
1.8500989242e-04,8.4946938385e-05,1.7011314415e+01
2.4412958800e-04,1.2311805951e-04,1.4134690499e+01
9.3957416301e-05,1.4417443904e-04,1.9725336743e+01
2.6534498055e-04,1.0975512835e-04,1.4072852050e+01
-2.6511811540e-04,2.3669632787e-05,2.9854673531e+01
3.7130370121e-04,2.4355846655e-05,1.1418431686e+01
3.7489226562e-04,2.4795268712e-05,1.1203488915e+01
3.7788429525e-04,1.6613636950e-05,9.8118793407e+00
3.8141635294e-04,1.7022549745e-05,9.7599019026e+00
-2.7119948893e-04,2.4271731082e-05,2.6453865279e+01
2.5692395740e-04,1.0412449714e-04,1.4394744155e+01
-1.0559685516e-04,5.7633822783e-05,4.1787859668e+01
-7.3322505127e-05,5.7373860492e-05,4.2315664142e+01
-2.1243583622e-04,6.2500651813e-05,3.8173514013e+01
-2.0445046374e-04,6.3719386830e-05,3.8271321227e+01
3.2567599461e-05,7.7772747129e-05,2.2532395341e+01
2.6891612334e-05,7.6848131296e-05,2.3840843235e+01
1.9184624435e-05,7.7763911855e-05,2.8631272501e+01
1.3388604944e-05,7.7058344176e-05,3.1158203891e+01
7.5323639519e-06,7.6445125174e-05,3.3210355132e+01
-1.8732503164e-05,7.0881960977e-05,3.8436556084e+01
-2.7947892341e-05,7.0539144580e-05,3.9253647576e+01
-4.6488709476e-05,7.0124240844e-05,3.9973381351e+01
-3.3228494299e-05,7.5982613593e-05,3.8937116902e+01
-6.2128151744e-06,7.7245489028e-05,3.6505907511e+01
-3.0954439489e-04,9.6535081831e-06,1.7039731284e+01
2.3860230613e-04,8.5260624207e-05,1.5170049450e+01
2.7257344215e-04,2.3204805751e-05,1.7381530611e+01
2.4557055798e-04,1.0509461882e-04,1.4566177880e+01
2.7000589587e-04,8.8682657036e-05,1.4556445622e+01
3.3729802366e-04,8.3312512322e-05,1.2635787061e+01
2.5793337859e-04,1.0986663541e-05,2.0456083009e+01
5.3506560378e-05,8.4295736008e-05,2.2324542143e+01
3.2587234662e-04,1.0465820670e-05,1.6422068666e+01
5.8735485434e-05,8.3305294287e-05,2.2348402621e+01
2.4985789162e-04,1.0532119837e-05,2.0367953215e+01
2.4583608553e-04,1.0309726075e-05,2.0329964675e+01
7.1487475953e-05,8.9241074471e-05,2.2343892830e+01
7.3364378734e-05,8.4813554370e-05,2.2429321988e+01
2.3781729545e-04,9.8676258812e-06,2.0277260470e+01
3.4400972372e-04,7.6682317026e-05,1.2561407751e+01
3.5058255536e-04,7.0121638774e-05,1.2458480479e+01
-1.5846989490e-04,5.7066996672e-05,4.0612384611e+01
2.2985832679e-04,9.4263934482e-06,2.0228521948e+01
2.2589610014e-04,9.2091358640e-06,2.0217772577e+01
2.1798133534e-04,8.8002926316e-06,2.0195681583e+01
3.4239188385e-04,1.1118824756e-05,1.5028633792e+01
-2.6490594560e-04,6.9388321993e-05,3.7242631173e+01
-9.2391029688e-05,9.1191654788e-05,3.5524723280e+01
2.7931240280e-04,1.7658991904e-05,1.7603372873e+01
2.9148386449e-04,7.8275029589e-05,1.4405769444e+01
1.7804671851e-04,1.1097865897e-04,1.7060535443e+01
-2.7474498246e-05,8.9641898023e-05,3.7523919563e+01
-3.3230055918e-05,8.9425728132e-05,3.7477999273e+01
5.1987510527e-05,4.6231194135e-06,3.2064404664e+01
3.2378144562e-05,4.5711617925e-06,3.7281848435e+01
1.2709057448e-05,4.5259541361e-06,4.2233402367e+01
-6.9945036018e-06,4.4879022938e-06,4.6341147577e+01
-2.6721885832e-05,4.4595315816e-06,4.9364887324e+01
-4.6460367828e-05,4.4399082265e-06,5.1340144987e+01
2.3763805225e-04,1.0313220321e-04,1.4738039029e+01
-6.6200927625e-05,4.4276233180e-06,5.2444370743e+01
-8.5938159626e-05,4.4205786704e-06,5.2885850369e+01
1.4540273316e-04,1.0964731672e-04,1.7075760763e+01
-3.4349118221e-04,8.1157077625e-06,1.8041072754e+01
-3.3826472573e-04,1.0487510309e-05,1.7075865632e+01
-1.0594382892e-04,7.6027465954e-05,3.7996913666e+01
1.7729254197e-04,6.3486633316e-05,1.7045828700e+01
1.7349094390e-04,6.2715636362e-05,1.7031914409e+01
1.6652477726e-04,6.4247230577e-05,1.7088964051e+01
1.5898130622e-04,6.2663564259e-05,1.7751476465e+01
1.5208445920e-04,6.4079365799e-05,1.8289123227e+01
1.5075789615e-04,5.8129261345e-05,1.9025337450e+01
1.4453701538e-04,6.2454319753e-05,1.9441084666e+01
1.3240989175e-04,5.7250936289e-05,2.1997666684e+01
1.2476416742e-04,5.5807682304e-05,2.2921514174e+01
1.1799010170e-04,5.7121332788e-05,2.2896634376e+01
9.9008010757e-05,5.1390943892e-05,2.2790096755e+01
9.1945868943e-05,5.0318001461e-05,2.2748961139e+01
8.5003434150e-05,4.9331823654e-05,2.2710394187e+01
7.8939292874e-05,5.0720516514e-05,2.2674433625e+01
7.2226182888e-05,4.9838348338e-05,2.2643543589e+01
4.7877196174e-05,4.3421279695e-05,2.2579628289e+01
3.9199155798e-05,4.4738441339e-05,2.4307096423e+01
3.2820102862e-05,4.4349039068e-05,2.6869757812e+01
2.6353457546e-05,4.3990082150e-05,2.9431940654e+01
1.9809578501e-05,4.3661761798e-05,3.1869033840e+01
1.3198556752e-05,4.3365532713e-05,3.4117857386e+01
6.5290786066e-06,4.3101552766e-05,3.6144435843e+01
-1.9018705477e-07,4.2869036303e-05,3.7934437084e+01
-6.9514918222e-06,4.2668018346e-05,3.9487466119e+01
-1.2376161205e-05,4.4237088200e-05,4.0303913800e+01
-1.9150529493e-05,4.4078184547e-05,4.1450833629e+01
-2.5947515667e-05,4.3945871674e-05,4.2397214358e+01
-3.2765240835e-05,4.3838349212e-05,4.3164236793e+01
-3.9598048316e-05,4.3753212252e-05,4.3772592345e+01
-4.6441760834e-05,4.3688312917e-05,4.4242341501e+01
-8.5986275084e-05,4.1941351336e-05,4.5450449040e+01
-9.2867360580e-05,4.1969284503e-05,4.5396668506e+01
3.4578088993e-04,3.0034396553e-05,1.3905581532e+01
3.4302159046e-04,3.7383507101e-05,1.3898104383e+01
3.8762699765e-05,1.0460759872e-04,2.6778117802e+01
4.0379065030e-05,7.7073587567e-05,2.2432183240e+01
-1.0566755745e-04,4.4178227421e-06,5.2842207817e+01
3.5026058313e-04,1.1524758211e-05,1.3588896799e+01
-2.5861857127e-04,3.0919152763e-05,3.2929314267e+01
-9.2953103808e-05,7.0171164507e-05,3.9432315332e+01
-8.6777957986e-05,7.0096614207e-05,3.9578672740e+01
-7.1297291566e-05,6.9993181778e-05,3.9890526342e+01
-6.5094959811e-05,6.9988686793e-05,3.9976391814e+01
-3.7075328619e-04,1.6562108476e-05,1.1214612025e+01
8.0289842980e-05,8.9404499931e-05,2.2459779146e+01
8.6739067038e-05,9.1464938735e-05,2.2538396419e+01
9.2780347739e-05,9.0721587295e-05,2.2641837525e+01
1.0654757055e-06,9.7660254567e-05,3.6515279884e+01
6.5607031581e-06,9.8298233719e-05,3.5944888084e+01
-1.2538645585e-04,4.4182197578e-06,5.2436542527e+01
1.0546223018e-04,5.0022435012e-05,2.2827639174e+01
1.1278115782e-04,5.1191634692e-05,2.2867198469e+01
2.0330927186e-04,4.4630087371e-05,1.7228318952e+01
1.9938392112e-04,4.4039526045e-05,1.7307044051e+01
1.9155765389e-04,4.2852371009e-05,1.7507547370e+01
1.8443232785e-04,4.4542172091e-05,1.7623874135e+01
1.7666460655e-04,4.3322219279e-05,1.8026440880e+01
1.7278705174e-04,4.2718451900e-05,1.8284513101e+01
1.5268075760e-04,3.7172129997e-05,2.0472620736e+01
1.4490183266e-04,3.6150367526e-05,2.1529502528e+01
1.3787092979e-04,3.7695143243e-05,2.2471464822e+01
1.3397625475e-04,3.7200418204e-05,2.2993411185e+01
1.2625450868e-04,3.6261280848e-05,2.2919093940e+01
1.3932471382e-04,5.5897729043e-05,2.0879895293e+01
9.2260347035e-05,3.0861932777e-05,2.2769350872e+01
8.5172101043e-05,3.0405217804e-05,2.2743001528e+01
7.8182689881e-05,3.0019094935e-05,2.2724375104e+01
7.1286755761e-05,2.9698086590e-05,2.2710941640e+01
6.5255532576e-05,3.1279515314e-05,2.2715270909e+01
5.8546641628e-05,3.1023104107e-05,2.3027266836e+01
5.1825877837e-05,3.0793838656e-05,2.5058924287e+01
4.5032770574e-05,3.0567139401e-05,2.7152473963e+01
3.8170783958e-05,3.0351507871e-05,2.9341986293e+01
3.4716188640e-05,3.0247790648e-05,3.0453413091e+01
2.7762805567e-05,3.0052015164e-05,3.2666461815e+01
2.0758026112e-05,2.9866177158e-05,3.4815258391e+01
1.3705529985e-05,2.9698435855e-05,3.6846699305e+01
6.6122055417e-06,2.9546712149e-05,3.8723275955e+01
-5.1656876927e-07,2.9412412041e-05,4.0420733378e+01
-2.5671795834e-05,2.9072239854e-05,4.4860091442e+01
-3.2899037561e-05,2.9009056036e-05,4.5722368651e+01
1.0008553497e-04,1.5082297989e-04,1.9205905916e+01
1.9210906020e-04,6.3502419478e-05,1.7075556048e+01
1.0649851899e-04,9.5338860103e-05,2.2825857344e+01
-1.4509226370e-04,4.4212628263e-06,5.1729987666e+01
2.8252377201e-04,1.2487657424e-04,1.3056629920e+01
2.8545974861e-04,1.1805409076e-04,1.3244380172e+01
-1.6477769841e-04,4.4237930183e-06,5.0718531744e+01
-5.3814646043e-05,5.7421964616e-05,4.2155537769e+01
-3.0387682772e-04,2.3634574999e-05,1.7140023333e+01
-1.7699823795e-04,5.0397696636e-05,4.1294165055e+01
-1.7068145423e-04,5.0166765807e-05,4.1573557556e+01
-2.5709462339e-04,4.9967386309e-05,3.5129447481e+01
-4.0123994818e-05,2.8963494199e-05,4.6424942850e+01
-2.5092226258e-04,4.5354635333e-06,3.7208463659e+01
2.3132782871e-04,1.4557725548e-04,1.3600562406e+01
-3.3122728091e-04,9.4995216011e-06,1.7004515474e+01
-3.2419439700e-04,8.6840579904e-06,1.6992875341e+01
-9.2688114869e-05,5.7488356991e-05,4.2069313928e+01
-8.5977993530e-05,1.1752846927e-04,3.2557611223e+01
-2.5182051879e-04,5.1147719836e-05,3.5998948493e+01
-2.2452581810e-04,4.9492493524e-05,3.8830814815e+01
4.7307331794e-05,1.3043925486e-04,4.9337680774e+01
-2.0471287551e-04,9.1510126589e-05,3.5749072047e+01
3.7696810189e-04,8.3525464291e-06,7.4201205368e+00
1.9312146396e-04,3.6325641904e-06,2.0795094798e+01
3.1734849670e-04,1.0234107358e-04,1.2743358835e+01
1.6526191518e-04,3.2507635559e-06,2.1414039978e+01
1.3742027619e-04,3.1365392600e-06,2.2022714511e+01
3.8878565969e-05,3.0444704948e-06,3.5846291544e+01
-2.0647961987e-05,2.9912598593e-06,4.8795493089e+01
-4.0472999542e-05,2.9745165174e-06,5.1084040076e+01
-1.3957352823e-04,2.9465138170e-06,5.2204381314e+01
1.4361302984e-04,1.2998707529e-04,1.7137885137e+01
-2.7853163830e-04,4.3777045230e-05,2.7520420002e+01
-2.9737608001e-04,2.4577087421e-05,1.7132874309e+01
-2.3018607618e-04,5.0070423061e-05,3.8316186161e+01
-2.2561894243e-04,2.3614320532e-05,4.1587132363e+01
2.5980517667e-04,9.7439465724e-05,1.4510947292e+01
1.8465954027e-04,1.3894722220e-04,1.5056601673e+01
1.5094733209e-04,1.3675622288e-04,1.7113471604e+01
2.7763730998e-04,1.1627401730e-04,1.3547424513e+01
7.1553514524e-05,1.4411477362e-04,2.1252852582e+01
2.6941059479e-04,8.4904839111e-05,1.4668054300e+01
2.5183938045e-04,9.5623507031e-05,1.4685694608e+01
3.0246750154e-04,1.0294350165e-04,1.3273758320e+01
3.6929027972e-04,4.5046655756e-05,1.2019463059e+01
-1.0563214587e-04,1.0980365953e-04,3.3181198656e+01
-1.4602795715e-04,5.6659273135e-05,4.1024343263e+01
9.8718809807e-05,2.9285494965e-05,2.2799155227e+01
2.5644133851e-04,1.2985679207e-04,1.3615616791e+01
2.6432930103e-04,1.3176648715e-04,1.3321241777e+01
-2.2401308820e-04,7.0500548666e-05,3.7206195096e+01
-2.0427254026e-04,7.6216391463e-05,3.6912319678e+01
-1.7170313711e-04,8.3183429339e-05,3.6251499430e+01
2.7615123640e-04,1.0476065359e-04,1.3974568050e+01
1.0047031707e-04,1.4412624311e-04,1.9157685864e+01
7.2947750520e-05,1.1589777468e-04,2.1418247015e+01
1.2672641839e-04,1.5014765053e-04,1.7237481291e+01
1.5185147964e-04,1.0517728067e-04,1.7059340621e+01
1.1339599097e-04,1.5050597639e-04,1.8107171611e+01
-2.1186617141e-04,9.0563335318e-05,3.5894486797e+01
-2.2545711337e-04,8.4275577382e-05,3.6355233393e+01
1.1274507732e-04,1.1634062540e-04,1.8347808229e+01
-1.7818446405e-04,6.9556847923e-05,3.8020447614e+01
3.4300477924e-04,6.8614610137e-05,1.2901974600e+01
-1.7914585577e-04,9.0160140931e-05,3.5574069662e+01
9.3885172723e-05,9.6655207155e-05,2.2620941525e+01
-1.2550186563e-04,9.0310337911e-05,3.5345074056e+01
-1.7147404409e-04,1.6554640804e-05,4.8202764844e+01
1.6392973117e-04,6.9654722171e-05,1.7026872622e+01
3.3573202878e-04,1.8256624173e-05,1.5181594882e+01
-2.3719404078e-04,3.1141314952e-05,3.8680100432e+01
3.1684984278e-04,2.3933097886e-05,1.5668032393e+01
-2.9202006129e-04,1.0440000653e-05,1.7090199384e+01
-1.1982163599e-04,9.0063507951e-05,3.5402089730e+01
2.7206732456e-04,5.6630063206e-05,1.5513546041e+01
1.0050709530e-04,5.6425953642e-05,2.2795251133e+01
3.0242616431e-04,5.0859575951e-05,1.4995662542e+01
5.9893691206e-05,5.0467607606e-05,2.2596451314e+01
1.3777205376e-04,1.0340076947e-04,1.7070545153e+01
-7.3852850179e-05,4.3594668388e-05,4.5085978404e+01
2.9692403524e-04,4.2884541126e-05,1.5437605872e+01
1.6575807340e-04,4.4325149830e-05,1.8660477488e+01
3.5103335850e-04,1.5288096436e-05,1.3479130793e+01
3.1272883658e-04,2.3524300122e-05,1.5829200521e+01
3.0538916032e-04,9.3809364262e-06,1.7128692380e+01
1.0043801446e-04,1.2367535728e-04,2.1201460524e+01
1.6523538050e-04,1.3173832696e-04,1.6991692911e+01
-2.7841243046e-04,9.7595143821e-06,2.2020495779e+01
-2.8502279160e-04,3.1633471474e-06,1.7906327311e+01
-1.6435868612e-04,4.9965121970e-05,4.1836426209e+01
-3.2362383506e-04,1.7013365991e-05,1.7068146503e+01
-2.8375336968e-04,4.3078356751e-05,2.4348591903e+01
-3.1623864659e-04,2.4457373873e-05,1.7099531752e+01
-1.3947645032e-04,1.0962427263e-04,3.3730350916e+01
2.3878772133e-04,1.4379831142e-04,1.3493104430e+01
1.4026420615e-04,1.5662823816e-04,1.7411166564e+01
1.4722770540e-04,1.5668278087e-04,1.7397038304e+01
2.8984342992e-04,1.2258915451e-04,1.2910401512e+01
1.5068242794e-04,1.5832004557e-04,1.7384863939e+01
1.5832382528e-04,1.5831816372e-04,1.6862707611e+01
-3.1707183077e-04,4.9160884240e-05,1.7850092229e+01
2.6471851972e-04,1.3550380935e-04,1.3146916397e+01
-2.5093281961e-04,7.6824643610e-05,3.7384590487e+01
1.9344596838e-04,1.5658085367e-04,1.3903876791e+01
2.0514971325e-04,1.5659502647e-04,1.3644617875e+01
1.6602178466e-04,1.5808025464e-04,1.4567144614e+01
-2.5809259540e-04,7.6641006291e-05,3.7740467598e+01
-1.7091565403e-04,1.0420067985e-04,3.4543681071e+01
6.5534609075e-05,1.4288621776e-04,2.1090483745e+01
1.9738434579e-04,1.5820629139e-04,1.3712737777e+01
-2.8341971659e-04,6.4680357593e-05,3.7349389973e+01
2.1285113146e-04,4.0975781468e-06,2.0712964799e+01
2.0492032130e-04,3.9065103399e-06,2.0689735149e+01
1.8502628617e-04,3.5363686201e-06,2.0937343434e+01
1.7708266726e-04,3.4133580449e-06,2.1118267010e+01
1.5715962891e-04,3.2235241925e-06,2.1598692313e+01
1.1358414213e-04,3.1662325871e-06,2.2479003017e+01
1.0571182610e-04,3.1623651262e-06,2.2888349890e+01
9.7846313271e-05,3.1565500021e-06,2.3515183866e+01
7.4214100737e-05,3.1369200680e-06,2.7110691087e+01
6.6340162997e-05,3.1242701885e-06,2.8823101324e+01
5.8459902993e-05,3.1108635819e-06,3.0715775939e+01
7.0886201070e-06,3.0247679905e-06,4.3769145950e+01
-8.3273367890e-07,3.0139567409e-06,4.5422954413e+01
-7.2197365829e-05,2.9577046368e-06,5.2885016274e+01
-8.0127591868e-05,2.9549719634e-06,5.3060225248e+01
-1.1184013786e-04,2.9481957903e-06,5.3000405370e+01
-1.1976561470e-04,2.9473516006e-06,5.2834529970e+01
3.1121072628e-04,1.1213947590e-04,1.2575478753e+01
3.8465877448e-04,8.6944852418e-06,6.6111958071e+00
3.6871181200e-04,3.9814997418e-06,8.0169553877e+00
-3.2797520582e-04,4.4217148488e-05,1.7153691518e+01
-2.6490663700e-04,4.9491181297e-05,3.3660833513e+01
2.7647808603e-04,2.9470510277e-06,2.0554108961e+01
2.8445052827e-04,3.1561774410e-06,1.8303550720e+01
3.5680414356e-04,4.1189680752e-06,1.1438626886e+01
-2.9256285468e-04,3.2631978176e-06,1.7083164059e+01
-2.9635508879e-04,3.3136879395e-06,1.7049417360e+01
-1.9130012329e-04,2.4684731810e-05,4.5325503951e+01
-1.8418267928e-04,2.4608004344e-05,4.5863981591e+01
-3.0390084411e-04,3.4587349016e-06,1.7054633938e+01
-1.2492879021e-04,5.7958048602e-05,4.1277318344e+01
-1.1854310789e-04,5.7833988521e-05,4.1454665954e+01
1.7688832321e-04,1.3615710524e-04,1.5725106549e+01
-1.0672361665e-04,5.0608644567e-05,4.3293403480e+01
3.8828849991e-04,4.3417585363e-06,2.8098987611e+00
3.8875479485e-04,9.1719791878e-06,7.3476402464e+00
1.7264303785e-04,1.3090760012e-04,1.6715819056e+01
1.3985713167e-04,1.2481993660e-04,1.7133767045e+01
-2.0490185897e-05,3.0743375383e-05,4.3849911421e+01
-1.3336832830e-05,3.0838298716e-05,4.2688968558e+01
-6.2059547973e-06,3.0950356809e-05,4.1335846689e+01
-7.9558281970e-05,8.9019730742e-05,3.6177129882e+01
1.5802411378e-04,4.3105135192e-05,1.9448706194e+01
5.1720592689e-05,1.3018184268e-04,3.8954967660e+01
-9.8704569850e-05,3.7010293345e-05,4.6405353975e+01
-7.3483857728e-05,9.6859593678e-05,3.5004707875e+01
-2.3686997299e-04,7.7691586767e-05,3.6859455485e+01
1.0601949891e-04,2.9821601697e-05,2.2829791633e+01
1.1342838818e-04,3.0434097271e-05,2.2860841682e+01
3.4890619847e-04,3.7491979366e-06,1.3837993832e+01
3.5668400770e-04,6.3455079306e-05,1.2345117247e+01
1.6362215282e-04,3.6100994265e-05,1.9440083427e+01
2.3024838446e-04,1.0488585523e-04,1.4821973442e+01
3.3634058510e-04,4.4242968699e-05,1.4040312109e+01
-1.1194543288e-04,7.6176531359e-05,3.7854817553e+01
2.7751497102e-04,8.8968000574e-06,1.9280953368e+01
2.1773301773e-04,9.7911519281e-05,1.5263565924e+01
3.3500692058e-05,1.0318752369e-04,2.9167896911e+01
1.7903788824e-04,9.1950915120e-06,2.0765959769e+01
2.9809214772e-04,9.8238973431e-05,1.3588567423e+01
1.8694233228e-04,9.5458701276e-06,2.0451886740e+01
1.9769876776e-04,9.2201185167e-05,1.6396679125e+01
1.9836523253e-04,9.5961910930e-05,1.6176319100e+01
2.1053192299e-04,4.2824074337e-05,1.7249182199e+01
-1.8625831398e-04,9.7447621325e-05,3.5146169028e+01
2.0668860072e-04,1.0568360222e-05,1.9965754475e+01
-2.7735453749e-04,2.2985795977e-05,2.2109792767e+01
-3.7827201438e-04,3.9694161082e-06,1.0913806498e+01
-3.6270544996e-04,1.0514616065e-05,1.5184056764e+01
-3.5874371920e-04,9.9173236428e-06,1.6487383152e+01
-1.4505280402e-04,4.9462238721e-05,4.2560119499e+01
-3.8291882541e-04,9.3050407953e-06,8.2333924113e+00
3.6297331902e-04,5.6653113987e-05,1.2174398036e+01
1.0632965555e-04,1.1671479993e-04,2.0848932109e+01
1.1134525091e-04,5.8412964244e-05,2.2861533415e+01
-9.9305938965e-05,1.1800609866e-04,3.2774443358e+01
3.0485188253e-04,9.2079063813e-05,1.3590092488e+01
1.2005000757e-04,1.5031688379e-04,1.7170557514e+01
-2.3893435400e-04,2.2273014296e-05,3.9110033015e+01
1.9959795456e-04,1.0351280802e-04,1.5738705092e+01
-1.0609831373e-04,1.1623994098e-04,3.2920448185e+01
1.9687939857e-04,1.5041511727e-04,1.4173571141e+01
1.9291819691e-04,1.4915402354e-04,1.4324422012e+01
1.9226580915e-04,8.3575826906e-05,1.6983896393e+01
-1.8446686815e-04,9.0773659970e-05,3.5570603146e+01
3.3638902934e-04,7.5227690831e-05,1.2979327639e+01
5.9945994054e-05,1.3605015143e-04,3.1444229804e+01
5.3005203803e-05,1.3676345015e-04,6.8498920722e+01
9.3459307854e-05,1.5070037698e-04,1.9496322718e+01
8.6271811120e-05,1.5105633762e-04,1.9606192950e+01
-3.6176979538e-04,2.4322717073e-05,1.1675150507e+01
-3.5853335762e-04,2.8656195557e-05,1.1618856784e+01
-3.5037010035e-04,3.0031261196e-05,1.3022860428e+01
-3.5049750176e-04,3.5306881248e-05,1.2156093893e+01
1.3767911604e-04,6.3776898612e-05,2.0425982575e+01
2.9948361169e-04,3.6126289834e-05,1.5639051960e+01
-1.6539949569e-04,1.0353820268e-04,3.4471238249e+01
3.2293374537e-04,5.7538135937e-05,1.4142231396e+01
3.2400113300e-04,6.5272001558e-05,1.3844965264e+01
1.2015185949e-04,1.5695994946e-04,1.7930602930e+01
1.1333636071e-04,1.5799016650e-04,1.8368250924e+01
1.9222847857e-04,1.0483824377e-04,1.6117907525e+01
1.9278984252e-04,1.0862657390e-04,1.5896158062e+01
2.2316180056e-04,8.4999824112e-05,1.5554289128e+01
2.1912311572e-04,8.3950155692e-05,1.5737319421e+01
2.1646276868e-04,9.0377228550e-05,1.5565988975e+01
-2.7822838139e-04,5.6553919011e-05,3.3776942387e+01
3.7851767051e-04,2.9702140474e-05,1.1313506727e+01
3.8197932609e-04,3.1183932184e-05,1.1176703751e+01
3.7585519562e-04,3.7841655941e-05,1.1628503251e+01
4.6188999480e-05,9.5868522888e-05,2.2045072703e+01
2.3054261061e-04,8.3295937834e-05,1.5410065253e+01
3.2976182360e-04,8.1737421038e-05,1.3032970086e+01
-2.1766625069e-04,4.3074802040e-05,4.0099484937e+01
-2.0579978726e-04,4.4274077632e-05,4.0864609723e+01
3.0612401630e-04,2.9869514730e-05,1.5709267005e+01
-2.7139148581e-04,6.9699899074e-05,3.7698729931e+01
-2.6539220222e-04,6.4440861586e-05,3.6486022891e+01
-1.1877550283e-04,1.0419455623e-04,3.3743976071e+01
-3.4186982415e-04,3.6619354482e-05,1.3876735721e+01
-2.7206363565e-04,3.7272250094e-05,2.8123266713e+01
-2.7009557230e-04,6.3692661881e-05,3.6333610584e+01
-2.9889090035e-04,3.6008254938e-05,1.7205700402e+01
-1.3334025426e-04,5.6336501487e-05,4.1416548836e+01
-1.7117050033e-04,9.7767144649e-05,3.4898266954e+01
2.7216876439e-04,7.8192765184e-05,1.4804703279e+01
1.2594103304e-04,1.1878144007e-04,1.7100386886e+01
1.2617770446e-04,1.2230125879e-04,1.7128506665e+01
3.4256315660e-04,6.4573543511e-05,1.3064700357e+01
2.8376829252e-04,3.7434260618e-05,1.6073862386e+01
2.5202786600e-04,1.2507837421e-04,1.3897407748e+01
-2.8558037349e-04,3.6168398956e-05,1.8286197296e+01
3.3251873350e-04,3.5633764511e-06,1.6888680922e+01
3.3830247245e-04,1.0977202624e-05,1.5552149924e+01
3.3193289503e-04,9.7923276561e-05,1.2301317704e+01
-2.4398650843e-04,4.9773990390e-05,3.6928689200e+01
-9.1297579980e-05,1.1759949507e-04,3.2637846791e+01
-3.6217752795e-04,3.3271649699e-06,2.0190442745e+01
2.9763594683e-04,6.8337448161e-05,1.4557464110e+01
3.1621447699e-04,6.4007484431e-05,1.4159639948e+01
3.1728841607e-04,7.1723611987e-05,1.3869225895e+01
3.0912330065e-04,4.4557409914e-05,1.5023364099e+01
2.7169825968e-04,1.2978195651e-04,1.3187244691e+01
2.6338233831e-04,1.2411727901e-04,1.3648900191e+01
1.7322369984e-04,1.3849119353e-04,1.5797932268e+01
1.8017586305e-04,1.2995864837e-04,1.5805721604e+01
2.1301955243e-04,1.1842954125e-04,1.4851771330e+01
2.1741068818e-04,1.2336383935e-04,1.4646980850e+01
2.0997036651e-04,1.2488740834e-04,1.4763840337e+01
2.0604100029e-04,1.2371153236e-04,1.4885150279e+01
1.9860729656e-04,1.2509265649e-04,1.5056176926e+01
2.2529481863e-04,1.2555858850e-04,1.4441215187e+01
2.2572674146e-04,1.2935914680e-04,1.4329399980e+01
2.1825241696e-04,1.3096839221e-04,1.4433957069e+01
2.2967572880e-04,1.3042577100e-04,1.4217228124e+01
1.2026656096e-04,9.7130082669e-05,2.0021839186e+01
2.5271085272e-04,7.7726254355e-05,1.5144352471e+01
-2.5099600487e-04,6.9620504880e-05,3.7078167778e+01
2.4250162663e-04,1.4458222285e-04,1.3357777538e+01
2.5734936592e-04,1.3746546685e-04,1.3274590566e+01
2.1251131500e-04,1.5141401776e-04,1.3768999360e+01
2.2016530259e-04,1.4978937910e-04,1.3670770590e+01
2.2457781429e-04,1.5138131064e-04,1.3480583268e+01
2.4646748321e-04,2.9954654413e-05,1.7847289774e+01
2.5048253067e-04,3.0323386624e-05,1.7691964436e+01
2.3841201586e-04,2.9156096386e-05,1.8082495253e+01
2.3105607280e-04,3.1202816832e-05,1.7904574342e+01
-2.1180937581e-04,2.3317327852e-05,4.3570849385e+01
1.6627796912e-04,8.2911312942e-05,1.7066351356e+01
1.5932029933e-04,8.4179401593e-05,1.7074701094e+01
-2.3250760415e-04,8.3586966881e-05,3.6468198998e+01
1.8557611567e-04,1.5766422615e-04,1.4000809422e+01
2.5028041082e-04,1.4363765774e-04,1.3189246055e+01
-1.9755500789e-04,1.6693387381e-05,4.6182397747e+01
1.7375538043e-04,1.5732821809e-04,1.4293193715e+01
3.2262303718e-04,8.4181620629e-05,1.3236387347e+01
2.1772834227e-04,2.4195759452e-05,1.8409204986e+01
2.0980537562e-04,2.3374609063e-05,1.8524326993e+01
2.2305272705e-04,3.0288999489e-05,1.7943837871e+01
2.3302303697e-04,2.2995496374e-05,1.8603263214e+01
1.6532777081e-04,5.8171825106e-05,1.7660640034e+01
-1.5852701601e-04,8.4187742308e-05,3.6129613233e+01
1.1942795449e-04,7.6222738656e-05,2.3031711788e+01
1.1276571248e-04,7.7258986127e-05,2.2893738335e+01
9.7822695297e-05,7.0860842919e-05,2.2757765097e+01
9.4353414239e-05,7.0060579980e-05,2.2728711567e+01
8.4862446621e-05,7.0405591744e-05,2.2643995724e+01
6.4564836757e-05,6.4031379760e-05,2.2550136589e+01
5.8242133390e-05,6.2971444250e-05,2.2537104601e+01
5.2795631935e-05,6.4258201033e-05,2.2519776053e+01
4.6659280563e-05,6.3327834671e-05,2.2522612792e+01
1.2366845063e-05,5.7802033061e-05,3.2028204165e+01
6.0886137650e-06,5.7397998676e-05,3.4201450758e+01
-2.4701205827e-07,5.7045900215e-05,3.6041982245e+01
-6.6309179729e-06,5.6742813586e-05,3.7579142646e+01
-1.3054895294e-05,5.6484680454e-05,3.8844893789e+01
-1.9511757292e-05,5.6267360853e-05,3.9871280364e+01
-2.5995346659e-05,5.6087670955e-05,4.0689056153e+01
-3.2500115306e-05,5.5941830849e-05,4.1327025088e+01
-3.9021176362e-05,5.5826324810e-05,4.1811498353e+01
-4.7301988395e-05,5.7478307017e-05,4.1955169731e+01
3.2461266476e-05,6.3498355875e-05,2.2403750286e+01
2.0675509929e-05,5.6542537906e-05,2.8870883710e+01
1.1136084730e-04,7.1447965663e-05,2.2865534627e+01
7.8962034234e-05,7.1522498183e-05,2.2589912039e+01
1.3361833536e-04,7.7097447057e-05,1.9655925367e+01
1.3402478054e-04,4.9670455376e-05,2.2285033848e+01
1.8684616288e-04,2.3590986320e-05,1.9016991406e+01
1.9076988890e-04,2.3995009865e-05,1.8838392629e+01
1.7900384675e-04,2.2807973222e-05,1.9446893285e+01
1.9797762749e-04,2.2178396170e-05,1.8802027130e+01
-2.5827675259e-04,3.7012805711e-05,3.3449455655e+01
2.8471960176e-04,8.4345994745e-05,1.4381986633e+01
2.3768582691e-04,4.3549323811e-05,1.7074537872e+01
2.3912497281e-04,5.0201894701e-05,1.7071110232e+01
2.3664502687e-04,5.6527883918e-05,1.6613086241e+01
2.3102708863e-04,4.8755403649e-05,1.7076583546e+01
2.4490251482e-04,5.8319546313e-05,1.6084089516e+01
2.4570581787e-04,6.1998752601e-05,1.5867414750e+01
2.4574404703e-04,4.4762528444e-05,1.7005586648e+01
1.1951054593e-04,4.9814362494e-05,2.2895946964e+01
1.2708253101e-04,5.1068252054e-05,2.2973147547e+01
-1.9156065408e-04,9.7866167492e-05,3.5213644508e+01
1.6589088420e-04,1.7022037505e-05,2.0809864070e+01
1.6008951885e-04,2.3396583733e-05,2.0745696530e+01
1.5224253977e-04,2.2698372093e-05,2.1563340809e+01
1.7768753220e-04,1.7911420094e-05,1.9986242087e+01
-1.4459854761e-04,2.4295876804e-05,4.7982841316e+01
2.0467209975e-04,6.9680478126e-05,1.6997856846e+01
2.1123662559e-04,6.4482171810e-05,1.7003271678e+01
-1.5279895325e-04,1.6490062212e-05,4.9203437649e+01
-1.3248503699e-04,1.1119040562e-04,3.3544022489e+01
-1.2685026068e-04,7.6640058185e-05,3.7527884500e+01
-1.3775142084e-04,1.6448990283e-05,4.9822185447e+01
-1.4528129599e-04,1.6467013334e-05,4.9531851101e+01
2.3252836685e-04,5.5638136006e-05,1.7068389776e+01
7.2373778069e-05,1.1017434274e-04,2.1683108684e+01
-1.2634248418e-04,2.4212916475e-05,4.8605478066e+01
-1.1974672178e-04,2.8965545566e-05,4.7766778896e+01
-1.3970553825e-04,5.6489712697e-05,4.1222765379e+01
9.8999229035e-05,8.9963116544e-05,2.2735580246e+01
1.7746539883e-04,1.5855300888e-04,1.4107212336e+01
-1.1888377235e-04,1.6412360787e-05,5.0385822829e+01
-1.2643752320e-04,1.6424997195e-05,5.0188882739e+01
1.3127660619e-04,1.7091843899e-05,2.2930777275e+01
1.2741863775e-04,1.6927506133e-05,2.2930420593e+01
1.3905851363e-04,1.7469877973e-05,2.2997266330e+01
1.4621428704e-04,1.5804238056e-05,2.2428548182e+01
1.8490130468e-04,1.4275102266e-04,1.4853505942e+01
-1.1167558226e-04,2.4164290550e-05,4.8958116834e+01
-1.1254622307e-04,2.8933664339e-05,4.7931538656e+01
1.1976366427e-04,1.6645145039e-05,2.2915770852e+01
1.1218738878e-04,1.6419157373e-05,2.2908349376e+01
1.6590516726e-04,1.0322027862e-04,1.7021742498e+01
1.6690722451e-04,1.1064915565e-04,1.7007635899e+01
1.7075489212e-04,1.1202607350e-04,1.7000994346e+01
-1.0537931699e-04,1.7927783910e-05,5.0330278130e+01
-1.1132183152e-04,1.6401384863e-05,5.0542013572e+01
-9.9966428907e-05,1.6389736542e-05,5.0690236586e+01
-9.2388746762e-05,1.6385179742e-05,5.0723177628e+01
-8.4806500242e-05,1.6382706151e-05,5.0694843122e+01
9.8000529902e-05,1.7869535980e-05,2.2880872362e+01
9.3567751956e-05,1.6052238705e-05,2.2890795817e+01
1.0468553615e-04,1.6241985485e-05,2.2904068103e+01
6.5852430619e-05,7.8036428340e-05,2.2442944005e+01
5.9702949943e-05,7.6622862459e-05,2.2430148871e+01
-8.0181508766e-05,7.7499136609e-05,3.8278725281e+01
-9.2213974474e-05,7.7651682783e-05,3.7971623040e+01
-7.3426166899e-05,1.6385128409e-05,5.0516884329e+01
8.6245830529e-05,1.5967079138e-05,2.2836529590e+01
7.8976845489e-05,1.5902329255e-05,2.3659064760e+01
-7.2695146168e-05,7.5568394682e-05,3.8814267236e+01
-6.0079517404e-05,2.4132021846e-05,4.8592536774e+01
-7.2793971085e-05,2.8857596182e-05,4.8057835257e+01
-5.8244809069e-05,1.6400646240e-05,4.9968554898e+01
-6.5835866829e-05,1.6390704700e-05,5.0292286359e+01
-5.2586997722e-05,1.7943340367e-05,4.9372084761e+01
-4.6856668547e-05,1.6423697171e-05,4.9267703183e+01
6.5360310127e-05,1.7409133522e-05,2.5819155749e+01
7.2610417018e-05,1.7498306685e-05,2.4310016236e+01
1.9099956828e-04,9.7289164046e-05,1.6772755578e+01
5.3281154768e-05,1.5629650525e-05,2.9220652705e+01
4.7063845864e-05,1.7173035940e-05,3.0478676861e+01
6.0665932228e-05,1.5712204691e-05,2.7351565873e+01
-3.9270414447e-05,1.6445178578e-05,4.8636876124e+01
-3.1686994209e-05,1.6473635632e-05,4.7858487596e+01
-1.3917196432e-04,3.5651498039e-05,4.5749879254e+01
4.0841413172e-05,1.3002228739e-04,5.3933593339e+01
3.9681461688e-05,1.7079324072e-05,3.2544041212e+01
3.2266497330e-05,1.6988255800e-05,3.4635353193e+01
-2.0322733747e-05,1.6525647797e-05,4.6387972571e+01
-1.2759081170e-05,1.6570759479e-05,4.5191442780e+01
-1.5823308004e-04,1.0493665768e-04,3.4275266642e+01
2.7185487550e-05,1.5346637371e-05,3.6407105267e+01
2.1087244057e-05,1.6860877085e-05,3.7701667789e+01
1.3601323280e-05,1.6783245768e-05,3.9630826632e+01
-1.4359375144e-06,1.6651056702e-05,4.3062315929e+01
6.0923023602e-06,1.6712833448e-05,4.1425922209e+01
6.2367587965e-06,3.7916521030e-05,3.7175697399e+01
1.3344750075e-04,1.5656331458e-04,1.7291841701e+01
-6.0056764857e-05,3.6965089412e-05,4.6111893016e+01
-5.3015069270e-05,3.6991645825e-05,4.5811934559e+01
3.4238602134e-05,1.3051956455e-04,5.6038479729e+01
-4.5282853898e-05,9.7013873838e-05,3.6044508049e+01
-3.9660587638e-05,9.7147910937e-05,3.6286882831e+01
1.7250007798e-04,9.8440221533e-05,1.7010873901e+01
-3.4049940844e-05,9.7323081360e-05,3.6523624875e+01
-6.8642854084e-06,1.0925382922e-04,3.7152902442e+01
1.0461587269e-06,1.1010383212e-04,3.7527716521e+01
6.2810436777e-06,1.1077832579e-04,3.7609184577e+01
1.3318607732e-05,1.0971044189e-04,3.7068577821e+01
1.8515178447e-05,1.1061694097e-04,3.6735214395e+01
2.7406322270e-05,1.1685467121e-04,3.8096913961e+01
1.0104857742e-06,1.2301578726e-04,3.9719925127e+01
5.8574539474e-06,1.2367856819e-04,4.0901837314e+01
-5.5747729995e-06,1.2438769609e-04,3.8540732078e+01
-1.2796266949e-05,9.6427297272e-05,3.7131704368e+01
-1.5852904383e-04,7.0313433956e-05,3.8192838759e+01
-2.7119931223e-05,1.0987775962e-04,3.5359309346e+01
-3.2474265260e-05,1.0962594598e-04,3.4938516415e+01
-1.3074666561e-05,1.2363088403e-04,3.6079623132e+01
-7.2321014909e-06,9.6863640178e-05,3.7003835100e+01
-2.0650064721e-05,1.2301617682e-04,3.4261153736e+01
-2.7181616799e-05,1.2474261533e-04,3.2874209498e+01
-1.4520678404e-04,1.1005850640e-04,3.3827223074e+01
2.8864555644e-08,8.9494498010e-05,3.5968623297e+01
1.2666288950e-04,1.5656978808e-04,1.7125141861e+01
5.6867361935e-06,9.0083948710e-05,3.5020620118e+01
-3.9948247748e-05,1.2411650388e-04,3.2090536755e+01
-4.5933450583e-05,1.0919288256e-04,3.4086729857e+01
-5.9460281095e-05,1.0490400758e-04,3.4157246257e+01
1.8818416330e-05,8.9810383092e-05,3.1068434428e+01
1.6470616973e-04,1.2422744697e-04,1.7013791737e+01
-5.4146519752e-05,1.1738175527e-04,3.2538443043e+01
-7.8005378277e-05,1.1738539205e-04,3.2467438533e+01
-6.7383837501e-05,1.1730225290e-04,3.2419474419e+01
-7.2693031525e-05,1.1731483873e-04,3.2432255651e+01
-6.0317649730e-05,5.7383041757e-05,4.2273107303e+01
1.9958446046e-04,8.2158136681e-05,1.7061905498e+01
1.3257139471e-04,1.1821499576e-04,1.7112750176e+01
1.1248240125e-04,9.1472973062e-05,2.2941725125e+01
1.1367108243e-04,9.7855965372e-05,2.2478548511e+01
9.2922884982e-05,6.4759781841e-05,2.2728413078e+01
1.9879415135e-04,1.0134716199e-05,2.0107637749e+01
-1.1792427366e-04,7.6345952296e-05,3.7719009557e+01
7.3228893194e-05,1.3093583775e-04,2.0835100664e+01
2.2574035911e-04,4.2018026981e-05,1.7099642337e+01
2.2971771462e-04,4.2520997996e-05,1.7139761573e+01
1.3066629253e-05,3.8132998111e-05,3.5223513595e+01
6.0025604360e-05,4.2390655412e-05,2.2634394028e+01
7.3309023741e-05,4.3608827149e-05,2.2666954149e+01
8.0099023199e-05,4.4338530755e-05,2.2694312184e+01
8.6239099191e-05,4.2877579456e-05,2.2727466463e+01
-2.1878448241e-04,6.9668126012e-05,3.7344076076e+01
1.8629733935e-04,3.6579178332e-05,1.8034510570e+01
5.8238923924e-05,1.2409014038e-04,1.9535143001e+01
7.8993488686e-05,1.3148139047e-04,2.1597220094e+01
-1.3852067322e-04,4.9329523856e-05,4.2780491432e+01
4.7295597704e-05,5.7211004466e-05,2.2550407348e+01
8.4976317548e-05,8.3026034575e-05,2.2580449912e+01
-8.6286386614e-05,5.7439729034e-05,4.2179355368e+01
-2.3805661976e-04,2.9843730222e-06,4.1337142293e+01
-2.3119392472e-04,4.4720128670e-06,4.2861168592e+01
1.7717985746e-04,8.2691697061e-05,1.7040081893e+01
-7.9814736647e-05,5.7391773288e-05,4.2266274421e+01
2.3250081251e-04,2.1629841112e-06,2.1231821649e+01
-7.8539797378e-05,2.4114677254e-05,4.9104105600e+01
2.7201221939e-05,7.0835885683e-05,2.3399346137e+01
1.8425451373e-05,6.9774290703e-05,2.8601714452e+01
1.3462790628e-05,7.1203622602e-05,3.0833338340e+01
1.4605122652e-06,7.0164055293e-05,3.4845419839e+01
-5.9058500666e-05,7.7450949524e-05,3.8747142087e+01
-1.6467604141e-04,5.7299868600e-05,4.0397378692e+01
-8.0699563290e-05,4.3604764037e-05,4.5110990222e+01
1.0408635035e-04,5.7066295939e-05,2.2817420278e+01
-5.3019435594e-05,7.7495702719e-05,3.8831074262e+01
1.5883021315e-04,1.0423029636e-04,1.7041182094e+01
-6.0141636739e-05,4.3611610993e-05,4.4839327496e+01
-2.6899108885e-05,2.4279825578e-05,4.5876084461e+01
-5.2059864500e-06,1.6621231514e-05,4.3816508892e+01
-6.6821299145e-05,5.7368036032e-05,4.2322084199e+01
-9.9148158068e-05,5.7553160812e-05,4.1936863520e+01
-3.9282953097e-05,7.5830463528e-05,3.9084306197e+01
-8.4651296541e-05,3.6960547687e-05,4.6504515280e+01
2.1690009665e-04,4.1512874952e-06,2.0766936684e+01
-2.0649684613e-04,2.9483119854e-06,4.7228896366e+01
-2.1161164815e-04,4.4376339351e-06,4.6346759795e+01
-2.1834316605e-04,2.9579433327e-06,4.5492401561e+01
-6.7089865423e-05,3.6950825992e-05,4.6317236882e+01
-7.4112404991e-05,3.6947522119e-05,4.6441972628e+01
-7.9490666539e-05,3.5313870552e-05,4.6829865979e+01
5.3479391030e-05,4.9776884003e-05,2.2583824570e+01
-1.1341547865e-04,5.0689284760e-05,4.3130980361e+01
-2.7187322990e-05,7.6175419761e-05,3.8681848628e+01
-1.2172201423e-05,7.6868689379e-05,3.7382497721e+01
-2.8711501045e-07,7.7689018125e-05,3.5361630555e+01
2.6618455778e-05,8.2920537923e-05,2.5332641397e+01
2.6557630624e-05,6.2833475613e-05,2.4939199622e+01
7.2463522711e-05,7.0119042151e-05,2.2549738195e+01
-1.3830051335e-05,1.1074207502e-04,3.6540655805e+01
2.6555135681e-04,4.4906104132e-05,1.6090512365e+01
2.7127901261e-04,3.5492219908e-05,1.7145059459e+01
-2.5235624813e-04,2.2811004519e-05,3.5224693014e+01
-8.0244303182e-05,5.0414245745e-05,4.3697075365e+01
-1.9198558968e-04,4.4137929119e-06,4.8643958669e+01
8.6038435930e-05,1.0494497022e-04,2.2347443790e+01
-1.0507126898e-04,1.0360470434e-04,3.3709119456e+01
-2.3261455483e-04,4.4242886862e-05,3.8453731952e+01
5.9187942698e-05,1.0962259353e-04,2.1348610050e+01
-2.4381129419e-04,6.3087316707e-05,3.7067497342e+01
1.5321181612e-04,3.1781118398e-06,2.1649007548e+01
-9.1282782589e-05,1.0318517074e-04,3.3773920232e+01
1.3338684961e-04,3.1465003614e-06,2.1997128927e+01
1.2544289659e-04,3.1512519324e-06,2.2171923423e+01
1.1754996614e-04,3.1512220798e-06,2.2347427794e+01
1.0555889415e-04,1.1005799953e-04,2.2930832324e+01
1.2687566138e-04,7.8212714792e-05,2.1100833899e+01
1.5379341609e-04,1.2353635940e-04,1.7062464725e+01
2.6929194044e-04,1.1065301891e-04,1.3955264905e+01
2.3274181240e-04,1.2387343176e-04,1.4342128424e+01
-2.7725957513e-04,3.0965497876e-06,2.3612272420e+01
-2.6553335589e-04,3.0454138499e-06,3.0792237881e+01
-2.5776021424e-04,3.0237844399e-06,3.4560347477e+01
-2.7007517050e-04,4.6369059329e-06,2.8140978540e+01
-1.9695647451e-04,3.6682800215e-05,4.2732966119e+01
2.6453833036e-04,2.7076821837e-06,2.2153446445e+01
2.7220388364e-04,1.0389505561e-04,1.4092832807e+01
-1.7720687524e-04,8.3682540341e-05,3.6199014054e+01
2.5249994115e-04,2.4938246313e-06,2.1902343405e+01
-1.8572692446e-04,7.6238108528e-05,3.7036094123e+01
2.2507211159e-04,4.2773461738e-06,2.0892961661e+01
1.9724560819e-04,3.6457579390e-06,2.0751665940e+01
-2.1883693826e-04,8.9589135325e-05,3.6035942425e+01
2.1373842141e-04,9.6809227461e-05,1.5419271104e+01
-1.4515433991e-04,9.1393519736e-05,3.5226218778e+01
2.6413377807e-04,7.6558939526e-05,1.4989299556e+01
2.3317678141e-04,7.6814303836e-05,1.5583774211e+01
2.1243984737e-04,8.9282051858e-05,1.5767212608e+01
1.2013585258e-04,1.4356876867e-04,1.7205050065e+01
1.4038548443e-04,1.4981840863e-04,1.7315044417e+01
-3.1046199271e-04,3.5542989827e-05,1.7237287262e+01
-1.4610504621e-04,3.5726690364e-05,4.5494107738e+01
-2.2623466038e-04,2.9663318608e-06,4.4056324228e+01
-1.9859504579e-04,2.9409843992e-06,4.8171804467e+01
2.4322803197e-04,5.1003551251e-05,1.6869380411e+01
3.5860163294e-04,4.3237871148e-05,1.2759769034e+01
2.7903763612e-04,9.7964968832e-05,1.4112451854e+01
4.6215257761e-05,7.8203924167e-05,2.2404858316e+01
-1.3864667791e-04,8.2992120537e-05,3.6354900463e+01
3.5626834024e-04,2.3147212853e-05,1.2903905470e+01
2.7051002421e-04,4.9288804095e-05,1.5841252531e+01
2.4980685759e-04,6.2871294900e-05,1.5734913312e+01
-1.7780977538e-04,3.7936365098e-05,4.3662088655e+01
1.5801807993e-04,1.6490127353e-05,2.1450298204e+01
-1.1901507190e-04,2.4186601627e-05,4.8799275662e+01
9.3886272057e-05,3.1482250656e-06,2.3934003893e+01
-5.3289423573e-05,4.3641163947e-05,4.4592209367e+01
1.7306909754e-04,1.0214509100e-04,1.7004022813e+01
2.4511110813e-04,2.4127380785e-05,1.8600092135e+01
9.4330249603e-05,1.3737380802e-04,1.9463585283e+01
-7.1618884407e-05,1.1107100812e-04,3.2994732017e+01
1.4044693033e-04,9.7775731304e-05,1.7062360580e+01
2.9784646556e-04,2.8870770713e-05,1.6054099783e+01
2.1076555813e-04,1.3249663977e-04,1.4544515990e+01
1.9678756589e-04,4.9358664092e-05,1.7111263765e+01
8.4919141331e-05,1.2522590244e-04,2.2130461169e+01
1.9899507930e-04,1.2890260288e-04,1.4929868618e+01
3.1689044392e-04,9.8393226242e-05,1.2920812655e+01
-2.1793370222e-04,6.3151725528e-05,3.7933824697e+01
-6.0216995817e-05,5.0414791606e-05,4.3557567398e+01
2.5232986951e-04,5.6361322385e-05,1.5965283798e+01
-3.3086468114e-04,3.5348386906e-05,1.6977873645e+01
3.1780232705e-04,7.5609669548e-05,1.3720139296e+01
-1.9180071051e-04,8.9561835094e-05,3.5732272095e+01
-1.2536518704e-04,4.9104821825e-05,4.3189485260e+01
1.9674711503e-04,1.0987315846e-04,1.5628556795e+01
2.0357327902e-04,1.0470796305e-04,1.5512222703e+01
-2.1953735775e-04,1.6882814521e-05,4.3486896696e+01
8.6021525455e-05,3.1411643781e-06,2.4990888853e+01
-2.5835147087e-04,6.4537934374e-05,3.6619974888e+01
-2.2548712839e-04,3.6035953511e-05,4.0078613831e+01
2.5249351006e-04,1.2888946523e-04,1.3752704475e+01
-3.2344359634e-04,2.3568464753e-05,1.7088226266e+01
2.3870428383e-04,1.1071602292e-04,1.4552679459e+01
2.9571990768e-04,5.7070980744e-05,1.4963310247e+01
2.2654951593e-04,1.3695197309e-04,1.4068918123e+01
1.3690482623e-04,1.3762025043e-04,1.7208042618e+01
1.5083597236e-04,1.8170732342e-05,2.1967752027e+01
4.6919020001e-05,1.2308729192e-04,3.3749299026e+01
1.4385934855e-04,1.5149009331e-04,1.7326247076e+01
-1.1372585551e-04,1.1015877777e-04,3.3265522643e+01
1.0071927895e-04,1.3049493555e-04,1.9081785691e+01
1.2673009348e-04,1.3639450955e-04,1.7200468535e+01
3.0374624176e-04,5.8338369148e-05,1.4712731771e+01
-1.3954559176e-04,1.0337182342e-04,3.4060078420e+01
9.9141879723e-05,1.1041168459e-04,2.2665854122e+01
1.5087486087e-04,9.8033859790e-05,1.7064095565e+01
-5.9434092982e-05,1.1732123740e-04,3.2461179585e+01
-1.5894423729e-04,2.9246696257e-05,4.6353013847e+01
3.6224620388e-04,4.3820334169e-05,1.2507645713e+01
2.6332071318e-04,1.6940704438e-05,1.9222826084e+01
7.8148896984e-05,3.1428707875e-06,2.6338253621e+01
-8.6652777953e-05,9.1081453704e-05,3.5653965406e+01
2.0585649232e-04,2.2970313381e-05,1.8597236368e+01
1.9343483141e-04,7.0274490949e-05,1.7047057684e+01
2.6539537124e-04,6.2482342503e-05,1.5427352251e+01
-4.5591256638e-05,3.0532221790e-05,4.6566125782e+01
-2.2317243826e-04,1.6928079539e-05,4.2900240398e+01
2.1183684375e-04,1.4387313783e-04,1.4133043640e+01
1.6045862857e-04,9.1120268525e-05,1.7057476782e+01
1.5299233025e-04,8.8797343133e-05,1.7073862728e+01
7.9766205992e-05,1.0246092455e-04,2.2210378405e+01
2.8922433770e-04,8.8943683321e-05,1.4139700502e+01
-2.5227565812e-04,4.4611897557e-05,3.5500782917e+01
-2.4463390487e-04,1.7299974905e-05,3.8101350233e+01
2.6387266041e-04,5.5111030315e-05,1.5747877793e+01
2.8349196981e-04,1.0263670042e-04,1.3857095462e+01
-1.8637558928e-04,5.0795736893e-05,4.0845500340e+01
-1.9071877043e-04,6.4530968703e-05,3.8512861049e+01
-2.0419597742e-04,2.9929766472e-05,4.3300427071e+01
2.9205559495e-04,8.2080533252e-05,1.4277605971e+01
-2.1000331122e-04,3.7135219131e-05,4.1609968531e+01
2.5173567342e-04,3.6229545687e-05,1.7035853057e+01
1.8407611559e-04,1.3133414875e-04,1.5458465220e+01
-2.5823242310e-04,1.5987269346e-05,3.3345844868e+01
2.7615139996e-04,5.7362897266e-05,1.5400755348e+01
2.4610243268e-04,1.0888938089e-04,1.4469057206e+01
2.7954708663e-04,7.6005621078e-05,1.4729946504e+01
-2.4385068851e-04,5.6324606589e-05,3.7000933028e+01
-1.2574003735e-04,9.6365024015e-05,3.4575154668e+01
2.5847591489e-04,3.0996894736e-05,1.7195502179e+01
3.1208498866e-04,8.9741237253e-05,1.3427884329e+01
2.5066161815e-04,4.9042510792e-05,1.6555643670e+01
-2.6966311436e-04,5.0850450753e-05,3.3051906090e+01
3.2451682703e-04,4.2839117572e-05,1.4586021418e+01
-6.6895756916e-05,5.0398921190e-05,4.3665371338e+01
2.8428253157e-04,5.8782234111e-05,1.5175182083e+01
-9.9563686547e-05,1.0341675951e-04,3.3721285423e+01
2.9282936361e-04,1.1606310813e-04,1.3084109162e+01
-1.4598000176e-04,3.0766062766e-05,4.6566297401e+01
-2.9833735267e-04,4.4485930920e-05,1.6878698545e+01
1.7850680413e-04,6.9933454370e-05,1.7076426240e+01
-7.9143933147e-05,9.6914655202e-05,3.4855253240e+01
-1.8391224335e-04,6.9988465237e-05,3.7871298157e+01
3.2194531649e-05,8.3940637042e-05,2.2240117173e+01
-1.1206202447e-04,5.7728583802e-05,4.1625910620e+01
-1.2002767592e-04,5.0771838659e-05,4.2956832724e+01
2.5927353556e-04,1.6706705808e-05,1.9460500443e+01
3.4915601395e-04,5.7803167800e-05,1.2948108557e+01
4.5534181565e-05,8.4628846604e-05,2.2332344964e+01
2.8297083444e-04,9.8801923565e-05,1.3992334692e+01
1.4677088483e-04,1.2421755912e-04,1.7101651009e+01
-1.1936562929e-04,6.8836362235e-05,3.9145015311e+01
2.5106783093e-04,1.1745969676e-04,1.4154151363e+01
2.7714125993e-04,4.3398157170e-05,1.5963145658e+01
-3.4328130309e-04,2.2478997425e-05,1.6943601082e+01
2.6541478356e-04,8.4066796145e-05,1.4758861273e+01
2.5863630511e-04,8.9877144085e-05,1.4718588478e+01
2.1972739018e-04,5.0015357724e-05,1.7081019232e+01
2.5674204207e-04,7.8602445848e-05,1.5051276692e+01
2.8539186393e-04,4.4714292920e-05,1.5683195610e+01
1.1346452937e-04,1.3007651569e-04,1.7171774104e+01
2.6262960314e-04,9.0753387867e-05,1.4631065698e+01
3.1841252529e-04,3.1236754258e-05,1.5255027671e+01
-3.0330657406e-04,5.0780770303e-05,2.1975790178e+01
2.7716315496e-04,1.1242752914e-04,1.3697647961e+01
-2.1013875563e-04,5.0264271114e-05,3.9737045474e+01
-2.0489786996e-04,1.6748209858e-05,4.5415974508e+01
2.7652774794e-04,2.3402571875e-05,1.7169742617e+01
-1.6413895892e-04,6.2915392473e-05,3.9375718059e+01
-1.7924973978e-04,5.6070394392e-05,4.0186020266e+01
-1.8447728549e-04,3.8093805876e-05,4.3270010099e+01
1.2651763604e-04,1.2936676774e-04,1.7175059872e+01
1.5101978668e-04,1.5131920789e-04,1.7215106435e+01
1.0416372590e-04,6.9747995638e-05,2.2812402770e+01
3.3165681005e-04,1.7994582511e-05,1.5447692702e+01
1.7147206242e-04,7.1415318630e-05,1.7072991595e+01
-8.6906872589e-05,5.0443344265e-05,4.3642384081e+01
-1.2596594161e-04,1.0251341063e-04,3.3958454175e+01
2.5115247072e-04,1.6166555515e-05,1.9602823867e+01
2.8454557850e-04,2.3923034565e-05,1.7018408114e+01
-1.3957862627e-04,9.1046924641e-05,3.5248820385e+01
-2.1218698913e-04,7.7343080075e-05,3.6771025730e+01
1.5840871526e-04,1.5103180976e-04,1.7025891979e+01
3.0341954644e-04,1.1081558474e-04,1.2928236465e+01
-1.9806396981e-04,4.9505776452e-05,4.0517328026e+01
-1.9878711954e-04,6.3195833605e-05,3.8492980909e+01
6.0677467811e-05,9.0881018592e-05,2.2214432056e+01
1.5190405221e-04,8.2071968762e-05,1.7089756604e+01
1.4104030131e-05,9.1146066019e-05,3.3039126183e+01
1.9020285731e-05,8.3758030938e-05,2.9639074606e+01
2.2627748241e-04,1.0384008456e-04,1.4916662040e+01
6.6007777397e-05,9.0056391945e-05,2.2271784114e+01
2.9599266152e-04,8.2836216745e-05,1.4154113950e+01
2.3078478213e-04,1.0867733844e-04,1.4730070474e+01
2.3906021397e-04,1.5282427477e-05,1.9505078439e+01
-1.6634741364e-04,9.0976301767e-05,3.5397982839e+01
8.6076055245e-05,6.3392268583e-05,2.2680546619e+01
-2.1798231063e-04,8.2752705240e-05,3.6387043610e+01
-1.5811695854e-04,7.6160813480e-05,3.7258965345e+01
-1.9033148878e-04,3.6499000638e-05,4.3215040020e+01
-5.9471213699e-05,1.0900198593e-04,3.3528442892e+01
3.3120983212e-04,3.6188516889e-05,1.4563377344e+01
8.0089284542e-05,6.4604471255e-05,2.2633082820e+01
5.1696411383e-05,9.7508396366e-05,2.1979063059e+01
1.5334079484e-04,7.0214324301e-05,1.7482449189e+01
-1.6433453366e-04,3.7673274849e-05,4.4355709950e+01
7.3494319197e-05,6.3363967503e-05,2.2597687752e+01
8.4596709360e-05,9.6130218863e-05,2.2442333750e+01
-1.5232341164e-04,7.5831360835e-05,3.7364577494e+01
-7.4749510514e-06,9.0827512658e-05,3.6884181372e+01
2.0683646439e-04,1.3132515229e-04,1.4662902954e+01
-2.3899635725e-04,7.1220586801e-05,3.7095362500e+01
3.4957516365e-04,6.1890959364e-05,1.2792572593e+01
-1.5814391804e-04,9.0281593312e-05,3.5414135615e+01
-2.2426873296e-04,3.0532357878e-05,4.0899787224e+01
2.8325683058e-04,1.7798811554e-05,1.7072916901e+01
-1.3161860757e-05,9.0411559113e-05,3.7236590871e+01
-1.9736314577e-04,2.9779674661e-05,4.3921152323e+01
2.1063945600e-04,1.0794686878e-05,1.9918900342e+01
-1.8492361139e-04,6.4105446812e-05,3.8710329328e+01
-3.9325418755e-05,1.1144799162e-04,3.4128763181e+01
1.3389550939e-04,6.2961161838e-05,2.1220514958e+01
-1.8872128289e-05,9.0060629224e-05,3.7437416507e+01
-1.5289817160e-04,8.3806081450e-05,3.6185934725e+01
-1.9130792665e-04,3.1358605221e-05,4.4097657937e+01
2.3829229845e-04,6.3881769317e-05,1.6009290875e+01
1.2705530198e-04,6.4221430483e-05,2.2588664165e+01
3.7045666152e-04,1.6095417926e-05,1.0437450749e+01
2.9028498874e-04,7.0707850320e-05,1.4660954452e+01
4.1137077573e-05,5.6499922365e-05,2.2551048100e+01
-1.7304392442e-04,2.9399831647e-05,4.5619417218e+01
-1.4437635888e-04,8.3294714157e-05,3.6282133363e+01
2.7300138918e-04,4.2710979592e-05,1.6073614684e+01
3.6991641878e-04,1.2056531133e-05,9.7303964527e+00
2.8628766851e-04,6.9984938300e-05,1.4771229420e+01
1.9089561635e-04,9.7334380363e-06,2.0320975518e+01
3.2879315490e-05,5.7617104589e-05,2.2690667844e+01
3.3119778735e-04,6.2626309403e-05,1.3650459992e+01
-1.9963492449e-05,7.8367957949e-05,3.8082119202e+01
2.6825898634e-05,5.7052640908e-05,2.5918336121e+01
3.3069858476e-04,5.8710718096e-05,1.3803908549e+01
-1.9129882143e-05,1.1035193432e-04,3.6055354114e+01
2.3006781619e-04,6.2003496326e-05,1.6502221406e+01
2.9838255552e-04,5.0260591895e-05,1.5125933253e+01
1.7901316513e-04,1.1855727643e-04,1.6623628925e+01
1.8641236857e-04,1.1744566672e-04,1.5942159384e+01
1.6388539754e-04,1.0580325637e-05,2.1405115169e+01
3.3787209100e-04,5.5960471866e-05,1.3581565498e+01
2.1906744231e-04,2.9826395584e-05,1.7968886805e+01
3.3738495973e-04,5.2025090965e-05,1.3734590029e+01
-3.3011492667e-04,4.2497274154e-06,1.7724256837e+01
2.1112905446e-04,2.8898807706e-05,1.8059777243e+01
-1.3115312966e-04,9.0584075474e-05,3.5299109263e+01
-4.6985206492e-05,7.7569556557e-05,3.8873666675e+01
8.7268204824e-05,5.6523304117e-05,2.2709285524e+01
2.0389748215e-04,3.0754820585e-05,1.7999473186e+01
1.4023658375e-04,9.8456711499e-06,2.2549793182e+01
1.9995815670e-04,3.0272828065e-05,1.8098816006e+01
2.1844654898e-04,4.3935128991e-05,1.7085306179e+01
2.2370709843e-04,5.0673303795e-05,1.7073329678e+01
-3.3759354134e-04,4.6850789835e-06,1.8674006622e+01
2.6873965802e-05,3.0572994529e-06,3.9006768021e+01
-6.5093719667e-05,7.7433413929e-05,3.8633797744e+01
1.9804688809e-04,3.8223071465e-05,1.7621234132e+01
1.9020726459e-04,3.7123176331e-05,1.7875017477e+01
1.1306915032e-04,9.4984078643e-06,2.2875037952e+01
1.7849289391e-04,3.5505480753e-05,1.8452472657e+01
1.7139954908e-04,3.7171250414e-05,1.8758800172e+01
6.6398535426e-05,5.1242318146e-05,2.2615307261e+01
1.5977055707e-04,1.1159248172e-04,1.7032276111e+01
-3.5111120657e-04,1.6306165080e-05,1.6294112747e+01
1.0541658048e-04,9.4703016346e-06,2.2905094997e+01
1.5973220855e-04,3.5580092729e-05,1.9837925564e+01
-1.3276600788e-04,7.6864622802e-05,3.7408923096e+01
1.3949808409e-04,3.0713220079e-05,2.2687819049e+01
1.2960039601e-05,1.1609948518e-04,3.8498629778e+01
1.3169923848e-04,2.9915935531e-05,2.2914731637e+01
1.9210011450e-04,2.9322394266e-05,1.8350531738e+01
1.2475392872e-04,3.1495878188e-05,2.2903215553e+01
2.5124986294e-04,9.1847124285e-05,1.4785890877e+01
3.2373075693e-05,1.1813026143e-04,3.7867885792e+01
-1.0552930849e-04,8.9556412510e-05,3.5599403664e+01
-8.6200646895e-05,7.7563822399e-05,3.8125382373e+01
6.0465142616e-06,2.4646059076e-05,3.9848439126e+01
-9.9780854552e-05,8.9395760778e-05,3.5702390004e+01
4.7144816702e-05,4.9168315752e-05,2.2568595944e+01
1.5230786874e-04,1.0880583052e-04,1.7058319895e+01
6.7434333249e-05,9.3460701729e-06,2.7319591059e+01
1.7184302189e-04,2.4536639432e-05,1.9723158968e+01
3.8623104574e-05,5.0378488326e-05,2.2707442337e+01
2.4445465030e-04,9.7521749291e-05,1.4756760915e+01
2.0504913220e-05,1.1752350498e-04,3.8977446707e+01
-1.1126030174e-04,8.9741183564e-05,3.5510489714e+01
5.9803743547e-05,9.3045984553e-06,2.9099748213e+01
3.2429124786e-05,4.9901792822e-05,2.5292466711e+01
2.6139877166e-05,4.9464190050e-05,2.8085672508e+01
4.0645631198e-05,9.1958319578e-06,3.4118051828e+01
1.9765255250e-05,4.9067426322e-05,3.0696856946e+01
3.2949808423e-05,9.1533786913e-06,3.6203840590e+01
1.6400895364e-04,2.3765037128e-05,2.0377661623e+01
1.8962895890e-05,3.0454232135e-06,4.1002499739e+01
1.4511625953e-04,2.4349023850e-05,2.2254308218e+01
-1.3221930789e-04,3.5584189713e-05,4.5984307890e+01
2.9282864651e-04,4.2294592934e-05,1.5577977600e+01
-1.2658597175e-04,3.7197876347e-05,4.5791403670e+01
3.4452975869e-04,4.9160206706e-05,1.3466934168e+01
-1.1963863488e-04,3.7139820010e-05,4.5984908153e+01
-5.7365975338e-06,8.9786493343e-06,4.5323560512e+01
-3.5096791397e-04,9.0105101151e-06,1.7031165969e+01
-1.3506141641e-05,8.9531083891e-06,4.6689963305e+01
-1.1267312055e-04,3.7089324557e-05,4.6154187898e+01
3.0358582443e-04,3.6661257231e-05,1.5488553887e+01
3.4405307848e-04,4.5199380672e-05,1.3611494816e+01
-1.0569157659e-04,3.7046824068e-05,4.6295719360e+01
1.3727457116e-04,2.3701298804e-05,2.2979614444e+01
5.3775473822e-05,1.2398606619e-04,2.7320447943e+01
-9.1673152457e-05,3.6979633303e-05,4.6477858112e+01
-5.2415769434e-05,8.8732482143e-06,5.0998171825e+01
-3.0553359312e-04,5.6606983060e-05,3.3933038903e+01
3.1023240478e-04,3.0348255474e-05,1.5557282401e+01
-9.9123529197e-05,8.8496312750e-06,5.2119264333e+01
-6.6997645162e-05,4.3596129649e-05,4.4999480499e+01
3.4966866305e-04,3.0359106488e-05,1.3585458028e+01
-1.2632421690e-04,8.8589051281e-06,5.1625926678e+01
-9.7786058451e-05,4.3677808779e-05,4.4967810320e+01
3.1104569799e-04,1.6310168983e-05,1.6498452797e+01
3.0275267813e-04,1.5610011604e-05,1.7103265679e+01
3.9326156847e-05,1.1797600445e-04,3.4791950772e+01
3.5238657419e-04,2.2906286958e-05,1.3355376789e+01
-8.0588714537e-05,7.0038728119e-05,3.9715901796e+01
-6.5021111509e-05,9.6824472325e-05,3.5269243871e+01
-5.9375603994e-05,9.6838180217e-05,3.5471139200e+01
5.4288742039e-05,4.3896334472e-05,2.2613927991e+01
-5.3733969801e-05,9.6883216193e-05,3.5690782864e+01
-2.5663622495e-05,9.7673595317e-05,3.6838404135e+01
-2.0091858043e-05,9.7970458044e-05,3.6995536161e+01
2.6227427302e-05,1.0363199152e-04,3.2581660650e+01
6.6616412724e-05,4.2956852035e-05,2.2647022714e+01
1.7725765926e-04,1.4375421421e-04,1.5157148667e+01
-5.8887593510e-05,7.0006093499e-05,4.0027183921e+01
-5.2687560266e-05,7.0052201132e-05,4.0030515915e+01
4.7069884197e-05,1.0952001182e-04,2.3250765125e+01
-4.0293169180e-05,7.0225664736e-05,3.9838810411e+01
5.2163364937e-05,1.1149718126e-04,2.1093486495e+01
6.0146514585e-05,1.1750419556e-04,2.0594446333e+01
1.3304275430e-04,1.2535016031e-04,1.7152632090e+01
1.4019927474e-04,1.3204545351e-04,1.7165076017e+01
2.6430762053e-04,1.0213378697e-04,1.4307760642e+01
-3.4114996638e-05,7.0364484944e-05,3.9606571707e+01
9.3594007227e-05,1.1711406539e-04,2.2517667886e+01
1.4695104296e-04,5.7376499546e-05,1.9588322626e+01
1.5771135775e-04,5.6685929484e-05,1.8403519490e+01
-1.2615517478e-05,7.1169795370e-05,3.7651600124e+01
-6.5369826630e-06,7.1516224663e-05,3.6631086267e+01
-2.6170115550e-05,1.8037258065e-05,4.6913914550e+01
7.4859252752e-06,7.0645547020e-05,3.3045756132e+01
-9.8202432278e-05,7.7761241691e-05,3.7820953987e+01
5.1377024043e-05,7.7079478164e-05,2.2413133603e+01
6.7168538651e-05,8.3126338201e-05,2.2395076689e+01
9.1604410110e-05,8.4942032769e-05,2.2656944007e+01
7.9081030424e-05,8.3923536347e-05,2.2503235773e+01
-7.8995079935e-05,1.7913048037e-05,5.0331696301e+01
-1.2721099274e-05,3.0064616100e-06,4.7579198190e+01
1.0536435229e-04,8.9163237488e-05,2.2813521966e+01
1.1771037468e-04,1.0240914075e-04,1.9803118114e+01
-1.3167630115e-04,1.7976837551e-05,4.9724207190e+01
-9.9108365245e-05,7.0268669467e-05,3.9279759333e+01
-1.5784789097e-04,1.8057048709e-05,4.8662131036e+01
-1.8639126953e-04,1.6628780577e-05,4.7159623892e+01
-3.1183401220e-04,4.3870102066e-05,1.7318299884e+01
-2.3040710829e-04,1.7029463139e-05,4.1568148895e+01
-3.2542928976e-05,2.9899821145e-06,5.0290218623e+01
-2.9112658172e-04,4.3549420771e-05,1.9330907753e+01
1.9289088900e-04,4.8730427833e-05,1.7207881196e+01
1.8578798740e-04,5.0419027140e-05,1.7275060733e+01
1.7806023227e-04,4.9118191179e-05,1.7603104503e+01
1.4717418187e-04,4.4040652220e-05,2.0655372197e+01
1.3943570563e-04,4.2877973650e-05,2.1856095043e+01
1.1942871819e-04,3.7784535700e-05,2.2889185930e+01
1.1194691792e-04,3.6920295443e-05,2.2855706737e+01
1.0458493220e-04,3.6131915272e-05,2.2821680375e+01
9.8103489312e-05,3.7650212552e-05,2.2791400741e+01
9.0972406251e-05,3.6953084934e-05,2.2756664635e+01
8.7442494953e-05,3.6627192460e-05,2.2741657363e+01
8.0477979616e-05,3.6047420474e-05,2.2710806326e+01
1.4038698262e-04,7.5925368712e-05,1.8497638414e+01
-6.1250366884e-06,6.2241128831e-05,3.6995072360e+01
6.2972801283e-06,6.2978207989e-05,3.3665437047e+01
1.2465684222e-05,6.3455727856e-05,3.1453602536e+01
3.8438152136e-05,6.4255593977e-05,2.2526155726e+01
6.0567056814e-05,7.0012295056e-05,2.2493344906e+01
6.6852910806e-05,7.1288954654e-05,2.2506580292e+01
9.3033929882e-05,7.7438196364e-05,2.2699835848e+01
9.9230941039e-05,7.6420728894e-05,2.2764165774e+01
1.0627193127e-04,7.8276905607e-05,2.2830307869e+01
1.1784210023e-04,8.4358825226e-05,2.2949642559e+01
-5.2369895493e-05,2.9789518649e-06,5.1992767990e+01
-2.6460933199e-04,2.9591191578e-05,3.0384079726e+01
-2.5264868578e-04,3.0334644224e-05,3.4921006066e+01
-2.1897713814e-04,5.0976465898e-05,3.9090713584e+01
-2.3251790168e-04,2.3799613533e-05,4.0326364204e+01
-6.0300843885e-05,2.9758206779e-06,5.2434277973e+01
-2.4333930189e-04,2.9652611850e-05,3.7460826908e+01
1.2451082766e-04,8.3384144430e-05,2.1045469023e+01
1.0591260013e-04,1.5744341855e-04,1.8555708073e+01
-1.3892327188e-04,3.0713168373e-05,4.6829713028e+01
-5.2651559066e-05,2.4149073341e-05,4.8214798858e+01
-1.3178104665e-04,3.0671732394e-05,4.7068890330e+01
-1.0681418335e-04,3.0524902607e-05,4.7692636815e+01
-7.8017082087e-05,3.0473905410e-05,4.7811183320e+01
-9.9645618326e-05,3.0496725050e-05,4.7795410201e+01
-9.2451712204e-05,3.0480185051e-05,4.7854248839e+01
-6.7208098475e-05,3.0477617780e-05,4.7604953814e+01
-8.5257093008e-05,3.0466872182e-05,4.7863616936e+01
-1.9115713937e-04,1.8233073605e-05,4.6492500387e+01
1.9269420779e-04,1.4537762000e-04,1.4503293017e+01
6.5131120323e-05,1.1741190044e-04,2.0875392669e+01
7.8520464401e-05,1.1581565826e-04,2.1761673952e+01
1.5182576478e-04,1.6365029505e-04,1.7578592305e+01
1.6034791403e-04,1.6412087508e-04,1.5940653754e+01
-1.6401881879e-04,1.6531741399e-05,4.8636012806e+01
1.6975584107e-04,1.6346572014e-04,1.3880732149e+01
1.2462225908e-04,1.0501777315e-04,1.7021506876e+01
1.7902682013e-04,1.6370741497e-04,1.3639692938e+01
1.9803629932e-04,5.5436142698e-05,1.7048439692e+01
1.1963280102e-04,1.2276218719e-04,1.7095276591e+01
-9.1991709613e-05,2.9606290106e-06,5.3164453103e+01
1.3114908542e-04,1.0425039931e-04,1.7074554231e+01
-9.9919618265e-05,2.9598852409e-06,5.3144673096e+01
1.5812513489e-04,1.3619877112e-04,1.7048165292e+01
-2.2540508299e-04,9.0579179754e-05,3.6099309543e+01
1.3949591219e-04,9.1035590652e-05,1.7057266075e+01
1.4516604669e-04,8.3320338966e-05,1.6997130186e+01
2.3678197385e-04,1.5162714128e-04,1.3153152960e+01
-2.9867908160e-04,5.7160538523e-05,3.3581279253e+01
1.4405912771e-04,7.6888374912e-05,1.7788276144e+01
2.4488865813e-04,1.4920401384e-04,1.3060184839e+01
-1.3164610244e-04,2.9689812549e-06,5.2488689322e+01
2.7326839087e-04,1.3701970870e-04,1.2809851056e+01
-1.7890877417e-04,2.9228538072e-06,4.9990250828e+01
-1.5142087817e-04,2.9629587359e-06,5.1680878618e+01
-1.5933815377e-04,2.9645514402e-06,5.1268258227e+01
-3.2356607171e-05,1.2444420345e-04,3.2364394818e+01
2.3162765670e-04,1.4894123981e-04,1.3428901846e+01
-1.0014389025e-04,5.0543748002e-05,4.3433677929e+01
-3.1628394433e-04,1.0315768572e-05,1.7029145482e+01
-3.1895001385e-04,3.8249640555e-06,1.7108230339e+01
-2.4600980964e-04,2.9822842175e-06,3.9006125048e+01
-1.5181390970e-04,2.4333028111e-05,4.7683142546e+01
-1.5226447711e-04,5.6880695808e-05,4.0815537344e+01
-1.7962305821e-04,2.2935281974e-05,4.6487717981e+01
-2.1873569790e-04,2.3454947919e-05,4.2653546661e+01
3.5770824442e-04,7.1589824898e-05,1.2019764622e+01
3.6337605311e-04,6.4517490121e-05,1.1922990408e+01
-2.9037965556e-04,6.3519350895e-05,3.7878245565e+01
3.6852491765e-04,5.6715307787e-05,1.1825980415e+01
-2.3856558755e-04,5.1106927486e-05,3.7499733218e+01
-2.9188309636e-04,2.3301935846e-05,1.7107422675e+01
3.8878550988e-04,1.7315145212e-05,1.0066106659e+01
-3.7546769562e-04,1.8638970961e-05,9.8342220011e+00
-2.7089179966e-04,4.3928914321e-05,3.0617219542e+01
-3.0454906107e-04,3.5673677521e-05,1.7236227917e+01
1.9293926288e-05,1.3097873827e-04,5.1034505486e+01
-3.2267780827e-04,3.9396713391e-06,1.7039343154e+01
-3.1138773937e-04,3.6394842174e-06,1.7083780718e+01
2.8536429245e-04,9.1558487472e-06,1.7690783127e+01
3.3899066246e-04,9.1883397153e-05,1.2220915362e+01
-1.8427276006e-04,4.3847130815e-06,4.9339208247e+01
-1.7108481231e-04,2.9163728168e-06,5.0555469926e+01
4.6837454471e-05,3.0011870136e-06,3.3735794246e+01
1.4545506960e-04,3.0729290966e-06,2.1769787631e+01
2.7252583698e-04,2.8602007287e-06,2.1873008208e+01
1.7332595689e-04,3.2567907551e-06,2.1211671962e+01
2.9635085879e-04,3.1098591740e-06,1.7768726107e+01
3.1250684506e-04,3.0844027943e-06,1.7735692371e+01
2.8549721892e-04,1.3129762199e-04,1.2668747152e+01
3.6474817969e-04,3.9880956656e-06,9.1435727678e+00
2.9681542566e-04,1.1725640127e-04,1.2896243679e+01
3.7658907623e-04,4.1340042220e-06,5.8297745022e+00
3.1856985571e-04,1.0985498776e-04,1.2374692371e+01
9.8078372513e-05,1.5698243577e-04,1.8586210998e+01
3.6966261923e-04,4.9179555649e-05,1.1924671783e+01
-3.8744837279e-04,8.2939146293e-06,5.5518464925e+00
-1.9849044563e-04,9.6953290035e-05,3.5378575404e+01
-3.3575484051e-04,4.4301700334e-05,1.3813823339e+01
1.3437477124e-05,1.2505433159e-04,4.2797348419e+01
-6.5578093041e-05,1.2390741621e-04,3.2242557190e+01
-4.5465979272e-05,1.2384635482e-04,3.2047616076e+01
-1.1249022788e-04,1.1812868501e-04,3.3042468031e+01
2.5506046410e-05,1.2980364951e-04,5.2175629701e+01
7.1092795116e-06,1.3022484740e-04,4.7956456904e+01
2.5814830066e-04,1.4448671799e-04,1.2916996236e+01
8.0017714170e-05,1.4999999606e-04,1.9877252843e+01
2.7875853744e-04,1.3145783824e-04,1.2888966349e+01
3.1185995867e-04,1.1555307764e-04,1.2399092838e+01
-2.3700825709e-04,8.4498213963e-05,3.6498614112e+01
-5.3012043582e-05,1.2328829367e-04,3.2079279129e+01
-2.4383474931e-04,8.4197142305e-05,3.6854147973e+01
3.9521762428e-04,3.6753993418e-06,5.1757174710e+00
3.8390888848e-04,2.2670721435e-05,1.0637434063e+01
-2.7841754457e-04,6.9840887826e-05,3.8522424282e+01
