x_m,y_m,sigma_comp_mag_Pa
3.9659445513e-04,5.9190076944e-06,1.0045291848e+01
3.9434012774e-04,1.1250587032e-05,9.7664604544e+00
3.9228666175e-04,1.6342874418e-05,1.0179849206e+01
3.9026192201e-04,2.1259099599e-05,1.0503077417e+01
3.8821128991e-04,2.6033473628e-05,1.0738714216e+01
3.8610859455e-04,3.0684089777e-05,1.0927969428e+01
3.8394031232e-04,3.5223085311e-05,1.1097781357e+01
3.8170035677e-04,3.9656013972e-05,1.1245474812e+01
3.7938490538e-04,4.3988967972e-05,1.1366964629e+01
3.7699280766e-04,4.8225450049e-05,1.1474217316e+01
3.7452395435e-04,5.2368464471e-05,1.1566438893e+01
3.7197908232e-04,5.6420351918e-05,1.1646576701e+01
3.6935934740e-04,6.0383046095e-05,1.1715613601e+01
3.6666609163e-04,6.4258288433e-05,1.1775326411e+01
3.6390082879e-04,6.8047623729e-05,1.1827530455e+01
3.6106522023e-04,7.1752502755e-05,1.1873783758e+01
3.5816100799e-04,7.5374117399e-05,1.1916016143e+01
3.5518992344e-04,7.8913640915e-05,1.1953824203e+01
3.5215374506e-04,8.2372212053e-05,1.1988361566e+01
3.4905425750e-04,8.5750812935e-05,1.2021771232e+01
3.4589325447e-04,8.9050361204e-05,1.2053340067e+01
3.4267244806e-04,9.2271803855e-05,1.2083458807e+01
3.3939371025e-04,9.5415867719e-05,1.2114043464e+01
3.3605870103e-04,9.8483460666e-05,1.2143042016e+01
3.3266907126e-04,1.0147530317e-04,1.2172333502e+01
3.2922653914e-04,1.0439205024e-04,1.2202496358e+01
3.2573272119e-04,1.0723443163e-04,1.2232115760e+01
3.2218916976e-04,1.1000304466e-04,1.2262994312e+01
3.1859741871e-04,1.1269850091e-04,1.2294469034e+01
3.1495899242e-04,1.1532136917e-04,1.2326199012e+01
3.1127530007e-04,1.1787216633e-04,1.2358660209e+01
3.0754773505e-04,1.2035135804e-04,1.2392038124e+01
3.0377759961e-04,1.2275936663e-04,1.2427296726e+01
2.9996616952e-04,1.2509656945e-04,1.2461953376e+01
2.9611465989e-04,1.2736329644e-04,1.2497807090e+01
2.9222422179e-04,1.2955981045e-04,1.2533892128e+01
2.8829589862e-04,1.3168626630e-04,1.2570381952e+01
2.8433071084e-04,1.3374273391e-04,1.2608439882e+01
2.8032959649e-04,1.3572922918e-04,1.2646720430e+01
2.7629344073e-04,1.3764562433e-04,1.2683983131e+01
2.7222293269e-04,1.3949163666e-04,1.2723030417e+01
2.6811882859e-04,1.4126680249e-04,1.2760884393e+01
2.6398170612e-04,1.4297049861e-04,1.2797522284e+01
2.5981190254e-04,1.4460181043e-04,1.2836912881e+01
2.5560963710e-04,1.4615947730e-04,1.2875373758e+01
2.5137531919e-04,1.4764175847e-04,1.2908810253e+01
2.4710842540e-04,1.4904649212e-04,1.2946011348e+01
2.4280860592e-04,1.5037055376e-04,1.2975176760e+01
2.3847465727e-04,1.5160953986e-04,1.3010365486e+01
2.3410409209e-04,1.5275688760e-04,1.3029352281e+01
2.2969153975e-04,1.5380098381e-04,1.2901731590e+01
2.2522416544e-04,1.5470877863e-04,1.4612348725e+01
2.2077330384e-04,1.5541420672e-04,1.7827136674e+01
2.1644276212e-04,1.5594524328e-04,1.7390058719e+01
2.1224806119e-04,1.5636518418e-04,1.7819799790e+01
2.0817899592e-04,1.5672156182e-04,1.7875319284e+01
2.0032631291e-04,1.5735121728e-04,1.7617921100e+01
1.9650703564e-04,1.5765136750e-04,1.7279023301e+01
1.9273337616e-04,1.5795284574e-04,1.7289624692e+01
1.8899602263e-04,1.5825496709e-04,1.7858799977e+01
1.8528712163e-04,1.5855826080e-04,1.8237393212e+01
1.8159890705e-04,1.5886369198e-04,1.8363461999e+01
1.7425570853e-04,1.5948128397e-04,1.8414306176e+01
1.7058600692e-04,1.5979208719e-04,1.8369611749e+01
1.6691051968e-04,1.6009810847e-04,1.8313027657e+01
1.6322696120e-04,1.6039441794e-04,1.8264853152e+01
1.5953522527e-04,1.6067672407e-04,1.8232935633e+01
1.5213041697e-04,1.6118963308e-04,1.8193509564e+01
1.4841541168e-04,1.6141660602e-04,1.8191938623e+01
1.4469396868e-04,1.6162115040e-04,1.8187165431e+01
9.9500606962e-05,1.6182915493e-04,1.8190658601e+01
9.5691511119e-05,1.6160362065e-04,1.8205778742e+01
9.1877552172e-05,1.6133038297e-04,1.8225190905e+01
8.8059565605e-05,1.6100639267e-04,1.8253635449e+01
8.0419151617e-05,1.6019230883e-04,1.8344449132e+01
7.6601174731e-05,1.5969721240e-04,1.8394517013e+01
7.2786058925e-05,1.5913889930e-04,1.8445540004e+01
6.8975366645e-05,1.5851245565e-04,1.8498297468e+01
6.5171352197e-05,1.5781204938e-04,1.8553802259e+01
6.1377045472e-05,1.5703067660e-04,1.8616170242e+01
5.7596510558e-05,1.5615967754e-04,1.8684378780e+01
5.3835251036e-05,1.5518803900e-04,1.8773201901e+01
5.0102568912e-05,1.5410215462e-04,1.8890047123e+01
4.6410257323e-05,1.5288693828e-04,1.9011128573e+01
4.2773198850e-05,1.5152005175e-04,1.9213975966e+01
3.9217234388e-05,1.4996695486e-04,1.9507823550e+01
3.5794990844e-05,1.4817702814e-04,1.9627896510e+01
3.2605033610e-05,1.4603192488e-04,2.5453638178e+01
3.0202685157e-05,1.4337205084e-04,-1.1585298794e+01
2.9083395814e-05,1.4144952670e-04,8.4613605124e+01
2.5790320079e-05,1.3943754826e-04,1.0552032675e+02
2.1848342457e-05,1.3799985837e-04,8.9843833219e+01
1.9783130439e-05,1.3738463346e-04,8.5017169370e+01
1.7674810932e-05,1.3682239181e-04,8.0997394241e+01
1.5530782173e-05,1.3630435849e-04,7.7428315582e+01
1.3356200740e-05,1.3582373402e-04,7.4186448064e+01
1.1154710900e-05,1.3537518437e-04,7.1182077637e+01
8.9287100481e-06,1.3495426150e-04,6.8380145781e+01
6.6804251542e-06,1.3455729240e-04,6.5690608220e+01
4.4113823709e-06,1.3418101801e-04,6.3143302233e+01
2.1224912948e-06,1.3382260635e-04,6.0620274517e+01
-1.8535202978e-07,1.3347950748e-04,5.8163598326e+01
-2.5117142474e-06,1.3314927843e-04,5.5711235579e+01
-4.8564044801e-06,1.3282957644e-04,5.3292307868e+01
-7.2197837544e-06,1.3251749167e-04,5.0888687813e+01
-9.6005080454e-06,1.3220983141e-04,4.9501204056e+01
-1.1989469550e-05,1.3190953201e-04,5.0453414937e+01
-1.4373062574e-05,1.3162815788e-04,5.1296908498e+01
-1.6757738766e-05,1.3136376460e-04,5.0163191413e+01
-1.9149441335e-05,1.3110834052e-04,4.8649491903e+01
-2.1550041933e-05,1.3085848483e-04,4.7134047019e+01
-2.3959855517e-05,1.3061258600e-04,4.5645688398e+01
-2.6378912069e-05,1.3036951891e-04,4.4190194276e+01
-2.8807111920e-05,1.3012839865e-04,4.2773669449e+01
-3.1244349468e-05,1.2988848396e-04,4.1392889618e+01
-3.3690482987e-05,1.2964907689e-04,4.0049873300e+01
-3.6145261944e-05,1.2940953893e-04,3.8769246430e+01
-3.8608374151e-05,1.2916929317e-04,3.7542440643e+01
-4.1079583524e-05,1.2892779309e-04,3.6404668811e+01
-4.3558773132e-05,1.2868450343e-04,3.5335484083e+01
-4.6045762468e-05,1.2843894322e-04,3.4289128043e+01
-4.8540376699e-05,1.2819066677e-04,3.3618926177e+01
-5.1042405769e-05,1.2793925981e-04,3.3293852010e+01
-5.3551650018e-05,1.2768433107e-04,3.3134535746e+01
-5.6067892889e-05,1.2742551522e-04,3.3040018169e+01
-5.8590927960e-05,1.2716246995e-04,3.2989990409e+01
-6.1120557806e-05,1.2689487392e-04,3.2954547350e+01
-6.3656576988e-05,1.2662239656e-04,3.2921589064e+01
-6.6198742534e-05,1.2634475066e-04,3.2912714381e+01
-6.8746908959e-05,1.2606165032e-04,3.2917017219e+01
-7.1300837152e-05,1.2577283420e-04,3.2915052724e+01
-7.3860329447e-05,1.2547805035e-04,3.2919548205e+01
-7.6425187447e-05,1.2517705474e-04,3.2927770807e+01
-7.8995210980e-05,1.2486961139e-04,3.2941049074e+01
-8.1570228962e-05,1.2455549406e-04,3.2947770736e+01
-8.4149975805e-05,1.2423450402e-04,3.2961704442e+01
-8.6734325143e-05,1.2390642476e-04,3.2983355925e+01
-8.9323059374e-05,1.2357106985e-04,3.3003516007e+01
-9.1915989182e-05,1.2322824873e-04,3.3025317302e+01
-9.4512926859e-05,1.2287777434e-04,3.3048186291e+01
-9.7113682288e-05,1.2251947508e-04,3.3072959160e+01
-9.9718059275e-05,1.2215319560e-04,3.3102880671e+01
-1.0232591000e-04,1.2177876488e-04,3.3131086316e+01
-1.0493699650e-04,1.2139603334e-04,3.3163080537e+01
-1.0755119978e-04,1.2100484161e-04,3.3194184055e+01
-1.1016827836e-04,1.2060505257e-04,3.3227177345e+01
-1.1278809827e-04,1.2019652271e-04,3.3262986781e+01
-1.1541047095e-04,1.1977911985e-04,3.3298671472e+01
-1.1803521193e-04,1.1935270993e-04,3.3336673317e+01
-1.2066215787e-04,1.1891715897e-04,3.3376691280e+01
-1.2329112807e-04,1.1847234512e-04,3.3417946209e+01
-1.2592196074e-04,1.1801814912e-04,3.3460558652e+01
-1.2855448427e-04,1.1755445623e-04,3.3504383905e+01
-1.3118852754e-04,1.1708115166e-04,3.3549074528e+01
-1.3382390852e-04,1.1659811570e-04,3.3596576164e+01
-1.3646050367e-04,1.1610523122e-04,3.3643773148e+01
-1.3909809880e-04,1.1560240961e-04,3.3692075247e+01
-1.4173656717e-04,1.1508953829e-04,3.3742176646e+01
-1.4437572103e-04,1.1456651491e-04,3.3794194446e+01
-1.4701541480e-04,1.1403323015e-04,3.3846852590e+01
-1.4965548692e-04,1.1348959022e-04,3.3899777161e+01
-1.5229574613e-04,1.1293550169e-04,3.3955878015e+01
-1.5493608766e-04,1.1237086227e-04,3.4013456239e+01
-1.5757633184e-04,1.1179558566e-04,3.4070056477e+01
-1.6021629061e-04,1.1120957208e-04,3.4128555902e+01
-1.6285584522e-04,1.1061272055e-04,3.4188946248e+01
-1.6549482235e-04,1.1000495933e-04,3.4249908893e+01
-1.6813306867e-04,1.0938619625e-04,3.4312233616e+01
-1.7077043324e-04,1.0875633244e-04,3.4375813437e+01
-1.7340675762e-04,1.0811528343e-04,3.4439660854e+01
-1.7604189231e-04,1.0746295810e-04,3.4505368599e+01
-1.7867565691e-04,1.0679928748e-04,3.4572952423e+01
-1.8130794899e-04,1.0612418176e-04,3.4640285453e+01
-1.8393858217e-04,1.0543755468e-04,3.4708558392e+01
-1.8656740320e-04,1.0473931110e-04,3.4778932308e+01
-1.8919427868e-04,1.0402937245e-04,3.4850451818e+01
-1.9181905491e-04,1.0330768440e-04,3.4921529664e+01
-1.9444159325e-04,1.0257415388e-04,3.4992573986e+01
-1.9706173114e-04,1.0182869121e-04,3.5065676031e+01
-1.9967927928e-04,1.0107124045e-04,3.5139090492e+01
-2.0229414384e-04,1.0030171938e-04,3.5212487288e+01
-2.0490613240e-04,9.9520078553e-05,3.5286190936e+01
-2.0751508809e-04,9.8726236524e-05,3.5360237139e+01
-2.1012086973e-04,9.7920123655e-05,3.5434762407e+01
-2.1272327984e-04,9.7101687445e-05,3.5508380803e+01
-2.1532223304e-04,9.6270868011e-05,3.5582069932e+01
-2.1791748289e-04,9.5427633663e-05,3.5654273093e+01
-2.2050891871e-04,9.4571910456e-05,3.5726190236e+01
-2.2309634882e-04,9.3703663999e-05,3.5796632094e+01
-2.2567958121e-04,9.2822867806e-05,3.5865792607e+01
-2.2825844442e-04,9.1929510646e-05,3.5932309742e+01
-2.3083273183e-04,9.1023563263e-05,3.5996387194e+01
-2.3340221991e-04,9.0105021898e-05,3.6056212409e+01
-2.3596667732e-04,8.9173908179e-05,3.6111208920e+01
-2.3852570299e-04,8.8230288364e-05,3.6159648858e+01
-2.4107890471e-04,8.7274163015e-05,3.6207120722e+01
-2.4362540516e-04,8.6305582859e-05,3.6293458210e+01
-2.4616470372e-04,8.5324483902e-05,3.6439467281e+01
-2.4869668420e-04,8.4330887545e-05,3.6630195526e+01
-2.5122201307e-04,8.3324442351e-05,3.6852107755e+01
-2.5374139326e-04,8.2305000458e-05,3.7078410752e+01
-2.5625543696e-04,8.1272575112e-05,3.7295014559e+01
-2.5876474683e-04,8.0227133628e-05,3.7480304717e+01
-2.6126996351e-04,7.9168552035e-05,3.7635883922e+01
-2.6377146730e-04,7.8096874144e-05,3.7740059123e+01
-2.6626922688e-04,7.7012342270e-05,3.7824167994e+01
-2.6876313632e-04,7.5915297390e-05,3.7889290134e+01
-2.7125302212e-04,7.4806189111e-05,3.7943218280e+01
-2.7373877666e-04,7.3685521536e-05,3.7991021618e+01
-2.7622042023e-04,7.2553850954e-05,3.8041000211e+01
-2.7869800723e-04,7.1411813716e-05,3.8079697894e+01
-2.8117197826e-04,7.0260049579e-05,3.8114262484e+01
-2.8364255152e-04,6.9099515782e-05,3.8136257356e+01
-2.8611032514e-04,6.7931215119e-05,3.8151437662e+01
-2.8857596563e-04,6.6756345252e-05,3.8154536527e+01
-2.9104036089e-04,6.5576396920e-05,3.8138463337e+01
-2.9350463266e-04,6.4393188351e-05,3.8102934559e+01
-2.9597025129e-04,6.3208913967e-05,3.8034926093e+01
-2.9843893951e-04,6.2026261259e-05,3.7935438904e+01
-3.0091289601e-04,6.0848748001e-05,3.7797819012e+01
-3.0339542184e-04,5.9680643792e-05,3.7559574015e+01
-3.0588970458e-04,5.8527659814e-05,3.7286736987e+01
-3.0840100243e-04,5.7397464254e-05,3.6899493652e+01
-3.1093587058e-04,5.6300830652e-05,3.6209111636e+01
-3.1350400518e-04,5.5253832018e-05,3.5647353711e+01
-3.1612266551e-04,5.4283063716e-05,3.4589987499e+01
-3.1880996605e-04,5.3475482930e-05,2.7677438945e+01
-3.2190886891e-04,5.2705680810e-05,2.2465279984e+01
-3.2538787455e-04,5.1834097980e-05,2.0224378353e+01
-3.2950254014e-04,5.0781026958e-05,1.8573505020e+01
-3.3476339771e-04,4.8960418183e-05,1.4122172871e+01
-3.4033300810e-04,4.6286918711e-05,1.0834408584e+01
-3.4584310927e-04,4.3172238531e-05,1.1445197561e+01
-3.5134212727e-04,3.9725126803e-05,1.1036336534e+01
-3.5685663389e-04,3.5976105460e-05,1.0703213630e+01
-3.6241234807e-04,3.1928973092e-05,1.0291695304e+01
-3.6802752962e-04,2.7573306459e-05,9.8795435480e+00
-3.7373031440e-04,2.2881699317e-05,9.4092120151e+00
-3.7955885621e-04,1.7813573175e-05,8.8690154479e+00
-3.8557554912e-04,1.2325036688e-05,8.5496792233e+00
-3.9200023507e-04,6.3853368580e-06,8.1223502075e+00
-3.9600000000e-04,3.0463089129e-20,-6.4241672337e-01
-3.8000000000e-04,2.9850765729e-20,1.0038480272e+01
-2.4906949012e-05,1.2828566441e-04,4.2225097392e+01
-8.5870561460e-05,1.4516578939e-06,5.3160320901e+01
6.7861473025e-05,1.5557922341e-04,1.8948180900e+01
-1.1773374208e-04,1.4517769992e-06,5.3342961772e+01
1.4484139149e-04,1.5226799230e-06,2.2211585279e+01
1.2807459469e-04,1.5916255264e-04,1.8419919928e+01
-1.5840825910e-04,1.0937792611e-04,3.4097866097e+01
1.7279296062e-04,1.5709733269e-06,2.2006338885e+01
-1.7978672182e-04,1.0450659715e-04,3.4635711425e+01
2.0072509038e-04,1.7662606852e-06,2.1687013128e+01
1.8718852571e-04,1.5555708729e-04,1.7165503848e+01
-2.2913232844e-04,1.4792579257e-06,4.4041281345e+01
2.2864086668e-04,2.0809473897e-06,2.1733090986e+01
2.5661020233e-04,2.5243749724e-06,2.2189709897e+01
-2.5694546850e-04,1.4904444022e-06,3.5883735042e+01
2.4846101438e-04,1.4516934875e-04,1.3159997621e+01
2.7741744328e-04,1.3372322153e-04,1.2845289221e+01
2.8047203939e-04,3.0655975694e-06,1.9203929667e+01
3.0446944539e-04,1.1807521216e-04,1.2608211120e+01
-3.0403988308e-04,1.6749678299e-06,1.7351393622e+01
3.0433891511e-04,3.1514613235e-06,1.7721443475e+01
3.2529364130e-04,1.0324082424e-04,1.2409272992e+01
-3.2346922387e-04,1.8729913127e-06,1.7214626503e+01
-3.0418814558e-04,5.6842931167e-05,3.4332008964e+01
3.4502644581e-04,8.4743181601e-05,1.2238064938e+01
-3.4277280876e-04,2.3637861197e-06,2.0470424442e+01
3.4488603262e-04,3.5757535164e-06,1.6109225122e+01
1.0110520036e-04,1.5285554079e-06,2.3145723720e+01
6.9340635712e-05,1.5184893807e-06,2.6471166334e+01
3.3581130508e-05,1.4986208398e-06,3.3916260800e+01
1.7555626369e-06,1.4789336558e-06,4.1740714811e+01
6.1372489088e-06,1.3222202295e-04,5.9427032083e+01
1.1270780132e-04,1.5945162895e-04,1.8414189780e+01
1.7199967140e-04,1.5654526680e-04,1.8176158007e+01
-2.1117758852e-04,9.5265462681e-05,3.5515351976e+01
2.0229945746e-04,1.5391009957e-04,1.7465167286e+01
-3.5821938512e-04,3.1411367314e-06,2.1192484929e+01
3.6079986281e-04,3.9524938074e-06,1.1153655653e+01
3.7069742104e-04,5.2557884850e-05,1.1787558667e+01
-3.3212508700e-04,4.7251502889e-05,1.7702902247e+01
-3.5344952487e-04,3.5520617848e-05,1.1398563076e+01
3.8002766807e-04,3.6067886528e-05,1.1345213020e+01
-2.9243330016e-04,1.5895505546e-06,1.7197086644e+01
2.6865222137e-04,2.7591418684e-06,2.2176986935e+01
2.9234840968e-04,3.1817455937e-06,1.7445767680e+01
-2.6878802595e-04,1.5185190300e-06,3.0281771162e+01
2.1670032741e-04,1.9435283041e-06,2.1663797623e+01
-1.8937831641e-04,1.4631512591e-06,4.9632448791e+01
1.8878094987e-04,1.6758615475e-06,2.1817554762e+01
-1.6152639561e-04,1.4569341717e-06,5.1719886719e+01
-3.7012842296e-04,3.6357844942e-06,1.6674043476e+01
3.7257637701e-04,4.1450957988e-06,7.4801420959e+00
-2.2906330009e-04,8.9484000575e-05,3.5983257840e+01
2.3156784253e-04,1.4966158758e-04,1.3463535641e+01
2.6141135572e-04,1.4051976214e-04,1.3019110645e+01
2.8890323056e-04,1.2763424264e-04,1.2741435404e+01
-2.6454598557e-04,7.5527863192e-05,3.7418583123e+01
-2.8168376218e-04,6.8072015032e-05,3.7519403070e+01
3.3517655990e-04,9.4313877209e-05,1.2335434362e+01
-3.6944893508e-04,2.3829035956e-05,1.0120599467e+01
3.8439427243e-04,4.3130103334e-06,4.0307362724e+00
-3.5048701577e-04,2.7028073734e-06,2.1232144948e+01
3.5280934727e-04,3.8960068584e-06,1.3842081531e+01
-3.3504334086e-04,2.1171359860e-06,1.9351581803e+01
3.3666167176e-04,3.4120434461e-06,1.7053005129e+01
3.1648908915e-04,3.1103317796e-06,1.7588900933e+01
2.3664243111e-04,2.2024126029e-06,2.1855560370e+01
1.8079993445e-04,1.6219241056e-06,2.1919056745e+01
-1.5356613138e-04,1.4556109153e-06,5.2153718287e+01
1.0904929636e-04,1.5297277969e-06,2.2799425058e+01
-7.7903506770e-05,1.4522586933e-06,5.2867468157e+01
-4.6033488545e-05,1.4580438207e-06,5.0347224883e+01
2.5628213623e-05,1.4936076786e-06,3.5879338715e+01
6.1397704048e-05,1.5146850524e-06,2.7836994882e+01
-6.2060736320e-06,1.4744768107e-06,4.3549580190e+01
-2.9783302194e-05,1.2781037785e-04,3.9593982216e+01
-2.0061143600e-05,1.2877242391e-04,4.4820206766e+01
1.3340562361e-06,1.3160543292e-04,5.5532758311e+01
1.0523979798e-05,1.3279507423e-04,6.2805136810e+01
-1.0844490907e-04,1.1868932951e-04,3.3090192763e+01
1.0551827942e-04,1.5943362673e-04,1.8427058155e+01
1.2051730808e-04,1.5950053004e-04,1.8397885982e+01
1.3547555086e-04,1.5952152983e-04,1.8373385711e+01
1.7989941632e-04,1.5614752364e-04,1.7875513090e+01
1.9447390103e-04,1.5503378172e-04,1.7081154005e+01
-2.5192617819e-04,8.0980353780e-05,3.6897259722e+01
2.6862048759e-04,1.3807578776e-04,1.2916174862e+01
2.9659721592e-04,1.2333357304e-04,1.2664756690e+01
3.7587986322e-04,4.4573763365e-05,1.1581784322e+01
3.9069775838e-04,1.2591043450e-05,9.3147309054e+00
-3.8168682023e-04,1.3214373609e-05,8.7960481529e+00
-3.8938508332e-04,4.2643554102e-06,8.9542562863e-01
3.9214507934e-04,4.1687153725e-06,2.3851177537e+00
-3.8574852058e-04,4.2341630442e-06,3.2525147133e+00
-3.7953523335e-04,8.3466475040e-06,9.3593320086e+00
-3.7599158093e-04,7.9794650520e-06,1.1341229405e+01
-3.6996119823e-04,1.1567173696e-05,1.2705092175e+01
-3.6737441308e-04,1.5628997736e-05,1.2220962621e+01
-3.6396735207e-04,1.4876861269e-05,1.3473742717e+01
-3.6140216163e-04,1.8838906940e-05,1.2910266060e+01
-3.5802120049e-04,1.7934038562e-05,1.4126509062e+01
-3.5212304229e-04,2.0763267465e-05,1.4938728961e+01
-3.4964226067e-04,2.4526495610e-05,1.4755963111e+01
-3.4382270158e-04,2.7046900086e-05,1.6503474377e+01
-3.4060467930e-04,2.5791992739e-05,1.7203918992e+01
-3.3526474146e-04,2.7971018755e-05,1.7181811914e+01
-3.3744851078e-04,2.4578961602e-05,1.7165609608e+01
-3.3025785051e-04,2.9936151504e-05,1.7390470696e+01
-3.2751693914e-04,2.8595525192e-05,1.7474649010e+01
-3.2942675724e-04,2.5468861687e-05,1.7400272554e+01
-3.2301839522e-04,3.0347120210e-05,1.7622618745e+01
-3.1633074598e-04,3.0713076814e-05,1.7676951474e+01
-3.1380022036e-04,2.9566001053e-05,1.7574651553e+01
-3.0752510102e-04,3.0073756932e-05,1.7465272040e+01
-3.0499685185e-04,2.9104765076e-05,1.7396617047e+01
-2.9896635455e-04,2.9772732459e-05,1.7321449501e+01
-2.9567102604e-04,3.1301511307e-05,1.7232540904e+01
-2.9495851572e-04,3.3646446467e-05,1.7174033359e+01
-2.9057939102e-04,2.9770277842e-05,1.7304660323e+01
-2.8746643957e-04,3.1313762272e-05,1.7180868641e+01
-2.8139976353e-04,3.4420157899e-05,2.3087587489e+01
-2.7314971331e-04,3.4874449596e-05,2.8011315707e+01
-2.6769279620e-04,3.3924454965e-05,3.0296744929e+01
-2.6470842214e-04,3.5587507169e-05,3.1658497740e+01
-2.5906022803e-04,3.4808243084e-05,3.3466485400e+01
-2.5616864532e-04,3.4466793257e-05,3.4310412047e+01
-2.5025901938e-04,3.3867831325e-05,3.5875743938e+01
-2.4734561135e-04,3.5563496963e-05,3.6502951071e+01
-2.4130626752e-04,3.5061601725e-05,3.7750776500e+01
-2.3865237270e-04,3.8715041668e-05,3.7963467578e+01
-2.2369616448e-04,3.9563551913e-05,3.9887438430e+01
-2.2058613786e-04,3.9383616196e-05,4.0252084242e+01
-2.1429298626e-04,3.9060297741e-05,4.0934155551e+01
-2.1111242743e-04,3.8914961573e-05,4.1252939647e+01
-2.0791081857e-04,3.8779333714e-05,4.1557847945e+01
-2.0209838006e-04,4.0353855820e-05,4.1759899437e+01
-1.9238438124e-04,4.0010872451e-05,4.2508586164e+01
-1.8911372788e-04,3.9910316427e-05,4.2739259215e+01
-1.8417710136e-04,4.3310409967e-05,4.2371479619e+01
-1.8093121317e-04,4.3209857523e-05,4.2568752722e+01
-1.7111399616e-04,4.2940499303e-05,4.3124540034e+01
-1.6548914119e-04,4.4558211018e-05,4.3046554215e+01
-1.6220121744e-04,4.4479915633e-05,4.3208010911e+01
-1.5890282936e-04,4.4405773211e-05,4.3364919237e+01
-1.5227676740e-04,4.4269076656e-05,4.3665296811e+01
-1.4895005321e-04,4.4206161350e-05,4.3808750790e+01
-1.4561486100e-04,4.4146643524e-05,4.3947631009e+01
-1.3892083951e-04,4.4037251055e-05,4.4211109399e+01
-1.3556452289e-04,4.3987771905e-05,4.4335093495e+01
-1.3220371570e-04,4.3941181572e-05,4.4453608042e+01
-1.3134267914e-04,4.7372032261e-05,4.3716776219e+01
-1.1800787062e-04,4.7191319711e-05,4.4130653222e+01
-1.1328339280e-04,4.5429254721e-05,4.4625614357e+01
-9.9750872064e-05,4.5323460262e-05,4.4858564968e+01
-9.9313257415e-05,4.8735587329e-05,4.4144022566e+01
-9.5981245512e-05,4.8714047422e-05,4.4180981826e+01
-9.2632522815e-05,4.8696211733e-05,4.4205224453e+01
-8.5922210198e-05,4.8671971171e-05,4.4209587668e+01
-8.2563543694e-05,4.8665588182e-05,4.4186701104e+01
-7.9202954715e-05,4.8663399812e-05,4.4144832951e+01
-7.2478124204e-05,4.8671924263e-05,4.3996760338e+01
-6.9114556333e-05,4.8683157239e-05,4.3886467909e+01
-6.5750824028e-05,4.8699250014e-05,4.3749092716e+01
-5.9024584982e-05,4.8746979041e-05,4.3383543783e+01
-5.5663174616e-05,4.8779105388e-05,4.3150307776e+01
-5.2303707236e-05,4.8817914535e-05,4.2879758232e+01
-4.5590318279e-05,4.8912728974e-05,4.2215883868e+01
-4.2238933067e-05,4.8969940292e-05,4.1816825461e+01
-3.8891561472e-05,4.9034151982e-05,4.1369101810e+01
-3.2211097744e-05,4.9184506498e-05,4.0316177478e+01
-2.8879718585e-05,4.9271203220e-05,3.9705564389e+01
-2.5555060018e-05,4.9365803184e-05,3.9035502957e+01
-1.5630785286e-05,4.9699272737e-05,3.6649693682e+01
1.8218913084e-06,5.2304212327e-05,3.0571494831e+01
1.1332590834e-05,5.2880867250e-05,2.6664160445e+01
1.4464160229e-05,5.3088935702e-05,2.5262391424e+01
2.0663916562e-05,5.3526389782e-05,2.2106436850e+01
2.3766617401e-05,5.3765900311e-05,2.1833024194e+01
2.9120625647e-05,5.2252359599e-05,2.1807972773e+01
3.3184702672e-05,5.4594581691e-05,2.1829902193e+01
3.8670837006e-05,5.3107868992e-05,2.1875939529e+01
4.1895740289e-05,5.3430464516e-05,2.1897299464e+01
4.5142727076e-05,5.3771584765e-05,2.1922173228e+01
5.5899613245e-05,5.7188825124e-05,2.1997262763e+01
5.9239864603e-05,5.7635995007e-05,2.2036185397e+01
6.5996668824e-05,5.8588201855e-05,2.2123838927e+01
6.9414658894e-05,5.9092904935e-05,2.2172074045e+01
7.1985521235e-05,5.7180843786e-05,2.2227124987e+01
7.8953528572e-05,5.8221752765e-05,2.2328298605e+01
8.2477455102e-05,5.8770614111e-05,2.2380862454e+01
8.6028198336e-05,5.9337950185e-05,2.2434032738e+01
8.6906450129e-05,6.1902189039e-05,2.2439198641e+01
9.0486050626e-05,6.2520675899e-05,2.2494193863e+01
9.4092459364e-05,6.3158012982e-05,2.2548615418e+01
1.0049787377e-04,6.1792598492e-05,2.2643203274e+01
1.0418121235e-04,6.2452638641e-05,2.2693864302e+01
-3.2688097856e-05,5.2659775785e-05,3.9931286678e+01
6.0859204893e-06,5.4403547673e-05,2.8396982248e+01
1.0789057206e-04,6.3130863777e-05,2.2740403697e+01
1.0878481866e-04,6.5893359599e-05,2.2762370011e+01
4.3670032221e-05,5.7790745170e-05,2.1855660581e+01
1.1252298642e-04,6.6623472741e-05,2.2779806370e+01
1.1628557738e-04,6.7371815943e-05,2.2941550795e+01
1.2294610940e-04,6.6019529240e-05,2.2287290357e+01
1.2672663047e-04,6.6778294175e-05,2.1829923927e+01
1.3050667279e-04,6.7550281857e-05,2.1377250650e+01
1.3136521018e-04,7.0502056815e-05,2.1129817739e+01
1.3428609084e-04,6.8334735158e-05,2.0939161782e+01
1.3513334705e-04,7.1315876161e-05,2.0695493706e+01
1.3890007002e-04,7.2141664832e-05,2.0267007812e+01
1.4561814577e-04,7.0760981251e-05,1.9678615261e+01
1.4938856734e-04,7.1590488958e-05,1.9266204923e+01
1.2093838453e-04,7.1039947178e-05,2.2254799903e+01
1.5315577489e-04,7.2429716919e-05,1.8850109449e+01
1.5393275235e-04,7.5546666846e-05,1.8561910753e+01
1.5691511657e-04,7.3277088112e-05,1.8433729688e+01
1.5767387757e-04,7.6418819846e-05,1.8120839131e+01
1.3975016485e-04,7.5202020780e-05,2.0002422736e+01
1.6140590397e-04,7.7293978576e-05,1.7715532446e+01
6.4245726636e-05,5.3880876700e-05,2.2145571313e+01
2.7774917613e-06,4.8726674831e-05,3.1043605008e+01
1.6814501152e-04,7.5848853225e-05,1.7155931038e+01
1.7186092945e-04,7.6702471002e-05,1.7074614069e+01
1.5840939937e-04,7.9590798780e-05,1.7802088417e+01
1.7251809014e-04,7.9907989044e-05,1.7258938086e+01
1.7556733995e-04,7.7555639513e-05,1.7261319770e+01
-1.0508327642e-04,4.3665739863e-05,4.5150342321e+01
1.7620884051e-04,8.0783847139e-05,1.7325191719e+01
1.7862933697e-04,7.5195923820e-05,1.7257508609e+01
1.8170417033e-04,7.2829176481e-05,1.7250626667e+01
1.8608030859e-04,7.6887610517e-05,1.7363123050e+01
1.8854677074e-04,7.1259648816e-05,1.7296625698e+01
1.9230646467e-04,7.2070957566e-05,1.7341849513e+01
1.9293862028e-04,7.5324707043e-05,1.7377343838e+01
1.9607322498e-04,7.2891736356e-05,1.7366415359e+01
1.9669918781e-04,7.6177318988e-05,1.7387474611e+01
2.0047054457e-04,7.7042271919e-05,1.7384782910e+01
2.0743379665e-04,7.5423704107e-05,1.7362163499e+01
2.1124613418e-04,7.6293464877e-05,1.7340005344e+01
2.1062309588e-04,7.2914934851e-05,1.7353040931e+01
2.1444960490e-04,7.3762195146e-05,1.7331230793e+01
2.2151565718e-04,7.2055313029e-05,1.7294099782e+01
2.2088097027e-04,6.8661652017e-05,1.7317124601e+01
2.2538663437e-04,7.2906522822e-05,1.7257622252e+01
2.2863066333e-04,7.0301279142e-05,1.7252171137e+01
2.0486555102e-04,8.1315701766e-05,1.7361138275e+01
2.3253138328e-04,7.1142372212e-05,1.7210499880e+01
2.3188028822e-04,6.7682723665e-05,1.7248193781e+01
2.3645115614e-04,7.1997725844e-05,1.7164091428e+01
2.4039113689e-04,7.2867067201e-05,1.7116065904e+01
2.4764632703e-04,7.1034286127e-05,1.7064156428e+01
-1.0320856510e-05,4.8141848111e-05,3.5428103778e+01
-1.1868424286e-04,4.3781691572e-05,4.4866090272e+01
2.5164065061e-04,7.1907897568e-05,1.6975892151e+01
2.4503156490e-04,7.7368693951e-05,1.7029727531e+01
2.5094202094e-04,6.8302049022e-05,1.7066595282e+01
2.5494670157e-04,6.9151822555e-05,1.6954900402e+01
2.5825368612e-04,6.6378909906e-05,1.6946023872e+01
2.5753837507e-04,6.2789222349e-05,1.7067464646e+01
2.6156154304e-04,6.3589220627e-05,1.6944466524e+01
2.6635214074e-04,6.8074727175e-05,1.6150981663e+01
2.6967758601e-04,6.5236494830e-05,1.6145623043e+01
2.7376054485e-04,6.6076865207e-05,1.5048972312e+01
2.7782745200e-04,6.6903299921e-05,1.5096158533e+01
2.7709230585e-04,6.3194116685e-05,1.5055687864e+01
2.8116532143e-04,6.3994447465e-05,1.5103893452e+01
2.8856535448e-04,6.1826424795e-05,1.4877683908e+01
2.8784249997e-04,5.8116628908e-05,1.5127318044e+01
2.9190954006e-04,5.8850214031e-05,1.4889671663e+01
2.9260857897e-04,6.2575338836e-05,1.4730408828e+01
2.9595748754e-04,5.9572184164e-05,1.4739671176e+01
2.9118233839e-04,5.5146745672e-05,1.5141445274e+01
2.9663283098e-04,6.3313772737e-05,1.4570806583e+01
3.0063734239e-04,6.4043055973e-05,1.4423388909e+01
3.0399297269e-04,6.0986860050e-05,1.4426141183e+01
-1.7589084273e-04,3.9563118533e-05,4.3580718275e+01
3.0797890677e-04,6.1682727873e-05,1.4277928326e+01
3.0126391696e-04,6.7823889256e-05,1.4278809763e+01
3.0734909647e-04,5.7907466905e-05,1.4427849129e+01
3.1133688393e-04,5.8576509292e-05,1.4275526012e+01
3.1070586884e-04,5.4803868937e-05,1.4428513897e+01
3.1406345454e-04,5.1675177442e-05,1.4428234593e+01
3.1805471870e-04,5.2287923918e-05,1.4266722663e+01
3.1742189437e-04,4.8520297870e-05,1.4427168110e+01
3.2141471062e-04,4.9103214825e-05,1.4260287065e+01
2.7115130254e-04,7.2662518049e-05,1.5093132623e+01
3.0522534519e-04,6.8564949217e-05,1.4141087330e+01
3.0186665546e-04,7.1625612568e-05,1.4143274116e+01
3.1866055036e-04,5.6082298130e-05,1.4116903189e+01
3.2078107531e-04,4.5338013217e-05,1.4425409409e+01
3.1676014312e-04,4.4779802284e-05,1.4598797496e+01
7.3730572541e-05,6.2092843557e-05,2.2219802013e+01
3.4083879172e-05,5.6707074936e-05,2.1812133241e+01
-3.4322473506e-06,5.3837412866e-05,3.2189625104e+01
-1.0931607235e-04,4.8824377914e-05,4.3966957363e+01
-4.2582929677e-05,5.2428910573e-05,4.1371381415e+01
-2.1968511649e-04,3.5660547043e-05,4.0869984117e+01
-2.3199766235e-04,3.4450020421e-05,3.9389707970e+01
2.0546840959e-04,8.4750830508e-05,1.7345565196e+01
2.0926414567e-04,8.5709925620e-05,1.7311192035e+01
2.0985723636e-04,8.9214078902e-05,1.7288650582e+01
2.0664523825e-04,9.1726881174e-05,1.7307951167e+01
2.0721635060e-04,9.5261615956e-05,1.7288495975e+01
2.1100998071e-04,9.6316636143e-05,1.7243624873e+01
2.0777444395e-04,9.8823463536e-05,1.7270023369e+01
2.1156658352e-04,9.9909215391e-05,1.7222437913e+01
2.1210773893e-04,1.0352578788e-04,1.7202861334e+01
2.0507623921e-04,1.0488630587e-04,1.7285945801e+01
2.0558689929e-04,1.0848424254e-04,1.7275170722e+01
2.0184525964e-04,1.0733814193e-04,1.7320801564e+01
1.9862524586e-04,1.0976501165e-04,1.7356295843e+01
1.9910724443e-04,1.1333662578e-04,1.7355283201e+01
1.9222123706e-04,1.1454445857e-04,1.7423990536e+01
2.1592129520e-04,1.0465498196e-04,1.7149242636e+01
2.1644483714e-04,1.0832292774e-04,1.7129259122e+01
2.1975937920e-04,1.0579621779e-04,1.7092297140e+01
2.2028379479e-04,1.0949337911e-04,1.7069425553e+01
1.9267922422e-04,1.1808229875e-04,1.7430880584e+01
1.8904236840e-04,1.1689729650e-04,1.7451972629e+01
2.2415088624e-04,1.1067356907e-04,1.7000069946e+01
2.2751676834e-04,1.0810842769e-04,1.6940198476e+01
1.8587726792e-04,1.1922757329e-04,1.7474001503e+01
1.7869373033e-04,1.1691154492e-04,1.7482076421e+01
1.7559149082e-04,1.1921589224e-04,1.7481319194e+01
1.7203677317e-04,1.1808699097e-04,1.7471988067e+01
1.7155361544e-04,1.1467142707e-04,1.7470147587e+01
1.6799559603e-04,1.1357706683e-04,1.7457524477e+01
1.6544157257e-04,1.1926417891e-04,1.7437415752e+01
1.6192169102e-04,1.1816614784e-04,1.7409721903e+01
1.6142308309e-04,1.1479539042e-04,1.7410019708e+01
1.5840735277e-04,1.1708221252e-04,1.7361020186e+01
1.5789842319e-04,1.1372670400e-04,1.7359198383e+01
1.5437821099e-04,1.1267029321e-04,1.7294542604e+01
1.4787243764e-04,1.1390374313e-04,1.7206988671e+01
1.4839652104e-04,1.1722802963e-04,1.7204859307e+01
1.4434774315e-04,1.1286388424e-04,1.7642309350e+01
1.4081464408e-04,1.1183046818e-04,1.7973625476e+01
1.3430775218e-04,1.1305827392e-04,1.8519719665e+01
1.3077003320e-04,1.1202112397e-04,1.8804983119e+01
1.3017320010e-04,1.0873880486e-04,1.8919314310e+01
1.2781362282e-04,1.1426850743e-04,1.8965835541e+01
1.2368177200e-04,1.0994309282e-04,1.9328431594e+01
1.1658182984e-04,1.0784595829e-04,1.9952074779e+01
1.1368173043e-04,1.1004658708e-04,2.0013384132e+01
1.1014241906e-04,1.0897224218e-04,2.0394211120e+01
1.0946684764e-04,1.0571666307e-04,2.0790496829e+01
1.0590276837e-04,1.0464051638e-04,2.1293523453e+01
9.9503323489e-05,1.0568827637e-04,2.1960183362e+01
1.0020694136e-04,1.0893749779e-04,2.1383361461e+01
9.6676421513e-05,1.0781099895e-04,2.2036984936e+01
9.5947648144e-05,1.0457094669e-04,2.2775416236e+01
9.2387004789e-05,1.0344438184e-04,2.2794566148e+01
8.6082577577e-05,1.0437681601e-04,2.2502318290e+01
8.2596645673e-05,1.0325282484e-04,2.2400782033e+01
8.1850966080e-05,1.0014612991e-04,2.2353702014e+01
7.8405285307e-05,9.9085634932e-05,2.2246921570e+01
7.2350322713e-05,1.0000358125e-04,2.2046919115e+01
7.3063510769e-05,1.0302665592e-04,2.2084807189e+01
6.9008923932e-05,9.8965794625e-05,2.1918628027e+01
6.3143845972e-05,9.9848304386e-05,2.1669671796e+01
5.9916161143e-05,9.8841794246e-05,2.1533758510e+01
5.9213370176e-05,9.6006106100e-05,2.1539497426e+01
5.6023615060e-05,9.5074373966e-05,2.1425992295e+01
5.0464002797e-05,9.5997796834e-05,2.1188283556e+01
4.7386253519e-05,9.5111260903e-05,2.1104541353e+01
3.7603488960e-05,9.0108435835e-05,2.1053648556e+01
3.2467893331e-05,9.1155136791e-05,2.0972873785e+01
2.9563880961e-05,9.0458897102e-05,2.0997452624e+01
2.4614883347e-05,9.1539480098e-05,2.0989919916e+01
1.8975875191e-05,9.0294323770e-05,2.1096247792e+01
1.6179670696e-05,8.9716399951e-05,2.1236107330e+01
6.9611851597e-06,8.5946210044e-05,2.5018985545e+01
1.3290416318e-06,8.5102125587e-05,2.8305048191e+01
-1.5132970779e-06,8.4722157623e-05,2.9753111685e+01
-6.2376947716e-06,8.6141680189e-05,3.2085667995e+01
-1.1974777037e-05,8.5524512819e-05,3.4010832631e+01
-1.4859444412e-05,8.5250894815e-05,3.4797687451e+01
-2.4704610173e-05,8.2538304414e-05,3.6712235003e+01
-3.3540435182e-05,8.2039257823e-05,3.7808957812e+01
-4.2419665781e-05,8.1675267626e-05,3.8400142971e+01
-4.5386334252e-05,8.1580138226e-05,3.8511609504e+01
-5.1327140201e-05,8.1425944854e-05,3.8634715514e+01
-5.4300337647e-05,8.1365087336e-05,3.8654597822e+01
-6.0250319686e-05,8.1274338139e-05,3.8628662214e+01
-6.3226304571e-05,8.1242832110e-05,3.8589062525e+01
-6.9178473539e-05,8.1206719387e-05,3.8469527668e+01
-7.2153954125e-05,8.1200902120e-05,3.8394113725e+01
-7.8101952771e-05,8.1212269342e-05,3.8221349692e+01
-8.1073990773e-05,8.1228946312e-05,3.8127113695e+01
-8.7012292422e-05,8.1282844922e-05,3.7929463398e+01
-8.9977914438e-05,8.1319818046e-05,3.7828141044e+01
-9.5900377049e-05,8.1412760737e-05,3.7624841098e+01
-9.8856767192e-05,8.1468631509e-05,3.7524193974e+01
-1.0475822333e-04,8.1598253383e-05,3.7327665674e+01
-1.0770269628e-04,8.1671657402e-05,3.7232639797e+01
-1.9560026729e-05,8.6812593761e-05,3.5971048686e+01
-4.2821048154e-05,8.5508358231e-05,3.8129349203e+01
-1.1357731126e-04,8.1837212715e-05,3.7050257360e+01
-5.4537821546e-05,8.5196193124e-05,3.8189540111e+01
-1.2234894956e-04,8.2129749505e-05,3.6799165154e+01
-7.8008620169e-05,8.5050241251e-05,3.7553470670e+01
8.6819574337e-05,1.0757924129e-04,2.2614915667e+01
-1.3001100166e-04,8.0477761592e-05,3.6940356982e+01
-1.3583066445e-04,8.0728449960e-05,3.6794629666e+01
-1.3872873045e-04,8.0863534851e-05,3.6726139555e+01
-1.4449982253e-04,8.1154048861e-05,3.6597686316e+01
-1.1828485167e-04,8.0051867804e-05,3.7266626036e+01
-1.0139729588e-04,8.5389788177e-05,3.6721830863e+01
-1.5023408884e-04,8.1473280077e-05,3.6480156541e+01
-1.1300915253e-04,8.5713171959e-05,3.6367157641e+01
1.1430295578e-04,1.1332170109e-04,1.9762585188e+01
-1.5792269495e-04,7.9952537871e-05,3.6627082379e+01
-1.3964720914e-04,7.7001266628e-05,3.7373448442e+01
2.0144379270e-05,8.6226875093e-05,2.1219785518e+01
-1.6642001919e-04,8.0538747660e-05,3.6466384890e+01
-1.6770472421e-04,7.6614292495e-05,3.7008729828e+01
-1.7054855999e-04,7.6817656143e-05,3.6944691740e+01
-1.7619618147e-04,7.7253200463e-05,3.6821539456e+01
-1.7899905986e-04,7.7486235033e-05,3.6762398581e+01
4.5929482068e-05,8.9835080014e-05,2.1222525434e+01
-1.8392969684e-04,7.5878679862e-05,3.6917197114e+01
-1.8547252881e-04,7.1952401059e-05,3.7417010013e+01
-1.8829028504e-04,7.2195393952e-05,3.7336846192e+01
-1.9387518395e-04,7.2717462876e-05,3.7180065617e+01
-1.9888677891e-04,7.1165528973e-05,3.7283144458e+01
-2.0164205883e-04,7.1459899836e-05,3.7199548956e+01
-2.0345922547e-04,6.7519575267e-05,3.7622112928e+01
-2.0622962640e-04,6.7814599633e-05,3.7519348032e+01
-2.1132154428e-04,6.6312059209e-05,3.7553208361e+01
-1.6158171614e-04,8.2205612071e-05,3.6275440837e+01
-2.1676643405e-04,6.6984234511e-05,3.7336141131e+01
-2.1945372863e-04,6.7347243567e-05,3.7232209764e+01
1.6240414297e-04,1.2154219751e-04,1.7402283131e+01
1.1592900712e-04,1.0459417754e-04,2.0275204909e+01
-2.2937628060e-04,6.2349017100e-05,3.7296390350e+01
-2.3202183853e-04,6.2760961900e-05,3.7164376475e+01
2.2804858694e-04,1.1186183771e-04,1.7084009180e+01
2.3144023171e-04,1.0927656034e-04,1.6962969280e+01
2.2465845461e-04,1.1441876009e-04,1.6949798538e+01
3.3943150355e-05,9.6155907378e-05,2.0765752575e+01
7.0407638476e-05,1.0496921707e-04,2.1987265447e+01
1.2205651716e-04,6.3171268643e-05,2.2545732534e+01
1.4857889125e-04,6.8538221407e-05,1.9527825395e+01
5.4141516975e-05,5.2665799699e-05,2.2031347513e+01
9.5953214189e-05,5.8531323202e-05,2.2583828337e+01
1.1655129331e-05,8.4667688231e-05,2.1243812987e+01
-6.9132684654e-05,4.5284308275e-05,4.4496320982e+01
1.3668462657e-04,1.0752114581e-04,1.8423637907e+01
-1.8033131408e-04,8.1707362125e-05,3.6238852130e+01
3.0580660018e-04,7.2386071421e-05,1.4009953391e+01
-2.3722706740e-04,6.3655486653e-05,3.6922835096e+01
1.7958393765e-04,1.2382247682e-04,1.7490834993e+01
2.3197986564e-04,1.1305578998e-04,1.6189522793e+01
-2.4218091912e-04,5.7901785445e-05,3.6824367002e+01
-2.4732245854e-04,5.8882100548e-05,3.6486137752e+01
1.9492513499e-04,1.0862331202e-04,1.7390732606e+01
1.5384086265e-04,1.0933837344e-04,1.7260478299e+01
-2.5241367170e-04,5.7689556811e-05,3.6091998543e+01
2.3593017213e-04,1.1425013527e-04,1.4884077662e+01
3.0636686811e-04,7.6227203774e-05,1.3883743132e+01
3.1942302668e-04,3.7892397861e-05,1.4800331904e+01
-2.5489450213e-04,5.8264654412e-05,3.5934277365e+01
2.4328870393e-04,1.1276798622e-04,1.4606850327e+01
2.4275911259e-04,1.0895378519e-04,1.4869001218e+01
2.4670142804e-04,1.1007793883e-04,1.4556139347e+01
-2.5993075278e-04,5.7178444402e-05,3.5437924128e+01
2.3643103649e-04,1.1806388086e-04,1.4859571635e+01
1.7462665552e-04,1.1235396528e-04,1.7475108696e+01
2.5683015153e-04,5.9251228901e-05,1.7103513536e+01
2.6012515849e-04,5.6482259486e-05,1.7104993623e+01
2.5942209037e-04,5.3014431439e-05,1.7162385777e+01
2.5544318828e-04,5.2349084650e-05,1.7205908072e+01
2.5873214555e-04,4.9610626750e-05,1.7207080048e+01
2.5476902391e-04,4.8995567410e-05,1.7242525580e+01
2.5740208360e-04,4.3018803948e-05,1.7249299345e+01
2.5676692999e-04,3.9844479118e-05,1.7225745996e+01
2.5284854290e-04,3.9399378136e-05,1.7153345839e+01
2.6069877181e-04,4.0310553979e-05,1.7236461977e+01
2.4501798321e-04,3.8538619065e-05,1.7093432146e+01
2.4172970428e-04,4.1096015555e-05,1.7083594889e+01
2.3781036243e-04,4.0623977321e-05,1.7094687003e+01
2.3387911989e-04,4.0133509508e-05,1.7312746499e+01
2.2993632324e-04,3.9624668986e-05,1.7487856841e+01
2.2598600139e-04,3.9100396661e-05,1.7615328098e+01
2.2526314162e-04,3.6128819937e-05,1.7867421368e+01
2.2130371651e-04,3.5611644673e-05,1.7972815356e+01
2.1734842519e-04,3.5089895627e-05,1.8069356155e+01
2.0945362978e-04,3.4045532145e-05,1.8303349120e+01
2.0626649144e-04,3.6391511438e-05,1.8201965332e+01
2.0233514952e-04,3.5849418120e-05,1.8348522709e+01
1.9840783873e-04,3.5311334359e-05,1.8507695652e+01
1.9448448988e-04,3.4778695382e-05,1.8677290868e+01
1.9056520269e-04,3.4252851963e-05,1.8859519576e+01
1.8588203071e-04,3.1009860204e-05,1.9290391016e+01
1.7805095630e-04,3.0059897490e-05,1.9726803892e+01
1.7413750644e-04,2.9599278297e-05,1.9967128114e+01
1.7022470812e-04,2.9149756406e-05,2.0221677920e+01
1.6710065221e-04,3.1282245812e-05,2.0254920813e+01
1.6319345556e-04,3.0823676876e-05,2.0533020361e+01
1.5928631095e-04,3.0376784407e-05,2.0824394998e+01
1.5147126228e-04,2.9519470164e-05,2.1438887801e+01
1.4283228478e-04,2.6330896373e-05,2.2300660473e+01
1.3892049384e-04,2.5981564121e-05,2.2601169469e+01
1.3501428274e-04,2.5648826009e-05,2.2872954937e+01
1.3111842580e-04,2.5334000111e-05,2.3002678143e+01
1.2724217120e-04,2.5037414532e-05,2.2979079101e+01
1.2338647194e-04,2.4758830465e-05,2.2949683166e+01
1.1654139372e-04,2.6389463130e-05,2.2889969627e+01
1.1274325956e-04,2.6129079205e-05,2.2853799099e+01
1.0896563601e-04,2.5886438369e-05,2.2814990869e+01
1.0520831611e-04,2.5661466123e-05,2.2772829384e+01
1.0147121467e-04,2.5453626861e-05,2.2728779048e+01
9.4057026961e-05,2.5087478819e-05,2.2640311710e+01
9.0380077544e-05,2.4928058692e-05,2.2598694881e+01
8.6722055286e-05,2.4783660414e-05,2.2561223120e+01
8.3085344334e-05,2.4653497504e-05,2.2529965011e+01
6.5192634655e-05,2.4193965689e-05,2.2446934028e+01
2.8516962150e-05,2.1935873039e-05,3.0530539924e+01
1.0288841650e-05,2.1661367388e-05,3.5467401432e+01
6.6205915113e-06,2.1609639439e-05,3.6450215582e+01
2.9454983159e-06,2.1559418055e-05,3.7417183702e+01
-1.1816322789e-05,2.1377390515e-05,4.1027090135e+01
-1.5520301787e-05,2.1336604595e-05,4.1845319905e+01
-1.9228845586e-05,2.1299285401e-05,4.2623711983e+01
-3.4101564374e-05,2.1171098110e-05,4.5312742005e+01
-3.7827402161e-05,2.1145643143e-05,4.5875646682e+01
-4.1555737589e-05,2.1122078076e-05,4.6395289331e+01
-5.6480860030e-05,2.1049796143e-05,4.8058300349e+01
-6.0219406139e-05,2.1036195027e-05,4.8377322869e+01
-6.3956347489e-05,2.1024755875e-05,4.8660256051e+01
-6.7692689334e-05,2.1015239581e-05,4.8908960297e+01
-7.8899944860e-05,2.0996694333e-05,4.9467387083e+01
-8.2634613889e-05,2.0993577745e-05,4.9596700994e+01
-8.6368411373e-05,2.0991844367e-05,4.9700370775e+01
-9.0101142540e-05,2.0991460002e-05,4.9779986981e+01
-1.0129103052e-04,2.0997652425e-05,4.9889296996e+01
-1.0501764158e-04,2.1002007644e-05,4.9887091731e+01
-1.0874228772e-04,2.1007409323e-05,4.9867615811e+01
-1.1246479144e-04,2.1013856512e-05,4.9831964786e+01
-1.2733014664e-04,2.1049336450e-05,4.9546200733e+01
-1.3103946210e-04,2.1060548770e-05,4.9442787194e+01
-1.3474561959e-04,2.1072708507e-05,4.9327777912e+01
-1.4953470438e-04,2.1130828857e-05,4.8758961747e+01
-1.5322076195e-04,2.1148012594e-05,4.8590556709e+01
3.8001429879e-05,2.5429653984e-05,2.7160387778e+01
2.1489176478e-06,2.4771616688e-05,3.6903396086e+01
1.8351243364e-04,3.5968785733e-05,1.9036665738e+01
-1.5690476301e-04,2.1165924809e-05,4.8411645778e+01
1.6598569578e-05,2.5022561183e-05,3.2923271912e+01
5.2065969983e-05,2.5695163147e-05,2.4090232273e+01
7.3124498537e-05,2.6163445483e-05,2.2435849115e+01
-1.7158743833e-04,2.1248347865e-05,4.7587231516e+01
-1.7524233058e-04,2.1272396105e-05,4.7351815772e+01
-1.7887713617e-04,2.1295111926e-05,4.7104907929e+01
2.3644947688e-04,3.4644735916e-05,1.7815233200e+01
1.5376978736e-04,2.5041554406e-05,2.1582294535e+01
3.4555814378e-05,2.0384741539e-05,2.9411575873e+01
9.2438350835e-05,2.1277202720e-05,2.2657183174e+01
7.7803586035e-05,2.0940635604e-05,2.2642581670e+01
6.3443979047e-05,2.0757880266e-05,2.3609650722e+01
1.6246536414e-05,2.0133082181e-05,3.4244512715e+01
-7.3371253105e-05,1.9459091109e-05,4.9512926132e+01
-1.1837400565e-04,1.9475024951e-05,5.0056199071e+01
-1.8510095602e-04,1.9752757470e-05,4.6948269603e+01
-1.8978662027e-04,2.1385665666e-05,4.6271570015e+01
-1.9342239514e-04,2.1421642903e-05,4.5959251055e+01
-1.9700998147e-04,2.1461647253e-05,4.5631379884e+01
-2.0332988789e-04,1.9909773927e-05,4.5285916046e+01
1.7179737616e-04,3.4406804627e-05,1.9759306726e+01
1.4448413880e-04,3.1151877172e-05,2.1890829759e+01
1.9689214034e-04,2.9733687392e-05,1.8976788184e+01
2.4831172187e-04,3.5966772108e-05,1.7192068182e+01
-2.0694882795e-04,1.9947948629e-05,4.4886818179e+01
2.1095167129e-04,3.9866244339e-05,1.7836722137e+01
2.6337940313e-04,3.4469821569e-05,1.7120777860e+01
2.6730806123e-04,3.4854174672e-05,1.7209918489e+01
-2.1137618352e-04,2.1632218587e-05,4.4088204751e+01
-2.2130319414e-04,2.0137475685e-05,4.2988729087e+01
-2.2484819499e-04,2.0192329582e-05,4.2424717532e+01
-2.2839437815e-04,2.0260091479e-05,4.1812463570e+01
-2.3888622804e-04,2.0494679138e-05,3.9669492355e+01
-2.3783186418e-04,1.7123282073e-05,4.0322625154e+01
-2.1612866397e-04,1.6825856044e-05,4.4248624336e+01
-2.4233212124e-04,2.0592508257e-05,3.8834238310e+01
3.1869660732e-04,3.4211490463e-05,1.4999985911e+01
3.1459179860e-04,3.3720700406e-05,1.5259083239e+01
3.2277743303e-04,3.4689490443e-05,1.4812311247e+01
2.4721484939e-04,1.1390361787e-04,1.4387052084e+01
2.5010514779e-04,1.0736229760e-04,1.4516448287e+01
2.5403931639e-04,1.0844433405e-04,1.4320082314e+01
-2.4576851843e-04,2.0696645989e-05,3.7923934108e+01
2.2696898153e-04,1.0437508933e-04,1.7007172613e+01
1.7377799461e-04,8.6413000771e-05,1.7379482804e+01
-2.6520375099e-04,5.3832330856e-05,3.4439928862e+01
-2.5153398644e-04,1.5740726731e-05,3.6670566607e+01
3.0354713649e-04,8.3146434120e-05,1.3768359446e+01
2.9964452431e-04,8.2327045987e-05,1.3894828459e+01
3.0018363782e-04,8.6184229204e-05,1.3774710479e+01
2.9628009927e-04,8.5344596960e-05,1.3898354327e+01
2.9681699316e-04,8.9200971684e-05,1.3779680483e+01
2.8954240431e-04,9.1317340380e-05,1.3902502496e+01
2.9007256060e-04,9.5172827183e-05,1.3786308144e+01
3.1026645742e-04,7.7005507382e-05,1.3750675390e+01
2.8616826700e-04,9.4273302681e-05,1.3903573933e+01
2.8669382528e-04,9.8128623042e-05,1.3788361170e+01
2.7001736824e-04,2.9035871229e-05,1.7067084087e+01
2.7393807320e-04,2.9334319188e-05,1.7116484920e+01
2.7788795431e-04,2.9663551166e-05,1.7173981544e+01
-2.7026439712e-04,5.2881631444e-05,3.3569065924e+01
-2.6539380576e-04,1.6188888131e-05,3.0954757323e+01
-2.6875981305e-04,1.6343908694e-05,2.9183664014e+01
-2.7207647389e-04,1.6522024608e-05,2.7255941339e+01
9.1613589477e-05,1.0026481168e-04,2.2585663179e+01
2.5350086955e-04,1.0462245318e-04,1.4477611993e+01
2.5455091618e-04,1.1227793579e-04,1.4178157950e+01
-1.8432688993e-04,8.6286518035e-05,3.5763633333e+01
2.8186755103e-04,3.0019876125e-05,1.7163046278e+01
2.4571032831e-04,8.1026467168e-05,1.6915013161e+01
-2.7259291372e-04,5.3626087406e-05,3.3428504192e+01
3.2204643150e-04,3.1013839581e-05,1.5021765079e+01
3.2613027784e-04,3.1456099325e-05,1.4825608377e+01
3.1078965716e-04,8.0885861444e-05,1.3626827744e+01
3.1414503947e-04,7.7784583558e-05,1.3613588271e+01
2.7726043557e-04,2.6545115585e-05,1.7063289095e+01
-1.7892088128e-04,8.5720794651e-05,3.5808941765e+01
2.5796270860e-04,1.0951058013e-04,1.4164667463e+01
2.5846090415e-04,1.1335268273e-04,1.4035971146e+01
1.7438499934e-04,8.9712326669e-05,1.7411424495e+01
2.0286841701e-04,9.0717122345e-05,1.7344812427e+01
2.3454051335e-04,4.3143355333e-05,1.7064812750e+01
2.8255471624e-04,3.3291467073e-05,1.7157230684e+01
2.8587593710e-04,3.0401768344e-05,1.7148712406e+01
-2.7853891300e-04,1.6962608066e-05,2.2892268255e+01
-2.3238909925e-04,2.2037865608e-05,4.0834934743e+01
1.7804445029e-04,9.0666934338e-05,1.7431787704e+01
3.0070592632e-04,9.0056854681e-05,1.3654769970e+01
-2.7756184773e-04,5.2838606136e-05,3.2458204796e+01
-2.8302609780e-04,4.9758408095e-05,3.0020458632e+01
-1.7486094881e-04,8.9493947900e-05,3.5432185856e+01
-2.8188414055e-04,1.5315377667e-05,2.0503975759e+01
-2.8810295468e-04,1.5891217095e-05,1.7100711650e+01
2.4971631880e-04,8.1992415862e-05,1.7107946468e+01
2.8658737374e-04,3.3737145624e-05,1.7114201144e+01
2.7923866421e-04,3.6161017861e-05,1.7162715038e+01
2.1367158167e-04,9.0219766856e-05,1.7245288995e+01
-1.8909423160e-04,8.4714239375e-05,3.5917341368e+01
2.8991204400e-04,3.0808774972e-05,1.7110715861e+01
3.1465121430e-04,8.1686439071e-05,1.3487962985e+01
2.6236298631e-04,1.1441091582e-04,1.3910881259e+01
2.5893455297e-04,1.1720379233e-04,1.3913277582e+01
2.4638715263e-04,8.4719682499e-05,1.7137940781e+01
2.9058534348e-04,9.9041005568e-05,1.3669280759e+01
-2.5586588922e-04,2.1096613534e-05,3.4702736222e+01
-2.9116584764e-04,1.6232683979e-05,1.7274495934e+01
-2.8248790898e-04,5.2170265341e-05,3.1356757768e+01
-2.8580616444e-04,4.8262327936e-05,2.8378763845e+01
-1.9442428371e-04,8.5360272795e-05,3.5871616204e+01
2.9253761076e-04,2.4557310747e-05,1.7121657998e+01
2.9658031725e-04,2.4884463312e-05,1.7098447874e+01
-2.6881242535e-04,2.0016517216e-05,2.8979139645e+01
2.8562355491e-04,9.0431214904e-05,1.4020167663e+01
2.8225039656e-04,9.3366431941e-05,1.4019918545e+01
1.7133567652e-04,9.2073100658e-05,1.7409711664e+01
1.6770148730e-04,9.1118037370e-05,1.7364366171e+01
-1.7115184189e-04,7.0895698426e-05,3.7833010464e+01
-1.6663904064e-04,6.6731985970e-05,3.8631860937e+01
-1.7098951307e-04,6.3122035189e-05,3.9158981560e+01
-1.7620831503e-04,6.1487133751e-05,3.9295272124e+01
-1.7466593503e-04,5.7614419635e-05,4.0050715218e+01
-1.7160297210e-04,5.7474427957e-05,4.0184871474e+01
2.4305598982e-04,8.7428359217e-05,1.7109875733e+01
2.3907940291e-04,8.6422160240e-05,1.6968991705e+01
1.6829842415e-04,9.4423096011e-05,1.7404573228e+01
-2.9421400065e-04,1.6611965502e-05,1.7234786204e+01
-3.0026062244e-04,1.7502108025e-05,1.7234835599e+01
-3.0406809684e-04,1.5756153299e-05,1.7217260778e+01
-2.9078681512e-04,4.7778052170e-05,2.6298641074e+01
3.1849177106e-04,8.2491669105e-05,1.3342803907e+01
3.2183638515e-04,7.9355156595e-05,1.3322614826e+01
-2.9571846855e-04,4.7468267738e-05,2.3993588626e+01
-1.9706538317e-04,8.5704711335e-05,3.5852519354e+01
2.5040470672e-04,8.5718180483e-05,1.6132231717e+01
3.2134976974e-04,7.5423640548e-05,1.3451814408e+01
3.2517750407e-04,7.6194673872e-05,1.3299358439e+01
3.2469486622e-04,7.2255590886e-05,1.3429433206e+01
3.2803762332e-04,6.9061728542e-05,1.3403691236e+01
3.3184970017e-04,6.9797214205e-05,1.3242099283e+01
3.3137771176e-04,6.5840143415e-05,1.3374106560e+01
3.3518089531e-04,6.6557546530e-05,1.3207015699e+01
3.3471587003e-04,6.2590166310e-05,1.3339899064e+01
3.3850899654e-04,6.3288603317e-05,1.3166519573e+01
3.3805166451e-04,5.9309469597e-05,1.3300021476e+01
3.4515512762e-04,5.6655251040e-05,1.3063818073e+01
3.4471618395e-04,5.2648246859e-05,1.3196204693e+01
3.4847248712e-04,5.3286816982e-05,1.2997408403e+01
3.4804413772e-04,4.9262742655e-05,1.3126666918e+01
3.5178554493e-04,4.9880414231e-05,1.2916747644e+01
3.4759851087e-04,4.5271112464e-05,1.3257025232e+01
3.5468972631e-04,4.2367075955e-05,1.2927801022e+01
3.5426290721e-04,3.8340078549e-05,1.3034030193e+01
3.5047066768e-04,3.7859794357e-05,1.3284361432e+01
3.5380840563e-04,3.4356889354e-05,1.3136683106e+01
3.5759077747e-04,3.4803354573e-05,1.2860469739e+01
3.5714163813e-04,3.0802696462e-05,1.2927197589e+01
3.5331848711e-04,3.0419110499e-05,1.3238759203e+01
3.6091320359e-04,3.1214306226e-05,1.2620978970e+01
-1.5768124619e-04,6.6285195521e-05,3.8935877417e+01
-1.5278555699e-04,6.2307554570e-05,3.9837382013e+01
-1.4971166452e-04,6.2193910380e-05,3.9949626204e+01
-1.4353307103e-04,6.1986433957e-05,4.0172546557e+01
-1.4043018306e-04,6.1889085438e-05,4.0283678288e+01
-1.3531017743e-04,6.3578582889e-05,4.0080523680e+01
-1.3107116260e-04,6.1625960706e-05,4.0613091036e+01
-1.2598119128e-04,6.3326752856e-05,4.0399855053e+01
-1.2285704211e-04,6.3252423086e-05,4.0504340830e+01
-1.1658948485e-04,6.3116864098e-05,4.0708539913e+01
-1.1344670434e-04,6.3056145843e-05,4.0807259059e+01
-1.0898721766e-04,6.1167827669e-05,4.1323900603e+01
-1.0398696561e-04,6.2899899167e-05,4.1083673372e+01
-1.0082436487e-04,6.2857121299e-05,4.1166785919e+01
-9.4487213572e-05,6.2785691933e-05,4.1314369144e+01
-9.1313347275e-05,6.2757213444e-05,4.1376760211e+01
-8.8136246176e-05,6.2736280872e-05,4.1429478398e+01
-8.1774667902e-05,6.2705220899e-05,4.1502780488e+01
-7.8590718430e-05,6.2697993800e-05,4.1519769704e+01
-7.2218410676e-05,6.2700209890e-05,4.1505534485e+01
-6.9030817686e-05,6.2710936579e-05,4.1470107491e+01
-6.5842793085e-05,6.2726295734e-05,4.1413067549e+01
-5.9467338005e-05,6.2782775062e-05,4.1222247511e+01
-5.6280785073e-05,6.2821348751e-05,4.1083275012e+01
-4.9912531346e-05,6.2922035061e-05,4.0702180903e+01
-4.6731936986e-05,6.2985404132e-05,4.0453014973e+01
-3.7211533046e-05,6.3231985456e-05,3.9424086785e+01
-3.4047264468e-05,6.3333114270e-05,3.8973114125e+01
-2.4593992628e-05,6.3708523079e-05,3.7230501764e+01
-1.0964099111e-05,6.6330734631e-05,3.3281091313e+01
-1.8221250978e-06,6.7030029579e-05,2.9583385040e+01
1.1909560784e-06,6.7294605901e-05,2.8126598699e+01
7.1559662048e-06,6.7871512043e-05,2.5004870868e+01
1.2112966219e-05,6.6419937246e-05,2.2024818849e+01
1.5082054350e-05,6.6747427580e-05,2.1673695051e+01
2.1067185253e-05,6.7460226665e-05,2.1625822231e+01
2.4084072764e-05,6.7850185845e-05,2.1604668316e+01
3.4120636853e-05,7.1431256010e-05,2.1543345789e+01
3.7209163643e-05,7.1936888739e-05,2.1550461693e+01
4.2602974714e-05,7.0637755898e-05,2.1625929726e+01
4.5769332424e-05,7.1179821835e-05,2.1651485084e+01
5.2178370296e-05,7.2330685199e-05,2.1728890495e+01
5.5423432108e-05,7.2939951287e-05,2.1775599006e+01
5.6259766280e-05,7.5451286795e-05,2.1756119082e+01
5.9530862142e-05,7.6116937523e-05,2.1814390666e+01
6.2831282119e-05,7.6805768290e-05,2.1879863278e+01
6.8690985797e-05,7.5595472395e-05,2.2024475791e+01
7.2081354248e-05,7.6315942454e-05,2.2094074976e+01
8.3275241016e-05,8.1398619132e-05,2.2332459743e+01
8.6791709102e-05,8.2238452843e-05,2.2409871021e+01
8.9489673597e-05,8.0226089854e-05,2.2460327101e+01
-3.4532492097e-05,6.6967249618e-05,3.8733243779e+01
-2.5202398892e-05,6.7362614775e-05,3.7109522783e+01
-1.5947497752e-05,6.7878613707e-05,3.4783706402e+01
-6.7972034752e-06,6.8529771767e-05,3.1593665769e+01
1.9889047800e-05,7.1415066446e-05,2.1560132578e+01
2.8886414437e-05,7.2747829913e-05,2.1502357309e+01
9.6660902989e-05,8.1932148194e-05,2.2597336758e+01
7.0337853734e-05,8.0944967002e-05,2.2025612557e+01
2.5148439402e-04,5.1702106600e-05,1.7243312757e+01
1.0114602305e-04,8.5800878707e-05,2.2685329796e+01
1.0480341562e-04,8.6739539751e-05,2.2895922449e+01
1.0762311653e-04,8.4636696940e-05,2.2925089449e+01
1.1499643971e-04,8.6508884428e-05,2.2015500169e+01
1.1949044005e-04,9.0597988272e-05,2.1201817242e+01
1.2315784812e-04,9.1579992415e-05,2.0706945485e+01
1.2604572873e-04,8.9378160784e-05,2.0560625109e+01
2.9064692953e-04,3.4207038133e-05,1.7082325863e+01
3.6046984397e-04,2.7195741921e-05,1.2626919921e+01
2.6282706767e-04,1.1826857629e-04,1.3792871032e+01
2.5938443662e-04,1.2106234564e-04,1.3792494367e+01
2.9108212774e-04,1.0292042240e-04,1.3548941559e+01
2.8769383799e-04,1.0587295632e-04,1.3551807551e+01
2.8169044146e-04,8.9537072588e-05,1.4139351008e+01
-1.7016510669e-04,9.1127807843e-05,3.5257419302e+01
-1.8376696231e-04,5.8080666968e-05,3.9638861724e+01
-1.8975508758e-04,5.8434740073e-05,3.9356160809e+01
-1.9272321285e-04,5.8626310865e-05,3.9212375466e+01
-1.8844849939e-04,5.4534771938e-05,4.0070543489e+01
-1.9805469385e-04,5.7044696488e-05,3.9244773674e+01
4.7438268868e-05,7.6036869579e-05,2.1583255307e+01
-2.0099758066e-04,5.7256752056e-05,3.9085794294e+01
-2.0290666664e-04,5.3496885334e-05,3.9558416995e+01
-2.0587570003e-04,5.3705422975e-05,3.9371746306e+01
-2.1174834059e-04,5.4160691628e-05,3.8988761744e+01
1.2972192680e-04,9.0346881883e-05,2.0087239301e+01
3.2873582821e-04,2.4524658033e-05,1.5076874269e+01
3.3282350706e-04,2.4889502981e-05,1.4852411550e+01
3.3688516098e-04,2.5237182147e-05,1.4597487691e+01
2.9588032015e-04,2.1600995604e-05,1.7102731212e+01
2.9992548214e-04,2.1887456156e-05,1.7089171592e+01
-1.7623332005e-04,9.3850156343e-05,3.5084573244e+01
-2.8731153895e-04,1.9951705101e-05,1.7120098000e+01
1.2522050393e-04,8.6218043987e-05,2.0866754466e+01
-3.1021473441e-04,1.6813036812e-05,1.7267687923e+01
-2.0229810575e-04,8.6439440574e-05,3.5822761421e+01
3.1514332195e-04,8.5605082667e-05,1.3360227841e+01
2.9186130164e-04,2.1340824820e-05,1.7102018970e+01
-2.0702502642e-04,8.4976353344e-05,3.5944226928e+01
-2.1136745389e-04,8.1285003277e-05,3.6205750187e+01
-1.6625134862e-04,9.4942927546e-05,3.4903133200e+01
-1.6355859947e-04,9.4692975956e-05,3.4898842229e+01
-1.5814180619e-04,9.4223086684e-05,3.4897720964e+01
-1.5352971010e-04,9.5924722771e-05,3.4711156150e+01
-1.4807593985e-04,9.5512445764e-05,3.4713835972e+01
-1.4533613511e-04,9.5319278515e-05,3.4719704216e+01
-1.3983225114e-04,9.4957601045e-05,3.4741300605e+01
-1.3895710647e-04,9.9010286546e-05,3.4329288336e+01
-1.3622529020e-04,9.8835524243e-05,3.4329378617e+01
-1.3172327552e-04,1.0062171618e-04,3.4137761985e+01
-1.2625242906e-04,1.0031369274e-04,3.4144538168e+01
-1.2350845143e-04,1.0017095535e-04,3.4154493844e+01
-1.1800509365e-04,9.9907248019e-05,3.4188924675e+01
-1.1248335325e-04,9.9672171748e-05,3.4244590558e+01
-1.0971623666e-04,9.9565171406e-05,3.4281115600e+01
-1.0417101340e-04,9.9372091233e-05,3.4372975490e+01
-1.0139347427e-04,9.9285987036e-05,3.4428858059e+01
-9.5830006307e-05,9.9134782868e-05,3.4561762985e+01
-9.0257240063e-05,9.9011864533e-05,3.4724203477e+01
-8.7468056412e-05,9.8961282005e-05,3.4816844279e+01
-7.7643921373e-05,1.0086064072e-04,3.4869840559e+01
-6.9319931293e-05,1.0083704704e-04,3.5267335407e+01
-5.5458525260e-05,1.0098064577e-04,3.6063599599e+01
-3.7742504856e-05,1.0361392901e-04,3.6923939089e+01
-3.2286979674e-05,1.0392120443e-04,3.7202638430e+01
-2.9565225349e-05,1.0409998354e-04,3.7306173626e+01
-2.4135298413e-05,1.0451292795e-04,3.7411720218e+01
-1.8725780128e-05,1.0500733863e-04,3.7340804473e+01
-1.6029618060e-05,1.0528816166e-04,3.7225260889e+01
-1.1562191591e-05,1.0373831472e-04,3.6563717623e+01
-6.1680869001e-06,1.0445743083e-04,3.5776771486e+01
-3.4823392641e-06,1.0486106386e-04,3.5259776384e+01
2.6490967593e-06,1.0801918911e-04,3.4501509769e+01
7.9132850374e-06,1.0910442511e-04,3.2866062580e+01
1.0530772879e-05,1.0971128521e-04,3.1837219912e+01
1.5061305628e-05,1.0872255442e-04,2.8389257629e+01
2.3414840350e-05,1.1353419190e-04,2.3738106268e+01
2.7952503711e-05,1.1294624333e-04,1.9142434970e+01
3.3180146213e-05,1.1499673765e-04,1.8825507865e+01
3.3619831099e-05,1.1763888759e-04,1.8284673173e+01
3.8535548073e-05,1.1727188357e-04,1.8926607023e+01
4.1278205453e-05,1.1849772611e-04,1.9051973781e+01
-1.8437719256e-06,1.0932490133e-04,3.6170155435e+01
4.7241151887e-05,1.2414322897e-04,1.9536592361e+01
4.9846423005e-05,1.2252856812e-04,2.0137699670e+01
-4.2043228483e-05,1.0546141170e-04,3.6443232524e+01
-6.3851994575e-05,1.0492803298e-04,3.4902710295e+01
5.6222532027e-05,1.2874009349e-04,2.1237007013e+01
5.9018868741e-05,1.2698743690e-04,2.1509932711e+01
-7.2058924964e-05,1.0490001769e-04,3.4461998434e+01
2.8946964605e-05,1.1802339261e-04,1.6145121282e+01
4.6567479676e-05,1.1817598520e-04,1.9839676609e+01
-9.5485868194e-05,1.0318692987e-04,3.3989146174e+01
6.5772133842e-05,1.3346701910e-04,2.0660902998e+01
6.8697692154e-05,1.3155025257e-04,2.0824236359e+01
6.8319971359e-05,1.2816352147e-04,2.2471746766e+01
7.1963484486e-05,1.3298003384e-04,2.0295742137e+01
7.8210361755e-05,1.3233912873e-04,2.0095821680e+01
7.8560713768e-05,1.3570297897e-04,1.9950035824e+01
8.1541497122e-05,1.3364970162e-04,1.9961523450e+01
7.4490116459e-05,1.2762123779e-04,2.1078827726e+01
5.8645729710e-05,1.2371736936e-04,2.1443000171e+01
3.8119060379e-05,1.1453407061e-04,1.9314417889e+01
8.1893027943e-05,1.3700521283e-04,1.9864302910e+01
8.7868718132e-05,1.3282429018e-04,1.9861556493e+01
8.8256394177e-05,1.3616888655e-04,1.9788788434e+01
9.1638325466e-05,1.3738442486e-04,1.9726889127e+01
9.4642133332e-05,1.3524138034e-04,1.9720083527e+01
1.0146625311e-04,1.3756877454e-04,1.9611065663e+01
1.0447440273e-04,1.3537879914e-04,1.9595923785e+01
1.0790992432e-04,1.3650351657e-04,1.9544541585e+01
-1.0372234875e-04,1.0343101210e-04,3.3854354421e+01
1.0060883725e-04,1.3090998330e-04,1.9688840826e+01
6.4193040414e-06,1.0454590491e-04,3.1510440382e+01
-3.7259539379e-05,9.9577617647e-05,3.7225484321e+01
-5.9530347072e-05,9.8897684830e-05,3.6127338806e+01
2.4783497426e-05,1.0952803482e-04,1.9010656812e+01
1.1436538869e-04,1.3539171603e-04,1.9428514262e+01
1.1781809670e-04,1.3648362212e-04,1.9343194860e+01
1.1825202447e-04,1.3980899206e-04,1.9307185754e+01
1.2127326669e-04,1.3756809369e-04,1.9254718744e+01
1.2170556383e-04,1.4089459135e-04,1.9221226110e+01
1.2775112372e-04,1.3639488450e-04,1.9069152815e+01
1.3121198566e-04,1.3746728597e-04,1.8961979619e+01
1.3164412648e-04,1.4079923213e-04,1.8967538308e+01
1.3467192911e-04,1.3854019488e-04,1.8849686943e+01
1.3509973271e-04,1.4187596296e-04,1.8864599588e+01
1.2730356502e-04,1.3306872487e-04,1.9055796361e+01
9.2006421131e-05,1.4071893574e-04,1.9661202383e+01
1.1391485173e-04,1.3206757756e-04,1.9454996316e+01
1.4116066406e-04,1.3735459095e-04,1.8549443897e+01
1.4158596753e-04,1.4069586406e-04,1.8613610725e+01
1.4461986489e-04,1.3843619388e-04,1.8407917507e+01
1.4503850966e-04,1.4178255796e-04,1.8492443062e+01
1.4765413222e-04,1.3617807194e-04,1.8139850372e+01
1.0530348471e-04,1.4203282332e-04,1.9490595167e+01
1.5497458837e-04,1.4173754731e-04,1.7921618894e+01
3.1896944102e-04,8.6432622256e-05,1.3211054267e+01
2.8381233832e-04,1.0493070211e-04,1.3673867847e+01
2.8429469767e-04,1.0880919344e-04,1.3553636501e+01
-3.5440387834e-04,1.7077890413e-05,1.5600076612e+01
1.5841438704e-04,1.4286321284e-04,1.7765013728e+01
1.6146457491e-04,1.4063513117e-04,1.7226347807e+01
2.3972542100e-04,9.0117629709e-05,1.6987885643e+01
1.8481032595e-04,8.9235000081e-05,1.7432897026e+01
2.5443101425e-04,8.6719352037e-05,1.4973519114e+01
2.7774314832e-04,8.8633568554e-05,1.4263361558e+01
2.7437459592e-04,9.1524701273e-05,1.4263279365e+01
2.8110874151e-04,8.5722425259e-05,1.4264758723e+01
2.7494410514e-04,9.5344195958e-05,1.4138550447e+01
2.7100250732e-04,9.4395657124e-05,1.4265005838e+01
-2.1650643896e-04,8.2142195918e-05,3.6153539023e+01
-2.2125571435e-04,8.0775676762e-05,3.6240860832e+01
-2.2321033358e-04,7.6673700322e-05,3.6480172018e+01
-2.1464992254e-04,5.4409103419e-05,3.8792968618e+01
-2.2006984327e-04,5.2913749959e-05,3.8635744980e+01
1.6167231755e-04,9.5783936572e-05,1.7328260517e+01
1.6106823597e-04,1.3727487806e-04,1.7073642123e+01
1.6490339064e-04,1.4178948408e-04,1.7113350069e+01
1.6756770545e-04,1.3620586634e-04,1.7355020854e+01
1.7102779593e-04,1.3738594555e-04,1.7375536146e+01
1.7140404433e-04,1.4077668258e-04,1.7342003749e+01
1.7448866709e-04,1.3858811000e-04,1.7404992655e+01
1.3047254101e-04,9.3544043037e-05,1.9719428002e+01
9.1175095283e-05,8.6024935425e-05,2.2506471579e+01
-2.2826451848e-04,7.7640111044e-05,3.6411399155e+01
-3.1326867465e-04,1.7426621589e-05,1.7268473039e+01
-3.1750873629e-04,1.5568823595e-05,1.7028265010e+01
-3.0442412347e-04,4.3768485893e-05,1.7246658300e+01
6.4463729011e-05,7.2316336268e-05,2.1963711158e+01
-1.0197872658e-05,6.2645549170e-05,3.3324933946e+01
-1.9585114544e-05,6.2116888266e-05,3.6177070316e+01
-2.9065196024e-05,6.1700259446e-05,3.8292094060e+01
3.6792395674e-04,2.7990272433e-05,1.1981094725e+01
3.4558117600e-04,6.0690647191e-05,1.2931761541e+01
2.9495063401e-04,1.0384060329e-04,1.3419021496e+01
3.3615804167e-04,2.1551053217e-05,1.4854588452e+01
3.4022031345e-04,2.1853709154e-05,1.4566903469e+01
1.7484571324e-04,1.4198989369e-04,1.7382343945e+01
2.7041667811e-04,9.0587562884e-05,1.4398753436e+01
-2.9952291962e-04,1.9736228436e-05,1.7249480370e+01
1.8596202122e-04,9.6027005675e-05,1.7439395590e+01
-2.3303658004e-04,7.6364829168e-05,3.6473244007e+01
3.3563275125e-04,7.0548538440e-05,1.3073580042e+01
2.9140352832e-04,3.7681615411e-05,1.6962300378e+01
2.9328159267e-04,6.6321676473e-05,1.4564047826e+01
-1.8815357441e-04,4.5243048428e-05,4.1777676346e+01
1.2837338670e-04,1.1756471314e-04,1.8895824395e+01
1.0087077569e-04,1.1220559133e-04,2.0871407892e+01
1.6591306483e-04,1.2265495267e-04,1.7433296628e+01
1.5807397825e-04,9.4815595469e-05,1.7183831875e+01
-2.3911581200e-04,4.4728122806e-05,3.7538871714e+01
-2.3649732849e-04,4.8531198965e-05,3.7644244580e+01
-2.4196014430e-04,4.5051188787e-05,3.7144750700e+01
-2.4754285979e-04,4.7891814540e-05,3.6341798385e+01
1.9311399955e-04,1.2162737944e-04,1.7441720305e+01
1.2845582448e-04,7.2665663129e-05,2.1325261013e+01
2.2602418966e-04,7.6386033680e-05,1.7222960595e+01
-1.5440369883e-04,4.7816178100e-05,4.2809929097e+01
-9.5566909049e-05,8.5265638964e-05,3.6919419052e+01
2.0309469488e-04,3.8732207624e-05,1.8118089783e+01
7.4435805315e-05,1.0923028922e-04,2.2181420006e+01
6.8404324988e-05,1.0997306121e-04,2.1925751155e+01
6.9024123432e-05,1.1311105194e-04,2.1983833432e+01
-2.5224885042e-04,6.2296875958e-05,3.6300873198e+01
-2.5211701794e-04,6.6993749878e-05,3.6486721802e+01
-2.4727836142e-04,6.8098354259e-05,3.6595401984e+01
-2.5448818070e-04,6.7659451488e-05,3.6475523241e+01
-2.5926346319e-04,6.6670546903e-05,3.6342118189e+01
-6.0405290990e-05,8.5105655304e-05,3.8092028471e+01
1.3668643681e-04,3.0337560844e-05,2.2592003585e+01
3.7527375745e-05,9.9545506911e-05,2.0637812790e+01
3.2476264617e-05,1.0041446017e-04,2.0526745620e+01
2.4235501542e-04,4.4142088109e-05,1.7181089527e+01
-3.8118841515e-05,2.4282489514e-05,4.5353636655e+01
-3.6978231533e-05,8.5739953241e-05,3.7908823697e+01
-1.9739548623e-05,2.4463215779e-05,4.2124955548e+01
-7.1232108170e-06,1.0849609286e-04,3.6856598580e+01
4.5055029718e-05,2.5564484219e-05,2.5514196671e+01
-2.5343039348e-05,8.6384752283e-05,3.6881393378e+01
-6.9049358430e-05,6.6318965995e-05,4.0873838801e+01
-9.1029748347e-05,6.6379651094e-05,4.0665748563e+01
-4.7480637362e-05,1.0525694937e-04,3.6032121685e+01
5.4261042199e-05,9.9700903669e-05,2.1256986883e+01
1.8991198642e-04,1.2394024768e-04,1.7473716338e+01
1.9031202462e-04,1.2746555624e-04,1.7488734760e+01
1.9390949899e-04,1.2872805964e-04,1.7475155802e+01
1.9426616116e-04,1.3227819475e-04,1.7496937180e+01
1.9786077617e-04,1.3359541936e-04,1.7474984334e+01
2.0115355855e-04,1.3133225202e-04,1.7411512335e+01
1.9459553951e-04,1.3581848046e-04,1.7517840574e+01
2.0480667922e-04,1.3267541768e-04,1.7354460828e+01
2.0510851360e-04,1.3632245779e-04,1.7378684102e+01
2.1188260476e-04,1.3171964394e-04,1.7188234448e+01
2.1219263312e-04,1.3543775203e-04,1.7198290729e+01
2.1563650700e-04,1.3309129465e-04,1.7067989361e+01
2.1593591566e-04,1.3685049325e-04,1.7031443751e+01
2.1529685962e-04,1.2934640682e-04,1.7117390981e+01
2.0175691652e-04,1.3855451092e-04,1.7462714787e+01
-1.7991468473e-04,6.3629547694e-05,3.8816156869e+01
-3.2654464697e-04,2.4348794131e-05,1.7415181687e+01
2.4034952790e-04,1.1925792592e-04,1.4479559319e+01
2.3689864599e-04,1.2189042344e-04,1.4609975552e+01
2.4080054615e-04,1.2309683084e-04,1.4293545558e+01
2.3733170861e-04,1.2572905923e-04,1.4338880767e+01
2.4121832454e-04,1.2694584897e-04,1.4111398608e+01
2.3343316747e-04,1.2448959546e-04,1.4733164722e+01
-3.1724382071e-04,3.4798614920e-05,1.7794902281e+01
-1.0353034953e-04,6.6536849199e-05,4.0342531399e+01
-8.5743513646e-05,1.0502488635e-04,3.3943132252e+01
-2.6960164643e-04,5.7633186198e-05,3.4687848090e+01
-2.6899524999e-04,6.2481596978e-05,3.5636376599e+01
-2.7409304693e-04,5.9269329111e-05,3.4772038594e+01
3.2795865639e-04,2.0885830225e-05,1.5418403739e+01
3.2382479326e-04,2.0523838213e-05,1.5506351628e+01
2.0133033269e-04,1.0376971902e-04,1.7328783469e+01
-1.5231298173e-04,3.9117918317e-05,4.4793757844e+01
-1.5345648951e-04,3.5760299052e-05,4.5480468189e+01
-1.4880789785e-04,3.4037874294e-05,4.6051831560e+01
-1.4531754459e-04,3.4000699079e-05,4.6199024321e+01
-1.3129515840e-04,3.3872739383e-05,4.6712486377e+01
-1.1365300646e-04,3.3756052658e-05,4.7156541663e+01
-9.5917968088e-05,3.3688527442e-05,4.7300511702e+01
-8.1685866199e-05,3.3673707846e-05,4.7108030401e+01
-7.8124102661e-05,3.3676182443e-05,4.7005138669e+01
-6.3871224315e-05,3.3714420338e-05,4.6321785462e+01
-6.0308274406e-05,3.3732077342e-05,4.6073293703e+01
-5.1495757769e-05,3.5421381573e-05,4.5019295439e+01
-4.6069096393e-05,3.3837353577e-05,4.4708902668e+01
-4.2514839219e-05,3.3875669642e-05,4.4264998620e+01
-3.7368519637e-05,3.5574738675e-05,4.3263000652e+01
-3.3845283650e-05,3.5624267791e-05,4.2709837311e+01
-2.8332888595e-05,3.4063530292e-05,4.2031247905e+01
-2.4799033624e-05,3.4121884414e-05,4.1352467514e+01
-1.9803337665e-05,3.5870734463e-05,4.0004443644e+01
-1.6308666332e-05,3.5944778019e-05,3.9203581032e+01
-1.0727531711e-05,3.4400846556e-05,3.8154319328e+01
-7.2288040089e-06,3.4482012346e-05,3.7240938174e+01
-2.4130822989e-06,3.6289974697e-05,3.5539429410e+01
3.2110689806e-06,3.4751120659e-05,3.4277423942e+01
6.6700917999e-06,3.4848680169e-05,3.3232137297e+01
1.0117599883e-05,3.4949716538e-05,3.2168781542e+01
2.0385010919e-05,3.5270365094e-05,2.8949991418e+01
2.3781070402e-05,3.5380499130e-05,2.7897892191e+01
3.7214804683e-05,3.5841144166e-05,2.4136592285e+01
5.1416548958e-05,3.8297575552e-05,2.2125408026e+01
6.5066317685e-05,3.9174880226e-05,2.2271666137e+01
6.8536196871e-05,3.9436088674e-05,2.2314702519e+01
7.2029500148e-05,3.9715126669e-05,2.2358109235e+01
7.8233017039e-05,3.8151416703e-05,2.2442041374e+01
8.1796802285e-05,3.8452785556e-05,2.2486309149e+01
8.5385048664e-05,3.8770930756e-05,2.2528977582e+01
9.2634041239e-05,3.9460515195e-05,2.2608895626e+01
9.6294564458e-05,3.9832872817e-05,2.2646972384e+01
9.9979299075e-05,4.0223097151e-05,2.2682693864e+01
1.0084731196e-04,4.2590315386e-05,2.2680114362e+01
1.0368816916e-04,4.0631310855e-05,2.2718720930e+01
1.0455927623e-04,4.3030677426e-05,2.2716509708e+01
1.0829546233e-04,4.3488702192e-05,2.2753539343e+01
1.1205566370e-04,4.3964160275e-05,2.2792137122e+01
1.1876263138e-04,4.2440720219e-05,2.2863675470e+01
1.2259029038e-04,4.2935960831e-05,2.2877974300e+01
1.2644118177e-04,4.3448077978e-05,2.2936192420e+01
1.3030023486e-04,4.3975138578e-05,2.2531217051e+01
1.3415990572e-04,4.4516503949e-05,2.2133391393e+01
1.3888662683e-04,4.7750541256e-05,2.1522307503e+01
1.4274002774e-04,4.8349869879e-05,2.1134594503e+01
1.5044745104e-04,4.9587506537e-05,2.0395970982e+01
1.5346541568e-04,4.7427234528e-05,2.0258846979e+01
1.5732705092e-04,4.8047578313e-05,1.9921535773e+01
1.6118883826e-04,4.8679569310e-05,1.9597986001e+01
1.6505173217e-04,4.9320649223e-05,1.9287061582e+01
1.6586231543e-04,5.2206472237e-05,1.9068136416e+01
1.6971604210e-04,5.2888061548e-05,1.8766287030e+01
1.7356939469e-04,5.3578101072e-05,1.8470673234e+01
1.8050187319e-04,5.1989585971e-05,1.8160197414e+01
3.2450701210e-05,3.9262357398e-05,2.4190844112e+01
1.5897880857e-04,5.3745561817e-05,1.9482367046e+01
1.3206075349e-04,4.9258394030e-05,2.2121158428e+01
9.4364592303e-05,4.4114851282e-05,2.2601553906e+01
4.2282374682e-05,3.9701459246e-05,2.2087584654e+01
1.9201959125e-05,3.8733201986e-05,2.8243882822e+01
-8.6895865452e-05,3.5300978364e-05,4.6891225120e+01
1.8436345332e-04,5.2673496939e-05,1.7906003140e+01
1.8822409238e-04,5.3360819554e-05,1.7668501442e+01
1.8357143418e-04,4.9696955330e-05,1.8141938657e+01
1.7195427292e-04,4.7739069761e-05,1.8924101864e+01
1.4486726611e-04,4.3526110182e-05,2.1185529296e+01
7.3819290325e-05,3.5776892212e-05,2.2391021847e+01
6.3335957351e-05,3.5126466224e-05,2.2261556119e+01
2.9487416485e-05,3.3817279014e-05,2.6754816479e+01
4.2960479594e-05,3.4243322773e-05,2.2813679229e+01
1.1028365437e-04,3.9081431211e-05,2.2787846453e+01
1.2553153473e-04,4.0901593964e-05,2.2976486957e+01
-1.0455284305e-04,3.5346843988e-05,4.6930651462e+01
2.5859494096e-05,3.8993455802e-05,2.6093814654e+01
-1.7255354421e-04,3.9488261882e-05,4.3772831770e+01
-2.6430198467e-04,3.9827989859e-05,3.2343677829e+01
-2.6123746463e-04,4.3663267494e-05,3.3656769511e+01
6.8283146599e-05,9.6038448654e-05,2.1895353020e+01
1.5745258030e-04,9.1550589151e-05,1.7052031241e+01
1.5446934055e-04,9.3853550143e-05,1.7103772768e+01
1.5382299075e-04,9.0603913591e-05,1.7388231979e+01
2.2410854136e-04,6.6093524091e-05,1.7311556859e+01
2.2347002170e-04,6.2767598320e-05,1.7322913108e+01
2.1960883336e-04,6.2034369984e-05,1.7327155233e+01
2.1897137085e-04,5.8806739721e-05,1.7302628685e+01
2.1511812869e-04,5.8123126904e-05,1.7271424394e+01
2.1447149425e-04,5.4989420421e-05,1.7197981645e+01
2.1127026339e-04,5.7446587224e-05,1.7225646621e+01
2.1061290863e-04,5.4341766049e-05,1.7112591403e+01
2.0742488405e-04,5.6773491828e-05,1.7165743607e+01
2.0675124351e-04,5.3689282112e-05,1.7034222232e+01
2.2606394887e-04,5.6958229171e-05,1.7303798137e+01
-2.7840071893e-04,3.6003342953e-05,2.5560305523e+01
2.6943629784e-04,2.6039597193e-05,1.7313517359e+01
2.6550514290e-04,2.5774572641e-05,1.7715167711e+01
2.6821021057e-04,2.0114173276e-05,1.8407329184e+01
2.6423118344e-04,1.9880018075e-05,1.8752471373e+01
2.6023084142e-04,1.9623629947e-05,1.9039446816e+01
2.5621207391e-04,1.9344556176e-05,1.9298014640e+01
2.5289450029e-04,2.1941357840e-05,1.9000026340e+01
2.4484165384e-04,2.1255503132e-05,1.9187025470e+01
2.4082447424e-04,2.0896154781e-05,1.9223465200e+01
2.3681779457e-04,2.0531681157e-05,1.9254140540e+01
2.3282147551e-04,2.0164826297e-05,1.9294151421e+01
2.3211331025e-04,1.7388169635e-05,1.9615578754e+01
2.2883535580e-04,1.9797779740e-05,1.9358258927e+01
2.2813167180e-04,1.7053360645e-05,1.9684288351e+01
2.2485751036e-04,1.9432463071e-05,1.9419784164e+01
2.2415796065e-04,1.6721877173e-05,1.9751279966e+01
2.2019151592e-04,1.6394575901e-05,1.9821523218e+01
2.1623117877e-04,1.6072905289e-05,1.9907920697e+01
2.1227588873e-04,1.5757421158e-05,2.0011838688e+01
2.0832483289e-04,1.5448615321e-05,2.0109790307e+01
2.0112541544e-04,1.7342875166e-05,2.0042065809e+01
1.9718375312e-04,1.7018904308e-05,2.0195051287e+01
1.9324357663e-04,1.6703287742e-05,2.0340131208e+01
1.8930454647e-04,1.6396345091e-05,2.0505434776e+01
1.8536533092e-04,1.6098660481e-05,2.0688498739e+01
1.8142549788e-04,1.5810588361e-05,2.0868910519e+01
1.6096785833e-04,1.2425340866e-05,2.2098317267e+01
1.5701851598e-04,1.2245335979e-05,2.2274275500e+01
1.5307178002e-04,1.2079133820e-05,2.2436855744e+01
1.4912919180e-04,1.1927035070e-05,2.2579419629e+01
1.4519234362e-04,1.1789011987e-05,2.2704391019e+01
1.4126256446e-04,1.1664953523e-05,2.2797828283e+01
1.3734233300e-04,1.1554288393e-05,2.2846115954e+01
1.2953223594e-04,1.1371394005e-05,2.2903935391e+01
1.2564302122e-04,1.1297257613e-05,2.2916829849e+01
1.2176455133e-04,1.1233740226e-05,2.2921190813e+01
1.1789703823e-04,1.1180101207e-05,2.2918344512e+01
1.1404071095e-04,1.1135719228e-05,2.2913093567e+01
1.1019573025e-04,1.1099970869e-05,2.2909517371e+01
1.0337115690e-04,1.2714261254e-05,2.2963652301e+01
9.9575627244e-05,1.2683950981e-05,2.2963572091e+01
9.4935642297e-05,1.1032734673e-05,2.2924868987e+01
9.1148183023e-05,1.1028984400e-05,2.2961519442e+01
8.7365192959e-05,1.1023428491e-05,2.3115725704e+01
8.3583753937e-05,1.1015253562e-05,2.3351998142e+01
7.7028203218e-05,1.2604554250e-05,2.3658212272e+01
7.3279532366e-05,1.2589007360e-05,2.4045544516e+01
6.8453373316e-05,1.0963153891e-05,2.4948578436e+01
6.4666081691e-05,1.0946287196e-05,2.5514082467e+01
6.0875932712e-05,1.0928230039e-05,2.6138661316e+01
5.4493091942e-05,1.2486490395e-05,2.6967078835e+01
5.0724519369e-05,1.2462331191e-05,2.7719831104e+01
4.6951611459e-05,1.2437275405e-05,2.8519113710e+01
4.1873236703e-05,1.0824512381e-05,3.0017318088e+01
3.8061155691e-05,1.0801959924e-05,3.0913316244e+01
3.4245029326e-05,1.0779084666e-05,3.1837818158e+01
2.8018896729e-05,1.2304462932e-05,3.3039721304e+01
2.4218571644e-05,1.2277306357e-05,3.4010866962e+01
2.0413751295e-05,1.2250275702e-05,3.4990972671e+01
1.5104213469e-05,1.0663866301e-05,3.6692865446e+01
1.1264452922e-05,1.0641464323e-05,3.7670384699e+01
7.4210948730e-06,1.0619511770e-05,3.8637027109e+01
1.3257267622e-06,1.2121428742e-05,3.9825666027e+01
-2.5034626642e-06,1.2097707905e-05,4.0742285257e+01
-6.3360640878e-06,1.2074891218e-05,4.1631365882e+01
-1.0171847861e-05,1.2053047385e-05,4.2489212679e+01
-1.5705329420e-05,1.0501849397e-05,4.3946653287e+01
-1.9569053806e-05,1.0485527573e-05,4.4715555771e+01
-2.5542334949e-05,1.1976401204e-05,4.5552500985e+01
-2.9390604817e-05,1.1960016508e-05,4.6216936229e+01
-3.3240742176e-05,1.1944871613e-05,4.6838780327e+01
-3.7092429021e-05,1.1930845483e-05,4.7417789023e+01
-4.2787973293e-05,1.0406358577e-05,4.8458135186e+01
-4.6662073935e-05,1.0396488798e-05,4.8933689423e+01
-5.0536912027e-05,1.0387533283e-05,4.9368136124e+01
-5.6366997927e-05,1.1877057248e-05,4.9685464988e+01
-6.0223781156e-05,1.1869359305e-05,5.0020182302e+01
-6.4080795153e-05,1.1862595136e-05,5.0318369990e+01
-6.7937911455e-05,1.1856721286e-05,5.0581580177e+01
-7.3792580441e-05,1.0351026552e-05,5.1181991410e+01
-7.7668347918e-05,1.0347492405e-05,5.1366158021e+01
-8.3364334261e-05,1.1841302362e-05,5.1317006314e+01
-8.7219819140e-05,1.1839265633e-05,5.1429633239e+01
-9.1074593296e-05,1.1837885980e-05,5.1516917871e+01
-9.4928542456e-05,1.1837127726e-05,5.1580345470e+01
-9.8781624719e-05,1.1836957485e-05,5.1621332127e+01
-1.0478296658e-04,1.0338896471e-05,5.1916646447e+01
-1.0865318429e-04,1.0339628961e-05,5.1906948477e+01
-1.1418324340e-04,1.1841615657e-05,5.1586287055e+01
-1.1803055923e-04,1.1844001343e-05,5.1533341040e+01
-1.2187643508e-04,1.1846845229e-05,5.1464606428e+01
-1.2572079185e-04,1.1850061327e-05,5.1380866169e+01
-1.3184972239e-04,1.0352421517e-05,5.1494982423e+01
-1.3571102596e-04,1.0355860166e-05,5.1374409988e+01
-1.4108154590e-04,1.1867561289e-05,5.0907344982e+01
-1.4491710310e-04,1.1872980879e-05,5.0756338038e+01
-1.4875061864e-04,1.1878834284e-05,5.0592690901e+01
-1.5258198373e-04,1.1885129198e-05,5.0416417429e+01
-1.5641105677e-04,1.1891898316e-05,5.0227405421e+01
-1.6269166884e-04,1.0390019366e-05,5.0160987868e+01
-1.6653824593e-04,1.0395836378e-05,4.9933965987e+01
2.6756453585e-04,1.7185162074e-05,1.8988162871e+01
2.7154477475e-04,1.7382016646e-05,1.8579892145e+01
2.5549615160e-04,1.6456966404e-05,1.9807970338e+01
2.4340449673e-04,1.5573942678e-05,1.9860549103e+01
1.8790149716e-04,1.1727054190e-05,2.1085850056e+01
-1.7170267440e-04,1.1922884232e-05,4.9337581635e+01
1.7209405939e-04,1.0907196398e-05,2.1753103077e+01
1.1782646752e-04,8.4351565184e-05,2.1832645768e+01
9.9399447961e-05,7.9868296571e-05,2.2638084155e+01
8.1563192599e-05,7.5836975860e-05,2.2302542357e+01
1.0636033506e-06,1.0352797218e-04,3.3442929876e+01
-2.0693013057e-05,1.0071919192e-04,3.7116313272e+01
-4.2812600247e-05,9.9330433611e-05,3.7013392159e+01
-3.7443454127e-06,4.8418576381e-05,3.3343595318e+01
-6.5115214190e-05,9.8840594492e-05,3.5820608889e+01
1.1448390260e-04,6.1757115675e-05,2.2796576524e+01
1.1786073498e-04,3.9957223054e-05,2.2851939544e+01
5.2142714596e-05,9.1467471293e-05,2.1360039394e+01
1.5260491993e-04,4.4670513926e-05,2.0474587251e+01
-2.9185680633e-04,3.5123097149e-05,1.7342300923e+01
1.4100609749e-04,6.6943428804e-05,2.0341137049e+01
2.6892469689e-04,6.1573201578e-05,1.7134954228e+01
1.7117683866e-04,7.3523586527e-05,1.7116891622e+01
-1.2545621195e-04,4.3856276456e-05,4.4673177684e+01
-1.8956193205e-04,1.0445852051e-05,4.8230635944e+01
-1.9338838458e-04,1.0456654726e-05,4.7878526396e+01
1.8000074136e-04,1.1297125048e-05,2.1408509169e+01
-2.0668322350e-04,3.5159642522e-05,4.2276119540e+01
-2.0338378731e-04,3.5055201441e-05,4.2585923754e+01
2.8709082774e-04,5.4428144894e-05,1.5103485479e+01
2.9930709478e-04,5.6547303451e-05,1.4748700115e+01
-2.7335862603e-04,4.8922098775e-05,3.1947923301e+01
1.5017721265e-04,8.9657911581e-05,1.7884794290e+01
-1.6194176748e-04,6.2684701378e-05,3.9499216926e+01
-3.3131328013e-04,2.2356921866e-05,1.7314224237e+01
-1.3095181081e-04,1.0471652778e-04,3.3804276597e+01
-1.7644622573e-04,3.4426515963e-05,4.4610505795e+01
-1.7985874126e-04,3.4489028460e-05,4.4394390444e+01
-1.2213390693e-04,3.5447769858e-05,4.6616492779e+01
3.4092285480e-04,5.2031207691e-05,1.3388186671e+01
-1.3429816752e-04,9.4627413763e-05,3.4777228755e+01
2.7853467986e-04,7.0631638726e-05,1.4851258629e+01
1.8285101406e-04,9.8424408980e-05,1.7449993964e+01
1.8903953311e-04,2.8792926200e-05,1.9331753755e+01
2.4955051569e-04,1.0355095515e-04,1.4673753947e+01
1.8896822390e-04,5.6390014459e-05,1.7429337337e+01
-1.1878557054e-04,8.5912126909e-05,3.6212742856e+01
3.3423692400e-04,5.8646762068e-05,1.3473804901e+01
1.6160781911e-04,2.5796837515e-05,2.0998650919e+01
-2.0682376312e-04,5.7716903368e-05,3.8762386785e+01
1.4378717117e-04,1.0956098276e-04,1.7707878599e+01
9.9864282444e-05,2.1520474657e-05,2.2716393004e+01
-2.2897792775e-04,5.8025836708e-05,3.7617410839e+01
8.5083948320e-05,2.1085617534e-05,2.2629431394e+01
7.0596213112e-05,2.0835803345e-05,2.2645743661e+01
5.6269190118e-05,2.0673516708e-05,2.4700777168e+01
4.1825385241e-05,2.0484865691e-05,2.7654697059e+01
3.1046464892e-04,3.3217459675e-05,1.5286341526e+01
-2.8337691976e-05,1.9653863758e-05,4.4641177711e+01
-4.7079299795e-05,1.9539499122e-05,4.7364917312e+01
1.3411615962e-04,9.4523988617e-05,1.9265831736e+01
-9.5898191003e-05,1.9447583743e-05,5.0160497027e+01
-1.4076394849e-04,1.9534096219e-05,4.9433472059e+01
-1.6670878406e-04,1.9640620264e-05,4.8194192096e+01
-2.1626114988e-04,1.0537529227e-05,4.5171375774e+01
-2.2005469072e-04,1.0555912221e-05,4.4590954178e+01
-2.3890623254e-04,1.0677888963e-05,4.0846661150e+01
3.3757148010e-04,2.8956106984e-05,1.4372194163e+01
9.8614310039e-05,1.1764360040e-04,2.0437504710e+01
-2.4264046068e-04,1.0710301346e-05,3.9881572261e+01
-2.9433507156e-04,4.4016224851e-05,2.0817917081e+01
-2.6385572686e-04,4.4173597606e-05,3.3108101424e+01
-2.0801684678e-04,2.9971488814e-05,4.3040932391e+01
-2.1140058738e-04,3.0058668032e-05,4.2671320407e+01
-2.5514132039e-04,5.3705925715e-05,3.5614561655e+01
-3.3493388790e-04,1.6304775132e-05,1.7060736061e+01
-3.2528320802e-04,2.0480676953e-05,1.7255537669e+01
-3.3163172673e-04,1.5583301483e-05,1.7008777768e+01
2.4160246023e-04,1.3080274513e-04,1.3937064891e+01
3.5218790014e-04,5.3956390003e-05,1.2792475221e+01
2.1972084467e-04,1.3827486552e-04,1.7054637674e+01
2.3808819269e-04,1.3343576232e-04,1.3954293320e+01
-1.9810023328e-04,9.0172671088e-05,3.5549322091e+01
-2.4731025049e-04,7.2833157696e-05,3.6636694157e+01
-2.7372917589e-04,6.1731689831e-05,3.5387580670e+01
2.0536802192e-04,1.3997106285e-04,1.7404639430e+01
-2.9148862477e-04,5.3738941812e-05,3.0914796386e+01
-2.9972956263e-04,4.9799929628e-05,2.5151725329e+01
3.6328783248e-04,1.9557500832e-05,1.2056160928e+01
3.5942005828e-04,1.9326587321e-05,1.2575250562e+01
3.6709968024e-04,1.9812771206e-05,1.1579170932e+01
3.2715228315e-04,1.7270711275e-05,1.5530008746e+01
3.2299954748e-04,1.6927671470e-05,1.6381788565e+01
3.1966883684e-04,2.0143130429e-05,1.6346318129e+01
3.1887068456e-04,1.6607832601e-05,1.7137491053e+01
2.9456558121e-04,1.5282994963e-05,1.7016010069e+01
2.9059450986e-04,1.5143034950e-05,1.7056553854e+01
2.9856435549e-04,1.5443786762e-05,1.7025154120e+01
-3.4123024775e-04,3.0748557994e-05,1.6580904300e+01
-3.3576240215e-04,3.2878266404e-05,1.7235530909e+01
3.7154465450e-04,2.8473839501e-05,1.1716882188e+01
3.1943698189e-04,9.0388039714e-05,1.3074336207e+01
-2.6010130081e-04,7.7101419845e-06,3.4152786060e+01
2.9542512825e-04,1.0774192775e-04,1.3285647180e+01
2.9880719648e-04,1.0475807583e-04,1.3281156816e+01
2.9203521144e-04,1.1070669690e-04,1.3288475420e+01
-1.8043341002e-04,2.9455925367e-05,4.5380208045e+01
-1.5341638542e-04,3.0787907904e-05,4.6560616917e+01
-1.5694321906e-04,3.0823358281e-05,4.6392700608e+01
-1.3572879304e-04,3.0640961291e-05,4.7277163914e+01
1.8141111149e-04,1.4106941601e-04,1.7471118866e+01
-8.1922888663e-05,3.0451644382e-05,4.7745561436e+01
9.5723339287e-05,1.1978999715e-04,2.0412291734e+01
9.2279809820e-05,1.1860704683e-04,2.0823160526e+01
6.3078046306e-05,1.1374261648e-04,2.1644534792e+01
-2.0968834586e-04,1.2054481074e-05,4.5841326368e+01
1.1294891160e-04,9.1776916316e-05,2.1863632949e+01
2.7014707940e-04,1.1648144234e-04,1.3675501354e+01
2.6968405648e-04,1.1261630039e-04,1.3792727693e+01
2.6715238582e-04,1.2318567376e-04,1.3548541358e+01
1.5457515508e-04,1.6221342461e-05,2.2154651006e+01
1.8850843324e-04,9.0202790268e-05,1.7427578826e+01
2.0972082762e-04,2.0643430908e-05,1.9484565666e+01
2.4509826642e-04,1.2813742395e-04,1.3929242123e+01
2.4547391182e-04,1.3199833843e-04,1.3785006880e+01
2.2155349225e-04,5.3149374023e-05,1.7219052041e+01
-1.7954623360e-04,9.6357502680e-05,3.4960058158e+01
-1.3611719046e-04,3.5565449936e-05,4.6186889260e+01
2.7714400878e-04,8.4831589872e-05,1.4396935382e+01
2.4958595844e-04,2.4516991908e-05,1.8724824569e+01
2.5293508150e-04,1.0081342096e-04,1.4639240206e+01
-2.2976286824e-04,6.6762054358e-05,3.7004036133e+01
-1.8830783762e-04,3.1255955688e-05,4.4483253383e+01
2.3245189946e-04,9.1740531362e-05,1.7040760852e+01
2.2853273677e-04,9.0705336860e-05,1.7075669758e+01
-2.1476541587e-04,7.0970558551e-05,3.7012747475e+01
-3.3826264551e-04,1.7068680077e-05,1.7089248940e+01
1.9788972552e-04,1.9541108043e-05,1.9892723176e+01
1.6225890191e-04,9.9091168577e-05,1.7371910437e+01
1.7033564275e-04,1.7273537194e-05,2.1229112460e+01
1.6245619295e-04,1.6721228927e-05,2.1693980293e+01
1.2717655178e-04,1.4955032872e-05,2.2984309326e+01
3.1476912788e-04,1.6321279355e-05,1.6991844655e+01
1.0565092112e-04,8.9811423593e-05,2.2905329399e+01
1.2392376451e-04,9.4772929188e-05,2.0338445054e+01
1.8789234904e-04,6.8076178713e-05,1.7223858530e+01
-1.7933075462e-04,1.1943171471e-05,4.8803658530e+01
-2.0212718863e-04,1.2020337944e-05,4.6736623938e+01
-2.4210777167e-04,4.9233407555e-05,3.7002760150e+01
-2.1476649506e-04,3.0152764418e-05,4.2279724482e+01
-1.8468617521e-04,5.2469298797e-05,4.0605178317e+01
-2.6385585688e-04,7.7463722763e-06,3.2436207084e+01
-1.6992699401e-04,5.3695047456e-05,4.0981203281e+01
-1.5421679868e-04,5.3177858976e-05,4.1669519424e+01
-1.1787528533e-04,3.0534702433e-05,4.7771608936e+01
-1.0352457099e-04,3.0479349537e-05,4.7959425559e+01
-9.6332009882e-05,3.0462204049e-05,4.7964221056e+01
-6.0272799945e-05,3.0503542053e-05,4.6655039144e+01
1.4788069948e-04,9.5175667992e-05,1.7785706692e+01
1.3631126223e-04,8.9081223139e-05,1.9431016920e+01
-1.7542921316e-04,7.4000287404e-06,4.9861263766e+01
-1.8317816197e-04,7.4055530249e-06,4.9269655957e+01
-2.0249394494e-04,7.4440673885e-06,4.7401022475e+01
-2.1023253780e-04,7.4619284086e-06,4.6447002772e+01
-2.2951436446e-04,7.5213898947e-06,4.3296449201e+01
-2.3721929909e-04,7.5472594299e-06,4.1606531190e+01
-1.6679084691e-04,5.3579254192e-05,4.1124279336e+01
2.1618738591e-04,1.4062443352e-04,1.7043246784e+01
2.0198555338e-04,1.4216436618e-04,1.7491056698e+01
3.3948884845e-04,1.8179525180e-05,1.4839655659e+01
-3.0949551407e-04,4.3964527127e-05,1.7397514605e+01
2.2326884239e-04,1.3586399813e-04,1.5982274015e+01
-2.5031666029e-04,4.4050215665e-05,3.5867093382e+01
2.6302572776e-04,7.0894778186e-05,1.6157556651e+01
-1.5373857840e-04,8.9763765693e-05,3.5345367311e+01
-1.3597099497e-04,8.6662770825e-05,3.5843060114e+01
3.2538019059e-04,4.9682273343e-05,1.4093794134e+01
1.4852156762e-04,9.8434331295e-05,1.7531539851e+01
1.3555026684e-04,8.5901267621e-05,1.9769250337e+01
3.4425340727e-04,2.2139071920e-05,1.4240004118e+01
1.9208324641e-04,5.4049784573e-05,1.7453661390e+01
2.2355484275e-04,1.3969630755e-04,1.4969006901e+01
1.8487398184e-04,1.4235282151e-04,1.7495441515e+01
2.7403026485e-04,1.1749640463e-04,1.3553836233e+01
2.7447631387e-04,1.2137209598e-04,1.3422026663e+01
-3.5859733956e-04,2.2914194921e-05,1.2559224513e+01
-3.0327188203e-04,4.0113455967e-05,1.7479246851e+01
2.7790787416e-04,1.1849998861e-04,1.3425008492e+01
-2.4249029996e-04,7.1599147935e-05,3.6626026675e+01
2.2293435251e-04,1.3204748708e-04,1.6729743807e+01
3.6498469373e-04,3.5815372166e-05,1.2328137510e+01
2.4934667302e-04,1.3316551207e-04,1.3651516198e+01
2.8050409278e-04,8.1923475142e-05,1.4398776006e+01
3.1274351054e-04,9.6562678176e-05,1.3105903607e+01
1.7975168375e-04,1.0080624691e-04,1.7458617132e+01
2.5549527864e-04,1.1997417055e-04,1.3916136371e+01
-2.9020656585e-04,2.0395884733e-05,1.7316371121e+01
3.2277519754e-04,8.7268632043e-05,1.3054263607e+01
2.6795219685e-04,3.8039919490e-05,1.7218847758e+01
-2.2439755149e-04,4.3419541711e-05,3.9348792090e+01
-2.8616817199e-04,5.6585814172e-05,3.3158585944e+01
3.1194240102e-04,6.2373434611e-05,1.4132287654e+01
2.0607817675e-04,1.1209951530e-04,1.7267015631e+01
-2.5915810006e-04,2.1264172125e-05,3.3439572206e+01
-2.5616758316e-04,2.4762151670e-05,3.4393384468e+01
-2.5933613941e-04,2.4977619468e-05,3.3224334340e+01
-1.3170524488e-04,5.2632629426e-05,4.2540976000e+01
-1.3494958744e-04,5.2696837402e-05,4.2425122774e+01
3.0891549877e-04,9.5687015847e-05,1.3256140326e+01
3.0938707438e-04,9.9619595519e-05,1.3117802669e+01
-1.0743899544e-04,7.2164536439e-05,3.9090469119e+01
-1.1466388864e-04,1.0385696938e-04,3.3770891318e+01
-1.1408737979e-04,1.0796646219e-04,3.3422620518e+01
-1.0977502970e-04,1.0985616184e-04,3.3263805304e+01
-5.5833007066e-05,5.2225683673e-05,4.2619480056e+01
-9.0915029919e-05,1.0924337150e-04,3.3313976359e+01
-8.7941230665e-05,1.1334013678e-04,3.2947621769e+01
-1.5786456218e-04,1.0047180803e-04,3.4416231358e+01
1.1909783940e-04,1.4646129869e-04,1.9149984540e+01
1.2255278815e-04,1.4755090922e-04,1.9064785287e+01
-5.0974724024e-05,5.4029795676e-05,4.1985821258e+01
9.5411526001e-05,1.4190550899e-04,1.9595177282e+01
9.5777652142e-05,1.4523020867e-04,1.9483188708e+01
8.9289456282e-05,1.4616729613e-04,1.9506983881e+01
-8.2607009305e-05,1.1324882279e-04,3.2991366468e+01
1.2189989602e-04,1.1874958332e-04,1.9224044906e+01
1.2242355725e-04,1.2205308214e-04,1.9185242540e+01
2.2791592330e-04,8.7072281969e-05,1.7114119390e+01
-1.3633825633e-04,1.0506513340e-04,3.3847462038e+01
-1.3902221786e-04,1.0525175118e-04,3.3873811496e+01
6.6020558576e-05,1.3686351614e-04,2.0144111857e+01
6.3115696068e-05,1.4213205714e-04,2.0089747415e+01
5.9938576602e-05,1.4058659695e-04,2.0167924178e+01
5.9880230849e-05,1.1250027244e-04,2.1412256368e+01
-9.6311954768e-05,1.0938099005e-04,3.3262937656e+01
-9.9008291258e-05,1.0946113513e-04,3.3249567086e+01
-1.1352183427e-04,7.2301111949e-05,3.8894015288e+01
-1.1655516167e-04,7.2377275828e-05,3.8795786930e+01
-1.2260383424e-04,7.2545439720e-05,3.8601125423e+01
-1.2561849283e-04,7.2637544236e-05,3.8505237960e+01
-1.5259490011e-04,6.7960796298e-05,3.8748343409e+01
2.0080055854e-04,1.2772251230e-04,1.7391779396e+01
-7.7274085233e-05,1.1319032223e-04,3.3078961319e+01
-7.4608825003e-05,1.1317376699e-04,3.3141844467e+01
-6.9282086080e-05,1.1316704961e-04,3.3311155057e+01
-6.3962185569e-05,1.1319711070e-04,3.3546248651e+01
-6.1305455818e-05,1.1322673324e-04,3.3691244517e+01
-5.5999820154e-05,1.1331652046e-04,3.4041127251e+01
-5.0706296731e-05,1.1344986343e-04,3.4475478865e+01
-4.5426915243e-05,1.1363052480e-04,3.4995716440e+01
-4.2793142300e-05,1.1373996776e-04,3.5286656218e+01
-3.7538612215e-05,1.1400028411e-04,3.5921824957e+01
-3.2303019201e-05,1.1432079374e-04,3.6606083647e+01
-2.9692908256e-05,1.1450586834e-04,3.6953425349e+01
-2.4489344080e-05,1.1493059118e-04,3.7616747821e+01
-2.0961092661e-05,1.1740210344e-04,3.8193902505e+01
-1.5850740985e-05,1.1797243113e-04,3.8785351636e+01
-1.0774342775e-05,1.1864005374e-04,3.9230022411e+01
-6.4965130495e-06,1.1711487491e-04,3.8921756260e+01
-1.4340052892e-06,1.1797483473e-04,3.9218901768e+01
1.0833384910e-06,1.1845098915e-04,3.9342777910e+01
6.0898125599e-06,1.1950881243e-04,3.9382424048e+01
1.1570740401e-05,1.2307612048e-04,4.1278309153e+01
1.5976997108e-05,1.2215369662e-04,3.7624218640e+01
2.0838574677e-05,1.2383347818e-04,3.5097521196e+01
2.3512607700e-05,1.2723276887e-04,3.6042046428e+01
-4.3123293089e-05,1.1795758476e-04,3.4544069336e+01
2.7958060470e-05,1.2699129801e-04,2.9371249876e+01
-2.5128009297e-05,1.1914954040e-04,3.7686780866e+01
3.2473695068e-05,1.3231082699e-04,1.4675031513e+01
3.7030777817e-05,1.3278443834e-04,1.3384575759e+01
5.9304557382e-05,1.0947409906e-04,2.1387619446e+01
5.6158284023e-05,1.0832075016e-04,2.1186592765e+01
1.8791909093e-04,8.6821924249e-05,1.7424145086e+01
3.0789686420e-04,3.9965530884e-05,1.5219523391e+01
1.5211096728e-04,9.9420622257e-05,1.7080704052e+01
3.9063830450e-05,8.5811025316e-05,2.1213842421e+01
-8.7700185567e-05,9.4958198590e-05,3.5470112042e+01
-1.1303896386e-04,9.5645154158e-05,3.4777814870e+01
1.0157599110e-04,1.0033827184e-04,2.2526285166e+01
-1.3152054420e-04,9.4473658080e-05,3.4801040377e+01
-2.2883513161e-04,3.4277422681e-05,3.9878665631e+01
-2.3414568202e-04,2.9084429659e-05,3.9630784770e+01
1.4027592748e-04,1.3068309161e-04,1.8390687594e+01
5.0581492761e-05,1.0897051183e-04,2.0764597782e+01
4.7576346666e-05,1.0786806365e-04,2.0598638448e+01
-2.4799062844e-04,1.5660174210e-05,3.7806850897e+01
2.9236029436e-04,8.4500302132e-05,1.4020009516e+01
-2.8546723314e-04,1.1791813177e-05,1.8003100445e+01
-2.8213864819e-04,1.1607258572e-05,2.0794664735e+01
4.6990329757e-05,1.0506963343e-04,2.0699729853e+01
-1.9218025081e-04,6.6477367858e-05,3.8042669327e+01
2.7883295979e-04,1.4758589345e-05,1.8107176504e+01
1.2383748840e-04,1.3199687443e-04,1.9166788515e+01
-3.4356909342e-04,1.4692564009e-05,1.7049142604e+01
3.6270981589e-04,1.5643869037e-05,1.1878984750e+01
3.5879352130e-04,1.5475096470e-05,1.2539624786e+01
-2.0235479533e-05,1.1321569365e-04,3.7920662048e+01
-1.2437789978e-05,1.1411427572e-04,3.8254046953e+01
-1.3162721194e-04,7.2838005654e-05,3.8317381807e+01
3.0377731697e-04,3.9396974297e-05,1.5226490447e+01
3.0455025339e-04,4.3049416039e-05,1.5202904817e+01
3.0043619195e-04,4.2449897832e-05,1.5199581391e+01
4.2188655264e-05,1.3326586010e-04,1.6855126793e+01
4.2065006502e-05,1.3645984298e-04,1.6634451347e+01
4.7764837864e-05,1.3700517202e-04,2.1636853048e+01
4.7655761392e-05,1.4047425641e-04,2.1165330303e+01
-2.1566564813e-04,4.4733003556e-05,3.9988420016e+01
-2.0331926553e-04,4.4054753246e-05,4.1039982554e+01
-2.0182256312e-04,4.9603825225e-05,4.0226801071e+01
-2.6758215124e-04,7.7964358994e-06,3.0549559626e+01
2.9394384457e-04,1.2227752148e-05,1.7118534335e+01
2.8999222264e-04,1.2125476917e-05,1.7163659866e+01
3.2323150546e-04,9.1246605891e-05,1.2912077186e+01
2.7023737697e-04,1.1560530597e-05,1.9860953178e+01
2.6621095359e-04,1.1400121199e-05,2.0269939965e+01
3.3765463909e-05,1.0554701647e-04,2.0166368021e+01
2.8246609771e-05,1.0378594730e-04,2.0317271562e+01
2.4824760600e-05,1.0051400714e-04,2.0577025783e+01
1.9378853469e-05,9.9065721721e-05,2.0915181679e+01
1.4781747147e-05,1.0007097507e-04,2.3598119427e+01
1.2105946350e-05,9.9442187095e-05,2.5763988545e+01
5.8574513016e-06,9.6069676907e-05,2.8497058467e+01
3.1161157727e-06,9.5583530520e-05,2.9867132274e+01
-2.4051528071e-06,9.4712551523e-05,3.2207126286e+01
-7.0223632723e-06,9.6113558419e-05,3.4147827805e+01
-9.7984097952e-06,9.5766525758e-05,3.4847307015e+01
-1.5375241086e-05,9.5151084844e-05,3.5951128738e+01
-2.0980875367e-05,9.4630738272e-05,3.6716489303e+01
-2.3793034884e-05,9.4402897585e-05,3.6991239238e+01
-3.3408596213e-05,9.1788577934e-05,3.7546763259e+01
-4.1979739549e-05,9.1394407659e-05,3.7688562164e+01
-5.0576363224e-05,9.1123658872e-05,3.7573176544e+01
-5.6316818917e-05,9.1002472707e-05,3.7407334634e+01
-5.9188876866e-05,9.0957926878e-05,3.7307247401e+01
-6.4935109066e-05,9.0898427133e-05,3.7085188904e+01
-6.7808685855e-05,9.0882605605e-05,3.6967307963e+01
-7.3555296846e-05,9.0876958250e-05,3.6726146814e+01
-7.6427770972e-05,9.0886135210e-05,3.6605580916e+01
4.2266251991e-05,1.0851179858e-04,2.0219858184e+01
1.1260495600e-04,1.4758859467e-04,1.9193235708e+01
-2.2472173300e-04,1.2140821413e-05,4.3598247236e+01
1.9279677548e-04,5.7106227187e-05,1.7187902772e+01
1.3923334951e-04,8.6842975607e-05,1.9289697334e+01
-1.2643379221e-04,5.4305775791e-05,4.2332172127e+01
-1.6284675525e-04,2.9243972968e-05,4.6440473350e+01
-1.6638133606e-04,2.9281508772e-05,4.6247550428e+01
-2.4991576180e-04,2.6229993195e-05,3.6295101879e+01
3.5586156667e-04,5.4663121973e-05,1.2582363438e+01
-2.9270474381e-04,6.6695382406e-06,1.7358336444e+01
-2.9626697561e-04,6.7922634090e-06,1.7230311275e+01
-2.6926265031e-04,4.3066841226e-05,3.1451495193e+01
-3.1215600486e-04,1.9917431997e-05,1.7306491153e+01
1.6750637533e-05,1.2696244307e-04,4.4794338895e+01
-2.4798704260e-04,6.0547354477e-06,3.8784300105e+01
-3.3849441385e-04,3.4479196920e-05,1.6804187502e+01
2.7835084117e-04,1.2238214523e-04,1.3283131959e+01
2.8177988677e-04,1.1949411154e-04,1.3287283210e+01
-1.8415825539e-04,9.4774876074e-05,3.5113758515e+01
-3.4415745208e-04,3.2245528989e-05,1.4577253294e+01
1.7859800705e-04,1.4663743798e-04,1.7330822272e+01
2.9922814321e-04,1.0876769759e-04,1.3138008724e+01
1.8515640982e-04,1.4579951237e-04,1.7451656770e+01
-1.9399023109e-04,9.3929851377e-05,3.5288683552e+01
3.1320611174e-04,1.0051303398e-04,1.2960552921e+01
3.0985091947e-04,1.0356141270e-04,1.2971082788e+01
2.4582108866e-04,1.3586042606e-04,1.3641848068e+01
-3.1018345244e-04,4.7878596297e-05,1.7132756383e+01
-3.1460752087e-04,4.4422583107e-05,1.7486350568e+01
-3.1805497955e-04,4.3410098014e-05,1.7288933846e+01
-2.6381855876e-04,6.8212526413e-05,3.6479319942e+01
-2.5903078879e-04,7.1542812145e-05,3.6725751783e+01
3.1811686483e-04,1.3169037589e-05,1.6998021948e+01
3.1404391720e-04,1.2958093980e-05,1.7069094647e+01
-1.3019453707e-04,1.0884707518e-04,3.3571286368e+01
-1.2752166917e-04,1.0868073115e-04,3.3537189123e+01
3.4279084979e-04,1.4755078111e-05,1.4802051597e+01
2.7821401235e-04,1.1815931365e-05,1.8657419603e+01
1.8858921312e-04,1.4713921737e-04,1.7478577681e+01
-2.2855616741e-04,5.3795430686e-05,3.7970493395e+01
1.9181489232e-04,1.4501908999e-04,1.7536909414e+01
1.1344503442e-04,1.2874751064e-04,1.9465458444e+01
1.0998761007e-04,1.2764640592e-04,1.9542241327e+01
8.6985407359e-05,1.2613664371e-04,2.0273052640e+01
5.6824614895e-05,1.4236918739e-04,2.0283141802e+01
1.3474416512e-04,8.2745406638e-05,2.0069893815e+01
-2.4265675178e-04,7.6330038611e-05,3.6556415017e+01
2.6644520548e-04,8.9638475027e-05,1.4551328167e+01
2.2713448060e-04,1.3724142376e-04,1.4292440618e+01
1.8392769144e-04,1.0530253047e-04,1.7454100549e+01
2.2463735704e-04,8.9681325507e-05,1.7129604366e+01
2.2402529264e-04,8.6080213051e-05,1.7162987457e+01
2.6367247083e-04,9.6265114323e-05,1.4412531254e+01
-1.3656079141e-04,7.1115276278e-05,3.8531695777e+01
2.3306622470e-04,9.5434137417e-05,1.6963399034e+01
2.3701866280e-04,9.6508804550e-05,1.7127311857e+01
3.6532523307e-04,4.0009416051e-05,1.2289286583e+01
2.2523972153e-04,9.3314128617e-05,1.7097359054e+01
3.2813605373e-04,4.2646095337e-05,1.4241660928e+01
3.3210210643e-04,4.3160845633e-05,1.4057788395e+01
2.8963842358e-04,4.7807228410e-05,1.6182290737e+01
2.8552302832e-04,4.7137915553e-05,1.7127536267e+01
2.8220044553e-04,5.0063233321e-05,1.7128964665e+01
2.7811648983e-04,4.9384227930e-05,1.6950147450e+01
2.7736733644e-04,4.5859822042e-05,1.7076975882e+01
2.7652061621e-04,8.1045621943e-05,1.4538986501e+01
2.5708680686e-04,8.0204680618e-05,1.5507977462e+01
2.6112803962e-04,8.1155330548e-05,1.5079118514e+01
-2.4668380638e-04,2.6054393373e-05,3.7192296071e+01
2.9832951979e-04,1.0085236218e-04,1.3413774797e+01
1.0498390792e-04,1.1661428065e-04,2.0106021264e+01
7.7833777921e-05,1.1043290034e-04,2.2333201352e+01
7.8499456616e-05,1.1366446990e-04,2.2375485889e+01
8.5889405082e-05,1.4494283092e-04,1.9604095685e+01
8.2794866379e-05,1.4701604772e-04,1.9550642283e+01
2.0923046639e-04,4.8233918454e-05,1.7289656587e+01
2.0533324464e-04,4.7608259068e-05,1.7430328558e+01
-2.1052905660e-04,6.2096846253e-05,3.8054840512e+01
2.7992040436e-04,1.0398088427e-04,1.3790829067e+01
-1.9767687530e-04,7.7280330054e-05,3.6617484000e+01
-1.6197911452e-04,7.6234521802e-05,3.7141868398e+01
1.6580484280e-04,8.1366760995e-05,1.7045928924e+01
-1.4851448448e-04,7.1606258882e-05,3.8166391810e+01
1.5314895978e-04,8.7374212482e-05,1.7737316573e+01
3.1380832953e-04,3.0088268093e-05,1.5322673094e+01
2.3711078942e-04,7.5543392674e-05,1.7122166341e+01
-2.9521802159e-04,1.2515785410e-05,1.7187337892e+01
-2.9897392480e-04,1.0791549358e-05,1.7175136206e+01
-1.9259082719e-04,4.9118325988e-05,4.0824590300e+01
2.0490129873e-04,6.2346269640e-05,1.7274721405e+01
-2.2143916050e-04,3.0364381433e-05,4.1423515676e+01
-1.8931409956e-04,6.6247882265e-05,3.8149066505e+01
2.0108291282e-04,6.1623866152e-05,1.7224763663e+01
2.7405692717e-04,4.8724149975e-05,1.7074582491e+01
2.7332679960e-04,4.5250820215e-05,1.7114197956e+01
2.7480196122e-04,5.2260891872e-05,1.6947628167e+01
3.0064907329e-04,2.5238699810e-05,1.7079164168e+01
-3.4543296869e-04,1.1609785672e-05,1.7253816326e+01
-3.4902432388e-04,1.2164123162e-05,1.6965937160e+01
-3.4181615899e-04,1.1052246209e-05,1.7799190007e+01
1.3981144277e-04,1.2735486091e-04,1.8315522775e+01
1.4330444705e-04,1.2842244206e-04,1.8106260669e+01
-2.9446086394e-04,2.5930097112e-05,1.7277121531e+01
1.0014328121e-04,1.2758423590e-04,1.9756075567e+01
1.4555480378e-04,1.0071325651e-04,1.7756288543e+01
2.4835822597e-04,9.5970159965e-05,1.5038256414e+01
2.9473302795e-04,3.4701430256e-05,1.6965345312e+01
1.3188203443e-04,9.9993163691e-05,1.9142487513e+01
1.0439837895e-04,9.8209498426e-05,2.2347349279e+01
1.0800963012e-04,9.9261770423e-05,2.1737947115e+01
3.0399325575e-04,2.2201914120e-05,1.7077374407e+01
-1.7914449879e-04,1.6572437698e-05,4.7982635150e+01
-1.7541138536e-04,1.6555672224e-05,4.8244385288e+01
7.0190445041e-05,1.1956266983e-04,2.2131132185e+01
1.6715921362e-04,1.3282056040e-04,1.7373163124e+01
1.7022880334e-04,1.3059329750e-04,1.7434270537e+01
1.3633365896e-04,1.2629226316e-04,1.8507894670e+01
1.3995699046e-04,9.0041583702e-05,1.8957343740e+01
-3.1041537904e-04,7.4760966647e-06,1.7275722606e+01
-2.9062835341e-04,3.9749554357e-05,1.9275803492e+01
-1.6364231252e-04,5.3469345364e-05,4.1265066909e+01
-1.6233490737e-04,5.7095053130e-05,4.0578542701e+01
2.2740023449e-04,1.4109385524e-04,1.4154467116e+01
-2.9178165187e-04,2.5287386916e-05,1.7120015838e+01
-2.5020908563e-04,4.8326492405e-05,3.5981096110e+01
2.5673041396e-04,1.3156089697e-04,1.3529611985e+01
-3.2067292611e-04,1.6201741153e-05,1.7049882207e+01
1.1301830604e-04,1.5090979408e-04,1.9025093993e+01
1.0955848587e-04,1.4979775024e-04,1.9119692270e+01
-3.2368572830e-04,4.4250214356e-05,1.8136588288e+01
-3.3564943656e-04,3.8198043013e-05,1.7478924498e+01
-2.7800671204e-04,6.3602785202e-05,3.5904544365e+01
1.1648011643e-04,1.5201464021e-04,1.8932895391e+01
3.2700673439e-04,9.2117155948e-05,1.2741622875e+01
3.3041602881e-04,8.9083537528e-05,1.2710359449e+01
2.0217507672e-04,1.4577133438e-04,1.7519024944e+01
-1.8020102118e-04,9.8584073437e-05,3.4851416039e+01
5.6770269828e-05,1.4573250939e-04,2.0204444741e+01
-1.5680071890e-04,1.0465084657e-04,3.4187447752e+01
-1.5414992543e-04,1.0441626279e-04,3.4151598630e+01
5.9972160410e-05,1.4730386306e-04,2.0038956447e+01
-1.0923676808e-04,1.1410750372e-04,3.3077120126e+01
8.3078100955e-05,1.5032728297e-04,1.9331690482e+01
7.9416369227e-05,1.4574084246e-04,1.9672738827e+01
3.2973622036e-04,1.0332214666e-05,1.7100979616e+01
-2.4739774012e-04,7.7643214238e-05,3.6658822718e+01
3.2368155799e-04,9.5236336498e-05,1.2762789133e+01
-1.3552428317e-04,1.0920422827e-04,3.3648196486e+01
3.3385417956e-04,1.0579381368e-05,1.6260612019e+01
3.5623406056e-04,5.8817853533e-05,1.2459272481e+01
3.6274196848e-04,5.1976029862e-05,1.2262004475e+01
-1.9256565530e-04,2.6314045039e-05,4.5113509936e+01
3.6204384152e-04,1.1786952756e-05,1.1682078880e+01
3.5807768397e-04,1.1707687303e-05,1.2525323653e+01
3.6596779636e-04,1.1910292821e-05,1.0871699519e+01
1.4139537894e-04,8.1425467110e-05,1.9454040479e+01
3.4611838482e-04,1.1182751962e-05,1.4729738852e+01
3.0999432585e-04,1.2757481448e-05,1.7045204237e+01
2.0844870396e-05,1.0384306073e-04,1.9957804793e+01
-8.2185507610e-05,9.0927992837e-05,3.6368943139e+01
4.2793916053e-05,7.9701329746e-05,2.1430879783e+01
-3.6627363915e-04,1.1027664510e-05,1.4098799826e+01
1.9072751941e-04,1.0399772944e-04,1.7419496225e+01
3.0474245183e-04,2.5621217282e-05,1.6975592547e+01
1.8444102951e-04,1.0876711642e-04,1.7457030690e+01
-1.2216143479e-04,1.0837187403e-04,3.3479172297e+01
3.0843420917e-04,9.1765686919e-05,1.3387738272e+01
-1.4348462575e-04,1.0348462364e-04,3.4036814909e+01
-2.3744353371e-04,6.8185010952e-05,3.6760378356e+01
-3.0818421259e-04,2.1671971182e-05,1.7318921827e+01
2.8322850650e-04,7.5216796988e-05,1.4545244561e+01
2.8721942525e-04,7.6046586993e-05,1.4406063198e+01
3.2595774824e-04,5.3503790381e-05,1.3944866025e+01
1.0847087042e-04,1.1772347788e-04,1.9844996583e+01
-3.2364546246e-04,3.4780919194e-05,1.7652979380e+01
8.1940214196e-05,1.1492739283e-04,2.2871625007e+01
-2.0955337719e-04,4.4374941501e-05,4.0530613743e+01
3.2989817447e-04,8.4980594979e-05,1.2862459285e+01
3.3374433971e-04,8.5942430549e-05,1.2680176927e+01
-2.8290863051e-04,3.9587919406e-05,2.4514228735e+01
-1.3931849159e-04,5.4575802632e-05,4.1874627487e+01
7.2939279360e-05,1.4641992545e-04,1.9769027285e+01
7.3128402121e-05,1.4973346747e-04,1.9547556138e+01
-2.5605158226e-04,3.8551971893e-05,3.4487855613e+01
-6.0864009156e-05,5.3914366987e-05,4.2647925517e+01
9.9209039119e-05,1.4639453678e-04,1.9408064657e+01
9.9587034098e-05,1.4971187955e-04,1.9227427681e+01
9.6507979832e-05,1.5186078119e-04,1.9111466146e+01
-1.9381408558e-04,4.3651858613e-05,4.1739706122e+01
-2.3235055243e-04,6.7212092875e-05,3.6912926532e+01
6.9454543877e-05,1.4169138250e-04,1.9989630880e+01
1.9841720380e-04,1.4073450296e-04,1.7524488495e+01
1.2827418577e-04,9.8990275615e-05,1.9544853237e+01
-1.6773886750e-04,9.9311660720e-05,3.4624036402e+01
-1.7038352021e-04,9.9590823658e-05,3.4648008201e+01
-2.0978887272e-04,7.2433837791e-05,3.6960510802e+01
-1.2193080066e-04,5.2462231793e-05,4.2866024064e+01
-1.9222868956e-04,7.6680707786e-05,3.6732106523e+01
-3.1345522634e-04,3.6191692073e-05,1.7847383885e+01
8.8210024795e-05,1.1410686216e-04,2.2248867699e+01
1.4544904777e-04,1.4513324286e-04,1.8554141117e+01
1.4282415166e-04,1.5074568671e-04,1.8632698401e+01
1.3938495353e-04,1.4964859093e-04,1.8717798020e+01
-1.3956250589e-04,7.1229046007e-05,3.8438282157e+01
3.4157064244e-04,2.9321917939e-05,1.4115883531e+01
3.3882349765e-04,3.6501172389e-05,1.3990615612e+01
2.5758160841e-04,2.5188048712e-05,1.8267329106e+01
3.0507162905e-04,9.4814843384e-05,1.3398267757e+01
2.2991864131e-04,7.7288011824e-05,1.7177044372e+01
-2.0325425496e-04,9.0959799476e-05,3.5560033092e+01
-1.8130326711e-04,6.7637429067e-05,3.8133380236e+01
2.5565764066e-04,7.2795648377e-05,1.7098486235e+01
1.5937724033e-04,1.2380895261e-04,1.7353610969e+01
1.5635984925e-04,1.2606861866e-04,1.7135353358e+01
1.4928698146e-04,1.4959632401e-04,1.8490758040e+01
-1.6154315249e-04,6.8390568545e-05,3.8458904238e+01
1.9221912300e-04,9.1185052334e-05,1.7413737623e+01
-1.4554099484e-04,7.1474111058e-05,3.8255613050e+01
1.0304228255e-04,1.5085888829e-04,1.9119346095e+01
2.6528379606e-04,1.0774780496e-04,1.4026147921e+01
-2.6553952867e-04,2.5483561501e-05,3.0603905781e+01
-2.6855658033e-04,2.5780682478e-05,2.9144935325e+01
1.9675641604e-04,1.2286044068e-04,1.7413484216e+01
-6.4160916318e-05,5.3888919990e-05,4.2800739050e+01
-6.4230106018e-05,5.7394212767e-05,4.2228182244e+01
-2.2005462958e-04,7.1744686417e-05,3.6856833853e+01
-1.8518304676e-04,8.0109764881e-05,3.6396847469e+01
3.7122012729e-04,2.4254095383e-05,1.1507348650e+01
3.7481783773e-04,2.4712491609e-05,1.1263831493e+01
3.7451526142e-04,2.0454150791e-05,1.0860509774e+01
3.8138617768e-04,1.6990940670e-05,9.8540109820e+00
-2.0771267265e-04,6.1816575540e-05,3.8192574552e+01
3.5877230015e-04,4.7069194828e-05,1.2591505173e+01
1.8412216581e-04,6.7295833161e-05,1.7081858999e+01
-5.1148539667e-05,2.8954395436e-05,4.6123212955e+01
1.7372961053e-04,1.3176417484e-04,1.7455373289e+01
-1.0445345172e-04,5.9307353423e-05,4.1825360012e+01
-1.0353565683e-04,5.3983896568e-05,4.2970248283e+01
-1.0026009315e-04,5.3954906227e-05,4.3033433764e+01
-7.4052265331e-05,5.3846995002e-05,4.3093693265e+01
-7.7348152970e-05,5.3843647523e-05,4.3144099499e+01
-7.3989938304e-05,5.7352206104e-05,4.2462435159e+01
2.6414106757e-04,5.7212504905e-05,1.7068583447e+01
-1.9819082841e-04,3.8423181285e-05,4.2396477755e+01
3.4427591799e-05,8.0282307918e-05,2.1331500169e+01
2.9271929954e-05,8.1487997397e-05,2.1285407812e+01
2.3379738712e-05,8.0388896246e-05,2.1339680583e+01
2.0461228188e-05,7.9877877831e-05,2.1376202450e+01
1.9585395051e-05,7.7621546292e-05,2.1436617205e+01
1.6670682126e-05,7.7164275719e-05,2.1479146397e+01
1.0885826829e-05,7.6318094231e-05,2.1288221352e+01
6.0852879990e-06,7.7688695851e-05,2.4905850151e+01
3.2074565565e-06,7.7321486846e-05,2.6399366881e+01
-2.6085079437e-06,7.6654444671e-05,2.9591036278e+01
-5.5430287454e-06,7.6353468740e-05,3.0935001985e+01
-1.1457202949e-05,7.5812797462e-05,3.3222612730e+01
-2.4624183583e-05,7.2996129044e-05,3.6746306100e+01
-3.3762900194e-05,7.2554145417e-05,3.8247986381e+01
-3.6821381522e-05,7.2434577817e-05,3.8616983097e+01
-4.2951937201e-05,7.2230439045e-05,3.9192186030e+01
-4.6022914878e-05,7.2146476750e-05,3.9408430807e+01
-5.2172987135e-05,7.2008361673e-05,3.9721464127e+01
-5.5251152828e-05,7.1954934188e-05,3.9826217397e+01
-6.1411082882e-05,7.1873471959e-05,3.9950772106e+01
-6.4492021657e-05,7.1846289717e-05,3.9976704691e+01
-6.7573004330e-05,7.1826577684e-05,3.9982371589e+01
-7.3733567803e-05,7.1809396797e-05,3.9942651966e+01
-7.6812384444e-05,7.1811374004e-05,3.9901663348e+01
-8.2965298254e-05,7.1834419718e-05,3.9787016354e+01
-8.6038635917e-05,7.1856203817e-05,3.9716381253e+01
-9.2177486392e-05,7.1916659940e-05,3.9555863647e+01
-9.5240306224e-05,7.1955273837e-05,3.9468300265e+01
2.4610802573e-05,7.6326131062e-05,2.1430035777e+01
-1.7029786710e-06,7.2836819620e-05,2.9146974303e+01
-1.0654699261e-05,7.2039794488e-05,3.2930927389e+01
-1.9729088029e-05,7.1401190184e-05,3.5685425007e+01
-2.8892983734e-05,7.0903790243e-05,3.7613737730e+01
-9.1890401065e-05,7.5652026533e-05,3.8841915974e+01
-8.2804013504e-05,7.5562591962e-05,3.9104361214e+01
-4.3335174416e-05,7.5956951000e-05,3.8896650124e+01
-3.4267889570e-05,7.6290138331e-05,3.8111027537e+01
-2.5247156527e-05,7.6747516241e-05,3.6792398121e+01
-1.6294146941e-05,7.7349719452e-05,3.4761421560e+01
3.2683248520e-04,3.5155853669e-05,1.4610455638e+01
-8.2034001226e-05,9.4882041123e-05,3.5691655416e+01
4.7497718534e-05,8.5423929606e-05,2.1376309554e+01
-3.1391965589e-04,7.7080141835e-06,1.7375963049e+01
-1.1866008684e-04,5.2412661422e-05,4.2965413039e+01
-1.0507624121e-04,9.1380787352e-05,3.5579717588e+01
-2.0120624067e-04,2.9814745850e-05,4.3720321051e+01
-8.7226525784e-05,5.3862463321e-05,4.3182530974e+01
-9.0494483496e-05,5.3886355252e-05,4.3162056825e+01
2.5284221903e-04,5.8510397244e-05,1.7158869581e+01
-1.7154017081e-04,7.3956420298e-06,5.0131178060e+01
2.3842694803e-04,8.2759270768e-05,1.7047209896e+01
-2.7685076531e-04,2.8997503063e-05,2.4670917070e+01
2.2734302230e-04,6.3514559718e-05,1.7306642821e+01
2.5946484916e-04,3.4110021444e-05,1.7099477193e+01
2.6980632961e-04,8.6794217601e-05,1.4542977295e+01
3.3696111329e-04,8.2655733714e-05,1.2654051554e+01
3.4024004082e-04,7.9426641056e-05,1.2617922975e+01
2.4299752517e-04,6.6647028275e-05,1.7158441875e+01
2.5812934805e-04,1.0986422960e-05,2.0625491186e+01
2.5408360906e-04,1.0761787693e-05,2.0619219474e+01
2.5354381462e-04,7.8949684565e-06,2.1093157432e+01
5.0630543729e-05,8.6174815193e-05,2.1434036259e+01
5.2237453945e-05,8.1737057172e-05,2.1562888015e+01
5.6215274952e-05,8.5089852161e-05,2.1603890008e+01
2.7632818786e-04,5.9504169816e-05,1.6146830646e+01
-2.0996430489e-04,3.5271675971e-05,4.1950692753e+01
-7.7411096096e-05,1.0903594626e-04,3.3613185316e+01
-9.9372568394e-05,9.1227315146e-05,3.5748055883e+01
-1.9002501057e-04,3.4701231028e-05,4.3688109351e+01
3.2555713392e-04,1.0169746538e-05,1.7040866260e+01
-2.3690887717e-04,5.7029427421e-05,3.7196585085e+01
5.9446697406e-05,8.5880180773e-05,2.1683762656e+01
6.3484490747e-05,8.9443068540e-05,2.1767381176e+01
3.1271348451e-04,4.4213379696e-05,1.4781384827e+01
5.5553833526e-05,1.0540163785e-04,2.1203201621e+01
-2.7874208126e-04,1.1450163970e-05,2.3274864525e+01
-9.6515695679e-05,9.1160471141e-05,3.5839933733e+01
2.5007209696e-04,1.0525410388e-05,2.0629194815e+01
2.4948883553e-04,7.7514463163e-06,2.1103019485e+01
2.4605683222e-04,1.0300330075e-05,2.0640223266e+01
2.4540652725e-04,7.5949993144e-06,2.1106099656e+01
7.0115487497e-05,9.1229866282e-05,2.1972033126e+01
7.2705891123e-05,8.9286261330e-05,2.2056990484e+01
1.5885767709e-05,9.6061476352e-05,2.0664203402e+01
7.6105178192e-05,9.0196805305e-05,2.2154517007e+01
2.4140010614e-04,7.4174505088e-06,2.1126465833e+01
2.3741196438e-04,7.2409537426e-06,2.1133468996e+01
3.3981457899e-04,7.5363551437e-05,1.2760027548e+01
3.4368508130e-04,7.6122312078e-05,1.2570249160e+01
3.4313841377e-04,7.2100759083e-05,1.2714544082e+01
3.4712915554e-04,7.2871422425e-05,1.2513234242e+01
2.8068090764e-04,4.2976961195e-05,1.7079088754e+01
2.3343252690e-04,7.0671697928e-06,2.1148456447e+01
2.2950892610e-04,6.8665320261e-06,2.1157498344e+01
2.2562871226e-04,6.6666829788e-06,2.1175799496e+01
1.0464046960e-05,9.4878687009e-05,2.5135783892e+01
1.9479114988e-04,6.6454256452e-05,1.7264101010e+01
-1.9678933043e-04,6.2859698565e-05,3.8427252822e+01
2.2161753132e-04,6.5459006665e-06,2.1189594602e+01
2.1755874406e-04,6.4253568927e-06,2.1208886680e+01
-2.0793799398e-04,7.6450829306e-05,3.6608969436e+01
2.1026595038e-04,8.4064438269e-06,2.1004731452e+01
-3.0336324287e-04,7.0873448914e-06,1.7035703684e+01
2.0630732454e-04,8.2230315842e-06,2.1076725134e+01
2.0234846539e-04,8.0476158720e-06,2.1160335555e+01
1.9839725833e-04,7.8747843172e-06,2.1250706527e+01
3.4972887464e-04,6.5526599755e-05,1.2603224730e+01
1.9445403027e-04,7.7078218684e-06,2.1358719811e+01
1.8979469310e-04,5.5154619019e-06,2.1663763346e+01
2.3366916785e-04,9.9154662363e-05,1.6986770955e+01
2.2973703200e-04,9.8060210778e-05,1.7021437507e+01
1.8253992384e-04,7.2832985410e-06,2.1710038512e+01
1.7857638053e-04,7.1519445481e-06,2.1838505297e+01
1.7460998637e-04,7.0308516819e-06,2.1965646511e+01
1.7065035882e-04,6.9151962689e-06,2.2088434773e+01
-3.0864104087e-04,4.0088392728e-05,1.7684639092e+01
-1.1761322876e-05,9.1513042109e-05,3.4684217481e+01
-1.7446056676e-04,3.1035211823e-05,4.5427785704e+01
1.6669914878e-04,6.8079632842e-06,2.2203943644e+01
1.6272772232e-04,6.7189153741e-06,2.2307684261e+01
1.5874689218e-04,6.6397924750e-06,2.2400878970e+01
1.5477317997e-04,6.5697218144e-06,2.2482731293e+01
2.8658099148e-04,7.2272038513e-05,1.4550756883e+01
2.9057475880e-04,7.3077935308e-05,1.4410656361e+01
-1.5201211092e-04,8.5587060187e-05,3.5875062136e+01
2.9119315614e-04,7.6867195145e-05,1.4272661191e+01
3.7415431175e-04,1.6279966050e-05,1.0260550153e+01
1.8081297038e-04,1.0766948904e-04,1.7465904319e+01
3.7370583915e-04,1.2163718218e-05,9.4577467587e+00
3.7010831829e-05,1.2709062708e-04,1.6178572366e+01
1.3503169173e-04,6.3267047809e-06,2.2684766836e+01
-2.3120280341e-05,9.0477142942e-05,3.6736176609e+01
2.9452274830e-04,5.2156713354e-05,1.5156310795e+01
1.3108279644e-04,6.3067057690e-06,2.2685018379e+01
1.2714846260e-04,6.2921594569e-06,2.2657142433e+01
1.2322637374e-04,6.2822314568e-06,2.2635470371e+01
1.1931228581e-04,6.2786518273e-06,2.2675215119e+01
-2.8839210006e-05,9.0082246021e-05,3.7305255155e+01
9.9837525955e-05,6.2788151987e-06,2.2887548523e+01
9.5955522653e-05,6.2760145993e-06,2.3044844588e+01
9.2075764586e-05,6.2722562016e-06,2.3259165999e+01
2.6476432625e-04,1.0391095064e-04,1.4147488744e+01
2.6868872430e-04,1.0491275529e-04,1.4023168681e+01
7.2686825533e-05,6.2404392520e-06,2.5181259127e+01
6.8807529793e-05,6.2316988346e-06,2.5743542983e+01
6.4926873299e-05,6.2223003047e-06,2.6362175015e+01
-4.6100281775e-05,8.9289837491e-05,3.7839350262e+01
6.1044623029e-05,6.2123190186e-06,2.7034548351e+01
5.0698859494e-05,1.3544326004e-04,2.1821516973e+01
4.1622353952e-05,6.1486800339e-06,3.1080091589e+01
3.7725456689e-05,6.1388586052e-06,3.1997711864e+01
3.3816502571e-05,6.1297181141e-06,3.2942396129e+01
2.9911818139e-05,6.1185183816e-06,3.3905481999e+01
6.4636782104e-06,6.0448759323e-06,3.9779261695e+01
2.5482618846e-06,6.0332679325e-06,4.0724525040e+01
-1.3690826601e-06,6.0219746655e-06,4.1646996097e+01
-2.4907678052e-05,5.9633715627e-06,4.6503093168e+01
-2.8835230561e-05,5.9549612332e-06,4.7176386498e+01
-3.2762422107e-05,5.9473580758e-06,4.7806924162e+01
-1.3670956618e-04,7.6873982260e-05,3.7452363729e+01
2.3762736826e-04,1.0025795007e-04,1.6444396253e+01
-6.0277187875e-05,5.9074183069e-06,5.1044828457e+01
-6.4207600306e-05,5.9036663739e-06,5.1349254443e+01
-9.1725815816e-05,5.8863553184e-06,5.2574273197e+01
-9.5655534991e-05,5.8851698486e-06,5.2638621498e+01
-1.0959794062e-04,8.9539278752e-05,3.5786582833e+01
1.5030621963e-04,1.0830780162e-04,1.7061207898e+01
-3.4347067957e-04,8.1296012327e-06,1.8478091452e+01
-3.3982018839e-04,7.6870736614e-06,1.8637111677e+01
-3.3473396832e-04,9.9720093059e-06,1.7792893663e+01
-3.3620105539e-04,7.2777136799e-06,1.8574196909e+01
8.2561444458e-05,1.1823167680e-04,2.2359390130e+01
4.5694362267e-05,1.1240867042e-04,2.0179036127e+01
-1.0393758449e-04,7.5854504049e-05,3.8455828056e+01
-1.0994692713e-04,7.5989544314e-05,3.8260013988e+01
1.5332924985e-04,1.2832534281e-04,1.7144285254e+01
1.8342550973e-04,6.4166188799e-05,1.7086239284e+01
1.8034499371e-04,6.6511944485e-05,1.7068484203e+01
1.7962444882e-04,6.3398246839e-05,1.7411257096e+01
1.7655764443e-04,6.5724417069e-05,1.7430731542e+01
1.7581723029e-04,6.2631567758e-05,1.7695627727e+01
1.7200620305e-04,6.1866380169e-05,1.8013653413e+01
1.6972064690e-04,6.7243289354e-05,1.7780657652e+01
1.6593269277e-04,6.6443032324e-05,1.8140461440e+01
1.6515758929e-04,6.3381114212e-05,1.8418446250e+01
1.6213869180e-04,6.5648321261e-05,1.8507114292e+01
1.6134771429e-04,6.2612587090e-05,1.8772798904e+01
1.5753497192e-04,6.1851808915e-05,1.9134494256e+01
1.5371966454e-04,6.1100314857e-05,1.9500739150e+01
1.5291461943e-04,5.8159966723e-05,1.9728494562e+01
1.4692474167e-04,6.2556171881e-05,2.0016903861e+01
1.4311670469e-04,6.1810365522e-05,2.0408922179e+01
1.3844783381e-04,5.8209259543e-05,2.1041319612e+01
1.3462851691e-04,5.7517721526e-05,2.1455432461e+01
1.3080920155e-04,5.6839473576e-05,2.1881675572e+01
1.2787739648e-04,5.8952402895e-05,2.2095626567e+01
1.2406767492e-04,5.8271284939e-05,2.2543035771e+01
1.2611938812e-04,5.3440349593e-05,2.2532915759e+01
1.1645824395e-04,5.6952687197e-05,2.2812799738e+01
1.1178551747e-04,5.3666938944e-05,2.2786780076e+01
1.0803777326e-04,5.3082818632e-05,2.2746049940e+01
1.0431490073e-04,5.2516349862e-05,2.2701390260e+01
1.0061715564e-04,5.1967545172e-05,2.2656584070e+01
9.4179599464e-05,5.3416520429e-05,2.2569700611e+01
9.9750860799e-05,4.9453484866e-05,2.2648904191e+01
9.0556207453e-05,5.2889554108e-05,2.2521634444e+01
8.6958063034e-05,5.2380933546e-05,2.2473744207e+01
8.6079310540e-05,4.9950737371e-05,2.2472611548e+01
8.2508724704e-05,4.9490737678e-05,2.2428124519e+01
7.8963274279e-05,4.9050277270e-05,2.2384601899e+01
7.1949219786e-05,4.8222173085e-05,2.2299640725e+01
6.8479797886e-05,4.7836438082e-05,2.2258521235e+01
6.5035466014e-05,4.7468467417e-05,2.2218128990e+01
5.9095324300e-05,4.8968171592e-05,2.2130642368e+01
5.5725056402e-05,4.8624217602e-05,2.2093855016e+01
5.2377876502e-05,4.8298657842e-05,2.2058840453e+01
4.2476014937e-05,4.7429794455e-05,2.1964052715e+01
4.1591881291e-05,4.5396305397e-05,2.1979571368e+01
4.7312738323e-05,4.3849897503e-05,2.2041695026e+01
3.7459555616e-05,4.3206661316e-05,2.2015578055e+01
2.8672685152e-05,4.4595627269e-05,2.2652051198e+01
2.5471156083e-05,4.4429559858e-05,2.4429543439e+01
1.9009581057e-05,4.4106166671e-05,2.6577486021e+01
1.5751553286e-05,4.3949987788e-05,2.7739142120e+01
1.2476231374e-05,4.3798115012e-05,2.8926756380e+01
5.8771069794e-06,4.3508965534e-05,3.1263408773e+01
2.5551084030e-06,4.3372599104e-05,3.2397711936e+01
-2.8862822283e-06,4.4914070158e-05,3.3795015011e+01
-6.2166496830e-06,4.4785904507e-05,3.4843538354e+01
-1.0862281459e-05,4.2887531378e-05,3.6535848001e+01
-1.6276025381e-05,4.4442985879e-05,3.7670552966e+01
-1.9650085911e-05,4.4342910050e-05,3.8499893227e+01
-2.3030526459e-05,4.4249548102e-05,3.9270994762e+01
-2.9815321547e-05,4.4083761513e-05,4.0642403916e+01
-3.3217445038e-05,4.4010954585e-05,4.1244957667e+01
-3.6625014567e-05,4.3944641823e-05,4.1794328717e+01
-4.3453916052e-05,4.3830746904e-05,4.2741951669e+01
-4.6874004001e-05,4.3782746419e-05,4.3144849773e+01
-5.0297045523e-05,4.3740411497e-05,4.3503736930e+01
-6.0492818754e-05,4.0303269204e-05,4.4916760543e+01
-6.3967235550e-05,4.0282826615e-05,4.5139563514e+01
-6.9183212106e-05,3.8603934601e-05,4.5719412275e+01
-7.7864836110e-05,4.0240288572e-05,4.5730148334e+01
-8.1337542959e-05,4.0238708882e-05,4.5812956123e+01
-9.1746232002e-05,4.0253056556e-05,4.5935452895e+01
-9.5211708817e-05,4.0263885475e-05,4.5939695224e+01
3.4553226218e-04,2.9682417618e-05,1.3839963497e+01
-9.9584780172e-05,5.8842601327e-06,5.2679776229e+01
3.3939647838e-04,4.0328593804e-05,1.3825396689e+01
9.0378487507e-05,1.2736659160e-04,2.0037707484e+01
3.7137300910e-05,1.0914371799e-04,1.9915794541e+01
3.0140065846e-04,2.8672999094e-05,1.6971744488e+01
3.5010877535e-04,1.1398986981e-05,1.4104788703e+01
1.3546162600e-04,1.0100068442e-04,1.8761788375e+01
-2.4737127395e-04,5.4421523380e-05,3.6426199884e+01
-2.6811407240e-04,2.9797387239e-05,2.9633610586e+01
-5.5198310930e-05,3.8683410135e-05,4.4794762227e+01
-2.5919963360e-04,3.0796244040e-05,3.3270250553e+01
-2.9314965688e-05,4.0704806102e-05,4.1086857629e+01
-2.1157798230e-04,1.5195836991e-05,4.5111654294e+01
-6.7853391345e-05,9.4829468372e-05,3.6328382163e+01
-5.6523238958e-05,9.4946652567e-05,3.6863669816e+01
-5.0864465085e-05,9.5067135707e-05,3.7105475292e+01
-3.3941820612e-05,9.5731943905e-05,3.7450441066e+01
-3.7048479542e-04,1.6469647493e-05,1.1168932680e+01
-2.8327714163e-05,9.6075021412e-05,3.7324248944e+01
8.2203044626e-05,8.9137978617e-05,2.2316081247e+01
8.5697059293e-05,9.0073623781e-05,2.2402717575e+01
9.0031862915e-05,9.4056936872e-05,2.2517011456e+01
-1.2707292130e-04,5.8843853275e-06,5.2417189908e+01
-1.0093086001e-04,7.5798413901e-05,3.8553265756e+01
2.0217540677e-04,4.9986204837e-05,1.7366860412e+01
2.0069025631e-04,4.4004566383e-05,1.7827081984e+01
1.9678418767e-04,4.3395643472e-05,1.7994509762e+01
1.9288058103e-04,4.2790334303e-05,1.8182220935e+01
1.8975182920e-04,4.5090542920e-05,1.8157494316e+01
1.8585938752e-04,4.4469746420e-05,1.8375937007e+01
1.8196703988e-04,4.3858231118e-05,1.8603456157e+01
1.7728765998e-04,4.0428151525e-05,1.9057974742e+01
1.6950307099e-04,3.9298887740e-05,1.9582367819e+01
1.6561237250e-04,3.8749890414e-05,1.9864925351e+01
1.6172235829e-04,3.8212056514e-05,2.0159236399e+01
1.5865447010e-04,4.0360561016e-05,2.0251191755e+01
1.5477145823e-04,3.9816564481e-05,2.0573550006e+01
1.4700608983e-04,3.8766151244e-05,2.1256439906e+01
1.3838789532e-04,3.5244890621e-05,2.2196111564e+01
1.3449987436e-04,3.4796813227e-05,2.2566000969e+01
1.4510159607e-04,8.2348250715e-05,1.8976566548e+01
1.3061200368e-04,3.4363071392e-05,2.2958692547e+01
1.2673350773e-04,3.3944706737e-05,2.2928820381e+01
1.2287805334e-04,3.3543720363e-05,2.2919254884e+01
1.1608587438e-04,3.5126505732e-05,2.2857044519e+01
1.1229414341e-04,3.4745475771e-05,2.2827840019e+01
1.0852544273e-04,3.4382537501e-05,2.2796049425e+01
1.0477970770e-04,3.4037784991e-05,2.2762361581e+01
1.0105694728e-04,3.3711244872e-05,2.2725214943e+01
-1.3099702087e-04,5.8851130069e-06,5.2312239048e+01
8.5563098947e-05,3.0522827709e-05,2.2541089852e+01
8.1953879530e-05,3.0317282110e-05,2.2494788560e+01
7.8366511402e-05,3.0127931067e-05,2.2450040217e+01
7.4800878018e-05,2.9954265489e-05,2.2407976604e+01
6.7733929566e-05,2.9652156617e-05,2.2341582779e+01
6.4232277568e-05,2.9522452079e-05,2.2314325700e+01
6.0751427373e-05,2.9406330865e-05,2.2308682426e+01
5.4707916923e-05,3.1018562311e-05,2.2275943950e+01
5.1292478955e-05,3.0918508696e-05,2.2092264029e+01
4.7000527527e-05,2.9053267124e-05,2.4143764167e+01
4.1083613051e-05,3.0649525360e-05,2.4802474087e+01
3.7655544901e-05,3.0559892251e-05,2.5682222850e+01
3.4214414237e-05,3.0469979358e-05,2.6564285978e+01
2.7293288971e-05,3.0292862571e-05,2.8472321760e+01
2.3815415740e-05,3.0202319388e-05,2.9471965081e+01
2.0325174695e-05,3.0114384239e-05,3.0491196432e+01
1.6822736280e-05,3.0030292011e-05,3.1522275919e+01
9.7873479222e-06,2.9861346516e-05,3.3590930591e+01
6.2539609134e-06,2.9781287515e-05,3.4612902570e+01
2.7109577271e-06,2.9703929835e-05,3.5617616442e+01
-1.1546711057e-05,2.9425504040e-05,3.9352220801e+01
-1.5129860947e-05,2.9364461103e-05,4.0193378507e+01
-3.3131242460e-05,2.9114685479e-05,4.3728964909e+01
6.5235680202e-05,8.4792973957e-05,2.1861786529e+01
1.9413373876e-04,6.3305772410e-05,1.7182176962e+01
2.8222093312e-04,1.2338327480e-04,1.3134303299e+01
2.8519923005e-04,1.1658853612e-04,1.3289499620e+01
-1.8546491501e-04,1.5048761496e-05,4.7782722015e+01
-1.5844071100e-04,5.8966663749e-06,5.1174470128e+01
-1.6235077453e-04,5.9006470068e-06,5.0954706077e+01
2.0573049514e-04,1.4727128534e-04,1.7453400190e+01
-5.4473575294e-05,5.7493524677e-05,4.1740702871e+01
-2.8698534519e-04,4.3522695146e-05,2.4703319001e+01
-2.2312770990e-04,2.5214751002e-05,4.1949248667e+01
-2.1969073188e-04,2.5129494167e-05,4.2452697735e+01
-2.1640706903e-04,4.8646911445e-05,3.9405826914e+01
-2.7752492732e-04,4.0448468328e-05,2.7642803318e+01
-2.3335324450e-04,2.5510155484e-05,4.0205592582e+01
-2.4210736189e-04,5.3525256323e-05,3.6907236585e+01
2.3483447583e-04,1.3989438494e-04,1.3772992531e+01
-3.3259893303e-04,6.9087947368e-06,1.8390898993e+01
-3.2538523972e-04,6.2947736485e-06,1.7850395717e+01
-9.6612264446e-05,5.7443264988e-05,4.2366367843e+01
-2.8557291456e-04,6.4606345130e-06,1.8691631290e+01
-8.7655150163e-05,1.1753475387e-04,3.2723829566e+01
-2.5541132897e-04,4.9249682442e-05,3.5272833764e+01
1.3635923840e-04,1.5190484798e-04,1.8721153184e+01
-2.9584132665e-04,3.9311559330e-05,1.7437405295e+01
-2.2528397694e-04,4.9396245457e-05,3.8622602138e+01
1.8538656182e-04,1.4921433104e-04,1.7400533815e+01
-1.9910441719e-04,9.4679310368e-05,3.5326648193e+01
3.5334562146e-04,6.6336284421e-05,1.2406223103e+01
-2.0580723517e-04,9.1378207507e-05,3.5570682981e+01
3.2762665286e-04,9.6203630596e-05,1.2576566959e+01
3.7695585813e-04,8.3321732894e-06,7.7394530577e+00
3.6531574780e-04,7.9537981913e-06,1.0425376157e+01
2.9675678773e-04,6.2010118048e-06,1.7402313402e+01
2.7296464053e-04,5.8687707094e-06,2.0785940204e+01
2.6109440978e-04,5.3937931623e-06,2.1645146503e+01
3.1360789351e-04,1.0440985906e-04,1.2810257861e+01
3.1700033992e-04,1.0140315421e-04,1.2795374172e+01
3.1024376750e-04,1.0743895355e-04,1.2819563028e+01
1.6534548522e-04,3.2449886149e-06,2.2258700366e+01
-9.0295043390e-05,1.1753026309e-04,3.2752873730e+01
3.5372868693e-04,7.0498230762e-05,1.2271340547e+01
-2.0654840066e-05,3.0037323685e-06,4.6234800436e+01
-1.3960030170e-04,2.9445872924e-06,5.2524415992e+01
1.4984826075e-04,1.2723809582e-04,1.7492800361e+01
1.4938812924e-04,1.2389648445e-04,1.7348365589e+01
-3.3055754416e-04,3.9866103698e-05,1.7365857411e+01
-3.0341841057e-04,2.5786694522e-05,1.7331910762e+01
-2.4701276646e-04,2.9772862134e-05,3.6849178007e+01
2.5970745759e-04,9.5267210064e-05,1.4584558899e+01
1.9158326695e-04,1.4151796924e-04,1.7541064518e+01
1.8748662128e-04,1.3322465312e-04,1.7520169867e+01
1.8394885870e-04,1.3196834789e-04,1.7510978839e+01
-1.7690421087e-04,4.8473656347e-05,4.1722443192e+01
-1.8092216120e-04,2.4539415018e-05,4.6329447439e+01
1.5723958966e-04,1.3278773805e-04,1.7091907826e+01
-1.5329972151e-04,2.5920036089e-05,4.7601360621e+01
-2.4285539562e-04,8.1106056581e-05,3.6462541892e+01
2.7745215798e-04,1.1462182844e-04,1.3554891584e+01
-2.5001953166e-04,2.9843323867e-06,3.8364058493e+01
8.6504668473e-05,1.2280720797e-04,2.0725243479e+01
6.4624894951e-05,1.2335111417e-04,2.1887886059e+01
-2.5449489446e-05,2.5995916684e-05,4.2953824200e+01
4.3288660553e-05,1.1407488062e-04,1.9812904973e+01
2.5909502560e-04,9.1477888836e-05,1.4732837770e+01
2.6581464213e-04,8.5857321251e-05,1.4708094003e+01
2.6917002168e-04,8.3017238556e-05,1.4703307217e+01
1.8808365584e-04,1.0988264571e-04,1.7441621703e+01
-1.0061928908e-04,3.8625409986e-05,4.6265389254e+01
-1.0410076614e-04,3.8641521514e-05,4.6235261638e+01
-1.0904331096e-04,4.0332703552e-05,4.5811091093e+01
-1.1249217114e-04,4.0356763391e-05,4.5748157311e+01
-1.1798699776e-04,3.8731008778e-05,4.5992927651e+01
-1.2144790593e-04,3.8759212366e-05,4.5906550177e+01
-1.2624228636e-04,4.0477750144e-05,4.5401208181e+01
-1.3179838194e-04,3.8857760463e-05,4.5597134937e+01
2.5172685644e-04,9.3236788825e-05,1.5067490907e+01
3.6565468562e-04,4.4240081816e-05,1.2222865903e+01
2.7587214673e-04,7.7276380282e-05,1.4698428334e+01
-1.8937800342e-04,9.5455871135e-05,3.5145922444e+01
-2.6846633976e-04,6.7417813722e-05,3.6451502752e+01
3.6169509255e-04,3.9403385009e-05,1.2532776860e+01
-1.4463542064e-04,5.2913007930e-05,4.2059499678e+01
9.9389979565e-05,2.9373699491e-05,2.2711097677e+01
2.5633982447e-04,1.2769672031e-04,1.3665012879e+01
2.6021945716e-04,1.2879179820e-04,1.3537823177e+01
2.6061137536e-04,1.3265715857e-04,1.3391741922e+01
-2.2524927363e-04,7.2599407210e-05,3.6721458873e+01
-1.7070909946e-04,8.4958291236e-05,3.5893048939e+01
-2.5034803480e-04,3.9893667278e-05,3.5809846351e+01
3.3149690114e-04,3.9370052711e-05,1.4227065110e+01
-2.9615614095e-04,5.3565533563e-05,3.0219026297e+01
-2.3038295080e-04,4.3886184005e-05,3.8658908689e+01
-2.4728739923e-04,6.3445936678e-05,3.6544272938e+01
-2.8112703099e-04,2.1188764155e-05,2.0753479123e+01
2.6042478673e-04,7.7418230194e-05,1.5228833954e+01
2.6447314116e-04,7.8343982620e-05,1.5113005289e+01
1.0915186675e-04,1.4647776203e-04,1.9282880987e+01
3.0529298053e-04,4.6727322034e-05,1.4939709451e+01
1.8356373800e-04,1.2849398647e-04,1.7503506953e+01
7.6341026565e-05,1.1895063577e-04,2.2814515079e+01
7.6889883273e-05,1.2228016879e-04,2.2410878286e+01
1.3291282898e-04,1.5081299486e-04,1.8808447530e+01
-1.0975541843e-04,6.6644725943e-05,4.0155153804e+01
1.5626491266e-04,1.0371836708e-04,1.7312794394e+01
-9.1213634372e-05,1.0513015468e-04,3.3806409009e+01
1.9043296720e-04,8.1053111827e-05,1.7406262099e+01
1.2558492420e-04,1.4530606626e-04,1.9073565394e+01
1.2297585457e-04,1.5088059975e-04,1.8931339153e+01
1.2643258166e-04,1.5197184651e-04,1.8847417015e+01
-2.1043976455e-04,8.9959065008e-05,3.5693890147e+01
-2.1469732260e-04,8.6267439409e-05,3.5914769159e+01
-2.1937973372e-04,8.4904153121e-05,3.6017233335e+01
-2.2435633754e-04,8.5908837997e-05,3.6017699240e+01
-2.2900195554e-04,8.4644266622e-05,3.6111530449e+01
1.1839633950e-04,1.1768344898e-04,1.9392361409e+01
1.0788297731e-04,1.1443224472e-04,2.0089389476e+01
-6.9107704135e-05,5.2125114866e-05,4.3278742207e+01
8.0578275480e-05,1.0843150671e-04,2.2395146613e+01
4.2042640033e-05,9.6039031290e-05,2.0909553336e+01
7.9153863489e-05,1.4240809698e-04,1.9798024793e+01
9.1030734411e-05,1.1202164495e-04,2.2188212402e+01
3.4270361232e-04,6.8047753646e-05,1.2851572008e+01
-1.6269699300e-04,3.4210072692e-05,4.5391219895e+01
2.7940585896e-04,1.0012570127e-04,1.3904805609e+01
8.7294974405e-05,9.6099460958e-05,2.2466769479e+01
-1.8023639462e-04,9.0055624397e-05,3.5413811012e+01
1.4921995518e-04,3.4101251701e-05,2.1335426183e+01
-1.5295061718e-05,7.4838187041e-06,4.4413517128e+01
1.4722013585e-04,1.3283787011e-04,1.8004032378e+01
5.0724997456e-05,7.7360028939e-06,2.8739956715e+01
-1.9387905926e-04,5.2938369573e-05,4.0097679259e+01
-1.2667270383e-04,9.0202637963e-05,3.5412144393e+01
2.2281096251e-04,1.1486564366e-05,2.0467297463e+01
1.3378582434e-04,1.3187869065e-04,1.8771358338e+01
1.1161976991e-04,1.0030953841e-04,2.1149408656e+01
8.0716739190e-05,1.2694194274e-04,2.0576192132e+01
1.3974134640e-04,8.0565904839e-06,2.2738204483e+01
-1.4863895499e-04,2.9114277609e-05,4.7125514225e+01
-2.2564562088e-04,3.4118189808e-05,4.0341237840e+01
-1.7167422084e-04,1.6538299309e-05,4.8491791361e+01
2.1702116254e-04,4.9464894319e-05,1.7048219846e+01
-2.0787485707e-04,1.5167757124e-05,4.5573799171e+01
3.3541407774e-04,1.7892086760e-05,1.5160661178e+01
-2.3770803408e-04,3.1074893498e-05,3.8761394984e+01
-1.3512659742e-04,9.0625632306e-05,3.5284011598e+01
-2.0250690906e-04,6.3351858424e-05,3.8174958714e+01
-1.2100202202e-04,8.9955094993e-05,3.5518692551e+01
1.8820123072e-04,3.9326951377e-05,1.8607090433e+01
3.2986508981e-04,5.4113045350e-05,1.3780101984e+01
3.2650964628e-04,5.7353770232e-05,1.3803379473e+01
2.1561570064e-04,4.3415356724e-05,1.7474988312e+01
4.1970852000e-05,7.7258072994e-05,2.1478588106e+01
8.0717260187e-05,5.3828425787e-05,2.2378930140e+01
-1.9673416670e-04,3.4866666353e-05,4.3162618948e+01
-1.9390054190e-04,6.2632112309e-05,3.8553072186e+01
1.4616744869e-04,1.0399197594e-04,1.7571005516e+01
2.8275864456e-04,1.4889801849e-05,1.7471634590e+01
-2.1058237876e-04,7.6821809298e-05,3.6554605321e+01
-6.4004678150e-05,4.3623812833e-05,4.4549054256e+01
-7.4295288761e-05,4.3584765567e-05,4.4991661391e+01
-9.4846478366e-05,4.3609617433e-05,4.5246548744e+01
2.9709643501e-04,4.5477919992e-05,1.5173863553e+01
-2.2347504597e-04,5.7340416041e-05,3.7978800177e+01
3.4328428502e-04,4.0815714997e-05,1.3612093161e+01
3.3993490742e-04,4.4193201270e-05,1.3671993357e+01
6.9412028095e-05,3.3527652203e-05,2.2339629312e+01
9.0862362455e-05,3.4995222995e-05,2.2609529337e+01
1.4009462987e-04,4.0346467935e-05,2.1776471472e+01
1.6725207493e-04,4.4273513809e-05,1.9425152852e+01
-2.2576350933e-04,5.3482491009e-05,3.8193532743e+01
3.5086530130e-04,1.5127709781e-05,1.3821861703e+01
3.1218703708e-04,2.2923560135e-05,1.7122953555e+01
3.0595634306e-04,1.2590978515e-05,1.7008653427e+01
3.0893018467e-04,6.1800533466e-06,1.7328258481e+01
-1.3522907788e-04,3.8895337691e-05,4.5479293325e+01
-2.6582078782e-04,7.1472368950e-05,3.6942674210e+01
7.0716707928e-05,1.2287084404e-04,2.2683590911e+01
9.6721252534e-05,1.2642675719e-04,1.9879574413e+01
1.2337168952e-04,1.2868192185e-04,1.9159251970e+01
1.2637265211e-04,1.2643065752e-04,1.9021527244e+01
1.2984297332e-04,1.2749368071e-04,1.8877501934e+01
2.0041667885e-04,5.8503783217e-05,1.7096780273e+01
1.6981856376e-04,1.2718414548e-04,1.7446089053e+01
1.4947842722e-04,8.6442347621e-05,1.8186024152e+01
1.5612930789e-04,8.5084156094e-05,1.7594143428e+01
-2.8194984588e-04,6.3807574455e-06,2.1610246515e+01
-2.8513251142e-04,3.1439892924e-06,1.9553646810e+01
-1.7483667263e-04,2.6102545061e-05,4.6414919011e+01
-1.8949693701e-04,4.8974264848e-05,4.1012789563e+01
-2.7417637680e-04,4.4318394021e-05,3.0281903970e+01
-3.1802044783e-04,2.1489823682e-05,1.7291202158e+01
-1.4076608506e-04,1.0955556945e-04,3.3735743022e+01
2.3861663031e-04,1.4106404918e-04,1.3618342297e+01
1.2350778307e-04,1.5428606508e-04,1.8752808500e+01
3.1768306459e-04,1.0515425265e-04,1.2632999987e+01
1.5272135923e-04,1.5069222329e-04,1.8396368756e+01
1.5322044559e-04,1.5399372519e-04,1.8402606612e+01
1.5916535173e-04,1.4960652989e-04,1.8135628160e+01
-1.6200843916e-04,1.0506209206e-04,3.4267570722e+01
2.9303495002e-04,1.1855651383e-04,1.2982084127e+01
1.6255552093e-04,1.5073239886e-04,1.8053313796e+01
1.6221259555e-04,1.4737394026e-04,1.7843069678e+01
1.6601801902e-04,1.5181790179e-04,1.7978239568e+01
-1.1447009140e-04,1.1422587352e-04,3.3163493765e+01
-3.3789228875e-04,4.0009467354e-05,1.5872518030e+01
-3.1805898822e-04,4.7796476226e-05,1.9288854814e+01
-2.7762896426e-04,6.6134797256e-05,3.6579649912e+01
2.6441663289e-04,1.3364456467e-04,1.3248579963e+01
2.6789587143e-04,1.3082739949e-04,1.3263487407e+01
-2.5205998675e-04,7.6554506515e-05,3.6802684621e+01
-1.1701411619e-04,1.1425344432e-04,3.3209815219e+01
2.0230401042e-04,1.4962016174e-04,1.7514606580e+01
2.0581205013e-04,1.5090925745e-04,1.7487486678e+01
1.7241410093e-04,1.5094871617e-04,1.7512797299e+01
-2.5672221792e-04,7.5764522391e-05,3.6953742180e+01
-2.5925210102e-04,7.6321038427e-05,3.7131161015e+01
-2.9468078450e-04,5.8704999157e-05,3.4594380041e+01
-1.7208930732e-04,1.0411166316e-04,3.4489720077e+01
3.4416638746e-04,8.0244697851e-05,1.2421398339e+01
1.2698121298e-04,1.5541553502e-04,1.8668678689e+01
-1.2681612166e-04,1.1277526104e-04,3.3410793602e+01
6.9949127518e-05,1.5141611699e-04,1.9449729656e+01
1.9892548174e-04,1.5169762063e-04,1.7647354217e+01
-3.0785698518e-04,5.2844982604e-05,2.8030663804e+01
-3.0514169454e-04,5.3928145903e-05,3.0083726582e+01
-3.0149110158e-04,5.7733972300e-05,3.4764263934e+01
-2.3826787392e-04,8.2249257317e-05,3.6312721325e+01
-2.8711977767e-04,6.2785581584e-05,3.6182807422e+01
3.8089038725e-04,8.3951758796e-06,7.0392333970e+00
3.6922916263e-04,8.0726389920e-06,9.4490369922e+00
3.4949900506e-04,7.5516945793e-06,1.4497368430e+01
3.0067762029e-04,6.3203593701e-06,1.7413894802e+01
2.7701658229e-04,5.9555360123e-06,1.9879054049e+01
1.5724093470e-04,3.2181918320e-06,2.2342177843e+01
1.2942466260e-04,3.1643495871e-06,2.2418926072e+01
1.2151158551e-04,3.1637295121e-06,2.2517509575e+01
8.9926880579e-05,3.1599303087e-06,2.3732442711e+01
8.2051281205e-05,3.1527078834e-06,2.4493674500e+01
5.0573996424e-05,3.0984868811e-06,2.9696589182e+01
-2.4775398698e-04,8.0202567283e-05,3.6663828527e+01
1.4982152996e-05,3.0551834113e-06,3.8245985217e+01
7.0695769047e-06,3.0426482056e-06,4.0194868602e+01
-2.8582633244e-05,2.9945122251e-06,4.7631745417e+01
3.5345276017e-04,7.8276334152e-06,1.3545576513e+01
-5.6341570996e-05,2.9695520584e-06,5.1184199201e+01
-6.4274144888e-05,2.9643733866e-06,5.1835478684e+01
-9.6001378492e-05,2.9506036667e-06,5.3132969753e+01
-1.0393128190e-04,2.9485764188e-06,5.3192056509e+01
-1.2771383233e-04,2.9450762103e-06,5.2896706124e+01
-1.6725083271e-04,2.9325026437e-06,5.1137699870e+01
1.9240871635e-04,1.5212302245e-04,1.7426328872e+01
2.6099040438e-04,1.3651960247e-04,1.3224077349e+01
3.0759415660e-04,1.1425138859e-04,1.2651643898e+01
3.0357248140e-04,1.1353420217e-04,1.2823396572e+01
3.0027146079e-04,1.1696966971e-04,1.2802602853e+01
2.9968043524e-04,1.1290751711e-04,1.2977994741e+01
3.8050386177e-04,4.2393520643e-06,5.0990604263e+00
3.8465411148e-04,8.6844324510e-06,6.7596218550e+00
3.2490115680e-04,6.7652373933e-06,1.6986344792e+01
-3.2791738433e-04,4.3187403432e-05,1.7729332874e+01
-3.2384278892e-04,3.9425605306e-05,1.7743345252e+01
3.1687697658e-04,6.4340968638e-06,1.7088770139e+01
-3.1417071500e-04,4.0279684026e-05,1.7575551200e+01
3.0036687777e-04,3.0913152286e-06,1.7682040303e+01
-2.6334675067e-04,4.8631424676e-05,3.3897357381e+01
-3.0071150277e-04,2.5023380585e-05,1.7298023055e+01
2.7651843530e-04,2.9467301635e-06,2.0463138424e+01
2.8103815845e-04,6.0813515396e-06,1.8868016872e+01
2.8490440413e-04,6.2588835703e-06,1.7958742808e+01
-2.6071513654e-04,4.8068434557e-05,3.4296498530e+01
-3.2998015190e-04,4.5292170649e-05,1.7534837530e+01
-2.3678935613e-04,2.5621979838e-05,3.9521612079e+01
-2.1937491485e-04,4.8884510698e-05,3.9151714413e+01
-2.8132246600e-04,3.1103490356e-06,2.2388906390e+01
3.5676404343e-04,4.0950902604e-06,1.2496776985e+01
-1.8324313285e-04,4.8717091895e-05,4.1374559691e+01
-1.8450725267e-04,2.4580931983e-05,4.6067480856e+01
-1.4462800996e-04,5.8331956111e-05,4.0900952432e+01
-1.5691639440e-04,2.5950571614e-05,4.7426490663e+01
-1.2566036003e-04,5.7863937060e-05,4.1578800014e+01
-1.1926633738e-04,5.7740998875e-05,4.1786937037e+01
1.8041857679e-04,1.3074059937e-04,1.7497376173e+01
-1.0872315111e-04,5.2296198512e-05,4.3228309846e+01
-5.4687016399e-05,2.5756918636e-05,4.7042903993e+01
-5.1013166048e-05,2.5777853027e-05,4.6677626339e+01
3.8828981444e-04,4.3393436168e-06,2.9343979626e+00
3.8875037774e-04,9.1681655418e-06,7.4199693756e+00
2.8838607272e-04,3.2753321512e-06,1.7417982328e+01
1.7641567723e-04,1.2609116638e-04,1.7485767506e+01
1.4588646247e-04,1.2282560552e-04,1.7688751737e+01
-3.1200393758e-04,5.3619196956e-05,2.9949512822e+01
-3.2306236772e-04,1.1104714227e-05,1.7390628828e+01
9.9668965605e-05,1.2426647089e-04,1.9882115448e+01
-3.8691589453e-05,3.0670192229e-05,4.4301225951e+01
-2.0768703008e-05,3.0903472838e-05,4.1123207026e+01
-6.5335235811e-06,3.1164719429e-05,3.7757274675e+01
-2.5423471794e-04,1.2474889206e-05,3.6049122151e+01
-2.4694932992e-04,1.2361358281e-05,3.8475596076e+01
6.0936113938e-05,1.1872004974e-04,2.1529241203e+01
-7.9185469380e-05,9.4856610783e-05,3.5810999032e+01
1.2601100841e-04,1.0445301057e-04,1.9411520292e+01
1.1008604587e-04,9.3930477931e-05,2.2021323909e+01
1.3236752389e-04,3.9340267844e-05,2.2546639075e+01
9.5563215756e-05,8.9947323849e-05,2.2614458171e+01
1.9053674593e-04,4.8036925818e-05,1.7924386625e+01
7.7939222062e-05,8.5364946431e-05,2.2205645823e+01
2.8861411031e-04,1.1365992821e-04,1.3290027688e+01
2.7260886173e-04,1.0590154868e-04,1.3906272821e+01
2.7311226611e-04,1.0975601888e-04,1.3792146806e+01
5.0474982360e-05,1.4560343982e-04,2.0595340696e+01
5.0619144269e-05,1.4231957911e-04,2.0169843167e+01
4.7194302104e-05,1.4757145045e-04,2.0624814404e+01
2.6816127313e-04,1.0107670308e-04,1.4142713583e+01
2.6028153374e-04,9.9075016661e-05,1.4426789986e+01
-1.0891789255e-05,2.6188677689e-05,3.9850513814e+01
2.5572742892e-04,9.4257581453e-05,1.4760888261e+01
1.0744533348e-05,2.6562676907e-05,3.4153005111e+01
-1.4819865108e-04,7.3747113302e-06,5.1425068765e+01
-1.4039889761e-04,7.3699394855e-06,5.1744129222e+01
-1.1306634443e-04,7.3609199594e-06,5.2405481671e+01
-1.0524906239e-04,7.3606770730e-06,5.2445569792e+01
-8.1781813291e-05,7.3676573576e-06,5.2047382901e+01
-7.3955814192e-05,7.3730477318e-06,5.1704824434e+01
-5.0482924331e-05,7.4014337775e-06,4.9873193609e+01
5.0584179753e-05,1.3207016853e-04,2.0349649217e+01
-4.2657981016e-05,7.4152175576e-06,4.8955257009e+01
4.2082453711e-05,1.2717897512e-04,1.7694791746e+01
-3.4883885320e-04,5.6156193167e-06,1.9312714321e+01
-2.3794918603e-04,7.7488836935e-05,3.6460697413e+01
1.1979122847e-05,7.5806069838e-06,3.8116492467e+01
1.9758845047e-05,7.6117818413e-06,3.6149443267e+01
1.1439314262e-04,3.0515426574e-05,2.2862600820e+01
2.6180466249e-04,8.4908855809e-05,1.4912421367e+01
3.8118231550e-04,1.2679156349e-05,8.6976585214e+00
1.2202627428e-04,3.1195282759e-05,2.2920791531e+01
3.4882983391e-04,3.7056404789e-06,1.5049218870e+01
7.7693984522e-05,7.8204066174e-06,2.4308295159e+01
8.5386296281e-05,7.8363183512e-06,2.3571969003e+01
2.3422109208e-04,1.3217501336e-04,1.4186363098e+01
1.0850904035e-04,7.8517267014e-06,2.2797920467e+01
3.5640304185e-04,6.3080135510e-05,1.2340721778e+01
1.5701190414e-04,3.5056387346e-05,2.0684146327e+01
-2.1539170755e-04,5.8512788792e-05,3.8267761346e+01
3.5293759304e-04,6.2203464235e-05,1.2538413638e+01
-1.4051417681e-04,6.7478192046e-05,3.9145238114e+01
2.8256778190e-04,7.1457201688e-05,1.4705814432e+01
3.6593497652e-04,4.8442779901e-05,1.2141868500e+01
3.3603626793e-04,4.3674987792e-05,1.3868387006e+01
-1.1294599941e-04,7.6065090099e-05,3.8163274195e+01
2.1809044471e-04,9.4838882744e-05,1.7170061225e+01
3.3658119876e-04,4.7534388638e-05,1.3716888976e+01
3.4359700796e-05,1.0814990895e-04,1.9930149242e+01
2.9493754401e-05,1.0883262438e-04,1.9750565597e+01
3.3668158322e-05,4.8709521513e-05,2.1862646620e+01
-2.5574564741e-04,4.4881659058e-05,3.4918426064e+01
-3.0072723433e-04,5.3590561801e-05,2.9797125482e+01
1.9910769669e-04,8.9721454339e-05,1.7375815711e+01
1.9651004549e-04,9.5652533766e-05,1.7383130065e+01
1.9706215821e-04,9.9148951564e-05,1.7373982940e+01
-2.8145569511e-04,5.7072951835e-05,3.3658134011e+01
-2.8254346722e-04,6.3065459122e-05,3.5937051344e+01
2.6369361551e-04,1.2599960837e-04,1.3543956173e+01
-2.2874601665e-04,8.2294153275e-05,3.6198489373e+01
-1.3081214161e-04,7.6636162013e-05,3.7617457574e+01
2.1169217863e-04,4.2831653407e-05,1.7604234263e+01
-1.4354946899e-04,6.7589807965e-05,3.9044905997e+01
-1.8813386231e-04,9.9842044768e-05,3.4935087970e+01
3.6239274196e-04,4.7745900777e-05,1.2365256284e+01
3.6651891074e-04,5.3128446708e-05,1.2021258713e+01
-1.4353395396e-04,8.5073066208e-05,3.6007620269e+01
2.0697220764e-04,1.0542711584e-05,2.0766196336e+01
3.5257489188e-04,5.8063432075e-05,1.2666360488e+01
3.0555118229e-04,9.8731490491e-05,1.3266500929e+01
2.1488305754e-04,1.1002780143e-05,2.0599553551e+01
-2.7248544309e-04,3.9224153584e-05,2.9385238833e+01
7.2742479960e-05,1.4308419080e-04,1.9901978917e+01
-3.7423072535e-04,3.8022960335e-06,1.4386981349e+01
-3.6832409187e-04,7.2815391525e-06,1.5054771669e+01
-3.6239307449e-04,1.0493754165e-05,1.6045702592e+01
-3.5843050151e-04,9.9392593713e-06,1.7230097359e+01
-3.6028703722e-04,6.6302706676e-06,1.7513637925e+01
1.9852067189e-04,8.6280793111e-05,1.7386434205e+01
3.3546339376e-04,3.9849539231e-05,1.4030185368e+01
-3.8278479885e-04,9.2706052909e-06,8.2450490828e+00
3.6272498380e-04,5.6368786265e-05,1.2168479747e+01
1.0698961537e-04,1.5503409762e-04,1.8794872763e+01
1.1195894736e-04,1.1881793975e-04,1.9639748853e+01
3.3373986479e-04,5.4728972348e-05,1.3610540584e+01
1.1358181510e-04,5.9015874810e-05,2.2804947836e+01
-1.0439687187e-04,1.0964365688e-04,3.3244215201e+01
-1.0393047560e-04,1.1380339611e-04,3.3011546959e+01
-1.0126828720e-04,1.1370691014e-04,3.2984794038e+01
-1.0087900758e-04,1.1799167361e-04,3.2917476195e+01
3.0457839199e-04,9.0911121801e-05,1.3524521545e+01
3.0793984255e-04,8.7857796321e-05,1.3514392697e+01
-3.0530213018e-04,2.0969137871e-05,1.7292447693e+01
-2.8587786896e-04,3.8070926541e-05,2.1794854919e+01
-9.9407662454e-05,1.0534420816e-04,3.3667603676e+01
2.0079549097e-04,1.0022081808e-04,1.7339311605e+01
1.9760070110e-04,1.0266849255e-04,1.7366360478e+01
2.3472492934e-04,1.2263636359e-05,2.0311578943e+01
1.9863712463e-04,1.4430212454e-04,1.7543106680e+01
1.9417170182e-04,8.1957050085e-05,1.7404858334e+01
3.2412764727e-04,9.9235624494e-05,1.2605113452e+01
-1.8555833591e-04,9.0666109605e-05,3.5404667459e+01
3.3607471404e-04,7.4559691816e-05,1.2938091172e+01
6.3512219625e-05,1.5192166930e-04,1.9486663725e+01
6.0083245514e-05,1.5069035016e-04,1.9701262501e+01
5.6726013517e-05,1.4911573496e-04,1.9971780947e+01
5.2946009624e-05,1.5117352129e-04,1.9730907090e+01
-1.4883929102e-04,1.0390609163e-04,3.4090503051e+01
9.6508460223e-05,1.5556005313e-04,1.8808141015e+01
-3.6137748391e-04,2.4156807888e-05,1.1652399218e+01
-3.5558150485e-04,2.7092284964e-05,1.2358685257e+01
-3.5808018289e-04,2.8449869197e-05,1.1573553542e+01
-3.5240913890e-04,3.1195551527e-05,1.2306103681e+01
-3.6454767164e-04,2.5157606764e-05,1.0849834889e+01
-3.4984855857e-04,2.9760239689e-05,1.3317896236e+01
-3.4676539766e-04,3.3853126651e-05,1.3213405295e+01
-3.4992690285e-04,3.4997545791e-05,1.2217068957e+01
-3.4387319251e-04,3.8301797296e-05,1.2922075339e+01
-3.7656500791e-04,1.2806396150e-05,1.0020153088e+01
-3.6738669982e-04,2.0662130183e-05,1.1037982834e+01
1.4016061662e-04,6.3988601036e-05,2.0577964434e+01
2.9550848591e-04,3.8237156789e-05,1.7122528819e+01
2.9884262912e-04,3.5223182362e-05,1.7121114087e+01
-1.6658145064e-04,1.0345094100e-04,3.4408601228e+01
2.4270748346e-04,1.2799827489e-05,2.0237468956e+01
3.2259965744e-04,5.6717375437e-05,1.3961345362e+01
3.2315473079e-04,6.0564758120e-05,1.3823006760e+01
3.2703809752e-04,6.1232144844e-05,1.3667257882e+01
1.3059810798e-04,1.5632834415e-04,1.8594329921e+01
1.9441634109e-04,1.0509453067e-04,1.7393045972e+01
-7.2010377076e-05,1.0901049792e-04,3.3815310171e+01
-1.8541622393e-04,9.9228606873e-05,3.4909694914e+01
-2.6561221023e-04,2.1665783635e-05,3.0581228683e+01
3.0121140436e-04,9.3944094891e-05,1.3532878898e+01
2.2340438788e-04,8.2513673498e-05,1.7197760808e+01
2.1953885147e-04,8.1567810853e-05,1.7243015110e+01
2.2015499128e-04,8.5100593512e-05,1.7211178782e+01
2.1630498062e-04,8.4133976628e-05,1.7256101035e+01
2.1569265701e-04,8.0635325341e-05,1.7284245774e+01
3.4044176869e-04,4.8095106691e-05,1.3527147918e+01
-2.7668609273e-04,5.7692377781e-05,3.4182816902e+01
-1.4894259697e-04,4.9457186010e-05,4.2658840228e+01
3.8138277627e-04,2.1521682102e-05,1.0607831640e+01
3.8148288552e-04,2.6076360534e-05,1.1001213044e+01
3.7842766274e-04,2.9629948803e-05,1.1319048732e+01
3.8492607998e-04,1.8199559168e-05,1.0094669398e+01
3.7506612902e-04,2.9027864572e-05,1.1499017688e+01
3.7524222037e-04,3.3300727273e-05,1.1609884398e+01
3.7182066296e-04,3.2730921917e-05,1.1822718931e+01
3.7571807578e-04,3.7732941132e-05,1.1620546225e+01
3.7234222766e-04,4.1325356586e-05,1.1828457165e+01
4.5721543903e-05,9.9589504627e-05,2.0882691046e+01
-2.4338600783e-04,2.5900283514e-05,3.8033234925e+01
2.3055932653e-04,8.0846571979e-05,1.7138120488e+01
3.2944145286e-04,8.0969184947e-05,1.3003679539e+01
-2.0644510545e-04,4.4208464256e-05,4.0790049096e+01
3.0551878725e-04,2.9122533355e-05,1.7119506900e+01
-1.2554252335e-04,1.0439946333e-04,3.3775616918e+01
-2.7306806378e-04,6.6714063611e-05,3.6474961257e+01
-2.7192721741e-04,7.1993701850e-05,3.7452170947e+01
-2.6422031984e-04,6.3328263434e-05,3.5892921443e+01
-2.5957382477e-04,6.1877551785e-05,3.5920486903e+01
-2.5884570627e-04,3.8943912630e-05,3.3791945213e+01
-2.7814169412e-04,2.0836758250e-05,2.3040401770e+01
7.2960635625e-05,1.1762147015e-04,2.2220779949e+01
5.4556253681e-05,8.9619883750e-05,2.1475468269e+01
3.3018799031e-04,3.1885304960e-05,1.4612625676e+01
3.1990201215e-04,9.4353574951e-05,1.2931035649e+01
-2.4747893141e-04,3.9563479100e-05,3.6380022118e+01
-9.8991649656e-05,9.5195253744e-05,3.5100577381e+01
-2.0258812865e-04,7.5759364115e-05,3.6726362321e+01
-2.9019420749e-04,5.8820434859e-05,3.4366874058e+01
3.4610145605e-04,3.3518832273e-05,1.3677259095e+01
-2.9974873448e-04,3.5501313812e-05,1.7455705102e+01
2.2252188316e-04,9.9559883745e-05,1.7089270586e+01
2.3383374865e-04,7.8203443321e-05,1.7129287357e+01
-1.3519966176e-04,5.8079603980e-05,4.1247017564e+01
-3.0986473050e-04,2.4962901367e-05,1.7375813994e+01
2.6709578719e-04,7.1785401706e-05,1.5062183083e+01
2.6781302185e-04,7.5513284348e-05,1.5107862295e+01
2.7185012961e-04,7.6401393672e-05,1.4849823818e+01
1.3188613685e-04,1.1861491021e-04,1.8672479852e+01
1.3238817583e-04,1.2192178808e-04,1.8666548304e+01
3.4065623413e-04,8.3495734899e-05,1.2471161398e+01
3.4834860085e-04,8.1279070359e-05,1.2200141039e+01
3.4782261954e-04,7.6939802965e-05,1.2359335873e+01
-3.1485535160e-04,4.8532622497e-05,1.8115041490e+01
1.3249097834e-04,1.4747186064e-04,1.8896746762e+01
-2.9590405526e-04,2.1411927166e-05,1.7253207290e+01
1.0874521218e-04,1.4315512591e-04,1.9405614290e+01
2.8400368647e-04,4.0073171803e-05,1.7080616053e+01
2.4106013266e-04,7.6449461058e-05,1.7065956767e+01
2.5592924299e-04,1.2383342878e-04,1.3791687236e+01
2.5204381304e-04,1.2272088902e-04,1.3919694049e+01
2.5160067929e-04,1.1886720533e-04,1.4053929319e+01
2.4815323941e-04,1.2158766416e-04,1.4066397169e+01
-2.8641987949e-04,3.5806069887e-05,1.9904634387e+01
3.4079582962e-04,3.4706871598e-06,1.6611559701e+01
3.3753917747e-04,6.9192012105e-06,1.6419306438e+01
3.3324027267e-04,6.8629982762e-06,1.7172419373e+01
3.3239805762e-04,3.4947689071e-06,1.6916962432e+01
3.3804329781e-04,1.0712583461e-05,1.5444156582e+01
3.4152254824e-04,7.1314140049e-06,1.5629730044e+01
3.3085344824e-04,9.3077095235e-05,1.2557554674e+01
3.3461248798e-04,9.0500790383e-05,1.2492950221e+01
-3.6212061416e-04,3.3432077491e-06,2.0339283678e+01
-3.5640666747e-04,6.3344004723e-06,1.8445317915e+01
2.9588926992e-04,1.1165087030e-04,1.3142885922e+01
2.9728266765e-04,6.7076640900e-05,1.4419707102e+01
3.1588260356e-04,6.3061128265e-05,1.3986784122e+01
3.1252417596e-04,6.6193753004e-05,1.3996344949e+01
3.1644086718e-04,6.6905242832e-05,1.3853947821e+01
3.1308385949e-04,7.0036529514e-05,1.3865882513e+01
3.1697866646e-04,7.0772063972e-05,1.3724982350e+01
3.0858387452e-04,6.5481108602e-05,1.4137468774e+01
3.0864305299e-04,4.3637039395e-05,1.4952431868e+01
2.7870521791e-04,1.2617744309e-04,1.3131959498e+01
2.8199503054e-04,1.2753837338e-04,1.2975031251e+01
2.7142563476e-04,1.2806629130e-04,1.3270578270e+01
2.7186698715e-04,1.3197369016e-04,1.3100193696e+01
2.6755493173e-04,1.2703437850e-04,1.3412429854e+01
2.6327026195e-04,1.2213218979e-04,1.3672196925e+01
3.4825115450e-04,2.2411709667e-05,1.3872938813e+01
-1.5250377625e-04,1.0001086020e-04,3.4377287087e+01
1.7999836210e-04,1.2728155697e-04,1.7495440807e+01
-2.3397787342e-04,5.2364100186e-05,3.7656034832e+01
6.3187766167e-05,1.4548412585e-04,2.0041446243e+01
2.2078858431e-04,1.1320988539e-04,1.7058335540e+01
2.1362116252e-04,1.1449677790e-04,1.7154504021e+01
2.1408199937e-04,1.1818777815e-04,1.7139429195e+01
2.1030220044e-04,1.1695149053e-04,1.7204076319e+01
2.0699406593e-04,1.1937321090e-04,1.7259231321e+01
2.0741327181e-04,1.2302792401e-04,1.7259875363e+01
2.0369841231e-04,1.2176138090e-04,1.7317644764e+01
2.1115380084e-04,1.2431262360e-04,1.7191606191e+01
2.0327072441e-04,1.1813771760e-04,1.7312843245e+01
2.0983750642e-04,1.1329092817e-04,1.7212906350e+01
2.2127180957e-04,1.1694458879e-04,1.7016940763e+01
2.1832404385e-04,1.2317425604e-04,1.7057638317e+01
2.2560624065e-04,1.2196243088e-04,1.7030172395e+01
2.1872820484e-04,1.2692646577e-04,1.6997584014e+01
2.2951830192e-04,1.2323120712e-04,1.5415434301e+01
2.2905265995e-04,1.1942391625e-04,1.6227857941e+01
2.2995124101e-04,1.2705152972e-04,1.4647698543e+01
2.0281693258e-04,1.1452451845e-04,1.7312138188e+01
2.8618793376e-04,1.2495632362e-04,1.2948822599e+01
1.3552143962e-04,1.4521510552e-04,1.8852546304e+01
1.2175929526e-04,1.0019495230e-04,2.0092004305e+01
-1.4068569984e-04,8.4917098736e-05,3.6057874077e+01
2.5234164457e-04,7.5557262594e-05,1.7026291165e+01
-3.1957734591e-04,1.8284662457e-06,1.7297062287e+01
3.2042570063e-04,3.2444973283e-06,1.7381263568e+01
3.1294292791e-04,6.1996976619e-06,1.7193607910e+01
3.2090933625e-04,6.5889994860e-06,1.7016588370e+01
-2.5203551866e-04,7.1771682718e-05,3.6652970235e+01
2.7523600569e-04,3.5701047652e-05,1.7192062663e+01
2.7592542627e-04,3.9012383965e-05,1.7165834013e+01
2.7192622555e-04,3.8514876800e-05,1.7200409874e+01
2.4969494550e-04,1.3702629564e-04,1.3505946104e+01
2.4607048275e-04,1.3963189211e-04,1.3493672872e+01
2.4224520031e-04,1.3849591560e-04,1.3630812055e+01
2.4223316297e-04,1.4203421132e-04,1.3488833611e+01
2.5708728031e-04,1.3540346134e-04,1.3378808955e+01
2.1995861469e-04,1.4208946057e-04,1.6911877631e+01
2.1637876458e-04,1.4440989264e-04,1.7110685056e+01
2.1282197431e-04,1.4664981930e-04,1.7193646180e+01
2.1256276441e-04,1.5044586379e-04,1.7313006746e+01
2.0900470745e-04,1.4142313524e-04,1.7311303837e+01
2.2015803387e-04,1.4580951251e-04,1.6611339916e+01
2.2432897053e-04,1.4782427471e-04,1.4267339854e+01
2.2760562161e-04,1.4495235097e-04,1.3831200575e+01
-1.7528089639e-04,4.4816975820e-05,4.2534654582e+01
2.3249673703e-04,1.1685402667e-04,1.5376118563e+01
2.4628705040e-04,2.7073301775e-05,1.8465260228e+01
2.4698614288e-04,3.0018536605e-05,1.8034167825e+01
2.4299791714e-04,2.9612235523e-05,1.8229754487e+01
2.5096040652e-04,3.0404377467e-05,1.7818827080e+01
2.4227894497e-04,2.6677290913e-05,1.8591408276e+01
2.3900034537e-04,2.9188162803e-05,1.8349214846e+01
2.3827231523e-04,2.6268605902e-05,1.8650000713e+01
2.3174648316e-04,3.1223185520e-05,1.8226625894e+01
2.5491830733e-04,3.0770024791e-05,1.7610167958e+01
3.4091764876e-04,2.5569538838e-05,1.4325042626e+01
-2.0234748632e-04,2.4800284631e-05,4.4520687802e+01
-2.1493016742e-04,2.1684406068e-05,4.3635897223e+01
1.6645717379e-04,8.4589627375e-05,1.7215611880e+01
-2.3342580698e-04,8.1053572156e-05,3.6285976280e+01
-3.3633996685e-04,2.0210560847e-05,1.7244235720e+01
-1.8947875219e-04,7.6400972956e-05,3.6792172836e+01
1.5173018145e-04,8.0986853900e-05,1.8377558237e+01
1.8882531816e-04,1.5044920528e-04,1.7445152644e+01
2.4993400587e-04,1.4139124708e-04,1.3315478326e+01
2.5417734362e-04,1.4200835091e-04,1.3162676987e+01
-2.0591122109e-04,1.2035529482e-05,4.6304956455e+01
-1.9777764779e-04,1.6677906208e-05,4.6408793143e+01
1.7518290230e-04,1.4538561695e-04,1.7261393819e+01
1.7883725191e-04,1.4998223587e-04,1.7085024355e+01
1.7579071728e-04,1.5219448261e-04,1.7387041458e+01
2.2159795748e-04,2.1801873927e-05,1.9197893582e+01
2.1512144972e-04,2.6514294917e-05,1.8821021659e+01
2.1116668910e-04,2.6070154531e-05,1.8933086677e+01
2.1908298924e-04,2.6961760913e-05,1.8725895696e+01
2.1586099934e-04,2.9331218247e-05,1.8558535613e+01
2.0721707586e-04,2.5630682908e-05,1.9049909201e+01
2.0327428058e-04,2.5196804704e-05,1.9180423242e+01
2.2629522358e-04,2.5007105542e-05,1.8831486975e+01
2.2379025908e-04,3.0280632683e-05,1.8380600655e+01
2.3027903663e-04,2.5430658046e-05,1.8761951096e+01
1.6744552870e-04,5.8102921654e-05,1.8595357482e+01
1.6361691279e-04,5.7377818086e-05,1.8924433340e+01
-1.6317705004e-04,8.6387754021e-05,3.5736891545e+01
2.0228320091e-04,8.7244505062e-05,1.7360290221e+01
-2.0970266089e-04,5.7967503654e-05,3.8598423141e+01
-1.8923034486e-04,1.5070279222e-05,4.7468416765e+01
-1.0462148587e-04,9.5354969146e-05,3.4953351061e+01
1.4445028418e-04,5.3906160497e-05,2.0694908884e+01
1.4828733002e-04,5.4577354465e-05,2.0317498973e+01
1.5513385956e-04,5.3067148313e-05,1.9823736516e+01
3.3267647717e-04,4.6984613126e-05,1.3900247669e+01
1.2640605760e-04,7.7846325082e-05,2.1259795054e+01
1.2267084459e-04,7.6980077653e-05,2.1727651485e+01
1.2351975038e-04,8.0011087592e-05,2.1450827364e+01
1.1893511159e-04,7.6124726228e-05,2.2201401479e+01
1.1234671014e-04,7.7391769070e-05,2.2913142148e+01
1.0862591244e-04,7.6542196240e-05,2.2768276436e+01
1.0492753227e-04,7.5711048335e-05,2.2724813214e+01
1.0404516691e-04,7.2840250173e-05,2.2697618437e+01
1.0037617814e-04,7.2063220326e-05,2.2641833721e+01
9.6733999711e-05,7.1305745426e-05,2.2584369251e+01
9.0402777165e-05,7.2577630661e-05,2.2477684259e+01
8.6841382969e-05,7.1842710871e-05,2.2413285043e+01
8.3308498645e-05,7.1127529890e-05,2.2349722510e+01
8.2443437347e-05,6.8466097188e-05,2.2340941355e+01
7.8941170654e-05,6.7805105167e-05,2.2279465625e+01
7.2021377608e-05,6.6543131377e-05,2.2158746660e+01
6.8603978506e-05,6.5941361303e-05,2.2101480030e+01
6.2712388897e-05,6.7261589941e-05,2.1983524303e+01
5.9379535148e-05,6.6685949797e-05,2.1930701270e+01
5.6073178868e-05,6.6132794128e-05,2.1884767305e+01
5.5208543105e-05,6.3736904378e-05,2.1903276490e+01
5.1925849945e-05,6.3236803969e-05,2.1864861235e+01
4.5436154800e-05,6.2296163487e-05,2.1802980527e+01
4.2227246446e-05,6.1856808145e-05,2.1780500773e+01
3.6766700488e-05,6.3251229756e-05,2.1717150089e+01
3.3629328944e-05,6.2845629109e-05,2.1708831128e+01
2.7418622678e-05,6.2087983424e-05,2.1700114164e+01
2.4340897324e-05,6.1743077725e-05,2.1705213293e+01
1.1234794739e-05,5.8545203521e-05,2.5049210624e+01
8.1672622210e-06,5.8305096606e-05,2.6508857074e+01
1.9697812011e-06,5.7856854535e-05,2.9330448817e+01
-1.1571968501e-06,5.7649017900e-05,3.0642230870e+01
-7.4608399091e-06,5.7267176915e-05,3.3041127396e+01
-1.0634827828e-05,5.7093013071e-05,3.4122249186e+01
-1.5779065968e-05,5.8647769045e-05,3.5487485510e+01
-1.8962224716e-05,5.8495346941e-05,3.6367104344e+01
-2.5358703028e-05,5.8225063020e-05,3.7896886403e+01
-2.8569834688e-05,5.8105570486e-05,3.8554264373e+01
-3.1788740124e-05,5.7998891184e-05,3.9144698757e+01
-3.8244469528e-05,5.7808394579e-05,4.0141900523e+01
-4.1480581187e-05,5.7730348276e-05,4.0555920678e+01
1.2725033740e-04,8.0914735504e-05,2.0986869945e+01
-4.7964292887e-05,5.7593734420e-05,4.1235480508e+01
-3.7830970373e-05,5.4284213454e-05,4.0514250557e+01
1.9435888102e-05,5.7293800178e-05,2.1614321982e+01
2.8707855108e-05,5.8172913452e-05,2.1779961191e+01
1.1431380965e-04,7.2351608641e-05,2.2933024248e+01
9.5855816534e-05,6.8546490060e-05,2.2570494467e+01
6.7738673316e-05,6.3451859394e-05,2.2107473245e+01
5.0401135337e-05,6.7464531401e-05,2.1782198405e+01
9.4858928659e-05,7.6149235630e-05,2.2557823300e+01
1.1321714507e-04,8.0383108688e-05,2.2713782299e+01
-5.1211243016e-05,5.7541354052e-05,4.1507544822e+01
8.5104129187e-05,6.6490812805e-05,2.2394834366e+01
1.3304932564e-04,7.6533704345e-05,2.0620963399e+01
1.3680875689e-04,7.7405571229e-05,2.0175068012e+01
1.3590597814e-04,4.9859788286e-05,2.1705460596e+01
1.3675995948e-04,5.2599208176e-05,2.1486340210e+01
1.9073691105e-04,2.1361689192e-05,1.9933189939e+01
1.8828564665e-04,2.6136963710e-05,1.9582258041e+01
1.8287358689e-04,2.0632554408e-05,2.0315712003e+01
1.8043650270e-04,2.5293733501e-05,1.9997899794e+01
1.7651221340e-04,2.4886746244e-05,2.0223490370e+01
1.9467062899e-04,2.1739892028e-05,1.9757984486e+01
1.9933509375e-04,2.4769611783e-05,1.9329117892e+01
2.0182984501e-04,1.9901209811e-05,1.9747036290e+01
2.0577343516e-04,2.0268734395e-05,1.9606650736e+01
2.8783339264e-04,7.9839441745e-05,1.4269771293e+01
-2.0155410461e-04,9.5000831576e-05,3.5351993274e+01
2.3844926154e-04,4.3642998774e-05,1.7082238698e+01
2.4298295601e-04,4.7263370904e-05,1.7255168602e+01
2.3581001182e-04,4.9288535495e-05,1.7245393596e+01
2.3644507888e-04,5.2465514322e-05,1.7288583706e+01
2.4035000577e-04,5.3092928933e-05,1.7287816720e+01
2.3255124276e-04,5.1852018040e-05,1.7269900171e+01
2.3191632170e-04,4.8719511524e-05,1.7204992288e+01
2.4492790091e-04,5.7078841970e-05,1.7243213137e+01
2.4165771311e-04,5.9748653607e-05,1.7243342279e+01
2.2802586657e-04,4.8156697592e-05,1.7132992353e+01
2.4626361633e-04,4.4650344707e-05,1.7234875827e+01
2.4689701444e-04,4.7822993700e-05,1.7271242560e+01
2.5018061739e-04,4.5173459403e-05,1.7257497961e+01
1.1761706615e-04,4.9585398409e-05,2.2842126686e+01
1.2143242561e-04,5.0158403973e-05,2.2964295695e+01
1.2821669614e-04,4.8670131193e-05,2.2532079480e+01
2.0344078269e-04,9.4220655454e-05,1.7328805971e+01
1.1004496253e-04,4.8488802031e-05,2.2769669315e+01
2.0935031035e-04,1.0964577100e-04,1.7224222359e+01
1.6639650008e-04,1.6991254876e-05,2.1461825192e+01
1.5611207128e-04,2.0679638182e-05,2.1750609359e+01
1.6397266848e-04,2.1325676584e-05,2.1215039522e+01
1.5218014102e-04,2.0376702445e-05,2.2015718468e+01
1.4825189640e-04,2.0088068875e-05,2.2274924355e+01
1.6790139021e-04,2.1666960420e-05,2.0954110519e+01
1.7107816437e-04,1.9612851357e-05,2.0971759420e+01
1.7501124878e-04,1.9942273094e-05,2.0742903623e+01
1.7427332978e-04,1.7567360058e-05,2.1009603246e+01
-2.2983634627e-04,3.9965495525e-05,3.9107897360e+01
-1.4487319533e-04,2.4265498423e-05,4.8305580877e+01
-1.3894458526e-04,2.5825461219e-05,4.8199078941e+01
-1.3531675872e-04,2.5806357266e-05,4.8325815597e+01
-1.3168237310e-04,2.5788237393e-05,4.8442697801e+01
-1.2727928779e-04,2.8965370274e-05,4.7891053896e+01
2.0936199407e-04,6.6303422180e-05,1.7344199341e+01
2.0618012948e-04,6.8786075572e-05,1.7355695449e+01
2.1255504201e-04,6.3812214100e-05,1.7331746649e+01
-1.5298227344e-04,1.6472669027e-05,4.9529940268e+01
-1.5674040915e-04,1.6483005856e-05,4.9346105874e+01
-1.4922154136e-04,1.6460255950e-05,4.9702665178e+01
-1.6292604186e-04,1.4964437066e-05,4.9309435838e+01
-1.3449232786e-04,1.1316065868e-04,3.3564207780e+01
-1.2190490118e-04,7.6325479865e-05,3.7881704605e+01
-1.2784973402e-04,7.6527317824e-05,3.7703284527e+01
-1.2166696774e-04,8.6021228129e-05,3.6141408677e+01
-1.1815763174e-04,8.9841405360e-05,3.5578680331e+01
-1.4023357127e-04,1.4905382456e-05,5.0364533113e+01
-1.3414730736e-04,1.6422879694e-05,5.0276456628e+01
-1.3037183595e-04,1.6415153792e-05,5.0389961582e+01
-1.4545732529e-04,1.6449403656e-05,4.9863707326e+01
2.3383048472e-04,5.8324261207e-05,1.7298064922e+01
2.3773620971e-04,5.9028541451e-05,1.7275678834e+01
2.3447964160e-04,6.1658018869e-05,1.7277717594e+01
-1.2659237946e-04,2.4183029318e-05,4.8919670200e+01
-1.2075415181e-04,2.5742941902e-05,4.8728413268e+01
-1.1710472043e-04,2.5729819748e-05,4.8800223596e+01
-2.3014812090e-04,7.1261957909e-05,3.6738088215e+01
-1.1011312234e-04,8.5622992748e-05,3.6450250608e+01
9.9185459956e-05,9.0927697199e-05,2.2674916842e+01
-1.2281389831e-04,1.6402170416e-05,5.0578182433e+01
-1.1903198644e-04,1.6396303502e-05,5.0651830212e+01
-1.2659402062e-04,1.6408003488e-05,5.0490764315e+01
1.3571639192e-04,1.7241105705e-05,2.2910595244e+01
1.3182156484e-04,1.7056582788e-05,2.2957593213e+01
1.3649422452e-04,1.9319502497e-05,2.2885298874e+01
1.2563615006e-04,2.0748294437e-05,2.2976662224e+01
1.3962557111e-04,1.7442615196e-05,2.2797315985e+01
1.4040506459e-04,1.9558627646e-05,2.2715718843e+01
1.4354460675e-04,1.7661111644e-05,2.2627532793e+01
1.4432539773e-04,1.9815030331e-05,2.2510958374e+01
1.5063734873e-04,1.5993051742e-05,2.2363055485e+01
-1.0430687560e-04,8.5461291852e-05,3.6627747002e+01
1.3100946865e-04,8.1858973795e-05,2.0514665790e+01
1.8782545628e-04,1.3671762341e-04,1.7528254399e+01
5.1629969803e-05,1.1481449373e-04,2.0641703129e+01
5.4173038594e-05,1.1307042437e-04,2.0936805947e+01
5.5128537177e-05,1.1914435468e-04,2.0953263283e+01
-1.0979639151e-04,2.5708816627e-05,4.8903733805e+01
-1.1345190651e-04,2.5718625777e-05,4.8858918793e+01
1.2330982157e-04,1.4835636909e-05,2.2996853349e+01
1.1639354894e-04,1.6476741680e-05,2.2932879203e+01
1.1257466472e-04,1.6367700264e-05,2.2911449288e+01
1.1413753260e-04,2.0180852697e-05,2.2869028092e+01
1.1794648576e-04,2.0353059749e-05,2.2907280931e+01
1.0877021428e-04,1.6271719847e-05,2.2897917884e+01
1.6584854517e-04,1.0009145373e-04,1.7417636218e+01
1.6640787071e-04,1.0344012047e-04,1.7435790510e+01
1.6999438395e-04,1.0447504870e-04,1.7453770123e+01
1.7249398329e-04,9.8756388730e-05,1.7448243062e+01
1.7052909751e-04,1.0786224141e-04,1.7463283435e+01
1.6747907371e-04,1.1018557445e-04,1.7452835144e+01
1.7411682733e-04,1.0893336080e-04,1.7470360663e+01
1.7666489722e-04,1.0317277974e-04,1.7463993010e+01
1.6338309800e-04,1.0576372288e-04,1.7418870888e+01
-1.0767370021e-04,1.6383726945e-05,5.0781308282e+01
-1.0388448506e-04,1.6380723293e-05,5.0790954148e+01
-1.0009341299e-04,1.6378618934e-05,5.0781991812e+01
-1.1363202934e-04,1.4866086479e-05,5.1024132318e+01
-9.5150137379e-05,2.5682264668e-05,4.8923998344e+01
-9.1483649689e-05,2.5679339276e-05,4.8883285560e+01
-9.1134146382e-05,2.8847923231e-05,4.8246310879e+01
-8.7815484491e-05,2.5677570257e-05,4.8821641069e+01
-9.8814989836e-05,2.5686442420e-05,4.8945176210e+01
1.4848714096e-04,1.4287774223e-04,1.8376221016e+01
-9.2507392564e-05,1.6377372126e-05,5.0703254354e+01
-9.6301007135e-05,1.6377260357e-05,5.0753237828e+01
-8.6949342759e-05,1.4858289009e-05,5.0871641392e+01
-2.3363993750e-04,1.5422119516e-05,4.1457941849e+01
-2.2998378746e-04,1.5376165171e-05,4.2196400098e+01
1.0120562517e-04,1.6115094289e-05,2.2894499531e+01
9.4519483572e-05,1.7745594026e-05,2.2788411175e+01
1.0498096754e-04,1.6187562059e-05,2.2892229855e+01
3.9072329130e-05,9.5206452950e-05,2.0877412717e+01
6.1155552422e-05,8.1325817892e-05,2.1786844929e+01
3.1299621215e-04,2.6479410410e-05,1.6289714659e+01
-7.7323522414e-05,1.6385484611e-05,5.0263686073e+01
-7.3526136044e-05,1.6389950511e-05,5.0086065260e+01
-8.1120640778e-05,1.6381495045e-05,5.0412716505e+01
-6.9728103283e-05,1.6395689237e-05,4.9878021891e+01
8.6260552410e-05,1.5923304552e-05,2.2947369098e+01
8.2563442072e-05,1.5896389030e-05,2.2934106218e+01
7.8881700112e-05,1.5876028000e-05,2.3036064493e+01
8.9973761579e-05,1.5957698778e-05,2.2927419356e+01
-2.2475520821e-04,6.8131837048e-05,3.7037648676e+01
-7.3697894178e-05,7.5531502129e-05,3.9310201537e+01
-6.0248229914e-05,2.4156053908e-05,4.7810831493e+01
-6.5785632936e-05,2.5708908241e-05,4.7920674130e+01
-6.9458330571e-05,2.5698313323e-05,4.8142536200e+01
-7.3130830684e-05,2.5690147968e-05,4.8333336335e+01
-7.3029256679e-05,2.8859721271e-05,4.7728673825e+01
2.9163824891e-05,3.9126632344e-05,2.5019338089e+01
3.8991463007e-05,3.9541125490e-05,2.1858161603e+01
-6.4045118863e-05,1.4885299893e-05,4.9779620324e+01
-6.0227363087e-05,1.4893537156e-05,4.9485818615e+01
-5.4537455996e-05,1.6431866201e-05,4.8708795576e+01
-5.0741185802e-05,1.6445559084e-05,4.8324119802e+01
-4.6943211145e-05,1.6458700026e-05,4.7899729939e+01
6.7846762660e-05,1.5811995242e-05,2.4091084217e+01
7.2451690875e-05,1.7492541391e-05,2.3207106279e+01
6.4160273346e-05,1.5785660564e-05,2.4603951286e+01
1.9279011725e-04,9.4625623378e-05,1.7408472381e+01
-6.9209503806e-05,8.5040373276e-05,3.7853059414e+01
-4.1795801535e-05,2.4255914686e-05,4.5865125298e+01
5.6772316833e-05,1.5728030727e-05,2.5813013843e+01
5.0504650482e-05,1.7300882892e-05,2.6621221927e+01
4.6825683385e-05,1.7263205391e-05,2.7390779270e+01
6.0468769499e-05,1.5757614052e-05,2.5176621943e+01
-4.3150344083e-05,1.6474164535e-05,4.7434720961e+01
-3.7334444143e-05,1.4970235515e-05,4.6913457660e+01
-3.3523563729e-05,1.4988028476e-05,4.6339530745e+01
-2.7988718928e-05,1.6553587060e-05,4.5148684890e+01
-1.3959532510e-04,3.5599445386e-05,4.6059865577e+01
-1.4549566729e-04,3.9019941998e-05,4.5086679830e+01
-6.4854029667e-05,8.6996606652e-05,3.7687914827e+01
4.1787433027e-05,1.3981642571e-04,2.0561006247e+01
3.8791394508e-05,1.4092951263e-04,1.7709440581e+01
3.6826952649e-05,1.3569202936e-04,9.1344319473e+00
3.4267353772e-05,1.3669293934e-04,-4.3017740151e+00
4.1932131588e-05,1.5596752981e-05,2.8885255323e+01
3.8207880232e-05,1.5561814582e-05,2.9761283426e+01
3.4477759888e-05,1.5526230555e-05,3.0670065283e+01
-2.4205833470e-05,1.6577481985e-05,4.4470124914e+01
-2.0424788579e-05,1.6603315130e-05,4.3749270698e+01
-1.6646834298e-05,1.6630801504e-05,4.2987542413e+01
2.4616354687e-05,1.7025110651e-05,3.2797540169e+01
1.9499135551e-05,1.5383481555e-05,3.4516565850e+01
1.5740375326e-05,1.5348360136e-05,3.5501108821e+01
2.8336002959e-05,1.7064477249e-05,3.1830215092e+01
2.4769887904e-04,1.1774068657e-04,1.4218049616e+01
-1.5722903567e-06,1.6758204919e-05,3.9574918029e+01
2.1852806307e-06,1.6792394443e-05,3.8646377946e+01
5.9376422153e-06,1.6828634038e-05,3.7695670893e+01
1.1976058066e-05,1.5313732584e-05,3.6482885292e+01
-3.2503275406e-06,3.9681367596e-05,3.5033431472e+01
2.3014731735e-06,3.8137771316e-05,3.3734068728e+01
6.9100448240e-06,4.0029148534e-05,3.1826677153e+01
1.0270620959e-05,4.0154535114e-05,3.0707342987e+01
-6.5019977990e-05,9.4844074821e-05,3.6463850407e+01
-5.1605684397e-05,8.5256960985e-05,3.8211591800e+01
-2.0398645997e-05,3.9209909204e-05,3.9539998337e+01
-1.6951231107e-05,3.9292803072e-05,3.8738429648e+01
-5.9354616307e-05,9.4902239601e-05,3.6733220857e+01
-2.2846703369e-04,1.2170646954e-05,4.2915187936e+01
1.4029115911e-04,1.5635531248e-04,1.8509449878e+01
-3.4266050122e-05,3.8934825286e-05,4.2224027757e+01
-5.5033647052e-05,3.5392953945e-05,4.5353347883e+01
-4.5746899962e-05,8.5412419432e-05,3.8185406555e+01
2.8154227053e-05,1.3200360744e-04,3.2197804239e+01
2.3669153924e-05,1.3199320830e-04,5.0398559725e+01
2.9858734350e-05,1.3615292975e-04,3.9318917701e+01
-4.8037634493e-05,9.5144308758e-05,3.7211495165e+01
-3.4062236727e-05,8.5877150655e-05,3.7734094961e+01
-4.1226095894e-05,3.8830291651e-05,4.3261210593e+01
-4.2390681420e-05,9.5337099438e-05,3.7377455291e+01
1.7862827212e-04,9.4021806221e-05,1.7445267112e+01
1.7555528913e-04,9.6395604327e-05,1.7448192656e+01
-3.6754753806e-05,9.5584974206e-05,3.7455732020e+01
-2.8244060327e-05,8.6198633408e-05,3.7226829334e+01
1.9087201436e-05,1.2778990665e-04,4.4321485323e+01
1.5007161848e-05,1.3114869268e-04,5.7845167874e+01
5.7147273260e-06,1.2772005261e-04,4.9643181714e+01
3.2679593475e-06,1.2789147210e-04,4.9504764031e+01
1.9398769873e-05,1.3261666311e-04,6.0870883182e+01
-1.1547931472e-05,1.0999254987e-04,3.7570185157e+01
-2.8967319863e-06,1.1339936502e-04,3.7601150517e+01
6.7126544998e-06,1.1312087169e-04,3.5358708228e+01
1.1855001081e-05,1.1435740784e-04,3.3795311551e+01
1.6363419721e-05,1.1343024703e-04,3.0392551650e+01
1.8919031522e-05,1.1421641549e-04,2.8909666177e+01
1.9995437818e-05,1.1901132842e-04,3.1532920750e+01
2.4483539900e-05,1.1843820515e-04,2.7210607942e+01
3.4308769106e-05,1.2298805090e-04,1.6983246771e+01
2.2559580596e-06,1.1434178631e-04,3.7173323480e+01
-1.1905407742e-04,6.6842628173e-05,3.9857713744e+01
-6.4382876905e-05,6.8169416684e-05,4.0535511269e+01
-8.6228693754e-05,6.8169675256e-05,4.0411654151e+01
-1.2522279729e-04,6.6998738340e-05,3.9654214101e+01
-1.3442171733e-04,6.7270794793e-05,3.9347772463e+01
2.3943169375e-06,1.2314409973e-04,4.2911969173e+01
-7.6938266469e-06,1.2796878376e-04,4.6195224876e+01
1.1351717326e-04,1.5411155461e-04,1.8822998940e+01
1.1690699345e-04,1.5533781171e-04,1.8721696906e+01
-1.5443119842e-04,7.1890454916e-05,3.7992217144e+01
-1.5737359993e-04,7.2042965296e-05,3.7907244251e+01
-2.9110318895e-05,1.1034188200e-04,3.7181551341e+01
-3.2830116276e-05,1.0800690725e-04,3.6972567179e+01
-3.7088129572e-05,1.0983468724e-04,3.6434355171e+01
-2.4807781810e-05,1.0859460209e-04,3.7490354153e+01
-1.1665190815e-05,1.2288223988e-04,4.0814646829e+01
-7.1023629992e-06,9.0040149987e-05,3.3023338300e+01
-7.9304955604e-06,1.0007997918e-04,3.5210711448e+01
2.1451740973e-04,1.2189354801e-04,1.7124429962e+01
-2.0741030506e-05,1.2393074495e-04,3.9943254282e+01
-2.5744179153e-05,1.2343414673e-04,3.8255592100e+01
-2.8236325258e-05,1.2321053776e-04,3.7415821466e+01
-3.3266429625e-05,1.2281440546e-04,3.5863517795e+01
-1.6640350929e-05,1.2221482542e-04,3.9912656799e+01
1.6282135387e-04,5.4433995634e-05,1.9156047745e+01
-1.4524583251e-04,1.0788585301e-04,3.3864479984e+01
-2.4749884063e-06,1.0086215819e-04,3.3862791334e+01
-1.4744736956e-06,9.0777154099e-05,3.0870358333e+01
1.8493984236e-04,1.1224593832e-04,1.7460768025e+01
-1.6241846819e-04,9.8785722417e-05,3.4583314380e+01
1.3682978120e-04,1.5495794882e-04,1.8603874285e+01
5.9783805098e-06,8.9891402191e-05,2.6423699714e+01
2.1122365482e-06,9.9545303295e-05,3.1663933515e+01
7.5293437787e-06,1.0056441770e-04,2.9224939908e+01
1.1492171599e-05,9.0897230422e-05,2.1945332837e+01
-3.2804795026e-05,1.1854162180e-04,3.6186464226e+01
-3.8326865632e-05,1.2247470123e-04,3.4609869067e+01
-4.3415283311e-05,1.2222405667e-04,3.3677378237e+01
-4.6010657549e-05,1.2205395268e-04,3.3350170014e+01
-2.4236523108e-04,6.6947209342e-05,3.6689233792e+01
-4.7784133655e-05,1.0937018443e-04,3.5419958453e+01
-5.0203575160e-05,1.0517395491e-04,3.5828008127e+01
-4.2429797703e-05,1.0957477800e-04,3.5915865692e+01
-5.5657118522e-05,1.0504319095e-04,3.5434288549e+01
-6.1118754461e-05,1.0495623481e-04,3.5070572736e+01
-6.3916151410e-05,1.0903923661e-04,3.4221464666e+01
1.5374972992e-04,1.3167762068e-04,1.7323009329e+01
2.0577925590e-05,9.4993734408e-05,2.0911637187e+01
2.3509241108e-05,1.0462005622e-04,2.0418214081e+01
1.4972947700e-04,1.0500131157e-04,1.7108692811e+01
-4.5715985339e-05,1.1784672851e-04,3.4225160967e+01
-5.1088315058e-05,1.2183803721e-04,3.2912656869e+01
-1.6614854563e-04,3.4259730097e-05,4.5207812004e+01
1.3251837363e-04,1.0324083430e-04,1.8924665097e+01
-5.6131577332e-05,1.1752591641e-04,3.3306811838e+01
-6.0079912983e-05,1.1957308178e-04,3.2787197210e+01
-6.4663702929e-05,1.2397594974e-04,3.2514237924e+01
-1.8512954407e-04,6.2016036511e-05,3.8927170438e+01
-1.5909789246e-04,3.9227897402e-05,4.4477365136e+01
-1.5308725657e-04,8.1644103804e-05,3.6425315955e+01
-7.7119286026e-05,1.1738773646e-04,3.2691674375e+01
-6.9230767414e-05,1.1736822950e-04,3.2785357317e+01
-7.3115501973e-05,1.1938901504e-04,3.2590572770e+01
-6.0976842431e-05,5.7417561332e-05,4.2097915772e+01
2.0108359299e-04,8.0403946259e-05,1.7382445123e+01
1.3838107698e-04,1.1740074997e-04,1.8203025142e+01
1.3538537868e-04,1.1965848752e-04,1.8447984023e+01
-1.2740766498e-04,8.6257704904e-05,3.6010740166e+01
1.1738416074e-04,9.5963728804e-05,2.0968863816e+01
1.1814022894e-04,9.9171417841e-05,2.0558809834e+01
-1.7160397446e-04,9.5474636476e-05,3.4918893543e+01
1.6211529962e-04,8.0479885502e-05,1.7319255784e+01
1.9906920949e-04,1.0109649450e-05,2.0971457509e+01
2.7609882179e-04,2.0525782669e-05,1.7578579962e+01
-9.1053822735e-05,8.7131409377e-05,3.6725901594e+01
-1.6662619099e-04,2.4407808874e-05,4.7243109233e+01
-1.1892436645e-04,7.6233065327e-05,3.7973881294e+01
2.2737337604e-04,4.5115894100e-05,1.7057813432e+01
1.5849991489e-05,3.8606724510e-05,2.9350209140e+01
4.5594529431e-05,3.9875524119e-05,2.2048670727e+01
5.5658640747e-05,4.0497201823e-05,2.2153110458e+01
5.9058010222e-05,4.0737564226e-05,2.2191758047e+01
7.0258346362e-05,4.3738778486e-05,2.2312195701e+01
7.3752155218e-05,4.4080680203e-05,2.2353641488e+01
8.0814296103e-05,4.4818813236e-05,2.2436137034e+01
8.7107573681e-05,4.3294544001e-05,2.2522564091e+01
9.0724037999e-05,4.3694886275e-05,2.2562648038e+01
-1.6733628886e-04,4.8154695738e-05,4.2211893053e+01
7.7202042844e-05,6.2667808546e-05,2.2275135272e+01
-9.4909339765e-05,7.5694979181e-05,3.8747356818e+01
-1.6594196725e-04,8.6610602171e-05,3.5708599883e+01
-3.3117190354e-04,2.0219803537e-06,1.8714292336e+01
-3.2731780276e-04,1.9345716859e-06,1.7615982686e+01
1.6329876879e-04,1.2830227199e-04,1.7364770133e+01
-1.0041109802e-04,6.6489307152e-05,4.0431210717e+01
1.7112432814e-04,4.4877997405e-05,1.9143364501e+01
5.6498950953e-05,1.3210282117e-04,2.2162667505e+01
5.9650056494e-05,1.3376068113e-04,2.2272401876e+01
5.6707380992e-05,1.3553539802e-04,2.2108507889e+01
1.7569842778e-04,3.4917144497e-05,1.9503723492e+01
1.0373424059e-04,1.1005110106e-04,2.0859485169e+01
8.5575629544e-05,1.4161251129e-04,1.9719800399e+01
-8.2190572731e-05,1.2193844880e-04,3.2697766574e+01
-8.2417865101e-05,1.1743177234e-04,3.2690994756e+01
1.4367796249e-04,8.1205829055e-06,2.2701476579e+01
-1.3914098205e-04,4.9251091600e-05,4.3047233899e+01
-1.2968446349e-04,1.1306172001e-04,3.3463894236e+01
4.6909364554e-05,5.8190568799e-05,2.1880215547e+01
8.7626420000e-05,8.5126439690e-05,2.2430288552e+01
-8.6967906243e-05,5.7381663866e-05,4.2489993451e+01
-8.2010291636e-05,5.9127919111e-05,4.2175386402e+01
7.2266975955e-05,1.3635800033e-04,2.0024379719e+01
3.7256824159e-05,5.7048779850e-05,2.1821183650e+01
1.4399061721e-04,4.0869790005e-05,2.1402035905e+01
1.5913222010e-04,6.7912742846e-05,1.8609007599e+01
-2.3809813846e-04,2.9812598999e-06,4.1848880320e+01
-2.2447459560e-04,5.9697758696e-06,4.4438913797e+01
2.4057779604e-04,2.2792464955e-06,2.1908979961e+01
1.7990403735e-04,8.1669061719e-05,1.7375488192e+01
-2.3286394929e-04,4.0189918322e-05,3.8692024791e+01
8.3792694911e-05,9.5082679320e-05,2.2377212617e+01
8.6505903210e-05,1.5156961938e-04,1.9196660280e+01
8.6827154220e-05,1.5486611491e-04,1.8904765327e+01
5.0635483685e-05,7.6669317632e-05,2.1625143257e+01
1.4838391495e-04,3.1578999596e-05,2.1553943614e+01
-7.7241910825e-05,5.7347088383e-05,4.2496366220e+01
-1.4453068081e-04,7.5284307372e-05,3.7585409286e+01
-1.2088898763e-04,7.3627802803e-06,5.2293903035e+01
7.6447879679e-05,1.0413424685e-04,2.2214421749e+01
-7.3520318919e-05,9.4825732455e-05,3.6062935386e+01
1.3256134204e-04,6.2500350552e-05,2.1419230052e+01
2.3255385646e-04,2.1587384599e-06,2.1785574681e+01
-8.2417169505e-05,2.4108248524e-05,4.8993063281e+01
2.5867700163e-05,7.2279288444e-05,2.1515058705e+01
1.1970822500e-05,7.2406458177e-05,2.1429508440e+01
3.2140624730e-06,7.1385244413e-05,2.6630185377e+01
-1.9023688039e-05,6.7691062513e-05,3.5647248700e+01
-2.8306623086e-05,6.7216996208e-05,3.7721341414e+01
-3.7656293084e-05,6.6858561497e-05,3.9145049627e+01
-4.2538972755e-05,6.8546512066e-05,3.9497710201e+01
-4.7050724660e-05,6.6601044812e-05,4.0061476549e+01
-5.0187817545e-05,6.6535097424e-05,4.0275930419e+01
-5.5014457623e-05,6.8277263426e-05,4.0291823201e+01
-5.9614795332e-05,6.6391142494e-05,4.0702539685e+01
6.0978759899e-05,9.1336750648e-05,2.1663645556e+01
-6.4582868810e-05,7.5565944803e-05,3.9415871729e+01
-6.0103060752e-05,7.7487414115e-05,3.9153546604e+01
-6.9152744105e-05,7.7417747514e-05,3.9077367594e+01
-1.6630498998e-04,5.9114987379e-05,4.0049362172e+01
-9.1424598183e-05,4.3596908289e-05,4.5250408347e+01
2.3838862076e-04,1.3727632038e-04,1.3779662930e+01
-8.1150434266e-05,4.3578697555e-05,4.5157409914e+01
7.6570491551e-05,1.5101595687e-04,1.9377843096e+01
9.4538564794e-05,3.5301330618e-05,2.2648560533e+01
1.0609930924e-04,5.7736842515e-05,2.2720145001e+01
-5.5467936111e-05,7.5674904987e-05,3.9361390833e+01
-5.1054758295e-05,7.7638464875e-05,3.9046205636e+01
8.3640587012e-05,3.4437244922e-05,2.2518705258e+01
-6.0572923282e-05,4.3645381834e-05,4.4341076113e+01
5.4581184328e-05,7.7499823265e-06,2.7952000453e+01
-4.6364489799e-05,7.5870148083e-05,3.9066057671e+01
7.6695477298e-05,2.6279889520e-05,2.2455880965e+01
-1.7551880581e-04,1.1931487663e-05,4.9078896899e+01
-1.1395290974e-05,7.4958599538e-06,4.3603471618e+01
-1.0807585573e-04,3.5362821789e-05,4.6891758331e+01
5.5555424351e-05,2.5757982765e-05,2.3408874385e+01
-6.9165947748e-06,1.5154968384e-05,4.1157873081e+01
-1.7480709071e-04,8.1208813283e-05,3.6324019569e+01
-2.7924186150e-05,3.0799127537e-05,4.2535240904e+01
-9.8570540178e-06,5.3508128931e-05,3.4396915157e+01
7.3700730686e-05,5.2875914794e-05,2.2285319245e+01
-9.9845900623e-05,5.7473654890e-05,4.2304308850e+01
-3.7285669665e-05,7.6166100279e-05,3.8424264799e+01
-1.0091458051e-05,3.9475324114e-05,3.6984089057e+01
-2.4207407176e-04,2.9802373763e-06,4.0798549145e+01
-9.0431866138e-05,3.5304910788e-05,4.6934739568e+01
2.0189651766e-05,2.5088921142e-05,3.1916768223e+01
2.1267408627e-04,1.9085659297e-06,2.1659752355e+01
-2.1048428295e-04,2.9495796852e-06,4.7022531245e+01
-2.0653410800e-04,2.9463284350e-06,4.7546137765e+01
-2.0258334792e-04,2.9423753865e-06,4.8031465988e+01
-2.1443384928e-04,2.9521423864e-06,4.6456536967e+01
-1.9586043751e-05,5.3088017657e-05,3.7176906268e+01
-6.9196348479e-05,3.5319752746e-05,4.6329183633e+01
-7.2737781686e-05,3.5309914912e-05,4.6493544939e+01
2.0987697897e-05,4.7887257770e-05,2.4715181541e+01
-1.1268094792e-04,4.8855473704e-05,4.3889832535e+01
-2.8247337247e-05,7.6579936283e-05,3.7301428267e+01
1.1382846316e-05,4.7356107247e-05,2.8266659330e+01
-2.0679223350e-06,6.1320617517e-05,3.0405628219e+01
-7.8480020307e-05,6.6308805573e-05,4.0864024432e+01
-8.1620842608e-05,6.6317888151e-05,4.0830804187e+01
-1.2265371387e-04,4.8978552416e-05,4.3614667965e+01
7.1243647199e-06,6.2040520675e-05,2.6062663797e+01
-2.9402479412e-05,5.2753188947e-05,3.9338319898e+01
-6.3970870285e-06,8.0184111009e-05,3.1500171739e+01
2.2628380525e-06,8.1203003923e-05,2.7231118649e+01
-1.9268946240e-05,7.7131493820e-05,3.5530062270e+01
7.0212079067e-06,7.9837044806e-05,2.3790865714e+01
1.0762522334e-05,8.2449236126e-05,2.1216299643e+01
1.5561699393e-05,8.1156457684e-05,2.1396612924e+01
2.5064006207e-05,8.5039537032e-05,2.1199549426e+01
2.7974910221e-05,8.5638457834e-05,2.1165642650e+01
9.8502508179e-05,7.6962766630e-05,2.2617867712e+01
2.0463973705e-04,1.8237130429e-06,2.1672087087e+01
1.6146331602e-05,6.2877030883e-05,2.1682459731e+01
7.3757107005e-05,7.1712101714e-05,2.2157334605e+01
-1.6832681353e-05,1.0936347345e-04,3.7684140255e+01
-1.9485341596e-05,1.0908496517e-04,3.7665638709e+01
2.6464961020e-04,4.0799470208e-05,1.7230601257e+01
2.6532073537e-04,4.4092761228e-05,1.7206765245e+01
2.6135129547e-04,4.3544854538e-05,1.7237433218e+01
1.1177703996e-04,1.4094128221e-04,1.9411125807e+01
1.1695234169e-04,8.1279526445e-05,2.2126032215e+01
2.8219231857e-05,9.4647742074e-05,2.0834662570e+01
-1.1286066100e-04,6.6705890158e-05,4.0057627767e+01
-1.8540220002e-04,1.4578615668e-06,4.9994803034e+01
-1.8951812094e-04,5.9012122884e-06,4.8960531083e+01
1.8475286493e-04,1.6564169365e-06,2.1880514074e+01
9.0336979659e-05,1.0875725037e-04,2.2817293781e+01
6.1255989995e-05,1.0465143207e-04,2.1542568610e+01
1.7673995198e-04,1.6045913432e-06,2.1981175628e+01
-1.7503804959e-04,2.9238684850e-06,5.0605849293e+01
-2.3332126819e-04,4.4146231002e-05,3.8297310205e+01
-2.4162963991e-04,3.8975967452e-05,3.7457395049e+01
-6.9322218925e-05,1.0490024184e-04,3.4598114451e+01
1.9334713505e-04,9.8092746790e-05,1.7402940324e+01
-2.4226726789e-04,6.2379344674e-05,3.6753568273e+01
1.6129179273e-04,3.2188947230e-06,2.2300014287e+01
2.2914047166e-04,9.4368988444e-05,1.7046480076e+01
1.4878650941e-04,1.5342233862e-06,2.2322375858e+01
1.5329056290e-04,3.1730088468e-06,2.2339235523e+01
-1.8325996531e-04,3.4555430432e-05,4.4169002479e+01
-8.3007110285e-05,1.0498379280e-04,3.4026010040e+01
3.2202017281e-04,5.2896528906e-05,1.4106471748e+01
1.2549314183e-04,3.1465462545e-06,2.2494905900e+01
1.1302265940e-04,1.5301224217e-06,2.2680931001e+01
1.1758572536e-04,3.1469253440e-06,2.2549852182e+01
3.0851841451e-04,3.0651195293e-06,1.7732743190e+01
-1.7563554215e-04,1.0018029778e-04,3.4702573383e+01
1.0507689671e-04,1.5291973615e-06,2.2953177987e+01
-1.7548100590e-04,6.7248603054e-05,3.8331633551e+01
9.7134156885e-05,1.5277671911e-06,2.3381130824e+01
7.3311560414e-05,1.5202080422e-06,2.5866310375e+01
6.5369355690e-05,1.5166365299e-06,2.7128836567e+01
2.6919946778e-04,1.0875918480e-04,1.3907421377e+01
1.9816621190e-04,1.3716474665e-04,1.7496559352e+01
3.2347524017e-04,3.8393719122e-05,1.4606610406e+01
-2.7733396508e-04,3.0847732875e-06,2.5116566950e+01
-2.7339724092e-04,3.0668134044e-06,2.7599086331e+01
-2.6483355390e-04,1.5115117183e-06,3.2338152210e+01
-2.6087357470e-04,1.5074378381e-06,3.4205466692e+01
-3.0559323249e-04,1.1380240151e-05,1.7078960722e+01
1.8029059227e-04,1.0422955054e-04,1.7462755364e+01
9.3040197458e-05,1.5063096502e-04,1.9221186860e+01
3.0264461731e-04,1.0568760562e-04,1.3134439507e+01
2.6458709460e-04,2.7055302270e-06,2.2199497785e+01
2.6517237960e-04,5.5051634065e-06,2.1646267263e+01
2.6056012635e-04,2.6726281902e-06,2.2204450358e+01
7.2355503904e-05,1.1437299829e-04,2.2181278676e+01
2.5255302093e-04,2.4905097827e-06,2.2120042181e+01
2.4855233572e-04,2.4637670623e-06,2.2028868638e+01
2.4820408190e-04,5.4396470458e-05,1.7243327732e+01
1.5867416336e-04,9.8102333401e-05,1.7305598494e+01
2.1186400724e-04,7.9716435902e-05,1.7320284378e+01
-2.2515979507e-04,1.4767741281e-06,4.4826783653e+01
-2.2118629314e-04,1.4744793090e-06,4.5546788351e+01
2.2461510845e-04,2.0667028455e-06,2.1698907130e+01
2.2061794373e-04,2.0453152404e-06,2.1663479591e+01
1.9633326556e-04,1.1928791708e-04,1.7402168662e+01
-6.3982304967e-05,1.1739455929e-04,3.2929163945e+01
-1.9733335524e-04,1.4652670982e-06,4.8828349088e+01
1.9670199060e-04,1.7600179143e-06,2.1730610889e+01
1.9270698473e-04,1.7474164070e-06,2.1768752316e+01
-1.4981050183e-04,9.9792378790e-05,3.4361875598e+01
1.4539950086e-04,1.1949799354e-04,1.7634774959e+01
1.4082591481e-04,1.5442776079e-06,2.2333124632e+01
1.3684096920e-04,1.5562382837e-06,2.2398893371e+01
-2.2377389674e-04,8.1259552949e-05,3.6220484170e+01
-2.1546402372e-04,9.0895309955e-05,3.5723310155e+01
2.1425450312e-04,9.3788202288e-05,1.7219527677e+01
4.2898553465e-05,3.0311265144e-06,3.1410733819e+01
-3.8066321266e-05,1.4604691853e-06,4.9323682827e+01
2.4232379770e-04,6.3170111010e-05,1.7203056654e+01
1.4427052826e-04,9.4219218537e-05,1.8233831838e+01
2.3384698392e-04,1.2832659793e-04,1.4483682664e+01
-1.4784686422e-04,5.2993204598e-05,4.1932354038e+01
-2.3310450829e-04,1.4814932517e-06,4.3182205660e+01
1.1596998774e-04,1.2321226355e-04,1.9411042661e+01
-1.9335701522e-04,1.4636823258e-06,4.9244569186e+01
-5.0915576523e-05,1.1766004100e-04,3.3699250042e+01
1.7192255766e-04,9.5402668146e-05,1.7432506588e+01
-9.5940232274e-05,1.1353647852e-04,3.2948663477e+01
-9.5566216962e-05,1.1766829597e-04,3.2826022882e+01
1.8908484619e-04,9.3613863555e-05,1.7427295180e+01
-7.6803207523e-05,2.5684014212e-05,4.8494939585e+01
1.9019544436e-04,1.0051442375e-04,1.7421652349e+01
1.4888992785e-04,1.4623415798e-04,1.8454530014e+01
1.6292692795e-04,1.5434595572e-04,1.8223214100e+01
-1.1781119516e-04,1.1022624209e-04,3.3331728814e+01
2.6155303312e-04,2.5491364991e-05,1.7994704908e+01
2.8787211114e-04,2.1106147640e-05,1.7076556271e+01
-1.4890817294e-04,3.9067492514e-05,4.4943177235e+01
3.6131784576e-04,3.5285323142e-05,1.2589011847e+01
3.5800666411e-04,3.8851028743e-05,1.2782066074e+01
3.5839784818e-04,4.2941538603e-05,1.2691910968e+01
1.8052030016e-04,8.4958515054e-05,1.7407417805e+01
2.7887315434e-04,9.6281665119e-05,1.4019805072e+01
3.3859505485e-05,8.6921147128e-05,2.1129944938e+01
-1.6322397745e-04,7.2370526860e-05,3.7741353349e+01
-1.6613132713e-04,7.2546043288e-05,3.7660395170e+01
4.5922605154e-05,8.0351436268e-05,2.1463182381e+01
2.7002224841e-04,4.8083206728e-05,1.7111942877e+01
-9.0608260692e-05,1.1339607564e-04,3.2940023135e+01
2.4955739179e-04,6.1237083150e-05,1.7157923680e+01
2.9908657856e-04,7.8486492740e-05,1.4017274258e+01
2.0289641288e-04,5.3029935875e-05,1.7095124369e+01
-1.1023712539e-04,9.5541677463e-05,3.4830482804e+01
-1.5765618381e-04,4.7897042499e-05,4.2664994725e+01
-1.3585767166e-04,4.9189698432e-05,4.3169482483e+01
2.1575816907e-04,6.1313119050e-05,1.7318026875e+01
1.5851544790e-04,1.6464272360e-05,2.1929619752e+01
-2.5319931207e-06,1.2216385639e-04,4.1649600096e+01
-1.0454470673e-04,2.4122057897e-05,4.9262267611e+01
2.1367369644e-04,2.1024416865e-05,1.9378686256e+01
-1.9833862347e-04,1.2005319131e-05,4.7139596306e+01
4.2103225321e-05,8.6516578889e-05,2.1238888608e+01
-2.3219754914e-04,1.2201677965e-05,4.2173736721e+01
1.7611741117e-04,9.9773913940e-05,1.7457987757e+01
-8.5514277368e-05,1.0913651133e-04,3.3401622203e+01
-1.0439081279e-04,7.2104437120e-05,3.9187704457e+01
-1.0134340388e-04,7.2051799927e-05,3.9283017488e+01
1.0186920622e-04,1.4089662291e-04,1.9553784682e+01
-1.7202421989e-04,8.0975474453e-05,3.6369514199e+01
6.3629204222e-05,1.1688357902e-04,2.1711621983e+01
5.9836212669e-05,1.3718075362e-04,2.0279537408e+01
1.2756248486e-04,9.5767396677e-05,1.9855797689e+01
1.2134025005e-04,1.1545418759e-04,1.9298579850e+01
1.1737124269e-04,1.3315968660e-04,1.9362610309e+01
2.1153431686e-04,1.2801107373e-04,1.7184417306e+01
1.9830423784e-04,4.9336731546e-05,1.7534673403e+01
9.0830802440e-05,1.3070523673e-04,1.9866511169e+01
6.9622794477e-05,1.4504131876e-04,1.9906896977e+01
1.7011597674e-04,8.5496621308e-05,1.7319126544e+01
-2.1883927465e-04,6.3034194225e-05,3.7647751934e+01
1.3897038868e-04,1.4630008431e-04,1.8756876056e+01
3.0972568912e-04,7.3143736789e-05,1.3875756823e+01
-3.3069625862e-04,3.4732715927e-05,1.7364244680e+01
3.1749814825e-04,7.4659961190e-05,1.3598023051e+01
-1.7619704691e-04,8.5455599631e-05,3.5834833085e+01
-1.9288334124e-04,8.9447996630e-05,3.5551218874e+01
-1.2596463866e-04,4.9026295348e-05,4.3510720155e+01
1.8479181953e-04,7.0455850669e-05,1.7238592426e+01
-1.5650237564e-04,8.9967838883e-05,3.5324185280e+01
-2.1978255285e-04,1.6864400402e-05,4.3714959211e+01
8.5995702585e-05,3.1439260747e-06,2.4086402734e+01
2.1702904300e-04,6.7862690092e-05,1.7337091819e+01
-9.0526472182e-05,9.5007140046e-05,3.5368365671e+01
6.9254234799e-05,1.3832183487e-04,2.0021018584e+01
-2.5504936390e-04,1.5832278526e-05,3.5427352018e+01
2.7548810372e-04,9.9177864453e-05,1.4020135426e+01
2.2076326939e-04,8.8669161829e-05,1.7179451029e+01
-1.0952433127e-04,5.7591260582e-05,4.2071986793e+01
-1.0920009989e-04,1.0362954350e-04,3.3800155981e+01
3.1199400832e-04,4.0521705113e-05,1.4966090277e+01
2.1891740665e-04,7.8074151168e-05,1.7273566344e+01
-6.7326519794e-06,1.2364439103e-04,4.2105422103e+01
-3.5276364074e-04,2.5746225114e-05,1.3430015618e+01
-2.5179071139e-04,6.0865166449e-06,3.7519119674e+01
-2.5467071786e-04,6.2917890325e-05,3.6221445631e+01
2.5245966005e-04,1.2658090728e-04,1.3790167961e+01
2.8187879784e-04,6.7716647066e-05,1.4857734539e+01
2.8120998186e-04,2.6833600295e-05,1.7150322150e+01
-1.7060463690e-04,3.6020747458e-05,4.4602791265e+01
3.0407053403e-04,8.7021230188e-05,1.3647213491e+01
1.2516031771e-04,1.4197585778e-04,1.9132716921e+01
2.4172860542e-04,8.0072882859e-05,1.7042088042e+01
-2.3823486191e-04,3.4840703763e-05,3.8327066196e+01
2.3454421692e-04,1.3603407530e-04,1.3965242331e+01
2.3880300195e-04,1.0781532395e-04,1.4926654665e+01
4.4917751714e-05,1.3186853710e-04,1.8429132773e+01
1.5232561648e-04,1.4733911262e-04,1.8334116224e+01
2.2256772846e-04,1.2824715084e-04,1.7135253951e+01
2.1909484516e-04,1.3069346116e-04,1.6994779127e+01
9.4225607027e-05,1.3190542954e-04,1.9776063207e+01
1.0747247880e-04,1.3317723301e-04,1.9566567877e+01
3.0333876746e-04,5.7231890045e-05,1.4582638467e+01
1.9715361452e-04,1.2643756480e-04,1.7430113639e+01
7.1919494467e-05,8.6464054063e-05,2.2041934050e+01
1.0437769841e-04,1.1332579436e-04,2.0448140140e+01
-1.8582834159e-04,3.9815664480e-05,4.2961356589e+01
4.2729135589e-05,9.8678319553e-05,2.0815848795e+01
-1.2708951536e-04,8.0362660769e-05,3.7017499481e+01
1.7894273321e-04,2.0282267504e-05,2.0519019374e+01
-5.6654097995e-05,3.0520397624e-05,4.6360278477e+01
5.4472353474e-05,3.1181398444e-06,2.8882200100e+01
3.6205178726e-04,4.3560771123e-05,1.2456557529e+01
-3.7952969592e-05,1.1821938972e-04,3.5295604509e+01
1.7210137598e-04,1.4754478462e-04,1.7119869269e+01
2.1538062243e-04,1.0100849974e-04,1.7171230322e+01
2.6356193166e-04,1.6965828292e-05,1.9326942110e+01
7.8113345441e-05,3.1486206380e-06,2.4958261076e+01
2.2514438257e-04,1.1818207496e-04,1.7075544795e+01
4.2869937186e-05,8.9062611770e-05,2.1176523076e+01
2.9662622025e-05,9.9599370961e-05,2.0576741621e+01
-1.1862890342e-04,9.5872649566e-05,3.4689066489e+01
-2.2802303675e-04,3.0613085761e-05,4.0456871450e+01
-8.2813213257e-05,1.0909489644e-04,3.3460797107e+01
1.9477329434e-04,8.5331297235e-05,1.7404944943e+01
-1.7931247355e-04,7.4041476869e-06,4.9574036232e+01
-1.6301849537e-04,1.9623954771e-05,4.8404084123e+01
6.5124843445e-05,1.0878771702e-04,2.1745283586e+01
1.0570382685e-04,1.4535633306e-04,1.9372831228e+01
-8.7929112352e-05,9.1000817490e-05,3.6144418074e+01
1.8421455180e-04,8.5883595067e-05,1.7421908638e+01
2.9397478119e-04,3.1241326044e-05,1.7082026833e+01
3.7459995770e-05,8.0891586533e-05,2.1336945578e+01
9.4520440871e-05,1.1319466536e-04,2.1405539432e+01
2.4695923663e-04,6.7467211027e-05,1.7106207000e+01
-1.7254732237e-04,6.7067977807e-05,3.8431325634e+01
2.6487022277e-04,6.0782970726e-05,1.6943920199e+01
-1.7921615837e-04,3.9642431184e-05,4.3381675433e+01
-1.4439918805e-04,9.9384080072e-05,3.4339391152e+01
-1.0708005863e-05,1.5126628504e-05,4.2013600357e+01
-1.4959043424e-04,6.7830897718e-05,3.8846414773e+01
9.5180203681e-05,1.0135879891e-04,2.2891752537e+01
-4.5834347049e-05,3.0600828885e-05,4.5245376403e+01
2.8215614125e-04,1.1933225987e-05,1.7969581184e+01
-1.7615958939e-04,5.3945825104e-05,4.0687867332e+01
-2.2342236761e-04,1.6908465681e-05,4.3139437016e+01
2.2798611123e-04,6.6881201702e-05,1.7283726183e+01
2.0681011129e-04,7.2081073571e-05,1.7365483865e+01
-2.4753712619e-04,4.3674165881e-05,3.6333056313e+01
1.1806250496e-04,7.3163715607e-05,2.2486481241e+01
1.6407247134e-04,9.0174130769e-05,1.7303028500e+01
-1.5890104985e-04,6.2552727114e-05,3.9612156238e+01
-2.4108679793e-04,7.5630784779e-06,4.0632848753e+01
-1.8819869107e-04,9.0990667240e-05,3.5403726305e+01
-2.2400250005e-04,6.1590047537e-05,3.7576352768e+01
-2.6031857330e-04,5.2577172396e-05,3.4891282555e+01
2.6342219856e-04,5.3698121336e-05,1.7107056718e+01
-1.8392389487e-04,2.9506523056e-05,4.5136739044e+01
3.4491661922e-04,2.5890363095e-05,1.4024702190e+01
3.4887433924e-04,2.6207391519e-05,1.3696243500e+01
-2.7848432587e-04,4.8086636539e-05,3.0407146186e+01
2.8331012087e-04,1.0106469055e-04,1.3789810766e+01
2.9178792862e-04,8.0675022427e-05,1.4143284148e+01
-2.5853412287e-04,1.5935610114e-05,3.4066968744e+01
-1.8903727594e-04,2.6268530646e-05,4.5401125698e+01
2.4615892192e-04,1.0626493337e-04,1.4737149241e+01
1.1782210953e-04,1.1439166288e-04,1.9514622041e+01
3.6754074866e-04,2.3867757791e-05,1.1822312379e+01
-2.0709368037e-04,7.2093282696e-05,3.7037890276e+01
-2.7681184233e-05,1.1892894692e-04,3.7178681448e+01
3.2128334013e-04,2.7365427297e-05,1.5317319595e+01
-2.8227800971e-04,3.0042943942e-05,2.1003832349e+01
-8.1881888680e-05,9.8881354365e-05,3.5025514155e+01
-1.8791702484e-04,8.0388606497e-05,3.6351916012e+01
2.3512680048e-04,8.5427246446e-05,1.7050191518e+01
2.7216642514e-04,2.0328401365e-05,1.8016215969e+01
-2.7376447472e-04,3.0629994056e-05,2.6836809773e+01
1.8631284290e-04,1.2272690400e-04,1.7483763174e+01
2.9396308272e-04,9.6066648361e-05,1.3665629742e+01
-2.8675658980e-04,5.4097642172e-05,3.1735933218e+01
-1.8074848281e-04,5.7917140164e-05,3.9777743556e+01
1.8981586040e-04,7.7748205371e-05,1.7386265091e+01
2.5886069010e-04,3.1115922136e-05,1.7321273761e+01
3.1179093716e-04,8.8696141671e-05,1.3375132034e+01
2.7334515790e-04,2.6287779757e-05,1.7101746987e+01
2.5508876994e-04,9.0482114675e-05,1.5011987582e+01
1.1234542636e-04,1.0353893516e-04,2.0731295898e+01
2.7425129966e-04,1.1696048238e-05,1.9314321583e+01
2.5082476570e-04,4.8399798655e-05,1.7265297118e+01
6.4487347508e-05,1.0575721120e-04,2.1709819280e+01
2.3034458325e-04,1.3088510523e-04,1.4573802403e+01
-1.4906809929e-04,9.1477616432e-05,3.5145026949e+01
2.9446385254e-04,9.9948353234e-05,1.3544922555e+01
2.6278561129e-04,3.1442164592e-05,1.7135582060e+01
3.2611149986e-04,8.4131011243e-05,1.3030692306e+01
2.9272850595e-04,6.2136795172e-06,1.7353685135e+01
2.7300278295e-04,6.2379756879e-05,1.6144311703e+01
2.8375715836e-04,5.7370156343e-05,1.5083968638e+01
2.9253223384e-04,1.1473878361e-04,1.3138180410e+01
-2.9145904781e-04,4.5384175417e-05,2.3927725580e+01
-1.5690372581e-04,3.5806656605e-05,4.5318676897e+01
2.3427207327e-04,2.5852084086e-05,1.8713299980e+01
-2.9937548014e-04,4.3790792014e-05,1.7776911449e+01
3.2564927224e-04,8.0154411493e-05,1.3166939123e+01
7.7813410117e-05,1.2897791782e-04,2.0486831555e+01
3.3207375091e-04,2.1228216627e-05,1.5111117228e+01
-1.6765159383e-04,7.3922070035e-06,5.0384206177e+01
2.8816745272e-04,1.0976141199e-04,1.3425239996e+01
2.8505845026e-04,8.6603606331e-05,1.4140611242e+01
1.0403647901e-04,1.3205142211e-04,1.9624701935e+01
-1.9333729539e-04,8.0984882640e-05,3.6268060847e+01
1.4375038920e-04,1.3175768666e-04,1.8206575854e+01
8.2212828593e-05,1.4035344582e-04,1.9797665049e+01
-3.2204803442e-04,2.6214761718e-05,1.7498286670e+01
-1.1277680053e-04,5.7638156323e-05,4.1981481497e+01
2.5953799232e-04,1.6724135680e-05,1.9605344136e+01
-2.7198202298e-04,2.0255980923e-05,2.7160881392e+01
2.8807601239e-04,4.0639363897e-05,1.6959278258e+01
3.4888651707e-04,5.7341762675e-05,1.2868009950e+01
-1.6584583920e-04,3.9350812053e-05,4.4137424656e+01
-1.9785800940e-04,6.6972381566e-05,3.7831003847e+01
-1.7477424584e-04,7.3124770269e-05,3.7424999215e+01
-2.1609304328e-04,6.2704786528e-05,3.7781830104e+01
1.5239643768e-04,1.2162949244e-04,1.7058444702e+01
-3.6607442163e-04,3.5060806703e-06,1.8485808892e+01
-1.2594578580e-04,9.4188029778e-05,3.4861338495e+01
2.5112996505e-04,1.1502171348e-04,1.4195149324e+01
-1.6798651290e-04,6.2969020036e-05,3.9272646662e+01
2.8519164284e-04,2.7149168708e-05,1.7143549087e+01
-3.4285797227e-04,2.2282410538e-05,1.7162550254e+01
2.6515834693e-04,8.2092365131e-05,1.4875854521e+01
2.8132988936e-04,1.1560876849e-04,1.3426534579e+01
2.2090536568e-04,5.0062646247e-05,1.7090080892e+01
-2.4138812728e-04,1.7188479149e-05,3.9460661575e+01
-1.4508805489e-04,2.9091422838e-05,4.7273891186e+01
2.5637106727e-04,7.6481150154e-05,1.6493852033e+01
-1.2214140315e-04,6.6918168276e-05,3.9756249181e+01
-3.0887803290e-04,1.1735171143e-05,1.7079971881e+01
2.8475325460e-04,4.3573924944e-05,1.6956222238e+01
3.7477841056e-05,1.5170820388e-06,3.2973082746e+01
3.0935987421e-04,4.7334008265e-05,1.4773325011e+01
-2.6987582690e-04,3.8673232582e-05,3.0265826925e+01
1.6344511744e-04,8.6918531910e-05,1.7160736491e+01
3.1793871889e-04,3.0557739924e-05,1.5284588880e+01
3.1340314624e-04,4.7931124685e-05,1.4595235034e+01
-2.3436674385e-04,5.8795604312e-05,3.7267749980e+01
3.6658104743e-04,1.5828031185e-05,1.1256233085e+01
2.4219970691e-04,1.0515378376e-04,1.5016131859e+01
3.3485724216e-04,3.6059076706e-05,1.4205358596e+01
-2.5253457521e-04,2.0947620767e-05,3.5866198942e+01
1.0357646674e-04,1.2872789046e-04,1.9663781261e+01
1.3031413313e-04,1.3081311000e-04,1.8907764144e+01
-3.0443146075e-04,4.9917811057e-05,2.3337437810e+01
-1.9869023486e-04,8.1637081893e-05,3.6193011566e+01
1.5190078330e-04,1.1828773640e-04,1.7053411604e+01
2.7700270771e-04,1.1074445156e-04,1.3675766284e+01
2.7316451913e-04,8.3929995140e-05,1.4539235968e+01
-7.7533165103e-05,1.0492541614e-04,3.4222582481e+01
1.1057154166e-04,7.1553422751e-05,2.2765549473e+01
1.9792268698e-04,8.2874534574e-05,1.7393634810e+01
2.3351823033e-05,9.5665982337e-05,2.0851310548e+01
-3.7224223827e-04,7.6334708916e-06,1.3344026261e+01
2.8298096520e-04,5.3695384772e-05,1.6160536424e+01
2.7357121196e-04,1.1362510094e-04,1.3676065212e+01
2.7224187207e-04,5.8723559393e-05,1.7133274365e+01
-1.7978941189e-04,7.1499703535e-05,3.7580457460e+01
1.8360633007e-04,8.2565603892e-05,1.7401614462e+01
-1.9690744051e-04,5.3114186768e-05,3.9921420084e+01
3.6131573849e-04,7.9489258109e-06,1.1476629504e+01
3.5665260860e-04,2.6853468126e-05,1.2984829127e+01
-1.2141635195e-04,9.5996767162e-05,3.4652572880e+01
-1.4351637891e-04,9.1113132274e-05,3.5190419965e+01
-8.2378674955e-05,5.2109963516e-05,4.3517782001e+01
1.5879472805e-04,1.4622801704e-04,1.7956199255e+01
3.3276221563e-04,7.7778438292e-05,1.2972973279e+01
-1.3136287863e-04,6.7174924467e-05,3.9449763372e+01
3.3130295285e-04,1.7585137426e-05,1.5426678175e+01
-2.5437179272e-04,7.2480241515e-05,3.6706682722e+01
-2.5001617060e-04,5.2688837436e-05,3.6126640363e+01
2.5969830646e-04,7.3697053825e-05,1.6234542125e+01
2.3448229214e-04,8.1796767313e-05,1.7085741141e+01
1.0596339653e-04,6.7955196391e-05,2.2717962508e+01
1.7422045454e-04,7.1191872962e-05,1.7088414559e+01
2.7887949127e-04,5.2968895791e-05,1.7130344008e+01
3.2151043302e-04,9.9639968290e-06,1.7026380383e+01
2.1507362499e-04,7.7176906043e-05,1.7310024751e+01
2.5145492734e-04,1.6170350669e-05,1.9840526975e+01
-1.7925472463e-04,5.4081644358e-05,4.0537458099e+01
5.2451694029e-05,1.0433649943e-04,2.1043775448e+01
-2.1215827224e-04,8.5818503546e-05,3.5920475732e+01
-2.9197878541e-04,1.2246813317e-05,1.7254938209e+01
-1.4072812876e-04,9.0943060573e-05,3.5218050409e+01
2.7252126844e-04,8.0157404418e-05,1.4699637299e+01
-3.1214229046e-04,1.2142006207e-05,1.7100976560e+01
-1.6247675102e-04,3.9287674095e-05,4.4310378124e+01
3.2084923984e-04,7.1510798020e-05,1.3579896366e+01
2.6083588471e-04,1.0289326612e-04,1.4286681374e+01
-9.6172334728e-05,9.5125542098e-05,3.5183574029e+01
1.6527224581e-04,1.4516139275e-04,1.7386721456e+01
-6.9311457990e-05,1.0901105322e-04,3.3936458077e+01
-1.4456900664e-04,4.7604464587e-05,4.3222374824e+01
3.2750054870e-04,3.8885604699e-05,1.4418668781e+01
2.4742280402e-04,1.5876041739e-05,1.9848476698e+01
3.0309353700e-04,1.0966762536e-04,1.2982891868e+01
5.1152385898e-05,9.8736584653e-05,2.1139543811e+01
2.5632279321e-04,9.8051841139e-05,1.4610070205e+01
-2.2064974535e-04,7.6223384104e-05,3.6524524790e+01
-1.9876726158e-04,4.9433379683e-05,4.0430910137e+01
9.8610964909e-05,6.6519840039e-05,2.2613473999e+01
2.1866172267e-04,9.8466747977e-05,1.7143109696e+01
-1.2282949363e-04,1.0425254107e-04,3.3767392129e+01
-1.3988154497e-04,4.0637582802e-05,4.4933731257e+01
1.6743121403e-04,7.2681904996e-05,1.7547114164e+01
3.1715040919e-04,2.6930016562e-05,1.5366433614e+01
-2.1593121728e-04,3.3708951940e-05,4.1585169326e+01
6.4982059102e-05,9.5070971406e-05,2.1776134195e+01
2.4705772971e-04,8.8446174896e-05,1.6169355654e+01
2.2308120424e-04,1.0324250200e-04,1.7060003057e+01
-2.8179980116e-04,4.4200735461e-05,2.7493411992e+01
-1.1738990745e-04,1.0398142287e-04,3.3764700991e+01
9.2244115965e-05,6.7842301663e-05,2.2512823709e+01
3.7084627505e-04,2.0106227629e-05,1.1172099871e+01
3.2033248100e-04,6.7618541552e-05,1.3708606593e+01
1.6367427976e-04,7.1840031278e-05,1.7930529303e+01
2.9572461508e-04,8.1504132013e-05,1.4019084839e+01
3.3939319406e-04,7.1316413114e-05,1.2897726920e+01
1.4471213012e-05,8.5160780313e-05,2.1383790097e+01
-1.9433080386e-04,2.9678814381e-05,4.4330685864e+01
2.3822589318e-04,1.0402947199e-04,1.5862855643e+01
2.0300920029e-04,7.1259581580e-05,1.7366608420e+01
2.3939944882e-04,1.5270171976e-05,1.9887865639e+01
-1.6745461143e-04,9.0875800316e-05,3.5265856858e+01
-3.3955923219e-04,2.1212867753e-05,1.7177334893e+01
-1.5909835371e-04,7.6057225319e-05,3.7211077403e+01
-1.5705050083e-04,5.8748590627e-05,4.0420664663e+01
2.0237609684e-04,6.7999412217e-05,1.7342496028e+01
2.3871176445e-04,1.2530665139e-05,2.0272965784e+01
7.4246409256e-05,9.5078874750e-05,2.2102394767e+01
3.3895502965e-04,6.7292219371e-05,1.3032898667e+01
-6.1222046256e-05,1.0906777038e-04,3.4385764103e+01
3.3086013944e-04,3.5611405349e-05,1.4411350914e+01
-1.5394954415e-04,5.8645354626e-05,4.0540814547e+01
2.5554687478e-04,3.3752750282e-05,1.7136486143e+01
1.9858048973e-04,6.7222820388e-05,1.7313996842e+01
2.5161178783e-04,3.3377574502e-05,1.7419050880e+01
8.0702641511e-05,6.3261928899e-05,2.2331532283e+01
2.9514861059e-04,7.7680095031e-05,1.4144111701e+01
1.3202890954e-06,9.1189285096e-05,2.9574829004e+01
2.6817967290e-04,5.7959982641e-05,1.6944253932e+01
2.3074522666e-04,1.2000705810e-05,2.0357482487e+01
-5.5839184498e-05,1.0915549003e-04,3.4758311806e+01
-2.9982050861e-04,6.9302249169e-06,1.7203661151e+01
4.1692944425e-05,1.0578449235e-04,2.0385601315e+01
8.8074819832e-05,9.9187744516e-05,2.2515087121e+01
3.8809020829e-05,1.0480470356e-04,2.0341012304e+01
7.7652198934e-05,9.6073838767e-05,2.2210764226e+01
-2.0134083179e-04,8.1985358801e-05,3.6159245723e+01
1.5155206573e-04,6.6312045616e-05,1.9386607512e+01
-1.5330251007e-04,7.5726210127e-05,3.7355019102e+01
2.9455051793e-04,7.3874389054e-05,1.4275362308e+01
2.6744430696e-04,5.4399960841e-05,1.7070189467e+01
2.8391770118e-04,2.0896038401e-05,1.7008120744e+01
2.4041691340e-04,3.5104775497e-05,1.7637459076e+01
-5.0466216180e-05,1.0928690613e-04,3.5186851580e+01
-1.6199981924e-04,9.0402771779e-05,3.5289935661e+01
6.4348602538e-05,6.2903252145e-05,2.2055903502e+01
-1.4840306029e-04,7.7424760662e-05,3.7150256891e+01
1.4479407620e-04,6.7735896773e-05,1.9934910193e+01
-2.0615149657e-04,8.0501032817e-05,3.6273208406e+01
2.0780283003e-04,1.2669229682e-04,1.7263602759e+01
3.4929534149e-04,6.1425209430e-05,1.2737318898e+01
2.1884471982e-04,1.1242077100e-05,2.0528275638e+01
-1.8419080016e-04,6.7846510479e-05,3.8034854944e+01
1.9793207635e-04,6.4043016890e-05,1.7245512435e+01
6.0985471164e-05,6.2374019085e-05,2.2007570602e+01
-2.2474272381e-04,3.0483824959e-05,4.0955035084e+01
2.6601183537e-04,4.7460839057e-05,1.7166317870e+01
2.4627542979e-04,6.3949224203e-05,1.7157763836e+01
-1.4589610708e-05,9.1220023914e-05,3.5331475245e+01
-1.9338655089e-04,3.4781457124e-05,4.3431311408e+01
-2.3767504640e-04,7.2798691343e-05,3.6608148558e+01
-1.9778073213e-04,2.9744079402e-05,4.4033154423e+01
-1.5761585460e-04,8.5969887093e-05,3.5800807273e+01
-3.4927196686e-06,8.0499662665e-05,3.0234578542e+01
2.1092666284e-04,1.0769191443e-05,2.0678488930e+01
-3.4853284968e-04,1.9782450463e-05,1.6861360518e+01
2.3247484185e-04,3.4168525824e-05,1.7943895115e+01
2.3905648733e-04,6.5841868569e-05,1.7204222834e+01
2.8666120736e-04,1.5014637496e-05,1.7084166851e+01
1.3636131991e-04,6.3238085591e-05,2.0992561454e+01
5.0174790821e-05,5.8609681125e-05,2.1908998769e+01
-2.0269805532e-05,9.0703316054e-05,3.6349087816e+01
-1.1174840807e-05,8.1669877709e-05,3.3409281376e+01
3.0265690930e-04,5.3500887448e-05,1.4757261147e+01
2.2849985692e-04,3.3681286234e-05,1.8038555489e+01
2.3839379492e-04,6.2405911474e-05,1.7244027027e+01
2.0302005777e-04,1.0322392113e-05,2.0863245276e+01
-1.8807066627e-04,6.2210954843e-05,3.8803091673e+01
3.7040258850e-04,1.6028776121e-05,1.0703504416e+01
-1.7097422828e-04,3.0987990111e-05,4.5638317147e+01
2.8606499294e-04,1.2049937397e-05,1.7281340614e+01
-1.4919501526e-04,8.5408117117e-05,3.5916300030e+01
2.6931209136e-04,4.4661686540e-05,1.7167332474e+01
2.2776544677e-04,3.0754057663e-05,1.8292572826e+01
-2.2995004747e-04,2.5405018694e-05,4.0831037376e+01
-1.7023139739e-05,8.1158630707e-05,3.5089688692e+01
1.2584704362e-04,6.3899383465e-05,2.2076555361e+01
1.9185150696e-04,1.1954931132e-05,2.0937580233e+01
-1.9961853958e-05,8.0932968429e-05,3.5775195811e+01
3.6987588404e-04,1.2008434410e-05,1.0112379888e+01
2.9860000759e-04,5.2834790283e-05,1.4914710985e+01
2.8591452852e-04,6.8517485981e-05,1.4712863590e+01
3.3089215813e-04,6.1905657902e-05,1.3506584012e+01
1.1826600249e-04,6.2456644147e-05,2.2946059504e+01
1.8395233710e-04,1.1507365632e-05,2.1243782370e+01
2.5599749741e-05,5.7861387738e-05,2.1776741247e+01
-3.7453946991e-05,8.9618956143e-05,3.7748326930e+01
3.3038905070e-04,5.7995882423e-05,1.3641297598e+01
-2.8825701520e-05,8.0364843964e-05,3.7317591896e+01
1.7604819324e-04,1.1096508042e-05,2.1577040793e+01
2.9605298577e-05,1.4949161379e-06,3.4892154727e+01
2.2930314583e-04,5.4408521321e-05,1.7289058982e+01
1.6380603183e-05,5.7039405513e-05,2.2509591038e+01
2.9786352725e-04,4.9144424377e-05,1.5171589198e+01
2.2542538466e-04,5.3774857616e-05,1.7260182919e+01
-2.1580839132e-04,7.7618338610e-05,3.6456536747e+01
1.0982798005e-04,5.8367320219e-05,2.2763344795e+01
1.8857315337e-04,1.1338545234e-04,1.7445696921e+01
1.6814045837e-04,1.0727764769e-05,2.1925429392e+01
-1.5030610366e-05,1.1379093584e-04,3.8186040746e+01
2.2994134694e-04,5.7634488646e-05,1.7308011558e+01
2.9376109709e-04,4.8483449077e-05,1.5148909128e+01
-3.7744659720e-05,7.9940468766e-05,3.8245022543e+01
1.7821289618e-04,1.1346232647e-04,1.7477467374e+01
9.7178332397e-05,9.6109118017e-05,2.2714945020e+01
9.9607594483e-05,5.9139694404e-05,2.2633861704e+01
2.1982205038e-04,2.9805827865e-05,1.8464384366e+01
2.9296944095e-04,4.4833061714e-05,1.6195137139e+01
-5.4871202210e-06,1.1297580230e-04,3.7734957314e+01
-6.6356540069e-06,5.3667285911e-05,3.3327442710e+01
2.1190602443e-04,2.8858580125e-05,1.8670582258e+01
9.2324973677e-05,5.7940826558e-05,2.2532916514e+01
-2.6469049284e-04,5.8531577802e-05,3.5220522157e+01
-1.3231497020e-04,9.0477690098e-05,3.5322680544e+01
1.4762213884e-04,8.1941840914e-06,2.2640057815e+01
-1.3027115794e-04,8.6385284889e-05,3.5951213239e+01
-1.6329195549e-05,5.3217855731e-05,3.6320370793e+01
2.0476165414e-04,3.0703163742e-05,1.8676713717e+01
2.2346077124e-04,4.4561582125e-05,1.7188885312e+01
-3.3891422513e-04,2.2289825316e-06,1.9906490050e+01
-2.4771064111e-05,5.4674024037e-05,3.8173221758e+01
2.0082491521e-04,3.0215260532e-05,1.8824111819e+01
2.1953885121e-04,4.3992975850e-05,1.7366054834e+01
2.1882093547e-04,4.0995051248e-05,1.7596062131e+01
2.1488486167e-04,4.0432367962e-05,1.7710288228e+01
2.0776931201e-04,4.2243263214e-05,1.7744598589e+01
7.7196263600e-05,5.3342806460e-05,2.2331340555e+01
2.2413539942e-04,4.7593198692e-05,1.7060214853e+01
2.0702090717e-04,3.9298892758e-05,1.7973004355e+01
1.9917178551e-04,3.8168317888e-05,1.8274078046e+01
1.4980214489e-05,1.1740765860e-04,3.4057083019e+01
1.9210931251e-04,3.9901186638e-05,1.8409370595e+01
2.3425708853e-04,1.0289925232e-04,1.7135624495e+01
1.8429646429e-04,3.8759359938e-05,1.8817858518e+01
6.7664022329e-05,5.4322852374e-05,2.2188321879e+01
1.8039474112e-04,3.8200387860e-05,1.9040200155e+01
1.1238149989e-04,7.8528092139e-06,2.2709582076e+01
1.7960780579e-04,3.5436969080e-05,1.9262331254e+01
1.6392292382e-04,1.0912432953e-04,1.7431430344e+01
-3.5065928852e-04,1.6237764637e-05,1.7051934779e+01
1.6789756598e-04,3.3906664004e-05,2.0026593164e+01
1.6090683235e-04,3.5551578617e-05,2.0376121139e+01
1.0464355505e-04,7.8527237865e-06,2.2745627749e+01
-3.5434869541e-04,2.9130161181e-06,2.1370053040e+01
1.5311561429e-04,3.4571703652e-05,2.1005902120e+01
6.0852838852e-05,5.3457104148e-05,2.2105048638e+01
-7.8202374199e-05,7.7417958721e-05,3.8885898194e+01
1.4532569709e-04,3.3644184260e-05,2.1676747220e+01
1.4058664058e-04,3.0738403333e-05,2.2239586491e+01
4.1888694772e-05,1.2423727024e-04,1.8183284046e+01
1.0509083746e-05,1.1837329878e-04,3.7156047767e+01
1.3278631573e-04,2.9952790187e-05,2.2944028653e+01
1.9296420791e-04,2.9258694124e-05,1.9146245804e+01
1.2587645889e-04,3.1562802533e-05,2.2938329028e+01
2.5107975448e-04,8.9470298444e-05,1.5006710657e+01
2.9744170355e-05,1.2313367057e-04,2.2457007875e+01
1.5737123528e-04,1.1037959985e-04,1.7351884062e+01
1.1819892149e-04,3.0846660981e-05,2.2893711918e+01
1.9221224006e-04,2.6572352556e-05,1.9395816131e+01
-4.5888173463e-05,5.2367846694e-05,4.1748705043e+01
5.0404448020e-05,1.2880622233e-04,2.0267684205e+01
1.1060996916e-04,3.0203245761e-05,2.2829419388e+01
1.0310851575e-04,2.9632278903e-05,2.2753228575e+01
9.5695115069e-05,2.9134133197e-05,2.2666471320e+01
9.2020519758e-05,2.8910366460e-05,2.2620183964e+01
6.9575807526e-05,2.6060348862e-05,2.2418276558e+01
-3.2755525118e-05,2.5919917442e-05,4.4240482245e+01
-2.9101724331e-05,2.5956813930e-05,4.3619880949e+01
5.9037877318e-05,2.5818887685e-05,2.2613317144e+01
-1.6074004524e-05,2.4507204477e-05,4.1347407071e+01
-8.7236623358e-05,7.7482445337e-05,3.8628271565e+01
-1.4801752814e-06,2.4713171941e-05,3.7855206320e+01
-7.2695093607e-06,2.6245751052e-05,3.8973723524e+01
4.1536464485e-05,2.5496755110e-05,2.6309947706e+01
3.4462790979e-05,2.5361231002e-05,2.8050439097e+01
2.3775388412e-05,2.5156201474e-05,3.0918267348e+01
5.0822482910e-05,5.2298188492e-05,2.1998077151e+01
7.1562260527e-06,2.6495750071e-05,3.5158856603e+01
2.8529657213e-05,2.6927288198e-05,2.9135372787e+01
2.4161233021e-04,1.0136771751e-04,1.5086472201e+01
1.8436038495e-04,2.5710513074e-05,1.9784909266e+01
3.2333767986e-05,1.2701125924e-04,1.4175797758e+01
8.1540028674e-05,7.8288893175e-06,2.3908560520e+01
2.4498927317e-04,9.8681462855e-05,1.4984846741e+01
4.6640387325e-05,4.9805187137e-05,2.1982002972e+01
1.5328256094e-04,1.0601744469e-04,1.7167549173e+01
1.7259174664e-04,2.4489877973e-05,2.0456708135e+01
2.4435978719e-04,9.4909004485e-05,1.5812636326e+01
3.6879245023e-05,4.8956605177e-05,2.1904496578e+01
-2.2068566963e-04,5.7027394678e-05,3.8161002339e+01
-1.1245585398e-04,8.9633509008e-05,3.5712562065e+01
2.4371010096e-04,9.1154773226e-05,1.6490281109e+01
-2.3268324424e-04,7.1749181076e-05,3.6683060537e+01
1.4023977755e-04,1.0853960098e-04,1.8066587946e+01
2.5312154330e-05,1.2336806261e-04,2.9403170289e+01
3.0475979018e-05,4.8480117906e-05,2.1907421389e+01
1.3964122320e-04,1.0525776064e-04,1.8207668691e+01
4.6869492414e-05,7.7205369154e-06,2.9569318460e+01
2.4148965028e-05,4.8073500786e-05,2.2647266291e+01
1.6552602656e-04,2.6191671221e-05,2.0727136122e+01
-9.0792157432e-05,9.1047731486e-05,3.6038306190e+01
1.5623440199e-05,4.9428171104e-05,2.6014944170e+01
1.5768924071e-04,2.5412166191e-05,2.1281154339e+01
-8.6803178080e-05,8.5125681782e-05,3.7233531109e+01
2.3640198464e-05,7.6276317064e-06,3.5164446173e+01
-8.2341051413e-05,8.7020398402e-05,3.7051133318e+01
1.4984985755e-04,2.4682958947e-05,2.1881737915e+01
1.5872147585e-05,7.5946771832e-06,3.7135506677e+01
1.8936065502e-05,3.0643241618e-06,3.7256454854e+01
6.0149632478e-06,4.8891337707e-05,2.9827401228e+01
-1.2564044197e-04,3.5473186281e-05,4.6522078659e+01
3.4426239617e-04,4.8671038890e-05,1.3330338580e+01
-7.0263985989e-06,4.8275561822e-05,3.4415062247e+01
-7.4879042081e-06,7.5077645029e-06,4.2756151907e+01
-1.1862976600e-04,3.5422628372e-05,4.6701583819e+01
2.9964014565e-04,3.8814322880e-05,1.6222624059e+01
3.0297800359e-04,3.5769633245e-05,1.6237180856e+01
-1.9196556085e-05,7.4708336256e-06,4.5186107098e+01
3.4378652001e-04,4.4723987039e-05,1.3468241256e+01
-2.0270368711e-05,4.7786959827e-05,3.8099775244e+01
-1.0103027877e-04,3.5331076924e-05,4.6955984688e+01
1.2950285994e-04,2.0971661188e-05,2.2992119106e+01
-3.8739831330e-05,7.4214257608e-06,4.8432944694e+01
-1.1338584936e-04,5.4106019918e-05,4.2729889610e+01
-7.3591198021e-05,8.6972293448e-05,3.7382521785e+01
-4.6563530322e-05,7.4063717186e-06,4.9434360775e+01
-8.6661513605e-05,3.8586749770e-05,4.6229470171e+01
1.2178629371e-04,2.0540372002e-05,2.2942400071e+01
-5.4389270725e-05,7.3937570458e-06,5.0270919841e+01
3.0483643917e-04,6.2526351735e-06,1.7393935800e+01
-7.2680909296e-05,3.8593884044e-05,4.5872063626e+01
-7.0041352208e-05,7.3768966901e-06,5.1487068011e+01
3.0965884392e-04,2.9604512972e-05,1.6269743217e+01
-7.7868202219e-05,7.3705347813e-06,5.1890902391e+01
1.1034562525e-04,2.0022889286e-05,2.2831603837e+01
-5.5506281762e-05,4.5374117314e-05,4.3691062982e+01
1.0360454169e-04,2.1662505023e-05,2.2753616212e+01
3.4997813698e-04,3.3930606879e-05,1.3410924250e+01
-8.5693516241e-05,7.3659990601e-06,5.2175448720e+01
-5.1698918966e-05,3.8713165828e-05,4.4473718379e+01
-3.5268423428e-04,1.2775556323e-05,1.7163823888e+01
3.4944736102e-04,3.0046809611e-05,1.3545866083e+01
-4.6597509394e-05,4.0428850436e-05,4.3656743940e+01
1.1025627420e-05,3.0526585749e-06,3.9226551974e+01
-1.0915721844e-04,7.3611014219e-06,5.2434839790e+01
9.6142149743e-05,2.1390972809e-05,2.2683767047e+01
-7.7722937330e-05,4.3579490360e-05,4.5086160486e+01
-3.7744917239e-05,3.8880405852e-05,4.2766853697e+01
-1.1697860575e-04,7.3600684940e-06,5.2358435598e+01
-8.6163852114e-05,4.5269456147e-05,4.4887550684e+01
3.5278563589e-04,2.6526528989e-05,1.3346091980e+01
-2.3857967791e-05,3.9130579995e-05,4.0290279483e+01
-1.3649632797e-04,7.3683299423e-06,5.1882969599e+01
8.1433736118e-05,2.1006399671e-05,2.2630785520e+01
-1.4429836574e-04,7.3727070052e-06,5.1591396283e+01
3.0885319718e-04,2.6036671430e-05,1.7120572976e+01
3.0807790813e-04,2.2547515043e-05,1.6980566920e+01
7.4189775379e-05,2.0882208734e-05,2.2683750582e+01
-1.5209582802e-04,7.3781266255e-06,5.1244917678e+01
-6.6649257904e-06,3.9573490644e-05,3.6031355746e+01
-1.0849039396e-04,4.3689442301e-05,4.5094192370e+01
-1.2207468179e-04,4.3816328584e-05,4.4773507876e+01
3.1069275633e-04,1.6059742637e-05,1.7067671056e+01
5.9859341590e-05,2.0715358420e-05,2.4098531645e+01
-3.5260642148e-04,5.9844124455e-06,1.8887795000e+01
-9.5557677824e-05,6.8257657271e-05,4.0193028386e+01
3.0258846588e-04,1.5622411406e-05,1.7065055098e+01
3.4215171229e-05,4.3025696372e-05,2.1761065078e+01
5.2668920782e-05,2.0627007907e-05,2.5354352958e+01
3.5220085521e-04,2.2683346706e-05,1.3468323552e+01
4.5446976227e-05,2.0532375560e-05,2.6838653647e+01
-7.3501704870e-05,9.8827118846e-05,3.5393114252e+01
3.0193031663e-04,1.2454967494e-05,1.7014048032e+01
5.0637209086e-05,4.4099782947e-05,2.2076144527e+01
5.3989087395e-05,4.4364412103e-05,2.2111062754e+01
3.9204055143e-05,1.2285264214e-04,1.7883049214e+01
-5.1160632886e-05,9.9059196567e-05,3.6593665030e+01
-7.3753268274e-05,6.8129514934e-05,4.0573092315e+01
-4.5591485881e-05,9.9225977465e-05,3.6883528729e+01
3.8193116035e-05,2.0433579554e-05,2.8515168838e+01
6.0756541285e-05,4.4950063252e-05,2.2186468716e+01
-3.4487795919e-05,9.9723107604e-05,3.7298538379e+01
-2.8956145022e-05,1.0006529067e-04,3.7352721315e+01
6.4178889178e-05,4.5267883495e-05,2.2226149219e+01
-2.3442191130e-05,1.0048059921e-04,3.7245607933e+01
-1.6173408078e-05,9.9117143394e-05,3.6538567574e+01
-1.0671475721e-05,9.9733098308e-05,3.5738253066e+01
1.9596480100e-05,1.0785631073e-04,2.3715438745e+01
1.6286445051e-05,1.0474181706e-04,2.5653207737e+01
1.0987254908e-05,1.0342402610e-04,2.8340057571e+01
1.8806175033e-04,1.4019997981e-04,1.7531897551e+01
1.8430194280e-04,1.3543434127e-04,1.7512975155e+01
1.7601608386e-04,1.2265438668e-04,1.7484166153e+01
1.8108489070e-04,1.3763737135e-04,1.7489146567e+01
7.7266748884e-05,4.4437128617e-05,2.2395672515e+01
4.7484495839e-05,1.2722221630e-04,1.9444943100e+01
3.5484253603e-04,1.5315326615e-05,1.3200498619e+01
2.3592335959e-05,2.0232975998e-05,3.2267387194e+01
1.9919820733e-05,2.0181200519e-05,3.3254155502e+01
9.2431716184e-05,4.8473689710e-05,2.2560469265e+01
9.6079204436e-05,4.8954211118e-05,2.2604380301e+01
3.5412225830e-04,1.1590112228e-05,1.3347376172e+01
1.0345058530e-04,4.9968631821e-05,2.2692887900e+01
-2.2241949338e-06,1.4712863446e-06,4.2660131569e+01
1.5761090044e-04,1.3614738129e-04,1.7204154088e+01
5.2079148051e-05,1.1780973801e-04,2.0603666231e+01
1.5416741713e-04,1.3502880571e-04,1.7567188927e+01
1.1382073217e-04,4.9024814047e-05,2.2808442173e+01
6.5046465474e-05,1.2668501377e-04,2.2530013711e+01
1.3935885152e-04,1.2402628969e-04,1.8252608246e+01
1.1847055040e-04,5.2217293490e-05,2.2833961299e+01
5.5531018588e-05,1.2227128127e-04,2.1009370778e+01
1.2229108263e-04,5.2820644739e-05,2.2952733556e+01
2.6423019116e-04,1.0008170040e-04,1.4276232822e+01
1.1248608000e-04,1.2211991426e-04,1.9536510245e+01
1.0951340048e-04,1.2432667127e-04,1.9589292652e+01
1.2995170404e-04,5.4072380107e-05,2.2106979006e+01
8.9898857926e-05,1.2403849342e-04,2.0328595662e+01
8.5986318595e-05,1.1948030029e-04,2.1337993849e+01
1.1642506132e-04,1.2652774163e-04,1.9391210706e+01
-2.2379263963e-06,1.9902536374e-05,3.9078389948e+01
1.4060722210e-04,5.3242129776e-05,2.1084805579e+01
-5.9563030047e-06,1.9859309593e-05,3.9983157923e+01
1.4525558947e-04,5.6749681345e-05,2.0475018953e+01
1.4908598868e-04,5.7448274286e-05,2.0096343926e+01
1.5674605752e-04,5.8880850473e-05,1.9373763439e+01
-1.6692645056e-05,7.1597739681e-05,3.4868626547e+01
1.7508985495e-04,5.9570072075e-05,1.7967197839e+01
1.7817317661e-04,5.7275844526e-05,1.7935080990e+01
1.8584199090e-04,5.8730745150e-05,1.7414479009e+01
-7.6550790756e-06,7.2287326956e-05,3.1794627414e+01
1.9034412012e-04,6.2565305801e-05,1.7030821555e+01
-2.4599412800e-05,1.9681271884e-05,4.3967280861e+01
6.1414629025e-06,7.1704931808e-05,2.5071870910e+01
1.4885995082e-05,7.2786709028e-05,2.1584614991e+01
-1.0186691900e-05,1.4659650412e-06,4.4408575624e+01
2.7589111689e-05,7.6828248060e-05,2.1409323805e+01
3.2774431244e-05,7.5556072328e-05,2.1445495032e+01
-5.0832671692e-05,1.9523204447e-05,4.7783127078e+01
5.5442610930e-05,8.2462089911e-05,2.1625845348e+01
6.4452129811e-05,8.2089116932e-05,2.1865340840e+01
7.7144082506e-05,8.2549348789e-05,2.2189946822e+01
6.8563328938e-05,8.5617831760e-05,2.1950734495e+01
9.4739452336e-05,8.6940787227e-05,2.2579078168e+01
9.1953165114e-05,8.8995065713e-05,2.2536386925e+01
8.1402233128e-05,8.6241674422e-05,2.2291565623e+01
1.1372568317e-04,9.4945823121e-05,2.1491714660e+01
1.0930485203e-04,9.0786291839e-05,2.2383297883e+01
1.0359988328e-04,9.5049526433e-05,2.2812497424e+01
9.9977781699e-05,9.4021772404e-05,2.2851318055e+01
-1.6692698607e-05,3.0161038131e-06,4.5473733487e+01
1.2661678418e-04,1.0771700635e-04,1.9210049482e+01
1.2243078510e-04,1.0342837935e-04,1.9777905116e+01
-1.2211643045e-04,1.9480585831e-05,4.9984216558e+01
-1.4448924873e-04,1.9544547943e-05,4.9289216152e+01
-3.2591845698e-04,4.1217258025e-05,1.7807526634e+01
-3.2603430217e-04,3.6341026270e-05,1.7588861798e+01
-2.4619253465e-05,3.0074475970e-06,4.6952878431e+01
-1.8313082719e-04,1.1951649007e-05,4.8512485444e+01
-1.9405676718e-04,1.6656907737e-05,4.6763329879e+01
4.3794937300e-05,1.4543317639e-04,2.1091613550e+01
-3.0883029958e-04,3.3703982774e-05,1.7643665705e+01
-2.5060974448e-04,1.2411953319e-05,3.7316987442e+01
-3.2547929934e-05,2.9997187333e-06,4.8265180807e+01
-2.7177843462e-04,1.1212093110e-05,2.7859688149e+01
-2.6467553946e-04,1.1023083385e-05,3.1740134666e+01
-2.6824750414e-04,1.1110629492e-05,2.9884366418e+01
-2.7827495526e-04,6.3178964706e-06,2.4172776325e+01
1.9442110420e-04,4.8687718036e-05,1.7728335776e+01
-4.2080573912e-05,1.4567833890e-06,4.9861035532e+01
1.7970538685e-04,4.9042258437e-05,1.8394395890e+01
1.7582526540e-04,4.8379853639e-05,1.8658202175e+01
-3.2234943545e-05,1.2759033588e-04,3.8312912798e+01
1.7500884130e-04,4.5494804254e-05,1.8874406390e+01
1.6337491156e-04,4.3674195448e-05,1.9722169568e+01
1.5647167246e-04,4.5256084396e-05,2.0139144966e+01
1.4873353840e-04,4.4086576224e-05,2.0825118025e+01
1.4099797763e-04,4.2973903207e-05,2.1559068819e+01
1.3623869947e-04,3.9837348284e-05,2.2160520182e+01
1.2168175913e-04,4.0415988029e-05,2.2880213434e+01
1.1405784307e-04,3.9505691321e-05,2.2820899919e+01
2.3778295187e-05,1.3627425913e-04,7.5971388697e+01
-7.7882256245e-05,1.2302938858e-04,3.2693835556e+01
-4.1800044299e-05,6.1303170645e-05,4.0174610603e+01
8.7248235092e-05,3.4707013974e-05,2.2563572524e+01
7.7353428801e-05,3.6023259508e-05,2.2437477173e+01
-1.6420640887e-05,6.2292719556e-05,3.5305987324e+01
1.4350784259e-04,7.6062504510e-05,1.9568200291e+01
-7.0721838387e-06,6.2861170744e-05,3.2181991842e+01
5.9885713684e-05,3.4942328917e-05,2.2223826669e+01
-2.7701381923e-04,4.2726116789e-05,2.8728206153e+01
5.6452794188e-05,3.4769382277e-05,2.2198999072e+01
3.3438622635e-05,1.4289748842e-04,1.4594490866e+01
2.1385446994e-06,6.3552117510e-05,2.8199697632e+01
4.9667390316e-05,3.4480100080e-05,2.2203958900e+01
1.0166119004e-05,6.2309621362e-05,2.4653912628e+01
4.6297860984e-05,3.4351124283e-05,2.2020321689e+01
1.9183317597e-05,6.3195738381e-05,2.1707234733e+01
3.9663725251e-05,1.4643028805e-04,2.1884021635e+01
3.2874907823e-05,3.3919735090e-05,2.5807926683e+01
2.9281829983e-05,6.6476359785e-05,2.1625626601e+01
3.2342624070e-05,6.6885746166e-05,2.1628637292e+01
1.3182338621e-04,8.4958232840e-05,2.0244909558e+01
3.8590791731e-05,6.7814181571e-05,2.1641680744e+01
4.1716756729e-05,6.8287312781e-05,2.1662685875e+01
4.7199626268e-05,6.6948541445e-05,2.1746709424e+01
1.5787010540e-05,3.3404855032e-05,3.0883797113e+01
6.1131226482e-05,7.1675953617e-05,2.1903679709e+01
6.7845238328e-05,7.2996377883e-05,2.2023799109e+01
7.7211634754e-05,7.2404960606e-05,2.2224229462e+01
7.8084398804e-05,7.5089041792e-05,2.2232440424e+01
8.5072683779e-05,7.6601203298e-05,2.2373577523e+01
-2.9919802614e-06,3.1240712127e-05,3.6815066795e+01
9.1291594652e-05,7.5365973593e-05,2.2492562001e+01
1.0305188661e-04,8.0731330724e-05,2.2707152343e+01
1.0953018395e-04,7.9509020052e-05,2.2928125989e+01
-5.0047909059e-05,1.4536661930e-06,5.0799711828e+01
1.2152497044e-04,8.5279936059e-05,2.1340333271e+01
-2.4341791633e-05,3.0849615838e-05,4.1852282817e+01
-2.8583008492e-04,2.6308942982e-05,1.7140687842e+01
-2.8310174353e-04,2.5775653522e-05,1.9167180208e+01
3.8884906074e-05,7.6670005904e-05,2.1457978532e+01
7.1556945599e-05,1.5610701458e-04,1.8872693926e+01
3.2199530852e-04,1.0599690194e-04,1.2433402874e+01
-2.6519295135e-04,2.9449568284e-05,3.0914797838e+01
-6.9089077884e-05,5.9137539548e-05,4.2070972659e+01
-2.5619492265e-04,3.0511763174e-05,3.4256767277e+01
-1.0596665048e-04,4.8788524364e-05,4.4036712713e+01
7.3723470355e-05,8.1736085304e-05,2.2106870008e+01
-1.7127037726e-04,2.6075536240e-05,4.6636138173e+01
-1.9876472106e-04,2.4754801625e-05,4.4868825540e+01
-2.3366394885e-04,4.8204196989e-05,3.7957132540e+01
-1.6298989092e-04,2.4383939812e-05,4.7445541373e+01
-1.3199662459e-04,5.8006910846e-05,4.1359920034e+01
-1.4148473115e-04,5.8247504080e-05,4.1017109648e+01
-2.1041762094e-04,4.8233941512e-05,3.9890906607e+01
-6.0307680936e-05,2.9799018146e-06,5.1526371665e+01
-2.4384516414e-04,2.9579393955e-05,3.7614935609e+01
-1.2243618229e-04,5.7803878665e-05,4.1684558552e+01
-2.1623857005e-04,2.5061353049e-05,4.2921335357e+01
-1.9701672666e-04,4.3761735832e-05,4.1516297430e+01
-2.0740554413e-04,4.8039148167e-05,4.0123611228e+01
-1.8007414070e-04,4.8592745123e-05,4.1550815397e+01
-1.4970003800e-04,2.5901484822e-05,4.7763766206e+01
1.1685103599e-04,1.5884972290e-04,1.8457689575e+01
-2.1002218284e-04,2.6619411791e-05,4.3403034555e+01
-1.3927706359e-04,3.0670698098e-05,4.7149522294e+01
-1.2145604866e-04,3.0551119903e-05,4.7693616275e+01
-1.0921492545e-04,2.8890027941e-05,4.8248609218e+01
-1.1430094460e-04,3.0513820806e-05,4.7839065573e+01
-1.3212397637e-04,3.0629318739e-05,4.7394028224e+01
-7.8278770822e-05,3.0466582793e-05,4.7630903260e+01
-9.9937624949e-05,3.0465348694e-05,4.7971118100e+01
-6.9368777332e-05,2.8871243674e-05,4.7543629484e+01
-6.3881125700e-05,3.0493797788e-05,4.6912763197e+01
-8.5527978458e-05,3.0449497872e-05,4.7832707045e+01
-1.6644189080e-04,1.0766708199e-04,3.4292882897e+01
-6.8239936061e-05,2.9761351246e-06,5.2104248225e+01
7.4042917923e-05,1.2426652691e-04,2.2434108881e+01
-7.3950800530e-05,1.4466674562e-06,5.2678461028e+01
8.3110798300e-05,1.2155518046e-04,2.1292087031e+01
1.7126315644e-04,5.8834317755e-05,1.8277707307e+01
-1.6668940112e-04,1.4973591018e-05,4.9091524413e+01
-8.1918187969e-05,1.4450218890e-06,5.3030601708e+01
9.6239732192e-05,1.2310907410e-04,2.0086615687e+01
1.7596664317e-04,1.5573952500e-04,1.7999116030e+01
1.0605833584e-04,1.2321741276e-04,1.9715788132e+01
1.8350682985e-04,1.5590032935e-04,1.7502781691e+01
-1.9778201272e-04,9.9064051185e-05,3.5145148141e+01
1.9660765955e-04,5.7820816965e-05,1.7034664264e+01
1.9903977161e-04,5.2366361178e-05,1.7307434088e+01
-2.0145125156e-04,1.6707004376e-05,4.6033778606e+01
1.2590325793e-04,1.2311660428e-04,1.9021288410e+01
-9.2006251394e-05,2.9607117396e-06,5.3066686394e+01
1.3587058516e-04,1.2297338095e-04,1.8465741241e+01
2.6480550529e-04,1.3722427763e-04,1.3078266019e+01
1.3608466819e-04,1.0426227322e-04,1.8579230932e+01
-9.9936365880e-05,2.9593622616e-06,5.3171777696e+01
1.6371163237e-04,1.3169044084e-04,1.7353723175e+01
1.6940449733e-04,1.2377493120e-04,1.7452711842e+01
1.6634310637e-04,1.2604349135e-04,1.7423834957e+01
-2.2397569339e-04,9.1277588272e-05,3.5855905714e+01
2.2277905810e-04,1.5189197775e-04,1.5909655557e+01
-2.6106321622e-04,1.0949199562e-05,3.3436909216e+01
2.2699157875e-04,1.5101143990e-04,1.3047248330e+01
-1.0786540118e-04,2.9584946333e-06,5.3187748885e+01
1.3838857895e-04,9.8748817810e-05,1.8590463780e+01
1.4065089052e-04,9.3258500245e-05,1.8667723119e+01
1.4359178130e-04,9.0999576897e-05,1.8503238917e+01
1.4582499309e-04,8.5538934097e-05,1.8648962853e+01
-1.1379508548e-04,1.4447652625e-06,5.3393886025e+01
-2.7452744851e-04,6.2561584079e-06,2.6660769489e+01
1.4724501036e-04,7.6938093945e-05,1.9133618375e+01
1.4802926676e-04,8.0089327707e-05,1.8832838868e+01
-2.3650818026e-04,8.6399364523e-05,3.6161913540e+01
-1.2175988958e-04,1.4443740939e-06,5.3275212015e+01
-4.2268074934e-05,3.0640601742e-05,4.4794577766e+01
-1.3167125765e-04,2.9671565648e-06,5.2784327480e+01
-1.3560490244e-04,2.9600782892e-06,5.2662236221e+01
-2.1869821212e-04,4.4932505278e-05,3.9701899575e+01
2.7286184517e-04,1.3538628014e-04,1.2913670163e+01
-1.4352956094e-04,2.9597127268e-06,5.2369154407e+01
2.8132091802e-04,1.3171222445e-04,1.2811080762e+01
-1.4963088690e-04,1.4443801743e-06,5.2346862324e+01
-1.7894238339e-04,2.9209133201e-06,5.0311551836e+01
-1.5759213153e-04,1.4447591527e-06,5.1944001889e+01
3.0038330841e-04,1.2098732190e-04,1.2631469581e+01
-2.3672401643e-04,5.2722336010e-05,3.7404835965e+01
-1.9341001149e-04,5.9170152758e-06,4.8589998984e+01
-1.9863323639e-04,7.4437739051e-06,4.7826067200e+01
-2.0636344617e-04,7.4495126163e-06,4.6942118395e+01
-4.7373616424e-05,2.5801333530e-05,4.6276328663e+01
-2.9630754150e-04,1.6086312865e-06,1.7147752897e+01
-2.1409829246e-04,7.4684994820e-06,4.5913823471e+01
-9.5573941360e-05,5.2172414338e-05,4.3467897471e+01
-9.0175598129e-05,5.7401131594e-05,4.2459514695e+01
-3.0795768089e-04,1.7052529806e-06,1.7516914224e+01
-2.2068230417e-04,5.9663279778e-06,4.5095850436e+01
-3.1864100898e-04,1.3102699701e-05,1.7144154979e+01
-3.2648748937e-04,1.1601895986e-05,1.7353310191e+01
-2.3336526582e-04,7.5323441079e-06,4.2490259760e+01
-2.4605294655e-04,2.9784696644e-06,3.9639513589e+01
-1.4774249688e-04,5.8433037637e-05,4.0781709487e+01
-1.5040176513e-05,1.2681894942e-04,4.3571366052e+01
-1.5735827917e-04,5.3283678993e-05,4.1534439924e+01
-1.6182597085e-04,4.9802603727e-05,4.2094941471e+01
-2.5558154228e-04,6.1074125370e-06,3.6129105168e+01
-1.7052832330e-04,4.8256765146e-05,4.2052761873e+01
3.5453903241e-04,7.4674619070e-05,1.2111809855e+01
-2.0662753723e-04,2.6522438948e-05,4.3783609567e+01
3.5739150832e-04,7.1221680836e-05,1.2071307997e+01
3.6308951430e-04,6.4229571219e-05,1.1964698285e+01
-2.9163553854e-04,6.2882340979e-05,3.6845081466e+01
-3.2755770643e-04,4.8759973740e-05,1.8424160896e+01
-2.5014207143e-04,2.9991623472e-05,3.6031465634e+01
-2.2815382855e-04,4.9661628135e-05,3.8354749960e+01
-2.7754849796e-04,2.4862097255e-05,2.3639350125e+01
-2.7436355372e-04,2.6508769146e-05,2.5928550339e+01
3.8875862683e-04,1.7310682692e-05,1.0073629528e+01
-3.7520039791e-04,1.8551849392e-05,9.6986852824e+00
-3.1254000279e-04,2.5881557339e-05,1.7405199994e+01
-3.2686152072e-04,1.7661601740e-05,1.7147823302e+01
-3.1931849753e-04,2.5168423215e-05,1.7423996662e+01
-2.6857429405e-04,4.7584495928e-05,3.2654784768e+01
-3.2986924317e-04,1.2145244598e-05,1.7295301398e+01
-3.2229595081e-04,1.9632522489e-05,1.7248380676e+01
-3.2183128351e-04,6.0349810843e-06,1.7630680392e+01
-3.1735410316e-04,7.9900330613e-06,1.7460127627e+01
-3.0110490846e-04,3.8978911497e-05,1.7332058409e+01
-3.0535733277e-04,3.5108982505e-05,1.7555289995e+01
-3.1778358445e-04,3.9061995217e-05,1.7697531143e+01
-3.1181917572e-04,1.7472861768e-06,1.7601602547e+01
-3.0019257275e-04,1.6339966047e-06,1.7230988543e+01
-3.7085337222e-05,1.2714762433e-04,3.5834837782e+01
3.3861826846e-04,9.1255944660e-05,1.2297603510e+01
1.3182973263e-04,1.5937186294e-04,1.8399795000e+01
-6.9156190397e-05,1.2150996243e-04,3.2513593898e+01
3.8460467979e-04,1.3233726548e-05,8.7857885960e+00
1.0036589159e-04,1.5621350937e-04,1.8733142393e+01
-1.7111718814e-04,2.9144082934e-06,5.0884546359e+01
4.6795577384e-05,3.0168716810e-06,3.0533787836e+01
2.7256944145e-04,2.8591356863e-06,2.1828662290e+01
2.6914306336e-04,5.6326813400e-06,2.1416016873e+01
2.9635931456e-04,3.1145279347e-06,1.7590718307e+01
6.0625431228e-05,1.5396700736e-04,1.9192699405e+01
3.1247318889e-04,3.0925896580e-06,1.7688764977e+01
-9.9896347024e-06,1.2714328451e-04,4.4650417833e+01
3.5745430240e-04,7.8597708534e-06,1.2501452705e+01
3.4552550444e-04,7.3595730196e-06,1.5193958191e+01
3.6472877114e-04,3.9723364830e-06,9.8981794660e+00
3.7658483586e-04,4.1248982385e-06,6.2260100390e+00
3.1817834932e-04,1.0895308157e-04,1.2466022227e+01
3.2844254146e-04,3.4081254152e-06,1.7091578028e+01
1.0917137631e-04,1.5953516438e-04,1.8412524077e+01
-4.2126411139e-05,1.2680151174e-04,3.3449285664e+01
-1.6128039944e-04,1.0898839489e-04,3.4164869474e+01
3.8473093511e-04,2.6395189399e-05,1.0890162207e+01
-3.4794349694e-04,3.8981186419e-05,1.1882085751e+01
3.6945686871e-04,4.8987338283e-05,1.1920674528e+01
3.5669967972e-04,6.7251625141e-05,1.2214498456e+01
3.2842126844e-04,1.0028873774e-04,1.2395392023e+01
3.9298095433e-04,7.8267271024e-06,6.8722764441e+00
-3.8734240455e-04,8.2691773972e-06,5.5334355835e+00
1.5653314581e-04,1.5497491786e-04,1.8348139164e+01
6.4196685561e-05,1.5490076898e-04,1.9044991634e+01
-1.2259017969e-04,1.1446933300e-04,3.3317430366e+01
-3.3494139889e-04,4.3605838887e-05,1.6546391707e+01
2.0639878962e-04,1.5406419632e-04,1.7460750537e+01
1.0240180455e-05,1.2730931793e-04,4.8762172315e+01
-7.2757696083e-05,1.2349586933e-04,3.2629862214e+01
-1.5299754804e-04,1.0861213448e-04,3.3996737240e+01
4.5678931582e-05,1.5030509525e-04,1.9935171345e+01
-1.4019532796e-04,1.1345478856e-04,3.3688025997e+01
2.1970997199e-04,1.4959074018e-04,1.7099298720e+01
2.3836353123e-04,1.4504331309e-04,1.3454616614e+01
-2.3392590628e-04,8.5567645360e-05,3.6144065308e+01
1.3903395807e-04,1.5935463070e-04,1.8364265495e+01
-1.1396964062e-04,1.1810118680e-04,3.3192354688e+01
7.7278111249e-05,1.5411126053e-04,1.9068833611e+01
-2.8801793633e-06,1.2834475841e-04,4.8317058442e+01
3.1422775577e-04,1.0814832461e-04,1.2648375071e+01
2.9670245798e-04,1.1963754000e-04,1.2817496254e+01
-2.6773414303e-04,7.2228769703e-05,3.7164010577e+01
1.9826254688e-04,1.5484066860e-04,1.7319293230e+01
9.0176074823e-05,1.5572000302e-04,1.8820690259e+01
3.7254743161e-04,4.4939785062e-05,1.1784656853e+01
-1.4879211066e-04,1.0975823416e-04,3.3891859813e+01
1.0430099686e-04,1.5691514208e-04,1.8653750996e+01
3.1146159166e-04,1.1456074969e-04,1.2494422723e+01
-1.0350413612e-04,1.1740860016e-04,3.2962588581e+01
1.6662962793e-04,1.5466171007e-04,1.8144163365e+01
-2.4146236406e-04,8.5225299015e-05,3.6285978022e+01
-5.5137198540e-05,1.2348476997e-04,3.2506581373e+01
-1.7457314460e-04,1.0378721431e-04,3.4548816000e+01
1.5025605232e-04,1.5583525434e-04,1.8424800450e+01
8.0642942029e-05,1.5484821145e-04,1.8952173821e+01
2.8991327448e-04,1.2449396459e-04,1.2844677271e+01
3.9521706422e-04,3.6768408315e-06,5.1861505775e+00
-3.9234188287e-04,3.9743790259e-06,3.8970707025e+00
7.4412945656e-06,1.2355597308e-04,4.3102543765e+01
3.8385875013e-04,2.2642063805e-05,1.0653865128e+01
3.0835158539e-04,1.1723708533e-04,1.2498812170e+01
-2.0675614695e-04,9.5392034160e-05,3.5428638133e+01
-6.0329626541e-05,1.2319592288e-04,3.2478728866e+01
-3.2201189658e-04,4.8862350492e-05,1.7878205584e+01
2.1605891325e-04,1.5098245239e-04,1.7213386233e+01
1.4399856586e-04,1.5646868132e-04,1.8463638839e+01
2.3450803182e-04,1.4659694585e-04,1.3458602446e+01
2.4174724767e-04,1.4521296362e-04,1.3349255224e+01
-3.6990601516e-04,2.1065753990e-05,1.0458525057e+01
3.6540620609e-04,5.7226396673e-05,1.2001589212e+01
-2.1995196069e-04,9.1288129525e-05,3.5783724888e+01
-1.9355456570e-04,9.9327721152e-05,3.5055286315e+01
