x_m y_m sigma_comp_mag_Pa
4.0000000000e-04 0.0000000000e+00 -1.0553029098e+00
-4.0000000000e-04 3.0616169979e-20 -1.6195144749e+00
3.9658876051e-04 5.9183403717e-06 1.0038391855e+01
3.9433639362e-04 1.1248852677e-05 9.7727769109e+00
3.9229230651e-04 1.6342411857e-05 1.0187691001e+01
3.9028285126e-04 2.1263583141e-05 1.0508727619e+01
3.8825188111e-04 2.6047262058e-05 1.0739288041e+01
3.8617179992e-04 3.0711783541e-05 1.0921850403e+01
3.8402787515e-04 3.5269212195e-05 1.1084201019e+01
3.8181299020e-04 3.9724844810e-05 1.1222301714e+01
3.7952246886e-04 4.4084407665e-05 1.1335006334e+01
3.7715453495e-04 4.8350947339e-05 1.1433306999e+01
3.7470859943e-04 5.2527004777e-05 1.1517281307e+01
3.7218510603e-04 5.6614449426e-05 1.1589180514e+01
3.6958499425e-04 6.0614803369e-05 1.1650358003e+01
3.6690949159e-04 6.4529424269e-05 1.1702927664e+01
3.6416007861e-04 6.8359525696e-05 1.1748797848e+01
3.6133845250e-04 7.2106280563e-05 1.1789182211e+01
3.5844641000e-04 7.5770675773e-05 1.1825651335e+01
3.5548575643e-04 7.9353678576e-05 1.1858674013e+01
3.5245839256e-04 8.2856269493e-05 1.1889497905e+01
3.4936624274e-04 8.6279362295e-05 1.1919243916e+01
3.4621121923e-04 8.9623815441e-05 1.1947776826e+01
3.4299518047e-04 9.2890544085e-05 1.1975394050e+01
3.3972011792e-04 9.6080308632e-05 1.2003704268e+01
3.3638783226e-04 9.9194017654e-05 1.2031503281e+01
3.3300013848e-04 1.0223246500e-04 1.2059634534e+01
3.2955888111e-04 1.0519639741e-04 1.2088722607e+01
3.2606580309e-04 1.0808662739e-04 1.2118403921e+01
3.2252261847e-04 1.1090391097e-04 1.2148876929e+01
3.1893098618e-04 1.1364899615e-04 1.2179960456e+01
3.1529255054e-04 1.1632259964e-04 1.2212127154e+01
3.1160886522e-04 1.1892544590e-04 1.2245055303e+01
3.0788145951e-04 1.2145821996e-04 1.2279155604e+01
3.0411180094e-04 1.2392158777e-04 1.2314636060e+01
3.0030129982e-04 1.2631619701e-04 1.2349941041e+01
2.9645132052e-04 1.2864266800e-04 1.2386770368e+01
2.9256319046e-04 1.3090161336e-04 1.2424097209e+01
2.8863815435e-04 1.3309359334e-04 1.2462354669e+01
2.8467744269e-04 1.3521916315e-04 1.2500298851e+01
2.8068216046e-04 1.3727880042e-04 1.2538942578e+01
2.7665341118e-04 1.3927295245e-04 1.2579561754e+01
2.7259225666e-04 1.4120212945e-04 1.2619058488e+01
2.6849968636e-04 1.4306664277e-04 1.2658995752e+01
2.6437666028e-04 1.4486683282e-04 1.2699830749e+01
2.6022406687e-04 1.4660305191e-04 1.2740188765e+01
2.5604271996e-04 1.4827549043e-04 1.2780623088e+01
2.5183346038e-04 1.4988428625e-04 1.2820195183e+01
2.4759693851e-04 1.5142957366e-04 1.2860706702e+01
2.4333390970e-04 1.5291138374e-04 1.2900383473e+01
2.3904498905e-04 1.5432968451e-04 1.2939531376e+01
2.3473076302e-04 1.5568429515e-04 1.2978285774e+01
2.3039174762e-04 1.5697498330e-04 1.3016960192e+01
2.2602848100e-04 1.5820140417e-04 1.3053306525e+01
2.2164136579e-04 1.5936305831e-04 1.3089944932e+01
2.1723084216e-04 1.6045929809e-04 1.3125992592e+01
2.1279725114e-04 1.6148936145e-04 1.3159348315e+01
2.0834085135e-04 1.6245220814e-04 1.3191550467e+01
2.0386190547e-04 1.6334658143e-04 1.3222232917e+01
1.9936055661e-04 1.6417104432e-04 1.3253349854e+01
1.9483709391e-04 1.6492372972e-04 1.3279961897e+01
1.9029147078e-04 1.6560240875e-04 1.3303924381e+01
1.8572372690e-04 1.6620431121e-04 1.3326074012e+01
1.8113379616e-04 1.6672602889e-04 1.3345897387e+01
1.7652158678e-04 1.6716334267e-04 1.3358298149e+01
1.7188675833e-04 1.6751055602e-04 1.3366258252e+01
1.6722854253e-04 1.6776013941e-04 1.3376139279e+01
1.6254628052e-04 1.6790177989e-04 1.3347956985e+01
1.5783723509e-04 1.6791879401e-04 1.3356843989e+01
1.5309477585e-04 1.6777407270e-04 1.3400895707e+01
1.4837835274e-04 1.6736725234e-04 1.6812843131e+01
1.4395173611e-04 1.6676637504e-04 1.7797445766e+01
1.3975478169e-04 1.6610701015e-04 1.8090968335e+01
1.3576864644e-04 1.6545251430e-04 1.7758774366e+01
1.3187202155e-04 1.6484129502e-04 1.7543692541e+01
1.2803380476e-04 1.6426086983e-04 1.7315808886e+01
1.2422003822e-04 1.6369830961e-04 1.7859434105e+01
1.2042330025e-04 1.6313882969e-04 1.8012280947e+01
1.1663536973e-04 1.6257309269e-04 1.8065705810e+01
1.1285062612e-04 1.6199166600e-04 1.8122295502e+01
1.0906497318e-04 1.6138489394e-04 1.8157771869e+01
1.0527829378e-04 1.6074442585e-04 1.8129131649e+01
1.0148809266e-04 1.6006101835e-04 1.8124876702e+01
9.7695062482e-05 1.5932553047e-04 1.8084515479e+01
9.3899514815e-05 1.5852721071e-04 1.8049187966e+01
9.0103447409e-05 1.5765378333e-04 1.8009753923e+01
8.6310216984e-05 1.5669080415e-04 1.7969169121e+01
8.2525393619e-05 1.5562034512e-04 1.7927095002e+01
7.8757661625e-05 1.5441940456e-04 1.7879400096e+01
7.5021117839e-05 1.5305698542e-04 1.7829940192e+01
7.1341633526e-05 1.5148788920e-04 1.8086618330e+01
6.7779209907e-05 1.4964556814e-04 1.7286676815e+01
6.4460393398e-05 1.4736682926e-04 2.1509667788e+01
6.2190996529e-05 1.4448946474e-04 2.5627578108e+01
6.1124023218e-05 1.4276952104e-04 1.2264295099e+02
5.9514484515e-05 1.4162772589e-04 1.0749898739e+02
5.7691295288e-05 1.4069617975e-04 9.9407777462e+01
5.5760056522e-05 1.3988446001e-04 9.3611522013e+01
5.3761145088e-05 1.3916438975e-04 8.9380391818e+01
5.1711093153e-05 1.3851777443e-04 8.5902436272e+01
4.9622347807e-05 1.3793261456e-04 8.2854875150e+01
4.7500320334e-05 1.3739893821e-04 8.0021369633e+01
4.5349965497e-05 1.3690880810e-04 7.7336507925e+01
4.3174467171e-05 1.3645624793e-04 7.4821891618e+01
4.0976480118e-05 1.3603675466e-04 7.2393299327e+01
3.8757785841e-05 1.3564610784e-04 7.0098368898e+01
3.6519856507e-05 1.3528086444e-04 6.7840236774e+01
3.4263752242e-05 1.3493797071e-04 6.5623477423e+01
3.1990297163e-05 1.3461476190e-04 6.3440769481e+01
2.9700116557e-05 1.3430891502e-04 6.1285920728e+01
2.7393557642e-05 1.3401824833e-04 5.9129355128e+01
2.5070822266e-05 1.3374069104e-04 5.6970399848e+01
2.2731878820e-05 1.3347426977e-04 5.4789280916e+01
2.0376358006e-05 1.3321687563e-04 5.2557784954e+01
1.8003346511e-05 1.3296556949e-04 5.0361982936e+01
1.5614600934e-05 1.3271577217e-04 4.9484740347e+01
1.3220290159e-05 1.3247380540e-04 5.0987569956e+01
1.0834476188e-05 1.3225202817e-04 5.1989549065e+01
8.4485051861e-06 1.3204636426e-04 5.0874513101e+01
6.0566611639e-06 1.3184961056e-04 4.9489495689e+01
3.6569952840e-06 1.3165864617e-04 4.8110086555e+01
1.2491956428e-06 1.3147201824e-04 4.6727090524e+01
-1.1669284424e-06 1.3128868285e-04 4.5380575332e+01
-3.5914077687e-06 1.3110776895e-04 4.4039564230e+01
-6.0242125287e-06 1.3092852891e-04 4.2718094289e+01
-8.4653156296e-06 1.3075029013e-04 4.1434245778e+01
-1.0914655437e-05 1.3057242517e-04 4.0146815712e+01
-1.3372092928e-05 1.3039441779e-04 3.8889078236e+01
-1.5837445915e-05 1.3021575688e-04 3.7690208089e+01
-1.8310384612e-05 1.3003596220e-04 3.6513420497e+01
-2.0790756133e-05 1.2985458593e-04 3.5345482948e+01
-2.3278526759e-05 1.2967114653e-04 3.4156284214e+01
-2.5773581637e-05 1.2948523427e-04 3.2866232246e+01
-2.8275785906e-05 1.2929648504e-04 3.2280158131e+01
-3.0784983632e-05 1.2910453954e-04 3.2158464584e+01
-3.3301012411e-05 1.2890905698e-04 3.2137496028e+01
-3.5823712563e-05 1.2870971562e-04 3.2132636207e+01
-3.8352909306e-05 1.2850620884e-04 3.2142909766e+01
-4.0888456196e-05 1.2829824449e-04 3.2154971217e+01
-4.3430166721e-05 1.2808555103e-04 3.2163708073e+01
-4.5977880834e-05 1.2786786033e-04 3.2180170512e+01
-4.8531422370e-05 1.2764491673e-04 3.2198588190e+01
-5.1090626321e-05 1.2741648164e-04 3.2217891557e+01
-5.3655315256e-05 1.2718232578e-04 3.2237513047e+01
-5.6225321292e-05 1.2694222859e-04 3.2261035920e+01
-5.8800481412e-05 1.2669598269e-04 3.2284054938e+01
-6.1380623350e-05 1.2644337385e-04 3.2305670574e+01
-6.3965548052e-05 1.2618421355e-04 3.2333630314e+01
-6.6555133929e-05 1.2591830652e-04 3.2365366985e+01
-6.9149185104e-05 1.2564548106e-04 3.2393868490e+01
-7.1747536061e-05 1.2536556335e-04 3.2425156227e+01
-7.4350019358e-05 1.2507838718e-04 3.2457587122e+01
-7.6956467016e-05 1.2478378861e-04 3.2491928401e+01
-7.9566734764e-05 1.2448160739e-04 3.2523518220e+01
-8.2180602583e-05 1.2417170879e-04 3.2557941828e+01
-8.4797958687e-05 1.2385393451e-04 3.2596620283e+01
-8.7418618809e-05 1.2352815073e-04 3.2634782374e+01
-9.0042420994e-05 1.2319422015e-04 3.2673936339e+01
-9.2669205831e-05 1.2285201007e-04 3.2713337626e+01
-9.5298810023e-05 1.2250139268e-04 3.2754180080e+01
-9.7931062983e-05 1.2214225199e-04 3.2798374973e+01
-1.0056583911e-04 1.2177446488e-04 3.2841183907e+01
-1.0320293159e-04 1.2139791735e-04 3.2886570854e+01
-1.0584223614e-04 1.2101248599e-04 3.2931784439e+01
-1.0848354328e-04 1.2061807082e-04 3.2978113994e+01
-1.1112673568e-04 1.2021456239e-04 3.3026334641e+01
-1.1377164827e-04 1.1980185956e-04 3.3074600602e+01
-1.1641811825e-04 1.1937985699e-04 3.3124676912e+01
-1.1906600158e-04 1.1894844962e-04 3.3176332043e+01
-1.2171513923e-04 1.1850754484e-04 3.3228713345e+01
-1.2436538820e-04 1.1805704814e-04 3.3282097529e+01
-1.2701659489e-04 1.1759686697e-04 3.3336729565e+01
-1.2966860540e-04 1.1712691025e-04 3.3392456785e+01
-1.3232125840e-04 1.1664708637e-04 3.3449588723e+01
-1.3497444428e-04 1.1615729404e-04 3.3507151131e+01
-1.3762796909e-04 1.1565746559e-04 3.3565368039e+01
-1.4028171736e-04 1.1514750693e-04 3.3625640445e+01
-1.4293551978e-04 1.1462733799e-04 3.3687434221e+01
-1.4558924788e-04 1.1409687250e-04 3.3748692336e+01
-1.4824275083e-04 1.1355602122e-04 3.3811424008e+01
-1.5089585112e-04 1.1300470831e-04 3.3877206362e+01
-1.5354845706e-04 1.1244285678e-04 3.3943558415e+01
-1.5620040372e-04 1.1187039456e-04 3.4009401158e+01
-1.5885151534e-04 1.1128723423e-04 3.4076985252e+01
-1.6150168466e-04 1.1069329201e-04 3.4145746965e+01
-1.6415074600e-04 1.1008849967e-04 3.4216637516e+01
-1.6679855947e-04 1.0947279417e-04 3.4287786139e+01
-1.6944498673e-04 1.0884609018e-04 3.4359268060e+01
-1.7208987251e-04 1.0820829970e-04 3.4432960611e+01
-1.7473307852e-04 1.0755935809e-04 3.4508155166e+01
-1.7737443802e-04 1.0689921512e-04 3.4583831922e+01
-1.8001385131e-04 1.0622777799e-04 3.4660737251e+01
-1.8265114469e-04 1.0554497526e-04 3.4739347062e+01
-1.8528618891e-04 1.0485073513e-04 3.4818411096e+01
-1.8791886058e-04 1.0414498508e-04 3.4898257589e+01
-1.9054899898e-04 1.0342768019e-04 3.4978628750e+01
-1.9317645976e-04 1.0269875416e-04 3.5059039882e+01
-1.9580108076e-04 1.0195814380e-04 3.5140797462e+01
-1.9842267380e-04 1.0120580166e-04 3.5222825793e+01
-2.0104114800e-04 1.0044165093e-04 3.5305637096e+01
-2.0365631546e-04 9.9665661394e-05 3.5389087702e+01
-2.0626802372e-04 9.8877775867e-05 3.5472196387e+01
-2.0887613066e-04 9.8077940740e-05 3.5555746515e+01
-2.1148043497e-04 9.7266120091e-05 3.5638539654e+01
-2.1408084962e-04 9.6442276950e-05 3.5721232924e+01
-2.1667712111e-04 9.5606404979e-05 3.5802067734e+01
-2.1926913532e-04 9.4758453162e-05 3.5881903851e+01
-2.2185668799e-04 9.3898414644e-05 3.5959970702e+01
-2.2443956983e-04 9.3026295478e-05 3.6035754119e+01
-2.2701760340e-04 9.2142123792e-05 3.6105229390e+01
-2.2959053711e-04 9.1245897569e-05 3.6170040476e+01
-2.3215809643e-04 9.0337647812e-05 3.6226018759e+01
-2.3471995706e-04 8.9417422438e-05 3.6271863091e+01
-2.3727549429e-04 8.8485369755e-05 3.6302131757e+01
-2.3982390433e-04 8.7541423710e-05 3.6337784644e+01
-2.4236352875e-04 8.6585634386e-05 3.6477705644e+01
-2.4489284651e-04 8.5617831214e-05 3.6845532419e+01
-2.4741262429e-04 8.4638369252e-05 3.7318368715e+01
-2.4992600298e-04 8.3646865062e-05 3.7738171449e+01
-2.5243564211e-04 8.2642617621e-05 3.8032371732e+01
-2.5494296214e-04 8.1625302692e-05 3.8198812938e+01
-2.5744765337e-04 8.0595304895e-05 3.8292786880e+01
-2.5994878781e-04 7.9552981802e-05 3.8380736069e+01
-2.6244552375e-04 7.8498878336e-05 3.8472863260e+01
-2.6493759551e-04 7.7433412474e-05 3.8569428499e+01
-2.6742483942e-04 7.6357014487e-05 3.8668876244e+01
-2.6990715058e-04 7.5270203120e-05 3.8771245516e+01
-2.7238455980e-04 7.4173568974e-05 3.8872652137e+01
-2.7485721090e-04 7.3067765273e-05 3.8981281039e+01
-2.7732523452e-04 7.1953575762e-05 3.9081196094e+01
-2.7978914851e-04 7.0831824683e-05 3.9181517346e+01
-2.8224922575e-04 6.9703710360e-05 3.9271507204e+01
-2.8470613169e-04 6.8570497426e-05 3.9359811066e+01
-2.8716061754e-04 6.7433695974e-05 3.9439525434e+01
-2.8961368040e-04 6.6295169360e-05 3.9501662828e+01
-2.9206656847e-04 6.5157184570e-05 3.9546784967e+01
-2.9452091682e-04 6.4022472353e-05 3.9559267994e+01
-2.9697862865e-04 6.2894378387e-05 3.9540375337e+01
-2.9944212259e-04 6.1777272343e-05 3.9480553057e+01
-3.0191505922e-04 6.0676475572e-05 3.9301130091e+01
-3.0440077261e-04 5.9599130164e-05 3.9102411054e+01
-3.0690475266e-04 5.8554952065e-05 3.8754181762e+01
-3.0943326835e-04 5.7557854352e-05 3.8144684244e+01
-3.1199437897e-04 5.6629588289e-05 3.7790573384e+01
-3.1460021884e-04 5.5808442275e-05 3.7464728206e+01
-3.1725934043e-04 5.5212997721e-05 3.0964733702e+01
-3.2025812404e-04 5.4926818000e-05 1.7949230263e+01
-3.2489406583e-04 5.4248427644e-05 1.4369224304e+01
-3.3041942823e-04 5.2351038572e-05 1.1704679686e+01
-3.3587805902e-04 4.9791676304e-05 1.2291107858e+01
-3.4128482721e-04 4.6846298486e-05 1.1942642430e+01
-3.4667402517e-04 4.3588529935e-05 1.1684492488e+01
-3.5206874512e-04 4.0046487587e-05 1.1333813472e+01
-3.5748826590e-04 3.6228226384e-05 1.0949631961e+01
-3.6295379149e-04 3.2126471304e-05 1.0521772641e+01
-3.6848036672e-04 2.7725103198e-05 1.0090377629e+01
-3.7409354331e-04 2.2993281541e-05 9.6068544176e+00
-3.7982942275e-04 1.7888688126e-05 9.0548565381e+00
-3.8574993364e-04 1.2367515714e-05 8.7239985519e+00
-3.9207928563e-04 6.4015227252e-06 8.2625301716e+00
-3.9600000000e-04 3.0463089129e-20 -6.0710097760e-01
-3.9200000000e-04 3.0310008279e-20 -6.7596590069e-01
-3.8800000000e-04 3.0156927429e-20 -1.5083767978e+00
-3.8400000000e-04 3.0003846579e-20 2.8454336280e+00
-3.8000000000e-04 2.9850765729e-20 9.3443143650e+00
-3.7600000000e-04 2.9697684879e-20 1.6364415475e+01
-3.7200000000e-04 2.9544604029e-20 1.9789380429e+01
-3.6800000000e-04 2.9391523180e-20 2.1610237532e+01
-3.6400000000e-04 2.9238442330e-20 2.2916238441e+01
-3.5600000000e-04 2.8932280630e-20 2.3366051122e+01
-3.4400000000e-04 2.8473038080e-20 2.0502384041e+01
-2.5200000000e-04 2.4952178533e-20 3.6964996614e+01
-2.3200000000e-04 2.4186774283e-20 4.3042970532e+01
-2.1200000000e-04 2.3421370034e-20 4.6789203527e+01
-1.9200000000e-04 2.2655965784e-20 4.9225062071e+01
-1.7200000000e-04 2.1890561535e-20 5.0895562520e+01
-1.5200000000e-04 2.1125157285e-20 5.2082789771e+01
-1.3200000000e-04 2.0359753036e-20 5.2920694900e+01
-1.1200000000e-04 1.9594348786e-20 5.3448443494e+01
-9.2000000000e-05 1.8828944537e-20 5.3632268323e+01
-8.4000000000e-05 1.8522782837e-20 5.3589515761e+01
-6.4000000000e-05 1.7757378588e-20 5.3112274454e+01
-4.4000000000e-05 1.6991974338e-20 5.1955821874e+01
-2.4000000000e-05 1.6226570089e-20 4.9910476977e+01
-4.0000000000e-06 1.5461165839e-20 4.6799229059e+01
1.6000000000e-05 1.4695761590e-20 4.2592020593e+01
2.4000000000e-05 1.4389599890e-20 4.0647262633e+01
3.6000000000e-05 1.3930357340e-20 3.7542351026e+01
4.4000000000e-05 1.3624195641e-20 3.5409607849e+01
5.6000000000e-05 1.3164953091e-20 3.2242218050e+01
6.4000000000e-05 1.2858791391e-20 3.0232388632e+01
7.6000000000e-05 1.2399548841e-20 2.7510800044e+01
8.4000000000e-05 1.2093387142e-20 2.5970399048e+01
9.6000000000e-05 1.1634144592e-20 2.4179140665e+01
1.1600000000e-04 1.0868740342e-20 2.2531725892e+01
2.4400000000e-04 5.9701531458e-21 2.2160259094e+01
2.5200000000e-04 5.6639914461e-21 2.2521951887e+01
2.6400000000e-04 5.2047488964e-21 2.3115370690e+01
2.7200000000e-04 4.8985871966e-21 2.3062660380e+01
2.8000000000e-04 4.5924254968e-21 1.9383048188e+01
2.8400000000e-04 4.4393446469e-21 1.8318922394e+01
2.8800000000e-04 4.2862637970e-21 1.7618766544e+01
2.9200000000e-04 4.1331829471e-21 1.7739323995e+01
2.9600000000e-04 3.9801020972e-21 1.8028141353e+01
3.0000000000e-04 3.8270212473e-21 1.8201222125e+01
3.0400000000e-04 3.6739403974e-21 1.8345979582e+01
3.0800000000e-04 3.5208595475e-21 1.8393911778e+01
3.1200000000e-04 3.3677786977e-21 1.8362349575e+01
3.1600000000e-04 3.2146978478e-21 1.8270399056e+01
3.2000000000e-04 3.0616169979e-21 1.8145202439e+01
3.2400000000e-04 2.9085361480e-21 1.7769950854e+01
3.2800000000e-04 2.7554552981e-21 1.7334220995e+01
3.3200000000e-04 2.6023744482e-21 1.7379256180e+01
3.3600000000e-04 2.4492935983e-21 1.7491943983e+01
3.4000000000e-04 2.2962127484e-21 1.7187096401e+01
3.4400000000e-04 2.1431318985e-21 1.5716159788e+01
3.4800000000e-04 1.9900510486e-21 1.3732178255e+01
3.5200000000e-04 1.8369701987e-21 1.2336031969e+01
3.5600000000e-04 1.6838893488e-21 1.1001186958e+01
3.6000000000e-04 1.5308084989e-21 9.7116805282e+00
3.6400000000e-04 1.3777276490e-21 8.4261721197e+00
3.6800000000e-04 1.2246467991e-21 7.1160610149e+00
3.7200000000e-04 1.0715659493e-21 5.7503488605e+00
3.7600000000e-04 9.1848509936e-22 4.2917054826e+00
3.8000000000e-04 7.6540424947e-22 2.7036791839e+00
3.8400000000e-04 6.1232339957e-22 8.3547960166e-01
3.8800000000e-04 4.5924254968e-22 -7.0016627882e-01
3.9200000000e-04 3.0616169979e-22 -1.0127345193e+00
3.9600000000e-04 1.5308084989e-22 -1.3521263615e+00
-2.1866371918e-05 1.2758155686e-04 3.3122553367e+01
-4.4287002896e-05 1.2596888413e-04 3.1959376329e+01
-1.4165382144e-05 1.4631500332e-06 4.8288795508e+01
5.3477734774e-05 1.5026846599e-06 3.2621560883e+01
-5.3998159541e-05 1.4533043885e-06 5.2400885979e+01
1.7686286222e-05 1.4788290357e-06 4.1942456378e+01
2.2006556135e-05 1.3116714919e-04 5.1199744482e+01
-8.5863630769e-05 1.4512757365e-06 5.3370241590e+01
8.5240118157e-05 1.5222427618e-06 2.5513434890e+01
6.1897950319e-05 1.4055439677e-04 5.2211187978e+01
-1.1487727784e-04 1.1751946237e-04 3.3076909851e+01
1.1698225290e-04 1.5318101209e-06 2.2399803793e+01
-1.1772191863e-04 1.4524907687e-06 5.3092215661e+01
8.5680790284e-05 1.5345861859e-04 1.8993497778e+01
-1.3581768201e-04 1.1387819709e-04 3.3543273725e+01
1.4480371547e-04 1.5248819854e-06 2.1597333204e+01
-1.4558941118e-04 1.4554796847e-06 5.2153718921e+01
1.1560106593e-04 1.5935075689e-04 1.8065121772e+01
-1.5704491478e-04 1.0945886260e-04 3.4082453664e+01
1.7274871587e-04 1.5740243228e-06 2.1023113171e+01
-1.7347961911e-04 1.4487600781e-06 5.0575100464e+01
-1.7849581661e-04 1.0461062870e-04 3.4682281065e+01
1.4696142356e-04 1.6429052677e-04 1.7586239030e+01
2.0067525442e-04 1.7704272772e-06 2.0678929795e+01
-2.0128948068e-04 1.4678719735e-06 4.8024293566e+01
-1.9943827981e-04 9.8860940090e-05 3.5328058799e+01
1.8344461921e-04 1.6348743197e-04 1.3604592279e+01
-2.2911040819e-04 1.4806544536e-06 4.3556792046e+01
2.2858410971e-04 2.0854478045e-06 2.1092504613e+01
2.1890831964e-04 1.5709476897e-04 1.3294517842e+01
-2.2019726953e-04 9.2522535548e-05 3.5966183822e+01
2.5655401032e-04 2.5275064076e-06 2.2035044991e+01
-2.5692015762e-04 1.4932355151e-06 3.4879989137e+01
2.4880409635e-04 1.4753282926e-04 1.3031110170e+01
-2.3807728995e-04 8.5997517627e-05 3.6445433467e+01
2.7771845608e-04 1.3534639548e-04 1.2733940911e+01
-2.5571424834e-04 7.8974866841e-05 3.7883814103e+01
2.8043135106e-04 3.0649748882e-06 1.9341077507e+01
-2.8064152299e-04 1.5506134376e-06 2.1146577180e+01
3.0477029376e-04 1.1924187563e-04 1.2504660641e+01
-2.7312083291e-04 7.1303146054e-05 3.8316685331e+01
-3.0398588810e-04 1.6926554872e-06 1.7066326974e+01
3.0434928051e-04 3.1444548315e-06 1.7860454063e+01
3.2560663466e-04 1.0410763776e-04 1.2312562193e+01
-3.4080910755e-05 1.4569916687e-06 5.0836197353e+01
3.2449373683e-04 3.3635267975e-06 1.7097948725e+01
-3.2342751617e-04 1.9249841243e-06 1.7131351316e+01
-3.0276692432e-04 5.7838813920e-05 3.5339732473e+01
3.4532684827e-04 8.5331489517e-05 1.2161006842e+01
-3.4275893503e-04 2.3645885188e-06 2.0024981247e+01
3.4499561803e-04 3.6682794845e-06 1.5013288519e+01
3.6042190703e-04 6.8128736115e-05 1.1972270716e+01
-3.1623750836e-04 5.3378945837e-05 1.7609216347e+01
1.0110817705e-04 1.5285621350e-06 2.3438630741e+01
-1.0179389955e-04 1.4515578812e-06 5.3352354223e+01
6.9365026385e-05 1.5132387558e-06 2.8692464592e+01
-6.9931532022e-05 1.4517896250e-06 5.3082165560e+01
3.3600610952e-05 1.4890002399e-06 3.7912069717e+01
1.7633852939e-06 1.4701001162e-06 4.5455564868e+01
-1.1955520966e-05 1.2828616030e-04 3.7491842384e+01
1.0074152324e-05 1.3002042458e-04 4.7701424224e+01
-5.4556831927e-05 1.2503732976e-04 3.2073337341e+01
-7.8056997972e-05 1.2294986024e-04 3.2415520898e+01
-1.0178982851e-04 1.1953227166e-04 3.2815235023e+01
-1.2539789608e-04 1.1596912307e-04 3.3302657281e+01
7.1729145113e-05 1.4787867763e-04 2.0644201875e+01
1.0013459468e-04 1.5695838340e-04 1.8581676104e+01
-1.6778723286e-04 1.0725370360e-04 3.4370985073e+01
-1.8873049628e-04 1.0174888700e-04 3.4999181013e+01
1.6467810869e-04 1.6459095962e-04 1.3798224379e+01
-2.0994153331e-04 9.5425543976e-05 3.5668788757e+01
2.0129702660e-04 1.6031988805e-04 1.3490981653e+01
-3.5825767828e-04 3.1254660781e-06 2.1174918570e+01
3.6082521765e-04 3.9729899591e-06 1.0187652160e+01
3.7088327584e-04 5.2765175829e-05 1.1761661651e+01
-3.3308777382e-04 4.8285380120e-05 1.3417927779e+01
-3.5407974063e-04 3.5811463930e-05 1.1546525682e+01
3.8012076004e-04 3.6150943316e-05 1.1339572464e+01
-2.9236858041e-04 1.6028596797e-06 1.7082763081e+01
2.6860161161e-04 2.7609134129e-06 2.2183421932e+01
2.9232850244e-04 3.1777270010e-06 1.7639348345e+01
2.4456602248e-04 2.3266582946e-06 2.1633498551e+01
-2.4499477352e-04 1.4868569537e-06 3.9355099834e+01
-2.6875759858e-04 1.5225908304e-06 2.8882586081e+01
2.1664592032e-04 1.9480769634e-06 2.0832749926e+01
-2.1719070446e-04 1.4742639578e-06 4.5808559501e+01
-1.8935883670e-04 1.4641749069e-06 4.9277825864e+01
1.8873364653e-04 1.6796045939e-06 2.0765043166e+01
-1.6150922454e-04 1.4579803031e-06 5.1342293355e+01
1.6079525556e-04 1.5392762333e-06 2.1273454105e+01
1.3288005125e-04 1.5326132175e-06 2.1970227966e+01
-1.3364731675e-04 1.4539925456e-06 5.2627947460e+01
-3.7026798174e-04 3.6326291783e-06 1.6487295092e+01
3.7258126308e-04 4.1580978025e-06 6.9273892059e+00
-2.2782877948e-04 8.9697335107e-05 3.6181695253e+01
2.3195647559e-04 1.5276797786e-04 1.3214760777e+01
-2.4568844691e-04 8.3121464731e-05 3.7201989976e+01
2.6172524780e-04 1.4250228500e-04 1.2901378099e+01
2.8919983279e-04 1.2904808121e-04 1.2633925101e+01
-2.6323312237e-04 7.5927748325e-05 3.8154157069e+01
3.1510156841e-04 1.1281487105e-04 1.2378659858e+01
-2.8031571465e-04 6.8639743103e-05 3.8539231971e+01
3.3548697317e-04 9.5042733216e-05 1.2247520698e+01
-3.6983921423e-04 2.3965542405e-05 1.0285313722e+01
3.8681513908e-04 2.1973591673e-05 1.0555427144e+01
-3.8210464940e-04 4.1178896996e-06 6.8910328526e+00
3.8438898176e-04 4.3192111719e-06 3.7873909575e+00
-3.5049029402e-04 2.6993138327e-06 2.1157958212e+01
3.5286242287e-04 3.9275114176e-06 1.2498329708e+01
-3.3502113372e-04 2.1234304322e-06 1.8164571661e+01
3.3680758103e-04 3.5606368659e-06 1.6568696990e+01
3.1653795641e-04 3.1006974546e-06 1.7459917526e+01
-3.1563654519e-04 1.8193851872e-06 1.7079868758e+01
-2.3705290933e-04 1.4859715179e-06 4.1661985329e+01
2.3658434290e-04 2.2067485628e-06 2.1357214936e+01
2.0867280273e-04 1.8593206589e-06 2.0725398387e+01
-2.0924113943e-04 1.4708019737e-06 4.7008769807e+01
-1.8140333134e-04 1.4621217726e-06 4.9971996291e+01
1.8075415902e-04 1.6253283442e-06 2.0883792420e+01
1.5280756594e-04 1.5314286358e-06 2.1602744239e+01
-1.5354977142e-04 1.4566513239e-06 5.1775236092e+01
-1.2568496864e-04 1.4531731593e-06 5.2884247118e+01
1.0904336745e-04 1.5305476665e-06 2.2812900032e+01
1.2492716558e-04 1.5324413840e-06 2.2135465957e+01
9.3174408101e-05 1.5257952620e-06 2.4327467312e+01
-1.0975821374e-04 1.4519496017e-06 5.3249572227e+01
-9.3829022211e-05 1.4513278458e-06 5.3394973597e+01
-7.7897779725e-05 1.4514216839e-06 5.3269395804e+01
7.7303926014e-05 1.5180079282e-06 2.6982617544e+01
-4.6031233679e-05 1.4545147081e-06 5.1880442490e+01
4.5502348977e-05 1.4897998668e-06 3.4736946798e+01
-6.1964962010e-05 1.4524070035e-06 5.2796927547e+01
2.5644688247e-05 1.4837689762e-06 3.9975967203e+01
9.7257369004e-06 1.4742551756e-06 4.3777278838e+01
6.1423013510e-05 1.5080833705e-06 3.0590688911e+01
-2.6114317780e-05 1.4591324698e-06 4.9945115144e+01
-6.2004283277e-06 1.4663946803e-06 4.6961762145e+01
-2.6862993233e-05 1.2721750930e-04 3.1911772640e+01
-7.0428766800e-06 1.2863420697e-04 3.9832030494e+01
-4.9411359298e-05 1.2556497586e-04 3.2015499172e+01
1.4665506701e-05 1.3026724205e-04 4.7758161589e+01
2.6587714832e-05 1.3167207573e-04 5.4408755347e+01
-8.3284278426e-05 1.2186670203e-04 3.2482057621e+01
3.5856738368e-05 1.3284281363e-04 6.1118280952e+01
4.7434641508e-05 1.3499256337e-04 6.9488238450e+01
-9.6541745160e-05 1.2012772118e-04 3.2714180663e+01
5.5880198288e-05 1.3728793723e-04 7.1750129625e+01
-1.0675974820e-04 1.1871083115e-04 3.2910365885e+01
-1.2006197390e-04 1.1664641412e-04 3.3186260102e+01
7.8545207959e-05 1.5149841753e-04 1.9286286889e+01
-1.4134680183e-04 1.1283450096e-04 3.3677087894e+01
9.2946819043e-05 1.5562182808e-04 1.8699615201e+01
1.0794559355e-04 1.5836693840e-04 1.8379126232e+01
-1.5242167206e-04 1.1084207287e-04 3.3950762119e+01
-1.6252574612e-04 1.0836620104e-04 3.4227936853e+01
1.2298586074e-04 1.6103240172e-04 1.7416507050e+01
1.3841617565e-04 1.6357343909e-04 1.7699335516e+01
1.5585759966e-04 1.6478684866e-04 1.3734055874e+01
1.7448842711e-04 1.6434198672e-04 1.3679647738e+01
-1.9393573714e-04 1.0048606332e-04 3.5153879838e+01
1.9221342315e-04 1.6238023816e-04 1.3528516409e+01
2.1039153243e-04 1.5907644661e-04 1.3371366947e+01
-2.1491949138e-04 9.3910873906e-05 3.5819934555e+01
2.4058806856e-04 1.5055904902e-04 1.3103039404e+01
-2.5064128254e-04 8.1297881729e-05 3.7669478875e+01
2.6893582188e-04 1.3988180245e-04 1.2802905812e+01
2.9689700888e-04 1.2462030605e-04 1.2558314299e+01
-2.6816173402e-04 7.3788271764e-05 3.8284454046e+01
3.5178730288e-04 7.8447755370e-05 1.2089154349e+01
-3.0797640926e-04 5.5762344603e-05 3.2501952620e+01
-3.2288762757e-04 5.2056064220e-05 1.8123276941e+01
3.6591920589e-04 6.0669395597e-05 1.1874547573e+01
3.7602134272e-04 4.4709396369e-05 1.1565772049e+01
-3.4357541634e-04 4.2600201495e-05 1.2431471713e+01
3.9069515623e-04 1.2595390036e-05 9.2854234290e+00
-3.8188644849e-04 1.3270270871e-05 8.9139293706e+00
-3.8944830937e-04 4.2749781355e-06 7.1853729782e-01
3.9213893663e-04 4.1698622780e-06 2.3144017221e+00
-3.8582168251e-04 4.2467233167e-06 2.9214879180e+00
-3.7968819383e-04 8.3843952576e-06 9.2888003951e+00
-3.7616100695e-04 8.0184776685e-06 1.1266402666e+01
-3.7365034250e-04 1.2209037188e-05 1.1324866761e+01
-3.7021508103e-04 1.1633756441e-05 1.2644288044e+01
-3.6768534126e-04 1.5730816665e-05 1.2200853934e+01
-3.6430576601e-04 1.4972231653e-05 1.3285788182e+01
-3.6179151328e-04 1.8977117642e-05 1.2797935411e+01
-3.5844546816e-04 1.8062396443e-05 1.3835613312e+01
-3.5596389344e-04 2.1977469331e-05 1.3426799109e+01
-3.5263443214e-04 2.0931467931e-05 1.4534010548e+01
-3.5019388243e-04 2.4756280361e-05 1.4241578912e+01
-3.4686450126e-04 2.3602587010e-05 1.5624118102e+01
-3.4446719521e-04 2.7333331803e-05 1.5497266924e+01
-3.4111589736e-04 2.6096255956e-05 1.6886552239e+01
-3.3875854274e-04 2.9725682780e-05 1.6909646069e+01
-3.3556259199e-04 2.8390321136e-05 1.7016581622e+01
-3.3773513474e-04 2.4891469077e-05 1.7020482785e+01
-3.3242645048e-04 2.7086083611e-05 1.7004618495e+01
-3.3033275525e-04 3.0470476209e-05 1.7006408352e+01
-3.2741883385e-04 2.9094569067e-05 1.7048636725e+01
-3.2935654544e-04 2.5825800064e-05 1.7052018946e+01
-3.2454610978e-04 2.7786335928e-05 1.7092941902e+01
-3.2272283600e-04 3.0929056152e-05 1.7094165997e+01
-3.2002099365e-04 2.9597192213e-05 1.7137817267e+01
-3.1833632694e-04 3.2609435324e-05 1.7150057195e+01
-3.1577563840e-04 3.1277430875e-05 1.7179388479e+01
-3.1733225156e-04 2.8384365945e-05 1.7150290161e+01
-3.1320297118e-04 3.0060132398e-05 1.7179173549e+01
-3.1179427379e-04 3.2849710923e-05 1.7209446093e+01
-3.0931806687e-04 3.1646011829e-05 1.7194471068e+01
-3.1063613601e-04 2.8943290101e-05 1.7149516748e+01
-3.0681015852e-04 3.0551506977e-05 1.7164422420e+01
-3.0563637391e-04 3.3158271515e-05 1.7203471592e+01
-3.0428503584e-04 2.9541767449e-05 1.7141936155e+01
-3.0071055165e-04 3.1105945155e-05 1.7152010269e+01
-2.9974719532e-04 3.3593220180e-05 1.7153441491e+01
-2.9818849244e-04 3.0191059565e-05 1.7146004217e+01
-2.9404764704e-04 3.4117632116e-05 1.7127612078e+01
-2.9160533673e-04 3.3242339524e-05 1.7134815429e+01
-2.9231777190e-04 3.0898444639e-05 1.7119868334e+01
-2.8977109364e-04 3.0130328428e-05 1.7139922091e+01
-2.8661531481e-04 3.1674954283e-05 1.6956477102e+01
-2.8604694280e-04 3.3939949336e-05 1.6966320908e+01
-2.8356180148e-04 3.3203144090e-05 1.8312488189e+01
-2.8407748399e-04 3.0975110728e-05 1.7139613059e+01
-2.8053646914e-04 3.4747946458e-05 2.1791395799e+01
-2.7536530751e-04 3.3513693327e-05 2.5025133917e+01
-2.7575621070e-04 3.1358314700e-05 2.4199035575e+01
-2.7269580160e-04 3.2975185962e-05 2.6540936176e+01
-2.6966600070e-04 3.4604485818e-05 2.8537243586e+01
-2.6693805673e-04 3.4127817651e-05 2.9752348454e+01
-2.6415882612e-04 3.3692250967e-05 3.0904082492e+01
-2.6132974645e-04 3.3294650091e-05 3.1993357702e+01
-2.5845250332e-04 3.2931993874e-05 3.3021027463e+01
-2.5546358217e-04 3.4610645711e-05 3.4093355081e+01
-2.5537677848e-04 3.6648878011e-05 3.4229934730e+01
-2.5251166503e-04 3.6297519029e-05 3.5003586595e+01
-2.5254810640e-04 3.4284314647e-05 3.4936345364e+01
-2.4960450780e-04 3.5974971773e-05 3.5738913380e+01
-2.4959046974e-04 3.3985827726e-05 3.5732391601e+01
-2.4669795993e-04 3.7673394162e-05 3.6412982548e+01
-2.4376077532e-04 3.7379478224e-05 3.7024539494e+01
-2.4078668838e-04 3.7108867766e-05 3.7605436792e+01
-2.3777740841e-04 3.6859676157e-05 3.8156214015e+01
-2.3793879772e-04 3.8817685210e-05 3.8022833788e+01
-2.3473468228e-04 3.6630125312e-05 3.8677671643e+01
-2.3166019464e-04 3.6418549442e-05 3.9170818606e+01
-2.2855560500e-04 3.6223419210e-05 3.9636809113e+01
-2.2608468250e-04 3.9839518888e-05 3.9595232040e+01
-2.2301232398e-04 3.9640991946e-05 3.9968910586e+01
-2.2265076823e-04 3.7746569703e-05 4.0225172545e+01
-2.1991317095e-04 3.9456751008e-05 4.0324357132e+01
-2.1950882643e-04 3.7577793173e-05 4.0599548819e+01
-2.1678863609e-04 3.9285631049e-05 4.0662331515e+01
-2.1634219772e-04 3.7421294516e-05 4.0954206329e+01
-2.1364010295e-04 3.9126556584e-05 4.0983630242e+01
-2.1097079717e-04 4.0838856080e-05 4.0976943200e+01
-2.0781764228e-04 4.0688152841e-05 4.1255155304e+01
-2.0464343683e-04 4.0547491822e-05 4.1520567645e+01
-2.0144936346e-04 4.0416066129e-05 4.1773837539e+01
-2.0204216654e-04 4.2261458989e-05 4.1434757184e+01
-1.9886806866e-04 4.2124550128e-05 4.1667757540e+01
-1.9823671414e-04 4.0292718552e-05 4.2015659512e+01
-1.9567428187e-04 4.1998268025e-05 4.1890613259e+01
-1.9500607683e-04 4.0177533099e-05 4.2246618019e+01
-1.9246136384e-04 4.1882871498e-05 4.2103687956e+01
-1.9175830761e-04 4.0070119742e-05 4.2467261941e+01
-1.8923300137e-04 4.1772647987e-05 4.2308218643e+01
-1.8849475124e-04 3.9969116128e-05 4.2678348165e+01
-1.8598918570e-04 4.1668740600e-05 4.2504468552e+01
-1.8351232054e-04 4.3375894129e-05 4.2314798176e+01
-1.8027315952e-04 4.3275322364e-05 4.2490747543e+01
-1.7702010789e-04 4.3180551792e-05 4.2660291844e+01
-1.7375388888e-04 4.3091177737e-05 4.2823787620e+01
-1.7047519956e-04 4.3006840663e-05 4.2981603509e+01
-1.7136315814e-04 4.4797899612e-05 4.2588115668e+01
-1.6718471375e-04 4.2927209034e-05 4.3134056126e+01
-1.6388304067e-04 4.2851970127e-05 4.3281450609e+01
-1.6057075491e-04 4.2780850542e-05 4.3424057948e+01
-1.5825896045e-04 4.4477792987e-05 4.3156138731e+01
-1.5724840263e-04 4.2713587662e-05 4.3562124903e+01
-1.5495659072e-04 4.4408283222e-05 4.3287604193e+01
-1.5391652464e-04 4.2649961356e-05 4.3695857583e+01
-1.5269027296e-04 4.6111150504e-05 4.3005674202e+01
-1.4939804686e-04 4.6043326175e-05 4.3127624856e+01
-1.4609699662e-04 4.5979146828e-05 4.3246283865e+01
-1.4278787550e-04 4.5918283043e-05 4.3361741796e+01
-1.3947079355e-04 4.5860629192e-05 4.3474032521e+01
-1.3614595022e-04 4.5806191037e-05 4.3583127913e+01
-1.3281427135e-04 4.5754849775e-05 4.3688970567e+01
-1.3160745488e-04 4.4017181081e-05 4.4104955366e+01
-1.2947606727e-04 4.5707258953e-05 4.3791313683e+01
-1.2613012429e-04 4.5661436257e-05 4.3890490726e+01
-1.2404786019e-04 4.7358267124e-05 4.3569385004e+01
-1.2277891929e-04 4.5618374428e-05 4.3986039448e+01
-1.2071689386e-04 4.7314048867e-05 4.3662065290e+01
-1.1942216089e-04 4.5577952989e-05 4.4077775104e+01
-1.1738037615e-04 4.7272558690e-05 4.3751138953e+01
-1.1606010316e-04 4.5540094571e-05 4.4165437554e+01
-1.1269304443e-04 4.5504789567e-05 4.4248702013e+01
-1.0932130803e-04 4.5471985914e-05 4.4327206630e+01
-1.0594212306e-04 4.5442227934e-05 4.4400440058e+01
-1.0397707774e-04 4.7133388160e-05 4.4064901898e+01
-1.0256498358e-04 4.5413807991e-05 4.4468127893e+01
-1.0061559064e-04 4.7102059698e-05 4.4131224254e+01
-9.9184681012e-05 4.5388320412e-05 4.4529465432e+01
-9.8689042483e-05 4.8806857542e-05 4.3790811295e+01
-9.5362634105e-05 4.8781009616e-05 4.3848336087e+01
-9.2019429337e-05 4.8758138234e-05 4.3899292497e+01
-8.8670950069e-05 4.8738332776e-05 4.3942720858e+01
-8.5319696246e-05 4.8721440783e-05 4.3977818325e+01
-8.3778604153e-05 4.7005223311e-05 4.4351558886e+01
-8.1966006042e-05 4.8707514647e-05 4.4003679398e+01
-8.0401563951e-05 4.6994135068e-05 4.4368734956e+01
-7.8610114198e-05 4.8696821614e-05 4.4019273966e+01
-7.5252528846e-05 4.8689356682e-05 4.4023537407e+01
-7.1893604970e-05 4.8685194547e-05 4.4015296518e+01
-6.8533520120e-05 4.8684652114e-05 4.3993228641e+01
-6.6878166673e-05 4.6979949246e-05 4.4313198322e+01
-6.5172714542e-05 4.8687753147e-05 4.3955968178e+01
-6.3495102121e-05 4.6984555729e-05 4.4261746819e+01
-6.1811529805e-05 4.8694612367e-05 4.3902022773e+01
-5.8450290735e-05 4.8705616665e-05 4.3829733393e+01
-5.5089561324e-05 4.8720765277e-05 4.3737404988e+01
-5.1729787395e-05 4.8741174327e-05 4.3623021620e+01
-5.0134403261e-05 5.0470573582e-05 4.3256899087e+01
-4.8370118614e-05 4.8765539904e-05 4.3484824959e+01
-4.6797159775e-05 5.0498134394e-05 4.3115177278e+01
-4.5012367119e-05 4.8794789134e-05 4.3320621869e+01
-4.3463493692e-05 5.0530565295e-05 4.2947053635e+01
-4.1656955403e-05 4.8829178740e-05 4.3128177242e+01
-3.8304003484e-05 4.8869090998e-05 4.2905086764e+01
-3.4953788170e-05 4.8914773903e-05 4.2648839561e+01
-3.1607020842e-05 4.8966545086e-05 4.2356827149e+01
-3.0152723970e-05 5.0720516967e-05 4.1960131662e+01
-2.8264328580e-05 4.9024770700e-05 4.2026312015e+01
-2.6833736214e-05 5.0784159580e-05 4.1621541477e+01
-2.4926058059e-05 4.9089684325e-05 4.1654440231e+01
-2.3519923124e-05 5.0855099597e-05 4.1240455162e+01
-2.1593008596e-05 4.9161334008e-05 4.1238335625e+01
-2.0212150254e-05 5.0933714169e-05 4.0813848059e+01
-1.8265834882e-05 4.9241123814e-05 4.0774839826e+01
-1.4945061425e-05 4.9328422512e-05 4.0260999181e+01
-1.3614443099e-05 5.1114942096e-05 3.9810978479e+01
-1.0327345150e-05 5.1218627743e-05 3.9228361259e+01
-7.0479105465e-06 5.1331193872e-05 3.8587075792e+01
-5.0295807485e-06 4.9640690902e-05 3.8386520349e+01
-3.7780830162e-06 5.1453358404e-05 3.7884015539e+01
-1.7427399766e-06 4.9762783200e-05 3.7640696132e+01
-5.1898896636e-07 5.1585562408e-05 3.7116108418e+01
2.7296285015e-06 5.1727830490e-05 3.6280131648e+01
5.9657088869e-06 5.1880815378e-05 3.5373563276e+01
9.1879517209e-06 5.2044861581e-05 3.4394167852e+01
1.2396329068e-05 5.2220105077e-05 3.3339827262e+01
1.5588647456e-05 5.2406984860e-05 3.2209711366e+01
1.8763409648e-05 5.2605757010e-05 3.1003807726e+01
2.0904705234e-05 5.0903094007e-05 3.0496489429e+01
2.4074266463e-05 5.1109765820e-05 2.9196095485e+01
2.7223263987e-05 5.1327774778e-05 2.7831795687e+01
3.0350143260e-05 5.1557143667e-05 2.6412191036e+01
3.3453463537e-05 5.1797868793e-05 2.4966931560e+01
3.6530845727e-05 5.2050038576e-05 2.3233628740e+01
3.7373956015e-05 5.4053847154e-05 2.2744683792e+01
4.0426611609e-05 5.4345696075e-05 2.2679808118e+01
4.3494786178e-05 5.4658357991e-05 2.2641855872e+01
4.6579056642e-05 5.4992072408e-05 2.2645241004e+01
4.9681187468e-05 5.5346980858e-05 2.2638637516e+01
5.2002083670e-05 5.3580081037e-05 2.2640977039e+01
5.5149910231e-05 5.3949469756e-05 2.2643187899e+01
5.5940616382e-05 5.6122666609e-05 2.2638571580e+01
5.8317877825e-05 5.4340397662e-05 2.2646833228e+01
5.9100577406e-05 5.6543830564e-05 2.2641705478e+01
6.1506835761e-05 5.4753917557e-05 2.2652106302e+01
6.2281690853e-05 5.6987832915e-05 2.2646651896e+01
6.4717976152e-05 5.5189641462e-05 2.2658949131e+01
6.5484938757e-05 5.7454900419e-05 2.2653334717e+01
6.8712113490e-05 5.7945131813e-05 2.2661737037e+01
7.1963754171e-05 5.8459029716e-05 2.2671794869e+01
7.4494745758e-05 5.6633663627e-05 2.2688686585e+01
7.7805136161e-05 5.7161178071e-05 2.2701563334e+01
7.8545387768e-05 5.9558397520e-05 2.2696868005e+01
8.1142953271e-05 5.7712639849e-05 2.2715970960e+01
8.1877800938e-05 6.0144332842e-05 2.2711846759e+01
8.4509494871e-05 5.8287597644e-05 2.2731743784e+01
8.5239432274e-05 6.0754634654e-05 2.2728320901e+01
8.8631524880e-05 6.1389400334e-05 2.2746236647e+01
9.1333035694e-05 5.9508932159e-05 2.2766869168e+01
9.2055031722e-05 6.2048876130e-05 2.2765408443e+01
9.4792214928e-05 6.0155548708e-05 2.2785992703e+01
9.5511545027e-05 6.2732993743e-05 2.2785664057e+01
9.8284603397e-05 6.0825943283e-05 2.2805798127e+01
9.9001889771e-05 6.3441841032e-05 2.2806735128e+01
-3.2019059549e-05 5.2426775772e-05 4.1874769220e+01
7.1108668729e-06 5.3745185235e-05 3.4800571091e+01
1.0252717804e-04 6.4175531024e-05 2.2828276920e+01
1.0537269885e-04 6.2239356691e-05 2.2846906535e+01
2.6017634369e-05 5.4993396348e-05 2.7534693929e+01
-5.1878465390e-05 5.2186752058e-05 4.3014284131e+01
1.0608851316e-04 6.4933928726e-05 2.2850056491e+01
1.0897064307e-04 6.2981930996e-05 2.2867309627e+01
4.4316798172e-05 5.6749489143e-05 2.2636284281e+01
1.0968711236e-04 6.5717144659e-05 2.2871586474e+01
1.1260590535e-04 6.3748374323e-05 2.2888121756e+01
1.1332404584e-04 6.6524968511e-05 2.2890513573e+01
-1.1867830169e-04 4.9019370753e-05 4.3334569404e+01
1.1700028784e-04 6.7357306992e-05 2.2922048787e+01
1.1999235605e-04 6.5352600503e-05 2.2904995328e+01
1.2071676680e-04 6.8213930335e-05 2.2911595909e+01
1.2374694361e-04 6.6189721416e-05 2.3033353691e+01
1.2447493177e-04 6.9095242128e-05 2.2852956385e+01
1.2752774357e-04 6.7048376897e-05 2.2341596803e+01
8.2605847575e-05 6.2613144252e-05 2.2706890480e+01
1.2823795282e-04 6.9994418869e-05 2.1798051567e+01
1.3129617224e-04 6.7921720622e-05 2.1314906665e+01
1.3198565836e-04 7.0907167028e-05 2.0828844210e+01
1.3505186558e-04 6.8807458086e-05 2.0408360342e+01
9.9711549417e-05 6.6099415166e-05 2.2807931456e+01
1.3571926596e-04 7.1831133366e-05 1.9895993381e+01
1.3879500578e-04 6.9703275279e-05 1.9563021468e+01
1.3944996382e-04 7.2768891965e-05 1.9038064129e+01
1.4252727220e-04 7.0607144955e-05 1.8788028570e+01
1.4314857396e-04 7.3701456326e-05 1.8274347539e+01
1.4624420943e-04 7.1513500527e-05 1.8107353558e+01
1.1771314686e-04 7.0224342882e-05 2.2903859624e+01
1.4684217436e-04 7.4637599815e-05 1.7591622838e+01
1.4995003301e-04 7.2421178883e-05 1.7501732670e+01
1.5051050219e-04 7.5575080514e-05 1.7090428475e+01
1.5364166232e-04 7.3326158694e-05 1.7081259492e+01
1.5418364880e-04 7.6515630181e-05 1.7026327377e+01
1.5733570871e-04 7.4235914505e-05 1.7027793428e+01
1.3638806004e-04 7.4913779766e-05 1.9341203464e+01
1.5789226463e-04 7.7487382575e-05 1.7057935333e+01
1.6106329342e-04 7.5176679095e-05 1.7057767479e+01
1.5678641703e-04 7.1065694998e-05 1.7080754144e+01
1.0464817218e-04 5.9587715222e-05 2.2844125538e+01
2.3065521178e-05 4.9203423426e-05 3.0010886111e+01
4.4941299511e-05 5.0852113005e-05 2.2633269619e+01
3.6029228600e-06 4.8210158486e-05 3.6532737069e+01
1.6163582658e-04 7.8490208812e-05 1.7056642845e+01
1.6482494165e-04 7.6148958645e-05 1.7056487683e+01
1.6541466859e-04 7.9523473333e-05 1.7054123680e+01
1.6862118248e-04 7.7152127465e-05 1.7055114423e+01
-5.8397231677e-05 4.5304048379e-05 4.4470110964e+01
-7.8821075736e-05 4.5293245864e-05 4.4725673604e+01
1.5473217929e-04 7.9783410710e-05 1.7059274889e+01
1.6922914998e-04 8.0586315944e-05 1.7044983894e+01
1.7245242819e-04 7.8185732063e-05 1.7046083123e+01
1.7307941819e-04 8.1677299945e-05 1.7033799425e+01
1.7631905972e-04 7.9248503503e-05 1.7034486077e+01
1.7568160950e-04 7.5769125703e-05 1.7047450496e+01
1.7956294304e-04 7.6802761008e-05 1.7035708208e+01
1.7891697584e-04 7.3338380644e-05 1.7049188665e+01
1.8281129878e-04 7.4341696335e-05 1.7037459216e+01
1.8347921530e-04 7.7865140643e-05 1.7021729999e+01
1.8674037840e-04 7.5375287450e-05 1.7022502225e+01
1.8606447221e-04 7.1867090100e-05 1.7039728065e+01
1.9000451755e-04 7.2870631086e-05 1.7024056640e+01
1.9070435413e-04 7.6437015294e-05 1.7010832037e+01
1.9397936880e-04 7.3904360525e-05 1.7011633596e+01
1.9470306724e-04 7.7524014665e-05 1.6985923105e+01
1.9798900955e-04 7.4965708882e-05 1.6983625164e+01
1.8932292788e-04 6.9380851005e-05 1.7042468955e+01
-1.3713205230e-04 4.2380247330e-05 4.4304133190e+01
1.9873587271e-04 7.8632643857e-05 1.7024645222e+01
2.0203318117e-04 7.6050947995e-05 1.7026868441e+01
2.0280192242e-04 7.9758677353e-05 1.6823067536e+01
2.0611135881e-04 7.7155787604e-05 1.6801611410e+01
2.0687217006e-04 8.0877029482e-05 1.6364502441e+01
2.1018960620e-04 7.8250355361e-05 1.6333317871e+01
2.0941776467e-04 7.4535453646e-05 1.6751182254e+01
2.1350369036e-04 7.5606871264e-05 1.6317794884e+01
2.1272120951e-04 7.1898251031e-05 1.6688642168e+01
2.1681433876e-04 7.2946948727e-05 1.6299105836e+01
2.1757977144e-04 7.6660919629e-05 1.6097918090e+01
2.2089798876e-04 7.3978451200e-05 1.6096998772e+01
2.2012223218e-04 7.0271253151e-05 1.6273737166e+01
2.2421355198e-04 7.1280658279e-05 1.6102633785e+01
2.2497334069e-04 7.4992569280e-05 1.5883132792e+01
2.2829661001e-04 7.2272714983e-05 1.5895534445e+01
2.0355092528e-04 8.3486485615e-05 1.6406521376e+01
2.2904077288e-04 7.5988932843e-05 1.5714843667e+01
2.3237183786e-04 7.3247113357e-05 1.5735050326e+01
2.3161697135e-04 6.9538332840e-05 1.5915470482e+01
2.3569990581e-04 7.0490830987e-05 1.5760717320e+01
2.3643960151e-04 7.4203827709e-05 1.5591309178e+01
2.3977519094e-04 7.1425653528e-05 1.5620929443e+01
2.3493366671e-04 6.6789544354e-05 1.5940936418e+01
2.4050009844e-04 7.5142775513e-05 1.5466595440e+01
2.4384306265e-04 7.2342556334e-05 1.5498595911e+01
2.4455338408e-04 7.6064149930e-05 1.5355228224e+01
2.4790335529e-04 7.3242228673e-05 1.5388288384e+01
1.6984388760e-04 8.4087608556e-05 1.7033569287e+01
-1.6899135952e-04 4.6508621689e-05 4.2343170804e+01
-9.6316921937e-06 4.7741081449e-05 3.9558966247e+01
2.4859947327e-04 7.6968297652e-05 1.5254084604e+01
2.5195607604e-04 7.4124806181e-05 1.5287158747e+01
2.4523964999e-04 7.9796591893e-05 1.5224096118e+01
2.5125041094e-04 7.0405261525e-05 1.5424615066e+01
2.5530978991e-04 7.1266025394e-05 1.5323051330e+01
2.5459482956e-04 6.7553072076e-05 1.5463938073e+01
2.5866078236e-04 6.8391754769e-05 1.5361468797e+01
2.5793683654e-04 6.4685490806e-05 1.5505914884e+01
2.6200922792e-04 6.5501743091e-05 1.5402062125e+01
2.6271818540e-04 6.9213875255e-05 1.5263527293e+01
2.6607261724e-04 6.6301422155e-05 1.5301880596e+01
2.6676654027e-04 7.0020049841e-05 1.5167736416e+01
2.7012645545e-04 6.7085182320e-05 1.5203205027e+01
2.6127656144e-04 6.1802295475e-05 1.5550103680e+01
2.7080538976e-04 7.0811040522e-05 1.5072252401e+01
2.7417017469e-04 6.7853825752e-05 1.5104354576e+01
2.7483412982e-04 7.1587690310e-05 1.4975507878e+01
2.7820309594e-04 6.8608248180e-05 1.5003950436e+01
2.7753231725e-04 6.4879270365e-05 1.5136550513e+01
2.8156948585e-04 6.5610894702e-05 1.5032042112e+01
2.8089201363e-04 6.1886864923e-05 1.5168266506e+01
2.8493339104e-04 6.2595157987e-05 1.5059243884e+01
2.8559534697e-04 6.6329602392e-05 1.4924759090e+01
2.8896213107e-04 6.3290517441e-05 1.4947503698e+01
2.8829480000e-04 5.9560485657e-05 1.5085035844e+01
2.9232683311e-04 6.0231944757e-05 1.4968626438e+01
2.9297687841e-04 6.3974222547e-05 1.4832354884e+01
2.9634435058e-04 6.0891837390e-05 1.4849040608e+01
2.9165371826e-04 5.6506261816e-05 1.5108973135e+01
2.9697690747e-04 6.4647703881e-05 1.4713116609e+01
3.0034625595e-04 6.1541578651e-05 1.4725598173e+01
3.0096110638e-04 6.5312385227e-05 1.4589097297e+01
3.0433141841e-04 6.2182697280e-05 1.4597531766e+01
-1.8426967275e-04 4.5200103066e-05 4.1940403006e+01
-1.7529832512e-04 3.9622062536e-05 4.3438064909e+01
3.0492831186e-04 6.5970082479e-05 1.4459565601e+01
3.0829861243e-04 6.2816983039e-05 1.4463997325e+01
3.0155539638e-04 6.9100588023e-05 1.4453176512e+01
3.0769919666e-04 5.9030486988e-05 1.4604052271e+01
3.1166640288e-04 5.9640291295e-05 1.4466361502e+01
3.1106447758e-04 5.5854617227e-05 1.4608681446e+01
3.1503172791e-04 5.6438932045e-05 1.4466555158e+01
3.1442731764e-04 5.2654067763e-05 1.4611481913e+01
3.1839469915e-04 5.3211545002e-05 1.4464396146e+01
3.1778766240e-04 4.9427601479e-05 1.4612463705e+01
3.2175513399e-04 4.9956847102e-05 1.4459459586e+01
2.7146232008e-04 7.4549860845e-05 1.4947226665e+01
3.0550529134e-04 6.9775479196e-05 1.4321258502e+01
3.0213064002e-04 7.2905602535e-05 1.4316760491e+01
3.1897757949e-04 5.7018792227e-05 1.4317349517e+01
3.2114531228e-04 4.6173839217e-05 1.4611385773e+01
3.2511276828e-04 4.6673298016e-05 1.4450817988e+01
3.1715418280e-04 4.5667242090e-05 1.4762913594e+01
7.2709694341e-05 6.0823933021e-05 2.2664997997e+01
5.3596169679e-05 5.7900288021e-05 2.2629571314e+01
3.5186787555e-05 5.5793289785e-05 2.2791884511e+01
1.6644991015e-05 5.4312130661e-05 3.1526371649e+01
-1.0867459011e-04 4.8904919670e-05 4.3582804891e+01
-8.3508819941e-05 5.0433683932e-05 4.3631017290e+01
-1.4060574818e-04 4.7623632005e-05 4.3058467157e+01
-4.1936733690e-05 5.2280080582e-05 4.2577588840e+01
-1.2859309769e-04 4.9164324561e-05 4.3055088285e+01
-2.0670771029e-04 3.7015527359e-05 4.1910476259e+01
-2.3137973403e-04 3.4525045921e-05 3.9382880554e+01
2.0760249721e-04 8.4610654911e-05 1.6143132420e+01
2.0426802189e-04 8.7226775907e-05 1.6168946578e+01
2.0830225868e-04 8.8356050599e-05 1.5903693415e+01
2.0495401982e-04 9.0978559879e-05 1.5927090939e+01
2.0897181346e-04 9.2112108820e-05 1.5702624722e+01
2.0560871344e-04 9.4740871371e-05 1.5721546002e+01
2.0961127649e-04 9.5877961964e-05 1.5525133724e+01
2.0623242530e-04 9.8512684014e-05 1.5541141225e+01
2.1022095143e-04 9.9652576765e-05 1.5372005343e+01
2.0682599152e-04 1.0229283653e-04 1.5386055761e+01
2.1080143496e-04 1.0343483388e-04 1.5239405043e+01
2.0738903882e-04 1.0608026550e-04 1.5252458667e+01
2.1135335606e-04 1.0722355195e-04 1.5123624371e+01
2.0792269026e-04 1.0987362211e-04 1.5135978173e+01
2.0396668489e-04 1.0870675167e-04 1.5271086880e+01
2.0448083495e-04 1.1250445565e-04 1.5153196359e+01
2.0053337693e-04 1.1131335541e-04 1.5295882978e+01
2.1187776968e-04 1.1101745926e-04 1.5020274724e+01
2.0102671976e-04 1.1511510733e-04 1.5175711734e+01
1.9708797575e-04 1.1389903002e-04 1.5327609723e+01
1.9755916220e-04 1.1770443602e-04 1.5204083721e+01
1.9362809574e-04 1.1646252049e-04 1.5367349010e+01
1.9407665150e-04 1.2027111926e-04 1.5239009973e+01
1.9015434428e-04 1.1900285905e-04 1.5416618634e+01
2.1531603660e-04 1.0834472185e-04 1.5012563510e+01
2.1583252745e-04 1.1213882511e-04 1.4917582720e+01
2.1927758164e-04 1.0944445602e-04 1.4913407173e+01
2.1978730433e-04 1.1323857360e-04 1.4822880687e+01
2.2323843751e-04 1.1052330000e-04 1.4821499171e+01
1.9057808513e-04 1.2281371724e-04 1.5281221033e+01
1.8666653423e-04 1.2151712034e-04 1.5477856560e+01
1.9799990065e-04 1.2151230112e-04 1.5091492861e+01
2.2374244242e-04 1.1431751070e-04 1.4732250543e+01
2.2719877478e-04 1.1158220287e-04 1.4733183057e+01
1.8706224790e-04 1.2533022119e-04 1.5331869177e+01
1.8315946904e-04 1.2400450638e-04 1.5552078860e+01
1.8275423704e-04 1.2019238777e-04 1.5718579477e+01
1.7925808343e-04 1.2264889946e-04 1.5829064416e+01
1.7963296624e-04 1.2646233934e-04 1.5640197949e+01
1.7574168375e-04 1.2507303839e-04 1.5965258933e+01
1.7535677372e-04 1.2126363702e-04 1.6152550709e+01
1.7184932088e-04 1.2365518882e-04 1.6379342383e+01
1.7145223347e-04 1.1985033969e-04 1.6719640919e+01
1.6795771303e-04 1.2221163962e-04 1.6979714774e+01
1.6756189554e-04 1.1841570984e-04 1.7035081270e+01
1.6409930466e-04 1.2075134094e-04 1.6972847298e+01
1.6370625167e-04 1.1696999248e-04 1.6987159473e+01
1.6027921267e-04 1.1927903410e-04 1.7004497047e+01
1.6062855116e-04 1.2305366749e-04 1.6993245270e+01
1.5684465783e-04 1.2155441304e-04 1.7009527240e+01
1.5649645998e-04 1.1779873960e-04 1.7012839655e+01
1.5309913970e-04 1.2004704574e-04 1.7025198161e+01
1.5275039760e-04 1.1631408612e-04 1.7027134673e+01
1.4939092717e-04 1.1853551297e-04 1.7039041903e+01
1.4904055417e-04 1.1483004804e-04 1.7039286970e+01
1.4571907076e-04 1.1702458788e-04 1.7051067769e+01
1.4536710752e-04 1.1335128789e-04 1.7048380532e+01
1.4208320470e-04 1.1551942412e-04 1.7058944019e+01
1.4239951718e-04 1.1918387131e-04 1.7065051314e+01
1.3880317851e-04 1.1765246345e-04 1.7070923371e+01
1.3848347951e-04 1.1402561932e-04 1.7061245728e+01
1.3524261961e-04 1.1613230479e-04 1.7070011409e+01
1.3491996811e-04 1.1254908319e-04 1.7056893909e+01
1.3171812718e-04 1.1462887989e-04 1.7061596644e+01
1.3139415367e-04 1.1109297983e-04 1.7048322163e+01
1.2823063409e-04 1.1314683267e-04 1.7044525101e+01
1.2790582055e-04 1.0966306377e-04 1.7030122631e+01
1.2478116189e-04 1.1169053703e-04 1.7047957890e+01
1.2445827359e-04 1.0825656527e-04 1.6944902467e+01
1.2137127287e-04 1.1026377663e-04 1.6928216239e+01
1.2166464837e-04 1.1368492535e-04 1.7026563849e+01
1.1829427751e-04 1.1223361801e-04 1.7142123741e+01
1.1798163807e-04 1.0885819342e-04 1.8147314960e+01
1.1491728146e-04 1.1078696159e-04 1.8963560858e+01
1.1455683713e-04 1.0744640588e-04 1.9977001633e+01
1.1150019793e-04 1.0933475885e-04 2.0931964471e+01
1.1109254757e-04 1.0603109898e-04 2.2165004327e+01
1.0803874036e-04 1.0787846176e-04 2.2953182158e+01
1.0759208656e-04 1.0461493719e-04 2.3024383392e+01
1.0457819940e-04 1.0643817953e-04 2.2731154171e+01
1.0413175202e-04 1.0323518001e-04 2.2789378404e+01
1.0117044337e-04 1.0503843382e-04 2.2768760631e+01
1.0072096814e-04 1.0189313538e-04 2.2742106626e+01
9.7812201510e-05 1.0367820145e-04 2.2687225560e+01
9.7358263965e-05 1.0058962646e-04 2.2693712109e+01
9.4502366913e-05 1.0235811243e-04 2.2627570497e+01
9.4930421594e-05 1.0542785340e-04 2.2621453671e+01
9.1675248881e-05 1.0409183404e-04 2.2551587796e+01
9.1239512452e-05 1.0107880017e-04 2.2567945589e+01
8.8467162876e-05 1.0279861309e-04 2.2487420044e+01
8.5304100610e-05 1.0154866602e-04 2.2428770625e+01
8.4847266068e-05 9.8644292790e-05 2.2460587805e+01
8.1713590623e-05 9.7489395175e-05 2.2416751928e+01
7.9103429995e-05 9.9179464161e-05 2.2335992897e+01
7.8618214782e-05 9.6376317744e-05 2.2381034521e+01
7.6060393328e-05 9.8060129709e-05 2.2303735605e+01
7.5558784484e-05 9.5304728164e-05 2.2353744137e+01
7.3051853533e-05 9.6983916491e-05 2.2281168099e+01
7.0074897467e-05 9.5950423330e-05 2.2267815063e+01
7.0583287213e-05 9.8636084351e-05 2.2204498956e+01
6.7656325276e-05 9.7600990296e-05 2.2198195198e+01
6.7126711050e-05 9.4958716244e-05 2.2262947587e+01
6.4756239284e-05 9.6609007313e-05 2.2200629046e+01
6.4204747637e-05 9.4008114069e-05 2.2265241889e+01
6.1880295631e-05 9.5659095100e-05 2.2210077645e+01
6.1306448699e-05 9.3097671720e-05 2.2273509534e+01
5.9025927490e-05 9.4750113413e-05 2.2224776048e+01
5.8429443132e-05 9.2226422979e-05 2.2286914053e+01
5.6190817204e-05 9.3880882116e-05 2.2244550337e+01
5.3372962518e-05 9.3050146431e-05 2.2269295456e+01
5.2731023656e-05 9.0596967320e-05 2.2326509223e+01
5.0570283356e-05 9.2256677690e-05 2.2295730351e+01
4.9905858190e-05 8.9836514034e-05 2.2350011642e+01
4.7094502144e-05 8.9110756999e-05 2.2375900976e+01
4.5003903279e-05 9.0776633928e-05 2.2348318826e+01
4.2237531077e-05 9.0087444235e-05 2.2378808496e+01
4.1507698966e-05 8.7758626406e-05 2.2400416910e+01
3.9480596186e-05 8.9430643649e-05 2.2438056190e+01
3.8729754830e-05 8.7130089931e-05 2.2486161771e+01
3.4767221471e-05 9.0469359145e-05 2.3867928812e+01
3.2030330988e-05 8.9886924830e-05 2.5575819009e+01
2.9278137114e-05 8.9341458542e-05 2.6943086806e+01
2.8469911524e-05 8.7126010392e-05 2.6669261654e+01
2.6511403806e-05 8.8830835062e-05 2.8275501548e+01
2.5685351659e-05 8.6635721828e-05 2.8063200767e+01
2.2885914753e-05 8.6177279568e-05 2.9325983511e+01
2.0936548024e-05 8.7906662092e-05 3.0601115745e+01
1.8129587207e-05 8.7489627388e-05 3.1610940276e+01
1.5310420534e-05 8.7100443155e-05 3.2523058710e+01
1.2479661126e-05 8.6737613745e-05 3.3341911016e+01
9.6379295807e-06 8.6399700563e-05 3.4073003175e+01
8.6905037970e-06 8.4304825767e-05 3.4072761948e+01
6.7858408564e-06 8.6085338075e-05 3.4721896839e+01
5.8167045959e-06 8.4004104948e-05 3.4744027456e+01
3.9239865626e-06 8.5793280668e-05 3.5294242322e+01
2.9329303254e-06 8.3724892038e-05 3.5336969394e+01
3.9839587206e-08 8.3465935224e-05 3.5857533123e+01
-1.8266734535e-06 8.5271255115e-05 3.6231481293e+01
-4.7143644737e-06 8.5039089231e-05 3.6607144119e+01
-7.6095782184e-06 8.4824763059e-05 3.6927724492e+01
-1.0511798659e-05 8.4627290254e-05 3.7198130426e+01
-1.3420544372e-05 8.4445809514e-05 3.7423037575e+01
-1.6335336085e-05 8.4279428301e-05 3.7606877169e+01
-1.9255716570e-05 8.4127313437e-05 3.7753818243e+01
-2.2181259516e-05 8.3988760426e-05 3.7867759486e+01
-2.5111523991e-05 8.3863014962e-05 3.7952336315e+01
-2.6324963180e-05 8.1889023218e-05 3.8150176199e+01
-2.8046129381e-05 8.3749375885e-05 3.8010916805e+01
-2.9281558789e-05 8.1782269739e-05 3.8220596456e+01
-3.0984684738e-05 8.3647282744e-05 3.8046595399e+01
-3.2241966076e-05 8.1686553520e-05 3.8267474068e+01
-3.3926805051e-05 8.3556100779e-05 3.8062227256e+01
-3.5205785679e-05 8.1601178112e-05 3.8293668677e+01
-3.8172687932e-05 8.1526112225e-05 3.8301718289e+01
-4.1142270290e-05 8.1460471686e-05 3.8294039842e+01
-4.4114171614e-05 8.1403661079e-05 3.8272812619e+01
-4.5723761183e-05 8.3290029032e-05 3.7972997099e+01
-4.7088080445e-05 8.1355811899e-05 3.8239909679e+01
-4.8678405914e-05 8.3245916000e-05 3.7923038654e+01
-5.0063630441e-05 8.1316090862e-05 3.8197160556e+01
-5.1634550769e-05 8.3209940288e-05 3.7865463708e+01
-5.3040488501e-05 8.1283990190e-05 3.8146183751e+01
-5.4591874791e-05 8.3181720167e-05 3.7801693950e+01
-5.6018347756e-05 8.1259790591e-05 3.8088308321e+01
-5.7550064644e-05 8.3161033863e-05 3.7732980220e+01
-5.8996872012e-05 8.1242698184e-05 3.8024893572e+01
-6.0508806183e-05 8.3147524324e-05 3.7660459376e+01
-6.1975748032e-05 8.1232281100e-05 3.7957111632e+01
-6.3467790852e-05 8.3140889626e-05 3.7585136477e+01
-6.4954661963e-05 8.1228957389e-05 3.7885859794e+01
-6.6426710950e-05 8.3140996364e-05 3.7507873395e+01
-6.7933302937e-05 8.1231960119e-05 3.7812132915e+01
-6.9385261416e-05 8.3147556047e-05 3.7429456577e+01
-7.0911362869e-05 8.1241171791e-05 3.7736709962e+01
-7.2342743397e-05 8.3160203660e-05 3.7350603033e+01
-7.3888467385e-05 8.1256433382e-05 3.7660284986e+01
-7.5299568713e-05 8.3179093124e-05 3.7271823365e+01
-7.6864419478e-05 8.1277605550e-05 3.7583460303e+01
-7.8255673474e-05 8.3204087984e-05 3.7193615077e+01
-7.9838969689e-05 8.1304590394e-05 3.7506753697e+01
-8.1209694447e-05 8.3234861010e-05 3.7116472631e+01
-8.2811667047e-05 8.1336940190e-05 3.7430686021e+01
-8.4162547800e-05 8.3270965839e-05 3.7040798830e+01
-8.5782319514e-05 8.1375263273e-05 3.7355509366e+01
-8.7112641313e-05 8.3312987411e-05 3.6966805063e+01
-8.8750484519e-05 8.1418923511e-05 3.7281661232e+01
-9.0059423919e-05 8.3360871243e-05 3.6894746274e+01
-9.1715761540e-05 8.1467720201e-05 3.7209442675e+01
-9.3003942565e-05 8.3413986358e-05 3.6824904226e+01
-9.4678079865e-05 8.1522338424e-05 3.7138937837e+01
-9.5945448603e-05 8.3472604819e-05 3.6757395462e+01
-9.7637052244e-05 8.1582174334e-05 3.7070439065e+01
-9.8883544547e-05 8.3536664028e-05 3.6692351601e+01
-1.0059236428e-04 8.1647233508e-05 3.7004085729e+01
-1.0181790107e-04 8.3606159513e-05 3.6629864186e+01
-1.0354368822e-04 8.1717589467e-05 3.6939972163e+01
-1.0474819631e-04 8.3681118632e-05 3.6569989298e+01
-1.0649074868e-04 8.1792967713e-05 3.6878228223e+01
-1.8104878430e-05 8.6130947143e-05 3.7598670834e+01
-2.9745789437e-05 8.5622490164e-05 3.7837088436e+01
-6.5478469153e-06 8.6864047808e-05 3.6839504071e+01
-1.0767411614e-04 8.3761526981e-05 3.6512766204e+01
-1.0943307283e-04 8.1874358192e-05 3.6818734872e+01
-4.1446113749e-05 8.5295412436e-05 3.7762289055e+01
-1.1059531245e-04 8.3847585774e-05 3.6458177152e+01
-1.1237046361e-04 8.1960955749e-05 3.6761667656e+01
1.6197903613e-05 8.9240009817e-05 3.2631824569e+01
-1.1351147530e-04 8.3939242139e-05 3.6406229991e+01
-1.1530255240e-04 8.2053066355e-05 3.6706988460e+01
-1.1642227008e-04 8.4036597417e-05 3.6356890923e+01
-1.1932736067e-04 8.4139751756e-05 3.6310114045e+01
-1.2222640615e-04 8.4248827150e-05 3.6265839270e+01
-1.2511907892e-04 8.4363875333e-05 3.6224009953e+01
-1.2800544443e-04 8.4485027833e-05 3.6184548363e+01
-1.2884422843e-04 8.0601347177e-05 3.6803230210e+01
-1.3175931831e-04 8.0722712459e-05 3.6756187163e+01
-1.3466669934e-04 8.0850357113e-05 3.6711047395e+01
-1.3756601713e-04 8.0984463540e-05 3.6667741440e+01
-1.4045691204e-04 8.1125277627e-05 3.6626188228e+01
-1.4333925012e-04 8.1272910809e-05 3.6586324723e+01
-1.1711154276e-04 8.0176615343e-05 3.7011408154e+01
-1.4621214230e-04 8.1427754978e-05 3.6548053887e+01
-1.4907509228e-04 8.1590133841e-05 3.6511285879e+01
-1.5019023179e-04 7.7696044110e-05 3.7089963836e+01
-1.5307947659e-04 7.7857316488e-05 3.7043530984e+01
-1.5595767805e-04 7.8026467337e-05 3.6998191794e+01
-6.6463420295e-05 7.9329488354e-05 3.8190779053e+01
-1.1174104701e-04 8.5835132209e-05 3.6109558654e+01
1.0844157834e-04 1.1118074366e-04 2.2110767904e+01
-1.5882462384e-04 7.8203741637e-05 3.6953893479e+01
-1.5511573516e-04 7.6002317466e-05 3.7312854895e+01
-1.3853563992e-04 7.7121789068e-05 3.7288273202e+01
-1.5962998027e-04 8.0253343268e-05 3.6658830322e+01
-1.6167995039e-04 7.8389361023e-05 3.6910595860e+01
2.2024567404e-05 8.4016246343e-05 2.9244075494e+01
4.8288777648e-06 8.1938519101e-05 3.4807216688e+01
-1.2736306404e-05 8.0613983115e-05 3.7479111924e+01
-1.6246190218e-04 8.0448152753e-05 3.6621998144e+01
-1.2328757764e-04 8.6258301360e-05 3.5940791571e+01
-1.6528175444e-04 8.0652063759e-05 3.6586209313e+01
-1.6660807289e-04 7.6726500159e-05 3.7115863559e+01
-1.6944983226e-04 7.6929759316e-05 3.7068544563e+01
-1.6871707583e-04 7.4876081129e-05 3.7364116738e+01
-1.7156995719e-04 7.5078842218e-05 3.7310758085e+01
-1.7227817834e-04 7.7142712958e-05 3.7021934684e+01
-1.7440895013e-04 7.5291379451e-05 3.7257943961e+01
-1.7085071615e-04 7.3032568940e-05 3.7612159303e+01
-1.7509262028e-04 7.7365792918e-05 3.6976026901e+01
-1.7723355249e-04 7.5514150664e-05 3.7205676181e+01
-1.7789271756e-04 7.7599465820e-05 3.6930828827e+01
-1.8004327652e-04 7.5747659051e-05 3.7153971943e+01
-1.4710722839e-04 8.3468139796e-05 3.6249699538e+01
1.3552871648e-04 1.1974728582e-04 1.7083530297e+01
4.6389731469e-05 8.6737007884e-05 2.2414754765e+01
5.7809061259e-05 8.9719141767e-05 2.2339992986e+01
-1.8067798803e-04 7.7844236257e-05 3.6886364548e+01
-1.8283763959e-04 7.5992408109e-05 3.7102872023e+01
-1.8442002417e-04 7.2063325633e-05 3.7595648817e+01
-1.8723297499e-04 7.2307724703e-05 3.7530390302e+01
-1.8780973878e-04 7.4403528915e-05 3.7260423020e+01
-1.9280735391e-04 7.2833681629e-05 3.7401208766e+01
-1.9506106455e-04 7.1000779808e-05 3.7594345643e+01
-1.9782889414e-04 7.1283951237e-05 3.7522749041e+01
-1.9734170025e-04 6.9174006812e-05 3.7781624581e+01
-2.0011720664e-04 6.9457460724e-05 3.7701578874e+01
-2.0057747735e-04 7.1581503192e-05 3.7452019903e+01
-2.0287269484e-04 6.9755606953e-05 3.7622361662e+01
-2.0560763177e-04 7.0069196214e-05 3.7544339343e+01
-2.0793667036e-04 6.8250245315e-05 3.7697128279e+01
7.8103242205e-05 9.3598847281e-05 2.2421979309e+01
-2.0754658356e-04 6.6121973628e-05 3.7935547886e+01
-2.1029400286e-04 6.6437350831e-05 3.7838742054e+01
-2.1065580254e-04 6.8581356724e-05 3.7611824588e+01
-2.1301860104e-04 6.6769752993e-05 3.7743796438e+01
-2.1335231117e-04 6.8929954451e-05 3.7528902503e+01
-2.1811604456e-04 6.5316367720e-05 3.7758475334e+01
-2.2079678865e-04 6.5687824506e-05 3.7659463000e+01
-2.2054186451e-04 6.3518964283e-05 3.7846567055e+01
-2.2322633773e-04 6.3892814861e-05 3.7735928450e+01
1.5715093406e-04 1.2531873076e-04 1.7011125736e+01
-2.2345189667e-04 6.6079674743e-05 3.7565348450e+01
-2.2588419479e-04 6.4287646951e-05 3.7630384858e+01
1.1064503630e-04 1.0276327929e-04 2.2963712948e+01
-2.2834651660e-04 6.2502359470e-05 3.7668350405e+01
-2.3097870624e-04 6.2923150784e-05 3.7555473694e+01
2.2769804323e-04 1.1537667346e-04 1.4642678007e+01
2.3115863940e-04 1.1262212205e-04 1.4645622377e+01
2.2422568666e-04 1.1811416371e-04 1.4641252302e+01
-2.3358190956e-04 6.3367904435e-05 3.7450217558e+01
-2.3347319451e-04 6.1148977988e-05 3.7543976425e+01
3.5526693016e-05 9.2740516424e-05 2.4648148431e+01
9.2076758762e-05 1.0714084532e-04 2.2536008690e+01
1.1855968466e-04 1.1564199387e-04 1.6892248134e+01
1.1926027413e-04 6.2538847985e-05 2.2926614996e+01
7.3740192005e-05 5.4306111939e-05 2.2692665837e+01
1.4562270252e-04 6.8435120572e-05 1.8581848090e+01
5.4352661321e-05 5.1809662042e-05 2.2646349377e+01
9.4064050662e-05 5.7617893865e-05 2.2786322669e+01
-2.1614407771e-05 8.0164995631e-05 3.8115215554e+01
1.3404461086e-05 4.8660942777e-05 3.3574510536e+01
-3.9167311543e-06 8.1197086180e-05 3.6421866908e+01
1.3482707174e-05 8.2866985948e-05 3.2475127999e+01
-6.8611741805e-05 4.5283717192e-05 4.4671182085e+01
1.0024185389e-04 9.8787453932e-05 2.2744777225e+01
-8.9015428534e-05 4.5329453711e-05 4.4669045469e+01
1.3104111926e-04 1.0760641266e-04 1.7028973999e+01
-1.7918528028e-04 8.1822705883e-05 3.6421981111e+01
3.0606406728e-04 7.3598165733e-05 1.4181636736e+01
3.0268840015e-04 7.6726783409e-05 1.4178838043e+01
-2.3615549803e-04 6.3837868579e-05 3.7353844723e+01
-2.3860265899e-04 5.9837299831e-05 3.7346855860e+01
1.7607232290e-04 1.2888407629e-04 1.5760619608e+01
2.3165394855e-04 1.1641713876e-04 1.4551872425e+01
2.3511796572e-04 1.1364399015e-04 1.4556636535e+01
3.2050759326e-04 4.2415899426e-05 1.4766861057e+01
3.1649254451e-04 4.1930407671e-05 1.4917356212e+01
-2.4116011329e-04 5.8084168777e-05 3.7219670599e+01
-2.4371370599e-04 6.0829799033e-05 3.7084779809e+01
1.9314548130e-04 1.1265722589e-04 1.5512980295e+01
1.4865205704e-04 1.1115008741e-04 1.7039289730e+01
-2.4631885349e-04 5.6835633251e-05 3.6843863330e+01
-2.4885276335e-04 5.7362211516e-05 3.6665650888e+01
-2.4876953005e-04 5.9640340873e-05 3.6769625840e+01
-2.5135060342e-04 5.7920956707e-05 3.6501317277e+01
2.3560994699e-04 1.1744004521e-04 1.4458109206e+01
2.3907640356e-04 1.1464915851e-04 1.4464559498e+01
3.0660653406e-04 7.7437291560e-05 1.4039794204e+01
3.0323044569e-04 8.0563283141e-05 1.4038466432e+01
3.1984026538e-04 3.8682737963e-05 1.4927880904e+01
3.1580170364e-04 3.8216708434e-05 1.5077759254e+01
-1.7982043035e-04 8.3960077539e-05 3.6189241716e+01
-2.5123628332e-04 6.0222063057e-05 3.6646217145e+01
-2.5381168226e-04 5.8513442336e-05 3.6355151485e+01
-2.5641838127e-04 5.6816658133e-05 3.5982839107e+01
-1.8253642000e-04 8.4239108015e-05 3.6166673831e+01
1.7371190091e-04 8.5230916976e-05 1.7022433425e+01
2.3956573893e-04 1.1844664136e-04 1.4360103029e+01
2.4303368215e-04 1.1563869067e-04 1.4368137490e+01
2.4253236528e-04 1.1184167163e-04 1.4471952629e+01
2.4649125336e-04 1.1281413708e-04 1.4376751341e+01
-2.5660793814e-04 5.4516145290e-05 3.5716208993e+01
-2.5905673239e-04 5.5132630974e-05 3.5515170645e+01
-2.5883568133e-04 5.7456420045e-05 3.5838642434e+01
2.3608632403e-04 1.2123769033e-04 1.4352431424e+01
2.4927202908e-04 8.0705191993e-05 1.5130238177e+01
1.7101401673e-04 1.1604825279e-04 1.6944899887e+01
2.5718877915e-04 6.0991629466e-05 1.5660478242e+01
2.6051969946e-04 5.8115618326e-05 1.5708353972e+01
2.5641630553e-04 5.7310210669e-05 1.5826658163e+01
2.5973828701e-04 5.4441719289e-05 1.5874984166e+01
2.5561937492e-04 5.3641240100e-05 1.6007905650e+01
2.5893211265e-04 5.0780487195e-05 1.6061833099e+01
2.5479819635e-04 4.9984351323e-05 1.6161938732e+01
2.5810097722e-04 4.7131217222e-05 1.6183857756e+01
2.5395338755e-04 4.6335541884e-05 1.6460870462e+01
2.5724325018e-04 4.3491745392e-05 1.6588499206e+01
2.5310612972e-04 4.2747303740e-05 1.7125840453e+01
2.5641777837e-04 3.9960170604e-05 1.7088654351e+01
2.5234620209e-04 3.9361739333e-05 1.7034182518e+01
2.6053639154e-04 4.0640248021e-05 1.6794274477e+01
2.5973753308e-04 3.7181104093e-05 1.7038016743e+01
2.6383867644e-04 3.7789325923e-05 1.7138468396e+01
2.4901615786e-04 4.2078459365e-05 1.7008814992e+01
2.4831836555e-04 3.8844548367e-05 1.7060088505e+01
2.4496993655e-04 4.1485434951e-05 1.7064098563e+01
2.4432011805e-04 3.8392525723e-05 1.7093942048e+01
2.4095822198e-04 4.0962398079e-05 1.7043265927e+01
2.4033151088e-04 3.7965376184e-05 1.7164302212e+01
2.3696688572e-04 4.0487533822e-05 1.7132161494e+01
2.3633518674e-04 3.7526194077e-05 1.7293459292e+01
2.3298026228e-04 4.0023336085e-05 1.7134924022e+01
2.3233250940e-04 3.7065441041e-05 1.7457218263e+01
2.2898751884e-04 3.9542066064e-05 1.7300100923e+01
2.2832812519e-04 3.6587436664e-05 1.7517049081e+01
2.2499355045e-04 3.9043003493e-05 1.7387718188e+01
2.2432874979e-04 3.6097876505e-05 1.7550437203e+01
2.2100586303e-04 3.8532147750e-05 1.7406695971e+01
2.2033888989e-04 3.5600220975e-05 1.7593056381e+01
2.1702704713e-04 3.8013177864e-05 1.7462578575e+01
2.1635865481e-04 3.5096075367e-05 1.7621370505e+01
2.1305615447e-04 3.7488538124e-05 1.7501193032e+01
2.1238899319e-04 3.4589251363e-05 1.7666046872e+01
2.0909542156e-04 3.6959750194e-05 1.7548349202e+01
2.0842935025e-04 3.4080549911e-05 1.7722292513e+01
2.0514462551e-04 3.6429146916e-05 1.7614460214e+01
2.0447955179e-04 3.3572077922e-05 1.7791595309e+01
2.0120341506e-04 3.5898631615e-05 1.7695317549e+01
2.0053853755e-04 3.3064677955e-05 1.7885569061e+01
1.9727055414e-04 3.5369385662e-05 1.7795167249e+01
1.9660554823e-04 3.2560310133e-05 1.7989224223e+01
1.9334539425e-04 3.4842832854e-05 1.7915873344e+01
1.9268021023e-04 3.2060039899e-05 1.8116758249e+01
1.8942741270e-04 3.4320374359e-05 1.8061585260e+01
1.8876124593e-04 3.1564833558e-05 1.8273536733e+01
1.8551452810e-04 3.3803059135e-05 1.8236595678e+01
1.8484703938e-04 3.1075718998e-05 1.8460867026e+01
1.8160778935e-04 3.3291479475e-05 1.8440184600e+01
1.8093678949e-04 3.0593496156e-05 1.8675188229e+01
1.7770391077e-04 3.2786821464e-05 1.8677692431e+01
1.7702901151e-04 3.0118982449e-05 1.8921839841e+01
1.7380121661e-04 3.2290036786e-05 1.8951200661e+01
1.6990104953e-04 3.1801693167e-05 1.9260298494e+01
1.6921664203e-04 2.9196093096e-05 1.9519038812e+01
1.6600027224e-04 3.1323039396e-05 1.9605645531e+01
1.6531010595e-04 2.8749480305e-05 1.9866107418e+01
1.6209856449e-04 3.0854777884e-05 1.9984946095e+01
1.6140238012e-04 2.8313548898e-05 2.0246623271e+01
1.5819527433e-04 3.0397669050e-05 2.0401883667e+01
1.5749281547e-04 2.7889232006e-05 2.0664725627e+01
1.5428970785e-04 2.9952534574e-05 2.0858005845e+01
1.5358060519e-04 2.7477384515e-05 2.1125614004e+01
1.4966556726e-04 2.7078838567e-05 2.1604563388e+01
1.4646908831e-04 2.9101379450e-05 2.1873966864e+01
1.4255519488e-04 2.8697025909e-05 2.2430855480e+01
1.3863652407e-04 2.8308573145e-05 2.2999038260e+01
1.3790651273e-04 2.5973050310e-05 2.3010376131e+01
1.3473177438e-04 2.7936824375e-05 2.2918854791e+01
1.3400993390e-04 2.5638753860e-05 2.2926540634e+01
1.3085773751e-04 2.7582643761e-05 2.2936517751e+01
1.3014242804e-04 2.5322257279e-05 2.2926992294e+01
1.2701271215e-04 2.7246633968e-05 2.2919744791e+01
1.2630276190e-04 2.5024148634e-05 2.2917104209e+01
1.2319619586e-04 2.6929159340e-05 2.2909420867e+01
1.2249034194e-04 2.4744645263e-05 2.2905354099e+01
1.1870464325e-04 2.4483782130e-05 2.2894341907e+01
1.1494507943e-04 2.4241528968e-05 2.2883001512e+01
1.1191238477e-04 2.6089843664e-05 2.2872797053e+01
1.0820462006e-04 2.5847569835e-05 2.2861181527e+01
1.0750230828e-04 2.3811400468e-05 2.2861844696e+01
1.0452266284e-04 2.5623803392e-05 2.2849760963e+01
1.0086600899e-04 2.5417935526e-05 2.2839468464e+01
9.7233229840e-05 2.5229435685e-05 2.2830469527e+01
9.3626101246e-05 2.5057451988e-05 2.2822932432e+01
9.0041954431e-05 2.4901311516e-05 2.2816817283e+01
8.9314171492e-05 2.3026682230e-05 2.2828685472e+01
8.6479820059e-05 2.4760156475e-05 2.2811507837e+01
8.5743829650e-05 2.2912811105e-05 2.2827139174e+01
8.2941477750e-05 2.4632928603e-05 2.2809762676e+01
7.9424317428e-05 2.4518810746e-05 2.2800305327e+01
7.8666719913e-05 2.2720691119e-05 2.2839354355e+01
7.5927405545e-05 2.4416890139e-05 2.2823229339e+01
7.5158651894e-05 2.2640674142e-05 2.2746273575e+01
7.2452490712e-05 2.4326168102e-05 2.2722112544e+01
7.1670880234e-05 2.2570318186e-05 2.3089250327e+01
6.8997277084e-05 2.4245980034e-05 2.3096328030e+01
6.8175604376e-05 2.2501365889e-05 2.3993385113e+01
6.4664912424e-05 2.2431688749e-05 2.4759569945e+01
6.2052318227e-05 2.4088597395e-05 2.4868699564e+01
6.1139922728e-05 2.2361605431e-05 2.5643964812e+01
5.8556343824e-05 2.4009788818e-05 2.5791589873e+01
5.7600944583e-05 2.2291429720e-05 2.6561797205e+01
5.4048369998e-05 2.2221505218e-05 2.7528374121e+01
5.0483052301e-05 2.2151956392e-05 2.8529538778e+01
4.6905214638e-05 2.2083149345e-05 2.9559201080e+01
4.4428876086e-05 2.3700610109e-05 2.9813847044e+01
4.3315372118e-05 2.2015316032e-05 3.0609071384e+01
3.9714006930e-05 2.1948750328e-05 3.1671347751e+01
3.6101640349e-05 2.1883633787e-05 3.2738239955e+01
3.2478761321e-05 2.1820230770e-05 3.3802249701e+01
2.8845770585e-05 2.1758758661e-05 3.4856264293e+01
2.6487948792e-05 2.3346934833e-05 3.5144216960e+01
2.5203374587e-05 2.1699367161e-05 3.5893642420e+01
2.1552275076e-05 2.1641656300e-05 3.6908463559e+01
1.7892384911e-05 2.1587420689e-05 3.7895172461e+01
1.5601653700e-05 2.3162865692e-05 3.8151057021e+01
1.1955741067e-05 2.3107134912e-05 3.9087862823e+01
1.0549914393e-05 2.1485728706e-05 3.9767164612e+01
6.8680985712e-06 2.1438859542e-05 4.0645412722e+01
4.6415287966e-06 2.3004559340e-05 4.0841599630e+01
9.7359883503e-07 2.2957761180e-05 4.1654007713e+01
-5.1414932441e-07 2.1353165286e-05 4.2274159910e+01
-4.2133290015e-06 2.1313769736e-05 4.3021773698e+01
-6.3771750308e-06 2.2873101470e-05 4.3142230330e+01
-1.0060601002e-05 2.2835310188e-05 4.3817314247e+01
-1.3749337612e-05 2.2800348073e-05 4.4446559176e+01
-1.5338710987e-05 2.1213388082e-05 4.4990674767e+01
-1.9054813598e-05 2.1185565752e-05 4.5556518704e+01
-2.1136012729e-05 2.2738695369e-05 4.5569349758e+01
-2.4834688250e-05 2.2711885736e-05 4.6065185553e+01
-2.6496121885e-05 2.1136211785e-05 4.6558002754e+01
-3.0220718949e-05 2.1114973749e-05 4.6996154017e+01
-3.2240881370e-05 2.2665647160e-05 4.6932500036e+01
-3.5946173981e-05 2.2645975326e-05 4.7307045003e+01
-3.7675535760e-05 2.1078573428e-05 4.7754979836e+01
-4.1405398086e-05 2.1063583227e-05 4.8079040449e+01
-4.3363621140e-05 2.2613609133e-05 4.7946898198e+01
-4.7064472079e-05 2.2597735716e-05 4.8215647784e+01
-5.0755194910e-05 2.2588547049e-05 4.8451472838e+01
-5.2595539005e-05 2.1030074085e-05 4.8850992884e+01
-5.4472208677e-05 2.2582069991e-05 4.8659040664e+01
-5.8203757049e-05 2.2571824943e-05 4.8840234502e+01
-6.1919691755e-05 2.2564982746e-05 4.8994014305e+01
-6.3799417579e-05 2.1008745762e-05 4.9362063571e+01
-6.5632516756e-05 2.2560002123e-05 4.9123101941e+01
-6.9344330924e-05 2.2556522088e-05 4.9229275776e+01
-7.3055560460e-05 2.2554361914e-05 4.9314131146e+01
-7.4996994208e-05 2.1000341044e-05 4.9656860013e+01
-7.8728080768e-05 2.0999869099e-05 4.9714367732e+01
-8.0475638973e-05 2.2553782735e-05 4.9425678389e+01
-8.4184136651e-05 2.2555244883e-05 4.9455060682e+01
-8.6187251562e-05 2.1002086406e-05 4.9776467933e+01
-8.9915039256e-05 2.1004670278e-05 4.9783499037e+01
-9.1597274059e-05 2.2561365529e-05 4.9467130317e+01
-9.5301520963e-05 2.2565941824e-05 4.9451986257e+01
-9.7366240213e-05 2.1012544089e-05 4.9754961798e+01
-1.0108936659e-04 2.1017763917e-05 4.9721307201e+01
-1.0270475126e-04 2.2577928243e-05 4.9384113186e+01
-1.0640337386e-04 2.2585285724e-05 4.9333033779e+01
-1.1009976087e-04 2.2593523998e-05 4.9271487917e+01
-1.1224710191e-04 2.1038322282e-05 4.9552461581e+01
-1.1379380844e-04 2.2602628922e-05 4.9200088905e+01
-1.1748536643e-04 2.2612585882e-05 4.9119375264e+01
-1.2117421009e-04 2.2623402883e-05 4.9029797897e+01
-1.2338427737e-04 2.1065872350e-05 4.9294726278e+01
-1.2709137406e-04 2.1076612246e-05 4.9191167596e+01
-1.2854308930e-04 2.2647623311e-05 4.8825488572e+01
-1.3222285780e-04 2.2661048173e-05 4.8711273285e+01
-1.3449666809e-04 2.1100441517e-05 4.8959205304e+01
-1.3819450380e-04 2.1113568992e-05 4.8831065181e+01
-1.3957181672e-04 2.2690636255e-05 4.8459442045e+01
-1.2184827112e-05 2.4400574804e-05 4.3894838347e+01
-1.4324061529e-04 2.2706869259e-05 4.8321875730e+01
-1.4690538225e-04 2.2724108675e-05 4.8176449585e+01
-1.4926635386e-04 2.1158229187e-05 4.8397894256e+01
-1.5055659428e-04 2.2739397000e-05 4.8024006512e+01
1.5500566365e-04 3.2481925683e-05 2.0584306780e+01
3.8435202030e-05 2.5243066550e-05 3.1153481031e+01
2.4340044576e-06 2.4577718147e-05 4.1024575735e+01
-3.0557155185e-05 2.4248121444e-05 4.6463606711e+01
1.8228102780e-04 3.6037910357e-05 1.8213812340e+01
-1.5422189298e-04 2.2761482704e-05 4.7861334032e+01
1.6946799010e-05 2.4807632911e-05 3.7441471643e+01
5.2515222861e-05 2.5577766165e-05 2.6930819119e+01
1.1262063286e-04 2.8223841382e-05 2.2875903461e+01
-1.5785093210e-04 2.2785650609e-05 4.7691305681e+01
-1.6029792856e-04 2.1210781435e-05 4.7887860475e+01
-1.6396937667e-04 2.1229834522e-05 4.7698892484e+01
-6.3754887615e-05 2.4125318450e-05 4.8757505409e+01
-8.5888904190e-05 2.4120287084e-05 4.9146366513e+01
-1.6515956097e-04 2.2824520626e-05 4.7323157986e+01
-1.6879404192e-04 2.2851334867e-05 4.7123597200e+01
-1.7129217234e-04 2.1273793490e-05 4.7288936355e+01
-1.7494273050e-04 2.1297513531e-05 4.7066679992e+01
-1.0061945464e-04 2.4141210315e-05 4.9084612599e+01
-1.1531664210e-04 2.4178301639e-05 4.8840471066e+01
-1.7857326761e-04 2.1319932544e-05 4.6832995330e+01
-1.2996930612e-04 2.4230692624e-05 4.8453592355e+01
2.3567945108e-04 3.4577265658e-05 1.7605875300e+01
2.0776218595e-04 3.1239052842e-05 1.7908252689e+01
1.8026528699e-04 2.7945544800e-05 1.8920890136e+01
1.5287035150e-04 2.5057567575e-05 2.1378841163e+01
1.2559775571e-04 2.2864526571e-05 2.2913964344e+01
3.4868932348e-05 2.0231439921e-05 3.3513243014e+01
-2.0708637872e-05 1.9614161711e-05 4.6077557579e+01
-3.9443205701e-05 1.9520911993e-05 4.8197534418e+01
1.0679702772e-04 2.1835333909e-05 2.2867494924e+01
9.2174075537e-05 2.1300661789e-05 2.2847403209e+01
4.9394929781e-05 2.0470207861e-05 2.9311043246e+01
1.6765041388e-06 1.9797919961e-05 4.2115359587e+01
-1.5906788129e-04 1.9630597534e-05 4.8258735385e+01
-5.8207548397e-05 1.9471278799e-05 4.9430027625e+01
-7.3223448140e-05 1.9455517861e-05 4.9924140071e+01
-8.8227867977e-05 1.9456700465e-05 5.0090752848e+01
-1.0321234245e-04 1.9471551258e-05 5.0010693260e+01
-1.1816821643e-04 1.9498170903e-05 4.9742528592e+01
-1.7748484409e-04 1.9725436469e-05 4.7202372964e+01
-1.8481490970e-04 1.9774694049e-05 4.6687002569e+01
-1.8583057886e-04 2.1384091869e-05 4.6319040020e+01
-1.8847062852e-04 1.9804897990e-05 4.6404205154e+01
-1.8946954431e-04 2.1409971821e-05 4.6037988646e+01
-1.9212724167e-04 1.9830794512e-05 4.6103453819e+01
-1.9668363699e-04 2.1486096107e-05 4.5419554928e+01
-1.9939582651e-04 1.9897868038e-05 4.5439547407e+01
-2.0029971713e-04 2.1522418233e-05 4.5077483385e+01
-2.0302233905e-04 1.9932126535e-05 4.5072038731e+01
1.9401508189e-04 3.7669620811e-05 1.7731553204e+01
1.7058777941e-04 3.4459641108e-05 1.9007304770e+01
1.4328740798e-04 3.1125172193e-05 2.2166172246e+01
-7.4825669961e-05 2.4116705548e-05 4.9037117480e+01
6.2918916963e-05 2.5840525563e-05 2.4152100208e+01
2.7739532269e-05 2.5013187836e-05 3.4381274496e+01
-9.4985519084e-06 1.9695424807e-05 4.4299347516e+01
-1.4795799322e-04 1.9585233378e-05 4.8767180727e+01
1.4110068580e-04 2.4012571459e-05 2.2871059300e+01
1.9594103523e-04 2.9795091083e-05 1.8196126575e+01
2.2365589588e-04 3.3178279198e-05 1.7742893037e+01
2.4769154681e-04 3.5829001176e-05 1.7207323947e+01
-2.0389006548e-04 2.1563860686e-05 4.4712351030e+01
2.0976186896e-04 3.9873486015e-05 1.7394625018e+01
2.6306798981e-04 3.4412850383e-05 1.7002887413e+01
2.6714902439e-04 3.4945448207e-05 1.7104807024e+01
-2.0746617244e-04 2.1609362564e-05 4.4320974079e+01
-2.1023888393e-04 2.0013144584e-05 4.4253452491e+01
-2.1102935179e-04 2.1658913972e-05 4.3900567971e+01
-2.1382900784e-04 2.0059317856e-05 4.3796526216e+01
-2.1665481286e-04 1.8467859128e-05 4.3650385182e+01
-2.2025991725e-04 1.8514645959e-05 4.3112172709e+01
-2.2385108361e-04 1.8565988792e-05 4.2528578456e+01
-2.2450738640e-04 2.0221611980e-05 4.2194551449e+01
-2.2742424450e-04 1.8623614916e-05 4.1895105572e+01
-1.6988366931e-04 2.4468284733e-05 4.6745917379e+01
-2.3098506473e-04 1.8685891615e-05 4.1205274433e+01
-2.3452036345e-04 1.8756678773e-05 4.0455167467e+01
-2.3804323298e-04 1.8831429688e-05 3.9635666814e+01
-2.4154122414e-04 1.8916986868e-05 3.8741436413e+01
-2.1585983281e-04 1.6845321950e-05 4.4000295522e+01
2.6641030038e-04 3.1656176797e-05 1.7012670597e+01
2.7046737818e-04 3.2107615781e-05 1.7052325075e+01
2.2166494453e-04 4.1488782747e-05 1.7268583817e+01
-2.4501154340e-04 1.9013325861e-05 3.7765451943e+01
3.1914185448e-04 3.4973945998e-05 1.5096850359e+01
3.1508088332e-04 3.4525499617e-05 1.5246747708e+01
3.2318354297e-04 3.5406541630e-05 1.4938971801e+01
2.4698961634e-04 1.1661384017e-04 1.4266429083e+01
2.5044778286e-04 1.1377287042e-04 1.4276177683e+01
2.4993933004e-04 1.0997316633e-04 1.4386113976e+01
2.5389651296e-04 1.1091534892e-04 1.4286323990e+01
-2.4845624588e-04 1.9120736227e-05 3.6698658784e+01
-2.5186922413e-04 1.9241834657e-05 3.5533789531e+01
-2.5524739287e-04 1.9378591930e-05 3.4262546825e+01
2.2668029891e-04 1.0779064277e-04 1.4822681787e+01
-2.0471955880e-04 2.3213677616e-05 4.4353260017e+01
1.7046099952e-04 8.7647269524e-05 1.7023133906e+01
-2.6172700502e-04 5.3462482639e-05 3.4934335122e+01
-2.6412528095e-04 5.4134749655e-05 3.4734961578e+01
-2.5122407942e-04 1.5784499771e-05 3.6034557312e+01
3.0713455471e-04 8.1291853496e-05 1.3894902532e+01
3.0375857789e-04 8.4414086909e-05 1.3894783209e+01
2.9985066411e-04 8.3667979938e-05 1.4035334094e+01
3.0037823925e-04 8.7515315402e-05 1.3892814470e+01
2.9646674372e-04 8.6751992513e-05 1.4030635556e+01
2.9699327748e-04 9.0596184464e-05 1.3889214217e+01
2.9307836720e-04 8.9815976037e-05 1.4024592697e+01
2.9360349315e-04 9.3657260313e-05 1.3884181997e+01
2.8968538957e-04 9.2860672945e-05 1.4017405426e+01
2.9020850590e-04 9.6699109198e-05 1.3877901765e+01
3.1050646956e-04 7.8147723450e-05 1.3892940546e+01
2.8628742495e-04 9.5886540992e-05 1.4009269174e+01
2.8680813781e-04 9.9722263805e-05 1.3870528538e+01
2.6976482399e-04 2.8906945829e-05 1.7020355158e+01
2.7379611660e-04 2.9276129249e-05 1.6997572120e+01
2.7458283584e-04 3.2651850928e-05 1.7128559173e+01
2.7789206388e-04 2.9742868620e-05 1.7109369273e+01
-2.6682361158e-04 5.2504234363e-05 3.3981936498e+01
-2.5858741417e-04 1.9533180907e-05 3.2876621394e+01
-2.6163054281e-04 1.6120905884e-05 3.1660662251e+01
-2.6502276622e-04 1.6266631304e-05 2.9923978699e+01
-2.6836907555e-04 1.6433734453e-05 2.8033722071e+01
-2.6838059713e-04 1.8264622510e-05 2.7958428694e+01
-2.7166437495e-04 1.6625468003e-05 2.5991102195e+01
1.7434495934e-04 8.8837534754e-05 1.7012403964e+01
-6.3490210761e-05 5.0407341361e-05 4.3600018900e+01
-2.1144781141e-04 4.2722227177e-05 4.0672566983e+01
-2.3512712343e-04 4.0533656091e-05 3.8358328424e+01
8.7544975609e-05 9.6914950197e-05 2.2534289215e+01
2.6578917171e-04 2.8620589829e-05 1.7248532848e+01
2.5337866453e-04 1.0711586416e-04 1.4396347924e+01
-1.8044933650e-04 8.6114208686e-05 3.5971777627e+01
2.5440117440e-04 1.1471903928e-04 1.4169547146e+01
-1.8314377881e-04 8.6404712495e-05 3.5956518963e+01
2.7875752355e-04 3.3275077940e-05 1.6557128836e+01
2.8204626364e-04 3.0300892787e-05 1.6585655810e+01
2.4590230168e-04 8.3539388171e-05 1.5103535937e+01
-2.2158999933e-04 2.1831828303e-05 4.2440779698e+01
-2.7160097583e-04 1.8487481151e-05 2.5971305798e+01
-2.7490326817e-04 1.6845347549e-05 2.3769240542e+01
-2.6879962285e-04 5.5597468707e-05 3.4480652096e+01
-2.7147169319e-04 5.3997112158e-05 3.3668129900e+01
-2.7188403402e-04 5.1622924919e-05 3.2822678049e+01
-2.7417508461e-04 5.2418462708e-05 3.2664340660e+01
3.2247636250e-04 3.1702878719e-05 1.5119480922e+01
3.2652118209e-04 3.2099803322e-05 1.4949180697e+01
3.1102078348e-04 8.2021865893e-05 1.3743273728e+01
3.1438716219e-04 7.8860449416e-05 1.3737946447e+01
2.7713561102e-04 2.6449054457e-05 1.7000883126e+01
-1.7774056638e-04 8.5836123390e-05 3.5988296798e+01
2.5784972149e-04 1.1184560192e-04 1.4180389376e+01
2.5835082011e-04 1.1565393663e-04 1.4056358389e+01
1.7107558892e-04 9.1257325902e-05 1.7014548998e+01
2.0159926769e-04 9.3582917068e-05 1.5959637562e+01
2.3360953943e-04 4.3012309775e-05 1.7025998209e+01
2.8292709157e-04 3.3902257718e-05 1.6199447448e+01
2.8622901200e-04 3.0897465234e-05 1.6312090025e+01
-2.7476297162e-04 1.8741544628e-05 2.3804377740e+01
-2.7807980645e-04 1.7097262955e-05 2.1455407078e+01
-2.7690986379e-04 5.0864643674e-05 3.1426491480e+01
-2.3199989558e-04 2.2077357927e-05 4.0593327092e+01
1.7497356872e-04 9.2489383018e-05 1.7006149943e+01
3.0089453718e-04 9.1374995248e-05 1.3745871262e+01
-2.7641941858e-04 5.3262290849e-05 3.2593903913e+01
-2.7914055420e-04 5.1734811771e-05 3.1324303506e+01
-2.7967573172e-04 4.9338787823e-05 2.9901634073e+01
-2.8189315287e-04 5.0237918981e-05 2.9753413323e+01
-1.7634308772e-04 8.9882921175e-05 3.5590787881e+01
-1.7364874242e-04 8.9606986747e-05 3.5595684717e+01
-2.7786122813e-04 1.9031002022e-05 2.1536610860e+01
-2.8144073817e-04 1.5451304531e-05 1.8677942305e+01
-2.8455639799e-04 1.5736455046e-05 1.6756549895e+01
-2.8764680817e-04 1.6052465907e-05 1.7173350442e+01
2.4992169507e-04 8.4452375805e-05 1.5015124885e+01
2.8708760844e-04 3.4503883970e-05 1.6128820838e+01
2.7962341156e-04 3.6889176122e-05 1.6147866292e+01
2.1298393747e-04 9.3225605946e-05 1.5515409448e+01
-1.8523749262e-04 8.4530777767e-05 3.6145321778e+01
-1.8582352450e-04 8.6708156975e-05 3.5942603463e+01
-1.8792327660e-04 8.4835618921e-05 3.6125279457e+01
3.1174428700e-04 3.7736184272e-05 1.5222536140e+01
2.9039666081e-04 3.1469006462e-05 1.6146719681e+01
2.8953013732e-04 2.7868689105e-05 1.6530523113e+01
2.9370261823e-04 2.8413115058e-05 1.6152807074e+01
-1.8848822086e-04 8.7025072322e-05 3.5930138571e+01
3.1488825522e-04 8.2755457730e-05 1.3583382816e+01
3.1824766783e-04 7.9577929262e-05 1.3574583720e+01
2.6179838902e-04 1.1276517596e-04 1.4067800288e+01
2.6229626981e-04 1.1657893883e-04 1.3936254913e+01
2.5884163262e-04 1.1946555884e-04 1.3923711282e+01
2.4654181183e-04 8.7291816309e-05 1.4991769483e+01
2.9072111749e-04 1.0054711175e-04 1.3732857399e+01
2.8731875062e-04 1.0356656547e-04 1.3725814636e+01
-2.8721860779e-04 1.8080301259e-05 1.7163414770e+01
-2.9072475289e-04 1.6400690447e-05 1.7054844031e+01
-2.8484517125e-04 1.3801951802e-05 1.6757626892e+01
-2.8405980429e-04 5.1190948695e-05 2.9752134669e+01
-2.8467669922e-04 4.8776079559e-05 2.7816484690e+01
3.2580374851e-04 2.8401406505e-05 1.5144796776e+01
3.2985128324e-04 2.8760093088e-05 1.4954997207e+01
-1.9113754326e-04 8.7356013155e-05 3.5919253055e+01
2.9282601629e-04 2.4820226222e-05 1.6559183619e+01
2.9700611811e-04 2.5336550697e-05 1.6202055031e+01
-2.4231568695e-04 2.2387503226e-05 3.8209544495e+01
2.8575486628e-04 9.2060448664e-05 1.4142905461e+01
2.8235476734e-04 9.5069756725e-05 1.4132940164e+01
2.4252851259e-04 8.6358285705e-05 1.5079918933e+01
1.6721246668e-04 9.0042105995e-05 1.7024149955e+01
1.6780696276e-04 9.3654536818e-05 1.7016685827e+01
1.6396633074e-04 9.2414240676e-05 1.7025556022e+01
-1.6797249065e-04 7.2839923694e-05 3.7672140929e+01
-1.6937509436e-04 6.8993388893e-05 3.8249904976e+01
-1.6644503865e-04 6.8820311419e-05 3.8322704455e+01
-1.6861711090e-04 6.7000698438e-05 3.8584831882e+01
-1.6566025770e-04 6.6837150194e-05 3.8663767707e+01
-1.7005461020e-04 6.3222196115e-05 3.9191854471e+01
-1.7303922765e-04 6.3382834268e-05 3.9099650285e+01
-1.7455460615e-04 5.9635979660e-05 3.9702711136e+01
-1.7756786150e-04 5.9793252342e-05 3.9595566482e+01
-1.7152669010e-04 5.9486741647e-05 3.9808257479e+01
-1.7380220908e-04 5.7706253386e-05 4.0062599753e+01
-1.7074480251e-04 5.7566511290e-05 4.0174009384e+01
-1.7432296420e-04 9.1776594167e-05 3.5406437894e+01
-1.8640581980e-04 8.8901943200e-05 3.5755724831e+01
-1.8056587801e-04 5.9959012169e-05 3.9486774447e+01
2.4315631506e-04 9.0116218444e-05 1.4971279458e+01
2.3914999236e-04 8.9161977778e-05 1.5059514825e+01
1.6453921675e-04 9.6028099113e-05 1.7018835738e+01
1.6072270817e-04 9.4762477471e-05 1.7027345792e+01
-2.9020551111e-04 1.8482615330e-05 1.7067961620e+01
-2.9378571150e-04 1.6786450608e-05 1.7087841665e+01
-2.9682857746e-04 1.7214420638e-05 1.7083248322e+01
-3.0062824163e-04 1.5465625126e-05 1.7077385671e+01
-3.0373617629e-04 1.5917921394e-05 1.7078921839e+01
-2.8749037869e-04 4.7354528411e-05 2.5393151174e+01
-2.8963070862e-04 4.8380509057e-05 2.5313950514e+01
3.1873588751e-04 8.3495462159e-05 1.3415129661e+01
3.2208693772e-04 8.0303011570e-05 1.3402750105e+01
-2.8892837789e-04 5.0808237517e-05 2.7962491635e+01
-2.9453763243e-04 4.8179060685e-05 2.2548397666e+01
-1.9377116269e-04 8.7701509281e-05 3.5910102387e+01
2.5054788594e-04 8.8209871663e-05 1.4906862280e+01
2.6305801270e-04 5.1557653637e-05 1.5923285284e+01
3.2160237260e-04 7.6376708979e-05 1.3562706472e+01
3.2543278726e-04 7.7086428008e-05 1.3386871036e+01
3.2495239710e-04 7.3150501834e-05 1.3547322138e+01
3.2877331112e-04 7.3844538215e-05 1.3366989270e+01
3.2829795507e-04 6.9898250185e-05 1.3527836286e+01
3.3210861471e-04 7.0576025343e-05 1.3342425131e+01
3.3163855492e-04 6.6617993058e-05 1.3503492341e+01
3.3543837125e-04 6.7279443505e-05 1.3312295769e+01
3.3497477575e-04 6.3309022765e-05 1.3473119509e+01
3.3876265129e-04 6.3953291050e-05 1.3275332649e+01
3.3830603283e-04 5.9969023702e-05 1.3435171166e+01
3.4208127193e-04 6.0595710672e-05 1.3229835293e+01
3.4163213085e-04 5.6596076566e-05 1.3387419725e+01
3.4539343066e-04 5.7204919616e-05 1.3173500473e+01
3.4495312744e-04 5.3188562823e-05 1.3326714993e+01
3.4869903885e-04 5.3778985347e-05 1.3103196955e+01
3.4826797800e-04 4.9743472161e-05 1.3248829090e+01
3.5199754876e-04 5.0315439806e-05 1.3014811012e+01
3.5157588478e-04 4.6257898412e-05 1.3147929828e+01
3.4782170836e-04 4.5737330824e-05 1.3388060041e+01
3.5113725547e-04 4.2233618277e-05 1.3270836575e+01
3.5487841710e-04 4.2730406684e-05 1.3016038053e+01
3.5444729280e-04 3.8684888109e-05 1.3112651317e+01
3.5067532058e-04 3.8245039048e-05 1.3383361399e+01
3.5398989341e-04 3.4680015204e-05 1.3191308053e+01
3.5775129872e-04 3.5089895265e-05 1.2898477166e+01
3.5729693174e-04 3.1066017509e-05 1.2924019013e+01
3.5349804855e-04 3.0717502088e-05 1.3252653343e+01
3.6104749719e-04 3.1445505330e-05 1.2608717252e+01
-1.6269030932e-04 6.6681512965e-05 3.8742466984e+01
-1.5970781867e-04 6.6533373210e-05 3.8820984669e+01
-1.5671330425e-04 6.6392371273e-05 3.8899376118e+01
-1.5370729337e-04 6.6258178386e-05 3.8977697195e+01
-1.5493566402e-04 6.2530351248e-05 3.9641286053e+01
-1.5187632289e-04 6.2411749163e-05 3.9729286969e+01
-1.4880633888e-04 6.2299020455e-05 3.9816798698e+01
-1.4670336863e-04 6.4092191559e-05 3.9515571550e+01
-1.4363897339e-04 6.3984229646e-05 3.9598193166e+01
-1.4056540392e-04 6.3881451466e-05 3.9680747919e+01
-1.3748380553e-04 6.3783420382e-05 3.9763253800e+01
-1.3439365750e-04 6.3689923281e-05 3.9845779503e+01
-1.3129488905e-04 6.3601893835e-05 3.9928074646e+01
-1.2818840822e-04 6.3518400166e-05 4.0010245483e+01
-1.2507466841e-04 6.3439052858e-05 4.0092305317e+01
-1.2195386327e-04 6.3364556235e-05 4.0173992609e+01
-1.2077252264e-04 6.1513815048e-05 4.0585325032e+01
-1.1882652247e-04 6.3294204010e-05 4.0255309108e+01
-1.1762099746e-04 6.1446504964e-05 4.0668447941e+01
-1.1569306023e-04 6.3227666549e-05 4.0336183458e+01
-1.1446282660e-04 6.1386318394e-05 4.0749988110e+01
-1.1255368541e-04 6.3165687257e-05 4.0416252580e+01
-1.1129972726e-04 6.1326181610e-05 4.0831166518e+01
-1.0940891893e-04 6.3107165588e-05 4.0495528218e+01
-1.2621130235e-04 6.5312458987e-05 3.9686590207e+01
-1.0625899275e-04 6.3052862191e-05 4.0573588169e+01
-1.0310430425e-04 6.3002618692e-05 4.0650163199e+01
-1.5402050281e-04 6.0625141696e-05 4.0023448332e+01
-9.9945174593e-05 6.2956353995e-05 4.0724922789e+01
-9.6781938390e-05 6.2914069410e-05 4.0797471454e+01
-9.4989993928e-05 6.4705292378e-05 4.0459065250e+01
-9.1842486680e-05 6.4667380156e-05 4.0528815956e+01
-9.0444468747e-05 6.2841401117e-05 4.0934094767e+01
-8.7270658133e-05 6.2813678110e-05 4.0996555182e+01
-8.4094382699e-05 6.2786410073e-05 4.1055373438e+01
-8.0915438094e-05 6.2765869420e-05 4.1108557713e+01
-7.7734433444e-05 6.2748509596e-05 4.1156064010e+01
-7.4551692085e-05 6.2733685966e-05 4.1197109538e+01
-7.1367328133e-05 6.2726469899e-05 4.1229754368e+01
-6.9736206061e-05 6.4523940481e-05 4.0896537457e+01
-6.6571572346e-05 6.4522182999e-05 4.0921946878e+01
-6.3406295055e-05 6.4525264614e-05 4.0937434606e+01
-9.6344737724e-05 6.6548502802e-05 4.0049959714e+01
-6.1808825019e-05 6.2729901621e-05 4.1270164080e+01
-5.8621959953e-05 6.2741729408e-05 4.1259729501e+01
-5.5435344981e-05 6.2758947358e-05 4.1234884339e+01
-5.2249348942e-05 6.2781635091e-05 4.1193943763e+01
-4.9064376149e-05 6.2810747973e-05 4.1134900807e+01
-4.5880824661e-05 6.2846385053e-05 4.1055796732e+01
-4.2699008048e-05 6.2887338336e-05 4.0954606454e+01
-4.1261799270e-05 6.4714450925e-05 4.0635829990e+01
-3.9519672463e-05 6.2938147489e-05 4.0828355536e+01
-3.8104808133e-05 6.4769016512e-05 4.0511010119e+01
-3.6343007089e-05 6.2995536196e-05 4.0675038019e+01
-3.3169390544e-05 6.3059209287e-05 4.0491894504e+01
-2.9999796627e-05 6.3133924022e-05 4.0275460761e+01
-2.6834364899e-05 6.3216515874e-05 4.0023008263e+01
-2.3673533582e-05 6.3306760850e-05 3.9731110445e+01
-2.0518523552e-05 6.3409523499e-05 3.9395766701e+01
-1.7369447624e-05 6.3521689052e-05 3.9013464627e+01
-1.6116973398e-05 6.5398511895e-05 3.8691448003e+01
-1.4226831808e-05 6.3643101302e-05 3.8580035958e+01
-1.2998556050e-05 6.5529886503e-05 3.8253842866e+01
-1.1092172880e-05 6.3778734322e-05 3.8090919910e+01
-9.8878756919e-06 6.5673836885e-05 3.7759347405e+01
-7.9655888776e-06 6.3925513684e-05 3.7541746993e+01
-6.7856668754e-06 6.5830486571e-05 3.7203148864e+01
-4.8477277679e-06 6.4083343295e-05 3.6927561233e+01
-3.6926605330e-06 6.6000327060e-05 3.6580058447e+01
-1.7403956826e-06 6.4257304680e-05 3.6243228529e+01
-6.0989255473e-07 6.6184763233e-05 3.5884755177e+01
1.3562429235e-06 6.4444347182e-05 3.5483474511e+01
2.4617469576e-06 6.6383983432e-05 3.5111514809e+01
5.5213445234e-06 6.6598543567e-05 3.4254206732e+01
7.5128455598e-06 6.4862699405e-05 3.3714714758e+01
1.0570392175e-05 6.5096133374e-05 3.2693831265e+01
1.3612986134e-05 6.5344683015e-05 3.1573378989e+01
1.6638072855e-05 6.5613606025e-05 3.0347174216e+01
1.9645230852e-05 6.5899789100e-05 2.9008100269e+01
2.2633149155e-05 6.6203151692e-05 2.7551999187e+01
2.3556815859e-05 6.8258888970e-05 2.6964383563e+01
2.5598804623e-05 6.6528969427e-05 2.5954668918e+01
2.6495857162e-05 6.8605015601e-05 2.5342448039e+01
2.8541587672e-05 6.6873906980e-05 2.4298500758e+01
2.9410575923e-05 6.8972925404e-05 2.3298870621e+01
3.2310323798e-05 6.9362887444e-05 2.2442886047e+01
3.5220458100e-05 6.9776516085e-05 2.2626050708e+01
3.8142471971e-05 7.0213958242e-05 2.2579139313e+01
4.0266777048e-05 6.8472089458e-05 2.2594666146e+01
4.3227433998e-05 6.8932766049e-05 2.2579625767e+01
4.4025897615e-05 7.1162273260e-05 2.2560385721e+01
4.6204262138e-05 6.9416928293e-05 2.2569366539e+01
4.6982334198e-05 7.1675681937e-05 2.2554895246e+01
4.9196838634e-05 6.9924913256e-05 2.2564588394e+01
4.9966805787e-05 7.2214474137e-05 2.2546897220e+01
5.2205555581e-05 7.0461863679e-05 2.2559254856e+01
5.2963648185e-05 7.2780752979e-05 2.2541890027e+01
5.5232902256e-05 7.1024265772e-05 2.2554843578e+01
5.8280312516e-05 7.1611926494e-05 2.2555231579e+01
5.9012107541e-05 7.3996132014e-05 2.2536330045e+01
6.1347220583e-05 7.2230397754e-05 2.2555606252e+01
6.2066925751e-05 7.4647033830e-05 2.2537415166e+01
6.4436685603e-05 7.2875950084e-05 2.2557858349e+01
6.5144280521e-05 7.5327238924e-05 2.2541652119e+01
7.0688266237e-05 7.4253200914e-05 2.2573954298e+01
7.3852642536e-05 7.4986210374e-05 2.2587739389e+01
7.4527259241e-05 7.7548717306e-05 2.2571428832e+01
7.7046280744e-05 7.5749786245e-05 2.2602591361e+01
7.7702508864e-05 7.8351927607e-05 2.2591722330e+01
8.0268103175e-05 7.6543712380e-05 2.2623133006e+01
8.0923251511e-05 7.9185321184e-05 2.2610642513e+01
8.3523661496e-05 7.7368181615e-05 2.2645720067e+01
8.4170780483e-05 8.0051944115e-05 2.2636304763e+01
8.6811742741e-05 7.8223907846e-05 2.2669925940e+01
8.7450549474e-05 8.0952965501e-05 2.2664963310e+01
9.0134992157e-05 7.9109594660e-05 2.2699855638e+01
-7.4411510810e-05 6.6348751162e-05 4.0487608583e+01
-8.3826847300e-05 6.6408019397e-05 4.0322672180e+01
-6.1838547243e-05 6.6341167193e-05 4.0611137998e+01
-5.2406434446e-05 6.6393442644e-05 4.0590198155e+01
-4.2983230242e-05 6.6504279174e-05 4.0423197317e+01
-3.3579991166e-05 6.6682958123e-05 4.0052287730e+01
-2.4209225034e-05 6.6941108691e-05 3.9403791470e+01
3.5475459858e-06 6.8343034067e-05 3.4765009896e+01
1.2610289719e-05 6.9081368669e-05 3.1861944242e+01
2.1530315326e-05 6.9991370870e-05 2.7979054318e+01
3.0267568809e-05 7.1097018782e-05 2.2803255481e+01
3.8949897021e-05 7.2416575599e-05 2.2563511583e+01
9.0767290473e-05 8.1883124810e-05 2.2694135356e+01
9.3493089589e-05 8.0029702965e-05 2.2728952927e+01
-1.4164912900e-04 6.0215131991e-05 4.0387438138e+01
6.8917602091e-05 7.8555323026e-05 2.2529118882e+01
-1.3545478753e-04 6.5580709036e-05 3.9448860135e+01
9.4120543837e-05 8.2847638227e-05 2.2726986005e+01
9.6889437708e-05 8.0980320932e-05 2.2761057534e+01
5.6710000111e-05 7.5752604095e-05 2.2518164642e+01
-1.3224828424e-04 5.9957525097e-05 4.0654368043e+01
2.5149179768e-04 5.2822269402e-05 1.6146219242e+01
9.7511842675e-05 8.3846728333e-05 2.2760769665e+01
1.0032495284e-04 8.1962685504e-05 2.2793118814e+01
1.0094398244e-04 8.4877478371e-05 2.2794299440e+01
1.0380111996e-04 8.2976508818e-05 2.2823941137e+01
1.0441898321e-04 8.5938574109e-05 2.2828888833e+01
1.0732025832e-04 8.4019768114e-05 2.2853859731e+01
1.0793640188e-04 8.7033446872e-05 2.2858651014e+01
1.1088096743e-04 8.5097941145e-05 2.2895113562e+01
1.1149678919e-04 8.8163578672e-05 2.2865840976e+01
1.1448642288e-04 8.6206397440e-05 2.2903077418e+01
1.1510444909e-04 8.9324462458e-05 2.3080590052e+01
1.1813700224e-04 8.7346204938e-05 2.2723489423e+01
1.1874325627e-04 9.0513891312e-05 2.2121973824e+01
1.2178304208e-04 8.8501215468e-05 2.1219092505e+01
2.9123524431e-04 3.5085232368e-05 1.5960502288e+01
3.6059660149e-04 2.7402866059e-05 1.2553669172e+01
3.6433658410e-04 2.7749973386e-05 1.2217726220e+01
2.6278515301e-04 1.2039606768e-04 1.3795780267e+01
2.6623682226e-04 1.1749540509e-04 1.3809008850e+01
2.5932354827e-04 1.2327996438e-04 1.3781488071e+01
2.9122459951e-04 1.0440372001e-04 1.3581548141e+01
2.8782065606e-04 1.0741852737e-04 1.3574402021e+01
-1.2277775105e-04 5.9738971764e-05 4.0914671889e+01
-8.9033220596e-05 6.1034912462e-05 4.1335452880e+01
-6.9846101846e-05 6.0931858358e-05 4.1589514414e+01
-6.0222199632e-05 6.0943627507e-05 4.1592304227e+01
2.8181264338e-04 9.1254852891e-05 1.4260973856e+01
2.7841135726e-04 9.4247010469e-05 1.4249199167e+01
-1.7232418477e-04 9.3676512076e-05 3.5227327195e+01
-1.6964413397e-04 9.3403114489e-05 3.5221153522e+01
-1.6695217822e-04 9.3140983321e-05 3.5216347788e+01
-1.8354798917e-04 6.0133767166e-05 3.9376302231e+01
-1.8288536656e-04 5.8172978984e-05 3.9716332586e+01
-1.8588138430e-04 5.8345997109e-05 3.9596703075e+01
-1.8824312987e-04 5.6565037820e-05 3.9807665609e+01
-1.9123572696e-04 5.6745947171e-05 3.9675467939e+01
-1.9421001430e-04 5.6937186099e-05 3.9540624933e+01
-1.8760916727e-04 5.4621651496e-05 4.0148005786e+01
-1.9716523816e-04 5.7139417501e-05 3.9403195010e+01
-1.4462383784e-04 6.5893752682e-05 3.9212753277e+01
-2.9532344269e-04 4.5778887742e-05 1.8318409939e+01
-1.9662787652e-04 5.5159520011e-05 3.9717329782e+01
-1.9959597255e-04 5.5360190607e-05 3.9567309290e+01
-2.0010004444e-04 5.7353640546e-05 3.9263270493e+01
-2.0254346617e-04 5.5572762861e-05 3.9414195530e+01
-2.0501699984e-04 5.3798662948e-05 3.9547578240e+01
-2.0795524011e-04 5.4022704653e-05 3.9376146699e+01
-2.1087062931e-04 5.4260518954e-05 3.9201280962e+01
1.2235257001e-04 9.1712077338e-05 2.0438521763e+01
1.2539863602e-04 8.9667782340e-05 1.9812058256e+01
-3.0285941574e-04 1.8214093359e-05 1.7092284261e+01
-3.0682887260e-04 1.6420303914e-05 1.7080594561e+01
-2.9813494427e-04 1.2959415640e-05 1.7060676395e+01
3.2912172969e-04 2.5066999252e-05 1.5169571683e+01
3.2505162415e-04 2.4727821665e-05 1.5359438167e+01
3.3317108515e-04 2.5384533421e-05 1.4949371157e+01
3.3387540536e-04 2.9101338087e-05 1.4738678444e+01
3.3719619386e-04 2.5682945021e-05 1.4690290781e+01
2.9612122368e-04 2.1758851073e-05 1.6711521549e+01
3.0031076098e-04 2.2236267213e-05 1.6572903756e+01
-1.9638872107e-04 8.8062200461e-05 3.5902840276e+01
-1.9802267406e-04 8.3973861887e-05 3.6239248410e+01
-2.0064736550e-04 8.4339716864e-05 3.6219449745e+01
8.6131997865e-05 7.5525880700e-05 2.2678700175e+01
1.0314159620e-04 8.0049434321e-05 2.2822425718e+01
1.2114974715e-04 8.5326109847e-05 2.1991038145e+01
-3.0777797626e-04 1.4100558214e-05 1.7064352046e+01
-3.1096499260e-04 1.4572767391e-05 1.7063326147e+01
-3.0990921540e-04 1.6976874737e-05 1.7081393495e+01
-3.1413427987e-04 1.5105286907e-05 1.7063059302e+01
-2.0111058984e-04 8.6577425296e-05 3.6049458383e+01
-2.0325422859e-04 8.4721966899e-05 3.6201767629e+01
-2.0542131210e-04 8.2872336089e-05 3.6353625437e+01
3.1537948394e-04 8.6664737806e-05 1.3424411312e+01
1.7826344430e-04 9.0045468827e-05 1.7006072770e+01
1.7890533242e-04 9.3734702812e-05 1.6991205231e+01
2.9197308494e-04 2.1343951716e-05 1.7118690983e+01
-2.0801220256e-04 8.3275222143e-05 3.6331951457e+01
-2.0761325939e-04 8.1028683663e-05 3.6504020343e+01
-2.1020516955e-04 8.1434875574e-05 3.6476013371e+01
-1.6767331515e-04 9.5310752373e-05 3.5042805002e+01
-1.6498898982e-04 9.5049866636e-05 3.5032694234e+01
-1.6424866548e-04 9.2889729924e-05 3.5212904632e+01
-1.6153388062e-04 9.2648930392e-05 3.5210838268e+01
-1.5880820512e-04 9.2418067113e-05 3.5210190884e+01
-1.5766072386e-04 9.6477751988e-05 3.4829892727e+01
-1.5495288653e-04 9.6248922839e-05 3.4818862432e+01
-1.5414355621e-04 9.4109747887e-05 3.5006370889e+01
-1.5223529251e-04 9.6029649370e-05 3.4809327641e+01
-1.5140682151e-04 9.3898810114e-05 3.5003507783e+01
-1.4950826717e-04 9.5819620466e-05 3.4801351205e+01
-1.4677217476e-04 9.5618516572e-05 3.4795011978e+01
-1.4402731114e-04 9.5426072727e-05 3.4790394245e+01
-1.4127398629e-04 9.5241999079e-05 3.4787593740e+01
-1.3851256660e-04 9.5066024257e-05 3.4786718061e+01
-1.3759732402e-04 9.9111610135e-05 3.4379515536e+01
-1.3485825401e-04 9.8937562746e-05 3.4368608636e+01
-1.3211205189e-04 9.8771436218e-05 3.4359779075e+01
-1.3115357038e-04 9.6671151379e-05 3.4567526049e+01
-1.2935907696e-04 9.8612985457e-05 3.4353166566e+01
-1.2659966964e-04 9.8462015563e-05 3.4348916614e+01
-1.2383411881e-04 9.8318344304e-05 3.4347181696e+01
-1.2106271533e-04 9.8181838313e-05 3.4348117912e+01
-1.1828578294e-04 9.8052293213e-05 3.4351898020e+01
-1.1550364919e-04 9.7929568426e-05 3.4358696090e+01
-1.1271662225e-04 9.7813615601e-05 3.4368681403e+01
-1.1209508054e-04 1.0185219151e-04 3.3910972766e+01
-1.0933530142e-04 1.0173934444e-04 3.3910922184e+01
-1.0657152302e-04 1.0163327969e-04 3.3914366834e+01
-1.0545813750e-04 9.9562839904e-05 3.4155305102e+01
-1.0380404314e-04 1.0153391715e-04 3.3921527076e+01
-1.0267281205e-04 9.9468235450e-05 3.4171341765e+01
-1.0103313591e-04 1.0144118185e-04 3.3932630250e+01
-9.9884090733e-05 9.9380104170e-05 3.4191443703e+01
-9.8259150342e-05 1.0135501659e-04 3.3947907554e+01
-9.7092275584e-05 9.9298438128e-05 3.4215814120e+01
-9.5482445356e-05 1.0127541109e-04 3.3967588328e+01
-9.4297679523e-05 9.9223180980e-05 3.4244662992e+01
-9.2703220737e-05 1.0120234626e-04 3.3991907026e+01
-9.1500586779e-05 9.9154292258e-05 3.4278197258e+01
-8.9921745707e-05 1.0113579208e-04 3.4021101743e+01
-8.8701281263e-05 9.9091863297e-05 3.4316602451e+01
-8.7138352936e-05 1.0107578562e-04 3.4055401541e+01
-8.5900055740e-05 9.9035882560e-05 3.4360071810e+01
-8.4353354179e-05 1.0102235970e-04 3.4095033116e+01
-8.1567022710e-05 1.0097555918e-04 3.4140215604e+01
-7.8779649282e-05 1.0093542924e-04 3.4191163220e+01
-7.5991469688e-05 1.0090312162e-04 3.4247910284e+01
-7.3202872759e-05 1.0087613770e-04 3.4311020360e+01
-7.0414045680e-05 1.0085714156e-04 3.4380262970e+01
-6.7625324910e-05 1.0084481435e-04 3.4455985500e+01
-6.4836974887e-05 1.0083963163e-04 3.4538232838e+01
-6.0657379952e-05 1.0286584787e-04 3.4350234789e+01
-5.7889230885e-05 1.0287985727e-04 3.4446041068e+01
-5.5122559287e-05 1.0290188621e-04 3.4549271998e+01
-5.2357642698e-05 1.0293217813e-04 3.4659900725e+01
-4.9594734004e-05 1.0297101492e-04 3.4777824065e+01
-4.6834145110e-05 1.0301866670e-04 3.4902856712e+01
-4.4076140827e-05 1.0307545080e-04 3.5034711312e+01
-3.9804299487e-05 1.0115483347e-04 3.5558629291e+01
-3.7034852406e-05 1.0123541429e-04 3.5697164124e+01
-3.4268783754e-05 1.0132648087e-04 3.5838247758e+01
-3.1506363605e-05 1.0142849747e-04 3.5980720817e+01
-2.8747856985e-05 1.0154197657e-04 3.6123221351e+01
-2.7597059374e-05 1.0362987850e-04 3.5936109402e+01
-2.5993527583e-05 1.0166745273e-04 3.6264144759e+01
-2.4864514214e-05 1.0376216519e-04 3.6095601962e+01
-2.3243641273e-05 1.0180551314e-04 3.6401641531e+01
-2.2136646634e-05 1.0390730490e-04 3.6253818627e+01
-2.0498460013e-05 1.0195678441e-04 3.6533560242e+01
-1.9413727071e-05 1.0406592344e-04 3.6408666371e+01
-1.7758251122e-05 1.0212193964e-04 3.6657460514e+01
-1.6695992218e-05 1.0423869766e-04 3.6557715339e+01
-1.5023278423e-05 1.0230169693e-04 3.6770528326e+01
-1.3983728914e-05 1.0442635860e-04 3.6698143316e+01
-1.2293817059e-05 1.0249682685e-04 3.6869640072e+01
-1.1277207161e-05 1.0462968526e-04 3.6826724338e+01
-9.5701442005e-06 1.0270814568e-04 3.6951264502e+01
-5.8824071145e-06 1.0508669575e-04 3.7033362622e+01
-3.1947456436e-06 1.0534220159e-04 3.7103047747e+01
-1.4367293034e-06 1.0344820109e-04 3.7051895094e+01
1.2608531156e-06 1.0373348537e-04 3.7023554127e+01
3.9511155220e-06 1.0403979990e-04 3.6957824025e+01
6.6337169517e-06 1.0436823649e-04 3.6851647090e+01
7.4837797872e-06 1.0656757854e-04 3.7059356517e+01
9.3083213153e-06 1.0471991709e-04 3.6703044920e+01
1.0133617362e-05 1.0693014533e-04 3.6952991787e+01
1.1974586469e-05 1.0509600710e-04 3.6511149846e+01
1.2774765941e-05 1.0731745697e-04 3.6807245420e+01
1.5407012859e-05 1.0773047045e-04 3.6624100911e+01
1.8030020660e-05 1.0817051626e-04 3.6406114328e+01
2.0643469735e-05 1.0863899395e-04 3.6154986377e+01
2.5171323154e-05 1.0738644620e-04 3.4908694299e+01
2.5841497244e-05 1.0966616042e-04 3.5546238019e+01
2.7782319650e-05 1.0793698658e-04 3.4448476430e+01
3.0383742497e-05 1.0852173993e-04 3.3927730916e+01
3.0999796159e-05 1.1082606426e-04 3.4749033467e+01
3.3563462643e-05 1.1146141501e-04 3.4250723170e+01
3.5555228658e-05 1.0980770547e-04 3.2663613619e+01
3.8124851741e-05 1.1051282491e-04 3.1896326087e+01
3.8657879749e-05 1.1285570258e-04 3.2980864379e+01
4.0682731996e-05 1.1126357295e-04 3.1018172492e+01
4.1185956009e-05 1.1362128093e-04 3.2179029529e+01
4.3702011985e-05 1.1443633508e-04 3.1241179723e+01
4.5758490964e-05 1.1291587783e-04 2.8924730305e+01
4.6202001803e-05 1.1530625335e-04 3.0182925369e+01
-1.2960032379e-05 1.0656809045e-04 3.6636426742e+01
-3.1896343837e-05 1.0549247291e-04 3.5402148778e+01
3.9131625952e-07 1.0780333962e-04 3.7261915918e+01
4.8687164210e-05 1.1623570951e-04 2.8960381836e+01
-4.0079696765e-05 1.0521452775e-04 3.4921860502e+01
5.3243843667e-05 1.1583312592e-04 2.4750341157e+01
5.5690314482e-05 1.1694122043e-04 2.2645697435e+01
1.6160046080e-05 1.0998084432e-04 3.7014153308e+01
-6.2031184152e-05 1.0489327687e-04 3.3989114202e+01
5.6010678517e-05 1.1942910532e-04 2.4380245504e+01
5.8125340627e-05 1.1811681977e-04 2.0273021684e+01
6.0571309007e-05 1.1935069345e-04 2.0358358132e+01
2.3918541602e-05 1.1142147830e-04 3.6496213737e+01
-7.0290756519e-05 1.0490796110e-04 3.3774728163e+01
6.0764054118e-05 1.2194584787e-04 1.8821918097e+01
3.1585156340e-05 1.1314510395e-04 3.5686363472e+01
4.7824263524e-05 1.1142402802e-04 2.6501936606e+01
-7.8553109000e-05 1.0498827739e-04 3.3626056194e+01
6.3152926841e-05 1.2330875356e-04 1.9598310562e+01
6.5513843283e-05 1.2203560688e-04 2.0512074807e+01
6.5380625862e-05 1.1933172087e-04 2.0747589672e+01
7.0544337563e-05 1.2220293214e-04 2.0851714819e+01
7.0566343403e-05 1.2505296583e-04 2.0606457383e+01
7.3187884330e-05 1.2376168909e-04 2.0945813390e+01
7.3160960488e-05 1.2670017357e-04 2.0762039954e+01
7.5886556908e-05 1.2540597117e-04 2.1153476190e+01
7.0439728794e-05 1.1938111530e-04 2.1071031287e+01
5.7830144784e-05 1.1558136372e-04 2.0743390995e+01
7.5819226898e-05 1.2844295112e-04 2.1019958746e+01
7.8651271150e-05 1.2713491746e-04 2.1412375201e+01
7.8657347238e-05 1.2405312975e-04 2.1485901353e+01
8.1517694040e-05 1.2576288571e-04 2.1721325570e+01
8.1491315286e-05 1.2894441364e-04 2.1776594813e+01
8.4450329443e-05 1.2754328096e-04 2.2031448788e+01
8.4413204003e-05 1.3082706433e-04 2.1930802139e+01
8.7458944780e-05 1.2938765367e-04 2.2164166579e+01
8.7421238542e-05 1.3277414484e-04 2.2837336863e+01
9.0544436001e-05 1.3128854882e-04 2.2724402077e+01
9.0514193395e-05 1.2789052509e-04 2.2413679235e+01
9.3651745073e-05 1.3317452237e-04 2.0656618914e+01
9.6818025102e-05 1.3157307047e-04 2.0132713301e+01
9.6753176623e-05 1.3500522814e-04 1.9169257420e+01
9.9958429537e-05 1.3335761294e-04 1.8746951921e+01
9.9862168849e-05 1.3679060193e-04 1.8494823222e+01
1.0309885330e-04 1.3510858617e-04 1.7783225780e+01
9.3580130235e-05 1.2634277881e-04 2.2841618527e+01
1.9185259050e-05 1.0414259737e-04 3.5249377380e+01
-2.3662773373e-06 1.0129518805e-04 3.6981418377e+01
-2.4356069614e-05 9.9718518484e-05 3.6555226985e+01
-3.5467771755e-05 9.9265583144e-05 3.6058385919e+01
-4.6633999672e-05 9.8984696918e-05 3.5552415221e+01
-5.7837350682e-05 9.8849300529e-05 3.5101767507e+01
-6.9060174189e-05 9.8840339284e-05 3.4735925790e+01
2.7122892933e-05 1.0565986217e-04 3.3793582073e+01
1.0314326819e-04 1.3166766540e-04 1.8110802261e+01
1.0630502970e-04 1.3338793628e-04 1.7046176321e+01
1.0624486632e-04 1.3683548703e-04 1.7109703162e+01
1.0947622548e-04 1.3509697736e-04 1.7169718750e+01
1.0940827471e-04 1.3854765641e-04 1.7009541560e+01
1.1267958554e-04 1.3679560331e-04 1.7175214009e+01
8.1465927102e-05 1.2264481531e-04 2.1767473136e+01
-1.2034732736e-04 1.0223212743e-04 3.3930035205e+01
-7.7481602325e-05 9.8907466216e-05 3.4522633485e+01
1.1260330776e-04 1.4024624918e-04 1.7210040127e+01
1.1591389142e-04 1.3848452025e-04 1.7167430093e+01
1.1595231917e-04 1.3500245383e-04 1.7172557521e+01
1.1922788695e-04 1.3668195969e-04 1.7189697076e+01
1.1917904932e-04 1.4016687965e-04 1.7195962532e+01
1.2253420832e-04 1.3835766686e-04 1.7199627576e+01
1.2247525855e-04 1.4184721438e-04 1.7214153799e+01
1.2587248457e-04 1.4003317447e-04 1.7211451926e+01
1.2580342849e-04 1.4353086133e-04 1.7229766102e+01
1.2924454916e-04 1.4171281203e-04 1.7221650777e+01
7.0490867005e-05 1.2793323643e-04 2.0182779707e+01
6.0910674052e-05 1.2452886664e-04 2.0841516764e+01
1.1922858582e-04 1.3316817878e-04 1.7171159126e+01
8.4295247259e-05 1.3419711767e-04 2.2694317391e+01
-1.2855377370e-04 1.0267736878e-04 3.3973368810e+01
1.0630714038e-04 1.2993429168e-04 1.7319727312e+01
1.2928049437e-04 1.3817302939e-04 1.7198987694e+01
1.3269946676e-04 1.3984506921e-04 1.7199425565e+01
1.3265292675e-04 1.4340083620e-04 1.7227416881e+01
1.3615769682e-04 1.4152376442e-04 1.7192882183e+01
1.3610129890e-04 1.4510091518e-04 1.7224221819e+01
1.3965978758e-04 1.4321107668e-04 1.7175556200e+01
1.3967615044e-04 1.3958904774e-04 1.7151972873e+01
1.4323121135e-04 1.4125929929e-04 1.7126237438e+01
1.4321146448e-04 1.4490753607e-04 1.7141252335e+01
1.4684045344e-04 1.4293002365e-04 1.7088141557e+01
-1.4576940449e-04 9.9683036891e-05 3.4423527681e+01
9.6596437592e-05 1.3843382228e-04 1.9037537039e+01
1.4682061067e-04 1.4661010055e-04 1.7105512826e+01
1.5050813312e-04 1.4460160259e-04 1.7024060065e+01
-2.1058403925e-04 8.3696546482e-05 3.6312962615e+01
-2.9655161230e-04 4.9370445823e-05 2.3093653478e+01
-2.9939893676e-04 4.8202055209e-05 1.9135598991e+01
-3.0029041067e-04 4.5807106475e-05 1.6844115983e+01
-3.0229011056e-04 4.7112745281e-05 1.6614247199e+01
3.2923932990e-04 7.7808811432e-05 1.3202484063e+01
1.0929256137e-04 1.4196770760e-04 1.7075265385e+01
3.1921584137e-04 8.7426857161e-05 1.3251131204e+01
3.1586281017e-04 9.0586827179e-05 1.3260574436e+01
1.4321470031e-04 1.3760224835e-04 1.7110980970e+01
2.8391006398e-04 1.0656784607e-04 1.3717609124e+01
2.8440612757e-04 1.1041847503e-04 1.3565869143e+01
-3.5488415106e-04 1.7185312882e-05 1.4946161640e+01
1.5049587327e-04 1.4831359809e-04 1.6996289027e+01
1.5424430628e-04 1.4626403535e-04 1.7138865160e+01
-1.1443338310e-04 9.5864770371e-05 3.4612139456e+01
2.3976654302e-04 9.2925112921e-05 1.4953742265e+01
2.3576649208e-04 9.1950282799e-05 1.5042409898e+01
1.8221537522e-04 9.1267464270e-05 1.6983230089e+01
1.8286975204e-04 9.4989662948e-05 1.7021958208e+01
1.7953585633e-04 9.7457983162e-05 1.7004481545e+01
2.5393412678e-04 8.5349517478e-05 1.4929481978e+01
2.5454687204e-04 8.9112339366e-05 1.4822844386e+01
2.7785941676e-04 9.0442316210e-05 1.4371996564e+01
2.7445794633e-04 9.3416836972e-05 1.4358429068e+01
2.8125622087e-04 8.7450221415e-05 1.4385592641e+01
2.7500486956e-04 9.7221572501e-05 1.4237304203e+01
2.7105135984e-04 9.6374006851e-05 1.4345096986e+01
-2.1499603219e-04 8.0029376863e-05 3.6586589670e+01
-2.1754854961e-04 8.0478769757e-05 3.6559205561e+01
-2.1723904231e-04 7.8205065657e-05 3.6719001498e+01
-2.1979127545e-04 7.8658675233e-05 3.6686782549e+01
-2.2007987700e-04 8.0949087197e-05 3.6535925332e+01
-2.2232155260e-04 7.9134039040e-05 3.6659604594e+01
-2.2458783423e-04 7.7325410299e-05 3.6780619863e+01
-2.1376200913e-04 5.4512988296e-05 3.9023325764e+01
-2.1339841954e-04 5.2490776145e-05 3.9279239018e+01
-2.1662835823e-04 5.4781224338e-05 3.8842684187e+01
-1.4036827305e-04 9.3142121742e-05 3.5008986403e+01
1.6127258305e-04 9.8376904121e-05 1.7021399181e+01
1.5748174126e-04 9.7085666841e-05 1.7029491008e+01
1.6509924036e-04 9.9683613556e-05 1.7012872246e+01
1.5420087502e-04 1.4252670093e-04 1.6990307782e+01
1.5798726481e-04 1.4414380077e-04 1.6842457305e+01
1.5805421248e-04 1.4791405090e-04 1.6274398023e+01
1.6182967580e-04 1.4574559673e-04 1.5697148922e+01
1.6171189444e-04 1.4196077407e-04 1.6390134793e+01
1.6556454735e-04 1.4351247379e-04 1.5648668504e+01
1.6567923197e-04 1.4730259578e-04 1.5340180891e+01
1.6942187491e-04 1.4502049220e-04 1.5242445827e+01
1.2592785853e-04 9.2911392913e-05 1.8972852569e+01
1.2898170438e-04 9.0834256196e-05 1.8450844617e+01
7.8343781830e-05 8.0988944466e-05 2.2574106084e+01
8.8069501250e-05 8.3722903912e-05 2.2654419565e+01
-3.1297916761e-04 1.7592806584e-05 1.7082318421e+01
-3.1730765207e-04 1.5687550976e-05 1.7066606738e+01
-3.0528352928e-04 4.6053118290e-05 1.7375558233e+01
7.3140462617e-05 7.2449890259e-05 2.2600555333e+01
6.3692349928e-05 7.0448386786e-05 2.2576101673e+01
5.4453193099e-05 6.8695834812e-05 2.2572680822e+01
3.6463687492e-05 6.5883507125e-05 2.2627477236e+01
1.8654438404e-05 6.3881972444e-05 2.9585474953e+01
9.4986073472e-06 6.3129003478e-05 3.3160769818e+01
-1.8668687127e-05 6.1656906860e-05 3.9353861982e+01
-3.7783320008e-05 6.1170273334e-05 4.1002490245e+01
-4.7388933228e-05 6.1034875925e-05 4.1384290170e+01
-3.1523572603e-04 1.2682278675e-05 1.7052579217e+01
2.6672409217e-04 1.2131876296e-04 1.3660722023e+01
3.6474044429e-04 3.1867743295e-05 1.2315828231e+01
3.6801415197e-04 2.8145143571e-05 1.1922258476e+01
3.4582314171e-04 6.1246767375e-05 1.3015851521e+01
2.9172079518e-04 1.0826781206e-04 1.3423382157e+01
2.9511895543e-04 1.0524023165e-04 1.3429369518e+01
1.2237614620e-04 1.4530312641e-04 1.7219237357e+01
3.6388681040e-04 2.3688673884e-05 1.2044746588e+01
3.3647676859e-04 2.1969533558e-05 1.4919207734e+01
3.4050177008e-04 2.2222080460e-05 1.4594257415e+01
2.9530847320e-04 1.8357863209e-05 1.7049399882e+01
2.9123013462e-04 1.8112723079e-05 1.7014104096e+01
1.6954130132e-04 1.4880941725e-04 1.4970962289e+01
1.7329051181e-04 1.4648378061e-04 1.4968970031e+01
-1.9429360246e-04 8.9932215391e-05 3.5746416655e+01
-2.1595352755e-04 5.0728820836e-05 3.9329952326e+01
-2.0454835041e-04 5.1821432683e-05 3.9844916943e+01
2.7049523397e-04 9.2577759037e-05 1.4461138927e+01
-2.9904773972e-04 1.9954787494e-05 1.7098166739e+01
2.6708942352e-04 9.5517143714e-05 1.4446408937e+01
1.8351147376e-04 9.8740757609e-05 1.6875511713e+01
-2.2938239394e-04 7.6033362166e-05 3.6875494703e+01
-2.2957520330e-04 7.8357312567e-05 3.6745693622e+01
2.5793947674e-04 8.6231411091e-05 1.4844365916e+01
-1.2281966288e-04 9.6236715785e-05 3.4577281059e+01
3.3589160326e-04 7.1270875142e-05 1.3148225779e+01
2.8791748650e-04 3.8128138615e-05 1.5914228310e+01
2.9204435826e-04 3.8720635685e-05 1.5773646419e+01
2.1632460708e-04 1.1593614652e-04 1.4826739104e+01
2.9360604177e-04 6.7732859927e-05 1.4698837463e+01
-1.8745222786e-04 4.5312379810e-05 4.1764845558e+01
1.2192905416e-04 1.1715022181e-04 1.7044712806e+01
9.5324555577e-05 1.0853629998e-04 2.2610269178e+01
9.2442023297e-05 1.1022797162e-04 2.2523126055e+01
9.5682862920e-05 1.1168589237e-04 2.2604277592e+01
1.6093753887e-04 1.2683394989e-04 1.6977331657e+01
1.9543662447e-04 8.1196881037e-05 1.7019802288e+01
1.4740401581e-04 7.7813377212e-05 1.7110681008e+01
1.5694263662e-04 9.3516090405e-05 1.7035594546e+01
1.5372768582e-04 9.5813440859e-05 1.7036818834e+01
-2.3529061365e-04 4.2525355713e-05 3.8220829191e+01
-2.3819732236e-04 4.2814658314e-05 3.7804177122e+01
-2.3554118938e-04 4.6590810264e-05 3.7987094523e+01
-2.3563049602e-04 4.8661759093e-05 3.7888003528e+01
-2.4112821503e-04 4.5186110068e-05 3.7323766605e+01
-2.4392242584e-04 4.5543720626e-05 3.6920492809e+01
-2.3269686919e-04 4.6278867948e-05 3.8321236318e+01
-2.4667964608e-04 4.5927844672e-05 3.6508067092e+01
-2.4664327573e-04 4.8058539929e-05 3.6564568125e+01
-2.4939881134e-04 4.6340252221e-05 3.6088664113e+01
1.9096832327e-04 1.2662577806e-04 1.5154700018e+01
1.2518762286e-04 7.2050180784e-05 2.2435527705e+01
2.2570654931e-04 7.8715718517e-05 1.5699670799e+01
-1.5147772648e-04 4.9617318318e-05 4.2308135007e+01
-1.5471225569e-04 4.9697280244e-05 4.2191127469e+01
-1.5248395701e-04 5.1428790763e-05 4.1901524028e+01
-1.5566742386e-04 5.1524460905e-05 4.1786295668e+01
-1.4926812138e-04 5.1346845474e-05 4.2013199158e+01
1.0679627742e-04 6.7672706177e-05 2.2853375412e+01
8.9349122628e-05 6.3931225614e-05 2.2743480265e+01
-1.4092218704e-04 2.4280376377e-05 4.8082285299e+01
2.0187059438e-04 3.8772561229e-05 1.7524821899e+01
6.2772018350e-05 7.7093079514e-05 2.2517232613e+01
9.4719407298e-05 8.5708444413e-05 2.2723478429e+01
7.1058910588e-05 1.0134132865e-04 2.2131799848e+01
6.8619003223e-05 1.0293879517e-04 2.2036528424e+01
7.1498976688e-05 1.0406604792e-04 2.2046421137e+01
6.9046387252e-05 1.0563384337e-04 2.1933136440e+01
7.1900375146e-05 1.0681061946e-04 2.1944709582e+01
6.6222259358e-05 1.0450812847e-04 2.1934805255e+01
6.6638521782e-05 1.0717196733e-04 2.1811672832e+01
1.6280081460e-04 3.3449559933e-05 1.9718528005e+01
-2.5112932742e-04 6.2546284144e-05 3.6781032144e+01
-2.4862160750e-04 6.4265805929e-05 3.6957322651e+01
-2.4856120358e-04 6.6611680893e-05 3.7040739564e+01
-2.5094650557e-04 6.7260969302e-05 3.7020694965e+01
-2.4851260028e-04 6.8978589832e-05 3.7118174321e+01
-2.4611906797e-04 6.8341016512e-05 3.7125012887e+01
-2.5340856811e-04 6.5554495525e-05 3.6875129967e+01
-2.5575095914e-04 6.6252139138e-05 3.6872322621e+01
-2.4372752039e-04 7.2445018429e-05 3.7170652174e+01
-2.5320549487e-04 7.0356061267e-05 3.7160381138e+01
1.3546988398e-04 3.0293855505e-05 2.2963624576e+01
3.8232717475e-05 9.3384714149e-05 2.3020384157e+01
3.6266388916e-05 9.5022529017e-05 2.5205968381e+01
3.8957017022e-05 9.5688698471e-05 2.3550914903e+01
1.2011991279e-04 2.8839126065e-05 2.2900634292e+01
2.4163374139e-04 4.4144238138e-05 1.7041795487e+01
1.0523154020e-04 2.7684901913e-05 2.2850486223e+01
-3.7928105584e-05 2.4205422596e-05 4.7203879250e+01
-3.5589951483e-05 8.5438556320e-05 3.7828388708e+01
-4.8643609391e-06 2.4482655446e-05 4.2552722053e+01
-4.9290179492e-06 1.0725424019e-04 3.7074393212e+01
4.5503117997e-05 2.5407205937e-05 2.9003621912e+01
9.7060466377e-06 2.4686027099e-05 3.9315775185e+01
-2.3916460501e-05 8.5851607299e-05 3.7768461989e+01
-1.3127718014e-04 1.0284092159e-04 3.3992405940e+01
-6.8126645085e-05 6.6334013643e-05 4.0566666298e+01
-9.0092078529e-05 6.6468577414e-05 4.0191947019e+01
-1.2314203818e-05 8.6466259198e-05 3.7299724662e+01
-8.0945185795e-07 8.7331623724e-05 3.6182143261e+01
-4.5552619001e-05 1.0508046881e-04 3.4638550666e+01
2.1783625699e-05 9.0078969387e-05 3.0790442556e+01
-5.6530555481e-05 1.0492211250e-04 3.4171929025e+01
5.3991761350e-05 9.5516747722e-05 2.2200751122e+01
-1.8946103536e-04 6.0512689763e-05 3.9150302096e+01
1.8742454626e-04 1.2914345762e-04 1.5194318934e+01
1.9132779523e-04 1.3043680276e-04 1.5031322304e+01
1.8775548819e-04 1.3295469032e-04 1.5058806308e+01
1.9165915676e-04 1.3424464276e-04 1.4906434151e+01
1.8805745303e-04 1.3676170181e-04 1.4920961827e+01
1.9196525729e-04 1.3804705526e-04 1.4775621263e+01
1.9557193745e-04 1.3550318275e-04 1.4771598946e+01
1.9588445455e-04 1.3930047247e-04 1.4642178083e+01
1.9949452045e-04 1.3673181933e-04 1.4645952340e+01
1.9225334217e-04 1.4183476912e-04 1.4634932159e+01
1.9981533346e-04 1.4052389909e-04 1.4513780692e+01
2.0342710419e-04 1.3793229833e-04 1.4523878543e+01
2.0375767667e-04 1.4171944638e-04 1.4386106321e+01
2.0736948625e-04 1.3910652402e-04 1.4401748104e+01
2.0701659024e-04 1.3531633431e-04 1.4530817074e+01
2.1095942489e-04 1.3646991137e-04 1.4413790200e+01
2.1132118345e-04 1.4025655457e-04 1.4277324271e+01
2.1491017009e-04 1.3760069825e-04 1.4294057643e+01
2.1528143811e-04 1.4138421323e-04 1.4149297495e+01
2.1886807005e-04 1.3871034797e-04 1.4170408010e+01
2.1452911162e-04 1.3381087855e-04 1.4423132061e+01
2.0012210115e-04 1.4430699584e-04 1.4365797321e+01
-2.2817636958e-04 6.0322622468e-05 3.7809266133e+01
-1.7896473352e-04 6.3729789744e-05 3.8912527082e+01
-3.2635740626e-04 2.4646878221e-05 1.7088342524e+01
2.4004120735e-04 1.2224561081e-04 1.4247396319e+01
2.3654946820e-04 1.2503576560e-04 1.4237610087e+01
2.4050477934e-04 1.2604501539e-04 1.4124762155e+01
2.3700150414e-04 1.2883324163e-04 1.4111954639e+01
2.4095873662e-04 1.2984388609e-04 1.3990811821e+01
2.3744427202e-04 1.3262921018e-04 1.3974098434e+01
2.3304434059e-04 1.2780846913e-04 1.4227216148e+01
1.3256183285e-04 1.4692953930e-04 1.7261820939e+01
-3.2088706795e-04 3.4040121391e-05 1.7109726227e+01
-1.5477130269e-04 8.1938061836e-05 3.6442033042e+01
-1.3375531424e-04 8.4747091164e-05 3.6112279477e+01
1.4969960216e-04 1.2225878018e-04 1.7039544347e+01
-3.1666460904e-04 3.5578646454e-05 1.7164387517e+01
-3.1900540175e-04 3.7099326582e-05 1.7156519254e+01
-1.0258239107e-04 6.6644477522e-05 3.9901235989e+01
-8.4059492315e-05 1.0507681422e-04 3.3559465825e+01
-2.9097049841e-04 5.1911915279e-05 2.8390863417e+01
-2.8823400181e-04 5.3265295738e-05 3.0305821898e+01
2.9875317546e-04 7.6013993809e-05 1.4310481434e+01
-2.7107053755e-04 5.6395771064e-05 3.4448232622e+01
-2.6844299499e-04 5.7995800721e-05 3.5114504398e+01
-2.6810171602e-04 6.0418208414e-05 3.5693832812e+01
-2.7031634413e-04 6.1266107005e-05 3.5808699588e+01
-2.6777861676e-04 6.2863744113e-05 3.6221583261e+01
-2.7288296938e-04 5.9688519924e-05 3.5286320868e+01
-1.9333283666e-04 7.4955078317e-05 3.7147541372e+01
-1.5575402370e-04 9.8402475205e-05 3.4651480770e+01
3.2835548508e-04 2.1399143762e-05 1.5411037526e+01
3.2426616865e-04 2.1076293075e-05 1.5600350759e+01
2.0000898928e-04 1.0751640791e-04 1.5433185086e+01
-1.8005189766e-04 1.8162092015e-05 4.7319111073e+01
2.3460910208e-04 1.0985128193e-04 1.4650254499e+01
-1.5515395801e-04 3.9233591329e-05 4.4375514048e+01
-1.5176309923e-04 3.9180805984e-05 4.4512785187e+01
-1.5406894802e-04 3.7517175214e-05 4.4781694102e+01
-1.5064895448e-04 3.7469321147e-05 4.4920246889e+01
-1.5748084750e-04 3.7567856433e-05 4.4637842713e+01
-1.4950948500e-04 3.5772762402e-05 4.5326269994e+01
-1.5182169286e-04 3.4129749858e-05 4.5590116246e+01
-1.4834407027e-04 3.4090827035e-05 4.5730308499e+01
-1.4485965319e-04 3.4054075779e-05 4.5864785550e+01
-1.4364030898e-04 3.2390203789e-05 4.6266390208e+01
-1.4136881891e-04 3.4019369768e-05 4.5993671749e+01
-1.4012123602e-04 3.2361582819e-05 4.6394535491e+01
-1.3787179882e-04 3.3987023925e-05 4.6116940937e+01
-1.3436931737e-04 3.3955718948e-05 4.6234856546e+01
-1.3086150891e-04 3.3926677360e-05 4.6347104730e+01
-1.2953401408e-04 3.2277558026e-05 4.6745491461e+01
-1.2734911882e-04 3.3899226819e-05 4.6453665135e+01
-1.2599477647e-04 3.2254417038e-05 4.6850171408e+01
-1.2383083582e-04 3.3873648542e-05 4.6554359374e+01
-1.2030793598e-04 3.3849507068e-05 4.6648999717e+01
-1.1678161906e-04 3.3827158440e-05 4.6737189438e+01
-1.1325071429e-04 3.3806245307e-05 4.6818662666e+01
-1.1179640151e-04 3.2172030621e-05 4.7204266114e+01
-1.0971685054e-04 3.3787111148e-05 4.6892893461e+01
-1.0617862833e-04 3.3769858486e-05 4.6959382944e+01
-1.0263766294e-04 3.3753300612e-05 4.7017797791e+01
-9.9093701119e-05 3.3738768766e-05 4.7067215071e+01
-9.7542924891e-05 3.2113101850e-05 4.7433429162e+01
-9.5546910978e-05 3.3726541666e-05 4.7106861219e+01
-9.1997700410e-05 3.3715546312e-05 4.7136174531e+01
-8.8446272493e-05 3.3706196065e-05 4.7154188202e+01
-8.6825530461e-05 3.2085297118e-05 4.7498816776e+01
-8.4892802145e-05 3.3698633560e-05 4.7159925234e+01
-8.3249103180e-05 3.2079305840e-05 4.7495701651e+01
-8.1337551225e-05 3.3692923207e-05 4.7152324601e+01
-7.7780821943e-05 3.3689121381e-05 4.7130260697e+01
-7.4222822199e-05 3.3687068207e-05 4.7092543267e+01
-7.2511242532e-05 3.2071867593e-05 4.7396246102e+01
-7.0663770912e-05 3.3687585101e-05 4.7037700883e+01
-6.8929889593e-05 3.2073693912e-05 4.7328692003e+01
-6.7104006181e-05 3.3690218210e-05 4.6964443172e+01
-6.3543768105e-05 3.3694867332e-05 4.6871294500e+01
-5.9983345555e-05 3.3702408117e-05 4.6756513270e+01
-5.8183386675e-05 3.2089208209e-05 4.7003089096e+01
-5.6423041423e-05 3.3712022257e-05 4.6618595166e+01
-5.2863173978e-05 3.3724588759e-05 4.6455623609e+01
-4.9304110669e-05 3.3740142634e-05 4.6265766027e+01
-4.5746172652e-05 3.3758789364e-05 4.6047102551e+01
-4.4077144423e-05 3.5399645620e-05 4.5635643992e+01
-4.2189898950e-05 3.3782800885e-05 4.5797264699e+01
-3.8635404181e-05 3.3808490035e-05 4.5514903847e+01
-3.5083166629e-05 3.3837429374e-05 4.5197660338e+01
-3.1533474620e-05 3.3868654509e-05 4.4843625431e+01
-2.9958304639e-05 3.5522085505e-05 4.4389114351e+01
-2.7987233509e-05 3.3906372005e-05 4.4450006155e+01
-2.6436220452e-05 3.5563029358e-05 4.3982551249e+01
-2.4444544008e-05 3.3947306856e-05 4.4015303738e+01
-2.0905997544e-05 3.3992415415e-05 4.3537371208e+01
-1.7372149418e-05 3.4042012617e-05 4.3014238126e+01
-1.5896273998e-05 3.5713371210e-05 4.2500960256e+01
-1.3843575123e-05 3.4096318596e-05 4.2444143736e+01
-1.2393643457e-05 3.5773426392e-05 4.1913206023e+01
-1.0320878227e-05 3.4155506067e-05 4.1825457681e+01
-6.8047019658e-06 3.4219749418e-05 4.1156876200e+01
-3.2957122346e-06 3.4289191458e-05 4.0437332966e+01
-1.9268774318e-06 3.5986103296e-05 3.9845754334e+01
2.0538921682e-07 3.4363972783e-05 3.9666245469e+01
1.5459870796e-06 3.6068379668e-05 3.9051806403e+01
3.6978627604e-06 3.4444195956e-05 3.8843419367e+01
5.0095344331e-06 3.6156556912e-05 3.8204858822e+01
7.1809337078e-06 3.4529952567e-05 3.7969338138e+01
1.0653810493e-05 3.4621284693e-05 3.7045046150e+01
1.1905495130e-05 3.6350909144e-05 3.6354623224e+01
1.5336158489e-05 3.6456950904e-05 3.5354647423e+01
1.7565670381e-05 3.4820471337e-05 3.5054447444e+01
1.8753934974e-05 3.6569447718e-05 3.4308374180e+01
2.1002748201e-05 3.4928751467e-05 3.3994585030e+01
2.2158003102e-05 3.6687851510e-05 3.3219934649e+01
2.5547446627e-05 3.6811876135e-05 3.2094595847e+01
2.8921048469e-05 3.6942051172e-05 3.0938736214e+01
3.2277957786e-05 3.7077717902e-05 2.9759986547e+01
3.5617116880e-05 3.7218723517e-05 2.8567761633e+01
3.8937481242e-05 3.7364843196e-05 2.7370756737e+01
4.1304678081e-05 3.5685503851e-05 2.7109084155e+01
4.4625921642e-05 3.5827637413e-05 2.5955980947e+01
4.7927449389e-05 3.5972142228e-05 2.4831482910e+01
4.8775803409e-05 3.7830853446e-05 2.3878400619e+01
5.2010591516e-05 3.7994651703e-05 2.2862131167e+01
5.4463851171e-05 3.6276141910e-05 2.2770905410e+01
5.7734189984e-05 3.6441917202e-05 2.2720877331e+01
6.1023738612e-05 3.6627185622e-05 2.2713324238e+01
6.1800330239e-05 3.8580013974e-05 2.2700902584e+01
6.4334902698e-05 3.6828756988e-05 2.2715194481e+01
6.7668907909e-05 3.7046439662e-05 2.2716173421e+01
6.8433933084e-05 3.9060717829e-05 2.2708744947e+01
7.1024469915e-05 3.7285338311e-05 2.2722656651e+01
7.1785293485e-05 3.9329906458e-05 2.2716665442e+01
7.4404298927e-05 3.7542065272e-05 2.2730993127e+01
7.5160944141e-05 3.9618519963e-05 2.2726586542e+01
7.7809556778e-05 3.7816211948e-05 2.2739679973e+01
7.8561779453e-05 3.9926626251e-05 2.2738017403e+01
8.1988259044e-05 4.0255172028e-05 2.2750556601e+01
8.4694618446e-05 3.8428160777e-05 2.2764532183e+01
8.5441387683e-05 4.0603774656e-05 2.2764096124e+01
8.8921992455e-05 4.0972311983e-05 2.2778516118e+01
9.1687880020e-05 3.9118046257e-05 2.2791793764e+01
9.5226320497e-05 3.9493507548e-05 2.2806927593e+01
9.5967726093e-05 4.1771023352e-05 2.2809086509e+01
9.8793717220e-05 3.9888806934e-05 2.2821486046e+01
9.9534446107e-05 4.2200663843e-05 2.2825102932e+01
1.0239065715e-04 4.0304065142e-05 2.2837773203e+01
1.0313131220e-04 4.2650438030e-05 2.2841081268e+01
1.0601772428e-04 4.0739158144e-05 2.2852535488e+01
1.0675900521e-04 4.3120262992e-05 2.2857224343e+01
1.1041816904e-04 4.3610001398e-05 2.2872932462e+01
1.1336480700e-04 4.1668325453e-05 2.2883133844e+01
1.1410950798e-04 4.4119495701e-05 2.2888432885e+01
1.1708608539e-04 4.2162020958e-05 2.2898462305e+01
1.1783368680e-04 4.4648528367e-05 2.2903773748e+01
1.2084001540e-04 4.2674789070e-05 2.2912090432e+01
1.2159141006e-04 4.5196883631e-05 2.2916190515e+01
1.2462727091e-04 4.3206393266e-05 2.2931637064e+01
1.2538335982e-04 4.5764266337e-05 2.2936397637e+01
1.2844838255e-04 4.3756564349e-05 2.2918668263e+01
1.2921038057e-04 4.6350284012e-05 2.2954653566e+01
1.3230572601e-04 4.4325042119e-05 2.3000989514e+01
1.3618142778e-04 4.4908192745e-05 2.2359773073e+01
1.3693596802e-04 4.7575334290e-05 2.2022436609e+01
1.4004892202e-04 4.5509936394e-05 2.1656665073e+01
1.4079324453e-04 4.8210520043e-05 2.1335494374e+01
1.4391196280e-04 4.6124293028e-05 2.1004720789e+01
1.4464508613e-04 4.8858748435e-05 2.0681953574e+01
1.4777035222e-04 4.6751058836e-05 2.0400281799e+01
1.4849195568e-04 4.9518761634e-05 2.0079512759e+01
1.5162455085e-04 4.7389156126e-05 1.9843607361e+01
1.5233435908e-04 5.0189198787e-05 1.9528130040e+01
1.5547521578e-04 4.8037303443e-05 1.9338133465e+01
1.5617315733e-04 5.0868617577e-05 1.9031864658e+01
1.5932326792e-04 4.8694149953e-05 1.8885845230e+01
1.6000938380e-04 5.1555511273e-05 1.8592349169e+01
1.6317073254e-04 4.9356324155e-05 1.8486469916e+01
1.6384439320e-04 5.2247996382e-05 1.8211764849e+01
1.6701603461e-04 5.0028143733e-05 1.8138509199e+01
1.6767901911e-04 5.2945384282e-05 1.7884489733e+01
1.7086293749e-04 5.0703175428e-05 1.7843033446e+01
1.7151445979e-04 5.3644859031e-05 1.7607074290e+01
1.7471303334e-04 5.1378539025e-05 1.7597791600e+01
1.7535251290e-04 5.4342061623e-05 1.7383125677e+01
1.7856424548e-04 5.2057464409e-05 1.7394205067e+01
1.7213231889e-04 5.6623305914e-05 1.7378586154e+01
-1.7929202867e-05 3.7339865514e-05 4.2541719459e+01
-4.5944266045e-05 3.7027239602e-05 4.5459096794e+01
-3.1909486487e-05 3.7147631742e-05 4.4311907144e+01
3.3295636195e-05 3.8894625254e-05 2.8879593440e+01
1.1858229933e-04 4.7182380297e-05 2.2908043358e+01
1.4536918156e-04 5.1642757381e-05 2.0342080386e+01
1.5685948277e-04 5.3745972801e-05 1.8716244040e+01
1.2997542975e-04 4.8992758798e-05 2.3017209557e+01
1.0387302079e-04 4.5041464703e-05 2.2844225786e+01
9.3173525798e-05 4.3650568333e-05 2.2795335129e+01
8.2738296880e-05 4.2443164632e-05 2.2750173428e+01
6.2576263045e-05 4.0576558755e-05 2.2687145758e+01
5.2804909766e-05 3.9905134934e-05 2.2624248817e+01
4.3137291789e-05 3.9373056122e-05 2.5218456731e+01
9.7165309440e-06 3.7990695752e-05 3.6633388778e+01
-8.6514687532e-05 3.5330632779e-05 4.6815005286e+01
1.7919244826e-04 5.5039085306e-05 1.7215763774e+01
1.8241993276e-04 5.2733482580e-05 1.7242199927e+01
-1.1468396919e-04 3.5455609663e-05 4.6426795289e+01
1.8303661397e-04 5.5731996536e-05 1.7059825270e+01
1.8628082969e-04 5.3405830393e-05 1.7103639778e+01
1.8176231880e-04 4.9762984672e-05 1.7405492191e+01
1.7017495320e-04 4.7799020136e-05 1.8082185339e+01
1.4314959397e-04 4.3433448888e-05 2.1325011559e+01
9.4464707042e-05 3.7258360520e-05 2.2805420492e+01
8.3927653549e-05 3.6295705119e-05 2.2765433437e+01
6.3542077320e-05 3.4887717433e-05 2.2722045910e+01
5.3645559577e-05 3.4416302967e-05 2.3540059576e+01
3.0123104808e-05 3.3512507702e-05 3.1465053764e+01
4.3676565304e-05 3.4007515205e-05 2.6877590819e+01
1.0891271209e-04 3.8819773900e-05 2.2864645984e+01
1.2385130790e-04 4.0691126833e-05 2.2918728897e+01
1.5860410905e-04 4.5874811672e-05 1.9175643403e+01
1.6450397419e-04 5.5183531417e-05 1.7930974024e+01
1.3768490539e-04 5.0289610547e-05 2.1688683334e+01
1.7977534771e-04 5.8056989527e-05 1.7066554689e+01
1.1116203605e-04 4.6071212382e-05 2.2876785648e+01
-7.5006450749e-06 3.7538051099e-05 4.0722674611e+01
-2.4910438088e-05 3.7233641150e-05 4.3513622913e+01
-5.8224278932e-05 3.5333315162e-05 4.6376654228e+01
-3.8922009501e-05 3.7079457555e-05 4.4954449318e+01
1.3269898127e-04 1.3626436820e-04 1.7176508025e+01
-1.7196729282e-04 3.9547598109e-05 4.3609413928e+01
-1.7439868493e-04 3.7869665816e-05 4.3829669690e+01
-2.6097433464e-04 3.7447773765e-05 3.2569618622e+01
-2.6077360752e-04 3.9566384594e-05 3.2906757152e+01
-2.6345632908e-04 4.0045740304e-05 3.2127399048e+01
-2.6319897350e-04 4.2217849491e-05 3.2590640141e+01
-2.6034153196e-04 4.3882330629e-05 3.3642298980e+01
6.6568886543e-05 9.2335419867e-05 2.2319371149e+01
-1.3073853329e-04 7.8733568323e-05 3.7098084130e+01
-9.8596000943e-05 6.1133049869e-05 4.1136820299e+01
1.9725563088e-04 7.1357159375e-05 1.7013443383e+01
-2.4355458054e-04 3.3465756598e-05 3.7189251046e+01
1.5319967499e-04 9.2292047986e-05 1.7042234331e+01
1.5001119198e-04 9.4563406167e-05 1.7042056477e+01
1.4949438610e-04 9.1093155304e-05 1.7048993350e+01
1.4633267831e-04 9.3338389788e-05 1.7047469616e+01
1.4682907336e-04 9.6808424190e-05 1.7042055365e+01
2.2342737717e-04 6.7580283738e-05 1.6264739523e+01
2.1931949295e-04 6.6575322597e-05 1.6725542767e+01
2.2261470909e-04 6.3890873003e-05 1.6708364584e+01
2.1850115488e-04 6.2905817832e-05 1.7042646369e+01
2.2179442403e-04 6.0237529580e-05 1.7050170364e+01
2.1772059480e-04 5.9326744997e-05 1.6992665827e+01
2.2101836039e-04 5.6689061369e-05 1.7000013481e+01
2.1698458721e-04 5.5865689150e-05 1.7047354869e+01
2.1368383417e-04 5.8460362545e-05 1.7039108394e+01
2.1298424692e-04 5.5089683119e-05 1.7053076852e+01
2.0968181574e-04 5.7638427060e-05 1.7049315777e+01
2.0901391583e-04 5.4357450904e-05 1.7058650395e+01
2.0571149163e-04 5.6859216644e-05 1.7056315328e+01
2.0506918558e-04 5.3662889882e-05 1.7049145677e+01
2.2508828687e-04 5.7560311220e-05 1.7061282049e+01
-2.7753230618e-04 3.6313296118e-05 2.4529331847e+01
-2.8004706173e-04 3.6986565971e-05 2.3101174119e+01
-2.7954656174e-04 3.9238468482e-05 2.4505719970e+01
-2.6147627451e-04 3.1264071799e-05 3.1767234597e+01
-1.6350062616e-04 9.0744732667e-05 3.5411586333e+01
-2.7025799659e-04 3.0394412442e-05 2.7467339898e+01
2.1874500324e-04 1.0565430809e-04 1.5008579986e+01
2.6916948997e-04 2.5923448595e-05 1.7239821441e+01
2.6518905517e-04 2.5677460146e-05 1.7643641993e+01
2.6856935667e-04 2.2982776389e-05 1.7836483449e+01
2.6457294008e-04 2.2747843667e-05 1.8118460244e+01
2.6795465029e-04 2.0057415766e-05 1.8343042449e+01
2.6394107427e-04 1.9834786272e-05 1.8663168622e+01
2.6055906802e-04 2.2491491004e-05 1.8397258940e+01
2.5990953928e-04 1.9588979583e-05 1.8912076868e+01
2.5652893941e-04 2.2212242992e-05 1.8616441096e+01
2.5586286205e-04 1.9319696423e-05 1.9127563425e+01
2.5248505315e-04 2.1910055667e-05 1.8808818793e+01
2.5180283061e-04 1.9026444701e-05 1.9248795994e+01
2.4843031488e-04 2.1585297409e-05 1.8907152879e+01
2.4774692996e-04 1.8715943411e-05 1.9225470957e+01
2.4438098026e-04 2.1244967359e-05 1.8899497569e+01
2.4370472390e-04 1.8395121481e-05 1.9204156479e+01
2.4034351936e-04 2.0894797606e-05 1.8885177288e+01
2.3967691105e-04 1.8068094204e-05 1.9172996684e+01
2.3631996984e-04 2.0538674892e-05 1.8863782068e+01
2.3566361552e-04 1.7738003313e-05 1.9161514880e+01
2.3231002893e-04 2.0179326919e-05 1.8850654321e+01
2.3166355038e-04 1.7407169415e-05 1.9142978408e+01
2.2831334714e-04 1.9818925070e-05 1.8860509824e+01
2.2767513135e-04 1.7077160666e-05 1.9157701163e+01
2.2432777268e-04 1.9459376597e-05 1.8867746724e+01
2.2369696520e-04 1.6749756576e-05 1.9171129558e+01
2.2035279434e-04 1.9102006099e-05 1.8888390547e+01
2.1972817837e-04 1.6425815767e-05 1.9188753900e+01
2.1638717204e-04 1.8748138378e-05 1.8932468669e+01
2.1576736423e-04 1.6106796064e-05 1.9224741516e+01
2.1242960005e-04 1.8398977062e-05 1.8983576844e+01
2.1181322523e-04 1.5793271566e-05 1.9281199476e+01
2.0847910685e-04 1.8055235984e-05 1.9038076723e+01
2.0786470773e-04 1.5485756852e-05 1.9335917655e+01
2.0453467155e-04 1.7717407557e-05 1.9116781742e+01
2.0392075178e-04 1.5184792465e-05 1.9411565859e+01
1.9998002283e-04 1.4890847995e-05 1.9510934453e+01
1.9665813637e-04 1.7062050498e-05 1.9346175502e+01
1.9604106539e-04 1.4604406161e-05 1.9630190904e+01
1.9272358726e-04 1.6745685677e-05 1.9474861786e+01
1.9210354553e-04 1.4325838269e-05 1.9758267488e+01
1.8879063863e-04 1.6437415182e-05 1.9633843378e+01
1.8816618073e-04 1.4055923738e-05 1.9917875363e+01
1.8485770822e-04 1.6137919618e-05 1.9821671174e+01
1.8422803721e-04 1.3794708819e-05 2.0090225006e+01
1.8092414893e-04 1.5847661962e-05 2.0019251368e+01
1.8028904544e-04 1.3542956626e-05 2.0286502070e+01
1.7698965036e-04 1.5567170399e-05 2.0248046053e+01
1.7634815955e-04 1.3301097304e-05 2.0501356130e+01
1.7305339688e-04 1.5296939992e-05 2.0494294438e+01
1.7240551589e-04 1.3069926711e-05 2.0738100603e+01
1.6911516891e-04 1.5037892625e-05 2.0763044205e+01
1.6846095638e-04 1.2850156923e-05 2.0987512220e+01
1.6451503548e-04 1.2642320091e-05 2.1250781350e+01
1.6056845387e-04 1.2447801628e-05 2.1516800617e+01
1.5729190175e-04 1.4336834468e-05 2.1654348734e+01
1.5335147500e-04 1.4131652626e-05 2.1960509619e+01
1.5268002856e-04 1.2100664607e-05 2.2045689293e+01
1.4941454976e-04 1.3942127257e-05 2.2257112657e+01
1.4548349441e-04 1.3768773557e-05 2.2535261812e+01
1.4481033237e-04 1.1812691590e-05 2.2516842204e+01
1.4156068870e-04 1.3612047179e-05 2.2813522262e+01
1.3764892431e-04 1.3472035158e-05 2.2956892535e+01
1.3375386703e-04 1.3347768435e-05 2.2972761165e+01
1.2987600734e-04 1.3237427762e-05 2.2991118758e+01
1.2601501615e-04 1.3139530459e-05 2.2966742784e+01
1.2532975871e-04 1.1336652130e-05 2.2936808427e+01
1.2217071382e-04 1.3053103977e-05 2.2951148685e+01
1.1834273444e-04 1.2977515780e-05 2.2937653514e+01
1.1763491719e-04 1.1224480010e-05 2.2953206462e+01
1.1453069259e-04 1.2912042871e-05 2.2925710728e+01
1.1380863585e-04 1.1181670475e-05 2.2961237114e+01
1.1073433651e-04 1.2855942757e-05 2.2914860620e+01
1.0695365583e-04 1.2808476331e-05 2.2905505060e+01
1.0619853462e-04 1.1119014893e-05 2.2988687898e+01
1.0318880653e-04 1.2768939294e-05 2.2910389955e+01
1.0241539621e-04 1.1097680167e-05 2.2956383515e+01
9.9439958888e-05 1.2736660797e-05 2.2923010385e+01
9.5707328411e-05 1.2711024094e-05 2.2907265441e+01
9.4893559601e-05 1.1070914356e-05 2.3026301985e+01
9.1990942285e-05 1.2691179492e-05 2.2950481664e+01
9.1147831270e-05 1.1059520557e-05 2.3250785177e+01
8.4577497915e-05 1.2653238999e-05 2.3705095008e+01
8.3647607559e-05 1.1026654670e-05 2.4148386464e+01
8.0862653644e-05 1.2629945954e-05 2.4235386067e+01
7.9891479286e-05 1.1006645463e-05 2.4738764937e+01
7.3414567423e-05 1.2577324960e-05 2.5572921818e+01
7.2364362710e-05 1.0961715885e-05 2.6151230589e+01
6.9680878833e-05 1.2548771616e-05 2.6349373188e+01
6.8592718703e-05 1.0937433550e-05 2.6959323637e+01
6.2193342013e-05 1.2488732286e-05 2.8076694302e+01
6.1032346724e-05 1.0886478882e-05 2.8738430811e+01
5.8439460916e-05 1.2457747811e-05 2.9012119359e+01
5.7243494900e-05 1.0860224636e-05 2.9693579847e+01
4.9648659862e-05 1.0806817042e-05 3.1696758965e+01
4.7138000458e-05 1.2363428870e-05 3.2012054370e+01
4.5842650301e-05 1.0780461619e-05 3.2729746830e+01
4.2031247608e-05 1.0754131031e-05 3.3773977589e+01
3.8214569168e-05 1.0728084485e-05 3.4822387706e+01
3.5779661184e-05 1.2270947688e-05 3.5145567002e+01
3.4392777882e-05 1.0702493216e-05 3.5868162120e+01
3.0566084782e-05 1.0677456488e-05 3.6904843318e+01
2.6734718384e-05 1.0653098879e-05 3.7926388645e+01
2.4370097857e-05 1.2184160861e-05 3.8225644849e+01
2.2898928686e-05 1.0629492546e-05 3.8927230536e+01
1.9058959948e-05 1.0606738949e-05 3.9902347440e+01
1.5215063982e-05 1.0584886160e-05 4.0847302450e+01
1.2916535945e-05 1.2106099983e-05 4.1096402478e+01
1.1367502020e-05 1.0564009948e-05 4.1758275218e+01
7.5165566190e-06 1.0544132314e-05 4.2632056867e+01
3.6624843782e-06 1.0525303562e-05 4.3466061381e+01
1.4269090722e-06 1.2038605025e-05 4.3647247540e+01
-1.9444527518e-07 1.0507525656e-05 4.4258311509e+01
-4.0539795017e-06 1.0490827065e-05 4.5007371286e+01
-7.9158638414e-06 1.0475187578e-05 4.5712361834e+01
-1.0090735132e-05 1.1982436037e-05 4.5817042567e+01
-1.1779857223e-05 1.0460617745e-05 4.6372846287e+01
-1.5645682259e-05 1.0446756605e-05 4.6988904151e+01
-1.7781091943e-05 1.1951162993e-05 4.7041742632e+01
-1.9513251119e-05 1.0434506526e-05 4.7560766453e+01
-2.1628998641e-05 1.1937383297e-05 4.7588194510e+01
-2.3382215526e-05 1.0423043123e-05 4.8089264292e+01
-2.7252376980e-05 1.0412158863e-05 4.8575416874e+01
-2.9329245326e-05 1.1913130179e-05 4.8553728952e+01
-3.1123652877e-05 1.0402795972e-05 4.9020264683e+01
-3.4995787792e-05 1.0394107295e-05 4.9425326189e+01
-3.8868620668e-05 1.0386215462e-05 4.9792104903e+01
-4.0887654597e-05 1.1884722170e-05 4.9703168965e+01
-4.2741991012e-05 1.0379132271e-05 5.0122206390e+01
-4.6615762859e-05 1.0372805019e-05 5.0417341139e+01
-5.0489808172e-05 1.0367213346e-05 5.0679226074e+01
-5.2451215468e-05 1.1864578187e-05 5.0532175870e+01
-5.4364006938e-05 1.0362299120e-05 5.0909626881e+01
-5.8238230040e-05 1.0358042417e-05 5.1110265099e+01
-6.2112359593e-05 1.0354387644e-05 5.1282872032e+01
-6.4015882618e-05 1.1851479329e-05 5.1087358300e+01
-6.5986304379e-05 1.0351318790e-05 5.1429106602e+01
-6.9859977112e-05 1.0348782294e-05 5.1550595231e+01
-7.3733291398e-05 1.0346765144e-05 5.1648891133e+01
-7.5578512928e-05 1.1844289630e-05 5.1414137817e+01
-7.7606156901e-05 1.0345219198e-05 5.1725473374e+01
-8.1478491870e-05 1.0344136167e-05 5.1781747155e+01
-8.5350233736e-05 1.0343470780e-05 5.1819028871e+01
-8.9221314911e-05 1.0343218626e-05 5.1838551823e+01
-9.3091662264e-05 1.0343340225e-05 5.1841455321e+01
-9.4837725812e-05 1.1842905988e-05 5.1559057554e+01
-9.6961206630e-05 1.0343836151e-05 5.1828790457e+01
-1.0082989773e-04 1.0344669846e-05 5.1801513478e+01
-1.0469767587e-04 1.0345845780e-05 5.1760489218e+01
-1.0638269026e-04 1.1847299359e-05 5.1458214306e+01
-1.0856447531e-04 1.0347333155e-05 5.1706488227e+01
-1.1243023021e-04 1.0349141367e-05 5.1640188731e+01
-1.1629489383e-04 1.0351242362e-05 5.1562175619e+01
-1.1791726737e-04 1.1855064027e-05 5.1245114166e+01
-1.2015840571e-04 1.0353649375e-05 5.1472940538e+01
-1.2402079341e-04 1.0355910887e-05 5.1372964241e+01
-1.2788172421e-04 1.0359243246e-05 5.1262331450e+01
-1.2943953140e-04 1.1865966027e-05 5.0934498282e+01
-1.3174136992e-04 1.0362593805e-05 5.1141447758e+01
-1.3559962174e-04 1.0366177352e-05 5.1010390117e+01
-1.3945638389e-04 1.0370060522e-05 5.0869173452e+01
-1.4094743044e-04 1.1880077368e-05 5.0533684788e+01
-1.4331158038e-04 1.0374239943e-05 5.0717720809e+01
-1.4716513375e-04 1.0378746621e-05 5.0555854201e+01
-1.5101696173e-04 1.0383574184e-05 5.0383293040e+01
-1.5243853102e-04 1.1897542196e-05 5.0042441324e+01
-1.5486696453e-04 1.0388758350e-05 5.0199639948e+01
-1.5871521590e-04 1.0393831365e-05 5.0004472223e+01
-1.6256111654e-04 1.0400144894e-05 4.9796944382e+01
-1.6390986233e-04 1.1918857480e-05 4.9452361457e+01
-1.6640527403e-04 1.0405835177e-05 4.9576597529e+01
-1.7024707563e-04 1.0412248421e-05 4.9342317856e+01
2.6732488564e-04 1.7149385974e-05 1.8923639951e+01
2.7133612975e-04 1.7336504769e-05 1.8543651835e+01
2.5518209574e-04 1.6445632984e-05 1.9614974837e+01
2.4304281668e-04 1.5581312979e-05 1.9521354267e+01
2.1516025692e-04 1.3530568438e-05 1.9541670638e+01
1.8754186480e-04 1.1756124110e-05 2.0184504225e+01
1.5989996038e-04 1.0426324932e-05 2.1639195399e+01
1.3238807973e-04 9.7019125526e-06 2.2715937655e+01
-1.7408633382e-04 1.0419543565e-05 4.9093030424e+01
-2.1278246907e-05 8.9272957815e-06 4.8070262530e+01
-4.0733594763e-05 8.8875501679e-06 5.0216763106e+01
-1.3795000235e-04 8.8686480332e-06 5.1198034803e+01
2.2705357419e-04 1.4389490904e-05 1.9481614889e+01
1.9937016541e-04 1.2471434499e-05 1.9805258690e+01
1.7175443311e-04 1.0929998318e-05 2.0951488027e+01
1.4412929779e-04 9.9367550022e-06 2.2455248051e+01
1.0160670956e-04 9.4684934247e-06 2.2986432922e+01
8.6447395380e-05 9.4334386720e-06 2.4054666251e+01
5.5997232627e-05 9.2785739673e-06 3.0373497458e+01
2.1387019777e-05 9.0875693191e-06 3.9621485913e+01
-9.6174198515e-06 8.9606552474e-06 4.6277445333e+01
5.2849709639e-05 1.1338224250e-04 2.3265043861e+01
3.1387480790e-04 7.4980592571e-05 1.3888637421e+01
-1.4438155618e-04 7.7395243336e-05 3.7186474253e+01
1.1382576163e-04 8.3129713379e-05 2.2877663697e+01
-2.7884530180e-04 2.9753379480e-05 2.1557503978e+01
9.6224915631e-05 7.8148238555e-05 2.2760283597e+01
-1.2299076597e-04 8.0377982686e-05 3.6903084724e+01
3.0690397259e-06 1.0186692463e-04 3.6815464231e+01
-7.8288860722e-06 1.0080195017e-04 3.7007490139e+01
-7.2459579420e-05 7.9346848120e-05 3.8047710572e+01
-1.8826099640e-05 1.0002028590e-04 3.6766190115e+01
-2.9904021893e-05 9.9468545585e-05 3.6313802885e+01
2.9410733820e-05 4.9617430252e-05 2.7336761000e+01
-4.1045153607e-05 9.9105488819e-05 3.5801505464e+01
3.6934192499e-05 3.3751971892e-05 2.9169066413e+01
-5.2232131632e-05 9.8900159662e-05 3.5317693264e+01
-1.8899544090e-05 3.2383149731e-05 4.3528871741e+01
-6.3447444654e-05 9.8829961604e-05 3.4907370670e+01
-3.2949329900e-05 8.9012408283e-06 4.9477194993e+01
1.1187949108e-04 6.1017217316e-05 2.2883519245e+01
1.1631834672e-04 3.9717581301e-05 2.2893717742e+01
-4.6588789377e-05 4.7071878179e-05 4.3697898118e+01
-6.4092092422e-05 8.8611519125e-06 5.1626451413e+01
4.4500520843e-05 9.2123946977e-06 3.3443568172e+01
-4.3866805779e-05 3.2152871922e-05 4.6216339261e+01
-9.5224161070e-05 8.8511017368e-06 5.2109252555e+01
5.2068155520e-05 8.8159195282e-05 2.2374192904e+01
6.3637401933e-05 9.3219182931e-06 2.8462459073e+01
1.5088366618e-04 4.4632195069e-05 2.0154997563e+01
1.3812628887e-04 6.6692227272e-05 2.0047810962e+01
7.8860569333e-05 9.4010883336e-06 2.5239398561e+01
1.3151680558e-04 4.1737717564e-05 2.3002371514e+01
2.6942451506e-04 6.3372801324e-05 1.5341366162e+01
1.0922717820e-04 9.4851828033e-06 2.2931419705e+01
1.6802292683e-04 7.3793838900e-05 1.7056152958e+01
-1.0683264338e-04 5.9450597961e-05 4.1326323790e+01
1.2461882006e-04 9.5971870148e-06 2.2799786001e+01
-1.7792298836e-04 1.0427467499e-05 4.8827577873e+01
-1.8050454377e-04 8.9179955495e-06 4.8889281918e+01
-1.8175760849e-04 1.0434377339e-05 4.8544771168e+01
-1.8558845998e-04 1.0443830553e-05 4.8242531502e+01
-1.8821539236e-04 8.9374139531e-06 4.8265039864e+01
-1.8941556501e-04 1.0455158660e-05 4.7919205914e+01
-1.9206769745e-04 8.9459567353e-06 4.7919782455e+01
-1.9323989588e-04 1.0465918639e-05 4.7572855434e+01
-1.9706102143e-04 1.0476691693e-05 4.7201314698e+01
-2.0087776313e-04 1.0489174740e-05 4.6801504494e+01
-2.0360677024e-04 8.9743645787e-06 4.6720217689e+01
-2.0469027239e-04 1.0502483801e-05 4.6370612590e+01
-2.0849820134e-04 1.0516806762e-05 4.5905208108e+01
1.5200415188e-04 1.0154983216e-05 2.2079834381e+01
-1.7656457314e-04 7.3446756863e-05 3.7493272349e+01
-2.3855613762e-04 5.7623466214e-05 3.7387688938e+01
1.7965166012e-04 1.1323138720e-05 2.0533913091e+01
-1.8192348720e-04 3.9785018839e-05 4.3074052603e+01
2.0725914745e-04 1.2987245667e-05 1.9640075621e+01
-2.0345544542e-04 3.6898600592e-05 4.2196796084e+01
-2.0548463770e-04 3.3430915901e-05 4.2590328504e+01
-2.0215369922e-04 3.3335523131e-05 4.2894399601e+01
-2.0482714991e-04 3.1670749634e-05 4.2938040599e+01
-2.0818039069e-04 3.1762855313e-05 4.2607178730e+01
-2.0145703581e-04 3.1585225912e-05 4.3249721779e+01
2.3502480331e-04 1.4983004124e-05 1.9486520611e+01
2.8760404599e-04 5.5846524250e-05 1.5227883129e+01
2.9970925099e-04 5.7788793938e-05 1.4863818507e+01
-2.7230410252e-04 4.9273406842e-05 3.1917781053e+01
1.4582706345e-04 8.9921818575e-05 1.7043642396e+01
2.5052016850e-04 6.6697662266e-05 1.5573196420e+01
-1.6102027314e-04 6.2786406986e-05 3.9463575926e+01
-3.3126081072e-04 2.2574748310e-05 1.7057229959e+01
-3.2815448660e-04 2.1557042319e-05 1.7065854991e+01
-3.3313686468e-04 1.9396878442e-05 1.7044534413e+01
-1.8456730931e-04 5.4461644158e-05 4.0285077724e+01
-1.2951305021e-04 1.0480462589e-04 3.3822911521e+01
-1.3221925662e-04 1.0497447931e-04 3.3849116547e+01
-1.1133251781e-04 4.3789275754e-05 4.4657720346e+01
-1.7103531946e-04 3.7802067053e-05 4.4004349336e+01
-1.7685684004e-04 3.6199655840e-05 4.4036848354e+01
-1.7593530474e-04 3.4475356744e-05 4.4426856986e+01
-1.7934174316e-04 3.4537575126e-05 4.4229768948e+01
-1.7251816793e-04 3.4416878829e-05 4.4615183530e+01
-1.8094033739e-04 3.1180602136e-05 4.4791481564e+01
-1.8439151621e-04 3.1237243725e-05 4.4567723893e+01
-1.7747842738e-04 3.1127470776e-05 4.5004221845e+01
-1.9606761805e-04 7.5251287115e-05 3.7092444322e+01
-1.8190379358e-04 6.3917267779e-05 3.8817554528e+01
3.4117214913e-04 5.2621046132e-05 1.3541648019e+01
3.1043859594e-04 5.2089942255e-05 1.4752155216e+01
2.1568768006e-04 3.2211429208e-05 1.7802464193e+01
-1.9173304477e-04 6.8648189594e-05 3.7943062935e+01
3.6009539677e-04 2.3413346574e-05 1.2448853359e+01
3.4974019505e-05 1.0749121925e-04 3.1759418484e+01
2.7885197097e-04 7.2351256952e-05 1.4876222990e+01
1.8015034191e-04 1.0121063078e-04 1.7010618292e+01
1.8809493861e-04 2.8856777941e-05 1.8501720292e+01
2.4941625827e-04 1.0617766616e-04 1.4490190642e+01
1.5610600904e-04 1.1405785807e-04 1.7017923605e+01
1.8688550462e-04 5.6419776957e-05 1.7036817194e+01
-1.1752553828e-04 8.6034801538e-05 3.6019752360e+01
-2.3169761682e-04 7.4244356710e-05 3.6984647157e+01
3.3450005520e-04 5.9359808823e-05 1.3631100406e+01
1.6070507417e-04 2.5826098678e-05 2.0513456115e+01
-2.0590889963e-04 5.7819397875e-05 3.8976795839e+01
1.3812632867e-04 1.1043493863e-04 1.7052361184e+01
1.1800391540e-04 2.2399947350e-05 2.2893096770e+01
9.9441583403e-05 2.1539752325e-05 2.2855904193e+01
-2.2548444145e-04 5.9943540516e-05 3.7949555211e+01
-2.2800250703e-04 5.8165838004e-05 3.7954819887e+01
8.4989667223e-05 2.1109973223e-05 2.2835603385e+01
-2.0155359284e-04 5.1624085461e-05 4.0024239658e+01
3.1100332450e-04 3.4061170002e-05 1.5392673659e+01
9.1012180135e-06 1.9878404244e-05 4.0439379839e+01
1.1763263778e-04 1.0552144661e-04 1.9183522832e+01
-1.4783730207e-04 6.0408287208e-05 4.0207498010e+01
-2.8196633508e-05 1.9570973464e-05 4.7045582896e+01
-4.6947369115e-05 1.9496358783e-05 4.8784754976e+01
-6.5716525832e-05 1.9460999307e-05 4.9723921384e+01
-8.0727511817e-05 1.9454243674e-05 5.0042813159e+01
1.2946984224e-04 9.4108155432e-05 1.7562904915e+01
-9.5723070288e-05 1.9462575202e-05 5.0077371403e+01
-1.1069430907e-04 1.9483471478e-05 4.9897330073e+01
-1.2563264576e-04 1.9515644275e-05 4.9550186083e+01
-1.4052884236e-04 1.9559021603e-05 4.9061901901e+01
-1.6644311887e-04 1.9663918020e-05 4.7871522389e+01
-1.9481147293e-04 1.8260886241e-05 4.6143412600e+01
-2.1230102514e-04 1.0532399132e-05 4.5401415290e+01
-2.1511204409e-04 9.0108293277e-06 4.5207633768e+01
-2.1609920929e-04 1.0547815871e-05 4.4854948133e+01
-2.1989009904e-04 1.0566720411e-05 4.4260646099e+01
-2.2367495310e-04 1.0586114711e-05 4.3613391311e+01
-2.2657324034e-04 9.0576119248e-06 4.3262742411e+01
-2.2745017095e-04 1.0610597115e-05 4.2906590120e+01
-2.3121768774e-04 1.0636116349e-05 4.2133407592e+01
-2.3497569460e-04 1.0664109071e-05 4.1286058858e+01
-2.3797479676e-04 9.1177150524e-06 4.0714204841e+01
-2.3872337138e-04 1.0694333419e-05 4.0355630392e+01
1.2845100760e-04 8.7596020452e-05 1.9241919177e+01
3.3787245085e-04 2.9428499870e-05 1.4491436927e+01
9.2769499318e-05 1.1335447037e-04 2.2503214184e+01
8.9588056743e-05 1.1187930700e-04 2.2408632243e+01
9.6004350851e-05 1.1487777747e-04 2.2632996967e+01
1.1878765329e-04 1.1909412545e-04 1.7062314610e+01
1.2215718597e-04 1.2065649098e-04 1.7057795181e+01
-2.4245225074e-04 1.0728787432e-05 3.9334241523e+01
-3.0122914453e-04 4.3367661372e-05 1.7258549101e+01
-2.9320172096e-04 4.4670016268e-05 1.8518960934e+01
-2.1090673238e-04 3.0102353796e-05 4.2590786279e+01
-2.5411945767e-04 5.3936082127e-05 3.5941951153e+01
-2.8529759479e-04 4.6386541261e-05 2.5698342616e+01
-3.2991588370e-04 1.8561714559e-05 1.7035583753e+01
-3.3495520513e-04 1.6340376988e-05 1.7027089529e+01
-3.2510479347e-04 2.0662535083e-05 1.7049555045e+01
-3.3161112670e-04 1.5630973248e-05 1.7032505246e+01
1.4314108002e-04 1.4854423495e-04 1.7165305187e+01
2.4140528316e-04 1.3364135354e-04 1.3844457749e+01
3.5240615689e-04 5.4401739708e-05 1.2872591421e+01
3.5568529313e-04 5.0924078781e-05 1.2775444541e+01
2.1924916982e-04 1.4249150848e-04 1.4016987352e+01
2.3788028945e-04 1.3642278174e-04 1.3822985435e+01
-1.7565667280e-04 9.6161556772e-05 3.5081581793e+01
-1.9689183343e-04 9.0305744476e-05 3.5747241446e+01
-2.4610730524e-04 7.3092192066e-05 3.7209434865e+01
-2.4376349558e-04 7.4828884343e-05 3.7176664974e+01
-2.3203328496e-04 7.8910418861e-05 3.6744641486e+01
1.7342205705e-04 1.5026548230e-04 1.4733521513e+01
2.0407761060e-04 1.4549737597e-04 1.4230819821e+01
-2.9023663485e-04 5.4390646445e-05 3.0916546704e+01
1.6575295536e-04 1.5108388367e-04 1.4985852405e+01
3.6337542204e-04 1.9687548009e-05 1.1796205776e+01
3.5953146509e-04 1.9478110961e-05 1.2298354337e+01
3.6716760342e-04 1.9924104508e-05 1.1351306256e+01
3.2755475498e-04 1.7753065358e-05 1.5681214645e+01
3.2345101487e-04 1.7443596071e-05 1.5881369947e+01
3.2016110314e-04 2.0728247745e-05 1.5768766216e+01
3.1933335525e-04 1.7107381524e-05 1.6055194287e+01
2.9459347329e-04 1.5197040693e-05 1.7049953030e+01
2.9057427140e-04 1.5065681608e-05 1.7094436321e+01
2.9865516289e-04 1.5376389861e-05 1.6979297752e+01
2.7070881483e-04 1.4431950791e-05 1.9157461859e+01
2.7471511511e-04 1.4582038057e-05 1.8676900765e+01
-3.4191855855e-04 3.1116049763e-05 1.5448072030e+01
-3.3626987039e-04 3.3381703994e-05 1.6965107944e+01
-3.0420921810e-04 4.8482179124e-05 1.6714637486e+01
-3.0718495534e-04 4.7508906452e-05 1.7308846126e+01
3.6837076560e-04 3.2346877555e-05 1.2050923366e+01
3.7162229875e-04 2.8604943883e-05 1.1673678842e+01
3.1968945635e-04 9.1370745996e-05 1.3082193833e+01
3.1633987600e-04 9.4520506191e-05 1.3091512266e+01
-1.9076198243e-04 7.4280850930e-06 4.8273671103e+01
-2.1784474259e-04 7.4895615425e-06 4.4985080824e+01
-2.4481054979e-04 7.6000065526e-06 3.8932988598e+01
-2.4861645738e-04 7.6251336208e-06 3.7691745471e+01
-2.4928404316e-04 9.2054611471e-06 3.7321450346e+01
-2.5240546602e-04 7.6599084660e-06 3.6322681123e+01
-2.5618368481e-04 7.6939333747e-06 3.4809532327e+01
-2.5994521946e-04 7.7321904897e-06 3.3139436732e+01
-2.5790549490e-04 6.9423078754e-05 3.7124399436e+01
2.9560981881e-04 1.0911739674e-04 1.3264557147e+01
2.9900122762e-04 1.0607782244e-04 1.3269364918e+01
2.9221120132e-04 1.1213873612e-04 1.3257874382e+01
-1.5299671789e-04 3.0833469199e-05 4.6242587626e+01
-1.5651789826e-04 3.0868426221e-05 4.6088764344e+01
-1.3533803385e-04 3.0687950430e-05 4.6913193715e+01
1.7717701610e-04 1.4789942553e-04 1.4754754261e+01
-8.1621880969e-05 3.0467396590e-05 4.7823260342e+01
-5.2759297416e-05 3.0496587443e-05 4.7063955733e+01
1.6540763128e-04 1.3971715083e-04 1.5875526463e+01
8.9876253289e-05 1.1498340087e-04 2.2386218215e+01
8.6762838060e-05 1.1348949987e-04 2.2271743375e+01
6.4277790009e-05 1.0868145469e-04 2.1685012580e+01
6.1566359143e-05 1.0756579295e-04 2.1712917170e+01
-2.0950560946e-04 1.2066044384e-05 4.5552870937e+01
1.0851264139e-04 9.0092922025e-05 2.2879959808e+01
2.7017189176e-04 1.1840470610e-04 1.3674489391e+01
2.6968459700e-04 1.1457652636e-04 1.3821234107e+01
2.7065778627e-04 1.2223506609e-04 1.3518500279e+01
2.6720500359e-04 1.2514486361e-04 1.3502746316e+01
-1.5383143396e-04 1.3422143395e-05 4.9695887990e+01
-5.0560198680e-05 1.3375471293e-05 5.0145116968e+01
-3.1390720676e-05 1.3420720774e-05 4.8515247821e+01
-1.2251105964e-05 1.3495967377e-05 4.5904107999e+01
-7.9438021067e-07 1.3557884437e-05 4.3811574539e+01
2.5805898996e-05 1.3752666011e-05 3.7515023494e+01
1.5402601486e-04 1.6245541050e-05 2.1824523224e+01
1.8156253965e-04 1.8229383439e-05 1.9749756582e+01
1.8619943235e-04 9.2499943930e-05 1.7037169764e+01
-2.6579119013e-04 4.2762290951e-05 3.1909403929e+01
2.0910555969e-04 2.0687275029e-05 1.8759015549e+01
2.0837801537e-04 5.1216430298e-05 1.7028408433e+01
2.0444783593e-04 5.0591147801e-05 1.7033787689e+01
2.4491633480e-04 1.3084153234e-04 1.3863512967e+01
2.4536682318e-04 1.3464122183e-04 1.3708770056e+01
3.2446201968e-04 6.9231925398e-05 1.3704245592e+01
2.2029159286e-04 5.3273808634e-05 1.7054376058e+01
-1.7829352457e-04 9.6469265161e-05 3.5097353499e+01
3.3454025400e-04 3.2849032392e-05 1.4549486369e+01
2.7159257688e-04 1.0017899283e-04 1.4225439971e+01
2.3699069353e-04 2.3378316712e-05 1.8588061472e+01
2.9095631132e-04 5.2797797842e-05 1.5254710706e+01
2.8688886163e-04 5.2148808221e-05 1.5377331144e+01
2.7729200713e-04 8.6647831735e-05 1.4492189786e+01
2.4911272656e-04 2.4478914454e-05 1.8518996325e+01
-1.5459741820e-04 6.8206859090e-05 3.8614288671e+01
2.5284588425e-04 1.0332148365e-04 1.4501224933e+01
-2.2868300601e-04 6.6928721311e-05 3.7397200512e+01
-1.8783099816e-04 3.1297770036e-05 4.4332066902e+01
2.3637208904e-04 9.5718143944e-05 1.4939230012e+01
2.3237755227e-04 9.4723019395e-05 1.5028666893e+01
2.3176082277e-04 9.0957950223e-05 1.5138462886e+01
2.2837851295e-04 9.3709777267e-05 1.5126122082e+01
2.6180874657e-04 2.8345844989e-05 1.7356757431e+01
2.0638703372e-04 6.0189474208e-05 1.7044327776e+01
2.0241785791e-04 5.9366368178e-05 1.7055675076e+01
-3.3833161057e-04 1.7098724501e-05 1.7044581010e+01
2.2497405211e-04 2.2219494764e-05 1.8591514258e+01
2.1702109482e-04 2.1446703704e-05 1.8656822889e+01
-3.4017607460e-04 1.4007601824e-05 1.7011875167e+01
1.9728268372e-04 1.9589452706e-05 1.9060606471e+01
1.5800712576e-04 1.0069981838e-04 1.7024672707e+01
1.8942014274e-04 1.8892596993e-05 1.9352633286e+01
1.6190077960e-04 1.6749062338e-05 2.1140541691e+01
1.4223323779e-04 1.5610800978e-05 2.2838830680e+01
1.3442226782e-04 1.5275779506e-05 2.2934777139e+01
1.2669186663e-04 1.5002259471e-05 2.2926236076e+01
3.0767069937e-04 3.7241039584e-05 1.5365595577e+01
3.3850682272e-04 3.3208057936e-05 1.4313939630e+01
1.0020471928e-04 1.4433083332e-05 2.2903860201e+01
1.7314288517e-04 1.4268834238e-04 1.5198579046e+01
8.5447465469e-05 1.4299791112e-05 2.3201324627e+01
7.8098465276e-05 1.4243167776e-05 2.4316853918e+01
1.5741055055e-04 1.2908048113e-04 1.7003006368e+01
6.3307035148e-05 1.4108498079e-05 2.7411083703e+01
3.5009582314e-05 9.8952196928e-05 2.7734254185e+01
3.2327326522e-05 9.8327792229e-05 2.8853107358e+01
5.5864395353e-05 1.4035871012e-05 2.9282671810e+01
4.8391457143e-05 1.3962470346e-05 3.1288102485e+01
4.0889384020e-05 1.3889867381e-05 3.3366707133e+01
3.1604261103e-04 2.0357354869e-05 1.5949888588e+01
3.1520489927e-04 1.6747553508e-05 1.6164981666e+01
3.3360201053e-05 1.3819556998e-05 3.5460222000e+01
1.4433022934e-05 1.3660960822e-05 4.0424817574e+01
6.8272715793e-06 1.3606538271e-05 4.2198520908e+01
-2.3729722582e-05 1.3446857896e-05 4.7598232729e+01
-4.2890483604e-05 1.3390401580e-05 4.9598591187e+01
-6.2066236987e-05 1.3359917908e-05 5.0736162208e+01
-6.9736315269e-05 1.3353563595e-05 5.0997625599e+01
-7.7404610087e-05 1.3349902912e-05 5.1167953214e+01
-8.5070491958e-05 1.3348777284e-05 5.1258624564e+01
-9.2732974426e-05 1.3349776791e-05 5.1279840108e+01
-3.0436301689e-04 4.2170170027e-05 1.7188993725e+01
-1.0039156231e-04 1.3352845974e-05 5.1240331408e+01
6.7012775082e-05 1.0985140994e-04 2.1666517963e+01
1.0154264279e-04 8.7838599652e-05 2.2794251191e+01
1.1930871290e-04 9.3724044869e-05 2.1178830696e+01
1.2641109161e-04 9.6188388539e-05 1.8097156205e+01
-1.0804536852e-04 1.3357663971e-05 5.1147440092e+01
-1.1569394052e-04 1.3364278088e-05 5.1006990729e+01
-1.2333641309e-04 1.3372468309e-05 5.0823432157e+01
-1.3097226269e-04 1.3382336329e-05 5.0599721124e+01
-1.3860056329e-04 1.3393794904e-05 5.0337434038e+01
1.8540763214e-04 6.8442635667e-05 1.7053453478e+01
-1.4622060912e-04 1.3407035989e-05 5.0036632118e+01
-1.6522805788e-04 1.3448715308e-05 4.9102678332e+01
-1.8676856477e-04 1.1974748460e-05 4.7894193657e+01
-2.4120955974e-04 4.9384244194e-05 3.7261239040e+01
-2.1026215915e-04 2.8366717389e-05 4.2931410986e+01
-2.1366334722e-04 2.8449880186e-05 4.2537865945e+01
-2.1426473473e-04 3.0198376579e-05 4.2206277515e+01
-2.1704506984e-04 2.8542005904e-05 4.2116789834e+01
-2.6044004189e-04 9.3420109957e-06 3.2768340274e+01
-2.6368941294e-04 7.7723170098e-06 3.1294833910e+01
-1.7224275905e-04 5.3902994793e-05 4.0802698201e+01
-1.6912541994e-04 5.3781353370e-05 4.0925002378e+01
-1.4240297816e-04 3.0745948338e-05 4.6663147680e+01
-1.2465705472e-04 3.0618557380e-05 4.7241668386e+01
-1.1751493529e-04 3.0579432082e-05 4.7427524945e+01
-1.1035828065e-04 3.0545749466e-05 4.7584009286e+01
-1.0318898186e-04 3.0517505185e-05 4.7707376214e+01
-9.6008541323e-05 3.0494829962e-05 4.7792712871e+01
-8.8818989865e-05 3.0478022015e-05 4.7833829339e+01
-5.9995337592e-05 3.0475520745e-05 4.7385825257e+01
-2.9328376889e-04 3.6505383811e-05 1.7159844983e+01
-2.9023148600e-04 3.7935665357e-05 1.6872462852e+01
-1.7650252070e-04 2.9447669483e-05 4.5390777176e+01
1.4317896271e-04 9.5557571179e-05 1.7046055870e+01
1.3204106079e-04 8.8727761515e-05 1.8011733658e+01
-1.7533262520e-04 7.4063718638e-06 4.9510844014e+01
-1.8307850867e-04 7.4117489041e-06 4.8932318894e+01
-2.0238693887e-04 7.4502138668e-06 4.7080144458e+01
-2.1012259615e-04 7.4683050199e-06 4.6117828295e+01
-2.2939558130e-04 7.5296763781e-06 4.2871509245e+01
-2.3709555103e-04 7.5572069586e-06 4.1097398005e+01
-1.6599495070e-04 5.3666080658e-05 4.1044714638e+01
2.1564636778e-04 1.4516025226e-04 1.3987124981e+01
2.0040676523e-04 1.4808152513e-04 1.4198877056e+01
-2.7462275883e-04 6.3102220846e-05 3.6282290626e+01
-2.7715082087e-04 6.1573806654e-05 3.5813931406e+01
3.3977281746e-04 1.8518955233e-05 1.4839898222e+01
3.4378746770e-04 1.8716084610e-05 1.4413976937e+01
1.7732583976e-04 1.5167246775e-04 1.4543161990e+01
-3.0842227000e-04 4.5007194793e-05 1.7215655546e+01
-3.1030934263e-04 4.6561904677e-05 1.7331221073e+01
-2.9304337474e-04 2.8563135197e-05 1.7124817671e+01
-2.9042470472e-04 2.7842804105e-05 1.7083466558e+01
-2.5680165404e-04 5.2240238528e-05 3.5435145318e+01
-2.3431549072e-04 7.7128240364e-05 3.6873678188e+01
2.2283224213e-04 1.3980063836e-04 1.4042171759e+01
1.8413159638e-04 1.0251682455e-04 1.6614662133e+01
1.8750648861e-04 1.0002090285e-04 1.6432850725e+01
1.8074601727e-04 1.0498837823e-04 1.6835387911e+01
-1.9272211316e-04 8.3289159760e-05 3.6284355738e+01
-2.3869885317e-04 6.4334338449e-05 3.7267495281e+01
-2.3623689014e-04 6.6099328839e-05 3.7286596864e+01
2.6340357919e-04 7.2938589405e-05 1.5133387708e+01
-1.7964057285e-04 6.5726742935e-05 3.8584403318e+01
-1.5249783497e-04 8.9875521024e-05 3.5438848051e+01
-1.3473274719e-04 8.6781945151e-05 3.5812480167e+01
3.2569805676e-04 5.0482010656e-05 1.4297375130e+01
3.2905411241e-04 4.7168605568e-05 1.4279463837e+01
-1.8890101639e-04 6.8404489294e-05 3.8024013395e+01
1.4365372317e-04 9.9025800402e-05 1.7042061306e+01
1.3150619823e-04 8.5494605902e-05 1.8790154228e+01
2.4887747890e-04 1.0238784189e-04 1.4590215662e+01
-2.2527780978e-04 5.7805661760e-05 3.8117075811e+01
3.0691410393e-04 3.3578189772e-05 1.5538719535e+01
3.4449805004e-04 2.2459804207e-05 1.4213459650e+01
1.9014809642e-04 5.4071834788e-05 1.7064622465e+01
1.8951023524e-04 5.1070358606e-05 1.7166366677e+01
-2.5427780366e-04 5.1684279060e-05 3.5720305207e+01
2.2322346945e-04 1.4358022843e-04 1.3880044907e+01
-1.9481571388e-04 9.2178645646e-05 3.5599226871e+01
-1.3315073156e-04 1.0712074739e-04 3.3732100852e+01
-2.8690446334e-04 5.8270039035e-05 3.4181451496e+01
-1.7368643457e-04 9.8070472132e-05 3.4926003544e+01
1.8108359519e-04 1.4927062797e-04 1.4579599041e+01
2.6128983889e-04 1.0895570629e-04 1.4191391811e+01
2.7410077374e-04 1.1930825499e-04 1.3532642879e+01
2.7458554227e-04 1.2314636045e-04 1.3369139616e+01
-3.5903996275e-04 2.3098550551e-05 1.2461553844e+01
-3.0222460232e-04 4.0885609968e-05 1.7202993815e+01
2.7802284555e-04 1.2020744233e-04 1.3383497409e+01
2.2243563277e-04 1.3601510641e-04 1.4188059809e+01
-2.6052709609e-04 6.5321288198e-05 3.6707539053e+01
3.6511297610e-04 3.6035438385e-05 1.2346898430e+01
2.4887355025e-04 1.3182756132e-04 1.3729946008e+01
2.4932813296e-04 1.3563019713e-04 1.3566981703e+01
2.8068401044e-04 8.3656595040e-05 1.4508049895e+01
1.5639414948e-04 8.9995682578e-05 1.7042631530e+01
2.5282965571e-04 1.3280333022e-04 1.3590044870e+01
3.1250385536e-04 9.3725126603e-05 1.3267174179e+01
3.1298379498e-04 9.7649235463e-05 1.3097879073e+01
1.7678522474e-04 1.0365800619e-04 1.7032408916e+01
2.5537723230e-04 1.2233529046e-04 1.3910402758e+01
-1.8028964657e-04 9.4568503930e-05 3.5254313906e+01
-2.8626672013e-04 2.2260483997e-05 1.7119426742e+01
-2.8342898817e-04 2.1794505986e-05 1.6950070226e+01
3.2303248272e-04 8.8199312861e-05 1.3069750665e+01
-1.4972107293e-04 8.9681101386e-05 3.5449433157e+01
2.6799413119e-04 3.8476818284e-05 1.6553738112e+01
-2.0714960672e-04 6.4014531986e-05 3.8182942820e+01
-2.2637890634e-04 4.1775683261e-05 3.9372296392e+01
-2.2364849552e-04 4.3508658191e-05 3.9490169801e+01
-2.8490941243e-04 5.7156756846e-05 3.3544169281e+01
-2.8431444480e-04 5.9677409861e-05 3.5029812587e+01
3.1224648547e-04 6.3446476804e-05 1.4324113900e+01
-2.1453886625e-04 4.2897917539e-05 4.0395462249e+01
-2.1189412919e-04 4.4624343184e-05 4.0377354317e+01
2.0496628280e-04 1.1630606038e-04 1.5047441194e+01
-1.3757476402e-04 8.6929566660e-05 3.5786033885e+01
-1.9222062682e-04 9.1808047863e-05 3.5592488479e+01
-1.6250922556e-04 4.6335877352e-05 4.2619453955e+01
-2.5870445524e-04 2.1351541780e-05 3.2755283799e+01
-2.5556278405e-04 2.2999957218e-05 3.3972605719e+01
-2.5565371843e-04 2.4857813348e-05 3.3887737560e+01
-2.5246012275e-04 2.4653992340e-05 3.5033316887e+01
-2.5880461367e-04 2.5085228974e-05 3.2648730167e+01
1.8416024927e-04 1.3544281029e-04 1.5088530607e+01
-1.3188527978e-04 4.9218765624e-05 4.2956110540e+01
-1.2979124064e-04 5.0938030715e-05 4.2636585044e+01
-1.3305683988e-04 5.0997116715e-05 4.2538283563e+01
-1.3420665919e-04 5.2790509735e-05 4.2121302246e+01
3.0913814725e-04 9.6842914979e-05 1.3271171678e+01
3.0962045867e-04 1.0075818205e-04 1.3101576788e+01
-1.0569472879e-04 6.6698832148e-05 3.9825239961e+01
-1.0387105114e-04 6.8509482553e-05 3.9491385168e+01
-1.0696013886e-04 6.8568112527e-05 3.9415784944e+01
-1.0638981777e-04 7.2281824634e-05 3.8680855027e+01
-1.0943292776e-04 7.2349384099e-05 3.8608062184e+01
-1.1315832236e-04 1.0394536492e-04 3.3713063019e+01
-1.1253521372e-04 1.0804063952e-04 3.3376133340e+01
-1.0982264654e-04 1.0791964398e-04 3.3353047179e+01
-1.1524407132e-04 1.0816886770e-04 3.3401939432e+01
-1.1087803760e-04 1.1003935779e-04 3.3227019821e+01
-1.0817801209e-04 1.0992063254e-04 3.3198036476e+01
-5.5195788367e-05 5.2165689284e-05 4.3111677384e+01
-8.6811229177e-05 1.0513137842e-04 3.3534987752e+01
-8.5278648705e-05 1.0714559426e-04 3.3308657029e+01
-8.8013619773e-05 1.0720405808e-04 3.3295614489e+01
-8.6480172368e-05 1.0922620404e-04 3.3089502368e+01
-8.9198805137e-05 1.0928855607e-04 3.3088326985e+01
-8.6143485019e-05 1.1335906677e-04 3.2745016520e+01
-8.3454486565e-05 1.1330337579e-04 3.2731039024e+01
-1.5844344609e-04 9.8639845310e-05 3.4669043520e+01
-1.5921913555e-04 1.0081607711e-04 3.4528833653e+01
1.1248543998e-04 1.4366234151e-04 1.7009545698e+01
1.0913049836e-04 1.4535814694e-04 1.7383329389e+01
1.1233167904e-04 1.4704419843e-04 1.7148201706e+01
1.0595506552e-04 1.4366272052e-04 1.7886484156e+01
-5.0303464017e-05 5.3937895252e-05 4.2657982148e+01
8.7281976855e-05 1.3622049955e-04 2.1393021808e+01
8.4073112435e-05 1.3764748435e-04 2.1601933154e+01
8.7001776371e-05 1.3966068406e-04 1.9859290965e+01
8.3692412734e-05 1.4108793019e-04 2.0107334127e+01
8.0843301700e-05 1.3899021850e-04 2.1594309348e+01
8.6595960955e-05 1.4307569330e-04 2.0271693217e+01
-8.0765049203e-05 1.1325495411e-04 3.2721980076e+01
1.1546373223e-04 1.1756676426e-04 1.6999619869e+01
1.1565114396e-04 1.2100558432e-04 1.6933426887e+01
1.1237111894e-04 1.1945128670e-04 1.7535558877e+01
2.2774997871e-04 8.9947539030e-05 1.5245720889e+01
2.3111914594e-04 8.7201521265e-05 1.5259827374e+01
-1.3491914505e-04 1.0515242741e-04 3.3877193897e+01
-1.3583398473e-04 1.0730522908e-04 3.3766831711e+01
-1.3761242944e-04 1.0533864352e-04 3.3906929823e+01
6.3200773584e-05 1.2596547477e-04 1.6917634719e+01
6.0995883264e-05 1.2709424454e-04 2.3711925419e+01
6.3189366009e-05 1.2860095301e-04 1.9595524770e+01
5.8794127927e-05 1.2821408291e-04 2.8005580292e+01
6.3099094793e-05 1.3121454885e-04 2.3533332631e+01
6.1125935170e-05 1.0497907721e-04 2.1853927642e+01
5.8874637216e-05 1.0650207104e-04 2.1762818779e+01
-9.1916095977e-05 1.0935789745e-04 3.3092014069e+01
-9.4631767404e-05 1.0943421568e-04 3.3100213239e+01
-9.7345536898e-05 1.0951750730e-04 3.3112592603e+01
-1.0005750051e-04 1.0960775403e-04 3.3128842714e+01
-1.1247088612e-04 7.2421685668e-05 3.8536033506e+01
-1.1550334763e-04 7.2498787538e-05 3.8464903390e+01
-1.1737237150e-04 7.0668361019e-05 3.8788709104e+01
-1.1852992971e-04 7.2580759692e-05 3.8394776474e+01
-1.2155029849e-04 7.2667693765e-05 3.8325728576e+01
-1.2456408584e-04 7.2759702955e-05 3.8257811215e+01
-1.2648377000e-04 7.0928129700e-05 3.8574244747e+01
2.1164548713e-04 8.5716147600e-05 1.5887617603e+01
-1.5250614172e-04 7.0029024485e-05 3.8328161956e+01
-1.4952989545e-04 6.9892354320e-05 3.8396545859e+01
1.9915620169e-04 1.3293256363e-04 1.4765841292e+01
-7.8075450782e-05 1.1321384261e-04 3.2718302721e+01
-7.6846165495e-05 1.1112496598e-04 3.2914398507e+01
-7.5385979003e-05 1.1318010487e-04 3.2720468546e+01
-7.4141186284e-05 1.1109469569e-04 3.2931441272e+01
-7.2696937111e-05 1.1315382500e-04 3.2729042009e+01
-7.0008601860e-05 1.1313510972e-04 3.2744514336e+01
-6.7321261773e-05 1.1312405523e-04 3.2767477962e+01
-6.4635188668e-05 1.1312088037e-04 3.2798555260e+01
-6.1950674866e-05 1.1312548790e-04 3.2838422333e+01
-6.0584953670e-05 1.1521509714e-04 3.2616914573e+01
-5.9267981761e-05 1.1313837631e-04 3.2887738794e+01
-5.7919657105e-05 1.1523292501e-04 3.2656338199e+01
-5.6587429723e-05 1.1315950334e-04 3.2947265705e+01
-5.5256782512e-05 1.1525922017e-04 3.2706309943e+01
-5.2596619138e-05 1.1529421028e-04 3.2767739593e+01
-5.1233831785e-05 1.1322742408e-04 3.3100010374e+01
-4.9939464991e-05 1.1533811504e-04 3.2841669408e+01
-4.8561352154e-05 1.1327470152e-04 3.3194838651e+01
-4.7285616345e-05 1.1539117860e-04 3.2929214363e+01
-4.5892132586e-05 1.1333123442e-04 3.3303082244e+01
-4.4635363047e-05 1.1545367741e-04 3.3031483800e+01
-4.3226454661e-05 1.1339726832e-04 3.3425602766e+01
-4.1988986856e-05 1.1552589534e-04 3.3149712511e+01
-4.0564600030e-05 1.1347315061e-04 3.3563213382e+01
-3.9346742048e-05 1.1560818011e-04 3.3285133369e+01
-3.7906841939e-05 1.1355919846e-04 3.3716708992e+01
-3.6708960931e-05 1.1570084446e-04 3.3439054061e+01
-3.5253468248e-05 1.1365581297e-04 3.3886812869e+01
-3.2604758673e-05 1.1376319928e-04 3.4074201269e+01
-3.1448004663e-05 1.1591871131e-04 3.3807334655e+01
-2.9960991288e-05 1.1388218925e-04 3.4279329619e+01
-2.8825324344e-05 1.1604483248e-04 3.4024070336e+01
-2.7322430651e-05 1.1401292821e-04 3.4502596690e+01
-2.6208216777e-05 1.1618297393e-04 3.4263977537e+01
-2.4689347035e-05 1.1415593528e-04 3.4744182741e+01
-2.3596996143e-05 1.1633363500e-04 3.4527697222e+01
-2.2062020510e-05 1.1431178144e-04 3.5004059130e+01
-2.0991963541e-05 1.1649734908e-04 3.4815709181e+01
-1.8393344411e-05 1.1667466395e-04 3.5128483820e+01
-1.5801435844e-05 1.1686619478e-04 3.5466077625e+01
-1.3216509968e-05 1.1707255512e-04 3.5827732431e+01
-1.0638832149e-05 1.1729453318e-04 3.6211529939e+01
-6.4338247925e-06 1.1555088711e-04 3.6889804045e+01
-3.8542764637e-06 1.1581521722e-04 3.7232146786e+01
-1.2826423851e-06 1.1609826181e-04 3.7567500422e+01
1.2807221263e-06 1.1640116010e-04 3.7886780400e+01
2.1308110489e-06 1.1866757414e-04 3.8286039864e+01
3.8353907757e-06 1.1672508712e-04 3.8179741113e+01
4.6587144095e-06 1.1900195373e-04 3.8667302811e+01
6.3809113940e-06 1.1707093772e-04 3.8437915197e+01
7.1769049342e-06 1.1935897475e-04 3.9006687778e+01
9.7110324632e-06 1.1962630163e-04 3.9278974512e+01
1.2213929306e-05 1.2001005518e-04 3.9539948588e+01
1.6458811664e-05 1.1868861151e-04 3.9249838049e+01
1.8945819274e-05 1.1916498223e-04 3.9541074955e+01
2.1420991582e-05 1.1966307836e-04 3.9908785711e+01
2.2034033235e-05 1.2202320729e-04 4.1437924586e+01
2.3883419613e-05 1.2018693580e-04 4.0336523741e+01
2.4462313475e-05 1.2255767547e-04 4.2133255387e+01
2.6876113766e-05 1.2312027153e-04 4.2865558224e+01
2.8768328237e-05 1.2132113448e-04 4.1259659187e+01
-2.0633104412e-06 1.2032805882e-04 3.7836494599e+01
-1.7357167813e-05 1.1888609976e-04 3.4991542057e+01
3.1656937807e-05 1.2433879231e-04 4.4398848108e+01
3.3595342682e-05 1.2258683679e-04 4.2150917445e+01
-1.2227421553e-05 1.1930140948e-04 3.5816994136e+01
-7.1287496248e-06 1.1977987946e-04 3.6778351262e+01
3.5984772155e-05 1.2327514028e-04 4.2558144737e+01
8.1171008056e-06 1.2174744057e-04 3.9917736231e+01
3.6366667365e-05 1.2569856440e-04 4.6035477844e+01
3.8356597250e-05 1.2400390517e-04 4.2925729088e+01
4.0708984626e-05 1.2477731709e-04 4.3238838380e+01
5.8400837301e-05 1.0395694912e-04 2.1892132911e+01
5.6199343239e-05 1.0548789125e-04 2.1806540122e+01
5.3537644988e-05 1.0452087328e-04 2.1848811920e+01
-1.6003206858e-04 3.0905467955e-05 4.5927952917e+01
-1.6113470727e-04 3.2575598665e-05 4.5531490817e+01
-1.6353879248e-04 3.0944728981e-05 4.5759791296e+01
1.8552319392e-04 8.8779017948e-05 1.6984463607e+01
1.8952587834e-04 8.9989002558e-05 1.6991665621e+01
3.0840340458e-04 4.0922094835e-05 1.5202714078e+01
1.4731243648e-04 1.0032773630e-04 1.7039830205e+01
3.7964443942e-05 8.4843654631e-05 2.2504316184e+01
4.0002017211e-05 8.3145751952e-05 2.2480413496e+01
3.9228159789e-05 8.0865091245e-05 2.2507353656e+01
3.6394103854e-05 8.0319827902e-05 2.2552601453e+01
4.2073168583e-05 8.1438604067e-05 2.2494961242e+01
-8.6206548481e-05 9.5041949719e-05 3.4965209760e+01
-8.3368499646e-05 9.4993962108e-05 3.5024266976e+01
-8.4931630710e-05 9.3036239981e-05 3.5313007329e+01
-8.2070480063e-05 9.2992273500e-05 3.5378365667e+01
-8.7786503649e-05 9.3087097834e-05 3.5251923381e+01
-1.1162762814e-04 9.5754094583e-05 3.4630082647e+01
9.6874340387e-05 9.7538417511e-05 2.2696315126e+01
-2.2822888820e-04 3.4347056347e-05 3.9873896373e+01
-2.3072950873e-04 3.0816598173e-05 3.9851943492e+01
-2.3394714782e-04 3.0975418318e-05 3.9278114483e+01
-2.3035468444e-04 2.9001785724e-05 4.0108770895e+01
1.0311498379e-04 1.2823008982e-04 1.8933791068e+01
1.2926894371e-04 1.3460654966e-04 1.7178650333e+01
1.3264886698e-04 1.3266162860e-04 1.7156806591e+01
1.2920675491e-04 1.3101808478e-04 1.7158223431e+01
7.8583947302e-05 1.2102447469e-04 2.1575405879e+01
-2.1760320783e-04 3.0302242974e-05 4.1795940660e+01
5.2998079571e-05 1.0205089995e-04 2.1970812467e+01
5.0315582060e-05 1.0116278435e-04 2.2043620232e+01
2.7532608418e-04 1.7503664063e-05 1.8091577905e+01
-1.2950699788e-04 7.1024789310e-05 3.8504532721e+01
2.6668053739e-04 1.4260223218e-05 1.9539599981e+01
-1.8867528819e-04 3.3014439992e-05 4.3954932155e+01
2.0862304614e-04 7.0837174618e-05 1.7017704258e+01
-2.4769195312e-04 1.5698418224e-05 3.7244678137e+01
2.9254102135e-04 8.5986180922e-05 1.4160709648e+01
-2.8163933728e-04 1.3559377848e-05 1.8707831468e+01
-2.8523567942e-04 1.0068011865e-05 1.6844795855e+01
-2.8184218534e-04 9.9048364500e-06 1.9025034073e+01
-2.8861042110e-04 1.0251125071e-05 1.7169901923e+01
4.5613066182e-05 1.0187884324e-04 2.2093110332e+01
-6.6029497871e-05 1.1104897206e-04 3.3026302117e+01
-1.9118195002e-04 6.6584604818e-05 3.8230198187e+01
2.8720689162e-04 1.7935493357e-05 1.7100346528e+01
-2.1136773884e-04 7.2930546741e-05 3.7184761454e+01
-2.2040655243e-04 2.8642462717e-05 4.1665931073e+01
2.7869787007e-04 1.4714932868e-05 1.8116547377e+01
1.1593990101e-04 1.3149624315e-04 1.7139760462e+01
-3.4370442226e-04 1.4664739951e-05 1.6992517928e+01
3.6278699069e-04 1.5746592163e-05 1.1480642051e+01
3.5889486331e-04 1.5595941360e-05 1.2111619959e+01
9.0422985026e-05 1.2456922463e-04 2.2336474227e+01
-1.7860192392e-05 1.1247972301e-04 3.5701819569e+01
-9.9842586589e-06 1.1309482217e-04 3.6533885066e+01
-1.3252265531e-04 7.1126686311e-05 3.8435756516e+01
3.0433323356e-04 4.0396792726e-05 1.5342982342e+01
3.0505852660e-04 4.4083964211e-05 1.5185263740e+01
3.0099297019e-04 4.3530515296e-05 1.5322250100e+01
1.0684978982e-05 1.1554258350e-04 3.8313430938e+01
1.8278660608e-05 1.1683999655e-04 3.8651374968e+01
3.3141546591e-05 1.2019821484e-04 3.9864655021e+01
4.0381727882e-05 1.2235789516e-04 3.9916927782e+01
4.3040302333e-05 1.2559872358e-04 4.3473013992e+01
4.7462261220e-05 1.2495694197e-04 3.8742447953e+01
4.7631311883e-05 1.2740317857e-04 4.3556615673e+01
4.9778478552e-05 1.2594369366e-04 3.7845482630e+01
4.9888971703e-05 1.2839848073e-04 4.3288533066e+01
-2.1491801430e-04 4.4814456024e-05 4.0117656439e+01
3.2672401639e-04 1.4124357953e-05 1.6005954092e+01
3.3085530791e-04 1.4378450982e-05 1.5788804415e+01
1.2990292139e-04 9.7416249599e-05 1.6987886782e+01
-2.0686418995e-04 2.8285755312e-05 4.3298390253e+01
-2.6740259446e-04 7.8272669027e-06 2.9269104588e+01
-2.7108580687e-04 7.8838377767e-06 2.7051824533e+01
2.9394116382e-04 1.2172418261e-05 1.7119442210e+01
2.8995306833e-04 1.2078600745e-05 1.7210621404e+01
3.2349736925e-04 9.2165913392e-05 1.2896065054e+01
3.2682896840e-04 8.8984729717e-05 1.2880582127e+01
2.7006804630e-04 1.1547253966e-05 1.9828526200e+01
2.6602370346e-04 1.1391753981e-05 2.0195603680e+01
3.3035172479e-05 1.0060318581e-04 2.9485366675e+01
3.5698512839e-05 1.0124547194e-04 2.8440927002e+01
2.9633649623e-05 9.7742132202e-05 2.9892746479e+01
2.7676451107e-05 9.9434773293e-05 3.1354358088e+01
2.4981417151e-05 9.8904696737e-05 3.2174461341e+01
2.4213072990e-05 9.6678558497e-05 3.1742217430e+01
2.2276222644e-05 9.8407949309e-05 3.2921289373e+01
2.1486795452e-05 9.6196809375e-05 3.2549661202e+01
1.8750269201e-05 9.5746008347e-05 3.3280858100e+01
1.6003802059e-05 9.5324534794e-05 3.3938029505e+01
1.3247739117e-05 9.4930795366e-05 3.4523839018e+01
1.0482424982e-05 9.4563357817e-05 3.5041258399e+01
5.8467695048e-06 9.6034634237e-05 3.5988283341e+01
3.0784349019e-06 9.5726773155e-05 3.6288747556e+01
2.1347797121e-06 9.3605228142e-05 3.6217423387e+01
3.0244053351e-07 9.5440565686e-05 3.6537624378e+01
-6.6370613260e-07 9.3329785189e-05 3.6496791129e+01
-2.4808463415e-06 9.5174882146e-05 3.6738791047e+01
-3.4694980457e-06 9.3074367526e-05 3.6726642825e+01
-6.2822130149e-06 9.2837943675e-05 3.6911228099e+01
-9.1014613656e-06 9.2619471328e-05 3.7054794235e+01
-1.1926874883e-05 9.2418027693e-05 3.7161501908e+01
-1.4758082546e-05 9.2232677956e-05 3.7235372714e+01
-1.7594734282e-05 9.2062603383e-05 3.7280225237e+01
-2.0436478359e-05 9.1906971605e-05 3.7299657223e+01
-2.4967099106e-05 9.3669755288e-05 3.7109306454e+01
-2.7800365962e-05 9.3546483794e-05 3.7055186926e+01
-3.0637579321e-05 9.3435260859e-05 3.6988740091e+01
-3.3478437824e-05 9.3335495479e-05 3.6912257613e+01
-3.6322644914e-05 9.3246645015e-05 3.6827798351e+01
-3.9169906159e-05 9.3168196965e-05 3.6737194535e+01
-4.2019930331e-05 9.3099683874e-05 3.6642074537e+01
-4.4872427393e-05 9.3040664812e-05 3.6543871867e+01
-4.7727109503e-05 9.2990740189e-05 3.6443846649e+01
-5.0583689380e-05 9.2949533845e-05 3.6343096242e+01
-5.3441880988e-05 9.2916707646e-05 3.6242571866e+01
-5.4818040085e-05 9.0937106505e-05 3.6518113876e+01
-5.6301398362e-05 9.2891943989e-05 3.6143092123e+01
-5.7697342954e-05 9.0916358923e-05 3.6423827115e+01
-5.9161956122e-05 9.2874960370e-05 3.6045353490e+01
-6.0577454790e-05 9.0903159047e-05 3.6330430175e+01
-6.2023268541e-05 9.2865492430e-05 3.5949946544e+01
-6.3458086513e-05 9.0897282284e-05 3.6238556621e+01
-6.4885049763e-05 9.2863308364e-05 3.5857360668e+01
-6.6338948625e-05 9.0898473297e-05 3.6148752214e+01
-6.7747013320e-05 9.2868192345e-05 3.5768001855e+01
-6.9219751223e-05 9.0906554985e-05 3.6061464570e+01
-7.0608858408e-05 9.2879962923e-05 3.5682193209e+01
-7.2100202337e-05 9.0921319310e-05 3.5977070783e+01
-7.3470329319e-05 9.2898441225e-05 3.5600194905e+01
-7.4980036619e-05 9.0942286711e-05 3.5895927248e+01
4.6223156485e-05 1.0425539471e-04 2.3260075712e+01
4.3614414846e-05 1.0343182505e-04 2.4975164372e+01
1.0573709046e-04 1.4703550819e-04 1.8291147392e+01
1.0257651410e-04 1.4533411051e-04 1.8608278313e+01
4.1303513942e-05 7.9148974905e-05 2.2519010547e+01
4.4180868821e-05 7.9721797819e-05 2.2499398767e+01
6.4641620523e-05 1.1132623359e-04 2.1514961949e+01
1.8866306381e-04 6.5984165812e-05 1.7055804221e+01
1.9073528153e-04 5.7124005472e-05 1.7023707313e+01
1.3510002075e-04 8.6594509326e-05 1.7683266812e+01
-2.7134579425e-04 9.5591826084e-06 2.6716678936e+01
-2.7470349916e-04 7.9576450690e-06 2.4663437766e+01
-1.2890234840e-04 5.4464708496e-05 4.1895772898e+01
-1.2567527285e-04 5.4403013199e-05 4.1988112940e+01
-1.6243793154e-04 2.9284978738e-05 4.6152972927e+01
-1.7902327868e-04 2.7825697240e-05 4.5558899041e+01
-1.8954716562e-04 2.7968869304e-05 4.4832402921e+01
-1.9303362360e-04 2.8023356665e-05 4.4561713250e+01
-1.8937621468e-04 5.0942288570e-05 4.0693698386e+01
-2.3328142039e-04 2.7340444779e-05 3.9757966876e+01
-2.3850769238e-04 5.5433984071e-05 3.7430860643e+01
3.5607377748e-04 5.5062760593e-05 1.2636361862e+01
3.5933059783e-04 5.1576568832e-05 1.2532351504e+01
-2.9246863575e-04 6.7443384482e-06 1.7057301054e+01
-2.9604622915e-04 6.8777203033e-06 1.7075377696e+01
-2.8889181110e-04 6.6252468689e-06 1.7089272076e+01
-2.4612369259e-04 7.5496362118e-05 3.7247625386e+01
-2.6548440775e-04 4.4986524556e-05 3.2496270526e+01
-2.6833059907e-04 4.3342194758e-05 3.1231915687e+01
-3.1604559944e-04 1.8268555800e-05 1.7084656808e+01
-3.1179103345e-04 2.0136982771e-05 1.7099696432e+01
-3.3922919807e-04 3.4941146949e-05 1.5484132918e+01
-3.3365853295e-04 3.7052654479e-05 1.7055672578e+01
1.2600793844e-05 1.2253558278e-04 4.0669295354e+01
2.7850667570e-04 1.2405414797e-04 1.3212717071e+01
2.8193749552e-04 1.2110379330e-04 1.3227109102e+01
-1.8291902477e-04 9.4891260476e-05 3.5266299286e+01
-3.4480816892e-04 3.2618723916e-05 1.3918509640e+01
-9.1519043379e-05 1.1349210554e-04 3.2786254363e+01
-6.4533727586e-05 1.1729669471e-04 3.2388751638e+01
2.0438912952e-04 1.4926508374e-04 1.4055446780e+01
1.7352817194e-04 1.5403196421e-04 1.4494096486e+01
2.9944104646e-04 1.1006476268e-04 1.3095920900e+01
-1.9739554357e-04 9.2564883314e-05 3.5608105818e+01
1.8125412317e-04 1.5303428827e-04 1.4374018664e+01
1.8501116450e-04 1.5060087492e-04 1.4419977745e+01
3.6870505937e-04 3.6596573032e-05 1.2095208666e+01
3.1345936377e-04 1.0158284930e-04 1.2922741111e+01
3.1009941068e-04 1.0468145370e-04 1.2925781332e+01
2.4581372159e-04 1.3843888248e-04 1.3541065464e+01
5.8731312463e-05 1.3071589686e-04 2.9247281106e+01
-1.5733438022e-04 1.0275133826e-04 3.4379845449e+01
-1.5467085473e-04 1.0250695606e-04 3.4351009206e+01
8.0341297390e-05 1.4242563921e-04 2.0477132933e+01
7.7589284817e-05 1.4022407753e-04 2.1417623215e+01
-3.1208037475e-04 4.8214977529e-05 1.7623493646e+01
-3.1363686567e-04 4.5634837571e-05 1.7306771758e+01
-3.1724918189e-04 4.4665121772e-05 1.7358065878e+01
-2.6016058356e-04 7.0217329697e-05 3.7245502528e+01
-2.6257197074e-04 6.8574247046e-05 3.7116523676e+01
-2.5778091266e-04 7.1878753481e-05 3.7335953584e+01
3.1848640789e-04 1.3501002892e-05 1.6441872415e+01
3.1434773323e-04 1.3146030556e-05 1.6565803790e+01
-1.2871971270e-04 1.0892255537e-04 3.3564704691e+01
-1.2603490937e-04 1.0875628201e-04 3.3528241090e+01
-6.9844637053e-05 1.1730815680e-04 3.2393092383e+01
3.4303271809e-04 1.5012656653e-05 1.4669853871e+01
3.4704137044e-04 1.5158880474e-05 1.4090722929e+01
2.7808804638e-04 1.1791093357e-05 1.8681958457e+01
-9.6889713586e-05 1.1365416394e-04 3.2842611171e+01
-2.6264572793e-04 4.6637076025e-05 3.3548992056e+01
1.8520639787e-04 1.5435543313e-04 1.4211913563e+01
-2.3041695602e-04 5.4261897176e-05 3.8053138127e+01
-2.2763870585e-04 5.3922166465e-05 3.8263090309e+01
-2.4951967517e-04 2.8181890714e-05 3.5844408625e+01
-2.4634311555e-04 2.7983274182e-05 3.6746988012e+01
1.8896870407e-04 1.5188472164e-04 1.4265946029e+01
-1.3851070742e-04 1.0749816911e-04 3.3803192716e+01
-1.4029882068e-04 1.0553333256e-04 3.3938368332e+01
-1.5180832277e-04 2.9186040475e-05 4.6637729349e+01
2.5020246582e-05 1.2495276151e-04 4.4547256414e+01
-5.5305305044e-05 5.5652116985e-05 4.2486416020e+01
-5.8578556713e-05 5.5635732583e-05 4.2546326443e+01
1.0624525890e-04 1.2649105940e-04 1.8138189942e+01
1.0301051045e-04 1.2480992293e-04 2.0132707531e+01
8.1343828958e-05 1.1958217279e-04 2.1829452198e+01
7.8440757488e-05 1.1804125831e-04 2.1691026739e+01
2.8049395450e-04 1.0955174501e-04 1.3708309216e+01
-2.5719902068e-04 1.0920045658e-05 3.4098190559e+01
1.3456016010e-04 8.3360590838e-05 1.8439738602e+01
1.3091086820e-04 8.2297601409e-05 1.9487750373e+01
1.3816447622e-04 8.4435870515e-05 1.7401912876e+01
-2.4153143720e-04 7.8975477500e-05 3.7038243621e+01
2.6652381949e-04 9.1728500302e-05 1.4557981000e+01
2.6311962119e-04 9.4649763099e-05 1.4541909890e+01
2.2680179920e-04 1.4087328190e-04 1.3908947521e+01
-3.0548706522e-04 3.9609872773e-05 1.7246356350e+01
1.8471337295e-04 1.0630204261e-04 1.6248024465e+01
1.8130738920e-04 1.0877797871e-04 1.6335145536e+01
2.2437494822e-04 9.2677827481e-05 1.5235668949e+01
2.2373341090e-04 8.8918293911e-05 1.5368848841e+01
-8.3637260503e-05 9.1043519540e-05 3.5673182190e+01
2.6367486254e-04 9.8442497190e-05 1.4432429225e+01
-1.3553042207e-04 7.1234048034e-05 3.8367903572e+01
-2.1709483911e-06 1.1386072776e-04 3.7366665876e+01
-2.5770067669e-04 4.3390504667e-05 3.4219705582e+01
2.3297050991e-04 9.8495739446e-05 1.4927802155e+01
2.3695525532e-04 9.9493335699e-05 1.4842340609e+01
3.6546647830e-04 4.0245001454e-05 1.2322487056e+01
2.2498992796e-04 9.6445809268e-05 1.5117561036e+01
-1.1224606942e-04 9.1775997046e-05 3.5179623474e+01
-1.0940258649e-04 9.1675433658e-05 3.5212584299e+01
-4.1792561806e-05 1.1135311535e-04 3.3836691268e+01
3.2846727287e-04 4.3359093541e-05 1.4436631652e+01
3.3240774221e-04 4.3822424310e-05 1.4252732043e+01
2.9023356429e-04 4.9106175065e-05 1.5407287491e+01
2.8614833976e-04 4.8467442599e-05 1.5534658459e+01
2.8280833701e-04 5.1485032313e-05 1.5498969187e+01
2.8205005072e-04 4.7813006798e-05 1.5661429851e+01
2.7871546393e-04 5.0805088178e-05 1.5619172233e+01
2.7793981440e-04 4.7141369456e-05 1.5789087115e+01
-4.7159260808e-05 1.1122323865e-04 3.3574768070e+01
-5.2538830342e-05 1.1113065605e-04 3.3363476263e+01
2.5230102836e-04 9.9532140269e-05 1.4602690625e+01
2.7670764516e-04 8.2864305377e-05 1.4611161038e+01
2.5731500181e-04 8.2474034363e-05 1.4954435975e+01
2.6132732987e-04 8.3334952835e-05 1.4867825797e+01
-5.7929018588e-05 1.1107319907e-04 3.3198252869e+01
2.9851036695e-04 1.0219409525e-04 1.3433649575e+01
-2.2393963769e-04 4.5478595294e-05 3.9266174932e+01
9.8976544184e-05 1.1318816869e-04 2.2675066771e+01
7.4411197396e-05 1.0524244949e-04 2.2069533377e+01
7.4788203747e-05 1.0803962550e-04 2.1972870119e+01
4.1637344124e-05 9.6397091968e-05 2.2216650632e+01
-2.5589966603e-04 6.3858880549e-05 3.6676550706e+01
-1.7229175249e-04 6.9175155844e-05 3.8177056227e+01
7.8037570681e-05 1.3680202243e-04 2.1877793381e+01
7.4912452725e-05 1.3794177584e-04 2.1118202084e+01
-1.2244156198e-04 5.4344856934e-05 4.2078549637e+01
8.6459424448e-05 1.1045179427e-04 2.2315350646e+01
8.3699564069e-05 1.1204581795e-04 2.2171319689e+01
-1.0710645320e-04 1.0780580960e-04 3.3332897267e+01
-1.2334479448e-04 1.0859791842e-04 3.3493502321e+01
2.0775585237e-04 4.8189416938e-05 1.7079157733e+01
2.0382518547e-04 4.7594337995e-05 1.7088991173e+01
2.1169481982e-04 4.8780924953e-05 1.7027168199e+01
2.7998960215e-04 1.0571411887e-04 1.3853009185e+01
-1.2266666221e-04 7.4600277258e-05 3.7942875462e+01
-1.8611951954e-04 3.4674337119e-05 4.3806700585e+01
-1.9385199990e-04 7.7095160255e-05 3.6906107991e+01
-1.9656223356e-04 7.7404793767e-05 3.6859462059e+01
3.2961398631e-04 5.1006293132e-05 1.4124972014e+01
-1.4386844806e-04 4.2479077338e-05 4.4072572017e+01
1.6221554025e-04 8.1877920044e-05 1.7053063640e+01
-1.5043910482e-04 7.1858904245e-05 3.8041672502e+01
-1.4747745686e-04 7.1721199204e-05 3.8105340526e+01
1.4897110539e-04 8.7678257998e-05 1.7048353011e+01
-2.4048412065e-04 3.3235045942e-05 3.7852809491e+01
3.1433057273e-04 3.0856818905e-05 1.5427059248e+01
2.3715389626e-04 7.7928097976e-05 1.5438596458e+01
1.8089885610e-04 1.4548714093e-04 1.4769441771e+01
-2.9488867023e-04 1.2656537175e-05 1.7082221239e+01
-2.9870826413e-04 1.0920461187e-05 1.7073408666e+01
-3.0204851902e-04 1.1193515090e-05 1.7053176897e+01
-1.9244878505e-04 5.1097975877e-05 4.0533403222e+01
-1.9182316223e-04 4.9195852576e-05 4.0877855424e+01
2.0309916686e-04 6.2739306802e-05 1.7038858015e+01
3.0171097182e-04 4.7222748781e-05 1.5168291702e+01
-1.5165988275e-04 8.7781025502e-05 3.5682252578e+01
-1.5444702465e-04 8.7975847285e-05 3.5666540774e+01
-1.6703730429e-04 3.0986470345e-05 4.5583848208e+01
-3.1058577400e-04 2.2719094170e-05 1.7118100068e+01
-2.1401150696e-04 7.3311534207e-05 3.7124213292e+01
-2.2092014824e-04 3.0415188078e-05 4.1357655678e+01
-1.8832191976e-04 6.6353535179e-05 3.8319457828e+01
1.9913248192e-04 6.1875189864e-05 1.7052635641e+01
-2.7555664862e-04 4.5375363623e-05 2.9376355791e+01
2.7461117173e-04 5.0107947514e-05 1.5740635964e+01
2.7381867137e-04 4.6451618179e-05 1.5907175475e+01
2.7537814889e-04 5.3779068640e-05 1.5576070509e+01
3.0117079310e-04 2.5829193530e-05 1.6089786363e+01
-1.9807127158e-04 3.1505755826e-05 4.3543636634e+01
-3.4553625135e-04 1.1563921062e-05 1.7072235685e+01
-3.4920378876e-04 1.2103274059e-05 1.7012999168e+01
-3.4188006853e-04 1.1025660579e-05 1.7104230788e+01
-1.3200258519e-04 9.2658695382e-05 3.5033621842e+01
-1.2919917672e-04 9.2512284294e-05 3.5046365498e+01
1.3254606318e-04 1.2904387206e-04 1.7137998595e+01
1.3604687057e-04 1.3067432255e-04 1.7131332349e+01
-2.9377446871e-04 2.6242511950e-05 1.7124787823e+01
9.3433856234e-05 1.2300730554e-04 2.2429080851e+01
1.4411298578e-04 1.0254229139e-04 1.7041495884e+01
1.4048553984e-04 1.0121436587e-04 1.7042961064e+01
2.4832210168e-04 9.8603428223e-05 1.4688215212e+01
-2.1946933559e-04 5.5069020803e-05 3.8659599058e+01
-2.1694294236e-04 5.6843837597e-05 3.8611066930e+01
-2.5748589645e-04 4.5558097045e-05 3.4523164632e+01
2.9536903410e-04 3.5648270940e-05 1.5805867606e+01
1.2684493437e-04 9.9499917124e-05 1.7203471578e+01
9.9733602079e-05 9.5721782325e-05 2.2749064632e+01
1.0315207037e-04 9.6952992844e-05 2.2788292701e+01
3.0447518106e-04 2.2698440937e-05 1.6121666720e+01
-1.7891327915e-04 1.6590009870e-05 4.7682410100e+01
-1.7518363259e-04 1.6573475527e-05 4.7933111498e+01
-2.1502503982e-04 1.5242775260e-05 4.4351239240e+01
-1.7143387119e-04 5.2029268236e-05 4.1181578911e+01
-1.7456823032e-04 5.2148678771e-05 4.1051172533e+01
3.5564477858e-04 1.9285183682e-05 1.2835767922e+01
-2.4986008447e-04 1.0810344381e-05 3.6972411769e+01
6.7340751884e-05 1.1254705024e-04 2.1492845521e+01
9.9289729027e-05 1.1644363892e-04 2.2602521399e+01
1.8477152475e-04 6.5116399625e-05 1.7056256489e+01
1.6155284605e-04 1.3817237298e-04 1.6851414470e+01
1.6521093428e-04 1.3592531223e-04 1.6371749363e+01
1.2909796683e-04 1.2741716929e-04 1.7136054299e+01
1.9400281434e-04 5.4742621706e-05 1.7009403866e+01
1.3557832773e-04 8.9859824497e-05 1.7057502032e+01
-1.7549641392e-04 2.7784014327e-05 4.5776131556e+01
-3.0673993998e-04 7.3755300297e-06 1.7089121000e+01
-3.1028418587e-04 7.5741520204e-06 1.7038600631e+01
-2.8957958548e-04 4.0275817695e-05 1.7282566224e+01
-2.8727636741e-04 3.9358367629e-05 1.8527028374e+01
-1.6285197515e-04 5.3556801706e-05 4.1161984724e+01
-1.6060466491e-04 5.5312242102e-05 4.0884576403e+01
-1.6512464579e-04 5.1811804633e-05 4.1432732173e+01
-1.6149249579e-04 5.7188763143e-05 4.0497366346e+01
2.2720322543e-04 1.4465216328e-04 1.3738249361e+01
-2.9110274593e-04 2.5576163927e-05 1.7108599054e+01
-2.4929107490e-04 4.8506886222e-05 3.6203537756e+01
2.5328834042e-04 1.3660976559e-04 1.3419243467e+01
2.5678385663e-04 1.3377026587e-04 1.3443810386e+01
-3.2049614979e-04 1.6317935419e-05 1.7062325234e+01
-3.2178582191e-04 1.3708769785e-05 1.7050144863e+01
-3.1906112486e-04 4.6577682659e-05 1.7358649729e+01
-3.2125066995e-04 4.3570917376e-05 1.7196701683e+01
1.0230517422e-04 1.4868930638e-04 1.8848747875e+01
9.9156986868e-05 1.4697524004e-04 1.9156884115e+01
-3.2325036261e-04 4.5597858671e-05 1.7242292987e+01
-3.3640353474e-04 3.8792993934e-05 1.5604085185e+01
-2.7671460361e-04 6.4093852860e-05 3.6658068085e+01
1.0548647751e-04 1.5038083314e-04 1.8541496044e+01
2.2361263738e-04 1.4735304038e-04 1.3700800845e+01
-1.4118090453e-04 1.0769996567e-04 3.3840441237e+01
-1.4297837626e-04 1.0573693860e-04 3.3971359968e+01
2.7506680284e-04 1.2698719188e-04 1.3196212316e+01
3.2728620669e-04 9.2974913471e-05 1.2702370071e+01
3.3069699136e-04 8.9890791366e-05 1.2675960084e+01
2.0069699512e-04 1.5184187784e-04 1.4009832336e+01
2.9757407272e-05 1.2613058074e-04 4.6706224705e+01
-1.7893715792e-04 9.8694603444e-05 3.4969668590e+01
-1.9072746985e-04 9.5941825788e-05 3.5313653264e+01
4.3268429181e-05 1.2805229761e-04 4.8627281860e+01
-2.9143696492e-04 5.8114443768e-05 3.4099667944e+01
-2.9410327201e-04 5.6904874347e-05 3.3011725983e+01
-1.5545575021e-04 1.0474128904e-04 3.4239126382e+01
-1.5279837041e-04 1.0450658592e-04 3.4205033410e+01
5.8538572305e-05 1.3320081655e-04 3.5805689964e+01
-3.1066916391e-04 5.0658212677e-05 1.6475505039e+01
-3.0776683910e-04 5.1434627300e-05 1.9697411626e+01
-1.1026931212e-04 1.1426066755e-04 3.3031656189e+01
-1.0759527964e-04 1.1415284817e-04 3.2987786646e+01
7.4312357205e-05 1.4131184938e-04 2.1660393501e+01
7.1807280326e-05 1.3892980234e-04 1.9073198267e+01
7.2379739963e-05 1.3578462468e-04 1.9744804971e+01
6.9472060764e-05 1.3673511356e-04 1.9480614747e+01
3.3007184489e-04 1.0702899853e-05 1.6121660501e+01
-2.4615744739e-04 7.7918427010e-05 3.7280316706e+01
-2.4845616120e-04 7.6196726109e-05 3.7332980364e+01
3.2395926510e-04 9.6142850974e-05 1.2717315781e+01
3.6902973386e-04 4.0883495697e-05 1.2074820484e+01
-1.2431995597e-04 1.1074433836e-04 3.3406275203e+01
-1.2164078705e-04 1.1058803847e-04 3.3366698671e+01
3.3415643073e-04 1.0922376415e-05 1.5885335702e+01
3.5970210142e-04 5.5769002548e-05 1.2395979329e+01
3.5645782047e-04 5.9223367435e-05 1.2488261032e+01
3.6293326654e-04 5.2281010846e-05 1.2286704496e+01
3.7223592713e-04 3.7235678537e-05 1.1857831450e+01
-2.3026039113e-04 5.2156393521e-05 3.8191422373e+01
-2.2746400229e-04 5.1838244861e-05 3.8425872703e+01
-2.9257593676e-04 4.9706189609e-06 1.7064965622e+01
-1.6486648795e-04 2.7675029783e-05 4.6365143582e+01
-1.5417072434e-04 2.7579782371e-05 4.6875173411e+01
-1.2686113863e-04 5.6211706975e-05 4.1570502250e+01
3.6210845266e-04 1.1861790507e-05 1.1116008461e+01
3.5816549751e-04 1.1797118523e-05 1.1908468292e+01
3.6601393920e-04 1.1973748681e-05 1.0376639086e+01
1.1252704488e-04 1.2288365227e-04 1.6931921542e+01
1.0611648589e-04 1.2306433012e-04 1.9267318863e+01
1.3762786912e-04 8.1210291947e-05 1.8147842813e+01
3.4630707533e-04 1.1355118510e-05 1.4319114466e+01
8.7008716420e-05 1.1656714463e-04 2.2229152409e+01
3.1763798173e-04 9.8922955689e-06 1.6948229808e+01
3.1355836285e-04 9.5942491711e-06 1.7050171590e+01
3.1020939404e-04 1.2801844811e-05 1.7153559504e+01
3.0947652459e-04 9.4269020326e-06 1.6962004694e+01
-7.6331116378e-05 9.2923436167e-05 3.5522205445e+01
-8.0752565473e-05 9.1003548639e-05 3.5743710916e+01
2.9331376056e-04 9.1778844258e-06 1.7328901131e+01
2.8929838992e-04 9.1770389402e-06 1.7251460185e+01
2.9731064950e-04 9.2513042907e-06 1.7295588639e+01
4.3415309427e-05 7.7424029242e-05 2.2521194706e+01
-7.4820599413e-05 9.4888712841e-05 3.5230366142e+01
5.4307063896e-05 1.3061267400e-04 4.1477593682e+01
2.6947766541e-04 8.6267924480e-06 2.0569221643e+01
2.6551412638e-04 8.4368784530e-06 2.0930042150e+01
2.7657045634e-04 1.0868340826e-04 1.3843037158e+01
2.3077572982e-04 1.4192995665e-04 1.3770678699e+01
2.3036241777e-04 1.3814565767e-04 1.3933833524e+01
1.8525664128e-04 1.1009640399e-04 1.6038053048e+01
-1.2864277702e-04 7.4800466976e-05 3.7816637157e+01
-3.6655917163e-04 1.1083521566e-05 1.3959565982e+01
2.2099387951e-04 9.5392247526e-05 1.5229793010e+01
2.1106601098e-04 4.5786129154e-05 1.7080293081e+01
1.8867357207e-04 1.0759171626e-04 1.5949248107e+01
3.0531766343e-04 2.6304382824e-05 1.5947184318e+01
1.8182716194e-04 1.1257636899e-04 1.6129292941e+01
-2.7921957061e-04 6.2593077848e-05 3.6238568527e+01
-1.3146631725e-04 6.9201327482e-05 3.8819000565e+01
-2.7121645928e-04 4.1724947882e-05 2.9711741998e+01
-1.2064965806e-04 1.0844731771e-04 3.3460807318e+01
2.4841445437e-04 1.2802389002e-04 1.3880613484e+01
3.0865070164e-04 9.2937235745e-05 1.3434859238e+01
1.8882916628e-04 8.6270373687e-05 1.7001172251e+01
-9.8937050311e-05 1.0750672100e-04 3.3292415744e+01
-1.1895631507e-04 1.1043960089e-04 3.3328589543e+01
-2.3875254322e-04 6.6616277600e-05 3.7226998125e+01
-2.3632299598e-04 6.8382226373e-05 3.7218545542e+01
-2.2690092620e-04 4.5724840942e-05 3.8960708395e+01
-1.8230660699e-04 9.2673799083e-05 3.5416892939e+01
-3.0772684391e-04 2.1933288627e-05 1.7113042140e+01
-1.4886240007e-04 8.7594914592e-05 3.5699511822e+01
-1.4693461668e-04 8.9495215165e-05 3.5461668171e+01
2.8009440548e-04 7.9874810086e-05 1.4629688072e+01
2.8407226877e-04 8.0647285531e-05 1.4523762795e+01
2.8347771848e-04 7.6867334445e-05 1.4648081733e+01
2.8745694355e-04 7.7619454162e-05 1.4539016263e+01
1.4778013316e-04 1.0389361572e-04 1.7038833694e+01
3.2625832530e-04 5.4316781580e-05 1.4145380669e+01
1.0232358507e-04 1.1473329515e-04 2.3033827116e+01
-3.2339000235e-04 3.5567286917e-05 1.7080715465e+01
2.8883359368e-05 9.5495844769e-05 2.9386283117e+01
6.0648785197e-05 1.0240368724e-04 2.1974506063e+01
7.7359521369e-05 1.0646883371e-04 2.2107678549e+01
7.7714478362e-05 1.0932183792e-04 2.2019133156e+01
7.5121334219e-05 1.1086072787e-04 2.1857834817e+01
-2.9561825327e-04 3.7489498084e-05 1.7145839846e+01
-2.6191192632e-04 2.5336572670e-05 3.1308061281e+01
-2.5878253158e-04 2.7002848090e-05 3.2669433101e+01
-1.6188084597e-04 1.0107242385e-04 3.4554187368e+01
-2.0925907854e-04 4.6367626428e-05 4.0328044311e+01
3.3016864072e-04 8.5798605179e-05 1.2859893013e+01
3.3402530877e-04 8.6700202795e-05 1.2651396098e+01
-2.8250772409e-04 3.7715551282e-05 2.1678296418e+01
-2.8193883717e-04 3.9985424206e-05 2.3341822253e+01
-1.3743823074e-04 5.2858158617e-05 4.2022119059e+01
-1.3533515801e-04 5.4599135204e-05 4.1705892538e+01
-1.3853999804e-04 5.4672141020e-05 4.1608513589e+01
-1.4173655976e-04 5.4749202921e-05 4.1509580683e+01
6.9969755866e-05 1.3377758357e-04 1.9789681433e+01
6.7261274642e-05 1.3473632535e-04 1.3660205640e+01
6.6698214090e-05 1.3753062837e-04 9.1467809030e+00
-1.8494095387e-04 9.2998635307e-05 3.5423444849e+01
2.0022436433e-04 8.6078168201e-05 1.6456982355e+01
-6.0192954561e-05 5.3881257102e-05 4.2894585702e+01
8.9968737230e-05 1.4158522129e-04 1.9907964737e+01
8.9566607484e-05 1.4497513118e-04 2.0039917593e+01
8.6093941090e-05 1.4644626993e-04 2.0277207564e+01
-2.3125765680e-04 6.7388128901e-05 3.7326227852e+01
-2.2885284703e-04 6.9174236576e-05 3.7265373435e+01
-2.3140019480e-04 6.9653223690e-05 3.7213197337e+01
1.6829881327e-04 1.2600735959e-04 1.6731402669e+01
-1.7643223867e-04 8.1566981652e-05 3.6452877899e+01
1.9644201676e-04 1.4685642690e-04 1.4340458318e+01
1.2335622059e-04 9.8235504116e-05 1.8690328632e+01
-1.6645100146e-04 9.9414121341e-05 3.4730102167e+01
-1.6909901932e-04 9.9694068287e-05 3.4753386643e+01
-1.6717415254e-04 1.0161741880e-04 3.4608903539e+01
-1.6980491555e-04 1.0190686675e-04 3.4638247744e+01
-2.2627792905e-04 6.8719687848e-05 3.7328103035e+01
-2.0870195472e-04 7.2567861768e-05 3.7248367014e+01
-2.0907971335e-04 7.4756326440e-05 3.7038799150e+01
-2.0641780963e-04 7.4395755748e-05 3.7094904199e+01
-1.1920159714e-04 5.4290142673e-05 4.2166902335e+01
-2.4568602418e-04 2.2514284386e-05 3.7276039911e+01
-2.4265043066e-04 2.4159990677e-05 3.7972309495e+01
1.2852338256e-04 1.1667404210e-04 1.7065435732e+01
-8.7309363449e-05 1.1546995158e-04 3.2635546843e+01
-1.3188160717e-04 8.6640899429e-05 3.5841122419e+01
-2.7455296787e-04 3.7898598836e-05 2.6885586680e+01
-3.1270973523e-04 3.6997140827e-05 1.7215892956e+01
3.0943682800e-04 7.0446996227e-05 1.4182427035e+01
-1.7784507106e-04 4.4984648257e-05 4.2275832137e+01
8.3380461924e-05 1.0907342004e-04 2.2231505066e+01
1.3599823840e-04 1.4865421465e-04 1.7266159605e+01
1.3242782166e-04 1.5042838197e-04 1.7301423068e+01
1.3584789439e-04 1.5217993401e-04 1.7315192929e+01
1.3225118045e-04 1.5389260653e-04 1.7359203511e+01
1.2888736898e-04 1.5214622368e-04 1.7306647583e+01
1.3564783225e-04 1.5567155554e-04 1.7408208367e+01
-1.3853057587e-04 7.1346941867e-05 3.8300967168e+01
3.4183856682e-04 2.9746305621e-05 1.4212979666e+01
3.4244150521e-04 3.3562896218e-05 1.4054985149e+01
3.3910257584e-04 3.7022271047e-05 1.4150473381e+01
2.5717964117e-04 2.5122505325e-05 1.8134851832e+01
-2.1632945984e-04 7.1494322356e-05 3.7254349585e+01
3.0527682558e-04 9.6042677099e-05 1.3436521462e+01
2.2975877412e-04 7.9716105262e-05 1.5545942664e+01
-1.9947412551e-04 9.0695327278e-05 3.5750318892e+01
-1.9995991698e-04 9.2967363802e-05 3.5619610867e+01
-1.7671396962e-04 6.5538073121e-05 3.8671582603e+01
2.5600089114e-04 7.4990937698e-05 1.5192126942e+01
-1.9878394532e-04 7.5561987951e-05 3.7038505029e+01
-1.9925440762e-04 7.7729266000e-05 3.6814190962e+01
1.5366701572e-04 1.2754220358e-04 1.7022402455e+01
1.5388435059e-04 1.3129275233e-04 1.7023242301e+01
1.5018020571e-04 1.2972302464e-04 1.7043034804e+01
1.5035067877e-04 1.3345309064e-04 1.7042960216e+01
-1.4139700553e-04 8.3150346927e-05 3.6315373650e+01
-1.5199592406e-04 1.0228176881e-04 3.4322895174e+01
-1.5014520517e-04 1.0422875665e-04 3.4175528440e+01
-1.6808911327e-04 8.0865484509e-05 3.6551422569e+01
-1.6881449852e-04 8.2960260514e-05 3.6290583531e+01
-1.6676861285e-04 8.4838372365e-05 3.6066120592e+01
-1.6399371576e-04 8.4615295810e-05 3.6088480493e+01
1.3931214026e-04 1.5396028446e-04 1.7307317381e+01
-1.4565060809e-04 1.0594911466e-04 3.4005537014e+01
-1.6054559143e-04 6.8498621770e-05 3.8468314165e+01
1.9021416512e-04 9.3739503824e-05 1.6793250693e+01
1.9355750850e-04 9.1205689418e-05 1.6629018473e+01
1.9423049841e-04 9.4964057035e-05 1.6302806569e+01
-1.4654330224e-04 6.9762228481e-05 3.8465434107e+01
-1.4450575192e-04 7.1590058223e-05 3.8169751728e+01
1.8484060387e-04 8.5094389178e-05 1.7000191259e+01
2.0284496149e-04 1.0112873262e-04 1.5564012027e+01
2.4399596572e-04 1.2323903289e-04 1.4136612954e+01
-1.0166294345e-04 1.0759951215e-04 3.3302296369e+01
9.2983843444e-05 1.4343634078e-04 1.9686488433e+01
9.2601996482e-05 1.4680361586e-04 1.9793555107e+01
1.3296585573e-04 9.5302969748e-05 1.6919769031e+01
2.6523755634e-04 1.0985970870e-04 1.4079065886e+01
-2.6496825859e-04 2.5619607678e-05 2.9860150936e+01
-2.6796293188e-04 2.5933413256e-05 2.8298829099e+01
1.9487943278e-04 1.2789150511e-04 1.5006441919e+01
-6.3488224649e-05 5.3872211808e-05 4.2936280832e+01
-6.6783232569e-05 5.3867598170e-05 4.2962281994e+01
-6.3490041416e-05 5.7379116345e-05 4.2271191813e+01
-7.0077626168e-05 5.3867232548e-05 4.2974103737e+01
2.1420578121e-04 1.0077138348e-04 1.5231470636e+01
-2.1895285419e-04 7.1897623773e-05 3.7190817804e+01
-1.8405071625e-04 8.0226656117e-05 3.6595954139e+01
3.7128423175e-04 2.4367737378e-05 1.1404503421e+01
3.7487119429e-04 2.4806640060e-05 1.1191439342e+01
3.7455531737e-04 2.0532678794e-05 1.0718995983e+01
3.7812385405e-04 2.0947480370e-05 1.0570314124e+01
3.7786896747e-04 1.6620424672e-05 9.7918082273e+00
3.7837121734e-04 2.5344993967e-05 1.1048589023e+01
3.8139967547e-04 1.7029211070e-05 9.7434962401e+00
-8.2542608529e-05 1.0709407707e-04 3.3327266290e+01
-2.7113891053e-04 2.4289290329e-05 2.6333553360e+01
3.5895655159e-04 4.7406345056e-05 1.2655203447e+01
2.0709952769e-04 6.3642538622e-05 1.7023107487e+01
1.8152507165e-04 6.7538714261e-05 1.7057108312e+01
-4.9156232321e-05 3.0510666522e-05 4.6863246024e+01
-4.7272668261e-05 2.8917445656e-05 4.7046303215e+01
2.5681439686e-04 1.0424151537e-04 1.4407465823e+01
1.6908178256e-04 1.3742032175e-04 1.5812423799e+01
-1.0363483767e-04 5.9404500286e-05 4.1402854549e+01
-1.0551369468e-04 5.7643387878e-05 4.1741985405e+01
-1.0229181008e-04 5.7601108269e-05 4.1816844536e+01
-1.0281296200e-04 5.4070214037e-05 4.2569754110e+01
-9.9542459515e-05 5.4037612635e-05 4.2638913289e+01
-9.7677647295e-05 5.5776533420e-05 4.2297872421e+01
-7.3371064184e-05 5.3870929695e-05 4.2973140577e+01
-7.4941513688e-05 5.5623642636e-05 4.2614969569e+01
-7.8211025357e-05 5.5633849496e-05 4.2592583420e+01
-7.3242283155e-05 5.7379808957e-05 4.2271035232e+01
-7.9953713188e-05 5.3889901616e-05 4.2937893125e+01
-2.1233563801e-04 6.2512739099e-05 3.8197761035e+01
-1.9402369781e-04 6.6827817858e-05 3.8140660815e+01
2.6461386841e-04 5.8903487770e-05 1.5595933217e+01
-2.0435049252e-04 6.3730472338e-05 3.8292265931e+01
1.6338507587e-04 8.8847130106e-05 1.7034058202e+01
-1.8263551591e-04 1.6607508562e-05 4.7416185890e+01
3.5590307350e-05 7.8086755204e-05 2.2578748473e+01
3.2749608396e-05 7.7595231709e-05 2.2396563101e+01
2.9919053493e-05 7.7128297320e-05 2.3215909860e+01
2.7933740803e-05 7.8847537507e-05 2.5011734049e+01
2.5090528797e-05 7.8414058638e-05 2.6599493813e+01
2.4212035466e-05 7.6279723076e-05 2.6838791064e+01
2.2228227634e-05 7.8008336013e-05 2.8117034315e+01
2.1328291804e-05 7.5894213107e-05 2.8342108664e+01
1.9348148012e-05 7.7628864670e-05 2.9473389506e+01
1.8425870549e-05 7.5535270947e-05 2.9695459406e+01
1.6451427891e-05 7.7274710151e-05 3.0703957606e+01
1.5506730608e-05 7.5199484222e-05 3.0920807143e+01
1.2572195832e-05 7.4885331056e-05 3.2027485570e+01
9.6227552813e-06 7.4594190866e-05 3.3024892339e+01
6.6600591805e-06 7.4322855295e-05 3.3921360268e+01
4.7212993928e-06 7.6083921169e-05 3.4513605529e+01
1.7579544120e-06 7.5836967633e-05 3.5230012873e+01
-1.2159813645e-06 7.5608501363e-05 3.5866626403e+01
-4.1995830357e-06 7.5397261987e-05 3.6429865373e+01
-7.1921080128e-06 7.5202243782e-05 3.6925779324e+01
-1.0192926977e-05 7.5022971590e-05 3.7360047480e+01
-1.3201286930e-05 7.4858338237e-05 3.7737961011e+01
-1.6216528086e-05 7.4707465614e-05 3.8064484557e+01
-1.7414466687e-05 7.2770224224e-05 3.8299988883e+01
-1.9238115045e-05 7.4569973729e-05 3.8344251330e+01
-2.0458909259e-05 7.2640994610e-05 3.8585198676e+01
-2.2265469498e-05 7.4444872920e-05 3.8581601401e+01
-2.3508868178e-05 7.2522832990e-05 3.8828278894e+01
-2.6564106495e-05 7.2417346456e-05 3.9032978158e+01
-2.9623822471e-05 7.2322029316e-05 3.9203139530e+01
-3.2687508237e-05 7.2236013371e-05 3.9342222419e+01
-3.5754931212e-05 7.2160942378e-05 3.9453111425e+01
-3.8825427725e-05 7.2094465361e-05 3.9538941819e+01
-4.1898565776e-05 7.2035822544e-05 3.9602448787e+01
-4.3575317469e-05 7.3866648687e-05 3.9359325117e+01
-4.4974093496e-05 7.1986692588e-05 3.9645782733e+01
-4.6631115469e-05 7.3820435813e-05 3.9379930569e+01
-4.8051465296e-05 7.1944868244e-05 3.9671468451e+01
-4.9688599325e-05 7.3781923297e-05 3.9385153170e+01
-5.1130305889e-05 7.1909689496e-05 3.9681628521e+01
-5.4210330308e-05 7.1882861574e-05 3.9677807160e+01
-5.7291093087e-05 7.1862306551e-05 3.9662017223e+01
-6.0372260973e-05 7.1847467826e-05 3.9635874399e+01
-6.3453506334e-05 7.1840057303e-05 3.9600437658e+01
-6.6534467961e-05 7.1838134741e-05 3.9557296482e+01
-6.9614824076e-05 7.1841883494e-05 3.9507534738e+01
-7.2694245076e-05 7.1851134150e-05 3.9452184438e+01
-7.5772403001e-05 7.1865761225e-05 3.9392177159e+01
-7.8848977508e-05 7.1885571603e-05 3.9328349429e+01
-8.1923690313e-05 7.1909827740e-05 3.9261569988e+01
-8.4996098735e-05 7.1940206505e-05 3.9192146347e+01
-8.6381803856e-05 7.3818135541e-05 3.8792329443e+01
-8.8065989150e-05 7.1975007523e-05 3.9120979395e+01
-8.9429908796e-05 7.3856614985e-05 3.8719382073e+01
-9.1133026251e-05 7.2014530581e-05 3.9048510285e+01
-9.2475044339e-05 7.3899960095e-05 3.8645897783e+01
-9.4194878332e-05 7.2058602536e-05 3.8975252567e+01
-9.5510211158e-05 7.3950694482e-05 3.8571891017e+01
3.4787152648e-05 7.5875042412e-05 2.2614551837e+01
2.6218516457e-05 7.4553563805e-05 2.5544650091e+01
8.6266448634e-06 7.2569928671e-05 3.3276384611e+01
-3.6821926715e-07 7.1853771081e-05 3.5684497693e+01
-9.4581882359e-06 7.1287195304e-05 3.7391052939e+01
-4.6383284162e-05 7.0119848029e-05 3.9940454533e+01
-5.5684076480e-05 7.0027538869e-05 3.9985047701e+01
-7.7390569455e-05 7.0027725712e-05 3.9719178347e+01
-8.1686726430e-05 7.5640806907e-05 3.8539202298e+01
-6.0422821555e-05 7.5569871863e-05 3.8980096072e+01
-5.1304748471e-05 7.5632297868e-05 3.9082404969e+01
-4.2196785964e-05 7.5761056153e-05 3.9081355717e+01
-3.3108854777e-05 7.5966392173e-05 3.8924522378e+01
-2.4051894567e-05 7.6261134281e-05 3.8543061218e+01
2.7989234471e-06 7.7854535299e-05 3.5052017778e+01
1.1585925278e-05 7.8696579511e-05 3.2648925918e+01
2.8778785945e-05 8.1023909704e-05 2.4879936844e+01
-1.3479884880e-04 9.2812138781e-05 3.5023250474e+01
3.2720315602e-04 3.5825110541e-05 1.4768482894e+01
-2.2276453404e-04 5.9585594769e-05 3.8093357085e+01
-8.0520962674e-05 9.4951725624e-05 3.5088297792e+01
4.7069804002e-05 8.0325388274e-05 2.2484817196e+01
4.9968880198e-05 8.0958597467e-05 2.2471918528e+01
-1.1619651300e-04 6.8770636664e-05 3.9188864333e+01
-1.8604948659e-04 2.7917955908e-05 4.5088041018e+01
-3.0952635659e-04 9.6652768721e-06 1.7033435756e+01
-3.1380408404e-04 7.7948098518e-06 1.7004675327e+01
-1.1794356938e-04 5.2504998634e-05 4.2585785012e+01
-1.1595656958e-04 5.4239129654e-05 4.2252885812e+01
-1.1465670053e-04 5.2464875291e-05 4.2670084947e+01
-1.8023011487e-04 3.6268681676e-05 4.3843109768e+01
-5.4532249752e-05 2.8887779830e-05 4.7459299662e+01
-5.2663512140e-05 2.7305004855e-05 4.7666315921e+01
-1.0655430920e-04 9.1581449467e-05 3.5248882532e+01
-1.0370125813e-04 9.1493398331e-05 3.5288723806e+01
2.1520860257e-04 6.5562870120e-05 1.7050866030e+01
-2.0073379341e-04 2.9854765461e-05 4.3608093542e+01
-8.3242277251e-05 5.3904896274e-05 4.2905865721e+01
-8.6528556941e-05 5.3923448997e-05 4.2865567661e+01
-8.2982670866e-05 5.7418519281e-05 4.2177617183e+01
-8.9791631541e-05 5.3954023650e-05 4.2816358744e+01
2.5309150403e-04 6.0163508156e-05 1.5779895762e+01
-1.7144522453e-04 7.4020633638e-06 4.9774141506e+01
-1.7398683730e-04 5.9153655570e-06 4.9845423879e+01
-1.7789838272e-04 5.9151063919e-06 4.9566341579e+01
2.3850910866e-04 8.5407835371e-05 1.5174175175e+01
-2.8778448282e-04 2.7189381772e-05 1.7168299888e+01
2.7254677222e-04 2.3198617302e-05 1.7373850649e+01
2.4545018906e-04 1.0522606267e-04 1.4579413087e+01
-1.8159074646e-04 7.1830581006e-05 3.7661197880e+01
2.2672941888e-04 6.4874986601e-05 1.6271670461e+01
2.5904165457e-04 3.3974939812e-05 1.7038905356e+01
1.7505691921e-04 7.2366644383e-05 1.7056959514e+01
2.7348652693e-04 8.7769394365e-06 2.0025013821e+01
-1.4354677590e-04 6.9638377590e-05 3.8534879170e+01
-2.4703393418e-04 4.5172898307e-06 3.8476203564e+01
-1.8773030550e-04 3.8185185143e-05 4.3051877556e+01
-2.4893915019e-04 5.5108063200e-05 3.6556301590e+01
-2.9646595095e-04 2.6971557446e-05 1.7129065985e+01
2.6992294328e-04 8.8790708804e-05 1.4575026516e+01
3.3349105260e-04 8.2578199076e-05 1.2835821613e+01
3.3724038761e-04 8.3365345764e-05 1.2632084033e+01
3.3677957930e-04 7.9303575684e-05 1.2809270676e+01
3.4051658947e-04 8.0086662477e-05 1.2601453053e+01
2.4310743277e-04 6.8632807067e-05 1.5654999252e+01
-3.4177857772e-04 1.7974876025e-05 1.6992343597e+01
2.6198595541e-04 1.1190645081e-05 2.0456270748e+01
2.6140186180e-04 8.3136278501e-06 2.0960367604e+01
2.5791372977e-04 1.0986561821e-05 2.0455273457e+01
2.5732148324e-04 8.1264759306e-06 2.0904758047e+01
2.5385714395e-04 1.0765527581e-05 2.0402490664e+01
2.5337083755e-04 7.9010853170e-06 2.0877182247e+01
5.0685338684e-05 8.3337816283e-05 2.2444936347e+01
5.2884774076e-05 8.1621980781e-05 2.2461188713e+01
5.2181412745e-05 7.9235016425e-05 2.2485933265e+01
5.3585297503e-05 8.4033411093e-05 2.2431937931e+01
2.7683867592e-04 6.1164520018e-05 1.5275364657e+01
-1.0084417448e-04 9.1411347729e-05 3.5332191900e+01
-9.9180954566e-05 9.3348428092e-05 3.5050328667e+01
-1.2232486903e-04 6.8928446315e-05 3.9039171436e+01
3.2588683141e-04 1.0497284498e-05 1.6404848358e+01
-2.3591957640e-04 5.7189430682e-05 3.7561670347e+01
-1.9166177170e-04 7.8944997132e-05 3.6717117009e+01
5.6502765186e-05 8.4761694702e-05 2.2420871891e+01
5.8773128471e-05 8.3043247326e-05 2.2445205501e+01
6.1747320072e-05 8.3803154286e-05 2.2441940087e+01
6.2396406564e-05 8.6320198851e-05 2.2408564975e+01
6.4743694980e-05 8.4597025832e-05 2.2442346664e+01
-2.9910175736e-04 4.2140853015e-05 1.7273202659e+01
3.1314102947e-04 4.5151309930e-05 1.4907566015e+01
5.5153908826e-05 1.0048373640e-04 2.2044511908e+01
-9.6336202122e-05 9.3273868856e-05 3.5094551087e+01
-2.3315781940e-04 5.4630575955e-05 3.7843211675e+01
-1.9853791966e-04 5.1438824205e-05 4.0198666311e+01
2.4983706540e-04 1.0532337436e-05 2.0364104312e+01
2.4930990082e-04 7.7594307066e-06 2.0834708042e+01
2.4581482477e-04 1.0310072785e-05 2.0324477145e+01
2.4522312515e-04 7.6046433478e-06 2.0781563604e+01
6.5375929197e-05 8.7152024833e-05 2.2408406508e+01
7.0811096844e-05 8.6287861470e-05 2.2456504357e+01
-1.9491268097e-04 4.9347019053e-05 4.0704580082e+01
1.7918775912e-05 9.3563210907e-05 3.3012980779e+01
-1.5709582020e-04 6.0742153443e-05 3.9930257333e+01
7.1410913904e-05 8.8924726590e-05 2.2422520906e+01
7.3885643298e-05 8.7187445223e-05 2.2470598702e+01
7.3277655337e-05 8.4536268158e-05 2.2497899759e+01
4.9717301141e-05 9.8733806500e-05 2.2086759651e+01
4.7014710755e-05 9.7917983284e-05 2.2216248644e+01
2.4179667915e-04 1.0088294120e-05 2.0298679433e+01
2.4121408217e-04 7.4284950199e-06 2.0743676411e+01
2.3779545050e-04 9.8681819557e-06 2.0267986575e+01
2.3722446649e-04 7.2531786405e-06 2.0690480200e+01
3.4008169232e-04 7.6028156106e-05 1.2775502686e+01
3.4395738331e-04 7.6729859754e-05 1.2558175985e+01
3.4340099175e-04 7.2713207459e-05 1.2734704961e+01
3.4739556240e-04 7.3426283761e-05 1.2504265403e+01
3.4671699119e-04 6.9381632252e-05 1.2685650184e+01
3.5053486705e-04 7.0163640108e-05 1.2455343920e+01
2.8126651736e-04 4.4156528053e-05 1.5833002746e+01
-1.5838392494e-04 5.7075429465e-05 4.0601829941e+01
-1.3752179195e-04 6.9409181472e-05 3.8675552561e+01
2.3381276134e-04 9.6445023169e-06 2.0246304935e+01
2.3324454875e-04 7.0803686342e-06 2.0643498910e+01
2.2983624769e-04 9.4270977345e-06 2.0215002892e+01
2.2932221081e-04 6.8804357948e-06 2.0591356100e+01
2.2587401156e-04 9.2098918171e-06 2.0202066410e+01
2.2544416436e-04 6.6810802181e-06 2.0548683613e+01
1.2373276579e-05 9.2775817567e-05 3.4345620954e+01
1.9258667679e-04 6.6885650857e-05 1.7045867913e+01
-1.9582756887e-04 6.2963968942e-05 3.8619599014e+01
2.2143360728e-04 6.5607849696e-06 2.0502601187e+01
2.1795935677e-04 8.8011085967e-06 2.0175738772e+01
2.1737603935e-04 6.4405628609e-06 2.0464109887e+01
2.0381443911e-04 6.6224171862e-05 1.7018408952e+01
6.7898319904e-06 9.2091272579e-05 3.5389164015e+01
2.1398447953e-04 8.6126326456e-06 2.0180222533e+01
2.1002122301e-04 8.4273427549e-06 2.0194025097e+01
2.0943593946e-04 6.1535970596e-06 2.0449367986e+01
-3.0318758841e-04 7.1909336517e-06 1.7097338091e+01
3.4239562501e-04 1.1132304402e-05 1.4996586776e+01
2.7128010420e-04 5.3057009903e-05 1.5691368286e+01
-9.3488548675e-05 9.3205423220e-05 3.5142844632e+01
2.0606625946e-04 8.2438186949e-06 2.0224001581e+01
2.0211129750e-04 8.0680871693e-06 2.0271932288e+01
1.9816427565e-04 7.8947455949e-06 2.0334486818e+01
-2.6238195973e-04 7.1053109371e-05 3.7426078672e+01
-2.6477726820e-04 6.9429004578e-05 3.7310355701e+01
3.4997636926e-04 6.6034928283e-05 1.2630038360e+01
-1.8605147378e-04 6.8172846888e-05 3.8104883602e+01
-9.2250778985e-05 9.1201577288e-05 3.5485120248e+01
1.9422531830e-04 7.7271162066e-06 2.0422900379e+01
1.9368137928e-04 5.6181372147e-06 2.0602888149e+01
1.9026428825e-04 7.5770236635e-06 2.0521837662e+01
-2.1198365138e-04 6.0416938720e-05 3.8436663982e+01
-2.1477478357e-04 6.0717672609e-05 3.8303171287e+01
2.3353970431e-04 1.0227568447e-04 1.4833022002e+01
2.2956128455e-04 1.0125748284e-04 1.4919490184e+01
-4.4772762675e-06 9.0989136378e-05 3.6739107774e+01
1.8629137594e-04 7.4346100070e-06 2.0640362596e+01
1.8564994241e-04 5.4277417017e-06 2.0797551684e+01
1.8232242514e-04 7.3000545672e-06 2.0773075255e+01
1.8167612580e-04 5.3310295391e-06 2.0903286087e+01
2.7929442650e-04 1.7654803983e-05 1.7612881862e+01
1.7836242009e-04 7.1677621935e-06 2.0921539053e+01
1.7770567423e-04 5.2398797934e-06 2.1041696763e+01
1.7439929165e-04 7.0457630152e-06 2.1078530023e+01
1.7378377655e-04 5.1316999438e-06 2.1149361665e+01
1.7044286001e-04 6.9292683085e-06 2.1241038905e+01
1.6989975166e-04 5.0296713253e-06 2.1292350340e+01
-2.2324189205e-04 2.6990181642e-05 4.1486964910e+01
-3.0767161725e-04 4.0974704333e-05 1.7254144483e+01
-1.0154128049e-05 9.0553372800e-05 3.7115698948e+01
-1.7400712913e-04 3.1077821450e-05 4.5206660741e+01
1.6649477350e-04 6.8213090187e-06 2.1404570772e+01
1.6588854594e-04 4.9868472453e-06 2.1418704417e+01
1.6252620927e-04 6.7316990776e-06 2.1564165748e+01
1.6183532028e-04 4.9457163918e-06 2.1544243457e+01
1.5854843396e-04 6.6521945615e-06 2.1719869834e+01
1.5784495272e-04 4.8986966072e-06 2.1673500596e+01
1.5457821478e-04 6.5819378097e-06 2.1867500774e+01
1.5387282924e-04 4.8524016692e-06 2.1789440373e+01
2.8685784940e-04 7.3841308637e-05 1.4665979571e+01
2.9083767339e-04 7.4573128875e-05 1.4553478593e+01
-1.5855499341e-05 9.0183908598e-05 3.7339570008e+01
-1.4605520163e-04 8.7416821044e-05 3.5718448978e+01
-1.4413896000e-04 8.9317492199e-05 3.5475650488e+01
-1.4323865265e-04 8.7246855854e-05 3.5739103005e+01
-1.4133447949e-04 8.9147706831e-05 3.5491469921e+01
2.9142273017e-04 7.8363512878e-05 1.4424052833e+01
1.4990637054e-04 4.8137207350e-06 2.1908252333e+01
1.4666927773e-04 6.4608378592e-06 2.2112235938e+01
1.4599236866e-04 4.7600944245e-06 2.1987653360e+01
1.4211919326e-04 4.7129587349e-06 2.2059880927e+01
3.7418318600e-04 1.6341774083e-05 1.0028726424e+01
3.7750427417e-04 1.2416414238e-05 8.6981600815e+00
1.7788863417e-04 1.1122878958e-04 1.6571063875e+01
3.7372529052e-04 1.2208392235e-05 9.1199861901e+00
4.0010487877e-05 1.1995868478e-04 3.7507492067e+01
1.3880555694e-04 6.3681934464e-06 2.2291579672e+01
1.3813140468e-04 4.7179533791e-06 2.2094206024e+01
1.3487005167e-04 6.3407107760e-06 2.2355181245e+01
1.3410717381e-04 4.7256647323e-06 2.2132567106e+01
-2.1578342513e-05 8.9873882350e-05 3.7442297293e+01
2.9500950685e-04 5.3433127033e-05 1.5130741358e+01
1.3014639116e-04 4.7293289738e-06 2.2223342301e+01
1.2701025996e-04 6.3074066303e-06 2.2404515819e+01
1.2621433383e-04 4.7265259922e-06 2.2314629448e+01
1.2228822601e-04 4.7273703233e-06 2.2278025449e+01
1.1836978571e-04 4.7281823081e-06 2.2342476109e+01
-2.7319772153e-05 8.9617224356e-05 3.7451696119e+01
1.1531286682e-04 6.2952213488e-06 2.2593613022e+01
1.1445687482e-04 4.7278799313e-06 2.2485489386e+01
1.1054891682e-04 4.7270613898e-06 2.2611622251e+01
2.1501766516e-04 4.6354078682e-05 1.7103228604e+01
1.0755722917e-04 6.2955513087e-06 2.2737386408e+01
1.0664533131e-04 4.7249854321e-06 2.2786163122e+01
1.0368779590e-04 6.2933099043e-06 2.2907360313e+01
1.0274472145e-04 4.7222701232e-06 2.3024841237e+01
-3.3077066127e-05 8.9408609361e-05 3.7391487060e+01
9.8846464844e-05 4.7182806567e-06 2.3330798971e+01
9.5959258857e-05 6.2840001536e-06 2.3436625811e+01
9.4949195419e-05 4.7136295685e-06 2.3708881558e+01
9.1052380907e-05 4.7077569598e-06 2.4168571010e+01
8.7154921358e-05 4.7013376800e-06 2.4711229003e+01
2.6472337849e-04 1.0605060416e-04 1.4202559243e+01
2.6867409422e-04 1.0693656514e-04 1.4090129548e+01
-3.8847619058e-05 8.9243383787e-05 3.7281405824e+01
8.4371315571e-05 6.2591644955e-06 2.4889891688e+01
8.3256555941e-05 4.6938758709e-06 2.5332873445e+01
7.9355634954e-05 4.6878249165e-06 2.6028220164e+01
7.5453759278e-05 4.6795174792e-06 2.6791323209e+01
7.2767866606e-05 6.2255536218e-06 2.7053260264e+01
7.1549873700e-05 4.6704563248e-06 2.7615474396e+01
6.7643862332e-05 4.6609108950e-06 2.8493728078e+01
6.3735424006e-05 4.6510662631e-06 2.9419034537e+01
-4.4628905082e-05 8.9117522031e-05 3.7137548726e+01
6.1138799698e-05 6.1862732861e-06 2.9742156909e+01
5.9824526626e-05 4.6409899908e-06 3.0384222978e+01
5.5911138263e-05 4.6307491119e-06 3.1382073887e+01
5.3369056945e-05 6.1588190105e-06 3.1729838790e+01
5.1995042275e-05 4.6204595867e-06 3.2405426818e+01
5.1941016760e-05 1.2454970436e-04 3.3015061594e+01
4.9480446844e-05 6.1446574670e-06 3.2760052115e+01
4.8114718998e-05 4.5887615562e-06 3.3441364322e+01
4.4264691402e-05 4.5607616755e-06 3.4478815713e+01
-5.0418473960e-05 8.9027563258e-05 3.6972810480e+01
4.1711456203e-05 6.1095991782e-06 3.4854495201e+01
4.0317746499e-05 4.5681745504e-06 3.5539105614e+01
3.6324551133e-05 4.5749180197e-06 3.6609323084e+01
3.2383777166e-05 4.5682268645e-06 3.7658944525e+01
2.9988393824e-05 6.0758161861e-06 3.7997717736e+01
2.8450774869e-05 4.5593219650e-06 3.8692007505e+01
2.4518444333e-05 4.5496903608e-06 3.9704550661e+01
2.0584975648e-05 4.5407750094e-06 4.0691789540e+01
1.8258747735e-05 6.0382955301e-06 4.0983876237e+01
1.6649686902e-05 4.5318390831e-06 4.1649603593e+01
1.2712715972e-05 4.5233511395e-06 4.2573994553e+01
1.0428132738e-05 6.0153606990e-06 4.2824437613e+01
8.7742728326e-06 4.5150606410e-06 4.3461695190e+01
4.8344167994e-06 4.5072867955e-06 4.4309941034e+01
8.9333608478e-07 4.4997455013e-06 4.5116667602e+01
-1.3316596039e-06 5.9847681343e-06 4.5294482465e+01
-3.0489073973e-06 4.4927408496e-06 4.5880262381e+01
-6.9921393653e-06 4.4859802242e-06 4.6599746828e+01
-1.0936297690e-05 4.4797590224e-06 4.7274526167e+01
-1.4881372626e-05 4.4731076510e-06 4.7904678839e+01
-1.8826908702e-05 4.4681166175e-06 4.8490069155e+01
-2.0957971184e-05 5.9445286075e-06 4.8539359910e+01
-2.2773093386e-05 4.4631479839e-06 4.9031653257e+01
-2.6719965093e-05 4.4583526055e-06 4.9530297472e+01
-3.0667162334e-05 4.4539567949e-06 4.9987085971e+01
-3.2743868777e-05 5.9266205752e-06 4.9964473719e+01
-3.4614520071e-05 4.4488180963e-06 5.0403532454e+01
-3.8562111320e-05 4.4458080596e-06 5.0780652031e+01
-4.2509984813e-05 4.4425758746e-06 5.1120463747e+01
-4.6458224449e-05 4.4393553188e-06 5.1424579524e+01
-5.0406166816e-05 4.4365573006e-06 5.1694628885e+01
-5.2394838850e-05 5.9053826879e-06 5.1570837245e+01
-5.4354430159e-05 4.4338462958e-06 5.1932436399e+01
-5.8302333431e-05 4.4315639102e-06 5.2139656929e+01
2.3751300247e-04 1.0327656937e-04 1.4749066807e+01
-6.2250482366e-05 4.4293360183e-06 5.2318089726e+01
-6.4184273207e-05 5.8972154860e-06 5.2146037077e+01
-6.6198176107e-05 4.4275180993e-06 5.2469326860e+01
-7.0146011305e-05 4.4257045950e-06 5.2595083759e+01
-7.2045021413e-05 5.8929029049e-06 5.2396083630e+01
-7.4093568216e-05 4.4242608834e-06 5.2696820324e+01
-6.9541288208e-05 7.5565591190e-05 3.8813528304e+01
-7.8040870823e-05 4.4228678365e-06 5.2776138591e+01
-8.1987897105e-05 4.4218002940e-06 5.2834299141e+01
-1.2779960983e-04 7.8618788762e-05 3.7150595814e+01
-8.3832419016e-05 5.8888220373e-06 5.2601721017e+01
-8.5934649755e-05 4.4207526849e-06 5.2872785611e+01
-8.9881080235e-05 4.4200082736e-06 5.2892668228e+01
-9.3827194206e-05 4.4192653261e-06 5.2895242950e+01
-7.5616752759e-05 7.5592179728e-05 3.8681135984e+01
-1.0826378154e-04 8.9656646131e-05 3.5530292909e+01
-3.1342626198e-04 2.3563073776e-05 1.7109673666e+01
-1.0252263880e-04 8.9484324581e-05 3.5619837901e+01
1.4497735911e-04 1.0971047046e-04 1.7045388066e+01
-3.4722732817e-04 8.5656930283e-06 1.7627483710e+01
-3.4349662080e-04 8.1149668286e-06 1.7977117798e+01
-3.3827268193e-04 1.0486874404e-05 1.7004184143e+01
-3.3981958885e-04 7.6815990380e-06 1.7924113188e+01
-3.3473210246e-04 9.9689785686e-06 1.6993013753e+01
-3.3617865933e-04 7.2810432575e-06 1.7728015263e+01
-9.6765240244e-05 8.9335274177e-05 3.5723221910e+01
7.8019836946e-05 1.1220224776e-04 2.1918721194e+01
4.6803725821e-05 1.0663775429e-04 2.4179218219e+01
-1.0583012172e-04 7.6038770582e-05 3.7958858382e+01
-1.0282248805e-04 7.5971711285e-05 3.8029015469e+01
-1.0883257971e-04 7.6110976875e-05 3.7890004853e+01
1.4667757073e-04 1.3185509853e-04 1.7067802314e+01
1.4651730435e-04 1.2814470149e-04 1.7062769569e+01
1.8091070833e-04 6.4282166220e-05 1.7054301915e+01
1.7767432737e-04 6.6667927559e-05 1.7055325772e+01
1.7707908060e-04 6.3479436651e-05 1.7033475903e+01
1.7385427008e-04 6.5829315860e-05 1.7047675943e+01
1.7327447673e-04 6.2704295165e-05 1.7031194039e+01
1.7006351705e-04 6.5020321488e-05 1.7005994257e+01
1.6949000991e-04 6.1940667440e-05 1.7086417197e+01
1.6629628420e-04 6.4233400141e-05 1.7093060843e+01
1.6686318251e-04 6.7334638190e-05 1.7015334239e+01
1.6311450927e-04 6.6517083482e-05 1.7091815046e+01
1.6252820306e-04 6.3440564798e-05 1.7381846720e+01
1.5936515687e-04 6.5698609041e-05 1.7388572568e+01
1.5875601144e-04 6.2646067349e-05 1.7734729270e+01
1.5561007834e-04 6.4876934056e-05 1.7796225909e+01
1.5497984442e-04 6.1850433395e-05 1.8164051757e+01
1.5184927636e-04 6.4054826603e-05 1.8276202491e+01
1.5119823495e-04 6.1056605654e-05 1.8668078563e+01
1.4808087195e-04 6.3234519051e-05 1.8838708264e+01
1.4741087020e-04 6.0267619990e-05 1.9237742170e+01
1.5054844217e-04 5.8105009448e-05 1.9036497582e+01
1.4430511736e-04 6.2419839672e-05 1.9468792809e+01
1.4361734968e-04 5.9484737981e-05 1.9878336538e+01
1.4052151023e-04 6.1612875132e-05 2.0170433980e+01
1.3981556792e-04 5.8712685418e-05 2.0580596222e+01
1.3672871825e-04 6.0815372102e-05 2.0937891514e+01
1.3600608796e-04 5.7950754679e-05 2.1347700301e+01
1.3292698265e-04 6.0029587586e-05 2.1750088292e+01
1.3218839016e-04 5.7201427235e-05 2.2149709079e+01
1.2911561438e-04 5.9257660852e-05 2.2671854664e+01
1.2836073385e-04 5.6466641309e-05 2.3002421383e+01
1.2530023390e-04 5.8500490370e-05 2.2997637967e+01
1.2152116142e-04 5.7765183784e-05 2.2926229794e+01
1.2077342036e-04 5.5052692044e-05 2.2930343277e+01
1.2381295409e-04 5.3044147510e-05 2.2919092590e+01
1.1778046518e-04 5.7050815809e-05 2.2907264018e+01
1.1703699658e-04 5.4375939908e-05 2.2904365109e+01
1.1407745952e-04 5.6357917938e-05 2.2893227101e+01
1.1333623467e-04 5.3721746735e-05 2.2888843848e+01
1.0967120891e-04 5.3088094099e-05 2.2871932854e+01
1.0677896686e-04 5.5037216303e-05 2.2857372563e+01
1.0604100203e-04 5.2475759644e-05 2.2854505493e+01
1.0318188321e-04 5.4409883385e-05 2.2839289663e+01
1.0244454466e-04 5.1884931446e-05 2.2836830700e+01
9.9618935008e-05 5.3804198971e-05 2.2821094398e+01
9.8881074254e-05 5.1315661080e-05 2.2819263583e+01
9.6089105811e-05 5.3221114626e-05 2.2803082756e+01
9.5349731174e-05 5.0768114815e-05 2.2801605806e+01
9.2590327249e-05 5.2660210653e-05 2.2785570513e+01
9.8158225592e-05 4.8867930276e-05 2.2816598990e+01
8.9123442083e-05 5.2121154997e-05 2.2768544707e+01
8.8379583309e-05 4.9737991636e-05 2.2767906309e+01
8.5686041437e-05 5.1604566566e-05 2.2752246897e+01
8.4938954218e-05 4.9255632670e-05 2.2752061088e+01
8.2277067991e-05 5.1110166927e-05 2.2736918990e+01
8.1527052435e-05 4.8794069590e-05 2.2737141023e+01
8.7650153225e-05 4.7394213461e-05 2.2766457004e+01
7.8897239556e-05 5.0637418740e-05 2.2722624228e+01
7.8142270445e-05 4.8355377708e-05 2.2723415085e+01
7.5544018413e-05 5.0186874036e-05 2.2709582705e+01
7.4784315598e-05 4.7937596024e-05 2.2710827587e+01
7.2216303974e-05 4.9758200891e-05 2.2698018209e+01
7.7401342484e-05 4.6111489191e-05 2.2723175263e+01
6.8914914809e-05 4.9350750153e-05 2.2687934039e+01
6.5637252526e-05 4.8965025677e-05 2.2679590060e+01
6.2382205425e-05 4.8600651009e-05 2.2673166563e+01
6.1601008681e-05 4.6476733295e-05 2.2675725740e+01
6.7388638207e-05 4.5017600844e-05 2.2689957630e+01
5.9150701196e-05 4.8256869159e-05 2.2668930626e+01
5.8362489460e-05 4.6164089468e-05 2.2670580427e+01
5.5940095721e-05 4.7934136073e-05 2.2666398579e+01
5.5145282339e-05 4.5871248472e-05 2.2669056199e+01
5.2749274902e-05 4.7632021007e-05 2.2670880984e+01
5.1948480632e-05 4.5597694666e-05 2.2658115713e+01
4.8770758682e-05 4.5344923561e-05 2.2699322159e+01
4.5611626408e-05 4.5111051161e-05 2.2514679414e+01
4.3292647342e-05 4.6844858062e-05 2.2648716368e+01
4.0172648385e-05 4.6620698388e-05 2.3667075789e+01
3.9311008179e-05 4.4689826784e-05 2.4814683336e+01
3.6127425859e-05 4.4491258101e-05 2.6096658164e+01
3.8435418496e-05 4.2784441182e-05 2.5755140547e+01
3.3860710068e-05 4.6198080101e-05 2.6473952199e+01
3.0669858417e-05 4.5999363902e-05 2.7808264370e+01
2.7457520541e-05 4.5809517030e-05 2.9116742272e+01
2.6444546772e-05 4.3942227077e-05 2.9975093637e+01
2.4225020583e-05 4.5628499293e-05 3.0384081415e+01
2.3177176707e-05 4.3775398468e-05 3.1200950861e+01
2.0972784726e-05 4.5456472168e-05 3.1604555715e+01
1.7704689171e-05 4.5293314341e-05 3.2770900416e+01
1.4419662007e-05 4.5139175229e-05 3.3879793444e+01
1.3273271713e-05 4.3324575507e-05 3.4582077814e+01
1.1118444130e-05 4.4994032318e-05 3.4928545178e+01
9.9419112890e-06 4.3190362965e-05 3.5597123757e+01
1.5463215852e-05 4.1658785396e-05 3.4233631052e+01
7.8050312437e-06 4.4857453723e-05 3.5914802127e+01
6.5974091159e-06 4.3065242559e-05 3.6552433284e+01
4.4780309156e-06 4.4729736741e-05 3.6838698392e+01
3.2407784819e-06 4.2947802490e-05 3.7447672844e+01
1.1390942741e-06 4.4610459932e-05 3.7700338585e+01
-1.2706778382e-07 4.2837695508e-05 3.8283061401e+01
-3.5050985924e-06 4.2736132839e-05 3.9059154393e+01
-6.8924951617e-06 4.2641694153e-05 3.9777469086e+01
-1.0288415509e-05 4.2554426872e-05 4.0439649641e+01
-1.2316455479e-05 4.4213431566e-05 4.0549442327e+01
-1.3692053756e-05 4.2474097127e-05 4.1047665203e+01
-1.5700997009e-05 4.4132893795e-05 4.1122028697e+01
-1.7102761061e-05 4.2400024616e-05 4.1603809873e+01
-2.0519777339e-05 4.2333249540e-05 4.2110209222e+01
-2.3942138774e-05 4.2272257397e-05 4.2569479022e+01
-2.7369572122e-05 4.2217123865e-05 4.2984118899e+01
-3.0801430712e-05 4.2167585751e-05 4.3356627974e+01
-3.2711056147e-05 4.3828104090e-05 4.3269516137e+01
-3.6126205561e-05 4.3784694734e-05 4.3574212938e+01
-3.7676160288e-05 4.2084292577e-05 4.3985261783e+01
-4.1117998833e-05 4.2050021408e-05 4.4246268381e+01
-4.4562178313e-05 4.2020318940e-05 4.4474869178e+01
-4.6388380670e-05 4.3684617825e-05 4.4284158762e+01
-4.9813106252e-05 4.3660462111e-05 4.4460543199e+01
-4.9645252485e-05 4.0316578895e-05 4.5063190960e+01
-5.3120261574e-05 4.0297769819e-05 4.5227831872e+01
-5.4903486859e-05 4.1955504106e-05 4.4988531434e+01
-5.8352829001e-05 4.1941863849e-05 4.5109173303e+01
-6.0063893846e-05 4.0271296421e-05 4.5482438192e+01
-6.1803913084e-05 4.1932045876e-05 4.5207697457e+01
-6.3536004036e-05 4.0263127271e-05 4.5576336484e+01
-6.7007543742e-05 4.0258002919e-05 4.5650287902e+01
-6.8701683894e-05 4.1921534731e-05 4.5345398189e+01
-7.0478662871e-05 4.0255834766e-05 4.5705876971e+01
-7.2151679873e-05 4.1921313415e-05 4.5387683868e+01
-7.5598242083e-05 4.1923409330e-05 4.5414332402e+01
-7.7418320627e-05 4.0259791586e-05 4.5767854665e+01
-8.0886070301e-05 4.0265747833e-05 4.5776914510e+01
-8.4352459863e-05 4.0273836227e-05 4.5773063151e+01
-8.5932293732e-05 4.1946839345e-05 4.5412621162e+01
-8.9372790942e-05 4.1959726133e-05 4.5388693887e+01
-9.1278160037e-05 4.0298019446e-05 4.5730556785e+01
-9.2812413956e-05 4.1975375450e-05 4.5354672199e+01
-9.4737690687e-05 4.0313424678e-05 4.5693962982e+01
-8.9712533631e-05 3.8631163814e-05 4.6099683328e+01
-9.8194328137e-05 4.0330258969e-05 4.5648451225e+01
3.4576861777e-04 3.0061310111e-05 1.3907724357e+01
-9.7772936637e-05 4.4188092723e-06 5.2881398604e+01
-1.0171832212e-04 4.4183401996e-06 5.2852233330e+01
-1.0346989158e-04 5.8862825878e-06 5.2579253195e+01
1.0945480733e-04 1.2815522051e-04 1.6919242504e+01
3.4300373268e-04 3.7417229760e-05 1.3907280301e+01
3.3966553432e-04 4.0870813351e-05 1.3995137126e+01
8.4306756501e-05 1.2118484080e-04 2.2001991775e+01
4.1609994685e-05 1.0499647752e-04 2.6936713141e+01
4.0989441457e-05 1.0265725327e-04 2.6110736549e+01
3.8992208886e-05 1.0424896922e-04 2.8127885523e+01
3.0200430832e-04 2.9441940462e-05 1.5881720199e+01
-1.0566328991e-04 4.4181452060e-06 5.2808447600e+01
-1.0960786310e-04 4.4179260253e-06 5.2750940697e+01
3.5025890711e-04 1.1533737569e-05 1.3537348941e+01
1.3030032408e-04 1.0077135105e-04 1.7009041044e+01
3.0361335979e-04 1.9104919407e-05 1.6544268063e+01
-2.4637560214e-04 5.4613523346e-05 3.6776918168e+01
-2.6743928513e-04 2.9975316665e-05 2.8930405452e+01
-5.4798564854e-05 3.8632419514e-05 4.5611561411e+01
-3.5774751301e-05 4.0430140371e-05 4.4110358845e+01
-2.5855143295e-04 3.0934446491e-05 3.2877441774e+01
-9.2848518618e-05 7.0181619308e-05 3.9380453846e+01
-2.1958607743e-05 4.0620165269e-05 4.2577146679e+01
-1.1355197428e-04 4.4179717771e-06 5.2680215658e+01
-1.1749565443e-04 4.4179847876e-06 5.2596981461e+01
-2.5264525167e-04 2.8414716363e-05 3.4876472982e+01
-8.6673372715e-05 7.0106449540e-05 3.9522914408e+01
-4.8114172855e-06 4.0988153300e-05 3.9614727422e+01
-2.2711339658e-04 4.7738159462e-05 3.8772622599e+01
-2.1134162847e-04 1.5211897074e-05 4.4851997599e+01
-6.6291363322e-05 9.4841400820e-05 3.5478191697e+01
-6.0605442482e-05 9.4845640127e-05 3.5664765611e+01
2.2116374554e-05 4.1942917625e-05 3.1997884610e+01
-5.4922371904e-05 9.4879828766e-05 3.5865765149e+01
-4.9244410547e-05 9.4946014197e-05 3.6077306262e+01
2.8702611630e-05 4.2257523631e-05 2.9585065183e+01
-4.3573810553e-05 9.5046663056e-05 3.6293769137e+01
-3.7912823959e-05 9.5184703990e-05 3.6507388538e+01
-3.2263710476e-05 9.5363576596e-05 3.6707787588e+01
-3.7077993627e-04 1.6571585934e-05 1.1226609618e+01
-2.6628748255e-05 9.5587286322e-05 3.6881462732e+01
-2.1010272669e-05 9.5860466341e-05 3.7011254500e+01
7.6989918256e-05 8.8124031388e-05 2.2490146363e+01
7.9543677880e-05 8.6360595936e-05 2.2538861225e+01
8.0126582387e-05 8.9097536659e-05 2.2514817500e+01
8.2725982466e-05 8.7325542258e-05 2.2566688596e+01
8.3297755097e-05 9.0108362187e-05 2.2544511270e+01
8.5944146534e-05 8.8325461366e-05 2.2597500255e+01
8.6505484294e-05 9.1156092406e-05 2.2578503848e+01
8.9198565595e-05 8.9363583856e-05 2.2632958779e+01
8.9751180642e-05 9.2241734960e-05 2.2616597672e+01
9.2498669185e-05 9.0439787186e-05 2.2670045333e+01
-1.5410621139e-05 9.6188431586e-05 3.7075875449e+01
-9.8322128481e-06 9.6577256628e-05 3.7049692892e+01
-4.2776159809e-06 9.7033807273e-05 3.6903167339e+01
1.2505062910e-06 9.7565773344e-05 3.6604493298e+01
6.7493962954e-06 9.8181670887e-05 3.6122695092e+01
-1.2143882855e-04 4.4182562275e-06 5.2501535594e+01
-1.2538151016e-04 4.4186010594e-06 5.2394369312e+01
1.2216299574e-05 9.8890855840e-05 3.5431295687e+01
1.7648638866e-05 9.9703626688e-05 3.4509962809e+01
-1.6130738854e-04 2.7642655247e-05 4.6543101948e+01
1.0531898085e-04 4.9956530998e-05 2.2851205214e+01
-9.9815356516e-05 7.5912592873e-05 3.8099672354e+01
1.1261179022e-04 5.1129381654e-05 2.2884494605e+01
2.0053872978e-04 4.9972728490e-05 1.7064789677e+01
1.9990403112e-04 4.6990530739e-05 1.7187431189e+01
2.0318611089e-04 4.4623990999e-05 1.7230862314e+01
1.9925914635e-04 4.4034484705e-05 1.7306048240e+01
1.9599071357e-04 4.6378623815e-05 1.7242414140e+01
1.9534087231e-04 4.3441852063e-05 1.7389761807e+01
1.9208505054e-04 4.5765542038e-05 1.7344466789e+01
1.9143079522e-04 4.2848706799e-05 1.7499497042e+01
1.8818701765e-04 4.5151738132e-05 1.7461543104e+01
1.8752755393e-04 4.2255809829e-05 1.7640962346e+01
1.8429524976e-04 4.4537966909e-05 1.7613444958e+01
1.8363045065e-04 4.1664757927e-05 1.7807273503e+01
1.8040739836e-04 4.3928838344e-05 1.7796801827e+01
1.7973888929e-04 4.1077363446e-05 1.8001437054e+01
1.7652727251e-04 4.3317473268e-05 1.8014920787e+01
1.7585189826e-04 4.0494643674e-05 1.8236087933e+01
1.7264977991e-04 4.2712984179e-05 1.8275248543e+01
1.7196793415e-04 3.9917833251e-05 1.8512828217e+01
1.6877286763e-04 4.2117733656e-05 1.8579655805e+01
1.6808547531e-04 3.9348222452e-05 1.8831042048e+01
1.6489970451e-04 4.1524019251e-05 1.8926666112e+01
1.6420361352e-04 3.8786635071e-05 1.9190519045e+01
1.6102531144e-04 4.0940572889e-05 1.9318477980e+01
1.6032124265e-04 3.8234178046e-05 1.9590968470e+01
6.4955051798e-05 1.1398165066e-04 2.1323082572e+01
1.5714966020e-04 4.0366763066e-05 1.9754799480e+01
1.5643742341e-04 3.7691933431e-05 2.0034167931e+01
1.5327191835e-04 3.9803443889e-05 2.0236229795e+01
1.5255134616e-04 3.7160880521e-05 2.0519777312e+01
1.3145873779e-04 5.4420354539e-05 2.2581880440e+01
1.4939134730e-04 3.9251620602e-05 2.0761851217e+01
1.4866233472e-04 3.6641966355e-05 2.1046717235e+01
1.4550728754e-04 3.8712319001e-05 2.1329819995e+01
1.4476984915e-04 3.6136136270e-05 2.1619251173e+01
1.4161778926e-04 3.8189350388e-05 2.1931317217e+01
1.4087341988e-04 3.5644393095e-05 2.2216384303e+01
1.3772678800e-04 3.7675615694e-05 2.2623724431e+01
1.3697211021e-04 3.5167457797e-05 2.2866553640e+01
1.3383108368e-04 3.7179211148e-05 2.3019310036e+01
1.3307691864e-04 3.4705976032e-05 2.2932832596e+01
1.4124600771e-04 8.2253876995e-05 1.7239369695e+01
1.2996064173e-04 3.6700175429e-05 2.2924702183e+01
1.2921361485e-04 3.4261901981e-05 2.2938166881e+01
1.2612326010e-04 3.6238401787e-05 2.2923776351e+01
1.2538177453e-04 3.3835313083e-05 2.2918853095e+01
1.2158088846e-04 3.3426702486e-05 2.2907793923e+01
1.1854339589e-04 3.5368968319e-05 2.2899611780e+01
1.1781041826e-04 3.3036528049e-05 2.2894712469e+01
1.1479984446e-04 3.4962020183e-05 2.2885813282e+01
1.1108651450e-04 3.4574032673e-05 2.2872335876e+01
1.3911577002e-04 5.5860214230e-05 2.0969405519e+01
1.0740294135e-04 3.4205302416e-05 2.2858037793e+01
1.0667665523e-04 3.1980080732e-05 2.2854783979e+01
1.0374857409e-04 3.3856034328e-05 2.2844516854e+01
1.0302294463e-04 3.1666673958e-05 2.2841193071e+01
1.0012291863e-04 3.3526360028e-05 2.2830129658e+01
9.9397118475e-05 3.1372708719e-05 2.2827958994e+01
9.6525386208e-05 3.3216282264e-05 2.2816684300e+01
9.5798617504e-05 3.1098076339e-05 2.2814902142e+01
9.2954062018e-05 3.2928212209e-05 2.2804048605e+01
9.2226822890e-05 3.0842580672e-05 2.2802837581e+01
-1.2932367986e-04 4.4190199193e-06 5.2275650973e+01
-1.3326591217e-04 4.4171080409e-06 5.2145956665e+01
-1.3486026696e-04 5.8905834300e-06 5.1836649242e+01
-1.3720652352e-04 4.4196016443e-06 5.2004276212e+01
8.8681168445e-05 3.0605734624e-05 2.2792100251e+01
8.5161015360e-05 3.0387098126e-05 2.2782576844e+01
8.1665595998e-05 3.0186237653e-05 2.2775489300e+01
7.8194242400e-05 3.0002369177e-05 2.2770064158e+01
7.5496133410e-05 3.1755898639e-05 2.2758619083e+01
7.2076257098e-05 3.1577312512e-05 2.2758948559e+01
6.8681159281e-05 3.1410745399e-05 2.2753958572e+01
6.5306941599e-05 3.1261195421e-05 2.2773389131e+01
6.1952388694e-05 3.1128815539e-05 2.2724778439e+01
5.8618344174e-05 3.1005963541e-05 2.3396464227e+01
5.7792747656e-05 2.9202835234e-05 2.4314927232e+01
5.5266446246e-05 3.0887076627e-05 2.4431764929e+01
5.4395651355e-05 2.9095561341e-05 2.5264404455e+01
5.1893848976e-05 3.0772341191e-05 2.5416379932e+01
4.8504475116e-05 3.0655603362e-05 2.6471347465e+01
4.5096518972e-05 3.0542720490e-05 2.7549702494e+01
4.4099653478e-05 2.8783898736e-05 2.8406590388e+01
4.1671374351e-05 3.0432643671e-05 2.8652706715e+01
4.0635173829e-05 2.8684209700e-05 2.9501416261e+01
3.8229905130e-05 3.0325452568e-05 2.9768416713e+01
3.7155643768e-05 2.8587089456e-05 3.0605845660e+01
3.4772910750e-05 3.0221368058e-05 3.0888035181e+01
3.3661790934e-05 2.8492786940e-05 3.1710951648e+01
3.0154341916e-05 2.8401546055e-05 3.2808475033e+01
2.7814725984e-05 3.0025683631e-05 3.3103701974e+01
2.6634002523e-05 2.8313655817e-05 3.3890729321e+01
2.4316490598e-05 2.9930552409e-05 3.4184666147e+01
2.3101544341e-05 2.8229182552e-05 3.4950828534e+01
1.9557686149e-05 2.8148303738e-05 3.5982652931e+01
1.6003100063e-05 2.8071299291e-05 3.6980972198e+01
1.2438534390e-05 2.7998136695e-05 3.7941477298e+01
1.0204822686e-05 2.9597992542e-05 3.8183994198e+01
8.8646854557e-06 2.7928873302e-05 3.8860654334e+01
6.6515772635e-06 2.9525597614e-05 3.9081632146e+01
5.2822083948e-06 2.7863627690e-05 3.9735833849e+01
1.6917685237e-06 2.7802388252e-05 4.0565105457e+01
-1.9059925073e-06 2.7745123527e-05 4.1347216411e+01
-4.0575952448e-06 2.9334627217e-05 4.1491557799e+01
-5.5104577918e-06 2.7691784669e-05 4.2081556034e+01
-7.6415838148e-06 2.9279499449e-05 4.2197946665e+01
-9.1210348103e-06 2.7642301799e-05 4.2768004280e+01
-1.2737156182e-05 2.7596587779e-05 4.3406936070e+01
-1.6358279828e-05 2.7554539223e-05 4.3999070871e+01
-1.8427837656e-05 2.9138436621e-05 4.4029995739e+01
-2.2032840264e-05 2.9099108267e-05 4.4548357762e+01
-2.3613494104e-05 2.7480966344e-05 4.5047479223e+01
-2.7246628235e-05 2.7449183641e-05 4.5506580637e+01
-2.9254441956e-05 2.9033277706e-05 4.5455035372e+01
-3.2869653715e-05 2.9002600988e-05 4.5847453115e+01
-3.4521751104e-05 2.7395013385e-05 4.6302912550e+01
-3.8162915394e-05 2.7372221320e-05 4.6643805516e+01
1.5814296504e-04 5.9637383912e-05 1.8070028184e+01
1.6883494592e-04 1.3361812425e-04 1.6008696199e+01
1.7274392210e-04 1.3507918434e-04 1.5672270832e+01
5.8101490167e-05 8.0589111347e-05 2.2472999843e+01
9.8834097443e-05 1.5031163606e-04 1.9196132823e+01
1.3591254091e-04 1.2702683707e-04 1.7115454529e+01
6.4104288166e-05 8.2070079983e-05 2.2470628332e+01
1.9193029856e-04 6.3523062483e-05 1.7057175252e+01
1.0262430106e-04 9.3876060179e-05 2.2788189890e+01
1.0608802305e-04 9.5089194647e-05 2.2854216949e+01
-1.4114688533e-04 4.4207913300e-06 5.1851399356e+01
-1.4508674896e-04 4.4216487719e-06 5.1687100256e+01
-1.4661943916e-04 5.8952346741e-06 5.1370171340e+01
-2.0621310092e-04 4.6187263032e-05 4.0556221124e+01
2.8242060342e-04 1.2495988681e-04 1.3049451494e+01
2.8584414150e-04 1.2199878048e-04 1.3063706953e+01
2.8536115070e-04 1.1813770603e-04 1.3239380776e+01
2.8925924889e-04 1.1902054145e-04 1.3075594992e+01
1.2378413334e-04 1.0154343111e-04 1.7718340935e+01
1.2030447046e-04 1.0024395472e-04 1.9383169919e+01
-1.6841863958e-04 2.7708825450e-05 4.6178459808e+01
-1.4902594467e-04 4.4227122003e-06 5.1510889660e+01
-1.5296451749e-04 4.4237371750e-06 5.1322536151e+01
-1.5445452373e-04 5.8989003036e-06 5.1001336913e+01
-1.5690234362e-04 4.4250320885e-06 5.1121324422e+01
-1.6083944143e-04 4.4264313447e-06 5.0906765657e+01
-1.6477172846e-04 4.4241579020e-06 5.0678760979e+01
-2.5081412845e-04 1.4101160205e-05 3.6329522172e+01
-2.4722301559e-04 1.4030764546e-05 3.7554269655e+01
2.0470073792e-04 1.5302065745e-04 1.3857771538e+01
2.0837454043e-04 1.5042626059e-04 1.3908897854e+01
-5.6986542036e-05 5.7399611723e-05 4.2202258012e+01
-5.3735427136e-05 5.7421418897e-05 4.2141473920e+01
-1.0143860573e-04 5.2310016470e-05 4.2978854902e+01
1.5404021540e-04 1.3504867575e-04 1.7023282778e+01
-2.8815057744e-04 4.4969906041e-05 2.2917768724e+01
-3.0661626259e-04 2.4452810865e-05 1.7124936127e+01
-1.7768812626e-04 5.2275442608e-05 4.0917404306e+01
-1.8007530271e-04 5.0530879892e-05 4.1146207294e+01
-1.9742679679e-04 4.7605255805e-05 4.0857515649e+01
-2.2269803156e-04 2.5254358579e-05 4.1800704209e+01
-2.1926896780e-04 2.5166665717e-05 4.2308277946e+01
-2.2610938132e-04 2.5345733548e-05 4.1254029822e+01
-2.1559761937e-04 4.8738944360e-05 3.9585639491e+01
-2.7658263736e-04 4.0786464054e-05 2.6925180439e+01
-2.3289613654e-04 2.5560407119e-05 4.0021541887e+01
-2.5953569006e-04 5.0560644022e-05 3.4806698990e+01
7.5394974205e-05 1.1370976076e-04 2.1727433230e+01
-4.1795190963e-05 2.7355713248e-05 4.6947545661e+01
-2.5091411720e-04 4.5363523880e-06 3.7118392364e+01
2.3119264120e-04 1.4569795035e-04 1.3592050218e+01
2.3475391262e-04 1.4297042543e-04 1.3627243323e+01
-3.3122868531e-04 9.5006405628e-06 1.6970228035e+01
-3.3255958629e-04 6.9225235857e-06 1.7502549665e+01
-3.2770040857e-04 9.0781755228e-06 1.6979880299e+01
-3.2893933952e-04 6.6073931928e-06 1.7322811044e+01
-3.2418992993e-04 8.6890031711e-06 1.7008864436e+01
-3.2532273860e-04 6.3372133061e-06 1.7165663153e+01
-2.4309798636e-04 4.5045312113e-06 3.9720369109e+01
-9.6285373615e-05 5.4005671045e-05 4.2703733904e+01
-9.5836482310e-05 5.7527635895e-05 4.1956147713e+01
-9.2606179361e-05 5.7497218394e-05 4.2019352172e+01
-2.8889134781e-04 4.8939255185e-06 1.7042197724e+01
-2.8532319474e-04 6.5192660034e-06 1.7136460340e+01
-2.8522333809e-04 4.8218836246e-06 1.7364540746e+01
-3.0361625287e-04 5.2854329900e-06 1.7071770735e+01
-1.7654622712e-04 4.4276787552e-06 4.9898770731e+01
-1.8041936040e-04 4.4172486263e-06 4.9608285056e+01
-3.1455713471e-04 5.7241538423e-06 1.7048417148e+01
-3.2508495593e-04 1.4293876177e-05 1.7046611170e+01
-2.6994929246e-04 4.8568336279e-05 3.2270913105e+01
-8.3139753646e-05 1.1747295768e-04 3.2503536686e+01
-3.1817564593e-04 5.8988607207e-06 1.7004265592e+01
-2.5445451343e-04 4.9461120561e-05 3.5490533575e+01
-2.5172168465e-04 5.1169674104e-05 3.6019661543e+01
1.2869385613e-04 1.5555222888e-04 1.7309661673e+01
1.2537718703e-04 1.5381882895e-04 1.7287168119e+01
3.3777166032e-04 8.7477990763e-05 1.2445911816e+01
-2.9478258696e-04 3.9919977195e-05 1.7229760494e+01
-2.2443971190e-04 4.9503629120e-05 3.8849082096e+01
4.9924186561e-05 1.3087204301e-04 5.1015460841e+01
1.8139033970e-04 1.5674905791e-04 1.4146853813e+01
1.8918252371e-04 1.5563876710e-04 1.4050554232e+01
-1.9787265998e-04 9.4814388359e-05 3.5487204770e+01
3.5359445176e-04 6.6795014669e-05 1.2404980355e+01
-2.0250155661e-04 9.3382037054e-05 3.5634184937e+01
3.2792064404e-04 9.7046125873e-05 1.2508669810e+01
3.7696031280e-04 8.3556254770e-06 7.3857813649e+00
3.6534851863e-04 7.9932513466e-06 9.7689064877e+00
-1.2264257037e-04 1.1261240864e-04 3.3308866926e+01
3.2922212388e-04 7.0826256026e-06 1.6695874427e+01
2.9674889579e-04 6.1843243050e-06 1.7510618753e+01
2.7287345968e-04 5.8675980997e-06 2.0816329030e+01
2.6098550887e-04 5.3973682517e-06 2.1537141319e+01
2.4881031347e-04 5.0680948057e-06 2.1379737476e+01
2.2093195687e-04 4.2490401737e-06 2.0796091197e+01
-1.9332414380e-04 9.6259499952e-05 3.5337582146e+01
1.9311173160e-04 3.6329202362e-06 2.0762924780e+01
3.1387748050e-04 1.0546305686e-04 1.2746250727e+01
3.1727302280e-04 1.0240693738e-04 1.2737331316e+01
3.1051079368e-04 1.0854099896e-04 1.2749222601e+01
3.8882704994e-05 3.0425813839e-06 3.6219194424e+01
3.5399130582e-04 7.0956155440e-05 1.2239251775e+01
-2.4309674789e-04 2.7802750564e-05 3.7593300144e+01
1.9295587899e-04 1.5314584481e-04 1.4111457764e+01
1.4306113035e-04 1.3025215852e-04 1.7088097771e+01
1.4289671125e-04 1.2656078628e-04 1.7079530191e+01
-3.3089727099e-04 4.0707644385e-05 1.7100209118e+01
-3.2841608866e-04 3.8884932109e-05 1.6980185063e+01
-3.0669515514e-04 3.6987922128e-05 1.7254122318e+01
-3.0279396115e-04 2.6135011844e-05 1.7132919435e+01
-2.9731347970e-04 2.4609730127e-05 1.7117157526e+01
-2.7926197658e-04 2.7615654035e-05 2.0772264716e+01
-2.7651722256e-04 2.7129814885e-05 2.2869563692e+01
-2.6478286210e-04 2.7588108404e-05 3.0048855855e+01
-2.3965285495e-04 2.5811704912e-05 3.8566384688e+01
2.5970504866e-04 9.7556111918e-05 1.4527022856e+01
1.8876567973e-04 1.4811858548e-04 1.4455008194e+01
1.8443176180e-04 1.3924642770e-04 1.4934631435e+01
1.8054119667e-04 1.3789625402e-04 1.5120622739e+01
-1.7617104086e-04 4.8549537095e-05 4.1667350379e+01
-1.8056452099e-04 2.4569485453e-05 4.6088250103e+01
1.5045471120e-04 1.3717978800e-04 1.7046214275e+01
-1.2802624702e-04 5.8035354984e-05 4.1154747998e+01
-2.3915239292e-04 7.8331018162e-05 3.6953625306e+01
-2.3927107408e-04 8.0729226628e-05 3.6853863779e+01
-2.3905046697e-04 7.5949725350e-05 3.7028800941e+01
-2.4161374402e-04 8.1366748632e-05 3.6950448125e+01
2.7753491813e-04 1.1636420972e-04 1.3545304780e+01
-1.0336057527e-04 5.0585463837e-05 4.3319129627e+01
9.6261104456e-05 1.1810945323e-04 2.2576808706e+01
8.1180880611e-05 1.1657280169e-04 2.1913007537e+01
1.8417981125e-04 6.1894572601e-05 1.7051295850e+01
7.1132674685e-05 1.4209144442e-04 2.0917878055e+01
4.4779497898e-05 1.0816202624e-04 2.6699517660e+01
2.5913767926e-04 9.3771770085e-05 1.4632508450e+01
2.6593895393e-04 8.7949602134e-05 1.4668487922e+01
2.6933249880e-04 8.5014389723e-05 1.4688297963e+01
2.1852746612e-05 2.6543579300e-05 3.5704265904e+01
3.0672073093e-04 1.0774947005e-04 1.2927122315e+01
3.0719758985e-04 1.1166822448e-04 1.2744160911e+01
1.8576243336e-04 1.1389874238e-04 1.5814531200e+01
-1.0164776628e-04 4.0349266080e-05 4.5594631636e+01
-1.0363791103e-04 3.8696607001e-05 4.5925188479e+01
-1.0710894998e-04 3.8717987990e-05 4.5860748268e+01
-1.0854449889e-04 4.0394817431e-05 4.5464488092e+01
-1.1198703561e-04 4.0420814414e-05 4.5389452770e+01
-1.1542534726e-04 4.0448895437e-05 4.5308456755e+01
-1.1749875296e-04 3.8793639010e-05 4.5627285597e+01
-1.2095332042e-04 3.8822816396e-05 4.5537584860e+01
-1.2228810868e-04 4.0511427261e-05 4.5130188162e+01
-1.2571194392e-04 4.0545944810e-05 4.5033574349e+01
-1.2913032561e-04 4.0582680847e-05 4.4932321514e+01
-1.0913434502e-04 3.7072501927e-05 4.6184744473e+01
-2.5205277204e-04 4.6784941644e-05 3.5669889538e+01
2.5173596334e-04 9.5750765911e-05 1.4702748755e+01
3.0238652204e-04 1.0301917396e-04 1.3272114713e+01
-2.7405963854e-04 2.4650868291e-05 2.4410422172e+01
2.8948635739e-04 4.5430798340e-05 1.5567625269e+01
3.6581053361e-04 4.4487929582e-05 1.2255377372e+01
3.6925660897e-04 4.5069730808e-05 1.2015637232e+01
-2.8229397330e-04 5.8597573620e-05 3.4477594306e+01
6.7142146513e-05 2.7718708347e-05 2.2658659867e+01
2.7610514522e-04 7.9092349939e-05 1.4730362828e+01
4.2320530681e-05 9.8733932179e-05 2.3022095123e+01
-1.0547465659e-04 1.0980913140e-04 3.3171828150e+01
-1.8813887316e-04 9.5577229734e-05 3.5295902071e+01
7.7444578952e-05 2.8096081360e-05 2.2780436358e+01
-2.6501030847e-04 6.6944862362e-05 3.6939622074e+01
3.6184751887e-04 3.9673802528e-05 1.2578753566e+01
8.7948293591e-05 2.8606128101e-05 2.2794930456e+01
-1.4492438616e-04 5.4830511854e-05 4.1409092505e+01
-1.4280822246e-04 5.1195597440e-05 4.2229819410e+01
-1.4279139696e-04 5.6582006360e-05 4.1101727687e+01
-1.4594352696e-04 5.6668018648e-05 4.1004555119e+01
-1.4810174823e-04 5.4915588106e-05 4.1307212110e+01
-1.4906334044e-04 5.6767812426e-05 4.0904861915e+01
-2.1433853853e-04 7.5532507186e-05 3.6935099522e+01
2.2159337288e-04 9.9165798352e-05 1.5112899540e+01
2.5631946784e-04 1.2995859653e-04 1.3610557009e+01
2.6026768623e-04 1.3091301160e-04 1.3465700889e+01
2.6073549187e-04 1.3472974791e-04 1.3291365286e+01
2.6421341622e-04 1.3186025163e-04 1.3314240540e+01
-2.2412652668e-04 7.2767691669e-05 3.7081324349e+01
-2.0458183603e-04 7.8425729639e-05 3.6728712021e+01
-1.6749855340e-04 8.6955913296e-05 3.5829476600e+01
-2.5238090980e-04 4.0409075057e-05 3.5214773475e+01
-2.4956959354e-04 4.0038336813e-05 3.5824609767e+01
3.3181822239e-04 4.0012030905e-05 1.4413548288e+01
-2.9487577546e-04 5.4317792481e-05 3.0137842476e+01
-2.9677079165e-04 5.5687323807e-05 3.1599340810e+01
-1.7158643859e-04 8.3193782181e-05 3.6263636473e+01
-1.8894038517e-04 7.8650457282e-05 3.6757948299e+01
-2.4617760692e-04 6.3671897753e-05 3.7025780523e+01
-2.3881256530e-04 6.8919601348e-05 3.7184642057e+01
-2.8055388461e-04 2.1374044364e-05 1.9051613989e+01
2.6069233434e-04 7.9582744413e-05 1.4981495073e+01
2.6471136555e-04 8.0422922598e-05 1.4892971587e+01
-2.2062581954e-04 4.3289956958e-05 3.9805932902e+01
-8.8332562227e-05 5.2192895254e-05 4.3210102219e+01
2.7605524260e-04 1.0485695285e-04 1.3980770277e+01
9.9448327298e-05 1.4360741350e-04 1.8941691626e+01
-1.4931651255e-04 1.0204853717e-04 3.4297452643e+01
-2.0373484624e-04 7.4052292459e-05 3.7153210622e+01
3.0575663853e-04 4.7791131763e-05 1.5034219451e+01
-2.5515086767e-04 4.0810180187e-05 3.4583380450e+01
1.8027235786e-04 1.3408889813e-04 1.5293828816e+01
7.2570043159e-05 1.1236317736e-04 2.1680428854e+01
7.2814516285e-05 1.1517032973e-04 2.1518230783e+01
1.2555194237e-04 1.5042581836e-04 1.7254561341e+01
1.2208161031e-04 1.5210902395e-04 1.7256344041e+01
-1.0880236083e-04 6.6757433130e-05 3.9748571538e+01
1.5100913931e-04 1.0165216082e-04 1.7035180158e+01
1.5148458163e-04 1.0526379726e-04 1.7033339417e+01
-7.8407830495e-05 5.2144223112e-05 4.3307696877e+01
-8.9561609337e-05 1.0519274302e-04 3.3515972892e+01
1.8812871867e-04 8.2589181978e-05 1.6993858051e+01
1.1570854777e-04 1.4534929205e-04 1.7195051801e+01
1.1555725161e-04 1.4872792215e-04 1.7049020147e+01
1.1214228565e-04 1.5039866374e-04 1.7533688179e+01
1.1537799512e-04 1.5207592982e-04 1.7262715785e+01
-2.0414237743e-04 8.9241545712e-05 3.5894306364e+01
-2.0669314539e-04 8.9669149033e-05 3.5896587702e+01
-2.0922681815e-04 9.0115058674e-05 3.5902094723e+01
-2.0881825128e-04 8.7819224808e-05 3.6030095492e+01
-2.1174325077e-04 9.0579975526e-05 3.5910902454e+01
-2.1386756926e-04 8.8739968893e-05 3.6032219097e+01
-2.1349928098e-04 8.6430630906e-05 3.6156907050e+01
-2.1601378444e-04 8.6906070829e-05 3.6153371216e+01
-2.1636518879e-04 8.9230317173e-05 3.6038676656e+01
-2.1850963011e-04 8.7402346749e-05 3.6153486016e+01
-2.2314508048e-04 8.6100003040e-05 3.6266867680e+01
-2.2356170604e-04 8.8755164778e-05 3.6154454919e+01
-2.2560416305e-04 8.6652795652e-05 3.6268012172e+01
-2.2533495387e-04 8.4295970055e-05 3.6378508379e+01
-2.2778713631e-04 8.4850263046e-05 3.6375325456e+01
1.1214279967e-04 1.1604760672e-04 1.8715436346e+01
1.0906261013e-04 1.1788705164e-04 1.9551279216e+01
1.0197320475e-04 1.1145606353e-04 2.2672842865e+01
-6.8463801742e-05 5.2128980112e-05 4.3311644294e+01
-9.3479152812e-05 1.0734168535e-04 3.3284865680e+01
7.6963594171e-05 1.0364165146e-04 2.2183118031e+01
-1.5979680385e-04 7.3927968799e-06 5.0469446332e+01
-2.1861716808e-04 3.3892584134e-05 4.1179320686e+01
-1.2323980644e-04 5.0829737821e-05 4.2825833081e+01
4.2950378466e-05 9.2428500390e-05 2.2357612668e+01
-7.4331392055e-05 1.0698160756e-04 3.3420096218e+01
7.2778012903e-05 1.3270731131e-04 2.0253700919e+01
8.6112670348e-05 1.0745068966e-04 2.2356169661e+01
-1.7808113747e-04 6.9566672558e-05 3.8031148770e+01
-1.2472443587e-04 7.3699287611e-06 5.1896358409e+01
3.4295871390e-04 6.8661120511e-05 1.2903578772e+01
-2.6467355927e-04 1.2765762459e-05 3.0343471348e+01
-2.6816886433e-04 1.2880470784e-05 2.8371486224e+01
-1.4590515349e-04 9.3503633870e-05 3.5002683049e+01
-1.5875493174e-04 3.4214625726e-05 4.5291821393e+01
-1.6220970869e-04 3.4260854928e-05 4.5133196178e+01
2.7947426378e-04 1.0188391910e-04 1.3990804938e+01
6.3023525502e-05 8.8861878169e-05 2.2368928880e+01
8.3843183344e-05 9.2924078843e-05 2.2518459084e+01
-2.6984820259e-05 7.4205398461e-06 4.9062274519e+01
-1.7902411298e-04 9.0170963076e-05 3.5587213126e+01
1.4793001795e-04 3.4078621057e-05 2.1330162281e+01
-1.5259252596e-05 7.4453769372e-06 4.7455825014e+01
1.3964342537e-04 1.3595489139e-04 1.7133428026e+01
2.5045997741e-04 1.3333933705e-05 1.9954168816e+01
9.3552470073e-05 9.6327815948e-05 2.2647204180e+01
-1.2638901205e-04 9.2372555087e-05 3.5061635758e+01
-1.2820170035e-04 9.0453949395e-05 3.5315074397e+01
-1.2537200244e-04 9.0320573298e-05 3.5337362964e+01
-1.2357221483e-04 9.2240050482e-05 3.5079472884e+01
-1.2253542888e-04 9.0193801918e-05 3.5362287450e+01
-1.6862487915e-04 3.9477391304e-05 4.3774238157e+01
-1.6766115454e-04 3.7738351652e-05 4.4172112840e+01
2.8019122879e-04 5.8177758932e-05 1.5310823974e+01
2.2248939345e-04 1.1510386132e-05 1.9837768235e+01
9.9901437796e-05 1.2650380867e-04 2.1141982503e+01
8.2145898405e-05 8.4579026406e-05 2.2583919157e+01
1.2587347341e-04 1.3294971590e-04 1.7175319050e+01
1.9482143659e-04 9.9296967707e-06 2.0181120322e+01
1.0662198484e-04 9.8221360258e-05 2.2822895738e+01
1.0962563527e-04 9.6344801453e-05 2.2797426213e+01
7.5762693347e-05 1.1947927289e-04 2.1434805852e+01
1.3951011289e-04 8.0746110439e-06 2.2444815089e+01
-1.4825220189e-04 2.9157115153e-05 4.6784883645e+01
-1.4702832999e-04 2.7528371800e-05 4.7175384711e+01
-2.2505037266e-04 3.4183152313e-05 4.0335856554e+01
-1.7264697127e-04 1.8123878173e-05 4.7805732306e+01
-1.7144999150e-04 1.6556351419e-05 4.8169580757e+01
1.6367496602e-04 6.9643245231e-05 1.7020062324e+01
2.1564688781e-04 4.9384017738e-05 1.7038753025e+01
2.1897513358e-04 4.6917890032e-05 1.7025194999e+01
2.2641353147e-04 8.2449770862e-05 1.5530323021e+01
2.2236888476e-04 8.1427217447e-05 1.5689652292e+01
-2.0853744748e-04 1.6776628090e-05 4.4962883638e+01
-2.4413377901e-04 1.5622657544e-05 3.8347512173e+01
3.3573594316e-04 1.8283229293e-05 1.5187740614e+01
-2.3713496872e-04 3.1149333772e-05 3.8664023433e+01
1.5247558476e-04 6.7099909856e-05 1.7875468748e+01
3.1685879944e-04 2.3981833546e-05 1.5687636393e+01
-1.8150890739e-04 5.4310822638e-05 4.0418893641e+01
-2.9198579653e-04 1.0452739955e-05 1.7069749648e+01
-2.8196022166e-04 2.8159333602e-05 1.8226700677e+01
-1.3384064679e-04 9.0741192642e-05 3.5277903916e+01
1.7516998213e-04 3.7713799287e-05 1.8465892115e+01
-2.0152985582e-04 6.3461250941e-05 3.8401731909e+01
-2.8305380502e-04 4.5475633846e-05 2.6174718690e+01
-1.2074939275e-04 9.2114201563e-05 3.5100065593e+01
-1.1969068056e-04 9.0073908354e-05 3.5389917207e+01
-3.1290725247e-04 9.9809106946e-06 1.7044523844e+01
1.2605200820e-04 6.1302414599e-05 2.3011134132e+01
2.7203878368e-04 5.6735334166e-05 1.5532083114e+01
-2.1788247845e-04 1.3680561071e-05 4.4156263621e+01
1.8685932191e-04 3.9395907592e-05 1.7825479604e+01
3.3014943278e-04 5.4871326916e-05 1.3971368126e+01
3.2679563436e-04 5.8177021746e-05 1.3993445405e+01
3.3350046677e-04 5.1533779328e-05 1.3941528060e+01
1.7838544033e-04 1.1503050673e-04 1.6218671239e+01
1.0035430639e-04 5.6335617340e-05 2.2823042317e+01
-1.8544474522e-04 6.6134196840e-05 3.8408261970e+01
-1.8773141242e-04 6.4322231621e-05 3.8624967972e+01
2.1437687162e-04 4.3375977702e-05 1.7216019270e+01
8.9864271005e-05 5.4545184399e-05 2.2768759586e+01
4.2636887911e-05 7.5153377477e-05 2.2538427255e+01
6.9683324736e-05 5.1574661566e-05 2.2685016226e+01
3.0240369470e-04 5.0934525252e-05 1.5020267091e+01
-1.9544300681e-04 3.3164139973e-05 4.3453474077e+01
-1.9618451865e-04 3.4916049279e-05 4.3088435652e+01
-1.9467152810e-04 3.1431737682e-05 4.3821130779e+01
5.0387866121e-05 4.9392302190e-05 2.2656044139e+01
-1.9294588893e-04 6.2734425172e-05 3.8727477592e+01
-2.2706316767e-04 2.8871485128e-05 4.0664655575e+01
-1.0704827570e-04 7.7970447616e-05 3.7570356069e+01
4.1007910288e-05 4.8580274224e-05 2.2735391747e+01
1.4092143306e-04 1.0472787015e-04 1.7043144606e+01
1.3733063680e-04 1.0337830689e-04 1.7043139190e+01
-1.9652277892e-04 2.8078361820e-05 4.4274096823e+01
-1.9923421435e-04 2.6449460287e-05 4.4328702374e+01
2.8265744554e-04 1.4836299066e-05 1.7495803822e+01
-2.0945536248e-04 7.6964077729e-05 3.6839765789e+01
-2.1059059443e-05 4.5727951475e-05 4.1665268994e+01
-2.1922941212e-04 7.4132820010e-05 3.7015153100e+01
-6.3517283355e-05 4.3604386983e-05 4.4920770877e+01
-8.4067320653e-05 4.3620097682e-05 4.5065752621e+01
-9.4317440422e-05 4.3665113975e-05 4.4972172775e+01
1.4069743684e-04 7.9045860740e-05 1.7904496062e+01
2.9764911600e-04 4.6640943832e-05 1.5301478618e+01
1.5026739274e-05 3.1373316624e-05 3.6531314508e+01
2.9691549022e-04 4.2961047281e-05 1.5459854265e+01
-2.2252489910e-04 5.7466077426e-05 3.8281226657e+01
2.4774955548e-04 9.4825404711e-05 1.4786309335e+01
3.4353005039e-04 4.1310166982e-05 1.3763933802e+01
3.4019540864e-04 4.4754028753e-05 1.3843795630e+01
6.9439590821e-05 3.3324466435e-05 2.2745198046e+01
7.9679549440e-05 3.3959194802e-05 2.2760354914e+01
9.0143463273e-05 3.4760577149e-05 2.2792932105e+01
1.3847744256e-04 4.0238899207e-05 2.2281349223e+01
1.6561130670e-04 4.4316820605e-05 1.8658405945e+01
2.4093366956e-04 1.0047514126e-04 1.4759060840e+01
1.7721575967e-04 4.6192888172e-05 1.7799658944e+01
-2.2485883960e-04 5.3602279137e-05 3.8470252755e+01
3.5102937564e-04 1.5300036725e-05 1.3443441470e+01
3.1274072217e-04 2.3575996139e-05 1.5843667519e+01
3.0777150573e-04 1.9546846860e-05 1.6201751368e+01
3.0609999096e-04 1.2553755626e-05 1.7030088966e+01
3.0539049352e-04 9.3772374061e-06 1.7137449008e+01
3.0898994700e-04 6.1556444844e-06 1.7264886850e+01
-1.3253839721e-04 4.0622238638e-05 4.4826629819e+01
-1.3470949698e-04 3.8960236493e-05 4.5128154507e+01
-3.0767443249e-04 3.5391054335e-06 1.7051387189e+01
1.2188483793e-04 1.5536107085e-04 1.7063194237e+01
-2.6453212855e-04 7.1867270040e-05 3.7659864737e+01
6.7603960760e-05 1.1525162596e-04 2.1285687499e+01
9.0277091049e-05 1.2131952248e-04 2.2372740295e+01
9.9749354859e-05 1.2310737489e-04 2.2540365626e+01
1.0262429747e-04 1.1805374576e-04 2.2841313933e+01
1.1587718621e-04 1.2798683747e-04 1.7096466662e+01
1.1908413649e-04 1.2610384193e-04 1.7097381764e+01
1.2242047617e-04 1.2773700401e-04 1.7134620375e+01
1.9847888640e-04 5.8582119555e-05 1.7056859728e+01
1.6498806397e-04 1.3212168056e-04 1.6781352700e+01
-1.6772011566e-04 1.6543243981e-05 4.8391621315e+01
1.3690714952e-04 9.9923456472e-05 1.7031324020e+01
1.4531618887e-04 8.6562812384e-05 1.7075236760e+01
1.4844895443e-04 8.4327794588e-05 1.7068703635e+01
1.5212463316e-04 8.5412411152e-05 1.7052341850e+01
-2.6113878725e-04 1.2666895088e-05 3.2147887672e+01
-2.7838176382e-04 9.7672778890e-06 2.1844339197e+01
-2.8153398087e-04 4.7541944508e-06 2.0165366791e+01
1.4221205293e-04 8.8794177164e-05 1.7073539252e+01
-1.5746723705e-04 5.5206597011e-05 4.0993334937e+01
-1.5526327442e-04 5.6967884792e-05 4.0704810583e+01
-1.6195304886e-04 5.1707648058e-05 4.1554775907e+01
-1.7446162633e-04 2.6135994492e-05 4.6159619265e+01
-1.8873663278e-04 4.9050978227e-05 4.1045201908e+01
-2.1262452677e-04 4.8515750775e-05 3.9815623202e+01
-3.2361124645e-04 1.7029158350e-05 1.7060663642e+01
-2.8906207871e-04 2.2770072778e-05 1.7109984232e+01
-2.9252732191e-04 2.1103572745e-05 1.7101651586e+01
-3.1921883620e-04 4.1761011093e-05 1.7206309055e+01
-2.7319127912e-04 4.4648525970e-05 2.9959119186e+01
-2.8364814623e-04 4.3127740403e-05 2.4214369464e+01
-3.1769945374e-04 2.1733076029e-05 1.7075204788e+01
-3.1620361544e-04 2.4492319029e-05 1.7091021160e+01
-1.8873833346e-04 9.7762674224e-05 3.5182044141e+01
-3.3340332095e-04 4.2619582976e-05 1.5827468619e+01
2.3499019305e-04 1.4652778465e-04 1.3455855284e+01
2.3865693398e-04 1.4391028369e-04 1.3484844215e+01
1.1201258994e-04 1.5382093227e-04 1.8007529775e+01
3.1797397896e-04 1.0613799819e-04 1.2551356309e+01
1.3917777462e-04 1.5736652068e-04 1.7386865040e+01
1.4284854633e-04 1.5574808372e-04 1.7253304619e+01
1.4273595501e-04 1.5926532253e-04 1.7352036202e+01
1.4642693754e-04 1.5753043722e-04 1.7125106588e+01
1.4662368616e-04 1.5393271571e-04 1.7097216474e+01
1.5031180852e-04 1.5572837904e-04 1.7011858277e+01
-1.6067593915e-04 1.0515343084e-04 3.4314148951e+01
2.8974496571e-04 1.2266844126e-04 1.2902775989e+01
2.9327016777e-04 1.1993213882e-04 1.2899143019e+01
3.5981236696e-04 6.0089647329e-05 1.2262128319e+01
-8.7102291837e-05 1.1950228962e-04 3.2529611161e+01
1.5004789522e-04 1.5921423069e-04 1.7043161807e+01
1.5409561593e-04 1.5745095803e-04 1.5492120327e+01
1.5420478533e-04 1.5374443074e-04 1.6467610771e+01
1.5804093720e-04 1.5542956910e-04 1.4987584843e+01
1.5803821565e-04 1.5905117907e-04 1.4602321783e+01
1.6191285739e-04 1.5703001770e-04 1.4644671610e+01
-1.1286357939e-04 1.1427457247e-04 3.3078954536e+01
-1.1121687564e-04 1.1635222642e-04 3.3007770061e+01
-3.3871164500e-04 4.0593844469e-05 1.3854044846e+01
-3.1698109188e-04 4.9322950334e-05 1.7729335972e+01
-2.7631146914e-04 6.6634804350e-05 3.7419720939e+01
2.6460282839e-04 1.3559556164e-04 1.3139016308e+01
2.6806599205e-04 1.3270453088e-04 1.3163406100e+01
-2.4861224761e-04 7.8434599648e-05 3.7406643380e+01
-2.5078778399e-04 7.4473548135e-05 3.7331297238e+01
-2.5308176790e-04 7.5220825836e-05 3.7429778969e+01
-1.1542417978e-04 1.1430361226e-04 3.3126344590e+01
1.9330296030e-04 1.5679444476e-04 1.3891180985e+01
1.3554271428e-04 1.5880440378e-04 1.7471376605e+01
2.0099910752e-04 1.5584615144e-04 1.3781614744e+01
2.0501955002e-04 1.5676291010e-04 1.3636650034e+01
1.6222264718e-04 1.6115778411e-04 1.4188042951e+01
1.6579298371e-04 1.5859577553e-04 1.4348410661e+01
-1.4204038943e-04 1.1029589290e-04 3.3754538028e+01
-2.5303727645e-04 7.7701742946e-05 3.7581979907e+01
-1.6333987779e-04 1.0581637455e-04 3.4335140615e+01
-2.9331843534e-04 5.9454727623e-05 3.5395790375e+01
-2.9078595549e-04 6.0766307183e-05 3.6144259344e+01
-1.7078539052e-04 1.0420988262e-04 3.4545807048e+01
-1.7242472917e-04 1.0220812497e-04 3.4669718696e+01
3.2130590521e-04 1.0318285211e-04 1.2537686466e+01
3.4445075770e-04 8.0846346069e-05 1.2377864661e+01
1.1526470262e-04 1.5552820836e-04 1.7730328379e+01
6.4305217427e-05 1.3801531062e-04 1.4583522151e+01
6.5805098264e-05 1.4050389161e-04 1.5770817598e+00
7.3464976012e-05 1.4470487345e-04 2.1537490067e+01
1.9725607790e-04 1.5840042068e-04 1.3704298739e+01
-3.1212897317e-04 5.2342999403e-05 1.8682328741e+01
-3.0492354126e-04 5.2347308999e-05 2.4333468872e+01
-3.0379038745e-04 5.4934619597e-05 3.0128809273e+01
-3.0214018623e-04 5.3363758329e-05 2.7364677743e+01
-2.3926006319e-04 8.3480326356e-05 3.6677845577e+01
-2.4175761357e-04 8.3825192795e-05 3.6797156734e+01
-2.8576459592e-04 6.3410804142e-05 3.7127192887e+01
3.8088910697e-04 8.4131725226e-06 6.7791893487e+00
3.6925028019e-04 8.1063352212e-06 8.8986474407e+00
3.4962161645e-04 7.6431734519e-06 1.3623970493e+01
3.0069053360e-04 6.3003820914e-06 1.7509673344e+01
2.7693513858e-04 5.9522099500e-06 1.9948594035e+01
2.4068107156e-04 4.8692720882e-06 2.1189290456e+01
2.3273300258e-04 4.6181398976e-06 2.1005279994e+01
2.1284081173e-04 4.0980255747e-06 2.0685512502e+01
2.0491022338e-04 3.9069301417e-06 2.0659060414e+01
1.2146452869e-04 3.1687405430e-06 2.2250448001e+01
8.9950648768e-05 3.1581639993e-06 2.4535218230e+01
5.8465272487e-05 3.1092600772e-06 3.1029186397e+01
-2.9612490265e-04 5.8610433350e-05 3.4940899956e+01
-2.4649554354e-04 8.0488295117e-05 3.7320178614e+01
7.0906088808e-06 3.0231751001e-06 4.4088241562e+01
-8.3110580197e-07 3.0125412618e-06 4.5709007000e+01
3.5354485952e-04 7.8983444094e-06 1.2636733323e+01
-7.2195466486e-05 2.9576833204e-06 5.2897058452e+01
-1.0391074036e-04 2.9495419892e-06 5.3080223975e+01
-1.1183718764e-04 2.9484115481e-06 5.2963352575e+01
-1.6332609721e-04 2.9482121211e-06 5.1001189646e+01
1.8966590531e-04 1.5946896676e-04 1.3792551708e+01
2.6120257073e-04 1.3854608832e-04 1.3105992227e+01
3.1112680797e-04 1.1220801761e-04 1.2566981810e+01
3.0788541963e-04 1.1537737512e-04 1.2555651858e+01
3.0383738620e-04 1.1473304084e-04 1.2739957446e+01
3.0054046083e-04 1.1821504283e-04 1.2711262978e+01
2.9991862453e-04 1.1417994221e-04 1.2908427936e+01
3.8050090997e-04 4.2478240364e-06 4.7735176723e+00
3.8464935986e-04 8.6974040065e-06 6.5876842253e+00
3.6870877880e-04 3.9830480376e-06 7.9636408714e+00
3.2510177282e-04 6.8681959176e-06 1.6886045159e+01
-3.2803235095e-04 4.4307060511e-05 1.7190954527e+01
-3.2356079488e-04 4.0439109345e-05 1.7124871976e+01
3.1699608783e-04 6.4082580955e-06 1.7027743663e+01
-3.1122386975e-04 3.9758364278e-05 1.7237118998e+01
-3.1334037778e-04 4.1288360582e-05 1.7237024897e+01
3.0036620285e-04 3.0854642378e-06 1.7858791215e+01
-2.6235771765e-04 4.8891687532e-05 3.4025618515e+01
-2.6480348124e-04 4.9521716524e-05 3.3664807409e+01
-3.0008843136e-04 2.5344521846e-05 1.7120783329e+01
2.7647379647e-04 2.9471252805e-06 2.0566395048e+01
2.8096755998e-04 6.0754313497e-06 1.8964662879e+01
2.8444674560e-04 3.1561330939e-06 1.8318430634e+01
2.8484574817e-04 6.2499809844e-06 1.8071407369e+01
-2.5974952262e-04 4.8307084603e-05 3.4435843477e+01
-3.3058044700e-04 4.6397911005e-05 1.5895542590e+01
-3.2479291313e-04 4.8417285217e-05 1.6984285316e+01
-3.2049772544e-04 4.8633393361e-05 1.7005226468e+01
-2.4341858718e-04 3.1552541307e-05 3.7303691515e+01
-2.3632153656e-04 2.5677230193e-05 3.9316078182e+01
-2.1855442017e-04 4.8981005363e-05 3.9347717503e+01
-2.2152870807e-04 4.9232981442e-05 3.9100388168e+01
-2.2181112786e-04 5.1260572203e-05 3.8882354215e+01
-2.0359245695e-04 4.7935729357e-05 4.0460256587e+01
-2.7772952187e-04 4.7017176282e-06 2.2927866418e+01
3.5680258493e-04 4.1210541571e-06 1.1361494006e+01
-2.0005393762e-04 4.5859376889e-05 4.0988271568e+01
-1.9688192128e-04 4.5716106161e-05 4.1195159342e+01
-1.8249669694e-04 4.8792969162e-05 4.1364029515e+01
-1.9481803641e-04 2.4737730233e-05 4.5009261440e+01
-1.9126115998e-04 2.4687548689e-05 4.5304963193e+01
-1.8414459946e-04 2.4610799950e-05 4.5840911898e+01
-3.0389011721e-04 3.4629406705e-06 1.7048305229e+01
-2.5770444455e-04 7.4369011536e-05 3.7556944599e+01
-1.5656674755e-04 2.5986151898e-05 4.7099928947e+01
-1.1524240251e-04 5.7788608806e-05 4.1500414816e+01
-1.1845872040e-04 5.7843652966e-05 4.1416203877e+01
1.7665950767e-04 1.3651137424e-04 1.5354529623e+01
-1.0665230604e-04 5.0617048478e-05 4.3247664560e+01
-5.5389030347e-05 5.9179298023e-05 4.1861432192e+01
-5.4477694203e-05 2.5719322149e-05 4.8062306343e+01
3.8828335173e-04 4.3430585303e-06 2.7795633128e+00
3.8874407170e-04 9.1750339089e-06 7.3294569630e+00
2.8835727967e-04 3.2722394683e-06 1.7602752678e+01
1.9700529505e-04 1.5438419974e-04 1.3954063852e+01
1.7689286688e-04 1.4031791248e-04 1.5157267653e+01
1.7244242541e-04 1.3126844882e-04 1.5904318158e+01
1.3947663557e-04 1.2864307257e-04 1.7104212868e+01
1.3930451845e-04 1.2497010207e-04 1.7092015128e+01
-3.1059868262e-04 5.4896900663e-05 3.0443991818e+01
-3.2297363275e-04 1.1153663167e-05 1.7041072289e+01
9.3258236957e-05 1.1974084298e-04 2.2518065320e+01
-3.8412536458e-05 3.0572696111e-05 4.6081280067e+01
1.8746244160e-04 5.9507427076e-05 1.7039621353e+01
-2.0456842989e-05 3.0731968902e-05 4.4041597486e+01
1.7651538802e-04 6.0384180798e-05 1.7050710563e+01
-1.3301920202e-05 3.0823963163e-05 4.2924786796e+01
-6.1688762327e-06 3.0932981162e-05 4.1617718869e+01
-2.5398734315e-04 1.2509537873e-05 3.5282685437e+01
9.3744390687e-07 3.1060009359e-05 4.0113767118e+01
-2.4672103277e-04 1.2387504445e-05 3.7875288936e+01
8.0117262020e-06 3.1205743868e-05 3.8413233875e+01
1.3703089123e-04 7.8039216297e-05 1.8745686182e+01
6.0050264111e-05 1.1419022448e-04 2.1249832669e+01
-7.7662585648e-05 9.4917521097e-05 3.5157058059e+01
-2.2161326882e-04 1.3709170081e-05 4.3560749428e+01
1.2070925938e-04 1.0354854304e-04 1.8427734360e+01
1.0555472978e-04 9.2000235345e-05 2.2824114752e+01
1.0087188669e-04 3.5734929857e-05 2.2832745061e+01
-1.8411494256e-04 1.3505919651e-05 4.7846746385e+01
1.0815323853e-04 3.6484808138e-05 2.2861698993e+01
1.1555436378e-04 3.7312257295e-05 2.2890418846e+01
1.2307958437e-04 3.8215218888e-05 2.2916138111e+01
1.3073335294e-04 3.9191156023e-05 2.2917000291e+01
1.5013705096e-04 4.1914278592e-05 2.0463216045e+01
1.5787732472e-04 4.3093504007e-05 1.9466833346e+01
9.1946927623e-05 8.7549659849e-05 2.2679686409e+01
1.8885380586e-04 4.8089675145e-05 1.7295540119e+01
7.5782092360e-05 8.2771820310e-05 2.2538140876e+01
7.2654861678e-05 8.1919535789e-05 2.2521055054e+01
2.8878230205e-04 1.1515003469e-04 1.3249735459e+01
2.8098408906e-04 1.1339782532e-04 1.3556074906e+01
2.7262363163e-04 1.0781403969e-04 1.3970366603e+01
2.7313548109e-04 1.1163759861e-04 1.3832450160e+01
5.2130573686e-05 1.3185882640e-04 5.1232505208e+01
5.0007636368e-05 1.3362383914e-04 6.1807160015e+01
4.5562095973e-05 7.5695742745e-05 2.2528037836e+01
-3.6200805086e-05 2.5796409689e-05 4.6754543448e+01
2.6815526459e-04 1.0312538405e-04 1.4213955734e+01
-9.8656997195e-05 3.7015756959e-05 4.6363512082e+01
-1.7915643404e-05 2.5938090238e-05 4.4526937527e+01
2.6024357343e-04 1.0135259702e-04 1.4419492952e+01
-1.0627635874e-05 2.6016390933e-05 4.3332370979e+01
-1.1610753252e-04 3.7119389816e-05 4.6029039677e+01
2.5572691680e-04 9.6659060905e-05 1.4616736356e+01
-1.2306317383e-04 3.7173642243e-05 4.5848637033e+01
-1.3000015039e-04 3.7235531002e-05 4.5646155954e+01
3.8838311328e-06 2.6214684508e-05 4.0381785418e+01
-7.9199985197e-05 9.2954574078e-05 3.5448200389e+01
-1.4811482792e-04 7.3814341410e-06 5.1047122521e+01
-1.4031931655e-04 7.3766026509e-06 5.1373789778e+01
-3.3385677679e-04 4.4492417729e-06 1.8067728131e+01
-1.3251951345e-04 7.3725624337e-06 5.1656801629e+01
-1.1300358477e-04 7.3660343668e-06 5.2172968505e+01
-1.0519152515e-04 7.3647915708e-06 5.2297018412e+01
4.6554342377e-05 2.7136744301e-05 2.8172337382e+01
-9.7376675279e-05 7.3644114969e-06 5.2367415271e+01
-8.9559346820e-05 7.3649692567e-06 5.2377681271e+01
-8.1739869246e-05 7.3665638884e-06 5.2319819325e+01
-7.3918594232e-05 7.3693202761e-06 5.2184345364e+01
-3.4133841501e-04 4.9557777697e-06 1.9042399341e+01
-6.6094378059e-05 7.3737769257e-06 5.1960247060e+01
-5.8279795170e-05 7.3794530695e-06 5.1636009847e+01
-5.0455710611e-05 7.3866465607e-06 5.1197684848e+01
5.1740176738e-05 1.2210484564e-04 3.0821552710e+01
4.9349739445e-05 1.2107418388e-04 3.2159765449e+01
-4.2631889412e-05 7.3957033934e-06 5.0631790045e+01
-3.4809077600e-05 7.4068364497e-06 4.9924501860e+01
4.4507179828e-05 1.1921134899e-04 3.4294052547e+01
-3.4886259882e-04 5.6026971634e-06 1.9087298720e+01
-2.3674824325e-04 7.7715361803e-05 3.6900958585e+01
-2.3662138224e-04 7.5353335172e-05 3.6992922097e+01
-3.5474103562e-06 7.4760922176e-06 4.5453633996e+01
4.2545333396e-06 7.5002707431e-06 4.3898226889e+01
1.2048225724e-05 7.5272271850e-06 4.2177109559e+01
1.9840199609e-05 7.5568165692e-06 4.0307176726e+01
2.7612634166e-05 7.5886445025e-06 3.8320846202e+01
1.1334370314e-04 3.0417691852e-05 2.2878345415e+01
3.5372399616e-05 7.6216980813e-06 3.6254186113e+01
2.6194267127e-04 8.7097363094e-05 1.4757868027e+01
4.3121294575e-05 7.6557341533e-06 3.4152214811e+01
3.8118662018e-04 1.2707385074e-05 8.5142501387e+00
-1.2699082763e-04 4.2251949328e-05 4.4621742836e+01
1.2084838075e-04 3.1106829759e-05 2.2903189321e+01
-8.3902851839e-05 8.7136378690e-05 3.6347253626e+01
3.4890658015e-04 3.7517625855e-06 1.3730405974e+01
5.2072530195e-05 1.2699985491e-04 3.6520585936e+01
5.4263047597e-05 1.2567758999e-04 3.1360797477e+01
-1.2018996674e-04 4.2178205432e-05 4.4812942062e+01
1.2847122571e-04 3.1870763335e-05 2.2928692766e+01
6.2411810535e-05 7.7463653822e-06 2.9101349822e+01
-1.0652967591e-04 4.2058050934e-05 4.5135737160e+01
7.0101453320e-05 7.7801228301e-06 2.7313002116e+01
7.7775926339e-05 7.8111822170e-06 2.5747172458e+01
8.5437464468e-05 7.8382503645e-06 2.4465053386e+01
9.3090763732e-05 7.8594054078e-06 2.3530596022e+01
-7.5139178203e-05 8.7039104040e-05 3.6578031636e+01
-1.4041286198e-04 8.7084272016e-05 3.5761629710e+01
2.3391553120e-04 1.3539603173e-04 1.3955240780e+01
1.0074546605e-04 7.8720639884e-06 2.2987149089e+01
1.0841829329e-04 7.8747988901e-06 2.2829657554e+01
3.5664047609e-04 6.3491556976e-05 1.2341972723e+01
3.5317440205e-04 6.2660898701e-05 1.2567244041e+01
1.1612687640e-04 7.8838458391e-06 2.2670635624e+01
-4.8188672678e-05 4.5359853041e-05 4.4078217021e+01
-4.1387160993e-05 4.5419286288e-05 4.3684828663e+01
1.2387875469e-04 7.9176143645e-06 2.2633061569e+01
1.6350309610e-04 3.6094691975e-05 1.9451195369e+01
-3.4595284901e-05 4.5498858167e-05 4.3164920688e+01
1.3167054235e-04 7.9800265510e-06 2.2554499990e+01
-2.7817017937e-05 4.5600777836e-05 4.2498707678e+01
-3.0098922530e-04 2.2938359545e-05 1.7119455285e+01
2.3011426005e-04 1.0504167969e-04 1.4826488087e+01
-2.0346993457e-04 5.9609154006e-05 3.8836246776e+01
-1.4053782577e-04 6.9520952248e-05 3.8604899329e+01
-1.0961333250e-05 4.5969141582e-05 4.0052543187e+01
1.5132066287e-04 8.2941349424e-06 2.2063033741e+01
-4.2694688794e-06 4.6168463550e-05 3.8704740363e+01
3.7317810437e-04 8.1264984412e-06 8.0527001363e+00
2.8286263604e-04 7.3101360255e-05 1.4773307347e+01
3.6610692718e-04 4.8699979015e-05 1.2162615004e+01
-1.0107567104e-04 7.7833613138e-05 3.7706191637e+01
1.5922570356e-04 8.4944395391e-06 2.1708099670e+01
3.8350563369e-05 1.0192923457e-04 2.7299580859e+01
3.3631837984e-04 4.4285647534e-05 1.4054991284e+01
-1.1003041044e-04 7.8047093603e-05 3.7504818966e+01
-1.1183204384e-04 7.6187844396e-05 3.7822628331e+01
2.7750356442e-04 8.8961907478e-06 1.9289928549e+01
2.1760300400e-04 9.8090370662e-05 1.5228348996e+01
2.1699073544e-04 9.4318962497e-05 1.5360456502e+01
3.3685294033e-04 4.8161404691e-05 1.3900502688e+01
3.1740119897e-05 1.0455165978e-04 3.1761993780e+01
2.9099562837e-05 1.0395502757e-04 3.2514588574e+01
1.9468131481e-04 4.0538141928e-05 1.7553906751e+01
3.0189536631e-04 9.9128994458e-05 1.3436081477e+01
2.9801301362e-04 9.8318804360e-05 1.3591377087e+01
3.4776611312e-05 4.8122274574e-05 2.5484092721e+01
-2.5485728882e-04 4.5074440650e-05 3.5014350708e+01
1.3774032988e-04 1.0688394930e-04 1.7045070454e+01
-2.9941602638e-04 5.4460165439e-05 2.9680405976e+01
1.8691539032e-04 9.5465752919e-06 2.0429577301e+01
1.9758165507e-04 9.2404110714e-05 1.6252475893e+01
1.9823746374e-04 9.6168200787e-05 1.6003855991e+01
1.9486943587e-04 9.8733648927e-05 1.6056924372e+01
1.9885905239e-04 9.9942109804e-05 1.5781453359e+01
1.9547368537e-04 1.0251332404e-04 1.5823115797e+01
-2.2094352232e-04 4.5242766989e-05 3.9561983623e+01
2.0253264132e-04 4.1682632030e-05 1.7370958830e+01
-2.8022420782e-04 5.7573787027e-05 3.4076134810e+01
-2.8122296761e-04 6.3617436450e-05 3.6762472210e+01
2.6374193346e-04 1.2803766363e-04 1.3485212476e+01
-1.4152413652e-04 7.1465275838e-05 3.8234952695e+01
-1.0438679494e-04 1.0769907517e-04 3.3315896561e+01
-1.0602029706e-04 1.0570300285e-04 3.3499982918e+01
-1.4908105977e-04 1.0836445040e-04 3.3960118733e+01
2.1042026004e-04 4.2817513279e-05 1.7253731742e+01
-1.8613280708e-04 9.7459111312e-05 3.5155388934e+01
3.6256938988e-04 4.8042685539e-05 1.2407318109e+01
3.6671018612e-04 5.3389003900e-05 1.2017871255e+01
2.0666079207e-04 1.0569312802e-05 1.9943032239e+01
-2.7729240446e-04 2.3006022060e-05 2.1961172154e+01
3.5280142666e-04 5.8516142263e-05 1.2722794445e+01
-1.3458620549e-04 7.5023914387e-05 3.7695855572e+01
3.0576448625e-04 9.9941616454e-05 1.3272773533e+01
-9.1617800304e-05 5.2215751102e-05 4.3161774755e+01
-3.7828033616e-04 3.9712715283e-06 1.0880960198e+01
-2.5229219578e-04 4.2506530947e-05 3.5351253241e+01
2.1456482306e-04 1.1028739561e-05 1.9865454972e+01
-2.7160047003e-04 3.9501981085e-05 2.8863530438e+01
6.7647900353e-05 1.3192278957e-04 1.8251498769e+01
-3.7434431044e-04 3.8147509142e-06 1.4226202806e+01
-3.6854678998e-04 7.3033616400e-06 1.4885599463e+01
-3.6452264018e-04 6.8943972110e-06 1.6088530475e+01
-3.6273200108e-04 1.0523160065e-05 1.5187217733e+01
-3.5877447070e-04 9.9258064038e-06 1.6493970167e+01
-3.6046947589e-04 6.5678417611e-06 1.7602691561e+01
-3.5693354302e-04 1.3518533320e-05 1.5432932405e+01
-1.4994882577e-04 8.3638294801e-05 3.6219302381e+01
1.9689348853e-04 8.8651432169e-05 1.6515127878e+01
8.0348240633e-05 1.0774586476e-04 2.2161577468e+01
-1.5123963182e-04 5.5018022139e-05 4.1201955230e+01
-1.4604229596e-04 5.1269237594e-05 4.2122617657e+01
3.3575764105e-04 4.0441191097e-05 1.4212331877e+01
-3.8293238077e-04 9.3081878305e-06 8.2293813836e+00
3.6293342719e-04 5.6683817269e-05 1.2170739066e+01
-1.7023978206e-04 8.7199105317e-05 3.5815145242e+01
9.5694261210e-05 1.4857768518e-04 1.9493929841e+01
9.5460145838e-05 1.5164257743e-04 1.9312119716e+01
9.8605329968e-05 1.5369080212e-04 1.9000846517e+01
-1.1724389965e-04 1.1241502408e-04 3.3216148892e+01
1.0571099677e-04 1.1631164147e-04 2.2034116850e+01
3.3400995521e-04 5.5433371180e-05 1.3786942080e+01
3.0642936471e-04 5.1517782694e-05 1.4887945254e+01
1.1114679053e-04 5.8329907465e-05 2.2878967973e+01
-1.0276779986e-04 1.0970487259e-04 3.3148699512e+01
-1.0225354304e-04 1.1384517655e-04 3.2911656994e+01
-9.9572453790e-05 1.1374614395e-04 3.2875711595e+01
-9.7995337866e-05 1.1578014103e-04 3.2776719794e+01
-9.5326049779e-05 1.1569092670e-04 3.2736838035e+01
-1.0067338882e-04 1.1579222236e-04 3.2821964799e+01
-1.0334150501e-04 1.1588194644e-04 3.2866667643e+01
1.6192286221e-04 1.5329198624e-04 1.5028705252e+01
3.0478051630e-04 9.2154721080e-05 1.3594438075e+01
3.0815489726e-04 8.9042954607e-05 1.3593052521e+01
1.1880703818e-04 1.5041445872e-04 1.7148978965e+01
-3.0483652603e-04 2.1213909620e-05 1.7106030660e+01
-2.7133234061e-04 2.2320771125e-05 2.6139261567e+01
-2.3889197823e-04 2.2278245915e-05 3.9073500392e+01
1.1852210708e-04 5.9771742225e-05 2.2919506440e+01
-2.8490773829e-04 3.8495792367e-05 2.0130304637e+01
-1.0054357012e-04 1.0550593638e-04 3.3488506588e+01
-9.7801520458e-05 1.0541749054e-04 3.3488667458e+01
1.9944988851e-04 1.0372537909e-04 1.5594276151e+01
1.9604559989e-04 1.0630189111e-04 1.5632869862e+01
4.4976711280e-05 9.9506291703e-05 2.1921985858e+01
-1.0593596699e-04 1.1624278452e-04 3.2906485244e+01
-1.0857318202e-04 1.1646069139e-04 3.2954021063e+01
-2.2155139284e-04 7.2322079001e-05 3.7132702712e+01
2.3440755601e-04 1.2281186510e-05 1.9848112835e+01
1.9670893683e-04 1.5062200124e-04 1.4159879881e+01
1.9273259455e-04 1.4938352414e-04 1.4307633918e+01
1.9213342692e-04 8.3742827655e-05 1.7013824935e+01
-3.0036566418e-04 5.1954791644e-05 2.5462618303e+01
-1.4392727832e-04 1.0162592451e-04 3.4249811062e+01
-1.4122140275e-04 1.0142818030e-04 3.4228366832e+01
3.2442024898e-04 1.0012827327e-04 1.2533191721e+01
-2.0192787793e-04 7.8069298704e-05 3.6770522609e+01
-1.4650833491e-04 1.0805009935e-04 3.3923888506e+01
6.8972142575e-05 9.0641048686e-05 2.2371910509e+01
8.0683625376e-05 1.1065602930e-04 2.2086072247e+01
3.3633770531e-04 7.5280033313e-05 1.2980602530e+01
-2.3417186909e-04 7.4785604249e-05 3.6979458682e+01
-2.3404087435e-04 7.2461758472e-05 3.7078620223e+01
-1.8949620303e-04 8.0800924454e-05 3.6526611507e+01
6.2884229729e-05 1.3377895133e-04 2.9147543250e+01
6.0559343367e-05 1.3468551949e-04 2.9587047361e+01
6.0246745487e-05 1.3704573026e-04 4.3984241661e+01
5.8253262918e-05 1.3574462381e-04 5.1559766405e+01
5.6230508730e-05 1.3437953939e-04 5.2138031263e+01
5.3641817931e-05 1.3597863310e-04 6.8462458227e+01
9.2232675291e-05 1.4997199514e-04 1.9627922616e+01
8.9103093499e-05 1.4829488703e-04 1.9962958033e+01
8.5062719537e-05 1.5005786158e-04 1.9879477698e+01
8.2486700165e-05 1.4762946723e-04 2.0358668022e+01
3.2065922961e-04 9.9274835073e-05 1.2727657781e+01
-3.6486920968e-04 1.9968955716e-05 1.1882122460e+01
-3.6180937769e-04 2.4338566026e-05 1.1680856887e+01
-3.5608281966e-04 2.7326365279e-05 1.2278999267e+01
-3.5858052288e-04 2.8674862932e-05 1.1624148435e+01
-3.5297539110e-04 3.1483109993e-05 1.2226642540e+01
-3.6497498419e-04 2.5326176794e-05 1.0969756272e+01
-3.6014372301e-04 3.0973207758e-05 1.1106790070e+01
-3.5042139859e-04 3.0057130883e-05 1.3001495116e+01
-3.4740384107e-04 3.4219835645e-05 1.2937380359e+01
-3.5055878067e-04 3.5333768642e-05 1.2156169454e+01
-3.4459090179e-04 3.8752637113e-05 1.2799847464e+01
4.9094218267e-05 9.6312649420e-05 2.2193040339e+01
9.6047928102e-05 1.4522832944e-04 1.9448364889e+01
-3.7678465191e-04 1.2873294925e-05 1.0074178700e+01
-3.7338264877e-04 1.7399568561e-05 1.0445728560e+01
-3.6774474680e-04 2.0797563154e-05 1.1121860898e+01
1.3743636462e-04 6.3729590760e-05 2.0504253062e+01
-1.7519390685e-04 6.9366093272e-05 3.8104140033e+01
2.9615563126e-04 3.9297147105e-05 1.5627285848e+01
2.9948514650e-04 3.6196774246e-05 1.5657047942e+01
-3.4757990201e-04 2.8650799664e-05 1.4043251163e+01
2.4240132159e-04 1.2811004971e-05 1.9881254909e+01
1.4497470446e-04 6.5403542632e-05 1.9040385143e+01
-2.8174931592e-04 6.1111727168e-05 3.5699965721e+01
3.2290002199e-04 5.7596986676e-05 1.4159933966e+01
3.2343946038e-04 6.1452639906e-05 1.4009836944e+01
3.2731242146e-04 6.2062698457e-05 1.3840418753e+01
3.2395898757e-04 6.5331790197e-05 1.3858198363e+01
3.2007835136e-04 6.4700876482e-05 1.4021924100e+01
1.1863004970e-04 1.5376036091e-04 1.7089229743e+01
1.1871798209e-04 1.5705848667e-04 1.7345863635e+01
1.1183964096e-04 1.5787051390e-04 1.8233833333e+01
1.9207913092e-04 1.0506359358e-04 1.5877320563e+01
1.9263011472e-04 1.0885704934e-04 1.5680888754e+01
1.8920218163e-04 1.1138971677e-04 1.5739569793e+01
1.8969636522e-04 1.1519439622e-04 1.5568708855e+01
-7.1593821898e-05 1.0695838252e-04 3.3464617718e+01
-1.8415538966e-04 9.9343523748e-05 3.5021631205e+01
-1.7941439660e-04 1.0084056419e-04 3.4862725163e+01
-1.8198259661e-04 1.0146625308e-04 3.4879911046e+01
-2.3235071658e-04 4.2256844207e-05 3.8621152483e+01
-2.6512122270e-04 2.1778307980e-05 2.9714453692e+01
3.0139957323e-04 9.5246586024e-05 1.3593829115e+01
2.2306400894e-04 8.5167843423e-05 1.5519282938e+01
2.1902724840e-04 8.4123014283e-05 1.5684824173e+01
2.1971013410e-04 8.7870046872e-05 1.5512891867e+01
2.1568083893e-04 8.6802682702e-05 1.5685124754e+01
2.1498386951e-04 8.3059484408e-05 1.5878369090e+01
2.1635009574e-04 9.0556113120e-05 1.5511474701e+01
3.4069559145e-04 4.8671855994e-05 1.3693338266e+01
-2.7970699266e-04 6.0069893316e-05 3.5221700527e+01
-2.7547955224e-04 5.8133436938e-05 3.4630019010e+01
-1.4823302274e-04 4.9541650327e-05 4.2422483312e+01
2.9868688712e-04 3.2556886283e-05 1.5836629136e+01
3.8140985729e-04 2.1570343808e-05 1.0552537904e+01
3.8152696391e-04 2.6133439197e-05 1.0981952824e+01
3.7849167782e-04 2.9715267580e-05 1.1305919213e+01
3.8493832356e-04 1.8226362428e-05 1.0044347837e+01
3.8195121049e-04 3.1197143770e-05 1.1169879085e+01
3.7513507845e-04 2.9135895583e-05 1.1472282511e+01
3.7532876063e-04 3.3420467825e-05 1.1606958804e+01
3.7191364193e-04 3.2877194545e-05 1.1815753648e+01
3.7582440051e-04 3.7859198095e-05 1.1622868947e+01
3.7247129058e-04 4.1493314655e-05 1.1837194248e+01
4.6364770806e-05 9.5528228011e-05 2.2252718425e+01
-2.4594850753e-04 2.4308123734e-05 3.7071688505e+01
-2.4901439142e-04 2.2658347543e-05 3.6264295868e+01
2.3045081745e-04 8.3453786470e-05 1.5395210626e+01
3.2970471315e-04 8.1795141194e-05 1.3033489355e+01
-2.8829359644e-04 6.2133571751e-05 3.6735846580e+01
-2.1759187852e-04 4.3082954098e-05 4.0107719445e+01
-1.6822086818e-04 8.9089480369e-05 3.5609332355e+01
-2.7412804554e-04 4.0122104218e-05 2.7888439620e+01
-1.6379225307e-04 9.9145331443e-05 3.4708397092e+01
3.0613149736e-04 2.9930651972e-05 1.5726653586e+01
-1.1794878196e-04 1.0830421913e-04 3.3430244592e+01
-1.2408278972e-04 1.0448818309e-04 3.3776627250e+01
-2.6747551733e-04 6.5331665058e-05 3.6703914788e+01
-2.6932843141e-04 6.8694114770e-05 3.7420739987e+01
-2.7177708949e-04 6.7161351673e-05 3.7237985798e+01
-2.7125824750e-04 6.9747845116e-05 3.7779891409e+01
-2.7372242563e-04 6.8372235890e-05 3.7669416208e+01
-2.7592842215e-04 6.9915743605e-05 3.8308856066e+01
-2.7059655778e-04 7.2453448621e-05 3.8284572832e+01
-2.6526838484e-04 6.4479609854e-05 3.6544773091e+01
-2.6302359791e-04 6.3670229161e-05 3.6448956152e+01
-2.6327994065e-04 6.1249837254e-05 3.6073095929e+01
-2.6074137195e-04 6.2902222325e-05 3.6408865322e+01
-1.1862955216e-04 1.0420212705e-04 3.3739525041e+01
-2.5804498480e-04 3.9123785269e-05 3.3663704208e+01
6.9775586460e-05 1.1107796717e-04 2.1661623558e+01
-2.9570791951e-04 5.1823865498e-05 2.6805502449e+01
-2.6934753036e-04 3.6751752551e-05 2.9161119964e+01
-3.4193634758e-04 3.6658475905e-05 1.3826181950e+01
-6.1830000598e-05 5.2138544247e-05 4.3246005343e+01
9.3299727284e-05 1.4003426175e-04 1.9498604009e+01
5.4267738309e-05 8.6467506339e-05 2.2397428205e+01
-3.0584953423e-04 1.8794568442e-05 1.7094048408e+01
7.0061079253e-05 1.1382355632e-04 2.1491570307e+01
1.5474383863e-04 1.0299573594e-04 1.7028633120e+01
1.5522294807e-04 1.0664865086e-04 1.7025547912e+01
3.3054310646e-04 3.2481145787e-05 1.4760635703e+01
-3.3328229287e-04 3.1899470153e-05 1.7006930596e+01
-3.2816428317e-04 3.3838377636e-05 1.7015709207e+01
3.2016422485e-04 9.5323027936e-05 1.2907894628e+01
-2.4382817624e-04 3.9379554413e-05 3.6973336530e+01
-2.4671812899e-04 3.9695857214e-05 3.6411168750e+01
-2.7420774214e-04 6.5654251821e-05 3.6995252764e+01
-2.7197635687e-04 3.7301490255e-05 2.8039675862e+01
-2.6996958520e-04 6.3735956135e-05 3.6396615291e+01
-9.7535841249e-05 9.5296312642e-05 3.4774649556e+01
-2.8886947620e-04 5.9477204473e-05 3.5041421103e+01
3.4633299215e-04 3.3923650739e-05 1.3777174865e+01
-1.0328350632e-04 1.0560107862e-04 3.3492368379e+01
8.3019547437e-05 1.0613297377e-04 2.2286184457e+01
7.9970957159e-05 1.0486319426e-04 2.2228100347e+01
1.6743594578e-04 7.0519211882e-05 1.7056998060e+01
-2.9879942722e-04 3.6068878862e-05 1.7191866372e+01
2.2557943024e-04 1.0022129111e-04 1.5011502519e+01
2.2216573220e-04 1.0294625065e-04 1.5008252697e+01
2.3380461111e-04 8.0698539954e-05 1.5414778750e+01
-1.3436981419e-04 5.8182805031e-05 4.0974478288e+01
-1.3752974063e-04 5.8262828070e-05 4.0882815840e+01
-1.8553614461e-04 9.5225389193e-05 3.5280243849e+01
-1.8756221759e-04 9.3336716744e-05 3.5431771368e+01
-1.7104341465e-04 9.7776983500e-05 3.4906394651e+01
1.0869487343e-04 1.5205867672e-04 1.8273257231e+01
-3.0933429499e-04 2.5305821473e-05 1.7126861049e+01
2.6743749314e-04 7.3751432743e-05 1.5040773648e+01
2.6808850952e-04 7.7495052652e-05 1.4919563225e+01
2.7210173004e-04 7.8300311677e-05 1.4826644863e+01
1.2533639449e-04 1.1868343675e-04 1.7066550647e+01
1.2553909175e-04 1.2222991369e-04 1.7094648394e+01
3.4094443303e-04 8.4149442092e-05 1.2424227495e+01
3.4174473679e-04 8.8415088779e-05 1.2216940463e+01
3.4864279251e-04 8.1819071920e-05 1.2127525214e+01
3.4810160502e-04 7.7486931845e-05 1.2318007283e+01
-3.1369014159e-04 4.9916394041e-05 1.7648608405e+01
1.4267042837e-04 1.2286724257e-04 1.7071899131e+01
-1.4929983120e-04 7.5688267130e-05 3.7416707012e+01
3.4252045046e-04 6.4619300944e-05 1.3068649714e+01
1.2224316393e-04 1.4872398718e-04 1.7227728281e+01
-2.9612030801e-04 1.9416053526e-05 1.7097232847e+01
-2.9535744857e-04 2.1651145782e-05 1.7106786152e+01
9.9688655876e-05 1.4021048643e-04 1.8655276971e+01
2.8377607575e-04 3.7518702207e-05 1.6079268530e+01
2.8459680825e-04 4.1151262469e-05 1.5874104395e+01
2.4120026077e-04 7.8871036037e-05 1.5325696606e+01
2.3784391378e-04 8.1663006966e-05 1.5299875214e+01
-3.2543310265e-04 3.2348323343e-05 1.7057010479e+01
2.5585159578e-04 1.2614656419e-04 1.3765938768e+01
2.5190217739e-04 1.2518797541e-04 1.3896123194e+01
2.5142762259e-04 1.2138113671e-04 1.4032453578e+01
2.4794984338e-04 1.2421939994e-04 1.4019621298e+01
-2.8548304757e-04 3.6213912278e-05 1.8082421577e+01
3.4094155715e-04 3.6292006885e-06 1.6174729647e+01
3.3777363347e-04 7.1750408585e-06 1.5986455450e+01
3.3349158886e-04 7.1405012837e-06 1.6461832708e+01
3.3252845467e-04 3.5790645753e-06 1.6833387094e+01
3.3830922596e-04 1.0994868178e-05 1.5540328304e+01
3.3497130972e-04 1.4592241380e-05 1.5506225989e+01
3.4172147555e-04 7.3198298878e-06 1.5441086979e+01
3.3114716328e-04 9.3873508370e-05 1.2495092634e+01
3.3186393993e-04 9.7980352176e-05 1.2292531373e+01
3.3490842925e-04 9.1242059179e-05 1.2429763774e+01
-2.4382042207e-04 5.1962293938e-05 3.6977496072e+01
1.1896166746e-04 1.4703411106e-04 1.7219523524e+01
-2.8572320480e-04 2.4408504275e-05 1.7032737644e+01
-8.9983568007e-05 1.1552644385e-04 3.2666443433e+01
-3.6218389690e-04 3.3254932007e-06 2.0192704707e+01
-3.5650742051e-04 6.2975909034e-06 1.8184653892e+01
2.9609619525e-04 1.1300114601e-04 1.3092587765e+01
2.9758885344e-04 6.8420258712e-05 1.4578811695e+01
3.1561339213e-04 6.0245542278e-05 1.4322068690e+01
3.1617380434e-04 6.4073467150e-05 1.4177011776e+01
3.1280667129e-04 6.7272450908e-05 1.4180975501e+01
3.1671492074e-04 6.7921862883e-05 1.4030490733e+01
3.1334876286e-04 7.1117455011e-05 1.4036079349e+01
3.1723937136e-04 7.1789777151e-05 1.3881693285e+01
3.0887722964e-04 6.6622704619e-05 1.4323773693e+01
2.9750835792e-04 9.4451998574e-05 1.3743032849e+01
3.0910845471e-04 4.4624047564e-05 1.5047637527e+01
2.7890803412e-04 1.2781689144e-04 1.3039178313e+01
2.8224164588e-04 1.2909575924e-04 1.2872618678e+01
2.7545830238e-04 1.3073491523e-04 1.3020711343e+01
2.7158741767e-04 1.2987096251e-04 1.3179882452e+01
2.7209440285e-04 1.3373904146e-04 1.2992134372e+01
2.6766173775e-04 1.2895124451e-04 1.3336177047e+01
2.6326675748e-04 1.2421587124e-04 1.3645607516e+01
-2.6794944704e-04 4.5600185575e-05 3.1953958754e+01
3.4777818448e-04 1.8906273436e-05 1.3919677121e+01
3.4846018367e-04 2.2689474069e-05 1.3788915642e+01
4.5694046782e-05 9.3147133638e-05 2.2280493654e+01
3.2096347702e-04 2.4365941868e-05 1.5530760320e+01
2.8960847256e-04 6.7036549873e-05 1.4813912405e+01
1.7636982084e-04 1.3269725075e-04 1.5551460889e+01
1.7298907164e-04 1.3888219219e-04 1.5424571011e+01
1.7996480607e-04 1.3027531359e-04 1.5466071675e+01
-2.3844608961e-04 4.9003586884e-05 3.7576296299e+01
-2.3572925206e-04 5.0747457203e-05 3.7795951252e+01
-2.3306300757e-04 5.2500145364e-05 3.7951387121e+01
6.0847677784e-05 1.3217948657e-04 2.7943584058e+01
-2.6615950676e-04 5.7217151815e-05 3.5136295215e+01
2.2027448846e-04 1.1703545102e-04 1.4733282914e+01
2.1679392005e-04 1.1973527875e-04 1.4736085477e+01
2.1284941685e-04 1.1861523012e-04 1.4832942858e+01
2.1329958649e-04 1.2241627120e-04 1.4740414703e+01
2.1724220040e-04 1.2353487409e-04 1.4641968018e+01
2.0936047922e-04 1.2127501434e-04 1.4841328918e+01
2.0979030785e-04 1.2507754102e-04 1.4745968816e+01
2.0585653358e-04 1.2391450526e-04 1.4851690645e+01
2.0626427584e-04 1.2771839333e-04 1.4752378012e+01
2.0233573729e-04 1.2653270490e-04 1.4863770556e+01
2.1019816657e-04 1.2887882032e-04 1.4645190940e+01
2.0271939538e-04 1.3033735280e-04 1.4759202533e+01
2.0192708854e-04 1.2272644022e-04 1.4964929367e+01
2.0890703568e-04 1.1747247429e-04 1.4935182582e+01
1.9841243056e-04 1.2532076658e-04 1.4984263373e+01
2.2074071696e-04 1.2083380782e-04 1.4641112503e+01
2.2118804988e-04 1.2463218586e-04 1.4543171614e+01
2.1767162356e-04 1.2733347942e-04 1.4541078370e+01
2.2161880275e-04 1.2842916646e-04 1.4436604246e+01
2.2513705095e-04 1.2570943881e-04 1.4441996004e+01
2.2556992679e-04 1.2950525521e-04 1.4328524720e+01
2.1808468807e-04 1.3112968919e-04 1.4430479420e+01
2.2908917033e-04 1.2676771525e-04 1.4337010489e+01
2.2864114049e-04 1.2297070702e-04 1.4447127781e+01
2.2952482746e-04 1.3056310879e-04 1.4215812723e+01
2.2599074354e-04 1.3329849688e-04 1.4202922856e+01
2.0149065284e-04 1.1892004512e-04 1.5067240737e+01
2.8643549979e-04 1.2643862226e-04 1.2850300731e+01
1.2569504631e-04 1.4699568522e-04 1.7250166914e+01
1.1982983499e-04 9.6967959944e-05 2.0271938266e+01
1.1678429058e-04 9.8941263376e-05 2.1091103265e+01
2.5263805464e-04 7.7855763136e-05 1.5159845823e+01
-3.1953139626e-04 1.8769505438e-06 1.7108584488e+01
-3.1517506082e-04 3.7424386634e-06 1.7094105007e+01
3.2049285864e-04 3.2309832161e-06 1.7229247559e+01
3.1302971085e-04 6.1699088929e-06 1.7197477969e+01
3.2106557400e-04 6.6002243447e-06 1.7046348735e+01
-2.5087487160e-04 6.9649781221e-05 3.7127975409e+01
-2.5082000976e-04 7.2056434421e-05 3.7230161402e+01
-2.4847786642e-04 7.1365718201e-05 3.7191222477e+01
3.7680447528e-05 9.9617931703e-05 2.6522495174e+01
1.0878227819e-04 1.1451718064e-04 2.0761637789e+01
2.7545984766e-04 3.6239278731e-05 1.6567933187e+01
2.7631394541e-04 3.9858475008e-05 1.6142956953e+01
2.7215783969e-04 3.9180939619e-05 1.6200406158e+01
2.4978037481e-04 1.3943110890e-04 1.3391678314e+01
2.5373075902e-04 1.4039838990e-04 1.3237517142e+01
2.4618261577e-04 1.4215081730e-04 1.3366104373e+01
2.4225686453e-04 1.4120051403e-04 1.3513730999e+01
2.4237433814e-04 1.4468947508e-04 1.3349670669e+01
2.5722908887e-04 1.3756221902e-04 1.3266876939e+01
2.4184032906e-04 1.3743221727e-04 1.3685284314e+01
2.1962614961e-04 1.4626550796e-04 1.3845918770e+01
2.1600869624e-04 1.4892781669e-04 1.3806217224e+01
2.1202220736e-04 1.4780559783e-04 1.3951476563e+01
2.1236941431e-04 1.5156590814e-04 1.3759111787e+01
2.1631111452e-04 1.5246406529e-04 1.3618816817e+01
2.1238180392e-04 1.5541949648e-04 1.3547731252e+01
2.0804426139e-04 1.4666291212e-04 1.4092922567e+01
2.2002705064e-04 1.4992574713e-04 1.3661663493e+01
2.2444656288e-04 1.5150862593e-04 1.3472794679e+01
2.0850000484e-04 1.5402648543e-04 1.3715677360e+01
2.2760429619e-04 1.4842473494e-04 1.3550796701e+01
-1.7460642656e-04 4.4886201251e-05 4.2435242313e+01
2.2817828155e-04 1.1917325972e-04 1.4548221007e+01
2.3213186897e-04 1.2021401831e-04 1.4452388631e+01
-2.5366701372e-04 6.0837886735e-05 3.6542461519e+01
2.5315260640e-04 2.4811840472e-05 1.8342136140e+01
2.4978065796e-04 2.7390054797e-05 1.8086331061e+01
2.4574621326e-04 2.7028172532e-05 1.8251990737e+01
2.4641299225e-04 2.9948940918e-05 1.7848799878e+01
2.4238533577e-04 2.9559819020e-05 1.8011548510e+01
2.5043080916e-04 3.0316776158e-05 1.7696108083e+01
2.4170551547e-04 2.6646528535e-05 1.8327764166e+01
2.3835269483e-04 2.9152058042e-05 1.8082244288e+01
2.4305067584e-04 3.2490274109e-05 1.7658795012e+01
2.3767047343e-04 2.6251274372e-05 1.8335905873e+01
2.3432555234e-04 2.8731562781e-05 1.8102105478e+01
2.3500623960e-04 3.1643431177e-05 1.7868185340e+01
2.3098763580e-04 3.1198877188e-05 1.7903810277e+01
2.3030853769e-04 2.8302361559e-05 1.8119431755e+01
2.5380339364e-04 2.7730231852e-05 1.7892067518e+01
2.5443601831e-04 3.0663509686e-05 1.7485975748e+01
2.5781310149e-04 2.8048488529e-05 1.7708950756e+01
3.4119317312e-04 2.5966502459e-05 1.4389164688e+01
-2.0195842864e-04 2.4830952017e-05 4.4356120118e+01
-2.0549478812e-04 2.4879516131e-05 4.3997687878e+01
-1.9999992536e-04 2.8144268436e-05 4.3967199000e+01
-2.0896122535e-04 2.4938483510e-05 4.3619071019e+01
-2.1457750445e-04 2.1712258925e-05 4.3448375741e+01
-2.1809051202e-04 2.1766582453e-05 4.2964386303e+01
-1.8905005014e-04 8.9230924973e-05 3.5750816126e+01
1.6601165758e-04 8.2969145920e-05 1.7044131661e+01
1.6280003230e-04 8.5332704707e-05 1.7043500479e+01
1.5902410368e-04 8.4213837178e-05 1.7051955639e+01
2.4706121838e-04 3.2884003734e-05 1.7508692264e+01
-2.3221783713e-04 8.1269961774e-05 3.6618956948e+01
-2.3463653786e-04 8.1867041126e-05 3.6632462129e+01
-2.3238388570e-04 8.3610257426e-05 3.6494507587e+01
-2.3481631499e-04 8.4260636875e-05 3.6498777867e+01
-3.3640922167e-04 2.0351599897e-05 1.7032211580e+01
-1.8620244668e-04 7.8369175592e-05 3.6799843366e+01
1.5104621515e-04 7.8782018278e-05 1.7019419927e+01
1.4792960534e-04 8.1041887365e-05 1.7006756373e+01
-3.4733655644e-04 1.5445010946e-05 1.7089521630e+01
-3.4539434238e-04 1.8952943613e-05 1.6997010570e+01
1.8542724940e-04 1.5792262898e-04 1.3984843604e+01
2.5015764276e-04 1.4373766665e-04 1.3181330851e+01
2.5446724520e-04 1.4420068086e-04 1.3034891426e+01
-2.0298091824e-04 1.3588544158e-05 4.6096598051e+01
-1.9922723292e-04 1.3569536262e-05 4.6496893894e+01
-2.0023884018e-04 1.5139873178e-05 4.6142025280e+01
-1.9752889404e-04 1.6695051931e-05 4.6156009954e+01
-1.9546785597e-04 1.3551981042e-05 4.6869184821e+01
2.5936078791e-04 7.2110392689e-05 1.5226803357e+01
1.6962690676e-04 1.5258537500e-04 1.4704547111e+01
1.6968577884e-04 1.5634229208e-04 1.4432125267e+01
1.7356230481e-04 1.5770548810e-04 1.4246271811e+01
1.6973091494e-04 1.6007361948e-04 1.4142635811e+01
3.2256291574e-04 8.4244502787e-05 1.3238547666e+01
2.2099229656e-04 2.1831917972e-05 1.8624024206e+01
2.1766792655e-04 2.4195701642e-05 1.8397365249e+01
2.1370144037e-04 2.3783736077e-05 1.8443304952e+01
2.1435478778e-04 2.6550685041e-05 1.8212494940e+01
2.1039358906e-04 2.6113670085e-05 1.8270068293e+01
2.1832614005e-04 2.6989521491e-05 1.8174514806e+01
2.1501897074e-04 2.9361309175e-05 1.7995304558e+01
2.0974401245e-04 2.3375121020e-05 1.8509074777e+01
2.0644055855e-04 2.5679807982e-05 1.8336827708e+01
2.0709818941e-04 2.8437075786e-05 1.8116301192e+01
2.0315036936e-04 2.7978931235e-05 1.8198339026e+01
2.0249701130e-04 2.5250032062e-05 1.8423217376e+01
2.2164497210e-04 2.4609570913e-05 1.8373525911e+01
2.2230807898e-04 2.7428949212e-05 1.8134396577e+01
2.2563259479e-04 2.5023656998e-05 1.8351771211e+01
2.2630203066e-04 2.7867269474e-05 1.8130779574e+01
2.2298078868e-04 3.0286634192e-05 1.7938976135e+01
2.2963273171e-04 2.5437050454e-05 1.8338569837e+01
2.2896666396e-04 2.2607775457e-05 1.8584619236e+01
2.3297219198e-04 2.2994475943e-05 1.8596563823e+01
1.6831885135e-04 5.5901940235e-05 1.7622391420e+01
1.6512619098e-04 5.8159266871e-05 1.7646723677e+01
1.6132444293e-04 5.7414006810e-05 1.7993246135e+01
-2.5501428188e-04 4.2931086203e-05 3.4791341049e+01
-1.5760308893e-04 8.2124467950e-05 3.6409372431e+01
-1.5840863689e-04 8.4197819352e-05 3.6136860319e+01
-1.6120687755e-04 8.4401921964e-05 3.6112044042e+01
-1.5920319131e-04 8.6287310614e-05 3.5879979388e+01
-1.6197991134e-04 8.6500437685e-05 3.5861859636e+01
-1.5559972974e-04 8.4002663767e-05 3.6162976445e+01
2.0092767244e-04 8.9824947408e-05 1.6205875574e+01
-2.0877849650e-04 5.8073497653e-05 3.8830798134e+01
-1.8791799830e-04 1.3522208131e-05 4.7541161473e+01
-1.8901399736e-04 1.5085285038e-05 4.7185701317e+01
-1.9169231955e-04 1.3537782038e-05 4.7216774603e+01
-1.9009198375e-04 1.6651643341e-05 4.6827408683e+01
-1.0318391632e-04 9.5460611459e-05 3.4705200647e+01
1.4153039841e-04 5.0959137190e-05 2.0991969662e+01
1.4225731570e-04 5.3757585079e-05 2.0631337176e+01
1.4608311288e-04 5.4473152107e-05 1.9983341613e+01
1.4920397704e-04 5.2334191011e-05 1.9743535320e+01
1.5303382180e-04 5.3035779338e-05 1.9200535964e+01
1.5370278131e-04 5.5928166228e-05 1.8863497922e+01
3.3296807653e-04 4.7663205947e-05 1.4096161190e+01
1.2143390700e-04 7.1125140306e-05 2.3050877593e+01
1.2214217486e-04 7.4087801836e-05 2.2972011060e+01
1.2587766627e-04 7.5055340151e-05 2.1828374418e+01
1.2283418227e-04 7.7100623832e-05 2.2516223750e+01
1.1911082414e-04 7.6106076205e-05 2.3026232631e+01
1.1979576626e-04 7.9121750905e-05 2.3012963053e+01
1.1610668288e-04 7.8104579003e-05 2.2884011952e+01
1.1542649641e-04 7.5138280175e-05 2.2905773308e+01
1.1246145162e-04 7.7119735796e-05 2.2903308698e+01
1.1178434615e-04 7.4198283954e-05 2.2884792017e+01
1.0886096687e-04 7.6157683137e-05 2.2868056781e+01
1.0818374018e-04 7.3284824448e-05 2.2863401301e+01
1.0530056955e-04 7.5226139313e-05 2.2842499111e+01
1.0462309653e-04 7.2399005703e-05 2.2837001021e+01
1.0177991178e-04 7.4323459034e-05 2.2814385056e+01
1.0110135368e-04 7.1540656854e-05 2.2811872748e+01
9.8297948880e-05 7.3449256234e-05 2.2787789362e+01
9.7617325538e-05 7.0709847494e-05 2.2786126844e+01
9.4852059985e-05 7.2606536708e-05 2.2761662066e+01
9.4169602674e-05 6.9906967215e-05 2.2761635931e+01
9.1444793716e-05 7.1786796458e-05 2.2735213462e+01
9.0757479338e-05 6.9130648576e-05 2.2738102501e+01
8.7379199309e-05 6.8381860154e-05 2.2715805246e+01
8.4731447196e-05 7.0236319717e-05 2.2689717779e+01
8.1423458515e-05 6.9503320229e-05 2.2670970740e+01
8.0719205944e-05 6.6965422407e-05 2.2677275314e+01
7.8146123859e-05 6.8798107561e-05 2.2652535111e+01
7.7434780351e-05 6.6297451487e-05 2.2661642534e+01
7.4898045008e-05 6.8120331696e-05 2.2638263939e+01
7.4178953388e-05 6.5655999644e-05 2.2647616151e+01
7.1676639507e-05 6.7472523141e-05 2.2626338896e+01
6.8483777551e-05 6.6846603601e-05 2.2615364131e+01
6.5315281464e-05 6.6248958844e-05 2.2608611193e+01
6.4569821922e-05 6.3887762521e-05 2.2619909339e+01
6.2169316183e-05 6.5680478197e-05 2.2603789366e+01
6.1415079820e-05 6.3349732102e-05 2.2614885357e+01
5.9047718154e-05 6.5132980918e-05 2.2599366986e+01
5.8282776481e-05 6.2835813167e-05 2.2611926985e+01
5.5171341581e-05 6.2346621264e-05 2.2610168477e+01
5.2864440793e-05 6.4119969421e-05 2.2599814379e+01
4.9802839153e-05 6.3647226886e-05 2.2600946091e+01
4.9006638709e-05 6.1440503868e-05 2.2612727930e+01
4.6758336474e-05 6.3200205638e-05 2.2605585158e+01
4.5951312678e-05 6.1022437363e-05 2.2615240618e+01
4.3729466508e-05 6.2779616641e-05 2.2609386425e+01
4.2912436549e-05 6.0627709642e-05 2.2623271749e+01
4.0717876375e-05 6.2377648015e-05 2.2615312646e+01
3.9889422034e-05 6.0254803193e-05 2.2615371129e+01
3.6881123440e-05 5.9904055077e-05 2.2668661174e+01
3.4735746042e-05 6.1647553767e-05 2.2528167823e+01
3.1766024956e-05 6.1312473929e-05 2.3100375558e+01
2.8784485430e-05 6.0997181678e-05 2.4988495370e+01
2.5775900486e-05 6.0701576630e-05 2.6583272170e+01
2.2745337000e-05 6.0418210971e-05 2.8089410295e+01
1.9692684839e-05 6.0152670477e-05 2.9496913205e+01
1.8698702537e-05 5.8185974512e-05 3.0165616357e+01
1.6619328082e-05 5.9905619263e-05 3.0803852916e+01
1.5596643647e-05 5.7953683767e-05 3.1425562132e+01
1.3528800495e-05 5.9669728170e-05 3.2013896005e+01
1.2476901456e-05 5.7735307609e-05 3.2594586867e+01
1.0420870842e-05 5.9450355954e-05 3.3130308727e+01
9.3407267517e-06 5.7530968402e-05 3.3675365140e+01
7.2966776878e-06 5.9248032975e-05 3.4156797720e+01
6.1893853120e-06 5.7340439476e-05 3.4671036961e+01
3.0242920703e-06 5.7162554406e-05 3.5585257207e+01
1.0082906459e-06 5.8877823598e-05 3.5957508412e+01
-1.5351674717e-07 5.6997297174e-05 3.6421947879e+01
-3.3430020467e-06 5.6844380397e-05 3.7185089930e+01
-6.5430115167e-06 5.6702685565e-05 3.7878820750e+01
-9.7526893369e-06 5.6572117212e-05 3.8507255606e+01
-1.2971183506e-05 5.6452374365e-05 3.9074390160e+01
-1.4907478700e-05 5.8173740664e-05 3.9194514219e+01
-1.8116286032e-05 5.8065216894e-05 3.9659961027e+01
-2.1332218542e-05 5.7968925722e-05 4.0073966612e+01
-2.4553525883e-05 5.7877809082e-05 4.0440953958e+01
-2.7780448623e-05 5.7796989477e-05 4.0764037786e+01
-3.1012435266e-05 5.7726989788e-05 4.1046373533e+01
-3.2423022058e-05 5.5928363230e-05 4.1404021390e+01
-3.4248091787e-05 5.7660855360e-05 4.1292014152e+01
-3.5682279648e-05 5.5869435992e-05 4.1646002563e+01
-3.7487562833e-05 5.7603732996e-05 4.1503369852e+01
-4.0730357616e-05 5.7556193664e-05 4.1683042819e+01
-4.3975410843e-05 5.7511384984e-05 4.1834700390e+01
1.2350922729e-04 8.0169397825e-05 2.1900017050e+01
-4.7222744884e-05 5.7474488718e-05 4.1960065833e+01
-3.2836611392e-05 5.9470618872e-05 4.0945588410e+01
-2.3212981192e-05 5.9706143663e-05 4.0083659659e+01
-1.3640107564e-05 6.0025349751e-05 3.8816505728e+01
-4.1372292916e-06 6.0442072587e-05 3.7037473949e+01
5.2722400304e-06 6.0971419323e-05 3.4625142713e+01
2.3689585913e-05 6.2430555030e-05 2.7378064775e+01
-3.7142252035e-05 5.4089722478e-05 4.2007772566e+01
-2.7305585933e-05 5.4272203441e-05 4.1184300085e+01
-1.7512633840e-05 5.4524706677e-05 3.9985191161e+01
-7.7815393973e-06 5.4858578731e-05 3.8318938986e+01
3.2620893203e-05 6.3388395527e-05 2.2667731131e+01
1.8657451425e-06 5.5285950894e-05 3.6085990650e+01
2.0796436181e-05 5.6468970883e-05 2.9542663347e+01
3.0008532546e-05 5.7244347379e-05 2.5152327179e+01
1.1109553854e-04 7.1324615758e-05 2.2879912359e+01
3.9054763190e-05 5.8158624121e-05 2.2666693341e+01
9.3475113514e-05 6.7247740892e-05 2.2762595437e+01
5.7508987030e-05 6.0567066189e-05 2.2622084314e+01
7.6713173404e-05 6.3829401529e-05 2.2669651015e+01
6.7001689387e-05 6.2086832775e-05 2.2637308552e+01
5.0589358753e-05 6.5887812479e-05 2.2590809867e+01
6.9206731016e-05 6.9279365063e-05 2.2604917195e+01
9.2116538449e-05 7.4488918152e-05 2.2734853841e+01
1.0952217455e-04 7.9084192967e-05 2.2873031601e+01
7.8864686807e-05 7.1340964214e-05 2.2644302466e+01
8.5436277896e-05 7.2857292205e-05 2.2684535963e+01
1.0246558274e-04 7.7158629334e-05 2.2818699610e+01
1.2048468421e-04 8.2196096807e-05 2.2604264775e+01
-4.7008058553e-05 5.3967240786e-05 4.2535594078e+01
-5.0471929697e-05 5.7446585084e-05 4.2061171037e+01
8.3325427576e-05 6.5118685455e-05 2.2701382573e+01
1.0041203300e-04 6.8799115375e-05 2.2809505542e+01
1.2892776103e-04 7.2990359359e-05 2.1288665312e+01
1.2959445773e-04 7.6036491622e-05 2.0751104145e+01
1.3265705513e-04 7.3944366397e-05 2.0287729005e+01
1.3331037241e-04 7.7029745653e-05 1.9708646458e+01
1.3025063024e-04 7.9138571550e-05 2.0145822685e+01
1.3383357923e-04 4.9633180166e-05 2.2471095131e+01
1.3457055373e-04 5.2358783766e-05 2.2077067811e+01
1.9335014526e-04 1.9237137075e-05 1.9192202668e+01
1.9005641615e-04 2.1413933009e-05 1.9082531391e+01
1.8613056113e-04 2.1042994260e-05 1.9272399075e+01
1.8677703298e-04 2.3591329031e-05 1.9001496094e+01
1.8285576090e-04 2.3195111863e-05 1.9203777554e+01
1.9070070090e-04 2.3995504821e-05 1.8821542639e+01
1.8743375330e-04 2.6197161248e-05 1.8743234242e+01
1.7893483801e-04 2.2807833666e-05 1.9437337721e+01
1.7959748024e-04 2.5348628868e-05 1.9178759145e+01
1.7568002529e-04 2.4937381486e-05 1.9438503200e+01
1.7501556756e-04 2.2429628922e-05 1.9703782113e+01
1.9398459589e-04 2.1792876465e-05 1.8920090422e+01
1.9462753866e-04 2.4407062222e-05 1.8666342500e+01
1.9791584910e-04 2.2179213393e-05 1.8783929417e+01
1.9855932724e-04 2.4825473064e-05 1.8534817188e+01
1.9528164479e-04 2.7076098071e-05 1.8421322364e+01
2.0185269323e-04 2.2572230295e-05 1.8674481839e+01
2.0121860216e-04 1.9949022204e-05 1.8943324582e+01
2.0515934795e-04 2.0315064723e-05 1.8838935647e+01
-2.5819819775e-04 3.7031443978e-05 3.3418272934e+01
2.8803765946e-04 8.1411304867e-05 1.4411895187e+01
2.8464876621e-04 8.4440113485e-05 1.4398981011e+01
-2.0032105061e-04 9.5140171166e-05 3.5509636815e+01
-2.7372941524e-04 5.4817027450e-05 3.3620130055e+01
2.3760812812e-04 4.3549668488e-05 1.7065148389e+01
2.3830834350e-04 4.6817447310e-05 1.7008460969e+01
2.4238493499e-04 4.7543578886e-05 1.7079439669e+01
2.3908006434e-04 5.0282207821e-05 1.7108590255e+01
2.3499192785e-04 4.9500212574e-05 1.6999590518e+01
2.3577970478e-04 5.3019973692e-05 1.6994848914e+01
2.3991986422e-04 5.3904423087e-05 1.6504050810e+01
2.3662290038e-04 5.6671719060e-05 1.6471654863e+01
2.4075205276e-04 5.7571019733e-05 1.6181795815e+01
2.3168355427e-04 5.2187789494e-05 1.7027341701e+01
2.3094282513e-04 4.8777934512e-05 1.7051920941e+01
2.4405475836e-04 5.4784613398e-05 1.6190084550e+01
2.4487259512e-04 5.8453244494e-05 1.6055640894e+01
2.4156100147e-04 6.1246621486e-05 1.6015093957e+01
2.4566672986e-04 6.2133268677e-05 1.5862891666e+01
2.2762695351e-04 5.1410810592e-05 1.7028700910e+01
2.2692817114e-04 4.8113092475e-05 1.7071971594e+01
2.4898595709e-04 5.9317445924e-05 1.5902482338e+01
2.4569611638e-04 4.4807228215e-05 1.7047456233e+01
2.4650181549e-04 4.8336530974e-05 1.6738529780e+01
2.4980071805e-04 4.5539362594e-05 1.6991428662e+01
-1.8651313749e-04 6.0318261601e-05 3.9264121013e+01
1.1485572110e-04 4.6616059233e-05 2.2892581269e+01
1.1560123445e-04 4.9160584819e-05 2.2896089409e+01
1.1933168465e-04 4.9761956195e-05 2.2909171712e+01
1.2234451797e-04 4.7765688453e-05 2.2921939398e+01
1.2614159149e-04 4.8369306365e-05 2.2917320077e+01
1.2688470010e-04 5.1021367132e-05 2.2921923403e+01
-3.1909940426e-04 1.9006202721e-05 1.7071710630e+01
-1.9143520720e-04 9.7878478718e-05 3.5222663152e+01
2.0223764612e-04 9.7351283556e-05 1.5747809552e+01
1.0750160299e-04 4.5545869520e-05 2.2860493101e+01
1.0822900270e-04 4.8016200011e-05 2.2864354049e+01
2.0842826094e-04 1.1367149179e-04 1.5031850716e+01
-1.9487582999e-04 8.1429859817e-05 3.6462230974e+01
1.6583681581e-04 1.7021834866e-05 2.0819990454e+01
1.6257153983e-04 1.9018298050e-05 2.0906399698e+01
1.5863940992e-04 1.8721042579e-05 2.1268189916e+01
1.5539268448e-04 2.0703634656e-05 2.1428835633e+01
1.6324744671e-04 2.1357909904e-05 2.0656006630e+01
1.6001170931e-04 2.3394282536e-05 2.0774600911e+01
1.5470603537e-04 1.8437873079e-05 2.1644834311e+01
1.5146161719e-04 2.0397823012e-05 2.1842812983e+01
1.5216320404e-04 2.2695654068e-05 2.1621815018e+01
1.4823429871e-04 2.2367738739e-05 2.2082524182e+01
1.4753278582e-04 2.0107632439e-05 2.2266569867e+01
1.6650192526e-04 1.9328436542e-05 2.0568278564e+01
1.6717148099e-04 2.1703902976e-05 2.0304557364e+01
1.7042964752e-04 1.9650520137e-05 2.0256126318e+01
1.7109412656e-04 2.2061396193e-05 1.9993557002e+01
1.6785011554e-04 2.4143708050e-05 2.0039904064e+01
1.7435674523e-04 1.9983759408e-05 1.9970260702e+01
1.7370299456e-04 1.7604153835e-05 2.0237449166e+01
1.7763357807e-04 1.7911697995e-05 1.9977261452e+01
-2.2912888927e-04 4.0053561681e-05 3.9202624498e+01
-2.1209168364e-04 3.3644232718e-05 4.1926645974e+01
-1.4222515782e-04 2.5883284569e-05 4.7700638224e+01
-1.3992168807e-04 2.7481883650e-05 4.7445785965e+01
-1.3499923219e-04 2.5843314052e-05 4.7957776468e+01
-1.3274636239e-04 2.7429515669e-05 4.7693322436e+01
-1.3763742529e-04 2.9078644999e-05 4.7183746755e+01
-1.3137045098e-04 2.5825073450e-05 4.8075987288e+01
-1.2913811515e-04 2.7412397312e-05 4.7805763987e+01
-1.2552646010e-04 2.7392419535e-05 4.7912028360e+01
2.0784672437e-04 6.7199135107e-05 1.6987624226e+01
2.0455997267e-04 6.9801985283e-05 1.6980734862e+01
2.1113570641e-04 6.4584315516e-05 1.6984250252e+01
-1.5002720253e-04 1.3414346648e-05 4.9871406613e+01
-1.5519534853e-04 1.4957363791e-05 4.9343844746e+01
-1.5277636075e-04 1.6491921968e-05 4.9164171788e+01
-1.5653069496e-04 1.6502054956e-05 4.8986733362e+01
-1.4901955164e-04 1.6479669248e-05 4.9332222159e+01
-1.6027047223e-04 1.6516358142e-05 4.8798846991e+01
-1.3497724753e-04 1.1150547877e-04 3.3578906904e+01
-1.3234008409e-04 1.1119618436e-04 3.3537885753e+01
-1.3301099897e-04 1.1322253757e-04 3.3497316962e+01
-1.3757510829e-04 1.1160010264e-04 3.3627970666e+01
-1.2565755311e-04 7.4697814158e-05 3.7879032773e+01
-1.2189705921e-04 7.8406721133e-05 3.7261138879e+01
-1.2041084697e-04 8.6143796433e-05 3.5978901518e+01
-1.1684075902e-04 8.9960326426e-05 3.5420424518e+01
-1.4241163194e-04 1.3400197182e-05 5.0191900077e+01
-1.3773011393e-04 1.6450952271e-05 4.9779507570e+01
-1.4149598670e-04 1.6459708615e-05 4.9639580868e+01
-1.3396180322e-04 1.6442349246e-05 4.9910531417e+01
-1.3540212792e-04 1.7987819196e-05 4.9556810510e+01
-1.3247972861e-04 1.4907950613e-05 5.0258288342e+01
-1.3019066658e-04 1.6434434462e-05 5.0032562301e+01
-1.4384886763e-04 1.4930121376e-05 4.9844072644e+01
-1.4525933281e-04 1.6468929745e-05 4.9490605910e+01
2.3248372547e-04 5.5755460953e-05 1.6827935167e+01
2.3332469188e-04 5.9421068532e-05 1.6313480281e+01
2.3744737782e-04 6.0342504956e-05 1.6179771591e+01
2.3414158850e-04 6.3099312128e-05 1.6161120183e+01
7.2259067875e-05 1.0957584416e-04 2.1824015508e+01
-1.2631105186e-04 2.4216268263e-05 4.8562262785e+01
-1.2410002398e-04 2.5792699565e-05 4.8290369890e+01
-1.2045940404e-04 2.5778431645e-05 4.8386156211e+01
-1.1829134685e-04 2.7359681218e-05 4.8101758940e+01
-1.1970892014e-04 2.8969815277e-05 4.7723324259e+01
-1.1681580329e-04 2.5764459447e-05 4.8474132793e+01
-1.1466859336e-04 2.7345180369e-05 4.8184966987e+01
-2.2902306880e-04 7.1441834588e-05 3.7134919248e+01
-1.0710869934e-04 8.7650699619e-05 3.5863586454e+01
9.8112452272e-05 8.6758186120e-05 2.2758843134e+01
9.8676863759e-05 8.9711899806e-05 2.2754359087e+01
9.5299226539e-05 8.8614785487e-05 2.2717179792e+01
1.7744412573e-04 1.5541134367e-04 1.4316512717e+01
1.7730367217e-04 1.5888028707e-04 1.4083964735e+01
-1.2715518146e-04 1.3377207618e-05 5.0716463060e+01
-1.2109082882e-04 1.4890420046e-05 5.0588233408e+01
-1.2264161826e-04 1.6420747719e-05 5.0249129428e+01
-1.1886425287e-04 1.6414339409e-05 5.0343345204e+01
-1.2039835998e-04 1.7953931441e-05 5.0000840837e+01
-1.2641726459e-04 1.6426990560e-05 5.0145533614e+01
-1.1508456645e-04 1.6408591225e-05 5.0427690229e+01
1.3831809937e-04 1.5435102869e-05 2.2996662984e+01
1.3121971314e-04 1.7094104536e-05 2.2939233645e+01
1.3189850378e-04 1.9126457915e-05 2.2931864794e+01
1.2804448864e-04 1.8925382523e-05 2.2920221820e+01
1.3577667183e-04 1.9344905762e-05 2.2927317434e+01
1.3259198525e-04 2.1229825001e-05 2.2935528209e+01
1.2421323666e-04 1.8741443352e-05 2.2915492411e+01
1.3967994084e-04 1.9580814223e-05 2.3000626974e+01
1.4360422442e-04 1.9834748610e-05 2.2727023893e+01
1.4038490827e-04 2.1762428997e-05 2.2993865473e+01
1.4684098141e-04 1.7919020030e-05 2.2409010096e+01
1.4615851220e-04 1.5805058522e-05 2.2505856751e+01
1.5009039044e-04 1.6016879419e-05 2.2168711874e+01
-1.0132658078e-04 8.7487676302e-05 3.5965418511e+01
1.3395671468e-04 8.0168023334e-05 1.9081621509e+01
1.2722941669e-04 8.1262393991e-05 2.0640084564e+01
1.8833536459e-04 1.4055887413e-04 1.4776982674e+01
1.8467486004e-04 1.4304578728e-04 1.4774285416e+01
4.8824252434e-05 1.0512721478e-04 2.1584045808e+01
4.9375928885e-05 1.0753706901e-04 2.2145660402e+01
5.1944453830e-05 1.0848537320e-04 2.1186009996e+01
4.9884526595e-05 1.0995017796e-04 2.3519550532e+01
5.4046258283e-05 1.0699739934e-04 2.1798759411e+01
5.4521932977e-05 1.0947907515e-04 2.1614705956e+01
5.7108987349e-05 1.1052233335e-04 2.1549052921e+01
-1.1164600884e-04 2.4167581896e-05 4.8916087404e+01
-1.0951918601e-04 2.5741020013e-05 4.8624320993e+01
-1.0586706920e-04 2.5730621458e-05 4.8685723321e+01
-1.0741405656e-04 2.7320339080e-05 4.8325831253e+01
-1.0378299512e-04 2.7308948563e-05 4.8382633661e+01
-1.0014905873e-04 2.7298995138e-05 4.8429350838e+01
-1.1250942065e-04 2.8937883918e-05 4.7888485596e+01
1.1972111985e-04 1.6648353298e-05 2.2916610869e+01
1.1592854294e-04 1.6528969690e-05 2.2914583885e+01
1.1285052588e-04 1.8286016561e-05 2.2898601271e+01
1.1215562932e-04 1.6422626858e-05 2.2912210867e+01
1.0910550166e-04 1.8163617439e-05 2.2895036228e+01
1.1354297480e-04 2.0209434815e-05 2.2888988775e+01
1.1730013789e-04 2.0378753567e-05 2.2896427882e+01
1.0840115608e-04 1.6328543211e-05 2.2908833483e+01
1.0609176270e-04 1.9916407375e-05 2.2877921365e+01
1.2353379511e-04 1.6781715809e-05 2.2921435758e+01
1.2040412543e-04 1.8573994563e-05 2.2908987268e+01
-9.5524307887e-05 8.7347585956e-05 3.6080179220e+01
-9.2622373044e-05 8.7286501807e-05 3.6142246380e+01
1.6180694140e-04 1.0203234596e-04 1.7016457762e+01
1.6564186413e-04 1.0337618216e-04 1.7006552706e+01
1.6232120826e-04 1.0572435257e-04 1.7010655803e+01
1.6616261886e-04 1.0710112295e-04 1.7003750108e+01
1.6896084495e-04 1.0100197322e-04 1.7005255413e+01
1.6281152758e-04 1.0944814091e-04 1.7004761060e+01
1.6665870020e-04 1.1085391965e-04 1.6991683804e+01
1.7003838763e-04 1.0848044051e-04 1.6978819061e+01
1.6327246571e-04 1.1319874039e-04 1.7001759894e+01
1.7054161371e-04 1.1225670453e-04 1.7016303150e+01
1.7394927294e-04 1.0985778478e-04 1.7007180214e+01
1.7341488883e-04 1.0608138323e-04 1.7007102716e+01
1.5899997710e-04 1.0804506804e-04 1.7016022650e+01
-1.1187031097e-04 1.3360775132e-05 5.1082846689e+01
-1.0968547322e-04 1.4876872280e-05 5.0828428164e+01
-1.0751985020e-04 1.6399215466e-05 5.0564894126e+01
-1.0373529902e-04 1.6395004367e-05 5.0616744906e+01
-1.1130308158e-04 1.6403309984e-05 5.0501758872e+01
-9.9948874741e-05 1.6391487520e-05 5.0656469970e+01
1.9981825431e-04 6.5284957594e-05 1.7033646934e+01
-9.4896073720e-05 2.5705926449e-05 4.8807305881e+01
-9.1235152937e-05 2.5699944731e-05 4.8824363343e+01
-9.2874488325e-05 2.7283584838e-05 4.8489483434e+01
-8.9234536260e-05 2.7277080533e-05 4.8501420394e+01
-9.8555244440e-05 2.5712764127e-05 4.8778014499e+01
-9.8074476978e-05 2.8889224444e-05 4.8114665163e+01
1.3959485385e-04 1.4681543438e-04 1.7206717389e+01
-9.6562760567e-05 1.3351086093e-05 5.1267181162e+01
-9.2372003630e-05 1.6386736028e-05 5.0696289709e+01
-8.8581997163e-05 1.6384968936e-05 5.0694670437e+01
-9.6161079093e-05 1.6388495080e-05 5.0683319608e+01
-8.6836480713e-05 1.4863157317e-05 5.0981549503e+01
-8.4790563989e-05 1.6383990811e-05 5.0677260938e+01
-9.8266502750e-05 1.4867572060e-05 5.0966165214e+01
-9.7828795037e-05 1.7921574797e-05 5.0371406344e+01
-2.3637678680e-04 1.3866997446e-05 4.0592317320e+01
-2.3272272255e-04 1.3820034722e-05 4.1433274866e+01
-2.2972424126e-04 1.5397999801e-05 4.1866444174e+01
-2.2902426846e-04 1.3781959945e-05 4.2207144621e+01
1.0094727889e-04 1.6172700761e-05 2.2899917492e+01
9.7248161186e-05 1.6109423102e-05 2.2894121110e+01
1.0167479326e-04 1.7957310163e-05 2.2888683636e+01
9.8720850473e-05 1.9680407188e-05 2.2870184685e+01
9.3567269286e-05 1.6054892889e-05 2.2886946547e+01
9.1431143305e-05 1.9492712367e-05 2.2863418990e+01
1.0466557575e-04 1.6245315787e-05 2.2904372115e+01
6.5835425452e-05 7.7808306388e-05 2.2521153915e+01
6.6499102381e-05 8.0321496397e-05 2.2499081567e+01
6.0422374354e-05 7.8845625015e-05 2.2494007969e+01
3.1355143500e-04 2.7206814148e-05 1.5626249315e+01
-7.8652311549e-05 7.5613734746e-05 3.8611046470e+01
-8.0062726362e-05 7.7508438003e-05 3.8217185999e+01
-8.3073146011e-05 7.7539225600e-05 3.8143137907e+01
-8.4717423041e-05 7.5672817255e-05 3.8466315241e+01
-8.9093604272e-05 7.7616025443e-05 3.7994669208e+01
-9.2096188077e-05 7.7662450596e-05 3.7921075265e+01
-2.5568654597e-04 2.8673730577e-05 3.3851178566e+01
-8.1237866621e-05 1.3349061519e-05 5.1222573171e+01
-7.5397687489e-05 1.4864597755e-05 5.0847411202e+01
-7.7205044916e-05 1.6384664035e-05 5.0590413759e+01
-7.3411389542e-05 1.6385833706e-05 5.0518552210e+01
-7.5206289816e-05 1.7914461022e-05 5.0261559004e+01
-8.0998199707e-05 1.6383656286e-05 5.0642960000e+01
-6.9616804021e-05 1.6387949653e-05 5.0425822777e+01
-7.8064104377e-05 8.7065935165e-05 3.6498505076e+01
8.9112154366e-05 1.4324379439e-05 2.2879281942e+01
8.6259513915e-05 1.5969101156e-05 2.2840920158e+01
8.2632785079e-05 1.5936217384e-05 2.3145378314e+01
7.9844454178e-05 1.7581511318e-05 2.3102060382e+01
8.4220887135e-05 1.9346529585e-05 2.2872458726e+01
7.8999662360e-05 1.5901832343e-05 2.3794743775e+01
7.7090207372e-05 1.9236117373e-05 2.3092699767e+01
8.9904334009e-05 1.6008073815e-05 2.2880765716e+01
-2.2367614602e-04 6.8288103235e-05 3.7399596090e+01
-7.2579471482e-05 7.5576034722e-05 3.8748887538e+01
-7.4027890014e-05 7.7463458570e-05 3.8362637308e+01
-6.1898756074e-05 2.5700150513e-05 4.8386021935e+01
-6.3715693988e-05 2.7277939816e-05 4.8140257428e+01
-6.7363609883e-05 2.7270939448e-05 4.8248801659e+01
-6.9238426895e-05 2.5690735321e-05 4.8609333871e+01
-6.0063058992e-05 2.7283602192e-05 4.8009378054e+01
-7.2906978421e-05 2.5688566815e-05 4.8689040001e+01
-7.4657411187e-05 2.7268908477e-05 4.8402402868e+01
-7.2762598281e-05 2.8859550895e-05 4.8050059589e+01
-7.8303732715e-05 2.7267398420e-05 4.8451631306e+01
-1.7631376614e-04 9.8373430429e-05 3.4947120217e+01
2.9975911140e-05 3.8745622771e-05 3.0087576682e+01
3.6596923959e-05 3.9047794473e-05 2.7657976386e+01
4.0785610000e-05 4.1077139963e-05 2.5456641972e+01
-6.5901380050e-05 1.3356385015e-05 5.0879050289e+01
-6.3953253330e-05 1.4872323870e-05 5.0529595755e+01
-6.2026557460e-05 1.6395344812e-05 5.0171791195e+01
-5.8231348136e-05 1.6400191795e-05 5.0007434221e+01
-5.4436142836e-05 1.6406218525e-05 4.9815890857e+01
-6.5821793119e-05 1.6390890374e-05 5.0310792687e+01
-5.2507206344e-05 1.4887563539e-05 4.9987411318e+01
-5.0641148549e-05 1.6414569825e-05 4.9595269074e+01
-5.2572143968e-05 1.7942273440e-05 4.9427354839e+01
-4.6843879381e-05 1.6422036329e-05 4.9344189609e+01
7.4412271598e-05 1.4211570202e-05 2.4994097740e+01
7.1704531146e-05 1.5827048218e-05 2.5119114894e+01
6.8043330742e-05 1.5787267972e-05 2.5897542530e+01
6.9020183440e-05 1.7449520550e-05 2.5245397830e+01
6.9953940517e-05 1.9133066936e-05 2.4569307361e+01
6.4373002308e-05 1.5746257513e-05 2.6740022941e+01
6.2768862927e-05 1.9025281801e-05 2.6223992242e+01
7.5356715078e-05 1.5865281918e-05 2.4397563644e+01
1.9087222470e-04 9.7503158784e-05 1.6356946454e+01
2.4367636184e-05 4.0270241603e-05 3.1628032263e+01
-6.9304769680e-05 8.7005497391e-05 3.6742169017e+01
-4.1606947993e-05 2.4188917561e-05 4.7518107587e+01
-4.3520240098e-05 2.5762833383e-05 4.7374272794e+01
5.3308161637e-05 1.5620321498e-05 2.9550771855e+01
5.4441032949e-05 1.7258332817e-05 2.8821144989e+01
5.8100965726e-05 1.7306478629e-05 2.7857780483e+01
5.5537855211e-05 1.8915362370e-05 2.8079764835e+01
4.9602814028e-05 1.5577803715e-05 3.0556933701e+01
4.7093097060e-05 1.7161456458e-05 3.0839189665e+01
4.8263840085e-05 1.8805522266e-05 3.0081211337e+01
6.0693389897e-05 1.5704652597e-05 2.7634483850e+01
-2.0519758239e-04 4.2403796631e-05 4.1191969124e+01
-4.6725258360e-05 1.3382493323e-05 4.9888270408e+01
-4.1062423940e-05 1.4912536192e-05 4.9175136990e+01
-4.3051064318e-05 1.6431515325e-05 4.9060827310e+01
-3.9257849013e-05 1.6442543597e-05 4.8743167766e+01
-3.5465480533e-05 1.6454921645e-05 4.8389564461e+01
-4.1237509080e-05 1.7970096240e-05 4.8633531726e+01
-3.1674421104e-05 1.6469893524e-05 4.7998164322e+01
-2.9925070284e-05 1.8014969048e-05 4.7526183778e+01
-2.7882192816e-05 1.6484421616e-05 4.7567551648e+01
-1.4034725460e-04 3.7341443438e-05 4.5305562645e+01
-1.4378667684e-04 3.7381440225e-05 4.5182139229e+01
-1.4154578514e-04 3.9039949327e-05 4.4896073738e+01
-1.4271867736e-04 4.0751917338e-05 4.4485012441e+01
-6.3469973977e-05 8.6996751039e-05 3.6911294432e+01
4.5628228185e-05 1.3142881693e-04 5.6950799312e+01
4.3479623786e-05 1.3046735906e-04 5.4989201601e+01
4.0998623542e-05 1.2720672751e-04 4.7724579960e+01
3.9000303892e-05 1.2887201954e-04 5.1922521210e+01
1.2916486350e-04 1.4522326915e-04 1.7247141067e+01
4.4643897328e-05 1.3925973575e-05 3.2321990008e+01
4.2167154847e-05 1.5494141424e-05 3.2627065395e+01
3.8437839224e-05 1.5453069971e-05 3.3676099597e+01
3.6004270903e-05 1.7020602170e-05 3.3980280698e+01
4.3405342684e-05 1.7113589479e-05 3.1878580248e+01
4.0949331799e-05 1.8697825840e-05 3.2167170229e+01
3.2291597087e-05 1.6975521915e-05 3.5028309515e+01
3.3597682869e-05 1.8594122916e-05 3.4277003091e+01
-2.7559645760e-05 1.3433196664e-05 4.8077222161e+01
-2.4095432469e-05 1.6501278570e-05 4.7096512582e+01
-2.0309626275e-05 1.6520030287e-05 4.6583251786e+01
-1.8200598436e-05 1.4996326445e-05 4.6556408022e+01
-1.6526018152e-05 1.6540475051e-05 4.6026771457e+01
-1.2745209450e-05 1.6563791594e-05 4.5426062770e+01
-1.4878738360e-05 1.8097945467e-05 4.5488075527e+01
-8.9647164699e-06 1.6587053916e-05 4.4780547204e+01
-1.5809987841e-04 1.0494480923e-04 3.4276658111e+01
-1.5625962457e-04 1.0704660116e-04 3.4149353253e+01
-1.5354911916e-04 1.0680059205e-04 3.4108175482e+01
2.9585992842e-05 1.3785626384e-05 3.6495584683e+01
2.7206219976e-05 1.5335391262e-05 3.6795055196e+01
2.4842962532e-05 1.6890439515e-05 3.7085448523e+01
2.1108795355e-05 1.6848648676e-05 3.8082902795e+01
1.7368027433e-05 1.6809304315e-05 3.9052516596e+01
2.6211260823e-05 1.8497294180e-05 3.6353957249e+01
1.5916964335e-05 1.5228726648e-05 3.9743514727e+01
1.3620644939e-05 1.6771846335e-05 3.9990149941e+01
1.5076050982e-05 1.8361832245e-05 3.9302667206e+01
2.8572678412e-05 1.6931724145e-05 3.6065055966e+01
2.4747531625e-04 1.2041588744e-04 1.4147849354e+01
3.0182482550e-06 1.3581489063e-05 4.3026148242e+01
-1.4202508882e-06 1.6642038927e-05 4.3355592535e+01
2.3470058725e-06 1.6670918619e-05 4.2576798211e+01
-3.6153891343e-06 1.8181242481e-05 4.3496353971e+01
4.5792212070e-06 1.5136204036e-05 4.2395319276e+01
6.1096446711e-06 1.6702538050e-05 4.1755010461e+01
9.8677327013e-06 1.6736052796e-05 4.0892022996e+01
7.6195126540e-06 1.8282493679e-05 4.1102653888e+01
1.0632274946e-05 1.3632988054e-05 4.1330598892e+01
-4.0387867942e-06 3.7615844240e-05 4.0013013304e+01
7.2882574835e-07 3.9432001927e-05 3.8649242102e+01
6.2932734870e-06 3.7886769416e-05 3.7559641789e+01
7.5490865499e-06 3.9636519957e-05 3.6907816663e+01
1.0942063932e-05 3.9749216505e-05 3.5953522599e+01
-5.7631172966e-05 8.7016261048e-05 3.7080655187e+01
-6.3448195640e-05 9.4839533299e-05 3.5569549536e+01
2.5450320519e-04 1.3594541497e-05 2.0002029594e+01
-5.1795022825e-05 8.7065331719e-05 3.7244053684e+01
-2.1417260177e-05 3.7283789074e-05 4.3050504865e+01
-2.6892677343e-05 3.8868705446e-05 4.3478052593e+01
-5.7763410123e-05 9.4858513675e-05 3.5763727725e+01
-2.2534076635e-04 1.3744475049e-05 4.2910321371e+01
1.3217651197e-04 1.5710353426e-04 1.7375001851e+01
1.2853751584e-04 1.5892164430e-04 1.7351975302e+01
-3.5414299792e-05 3.7111263154e-05 4.4651552780e+01
-6.0014104431e-05 3.6965625703e-05 4.6122237201e+01
-5.2972886537e-05 3.6990377763e-05 4.5842800297e+01
-4.4377759796e-05 8.5237884334e-05 3.7712971574e+01
-4.5963932312e-05 8.7146363116e-05 3.7393377335e+01
3.0113794256e-05 1.2843068900e-04 5.0304082573e+01
2.7788025676e-05 1.2783352494e-04 4.8801263437e+01
3.2406848087e-05 1.2900358147e-04 5.1813117398e+01
3.4670026355e-05 1.3020144973e-04 5.4649681836e+01
-5.2082605388e-05 9.4908417263e-05 3.5970582438e+01
-3.8516612681e-05 8.5362100390e-05 3.7801419550e+01
-4.0140352236e-05 8.7262214950e-05 3.7518220790e+01
-4.6408036276e-05 9.4991496132e-05 3.6185408987e+01
-3.4324313567e-05 8.7416322751e-05 3.7605495411e+01
-4.2432123409e-05 3.7051215481e-05 4.5222960007e+01
-4.0820879091e-05 3.8716089318e-05 4.4810031634e+01
-4.0741953977e-05 9.5110442182e-05 3.6401569577e+01
1.7168282663e-04 9.4911050704e-05 1.7006842435e+01
1.7559283711e-04 9.6180129445e-05 1.6999656327e+01
1.7227812329e-04 9.8602969997e-05 1.7005164158e+01
1.7619802357e-04 9.9904592977e-05 1.6980101936e+01
-3.5086613266e-05 9.5268433029e-05 3.6610054250e+01
-2.6829014392e-05 8.5731071186e-05 3.7813837256e+01
2.0830716209e-05 1.2627710113e-04 4.5074141718e+01
1.8438635424e-05 1.2577718815e-04 4.3964655656e+01
1.9039363050e-05 1.2825209015e-04 4.6711161201e+01
1.6628147206e-05 1.2783466727e-04 4.5569389182e+01
1.6062584891e-05 1.2530440875e-04 4.3013812520e+01
1.2434766169e-05 1.2877780878e-04 4.6014032879e+01
1.0676920867e-05 1.2734964905e-04 4.4295653717e+01
9.2340485125e-06 1.2562868044e-04 4.2492146025e+01
6.7646206740e-06 1.2595760493e-04 4.2375957616e+01
9.9981280932e-06 1.2333348437e-04 4.0918813752e+01
2.3698050493e-05 1.2916662986e-04 4.9382868901e+01
-4.9463679564e-05 3.7008332444e-05 4.5665090988e+01
-2.1008179860e-05 8.5984629393e-05 3.7697862302e+01
-2.9444281542e-05 9.5469184063e-05 3.6798991151e+01
-7.1269666636e-05 6.6338562199e-05 4.0530919445e+01
-6.9668649173e-05 6.8159284839e-05 4.0202626872e+01
-2.1172016154e-04 7.5134836238e-05 3.6985360465e+01
-2.2653073351e-06 1.0751898408e-04 3.7181771949e+01
-3.9922040741e-06 1.0943870959e-04 3.7138164370e+01
-6.6384065630e-06 1.0918376628e-04 3.6968313509e+01
-1.3528915092e-06 1.0971272880e-04 3.7287062203e+01
1.2789833368e-06 1.1000673263e-04 3.7409542612e+01
3.0402888544e-06 1.0810839103e-04 3.7310254924e+01
3.9030369348e-06 1.1032176094e-04 3.7500546021e+01
6.5191618113e-06 1.1065908993e-04 3.7556411609e+01
9.1260238746e-06 1.1101916931e-04 3.7575939343e+01
7.3375625965e-06 1.1290105002e-04 3.7838206938e+01
1.3554008007e-05 1.0955664260e-04 3.7140207762e+01
1.5049611422e-05 1.1408873333e-04 3.7967367230e+01
1.2486515024e-05 1.1366752642e-04 3.7944845363e+01
1.8756014892e-05 1.1043248382e-04 3.6863586354e+01
1.9459022796e-05 1.1271195108e-04 3.7389831776e+01
2.1342207809e-05 1.1091243568e-04 3.6691423436e+01
2.2016875850e-05 1.1320293236e-04 3.7313578071e+01
2.4563488198e-05 1.1372290675e-04 3.7228029041e+01
2.7099596142e-05 1.1427491182e-04 3.7123295911e+01
2.9039889931e-05 1.1253635215e-04 3.6007020991e+01
3.2138752588e-05 1.1547909925e-04 3.6788775719e+01
3.0178740143e-05 1.1719992268e-04 3.8177186561e+01
2.7683528352e-05 1.1660453323e-04 3.8164444242e+01
3.4119209366e-05 1.1379218039e-04 3.5293713215e+01
3.4640823530e-05 1.1613703558e-04 3.6521163022e+01
3.7128115896e-05 1.1683700435e-04 3.6161348019e+01
3.5122800883e-05 1.1849835407e-04 3.8029259101e+01
4.7490968705e-06 1.1255341008e-04 3.7735497687e+01
-2.3817255846e-05 9.5717006049e-05 3.6953111185e+01
-1.1809352611e-04 6.6959085628e-05 3.9516889487e+01
-6.4982833487e-05 6.6334231075e-05 4.0593924943e+01
-6.3423407455e-05 6.8160496890e-05 4.0269737507e+01
-8.6960898456e-05 6.6435501660e-05 4.0259070864e+01
-1.2311512071e-04 6.5232550472e-05 3.9766009269e+01
-1.2930031651e-04 6.5396840228e-05 3.9607259419e+01
-1.3238165841e-04 6.5486264288e-05 3.9527990513e+01
-1.5206644970e-05 8.6291198809e-05 3.7467252094e+01
-9.3220193967e-05 6.6505772296e-05 4.0122169208e+01
-1.8207888602e-05 9.6016868578e-05 3.7053240873e+01
3.8075010989e-06 1.2318900088e-04 3.9903996189e+01
1.3087207478e-06 1.2291505133e-04 3.9213255954e+01
2.3613031451e-06 1.2539656872e-04 4.0804685897e+01
-2.7529199790e-07 1.2488907467e-04 3.9712652907e+01
-1.1784580202e-06 1.2260687327e-04 3.8509152833e+01
-1.9155203224e-06 1.2693512689e-04 4.0483381852e+01
-5.2771658205e-06 1.2430887099e-04 3.7877082549e+01
1.0211541298e-04 1.5191534070e-04 1.8904281868e+01
1.0521813803e-04 1.5370210679e-04 1.8651691792e+01
-1.2618532388e-05 9.6374455093e-05 3.7075914595e+01
-1.1583624620e-05 9.8469249637e-05 3.7019603771e+01
-9.4276967298e-06 8.6656886904e-05 3.7091929318e+01
-1.5339028348e-04 7.2003465622e-05 3.7978688357e+01
-1.5633055481e-04 7.2155109571e-05 3.7916342835e+01
-1.5925930446e-04 7.2314256004e-05 3.7854563156e+01
-2.5339980670e-05 1.0785411869e-04 3.5565641795e+01
-2.8033624430e-05 1.0772039034e-04 3.5370851590e+01
-2.6903751537e-05 1.0984953582e-04 3.5165635600e+01
-2.9176499386e-05 1.0560735140e-04 3.5574247708e+01
-3.0731957349e-05 1.0759882940e-04 3.5182933057e+01
-3.3434461497e-05 1.0748902226e-04 3.5002871901e+01
-3.2262919391e-05 1.0960452049e-04 3.4767110039e+01
-3.4948110393e-05 1.0949920709e-04 3.4584541532e+01
-3.6141666815e-05 1.0739017726e-04 3.4831416862e+01
-1.9968083079e-05 1.0816033769e-04 3.5970471022e+01
-2.1565712426e-05 1.1014423625e-04 3.5603439904e+01
-4.5916807188e-06 1.2004481520e-04 3.7298943584e+01
-6.1993465396e-06 1.2204234690e-04 3.7131095311e+01
-8.7202222709e-06 1.2178857007e-04 3.6497271471e+01
-9.3207787278e-06 1.2610227688e-04 3.7147803189e+01
-1.2791971718e-05 1.2357104398e-04 3.5548842309e+01
-3.6748562504e-06 8.7088602811e-05 3.6537827141e+01
-7.0516968913e-06 9.6796232165e-05 3.6993435002e+01
-6.0622902400e-06 9.8908598040e-05 3.6992217856e+01
-2.6188567847e-04 1.9708200075e-05 3.1367520315e+01
2.1372859394e-04 1.2621677728e-04 1.4643468365e+01
-1.4788606702e-05 1.1908621496e-04 3.5386415851e+01
-1.7844209718e-05 1.2316004148e-04 3.4376093783e+01
-2.0381613287e-05 1.2297076950e-04 3.3906725886e+01
-1.9327290545e-05 1.2521881405e-04 3.3832701890e+01
-2.1944327018e-05 1.2505717204e-04 3.3308494084e+01
-2.2942369873e-05 1.2279909909e-04 3.3504863771e+01
-2.4380375894e-05 1.2486309580e-04 3.2957444873e+01
-2.6918165815e-05 1.2470489506e-04 3.2638014197e+01
-2.8038027509e-05 1.2248341194e-04 3.2929653600e+01
-2.9462990098e-05 1.2455916602e-04 3.2395274414e+01
-3.0603190997e-05 1.2233928839e-04 3.2724171398e+01
-1.6812717422e-05 1.2541734517e-04 3.4486752941e+01
-2.6585395852e-05 1.2042014842e-04 3.3484157368e+01
-1.5314496768e-05 1.2336143506e-04 3.4922136747e+01
1.6068045257e-04 5.4461323716e-05 1.8294475022e+01
-1.4384309718e-04 1.0796646390e-04 3.3877099276e+01
-1.4506733521e-04 1.1006502873e-04 3.3822449561e+01
-5.6646350530e-07 9.9420956433e-05 3.6834776611e+01
2.0481008010e-06 8.7594097204e-05 3.5767481165e+01
1.9046320474e-07 8.9407554609e-05 3.6163478451e+01
1.8231080853e-04 1.1638275004e-04 1.5915423419e+01
-1.6112302635e-04 9.8887313042e-05 3.4688033245e+01
1.2528039817e-04 1.5689189457e-04 1.7316002593e+01
5.8527628342e-06 8.9976594284e-05 3.5320571961e+01
4.0038714968e-06 9.7862291391e-05 3.6388241042e+01
9.4871132656e-06 9.8523607808e-05 3.5804535196e+01
1.0338127569e-05 1.0069821813e-04 3.6009511883e+01
1.3388099568e-05 8.8862090146e-05 3.3417486273e+01
-3.1751824858e-05 1.2014797011e-04 3.3032639817e+01
-3.4344287778e-05 1.2003096729e-04 3.2858601730e+01
-3.3175268761e-05 1.2221230756e-04 3.2556892625e+01
-3.5752587636e-05 1.2208492351e-04 3.2427856802e+01
-3.8336036355e-05 1.2197904225e-04 3.2325780412e+01
-3.4573354021e-05 1.2430326714e-04 3.2137106681e+01
-3.9544774459e-05 1.1982408357e-04 3.2594277139e+01
-4.0925524398e-05 1.2190561796e-04 3.2245084705e+01
-4.3564350630e-05 1.2176779889e-04 3.2193059026e+01
-4.2814572323e-05 1.0514265418e-04 3.4776197761e+01
-4.4285217957e-05 1.0715666904e-04 3.4373434750e+01
-4.7006431784e-05 1.0709844402e-04 3.4240365471e+01
-4.8293421493e-05 1.0502767741e-04 3.4509186963e+01
-4.9730495490e-05 1.0704943951e-04 3.4117186813e+01
-5.2457153230e-05 1.0700935129e-04 3.4003806694e+01
-4.1567256444e-05 1.0722444236e-04 3.4516389345e+01
-3.8852706301e-05 1.0730212304e-04 3.4669128287e+01
-5.3782786210e-05 1.0494872349e-04 3.4275859499e+01
-5.5186116047e-05 1.0697791224e-04 3.3900059397e+01
-5.7917138918e-05 1.0695488940e-04 3.3805717676e+01
-5.9280167756e-05 1.0490369789e-04 3.4076393895e+01
-6.0649932693e-05 1.0694002618e-04 3.3720516752e+01
-6.3384028669e-05 1.0693320220e-04 3.3644142239e+01
-6.6120013617e-05 1.0693411803e-04 3.3576256677e+01
1.8996626736e-05 8.9645107064e-05 3.1757265521e+01
1.4937045167e-05 9.9283230779e-05 3.5000362455e+01
1.5741651874e-05 1.0148183435e-04 3.5296772856e+01
1.4677037297e-04 1.3555715840e-04 1.7075279183e+01
2.4558486160e-05 9.0543231527e-05 2.9727125609e+01
2.1118535477e-05 1.0237834923e-04 3.4363597922e+01
2.3788532668e-05 1.0287087302e-04 3.3810757108e+01
2.5727479623e-05 1.0114265201e-04 3.2658663553e+01
1.4455399831e-04 1.0610465145e-04 1.7043268265e+01
1.6444677475e-04 1.2453651569e-04 1.7026611590e+01
-4.4773026778e-05 1.1965781595e-04 3.2419034081e+01
-4.7383639138e-05 1.1960063229e-04 3.2356767095e+01
-4.6126194530e-05 1.2169436860e-04 3.2154359736e+01
-4.8721600698e-05 1.2160649022e-04 3.2131697677e+01
-5.0003493309e-05 1.1953165522e-04 3.2311429083e+01
-1.9058901719e-04 4.5443926079e-05 4.1582186656e+01
2.2645372357e-04 1.1762786776e-05 1.9836819892e+01
-1.6325713447e-04 3.5961711471e-05 4.4733607111e+01
-1.6565540827e-04 3.4309954639e-05 4.4967808398e+01
-1.6088387574e-04 3.7621569663e-05 4.4488468354e+01
1.2721441721e-04 1.0284081360e-04 1.6907115706e+01
-5.5255597438e-05 1.1946219954e-04 3.2254504694e+01
-5.7886468325e-05 1.1943354273e-04 3.2242377178e+01
-6.0520318819e-05 1.1940124016e-04 3.2240729082e+01
-6.3157065902e-05 1.1937292904e-04 3.2246607868e+01
-6.4362993541e-05 1.2153152376e-04 3.2172466371e+01
5.4586382726e-05 9.7995169038e-05 2.2123677796e+01
1.7063986167e-04 6.8177229487e-05 1.7056411652e+01
1.7444711468e-04 6.9050637649e-05 1.7055062604e+01
-1.5853599699e-04 3.9289523207e-05 4.4233255329e+01
-1.5192880952e-04 8.1760046382e-05 3.6475981856e+01
-7.5160721252e-05 1.1735114706e-04 3.2422253339e+01
-7.7819985302e-05 1.1738418646e-04 3.2445027284e+01
-7.6368482625e-05 1.1940656039e-04 3.2362582333e+01
-7.9101453758e-05 1.1939995264e-04 3.2399300351e+01
-6.7188431922e-05 1.1729841060e-04 3.2387257667e+01
-6.8435986616e-05 1.1938649988e-04 3.2275913800e+01
-7.1081648513e-05 1.1932257033e-04 3.2302164031e+01
-6.9531151151e-05 1.2142264368e-04 3.2240046967e+01
-6.5787564610e-05 1.1937728907e-04 3.2258036651e+01
-7.2502779160e-05 1.1731246596e-04 3.2405832040e+01
1.1039552171e-04 6.8497744294e-05 2.2876593610e+01
-6.0238244338e-05 5.7385164097e-05 4.2245022615e+01
2.7368637373e-05 1.2549496635e-04 4.5550483872e+01
1.9948857040e-04 8.2343676207e-05 1.6850398403e+01
1.3200805975e-04 1.1820304988e-04 1.7078126980e+01
1.3224278561e-04 1.2179994786e-04 1.7097619686e+01
1.2877029511e-04 1.2023052493e-04 1.7086646567e+01
-1.2615906692e-04 8.6379366494e-05 3.5905161774e+01
1.1207885209e-04 9.1277527460e-05 2.2837146072e+01
1.1569922756e-04 9.2493294937e-05 2.2883576837e+01
1.1264935327e-04 9.4436026171e-05 2.3089844578e+01
1.1626267039e-04 9.5700183989e-05 2.2194969018e+01
1.1321173317e-04 9.7636708316e-05 2.2965507637e+01
1.1371574923e-04 1.0087038147e-04 2.2188940260e+01
-1.7034628162e-04 9.5582702098e-05 3.5054319125e+01
1.5845598919e-04 8.0815668374e-05 1.7056240512e+01
1.9876669462e-04 1.0135604202e-05 2.0083480146e+01
2.7592277356e-04 2.0442051404e-05 1.7564108991e+01
2.7987733186e-04 2.0607970561e-05 1.7156788404e+01
-8.9716769161e-05 8.7231275599e-05 3.6207465500e+01
-1.6628793817e-04 2.4439272587e-05 4.6944022143e+01
-1.1966957252e-04 7.4507919412e-05 3.8008133371e+01
-1.1781117844e-04 7.6357175957e-05 3.7692538438e+01
-1.1482444363e-04 7.6269873413e-05 3.7756797919e+01
-1.1597707299e-04 7.8215853398e-05 3.7379267248e+01
7.3030504530e-05 1.2968077208e-04 2.0579211591e+01
2.2564570353e-04 4.2008054135e-05 1.7107847451e+01
2.2962643517e-04 4.2509771168e-05 1.7147696554e+01
2.2627844146e-04 4.4996372746e-05 1.7018042736e+01
1.7678895893e-05 3.9995238091e-05 3.3888316222e+01
4.6374949208e-05 3.9542098618e-05 2.4056553515e+01
4.9588578416e-05 3.9716464988e-05 2.2889428731e+01
5.0388391046e-05 4.1639644200e-05 2.2577817717e+01
5.3598736804e-05 4.1855028036e-05 2.2670258246e+01
5.6041768538e-05 4.0109628530e-05 2.2689458409e+01
5.9298693533e-05 4.0333098115e-05 2.2680128911e+01
6.0080011751e-05 4.2342206488e-05 2.2671982271e+01
6.3352380114e-05 4.2614786879e-05 2.2679964257e+01
6.5876786092e-05 4.0837082039e-05 2.2693608485e+01
6.9965627525e-05 4.3219580603e-05 2.2699593599e+01
7.3307918597e-05 4.3552276857e-05 2.2710659519e+01
7.5918392685e-05 4.1739621128e-05 2.2723941537e+01
7.9315542079e-05 4.2080484142e-05 2.2736932222e+01
8.3488582420e-05 4.4673769032e-05 2.2749801072e+01
8.6189107184e-05 4.2824006441e-05 2.2764266712e+01
8.9667389500e-05 4.3226252851e-05 2.2779820905e+01
9.0411922077e-05 4.5525279650e-05 2.2780445586e+01
9.3916673815e-05 4.5982303754e-05 2.2796495897e+01
1.0027631017e-04 4.4556668313e-05 2.2827686133e+01
4.2197468385e-05 1.0734658991e-04 2.7899534075e+01
-1.6575952317e-04 4.6419317143e-05 4.2483313046e+01
-1.6662176372e-04 4.8231758107e-05 4.2088859183e+01
7.5979759950e-05 6.1395333052e-05 2.2677195384e+01
1.0892715812e-04 1.4872100144e-04 1.7953625406e+01
-2.4672038613e-04 4.1745989711e-05 3.6428232103e+01
-1.6474549267e-04 8.6723143897e-05 3.5845042801e+01
-3.3114570551e-04 2.0393159755e-06 1.7447117460e+01
-3.2728094929e-04 1.9735621622e-06 1.7257168907e+01
-3.2639576630e-04 4.0843351787e-06 1.7282480276e+01
-2.1867505123e-04 6.9683216352e-05 3.7373347903e+01
1.5761028257e-04 1.3285468709e-04 1.6992536330e+01
-1.5924589840e-04 4.6258114967e-05 4.2751560615e+01
-1.6019455440e-04 4.8059350459e-05 4.2348644349e+01
1.8108469792e-04 4.6824031534e-05 1.7600238353e+01
-1.1463599445e-04 8.5932088408e-05 3.6063254839e+01
-9.9465728692e-05 6.6593434039e-05 3.9976448511e+01
1.8618760726e-04 3.6577337937e-05 1.8020909956e+01
6.6245530322e-05 5.9754048603e-05 2.2646210741e+01
-2.3369169829e-04 6.5609193554e-05 3.7357971120e+01
1.6947171493e-04 4.4934269110e-05 1.8326849907e+01
-1.0077731611e-04 6.8455260275e-05 3.9566571621e+01
5.6264468074e-05 1.2191975088e-04 2.6779439135e+01
5.8608823715e-05 1.2317613104e-04 2.3927076726e+01
1.7448105755e-04 3.4977661692e-05 1.8705919428e+01
9.8234432255e-05 1.0680603047e-04 2.2682968340e+01
-1.5590668412e-04 7.3881007676e-06 5.0674286841e+01
8.1377368940e-05 1.3220034102e-04 2.1680619834e+01
7.8554495409e-05 1.3027879816e-04 2.1439227558e+01
7.8354266584e-05 1.3349575601e-04 2.1348395489e+01
-8.4461141317e-05 1.1960024693e-04 3.2482383106e+01
-8.1759044356e-05 1.1957316481e-04 3.2437129742e+01
-8.0224257971e-05 1.2188688929e-04 3.2421803429e+01
-8.0512484060e-05 1.1741227591e-04 3.2473370033e+01
1.4343814615e-04 8.1375502256e-06 2.2349670272e+01
-1.3730842333e-04 4.7564242076e-05 4.3166581049e+01
-1.2699621163e-04 1.1089749526e-04 3.3448210892e+01
-1.2817833232e-04 1.1312236437e-04 3.3401626675e+01
-1.1485038748e-04 1.0197188855e-04 3.3914308272e+01
4.7391427341e-05 5.7110782198e-05 2.2630712965e+01
8.4797187224e-05 8.2778798084e-05 2.2624836890e+01
-8.6205040858e-05 5.7447921616e-05 4.2129262382e+01
-8.1220037350e-05 5.9184164120e-05 4.1835164746e+01
1.4238146591e-04 4.0785599856e-05 2.1639834655e+01
1.5621410089e-04 6.7949513407e-05 1.7405802715e+01
-2.4102316502e-04 1.4881127014e-06 4.0566171749e+01
-2.3509385639e-04 4.4825273819e-06 4.1894255376e+01
-2.3118675633e-04 4.4725217320e-06 4.2808229515e+01
-2.3899403390e-04 4.4981550424e-06 4.0889576851e+01
-2.3612644756e-04 6.0069494222e-06 4.1493463041e+01
-2.2727266315e-04 4.4693889532e-06 4.3639965033e+01
-2.2336093181e-04 4.4576573105e-06 4.4398199843e+01
2.4051902758e-04 2.2834643078e-06 2.1481346661e+01
2.4482797754e-04 4.9407454432e-06 2.1298932262e+01
1.7696514902e-04 8.2794282358e-05 1.7021944890e+01
-2.3214366542e-04 4.0284429767e-05 3.8790463644e+01
8.0684497971e-05 9.1866635463e-05 2.2485585812e+01
7.6937655389e-05 1.4364548016e-04 2.0796282126e+01
7.6095885392e-05 1.4697396414e-04 2.0835210866e+01
7.9744872158e-05 1.4568458062e-04 2.0805142558e+01
5.0726837880e-05 7.4530889479e-05 2.2528125136e+01
5.3709492233e-05 7.5126521596e-05 2.2522537741e+01
5.4430858095e-05 7.7497567043e-05 2.2500955473e+01
1.4719334117e-04 3.1563149024e-05 2.1610296964e+01
-7.6490934521e-05 5.7386143658e-05 4.2249222094e+01
-7.9733987344e-05 5.7399010641e-05 4.2217810845e+01
-1.4344418224e-04 7.5402590203e-05 3.7524802727e+01
-1.2082113740e-04 7.3686103880e-06 5.1999903110e+01
2.4352100163e-04 1.1943814597e-04 1.4256910579e+01
7.3540070372e-05 9.9715194281e-05 2.2220695295e+01
-6.9134670717e-05 9.4849806335e-05 3.5391171095e+01
-7.1977879043e-05 9.4865239187e-05 3.5308577668e+01
1.2985836455e-04 6.2097610894e-05 2.2247042444e+01
2.3249582464e-04 2.1632134512e-06 2.1213898321e+01
2.3674484882e-04 4.6922231986e-06 2.1117173832e+01
-2.8849416839e-04 3.4735468230e-05 1.6998644753e+01
-7.8514524769e-05 2.4116594022e-05 4.9090652844e+01
-8.0242041786e-05 2.5689048513e-05 4.8791892534e+01
-8.3908069718e-05 2.5691048562e-05 4.8817819018e+01
-8.3602400242e-05 2.8861929839e-05 4.8164875763e+01
2.9098064945e-05 5.5246631419e-05 2.6041417271e+01
3.3152643188e-05 7.1510696721e-05 2.2574993374e+01
2.8239295776e-05 7.2825638451e-05 2.4230949210e+01
3.6048876743e-05 7.1951160198e-05 2.2554036108e+01
2.2449573664e-05 7.2069232685e-05 2.7535335823e+01
1.9509667374e-05 7.1724265899e-05 2.8986412138e+01
1.8573870956e-05 6.9666066013e-05 2.9395860058e+01
1.5601400559e-05 6.9362956062e-05 3.0687054966e+01
9.6022933892e-06 6.8815965165e-05 3.2928476602e+01
6.5823272158e-06 6.8570041466e-05 3.3893293315e+01
1.5825382969e-06 7.0094038928e-05 3.5243965500e+01
-4.4868076391e-06 6.9693737870e-05 3.6589331357e+01
-7.5499620696e-06 6.9515365078e-05 3.7156542036e+01
-1.3674608957e-05 6.9202583578e-05 3.8097720148e+01
-1.6761652325e-05 6.9064823188e-05 3.8486104988e+01
-1.7988485836e-05 6.7162926064e-05 3.8772860762e+01
-2.1095341129e-05 6.7045822330e-05 3.9110721473e+01
-2.2928200329e-05 6.8826678473e-05 3.9114606738e+01
-2.6033008558e-05 6.8723489917e-05 3.9365870614e+01
-2.7329658466e-05 6.6844277874e-05 3.9656291230e+01
-3.0452203209e-05 6.6758253250e-05 3.9871256113e+01
-3.2230318182e-05 6.8548829548e-05 3.9756794218e+01
-3.5347764013e-05 6.8475037190e-05 3.9904941979e+01
-3.6712762107e-05 6.6614088999e-05 4.0202974106e+01
-3.9846140480e-05 6.6554520129e-05 4.0325679667e+01
-4.1566429443e-05 6.8354399358e-05 4.0119053500e+01
-4.6123960294e-05 6.6459274454e-05 4.0498545320e+01
-4.9264010002e-05 6.6422339699e-05 4.0553497959e+01
-5.5551286127e-05 6.6368958159e-05 4.0611122383e+01
-5.8694345911e-05 6.6351477066e-05 4.0617579047e+01
6.0084886726e-05 8.8028071104e-05 2.2374540239e+01
1.9788034725e-05 5.4525991528e-05 3.0274806611e+01
-6.3462332700e-05 7.5562188304e-05 3.8930144786e+01
-6.1955516689e-05 7.7443535845e-05 3.8623428147e+01
-5.8937852786e-05 7.7453922066e-05 3.8677470273e+01
-6.6501947714e-05 7.5560855123e-05 3.8874271644e+01
-1.6458922325e-04 5.7308208526e-05 4.0391291257e+01
2.3828918304e-04 1.4019315141e-04 1.3659273092e+01
-1.9951018472e-04 3.5007921948e-05 4.2823135863e+01
-8.0643427233e-05 4.3609917316e-05 4.5076198346e+01
6.8816274495e-05 1.3970187577e-04 1.7845048586e+01
1.0391767548e-04 5.6977907211e-05 2.2841679611e+01
-5.4342991794e-05 7.5604412110e-05 3.9057638773e+01
-5.2898178694e-05 7.7495579013e-05 3.8764432813e+01
-4.9882201025e-05 7.7526994773e-05 3.8794618568e+01
-5.7382417385e-05 7.5583697139e-05 3.9023062401e+01
9.7945713733e-05 2.7220612850e-05 2.2827145861e+01
8.3161171638e-05 3.4207345360e-05 2.2767160970e+01
8.7209338008e-05 2.6656748205e-05 2.2801930870e+01
1.5851478909e-04 1.0435440059e-04 1.7020440751e+01
1.5567924462e-04 1.1033797426e-04 1.7021997615e+01
1.0303400622e-05 5.3921726441e-05 3.3788880246e+01
7.2848609925e-05 3.3518293814e-05 2.2744620958e+01
5.4698958645e-05 7.7111305630e-06 3.1053808000e+01
3.6701556572e-05 1.2818062115e-04 5.0601590560e+01
-4.3849446662e-05 7.7613556724e-05 3.8820381452e+01
-4.0838248713e-05 7.7669038936e-05 3.8812293691e+01
9.3329889337e-05 5.5119290834e-05 2.2786183718e+01
8.3026566139e-05 5.3465135548e-05 2.2736041358e+01
1.5354379375e-05 1.2291468721e-04 4.1151331409e+01
6.6351619987e-05 2.5928590451e-05 2.3099106241e+01
-1.7535881530e-04 1.1943022095e-05 4.8745919725e+01
-1.7658084907e-04 1.3481430107e-05 4.8395012628e+01
-2.3078694496e-05 7.4278916089e-06 4.8570264284e+01
-2.6876316741e-05 2.4272956311e-05 4.6035182634e+01
-1.1356093477e-05 7.4547410849e-06 4.6833367913e+01
5.5999126367e-05 2.5664565578e-05 2.5946125274e+01
-8.4295280426e-06 1.3515189240e-05 4.5251125598e+01
-4.6104105972e-06 1.3535812981e-05 4.4553492038e+01
-6.7960494488e-06 1.5058764055e-05 4.4675475887e+01
-5.1909971649e-06 1.6612890007e-05 4.4090604752e+01
-6.6741542218e-05 5.7372300350e-05 4.2284046439e+01
-6.9992479442e-05 5.7372162941e-05 4.2283650721e+01
-1.7366489903e-04 8.1322561339e-05 3.6484755072e+01
-1.7434508784e-04 8.3437917489e-05 3.6237759314e+01
-2.7629578792e-05 3.0658296571e-05 4.4979057167e+01
-2.9624139800e-05 5.9540619308e-05 4.0697433737e+01
3.1316390045e-05 2.5087311860e-05 3.3315223762e+01
6.3164719744e-05 5.0761804791e-05 2.2668032737e+01
7.2980570470e-05 5.2013902973e-05 2.2695582886e+01
-9.9065613031e-05 5.7562468071e-05 4.1888410600e+01
6.5566748604e-05 1.2475365066e-04 2.0596842596e+01
-3.6134903178e-05 7.5888572505e-05 3.8997994906e+01
-3.4818830824e-05 7.7807372913e-05 3.8743345283e+01
-3.1815757629e-05 7.7890774850e-05 3.8677674925e+01
-3.9164314515e-05 7.5820288452e-05 3.9049432668e+01
-1.0970051204e-05 3.7465999902e-05 4.1379709677e+01
-9.5830853182e-06 3.9175053057e-05 4.0846110455e+01
-8.8114688801e-05 3.6974134704e-05 4.6461627543e+01
-8.4605758380e-05 3.6965015831e-05 4.6472089009e+01
-9.5126096355e-05 3.6998450617e-05 4.6406854425e+01
1.8549617665e-05 3.1462353297e-05 3.5518418603e+01
2.8982097855e-05 3.1757706598e-05 3.2294481170e+01
2.0554211439e-05 2.4873062455e-05 3.6450083379e+01
2.1262044409e-04 1.9130838708e-06 2.0774376683e+01
2.1688979508e-04 4.1517380135e-06 2.0741615879e+01
-2.1321618628e-04 1.4724547636e-06 4.6434389689e+01
-2.0768187980e-04 4.4335887390e-06 4.6843995137e+01
-2.0375812281e-04 4.4278063615e-06 4.7337996578e+01
-2.1160490107e-04 4.4380060302e-06 4.6308402415e+01
-2.0891103634e-04 5.9375597575e-06 4.6484270277e+01
-2.0254220672e-04 2.9445521319e-06 4.7681710668e+01
-1.9983012406e-04 4.4277502647e-06 4.7793854109e+01
-1.9590429303e-04 4.4197493265e-06 4.8216534965e+01
-2.1552565183e-04 4.4435712980e-06 4.5725951435e+01
-2.1944518523e-04 4.4487909964e-06 4.5091307515e+01
-1.8854700208e-05 5.2721265364e-05 4.0396111972e+01
-6.7046534291e-05 3.6952834882e-05 4.6311139290e+01
-7.2376604985e-05 3.5313084348e-05 4.6735726515e+01
-7.4068261938e-05 3.6950705856e-05 4.6423046048e+01
-7.7582049207e-05 3.6953228560e-05 4.6453966814e+01
4.4118071218e-05 4.8831095034e-05 2.2659427494e+01
-1.0463643354e-05 6.0152697709e-05 3.8286177535e+01
-1.7685372334e-05 4.5801112651e-05 4.1178581140e+01
-1.1203369235e-04 4.8938058211e-05 4.3504101544e+01
-1.1002448892e-04 5.0657446379e-05 4.3168764435e+01
-1.1131632989e-04 5.2441719150e-05 4.2749319799e+01
-1.1535698404e-04 4.8978296570e-05 4.3421021258e+01
-2.7066360158e-05 7.6151943077e-05 3.8700186954e+01
-2.5816701145e-05 7.8089475435e-05 3.8469673528e+01
-2.2825462752e-05 7.8205566209e-05 3.8321167180e+01
-3.0085471707e-05 7.6053892921e-05 3.8826259949e+01
1.2274519131e-05 4.6817647730e-05 3.4253440639e+01
-9.8906357893e-07 6.0605235248e-05 3.6310206012e+01
-7.7551876604e-05 6.6363427606e-05 4.0437946701e+01
-8.0690478444e-05 6.6382860936e-05 4.0382762194e+01
-1.3879382610e-05 7.8629743979e-05 3.7653291070e+01
-1.6854622309e-05 7.8475187890e-05 3.7916845256e+01
-7.9459694201e-06 7.8982949105e-05 3.6980620869e+01
-3.1126250060e-06 7.7390543376e-05 3.6240553302e+01
-1.5184377290e-07 7.7613485057e-05 3.5683135176e+01
5.7396430736e-06 7.8114690882e-05 3.4340554860e+01
8.6687278566e-06 7.8394959294e-05 3.3542021558e+01
9.6474213918e-06 8.0456758924e-05 3.3418730182e+01
1.2542837393e-05 8.0773671705e-05 3.2535185384e+01
1.8293261551e-05 8.1479208654e-05 3.0456078688e+01
2.1147502714e-05 8.1870621387e-05 2.9242797533e+01
2.5955542407e-05 8.0567407643e-05 2.6459823045e+01
2.9611991386e-05 8.3217289741e-05 2.4868477479e+01
3.1581717130e-05 8.1511605614e-05 2.2895853313e+01
9.5542265320e-05 7.5353478417e-05 2.2760349012e+01
2.0458829657e-04 1.8280443347e-06 2.0696768081e+01
2.0891063141e-04 3.9637562392e-06 2.0670413868e+01
-3.8629970586e-05 5.2322288827e-05 4.2376449475e+01
-1.8106004278e-04 4.5090720371e-05 4.2110977238e+01
2.6710494772e-05 6.2733986859e-05 2.5787835238e+01
3.1953862408e-04 6.0848683142e-05 1.4170171858e+01
4.4558986405e-05 6.4963366280e-05 2.2599283879e+01
-5.2028004876e-05 5.5673835460e-05 4.2407022281e+01
3.5599490313e-05 6.3749881966e-05 2.2650753617e+01
7.2411562128e-05 6.9942028822e-05 2.2613368088e+01
5.3660307349e-05 6.6391229258e-05 2.2585410227e+01
-1.0276687508e-05 1.0677972399e-04 3.6797186626e+01
-1.3601746176e-05 1.1068987030e-04 3.6310376727e+01
-1.6249576679e-05 1.1049328293e-04 3.6070705384e+01
-1.3212245158e-04 5.4529813894e-05 4.1801719902e+01
-5.8196899985e-05 2.5707949732e-05 4.8237844827e+01
-5.8204114061e-05 2.8868937667e-05 4.7627604243e+01
2.6470082003e-04 4.1378275164e-05 1.6517635021e+01
2.6885534050e-04 4.2105235906e-05 1.6161067377e+01
2.6555006789e-04 4.5013109183e-05 1.6149840829e+01
2.7128300977e-04 3.5567624007e-05 1.6704506076e+01
2.6140154507e-04 4.4263979897e-05 1.6249360903e+01
-2.5230841122e-04 2.2819439931e-05 3.5165181313e+01
1.0298516845e-04 1.3853937691e-04 1.7957301133e+01
1.0612763934e-04 1.4026199932e-04 1.7356592846e+01
1.1314730071e-04 8.0096661319e-05 2.2904891127e+01
3.0069634927e-05 9.1570048221e-05 2.7309139793e+01
2.8111870550e-05 9.3261529426e-05 2.8944967851e+01
3.2805094029e-05 9.2136347967e-05 2.6000611896e+01
-1.1190508446e-04 6.6820304541e-05 3.9671484673e+01
-1.8538306000e-04 1.4588830241e-06 4.9637717799e+01
-1.8805949213e-04 4.4128309700e-06 4.8971360748e+01
-1.9197916332e-04 4.4141332073e-06 4.8608293713e+01
-1.9463858930e-04 2.9384594935e-06 4.8554965043e+01
1.8470610637e-04 1.6600091657e-06 2.0832373715e+01
1.8906607679e-04 3.5679897071e-06 2.0818785082e+01
8.5726650406e-05 1.0448363503e-04 2.2394129531e+01
6.2426161840e-05 9.8235931930e-05 2.2137161346e+01
6.0138015090e-05 9.9839917938e-05 2.2072889247e+01
6.5767698362e-05 1.0185958715e-04 2.2038629592e+01
-2.6666822661e-04 3.6246309527e-05 3.0240509600e+01
1.7669468600e-04 1.6078327639e-06 2.0968166415e+01
1.8107528923e-04 3.4457916682e-06 2.0990378410e+01
-1.7743225696e-04 1.4551145294e-06 5.0284506801e+01
-1.2365375930e-04 5.6145762462e-05 4.1660829658e+01
-2.2980752111e-04 4.5987300130e-05 3.8647153401e+01
-2.4090122230e-04 3.9087426283e-05 3.7510589224e+01
9.0473687102e-05 1.3472567475e-04 2.1131646815e+01
-1.8344394073e-05 1.0619186483e-04 3.6289878581e+01
-5.2627656887e-05 1.1947086185e-04 3.2279273755e+01
-6.7536640871e-05 1.0489556940e-04 3.3838524822e+01
-6.8856083506e-05 1.0694250166e-04 3.3516558406e+01
1.9149353960e-04 1.0127847355e-04 1.6117724051e+01
-2.4370033253e-04 6.3109764409e-05 3.7108078032e+01
1.5676400213e-04 1.5409681763e-06 2.1418941352e+01
1.6120036247e-04 3.2246555952e-06 2.1487017963e+01
2.2898217279e-04 9.7480146916e-05 1.5018343682e+01
1.4874693096e-04 1.5365270390e-06 2.1649616548e+01
1.5320309086e-04 3.1783840666e-06 2.1638400669e+01
-1.8273677635e-04 3.4603803580e-05 4.4023280493e+01
-1.8359106253e-04 3.6342105648e-05 4.3640450181e+01
-3.7348195614e-05 1.0529651706e-04 3.5075134585e+01
-8.1306704491e-05 1.0502909548e-04 3.3589717333e+01
-7.9805894818e-05 1.0704957074e-04 3.3351793675e+01
2.2164706496e-04 7.7697304390e-05 1.5876835113e+01
1.2886661502e-04 1.5403441291e-06 2.2044628057e+01
3.2233919057e-04 5.3764744189e-05 1.4309435765e+01
1.2091824718e-04 1.5398692098e-06 2.2251382541e+01
1.1301217469e-04 1.5312580438e-06 2.2583530402e+01
3.0854046000e-04 3.0574455561e-06 1.7841555283e+01
1.0499419844e-04 1.0968523770e-04 2.3004945352e+01
-1.7502319045e-04 1.0247005445e-04 3.4704166747e+01
1.0507548966e-04 1.5296416436e-06 2.3096071547e+01
1.0965778110e-04 3.1514832593e-06 2.2681112069e+01
-1.2971957071e-04 1.1100031508e-04 3.3495160364e+01
-1.7448985296e-04 6.7353189180e-05 3.8426085030e+01
-1.7600950231e-04 6.3551875777e-05 3.9006549818e+01
9.7141279166e-05 1.5272717522e-06 2.3847112188e+01
1.2655602226e-04 7.8120137963e-05 2.1256581211e+01
8.9171942186e-05 1.5318208668e-06 2.4887254311e+01
8.1272352911e-05 1.5201944279e-06 2.6214912101e+01
1.5340544499e-04 1.2379246290e-04 1.7023073372e+01
-2.2608086898e-04 6.6492946234e-05 3.7477437636e+01
7.3334878001e-05 1.5156737391e-06 2.7810599112e+01
-2.3688070050e-04 8.0095740454e-05 3.6792050545e+01
6.5394398990e-05 1.5106933656e-06 2.9621477278e+01
5.7450814403e-05 1.5053988046e-06 3.1593072197e+01
4.9480847322e-05 1.5007030440e-06 3.3674933785e+01
-1.3088440938e-04 8.4612679547e-05 3.6147338353e+01
-2.4621965236e-04 6.1370091062e-05 3.6969302190e+01
-2.4369330665e-04 6.5411916271e-05 3.7128530545e+01
2.6918692728e-04 1.1075318509e-04 1.3959500107e+01
2.3259437851e-04 1.2401153509e-04 1.4344847520e+01
1.9617948327e-04 1.4308103153e-04 1.4499757104e+01
3.2385750135e-04 3.9135835202e-05 1.4769302641e+01
-2.7665680289e-04 1.5386302399e-06 2.3893425801e+01
-2.7271073633e-04 1.5286440730e-06 2.6482831754e+01
-2.6942298542e-04 3.0664767081e-06 2.8458814130e+01
-2.6614672122e-04 4.6134050583e-06 3.0234361698e+01
-2.6480529866e-04 1.5151000330e-06 3.1079979447e+01
-2.6084687362e-04 1.5106121241e-06 3.3080724104e+01
-2.5775457498e-04 3.0244761230e-06 3.4447883208e+01
-2.5851229404e-04 4.5741235904e-06 3.4025395128e+01
-2.7006381699e-04 4.6387847549e-06 2.7984545989e+01
-3.0537276119e-04 1.1500294475e-05 1.7050818516e+01
1.7735208684e-04 1.0743436678e-04 1.6827748503e+01
2.4036092313e-04 9.6696282919e-05 1.4854429967e+01
8.3170120318e-05 1.4443561308e-04 2.0578288078e+01
-1.9689662439e-04 3.6687876462e-05 4.2726703456e+01
3.0286392989e-04 1.0693115545e-04 1.3101348047e+01
2.6453357146e-04 2.7078370332e-06 2.2159143002e+01
2.6506919716e-04 5.5073776574e-06 2.1582587569e+01
2.6050378850e-04 2.6754280780e-06 2.2109331608e+01
6.9433247115e-05 1.0834665219e-04 2.1809448890e+01
-2.8787791220e-04 3.7042816897e-05 1.7013121815e+01
2.7210597932e-04 1.0399548416e-04 1.4101067066e+01
-2.0369737292e-04 8.6973692369e-05 3.6040359270e+01
-1.7708988780e-04 8.3693180315e-05 3.6212953148e+01
2.5249493891e-04 2.4940249583e-06 2.1900140105e+01
2.5297202691e-04 5.1120248379e-06 2.1465334282e+01
2.4849257960e-04 2.4676329932e-06 2.1742048769e+01
2.4818332633e-04 5.5644985584e-05 1.6108957223e+01
-1.8561626490e-04 7.6248948208e-05 3.7052436146e+01
-1.6142968900e-04 1.3439712694e-05 4.9312175354e+01
-2.4898635608e-04 1.4809275487e-06 3.8007742936e+01
1.5424380414e-04 9.9382632580e-05 1.7032043154e+01
1.0179006442e-04 3.1478721209e-06 2.3218048392e+01
2.1093256603e-04 8.1977341318e-05 1.6123869697e+01
-2.2513813617e-04 1.4780780341e-06 4.4377162843e+01
-2.2116487912e-04 1.4757082745e-06 4.5125166260e+01
2.2455808672e-04 2.0713254603e-06 2.0990925131e+01
2.2506185140e-04 4.2777916990e-06 2.0872758342e+01
2.2056101456e-04 2.0500133192e-06 2.0892113620e+01
2.7113045713e-04 1.2605920687e-04 1.3353525463e+01
2.1413881857e-04 1.3001519703e-04 1.4538695960e+01
1.9449306442e-04 1.2408138833e-04 1.5120507027e+01
-1.9731334889e-04 1.4662991515e-06 4.8474388581e+01
1.9665231577e-04 1.7641151037e-06 2.0698978408e+01
1.9723596652e-04 3.6461305296e-06 2.0719383040e+01
1.9265764545e-04 1.7514119849e-06 2.0722831149e+01
-1.4847694917e-04 9.9891294225e-05 3.4441570904e+01
1.3908172834e-04 1.2130365169e-04 1.7080867556e+01
-2.9317184020e-04 1.8925746675e-05 1.7096170804e+01
1.6872496898e-04 1.5810607013e-06 2.1112057332e+01
1.6472967426e-04 1.5820365392e-06 2.1204423259e+01
1.4078975981e-04 1.5464342631e-06 2.1776791152e+01
1.3680705141e-04 1.5583405706e-06 2.1897097283e+01
-1.3762818455e-04 1.4544462919e-06 5.2481944472e+01
-2.2258961309e-04 8.1441360519e-05 3.6517148201e+01
1.3251814824e-04 9.1999176988e-05 1.7220399497e+01
-2.1217664630e-04 9.3162790670e-05 3.5799173591e+01
-2.0960758465e-04 9.2643338883e-05 3.5779745520e+01
-2.0502408311e-04 9.3752357569e-05 3.5654675060e+01
2.1360932345e-04 9.6994432037e-05 1.5363574758e+01
-1.5069023809e-04 6.6130485645e-05 3.9056004997e+01
4.1510057496e-05 1.5011860721e-06 3.5803689313e+01
-3.8064289703e-05 1.4560655614e-06 5.1221711268e+01
-1.8148166197e-05 1.4616928393e-06 4.8884921247e+01
2.4234567833e-04 6.4934050123e-05 1.5825880992e+01
8.3954706395e-05 1.1505247890e-04 2.2110948956e+01
-1.7699736265e-04 9.2063188916e-05 3.5408495235e+01
-1.8344793407e-04 7.8100602686e-05 3.6842683016e+01
1.4269927535e-04 9.2148283809e-05 1.7039102724e+01
1.3958242389e-04 9.4349795670e-05 1.7038955680e+01
2.3348428827e-04 1.3160350828e-04 1.4097797616e+01
-1.1993951441e-04 1.1255713912e-04 3.3260003785e+01
2.6406679291e-04 7.6675308135e-05 1.5010380581e+01
-1.5529206483e-04 3.4170965435e-05 4.5444034931e+01
2.3310090675e-04 7.6967429008e-05 1.5566242262e+01
-2.3308230784e-04 1.4830023786e-06 4.2655022562e+01
1.0926603633e-04 1.2128720307e-04 1.8418727938e+01
2.1232931322e-04 8.9465860226e-05 1.5690780332e+01
-1.9333727279e-04 1.4647077497e-06 4.8891123025e+01
-3.0213712271e-04 3.4625443426e-05 1.7196053438e+01
1.6839132595e-04 9.7309479862e-05 1.7009281599e+01
-7.7866333451e-05 9.0969873457e-05 3.5817997127e+01
-1.2308858789e-04 1.0237313581e-04 3.3942022621e+01
1.2507526524e-04 1.1516633650e-04 1.7035216234e+01
-2.8345295350e-04 5.3632590117e-05 3.1512853988e+01
-9.4205123702e-05 1.1356927518e-04 3.2812716637e+01
-9.2656143063e-05 1.1559848857e-04 3.2700273822e+01
-2.2937932049e-04 4.2007516109e-05 3.9004950683e+01
2.1038918221e-04 6.1053675305e-05 1.7031228872e+01
1.1908790831e-04 1.4361814075e-04 1.7190051169e+01
-1.5757727457e-04 6.8349161989e-05 3.8541232262e+01
-1.3578676188e-04 1.0105811047e-04 3.4190695002e+01
1.8686577137e-04 9.6250796768e-05 1.6858067420e+01
-2.0330624894e-04 7.1894148802e-05 3.7382462125e+01
1.8810867714e-04 1.0380172062e-04 1.6182925629e+01
1.3948009821e-04 1.5040003172e-04 1.7248278520e+01
-4.2161551431e-05 1.1972989601e-04 3.2497755893e+01
1.5392166940e-04 1.6139941568e-04 1.4619852076e+01
3.0765008511e-04 8.5160750977e-05 1.3746210591e+01
-3.1423759617e-04 3.4162516557e-05 1.7203953610e+01
-3.1039440544e-04 3.5617794948e-05 1.7210184679e+01
-1.4605329999e-04 3.5731933351e-05 4.5460378361e+01
-2.2623004854e-04 2.9666284109e-06 4.4007171285e+01
2.6263740108e-04 1.4060914185e-05 1.9822775752e+01
2.6119217099e-04 2.5410686676e-05 1.7908589273e+01
2.4321159868e-04 5.1125309182e-05 1.6607908416e+01
2.8787789669e-04 2.1023640348e-05 1.7002784460e+01
-1.4836430519e-04 3.9130961053e-05 4.4645241272e+01
3.6146055324e-04 3.5537693824e-05 1.2615334784e+01
3.5817354551e-04 3.9157680457e-05 1.2842961489e+01
3.5857257414e-04 4.3265079344e-05 1.2760408447e+01
1.7761498965e-04 8.6396242793e-05 1.7010503613e+01
2.7894930702e-04 9.8061075155e-05 1.4122518891e+01
-2.0526568087e-04 1.4691179340e-06 4.7537159472e+01
-2.7836027712e-04 1.3349907575e-05 2.1504197867e+01
3.5176051619e-05 8.4272513521e-05 2.2377282346e+01
1.0158846911e-04 1.0822552113e-04 2.2744207052e+01
-1.5649400646e-05 1.0637244063e-04 3.6466202857e+01
-1.6217622332e-04 7.2481268478e-05 3.7793289715e+01
-1.6508096697e-04 7.2656299229e-05 3.7732504506e+01
-1.6007910132e-04 7.4322469825e-05 3.7527631032e+01
4.6330643761e-05 7.7995682736e-05 2.2506611222e+01
-1.3852736926e-04 8.3002570692e-05 3.6350771561e+01
3.5625619579e-04 2.3163055476e-05 1.2886938896e+01
2.7049712376e-04 4.9392780215e-05 1.5859677125e+01
-8.8831911003e-05 1.1342027888e-04 3.2763656353e+01
-6.4783496277e-05 1.0489071025e-04 3.3909885207e+01
2.4976555874e-04 6.3001711312e-05 1.5734694308e+01
1.8022077295e-04 8.0338652258e-05 1.7021637202e+01
2.9930974896e-04 7.9833864332e-05 1.4174252027e+01
2.0115836997e-04 5.2999352693e-05 1.7017444632e+01
-1.0881721001e-04 9.5649918170e-05 3.4651461210e+01
-1.5695917867e-04 4.7976140744e-05 4.2474462361e+01
-2.1313650996e-04 8.4137031912e-05 3.6296930975e+01
2.9818060779e-04 7.2209122716e-05 1.4444971640e+01
-2.2037426801e-04 8.3256780257e-05 3.6395949635e+01
-1.1004436581e-04 6.8631139194e-05 3.9340030578e+01
-3.9056523929e-05 1.3399383426e-05 4.9274340671e+01
2.2020261497e-05 1.3720837381e-05 3.8512925736e+01
3.7128153392e-05 1.3854322284e-05 3.4415069529e+01
-5.8231020138e-05 1.3364255115e-05 5.0567336857e+01
5.2131741670e-05 1.3999140989e-05 3.0272477195e+01
-1.3517044635e-04 4.9276383508e-05 4.2854477033e+01
-7.3570812360e-05 1.3351374036e-05 5.1093441970e+01
6.7016724875e-05 1.4143874590e-05 2.6545206511e+01
-9.6739633123e-06 1.1953188781e-04 3.6282259097e+01
-8.8902278293e-05 1.3348981381e-05 5.1277341155e+01
7.4469907414e-05 8.9867043632e-05 2.2437802135e+01
-7.5996321744e-06 1.0700818180e-04 3.6944621373e+01
4.0934785355e-05 9.4065858284e-05 2.2108973954e+01
-1.0421918308e-04 1.3354998710e-05 5.1200165948e+01
-2.4127414720e-04 6.9484931104e-05 3.7165135486e+01
-1.1951606086e-04 1.3368125781e-05 5.0920387981e+01
1.3054739300e-04 1.5131604640e-05 2.2922366781e+01
-1.3478749346e-04 1.3387819697e-05 5.0473364663e+01
-8.9574178269e-05 2.4123847979e-05 4.9150995292e+01
2.1442665519e-04 6.1959446536e-05 1.6983800532e+01
1.5796353664e-04 1.6489896815e-05 2.1480367399e+01
-1.6948725274e-04 2.9361874021e-05 4.5790089323e+01
-1.0429741339e-04 2.4148993192e-05 4.9038778506e+01
-1.6767363022e-04 5.7433955442e-05 4.0283543164e+01
-1.6625149308e-04 6.1131088147e-05 3.9645210881e+01
1.8549135885e-04 1.8556472328e-05 1.9544305941e+01
-1.3727526138e-04 2.4262754526e-05 4.8213514832e+01
1.7800214148e-05 1.2339237631e-04 4.1812146972e+01
2.1305923782e-04 2.1064730585e-05 1.8700277998e+01
-1.9816368601e-04 1.2016362544e-05 4.6850350031e+01
4.2829125463e-05 8.3747741918e-05 2.2466338024e+01
-5.3235895602e-05 4.3640027889e-05 4.4610407922e+01
-1.6350158072e-04 6.8655531948e-05 3.8395492945e+01
-2.2731433220e-04 8.0153566896e-05 3.6623507668e+01
-2.1446685307e-05 1.2074143896e-04 3.4094197044e+01
-2.3199388096e-04 1.2218227345e-05 4.1781284160e+01
1.7285635533e-04 1.0232807201e-04 1.6986116254e+01
2.4506469037e-04 2.4124746230e-05 1.8598027223e+01
-8.3760497130e-05 1.0917087587e-04 3.3095902391e+01
-1.0334254157e-04 7.2219257211e-05 3.8754175557e+01
-1.0029601905e-04 7.2163521652e-05 3.8827349531e+01
9.3526972903e-05 1.3660870123e-04 1.9444417740e+01
-1.7088357297e-04 8.1088838200e-05 3.6517609279e+01
-3.4620339844e-05 1.0538905648e-04 3.5235465006e+01
6.1966402102e-05 1.1016321291e-04 2.1562639109e+01
1.4674950966e-04 1.5028101479e-04 1.7093918813e+01
5.8747333724e-05 1.2569890936e-04 2.7324039585e+01
3.5960675008e-05 8.6531882638e-05 2.2373747107e+01
1.2287759013e-04 9.4956799900e-05 1.9582209436e+01
1.1522109512e-04 1.1416163536e-04 1.7835171177e+01
-7.1436552756e-05 1.1107185323e-04 3.2955426223e+01
1.0949168511e-04 1.3162598120e-04 1.7047030737e+01
1.4004224179e-04 9.7759038870e-05 1.7040859552e+01
1.5424832626e-04 1.5000699230e-04 1.6980890408e+01
1.1015378092e-04 9.9528548204e-05 2.3063174650e+01
-2.0752119163e-04 5.2031367058e-05 3.9660847578e+01
2.9786093336e-04 2.8936827455e-05 1.6066630135e+01
-8.3096666664e-05 9.8986213355e-05 3.4408817276e+01
2.0771081517e-04 1.4288919762e-04 1.4256592067e+01
2.1058583662e-04 1.3267697827e-04 1.4535513101e+01
1.9664407367e-04 4.9351050179e-05 1.7119492735e+01
5.4336651858e-05 1.2814485245e-04 3.4706091115e+01
8.1166933986e-05 1.3554558180e-04 2.2459121265e+01
-1.9063371430e-04 5.4790896561e-05 4.0007708857e+01
8.4412540740e-05 1.2433260856e-04 2.1973571765e+01
-2.0833309610e-04 4.2557325403e-05 4.0938018401e+01
-1.5057558835e-04 4.2589779818e-05 4.3825426583e+01
1.9879637814e-04 1.2912825196e-04 1.4877240739e+01
1.1841703688e-04 7.3140102567e-05 2.2885976740e+01
4.4841478067e-05 1.2161521106e-04 3.6404152417e+01
3.1681769087e-04 9.8459691684e-05 1.2916900417e+01
2.0177576820e-04 5.6122893576e-05 1.7055295163e+01
-1.0992496048e-04 9.7704300561e-05 3.4382038861e+01
-1.6927811663e-04 6.1274504659e-05 3.9548137787e+01
1.6189889597e-04 1.4952509792e-04 1.5397551959e+01
1.6661245509e-04 8.6477987616e-05 1.7033679605e+01
9.4042382846e-05 9.9325203421e-05 2.2636834008e+01
-2.1783142052e-04 6.3165070106e-05 3.7961097980e+01
-1.9964979432e-04 6.7353395339e-05 3.7961524146e+01
1.2904496048e-04 1.4870209224e-04 1.7278106767e+01
-1.2838197330e-04 9.6519107078e-05 3.4568250002e+01
3.0997908238e-04 7.4289110658e-05 1.4039084507e+01
-2.4952615722e-04 4.2111714279e-05 3.5897929587e+01
-2.3069806115e-04 5.8547864877e-05 3.7795505878e+01
-1.9058004653e-04 7.4672703096e-05 3.7203591153e+01
2.5230382411e-04 5.6486786283e-05 1.5949824451e+01
2.4735570515e-04 5.1984593585e-05 1.6218480246e+01
2.3427003798e-04 4.6156059184e-05 1.7075062847e+01
-3.3090391772e-04 3.5404851673e-05 1.6994134618e+01
1.4996279776e-04 1.2599018514e-04 1.7041117822e+01
-1.6035859886e-04 9.6716406683e-05 3.4842379230e+01
3.1774939222e-04 7.5675758509e-05 1.3729927332e+01
-2.6513819970e-04 1.9906499717e-05 2.9727363708e+01
-1.7094117863e-04 8.9342650096e-05 3.5601870414e+01
-1.7501773318e-04 8.5569963309e-05 3.6006016993e+01
-1.9167954854e-04 8.9574127854e-05 3.5747663312e+01
-1.6075395886e-05 1.3478158763e-05 4.6512627550e+01
-1.2529438114e-04 4.9112970018e-05 4.3151280291e+01
1.8215881265e-04 7.0895538248e-05 1.7051272784e+01
-1.5526416013e-04 9.0078999467e-05 3.5429807648e+01
-3.5223229349e-05 1.3409430699e-05 4.8913789241e+01
1.8229209047e-05 1.3690223921e-05 3.9484327009e+01
-1.4032912484e-04 9.9293624441e-05 3.4392390956e+01
1.9658312373e-04 1.1009759892e-04 1.5468270068e+01
2.0342243658e-04 1.0491447591e-04 1.5406196748e+01
-2.1950889985e-04 1.6884938910e-05 4.3458005618e+01
-2.1315227716e-04 3.7276064170e-05 4.1290209701e+01
-5.4395653730e-05 1.3369380694e-05 5.0370904467e+01
2.1602170150e-04 6.9244668626e-05 1.6702796678e+01
2.6574403013e-04 1.1367491429e-04 1.3948157806e+01
-8.9042425702e-05 9.5096429686e-05 3.4910779977e+01
6.5525054775e-05 1.2748307955e-04 1.8592304769e+01
-2.5472672227e-04 1.5882623911e-05 3.4707192058e+01
2.7553490542e-04 1.0103576477e-04 1.4111832580e+01
2.2036525447e-04 9.1626705855e-05 1.5362320596e+01
2.1237607897e-04 1.1481513508e-04 1.4924846884e+01
-1.0873036659e-04 5.7689380589e-05 4.1664267544e+01
-2.2542254355e-04 3.6043332359e-05 4.0076896310e+01
3.5528899726e-04 4.6811475757e-05 1.2902851594e+01
3.1245695743e-04 4.1432949593e-05 1.5061723661e+01
-9.2310276054e-05 1.0526091324e-04 3.3502111421e+01
2.1831747927e-04 8.0386416827e-05 1.5875231002e+01
-3.6849601093e-06 1.2231401956e-04 3.7807197131e+01
-3.5328128860e-04 2.5982232135e-05 1.3155219908e+01
-2.2286447176e-04 8.3764385282e-05 3.6385362954e+01
2.0542465384e-04 1.2011000477e-04 1.4948551000e+01
-2.5353192625e-04 6.3185160588e-05 3.6715652985e+01
-2.8383833793e-04 1.9735390418e-05 1.6838474302e+01
-3.0136479810e-04 1.3298014946e-05 1.7064860186e+01
-2.3083950009e-04 6.0724047345e-05 3.7673671805e+01
8.8878229197e-05 1.0578971100e-04 2.2462220564e+01
2.5236814189e-04 1.2899593064e-04 1.3748869572e+01
2.8222534871e-04 6.9349506046e-05 1.4900846787e+01
2.8120971151e-04 2.6836451267e-05 1.7112742054e+01
2.4445991661e-04 1.2704061299e-04 1.4005857716e+01
3.0427472515e-04 8.8278230980e-05 1.3747002529e+01
1.0537790733e-04 1.1297932980e-04 2.2926237276e+01
1.1583017212e-04 1.4193449139e-04 1.7195463595e+01
2.4187632507e-04 8.2609743498e-05 1.5197408783e+01
2.3433126833e-04 1.3918739659e-04 1.3798671273e+01
2.3857143554e-04 1.1085443584e-04 1.4562711331e+01
-1.6304606850e-04 9.6965307653e-05 3.4856290829e+01
2.9568887452e-04 5.7153792517e-05 1.4987812993e+01
1.6927859405e-04 1.4122297684e-04 1.5540699142e+01
2.2639857199e-04 1.3708842875e-04 1.4063547620e+01
1.3616663143e-04 1.3792549323e-04 1.7168232868e+01
4.7229588901e-05 1.2252799390e-04 3.5547532182e+01
1.4301978839e-04 1.5216005485e-04 1.7203044007e+01
-1.1357254981e-04 1.1016439769e-04 3.3258531381e+01
2.5733743669e-04 1.0804137786e-04 1.4296968684e+01
3.7983896988e-05 1.2159552659e-04 3.9993283854e+01
2.2203547222e-04 1.3222347410e-04 1.4318915991e+01
2.1847943468e-04 1.3492307359e-04 1.4307684477e+01
9.0277829300e-05 1.3816329336e-04 1.9650883688e+01
8.7428062849e-05 1.2608300893e-04 2.2227260691e+01
1.1270682373e-04 1.3331696245e-04 1.7139292535e+01
9.9972498975e-05 1.2992450202e-04 1.9549938627e+01
7.5863324783e-05 1.2241941874e-04 2.1285223572e+01
1.2589733770e-04 1.3650484500e-04 1.7194282860e+01
-9.6209212144e-05 1.0742077351e-04 3.3286510590e+01
3.0371293897e-04 5.8414183546e-05 1.4736193786e+01
1.9523816640e-04 1.3169943666e-04 1.4891647071e+01
-1.4717595439e-04 4.7752570614e-05 4.2833732101e+01
-2.1602558637e-04 6.9296916814e-05 3.7449114341e+01
7.0192086614e-05 8.3683142350e-05 2.2484673475e+01
9.8623095161e-05 1.0997505318e-04 2.2711787217e+01
7.3994104591e-05 1.0246787621e-04 2.2151277809e+01
-1.3574336070e-04 9.4897956172e-05 3.4787876317e+01
-1.8521624072e-04 3.9874236725e-05 4.2880421673e+01
2.0308225205e-04 1.3413784804e-04 1.4647126663e+01
-1.3366821515e-04 7.8854792087e-05 3.7047287221e+01
4.3645503475e-05 9.4779710784e-05 2.2306797756e+01
1.6951142190e-04 1.0472725830e-04 1.6997795840e+01
1.5051751852e-04 9.8084382006e-05 1.7038243582e+01
-1.4866058035e-04 9.3696856463e-05 3.5002252749e+01
-1.1312326080e-04 6.8698629570e-05 3.9264331733e+01
1.2481150770e-04 8.6453485796e-05 2.0571325580e+01
-1.2592119704e-04 8.0486872741e-05 3.6852113693e+01
1.4172833250e-04 1.1188540912e-04 1.7052966773e+01
-2.4014742290e-05 1.2057478562e-04 3.3768136936e+01
-5.6378600939e-05 3.0482565561e-05 4.7238331426e+01
-2.0083071940e-04 3.8592125277e-05 4.2118615679e+01
-1.9454679783e-04 6.8904492167e-05 3.7862199370e+01
3.6221549454e-04 4.3846000413e-05 1.2506682615e+01
1.6579027445e-04 1.5484623091e-04 1.4660523505e+01
-5.8512813042e-05 5.2149785810e-05 4.3188277385e+01
2.1477414530e-04 1.0455526194e-04 1.5115808813e+01
7.0283413082e-05 3.1295016360e-06 2.8186732138e+01
2.6329445373e-04 1.6938900128e-05 1.9225112652e+01
7.8154132871e-05 3.1419637223e-06 2.6530658932e+01
2.2468981638e-04 1.2191193563e-04 1.4545425838e+01
4.3570227401e-05 8.6074906866e-05 2.2437658242e+01
3.1596074552e-05 9.6063745893e-05 2.8280753852e+01
-1.1723417689e-04 9.5982046149e-05 3.4597465278e+01
-2.2748450077e-04 3.0671253726e-05 4.0388153069e+01
1.0365688513e-04 1.0007378005e-04 2.2815545774e+01
1.5788270007e-04 1.4037792326e-04 1.7095464601e+01
-1.9364020791e-04 5.4969991631e-05 3.9864144304e+01
-6.7445574774e-05 2.4120944812e-05 4.8872019145e+01
-8.1040106762e-05 1.0912262115e-04 3.3107903729e+01
1.9285051101e-04 8.7458588190e-05 1.6922558245e+01
-1.7921430525e-04 7.4104149638e-06 4.9230298886e+01
-2.1047150742e-04 5.2253997109e-05 3.9472246385e+01
-1.6275695947e-04 1.9647579433e-05 4.8070277797e+01
2.5489419463e-04 1.1852594229e-04 1.4044629772e+01
6.3424208511e-05 1.0343193021e-04 2.1948632351e+01
-1.6891767621e-04 8.9004152006e-06 4.9684054874e+01
-1.8374273895e-04 1.8185344420e-05 4.7052893533e+01
-6.8732619445e-05 1.1105659903e-04 3.2986865312e+01
9.6355872160e-05 1.4184491585e-04 1.9229519397e+01
-2.4614336397e-04 6.5995787266e-05 3.7077596543e+01
-8.6510899978e-05 9.1090909541e-05 3.5606476924e+01
-1.1002840647e-04 5.9500893823e-05 4.1247373210e+01
3.3200542441e-05 8.5962748156e-05 2.3114545859e+01
-1.7381100867e-04 1.9703902769e-05 4.7438046652e+01
2.0579487885e-04 2.2971000256e-05 1.8580650537e+01
-1.5093322125e-04 6.0516700448e-05 4.0115333819e+01
1.8155242101e-04 8.7580151961e-05 1.7004977812e+01
-1.3956580587e-04 5.1125773989e-05 4.2334842819e+01
-3.0643533983e-04 4.3549577751e-05 1.7199838962e+01
-1.0875333854e-04 1.0581191550e-04 3.3511077425e+01
-1.5305498499e-04 9.8175105403e-05 3.4635348104e+01
2.9454940590e-04 3.2021819300e-05 1.6008118863e+01
3.8441461677e-05 7.8605735398e-05 2.2528612728e+01
8.9252634799e-05 1.0881588429e-04 2.2435298317e+01
1.9327186602e-04 7.0352926062e-05 1.7026340710e+01
-1.6828488802e-04 5.1919351273e-05 4.1308319086e+01
2.4718290158e-04 6.9527797638e-05 1.5534235144e+01
-1.7156049154e-04 6.7172556305e-05 3.8505616271e+01
-1.5763258488e-04 1.3430521656e-05 4.9509656380e+01
-1.0607886905e-04 5.4108620412e-05 4.2495961622e+01
-1.2651875406e-04 5.0882253534e-05 4.2732486871e+01
-4.9029621400e-05 2.7321566849e-05 4.7455875766e+01
1.7183514956e-04 7.4765888604e-05 1.7056067421e+01
2.6535519447e-04 6.2596009502e-05 1.5444380164e+01
2.5329716486e-04 8.1597482148e-05 1.5041195278e+01
-2.9644824081e-04 3.5059080207e-05 1.7142435513e+01
-2.0477699343e-04 6.5822740277e-05 3.8033596545e+01
-1.7861726026e-04 3.9701101008e-05 4.3259765466e+01
-1.4722610733e-04 4.2532893136e-05 4.3950960139e+01
-1.4305308712e-04 9.9484060250e-05 3.4407091287e+01
-2.4659211244e-04 3.3715871162e-05 3.6482788070e+01
-2.4106955435e-04 4.3126372170e-05 3.7371535926e+01
-2.0940761552e-04 1.8385959125e-05 4.4607929867e+01
2.4102208781e-04 2.3756261487e-05 1.8608264480e+01
9.0771951686e-05 9.8100351780e-05 2.2583809387e+01
-4.5559644302e-05 3.0529179788e-05 4.6633141653e+01
-2.9624704914e-05 1.4947954818e-05 4.8045892438e+01
2.8205585742e-04 1.1901577250e-05 1.8005988390e+01
-1.7534621886e-04 5.4031517977e-05 4.0677658526e+01
-2.2314345425e-04 1.6930371112e-05 4.2869526256e+01
2.2752606490e-04 6.8568309501e-05 1.6113042478e+01
2.0532863485e-04 7.3452202074e-05 1.7038584463e+01
2.1167407661e-04 1.4403548691e-04 1.4123852907e+01
-2.6609192683e-04 4.0564069805e-05 3.1330416033e+01
-2.0879772137e-04 3.3533574208e-05 4.2268207427e+01
1.1473569824e-04 7.2219179181e-05 2.2915992912e+01
1.6016181814e-04 9.1193606609e-05 1.7034690692e+01
-1.5798374681e-04 6.2655192212e-05 3.9552727716e+01
-1.4946895480e-04 3.0800503535e-05 4.6389708141e+01
-2.4095991069e-04 7.5741673217e-06 4.0067815174e+01
2.1232559485e-04 5.1864616093e-05 1.7058865354e+01
1.5266386320e-04 8.8823253306e-05 1.7050175393e+01
7.9555156978e-05 1.0200820447e-04 2.2285657178e+01
2.8915011694e-04 8.9032815874e-05 1.4152229949e+01
-2.4460019747e-04 1.7304333040e-05 3.8045753385e+01
2.6384817071e-04 5.5224018940e-05 1.5758322668e+01
2.8865094708e-04 2.4329617449e-05 1.7143664744e+01
2.2590630554e-04 6.1192374093e-05 1.6700813082e+01
3.4515770250e-04 2.6241107311e-05 1.4049598966e+01
3.4908264858e-04 2.6515905908e-05 1.3681784099e+01
-2.7740865044e-04 4.8492105182e-05 3.0168606795e+01
2.8340210746e-04 1.0272722050e-04 1.3862190553e+01
-1.7684513529e-04 5.7853636728e-05 3.9949227212e+01
-1.8629549386e-04 5.0803157949e-05 4.0847694122e+01
-1.9061998430e-04 6.4540812990e-05 3.8527448607e+01
-1.7498568544e-04 3.2768248420e-05 4.4816983503e+01
2.9199005211e-04 8.2168158420e-05 1.4293508314e+01
-2.0994038494e-04 3.7141091965e-05 4.1608618090e+01
-2.7861604730e-04 5.4156240732e-05 3.2628479135e+01
2.5167911134e-04 3.6221038880e-05 1.7031961275e+01
1.8385985038e-04 1.3163228189e-04 1.5240018579e+01
-2.6193654494e-04 2.1552137476e-05 3.1296857193e+01
-2.6825471283e-04 2.2033244663e-05 2.7996839735e+01
-2.5819711913e-04 1.5993714433e-05 3.3252378790e+01
2.0712138442e-04 4.5209171946e-05 1.7190022008e+01
2.7612111853e-04 5.7464342113e-05 1.5421548500e+01
-1.0043254416e-04 5.9362114737e-05 4.1476737833e+01
-3.0882309720e-04 1.9434736284e-05 1.7097740388e+01
2.4597872404e-04 1.0901785216e-04 1.4480454414e+01
-2.6436001247e-04 3.1633795683e-05 3.0580023083e+01
1.1185085098e-04 1.1267441781e-04 1.9800975085e+01
3.6761939836e-04 2.4001772865e-05 1.1691923723e+01
-2.3599880380e-04 5.9382326274e-05 3.7490308731e+01
-2.0601459397e-04 7.2222661154e-05 3.7314436068e+01
-2.3450111398e-04 3.4718508749e-05 3.8861152842e+01
-2.8802878332e-04 1.4070932979e-05 1.7183225726e+01
3.2173614713e-04 2.8023333732e-05 1.5314552416e+01
-2.9374303950e-04 5.0611624771e-05 2.5980656756e+01
-1.6585072732e-04 7.4682771403e-05 3.7418018084e+01
-2.8149381041e-04 3.0333469056e-05 1.9213781723e+01
2.3026316906e-04 4.5553364216e-05 1.7050746600e+01
7.5350349556e-05 1.3469725072e-04 2.0886640123e+01
-2.7824881233e-04 1.5203288899e-05 2.1444998716e+01
2.5568755897e-04 3.6660388455e-05 1.7041457462e+01
-2.4922438754e-04 2.4471469278e-05 3.6092580218e+01
-8.0289431110e-05 9.8942312576e-05 3.4463134835e+01
-1.8678145770e-04 8.0507252582e-05 3.6560726158e+01
-1.7965865565e-04 9.2362146099e-05 3.5411947937e+01
2.3513741830e-04 8.8190650337e-05 1.5154502196e+01
-1.4662594598e-04 1.0183280041e-04 3.4272847933e+01
2.7948563968e-04 7.6105726996e-05 1.4751916735e+01
2.7194884590e-04 2.0258957916e-05 1.7988299021e+01
-2.7303655746e-04 3.0851880615e-05 2.5896784772e+01
1.8352595022e-04 1.2781849774e-04 1.5393434015e+01
2.9411726949e-04 9.7509173857e-05 1.3738644805e+01
-2.8553171481e-04 5.4663806478e-05 3.1849012698e+01
-1.7987306473e-04 5.8009063366e-05 3.9833822591e+01
-1.2560389880e-04 9.6374333070e-05 3.4571454064e+01
-1.1500198880e-04 6.6887457186e-05 3.9594212575e+01
1.8743059659e-04 7.8953631852e-05 1.7010294655e+01
2.5843053950e-04 3.0987749711e-05 1.7210847278e+01
3.1201782259e-04 8.9811678235e-05 1.3430902365e+01
-2.9120283971e-04 1.4366759820e-05 1.7052460868e+01
2.7313030026e-04 2.6158128100e-05 1.7116362227e+01
-2.6278688201e-04 6.6112282674e-05 3.6794415819e+01
2.5514215445e-04 9.2882864128e-05 1.4719283338e+01
-2.9563300754e-04 2.9347297000e-05 1.7139612953e+01
1.0712537710e-04 1.0139842272e-04 2.2769044315e+01
2.7410243699e-04 1.1677300725e-05 1.9315397335e+01
-3.3323291230e-04 1.2751533434e-05 1.7030122920e+01
-2.5146996005e-04 5.5643645050e-05 3.6347336730e+01
2.5065544548e-04 4.9170123917e-05 1.6426443837e+01
2.7389594345e-04 8.9621388799e-05 1.4476469477e+01
6.2941731149e-05 1.0082710602e-04 2.2051237761e+01
2.2995227705e-04 1.3435507746e-04 1.4081816898e+01
-3.0457874126e-04 1.3676951256e-05 1.7067036022e+01
-2.0018473660e-04 3.6789581819e-05 4.2468560363e+01
1.0280773856e-04 1.4194987451e-04 1.8291385709e+01
2.9462194906e-04 1.0137051720e-04 1.3587239161e+01
-1.5956577588e-04 4.1027068425e-05 4.3828459588e+01
-2.9624682742e-04 5.0709380544e-06 1.7062805376e+01
2.9796199617e-04 1.2273723906e-05 1.7124000617e+01
2.6240963284e-04 3.1300002910e-05 1.7140385295e+01
2.8401024229e-05 1.0168758419e-04 3.1905894944e+01
3.2637245587e-04 8.5009435682e-05 1.3053500377e+01
3.2449990126e-04 4.2891290137e-05 1.4607431767e+01
2.9270176669e-04 6.1996368181e-06 1.7475404335e+01
-1.4766258475e-04 6.6009041285e-05 3.9134346312e+01
-2.8247201222e-04 4.7844607593e-05 2.8023623367e+01
-6.6829060947e-05 5.0402395130e-05 4.3639132883e+01
2.7348377548e-04 6.4133521107e-05 1.5239274914e+01
2.8424927529e-04 5.8876155276e-05 1.5198903551e+01
-3.0133344075e-04 4.9508886593e-05 2.0073899374e+01
2.5385555738e-04 6.3852249633e-05 1.5615238041e+01
2.1629520350e-04 5.2547162936e-05 1.7057500142e+01
2.9273562422e-04 1.1614229187e-04 1.3078265007e+01
-1.4593615519e-04 3.0770397460e-05 4.6530094385e+01
-2.9033090244e-04 4.5983427968e-05 2.2505766768e+01
2.3364597812e-04 2.5847160316e-05 1.8345438476e+01
2.9943366609e-04 1.8688195454e-05 1.7144207717e+01
1.7828697289e-04 6.9956734778e-05 1.7057351762e+01
3.2590571908e-04 8.1040582350e-05 1.3222354442e+01
3.2261466645e-04 1.3824056501e-05 1.6175426478e+01
7.3126380717e-05 1.2086356229e-04 2.1150664745e+01
2.6224210191e-04 4.7904528533e-05 1.6127399470e+01
3.3243041078e-04 2.1696054204e-05 1.5187922555e+01
-1.6755833570e-04 7.3987059235e-06 5.0020944543e+01
2.8831148409e-04 1.1127975243e-04 1.3415742879e+01
1.1403440873e-04 6.9348289757e-05 2.2895702489e+01
-1.3758740882e-04 9.2973373534e-05 3.5015058683e+01
2.8520906266e-04 8.8244845086e-05 1.4272434297e+01
9.6786928785e-05 1.2815033587e-04 2.2026521719e+01
-1.9219438943e-04 8.1108152782e-05 3.6493742480e+01
1.3612742299e-04 1.3430901697e-04 1.7148647930e+01
2.1191591535e-04 6.8207062299e-05 1.7008979591e+01
-2.9165406904e-05 1.2027729256e-04 3.3239529911e+01
7.5646353327e-05 1.3153693015e-04 2.0965327640e+01
-3.2171916514e-04 2.6590273329e-05 1.7118532545e+01
-1.8380802138e-04 6.9998584344e-05 3.7885053730e+01
3.2396958827e-05 8.3729448726e-05 2.2888420797e+01
-1.1197824764e-04 5.7738257175e-05 4.1583437487e+01
-1.1995470290e-04 5.0780351124e-05 4.2916450924e+01
-2.8088888489e-04 1.9360236935e-05 1.8830777715e+01
1.2254731675e-04 1.3483736051e-04 1.7185431440e+01
2.5924572637e-04 1.6705316310e-05 1.9460956258e+01
-1.5774348716e-04 2.7612627653e-05 4.6712539116e+01
2.8871490222e-04 4.1772252077e-05 1.5739380878e+01
3.4911792866e-04 5.7842368106e-05 1.2951454711e+01
-1.6527186657e-04 3.9411194234e-05 4.3932912991e+01
-2.7329749489e-04 5.7240490265e-05 3.4493991403e+01
-1.9684648166e-04 6.7083908965e-05 3.8051018025e+01
4.5668171267e-05 8.4379912491e-05 2.2446405993e+01
-1.7371487487e-04 7.3234723806e-05 3.7552534132e+01
-2.0576760423e-04 1.8349977480e-05 4.5034842346e+01
2.8288393708e-04 9.8894148136e-05 1.4000354010e+01
-2.1509577999e-04 6.2830022749e-05 3.8078464754e+01
1.4629786017e-04 1.2443065482e-04 1.7057823319e+01
-1.1926380693e-04 6.8847237035e-05 3.9113769366e+01
2.8046090340e-04 4.0514394531e-05 1.6028953687e+01
-3.6619513388e-04 3.4757204219e-06 1.8300755664e+01
1.9141630219e-04 8.0065400073e-05 1.6989317617e+01
-2.0198589841e-04 6.5538882909e-05 3.8132366107e+01
2.5094327566e-04 1.1757580407e-04 1.4158757933e+01
-1.6705623640e-04 6.3069548241e-05 3.9283200257e+01
2.7547763825e-04 7.5334360802e-05 1.4851344726e+01
2.7713916400e-04 4.3492764150e-05 1.5962446647e+01
2.8534174165e-04 2.7316323579e-05 1.6835692335e+01
-3.4333026436e-04 2.2503530880e-05 1.6902907530e+01
2.6533608290e-04 8.4180906754e-05 1.4779565693e+01
-1.8254129462e-04 2.7870384357e-05 4.5329830626e+01
2.5854544890e-04 8.9997782540e-05 1.4737701769e+01
-1.0600259577e-04 9.5552091822e-05 3.4676448966e+01
2.8145291891e-04 1.1725157206e-04 1.3396046731e+01
2.1961466008e-04 5.0015208367e-05 1.7064376334e+01
-7.1779755335e-05 5.2130303045e-05 4.3322617701e+01
-2.2028269752e-04 6.1372205858e-05 3.8039817441e+01
2.5666894757e-04 7.8727167583e-05 1.5069772417e+01
-3.3444617791e-04 2.3703473495e-05 1.7011028353e+01
-2.8183515076e-04 8.1458933267e-06 1.9329560682e+01
-1.2117839179e-04 6.7035068742e-05 3.9439720503e+01
-3.6070500402e-04 1.4244974968e-05 1.4426831240e+01
2.6158935054e-05 9.4963653416e-05 3.0417448174e+01
8.7331815518e-05 1.2285079081e-04 2.2188538387e+01
-3.0867727677e-04 1.1847523880e-05 1.7055364489e+01
2.8538411614e-04 4.4801925617e-05 1.5701932396e+01
3.7498906958e-05 1.5075770071e-06 3.6874598018e+01
1.1268048484e-04 1.2982613840e-04 1.7141199669e+01
-1.9538090060e-04 8.3623970702e-05 3.6260939389e+01
-2.7336851253e-04 2.8764770878e-05 2.5331214647e+01
3.0978669813e-04 4.8346624244e-05 1.4898004056e+01
-2.6901787126e-04 3.8924867071e-05 2.9827233534e+01
1.5959431900e-04 8.7675519831e-05 1.7043030079e+01
2.6253982717e-04 9.0869077633e-05 1.4649828779e+01
3.1841202933e-04 3.1288598312e-05 1.5277070252e+01
-3.3667687538e-04 1.3372324752e-05 1.6983589719e+01
3.1379753251e-04 4.8891516309e-05 1.4758035186e+01
-1.6893800257e-04 1.8106463637e-05 4.8028583948e+01
3.0707679339e-04 5.5264105979e-05 1.4744978828e+01
3.6663840900e-04 1.5915560772e-05 1.0905622182e+01
2.4201560321e-04 1.0804881759e-04 1.4570248981e+01
-1.4314091807e-04 9.3318776871e-05 3.5004898031e+01
-7.5094565895e-05 5.2135408133e-05 4.3320889539e+01
5.7892942937e-05 1.0142150704e-04 2.2006020907e+01
-2.7434918580e-04 2.2645699273e-05 2.4106663844e+01
3.3516490251e-04 3.6629323737e-05 1.4375821435e+01
9.6658311324e-05 1.2475027379e-04 2.2883814579e+01
3.1152410218e-04 8.5910152083e-05 1.3589444870e+01
1.2251012948e-04 1.3129300212e-04 1.7163588066e+01
-3.0318145403e-04 5.0884379165e-05 2.1730962578e+01
-1.9753879874e-04 8.1766601187e-05 3.6432252241e+01
1.4603069390e-04 1.2072086361e-04 1.7053987043e+01
-9.5057057757e-05 1.0533579670e-04 3.3493111015e+01
2.7706255214e-04 1.1251973732e-04 1.3698102710e+01
-1.8169154035e-04 9.0471458751e-05 3.5585031792e+01
2.7331730585e-04 8.5836185911e-05 1.4592838278e+01
-7.5799290481e-05 1.0495442173e-04 3.3668794624e+01
4.9221836993e-05 8.7431427626e-05 2.2395466681e+01
-2.0487108010e-04 1.6749949704e-05 4.5390036633e+01
1.9617104004e-04 8.4910419847e-05 1.6880604221e+01
-9.5409512427e-05 6.1094536976e-05 4.1207046265e+01
2.5368400309e-05 9.2746928449e-05 3.0038647133e+01
-1.2537901648e-04 6.9014576902e-05 3.8965119672e+01
-3.7243400011e-04 7.6695577729e-06 1.3236587594e+01
7.0299625760e-05 1.3084279228e-04 1.9817086077e+01
2.8354122957e-04 5.5172741910e-05 1.5345008014e+01
2.7361290679e-04 1.1547319669e-04 1.3687001738e+01
-2.0626669288e-04 8.7387360929e-05 3.6033814503e+01
2.7277373172e-04 6.0427358766e-05 1.5381453934e+01
2.5857039933e-04 1.3839216216e-05 2.0018060422e+01
-1.8511011295e-04 2.6257527058e-05 4.5464965334e+01
1.8088572856e-04 8.3934515580e-05 1.7009546957e+01
-1.2680082380e-04 1.0464254445e-04 3.3798708543e+01
1.5584058067e-04 8.6529815021e-05 1.7050968827e+01
-2.4055625043e-04 1.5556395107e-05 3.9351703762e+01
2.7650383575e-04 2.3395324332e-05 1.7185802507e+01
-2.2184595759e-04 3.4032113301e-05 4.0770428227e+01
3.6136399569e-04 7.9961441026e-06 1.0715482366e+01
-1.6404457549e-04 6.2924426546e-05 3.9373752152e+01
3.5680324354e-04 2.7090619999e-05 1.2918986861e+01
-1.2002963553e-04 9.6106012566e-05 3.4585896581e+01
5.7353691846e-05 9.8896428386e-05 2.2098634763e+01
-1.2842636924e-04 6.9105447318e-05 3.8891724345e+01
-7.3045078116e-05 1.0492758861e-04 3.3718253232e+01
2.8048538771e-04 2.3620943043e-05 1.7012841275e+01
-2.8459144735e-04 2.8767061694e-05 1.6879430329e+01
-8.1719318462e-05 5.2156677486e-05 4.3284174107e+01
-9.2220519522e-05 6.1060742192e-05 4.1273690266e+01
1.2579798149e-04 1.2937756296e-04 1.7151800822e+01
2.7646063450e-05 8.4924560797e-05 2.6493179864e+01
1.5043221747e-04 1.5201966731e-04 1.7108649976e+01
-1.3850779586e-04 1.0123895471e-04 3.4208617614e+01
1.0393472647e-04 6.9614568179e-05 2.2833762396e+01
-2.3737801826e-04 3.3025493617e-05 3.8476188515e+01
-2.8021679917e-04 4.6967831112e-05 2.8373077186e+01
3.3302621281e-04 7.8551713593e-05 1.3009406763e+01
-1.0036159353e-04 9.5375347124e-05 3.4737885574e+01
3.3166332087e-04 1.8025366293e-05 1.5461188442e+01
-2.5313858817e-04 7.2784036366e-05 3.7293572117e+01
-2.9610327588e-04 4.3401155723e-05 1.6911837176e+01
-7.7068717403e-05 1.0701207045e-04 3.3382610995e+01
-1.8693889638e-04 3.6420425090e-05 4.3428195153e+01
-1.9359236166e-04 3.6592910225e-05 4.2972104040e+01
2.6003785305e-04 7.5840799243e-05 1.5100608479e+01
2.3448337992e-04 8.4439782936e-05 1.5277905117e+01
-2.0237100836e-04 8.0269130954e-05 3.6567571103e+01
-2.3325532335e-04 5.6780236743e-05 3.7739949816e+01
1.0323554110e-04 6.6873199647e-05 2.2830742318e+01
1.7123013597e-04 7.1426897572e-05 1.7055456779e+01
2.0676279430e-05 9.3999079677e-05 3.2229616698e+01
-8.6838037386e-05 5.0450450334e-05 4.3597163864e+01
-1.4610418725e-04 4.0800875112e-05 4.4362455577e+01
2.7946572643e-04 5.4483848631e-05 1.5460998580e+01
5.4929854760e-05 8.8921444627e-05 2.2355518824e+01
2.4843242662e-05 8.4455117617e-05 2.7940363704e+01
-1.2582431383e-04 1.0252142168e-04 3.3956531963e+01
3.2180407957e-04 1.0180566650e-05 1.6623476920e+01
2.1425794653e-04 7.9327308421e-05 1.6108305084e+01
-1.4157538498e-04 6.5784347411e-05 3.9291251035e+01
-2.7501827461e-04 1.3169997449e-05 2.3914468408e+01
-2.1754147792e-04 6.1035902235e-05 3.8170594762e+01
2.5112212529e-04 1.6165876997e-05 1.9599650520e+01
-1.7843519172e-04 5.4167294705e-05 4.0549766658e+01
1.8415758901e-04 8.1453201141e-05 1.7009783576e+01
-1.3449829524e-04 6.9302644650e-05 3.8746917475e+01
5.2429386989e-05 9.9588417952e-05 2.2077756696e+01
2.8453765355e-04 2.3930999850e-05 1.7042357283e+01
2.6763674704e-04 9.9315495197e-05 1.4332168917e+01
-2.1096586090e-04 8.5975141446e-05 3.6163721373e+01
5.7166418568e-05 8.7229938197e-05 2.2384362093e+01
-2.3584917280e-04 5.5024384963e-05 3.7635653822e+01
-1.9550289519e-04 5.1263317144e-05 4.0368423439e+01
2.7272000345e-04 8.2062627392e-05 1.4709030130e+01
-3.1195916452e-04 1.2245423987e-05 1.7051109755e+01
-1.6190883237e-04 3.9348664607e-05 4.4085807699e+01
3.3256930526e-04 7.4554054335e-05 1.3177913084e+01
-1.1792020847e-04 9.1995288260e-05 3.5123491734e+01
-2.4029104321e-04 3.1343730631e-05 3.8007023489e+01
2.8860147706e-04 8.5215999013e-05 1.4283363095e+01
3.2110756680e-04 7.2466483871e-05 1.3718862366e+01
-1.6321186224e-04 6.0994822223e-05 3.9741203805e+01
2.6077289390e-04 1.0515270035e-04 1.4308103280e+01
2.3985899530e-05 8.2289649360e-05 2.7909845769e+01
1.5528558006e-04 8.3123639381e-05 1.7055035979e+01
-2.7161752842e-04 1.3016570247e-05 2.6234807807e+01
-9.4707219389e-05 9.5223403849e-05 3.4815646313e+01
-2.1207223948e-04 7.7358065852e-05 3.6796093196e+01
1.5807526093e-04 1.5167651080e-04 1.5671069230e+01
-1.9239160013e-04 6.0717478511e-05 3.9034906825e+01
-1.4050347925e-04 4.2428142181e-05 4.4190316602e+01
-1.4389497974e-04 4.7686397797e-05 4.2947513587e+01
3.0624830645e-04 1.0384745898e-04 1.3102826608e+01
3.2785105453e-04 3.9578007211e-05 1.4598722373e+01
2.4707414814e-04 1.5877793294e-05 1.9559109231e+01
3.0333359727e-04 1.1088910752e-04 1.2922215047e+01
-2.5606100089e-04 6.1489434018e-05 3.6463828443e+01
2.5627761408e-04 1.0044750614e-04 1.4513470707e+01
-1.3852073993e-04 8.8985973060e-05 3.5509174890e+01
9.6223130766e-05 6.5350879817e-05 2.2785489774e+01
-1.9868874247e-04 6.3206154631e-05 3.8510925662e+01
2.1818742859e-04 1.0186909234e-04 1.5112286489e+01
-1.2135878019e-04 1.0434142716e-04 3.3756838319e+01
6.0707145932e-05 9.0553455659e-05 2.2328390388e+01
-1.9530190607e-04 6.0934513684e-05 3.8917919308e+01
-1.6015977240e-04 6.0865292431e-05 3.9836195117e+01
1.5150961340e-05 9.3155837302e-05 3.3717228754e+01
1.5158654406e-04 8.2065293558e-05 1.7061318866e+01
-1.1760116787e-04 1.0209838232e-04 3.3920739138e+01
2.4642191784e-04 1.3074598765e-05 1.9920566044e+01
1.6424461980e-04 7.2853519174e-05 1.7057806771e+01
3.1765104771e-04 2.7625202470e-05 1.5472416448e+01
-2.2435397380e-04 7.5037726660e-05 3.6928599738e+01
-2.1536531539e-04 3.3763581970e-05 4.1564194727e+01
2.4715564611e-04 9.1054960025e-05 1.4886753387e+01
2.2271426428e-04 1.0673227828e-04 1.4912313678e+01
-2.0301458631e-04 5.7579869051e-05 3.9121093032e+01
-1.1589627293e-04 1.0407018382e-04 3.3724866228e+01
1.9191061836e-05 8.3606290060e-05 3.0433217437e+01
-2.9535321530e-04 1.0675043234e-05 1.7099759151e+01
-1.6297122645e-04 7.4498337505e-05 3.7472514180e+01
9.0058975039e-05 6.6511976834e-05 2.2740660097e+01
3.7089842609e-04 2.0200642724e-05 1.0985335084e+01
2.2614157311e-04 1.0400331909e-04 1.4914340950e+01
3.2060019551e-04 6.8574037868e-05 1.3871735826e+01
6.5984926378e-05 8.9732146297e-05 2.2367974396e+01
-9.1875991537e-05 9.5156850476e-05 3.4860972248e+01
1.6049968094e-04 7.1944732646e-05 1.7025133336e+01
-2.0633022965e-04 5.9863564885e-05 3.8703751847e+01
2.9592750910e-04 8.2920257401e-05 1.4168121519e+01
3.3965327652e-04 7.1983364758e-05 1.2945474431e+01
2.3064597649e-04 1.0883038323e-04 1.4736204565e+01
-2.1411196239e-04 5.6558146157e-05 3.8775436809e+01
1.6343580085e-05 8.3223712211e-05 3.1507325128e+01
2.3805094721e-04 1.0706418356e-04 1.4656717233e+01
-2.0916875825e-04 6.0132586828e-05 3.8570376013e+01
2.0127440582e-04 7.2391241071e-05 1.6979935725e+01
8.6676071633e-05 6.5802267508e-05 2.2720212357e+01
2.3902734878e-04 1.5282564574e-05 1.9497388526e+01
9.5860632322e-06 9.2421250146e-05 3.4901617016e+01
-6.3327643910e-05 1.1104904221e-04 3.3074297661e+01
-3.3979876484e-04 2.1413176670e-05 1.7000835607e+01
1.5994417485e-04 6.8795383420e-05 1.7085706282e+01
2.2709492835e-04 8.6194091824e-05 1.5379847585e+01
6.9536591784e-05 9.3285034262e-05 2.2323678697e+01
8.5962146856e-05 6.3259402098e-05 2.2724376581e+01
-2.1786263605e-04 8.2770197118e-05 3.6410586741e+01
-6.0627487125e-05 1.1105706194e-04 3.3131415503e+01
8.6708867496e-06 9.0294137395e-05 3.4801121435e+01
2.0053374320e-04 6.8796466235e-05 1.7016171645e+01
2.3839904031e-04 1.2545255035e-05 1.9863864500e+01
7.1985034962e-05 9.1587664156e-05 2.2382189785e+01
-1.6548875924e-04 8.8846958766e-05 3.5618087435e+01
1.5424978372e-05 8.1114023536e-05 3.1550085955e+01
-1.9027295165e-04 3.6503882983e-05 4.3205663091e+01
3.3921059995e-04 6.7959324608e-05 1.3112169200e+01
3.3119820564e-04 3.6231373181e-05 1.4581595240e+01
2.5979833827e-04 1.2709593733e-04 1.3628978313e+01
8.0004372895e-05 6.4461072463e-05 2.2684584536e+01
-1.5717556621e-04 7.4154528869e-05 3.7583450500e+01
2.5505087893e-04 3.3609154363e-05 1.7222847240e+01
1.9654292100e-04 6.7823782718e-05 1.7029518883e+01
7.7560045749e-05 9.0847067359e-05 2.2458905249e+01
1.5307544829e-04 7.0190891818e-05 1.7441255232e+01
2.5106281186e-04 3.3257391137e-05 1.7169978034e+01
3.9848991661e-06 9.1784027537e-05 3.5812324555e+01
-2.3392135493e-04 7.0156398811e-05 3.7173568085e+01
2.3103422413e-04 1.4684575490e-05 1.9476903843e+01
2.9537354591e-04 7.9101203768e-05 1.4302636682e+01
3.0257286364e-06 8.9681465517e-05 3.5773126289e+01
-5.5232656376e-05 1.1109748592e-04 3.3275432524e+01
8.1212718109e-05 9.4664302352e-05 2.2452661960e+01
2.6869859623e-04 5.9674216634e-05 1.5487903585e+01
1.4935424064e-04 6.9312970536e-05 1.7977144610e+01
-1.8095246033e-04 6.9777396440e-05 3.7958101859e+01
-2.9961997826e-04 7.0264279706e-06 1.7082845711e+01
7.3449784578e-05 6.3223824861e-05 2.2656898666e+01
4.2981946891e-05 1.0107882159e-04 2.3739799056e+01
-1.6667178000e-04 3.6016186517e-05 4.4570118206e+01
8.4359338224e-05 9.5769601818e-05 2.2490184445e+01
2.4369583176e-04 3.5433772607e-05 1.7249571215e+01
-2.2507765112e-04 8.1956198690e-05 3.6503196409e+01
7.5028173072e-05 9.2573340447e-05 2.2398587196e+01
-2.0018467933e-04 8.2118665080e-05 3.6404027726e+01
-1.6490969664e-06 9.1234066711e-05 3.6482867615e+01
7.0213247741e-05 6.2643066172e-05 2.2646069521e+01
1.9520108886e-04 6.1051200567e-05 1.7057071029e+01
3.4626141757e-04 6.5309405535e-05 1.2853142139e+01
1.4873017732e-04 6.6250419751e-05 1.8413723941e+01
-1.5221334940e-04 7.5841500725e-05 3.7364294630e+01
8.7039072012e-05 9.4020100311e-05 2.2556866239e+01
6.7410420237e-06 8.0161772223e-05 3.4207909560e+01
2.2308365485e-04 1.4096951469e-05 1.9496923248e+01
-9.0638549399e-05 9.3143796192e-05 3.5195178254e+01
6.9466120961e-05 6.0276508044e-05 2.2654575356e+01
-4.9847486081e-05 1.1117222814e-04 3.3463102461e+01
-2.9992134346e-04 5.1783815836e-06 1.7062440073e+01
2.9480315420e-04 7.5296478738e-05 1.4435179295e+01
2.6794841803e-04 5.5988512307e-05 1.5643082232e+01
2.8384343506e-04 2.0784837701e-05 1.7038579188e+01
2.3969183728e-04 3.5015594346e-05 1.7495596849e+01
-1.6909161339e-04 3.4362032691e-05 4.4795269393e+01
2.1911906394e-04 1.3810427188e-05 1.9510824738e+01
1.9232136181e-06 8.1672350710e-05 3.5416716794e+01
-1.6076595910e-04 9.0513213214e-05 3.5416237127e+01
6.3814872885e-05 6.1556177414e-05 2.2630408134e+01
-1.4729098862e-04 7.7542201325e-05 3.7137572828e+01
1.4188042007e-04 6.7561162336e-05 1.9279433517e+01
-7.3125064011e-06 9.0762293478e-05 3.6948594279e+01
-2.0500164178e-04 8.0640275878e-05 3.6534642508e+01
2.0664952686e-04 1.3151957622e-04 1.4646626042e+01
2.6717380009e-04 5.2316641565e-05 1.5809292374e+01
-2.3887902342e-04 7.1243420146e-05 3.7139111263e+01
3.4953375876e-04 6.1931280900e-05 1.2793964043e+01
2.1852428981e-04 1.1267165357e-05 1.9845172076e+01
1.9585722552e-04 6.4383951764e-05 1.7049129612e+01
-1.5802019375e-04 9.0291398208e-05 3.5422295777e+01
2.3903023319e-04 3.2075712386e-05 1.7791559167e+01
6.0651085591e-05 6.1049584826e-05 2.2625349078e+01
-9.9211550653e-07 8.1425510990e-05 3.5952942365e+01
-2.2421425744e-04 3.0538010998e-05 4.0889185345e+01
-1.4637720466e-04 7.5541953905e-05 3.7470199162e+01
-2.6584653439e-04 5.9614665042e-05 3.5648226563e+01
2.6637402363e-04 4.8658046451e-05 1.5981429644e+01
1.4121086568e-04 6.4561972975e-05 1.9737276370e+01
2.4643719835e-04 6.5824657391e-05 1.5693055081e+01
-4.4474029602e-05 1.1128312300e-04 3.3699182685e+01
-1.8255088118e-04 6.5925417428e-05 3.8496599280e+01
2.1120793104e-04 1.3255616983e-05 1.9589722227e+01
2.8324164960e-04 1.7793657666e-05 1.7076603994e+01
-1.3002026704e-05 9.0360563401e-05 3.7244679863e+01
-2.3651108005e-04 7.3010599848e-05 3.7074041711e+01
5.4387784068e-05 6.0108735639e-05 2.2620515798e+01
1.3436176082e-04 6.5832926182e-05 2.0889810914e+01
2.1061150308e-04 1.0795646187e-05 1.9897480639e+01
-3.4909818805e-04 1.9930434688e-05 1.5832285653e+01
2.3166512001e-04 3.4121614560e-05 1.7677797541e+01
-1.4146306250e-04 7.7255255060e-05 3.7236673727e+01
-1.8482601108e-04 6.4114900672e-05 3.8721641355e+01
5.1286172380e-05 5.9673377573e-05 2.2620310455e+01
2.3902465552e-04 6.7720298956e-05 1.5791723400e+01
-1.9206589992e-04 3.3086922489e-05 4.3710832330e+01
2.8659767454e-04 1.4950381069e-05 1.7101487591e+01
-3.7639829052e-05 1.0940429130e-04 3.4413473871e+01
-6.8486570559e-06 8.0986810493e-05 3.6828925100e+01
1.3365255402e-04 6.2907264290e-05 2.1335949675e+01
5.0485860244e-05 5.7493872097e-05 2.2629655733e+01
-1.4050231677e-04 7.5269479893e-05 3.7580642120e+01
2.9421484080e-04 7.1507042147e-05 1.4566842059e+01
-1.8714522281e-05 9.0021600278e-05 3.7404259713e+01
-1.5277964051e-04 8.3816190058e-05 3.6190444243e+01
2.0331377483e-04 1.2725358828e-05 1.9712327722e+01
-9.7886007807e-06 8.0792701528e-05 3.7179652918e+01
3.0307091301e-04 5.4665213071e-05 1.4876679868e+01
2.2765573720e-04 3.3653587335e-05 1.7718672018e+01
-1.9125775303e-04 3.1362561379e-05 4.4083549218e+01
-2.2660526035e-04 2.7096417297e-05 4.0953569733e+01
2.3824870666e-04 6.4025097204e-05 1.5973483138e+01
2.0271292230e-04 1.0348814969e-05 2.0004038421e+01
-1.0908013190e-05 7.8798250740e-05 3.7342641331e+01
1.2679764002e-04 6.4151505155e-05 2.2755363543e+01
3.7044394336e-04 1.6102874794e-05 1.0410078769e+01
-1.7052644211e-04 3.1031028123e-05 4.5399633333e+01
2.8599341234e-04 1.2010840001e-05 1.7317824319e+01
2.9023359338e-04 7.0797587767e-05 1.4682996269e+01
2.6968903633e-04 4.5742443829e-05 1.6045939522e+01
9.0275040982e-05 9.5154832017e-05 2.2599740845e+01
2.2697892359e-04 3.0745629516e-05 1.7911168769e+01
-2.2950277518e-04 2.5451083749e-05 4.0663147227e+01
-2.4447029686e-05 8.9738945276e-05 3.7457107576e+01
4.1258892818e-05 5.6409013812e-05 2.2634588503e+01
3.2781197364e-04 6.5970849440e-05 1.3685442339e+01
1.9542929069e-04 1.2223885720e-05 1.9909873207e+01
-1.3851928396e-04 6.5679989926e-05 3.9369955643e+01
-1.5689430889e-05 8.0450856281e-05 3.7731844338e+01
1.2300915458e-04 6.3333356518e-05 2.2945110012e+01
-1.4425742547e-04 8.3304992975e-05 3.6281777686e+01
3.6036446543e-05 5.7835198349e-05 2.2475338774e+01
-2.9582054983e-05 1.0972032032e-04 3.4961050003e+01
-1.8648854111e-05 8.0301365653e-05 3.7942490100e+01
2.7300216220e-04 4.2809144970e-05 1.6118744929e+01
2.3083541396e-04 6.5841393105e-05 1.6128659676e+01
3.6990701030e-04 1.2061882709e-05 9.6945674480e+00
1.2226681476e-04 6.0526017598e-05 2.2906504583e+01
-3.0196740925e-05 8.9506910220e-05 3.7428999737e+01
2.9904801354e-04 5.4055350875e-05 1.5004952991e+01
2.8623663032e-04 7.0078453927e-05 1.4794119020e+01
1.9086851568e-04 9.7342108075e-06 2.0297429505e+01
3.3031052521e-05 5.7532210186e-05 2.3295068198e+01
3.3115792496e-04 6.2679824091e-05 1.3661555172e+01
-3.1422285795e-05 8.7508877734e-05 3.7630057478e+01
-1.9835927226e-05 7.8333363488e-05 3.8138093533e+01
3.2157163318e-05 5.5513037070e-05 2.4562869672e+01
-1.7196106218e-04 2.7747294341e-05 4.5981967774e+01
-2.4233539455e-05 1.0998954298e-04 3.5380094368e+01
1.1555096362e-04 6.1766657132e-05 2.2900061285e+01
2.6961302305e-05 5.6972176215e-05 2.6684780669e+01
-3.5961007405e-05 8.9320507167e-05 3.7341631442e+01
3.3066268739e-04 5.8763546028e-05 1.3817248020e+01
1.8296445860e-04 9.3662410812e-06 2.0582239141e+01
-1.5722317878e-04 8.8179827777e-05 3.5652288807e+01
-2.4583630335e-05 8.0042030234e-05 3.8253725791e+01
1.1481624837e-04 5.9039584234e-05 2.2897444768e+01
2.3890134158e-05 5.6713682400e-05 2.8154672836e+01
-3.7230324330e-05 8.7333551523e-05 3.7567603152e+01
-1.8906427129e-05 1.1031071962e-04 3.5834185405e+01
2.2914900091e-05 5.4752676818e-05 2.8942115707e+01
-1.9819306775e-04 6.1163583671e-05 3.8799575027e+01
1.7570401729e-04 1.1120890404e-05 2.0733181451e+01
2.3002815334e-04 6.2155197164e-05 1.6300279605e+01
-4.1736456131e-05 8.9176105928e-05 3.7212790642e+01
2.9623287744e-05 1.4851565094e-06 3.8953833942e+01
2.2838357726e-04 5.4875771884e-05 1.7057625164e+01
-2.8812776046e-05 7.7984144962e-05 3.8587456420e+01
1.0824557196e-04 6.0290516949e-05 2.2863754871e+01
2.9836172172e-04 5.0338958679e-05 1.5150389328e+01
1.7505663456e-04 9.0335189471e-06 2.0932097242e+01
-4.3049101559e-05 8.7199000923e-05 3.7459762803e+01
-2.8534770336e-04 6.5978532590e-05 3.8331854481e+01
2.2431954883e-04 5.4049179803e-05 1.7012006646e+01
-2.1466590055e-04 7.7772535841e-05 3.6755580450e+01
1.0751454557e-04 5.7642584749e-05 2.2860509604e+01
1.3484210094e-05 5.4110214849e-05 3.2697234418e+01
1.7884265053e-04 1.1883830686e-04 1.6039361872e+01
1.8623301875e-04 1.1770639505e-04 1.5636589560e+01
-4.7522131334e-05 8.9068616787e-05 3.7057059285e+01
1.6780509740e-04 1.0749129031e-05 2.1177595733e+01
-1.5229230407e-05 1.1266990653e-04 3.5972160250e+01
-1.2603891192e-05 1.1287453557e-04 3.6250544776e+01
2.2919535926e-04 5.8480204118e-05 1.6692583003e+01
2.9430491891e-04 4.9730292152e-05 1.5279149951e+01
-4.8876642348e-05 8.7100886551e-05 3.7321247391e+01
-1.0959760554e-05 1.1090089973e-04 3.6550519197e+01
1.6385262579e-04 1.0580812638e-05 2.1408577998e+01
1.7492920879e-04 1.1745647227e-04 1.6387735674e+01
1.0108614625e-04 5.8907790754e-05 2.2824515191e+01
3.3783777670e-04 5.6006867176e-05 1.3592150951e+01
9.3035220752e-05 9.3366863829e-05 2.2658206507e+01
-5.3314882705e-05 8.8995495961e-05 3.6885836719e+01
-3.7825560372e-05 7.7732939265e-05 3.8787454425e+01
3.9044647325e-06 5.3579575612e-05 3.5735760895e+01
2.1966613516e-04 3.2695851665e-05 1.7766521881e+01
1.7445732077e-04 1.1365249476e-04 1.6818637743e+01
9.7558277591e-05 5.8250783333e-05 2.2805182386e+01
-5.4710466161e-05 8.7036103258e-05 3.7163761912e+01
-2.6121361811e-04 5.8134856203e-05 3.5729284049e+01
-7.3734703896e-06 1.1333279395e-04 3.6817782035e+01
2.1899416076e-04 2.9824699084e-05 1.7961900552e+01
-1.3382906860e-06 5.5133023541e-05 3.6899261747e+01
1.5595083121e-04 1.0283967275e-05 2.1864785068e+01
2.9357533354e-04 4.6044626839e-05 1.5434647005e+01
-4.7689753119e-06 1.1358761629e-04 3.7097499161e+01
9.6825949159e-05 5.5715946143e-05 2.2804404654e+01
-4.5542717315e-06 5.4990598604e-05 3.7642338516e+01
2.1171999232e-04 3.1724720021e-05 1.7851702054e+01
3.3735456676e-04 5.2070378925e-05 1.3746901217e+01
-6.0548144965e-05 8.7002026247e-05 3.6996515415e+01
-3.3011210388e-04 4.2529572383e-06 1.7666133836e+01
4.1732830101e-07 1.1415422754e-04 3.7617661524e+01
1.4806317921e-04 1.0038874630e-05 2.2278153966e+01
2.1105382400e-04 2.8898175129e-05 1.8048565839e+01
-1.1016117477e-05 5.4738216319e-05 3.8932046888e+01
9.0602138710e-05 5.7007939126e-05 2.2768075778e+01
-1.3102427319e-04 9.0594134244e-05 3.5295289074e+01
-4.6863266137e-05 7.7565570945e-05 3.8813971862e+01
1.4737547760e-04 8.2103827479e-06 2.2219613929e+01
-1.4259977672e-05 5.4626948484e-05 3.9486238626e+01
-1.2902615722e-04 8.6506229425e-05 3.5872051890e+01
-6.6386411843e-05 8.6997788405e-05 3.6826412467e+01
-2.2180370969e-04 7.4574131224e-05 3.6968506112e+01
-1.5574974936e-05 5.2814625083e-05 3.9908593499e+01
8.7171238341e-05 5.6420874889e-05 2.2750733254e+01
-2.1693455867e-04 7.5949409921e-05 3.6888708851e+01
2.0381374752e-04 3.0754230200e-05 1.7986745990e+01
1.4020671273e-04 9.8476862104e-06 2.2580016810e+01
2.2230874052e-04 4.4462546833e-05 1.7140392949e+01
-3.3889541358e-04 2.2316733092e-06 1.9143549489e+01
-2.0769956500e-05 5.4432815639e-05 4.0431833019e+01
8.6430858097e-05 5.3993686058e-05 2.2751889301e+01
-2.0058859719e-04 5.9368547627e-05 3.8967472660e+01
-2.4034390776e-05 5.4348652578e-05 4.0830420678e+01
1.3629204684e-04 9.7688564793e-06 2.2658433824e+01
1.9987394584e-04 3.0272516422e-05 1.8084480897e+01
2.1834008952e-04 4.3925780461e-05 1.7088039325e+01
2.1768958490e-04 4.0958236530e-05 1.7310313183e+01
9.9165647999e-06 1.1327130487e-04 3.7905760941e+01
-5.5915846667e-05 7.7470472972e-05 3.8725067456e+01
2.2360554297e-04 5.0687936966e-05 1.7061179617e+01
8.0399651159e-05 5.5317641584e-05 2.2719167971e+01
2.1372111626e-04 4.0418845336e-05 1.7337101553e+01
-3.0579222823e-05 5.4204889726e-05 4.1496109092e+01
1.9921300287e-04 2.7524968637e-05 1.8300626856e+01
1.2849798769e-04 9.6449121537e-06 2.2764938716e+01
-3.3858194727e-05 5.4144044145e-05 4.1769635001e+01
7.7056229713e-05 5.4799988227e-05 2.2705255213e+01
-3.5320487746e-05 5.2370520959e-05 4.2142930540e+01
1.2776914536e-04 7.9444824217e-06 2.2592766312e+01
-3.3759289019e-04 4.6857257031e-06 1.8591451169e+01
2.6877239823e-05 3.0554074357e-06 3.9378802129e+01
2.0647123240e-04 4.2251503895e-05 1.7304303547e+01
-4.0426184894e-05 5.4043724297e-05 4.2212690770e+01
2.2294217555e-04 4.7498010145e-05 1.7043626957e+01
2.0581111273e-04 3.9324164495e-05 1.7454413672e+01
1.2075233473e-04 9.5574720171e-06 2.2829262287e+01
-4.3714623216e-05 5.4002915750e-05 4.2387813039e+01
-6.4973633673e-05 7.7438828414e-05 3.8564069049e+01
-3.4662815772e-04 2.5174841609e-06 2.0695041085e+01
1.9860226596e-04 4.1110051743e-05 1.7451223540e+01
1.1999731793e-04 7.8972277196e-06 2.2654761964e+01
1.6712667662e-04 1.1462749656e-04 1.6980748137e+01
1.9793852774e-04 3.8220666737e-05 1.7612200674e+01
7.0450114813e-05 5.3834488949e-05 2.2681424256e+01
1.9076676816e-04 3.9965175377e-05 1.7675512342e+01
2.6872049880e-04 8.1249046580e-05 1.4802612965e+01
1.9009779241e-04 3.7121350909e-05 1.7862044712e+01
1.1305639673e-04 9.5019872418e-06 2.2900461890e+01
-6.9462163242e-05 7.9334670442e-05 3.8120429637e+01
2.3408404651e-04 1.0606145034e-04 1.4741472432e+01
1.8295835691e-04 3.8829791084e-05 1.8005806363e+01
6.7184629126e-05 5.3384937904e-05 2.2671714479e+01
1.5988875517e-04 1.1551713751e-04 1.7004993334e+01
-3.5479477252e-04 9.4151501197e-06 1.7029979435e+01
1.7906273884e-04 3.8268992686e-05 1.8217164016e+01
1.1226703253e-04 7.8765379640e-06 2.2681563668e+01
1.7838299118e-04 3.5503025924e-05 1.8441399721e+01
1.5761329776e-05 1.1637920370e-04 3.8519862681e+01
-2.1162483417e-04 5.8342355504e-05 3.8683522378e+01
-1.3754939535e-04 7.5143744530e-05 3.7637571480e+01
1.7128076054e-04 3.7166936327e-05 1.8754131451e+01
6.6412510257e-05 5.1157187959e-05 2.2675661423e+01
1.5945985362e-04 1.1176765886e-04 1.7010083393e+01
-3.5115355892e-04 1.6319951601e-05 1.6221048129e+01
1.6739215711e-04 3.6626694533e-05 1.9082293342e+01
1.6669538680e-04 3.3950031904e-05 1.9344520918e+01
-3.4508634352e-04 5.2632211538e-06 1.9228210593e+01
2.5178744603e-05 1.1604266189e-04 3.8121283874e+01
1.5890383521e-04 3.2960033760e-05 2.0131462611e+01
-3.5436834133e-04 2.9036390446e-06 2.1379599225e+01
-1.1508490876e-04 9.1882218759e-05 3.5150022310e+01
1.5182722610e-04 3.4563734728e-05 2.0803024163e+01
1.5110255416e-04 3.2014598392e-05 2.1077959259e+01
6.0725070665e-05 5.2553889616e-05 2.2656537851e+01
-7.7045138956e-05 7.7482013450e-05 3.8290807296e+01
1.4403067249e-04 3.3607503257e-05 2.1894023141e+01
-1.1398619368e-04 8.9852924784e-05 3.5453928306e+01
1.3937974907e-04 3.0702390051e-05 2.2785501570e+01
1.4012748909e-04 3.3150010631e-05 2.2528438330e+01
9.7812577265e-05 9.4638190540e-06 2.3061426972e+01
4.4125473949e-05 1.1681920629e-04 3.2638135061e+01
-1.3162016870e-04 7.4908384339e-05 3.7755700783e+01
1.3230571209e-05 1.1594511342e-04 3.8414864765e+01
1.3158804128e-04 2.9903929502e-05 2.2937350452e+01
5.7528206004e-05 5.2170514230e-05 2.2650899893e+01
9.6916892418e-05 7.8668817745e-06 2.3226905663e+01
1.2464503742e-04 3.1480045846e-05 2.2915997962e+01
2.5115159550e-04 9.1976398395e-05 1.4803443694e+01
1.1635925174e-04 2.8522822188e-05 2.2888112605e+01
1.5236087768e-04 1.1260128801e-04 1.7029590583e+01
1.1708176913e-04 3.0753141157e-05 2.2891318770e+01
4.6939063274e-05 1.2011194390e-04 3.3326033456e+01
1.9135516531e-04 2.6633217132e-05 1.8568333068e+01
-1.0999258450e-04 8.7740293907e-05 3.5817506669e+01
1.0891564133e-04 2.7945742703e-05 2.2862678245e+01
5.1476953531e-05 1.1966536473e-04 2.9049437127e+01
1.0963473645e-04 3.0102286029e-05 2.2865561721e+01
1.0157894442e-04 2.7442348908e-05 2.2838011356e+01
9.0236396451e-05 9.4461729339e-06 2.3604694579e+01
9.5073527238e-05 2.9031713603e-05 2.2814519063e+01
9.1499193158e-05 2.8810407164e-05 2.2803779399e+01
1.8417876347e-04 2.8396713145e-05 1.8699092090e+01
8.4423820363e-05 2.8420576405e-05 2.2787740083e+01
8.0174469870e-05 2.6359512981e-05 2.2793891292e+01
8.0922892536e-05 2.8250460209e-05 2.2781848099e+01
7.3989461310e-05 2.7957296288e-05 2.2770380863e+01
-3.2538799543e-05 2.5820557184e-05 4.6389440564e+01
8.9264545191e-05 7.8496786423e-06 2.3950022195e+01
7.0556805439e-05 2.7832276100e-05 2.2803079194e+01
-1.0539529558e-04 8.9567011861e-05 3.5573456249e+01
-2.3193922986e-05 2.4300481426e-05 4.5564948495e+01
-1.5849136289e-05 2.4363550064e-05 4.4496236791e+01
6.3749892924e-05 2.7619053050e-05 2.3189947941e+01
-2.1568120461e-05 2.5905144253e-05 4.5056408387e+01
6.0345936198e-05 2.7521083424e-05 2.4219044073e+01
-8.6082368272e-05 7.7574000099e-05 3.8069065144e+01
4.9019515611e-05 2.5491065782e-05 2.7952988082e+01
-1.2092369328e-06 2.4527861793e-05 4.1811288858e+01
5.3481274625e-05 2.7326969065e-05 2.6106252130e+01
-6.9930401441e-06 2.6061963499e-05 4.2665499878e+01
-1.0421955067e-04 8.7566336189e-05 3.5912906587e+01
4.1978783447e-05 2.5323527785e-05 3.0072362880e+01
6.0765772730e-06 2.4629532770e-05 4.0191506689e+01
5.0024734188e-05 2.7231848823e-05 2.7122698595e+01
3.4885675243e-05 2.5163904085e-05 3.2235719872e+01
1.3333667544e-05 2.4744460837e-05 3.8397315368e+01
2.4155948905e-05 2.4941504784e-05 3.5427156629e+01
5.1196986215e-05 5.1469571996e-05 2.2641187972e+01
3.6044191484e-05 2.6868347777e-05 3.1426483194e+01
1.8274709016e-05 2.6471646132e-05 3.6715846741e+01
-2.5862266076e-04 5.9804443953e-05 3.6139394603e+01
2.4148339750e-04 1.0425990674e-04 1.4665167979e+01
1.8351465780e-04 2.5768662896e-05 1.8948125802e+01
-1.2485253602e-04 7.8509962799e-05 3.7204918357e+01
-9.9645505576e-05 8.9406276791e-05 3.5669877446e+01
4.8059869975e-05 5.1149997472e-05 2.2636312515e+01
8.1607929286e-05 7.8252774354e-06 2.5066618964e+01
-9.8428424229e-05 8.7413450407e-05 3.6021389654e+01
1.7635364621e-04 2.7501906129e-05 1.9173709736e+01
2.4490679866e-04 1.0144070249e-04 1.4675633871e+01
4.7244287549e-05 4.9101471871e-05 2.2654562719e+01
3.0693044628e-05 1.1955933487e-04 3.9703342541e+01
1.5193711918e-04 1.0891521894e-04 1.7031750190e+01
7.5061302181e-05 9.3821790839e-06 2.5951024417e+01
-1.2005508476e-04 8.0275234301e-05 3.6956049460e+01
-9.3882161292e-05 8.9270385863e-05 3.5780046252e+01
-9.5092803139e-05 7.7714941932e-05 3.7848190691e+01
-1.1894103087e-04 7.8308287466e-05 3.7319295965e+01
1.7244332218e-04 2.7067566924e-05 1.9459496995e+01
7.3940277626e-05 7.7960968235e-06 2.6498494626e+01
1.4822853260e-04 1.0750235374e-04 1.7038968960e+01
2.1666291851e-05 1.4790134645e-06 4.0974002547e+01
4.1839904503e-05 5.0574065115e-05 2.2582793023e+01
6.7449895934e-05 9.3423870064e-06 2.7570381830e+01
1.7176614454e-04 2.4535481821e-05 1.9723438407e+01
3.8754921415e-05 5.0315541836e-05 2.2882518942e+01
2.4434314544e-04 9.7658309069e-05 1.4771510513e+01
6.6258401141e-05 7.7635339350e-06 2.8183184815e+01
2.0788846795e-05 1.1732575537e-04 3.8823374835e+01
1.4133963307e-04 1.0828738801e-04 1.7047754615e+01
3.7905202027e-05 4.8346788152e-05 2.4146679604e+01
-2.1974729177e-04 5.7146945057e-05 3.8446003597e+01
-1.1112756326e-04 8.9751757148e-05 3.5490508224e+01
-1.1300649252e-04 7.8128729556e-05 3.7441137526e+01
5.8559214194e-05 7.7276513943e-06 3.0060808435e+01
2.4375993095e-04 9.3883545085e-05 1.4869260301e+01
-2.2227985630e-04 5.5376012898e-05 3.8475145433e+01
-2.3154571009e-04 7.1938948342e-05 3.7099763122e+01
1.3456423563e-04 1.0900815940e-04 1.7047495286e+01
5.2171427298e-05 9.2573182032e-06 3.1376522879e+01
2.8239163361e-05 1.1895301981e-04 3.9495980341e+01
3.1623004796e-05 4.7907055855e-05 2.6886130541e+01
1.3418294458e-04 1.0550798324e-04 1.7040786814e+01
4.6985117414e-05 7.6747274759e-06 3.3105471288e+01
2.6248610776e-05 4.9404612216e-05 2.8699536331e+01
-1.0406385714e-04 7.7898741649e-05 3.7637611729e+01
3.9246567672e-05 7.6382657348e-06 3.5204995999e+01
1.9863027875e-05 4.9012132692e-05 3.1263372713e+01
3.2961972885e-05 9.1471051603e-06 3.6585154691e+01
1.6461914480e-04 2.6227987753e-05 2.0133655670e+01
-8.9381265640e-05 9.1143538541e-05 3.5543813868e+01
1.6393160577e-04 2.3763083752e-05 2.0395143814e+01
3.1493942335e-05 7.6047014454e-06 3.7294978447e+01
1.6641770922e-05 4.8830797162e-05 3.2452435300e+01
1.5678911617e-04 2.5434531686e-05 2.0925963290e+01
2.3727684100e-05 7.5725180058e-06 3.9326694631e+01
1.5608878075e-04 2.3038130699e-05 2.1185088665e+01
-8.0988210328e-05 8.7099378044e-05 3.6421255750e+01
1.0151416917e-05 4.8500683441e-05 3.4628741137e+01
-1.3690125229e-04 3.7301366021e-05 4.5424653569e+01
1.4894904102e-04 2.4693579192e-05 2.1856058557e+01
1.5947320044e-05 7.5403111860e-06 4.1258818667e+01
1.8965603713e-05 3.0436168910e-06 4.1359883982e+01
6.8833353280e-06 4.8349938673e-05 3.5614867198e+01
1.4502624408e-04 2.4344834579e-05 2.2351436358e+01
-1.3216950315e-04 3.5589672284e-05 4.5944395348e+01
9.7832551721e-06 9.0346180002e-06 4.2410928414e+01
8.1584562953e-06 7.5124565754e-06 4.3056292938e+01
2.9282263156e-04 4.2374326345e-05 1.5598187112e+01
-1.2653430761e-04 3.7203747979e-05 4.5749992784e+01
1.4430985951e-04 2.2056053372e-05 2.2555206161e+01
3.0990317084e-07 4.8078678796e-05 3.7384340514e+01
2.0311182320e-06 9.0028148570e-06 4.4085201293e+01
3.6056888315e-07 7.4868587089e-06 4.4696436710e+01
-9.3786759986e-07 4.6280526813e-05 3.7941661938e+01
3.4450022452e-04 4.9199006682e-05 1.3475573012e+01
-1.1958797495e-04 3.7145722993e-05 4.5941696968e+01
-3.5098119928e-04 9.0062579796e-06 1.7015439192e+01
-6.3083667435e-06 4.7844434852e-05 3.8895124526e+01
-7.4448051918e-06 7.4640765514e-06 4.6164851030e+01
-1.1819301210e-04 3.5478138939e-05 4.6342369458e+01
3.0025207084e-04 3.9855643251e-05 1.5483953815e+01
-7.6113853105e-06 4.6064807075e-05 3.9407697208e+01
-1.1262348068e-04 3.7095185223e-05 4.6110139881e+01
-1.2963686016e-05 4.7644713109e-05 4.0165598316e+01
3.0358453288e-04 3.6728744995e-05 1.5509056989e+01
-1.9163627238e-05 7.4351465522e-06 4.8034383587e+01
3.4402736244e-04 4.5236634831e-05 1.3620908803e+01
-1.4319998606e-05 4.5881324349e-05 4.0642034343e+01
-1.0564296778e-04 3.7052546554e-05 4.6252037578e+01
3.0280798853e-04 3.3075561136e-05 1.5689374986e+01
-1.0214760022e-04 3.7032984879e-05 4.6312014865e+01
-1.0062522175e-04 3.5376920488e-05 4.6693704769e+01
1.3647444281e-04 2.1487229872e-05 2.2925159509e+01
-3.0891720808e-05 7.4122018045e-06 4.9513147731e+01
1.2943311400e-04 2.3123330584e-05 2.2922364827e+01
-2.4435199805e-05 4.5660982042e-05 4.2104249487e+01
-3.8713745077e-05 7.3993819283e-06 5.0296352941e+01
-2.9722521537e-05 4.7278927002e-05 4.2436757680e+01
3.4735449784e-04 4.1761954062e-05 1.3521338996e+01
-1.1264759554e-04 5.4199714006e-05 4.2335812204e+01
1.2178829153e-04 2.2622222392e-05 2.2903091162e+01
1.3706923406e-05 1.4732083778e-06 4.2878498356e+01
-7.2222682242e-05 8.7019145087e-05 3.6659251049e+01
-9.1626614663e-05 3.6984687650e-05 4.6439660682e+01
-3.1204569745e-05 4.5546914802e-05 4.2851428690e+01
-4.6537065643e-05 7.3892799331e-06 5.0931358753e+01
-8.6228750511e-05 3.8621144210e-05 4.6118286830e+01
-5.2410176438e-05 8.8725576826e-06 5.1060084072e+01
-5.4361009990e-05 7.3811467719e-06 5.1431838687e+01
-3.7990172091e-05 4.5456460578e-05 4.3441912815e+01
3.4685970605e-04 3.7822642272e-05 1.3650094095e+01
3.0487245605e-04 6.2303120284e-06 1.7455809921e+01
-3.0538847512e-04 5.6723529693e-05 3.4020661613e+01
-6.2183705598e-05 7.3763215985e-06 5.1811351703e+01
-8.1098333618e-05 3.6956486699e-05 4.6470242330e+01
-7.5761095380e-05 3.8601700901e-05 4.6099979096e+01
-4.4787328471e-05 4.5387230239e-05 4.3896177685e+01
-7.2267993577e-05 3.8599258484e-05 4.6065216417e+01
1.1424668339e-04 2.2196391835e-05 2.2883485958e+01
-7.0006303391e-05 7.3716596966e-06 5.2084035270e+01
-4.9969339053e-05 4.7045072681e-05 4.3857814748e+01
3.1023696784e-04 3.0406518153e-05 1.5576902904e+01
1.1051165979e-04 2.2008191673e-05 2.2874606388e+01
-7.0561991039e-05 3.6951150700e-05 4.6375854676e+01
-5.1590780608e-05 4.5336895645e-05 4.4233178337e+01
-7.7828672120e-05 7.3681865965e-06 5.2262346606e+01
-5.4993448975e-05 4.5317899336e-05 4.4363226984e+01
-6.3531253663e-05 3.6958278027e-05 4.6227017817e+01
-8.3555823073e-05 8.8510335791e-06 5.2074783096e+01
1.0310814330e-04 2.1679057416e-05 2.2861061210e+01
3.5018341433e-04 3.4293079018e-05 1.3486742731e+01
-8.5649068414e-05 7.3660398288e-06 5.2357743198e+01
-5.8290204393e-05 3.8618378761e-05 4.5745018775e+01
-6.1801435424e-05 4.5293770386e-05 4.4555932522e+01
1.0239542517e-04 1.9791842221e-05 2.2873698029e+01
-5.6492974643e-05 3.6974685901e-05 4.5995019508e+01
-9.3467487475e-05 7.3649892578e-06 5.2380452191e+01
-3.5302930902e-04 1.2768266016e-05 1.6738752620e+01
-6.6943102710e-05 4.3598844606e-05 4.4983968440e+01
3.4965409977e-04 3.0383650142e-05 1.3584251452e+01
-4.6169000088e-05 4.0337007760e-05 4.4871366469e+01
-1.0128358825e-04 7.3649232410e-06 5.2339220096e+01
-7.2015764351e-05 4.5283668202e-05 4.4703729684e+01
-4.4310669745e-05 3.8689540452e-05 4.5054582291e+01
-7.5420067654e-05 4.5286163917e-05 4.4721608370e+01
-1.0909705303e-04 7.3657548836e-06 5.2241286545e+01
9.5797030669e-05 2.1412652943e-05 2.2851703139e+01
-3.9235225144e-05 4.0393648249e-05 4.4397191752e+01
-1.1466187149e-04 8.8542337151e-06 5.1871546060e+01
-7.7220767370e-05 4.3602564514e-05 4.5074466936e+01
9.5065778787e-05 1.9581148256e-05 2.2866198416e+01
-1.1691329487e-04 7.3655718218e-06 5.2092569447e+01
-3.2312434356e-05 4.0468561924e-05 4.3787357194e+01
-3.0370642183e-05 3.8824029270e-05 4.3868659995e+01
-8.5620404754e-05 4.5313781991e-05 4.4698569753e+01
-1.2631389395e-04 8.8597974791e-06 5.1583028492e+01
3.5296359764e-04 2.6797276730e-05 1.3299982556e+01
8.7816237543e-05 1.9415080459e-05 2.2853074875e+01
-1.2861888667e-04 7.3714974911e-06 5.1782031064e+01
-2.3414371672e-05 3.8917146378e-05 4.3044761238e+01
-9.2408398634e-05 4.5346793333e-05 4.4630534610e+01
-1.8518367834e-05 4.0682516580e-05 4.2085448372e+01
-1.3641896531e-04 7.3749145487e-06 5.1520636064e+01
-9.5801003208e-05 4.5365414986e-05 4.4583933255e+01
-1.5080321727e-05 4.0748741620e-05 4.1545386413e+01
8.1427749085e-05 2.1029547569e-05 2.2855154722e+01
-9.7727580701e-05 4.3684540636e-05 4.4923314265e+01
-1.4421662414e-04 7.3794154741e-06 5.1215967746e+01
8.0646244977e-05 1.9287712886e-05 2.2788160356e+01
-1.3032851657e-05 3.9103102081e-05 4.1470105165e+01
-1.0310613178e-04 4.2033330005e-05 4.5201700435e+01
-1.4958111391e-04 8.8774917847e-06 5.0718112401e+01
3.0944017539e-04 2.6765938759e-05 1.5773216314e+01
3.0861579516e-04 2.3146142635e-05 1.6025701023e+01
-1.5200997850e-04 7.3848396225e-06 5.0866696661e+01
-6.1348994582e-06 3.9252215951e-05 4.0168371857e+01
-1.5731903753e-04 8.8880191249e-06 5.0342082945e+01
7.3528932883e-05 1.9185768277e-05 2.3877787714e+01
-1.4076499129e-06 4.1082834237e-05 3.8861887721e+01
-1.0995051130e-04 4.2085148323e-05 4.5063342513e+01
-1.1472653650e-04 4.3820056771e-05 4.4577016617e+01
3.1191417071e-04 1.9961100579e-05 1.6082016331e+01
5.7455273096e-06 1.4678042675e-06 4.4637717373e+01
4.1404748101e-06 3.9528609441e-05 3.7807943636e+01
-1.1678105132e-04 4.2145199346e-05 4.4901530666e+01
6.7295329720e-05 2.0778824206e-05 2.4661665554e+01
3.1106655218e-04 1.6360854158e-05 1.6593590961e+01
-1.6865973122e-04 4.4159944235e-06 5.0439300407e+01
-1.2359242440e-04 4.2214309877e-05 4.4719492240e+01
1.4311974673e-05 3.9869292460e-05 3.4948175495e+01
6.6367800797e-05 1.9080058680e-05 2.5373097295e+01
3.0690423492e-04 1.5967846634e-05 1.6702151169e+01
6.0171700168e-05 2.0655092909e-05 2.6390685077e+01
1.8800591551e-05 4.1795430860e-05 3.3139980627e+01
-9.7680019851e-05 6.8399837244e-05 3.9642178048e+01
-3.5266095774e-04 5.9616691490e-06 1.8755688780e+01
-1.3038005496e-04 4.2293243561e-05 4.4519581732e+01
2.1029939453e-05 4.0129750694e-05 3.2780223894e+01
-9.4581894459e-05 6.8357296572e-05 3.9714928113e+01
3.7574494790e-05 1.1920743484e-04 3.7827004738e+01
5.9159464646e-05 1.8970852401e-05 2.7130013173e+01
3.0276002291e-04 1.5622189824e-05 1.7123298467e+01
2.7693776387e-05 4.0416295321e-05 3.0436806354e+01
-8.9761005834e-05 7.0140426867e-05 3.9452787294e+01
3.1964928485e-05 4.2427357658e-05 2.8329824896e+01
3.5211296340e-05 4.2602028599e-05 2.7056603306e+01
-8.3581192151e-05 7.0075542977e-05 3.9591264891e+01
3.7541106174e-05 4.0900532122e-05 2.6729011755e+01
5.1906659174e-05 1.8860787498e-05 2.9065818217e+01
3.5237665316e-04 2.2923778689e-05 1.3340205428e+01
-8.0484125822e-05 7.0047654517e-05 3.9657274880e+01
4.1632764730e-05 4.2975400891e-05 2.4534554830e+01
4.4809719225e-05 4.3170486503e-05 2.2966551794e+01
-7.1871733663e-05 9.8858961995e-05 3.4658413907e+01
-7.4673316258e-05 9.8878660786e-05 3.4587908609e+01
4.7193745463e-05 4.1439737106e-05 2.2939100906e+01
4.4612083442e-05 1.8751713295e-05 3.1117172148e+01
-8.6811316378e-05 8.7180401062e-05 3.6275959441e+01
3.0201469605e-04 1.2387282383e-05 1.6998844953e+01
-6.6251929855e-05 9.8829686389e-05 3.4819084189e+01
-6.0640171391e-05 9.8833947679e-05 3.5002129555e+01
-7.4290618882e-05 7.0009672579e-05 3.9777635462e+01
5.4363608995e-05 4.3845271104e-05 2.2652070266e+01
4.1645122085e-05 1.1598939255e-04 3.3502475068e+01
-5.5032171544e-05 9.8868791793e-05 3.5207553464e+01
5.6825500978e-05 4.2086120099e-05 2.2659160298e+01
-4.9430154120e-05 9.8936186187e-05 3.5433321135e+01
-7.2790689717e-05 6.8167860387e-05 4.0157448186e+01
-4.3836324673e-05 9.9038493099e-05 3.5675902560e+01
-3.8252872772e-05 9.9178518265e-05 3.5929854110e+01
1.8856609132e-04 1.4434480945e-04 1.4623311251e+01
-3.2683911259e-05 9.9360736109e-05 3.6187074928e+01
3.5173201129e-04 1.9094984838e-05 1.3383823830e+01
-2.7127774448e-05 9.9586645976e-05 3.6437277836e+01
6.4098312283e-05 4.4694600542e-05 2.2681907013e+01
-2.1588525457e-05 9.9861873516e-05 3.6665783920e+01
3.7278619922e-05 1.8645866356e-05 3.3222458050e+01
-1.4353993664e-05 9.8275216767e-05 3.6994313353e+01
2.4477676236e-05 1.0512466646e-04 3.4337637190e+01
-8.8208745776e-06 9.8680875348e-05 3.7020166631e+01
3.0132619861e-04 9.3346869076e-06 1.7146794504e+01
-5.0919145143e-06 1.0103739727e-04 3.7009910909e+01
2.1842999283e-05 1.0461690851e-04 3.4817851277e+01
1.8428088448e-05 1.0191633635e-04 3.4860060378e+01
-3.3119967665e-06 9.9155748907e-05 3.6931797699e+01
3.5743469742e-07 1.0156886993e-04 3.6917644764e+01
1.6521290446e-05 1.0369715099e-04 3.5629921549e+01
1.3040689712e-05 1.0107847278e-04 3.5680594864e+01
7.6226817016e-06 1.0034507907e-04 3.6287794637e+01
1.8481181116e-04 1.4683345183e-04 1.4605756817e+01
6.6643694685e-05 4.2903967201e-05 2.2690162230e+01
-6.6547066071e-05 6.8157331397e-05 4.0240314304e+01
1.8076994692e-04 1.4169393137e-04 1.4946728583e+01
7.0698180888e-05 4.5362998993e-05 2.2700553533e+01
2.9909618718e-05 1.8544951918e-05 3.5322558726e+01
1.7217025012e-04 1.2746274190e-04 1.6085676327e+01
-6.1887972864e-05 6.9999092344e-05 3.9950119250e+01
7.4037483524e-05 4.5726389505e-05 2.2711674703e+01
1.7701381466e-04 1.4411590560e-04 1.4958456640e+01
-5.8782763841e-05 7.0008606740e-05 3.9973266837e+01
1.6858935724e-04 1.2980881027e-04 1.6393600601e+01
4.9045966313e-05 1.1865253152e-04 3.0432736160e+01
8.0786811566e-05 4.6519515086e-05 2.2737262185e+01
3.5497286488e-04 1.5458797989e-05 1.2774712537e+01
8.6932178323e-05 4.5085400517e-05 2.2765330735e+01
2.3872767606e-05 2.0067866477e-05 3.6634387810e+01
-5.2582501767e-05 7.0051628284e-05 3.9984780450e+01
2.0187650028e-05 2.0015581051e-05 3.7634919971e+01
3.2371280647e-05 1.0684127767e-04 3.2511878268e+01
9.1119307034e-05 4.7865802647e-05 2.2783273757e+01
9.4623974228e-05 4.8355767004e-05 2.2799663000e+01
1.8793676358e-05 1.8405393228e-05 3.8349133399e+01
-4.9478931998e-05 7.0080536289e-05 3.9970791945e+01
9.7437720068e-05 4.6459434814e-05 2.2814353774e+01
1.2802844752e-05 1.9920645661e-05 3.9540941358e+01
3.5423828426e-04 1.1698492068e-05 1.2717164473e+01
1.0172694207e-04 4.9399595536e-05 2.2833325144e+01
1.0459832775e-04 4.7476780298e-05 2.2847790439e+01
-2.2175488632e-06 1.4628417106e-06 4.6231506225e+01
1.5047448976e-04 1.4089402068e-04 1.7054920262e+01
-4.3285714649e-05 7.0165297675e-05 3.9892419915e+01
4.5267729765e-05 1.1053758974e-04 2.7726116193e+01
1.0895306664e-04 5.0530381713e-05 2.2867809408e+01
5.0351762232e-05 1.1237047442e-04 2.5385063798e+01
1.2567537480e-04 1.2579908451e-04 1.7123817204e+01
5.2416008933e-05 1.1093305034e-04 2.1745675330e+01
1.4682932033e-04 1.3924908061e-04 1.7079434999e+01
1.3574427142e-04 1.2338309669e-04 1.7099310593e+01
3.7570006557e-05 1.0818125246e-04 3.0913709441e+01
7.3002108165e-05 1.1800088952e-04 2.1339187993e+01
1.1190021922e-04 4.8574671573e-05 2.2880449859e+01
1.4313336277e-04 1.3393238159e-04 1.7100467703e+01
5.7489674239e-05 1.1304927295e-04 2.1509573784e+01
6.0330292297e-05 1.1676705471e-04 2.1222007278e+01
1.3242108665e-04 1.2541685828e-04 1.7117117739e+01
-2.2839568000e-04 8.7250990828e-05 3.6274877377e+01
1.1630569148e-04 5.1748885719e-05 2.2901553921e+01
5.5337853593e-05 1.1445482658e-04 2.0975531359e+01
1.3958232978e-04 1.3230495087e-04 1.7118166359e+01
1.2230818419e-04 1.2418255801e-04 1.7100769027e+01
1.2004169445e-04 5.2385836872e-05 2.2914601187e+01
-3.8459294263e-05 6.8410080561e-05 4.0024702631e+01
2.6420570997e-04 1.0224323067e-04 1.4319870986e+01
1.0596204015e-04 1.1967546879e-04 2.0501774887e+01
1.2308228702e-04 5.0382067883e-05 2.2933921378e+01
1.0285501481e-04 1.2141338696e-04 2.1793168530e+01
8.7176355647e-05 1.1968244951e-04 2.2199925115e+01
9.6464427224e-05 1.2140291863e-04 2.2584406463e+01
9.3048213212e-05 1.1652261160e-04 2.2494328579e+01
1.1260248542e-04 1.2634330175e-04 1.7002888441e+01
1.2762549641e-04 5.3720186605e-05 2.3034805319e+01
8.4150247344e-05 1.1809750804e-04 2.2048079275e+01
8.0970973291e-05 1.1359557572e-04 2.1998409065e+01
1.0936598138e-04 1.2471107722e-04 1.7332042620e+01
1.3072185451e-04 5.1682676134e-05 2.2877522538e+01
3.8837589545e-06 1.8246818129e-05 4.1942677135e+01
1.3529608488e-04 5.5131214996e-05 2.1716174475e+01
-2.9133211028e-05 6.8630757174e-05 3.9578641730e+01
-2.0441656917e-06 1.9761482305e-05 4.2888398348e+01
1.3841961045e-04 5.3047782342e-05 2.1339849185e+01
1.4292882152e-04 5.6600792027e-05 2.0266391929e+01
1.4674229238e-04 5.7348094186e-05 1.9620052760e+01
-7.3561130665e-06 1.8150853913e-05 4.4203593151e+01
1.4988696154e-04 5.5196814311e-05 1.9394860485e+01
-1.9845692317e-05 6.8939439042e-05 3.8823422320e+01
1.5435311058e-04 5.8866364131e-05 1.8521006452e+01
-1.5559819520e-05 7.0981845383e-05 3.8217719181e+01
1.5751194292e-04 5.6668841696e-05 1.8397863597e+01
-1.2501444506e-05 7.1126104548e-05 3.7831559943e+01
1.6191784194e-04 6.0411648406e-05 1.7685728091e+01
1.6570512695e-04 6.1180164676e-05 1.7378575056e+01
1.7272185557e-04 5.9641547619e-05 1.7129703627e+01
1.7595045914e-04 5.7343579376e-05 1.7178927781e+01
-1.0612098182e-05 6.9351601140e-05 3.7657276920e+01
1.8034154508e-04 6.1124821192e-05 1.7020934116e+01
1.8360785826e-04 5.8772715255e-05 1.7009956335e+01
-6.4188413375e-06 7.1461100182e-05 3.6889804137e+01
1.8804400708e-04 6.2694268695e-05 1.7054583731e+01
-1.3232310395e-05 1.9666270853e-05 4.4936851700e+01
-3.3847081116e-06 7.1647853641e-05 3.6322127386e+01
-1.8629026355e-05 1.8073538596e-05 4.6060973667e+01
-2.4453816262e-05 1.9589746039e-05 4.6583200580e+01
-1.4507704432e-06 6.9885299351e-05 3.5955407341e+01
2.6420632921e-06 7.2074960061e-05 3.4968404134e+01
3.4363966213e-05 1.0518409695e-04 3.0933180690e+01
5.6446723503e-06 7.2311539719e-05 3.4166876208e+01
-1.3345483558e-04 3.7270985657e-05 4.5537048565e+01
-1.0113347180e-04 4.3706530585e-05 4.4866855740e+01
1.1599574936e-05 7.2846385297e-05 3.2285677417e+01
-3.1944267234e-05 1.9552619490e-05 4.7468030003e+01
-3.5697473747e-05 1.9534127836e-05 4.7852179915e+01
1.6561281576e-05 7.1402431745e-05 3.0305488954e+01
2.8488667804e-04 1.1427488153e-04 1.3406689245e+01
-4.3197592914e-05 1.9505986283e-05 4.8508594635e+01
-1.0181970596e-05 1.4583402678e-06 4.7648696555e+01
2.5351336095e-05 7.2434415458e-05 2.5934972771e+01
2.9083303489e-05 7.4968428609e-05 2.3585011986e+01
3.1935373566e-05 7.5407585057e-05 2.2496771486e+01
3.7652241816e-05 7.6367067704e-05 2.2538963753e+01
-9.8085124559e-05 7.7772367397e-05 3.7776440861e+01
-5.0700167264e-05 1.9486974921e-05 4.9029360510e+01
-5.4457651582e-05 1.9476927813e-05 4.9244382217e+01
-6.1965088298e-05 1.9463612762e-05 4.9589958078e+01
5.5135060166e-05 7.9894611075e-05 2.2477342095e+01
-6.3882367560e-05 1.7923205465e-05 4.9954208244e+01
5.7415262641e-05 7.8156952804e-05 2.2496885193e+01
4.9247257685e-05 7.8601578364e-05 2.2495869124e+01
6.1095502945e-05 8.1311268528e-05 2.2469115146e+01
7.5164785419e-05 8.0142215616e-05 2.2556445678e+01
6.7137502390e-05 8.2860591097e-05 2.2475440669e+01
9.1365571390e-05 8.4697987467e-05 2.2689566890e+01
8.8618619072e-05 8.6527608039e-05 2.2649310995e+01
8.1544815079e-05 8.1866071303e-05 2.2600026075e+01
7.8946906212e-05 8.3659391995e-05 2.2559081889e+01
-6.9473384997e-05 1.9455750493e-05 4.9835409088e+01
-1.3376137558e-04 4.2337265874e-05 4.4413365848e+01
-7.6979081417e-05 1.9452419149e-05 4.9993395670e+01
-1.2719819631e-05 3.0053333712e-06 4.7810167825e+01
-8.4481626423e-05 1.9452999488e-05 5.0075425146e+01
-8.6521185934e-05 1.7915138233e-05 5.0389052499e+01
-9.1979597622e-05 1.9457190816e-05 5.0091592923e+01
-9.9472161453e-05 1.9464584436e-05 5.0050638816e+01
-1.0695796880e-04 1.9475038467e-05 4.9959859245e+01
1.0906728406e-04 9.3200149593e-05 2.2846573776e+01
1.0501024044e-04 8.8944948679e-05 2.2825868553e+01
-1.3813264957e-04 3.9000540128e-05 4.5013962907e+01
-1.0912031488e-04 1.7935600045e-05 5.0235180444e+01
9.9198770092e-05 9.2700440937e-05 2.2751413260e+01
9.5827796655e-05 9.1553738103e-05 2.2710100013e+01
-1.1443624119e-04 1.9488295613e-05 4.9825196343e+01
1.2756933863e-04 1.0622889939e-04 1.7058851560e+01
1.1416621221e-04 1.0414154023e-04 2.1027366705e+01
1.2104812846e-04 1.0689402843e-04 1.7411471321e+01
1.1723342522e-04 1.0221231350e-04 2.0119902930e+01
-1.2415132220e-04 1.7962139308e-05 4.9903198324e+01
-9.6806281701e-05 7.5855427357e-05 3.8171847850e+01
-1.2936523517e-04 1.9523148165e-05 4.9441126982e+01
-1.3165337604e-04 1.7979073309e-05 4.9681002075e+01
-9.7245897608e-05 7.2109314547e-05 3.8901284741e+01
-1.3681359136e-04 1.9544804536e-05 4.9196885971e+01
-1.4424956007e-04 1.9569388880e-05 4.8919110083e+01
-2.2162074644e-05 1.4601980378e-06 4.9440851024e+01
-1.4662432965e-04 1.8020994371e-05 4.9131668020e+01
-1.5166721394e-04 1.9600007506e-05 4.8606709368e+01
-1.5537815371e-04 1.9612860306e-05 4.8437452738e+01
-3.2579291315e-04 4.2294353083e-05 1.6968866886e+01
-1.5782255671e-04 1.8059091314e-05 4.8625017555e+01
-3.2593156155e-04 3.7168357063e-05 1.7041994524e+01
-1.6902062036e-04 1.3452072185e-05 4.8881708084e+01
-1.7279471031e-04 1.3467632449e-05 4.8645970712e+01
-1.7775724007e-04 1.5030808892e-05 4.8040913620e+01
-1.8636606779e-04 1.6630422053e-05 4.7131016430e+01
-1.6367849494e-04 7.3966259965e-06 5.0252000577e+01
-1.9381156500e-04 1.6673999388e-05 4.6503116268e+01
-1.9847434535e-04 1.8289865129e-05 4.5798897766e+01
-1.6617348389e-04 5.9054652654e-06 5.0352875896e+01
-2.0672931472e-04 1.3601879580e-05 4.5666253148e+01
-3.0128361186e-05 1.4569460808e-06 5.0414773544e+01
-2.1044751336e-04 1.3631019271e-05 4.5202374935e+01
-3.0975162889e-04 4.2427886581e-05 1.7283627762e+01
-2.2077662169e-04 1.2128286056e-05 4.3909964249e+01
-2.6000174115e-04 7.2715957206e-05 3.7505124377e+01
-2.2606311264e-04 1.5354063488e-05 4.2569912329e+01
-2.3037689360e-04 1.7032210205e-05 4.1532061614e+01
-2.3396668086e-04 1.7090608362e-05 4.0772025726e+01
-3.0802929398e-04 3.4328353782e-05 1.7234420461e+01
-2.4616683028e-04 1.0765791234e-05 3.8209953985e+01
-3.2541779700e-05 2.9893224434e-06 5.0430102146e+01
-2.5355108011e-04 1.0860190083e-05 3.5601515474e+01
-2.5756772551e-04 1.2588976849e-05 3.3793376163e+01
-2.6442730965e-04 1.1067613840e-05 3.0615473081e+01
-2.6798184403e-04 1.1163286001e-05 2.8623153446e+01
-2.7808714124e-04 6.3562482409e-06 2.2471335870e+01
-3.1469195448e-04 2.7267306213e-05 1.7125497185e+01
-2.9101541567e-04 4.3613733167e-05 1.9120009425e+01
1.9338799862e-04 5.1709881459e-05 1.7051919755e+01
-2.4357573762e-05 1.2735321732e-04 3.2318601095e+01
1.9274587639e-04 4.8723946627e-05 1.7209664226e+01
1.8563127696e-04 5.0412518723e-05 1.7271780315e+01
-2.8879265652e-04 4.2619569810e-05 2.0042509308e+01
-1.9374696174e-05 1.2771712649e-04 3.4108685634e+01
1.8496902349e-04 4.7457515164e-05 1.7435147036e+01
-4.2078479890e-05 1.4528348266e-06 5.1572135037e+01
1.7790282573e-04 4.9111938026e-05 1.7592727320e+01
1.7403345875e-04 4.8447368060e-05 1.7819199955e+01
-2.9372436266e-05 1.2704662158e-04 3.1892369082e+01
1.7334478674e-04 4.5560077682e-05 1.8040196124e+01
1.6632446461e-04 4.7156414833e-05 1.8394495866e+01
1.6246063096e-04 4.6505505577e-05 1.8761531565e+01
4.3518131862e-06 1.2732822771e-04 4.3045274935e+01
1.6174567753e-04 4.3701085504e-05 1.9038753266e+01
-3.0803322539e-04 2.7929308001e-05 1.7142593249e+01
1.5474306205e-04 4.5243203083e-05 1.9642218374e+01
-5.1899396948e-05 1.2528385923e-04 3.2041619012e+01
1.5400965019e-04 4.2500295641e-05 1.9941229592e+01
1.4701643850e-04 4.4021407167e-05 2.0718252453e+01
-5.7080337192e-05 1.2485408329e-04 3.2107073241e+01
1.4626294361e-04 4.1344092749e-05 2.1027550321e+01
1.3927511720e-04 4.2853858973e-05 2.1965453276e+01
1.3539151854e-04 4.2282967293e-05 2.2695502111e+01
1.3460749365e-04 3.9707997083e-05 2.2959294707e+01
1.2689129292e-04 3.8695871417e-05 2.2936126772e+01
1.2006629079e-04 4.0190081985e-05 2.2908670291e+01
-2.8131478133e-04 4.2299855552e-05 2.5090727524e+01
1.1930233217e-04 3.7756042532e-05 2.2903166141e+01
-5.2148485643e-05 5.9206496812e-05 4.1799941666e+01
1.1259758918e-04 3.9254257777e-05 2.2880282891e+01
1.1183970437e-04 3.6890505536e-05 2.2875178630e+01
-7.5852036267e-05 1.2295428523e-04 3.2370884380e+01
1.0449900300e-04 3.6101581395e-05 2.2846112457e+01
-5.0596326571e-05 6.1001753462e-05 4.1464500830e+01
9.8030415509e-05 3.7614471219e-05 2.2820356617e+01
-3.0170470697e-04 2.8621177287e-05 1.7153852370e+01
-4.4158602809e-05 6.1084589144e-05 4.1279554680e+01
9.0924128304e-05 3.6917954821e-05 2.2790819566e+01
-4.0978579619e-05 6.1121459534e-05 4.1155093712e+01
8.7406934949e-05 3.6592658227e-05 2.2778582344e+01
-3.6030663548e-05 5.9411470089e-05 4.1157286078e+01
8.6647267831e-05 3.4473955313e-05 2.2778105987e+01
8.0468009536e-05 3.6014517889e-05 2.2753954053e+01
-2.6394165485e-05 5.9621985843e-05 4.0408826500e+01
-2.1846243452e-05 6.1552916350e-05 3.9732216187e+01
7.6260023325e-05 3.3729302343e-05 2.2750255292e+01
-1.6802800527e-05 5.9911947566e-05 3.9286957510e+01
1.4008821698e-04 7.5878005068e-05 1.8481912408e+01
-2.9910694761e-04 2.7765555386e-05 1.7144946873e+01
6.6089797569e-05 3.3146788284e-05 2.2737487749e+01
-7.2746384378e-06 6.0294684237e-05 3.7690277089e+01
6.0223675258e-05 3.4715386937e-05 2.2728645584e+01
-2.7603595616e-04 4.3075901481e-05 2.8179147523e+01
5.6921564550e-05 3.4555053856e-05 2.2686461721e+01
4.0254869847e-05 1.3368920879e-04 6.4792132626e+01
2.1684047967e-06 6.0784934406e-05 3.5501976626e+01
5.6111303462e-05 3.2708648205e-05 2.3478824902e+01
3.3392217375e-06 6.2719924406e-05 3.5054620978e+01
5.0342316260e-05 3.4277267340e-05 2.4685671098e+01
6.4104424583e-06 6.2910528384e-05 3.4156840912e+01
4.7013526436e-05 3.4137120339e-05 2.5760936638e+01
1.2588966268e-05 6.3376345834e-05 3.2062303938e+01
4.6071596549e-05 3.2328613806e-05 2.6668339971e+01
1.5615756628e-05 6.3614030825e-05 3.0882649224e+01
4.0311414607e-05 3.3874080043e-05 2.8019786638e+01
2.1690162586e-05 6.4181086158e-05 2.8166422499e+01
4.5083878033e-05 1.3406646558e-04 6.6359799157e+01
3.3533586557e-05 3.3626350678e-05 3.0323526734e+01
2.9690098117e-05 6.3055752011e-05 2.4138789121e+01
3.2434431579e-05 3.1863745351e-05 3.1172228203e+01
3.3515327355e-05 6.5498792067e-05 2.2546518172e+01
2.6693277418e-05 3.3399757283e-05 3.2591549262e+01
1.2785024506e-04 8.4387717972e-05 1.9991541947e+01
3.8574395484e-05 6.4133946751e-05 2.2609673840e+01
2.3243424867e-05 3.3287759571e-05 3.3695688450e+01
3.9443448809e-05 6.6306339924e-05 2.2604919481e+01
4.2397589758e-05 6.6723436300e-05 2.2596030988e+01
2.2038047178e-05 3.1556023642e-05 3.4474543829e+01
4.7578117759e-05 6.5417491311e-05 2.2593437929e+01
1.6322684167e-05 3.3089579235e-05 3.5795485438e+01
1.2834324067e-05 3.2992637126e-05 3.6789276199e+01
5.6733050089e-05 6.6919894552e-05 2.2585408783e+01
5.7530987053e-05 6.9269417947e-05 2.2568563546e+01
1.1532500591e-05 3.1287480851e-05 3.7492168698e+01
6.0590542376e-05 6.9837348841e-05 2.2572469949e+01
6.6070399885e-05 6.8654122829e-05 2.2595438896e+01
6.6835519761e-05 7.1104400411e-05 2.2578802198e+01
6.9964749886e-05 7.1754502962e-05 2.2590937172e+01
4.4806293540e-06 3.1131670443e-05 3.9287077168e+01
7.6343541773e-05 7.3172724574e-05 2.2616210687e+01
-1.1917793194e-06 3.2670562135e-05 4.0282167849e+01
8.2139655273e-05 7.2090733091e-05 2.2661575284e+01
8.2837646656e-05 7.4710316351e-05 2.2654073364e+01
-2.6103096557e-06 3.0995346632e-05 4.0889938918e+01
8.8771784525e-05 7.3665048427e-05 2.2707237419e+01
8.9479666120e-05 7.6388942617e-05 2.2701623392e+01
9.2823571868e-05 7.7243859256e-05 2.2732656346e+01
9.8990191599e-05 7.6246597344e-05 2.2789175237e+01
9.9664198549e-05 7.9081526198e-05 2.2790967024e+01
1.0598640853e-04 7.8113868425e-05 2.2846935129e+01
1.0668011533e-04 8.1066641598e-05 2.2850022980e+01
-9.7305736449e-06 3.0877425502e-05 4.2295043150e+01
1.1022073301e-04 8.2072542490e-05 2.2883883840e+01
1.1680024291e-04 8.1137203824e-05 2.2960063923e+01
-1.5349542250e-05 3.2428484488e-05 4.2977676686e+01
-5.0045421113e-05 1.4505583639e-06 5.2159610352e+01
1.1747707145e-04 8.4215032382e-05 2.3037949490e+01
-1.6875082526e-05 3.0777052702e-05 4.3505859399e+01
-2.4039280527e-05 3.0693534752e-05 4.4531539673e+01
-2.9590121098e-05 3.2261870363e-05 4.4918531818e+01
-3.3168381840e-05 3.2225694083e-05 4.5300008755e+01
-3.4817695251e-05 3.0596686988e-05 4.5752245374e+01
-2.6443613741e-04 5.1822384752e-05 3.4220791166e+01
-2.8240107766e-04 2.6025314018e-05 1.7553480566e+01
-2.6200427636e-04 5.1173741935e-05 3.4499018663e+01
3.9741549782e-05 7.4640467596e-05 2.2552710162e+01
6.3638258719e-05 1.4208216000e-04 5.5786669693e+00
-1.1752210048e-04 1.1711157995e-04 3.3132155916e+01
-2.6007698534e-04 4.6079135435e-05 3.4034166688e+01
4.1863808705e-05 7.2904150390e-05 2.2551628172e+01
-2.7968972741e-04 2.5511323283e-05 2.0058185988e+01
-5.2368470109e-05 2.9786693647e-06 5.2057679533e+01
-2.5724251063e-04 4.7757311594e-05 3.4834815705e+01
6.7979736248e-05 1.4625314751e-04 2.2765452315e+01
-1.2270047744e-04 1.1633868050e-04 3.3243252063e+01
-2.7057020679e-04 2.8330313404e-05 2.7014829290e+01
3.2230797823e-04 1.0690965835e-04 1.2334697037e+01
8.2006580151e-05 1.5257299903e-04 1.9091026808e+01
-2.6182577785e-04 2.7276673514e-05 3.1399240254e+01
-5.8012341796e-05 1.4486122821e-06 5.2615790843e+01
-2.4378306911e-04 5.4143491445e-05 3.7004644910e+01
-7.7987214183e-05 5.9169852969e-05 4.1874628703e+01
-8.5835775584e-05 6.1014570514e-05 4.1392454843e+01
-6.6616253905e-05 6.0939897491e-05 4.1600712388e+01
-7.6224762667e-05 6.0960868691e-05 4.1532056012e+01
-6.3437481310e-05 6.0934138928e-05 4.1603897570e+01
-8.2651236730e-05 6.0985940447e-05 4.1446483869e+01
-7.3047041056e-05 6.0941402664e-05 4.1565708053e+01
-5.7014476570e-05 6.0956334963e-05 4.1566638752e+01
-1.0935982268e-04 5.4156385102e-05 4.2416795231e+01
8.9251451176e-05 1.5465215092e-04 1.8806789196e+01
-2.5556591880e-04 3.0635983557e-05 3.3921290800e+01
-1.0533103869e-04 4.8866516485e-05 4.3658278250e+01
-2.2854800049e-04 2.1985754450e-05 4.1259543850e+01
-2.5258548103e-04 3.0346966141e-05 3.4881837385e+01
6.9563704226e-05 8.1102408167e-05 2.2508199719e+01
-9.8168539707e-05 5.2273417632e-05 4.3045725475e+01
7.2025681994e-05 7.9332529348e-05 2.2540421868e+01
-1.7090027198e-04 2.6109387201e-05 4.6365516868e+01
-2.3979627921e-04 2.7646873695e-05 3.8381507302e+01
-1.9838125415e-04 2.4784984337e-05 4.4694085119e+01
-2.1889039646e-04 5.0986912947e-05 3.9108925994e+01
-2.3281176389e-04 4.8326117376e-05 3.8191313642e+01
-1.9397375999e-04 2.3078938686e-05 4.5374680172e+01
-1.6265648963e-04 2.4415827938e-05 4.7132914944e+01
-2.4650923048e-04 3.1780842777e-05 3.6552429444e+01
-1.3117116386e-04 5.8110498085e-05 4.1065130562e+01
-2.3659316235e-04 2.7479468399e-05 3.9087387244e+01
-1.3849658221e-04 6.0134200663e-05 4.0475749060e+01
-1.5540470786e-04 2.4363078150e-05 4.7483712766e+01
-1.4064606425e-04 5.8349503776e-05 4.0790597758e+01
-1.4473399513e-04 6.0318902023e-05 4.0296176822e+01
-2.0962837433e-04 4.8318787078e-05 4.0036837930e+01
-1.2905987987e-04 5.9894322326e-05 4.0739950169e+01
-1.3539803913e-04 6.0038255781e-05 4.0565989986e+01
-1.6017288338e-04 2.6014103590e-05 4.6929124870e+01
-1.8318919945e-04 2.2968784019e-05 4.6214363053e+01
-1.2593481151e-04 5.9811747671e-05 4.0828056396e+01
-1.8769751631e-04 2.4659988172e-05 4.5579369172e+01
-1.2162405139e-04 5.7907213078e-05 4.1330388588e+01
-2.1582401314e-04 2.5096556637e-05 4.2777994828e+01
-1.9632301859e-04 4.3829523516e-05 4.1541050032e+01
-2.0311449239e-04 4.6021476065e-05 4.0777537417e+01
-2.0662576732e-04 4.8121141872e-05 4.0251734042e+01
1.2416142434e-04 8.3274061963e-05 2.1238987862e+01
-2.0050221899e-04 4.7773448621e-05 4.0662054515e+01
-1.7933443253e-04 4.8668530092e-05 4.1518103195e+01
-1.4936081610e-04 2.5937824397e-05 4.7415749266e+01
-1.7299524445e-04 4.8433532404e-05 4.1812892609e+01
1.0441226662e-04 1.5710251548e-04 1.8550012694e+01
-1.4945947289e-04 1.1084013487e-04 3.3888906968e+01
-1.7699186250e-04 2.4540671372e-05 4.6319189776e+01
-1.6342830148e-04 4.8137602897e-05 4.2221117939e+01
-1.8319888535e-04 5.0665724607e-05 4.0998380994e+01
-1.3888034836e-04 3.0717614683e-05 4.6790669246e+01
-1.2329684591e-04 2.8992325286e-05 4.7628591916e+01
-1.3405505338e-04 2.9055220986e-05 4.7305017874e+01
-5.2628803013e-05 2.4147853371e-05 4.8264016410e+01
-1.2108954661e-04 3.0596735741e-05 4.7338372341e+01
-1.0889322751e-04 2.8928191522e-05 4.7958150095e+01
-1.1394684541e-04 3.0557382558e-05 4.7510444363e+01
-7.9974278035e-05 2.8863368782e-05 4.8142047597e+01
-1.3173906477e-04 3.0676269093e-05 4.7027535991e+01
-1.0677572080e-04 3.0529343573e-05 4.7650439814e+01
-7.7982637300e-05 3.0476655173e-05 4.7792986482e+01
-9.4448155798e-05 2.8884632214e-05 4.8144968019e+01
-9.9608192881e-05 3.0500951219e-05 4.7756022058e+01
-7.4412326879e-05 3.0466978811e-05 4.7751286423e+01
-9.2415312997e-05 3.0484074915e-05 4.7819562753e+01
-6.9106121298e-05 2.8864189134e-05 4.7975068703e+01
-1.2821433889e-04 3.0643996200e-05 4.7137975327e+01
-6.7174945280e-05 3.0479000417e-05 4.7606758229e+01
-8.7212197737e-05 2.8870943265e-05 4.8170992120e+01
-6.3600958126e-05 3.0474817108e-05 4.7508072096e+01
-6.5979123361e-05 1.4469627197e-06 5.2954497091e+01
-1.4424458078e-05 1.2813236640e-04 3.6349424438e+01
-1.6510941327e-04 1.0775580156e-04 3.4299959156e+01
1.9249423736e-04 1.4561573988e-04 1.4480612332e+01
6.5194907169e-05 1.1665004431e-04 2.1112550275e+01
7.0281364311e-05 1.1659234038e-04 2.1296195198e+01
-7.3945667717e-05 1.4455773309e-06 5.3188959508e+01
-2.3547453404e-04 2.2168832151e-05 3.9861780372e+01
-1.7558570895e-04 1.0485211750e-04 3.4614350467e+01
1.4243868759e-04 1.6307299280e-04 1.7363574063e+01
1.0209307044e-04 9.0837602322e-05 2.2793852491e+01
7.5605680086e-05 1.1658612241e-04 2.1581170175e+01
7.8259735363e-05 1.1511235041e-04 2.1804744016e+01
1.5129216374e-04 1.6471039059e-04 1.5283691772e+01
-1.8103698350e-04 1.0396591494e-04 3.4758551206e+01
1.6891803904e-04 5.8902725998e-05 1.7377937095e+01
-1.8625627811e-04 1.0248960062e-04 3.4920456897e+01
1.6024335050e-04 1.6479224685e-04 1.3849268254e+01
-1.6399532897e-04 1.6533509526e-05 4.8600315118e+01
-1.6649225373e-04 1.4989712075e-05 4.8749433468e+01
-8.1911893963e-05 1.4444268177e-06 5.3331440602e+01
9.0099021664e-05 1.1813081619e-04 2.2358933105e+01
-1.9137312137e-04 1.0123991428e-04 3.5072847398e+01
1.6965763021e-04 1.6388264136e-04 1.3802178158e+01
1.2413417190e-04 1.0488267550e-04 1.7001322024e+01
-1.8035080417e-04 1.3493451049e-05 4.8129412108e+01
9.9539892192e-05 1.1974878814e-04 2.3018511236e+01
1.9131788446e-04 6.0274477632e-05 1.7052998489e+01
1.7893898968e-04 1.6401016322e-04 1.3638280224e+01
-1.9653145549e-04 9.9196022937e-05 3.5256949973e+01
1.9459298618e-04 5.7851944217e-05 1.7051068011e+01
1.9787689599e-04 5.5429033698e-05 1.7035003761e+01
1.9726579339e-04 5.2356159813e-05 1.7054829173e+01
-8.9877734933e-05 1.4434850918e-06 5.3392896612e+01
-2.0201513513e-04 9.8179904308e-05 3.5406820798e+01
1.1578496635e-04 1.2448038530e-04 1.7092354136e+01
1.1896239649e-04 1.2258518562e-04 1.7061564228e+01
-2.0394788565e-04 1.5160358380e-05 4.5743962088e+01
-9.1989263757e-05 2.9607652458e-06 5.3144078160e+01
1.2895911784e-04 1.2381841946e-04 1.7110733727e+01
-2.1416852697e-04 1.3658906950e-05 4.4699895359e+01
2.6507075926e-04 1.3913628232e-04 1.2960722255e+01
-9.7843133470e-05 1.4427298858e-06 5.3382842698e+01
1.3067921417e-04 1.0417428752e-04 1.7043843432e+01
-2.3697436378e-04 1.5499899990e-05 4.0263640677e+01
1.5413420206e-04 1.3879842497e-04 1.6997040035e+01
1.5776432741e-04 1.3663164480e-04 1.6997924518e+01
1.6474141762e-04 1.2832402764e-04 1.6998580224e+01
1.6138393311e-04 1.3439186240e-04 1.6998463376e+01
1.6117876368e-04 1.3061061003e-04 1.7018897989e+01
-2.4000318226e-04 1.3918631791e-05 3.9673985617e+01
-2.4306391701e-04 1.2339952599e-05 3.8993545921e+01
-1.0580803937e-04 1.4421427968e-06 5.3309254373e+01
-2.2274281938e-04 9.1473597596e-05 3.6045906877e+01
2.2323812434e-04 1.5564182303e-04 1.3274423688e+01
-2.6082976813e-04 1.0987012738e-05 3.2438541194e+01
-2.2528023292e-04 9.0600549009e-05 3.6114822266e+01
2.2742544955e-04 1.5441044984e-04 1.3239667269e+01
1.3379317508e-04 1.0206920008e-04 1.7025115647e+01
1.3337904009e-04 9.8663399297e-05 1.7066465943e+01
1.3647848899e-04 9.6528000393e-05 1.7057826652e+01
1.3602570633e-04 9.3164496840e-05 1.7002195517e+01
1.3911618430e-04 9.0996888718e-05 1.7057843353e+01
1.4172625844e-04 8.5506011130e-05 1.6965366151e+01
1.3864532386e-04 8.7690997742e-05 1.6979432710e+01
1.4482784517e-04 8.3289202174e-05 1.6974834877e+01
-1.1378389475e-04 1.4453924981e-06 5.3177681691e+01
-2.7488437048e-04 9.6593361174e-06 2.4344375038e+01
-2.7829136696e-04 8.0448523573e-06 2.2113918088e+01
2.3665816290e-04 1.5173747474e-04 1.3146781741e+01
-2.9854018233e-04 5.7252620397e-05 3.3650326064e+01
1.4375579048e-04 7.6850158258e-05 1.7725693182e+01
1.4431532154e-04 8.0048132370e-05 1.7141793496e+01
-2.3526765765e-04 8.6641138886e-05 3.6375136422e+01
2.4476639609e-04 1.4930674257e-04 1.3053498160e+01
-1.2174755546e-04 1.4451559515e-06 5.2994478015e+01
-1.2369379573e-04 2.9600700430e-06 5.2689703968e+01
-4.1991641638e-05 3.0556357510e-05 4.6372829020e+01
-4.3689296137e-05 2.8944646766e-05 4.6796370025e+01
-1.2971058423e-04 1.4450566867e-06 5.2762022336e+01
-2.0345227611e-04 2.8206272946e-05 4.3643211800e+01
-2.1794002755e-04 4.5017883003e-05 3.9845811313e+01
-2.5303136285e-04 8.0175940764e-05 3.7788308413e+01
2.7315734441e-04 1.3710499212e-04 1.2801111687e+01
-1.4165383726e-04 1.4451604557e-06 5.2323655156e+01
-1.4349815148e-04 2.9619358681e-06 5.1998342792e+01
2.8161904492e-04 1.3326105637e-04 1.2700765256e+01
-1.7258310526e-04 4.4298514212e-06 5.0178018962e+01
-1.4961507242e-04 1.4454038829e-06 5.1970503885e+01
-1.8284037587e-04 2.9192764775e-06 4.9640071737e+01
-1.5757548609e-04 1.4457953632e-06 5.1565213228e+01
-2.6573498764e-04 7.4995228008e-05 3.8247775100e+01
2.9312548680e-04 1.2698667520e-04 1.2587987662e+01
-1.6549792516e-04 1.4322164314e-06 5.1106905387e+01
-1.8694052700e-04 7.4288061689e-06 4.8611190235e+01
-3.2102529900e-05 1.2441281559e-04 3.2238820542e+01
3.0068438994e-04 1.2221498330e-04 1.2526078593e+01
-1.6949666004e-04 1.4363972696e-06 5.0849897091e+01
-1.9472709322e-04 7.4620671762e-06 4.7891973766e+01
-2.8458559020e-04 1.5549205312e-06 1.8211914436e+01
-1.9852755154e-04 7.4498815752e-06 4.7505294416e+01
-2.0502398167e-04 5.9400812120e-06 4.6979076137e+01
-2.0625503610e-04 7.4557451326e-06 4.6618599442e+01
-2.9818604723e-04 2.2264734975e-05 1.7110605060e+01
-4.8949970645e-05 2.4162527274e-05 4.8045314592e+01
-4.7165457675e-05 2.5745292774e-05 4.7633556509e+01
-2.9624690981e-04 1.6235019236e-06 1.7052100641e+01
2.3149735557e-04 1.4905932171e-04 1.3420941362e+01
-2.1398686910e-04 7.4750755038e-06 4.5575313619e+01
-9.4894812750e-05 5.2245461665e-05 4.3106151737e+01
-8.9408478742e-05 5.7474297877e-05 4.2076272954e+01
-9.3039591346e-05 5.3985939920e-05 4.2761259220e+01
-3.0790795835e-04 1.7261452776e-06 1.7067990931e+01
-2.2059241499e-04 5.9717667255e-06 4.4716744884e+01
-2.2178195224e-04 7.5293517864e-06 4.4324221383e+01
-1.0200867772e-04 4.8839722304e-05 4.3726370424e+01
-2.2556179198e-04 7.5230692395e-06 4.3636487543e+01
-3.1627087344e-04 1.0325611327e-05 1.7033958749e+01
-3.1849434774e-04 1.3185727535e-05 1.7048723061e+01
-2.3223852743e-04 6.0044580300e-06 4.2416821305e+01
-3.1894419873e-04 3.8325232917e-06 1.7101868420e+01
-2.3324419935e-04 7.5413693957e-06 4.2027400613e+01
-2.4600479731e-04 2.9827598284e-06 3.8926038307e+01
-1.4580408232e-04 2.5910410469e-05 4.7561298457e+01
-1.5177950221e-04 2.4336136018e-05 4.7646486012e+01
-1.4347808592e-04 2.7504843782e-05 4.7313855182e+01
-2.5298281541e-04 1.4865990258e-06 3.6512012851e+01
2.1384337685e-05 1.2875032713e-04 4.8041441204e+01
1.3475347515e-04 1.6218847604e-04 1.7373139694e+01
-1.5217925899e-04 5.6889272952e-05 4.0800429999e+01
-1.5436524288e-04 5.5125601731e-05 4.1095141170e+01
-1.1902404974e-05 1.2583490346e-04 3.6152059743e+01
-1.7958817446e-04 2.2937840117e-05 4.6461598723e+01
-1.5881696889e-04 5.1630490770e-05 4.1668330155e+01
-1.6980770413e-04 4.8333314108e-05 4.1952404575e+01
-1.9038355121e-04 2.3043681105e-05 4.5671538526e+01
-2.6238693378e-04 4.5958625196e-06 3.2194710045e+01
3.5481742407e-04 7.5123405252e-05 1.2046831789e+01
-1.8563686353e-04 4.8916574169e-05 4.1206863009e+01
-1.9373527919e-04 4.5581318437e-05 4.1391827957e+01
-2.7391043989e-04 4.6668986048e-06 2.5560487790e+01
-2.1241572965e-04 2.5006007907e-05 4.3212638135e+01
3.5765915244e-04 7.1627887594e-05 1.2012236555e+01
-2.2507099338e-04 2.1908994917e-05 4.1874356913e+01
3.3905432465e-04 1.4765215154e-05 1.5143023217e+01
3.6333104151e-04 6.4550472185e-05 1.1915803320e+01
-2.9023709144e-04 6.3594910072e-05 3.8005371599e+01
3.6848402560e-04 5.6743180389e-05 1.1819425650e+01
-3.2785487665e-04 5.0409457001e-05 1.5378015714e+01
-2.9775750789e-04 6.0219577697e-05 3.7060739084e+01
-2.4954780603e-04 3.0092401999e-05 3.5785370436e+01
3.7346191046e-04 4.8838058978e-05 1.1672489762e+01
-3.3834958801e-04 4.5776068508e-05 1.2885479838e+01
-2.2996817188e-04 4.8028384316e-05 3.8486170988e+01
-2.6770075307e-04 2.7942654247e-05 2.8589629304e+01
-2.7691722244e-04 2.5060319474e-05 2.2358250482e+01
-2.3847244235e-04 5.1122644427e-05 3.7522586229e+01
-2.9181989985e-04 2.3330204426e-05 1.7099668146e+01
-2.4645618288e-04 5.2420160923e-05 3.6706789204e+01
-2.5187701418e-04 4.8988397237e-05 3.5848240690e+01
-2.4915511326e-04 5.0695913885e-05 3.6324973294e+01
-2.8841031100e-04 2.4977992374e-05 1.7131950487e+01
3.8876638062e-04 1.7321827251e-05 1.0056131949e+01
-3.7549569034e-04 1.8646913496e-05 9.8484332822e+00
-3.0543299657e-04 2.6995120488e-05 1.7139135079e+01
-2.7367143250e-04 4.2352167520e-05 2.8915398938e+01
-3.2674910610e-04 1.7775519893e-05 1.7042224183e+01
-2.7036662812e-04 4.6251697096e-05 3.1437585864e+01
-3.1893856802e-04 2.5504654328e-05 1.7109930141e+01
-3.2833860871e-04 1.4934452300e-05 1.7037807293e+01
-2.6757128291e-04 4.7881357969e-05 3.2659584826e+01
-2.7899126361e-04 4.1506894404e-05 2.5979367878e+01
-3.2983832985e-04 1.2164075043e-05 1.7040502616e+01
-3.2053389720e-04 2.2640339323e-05 1.7077759726e+01
-3.2208087150e-04 1.9813614345e-05 1.7073650637e+01
-2.0293044607e-04 9.5692451404e-05 3.5527957803e+01
-3.1964737960e-04 1.0705679453e-05 1.7030324527e+01
-3.2175815767e-04 6.0938995548e-06 1.7103254898e+01
-3.1725249810e-04 8.0640611824e-06 1.7026691389e+01
-2.9395350453e-04 4.2326529314e-05 1.6847053398e+01
-3.0006754297e-04 3.9673647828e-05 1.7179972833e+01
-2.9695293457e-04 4.1006657401e-05 1.7248541637e+01
-3.0109115012e-04 3.7147336295e-05 1.7208638684e+01
-3.0446624946e-04 3.5741188285e-05 1.7214056556e+01
-2.2464767969e-04 5.1543359906e-05 3.8656092098e+01
-3.2131167369e-04 3.8711084414e-05 1.7127490077e+01
-3.1533165576e-04 4.2925437734e-05 1.7283505203e+01
-3.1713753891e-04 4.0061620309e-05 1.7217596833e+01
1.9676108477e-05 1.3077740119e-04 4.9667452424e+01
-3.2267199658e-04 3.9466567435e-06 1.7048003551e+01
-3.1177309844e-04 1.7747543753e-06 1.7072492106e+01
-3.1137862026e-04 3.6444836270e-06 1.7064210188e+01
-3.0013539224e-04 1.6500360662e-06 1.7062727680e+01
-2.8846268377e-04 1.5769016143e-06 1.6830281699e+01
3.7156188796e-05 1.3064437847e-04 5.6068560379e+01
2.8145582478e-04 9.0308447704e-06 1.8497513574e+01
7.5159116555e-05 1.4999663835e-04 1.9665194587e+01
2.5768366483e-04 1.4129996231e-04 1.3080598274e+01
-9.5423024176e-06 1.2886075509e-04 3.9002710318e+01
2.8535525056e-04 9.1546720049e-06 1.7700620850e+01
3.3892701941e-04 9.1935949637e-05 1.2212061916e+01
3.7817615484e-04 4.0449893444e-05 1.1459214758e+01
1.1933700192e-04 1.6022058098e-04 1.7820979737e+01
-6.7040242695e-05 1.2140863028e-04 3.2205547861e+01
-2.5470368180e-04 4.5661754098e-06 3.5651984573e+01
-1.8426649512e-04 4.3850534033e-06 4.9302863052e+01
-1.8559109700e-04 5.8924252897e-06 4.8962830300e+01
3.8460572753e-04 1.3254222091e-05 8.6713360451e+00
8.8649758225e-05 1.5150500703e-04 1.9524811916e+01
-3.7254893372e-05 1.2412535096e-04 3.2071206984e+01
1.8783777328e-04 1.6302241831e-04 1.3563110302e+01
-3.1345395688e-04 5.4011324974e-05 2.4696346088e+01
2.7252136895e-04 2.8603106922e-06 2.1882696830e+01
2.0116745209e-04 3.6960394903e-06 2.0698586599e+01
2.2899620189e-04 4.3505960298e-06 2.0968034863e+01
2.5693941458e-04 5.2798985525e-06 2.1510201911e+01
2.6904621655e-04 5.6333676319e-06 2.1399086152e+01
2.9634873202e-04 3.1096163234e-06 1.7783410773e+01
3.1250811128e-04 3.0838675977e-06 1.7738080610e+01
-6.7592121018e-06 1.2593603280e-04 3.8045249558e+01
3.5752102466e-04 7.9160453682e-06 1.1643552044e+01
3.4568614220e-04 7.4898292053e-06 1.4614083718e+01
2.8539328922e-04 1.3137715318e-04 1.2659732520e+01
-2.8275711438e-04 6.7247075614e-05 3.8422785336e+01
3.6474556192e-04 3.9897674739e-06 9.0833619405e+00
2.9672288102e-04 1.1733271377e-04 1.2889000645e+01
3.7658519930e-04 4.1354185751e-06 5.7881795961e+00
3.1848967990e-04 1.0991949732e-04 1.2365397866e+01
1.8130718649e-04 1.6050047137e-04 1.3886195387e+01
3.2854833303e-04 3.4232827870e-06 1.6950675496e+01
2.8881339818e-04 6.2086552647e-06 1.7410364610e+01
1.0847471420e-04 1.5533642433e-04 1.8410843301e+01
3.8477338297e-04 2.6431714444e-05 1.0884562980e+01
-2.5969312938e-04 7.4905455639e-05 3.7732113980e+01
-3.4865784401e-04 3.9358150096e-05 1.1999005688e+01
3.6962617456e-04 4.9204180125e-05 1.1919970377e+01
-4.5069570087e-06 1.2897861880e-04 4.1289213836e+01
-8.5888175460e-05 1.2164638912e-04 3.2528725707e+01
3.5695181814e-04 6.7664451031e-05 1.2186204492e+01
2.4319786779e-05 1.3145175753e-04 5.2837594940e+01
3.2873315119e-04 1.0111242598e-04 1.2302168563e+01
-1.6637304294e-04 1.0556919649e-04 3.4404679785e+01
3.9297436238e-04 7.8271818161e-06 6.8338067936e+00
-3.8745931275e-04 8.2960239095e-06 5.5514955512e+00
1.4624728652e-04 1.6095413132e-04 1.7129724613e+01
-4.1728259825e-05 1.2612900311e-04 3.1931171841e+01
-3.3584511692e-04 4.4361615468e-05 1.3703769678e+01
2.0597304651e-04 1.5994394945e-04 1.3414255933e+01
1.3766985713e-05 1.2488684948e-04 4.2325283756e+01
-1.0968049236e-04 1.1850661317e-04 3.2970835932e+01
2.1462606326e-04 1.5817782938e-04 1.3330131329e+01
-1.5161948123e-04 1.0869278101e-04 3.3997521447e+01
-1.3874064259e-04 1.1351758611e-04 3.3610724054e+01
2.1985045859e-04 1.5369955022e-04 1.3466626346e+01
-2.2079554116e-04 9.0285982619e-05 3.6055571119e+01
2.3857789322e-04 1.4784178841e-04 1.3297527312e+01
3.5131958959e-04 7.4338734167e-05 1.2264056221e+01
3.8059236863e-05 1.3341980777e-04 6.3395427208e+01
-1.7740436483e-04 1.0266698399e-04 3.4739884828e+01
-2.1769989475e-04 9.3333979919e-05 3.5893101353e+01
1.2662878378e-04 1.6155086627e-04 1.7210181928e+01
-3.1517390916e-04 5.1500001857e-05 1.5862052001e+01
-1.1233086087e-04 1.1813111270e-04 3.3024665883e+01
-2.8073445428e-04 6.6208314813e-05 3.7728947419e+01
6.8240075089e-05 1.4281195056e-04 2.0614705447e+01
-2.6880002250e-04 7.1241640415e-05 3.7873682141e+01
3.1451734948e-04 1.0918112302e-04 1.2562211718e+01
2.9697042926e-04 1.2093787568e-04 1.2722329728e+01
2.9345981570e-04 1.2345101264e-04 1.2737210708e+01
1.7336625937e-04 1.6106994267e-04 1.3992769127e+01
3.5998284191e-04 6.4172574219e-05 1.2125305594e+01
3.8752631186e-04 1.3902785834e-05 9.0346720491e+00
-8.9782097753e-05 1.1938408753e-04 3.2578914309e+01
-4.6862064987e-05 1.2574541072e-04 3.1986367445e+01
-1.9397546277e-04 9.8226888266e-05 3.5250780006e+01
-3.6534027836e-04 2.8007046920e-05 1.0595998840e+01
1.9668358905e-04 1.6178112490e-04 1.3484011876e+01
7.4606348138e-06 1.3009162789e-04 4.7400020795e+01
-7.2281048220e-05 1.2115197890e-04 3.2281706621e+01
-2.5094821687e-04 7.9022957731e-05 3.7551747318e+01
4.6890666146e-06 1.2507641484e-04 4.1225651391e+01
2.4571944728e-04 1.4588293444e-04 1.3200510528e+01
2.6834662843e-04 1.3621855396e-04 1.2995982485e+01
2.5803015842e-04 1.4457989424e-04 1.2909601502e+01
7.8926178582e-05 1.4870676838e-04 2.0290355399e+01
3.7269363929e-04 4.5113280739e-05 1.1783568559e+01
2.7865131617e-04 1.3154141958e-04 1.2880472666e+01
4.1778542538e-05 1.3184782140e-04 5.9414460541e+01
1.6628974979e-04 1.6164123737e-04 1.4072646783e+01
-3.1812269754e-04 5.1102888546e-05 1.8144809572e+01
9.2350626605e-05 1.5296141614e-04 1.9218886111e+01
1.2230263398e-04 1.5833809629e-04 1.7128825017e+01
3.1177417169e-04 1.1562081264e-04 1.2389165791e+01
-2.1250465227e-04 9.5260692827e-05 3.5724800226e+01
1.5833940856e-04 1.6218127855e-04 1.4225126992e+01
-2.3688264328e-04 8.4523990196e-05 3.6526192147e+01
3.7835286654e-04 3.3656586958e-05 1.1422161547e+01
5.2250437747e-05 1.3400841671e-04 6.0405841687e+01
-5.2790900813e-05 1.2327402311e-04 3.2040088673e+01
-1.3986166015e-04 1.1153504746e-04 3.3676455404e+01
2.2858701662e-04 1.5123956182e-04 1.3382485801e+01
-3.7819414677e-04 1.4266831292e-05 9.5000990242e+00
-1.6105496738e-04 1.0708821522e-04 3.4241939114e+01
1.0218588416e-04 1.5465974227e-04 1.8775150939e+01
-9.2440018970e-05 1.1924690356e-04 3.2629244579e+01
-3.5531496675e-04 3.2458378696e-05 1.1711550875e+01
1.3909024457e-04 1.6049542597e-04 1.7529457504e+01
-3.4049510370e-04 4.2334855641e-05 1.3114252512e+01
3.6288103705e-04 6.0753898877e-05 1.2056593074e+01
-2.5834853106e-04 7.8633325453e-05 3.8083885600e+01
7.0632103685e-05 1.4492895147e-04 2.1454585181e+01
2.9018211619e-04 1.2590290593e-04 1.2743393935e+01
-5.5316483075e-05 1.2309274211e-04 3.2062968686e+01
3.9521230988e-04 3.6764887476e-06 5.1590172069e+00
-3.9239369985e-04 3.9827912852e-06 3.8424957771e+00
3.0523637755e-05 1.3047471372e-04 5.4044078374e+01
3.8388659975e-04 2.2679857458e-05 1.0627848972e+01
-1.6880087455e-04 1.0538337189e-04 3.4459349117e+01
1.4959640678e-04 1.6222560573e-04 1.6980648085e+01
2.5214292592e-04 1.4687116705e-04 1.2968419519e+01
1.8568575827e-04 1.6091000596e-04 1.3767507227e+01
-2.4898005401e-04 8.0288461770e-05 3.7485852971e+01
3.0866660054e-04 1.1834049516e-04 1.2391349211e+01
-2.0552097849e-04 9.5541800872e-05 3.5581672525e+01
6.4346910267e-06 1.2819368544e-04 4.4602524502e+01
-5.8065122056e-05 1.2302739713e-04 3.2091476764e+01
2.1828521556e-06 1.2756183314e-04 4.2581393367e+01
-1.5469280835e-04 1.1077641480e-04 3.3999980142e+01
1.7661322464e-04 1.6191422886e-04 1.3859827738e+01
-9.4967137840e-05 1.1909759219e-04 3.2678334105e+01
2.1616070297e-04 1.5551399380e-04 1.3453191322e+01
-1.0437698314e-04 1.1985864342e-04 3.2874950112e+01
1.9390942527e-04 1.5962934266e-04 1.3692850418e+01
8.1521480336e-05 1.5012239959e-04 1.9863936877e+01
1.3234212920e-04 1.5978142830e-04 1.7536188584e+01
3.7528029227e-04 4.1396734656e-05 1.1649962132e+01
6.3766453246e-05 1.4011708550e-04 1.7607026465e+01
9.5488512666e-05 1.5420414670e-04 1.8981904448e+01
2.3474366898e-04 1.4957804756e-04 1.3310317884e+01
2.4201762434e-04 1.4784855751e-04 1.3204268270e+01
-2.3079042618e-04 8.7007485891e-05 3.6313537342e+01
-3.7025628748e-04 2.1191934888e-05 1.0586118209e+01
2.7513962684e-04 1.3371422025e-04 1.2895657755e+01
2.6576226071e-04 1.4207172053e-04 1.2796739181e+01
3.6561651352e-04 5.7507960914e-05 1.1981759320e+01
1.2236899047e-05 1.3083346626e-04 4.8831652774e+01
3.2620193968e-05 1.3099730265e-04 5.5819288149e+01
2.0830107563e-04 1.5698198104e-04 1.3548080461e+01
-1.2613732312e-04 1.1435831303e-04 3.3337259811e+01
-6.0451839534e-05 1.2275784892e-04 3.2121427212e+01
