x_m,y_m,sigma_comp_mag_Pa
4.0000000000e-04,0.0000000000e+00,-1.0572020892e+00
-4.0000000000e-04,3.0616169979e-20,-1.6159913740e+00
3.9659445513e-04,5.9190076944e-06,1.0045291848e+01
3.9434012774e-04,1.1250587032e-05,9.7664604544e+00
3.9228666175e-04,1.6342874418e-05,1.0179849206e+01
3.9026192201e-04,2.1259099599e-05,1.0503077417e+01
3.8821128991e-04,2.6033473628e-05,1.0738714216e+01
3.8610859455e-04,3.0684089777e-05,1.0927969428e+01
3.8394031232e-04,3.5223085311e-05,1.1097781357e+01
3.8170035677e-04,3.9656013972e-05,1.1245474812e+01
3.7938490538e-04,4.3988967972e-05,1.1366964629e+01
3.7699280766e-04,4.8225450049e-05,1.1474217316e+01
3.7452395435e-04,5.2368464471e-05,1.1566438893e+01
3.7197908232e-04,5.6420351918e-05,1.1646576701e+01
3.6935934740e-04,6.0383046095e-05,1.1715613601e+01
3.6666609163e-04,6.4258288433e-05,1.1775326411e+01
3.6390082879e-04,6.8047623729e-05,1.1827530455e+01
3.6106522023e-04,7.1752502755e-05,1.1873783758e+01
3.5816100799e-04,7.5374117399e-05,1.1916016143e+01
3.5518992344e-04,7.8913640915e-05,1.1953824203e+01
3.5215374506e-04,8.2372212053e-05,1.1988361566e+01
3.4905425750e-04,8.5750812935e-05,1.2021771232e+01
3.4589325447e-04,8.9050361204e-05,1.2053340067e+01
3.4267244806e-04,9.2271803855e-05,1.2083458807e+01
3.3939371025e-04,9.5415867719e-05,1.2114043464e+01
3.3605870103e-04,9.8483460666e-05,1.2143042016e+01
3.3266907126e-04,1.0147530317e-04,1.2172333502e+01
3.2922653914e-04,1.0439205024e-04,1.2202496358e+01
3.2573272119e-04,1.0723443163e-04,1.2232115760e+01
3.2218916976e-04,1.1000304466e-04,1.2262994312e+01
3.1859741871e-04,1.1269850091e-04,1.2294469034e+01
3.1495899242e-04,1.1532136917e-04,1.2326199012e+01
3.1127530007e-04,1.1787216633e-04,1.2358660209e+01
3.0754773505e-04,1.2035135804e-04,1.2392038124e+01
3.0377759961e-04,1.2275936663e-04,1.2427296726e+01
2.9996616952e-04,1.2509656945e-04,1.2461953376e+01
2.9611465989e-04,1.2736329644e-04,1.2497807090e+01
2.9222422179e-04,1.2955981045e-04,1.2533892128e+01
2.8829589862e-04,1.3168626630e-04,1.2570381952e+01
2.8433071084e-04,1.3374273391e-04,1.2608439882e+01
2.8032959649e-04,1.3572922918e-04,1.2646720430e+01
2.7629344073e-04,1.3764562433e-04,1.2683983131e+01
2.7222293269e-04,1.3949163666e-04,1.2723030417e+01
2.6811882859e-04,1.4126680249e-04,1.2760884393e+01
2.6398170612e-04,1.4297049861e-04,1.2797522284e+01
2.5981190254e-04,1.4460181043e-04,1.2836912881e+01
2.5560963710e-04,1.4615947730e-04,1.2875373758e+01
2.5137531919e-04,1.4764175847e-04,1.2908810253e+01
2.4710842540e-04,1.4904649212e-04,1.2946011348e+01
2.4280860592e-04,1.5037055376e-04,1.2975176760e+01
2.3847465727e-04,1.5160953986e-04,1.3010365486e+01
2.3410409209e-04,1.5275688760e-04,1.3029352281e+01
2.2969153975e-04,1.5380098381e-04,1.2901731590e+01
2.2522416544e-04,1.5470877863e-04,1.4612348725e+01
2.2077330384e-04,1.5541420672e-04,1.7827136674e+01
2.1644276212e-04,1.5594524328e-04,1.7390058719e+01
2.1224806119e-04,1.5636518418e-04,1.7819799790e+01
2.0817899592e-04,1.5672156182e-04,1.7875319284e+01
2.0421203958e-04,1.5704442796e-04,1.7776918090e+01
2.0032631291e-04,1.5735121728e-04,1.7617921100e+01
1.9650703564e-04,1.5765136750e-04,1.7279023301e+01
1.9273337616e-04,1.5795284574e-04,1.7289624692e+01
1.8899602263e-04,1.5825496709e-04,1.7858799977e+01
1.8528712163e-04,1.5855826080e-04,1.8237393212e+01
1.8159890705e-04,1.5886369198e-04,1.8363461999e+01
1.7792365271e-04,1.5917090256e-04,1.8405337096e+01
1.7425570853e-04,1.5948128397e-04,1.8414306176e+01
1.7058600692e-04,1.5979208719e-04,1.8369611749e+01
1.6691051968e-04,1.6009810847e-04,1.8313027657e+01
1.6322696120e-04,1.6039441794e-04,1.8264853152e+01
1.5953522527e-04,1.6067672407e-04,1.8232935633e+01
1.5583612288e-04,1.6094194624e-04,1.8222132660e+01
1.5213041697e-04,1.6118963308e-04,1.8193509564e+01
1.4841541168e-04,1.6141660602e-04,1.8191938623e+01
1.4469396868e-04,1.6162115040e-04,1.8187165431e+01
1.4096590412e-04,1.6180196094e-04,1.8191894579e+01
1.3723231319e-04,1.6195821056e-04,1.8198743497e+01
1.3349254492e-04,1.6208928881e-04,1.8193074129e+01
1.2974564493e-04,1.6219381114e-04,1.8180479212e+01
1.2599075900e-04,1.6226972030e-04,1.8170413770e+01
1.2222769545e-04,1.6231470032e-04,1.8163092761e+01
1.1845694945e-04,1.6232675317e-04,1.8159394777e+01
1.1467889065e-04,1.6230415697e-04,1.8161205436e+01
1.1089384765e-04,1.6224507625e-04,1.8163698820e+01
1.0710217924e-04,1.6214760731e-04,1.8170187061e+01
1.0330429560e-04,1.6200968815e-04,1.8178966846e+01
9.9500606962e-05,1.6182915493e-04,1.8190658601e+01
9.5691511119e-05,1.6160362065e-04,1.8205778742e+01
9.1877552172e-05,1.6133038297e-04,1.8225190905e+01
8.8059565605e-05,1.6100639267e-04,1.8253635449e+01
8.4239033750e-05,1.6062790019e-04,1.8295452897e+01
8.0419151617e-05,1.6019230883e-04,1.8344449132e+01
7.6601174731e-05,1.5969721240e-04,1.8394517013e+01
7.2786058925e-05,1.5913889930e-04,1.8445540004e+01
6.8975366645e-05,1.5851245565e-04,1.8498297468e+01
6.5171352197e-05,1.5781204938e-04,1.8553802259e+01
6.1377045472e-05,1.5703067660e-04,1.8616170242e+01
5.7596510558e-05,1.5615967754e-04,1.8684378780e+01
5.3835251036e-05,1.5518803900e-04,1.8773201901e+01
5.0102568912e-05,1.5410215462e-04,1.8890047123e+01
4.6410257323e-05,1.5288693828e-04,1.9011128573e+01
4.2773198850e-05,1.5152005175e-04,1.9213975966e+01
3.9217234388e-05,1.4996695486e-04,1.9507823550e+01
3.5794990844e-05,1.4817702814e-04,1.9627896510e+01
3.2605033610e-05,1.4603192488e-04,2.5453638178e+01
3.0202685157e-05,1.4337205084e-04,-1.1585298794e+01
2.9083395814e-05,1.4144952670e-04,8.4613605124e+01
2.7587221818e-05,1.4030744460e-04,1.2702430311e+02
2.5790320079e-05,1.3943754826e-04,1.0552032675e+02
2.3858462502e-05,1.3867916670e-04,9.5655685751e+01
2.1848342457e-05,1.3799985837e-04,8.9843833219e+01
1.9783130439e-05,1.3738463346e-04,8.5017169370e+01
1.7674810932e-05,1.3682239181e-04,8.0997394241e+01
1.5530782173e-05,1.3630435849e-04,7.7428315582e+01
1.3356200740e-05,1.3582373402e-04,7.4186448064e+01
1.1154710900e-05,1.3537518437e-04,7.1182077637e+01
8.9287100481e-06,1.3495426150e-04,6.8380145781e+01
6.6804251542e-06,1.3455729240e-04,6.5690608220e+01
4.4113823709e-06,1.3418101801e-04,6.3143302233e+01
2.1224912948e-06,1.3382260635e-04,6.0620274517e+01
-1.8535202978e-07,1.3347950748e-04,5.8163598326e+01
-2.5117142474e-06,1.3314927843e-04,5.5711235579e+01
-4.8564044801e-06,1.3282957644e-04,5.3292307868e+01
-7.2197837544e-06,1.3251749167e-04,5.0888687813e+01
-9.6005080454e-06,1.3220983141e-04,4.9501204056e+01
-1.1989469550e-05,1.3190953201e-04,5.0453414937e+01
-1.4373062574e-05,1.3162815788e-04,5.1296908498e+01
-1.6757738766e-05,1.3136376460e-04,5.0163191413e+01
-1.9149441335e-05,1.3110834052e-04,4.8649491903e+01
-2.1550041933e-05,1.3085848483e-04,4.7134047019e+01
-2.3959855517e-05,1.3061258600e-04,4.5645688398e+01
-2.6378912069e-05,1.3036951891e-04,4.4190194276e+01
-2.8807111920e-05,1.3012839865e-04,4.2773669449e+01
-3.1244349468e-05,1.2988848396e-04,4.1392889618e+01
-3.3690482987e-05,1.2964907689e-04,4.0049873300e+01
-3.6145261944e-05,1.2940953893e-04,3.8769246430e+01
-3.8608374151e-05,1.2916929317e-04,3.7542440643e+01
-4.1079583524e-05,1.2892779309e-04,3.6404668811e+01
-4.3558773132e-05,1.2868450343e-04,3.5335484083e+01
-4.6045762468e-05,1.2843894322e-04,3.4289128043e+01
-4.8540376699e-05,1.2819066677e-04,3.3618926177e+01
-5.1042405769e-05,1.2793925981e-04,3.3293852010e+01
-5.3551650018e-05,1.2768433107e-04,3.3134535746e+01
-5.6067892889e-05,1.2742551522e-04,3.3040018169e+01
-5.8590927960e-05,1.2716246995e-04,3.2989990409e+01
-6.1120557806e-05,1.2689487392e-04,3.2954547350e+01
-6.3656576988e-05,1.2662239656e-04,3.2921589064e+01
-6.6198742534e-05,1.2634475066e-04,3.2912714381e+01
-6.8746908959e-05,1.2606165032e-04,3.2917017219e+01
-7.1300837152e-05,1.2577283420e-04,3.2915052724e+01
-7.3860329447e-05,1.2547805035e-04,3.2919548205e+01
-7.6425187447e-05,1.2517705474e-04,3.2927770807e+01
-7.8995210980e-05,1.2486961139e-04,3.2941049074e+01
-8.1570228962e-05,1.2455549406e-04,3.2947770736e+01
-8.4149975805e-05,1.2423450402e-04,3.2961704442e+01
-8.6734325143e-05,1.2390642476e-04,3.2983355925e+01
-8.9323059374e-05,1.2357106985e-04,3.3003516007e+01
-9.1915989182e-05,1.2322824873e-04,3.3025317302e+01
-9.4512926859e-05,1.2287777434e-04,3.3048186291e+01
-9.7113682288e-05,1.2251947508e-04,3.3072959160e+01
-9.9718059275e-05,1.2215319560e-04,3.3102880671e+01
-1.0232591000e-04,1.2177876488e-04,3.3131086316e+01
-1.0493699650e-04,1.2139603334e-04,3.3163080537e+01
-1.0755119978e-04,1.2100484161e-04,3.3194184055e+01
-1.1016827836e-04,1.2060505257e-04,3.3227177345e+01
-1.1278809827e-04,1.2019652271e-04,3.3262986781e+01
-1.1541047095e-04,1.1977911985e-04,3.3298671472e+01
-1.1803521193e-04,1.1935270993e-04,3.3336673317e+01
-1.2066215787e-04,1.1891715897e-04,3.3376691280e+01
-1.2329112807e-04,1.1847234512e-04,3.3417946209e+01
-1.2592196074e-04,1.1801814912e-04,3.3460558652e+01
-1.2855448427e-04,1.1755445623e-04,3.3504383905e+01
-1.3118852754e-04,1.1708115166e-04,3.3549074528e+01
-1.3382390852e-04,1.1659811570e-04,3.3596576164e+01
-1.3646050367e-04,1.1610523122e-04,3.3643773148e+01
-1.3909809880e-04,1.1560240961e-04,3.3692075247e+01
-1.4173656717e-04,1.1508953829e-04,3.3742176646e+01
-1.4437572103e-04,1.1456651491e-04,3.3794194446e+01
-1.4701541480e-04,1.1403323015e-04,3.3846852590e+01
-1.4965548692e-04,1.1348959022e-04,3.3899777161e+01
-1.5229574613e-04,1.1293550169e-04,3.3955878015e+01
-1.5493608766e-04,1.1237086227e-04,3.4013456239e+01
-1.5757633184e-04,1.1179558566e-04,3.4070056477e+01
-1.6021629061e-04,1.1120957208e-04,3.4128555902e+01
-1.6285584522e-04,1.1061272055e-04,3.4188946248e+01
-1.6549482235e-04,1.1000495933e-04,3.4249908893e+01
-1.6813306867e-04,1.0938619625e-04,3.4312233616e+01
-1.7077043324e-04,1.0875633244e-04,3.4375813437e+01
-1.7340675762e-04,1.0811528343e-04,3.4439660854e+01
-1.7604189231e-04,1.0746295810e-04,3.4505368599e+01
-1.7867565691e-04,1.0679928748e-04,3.4572952423e+01
-1.8130794899e-04,1.0612418176e-04,3.4640285453e+01
-1.8393858217e-04,1.0543755468e-04,3.4708558392e+01
-1.8656740320e-04,1.0473931110e-04,3.4778932308e+01
-1.8919427868e-04,1.0402937245e-04,3.4850451818e+01
-1.9181905491e-04,1.0330768440e-04,3.4921529664e+01
-1.9444159325e-04,1.0257415388e-04,3.4992573986e+01
-1.9706173114e-04,1.0182869121e-04,3.5065676031e+01
-1.9967927928e-04,1.0107124045e-04,3.5139090492e+01
-2.0229414384e-04,1.0030171938e-04,3.5212487288e+01
-2.0490613240e-04,9.9520078553e-05,3.5286190936e+01
-2.0751508809e-04,9.8726236524e-05,3.5360237139e+01
-2.1012086973e-04,9.7920123655e-05,3.5434762407e+01
-2.1272327984e-04,9.7101687445e-05,3.5508380803e+01
-2.1532223304e-04,9.6270868011e-05,3.5582069932e+01
-2.1791748289e-04,9.5427633663e-05,3.5654273093e+01
-2.2050891871e-04,9.4571910456e-05,3.5726190236e+01
-2.2309634882e-04,9.3703663999e-05,3.5796632094e+01
-2.2567958121e-04,9.2822867806e-05,3.5865792607e+01
-2.2825844442e-04,9.1929510646e-05,3.5932309742e+01
-2.3083273183e-04,9.1023563263e-05,3.5996387194e+01
-2.3340221991e-04,9.0105021898e-05,3.6056212409e+01
-2.3596667732e-04,8.9173908179e-05,3.6111208920e+01
-2.3852570299e-04,8.8230288364e-05,3.6159648858e+01
-2.4107890471e-04,8.7274163015e-05,3.6207120722e+01
-2.4362540516e-04,8.6305582859e-05,3.6293458210e+01
-2.4616470372e-04,8.5324483902e-05,3.6439467281e+01
-2.4869668420e-04,8.4330887545e-05,3.6630195526e+01
-2.5122201307e-04,8.3324442351e-05,3.6852107755e+01
-2.5374139326e-04,8.2305000458e-05,3.7078410752e+01
-2.5625543696e-04,8.1272575112e-05,3.7295014559e+01
-2.5876474683e-04,8.0227133628e-05,3.7480304717e+01
-2.6126996351e-04,7.9168552035e-05,3.7635883922e+01
-2.6377146730e-04,7.8096874144e-05,3.7740059123e+01
-2.6626922688e-04,7.7012342270e-05,3.7824167994e+01
-2.6876313632e-04,7.5915297390e-05,3.7889290134e+01
-2.7125302212e-04,7.4806189111e-05,3.7943218280e+01
-2.7373877666e-04,7.3685521536e-05,3.7991021618e+01
-2.7622042023e-04,7.2553850954e-05,3.8041000211e+01
-2.7869800723e-04,7.1411813716e-05,3.8079697894e+01
-2.8117197826e-04,7.0260049579e-05,3.8114262484e+01
-2.8364255152e-04,6.9099515782e-05,3.8136257356e+01
-2.8611032514e-04,6.7931215119e-05,3.8151437662e+01
-2.8857596563e-04,6.6756345252e-05,3.8154536527e+01
-2.9104036089e-04,6.5576396920e-05,3.8138463337e+01
-2.9350463266e-04,6.4393188351e-05,3.8102934559e+01
-2.9597025129e-04,6.3208913967e-05,3.8034926093e+01
-2.9843893951e-04,6.2026261259e-05,3.7935438904e+01
-3.0091289601e-04,6.0848748001e-05,3.7797819012e+01
-3.0339542184e-04,5.9680643792e-05,3.7559574015e+01
-3.0588970458e-04,5.8527659814e-05,3.7286736987e+01
-3.0840100243e-04,5.7397464254e-05,3.6899493652e+01
-3.1093587058e-04,5.6300830652e-05,3.6209111636e+01
-3.1350400518e-04,5.5253832018e-05,3.5647353711e+01
-3.1612266551e-04,5.4283063716e-05,3.4589987499e+01
-3.1880996605e-04,5.3475482930e-05,2.7677438945e+01
-3.2190886891e-04,5.2705680810e-05,2.2465279984e+01
-3.2538787455e-04,5.1834097980e-05,2.0224378353e+01
-3.2950254014e-04,5.0781026958e-05,1.8573505020e+01
-3.3476339771e-04,4.8960418183e-05,1.4122172871e+01
-3.4033300810e-04,4.6286918711e-05,1.0834408584e+01
-3.4584310927e-04,4.3172238531e-05,1.1445197561e+01
-3.5134212727e-04,3.9725126803e-05,1.1036336534e+01
-3.5685663389e-04,3.5976105460e-05,1.0703213630e+01
-3.6241234807e-04,3.1928973092e-05,1.0291695304e+01
-3.6802752962e-04,2.7573306459e-05,9.8795435480e+00
-3.7373031440e-04,2.2881699317e-05,9.4092120151e+00
-3.7955885621e-04,1.7813573175e-05,8.8690154479e+00
-3.8557554912e-04,1.2325036688e-05,8.5496792233e+00
-3.9200023507e-04,6.3853368580e-06,8.1223502075e+00
-3.9600000000e-04,3.0463089129e-20,-6.4241672337e-01
-3.9200000000e-04,3.0310008279e-20,-8.2474094177e-01
-3.8800000000e-04,3.0156927429e-20,-1.2784949034e+00
-3.8400000000e-04,3.0003846579e-20,3.5228009284e+00
-3.8000000000e-04,2.9850765729e-20,1.0038480272e+01
-3.7600000000e-04,2.9697684879e-20,1.6838181038e+01
-3.7200000000e-04,2.9544604029e-20,1.9679799094e+01
-3.6800000000e-04,2.9391523180e-20,2.1075113085e+01
-3.6400000000e-04,2.9238442330e-20,2.2666713766e+01
-3.6000000000e-04,2.9085361480e-20,2.3490926888e+01
-3.5600000000e-04,2.8932280630e-20,2.3226728737e+01
-3.5200000000e-04,2.8779199780e-20,2.2461039339e+01
-3.4800000000e-04,2.8626118930e-20,2.1647454930e+01
-3.4400000000e-04,2.8473038080e-20,2.0788361098e+01
-3.4000000000e-04,2.8319957230e-20,1.9901565471e+01
-3.3600000000e-04,2.8166876380e-20,1.9233538594e+01
-3.2400000000e-04,2.7707633831e-20,1.7427816819e+01
-3.2000000000e-04,2.7554552981e-20,1.7702606759e+01
-2.9200000000e-04,2.6482987032e-20,1.6947864434e+01
-2.7600000000e-04,2.5870663632e-20,2.5968833000e+01
-2.7200000000e-04,2.5717582782e-20,2.8447671754e+01
-2.6800000000e-04,2.5564501932e-20,3.0715725030e+01
-2.5600000000e-04,2.5105259383e-20,3.6331414292e+01
-2.5200000000e-04,2.4952178533e-20,3.7856038680e+01
-2.4800000000e-04,2.4799097683e-20,3.9234036867e+01
-2.4400000000e-04,2.4646016833e-20,4.0481078993e+01
-2.3200000000e-04,2.4186774283e-20,4.3572135337e+01
-2.2800000000e-04,2.4033693433e-20,4.4424289996e+01
-2.2400000000e-04,2.3880612583e-20,4.5203418773e+01
-2.2000000000e-04,2.3727531733e-20,4.5917432058e+01
-2.0800000000e-04,2.3268289184e-20,4.7734700019e+01
-2.0400000000e-04,2.3115208334e-20,4.8250205573e+01
-2.0000000000e-04,2.2962127484e-20,4.8727983616e+01
-1.9600000000e-04,2.2809046634e-20,4.9171638415e+01
-1.8000000000e-04,2.2196723235e-20,5.0662142682e+01
-1.7600000000e-04,2.2043642385e-20,5.0974944143e+01
-1.7200000000e-04,2.1890561535e-20,5.1267262437e+01
-1.5600000000e-04,2.1278238135e-20,5.2254471457e+01
-1.5200000000e-04,2.1125157285e-20,5.2459565221e+01
-1.4800000000e-04,2.0972076435e-20,5.2649174409e+01
-1.3200000000e-04,2.0359753036e-20,5.3252763082e+01
-1.2800000000e-04,2.0206672186e-20,5.3364481546e+01
-1.2400000000e-04,2.0053591336e-20,5.3459667553e+01
-1.2000000000e-04,1.9900510486e-20,5.3538035338e+01
-1.0800000000e-04,1.9441267936e-20,5.3663542368e+01
-1.0400000000e-04,1.9288187087e-20,5.3666016021e+01
-1.0000000000e-04,1.9135106237e-20,5.3646852225e+01
-9.6000000000e-05,1.8982025387e-20,5.3605104040e+01
-8.4000000000e-05,1.8522782837e-20,5.3329797228e+01
-8.0000000000e-05,1.8369701987e-20,5.3183355961e+01
-7.6000000000e-05,1.8216621137e-20,5.3006793937e+01
-7.2000000000e-05,1.8063540287e-20,5.2798851012e+01
-5.6000000000e-05,1.7451216888e-20,5.1619534067e+01
-5.2000000000e-05,1.7298136038e-20,5.1230289460e+01
-4.8000000000e-05,1.7145055188e-20,5.0800818470e+01
-4.4000000000e-05,1.6991974338e-20,5.0329680989e+01
-3.2000000000e-05,1.6532731788e-20,4.8660434991e+01
-2.8000000000e-05,1.6379650939e-20,4.8017767799e+01
-2.4000000000e-05,1.6226570089e-20,4.7332171049e+01
-2.0000000000e-05,1.6073489239e-20,4.6604863645e+01
-8.0000000000e-06,1.5614246689e-20,4.4186816339e+01
-4.0000000000e-06,1.5461165839e-20,4.3309878012e+01
8.6736173799e-19,1.5308084989e-20,4.2402581714e+01
4.0000000000e-06,1.5155004139e-20,4.1468663909e+01
1.6000000000e-05,1.4695761590e-20,3.8551449430e+01
2.0000000000e-05,1.4542680740e-20,3.7556934741e+01
2.4000000000e-05,1.4389599890e-20,3.6560202072e+01
2.8000000000e-05,1.4236519040e-20,3.5566724826e+01
4.0000000000e-05,1.3777276490e-20,3.2660588080e+01
4.4000000000e-05,1.3624195641e-20,3.1734410246e+01
4.8000000000e-05,1.3471114791e-20,3.0837848603e+01
5.2000000000e-05,1.3318033941e-20,2.9975327088e+01
6.8000000000e-05,1.2705710541e-20,2.6947695187e+01
7.2000000000e-05,1.2552629691e-20,2.6312392007e+01
7.6000000000e-05,1.2399548841e-20,2.5730413541e+01
9.2000000000e-05,1.1787225442e-20,2.3946162535e+01
9.6000000000e-05,1.1634144592e-20,2.3631151922e+01
1.0000000000e-04,1.1481063742e-20,2.3363745747e+01
1.1600000000e-04,1.0868740342e-20,2.2695170015e+01
1.2000000000e-04,1.0715659493e-20,2.2605903551e+01
1.2400000000e-04,1.0562578643e-20,2.2539743291e+01
1.4000000000e-04,9.9502552431e-21,2.2365362358e+01
1.4400000000e-04,9.7971743932e-21,2.2337887642e+01
1.4800000000e-04,9.6440935433e-21,2.2313669673e+01
1.6400000000e-04,9.0317701437e-21,2.2121126199e+01
1.6800000000e-04,8.8786892938e-21,2.2106192158e+01
1.7200000000e-04,8.7256084439e-21,2.2132921653e+01
1.7600000000e-04,8.5725275940e-21,2.2144413557e+01
1.9200000000e-04,7.9602041945e-21,2.2128390857e+01
1.9600000000e-04,7.8071233446e-21,2.2078942657e+01
2.0000000000e-04,7.6540424947e-21,2.2085836130e+01
2.1600000000e-04,7.0417190951e-21,2.2124402148e+01
2.2000000000e-04,6.8886382452e-21,2.2200077237e+01
2.2400000000e-04,6.7355573953e-21,2.2193569208e+01
2.2800000000e-04,6.5824765454e-21,2.2247076831e+01
2.3200000000e-04,6.4293956955e-21,2.2333395418e+01
2.4000000000e-04,6.1232339957e-21,2.2469241084e+01
2.4400000000e-04,5.9701531458e-21,2.2538823202e+01
2.4800000000e-04,5.8170722959e-21,2.2684387601e+01
2.5200000000e-04,5.6639914461e-21,2.2752570420e+01
2.5600000000e-04,5.5109105962e-21,2.2872129146e+01
2.6000000000e-04,5.3578297463e-21,2.3039011059e+01
2.6400000000e-04,5.2047488964e-21,2.3139523555e+01
2.6800000000e-04,5.0516680465e-21,2.3292016751e+01
2.7200000000e-04,4.8985871966e-21,2.2968609324e+01
2.7600000000e-04,4.7455063467e-21,2.0929889407e+01
2.8000000000e-04,4.5924254968e-21,1.9198342426e+01
2.8400000000e-04,4.4393446469e-21,1.8093533148e+01
2.8800000000e-04,4.2862637970e-21,1.7359117314e+01
2.9200000000e-04,4.1331829471e-21,1.7457575966e+01
2.9600000000e-04,3.9801020972e-21,1.7737961922e+01
3.0000000000e-04,3.8270212473e-21,1.7916490384e+01
3.0400000000e-04,3.6739403974e-21,1.8079123157e+01
3.0800000000e-04,3.5208595475e-21,1.8163988202e+01
3.1200000000e-04,3.3677786977e-21,1.8198125155e+01
3.1600000000e-04,3.2146978478e-21,1.8151519936e+01
3.2000000000e-04,3.0616169979e-21,1.8079394143e+01
3.2400000000e-04,2.9085361480e-21,1.7956376156e+01
3.2800000000e-04,2.7554552981e-21,1.7725881962e+01
3.3200000000e-04,2.6023744482e-21,1.7369840104e+01
3.3600000000e-04,2.4492935983e-21,1.7246056036e+01
3.4000000000e-04,2.2962127484e-21,1.7265052269e+01
3.4400000000e-04,2.1431318985e-21,1.7811363465e+01
3.4800000000e-04,1.9900510486e-21,1.6249528759e+01
3.5200000000e-04,1.8369701987e-21,1.4215614767e+01
3.5600000000e-04,1.6838893488e-21,1.2390781987e+01
3.6000000000e-04,1.5308084989e-21,1.0863037095e+01
3.6400000000e-04,1.3777276490e-21,9.3763482664e+00
3.6800000000e-04,1.2246467991e-21,7.9008086147e+00
3.7200000000e-04,1.0715659493e-21,6.3887516073e+00
3.7600000000e-04,9.1848509936e-22,4.7960093956e+00
3.8000000000e-04,7.6540424947e-22,3.0824075768e+00
3.8400000000e-04,6.1232339957e-22,1.1102681375e+00
3.8800000000e-04,4.5924254968e-22,-6.5363585485e-01
3.9200000000e-04,3.0616169979e-22,-1.0386936580e+00
3.9600000000e-04,1.5308084989e-22,-1.3716333974e+00
-2.4906949012e-05,1.2828566441e-04,4.2225097392e+01
-3.3241181665e-06,1.3070145902e-04,5.1384001785e+01
-4.6834364229e-05,1.2628837217e-04,3.2356384484e+01
-1.4169359846e-05,1.4703627095e-06,4.5230698243e+01
5.3452907857e-05,1.5104652776e-06,2.9393022730e+01
-5.4000963738e-05,1.4560308521e-06,5.1203747227e+01
1.7672899668e-05,1.4885887402e-06,3.7866568140e+01
1.7412382496e-05,1.3439608467e-04,6.9738173002e+01
-7.0149395183e-05,1.2380760715e-04,3.2604736441e+01
3.5968007546e-05,1.4500574290e-04,2.1866401744e+01
-9.3021764786e-05,1.2110261525e-04,3.2874037424e+01
-8.5870561460e-05,1.4516578939e-06,5.3160320901e+01
8.5222799630e-05,1.5246112645e-06,2.4381278129e+01
6.7861473025e-05,1.5557922341e-04,1.8948180900e+01
-1.1649376418e-04,1.1748447404e-04,3.3229499493e+01
1.1699722277e-04,1.5304154421e-06,2.2591460005e+01
-1.1773374208e-04,1.4517769992e-06,5.3342961772e+01
9.8054558067e-05,1.5875358540e-04,1.8502229703e+01
-1.3728838642e-04,1.1381765072e-04,3.3625493490e+01
1.4484139149e-04,1.5226799230e-06,2.2211585279e+01
-1.4560488737e-04,1.4544616754e-06,5.2525722413e+01
1.2807459469e-04,1.5916255264e-04,1.8419919928e+01
-1.5840825910e-04,1.0937792611e-04,3.4097866097e+01
1.7279296062e-04,1.5709733269e-06,2.2006338885e+01
-1.7349773272e-04,1.4477319147e-06,5.0943281153e+01
-1.7978672182e-04,1.0450659715e-04,3.4635711425e+01
1.5775711563e-04,1.5797215407e-04,1.8316964122e+01
2.0072509038e-04,1.7662606852e-06,2.1687013128e+01
-2.0130973912e-04,1.4668281064e-06,4.8380922904e+01
-2.0068642361e-04,9.8723669896e-05,3.5213267838e+01
1.8718852571e-04,1.5555708729e-04,1.7165503848e+01
-2.2913232844e-04,1.4792579257e-06,4.4041281345e+01
2.2864086668e-04,2.0809473897e-06,2.1733090986e+01
2.1846937998e-04,1.5287130278e-04,1.7254204210e+01
-2.2143070645e-04,9.2334345999e-05,3.5785237331e+01
2.5661020233e-04,2.5243749724e-06,2.2189709897e+01
-2.5694546850e-04,1.4904444022e-06,3.5883735042e+01
2.4846101438e-04,1.4516934875e-04,1.3159997621e+01
-2.3932388948e-04,8.5742851121e-05,3.6222652608e+01
2.7741744328e-04,1.3372322153e-04,1.2845289221e+01
-2.5700985838e-04,7.8626675904e-05,3.7170217517e+01
2.8047203939e-04,3.0655975694e-06,1.9203929667e+01
-2.8068655596e-04,1.5443076829e-06,2.2892013874e+01
3.0446944539e-04,1.1807521216e-04,1.2608211120e+01
-2.7445904402e-04,7.0819287572e-05,3.7443535759e+01
-3.0403988308e-04,1.6749678299e-06,1.7351393622e+01
3.0433891511e-04,3.1514613235e-06,1.7721443475e+01
3.2529364130e-04,1.0324082424e-04,1.2409272992e+01
-2.8912684375e-04,6.4109869209e-05,3.7053608603e+01
-3.4082975127e-05,1.4618536687e-06,4.8747580242e+01
3.2440678594e-04,3.3756522171e-06,1.7175318788e+01
-3.2346922387e-04,1.8729913127e-06,1.7214626503e+01
-3.0418814558e-04,5.6842931167e-05,3.4332008964e+01
3.4502644581e-04,8.4743181601e-05,1.2238064938e+01
-3.4277280876e-04,2.3637861197e-06,2.0470424442e+01
3.4488603262e-04,3.5757535164e-06,1.6109225122e+01
3.6016646966e-04,6.7764155215e-05,1.2025563671e+01
-3.1760937424e-04,5.1770195496e-05,2.1063337620e+01
1.0110520036e-04,1.5285554079e-06,2.3145723720e+01
-1.0180331698e-04,1.4512629383e-06,5.3427946390e+01
6.9340635712e-05,1.5184893807e-06,2.6471166334e+01
-6.9936134958e-05,1.4531672955e-06,5.2452196450e+01
3.3581130508e-05,1.4986208398e-06,3.3916260800e+01
1.7555626369e-06,1.4789336558e-06,4.1740714811e+01
-3.4690867038e-05,1.2733921106e-04,3.7021443183e+01
-1.5241455520e-05,1.2928419060e-04,4.6777792754e+01
6.1372489088e-06,1.3222202295e-04,5.9427032083e+01
-5.6913084146e-05,1.2525089646e-04,3.2497908174e+01
-8.0060939514e-05,1.2301684500e-04,3.2741728904e+01
4.9061527865e-05,1.5075346333e-04,1.9819551006e+01
-1.0352195003e-04,1.1952142259e-04,3.3017603380e+01
-1.2693679844e-04,1.1592078942e-04,3.3424086739e+01
8.3038349411e-05,1.5707155137e-04,1.8703953246e+01
1.1270780132e-04,1.5945162895e-04,1.8414189780e+01
-1.4796171412e-04,1.1179784596e-04,3.3855944711e+01
1.4263067933e-04,1.5901670660e-04,1.8362013770e+01
-1.6911082879e-04,1.0716235573e-04,3.4358359874e+01
-1.8999654193e-04,1.0163019271e-04,3.4917723479e+01
1.7199967140e-04,1.5654526680e-04,1.8176158007e+01
-2.1117758852e-04,9.5265462681e-05,3.5515351976e+01
2.0229945746e-04,1.5391009957e-04,1.7465167286e+01
-3.5821938512e-04,3.1411367314e-06,2.1192484929e+01
3.6079986281e-04,3.9524938074e-06,1.1153655653e+01
3.7069742104e-04,5.2557884850e-05,1.1787558667e+01
-3.3212508700e-04,4.7251502889e-05,1.7702902247e+01
-3.5344952487e-04,3.5520617848e-05,1.1398563076e+01
3.8002766807e-04,3.6067886528e-05,1.1345213020e+01
-2.9243330016e-04,1.5895505546e-06,1.7197086644e+01
2.6865222137e-04,2.7591418684e-06,2.2176986935e+01
2.9234840968e-04,3.1817455937e-06,1.7445767680e+01
2.4462425460e-04,2.3226656812e-06,2.1989759836e+01
-2.4501803444e-04,1.4848618730e-06,4.0067517619e+01
-2.6878802595e-04,1.5185190300e-06,3.0281771162e+01
2.1670032741e-04,1.9435283041e-06,2.1663797623e+01
-2.1721189369e-04,1.4730940962e-06,4.6208176374e+01
-1.8937831641e-04,1.4631512591e-06,4.9632448791e+01
1.8878094987e-04,1.6758615475e-06,2.1817554762e+01
-1.6152639561e-04,1.4569341717e-06,5.1719886719e+01
1.6083771488e-04,1.5366655151e-06,2.2122413033e+01
1.3291048285e-04,1.5306316125e-06,2.2421154289e+01
-1.3366133053e-04,1.4530533057e-06,5.2970433682e+01
-3.7012842296e-04,3.6357844942e-06,1.6674043476e+01
3.7257637701e-04,4.1450957988e-06,7.4801420959e+00
-2.2906330009e-04,8.9484000575e-05,3.5983257840e+01
2.3156784253e-04,1.4966158758e-04,1.3463535641e+01
-2.4695679693e-04,8.2831765256e-05,3.6583289971e+01
2.6141135572e-04,1.4051976214e-04,1.3019110645e+01
2.8890323056e-04,1.2763424264e-04,1.2741435404e+01
-2.6454598557e-04,7.5527863192e-05,3.7418583123e+01
3.1478987258e-04,1.1180131829e-04,1.2481848851e+01
-2.8168376218e-04,6.8072015032e-05,3.7519403070e+01
-2.9664541827e-04,6.0429064790e-05,3.6200586655e+01
3.3517655990e-04,9.4313877209e-05,1.2335434362e+01
-3.6944893508e-04,2.3829035956e-05,1.0120599467e+01
3.8679178669e-04,2.1951862949e-05,1.0564550173e+01
-3.8202116167e-04,4.1039053431e-06,7.2645460965e+00
3.8439427243e-04,4.3130103334e-06,4.0307362724e+00
-3.5048701577e-04,2.7028073734e-06,2.1232144948e+01
3.5280934727e-04,3.8960068584e-06,1.3842081531e+01
-3.3504334086e-04,2.1171359860e-06,1.9351581803e+01
3.3666167176e-04,3.4120434461e-06,1.7053005129e+01
3.1648908915e-04,3.1103317796e-06,1.7588900933e+01
-3.1568185575e-04,1.7820242952e-06,1.7470913113e+01
-2.3707543344e-04,1.4843259386e-06,4.2240669568e+01
2.3664243111e-04,2.2024126029e-06,2.1855560370e+01
2.0872505325e-04,1.8549064705e-06,2.1658383502e+01
-2.0926187067e-04,1.4697140030e-06,4.7379252541e+01
-1.8142222923e-04,1.4610941309e-06,5.0332393057e+01
1.8079993445e-04,1.6219241056e-06,2.1919056745e+01
1.5284825757e-04,1.5290407107e-06,2.2335326681e+01
-1.5356613138e-04,1.4556109153e-06,5.2153718287e+01
-1.2569791943e-04,1.4523264144e-06,5.3189638569e+01
1.0904929636e-04,1.5297277969e-06,2.2799425058e+01
1.2495051355e-04,1.5306797184e-06,2.2474344094e+01
9.3163467414e-05,1.5268579426e-06,2.3663487758e+01
-1.0976885480e-04,1.4514170611e-06,5.3424850057e+01
-9.3837194208e-05,1.4513351213e-06,5.3343257114e+01
-7.7903506770e-05,1.4522586933e-06,5.2867468157e+01
7.7282131163e-05,1.5218139109e-06,2.5315943907e+01
-4.6033488545e-05,1.4580438207e-06,5.0347224883e+01
4.5479223670e-05,1.4984853164e-06,3.1118539080e+01
-6.1968570970e-05,1.4544145653e-06,5.1901740800e+01
2.5628213623e-05,1.4936076786e-06,3.5879338715e+01
9.7152933941e-06,1.4836655552e-06,3.9834156332e+01
6.1397704048e-05,1.5146850524e-06,2.7836994882e+01
-2.6116778034e-05,1.4649366393e-06,4.7466211769e+01
-6.2060736320e-06,1.4744768107e-06,4.3549580190e+01
-2.9783302194e-05,1.2781037785e-04,3.9593982216e+01
-2.0061143600e-05,1.2877242391e-04,4.4820206766e+01
-3.9628976633e-05,1.2686655406e-04,3.4535612019e+01
-1.0443513827e-05,1.2984869792e-04,4.7619859963e+01
-5.1861585781e-05,1.2582812208e-04,3.2454252302e+01
1.3340562361e-06,1.3160543292e-04,5.5532758311e+01
1.0523979798e-05,1.3279507423e-04,6.2805136810e+01
-6.2079761173e-05,1.2469044528e-04,3.2541335644e+01
2.1668149262e-05,1.3552326496e-04,7.3718247787e+01
-7.5257807593e-05,1.2325100325e-04,3.2658696090e+01
-8.5216596127e-05,1.2190880593e-04,3.2759101687e+01
3.0009333311e-05,1.3911274539e-04,6.0772373919e+01
4.3020282500e-05,1.4856208067e-04,2.0470830304e+01
-9.8324926099e-05,1.2012842027e-04,3.2932632641e+01
5.6835405194e-05,1.5290971486e-04,1.9369724991e+01
-1.0844490907e-04,1.1868932951e-04,3.3090192763e+01
-1.2163801953e-04,1.1660388243e-04,3.3319569745e+01
7.5065651146e-05,1.5652435900e-04,1.8809074275e+01
-1.3225365183e-04,1.1477195984e-04,3.3523392888e+01
9.0755910995e-05,1.5850696566e-04,1.8535033367e+01
-1.4278610329e-04,1.1276860391e-04,3.3742207812e+01
1.0551827942e-04,1.5943362673e-04,1.8427058155e+01
1.2051730808e-04,1.5950053004e-04,1.8397885982e+01
-1.5380687059e-04,1.1076646765e-04,3.3987138582e+01
-1.6386782472e-04,1.0828016507e-04,3.4229182187e+01
1.3547555086e-04,1.5952152983e-04,1.8373385711e+01
-1.7410605710e-04,1.0581745061e-04,3.4488399554e+01
1.5031454061e-04,1.5896372566e-04,1.8311916501e+01
-1.8490195221e-04,1.0305610659e-04,3.4776274124e+01
1.6495864187e-04,1.5728748812e-04,1.8291289606e+01
1.7989941632e-04,1.5614752364e-04,1.7875513090e+01
-1.9519261965e-04,1.0035893146e-04,3.5057461761e+01
1.9447390103e-04,1.5503378172e-04,1.7081154005e+01
-2.0584682350e-04,9.7263666335e-05,3.5356743183e+01
2.1040381070e-04,1.5376147819e-04,1.7459963841e+01
-2.1615294240e-04,9.3738045369e-05,3.5650886675e+01
-2.3391725981e-04,8.7818513523e-05,3.6093765795e+01
2.4020645717e-04,1.4788504973e-04,1.3244245441e+01
-2.5192617819e-04,8.0980353780e-05,3.6897259722e+01
2.6862048759e-04,1.3807578776e-04,1.2916174862e+01
2.9659721592e-04,1.2333357304e-04,1.2664756690e+01
-2.6948728675e-04,7.3349072438e-05,3.7488093837e+01
3.5150036768e-04,7.7954022915e-05,1.2157932161e+01
-3.0938990948e-04,5.4592914650e-05,3.1770475415e+01
-3.2375506476e-04,4.9978984258e-05,1.8013482198e+01
3.6569456036e-04,6.0387774788e-05,1.1915658848e+01
3.7587986322e-04,4.4573763365e-05,1.1581784322e+01
-3.4277560911e-04,4.2105435098e-05,1.2468246238e+01
3.9069775838e-04,1.2591043450e-05,9.3147309054e+00
-3.8168682023e-04,1.3214373609e-05,8.7960481529e+00
-3.8938508332e-04,4.2643554102e-06,8.9542562863e-01
3.9214507934e-04,4.1687153725e-06,2.3851177537e+00
-3.8574852058e-04,4.2341630442e-06,3.2525147133e+00
-3.7953523335e-04,8.3466475040e-06,9.3593320086e+00
-3.7599158093e-04,7.9794650520e-06,1.1341229405e+01
-3.7341775638e-04,1.2140324166e-05,1.1315577339e+01
-3.6996119823e-04,1.1567173696e-05,1.2705092175e+01
-3.6737441308e-04,1.5628997736e-05,1.2220962621e+01
-3.6396735207e-04,1.4876861269e-05,1.3473742717e+01
-3.6140216163e-04,1.8838906940e-05,1.2910266060e+01
-3.5802120049e-04,1.7934038562e-05,1.4126509062e+01
-3.5549483454e-04,2.1797137530e-05,1.3715568754e+01
-3.5212304229e-04,2.0763267465e-05,1.4938728961e+01
-3.4964226067e-04,2.4526495610e-05,1.4755963111e+01
-3.4625699564e-04,2.3389162805e-05,1.6524643402e+01
-3.4382270158e-04,2.7046900086e-05,1.6503474377e+01
-3.4060467930e-04,2.5791992739e-05,1.7203918992e+01
-3.3823707002e-04,2.9330195655e-05,1.7210255361e+01
-3.3526474146e-04,2.7971018755e-05,1.7181811914e+01
-3.3744851078e-04,2.4578961602e-05,1.7165609608e+01
-3.3232817927e-04,2.6679590341e-05,1.7336037214e+01
-3.3025785051e-04,2.9936151504e-05,1.7390470696e+01
-3.2751693914e-04,2.8595525192e-05,1.7474649010e+01
-3.2942675724e-04,2.5468861687e-05,1.7400272554e+01
-3.2478259294e-04,2.7349368308e-05,1.7526208853e+01
-3.2301839522e-04,3.0347120210e-05,1.7622618745e+01
-3.2042260201e-04,2.9089009192e-05,1.7625051430e+01
-3.1881815678e-04,3.1962548468e-05,1.7732256126e+01
-3.1633074598e-04,3.0713076814e-05,1.7676951474e+01
-3.1780072172e-04,2.7942285672e-05,1.7548849541e+01
-3.1380022036e-04,2.9566001053e-05,1.7574651553e+01
-3.1248343699e-04,3.2246747808e-05,1.7681069950e+01
-3.1002826134e-04,3.1115074847e-05,1.7560713685e+01
-3.1125119784e-04,2.8499301679e-05,1.7477176852e+01
-3.0752510102e-04,3.0073756932e-05,1.7465272040e+01
-3.0644200192e-04,3.2604813907e-05,1.7525166293e+01
-3.0399317125e-04,3.1593092650e-05,1.7435320164e+01
-3.0499685185e-04,2.9104765076e-05,1.7396617047e+01
-3.0150003828e-04,3.0650141459e-05,1.7364867257e+01
-3.0061854816e-04,3.3082263166e-05,1.7410240127e+01
-2.9816485809e-04,3.2158795454e-05,1.7390960512e+01
-2.9896635455e-04,2.9772732459e-05,1.7321449501e+01
-2.9567102604e-04,3.1301511307e-05,1.7232540904e+01
-2.9495851572e-04,3.3646446467e-05,1.7174033359e+01
-2.9249449852e-04,3.2811501109e-05,1.7400105506e+01
-2.9314268306e-04,3.0505864383e-05,1.7231379137e+01
-2.8999381399e-04,3.2035225595e-05,1.7184171614e+01
-2.9057939102e-04,2.9770277842e-05,1.7304660323e+01
-2.8746643957e-04,3.1313762272e-05,1.7180868641e+01
-2.8694607765e-04,3.3552883301e-05,1.8191313811e+01
-2.8442326767e-04,3.2856685566e-05,2.0143923252e+01
-2.8490199190e-04,3.0647966538e-05,1.8710366633e+01
-2.8184338608e-04,3.2220238691e-05,2.2005424850e+01
-2.8139976353e-04,3.4420157899e-05,2.3087587489e+01
-2.7880869925e-04,3.3809371412e-05,2.4580257322e+01
-2.7920700697e-04,3.1639396315e-05,2.3669358069e+01
-2.7616346095e-04,3.3249910840e-05,2.6021980567e+01
-2.7651399807e-04,3.1110410087e-05,2.5308300569e+01
-2.7346429239e-04,3.2738495515e-05,2.7391628284e+01
-2.7314971331e-04,3.4874449596e-05,2.8011315707e+01
-2.7044661559e-04,3.4378571666e-05,2.9177999975e+01
-2.7071187435e-04,3.2271811077e-05,2.8700481338e+01
-2.6769279620e-04,3.3924454965e-05,3.0296744929e+01
-2.6790722500e-04,3.1846583641e-05,2.9941252965e+01
-2.6488934726e-04,3.3509144982e-05,3.1365944441e+01
-2.6470842214e-04,3.5587507169e-05,3.1658497740e+01
-2.6190734177e-04,3.5180953371e-05,3.2582104595e+01
-2.6203763494e-04,3.3129730725e-05,3.2383943525e+01
-2.5906022803e-04,3.4808243084e-05,3.3466485400e+01
-2.5913925649e-04,3.2783390085e-05,3.3350559535e+01
-2.5616864532e-04,3.4466793257e-05,3.4310412047e+01
-2.5323523085e-04,3.6157963413e-05,3.5124099104e+01
-2.5031001941e-04,3.5848139039e-05,3.5830024753e+01
-2.5025901938e-04,3.3867831325e-05,3.5875743938e+01
-2.4734561135e-04,3.5563496963e-05,3.6502951071e+01
-2.4742280354e-04,3.7549516037e-05,3.6430914234e+01
-2.4446929706e-04,3.7266209601e-05,3.7026256314e+01
-2.4434377934e-04,3.5301962674e-05,3.7143009803e+01
-2.4147983890e-04,3.7005064934e-05,3.7594753273e+01
-2.4130626752e-04,3.5061601725e-05,3.7750776500e+01
-2.3845608388e-04,3.6764287391e-05,3.8136625300e+01
-2.3564212165e-04,3.8473729975e-05,3.8447664725e+01
-2.3260037918e-04,3.8250475516e-05,3.8910254854e+01
-2.3231239696e-04,3.6337170166e-05,3.9142749605e+01
-2.2952871362e-04,3.8043793418e-05,3.9351711972e+01
-2.2919570720e-04,3.6147790164e-05,3.9608641490e+01
-2.2642867747e-04,3.7852306590e-05,3.9772671696e+01
-2.2678000583e-04,3.9757121765e-05,3.9506220504e+01
-2.2369616448e-04,3.9563551913e-05,3.9887438430e+01
-2.2330170671e-04,3.7674780025e-05,4.0173882051e+01
-2.2058613786e-04,3.9383616196e-05,4.0252084242e+01
-2.2014923005e-04,3.7510016380e-05,4.0556176096e+01
-2.1745129745e-04,3.9216205782e-05,4.0600769246e+01
-2.1697262730e-04,3.7356953519e-05,4.0920427520e+01
-2.1478644663e-04,4.0929246380e-05,4.0608945723e+01
-2.1164592584e-04,4.0770544788e-05,4.0914743744e+01
-2.1111242743e-04,3.8914961573e-05,4.1252939647e+01
-2.0848365593e-04,4.0622285950e-05,4.1208127701e+01
-2.0791081857e-04,3.8779333714e-05,4.1557847945e+01
-2.0530075851e-04,4.0483645351e-05,4.1489654908e+01
-2.0209838006e-04,4.0353855820e-05,4.1759899437e+01
-2.0272188242e-04,4.2195025334e-05,4.1396489971e+01
-1.9953958315e-04,4.2059582406e-05,4.1647678534e+01
-1.9887777081e-04,4.0231798141e-05,4.2019477374e+01
-1.9633795925e-04,4.1934432231e-05,4.1889361073e+01
-1.9563949577e-04,4.0117589642e-05,4.2268884013e+01
-1.9311754960e-04,4.1819864613e-05,4.2121826919e+01
-1.9238438124e-04,4.0010872451e-05,4.2508586164e+01
-1.8988193324e-04,4.1710207904e-05,4.2346282442e+01
-1.8911372788e-04,3.9910316427e-05,4.2739259215e+01
-1.8663109614e-04,4.1606631212e-05,4.2562901985e+01
-1.8740852470e-04,4.3417002086e-05,4.2167700231e+01
-1.8417710136e-04,4.3310409967e-05,4.2371479619e+01
-1.8336566022e-04,4.1508969541e-05,4.2772054047e+01
-1.8008634017e-04,4.1416879225e-05,4.2974106368e+01
-1.7767160502e-04,4.3114933959e-05,4.2759841726e+01
-1.7439897490e-04,4.3025259617e-05,4.2945014274e+01
-1.7348889616e-04,4.1247907786e-05,4.3358297630e+01
-1.7111399616e-04,4.2940499303e-05,4.3124540034e+01
-1.7203137147e-04,4.4728288490e-05,4.2709571648e+01
-1.6876604696e-04,4.4640909118e-05,4.2880452314e+01
-1.6781732032e-04,4.2860345344e-05,4.3298629263e+01
-1.6548914119e-04,4.4558211018e-05,4.3046554215e+01
-1.6450953552e-04,4.2784508590e-05,4.3467471174e+01
-1.6220121744e-04,4.4479915633e-05,4.3208010911e+01
-1.6119119700e-04,4.2712739067e-05,4.3631210368e+01
-1.5890282936e-04,4.4405773211e-05,4.3364919237e+01
-1.5786283289e-04,4.2644797662e-05,4.3789956475e+01
-1.5559451030e-04,4.4335558104e-05,4.3517343459e+01
-1.5452496793e-04,4.2580487944e-05,4.3943766487e+01
-1.5227676740e-04,4.4269076656e-05,4.3665296811e+01
-1.5335186514e-04,4.6034489344e-05,4.3237479173e+01
-1.5005379913e-04,4.5965958925e-05,4.3380010884e+01
-1.4895005321e-04,4.4206161350e-05,4.3808750790e+01
-1.4674691507e-04,4.5901119670e-05,4.3518436346e+01
-1.4561486100e-04,4.4146643524e-05,4.3947631009e+01
-1.4343195291e-04,4.5839669469e-05,4.3652666778e+01
-1.4227165763e-04,4.4090405388e-05,4.4081804610e+01
-1.3892083951e-04,4.4037251055e-05,4.4211109399e+01
-1.3677829072e-04,4.5726737232e-05,4.3907824957e+01
-1.3556452289e-04,4.3987771905e-05,4.4335093495e+01
-1.3220371570e-04,4.3941181572e-05,4.4453608042e+01
-1.3009657702e-04,4.5627606896e-05,4.4143242398e+01
-1.3134267914e-04,4.7372032261e-05,4.3716776219e+01
-1.2801799640e-04,4.7321961576e-05,4.3828868984e+01
-1.2468716121e-04,4.7275408939e-05,4.3935497271e+01
-1.2338744348e-04,4.5539432955e-05,4.4356595842e+01
-1.2135030496e-04,4.7231836646e-05,4.4036286819e+01
-1.1800787062e-04,4.7191319711e-05,4.4130653222e+01
-1.1665652775e-04,4.5463059409e-05,4.4543571477e+01
-1.1466014519e-04,4.7153870357e-05,4.4217951545e+01
-1.1328339280e-04,4.5429254721e-05,4.4625614357e+01
-1.1130747832e-04,4.7119504935e-05,4.4297470705e+01
-1.0990557743e-04,4.5398372899e-05,4.4699041852e+01
-1.0793186890e-04,4.7091445547e-05,4.4368027008e+01
-1.0652033052e-04,4.5371004561e-05,4.4762908276e+01
-1.0458081525e-04,4.7060181244e-05,4.4429938212e+01
-1.0313715145e-04,4.5345485947e-05,4.4816514642e+01
-1.0121339016e-04,4.7032136183e-05,4.4481579693e+01
-9.9750872064e-05,4.5323460262e-05,4.4858564968e+01
-9.7853588370e-05,4.7013577515e-05,4.4520236437e+01
-9.9313257415e-05,4.8735587329e-05,4.4144022566e+01
-9.5981245512e-05,4.8714047422e-05,4.4180981826e+01
-9.4481880287e-05,4.6995091628e-05,4.4546964895e+01
-9.2632522815e-05,4.8696211733e-05,4.4205224453e+01
-9.1106457452e-05,4.6981028891e-05,4.4559456866e+01
-8.9278664459e-05,4.8682217487e-05,4.4215234470e+01
-8.7728661986e-05,4.6969899870e-05,4.4556642153e+01
-8.5922210198e-05,4.8671971171e-05,4.4209587668e+01
-8.4348687180e-05,4.6961889418e-05,4.4536976468e+01
-8.2563543694e-05,4.8665588182e-05,4.4186701104e+01
-8.0966688560e-05,4.6958574382e-05,4.4498534354e+01
-7.9202954715e-05,4.8663399812e-05,4.4144832951e+01
-7.7583166787e-05,4.6958931588e-05,4.4439784710e+01
-7.5841008276e-05,4.8665465448e-05,4.4082170842e+01
-7.4198509572e-05,4.6962955702e-05,4.4358867679e+01
-7.2478124204e-05,4.8671924263e-05,4.3996760338e+01
-7.0813049115e-05,4.6972188266e-05,4.4253516520e+01
-6.9114556333e-05,4.8683157239e-05,4.3886467909e+01
-6.7427221577e-05,4.6985670310e-05,4.4121810581e+01
-6.5750824028e-05,4.8699250014e-05,4.3749092716e+01
-6.4041445302e-05,4.7003439904e-05,4.3961517170e+01
-6.2387357765e-05,4.8720376551e-05,4.3582289781e+01
-6.0656160076e-05,4.7027030634e-05,4.3770034358e+01
-5.9024584982e-05,4.8746979041e-05,4.3383543783e+01
-5.7272811040e-05,4.7055211169e-05,4.3545201131e+01
-5.5663174616e-05,4.8779105388e-05,4.3150307776e+01
-5.3892040399e-05,4.7089799786e-05,4.3284222603e+01
-5.2303707236e-05,4.8817914535e-05,4.2879758232e+01
-5.4078366619e-05,5.0516163005e-05,4.2758314774e+01
-4.8945433805e-05,4.8862141842e-05,4.2569233979e+01
-4.7405271572e-05,5.0607957296e-05,4.2157147825e+01
-4.5590318279e-05,4.8912728974e-05,4.2215883868e+01
-4.4074997964e-05,5.0663350660e-05,4.1791876510e+01
-4.2238933067e-05,4.8969940292e-05,4.1816825461e+01
-4.0748229075e-05,5.0726305846e-05,4.1379184479e+01
-3.8891561472e-05,4.9034151982e-05,4.1369101810e+01
-3.7424673848e-05,5.0796525878e-05,4.0915943001e+01
-3.5548651849e-05,4.9105585570e-05,4.0869809238e+01
-3.4106424910e-05,5.0874588258e-05,4.0399219875e+01
-3.2211097744e-05,4.9184506498e-05,4.0316177478e+01
-3.0794482085e-05,5.0960816174e-05,3.9826118508e+01
-2.8879718585e-05,4.9271203220e-05,3.9705564389e+01
-2.7488182047e-05,5.1055035032e-05,3.9193614407e+01
-2.5555060018e-05,4.9365803184e-05,3.9035502957e+01
-2.4189531325e-05,5.1157843282e-05,3.8499242515e+01
-2.2238121749e-05,4.9468208425e-05,3.8303947103e+01
-2.0899622232e-05,5.1269464581e-05,3.7740799198e+01
-1.8929790546e-05,4.9579651792e-05,3.7509036234e+01
-1.7617978749e-05,5.1389842260e-05,3.6916132200e+01
-1.5630785286e-05,4.9699272737e-05,3.6649693682e+01
-1.4346694118e-05,5.1519331236e-05,3.6024165336e+01
-1.2342203405e-05,4.9827438792e-05,3.5725433196e+01
-1.1086984944e-05,5.1658112117e-05,3.5064421141e+01
-9.0650871436e-06,4.9964218908e-05,3.4736638048e+01
-7.8385850680e-06,5.1805860026e-05,3.4036928108e+01
-4.6036567738e-06,5.1962885251e-05,3.2943440835e+01
-2.5489151174e-06,5.0263467619e-05,3.2572277937e+01
-1.3835249654e-06,5.2129167001e-05,3.1786960521e+01
6.8779157448e-07,5.0425789486e-05,3.1403736070e+01
1.8218913084e-06,5.2304212327e-05,3.0571494831e+01
3.9089607349e-06,5.0596253451e-05,3.0184510402e+01
5.0104067914e-06,5.2488085015e-05,2.9305179714e+01
7.1133640614e-06,5.0774309751e-05,2.8924379816e+01
8.1806515779e-06,5.2680487295e-05,2.7991011222e+01
1.0299745382e-05,5.0960568699e-05,2.7627503304e+01
1.1332590834e-05,5.2880867250e-05,2.6664160445e+01
1.3467274907e-05,5.1153730180e-05,2.6322272508e+01
1.4464160229e-05,5.3088935702e-05,2.5262391424e+01
1.6614780500e-05,5.1353280470e-05,2.4998703165e+01
1.7574152035e-05,5.3304226831e-05,2.4029799586e+01
1.9740800750e-05,5.1559647631e-05,2.3525041636e+01
2.0663916562e-05,5.3526389782e-05,2.2106436850e+01
2.2850016326e-05,5.1772811041e-05,2.1760815927e+01
2.3766617401e-05,5.3765900311e-05,2.1833024194e+01
2.5976274284e-05,5.2003618367e-05,2.1877750999e+01
2.6886854940e-05,5.4023774763e-05,2.1825064414e+01
3.0026223237e-05,5.4299857754e-05,2.1830571862e+01
3.2284012468e-05,5.2519242810e-05,2.1846739769e+01
3.3184702672e-05,5.4594581691e-05,2.1829902193e+01
3.5467141821e-05,5.2804451799e-05,2.1855788597e+01
3.6362937006e-05,5.4908148244e-05,2.1842726573e+01
3.8670837006e-05,5.3107868992e-05,2.1875939529e+01
3.9562678125e-05,5.5240401281e-05,2.1858059719e+01
4.1895740289e-05,5.3430464516e-05,2.1897299464e+01
4.2783895831e-05,5.5591795659e-05,2.1878257143e+01
4.5142727076e-05,5.3771584765e-05,2.1922173228e+01
4.6027214985e-05,5.5962346425e-05,2.1902271991e+01
4.8412484638e-05,5.4131223895e-05,2.1949856009e+01
4.9294228780e-05,5.6351864360e-05,2.1930225337e+01
5.1705532828e-05,5.4510275907e-05,2.1980748298e+01
5.2584858531e-05,5.6760707800e-05,2.1961922792e+01
5.5022631611e-05,5.4908054188e-05,2.2014681132e+01
5.5899613245e-05,5.7188825124e-05,2.1997262763e+01
5.8364330834e-05,5.5324491161e-05,2.2051521032e+01
5.9239864603e-05,5.7635995007e-05,2.2036185397e+01
6.1730985329e-05,5.5760381635e-05,2.2091407445e+01
6.2605435746e-05,5.8102487880e-05,2.2078453954e+01
6.5123192251e-05,5.6215007453e-05,2.2134111737e+01
6.5996668824e-05,5.8588201855e-05,2.2123838927e+01
6.8541319563e-05,5.6688257052e-05,2.2179369899e+01
6.9414658894e-05,5.9092904935e-05,2.2172074045e+01
7.1985521235e-05,5.7180843786e-05,2.2227124987e+01
7.2859100135e-05,5.9616804862e-05,2.2222712346e+01
7.5456201185e-05,5.7692049701e-05,2.2276936512e+01
7.6330142054e-05,6.0159778595e-05,2.2275262556e+01
7.8953528572e-05,5.8221752765e-05,2.2328298605e+01
7.9828576219e-05,6.0721610482e-05,2.2329226847e+01
8.2477455102e-05,5.8770614111e-05,2.2380862454e+01
8.3353970244e-05,6.1302467149e-05,2.2384074762e+01
8.6028198336e-05,5.9337950185e-05,2.2434032738e+01
8.6906450129e-05,6.1902189039e-05,2.2439198641e+01
8.9605754159e-05,5.9923649747e-05,2.2487239277e+01
9.0486050626e-05,6.2520675899e-05,2.2494193863e+01
9.3209883374e-05,6.0528328801e-05,2.2540172328e+01
9.4092459364e-05,6.3158012982e-05,2.2548615418e+01
9.6840614055e-05,6.1151350519e-05,2.2592297054e+01
9.7725968532e-05,6.3813972881e-05,2.2602336870e+01
1.0049787377e-04,6.1792598492e-05,2.2643203274e+01
1.0138604160e-04,6.4488530966e-05,2.2654664270e+01
1.0418121235e-04,6.2452638641e-05,2.2693864302e+01
-1.3087265343e-05,5.3358589157e-05,3.5394173533e+01
-3.2688097856e-05,5.2659775785e-05,3.9931286678e+01
6.0859204893e-06,5.4403547673e-05,2.8396982248e+01
1.0507242422e-04,6.5181724914e-05,2.2704364690e+01
1.0789057206e-04,6.3130863777e-05,2.2740403697e+01
-7.4122644350e-05,5.0383834247e-05,4.3726045939e+01
2.4682223757e-05,5.5795715372e-05,2.1848869230e+01
-5.2516135352e-05,5.2266496355e-05,4.2369893054e+01
1.0878481866e-04,6.5893359599e-05,2.2762370011e+01
1.1162561421e-04,6.3827379925e-05,2.2785806969e+01
4.3670032221e-05,5.7790745170e-05,2.1855660581e+01
1.1252298642e-04,6.6623472741e-05,2.2779806370e+01
1.1538609733e-04,6.4542080802e-05,2.2919789454e+01
1.1628557738e-04,6.7371815943e-05,2.2941550795e+01
1.1916562142e-04,6.5273916270e-05,2.2827374196e+01
6.3477497697e-05,6.0483545721e-05,2.2066623041e+01
-1.1933710139e-04,4.8934024412e-05,4.3712917229e+01
1.2005627865e-04,6.8134968609e-05,2.2529268526e+01
1.2294610940e-04,6.6019529240e-05,2.2287290357e+01
1.2382636155e-04,6.8911292930e-05,2.2047249199e+01
1.2672663047e-04,6.6778294175e-05,2.1829923927e+01
1.2759612743e-04,6.9700407223e-05,2.1578267169e+01
1.3050667279e-04,6.7550281857e-05,2.1377250650e+01
8.4229925726e-05,6.3875883273e-05,2.2388633900e+01
1.3136521018e-04,7.0502056815e-05,2.1129817739e+01
1.3428609084e-04,6.8334735158e-05,2.0939161782e+01
-1.5113436900e-04,4.7741732621e-05,4.2951077260e+01
1.3513334705e-04,7.1315876161e-05,2.0695493706e+01
1.3806450052e-04,6.9131486442e-05,2.0515253627e+01
1.0227411118e-04,6.7228348785e-05,2.2667650727e+01
1.3890007002e-04,7.2141664832e-05,2.0267007812e+01
1.4184155892e-04,6.9940220798e-05,2.0097314600e+01
1.4267617325e-04,7.2983950355e-05,1.9836793081e+01
1.4561814577e-04,7.0760981251e-05,1.9678615261e+01
1.4643063556e-04,7.3826841474e-05,1.9414985511e+01
1.4938856734e-04,7.1590488958e-05,1.9266204923e+01
1.2093838453e-04,7.1039947178e-05,2.2254799903e+01
1.5018999713e-04,7.4680841342e-05,1.8985512680e+01
1.5315577489e-04,7.2429716919e-05,1.8850109449e+01
1.5393275235e-04,7.5546666846e-05,1.8561910753e+01
1.5691511657e-04,7.3277088112e-05,1.8433729688e+01
1.5767387757e-04,7.6418819846e-05,1.8120839131e+01
1.6066848585e-04,7.4131559500e-05,1.8024726032e+01
1.3975016485e-04,7.5202020780e-05,2.0002422736e+01
1.6140590397e-04,7.7293978576e-05,1.7715532446e+01
1.6441335332e-04,7.4990751088e-05,1.7624539947e+01
1.5990918960e-04,7.1003189312e-05,1.8321506860e+01
1.3342796227e-04,6.5396269942e-05,2.1181488504e+01
1.0699461953e-04,6.0412341656e-05,2.2729087445e+01
2.1930864347e-05,4.9816538773e-05,2.2969861377e+01
-2.6949418637e-05,4.7590182810e-05,3.9572193039e+01
8.5147217263e-05,5.6814889818e-05,2.2430136303e+01
6.4245726636e-05,5.3880876700e-05,2.2145571313e+01
4.4254182278e-05,5.1618932596e-05,2.1938980585e+01
2.7774917613e-06,4.8726674831e-05,3.1043605008e+01
1.6512448593e-04,7.8167697166e-05,1.7211727073e+01
1.6814501152e-04,7.5848853225e-05,1.7155931038e+01
1.6882693314e-04,7.9038194874e-05,1.7049755163e+01
1.7186092945e-04,7.6702471002e-05,1.7074614069e+01
-5.8910919447e-05,4.5344527385e-05,4.3942402680e+01
-7.9354410769e-05,4.5263977905e-05,4.4798336095e+01
1.5840939937e-04,7.9590798780e-05,1.7802088417e+01
1.7251809014e-04,7.9907989044e-05,1.7258938086e+01
1.7556733995e-04,7.7555639513e-05,1.7261319770e+01
1.7620884051e-04,8.0783847139e-05,1.7325191719e+01
1.7927425698e-04,7.8414727143e-05,1.7322455547e+01
1.7862933697e-04,7.5195923820e-05,1.7257508609e+01
1.8235239797e-04,7.6037428648e-05,1.7317006818e+01
1.8170417033e-04,7.2829176481e-05,1.7250626667e+01
1.8544324001e-04,7.3652274933e-05,1.7307731250e+01
1.8608030859e-04,7.6887610517e-05,1.7363123050e+01
1.8918724945e-04,7.4483481051e-05,1.7353607294e+01
1.8854677074e-04,7.1259648816e-05,1.7296625698e+01
1.9230646467e-04,7.2070957566e-05,1.7341849513e+01
1.9293862028e-04,7.5324707043e-05,1.7377343838e+01
1.9607322498e-04,7.2891736356e-05,1.7366415359e+01
1.9669918781e-04,7.6177318988e-05,1.7387474611e+01
1.9984890241e-04,7.3723564803e-05,1.7377311453e+01
1.9166294709e-04,6.8859997581e-05,1.7281792383e+01
-1.3771049540e-04,4.2308149596e-05,4.4637259566e+01
2.0047054457e-04,7.7042271919e-05,1.7384782910e+01
2.0363524535e-04,7.4567315709e-05,1.7375032983e+01
2.0425407993e-04,7.7920185453e-05,1.7371891274e+01
2.0743379665e-04,7.5423704107e-05,1.7362163499e+01
-1.5679868434e-04,4.0900091757e-05,4.4214706915e+01
2.0805138206e-04,7.8811444346e-05,1.7350035528e+01
2.1124613418e-04,7.6293464877e-05,1.7340005344e+01
2.1062309588e-04,7.2914934851e-05,1.7353040931e+01
2.1444960490e-04,7.3762195146e-05,1.7331230793e+01
2.1382162766e-04,7.0394441192e-05,1.7344795039e+01
2.1766116873e-04,7.1218041752e-05,1.7323598985e+01
2.1829107681e-04,7.4623074755e-05,1.7301287542e+01
2.2151565718e-04,7.2055313029e-05,1.7294099782e+01
2.2088097027e-04,6.8661652017e-05,1.7317124601e+01
2.2474766043e-04,6.9474407992e-05,1.7288269207e+01
2.2538663437e-04,7.2906522822e-05,1.7257622252e+01
2.2863066333e-04,7.0301279142e-05,1.7252171137e+01
2.0486555102e-04,8.1315701766e-05,1.7361138275e+01
2.2927525532e-04,7.3771674663e-05,1.7215854541e+01
2.3253138328e-04,7.1142372212e-05,1.7210499880e+01
2.3188028822e-04,6.7682723665e-05,1.7248193781e+01
2.3579208329e-04,6.8498935401e-05,1.7206703900e+01
2.3645115614e-04,7.1997725844e-05,1.7164091428e+01
2.3972292304e-04,6.9329762738e-05,1.7160454820e+01
2.3513418246e-04,6.5051232174e-05,1.7245535867e+01
2.4039113689e-04,7.2867067201e-05,1.7116065904e+01
2.4367406818e-04,7.0174783597e-05,1.7110625830e+01
2.4435231434e-04,7.3750197813e-05,1.7062830356e+01
2.4764632703e-04,7.1034286127e-05,1.7064156428e+01
1.7315609755e-04,8.3144555388e-05,1.7323049815e+01
-1.6968267667e-04,4.6435297214e-05,4.2465235242e+01
-1.9162501681e-04,3.8221631592e-05,4.2899055109e+01
-1.0320856510e-05,4.8141848111e-05,3.5428103778e+01
-4.0387076959e-05,4.7286450469e-05,4.1825202402e+01
-1.1868424286e-04,4.3781691572e-05,4.4866090272e+01
-2.0015513659e-04,4.3911184602e-05,4.1282417921e+01
2.4833561975e-04,7.4646944789e-05,1.7004741582e+01
2.5164065061e-04,7.1907897568e-05,1.6975892151e+01
2.4503156490e-04,7.7368693951e-05,1.7029727531e+01
2.5094202094e-04,6.8302049022e-05,1.7066595282e+01
2.5494670157e-04,6.9151822555e-05,1.6954900402e+01
2.5423937334e-04,6.5553650143e-05,1.7067692380e+01
2.5825368612e-04,6.6378909906e-05,1.6946023872e+01
2.5753837507e-04,6.2789222349e-05,1.7067464646e+01
2.6156154304e-04,6.3589220627e-05,1.6944466524e+01
2.6229102303e-04,6.7219216436e-05,1.7139949948e+01
2.6560775014e-04,6.4404918725e-05,1.7136561205e+01
2.6635214074e-04,6.8074727175e-05,1.6150981663e+01
2.6967758601e-04,6.5236494830e-05,1.6145623043e+01
2.6083899992e-04,6.0008782453e-05,1.7067537199e+01
2.7042863541e-04,6.8940530350e-05,1.5048395815e+01
2.7376054485e-04,6.6076865207e-05,1.5048972312e+01
2.7448962482e-04,6.9792525535e-05,1.5092855093e+01
2.7782745200e-04,6.6903299921e-05,1.5096158533e+01
2.7709230585e-04,6.3194116685e-05,1.5055687864e+01
2.8116532143e-04,6.3994447465e-05,1.5103893452e+01
2.8042440562e-04,6.0291978002e-05,1.5067710007e+01
2.8450358644e-04,6.1065691596e-05,1.5114554638e+01
2.8522222894e-04,6.4781854129e-05,1.4866769578e+01
2.8856535448e-04,6.1826424795e-05,1.4877683908e+01
2.8784249997e-04,5.8116628908e-05,1.5127318044e+01
2.9190954006e-04,5.8850214031e-05,1.4889671663e+01
2.9260857897e-04,6.2575338836e-05,1.4730408828e+01
2.9595748754e-04,5.9572184164e-05,1.4739671176e+01
2.9118233839e-04,5.5146745672e-05,1.5141445274e+01
2.9663283098e-04,6.3313772737e-05,1.4570806583e+01
2.9998555480e-04,6.0283911266e-05,1.4577076560e+01
3.0063734239e-04,6.4043055973e-05,1.4423388909e+01
3.0399297269e-04,6.0986860050e-05,1.4426141183e+01
-1.8496407952e-04,4.5131084911e-05,4.1974373455e+01
-1.7589084273e-04,3.9563118533e-05,4.3580718275e+01
3.0462132647e-04,6.4764902537e-05,1.4278997251e+01
3.0797890677e-04,6.1682727873e-05,1.4277928326e+01
3.0126391696e-04,6.7823889256e-05,1.4278809763e+01
3.0734909647e-04,5.7907466905e-05,1.4427849129e+01
3.1133688393e-04,5.8576509292e-05,1.4275526012e+01
3.1070586884e-04,5.4803868937e-05,1.4428513897e+01
3.1469541572e-04,5.5445312123e-05,1.4271784434e+01
3.1406345454e-04,5.1675177442e-05,1.4428234593e+01
3.1805471870e-04,5.2287923918e-05,1.4266722663e+01
3.1742189437e-04,4.8520297870e-05,1.4427168110e+01
3.2141471062e-04,4.9103214825e-05,1.4260287065e+01
2.7115130254e-04,7.2662518049e-05,1.5093132623e+01
3.0522534519e-04,6.8564949217e-05,1.4141087330e+01
3.0186665546e-04,7.1625612568e-05,1.4143274116e+01
3.1866055036e-04,5.6082298130e-05,1.4116903189e+01
3.2078107531e-04,4.5338013217e-05,1.4425409409e+01
3.2477522804e-04,4.5889812354e-05,1.4252191540e+01
3.1676014312e-04,4.4779802284e-05,1.4598797496e+01
7.3730572541e-05,6.2092843557e-05,2.2219802013e+01
5.3461839615e-05,5.9049312869e-05,2.1942472082e+01
3.4083879172e-05,5.6707074936e-05,2.1812133241e+01
1.5433935620e-05,5.5050487037e-05,2.4382811345e+01
-3.4322473506e-06,5.3837412866e-05,3.2189625104e+01
-1.0931607235e-04,4.8824377914e-05,4.3966957363e+01
-2.2848252075e-05,5.2967423025e-05,3.7963247455e+01
-8.4139342331e-05,5.0385370773e-05,4.3863078214e+01
-1.4127404546e-04,4.7541142542e-05,4.3352325070e+01
-1.2926904083e-04,4.9077419628e-05,4.3401574871e+01
-2.0731116149e-04,3.6958543981e-05,4.1914058149e+01
-2.1968511649e-04,3.5660547043e-05,4.0869984117e+01
2.0866189255e-04,8.2241252962e-05,1.7332163932e+01
2.0546840959e-04,8.4750830508e-05,1.7345565196e+01
2.0926414567e-04,8.5709925620e-05,1.7311192035e+01
2.0606215662e-04,8.8222257184e-05,1.7327162778e+01
2.0985723636e-04,8.9214078902e-05,1.7288650582e+01
2.0664523825e-04,9.1726881174e-05,1.7307951167e+01
2.1043969234e-04,9.2750645409e-05,1.7265767592e+01
2.0721635060e-04,9.5261615956e-05,1.7288495975e+01
2.1100998071e-04,9.6316636143e-05,1.7243624873e+01
2.0777444395e-04,9.8823463536e-05,1.7270023369e+01
2.1156658352e-04,9.9909215391e-05,1.7222437913e+01
2.0831705941e-04,1.0240980749e-04,1.7252919588e+01
2.1210773893e-04,1.0352578788e-04,1.7202861334e+01
2.0884284406e-04,1.0601802694e-04,1.7237614704e+01
2.0507623921e-04,1.0488630587e-04,1.7285945801e+01
2.0558689929e-04,1.0848424254e-04,1.7275170722e+01
2.0184525964e-04,1.0733814193e-04,1.7320801564e+01
2.1263179454e-04,1.0716399699e-04,1.7184628916e+01
2.0234124631e-04,1.1092387619e-04,1.7314867683e+01
1.9862524586e-04,1.0976501165e-04,1.7356295843e+01
1.9910724443e-04,1.1333662578e-04,1.7355283201e+01
1.9541625832e-04,1.1216686912e-04,1.7391321706e+01
1.9588604210e-04,1.1572256566e-04,1.7394606622e+01
1.9222123706e-04,1.1454445857e-04,1.7423990536e+01
2.1592129520e-04,1.0465498196e-04,1.7149242636e+01
2.1644483714e-04,1.0832292774e-04,1.7129259122e+01
2.1975937920e-04,1.0579621779e-04,1.7092297140e+01
2.2028379479e-04,1.0949337911e-04,1.7069425553e+01
2.2362387788e-04,1.0694785050e-04,1.7046829195e+01
1.9267922422e-04,1.1808229875e-04,1.7430880584e+01
1.8904236840e-04,1.1689729650e-04,1.7451972629e+01
1.9956797531e-04,1.1692058692e-04,1.7357992201e+01
2.2415088624e-04,1.1067356907e-04,1.7000069946e+01
2.2751676834e-04,1.0810842769e-04,1.6940198476e+01
1.8948827430e-04,1.2041659541e-04,1.7461555642e+01
1.8587726792e-04,1.1922757329e-04,1.7474001503e+01
1.8541867526e-04,1.1573340101e-04,1.7466696836e+01
1.8227936002e-04,1.1805969157e-04,1.7480847187e+01
1.8272815822e-04,1.2153639696e-04,1.7487925351e+01
1.7915485245e-04,1.2036542648e-04,1.7486397588e+01
1.7869373033e-04,1.1691154492e-04,1.7482076421e+01
1.7559149082e-04,1.1921589224e-04,1.7481319194e+01
1.7511882036e-04,1.1578246418e-04,1.7478763241e+01
1.7203677317e-04,1.1808699097e-04,1.7471988067e+01
1.7155361544e-04,1.1467142707e-04,1.7470147587e+01
1.6849131812e-04,1.1697417709e-04,1.7458738355e+01
1.6799559603e-04,1.1357706683e-04,1.7457524477e+01
1.6495367969e-04,1.1587729846e-04,1.7438378568e+01
1.6544157257e-04,1.1926417891e-04,1.7437415752e+01
1.6192169102e-04,1.1816614784e-04,1.7409721903e+01
1.6142308309e-04,1.1479539042e-04,1.7410019708e+01
1.5840735277e-04,1.1708221252e-04,1.7361020186e+01
1.5789842319e-04,1.1372670400e-04,1.7359198383e+01
1.5489742977e-04,1.1601119529e-04,1.7303163557e+01
1.5437821099e-04,1.1267029321e-04,1.7294542604e+01
1.5138844265e-04,1.1495204538e-04,1.7055568527e+01
1.5085819623e-04,1.1162422953e-04,1.7052005757e+01
1.4787243764e-04,1.1390374313e-04,1.7206988671e+01
1.4839652104e-04,1.1722802963e-04,1.7204859307e+01
1.4488414097e-04,1.1617784589e-04,1.7617132026e+01
1.4434774315e-04,1.1286388424e-04,1.7642309350e+01
1.4136505282e-04,1.1513445316e-04,1.7925877613e+01
1.4081464408e-04,1.1183046818e-04,1.7973625476e+01
1.3783945248e-04,1.1409543765e-04,1.8232104923e+01
1.3727424664e-04,1.1079974463e-04,1.8302988056e+01
1.3430775218e-04,1.1305827392e-04,1.8519719665e+01
1.3372601089e-04,1.0977161361e-04,1.8623754090e+01
1.3077003320e-04,1.1202112397e-04,1.8804983119e+01
1.3017320010e-04,1.0873880486e-04,1.8919314310e+01
1.2722705207e-04,1.1098412743e-04,1.9061969020e+01
1.2781362282e-04,1.1426850743e-04,1.8965835541e+01
1.2428372740e-04,1.1322068454e-04,1.9189160028e+01
1.2368177200e-04,1.0994309282e-04,1.9328431594e+01
1.2075198563e-04,1.1216899743e-04,1.9429641374e+01
1.2013352032e-04,1.0889749025e-04,1.9620635518e+01
1.1721810852e-04,1.1111152162e-04,1.9699477705e+01
1.1658182984e-04,1.0784595829e-04,1.9952074779e+01
1.1368173043e-04,1.1004658708e-04,2.0013384132e+01
1.1302707089e-04,1.0678472974e-04,2.0343719842e+01
1.1014241906e-04,1.0897224218e-04,2.0394211120e+01
1.0946684764e-04,1.0571666307e-04,2.0790496829e+01
1.0659927768e-04,1.0788785922e-04,2.0832416113e+01
1.0590276837e-04,1.0464051638e-04,2.1293523453e+01
1.0305329055e-04,1.0679353997e-04,2.1347932735e+01
1.0233408673e-04,1.0355529122e-04,2.1895732946e+01
9.9503323489e-05,1.0568827637e-04,2.1960183362e+01
1.0020694136e-04,1.0893749779e-04,2.1383361461e+01
9.6676421513e-05,1.0781099895e-04,2.2036984936e+01
9.5947648144e-05,1.0457094669e-04,2.2775416236e+01
9.3140542486e-05,1.0667046753e-04,2.2808593517e+01
9.2387004789e-05,1.0344438184e-04,2.2794566148e+01
8.9600532314e-05,1.0551843144e-04,2.2693997109e+01
8.8844025596e-05,1.0232714665e-04,2.2547047344e+01
8.6082577577e-05,1.0437681601e-04,2.2502318290e+01
8.5331119782e-05,1.0122699589e-04,2.2459632701e+01
8.2596645673e-05,1.0325282484e-04,2.2400782033e+01
8.1850966080e-05,1.0014612991e-04,2.2353702014e+01
7.9145009799e-05,1.0214834474e-04,2.2288136870e+01
7.8405285307e-05,9.9085634932e-05,2.2246921570e+01
7.5729248841e-05,1.0106477212e-04,2.2170821587e+01
7.4995077461e-05,9.8046888965e-05,2.2133070497e+01
7.2350322713e-05,1.0000358125e-04,2.2046919115e+01
7.3063510769e-05,1.0302665592e-04,2.2084807189e+01
6.9717664698e-05,1.0194212572e-04,2.1949046633e+01
6.9008923932e-05,9.8965794625e-05,2.1918628027e+01
6.6410993422e-05,1.0088219279e-04,2.1809432077e+01
6.5705640218e-05,9.7952833714e-05,2.1789093801e+01
6.3143845972e-05,9.9848304386e-05,2.1669671796e+01
6.2440540559e-05,9.6965886458e-05,2.1661602013e+01
5.9916161143e-05,9.8841794246e-05,2.1533758510e+01
5.9213370176e-05,9.6006106100e-05,2.1539497426e+01
5.6727527791e-05,9.7863883438e-05,2.1405802327e+01
5.6023615060e-05,9.5074373966e-05,2.1425992295e+01
5.3577260190e-05,9.6915588750e-05,2.1289530822e+01
5.2870400320e-05,9.4171556962e-05,2.1324164058e+01
5.0464002797e-05,9.5997796834e-05,2.1188283556e+01
4.9752539485e-05,9.3298287750e-05,2.1236481820e+01
4.7386253519e-05,9.5111260903e-05,2.1104541353e+01
4.6668587940e-05,9.2455114817e-05,2.1164850241e+01
4.4342548186e-05,9.4256267675e-05,2.1039854070e+01
4.3616972129e-05,9.1642306818e-05,2.1110402018e+01
4.1330942348e-05,9.3433066755e-05,2.0995008789e+01
4.0595899859e-05,9.0860067094e-05,2.1073446849e+01
3.8349344638e-05,9.2641913611e-05,2.0969715939e+01
3.7603488960e-05,9.0108435835e-05,2.1053648556e+01
3.5395684825e-05,9.1882682013e-05,2.0962889679e+01
3.6131330415e-05,9.4407421399e-05,2.0866592858e+01
3.3217277836e-05,9.3641655677e-05,2.0875191852e+01
3.2467893331e-05,9.1155136791e-05,2.0972873785e+01
3.0327972618e-05,9.2908770655e-05,2.0900438110e+01
2.9563880961e-05,9.0458897102e-05,2.0997452624e+01
2.7461210881e-05,9.2208254593e-05,2.0940451519e+01
2.6681619737e-05,8.9793509229e-05,2.1035280302e+01
2.4614883347e-05,9.1539480098e-05,2.0989919916e+01
2.3819218370e-05,8.9158350661e-05,2.1081091018e+01
2.1787049555e-05,9.0901753336e-05,2.1056703484e+01
2.0974849002e-05,8.8552852626e-05,2.1141448799e+01
1.8975875191e-05,9.0294323770e-05,2.1096247792e+01
1.8146832269e-05,8.7976319628e-05,2.1180304252e+01
1.6179670696e-05,8.9716399951e-05,2.1236107330e+01
1.5333626408e-05,8.7427959905e-05,2.1309774678e+01
1.3396894112e-05,8.9167161863e-05,2.1023331938e+01
1.2533755069e-05,8.6907185435e-05,2.1109666662e+01
1.0626888447e-05,8.8645659737e-05,2.2043192440e+01
9.7469052153e-06,8.6413111945e-05,2.2263118320e+01
7.8609353012e-06,8.8152462811e-05,2.4869730593e+01
6.9611851597e-06,8.5946210044e-05,2.5018985545e+01
5.0745691328e-06,8.7691473664e-05,2.6466209053e+01
4.1544138141e-06,8.5509707564e-05,2.6626113824e+01
2.2700346331e-06,8.7261262877e-05,2.8163808060e+01
1.3290416318e-06,8.5102125587e-05,2.8305048191e+01
-5.5113174119e-07,8.6860466652e-05,2.9615414621e+01
-1.5132970779e-06,8.4722157623e-05,2.9753111685e+01
-3.3874854285e-06,8.6487707057e-05,3.0926408201e+01
-4.3711588357e-06,8.4368838063e-05,3.1056968426e+01
-6.2376947716e-06,8.6141680189e-05,3.2085667995e+01
-7.2430964088e-06,8.4040765433e-05,3.2212570571e+01
-9.1005101431e-06,8.5821047642e-05,3.3110448672e+01
-1.0127794903e-05,8.3736641148e-05,3.3235069246e+01
-1.1974777037e-05,8.5524512819e-05,3.4010832631e+01
-1.3024134759e-05,8.3455622985e-05,3.4135258651e+01
-1.4859444412e-05,8.5250894815e-05,3.4797687451e+01
-1.5930958831e-05,8.3196333405e-05,3.4923605024e+01
-1.7753522616e-05,8.4998976727e-05,3.5480931208e+01
-1.8847232722e-05,8.2957575536e-05,3.5609904171e+01
-2.1772091583e-05,8.2738665614e-05,3.6203292729e+01
-2.3566343908e-05,8.4555737119e-05,3.6573122868e+01
-2.6483455356e-05,8.4362313317e-05,3.6998827858e+01
-2.7643966569e-05,8.2355397303e-05,3.7144655079e+01
-2.9406733279e-05,8.4186311733e-05,3.7354519564e+01
-3.0589489551e-05,8.2189456445e-05,3.7507940140e+01
-3.2335507345e-05,8.4026863249e-05,3.7647235733e+01
-3.5269144556e-05,8.3883031786e-05,3.7883538199e+01
-3.6496149131e-05,8.1903832790e-05,3.8054120268e+01
-3.8207059842e-05,8.3753945572e-05,3.8069520151e+01
-3.9456093945e-05,8.1782883819e-05,3.8249344224e+01
-4.1148719190e-05,8.3638887725e-05,3.8210827514e+01
-4.2419665781e-05,8.1675267626e-05,3.8400142971e+01
-4.4093608180e-05,8.3537057238e-05,3.8312673079e+01
-4.5386334252e-05,8.1580138226e-05,3.8511609504e+01
-4.7041247071e-05,8.3447719128e-05,3.8379859973e+01
-4.8355658893e-05,8.1497385531e-05,3.8588362951e+01
-4.9991193331e-05,8.3370303112e-05,3.8416764339e+01
-5.1327140201e-05,8.1425944854e-05,3.8634715514e+01
-5.2943016548e-05,8.3304135136e-05,3.8427406024e+01
-5.4300337647e-05,8.1365087336e-05,3.8654597822e+01
-5.5896311024e-05,8.3248608586e-05,3.8415424744e+01
-5.7274871388e-05,8.1314882924e-05,3.8651486689e+01
-5.8850695929e-05,8.3203288933e-05,3.8384107945e+01
-6.0250319686e-05,8.1274338139e-05,3.8628662214e+01
-6.1805797920e-05,8.3167618488e-05,3.8336433748e+01
-6.3226304571e-05,8.1242832110e-05,3.8589062525e+01
-6.4761260645e-05,8.3141106425e-05,3.8275080691e+01
-6.6202477364e-05,8.1220604160e-05,3.8535207506e+01
-6.7716741167e-05,8.3123441839e-05,3.8202420269e+01
-6.9178473539e-05,8.1206719387e-05,3.8469527668e+01
-7.0671902904e-05,8.3114169769e-05,3.8120596194e+01
-7.2153954125e-05,8.1200902120e-05,3.8394113725e+01
-7.3626020719e-05,8.3112771048e-05,3.8031541212e+01
-7.5128519399e-05,8.1202845134e-05,3.8310835681e+01
-7.6579495569e-05,8.3119250174e-05,3.7936855901e+01
-7.8101952771e-05,8.1212269342e-05,3.8221349692e+01
-7.9532251005e-05,8.3133334009e-05,3.7838002556e+01
-8.1073990773e-05,8.1228946312e-05,3.8127113695e+01
-8.2482912803e-05,8.3154571911e-05,3.7736338785e+01
-8.4044165451e-05,8.1252306933e-05,3.8029485405e+01
-8.5432384197e-05,8.3182394791e-05,3.7633019335e+01
-8.7012292422e-05,8.1282844922e-05,3.7929463398e+01
-8.8379086932e-05,8.3217280304e-05,3.7528939737e+01
-8.9977914438e-05,8.1319818046e-05,3.7828141044e+01
-9.1322471175e-05,8.3259070410e-05,3.7424945963e+01
-9.2940627868e-05,8.1362926133e-05,3.7726403668e+01
-9.4263573694e-05,8.3307034749e-05,3.7321821838e+01
-9.5900377049e-05,8.1412760737e-05,3.7624841098e+01
-9.7201657150e-05,8.3361356599e-05,3.7220136729e+01
-9.8856767192e-05,8.1468631509e-05,3.7524193974e+01
-1.0013632949e-04,8.3421889745e-05,3.7120412863e+01
-1.0180948932e-04,8.1530463064e-05,3.7424991370e+01
-1.0306726871e-04,8.3488551637e-05,3.7023077304e+01
-1.0475822333e-04,8.1598253383e-05,3.7327665674e+01
-1.0599416142e-04,8.3561296820e-05,3.6928473977e+01
-1.0770269628e-04,8.1671657402e-05,3.7232639797e+01
-1.9560026729e-05,8.6812593761e-05,3.5971048686e+01
-3.1150763119e-05,8.6029783843e-05,3.7508845714e+01
-8.0922618919e-06,8.7922220689e-05,3.3038881076e+01
-1.0891670181e-04,8.3640042962e-05,3.6836887350e+01
-1.1064245976e-04,8.1751599440e-05,3.7140038924e+01
-4.2821048154e-05,8.5508358231e-05,3.8129349203e+01
-1.1183455397e-04,8.3724927992e-05,3.6748505114e+01
-1.1357731126e-04,8.1837212715e-05,3.7050257360e+01
-5.4537821546e-05,8.5196193124e-05,3.8189540111e+01
-1.1474741616e-04,8.3815839863e-05,3.6663508819e+01
-1.1650689585e-04,8.1928745835e-05,3.6963435509e+01
2.5390074763e-05,9.3944071436e-05,2.0888690042e+01
-6.6274953099e-05,8.5053288779e-05,3.7941928025e+01
4.8080907218e-05,9.7804429114e-05,2.1041144958e+01
-1.1765496463e-04,8.3912824705e-05,3.6582007445e+01
-1.1943088811e-04,8.2026224894e-05,3.6879710464e+01
-1.2055687415e-04,8.4015931063e-05,3.6504071403e+01
-7.8008620169e-05,8.5050241251e-05,3.7553470670e+01
6.0597463394e-05,1.0172296517e-04,2.1534065078e+01
-1.2345281495e-04,8.4125232666e-05,3.6429733812e+01
-1.2526083435e-04,8.2238916596e-05,3.6721940661e+01
-8.9726431651e-05,8.5166993398e-05,3.7126973455e+01
-1.2634246949e-04,8.4240736022e-05,3.6359011350e+01
-1.2816605138e-04,8.2354655402e-05,3.6647914528e+01
8.6819574337e-05,1.0757924129e-04,2.2614915667e+01
-1.2922591371e-04,8.4362530384e-05,3.6291877677e+01
-1.3001100166e-04,8.0477761592e-05,3.6940356982e+01
-1.3292464058e-04,8.0599907771e-05,3.6866026646e+01
-1.3395535179e-04,8.2605363984e-05,3.6509593005e+01
-1.3583066445e-04,8.0728449960e-05,3.6794629666e+01
-1.3683868222e-04,8.2740564534e-05,3.6445237046e+01
-1.3872873045e-04,8.0863534851e-05,3.6726139555e+01
-1.3772791884e-04,7.8860298411e-05,3.7082790922e+01
-1.4064077930e-04,7.8995283734e-05,3.7010171752e+01
-1.4161849108e-04,8.1005374620e-05,3.6660506040e+01
-1.4354500819e-04,7.9136828130e-05,3.6940160828e+01
-1.4449982253e-04,8.1154048861e-05,3.6597686316e+01
-1.4644024062e-04,7.9285204461e-05,3.6872701652e+01
-1.0350036443e-04,7.9650116671e-05,3.7732812883e+01
-1.0139729588e-04,8.5389788177e-05,3.6721830863e+01
-1.4737184974e-04,8.1309919044e-05,3.6537598122e+01
-1.4932599680e-04,7.9440729418e-05,3.6807725911e+01
-1.5023408884e-04,8.1473280077e-05,3.6480156541e+01
-1.5220191419e-04,7.9603505823e-05,3.6745192611e+01
-1.5130271637e-04,7.7579591530e-05,3.7080409595e+01
-1.5419251940e-04,7.7741784910e-05,3.7012732861e+01
-1.5506760539e-04,7.9774074684e-05,3.6684991873e+01
-6.7666980017e-05,7.9313207169e-05,3.8802600470e+01
-1.1300915253e-04,8.5713171959e-05,3.6367157641e+01
1.1430295578e-04,1.1332170109e-04,1.9762585188e+01
-1.5792269495e-04,7.9952537871e-05,3.6627082379e+01
-1.5993927468e-04,7.8089744380e-05,3.6883634168e+01
-1.5620605332e-04,7.5887903825e-05,3.7282108322e+01
-1.3964720914e-04,7.7001266628e-05,3.7373448442e+01
-8.8616520264e-05,7.9394935234e-05,3.8229728798e+01
-1.6076673618e-04,8.0139260516e-05,3.6571386967e+01
-1.6279567365e-04,7.8275926742e-05,3.6822121997e+01
2.0144379270e-05,8.6226875093e-05,2.1219785518e+01
3.2173374318e-06,8.3346790847e-05,2.6882025533e+01
-1.4094242140e-05,8.1403527027e-05,3.4304339015e+01
-3.1794498606e-05,8.0207999939e-05,3.7686122003e+01
-4.9692967159e-05,7.9561270534e-05,3.8810586314e+01
-1.6359930884e-04,8.0334543834e-05,3.6517842350e+01
-1.6564016816e-04,7.8470793509e-05,3.6762543613e+01
-1.2453988137e-04,8.6136084902e-05,3.6074161990e+01
-1.6642001919e-04,8.0538747660e-05,3.6466384890e+01
-1.6847238433e-04,7.8674650632e-05,3.6704856109e+01
-1.6770472421e-04,7.6614292495e-05,3.7008729828e+01
-1.7054855999e-04,7.6817656143e-05,3.6944691740e+01
-1.6979345078e-04,7.4764947484e-05,3.7255580984e+01
-1.7264898871e-04,7.4967706874e-05,3.7185033877e+01
-1.7337920530e-04,7.7030488999e-05,3.6882301317e+01
-1.7549086511e-04,7.5180006337e-05,3.7115923349e+01
-1.7190686965e-04,7.2922730669e-05,3.7502249505e+01
-1.7619618147e-04,7.7253200463e-05,3.6821539456e+01
-1.7831859099e-04,7.5402281067e-05,3.7048241030e+01
-1.7899905986e-04,7.7486235033e-05,3.6762398581e+01
-1.4828946717e-04,8.3351130143e-05,3.6218327021e+01
1.4189417383e-04,1.1844610768e-04,1.7920507419e+01
4.5929482068e-05,8.9835080014e-05,2.1222525434e+01
5.8490896268e-05,9.3214284247e-05,2.1550211633e+01
-1.8178736983e-04,7.7730075413e-05,3.6704885463e+01
-1.8392969684e-04,7.5878679862e-05,3.6917197114e+01
-1.8328934113e-04,7.3790412847e-05,3.7200540837e+01
-1.8609717338e-04,7.4033804410e-05,3.7128211611e+01
-1.8547252881e-04,7.1952401059e-05,3.7417010013e+01
-1.8829028504e-04,7.2195393952e-05,3.7336846192e+01
-1.8888896094e-04,7.4288838994e-05,3.7057211199e+01
-1.9109136775e-04,7.2450219210e-05,3.7257826929e+01
-1.9050951701e-04,7.0363424467e-05,3.7541952395e+01
-1.9331999559e-04,7.0617947274e-05,3.7454541992e+01
-1.9387518395e-04,7.2717462876e-05,3.7180065617e+01
-1.9664118257e-04,7.2997745173e-05,3.7103707467e+01
-1.9888677891e-04,7.1165528973e-05,3.7283144458e+01
-1.9837686014e-04,6.9058979792e-05,3.7550716960e+01
-2.0115930062e-04,6.9339466277e-05,3.7456467812e+01
-2.0164205883e-04,7.1459899836e-05,3.7199548956e+01
-2.0392209463e-04,6.9634192049e-05,3.7363573190e+01
-2.0345922547e-04,6.7519575267e-05,3.7622112928e+01
-2.0622962640e-04,6.7814599633e-05,3.7519348032e+01
-2.0666472331e-04,6.9943881657e-05,3.7272345323e+01
-2.0897906753e-04,6.8124924108e-05,3.7418170741e+01
8.1092720095e-05,9.7091140174e-05,2.2315318167e+01
-2.0856520511e-04,6.6001127608e-05,3.7665039682e+01
-2.1170693155e-04,6.8451344908e-05,3.7319019599e+01
-2.1405550537e-04,6.6639471777e-05,3.7443375205e+01
-2.1441260675e-04,6.8794700060e-05,3.7222412209e+01
-2.1676643405e-04,6.6984234511e-05,3.7336141131e+01
-2.1643275667e-04,6.4833727297e-05,3.7553853571e+01
-2.1914899450e-04,6.5179908440e-05,3.7435073143e+01
-2.1945372863e-04,6.7347243567e-05,3.7232209764e+01
-2.2184069699e-04,6.5544836088e-05,3.7319713185e+01
-2.2156081301e-04,6.3381825568e-05,3.7516264214e+01
-2.2425689882e-04,6.3748756127e-05,3.7388246790e+01
1.6240414297e-04,1.2154219751e-04,1.7402283131e+01
-1.7966968134e-04,7.9588017026e-05,3.6492313273e+01
-2.2450727042e-04,6.5929497370e-05,3.7208694463e+01
-2.2692689805e-04,6.4135975935e-05,3.7264713261e+01
1.1592900712e-04,1.0459417754e-04,2.0275204909e+01
-2.2670293998e-04,6.1959078304e-05,3.7434118872e+01
-2.2937628060e-04,6.2349017100e-05,3.7296390350e+01
-2.2957018026e-04,6.4544564962e-05,3.7146803818e+01
-2.3202183853e-04,6.2760961900e-05,3.7164376475e+01
2.2804858694e-04,1.1186183771e-04,1.7084009180e+01
2.3144023171e-04,1.0927656034e-04,1.6962969280e+01
2.2465845461e-04,1.1441876009e-04,1.6949798538e+01
-2.3218610707e-04,6.4975581606e-05,3.7035788880e+01
-2.3463897619e-04,6.3196052008e-05,3.7039389488e+01
-2.3450379263e-04,6.0984324552e-05,3.7150756391e+01
-2.3712200605e-04,6.1423734355e-05,3.7009393031e+01
3.3943150355e-05,9.6155907378e-05,2.0765752575e+01
7.0407638476e-05,1.0496921707e-04,2.1987265447e+01
9.7362922340e-05,1.1107155072e-04,2.1401638672e+01
-1.8243382358e-04,7.9843050163e-05,3.6443667637e+01
1.2485737815e-04,1.1651133192e-04,1.9104513643e+01
-7.9647671545e-05,7.9317475535e-05,3.8510740811e+01
-2.2406588473e-04,4.1477114764e-05,3.9612029676e+01
-5.8676538180e-05,7.9394815542e-05,3.8897560685e+01
-4.0727759618e-05,7.9826616178e-05,3.8447712511e+01
1.2205651716e-04,6.3171268643e-05,2.2545732534e+01
7.4578691423e-05,5.5264278910e-05,2.2280248908e+01
1.4857889125e-04,6.8538221407e-05,1.9527825395e+01
5.4141516975e-05,5.2665799699e-05,2.2031347513e+01
9.5953214189e-05,5.8531323202e-05,2.2583828337e+01
3.4567530324e-05,5.0738392383e-05,2.1871296766e+01
-2.2909754116e-05,8.0725795219e-05,3.6369737470e+01
1.2439473281e-05,4.9243398761e-05,2.7307335403e+01
-6.9132684654e-05,4.5284308275e-05,4.4496320982e+01
1.0516936277e-04,1.0141278821e-04,2.1829761700e+01
2.8778925309e-05,8.8035397087e-05,2.1085306288e+01
-8.9564333057e-05,4.5278881605e-05,4.4903667375e+01
1.3668462657e-04,1.0752114581e-04,1.8423637907e+01
-1.8033131408e-04,8.1707362125e-05,3.6238852130e+01
3.0580660018e-04,7.2386071421e-05,1.4009953391e+01
3.0244699141e-04,7.5447362568e-05,1.4014308559e+01
-1.8307196213e-04,8.1973670432e-05,3.6199170744e+01
-2.3722706740e-04,6.3655486653e-05,3.6922835096e+01
-2.3971003156e-04,6.1888317445e-05,3.6876486530e+01
-2.3963580300e-04,5.9658878312e-05,3.6939871740e+01
-2.4222361425e-04,6.0128961762e-05,3.6787786549e+01
1.7958393765e-04,1.2382247682e-04,1.7490834993e+01
2.3197986564e-04,1.1305578998e-04,1.6189522793e+01
2.3539537392e-04,1.1045049815e-04,1.5487075265e+01
3.2011757176e-04,4.1601146182e-05,1.4602579769e+01
3.1606817768e-04,4.1066518827e-05,1.4790196551e+01
-2.4218091912e-04,5.7901785445e-05,3.6824367002e+01
-2.4476833624e-04,5.8377761644e-05,3.6650038106e+01
-2.4477945493e-04,6.0626418185e-05,3.6645819572e+01
-2.4732245854e-04,5.8882100548e-05,3.6486137752e+01
1.9492513499e-04,1.0862331202e-04,1.7390732606e+01
1.5384086265e-04,1.0933837344e-04,1.7260478299e+01
-2.4734465004e-04,5.6635135753e-05,3.6455943951e+01
-2.4989682709e-04,5.7146891098e-05,3.6267019865e+01
-2.4984264057e-04,5.9416240849e-05,3.6334979678e+01
-2.5241367170e-04,5.7689556811e-05,3.6091998543e+01
2.3593017213e-04,1.1425013527e-04,1.4884077662e+01
2.3934995392e-04,1.1161623031e-04,1.4966037370e+01
3.0636686811e-04,7.6227203774e-05,1.3883743132e+01
3.0300658061e-04,7.9288060562e-05,1.3890033648e+01
3.1942302668e-04,3.7892397861e-05,1.4800331904e+01
3.1534546218e-04,3.7380266153e-05,1.4981575550e+01
-1.8098477292e-04,8.3843995853e-05,3.6002867623e+01
-2.5232821982e-04,5.9981638421e-05,3.6199270076e+01
-2.5489450213e-04,5.8264654412e-05,3.5934277365e+01
-2.5501617815e-04,5.5973148845e-05,3.5777968714e+01
-2.5749198768e-04,5.6558632730e-05,3.5595717230e+01
-1.8370269329e-04,8.4121604353e-05,3.5972222424e+01
1.7683477309e-04,8.4045836934e-05,1.7378507432e+01
2.3986575452e-04,1.1543067469e-04,1.4731208983e+01
2.4328870393e-04,1.1276798622e-04,1.4606850327e+01
2.4275911259e-04,1.0895378519e-04,1.4869001218e+01
2.4670142804e-04,1.1007793883e-04,1.4556139347e+01
-2.5765062695e-04,5.4267662606e-05,3.5382054046e+01
-2.6012105984e-04,5.4864367119e-05,3.5172053503e+01
-2.5993075278e-04,5.7178444402e-05,3.5437924128e+01
-2.6255223568e-04,5.5497316803e-05,3.4990336969e+01
2.3643103649e-04,1.1806388086e-04,1.4859571635e+01
2.4902597908e-04,7.8300918349e-05,1.6947701692e+01
1.7462665552e-04,1.1235396528e-04,1.7475108696e+01
2.5683015153e-04,5.9251228901e-05,1.7103513536e+01
2.6012515849e-04,5.6482259486e-05,1.7104993623e+01
2.5613099912e-04,5.5769488224e-05,1.7160404311e+01
2.5942209037e-04,5.3014431439e-05,1.7162385777e+01
2.5544318828e-04,5.2349084650e-05,1.7205908072e+01
2.5873214555e-04,4.9610626750e-05,1.7207080048e+01
2.5476902391e-04,4.8995567410e-05,1.7242525580e+01
2.5805795534e-04,4.6276599412e-05,1.7240779620e+01
2.5411075398e-04,4.5715035910e-05,1.7259638495e+01
2.5740208360e-04,4.3018803948e-05,1.7249299345e+01
2.5347048662e-04,4.2514185845e-05,1.7240593686e+01
2.5676692999e-04,3.9844479118e-05,1.7225745996e+01
2.5284854290e-04,3.9399378136e-05,1.7153345839e+01
2.6069877181e-04,4.0310553979e-05,1.7236461977e+01
2.6006990312e-04,3.7163437343e-05,1.7185384253e+01
2.6400075863e-04,3.7589399727e-05,1.7224054673e+01
2.4955216005e-04,4.2029128143e-05,1.7205556109e+01
2.4893566787e-04,3.8969261401e-05,1.7069723921e+01
2.4564091264e-04,4.1559242675e-05,1.7117197483e+01
2.4501798321e-04,3.8538619065e-05,1.7093432146e+01
2.4172970428e-04,4.1096015555e-05,1.7083594889e+01
2.4108738514e-04,3.8091491942e-05,1.7262110757e+01
2.3781036243e-04,4.0623977321e-05,1.7094687003e+01
2.3714432823e-04,3.7625463696e-05,1.7474388654e+01
2.3387911989e-04,4.0133509508e-05,1.7312746499e+01
2.3318902470e-04,3.7140528409e-05,1.7635359080e+01
2.2993632324e-04,3.9624668986e-05,1.7487856841e+01
2.2922643836e-04,3.6639653356e-05,1.7776488355e+01
2.2598600139e-04,3.9100396661e-05,1.7615328098e+01
2.2526314162e-04,3.6128819937e-05,1.7867421368e+01
2.2203587439e-04,3.8566127381e-05,1.7720727696e+01
2.2130371651e-04,3.5611644673e-05,1.7972815356e+01
2.1808856606e-04,3.8025782712e-05,1.7838321996e+01
2.1734842519e-04,3.5089895627e-05,1.8069356155e+01
2.1414332091e-04,3.7481955088e-05,1.7946824168e+01
2.1339848348e-04,3.4567549244e-05,1.8180931054e+01
2.1020258129e-04,3.6936365348e-05,1.8066418987e+01
2.0945362978e-04,3.4045532145e-05,1.8303349120e+01
2.0626649144e-04,3.6391511438e-05,1.8201965332e+01
2.0551408417e-04,3.3526055278e-05,1.8435530316e+01
2.0233514952e-04,3.5849418120e-05,1.8348522709e+01
2.0157922026e-04,3.3010022620e-05,1.8587111774e+01
1.9840783873e-04,3.5311334359e-05,1.8507695652e+01
1.9764880181e-04,3.2499412497e-05,1.8739888044e+01
1.9448448988e-04,3.4778695382e-05,1.8677290868e+01
1.9372298933e-04,3.1995256494e-05,1.8906336599e+01
1.9056520269e-04,3.4252851963e-05,1.8859519576e+01
1.8980107530e-04,3.1498439284e-05,1.9090146967e+01
1.8664854475e-04,3.3734745132e-05,1.9056916087e+01
1.8588203071e-04,3.1009860204e-05,1.9290391016e+01
1.8273619537e-04,3.3224804468e-05,1.9266464916e+01
1.8196563004e-04,3.0530145499e-05,1.9501407686e+01
1.7882553342e-04,3.2724000816e-05,1.9491464804e+01
1.7805095630e-04,3.0059897490e-05,1.9726803892e+01
1.7491551705e-04,3.2233025171e-05,1.9732232552e+01
1.7413750644e-04,2.9599278297e-05,1.9967128114e+01
1.7100807257e-04,3.1752137026e-05,1.9986875124e+01
1.7022470812e-04,2.9149756406e-05,2.0221677920e+01
1.6710065221e-04,3.1282245812e-05,2.0254920813e+01
1.6631219551e-04,2.8711011635e-05,2.0485530284e+01
1.6319345556e-04,3.0823676876e-05,2.0533020361e+01
1.6239972798e-04,2.8283482600e-05,2.0760423478e+01
1.5928631095e-04,3.0376784407e-05,2.0824394998e+01
1.5848706363e-04,2.7867720089e-05,2.1049903234e+01
1.5537896455e-04,2.9941956983e-05,2.1130049968e+01
1.5457376021e-04,2.7464170057e-05,2.1358626438e+01
1.5147126228e-04,2.9519470164e-05,2.1438887801e+01
1.5065995423e-04,2.7073230774e-05,2.1660655821e+01
1.4756256797e-04,2.9109848153e-05,2.1767196460e+01
1.4674602842e-04,2.6694860143e-05,2.1980599249e+01
1.4365535700e-04,2.8713258125e-05,2.2099305753e+01
1.4283228478e-04,2.6330896373e-05,2.2300660473e+01
1.3974805370e-04,2.8330598574e-05,2.2438147874e+01
1.3892049384e-04,2.5981564121e-05,2.2601169469e+01
1.3584262371e-04,2.7962769817e-05,2.2762226313e+01
1.3501428274e-04,2.5648826009e-05,2.2872954937e+01
1.3194305610e-04,2.7611944712e-05,2.3007436780e+01
1.3111842580e-04,2.5334000111e-05,2.3002678143e+01
1.2806061327e-04,2.7279210671e-05,2.2975199267e+01
1.2724217120e-04,2.5037414532e-05,2.2979079101e+01
1.2419986979e-04,2.6964472781e-05,2.2952414056e+01
1.2338647194e-04,2.4758830465e-05,2.2949683166e+01
1.2036020466e-04,2.6667901798e-05,2.2922397222e+01
1.1955099290e-04,2.4498233743e-05,2.2918485888e+01
1.1654139372e-04,2.6389463130e-05,2.2889969627e+01
1.1573543695e-04,2.4255549773e-05,2.2883130825e+01
1.1274325956e-04,2.6129079205e-05,2.2853799099e+01
1.1193974658e-04,2.4029974849e-05,2.2844500619e+01
1.0896563601e-04,2.5886438369e-05,2.2814990869e+01
1.0816334115e-04,2.3822502043e-05,2.2802919625e+01
1.0520831611e-04,2.5661466123e-05,2.2772829384e+01
1.0440637007e-04,2.3631573393e-05,2.2760233881e+01
1.0147121467e-04,2.5453626861e-05,2.2728779048e+01
1.0066864064e-04,2.3456863429e-05,2.2717532736e+01
9.7753345630e-05,2.5262520653e-05,2.2684108174e+01
9.6949877634e-05,2.3297896363e-05,2.2676056228e+01
9.4057026961e-05,2.5087478819e-05,2.2640311710e+01
9.3250463220e-05,2.3153954446e-05,2.2638530970e+01
9.0380077544e-05,2.4928058692e-05,2.2598694881e+01
8.9570025258e-05,2.3024430183e-05,2.2605705124e+01
8.6722055286e-05,2.4783660414e-05,2.2561223120e+01
8.5908463405e-05,2.2908623305e-05,2.2580384888e+01
8.3085344334e-05,2.4653497504e-05,2.2529965011e+01
8.2266104748e-05,2.2805831652e-05,2.2562542807e+01
7.9467831311e-05,2.4537018508e-05,2.2505510697e+01
7.8642710851e-05,2.2715291888e-05,2.2555870150e+01
7.5869094996e-05,2.4433542814e-05,2.2492074808e+01
7.5038102563e-05,2.2636313518e-05,2.2552937912e+01
7.2291436218e-05,2.4342249076e-05,2.2480524225e+01
7.1452658195e-05,2.2568149640e-05,2.2593298861e+01
6.8732741414e-05,2.4262539406e-05,2.2504196121e+01
6.5192634655e-05,2.4193965689e-05,2.2446934028e+01
6.4338437199e-05,2.2461690347e-05,2.2942483401e+01
6.1673382969e-05,2.4135530672e-05,2.2856133633e+01
6.0796143801e-05,2.2416249566e-05,2.3559524390e+01
5.8163642687e-05,2.4082523689e-05,2.3562991208e+01
5.7244831572e-05,2.2368285919e-05,2.4080838231e+01
5.4642845357e-05,2.4027441158e-05,2.4086623004e+01
5.3684497988e-05,2.2318383443e-05,2.4723608924e+01
5.1113482593e-05,2.3970207290e-05,2.4742857147e+01
5.0115530145e-05,2.2266698839e-05,2.5406600761e+01
4.7573845432e-05,2.3911549198e-05,2.5460291651e+01
4.6537674206e-05,2.2213603898e-05,2.6149408473e+01
4.4024387414e-05,2.3851643306e-05,2.6230199079e+01
4.2950982665e-05,2.2159332885e-05,2.6943889209e+01
4.0465250575e-05,2.3790740003e-05,2.7051817181e+01
3.9355488546e-05,2.2104187825e-05,2.7784830633e+01
3.6896536426e-05,2.3729115550e-05,2.7917552378e+01
3.5751282108e-05,2.2048368523e-05,2.8666976393e+01
3.3318363346e-05,2.3667036752e-05,2.8822642991e+01
3.2138437568e-05,2.1992173666e-05,2.9584251050e+01
2.9730155164e-05,2.3604970265e-05,2.9760455644e+01
2.8516962150e-05,2.1935873039e-05,3.0530539924e+01
2.6133412724e-05,2.3542649588e-05,3.0724433213e+01
2.4887191782e-05,2.1879687719e-05,3.1499329123e+01
2.2528467383e-05,2.3480891286e-05,3.1707591599e+01
2.1249492603e-05,2.1823304745e-05,3.2484132185e+01
1.8913518909e-05,2.3419812414e-05,3.2703695043e+01
1.7603429217e-05,2.1768648437e-05,3.3478010351e+01
1.5291376823e-05,2.3359607960e-05,3.3705228555e+01
1.3949887811e-05,2.1714481738e-05,3.4474601130e+01
1.1660541298e-05,2.3300629271e-05,3.4705946651e+01
1.0288841650e-05,2.1661367388e-05,3.5467401432e+01
8.0217538629e-06,2.3243072303e-05,3.5699234763e+01
6.6205915113e-06,2.1609639439e-05,3.6450215582e+01
4.3754277561e-06,2.3187174277e-05,3.6678938816e+01
2.9454983159e-06,2.1559418055e-05,3.7417183702e+01
7.2112744931e-07,2.3133111896e-05,3.7639535116e+01
-7.3624076626e-07,2.1510926949e-05,3.8362967743e+01
-4.4238540525e-06,2.1463708421e-05,3.9282729822e+01
-6.6049773942e-06,2.3031219947e-05,3.9482022323e+01
-8.1173907296e-06,2.1419654200e-05,4.0171896972e+01
-1.0277562449e-05,2.2983821951e-05,4.0355700542e+01
-1.1816322789e-05,2.1377390515e-05,4.1027090135e+01
-1.5520301787e-05,2.1336604595e-05,4.1845319905e+01
-1.7639164537e-05,2.2896237650e-05,4.1991100014e+01
-1.9228845586e-05,2.1299285401e-05,4.2623711983e+01
-2.1327068911e-05,2.2856398777e-05,4.2747910863e+01
-2.2941606883e-05,2.1263900656e-05,4.3360753997e+01
-2.6658221975e-05,2.1230810095e-05,4.4055037206e+01
-2.8716255589e-05,2.2784645821e-05,4.4132459373e+01
-3.0378420528e-05,2.1200158789e-05,4.4705777894e+01
-3.2416093919e-05,2.2752382011e-05,4.4758668324e+01
-3.4101564374e-05,2.1171098110e-05,4.5312742005e+01
-3.7827402161e-05,2.1145643143e-05,4.5875646682e+01
-3.9824281653e-05,2.2696185045e-05,4.5878530244e+01
-4.1555737589e-05,2.1122078076e-05,4.6395289331e+01
-4.3532239935e-05,2.2671832796e-05,4.6373311595e+01
-4.5286046243e-05,2.1100650886e-05,4.6872310180e+01
-4.7232666304e-05,2.2647300758e-05,4.6825180818e+01
-4.9016453233e-05,2.1080997925e-05,4.7307621877e+01
-5.2746177323e-05,2.1065293756e-05,4.7702078291e+01
-5.4642002842e-05,2.2615768016e-05,4.7606222431e+01
-5.6480860030e-05,2.1049796143e-05,4.8058300349e+01
-5.8375336792e-05,2.2598282890e-05,4.7942100296e+01
-6.0219406139e-05,2.1036195027e-05,4.8377322869e+01
-6.2093675735e-05,2.2584747164e-05,4.8239505026e+01
-6.5809446453e-05,2.2573588340e-05,4.8501732682e+01
-6.7692689334e-05,2.1015239581e-05,4.8908960297e+01
-6.9524684205e-05,2.2564432924e-05,4.8730763190e+01
-7.1428782219e-05,2.1007447875e-05,4.9125219942e+01
-7.3239755728e-05,2.2557087026e-05,4.8928417512e+01
-7.5164593405e-05,2.1001305572e-05,4.9310791073e+01
-7.8899944860e-05,2.0996694333e-05,4.9467387083e+01
-8.0668555087e-05,2.2547539951e-05,4.9236553949e+01
-8.2634613889e-05,2.0993577745e-05,4.9596700994e+01
-8.4381830527e-05,2.2545180954e-05,4.9350436431e+01
-8.6368411373e-05,2.0991844367e-05,4.9700370775e+01
-8.8094112480e-05,2.2544311412e-05,4.9439718676e+01
-9.1805131367e-05,2.2544874998e-05,4.9505957091e+01
-9.3832611489e-05,2.0992326569e-05,4.9837063469e+01
-9.5514684178e-05,2.2546799063e-05,4.9550642140e+01
-9.7562628895e-05,2.0994421043e-05,4.9873046922e+01
-9.9222633300e-05,2.2550022404e-05,4.9575181950e+01
-1.0129103052e-04,2.0997652425e-05,4.9889296996e+01
-1.0501764158e-04,2.1002007644e-05,4.9887091731e+01
-1.0663294717e-04,2.2560144021e-05,4.9569033603e+01
-1.0874228772e-04,2.1007409323e-05,4.9867615811e+01
-1.1033487565e-04,2.2566956819e-05,4.9540723580e+01
-1.1246479144e-04,2.1013856512e-05,4.9831964786e+01
-1.1403446213e-04,2.2574885374e-05,4.9497020631e+01
-1.1773153792e-04,2.2583893349e-05,4.9438885318e+01
-1.1990274579e-04,2.1029691735e-05,4.9716044861e+01
-1.2142586261e-04,2.2593967805e-05,4.9367176234e+01
-1.2361785525e-04,2.1039035858e-05,4.9637493525e+01
-1.2511724165e-04,2.2605087776e-05,4.9282667244e+01
-1.2733014664e-04,2.1049336450e-05,4.9546200733e+01
-1.3103946210e-04,2.1060548770e-05,4.9442787194e+01
-1.3249061475e-04,2.2630427498e-05,4.9077843712e+01
-1.3474561959e-04,2.1072708507e-05,4.9327777912e+01
-1.3617216820e-04,2.2644646543e-05,4.8958597729e+01
-1.3844842808e-04,2.1085785732e-05,4.9201604404e+01
-1.4214767548e-04,2.1099821210e-05,4.9064601108e+01
-1.2419496298e-05,2.4555361133e-05,4.0529802167e+01
-1.4352382036e-04,2.2676248292e-05,4.8688421687e+01
-1.4584317413e-04,2.1114815055e-05,4.8917015127e+01
-1.4719357825e-04,2.2693674246e-05,4.8537991301e+01
-1.4953470438e-04,2.1130828857e-05,4.8758961747e+01
-1.5084964818e-04,2.2709221928e-05,4.8378563858e+01
-1.5322076195e-04,2.1148012594e-05,4.8590556709e+01
1.5619372069e-04,3.2473565392e-05,2.0903516311e+01
1.2889394099e-04,2.9583565211e-05,2.2973875739e+01
3.8001429879e-05,2.5429653984e-05,2.7160387778e+01
2.1489176478e-06,2.4771616688e-05,3.6903396086e+01
-3.0754751650e-05,2.4346575713e-05,4.4195433565e+01
1.8351243364e-04,3.5968785733e-05,1.9036665738e+01
-1.5451983911e-04,2.2731611843e-05,4.8207112497e+01
-1.5690476301e-04,2.1165924809e-05,4.8411645778e+01
-4.5471061529e-05,2.4229938747e-05,4.6333731589e+01
1.6598569578e-05,2.5022561183e-05,3.2923271912e+01
5.2065969983e-05,2.5695163147e-05,2.4090232273e+01
7.3124498537e-05,2.6163445483e-05,2.2435849115e+01
9.4868093589e-05,2.7080561045e-05,2.2652463719e+01
1.1355846333e-04,2.8291396500e-05,2.2860614783e+01
-1.5815367935e-04,2.2756118890e-05,4.8026907271e+01
-1.6057999265e-04,2.1184277283e-05,4.8222492513e+01
-1.6182290575e-04,2.2773186743e-05,4.7836199890e+01
-1.6425587741e-04,2.1203683592e-05,4.8022178553e+01
-6.3949598880e-05,2.4142475846e-05,4.8087215945e+01
-8.6108840481e-05,2.4106809119e-05,4.9091925131e+01
-1.6547162329e-04,2.2795761912e-05,4.7634831605e+01
-1.6792490393e-04,2.1225024236e-05,4.7810601940e+01
-1.6911076614e-04,2.2822956413e-05,4.7422077844e+01
-1.7158743833e-04,2.1248347865e-05,4.7587231516e+01
-1.7273447888e-04,2.2846773168e-05,4.7199490957e+01
-1.7524233058e-04,2.1272396105e-05,4.7351815772e+01
-1.0086108496e-04,2.4116254197e-05,4.9266685287e+01
-1.1558105549e-04,2.4147161383e-05,4.9152935366e+01
-1.7632687796e-04,2.2874776769e-05,4.6966073382e+01
-1.7887713617e-04,2.1295111926e-05,4.7104907929e+01
-1.3025616030e-04,2.4197121326e-05,4.8818024202e+01
2.3644947688e-04,3.4644735916e-05,1.7815233200e+01
2.0870362328e-04,3.1196241465e-05,1.8541813517e+01
1.8119774856e-04,2.7886177275e-05,1.9744082806e+01
1.5376978736e-04,2.5041554406e-05,2.1582294535e+01
1.2643240332e-04,2.2859995491e-05,2.2978522692e+01
3.4555814378e-05,2.0384741539e-05,2.9411575873e+01
-2.0859815617e-05,1.9714419854e-05,4.3249059310e+01
-3.9576230866e-05,1.9579026847e-05,4.6404267168e+01
1.0736292151e-04,2.1821619798e-05,2.2793704583e+01
9.2438350835e-05,2.1277202720e-05,2.2657183174e+01
7.7803586035e-05,2.0940635604e-05,2.2642581670e+01
6.3443979047e-05,2.0757880266e-05,2.3609650722e+01
4.9063249204e-05,2.0581805461e-05,2.6069780138e+01
-1.3331237942e-04,1.9511058975e-05,4.9689205527e+01
1.6246536414e-05,2.0133082181e-05,3.4244512715e+01
1.4715573342e-06,1.9945659017e-05,3.8147142244e+01
-1.5932520599e-04,1.9606659983e-05,4.8602732313e+01
-5.8343120758e-05,1.9494927936e-05,4.8502156362e+01
-7.3371253105e-05,1.9459091109e-05,4.9512926132e+01
-8.8393168447e-05,1.9446531115e-05,5.0042992436e+01
-1.0339762200e-04,1.9452894758e-05,5.0195334391e+01
-1.1837400565e-04,1.9475024951e-05,5.0056199071e+01
-1.7776275503e-04,1.9703059471e-05,4.7488338475e+01
-1.8143657272e-04,1.9726823820e-05,4.7225802935e+01
-1.8250153083e-04,2.1326242852e-05,4.6843220349e+01
-1.8510095602e-04,1.9752757470e-05,4.6948269603e+01
-1.8614328413e-04,2.1359680299e-05,4.6564892961e+01
-1.8876083659e-04,1.9783082889e-05,4.6653781430e+01
-1.8978662027e-04,2.1385665666e-05,4.6271570015e+01
-1.9242158241e-04,1.9809025883e-05,4.6342174593e+01
-1.9342239514e-04,2.1421642903e-05,4.5959251055e+01
-1.9606615259e-04,1.9841638246e-05,4.6011279963e+01
-1.9700998147e-04,2.1461647253e-05,4.5631379884e+01
-1.9969885561e-04,1.9875847286e-05,4.5660102067e+01
-2.0063083727e-04,2.1497699544e-05,4.5280375566e+01
-2.0332988789e-04,1.9909773927e-05,4.5285916046e+01
1.9525294490e-04,3.7608437483e-05,1.8454443650e+01
1.7179737616e-04,3.4406804627e-05,1.9759306726e+01
1.4448413880e-04,3.1151877172e-05,2.1890829759e+01
-7.5031395354e-05,2.4116291047e-05,4.8718170299e+01
8.3903631498e-05,2.6555162783e-05,2.2521854979e+01
6.2526901463e-05,2.5887996972e-05,2.2345099208e+01
2.7343680562e-05,2.5224496718e-05,2.9937919898e+01
-9.6724189055e-06,1.9821211526e-05,4.0853893645e+01
-1.4820223491e-04,1.9560539329e-05,4.9133509085e+01
1.4201189211e-04,2.4008015760e-05,2.2472681465e+01
1.6944372267e-04,2.6599660623e-05,2.0461256395e+01
1.9689214034e-04,2.9733687392e-05,1.8976788184e+01
2.2452917911e-04,3.3188296939e-05,1.8125802053e+01
2.4831172187e-04,3.5966772108e-05,1.7192068182e+01
-2.0422616766e-04,2.1538697123e-05,4.4908031535e+01
-2.0694882795e-04,1.9947948629e-05,4.4886818179e+01
-1.4847497755e-04,2.4282389678e-05,4.8155026828e+01
2.1095167129e-04,3.9866244339e-05,1.7836722137e+01
-1.8770360779e-04,1.8192733082e-05,4.7033028018e+01
2.6337940313e-04,3.4469821569e-05,1.7120777860e+01
2.6730806123e-04,3.4854174672e-05,1.7209918489e+01
-2.0780749711e-04,2.1583551269e-05,4.4511457205e+01
-2.1055616932e-04,1.9989566696e-05,4.4460420596e+01
-2.0239982048e-04,1.8300662108e-05,4.5661726680e+01
-2.1137618352e-04,2.1632218587e-05,4.4088204751e+01
-2.1415158891e-04,2.0034782343e-05,4.4004021683e+01
-2.1333010833e-04,1.8403655175e-05,4.4373797974e+01
-2.1695299780e-04,1.8445372593e-05,4.3880875450e+01
-2.1773427320e-04,2.0083942701e-05,4.3514570199e+01
-2.2130319414e-04,2.0137475685e-05,4.2988729087e+01
-2.2416061554e-04,1.8540548338e-05,4.2779516307e+01
-2.2484819499e-04,2.0192329582e-05,4.2424717532e+01
-2.2774022858e-04,1.8596134978e-05,4.2163196096e+01
-1.7022677271e-04,2.4437225001e-05,4.7030901982e+01
-2.2839437815e-04,2.0260091479e-05,4.1812463570e+01
-2.3188813558e-04,2.0334560951e-05,4.1157780925e+01
-2.3485121695e-04,1.8723670575e-05,4.0774402152e+01
-2.3540435621e-04,2.0407953192e-05,4.0442508333e+01
-2.3838266792e-04,1.8794776442e-05,3.9990215384e+01
-2.4189021752e-04,1.8875971891e-05,3.9138489956e+01
-2.3783186418e-04,1.7123282073e-05,4.0322625154e+01
-1.8712057471e-04,2.2979814919e-05,4.6181106281e+01
-1.5936872898e-04,2.4357630039e-05,4.7637399350e+01
-2.1612866397e-04,1.6825856044e-05,4.4248624336e+01
2.6669528136e-04,3.1761287779e-05,1.7052034107e+01
2.7062058963e-04,3.2103099067e-05,1.7173641256e+01
-2.2705335908e-04,1.6955440495e-05,4.2516979027e+01
2.2275742213e-04,4.1551160450e-05,1.7481796213e+01
-2.4537115975e-04,1.8967131956e-05,3.8212759905e+01
3.1869660732e-04,3.4211490463e-05,1.4999985911e+01
3.1459179860e-04,3.3720700406e-05,1.5259083239e+01
3.2277743303e-04,3.4689490443e-05,1.4812311247e+01
2.4721484939e-04,1.1390361787e-04,1.4387052084e+01
2.5063157747e-04,1.1118628439e-04,1.4347330200e+01
2.5010514779e-04,1.0736229760e-04,1.4516448287e+01
2.5403931639e-04,1.0844433405e-04,1.4320082314e+01
-2.4576851843e-04,2.0696645989e-05,3.7923934108e+01
-2.4882765015e-04,1.9068429789e-05,3.7204545383e+01
-2.4843626530e-04,1.7350422919e-05,3.7495140900e+01
-2.5192118050e-04,1.7446977815e-05,3.6375820927e+01
-2.5225369631e-04,1.9182363957e-05,3.6106840239e+01
-2.5537549901e-04,1.7556046811e-05,3.5153829476e+01
-2.5564630383e-04,1.9310784979e-05,3.4911486845e+01
-2.5879571736e-04,1.7679624101e-05,3.3819935098e+01
2.2696898153e-04,1.0437508933e-04,1.7007172613e+01
-2.0508479750e-04,2.3185505491e-05,4.4529677168e+01
1.7377799461e-04,8.6413000771e-05,1.7379482804e+01
-2.6278203976e-04,5.3182823338e-05,3.4648840133e+01
-2.6520375099e-04,5.3832330856e-05,3.4439928862e+01
-2.5153398644e-04,1.5740726731e-05,3.6670566607e+01
3.0690792176e-04,8.0087106237e-05,1.3760416285e+01
3.0354713649e-04,8.3146434120e-05,1.3768359446e+01
2.9964452431e-04,8.2327045987e-05,1.3894828459e+01
3.0018363782e-04,8.6184229204e-05,1.3774710479e+01
2.9628009927e-04,8.5344596960e-05,1.3898354327e+01
2.9681699316e-04,8.9200971684e-05,1.3779680483e+01
2.9291282919e-04,8.8341181557e-05,1.3900838760e+01
2.9344682362e-04,9.2197048901e-05,1.3783477805e+01
2.8954240431e-04,9.1317340380e-05,1.3902502496e+01
2.9007256060e-04,9.5172827183e-05,1.3786308144e+01
3.1026645742e-04,7.7005507382e-05,1.3750675390e+01
2.8616826700e-04,9.4273302681e-05,1.3903573933e+01
2.8669382528e-04,9.8128623042e-05,1.3788361170e+01
-2.6494314347e-04,5.6169118712e-05,3.4843925484e+01
-2.6758735844e-04,5.4516733002e-05,3.4270282654e+01
2.7001736824e-04,2.9035871229e-05,1.7067084087e+01
2.7393807320e-04,2.9334319188e-05,1.7116484920e+01
2.7457118891e-04,3.2473443060e-05,1.7191260098e+01
2.7788795431e-04,2.9663551166e-05,1.7173981544e+01
-2.6789398144e-04,5.2187316057e-05,3.3767174729e+01
-2.7026439712e-04,5.2881631444e-05,3.3569065924e+01
-2.5900220418e-04,1.9455752252e-05,3.3610002508e+01
-2.6217800683e-04,1.7820015315e-05,3.2364722092e+01
-2.6539380576e-04,1.6188888131e-05,3.0954757323e+01
-2.6551819027e-04,1.7979885974e-05,3.0778574885e+01
-2.6875981305e-04,1.6343908694e-05,2.9183664014e+01
-2.7207647389e-04,1.6522024608e-05,2.7255941339e+01
1.7744652609e-04,8.7340782052e-05,1.7410992389e+01
-2.1215434316e-04,4.2649072266e-05,4.0584388219e+01
-2.3586097071e-04,4.0431855324e-05,3.8258371533e+01
9.1613589477e-05,1.0026481168e-04,2.2585663179e+01
2.6610923791e-04,2.8753898054e-05,1.7173868166e+01
2.5350086955e-04,1.0462245318e-04,1.4477611993e+01
-1.8163091582e-04,8.5997609364e-05,3.5785198834e+01
2.5455091618e-04,1.1227793579e-04,1.4178157950e+01
-1.8432688993e-04,8.6286518035e-05,3.5763633333e+01
2.7854921584e-04,3.2870017270e-05,1.7179351034e+01
2.8186755103e-04,3.0019876125e-05,1.7163046278e+01
2.4571032831e-04,8.1026467168e-05,1.6915013161e+01
-2.2195546897e-04,2.1800679933e-05,4.2637748776e+01
-2.7533820921e-04,1.6726871314e-05,2.5166995985e+01
-2.6992719198e-04,5.5244604823e-05,3.4150386025e+01
-2.7259291372e-04,5.3626087406e-05,3.3428504192e+01
-2.7297231137e-04,5.1261606409e-05,3.2713636298e+01
-2.7529013463e-04,5.2026927705e-05,3.2547108222e+01
3.2204643150e-04,3.1013839581e-05,1.5021765079e+01
3.2613027784e-04,3.1456099325e-05,1.4825608377e+01
3.1078965716e-04,8.0885861444e-05,1.3626827744e+01
3.1414503947e-04,7.7784583558e-05,1.3613588271e+01
2.7726043557e-04,2.6545115585e-05,1.7063289095e+01
-1.7892088128e-04,8.5720794651e-05,3.5808941765e+01
-1.7958191617e-04,8.7880019711e-05,3.5601410836e+01
-1.7687976933e-04,8.7604100512e-05,3.5618384711e+01
-2.7204347664e-04,1.4711034281e-05,2.7400350151e+01
2.5796270860e-04,1.0951058013e-04,1.4164667463e+01
2.5846090415e-04,1.1335268273e-04,1.4035971146e+01
1.7438499934e-04,8.9712326669e-05,1.7411424495e+01
2.0286841701e-04,9.0717122345e-05,1.7344812427e+01
2.3454051335e-04,4.3143355333e-05,1.7064812750e+01
2.8255471624e-04,3.3291467073e-05,1.7157230684e+01
2.8587593710e-04,3.0401768344e-05,1.7148712406e+01
-2.7523887789e-04,1.8608798245e-05,2.5139041264e+01
-2.7853891300e-04,1.6962608066e-05,2.2892268255e+01
-2.7571241504e-04,4.9662754544e-05,3.1672815134e+01
-2.7801913348e-04,5.0449830629e-05,3.1472149990e+01
-2.3238909925e-04,2.2037865608e-05,4.0834934743e+01
1.7804445029e-04,9.0666934338e-05,1.7431787704e+01
3.0070592632e-04,9.0056854681e-05,1.3654769970e+01
-2.7756184773e-04,5.2838606136e-05,3.2458204796e+01
-2.8027795553e-04,5.1285086697e-05,3.1361266877e+01
-2.8077991384e-04,4.8897442989e-05,3.0161640660e+01
-2.8302609780e-04,4.9758408095e-05,3.0020458632e+01
-1.7755519989e-04,8.9768882024e-05,3.5421863438e+01
-1.7486094881e-04,8.9493947900e-05,3.5432185856e+01
-2.7836206616e-04,1.8881190516e-05,2.2918156842e+01
-2.8167249184e-04,1.7233857787e-05,2.0478803102e+01
-2.8188414055e-04,1.5315377667e-05,2.0503975759e+01
-2.8502597468e-04,1.5583865437e-05,1.7701857045e+01
-2.8473015822e-04,1.7546065526e-05,1.7678174847e+01
2.4971631880e-04,8.1992415862e-05,1.7107946468e+01
2.8658737374e-04,3.3737145624e-05,1.7114201144e+01
2.7923866421e-04,3.6161017861e-05,1.7162715038e+01
2.1367158167e-04,9.0219766856e-05,1.7245288995e+01
-1.8640596878e-04,8.4411514601e-05,3.5943690461e+01
-1.8700843781e-04,8.6588024184e-05,3.5744298079e+01
-1.8909423160e-04,8.4714239375e-05,3.5917341368e+01
3.1124412780e-04,3.6856193023e-05,1.5237854470e+01
2.8991204400e-04,3.0808774972e-05,1.7110715861e+01
2.8920317208e-04,2.7490734665e-05,1.7137218384e+01
2.9324273251e-04,2.7858160163e-05,1.7105319348e+01
-1.9176712181e-04,8.5030299182e-05,3.5893275095e+01
3.1465121430e-04,8.1686439071e-05,1.3487962985e+01
3.1800195246e-04,7.8566855544e-05,1.3471226629e+01
2.6187651589e-04,1.1056107180e-04,1.4030301323e+01
2.6236298631e-04,1.1441091582e-04,1.3910881259e+01
2.5893455297e-04,1.1720379233e-04,1.3913277582e+01
2.4638715263e-04,8.4719682499e-05,1.7137940781e+01
2.9058534348e-04,9.9041005568e-05,1.3669280759e+01
2.8720188364e-04,1.0199566327e-04,1.3671982195e+01
-2.5586588922e-04,2.1096613534e-05,3.4702736222e+01
-2.8772282238e-04,1.7901479735e-05,1.7125821902e+01
-2.9116584764e-04,1.6232683979e-05,1.7274495934e+01
-2.8248790898e-04,5.2170265341e-05,3.1356757768e+01
-2.8522169850e-04,5.0671134817e-05,3.0003618531e+01
-2.8580616444e-04,4.8262327936e-05,2.8378763845e+01
-2.8798793821e-04,4.9205446780e-05,2.8344338601e+01
3.2539353932e-04,2.7785574317e-05,1.5049400892e+01
3.2947980274e-04,2.8190215288e-05,1.4839872073e+01
-1.9232687671e-04,8.7230900932e-05,3.5712672917e+01
-1.9442428371e-04,8.5360272795e-05,3.5871616204e+01
2.9253761076e-04,2.4557310747e-05,1.7121657998e+01
2.9658031725e-04,2.4884463312e-05,1.7098447874e+01
-2.4273553981e-04,2.2333749478e-05,3.8545525552e+01
-2.6881242535e-04,2.0016517216e-05,2.8979139645e+01
2.8562355491e-04,9.0431214904e-05,1.4020167663e+01
2.8225039656e-04,9.3366431941e-05,1.4019918545e+01
2.4239476451e-04,8.3733624165e-05,1.6932120116e+01
1.7073364328e-04,8.8770395757e-05,1.7374974153e+01
1.7133567652e-04,9.2073100658e-05,1.7409711664e+01
1.6770148730e-04,9.1118037370e-05,1.7364366171e+01
-1.6902564559e-04,7.2729976794e-05,3.7580706600e+01
-1.7115184189e-04,7.0895698426e-05,3.7833010464e+01
-1.6824451042e-04,7.0712753322e-05,3.7919111714e+01
-1.6744934498e-04,6.8713358185e-05,3.8269824468e+01
-1.6959982430e-04,6.6895919138e-05,3.8531394429e+01
-1.6663904064e-04,6.6731985970e-05,3.8631860937e+01
-1.6880127382e-04,6.4923327365e-05,3.8897131516e+01
-1.6581301563e-04,6.4768659353e-05,3.9004253602e+01
-1.7177623364e-04,6.5085771995e-05,3.8790085724e+01
-1.7098951307e-04,6.3122035189e-05,3.9158981560e+01
-1.7397893929e-04,6.3282859798e-05,3.9045020140e+01
-1.7320428904e-04,6.1328045147e-05,3.9416535901e+01
-1.7544585786e-04,5.9541319674e-05,3.9668875753e+01
-1.7846470591e-04,5.9698558876e-05,3.9539862238e+01
-1.7466593503e-04,5.7614419635e-05,4.0050715218e+01
-1.7160297210e-04,5.7474427957e-05,4.0184871474e+01
-1.7555030272e-04,9.1664244743e-05,3.5247568664e+01
-1.7286390697e-04,9.1390407483e-05,3.5251340611e+01
-1.8760604041e-04,8.8781160800e-05,3.5564062781e+01
-1.7919774506e-04,6.1654457156e-05,3.9173301424e+01
-1.8146853365e-04,5.9864058411e-05,3.9409710633e+01
2.4305598982e-04,8.7428359217e-05,1.7109875733e+01
2.3907940291e-04,8.6422160240e-05,1.6968991705e+01
1.6829842415e-04,9.4423096011e-05,1.7404573228e+01
1.6468121949e-04,9.3455867417e-05,1.7347476713e+01
-2.9421400065e-04,1.6611965502e-05,1.7234786204e+01
-2.9473727707e-04,1.4538977295e-05,1.7212994230e+01
-2.9786322391e-04,1.4900831299e-05,1.7222543906e+01
-2.9724578379e-04,1.7033722279e-05,1.7237146460e+01
-3.0097345999e-04,1.5305176081e-05,1.7210889534e+01
-3.0026062244e-04,1.7502108025e-05,1.7234835599e+01
-3.0406809684e-04,1.5756153299e-05,1.7217260778e+01
-2.8861793402e-04,4.6801218589e-05,2.6371075196e+01
-2.9078681512e-04,4.7778052170e-05,2.6298641074e+01
3.1849177106e-04,8.2491669105e-05,1.3342803907e+01
3.2183638515e-04,7.9355156595e-05,1.3322614826e+01
-2.9011569232e-04,5.0203956688e-05,2.8483473840e+01
-2.9289988022e-04,4.8812090301e-05,2.6432670769e+01
-2.9361823951e-04,4.6394760266e-05,2.3840350124e+01
-2.9571846855e-04,4.7468267738e-05,2.3993588626e+01
-1.9496311202e-04,8.7573319812e-05,3.5700644018e+01
-1.9706538317e-04,8.5704711335e-05,3.5852519354e+01
2.5040470672e-04,8.5718180483e-05,1.6132231717e+01
2.6271614631e-04,5.0244890985e-05,1.7164409081e+01
3.2134976974e-04,7.5423640548e-05,1.3451814408e+01
3.2517750407e-04,7.6194673872e-05,1.3299358439e+01
3.2469486622e-04,7.2255590886e-05,1.3429433206e+01
3.2851518289e-04,7.3009114777e-05,1.3272677735e+01
3.2803762332e-04,6.9061728542e-05,1.3403691236e+01
3.3184970017e-04,6.9797214205e-05,1.3242099283e+01
3.3137771176e-04,6.5840143415e-05,1.3374106560e+01
3.3518089531e-04,6.6557546530e-05,1.3207015699e+01
3.3471587003e-04,6.2590166310e-05,1.3339899064e+01
3.3850899654e-04,6.3288603317e-05,1.3166519573e+01
3.3805166451e-04,5.9309469597e-05,1.3300021476e+01
3.4183396646e-04,5.9988473052e-05,1.3119366932e+01
3.4138504164e-04,5.5996077194e-05,1.3252900244e+01
3.4515512762e-04,5.6655251040e-05,1.3063818073e+01
3.4471618395e-04,5.2648246859e-05,1.3196204693e+01
3.4847248712e-04,5.3286816982e-05,1.2997408403e+01
3.4804413772e-04,4.9262742655e-05,1.3126666918e+01
3.5178554493e-04,4.9880414231e-05,1.2916747644e+01
3.5136814303e-04,4.5836318837e-05,1.3039513063e+01
3.4759851087e-04,4.5271112464e-05,1.3257025232e+01
3.5093189414e-04,4.1828644191e-05,1.3161518230e+01
3.5468972631e-04,4.2367075955e-05,1.2927801022e+01
3.5426290721e-04,3.8340078549e-05,1.3034030193e+01
3.5047066768e-04,3.7859794357e-05,1.3284361432e+01
3.5380840563e-04,3.4356889354e-05,1.3136683106e+01
3.5759077747e-04,3.4803354573e-05,1.2860469739e+01
3.5714163813e-04,3.0802696462e-05,1.2927197589e+01
3.5331848711e-04,3.0419110499e-05,1.3238759203e+01
3.6091320359e-04,3.1214306226e-05,1.2620978970e+01
-1.6366533160e-04,6.6575804235e-05,3.8732747585e+01
-1.6281201957e-04,6.4621336950e-05,3.9111481928e+01
-1.6067923281e-04,6.6426985444e-05,3.8834080292e+01
-1.5979880181e-04,6.4481027056e-05,3.9218833202e+01
-1.5768124619e-04,6.6285195521e-05,3.8935877417e+01
-1.5677385456e-04,6.4347440912e-05,3.9326314214e+01
-1.5373766259e-04,6.4220265115e-05,3.9433932174e+01
-1.5584888502e-04,6.2427047620e-05,3.9724888480e+01
-1.5278555699e-04,6.2307554570e-05,3.9837382013e+01
-1.4971166452e-04,6.2193910380e-05,3.9949626204e+01
-1.4763344701e-04,6.3984103567e-05,3.9649517500e+01
-1.4662690231e-04,6.2088567563e-05,4.0061058691e+01
-1.4456560990e-04,6.3875221479e-05,3.9757312470e+01
-1.4353307103e-04,6.1986433957e-05,4.0172546557e+01
-1.4148864347e-04,6.3771572443e-05,3.9865138440e+01
-1.4043018306e-04,6.1889085438e-05,4.0283678288e+01
-1.3840367720e-04,6.3672752706e-05,3.9972895620e+01
-1.3731925654e-04,6.1794790260e-05,4.0394626599e+01
-1.3531017743e-04,6.3578582889e-05,4.0080523680e+01
-1.3419902234e-04,6.1708599481e-05,4.0504200220e+01
-1.3220807953e-04,6.3490030957e-05,4.0187618837e+01
-1.2909827046e-04,6.3406203976e-05,4.0294122174e+01
-1.2793621305e-04,6.1545953980e-05,4.0721230278e+01
-1.2598119128e-04,6.3326752856e-05,4.0399855053e+01
-1.2479340619e-04,6.1473623449e-05,4.0827271244e+01
-1.2285704211e-04,6.3252423086e-05,4.0504340830e+01
-1.2164409578e-04,6.1404576414e-05,4.0931772781e+01
-1.1972633777e-04,6.3182554079e-05,4.0607349448e+01
-1.1848876350e-04,6.1337941953e-05,4.1034493380e+01
-1.1658948485e-04,6.3116864098e-05,4.0708539913e+01
-1.1532681466e-04,6.1278810880e-05,4.1133934054e+01
-1.1344670434e-04,6.3056145843e-05,4.0807259059e+01
-1.1215984853e-04,6.1220171401e-05,4.1231002287e+01
-1.1029849988e-04,6.2999353817e-05,4.0903190778e+01
-1.1471342323e-04,6.4906441966e-05,4.0382719898e+01
-1.2714872353e-04,6.5197718167e-05,3.9974222444e+01
-1.0898721766e-04,6.1167827669e-05,4.1323900603e+01
-1.0714512006e-04,6.2947304265e-05,4.0995551494e+01
-1.0580956223e-04,6.1120206073e-05,4.1412280326e+01
-1.0398696561e-04,6.2899899167e-05,4.1083673372e+01
-1.5490560016e-04,6.0524061640e-05,4.0130585879e+01
-1.0532624204e-04,6.4736942516e-05,4.0668296884e+01
-1.0218750075e-04,6.4689863932e-05,4.0756457860e+01
-1.0082436487e-04,6.2857121299e-05,4.1166785919e+01
-9.9044498518e-05,6.4647574399e-05,4.0839842803e+01
-9.7657664077e-05,6.2819039430e-05,4.1244008978e+01
-9.5897564228e-05,6.4610152325e-05,4.0917550144e+01
-9.4487213572e-05,6.2785691933e-05,4.1314369144e+01
-9.2747043816e-05,6.4577689085e-05,4.0988572682e+01
-9.1313347275e-05,6.2757213444e-05,4.1376760211e+01
-8.9593281143e-05,6.4550310110e-05,4.1051782109e+01
-8.8136246176e-05,6.2736280872e-05,4.1429478398e+01
-8.6436599666e-05,6.4528587275e-05,4.1105847590e+01
-8.4956703650e-05,6.2716832950e-05,4.1472380599e+01
-8.3277408588e-05,6.4511719829e-05,4.1149565893e+01
-8.1774667902e-05,6.2705220899e-05,4.1502780488e+01
-8.0116019769e-05,6.4500764454e-05,4.1181235737e+01
-7.8590718430e-05,6.2697993800e-05,4.1519769704e+01
-7.6952848450e-05,6.4495465728e-05,4.1199263912e+01
-7.5405210270e-05,6.2694602137e-05,4.1521622882e+01
-7.3788237991e-05,6.4495857826e-05,4.1201815187e+01
-7.2218410676e-05,6.2700209890e-05,4.1505534485e+01
-7.0622571049e-05,6.4502987151e-05,4.1186725934e+01
-6.9030817686e-05,6.2710936579e-05,4.1470107491e+01
-6.7456261924e-05,6.4516571279e-05,4.1151880507e+01
-6.5842793085e-05,6.2726295734e-05,4.1413067549e+01
-6.4289719619e-05,6.4536691237e-05,4.1094865507e+01
-9.7287546964e-05,6.6448607923e-05,4.0514988523e+01
-6.2654834647e-05,6.2751509873e-05,4.1331147855e+01
-6.1123380100e-05,6.4564469985e-05,4.1012954044e+01
-5.9467338005e-05,6.2782775062e-05,4.1222247511e+01
-5.7957698458e-05,6.4599688325e-05,4.0903365897e+01
-5.6280785073e-05,6.2821348751e-05,4.1083275012e+01
-5.4793198524e-05,6.4642763138e-05,4.0763022536e+01
-5.3095663917e-05,6.2867415932e-05,4.0911091828e+01
-5.1630327516e-05,6.4694092024e-05,4.0588602785e+01
-4.9912531346e-05,6.2922035061e-05,4.0702180903e+01
-4.8469627798e-05,6.4754200411e-05,4.0376533003e+01
-4.6731936986e-05,6.2985404132e-05,4.0453014973e+01
-4.5311719689e-05,6.4823487490e-05,4.0123033600e+01
-4.3554337102e-05,6.3056405541e-05,4.0159813567e+01
-4.2157130701e-05,6.4902171454e-05,3.9824042530e+01
-4.0380758880e-05,6.3139668821e-05,3.9818129957e+01
-3.9006573078e-05,6.4991384385e-05,3.9475228565e+01
-3.7211533046e-05,6.3231985456e-05,3.9424086785e+01
-3.5860739653e-05,6.5091088840e-05,3.9072113808e+01
-3.4047264468e-05,6.3333114270e-05,3.8973114125e+01
-3.2720287869e-05,6.5201606978e-05,3.8609883576e+01
-3.0889281063e-05,6.3447865948e-05,3.8460317642e+01
-2.9586102507e-05,6.5324142183e-05,3.8083560932e+01
-2.7737941752e-05,6.3573082362e-05,3.7881130127e+01
-2.6459019307e-05,6.5458692865e-05,3.7487992301e+01
-2.4593992628e-05,6.3708523079e-05,3.7230501764e+01
-2.3339863908e-05,6.5605595880e-05,3.6817784127e+01
-2.1459093494e-05,6.3859035601e-05,3.6503323488e+01
-2.0229734078e-05,6.5766061304e-05,3.6067508789e+01
-1.7129651458e-05,6.5940064326e-05,3.5231643927e+01
-1.5218644951e-05,6.4195334150e-05,3.4799586292e+01
-1.2116054932e-05,6.4385663311e-05,3.3813233125e+01
-1.0964099111e-05,6.6330734631e-05,3.3281091313e+01
-9.0264268127e-06,6.4589040418e-05,3.2731249833e+01
-7.9012363777e-06,6.6548441579e-05,3.2155952247e+01
-5.9509079383e-06,6.4805039058e-05,3.1549702604e+01
-4.8533611384e-06,6.6781200986e-05,3.0924241394e+01
-2.8919315391e-06,6.5038411518e-05,3.0265571793e+01
-1.8221250978e-06,6.7030029579e-05,2.9583385040e+01
1.4984097198e-07,6.5285561665e-05,2.8875414866e+01
1.1909560784e-06,6.7294605901e-05,2.8126598699e+01
3.1730272019e-06,6.5545815989e-05,2.7396823146e+01
4.1843068738e-06,6.7574860762e-05,2.6549244904e+01
6.1747881797e-06,6.5823745812e-05,2.5720870091e+01
7.1559662048e-06,6.7871512043e-05,2.5004870868e+01
9.1544599642e-06,6.6115401065e-05,2.4368100190e+01
1.0103423151e-05,6.8183704569e-05,2.2342787917e+01
1.3047833367e-05,6.8514401338e-05,2.1486049773e+01
1.5082054350e-05,6.6747427580e-05,2.1673695051e+01
1.6007290779e-05,6.8866376716e-05,2.1648002315e+01
1.8066381028e-05,6.7094308484e-05,2.1614332638e+01
1.8981998710e-05,6.9239371403e-05,2.1602046109e+01
2.1067185253e-05,6.7460226665e-05,2.1625822231e+01
2.1973023007e-05,6.9633491193e-05,2.1576706939e+01
2.4084072764e-05,6.7850185845e-05,2.1604668316e+01
2.4981209711e-05,7.0049821915e-05,2.1561978164e+01
2.7119268844e-05,6.8260408745e-05,2.1592540857e+01
2.8007786084e-05,7.0488047556e-05,2.1549706102e+01
3.0174149711e-05,6.8690372266e-05,2.1588075387e+01
3.1053956466e-05,7.0948178841e-05,2.1542522347e+01
3.3248236303e-05,6.9145131343e-05,2.1586608719e+01
3.4120636853e-05,7.1431256010e-05,2.1543345789e+01
3.6343896518e-05,6.9620722312e-05,2.1591489684e+01
3.7209163643e-05,7.1936888739e-05,2.1550461693e+01
3.9462561291e-05,7.0116533144e-05,2.1606481347e+01
4.0317122742e-05,7.2465563751e-05,2.1565342877e+01
4.2602974714e-05,7.0637755898e-05,2.1625929726e+01
4.3456383181e-05,7.3015829856e-05,2.1586809636e+01
4.5769332424e-05,7.1179821835e-05,2.1651485084e+01
4.6609879541e-05,7.3590689996e-05,2.1619667753e+01
4.8961073405e-05,7.1742522015e-05,2.1688334818e+01
4.9802580811e-05,7.4187625736e-05,2.1656415678e+01
5.2178370296e-05,7.2330685199e-05,2.1728890495e+01
5.3017504430e-05,7.4808056031e-05,2.1702899623e+01
5.5423432108e-05,7.2939951287e-05,2.1775599006e+01
5.6259766280e-05,7.5451286795e-05,2.1756119082e+01
5.8697221272e-05,7.3569450784e-05,2.1832242257e+01
5.9530862142e-05,7.6116937523e-05,2.1814390666e+01
6.1998462134e-05,7.4224374864e-05,2.1890793883e+01
6.2831282119e-05,7.6805768290e-05,2.1879863278e+01
6.5329427392e-05,7.4900044782e-05,2.1953880802e+01
6.6161864015e-05,7.7516966909e-05,2.1949920209e+01
6.8690985797e-05,7.5595472395e-05,2.2024475791e+01
6.9523100996e-05,7.8249997486e-05,2.2022494017e+01
7.2081354248e-05,7.6315942454e-05,2.2094074976e+01
7.2911846961e-05,7.9002990137e-05,2.2099540091e+01
7.5501967034e-05,7.7056108834e-05,2.2168366701e+01
7.6338077393e-05,7.9781926650e-05,2.2175822728e+01
7.8954025135e-05,7.7817843857e-05,2.2241366299e+01
7.9783350453e-05,8.0580768064e-05,2.2256443039e+01
8.2434559906e-05,7.8600300234e-05,2.2316297834e+01
8.3275241016e-05,8.1398619132e-05,2.2332459743e+01
8.5947542500e-05,7.9402964794e-05,2.2389338540e+01
8.6791709102e-05,8.2238452843e-05,2.2409871021e+01
8.9489673597e-05,8.0226089854e-05,2.2460327101e+01
9.0336432297e-05,8.3100788671e-05,2.2483692954e+01
9.3061555467e-05,8.1067702904e-05,2.2532402397e+01
-8.4759583135e-05,6.6333941742e-05,4.0785458138e+01
-6.2759291591e-05,6.6360717020e-05,4.0783801044e+01
-4.3914158723e-05,6.6677618715e-05,3.9804147745e+01
-3.4532492097e-05,6.6967249618e-05,3.8733243779e+01
-2.5202398892e-05,6.7362614775e-05,3.7109522783e+01
-1.5947497752e-05,6.7878613707e-05,3.4783706402e+01
-6.7972034752e-06,6.8529771767e-05,3.1593665769e+01
2.2119533800e-06,6.9328281545e-05,2.7391218647e+01
1.1040404743e-05,7.0281520531e-05,2.1592013712e+01
1.9889047800e-05,7.1415066446e-05,2.1560132578e+01
2.8886414437e-05,7.2747829913e-05,2.1502357309e+01
3.8055891853e-05,7.4288547099e-05,2.1505469595e+01
9.3911821263e-05,8.3979460262e-05,2.2553778271e+01
9.6660902989e-05,8.1932148194e-05,2.2597336758e+01
-1.4251752456e-04,6.0110573654e-05,4.0592489186e+01
7.0337853734e-05,8.0944967002e-05,2.2025612557e+01
-1.3640094776e-04,6.5467295162e-05,3.9660625520e+01
9.7515327866e-05,8.4879598791e-05,2.2623207314e+01
1.0028881596e-04,8.2814874816e-05,2.2670383311e+01
5.7085691923e-05,7.8000821571e-05,2.1734848609e+01
-1.3310442045e-04,5.9851111452e-05,4.0930788590e+01
2.5148439402e-04,5.1702106600e-05,1.7243312757e+01
1.0114602305e-04,8.5800878707e-05,2.2685329796e+01
1.0394379901e-04,8.3716794426e-05,2.2715869997e+01
1.0480341562e-04,8.6739539751e-05,2.2895922449e+01
1.0762311653e-04,8.4636696940e-05,2.2925089449e+01
1.0847722233e-04,8.7690231827e-05,2.2812747177e+01
1.1131105151e-04,8.5566395692e-05,2.2562959875e+01
1.1215007359e-04,8.8650601911e-05,2.2189682171e+01
1.1499643971e-04,8.6508884428e-05,2.2015500169e+01
1.1582092706e-04,8.9621657692e-05,2.1686858875e+01
1.1868114683e-04,8.7459189899e-05,2.1511982929e+01
1.1949044005e-04,9.0597988272e-05,2.1201817242e+01
1.2236404427e-04,8.8416821965e-05,2.1034763476e+01
1.2315784812e-04,9.1579992415e-05,2.0706945485e+01
1.2604572873e-04,8.9378160784e-05,2.0560625109e+01
2.9064692953e-04,3.4207038133e-05,1.7082325863e+01
3.6046984397e-04,2.7195741921e-05,1.2626919921e+01
3.6423000794e-04,2.7570016850e-05,1.2287682363e+01
-1.7386765974e-04,5.5706374015e-05,4.0439952465e+01
-1.7077471268e-04,5.5575508352e-05,4.0579963707e+01
2.6282706767e-04,1.1826857629e-04,1.3792871032e+01
2.6625811540e-04,1.1545344241e-04,1.3792951822e+01
2.5938443662e-04,1.2106234564e-04,1.3792494367e+01
2.9108212774e-04,1.0292042240e-04,1.3548941559e+01
2.8769383799e-04,1.0587295632e-04,1.3551807551e+01
-1.2362159007e-04,5.9632393373e-05,4.1255622008e+01
-8.9866630333e-05,6.0956500133e-05,4.1755857234e+01
-8.0283950050e-05,6.0908744714e-05,4.1845301687e+01
-7.0660320293e-05,6.0914077114e-05,4.1795391639e+01
-6.1031450039e-05,6.0975252955e-05,4.1550594829e+01
2.8169044146e-04,8.9537072588e-05,1.4139351008e+01
2.7831915214e-04,9.2450630284e-05,1.4138552677e+01
-1.7356671882e-04,9.3566148124e-05,3.5079557051e+01
-1.7088815610e-04,9.3293528120e-05,3.5076868980e+01
-1.7016510669e-04,9.1127807843e-05,3.5257419302e+01
-1.6819795310e-04,9.3031917362e-05,3.5076529956e+01
-1.8217194937e-04,6.1830460048e-05,3.9050614437e+01
-1.8445669579e-04,6.0038301372e-05,3.9278404057e+01
-1.8376696231e-04,5.8080666968e-05,3.9638861724e+01
-1.8676940938e-04,5.8253033082e-05,3.9498333248e+01
-1.8609347758e-04,5.6304244430e-05,3.9859566460e+01
-1.8911040992e-04,5.6474625811e-05,3.9709127008e+01
-1.8975508758e-04,5.8434740073e-05,3.9356160809e+01
-1.9211008018e-04,5.6654436241e-05,3.9556499353e+01
-1.9272321285e-04,5.8626310865e-05,3.9212375466e+01
-1.9509175135e-04,5.6844248056e-05,3.9401699365e+01
-1.8844849939e-04,5.4534771938e-05,4.0070543489e+01
-1.9567303817e-04,5.8828405109e-05,3.9067019448e+01
-1.9805469385e-04,5.7044696488e-05,3.9244773674e+01
-1.4557893838e-04,6.5782873463e-05,3.9347733358e+01
-2.9648177966e-04,4.5062466950e-05,2.0554174575e+01
-2.9857176705e-04,4.6180181718e-05,2.0607779764e+01
4.7438268868e-05,7.6036869579e-05,2.1583255307e+01
-1.9748950250e-04,5.5068821912e-05,3.9578717945e+01
-2.0046569883e-04,5.5267515609e-05,3.9409214930e+01
-2.0342166939e-04,5.5477710150e-05,3.9237042557e+01
-2.0290666664e-04,5.3496885334e-05,3.9558416995e+01
-2.0587570003e-04,5.3705422975e-05,3.9371746306e+01
-2.0635702048e-04,5.5700098250e-05,3.9062332564e+01
-2.0882322184e-04,5.3926413885e-05,3.9181789780e+01
-2.0927065271e-04,5.5935593310e-05,3.8885288276e+01
-2.1174834059e-04,5.4160691628e-05,3.8988761744e+01
1.2681965084e-04,9.2562826980e-05,2.0217241172e+01
1.2972192680e-04,9.0346881883e-05,2.0087239301e+01
-3.0325830303e-04,1.8021050540e-05,1.7242437221e+01
-3.0714798789e-04,1.6257596232e-05,1.7237776433e+01
-2.9844376163e-04,1.2817998900e-05,1.7191074158e+01
3.2873582821e-04,2.4524658033e-05,1.5076874269e+01
3.2462420031e-04,2.4142268895e-05,1.5351882922e+01
3.3282350706e-04,2.4889502981e-05,1.4852411550e+01
3.3354004001e-04,2.8579862058e-05,1.4609863661e+01
3.3688516098e-04,2.5237182147e-05,1.4597487691e+01
2.9588032015e-04,2.1600995604e-05,1.7102731212e+01
2.9992548214e-04,2.1887456156e-05,1.7089171592e+01
-1.7623332005e-04,9.3850156343e-05,3.5084573244e+01
-1.9758355277e-04,8.7930518180e-05,3.5691348326e+01
-1.9969010300e-04,8.6064203784e-05,3.5836165141e+01
-1.9919080682e-04,8.3842099925e-05,3.6005760415e+01
-2.0181980147e-04,8.4203964286e-05,3.5982172753e+01
-2.8731153895e-04,1.9951705101e-05,1.7120098000e+01
8.8610919509e-05,7.7389827901e-05,2.2443989432e+01
1.0672951571e-04,8.1617517900e-05,2.2810493479e+01
1.2522050393e-04,8.6218043987e-05,2.0866754466e+01
-3.0803298360e-04,1.3967475912e-05,1.7152974105e+01
-3.1120324586e-04,1.4444836130e-05,1.7104981070e+01
-3.1021473441e-04,1.6813036812e-05,1.7267687923e+01
-3.1435518532e-04,1.4982449755e-05,1.7047345387e+01
-2.0229810575e-04,8.6439440574e-05,3.5822761421e+01
-2.0443125081e-04,8.4581751992e-05,3.5961579373e+01
-2.0397342721e-04,8.2349647144e-05,3.6128242615e+01
-2.0658780178e-04,8.2730024269e-05,3.6100306197e+01
3.1514332195e-04,8.5605082667e-05,1.3360227841e+01
1.8112349403e-04,8.8281210185e-05,1.7427664623e+01
1.8171334425e-04,9.1634970892e-05,1.7440134604e+01
2.9186130164e-04,2.1340824820e-05,1.7102018970e+01
-2.0702502642e-04,8.4976353344e-05,3.5944226928e+01
-2.0918430610e-04,8.3127646994e-05,3.6075692986e+01
-2.0876917238e-04,8.0884393276e-05,3.6237744436e+01
-2.1136745389e-04,8.1285003277e-05,3.6205750187e+01
-1.6893320661e-04,9.5203372673e-05,3.4909826808e+01
-1.6625134862e-04,9.4942927546e-05,3.4903133200e+01
-1.6549645591e-04,9.2780945235e-05,3.5078570942e+01
-1.6355859947e-04,9.4692975956e-05,3.4898842229e+01
-1.6278394630e-04,9.2540206466e-05,3.5083046783e+01
-1.6085529284e-04,9.4453160945e-05,3.4897007323e+01
-1.6006080077e-04,9.2309202644e-05,3.5090043108e+01
-1.5814180619e-04,9.4223086684e-05,3.4897720964e+01
-1.5894685060e-04,9.6373418787e-05,3.4719620206e+01
-1.5624302469e-04,9.6144372322e-05,3.4714058529e+01
-1.5541843665e-04,9.4002483996e-05,3.4901073705e+01
-1.5352971010e-04,9.5924722771e-05,3.4711156150e+01
-1.5080722859e-04,9.5714179839e-05,3.4711035596e+01
-1.5166069328e-04,9.7854508384e-05,3.4531019008e+01
-1.4894859831e-04,9.7645016269e-05,3.4524626980e+01
-1.4807593985e-04,9.5512445764e-05,3.4713835972e+01
-1.4622810453e-04,9.7444291553e-05,3.4521175060e+01
-1.4533613511e-04,9.5319278515e-05,3.4719704216e+01
-1.4349951179e-04,9.7252085659e-05,3.4520820780e+01
-1.4258811883e-04,9.5134412283e-05,3.4728801070e+01
-1.4076318448e-04,9.7068178716e-05,3.4523737177e+01
-1.3983225114e-04,9.4957601045e-05,3.4741300605e+01
-1.3801933237e-04,9.6892335598e-05,3.4530113391e+01
-1.3895710647e-04,9.9010286546e-05,3.4329288336e+01
-1.3622529020e-04,9.8835524243e-05,3.4329378617e+01
-1.3526829937e-04,9.6724372669e-05,3.4540146089e+01
-1.3348661194e-04,9.8668690044e-05,3.4333167439e+01
-1.3251040506e-04,9.6564094328e-05,3.4554041308e+01
-1.3074142504e-04,9.8509567711e-05,3.4340881381e+01
-1.3172327552e-04,1.0062171618e-04,3.4137761985e+01
-1.2799006388e-04,9.8357993060e-05,3.4352753866e+01
-1.2625242906e-04,1.0031369274e-04,3.4144538168e+01
-1.2523281092e-04,9.8213816506e-05,3.4369025787e+01
-1.2350845143e-04,1.0017095535e-04,3.4154493844e+01
-1.2075921122e-04,1.0003547918e-04,3.4169199082e+01
-1.1970179814e-04,9.7947194667e-05,3.4415757114e+01
-1.1800509365e-04,9.9907248019e-05,3.4188924675e+01
-1.1692867334e-04,9.7824480919e-05,3.4446731362e+01
-1.1524642465e-04,9.9786190627e-05,3.4213955526e+01
-1.1415087660e-04,9.7708792358e-05,3.4483108686e+01
-1.1248335325e-04,9.9672171748e-05,3.4244590558e+01
-1.1358166559e-04,1.0175787474e-04,3.3992047090e+01
-1.1083328117e-04,1.0164570665e-04,3.4016433483e+01
-1.0971623666e-04,9.9565171406e-05,3.4281115600e+01
-1.0808116211e-04,1.0154065107e-04,3.4046904826e+01
-1.0694536425e-04,9.9465141027e-05,3.4323818749e+01
-1.0532559791e-04,1.0144267754e-04,3.4083795100e+01
-1.0417101340e-04,9.9372091233e-05,3.4372975490e+01
-1.0256685365e-04,1.0135176436e-04,3.4127437263e+01
-1.0139347427e-04,9.9285987036e-05,3.4428858059e+01
-9.9805268210e-05,1.0126791149e-04,3.4178156073e+01
-9.8613038344e-05,9.9206881296e-05,3.4491710818e+01
-9.7041190021e-05,1.0119117009e-04,3.4236258161e+01
-9.5830006307e-05,9.9134782868e-05,3.4561762985e+01
-9.4274808040e-05,1.0112158730e-04,3.4302037686e+01
-9.3044649481e-05,9.9069721510e-05,3.4639213266e+01
-9.1506379047e-05,1.0105920430e-04,3.4375766734e+01
-9.0257240063e-05,9.9011864533e-05,3.4724203477e+01
-8.8736222887e-05,1.0100413494e-04,3.4457674814e+01
-8.7468056412e-05,9.8961282005e-05,3.4816844279e+01
-8.5964637395e-05,1.0095649481e-04,3.4547950888e+01
-8.7231822667e-05,1.0300843339e-04,3.4197044106e+01
-8.4477815263e-05,1.0296394473e-04,3.4284136550e+01
-8.3191881133e-05,1.0091641826e-04,3.4646730841e+01
-8.0418228783e-05,1.0088404708e-04,3.4754089300e+01
-7.7643921373e-05,1.0086064072e-04,3.4869840559e+01
-7.6211739659e-05,1.0287747150e-04,3.4602066408e+01
-7.3455913846e-05,1.0286493311e-04,3.4727270965e+01
-7.2094518795e-05,1.0083633841e-04,3.5126836968e+01
-6.9319931293e-05,1.0083704704e-04,3.5267335407e+01
-6.6545766254e-05,1.0084655370e-04,3.5415231018e+01
-6.5190725331e-05,1.0287987243e-04,3.5159043730e+01
-6.2437317132e-05,1.0290322508e-04,3.5320416264e+01
-6.0999749479e-05,1.0089358451e-04,3.5730214360e+01
-5.8228410296e-05,1.0093189663e-04,3.5895274158e+01
-5.6934446480e-05,1.0297979540e-04,3.5664945583e+01
-5.5458525260e-05,1.0098064577e-04,3.6063599599e+01
-5.4185501977e-05,1.0303388071e-04,3.5845788177e+01
-5.2690351567e-05,1.0104032432e-04,3.6233497123e+01
-5.1438531977e-05,1.0309915926e-04,3.6030305907e+01
-4.9924142128e-05,1.0111145578e-04,3.6402917419e+01
-4.7160161595e-05,1.0119462118e-04,3.6569455779e+01
-4.5951624174e-05,1.0326543835e-04,3.6402081303e+01
-4.4398670182e-05,1.0129044075e-04,3.6730261103e+01
-4.3212165201e-05,1.0336769233e-04,3.6584139127e+01
-4.1639930765e-05,1.0139960733e-04,3.6882058605e+01
-4.0475713821e-05,1.0348360422e-04,3.6759380659e+01
-3.8884215211e-05,1.0152285437e-04,3.7021039015e+01
-3.7742504856e-05,1.0361392901e-04,3.6923939089e+01
-3.6131799935e-05,1.0166098802e-04,3.7142915978e+01
-3.5012836554e-05,1.0375949573e-04,3.7073369065e+01
-3.3382979486e-05,1.0181486784e-04,3.7242837178e+01
-3.2286979674e-05,1.0392120443e-04,3.7202638430e+01
-3.0638058976e-05,1.0198543069e-04,3.7315483524e+01
-2.9565225349e-05,1.0409998354e-04,3.7306173626e+01
-2.7897359140e-05,1.0217366353e-04,3.7355070943e+01
-2.6847891608e-05,1.0429685324e-04,3.7377952323e+01
-2.5161223033e-05,1.0238063185e-04,3.7355561162e+01
-2.4135298413e-05,1.0451292795e-04,3.7411720218e+01
-2.2430009607e-05,1.0260746370e-04,3.7310766559e+01
-2.1427810979e-05,1.0474935252e-04,3.7401266699e+01
-1.9704101573e-05,1.0285535345e-04,3.7214685737e+01
-1.6983890936e-05,1.0312555907e-04,3.7061574124e+01
-1.4269786280e-05,1.0341941097e-04,3.6846243042e+01
-1.3339718411e-05,1.0559315811e-04,3.7050449713e+01
-1.1562191591e-05,1.0373831472e-04,3.6563717623e+01
-1.0656422178e-05,1.0592373509e-04,3.6812812046e+01
-8.8614967430e-06,1.0408377802e-04,3.6209119487e+01
-7.9801121993e-06,1.0628141034e-04,3.6508792055e+01
-6.1680869001e-06,1.0445743083e-04,3.5776771486e+01
-5.3111215277e-06,1.0666783479e-04,3.6133774552e+01
-3.4823392641e-06,1.0486106386e-04,3.5259776384e+01
-2.6497093499e-06,1.0708484455e-04,3.5681033052e+01
3.8068363016e-09,1.0753451892e-04,3.5141037668e+01
1.8646274909e-06,1.0576642809e-04,3.3934425062e+01
2.6490967593e-06,1.0801918911e-04,3.4501509769e+01
4.5249360367e-06,1.0627282573e-04,3.3103038904e+01
5.2857929352e-06,1.0854148458e-04,3.3747329244e+01
7.1756900918e-06,1.0681856399e-04,3.2144030561e+01
7.9132850374e-06,1.0910442511e-04,3.2866062580e+01
1.0530772879e-05,1.0971128521e-04,3.1837219912e+01
1.2445078521e-05,1.0804017185e-04,2.9813399500e+01
1.3137324910e-05,1.1036544546e-04,3.0657627922e+01
1.5061305628e-05,1.0872255442e-04,2.8389257629e+01
1.5731449130e-05,1.1107084604e-04,2.9351716456e+01
1.7662968215e-05,1.0945724668e-04,2.6878127836e+01
1.8311119564e-05,1.1183158566e-04,2.7708334796e+01
2.0248300331e-05,1.1024700253e-04,2.5898910124e+01
2.0874013674e-05,1.1265094623e-04,2.6474732609e+01
2.2811164261e-05,1.1109696359e-04,2.2480351719e+01
2.3414840350e-05,1.1353419190e-04,2.3738106268e+01
2.5372175318e-05,1.1199908154e-04,1.8282920829e+01
2.5938176780e-05,1.1448193596e-04,1.9225922094e+01
2.7952503711e-05,1.1294624333e-04,1.9142434970e+01
2.8472552862e-05,1.1547895978e-04,1.7362729446e+01
3.0553225299e-05,1.1394487059e-04,1.9149937169e+01
3.1032293698e-05,1.1652972818e-04,1.8663384098e+01
3.3180146213e-05,1.1499673765e-04,1.8825507865e+01
3.3619831099e-05,1.1763888759e-04,1.8284673173e+01
3.5838726249e-05,1.1610502600e-04,1.8922138858e+01
3.6242050218e-05,1.1880960305e-04,1.8332333618e+01
3.8535548073e-05,1.1727188357e-04,1.8926607023e+01
3.8905479265e-05,1.2004515510e-04,1.8478266162e+01
4.1278205453e-05,1.1849772611e-04,1.9051973781e+01
4.1621777725e-05,1.2134600390e-04,1.8643400472e+01
4.4072742741e-05,1.1978492856e-04,1.9310421273e+01
4.4396599182e-05,1.2271280422e-04,1.9023026060e+01
4.6926958076e-05,1.2112955388e-04,1.9677204490e+01
-2.3129441519e-05,1.0666256061e-04,3.7492193889e+01
-1.5097223779e-05,1.0746821178e-04,3.7421288476e+01
-3.3912310713e-05,1.0587498129e-04,3.7016385540e+01
-1.8437719256e-06,1.0932490133e-04,3.6170155435e+01
4.7241151887e-05,1.2414322897e-04,1.9536592361e+01
4.9846423005e-05,1.2252856812e-04,2.0137699670e+01
-4.2043228483e-05,1.0546141170e-04,3.6443232524e+01
5.0158730472e-05,1.2562956200e-04,2.0127306383e+01
5.2834296615e-05,1.2397615916e-04,2.0631347475e+01
6.0157862641e-06,1.1082445546e-04,3.4492564299e+01
5.3150231141e-05,1.2716498985e-04,2.0783307697e+01
5.5891632270e-05,1.2546519805e-04,2.1158858112e+01
1.3793625091e-05,1.1270237705e-04,3.1632544451e+01
5.6222532027e-05,1.2874009349e-04,2.1237007013e+01
5.9018868741e-05,1.2698743690e-04,2.1509932711e+01
5.9366015558e-05,1.3034182659e-04,2.2301799699e+01
6.2212198312e-05,1.2853173520e-04,2.2430400655e+01
2.1457712778e-05,1.1506506881e-04,2.7373343130e+01
-7.2058924964e-05,1.0490001769e-04,3.4461998434e+01
6.2560933449e-05,1.3193563572e-04,2.2389830201e+01
6.5448537265e-05,1.3006972288e-04,2.2457158955e+01
2.8946964605e-05,1.1802339261e-04,1.6145121282e+01
4.6567479676e-05,1.1817598520e-04,1.9839676609e+01
-9.5485868194e-05,1.0318692987e-04,3.3989146174e+01
-8.0270138454e-05,1.0495058285e-04,3.4119059229e+01
6.5772133842e-05,1.3346701910e-04,2.0660902998e+01
6.8697692154e-05,1.3155025257e-04,2.0824236359e+01
6.8319971359e-05,1.2816352147e-04,2.2471746766e+01
7.1601666451e-05,1.2960177313e-04,2.0964050459e+01
7.1963484486e-05,1.3298003384e-04,2.0295742137e+01
7.4897872455e-05,1.3099093458e-04,2.0391559083e+01
7.5250606992e-05,1.3436246276e-04,2.0051312710e+01
7.8210361755e-05,1.3233912873e-04,2.0095821680e+01
3.6577766224e-05,1.2154291663e-04,1.7512268518e+01
7.8560713768e-05,1.3570297897e-04,1.9950035824e+01
8.1541497122e-05,1.3364970162e-04,1.9961523450e+01
7.4490116459e-05,1.2762123779e-04,2.1078827726e+01
5.8645729710e-05,1.2371736936e-04,2.1443000171e+01
3.8119060379e-05,1.1453407061e-04,1.9314417889e+01
8.1893027943e-05,1.3700521283e-04,1.9864302910e+01
8.4890569935e-05,1.3492525347e-04,1.9860381777e+01
8.4502468227e-05,1.3157391078e-04,1.9982902050e+01
8.7868718132e-05,1.3282429018e-04,1.9861556493e+01
8.8256394177e-05,1.3616888655e-04,1.9788788434e+01
9.1248704681e-05,1.3404564118e-04,1.9782840953e+01
9.1638325466e-05,1.3738442486e-04,1.9726889127e+01
9.4642133332e-05,1.3524138034e-04,1.9720083527e+01
9.5035300826e-05,1.3857540982e-04,1.9668821819e+01
9.8048297427e-05,1.3641473993e-04,1.9664737523e+01
9.7631457133e-05,1.3308250098e-04,1.9707399997e+01
1.0104794877e-04,1.3423937249e-04,1.9649944026e+01
1.0146625311e-04,1.3756877454e-04,1.9611065663e+01
1.0447440273e-04,1.3537879914e-04,1.9595923785e+01
1.0489493643e-04,1.3870634569e-04,1.9559969744e+01
1.0790992432e-04,1.3650351657e-04,1.9544541585e+01
4.4647108146e-05,1.2569547935e-04,1.8731920923e+01
-1.0372234875e-04,1.0343101210e-04,3.3854354421e+01
1.0833295649e-04,1.3983009777e-04,1.9494066784e+01
1.1135307469e-04,1.3761579869e-04,1.9473880381e+01
1.0060883725e-04,1.3090998330e-04,1.9688840826e+01
1.6990352036e-05,1.0709451860e-04,2.6120492736e+01
6.4193040414e-06,1.0454590491e-04,3.1510440382e+01
-4.3295590202e-06,1.0265245725e-04,3.4896227409e+01
-1.5211475385e-05,1.0126153815e-04,3.6675435560e+01
-2.6196961516e-05,1.0026398622e-04,3.7322402677e+01
-3.7259539379e-05,9.9577617647e-05,3.7225484321e+01
-4.8376903334e-05,9.9138274399e-05,3.6742110734e+01
-5.9530347072e-05,9.8897684830e-05,3.6127338806e+01
-7.0702696202e-05,9.8820994905e-05,3.5530369292e+01
2.4783497426e-05,1.0952803482e-04,1.9010656812e+01
1.1091603002e-04,1.3429002420e-04,1.9509962472e+01
1.1436538869e-04,1.3539171603e-04,1.9428514262e+01
1.1480080572e-04,1.3871683164e-04,1.9390448472e+01
1.1781809670e-04,1.3648362212e-04,1.9343194860e+01
1.1825202447e-04,1.3980899206e-04,1.9307185754e+01
1.2127326669e-04,1.3756809369e-04,1.9254718744e+01
-1.1193388321e-04,1.0373962231e-04,3.3782595095e+01
5.3413239063e-05,1.3043852091e-04,2.0865906828e+01
8.7447235378e-05,1.2947839785e-04,2.0008969368e+01
-1.2180138684e-04,1.0213730530e-04,3.3952140106e+01
-7.9086489887e-05,9.8854956389e-05,3.5140957859e+01
1.2170556383e-04,1.4089459135e-04,1.9221226110e+01
1.2472994920e-04,1.3864739551e-04,1.9162848056e+01
-1.0579225583e-04,9.7403202144e-05,3.4627142419e+01
-9.4599847766e-05,9.7091960259e-05,3.4908650112e+01
1.2429018024e-04,1.3532091520e-04,1.9171152284e+01
1.2775112372e-04,1.3639488450e-04,1.9069152815e+01
1.2818726884e-04,1.3972374509e-04,1.9067113465e+01
1.3121198566e-04,1.3746728597e-04,1.8961979619e+01
1.3164412648e-04,1.4079923213e-04,1.8967538308e+01
1.3467192911e-04,1.3854019488e-04,1.8849686943e+01
1.3509973271e-04,1.4187596296e-04,1.8864599588e+01
1.3813019504e-04,1.3961572048e-04,1.8732906664e+01
7.5556103359e-05,1.3773053813e-04,1.9951382813e+01
6.2820929717e-05,1.3534581984e-04,2.0476692058e+01
1.2730356502e-04,1.3306872487e-04,1.9055796361e+01
9.2006421131e-05,1.4071893574e-04,1.9661202383e+01
-1.2997792517e-04,1.0258351456e-04,3.3955449704e+01
1.1391485173e-04,1.3206757756e-04,1.9454996316e+01
1.3769881128e-04,1.3627910613e-04,1.8685631266e+01
1.4116066406e-04,1.3735459095e-04,1.8549443897e+01
1.4158596753e-04,1.4069586406e-04,1.8613610725e+01
1.4461986489e-04,1.3843619388e-04,1.8407917507e+01
1.4503850966e-04,1.4178255796e-04,1.8492443062e+01
1.4807591116e-04,1.3952591555e-04,1.8268979715e+01
1.4765413222e-04,1.3617807194e-04,1.8139850372e+01
1.5111361570e-04,1.3727410640e-04,1.7955498484e+01
1.5152810667e-04,1.4062599997e-04,1.8109087779e+01
1.5456972663e-04,1.3837959369e-04,1.7754427742e+01
-1.4710908602e-04,9.9583635324e-05,3.4349183804e+01
1.0530348471e-04,1.4203282332e-04,1.9490595167e+01
1.5497458837e-04,1.4173754731e-04,1.7921618894e+01
1.5801940697e-04,1.3950054945e-04,1.7538772934e+01
-2.1176204485e-04,8.3543172099e-05,3.6054718842e+01
-2.1394693696e-04,8.1703940041e-05,3.6177558342e+01
-2.9775718197e-04,4.8602565378e-05,2.4416712266e+01
-3.0059811836e-04,4.7360215615e-05,2.1039221347e+01
-3.0145839096e-04,4.4957815428e-05,1.7913173310e+01
-3.0347596162e-04,4.6189819562e-05,1.8181550529e+01
3.2898021217e-04,7.6976951269e-05,1.3139983243e+01
1.1867720948e-04,1.4313499929e-04,1.9245118510e+01
3.1896944102e-04,8.6432622256e-05,1.3211054267e+01
3.1562338258e-04,8.9538746563e-05,1.3228622153e+01
1.5069792666e-04,1.3392715602e-04,1.7803826466e+01
2.8381233832e-04,1.0493070211e-04,1.3673867847e+01
2.8429469767e-04,1.0880919344e-04,1.3553636501e+01
-3.5440387834e-04,1.7077890413e-05,1.5600076612e+01
1.5841438704e-04,1.4286321284e-04,1.7765013728e+01
1.6146457491e-04,1.4063513117e-04,1.7226347807e+01
2.3972542100e-04,9.0117629709e-05,1.6987885643e+01
2.3576493730e-04,8.9091384343e-05,1.7017998568e+01
1.8481032595e-04,8.9235000081e-05,1.7432897026e+01
1.8539306792e-04,9.2617133465e-05,1.7437796661e+01
1.8228937986e-04,9.5017039472e-05,1.7446931314e+01
2.5374744170e-04,8.2971091682e-05,1.5913628943e+01
2.5443101425e-04,8.6719352037e-05,1.4973519114e+01
2.7774314832e-04,8.8633568554e-05,1.4263361558e+01
2.7437459592e-04,9.1524701273e-05,1.4263279365e+01
2.8110874151e-04,8.5722425259e-05,1.4264758723e+01
2.7494410514e-04,9.5344195958e-05,1.4138550447e+01
2.7100250732e-04,9.4395657124e-05,1.4265005838e+01
-2.1357578448e-04,7.9448465330e-05,3.6333158388e+01
-2.1615592603e-04,7.9870807330e-05,3.6297733696e+01
-2.1650643896e-04,8.2142195918e-05,3.6153539023e+01
-2.1871625368e-04,8.0313096532e-05,3.6266784131e+01
-2.1838981003e-04,7.8044012836e-05,3.6413897531e+01
-2.2095068910e-04,7.8490133498e-05,3.6376175741e+01
-2.2125571435e-04,8.0775676762e-05,3.6240860832e+01
-2.2348997503e-04,7.8957350361e-05,3.6344017120e+01
-2.2321033358e-04,7.6673700322e-05,3.6480172018e+01
-2.2574877774e-04,7.7145488084e-05,3.6442161388e+01
-2.1216085948e-04,5.6185245528e-05,3.8706214577e+01
-2.1464992254e-04,5.4409103419e-05,3.8792968618e+01
-2.1425723583e-04,5.2392181435e-05,3.9070030108e+01
-2.1716605934e-04,5.2640773812e-05,3.8855680773e+01
-2.2006984327e-04,5.2913749959e-05,3.8635744980e+01
-1.4166447261e-04,9.3031293114e-05,3.4961748948e+01
1.6527302885e-04,9.6762392552e-05,1.7393671215e+01
1.6167231755e-04,9.5783936572e-05,1.7328260517e+01
1.6887960045e-04,9.7752832035e-05,1.7427390062e+01
1.6106823597e-04,1.3727487806e-04,1.7073642123e+01
1.6451491769e-04,1.3841856690e-04,1.7082692385e+01
1.6490339064e-04,1.4178948408e-04,1.7113350069e+01
1.6796032165e-04,1.3958675419e-04,1.7255328312e+01
1.6756770545e-04,1.3620586634e-04,1.7355020854e+01
1.7102779593e-04,1.3738594555e-04,1.7375536146e+01
1.7140404433e-04,1.4077668258e-04,1.7342003749e+01
1.7448866709e-04,1.3858811000e-04,1.7404992655e+01
1.3047254101e-04,9.3544043037e-05,1.9719428002e+01
1.3338848261e-04,9.1315146176e-05,1.9575647279e+01
8.0607430648e-05,8.3388586252e-05,2.2270752027e+01
9.1175095283e-05,8.6024935425e-05,2.2506471579e+01
-2.2600715150e-04,7.9446559704e-05,3.6318112883e+01
-2.2826451848e-04,7.7640111044e-05,3.6411399155e+01
-3.1326867465e-04,1.7426621589e-05,1.7268473039e+01
-3.1750873629e-04,1.5568823595e-05,1.7028265010e+01
-3.0442412347e-04,4.3768485893e-05,1.7246658300e+01
-3.0643087212e-04,4.5064140661e-05,1.7223863580e+01
7.4634389095e-05,7.4365749173e-05,2.2161066034e+01
6.4463729011e-05,7.2316336268e-05,2.1963711158e+01
5.4553624063e-05,7.0459336092e-05,2.1799569137e+01
4.4888518321e-05,6.8797545461e-05,2.1687403527e+01
3.5446005860e-05,6.7331206429e-05,2.1634161009e+01
2.6199264653e-05,6.6058113960e-05,2.1636026153e+01
1.7120715540e-05,6.4973754228e-05,2.1745554494e+01
8.1615670970e-06,6.4068150854e-05,2.5126323816e+01
-9.3602766544e-07,6.3294779796e-05,2.9638748970e+01
-1.0197872658e-05,6.2645549170e-05,3.3324933946e+01
-1.9585114544e-05,6.2116888266e-05,3.6177070316e+01
-3.8611352019e-05,6.1384589250e-05,3.9791441791e+01
-4.8201719052e-05,6.1158091358e-05,4.0795697506e+01
-3.1540127758e-04,1.2588877049e-05,1.7132030413e+01
2.6671452634e-04,1.1931716868e-04,1.3674240156e+01
3.6462362200e-04,3.1666306722e-05,1.2330262789e+01
3.6792395674e-04,2.7990272433e-05,1.1981094725e+01
3.4558117600e-04,6.0690647191e-05,1.2931761541e+01
-1.6699861157e-04,9.7119978176e-05,3.4751335925e+01
2.9156484932e-04,1.0680940727e-04,1.3422825196e+01
2.9495063401e-04,1.0384060329e-04,1.3419021496e+01
1.3206919708e-04,1.4413406577e-04,1.8948011640e+01
3.6378974284e-04,2.3532675732e-05,1.2195714713e+01
3.3615804167e-04,2.1551053217e-05,1.4854588452e+01
3.4022031345e-04,2.1853709154e-05,1.4566903469e+01
2.9520933468e-04,1.8402100781e-05,1.7075156861e+01
2.9121415592e-04,1.8206145205e-05,1.7025438110e+01
1.7484571324e-04,1.4198989369e-04,1.7382343945e+01
1.7794937292e-04,1.3981606310e-04,1.7438144019e+01
-1.9549957236e-04,8.9802820478e-05,3.5548815193e+01
-2.1679322754e-04,5.0631359324e-05,3.9126153489e+01
-2.0537813313e-04,5.1732793064e-05,3.9690270073e+01
2.7041667811e-04,9.0587562884e-05,1.4398753436e+01
-2.9952291962e-04,1.9736228436e-05,1.7249480370e+01
2.6704815696e-04,9.3435284193e-05,1.4403671517e+01
1.8596202122e-04,9.6027005675e-05,1.7439395590e+01
-2.2803335278e-04,7.5340493512e-05,3.6533321268e+01
-2.3054695998e-04,7.5840516649e-05,3.6498282167e+01
-2.3075714370e-04,7.8158132168e-05,3.6389005417e+01
-2.3303658004e-04,7.6364829168e-05,3.6473244007e+01
2.5778099064e-04,8.3947200655e-05,1.5014613016e+01
-1.2419857602e-04,9.6127817665e-05,3.4621052537e+01
3.3563275125e-04,7.0548538440e-05,1.3073580042e+01
2.8732327967e-04,3.7150652272e-05,1.7081978773e+01
2.9140352832e-04,3.7681615411e-05,1.6962300378e+01
2.1694895002e-04,1.1201025562e-04,1.7107761247e+01
2.9328159267e-04,6.6321676473e-05,1.4564047826e+01
-1.8815357441e-04,4.5243048428e-05,4.1777676346e+01
-1.7289542077e-04,4.6530485245e-05,4.2298945808e+01
1.2837338670e-04,1.1756471314e-04,1.8895824395e+01
1.0087077569e-04,1.1220559133e-04,2.0871407892e+01
9.8008222980e-05,1.1435046316e-04,2.0869927863e+01
1.0149608102e-04,1.1549035314e-04,2.0450063402e+01
1.6591306483e-04,1.2265495267e-04,1.7433296628e+01
1.9731645673e-04,7.9505737994e-05,1.7394782893e+01
1.5097298466e-04,7.7814354541e-05,1.8698316850e+01
-1.9791142051e-04,2.3098719747e-05,4.5250247242e+01
1.6106801796e-04,9.2499364900e-05,1.7272491823e+01
1.5807397825e-04,9.4815595469e-05,1.7183831875e+01
-2.3882614339e-04,4.0692741199e-05,3.7806833490e+01
-2.3605841796e-04,4.2416458243e-05,3.8083834039e+01
-2.3897976424e-04,4.2697194456e-05,3.7665713369e+01
-2.3623705063e-04,4.4427282764e-05,3.7923195665e+01
-2.3911581200e-04,4.4728122806e-05,3.7538871714e+01
-2.3637559067e-04,4.6467509331e-05,3.7777886811e+01
-2.3923247027e-04,4.6785811125e-05,3.7425467631e+01
-2.3649732849e-04,4.8531198965e-05,3.7644244580e+01
-2.4196014430e-04,4.5051188787e-05,3.7144750700e+01
-2.4203937719e-04,4.7129333536e-05,3.7068271159e+01
-2.4477086667e-04,4.5397787247e-05,3.6741771023e+01
-2.3351689882e-04,4.6163850291e-05,3.8119655107e+01
-2.4480921857e-04,4.7497568191e-05,3.6706558335e+01
-2.4754285979e-04,4.7891814540e-05,3.6341798385e+01
-2.5028287950e-04,4.6168708278e-05,3.5916803277e+01
1.9311399955e-04,1.2162737944e-04,1.7441720305e+01
1.2845582448e-04,7.2665663129e-05,2.1325261013e+01
2.2602418966e-04,7.6386033680e-05,1.7222960595e+01
-1.0721199516e-04,8.5539104479e-05,3.6537151632e+01
-1.5440369883e-04,4.7816178100e-05,4.2809929097e+01
-1.5219289243e-04,4.9533602277e-05,4.2522713872e+01
-1.5543304068e-04,4.9614332848e-05,4.2383416498e+01
-1.5322873805e-04,5.1342029007e-05,4.2095702659e+01
-1.5641779527e-04,5.1438466289e-05,4.1957611694e+01
-1.5000746300e-04,5.1259300687e-05,4.2229951816e+01
1.0967850732e-04,6.8700799532e-05,2.2765374063e+01
-9.5566909049e-05,8.5265638964e-05,3.6919419052e+01
9.1365205547e-05,6.5160039742e-05,2.2502773384e+01
-1.4122519829e-04,2.4246636054e-05,4.8448831617e+01
-1.2292500939e-04,2.4169846277e-05,4.9009842901e+01
-8.3871517057e-05,8.5094677413e-05,3.7340419941e+01
2.0309469488e-04,3.8732207624e-05,1.8118089783e+01
6.3654230169e-05,7.9427364591e-05,2.1870861470e+01
9.8353124589e-05,8.7876857983e-05,2.2661383652e+01
-7.2143259642e-05,8.5036116216e-05,3.7757558535e+01
-1.0822588989e-04,2.4129205187e-05,4.9241112146e+01
7.3758948479e-05,1.0610170563e-04,2.2131470454e+01
7.1077933882e-05,1.0804871037e-04,2.2035924852e+01
7.4435805315e-05,1.0923028922e-04,2.2181420006e+01
7.1727548577e-05,1.1118269202e-04,2.2089426814e+01
7.5093297432e-05,1.1241414520e-04,2.2263516979e+01
6.8404324988e-05,1.0997306121e-04,2.1925751155e+01
6.9024123432e-05,1.1311105194e-04,2.1983833432e+01
6.5737768315e-05,1.1187197469e-04,2.1797227205e+01
1.6399654619e-04,3.3417054948e-05,2.0305595477e+01
-9.3488182180e-05,2.4108599318e-05,4.9220498997e+01
-2.4979267907e-04,6.1708928775e-05,3.6400034042e+01
-2.5224885042e-04,6.2296875958e-05,3.6300873198e+01
-2.4974905934e-04,6.4024279356e-05,3.6461605141e+01
-2.5217775301e-04,6.4634514836e-05,3.6396589595e+01
-2.4971378632e-04,6.6361530450e-05,3.6519510664e+01
-2.5211701794e-04,6.6993749878e-05,3.6486721802e+01
-2.4968886097e-04,6.8719893996e-05,3.6573829295e+01
-2.4727836142e-04,6.8098354259e-05,3.6595401984e+01
-2.4728827491e-04,7.0455882642e-05,3.6617533468e+01
-2.5457324253e-04,6.5278037991e-05,3.6352189933e+01
-2.5448818070e-04,6.7659451488e-05,3.6475523241e+01
-2.5693522091e-04,6.5956252294e-05,3.6332304764e+01
-2.4487095239e-04,6.9844454485e-05,3.6629157450e+01
-2.4491479589e-04,7.2201189389e-05,3.6622091199e+01
-2.5682703024e-04,6.8360041236e-05,3.6490063255e+01
-2.5926346319e-04,6.6670546903e-05,3.6342118189e+01
-2.5441737872e-04,7.0061368195e-05,3.6593042931e+01
-6.0405290990e-05,8.5105655304e-05,3.8092028471e+01
1.3668643681e-04,3.0337560844e-05,2.2592003585e+01
-4.8675380395e-05,8.5328882171e-05,3.8211444201e+01
-5.6521303574e-05,2.4174133052e-05,4.7495942337e+01
3.6842639906e-05,9.6961634539e-05,2.0759019970e+01
3.4643347389e-05,9.8697857507e-05,2.0641535153e+01
3.7527375745e-05,9.9545506911e-05,2.0637812790e+01
3.5315567976e-05,1.0126771273e-04,2.0499248603e+01
3.8183714638e-05,1.0215980064e-04,2.0499680709e+01
3.2476264617e-05,1.0041446017e-04,2.0526745620e+01
1.2118291208e-04,2.8901138380e-05,2.2923381362e+01
2.4235501542e-04,4.4142088109e-05,1.7181089527e+01
1.0601934559e-04,2.7754153908e-05,2.2784985993e+01
-3.8118841515e-05,2.4282489514e-05,4.5353636655e+01
-3.6978231533e-05,8.5739953241e-05,3.7908823697e+01
-1.9739548623e-05,2.4463215779e-05,4.2124955548e+01
-5.1221206510e-06,2.4658453017e-05,3.8780433827e+01
-7.1232108170e-06,1.0849609286e-04,3.6856598580e+01
4.5055029718e-05,2.5564484219e-05,2.5514196671e+01
-2.5343039348e-05,8.6384752283e-05,3.6881393378e+01
-1.2094388255e-04,6.5042568064e-05,4.0180905844e+01
-1.3269196830e-04,1.0274755595e-04,3.3964809078e+01
-6.9049358430e-05,6.6318965995e-05,4.0873838801e+01
-9.1029748347e-05,6.6379651094e-05,4.0665748563e+01
-1.3807520817e-05,8.7321915722e-05,3.4714369459e+01
-2.4220724056e-06,8.8623917316e-05,3.0862945917e+01
-2.8511568548e-05,1.0623169221e-04,3.7315383721e+01
8.7450608166e-06,9.0377190873e-05,2.4759924598e+01
-4.7480637362e-05,1.0525694937e-04,3.6032121685e+01
1.9786654808e-05,9.2633693098e-05,2.1005081328e+01
-5.8386992341e-05,1.0499448891e-04,3.5248058635e+01
5.4261042199e-05,9.9700903669e-05,2.1256986883e+01
-1.9038265144e-04,6.0415343547e-05,3.9012336832e+01
1.8991198642e-04,1.2394024768e-04,1.7473716338e+01
1.9352465106e-04,1.2517686702e-04,1.7456168892e+01
1.9031202462e-04,1.2746555624e-04,1.7488734760e+01
1.9390949899e-04,1.2872805964e-04,1.7475155802e+01
1.9068649601e-04,1.3098986818e-04,1.7506193196e+01
1.9426616116e-04,1.3227819475e-04,1.7496937180e+01
1.9752238858e-04,1.3001668499e-04,1.7450367166e+01
1.9786077617e-04,1.3359541936e-04,1.7474984334e+01
2.0115355855e-04,1.3133225202e-04,1.7411512335e+01
1.9459553951e-04,1.3581848046e-04,1.7517840574e+01
2.0147391407e-04,1.3494350267e-04,1.7433881771e+01
2.0480667922e-04,1.3267541768e-04,1.7354460828e+01
2.0510851360e-04,1.3632245779e-04,1.7378684102e+01
2.0848507969e-04,1.3404494468e-04,1.7280100949e+01
2.0816121016e-04,1.3036521099e-04,1.7269999339e+01
2.1188260476e-04,1.3171964394e-04,1.7188234448e+01
2.1219263312e-04,1.3543775203e-04,1.7198290729e+01
2.1563650700e-04,1.3309129465e-04,1.7067989361e+01
2.1593591566e-04,1.3685049325e-04,1.7031443751e+01
2.1942941413e-04,1.3447565098e-04,1.7168826025e+01
2.1529685962e-04,1.2934640682e-04,1.7117390981e+01
2.0175691652e-04,1.3855451092e-04,1.7462714787e+01
-1.7409824269e-04,7.9110930089e-05,3.6594986346e+01
-2.2917945272e-04,6.0175954037e-05,3.7453123403e+01
-1.7991468473e-04,6.3629547694e-05,3.8816156869e+01
-3.2654464697e-04,2.4348794131e-05,1.7415181687e+01
2.4034952790e-04,1.1925792592e-04,1.4479559319e+01
2.3689864599e-04,1.2189042344e-04,1.4609975552e+01
2.4080054615e-04,1.2309683084e-04,1.4293545558e+01
2.3733170861e-04,1.2572905923e-04,1.4338880767e+01
2.4121832454e-04,1.2694584897e-04,1.4111398608e+01
2.3772852924e-04,1.2957829202e-04,1.4139518531e+01
2.3343316747e-04,1.2448959546e-04,1.4733164722e+01
1.4200313972e-04,1.4404109494e-04,1.8654617989e+01
-3.2126669160e-04,3.3315270972e-05,1.7704976904e+01
-1.5592937744e-04,8.1822932766e-05,3.6372969097e+01
-1.3497029082e-04,8.4626280731e-05,3.6168088137e+01
1.5540036054e-04,1.1935960126e-04,1.7286771674e+01
-3.1724382071e-04,3.4798614920e-05,1.7794902281e+01
-3.1950295320e-04,3.6234723721e-05,1.7772373070e+01
-1.0353034953e-04,6.6536849199e-05,4.0342531399e+01
-2.9218702680e-04,5.1259843901e-05,2.8821907841e+01
2.9850757384e-04,7.4663861942e-05,1.4144209478e+01
-2.7222374185e-04,5.6015193152e-05,3.4089127861e+01
-2.6960164643e-04,5.7633186198e-05,3.4687848090e+01
-2.7186830826e-04,5.8428999345e-05,3.4695386976e+01
-2.6929012862e-04,6.0045843093e-05,3.5182076166e+01
-2.7152978682e-04,6.0866431712e-05,3.5250058353e+01
-2.6899524999e-04,6.2481596978e-05,3.5636376599e+01
-1.9442200550e-04,7.4836127042e-05,3.6919587765e+01
3.2795865639e-04,2.0885830225e-05,1.5418403739e+01
3.2382479326e-04,2.0523838213e-05,1.5506351628e+01
-2.6521056567e-04,1.4432586870e-05,3.1178471320e+01
-1.7416450968e-04,8.7339631830e-05,3.5637575068e+01
2.0133033269e-04,1.0376971902e-04,1.7328783469e+01
-1.8030816738e-04,1.8142297830e-05,4.7606440247e+01
2.3483357734e-04,1.0666457647e-04,1.6250187090e+01
-1.5343128583e-04,4.0841373779e-05,4.4369466305e+01
-1.5570984560e-04,3.9171325667e-05,4.4638482253e+01
-1.5231298173e-04,3.9117918317e-05,4.4793757844e+01
-1.5459584197e-04,3.7458184520e-05,4.5060615280e+01
-1.5116986178e-04,3.7409747166e-05,4.5215990563e+01
-1.5801371948e-04,3.7509477526e-05,4.4898955323e+01
-1.5345648951e-04,3.5760299052e-05,4.5480468189e+01
-1.5000169050e-04,3.5716503162e-05,4.5635543483e+01
-1.5229141780e-04,3.4077289547e-05,4.5897445374e+01
-1.4880789785e-04,3.4037874294e-05,4.6051831560e+01
-1.5110026385e-04,3.2408806030e-05,4.6310977238e+01
-1.5460533939e-04,3.2446257467e-05,4.6150075064e+01
-1.4758845934e-04,3.2373482418e-05,4.6464296088e+01
-1.4531754459e-04,3.4000699079e-05,4.6199024321e+01
-1.4407025658e-04,3.2340175003e-05,4.6609974084e+01
-1.4054529370e-04,3.2311280133e-05,4.6747363033e+01
-1.3831768101e-04,3.3933092159e-05,4.6471220096e+01
-1.3701524204e-04,3.2282276682e-05,4.6877176792e+01
-1.3480910648e-04,3.3901704037e-05,4.6595944161e+01
-1.3129515840e-04,3.3872739383e-05,4.6712486377e+01
-1.2993993254e-04,3.2227257612e-05,4.7112099349e+01
-1.2777657526e-04,3.3845552813e-05,4.6820523939e+01
-1.2639456271e-04,3.2204462037e-05,4.7215730256e+01
-1.2425205274e-04,3.3820451873e-05,4.6919559350e+01
-1.2072286946e-04,3.3797030171e-05,4.7009059907e+01
-1.1929073616e-04,3.2161779975e-05,4.7393971595e+01
-1.1719024259e-04,3.3775672207e-05,4.7088272198e+01
-1.1573286542e-04,3.2142974738e-05,4.7467043866e+01
-1.1365300646e-04,3.3756052658e-05,4.7156541663e+01
-1.1217120831e-04,3.2125914821e-05,4.7528393949e+01
-1.1011281357e-04,3.3738546049e-05,4.7212946840e+01
-1.0860621920e-04,3.2110688952e-05,4.7577118358e+01
-1.0656828234e-04,3.3723289153e-05,4.7256554250e+01
-1.0302103456e-04,3.3709132006e-05,4.7286586701e+01
-1.0146672975e-04,3.2085779540e-05,4.7632758278e+01
-9.9470862536e-05,3.3697439551e-05,4.7301657942e+01
-9.7892882098e-05,3.2076193081e-05,4.7637452322e+01
-9.5917968088e-05,3.3688527442e-05,4.7300511702e+01
-9.2362776500e-05,3.3681362713e-05,4.7282076703e+01
-9.0738201242e-05,3.2063332215e-05,4.7594256155e+01
-8.8805534706e-05,3.3676396649e-05,4.7244869823e+01
-8.7157919070e-05,3.2060113999e-05,4.7543605798e+01
-8.5246461551e-05,3.3673810670e-05,4.7187387495e+01
-8.1685866199e-05,3.3673707846e-05,4.7108030401e+01
-7.9992833915e-05,3.2060506114e-05,4.7376546345e+01
-7.8124102661e-05,3.3676182443e-05,4.7005138669e+01
-7.6408686482e-05,3.2062767895e-05,4.7257077496e+01
-7.4561431938e-05,3.3681111474e-05,4.6876987985e+01
-7.0998145651e-05,3.3689350435e-05,4.6721595523e+01
-6.9238324703e-05,3.2080102561e-05,4.6935925534e+01
-6.7434640283e-05,3.3700477526e-05,4.6537173261e+01
-6.5652908866e-05,3.2090666188e-05,4.6731319074e+01
-6.3871224315e-05,3.3714420338e-05,4.6321785462e+01
-6.0308274406e-05,3.3732077342e-05,4.6073293703e+01
-5.8483168805e-05,3.2123202749e-05,4.6223157798e+01
-5.6746160139e-05,3.3752646448e-05,4.5789839726e+01
-5.3185296205e-05,3.3777015836e-05,4.5469266869e+01
-5.1317450238e-05,3.2169292739e-05,4.5570331198e+01
-4.9626137422e-05,3.3805220111e-05,4.5109598350e+01
-5.1495757769e-05,3.5421381573e-05,4.5019295439e+01
-4.7959819491e-05,3.5453113420e-05,4.4645269518e+01
-4.6069096393e-05,3.3837353577e-05,4.4708902668e+01
-4.4426280331e-05,3.5489071358e-05,4.4229111561e+01
-4.2514839219e-05,3.3875669642e-05,4.4264998620e+01
-4.0895698514e-05,3.5529762296e-05,4.3768906529e+01
-3.8963517229e-05,3.3916433873e-05,4.3776821775e+01
-3.7368519637e-05,3.5574738675e-05,4.3263000652e+01
-3.5415725949e-05,3.3961165905e-05,4.3242604720e+01
-3.3845283650e-05,3.5624267791e-05,4.2709837311e+01
-3.1871829743e-05,3.4008821765e-05,4.2661284741e+01
-3.0326521315e-05,3.5678294989e-05,4.2108169613e+01
-2.8332888595e-05,3.4063530292e-05,4.2031247905e+01
-2.6812900337e-05,3.5737566263e-05,4.1456961260e+01
-2.3304962527e-05,3.5801680404e-05,4.0755740030e+01
-2.1270945201e-05,3.4184701611e-05,4.0624698714e+01
-1.9803337665e-05,3.5870734463e-05,4.0004443644e+01
-1.7749246150e-05,3.4252129624e-05,3.9848284307e+01
-1.6308666332e-05,3.5944778019e-05,3.9203581032e+01
-1.2821615923e-05,3.6023797958e-05,3.8354310904e+01
-1.0727531711e-05,3.4400846556e-05,3.8154319328e+01
-9.3428897296e-06,3.6107738906e-05,3.7458562452e+01
-5.8731554906e-06,3.6196511807e-05,3.6519055475e+01
-3.7390272635e-06,3.4567560411e-05,3.6287367917e+01
-2.4130822989e-06,3.6289974697e-05,3.5539429410e+01
-2.5885240651e-07,3.4657334458e-05,3.5297855226e+01
3.2110689806e-06,3.4751120659e-05,3.4277423942e+01
4.4752230105e-06,3.6490213293e-05,3.3479110802e+01
6.6700917999e-06,3.4848680169e-05,3.3232137297e+01
7.9021394366e-06,3.6596466001e-05,3.2410494120e+01
1.0117599883e-05,3.4949716538e-05,3.2168781542e+01
1.1316646889e-05,3.6706418777e-05,3.1325835823e+01
1.3553435218e-05,3.5052460804e-05,3.1095331116e+01
1.4718139922e-05,3.6819498146e-05,3.0233543113e+01
1.6975716555e-05,3.5160665024e-05,3.0019342965e+01
1.8105839943e-05,3.6935972311e-05,2.9142063166e+01
2.0385010919e-05,3.5270365094e-05,2.8949991418e+01
2.1479289496e-05,3.7054952381e-05,2.8062353714e+01
2.3781070402e-05,3.5380499130e-05,2.7897892191e+01
2.4837985184e-05,3.7175845556e-05,2.6999101238e+01
2.7161868152e-05,3.5494922880e-05,2.6866418005e+01
2.8181148144e-05,3.7298927739e-05,2.5980252995e+01
3.0528203770e-05,3.5609673091e-05,2.5882930527e+01
3.1508443928e-05,3.7423312629e-05,2.4948286500e+01
3.3879343806e-05,3.5725163413e-05,2.4891718287e+01
3.4819352006e-05,3.7548668451e-05,2.4156452646e+01
3.7214804683e-05,3.5841144166e-05,2.4136592285e+01
3.8113111654e-05,3.7674467010e-05,2.2718285005e+01
4.0533892003e-05,3.5957118897e-05,2.2759984629e+01
4.1408034200e-05,3.7807579839e-05,2.1907279557e+01
4.3852955670e-05,3.6079368901e-05,2.1961218867e+01
4.4723378186e-05,3.7955660546e-05,2.2124236591e+01
4.7193233182e-05,3.6214521903e-05,2.2162950549e+01
4.8059464088e-05,3.8118651409e-05,2.2085861333e+01
5.0553003683e-05,3.6367146385e-05,2.2123517514e+01
5.1416548958e-05,3.8297575552e-05,2.2125408026e+01
5.3934428794e-05,3.6533837687e-05,2.2161515223e+01
5.4795350821e-05,3.8492278720e-05,2.2153239753e+01
5.7338269336e-05,3.6714240482e-05,2.2187704813e+01
5.8196405876e-05,3.8702906076e-05,2.2190490762e+01
6.0762920373e-05,3.6913331410e-05,2.2226190244e+01
6.1619859070e-05,3.8930509641e-05,2.2229668862e+01
6.4210521112e-05,3.7127640293e-05,2.2266757056e+01
6.5066317685e-05,3.9174880226e-05,2.2271666137e+01
6.7681734667e-05,3.7356732133e-05,2.2308653766e+01
6.8536196871e-05,3.9436088674e-05,2.2314702519e+01
7.1174753419e-05,3.7605653389e-05,2.2353657607e+01
7.2029500148e-05,3.9715126669e-05,2.2358109235e+01
7.4691664829e-05,3.7870733729e-05,2.2398691487e+01
7.5546710706e-05,4.0011677471e-05,2.2401593589e+01
7.8233017039e-05,3.8151416703e-05,2.2442041374e+01
7.9088110992e-05,4.0325703819e-05,2.2444390704e+01
8.1796802285e-05,3.8452785556e-05,2.2486309149e+01
8.2653558716e-05,4.0658108857e-05,2.2486186342e+01
8.5385048664e-05,3.8770930756e-05,2.2528977582e+01
8.6243410345e-05,4.1008441518e-05,2.2527131226e+01
8.8998192847e-05,3.9105143624e-05,2.2568924668e+01
8.9857817659e-05,4.1376533721e-05,2.2566872545e+01
9.2634041239e-05,3.9460515195e-05,2.2608895626e+01
9.3496502046e-05,4.1763180773e-05,2.2605461483e+01
9.6294564458e-05,3.9832872817e-05,2.2646972384e+01
9.7159701099e-05,4.2167778893e-05,2.2643114634e+01
9.9979299075e-05,4.0223097151e-05,2.2682693864e+01
1.0084731196e-04,4.2590315386e-05,2.2680114362e+01
1.0368816916e-04,4.0631310855e-05,2.2718720930e+01
1.0455927623e-04,4.3030677426e-05,2.2716509708e+01
1.0742105316e-04,4.1057380739e-05,2.2752292667e+01
1.0829546233e-04,4.3488702192e-05,2.2753539343e+01
1.1117788258e-04,4.1501155061e-05,2.2787330436e+01
1.1205566370e-04,4.3964160275e-05,2.2792137122e+01
1.1495845145e-04,4.1962352541e-05,2.2821075175e+01
1.1583973111e-04,4.4456842205e-05,2.2829353022e+01
1.1876263138e-04,4.2440720219e-05,2.2863675470e+01
1.1964754777e-04,4.4966579326e-05,2.2860364027e+01
1.2259029038e-04,4.2935960831e-05,2.2877974300e+01
1.2347940296e-04,4.5493246034e-05,2.2972259436e+01
1.2644118177e-04,4.3448077978e-05,2.2936192420e+01
1.2732929242e-04,4.6036229594e-05,2.2798596426e+01
1.3030023486e-04,4.3975138578e-05,2.2531217051e+01
1.3118086164e-04,4.6593696383e-05,2.2324657068e+01
1.3415990572e-04,4.4516503949e-05,2.2133391393e+01
1.3503336793e-04,4.7165331489e-05,2.1920976462e+01
1.3802116461e-04,4.5069966263e-05,2.1731081202e+01
1.3888662683e-04,4.7750541256e-05,2.1522307503e+01
1.4188136775e-04,4.5640634802e-05,2.1345650111e+01
1.4274002774e-04,4.8349869879e-05,2.1134594503e+01
1.4574246830e-04,4.6223439183e-05,2.0971149497e+01
1.4659367750e-04,4.8962294318e-05,2.0759852058e+01
1.4960386384e-04,4.6819046304e-05,2.0608781805e+01
1.5044745104e-04,4.9587506537e-05,2.0395970982e+01
1.5346541568e-04,4.7427234528e-05,2.0258846979e+01
1.5430115177e-04,5.0225098670e-05,2.0043582356e+01
1.5732705092e-04,4.8047578313e-05,1.9921535773e+01
1.5815479884e-04,5.0874576457e-05,1.9704445348e+01
1.6118883826e-04,4.8679569310e-05,1.9597986001e+01
1.6200844593e-04,5.1535363466e-05,1.9378553892e+01
1.6505173217e-04,4.9320649223e-05,1.9287061582e+01
1.6586231543e-04,5.2206472237e-05,1.9068136416e+01
1.6891335307e-04,4.9975918520e-05,1.8987837735e+01
1.6971604210e-04,5.2888061548e-05,1.8766287030e+01
1.7277601825e-04,5.0639651856e-05,1.8701828134e+01
1.7356939469e-04,5.3578101072e-05,1.8470673234e+01
1.7663993865e-04,5.1309615846e-05,1.8426872352e+01
1.7742252282e-04,5.4272935824e-05,1.8184754609e+01
1.8050187319e-04,5.1989585971e-05,1.8160197414e+01
1.7433836503e-04,5.6553843281e-05,1.8225185827e+01
-1.8363496922e-05,3.7573694852e-05,3.9375667095e+01
-4.6318490178e-05,3.7112579833e-05,4.4177971522e+01
-3.2301039744e-05,3.7302000483e-05,4.2172064896e+01
-1.1172723351e-06,3.8031708029e-05,3.4776249249e+01
3.2450701210e-05,3.9262357398e-05,2.4190844112e+01
1.2053737942e-04,4.7539835429e-05,2.2854387887e+01
1.4744208319e-04,5.1748120270e-05,2.0542158153e+01
1.5897880857e-04,5.3745561817e-05,1.9482367046e+01
1.3206075349e-04,4.9258394030e-05,2.2121158428e+01
1.0543625870e-04,4.5476767938e-05,2.2719124927e+01
9.4364592303e-05,4.4114851282e-05,2.2601553906e+01
8.3515542786e-05,4.2913210898e-05,2.2482652820e+01
7.2888582146e-05,4.1874353337e-05,2.2358095482e+01
6.2479861646e-05,4.0996367912e-05,2.2231941012e+01
5.2281620998e-05,4.0274448110e-05,2.2117150221e+01
4.2282374682e-05,3.9701459246e-05,2.2087584654e+01
1.9201959125e-05,3.8733201986e-05,2.8243882822e+01
9.1021955837e-06,3.8365256644e-05,3.1569318299e+01
-6.5654859084e-05,3.5332864278e-05,4.6135015634e+01
-7.6278733174e-05,3.5303953165e-05,4.6629940712e+01
-8.6895865452e-05,3.5300978364e-05,4.6891225120e+01
-9.7502469109e-05,3.5321299621e-05,4.6965475371e+01
1.8127321571e-04,5.4975258338e-05,1.7914379367e+01
1.8436345332e-04,5.2673496939e-05,1.7906003140e+01
-1.1511437392e-04,3.5401292262e-05,4.6776195025e+01
-1.2913518439e-04,3.5502352625e-05,4.6418550672e+01
1.8512188235e-04,5.5681575840e-05,1.7657765497e+01
1.8822409238e-04,5.3360819554e-05,1.7668501442e+01
1.8357143418e-04,4.9696955330e-05,1.8141938657e+01
1.7195427292e-04,4.7739069761e-05,1.8924101864e+01
1.4486726611e-04,4.3526110182e-05,2.1185529296e+01
9.5413534131e-05,3.7543695515e-05,2.2649601736e+01
8.4510355497e-05,3.6580332016e-05,2.2526322747e+01
7.3819290325e-05,3.5776892212e-05,2.2391021847e+01
6.3335957351e-05,3.5126466224e-05,2.2261556119e+01
5.3052992942e-05,3.4619117825e-05,2.2160807844e+01
2.9487416485e-05,3.3817279014e-05,2.6754816479e+01
1.9232393743e-05,3.3505179773e-05,2.9825875016e+01
-2.6345918208e-05,3.2455130224e-05,4.1947005823e+01
-3.7038342927e-05,3.2309986203e-05,4.3774344536e+01
-1.2166117041e-05,3.2708640841e-05,3.8844927595e+01
1.8913476677e-06,3.3028663168e-05,3.5066420545e+01
4.2960479594e-05,3.4243322773e-05,2.2813679229e+01
1.1028365437e-04,3.9081431211e-05,2.2787846453e+01
1.2553153473e-04,4.0901593964e-05,2.2976486957e+01
1.6034345142e-04,4.5864409330e-05,1.9814021477e+01
-1.0455284305e-04,3.5346843988e-05,4.6930651462e+01
1.6666761812e-04,5.5135091579e-05,1.8837673624e+01
1.3975125827e-04,5.0475805135e-05,2.1306486672e+01
1.8200865457e-04,5.8000518364e-05,1.7658370578e+01
1.1293893975e-04,4.6473191594e-05,2.2798525584e+01
2.5859494096e-05,3.8993455802e-05,2.6093814654e+01
-7.9872228563e-06,3.7832288842e-05,3.6750585312e+01
-2.5319764550e-05,3.7426919654e-05,4.0876199849e+01
-5.8573099893e-05,3.5369345943e-05,4.5649169657e+01
-3.9302155164e-05,3.7197621931e-05,4.3268896000e+01
1.4072472326e-04,1.3401700555e-04,1.8471830133e+01
-1.7255354421e-04,3.9488261882e-05,4.3772831770e+01
-1.7496183239e-04,3.7814006355e-05,4.3993028933e+01
-2.6175923063e-04,3.7260758212e-05,3.2814766636e+01
-2.6451175598e-04,3.7693977784e-05,3.1986943825e+01
-2.6159618603e-04,3.9368513018e-05,3.3075944475e+01
-2.6430198467e-04,3.9827989859e-05,3.2343677829e+01
-2.6142078631e-04,4.1503707487e-05,3.3359087484e+01
-2.6408167830e-04,4.1989026721e-05,3.2720476353e+01
-2.6123746463e-04,4.3663267494e-05,3.3656769511e+01
6.8283146599e-05,9.6038448654e-05,2.1895353020e+01
-1.3187759624e-04,7.8610399360e-05,3.7235765168e+01
-9.9440674718e-05,6.1038504005e-05,4.1572502043e+01
1.9921907855e-04,7.0449938632e-05,1.7354997525e+01
-1.5458384018e-04,9.1875524492e-05,3.5111917471e+01
-2.4419111692e-04,3.3368334587e-05,3.7281270575e+01
1.5745258030e-04,9.1550589151e-05,1.7052031241e+01
1.5446934055e-04,9.3853550143e-05,1.7103772768e+01
1.5382299075e-04,9.0603913591e-05,1.7388231979e+01
1.5084861543e-04,9.2893518173e-05,1.7593952109e+01
1.5149268702e-04,9.6147972267e-05,1.7250824516e+01
-2.5320993354e-04,3.2179208771e-05,3.5131371690e+01
2.2410854136e-04,6.6093524091e-05,1.7311556859e+01
2.2024524746e-04,6.5320225541e-05,1.7329844339e+01
2.2347002170e-04,6.2767598320e-05,1.7322913108e+01
2.1960883336e-04,6.2034369984e-05,1.7327155233e+01
2.2283231513e-04,5.9500091387e-05,1.7316174307e+01
2.1897137085e-04,5.8806739721e-05,1.7302628685e+01
2.2219432336e-04,5.6293888465e-05,1.7283477001e+01
2.1833100529e-04,5.5638527433e-05,1.7244969476e+01
2.1511812869e-04,5.8123126904e-05,1.7271424394e+01
2.1447149425e-04,5.4989420421e-05,1.7197981645e+01
2.1127026339e-04,5.7446587224e-05,1.7225646621e+01
2.1061290863e-04,5.4341766049e-05,1.7112591403e+01
2.0742488405e-04,5.6773491828e-05,1.7165743607e+01
2.0675124351e-04,5.3689282112e-05,1.7034222232e+01
2.2606394887e-04,5.6958229171e-05,1.7303798137e+01
-2.7840071893e-04,3.6003342953e-05,2.5560305523e+01
-2.8094804196e-04,3.6642153530e-05,2.4281723981e+01
-2.7798403765e-04,3.8221033481e-05,2.6583408828e+01
-2.8048400683e-04,3.8878958577e-05,2.5532876613e+01
-2.6214505253e-04,3.1110300595e-05,3.2226408261e+01
-1.6473267254e-04,9.0634372933e-05,3.5276663136e+01
-2.7095830306e-04,3.0195762751e-05,2.8281936267e+01
2.1921835849e-04,1.0212008495e-04,1.7118530981e+01
2.6943629784e-04,2.6039597193e-05,1.7313517359e+01
2.6550514290e-04,2.5774572641e-05,1.7715167711e+01
2.6883406499e-04,2.3065813752e-05,1.7877161880e+01
2.6487920618e-04,2.2816331517e-05,1.8203928497e+01
2.6821021057e-04,2.0114173276e-05,1.8407329184e+01
2.6423118344e-04,1.9880018075e-05,1.8752471373e+01
2.6090323096e-04,2.2546664428e-05,1.8509122774e+01
2.6023084142e-04,1.9623629947e-05,1.9039446816e+01
2.5690748828e-04,2.2255067305e-05,1.8763252091e+01
2.5621207391e-04,1.9344556176e-05,1.9298014640e+01
2.5289450029e-04,2.1941357840e-05,1.9000026340e+01
2.5217671085e-04,1.9042205734e-05,1.9467306179e+01
2.4886717034e-04,2.1605822861e-05,1.9145622623e+01
2.4814216781e-04,1.8723317552e-05,1.9492317904e+01
2.4484165384e-04,2.1255503132e-05,1.9187025470e+01
2.4411807114e-04,1.8394830418e-05,1.9520659815e+01
2.4082447424e-04,2.0896154781e-05,1.9223465200e+01
2.4010526730e-04,1.8060851977e-05,1.9540222195e+01
2.3681779457e-04,2.0531681157e-05,1.9254140540e+01
2.3610404689e-04,1.7724523789e-05,1.9580981551e+01
2.3282147551e-04,2.0164826297e-05,1.9294151421e+01
2.3211331025e-04,1.7388169635e-05,1.9615578754e+01
2.2883535580e-04,1.9797779740e-05,1.9358258927e+01
2.2813167180e-04,1.7053360645e-05,1.9684288351e+01
2.2485751036e-04,1.9432463071e-05,1.9419784164e+01
2.2415796065e-04,1.6721877173e-05,1.9751279966e+01
2.2088765122e-04,1.9070211159e-05,1.9493761217e+01
2.2019151592e-04,1.6394575901e-05,1.9821523218e+01
2.1692479346e-04,1.8712348728e-05,1.9589460955e+01
2.1623117877e-04,1.6072905289e-05,1.9907920697e+01
2.1296790094e-04,1.8360070365e-05,1.9689380191e+01
2.1227588873e-04,1.5757421158e-05,2.0011838688e+01
2.0901626986e-04,1.8014072180e-05,1.9788672240e+01
2.0832483289e-04,1.5448615321e-05,2.0109790307e+01
2.0506915230e-04,1.7674816153e-05,1.9907037361e+01
2.0437719507e-04,1.5146994664e-05,2.0223214029e+01
2.0112541544e-04,1.7342875166e-05,2.0042065809e+01
2.0043188448e-04,1.4852985840e-05,2.0353865017e+01
1.9718375312e-04,1.7018904308e-05,2.0195051287e+01
1.9648768433e-04,1.4567019251e-05,2.0496414740e+01
1.9324357663e-04,1.6703287742e-05,2.0340131208e+01
1.9254448050e-04,1.4289403737e-05,2.0638629509e+01
1.8930454647e-04,1.6396345091e-05,2.0505434776e+01
1.8860121264e-04,1.4020846395e-05,2.0802797381e+01
1.8536533092e-04,1.6098660481e-05,2.0688498739e+01
1.8465712399e-04,1.3761312437e-05,2.0968404779e+01
1.8142549788e-04,1.5810588361e-05,2.0868910519e+01
1.8071231555e-04,1.3511470207e-05,2.1146484304e+01
1.7748492516e-04,1.5532534171e-05,2.1067934276e+01
1.7676587534e-04,1.3271647486e-05,2.1330837774e+01
1.7354295159e-04,1.5264857475e-05,2.1270841881e+01
1.7281804211e-04,1.3042525085e-05,2.1524394773e+01
1.6959948179e-04,1.5008329142e-05,2.1482465784e+01
1.6886871316e-04,1.2824691476e-05,2.1717956365e+01
1.6565466932e-04,1.4763721662e-05,2.1699381886e+01
1.6491843391e-04,1.2618547767e-05,2.1912774114e+01
1.6170910951e-04,1.4531642551e-05,2.1911001652e+01
1.6096785833e-04,1.2425340866e-05,2.2098317267e+01
1.5776377178e-04,1.4312921298e-05,2.2118643348e+01
1.5701851598e-04,1.2245335979e-05,2.2274275500e+01
1.5382006013e-04,1.4108366283e-05,2.2313969341e+01
1.5307178002e-04,1.2079133820e-05,2.2436855744e+01
1.4987989905e-04,1.3918501734e-05,2.2488872312e+01
1.4912919180e-04,1.1927035070e-05,2.2579419629e+01
1.4594514833e-04,1.3743631722e-05,2.2643885921e+01
1.4519234362e-04,1.1789011987e-05,2.2704391019e+01
1.4201730269e-04,1.3584003136e-05,2.2777647377e+01
1.4126256446e-04,1.1664953523e-05,2.2797828283e+01
1.3809849652e-04,1.3439529444e-05,2.2857500338e+01
1.3734233300e-04,1.1554288393e-05,2.2846115954e+01
1.3419129353e-04,1.3309866639e-05,2.2904381336e+01
1.3343203778e-04,1.1456842793e-05,2.2881814849e+01
1.3029588551e-04,1.3194348753e-05,2.2937216178e+01
1.2953223594e-04,1.1371394005e-05,2.2903935391e+01
1.2641247604e-04,1.3092138890e-05,2.2957398730e+01
1.2564302122e-04,1.1297257613e-05,2.2916829849e+01
1.2254122500e-04,1.3002409746e-05,2.2969879763e+01
1.1868226170e-04,1.2924356280e-05,2.2976517014e+01
1.1789703823e-04,1.1180101207e-05,2.2918344512e+01
1.1483566020e-04,1.2857216383e-05,2.2978106891e+01
1.1404071095e-04,1.1135719228e-05,2.2913093567e+01
1.1100145813e-04,1.2800278022e-05,2.2976985522e+01
1.1019573025e-04,1.1099970869e-05,2.2909517371e+01
1.0717984327e-04,1.2752835107e-05,2.2970177871e+01
1.0636244063e-04,1.1072321758e-05,2.2912459929e+01
1.0337115690e-04,1.2714261254e-05,2.2963652301e+01
9.9575627244e-05,1.2683950981e-05,2.2963572091e+01
9.8732368866e-05,1.1039352212e-05,2.2869929836e+01
9.5793499867e-05,1.2661389224e-05,2.2958869072e+01
9.4935642297e-05,1.1032734673e-05,2.2924868987e+01
9.2024921973e-05,1.2646004357e-05,2.2927770645e+01
9.1148183023e-05,1.1028984400e-05,2.2961519442e+01
8.8269274431e-05,1.2636653350e-05,2.3004490613e+01
8.4522059556e-05,1.2628710716e-05,2.3062567941e+01
8.3583753937e-05,1.1015253562e-05,2.3351998142e+01
8.0775439366e-05,1.2617869185e-05,2.3357395233e+01
7.9802714614e-05,1.1004899443e-05,2.3638833476e+01
7.7028203218e-05,1.2604554250e-05,2.3658212272e+01
7.6021123685e-05,1.0992642248e-05,2.4009122445e+01
7.3279532366e-05,1.2589007360e-05,2.4045544516e+01
7.2238221848e-05,1.0978655814e-05,2.4445622449e+01
6.9528673239e-05,1.2571517163e-05,2.4505543416e+01
6.8453373316e-05,1.0963153891e-05,2.4948578436e+01
6.5774997069e-05,1.2552332311e-05,2.5030740626e+01
6.4666081691e-05,1.0946287196e-05,2.5514082467e+01
6.2018043647e-05,1.2531651946e-05,2.5618642290e+01
6.0875932712e-05,1.0928230039e-05,2.6138661316e+01
5.8257502844e-05,1.2509651498e-05,2.6265266183e+01
5.7082621473e-05,1.0909099055e-05,2.6819001505e+01
5.4493091942e-05,1.2486490395e-05,2.6967078835e+01
5.3285881050e-05,1.0889046303e-05,2.7551313032e+01
5.0724519369e-05,1.2462331191e-05,2.7719831104e+01
4.9485612405e-05,1.0867907242e-05,2.8331516731e+01
4.6951611459e-05,1.2437275405e-05,2.8519113710e+01
4.5681345736e-05,1.0846576470e-05,2.9155057753e+01
4.3174239750e-05,1.2411584774e-05,2.9360177358e+01
4.1873236703e-05,1.0824512381e-05,3.0017318088e+01
3.9392356306e-05,1.2385309839e-05,3.0238076983e+01
3.8061155691e-05,1.0801959924e-05,3.0913316244e+01
3.5605845702e-05,1.2358601242e-05,3.1147621385e+01
3.4245029326e-05,1.0779084666e-05,3.1837818158e+01
3.1814670987e-05,1.2331607886e-05,3.2083382339e+01
3.0424843739e-05,1.0755989346e-05,3.2785391378e+01
2.8018896729e-05,1.2304462932e-05,3.3039721304e+01
2.6600613710e-05,1.0732812403e-05,3.3750426863e+01
2.4218571644e-05,1.2277306357e-05,3.4010866962e+01
2.2772389167e-05,1.0709649840e-05,3.4727197323e+01
2.0413751295e-05,1.2250275702e-05,3.4990972671e+01
1.8940228326e-05,1.0686637356e-05,3.5709925334e+01
1.6604452717e-05,1.2223505249e-05,3.5974205403e+01
1.5104213469e-05,1.0663866301e-05,3.6692865446e+01
1.2790820546e-05,1.2197120837e-05,3.6954781049e+01
1.1264452922e-05,1.0641464323e-05,3.7670384699e+01
8.9730608072e-06,1.2171239129e-05,3.7927066744e+01
7.4210948730e-06,1.0619511770e-05,3.8637027109e+01
5.1512972067e-06,1.2145968363e-05,3.8885716253e+01
3.5742796870e-06,1.0598122759e-05,3.9587629795e+01
1.3257267622e-06,1.2121428742e-05,3.9825666027e+01
-2.7582032294e-07,1.0577366034e-05,4.0517369491e+01
-2.5034626642e-06,1.2097707905e-05,4.0742285257e+01
-4.1290314255e-06,1.0557338605e-05,4.1421832436e+01
-6.3360640878e-06,1.2074891218e-05,4.1631365882e+01
-7.9851601091e-06,1.0538088198e-05,4.2297076670e+01
-1.0171847861e-05,1.2053047385e-05,4.2489212679e+01
-1.1844009922e-05,1.0519691749e-05,4.3139640267e+01
-1.4010647528e-05,1.2032238063e-05,4.3312645502e+01
-1.5705329420e-05,1.0501849397e-05,4.3946653287e+01
-1.7852156376e-05,1.2012448934e-05,4.4099012413e+01
-1.9569053806e-05,1.0485527573e-05,4.4715555771e+01
-2.1696114959e-05,1.1993865096e-05,4.4846158395e+01
-2.3434830440e-05,1.0469951169e-05,4.5444577771e+01
-2.5542334949e-05,1.1976401204e-05,4.5552500985e+01
-2.7302451443e-05,1.0454960434e-05,4.6132363098e+01
-2.9390604817e-05,1.1960016508e-05,4.6216936229e+01
-3.1171824766e-05,1.0441544290e-05,4.6777830106e+01
-3.3240742176e-05,1.1944871613e-05,4.6838780327e+01
-3.5042663889e-05,1.0428888624e-05,4.7380627067e+01
-3.7092429021e-05,1.1930845483e-05,4.7417789023e+01
-3.8914778468e-05,1.0417147628e-05,4.7940645686e+01
-4.0945406735e-05,1.1917936656e-05,4.7954087492e+01
-4.2787973293e-05,1.0406358577e-05,4.8458135186e+01
-4.4799532920e-05,1.1906135290e-05,4.8448141740e+01
-4.6662073935e-05,1.0396488798e-05,4.8933689423e+01
-4.8654632288e-05,1.1895408572e-05,4.8900700562e+01
-5.0536912027e-05,1.0387533283e-05,4.9368136124e+01
-5.2510542591e-05,1.1885729973e-05,4.9312750117e+01
-5.4412325818e-05,1.0379444836e-05,4.9762558960e+01
-5.6366997927e-05,1.1877057248e-05,4.9685464988e+01
-5.8288144440e-05,1.0372210723e-05,5.0118184525e+01
-6.0223781156e-05,1.1869359305e-05,5.0020182302e+01
-6.2164208400e-05,1.0365779112e-05,5.0436418685e+01
-6.4080795153e-05,1.1862595136e-05,5.0318369990e+01
-6.6040386173e-05,1.0360134889e-05,5.0718740968e+01
-6.7937911455e-05,1.1856721286e-05,5.0581580177e+01
-6.9916551329e-05,1.0355222907e-05,5.0966727718e+01
-7.1794989397e-05,1.1851692417e-05,5.0811415687e+01
-7.3792580441e-05,1.0351026552e-05,5.1181991410e+01
-7.5651834083e-05,1.1847474409e-05,5.1009507630e+01
-7.7668347918e-05,1.0347492405e-05,5.1366158021e+01
-7.9508304554e-05,1.1844024793e-05,5.1177495043e+01
-8.1543739321e-05,1.0344605578e-05,5.1520860520e+01
-8.3364334261e-05,1.1841302362e-05,5.1317006314e+01
-8.5418661455e-05,1.0342313172e-05,5.1647698641e+01
-8.7219819140e-05,1.1839265633e-05,5.1429633239e+01
-8.9293018845e-05,1.0340602383e-05,5.1748242310e+01
-9.1074593296e-05,1.1837885980e-05,5.1516917871e+01
-9.3166712586e-05,1.0339424826e-05,5.1823998483e+01
-9.4928542456e-05,1.1837127726e-05,5.1580345470e+01
-9.7039650469e-05,1.0338771811e-05,5.1876417729e+01
-1.0091176118e-04,1.0338597363e-05,5.1906869357e+01
-1.0263375762e-04,1.1837342510e-05,5.1641214638e+01
-1.0478296658e-04,1.0338896471e-05,5.1916646447e+01
-1.0648479245e-04,1.1838263818e-05,5.1641242329e+01
-1.0865318429e-04,1.0339628961e-05,5.1906948477e+01
-1.1033463042e-04,1.1839695852e-05,5.1622577784e+01
-1.1252233424e-04,1.0340794972e-05,5.1878886376e+01
-1.1418324340e-04,1.1841615657e-05,5.1586287055e+01
-1.1639035702e-04,1.0342357456e-05,5.1833470512e+01
-1.1803055923e-04,1.1844001343e-05,5.1533341040e+01
-1.2025718166e-04,1.0344320884e-05,5.1771613557e+01
-1.2187643508e-04,1.1846845229e-05,5.1464606428e+01
-1.2412282181e-04,1.0346225883e-05,5.1694205197e+01
-1.2572079185e-04,1.1850061327e-05,5.1380866169e+01
-1.2798695061e-04,1.0349279115e-05,5.1601730932e+01
-1.2956356326e-04,1.1853826729e-05,5.1282749684e+01
-1.3184972239e-04,1.0352421517e-05,5.1494982423e+01
-1.3340470553e-04,1.1857989803e-05,5.1170840132e+01
-1.3571102596e-04,1.0355860166e-05,5.1374409988e+01
-1.3724406843e-04,1.1862563670e-05,5.1045591484e+01
-1.3957076280e-04,1.0359654498e-05,5.1240390386e+01
-1.4108154590e-04,1.1867561289e-05,5.0907344982e+01
-1.4342885451e-04,1.0363794344e-05,5.1093194163e+01
-1.4491710310e-04,1.1872980879e-05,5.0756338038e+01
-1.4728522269e-04,1.0368304146e-05,5.0932979853e+01
-1.5113978467e-04,1.0373171274e-05,5.0759791245e+01
-1.5258198373e-04,1.1885129198e-05,5.0416417429e+01
-1.5499244169e-04,1.0378425346e-05,5.0573545725e+01
-1.5641105677e-04,1.1891898316e-05,5.0227405421e+01
-1.5884326289e-04,1.0383593322e-05,5.0374127363e+01
-1.6023771477e-04,1.1899069351e-05,5.0025441819e+01
-1.6269166884e-04,1.0390019366e-05,5.0160987868e+01
-1.6406191553e-04,1.1906831879e-05,4.9810132596e+01
-1.6653824593e-04,1.0395836378e-05,4.9933965987e+01
-1.6788412651e-04,1.1913515218e-05,4.9581248255e+01
-1.7038240319e-04,1.0402383143e-05,4.9692237267e+01
2.6756453585e-04,1.7185162074e-05,1.8988162871e+01
2.7154477475e-04,1.7382016646e-05,1.8579892145e+01
2.5549615160e-04,1.6456966404e-05,1.9807970338e+01
2.4340449673e-04,1.5573942678e-05,1.9860549103e+01
2.1555073040e-04,1.3500098068e-05,2.0249774330e+01
1.8790149716e-04,1.1727054190e-05,2.1085850056e+01
1.6022754729e-04,1.0407007605e-05,2.2247630707e+01
1.3266278415e-04,9.6751434658e-06,2.2840478532e+01
3.6684346036e-05,9.2323993242e-06,3.1589685610e+01
-1.7170267440e-04,1.1922884232e-05,4.9337581635e+01
-1.7422396051e-04,1.0409812625e-05,4.9435017495e+01
-2.1320548430e-05,8.9688670647e-06,4.5322570542e+01
-4.0769013059e-05,8.9124618852e-06,4.8453124436e+01
-1.3804546097e-04,8.8602228353e-06,5.1565486366e+01
-1.6516501487e-04,8.8884093384e-06,5.0280564411e+01
2.2744312412e-04,1.4365518095e-05,2.0032992279e+01
1.9974585504e-04,1.2439425790e-05,2.0669260270e+01
1.7209405939e-04,1.0907196398e-05,2.1753103077e+01
1.4443700918e-04,9.9159844986e-06,2.2724502147e+01
1.1709149317e-04,9.4931081507e-06,2.2852029502e+01
1.0168283655e-04,9.4372502616e-06,2.2859896792e+01
8.6401816144e-05,9.4238330198e-06,2.3325101978e+01
7.1142759166e-05,9.3829133241e-06,2.4861670451e+01
5.5857685269e-05,9.3230298739e-06,2.7380899386e+01
2.1283875346e-05,9.1549749139e-06,3.5440400922e+01
5.8298614475e-06,9.0798129614e-06,3.9340646119e+01
-5.6344269109e-05,8.8813942693e-06,5.0201782490e+01
-7.1925173451e-05,8.8610667540e-06,5.1341391731e+01
-8.7502074625e-05,8.8502395210e-06,5.1967867314e+01
-1.0307040015e-04,8.8468856701e-06,5.2181690081e+01
-1.1862565404e-04,8.8496134801e-06,5.2069446257e+01
-1.5355718327e-04,8.8740766885e-06,5.0912567966e+01
5.2479644208e-05,1.2086287717e-04,2.0598416647e+01
3.1362338679e-04,7.3900679689e-05,1.3738931856e+01
-1.4549334455e-04,7.7276775220e-05,3.7222380857e+01
1.1782646752e-04,8.4351565184e-05,2.1832645768e+01
-2.7959417229e-04,2.9494166960e-05,2.2865565082e+01
9.9399447961e-05,7.9868296571e-05,2.2638084155e+01
-1.2416069611e-04,8.0253339121e-05,3.7097639319e+01
8.1563192599e-05,7.5836975860e-05,2.2302542357e+01
1.1731398043e-05,1.0572701002e-04,2.9045948580e+01
-1.1238633989e-04,7.9873774083e-05,3.7446376545e+01
1.0636033506e-06,1.0352797218e-04,3.3442929876e+01
-9.7558667032e-05,7.9530343173e-05,3.7931077402e+01
-9.7558134272e-06,1.0190183936e-04,3.5952234209e+01
-7.3659416157e-05,7.9300322144e-05,3.8673539783e+01
-3.1720116844e-05,9.9886306474e-05,3.7342791525e+01
2.8211811111e-05,5.0241983317e-05,2.1898932734e+01
-4.2812600247e-05,9.9330433611e-05,3.7013392159e+01
-1.6943940838e-05,4.7897252405e-05,3.7271398687e+01
3.6253953969e-05,3.4030213729e-05,2.4853774382e+01
-5.3950205598e-05,9.8995592177e-05,3.6439679632e+01
-3.7443454127e-06,4.8418576381e-05,3.3343595318e+01
-3.3656949492e-05,4.7423853967e-05,4.0808347029e+01
8.8620320547e-06,3.3210684232e-05,3.3000437653e+01
-5.1196526947e-06,3.2860768977e-05,3.7028138531e+01
-1.9243146315e-05,3.2573299219e-05,4.0489532912e+01
1.0280107081e-04,3.8276501079e-05,2.2721796006e+01
-6.5115214190e-05,9.8840594492e-05,3.5820608889e+01
-3.2985888978e-05,8.9325983129e-06,4.7328567953e+01
-1.9151978980e-06,9.0448110154e-06,4.1201524614e+01
1.1448390260e-04,6.1757115675e-05,2.2796576524e+01
-4.8555542850e-05,8.8954435568e-06,4.9408713230e+01
1.3563229062e-05,9.1167467526e-06,3.7406656145e+01
1.1786073498e-04,3.9957223054e-05,2.2851939544e+01
-4.7134307051e-05,4.7176084452e-05,4.2643201789e+01
2.8991051481e-05,9.1937802115e-06,3.3486280553e+01
3.9839614362e-05,8.8319516843e-05,2.1146106768e+01
-7.9714375442e-05,8.8546160393e-06,5.1712315696e+01
4.4363718848e-05,9.2700457408e-06,2.9794666269e+01
-9.5287612268e-05,8.8477255150e-06,5.2120488167e+01
5.2142714596e-05,9.1467471293e-05,2.1360039394e+01
6.3505183289e-05,9.3548535029e-06,2.6009190845e+01
-8.8988576176e-05,9.6978141949e-05,3.5090416413e+01
1.5260491993e-04,4.4670513926e-05,2.0474587251e+01
-1.1084991142e-04,8.8475586521e-06,5.2161738159e+01
-2.9185680633e-04,3.5123097149e-05,1.7342300923e+01
1.4100609749e-04,6.6943428804e-05,2.0341137049e+01
7.8773443225e-05,9.4062628823e-06,2.3963278881e+01
-1.0020181114e-04,9.7233802643e-05,3.4754505644e+01
-1.3028118492e-04,8.8550607638e-06,5.1810710993e+01
9.4034753923e-05,9.4343758014e-06,2.2938704991e+01
-1.4580430589e-04,8.8665495661e-06,5.1265745981e+01
1.3326327328e-04,4.1909446174e-05,2.2336315037e+01
2.6892469689e-04,6.1573201578e-05,1.7134954228e+01
1.0936560897e-04,9.4512396045e-06,2.2835665883e+01
1.7117683866e-04,7.3523586527e-05,1.7116891622e+01
-1.0765548995e-04,5.9350643526e-05,4.1741867901e+01
1.2485803451e-04,9.5663700507e-06,2.2856016504e+01
-1.2545621195e-04,4.3856276456e-05,4.4673177684e+01
-1.7289776866e-04,8.8976499627e-06,4.9785868319e+01
-1.7676217867e-04,8.9036704722e-06,4.9514004523e+01
-1.7806286043e-04,1.0417866067e-05,4.9161444628e+01
-1.8062431975e-04,8.9101712285e-06,4.9224554414e+01
-1.8189965613e-04,1.0424896251e-05,4.8870636126e+01
-1.8448215519e-04,8.9214651820e-06,4.8915704437e+01
-1.8573267215e-04,1.0434449849e-05,4.8560808471e+01
-1.8833890348e-04,8.9297381391e-06,4.8586903640e+01
-1.8956193205e-04,1.0445852051e-05,4.8230635944e+01
-1.9219300470e-04,8.9383244655e-06,4.8236280100e+01
-1.9338838458e-04,1.0456654726e-05,4.7878526396e+01
-1.9604586848e-04,8.9440293047e-06,4.7861821242e+01
-1.9721162047e-04,1.0467429631e-05,4.7502681216e+01
-1.9989288002e-04,8.9559387894e-06,4.7460485605e+01
-2.0103050300e-04,1.0479861893e-05,4.7100396199e+01
-2.0373741977e-04,8.9666449266e-06,4.7030461529e+01
-2.0484519017e-04,1.0493057244e-05,4.6669289855e+01
-2.0757853275e-04,8.9776479642e-06,4.6568724341e+01
-2.0865536056e-04,1.0507190363e-05,4.6206390232e+01
-2.1141560050e-04,8.9896396728e-06,4.6071721928e+01
1.5232351744e-04,1.0136020922e-05,2.2519773554e+01
-1.7762739399e-04,7.3336441141e-05,3.7348957562e+01
-2.3956086136e-04,5.7452773891e-05,3.7007143382e+01
1.8000074136e-04,1.1297125048e-05,2.1408509169e+01
-1.8252890416e-04,3.9726481257e-05,4.3175354158e+01
-1.5183064522e-04,9.1672260096e-05,3.5127005085e+01
2.0764382250e-04,1.2955079645e-05,2.0437443376e+01
-2.0405074895e-04,3.6843240025e-05,4.2215248476e+01
-2.0668322350e-04,3.5159642522e-05,4.2276119540e+01
-2.0338378731e-04,3.5055201441e-05,4.2585923754e+01
-2.0602565230e-04,3.3382270108e-05,4.2643337538e+01
-2.0268720158e-04,3.3288128394e-05,4.2960906737e+01
-2.0533716284e-04,3.1626043099e-05,4.3014963997e+01
-2.0195988447e-04,3.1541596448e-05,4.3339440415e+01
2.3540489170e-04,1.4966173853e-05,1.9929819459e+01
2.8709082774e-04,5.4428144894e-05,1.5103485479e+01
2.9930709478e-04,5.6547303451e-05,1.4748700115e+01
-2.7335862603e-04,4.8922098775e-05,3.1947923301e+01
1.5017721265e-04,8.9657911581e-05,1.7884794290e+01
2.5024684276e-04,6.4743860171e-05,1.7103572892e+01
-1.6194176748e-04,6.2684701378e-05,3.9499216926e+01
-3.3131328013e-04,2.2356921866e-05,1.7314224237e+01
-3.2828670350e-04,2.1373058420e-05,1.7287349452e+01
-3.3315940807e-04,1.9292682914e-05,1.7214181903e+01
-1.8539979633e-04,5.4375426541e-05,4.0228907478e+01
-1.3095181081e-04,1.0471652778e-04,3.3804276597e+01
-1.3364802572e-04,1.0488677455e-04,3.3824172522e+01
-1.7159229949e-04,3.7745981807e-05,4.4187900525e+01
-1.7400608132e-04,3.6082299485e-05,4.4405637540e+01
-1.7739690872e-04,3.6147597018e-05,4.4200583052e+01
-1.7644622573e-04,3.4426515963e-05,4.4610505795e+01
-1.7985874126e-04,3.4489028460e-05,4.4394390444e+01
-1.7302310137e-04,3.4367645913e-05,4.4817841342e+01
-1.7891265496e-04,3.2778621621e-05,4.4801423076e+01
-1.8234725559e-04,3.2838294452e-05,4.4573282429e+01
-1.8140526611e-04,3.1138616965e-05,4.4977240970e+01
-1.8486233476e-04,3.1195412034e-05,4.4736014118e+01
-1.7793756920e-04,3.1085219183e-05,4.5207650400e+01
-1.2213390693e-04,3.5447769858e-05,4.6616492779e+01
-1.9716223800e-04,7.5129606231e-05,3.6853231376e+01
-1.8285921600e-04,6.3816522624e-05,3.8701228994e+01
3.4092285480e-04,5.2031207691e-05,1.3388186671e+01
3.1004746661e-04,5.1056179184e-05,1.4591557261e+01
2.1660419180e-04,3.2191221075e-05,1.8312259475e+01
-1.9275539007e-04,6.8537840856e-05,3.7742309485e+01
-1.3429816752e-04,9.4627413763e-05,3.4777228755e+01
3.5997595329e-04,2.3232905702e-05,1.2609054685e+01
3.2702013302e-05,1.1237851014e-04,1.9355474739e+01
2.7853467986e-04,7.0631638726e-05,1.4851258629e+01
1.8285101406e-04,9.8424408980e-05,1.7449993964e+01
1.8903953311e-04,2.8792926200e-05,1.9331753755e+01
-2.1208693853e-04,7.0611243852e-05,3.7096454514e+01
2.4955051569e-04,1.0355095515e-04,1.4673753947e+01
1.6090554404e-04,1.1143184815e-04,1.7405948189e+01
1.8896822390e-04,5.6390014459e-05,1.7429337337e+01
-1.1878557054e-04,8.5912126909e-05,3.6212742856e+01
-2.3285529840e-04,7.4047796165e-05,3.6575635116e+01
3.3423692400e-04,5.8646762068e-05,1.3473804901e+01
1.6160781911e-04,2.5796837515e-05,2.0998650919e+01
-2.0682376312e-04,5.7716903368e-05,3.8762386785e+01
1.4378717117e-04,1.0956098276e-04,1.7707878599e+01
1.3419396162e-04,2.3398106768e-05,2.2937227164e+01
1.1874818854e-04,2.2393196978e-05,2.2912008745e+01
9.9864282444e-05,2.1520474657e-05,2.2716393004e+01
-2.2647463624e-04,5.9804677975e-05,3.7611513428e+01
-2.2897792775e-04,5.8025836708e-05,3.7617410839e+01
8.5083948320e-05,2.1085617534e-05,2.2629431394e+01
-2.0237456521e-04,5.1537839564e-05,3.9888647665e+01
7.0596213112e-05,2.0835803345e-05,2.2645743661e+01
5.6269190118e-05,2.0673516708e-05,2.4700777168e+01
4.1825385241e-05,2.0484865691e-05,2.7654697059e+01
3.1046464892e-04,3.3217459675e-05,1.5286341526e+01
2.7254735346e-05,2.0283374139e-05,3.1294305124e+01
8.8719833001e-06,2.0036858276e-05,3.6220577039e+01
1.2307091906e-04,1.0668149217e-04,1.9523832042e+01
-1.4871391157e-04,6.0305424003e-05,4.0363741181e+01
-2.8337691976e-05,1.9653863758e-05,4.4641177711e+01
-4.7079299795e-05,1.9539499122e-05,4.7364917312e+01
-6.5857351594e-05,1.9473769962e-05,4.9074427791e+01
-8.0883599748e-05,1.9450212738e-05,4.9831324719e+01
1.3411615962e-04,9.4523988617e-05,1.9265831736e+01
-9.5898191003e-05,1.9447583743e-05,5.0160497027e+01
-1.1088986823e-04,1.9462147900e-05,5.0157659722e+01
-1.2584848883e-04,1.9491376991e-05,4.9898156918e+01
-1.4076394849e-04,1.9534096219e-05,4.9433472059e+01
-1.6670878406e-04,1.9640620264e-05,4.8194192096e+01
-1.9508306588e-04,1.8241501661e-05,4.6388467544e+01
-5.4614187768e-05,6.1050771277e-05,4.1244729821e+01
-2.1246052167e-04,1.0522501362e-05,4.5708322709e+01
-2.1524838800e-04,9.0024883355e-06,4.5535723424e+01
-2.1626114988e-04,1.0537529227e-05,4.5171375774e+01
-2.1907646991e-04,9.0163343717e-06,4.4956649854e+01
-2.2005469072e-04,1.0555912221e-05,4.4590954178e+01
-2.2290124219e-04,9.0282835522e-06,4.4329178670e+01
-2.2384240474e-04,1.0574631189e-05,4.3962647596e+01
-2.2671643683e-04,9.0477312219e-06,4.3647911987e+01
-2.2762082967e-04,1.0598248914e-05,4.3280529077e+01
-2.3052613039e-04,9.0671077709e-06,4.2906780096e+01
-2.3139190825e-04,1.0622683902e-05,4.2538624379e+01
-2.3515394701e-04,1.0649328239e-05,4.1729994528e+01
-2.3812748290e-04,9.1047389846e-06,4.1215657252e+01
-2.3890623254e-04,1.0677888963e-05,4.0846661150e+01
-2.4191358322e-04,9.1288723055e-06,4.0248775213e+01
1.3263381101e-04,8.8127689494e-05,1.9927091129e+01
3.3757148010e-04,2.8956106984e-05,1.4372194163e+01
9.8614310039e-05,1.1764360040e-04,2.0437504710e+01
9.5145432446e-05,1.1648438881e-04,2.0854019867e+01
1.0208410764e-04,1.1878635966e-04,2.0109810413e+01
1.2540116064e-04,1.1980780612e-04,1.9050999438e+01
1.2890770462e-04,1.2086935749e-04,1.8857572536e+01
-2.4264046068e-04,1.0710301346e-05,3.9881572261e+01
-2.4568858266e-04,9.1552042334e-06,3.9188410424e+01
-3.0234497210e-04,4.2544584532e-05,1.7298816039e+01
-3.0242463896e-04,2.0325247480e-05,1.7267905944e+01
-2.9433507156e-04,4.4016224851e-05,2.0817917081e+01
-2.6385572686e-04,4.4173597606e-05,3.3108101424e+01
-2.0801684678e-04,2.9971488814e-05,4.3040932391e+01
-2.1140058738e-04,3.0058668032e-05,4.2671320407e+01
-2.5514132039e-04,5.3705925715e-05,3.5614561655e+01
-2.8639566201e-04,4.5879980717e-05,2.6615360255e+01
-3.2998741559e-04,1.8453905023e-05,1.7189225017e+01
-3.3493388790e-04,1.6304775132e-05,1.7060736061e+01
-3.2528320802e-04,2.0480676953e-05,1.7255537669e+01
-3.3163172673e-04,1.5583301483e-05,1.7008777768e+01
1.5193074228e-04,1.4398304863e-04,1.8237740748e+01
-1.7426326682e-04,9.5757154392e-05,3.4930276777e+01
2.4160246023e-04,1.3080274513e-04,1.3937064891e+01
3.5218790014e-04,5.3956390003e-05,1.2792475221e+01
3.5548278443e-04,5.0533354310e-05,1.2701794027e+01
2.1972084467e-04,1.3827486552e-04,1.7054637674e+01
2.3808819269e-04,1.3343576232e-04,1.3954293320e+01
-1.9810023328e-04,9.0172671088e-05,3.5549322091e+01
-2.4731025049e-04,7.2833157696e-05,3.6636694157e+01
-2.4497065349e-04,7.4577151677e-05,3.6612006273e+01
-2.3322633160e-04,7.8700494321e-05,3.6376295869e+01
-2.7372917589e-04,6.1731689831e-05,3.5387580670e+01
-2.7627527639e-04,6.0156258293e-05,3.4927199576e+01
1.7828472150e-04,1.4322892317e-04,1.7402996711e+01
2.0536802192e-04,1.3997106285e-04,1.7404639430e+01
-2.9148862477e-04,5.3738941812e-05,3.0914796386e+01
-2.8881222953e-04,5.5144105425e-05,3.2155109679e+01
-2.9972956263e-04,4.9799929628e-05,2.5151725329e+01
1.7176272495e-04,1.4416240629e-04,1.7120838470e+01
3.6328783248e-04,1.9557500832e-05,1.2056160928e+01
3.5942005828e-04,1.9326587321e-05,1.2575250562e+01
3.6709968024e-04,1.9812771206e-05,1.1579170932e+01
3.2715228315e-04,1.7270711275e-05,1.5530008746e+01
3.2299954748e-04,1.6927671470e-05,1.6381788565e+01
3.1966883684e-04,2.0143130429e-05,1.6346318129e+01
3.1887068456e-04,1.6607832601e-05,1.7137491053e+01
2.9456558121e-04,1.5282994963e-05,1.7016010069e+01
2.9059450986e-04,1.5143034950e-05,1.7056553854e+01
2.9856435549e-04,1.5443786762e-05,1.7025154120e+01
2.7090145437e-04,1.4458842105e-05,1.9192190735e+01
2.7488056063e-04,1.4616851303e-05,1.8683957934e+01
-3.4123024775e-04,3.0748557994e-05,1.6580904300e+01
-3.3576240215e-04,3.2878266404e-05,1.7235530909e+01
-3.0541962414e-04,4.7488272051e-05,1.8700787688e+01
-3.0835510527e-04,4.6433449781e-05,1.7250723803e+01
3.6826774093e-04,3.2173539683e-05,1.2062670989e+01
3.7154465450e-04,2.8473839501e-05,1.1716882188e+01
3.1943698189e-04,9.0388039714e-05,1.3074336207e+01
3.1609314599e-04,9.3485870870e-05,1.3091503557e+01
-1.9086465475e-04,7.4219790446e-06,4.8600231233e+01
-2.1795783283e-04,7.4827050888e-06,4.5337068907e+01
-2.4494129180e-04,7.5875038429e-06,3.9564182806e+01
-2.4875172292e-04,7.6109222847e-06,3.8399802887e+01
-2.5254635611e-04,7.6435911249e-06,3.7119480448e+01
-2.5633136964e-04,7.6750460277e-06,3.5708031226e+01
-2.5692950392e-04,9.2652712980e-06,3.5329741846e+01
-2.6010130081e-04,7.7101419845e-06,3.4152786060e+01
-2.5913346387e-04,6.9096823890e-05,3.6536176277e+01
2.9542512825e-04,1.0774192775e-04,1.3285647180e+01
2.9880719648e-04,1.0475807583e-04,1.3281156816e+01
2.9203521144e-04,1.1070669690e-04,1.3288475420e+01
-2.0486141617e-04,4.9785041207e-05,4.0017197118e+01
-1.5341638542e-04,3.0787907904e-05,4.6560616917e+01
-1.5694321906e-04,3.0823358281e-05,4.6392700608e+01
-1.3572879304e-04,3.0640961291e-05,4.7277163914e+01
1.8141111149e-04,1.4106941601e-04,1.7471118866e+01
-8.1922888663e-05,3.0451644382e-05,4.7745561436e+01
-7.1102946995e-05,3.0467176726e-05,4.7333280416e+01
-5.3033664840e-05,3.0544992511e-05,4.6026974639e+01
1.7063464814e-04,1.3398968368e-04,1.7410378452e+01
9.5723339287e-05,1.1978999715e-04,2.0412291734e+01
9.2279809820e-05,1.1860704683e-04,2.0823160526e+01
6.6324943077e-05,1.1501262933e-04,2.1859766537e+01
6.3078046306e-05,1.1374261648e-04,2.1644534792e+01
-2.0968834586e-04,1.2054481074e-05,4.5841326368e+01
1.1294891160e-04,9.1776916316e-05,2.1863632949e+01
2.7014707940e-04,1.1648144234e-04,1.3675501354e+01
2.6968405648e-04,1.1261630039e-04,1.3792727693e+01
2.7059752839e-04,1.2035110025e-04,1.3551771174e+01
2.6715238582e-04,1.2318567376e-04,1.3548541358e+01
-1.5399626320e-04,1.3407614839e-05,5.0066159870e+01
-5.0631683735e-05,1.3401179387e-05,4.8852002060e+01
-1.2344725419e-05,1.3573756934e-05,4.2668233058e+01
2.5627744300e-05,1.3858959736e-05,3.3289567249e+01
1.1945693429e-04,1.4729732725e-05,2.2987413740e+01
1.5457515508e-04,1.6221342461e-05,2.2154651006e+01
1.8214545714e-04,1.8186722063e-05,2.0593087011e+01
1.8850843324e-04,9.0202790268e-05,1.7427578826e+01
-2.6669809329e-04,4.2511220507e-05,3.2081771774e+01
2.0972082762e-04,2.0643430908e-05,1.9484565666e+01
2.0993418014e-04,5.1274775607e-05,1.7046855706e+01
2.0605213040e-04,5.0633889410e-05,1.7197015707e+01
2.4509826642e-04,1.2813742395e-04,1.3929242123e+01
2.4547391182e-04,1.3199833843e-04,1.3785006880e+01
3.2419880840e-04,6.8336498425e-05,1.3558888821e+01
2.2155349225e-04,5.3149374023e-05,1.7219052041e+01
-1.7888760785e-04,9.4146004263e-05,3.5091923255e+01
-1.7954623360e-04,9.6357502680e-05,3.4960058158e+01
3.3421859997e-04,3.2302337311e-05,1.4397709750e+01
2.7156455333e-04,9.8217832933e-05,1.4139706247e+01
2.3754246261e-04,2.3381434658e-05,1.8943189923e+01
2.9042574181e-04,5.1465816698e-05,1.5125335518e+01
2.8630908576e-04,5.0761227365e-05,1.6170598295e+01
-1.3611719046e-04,3.5565449936e-05,4.6186889260e+01
-1.8850850322e-04,8.2542776729e-05,3.6125810236e+01
2.7714400878e-04,8.4831589872e-05,1.4396935382e+01
2.4958595844e-04,2.4516991908e-05,1.8724824569e+01
-1.5558882857e-04,6.8097212036e-05,3.8651066292e+01
2.5293508150e-04,1.0081342096e-04,1.4639240206e+01
-2.1092939733e-04,6.4193761582e-05,3.7798605821e+01
-2.2976286824e-04,6.6762054358e-05,3.7004036133e+01
-1.4773613477e-04,3.7363996949e-05,4.5365077234e+01
-1.8577053166e-04,3.2901750514e-05,4.4334797155e+01
-1.8830783762e-04,3.1255955688e-05,4.4483253383e+01
2.3639597412e-04,9.2786267231e-05,1.6913447471e+01
2.3245189946e-04,9.1740531362e-05,1.7040760852e+01
2.3182864690e-04,8.8076094348e-05,1.7057900021e+01
2.2853273677e-04,9.0705336860e-05,1.7075669758e+01
-1.6532396021e-04,7.0538270935e-05,3.8006203386e+01
2.6218028172e-04,2.8457201070e-05,1.7531428703e+01
-2.1476541587e-04,7.0970558551e-05,3.7012747475e+01
2.0808008536e-04,5.9899065019e-05,1.7250620443e+01
2.0424807324e-04,5.9200995597e-05,1.7201359162e+01
-3.3826264551e-04,1.7068680077e-05,1.7089248940e+01
-2.3097494447e-04,8.0493714779e-05,3.6288110645e+01
2.2557115509e-04,2.2196192046e-05,1.9110284296e+01
2.1763245124e-04,2.1410987088e-05,1.9284199245e+01
-3.4009185577e-04,1.4029519221e-05,1.7144413508e+01
1.9788972552e-04,1.9541108043e-05,1.9892723176e+01
1.6225890191e-04,9.9091168577e-05,1.7371910437e+01
1.9001598874e-04,1.8845736005e-05,2.0213367830e+01
1.7033564275e-04,1.7273537194e-05,2.1229112460e+01
1.6245619295e-04,1.6721228927e-05,2.1693980293e+01
1.4277655511e-04,1.5583142877e-05,2.2715888694e+01
1.3495066066e-04,1.5237602569e-05,2.2910626936e+01
1.2717655178e-04,1.4955032872e-05,2.2984309326e+01
3.0712080312e-04,3.6320231483e-05,1.5254858317e+01
3.3821685195e-04,3.2710375686e-05,1.4171201596e+01
1.0798024309e-04,1.4485156644e-05,2.2979762986e+01
1.0039808547e-04,1.4375411127e-05,2.2984442813e+01
1.7760531014e-04,1.3639316640e-04,1.7465661437e+01
9.2873146143e-05,1.4301708290e-05,2.2991992275e+01
8.5406622032e-05,1.4258813396e-05,2.2954521528e+01
7.7982514998e-05,1.4232130785e-05,2.3312764395e+01
7.0554265351e-05,1.4195611108e-05,2.4072900707e+01
1.6286675468e-04,1.2491593900e-04,1.7388236594e+01
6.3113107968e-05,1.4150708770e-05,2.5106748083e+01
3.3136685390e-05,1.0296786586e-04,2.0361484554e+01
3.0343280705e-05,1.0211071215e-04,2.0412475730e+01
5.5655453998e-05,1.4099349969e-05,2.6387764317e+01
4.8179219659e-05,1.4043160283e-05,2.7885129669e+01
4.0682812087e-05,1.3983469750e-05,2.9562202721e+01
3.1553013200e-04,1.9780787609e-05,1.7126024851e+01
3.1476912788e-04,1.6321279355e-05,1.6991844655e+01
3.3165748479e-05,1.3921670567e-05,3.1378389975e+01
6.6956117659e-06,1.3706611033e-05,3.8175169775e+01
-2.3809061126e-05,1.3508203778e-05,4.4961808758e+01
-4.2960982894e-05,1.3425332114e-05,4.7951591225e+01
-6.2142916292e-05,1.3373741381e-05,4.9907220765e+01
-6.9818377309e-05,1.3360818970e-05,5.0430160743e+01
-7.7493170011e-05,1.3351645702e-05,5.0823539975e+01
-8.5166345804e-05,1.3345996915e-05,5.1100473641e+01
-9.2836638064e-05,1.3343375380e-05,5.1273722934e+01
-3.0541672447e-04,4.1313030081e-05,1.7505922546e+01
-1.0050331895e-04,1.3343626767e-05,5.1355149907e+01
6.9619840705e-05,1.1630682675e-04,2.2085871572e+01
1.0565092112e-04,8.9811423593e-05,2.2905329399e+01
1.2392376451e-04,9.4772929188e-05,2.0338445054e+01
1.3119272752e-04,9.6759760605e-05,1.9410396420e+01
-1.0816530819e-04,1.3346328273e-05,5.1355486214e+01
-1.2347242546e-04,1.3358605794e-05,5.1148573442e+01
-1.3875165039e-04,1.3379077082e-05,5.0708891013e+01
1.8789234904e-04,6.8076178713e-05,1.7223858530e+01
-1.4637873996e-04,1.3392317296e-05,5.0412109811e+01
-1.6540232204e-04,1.3434690751e-05,4.9453109158e+01
-1.7933075462e-04,1.1943171471e-05,4.8803658530e+01
-1.8693606585e-04,1.1963615488e-05,4.8201578451e+01
-1.9454530344e-04,1.1991041952e-05,4.7516443105e+01
-2.0212718863e-04,1.2020337944e-05,4.6736623938e+01
-2.7614043052e-04,4.7323966667e-05,3.0738244721e+01
-2.4210777167e-04,4.9233407555e-05,3.7002760150e+01
-2.1072475330e-04,2.8327013841e-05,4.3035944651e+01
-2.1413336377e-04,2.8408486598e-05,4.2636298305e+01
-2.1476649506e-04,3.0152764418e-05,4.2279724482e+01
-2.1752298230e-04,2.8498517683e-05,4.2211355351e+01
-1.8740383368e-04,2.9560409056e-05,4.4881258539e+01
-1.8776821298e-04,5.2615142680e-05,4.0439724454e+01
-2.6063422664e-04,9.3125739494e-06,3.3777563492e+01
-2.6385585688e-04,7.7463722763e-06,3.2436207084e+01
-1.7305015036e-04,5.3817075115e-05,4.0835760691e+01
-1.6992699401e-04,5.3695047456e-05,4.0981203281e+01
-1.6766846094e-04,5.5451273397e-05,4.0718051828e+01
-1.4280552193e-04,3.0699232263e-05,4.7014619834e+01
-1.5421679868e-04,5.3177858976e-05,4.1669519424e+01
-1.2502971381e-04,3.0572293853e-05,4.7604127167e+01
-1.1787528533e-04,3.0534702433e-05,4.7771608936e+01
-1.1070622758e-04,3.0503643842e-05,4.7892389795e+01
-1.0352457099e-04,3.0479349537e-05,4.7959425559e+01
-9.6332009882e-05,3.0462204049e-05,4.7964221056e+01
-8.9130826912e-05,3.0452772648e-05,4.7896749149e+01
-6.0272799945e-05,3.0503542053e-05,4.6655039144e+01
-2.9425899737e-04,3.5993929114e-05,1.7431363579e+01
-2.9123854931e-04,3.7435166528e-05,1.7444570705e+01
-1.7693322394e-04,2.9408440473e-05,4.5612389164e+01
1.4788069948e-04,9.5175667992e-05,1.7785706692e+01
1.3631126223e-04,8.9081223139e-05,1.9431016920e+01
-1.7542921316e-04,7.4000287404e-06,4.9861263766e+01
-1.8317816197e-04,7.4055530249e-06,4.9269655957e+01
-2.0249394494e-04,7.4440673885e-06,4.7401022475e+01
-2.1023253780e-04,7.4619284086e-06,4.6447002772e+01
-2.2951436446e-04,7.5213898947e-06,4.3296449201e+01
-2.3721929909e-04,7.5472594299e-06,4.1606531190e+01
-1.6679084691e-04,5.3579254192e-05,4.1124279336e+01
-1.6454953213e-04,5.5333296512e-05,4.0854268137e+01
-2.7375375404e-04,4.6615507086e-05,3.1139136990e+01
2.1618738591e-04,1.4062443352e-04,1.7043246784e+01
2.0198555338e-04,1.4216436618e-04,1.7491056698e+01
-2.7588806574e-04,6.2643266955e-05,3.5603412606e+01
-2.7841503007e-04,6.1091489605e-05,3.5169828693e+01
3.3948884845e-04,1.8179525180e-05,1.4839655659e+01
3.4354187927e-04,1.8426672884e-05,1.4501618228e+01
1.8172150623e-04,1.4449730370e-04,1.7426327994e+01
-3.0949551407e-04,4.3964527127e-05,1.7397514605e+01
-3.1139936407e-04,4.5415820766e-05,1.7242728409e+01
-2.7338822897e-04,6.4216033618e-05,3.5951534172e+01
-2.9379881657e-04,2.8210382394e-05,1.7228049095e+01
-2.9116994228e-04,2.7518542985e-05,1.7247670493e+01
-2.5781232485e-04,5.2001357075e-05,3.5158822181e+01
-2.3550384283e-04,7.6913729452e-05,3.6460016227e+01
2.2326884239e-04,1.3586399813e-04,1.5982274015e+01
1.8651638175e-04,9.9461554589e-05,1.7439894340e+01
1.8964750352e-04,9.7052162355e-05,1.7424600813e+01
1.8339739202e-04,1.0185395077e-04,1.7452805341e+01
-2.5031666029e-04,4.4050215665e-05,3.5867093382e+01
-1.9388250482e-04,8.3164043650e-05,3.6060998848e+01
-2.3978549317e-04,6.4140506879e-05,3.6816184159e+01
-2.3733358768e-04,6.5909516543e-05,3.6840032371e+01
2.6302572776e-04,7.0894778186e-05,1.6157556651e+01
-1.8061613925e-04,6.5623896441e-05,3.8469243454e+01
-1.5373857840e-04,8.9763765693e-05,3.5345367311e+01
-1.3597099497e-04,8.6662770825e-05,3.5843060114e+01
3.2538019059e-04,4.9682273343e-05,1.4093794134e+01
3.2874065906e-04,4.6437697232e-05,1.4078085195e+01
-1.8991744969e-04,6.8295901637e-05,3.7839277165e+01
1.4852156762e-04,9.8434331295e-05,1.7531539851e+01
1.3555026684e-04,8.5901267621e-05,1.9769250337e+01
2.4896806876e-04,9.9753697337e-05,1.4902169594e+01
-2.2624030547e-04,5.7673195567e-05,3.7797183210e+01
-2.2876987525e-04,5.5899115150e-05,3.7789729404e+01
3.0631883654e-04,3.2698955258e-05,1.6252833344e+01
3.4425340727e-04,2.2139071920e-05,1.4240004118e+01
1.9208324641e-04,5.4049784573e-05,1.7453661390e+01
1.9131668813e-04,5.1030158233e-05,1.7692006342e+01
-2.5526755566e-04,5.1463511813e-05,3.5446056799e+01
2.2355484275e-04,1.3969630755e-04,1.4969006901e+01
-1.9603450402e-04,9.2048279365e-05,3.5416939010e+01
-1.3191303503e-04,1.0686260312e-04,3.3687799172e+01
-1.2922855366e-04,1.0669423393e-04,3.3660905775e+01
-1.3459194627e-04,1.0703909553e-04,3.3718006665e+01
-2.9081380538e-04,5.6248928373e-05,3.2751377807e+01
-2.8819497895e-04,5.7657590931e-05,3.3670215718e+01
-2.3567394412e-04,7.9267903382e-05,3.6374957061e+01
-1.7495422818e-04,9.7963051614e-05,3.4804382340e+01
1.8487398184e-04,1.4235282151e-04,1.7495441515e+01
2.6136649394e-04,1.0672087544e-04,1.4154620951e+01
2.7403026485e-04,1.1749640463e-04,1.3553836233e+01
2.7447631387e-04,1.2137209598e-04,1.3422026663e+01
-3.5859733956e-04,2.2914194921e-05,1.2559224513e+01
-3.0327188203e-04,4.0113455967e-05,1.7479246851e+01
2.7790787416e-04,1.1849998861e-04,1.3425008492e+01
-2.4249029996e-04,7.1599147935e-05,3.6626026675e+01
2.2293435251e-04,1.3204748708e-04,1.6729743807e+01
-2.6155783482e-04,6.7422312310e-05,3.6388344000e+01
-2.6172776060e-04,6.4992516270e-05,3.6145203620e+01
3.6498469373e-04,3.5815372166e-05,1.2328137510e+01
2.4897521842e-04,1.2930312395e-04,1.3787949220e+01
2.4934667302e-04,1.3316551207e-04,1.3651516198e+01
2.8050409278e-04,8.1923475142e-05,1.4398776006e+01
1.6044405384e-04,8.9238846725e-05,1.7072125617e+01
2.5285201418e-04,1.3044367780e-04,1.3659339142e+01
3.1227241979e-04,9.2623197246e-05,1.3243578809e+01
3.1274351054e-04,9.6562678176e-05,1.3105903607e+01
1.7975168375e-04,1.0080624691e-04,1.7458617132e+01
2.5549527864e-04,1.1997417055e-04,1.3916136371e+01
-1.8152930849e-04,9.4454093351e-05,3.5101654813e+01
-2.9346429375e-04,5.4879190210e-05,3.1613648580e+01
-2.9020656585e-04,2.0395884733e-05,1.7316371121e+01
-2.8687746603e-04,2.2037322623e-05,1.7016322022e+01
-2.8403687622e-04,2.1587386311e-05,1.8032286963e+01
3.2277519754e-04,8.7268632043e-05,1.3054263607e+01
-1.5096457324e-04,8.9568624720e-05,3.5369353948e+01
2.6795219685e-04,3.8039919490e-05,1.7218847758e+01
-2.0814352321e-04,6.3898221535e-05,3.7923316338e+01
-2.2710726328e-04,4.1687195469e-05,3.9251769916e+01
-2.2439755149e-04,4.3419541711e-05,3.9348792090e+01
-2.8616817199e-04,5.6585814172e-05,3.3158585944e+01
-2.8560617122e-04,5.9100746653e-05,3.4415984599e+01
3.1194240102e-04,6.2373434611e-05,1.4132287654e+01
-2.1525522912e-04,4.2821610688e-05,4.0292399653e+01
-2.1263177368e-04,4.4546255104e-05,4.0263560892e+01
2.0607817675e-04,1.1209951530e-04,1.7267015631e+01
-1.3880985140e-04,8.6811375266e-05,3.5794436029e+01
-1.9343769475e-04,9.1681126725e-05,3.5409654628e+01
-1.6318847028e-04,4.6261359200e-05,4.2786223145e+01
-2.5915810006e-04,2.1264172125e-05,3.3439572206e+01
-2.5926793098e-04,2.3104863183e-05,3.3310557205e+01
-2.5616758316e-04,2.4762151670e-05,3.4393384468e+01
-2.5295765693e-04,2.4568905645e-05,3.5477032765e+01
1.8711945562e-04,1.2972900974e-04,1.7507661652e+01
-1.3256687818e-04,4.9131869096e-05,4.3287698200e+01
-1.3049805034e-04,5.0847556417e-05,4.2972025748e+01
-1.3376910563e-04,5.0906765023e-05,4.2856881220e+01
-1.3170524488e-04,5.2632629426e-05,4.2540976000e+01
-1.3494958744e-04,5.2696837402e-05,4.2425122774e+01
-1.2845374156e-04,5.2572167889e-05,4.2653337581e+01
3.0891549877e-04,9.5687015847e-05,1.3256140326e+01
3.0938707438e-04,9.9619595519e-05,1.3117802669e+01
-1.0664524614e-04,6.6588366192e-05,4.0250333378e+01
-1.0794422274e-04,6.8454324787e-05,3.9830884779e+01
-1.0615591592e-04,7.0274073794e-05,3.9508320818e+01
-1.0922339770e-04,7.0334903843e-05,3.9411144970e+01
-1.0308566214e-04,7.0219295275e-05,3.9603558478e+01
-1.0743899544e-04,7.2164536439e-05,3.9090469119e+01
-1.1048299857e-04,7.2230198629e-05,3.8992383434e+01
-1.1466388864e-04,1.0385696938e-04,3.3770891318e+01
-1.1301847742e-04,1.0584661911e-04,3.3583359195e+01
-1.1573058872e-04,1.0596912980e-04,3.3584650346e+01
-1.1408737979e-04,1.0796646219e-04,3.3422620518e+01
-1.1138902729e-04,1.0784632719e-04,3.3413281375e+01
-1.1678239728e-04,1.0809407471e-04,3.3436985676e+01
-1.1245964394e-04,1.0997373693e-04,3.3281720544e+01
-5.5833007066e-05,5.2225683673e-05,4.2619480056e+01
-5.4273032680e-05,5.3984248192e-05,4.2243638036e+01
-5.7567922874e-05,5.3946027904e-05,4.2463173301e+01
-8.8479119241e-05,1.0507371686e-04,3.3870063906e+01
-8.6989172562e-05,1.0709900106e-04,3.3630241787e+01
-8.9706765161e-05,1.0715212041e-04,3.3573328933e+01
-8.8214988945e-05,1.0918604596e-04,3.3352900345e+01
-9.0915029919e-05,1.0924337150e-04,3.3313976359e+01
-8.9421207756e-05,1.1128574063e-04,3.3119589580e+01
-8.6737648323e-05,1.1123210775e-04,3.3148376083e+01
-9.2104190340e-05,1.1134719531e-04,3.3100033316e+01
-8.7941230665e-05,1.1334013678e-04,3.2947621769e+01
-8.5274095522e-05,1.1329044194e-04,3.2964503624e+01
-1.5974310081e-04,9.8538374696e-05,3.4566451225e+01
-1.5786456218e-04,1.0047180803e-04,3.4416231358e+01
-1.6053105485e-04,1.0071774682e-04,3.4439246468e+01
1.2213073757e-04,1.4422225841e-04,1.9159956158e+01
1.1909783940e-04,1.4646129869e-04,1.9149984540e+01
1.2255278815e-04,1.4755090922e-04,1.9064785287e+01
1.1564402598e-04,1.4536697413e-04,1.9235401508e+01
-5.0974724024e-05,5.4029795676e-05,4.1985821258e+01
9.5411526001e-05,1.4190550899e-04,1.9595177282e+01
9.2360237182e-05,1.4404725862e-04,1.9560955132e+01
9.5777652142e-05,1.4523020867e-04,1.9483188708e+01
9.2707372638e-05,1.4736816081e-04,1.9413038251e+01
8.9289456282e-05,1.4616729613e-04,1.9506983881e+01
9.6140745141e-05,1.4854867433e-04,1.9325931708e+01
-8.4053794038e-05,1.1118642314e-04,3.3187175215e+01
-8.2607009305e-05,1.1324882279e-04,3.2991366468e+01
1.2189989602e-04,1.1874958332e-04,1.9224044906e+01
1.2242355725e-04,1.2205308214e-04,1.9185242540e+01
1.1894048536e-04,1.2098415873e-04,1.9324150954e+01
2.2791592330e-04,8.7072281969e-05,1.7114119390e+01
2.3119762015e-04,8.4443940424e-05,1.7099625111e+01
-1.3633825633e-04,1.0506513340e-04,3.3847462038e+01
-1.3726496161e-04,1.0722385551e-04,3.3751135198e+01
-1.3902221786e-04,1.0525175118e-04,3.3873811496e+01
6.6020558576e-05,1.3686351614e-04,2.0144111857e+01
6.3000628929e-05,1.3874834583e-04,2.0123939397e+01
6.6205978808e-05,1.4024852089e-04,2.0043802788e+01
6.3115696068e-05,1.4213205714e-04,2.0089747415e+01
5.9938576602e-05,1.4058659695e-04,2.0167924178e+01
6.6345331993e-05,1.4361389486e-04,2.0018328002e+01
6.2497726393e-05,1.1065870421e-04,2.1593232706e+01
5.9880230849e-05,1.1250027244e-04,2.1412256368e+01
-9.3614108749e-05,1.0930837983e-04,3.3284202184e+01
-9.4786293582e-05,1.1141638577e-04,3.3088992400e+01
-9.6311954768e-05,1.0938099005e-04,3.3262937656e+01
-9.7467238608e-05,1.1149324100e-04,3.3085795052e+01
-9.9008291258e-05,1.0946113513e-04,3.3249567086e+01
-1.0014696402e-04,1.1157785025e-04,3.3089749125e+01
-1.0170321632e-04,1.0954873711e-04,3.3243504294e+01
-1.0282576232e-04,1.1166978203e-04,3.3100229561e+01
-1.1228579745e-04,7.0400849619e-05,3.9312837026e+01
-1.1352183427e-04,7.2301111949e-05,3.8894015288e+01
-1.1534278170e-04,7.0471889618e-05,3.9213891143e+01
-1.1655516167e-04,7.2377275828e-05,3.8795786930e+01
-1.1839401733e-04,7.0548046805e-05,3.9114727604e+01
-1.1958260392e-04,7.2458705123e-05,3.8698057389e+01
-1.2143915292e-04,7.0629333883e-05,3.9015709493e+01
-1.2260383424e-04,7.2545439720e-05,3.8601125423e+01
-1.2561849283e-04,7.2637544236e-05,3.8505237960e+01
-1.2750970163e-04,7.0807549194e-05,3.8819264814e+01
2.1247461481e-04,8.3180734994e-05,1.7296905506e+01
-1.5259490011e-04,6.7960796298e-05,3.8748343409e+01
-1.5352120437e-04,6.9917111202e-05,3.8365086335e+01
-1.5054255517e-04,6.9779484846e-05,3.8457548178e+01
2.0080055854e-04,1.2772251230e-04,1.7391779396e+01
-8.1369907322e-05,1.1114876980e-04,3.3236793741e+01
-7.9940245276e-05,1.1321539976e-04,3.3029182425e+01
-7.8686269837e-05,1.1111930264e-04,3.3298054901e+01
-7.7274085233e-05,1.1319032223e-04,3.3078961319e+01
-7.6003143102e-05,1.1109817212e-04,3.3371825917e+01
-7.4608825003e-05,1.1317376699e-04,3.3141844467e+01
-7.5874904642e-05,1.1527460615e-04,3.2879734927e+01
-7.3227492469e-05,1.1526289455e-04,3.2928408288e+01
-7.1944732755e-05,1.1316594119e-04,3.3218859532e+01
-7.0581636940e-05,1.1526007235e-04,3.2991832564e+01
-6.9282086080e-05,1.1316704961e-04,3.3311155057e+01
-6.7937599425e-05,1.1526637907e-04,3.3071457198e+01
-6.6621146221e-05,1.1317742958e-04,3.3419897797e+01
-6.5295626267e-05,1.1528209894e-04,3.3168768996e+01
-6.3962185569e-05,1.1319711070e-04,3.3546248651e+01
-6.2656042940e-05,1.1530744725e-04,3.3285520497e+01
-6.1305455818e-05,1.1322673324e-04,3.3691244517e+01
-6.0019172287e-05,1.1534274016e-04,3.3423297169e+01
-5.8651252350e-05,1.1326640595e-04,3.3855923432e+01
-5.7385209856e-05,1.1538833116e-04,3.3583837281e+01
-5.5999820154e-05,1.1331652046e-04,3.4041127251e+01
-5.4754426578e-05,1.1544461441e-04,3.3768639592e+01
-5.3351416762e-05,1.1337753718e-04,3.4247517579e+01
-5.2127098131e-05,1.1551199193e-04,3.3979072515e+01
-5.0706296731e-05,1.1344986343e-04,3.4475478865e+01
-4.9503495009e-05,1.1559090849e-04,3.4216340664e+01
-4.8064714652e-05,1.1353402938e-04,3.4725011812e+01
-4.6883877863e-05,1.1568186198e-04,3.4481197815e+01
-4.5426915243e-05,1.1363052480e-04,3.4995716440e+01
-4.4268495136e-05,1.1578538111e-04,3.4773767210e+01
-4.2793142300e-05,1.1373996776e-04,3.5286656218e+01
-4.1657565228e-05,1.1590208561e-04,3.5093518786e+01
-4.0163626471e-05,1.1386297566e-04,3.5596199235e+01
-3.9051377439e-05,1.1603258952e-04,3.5439543580e+01
-3.7538612215e-05,1.1400028411e-04,3.5921824957e+01
-3.6450220019e-05,1.1617756004e-04,3.5809888442e+01
-3.4918326609e-05,1.1415247194e-04,3.6260064034e+01
-3.3854248912e-05,1.1633778911e-04,3.6200906933e+01
-3.2303019201e-05,1.1432079374e-04,3.6606083647e+01
-2.9692908256e-05,1.1450586834e-04,3.6953425349e+01
-2.8678819113e-05,1.1670775020e-04,3.7021073754e+01
-2.7088249331e-05,1.1470874744e-04,3.7293712844e+01
-2.6099878232e-05,1.1691944203e-04,3.7432427068e+01
-2.4489344080e-05,1.1493059118e-04,3.7616747821e+01
-2.3527198306e-05,1.1715047485e-04,3.7828316043e+01
-2.1896540119e-05,1.1517257759e-04,3.7911132209e+01
-2.0961092661e-05,1.1740210344e-04,3.8193902505e+01
-1.9310262824e-05,1.1543600047e-04,3.8165959794e+01
-1.8402063851e-05,1.1767566717e-04,3.8515188082e+01
-1.6730993729e-05,1.1572188437e-04,3.8374173506e+01
-1.5850740985e-05,1.1797243113e-04,3.8785351636e+01
-1.4159448984e-05,1.1603195191e-04,3.8537318203e+01
-1.3307893518e-05,1.1829362243e-04,3.9013684470e+01
-1.1596179464e-05,1.1636683230e-04,3.8668565577e+01
-1.0774342775e-05,1.1864005374e-04,3.9230022411e+01
-9.0417067932e-06,1.1672730736e-04,3.8789971497e+01
-8.2507226395e-06,1.1901230655e-04,3.9474163041e+01
-6.4965130495e-06,1.1711487491e-04,3.8921756260e+01
-5.7373386210e-06,1.1941107971e-04,3.9771780292e+01
-3.9606162582e-06,1.1753017687e-04,3.9069309323e+01
-3.2342019110e-06,1.1983727783e-04,4.0116590364e+01
-1.4340052892e-06,1.1797483473e-04,3.9218901768e+01
-7.4128333448e-07,1.2029249881e-04,4.0477985474e+01
1.0833384910e-06,1.1845098915e-04,3.9342777910e+01
1.7413642868e-06,1.2077901524e-04,4.0818026865e+01
4.2135258837e-06,1.2129962884e-04,4.1098866124e+01
6.0898125599e-06,1.1950881243e-04,3.9382424048e+01
6.7103457271e-06,1.2174643325e-04,4.1197393416e+01
8.5842604932e-06,1.2007922277e-04,3.9216264161e+01
9.1690215888e-06,1.2232483937e-04,4.1224914547e+01
1.1064502464e-05,1.2070711264e-04,3.8890693564e+01
1.1570740401e-05,1.2307612048e-04,4.1278309153e+01
1.3525435108e-05,1.2140734802e-04,3.8388626932e+01
1.3987338950e-05,1.2379212742e-04,4.1024235522e+01
1.5976997108e-05,1.2215369662e-04,3.7624218640e+01
1.6394796792e-05,1.2454901513e-04,4.0472858248e+01
1.8415863178e-05,1.2295862323e-04,3.6553178999e+01
1.8787154533e-05,1.2536676816e-04,3.9548894668e+01
2.0838574677e-05,1.2383347818e-04,3.5097521196e+01
2.1161119257e-05,1.2625721980e-04,3.8114012066e+01
2.3241040261e-05,1.2478921961e-04,3.3405506882e+01
2.3512607700e-05,1.2723276887e-04,3.6042046428e+01
2.5617509771e-05,1.2583723693e-04,3.1384283130e+01
-5.0028186995e-06,1.2172993672e-04,4.1041940130e+01
-4.3123293089e-05,1.1795758476e-04,3.4544069336e+01
2.5835351848e-05,1.2830821812e-04,3.3598860382e+01
2.7958060470e-05,1.2699129801e-04,2.9371249876e+01
-2.5128009297e-05,1.1914954040e-04,3.7686780866e+01
-3.0239659007e-05,1.1872648759e-04,3.6674265074e+01
-2.0043466933e-05,1.1965161617e-04,3.8640814928e+01
2.8118243689e-05,1.2950174606e-04,3.0179216306e+01
3.0248494761e-05,1.2826217796e-04,3.0933534565e+01
-3.5376150419e-05,1.1837307087e-04,3.5724760345e+01
-1.4989850515e-05,1.2024381915e-04,3.9395782797e+01
-9.9742070582e-06,1.2093549067e-04,4.0061224675e+01
-4.8313517323e-05,1.1774860694e-04,3.3944089555e+01
3.0341828427e-05,1.3083196912e-04,3.2869469773e+01
3.2463829999e-05,1.2965394137e-04,1.5789187146e+01
-7.6847619057e-08,1.2263257121e-04,4.2279374710e+01
-5.3521519360e-05,1.1758870360e-04,3.3487129638e+01
4.9535000195e-06,1.2375109446e-04,4.3567029213e+01
3.2473695068e-05,1.3231082699e-04,1.4675031513e+01
3.4696290455e-05,1.3116036135e-04,3.2822129687e+00
3.4571029385e-05,1.3392762033e-04,5.9217194114e-01
3.7030777817e-05,1.3278443834e-04,1.3384575759e+01
5.9304557382e-05,1.0947409906e-04,2.1387619446e+01
5.6731910906e-05,1.1128890103e-04,2.1182078740e+01
5.6158284023e-05,1.0832075016e-04,2.1186592765e+01
5.3632685667e-05,1.1011148911e-04,2.0962180226e+01
-1.5810327822e-04,3.2485935607e-05,4.5981578561e+01
-1.6046301378e-04,3.0860917796e-05,4.6216704523e+01
-1.6159364347e-04,3.2527953578e-05,4.5805404860e+01
-1.6397534574e-04,3.0900702380e-05,4.6032474549e+01
1.8791909093e-04,8.6821924249e-05,1.7424145086e+01
1.9163527550e-04,8.7774121946e-05,1.7416586488e+01
3.0789686420e-04,3.9965530884e-05,1.5219523391e+01
1.5211096728e-04,9.9420622257e-05,1.7080704052e+01
3.6836730436e-05,8.7605738876e-05,2.1130885752e+01
3.9063830450e-05,8.5811025316e-05,2.1213842421e+01
3.6050837341e-05,8.5133630593e-05,2.1202359182e+01
3.8270145222e-05,8.3334312727e-05,2.1277171162e+01
3.5247454516e-05,8.2691985179e-05,2.1268636503e+01
4.1318259120e-05,8.4003684661e-05,2.1297694602e+01
-8.6179959437e-05,9.6932088674e-05,3.5191684896e+01
-8.7700185567e-05,9.4958198590e-05,3.5470112042e+01
-8.4871801187e-05,9.4916706046e-05,3.5577819596e+01
-8.6391874505e-05,9.2952159057e-05,3.5859408357e+01
-8.3539240770e-05,9.2915328762e-05,3.5971459754e+01
-8.9238296274e-05,9.2996917273e-05,3.5752287785e+01
-1.1303896386e-04,9.5645154158e-05,3.4777814870e+01
-1.1472759472e-04,9.3700827773e-05,3.5038096650e+01
1.0157599110e-04,1.0033827184e-04,2.2526285166e+01
-1.3152054420e-04,9.4473658080e-05,3.4801040377e+01
-1.9083242653e-04,5.2772222313e-05,4.0270426978e+01
-2.2883513161e-04,3.4277422681e-05,3.9878665631e+01
-2.3165392677e-04,3.2588922210e-05,3.9651102995e+01
-2.2844490242e-04,3.2432548851e-05,4.0161559466e+01
-2.3127879560e-04,3.0753776253e-05,3.9926680314e+01
-2.3450792448e-04,3.0907197937e-05,3.9362301279e+01
-2.3414568202e-04,2.9084429659e-05,3.9630784770e+01
-2.3739636200e-04,2.9233683973e-05,3.9005498007e+01
-2.3086975741e-04,2.8944777960e-05,4.0215975361e+01
1.1046233904e-04,1.3096569601e-04,1.9522070289e+01
1.3725620379e-04,1.3294604900e-04,1.8626345848e+01
1.4027592748e-04,1.3068309161e-04,1.8390687594e+01
1.3679999123e-04,1.2961677589e-04,1.8564098492e+01
8.4074647949e-05,1.2822261158e-04,2.0213209856e+01
-1.1753993994e-04,9.3812600169e-05,3.4986383161e+01
-2.1646641517e-04,3.5521318407e-05,4.1248747800e+01
-2.1811333498e-04,3.0254275078e-05,4.1864417310e+01
5.3058205411e-05,1.0720104118e-04,2.0999815040e+01
5.0581492761e-05,1.0897051183e-04,2.0764597782e+01
5.0003025395e-05,1.0611686854e-04,2.0835359340e+01
4.7576346666e-05,1.0786806365e-04,2.0598638448e+01
2.7550037024e-04,1.7560009903e-05,1.8105102754e+01
-1.2862621954e-04,7.2735096441e-05,3.8410595455e+01
-1.3053437890e-04,7.0904637359e-05,3.8722295359e+01
2.6689743864e-04,1.4279981004e-05,1.9609803739e+01
-1.8918159214e-04,3.2969345348e-05,4.4085290508e+01
2.0999537681e-04,6.9583998090e-05,1.7356016379e+01
-2.4799062844e-04,1.5660174210e-05,3.7806850897e+01
-2.3151282863e-04,5.6253696745e-05,3.7589226923e+01
2.9236029436e-04,8.4500302132e-05,1.4020009516e+01
-2.8204292590e-04,1.3439305570e-05,2.0617284062e+01
-2.8546723314e-04,1.1791813177e-05,1.8003100445e+01
-2.8558918702e-04,9.9663360652e-06,1.8263664265e+01
-2.8216080328e-04,9.8201218334e-06,2.1020173631e+01
-2.8895132917e-04,1.0138239130e-05,1.7114395452e+01
-2.8909377056e-04,8.3225502551e-06,1.7039374272e+01
-2.9254810103e-04,8.4720704299e-06,1.7364310283e+01
4.6990329757e-05,1.0506963343e-04,2.0699729853e+01
4.4614153493e-05,1.0680566254e-04,2.0471395167e+01
-6.7959301232e-05,1.1108718210e-04,3.3676624121e+01
-1.9218025081e-04,6.6477367858e-05,3.8042669327e+01
-1.5648912281e-04,7.0061502038e-05,3.8273740928e+01
2.8725299393e-04,1.8032834605e-05,1.7037105016e+01
-2.1246288799e-04,7.2791337161e-05,3.6885991885e+01
-2.2089286424e-04,2.8596425564e-05,4.1759154986e+01
2.7883295979e-04,1.4758589345e-05,1.8107176504e+01
-1.9933230880e-04,3.3200300267e-05,4.3262867026e+01
1.2383748840e-04,1.3199687443e-04,1.9166788515e+01
-3.4356909342e-04,1.4692564009e-05,1.7049142604e+01
3.6270981589e-04,1.5643869037e-05,1.1878984750e+01
3.5879352130e-04,1.5475096470e-05,1.2539624786e+01
-3.8640568140e-05,1.1184055295e-04,3.6044875998e+01
9.7189903234e-05,1.2975039745e-04,1.9767629918e+01
-2.0235479533e-05,1.1321569365e-04,3.7920662048e+01
-1.2437789978e-05,1.1411427572e-04,3.8254046953e+01
-1.3162721194e-04,7.2838005654e-05,3.8317381807e+01
3.9694729653e-07,1.1614321938e-04,3.8258633664e+01
3.0377731697e-04,3.9396974297e-05,1.5226490447e+01
3.0455025339e-04,4.3049416039e-05,1.5202904817e+01
3.0043619195e-04,4.2449897832e-05,1.5199581391e+01
7.9918200554e-06,1.1775543095e-04,3.7633584309e+01
1.5501522314e-05,1.1977457573e-04,3.5618980361e+01
2.2891765745e-05,1.2235071657e-04,3.1548868656e+01
3.0042627363e-05,1.2569497793e-04,2.4874915391e+01
3.7084582951e-05,1.2991717807e-04,1.5336048351e+01
3.9583642250e-05,1.3153402014e-04,1.4559241824e+01
3.9480080402e-05,1.3455176790e-04,1.3479960180e+01
4.2188655264e-05,1.3326586010e-04,1.6855126793e+01
4.2065006502e-05,1.3645984298e-04,1.6634451347e+01
4.4913943136e-05,1.3509947909e-04,1.8424506702e+01
4.4795793641e-05,1.3847050126e-04,2.1226838375e+01
4.7764837864e-05,1.3700517202e-04,2.1636853048e+01
4.7655761392e-05,1.4047425641e-04,2.1165330303e+01
-1.0870254489e-04,7.4069688350e-05,3.8673886076e+01
-1.0567689473e-04,7.4004461298e-05,3.8771922823e+01
-2.1566564813e-04,4.4733003556e-05,3.9988420016e+01
3.2632322732e-04,1.3677727971e-05,1.6630984073e+01
3.3049916229e-04,1.3965267778e-05,1.6016095557e+01
1.3480746829e-04,9.7752269264e-05,1.8990888089e+01
-2.0331926553e-04,4.4054753246e-05,4.1039982554e+01
-2.0182256312e-04,4.9603825225e-05,4.0226801071e+01
-2.0731971417e-04,2.8247390864e-05,4.3411040719e+01
-2.1246665290e-04,1.6790798481e-05,4.4744037589e+01
-2.6172995196e-04,1.4320546126e-05,3.2834775646e+01
-2.6758215124e-04,7.7964358994e-06,3.0549559626e+01
-2.6798654409e-04,9.4316037513e-06,3.0182084251e+01
-2.7128146887e-04,7.8469349757e-06,2.8478755193e+01
2.9394384457e-04,1.2227752148e-05,1.7118534335e+01
2.8999222264e-04,1.2125476917e-05,1.7163659866e+01
3.2323150546e-04,9.1246605891e-05,1.2912077186e+01
3.2656029732e-04,8.8115830117e-05,1.2889659902e+01
2.7023737697e-04,1.1560530597e-05,1.9860953178e+01
2.6621095359e-04,1.1400121199e-05,2.0269939965e+01
3.0993456318e-05,1.0464556649e-04,2.0218341697e+01
3.3765463909e-05,1.0554701647e-04,2.0166368021e+01
2.8246609771e-05,1.0378594730e-04,2.0317271562e+01
2.7573661095e-05,1.0129317544e-04,2.0492791882e+01
2.5521546730e-05,1.0296740954e-04,2.0380465576e+01
2.2814966946e-05,1.0218821882e-04,2.0561515592e+01
2.2093941757e-05,9.9771953819e-05,2.0636046844e+01
2.0124342185e-05,1.0144680523e-04,2.0721927107e+01
1.9378853469e-05,9.9065721721e-05,2.0915181679e+01
1.7447845386e-05,1.0074160721e-04,2.0333715718e+01
1.6677367861e-05,9.8393859218e-05,2.0661313713e+01
1.4781747147e-05,1.0007097507e-04,2.3598119427e+01
1.3988790245e-05,9.7754931706e-05,2.2749562956e+01
1.2105946350e-05,9.9442187095e-05,2.5763988545e+01
1.1295620245e-05,9.7153173773e-05,2.5433437688e+01
9.4126761811e-06,9.8856229761e-05,2.7260220050e+01
8.5843815413e-06,9.6592227337e-05,2.6872760793e+01
6.7044034323e-06,9.8310664819e-05,2.8814868692e+01
3.9823892254e-06,9.7803268002e-05,3.0143878174e+01
3.1161157727e-06,9.5583530520e-05,2.9867132274e+01
1.2477544301e-06,9.7331885099e-05,3.1348992225e+01
3.6156141266e-07,9.5131780362e-05,3.1111608370e+01
-1.4984999207e-06,9.6894434632e-05,3.2407629280e+01
-2.4051528071e-06,9.4712551523e-05,3.2207126286e+01
-4.2554775137e-06,9.6488947670e-05,3.3338030842e+01
-5.1830471548e-06,9.4323983306e-05,3.3171255552e+01
-7.0223632723e-06,9.6113558419e-05,3.4147827805e+01
-7.9712386789e-06,9.3964373937e-05,3.4012419355e+01
-1.0768897220e-05,9.3632051279e-05,3.4741005553e+01
-1.2582920064e-05,9.5446210034e-05,3.5445514747e+01
-1.3575264654e-05,9.3325503104e-05,3.5366389851e+01
-1.5375241086e-05,9.5151084844e-05,3.5951128738e+01
-1.6389618594e-05,9.3043242346e-05,3.5897543430e+01
-1.8174754358e-05,9.4879709292e-05,3.6372220496e+01
-1.9211293790e-05,9.2783930583e-05,3.6342872155e+01
-2.0980875367e-05,9.4630738272e-05,3.6716489303e+01
-2.2039652548e-05,9.2546243969e-05,3.6710334907e+01
-2.3793034884e-05,9.4402897585e-05,3.6991239238e+01
-2.4874104074e-05,9.2328995318e-05,3.7007468623e+01
-2.6610734472e-05,9.4194992198e-05,3.7203522574e+01
-2.7714088426e-05,9.2131003490e-05,3.7241448008e+01
-2.9433469299e-05,9.4005890415e-05,3.7360060719e+01
-3.0559084899e-05,9.1951213830e-05,3.7419068305e+01
-3.2260771675e-05,9.3834534370e-05,3.7467295232e+01
-3.3408596213e-05,9.1788577934e-05,3.7546763259e+01
-3.5092201179e-05,9.3679922164e-05,3.7531295939e+01
-3.6262163420e-05,9.1642165558e-05,3.7630562809e+01
-3.9119346945e-05,9.1511046337e-05,3.7676096980e+01
-4.0765807888e-05,9.3417253522e-05,3.7551991962e+01
-4.3607222439e-05,9.3307504025e-05,3.7518830254e+01
-4.6451233843e-05,9.3211108424e-05,3.7462698730e+01
-4.7708608796e-05,9.1201420368e-05,3.7632961045e+01
-4.9297504615e-05,9.3127364272e-05,3.7387601126e+01
-5.0576363224e-05,9.1123658872e-05,3.7573176544e+01
-5.2145709524e-05,9.3055613060e-05,3.7297115136e+01
-5.3445876078e-05,9.1057546844e-05,3.7496911609e+01
-5.4995534849e-05,9.2995253980e-05,3.7194440009e+01
-5.6316818917e-05,9.1002472707e-05,3.7407334634e+01
-5.7846675198e-05,9.2945725461e-05,3.7082398845e+01
-5.9188876866e-05,9.0957926878e-05,3.7307247401e+01
-6.0698832955e-05,9.2906518711e-05,3.6963483317e+01
-6.2061740405e-05,9.0923386904e-05,3.7199140270e+01
-6.3551715734e-05,9.2877159682e-05,3.6839867050e+01
-6.4935109066e-05,9.0898427133e-05,3.7085188904e+01
-6.6405035876e-05,9.2857222409e-05,3.6713442491e+01
-6.7808685855e-05,9.0882605605e-05,3.6967307963e+01
-6.9258508706e-05,9.2846311354e-05,3.6585840704e+01
-7.0682178984e-05,9.0875572152e-05,3.6847148780e+01
-7.2111838502e-05,9.2844078860e-05,3.6458458791e+01
-7.3555296846e-05,9.0876958250e-05,3.6726146814e+01
-7.4964776409e-05,9.2850192051e-05,3.6332485800e+01
-7.6427770972e-05,9.0886135210e-05,3.6605580916e+01
4.5174082008e-05,1.0958805747e-04,2.0331317689e+01
4.2266251991e-05,1.0851179858e-04,2.0219858184e+01
1.1606064194e-04,1.4869112744e-04,1.9104432194e+01
1.1260495600e-04,1.4758859467e-04,1.9193235708e+01
4.0516698236e-05,8.1523676104e-05,2.1353613906e+01
4.3602697271e-05,8.2183557233e-05,2.1381353745e+01
6.6885264211e-05,1.1821264658e-04,2.1972739771e+01
1.9100488098e-04,6.5692563227e-05,1.7207479828e+01
-2.2472173300e-04,1.2140821413e-05,4.3598247236e+01
-2.3592113603e-04,1.2234649587e-05,4.1365003624e+01
1.9279677548e-04,5.7106227187e-05,1.7187902772e+01
1.3923334951e-04,8.6842975607e-05,1.9289697334e+01
-2.7158705316e-04,9.5099550782e-06,2.8136367046e+01
-2.7491905406e-04,7.9131458552e-06,2.6243154798e+01
-1.2966589029e-04,5.4367380840e-05,4.2222312744e+01
-1.2643379221e-04,5.4305775791e-05,4.2332172127e+01
-1.6284675525e-04,2.9243972968e-05,4.6440473350e+01
-1.6638133606e-04,2.9281508772e-05,4.6247550428e+01
-1.7943126850e-04,2.7789725230e-05,4.5781533656e+01
-1.8997166129e-04,2.7933279084e-05,4.5007603244e+01
-1.9346387819e-04,2.7987625282e-05,4.4722219944e+01
-1.9016554727e-04,5.0861873745e-05,4.0638914608e+01
-2.1346537557e-04,2.6685114681e-05,4.2997997511e+01
-2.3377292904e-04,2.7284423374e-05,3.9910250687e+01
-2.5310647665e-04,2.6425151769e-05,3.5331287484e+01
-2.4991576180e-04,2.6229993195e-05,3.6295101879e+01
-2.4213534105e-04,5.5701223411e-05,3.6864424518e+01
-2.3948299392e-04,5.5271022773e-05,3.7079298335e+01
-5.8745253882e-05,1.1747403751e-04,3.3155501334e+01
3.5586156667e-04,5.4663121973e-05,1.2582363438e+01
3.5913505467e-04,5.1229051804e-05,1.2483127732e+01
-2.8914434553e-04,6.5586219179e-06,1.6898636656e+01
-2.4734613341e-04,7.5229247205e-05,3.6651486798e+01
-2.6642748902e-04,4.4724405965e-05,3.2570370851e+01
-2.6926265031e-04,4.3066841226e-05,3.1451495193e+01
-3.1631518166e-04,1.8098211217e-05,1.7247016094e+01
-3.1215600486e-04,1.9917431997e-05,1.7306491153e+01
1.6750637533e-05,1.2696244307e-04,4.4794338895e+01
-2.4798704260e-04,6.0547354477e-06,3.8784300105e+01
-2.5939503942e-04,6.1274335765e-06,3.4584723588e+01
-2.7077420966e-04,6.2204531400e-06,2.8924802057e+01
-3.1509385799e-04,2.0671721973e-05,1.7316237015e+01
-3.3849441385e-04,3.4479196920e-05,1.6804187502e+01
-3.3320255778e-04,3.6406968152e-05,1.7206818961e+01
9.3230480687e-06,1.2486981818e-04,4.4539789545e+01
2.7835084117e-04,1.2238214523e-04,1.3283131959e+01
2.8177988677e-04,1.1949411154e-04,1.3287283210e+01
-1.8216959421e-04,9.6676364564e-05,3.4978600897e+01
-1.8415825539e-04,9.4774876074e-05,3.5113758515e+01
-2.4504023423e-04,7.6971428953e-05,3.6596682511e+01
-3.4415745208e-04,3.2245528989e-05,1.4577253294e+01
-9.3274538029e-05,1.1346331113e-04,3.2940538860e+01
-6.6605251343e-05,1.1738007938e-04,3.2847558517e+01
2.0557767486e-04,1.4362191802e-04,1.7430727927e+01
-8.1173258223e-05,1.1532392392e-04,3.2820745290e+01
1.7859800705e-04,1.4663743798e-04,1.7330822272e+01
2.9922814321e-04,1.0876769759e-04,1.3138008724e+01
-1.9861629346e-04,9.2430659474e-05,3.5427190952e+01
1.8515640982e-04,1.4579951237e-04,1.7451656770e+01
1.8833900782e-04,1.4367091127e-04,1.7515781062e+01
3.6858763511e-04,3.6407586134e-05,1.2081459264e+01
3.1320611174e-04,1.0051303398e-04,1.2960552921e+01
3.0985091947e-04,1.0356141270e-04,1.2971082788e+01
-1.8478026210e-04,9.7007794762e-05,3.4999654810e+01
2.4582108866e-04,1.3586042606e-04,1.3641848068e+01
5.9973957527e-05,1.4396367806e-04,2.0148699905e+01
-1.1084688823e-04,1.1199101020e-04,3.3165586876e+01
-1.5866271257e-04,1.0265668453e-04,3.4307649382e+01
-1.5600492502e-04,1.0241239201e-04,3.4278363327e+01
8.9617546253e-05,1.4948254757e-04,1.9317503504e+01
8.6196362848e-05,1.4826201374e-04,1.9430943543e+01
-3.1018345244e-04,4.7878596297e-05,1.7132756383e+01
-3.1319653567e-04,4.6952082717e-05,1.7256970976e+01
-3.1460752087e-04,4.4422583107e-05,1.7486350568e+01
-3.1640035218e-04,4.6049998378e-05,1.8339277256e+01
-3.1805497955e-04,4.3410098014e-05,1.7288933846e+01
-2.6140879603e-04,6.9868965166e-05,3.6621761380e+01
-2.6381855876e-04,6.8212526413e-05,3.6479319942e+01
-2.5903078879e-04,7.1542812145e-05,3.6725751783e+01
3.1811686483e-04,1.3169037589e-05,1.6998021948e+01
3.1404391720e-04,1.2958093980e-05,1.7069094647e+01
-1.3019453707e-04,1.0884707518e-04,3.3571286368e+01
-1.2752166917e-04,1.0868073115e-04,3.3537189123e+01
-7.1858416479e-05,1.1736572548e-04,3.2740382523e+01
3.4279084979e-04,1.4755078111e-05,1.4802051597e+01
3.4683925326e-04,1.4948618275e-05,1.4368958912e+01
2.7821401235e-04,1.1815931365e-05,1.8657419603e+01
-9.8604937494e-05,1.1361790706e-04,3.2963601196e+01
-8.6474450672e-05,1.1540667153e-04,3.2805147600e+01
-1.1351497131e-04,1.1211345056e-04,3.3197143522e+01
-2.6360009534e-04,4.6387044807e-05,3.3505309735e+01
1.8858921312e-04,1.4713921737e-04,1.7478577681e+01
-2.3134789979e-04,5.4127378340e-05,3.7744959542e+01
-2.2855616741e-04,5.3795430686e-05,3.7970493395e+01
-2.5007665822e-04,2.8089488589e-05,3.6140905527e+01
-2.4688509531e-04,2.7900212698e-05,3.7003320197e+01
1.9181489232e-04,1.4501908999e-04,1.7536909414e+01
-1.4169962217e-04,1.0544680788e-04,3.3903209585e+01
-1.5575605716e-04,2.9175135297e-05,4.6800027906e+01
-1.5220065233e-04,2.9143603975e-05,4.6967020188e+01
2.1401450609e-05,1.2869159517e-04,4.3300902308e+01
-5.6008957477e-05,5.5713262242e-05,4.2099025547e+01
-5.9282565556e-05,5.5677570234e-05,4.2289191725e+01
1.1344503442e-04,1.2874751064e-04,1.9465458444e+01
1.0998761007e-04,1.2764640592e-04,1.9542241327e+01
8.6985407359e-05,1.2613664371e-04,2.0273052640e+01
8.3602766521e-05,1.2487690253e-04,2.0659072702e+01
2.8041532302e-04,1.0784663400e-04,1.3675054345e+01
5.7272822905e-05,1.1430930378e-04,2.1195002910e+01
5.1124542196e-05,1.1186927787e-04,2.0698214972e+01
5.6824614895e-05,1.4236918739e-04,2.0283141802e+01
-2.5742006039e-04,1.0887753023e-05,3.4981736281e+01
1.3846573372e-04,8.3662694656e-05,1.9615070070e+01
1.3474416512e-04,8.2745406638e-05,2.0069893815e+01
1.4215962793e-04,8.4598748008e-05,1.9133818992e+01
-2.4265675178e-04,7.6330038611e-05,3.6556415017e+01
-2.4275897381e-04,7.8722481993e-05,3.6514610190e+01
2.6644520548e-04,8.9638475027e-05,1.4551328167e+01
2.6308071777e-04,9.2462496846e-05,1.4564773519e+01
-3.1569220890e-04,3.7577880308e-05,1.7839260303e+01
2.2713448060e-04,1.3724142376e-04,1.4292440618e+01
-3.0646055063e-04,3.8817049458e-05,1.7644297092e+01
1.8705526102e-04,1.0291762264e-04,1.7438919132e+01
1.8392769144e-04,1.0530253047e-04,1.7454100549e+01
2.2463735704e-04,8.9681325507e-05,1.7129604366e+01
2.2402529264e-04,8.6080213051e-05,1.7162987457e+01
-8.5062805228e-05,9.0960134944e-05,3.6254810219e+01
2.6367247083e-04,9.6265114323e-05,1.4412531254e+01
-1.3462006228e-04,7.2946743195e-05,3.8225673597e+01
-1.3656079141e-04,7.1115276278e-05,3.8531695777e+01
-4.7113459195e-06,1.1524397097e-04,3.8316329588e+01
-2.5857464113e-04,4.3190210387e-05,3.4208658192e+01
2.3306622470e-04,9.5434137417e-05,1.6963399034e+01
2.3701866280e-04,9.6508804550e-05,1.7127311857e+01
3.6532523307e-04,4.0009416051e-05,1.2289286583e+01
2.2523972153e-04,9.3314128617e-05,1.7097359054e+01
-2.5467277321e-05,1.1272946747e-04,3.7483759822e+01
-3.0721718773e-05,1.1232226903e-04,3.6934161902e+01
-1.1360057258e-04,9.1660097773e-05,3.5366227298e+01
-1.1076379699e-04,9.1560212161e-05,3.5432259440e+01
-1.9139711317e-04,9.3565506168e-05,3.5274920627e+01
-4.3941744228e-05,1.1159486409e-04,3.5476743006e+01
3.2813605373e-04,4.2646095337e-05,1.4241660928e+01
3.3210210643e-04,4.3160845633e-05,1.4057788395e+01
2.8963842358e-04,4.7807228410e-05,1.6182290737e+01
2.8552302832e-04,4.7137915553e-05,1.7127536267e+01
2.8220044553e-04,5.0063233321e-05,1.7128964665e+01
2.8143269405e-04,4.6488916595e-05,1.6953023022e+01
2.7811648983e-04,4.9384227930e-05,1.6950147450e+01
2.7736733644e-04,4.5859822042e-05,1.7076975882e+01
-4.9258268328e-05,1.1140261481e-04,3.4959522895e+01
-5.4588260191e-05,1.1125890520e-04,3.4506491665e+01
-2.4483714775e-04,6.7507854624e-05,3.6634436124e+01
2.5234602922e-04,9.7017337589e-05,1.4815326268e+01
2.7652061621e-04,8.1045621943e-05,1.4538986501e+01
2.5708680686e-04,8.0204680618e-05,1.5507977462e+01
2.6112803962e-04,8.1155330548e-05,1.5079118514e+01
-5.9929744884e-05,1.1115970837e-04,3.4122953191e+01
-2.4668380638e-04,2.6054393373e-05,3.7192296071e+01
2.9832951979e-04,1.0085236218e-04,1.3413774797e+01
-2.2740998846e-04,4.3643157872e-05,3.9009401671e+01
-2.2472083492e-04,4.5383471492e-05,3.9095567030e+01
-2.7885090192e-04,5.8602441806e-05,3.4358518743e+01
-2.6957451235e-04,4.0859622980e-05,3.0852704760e+01
1.0498390792e-04,1.1661428065e-04,2.0106021264e+01
7.7833777921e-05,1.1043290034e-04,2.2333201352e+01
7.8499456616e-05,1.1366446990e-04,2.2375485889e+01
4.0441310054e-05,1.0043015110e-04,2.0660539101e+01
-2.5705840571e-04,6.3572428465e-05,3.6165515917e+01
-1.7330353068e-04,6.9068608817e-05,3.8083613461e+01
5.6813143842e-05,1.3896431059e-04,2.0106684683e+01
-2.4472048841e-04,4.3324346754e-05,3.6789216358e+01
8.5889405082e-05,1.4494283092e-04,1.9604095685e+01
8.2794866379e-05,1.4701604772e-04,1.9550642283e+01
-1.2519546809e-04,5.2515388521e-05,4.2761832067e+01
-1.2319503307e-04,5.4247984043e-05,4.2438404635e+01
9.1678267215e-05,1.1530582224e-04,2.1395961606e+01
8.8835667578e-05,1.1740190096e-04,2.1374125408e+01
-1.0868742165e-04,1.0773364004e-04,3.3409382686e+01
-1.2653869863e-04,1.0653361846e-04,3.3637488589e+01
-1.2484387177e-04,1.0852236963e-04,3.3506323309e+01
2.0923046639e-04,4.8233918454e-05,1.7289656587e+01
2.0533324464e-04,4.7608259068e-05,1.7430328558e+01
2.1312722765e-04,4.8854198328e-05,1.7107254232e+01
-2.1052905660e-04,6.2096846253e-05,3.8054840512e+01
-1.1774862106e-04,7.4297745857e-05,3.8381963993e+01
2.7992040436e-04,1.0398088427e-04,1.3790829067e+01
-2.5321556383e-04,3.8190329537e-05,3.5160780045e+01
-1.2375002980e-04,7.4476884966e-05,3.8192579216e+01
-1.8664903894e-04,3.4625993178e-05,4.3933792947e+01
-1.9496150856e-04,7.6973628874e-05,3.6673825251e+01
-1.9767687530e-04,7.7280330054e-05,3.6617484000e+01
3.2931628225e-04,5.0260267581e-05,1.3924970229e+01
-1.4445894496e-04,4.2407768090e-05,4.4375421154e+01
-1.6197911452e-04,7.6234521802e-05,3.7141868398e+01
1.6580484280e-04,8.1366760995e-05,1.7045928924e+01
-1.5147801839e-04,7.1744952332e-05,3.8078597370e+01
-1.4851448448e-04,7.1606258882e-05,3.8166391810e+01
1.5314895978e-04,8.7374212482e-05,1.7737316573e+01
-2.4110609074e-04,3.3146207984e-05,3.7926316021e+01
3.1380832953e-04,3.0088268093e-05,1.5322673094e+01
-1.7694659695e-04,5.5844272502e-05,4.0297960939e+01
-1.6936537007e-04,5.9249938267e-05,3.9923593845e+01
2.3711078942e-04,7.5543392674e-05,1.7122166341e+01
1.8456618324e-04,1.3889623594e-04,1.7514369970e+01
-2.9521802159e-04,1.2515785410e-05,1.7187337892e+01
-2.9897392480e-04,1.0791549358e-05,1.7175136206e+01
-3.0229089560e-04,1.1067488805e-05,1.7186737210e+01
-3.0286676282e-04,9.0415778959e-06,1.7057048606e+01
-1.9324554215e-04,5.1016603676e-05,4.0457734242e+01
-1.9259082719e-04,4.9118325988e-05,4.0824590300e+01
2.0490129873e-04,6.2346269640e-05,1.7274721405e+01
3.0120553110e-04,4.6108850956e-05,1.5187106866e+01
-1.5288181518e-04,8.7667505074e-05,3.5600172502e+01
-1.5566692535e-04,8.7863020828e-05,3.5570266097e+01
-1.6747946511e-04,3.0942954192e-05,4.5839778366e+01
-3.1103111389e-04,2.2439405242e-05,1.7346064663e+01
-2.1511529563e-04,7.3166572361e-05,3.6814839150e+01
-2.2143916050e-04,3.0364381433e-05,4.1423515676e+01
-1.8931409956e-04,6.6247882265e-05,3.8149066505e+01
2.0108291282e-04,6.1623866152e-05,1.7224763663e+01
-2.7656965056e-04,4.5014126561e-05,2.9755077083e+01
2.7405692717e-04,4.8724149975e-05,1.7074582491e+01
2.7332679960e-04,4.5250820215e-05,1.7114197956e+01
2.7480196122e-04,5.2260891872e-05,1.6947628167e+01
3.0064907329e-04,2.5238699810e-05,1.7079164168e+01
-1.9856725997e-04,3.1462920851e-05,4.3647350103e+01
-3.4543296869e-04,1.1609785672e-05,1.7253816326e+01
-3.4902432388e-04,1.2164123162e-05,1.6965937160e+01
-3.4181615899e-04,1.1052246209e-05,1.7799190007e+01
-1.3331431376e-04,9.2545189269e-05,3.5038690879e+01
-1.3051649203e-04,9.2397965013e-05,3.5072111626e+01
1.3981144277e-04,1.2735486091e-04,1.8315522775e+01
1.4330444705e-04,1.2842244206e-04,1.8106260669e+01
-2.9446086394e-04,2.5930097112e-05,1.7277121531e+01
1.2684151744e-04,1.2974574356e-04,1.9036585958e+01
1.0014328121e-04,1.2758423590e-04,1.9756075567e+01
1.4913680524e-04,1.0170977774e-04,1.7253078138e+01
1.4555480378e-04,1.0071325651e-04,1.7756288543e+01
2.4835822597e-04,9.5970159965e-05,1.5038256414e+01
-2.1787006023e-04,5.6729760718e-05,3.8343551706e+01
-2.5839520245e-04,4.5347975554e-05,3.4442748323e+01
-2.8365405723e-04,2.3659530598e-05,1.8490845267e+01
-2.8080804731e-04,2.3219778553e-05,2.1074202907e+01
2.9473302795e-04,3.4701430256e-05,1.6965345312e+01
1.3188203443e-04,9.9993163691e-05,1.9142487513e+01
1.0439837895e-04,9.8209498426e-05,2.2347349279e+01
1.0078617549e-04,9.7155328654e-05,2.2895291614e+01
1.0800963012e-04,9.9261770423e-05,2.1737947115e+01
-2.2031061489e-04,2.6851637943e-05,4.2102524581e+01
3.0399325575e-04,2.2201914120e-05,1.7077374407e+01
-1.7914449879e-04,1.6572437698e-05,4.7982635150e+01
-1.7541138536e-04,1.6555672224e-05,4.8244385288e+01
-1.8570592705e-04,4.6971487494e-05,4.1582538363e+01
-1.8252354136e-04,4.6856115840e-05,4.1768241216e+01
-2.1526530531e-04,1.5226063876e-05,4.4616036745e+01
-1.7221257527e-04,5.1946413339e-05,4.1237307938e+01
-1.7535299822e-04,5.2066121063e-05,4.1083969657e+01
3.5550523177e-04,1.9108220617e-05,1.3107073277e+01
-2.5006190405e-04,1.0786316117e-05,3.7663939818e+01
7.0190445041e-05,1.1956266983e-04,2.2131132185e+01
1.0555061775e-04,1.1991023990e-04,1.9866920128e+01
1.8721863250e-04,6.4931540983e-05,1.7055858055e+01
1.6715921362e-04,1.3282056040e-04,1.7373163124e+01
1.7022880334e-04,1.3059329750e-04,1.7434270537e+01
1.3633365896e-04,1.2629226316e-04,1.8507894670e+01
1.9591879877e-04,5.4743528136e-05,1.7243981178e+01
1.3995699046e-04,9.0041583702e-05,1.8957343740e+01
-1.7589906945e-04,2.7747720084e-05,4.6015049716e+01
-3.0689076999e-04,7.2710747110e-06,1.7115514434e+01
-3.1041537904e-04,7.4760966647e-06,1.7275722606e+01
-2.9357790456e-04,3.8337927568e-05,1.7294374419e+01
-2.9062835341e-04,3.9749554357e-05,1.9275803492e+01
-2.8828370329e-04,3.8886092029e-05,2.0547749780e+01
-2.6613619202e-04,4.6966171767e-05,3.3060636610e+01
-1.6364231252e-04,5.3469345364e-05,4.1265066909e+01
-1.6141846271e-04,5.5221245383e-05,4.0988653704e+01
-1.6589168199e-04,5.1727940747e-05,4.1534874198e+01
-1.6233490737e-04,5.7095053130e-05,4.0578542701e+01
2.2740023449e-04,1.4109385524e-04,1.4154467116e+01
-2.9178165187e-04,2.5287386916e-05,1.7120015838e+01
-2.5020908563e-04,4.8326492405e-05,3.5981096110e+01
-2.4749628792e-04,5.0054903976e-05,3.6365107009e+01
2.5322305658e-04,1.3430625882e-04,1.3519163541e+01
2.5673041396e-04,1.3156089697e-04,1.3529611985e+01
-3.2067292611e-04,1.6201741153e-05,1.7049882207e+01
-3.2190928131e-04,1.3636282374e-05,1.7131201332e+01
-3.1987637316e-04,4.5161331602e-05,1.7266599988e+01
-3.2177341376e-04,4.2352899991e-05,1.7992812712e+01
1.1301830604e-04,1.5090979408e-04,1.9025093993e+01
1.0955848587e-04,1.4979775024e-04,1.9119692270e+01
-3.2368572830e-04,4.4250214356e-05,1.8136588288e+01
-3.3564943656e-04,3.8198043013e-05,1.7478924498e+01
-2.7800671204e-04,6.3602785202e-05,3.5904544365e+01
1.1648011643e-04,1.5201464021e-04,1.8932895391e+01
2.2377934290e-04,1.4354005920e-04,1.4409162015e+01
-1.4259247649e-04,1.0761906209e-04,3.3825127249e+01
-1.4437052751e-04,1.0565072454e-04,3.3935367707e+01
2.7490957645e-04,1.2525066465e-04,1.3276927809e+01
3.2700673439e-04,9.2117155948e-05,1.2741622875e+01
3.3041602881e-04,8.9083537528e-05,1.2710359449e+01
2.0217507672e-04,1.4577133438e-04,1.7519024944e+01
2.5944527449e-05,1.3077647625e-04,3.8206118648e+01
-1.8020102118e-04,9.8584073437e-05,3.4851416039e+01
-1.9196691933e-04,9.5817442620e-05,3.5165990416e+01
3.9215634161e-05,1.3768290330e-04,1.2941435491e+01
-2.9276025336e-04,5.7414947973e-05,3.3544024676e+01
-2.9542613122e-04,5.6154679352e-05,3.2605522525e+01
5.6770269828e-05,1.4573250939e-04,2.0204444741e+01
-1.5680071890e-04,1.0465084657e-04,3.4187447752e+01
-1.5414992543e-04,1.0441626279e-04,3.4151598630e+01
5.9972160410e-05,1.4730386306e-04,2.0038956447e+01
-3.1190270635e-04,4.9397902612e-05,1.7667881464e+01
-1.0923676808e-04,1.1410750372e-04,3.3077120126e+01
8.3078100955e-05,1.5032728297e-04,1.9331690482e+01
7.9671639664e-05,1.4905768880e-04,1.9476415106e+01
7.9416369227e-05,1.4574084246e-04,1.9672738827e+01
7.6290542638e-05,1.4775681898e-04,1.9623741737e+01
3.2973622036e-04,1.0332214666e-05,1.7100979616e+01
-2.4739774012e-04,7.7643214238e-05,3.6658822718e+01
-2.4969438113e-04,7.5912883424e-05,3.6713508288e+01
3.2368155799e-04,9.5236336498e-05,1.2762789133e+01
-1.3552428317e-04,1.0920422827e-04,3.3648196486e+01
3.6889620456e-04,4.0681969274e-05,1.2053593409e+01
-1.2583067381e-04,1.1067612843e-04,3.3435740772e+01
-1.2316485619e-04,1.1052004360e-04,3.3397815948e+01
3.0292696714e-05,1.3339358468e-04,3.4645020768e+01
3.3385417956e-04,1.0579381368e-05,1.6260612019e+01
3.5949352424e-04,5.5414303191e-05,1.2368350839e+01
3.5623406056e-04,5.8817853533e-05,1.2459272481e+01
3.6274196848e-04,5.1976029862e-05,1.2262004475e+01
3.7212564259e-04,3.7077255649e-05,1.1848638580e+01
-2.3116111185e-04,5.2028735644e-05,3.7909864038e+01
-2.2835141092e-04,5.1718037080e-05,3.8158634364e+01
-2.9275953436e-04,4.9208416991e-06,1.7418435551e+01
-1.9256565530e-04,2.6314045039e-05,4.5113509936e+01
-1.6525333733e-04,2.7637453382e-05,4.6651620122e+01
-1.5454159001e-04,2.7540829640e-05,4.7203065636e+01
-1.2765096361e-04,5.6111112976e-05,4.1901418862e+01
3.6204384152e-04,1.1786952756e-05,1.1682078880e+01
3.5807768397e-04,1.1707687303e-05,1.2525323653e+01
3.6596779636e-04,1.1910292821e-05,1.0871699519e+01
1.1944685039e-04,1.2429540655e-04,1.9297829631e+01
1.1295553184e-04,1.2542836435e-04,1.9483973613e+01
1.4139537894e-04,8.1425467110e-05,1.9454040479e+01
3.4611838482e-04,1.1182751962e-05,1.4729738852e+01
9.2825695909e-05,1.2192349202e-04,2.0375194804e+01
4.2799327793e-05,1.1127474930e-04,2.0032420390e+01
3.1741259793e-04,9.8098466224e-06,1.7031721657e+01
3.1339192854e-04,9.6042745249e-06,1.6980835116e+01
3.0999432585e-04,1.2757481448e-05,1.7045204237e+01
3.0936033010e-04,9.4730071601e-06,1.7030729318e+01
2.8888075381e-05,1.0629964045e-04,2.0074405869e+01
2.0844870396e-05,1.0384306073e-04,1.9957804793e+01
-7.7817020909e-05,9.2864317540e-05,3.6208923356e+01
-8.2185507610e-05,9.0927992837e-05,3.6368943139e+01
2.9333450069e-04,9.2086807308e-06,1.7257510304e+01
2.8934543940e-04,9.2029435398e-06,1.7182624406e+01
2.9730209574e-04,9.2875840429e-06,1.7233247200e+01
4.2793916053e-05,7.9701329746e-05,2.1430879783e+01
-7.6353268647e-05,9.4837803341e-05,3.5934732734e+01
5.3646198468e-05,1.4408379380e-04,2.0439855668e+01
2.6961535326e-04,8.6309787753e-06,2.0596280523e+01
2.6566276378e-04,8.4379892889e-06,2.1005317859e+01
-2.1895203968e-04,1.5256458306e-05,4.4081539050e+01
2.7652425341e-04,1.0687734898e-04,1.3791531065e+01
4.7754433499e-05,1.3362898281e-04,1.9601001135e+01
3.9557083480e-05,1.2858799867e-04,1.5895032353e+01
2.3098595086e-04,1.3858859687e-04,1.4046046773e+01
2.3068479953e-04,1.3473251954e-04,1.4336071817e+01
1.8757780665e-04,1.0639216079e-04,1.7439878231e+01
-1.2972675991e-04,7.4677802267e-05,3.8009567672e+01
-3.6627363915e-04,1.1027664510e-05,1.4098799826e+01
2.2136295677e-04,9.2270482489e-05,1.7148043963e+01
2.1241906106e-04,4.5827787659e-05,1.7378587105e+01
1.9072751941e-04,1.0399772944e-04,1.7419496225e+01
3.0474245183e-04,2.5621217282e-05,1.6975592547e+01
1.8444102951e-04,1.0876711642e-04,1.7457030690e+01
-2.8051192322e-04,6.2076572749e-05,3.5510103948e+01
-1.3246621353e-04,6.9083146750e-05,3.9034854069e+01
-2.6674080811e-04,6.1679294323e-05,3.5576031055e+01
-2.7213852897e-04,4.1434722782e-05,3.0109616695e+01
-1.2216143479e-04,1.0837187403e-04,3.3479172297e+01
2.4857761262e-04,1.2544294886e-04,1.3924405212e+01
3.0843420917e-04,9.1765686919e-05,1.3387738272e+01
1.9103951114e-04,8.4395870397e-05,1.7414780487e+01
-1.2049415134e-04,1.1037193940e-04,3.3362860491e+01
-1.4348462575e-04,1.0348462364e-04,3.4036814909e+01
-2.3986409698e-04,6.6414783705e-05,3.6758260037e+01
-2.3744353371e-04,6.8185010952e-05,3.6760378356e+01
-2.2502088766e-04,4.7375181756e-05,3.8853238312e+01
-2.2203877537e-04,4.7132301741e-05,3.9141790109e+01
-1.8353316873e-04,9.2557012707e-05,3.5250183607e+01
-3.0818421259e-04,2.1671971182e-05,1.7318921827e+01
-1.5008657730e-04,8.7480586168e-05,3.5632882505e+01
-1.4818109267e-04,8.9381914164e-05,3.5396291557e+01
2.7987518776e-04,7.8141232033e-05,1.4541186086e+01
2.8386246551e-04,7.8995191424e-05,1.4401956629e+01
2.8322850650e-04,7.5216796988e-05,1.4545244561e+01
2.8721942525e-04,7.6046586993e-05,1.4406063198e+01
1.5270646220e-04,1.0271093062e-04,1.7069156180e+01
3.2595774824e-04,5.3503790381e-05,1.3944866025e+01
1.0847087042e-04,1.1772347788e-04,1.9844996583e+01
-3.2364546246e-04,3.4780919194e-05,1.7652979380e+01
2.6871650078e-05,9.8821543129e-05,2.0641025348e+01
6.1889854523e-05,1.0762923094e-04,2.1561239885e+01
8.1269923033e-05,1.1165399421e-04,2.2456805796e+01
8.1940214196e-05,1.1492739283e-04,2.2871625007e+01
7.9142355606e-05,1.1694909742e-04,2.2867220381e+01
-2.9661975403e-04,3.6925332066e-05,1.7508413099e+01
-2.6245406113e-04,2.3319164444e-05,3.1991487956e+01
-2.5935310149e-04,2.6884994776e-05,3.3186742874e+01
-1.6318808873e-04,1.0097380440e-04,3.4464695339e+01
-1.6395104115e-04,1.0317570149e-04,3.4372574165e+01
-2.0955337719e-04,4.4374941501e-05,4.0530613743e+01
-2.1001789825e-04,4.6287630801e-05,4.0205973143e+01
-1.5863665873e-04,4.9710251508e-05,4.2239744196e+01
3.2989817447e-04,8.4980594979e-05,1.2862459285e+01
3.3374433971e-04,8.5942430549e-05,1.2680176927e+01
-2.8344276894e-04,3.7332886531e-05,2.3025333350e+01
-2.8290863051e-04,3.9587919406e-05,2.4514228735e+01
-1.1843902073e-04,1.0609877290e-04,3.3591099510e+01
-1.3703292758e-04,5.0969593383e-05,4.2737980150e+01
-1.3818637295e-04,5.2764896390e-05,4.2306088921e+01
-1.3610868112e-04,5.4502293643e-05,4.1993234254e+01
-1.3931849159e-04,5.4575802632e-05,4.1874627487e+01
-1.4141510476e-04,5.2836914940e-05,4.2184143732e+01
-1.4252002083e-04,5.4653495394e-05,4.1753646202e+01
-1.3724672900e-04,5.6323332992e-05,4.1562067871e+01
7.6064423044e-05,1.4443200596e-04,1.9790986363e+01
7.2939279360e-05,1.4641992545e-04,1.9769027285e+01
7.3128402121e-05,1.4973346747e-04,1.9547556138e+01
6.9773384630e-05,1.4836572321e-04,1.9719114633e+01
-1.8616778120e-04,9.2879718652e-05,3.5255858189e+01
-2.5605158226e-04,3.8551971893e-05,3.4487855613e+01
2.0168799731e-04,8.3805706120e-05,1.7373318055e+01
-6.0864009156e-05,5.3914366987e-05,4.2647925517e+01
-6.2557217045e-05,5.5648476933e-05,4.2446544077e+01
9.9209039119e-05,1.4639453678e-04,1.9408064657e+01
9.9587034098e-05,1.4971187955e-04,1.9227427681e+01
9.6507979832e-05,1.5186078119e-04,1.9111466146e+01
-1.9381408558e-04,4.3651858613e-05,4.1739706122e+01
-2.3235055243e-04,6.7212092875e-05,3.6912926532e+01
-2.2995596066e-04,6.9000941760e-05,3.6867852504e+01
-2.3251609963e-04,6.9470300438e-05,3.6795431876e+01
1.7248573085e-04,1.2150189426e-04,1.7472658148e+01
-1.7757622264e-04,8.1452580561e-05,3.6280472397e+01
6.9454543877e-05,1.4169138250e-04,1.9989630880e+01
1.9841720380e-04,1.4073450296e-04,1.7524488495e+01
1.2827418577e-04,9.8990275615e-05,1.9544853237e+01
-1.6966153156e-04,9.7389795532e-05,3.4766662587e+01
-1.6773886750e-04,9.9311660720e-05,3.4624036402e+01
-1.7038352021e-04,9.9590823658e-05,3.4648008201e+01
-1.6847291474e-04,1.0151757498e-04,3.4522280442e+01
-1.7109987092e-04,1.0180605605e-04,3.4554234668e+01
-2.2736876349e-04,6.8555268253e-05,3.6949050371e+01
-2.0978887272e-04,7.2433837791e-05,3.6960510802e+01
-2.1018726016e-04,7.4618112242e-05,3.6750787516e+01
-2.0751782559e-04,7.4262427047e-05,3.6816554111e+01
-1.2193080066e-04,5.2462231793e-05,4.2866024064e+01
-1.1994999332e-04,5.4193950356e-05,4.2540547530e+01
-1.9222868956e-04,7.6680707786e-05,3.6732106523e+01
-2.4611801448e-04,2.2454061711e-05,3.7656430706e+01
-2.4310613493e-04,2.4099408610e-05,3.8273297869e+01
-2.3976164385e-04,2.3971956623e-05,3.9071058662e+01
1.3486329187e-04,1.1635696711e-04,1.8463609979e+01
-8.9125321614e-05,1.1546027236e-04,3.2811010661e+01
-1.3312316574e-04,8.6520795722e-05,3.5895299214e+01
-2.7542879425e-04,3.7605348302e-05,2.7636089438e+01
-3.1345522634e-04,3.6191692073e-05,1.7847383885e+01
3.0916562048e-04,6.9301761005e-05,1.4004019865e+01
-1.7852601991e-04,4.4915663422e-05,4.2353201398e+01
8.8210024795e-05,1.1410686216e-04,2.2248867699e+01
1.4544904777e-04,1.4513324286e-04,1.8554141117e+01
1.4241488027e-04,1.4739079424e-04,1.8663486927e+01
1.4585411901e-04,1.4848900725e-04,1.8581095974e+01
1.4282415166e-04,1.5074568671e-04,1.8632698401e+01
1.3938495353e-04,1.4964859093e-04,1.8717798020e+01
1.4625684752e-04,1.5185075707e-04,1.8561210541e+01
-1.3956250589e-04,7.1229046007e-05,3.8438282157e+01
3.4157064244e-04,2.9321917939e-05,1.4115883531e+01
3.4218163847e-04,3.3112865560e-05,1.3931328803e+01
3.3882349765e-04,3.6501172389e-05,1.3990615612e+01
2.5758160841e-04,2.5188048712e-05,1.8267329106e+01
-2.1742143157e-04,7.1348083612e-05,3.6932641506e+01
3.0507162905e-04,9.4814843384e-05,1.3398267757e+01
2.2991864131e-04,7.7288011824e-05,1.7177044372e+01
-2.0068519934e-04,9.0558144084e-05,3.5552934677e+01
-2.0118285277e-04,9.2828855169e-05,3.5440913776e+01
-2.0325425496e-04,9.0959799476e-05,3.5560033092e+01
-1.7768451883e-04,6.5435595232e-05,3.8576145424e+01
-1.7840001072e-04,6.7438162079e-05,3.8232329230e+01
-1.8130326711e-04,6.7637429067e-05,3.8133380236e+01
2.5565764066e-04,7.2795648377e-05,1.7098486235e+01
-1.9988434836e-04,7.5437146932e-05,3.6788747824e+01
1.5937724033e-04,1.2380895261e-04,1.7353610969e+01
1.5983939067e-04,1.2717587387e-04,1.7336650654e+01
1.5635984925e-04,1.2606861866e-04,1.7135353358e+01
1.5681680375e-04,1.2942630186e-04,1.7080512514e+01
-2.4231386404e-04,6.4652319817e-05,3.6720938823e+01
-1.4258217615e-04,8.3031308753e-05,3.6325854967e+01
-1.4307036524e-04,3.5636209496e-05,4.5925376634e+01
-1.5333610377e-04,1.0218714922e-04,3.4250873086e+01
-1.5150330184e-04,1.0413828795e-04,3.4120838698e+01
-1.6922845456e-04,8.0752257515e-05,3.6416957693e+01
-1.6718853914e-04,8.2623641134e-05,3.6187004624e+01
-1.6997372323e-04,8.2846887211e-05,3.6146028591e+01
-1.6517153928e-04,8.4502130787e-05,3.5960023599e+01
1.4928698146e-04,1.4959632401e-04,1.8490758040e+01
-1.4616553224e-04,1.0369001475e-04,3.4062363963e+01
-1.4703444288e-04,1.0586313069e-04,3.3969824293e+01
1.9221912300e-04,9.1185052334e-05,1.7413737623e+01
1.9536438034e-04,8.8740560846e-05,1.7400055922e+01
1.9594365124e-04,9.2182012279e-05,1.7392209464e+01
-1.4755366034e-04,6.9648371789e-05,3.8551128244e+01
-1.4554099484e-04,7.1474111058e-05,3.8255613050e+01
1.8731752960e-04,8.3474192469e-05,1.7414537875e+01
2.0400076552e-04,9.7751806272e-05,1.7313198252e+01
2.4425601822e-04,1.2043307963e-04,1.4253612412e+01
-2.6721761827e-04,3.8164139332e-05,3.1135569714e+01
1.0265152258e-04,1.4754269147e-04,1.9312882813e+01
1.0304228255e-04,1.5085888829e-04,1.9119346095e+01
1.3773413369e-04,9.5507252829e-05,1.8830682291e+01
2.6528379606e-04,1.0774780496e-04,1.4026147921e+01
-2.6559357679e-04,2.3559228281e-05,3.0564536746e+01
-2.6553952867e-04,2.5483561501e-05,3.0603905781e+01
-2.6868233236e-04,2.3829076579e-05,2.9022266493e+01
-2.6855658033e-04,2.5780682478e-05,2.9144935325e+01
1.9675641604e-04,1.2286044068e-04,1.7413484216e+01
-6.4160916318e-05,5.3888919990e-05,4.2800739050e+01
-6.5832464673e-05,5.5625672595e-05,4.2573882904e+01
-6.7458223387e-05,5.3869381451e-05,4.2924309915e+01
-6.9107858083e-05,5.5608850000e-05,4.2673865896e+01
-7.0755482237e-05,5.3855493559e-05,4.3021170716e+01
-7.2382964987e-05,5.5597753748e-05,4.2748974529e+01
2.1482468384e-04,9.7385372032e-05,1.7194820091e+01
-2.4175792151e-04,4.0974180938e-05,3.7337590334e+01
-2.1774513356e-04,7.3560740113e-05,3.6747614606e+01
-2.2005462958e-04,7.1744686417e-05,3.6856833853e+01
-1.8518304676e-04,8.0109764881e-05,3.6396847469e+01
3.7122012729e-04,2.4254095383e-05,1.1507348650e+01
3.7481783773e-04,2.4712491609e-05,1.1263831493e+01
3.7451526142e-04,2.0454150791e-05,1.0860509774e+01
3.7809233886e-04,2.0884400751e-05,1.0666426785e+01
3.7784945575e-04,1.6570581881e-05,9.9614906986e+00
3.7832483226e-04,2.5270102990e-05,1.1091691160e+01
3.8138617768e-04,1.6990940670e-05,9.8540109820e+00
-8.4270822838e-05,1.0705365518e-04,3.3697127439e+01
-2.7171544350e-04,2.4131786203e-05,2.7355102294e+01
3.5877230015e-04,4.7069194828e-05,1.2591505173e+01
2.0872442892e-04,6.3074910201e-05,1.7312630484e+01
1.8412216581e-04,6.7295833161e-05,1.7081858999e+01
-4.9430289595e-05,3.0570338221e-05,4.5656432361e+01
-5.1148539667e-05,2.8954395436e-05,4.6123212955e+01
-4.7524052730e-05,2.8979911579e-05,4.5727529315e+01
2.5689391044e-04,1.0185893330e-04,1.4447729197e+01
1.7372961053e-04,1.3176417484e-04,1.7455373289e+01
-1.0445345172e-04,5.9307353423e-05,4.1825360012e+01
-1.0630309158e-04,5.7547761736e-05,4.2156138667e+01
-1.0492986380e-04,5.5758919393e-05,4.2565864685e+01
-1.0817264385e-04,5.5799397526e-05,4.2487145764e+01
-1.0167896360e-04,5.5723639007e-05,4.2637013029e+01
-1.0353565683e-04,5.3983896568e-05,4.2970248283e+01
-1.0026009315e-04,5.3954906227e-05,4.3033433764e+01
-9.8423965033e-05,5.5692833126e-05,4.2699692403e+01
-7.4052265331e-05,5.3846995002e-05,4.3093693265e+01
-7.5657355831e-05,5.5592127663e-05,4.2801509672e+01
-7.7348152970e-05,5.3843647523e-05,4.3144099499e+01
-7.8930605133e-05,5.5591739897e-05,4.2833624829e+01
-7.3989938304e-05,5.7352206104e-05,4.2462435159e+01
-8.0642745457e-05,5.3845247598e-05,4.3174452711e+01
-8.2202357736e-05,5.5596370326e-05,4.2847324886e+01
-2.1332279700e-04,6.2392552605e-05,3.7917750058e+01
-1.9502844174e-04,6.6718631198e-05,3.7936600810e+01
-1.9447057984e-04,6.4665269297e-05,3.8239152282e+01
-1.9732914708e-04,6.4905780909e-05,3.8123403698e+01
2.6414106757e-04,5.7212504905e-05,1.7068583447e+01
-1.9819082841e-04,3.8423181285e-05,4.2396477755e+01
-2.0533577108e-04,6.3617859421e-05,3.8048901465e+01
-2.0487433188e-04,6.1551007138e-05,3.8330489363e+01
1.6708821974e-04,8.7839861085e-05,1.7312523945e+01
-1.8287017945e-04,1.6590136437e-05,4.7705520432e+01
3.3062561897e-05,8.4484221711e-05,2.1203487782e+01
3.2248584040e-05,8.2076535451e-05,2.1271835624e+01
3.4427591799e-05,8.0282307918e-05,2.1331500169e+01
3.1418549190e-05,7.9699947194e-05,2.1336266891e+01
2.9271929954e-05,8.1487997397e-05,2.1285407812e+01
2.8431498983e-05,7.9142089305e-05,2.1350390139e+01
2.6316206681e-05,8.0925368431e-05,2.1308320956e+01
2.5464151415e-05,7.8611207803e-05,2.1372278300e+01
2.3379738712e-05,8.0388896246e-05,2.1339680583e+01
2.2515861849e-05,7.8104616984e-05,2.1402485866e+01
1.9585395051e-05,7.7621546292e-05,2.1436617205e+01
1.7559314101e-05,7.9391754083e-05,2.1429591582e+01
1.6670682126e-05,7.7164275719e-05,2.1479146397e+01
1.4672611686e-05,7.8930460144e-05,2.1458876387e+01
1.3771184142e-05,7.6730059096e-05,2.1556579995e+01
1.1800047444e-05,7.8493165396e-05,2.1567881507e+01
1.0885826829e-05,7.6318094231e-05,2.1288221352e+01
8.9409836507e-06,7.8079077147e-05,2.1725887890e+01
8.0135018201e-06,7.5930485739e-05,2.3012494761e+01
6.0852879990e-06,7.7688695851e-05,2.4905850151e+01
5.1334029883e-06,7.5564348870e-05,2.5308171563e+01
3.2074565565e-06,7.7321486846e-05,2.6399366881e+01
2.2302497739e-06,7.5218822075e-05,2.7024318051e+01
3.0893642756e-07,7.6976791708e-05,2.8107316221e+01
-6.9367040981e-07,7.4895961344e-05,2.8605049015e+01
-2.6085079437e-06,7.6654444671e-05,2.9591036278e+01
-3.6360080347e-06,7.4593158078e-05,3.0049031396e+01
-5.5430287454e-06,7.6353468740e-05,3.0935001985e+01
-6.5949954749e-06,7.4309498830e-05,3.1349946624e+01
-8.4930515526e-06,7.6073041417e-05,3.2142198181e+01
-9.5696173214e-06,7.4046749041e-05,3.2522547571e+01
-1.1457202949e-05,7.5812797462e-05,3.3222612730e+01
-1.2557956179e-05,7.3802192672e-05,3.3574549169e+01
-1.4434046938e-05,7.5571668889e-05,3.4186080994e+01
-1.5558620925e-05,7.3574806517e-05,3.4514797701e+01
-1.7422309945e-05,7.5348767957e-05,3.5041570104e+01
-2.0420913088e-05,7.5143665861e-05,3.5797696045e+01
-2.1593045233e-05,7.3173643399e-05,3.6092958931e+01
-2.3428777652e-05,7.4955285955e-05,3.6462529489e+01
-2.4624183583e-05,7.2996129044e-05,3.6746306100e+01
-2.6444873760e-05,7.4782768860e-05,3.7043674548e+01
-2.7663627362e-05,7.2835181937e-05,3.7318796369e+01
-2.9468320456e-05,7.4625733851e-05,3.7548306680e+01
-3.0710152062e-05,7.2688184069e-05,3.7817215377e+01
-3.2498275383e-05,7.4483167747e-05,3.7983164449e+01
-3.3762900194e-05,7.2554145417e-05,3.8247986381e+01
-3.5533932562e-05,7.4354260413e-05,3.8354562641e+01
-3.6821381522e-05,7.2434577817e-05,3.8616983097e+01
-3.8574590327e-05,7.4238684169e-05,3.8668403597e+01
-3.9884620334e-05,7.2326980029e-05,3.8929942575e+01
-4.1619580227e-05,7.4135516554e-05,3.8930220569e+01
-4.2951937201e-05,7.2230439045e-05,3.9192186030e+01
-4.4668251986e-05,7.4044034740e-05,3.9145158455e+01
-4.6022914878e-05,7.2146476750e-05,3.9408430807e+01
-4.7720029224e-05,7.3963988947e-05,3.9317967100e+01
-4.9096780192e-05,7.2072724386e-05,3.9583424178e+01
-5.0774377203e-05,7.3894555231e-05,3.9453090310e+01
-5.2172987135e-05,7.2008361673e-05,3.9721464127e+01
-5.3830760233e-05,7.3835107002e-05,3.9554619044e+01
-5.5251152828e-05,7.1954934188e-05,3.9826217397e+01
-5.6888689140e-05,7.3785479249e-05,3.9626274869e+01
-5.8330667252e-05,7.1910207449e-05,3.9901526673e+01
-5.9947727204e-05,7.3744949348e-05,3.9671536877e+01
-6.1411082882e-05,7.1873471959e-05,3.9950772106e+01
-6.3007420520e-05,7.3712990326e-05,3.9693573289e+01
-6.4492021657e-05,7.1846289717e-05,3.9976704691e+01
-6.6067337116e-05,7.3689519871e-05,3.9695220280e+01
-6.7573004330e-05,7.1826577684e-05,3.9982371589e+01
-6.9127109533e-05,7.3673916819e-05,3.9679131817e+01
-7.0653648950e-05,7.1814380680e-05,3.9970254745e+01
-7.2186338021e-05,7.3665858747e-05,3.9647682792e+01
-7.3733567803e-05,7.1809396797e-05,3.9942651966e+01
-7.5244642151e-05,7.3665040833e-05,3.9603024121e+01
-7.6812384444e-05,7.1811374004e-05,3.9901663348e+01
-7.8301665766e-05,7.3671177809e-05,3.9547093027e+01
-7.9889736195e-05,7.1819998774e-05,3.9849174477e+01
-8.1357057883e-05,7.3683999084e-05,3.9481639281e+01
-8.2965298254e-05,7.1834419718e-05,3.9787016354e+01
-8.4410468744e-05,7.3703174865e-05,3.9408243756e+01
-8.6038635917e-05,7.1856203817e-05,3.9716381253e+01
-8.7461542893e-05,7.3728766329e-05,3.9328256909e+01
-8.9109480458e-05,7.1883549639e-05,3.9638944960e+01
-9.0510006917e-05,7.3760343118e-05,3.9242968187e+01
-9.2177486392e-05,7.1916659940e-05,3.9555863647e+01
-9.3555501196e-05,7.3797786670e-05,3.9153477369e+01
-9.5240306224e-05,7.1955273837e-05,3.9468300265e+01
-9.6591066790e-05,7.3843538561e-05,3.9060441928e+01
2.4610802573e-05,7.6326131062e-05,2.1430035777e+01
1.5781964215e-05,7.4963481713e-05,2.1508512028e+01
7.0841870947e-06,7.3806752839e-05,2.4063083945e+01
-1.7029786710e-06,7.2836819620e-05,2.9146974303e+01
-1.0654699261e-05,7.2039794488e-05,3.2930927389e+01
-1.9729088029e-05,7.1401190184e-05,3.5685425007e+01
-4.7389257799e-05,7.0263048805e-05,3.9684949677e+01
-5.6683600539e-05,7.0088067036e-05,4.0108347745e+01
-7.8392989902e-05,6.9969284163e-05,4.0206103537e+01
-8.2804013504e-05,7.5562591962e-05,3.9104361214e+01
-5.2432024474e-05,7.5729880571e-05,3.9294366551e+01
-4.3335174416e-05,7.5956951000e-05,3.8896650124e+01
-3.4267889570e-05,7.6290138331e-05,3.8111027537e+01
-2.5247156527e-05,7.6747516241e-05,3.6792398121e+01
-7.4357392321e-06,7.8119262391e-05,3.1799408043e+01
1.2942137221e-06,7.9079590942e-05,2.7652002124e+01
1.8434970875e-05,8.1645588974e-05,2.1362511353e+01
2.7153365045e-05,8.3268305597e-05,2.1239374304e+01
-1.3610518804e-04,9.2699505921e-05,3.5009298143e+01
3.2683248520e-04,3.5155853669e-05,1.4610455638e+01
-2.2374240549e-04,5.9453806955e-05,3.7773137028e+01
-8.2034001226e-05,9.4882041123e-05,3.5691655416e+01
-2.7895350133e-04,4.5749186370e-05,2.9272252216e+01
4.4393869847e-05,8.4700072899e-05,2.1330705983e+01
4.6714204977e-05,8.2871564706e-05,2.1420677585e+01
4.7497718534e-05,8.5423929606e-05,2.1376309554e+01
4.9849683312e-05,8.3585495834e-05,2.1471451405e+01
-1.1718659932e-04,6.8652465548e-05,3.9535242363e+01
-1.8646837161e-04,2.7882357029e-05,4.5278623525e+01
-3.0968638312e-04,9.5639795314e-06,1.7161578626e+01
-3.1391965589e-04,7.7080141835e-06,1.7375963049e+01
-1.1866008684e-04,5.2412661422e-05,4.2965413039e+01
-1.1669987252e-04,5.4143977172e-05,4.2638003344e+01
-1.1536795890e-04,5.2373752719e-05,4.3058287868e+01
-1.1799333292e-04,5.5935089507e-05,4.2213636666e+01
-5.4784400677e-05,2.8929043883e-05,4.6480457840e+01
-1.0908844490e-04,9.3497249940e-05,3.5157547298e+01
-1.0792235268e-04,9.1467305345e-05,3.5503371288e+01
-1.0626259970e-04,9.3405652470e-05,3.5225507398e+01
2.1639471761e-04,6.4560167161e-05,1.7337170456e+01
-8.3935666807e-05,5.3851565556e-05,4.3186676944e+01
-8.5472214781e-05,5.5605816486e-05,4.2844432707e+01
-8.7226525784e-05,5.3862463321e-05,4.3182530974e+01
-8.8722371751e-05,5.5627360488e-05,4.2825278904e+01
-9.0494483496e-05,5.3886355252e-05,4.3162056825e+01
2.5284221903e-04,5.8510397244e-05,1.7158869581e+01
-1.7154017081e-04,7.3956420298e-06,5.0131178060e+01
-1.7406287311e-04,5.9104966940e-06,5.0202639540e+01
-1.7015160755e-04,5.9034437364e-06,5.0470884190e+01
-1.7797566043e-04,5.9102941405e-06,4.9917559790e+01
2.3842694803e-04,8.2759270768e-05,1.7047209896e+01
-2.7685076531e-04,2.8997503063e-05,2.4670917070e+01
-2.8851762288e-04,2.6890963567e-05,1.7005784556e+01
2.7276657936e-04,2.3297360719e-05,1.7481130590e+01
2.4558724247e-04,1.0246560773e-04,1.5010541859e+01
-1.8263873078e-04,7.1720735110e-05,3.7498225301e+01
2.2734302230e-04,6.3514559718e-05,1.7306642821e+01
2.5946484916e-04,3.4110021444e-05,1.7099477193e+01
1.7796608363e-04,7.2011141508e-05,1.7091914313e+01
2.7361073869e-04,8.7846183015e-06,2.0011446710e+01
-1.4455491952e-04,6.9523532018e-05,3.8645818742e+01
-2.4411093174e-04,6.0313581133e-06,3.9952765609e+01
-2.4710929668e-04,4.5102321164e-06,3.9190964313e+01
-1.8831935494e-04,3.8129953410e-05,4.3135314200e+01
-2.9715957416e-04,2.6631740473e-05,1.7287680228e+01
2.6980632961e-04,8.6794217601e-05,1.4542977295e+01
3.3322013013e-04,8.1811182007e-05,1.2832064471e+01
3.3696111329e-04,8.2655733714e-05,1.2654051554e+01
3.3650977269e-04,7.8587453860e-05,1.2799233996e+01
3.4024004082e-04,7.9426641056e-05,1.2617922975e+01
2.4299752517e-04,6.6647028275e-05,1.7158441875e+01
-3.4160163988e-04,1.7901795701e-05,1.7184922688e+01
2.6218836477e-04,1.1194532533e-05,2.0579249777e+01
2.6156131828e-04,8.3120383562e-06,2.1083597454e+01
2.5812934805e-04,1.0986422960e-05,2.0625491186e+01
2.5748902021e-04,8.1224473147e-06,2.1073705950e+01
2.5408360906e-04,1.0761787693e-05,2.0619219474e+01
2.5354381462e-04,7.8949684565e-06,2.1093157432e+01
5.0630543729e-05,8.6174815193e-05,2.1434036259e+01
5.3016148846e-05,8.4324966740e-05,2.1533164437e+01
5.2237453945e-05,8.1737057172e-05,2.1562888015e+01
5.3794508674e-05,8.6952487195e-05,2.1503334335e+01
5.6215274952e-05,8.5089852161e-05,2.1603890008e+01
2.7632818786e-04,5.9504169816e-05,1.6146830646e+01
-2.0996430489e-04,3.5271675971e-05,4.1950692753e+01
-7.7411096096e-05,1.0903594626e-04,3.3613185316e+01
-7.4710526963e-05,1.0901888168e-04,3.3707726541e+01
-1.0343288219e-04,9.3320661340e-05,3.5299121610e+01
-1.0222619262e-04,9.1300786612e-05,3.5661287229e+01
-1.0059952163e-04,9.3242246386e-05,3.5378459573e+01
-9.9372568394e-05,9.1227315146e-05,3.5748055883e+01
-1.2331887850e-04,6.8809424634e-05,3.9334557212e+01
2.1347548409e-05,9.7373486575e-05,2.0790127073e+01
3.2555713392e-04,1.0169746538e-05,1.7040866260e+01
-2.3690887717e-04,5.7029427421e-05,3.7196585085e+01
-1.9278609988e-04,7.8823765085e-05,3.6492000706e+01
5.6990958639e-05,8.7756641874e-05,2.1583017801e+01
5.9446697406e-05,8.5880180773e-05,2.1683762656e+01
6.0220710670e-05,8.8586972776e-05,2.1671658460e+01
6.2710960900e-05,8.6695630415e-05,2.1770569067e+01
6.3484490747e-05,8.9443068540e-05,2.1767381176e+01
6.6008603126e-05,8.7535796495e-05,2.1862798479e+01
-3.0020305136e-04,4.1395812170e-05,1.7418806548e+01
3.1271348451e-04,4.4213379696e-05,1.4781384827e+01
5.5553833526e-05,1.0540163785e-04,2.1203201621e+01
-9.7762954071e-05,9.3170594548e-05,3.5463512048e+01
-2.3410295844e-04,5.4487436551e-05,3.7519885127e+01
-1.9935047769e-04,5.1354565309e-05,4.0082582614e+01
2.5007209696e-04,1.0525410388e-05,2.0629194815e+01
2.4948883553e-04,7.7514463163e-06,2.1103019485e+01
2.4605683222e-04,1.0300330075e-05,2.0640223266e+01
2.4540652725e-04,7.5949993144e-06,2.1106099656e+01
6.6782573410e-05,9.0324184062e-05,2.1868144980e+01
6.9339952825e-05,8.8400124919e-05,2.1958816215e+01
7.0115487497e-05,9.1229866282e-05,2.1972033126e+01
7.2705891123e-05,8.9286261330e-05,2.2056990484e+01
-1.9818615003e-04,7.9449517633e-05,3.6397178753e+01
-1.9568799689e-04,4.9268382418e-05,4.0630803968e+01
1.5885767709e-05,9.6061476352e-05,2.0664203402e+01
-1.5798527536e-04,6.0641923301e-05,4.0013089195e+01
7.3483513226e-05,9.2159025024e-05,2.2076437229e+01
7.6105178192e-05,9.0196805305e-05,2.2154517007e+01
7.5312511482e-05,8.7328796049e-05,2.2134269279e+01
4.9391807703e-05,1.0330587826e-04,2.0905900182e+01
4.6370903329e-05,1.0231059593e-04,2.0794598683e+01
2.4204396643e-04,1.0076076975e-05,2.0668161833e+01
2.4140010614e-04,7.4174505088e-06,2.1126465833e+01
2.3804643116e-04,9.8538266218e-06,2.0693212159e+01
2.3741196438e-04,7.2409537426e-06,2.1133468996e+01
3.3981457899e-04,7.5363551437e-05,1.2760027548e+01
3.4368508130e-04,7.6122312078e-05,1.2570249160e+01
3.4313841377e-04,7.2100759083e-05,1.2714544082e+01
3.4712915554e-04,7.2871422425e-05,1.2513234242e+01
3.4646092218e-04,6.8821571978e-05,1.2661757950e+01
3.5027621227e-04,6.9657282157e-05,1.2460585213e+01
2.8068090764e-04,4.2976961195e-05,1.7079088754e+01
-1.3852572292e-04,6.9292475763e-05,3.8838371290e+01
2.3406583506e-04,9.6283388247e-06,2.0728905353e+01
2.3343252690e-04,7.0671697928e-06,2.1148456447e+01
2.3009020289e-04,9.4094352273e-06,2.0755831946e+01
2.2950892610e-04,6.8665320261e-06,2.1157498344e+01
2.2612759508e-04,9.1910413070e-06,2.0800930477e+01
2.2562871226e-04,6.6666829788e-06,2.1175799496e+01
1.0464046960e-05,9.4878687009e-05,2.5135783892e+01
1.9479114988e-04,6.6454256452e-05,1.7264101010e+01
-1.9678933043e-04,6.2859698565e-05,3.8427252822e+01
2.2217779985e-04,8.9768842248e-06,2.0842486053e+01
2.2161753132e-04,6.5459006665e-06,2.1189594602e+01
2.1820969225e-04,8.7807236628e-06,2.0886778160e+01
2.1755874406e-04,6.4253568927e-06,2.1208886680e+01
-2.0793799398e-04,7.6450829306e-05,3.6608969436e+01
2.0554424369e-04,6.5540815643e-05,1.7328525749e+01
4.9889507789e-06,9.3843472245e-05,2.8269556033e+01
2.1423232631e-04,8.5918631058e-06,2.0943236750e+01
2.1358263563e-04,6.2787836465e-06,2.1248167173e+01
2.1026595038e-04,8.4064438269e-06,2.1004731452e+01
2.0961322831e-04,6.1383793085e-06,2.1294960392e+01
-3.0336324287e-04,7.0873448914e-06,1.7035703684e+01
3.4216815467e-04,1.0910569464e-05,1.5235678836e+01
2.7074876934e-04,5.1570848407e-05,1.7072280511e+01
-9.4923574709e-05,9.3105732630e-05,3.5554249605e+01
2.0630732454e-04,8.2230315842e-06,2.1076725134e+01
2.0564708622e-04,6.0028516389e-06,2.1355981957e+01
2.0234846539e-04,8.0476158720e-06,2.1160335555e+01
2.0173052032e-04,5.8453794914e-06,2.1411053647e+01
1.9839725833e-04,7.8747843172e-06,2.1250706527e+01
1.9785292422e-04,5.6913568533e-06,2.1496427763e+01
-2.6365074582e-04,7.0681616464e-05,3.6756830694e+01
-2.6604545465e-04,6.9043039112e-05,3.6624179496e+01
-5.4641564784e-07,9.2946757199e-05,3.0952495240e+01
3.4972887464e-04,6.5526599755e-05,1.2603224730e+01
-1.8706230478e-04,6.8065667628e-05,3.7936823944e+01
-9.3654370753e-05,9.1100948174e-05,3.5936722545e+01
1.9445403027e-04,7.7078218684e-06,2.1358719811e+01
1.9384521257e-04,5.6044610343e-06,2.1570858508e+01
1.9048910869e-04,7.5584957097e-06,2.1468064371e+01
1.8979469310e-04,5.5154619019e-06,2.1663763346e+01
-2.1294459462e-04,6.0301841382e-05,3.8170542193e+01
-2.1574590947e-04,6.0597778543e-05,3.8019871288e+01
2.3366916785e-04,9.9154662363e-05,1.6986770955e+01
2.2973703200e-04,9.8060210778e-05,1.7021437507e+01
-6.1325257793e-06,9.2174348458e-05,3.3066883479e+01
-2.2758897399e-04,7.0796958694e-05,3.6802629406e+01
1.8651244206e-04,7.4169411729e-06,2.1586942432e+01
1.8580867129e-04,5.4152097845e-06,2.1772946632e+01
1.8253992384e-04,7.2832985410e-06,2.1710038512e+01
1.8183220471e-04,5.3191406454e-06,2.1867882202e+01
2.7943050995e-04,1.7723441891e-05,1.7601376364e+01
-1.4945910718e-04,7.3580756070e-05,3.7792243712e+01
1.7857638053e-04,7.1519445481e-06,2.1838505297e+01
1.7785924600e-04,5.2286288107e-06,2.1986056370e+01
1.7460998637e-04,7.0308516819e-06,2.1965646511e+01
1.7393424006e-04,5.1211110218e-06,2.2064648250e+01
1.7065035882e-04,6.9151962689e-06,2.2088434773e+01
1.7004715626e-04,5.0196860391e-06,2.2171373680e+01
-2.2370419256e-04,2.6945950559e-05,4.1609282589e+01
-3.0864104087e-04,4.0088392728e-05,1.7684639092e+01
-1.7446056676e-04,3.1035211823e-05,4.5427785704e+01
1.6669914878e-04,6.8079632842e-06,2.2203943644e+01
1.6603451317e-04,4.9772994349e-06,2.2250937499e+01
1.6197954405e-04,4.9365325642e-06,2.2322472851e+01
1.5798674381e-04,4.8897919221e-06,2.2393239420e+01
1.5477317997e-04,6.5697218144e-06,2.2482731293e+01
1.5401153741e-04,4.8436855755e-06,2.2448810129e+01
2.8658099148e-04,7.2272038513e-05,1.4550756883e+01
2.9057475880e-04,7.3077935308e-05,1.4410656361e+01
-1.7425904279e-05,9.0950879986e-05,3.5883570256e+01
-1.5201211092e-04,8.5587060187e-05,3.5875062136e+01
-1.4728182367e-04,8.7301595037e-05,3.5668561092e+01
-1.4538862137e-04,8.9203288664e-05,3.5426318424e+01
-1.4258752779e-04,8.9032548693e-05,3.5459563488e+01
2.9119315614e-04,7.6867195145e-05,1.4272661191e+01
1.5081259273e-04,6.5041125566e-06,2.2544893948e+01
1.5004138983e-04,4.8050859315e-06,2.2506882161e+01
1.4685467250e-04,6.4484080715e-06,2.2596320572e+01
1.4612228138e-04,4.7514856307e-06,2.2528538388e+01
1.4290616785e-04,6.3993475396e-06,2.2635674890e+01
1.4224315376e-04,4.7042820600e-06,2.2547164258e+01
3.7415431175e-04,1.6279966050e-05,1.0260550153e+01
3.7749373546e-04,1.2380035424e-05,8.9564696848e+00
1.8081297038e-04,1.0766948904e-04,1.7465904319e+01
3.7370583915e-04,1.2163718218e-05,9.4577467587e+00
3.7010831829e-05,1.2709062708e-04,1.6178572366e+01
1.3897647365e-04,6.3548386549e-06,2.2664468075e+01
1.3503169173e-04,6.3267047809e-06,2.2684766836e+01
-3.0428009252e-04,3.7629800996e-05,1.7564919652e+01
-2.3120280341e-05,9.0477142942e-05,3.6736176609e+01
2.9452274830e-04,5.2156713354e-05,1.5156310795e+01
1.3108279644e-04,6.3067057690e-06,2.2685018379e+01
1.3024898635e-04,4.7198100869e-06,2.2569931961e+01
1.2714846260e-04,6.2921594569e-06,2.2657142433e+01
1.2630698842e-04,4.7168374820e-06,2.2616158193e+01
1.2322637374e-04,6.2822314568e-06,2.2635470371e+01
1.2236979354e-04,4.7176434957e-06,2.2529714874e+01
1.1931228581e-04,6.2786518273e-06,2.2675215119e+01
1.1843914120e-04,4.7186101273e-06,2.2535761737e+01
-2.8839210006e-05,9.0082246021e-05,3.7305255155e+01
1.1540454982e-04,6.2794906618e-06,2.2701693197e+01
1.1150527717e-04,6.2810722298e-06,2.2599253398e+01
1.1059119211e-04,4.7185485893e-06,2.2652742049e+01
2.1632963092e-04,4.6427358793e-05,1.7247288223e+01
1.0761169238e-04,6.2812935725e-06,2.2705882417e+01
1.0667329494e-04,4.7174504695e-06,2.2727934747e+01
1.0372260079e-04,6.2805596012e-06,2.2783055118e+01
1.0275832983e-04,4.7160429126e-06,2.2848040581e+01
-3.4578119763e-05,8.9757642385e-05,3.7646984028e+01
9.9837525955e-05,6.2788151987e-06,2.2887548523e+01
9.8846070944e-05,4.7137028699e-06,2.3011362060e+01
9.5955522653e-05,6.2760145993e-06,2.3044844588e+01
9.4935541248e-05,4.7110312763e-06,2.3218621962e+01
9.2075764586e-05,6.2722562016e-06,2.3259165999e+01
9.1026534122e-05,4.7074404845e-06,2.3476913796e+01
8.8197492367e-05,6.2675097647e-06,2.3525097305e+01
8.7118186701e-05,4.7035450167e-06,2.3789273290e+01
2.6476432625e-04,1.0391095064e-04,1.4147488744e+01
2.6868872430e-04,1.0491275529e-04,1.4023168681e+01
-4.0332995603e-05,8.9495735342e-05,3.7810806262e+01
8.4320029209e-05,6.2618922253e-06,2.3849310498e+01
8.3210378000e-05,4.6987680563e-06,2.4157868213e+01
8.0442786069e-05,6.2553795668e-06,2.4233566877e+01
7.9301488056e-05,4.6954865699e-06,2.4583893416e+01
7.6565110127e-05,6.2483961429e-06,2.4677483470e+01
7.5393139519e-05,4.6899637942e-06,2.5068080290e+01
7.2686825533e-05,6.2404392520e-06,2.5181259127e+01
7.1484215152e-05,4.6836454285e-06,2.5609883543e+01
6.8807529793e-05,6.2316988346e-06,2.5743542983e+01
6.7574518323e-05,4.6767550227e-06,2.6207879468e+01
6.4926873299e-05,6.2223003047e-06,2.6362175015e+01
6.3663650900e-05,4.6694403274e-06,2.6859951690e+01
-4.6100281775e-05,8.9289837491e-05,3.7839350262e+01
6.1044623029e-05,6.2123190186e-06,2.7034548351e+01
5.9751475781e-05,4.6617368362e-06,2.7563461775e+01
5.7160532921e-05,6.2018267941e-06,2.7757655898e+01
5.5837850367e-05,4.6536840190e-06,2.8315315508e+01
5.3273587855e-05,6.1910809443e-06,2.8528212795e+01
5.1922443829e-05,4.6453747328e-06,2.9112040363e+01
5.0698859494e-05,1.3544326004e-04,2.1821516973e+01
4.9386127699e-05,6.1795584749e-06,2.9342017453e+01
4.8043922940e-05,4.6152857914e-06,2.9945738895e+01
4.5502199683e-05,6.1642415446e-06,3.0194483666e+01
4.4196301881e-05,4.5886495536e-06,3.0807215503e+01
-5.1876807087e-05,8.9134110107e-05,3.7768468508e+01
4.1622353952e-05,6.1486800339e-06,3.1080091589e+01
4.0251880570e-05,4.5974342175e-06,3.1714721854e+01
3.7725456689e-05,6.1388586052e-06,3.1997711864e+01
3.6261752964e-05,4.6053003538e-06,3.2660585507e+01
3.3816502571e-05,6.1297181141e-06,3.2942396129e+01
3.2324576121e-05,4.5993558214e-06,3.3618497153e+01
2.9911818139e-05,6.1185183816e-06,3.3905481999e+01
2.8395464526e-05,4.5909096987e-06,3.4591245368e+01
2.6009082894e-05,6.1061456303e-06,3.4881777580e+01
2.4467204776e-05,4.5814650546e-06,3.5574691262e+01
2.2104346202e-05,6.0936313927e-06,3.5866507751e+01
1.8197496207e-05,6.0812295253e-06,3.6854058909e+01
1.6606734586e-05,4.5632366327e-06,3.7552404154e+01
1.4288383739e-05,6.0689126643e-06,3.7838957010e+01
1.2673825993e-05,4.5542106848e-06,3.8535909551e+01
-6.3446264250e-05,8.8953709725e-05,3.7440455089e+01
1.0377093920e-05,6.0567857421e-06,3.8815753198e+01
8.7393003062e-06,4.5451728570e-06,3.9508735706e+01
6.4636782104e-06,6.0448759323e-06,3.9779261695e+01
4.8031570154e-06,4.5364661542e-06,4.0465746097e+01
2.5482618846e-06,6.0332679325e-06,4.0724525040e+01
-1.3690826601e-06,6.0219746655e-06,4.1646996097e+01
-5.2882112219e-06,6.0110696419e-06,4.2542477027e+01
-7.0139066475e-06,4.5114781018e-06,4.3196592817e+01
-9.2090373206e-06,6.0005553250e-06,4.3407297494e+01
-1.0955546628e-05,4.5038186984e-06,4.4046996027e+01
-1.3132453671e-05,5.9907470204e-06,4.4238374092e+01
-1.4898447516e-05,4.4956589193e-06,4.4862277246e+01
-6.9234010094e-05,8.8921067276e-05,3.7225651961e+01
-1.7055404436e-05,5.9808042276e-06,4.5032550280e+01
-1.8842169860e-05,4.4891229505e-06,4.5639508293e+01
-2.0980365968e-05,5.9717126553e-06,4.5788003478e+01
-2.4907678052e-05,5.9633715627e-06,4.6503093168e+01
-2.6732638478e-05,4.4762144311e-06,4.7073504744e+01
-7.7915665344e-05,8.8934666011e-05,3.6882109248e+01
-2.8835230561e-05,5.9549612332e-06,4.7176386498e+01
-3.0679043832e-05,4.4702567108e-06,4.7727684448e+01
-3.2762422107e-05,5.9473580758e-06,4.7806924162e+01
-3.4625919742e-05,4.4635796514e-06,4.8339222678e+01
-3.6691251547e-05,5.9400587374e-06,4.8394768171e+01
-3.8573332302e-05,4.4590769690e-06,4.8907493175e+01
-4.0620917267e-05,5.9335338555e-06,4.8939784080e+01
-4.4552531291e-05,5.9273699035e-06,4.9442507018e+01
-4.8482155769e-05,5.9217846819e-06,4.9903136236e+01
-5.0418399870e-05,4.4456715714e-06,5.0358397224e+01
-5.2414352358e-05,5.9164900980e-06,5.0323130099e+01
-5.4367441949e-05,4.4417072727e-06,5.0759845190e+01
-5.6344555593e-05,5.9118545747e-06,5.0703111150e+01
-5.8316306951e-05,4.4382448602e-06,5.1121960924e+01
-1.3670956618e-04,7.6873982260e-05,3.7452363729e+01
2.3762736826e-04,1.0025795007e-04,1.6444396253e+01
-6.0277187875e-05,5.9074183069e-06,5.1044828457e+01
-6.2265576460e-05,4.4349114538e-06,5.1446194228e+01
-6.4207600306e-05,5.9036663739e-06,5.1349254443e+01
-1.4058434379e-04,7.3181875921e-05,3.8047087275e+01
-6.8140105365e-05,5.8999270744e-06,5.1618321690e+01
-7.2071772889e-05,5.8967695517e-06,5.1853306885e+01
-7.4112770643e-05,4.4269733298e-06,5.2206138952e+01
-7.6003151154e-05,5.8940266506e-06,5.2055876965e+01
-7.8061625645e-05,4.4247738654e-06,5.2393885316e+01
-7.9934287354e-05,5.8916263920e-06,5.2227669997e+01
-8.2010267792e-05,4.4229707457e-06,5.2551402508e+01
-1.2893952419e-04,7.8494923813e-05,3.7316197305e+01
-8.3865143150e-05,5.8895674376e-06,5.2370294515e+01
-8.5958682604e-05,4.4212557158e-06,5.2680471355e+01
-8.7795670048e-05,5.8878084015e-06,5.2485314867e+01
-9.1725815816e-05,5.8863553184e-06,5.2574273197e+01
-9.3854639371e-05,4.4186259290e-06,5.2859019665e+01
-9.5655534991e-05,5.8851698486e-06,5.2638621498e+01
-1.0959794062e-04,8.9539278752e-05,3.5786582833e+01
-3.1385453035e-04,2.3264973684e-05,1.7357767991e+01
-1.0386879771e-04,8.9370085360e-05,3.5948885006e+01
1.5030621963e-04,1.0830780162e-04,1.7061207898e+01
-3.4716714353e-04,8.5932754230e-06,1.7933113643e+01
-3.4347067957e-04,8.1296012327e-06,1.8478091452e+01
-3.3824209434e-04,1.0501395053e-05,1.7798322179e+01
-3.3982018839e-04,7.6870736614e-06,1.8637111677e+01
-3.3473396832e-04,9.9720093059e-06,1.7792893663e+01
-3.3620105539e-04,7.2777136799e-06,1.8574196909e+01
-9.8123669453e-05,8.9226404904e-05,3.6129879152e+01
8.2561444458e-05,1.1823167680e-04,2.2359390130e+01
4.5694362267e-05,1.1240867042e-04,2.0179036127e+01
-1.0694484775e-04,7.5919165607e-05,3.8357680502e+01
-1.0393758449e-04,7.5854504049e-05,3.8455828056e+01
-1.0994692713e-04,7.5989544314e-05,3.8260013988e+01
1.5332924985e-04,1.2832534281e-04,1.7144285254e+01
1.5287568807e-04,1.2497570743e-04,1.7078870249e+01
1.8342550973e-04,6.4166188799e-05,1.7086239284e+01
1.8034499371e-04,6.6511944485e-05,1.7068484203e+01
1.7962444882e-04,6.3398246839e-05,1.7411257096e+01
1.7655764443e-04,6.5724417069e-05,1.7430731542e+01
1.7581723029e-04,6.2631567758e-05,1.7695627727e+01
1.7276312267e-04,6.4938587964e-05,1.7732131220e+01
1.7200620305e-04,6.1866380169e-05,1.8013653413e+01
1.6896254437e-04,6.4158351430e-05,1.8070853795e+01
1.6972064690e-04,6.7243289354e-05,1.7780657652e+01
1.6593269277e-04,6.6443032324e-05,1.8140461440e+01
1.6515758929e-04,6.3381114212e-05,1.8418446250e+01
1.6213869180e-04,6.5648321261e-05,1.8507114292e+01
1.6134771429e-04,6.2612587090e-05,1.8772798904e+01
1.5833959631e-04,6.4861303820e-05,1.8878854295e+01
1.5753497192e-04,6.1851808915e-05,1.9134494256e+01
1.5453738311e-04,6.4082942407e-05,1.9255056364e+01
1.5371966454e-04,6.1100314857e-05,1.9500739150e+01
1.5073185070e-04,6.3313844783e-05,1.9636048128e+01
1.4990298844e-04,6.0359676358e-05,1.9868416936e+01
1.5291461943e-04,5.8159966723e-05,1.9728494562e+01
1.4692474167e-04,6.2556171881e-05,2.0016903861e+01
1.4608572914e-04,5.9629676643e-05,2.0248753066e+01
1.4311670469e-04,6.1810365522e-05,2.0408922179e+01
1.4226693828e-04,5.8913596290e-05,2.0639333397e+01
1.3930731867e-04,6.1076562788e-05,2.0811765866e+01
1.3844783381e-04,5.8209259543e-05,2.1041319612e+01
1.3549755015e-04,6.0355425110e-05,2.1226106492e+01
1.3462851691e-04,5.7517721526e-05,2.1455432461e+01
1.3168734215e-04,5.9647547780e-05,2.1651788003e+01
1.3080920155e-04,5.6839473576e-05,2.1881675572e+01
1.2787739648e-04,5.8952402895e-05,2.2095626567e+01
1.2699026013e-04,5.6174797666e-05,2.2312266823e+01
1.2406767492e-04,5.8271284939e-05,2.2543035771e+01
1.2317205357e-04,5.5524161569e-05,2.2820203065e+01
1.2611938812e-04,5.3440349593e-05,2.2532915759e+01
1.2025820341e-04,5.7604291194e-05,2.2955465153e+01
1.1935594256e-04,5.4887132958e-05,2.2949588638e+01
1.1645824395e-04,5.6952687197e-05,2.2812799738e+01
1.1555821139e-04,5.4268609784e-05,2.2824710858e+01
1.1268187785e-04,5.6318742324e-05,2.2804747647e+01
1.1178551747e-04,5.3666938944e-05,2.2786780076e+01
1.0893111793e-04,5.5702671668e-05,2.2753734867e+01
1.0803777326e-04,5.3082818632e-05,2.2746049940e+01
1.0520491534e-04,5.5104444622e-05,2.2710148652e+01
1.0431490073e-04,5.2516349862e-05,2.2701390260e+01
1.0150438742e-04,5.4523599996e-05,2.2664280107e+01
1.0061715564e-04,5.1967545172e-05,2.2656584070e+01
9.7829638824e-05,5.3961095401e-05,2.2617304483e+01
9.6944679606e-05,5.1436555994e-05,2.2610418403e+01
9.4179599464e-05,5.3416520429e-05,2.2569700611e+01
9.3297712956e-05,5.0922563346e-05,2.2564038247e+01
9.9750860799e-05,4.9453484866e-05,2.2648904191e+01
9.0556207453e-05,5.2889554108e-05,2.2521634444e+01
8.9675671635e-05,5.0427945283e-05,2.2517954147e+01
8.6958063034e-05,5.2380933546e-05,2.2473744207e+01
8.6079310540e-05,4.9950737371e-05,2.2472611548e+01
8.3385101967e-05,5.1890497536e-05,2.2426665949e+01
8.2508724704e-05,4.9490737678e-05,2.2428124519e+01
8.8815351818e-05,4.8008032961e-05,2.2516408577e+01
7.9839067733e-05,5.1417841163e-05,2.2380617256e+01
7.8963274279e-05,4.9050277270e-05,2.2384601899e+01
7.6318306294e-05,5.0963739795e-05,2.2335742530e+01
7.5443467683e-05,4.8627499264e-05,2.2341717789e+01
7.2822565428e-05,5.0528055726e-05,2.2292157195e+01
7.1949219786e-05,4.8222173085e-05,2.2299640725e+01
7.8106943162e-05,4.6724518923e-05,2.2389386366e+01
6.9353527147e-05,5.0110320865e-05,2.2249749198e+01
6.8479797886e-05,4.7836438082e-05,2.2258521235e+01
6.5909271500e-05,4.9711279686e-05,2.2208640034e+01
6.5035466014e-05,4.7468467417e-05,2.2218128990e+01
6.2489337496e-05,4.9330754700e-05,2.2168967057e+01
6.1615946873e-05,4.7117967361e-05,2.2178750641e+01
6.7624710169e-05,4.5604557559e-05,2.2265644565e+01
5.9095324300e-05,4.8968171592e-05,2.2130642368e+01
5.8220414288e-05,4.6786869740e-05,2.2140633939e+01
5.5725056402e-05,4.8624217602e-05,2.2093855016e+01
5.4848896473e-05,4.6473365569e-05,2.2103752540e+01
5.2377876502e-05,4.8298657842e-05,2.2058840453e+01
5.1500938934e-05,4.6177095631e-05,2.2068445551e+01
5.7363237454e-05,4.4647414785e-05,2.2147294860e+01
4.9055311418e-05,4.7990801524e-05,2.2025435941e+01
4.8175641299e-05,4.5899792093e-05,2.2035587002e+01
4.5754964359e-05,4.7701277212e-05,2.1994436021e+01
4.4872822709e-05,4.5639667495e-05,2.2003402147e+01
4.2476014937e-05,4.7429794455e-05,2.1964052715e+01
4.1591881291e-05,4.5396305397e-05,2.1979571368e+01
4.7312738323e-05,4.3849897503e-05,2.2041695026e+01
3.9219945589e-05,4.7175550700e-05,2.1941727522e+01
3.8331873777e-05,4.5171256354e-05,2.1937396660e+01
3.5984182561e-05,4.6939126403e-05,2.1898692484e+01
3.5092450386e-05,4.4962760073e-05,2.1980706436e+01
3.7459555616e-05,4.3206661316e-05,2.2015578055e+01
3.2768548943e-05,4.6719976076e-05,2.1947046167e+01
3.1872953257e-05,4.4770367136e-05,2.1712033912e+01
2.9572375038e-05,4.6517808714e-05,2.1655593563e+01
2.8672685152e-05,4.4595627269e-05,2.2652051198e+01
2.6395275289e-05,4.6332754063e-05,2.2661536290e+01
2.5471156083e-05,4.4429559858e-05,2.4429543439e+01
2.3214359054e-05,4.6156466983e-05,2.4573139487e+01
2.2249829665e-05,4.4266185935e-05,2.5361150795e+01
2.0012134031e-05,4.5983686870e-05,2.5525717801e+01
1.9009581057e-05,4.4106166671e-05,2.6577486021e+01
1.6792296070e-05,4.5814905629e-05,2.6789332058e+01
1.5751553286e-05,4.3949987788e-05,2.7739142120e+01
1.3553413348e-05,4.5650784260e-05,2.7987492402e+01
1.2476231374e-05,4.3798115012e-05,2.8926756380e+01
1.0295927675e-05,4.5491820200e-05,2.9200099138e+01
9.1844436009e-06,4.3650490211e-05,3.0102956512e+01
1.4693305470e-05,4.2106837593e-05,2.8675409278e+01
7.0235779841e-06,4.5338119053e-05,3.0393894244e+01
5.8771069794e-06,4.3508965534e-05,3.1263408773e+01
3.7348227108e-06,4.5190508837e-05,3.1563632715e+01
2.5551084030e-06,4.3372599104e-05,3.2397711936e+01
4.7146812844e-06,4.1699452800e-05,3.2106562058e+01
4.3121155903e-07,4.5049083933e-05,3.2699750344e+01
-7.8073875019e-07,4.3241520246e-05,3.3498227332e+01
-2.8862822283e-06,4.4914070158e-05,3.3795015011e+01
-4.1294872129e-06,4.3117416557e-05,3.4557941738e+01
-6.2166496830e-06,4.4785904507e-05,3.4843538354e+01
-7.4902916616e-06,4.2999273573e-05,3.5571850497e+01
-9.5590148451e-06,4.4664598765e-05,3.5840911622e+01
-1.0862281459e-05,4.2887531378e-05,3.6535848001e+01
-1.2912421359e-05,4.4550267914e-05,3.6783938451e+01
-1.4244584238e-05,4.2782306256e-05,3.7447023809e+01
-1.6276025381e-05,4.4442985879e-05,3.7670552966e+01
-1.7636450641e-05,4.2683223387e-05,3.8303606471e+01
-1.9650085911e-05,4.4342910050e-05,3.8499893227e+01
-2.1037035773e-05,4.2591605725e-05,3.9104367319e+01
-2.3030526459e-05,4.4249548102e-05,3.9270994762e+01
-2.4445228092e-05,4.2506161147e-05,3.9849243596e+01
-2.6419414526e-05,4.4163243378e-05,3.9984887905e+01
-2.7860625860e-05,4.2427161360e-05,4.0538678294e+01
-2.9815321547e-05,4.4083761513e-05,4.0642403916e+01
-3.1282443478e-05,4.2354504825e-05,4.1173592948e+01
-3.3217445038e-05,4.4010954585e-05,4.1244957667e+01
-3.4709966087e-05,4.2288083295e-05,4.1755374770e+01
-3.6625014567e-05,4.3944641823e-05,4.1794328717e+01
-3.8142508554e-05,4.2227709786e-05,4.2285713447e+01
-4.1579441756e-05,4.2173232255e-05,4.2766597721e+01
-4.3453916052e-05,4.3830746904e-05,4.2741951669e+01
-4.5020150582e-05,4.2124431495e-05,4.3200163927e+01
-4.6874004001e-05,4.3782746419e-05,4.3144849773e+01
-4.8464067535e-05,4.2081132746e-05,4.3588721957e+01
-5.0297045523e-05,4.3740411497e-05,4.3503736930e+01
-5.1910615388e-05,4.2042416300e-05,4.3934726187e+01
-5.0072353641e-05,4.0391804713e-05,4.4031793949e+01
-5.3547017757e-05,4.0357479090e-05,4.4365403037e+01
-5.5358355318e-05,4.2009223805e-05,4.4240345864e+01
-5.7019485076e-05,4.0328076472e-05,4.4659483495e+01
-5.8808710969e-05,4.1981091666e-05,4.4508187955e+01
-6.0492818754e-05,4.0303269204e-05,4.4916760543e+01
-6.2261654590e-05,4.1957903649e-05,4.4740616804e+01
-6.3967235550e-05,4.0282826615e-05,4.5139563514e+01
-6.5712858352e-05,4.1938701476e-05,4.4939860342e+01
-6.7441769288e-05,4.0266456505e-05,4.5330150264e+01
-6.9165262428e-05,4.1923923287e-05,4.5108300576e+01
-7.0916485564e-05,4.0254033285e-05,4.5490713870e+01
-7.2619076831e-05,4.1913511068e-05,4.5248098883e+01
-7.4391218323e-05,4.0245046615e-05,4.5623443119e+01
-6.9183212106e-05,3.8603934601e-05,4.5719412275e+01
-7.6069933436e-05,4.1906397414e-05,4.5361372402e+01
-7.7864836110e-05,4.0240288572e-05,4.5730148334e+01
-7.9520823677e-05,4.1903287281e-05,4.5450096198e+01
-8.1337542959e-05,4.0238708882e-05,4.5812956123e+01
-8.2972033061e-05,4.1904037636e-05,4.5516149193e+01
-8.4809208442e-05,4.0240074415e-05,4.5873710949e+01
-7.9672310735e-05,3.8583320689e-05,4.6097725976e+01
-8.6419143232e-05,4.1907538993e-05,4.5561443433e+01
-8.8278676582e-05,4.0245171747e-05,4.5913943524e+01
-8.9865250252e-05,4.1914609553e-05,4.5587539454e+01
-9.1746232002e-05,4.0253056556e-05,4.5935452895e+01
-9.3310687522e-05,4.1925160146e-05,4.5595981879e+01
-9.5211708817e-05,4.0263885475e-05,4.5939695224e+01
-9.0150980268e-05,3.8591403756e-05,4.6264816887e+01
-9.6752223427e-05,4.1937722733e-05,4.5588506044e+01
-9.8674416117e-05,4.0276764003e-05,4.5928240188e+01
3.4553226218e-04,2.9682417618e-05,1.3839963497e+01
-9.7802108186e-05,4.4176882514e-06,5.2911430148e+01
-9.9584780172e-05,5.8842601327e-06,5.2679776229e+01
-1.0174921832e-04,4.4167927772e-06,5.2941215177e+01
-1.0351351188e-04,5.8835900006e-06,5.2699035402e+01
1.1690746759e-04,1.2983848473e-04,1.9378932605e+01
3.4275147010e-04,3.6943741119e-05,1.3765098809e+01
3.3939647838e-04,4.0328593804e-05,1.3825396689e+01
9.0378487507e-05,1.2736659160e-04,2.0037707484e+01
3.9949007634e-05,1.1018504139e-04,1.9943963108e+01
3.9398561171e-05,1.0747949765e-04,2.0157827122e+01
3.7137300910e-05,1.0914371799e-04,1.9915794541e+01
3.0140065846e-04,2.8672999094e-05,1.6971744488e+01
3.9702790596e-05,7.9079762426e-05,2.1407326019e+01
-1.0569590250e-04,4.4162229401e-06,5.2949468541e+01
-1.0744168697e-04,5.8831697142e-06,5.2697652143e+01
-1.0964217378e-04,4.4156771319e-06,5.2937543278e+01
-1.1136927040e-04,5.8829678040e-06,5.2676740175e+01
3.5010877535e-04,1.1398986981e-05,1.4104788703e+01
1.3546162600e-04,1.0100068442e-04,1.8761788375e+01
3.0327840239e-04,1.8867537510e-05,1.7075933614e+01
-2.7148492186e-04,2.6123930147e-05,2.7593771840e+01
-6.2189441424e-05,3.8635663217e-05,4.5324184335e+01
-2.4737127395e-04,5.4421523380e-05,3.6426199884e+01
-2.6811407240e-04,2.9797387239e-05,2.9633610586e+01
-4.3134186249e-05,4.0473897034e-05,4.3238459533e+01
-3.6215363669e-05,4.0578068526e-05,4.2262203161e+01
-2.5919963360e-04,3.0796244040e-05,3.3270250553e+01
-9.3858221159e-05,7.0082637899e-05,3.9872657267e+01
-2.2438204475e-05,4.0855233084e-05,3.9700652808e+01
-1.1529622228e-04,5.8829901763e-06,5.2637367069e+01
-1.1753328585e-04,4.4152130453e-06,5.2857039530e+01
-1.1922251044e-04,5.8832113430e-06,5.2580439208e+01
-2.5321859101e-04,2.8311712978e-05,3.5219207132e+01
-8.7680033323e-05,7.0020336145e-05,4.0028925314e+01
-2.2793877404e-04,4.7630801022e-05,3.8560803805e+01
-2.1157798230e-04,1.5195836991e-05,4.5111654294e+01
-7.2192826066e-05,6.9966853651e-05,4.0268304124e+01
-6.7853391345e-05,9.4829468372e-05,3.6328382163e+01
-6.5989043732e-05,6.9992167490e-05,4.0268056781e+01
-6.2186964688e-05,9.4868672975e-05,3.6599254419e+01
2.1266482752e-05,4.2399288397e-05,2.6389816734e+01
-5.6523238958e-05,9.4946652567e-05,3.6863669816e+01
-5.0864465085e-05,9.5067135707e-05,3.7105475292e+01
2.7769456119e-05,4.2704324675e-05,2.4326556569e+01
-4.5212970352e-05,9.5234555408e-05,3.7303312755e+01
-3.9571208039e-05,9.5454129964e-05,3.7429722179e+01
-3.3941820612e-05,9.5731943905e-05,3.7450441066e+01
-3.7048479542e-04,1.6469647493e-05,1.1168932680e+01
-2.8327714163e-05,9.6075021412e-05,3.7324248944e+01
-2.2732155457e-05,9.6491388373e-05,3.7003751874e+01
7.8741227679e-05,8.8223237607e-05,2.2225944369e+01
7.9537663492e-05,9.1130211569e-05,2.2250838738e+01
8.2203044626e-05,8.9137978617e-05,2.2316081247e+01
8.3003427759e-05,9.2085223076e-05,2.2344074410e+01
8.5697059293e-05,9.0073623781e-05,2.2402717575e+01
8.6501809015e-05,9.3061243618e-05,2.2434143252e+01
8.9223021944e-05,9.1028557852e-05,2.2485279754e+01
9.0031862915e-05,9.4056936872e-05,2.2517011456e+01
9.2778683817e-05,9.2005617143e-05,2.2566670571e+01
9.3591839772e-05,9.5072613576e-05,2.2610084735e+01
9.6370867929e-05,9.3003510369e-05,2.2640622996e+01
-1.7158744828e-05,9.6990124920e-05,3.6437016176e+01
-1.1611476853e-05,9.7581484151e-05,3.5568741721e+01
-6.0947720043e-06,9.8277085229e-05,3.4338814688e+01
-6.1349505672e-07,9.9090265936e-05,3.2678260628e+01
4.8266918446e-06,1.0003643192e-04,3.0508354775e+01
-1.2147807231e-04,4.4152814917e-06,5.2790316926e+01
-1.2314795902e-04,5.8843079655e-06,5.2506711125e+01
-1.2542232794e-04,4.4154580102e-06,5.2707103218e+01
-1.2707292130e-04,5.8843853275e-06,5.2417189908e+01
1.0218688766e-05,1.0113312455e-04,2.7745982271e+01
1.5552587876e-05,1.0239961613e-04,2.4137212555e+01
-1.3085759172e-04,5.6175079561e-05,4.1791383074e+01
-1.5095721896e-04,2.7515333202e-05,4.7368322281e+01
1.0716624852e-04,5.0505687821e-05,2.2736716453e+01
-9.6936993094e-05,7.0122359141e-05,3.9786731500e+01
-1.0264865659e-04,7.3945483651e-05,3.8869346888e+01
1.1468058070e-04,5.1628080602e-05,2.2825895877e+01
2.0217540677e-04,4.9986204837e-05,1.7366860412e+01
2.0143705441e-04,4.6978894829e-05,1.7597641221e+01
2.0459848925e-04,4.4614340422e-05,1.7657918534e+01
2.0069025631e-04,4.4004566383e-05,1.7827081984e+01
1.9754091151e-04,4.6345765017e-05,1.7764244161e+01
1.9678418767e-04,4.3395643472e-05,1.7994509762e+01
1.9364553880e-04,4.5716132875e-05,1.7959271214e+01
1.9288058103e-04,4.2790334303e-05,1.8182220935e+01
1.8975182920e-04,4.5090542920e-05,1.8157494316e+01
1.8897890467e-04,4.2189439559e-05,1.8387922665e+01
1.8585938752e-04,4.4469746420e-05,1.8375937007e+01
1.8507936481e-04,4.1594492469e-05,1.8600430707e+01
1.8196703988e-04,4.3858231118e-05,1.8603456157e+01
1.8118230305e-04,4.1007140858e-05,1.8820261281e+01
1.7807925536e-04,4.3248886377e-05,1.8841342108e+01
1.7728765998e-04,4.0428151525e-05,1.9057974742e+01
1.7419231615e-04,4.2650502302e-05,1.9095180296e+01
1.7339479873e-04,3.9858433866e-05,1.9312873796e+01
1.7030520763e-04,4.2065041796e-05,1.9364737872e+01
1.6950307099e-04,3.9298887740e-05,1.9582367819e+01
1.6642163236e-04,4.1484325637e-05,1.9646752760e+01
1.6561237250e-04,3.8749890414e-05,1.9864925351e+01
1.6253782235e-04,4.0916565982e-05,1.9942530811e+01
1.6172235829e-04,3.8212056514e-05,2.0159236399e+01
6.7414300366e-05,1.2147149060e-04,2.2023832680e+01
6.4150379120e-05,1.2008652466e-04,2.1835002343e+01
1.5865447010e-04,4.0360561016e-05,2.0251191755e+01
1.5783278845e-04,3.7685940536e-05,2.0466790642e+01
1.5477145823e-04,3.9816564481e-05,2.0573550006e+01
1.5394348541e-04,3.7171967749e-05,2.0787127217e+01
1.3377492916e-04,5.4723004602e-05,2.1677771662e+01
1.5088869380e-04,3.9284961450e-05,2.0908732869e+01
1.5005434193e-04,3.6670515435e-05,2.1120284884e+01
1.4700608983e-04,3.8766151244e-05,2.1256439906e+01
1.4616532835e-04,3.6181955200e-05,2.1466246171e+01
1.4312233568e-04,3.8263354144e-05,2.1615531764e+01
1.4227645033e-04,3.5706715649e-05,2.1824153621e+01
1.3924134920e-04,3.7768824754e-05,2.1986948464e+01
1.3838789532e-04,3.5244890621e-05,2.2196111564e+01
1.3535986803e-04,3.7290067328e-05,2.2364568943e+01
1.3449987436e-04,3.4796813227e-05,2.2566000969e+01
1.4510159607e-04,8.2348250715e-05,1.8976566548e+01
1.3147891907e-04,3.6825671108e-05,2.2799939591e+01
1.3061200368e-04,3.4363071392e-05,2.2958692547e+01
1.2759937148e-04,3.6375615937e-05,2.2988128060e+01
1.2673350773e-04,3.3944706737e-05,2.2928820381e+01
1.2373840200e-04,3.5941962481e-05,2.2904376403e+01
1.2287805334e-04,3.3543720363e-05,2.2919254884e+01
1.1990061912e-04,3.5525431220e-05,2.2883913510e+01
1.1904535362e-04,3.3160429394e-05,2.2888501192e+01
1.1608587438e-04,3.5126505732e-05,2.2857044519e+01
1.1523534574e-04,3.2795126856e-05,2.2861239820e+01
1.1229414341e-04,3.4745475771e-05,2.2827840019e+01
1.1144793728e-04,3.2447990428e-05,2.2830232068e+01
1.4143175081e-04,5.6059851388e-05,2.0864295047e+01
1.0852544273e-04,3.4382537501e-05,2.2796049425e+01
1.0768305657e-04,3.2119078026e-05,2.2796443992e+01
1.0477970770e-04,3.4037784991e-05,2.2762361581e+01
1.0394064142e-04,3.1808391964e-05,2.2759895528e+01
1.0105694728e-04,3.3711244872e-05,2.2725214943e+01
1.0022062477e-04,3.1515838000e-05,2.2720595779e+01
9.7357089178e-05,3.3402849422e-05,2.2686245673e+01
9.6522945783e-05,3.1241273937e-05,2.2678346932e+01
9.3678823483e-05,3.3115029287e-05,2.2644729809e+01
9.2847490888e-05,3.0984519126e-05,2.2634175135e+01
-1.2936603019e-04,4.4157401075e-06,5.2607954601e+01
-1.3099702087e-04,5.8851130069e-06,5.2312239048e+01
-1.3492040221e-04,5.8856838167e-06,5.2192481864e+01
-1.3725179977e-04,4.4161314624e-06,5.2364148778e+01
-1.3884276827e-04,5.8871565176e-06,5.2058115329e+01
9.0025674109e-05,3.2840445449e-05,2.2599836426e+01
8.9194236509e-05,3.0745148719e-05,2.2588212074e+01
8.6394361228e-05,3.2585188674e-05,2.2554942118e+01
8.5563098947e-05,3.0522827709e-05,2.2541089852e+01
8.2784282459e-05,3.2349966320e-05,2.2508481493e+01
8.1953879530e-05,3.0317282110e-05,2.2494788560e+01
7.9198923017e-05,3.2127265952e-05,2.2460817209e+01
7.8366511402e-05,3.0127931067e-05,2.2450040217e+01
7.5635040161e-05,3.1922789437e-05,2.2416085347e+01
7.4800878018e-05,2.9954265489e-05,2.2407976604e+01
7.2091986809e-05,3.1737065470e-05,2.2373236119e+01
7.1256730933e-05,2.9795900099e-05,2.2370902536e+01
6.8573057066e-05,3.1562681007e-05,2.2332755086e+01
6.7733929566e-05,2.9652156617e-05,2.2341582779e+01
6.5075020829e-05,3.1405052364e-05,2.2300489173e+01
6.4232277568e-05,2.9522452079e-05,2.2314325700e+01
6.1597162303e-05,3.1264599156e-05,2.2273342560e+01
6.0751427373e-05,2.9406330865e-05,2.2308682426e+01
5.8142533463e-05,3.1134038289e-05,2.2255671207e+01
5.7291123619e-05,2.9303063308e-05,2.2293446983e+01
5.4707916923e-05,3.1018562311e-05,2.2275943950e+01
5.3851060996e-05,2.9212043886e-05,2.2299242368e+01
5.1292478955e-05,3.0918508696e-05,2.2092264029e+01
5.0430207438e-05,2.9132402008e-05,2.3165058724e+01
4.7899256406e-05,3.0826726378e-05,2.2935173643e+01
4.7000527527e-05,2.9053267124e-05,2.4143764167e+01
4.4498351558e-05,3.0738577635e-05,2.4160783549e+01
4.3558059761e-05,2.8972704926e-05,2.4779954480e+01
4.1083613051e-05,3.0649525360e-05,2.4802474087e+01
4.0103135479e-05,2.8891258002e-05,2.5623214153e+01
3.7655544901e-05,3.0559892251e-05,2.5682222850e+01
3.6635947092e-05,2.8809232457e-05,2.6472958305e+01
3.4214414237e-05,3.0469979358e-05,2.6564285978e+01
3.3156716761e-05,2.8726936158e-05,2.7381185921e+01
3.0760496709e-05,3.0380126757e-05,2.7502376404e+01
2.9665689805e-05,2.8644692034e-05,2.8324447293e+01
2.7293288971e-05,3.0292862571e-05,2.8472321760e+01
2.6163114637e-05,2.8562894719e-05,2.9299861685e+01
2.3815415740e-05,3.0202319388e-05,2.9471965081e+01
2.2649338638e-05,2.8481741725e-05,3.0298856929e+01
2.0325174695e-05,3.0114384239e-05,3.0491196432e+01
1.9124684667e-05,2.8401571775e-05,3.1314117886e+01
1.6822736280e-05,3.0030292011e-05,3.1522275919e+01
1.5589461840e-05,2.8322853922e-05,3.2337944986e+01
1.3310569696e-05,2.9944020210e-05,3.2558362358e+01
1.2044100021e-05,2.8245764025e-05,3.3362944861e+01
8.4890142549e-06,2.8170587244e-05,3.4381837218e+01
6.2539609134e-06,2.9781287515e-05,3.4612902570e+01
4.9246176899e-06,2.8097682796e-05,3.5387818733e+01
2.7109577271e-06,2.9703929835e-05,3.5617616442e+01
1.3513759965e-06,2.8027284563e-05,3.6374585482e+01
-8.4114000937e-07,2.9629475639e-05,3.6598932019e+01
-2.2302299739e-06,2.7959606746e-05,3.7336435632e+01
-4.4018088545e-06,2.9558141459e-05,3.7551468430e+01
-5.8197074835e-06,2.7894841048e-05,3.8268361475e+01
-9.4165542219e-06,2.7833148265e-05,3.9166046802e+01
-1.1546711057e-05,2.9425504040e-05,3.9352220801e+01
-1.3020262297e-05,2.7774658414e-05,4.0025926486e+01
-1.5129860947e-05,2.9364461103e-05,4.0193378507e+01
-1.6630321828e-05,2.7719468797e-05,4.0845122405e+01
-1.8719422253e-05,2.9307058144e-05,4.0991598103e+01
-2.2314857684e-05,2.9253334649e-05,4.1745108959e+01
-2.3867468894e-05,2.7619228061e-05,4.2353421798e+01
-2.5915641271e-05,2.9203316726e-05,4.2452807658e+01
-2.7493559278e-05,2.7574224321e-05,4.3040030928e+01
-2.9521539531e-05,2.9159115850e-05,4.3113823579e+01
-3.3131242460e-05,2.9114685479e-05,4.3728964909e+01
-3.4758364859e-05,2.7494454328e-05,4.4275998829e+01
-3.6744990215e-05,2.9075329442e-05,4.4297862056e+01
-3.8396138027e-05,2.7459472881e-05,4.4825849729e+01
1.6056612714e-04,5.9617567125e-05,1.9023416762e+01
1.7330806968e-04,1.2834822966e-04,1.7465169074e+01
1.7685856299e-04,1.2952935569e-04,1.7482333502e+01
5.8672325079e-05,8.3216132579e-05,2.1698761764e+01
1.0996972041e-04,1.5311508115e-04,1.8914841213e+01
1.4284069835e-04,1.2509023707e-04,1.8019262909e+01
6.5235680202e-05,8.4792973957e-05,2.1861786529e+01
1.9413373876e-04,6.3305772410e-05,1.7182176962e+01
-2.0787974950e-04,4.9976825385e-05,3.9802301008e+01
1.0723187477e-04,9.6074216215e-05,2.2178483434e+01
1.1085532009e-04,9.7105289435e-05,2.1621646199e+01
-1.4119356253e-04,4.4172608782e-06,5.2220015141e+01
-1.4276430760e-04,5.8885940623e-06,5.1909597582e+01
-1.4513477455e-04,4.4180786033e-06,5.2061584298e+01
-1.4668494424e-04,5.8901604255e-06,5.1747014383e+01
-2.0696263076e-04,4.6109908452e-05,4.0451627362e+01
2.8222093312e-04,1.2338327480e-04,1.3134303299e+01
2.8564612197e-04,1.2048070828e-04,1.3140088126e+01
2.8519923005e-04,1.1658853612e-04,1.3289499620e+01
2.8906021651e-04,1.1755943530e-04,1.3143216573e+01
-1.9608069948e-04,2.6367755178e-05,4.4809188610e+01
1.2895175705e-04,1.0222606499e-04,1.9283382679e+01
1.2536076107e-04,1.0121254537e-04,1.9667297929e+01
-1.6881074527e-04,2.7671711338e-05,4.6449490784e+01
-1.8170872810e-04,1.5030863281e-05,4.8077037131e+01
-1.8546491501e-04,1.5048761496e-05,4.7782722015e+01
-1.4907527143e-04,4.4191197606e-06,5.1888703461e+01
-1.5060462505e-04,5.8919063676e-06,5.1570420839e+01
-1.5301509531e-04,4.4201376556e-06,5.1701487335e+01
-1.5452331053e-04,5.8938252414e-06,5.1379677798e+01
-1.1472715696e-04,5.5885913524e-05,4.2310142702e+01
-1.5695412626e-04,4.4214379485e-06,5.1499540651e+01
-1.5844071100e-04,5.8966663749e-06,5.1174470128e+01
-1.6089238134e-04,4.4228528418e-06,5.1282703144e+01
-1.6235077453e-04,5.9006470068e-06,5.0954706077e+01
-1.6482573051e-04,4.4206064293e-06,5.1051197048e+01
-5.6588985153e-05,2.7325603794e-05,4.6931026071e+01
-2.4748611234e-04,1.3998856867e-05,3.8137408777e+01
-2.5466338021e-04,1.4139752876e-05,3.5729352816e+01
2.0573049514e-04,1.4727128534e-04,1.7453400190e+01
2.0918556220e-04,1.4511983995e-04,1.7343974670e+01
-5.7724469764e-05,5.7450984166e-05,4.1936300043e+01
-5.4473575294e-05,5.7493524677e-05,4.1740702871e+01
-1.0212830530e-04,5.2228598800e-05,4.3367113281e+01
-1.0541733906e-04,5.2255207602e-05,4.3303298513e+01
1.6027157730e-04,1.3055073109e-04,1.7268282335e+01
-2.8924920400e-04,4.4423205998e-05,2.4219116811e+01
-2.8698534519e-04,4.3522695146e-05,2.4703319001e+01
-3.0715501350e-04,2.4134345869e-05,1.7342320213e+01
-3.0436750937e-04,2.3372174131e-05,1.7319026426e+01
-1.7839727746e-04,2.6141937754e-05,4.6180184850e+01
-1.8195411942e-04,2.6179465443e-05,4.5933997034e+01
-1.7847913538e-04,5.2193011266e-05,4.0927540702e+01
-1.7135404458e-04,5.0094244366e-05,4.1643802308e+01
-1.8084403486e-04,5.0451724046e-05,4.1156380172e+01
-1.9505449538e-04,4.7383739827e-05,4.0994760206e+01
-1.9818061404e-04,4.7529307852e-05,4.0786379334e+01
-2.1969073188e-04,2.5129494167e-05,4.2452697735e+01
-2.2654748144e-04,2.5303192633e-05,4.1410320753e+01
-2.1640706903e-04,4.8646911445e-05,3.9405826914e+01
-2.7752492732e-04,4.0448468328e-05,2.7642803318e+01
-2.3335324450e-04,2.5510155484e-05,4.0205592582e+01
-2.5797263948e-04,4.9762903877e-05,3.4929351328e+01
-2.6053534816e-04,5.0311861894e-05,3.4595307514e+01
-2.4210736189e-04,5.3525256323e-05,3.6907236585e+01
-2.3942083575e-04,5.3114168285e-05,3.7155655648e+01
-4.0349202508e-05,2.9045214573e-05,4.4818619146e+01
7.9728489903e-05,1.2027067463e-04,2.2387341681e+01
-2.5099211342e-04,4.5283587677e-06,3.7919464046e+01
2.3124275556e-04,1.4243932489e-04,1.3792192736e+01
2.3483447583e-04,1.3989438494e-04,1.3772992531e+01
-3.3125926097e-04,9.4901791648e-06,1.7758363988e+01
-3.3259893303e-04,6.9087947368e-06,1.8390898993e+01
-3.2775442107e-04,9.0520489008e-06,1.7709803510e+01
-3.2899134198e-04,6.5804984209e-06,1.8136380040e+01
-3.2426215873e-04,8.6461519676e-06,1.7638757782e+01
-3.2538523972e-04,6.2947736485e-06,1.7850395717e+01
-2.4317126338e-04,4.4982490093e-06,4.0359610908e+01
-9.6997970782e-05,5.3927239006e-05,4.3087460289e+01
-9.5172298913e-05,5.5667714145e-05,4.2752501998e+01
-9.3377531027e-05,5.7418064266e-05,4.2418801789e+01
-2.8908831965e-04,4.8488509126e-06,1.6943457868e+01
-2.8557291456e-04,6.4606345130e-06,1.8691631290e+01
-2.8541132048e-04,4.7826366055e-06,1.9079375453e+01
-3.0738851157e-04,5.3372814521e-06,1.7020885622e+01
-3.0376390168e-04,5.2063952508e-06,1.7123867031e+01
-1.8047715589e-04,4.4138351363e-06,4.9960899239e+01
-3.1465335196e-04,5.6359875088e-06,1.7377054525e+01
-3.2517978891e-04,1.4230510647e-05,1.7078083156e+01
-2.7097782329e-04,4.8245292168e-05,3.2283937718e+01
-8.7655150163e-05,1.1753475387e-04,3.2723829566e+01
-8.5020233155e-05,1.1748548685e-04,3.2702797164e+01
-3.1826043480e-04,5.8243213946e-06,1.7483925058e+01
-3.2079403610e-04,8.3041170582e-06,1.7549054578e+01
-2.5541132897e-04,4.9249682442e-05,3.5272833764e+01
-2.5269150689e-04,5.0965512781e-05,3.5746935475e+01
1.3980016041e-04,1.5300218362e-04,1.8634595804e+01
1.3635923840e-04,1.5190484798e-04,1.8721153184e+01
3.3748020280e-04,8.6777676594e-05,1.2498740730e+01
-2.9584132665e-04,3.9311559330e-05,1.7437405295e+01
-2.2528397694e-04,4.9396245457e-05,3.8622602138e+01
4.4521694562e-05,1.4193755994e-04,2.1168234884e+01
4.7389481567e-05,1.4389108280e-04,2.0586416859e+01
1.8538656182e-04,1.4921433104e-04,1.7400533815e+01
1.9202139109e-04,1.4851884901e-04,1.7490576429e+01
-1.9910441719e-04,9.4679310368e-05,3.5326648193e+01
3.5334562146e-04,6.6336284421e-05,1.2406223103e+01
-2.0372686727e-04,9.3238816849e-05,3.5458492478e+01
-2.0580723517e-04,9.1378207507e-05,3.5570682981e+01
-1.5232219389e-04,1.0632807279e-04,3.4045323255e+01
3.2762665286e-04,9.6203630596e-05,1.2576566959e+01
-2.8760978388e-04,6.0197962008e-05,3.4998419333e+01
3.7695585813e-04,8.3321732894e-06,7.7394530577e+00
3.6531574780e-04,7.9537981913e-06,1.0425376157e+01
-1.2417613121e-04,1.1255178272e-04,3.3363342900e+01
3.2898004070e-04,6.8694055055e-06,1.6971789439e+01
2.9675678773e-04,6.2010118048e-06,1.7402313402e+01
2.7296464053e-04,5.8687707094e-06,2.0785940204e+01
2.6109440978e-04,5.3937931623e-06,2.1645146503e+01
2.4893046520e-04,5.0613472332e-06,2.1651466598e+01
2.2105071016e-04,4.2392756387e-06,2.1519352303e+01
-1.9456384815e-04,9.6131668667e-05,3.5192355977e+01
1.9321592667e-04,3.6243538351e-06,2.1764896527e+01
3.1360789351e-04,1.0440985906e-04,1.2810257861e+01
3.1700033992e-04,1.0140315421e-04,1.2795374172e+01
3.1024376750e-04,1.0743895355e-04,1.2819563028e+01
1.6534548522e-04,3.2449886149e-06,2.2258700366e+01
1.3748671295e-04,3.1317488861e-06,2.2495173386e+01
-9.0295043390e-05,1.1753026309e-04,3.2752873730e+01
3.8839463662e-05,3.0619835468e-06,3.2351415732e+01
3.5372868693e-04,7.0498230762e-05,1.2271340547e+01
-2.0654840066e-05,3.0037323685e-06,4.6234800436e+01
-2.4362466679e-04,2.7727969598e-05,3.7815200900e+01
-4.0477716286e-05,2.9824442535e-06,4.9407505321e+01
-1.3960030170e-04,2.9445872924e-06,5.2524415992e+01
1.9530343106e-04,1.4641969632e-04,1.7550133610e+01
1.4984826075e-04,1.2723809582e-04,1.7492800361e+01
1.4938812924e-04,1.2389648445e-04,1.7348365589e+01
-3.3055754416e-04,3.9866103698e-05,1.7365857411e+01
-3.2833100046e-04,3.8036143756e-05,1.7569748217e+01
-3.0758464233e-04,3.6273971443e-05,1.7683445803e+01
-2.7943635492e-04,4.3434687231e-05,2.8073583901e+01
-3.0341841057e-04,2.5786694522e-05,1.7331910762e+01
-2.9793372990e-04,2.4313653385e-05,1.7272645483e+01
-2.7996837821e-04,2.7374934396e-05,2.2206170299e+01
-2.7719135691e-04,2.6915019019e-05,2.4113220700e+01
-2.6539408167e-04,2.7440430996e-05,3.0726426691e+01
-2.3096729191e-04,4.9962236664e-05,3.8083205058e+01
-2.4013219196e-04,2.5750698868e-05,3.8798081602e+01
-2.2598221178e-04,2.3580467670e-05,4.1747216380e+01
2.5970745759e-04,9.5267210064e-05,1.4584558899e+01
1.9158326695e-04,1.4151796924e-04,1.7541064518e+01
1.8748662128e-04,1.3322465312e-04,1.7520169867e+01
1.8394885870e-04,1.3196834789e-04,1.7510978839e+01
-1.7690421087e-04,4.8473656347e-05,4.1722443192e+01
-1.8092216120e-04,2.4539415018e-05,4.6329447439e+01
1.5723958966e-04,1.3278773805e-04,1.7091907826e+01
-1.6413897149e-04,2.6004363795e-05,4.7050409720e+01
-1.5329972151e-04,2.5920036089e-05,4.7601360621e+01
-1.2884725921e-04,5.7931603625e-05,4.1470437110e+01
-2.4036638891e-04,7.8091684555e-05,3.6477947555e+01
-2.4050001243e-04,8.0482329840e-05,3.6415201328e+01
-2.4024735753e-04,7.5717927527e-05,3.6536289679e+01
-2.4285539562e-04,8.1106056581e-05,3.6462541892e+01
2.7745215798e-04,1.1462182844e-04,1.3554891584e+01
-1.0402291441e-04,5.0505632530e-05,4.3702022704e+01
1.0260964021e-04,1.2208831862e-04,1.9879250826e+01
-2.5001953166e-04,2.9843323867e-06,3.8364058493e+01
8.6504668473e-05,1.2280720797e-04,2.0725243479e+01
1.8654090585e-04,6.1816259088e-05,1.7106119386e+01
6.4624894951e-05,1.2335111417e-04,2.1887886059e+01
8.0009157581e-05,1.5221660348e-04,1.9218907368e+01
-2.5449489446e-05,2.5995916684e-05,4.2953824200e+01
4.3288660553e-05,1.1407488062e-04,1.9812904973e+01
2.5909502560e-04,9.1477888836e-05,1.4732837770e+01
2.6581464213e-04,8.5857321251e-05,1.4708094003e+01
2.6917002168e-04,8.3017238556e-05,1.4703307217e+01
2.1445925991e-05,2.6777522645e-05,3.1112057389e+01
3.0647692404e-04,1.0657874607e-04,1.2979850096e+01
3.0693188773e-04,1.1051836766e-04,1.2821286813e+01
1.8808365584e-04,1.0988264571e-04,1.7441621703e+01
3.2059002753e-05,2.7001402921e-05,2.8183375827e+01
-9.7131492415e-05,3.8611331550e-05,4.6281306354e+01
-1.0213402605e-04,4.0292387461e-05,4.5902246865e+01
-1.0410076614e-04,3.8641521514e-05,4.6235261638e+01
-1.0559051860e-04,4.0311195006e-05,4.5862796201e+01
-1.0757812326e-04,3.8660392314e-05,4.6191892481e+01
-1.0904331096e-04,4.0332703552e-05,4.5811091093e+01
-1.1105180712e-04,3.8681579905e-05,4.6136428762e+01
-1.1249217114e-04,4.0356763391e-05,4.5748157311e+01
-1.1452152865e-04,3.8705136049e-05,4.6069814406e+01
-1.1593681091e-04,4.0383305998e-05,4.5674920660e+01
-1.1937691919e-04,4.0412329629e-05,4.5592201804e+01
-1.2144790593e-04,3.8759212366e-05,4.5906550177e+01
-1.2281218616e-04,4.0443802467e-05,4.5500747008e+01
-1.2490395033e-04,3.8789712593e-05,4.5811386759e+01
-1.2624228636e-04,4.0477750144e-05,4.5401208181e+01
-1.2835480802e-04,3.8822549057e-05,4.5708053362e+01
-1.2966689582e-04,4.0514169099e-05,4.5294168399e+01
-1.3179838194e-04,3.8857760463e-05,4.5597134937e+01
-2.5295592210e-04,4.6598751035e-05,3.5504158586e+01
2.5172685644e-04,9.3236788825e-05,1.5067490907e+01
3.0218284789e-04,1.0175449651e-04,1.3274781646e+01
-2.7466210036e-04,2.4474104968e-05,2.5576250053e+01
2.8884834162e-04,4.4192509344e-05,1.7125929043e+01
5.6435995185e-05,2.7512544391e-05,2.2347507764e+01
3.6565468562e-04,4.4240081816e-05,1.2222865903e+01
3.6910565825e-04,4.4858184867e-05,1.2000306744e+01
-2.8355502120e-04,5.8059782548e-05,3.3973100075e+01
6.6890468579e-05,2.7787531899e-05,2.2362216887e+01
2.7587214673e-04,7.7276380282e-05,1.4698428334e+01
4.1082841910e-05,1.0309053843e-04,2.0531631658e+01
-1.8937800342e-04,9.5455871135e-05,3.5145922444e+01
7.7533497624e-05,2.8178798048e-05,2.2445399836e+01
-2.6625519625e-04,6.6568696417e-05,3.6293434476e+01
-2.6846633976e-04,6.7417813722e-05,3.6451502752e+01
3.6169509255e-04,3.9403385009e-05,1.2532776860e+01
3.9422922489e-05,1.2569662822e-04,1.7029552955e+01
8.8365581802e-05,2.8702669899e-05,2.2573913156e+01
-1.4463542064e-04,5.2913007930e-05,4.2059499678e+01
-1.4571282207e-04,5.4735530560e-05,4.1630465692e+01
-1.4353674342e-04,5.1106618969e-05,4.2490031541e+01
-1.4360475404e-04,5.6483462851e-05,4.1325532742e+01
-1.4676157897e-04,5.6570258744e-05,4.1204926110e+01
-1.4889516593e-04,5.4821398326e-05,4.1505422269e+01
-1.4988623088e-04,5.6670863743e-05,4.1081581371e+01
-2.1546230718e-04,7.5382855768e-05,3.6629203570e+01
2.2194932350e-04,9.5901661555e-05,1.7119082906e+01
-1.5239776209e-04,7.3727282819e-05,3.7710691000e+01
9.9389979565e-05,2.9373699491e-05,2.2711097677e+01
2.5633982447e-04,1.2769672031e-04,1.3665012879e+01
2.6021945716e-04,1.2879179820e-04,1.3537823177e+01
2.6061137536e-04,1.3265715857e-04,1.3391741922e+01
2.6410055872e-04,1.2986800748e-04,1.3402640741e+01
-2.2500300556e-04,7.0355009428e-05,3.6875176001e+01
-2.2524927363e-04,7.2599407210e-05,3.6721458873e+01
-2.0527302691e-04,7.6097001666e-05,3.6666333665e+01
-2.0571384768e-04,7.8289747414e-05,3.6462142613e+01
-1.7070909946e-04,8.4958291236e-05,3.5893048939e+01
-1.6869460319e-04,8.6843299187e-05,3.5682648048e+01
-2.5317801575e-04,4.0250757076e-05,3.5220294343e+01
-2.5034803480e-04,3.9893667278e-05,3.5809846351e+01
3.3149690114e-04,3.9370052711e-05,1.4227065110e+01
-2.9615614095e-04,5.3565533563e-05,3.0219026297e+01
-2.9809001649e-04,5.4880578352e-05,3.1400016776e+01
-2.3038295080e-04,4.3886184005e-05,3.8658908689e+01
-1.7274656658e-04,8.3080138377e-05,3.6107147951e+01
-1.9006054038e-04,7.8531538914e-05,3.6542494413e+01
-2.4728739923e-04,6.3445936678e-05,3.6544272938e+01
-2.3994769956e-04,6.8710482611e-05,3.6702073130e+01
-2.3755848400e-04,7.0481639310e-05,3.6683288133e+01
-2.8112703099e-04,2.1188764155e-05,2.0753479123e+01
2.6042478673e-04,7.7418230194e-05,1.5228833954e+01
2.6447314116e-04,7.8343982620e-05,1.5113005289e+01
-2.2136337005e-04,4.3205737158e-05,3.9676229518e+01
-8.9001473474e-05,5.2131213922e-05,4.3522141432e+01
2.7601339096e-04,1.0302297821e-04,1.3905401716e+01
1.0915186675e-04,1.4647776203e-04,1.9282880987e+01
-1.5066297961e-04,1.0195368363e-04,3.4227002728e+01
-2.0482770791e-04,7.3923328317e-05,3.6885068467e+01
-2.8409064759e-04,5.5570209510e-05,3.2796227128e+01
3.0529298053e-04,4.6727322034e-05,1.4939709451e+01
-2.5596770536e-04,4.0636744576e-05,3.4613319014e+01
1.8356373800e-04,1.2849398647e-04,1.7503506953e+01
7.6341026565e-05,1.1895063577e-04,2.2814515079e+01
7.6889883273e-05,1.2228016879e-04,2.2410878286e+01
-1.9082549872e-04,9.1328790441e-05,3.5405335531e+01
1.3594034436e-04,1.4855796749e-04,1.8806664224e+01
1.3291282898e-04,1.5081299486e-04,1.8808447530e+01
-1.0975541843e-04,6.6644725943e-05,4.0155153804e+01
1.5568554581e-04,1.0041117341e-04,1.7226476894e+01
1.5626491266e-04,1.0371836708e-04,1.7312794394e+01
-7.9062780491e-05,5.2106500267e-05,4.3489585942e+01
-9.1213634372e-05,1.0513015468e-04,3.3806409009e+01
1.9043296720e-04,8.1053111827e-05,1.7406262099e+01
1.2558492420e-04,1.4530606626e-04,1.9073565394e+01
1.2600765285e-04,1.4863798136e-04,1.8979806223e+01
1.2297585457e-04,1.5088059975e-04,1.8931339153e+01
1.2643258166e-04,1.5197184651e-04,1.8847417015e+01
-2.0534738494e-04,8.9096714397e-05,3.5681978219e+01
-2.0790201749e-04,8.9518987107e-05,3.5685826130e+01
-2.0834616420e-04,9.1910752990e-05,3.5581441790e+01
-2.1043976455e-04,8.9959065008e-05,3.5693890147e+01
-2.1001889151e-04,8.7665773621e-05,3.5802892677e+01
-2.1255732580e-04,8.8110207738e-05,3.5804010032e+01
-2.1296045893e-04,9.0417634213e-05,3.5706307066e+01
-2.1507809290e-04,8.8573605539e-05,3.5809900347e+01
-2.1469732260e-04,8.6267439409e-05,3.5914769159e+01
-2.1721767361e-04,8.6735753354e-05,3.5913605651e+01
-2.1758092582e-04,8.9056666289e-05,3.5820680867e+01
-2.1971955733e-04,8.7224310675e-05,3.5917573485e+01
-2.1937973372e-04,8.4904153121e-05,3.6017233335e+01
-2.2188034984e-04,8.5398285271e-05,3.6014875036e+01
-2.2217225400e-04,8.7702764197e-05,3.5927566892e+01
-2.2435633754e-04,8.5908837997e-05,3.6017699240e+01
-2.2478553077e-04,8.8559078262e-05,3.5935369123e+01
-2.2682267385e-04,8.6452120720e-05,3.6026680520e+01
-2.2654155698e-04,8.4100002471e-05,3.6108234540e+01
-2.2900195554e-04,8.4644266622e-05,3.6111530449e+01
1.1839633950e-04,1.1768344898e-04,1.9392361409e+01
1.1545141069e-04,1.1990548776e-04,1.9471106330e+01
1.0788297731e-04,1.1443224472e-04,2.0089389476e+01
-6.9107704135e-05,5.2125114866e-05,4.3278742207e+01
-9.5138518737e-05,1.0728122925e-04,3.3487274104e+01
-1.3810163251e-04,1.0309956480e-04,3.3994356147e+01
8.0578275480e-05,1.0843150671e-04,2.2395146613e+01
-1.5988651075e-04,7.3861629186e-06,5.0842768097e+01
-2.1919229543e-04,3.3835063203e-05,4.1193015837e+01
-1.2393562137e-04,5.0739732970e-05,4.3189583275e+01
4.2042640033e-05,9.6039031290e-05,2.0909553336e+01
-7.6114417265e-05,1.0696554510e-04,3.3962736313e+01
7.9153863489e-05,1.4240809698e-04,1.9798024793e+01
9.1030734411e-05,1.1202164495e-04,2.2188212402e+01
-1.7910124649e-04,6.9459645043e-05,3.7900139240e+01
3.4270361232e-04,6.8047753646e-05,1.2851572008e+01
-2.6496305426e-04,1.2710641382e-05,3.1446420887e+01
-2.6847696770e-04,1.2815713874e-05,2.9607333093e+01
-1.4719210696e-04,9.3394495586e-05,3.4928138201e+01
-1.6269699300e-04,3.4210072692e-05,4.5391219895e+01
2.7940585896e-04,1.0012570127e-04,1.3904805609e+01
6.4242135749e-05,9.2234832366e-05,2.1769090332e+01
8.7294974405e-05,9.6099460958e-05,2.2466769479e+01
-2.7013559987e-05,7.4506648228e-06,4.6611714205e+01
-9.4822936789e-05,5.9203994699e-05,4.2034471565e+01
-1.8023639462e-04,9.0055624397e-05,3.5413811012e+01
1.4921995518e-04,3.4101251701e-05,2.1335426183e+01
-1.5295061718e-05,7.4838187041e-06,4.4413517128e+01
1.4722013585e-04,1.3283787011e-04,1.8004032378e+01
2.5074640007e-04,1.3330995894e-05,2.0210495574e+01
5.0724997456e-05,7.7360028939e-06,2.8739956715e+01
9.7979982471e-05,9.9262086225e-05,2.2920930128e+01
-1.5005526202e-04,4.0785909326e-05,4.4518830771e+01
-1.9387905926e-04,5.2938369573e-05,4.0097679259e+01
-1.2873626350e-04,9.4327258418e-05,3.4829009292e+01
-1.2771210030e-04,9.2257515909e-05,3.5109761556e+01
-1.2949731614e-04,9.0336701984e-05,3.5365345365e+01
-1.2667270383e-04,9.0202637963e-05,3.5412144393e+01
-1.2490126185e-04,9.2124421224e-05,3.5151716390e+01
-1.2384137239e-04,9.0075331200e-05,3.5463230201e+01
-1.6920495570e-04,3.9417568102e-05,4.3958319324e+01
-1.6821204309e-04,3.7681759510e-05,4.4375682875e+01
2.7965419498e-04,5.6609500166e-05,1.6152373158e+01
2.2281096251e-04,1.1486564366e-05,2.0467297463e+01
1.0701591169e-04,1.2985287948e-04,1.9589090638e+01
8.4898782618e-05,8.7136916780e-05,2.2375665793e+01
1.3378582434e-04,1.3187869065e-04,1.8771358338e+01
1.9511913157e-04,9.9044623176e-06,2.1089734635e+01
1.1161976991e-04,1.0030953841e-04,2.1149408656e+01
1.1450172973e-04,9.8140421304e-05,2.1064053036e+01
8.0716739190e-05,1.2694194274e-04,2.0576192132e+01
1.3974134640e-04,8.0565904839e-06,2.2738204483e+01
-1.4863895499e-04,2.9114277609e-05,4.7125514225e+01
-1.4738839655e-04,2.7488664848e-05,4.7524470823e+01
1.6741433544e-04,8.7224681717e-06,2.2089592589e+01
-1.7289570266e-04,1.8103569488e-05,4.8116579464e+01
-1.7167422084e-04,1.6538299309e-05,4.8491791361e+01
-1.7420715160e-04,1.4999030342e-05,4.8614160826e+01
1.6669091193e-04,6.9543602139e-05,1.7846298741e+01
2.1702116254e-04,4.9464894319e-05,1.7048219846e+01
2.2023769970e-04,4.7017718938e-05,1.7075675348e+01
2.2665922150e-04,7.9909288998e-05,1.7186406702e+01
2.2277862757e-04,7.8984955223e-05,1.7231967726e+01
-2.0879759979e-04,1.6758600119e-05,4.5204901328e+01
-2.0787485707e-04,1.5167757124e-05,4.5573799171e+01
-2.4442256461e-04,1.5589038805e-05,3.8845826967e+01
-2.4386501637e-04,1.3938384381e-05,3.9185734318e+01
3.3541407774e-04,1.7892086760e-05,1.5160661178e+01
-2.3770803408e-04,3.1074893498e-05,3.8761394984e+01
-8.6602518623e-05,8.9017065415e-05,3.6541786214e+01
1.5534345516e-04,6.7107801943e-05,1.8997483491e+01
3.1633216589e-04,2.3326532133e-05,1.6315059911e+01
-1.8233480888e-04,5.4225005324e-05,4.0384446515e+01
-2.9230115694e-04,1.0331406445e-05,1.7285282685e+01
-1.2846150877e-04,8.8290000500e-05,3.5678825326e+01
-2.8270286879e-04,2.7889175030e-05,2.0048789060e+01
-1.3512659742e-04,9.0625632306e-05,3.5284011598e+01
1.7649436292e-04,3.7650063879e-05,1.9278141143e+01
-2.0250690906e-04,6.3351858424e-05,3.8174958714e+01
-2.0201513190e-04,6.1299358869e-05,3.8468196181e+01
-2.8412169052e-04,4.5013004649e-05,2.6998415951e+01
-1.2208456924e-04,9.1998149354e-05,3.5198197819e+01
-1.2100202202e-04,8.9955094993e-05,3.5518692551e+01
-3.1305027878e-04,9.8900875886e-06,1.7281065865e+01
1.2876029237e-04,6.1775423786e-05,2.1859890639e+01
2.7148938600e-04,5.5119364803e-05,1.6945660753e+01
-2.1809851072e-04,1.3665680329e-05,4.4445574274e+01
-1.3793151585e-04,9.0780587616e-05,3.5249198467e+01
1.8820123072e-04,3.9326951377e-05,1.8607090433e+01
3.2986508981e-04,5.4113045350e-05,1.3780101984e+01
3.2650964628e-04,5.7353770232e-05,1.3803379473e+01
3.3322081575e-04,5.0840876700e-05,1.3751988657e+01
1.8131941109e-04,1.1112374978e-04,1.7469973087e+01
1.0239501719e-04,5.7124131217e-05,2.2672987969e+01
-2.0085969896e-04,7.9784337997e-05,3.6353194646e+01
-2.2520997392e-04,3.2288653282e-05,4.0642756489e+01
-1.8643111129e-04,6.6029786838e-05,3.8255632632e+01
-1.8869856945e-04,6.4219620273e-05,3.8470575049e+01
2.1561570064e-04,4.3415356724e-05,1.7474988312e+01
9.1439179128e-05,5.5394507426e-05,2.2526814577e+01
4.1970852000e-05,7.7258072994e-05,2.1478588106e+01
8.0717260187e-05,5.3828425787e-05,2.2378930140e+01
7.0229702654e-05,5.2427316524e-05,2.2241122065e+01
3.0194588663e-04,4.9792877956e-05,1.4927231353e+01
5.9972703919e-05,5.1192612979e-05,2.2118642619e+01
-1.9596241662e-04,3.3118368897e-05,4.3550239646e+01
-1.9673416670e-04,3.4866666353e-05,4.3162618948e+01
-1.9516092092e-04,3.1389449237e-05,4.3939863870e+01
4.9937445860e-05,5.0124596020e-05,2.2013352251e+01
-1.9390054190e-04,6.2632112309e-05,3.8553072186e+01
-2.2756800508e-04,2.8818752811e-05,4.0763899666e+01
-1.0819532800e-04,7.7849232605e-05,3.7946374438e+01
4.0110445920e-05,4.9221717423e-05,2.1925170328e+01
1.4616744869e-04,1.0399197594e-04,1.7571005516e+01
1.4259719154e-04,1.0299009521e-04,1.7978213920e+01
-1.9695893833e-04,2.8042318417e-05,4.4420777898e+01
-1.9964686915e-04,2.6416173596e-05,4.4483444971e+01
2.8275864456e-04,1.4889801849e-05,1.7471634590e+01
1.7803977135e-05,4.7705213732e-05,2.5742728921e+01
-2.1058237876e-04,7.6821809298e-05,3.6554605321e+01
8.1428776409e-06,4.7190330926e-05,2.9499530986e+01
-2.1639263709e-05,4.6010357186e-05,3.8687706566e+01
-3.1531158486e-05,3.0752105396e-05,4.3174314749e+01
-2.2035173902e-04,7.3974549133e-05,3.6685007893e+01
-7.4295288761e-05,4.3584765567e-05,4.4991661391e+01
-8.4579492197e-05,4.3581611670e-05,4.5207385257e+01
-9.4846478366e-05,4.3609617433e-05,4.5246548744e+01
1.4432674586e-04,7.9190123493e-05,1.9288057662e+01
2.9709643501e-04,4.5477919992e-05,1.5173863553e+01
1.4541785290e-05,3.1664880906e-05,3.1736984618e+01
2.9630387622e-04,4.1835461872e-05,1.6208606971e+01
-2.2347504597e-04,5.7340416041e-05,3.7978800177e+01
-2.2098401801e-04,5.9122705380e-05,3.7936914505e+01
2.4772172081e-04,9.2201312466e-05,1.5176739378e+01
4.8761493974e-05,3.2632615354e-05,2.2082192656e+01
3.4328428502e-04,4.0815714997e-05,1.3612093161e+01
3.3993490742e-04,4.4193201270e-05,1.3671993357e+01
5.8990596740e-05,3.3014618856e-05,2.2236982409e+01
6.9412028095e-05,3.3527652203e-05,2.2339629312e+01
8.0034100531e-05,3.4184395370e-05,2.2475117822e+01
9.0862362455e-05,3.4995222995e-05,2.2609529337e+01
1.4009462987e-04,4.0346467935e-05,2.1776471472e+01
1.6725207493e-04,4.4273513809e-05,1.9425152852e+01
2.4099764369e-04,9.7593452134e-05,1.6154597897e+01
1.7888984682e-04,4.6123115436e-05,1.8621436533e+01
-2.2576350933e-04,5.3482491009e-05,3.8193532743e+01
3.5086530130e-04,1.5127709781e-05,1.3821861703e+01
3.1218703708e-04,2.2923560135e-05,1.7122953555e+01
3.0733991725e-04,1.9145135519e-05,1.7074014847e+01
3.0595634306e-04,1.2590978515e-05,1.7008653427e+01
3.0531322052e-04,9.4268325802e-06,1.7083827214e+01
3.0893018467e-04,6.1800533466e-06,1.7328258481e+01
-1.3308115597e-04,4.0553629001e-05,4.5180150996e+01
-1.3522907788e-04,3.8895337691e-05,4.5479293325e+01
-3.0777250611e-04,3.4823293666e-06,1.7308245352e+01
1.3330966016e-04,1.5406380428e-04,1.8683508297e+01
-2.6582078782e-04,7.1472368950e-05,3.6942674210e+01
7.0716707928e-05,1.2287084404e-04,2.2683590911e+01
9.6721252534e-05,1.2642675719e-04,1.9879574413e+01
1.0654146255e-04,1.2653235674e-04,1.9631173747e+01
1.0901267715e-04,1.2101986596e-04,1.9683309181e+01
1.2337168952e-04,1.2868192185e-04,1.9159251970e+01
1.2637265211e-04,1.2643065752e-04,1.9021527244e+01
1.2984297332e-04,1.2749368071e-04,1.8877501934e+01
2.0041667885e-04,5.8503783217e-05,1.7096780273e+01
1.6981856376e-04,1.2718414548e-04,1.7446089053e+01
-1.7044226582e-04,1.4984287607e-05,4.8860611700e+01
-1.6794082851e-04,1.6524929507e-05,4.8724349954e+01
1.4197123162e-04,9.9729331575e-05,1.8188811748e+01
1.4947842722e-04,8.6442347621e-05,1.8186024152e+01
1.5245133733e-04,8.4169642958e-05,1.8035936823e+01
1.5612930789e-04,8.5084156094e-05,1.7594143428e+01
-2.6141206612e-04,1.2619882380e-05,3.3127575203e+01
-2.7867081646e-04,9.6966402145e-06,2.3518975369e+01
-2.8194984588e-04,6.3807574455e-06,2.1610246515e+01
-2.8513251142e-04,3.1439892924e-06,1.9553646810e+01
1.4653271505e-04,8.8726106930e-05,1.8342364014e+01
-1.5827582943e-04,5.5114834531e-05,4.1121236118e+01
-1.5609574882e-04,5.6872611841e-05,4.0833968482e+01
-1.6271436137e-04,5.1623131977e-05,4.1680281208e+01
-1.6502051010e-04,4.9891581231e-05,4.1948088453e+01
-1.7483667263e-04,2.6102545061e-05,4.6414919011e+01
-1.8949693701e-04,4.8974264848e-05,4.1012789563e+01
-2.1342353532e-04,4.8427588999e-05,3.9652524879e+01
-3.2375921379e-04,1.6913429303e-05,1.7115899465e+01
-2.8967281366e-04,2.2531649540e-05,1.7302964858e+01
-2.9307517965e-04,2.0878736851e-05,1.7237058895e+01
-3.1980896634e-04,4.0657317318e-05,1.7730387359e+01
-2.7417637680e-04,4.4318394021e-05,3.0281903970e+01
-2.8468385018e-04,4.2675871766e-05,2.5326787463e+01
-3.1802044783e-04,2.1489823682e-05,1.7291202158e+01
-3.1661119021e-04,2.4176859906e-05,1.7359346349e+01
-2.9888469795e-04,3.7927853313e-05,1.7269823120e+01
-1.8998770105e-04,9.7641530119e-05,3.5053037612e+01
-3.3268789860e-04,4.1820347321e-05,1.7455952556e+01
-1.4076608506e-04,1.0955556945e-04,3.3735743022e+01
2.3491147852e-04,1.4351814591e-04,1.3613583819e+01
2.3861663031e-04,1.4106404918e-04,1.3618342297e+01
1.2350778307e-04,1.5428606508e-04,1.8752808500e+01
3.1768306459e-04,1.0515425265e-04,1.2632999987e+01
1.4974317247e-04,1.5283336036e-04,1.8478571874e+01
1.5272135923e-04,1.5069222329e-04,1.8396368756e+01
1.5322044559e-04,1.5399372519e-04,1.8402606612e+01
1.5611390274e-04,1.5178470654e-04,1.8318463458e+01
1.5574914471e-04,1.4845505918e-04,1.8230715638e+01
1.5916535173e-04,1.4960652989e-04,1.8135628160e+01
-1.6200843916e-04,1.0506209206e-04,3.4267570722e+01
2.8951105466e-04,1.2123526761e-04,1.2991108971e+01
2.9303495002e-04,1.1855651383e-04,1.2982084127e+01
3.5958853018e-04,5.9727091428e-05,1.2259879207e+01
-8.8968681180e-05,1.1951802101e-04,3.2735062994e+01
1.5943370496e-04,1.5281660565e-04,1.8252356362e+01
1.6255552093e-04,1.5073239886e-04,1.8053313796e+01
1.6221259555e-04,1.4737394026e-04,1.7843069678e+01
1.6562274636e-04,1.4853922470e-04,1.7745294173e+01
1.6601801902e-04,1.5181790179e-04,1.7978239568e+01
1.6903429394e-04,1.4971254527e-04,1.7635816525e+01
-1.1447009140e-04,1.1422587352e-04,3.3163493765e+01
-1.1285091847e-04,1.1631445891e-04,3.3130012193e+01
-3.3789228875e-04,4.0009467354e-05,1.5872518030e+01
-3.1805898822e-04,4.7796476226e-05,1.9288854814e+01
-2.8000462214e-04,6.4646260634e-05,3.6307429003e+01
-2.7762896426e-04,6.6134797256e-05,3.6579649912e+01
2.6441663289e-04,1.3364456467e-04,1.3248579963e+01
2.6789587143e-04,1.3082739949e-04,1.3263487407e+01
5.3591886982e-05,1.4739375114e-04,2.0236141185e+01
-2.4986737649e-04,7.8142105313e-05,3.6749443593e+01
-2.5205998675e-04,7.6554506515e-05,3.6802684621e+01
-2.5202348145e-04,7.4180123084e-05,3.6730143524e+01
-2.5433475133e-04,7.4908041578e-05,3.6818329075e+01
-1.1701411619e-04,1.1425344432e-04,3.3209815219e+01
1.9556156402e-04,1.4986411726e-04,1.7523408383e+01
1.4673619244e-04,1.5488676196e-04,1.8495768101e+01
-1.6924239963e-04,1.0359083433e-04,3.4452937069e+01
2.0230401042e-04,1.4962016174e-04,1.7514606580e+01
2.0581205013e-04,1.5090925745e-04,1.7487486678e+01
1.6969397480e-04,1.5346374137e-04,1.7964566492e+01
1.7241410093e-04,1.5094871617e-04,1.7512797299e+01
-1.4346359803e-04,1.1022212275e-04,3.3774173223e+01
-2.5430908941e-04,7.7379827546e-05,3.6927580183e+01
-2.5672221792e-04,7.5764522391e-05,3.6953742180e+01
-2.5925210102e-04,7.6321038427e-05,3.7131161015e+01
-1.6466854444e-04,1.0572506755e-04,3.4297808479e+01
-2.9468078450e-04,5.8704999157e-05,3.4594380041e+01
-2.9214738525e-04,6.0062383487e-05,3.5263516189e+01
-1.7208930732e-04,1.0411166316e-04,3.4489720077e+01
-1.7371616204e-04,1.0210609136e-04,3.4589174100e+01
3.2101355695e-04,1.0224639545e-04,1.2615039156e+01
3.4416638746e-04,8.0244697851e-05,1.2421398339e+01
1.2698121298e-04,1.5541553502e-04,1.8668678689e+01
-1.2681612166e-04,1.1277526104e-04,3.3410793602e+01
6.9949127518e-05,1.5141611699e-04,1.9449729656e+01
6.6564691447e-05,1.5012358907e-04,1.9639155431e+01
7.3353051386e-05,1.5327559807e-04,1.9209226484e+01
8.3370123423e-05,1.5362508467e-04,1.9051663881e+01
1.9892548174e-04,1.5169762063e-04,1.7647354217e+01
-3.1064952131e-04,5.1862147394e-05,2.4906568015e+01
-3.1342389997e-04,5.1005383303e-05,1.9925583889e+01
-3.0785698518e-04,5.2844982604e-05,2.8030663804e+01
-3.0621078356e-04,5.1315847911e-05,2.5368988503e+01
-3.0514169454e-04,5.3928145903e-05,3.0083726582e+01
-3.0344160999e-04,5.2419826658e-05,2.7838995866e+01
-3.0246607879e-04,5.5049267145e-05,3.1660552101e+01
-3.0149110158e-04,5.7733972300e-05,3.4764263934e+01
-2.4050215836e-04,8.3225738735e-05,3.6329978527e+01
-2.3826787392e-04,8.2249257317e-05,3.6312721325e+01
-2.4301071226e-04,8.3556323945e-05,3.6393580742e+01
-2.8711977767e-04,6.2785581584e-05,3.6182807422e+01
-2.8463313835e-04,6.4151565067e-05,3.6502154835e+01
3.8089038725e-04,8.3951758796e-06,7.0392333970e+00
3.6922916263e-04,8.0726389920e-06,9.4490369922e+00
3.4949900506e-04,7.5516945793e-06,1.4497368430e+01
3.0067762029e-04,6.3203593701e-06,1.7413894802e+01
2.7701658229e-04,5.9555360123e-06,1.9879054049e+01
2.4080506413e-04,4.8610091738e-06,2.1589602866e+01
2.3285655579e-04,4.6089359171e-06,2.1537400805e+01
2.1295712320e-04,4.0881491943e-06,2.1522641634e+01
2.0502192741e-04,3.8973885440e-06,2.1585097861e+01
1.8511816538e-04,3.5287805483e-06,2.1913549383e+01
1.7717121718e-04,3.4065266161e-06,2.2064989402e+01
1.5724093470e-04,3.2181918320e-06,2.2342177843e+01
1.4929292642e-04,3.1730616554e-06,2.2361343961e+01
1.2942466260e-04,3.1643495871e-06,2.2418926072e+01
1.2151158551e-04,3.1637295121e-06,2.2517509575e+01
1.1361204451e-04,3.1622776869e-06,2.2605271585e+01
1.0572294613e-04,3.1595811800e-06,2.2820854099e+01
9.7841054019e-05,3.1555396612e-06,2.3181788139e+01
8.9926880579e-05,3.1599303087e-06,2.3732442711e+01
8.2051281205e-05,3.1527078834e-06,2.4493674500e+01
7.4175044029e-05,3.1441936994e-06,2.5479350172e+01
6.6296586597e-05,3.1345078054e-06,2.6687488845e+01
5.8414776042e-05,3.1238048222e-06,2.8103391782e+01
5.0573996424e-05,3.0984868811e-06,2.9696589182e+01
-2.9407207599e-04,6.1503315789e-05,3.6454536176e+01
-2.9749715615e-04,5.7799814064e-05,3.4168057313e+01
3.0793125664e-05,3.0809617442e-06,3.4295094014e+01
-2.4775398698e-04,8.0202567283e-05,3.6663828527e+01
2.2890089258e-05,3.0680262211e-06,3.6264940798e+01
1.4982152996e-05,3.0551834113e-06,3.8245985217e+01
7.0695769047e-06,3.0426482056e-06,4.0194868602e+01
-8.4726427418e-07,3.0306163612e-06,4.2071350843e+01
-8.7679062772e-06,3.0192535243e-06,4.3840592875e+01
-2.8582633244e-05,2.9945122251e-06,4.7631745417e+01
3.5345276017e-04,7.8276334152e-06,1.3545576513e+01
-4.8409297202e-05,2.9755570967e-06,5.0378011666e+01
-5.6341570996e-05,2.9695520584e-06,5.1184199201e+01
-6.4274144888e-05,2.9643733866e-06,5.1835478684e+01
-7.2206679709e-05,2.9599564965e-06,5.2343366445e+01
-8.0138886652e-05,2.9562334191e-06,5.2720482267e+01
-8.8070521647e-05,2.9531368967e-06,5.2979571337e+01
-9.6001378492e-05,2.9506036667e-06,5.3132969753e+01
-1.0393128190e-04,2.9485764188e-06,5.3192056509e+01
-1.1186008019e-04,2.9470054588e-06,5.3166932639e+01
-1.1978763847e-04,2.9458494547e-06,5.3066174398e+01
-1.2771383233e-04,2.9450762103e-06,5.2896706124e+01
-1.4752255338e-04,2.9446940154e-06,5.2201565246e+01
-1.5544299943e-04,2.9451486984e-06,5.1819617615e+01
-1.6336148833e-04,2.9459663090e-06,5.1376657099e+01
-1.6725083271e-04,2.9325026437e-06,5.1137699870e+01
1.9240871635e-04,1.5212302245e-04,1.7426328872e+01
2.6099040438e-04,1.3651960247e-04,1.3224077349e+01
3.1083770863e-04,1.1112718770e-04,1.2657680857e+01
3.0759415660e-04,1.1425138859e-04,1.2651643898e+01
3.0357248140e-04,1.1353420217e-04,1.2823396572e+01
3.0027146079e-04,1.1696966971e-04,1.2802602853e+01
2.9968043524e-04,1.1290751711e-04,1.2977994741e+01
3.8050386177e-04,4.2393520643e-06,5.0990604263e+00
3.8465411148e-04,8.6844324510e-06,6.7596218550e+00
3.6869887133e-04,3.9683268558e-06,8.6416625181e+00
3.2490115680e-04,6.7652373933e-06,1.6986344792e+01
-3.2791738433e-04,4.3187403432e-05,1.7729332874e+01
-3.2384278892e-04,3.9425605306e-05,1.7743345252e+01
3.1687697658e-04,6.4340968638e-06,1.7088770139e+01
-3.1207755093e-04,3.8853023157e-05,1.7820008069e+01
-3.1417071500e-04,4.0279684026e-05,1.7575551200e+01
3.0036687777e-04,3.0913152286e-06,1.7682040303e+01
-2.6334675067e-04,4.8631424676e-05,3.3897357381e+01
-2.6581627548e-04,4.9238888398e-05,3.3545233210e+01
-3.0071150277e-04,2.5023380585e-05,1.7298023055e+01
2.7651843530e-04,2.9467301635e-06,2.0463138424e+01
2.8103815845e-04,6.0813515396e-06,1.8868016872e+01
2.8448192524e-04,3.1579216268e-06,1.8152029660e+01
2.8490440413e-04,6.2588835703e-06,1.7958742808e+01
-2.6071513654e-04,4.8068434557e-05,3.4296498530e+01
-2.6227702136e-04,2.9120284992e-05,3.2093858600e+01
-3.2998015190e-04,4.5292170649e-05,1.7534837530e+01
-3.2513611791e-04,4.6863345523e-05,1.8733553827e+01
-3.2135632373e-04,4.7029088205e-05,1.7248431973e+01
-2.4401895323e-04,3.1462837240e-05,3.7439928263e+01
-2.4062343065e-04,2.9402801230e-05,3.8335756347e+01
-2.3678935613e-04,2.5621979838e-05,3.9521612079e+01
-2.3632640577e-04,2.3863832805e-05,3.9822756959e+01
-2.1937491485e-04,4.8884510698e-05,3.9151714413e+01
-2.1903310411e-04,4.6901868209e-05,3.9422452289e+01
-2.2236082974e-04,4.9131353747e-05,3.8888731808e+01
-2.2267383533e-04,5.1152968486e-05,3.8645431715e+01
-2.2942965874e-04,2.3671784446e-05,4.1155949173e+01
-2.8132246600e-04,3.1103490356e-06,2.2388906390e+01
3.5676404343e-04,4.0950902604e-06,1.2496776985e+01
-2.0078610364e-04,4.5786052081e-05,4.0920523880e+01
-2.9267573382e-04,3.2370877043e-06,1.7295786131e+01
-2.9646244503e-04,3.2845170355e-06,1.7292029813e+01
-1.8324313285e-04,4.8717091895e-05,4.1374559691e+01
-1.9519607153e-04,2.4707844724e-05,4.5195562961e+01
-1.9163385154e-04,2.4657806942e-05,4.5503956924e+01
-1.8450725267e-04,2.4580931983e-05,4.6067480856e+01
-3.0399723471e-04,3.4176437037e-06,1.7497091547e+01
-1.4462800996e-04,5.8331956111e-05,4.0900952432e+01
-2.5897498623e-04,7.4023147372e-05,3.6921255221e+01
-1.5691639440e-04,2.5950571614e-05,4.7426490663e+01
-1.2566036003e-04,5.7863937060e-05,4.1578800014e+01
-1.1604551337e-04,5.7687008646e-05,4.1885914940e+01
-1.1926633738e-04,5.7740998875e-05,4.1786937037e+01
1.8041857679e-04,1.3074059937e-04,1.7497376173e+01
-1.0872315111e-04,5.2296198512e-05,4.3228309846e+01
-5.6161979646e-05,5.9241220620e-05,4.1587624627e+01
-5.4687016399e-05,2.5756918636e-05,4.7042903993e+01
-5.1013166048e-05,2.5777853027e-05,4.6677626339e+01
3.8828981444e-04,4.3393436168e-06,2.9343979626e+00
3.8875037774e-04,9.1681655418e-06,7.4199693756e+00
2.8838607272e-04,3.2753321512e-06,1.7417982328e+01
1.9883724459e-04,1.4787833055e-04,1.7519274566e+01
1.8079815898e-04,1.3419269583e-04,1.7493429124e+01
1.7641567723e-04,1.2609116638e-04,1.7485767506e+01
1.4635492665e-04,1.2616116192e-04,1.7769375049e+01
1.4588646247e-04,1.2282560552e-04,1.7688751737e+01
-3.1200393758e-04,5.3619196956e-05,2.9949512822e+01
-3.2306236772e-04,1.1104714227e-05,1.7390628828e+01
9.9668965605e-05,1.2426647089e-04,1.9882115448e+01
-3.8691589453e-05,3.0670192229e-05,4.4301225951e+01
1.8967230119e-04,5.9462687986e-05,1.7140303315e+01
-2.0768703008e-05,3.0903472838e-05,4.1123207026e+01
1.7890215439e-04,6.0320045701e-05,1.7671205947e+01
-1.3637092003e-05,3.1026283509e-05,3.9526027132e+01
-6.5335235811e-06,3.1164719429e-05,3.7757274675e+01
-2.5423471794e-04,1.2474889206e-05,3.6049122151e+01
5.3739580037e-07,3.1317886507e-05,3.5841672897e+01
-2.4694932992e-04,1.2361358281e-05,3.8475596076e+01
7.5710989324e-06,3.1484322629e-05,3.3816555155e+01
1.4058804281e-04,7.8295875337e-05,1.9728567048e+01
6.1403973999e-05,1.2192299428e-04,2.1661936762e+01
6.0936113938e-05,1.1872004974e-04,2.1529241203e+01
3.5251481361e-05,3.2236290411e-05,2.5741574533e+01
-7.9185469380e-05,9.4856610783e-05,3.5810999032e+01
4.2040805726e-05,3.2432099806e-05,2.4144906129e+01
-8.0813884647e-05,8.8955385462e-05,3.6766817079e+01
-2.2183317910e-04,1.3693406868e-05,4.3863834813e+01
-2.2264729321e-04,1.5292607653e-05,4.3501241509e+01
1.2601100841e-04,1.0445301057e-04,1.9411520292e+01
1.1008604587e-04,9.3930477931e-05,2.2021323909e+01
1.0192186700e-04,3.5964283672e-05,2.2725748341e+01
-1.8430365137e-04,1.3492799282e-05,4.8151022888e+01
1.0939726263e-04,3.6702906973e-05,2.2792734032e+01
1.1696615372e-04,3.7513475978e-05,2.2851716490e+01
1.2462804984e-04,3.8393947075e-05,2.2901418979e+01
1.3236752389e-04,3.9340267844e-05,2.2546639075e+01
1.5174384132e-04,4.1950934744e-05,2.0692918417e+01
1.5949646955e-04,4.3085858574e-05,2.0032807149e+01
9.5563215756e-05,8.9947323849e-05,2.2614458171e+01
1.9053674593e-04,4.8036925818e-05,1.7924386625e+01
7.7939222062e-05,8.5364946431e-05,2.2205645823e+01
7.4516076752e-05,8.4511004245e-05,2.2118307323e+01
2.8861411031e-04,1.1365992821e-04,1.3290027688e+01
2.8088743046e-04,1.1172318498e-04,1.3554555751e+01
2.7260886173e-04,1.0590154868e-04,1.3906272821e+01
2.7311226611e-04,1.0975601888e-04,1.3792146806e+01
5.0474982360e-05,1.4560343982e-04,2.0595340696e+01
5.0619144269e-05,1.4231957911e-04,2.0169843167e+01
4.7194302104e-05,1.4757145045e-04,2.0624814404e+01
4.5099776916e-05,7.7873541243e-05,2.1507662844e+01
-3.6413819388e-05,2.5884215291e-05,4.4816550279e+01
2.6816127313e-04,1.0107670308e-04,1.4142713583e+01
-9.9084475004e-05,3.6968416083e-05,4.6619948756e+01
-1.8158954917e-05,2.6086189448e-05,4.1487231116e+01
2.6028153374e-04,9.9075016661e-05,1.4426789986e+01
-1.0891789255e-05,2.6188677689e-05,3.9850513814e+01
-1.1656663867e-04,3.7060914943e-05,4.6387726994e+01
2.5572742892e-04,9.4257581453e-05,1.4760888261e+01
-1.2353497576e-04,3.7113291482e-05,4.6216623613e+01
-1.3048451163e-04,3.7174364583e-05,4.6010026380e+01
-3.6496538581e-06,2.6303016071e-05,3.8061468205e+01
3.5636663462e-06,2.6428180865e-05,3.6149049901e+01
-8.0677313726e-05,9.2885921428e-05,3.6088290861e+01
1.0744533348e-05,2.6562676907e-05,3.4153005111e+01
-1.4819865108e-04,7.3747113302e-06,5.1425068765e+01
-7.7730509168e-05,9.6839374196e-05,3.5536078411e+01
-7.4907629436e-05,9.6824107033e-05,3.5663480630e+01
-1.4039889761e-04,7.3699394855e-06,5.1744129222e+01
-3.3389209729e-04,4.4378993178e-06,1.9044273679e+01
-1.3259458329e-04,7.3660962944e-06,5.2007866256e+01
3.9082192752e-05,2.7151560696e-05,2.6387423918e+01
-1.1306634443e-04,7.3609199594e-06,5.2405481671e+01
4.6058612935e-05,2.7299409403e-05,2.4770050851e+01
-9.7428927413e-05,7.3616314580e-06,5.2406052541e+01
-8.9606356554e-05,7.3639086823e-06,5.2277053879e+01
-8.1781813291e-05,7.3676573576e-06,5.2047382901e+01
-7.3955814192e-05,7.3730477318e-06,5.1704824434e+01
-3.4135318886e-04,4.9565541258e-06,1.9613812797e+01
-6.6127413885e-05,7.3806557307e-06,5.1236396224e+01
-5.8309414393e-05,7.3900159990e-06,5.0630358539e+01
-5.0482924331e-05,7.4014337775e-06,4.9873193609e+01
5.0584179753e-05,1.3207016853e-04,2.0349649217e+01
4.7656425808e-05,1.3037715759e-04,1.9548309447e+01
-4.2657981016e-05,7.4152175576e-06,4.8955257009e+01
-3.4835596325e-05,7.4315045050e-06,4.7869285412e+01
4.2082453711e-05,1.2717897512e-04,1.7694791746e+01
-3.4883885320e-04,5.6156193167e-06,1.9312714321e+01
-2.3794918603e-04,7.7488836935e-05,3.6460697413e+01
-2.3780471310e-04,7.5134117612e-05,3.6534201871e+01
-3.5949036353e-06,7.5222023534e-06,4.1878771492e+01
4.1969302157e-06,7.5505872935e-06,4.0038710319e+01
1.1979122847e-05,7.5806069838e-06,3.8116492467e+01
1.0684811841e-04,2.9908454913e-05,2.2792690140e+01
1.9758845047e-05,7.6117818413e-06,3.6149443267e+01
2.7519178482e-05,7.6434404178e-06,3.4185115933e+01
1.1439314262e-04,3.0515426574e-05,2.2862600820e+01
3.5268067793e-05,7.6743890706e-06,3.2266492404e+01
2.6180466249e-04,8.4908855809e-05,1.4912421367e+01
4.3008550009e-05,7.7043199234e-06,3.0436752680e+01
3.8118231550e-04,1.2679156349e-05,8.6976585214e+00
-1.2755095097e-04,4.2179880134e-05,4.4986145008e+01
1.2202627428e-04,3.1195282759e-05,2.2920791531e+01
-8.5250408398e-05,8.7049340819e-05,3.6941144873e+01
3.4882983391e-04,3.7056404789e-06,1.5049218870e+01
5.0723993987e-05,1.3890079151e-04,2.1567485671e+01
5.3735513487e-05,1.3725334335e-04,2.1871907804e+01
-1.2073767098e-04,4.2107328200e-05,4.5185589429e+01
-1.1390387129e-04,4.2045236077e-05,4.5352946255e+01
1.2974883272e-04,3.1947278842e-05,2.3006260658e+01
6.2297934154e-05,7.7765572285e-06,2.6516053663e+01
-1.0705233755e-04,4.1993662273e-05,4.5482309846e+01
6.9999028384e-05,7.8002914408e-06,2.5294348760e+01
1.3753563378e-04,3.2766780139e-05,2.2397255088e+01
7.7693984522e-05,7.8204066174e-06,2.4308295159e+01
-2.4013300642e-04,7.3362348793e-05,3.6592046200e+01
8.5386296281e-05,7.8363183512e-06,2.3571969003e+01
9.3081092851e-05,7.8473029820e-06,2.3083401135e+01
-7.6502485988e-05,8.6980123222e-05,3.7273432598e+01
-1.4164494406e-04,8.6967087140e-05,3.5749218848e+01
2.3422109208e-04,1.3217501336e-04,1.4186363098e+01
1.0078550906e-04,7.8525919786e-06,2.2806433276e+01
1.0850904035e-04,7.8517267014e-06,2.2797920467e+01
3.5640304185e-04,6.3080135510e-05,1.2340721778e+01
1.5701190414e-04,3.5056387346e-05,2.0684146327e+01
-2.1539170755e-04,5.8512788792e-05,3.8267761346e+01
3.5293759304e-04,6.2203464235e-05,1.2538413638e+01
1.1626364885e-04,7.8600116622e-06,2.2745671100e+01
-4.1907535468e-05,4.5551433843e-05,4.2283130949e+01
1.2405509427e-04,7.8948447613e-06,2.2785022104e+01
1.6480331551e-04,3.6060329298e-05,2.0081299863e+01
-3.5127878697e-05,4.5676707997e-05,4.1301341882e+01
1.3187859096e-04,7.9594665857e-06,2.2768723120e+01
-2.8369106590e-05,4.5829005303e-05,4.0108057002e+01
-3.0153582426e-04,2.2664570343e-05,1.7294480499e+01
2.3031826549e-04,1.0177727456e-04,1.6927876450e+01
-2.0440308534e-04,5.9505278091e-05,3.8622639420e+01
-1.4154383365e-04,6.9405145518e-05,3.8741587051e+01
-1.4051417681e-04,6.7478192046e-05,3.9145238114e+01
-1.1602849277e-05,4.6336786802e-05,3.6110516940e+01
1.5157280317e-04,8.2783705848e-06,2.2557144949e+01
-4.9664282190e-06,4.6592337110e-05,3.4100461532e+01
3.7316665469e-04,8.0985247602e-06,8.5023895138e+00
2.8256778190e-04,7.1457201688e-05,1.4705814432e+01
3.6593497652e-04,4.8442779901e-05,1.2141868500e+01
1.6187633697e-06,4.6877282578e-05,3.1881408630e+01
-1.0222488476e-04,7.7717121697e-05,3.8141870098e+01
1.5948618239e-04,8.4785140155e-06,2.2350686170e+01
3.6566293253e-05,1.0649128214e-04,2.0142523587e+01
3.3603626793e-04,4.3674987792e-05,1.3868387006e+01
-1.1117638343e-04,7.7924349703e-05,3.7850235044e+01
-1.1294599941e-04,7.6065090099e-05,3.8163274195e+01
2.7761188877e-04,8.9078431011e-06,1.9245920489e+01
2.1809044471e-04,9.4838882744e-05,1.7170061225e+01
2.1750606553e-04,9.1238796385e-05,1.7198177462e+01
3.3658119876e-04,4.7534388638e-05,1.3716888976e+01
3.4359700796e-05,1.0814990895e-04,1.9930149242e+01
3.4901659887e-05,1.1077609888e-04,1.9647418318e+01
3.1611128276e-05,1.0720150968e-04,1.9994321678e+01
2.9493754401e-05,1.0883262438e-04,1.9750565597e+01
2.6823833050e-05,1.0792836209e-04,1.9964928096e+01
1.7929039463e-04,9.1749065593e-06,2.1641758131e+01
1.9602058562e-04,4.0482731178e-05,1.8225451685e+01
3.0170214036e-04,9.7844457031e-05,1.3406908821e+01
2.9783960148e-04,9.6956839313e-05,1.3539623332e+01
3.3668158322e-05,4.8709521513e-05,2.1862646620e+01
-2.5574564741e-04,4.4881659058e-05,3.4918426064e+01
1.4320399230e-04,1.0626849986e-04,1.7817388958e+01
-1.3413327975e-04,8.8566289929e-05,3.5579872346e+01
4.3387650632e-05,1.0135171136e-04,2.0712659848e+01
-3.0072723433e-04,5.3590561801e-05,2.9797125482e+01
1.8720355955e-04,9.5233555812e-06,2.1351517674e+01
1.9910769669e-04,8.9721454339e-05,1.7375815711e+01
1.9968370185e-04,9.3193948702e-05,1.7363616035e+01
1.9651004549e-04,9.5652533766e-05,1.7383130065e+01
2.0024570243e-04,9.6694533670e-05,1.7351170117e+01
1.9706215821e-04,9.9148951564e-05,1.7373982940e+01
-2.2171293197e-04,4.5152846891e-05,3.9404212989e+01
2.0385033878e-04,4.1655210020e-05,1.7889506612e+01
-2.8145569511e-04,5.7072951835e-05,3.3658134011e+01
-2.8254346722e-04,6.3065459122e-05,3.5937051344e+01
2.6369361551e-04,1.2599960837e-04,1.3543956173e+01
-1.4255768306e-04,7.1348333330e-05,3.8346252182e+01
-1.4355226066e-04,7.3308168084e-05,3.7960449915e+01
-1.0598272152e-04,1.0762838424e-04,3.3411324918e+01
-1.0758330324e-04,1.0562378159e-04,3.3597651548e+01
-1.3081214161e-04,7.6636162013e-05,3.7617457574e+01
-1.4969169030e-04,1.0608436677e-04,3.4006792869e+01
-1.5046645236e-04,1.0828372859e-04,3.3953503733e+01
2.1169217863e-04,4.2831653407e-05,1.7604234263e+01
-1.4354946899e-04,6.7589807965e-05,3.9044905997e+01
-1.8738283092e-04,9.7340859564e-05,3.5023654251e+01
-1.8813386231e-04,9.9842044768e-05,3.4935087970e+01
3.6239274196e-04,4.7745900777e-05,1.2365256284e+01
3.6651891074e-04,5.3128446708e-05,1.2021258713e+01
-1.4353395396e-04,8.5073066208e-05,3.6007620269e+01
2.0697220764e-04,1.0542711584e-05,2.0766196336e+01
3.5257489188e-04,5.8063432075e-05,1.2666360488e+01
-1.3567099218e-04,7.4902713088e-05,3.7833848560e+01
3.0555118229e-04,9.8731490491e-05,1.3266500929e+01
-9.2291728868e-05,5.2147980722e-05,4.3501863781e+01
-3.7818380634e-04,3.9566619511e-06,1.1168110529e+01
-2.5312531723e-04,4.2338844138e-05,3.5299090014e+01
2.1488305754e-04,1.1002780143e-05,2.0599553551e+01
-2.7248544309e-04,3.9224153584e-05,2.9385238833e+01
7.2742479960e-05,1.4308419080e-04,1.9901978917e+01
-3.7423072535e-04,3.8022960335e-06,1.4386981349e+01
-3.6832409187e-04,7.2815391525e-06,1.5054771669e+01
-3.6425241485e-04,6.9102636622e-06,1.6533128035e+01
-3.6239307449e-04,1.0493754165e-05,1.6045702592e+01
-3.5843050151e-04,9.9392593713e-06,1.7230097359e+01
-3.6028703722e-04,6.6302706676e-06,1.7513637925e+01
-3.5648920121e-04,1.3466345733e-05,1.6322904415e+01
-1.5112984413e-04,8.3522223941e-05,3.6168818387e+01
1.9852067189e-04,8.6280793111e-05,1.7386434205e+01
8.4737922297e-05,1.1288706490e-04,2.2849704338e+01
-1.5203822320e-04,5.4924628206e-05,4.1376777818e+01
-2.5669108917e-04,7.3239516213e-05,3.6793189982e+01
-1.4677622207e-04,5.1180944197e-05,4.2361435616e+01
-1.4568341198e-04,4.9384774095e-05,4.2791721484e+01
3.3546339376e-04,3.9849539231e-05,1.4030185368e+01
-3.8278479885e-04,9.2706052909e-06,8.2450490828e+00
3.6272498380e-04,5.6368786265e-05,1.2168479747e+01
-1.7143565188e-04,8.7086183878e-05,3.5658985791e+01
1.0650376326e-04,1.5199228648e-04,1.9015734245e+01
1.0698961537e-04,1.5503409762e-04,1.8794872763e+01
1.1050635583e-04,1.5648277987e-04,1.8666785184e+01
-1.1880776939e-04,1.1235586543e-04,3.3271798511e+01
-1.1975570518e-04,1.1475432784e-04,3.3259321978e+01
1.1195894736e-04,1.1881793975e-04,1.9639748853e+01
3.3373986479e-04,5.4728972348e-05,1.3610540584e+01
3.0600708632e-04,5.0429717868e-05,1.4765438238e+01
1.1358181510e-04,5.9015874810e-05,2.2804947836e+01
-1.0439687187e-04,1.0964365688e-04,3.3244215201e+01
-1.0550192927e-04,1.1176943655e-04,3.3116789672e+01
-1.0393047560e-04,1.1380339611e-04,3.3011546959e+01
-1.0126828720e-04,1.1370691014e-04,3.2984794038e+01
-9.9724648295e-05,1.1575350632e-04,3.2904263480e+01
-9.7076186885e-05,1.1566771462e-04,3.2871840221e+01
-1.0238151858e-04,1.1576215727e-04,3.2943734162e+01
-1.0502979287e-04,1.1584924647e-04,3.2985235642e+01
-1.0087900758e-04,1.1799167361e-04,3.2917476195e+01
1.6869160770e-04,1.4634004457e-04,1.7188948488e+01
3.0457839199e-04,9.0911121801e-05,1.3524521545e+01
3.0793984255e-04,8.7857796321e-05,1.3514392697e+01
1.2946135119e-04,1.4972467396e-04,1.8894650504e+01
-3.0530213018e-04,2.0969137871e-05,1.7292447693e+01
-2.7186722500e-04,2.2176994536e-05,2.7220135639e+01
-2.3930075896e-04,2.2230048845e-05,3.9371531499e+01
1.2115983801e-04,6.0365877582e-05,2.2828989096e+01
-2.8587786896e-04,3.8070926541e-05,2.1794854919e+01
-1.0213501972e-04,1.0543022578e-04,3.3637227549e+01
-9.9407662454e-05,1.0534420816e-04,3.3667603676e+01
2.0079549097e-04,1.0022081808e-04,1.7339311605e+01
1.9760070110e-04,1.0266849255e-04,1.7366360478e+01
4.4016681849e-05,1.0406040305e-04,2.0598315654e+01
-1.0659035863e-04,1.1390575030e-04,3.3043158871e+01
-1.0760775299e-04,1.1620921756e-04,3.3027739834e+01
-1.0570589822e-04,1.1793736363e-04,3.3012623385e+01
-1.1022717304e-04,1.1642571681e-04,3.3078396966e+01
-2.2266342564e-04,7.2161802882e-05,3.6786112305e+01
-2.2239084219e-04,6.9935140747e-05,3.6954452875e+01
2.3472492934e-04,1.2263636359e-05,2.0311578943e+01
1.9863712463e-04,1.4430212454e-04,1.7543106680e+01
1.9510880339e-04,1.4288745360e-04,1.7546260808e+01
1.9417170182e-04,8.1957050085e-05,1.7404858334e+01
-3.0162879339e-04,5.1071051245e-05,2.6268686166e+01
-1.4528735059e-04,1.0153028205e-04,3.4186068241e+01
-1.4258872956e-04,1.0133201059e-04,3.4169848909e+01
3.2412764727e-04,9.9235624494e-05,1.2605113452e+01
-2.0305376540e-04,7.7937632608e-05,3.6511407223e+01
-1.4790144331e-04,1.0796919058e-04,3.3912577694e+01
7.0876733926e-05,9.4106870782e-05,2.1990799324e+01
-1.8555833591e-04,9.0666109605e-05,3.5404667459e+01
8.5389066739e-05,1.1617559173e-04,2.2301503957e+01
3.3607471404e-04,7.4559691816e-05,1.2938091172e+01
-2.3534213757e-04,7.4578113366e-05,3.6548090555e+01
-2.3519138084e-04,7.2261327397e-05,3.6639130070e+01
-1.9063529363e-04,8.0680158990e-05,3.6308947973e+01
6.6457797125e-05,1.4692980591e-04,1.9892752833e+01
6.3240851022e-05,1.4881091799e-04,1.9836081519e+01
6.3512219625e-05,1.5192166930e-04,1.9486663725e+01
6.0083245514e-05,1.5069035016e-04,1.9701262501e+01
5.6726013517e-05,1.4911573496e-04,1.9971780947e+01
5.2946009624e-05,1.5117352129e-04,1.9730907090e+01
-1.4883929102e-04,1.0390609163e-04,3.4090503051e+01
1.0344846622e-04,1.5400654891e-04,1.8894872874e+01
9.9964202641e-05,1.5299884007e-04,1.8995727152e+01
9.6508460223e-05,1.5556005313e-04,1.8808141015e+01
9.3289785588e-05,1.5381238919e-04,1.8978188640e+01
3.2038376115e-04,9.8320265389e-05,1.2779467644e+01
-3.6450019281e-04,1.9828524010e-05,1.1881787243e+01
-3.6137748391e-04,2.4156807888e-05,1.1652399218e+01
-3.5558150485e-04,2.7092284964e-05,1.2358685257e+01
-3.5808018289e-04,2.8449869197e-05,1.1573553542e+01
-3.5240913890e-04,3.1195551527e-05,1.2306103681e+01
-3.6454767164e-04,2.5157606764e-05,1.0849834889e+01
-3.5961508588e-04,3.0753977189e-05,1.0961343318e+01
-3.4984855857e-04,2.9760239689e-05,1.3317896236e+01
-3.4676539766e-04,3.3853126651e-05,1.3213405295e+01
-3.4992690285e-04,3.4997545791e-05,1.2217068957e+01
-3.4387319251e-04,3.8301797296e-05,1.2922075339e+01
4.8750230395e-05,1.0053553156e-04,2.0974912713e+01
1.0610218697e-04,1.4867623423e-04,1.9215761473e+01
-3.7656500791e-04,1.2806396150e-05,1.0020153088e+01
-3.7309376362e-04,1.7301144041e-05,1.0336332476e+01
-3.6738669982e-04,2.0662130183e-05,1.1037982834e+01
1.4016061662e-04,6.3988601036e-05,2.0577964434e+01
-1.7620973479e-04,6.9259428712e-05,3.7991537516e+01
2.9550848591e-04,3.8237156789e-05,1.7122528819e+01
2.9884262912e-04,3.5223182362e-05,1.7121114087e+01
-1.6658145064e-04,1.0345094100e-04,3.4408601228e+01
-3.4698323716e-04,2.8353281945e-05,1.4612144778e+01
2.4270748346e-04,1.2799827489e-05,2.0237468956e+01
1.4775647113e-04,6.5526165902e-05,1.9780916921e+01
-2.8304145635e-04,6.0566953890e-05,3.5016880002e+01
3.2259965744e-04,5.6717375437e-05,1.3961345362e+01
3.2315473079e-04,6.0564758120e-05,1.3823006760e+01
3.2703809752e-04,6.1232144844e-05,1.3667257882e+01
3.2368668558e-04,6.4438666220e-05,1.3689473925e+01
3.1979764417e-04,6.3748561114e-05,1.3839742532e+01
1.2988770546e-04,1.5306363231e-04,1.8763761626e+01
1.3059810798e-04,1.5632834415e-04,1.8594329921e+01
1.2415818598e-04,1.5833898582e-04,1.8484888755e+01
1.9388943544e-04,1.0158338309e-04,1.7397007413e+01
1.9441634109e-04,1.0509453067e-04,1.7393045972e+01
1.9124314354e-04,1.0749908484e-04,1.7418511956e+01
1.9174234667e-04,1.1101597943e-04,1.7419770731e+01
-7.3395650065e-05,1.0695272237e-04,3.4074471728e+01
-7.2010377076e-05,1.0901049792e-04,3.3815310171e+01
-1.8541622393e-04,9.9228606873e-05,3.4909694914e+01
-1.8280891834e-04,9.8909000539e-05,3.4878725913e+01
-1.7822797872e-04,1.0048126975e-04,3.4733839748e+01
-1.8325545138e-04,1.0135535660e-04,3.4792002850e+01
-2.3310465437e-04,4.2155585184e-05,3.8487749224e+01
-2.6561221023e-04,2.1665783635e-05,3.0581228683e+01
3.0121140436e-04,9.3944094891e-05,1.3532878898e+01
2.2340438788e-04,8.2513673498e-05,1.7197760808e+01
2.1953885147e-04,8.1567810853e-05,1.7243015110e+01
2.2015499128e-04,8.5100593512e-05,1.7211178782e+01
2.1630498062e-04,8.4133976628e-05,1.7256101035e+01
2.1569265701e-04,8.0635325341e-05,1.7284245774e+01
2.1691032144e-04,8.7669515082e-05,1.7227059075e+01
3.4044176869e-04,4.8095106691e-05,1.3527147918e+01
-2.7930931337e-04,5.6137733911e-05,3.3458224211e+01
-2.7668609273e-04,5.7692377781e-05,3.4182816902e+01
-1.4894259697e-04,4.9457186010e-05,4.2658840228e+01
2.9806311391e-04,3.1700108156e-05,1.6968365947e+01
3.8138277627e-04,2.1521682102e-05,1.0607831640e+01
3.8148288552e-04,2.6076360534e-05,1.1001213044e+01
3.7842766274e-04,2.9629948803e-05,1.1319048732e+01
3.8492607998e-04,1.8199559168e-05,1.0094669398e+01
3.8188468069e-04,3.1135601172e-05,1.1173481499e+01
3.7506612902e-04,2.9027864572e-05,1.1499017688e+01
3.7524222037e-04,3.3300727273e-05,1.1609884398e+01
3.7182066296e-04,3.2730921917e-05,1.1822718931e+01
3.7571807578e-04,3.7732941132e-05,1.1620546225e+01
3.7234222766e-04,4.1325356586e-05,1.1828457165e+01
4.5721543903e-05,9.9589504627e-05,2.0882691046e+01
-2.4338600783e-04,2.5900283514e-05,3.8033234925e+01
-2.4641702989e-04,2.4240487647e-05,3.7413358069e+01
-2.4945965615e-04,2.2590631229e-05,3.6696026553e+01
2.3055932653e-04,8.0846571979e-05,1.7138120488e+01
3.2944145286e-04,8.0969184947e-05,1.3003679539e+01
-2.8965338678e-04,6.1470135545e-05,3.5805832814e+01
-2.1831849150e-04,4.3002991195e-05,3.9990866370e+01
-2.0644510545e-04,4.4208464256e-05,4.0790049096e+01
-1.6943404265e-04,8.8977617364e-05,3.5459655458e+01
-2.7504120859e-04,3.9815488945e-05,2.8504117794e+01
-1.6508376580e-04,9.9043416659e-05,3.4602536616e+01
3.0551878725e-04,2.9122533355e-05,1.7119506900e+01
-1.1947364369e-04,1.0822901565e-04,3.3455967592e+01
-1.2114334554e-04,1.0623595630e-04,3.3602282982e+01
-1.2384351983e-04,1.0638081393e-04,3.3617862560e+01
-1.2554252335e-04,1.0439946333e-04,3.3775616918e+01
-2.6871860597e-04,6.4939726806e-05,3.6056702968e+01
-2.7091298257e-04,6.5808492926e-05,3.6230633014e+01
-2.7061832228e-04,6.8266080130e-05,3.6668004027e+01
-2.7306806378e-04,6.6714063611e-05,3.6474961257e+01
-2.7257066639e-04,6.9293382075e-05,3.6971004836e+01
-2.7503885012e-04,6.7895712530e-05,3.6838340732e+01
-2.7727467397e-04,6.9403258550e-05,3.7389620861e+01
-2.7951887433e-04,6.7403473045e-05,3.7080597059e+01
-2.7192721741e-04,7.1993701850e-05,3.7452170947e+01
-2.6648804020e-04,6.4113318625e-05,3.5946869948e+01
-2.6422031984e-04,6.3328263434e-05,3.5892921443e+01
-2.6444920385e-04,6.0917742763e-05,3.5569491394e+01
-2.6191575042e-04,6.2583255263e-05,3.5886662849e+01
-2.6211836486e-04,6.0196715571e-05,3.5609045727e+01
-2.5957382477e-04,6.1877551785e-05,3.5920486903e+01
-1.2011156854e-04,1.0411321528e-04,3.3763650208e+01
-2.9888115356e-04,5.2299648926e-05,2.8453635366e+01
-2.7814169412e-04,2.0836758250e-05,2.3040401770e+01
7.2960635625e-05,1.1762147015e-04,2.2220779949e+01
-2.9694856654e-04,5.1065142340e-05,2.7465082940e+01
-2.7016720812e-04,3.6512747230e-05,2.9703495944e+01
-3.4120795179e-04,3.6198777716e-05,1.5316715360e+01
-6.2469098277e-05,5.2163706869e-05,4.3011336771e+01
1.0226249552e-04,1.4422172252e-04,1.9461306926e+01
5.4556253681e-05,8.9619883750e-05,2.1475468269e+01
-3.0623953016e-04,1.8594490483e-05,1.7258050756e+01
7.3530569534e-05,1.2092225815e-04,2.2751247866e+01
1.5925605074e-04,1.0140967543e-04,1.7339537971e+01
1.5982049137e-04,1.0473507431e-04,1.7374964223e+01
-2.3491091551e-04,6.7685979538e-05,3.6831195596e+01
3.3018799031e-04,3.1885304960e-05,1.4612625676e+01
-3.3300931011e-04,3.1365061126e-05,1.7237372564e+01
-3.2815379951e-04,3.3167836301e-05,1.7470690495e+01
3.1990201215e-04,9.4353574951e-05,1.2931035649e+01
-2.4457232042e-04,3.9258214111e-05,3.6929463773e+01
-2.4747893141e-04,3.9563479100e-05,3.6380022118e+01
-2.7549957497e-04,6.5186266585e-05,3.6230619792e+01
-2.7282337262e-04,3.7036741623e-05,2.8680609500e+01
-2.7121075295e-04,6.3326650979e-05,3.5759040873e+01
-9.8991649656e-05,9.5195253744e-05,3.5100577381e+01
-2.5674154786e-04,7.0786007523e-05,3.6642163739e+01
-2.0258812865e-04,7.5759364115e-05,3.6726362321e+01
-2.9019420749e-04,5.8820434859e-05,3.4366874058e+01
3.4610145605e-04,3.3518832273e-05,1.3677259095e+01
-1.0486057330e-04,1.0552340620e-04,3.3614057299e+01
8.7536270019e-05,1.1082987823e-04,2.2832771454e+01
8.4043028312e-05,1.0962485624e-04,2.2535844038e+01
1.7045996569e-04,7.0367083676e-05,1.7499615523e+01
-2.9974873448e-04,3.5501313812e-05,1.7455705102e+01
2.2583111304e-04,9.6975748367e-05,1.7062340309e+01
2.2252188316e-04,9.9559883745e-05,1.7089270586e+01
2.3383374865e-04,7.8203443321e-05,1.7129287357e+01
-1.7473754143e-04,6.5256391409e-05,3.8683092443e+01
-1.3405645665e-04,5.6245336168e-05,4.1678258906e+01
-1.3519966176e-04,5.8079603980e-05,4.1247017564e+01
-1.3836399525e-04,5.8160169084e-05,4.1132517142e+01
-1.8677518901e-04,9.5106691803e-05,3.5128611287e+01
-1.8878956489e-04,9.3215317633e-05,3.5264087470e+01
-1.7231357817e-04,9.7670687825e-05,3.4784341362e+01
1.1994270918e-04,1.5311456684e-04,1.8843606323e+01
-3.0986473050e-04,2.4962901367e-05,1.7375813994e+01
2.6709578719e-04,7.1785401706e-05,1.5062183083e+01
2.6781302185e-04,7.5513284348e-05,1.5107862295e+01
2.7185012961e-04,7.6401393672e-05,1.4849823818e+01
1.3188613685e-04,1.1861491021e-04,1.8672479852e+01
1.3238817583e-04,1.2192178808e-04,1.8666548304e+01
-2.9289566853e-04,4.0676609107e-05,1.8350028137e+01
3.4065623413e-04,8.3495734899e-05,1.2471161398e+01
3.4144134344e-04,8.7774853131e-05,1.2294936735e+01
3.4834860085e-04,8.1279070359e-05,1.2200141039e+01
3.4782261954e-04,7.6939802965e-05,1.2359335873e+01
-3.1485535160e-04,4.8532622497e-05,1.8115041490e+01
1.4889980075e-04,1.2055903667e-04,1.7241321171e+01
-1.5038798011e-04,7.5572020622e-05,3.7429832622e+01
3.4227046456e-04,6.4007621767e-05,1.2986106370e+01
1.3249097834e-04,1.4747186064e-04,1.8896746762e+01
-2.9660038647e-04,1.9208297686e-05,1.7254456753e+01
-2.9590405526e-04,2.1411927166e-05,1.7253207290e+01
1.0874521218e-04,1.4315512591e-04,1.9405614290e+01
-2.4514989702e-04,7.9373632592e-05,3.6572109844e+01
2.8326770544e-04,3.6644350665e-05,1.7116012273e+01
2.8400368647e-04,4.0073171803e-05,1.7080616053e+01
2.4106013266e-04,7.6449461058e-05,1.7065956767e+01
2.3777022020e-04,7.9131859923e-05,1.7074071945e+01
-3.2558936130e-04,3.1707988829e-05,1.7560353442e+01
-2.8736530138e-04,5.1637397835e-05,3.0132347271e+01
2.5592924299e-04,1.2383342878e-04,1.3791687236e+01
2.5204381304e-04,1.2272088902e-04,1.3919694049e+01
2.5160067929e-04,1.1886720533e-04,1.4053929319e+01
2.4815323941e-04,1.2158766416e-04,1.4066397169e+01
-2.8641987949e-04,3.5806069887e-05,1.9904634387e+01
3.4079582962e-04,3.4706871598e-06,1.6611559701e+01
3.3753917747e-04,6.9192012105e-06,1.6419306438e+01
3.3324027267e-04,6.8629982762e-06,1.7172419373e+01
3.3239805762e-04,3.4947689071e-06,1.6916962432e+01
3.3804329781e-04,1.0712583461e-05,1.5444156582e+01
3.3465373401e-04,1.4227471009e-05,1.5395354728e+01
3.4152254824e-04,7.1314140049e-06,1.5629730044e+01
3.3085344824e-04,9.3077095235e-05,1.2557554674e+01
3.3155373571e-04,9.7200025450e-05,1.2381433722e+01
3.3461248798e-04,9.0500790383e-05,1.2492950221e+01
-2.4480817273e-04,4.9628978742e-05,3.6684839090e+01
-2.4476745513e-04,5.1791784441e-05,3.6673509430e+01
1.2903872028e-04,1.4638855607e-04,1.8985835866e+01
-2.8639177842e-04,2.4159277360e-05,1.6908165524e+01
-9.1776905333e-05,1.1551159636e-04,3.2824987366e+01
-9.2930628949e-05,1.1759539998e-04,3.2786556300e+01
-3.6212061416e-04,3.3432077491e-06,2.0339283678e+01
-3.5640666747e-04,6.3344004723e-06,1.8445317915e+01
2.9588926992e-04,1.1165087030e-04,1.3142885922e+01
2.9728266765e-04,6.7076640900e-05,1.4419707102e+01
3.1530137812e-04,5.9240822052e-05,1.4125455959e+01
3.1588260356e-04,6.3061128265e-05,1.3986784122e+01
3.1252417596e-04,6.6193753004e-05,1.3996344949e+01
3.1644086718e-04,6.6905242832e-05,1.3853947821e+01
3.1308385949e-04,7.0036529514e-05,1.3865882513e+01
3.1697866646e-04,7.0772063972e-05,1.3724982350e+01
3.0858387452e-04,6.5481108602e-05,1.4137468774e+01
2.9733648536e-04,9.3072065910e-05,1.3660851573e+01
3.0864305299e-04,4.3637039395e-05,1.4952431868e+01
2.7870521791e-04,1.2617744309e-04,1.3131959498e+01
2.8199503054e-04,1.2753837338e-04,1.2975031251e+01
2.7524691202e-04,1.2903237438e-04,1.3121289370e+01
2.7142563476e-04,1.2806629130e-04,1.3270578270e+01
2.7186698715e-04,1.3197369016e-04,1.3100193696e+01
2.6755493173e-04,1.2703437850e-04,1.3412429854e+01
2.6327026195e-04,1.2213218979e-04,1.3672196925e+01
-2.6891738409e-04,4.5313876347e-05,3.2060537759e+01
3.4757057993e-04,1.8661326239e-05,1.4089525388e+01
3.4825115450e-04,2.2411709667e-05,1.3872938813e+01
4.5044725776e-05,9.6905016722e-05,2.0964140268e+01
-1.5250377625e-04,1.0001086020e-04,3.4377287087e+01
3.2048967936e-04,2.3742629588e-05,1.5419714203e+01
2.8926183068e-04,6.5557287417e-05,1.4721259756e+01
1.7999836210e-04,1.2728155697e-04,1.7495440807e+01
1.7726573633e-04,1.3295981185e-04,1.7475613347e+01
1.8315143520e-04,1.2501451744e-04,1.7495808814e+01
-2.3932815274e-04,4.8863401172e-05,3.7324563914e+01
-2.3662778448e-04,5.0609566029e-05,3.7519178221e+01
-2.3397787342e-04,5.2364100186e-05,3.7656034832e+01
4.8267715111e-05,8.8012312534e-05,2.1330592704e+01
6.3187766167e-05,1.4548412585e-04,2.0041446243e+01
-2.6729347007e-04,5.6880448183e-05,3.4740285517e+01
2.2078858431e-04,1.1320988539e-04,1.7058335540e+01
2.1743163866e-04,1.1571526573e-04,1.7089211024e+01
2.1362116252e-04,1.1449677790e-04,1.7154504021e+01
2.1408199937e-04,1.1818777815e-04,1.7139429195e+01
2.1789080806e-04,1.1943691087e-04,1.7080656849e+01
2.1030220044e-04,1.1695149053e-04,1.7204076319e+01
2.1074190211e-04,1.2062567159e-04,1.7197883144e+01
2.0699406593e-04,1.1937321090e-04,1.7259231321e+01
2.0741327181e-04,1.2302792401e-04,1.7259875363e+01
2.0369841231e-04,1.2176138090e-04,1.7317644764e+01
2.1115380084e-04,1.2431262360e-04,1.7191606191e+01
2.0409799597e-04,1.2539358073e-04,1.7326392030e+01
2.0327072441e-04,1.1813771760e-04,1.7312843245e+01
2.0983750642e-04,1.1329092817e-04,1.7212906350e+01
2.0000607775e-04,1.2051440580e-04,1.7364484320e+01
2.2127180957e-04,1.1694458879e-04,1.7016940763e+01
2.2173133825e-04,1.2069634409e-04,1.6961231201e+01
2.1832404385e-04,1.2317425604e-04,1.7057638317e+01
2.2216443421e-04,1.2446404125e-04,1.7024631916e+01
2.2560624065e-04,1.2196243088e-04,1.7030172395e+01
2.2604277407e-04,1.2575795705e-04,1.6446114304e+01
2.1872820484e-04,1.2692646577e-04,1.6997584014e+01
2.2951830192e-04,1.2323120712e-04,1.5415434301e+01
2.2905265995e-04,1.1942391625e-04,1.6227857941e+01
2.2995124101e-04,1.2705152972e-04,1.4647698543e+01
2.2644991391e-04,1.2957183115e-04,1.5445127125e+01
2.0281693258e-04,1.1452451845e-04,1.7312138188e+01
2.8618793376e-04,1.2495632362e-04,1.2948822599e+01
1.3552143962e-04,1.4521510552e-04,1.8852546304e+01
1.2465800650e-04,9.7984916615e-05,1.9980549926e+01
1.2175929526e-04,1.0019495230e-04,2.0092004305e+01
-1.4657584374e-04,6.7707177929e-05,3.8945286613e+01
-1.4068569984e-04,8.4917098736e-05,3.6057874077e+01
2.5234164457e-04,7.5557262594e-05,1.7026291165e+01
-3.1957734591e-04,1.8284662457e-06,1.7297062287e+01
-3.1525535193e-04,3.6636140515e-06,1.7108962442e+01
3.2042570063e-04,3.2444973283e-06,1.7381263568e+01
3.1294292791e-04,6.1996976619e-06,1.7193607910e+01
3.2090933625e-04,6.5889994860e-06,1.7016588370e+01
-2.5206865257e-04,6.9373756894e-05,3.6571946486e+01
-2.5203551866e-04,7.1771682718e-05,3.6652970235e+01
-2.4967630406e-04,7.1098565854e-05,3.6624659586e+01
3.5957558315e-05,1.0386609681e-04,2.0334390334e+01
1.1489163653e-04,1.1660855128e-04,1.9584145093e+01
2.7523600569e-04,3.5701047652e-05,1.7192062663e+01
2.7592542627e-04,3.9012383965e-05,1.7165834013e+01
2.7192622555e-04,3.8514876800e-05,1.7200409874e+01
2.4969494550e-04,1.3702629564e-04,1.3505946104e+01
2.5356175190e-04,1.3814815080e-04,1.3360482465e+01
2.4607048275e-04,1.3963189211e-04,1.3493672872e+01
2.4224520031e-04,1.3849591560e-04,1.3630812055e+01
2.4223316297e-04,1.4203421132e-04,1.3488833611e+01
2.5708728031e-04,1.3540346134e-04,1.3378808955e+01
2.4194707967e-04,1.3465953741e-04,1.3780028780e+01
2.1995861469e-04,1.4208946057e-04,1.6911877631e+01
2.1637876458e-04,1.4440989264e-04,1.7110685056e+01
2.1267352271e-04,1.4290631137e-04,1.7192387800e+01
2.1282197431e-04,1.4664981930e-04,1.7193646180e+01
2.1645106390e-04,1.4796828260e-04,1.7118360094e+01
2.1256276441e-04,1.5044586379e-04,1.7313006746e+01
2.0900470745e-04,1.4142313524e-04,1.7311303837e+01
2.2015803387e-04,1.4580951251e-04,1.6611339916e+01
2.2432897053e-04,1.4782427471e-04,1.4267339854e+01
2.0911723984e-04,1.4864039134e-04,1.7448253288e+01
2.2760562161e-04,1.4495235097e-04,1.3831200575e+01
-1.7528089639e-04,4.4816975820e-05,4.2534654582e+01
2.2856096334e-04,1.1563441142e-04,1.6922212569e+01
2.3249673703e-04,1.1685402667e-04,1.5376118563e+01
-2.5477849063e-04,6.0579840985e-05,3.6082257795e+01
-2.5733956756e-04,5.8873004443e-05,3.5797818414e+01
2.5359204438e-04,2.4863232264e-05,1.8503076488e+01
2.5028487232e-04,2.7450380000e-05,1.8260421489e+01
2.4628705040e-04,2.7073301775e-05,1.8465260228e+01
2.4698614288e-04,3.0018536605e-05,1.8034167825e+01
2.4299791714e-04,2.9612235523e-05,1.8229754487e+01
2.5096040652e-04,3.0404377467e-05,1.7818827080e+01
2.4227894497e-04,2.6677290913e-05,1.8591408276e+01
2.3900034537e-04,2.9188162803e-05,1.8349214846e+01
2.4369730186e-04,3.2569517868e-05,1.7822685146e+01
2.3827231523e-04,2.6268605902e-05,1.8650000713e+01
2.3500374896e-04,2.8752391737e-05,1.8423053562e+01
2.3573253118e-04,3.1684944713e-05,1.8134473580e+01
2.3174648316e-04,3.1223185520e-05,1.8226625894e+01
2.3101277701e-04,2.8309073568e-05,1.8495834200e+01
2.5426711394e-04,2.7806568271e-05,1.8035600744e+01
2.5491830733e-04,3.0770024791e-05,1.7610167958e+01
2.5823245079e-04,2.8141853426e-05,1.7797049279e+01
3.4091764876e-04,2.5569538838e-05,1.4325042626e+01
-2.0149692005e-04,2.3142006474e-05,4.4901440371e+01
-2.0588962240e-04,2.4848144983e-05,4.4153854842e+01
-2.0315653022e-04,2.6470037312e-05,4.4142125228e+01
-2.0044232051e-04,2.8107694095e-05,4.4101085724e+01
-2.0862464040e-04,2.3237159733e-05,4.4136860929e+01
-2.1214714303e-04,2.3290309824e-05,4.3719037791e+01
-2.0936214795e-04,2.4906153425e-05,4.3768800326e+01
-2.1493016742e-04,2.1684406068e-05,4.3635897223e+01
-2.1562725148e-04,2.3350856410e-05,4.3275898963e+01
-2.1844930030e-04,2.1737270128e-05,4.3154921619e+01
-1.9025192514e-04,8.9107659122e-05,3.5556352477e+01
1.6948140114e-04,8.2252707817e-05,1.7246574491e+01
1.6645717379e-04,8.4589627375e-05,1.7215611880e+01
1.6279447853e-04,8.3687907106e-05,1.7064021088e+01
2.4766105166e-04,3.2983407112e-05,1.7632881813e+01
-2.3342580698e-04,8.1053572156e-05,3.6285976280e+01
-2.3585524959e-04,8.1638808088e-05,3.6293594336e+01
-2.3360448152e-04,8.3387897013e-05,3.6205572671e+01
-2.3604685903e-04,8.4025936686e-05,3.6218664530e+01
-3.3633996685e-04,2.0210560847e-05,1.7244235720e+01
-1.8947875219e-04,7.6400972956e-05,3.6792172836e+01
-1.8731872532e-04,7.8252192502e-05,3.6594871056e+01
1.5469258795e-04,7.8701180114e-05,1.8241224335e+01
1.5173018145e-04,8.0986853900e-05,1.8377558237e+01
-3.4705993088e-04,1.5427156868e-05,1.7122955579e+01
-3.4500426601e-04,1.8818602071e-05,1.7103716754e+01
-2.3119689004e-04,8.2840163407e-05,3.6197971988e+01
-2.3145907329e-04,8.5036003839e-05,3.6127222310e+01
1.8882531816e-04,1.5044920528e-04,1.7445152644e+01
2.4993400587e-04,1.4139124708e-04,1.3315478326e+01
2.5417734362e-04,1.4200835091e-04,1.3162676987e+01
-2.0591122109e-04,1.2035529482e-05,4.6304956455e+01
-2.0318387859e-04,1.3575435881e-05,4.6369732638e+01
-1.9942726024e-04,1.3556566021e-05,4.6773057122e+01
-2.0046473863e-04,1.5124815116e-05,4.6404112324e+01
-1.9674676852e-04,1.5100865712e-05,4.6780645619e+01
-1.9777764779e-04,1.6677906208e-05,4.6408793143e+01
-1.9566502060e-04,1.3539064577e-05,4.7150330931e+01
-1.9300027889e-04,1.5084128425e-05,4.7134790091e+01
2.5897405064e-04,7.0016204593e-05,1.7137881944e+01
1.7518290230e-04,1.4538561695e-04,1.7261393819e+01
1.7549905941e-04,1.4878196453e-04,1.7099984209e+01
1.7883725191e-04,1.4998223587e-04,1.7085024355e+01
1.7579071728e-04,1.5219448261e-04,1.7387041458e+01
3.2231077589e-04,8.3304202443e-05,1.3190619529e+01
2.2159795748e-04,2.1801873927e-05,1.9197893582e+01
2.1835249130e-04,2.4162498044e-05,1.8989841161e+01
2.1439213719e-04,2.3744106065e-05,1.9089702977e+01
2.1512144972e-04,2.6514294917e-05,1.8821021659e+01
2.1116668910e-04,2.6070154531e-05,1.8933086677e+01
2.1908298924e-04,2.6961760913e-05,1.8725895696e+01
2.1586099934e-04,2.9331218247e-05,1.8558535613e+01
2.1043803401e-04,2.3330348322e-05,1.9206098364e+01
2.0721707586e-04,2.5630682908e-05,1.9049909201e+01
2.0795695687e-04,2.8389736978e-05,1.8793867123e+01
2.0401248234e-04,2.7925622710e-05,1.8925708044e+01
2.0327428058e-04,2.5196804704e-05,1.9180423242e+01
2.2232027443e-04,2.4584069356e-05,1.8910171145e+01
2.2305143779e-04,2.7411285774e-05,1.8626840074e+01
2.2629522358e-04,2.5007105542e-05,1.8831486975e+01
2.2702793500e-04,2.7861119983e-05,1.8565003782e+01
2.2379025908e-04,3.0280632683e-05,1.8380600655e+01
2.3027903663e-04,2.5430658046e-05,1.8761951096e+01
2.2955208962e-04,2.2592265980e-05,1.9048043450e+01
2.3354256522e-04,2.2987785335e-05,1.9005640115e+01
1.7050458244e-04,5.5839189890e-05,1.8526700274e+01
1.6744552870e-04,5.8102921654e-05,1.8595357482e+01
1.6361691279e-04,5.7377818086e-05,1.8924433340e+01
-2.5586727325e-04,4.2747902208e-05,3.4758069723e+01
-1.5876097850e-04,8.2010029815e-05,3.6323032046e+01
-1.5958711695e-04,8.4083945923e-05,3.6036167825e+01
-1.6238491988e-04,8.4288493791e-05,3.5996914291e+01
-1.6040122410e-04,8.6174291837e-05,3.5767602620e+01
-1.6317705004e-04,8.6387754021e-05,3.5736891545e+01
-1.6120575561e-04,8.8280829474e-05,3.5518466925e+01
-1.6395993890e-04,8.8503196331e-05,3.5496447343e+01
-1.5677885708e-04,8.3888185747e-05,3.6077853862e+01
2.0228320091e-04,8.7244505062e-05,1.7360290221e+01
-2.0970266089e-04,5.7967503654e-05,3.8598423141e+01
-1.9074755279e-04,1.1977667019e-05,4.7869408591e+01
-1.8810955856e-04,1.3509202168e-05,4.7836675224e+01
-1.8923034486e-04,1.5070279222e-05,4.7468416765e+01
-1.9188668934e-04,1.3524847313e-05,4.7504486632e+01
-1.9033365825e-04,1.6634522570e-05,4.7096407401e+01
-1.0462148587e-04,9.5354969146e-05,3.4953351061e+01
1.4359703415e-04,5.1104575045e-05,2.0917934224e+01
1.4445028418e-04,5.3906160497e-05,2.0694908884e+01
1.4828733002e-04,5.4577354465e-05,2.0317498973e+01
1.5128821925e-04,5.2401167397e-05,2.0177320710e+01
1.5513385956e-04,5.3067148313e-05,1.9823736516e+01
1.5594448847e-04,5.5952540332e-05,1.9599325832e+01
3.3267647717e-04,4.6984613126e-05,1.3900247669e+01
1.2469727652e-04,7.1846621933e-05,2.1787080438e+01
1.2555773112e-04,7.4825110240e-05,2.1523469131e+01
1.2930423469e-04,7.5673677112e-05,2.1068904103e+01
1.2640605760e-04,7.7846325082e-05,2.1259795054e+01
1.2267084459e-04,7.6980077653e-05,2.1727651485e+01
1.2351975038e-04,8.0011087592e-05,2.1450827364e+01
1.1979636958e-04,7.9126261554e-05,2.1937344142e+01
1.1893511159e-04,7.6124726228e-05,2.2201401479e+01
1.1607078993e-04,7.8256302912e-05,2.2420080934e+01
1.1519837814e-04,7.5282201783e-05,2.2800547853e+01
1.1234671014e-04,7.7391769070e-05,2.2913142148e+01
1.1146174971e-04,7.4451013812e-05,2.2938315676e+01
1.0862591244e-04,7.6542196240e-05,2.2768276436e+01
1.0774061352e-04,7.3636250976e-05,2.2744378098e+01
1.0492753227e-04,7.5711048335e-05,2.2724813214e+01
1.0404516691e-04,7.2840250173e-05,2.2697618437e+01
1.0125536945e-04,7.4898815015e-05,2.2658113693e+01
1.0037617814e-04,7.2063220326e-05,2.2641833721e+01
9.7608960591e-05,7.4108912703e-05,2.2600899858e+01
9.6733999711e-05,7.1305745426e-05,2.2584369251e+01
9.3992301167e-05,7.3332533062e-05,2.2538896639e+01
9.3119559490e-05,7.0566592475e-05,2.2525414544e+01
9.0402777165e-05,7.2577630661e-05,2.2477684259e+01
8.9532767599e-05,6.9846998942e-05,2.2464500013e+01
8.6841382969e-05,7.1842710871e-05,2.2413285043e+01
8.5974013743e-05,6.9146732929e-05,2.2402971136e+01
8.3308498645e-05,7.1127529890e-05,2.2349722510e+01
8.2443437347e-05,6.8466097188e-05,2.2340941355e+01
7.9804331325e-05,7.0432271555e-05,2.2283955555e+01
7.8941170654e-05,6.7805105167e-05,2.2279465625e+01
7.6328956470e-05,6.9756990931e-05,2.2220691098e+01
7.5467241645e-05,6.7163903239e-05,2.2218010368e+01
7.2881219263e-05,6.9104826138e-05,2.2158056986e+01
7.2021377608e-05,6.6543131377e-05,2.2158746660e+01
6.9464163645e-05,6.8467663679e-05,2.2095668686e+01
6.8603978506e-05,6.5941361303e-05,2.2101480030e+01
6.6074832380e-05,6.7852770816e-05,2.2038188847e+01
6.5214340752e-05,6.5359909538e-05,2.2046075734e+01
6.2712388897e-05,6.7261589941e-05,2.1983524303e+01
6.1851997638e-05,6.4799173911e-05,2.1994662245e+01
5.9379535148e-05,6.6685949797e-05,2.1930701270e+01
5.8517026663e-05,6.4257806580e-05,2.1947206787e+01
5.6073178868e-05,6.6132794128e-05,2.1884767305e+01
5.5208543105e-05,6.3736904378e-05,2.1903276490e+01
5.2792255597e-05,6.5603440455e-05,2.1843383138e+01
5.1925849945e-05,6.3236803969e-05,2.1864861235e+01
4.9539039869e-05,6.5089921821e-05,2.1805394105e+01
4.8668733691e-05,6.2756247495e-05,2.1831654858e+01
4.6310356442e-05,6.4598915516e-05,2.1775433432e+01
4.5436154800e-05,6.2296163487e-05,2.1802980527e+01
4.3104977524e-05,6.4131624254e-05,2.1750824840e+01
4.2227246446e-05,6.1856808145e-05,2.1780500773e+01
3.9924814894e-05,6.3680257588e-05,2.1730046660e+01
3.9041579542e-05,6.1436993760e-05,2.1763633101e+01
3.6766700488e-05,6.3251229756e-05,2.1717150089e+01
3.5878030942e-05,6.1037480172e-05,2.1751280348e+01
3.3629328944e-05,6.2845629109e-05,2.1708831128e+01
3.2735638199e-05,6.0658435356e-05,2.1744253011e+01
3.0514328870e-05,6.2455825898e-05,2.1702958324e+01
2.9613835910e-05,6.0298726229e-05,2.1740054025e+01
2.7418622678e-05,6.2087983424e-05,2.1700114164e+01
2.6511481591e-05,5.9958955503e-05,2.1740305568e+01
2.4340897324e-05,6.1743077725e-05,2.1705213293e+01
2.3427574645e-05,5.9639223884e-05,2.1711638000e+01
2.1282559676e-05,6.1413622676e-05,2.1679397043e+01
1.8240675201e-05,6.1105532389e-05,2.1723966438e+01
1.7311996590e-05,5.9057224862e-05,2.1228022613e+01
1.5214001259e-05,6.0819621405e-05,2.1987724733e+01
1.4278542465e-05,5.8795594810e-05,2.2899962718e+01
1.2202319635e-05,6.0548326548e-05,2.4124689434e+01
1.1234794739e-05,5.8545203521e-05,2.5049210624e+01
9.1690713926e-06,6.0289960034e-05,2.5463116673e+01
8.1672622210e-06,5.8305096606e-05,2.6508857074e+01
6.1128656947e-06,6.0045496511e-05,2.7043978190e+01
5.0783640790e-06,5.8075788321e-05,2.7943756531e+01
3.0369721369e-06,5.9808324586e-05,2.8475828074e+01
1.9697812011e-06,5.7856854535e-05,2.9330448817e+01
-5.8744117876e-08,5.9584580298e-05,2.9852581558e+01
-1.1571968501e-06,5.7649017900e-05,3.0642230870e+01
-4.3012340751e-06,5.7452645215e-05,3.1880710827e+01
-6.3027578084e-06,5.9174152587e-05,3.2357904459e+01
-9.4480256303e-06,5.8986472604e-05,3.3484850118e+01
-1.0634827828e-05,5.7093013071e-05,3.4122249186e+01
-1.2607679955e-05,5.8813302284e-05,3.4527421147e+01
-1.3822005495e-05,5.6930267693e-05,3.5124044063e+01
-1.5779065968e-05,5.8647769045e-05,3.5487485510e+01
-1.7021085395e-05,5.6778244878e-05,3.6047621487e+01
-1.8962224716e-05,5.8495346941e-05,3.6367104344e+01
-2.0231029076e-05,5.6637092387e-05,3.6894913992e+01
-2.2156176352e-05,5.8356753815e-05,3.7168962644e+01
-2.3450815184e-05,5.6506751899e-05,3.7668458406e+01
-2.5358703028e-05,5.8225063020e-05,3.7896886403e+01
-2.6679367091e-05,5.6386466786e-05,3.8371299514e+01
-2.8569834688e-05,5.8105570486e-05,3.8554264373e+01
-2.9915801564e-05,5.6276214909e-05,3.9006768041e+01
-3.1788740124e-05,5.7998891184e-05,3.9144698757e+01
-3.3159261931e-05,5.6175839818e-05,3.9578368329e+01
-3.5013619689e-05,5.7898099736e-05,3.9672717139e+01
-3.6408863137e-05,5.6084589281e-05,4.0089786600e+01
-3.8244469528e-05,5.7808394579e-05,4.0141900523e+01
-3.9663862016e-05,5.6002335938e-05,4.0544715367e+01
-4.1480581187e-05,5.7730348276e-05,4.0555920678e+01
-4.2923544740e-05,5.5928882126e-05,4.0946805804e+01
-4.4720544714e-05,5.7657075524e-05,4.0919380037e+01
1.2725033740e-04,8.0914735504e-05,2.0986869945e+01
-4.6187187957e-05,5.5863526722e-05,4.1299727892e+01
-4.7964292887e-05,5.7593734420e-05,4.1235480508e+01
-4.3277649331e-05,5.9469359788e-05,4.0546113449e+01
-2.4062044888e-05,6.0084945876e-05,3.7429193214e+01
-1.4561094714e-05,6.0540328183e-05,3.4931059448e+01
-5.1687129223e-06,6.1106364362e-05,3.1671525365e+01
4.0801451129e-06,6.1787809275e-05,2.7611419570e+01
1.3145173850e-05,6.2582291199e-05,2.2418555286e+01
2.2197913301e-05,6.3525788712e-05,2.1687709279e+01
-3.7830970373e-05,5.4284213454e-05,4.0514250557e+01
-2.8026618096e-05,5.4562332242e-05,3.8852133271e+01
-8.6448784585e-06,5.5378334451e-05,3.3721019006e+01
3.1407855861e-05,6.4650827016e-05,2.1668039937e+01
8.7691796513e-07,5.5926059335e-05,3.0165044582e+01
1.0242104352e-05,5.6565747186e-05,2.6005991703e+01
1.9435888102e-05,5.7293800178e-05,2.1614321982e+01
2.8707855108e-05,5.8172913452e-05,2.1779961191e+01
1.1431380965e-04,7.2351608641e-05,2.2933024248e+01
3.8152346496e-05,5.9225868478e-05,2.1794033311e+01
9.5855816534e-05,6.8546490060e-05,2.2570494467e+01
4.7792288717e-05,6.0455897941e-05,2.1856162141e+01
5.7648679065e-05,6.1864572260e-05,2.1963110054e+01
7.8074463546e-05,6.5216608066e-05,2.2276334221e+01
6.7738673316e-05,6.3451859394e-05,2.2107473245e+01
4.0800243375e-05,6.5962728455e-05,2.1698779345e+01
5.0401135337e-05,6.7464531401e-05,2.1782198405e+01
6.0233905387e-05,6.9157143861e-05,2.1918197901e+01
7.0316701012e-05,7.1039400229e-05,2.2094388248e+01
9.4858928659e-05,7.6149235630e-05,2.2557823300e+01
1.1321714507e-04,8.0383108688e-05,2.2713782299e+01
8.0683598670e-05,7.3108414518e-05,2.2292984184e+01
8.7725655858e-05,7.4589219723e-05,2.2427427314e+01
1.0582787053e-04,7.8635655250e-05,2.2728967528e+01
1.2437600886e-04,8.3091654006e-05,2.1166980772e+01
-4.9457548236e-05,5.5805665684e-05,4.1607355109e+01
-4.7681529021e-05,5.4082129183e-05,4.1687292804e+01
-5.1211243016e-05,5.7541354052e-05,4.1507544822e+01
-4.9700088231e-05,5.9338434153e-05,4.1148594242e+01
8.5104129187e-05,6.6490812805e-05,2.2394834366e+01
1.0316099907e-04,7.0012407141e-05,2.2680020412e+01
1.3221323085e-04,7.3496788387e-05,2.0880289058e+01
1.3304932564e-04,7.6533704345e-05,2.0620963399e+01
1.3597386358e-04,7.4341070750e-05,2.0441481199e+01
1.3680875689e-04,7.7405571229e-05,2.0175068012e+01
1.3388762866e-04,7.9616942348e-05,2.0348801075e+01
-4.9200134219e-05,5.2313504425e-05,4.2080629310e+01
1.3590597814e-04,4.9859788286e-05,2.1705460596e+01
1.3675995948e-04,5.2599208176e-05,2.1486340210e+01
1.9395195270e-04,1.9189139311e-05,2.0043921898e+01
1.9073691105e-04,2.1361689192e-05,1.9933189939e+01
1.8680481408e-04,2.0992414076e-05,2.0124136233e+01
1.8753880626e-04,2.3535630679e-05,1.9847444678e+01
1.8361103881e-04,2.3141774095e-05,2.0041971162e+01
1.9146831553e-04,2.3938509769e-05,1.9661716403e+01
1.8828564665e-04,2.6136963710e-05,1.9582258041e+01
1.8287358689e-04,2.0632554408e-05,2.0315712003e+01
1.7968335530e-04,2.2757754087e-05,2.0252963912e+01
1.8043650270e-04,2.5293733501e-05,1.9997899794e+01
1.7651221340e-04,2.4886746244e-05,2.0223490370e+01
1.7575738903e-04,2.2383513425e-05,2.0480973030e+01
1.9467062899e-04,2.1739892028e-05,1.9757984486e+01
1.9539995143e-04,2.4349974742e-05,1.9488799647e+01
1.9860636809e-04,2.2126524291e-05,1.9598515658e+01
1.9933509375e-04,2.4769611783e-05,1.9329117892e+01
1.9614245541e-04,2.7016090662e-05,1.9225173299e+01
2.0254627948e-04,2.2520965439e-05,1.9456848284e+01
2.0182984501e-04,1.9901209811e-05,1.9747036290e+01
2.0577343516e-04,2.0268734395e-05,1.9606650736e+01
-2.5896139706e-04,3.6861936722e-05,3.3615161650e+01
2.8783339264e-04,7.9839441745e-05,1.4269771293e+01
2.8447191065e-04,8.2791176012e-05,1.4267022101e+01
-2.0155410461e-04,9.5000831576e-05,3.5351993274e+01
-2.7487717314e-04,5.4416228741e-05,3.3355526040e+01
2.3844926154e-04,4.3642998774e-05,1.7082238698e+01
2.3907809281e-04,4.6718473519e-05,1.7222458491e+01
2.4298295601e-04,4.7263370904e-05,1.7255168602e+01
2.3971008717e-04,4.9868447581e-05,1.7273953985e+01
2.3581001182e-04,4.9288535495e-05,1.7245393596e+01
2.3644507888e-04,5.2465514322e-05,1.7288583706e+01
2.4035000577e-04,5.3092928933e-05,1.7287816720e+01
2.3708666120e-04,5.5713504721e-05,1.7293339082e+01
2.4099922901e-04,5.6388023798e-05,1.7273897210e+01
2.3255124276e-04,5.1852018040e-05,1.7269900171e+01
2.3191632170e-04,4.8719511524e-05,1.7204992288e+01
2.4426875684e-04,5.3736247346e-05,1.7271855955e+01
2.4492790091e-04,5.7078841970e-05,1.7243213137e+01
2.4165771311e-04,5.9748653607e-05,1.7243342279e+01
2.4559734080e-04,6.0484990730e-05,1.7202804720e+01
2.2866584424e-04,5.1250074351e-05,1.7232968904e+01
2.2802586657e-04,4.8156697592e-05,1.7132992353e+01
2.4887514996e-04,5.7786258961e-05,1.7203461827e+01
2.4626361633e-04,4.4650344707e-05,1.7234875827e+01
2.4689701444e-04,4.7822993700e-05,1.7271242560e+01
2.5018061739e-04,4.5173459403e-05,1.7257497961e+01
-1.8742815852e-04,6.0222006626e-05,3.9145922333e+01
1.1672650944e-04,4.6997120439e-05,2.2844166934e+01
1.1761706615e-04,4.9585398409e-05,2.2842126686e+01
1.2143242561e-04,5.0158403973e-05,2.2964295695e+01
1.2437293134e-04,4.8097025469e-05,2.2939372569e+01
1.2821669614e-04,4.8670131193e-05,2.2532079480e+01
1.2908653573e-04,5.1349201021e-05,2.2314502971e+01
-3.1934407454e-04,1.8830281496e-05,1.7226080014e+01
-1.9268322870e-04,9.7753854418e-05,3.5094677758e+01
2.0344078269e-04,9.4220655454e-05,1.7328805971e+01
1.0917569742e-04,4.5965936225e-05,2.2759546467e+01
1.1004496253e-04,4.8488802031e-05,2.2769669315e+01
2.0935031035e-04,1.0964577100e-04,1.7224222359e+01
-1.9549473807e-04,7.9129611994e-05,3.6443503557e+01
-1.9602285058e-04,8.1303678255e-05,3.6229356690e+01
1.6639650008e-04,1.6991254876e-05,2.1461825192e+01
1.6321030313e-04,1.8988178306e-05,2.1458694298e+01
1.5927469803e-04,1.8694159234e-05,2.1713123688e+01
1.6004269295e-04,2.0996384513e-05,2.1477140828e+01
1.5611207128e-04,2.0679638182e-05,2.1750609359e+01
1.6397266848e-04,2.1325676584e-05,2.1215039522e+01
1.6082254948e-04,2.3365722723e-05,2.1238193513e+01
1.5533889402e-04,1.8413497092e-05,2.1964983033e+01
1.5218014102e-04,2.0376702445e-05,2.2015718468e+01
1.5297108557e-04,2.2676919525e-05,2.1805308235e+01
1.4904335968e-04,2.2352362376e-05,2.2091316016e+01
1.4825189640e-04,2.0088068875e-05,2.2274924355e+01
1.6714513793e-04,1.9294634881e-05,2.1210657079e+01
1.6790139021e-04,2.1666960420e-05,2.0954110519e+01
1.7107816437e-04,1.9612851357e-05,2.0971759420e+01
1.7182965075e-04,2.2019739042e-05,2.0715715396e+01
1.6866975186e-04,2.4103654350e-05,2.0702743552e+01
1.7501124878e-04,1.9942273094e-05,2.0742903623e+01
1.7427332978e-04,1.7567360058e-05,2.1009603246e+01
1.7821004667e-04,1.7871837989e-05,2.0792062750e+01
-9.8036212908e-05,5.9233855399e-05,4.1972672519e+01
-2.2983634627e-04,3.9965495525e-05,3.9107897360e+01
-2.1204105242e-04,3.1814355226e-05,4.2311205665e+01
-2.1264885543e-04,3.3592013076e-05,4.1956718906e+01
-1.4487319533e-04,2.4265498423e-05,4.8305580877e+01
-1.4255365097e-04,2.5846460348e-05,4.8063093991e+01
-1.3894458526e-04,2.5825461219e-05,4.8199078941e+01
-1.4027077500e-04,2.7441721379e-05,4.7808680088e+01
-1.3669267376e-04,2.7412073373e-05,4.7939569297e+01
-1.3531675872e-04,2.5806357266e-05,4.8325815597e+01
-1.3800720634e-04,2.9035098754e-05,4.7547131633e+01
-1.3168237310e-04,2.5788237393e-05,4.8442697801e+01
-1.2946995467e-04,2.7372436566e-05,4.8171071685e+01
-1.3087153078e-04,2.8985416475e-05,4.7785988446e+01
-1.2727928779e-04,2.8965370274e-05,4.7891053896e+01
-1.2585242054e-04,2.7352838664e-05,4.8271949716e+01
2.0936199407e-04,6.6303422180e-05,1.7344199341e+01
2.0618012948e-04,6.8786075572e-05,1.7355695449e+01
2.1255504201e-04,6.3812214100e-05,1.7331746649e+01
-1.5018872532e-04,1.3399703235e-05,5.0245279654e+01
-1.5159943342e-04,1.4930875877e-05,4.9890957122e+01
-1.5538227839e-04,1.4940620699e-05,4.9709244132e+01
-1.5298227344e-04,1.6472669027e-05,4.9529940268e+01
-1.5674040915e-04,1.6483005856e-05,4.9346105874e+01
-1.4922154136e-04,1.6460255950e-05,4.9702665178e+01
-1.5916208519e-04,1.4950787623e-05,4.9515446062e+01
-1.6048394738e-04,1.6497535941e-05,4.9150394757e+01
-1.5433707999e-04,1.8025476267e-05,4.9162423944e+01
-1.6292604186e-04,1.4964437066e-05,4.9309435838e+01
-1.3817531778e-04,1.0940216199e-04,3.3690627780e+01
-1.3643900371e-04,1.1143718410e-04,3.3615754505e+01
-1.3381272842e-04,1.1112751633e-04,3.3569707507e+01
-1.3449232786e-04,1.1316065868e-04,3.3564207780e+01
-1.3902520220e-04,1.1153143840e-04,3.3667409558e+01
-1.2674121464e-04,7.4574672757e-05,3.8100187589e+01
-1.2487956714e-04,7.6423872697e-05,3.7791408022e+01
-1.2190490118e-04,7.6325479865e-05,3.7881704605e+01
-1.2303886194e-04,7.8282039685e-05,3.7484862670e+01
-1.2784973402e-04,7.6527317824e-05,3.7703284527e+01
-1.2166696774e-04,8.6021228129e-05,3.6141408677e+01
-1.1990159159e-04,8.7926607580e-05,3.5857553743e+01
-1.1703564312e-04,8.7818034770e-05,3.5925689809e+01
-1.1815763174e-04,8.9841405360e-05,3.5578680331e+01
-1.4256628419e-04,1.3385450879e-05,5.0566678556e+01
-1.4023357127e-04,1.4905382456e-05,5.0364533113e+01
-1.3643994491e-04,1.4898055760e-05,5.0498331927e+01
-1.4168990630e-04,1.6440127468e-05,5.0013024936e+01
-1.3414730736e-04,1.6422879694e-05,5.0276456628e+01
-1.3560969536e-04,1.7965675976e-05,4.9925694115e+01
-1.3264393768e-04,1.4891045562e-05,5.0619787398e+01
-1.3037183595e-04,1.6415153792e-05,5.0389961582e+01
-1.4402482587e-04,1.4913034906e-05,5.0218660140e+01
-1.4545732529e-04,1.6449403656e-05,4.9863707326e+01
-1.4310424826e-04,1.7986342038e-05,4.9654680402e+01
2.3318792428e-04,5.5054414332e-05,1.7299079145e+01
2.3383048472e-04,5.8324261207e-05,1.7298064922e+01
2.3773620971e-04,5.9028541451e-05,1.7275678834e+01
2.3447964160e-04,6.1658018869e-05,1.7277717594e+01
7.5729832339e-05,1.1565452079e-04,2.2299210735e+01
-1.2659237946e-04,2.4183029318e-05,4.8919670200e+01
-1.2440054976e-04,2.5756576070e-05,4.8644537758e+01
-1.2075415181e-04,2.5742941902e-05,4.8728413268e+01
-1.1860544990e-04,2.7321456808e-05,4.8439555124e+01
-1.2004887822e-04,2.8927930985e-05,4.8070795155e+01
-1.1710472043e-04,2.5729819748e-05,4.8800223596e+01
-1.1497671557e-04,2.7307983877e-05,4.8505276493e+01
-2.3014812090e-04,7.1261957909e-05,3.6738088215e+01
-1.4043046004e-04,5.6399400152e-05,4.1445109473e+01
-1.1011312234e-04,8.5622992748e-05,3.6450250608e+01
-1.0841456696e-04,8.7531852046e-05,3.6155721998e+01
1.0199363558e-04,8.8837408939e-05,2.2737591076e+01
1.0281595401e-04,9.1923237994e-05,2.2915449197e+01
9.9185459956e-05,9.0927697199e-05,2.2674916842e+01
1.8199441105e-04,1.4790645822e-04,1.7383889158e+01
1.8202041644e-04,1.5108524803e-04,1.7137091230e+01
-1.2729507636e-04,1.3363000925e-05,5.1058851519e+01
-1.2504489373e-04,1.4879525907e-05,5.0823770838e+01
-1.2124257419e-04,1.4874495240e-05,5.0905325366e+01
-1.2281389831e-04,1.6402170416e-05,5.0578182433e+01
-1.1903198644e-04,1.6396303502e-05,5.0651830212e+01
-1.2058722065e-04,1.7933086868e-05,5.0322428771e+01
-1.2659402062e-04,1.6408003488e-05,5.0490764315e+01
-1.1743833108e-04,1.4869810636e-05,5.0972411075e+01
-1.1524770338e-04,1.6391240920e-05,5.0710818548e+01
-1.2884538736e-04,1.4884971571e-05,5.0728412813e+01
-1.2810354579e-04,1.7947799662e-05,5.0149517077e+01
1.3885788873e-04,1.5402279444e-05,2.2847490287e+01
1.3571639192e-04,1.7241105705e-05,2.2910595244e+01
1.3182156484e-04,1.7056582788e-05,2.2957593213e+01
1.3259601361e-04,1.9097950499e-05,2.2957117076e+01
1.2871461706e-04,1.8893836843e-05,2.2993952971e+01
1.3649422452e-04,1.9319502497e-05,2.2885298874e+01
1.3338864032e-04,2.1212627973e-05,2.2957318213e+01
1.2794184537e-04,1.6888626603e-05,2.2991290852e+01
1.2484979972e-04,1.8706748948e-05,2.2977140816e+01
1.2563615006e-04,2.0748294437e-05,2.2976662224e+01
1.3962557111e-04,1.7442615196e-05,2.2797315985e+01
1.4040506459e-04,1.9558627646e-05,2.2715718843e+01
1.4354460675e-04,1.7661111644e-05,2.2627532793e+01
1.4432539773e-04,1.9815030331e-05,2.2510958374e+01
1.4120310514e-04,2.1748469005e-05,2.2608054469e+01
1.4747206960e-04,1.7896183454e-05,2.2428348311e+01
1.4670362283e-04,1.5780231505e-05,2.2552021257e+01
1.5063734873e-04,1.5993051742e-05,2.2363055485e+01
-1.0430687560e-04,8.5461291852e-05,3.6627747002e+01
-1.0264268813e-04,8.7372538549e-05,3.6330503962e+01
1.3765080719e-04,8.0512400745e-05,1.9897893304e+01
1.3100946865e-04,8.1858973795e-05,2.0514665790e+01
1.9103480462e-04,1.3450751452e-04,1.7525571642e+01
1.8782545628e-04,1.3671762341e-04,1.7528254399e+01
4.8125902232e-05,1.1070745355e-04,2.0493309481e+01
4.8636638319e-05,1.1358950253e-04,2.0384801690e+01
5.1629969803e-05,1.1481449373e-04,2.0641703129e+01
4.9091507304e-05,1.1651614815e-04,2.0282143056e+01
5.4173038594e-05,1.1307042437e-04,2.0936805947e+01
5.4677184233e-05,1.1608043020e-04,2.0930283091e+01
5.7779700675e-05,1.1738349132e-04,2.1235903882e+01
5.5128537177e-05,1.1914435468e-04,2.0953263283e+01
-1.1190471596e-04,2.4137578830e-05,4.9204334231e+01
-1.0979639151e-04,2.5708816627e-05,4.8903733805e+01
-1.0613841725e-04,2.5700055603e-05,4.8933790901e+01
-1.0771019658e-04,2.7286024377e-05,4.8596321067e+01
-1.0407315901e-04,2.7276543668e-05,4.8619936880e+01
-1.0561298481e-04,2.8874884297e-05,4.8281718145e+01
-1.0247796847e-04,2.5692207775e-05,4.8948062671e+01
-1.1345190651e-04,2.5718625777e-05,4.8858918793e+01
-1.1283718435e-04,2.8898193669e-05,4.8202834916e+01
-2.6820686781e-04,6.9860171282e-05,3.6823110542e+01
1.2330982157e-04,1.4835636909e-05,2.2996853349e+01
1.2022776064e-04,1.6599414056e-05,2.2961319919e+01
1.1639354894e-04,1.6476741680e-05,2.2932879203e+01
1.1716838328e-04,1.8381535745e-05,2.2907051033e+01
1.1335453781e-04,1.8241512659e-05,2.2874741444e+01
1.1257466472e-04,1.6367700264e-05,2.2911449288e+01
1.0955577118e-04,1.8116296245e-05,2.2845231859e+01
1.1413753260e-04,2.0180852697e-05,2.2869028092e+01
1.1794648576e-04,2.0353059749e-05,2.2907280931e+01
1.0877021428e-04,1.6271719847e-05,2.2897917884e+01
1.0577253816e-04,1.8004879181e-05,2.2820877510e+01
1.0656786427e-04,1.9881976841e-05,2.2795896403e+01
1.2407741631e-04,1.6736422314e-05,2.2989257572e+01
1.2100163650e-04,1.8536003209e-05,2.2940390231e+01
-9.8484217147e-05,8.5324423834e-05,3.6819174019e+01
-9.6850841236e-05,8.7238581021e-05,3.6521423846e+01
-9.3954157296e-05,8.7181648391e-05,3.6622095454e+01
1.6584854517e-04,1.0009145373e-04,1.7417636218e+01
1.6944497045e-04,1.0110446922e-04,1.7444679418e+01
1.6640787071e-04,1.0344012047e-04,1.7435790510e+01
1.6999438395e-04,1.0447504870e-04,1.7453770123e+01
1.7249398329e-04,9.8756388730e-05,1.7448243062e+01
1.6695174042e-04,1.0680566136e-04,1.7445271289e+01
1.7052909751e-04,1.0786224141e-04,1.7463283435e+01
1.7358990772e-04,1.0552450501e-04,1.7465933252e+01
1.6747907371e-04,1.1018557445e-04,1.7452835144e+01
1.7411682733e-04,1.0893336080e-04,1.7470360663e+01
1.7719687339e-04,1.0658895177e-04,1.7469014033e+01
1.7666489722e-04,1.0317277974e-04,1.7463993010e+01
1.6338309800e-04,1.0576372288e-04,1.7418870888e+01
-1.1199432820e-04,1.3348612476e-05,5.1328199556e+01
-1.0982423274e-04,1.4863040079e-05,5.1059655473e+01
-1.0601505032e-04,1.4860484266e-05,5.1078042165e+01
-1.0767370021e-04,1.6383726945e-05,5.0781308282e+01
-1.0388448506e-04,1.6380723293e-05,5.0790954148e+01
-1.0552851173e-04,1.7912777368e-05,5.0493253069e+01
-1.1146158277e-04,1.6386804171e-05,5.0754336163e+01
-1.0220437676e-04,1.4858368332e-05,5.1078230428e+01
-1.0009341299e-04,1.6378618934e-05,5.0781991812e+01
-1.1363202934e-04,1.4866086479e-05,5.1024132318e+01
-1.1306181356e-04,1.7921234892e-05,5.0439291691e+01
2.0173491119e-04,6.4787697685e-05,1.7295945236e+01
-9.7175487293e-05,2.4111744237e-05,4.9253190610e+01
-9.5150137379e-05,2.5682264668e-05,4.8923998344e+01
-9.1483649689e-05,2.5679339276e-05,4.8883285560e+01
-9.3147151853e-05,2.7259120436e-05,4.8588682959e+01
-8.9501601273e-05,2.7256100087e-05,4.8540173130e+01
-9.1134146382e-05,2.8847923231e-05,4.8246310879e+01
-9.6791253014e-05,2.7262538912e-05,4.8617464945e+01
-8.7815484491e-05,2.5677570257e-05,4.8821641069e+01
-9.8814989836e-05,2.5686442420e-05,4.8945176210e+01
-9.8377998375e-05,2.8857735421e-05,4.8299466457e+01
-1.8227046474e-04,8.8167916129e-05,3.5586662362e+01
1.4848714096e-04,1.4287774223e-04,1.8376221016e+01
-9.6670448428e-05,1.3343181745e-05,5.1325210109e+01
-9.4578818682e-05,1.4857015893e-05,5.1018964682e+01
-9.0764591610e-05,1.4857357843e-05,5.0957002956e+01
-9.2507392564e-05,1.6377372126e-05,5.0703254354e+01
-8.8712933143e-05,1.6377730497e-05,5.0630900214e+01
-9.0442590262e-05,1.7906322415e-05,5.0377912464e+01
-9.6301007135e-05,1.6377260357e-05,5.0753237828e+01
-8.6949342759e-05,1.4858289009e-05,5.0871641392e+01
-8.4917172869e-05,1.6379148062e-05,5.0534550285e+01
-9.8392116234e-05,1.4857297702e-05,5.1058939173e+01
-9.7988355062e-05,1.7907582411e-05,5.0476076679e+01
-2.3961245381e-04,1.2274935317e-05,4.0486459559e+01
-2.3661691029e-04,1.3844768329e-05,4.1008475651e+01
-2.3295690163e-04,1.3799965156e-05,4.1811099441e+01
-2.3363993750e-04,1.5422119516e-05,4.1457941849e+01
-2.2998378746e-04,1.5376165171e-05,4.2196400098e+01
-2.2925321169e-04,1.3763649627e-05,4.2553645821e+01
1.0418206313e-04,1.4425443045e-05,2.2982505770e+01
1.0120562517e-04,1.6115094289e-05,2.2894499531e+01
9.8253867170e-05,1.7820333665e-05,2.2791341406e+01
9.4519483572e-05,1.7745594026e-05,2.2788411175e+01
1.0200547897e-04,1.7906397598e-05,2.2802490809e+01
9.9061453792e-05,1.9641582950e-05,2.2738516463e+01
9.3702456481e-05,1.6000985568e-05,2.2915079502e+01
9.0799949884e-05,1.7681151164e-05,2.2794833296e+01
9.1622607754e-05,1.9452794308e-05,2.2709537027e+01
1.0498096754e-04,1.6187562059e-05,2.2892229855e+01
6.6983449734e-05,8.0174499811e-05,2.1946405190e+01
6.7782995665e-05,8.2876515271e-05,2.1945925592e+01
3.9072329130e-05,9.5206452950e-05,2.0877412717e+01
6.0354958465e-05,7.8701969562e-05,2.1800125155e+01
6.1155552422e-05,8.1325817892e-05,2.1786844929e+01
3.1299621215e-04,2.6479410410e-05,1.6289714659e+01
-7.9769921372e-05,7.5545337342e-05,3.9181146048e+01
-8.4228409260e-05,7.7455589723e-05,3.8718804781e+01
-8.8863552394e-05,7.5615862466e-05,3.8933631459e+01
-9.0246883456e-05,7.7517642517e-05,3.8533867453e+01
-9.3248467686e-05,7.7558256657e-05,3.8437402467e+01
-2.5625553327e-04,2.6642155764e-05,3.4295791051e+01
-2.5627734265e-04,2.8558922032e-05,3.4246476495e+01
-7.9316195326e-05,1.4863484536e-05,5.0624413371e+01
-7.5498967087e-05,1.4867368871e-05,5.0459487560e+01
-7.7323522414e-05,1.6385484611e-05,5.0263686073e+01
-7.3526136044e-05,1.6389950511e-05,5.0086065260e+01
-7.5339027234e-05,1.7916475607e-05,4.9893089976e+01
-8.1120640778e-05,1.6381495045e-05,5.0412716505e+01
-7.1681275945e-05,1.4872040374e-05,5.0264862061e+01
-6.9728103283e-05,1.6395689237e-05,4.9878021891e+01
-8.3133027265e-05,1.4860409115e-05,5.0761275547e+01
-8.2892337926e-05,1.7909022158e-05,5.0187697420e+01
-8.0944085725e-05,8.5069433362e-05,3.7447249722e+01
-1.4781357093e-04,1.4921359736e-05,5.0060810885e+01
8.9132481524e-05,1.4276750984e-05,2.2983867520e+01
8.6260552410e-05,1.5923304552e-05,2.2947369098e+01
8.3412069474e-05,1.7582250908e-05,2.2834432754e+01
7.9743530013e-05,1.7545705556e-05,2.2843779378e+01
8.7097722237e-05,1.7626870373e-05,2.2807260993e+01
8.4252648179e-05,1.9310038979e-05,2.2716014773e+01
7.8881700112e-05,1.5876028000e-05,2.3036064493e+01
7.6091381414e-05,1.7516900378e-05,2.2910920052e+01
7.6954015945e-05,1.9207744728e-05,2.2760981010e+01
8.9973761579e-05,1.5957698778e-05,2.2927419356e+01
-2.2475520821e-04,6.8131837048e-05,3.7037648676e+01
-7.3697894178e-05,7.5531502129e-05,3.9310201537e+01
-7.5186197083e-05,7.7411293031e-05,3.8959043560e+01
-6.0248229914e-05,2.4156053908e-05,4.7810831493e+01
-6.2112196026e-05,2.5721451409e-05,4.7665986309e+01
-6.5785632936e-05,2.5708908241e-05,4.7920674130e+01
-6.7602646008e-05,2.7281689249e-05,4.7740606492e+01
-6.5770644934e-05,2.8879558319e-05,4.7332364728e+01
-6.9458330571e-05,2.5698313323e-05,4.8142536200e+01
-7.1253729987e-05,2.7271718801e-05,4.7942840854e+01
-6.0296184010e-05,2.7309664401e-05,4.7238694310e+01
-7.3130830684e-05,2.5690147968e-05,4.8333336335e+01
-7.3029256679e-05,2.8859721271e-05,4.7728673825e+01
-7.6658088754e-05,2.8853447569e-05,4.7882680096e+01
-7.8555304052e-05,2.7259796120e-05,4.8259090918e+01
-1.7757945163e-04,9.8264603660e-05,3.4826745134e+01
2.9163824891e-05,3.9126632344e-05,2.5019338089e+01
3.0109472906e-05,4.0980548312e-05,2.4244561926e+01
3.3355249924e-05,4.1126396812e-05,2.2660472288e+01
3.5720340660e-05,3.9397321675e-05,2.2685859072e+01
3.8991463007e-05,3.9541125490e-05,2.1858161603e+01
3.9870199489e-05,4.1451543032e-05,2.2050751901e+01
4.3157883439e-05,4.1638012236e-05,2.2011496348e+01
-6.4045118863e-05,1.4885299893e-05,4.9779620324e+01
-6.0227363087e-05,1.4893537156e-05,4.9485818615e+01
-6.2132005035e-05,1.6411345997e-05,4.9364023337e+01
-5.8334486351e-05,1.6420842516e-05,4.9054887066e+01
-5.6409967731e-05,1.4902786440e-05,4.9155789850e+01
-5.4537455996e-05,1.6431866201e-05,4.8708795576e+01
-6.0228746517e-05,1.7946993568e-05,4.8938035245e+01
-6.5929974196e-05,1.6402588909e-05,4.9637934862e+01
-5.2593043718e-05,1.4913497499e-05,4.8787947486e+01
-5.0741185802e-05,1.6445559084e-05,4.8324119802e+01
-5.2688499742e-05,1.7972863074e-05,4.8252004237e+01
-4.6943211145e-05,1.6458700026e-05,4.7899729939e+01
-6.7863138139e-05,1.4878089627e-05,5.0038768126e+01
-6.7783968455e-05,1.7928835726e-05,4.9481045543e+01
7.4269695598e-05,1.4215099911e-05,2.3662722711e+01
7.1528872880e-05,1.5836031575e-05,2.3657327791e+01
6.7846762660e-05,1.5811995242e-05,2.4091084217e+01
6.8807607477e-05,1.7466136826e-05,2.3654169372e+01
6.5158645947e-05,1.7436852620e-05,2.4100680796e+01
7.2451690875e-05,1.7492541391e-05,2.3207106279e+01
6.9724046528e-05,1.9138380280e-05,2.3123797868e+01
6.4160273346e-05,1.5785660564e-05,2.4603951286e+01
6.1503907886e-05,1.7405420495e-05,2.4643268402e+01
6.2497919914e-05,1.9071370606e-05,2.4100959614e+01
7.5207205435e-05,1.5857475323e-05,2.3266637858e+01
1.9279011725e-04,9.4625623378e-05,1.7408472381e+01
2.2538792927e-05,3.8861897355e-05,2.7148476020e+01
2.3552490660e-05,4.0693259943e-05,2.6229725578e+01
-6.9209503806e-05,8.5040373276e-05,3.7853059414e+01
-4.1795801535e-05,2.4255914686e-05,4.5865125298e+01
-4.3729093528e-05,2.5828925450e-05,4.5833335868e+01
5.9386446371e-05,1.4125735949e-05,2.5718254653e+01
5.6772316833e-05,1.5728030727e-05,2.5813013843e+01
5.3070775953e-05,1.5696864799e-05,2.6506244539e+01
5.4176963138e-05,1.7337390121e-05,2.5903518865e+01
5.0504650482e-05,1.7300882892e-05,2.6621221927e+01
5.7843482870e-05,1.7372019945e-05,2.5241371455e+01
5.5245474434e-05,1.8995360600e-05,2.5299926140e+01
4.9363729622e-05,1.5664300366e-05,2.7252693141e+01
4.6825683385e-05,1.7263205391e-05,2.7390779270e+01
4.7965403774e-05,1.8912763353e-05,2.6731335806e+01
6.0468769499e-05,1.5757614052e-05,2.5176621943e+01
-2.0588580731e-04,4.2335540266e-05,4.1136272248e+01
-4.4960892994e-05,1.4939090320e-05,4.7933423929e+01
-4.1146978600e-05,1.4954100609e-05,4.7444545281e+01
-4.3150344083e-05,1.6474164535e-05,4.7434720961e+01
-3.9357776191e-05,1.6491472631e-05,4.6927635769e+01
-3.7334444143e-05,1.4970235515e-05,4.6913457660e+01
-3.5566801233e-05,1.6510390927e-05,4.6377891871e+01
-4.1352991772e-05,1.8020075863e-05,4.6924728972e+01
-3.3523563729e-05,1.4988028476e-05,4.6339530745e+01
-3.1777938545e-05,1.6532127392e-05,4.5784922488e+01
-3.0046600090e-05,1.8087076903e-05,4.5218379958e+01
-2.7988718928e-05,1.6553587060e-05,4.5148684890e+01
-1.3959532510e-04,3.5599445386e-05,4.6059865577e+01
-1.4085005284e-04,3.7280519044e-05,4.5643805519e+01
-1.4429554080e-04,3.7320876078e-05,4.5507766194e+01
-1.4549566729e-04,3.9019941998e-05,4.5086679830e+01
-1.4327969686e-04,4.0684040527e-05,4.4801128979e+01
-6.3339904006e-05,8.5074877103e-05,3.8022316021e+01
-6.4854029667e-05,8.6996606652e-05,3.7687914827e+01
4.1787433027e-05,1.3981642571e-04,2.0561006247e+01
4.1291564939e-05,1.4327157067e-04,2.1540287729e+01
3.8791394508e-05,1.4092951263e-04,1.7709440581e+01
3.6461135098e-05,1.3864230276e-04,6.9966734192e+00
3.6826952649e-05,1.3569202936e-04,9.1344319473e+00
3.4267353772e-05,1.3669293934e-04,-4.3017740151e+00
3.4002332502e-05,1.3962029460e-04,-5.7742200632e+00
1.3855308275e-04,1.4295597222e-04,1.8759437279e+01
4.4433534460e-05,1.4013667178e-05,2.8703661245e+01
4.1932131588e-05,1.5596752981e-05,2.8885255323e+01
3.8207880232e-05,1.5561814582e-05,2.9761283426e+01
3.9448446423e-05,1.7185432725e-05,2.9064390072e+01
3.5750397477e-05,1.7145342119e-05,2.9957996214e+01
4.3140348204e-05,1.7224480986e-05,2.8206888960e+01
4.0656643904e-05,1.8825571851e-05,2.8362035328e+01
3.4477759888e-05,1.5526230555e-05,3.0670065283e+01
3.2045729430e-05,1.7104984537e-05,3.0882016137e+01
3.3319329565e-05,1.8735641167e-05,3.0150407898e+01
4.5650759470e-05,1.5630885604e-05,2.8047340480e+01
-2.7635773711e-05,1.3489015859e-05,4.5645095475e+01
-2.5907240031e-05,1.5028276471e-05,4.5062666336e+01
-2.2103167180e-05,1.5050788620e-05,4.4360595907e+01
-2.4205833470e-05,1.6577481985e-05,4.4470124914e+01
-2.0424788579e-05,1.6603315130e-05,4.3749270698e+01
-1.8301819182e-05,1.5074494601e-05,4.3617342814e+01
-1.6646834298e-05,1.6630801504e-05,4.2987542413e+01
-2.2520997602e-05,1.8138798303e-05,4.3865287829e+01
-1.4503520053e-05,1.5099851351e-05,4.2834348811e+01
-1.2872580627e-05,1.6661036460e-05,4.2186568759e+01
-1.5020900892e-05,1.8201358784e-05,4.2347157448e+01
-1.1259638453e-05,1.8234487119e-05,4.1525984589e+01
-9.0994935023e-06,1.6690979145e-05,4.1348538482e+01
-1.5943837636e-04,1.0485400108e-04,3.4227203489e+01
-1.5761430304e-04,1.0696066904e-04,3.4126501191e+01
-1.6018584999e-04,1.0704277081e-04,3.4175805160e+01
-1.5562747590e-04,1.0884413717e-04,3.4047048841e+01
-1.5491107648e-04,1.0671498858e-04,3.4081221024e+01
2.6999718336e-05,1.5454914973e-05,3.2562905625e+01
2.3252123156e-05,1.5419143528e-05,3.3535165266e+01
2.4616354687e-05,1.7025110651e-05,3.2797540169e+01
2.0892885785e-05,1.6983894358e-05,3.3777052364e+01
1.9499135551e-05,1.5383481555e-05,3.4516565850e+01
1.7163143753e-05,1.6943886518e-05,3.4762550237e+01
2.2249738894e-05,1.8600831134e-05,3.3029412406e+01
2.5952891282e-05,1.8646064141e-05,3.2050278871e+01
1.5740375326e-05,1.5348360136e-05,3.5501108821e+01
1.3426890721e-05,1.6904612303e-05,3.5748163927e+01
1.4852790269e-05,1.8510273023e-05,3.5001793337e+01
3.0741444703e-05,1.5490705467e-05,3.1605909157e+01
2.8336002959e-05,1.7064477249e-05,3.1830215092e+01
2.4769887904e-04,1.1774068657e-04,1.4218049616e+01
2.8953635628e-06,1.3678030584e-05,3.9124842758e+01
6.5399325185e-07,1.5215430834e-05,3.9354538756e+01
-3.1292633699e-06,1.5184657236e-05,4.0270290829e+01
-1.5722903567e-06,1.6758204919e-05,3.9574918029e+01
2.1852806307e-06,1.6792394443e-05,3.8646377946e+01
-3.6301098630e-08,1.8344564186e-05,3.8866882000e+01
-3.7827791136e-06,1.8306446313e-05,3.9786002434e+01
4.4327374857e-06,1.5247176979e-05,3.8414878876e+01
5.9376422153e-06,1.6828634038e-05,3.7695670893e+01
8.2067559429e-06,1.5280065236e-05,3.7455951623e+01
9.6850031610e-06,1.6865950696e-05,3.6727820242e+01
7.4199610069e-06,1.8424415698e-05,3.6963929832e+01
1.1976058066e-05,1.5313732584e-05,3.6482885292e+01
1.0491458014e-05,1.3735942087e-05,3.7209079864e+01
-4.5469332166e-06,3.7929068078e-05,3.5783552279e+01
-3.2503275406e-06,3.9681367596e-05,3.5033431472e+01
1.4861980304e-07,3.9792267200e-05,3.3997021399e+01
2.3014731735e-06,3.8137771316e-05,3.3734068728e+01
5.7082835923e-06,3.8248926999e-05,3.2662761610e+01
6.9100448240e-06,4.0029148534e-05,3.1826677153e+01
1.0270620959e-05,4.0154535114e-05,3.0707342987e+01
-5.7471001596e-05,8.5145873556e-05,3.8148690222e+01
-5.9025674962e-05,8.7057508289e-05,3.7855735143e+01
-6.5019977990e-05,9.4844074821e-05,3.6463850407e+01
-6.3660713742e-05,9.6845986385e-05,3.6217115894e+01
2.5477633404e-04,1.3596472479e-05,2.0210974889e+01
-5.1605684397e-05,8.5256960985e-05,3.8211591800e+01
-2.1838118817e-05,3.7497219593e-05,4.0151618620e+01
-1.6951231107e-05,3.9292803072e-05,3.8738429648e+01
-2.8807593074e-05,3.7361621324e-05,4.1549553100e+01
-2.7325180756e-05,3.9060897234e-05,4.0987308176e+01
-5.9354616307e-05,9.4902239601e-05,3.6733220857e+01
-5.8036510804e-05,9.6913397782e-05,3.6506888278e+01
-2.2846703369e-04,1.2170646954e-05,4.2915187936e+01
1.4332958507e-04,1.5387266175e-04,1.8562290385e+01
1.4029115911e-04,1.5635531248e-04,1.8509449878e+01
-3.5799405185e-05,3.7247140326e-05,4.2744789329e+01
-3.4266050122e-05,3.8934825286e-05,4.2224027757e+01
-6.2113646438e-05,3.5349152888e-05,4.5909068563e+01
-6.0389525578e-05,3.6996604440e-05,4.5494184477e+01
-5.5033647052e-05,3.5392953945e-05,4.5353347883e+01
-5.3345818872e-05,3.7046631324e-05,4.4913873881e+01
-4.5746899962e-05,8.5412419432e-05,3.8185406555e+01
-4.7380525788e-05,8.7301950573e-05,3.8018938166e+01
2.8154227053e-05,1.3200360744e-04,3.2197804239e+01
2.5848628808e-05,1.3307536766e-04,4.8659793882e+01
2.3669153924e-05,1.3199320830e-04,5.0398559725e+01
2.7979380936e-05,1.3424019166e-04,4.0513658181e+01
2.9858734350e-05,1.3615292975e-04,3.9318917701e+01
-5.3693073868e-05,9.5000960604e-05,3.6988649319e+01
-5.2417082193e-05,9.7022454961e-05,3.6788553710e+01
-3.9897881584e-05,8.5617241390e-05,3.8038797512e+01
-4.1569469847e-05,8.7494474925e-05,3.7962006529e+01
-4.8037634493e-05,9.5144308758e-05,3.7211495165e+01
-4.6804633450e-05,9.7177356774e-05,3.7043626724e+01
-3.4062236727e-05,8.5877150655e-05,3.7734094961e+01
-3.5767907540e-05,8.7741190468e-05,3.7767782349e+01
-4.2808673843e-05,3.7152515757e-05,4.3746080101e+01
-4.1226095894e-05,3.8830291651e-05,4.3261210593e+01
-4.2390681420e-05,9.5337099438e-05,3.7377455291e+01
-4.1201452139e-05,9.7383071323e-05,3.7247683630e+01
1.7497748061e-04,9.3040746985e-05,1.7433809524e+01
1.7862827212e-04,9.4021806221e-05,1.7445267112e+01
1.7555528913e-04,9.6395604327e-05,1.7448192656e+01
1.7919747752e-04,9.7402567112e-05,1.7453878730e+01
-3.6754753806e-05,9.5584974206e-05,3.7455732020e+01
-3.5609961172e-05,9.7645424895e-05,3.7369471936e+01
-2.7580118018e-04,3.5415072828e-05,2.6802660796e+01
-2.8244060327e-05,8.6198633408e-05,3.7226829334e+01
-2.9984698339e-05,8.8048269052e-05,3.7394554253e+01
1.9087201436e-05,1.2778990665e-04,4.4321485323e+01
1.7044332876e-05,1.2939096082e-04,5.1059923457e+01
1.4747236161e-05,1.2862593631e-04,5.0399065639e+01
1.5007161848e-05,1.3114869268e-04,5.7845167874e+01
1.2710715987e-05,1.3049994977e-04,5.6316288029e+01
1.2458231839e-05,1.2792362780e-04,4.9592399509e+01
1.0564120806e-05,1.2979790324e-04,5.4502426417e+01
8.5321408924e-06,1.3112082993e-04,5.7598701016e+01
6.9652347451e-06,1.2955319001e-04,5.3528648898e+01
4.7156653616e-06,1.2998553184e-04,5.3820712048e+01
5.7147273260e-06,1.2772005261e-04,4.9643181714e+01
1.3011645923e-05,1.3311785416e-04,6.4529746018e+01
7.9676148822e-06,1.2725353334e-04,4.8876300439e+01
6.6744584223e-06,1.2546942084e-04,4.5843908875e+01
1.9313790934e-05,1.3022472151e-04,5.1494279501e+01
2.1502395255e-05,1.3106958560e-04,5.1393071995e+01
1.9398769873e-05,1.3261666311e-04,6.0870883182e+01
-4.9836753223e-05,3.7078629401e-05,4.4566922325e+01
-4.8199944947e-05,3.8747357028e-05,4.4112166374e+01
-2.2448022616e-05,8.6589020733e-05,3.6465334772e+01
-2.4221364092e-05,8.8423075942e-05,3.6793423284e+01
-3.0032789805e-05,9.7971183084e-05,3.7370500258e+01
-7.0629873981e-05,6.8135001318e-05,4.0579257127e+01
-2.1283562306e-04,7.4991189870e-05,3.6688185979e+01
-4.4797056177e-06,1.0889496704e-04,3.6547957325e+01
-6.2916409186e-06,1.1072751808e-04,3.7259837873e+01
-8.9157738079e-06,1.1034627899e-04,3.7439106623e+01
-8.0829155799e-06,1.1258385424e-04,3.7833051853e+01
-1.0686153675e-05,1.1221893821e-04,3.7897557473e+01
-1.1547931472e-05,1.0999254987e-04,3.7570185157e+01
-3.6749344199e-06,1.1113840416e-04,3.7029744886e+01
-1.0659941467e-06,1.1158073263e-04,3.6740838515e+01
-2.8967319863e-06,1.1339936502e-04,3.7601150517e+01
1.5350473015e-06,1.1205674671e-04,3.6379064458e+01
3.4041144587e-06,1.1028698477e-04,3.5158994704e+01
4.1283109717e-06,1.1256932558e-04,3.5925629939e+01
6.7126544998e-06,1.1312087169e-04,3.5358708228e+01
4.8186246046e-06,1.1486666313e-04,3.6836732046e+01
8.6182661417e-06,1.1140380499e-04,3.3695061746e+01
9.2884816864e-06,1.1371577410e-04,3.4654602887e+01
1.1211209577e-05,1.1202849400e-04,3.2750826426e+01
1.4410292383e-05,1.1504984896e-04,3.2753419794e+01
1.2457399060e-05,1.1669798546e-04,3.5016245804e+01
9.9181174891e-06,1.1604024781e-04,3.5785963367e+01
1.6363419721e-05,1.1343024703e-04,3.0392551650e+01
1.6953650962e-05,1.1579929733e-04,3.1531532775e+01
1.8919031522e-05,1.1421641549e-04,2.8909666177e+01
1.9482854102e-05,1.1660994296e-04,3.0170988238e+01
2.1993984510e-05,1.1748720557e-04,2.8390777434e+01
1.9995437818e-05,1.1901132842e-04,3.1532920750e+01
1.7493990421e-05,1.1817654435e-04,3.2869744580e+01
2.3975408908e-05,1.1598202018e-04,2.6669482892e+01
2.4483539900e-05,1.1843820515e-04,2.7210607942e+01
2.6464765442e-05,1.1697100818e-04,2.2819661418e+01
2.6944085216e-05,1.1946712909e-04,2.4248308708e+01
2.9375086016e-05,1.2057583058e-04,1.7184817822e+01
2.7361293673e-05,1.2197202945e-04,2.8182004526e+01
3.1457805293e-05,1.1913180982e-04,1.7168929882e+01
3.1822320677e-05,1.2174843240e-04,1.4099647170e+01
3.3999348197e-05,1.2030300073e-04,1.7937629247e+01
3.4308769106e-05,1.2298805090e-04,1.6983246771e+01
3.2113741313e-05,1.2437590201e-04,1.2368921266e+01
2.2559580596e-06,1.1434178631e-04,3.7173323480e+01
-2.5527339708e-05,9.6273131570e-05,3.7191446608e+01
-1.1783164127e-04,6.4972200827e-05,4.0282609087e+01
-1.1905407742e-04,6.6842628173e-05,3.9857713744e+01
-6.4382876905e-05,6.8169416684e-05,4.0535511269e+01
-6.1251438320e-05,6.8197614825e-05,4.0480694645e+01
-8.6228693754e-05,6.8169675256e-05,4.0411654151e+01
-8.3105201008e-05,6.8150997830e-05,4.0469017554e+01
-1.2404963216e-04,6.5117814273e-05,4.0077973907e+01
-1.2522279729e-04,6.6998738340e-05,3.9654214101e+01
-1.2829668795e-04,6.7084250208e-05,3.9551978142e+01
-1.3024064057e-04,6.5282345884e-05,3.9869957578e+01
-1.3332489336e-04,6.5372225310e-05,3.9765342140e+01
-1.3442171733e-04,6.7270794793e-05,3.9347772463e+01
-1.6679487333e-05,8.7056479566e-05,3.5390286447e+01
-9.2452987433e-05,6.8223237020e-05,4.0272420553e+01
-1.9942372968e-05,9.6729478934e-05,3.6754518736e+01
-1.8933414532e-05,9.8845049119e-05,3.6825383629e+01
2.3943169375e-06,1.2314409973e-04,4.2911969173e+01
5.8519078085e-07,1.2492582731e-04,4.4742090297e+01
-1.8550875426e-06,1.2450874202e-04,4.3860752379e+01
-1.0028592838e-06,1.2706590123e-04,4.7142537072e+01
-3.5536565486e-06,1.2641137501e-04,4.5632552062e+01
2.8772456676e-06,1.2543603760e-04,4.5672862657e+01
-4.2829286108e-06,1.2406590253e-04,4.2961270136e+01
-6.0023590983e-06,1.2600166987e-04,4.4489139426e+01
-5.3041906938e-06,1.2839061180e-04,4.7504176301e+01
-8.4289762593e-06,1.2557484188e-04,4.3415255897e+01
1.1351717326e-04,1.5411155461e-04,1.8822998940e+01
1.1690699345e-04,1.5533781171e-04,1.8721696906e+01
-1.4381492943e-05,9.7273166066e-05,3.6044118917e+01
-1.3418004256e-05,9.9411919770e-05,3.6178167969e+01
-1.0944707473e-05,8.7610048310e-05,3.3933841177e+01
-1.2774233570e-05,8.9409412080e-05,3.4675769186e+01
-1.5443119842e-04,7.1890454916e-05,3.7992217144e+01
-1.5737359993e-04,7.2042965296e-05,3.7907244251e+01
-1.5944579178e-04,7.0212998159e-05,3.8183487885e+01
-1.6030462433e-04,7.2202876661e-05,3.7823635848e+01
-1.5532623154e-04,7.3880722137e-05,3.7630846553e+01
-2.5817995933e-05,1.0643732498e-04,3.7422325036e+01
-2.7476993347e-05,1.0838015521e-04,3.7344841595e+01
-3.0151262952e-05,1.0818460679e-04,3.7169913297e+01
-2.9110318895e-05,1.1034188200e-04,3.7181551341e+01
-3.1209698962e-05,1.0604463736e-04,3.7177940729e+01
-3.2830116276e-05,1.0800690725e-04,3.6972567179e+01
-3.5513018241e-05,1.0784615904e-04,3.6759259957e+01
-3.4425232246e-05,1.0998727855e-04,3.6692630210e+01
-3.7088129572e-05,1.0983468724e-04,3.6434355171e+01
-3.8200481060e-05,1.0770110300e-04,3.6535663919e+01
-2.4807781810e-05,1.0859460209e-04,3.7490354153e+01
-2.2143755647e-05,1.0882915224e-04,3.7599426645e+01
-2.3816183873e-05,1.1076949301e-04,3.7586854169e+01
-9.1938178296e-06,1.2325057903e-04,4.1375487510e+01
-1.1665190815e-05,1.2288223988e-04,4.0814646829e+01
-1.0867055090e-05,1.2518571488e-04,4.2553771321e+01
-1.3321165842e-05,1.2484015980e-04,4.1922037204e+01
-1.2517447622e-05,1.2719360465e-04,4.4235523591e+01
-1.4147277462e-05,1.2253475601e-04,4.0363462984e+01
-1.5784638807e-05,1.2450932906e-04,4.1352303347e+01
-5.2509362632e-06,8.8259692515e-05,3.2018377603e+01
-7.1023629992e-06,9.0040149987e-05,3.3023338300e+01
-8.8489247828e-06,9.7915094342e-05,3.5002966054e+01
-7.9304955604e-06,1.0007997918e-04,3.5210711448e+01
-2.6231783751e-04,1.9619766379e-05,3.2193591224e+01
2.1451740973e-04,1.2189354801e-04,1.7124429962e+01
-1.7512472195e-05,1.1993574509e-04,3.9047349545e+01
-1.9143062328e-05,1.2192177797e-04,3.9393802056e+01
-2.1653617304e-05,1.2164985502e-04,3.8803130744e+01
-2.0741030506e-05,1.2393074495e-04,3.9943254282e+01
-2.3230777758e-05,1.2367042076e-04,3.9112940111e+01
-2.2304259022e-05,1.2596288155e-04,4.0883997311e+01
-2.4866827372e-05,1.2573397010e-04,3.9766085328e+01
-2.5744179153e-05,1.2343414673e-04,3.8255592100e+01
-2.7250457695e-05,1.2548256641e-04,3.8680705650e+01
-2.8236325258e-05,1.2321053776e-04,3.7415821466e+01
-2.9736192036e-05,1.2527009418e-04,3.7594086357e+01
-3.0746961465e-05,1.2300719611e-04,3.6610353776e+01
-3.2230034302e-05,1.2507465420e-04,3.6549328954e+01
-3.3266429625e-05,1.2281440546e-04,3.5863517795e+01
-1.9844076366e-05,1.2623348775e-04,4.1934470266e+01
-1.6640350929e-05,1.2221482542e-04,3.9912656799e+01
-1.8259161549e-05,1.2421119173e-04,4.0703910691e+01
-1.7392667408e-05,1.2652751333e-04,4.2867516514e+01
1.6282135387e-04,5.4433995634e-05,1.9156047745e+01
-1.4524583251e-04,1.0788585301e-04,3.3864479984e+01
-3.3492806941e-06,9.8667694358e-05,3.3567156683e+01
-2.4749884063e-06,1.0086215819e-04,3.3862791334e+01
3.9337534309e-07,8.9016272809e-05,2.9554472330e+01
-1.4744736956e-06,9.0777154099e-05,3.0870358333e+01
1.8493984236e-04,1.1224593832e-04,1.7460768025e+01
-1.6583550082e-04,1.0124029355e-04,3.4492513531e+01
-1.6241846819e-04,9.8785722417e-05,3.4583314380e+01
1.3682978120e-04,1.5495794882e-04,1.8603874285e+01
5.9783805098e-06,8.9891402191e-05,2.6423699714e+01
4.1008219572e-06,9.1632644233e-05,2.8137642143e+01
2.1122365482e-06,9.9545303295e-05,3.1663933515e+01
2.9439411538e-06,1.0177360541e-04,3.2062112622e+01
8.3206099475e-06,1.0283208235e-04,2.9735966372e+01
1.1492171599e-05,9.0897230422e-05,2.1945332837e+01
9.6134835258e-06,9.2619616225e-05,2.4924363137e+01
-3.2804795026e-05,1.1854162180e-04,3.6186464226e+01
-3.4315206209e-05,1.2058628647e-04,3.5701579088e+01
-3.6867754547e-05,1.2042582016e-04,3.5181131267e+01
-3.5793804003e-05,1.2264292368e-04,3.5192328493e+01
-3.8326865632e-05,1.2247470123e-04,3.4609869067e+01
-3.9425837004e-05,1.2027610379e-04,3.4716089597e+01
-4.0867291990e-05,1.2233148924e-04,3.4109555318e+01
-3.7241797868e-05,1.2473125159e-04,3.4677328683e+01
-4.1990000148e-05,1.2014294438e-04,3.4310210295e+01
-4.3415283311e-05,1.2222405667e-04,3.3677378237e+01
-4.2281342611e-05,1.2444682733e-04,3.3397499976e+01
-4.5079424109e-05,1.2426108191e-04,3.3017051635e+01
-4.6010657549e-05,1.2205395268e-04,3.3350170014e+01
-2.4236523108e-04,6.6947209342e-05,3.6689233792e+01
-4.4760392393e-05,1.0535256903e-04,3.6238132983e+01
-4.7784133655e-05,1.0937018443e-04,3.5419958453e+01
-5.0203575160e-05,1.0517395491e-04,3.5828008127e+01
-5.1689364000e-05,1.0718709511e-04,3.5409071329e+01
-5.4395985540e-05,1.0712169144e-04,3.5201877345e+01
-5.3151392056e-05,1.0921550238e-04,3.4965917976e+01
-4.3586263859e-05,1.0745554591e-04,3.6076468533e+01
-4.0891663457e-05,1.0757116405e-04,3.6306699289e+01
-5.7104971200e-05,1.0706743979e-04,3.5004913624e+01
-5.9816106943e-05,1.0702389120e-04,3.4819164614e+01
-5.8529575110e-05,1.0910637101e-04,3.4564777021e+01
-6.1118754461e-05,1.0495623481e-04,3.5070572736e+01
-6.2529132158e-05,1.0699059212e-04,3.4645322155e+01
-6.5243608942e-05,1.0696724359e-04,3.4483808929e+01
-6.3916151410e-05,1.0903923661e-04,3.4221464666e+01
-6.6613158220e-05,1.0902049271e-04,3.4071732530e+01
-6.7960140702e-05,1.0695337630e-04,3.4334806561e+01
1.7008626047e-05,9.2025250716e-05,2.1164527272e+01
1.5074343598e-05,9.3745271003e-05,2.0784290196e+01
1.2893900538e-05,1.0174349610e-04,2.6281755746e+01
1.3647214622e-05,1.0405779198e-04,2.6819692558e+01
1.5374972992e-04,1.3167762068e-04,1.7323009329e+01
2.2579887132e-05,9.3272999141e-05,2.0961154913e+01
2.0577925590e-05,9.4993734408e-05,2.0911637187e+01
1.8196256963e-05,1.0310157728e-04,2.0897876707e+01
1.8919852185e-05,1.0547549206e-04,2.2795082710e+01
2.1539175315e-05,1.0625290473e-04,1.9720966973e+01
2.3509241108e-05,1.0462005622e-04,2.0418214081e+01
1.4972947700e-04,1.0500131157e-04,1.7108692811e+01
1.6896320723e-04,1.2037353398e-04,1.7457381879e+01
-4.5715985339e-05,1.1784672851e-04,3.4225160967e+01
-4.7142495968e-05,1.1991315904e-04,3.3657932311e+01
-4.9716707006e-05,1.1982847619e-04,3.3403586071e+01
-4.8532781258e-05,1.2195228361e-04,3.3101658243e+01
-5.1088315058e-05,1.2183803721e-04,3.2912656869e+01
-5.0148442228e-05,1.2389054326e-04,3.2621302568e+01
-5.2300232161e-05,1.1973418279e-04,3.3197598245e+01
-5.3656737390e-05,1.2180070755e-04,3.2760949222e+01
-1.9129767739e-04,4.5374022178e-05,4.1574327288e+01
2.2677534063e-04,1.1740630518e-05,2.0411356683e+01
-1.6034291610e-04,3.5855764513e-05,4.5150122180e+01
-1.6377307631e-04,3.5907755854e-05,4.4974731800e+01
-1.6614854563e-04,3.4259730097e-05,4.5207812004e+01
-1.6142273051e-04,3.7563808810e-05,4.4730972173e+01
-2.1345821829e-04,1.2073157337e-05,4.5343113835e+01
1.3251837363e-04,1.0324083430e-04,1.8924665097e+01
-5.6131577332e-05,1.1752591641e-04,3.3306811838e+01
-5.7482862984e-05,1.1962085091e-04,3.2891967267e+01
-6.0079912983e-05,1.1957308178e-04,3.2787197210e+01
-5.8807576232e-05,1.2166699638e-04,3.2588387228e+01
-6.2680430839e-05,1.1952328892e-04,3.2710862804e+01
-6.3974954373e-05,1.2148721918e-04,3.2521975178e+01
-5.6228966073e-05,1.2167115417e-04,3.2665832595e+01
-6.5284522910e-05,1.1947903368e-04,3.2655683618e+01
-6.6514938989e-05,1.2164801408e-04,3.2504874848e+01
-6.4663702929e-05,1.2397594974e-04,3.2514237924e+01
5.7409232408e-05,1.0069677542e-04,2.1389835010e+01
5.4920869921e-05,1.0252912023e-04,2.1227545907e+01
1.7350280548e-04,6.8047938197e-05,1.7464941951e+01
1.7727639497e-04,6.8854274158e-05,1.7068832253e+01
-1.8512954407e-04,6.2016036511e-05,3.8927170438e+01
-1.5909789246e-04,3.9227897402e-05,4.4477365136e+01
-2.2582207078e-05,1.1939002495e-04,3.8180981252e+01
-1.5308725657e-04,8.1644103804e-05,3.6425315955e+01
-7.8523590637e-05,1.1529500192e-04,3.2844306136e+01
-7.7119286026e-05,1.1738773646e-04,3.2691674375e+01
-7.9751891970e-05,1.1741185398e-04,3.2685902195e+01
-7.8344914444e-05,1.1945299185e-04,3.2606872175e+01
-7.5731384827e-05,1.1936611851e-04,3.2595473289e+01
-8.1048454940e-05,1.1943713925e-04,3.2627061831e+01
-6.9230767414e-05,1.1736822950e-04,3.2785357317e+01
-7.0501233682e-05,1.1946531509e-04,3.2595089720e+01
-7.3115501973e-05,1.1938901504e-04,3.2590572770e+01
-7.1616517694e-05,1.2151205006e-04,3.2533131556e+01
-6.7883679746e-05,1.1946913456e-04,3.2617390049e+01
-7.4488409148e-05,1.1735889935e-04,3.2710903329e+01
1.1341960786e-04,6.9464860319e-05,2.2923811330e+01
-6.0976842431e-05,5.7417561332e-05,4.2097915772e+01
-6.2651046624e-05,5.9175206249e-05,4.1887939088e+01
-6.5882588475e-05,5.9151840888e-05,4.1992880696e+01
-1.9656772775e-04,9.4294781692e-05,3.5306265754e+01
-1.9715542974e-04,9.6575843828e-05,3.5216833554e+01
2.3665616598e-05,1.2964477814e-04,4.1281938373e+01
2.0108359299e-04,8.0403946259e-05,1.7382445123e+01
1.3838107698e-04,1.1740074997e-04,1.8203025142e+01
1.3888524979e-04,1.2070880261e-04,1.8212357949e+01
1.3538537868e-04,1.1965848752e-04,1.8447984023e+01
-1.2740766498e-04,8.6257704904e-05,3.6010740166e+01
1.1661029981e-04,9.2775690243e-05,2.1355369391e+01
1.2027474135e-04,9.3775553362e-05,2.0842054130e+01
1.1738416074e-04,9.5963728804e-05,2.0968863816e+01
1.2103046361e-04,9.6976362875e-05,2.0452384747e+01
1.1814022894e-04,9.9171417841e-05,2.0558809834e+01
1.1884138898e-04,1.0239526742e-04,2.0190999471e+01
-1.7160397446e-04,9.5474636476e-05,3.4918893543e+01
1.6211529962e-04,8.0479885502e-05,1.7319255784e+01
9.4973986325e-05,6.5830520589e-05,2.2558931569e+01
1.9906920949e-04,1.0109649450e-05,2.0971457509e+01
2.7609882179e-04,2.0525782669e-05,1.7578579962e+01
2.8000664265e-04,2.0709482453e-05,1.7111013485e+01
-9.2647800642e-05,8.5213109309e-05,3.7022177855e+01
-9.1053822735e-05,8.7131409377e-05,3.6725901594e+01
-1.6662619099e-04,2.4407808874e-05,4.7243109233e+01
-1.2075266665e-04,7.4384546045e-05,3.8286571747e+01
-1.1892436645e-04,7.6233065327e-05,3.7973881294e+01
-1.1593801034e-04,7.6146245259e-05,3.8067819917e+01
-1.1712090935e-04,7.8091415450e-05,3.7663297358e+01
7.8872017818e-05,1.3906094517e-04,1.9873690998e+01
2.2669268987e-04,4.2098308375e-05,1.7349309515e+01
2.3062198846e-04,4.2630099806e-05,1.7117234042e+01
2.2737337604e-04,4.5115894100e-05,1.7057813432e+01
1.2483149871e-05,3.8483956206e-05,3.0462424990e+01
1.5849991489e-05,3.8606724510e-05,2.9350209140e+01
1.6937858990e-05,4.0416813837e-05,2.8448119234e+01
4.5594529431e-05,3.9875524119e-05,2.2048670727e+01
4.8927516937e-05,4.0066237292e-05,2.2090242730e+01
4.9796920996e-05,4.2060208575e-05,2.2079486920e+01
5.3149139142e-05,4.2296455853e-05,2.2114651625e+01
5.5658640747e-05,4.0497201823e-05,2.2153110458e+01
5.9058010222e-05,4.0737564226e-05,2.2191758047e+01
5.9922128965e-05,4.2820560525e-05,2.2189943628e+01
6.3343463697e-05,4.3108839444e-05,2.2230008201e+01
6.5925968786e-05,4.1270394043e-05,2.2273186409e+01
6.9395550112e-05,4.1562796828e-05,2.2316011703e+01
7.0258346362e-05,4.3738778486e-05,2.2312195701e+01
7.3752155218e-05,4.4080680203e-05,2.2353641488e+01
7.6406793123e-05,4.2201544789e-05,2.2399831553e+01
7.9949175250e-05,4.2547596786e-05,2.2441962945e+01
8.0814296103e-05,4.4818813236e-05,2.2436137034e+01
8.4382566118e-05,4.5215079064e-05,2.2477132294e+01
8.7107573681e-05,4.3294544001e-05,2.2522564091e+01
9.0724037999e-05,4.3694886275e-05,2.2562648038e+01
9.1594533951e-05,4.6061953800e-05,2.2558943897e+01
9.5237853870e-05,4.6512375351e-05,2.2599848843e+01
9.8030846329e-05,4.4550306760e-05,2.2640028563e+01
1.0172147282e-04,4.5004336469e-05,2.2679095565e+01
1.0258533263e-04,4.7464399802e-05,2.2684634652e+01
4.0455458371e-05,1.1292599779e-04,1.9693970590e+01
-1.6644475803e-04,4.6345436914e-05,4.2627772147e+01
-1.6733628886e-04,4.8154695738e-05,4.2211893053e+01
7.7202042844e-05,6.2667808546e-05,2.2275135272e+01
1.1951815629e-04,1.4978773033e-04,1.9016997409e+01
-2.5033876185e-04,3.7856872253e-05,3.5808878529e+01
-2.4751672606e-04,4.1605060607e-05,3.6348118077e+01
-9.4909339765e-05,7.5694979181e-05,3.8747356818e+01
-1.6594196725e-04,8.6610602171e-05,3.5708599883e+01
1.7137295585e-04,8.8630562257e-06,2.1945757546e+01
-3.3117190354e-04,2.0219803537e-06,1.8714292336e+01
-3.2731780276e-04,1.9345716859e-06,1.7615982686e+01
-3.2644445296e-04,4.0444129536e-06,1.7932674616e+01
-2.1975503400e-04,6.9535708377e-05,3.7039361914e+01
1.6329876879e-04,1.2830227199e-04,1.7364770133e+01
-1.5664042044e-04,4.6106912439e-05,4.3090904356e+01
-1.5991923504e-04,4.6182901606e-05,4.2940409100e+01
-1.6089737845e-04,4.7980977925e-05,4.2516838106e+01
1.8276597592e-04,4.6754655804e-05,1.8380519678e+01
-6.2141512370e-05,2.8893368771e-05,4.7086492686e+01
-1.1590002639e-04,8.5809600095e-05,3.6287963826e+01
-1.1416669282e-04,8.7716250586e-05,3.5998045385e+01
-1.3444964618e-04,1.0078723522e-04,3.4140434966e+01
-1.0041109802e-04,6.6489307152e-05,4.0431210717e+01
1.8742383603e-04,3.6507875155e-05,1.8826479708e+01
6.6867692502e-05,6.1000419538e-05,2.2115085367e+01
-2.3477407897e-04,6.5430154783e-05,3.6933045940e+01
5.6774049004e-05,5.9507697711e-05,2.1980067913e+01
1.7112432814e-04,4.4877997405e-05,1.9143364501e+01
-1.0175729899e-04,6.8347140594e-05,4.0018622833e+01
5.6498950953e-05,1.3210282117e-04,2.2162667505e+01
5.9650056494e-05,1.3376068113e-04,2.2272401876e+01
5.6707380992e-05,1.3553539802e-04,2.2108507889e+01
1.7569842778e-04,3.4917144497e-05,1.9503723492e+01
1.0373424059e-04,1.1005110106e-04,2.0859485169e+01
-1.5599448923e-04,7.3814193586e-06,5.1050860522e+01
8.8617191874e-05,1.3950911802e-04,1.9727208489e+01
8.5245588198e-05,1.3827250019e-04,1.9793933859e+01
8.5575629544e-05,1.4161251129e-04,1.9719800399e+01
-8.6355072272e-05,1.1962323547e-04,3.2694354973e+01
-8.3680393220e-05,1.1960344346e-04,3.2655637057e+01
-8.2190572731e-05,1.2193844880e-04,3.2697766574e+01
-8.2417865101e-05,1.1743177234e-04,3.2690994756e+01
-1.1473919261e-04,7.4216235750e-05,3.8478528803e+01
1.4367796249e-04,8.1205829055e-06,2.2701476579e+01
-1.3466034190e-04,4.7424980370e-05,4.3599812442e+01
-1.3797097459e-04,4.7481314796e-05,4.3478228472e+01
-1.3914098205e-04,4.9251091600e-05,4.3047233899e+01
-1.2849390025e-04,1.1082911770e-04,3.3477287608e+01
-1.2968446349e-04,1.1306172001e-04,3.3463894236e+01
-1.2121925818e-04,5.5987169553e-05,4.2113837153e+01
-1.1632585064e-04,1.0187717656e-04,3.3973418223e+01
4.6909364554e-05,5.8190568799e-05,2.1880215547e+01
8.7626420000e-05,8.5126439690e-05,2.2430288552e+01
-8.6967906243e-05,5.7381663866e-05,4.2489993451e+01
-8.5227387062e-05,5.9145231792e-05,4.2157591752e+01
-8.2010291636e-05,5.9127919111e-05,4.2175386402e+01
7.2266975955e-05,1.3635800033e-04,2.0024379719e+01
7.2522647181e-05,1.3972830744e-04,1.9965821312e+01
3.7256824159e-05,5.7048779850e-05,2.1821183650e+01
1.4399061721e-04,4.0869790005e-05,2.1402035905e+01
1.5913222010e-04,6.7912742846e-05,1.8609007599e+01
-2.4104604958e-04,1.4863050729e-06,4.1206235775e+01
-2.3809813846e-04,2.9812598999e-06,4.1848880320e+01
-2.3415855085e-04,2.9755880681e-06,4.2796395261e+01
-2.3516393192e-04,4.4774232868e-06,4.2413693023e+01
-2.3125559544e-04,4.4678400142e-06,4.3283424277e+01
-2.3906562135e-04,4.4925280849e-06,4.1462033996e+01
-2.3622255154e-04,5.9996168858e-06,4.2008492805e+01
-2.3021761002e-04,2.9692707173e-06,4.3661025772e+01
-2.2734050680e-04,4.4650433576e-06,4.4078830177e+01
-2.2835668118e-04,5.9804145847e-06,4.3706820571e+01
-2.2447459560e-04,5.9697758696e-06,4.4438913797e+01
-2.2342773880e-04,4.4535897533e-06,4.4807951503e+01
2.4057779604e-04,2.2792464955e-06,2.1908979961e+01
2.4494966500e-04,4.9332355788e-06,2.1632448374e+01
1.7990403735e-04,8.1669061719e-05,1.7375488192e+01
-2.3286394929e-04,4.0189918322e-05,3.8692024791e+01
8.3792694911e-05,9.5082679320e-05,2.2377212617e+01
8.6505903210e-05,1.5156961938e-04,1.9196660280e+01
8.6827154220e-05,1.5486611491e-04,1.8904765327e+01
8.9981341373e-05,1.5266209556e-04,1.9085566675e+01
5.0635483685e-05,7.6669317632e-05,2.1625143257e+01
4.8262402849e-05,7.8515747640e-05,2.1545529091e+01
5.3846413780e-05,7.7322342373e-05,2.1676544977e+01
5.4652104819e-05,7.9872981532e-05,2.1650517268e+01
1.4838391495e-04,3.1578999596e-05,2.1553943614e+01
-7.5576366583e-05,5.9119087015e-05,4.2161865558e+01
-7.2345877547e-05,5.9124053307e-05,4.2127490745e+01
-8.0488630538e-05,5.7349756655e-05,4.2511166817e+01
-1.4453068081e-04,7.5284307372e-05,3.7585409286e+01
-1.2088898763e-04,7.3627802803e-06,5.2293903035e+01
2.4378785574e-04,1.1659479787e-04,1.4431380524e+01
7.6447879679e-05,1.0413424685e-04,2.2214421749e+01
-7.0686909162e-05,9.4823243846e-05,3.6194402093e+01
-6.9287510297e-05,9.6816732960e-05,3.5932772272e+01
-7.3520318919e-05,9.4825732455e-05,3.6062935386e+01
1.3256134204e-04,6.2500350552e-05,2.1419230052e+01
2.3255385646e-04,2.1587384599e-06,2.1785574681e+01
2.3686759143e-04,4.6835212189e-06,2.1583380155e+01
-7.8724702367e-05,2.4111351561e-05,4.8869042044e+01
-8.2417169505e-05,2.4108248524e-05,4.8993063281e+01
-8.0474930388e-05,2.5680267495e-05,4.8628993570e+01
-8.4145931252e-05,2.5677856347e-05,4.8737407369e+01
-8.2205518139e-05,2.7255733324e-05,4.8377096333e+01
-8.3883328116e-05,2.8845352993e-05,4.8111322112e+01
2.7796044369e-05,5.6080389571e-05,2.1812177133e+01
3.1924356902e-05,7.3236203468e-05,2.1495347534e+01
2.9754516545e-05,7.5037754561e-05,2.1448888736e+01
2.6736672957e-05,7.4539777916e-05,2.1464267013e+01
3.4982564500e-05,7.3750622012e-05,2.1496113021e+01
3.5825654494e-05,7.6101236759e-05,2.1445592653e+01
2.5867700163e-05,7.2279288444e-05,2.1515058705e+01
2.2870382970e-05,7.1835123353e-05,2.1533871432e+01
2.0786824718e-05,7.3619246033e-05,2.1507816418e+01
1.7823443123e-05,7.3191103000e-05,2.1546019467e+01
1.6923256741e-05,7.1013971676e-05,2.1567926025e+01
1.1970822500e-05,7.2406458177e-05,2.1429508440e+01
9.0526172459e-06,7.2044895506e-05,2.2483702813e+01
8.1164309323e-06,6.9944918853e-05,2.3784422893e+01
5.1762675396e-06,6.9627111879e-05,2.5720649697e+01
3.2140624730e-06,7.1385244413e-05,2.6630185377e+01
2.4807861954e-07,7.1081462706e-05,2.8255010780e+01
-7.7404227672e-07,6.9043805114e-05,2.8907751656e+01
-3.7763542193e-06,6.8777643957e-05,3.0310632293e+01
-5.7134368483e-06,7.0531668621e-05,3.1048780613e+01
-8.7326010594e-06,7.0281885132e-05,3.2266712128e+01
-1.2884096225e-05,6.8078586307e-05,3.3824529451e+01
-1.4786545266e-05,6.9835698608e-05,3.4354050503e+01
-1.7845354987e-05,6.9635696700e-05,3.5246652580e+01
-1.9023688039e-05,6.7691062513e-05,3.5647248700e+01
-2.2107766452e-05,6.7519130764e-05,3.6420165534e+01
-2.3967582230e-05,6.9283515726e-05,3.6748028178e+01
-2.7055194479e-05,6.9128072179e-05,3.7376499403e+01
-2.8306623086e-05,6.7216996208e-05,3.7721341414e+01
-3.1415722668e-05,6.7085266555e-05,3.8260513332e+01
-3.3226413459e-05,6.8859158531e-05,3.8409214924e+01
-3.6334176380e-05,6.8742827857e-05,3.8829509869e+01
-3.7656293084e-05,6.6858561497e-05,3.9145049627e+01
-4.0782560232e-05,6.6762055654e-05,3.9500286026e+01
-4.5659949990e-05,6.8464090360e-05,3.9758300141e+01
-4.7050724660e-05,6.6601044812e-05,4.0061476549e+01
-5.0187817545e-05,6.6535097424e-05,4.0275930419e+01
-5.1885895236e-05,6.8330479397e-05,4.0150485090e+01
-5.5014457623e-05,6.8277263426e-05,4.0291823201e+01
-5.6472081808e-05,6.6430772882e-05,4.0592936655e+01
6.0978759899e-05,9.1336750648e-05,2.1663645556e+01
1.8505553949e-05,5.5281560935e-05,2.2455157524e+01
-6.4582868810e-05,7.5565944803e-05,3.9415871729e+01
-6.3118986529e-05,7.7455916755e-05,3.9144713922e+01
-6.0103060752e-05,7.7487414115e-05,3.9153546604e+01
-6.7621604241e-05,7.5546668101e-05,3.9395098021e+01
-6.9152744105e-05,7.7417747514e-05,3.9077367594e+01
-1.6543675607e-04,5.7215161867e-05,4.0448739146e+01
-1.6323193294e-04,5.8986665211e-05,4.0174119455e+01
-1.6630498998e-04,5.9114987379e-05,4.0049362172e+01
-9.1424598183e-05,4.3596908289e-05,4.5250408347e+01
2.3838862076e-04,1.3727632038e-04,1.3779662930e+01
-2.0006702778e-04,3.4957721438e-05,4.2881115336e+01
7.6570491551e-05,1.5101595687e-04,1.9377843096e+01
9.4538564794e-05,3.5301330618e-05,2.2648560533e+01
1.0609930924e-04,5.7736842515e-05,2.2720145001e+01
-5.4067851289e-05,7.7578457931e-05,3.9107448910e+01
-5.8505523077e-05,7.5629633601e-05,3.9401858654e+01
9.8561841812e-05,2.7287545958e-05,2.2698214097e+01
8.3640587012e-05,3.4437244922e-05,2.2518705258e+01
-1.7129185511e-04,7.8887893714e-05,3.6649015213e+01
-7.0863023566e-05,4.3593300206e-05,4.4872036276e+01
8.7535922777e-05,2.6714266930e-05,2.2562876341e+01
-1.6439102876e-04,8.2410003679e-05,3.6230124060e+01
1.6282909304e-04,1.0241871427e-04,1.7404087200e+01
1.6037076250e-04,1.0807682972e-04,1.7394741428e+01
9.2213651070e-06,5.4610526702e-05,2.7046616216e+01
-6.0572923282e-05,4.3645381834e-05,4.4341076113e+01
7.2950080699e-05,3.3729964373e-05,2.2380602385e+01
5.4581184328e-05,7.7499823265e-06,2.7952000453e+01
3.2291851337e-05,1.3499159660e-04,1.6887556852e+01
-2.4394159318e-07,5.4016374673e-05,3.0985690559e+01
-4.6364489799e-05,7.5870148083e-05,3.9066057671e+01
-4.5029651933e-05,7.7791058529e-05,3.8828555351e+01
-4.9396903651e-05,7.5794649818e-05,3.9197226820e+01
9.5066159916e-05,5.5952962642e-05,2.2576193820e+01
-2.0938655957e-04,7.0269295508e-05,3.7183158596e+01
8.4266145452e-05,5.4332211108e-05,2.2427483535e+01
7.6695477298e-05,2.6279889520e-05,2.2455880965e+01
1.2018269700e-05,1.2548441807e-04,4.4732426354e+01
6.2462362164e-05,3.3170176311e-05,2.2260780072e+01
6.6037786960e-05,2.5967664349e-05,2.2438294294e+01
-1.7551880581e-04,1.1931487663e-05,4.9078896899e+01
-1.7676393217e-04,1.3467985639e-05,4.8718023727e+01
5.2170045525e-05,3.2745838972e-05,2.2255708955e+01
-2.3109273007e-05,7.4607961985e-06,4.5920352704e+01
-2.7078976277e-05,2.4382552271e-05,4.3549631635e+01
-1.1395290974e-05,7.4958599538e-06,4.3603471618e+01
-1.0807585573e-04,3.5362821789e-05,4.6891758331e+01
5.5555424351e-05,2.5757982765e-05,2.3408874385e+01
-8.5294410336e-06,1.3598175765e-05,4.1828604319e+01
-4.7173379745e-06,1.3623717700e-05,4.0955751857e+01
-6.9165947748e-06,1.5154968384e-05,4.1157873081e+01
-5.3340107560e-06,1.6723155986e-05,4.0477201757e+01
-6.7483588188e-05,5.7371689851e-05,4.2331304817e+01
-1.7689103472e-04,7.9344147234e-05,3.6542755130e+01
-1.7480709071e-04,8.1208813283e-05,3.6324019569e+01
-1.7550636445e-04,8.3323745731e-05,3.6070339836e+01
-1.7345970700e-04,8.5201586500e-05,3.5862863529e+01
-2.7924186150e-05,3.0799127537e-05,4.2535240904e+01
-3.0441645101e-05,5.9838619489e-05,3.8718808403e+01
-9.8570540178e-06,5.3508128931e-05,3.4396915157e+01
3.0906296433e-05,2.5292865892e-05,2.8979741590e+01
6.3367682483e-05,5.1585616893e-05,2.2157451087e+01
7.3700730686e-05,5.2875914794e-05,2.2285319245e+01
-9.9845900623e-05,5.7473654890e-05,4.2304308850e+01
6.9006182213e-05,1.3493890122e-04,2.0208428452e+01
-3.7285669665e-05,7.6166100279e-05,3.8424264799e+01
-3.6017381187e-05,7.8108967973e-05,3.8198809074e+01
-3.3023008957e-05,7.8241251048e-05,3.7887902287e+01
-4.0308272532e-05,7.6055264628e-05,3.8684363385e+01
-1.1437140026e-05,3.7740480052e-05,3.7673513216e+01
-1.0091458051e-05,3.9475324114e-05,3.6984089057e+01
-1.4896123161e-05,3.7654025371e-05,3.8549287871e+01
-2.4207407176e-04,2.9802373763e-06,4.0798549145e+01
-2.4015581694e-04,6.0079579250e-06,4.1034039896e+01
-9.0431866138e-05,3.5304910788e-05,4.6934739568e+01
-8.8524120972e-05,3.6939503183e-05,4.6583666977e+01
-8.5009583054e-05,3.6935860329e-05,4.6534224320e+01
-9.3966698661e-05,3.5311660568e-05,4.6959013454e+01
-9.5547354277e-05,3.6954785812e-05,4.6625347722e+01
1.8041549210e-05,3.1756807088e-05,3.0684247415e+01
2.8405866244e-05,3.2043346283e-05,2.7624794741e+01
2.0189651766e-05,2.5088921142e-05,3.1916768223e+01
2.1267408627e-04,1.9085659297e-06,2.1659752355e+01
2.1700685003e-04,4.1419281937e-06,2.1524639754e+01
-2.1323714672e-04,1.4713314092e-06,4.6817205202e+01
-2.1048428295e-04,2.9495796852e-06,4.7022531245e+01
-2.0653410800e-04,2.9463284350e-06,4.7546137765e+01
-2.0774534080e-04,4.4301216739e-06,4.7191419873e+01
-2.0382078004e-04,4.4244020634e-06,4.7679954801e+01
-2.1166914465e-04,4.4344485480e-06,4.6664711927e+01
-2.0899720450e-04,5.9327148005e-06,4.6823095508e+01
-2.0258334792e-04,2.9423753865e-06,4.8031465988e+01
-1.9989204937e-04,4.4243799695e-06,4.8133175011e+01
-2.0111458660e-04,5.9210594911e-06,4.7780862032e+01
-1.9721303327e-04,5.9148677069e-06,4.8205154730e+01
-1.9596535538e-04,4.4164001047e-06,4.8555630942e+01
-2.1443384928e-04,2.9521423864e-06,4.6456536967e+01
-2.1559070478e-04,4.4398880179e-06,4.6095158359e+01
-2.1838179247e-04,2.9557581596e-06,4.5843171989e+01
-2.1951106627e-04,4.4449414335e-06,4.5478097407e+01
-2.1678463230e-04,5.9476041609e-06,4.5719565958e+01
-2.2232882802e-04,2.9594303024e-06,4.5177134585e+01
-1.9586043751e-05,5.3088017657e-05,3.7176906268e+01
-6.9196348479e-05,3.5319752746e-05,4.6329183633e+01
-6.7427479384e-05,3.6962345343e-05,4.5934371831e+01
-7.2737781686e-05,3.5309914912e-05,4.6493544939e+01
-7.4457082972e-05,3.6942338172e-05,4.6251900967e+01
-7.7975511897e-05,3.6937162824e-05,4.6370086343e+01
-7.9818961362e-05,3.5299655475e-05,4.6740660109e+01
-8.3358158173e-05,3.5298649256e-05,4.6827187578e+01
4.3365256732e-05,4.9504443254e-05,2.1953275018e+01
-2.0884918753e-05,6.0224927500e-05,3.6675799053e+01
5.3259862590e-05,5.0462094670e-05,2.2046227557e+01
-1.1416629550e-05,6.0716371918e-05,3.3933016851e+01
2.0987697897e-05,4.7887257770e-05,2.4715181541e+01
-1.1268094792e-04,4.8855473704e-05,4.3889832535e+01
-1.1069807655e-04,5.0572376611e-05,4.3559257537e+01
-1.1202248362e-04,5.2352235462e-05,4.3143184344e+01
-1.1601003373e-04,4.8894128600e-05,4.3804686372e+01
-2.8247337247e-05,7.6579936283e-05,3.7301428267e+01
-2.7046742944e-05,7.8550402423e-05,3.7078517160e+01
-2.4070187437e-05,7.8728423194e-05,3.6567242779e+01
-3.1254480195e-05,7.6427736170e-05,3.7738775683e+01
1.1382846316e-05,4.7356107247e-05,2.8266659330e+01
-2.0679223350e-06,6.1320617517e-05,3.0405628219e+01
-7.8480020307e-05,6.6308805573e-05,4.0864024432e+01
-7.6874142102e-05,6.8129577659e-05,4.0551532220e+01
-1.2265371387e-04,4.8978552416e-05,4.3614667965e+01
7.1243647199e-06,6.2040520675e-05,2.6062663797e+01
-1.3329083241e-05,7.7586421948e-05,3.3889535914e+01
-1.5185934668e-05,7.9367889655e-05,3.4514758379e+01
-1.8137176696e-05,7.9136502851e-05,3.5293200091e+01
-1.0375802536e-05,7.7842628237e-05,3.2905427797e+01
-9.3133431824e-06,7.9890936499e-05,3.2628017437e+01
-6.3970870285e-06,8.0184111009e-05,3.1500171739e+01
-4.5093321419e-06,7.8417018957e-05,3.0561300992e+01
-1.5987511210e-06,7.8736842056e-05,2.9175440882e+01
-6.0627355586e-07,8.0839373203e-05,2.8817907370e+01
2.2628380525e-06,8.1203003923e-05,2.7231118649e+01
-1.9268946240e-05,7.7131493820e-05,3.5530062270e+01
-2.2253727782e-05,7.6931030512e-05,3.6204412625e+01
4.1685359269e-06,7.9446069659e-05,2.5923271705e+01
7.0212079067e-06,7.9837044806e-05,2.3790865714e+01
7.9432016761e-06,8.2007703068e-05,2.3217366622e+01
1.0762522334e-05,8.2449236126e-05,2.1216299643e+01
1.2702929061e-05,8.0692412303e-05,2.1550455638e+01
1.5561699393e-05,8.1156457684e-05,2.1396612924e+01
1.6438040554e-05,8.3406723851e-05,2.1329579068e+01
1.9297318146e-05,8.3924236792e-05,2.1292882039e+01
2.1323811420e-05,8.2160261894e-05,2.1310282974e+01
2.4229341810e-05,8.2700956172e-05,2.1271832016e+01
2.5064006207e-05,8.5039537032e-05,2.1199549426e+01
2.7974910221e-05,8.5638457834e-05,2.1165642650e+01
3.0097319686e-05,8.3862592459e-05,2.1216311739e+01
9.8502508179e-05,7.6962766630e-05,2.2617867712e+01
2.0463973705e-04,1.8237130429e-06,2.1672087087e+01
2.0902359749e-04,3.9541072344e-06,2.1556204944e+01
-3.9281933085e-05,5.2497485588e-05,4.0945102518e+01
-1.8174764346e-04,4.5021809505e-05,4.2166532307e+01
-1.7933491233e-04,4.6741533687e-05,4.1949585587e+01
2.5269463235e-05,6.3882661987e-05,2.1668167411e+01
1.6146331602e-05,6.2877030883e-05,2.1682459731e+01
3.1924142637e-04,5.9902668027e-05,1.3975181575e+01
4.3996846039e-05,6.6445044052e-05,2.1717780237e+01
-5.2732239990e-05,5.5756040764e-05,4.1872699113e+01
6.3587799583e-05,6.9767025291e-05,2.1970904579e+01
3.4537498166e-05,6.5069801173e-05,2.1670291754e+01
7.3757107005e-05,7.1712101714e-05,2.2157334605e+01
5.3672988251e-05,6.8010721112e-05,2.1819613681e+01
-1.2432273326e-05,1.0778430024e-04,3.7290654441e+01
-1.6832681353e-05,1.0936347345e-04,3.7684140255e+01
-1.5918979811e-05,1.1156790541e-04,3.7909907514e+01
-1.8544234390e-05,1.1127922678e-04,3.7847811308e+01
-1.9485341596e-05,1.0908496517e-04,3.7665638709e+01
-1.3289098939e-04,5.4432631115e-05,4.2109275687e+01
-5.8407940628e-05,2.5737071195e-05,4.7373985895e+01
-5.8457781341e-05,2.8900529083e-05,4.6803437426e+01
2.6464961020e-04,4.0799470208e-05,1.7230601257e+01
2.6862122208e-04,4.1311948232e-05,1.7204779393e+01
2.6532073537e-04,4.4092761228e-05,1.7206765245e+01
2.7125932569e-04,3.5265113504e-05,1.7204740917e+01
2.6135129547e-04,4.3544854538e-05,1.7237433218e+01
-2.5276814770e-04,2.2743089573e-05,3.5655686806e+01
1.1177703996e-04,1.4094128221e-04,1.9411125807e+01
1.1522560257e-04,1.4204211668e-04,1.9329146488e+01
1.1695234169e-04,8.1279526445e-05,2.2126032215e+01
-8.0802069055e-05,5.0380396449e-05,4.3837366701e+01
2.8219231857e-05,9.4647742074e-05,2.0834662570e+01
2.6143096634e-05,9.6371636005e-05,2.0772738875e+01
3.1069512510e-05,9.5384789880e-05,2.0791761729e+01
3.1786406728e-05,9.7886755072e-05,2.0668401793e+01
-1.1158953666e-04,6.4845325136e-05,4.0480746396e+01
-1.1286066100e-04,6.6705890158e-05,4.0057627767e+01
-1.8540220002e-04,1.4578615668e-06,4.9994803034e+01
-1.8679869625e-04,2.9217401974e-06,4.9656213176e+01
-1.9072806338e-04,2.9334859546e-06,4.9292291429e+01
-1.8811888555e-04,4.4094723289e-06,4.9315209069e+01
-1.9203937453e-04,4.4107872711e-06,4.8949041286e+01
-1.8951812094e-04,5.9012122884e-06,4.8960531083e+01
-1.9467868262e-04,2.9363181414e-06,4.8901694232e+01
1.8475286493e-04,1.6564169365e-06,2.1880514074e+01
1.8916847151e-04,3.5597820572e-06,2.1828390511e+01
9.0336979659e-05,1.0875725037e-04,2.2817293781e+01
6.3826506656e-05,1.0277813048e-04,2.1684801937e+01
6.1255989995e-05,1.0465143207e-04,2.1542568610e+01
6.7096650526e-05,1.0386076264e-04,2.1837527697e+01
6.7761475721e-05,1.0689031850e-04,2.1875267215e+01
-1.0646280666e-04,1.0352668087e-04,3.3823947801e+01
-2.6746207068e-04,3.6030523897e-05,3.0697783991e+01
1.7673995198e-04,1.6045913432e-06,2.1981175628e+01
1.8117429417e-04,3.4383494067e-06,2.1986193450e+01
-1.7745076467e-04,1.4540870285e-06,5.0648734943e+01
-1.7503804959e-04,2.9238684850e-06,5.0605849293e+01
-1.2443877418e-04,5.6045388733e-05,4.2009699760e+01
-2.3061384193e-04,4.5879724729e-05,3.8454678003e+01
-2.3332126819e-04,4.4146231002e-05,3.8297310205e+01
-2.4162963991e-04,3.8975967452e-05,3.7457395049e+01
6.0424966935e-05,1.1558097134e-04,2.1461171136e+01
9.8446036201e-05,1.3974514461e-04,1.9611349262e+01
-2.0446195008e-05,1.0690864289e-04,3.7518712642e+01
-5.4888790229e-05,1.1965026866e-04,3.3031200256e+01
-6.9322218925e-05,1.0490024184e-04,3.4598114451e+01
-7.0676955741e-05,1.0694857498e-04,3.4198440777e+01
1.9334713505e-04,9.8092746790e-05,1.7402940324e+01
-2.4226726789e-04,6.2379344674e-05,3.6753568273e+01
-2.4479308134e-04,6.2898178815e-05,3.6642256006e+01
1.5680586313e-04,1.5384663700e-06,2.2209244893e+01
1.6129179273e-04,3.2188947230e-06,2.2300014287e+01
2.2914047166e-04,9.4368988444e-05,1.7046480076e+01
1.4878650941e-04,1.5342233862e-06,2.2322375858e+01
1.5329056290e-04,3.1730088468e-06,2.2339235523e+01
-1.8325996531e-04,3.4555430432e-05,4.4169002479e+01
-1.8414374268e-04,3.6290409012e-05,4.3765126620e+01
-3.9329330364e-05,1.0558424027e-04,3.6644064049e+01
-9.2736114683e-05,1.0312002299e-04,3.4049855847e+01
-8.3007110285e-05,1.0498379280e-04,3.4026010040e+01
-8.1552099178e-05,1.0701623193e-04,3.3774504158e+01
2.2214875200e-04,7.5497697549e-05,1.7264701977e+01
1.2889381372e-04,1.5384466086e-06,2.2441825240e+01
1.3344877677e-04,3.1416951903e-06,2.2420031626e+01
3.2202017281e-04,5.2896528906e-05,1.4106471748e+01
-1.2314934985e-04,9.4055883195e-05,3.4898220686e+01
1.2093760617e-04,1.5382578325e-06,2.2521974063e+01
1.2549314183e-04,3.1465462545e-06,2.2494905900e+01
1.1302265940e-04,1.5301224217e-06,2.2680931001e+01
1.1758572536e-04,3.1469253440e-06,2.2549852182e+01
-1.8494526808e-04,8.8468120008e-05,3.5574192842e+01
3.0851841451e-04,3.0651195293e-06,1.7732743190e+01
1.1078235098e-04,1.1224269513e-04,2.0058786422e+01
-1.7563554215e-04,1.0018029778e-04,3.4702573383e+01
-1.7631116480e-04,1.0236647340e-04,3.4627111632e+01
1.0507689671e-04,1.5291973615e-06,2.2953177987e+01
1.0967761683e-04,3.1478001117e-06,2.2697214835e+01
-1.3286434747e-04,1.0901066177e-04,3.3608714328e+01
-1.3120399536e-04,1.1093161595e-04,3.3524526335e+01
-8.3829072839e-05,1.1535907763e-04,3.2808309090e+01
-1.7548100590e-04,6.7248603054e-05,3.8331633551e+01
-1.7404542755e-04,7.1087593662e-05,3.7747866679e+01
-1.7695422369e-04,6.3451882415e-05,3.8930748308e+01
9.7134156885e-05,1.5277671911e-06,2.3381130824e+01
1.3015242582e-04,7.8732770217e-05,2.0800802003e+01
8.9157495034e-05,1.5335230982e-06,2.3998266268e+01
8.1252553869e-05,1.5232734212e-06,2.4820917260e+01
1.5890031619e-04,1.2044406193e-04,1.7355642568e+01
7.3311560414e-05,1.5202080422e-06,2.5866310375e+01
-2.3809722516e-04,7.9861981343e-05,3.6386710546e+01
6.5369355690e-05,1.5166365299e-06,2.7128836567e+01
5.7425589696e-05,1.5126156604e-06,2.8592819968e+01
4.9456685759e-05,1.5089959148e-06,3.0238664416e+01
-1.3210206983e-04,8.4490970875e-05,3.6228260894e+01
-2.4730266636e-04,6.1152575769e-05,3.6515856574e+01
-2.4481178345e-04,6.5192172686e-05,3.6638633753e+01
2.6919946778e-04,1.0875918480e-04,1.3907421377e+01
-1.0817381516e-04,1.1189092371e-04,3.3138005290e+01
2.3298296760e-04,1.2066487408e-04,1.4774411183e+01
1.9816621190e-04,1.3716474665e-04,1.7496559352e+01
3.2347524017e-04,3.8393719122e-05,1.4606610406e+01
-2.7669468784e-04,1.5333136878e-06,2.5570837822e+01
-2.7733396508e-04,3.0847732875e-06,2.5116566950e+01
-2.7339724092e-04,3.0668134044e-06,2.7599086331e+01
-2.7274415694e-04,1.5240156469e-06,2.8024559325e+01
-2.6948882514e-04,3.0570222734e-06,2.9858430265e+01
-2.6558742530e-04,3.0381837347e-06,3.1911138467e+01
-2.6483355390e-04,1.5115117183e-06,3.2338152210e+01
-2.6167640894e-04,3.0250128070e-06,3.3779378390e+01
-2.6087357470e-04,1.5074378381e-06,3.4205466692e+01
-2.5780835436e-04,3.0182675178e-06,3.5453158353e+01
-2.5859746235e-04,4.5636972935e-06,3.5032284668e+01
-2.7016988255e-04,4.6221468610e-06,2.9394165967e+01
-3.0559323249e-04,1.1380240151e-05,1.7078960722e+01
1.8029059227e-04,1.0422955054e-04,1.7462755364e+01
2.4036508867e-04,9.3842436190e-05,1.7084342723e+01
9.3040197458e-05,1.5063096502e-04,1.9221186860e+01
-1.9747666910e-04,3.6634759307e-05,4.2777790591e+01
3.0264461731e-04,1.0568760562e-04,1.3134439507e+01
2.6458709460e-04,2.7055302270e-06,2.2199497785e+01
2.6517237960e-04,5.5051634065e-06,2.1646267263e+01
2.6056012635e-04,2.6726281902e-06,2.2204450358e+01
7.2355503904e-05,1.1437299829e-04,2.2181278676e+01
-2.8885169356e-04,3.6588717427e-05,1.8347709463e+01
2.7208952898e-04,1.0205616566e-04,1.4021240270e+01
-1.7825256684e-04,8.3578202643e-05,3.6035580577e+01
-9.7424670070e-05,5.0449421409e-05,4.3805945643e+01
2.5255302093e-04,2.4905097827e-06,2.2120042181e+01
2.5308776206e-04,5.1062670222e-06,2.1676153538e+01
2.4855233572e-04,2.4637670623e-06,2.2028868638e+01
2.4820408190e-04,5.4396470458e-05,1.7243327732e+01
-1.8671224173e-04,7.6133813262e-05,3.6853902044e+01
-1.6160088874e-04,1.3425500537e-05,4.9670442714e+01
-2.4901001510e-04,1.4787182234e-06,3.8804926562e+01
1.5867416336e-04,9.8102333401e-05,1.7305598494e+01
1.0179118950e-04,3.1458506598e-06,2.2980014079e+01
2.1186400724e-04,7.9716435902e-05,1.7320284378e+01
-2.2515979507e-04,1.4767741281e-06,4.4826783653e+01
-2.2118629314e-04,1.4744793090e-06,4.5546788351e+01
2.2461510845e-04,2.0667028455e-06,2.1698907130e+01
2.2517997909e-04,4.2683312100e-06,2.1532430340e+01
2.2061794373e-04,2.0453152404e-06,2.1663479591e+01
2.7102422219e-04,1.2421525085e-04,1.3417981970e+01
2.1492477239e-04,1.2561318465e-04,1.7119200729e+01
-2.0211791108e-04,7.3599985384e-05,3.6955966970e+01
-2.0018790376e-04,8.8303082423e-05,3.5684976128e+01
1.9633326556e-04,1.1928791708e-04,1.7402168662e+01
-6.3982304967e-05,1.1739455929e-04,3.2929163945e+01
-7.1337537071e-05,2.4122955827e-05,4.8538765549e+01
-1.9733335524e-04,1.4652670982e-06,4.8828349088e+01
1.9670199060e-04,1.7600179143e-06,2.1730610889e+01
1.9734040572e-04,3.6373789640e-06,2.1704812164e+01
1.9270698473e-04,1.7474164070e-06,2.1768752316e+01
-1.4981050183e-04,9.9792378790e-05,3.4361875598e+01
1.4539950086e-04,1.1949799354e-04,1.7634774959e+01
-2.9365782804e-04,1.8727933977e-05,1.7233868401e+01
-4.0535388927e-05,1.1808122476e-04,3.4901499694e+01
1.6876927671e-04,1.5781262570e-06,2.2055957180e+01
1.6947072708e-04,3.2314674590e-06,2.2199142118e+01
1.6477375826e-04,1.5792277570e-06,2.2102716728e+01
1.4082591481e-04,1.5442776079e-06,2.2333124632e+01
1.4159666228e-04,3.0855906277e-06,2.2475399272e+01
1.3684096920e-04,1.5562382837e-06,2.2398893371e+01
-1.3764270376e-04,1.4534736765e-06,5.2837387360e+01
-2.2377389674e-04,8.1259552949e-05,3.6220484170e+01
1.3703131768e-04,9.2285824080e-05,1.9114213167e+01
-2.1993389152e-04,8.9426903851e-05,3.5839636380e+01
-2.1546402372e-04,9.0895309955e-05,3.5723310155e+01
-2.1340529674e-04,9.2997836599e-05,3.5620889444e+01
-2.1083243819e-04,9.2485072288e-05,3.5595711789e+01
-2.0865870938e-04,9.4266657186e-05,3.5498249190e+01
-2.0625169321e-04,9.3603996630e-05,3.5482303101e+01
2.1425450312e-04,9.3788202288e-05,1.7219527677e+01
-1.5165157937e-04,6.6021512985e-05,3.9140897684e+01
4.1487833524e-05,1.5103301132e-06,3.2029468396e+01
4.2898553465e-05,3.0311265144e-06,3.1410733819e+01
-3.8066321266e-05,1.4604691853e-06,4.9323682827e+01
-1.8151508411e-05,1.4684436857e-06,4.6016072482e+01
2.4232379770e-04,6.3170111010e-05,1.7203056654e+01
8.9394734168e-05,1.2071368875e-04,2.0781044664e+01
-2.1790170137e-04,4.1098715539e-05,4.0290539709e+01
-1.7822417821e-04,9.1949669994e-05,3.5246103106e+01
-1.8456062436e-04,7.7985198363e-05,3.6649030260e+01
1.4721998483e-04,9.1941528322e-05,1.8053633896e+01
1.4427052826e-04,9.4219218537e-05,1.8233831838e+01
2.3384698392e-04,1.2832659793e-04,1.4483682664e+01
-1.2148837156e-04,1.1249736592e-04,3.3315004407e+01
-1.4784686422e-04,5.2993204598e-05,4.1932354038e+01
2.6376180476e-04,7.4611553596e-05,1.5061125970e+01
-1.5576765722e-04,3.4119044791e-05,4.5735913182e+01
2.3318296398e-04,7.4650690374e-05,1.7169609092e+01
-2.3310450829e-04,1.4814932517e-06,4.3182205660e+01
1.1596998774e-04,1.2321226355e-04,1.9411042661e+01
2.1307767841e-04,8.6682917750e-05,1.7271258526e+01
-1.9335701522e-04,1.4636823258e-06,4.9244569186e+01
-5.0915576523e-05,1.1766004100e-04,3.3699250042e+01
-3.0302167423e-04,3.4060769945e-05,1.7453611968e+01
1.7192255766e-04,9.5402668146e-05,1.7432506588e+01
-7.9306678426e-05,9.0903357125e-05,3.6486109549e+01
-1.2453237922e-04,1.0227852097e-04,3.3948839664e+01
1.3134079425e-04,1.1531349407e-04,1.8716694812e+01
-2.8464801449e-04,5.3107090643e-05,3.1475753464e+01
-9.5940232274e-05,1.1353647852e-04,3.2948663477e+01
-9.4427526762e-05,1.1557914179e-04,3.2845372182e+01
-9.5566216962e-05,1.1766829597e-04,3.2826022882e+01
-2.3012012275e-04,4.1913038316e-05,3.8877092607e+01
2.1191592109e-04,6.0602112494e-05,1.7293981930e+01
1.2861517853e-04,1.4305499026e-04,1.9041606396e+01
-1.5857169373e-04,6.8240360708e-05,3.8554593622e+01
-1.3716949241e-04,1.0096073555e-04,3.4146813448e+01
-2.0960071401e-04,8.5388451051e-05,3.5930412592e+01
1.8908484619e-04,9.3613863555e-05,1.7427295180e+01
-7.6803207523e-05,2.5684014212e-05,4.8494939585e+01
-2.0437789361e-04,7.1768901895e-05,3.7117692773e+01
-1.7301657668e-04,9.9880771423e-05,3.4673991858e+01
1.9019544436e-04,1.0051442375e-04,1.7421652349e+01
1.4888992785e-04,1.4623415798e-04,1.8454530014e+01
-4.4568309514e-05,1.2001545443e-04,3.3960038691e+01
1.6292692795e-04,1.5434595572e-04,1.8223214100e+01
3.0743166090e-04,8.3964413952e-05,1.3637967512e+01
-3.1488328232e-04,3.3472880345e-05,1.7794541999e+01
-3.1117559799e-04,3.4906571521e-05,1.7740967417e+01
-1.1781119516e-04,1.1022624209e-04,3.3331728814e+01
-1.4653952500e-04,3.5675194390e-05,4.5783873571e+01
-2.2627427350e-04,2.9638890821e-06,4.4452008909e+01
-1.9863135365e-04,2.9390542963e-06,4.8482282202e+01
2.6287570260e-04,1.4074186487e-05,1.9935398869e+01
2.6155303312e-04,2.5491364991e-05,1.7994704908e+01
2.4362038320e-04,5.0462638621e-05,1.7281032749e+01
2.8787211114e-04,2.1106147640e-05,1.7076556271e+01
-1.4890817294e-04,3.9067492514e-05,4.4943177235e+01
3.6131784576e-04,3.5285323142e-05,1.2589011847e+01
3.5800666411e-04,3.8851028743e-05,1.2782066074e+01
3.5839784818e-04,4.2941538603e-05,1.2691910968e+01
1.8052030016e-04,8.4958515054e-05,1.7407417805e+01
-2.3483498326e-04,3.2759023031e-05,3.9109622055e+01
2.7887315434e-04,9.6281665119e-05,1.4019805072e+01
-2.0528617674e-04,1.4680560690e-06,4.7899115296e+01
-2.7873787697e-04,1.3245948237e-05,2.3081355733e+01
3.3859505485e-05,8.6921147128e-05,2.1129944938e+01
1.0725957787e-04,1.1115283486e-04,2.0429144718e+01
-1.7768706248e-05,1.0717680717e-04,3.7496450293e+01
-1.6239089588e-04,7.0371793902e-05,3.8094320959e+01
-1.6322397745e-04,7.2370526860e-05,3.7741353349e+01
-1.6613132713e-04,7.2546043288e-05,3.7660395170e+01
-1.6114873493e-04,7.4210156230e-05,3.7476062469e+01
-1.0846034456e-04,6.4788778315e-05,4.0576156222e+01
4.5922605154e-05,8.0351436268e-05,2.1463182381e+01
-1.3971423575e-04,8.2882499417e-05,3.6384015584e+01
3.5611043529e-04,2.2954783349e-05,1.3040607875e+01
2.7002224841e-04,4.8083206728e-05,1.7111942877e+01
-3.0727672972e-04,4.8857766917e-05,1.9704763639e+01
-1.9860287822e-04,5.9042347006e-05,3.8920118064e+01
-8.3366599576e-05,9.6892361303e-05,3.5300060848e+01
-9.0608260692e-05,1.1339607564e-04,3.2940023135e+01
-6.6586630478e-05,1.0490956572e-04,3.4745071242e+01
2.4955739179e-04,6.1237083150e-05,1.7157923680e+01
1.8298577652e-04,7.9282984926e-05,1.7370406790e+01
2.9908657856e-04,7.8486492740e-05,1.4017274258e+01
-1.1172362034e-04,7.4140246162e-05,3.8575950787e+01
2.0289641288e-04,5.3029935875e-05,1.7095124369e+01
-1.1023712539e-04,9.5541677463e-05,3.4830482804e+01
-1.5765618381e-04,4.7897042499e-05,4.2664994725e+01
-1.6507586308e-04,3.2572479269e-05,4.5621395271e+01
-1.6854920078e-04,3.2619771776e-05,4.5429311025e+01
-2.1432069473e-04,8.3977300379e-05,3.6037737333e+01
2.9790729040e-04,7.0860178332e-05,1.4277511458e+01
-2.2156504729e-04,8.3078741784e-05,3.6119850461e+01
-1.1103047035e-04,6.8515402538e-05,3.9733643380e+01
-1.9984986617e-05,1.3528730412e-05,4.4236970042e+01
-3.9127416260e-05,1.3439272266e-05,4.7439024149e+01
2.1851178885e-05,1.3827674334e-05,3.4266156753e+01
-2.8872938378e-04,1.2006438741e-05,1.7083550685e+01
3.6926982465e-05,1.3952730201e-05,3.0455572370e+01
-5.8305537068e-05,1.3381769696e-05,4.9593120078e+01
5.1919866753e-05,1.4071750324e-05,2.7111608457e+01
-1.3585767166e-04,4.9189698432e-05,4.3169482483e+01
-7.3656004602e-05,1.3355744598e-05,5.0642233129e+01
6.6835648154e-05,1.4174041579e-05,2.4558192687e+01
-1.7832004890e-04,3.7886104999e-05,4.3790736509e+01
-1.2476649209e-05,1.2057640445e-04,3.9712985259e+01
-8.9001987880e-05,1.3344283731e-05,5.1199300705e+01
8.1693613018e-05,1.4245953325e-05,2.3101234451e+01
7.6885419083e-05,9.3111422370e-05,2.2180222060e+01
-9.7742097376e-06,1.0812646565e-04,3.7103002500e+01
9.6628473828e-05,1.4334363197e-05,2.2984798616e+01
3.9770342935e-05,9.7802372718e-05,2.0775069766e+01
-1.0433502991e-04,1.3344639998e-05,5.1364845838e+01
-2.4242437823e-04,6.9262950644e-05,3.6657825386e+01
-1.1964812614e-04,1.3354711340e-05,5.1223874966e+01
1.1561779057e-04,1.4636510031e-05,2.2982486140e+01
1.3105695565e-04,1.5088734397e-05,2.2953482053e+01
7.9869590919e-05,1.0526330191e-04,2.2335788396e+01
-1.3493493038e-04,1.3373195174e-05,5.0838547534e+01
-8.9799325929e-05,2.4106914540e-05,4.9167233833e+01
2.1575816907e-04,6.1313119050e-05,1.7318026875e+01
1.5851544790e-04,1.6464272360e-05,2.1929619752e+01
-2.5319931207e-06,1.2216385639e-04,4.1649600096e+01
-1.0454470673e-04,2.4122057897e-05,4.9262267611e+01
-1.1925465069e-04,2.4157906809e-05,4.9087833209e+01
9.3873422782e-05,3.1483437643e-06,2.3433505790e+01
-1.6852640871e-04,5.7341459503e-05,4.0317532651e+01
-1.6715467511e-04,6.1032917719e-05,3.9657028995e+01
1.8608081550e-04,1.8511430923e-05,2.0402601624e+01
-1.3757296191e-04,2.4228950587e-05,4.8582190294e+01
1.4399290306e-05,1.2619897673e-04,4.4889150520e+01
-1.0018910834e-04,4.1952917841e-05,4.5566347539e+01
2.1367369644e-04,2.1024416865e-05,1.9378686256e+01
-1.9833862347e-04,1.2005319131e-05,4.7139596306e+01
4.2103225321e-05,8.6516578889e-05,2.1238888608e+01
-5.3719277622e-05,4.3703046019e-05,4.3820935003e+01
-1.6450243187e-04,6.8548103134e-05,3.8363994297e+01
-2.9599883821e-04,8.6388966453e-06,1.7196462650e+01
-2.2850183799e-04,7.9958505728e-05,3.6299198660e+01
-2.4174433648e-05,1.2140018866e-04,3.8167739449e+01
-2.3219754914e-04,1.2201677965e-05,4.2173736721e+01
1.7611741117e-04,9.9773913940e-05,1.7457987757e+01
2.4556796268e-04,2.4150294460e-05,1.8851604563e+01
-8.5514277368e-05,1.0913651133e-04,3.3401622203e+01
-1.0439081279e-04,7.2104437120e-05,3.9187704457e+01
-1.0134340388e-04,7.2051799927e-05,3.9283017488e+01
1.0186920622e-04,1.4089662291e-04,1.9553784682e+01
-1.7202421989e-04,8.0975474453e-05,3.6369514199e+01
-3.6618955789e-05,1.0572185469e-04,3.6836654153e+01
6.3629204222e-05,1.1688357902e-04,2.1711621983e+01
1.5536676590e-04,1.4509815329e-04,1.8094374265e+01
5.9836212669e-05,1.3718075362e-04,2.0279537408e+01
3.4637806227e-05,8.9387286357e-05,2.1050021243e+01
1.2756248486e-04,9.5767396677e-05,1.9855797689e+01
1.2134025005e-04,1.1545418759e-04,1.9298579850e+01
-7.3320752523e-05,1.1108561439e-04,3.3458949815e+01
1.1737124269e-04,1.3315968660e-04,1.9362610309e+01
1.4492736348e-04,9.7459479209e-05,1.7978340170e+01
1.6184689511e-04,1.4400383218e-04,1.7599517935e+01
1.1523786875e-04,1.0135393581e-04,2.0653929326e+01
-2.0836020380e-04,5.1939894408e-05,3.9487589874e+01
2.9730850928e-04,2.8252142643e-05,1.7080952767e+01
-8.4676839613e-05,9.8917926303e-05,3.4917229118e+01
2.0876807112e-04,1.3773062956e-04,1.7293941366e+01
2.1153431686e-04,1.2801107373e-04,1.7184417306e+01
1.9830423784e-04,4.9336731546e-05,1.7534673403e+01
5.3744389184e-05,1.4069054424e-04,2.0030745331e+01
8.8958827555e-05,1.4284249549e-04,1.9640244993e+01
9.0830802440e-05,1.3070523673e-04,1.9866511169e+01
6.9622794477e-05,1.4504131876e-04,1.9906896977e+01
-2.0903025120e-04,4.2486841515e-05,4.0865660356e+01
-1.5117805518e-04,4.2519642176e-05,4.4092649814e+01
2.0041716150e-04,1.2411594427e-04,1.7375918661e+01
1.2181042579e-04,7.3988312885e-05,2.2002527031e+01
4.2188215246e-05,1.3018250986e-04,1.7182016045e+01
3.1655977217e-04,9.7440087459e-05,1.2947301846e+01
2.0358469919e-04,5.6102623891e-05,1.7040940473e+01
-1.1136865708e-04,9.7600039980e-05,3.4525143717e+01
-1.7018615111e-04,6.1176771411e-05,3.9537115417e+01
1.6833583562e-04,1.4296380055e-04,1.7084635328e+01
1.7011597674e-04,8.5496621308e-05,1.7319126544e+01
9.8759196383e-05,1.0245997343e-04,2.2696055332e+01
-2.1883927465e-04,6.3034194225e-05,3.7647751934e+01
-2.0066846206e-04,6.7239110621e-05,3.7726095739e+01
-1.6048195367e-04,5.3365029470e-05,4.1403585037e+01
1.3897038868e-04,1.4630008431e-04,1.8756876056e+01
-1.2974593744e-04,9.6411338577e-05,3.4572011567e+01
3.0972568912e-04,7.3143736789e-05,1.3875756823e+01
-2.5034039251e-04,4.1958085071e-05,3.5830174247e+01
-2.3168699820e-04,5.8399551787e-05,3.7440532698e+01
-1.9166408635e-04,7.4556074411e-05,3.6987631437e+01
-6.0757089616e-05,5.0449707446e-05,4.3205630308e+01
2.5215744777e-04,5.5074237747e-05,1.7204585128e+01
2.4754434167e-04,5.1073416159e-05,1.7269123127e+01
2.3517808027e-04,4.6183942753e-05,1.7161952597e+01
-3.3069625862e-04,3.4732715927e-05,1.7364244680e+01
1.5588732489e-04,1.2271269004e-04,1.7243005660e+01
-1.6164098453e-04,9.6612112066e-05,3.4727744034e+01
3.1749814825e-04,7.4659961190e-05,1.3598023051e+01
-2.6558924923e-04,1.9805607757e-05,3.0653088489e+01
-1.7619704691e-04,8.5455599631e-05,3.5834833085e+01
-1.9288334124e-04,8.9447996630e-05,3.5551218874e+01
-1.2596463866e-04,4.9026295348e-05,4.3510720155e+01
1.8479181953e-04,7.0455850669e-05,1.7238592426e+01
-1.5650237564e-04,8.9967838883e-05,3.5324185280e+01
-3.5295164621e-05,1.3454476828e-05,4.6883922686e+01
1.8069507034e-05,1.3796640049e-05,3.5248865591e+01
-1.4168192649e-04,9.9192995406e-05,3.4332701470e+01
1.9812192954e-04,1.0620807218e-04,1.7359856865e+01
2.0454769313e-04,1.0130806464e-04,1.7298674939e+01
-2.1978255285e-04,1.6864400402e-05,4.3714959211e+01
-2.1377325143e-04,3.7214634878e-05,4.1267547119e+01
-5.4468422804e-05,1.3390858183e-05,4.9241867310e+01
8.5995702585e-05,3.1439260747e-06,2.4086402734e+01
2.1702904300e-04,6.7862690092e-05,1.7337091819e+01
-2.2211683624e-04,6.7729450950e-05,3.7132397128e+01
2.6578384108e-04,1.1159590876e-04,1.3908945037e+01
-9.0526472182e-05,9.5007140046e-05,3.5368365671e+01
-2.5941108071e-04,6.4263520978e-05,3.6138062051e+01
6.9254234799e-05,1.3832183487e-04,2.0021018584e+01
-2.5504936390e-04,1.5832278526e-05,3.5427352018e+01
2.7548810372e-04,9.9177864453e-05,1.4020135426e+01
2.2076326939e-04,8.8669161829e-05,1.7179451029e+01
2.1313705440e-04,1.1082162322e-04,1.7168549197e+01
-1.8306003661e-04,5.6142844736e-05,4.0007808142e+01
-2.4967881601e-04,7.3494092881e-05,3.6671713935e+01
-1.1144436494e-04,5.5841980756e-05,4.2401486146e+01
-1.0920009989e-04,1.0362954350e-04,3.3800155981e+01
-2.2605123801e-04,3.5972712220e-05,4.0051073758e+01
1.1179229998e-04,1.4555256834e-05,2.2979607936e+01
3.5509431453e-04,4.6432840140e-05,1.2817041049e+01
3.1199400832e-04,4.0521705113e-05,1.4966090277e+01
2.1891740665e-04,7.8074151168e-05,1.7273566344e+01
-6.7326519794e-06,1.2364439103e-04,4.2105422103e+01
-3.5276364074e-04,2.5746225114e-05,1.3430015618e+01
-2.2406304641e-04,8.3577727151e-05,3.6111162585e+01
2.0654831387e-04,1.1572991443e-04,1.7261648211e+01
-2.5179071139e-04,6.0865166449e-06,3.7519119674e+01
-2.5467071786e-04,6.2917890325e-05,3.6221445631e+01
-2.8439771449e-04,1.9548396291e-05,1.7780145768e+01
-3.0165444671e-04,1.3157849708e-05,1.7189342836e+01
-2.3185604820e-04,6.0568797740e-05,3.7299121968e+01
9.3852571283e-05,1.0992248851e-04,2.2116151151e+01
2.5245966005e-04,1.2658090728e-04,1.3790167961e+01
2.8187879784e-04,6.7716647066e-05,1.4857734539e+01
2.8120998186e-04,2.6833600295e-05,1.7150322150e+01
2.4469233720e-04,1.2428146341e-04,1.4083018916e+01
-1.7060463690e-04,3.6020747458e-05,4.4602791265e+01
3.0407053403e-04,8.7021230188e-05,1.3647213491e+01
1.1138720338e-04,1.1552548389e-04,1.9810781860e+01
-3.2367875776e-04,2.3334630933e-05,1.7366265890e+01
1.2516031771e-04,1.4197585778e-04,1.9132716921e+01
-4.7738271287e-05,3.2198614657e-05,4.5184833307e+01
2.4172860542e-04,8.0072882859e-05,1.7042088042e+01
-2.3823486191e-04,3.4840703763e-05,3.8327066196e+01
2.3454421692e-04,1.3603407530e-04,1.3965242331e+01
2.3880300195e-04,1.0781532395e-04,1.4926654665e+01
-1.6432498649e-04,9.6860853973e-05,3.4738346089e+01
-1.3391669382e-04,2.4212474184e-05,4.8705361005e+01
2.9525443386e-04,5.5853218095e-05,1.4902149843e+01
1.7412455776e-04,1.3517893590e-04,1.7440040803e+01
2.2681527940e-04,1.3340032945e-04,1.4709563218e+01
-1.0262727864e-04,6.1077093385e-05,4.1495429988e+01
1.4419083875e-04,1.3509432945e-04,1.8309809843e+01
1.5140410544e-04,1.8147245608e-05,2.2203458552e+01
4.4917751714e-05,1.3186853710e-04,1.8429132773e+01
1.5232561648e-04,1.4733911262e-04,1.8334116224e+01
-1.1513915836e-04,1.1009788460e-04,3.3304394846e+01
2.5743990907e-04,1.0567907116e-04,1.4301024101e+01
3.4672963919e-05,1.2841542360e-04,9.3224771146e+00
2.2256772846e-04,1.2824715084e-04,1.7135253951e+01
2.1909484516e-04,1.3069346116e-04,1.6994779127e+01
9.8830778877e-05,1.4307209086e-04,1.9529053370e+01
9.4225607027e-05,1.3190542954e-04,1.9776063207e+01
1.2082996142e-04,1.3424322645e-04,1.9268713251e+01
1.0747247880e-04,1.3317723301e-04,1.9566567877e+01
8.1150888007e-05,1.3029244140e-04,2.0151457188e+01
1.3423492739e-04,1.3520773446e-04,1.8815718411e+01
-9.7852193882e-05,1.0735700196e-04,3.3457056339e+01
3.0333876746e-04,5.7231890045e-05,1.4582638467e+01
-1.4079661394e-04,1.0328786796e-04,3.4014072160e+01
1.9715361452e-04,1.2643756480e-04,1.7430113639e+01
-1.4785570182e-04,4.7671283035e-05,4.3088586924e+01
-2.1709549585e-04,6.9155839827e-05,3.7128958106e+01
7.1919494467e-05,8.6464054063e-05,2.2041934050e+01
-9.2423293389e-05,1.0721291042e-04,3.3525851567e+01
1.0437769841e-04,1.1332579436e-04,2.0448140140e+01
7.7149603139e-05,1.0725640556e-04,2.2263660920e+01
-1.3706883470e-04,9.4788679577e-05,3.4757378746e+01
-1.8582834159e-04,3.9815664480e-05,4.2961356589e+01
2.0446849060e-04,1.2903208551e-04,1.7338291452e+01
-1.8579778630e-04,8.2251985263e-05,3.6161468202e+01
-1.3480650951e-04,7.8732457305e-05,3.7157918552e+01
4.2729135589e-05,9.8678319553e-05,2.0815848795e+01
1.7304994586e-04,1.0213124860e-04,1.7458402562e+01
1.5508917333e-04,9.7122711918e-05,1.7066859699e+01
-1.8046593680e-04,7.3558156528e-05,3.7274131969e+01
-1.4994326356e-04,9.3588455083e-05,3.4916152648e+01
-1.9938892428e-04,7.3291687459e-05,3.7028935164e+01
1.2892720262e-04,8.7166290666e-05,2.0416044925e+01
-1.2708951536e-04,8.0362660769e-05,3.7017499481e+01
1.7894273321e-04,2.0282267504e-05,2.0519019374e+01
1.4732781859e-04,1.1058951554e-04,1.7273138546e+01
-1.6484814594e-04,7.6420064575e-05,3.7074437706e+01
-6.1362194721e-05,1.1742946025e-04,3.3030596497e+01
-5.6654097995e-05,3.0520397624e-05,4.6360278477e+01
-1.5732722127e-04,9.2087914627e-05,3.5099616045e+01
-2.0144897841e-04,3.8534034991e-05,4.2128925177e+01
-2.1369268641e-04,6.4505331822e-05,3.7675256068e+01
-1.5930468885e-04,2.9209021602e-05,4.6624468037e+01
5.4472353474e-05,3.1181398444e-06,2.8882200100e+01
-1.9557538015e-04,6.8792005257e-05,3.7646065358e+01
3.6205178726e-04,4.3560771123e-05,1.2456557529e+01
-3.7952969592e-05,1.1821938972e-04,3.5295604509e+01
1.7210137598e-04,1.4754478462e-04,1.7119869269e+01
6.2356150104e-05,3.1292876493e-06,2.7370770575e+01
-5.9150550444e-05,5.2191606904e-05,4.2832310571e+01
2.1538062243e-04,1.0100849974e-04,1.7171230322e+01
7.0236166415e-05,3.1395029457e-06,2.6056275101e+01
2.6356193166e-04,1.6965828292e-05,1.9326942110e+01
7.8113345441e-05,3.1486206380e-06,2.4958261076e+01
2.2514438257e-04,1.1818207496e-04,1.7075544795e+01
4.2869937186e-05,8.9062611770e-05,2.1176523076e+01
2.9662622025e-05,9.9599370961e-05,2.0576741621e+01
-1.1862890342e-04,9.5872649566e-05,3.4689066489e+01
-2.2802303675e-04,3.0613085761e-05,4.0456871450e+01
1.0875708169e-04,1.0247909981e-04,2.1225438472e+01
1.6411037206e-04,1.3504791498e-04,1.7298823525e+01
-1.9449408496e-04,5.4880899327e-05,3.9745458993e+01
-1.8768175064e-04,7.0120915048e-05,3.7630307609e+01
-9.1795220282e-05,9.7031537235e-05,3.4996052960e+01
-6.7643508740e-05,2.4131713226e-05,4.8329025954e+01
-8.2813213257e-05,1.0909489644e-04,3.3460797107e+01
1.9477329434e-04,8.5331297235e-05,1.7404944943e+01
-1.7931247355e-04,7.4041476869e-06,4.9574036232e+01
-2.1132018569e-04,5.2159218712e-05,3.9280810352e+01
-2.4256804198e-04,7.3955362107e-05,3.6592784642e+01
-1.6301849537e-04,1.9623954771e-05,4.8404084123e+01
2.5503602715e-04,1.1612175193e-04,1.4043651635e+01
6.5124843445e-05,1.0878771702e-04,2.1745283586e+01
-1.6903161858e-04,8.8922836953e-06,5.0041158576e+01
-1.8400279642e-04,1.8165748544e-05,4.7328661115e+01
-7.0639439848e-05,1.1108189859e-04,3.3560273208e+01
1.0570382685e-04,1.4535633306e-04,1.9372831228e+01
-2.4727860677e-04,6.5761439461e-05,3.6570889004e+01
-8.7929112352e-05,9.1000817490e-05,3.6144418074e+01
-1.1085548981e-04,5.9398697751e-05,4.1652796781e+01
3.1696926046e-05,8.8696373086e-05,2.1061202285e+01
-1.7408486890e-04,1.9681239594e-05,4.7736534001e+01
2.0648974817e-04,2.2922358292e-05,1.9323233370e+01
-1.5181408165e-04,6.0414729185e-05,4.0246955620e+01
1.8421455180e-04,8.5883595067e-05,1.7421908638e+01
-1.4028892076e-04,5.1036203358e-05,4.2615610338e+01
-3.0749653017e-04,4.2601920682e-05,1.7467499994e+01
-1.9991693971e-04,5.3300118491e-05,3.9741654924e+01
-1.1030261546e-04,1.0573150833e-04,3.3587559765e+01
-2.1689540420e-04,2.6767569112e-05,4.2564404750e+01
-1.5436391156e-04,9.8073335291e-05,3.4540184237e+01
2.9397478119e-04,3.1241326044e-05,1.7082026833e+01
3.7459995770e-05,8.0891586533e-05,2.1336945578e+01
-2.5871527834e-04,4.1053389307e-05,3.3991743203e+01
9.4520440871e-05,1.1319466536e-04,2.1405539432e+01
1.9543760548e-04,6.9650647530e-05,1.7329185554e+01
-1.6905772090e-04,5.1836048604e-05,4.1387172841e+01
2.4695923663e-04,6.7467211027e-05,1.7106207000e+01
-1.7254732237e-04,6.7067977807e-05,3.8431325634e+01
-1.5780063785e-04,1.3416139533e-05,4.9874629302e+01
-1.0680669652e-04,5.4019309241e-05,4.2898089314e+01
-1.2722008043e-04,5.0791882347e-05,4.3083068078e+01
-4.9258938761e-05,2.7375668268e-05,4.6205483137e+01
1.7490714798e-04,7.4360075458e-05,1.7086898058e+01
2.6487022277e-04,6.0782970726e-05,1.6943920199e+01
2.5304406012e-04,7.9246204324e-05,1.6808709221e+01
-2.9737925508e-04,3.4543622362e-05,1.7202067018e+01
-2.0578712213e-04,6.5705824573e-05,3.7778363567e+01
-1.7921615837e-04,3.9642431184e-05,4.3381675433e+01
-1.4782259603e-04,4.2462135051e-05,4.4236559558e+01
-1.4439918805e-04,9.9384080072e-05,3.4339391152e+01
-1.0708005863e-05,1.5126628504e-05,4.2013600357e+01
-2.4724416809e-04,3.3608756669e-05,3.6597923686e+01
-2.4186744461e-04,4.2999338327e-05,3.7233884579e+01
-2.0969598924e-04,1.8365268898e-05,4.4833016469e+01
-1.4959043424e-04,6.7830897718e-05,3.8846414773e+01
2.4155153000e-04,2.3770139551e-05,1.8911444198e+01
9.5180203681e-05,1.0135879891e-04,2.2891752537e+01
-4.5834347049e-05,3.0600828885e-05,4.5245376403e+01
-2.9714041652e-05,1.5007302258e-05,4.5722504062e+01
-1.6684413034e-04,4.1097104282e-05,4.3717856414e+01
2.8215614125e-04,1.1933225987e-05,1.7969581184e+01
-2.8393658715e-04,3.5084897591e-05,2.1585978662e+01
-1.7615958939e-04,5.3945825104e-05,4.0687867332e+01
-2.2342236761e-04,1.6908465681e-05,4.3139437016e+01
-2.5619459872e-04,3.2471431660e-05,3.4266520478e+01
2.2798611123e-04,6.6881201702e-05,1.7283726183e+01
2.0681011129e-04,7.2081073571e-05,1.7365483865e+01
2.1245909744e-04,1.3916691350e-04,1.7195840887e+01
-2.6696188047e-04,4.0324406143e-05,3.1600336073e+01
-2.4753712619e-04,4.3674165881e-05,3.6333056313e+01
-4.8776235045e-05,1.4925514069e-05,4.8380879780e+01
-2.0934661156e-04,3.3483334139e-05,4.2309016593e+01
1.1806250496e-04,7.3163715607e-05,2.2486481241e+01
-1.5518838169e-04,1.0023758186e-04,3.4395437765e+01
1.6407247134e-04,9.0174130769e-05,1.7303028500e+01
-1.5890104985e-04,6.2552727114e-05,3.9612156238e+01
-1.4988293013e-04,3.0754492110e-05,4.6720519906e+01
-2.4108679793e-04,7.5630784779e-06,4.0632848753e+01
2.1381177707e-04,5.1905934702e-05,1.7054174766e+01
1.5680494460e-04,8.8306698744e-05,1.7183631088e+01
8.3327581103e-05,1.0641225978e-04,2.2451066417e+01
-1.8819869107e-04,9.0990667240e-05,3.5403726305e+01
2.8899330219e-04,8.7475976013e-05,1.4020284724e+01
-2.5305534169e-04,4.4454093959e-05,3.5394248972e+01
-2.6031857330e-04,5.2577172396e-05,3.4891282555e+01
-2.4492414181e-04,1.7264638318e-05,3.8520637398e+01
2.6342219856e-04,5.3698121336e-05,1.7107056718e+01
2.8852248497e-04,2.4256501802e-05,1.7122586734e+01
-1.8392389487e-04,2.9506523056e-05,4.5136739044e+01
-2.2599821615e-04,5.5565048455e-05,3.7991495799e+01
2.2670194494e-04,6.0205679448e-05,1.7315850776e+01
3.4491661922e-04,2.5890363095e-05,1.4024702190e+01
3.4887433924e-04,2.6207391519e-05,1.3696243500e+01
2.8331012087e-04,1.0106469055e-04,1.3789810766e+01
-1.7771460384e-04,5.7761864619e-05,3.9915018305e+01
-1.8707780980e-04,5.0723399679e-05,4.0814093627e+01
-1.9159344484e-04,6.4436788675e-05,3.8354919249e+01
-2.0462567088e-04,2.9892829325e-05,4.3388947383e+01
-1.7546771254e-04,3.2722559026e-05,4.5019781680e+01
2.9178792862e-04,8.0675022427e-05,1.4143284148e+01
-2.1055237995e-04,3.7082099889e-05,4.1598453203e+01
-2.7978644280e-04,5.3698505802e-05,3.2460588978e+01
2.5223882401e-04,3.6368687934e-05,1.7104711483e+01
1.8672826833e-04,1.2622852252e-04,1.7495203774e+01
-2.6240810912e-04,2.1452925783e-05,3.2068565674e+01
-2.6876673981e-04,2.1905882254e-05,2.8968698737e+01
-2.6865018765e-04,1.4561786890e-05,2.9370019287e+01
-1.8903727594e-04,2.6268530646e-05,4.5401125698e+01
2.0850789224e-04,4.5223497016e-05,1.7514505899e+01
2.7556035030e-04,5.5855401204e-05,1.7131749660e+01
-1.0124693004e-04,5.9268404815e-05,4.1902604362e+01
-3.0920231004e-04,1.9225920559e-05,1.7281426684e+01
2.4615892192e-04,1.0626493337e-04,1.4737149241e+01
-2.6505109236e-04,3.1462562920e-05,3.1116501511e+01
1.1782210953e-04,1.1439166288e-04,1.9514622041e+01
3.6754074866e-04,2.3867757791e-05,1.1822312379e+01
-2.3701659336e-04,5.9214858019e-05,3.7100378180e+01
-2.0709368037e-04,7.2093282696e-05,3.7037890276e+01
-2.7681184233e-05,1.1892894692e-04,3.7178681448e+01
-2.3513146802e-04,3.4637299999e-05,3.8872959097e+01
-2.8844226916e-04,1.3925058877e-05,1.7090855839e+01
3.2128334013e-04,2.7365427297e-05,1.5317319595e+01
-2.9495453494e-04,4.9906106251e-05,2.6808439384e+01
-2.0277594085e-04,8.8691598649e-05,3.5681782674e+01
-1.6692466035e-04,7.4571426277e-05,3.7327569172e+01
-2.8227800971e-04,3.0042943942e-05,2.1003832349e+01
2.3127840849e-04,4.5653187201e-05,1.7055887086e+01
8.2509960372e-05,1.4369109915e-04,1.9702620869e+01
-2.7866721070e-04,1.5083739814e-05,2.2950208554e+01
2.5615268450e-04,3.6760243987e-05,1.7073143639e+01
-2.4970683193e-04,2.4395691027e-05,3.6481788130e+01
-8.1881888680e-05,9.8881354365e-05,3.5025514155e+01
-1.8791702484e-04,8.0388606497e-05,3.6351916012e+01
-1.8088521280e-04,9.2247153717e-05,3.5246954152e+01
-1.2804339618e-04,2.5771559370e-05,4.8549128894e+01
-2.8798759087e-04,2.9091760009e-05,1.6953876965e+01
2.3512680048e-04,8.5427246446e-05,1.7050191518e+01
2.8953816765e-05,9.7111587744e-05,2.0715053825e+01
-1.4797906507e-04,1.0173760438e-04,3.4205155192e+01
2.7922054753e-04,7.4376660385e-05,1.4700721065e+01
2.7216642514e-04,2.0328401365e-05,1.8016215969e+01
-6.5788343705e-05,5.2141617593e-05,4.3159294367e+01
-2.7376447472e-04,3.0629994056e-05,2.6836809773e+01
1.8631284290e-04,1.2272690400e-04,1.7483763174e+01
-2.4475643370e-04,5.6157630876e-05,3.6655963096e+01
2.9396308272e-04,9.6066648361e-05,1.3665629742e+01
-2.8675658980e-04,5.4097642172e-05,3.1735933218e+01
-1.8074848281e-04,5.7917140164e-05,3.9777743556e+01
-9.8233642943e-05,1.0326106472e-04,3.3936578102e+01
-1.1596006180e-04,6.6771811265e-05,3.9958335856e+01
1.8981586040e-04,7.7748205371e-05,1.7386265091e+01
2.5886069010e-04,3.1115922136e-05,1.7321273761e+01
-1.0858237337e-04,9.7498182527e-05,3.4573077950e+01
3.1179093716e-04,8.8696141671e-05,1.3375132034e+01
-2.9159599184e-04,1.4215234351e-05,1.7250584195e+01
2.7334515790e-04,2.6287779757e-05,1.7101746987e+01
-2.6400942013e-04,6.5760428593e-05,3.6194218465e+01
2.5508876994e-04,9.0482114675e-05,1.5011987582e+01
-2.9639999826e-04,2.8963615378e-05,1.7297503825e+01
-1.8182817890e-04,5.8912256806e-06,4.9621151136e+01
1.1234542636e-04,1.0353893516e-04,2.0731295898e+01
-2.8562840577e-04,8.1893780730e-06,1.8499752224e+01
2.7425129966e-04,1.1696048238e-05,1.9314321583e+01
-3.3322566349e-04,1.2745750045e-05,1.7227494495e+01
-2.5250296969e-04,5.5421308205e-05,3.5979878860e+01
2.5082476570e-04,4.8399798655e-05,1.7265297118e+01
2.7378177118e-04,8.7719585916e-05,1.4396785572e+01
6.4487347508e-05,1.0575721120e-04,2.1709819280e+01
-2.7061751426e-04,5.0553111932e-05,3.2946480149e+01
2.3034458325e-04,1.3088510523e-04,1.4573802403e+01
-3.0485070780e-04,1.3539596937e-05,1.7201858463e+01
-1.4906809929e-04,9.1477616432e-05,3.5145026949e+01
-2.0077225003e-04,3.6735497788e-05,4.2502886996e+01
1.1219265568e-04,1.4426567024e-04,1.9320895607e+01
-1.9120369121e-04,8.2846537536e-05,3.6092289217e+01
2.9446385254e-04,9.9948353234e-05,1.3544922555e+01
-1.6015687953e-04,4.0962195398e-05,4.4054560531e+01
-2.9642168829e-04,5.0136608577e-06,1.7316902777e+01
2.9792335506e-04,1.2339692219e-05,1.7055674785e+01
2.6278561129e-04,3.1442164592e-05,1.7135582060e+01
2.6189316671e-05,1.0543801131e-04,2.0153792311e+01
3.2611149986e-04,8.4131011243e-05,1.3030692306e+01
3.2414071795e-04,4.2127022205e-05,1.4422807778e+01
2.9272850595e-04,6.2136795172e-06,1.7353685135e+01
-1.4862076719e-04,6.5899114804e-05,3.9244105038e+01
-2.8357224342e-04,4.7372905593e-05,2.8561634851e+01
-6.7439699179e-05,5.0406291766e-05,4.3521477894e+01
2.7300278295e-04,6.2379756879e-05,1.6144311703e+01
2.8375715836e-04,5.7370156343e-05,1.5083968638e+01
-3.0255407889e-04,4.8606172025e-05,2.1923065675e+01
-1.0097923881e-04,1.0334238615e-04,3.3891779639e+01
2.5353730477e-04,6.2005099161e-05,1.7102835085e+01
2.1768357373e-04,5.2528013705e-05,1.7157661971e+01
2.9253223384e-04,1.1473878361e-04,1.3138180410e+01
-1.4634440773e-04,3.0723996465e-05,4.6872139781e+01
-2.9145904781e-04,4.5384175417e-05,2.3927725580e+01
-1.5690372581e-04,3.5806656605e-05,4.5318676897e+01
-2.9419882091e-04,5.2375621492e-05,2.9387150901e+01
-2.2288053243e-04,3.5810674967e-05,4.0471143578e+01
2.3427207327e-04,2.5852084086e-05,1.8713299980e+01
2.9923084000e-04,1.8624006179e-05,1.7085475955e+01
-2.9937548014e-04,4.3790792014e-05,1.7776911449e+01
1.8103792215e-04,6.9656208313e-05,1.7090251602e+01
3.2564927224e-04,8.0154411493e-05,1.3166939123e+01
3.2221164750e-04,1.3405770963e-05,1.7120221513e+01
7.7813410117e-05,1.2897791782e-04,2.0486831555e+01
2.6202447030e-04,4.6858629358e-05,1.7207491580e+01
3.3207375091e-04,2.1228216627e-05,1.5111117228e+01
-1.6765159383e-04,7.3922070035e-06,5.0384206177e+01
2.8816745272e-04,1.0976141199e-04,1.3425239996e+01
-2.8196292520e-04,5.4608446517e-05,3.2568459276e+01
1.1717901102e-04,7.0245798274e-05,2.2823115069e+01
-1.7040002056e-04,1.9660464819e-05,4.7971585222e+01
-1.3888857109e-04,9.2861643268e-05,3.4983688386e+01
-8.0547785354e-05,9.6860484768e-05,3.5415196884e+01
2.8505845026e-04,8.6603606331e-05,1.4140611242e+01
1.0403647901e-04,1.3205142211e-04,1.9624701935e+01
-1.9333729539e-04,8.0984882640e-05,3.6268060847e+01
1.4375038920e-04,1.3175768666e-04,1.8206575854e+01
2.1319001599e-04,6.7076881802e-05,1.7346612994e+01
-3.1769251011e-05,1.2076322955e-04,3.6271049704e+01
8.2212828593e-05,1.4035344582e-04,1.9797665049e+01
-3.2204803442e-04,2.6214761718e-05,1.7498286670e+01
-1.8483744951e-04,6.9890000881e-05,3.7719475592e+01
3.0906187121e-05,8.6265485793e-05,2.1142082244e+01
-1.1277680053e-04,5.7638156323e-05,4.1981481497e+01
-1.2064497790e-04,5.0691015591e-05,4.3291106686e+01
-8.0112043983e-05,1.0906133734e-04,3.3531093840e+01
-2.8141694054e-04,1.9192368725e-05,2.0556678713e+01
1.3076959118e-04,1.3413828792e-04,1.8939129775e+01
2.5953799232e-04,1.6724135680e-05,1.9605344136e+01
-2.7198202298e-04,2.0255980923e-05,2.7160881392e+01
-1.5811976198e-04,2.7574111458e-05,4.7027649445e+01
2.8807601239e-04,4.0639363897e-05,1.6959278258e+01
3.4888651707e-04,5.7341762675e-05,1.2868009950e+01
-1.6584583920e-04,3.9350812053e-05,4.4137424656e+01
-2.7447702297e-04,5.6830516628e-05,3.4096478438e+01
-1.9785800940e-04,6.6972381566e-05,3.7831003847e+01
4.5170835007e-05,8.7250302440e-05,2.1277762304e+01
-1.7477424584e-04,7.3124770269e-05,3.7424999215e+01
-2.0605149197e-04,1.8329853925e-05,4.5261687742e+01
2.8278970220e-04,9.7209378737e-05,1.3904271885e+01
-2.1609304328e-04,6.2704786528e-05,3.7781830104e+01
1.5239643768e-04,1.2162949244e-04,1.7058444702e+01
2.7995160605e-04,3.9531480075e-05,1.7116572842e+01
-3.6607442163e-04,3.5060806703e-06,1.8485808892e+01
1.9356037595e-04,7.8620605926e-05,1.7396836155e+01
-1.2594578580e-04,9.4188029778e-05,3.4861338495e+01
-2.0298794530e-04,6.5425410323e-05,3.7892747431e+01
-1.8166614547e-04,3.7962541898e-05,4.3580656150e+01
2.5112996505e-04,1.1502171348e-04,1.4195149324e+01
-1.6798651290e-04,6.2969020036e-05,3.9272646662e+01
2.7519206934e-04,7.3526158446e-05,1.4848845053e+01
2.7663567566e-04,4.2400916225e-05,1.7115862025e+01
2.8519164284e-04,2.7149168708e-05,1.7143549087e+01
-3.4285797227e-04,2.2282410538e-05,1.7162550254e+01
2.6515834693e-04,8.2092365131e-05,1.4875854521e+01
-1.8295468796e-04,2.7834650759e-05,4.5536288029e+01
2.5844895885e-04,8.7705366723e-05,1.4961088028e+01
-1.0743125891e-04,9.5444932130e-05,3.4888941663e+01
2.8132988936e-04,1.1560876849e-04,1.3426534579e+01
2.2090536568e-04,5.0062646247e-05,1.7090080892e+01
-7.2426910518e-05,5.2113931897e-05,4.3372112444e+01
-2.4138812728e-04,1.7188479149e-05,3.9460661575e+01
-2.2127568627e-04,6.1240933300e-05,3.7721999913e+01
-1.4508805489e-04,2.9091422838e-05,4.7273891186e+01
2.5637106727e-04,7.6481150154e-05,1.6493852033e+01
-3.3435699844e-04,2.3427613794e-05,1.7291606197e+01
-2.8210392426e-04,8.0802405200e-06,2.1294355187e+01
-1.2214140315e-04,6.6918168276e-05,3.9756249181e+01
-3.6032472036e-04,1.4165804461e-05,1.4571809521e+01
2.4100763287e-05,9.8079886854e-05,2.0732775777e+01
9.3779593420e-05,1.2857277392e-04,1.9873482066e+01
-3.0887803290e-04,1.1735171143e-05,1.7079971881e+01
2.8475325460e-04,4.3573924944e-05,1.6956222238e+01
3.7477841056e-05,1.5170820388e-06,3.2973082746e+01
1.2037173996e-04,1.3092344751e-04,1.9272658035e+01
-1.9654501873e-04,8.3495747276e-05,3.6032095751e+01
-2.7405525970e-04,2.8557912046e-05,2.6354774134e+01
3.0935987421e-04,4.7334008265e-05,1.4773325011e+01
-2.6987582690e-04,3.8673232582e-05,3.0265826925e+01
-1.5103974296e-04,5.3081482273e-05,4.1802347670e+01
1.6344511744e-04,8.6918531910e-05,1.7160736491e+01
2.6245550714e-04,8.8678021271e-05,1.4715970487e+01
-1.1734092725e-04,5.0648249902e-05,4.3386726152e+01
3.1793871889e-04,3.0557739924e-05,1.5284588880e+01
-3.3662832537e-04,1.3379364976e-05,1.7220059941e+01
3.1340314624e-04,4.7931124685e-05,1.4595235034e+01
-1.6918292095e-04,1.8085866718e-05,4.8350874719e+01
3.0669243800e-04,5.4156406958e-05,1.4587438225e+01
-2.3436674385e-04,5.8795604312e-05,3.7267749980e+01
3.6658104743e-04,1.5828031185e-05,1.1256233085e+01
2.4219970691e-04,1.0515378376e-04,1.5016131859e+01
-1.4443237895e-04,9.3208821057e-05,3.4943288409e+01
-7.5745427527e-05,5.2107775242e-05,4.3441687830e+01
5.8699636532e-05,1.0649977136e-04,2.1377973688e+01
-2.7490910154e-04,2.2483850679e-05,2.5329216276e+01
3.3485724216e-04,3.6059076706e-05,1.4205358596e+01
-2.5253457521e-04,2.0947620767e-05,3.5866198942e+01
1.0357646674e-04,1.2872789046e-04,1.9663781261e+01
3.1129734346e-04,8.4783145079e-05,1.3502275192e+01
1.3031413313e-04,1.3081311000e-04,1.8907764144e+01
-3.0443146075e-04,4.9917811057e-05,2.3337437810e+01
-1.9869023486e-04,8.1637081893e-05,3.6193011566e+01
1.5190078330e-04,1.1828773640e-04,1.7053411604e+01
-2.5259507245e-04,5.3178673051e-05,3.5864284130e+01
2.7700270771e-04,1.1074445156e-04,1.3675766284e+01
-1.8290425559e-04,9.0354503726e-05,3.5408065279e+01
2.7316451913e-04,8.3929995140e-05,1.4539235968e+01
-7.7533165103e-05,1.0492541614e-04,3.4222582481e+01
4.9019810277e-05,9.0636786570e-05,2.1283999368e+01
1.1057154166e-04,7.1553422751e-05,2.2765549473e+01
-2.0512731587e-04,1.6732352731e-05,4.5633351328e+01
1.9792268698e-04,8.2874534574e-05,1.7393634810e+01
-9.6250345559e-05,6.1004541099e-05,4.1642526611e+01
-2.7538463509e-04,1.4883715505e-05,2.5267431382e+01
2.3351823033e-05,9.5665982337e-05,2.0851310548e+01
-1.2637498170e-04,6.8895598271e-05,3.9234206104e+01
-3.7224223827e-04,7.6334708916e-06,1.3344026261e+01
7.5823922173e-05,1.4108902170e-04,1.9887469715e+01
2.8298096520e-04,5.3695384772e-05,1.6160536424e+01
2.7357121196e-04,1.1362510094e-04,1.3676065212e+01
-2.0746271364e-04,8.7239567689e-05,3.5805804939e+01
2.7224187207e-04,5.8723559393e-05,1.7133274365e+01
2.5882748110e-04,1.3846554604e-05,2.0179522296e+01
-2.1322575553e-04,3.5391983025e-05,4.1608601850e+01
-1.7978941189e-04,7.1499703535e-05,3.7580457460e+01
-1.8550067164e-04,2.6224851138e-05,4.5673980989e+01
1.8360633007e-04,8.2565603892e-05,1.7401614462e+01
-1.9690744051e-04,5.3114186768e-05,3.9921420084e+01
-1.9491584764e-04,3.8319134450e-05,4.2652990807e+01
-1.2824990632e-04,1.0455409796e-04,3.3788011659e+01
1.5979526348e-04,8.6001543228e-05,1.7100822729e+01
-1.0299862614e-04,9.7315025403e-05,3.4687561171e+01
-2.4083634396e-04,1.5526620245e-05,3.9795613734e+01
2.7667601287e-04,2.3512910077e-05,1.7120918314e+01
-2.2243085135e-04,3.3971167470e-05,4.0778856794e+01
3.6131573849e-04,7.9489258109e-06,1.1476629504e+01
-1.6497038868e-04,6.2823375056e-05,3.9386049801e+01
3.5665260860e-04,2.6853468126e-05,1.2984829127e+01
-1.2141635195e-04,9.5996767162e-05,3.4652572880e+01
5.8067294114e-05,1.0357479973e-04,2.1379902321e+01
-1.2942429299e-04,6.8986763194e-05,3.9134242530e+01
-1.8001083363e-04,5.5989715691e-05,4.0153918376e+01
-2.5821153097e-04,1.4225153502e-05,3.4348642016e+01
5.1395551173e-05,8.8802083813e-05,2.1396932024e+01
2.8058710997e-04,2.3732901361e-05,1.7022886399e+01
-1.8499933480e-04,3.8043816259e-05,4.3362329553e+01
-1.4351637891e-04,9.1113132274e-05,3.5190419965e+01
-2.8537079492e-04,2.8464882778e-05,1.7648377301e+01
-8.2378674955e-05,5.2109963516e-05,4.3517782001e+01
-9.3057568563e-05,6.0976103875e-05,4.1704263049e+01
1.3332247682e-04,1.2855574731e-04,1.8725810692e+01
-1.6547054625e-04,1.8071163264e-05,4.8571667665e+01
2.5882017375e-05,8.7403835145e-05,2.1121089048e+01
1.5879472805e-04,1.4622801704e-04,1.7956199255e+01
-1.3988267614e-04,1.0114219927e-04,3.4156689270e+01
1.0685321990e-04,7.0773695565e-05,2.2743515142e+01
-2.3798636323e-04,3.2944223174e-05,3.8535252455e+01
-2.8128768934e-04,4.6535650936e-05,2.8867660308e+01
3.3276221563e-04,7.7778438292e-05,1.2972973279e+01
-1.0180821511e-04,9.5271717249e-05,3.5023862062e+01
-1.3136287863e-04,6.7174924467e-05,3.9449763372e+01
3.3130295285e-04,1.7585137426e-05,1.5426678175e+01
-2.5437179272e-04,7.2480241515e-05,3.6706682722e+01
-8.5692406582e-05,5.2117947808e-05,4.3528126707e+01
-2.9723575727e-04,4.2692318204e-05,1.7790274604e+01
-7.8833197410e-05,1.0698681839e-04,3.3862883502e+01
-2.5001617060e-04,5.2688837436e-05,3.6126640363e+01
-1.8749810734e-04,3.6368680956e-05,4.3533724783e+01
-9.1613707546e-05,5.9181884769e-05,4.2086165064e+01
-1.9416522407e-04,3.6540484318e-05,4.3040721113e+01
2.5969830646e-04,7.3697053825e-05,1.6234542125e+01
2.3448229214e-04,8.1796767313e-05,1.7085741141e+01
-2.0351512280e-04,8.0134422969e-05,3.6311801628e+01
-2.3422985744e-04,5.6629970553e-05,3.7390838904e+01
1.0596339653e-04,6.7955196391e-05,2.2717962508e+01
1.7422045454e-04,7.1191872962e-05,1.7088414559e+01
1.8609877499e-05,9.6700971731e-05,2.0959116763e+01
-1.4667124443e-04,4.0733488975e-05,4.4662758166e+01
2.7887949127e-04,5.2968895791e-05,1.7130344008e+01
5.5299185519e-05,9.2326838826e-05,2.1449531944e+01
2.3004441864e-05,8.6801194248e-05,2.1163978567e+01
-1.2725813297e-04,1.0242714040e-04,3.3950046109e+01
-2.0016833542e-04,6.5159011305e-05,3.8007852588e+01
3.2151043302e-04,9.9639968290e-06,1.7026380383e+01
2.1507362499e-04,7.7176906043e-05,1.7310024751e+01
-1.4252746683e-04,6.5672547370e-05,3.9451712485e+01
-2.7537077202e-04,1.3080815197e-05,2.5432120688e+01
-1.4241641232e-04,4.9316127023e-05,4.2921228388e+01
-2.1852328166e-04,6.0910627505e-05,3.7870103519e+01
2.5145492734e-04,1.6170350669e-05,1.9840526975e+01
-9.0801074588e-05,5.0407886195e-05,4.3863500234e+01
-1.7925472463e-04,5.4081644358e-05,4.0537458099e+01
-1.7692483058e-04,7.1288754137e-05,3.7663685061e+01
1.8670487896e-04,8.0162020595e-05,1.7394510331e+01
-1.3550019222e-04,6.9185135888e-05,3.8936159375e+01
5.2451694029e-05,1.0433649943e-04,2.1043775448e+01
2.8453777591e-04,2.3981726209e-05,1.7119374713e+01
1.7819328835e-05,9.4353829652e-05,2.1089387880e+01
2.6762386420e-04,9.7247595970e-05,1.4269083319e+01
-2.1215827224e-04,8.5818503546e-05,3.5920475732e+01
-1.9099422586e-04,6.2416255290e-05,3.8678356022e+01
5.7749823679e-05,9.0464546970e-05,2.1565210225e+01
-9.7402053197e-05,9.7159352291e-05,3.4828172865e+01
-2.9197878541e-04,1.2246813317e-05,1.7254938209e+01
-1.4072812876e-04,9.0943060573e-05,3.5218050409e+01
-1.9630738565e-04,5.1180673291e-05,4.0272317316e+01
2.7252126844e-04,8.0157404418e-05,1.4699637299e+01
-3.1214229046e-04,1.2142006207e-05,1.7100976560e+01
-2.0835406558e-04,7.8658722784e-05,3.6415759117e+01
-1.6247675102e-04,3.9287674095e-05,4.4310378124e+01
3.3230932543e-04,7.3776818372e-05,1.3108954074e+01
-1.1926168250e-04,9.1879021216e-05,3.5249308240e+01
-2.4087732694e-04,3.1262153475e-05,3.8121551636e+01
2.8842417622e-04,8.3649554546e-05,1.4142026119e+01
3.2084923984e-04,7.1510798020e-05,1.3579896366e+01
9.9494762043e-05,6.9269717526e-05,2.2627018964e+01
-1.6411034271e-04,6.0896072942e-05,3.9776311913e+01
2.6083588471e-04,1.0289326612e-04,1.4286681374e+01
2.2172105212e-05,8.4468260680e-05,2.1239870845e+01
1.5911714958e-04,8.2785400870e-05,1.7446219374e+01
-2.7194673599e-04,1.2940473553e-05,2.7602879511e+01
-9.6172334728e-05,9.5125542098e-05,3.5183574029e+01
-2.1320680642e-04,7.7210121135e-05,3.6503683067e+01
1.6527224581e-04,1.4516139275e-04,1.7386721456e+01
-6.9311457990e-05,1.0901105322e-04,3.3936458077e+01
-1.9332011245e-04,6.0618713147e-05,3.8877697956e+01
-1.4108796152e-04,4.2356377486e-05,4.4509082922e+01
-1.4456900664e-04,4.7604464587e-05,4.3222374824e+01
3.0602201967e-04,1.0265659157e-04,1.3127381233e+01
3.2750054870e-04,3.8885604699e-05,1.4418668781e+01
2.4742280402e-04,1.5876041739e-05,1.9848476698e+01
3.0309353700e-04,1.0966762536e-04,1.2982891868e+01
-2.5719273927e-04,6.1212436492e-05,3.5987894010e+01
5.1152385898e-05,9.8736584653e-05,2.1139543811e+01
2.5632279321e-04,9.8051841139e-05,1.4610070205e+01
-2.2064974535e-04,7.6223384104e-05,3.6524524790e+01
-1.9876726158e-04,4.9433379683e-05,4.0430910137e+01
9.8610964909e-05,6.6519840039e-05,2.2613473999e+01
-1.9965796531e-04,6.3099533348e-05,3.8301139039e+01
2.1866172267e-04,9.8466747977e-05,1.7143109696e+01
-1.2282949363e-04,1.0425254107e-04,3.3767392129e+01
6.1718265481e-05,9.4129314369e-05,2.1660042940e+01
-1.9623765016e-04,6.0833973774e-05,3.8741976610e+01
-1.6105368316e-04,6.0765847981e-05,3.9894994136e+01
1.3174663899e-05,9.5453029818e-05,2.2147084103e+01
-1.3988154497e-04,4.0637582802e-05,4.4933731257e+01
1.5542692549e-04,8.1883740630e-05,1.7908930907e+01
-2.3034447166e-04,7.3542186283e-05,3.6614810287e+01
-1.1906578608e-04,1.0200351508e-04,3.3960234673e+01
2.4671936505e-04,1.3067300714e-05,2.0226084181e+01
1.6743121403e-04,7.2681904996e-05,1.7547114164e+01
3.1715040919e-04,2.6930016562e-05,1.5366433614e+01
-2.2549654845e-04,7.4863562334e-05,3.6576894947e+01
-2.1593121728e-04,3.3708951940e-05,4.1585169326e+01
6.4982059102e-05,9.5070971406e-05,2.1776134195e+01
-2.1685990492e-04,8.4430770325e-05,3.6025131518e+01
1.2341910365e-05,9.3166676804e-05,2.1971506264e+01
2.4705772971e-04,8.8446174896e-05,1.6169355654e+01
2.2308120424e-04,1.0324250200e-04,1.7060003057e+01
-2.0392058098e-04,5.7480400127e-05,3.8924971322e+01
-2.8179980116e-04,4.4200735461e-05,2.7493411992e+01
-1.1738990745e-04,1.0398142287e-04,3.3764700991e+01
1.7300449868e-05,8.5680273794e-05,2.1257975872e+01
-2.9564363430e-04,1.0547627854e-05,1.7184242689e+01
-1.8159227747e-04,5.2330065080e-05,4.0767370679e+01
-1.6404291666e-04,7.4386591128e-05,3.7401055173e+01
9.2244115965e-05,6.7842301663e-05,2.2512823709e+01
3.7084627505e-04,2.0106227629e-05,1.1172099871e+01
2.2640716393e-04,1.0066356890e-04,1.7045271420e+01
3.2033248100e-04,6.7618541552e-05,1.3708606593e+01
6.7541044993e-05,9.3157977123e-05,2.1879074320e+01
-9.3350525210e-05,9.5062885677e-05,3.5272835368e+01
1.6367427976e-04,7.1840031278e-05,1.7930529303e+01
-2.0727220555e-04,5.9756444948e-05,3.8472388860e+01
2.9572461508e-04,8.1504132013e-05,1.4019084839e+01
3.3939319406e-04,7.1316413114e-05,1.2897726920e+01
2.3088625466e-04,1.0551668640e-04,1.7040017709e+01
-2.1502833913e-04,5.6448939109e-05,3.8525517722e+01
1.4471213012e-05,8.5160780313e-05,2.1383790097e+01
-1.6014709206e-04,5.8864463780e-05,4.0297913219e+01
-1.9433080386e-04,2.9678814381e-05,4.4330685864e+01
2.3822589318e-04,1.0402947199e-04,1.5862855643e+01
-2.1011999262e-04,6.0021736384e-05,3.8321532891e+01
2.0300920029e-04,7.1259581580e-05,1.7366608420e+01
8.8660045860e-05,6.7156973334e-05,2.2454217458e+01
2.3939944882e-04,1.5270171976e-05,1.9887865639e+01
-1.6745461143e-04,9.0875800316e-05,3.5265856858e+01
7.7346740575e-06,9.4342716584e-05,2.6609812964e+01
-6.5280772086e-05,1.1110166202e-04,3.3808765182e+01
-3.3955923219e-04,2.1212867753e-05,1.7177334893e+01
1.6291492292e-04,6.8725076426e-05,1.8223198880e+01
2.2729067185e-04,8.3472657221e-05,1.7149147707e+01
7.1620598920e-05,9.7030892253e-05,2.2015287876e+01
8.7784081471e-05,6.4508310681e-05,2.2445841082e+01
-2.1904586530e-04,8.2600124135e-05,3.6134169543e+01
-1.5909835371e-04,7.6057225319e-05,3.7211077403e+01
-6.2604262898e-05,1.1112573012e-04,3.3957352007e+01
-1.5705050083e-04,5.8748590627e-05,4.0420664663e+01
6.8656229577e-06,9.2108858998e-05,2.6472166974e+01
2.0237609684e-04,6.7999412217e-05,1.7342496028e+01
-2.9943857796e-04,8.8275597724e-06,1.7197509837e+01
2.3871176445e-04,1.2530665139e-05,2.0272965784e+01
7.4246409256e-05,9.5078874750e-05,2.2102394767e+01
-1.6670279818e-04,8.8735308880e-05,3.5476868558e+01
1.3593765605e-05,8.2915265963e-05,2.1474573520e+01
-1.9083887987e-04,3.6451904965e-05,4.3292466438e+01
3.3895502965e-04,6.7292219371e-05,1.3032898667e+01
-6.1222046256e-05,1.0906777038e-04,3.4385764103e+01
3.3086013944e-04,3.5611405349e-05,1.4411350914e+01
-1.5394954415e-04,5.8645354626e-05,4.0540814547e+01
2.5981208658e-04,1.2492573998e-04,1.3669202986e+01
8.1575036866e-05,6.5843941848e-05,2.2335373865e+01
-2.7711617767e-04,5.5252937429e-05,3.3361482708e+01
-1.5824331216e-04,7.4041506902e-05,3.7552663082e+01
2.5554687478e-04,3.3752750282e-05,1.7136486143e+01
5.1815665699e-05,1.0151567130e-04,2.1091118754e+01
1.9858048973e-04,6.7222820388e-05,1.7313996842e+01
8.0321669500e-05,9.4085724030e-05,2.2280921206e+01
1.5613781246e-04,7.0173254308e-05,1.8723789104e+01
-1.6482235409e-04,3.7621314229e-05,4.4556571278e+01
2.5161178783e-04,3.3377574502e-05,1.7419050880e+01
2.2281333665e-06,9.3378541731e-05,2.9678517726e+01
-2.3505055408e-04,6.9963058120e-05,3.6733373413e+01
8.0702641511e-05,6.3261928899e-05,2.2331532283e+01
-2.2195101732e-04,3.2155859141e-05,4.1096520444e+01
2.3142005678e-04,1.4663887090e-05,1.9974055399e+01
8.8521891935e-06,8.4200160739e-05,2.2498210606e+01
2.9514861059e-04,7.7680095031e-05,1.4144111701e+01
1.3202890954e-06,9.1189285096e-05,2.9574829004e+01
-5.7257605934e-05,1.1120379426e-04,3.4305977646e+01
8.4567176418e-05,9.8129546677e-05,2.2413103833e+01
2.6817967290e-04,5.7959982641e-05,1.6944253932e+01
2.3074522666e-04,1.2000705810e-05,2.0357482487e+01
6.0456183226e-06,8.3759345025e-05,2.5243187828e+01
1.5236051656e-04,6.9351268709e-05,1.9127067753e+01
-1.8197709792e-04,6.9669737078e-05,3.7809437412e+01
-5.5839184498e-05,1.0915549003e-04,3.4758311806e+01
7.4601593453e-05,6.4609306801e-05,2.2218368490e+01
4.1692944425e-05,1.0578449235e-04,2.0385601315e+01
-1.6719367440e-04,3.5962795971e-05,4.4792347329e+01
8.8074819832e-05,9.9187744516e-05,2.2515087121e+01
2.4437110055e-04,3.5545559482e-05,1.7457611195e+01
3.8809020829e-05,1.0480470356e-04,2.0341012304e+01
-2.2627067836e-04,8.1765307034e-05,3.6206131184e+01
7.7652198934e-05,9.6073838767e-05,2.2210764226e+01
-2.0134083179e-04,8.1985358801e-05,3.6159245723e+01
-3.3337083199e-06,9.2545676212e-05,3.2076514501e+01
7.1156610909e-05,6.4021038856e-05,2.2161753712e+01
1.9727009164e-04,6.0906123349e-05,1.7144367150e+01
3.4601351203e-04,6.4749844676e-05,1.2798113898e+01
1.5155206573e-04,6.6312045616e-05,1.9386607512e+01
-1.5330251007e-04,7.5726210127e-05,3.7355019102e+01
9.0828270556e-05,9.7135857515e-05,2.2565985863e+01
5.1147476455e-06,8.1591928164e-05,2.5566532974e+01
2.2347504120e-04,1.4070263238e-05,2.0102196906e+01
-9.2081937915e-05,9.3048443503e-05,3.5650452427e+01
-4.2824712765e-06,9.0394626647e-05,3.2014252135e+01
7.0286660848e-05,6.1536588081e-05,2.2166198176e+01
-5.1921606963e-05,1.1132475961e-04,3.4724539105e+01
-3.0008526336e-04,5.1110944422e-06,1.7332778836e+01
2.9455051793e-04,7.3874389054e-05,1.4275362308e+01
2.6744430696e-04,5.4399960841e-05,1.7070189467e+01
2.8391770118e-04,2.0896038401e-05,1.7008120744e+01
3.4779399673e-05,3.0800891350e-06,3.3320667253e+01
2.4041691340e-04,3.5104775497e-05,1.7637459076e+01
-1.6959062961e-04,3.4312331146e-05,4.5016761845e+01
2.1951068970e-04,1.3781577801e-05,2.0168553300e+01
-5.0466216180e-05,1.0928690613e-04,3.5186851580e+01
3.7049183735e-07,8.2961648286e-05,2.8526154373e+01
-1.6199981924e-04,9.0402771779e-05,3.5289935661e+01
6.4348602538e-05,6.2903252145e-05,2.2055903502e+01
1.4479407620e-04,6.7735896773e-05,1.9934910193e+01
-8.9421045462e-06,9.1830367894e-05,3.3932537862e+01
-2.0615149657e-04,8.0501032817e-05,3.6273208406e+01
2.0780283003e-04,1.2669229682e-04,1.7263602759e+01
2.6672098956e-04,5.0898673590e-05,1.7109473463e+01
-2.4003630701e-04,7.1026723848e-05,3.6646962424e+01
3.4929534149e-04,6.1425209430e-05,1.2737318898e+01
2.1884471982e-04,1.1242077100e-05,2.0528275638e+01
-1.8419080016e-04,6.7846510479e-05,3.8034854944e+01
1.9793207635e-04,6.4043016890e-05,1.7245512435e+01
-1.5925611232e-04,9.0180682806e-05,3.5305747943e+01
2.3971907314e-04,3.2135598974e-05,1.8013979004e+01
-9.9333518064e-06,8.9712224758e-05,3.3906894508e+01
6.0985471164e-05,6.2374019085e-05,2.2007570602e+01
-2.4937522438e-06,8.2602261555e-05,2.9962088228e+01
-2.2474272381e-04,3.0483824959e-05,4.0955035084e+01
-1.4746446915e-04,7.5424700674e-05,3.7506625340e+01
-2.6701055706e-04,5.9268107731e-05,3.5175027619e+01
2.6601183537e-04,4.7460839057e-05,1.7166317870e+01
1.4395970064e-04,6.4750983713e-05,2.0174712339e+01
2.4627542979e-04,6.3949224203e-05,1.7157763836e+01
6.0113987044e-05,5.9985443048e-05,2.2021364015e+01
-4.6598062594e-05,1.1149214936e-04,3.5210773194e+01
-2.1820067494e-04,5.8809282493e-05,3.8102028830e+01
-1.8353171533e-04,6.5821934787e-05,3.8362376570e+01
-4.5105168974e-05,1.0946594836e-04,3.5663669460e+01
2.1159600553e-04,1.3224050530e-05,2.0344776709e+01
2.8333484702e-04,1.7876283149e-05,1.7091273589e+01
-1.4589610708e-05,9.1220023914e-05,3.5331475245e+01
-1.7201312930e-04,3.2669866591e-05,4.5228882250e+01
-1.9338655089e-04,3.4781457124e-05,4.3431311408e+01
-2.3767504640e-04,7.2798691343e-05,3.6608148558e+01
-1.9778073213e-04,2.9744079402e-05,4.4033154423e+01
-1.5761585460e-04,8.5969887093e-05,3.5800807273e+01
-3.4927196686e-06,8.0499662665e-05,3.0234578542e+01
5.4338091041e-05,6.1375437452e-05,2.1922862455e+01
-1.5624379219e-05,8.9130362490e-05,3.5339838757e+01
1.3721747758e-04,6.6163421355e-05,2.0754994085e+01
2.1092666284e-04,1.0769191443e-05,2.0678488930e+01
-3.4853284968e-04,1.9782450463e-05,1.6861360518e+01
2.3247484185e-04,3.4168525824e-05,1.7943895115e+01
-1.4257468840e-04,7.7135749498e-05,3.7296754108e+01
-1.8578716618e-04,6.4013373520e-05,3.8585975655e+01
-4.1288971528e-05,1.1171042709e-04,3.5755714658e+01
5.1052899475e-05,6.0905739856e-05,2.1887036107e+01
2.3905648733e-04,6.5841868569e-05,1.7204222834e+01
-2.2424141297e-04,2.8702979271e-05,4.1277500741e+01
-1.9257865285e-04,3.3041592435e-05,4.3824051098e+01
2.8666120736e-04,1.5014637496e-05,1.7084166851e+01
-8.2678274930e-06,8.1957614033e-05,3.2394900775e+01
1.3636131991e-04,6.3238085591e-05,2.0992561454e+01
5.0174790821e-05,5.8609681125e-05,2.1908998769e+01
-1.4158814866e-04,7.5150175150e-05,3.7666264949e+01
-1.5481938197e-04,8.5774155458e-05,3.5836606054e+01
2.9392898873e-04,7.0088198761e-05,1.4415334731e+01
-2.0269805532e-05,9.0703316054e-05,3.6349087816e+01
-1.5395961651e-04,8.3700971424e-05,3.6122051516e+01
2.0369424164e-04,1.2693059121e-05,2.0546439147e+01
-1.1174840807e-05,8.1669877709e-05,3.3409281376e+01
3.0265690930e-04,5.3500887448e-05,1.4757261147e+01
2.2849985692e-04,3.3681286234e-05,1.8038555489e+01
-1.9174077441e-04,3.1320603490e-05,4.4218162041e+01
-2.2707659291e-04,2.7048900595e-05,4.1082071213e+01
-2.1348690962e-05,8.8638396430e-05,3.6390193623e+01
2.3839379492e-04,6.2405911474e-05,1.7244027027e+01
4.4556347356e-05,6.0026655228e-05,2.1830262966e+01
2.0302005777e-04,1.0322392113e-05,2.0863245276e+01
-1.8807066627e-04,6.2210954843e-05,3.8803091673e+01
-1.2242648285e-05,7.9618611634e-05,3.3629074638e+01
1.2963775872e-04,6.4641488080e-05,2.1619585298e+01
3.7040258850e-04,1.6028776121e-05,1.0703504416e+01
-1.7097422828e-04,3.0987990111e-05,4.5638317147e+01
-1.3747229236e-04,6.7371893403e-05,3.9246207792e+01
4.1343381540e-05,5.9616583615e-05,2.1809403186e+01
2.8606499294e-04,1.2049937397e-05,1.7281340614e+01
-1.4919501526e-04,8.5408117117e-05,3.5916300030e+01
2.8993161124e-04,6.9308022813e-05,1.4557180751e+01
2.6931209136e-04,4.4661686540e-05,1.7167332474e+01
9.4391726482e-05,9.8190995209e-05,2.2638579178e+01
2.2776544677e-04,3.0754057663e-05,1.8292572826e+01
-2.2995004747e-04,2.5405018694e-05,4.0831037376e+01
-2.5977090070e-05,9.0270106782e-05,3.7052491726e+01
4.0453810141e-05,5.7409509466e-05,2.1835835612e+01
3.2754623220e-04,6.5135901948e-05,1.3534628520e+01
1.9579976173e-04,1.2192551311e-05,2.0795455505e+01
-1.4636838455e-04,8.5236674909e-05,3.5960481128e+01
-1.3946838892e-04,6.5567334071e-05,3.9556048656e+01
-1.7023139739e-05,8.1158630707e-05,3.5089688692e+01
-2.7100339546e-05,8.8226731578e-05,3.7125814995e+01
1.2584704362e-04,6.3899383465e-05,2.2076555361e+01
-1.7342439848e-04,2.9363872993e-05,4.5833913777e+01
-1.4544104417e-04,8.3186985040e-05,3.6270722273e+01
3.4984085389e-05,5.8855940844e-05,2.1783786437e+01
1.9185150696e-04,1.1954931132e-05,2.0937580233e+01
-3.1766516662e-05,1.1015519161e-04,3.6943778295e+01
-1.9961853958e-05,8.0932968429e-05,3.5775195811e+01
2.7261644982e-04,4.1845543263e-05,1.7167276061e+01
2.3123031117e-04,6.4275835899e-05,1.7280291890e+01
3.6987588404e-04,1.2008434410e-05,1.0112379888e+01
1.2496012062e-04,6.1063714224e-05,2.2303908068e+01
-3.1706560954e-05,8.9911343564e-05,3.7501301351e+01
2.9860000759e-04,5.2834790283e-05,1.4914710985e+01
2.8591452852e-04,6.8517485981e-05,1.4712863590e+01
1.9116142184e-04,9.7099014615e-06,2.1217635371e+01
3.1836297474e-05,5.8504906124e-05,2.1778845403e+01
3.3089215813e-04,6.1905657902e-05,1.3506584012e+01
-3.2874174125e-05,8.7886753478e-05,3.7606443476e+01
-2.1098015687e-05,7.8922990596e-05,3.5974369994e+01
3.0931641252e-05,5.6383818702e-05,2.1808420075e+01
-1.7235846399e-04,2.7710609280e-05,4.6237068971e+01
-2.8092426678e-05,1.1251686902e-04,3.7218390827e+01
-2.6462034900e-05,1.1054511966e-04,3.7398393342e+01
1.1826600249e-04,6.2456644147e-05,2.2946059504e+01
1.8395233710e-04,1.1507365632e-05,2.1243782370e+01
2.5599749741e-05,5.7861387738e-05,2.1776741247e+01
-3.7453946991e-05,8.9618956143e-05,3.7748326930e+01
3.3038905070e-04,5.7995882423e-05,1.3641297598e+01
1.8324800804e-04,9.3442254962e-06,2.1495464770e+01
-2.1097513487e-04,7.9044375302e-05,3.6372664057e+01
-1.5844127050e-04,8.8067557732e-05,3.5543041193e+01
-2.5863995205e-05,8.0537208898e-05,3.6881186469e+01
1.1736161997e-04,5.9682219459e-05,2.2933618240e+01
2.2509466863e-05,5.7568301645e-05,2.1815873414e+01
-3.8666358072e-05,8.7609986704e-05,3.7884536794e+01
-2.2849035517e-05,1.1296240256e-04,3.7720786601e+01
-2.1178840615e-05,1.1101251468e-04,3.7738704182e+01
2.1586633553e-05,5.5528927400e-05,2.1746445528e+01
-1.9913639209e-04,6.1060887641e-05,3.8605377192e+01
-2.8825701520e-05,8.0364843964e-05,3.7317591896e+01
1.7604819324e-04,1.1096508042e-05,2.1577040793e+01
2.3058361581e-04,6.0924668970e-05,1.7302281505e+01
-4.3214685110e-05,8.9386522688e-05,3.7839558357e+01
2.9605298577e-05,1.4949161379e-06,3.4892154727e+01
2.2930314583e-04,5.4408521321e-05,1.7289058982e+01
-3.0030423019e-05,7.8387694313e-05,3.7516370867e+01
1.1072649272e-04,6.1075325757e-05,2.2783074293e+01
2.9786352725e-04,4.9144424377e-05,1.5171589198e+01
1.7533167629e-04,9.0140076111e-06,2.1795384534e+01
-4.4471752925e-05,8.7391108801e-05,3.8005312947e+01
1.3323426718e-05,5.6798566008e-05,2.4750193187e+01
-2.8673065647e-04,6.5344107236e-05,3.7232622041e+01
2.2542538466e-04,5.3774857616e-05,1.7260182919e+01
-2.1580839132e-04,7.7618338610e-05,3.6456536747e+01
1.0982798005e-04,5.8367320219e-05,2.2763344795e+01
1.2340064614e-05,5.4825966851e-05,2.5595484063e+01
1.8180950246e-04,1.1458841789e-04,1.7474628980e+01
1.8857315337e-04,1.1338545234e-04,1.7445696921e+01
1.6814045837e-04,1.0727764769e-05,2.1925429392e+01
-1.7629963526e-05,1.1349195328e-04,3.8076443765e+01
-3.4766835678e-05,8.0067413762e-05,3.7993074308e+01
-1.5030610366e-05,1.1379093584e-04,3.8186040746e+01
2.2994134694e-04,5.7634488646e-05,1.7308011558e+01
2.9376109709e-04,4.8483449077e-05,1.5148909128e+01
-5.0287431013e-05,8.7223412554e-05,3.8007309219e+01
-1.3300096548e-05,1.1187955349e-04,3.7925026569e+01
7.1407386808e-06,5.6343392470e-05,2.7467952713e+01
1.6418400958e-04,1.0560642627e-05,2.2091581035e+01
1.7821289618e-04,1.1346232647e-04,1.7477467374e+01
1.0328832113e-04,5.9767117588e-05,2.2682502374e+01
3.3758008706e-04,5.5355278666e-05,1.3435048530e+01
9.7178332397e-05,9.6109118017e-05,2.2714945020e+01
4.0186652654e-06,5.6129935956e-05,2.8843574145e+01
1.6344932185e-04,8.5949161206e-06,2.2225653790e+01
-5.4766906319e-05,8.9073848912e-05,3.7705146763e+01
-3.9016828340e-05,7.7989555803e-05,3.8455643599e+01
2.9316924866e-06,5.4204751898e-05,2.9719173971e+01
2.2056345762e-04,3.2689851501e-05,1.8212685216e+01
1.7771313576e-04,1.1002001512e-04,1.7473226499e+01
9.9607594483e-05,5.9139694404e-05,2.2633861704e+01
-5.6110262125e-05,8.7101688349e-05,3.7922506524e+01
-2.6233093158e-04,5.7835482683e-05,3.5310588568e+01
2.1982205038e-04,2.9805827865e-05,1.8464384366e+01
-2.2805102483e-06,5.5733727182e-05,3.1421337091e+01
1.5627450752e-04,1.0265076982e-05,2.2391057527e+01
2.9296944095e-04,4.4833061714e-05,1.6195137139e+01
-7.2793855480e-06,1.1484015196e-04,3.8310123322e+01
9.8717839573e-05,5.6529358652e-05,2.2625115545e+01
-5.4871202210e-06,1.1297580230e-04,3.7734957314e+01
-5.4547507013e-06,5.5551005363e-05,3.2607579816e+01
-6.0551900951e-05,8.8984165930e-05,3.7538510749e+01
-1.3695923582e-04,8.8714589408e-05,3.5536156445e+01
1.5552823849e-04,8.3725221467e-06,2.2463036715e+01
-4.3712274783e-05,7.9726874785e-05,3.8606157491e+01
2.1265107986e-04,3.1692211639e-05,1.8424858630e+01
-6.6356540069e-06,5.3667285911e-05,3.3327442710e+01
3.3709103262e-04,5.1429637905e-05,1.3573333317e+01
-3.3015349033e-04,4.2298792794e-06,1.8520338009e+01
-2.1538210799e-06,1.1567812575e-04,3.8305192441e+01
1.4837738320e-04,1.0019291755e-05,2.2630434615e+01
2.1190602443e-04,2.8858580125e-05,1.8670582258e+01
9.2324973677e-05,5.7940826558e-05,2.2532916514e+01
-2.6469049284e-04,5.8531577802e-05,3.5220522157e+01
-1.3231497020e-04,9.0477690098e-05,3.5322680544e+01
-3.1804841627e-07,1.1385218080e-04,3.7419910963e+01
-4.8039279233e-05,7.7708541963e-05,3.8954572831e+01
1.4762213884e-04,8.1941840914e-06,2.2640057815e+01
-1.5061786842e-05,5.5066228618e-05,3.5721833513e+01
-1.3027115794e-04,8.6385284889e-05,3.5951213239e+01
-6.7765295889e-05,8.6980209100e-05,3.7591384194e+01
-2.2293594274e-04,7.4408249829e-05,3.6627820049e+01
-1.6329195549e-05,5.3217855731e-05,3.6320370793e+01
8.8722729074e-05,5.7368233723e-05,2.2481565536e+01
-2.1806702475e-04,7.5793155609e-05,3.6574454988e+01
2.0476165414e-04,3.0703163742e-05,1.8676713717e+01
1.4050600064e-04,9.8252043211e-06,2.2782163191e+01
2.2346077124e-04,4.4561582125e-05,1.7188885312e+01
-3.3891422513e-04,2.2289825316e-06,1.9906490050e+01
-2.1525112777e-05,5.4794905119e-05,3.7427103388e+01
-5.2684842262e-05,7.9496303040e-05,3.8864939732e+01
-7.2127012448e-05,8.8917934181e-05,3.7112512778e+01
-1.2561509409e-04,8.8162248035e-05,3.5734242688e+01
8.7839868729e-05,5.4854096899e-05,2.2476989703e+01
-2.0151333436e-04,5.9267460013e-05,3.8771962730e+01
5.4693602573e-06,1.1717959537e-04,3.7953684254e+01
-1.2276261389e-04,8.8041414498e-05,3.5793731674e+01
1.3658038220e-04,9.7442958751e-06,2.2817832745e+01
-5.5679361278e-05,7.9440904845e-05,3.8892792612e+01
2.0082491521e-04,3.0215260532e-05,1.8824111819e+01
-7.5075584797e-05,8.5039295641e-05,3.7657266185e+01
2.1953885121e-04,4.3992975850e-05,1.7366054834e+01
-2.6119230729e-05,5.2855114076e-05,3.8682724894e+01
2.1882093547e-04,4.0995051248e-05,1.7596062131e+01
7.3725627193e-06,1.1543073029e-04,3.6383312006e+01
1.3580608029e-04,8.0033663717e-06,2.2759488239e+01
-5.7083081072e-05,7.7527427290e-05,3.9142228171e+01
2.2478498807e-04,5.0655226504e-05,1.7183113572e+01
8.1598089980e-05,5.6279521263e-05,2.2379056147e+01
2.1488486167e-04,4.0432367962e-05,1.7710288228e+01
-3.1287240963e-05,5.4461427926e-05,3.9465934694e+01
2.0007564502e-04,2.7467453803e-05,1.9070540837e+01
1.2875631216e-04,9.6160089282e-06,2.2852925349e+01
-3.4555516584e-05,5.4368682553e-05,4.0018864741e+01
7.8075024892e-05,5.5762174540e-05,2.2328959543e+01
1.2796236604e-04,7.9227209920e-06,2.2776441046e+01
-6.1671746872e-05,7.9359605177e-05,3.8882118392e+01
-3.3761977485e-04,4.6813879309e-06,1.9390091880e+01
2.6841778205e-05,3.0761838753e-06,3.5275642491e+01
2.0776931201e-04,4.2243263214e-05,1.7744598589e+01
7.7196263600e-05,5.3342806460e-05,2.2331340555e+01
-4.1108224087e-05,5.4209900339e-05,4.0954612289e+01
-6.4668538786e-05,7.9332444846e-05,3.8849628957e+01
2.2413539942e-04,4.7593198692e-05,1.7060214853e+01
2.0702090717e-04,3.9298892758e-05,1.7973004355e+01
1.2096979961e-04,9.5251011639e-06,2.2854302276e+01
-4.4391640026e-05,5.4142561808e-05,4.1344493834e+01
-3.4663520698e-04,2.5185044392e-06,2.0933338596e+01
1.9993346126e-04,4.1066847645e-05,1.8049813487e+01
1.2015477364e-04,7.8737408831e-06,2.2770944438e+01
1.7104934168e-04,1.1126200399e-04,1.7466859708e+01
1.9917178551e-04,3.8168317888e-05,1.8274078046e+01
1.4980214489e-05,1.1740765860e-04,3.4057083019e+01
7.1108530166e-05,5.4784482528e-05,2.2233238167e+01
1.9210931251e-04,3.9901186638e-05,1.8409370595e+01
2.6850488842e-04,7.9256824865e-05,1.4856413729e+01
1.9133641041e-04,3.7054487227e-05,1.8633551537e+01
1.1322326295e-04,9.4679582572e-06,2.2853630654e+01
-7.0663810539e-05,7.9302376887e-05,3.8743258096e+01
2.3425708853e-04,1.0289925232e-04,1.7135624495e+01
1.8429646429e-04,3.8759359938e-05,1.8817858518e+01
6.7664022329e-05,5.4322852374e-05,2.2188321879e+01
1.6444760024e-04,1.1249858255e-04,1.7435345583e+01
-3.5460262634e-04,9.4874595577e-06,1.6976255138e+01
1.8039474112e-04,3.8200387860e-05,1.9040200155e+01
1.1238149989e-04,7.8528092139e-06,2.2709582076e+01
1.7960780579e-04,3.5436969080e-05,1.9262331254e+01
-7.2170083912e-05,7.7410793055e-05,3.9023518685e+01
1.3011928639e-05,1.1904633372e-04,3.6494840764e+01
-2.1255874971e-04,5.8232355428e-05,3.8433428835e+01
-1.3863466637e-04,7.5023455656e-05,3.7749006869e+01
1.7259685559e-04,3.7110787441e-05,1.9531657585e+01
6.6786282230e-05,5.1997020331e-05,2.2198340982e+01
1.6392292382e-04,1.0912432953e-04,1.7431430344e+01
-3.5065928852e-04,1.6237764637e-05,1.7051934779e+01
1.6869995310e-04,3.6580477443e-05,1.9799460638e+01
1.6789756598e-04,3.3906664004e-05,2.0026593164e+01
-3.4508472215e-04,5.2691924938e-06,1.9606519315e+01
1.0551878777e-04,9.4405980734e-06,2.2801578093e+01
-7.6654500026e-05,7.9304778145e-05,3.8595591476e+01
1.6090683235e-04,3.5551578617e-05,2.0376121139e+01
2.2473138317e-05,1.1991634873e-04,2.9927248337e+01
1.6009469338e-04,3.2939353446e-05,2.0597658791e+01
1.0464355505e-04,7.8527237865e-06,2.2745627749e+01
-3.5434869541e-04,2.9130161181e-06,2.1370053040e+01
-1.1643282569e-04,9.1765986879e-05,3.5305341954e+01
1.5311561429e-04,3.4571703652e-05,2.1005902120e+01
1.5229031132e-04,3.2018577074e-05,2.1223725200e+01
6.0852838852e-05,5.3457104148e-05,2.2105048638e+01
-7.8202374199e-05,7.7417958721e-05,3.8885898194e+01
1.4532569709e-04,3.3644184260e-05,2.1676747220e+01
-1.1530871933e-04,8.9734176036e-05,3.5643290879e+01
-1.3376524131e-04,7.6753026414e-05,3.7533561370e+01
-2.2780914071e-04,7.3059248198e-05,3.6663939435e+01
1.4058664058e-04,3.0738403333e-05,2.2239586491e+01
1.4143148033e-04,3.3199608711e-05,2.2032613270e+01
9.7855420051e-05,9.4359217103e-06,2.2862209107e+01
4.1888694772e-05,1.2423727024e-04,1.8183284046e+01
-1.3270451211e-04,7.4786380093e-05,3.7920873191e+01
1.0509083746e-05,1.1837329878e-04,3.7156047767e+01
1.3278631573e-04,2.9952790187e-05,2.2944028653e+01
1.3364085176e-04,3.2349068584e-05,2.2797917943e+01
5.7484621239e-05,5.3051579908e-05,2.2066994096e+01
-8.2637685041e-05,7.9337575235e-05,3.8420565343e+01
1.9296420791e-04,2.9258694124e-05,1.9146245804e+01
1.2503053430e-04,2.9234196642e-05,2.2953316137e+01
9.6931417212e-05,7.8506470298e-06,2.2936498522e+01
1.2587645889e-04,3.1562802533e-05,2.2938329028e+01
2.5107975448e-04,8.9470298444e-05,1.5006710657e+01
2.9744170355e-05,1.2313367057e-04,2.2457007875e+01
1.1736304275e-04,2.8588054024e-05,2.2893306978e+01
1.5737123528e-04,1.1037959985e-04,1.7351884062e+01
1.1819892149e-04,3.0846660981e-05,2.2893711918e+01
4.4825369973e-05,1.2874249748e-04,1.8457693650e+01
1.9221224006e-04,2.6572352556e-05,1.9395816131e+01
-1.1129341737e-04,8.7620332658e-05,3.6074808830e+01
-4.5888173463e-05,5.2367846694e-05,4.1748705043e+01
1.0978146237e-04,2.8014663912e-05,2.2823918207e+01
5.0404448020e-05,1.2880622233e-04,2.0267684205e+01
1.1060996916e-04,3.0203245761e-05,2.2829419388e+01
5.6604474360e-05,5.0817910026e-05,2.2081396388e+01
-8.5627242185e-05,7.9363356863e-05,3.8326541064e+01
1.0228340551e-04,2.7510901363e-05,2.2742411321e+01
1.0310851575e-04,2.9632278903e-05,2.2753228575e+01
9.0217017861e-05,9.4295380557e-06,2.3120805034e+01
9.5695115069e-05,2.9134133197e-05,2.2666471320e+01
9.1195091988e-05,2.6888035859e-05,2.2606787797e+01
9.2020519758e-05,2.8910366460e-05,2.2620183964e+01
1.8511771428e-04,2.8334321220e-05,1.9533619810e+01
8.4734039391e-05,2.8512972622e-05,2.2528158335e+01
8.0293014075e-05,2.6409109665e-05,2.2485606550e+01
8.1123446166e-05,2.8338155405e-05,2.2484616099e+01
-4.0073204370e-05,2.5855468356e-05,4.5347084878e+01
-3.4431094565e-05,2.4312525033e-05,4.4796248361e+01
6.9575807526e-05,2.6060348862e-05,2.2418276558e+01
7.3965435894e-05,2.8035045902e-05,2.2411192102e+01
-3.2755525118e-05,2.5919917442e-05,4.4240482245e+01
8.9232825681e-05,7.8424354735e-06,2.3295377262e+01
7.0419106451e-05,2.7905323433e-05,2.2386102518e+01
-1.0673540670e-04,8.9450960398e-05,3.5865452539e+01
-2.9101724331e-05,2.5956813930e-05,4.3619880949e+01
-2.3402804735e-05,2.4421413607e-05,4.2858435652e+01
5.9037877318e-05,2.5818887685e-05,2.2613317144e+01
-1.6074004524e-05,2.4507204477e-05,4.1347407071e+01
6.3384492848e-05,2.7684346441e-05,2.2371619582e+01
-2.1802936921e-05,2.6040895147e-05,4.2242561781e+01
5.9899933999e-05,2.7593221603e-05,2.2316944514e+01
-8.7236623358e-05,7.7482445337e-05,3.8628271565e+01
-8.7647905867e-06,2.4604903187e-05,3.9672420201e+01
-1.4524645927e-05,2.6137220251e-05,4.0689513091e+01
4.8568978443e-05,2.5629711242e-05,2.4761854467e+01
-1.4801752814e-06,2.4713171941e-05,3.7855206320e+01
5.2984736796e-05,2.7443637710e-05,2.3385162335e+01
-7.2695093607e-06,2.6245751052e-05,3.8973723524e+01
-1.0553051167e-04,8.7449075672e-05,3.6241026896e+01
4.1536464485e-05,2.5496755110e-05,2.6309947706e+01
5.7765062382e-06,2.4830890834e-05,3.5927507757e+01
4.9526653022e-05,2.7373027831e-05,2.4094541017e+01
3.4462790979e-05,2.5361231002e-05,2.8050439097e+01
1.3001808482e-05,2.4956530859e-05,3.3931158405e+01
2.3775388412e-05,2.5156201474e-05,3.0918267348e+01
-4.1313490663e-08,2.6365681661e-05,3.7118697409e+01
5.0822482910e-05,5.2298188492e-05,2.1998077151e+01
4.2573945084e-05,2.7227410706e-05,2.5566262426e+01
7.1562260527e-06,2.6495750071e-05,3.5158856603e+01
1.4321039441e-05,2.6635110117e-05,3.3138288493e+01
1.7885562759e-05,2.6705429872e-05,3.2123381031e+01
2.8529657213e-05,2.6927288198e-05,2.9135372787e+01
2.4992811180e-05,2.6852862398e-05,3.0113578546e+01
-2.5974722914e-04,5.9516793897e-05,3.5687565740e+01
2.4161233021e-04,1.0136771751e-04,1.5086472201e+01
1.8436038495e-04,2.5710513074e-05,1.9784909266e+01
3.2333767986e-05,1.2701125924e-04,1.4175797758e+01
8.2587378095e-05,9.4153065209e-06,2.3611322385e+01
-1.2599336824e-04,7.8385579705e-05,3.7399229734e+01
4.7526584637e-05,5.1948741589e-05,2.1967397029e+01
-9.1599291187e-05,7.9434739772e-05,3.8130812182e+01
8.1540028674e-05,7.8288893175e-06,2.3908560520e+01
-9.9749702398e-05,8.7301038770e-05,3.6424265562e+01
-9.4581188852e-05,7.9479355487e-05,3.8031086094e+01
1.7727918732e-04,2.7446918520e-05,1.9968340272e+01
2.4498927317e-04,9.8681462855e-05,1.4984846741e+01
4.6640387325e-05,4.9805187137e-05,2.1982002972e+01
2.7696024213e-05,1.2448069116e-04,2.8515494797e+01
1.5682679614e-04,1.0704210177e-04,1.7335997714e+01
7.4958501544e-05,9.3947036219e-06,2.4379623645e+01
-1.2122669048e-04,8.0150397047e-05,3.7180568789e+01
-9.5246813321e-05,8.9165217160e-05,3.6226845837e+01
-1.2008382962e-04,7.8183572260e-05,3.7572951029e+01
1.7336201678e-04,2.7018068305e-05,2.0207046297e+01
7.3846877053e-05,7.8108732570e-06,2.4770752979e+01
1.5328256094e-04,1.0601744469e-04,1.7167549173e+01
2.1651389254e-05,1.4888332646e-06,3.6872982793e+01
4.1004028876e-05,5.1307059784e-05,2.1913254651e+01
6.7324792367e-05,9.3688735563e-06,2.5405951520e+01
1.7259174664e-04,2.4489877973e-05,2.0456708135e+01
3.7775035756e-05,5.1013065825e-05,2.1888172866e+01
2.4435978719e-04,9.4909004485e-05,1.5812636326e+01
6.6149210940e-05,7.7888615681e-06,2.5877081223e+01
-1.1533832421e-04,7.9959361992e-05,3.7355331333e+01
1.7983046259e-05,1.2056266548e-04,3.4481364020e+01
1.4676032293e-04,1.0728570877e-04,1.7402094759e+01
3.6879245023e-05,4.8956605177e-05,2.1904496578e+01
-2.2068566963e-04,5.7027394678e-05,3.8161002339e+01
-1.1245585398e-04,8.9633509008e-05,3.5712562065e+01
-1.1415138873e-04,7.8004930764e-05,3.7755821197e+01
5.9682523863e-05,9.3388082566e-06,2.6668841493e+01
5.8442555728e-05,7.7623601888e-06,2.7208920160e+01
2.4371010096e-04,9.1154773226e-05,1.6490281109e+01
-2.2320155141e-04,5.5256433481e-05,3.8192726119e+01
-2.3268324424e-04,7.1749181076e-05,3.6683060537e+01
3.1379980599e-05,5.0480666312e-05,2.1827948730e+01
1.4023977755e-04,1.0853960098e-04,1.8066587946e+01
5.2031179968e-05,9.3067539654e-06,2.8141613412e+01
2.5312154330e-05,1.2336806261e-04,2.9403170289e+01
-1.3130027298e-04,8.8424958266e-05,3.5627367857e+01
3.0475979018e-05,4.8480117906e-05,2.1907421389e+01
1.3964122320e-04,1.0525776064e-04,1.8207668691e+01
4.8200137489e-05,9.2888782364e-06,2.8947648893e+01
-1.0646663205e-04,7.9718279072e-05,3.7635579432e+01
4.6869492414e-05,7.7205369154e-06,2.9569318460e+01
2.5062282572e-05,5.0019855535e-05,2.1454269308e+01
4.0526078156e-05,9.2505053286e-06,3.0676953668e+01
2.4148965028e-05,4.8073500786e-05,2.2647266291e+01
-1.0053113536e-04,7.9588209334e-05,3.7831316350e+01
3.9137645268e-05,7.6891521960e-06,3.1338311335e+01
1.8788203637e-05,4.9619950530e-05,2.4831664185e+01
3.2839119402e-05,9.2124354051e-06,3.2528222240e+01
1.6552602656e-04,2.6191671221e-05,2.0727136122e+01
-9.0792157432e-05,9.1047731486e-05,3.6038306190e+01
1.6474622988e-04,2.3728815046e-05,2.0968218246e+01
3.1394826109e-05,7.6586910441e-06,3.3217417236e+01
1.5623440199e-05,4.9428171104e-05,2.6014944170e+01
1.5768924071e-04,2.5412166191e-05,2.1281154339e+01
2.5138756183e-05,9.1737313093e-06,3.4459219684e+01
1.4603133143e-05,4.7527732160e-05,2.7029855269e+01
-8.6803178080e-05,8.5125681782e-05,3.7233531109e+01
2.3640198464e-05,7.6276317064e-06,3.5164446173e+01
1.5689730694e-04,2.3014870429e-05,2.1518737655e+01
-8.2341051413e-05,8.7020398402e-05,3.7051133318e+01
9.2364720309e-06,4.9064278132e-05,2.8578585203e+01
1.7424709728e-05,9.1351160273e-06,3.6425096746e+01
-1.3739790448e-04,3.7240209216e-05,4.5773659115e+01
1.4984985755e-04,2.4682958947e-05,2.1881737915e+01
1.5872147585e-05,7.5946771832e-06,3.7135506677e+01
1.8936065502e-05,3.0643241618e-06,3.7256454854e+01
6.0149632478e-06,4.8891337707e-05,2.9827401228e+01
1.4593077122e-04,2.4338209669e-05,2.2185164030e+01
-1.3263137139e-04,3.5532080927e-05,4.6306782040e+01
4.8889543082e-06,4.7030357114e-05,3.0707039406e+01
8.0952430179e-06,7.5644645629e-06,3.9084260496e+01
2.9217715849e-04,4.1225993700e-05,1.7124289219e+01
-1.2701241238e-04,3.7142872255e-05,4.6117426455e+01
1.4512201540e-04,2.2042448961e-05,2.2363611793e+01
-4.7616223488e-07,4.8568151389e-05,3.2218163109e+01
1.9617920819e-06,9.0630455164e-06,4.0281632605e+01
-1.2564044197e-04,3.5473186281e-05,4.6522078659e+01
3.0822729297e-07,7.5351889446e-06,4.0970011840e+01
-1.6672817854e-06,4.6731237997e-05,3.3014904311e+01
3.4426239617e-04,4.8671038890e-05,1.3330338580e+01
-1.2005344468e-04,3.7086161132e-05,4.6306888095e+01
-5.7885449895e-06,9.0292361702e-06,4.2092407917e+01
-3.5086199104e-04,9.0576886852e-06,1.7186864434e+01
-7.0263985989e-06,4.8275561822e-05,3.4415062247e+01
-7.4879042081e-06,7.5077645029e-06,4.2756151907e+01
-1.1862976600e-04,3.5422628372e-05,4.6701583819e+01
2.9964014565e-04,3.8814322880e-05,1.6222624059e+01
-8.2790748366e-06,4.6460851271e-05,3.5133635367e+01
-1.3549605572e-05,8.9980008778e-06,4.3780502817e+01
-1.1307621564e-04,3.7038127929e-05,4.6458234925e+01
-1.7432728705e-05,8.9833039701e-06,4.4570684002e+01
-1.3627189881e-05,4.8014847284e-05,3.6380858785e+01
3.0297800359e-04,3.5769633245e-05,1.6237180856e+01
-1.1160132451e-04,3.5379257619e-05,4.6840250292e+01
-1.9196556085e-05,7.4708336256e-06,4.5186107098e+01
3.4378652001e-04,4.4723987039e-05,1.3468241256e+01
-1.4938305790e-05,4.6220356577e-05,3.7029227645e+01
-1.0608298952e-04,3.6999462839e-05,4.6565033609e+01
3.0217683540e-04,3.2185978900e-05,1.7120183124e+01
-2.0270368711e-05,4.7786959827e-05,3.8099775244e+01
-1.0258130440e-04,3.6982535263e-05,4.6599615122e+01
1.3809887318e-04,2.3693416769e-05,2.2725673875e+01
5.3608021406e-05,1.3380599125e-04,2.2005643269e+01
-1.0103027877e-04,3.5331076924e-05,4.6955984688e+01
1.3729010794e-04,2.1471662417e-05,2.2821826946e+01
-3.0919106630e-05,7.4395698862e-06,4.7261288232e+01
-2.3606510917e-05,4.7684018954e-05,3.8866588248e+01
1.3030349702e-04,2.3119106347e-05,2.2991509345e+01
-3.6874672661e-05,8.9228294890e-06,4.7911747429e+01
1.2950285994e-04,2.0971661188e-05,2.2992119106e+01
-3.8739831330e-05,7.4214257608e-06,4.8432944694e+01
-9.3641062248e-05,3.8600076536e-05,4.6281523528e+01
-3.0300201544e-05,4.7502583833e-05,4.0218993942e+01
3.4713003296e-04,4.1313304551e-05,1.3390339022e+01
-1.1338584936e-04,5.4106019918e-05,4.2729889610e+01
1.2258076667e-04,2.2616846598e-05,2.2945975709e+01
1.3695066327e-05,1.4828029149e-06,3.8855908811e+01
-7.3591198021e-05,8.6972293448e-05,3.7382521785e+01
-4.6563530322e-05,7.4063717186e-06,4.9434360775e+01
-8.6661513605e-05,3.8586749770e-05,4.6229470171e+01
1.2178629371e-04,2.0540372002e-05,2.2942400071e+01
-5.2447287888e-05,8.8887811484e-06,4.9824637429e+01
-8.3167547520e-05,3.8583257320e-05,4.6174473078e+01
-3.7019786530e-05,4.7350923167e-05,4.1343106331e+01
-5.4389270725e-05,7.3937570458e-06,5.0270919841e+01
-3.8515828110e-05,4.5610836280e-05,4.1817564871e+01
-6.0236613327e-05,8.8761558997e-06,5.0539976900e+01
3.4663232435e-04,3.7394509738e-05,1.3529206167e+01
3.0483643917e-04,6.2526351735e-06,1.7393935800e+01
-3.0680665647e-04,5.5646351236e-05,3.3183642508e+01
-4.3759091165e-05,4.7227275874e-05,4.2257843253e+01
-6.2214920392e-05,7.3849763674e-06,5.0951172958e+01
-7.6178422955e-05,3.8587847871e-05,4.5997397561e+01
-6.8031585637e-05,8.8642792088e-06,5.1108864805e+01
-4.5303924175e-05,4.5498428647e-05,4.2700734723e+01
1.1493699266e-04,2.2187749333e-05,2.2874212512e+01
-7.0041352208e-05,7.3768966901e-06,5.1487068011e+01
-5.0512937261e-05,4.7129485750e-05,4.2984609812e+01
3.0965884392e-04,2.9604512972e-05,1.6269743217e+01
1.1114238739e-04,2.1997183639e-05,2.2834085399e+01
-7.5821777918e-05,8.8565746412e-06,5.1542337327e+01
-7.0946632747e-05,3.6951281942e-05,4.6107433586e+01
-5.2103742400e-05,4.5410132313e-05,4.3402011861e+01
-6.5684070205e-05,3.8616616303e-05,4.5537591891e+01
-7.7868202219e-05,7.3705347813e-06,5.1890902391e+01
1.1034562525e-04,2.0022889286e-05,2.2831603837e+01
-5.5506281762e-05,4.5374117314e-05,4.3691062982e+01
-8.3610380314e-05,8.8511712463e-06,5.1853957102e+01
1.0360454169e-04,2.1662505023e-05,2.2753616212e+01
3.4997813698e-04,3.3930606879e-05,1.3410924250e+01
-5.8691106180e-05,3.8656135553e-05,4.5077411606e+01
-6.2316825792e-05,4.5319759746e-05,4.4158766321e+01
-9.1397142602e-05,8.8477335387e-06,5.2056517783e+01
1.0280568168e-04,1.9754910054e-05,2.2764211110e+01
-5.6866697543e-05,3.7017820861e-05,4.5222842988e+01
-9.3517108276e-05,7.3630176049e-06,5.2353320009e+01
-6.5725430225e-05,4.5298987936e-05,4.4342812511e+01
-5.1698918966e-05,3.8713165828e-05,4.4473718379e+01
-3.5268423428e-04,1.2775556323e-05,1.7163823888e+01
-9.9181439090e-05,8.8460608912e-06,5.2162043792e+01
-6.7433351241e-05,4.3606061077e-05,4.4725272435e+01
3.4944736102e-04,3.0046809611e-05,1.3545866083e+01
-4.6597509394e-05,4.0428850436e-05,4.3656743940e+01
-1.0133848803e-04,7.3614308096e-06,5.2436262836e+01
1.1025627420e-05,3.0526585749e-06,3.9226551974e+01
-1.0696272073e-04,8.8459775463e-06,5.2181455970e+01
-7.5948821162e-05,4.5265820808e-05,4.4722230236e+01
-1.0915721844e-04,7.3611014219e-06,5.2434839790e+01
9.6142149743e-05,2.1390972809e-05,2.2683767047e+01
-3.9670368900e-05,4.0521870968e-05,4.2774185675e+01
-1.1474047431e-04,8.8473376225e-06,5.2124313747e+01
-7.7722937330e-05,4.3579490360e-05,4.5086160486e+01
9.5333316125e-05,1.9541268491e-05,2.2719695583e+01
-1.1697860575e-04,7.3600684940e-06,5.2358435598e+01
-8.2759282283e-05,4.5265189790e-05,4.4852847828e+01
-3.2760064971e-05,4.0637145087e-05,4.1700079571e+01
8.8751083967e-05,2.1173880968e-05,2.2638828529e+01
-1.2251366865e-04,8.8512200827e-06,5.1998442700e+01
-3.0793875872e-05,3.8995566917e-05,4.1631382598e+01
-8.6163852114e-05,4.5269456147e-05,4.4887550684e+01
-1.2640119971e-04,8.8518539171e-06,5.1912129674e+01
3.5278563589e-04,2.6526528989e-05,1.3346091980e+01
8.7929011002e-05,1.9376274881e-05,2.2708523237e+01
-2.5870733241e-05,4.0775585940e-05,4.0420359831e+01
-1.2869161217e-04,7.3651923693e-06,5.2118197194e+01
-2.3857967791e-05,3.9130579995e-05,4.0290279483e+01
-9.2962934062e-05,4.5290753815e-05,4.4903319623e+01
-1.3416634295e-04,8.8563554215e-06,5.1695184071e+01
-1.9012657037e-05,4.0940769299e-05,3.8926804835e+01
-1.3649632797e-04,7.3683299423e-06,5.1882969599e+01
-1.5591486639e-05,4.1030372667e-05,3.8098444126e+01
8.1433736118e-05,2.1006399671e-05,2.2630785520e+01
-9.8262550012e-05,4.3624786420e-05,4.5227851479e+01
-1.4429836574e-04,7.3727070052e-06,5.1591396283e+01
8.0595013100e-05,1.9254734522e-05,2.2736815426e+01
-1.3521828530e-05,3.9381823382e-05,3.7887453464e+01
-1.0362257113e-04,4.1971652610e-05,4.5530553874e+01
-1.4968404860e-04,8.8689895739e-06,5.1095936921e+01
3.0885319718e-04,2.6036671430e-05,1.7120572976e+01
-8.7755516376e-06,4.1228090107e-05,3.6283572709e+01
3.0807790813e-04,2.2547515043e-05,1.6980566920e+01
7.4189775379e-05,2.0882208734e-05,2.2683750582e+01
-1.5209582802e-04,7.3781266255e-06,5.1244917678e+01
-6.6649257904e-06,3.9573490644e-05,3.6031355746e+01
-1.0849039396e-04,4.3689442301e-05,4.5094192370e+01
-1.5742661715e-04,8.8796121077e-06,5.0715760403e+01
7.3331475986e-05,1.9170048225e-05,2.2784007260e+01
-2.0101043262e-06,4.1454345260e-05,3.4275883323e+01
-1.1047943361e-04,4.2018525548e-05,4.5422724875e+01
1.3589920831e-06,4.1573840414e-05,3.3208391080e+01
-1.1529217101e-04,4.3747301002e-05,4.4951216925e+01
3.1142251874e-04,1.9447209305e-05,1.6987156715e+01
5.7364719345e-06,1.4769240633e-06,4.0798059976e+01
3.5319813534e-06,3.9906030853e-05,3.2927609336e+01
-1.1732250966e-04,4.2075372845e-05,4.5273543368e+01
8.0531897967e-06,4.1831808698e-05,3.0978471533e+01
-1.2207468179e-04,4.3816328584e-05,4.4773507876e+01
6.7018762718e-05,2.0794959537e-05,2.3022397815e+01
1.1381199544e-05,4.1966748470e-05,2.9830694873e+01
-9.8143809997e-05,1.1777228235e-04,3.2867476490e+01
3.1069275633e-04,1.6059742637e-05,1.7067671056e+01
-1.6871466047e-04,4.4124805972e-06,5.0807392644e+01
-1.2414635992e-04,4.2142696134e-05,4.5089488937e+01
1.3606491342e-05,4.0284392810e-05,2.9579475121e+01
6.6114629595e-05,1.9106678704e-05,2.3642164141e+01
-1.2883549302e-04,4.3896310143e-05,4.4566644852e+01
3.0663408735e-04,1.5832883346e-05,1.7066513398e+01
5.9859341590e-05,2.0715358420e-05,2.4098531645e+01
1.7991347580e-05,4.2249654474e-05,2.7516273230e+01
-3.5260642148e-04,5.9844124455e-06,1.8887795000e+01
-1.3094634403e-04,4.2220961333e-05,4.4875774100e+01
2.0252198668e-05,4.0554106655e-05,2.7320934914e+01
-9.5557677824e-05,6.8257657271e-05,4.0193028386e+01
3.4537080411e-05,1.2569122649e-04,1.3808880496e+01
5.8875631063e-05,1.9034724211e-05,2.4673782892e+01
2.4530216518e-05,4.2548812335e-05,2.5224333668e+01
3.0258846588e-04,1.5622411406e-05,1.7065055098e+01
-9.0769152552e-05,7.0047389411e-05,3.9954059725e+01
3.0989879247e-05,4.2861703194e-05,2.2651218343e+01
-8.9342944799e-05,6.8193848631e-05,4.0345699051e+01
3.4215171229e-05,4.3025696372e-05,2.1761065078e+01
3.6837462050e-05,1.2430218088e-04,1.6797131770e+01
5.2668920782e-05,2.0627007907e-05,2.5354352958e+01
-8.4586372136e-05,6.9997440868e-05,4.0096981967e+01
3.6599169654e-05,4.1278410700e-05,2.1809971784e+01
5.1609552905e-05,1.8955244844e-05,2.5988494289e+01
3.5220085521e-04,2.2683346706e-05,1.3468323552e+01
-8.1487849522e-05,6.9978752549e-05,4.0156876352e+01
4.0720129066e-05,4.3405780906e-05,2.1975265354e+01
4.5446976227e-05,2.0532375560e-05,2.6838653647e+01
4.4006103892e-05,4.3619001092e-05,2.2017401408e+01
-7.3501704870e-05,9.8827118846e-05,3.5393114252e+01
-7.6290703882e-05,9.8835823144e-05,3.5263871805e+01
4.6462992474e-05,4.1837967335e-05,2.2053885265e+01
4.4315245364e-05,1.8870053041e-05,2.7524037153e+01
-8.8153611926e-05,8.7086438948e-05,3.6832547122e+01
-7.9993531835e-05,6.8137315403e-05,4.0516120292e+01
3.0193031663e-04,1.2454967494e-05,1.7014048032e+01
-6.7907034354e-05,9.8824449736e-05,3.5673294751e+01
-7.2101840252e-05,9.6817011852e-05,3.5795464794e+01
-6.6474640735e-05,9.6827370862e-05,3.6073455077e+01
5.0637209086e-05,4.4099782947e-05,2.2076144527e+01
-6.2320526924e-05,9.8862403712e-05,3.5972888147e+01
3.1107798579e-06,3.0413944980e-06,4.1143818595e+01
-7.5291794931e-05,6.9963101092e-05,4.0244267808e+01
-6.0848892729e-05,9.6875316199e-05,3.6361934269e+01
5.3989087395e-05,4.4364412103e-05,2.2111062754e+01
3.9204055143e-05,1.2285264214e-04,1.7883049214e+01
-5.6737690719e-05,9.8939444969e-05,3.6284036250e+01
-5.5226830374e-05,9.6963071945e-05,3.6649637991e+01
2.7398646782e-05,1.1043118384e-04,1.9728787387e+01
5.6520345960e-05,4.2546757895e-05,2.2151884818e+01
-5.1160632886e-05,9.9059196567e-05,3.6593665030e+01
-4.9610637352e-05,9.7094481297e-05,3.6920678042e+01
-7.3753268274e-05,6.8129514934e-05,4.0573092315e+01
-4.5591485881e-05,9.9225977465e-05,3.6883528729e+01
-4.4002554930e-05,9.7274116368e-05,3.7153724460e+01
-4.0032445840e-05,9.9444900553e-05,3.7129110336e+01
-3.8404930376e-05,9.7507363484e-05,3.7321035860e+01
3.8193116035e-05,2.0433579554e-05,2.8515168838e+01
6.0756541285e-05,4.4950063252e-05,2.2186468716e+01
1.9133069828e-04,1.3801643070e-04,1.7537882903e+01
-3.2822391610e-05,9.7801599559e-05,3.7387712462e+01
-3.4487795919e-05,9.9723107604e-05,3.7298538379e+01
3.5156022511e-04,1.8887372074e-05,1.3620396099e+01
-2.8956145022e-05,1.0006529067e-04,3.7352721315e+01
-6.9089362063e-05,6.9974217008e-05,4.0277354600e+01
6.4178889178e-05,4.5267883495e-05,2.2226149219e+01
-2.1703496110e-05,9.8597633147e-05,3.7045980371e+01
-2.3442191130e-05,1.0048059921e-04,3.7245607933e+01
-1.7946883639e-05,1.0097701032e-04,3.6927829522e+01
3.6992204775e-05,1.8781335789e-05,2.9239003113e+01
-1.6173408078e-05,9.9117143394e-05,3.6538567574e+01
2.2175587666e-05,1.0867296571e-04,2.0239936410e+01
-1.2477779910e-05,1.0156692212e-04,3.6351451146e+01
-1.0671475721e-05,9.9733098308e-05,3.5738253066e+01
3.0128498703e-04,9.3767080079e-06,1.7169155992e+01
-7.0363131278e-06,1.0226074618e-04,3.5468462306e+01
1.9596480100e-05,1.0785631073e-04,2.3715438745e+01
1.6286445051e-05,1.0474181706e-04,2.5653207737e+01
2.4164466883e-05,1.0706840210e-04,2.0161900049e+01
-1.6260611124e-06,1.0307185877e-04,3.4222838728e+01
1.4368850164e-05,1.0638535223e-04,2.7472940513e+01
1.0987254908e-05,1.0342402610e-04,2.8340057571e+01
2.3836229767e-07,1.0130120704e-04,3.3024026918e+01
3.7490518691e-06,1.0401623598e-04,3.2540933566e+01
9.0815844756e-06,1.0511393183e-04,3.0339298701e+01
5.6369588486e-06,1.0228376341e-04,3.0964798497e+01
1.8806175033e-04,1.4019997981e-04,1.7531897551e+01
6.6784914231e-05,4.3411558751e-05,2.2271617832e+01
-6.7507243849e-05,6.8148756930e-05,4.0567428038e+01
3.0907692713e-05,2.0332577216e-05,3.0341034340e+01
1.8430194280e-04,1.3543434127e-04,1.7512975155e+01
7.1090567181e-05,4.5961293615e-05,2.2307211074e+01
2.9640714829e-05,1.8690889485e-05,3.1089132160e+01
1.7601608386e-04,1.2265438668e-04,1.7484166153e+01
-6.2886553770e-05,7.0016217848e-05,4.0238746910e+01
7.4586655988e-05,4.6333371142e-05,2.2348576016e+01
1.8108489070e-04,1.3763737135e-04,1.7489146567e+01
7.7266748884e-05,4.4437128617e-05,2.2395672515e+01
-5.9781523072e-05,7.0046380788e-05,4.0186660216e+01
1.7290701036e-04,1.2492175014e-04,1.7470173148e+01
4.7484495839e-05,1.2722221630e-04,1.9444943100e+01
8.1647654142e-05,4.7135870799e-05,2.2431998709e+01
3.5484253603e-04,1.5315326615e-05,1.3200498619e+01
8.5219292645e-05,4.7562449112e-05,2.2474399107e+01
8.7971811153e-05,4.5625681430e-05,2.2518656449e+01
-5.8135840131e-05,6.8232858472e-05,4.0400706389e+01
2.3592335959e-05,2.0232975998e-05,3.2267387194e+01
-5.3583386332e-05,7.0137229031e-05,4.0001048001e+01
1.9919820733e-05,2.0181200519e-05,3.3254155502e+01
3.0043886279e-05,1.1137879062e-04,1.9401525730e+01
9.2431716184e-05,4.8473689710e-05,2.2560469265e+01
9.6079204436e-05,4.8954211118e-05,2.2604380301e+01
-5.0481882767e-05,7.0193674615e-05,3.9861203310e+01
9.8892035478e-05,4.6979955953e-05,2.2642676475e+01
1.2560857000e-05,2.0082806095e-05,3.5236674951e+01
3.5412225830e-04,1.1590112228e-05,1.3347376172e+01
1.0345058530e-04,4.9968631821e-05,2.2692887900e+01
1.1140225271e-05,1.8467322836e-05,3.5987129905e+01
1.0630115614e-04,4.7968582648e-05,2.2727495671e+01
-2.2241949338e-06,1.4712863446e-06,4.2660131569e+01
1.5761090044e-04,1.3614738129e-04,1.7204154088e+01
-4.4295732570e-05,7.0341325828e-05,3.9468245197e+01
4.6155259669e-05,1.1527070459e-04,2.0016783194e+01
4.3683572959e-05,1.1690970307e-04,1.9581179760e+01
1.1091569166e-04,5.1055941586e-05,2.2777413658e+01
4.0883032836e-05,1.1569469564e-04,1.9402954785e+01
3.7651510964e-05,1.1182522861e-04,1.9647839162e+01
4.9496614973e-05,1.1949414090e-04,2.0192373398e+01
1.3284725995e-04,1.2523774811e-04,1.8688247684e+01
-4.1202427924e-05,7.0428372387e-05,3.9206577889e+01
5.2079148051e-05,1.1780973801e-04,2.0603666231e+01
1.5416741713e-04,1.3502880571e-04,1.7567188927e+01
7.1179752873e-05,1.2623195279e-04,2.2458966887e+01
1.4237649893e-04,1.2176623284e-04,1.7954243857e+01
3.5393786072e-05,1.1342876022e-04,1.9320945793e+01
7.7378811695e-05,1.2562215968e-04,2.1165491504e+01
1.1382073217e-04,4.9024814047e-05,2.2808442173e+01
1.5025336665e-04,1.3058417247e-04,1.7655485750e+01
6.5046465474e-05,1.2668501377e-04,2.2530013711e+01
5.8230230279e-05,1.2051796351e-04,2.1302989014e+01
6.1817504718e-05,1.2519134766e-04,2.1720157725e+01
1.3935885152e-04,1.2402628969e-04,1.8252608246e+01
-2.2962232894e-04,8.7038671969e-05,3.6045919520e+01
1.1847055040e-04,5.2217293490e-05,2.2833961299e+01
5.5531018588e-05,1.2227128127e-04,2.1009370778e+01
1.4679214192e-04,1.2949800641e-04,1.7876719184e+01
1.2938135725e-04,1.2417461588e-04,1.8857283752e+01
1.2229108263e-04,5.2820644739e-05,2.2952733556e+01
-3.9437939106e-05,6.8638518317e-05,3.9190426451e+01
2.6423019116e-04,1.0008170040e-04,1.4276232822e+01
1.1248608000e-04,1.2211991426e-04,1.9536510245e+01
1.2525065665e-04,5.0746871729e-05,2.2807874522e+01
-3.5038508356e-05,7.0642130503e-05,3.8530172816e+01
1.0951340048e-04,1.2432667127e-04,1.9589292652e+01
9.3299586984e-05,1.2524759777e-04,2.0065734072e+01
1.0309124010e-04,1.2541099748e-04,1.9739651931e+01
9.9173112497e-05,1.2094761709e-04,2.0102659915e+01
1.1989577240e-04,1.2761109732e-04,1.9282632102e+01
1.2995170404e-04,5.4072380107e-05,2.2106979006e+01
8.9898857926e-05,1.2403849342e-04,2.0328595662e+01
8.5986318595e-05,1.1948030029e-04,2.1337993849e+01
1.1642506132e-04,1.2652774163e-04,1.9391210706e+01
1.3292106753e-04,5.1968064248e-05,2.1898765074e+01
5.1729083974e-06,1.9988873427e-05,3.7193736038e+01
3.6955183736e-06,1.8383965591e-05,3.7925178924e+01
1.3760829486e-04,5.5382437654e-05,2.1265120971e+01
-3.0141087807e-05,6.8986541467e-05,3.7927909896e+01
-2.2379263963e-06,1.9902536374e-05,3.9078389948e+01
1.4060722210e-04,5.3242129776e-05,2.1084805579e+01
-2.5829932584e-05,7.1055234628e-05,3.7051105617e+01
-5.9563030047e-06,1.9859309593e-05,3.9983157923e+01
1.4525558947e-04,5.6749681345e-05,2.0475018953e+01
1.4908598868e-04,5.7448274286e-05,2.0096343926e+01
1.5210776987e-04,5.5259345352e-05,1.9954060599e+01
-2.0905377001e-05,6.9451560733e-05,3.6041948671e+01
1.5674605752e-04,5.8880850473e-05,1.9373763439e+01
-1.6692645056e-05,7.1597739681e-05,3.4868626547e+01
1.5977802582e-04,5.6659953661e-05,1.9258981703e+01
-1.3663693025e-05,7.1808620746e-05,3.3951775241e+01
1.6437296491e-04,6.0364902540e-05,1.8678826399e+01
1.6819181483e-04,6.1114885567e-05,1.8342082918e+01
1.7508985495e-04,5.9570072075e-05,1.7967197839e+01
-4.8080577010e-06,3.0307146736e-06,4.2970461285e+01
1.7817317661e-04,5.7275844526e-05,1.7935080990e+01
-1.1756731128e-05,7.0049799898e-05,3.3365514668e+01
1.8273005774e-04,6.1065098411e-05,1.7406434727e+01
1.8584199090e-04,5.8730745150e-05,1.7414479009e+01
-7.6550790756e-06,7.2287326956e-05,3.1794627414e+01
1.9034412012e-04,6.2565305801e-05,1.7030821555e+01
-1.3397623496e-05,1.9783767506e-05,4.1690886118e+01
-1.7130740263e-05,1.9746375705e-05,4.2491132935e+01
-4.6668067695e-06,7.2551043301e-05,3.0534571462e+01
-2.4599412800e-05,1.9681271884e-05,4.3967280861e+01
-2.7276231818e-06,7.0796780759e-05,2.9716678641e+01
-2.6280812334e-05,1.8112053336e-05,4.4562951509e+01
3.2180359639e-05,1.0977953734e-04,1.9733054258e+01
4.1806468703e-06,7.3462014993e-05,2.5930141390e+01
-1.3394542466e-04,3.7209728766e-05,4.5894669739e+01
-1.0167447264e-04,4.3643137098e-05,4.5195469075e+01
6.1414629025e-06,7.1704931808e-05,2.5071870910e+01
9.9724086492e-06,7.4170383381e-05,2.1638453473e+01
1.2874450206e-05,7.4554077637e-05,2.1644475626e+01
-3.2081733030e-05,1.9627010017e-05,4.5272459163e+01
-3.5832253245e-05,1.9600224352e-05,4.5861033797e+01
1.4885995082e-05,7.2786709028e-05,2.1584614991e+01
-3.7583280900e-05,1.8040899097e-05,4.6399161463e+01
2.8475377026e-04,1.1269511660e-04,1.3426529115e+01
1.8708767483e-05,7.5394580224e-05,2.1494255696e+01
-4.3329658929e-05,1.9556421127e-05,4.6906291586e+01
2.1655613612e-05,7.5846872083e-05,2.1456891173e+01
-4.5124385905e-05,1.8002851792e-05,4.7407598992e+01
-1.0186691900e-05,1.4659650412e-06,4.4408575624e+01
2.3748771569e-05,7.4066774319e-05,2.1485255579e+01
2.7589111689e-05,7.6828248060e-05,2.1409323805e+01
3.0591434426e-05,7.7352586762e-05,2.1395112555e+01
3.2774431244e-05,7.5556072328e-05,2.1445495032e+01
3.6644893697e-05,7.8481016977e-05,2.1393552739e+01
-9.9235393406e-05,7.7659205572e-05,3.8240562839e+01
-5.0832671692e-05,1.9523204447e-05,4.7783127078e+01
4.4273362970e-05,7.5430026556e-05,2.1549560988e+01
-5.4591372574e-05,1.9506647324e-05,4.8162406071e+01
-5.6452773567e-05,1.7959259502e-05,4.8613213898e+01
-6.2103024673e-05,1.9481603935e-05,4.8806418982e+01
5.1441406009e-05,7.9184232239e-05,2.1594690607e+01
5.5442610930e-05,8.2462089911e-05,2.1625845348e+01
5.7887043130e-05,8.0588088822e-05,2.1715983692e+01
4.9064683486e-05,8.1032663375e-05,2.1508725699e+01
6.1941653375e-05,8.3990215387e-05,2.1776594756e+01
6.4452129811e-05,8.2089116932e-05,2.1865340840e+01
7.7144082506e-05,8.2549348789e-05,2.2189946822e+01
6.8563328938e-05,8.5617831760e-05,2.1950734495e+01
9.4739452336e-05,8.6940787227e-05,2.2579078168e+01
9.1953165114e-05,8.8995065713e-05,2.2536386925e+01
8.4091764022e-05,8.4246251170e-05,2.2353694381e+01
8.1402233128e-05,8.6241674422e-05,2.2291565623e+01
8.8422976716e-05,8.8054681899e-05,2.2456054002e+01
-6.9617493050e-05,1.9463712904e-05,4.9310079796e+01
-7.1560381627e-05,1.7922602965e-05,4.9702407846e+01
-1.3433379297e-04,4.2264981939e-05,4.4759032332e+01
-7.7130870537e-05,1.9451996225e-05,4.9686789187e+01
-1.2730390036e-05,3.0207676310e-06,4.4675019676e+01
-8.4642206323e-05,1.9445724224e-05,4.9950170220e+01
-8.6666627639e-05,1.7907764782e-05,5.0294903574e+01
-9.2149730473e-05,1.9444456060e-05,5.0113212446e+01
-1.3648465485e-04,4.0596782574e-05,4.5059479522e+01
-9.9652313282e-05,1.9447627162e-05,5.0188007737e+01
-1.0175781519e-04,1.7910390661e-05,5.0494006565e+01
-1.0714836333e-04,1.9454935603e-05,5.0185378836e+01
1.1372568317e-04,9.4945823121e-05,2.1491714660e+01
1.0930485203e-04,9.0786291839e-05,2.2383297883e+01
-1.3865837835e-04,3.8935811027e-05,4.5354443028e+01
1.0359988328e-04,9.5049526433e-05,2.2812497424e+01
9.9977781699e-05,9.4021772404e-05,2.2851318055e+01
-1.6692698607e-05,3.0161038131e-06,4.5473733487e+01
-1.1463690778e-04,1.9465967329e-05,5.0114797912e+01
1.3313371225e-04,1.0649882037e-04,1.8757383389e+01
1.1950782406e-04,1.0563873648e-04,1.9872766927e+01
1.2661678418e-04,1.0771700635e-04,1.9210049482e+01
-1.1682408851e-04,1.7927455017e-05,5.0388144762e+01
1.2243078510e-04,1.0342837935e-04,1.9777905116e+01
-1.2211643045e-04,1.9480585831e-05,4.9984216558e+01
-9.7922121514e-05,7.5744983322e-05,3.8650683825e+01
-1.2958598519e-04,1.9498545068e-05,4.9800090638e+01
-9.9621496767e-05,7.3892799401e-05,3.8965500819e+01
-1.3185638556e-04,1.7957076803e-05,5.0043604281e+01
-9.8292322103e-05,7.2001400167e-05,3.9376954067e+01
-1.3704397647e-04,1.9519887108e-05,4.9567303848e+01
-1.3935676073e-04,1.7976415231e-05,4.9795830282e+01
-1.4448924873e-04,1.9544547943e-05,4.9289216152e+01
-1.0001661401e-04,7.0171276904e-05,3.9695986559e+01
-2.2164908504e-05,1.4664731683e-06,4.6767375738e+01
-1.4684509365e-04,1.7998929451e-05,4.9502011287e+01
-1.5191590432e-04,1.9575522434e-05,4.8967237496e+01
-1.5563117909e-04,1.9588635834e-05,4.8790435207e+01
-3.2591845698e-04,4.1217258025e-05,1.7807526634e+01
-1.5805573691e-04,1.8037644131e-05,4.8977247060e+01
-3.2603430217e-04,3.6341026270e-05,1.7588861798e+01
-1.6919778853e-04,1.3438252258e-05,4.9223486836e+01
-1.7297487378e-04,1.3454001584e-05,4.8978525498e+01
-1.7796407273e-04,1.5015351354e-05,4.8353024346e+01
-2.4619253465e-05,3.0074475970e-06,4.6952878431e+01
-1.8313082719e-04,1.1951649007e-05,4.8512485444e+01
-1.8660425037e-04,1.6613201650e-05,4.7409818414e+01
-1.6377002185e-04,7.3900538489e-06,5.0620783630e+01
-1.9405676718e-04,1.6656907737e-05,4.6763329879e+01
4.3794937300e-05,1.4543317639e-04,2.1091613550e+01
-1.9874992481e-04,1.8270364971e-05,4.6036066123e+01
-1.6624674526e-04,5.9004958670e-06,5.0721256205e+01
-3.1271230354e-04,4.2889650769e-05,1.7550971010e+01
-2.0693519126e-04,1.3588541319e-05,4.5938798415e+01
-3.0130562154e-05,1.4622687230e-06,4.8133472507e+01
-2.1065665506e-04,1.3617313478e-05,4.5476996922e+01
-3.1071756547e-04,4.1443121018e-05,1.7658443574e+01
-2.1722570039e-04,1.2087462921e-05,4.4806283462e+01
-2.2096838322e-04,1.2115140513e-05,4.4227354351e+01
-2.6127131008e-04,7.2357877228e-05,3.6855171367e+01
-2.2631715098e-04,1.5333977729e-05,4.2875614184e+01
-3.0984803950e-04,3.7519356224e-05,1.7749679938e+01
-2.3066783917e-04,1.7006484761e-05,4.1843465901e+01
-2.3426459457e-04,1.7062302984e-05,4.1113234268e+01
-3.0883029958e-04,3.3703982774e-05,1.7643665705e+01
-2.4636126474e-04,1.0744811295e-05,3.8823866228e+01
-2.5060974448e-04,1.2411953319e-05,3.7316987442e+01
-3.2547929934e-05,2.9997187333e-06,4.8265180807e+01
-2.5376167389e-04,1.0832430455e-05,3.6383075333e+01
-2.5782717336e-04,1.2548703291e-05,3.4660103721e+01
-2.7177843462e-04,1.1212093110e-05,2.7859688149e+01
-2.6467553946e-04,1.1023083385e-05,3.1740134666e+01
-2.6824750414e-04,1.1110629492e-05,2.9884366418e+01
-2.7827495526e-04,6.3178964706e-06,2.4172776325e+01
-3.6512895913e-05,2.9962066297e-06,4.8857034306e+01
-3.1519374505e-04,2.6870542873e-05,1.7451445223e+01
-2.9211860545e-04,4.3020983989e-05,2.1344255419e+01
1.9518190751e-04,5.1692125335e-05,1.7488852045e+01
-2.7335513516e-05,1.2799898793e-04,4.0856481141e+01
1.9442110420e-04,4.8687718036e-05,1.7728335776e+01
1.8744197358e-04,5.0356229946e-05,1.7915824947e+01
-2.8986412007e-04,4.2082496167e-05,2.2023414078e+01
-2.2474805763e-05,1.2848377917e-04,4.3490255662e+01
1.8665364388e-04,4.7393752926e-05,1.8148129107e+01
-4.2080573912e-05,1.4567833890e-06,4.9861035532e+01
1.7970538685e-04,4.9042258437e-05,1.8394395890e+01
1.7582526540e-04,4.8379853639e-05,1.8658202175e+01
-3.2234943545e-05,1.2759033588e-04,3.8312912798e+01
1.7500884130e-04,4.5494804254e-05,1.8874406390e+01
-2.8759644903e-04,4.1195086868e-05,2.2756115675e+01
1.6809025258e-04,4.7108886527e-05,1.9205095907e+01
1.6421235865e-04,4.6474746442e-05,1.9504369521e+01
-8.8515222676e-07,1.3118219841e-04,5.3512875734e+01
7.9998024185e-07,1.2912968537e-04,5.0842184841e+01
1.6337491156e-04,4.3674195448e-05,1.9722169568e+01
-3.0865502168e-04,2.7521087206e-05,1.7419729542e+01
1.5647167246e-04,4.5256084396e-05,2.0139144966e+01
-5.4302828850e-05,1.2552180153e-04,3.2473899400e+01
1.5562118072e-04,4.2514052237e-05,2.0355832234e+01
1.4873353840e-04,4.4086576224e-05,2.0825118025e+01
-5.9394222477e-05,1.2504675723e-04,3.2525560337e+01
1.4786881974e-04,4.1404447833e-05,2.1041348426e+01
1.4099797763e-04,4.2973903207e-05,2.1559068819e+01
1.3712453462e-04,4.2429563243e-05,2.1946048227e+01
1.3623869947e-04,3.9837348284e-05,2.2160520182e+01
1.2939406144e-04,4.1393263025e-05,2.2791878986e+01
1.2849476343e-04,3.8861277114e-05,2.2944404610e+01
1.2168175913e-04,4.0415988029e-05,2.2880213434e+01
-2.8231857082e-04,4.1889777084e-05,2.6055619715e+01
1.2078678163e-04,3.7946779119e-05,2.2885924585e+01
1.1405784307e-04,3.9505691321e-05,2.2820899919e+01
1.1317127526e-04,3.7100865689e-05,2.2822293599e+01
1.0652790406e-04,3.8665204387e-05,2.2756479161e+01
2.3778295187e-05,1.3627425913e-04,7.5971388697e+01
-7.7882256245e-05,1.2302938858e-04,3.2693835556e+01
1.0564910769e-04,3.6326068516e-05,2.2759215444e+01
-5.1406733044e-05,6.1099025765e-05,4.1039939837e+01
9.9092806876e-05,3.7896361765e-05,2.2687280366e+01
-4.4443767218e-05,2.9898835743e-06,4.9911998360e+01
9.8220251883e-05,3.5624206859e-05,2.2688080508e+01
-3.0241147556e-04,2.8219000678e-05,1.7357888502e+01
-4.4975241007e-05,6.1236165602e-05,4.0505044624e+01
9.1754606613e-05,3.7204865693e-05,2.2609821348e+01
-4.1800044299e-05,6.1303170645e-05,4.0174610603e+01
2.8018115181e-05,1.3788911594e-04,6.8054743987e+01
8.8114827846e-05,3.6879222073e-05,2.2569917333e+01
-3.6826851172e-05,5.9637684953e-05,3.9743066149e+01
-3.5398182392e-05,6.1491320714e-05,3.9347543031e+01
8.7248235092e-05,3.4707013974e-05,2.2563572524e+01
-3.2245512585e-05,6.1584427359e-05,3.8854779645e+01
8.0922455659e-05,3.6295345295e-05,2.2481482708e+01
-2.7226192873e-05,5.9959607095e-05,3.8104243183e+01
7.7353428801e-05,3.6023259508e-05,2.2437477173e+01
-2.5872181635e-05,6.1839588981e-05,3.7655388531e+01
7.6488981706e-05,3.3948359547e-05,2.2426011934e+01
-1.7696283698e-05,6.0380071945e-05,3.5838199759e+01
7.0301275015e-05,3.5543845125e-05,2.2345333457e+01
-1.6420640887e-05,6.2292719556e-05,3.5305987324e+01
1.4350784259e-04,7.6062504510e-05,1.9568200291e+01
6.6801533867e-05,3.5322997516e-05,2.2303104406e+01
-1.3319058478e-05,6.2456252840e-05,3.4365670520e+01
-2.9980776556e-04,2.7396010085e-05,1.7314638664e+01
6.5934358299e-05,3.3340667957e-05,2.2296195570e+01
-8.2646243937e-06,6.0908628926e-05,3.2839259892e+01
-7.0721838387e-06,6.2861170744e-05,3.2181991842e+01
5.9885713684e-05,3.4942328917e-05,2.2223826669e+01
-2.7701381923e-04,4.2726116789e-05,2.8728206153e+01
-4.0113280486e-06,6.3064566081e-05,3.0964821922e+01
5.6452794188e-05,3.4769382277e-05,2.2198999072e+01
3.3438622635e-05,1.4289748842e-04,1.4594490866e+01
5.5577914946e-05,3.2872665555e-05,2.2203157328e+01
2.1385446994e-06,6.3552117510e-05,2.8199697632e+01
4.9667390316e-05,3.4480100080e-05,2.2203958900e+01
1.0166119004e-05,6.2309621362e-05,2.4653912628e+01
4.6297860984e-05,3.4351124283e-05,2.2020321689e+01
1.1169487098e-05,6.4366978690e-05,2.2801036143e+01
4.5410938203e-05,3.2530875949e-05,2.2866479592e+01
1.4123207041e-05,6.4653169207e-05,2.1267015423e+01
3.9612138723e-05,3.4133187635e-05,2.4136236720e+01
1.9183317597e-05,6.3195738381e-05,2.1707234733e+01
2.0150327190e-05,6.5329009656e-05,2.1648225988e+01
3.8654554759e-05,3.2335545362e-05,2.4826472022e+01
-9.5618117474e-05,1.2066603707e-04,3.2905438448e+01
3.9663725251e-05,1.4643028805e-04,2.1884021635e+01
2.3155019129e-05,6.5676163262e-05,2.1647900312e+01
3.2874907823e-05,3.3919735090e-05,2.5807926683e+01
2.8341877007e-05,6.4260295271e-05,2.1666370506e+01
3.1837147686e-05,3.2139936418e-05,2.6655943581e+01
3.2342624070e-05,6.6885746166e-05,2.1628637292e+01
2.6081922061e-05,3.3712204957e-05,2.7754566570e+01
1.3182338621e-04,8.4958232840e-05,2.0244909558e+01
3.7670735390e-05,6.5509858822e-05,2.1681330872e+01
2.2657283594e-05,3.3604324491e-05,2.8782540847e+01
3.8590791731e-05,6.7814181571e-05,2.1641680744e+01
-2.9519861924e-04,2.3652335136e-05,1.7264051302e+01
4.1716756729e-05,6.8287312781e-05,2.1662685875e+01
2.1506883478e-05,3.1850594396e-05,2.9646098065e+01
4.7199626268e-05,6.6948541445e-05,2.1746709424e+01
1.5787010540e-05,3.3404855032e-05,3.0883797113e+01
4.8104812425e-05,6.9346281115e-05,2.1714713972e+01
5.1304899249e-05,6.9883840460e-05,2.1755447435e+01
1.2323572660e-05,3.3302880590e-05,3.1947681540e+01
5.6953145364e-05,6.8577961904e-05,2.1866348527e+01
5.7849434480e-05,7.1074043465e-05,2.1845632410e+01
1.1070018493e-05,3.1573671997e-05,3.2778268614e+01
6.1131226482e-05,7.1675953617e-05,2.1903679709e+01
5.3782293225e-06,3.3114336325e-05,3.4045403226e+01
6.6951415128e-05,7.0397619981e-05,2.2031263958e+01
6.7845238328e-05,7.2996377883e-05,2.2023799109e+01
7.1213818505e-05,7.3661706037e-05,2.2094001718e+01
4.0608357860e-06,3.1400738583e-05,3.4839209877e+01
7.7211634754e-05,7.2404960606e-05,2.2224229462e+01
7.8084398804e-05,7.5089041792e-05,2.2232440424e+01
-1.6133761732e-06,3.2939152859e-05,3.6065077963e+01
8.4195566030e-05,7.3845041803e-05,2.2358896627e+01
8.5072683779e-05,7.6601203298e-05,2.2373577523e+01
-2.9919802614e-06,3.1240712127e-05,3.6815066795e+01
9.1291594652e-05,7.5365973593e-05,2.2492562001e+01
9.2199936021e-05,7.8216175699e-05,2.2508139178e+01
9.5774113550e-05,7.9022773216e-05,2.2577053600e+01
-8.6428814377e-06,3.2778993492e-05,3.7958452778e+01
1.0215785182e-04,7.7795034680e-05,2.2679949703e+01
1.0305188661e-04,8.0731330724e-05,2.2707152343e+01
1.0953018395e-04,7.9509020052e-05,2.2928125989e+01
1.1044928888e-04,8.2539237150e-05,2.2856621913e+01
-1.0079744613e-05,3.1094757108e-05,3.8661155326e+01
1.1412663032e-04,8.3430220308e-05,2.2324276440e+01
1.2067061934e-04,8.2186095027e-05,2.1640334327e+01
-1.5705394492e-05,3.2635185535e-05,3.9691626917e+01
-5.0047909059e-05,1.4536661930e-06,5.0799711828e+01
1.2152497044e-04,8.5279936059e-05,2.1340333271e+01
-1.7197854117e-05,3.0964051906e-05,4.0346501989e+01
-2.2796038278e-05,3.2508431488e-05,4.1243722115e+01
-2.4341791633e-05,3.0849615838e-05,4.1852282817e+01
-2.9906260792e-05,3.2402808075e-05,4.2603877597e+01
-3.5100624536e-05,3.0708114056e-05,4.3759544845e+01
-4.0605793946e-05,3.2270880744e-05,4.4288936938e+01
-2.8583008492e-04,2.6308942982e-05,1.7140687842e+01
-2.6548221116e-04,5.1529852656e-05,3.4010065963e+01
-2.8310174353e-04,2.5775653522e-05,1.9167180208e+01
-2.6302673474e-04,5.0903930566e-05,3.4289020786e+01
3.8884906074e-05,7.6670005904e-05,2.1457978532e+01
7.1556945599e-05,1.5610701458e-04,1.8872693926e+01
-1.1911780082e-04,1.1707277594e-04,3.3275620390e+01
4.1153103180e-05,7.4846670726e-05,2.1522057009e+01
-5.2375502287e-05,2.9844645207e-06,5.0799158847e+01
-2.5818635427e-04,4.7537606647e-05,3.4686204439e+01
7.8784289292e-05,1.5706283339e-04,1.8729839598e+01
-1.2425794637e-04,1.1629329612e-04,3.3371262500e+01
-2.7122962941e-04,2.8145368332e-05,2.7904823569e+01
3.2199530852e-04,1.0599690194e-04,1.2433402874e+01
-2.6519295135e-04,2.9449568284e-05,3.0914797838e+01
9.4333474075e-05,1.5870623555e-04,1.8511757027e+01
-2.6241589511e-04,2.7144672222e-05,3.1992001035e+01
-5.8015512591e-05,1.4509589911e-06,5.1575257083e+01
-2.4476123688e-04,5.3964789907e-05,3.6663031775e+01
-7.8773941327e-05,5.9123439113e-05,4.2176548106e+01
-8.6665660913e-05,6.0943360426e-05,4.1796716381e+01
-6.7428474291e-05,6.0937049135e-05,4.1736631969e+01
-7.7044659544e-05,6.0917943722e-05,4.1844090466e+01
-6.9089077884e-05,5.9137539548e-05,4.2070972659e+01
-6.4247840081e-05,6.0947587751e-05,4.1658157592e+01
-8.3477502160e-05,6.0922957363e-05,4.1827846855e+01
-7.3863893150e-05,6.0910313256e-05,4.1829875214e+01
-5.7823254762e-05,6.1007899602e-05,4.1414123103e+01
-1.1009292490e-04,5.4064619961e-05,4.2816661813e+01
-2.4210306835e-04,5.1362878955e-05,3.6952883153e+01
1.0175840454e-04,1.5919246258e-04,1.8455701878e+01
-2.5619492265e-04,3.0511763174e-05,3.4256767277e+01
-1.0596665048e-04,4.8788524364e-05,4.4036712713e+01
-2.2892858885e-04,2.1949586065e-05,4.1481599109e+01
-2.5319645409e-04,3.0235137462e-05,3.5169462769e+01
7.1133420374e-05,8.3680749496e-05,2.2031719559e+01
-9.8852872771e-05,5.2195848238e-05,4.3423315010e+01
7.3723470355e-05,8.1736085304e-05,2.2106870008e+01
-1.7127037726e-04,2.6075536240e-05,4.6636138173e+01
-1.9876472106e-04,2.4754801625e-05,4.4868825540e+01
-2.2252505058e-04,2.3506612225e-05,4.2294482122e+01
-2.1974131474e-04,5.0884705116e-05,3.8888331950e+01
-1.6771064406e-04,2.6038823829e-05,4.6848237986e+01
-2.3366394885e-04,4.8204196989e-05,3.7957132540e+01
-1.9432326594e-04,2.3051922784e-05,4.5579392404e+01
-2.1605152101e-04,4.6672413999e-05,3.9692958051e+01
-1.6298989092e-04,2.4383939812e-05,4.7445541373e+01
-2.4712464794e-04,3.1681931675e-05,3.6715243906e+01
-2.3289708087e-04,2.3759666235e-05,4.0513560624e+01
-1.5085560424e-04,5.8534485385e-05,4.0662056653e+01
-1.3199662459e-04,5.8006910846e-05,4.1359920034e+01
-1.3936100538e-04,6.0028875942e-05,4.0705175339e+01
-1.5572815572e-04,2.4330394558e-05,4.7820479586e+01
-1.4148473115e-04,5.8247504080e-05,4.1017109648e+01
-1.4560661365e-04,6.0215148028e-05,4.0476910462e+01
-2.1041762094e-04,4.8233941512e-05,3.9890906607e+01
-1.2991211914e-04,5.9787589142e-05,4.1039096086e+01
-1.3625825236e-04,5.9932325113e-05,4.0819074420e+01
-1.6052770261e-04,2.5978953523e-05,4.7242937566e+01
-6.0307680936e-05,2.9799018146e-06,5.1526371665e+01
-1.8352431815e-04,2.2941625361e-05,4.6457503861e+01
-2.4384516414e-04,2.9579393955e-05,3.7614935609e+01
-1.8806532389e-04,2.4630218960e-05,4.5791757617e+01
-1.2243618229e-04,5.7803878665e-05,4.1684558552e+01
-2.1623857005e-04,2.5061353049e-05,4.2921335357e+01
-1.9701672666e-04,4.3761735832e-05,4.1516297430e+01
-2.0385513990e-04,4.5946341879e-05,4.0691187532e+01
-2.0740554413e-04,4.8039148167e-05,4.0123611228e+01
-1.1726664469e-04,5.9508418316e-05,4.1460360792e+01
1.2808275304e-04,8.4009288064e-05,2.0697790160e+01
-2.0126439095e-04,4.7695865242e-05,4.0571373119e+01
-1.8007414070e-04,4.8592745123e-05,4.1550815397e+01
-1.7610308133e-04,4.6637591349e-05,4.2126588701e+01
-1.4970003800e-04,2.5901484822e-05,4.7763766206e+01
-1.7372199201e-04,4.8357396768e-05,4.1890597299e+01
-1.9195441797e-04,4.7236320762e-05,4.1196574279e+01
1.1685103599e-04,1.5884972290e-04,1.8457689575e+01
-1.5085567895e-04,1.1076566495e-04,3.3922611482e+01
-1.7734472192e-04,2.4510307781e-05,4.6575089747e+01
-2.1002218284e-04,2.6619411791e-05,4.3403034555e+01
-1.6817351580e-04,4.9999588579e-05,4.1796459156e+01
-1.6413687104e-04,4.8059933099e-05,4.2366745023e+01
-1.8397434226e-04,5.0586378393e-05,4.0986422805e+01
-1.3927706359e-04,3.0670698098e-05,4.7149522294e+01
-1.2364291507e-04,2.8949713904e-05,4.7986157682e+01
-1.3441899527e-04,2.9011662885e-05,4.7671466602e+01
-5.2817266407e-05,2.4187605396e-05,4.7146404806e+01
-1.2145604866e-04,3.0551119903e-05,4.7693616275e+01
-1.0921492545e-04,2.8890027941e-05,4.8248609218e+01
-1.1430094460e-04,3.0513820806e-05,4.7839065573e+01
-8.0250153824e-05,2.8851810588e-05,4.8008192756e+01
-1.3212397637e-04,3.0629318739e-05,4.7394028224e+01
-1.0711744978e-04,3.0489034598e-05,4.7933445161e+01
-1.1644132100e-04,2.8913773488e-05,4.8142747830e+01
-7.8278770822e-05,3.0466582793e-05,4.7630903260e+01
-9.4745834073e-05,2.8856165736e-05,4.8281453213e+01
-9.9937624949e-05,3.0465348694e-05,4.7971118100e+01
-7.4703731991e-05,3.0463121824e-05,4.7496767012e+01
-9.2732864093e-05,3.0454891470e-05,4.7940519275e+01
-6.9368777332e-05,2.8871243674e-05,4.7543629484e+01
-1.0199347193e-04,2.8866908419e-05,4.8298516365e+01
-1.2859313214e-04,3.0597298597e-05,4.7504060319e+01
-6.7458437754e-05,3.0489732827e-05,4.7134829267e+01
-8.7498539695e-05,2.8849904641e-05,4.8188757440e+01
-6.3881125700e-05,3.0493797788e-05,4.6912763197e+01
-6.5983196783e-05,1.4486360762e-06,5.2197577733e+01
-8.5527978458e-05,3.0449497872e-05,4.7832707045e+01
-1.7651518585e-05,1.2904443396e-04,4.6010132634e+01
-1.9139666923e-04,1.8215550288e-05,4.6720613412e+01
-1.6644189080e-04,1.0766708199e-04,3.4292882897e+01
-6.8239936061e-05,2.9761351246e-06,5.2104248225e+01
1.9486576024e-04,1.3935618697e-04,1.7535935077e+01
6.7888087875e-05,1.2479483088e-04,2.2608250870e+01
7.4042917923e-05,1.2426652691e-04,2.2434108881e+01
-7.3950800530e-05,1.4466674562e-06,5.2678461028e+01
-2.3587305410e-04,2.2125348738e-05,4.0128850824e+01
-1.7688279615e-04,1.0475108863e-04,3.4569479380e+01
1.5371234658e-04,1.5764751112e-04,1.8365362204e+01
1.0645072406e-04,9.2922834817e-05,2.2626551696e+01
8.0246737693e-05,1.2360920007e-04,2.1233894696e+01
8.3110798300e-05,1.2155518046e-04,2.1292087031e+01
1.6132129233e-04,1.5770931280e-04,1.8309076789e+01
-1.8232128599e-04,1.0385853819e-04,3.4703402055e+01
-7.6143467324e-05,2.9650769006e-06,5.2544905398e+01
-1.6176374675e-04,1.8057169538e-05,4.8779759938e+01
1.7126315644e-04,5.8834317755e-05,1.8277707307e+01
-1.8752785149e-04,1.0237472542e-04,3.4847960490e+01
1.6846251053e-04,1.5696021201e-04,1.8259443249e+01
-1.6421251307e-04,1.6514929828e-05,4.8942890889e+01
-1.6668940112e-04,1.4973591018e-05,4.9091524413e+01
-8.1918187969e-05,1.4450218890e-06,5.3030601708e+01
9.6239732192e-05,1.2310907410e-04,2.0086615687e+01
-1.9263477554e-04,1.0111713917e-04,3.4985339158e+01
1.7596664317e-04,1.5573952500e-04,1.7999116030e+01
1.2957258013e-04,1.0547779718e-04,1.9074276914e+01
-1.8053671882e-04,1.3480180432e-05,4.8442913717e+01
1.0605833584e-04,1.2321741276e-04,1.9715788132e+01
-8.4075221749e-05,2.9625964682e-06,5.2861697351e+01
1.9347398575e-04,6.0197610643e-05,1.7027531196e+01
1.8350682985e-04,1.5590032935e-04,1.7502781691e+01
-1.9778201272e-04,9.9064051185e-05,3.5145148141e+01
1.9660765955e-04,5.7820816965e-05,1.7034664264e+01
1.9975219716e-04,5.5434572118e-05,1.7047901841e+01
1.9903977161e-04,5.2366361178e-05,1.7307434088e+01
-8.9885245792e-05,1.4436683746e-06,5.3266702766e+01
-2.0326019319e-04,9.8037495807e-05,3.5284033392e+01
-2.0145125156e-04,1.6707004376e-05,4.6033778606e+01
1.2290675987e-04,1.2536200629e-04,1.9160851272e+01
1.2590325793e-04,1.2311660428e-04,1.9021288410e+01
-2.0417709616e-04,1.5145099823e-05,4.6002718357e+01
-9.2006251394e-05,2.9607117396e-06,5.3066686394e+01
1.3587058516e-04,1.2297338095e-04,1.8465741241e+01
-2.1438107006e-04,1.3644693091e-05,4.4979905485e+01
2.6480550529e-04,1.3722427763e-04,1.3078266019e+01
-9.7851879360e-05,1.4425778431e-06,5.3398894207e+01
1.3608466819e-04,1.0426227322e-04,1.8579230932e+01
-9.9936365880e-05,2.9593622616e-06,5.3171777696e+01
-2.3724685174e-04,1.5473290103e-05,4.0662002699e+01
1.6067213321e-04,1.3392262158e-04,1.7078862355e+01
1.6371163237e-04,1.3169044084e-04,1.7353723175e+01
1.6940449733e-04,1.2377493120e-04,1.7452711842e+01
1.6675972227e-04,1.2943394983e-04,1.7405550784e+01
1.6634310637e-04,1.2604349135e-04,1.7423834957e+01
-2.4328472817e-04,1.2316958211e-05,3.9527650539e+01
-1.0581800902e-04,1.4417240458e-06,5.3438275649e+01
-2.2397569339e-04,9.1277588272e-05,3.5855905714e+01
2.2277905810e-04,1.5189197775e-04,1.5909655557e+01
-2.6106321622e-04,1.0949199562e-05,3.3436909216e+01
-2.2651368412e-04,9.0396137842e-05,3.5919941756e+01
2.2699157875e-04,1.5101143990e-04,1.3047248330e+01
1.3903139622e-04,1.0200309151e-04,1.8388115960e+01
-1.0786540118e-04,2.9584946333e-06,5.3187748885e+01
1.3838857895e-04,9.8748817810e-05,1.8590463780e+01
1.4133018512e-04,9.6493699290e-05,1.8414548322e+01
1.4065089052e-04,9.3258500245e-05,1.8667723119e+01
1.4359178130e-04,9.0999576897e-05,1.8503238917e+01
1.4582499309e-04,8.5538934097e-05,1.8648962853e+01
1.4288555841e-04,8.7789874820e-05,1.8800208995e+01
1.4877982721e-04,8.3271336563e-05,1.8509208820e+01
-1.1379508548e-04,1.4447652625e-06,5.3393886025e+01
-2.7514777258e-04,9.6003855234e-06,2.5920822519e+01
-2.7853118664e-04,7.9908547514e-06,2.3804531870e+01
2.3626331860e-04,1.4888446791e-04,1.3280903523e+01
-2.3147603466e-04,8.8701729149e-05,3.6038359936e+01
-2.9990612290e-04,5.6388728019e-05,3.3059744370e+01
-2.7452744851e-04,6.2561584079e-06,2.6660769489e+01
1.4724501036e-04,7.6938093945e-05,1.9133618375e+01
1.4802926676e-04,8.0089327707e-05,1.8832838868e+01
-1.1579370892e-04,2.9582240236e-06,5.3123936776e+01
-2.3650818026e-04,8.6399364523e-05,3.6161913540e+01
2.4439497144e-04,1.4680135127e-04,1.3183749460e+01
-1.7164774662e-04,1.0650502184e-04,3.4423660554e+01
-1.2175988958e-04,1.4443740939e-06,5.3275212015e+01
-1.2372016059e-04,2.9581998378e-06,5.2988186333e+01
-4.2268074934e-05,3.0640601742e-05,4.4794577766e+01
-4.3941778129e-05,2.9018596647e-05,4.5293578186e+01
-4.5640894201e-05,2.7406720357e-05,4.5787118781e+01
-1.2972400050e-04,1.4441643950e-06,5.3088139432e+01
-1.3167125765e-04,2.9671565648e-06,5.2784327480e+01
-2.4948632208e-04,8.1934694692e-05,3.6736842107e+01
-2.0390100216e-04,2.8168948034e-05,4.3765751763e+01
-1.3560490244e-04,2.9600782892e-06,5.2662236221e+01
-2.1869821212e-04,4.4932505278e-05,3.9701899575e+01
-2.5432153506e-04,7.9844384059e-05,3.7037984933e+01
2.7286184517e-04,1.3538628014e-04,1.2913670163e+01
-1.4166874715e-04,1.4441688831e-06,5.2688887947e+01
-1.4352956094e-04,2.9597127268e-06,5.2369154407e+01
2.8132091802e-04,1.3171222445e-04,1.2811080762e+01
-1.7263920824e-04,4.4263587399e-06,5.0541092131e+01
-1.4963088690e-04,1.4443801743e-06,5.2346862324e+01
-1.7894238339e-04,2.9209133201e-06,5.0311551836e+01
-2.2290216338e-04,5.3215795011e-05,3.8415000750e+01
-1.5145029289e-04,2.9609386036e-06,5.2016989660e+01
-2.6197756586e-04,7.6610163159e-05,3.7354017137e+01
-1.8287861213e-04,2.9171318462e-06,4.9994741895e+01
-1.5759213153e-04,1.4447591527e-06,5.1944001889e+01
-2.6705504940e-04,7.4575527162e-05,3.7484992087e+01
2.9282587855e-04,1.2563948666e-04,1.2695189568e+01
-1.5936908450e-04,2.9625222850e-06,5.1605097308e+01
-1.6551515458e-04,1.4311918674e-06,5.1482131288e+01
-1.8704184189e-04,7.4226546535e-06,4.8942624181e+01
-3.4817719455e-05,1.2488111262e-04,3.5530217691e+01
3.0038330841e-04,1.2098732190e-04,1.2631469581e+01
-2.3672401643e-04,5.2722336010e-05,3.7404835965e+01
-1.6951428850e-04,1.4353733790e-06,5.1221867006e+01
-1.9341001149e-04,5.9170152758e-06,4.8589998984e+01
-1.9483164774e-04,7.4559519472e-06,4.8214605266e+01
-2.8464331589e-04,1.5467840731e-06,2.0117972666e+01
-1.9863323639e-04,7.4437739051e-06,4.7826067200e+01
-2.0510917821e-04,5.9353224169e-06,4.7312264647e+01
-2.8889581354e-04,3.1799400120e-06,1.7129939065e+01
-2.0636344617e-04,7.4495126163e-06,4.6942118395e+01
-2.9873292319e-04,2.2009516744e-05,1.7266964957e+01
-4.9137785015e-05,2.4210858590e-05,4.6758882934e+01
-4.7373616424e-05,2.5801333530e-05,4.6276328663e+01
-2.9630754150e-04,1.6086312865e-06,1.7147752897e+01
-2.1291530823e-04,5.9490893342e-06,4.6288296069e+01
2.3136222501e-04,1.4587309613e-04,1.3588099696e+01
-8.8420151564e-05,5.9165419438e-05,4.2126948943e+01
-2.1409829246e-04,7.4684994820e-06,4.5913823471e+01
-9.5573941360e-05,5.2172414338e-05,4.3467897471e+01
-9.3747405255e-05,5.3912478726e-05,4.3128991360e+01
-9.1949395277e-05,5.5651319341e-05,4.2793499865e+01
-3.0021803358e-04,3.3567346669e-06,1.7419233131e+01
-3.0795768089e-04,1.7052529806e-06,1.7516914224e+01
-2.2068230417e-04,5.9663279778e-06,4.5095850436e+01
-2.2189725314e-04,7.5220895630e-06,4.4694826021e+01
-1.0263863812e-04,4.8764787918e-05,4.4094688982e+01
-2.2567862803e-04,7.5153661040e-06,4.4030969642e+01
-3.1639729293e-04,1.0247302186e-05,1.7342825238e+01
-3.1101256704e-04,5.4768017241e-06,1.7285423716e+01
-3.1864100898e-04,1.3102699701e-05,1.7144154979e+01
-2.3233290660e-04,5.9977557876e-06,4.2886353888e+01
-3.2648748937e-04,1.1601895986e-05,1.7353310191e+01
-3.1901334966e-04,3.7568751973e-06,1.7288578352e+01
-2.3336526582e-04,7.5323441079e-06,4.2490259760e+01
-2.4605294655e-04,2.9784696644e-06,3.9639513589e+01
-1.4613799262e-04,2.5873790252e-05,4.7917485735e+01
-1.4154924505e-04,2.9069472028e-05,4.7413314536e+01
-1.5209786219e-04,2.4303105888e-05,4.7993389696e+01
-1.4383270249e-04,2.7464863512e-05,4.7670869843e+01
-1.4774249688e-04,5.8433037637e-05,4.0781709487e+01
-2.5300720037e-04,1.4841195205e-06,3.7406742204e+01
1.7217289693e-05,1.3190588724e-04,5.9592694259e+01
1.4671814466e-04,1.5835654251e-04,1.8375796131e+01
-1.5300728617e-04,5.6793131351e-05,4.0953125855e+01
-1.5040176513e-05,1.2681894942e-04,4.3571366052e+01
-1.7379840601e-04,2.4463543075e-05,4.6809985996e+01
-1.7991867238e-04,2.2910449012e-05,4.6718598784e+01
-1.5735827917e-04,5.3283678993e-05,4.1534439924e+01
-1.5957303699e-04,5.1545227797e-05,4.1816653725e+01
-1.6182597085e-04,4.9802603727e-05,4.2094941471e+01
-2.5558154228e-04,6.1074125370e-06,3.6129105168e+01
-1.7052832330e-04,4.8256765146e-05,4.2052761873e+01
-1.9072822152e-04,2.3016722707e-05,4.5888248859e+01
-2.6327845537e-04,6.1845177392e-06,3.2838817890e+01
-1.8883530901e-04,4.7104207346e-05,4.1391639001e+01
3.5453903241e-04,7.4674619070e-05,1.2111809855e+01
-1.8639011031e-04,4.8840401972e-05,4.1195668799e+01
-2.6699905313e-04,6.1877746191e-06,3.0994143708e+01
-1.9445153317e-04,4.5510576708e-05,4.1363571493e+01
-2.7402865911e-04,4.6469233500e-06,2.7116150576e+01
-2.0662753723e-04,2.6522438948e-05,4.3783609567e+01
-2.1908536513e-04,2.3425231294e-05,4.2801785026e+01
3.5739150832e-04,7.1221680836e-05,1.2071307997e+01
-2.2544377475e-04,2.1875576618e-05,4.2081584522e+01
-2.1303614841e-04,4.6476486544e-05,3.9953801345e+01
3.3877439803e-04,1.4455423535e-05,1.5205884198e+01
-3.2058527563e-04,5.1009400704e-05,1.9994291132e+01
3.6308951430e-04,6.4229571219e-05,1.1964698285e+01
-2.9163553854e-04,6.2882340979e-05,3.6845081466e+01
3.6827796643e-04,5.6500149247e-05,1.1852961583e+01
-3.2755770643e-04,4.8759973740e-05,1.8424160896e+01
-2.9917776282e-04,5.9353424691e-05,3.5876081721e+01
-2.5014207143e-04,2.9991623472e-05,3.6031465634e+01
3.7329724860e-04,4.8667497443e-05,1.1693481573e+01
-3.3745058385e-04,4.5088161550e-05,1.3880164611e+01
-2.3080668479e-04,4.7914152582e-05,3.8262542071e+01
-2.5928464365e-04,2.8833341790e-05,3.3210917107e+01
-2.2815382855e-04,4.9661628135e-05,3.8354749960e+01
-2.6833510203e-04,2.7777365213e-05,2.9365965895e+01
-2.7754849796e-04,2.4862097255e-05,2.3639350125e+01
-2.7436355372e-04,2.6508769146e-05,2.5928550339e+01
-2.3938638917e-04,5.0974884805e-05,3.7235639303e+01
-2.5558509822e-04,4.7058416970e-05,3.5093977708e+01
-2.9243250104e-04,2.3074539639e-05,1.7265348234e+01
-2.4742091032e-04,5.2236550679e-05,3.6395967637e+01
-2.5281424132e-04,4.8793147422e-05,3.5627154878e+01
-2.5010609957e-04,5.0506825311e-05,3.6053995132e+01
-2.8908286516e-04,2.4709993796e-05,1.7274594259e+01
3.8875862683e-04,1.7310682692e-05,1.0073629528e+01
-3.7520039791e-04,1.8551849392e-05,9.6986852824e+00
-3.0605703526e-04,2.6617529344e-05,1.7367288515e+01
-3.1254000279e-04,2.5881557339e-05,1.7405199994e+01
-2.7462064125e-04,4.2033433242e-05,2.9387768803e+01
-3.2686152072e-04,1.7661601740e-05,1.7147823302e+01
-2.7136023027e-04,4.5939167462e-05,3.1578257657e+01
-3.1931849753e-04,2.5168423215e-05,1.7423996662e+01
-2.6822796700e-04,4.9885588588e-05,3.3228936035e+01
-2.7175191701e-04,4.3660233951e-05,3.0846273672e+01
-3.2839924378e-04,1.4878753320e-05,1.7008132354e+01
-2.6857429405e-04,4.7584495928e-05,3.2654784768e+01
-2.7996384279e-04,4.1134358893e-05,2.6810702199e+01
-3.2986924317e-04,1.2145244598e-05,1.7295301398e+01
-3.2082660133e-04,2.2387698226e-05,1.7322319126e+01
-3.2229595081e-04,1.9632522489e-05,1.7248380676e+01
-2.0416589047e-04,9.5548094806e-05,3.5376101673e+01
-2.8529362911e-04,4.0355212683e-05,2.3554681973e+01
-3.1975603590e-04,1.0641685215e-05,1.7374819469e+01
-3.2183128351e-04,6.0349810843e-06,1.7630680392e+01
-3.1735410316e-04,7.9900330613e-06,1.7460127627e+01
-2.9506446099e-04,4.1681666711e-05,1.7960598771e+01
-3.0110490846e-04,3.8978911497e-05,1.7332058409e+01
-2.9803568479e-04,4.0333182543e-05,1.7360368211e+01
-3.0205470527e-04,3.6515588407e-05,1.7530888585e+01
-3.0535733277e-04,3.5108982505e-05,1.7555289995e+01
-2.2552247570e-04,5.1429807247e-05,3.8403711881e+01
-3.2171177161e-04,3.7769277403e-05,1.7751068510e+01
-3.1614442565e-04,4.1802680914e-05,1.7145495331e+01
-3.1778358445e-04,3.9061995217e-05,1.7697531143e+01
1.5253533861e-05,1.3374859950e-04,6.7087347820e+01
-3.2273176604e-04,3.8871188129e-06,1.7566291447e+01
-3.1181917572e-04,1.7472861768e-06,1.7601602547e+01
-3.1146859728e-04,3.5744947925e-06,1.7103420413e+01
-3.0019257275e-04,1.6339966047e-06,1.7230988543e+01
-3.7085337222e-05,1.2714762433e-04,3.5834837782e+01
-2.8853619929e-04,1.5653709163e-06,1.7312987737e+01
3.2003174855e-05,1.3767371446e-04,1.8838017738e+01
2.8154636770e-04,9.0470310615e-06,1.8434926175e+01
8.7082327772e-05,1.5798461766e-04,1.8589323934e+01
2.5744194943e-04,1.3918806020e-04,1.3204363952e+01
-1.2911212393e-05,1.2995997268e-04,4.7782209696e+01
2.8542562060e-04,9.1757893241e-06,1.7629265011e+01
-1.2942313817e-04,1.1541789738e-04,3.3470003998e+01
-1.4543329891e-04,1.1233453604e-04,3.3799275266e+01
3.3861826846e-04,9.1255944660e-05,1.2297603510e+01
3.7805887116e-04,4.0342689774e-05,1.1469090022e+01
1.3182973263e-04,1.5937186294e-04,1.8399795000e+01
-6.9156190397e-05,1.2150996243e-04,3.2513593898e+01
-2.5393356178e-04,3.0099436744e-06,3.6972497846e+01
-2.5478506817e-04,4.5570547233e-06,3.6549341334e+01
-9.0397317324e-05,1.2141697938e-04,3.2837106714e+01
-1.8432470536e-04,4.3816965360e-06,4.9650835497e+01
-1.8567036870e-04,5.8877307387e-06,4.9303104687e+01
3.8460467979e-04,1.3233726548e-05,8.7857885960e+00
1.0036589159e-04,1.5621350937e-04,1.8733142393e+01
-3.9871650345e-05,1.2451256744e-04,3.3901142067e+01
1.9081462868e-04,1.5534377882e-04,1.7157860844e+01
-1.7111718814e-04,2.9144082934e-06,5.0884546359e+01
-3.1483985440e-04,5.2591873054e-05,2.4745664848e+01
4.6795577384e-05,3.0168716810e-06,3.0533787836e+01
1.4552693393e-04,3.0682056920e-06,2.2352902324e+01
2.7256944145e-04,2.8591356863e-06,2.1828662290e+01
1.7341021877e-04,3.2505199505e-06,2.2135029871e+01
2.0127320446e-04,3.6870671122e-06,2.1659317954e+01
2.2911462489e-04,4.3414097206e-06,2.1564606310e+01
2.5705280402e-04,5.2751380703e-06,2.1667612099e+01
2.6914306336e-04,5.6326813400e-06,2.1416016873e+01
2.9635931456e-04,3.1145279347e-06,1.7590718307e+01
6.0625431228e-05,1.5396700736e-04,1.9192699405e+01
3.1247318889e-04,3.0925896580e-06,1.7688764977e+01
-9.9896347024e-06,1.2714328451e-04,4.4650417833e+01
3.5745430240e-04,7.8597708534e-06,1.2501452705e+01
3.4552550444e-04,7.3595730196e-06,1.5193958191e+01
2.8509411604e-04,1.2989785867e-04,1.2768659347e+01
-2.8413144497e-04,6.6648978945e-05,3.7366279225e+01
3.6472877114e-04,3.9723364830e-06,9.8981794660e+00
2.9648419632e-04,1.1601265066e-04,1.2967128180e+01
3.7658483586e-04,4.1248982385e-06,6.2260100390e+00
3.1817834932e-04,1.0895308157e-04,1.2466022227e+01
1.8540152969e-04,1.5267896908e-04,1.7113231290e+01
3.2844254146e-04,3.4081254152e-06,1.7091578028e+01
1.0917137631e-04,1.5953516438e-04,1.8412524077e+01
-4.2126411139e-05,1.2680151174e-04,3.3449285664e+01
2.8885660860e-04,6.2201065896e-06,1.7287673793e+01
-1.6128039944e-04,1.0898839489e-04,3.4164869474e+01
1.2039534857e-04,1.5639777018e-04,1.8631268262e+01
3.8473093511e-04,2.6395189399e-05,1.0890162207e+01
-2.6097890859e-04,7.4540703165e-05,3.7058780890e+01
-3.4794349694e-04,3.8981186419e-05,1.1882085751e+01
3.6945686871e-04,4.8987338283e-05,1.1920674528e+01
-7.9798066183e-06,1.3032235670e-04,4.8770323831e+01
-8.7790269957e-05,1.2167977083e-04,3.2798277333e+01
3.5669967972e-04,6.7251625141e-05,1.2214498456e+01
1.9560033922e-05,1.3497252811e-04,7.1969319712e+01
3.2842126844e-04,1.0028873774e-04,1.2395392023e+01
-1.6769296889e-04,1.0547584783e-04,3.4365502115e+01
3.9298095433e-04,7.8267271024e-06,6.8722764441e+00
-3.8734240455e-04,8.2691773972e-06,5.5334355835e+00
-2.4510993713e-04,8.1738721058e-05,3.6528139860e+01
1.5653314581e-04,1.5497491786e-04,1.8348139164e+01
-4.4325318321e-05,1.2647965809e-04,3.2506987734e+01
6.4196685561e-05,1.5490076898e-04,1.9044991634e+01
-1.9960659092e-04,9.6831209149e-05,3.5250789324e+01
-3.3494139889e-04,4.3605838887e-05,1.6546391707e+01
2.0639878962e-04,1.5406419632e-04,1.7460750537e+01
-5.7401676917e-06,1.3094233842e-04,5.0389359154e+01
1.0240180455e-05,1.2730931793e-04,4.8762172315e+01
-1.1134159398e-04,1.1848102747e-04,3.3147273729e+01
2.1435028906e-04,1.5341446816e-04,1.7367350633e+01
-1.0095426057e-04,1.2031046338e-04,3.3000946487e+01
-1.5299754804e-04,1.0861213448e-04,3.3996737240e+01
4.5678931582e-05,1.5030509525e-04,1.9935171345e+01
-1.4019532796e-04,1.1345478856e-04,3.3688025997e+01
-6.7550047207e-05,1.2402951892e-04,3.2573209650e+01
2.1970997199e-04,1.4959074018e-04,1.7099298720e+01
-2.2202142271e-04,9.0097710844e-05,3.5850364260e+01
2.3836353123e-04,1.4504331309e-04,1.3454616614e+01
3.5104745406e-04,7.3839938693e-05,1.2302960960e+01
3.1529663735e-05,1.4089045542e-04,6.7060111906e+00
-4.7709823594e-05,1.2411400880e-04,3.2754315367e+01
-1.7868918120e-04,1.0256167285e-04,3.4665983365e+01
-2.1893362586e-04,9.3153210223e-05,3.5719380518e+01
-2.3392590628e-04,8.5567645360e-05,3.6144065308e+01
1.3903395807e-04,1.5935463070e-04,1.8364265495e+01
-3.1640976699e-04,4.9999059886e-05,1.8811049227e+01
-2.0842929191e-04,9.6546622128e-05,3.5427696893e+01
-1.1396964062e-04,1.1810118680e-04,3.3192354688e+01
-2.8208120665e-04,6.5648274676e-05,3.6789311639e+01
7.7278111249e-05,1.5411126053e-04,1.9068833611e+01
-2.7010952916e-04,7.0807008561e-05,3.7088718469e+01
3.1422775577e-04,1.0814832461e-04,1.2648375071e+01
2.9670245798e-04,1.1963754000e-04,1.2817496254e+01
2.9319274774e-04,1.2209487211e-04,1.2835475264e+01
-2.6773414303e-04,7.2228769703e-05,3.7164010577e+01
1.7884860529e-04,1.5308105871e-04,1.7278286253e+01
2.1466779060e-05,1.3334190661e-04,6.1821220976e+01
3.5974351439e-04,6.3805977959e-05,1.2149990139e+01
3.8752608506e-04,1.3889614437e-05,9.0957174673e+00
-9.1621158866e-05,1.1939300524e-04,3.2778511455e+01
-4.9359364518e-05,1.2603526344e-04,3.2414919086e+01
-1.9522348772e-04,9.8098701970e-05,3.5126734463e+01
-3.6487440432e-04,2.7833957056e-05,1.0424245417e+01
1.9826254688e-04,1.5484066860e-04,1.7319293230e+01
3.6084884677e-06,1.3212198717e-04,5.7885571373e+01
-7.4329196373e-05,1.2122714216e-04,3.2558439706e+01
-1.9104265273e-04,9.9548005361e-05,3.5000175532e+01
-2.5221894851e-04,7.8711885345e-05,3.6867884504e+01
1.3051309707e-06,1.2687704676e-04,4.7475258352e+01
2.4547864786e-04,1.4338528438e-04,1.3341766948e+01
2.6811002872e-04,1.3437410647e-04,1.3109171187e+01
-1.3228994172e-04,1.1260700622e-04,3.3521544939e+01
2.5769348486e-04,1.4250271703e-04,1.3026138803e+01
9.0176074823e-05,1.5572000302e-04,1.8820690259e+01
3.7254743161e-04,4.4939785062e-05,1.1784656853e+01
-5.2551953936e-05,1.2364069211e-04,3.2553095327e+01
2.7840076752e-04,1.2991813602e-04,1.2986823119e+01
-2.2735145675e-04,8.8370509916e-05,3.5979183867e+01
-1.8584634415e-04,1.0116700564e-04,3.4848834734e+01
3.6194908936e-05,1.4173769152e-04,1.3313667696e+01
1.7307106224e-04,1.5373235206e-04,1.7841000213e+01
-3.1931409585e-04,4.9417293832e-05,2.0257336857e+01
2.3620970333e-05,1.3418614762e-04,6.2164922462e+01
1.0430099686e-04,1.5691514208e-04,1.8653750996e+01
1.3427597591e-04,1.5695430070e-04,1.8532082346e+01
3.1146159166e-04,1.1456074969e-04,1.2494422723e+01
-2.1374132689e-04,9.5094007767e-05,3.5570558965e+01
6.7052443416e-05,1.5301461125e-04,1.9303211079e+01
-1.0350413612e-04,1.1740860016e-04,3.2962588581e+01
1.6662962793e-04,1.5466171007e-04,1.8144163365e+01
-2.3812062677e-04,8.4278771574e-05,3.6246680247e+01
3.7827055750e-04,3.3561708527e-05,1.1424911128e+01
5.0613091827e-05,1.4847402124e-04,2.0225260435e+01
-2.4146236406e-04,8.5225299015e-05,3.6285978022e+01
-1.2544966890e-04,1.1435503783e-04,3.3376349770e+01
-1.4130100789e-04,1.1146555938e-04,3.3716265413e+01
2.2838077689e-04,1.4788465319e-04,1.3652991569e+01
-1.7457314460e-04,1.0378721431e-04,3.4548816000e+01
-3.7796600060e-04,1.4196911810e-05,9.4038482598e+00
-1.6239567762e-04,1.0700040083e-04,3.4222294662e+01
-1.1520328746e-04,1.1609745349e-04,3.3176589324e+01
1.1417932843e-04,1.5681082302e-04,1.8622505276e+01
-3.5474706762e-04,3.2189275858e-05,1.1639508760e+01
-2.4496928340e-04,8.3945536562e-05,3.6452665638e+01
1.5025605232e-04,1.5583525434e-04,1.8424800450e+01
-3.3968964806e-04,4.1755097149e-05,1.3082365104e+01
3.6265587062e-04,6.0431306989e-05,1.2078280912e+01
-2.5965535907e-04,7.8265109373e-05,3.7358158052e+01
8.0642942029e-05,1.5484821145e-04,1.8952173821e+01
2.8991327448e-04,1.2449396459e-04,1.2844677271e+01
-1.8074549595e-04,1.0270024212e-04,3.4702366838e+01
3.9521706422e-04,3.6768408315e-06,5.1861505775e+00
-3.9234188287e-04,3.9743790259e-06,3.8970707025e+00
2.5755896664e-05,1.3512284527e-04,6.1516756890e+01
4.7319930696e-06,1.2604526789e-04,4.6715277386e+01
3.8385875013e-04,2.2642063805e-05,1.0653865128e+01
1.5953422712e-04,1.5563958778e-04,1.8300012005e+01
2.5178948492e-04,1.4462098392e-04,1.3089826439e+01
8.8431537384e-06,1.2896053774e-04,5.2479552897e+01
3.8576762773e-05,1.4364615091e-04,2.2207644665e+01
-2.7964240554e-04,6.9353792491e-05,3.7637669765e+01
1.8905368485e-04,1.5324257143e-04,1.7235213767e+01
-2.0166686800e-04,9.6947155889e-05,3.5285122050e+01
3.0835158539e-04,1.1723708533e-04,1.2498812170e+01
-2.0675614695e-04,9.5392034160e-05,3.5428638133e+01
2.7631800345e-06,1.3013082710e-04,5.3410074370e+01
-6.0329626541e-05,1.2319592288e-04,3.2478728866e+01
-1.3365517575e-06,1.2924188379e-04,5.0212009131e+01
-1.5606964472e-04,1.1069966092e-04,3.4037585097e+01
1.8155550107e-04,1.5388728262e-04,1.7187990222e+01
-3.2201189658e-04,4.8862350492e-05,1.7878205584e+01
2.1605891325e-04,1.5098245239e-04,1.7213386233e+01
-1.0608995022e-04,1.1984627131e-04,3.3091640016e+01
1.9600940048e-04,1.5257551270e-04,1.7492055882e+01
9.3123531487e-05,1.5643283830e-04,1.8739359054e+01
1.4399856586e-04,1.5646868132e-04,1.8463638839e+01
3.7515562449e-04,4.1258087671e-05,1.1651760543e+01
7.0250657838e-05,1.5403500661e-04,1.9141596463e+01
-1.3492380805e-04,1.1498892883e-04,3.3586683683e+01
1.0761896846e-04,1.5755431561e-04,1.8586261310e+01
2.3450803182e-04,1.4659694585e-04,1.3458602446e+01
2.4174724767e-04,1.4521296362e-04,1.3349255224e+01
-3.6990601516e-04,2.1065753990e-05,1.0458525057e+01
2.7488554819e-04,1.3202256385e-04,1.3004903141e+01
2.6542438157e-04,1.4019683383e-04,1.2908445769e+01
3.6540620609e-04,5.7226396673e-05,1.2001589212e+01
-1.1763436086e-04,1.1601428832e-04,3.3226972004e+01
8.1408720145e-06,1.3320021651e-04,6.2972270579e+01
2.7645986019e-05,1.3618013186e-04,5.8332329380e+01
2.0873007002e-04,1.5148756794e-04,1.7600453391e+01
-1.2766241054e-04,1.1430316003e-04,3.3423190367e+01
-1.9355456570e-04,9.9327721152e-05,3.5055286315e+01
-6.2677865132e-05,1.2290809101e-04,3.2489323250e+01
1.3750333049e-04,1.5747234446e-04,1.8474351108e+01
