x_m y_m sigma_comp_mag_Pa
4.0000000000e-04 0.0000000000e+00 -1.0630552397e+00
-4.0000000000e-04 3.0616169979e-20 -1.6183637920e+00
3.9655809643e-04 5.9267875254e-06 9.9958719848e+00
3.9428486670e-04 1.1265624862e-05 9.7433766696e+00
3.9222386183e-04 1.6366387999e-05 1.0159567969e+01
3.9019990685e-04 2.1293998519e-05 1.0482572363e+01
3.8815610813e-04 2.6083663303e-05 1.0714239033e+01
3.8606440502e-04 3.0753912084e-05 1.0897223474e+01
3.8390973450e-04 3.5316938630e-05 1.1059709787e+01
3.8168473950e-04 3.9778097327e-05 1.1197684525e+01
3.7938455123e-04 4.4143153051e-05 1.1310053919e+01
3.7700724399e-04 4.8415160817e-05 1.1408029453e+01
3.7455212061e-04 5.2596652883e-05 1.1491475309e+01
3.7201952584e-04 5.6689492250e-05 1.1562864814e+01
3.6941033643e-04 6.0695169792e-05 1.1623629071e+01
3.6672573888e-04 6.4615010017e-05 1.1675809623e+01
3.6396718314e-04 6.8450202204e-05 1.1721197382e+01
3.6113633828e-04 7.2201896141e-05 1.1761090366e+01
3.5823498549e-04 7.5871046792e-05 1.1797305933e+01
3.5526493255e-04 7.9458598764e-05 1.1830112411e+01
3.5222807905e-04 8.2965526448e-05 1.1860534981e+01
3.4912634178e-04 8.6392733865e-05 1.1889913838e+01
3.4596163257e-04 8.9741071178e-05 1.1918243066e+01
3.4273581418e-04 9.3011461086e-05 1.1945119915e+01
3.3945085661e-04 9.6204638565e-05 1.1973356230e+01
3.3610858721e-04 9.9321498170e-05 1.2001724121e+01
3.3271086086e-04 1.0236286572e-04 1.2029414709e+01
3.2925950332e-04 1.0532948137e-04 1.2057847317e+01
3.2575624200e-04 1.0822213478e-04 1.2087934738e+01
3.2220282923e-04 1.1104160749e-04 1.2118554353e+01
3.1860093410e-04 1.1378866267e-04 1.2149036817e+01
3.1495218277e-04 1.1646399190e-04 1.2181621321e+01
3.1125816331e-04 1.1906834208e-04 1.2214633723e+01
3.0752041938e-04 1.2160240208e-04 1.2249028336e+01
3.0374043083e-04 1.2406686384e-04 1.2283724530e+01
2.9991957917e-04 1.2646234025e-04 1.2319968459e+01
2.9605928792e-04 1.2878950499e-04 1.2356932242e+01
2.9216089000e-04 1.3104897568e-04 1.2393843528e+01
2.8822562405e-04 1.3324128825e-04 1.2432655883e+01
2.8425474985e-04 1.3536702810e-04 1.2471681435e+01
2.8024942232e-04 1.3742672727e-04 1.2510534372e+01
2.7621075771e-04 1.3942084047e-04 1.2550483661e+01
2.7213981912e-04 1.4134983713e-04 1.2591455554e+01
2.6803766350e-04 1.4321413053e-04 1.2631143067e+01
2.6390523775e-04 1.4501406109e-04 1.2671883814e+01
2.5974345206e-04 1.4674998493e-04 1.2713451384e+01
2.5555318491e-04 1.4842217944e-04 1.2754212494e+01
2.5133529726e-04 1.5003080628e-04 1.2794867336e+01
2.4709050604e-04 1.5157607094e-04 1.2836390763e+01
2.4281961506e-04 1.5305808717e-04 1.2876438484e+01
2.3852329833e-04 1.5447685595e-04 1.2916981800e+01
2.3420223429e-04 1.5583230949e-04 1.2957660731e+01
2.2985701077e-04 1.5712438106e-04 1.2997088300e+01
2.2548820803e-04 1.5835283891e-04 1.3034910258e+01
2.2109633894e-04 1.5951734521e-04 1.3073997311e+01
2.1668196447e-04 1.6061750681e-04 1.3111481152e+01
2.1224551368e-04 1.6165277656e-04 1.3146969286e+01
2.0778738690e-04 1.6262240976e-04 1.3183905859e+01
2.0330805511e-04 1.6352566607e-04 1.3217734334e+01
1.9880781529e-04 1.6436157248e-04 1.3250738631e+01
1.9428708853e-04 1.6512881321e-04 1.3283321250e+01
1.8974615408e-04 1.6582605388e-04 1.3313674274e+01
1.8518534338e-04 1.6645164898e-04 1.3340064626e+01
1.8060487344e-04 1.6700349173e-04 1.3367707847e+01
1.7600510985e-04 1.6747931827e-04 1.3391527331e+01
1.7138632943e-04 1.6787628869e-04 1.3410595461e+01
1.6674867608e-04 1.6819096338e-04 1.3432227230e+01
1.6209276052e-04 1.6841942896e-04 1.3444261442e+01
1.5741881291e-04 1.6855674910e-04 1.3453362359e+01
1.5272729832e-04 1.6859668331e-04 1.3458100945e+01
1.4801887807e-04 1.6853146816e-04 1.3453030341e+01
1.4329434759e-04 1.6835075457e-04 1.3445078025e+01
1.3855418136e-04 1.6803978209e-04 1.3423417611e+01
1.3379892001e-04 1.6757634699e-04 1.3286989302e+01
1.2902859158e-04 1.6690397166e-04 1.4230906414e+01
1.2438164113e-04 1.6591162736e-04 1.7933339263e+01
1.2017128352e-04 1.6478931672e-04 1.8116534145e+01
1.1621460501e-04 1.6369996620e-04 1.7984524619e+01
1.1238609172e-04 1.6266943918e-04 1.7523147917e+01
1.0860284355e-04 1.6167513477e-04 1.7394824355e+01
1.0483582491e-04 1.6068330989e-04 1.8001820259e+01
1.0108318735e-04 1.5967215261e-04 1.8036582911e+01
9.7335869438e-05 1.5861891172e-04 1.8025319807e+01
9.3595372774e-05 1.5750301592e-04 1.7948770380e+01
8.9863992863e-05 1.5629972035e-04 1.7859399329e+01
8.6150175125e-05 1.5497962082e-04 1.7754291136e+01
8.2469868151e-05 1.5350408101e-04 1.7560104354e+01
7.8855621928e-05 1.5181821003e-04 1.7723289956e+01
7.5371066561e-05 1.4982897436e-04 1.7289685885e+01
7.2255445837e-05 1.4730238646e-04 1.4131890441e+01
7.0590301374e-05 1.4461652920e-04 3.6598693437e+01
6.9335455632e-05 1.4309349682e-04 1.2170196432e+02
6.7652702048e-05 1.4201098478e-04 1.0164218813e+02
6.5791956179e-05 1.4109011214e-04 9.4285475327e+01
6.3837762498e-05 1.4027631063e-04 8.9836160494e+01
6.1820773501e-05 1.3954863662e-04 8.5922840002e+01
5.9754241721e-05 1.3889186312e-04 8.2424102461e+01
5.7647138195e-05 1.3829376707e-04 7.9370614349e+01
5.5507214531e-05 1.3774545241e-04 7.6832218317e+01
5.3341248318e-05 1.3724067694e-04 7.4873437001e+01
5.1154206634e-05 1.3677494905e-04 7.3124510201e+01
4.8948684983e-05 1.3634391595e-04 7.1382213030e+01
4.6725824009e-05 1.3594347210e-04 6.9523385966e+01
4.4486190649e-05 1.3556995566e-04 6.7650520599e+01
4.2230527721e-05 1.3522041265e-04 6.5741091435e+01
3.9959223117e-05 1.3489200844e-04 6.3844985912e+01
3.7672716618e-05 1.3458232482e-04 6.1920054422e+01
3.5371206294e-05 1.3428917054e-04 5.9966266582e+01
3.3054783359e-05 1.3401047605e-04 5.7983724119e+01
3.0723370186e-05 1.3374430328e-04 5.5966384844e+01
2.8376636745e-05 1.3348863247e-04 5.3902723442e+01
2.6013900676e-05 1.3324132838e-04 5.1765878366e+01
2.3634208963e-05 1.3299814747e-04 4.9894828831e+01
2.1241868880e-05 1.3275751524e-04 5.0381229553e+01
1.8853775853e-05 1.3253091324e-04 5.2194014048e+01
1.6471506754e-05 1.3232567405e-04 5.2088247080e+01
1.4085957363e-05 1.3213272472e-04 5.0817655397e+01
1.1693557298e-05 1.3194766285e-04 4.9455462295e+01
9.2932908029e-06 1.3176809402e-04 4.8120296013e+01
6.8850784057e-06 1.3159286255e-04 4.6785860314e+01
4.4687876876e-06 1.3142101376e-04 4.5465016383e+01
2.0443668166e-06 1.3125171706e-04 4.4152920043e+01
-3.8817911412e-07 1.3108424008e-04 4.2879466442e+01
-2.8288140630e-06 1.3091792210e-04 4.1608980086e+01
-5.2774643522e-06 1.3075216934e-04 4.0353866983e+01
-7.7340727613e-06 1.3058644727e-04 3.9145399777e+01
-1.0198466317e-05 1.3042023902e-04 3.7944061293e+01
-1.2670305375e-05 1.3025308745e-04 3.6772535169e+01
-1.5149482984e-05 1.3008455688e-04 3.5617981695e+01
-1.7635943625e-05 1.2991416792e-04 3.4434811679e+01
-2.0129600998e-05 1.2974150799e-04 3.3199683745e+01
-2.2630339261e-05 1.2956619915e-04 3.2124935362e+01
-2.5138007317e-05 1.2938788259e-04 3.1891918446e+01
-2.7652469603e-05 1.2920622799e-04 3.1895678641e+01
-3.0173575997e-05 1.2902091213e-04 3.1909087984e+01
-3.2701174728e-05 1.2883162551e-04 3.1926995280e+01
-3.5235113752e-05 1.2863807221e-04 3.1944626691e+01
-3.7775224122e-05 1.2843997398e-04 3.1967859040e+01
-4.0321365942e-05 1.2823706850e-04 3.1989974069e+01
-4.2873361087e-05 1.2802910446e-04 3.2008789566e+01
-4.5431059050e-05 1.2781583705e-04 3.2032505060e+01
-4.7994292238e-05 1.2759703021e-04 3.2057260544e+01
-5.0562901758e-05 1.2737245983e-04 3.2082827570e+01
-5.3136719776e-05 1.2714191784e-04 3.2108038323e+01
-5.5715583799e-05 1.2690519775e-04 3.2136655747e+01
-5.8299337184e-05 1.2666210998e-04 3.2164462825e+01
-6.0887814964e-05 1.2641245416e-04 3.2191264805e+01
-6.3480825522e-05 1.2615605491e-04 3.2223386490e+01
-6.6078252173e-05 1.2589273200e-04 3.2258388558e+01
-6.8679906105e-05 1.2562232213e-04 3.2291019143e+01
-7.1285628488e-05 1.2534466668e-04 3.2325703382e+01
-7.3895257984e-05 1.2505960667e-04 3.2361534122e+01
-7.6508632376e-05 1.2476698732e-04 3.2399154869e+01
-7.9125612130e-05 1.2446666025e-04 3.2434305977e+01
-8.1745983798e-05 1.2415849819e-04 3.2472089395e+01
-8.4369639529e-05 1.2384235418e-04 3.2513480713e+01
-8.6996401663e-05 1.2351810089e-04 3.2554438784e+01
-8.9626112492e-05 1.2318560707e-04 3.2596475487e+01
-9.2258617259e-05 1.2284474858e-04 3.2638712605e+01
-9.4893758090e-05 1.2249540548e-04 3.2682143749e+01
-9.7531368705e-05 1.2213746607e-04 3.2728777969e+01
-1.0017132652e-04 1.2177081367e-04 3.2774285888e+01
-1.0281343096e-04 1.2139534192e-04 3.2822038676e+01
-1.0545758073e-04 1.2101093273e-04 3.2869725476e+01
-1.0810357191e-04 1.2061749195e-04 3.2918289104e+01
-1.1075129014e-04 1.2021491377e-04 3.2968646384e+01
-1.1340057355e-04 1.1980310020e-04 3.3019404252e+01
-1.1605126381e-04 1.1938195405e-04 3.3071622276e+01
-1.1870322087e-04 1.1895137418e-04 3.3125203554e+01
-1.2135628829e-04 1.1851126919e-04 3.3179827857e+01
-1.2401032657e-04 1.1806155154e-04 3.3235272646e+01
-1.2666518665e-04 1.1760213362e-04 3.3291492458e+01
-1.2932071627e-04 1.1713292081e-04 3.3349508220e+01
-1.3197675729e-04 1.1665382872e-04 3.3409008279e+01
-1.3463320427e-04 1.1616476741e-04 3.3468014554e+01
-1.3728986482e-04 1.1566566460e-04 3.3528210335e+01
-1.3994662578e-04 1.1515643040e-04 3.3590450713e+01
-1.4260332224e-04 1.1463699010e-04 3.3653687900e+01
-1.4525982583e-04 1.1410725333e-04 3.3717246691e+01
-1.4791598902e-04 1.1356713976e-04 3.3782213187e+01
-1.5057164000e-04 1.1301658350e-04 3.3848936786e+01
-1.5322668505e-04 1.1245549755e-04 3.3917091402e+01
-1.5588095973e-04 1.1188381260e-04 3.3985520066e+01
-1.5853429510e-04 1.1130145549e-04 3.4054431681e+01
-1.6118658351e-04 1.1070833779e-04 3.4124962987e+01
-1.6383766021e-04 1.1010439329e-04 3.4197761956e+01
-1.6648738932e-04 1.0948956456e-04 3.4270187744e+01
-1.6913563062e-04 1.0886375864e-04 3.4344391809e+01
-1.7178223399e-04 1.0822690462e-04 3.4419542416e+01
-1.7442706173e-04 1.0757893545e-04 3.4496230397e+01
-1.7706994521e-04 1.0691979582e-04 3.4574386292e+01
-1.7971079045e-04 1.0624940425e-04 3.4653006998e+01
-1.8234942840e-04 1.0556768594e-04 3.4733618627e+01
-1.8498573464e-04 1.0487457155e-04 3.4814464225e+01
-1.8761958244e-04 1.0416999349e-04 3.4896208485e+01
-1.9025080519e-04 1.0345391631e-04 3.4978178393e+01
-1.9287925586e-04 1.0272627547e-04 3.5060258034e+01
-1.9550477267e-04 1.0198700750e-04 3.5144066903e+01
-1.9812717057e-04 1.0123606823e-04 3.5228134565e+01
-2.0074636108e-04 1.0047338507e-04 3.5312843871e+01
-2.0336215593e-04 9.9698931636e-05 3.5398159807e+01
-2.0597440158e-04 9.8912654252e-05 3.5483160990e+01
-2.0858295526e-04 9.8114503482e-05 3.5568647606e+01
-2.1118761552e-04 9.7304448566e-05 3.5653245016e+01
-2.1378829559e-04 9.6482457240e-05 3.5737535158e+01
-2.1638473907e-04 9.5648528130e-05 3.5819877821e+01
-2.1897682838e-04 9.4802617192e-05 3.5901004393e+01
-2.2156435424e-04 9.3944725895e-05 3.5980009314e+01
-2.2414710311e-04 9.3074866800e-05 3.6056042779e+01
-2.2672488820e-04 9.2193075239e-05 3.6125245254e+01
-2.2929743881e-04 9.1299357528e-05 3.6189544331e+01
-2.3186447291e-04 9.0393763273e-05 3.6241904909e+01
-2.3442563106e-04 8.9476338890e-05 3.6281546963e+01
-2.3698019985e-04 8.8547249727e-05 3.6299179634e+01
-2.3952716013e-04 8.7606354337e-05 3.6327230519e+01
-2.4206435227e-04 8.6653643617e-05 3.6532807622e+01
-2.4459000062e-04 8.5689009443e-05 3.7048112611e+01
-2.4710639253e-04 8.4713105128e-05 3.7588374925e+01
-2.4961773097e-04 8.3725225741e-05 3.7995760148e+01
-2.5212689581e-04 8.2724334854e-05 3.8221793450e+01
-2.5463433789e-04 8.1710436797e-05 3.8331647744e+01
-2.5713864593e-04 8.0684260457e-05 3.8415438498e+01
-2.5963886235e-04 7.9646147249e-05 3.8511596987e+01
-2.6213434418e-04 7.8596591618e-05 3.8617330294e+01
-2.6462495787e-04 7.7535997292e-05 3.8726288532e+01
-2.6711058783e-04 7.6464818217e-05 3.8837823356e+01
-2.6959113683e-04 7.5383607086e-05 3.8952572678e+01
-2.7206665167e-04 7.4292970083e-05 3.9067740261e+01
-2.7453729099e-04 7.3193596324e-05 3.9191329225e+01
-2.7700319474e-04 7.2086317190e-05 3.9306651033e+01
-2.7946489328e-04 7.0972008469e-05 3.9423749382e+01
-2.8192266242e-04 6.9851931927e-05 3.9532469266e+01
-2.8437719151e-04 6.8727434349e-05 3.9640035314e+01
-2.8682925242e-04 6.7600112506e-05 3.9739817730e+01
-2.8927986405e-04 6.6471932771e-05 3.9823179161e+01
-2.9173030019e-04 6.5345293957e-05 3.9891458182e+01
-2.9418224068e-04 6.4223098532e-05 3.9927220378e+01
-2.9663763611e-04 6.3108905651e-05 3.9932811523e+01
-2.9909896589e-04 6.2007374017e-05 3.9896709455e+01
-3.0157003481e-04 6.0924189099e-05 3.9733759021e+01
-3.0405427627e-04 5.9867003152e-05 3.9557930519e+01
-3.0655743992e-04 5.8846253256e-05 3.9195277906e+01
-3.0908609754e-04 5.7876940965e-05 3.8577167279e+01
-3.1164856221e-04 5.6982559793e-05 3.8158076218e+01
-3.1425689707e-04 5.6204638864e-05 3.7908110777e+01
-3.1691254644e-04 5.5677965082e-05 3.1492707599e+01
-3.1993937194e-04 5.5526108903e-05 1.5440829141e+01
-3.2518957390e-04 5.4668988658e-05 1.1962745331e+01
-3.3069059637e-04 5.2557645110e-05 1.2356866158e+01
-3.3610548479e-04 4.9931550344e-05 1.2327240821e+01
-3.4148127894e-04 4.6950500361e-05 1.2030508767e+01
-3.4684524895e-04 4.3669518721e-05 1.1749066205e+01
-3.5221813748e-04 4.0110990460e-05 1.1388446580e+01
-3.5761796337e-04 3.6280114773e-05 1.0996487153e+01
-3.6306499251e-04 3.2167982753e-05 1.0564159969e+01
-3.6857353345e-04 2.7757499602e-05 1.0129040173e+01
-3.7416840462e-04 2.3017199202e-05 9.6435188757e+00
-3.7988508882e-04 1.7904536140e-05 9.0899120016e+00
-3.8578549060e-04 1.2376065674e-05 8.7569524735e+00
-3.9209518564e-04 6.4045449666e-06 8.2877986734e+00
-3.9600000000e-04 3.0463089129e-20 -5.9699908171e-01
-3.9200000000e-04 3.0310008279e-20 -6.3627380913e-01
-3.8800000000e-04 3.0156927429e-20 -1.5605244533e+00
-3.8400000000e-04 3.0003846579e-20 2.6580721834e+00
-3.8000000000e-04 2.9850765729e-20 9.1080563390e+00
-3.7600000000e-04 2.9697684879e-20 1.6167321115e+01
-3.7200000000e-04 2.9544604029e-20 1.9776781051e+01
-3.6800000000e-04 2.9391523180e-20 2.1730971897e+01
-3.6400000000e-04 2.9238442330e-20 2.2968725531e+01
-3.5600000000e-04 2.8932280630e-20 2.3388183357e+01
-3.5200000000e-04 2.8779199780e-20 2.2567388222e+01
-3.4400000000e-04 2.8473038080e-20 2.0443993740e+01
-3.3200000000e-04 2.8013795530e-20 1.6812517655e+01
-2.6000000000e-04 2.5258340232e-20 3.3219181009e+01
-2.4000000000e-04 2.4492935983e-20 4.0795717381e+01
-2.2000000000e-04 2.3727531733e-20 4.5376598709e+01
-2.0000000000e-04 2.2962127484e-20 4.8270966548e+01
-1.6800000000e-04 2.1737480685e-20 5.1067841018e+01
-1.4800000000e-04 2.0972076435e-20 5.2170781799e+01
-1.2800000000e-04 2.0206672186e-20 5.2944730700e+01
-1.0800000000e-04 1.9441267936e-20 5.3421556081e+01
-1.0000000000e-04 1.9135106237e-20 5.3522927847e+01
-8.8000000000e-05 1.8675863687e-20 5.3564168533e+01
-8.0000000000e-05 1.8369701987e-20 5.3507181265e+01
-6.8000000000e-05 1.7910459438e-20 5.3272073577e+01
-6.0000000000e-05 1.7604297738e-20 5.2999647699e+01
-4.8000000000e-05 1.7145055188e-20 5.2386134248e+01
-4.0000000000e-05 1.6838893488e-20 5.1820522275e+01
-2.8000000000e-05 1.6379650939e-20 5.0702357104e+01
-2.0000000000e-05 1.6073489239e-20 4.9757854174e+01
-8.0000000000e-06 1.5614246689e-20 4.8015888477e+01
8.6736173799e-19 1.5308084989e-20 4.6629013088e+01
1.2000000000e-05 1.4848842440e-20 4.4213090530e+01
2.0000000000e-05 1.4542680740e-20 4.2394339402e+01
3.2000000000e-05 1.4083438190e-20 3.9409604194e+01
4.0000000000e-05 1.3777276490e-20 3.7299035731e+01
5.2000000000e-05 1.3318033941e-20 3.4065000584e+01
6.0000000000e-05 1.3011872241e-20 3.1942096638e+01
7.2000000000e-05 1.2552629691e-20 2.8953932642e+01
8.0000000000e-05 1.2246467991e-20 2.7181153119e+01
9.2000000000e-05 1.1787225442e-20 2.4995752032e+01
1.1200000000e-04 1.1021821192e-20 2.2834424623e+01
1.3200000000e-04 1.0256416943e-20 2.2011434119e+01
1.5200000000e-04 9.4910126934e-21 2.1575570863e+01
1.7200000000e-04 8.7256084439e-21 2.1175692752e+01
1.9200000000e-04 7.9602041945e-21 2.1064941321e+01
2.1200000000e-04 7.1947999450e-21 2.1193015919e+01
2.5200000000e-04 5.6639914461e-21 2.2528409344e+01
2.6000000000e-04 5.3578297463e-21 2.2963358290e+01
2.6800000000e-04 5.0516680465e-21 2.3353621553e+01
2.7200000000e-04 4.8985871966e-21 2.3089624879e+01
2.7600000000e-04 4.7455063467e-21 2.1104583065e+01
2.8000000000e-04 4.5924254968e-21 1.9415192022e+01
2.8400000000e-04 4.4393446469e-21 1.8353697184e+01
2.8800000000e-04 4.2862637970e-21 1.7655854543e+01
2.9200000000e-04 4.1331829471e-21 1.7777626352e+01
2.9600000000e-04 3.9801020972e-21 1.8066497125e+01
3.0000000000e-04 3.8270212473e-21 1.8237846844e+01
3.0400000000e-04 3.6739403974e-21 1.8379736102e+01
3.0800000000e-04 3.5208595475e-21 1.8422007835e+01
3.1200000000e-04 3.3677786977e-21 1.8375360470e+01
3.1600000000e-04 3.2146978478e-21 1.8286453307e+01
3.2000000000e-04 3.0616169979e-21 1.8155926586e+01
3.2400000000e-04 2.9085361480e-21 1.7642552247e+01
3.2800000000e-04 2.7554552981e-21 1.7409530983e+01
3.3200000000e-04 2.6023744482e-21 1.7395092517e+01
3.3600000000e-04 2.4492935983e-21 1.7493083555e+01
3.4000000000e-04 2.2962127484e-21 1.6844133369e+01
3.4400000000e-04 2.1431318985e-21 1.5294958027e+01
3.4800000000e-04 1.9900510486e-21 1.3476712863e+01
3.5200000000e-04 1.8369701987e-21 1.2112863260e+01
3.5600000000e-04 1.6838893488e-21 1.0807659013e+01
3.6000000000e-04 1.5308084989e-21 9.5386478747e+00
3.6400000000e-04 1.3777276490e-21 8.2688863030e+00
3.6800000000e-04 1.2246467991e-21 6.9713886503e+00
3.7200000000e-04 1.0715659493e-21 5.6159510043e+00
3.7600000000e-04 9.1848509936e-22 4.1658678065e+00
3.8000000000e-04 7.6540424947e-22 2.5852383338e+00
3.8400000000e-04 6.1232339957e-22 7.1418216100e-01
3.8800000000e-04 4.5924254968e-22 -7.4006438989e-01
3.9200000000e-04 3.0616169979e-22 -9.8510139689e-01
3.9600000000e-04 1.5308084989e-22 -1.3314219091e+00
-2.1224572071e-05 1.2747825219e-04 3.2020396081e+01
1.0194368632e-06 1.2890220620e-04 4.1177018197e+01
-4.3741007318e-05 1.2591862850e-04 3.1855087297e+01
-1.4163754315e-05 1.4621162042e-06 4.8729157755e+01
5.3483691723e-05 1.5007995477e-06 3.3393263103e+01
-5.3996119408e-05 1.4531055055e-06 5.2493277186e+01
1.7689240978e-05 1.4770409993e-06 4.2688382971e+01
-6.7542111710e-05 1.2367140456e-04 3.2168516691e+01
-9.0768328166e-05 1.2108013249e-04 3.2562215482e+01
-8.5860659775e-05 1.4514193066e-06 5.3318540004e+01
8.5246441426e-05 1.5213321128e-06 2.5900811542e+01
6.3825578630e-05 1.3788838253e-04 7.1354017075e+01
-1.1451041464e-04 1.1752306485e-04 3.3034128603e+01
1.1698114261e-04 1.5319259604e-06 2.2453594379e+01
-1.1771807425e-04 1.4527588032e-06 5.2989402251e+01
8.2473428041e-05 1.5026218096e-04 1.9907199882e+01
1.4479482918e-04 1.5249880090e-06 2.1653099923e+01
-1.4558498354e-04 1.4557603749e-06 5.2048040373e+01
1.1170327890e-04 1.5940090447e-04 1.7147021194e+01
-1.5672812397e-04 1.0947351547e-04 3.4066794164e+01
1.7273800642e-04 1.5740305174e-06 2.1068753649e+01
-1.7347481831e-04 1.4490206577e-06 5.0480226185e+01
1.4623578685e-04 1.6551741926e-04 1.3898066525e+01
2.0066486733e-04 1.7705808117e-06 2.0680884784e+01
-2.0128436003e-04 1.4681385081e-06 4.7931425034e+01
-1.9914471059e-04 9.8891811372e-05 3.5339579400e+01
1.8288216328e-04 1.6374901342e-04 1.3593482202e+01
-2.2910501509e-04 1.4810273971e-06 4.3424378183e+01
2.2857330913e-04 2.0857669688e-06 2.1087350215e+01
2.1835927226e-04 1.5725377546e-04 1.3274181604e+01
2.5654272733e-04 2.5279058895e-06 2.2047635275e+01
-2.5691392111e-04 1.4939828097e-06 3.4608910322e+01
2.4830584859e-04 1.4768235366e-04 1.3005912071e+01
2.7728707715e-04 1.3549650343e-04 1.2707126424e+01
2.8042047905e-04 3.0652547162e-06 1.9370230408e+01
-2.8062949201e-04 1.5523627142e-06 2.0706217061e+01
3.0441287962e-04 1.1938823901e-04 1.2478037347e+01
-2.7280695629e-04 7.1421666758e-05 3.8506998651e+01
-3.0397339139e-04 1.6973259013e-06 1.7034696806e+01
3.0434448413e-04 3.1439770326e-06 1.7877087832e+01
3.2530843385e-04 1.0424320422e-04 1.2286435516e+01
-2.8741172048e-04 6.4945574426e-05 3.8441534570e+01
-3.4079270662e-05 1.4564282479e-06 5.1081367406e+01
3.2450128651e-04 3.3670263101e-06 1.7020062345e+01
-3.2342128986e-04 1.9329062619e-06 1.7059196471e+01
3.4508936564e-04 8.5447378609e-05 1.2137399973e+01
-3.4275826372e-04 2.3648046860e-06 1.9903065018e+01
3.4499465546e-04 3.6753154688e-06 1.4773584296e+01
3.6023081515e-04 6.8221706000e-05 1.1949843567e+01
-3.1594309200e-04 5.3811701925e-05 1.6086473731e+01
1.0111185858e-04 1.5282966325e-06 2.3604498848e+01
-1.0179046856e-04 1.4517839913e-06 5.3266327669e+01
6.9371805869e-05 1.5117339642e-06 2.9307770061e+01
-6.9929041036e-05 1.4517960247e-06 5.3088135102e+01
3.3604854756e-05 1.4870168866e-06 3.8732021850e+01
1.7654433056e-06 1.4686616104e-06 4.6061490175e+01
-3.1290224024e-05 1.2676607039e-04 3.1750746379e+01
-1.1263254973e-05 1.2814534389e-04 3.5539159360e+01
1.0887192040e-05 1.2972601944e-04 4.6068074040e+01
3.2230804782e-05 1.3169940617e-04 5.3561600217e+01
-7.7615227015e-05 1.2293650719e-04 3.2341052870e+01
9.6357989203e-05 1.5543073881e-04 1.8556372844e+01
-1.4622268995e-04 1.1188022228e-04 3.3782017306e+01
1.2735497112e-04 1.6371549220e-04 1.6277939948e+01
1.6412236096e-04 1.6506335642e-04 1.3774239365e+01
-2.0965037235e-04 9.5462621905e-05 3.5688202127e+01
2.0073160403e-04 1.6050735835e-04 1.3473490297e+01
-3.5826744667e-04 3.1224025636e-06 2.1177132906e+01
3.6081606898e-04 3.9774910137e-06 1.0036441430e+01
3.7072852132e-04 5.2836645655e-05 1.1740568027e+01
-3.3329457880e-04 4.8458437259e-05 1.3293355025e+01
-3.5420881389e-04 3.5870721428e-05 1.1573741451e+01
3.8000372230e-04 3.6199340403e-05 1.1317165261e+01
-2.9235330106e-04 1.6065966611e-06 1.7038391399e+01
2.6859042141e-04 2.7613069644e-06 2.2203208856e+01
2.9231970339e-04 3.1776678951e-06 1.7669493559e+01
2.4455484876e-04 2.3270378446e-06 2.1637194879e+01
-2.4498907524e-04 1.4873947243e-06 3.9159902667e+01
-2.6874996018e-04 1.5236630887e-06 2.8515430685e+01
2.1663530917e-04 1.9483348820e-06 2.0826074191e+01
-2.1718544365e-04 1.4745707468e-06 4.5701243922e+01
-1.8935382541e-04 1.4644331874e-06 4.9186837335e+01
1.8872311357e-04 1.6796803056e-06 2.0782982016e+01
-1.6150454280e-04 1.4582512937e-06 5.1242489792e+01
1.6078468014e-04 1.5392849911e-06 2.1334901440e+01
1.3287391526e-04 1.5328141085e-06 2.2001787502e+01
-1.3364311672e-04 1.4542745331e-06 5.2520539229e+01
-3.7030603074e-04 3.6340864156e-06 1.6439179255e+01
3.7256873922e-04 4.1622781698e-06 6.8110968602e+00
-2.2753748154e-04 8.9748451764e-05 3.6207624559e+01
2.3142655995e-04 1.5292022494e-04 1.3191628544e+01
-2.4538759308e-04 8.3191351528e-05 3.7399405886e+01
2.6125545321e-04 1.4265210229e-04 1.2874899455e+01
2.8879892507e-04 1.2919766631e-04 1.2606659752e+01
-2.6292479817e-04 7.6025148581e-05 3.8306553174e+01
3.1477124296e-04 1.1295683199e-04 1.2351446344e+01
-2.7999527271e-04 6.8779068831e-05 3.8768172860e+01
3.3521947532e-04 9.5169767904e-05 1.2222788248e+01
-3.6991909054e-04 2.3995257993e-05 1.0318291333e+01
3.8673386837e-04 2.2002754396e-05 1.0526351455e+01
-3.8212063213e-04 4.1216645532e-06 6.7802315720e+00
3.8437299950e-04 4.3233844432e-06 3.6884193265e+00
-3.5049317648e-04 2.6987409480e-06 2.1131782679e+01
3.5285612776e-04 3.9327061485e-06 1.2311489709e+01
-3.3501825966e-04 2.1261818104e-06 1.7947980760e+01
3.3681761672e-04 3.5898477117e-06 1.6629310857e+01
3.1653921098e-04 3.0997743516e-06 1.7399042704e+01
-3.1562754158e-04 1.8242270662e-06 1.7044458393e+01
-2.3704738703e-04 1.4864141570e-06 4.1503112637e+01
2.3657331417e-04 2.2071024701e-06 2.1355957723e+01
2.0866231317e-04 1.8595285514e-06 2.0721424149e+01
-2.0923595007e-04 1.4710833141e-06 4.6910828087e+01
-1.8139840155e-04 1.4623807738e-06 4.9879687258e+01
1.8074349812e-04 1.6253609556e-06 2.0915564451e+01
1.5279754072e-04 1.5314718431e-06 2.1667374993e+01
-1.5354520997e-04 1.4569278277e-06 5.1672191118e+01
-1.2568093895e-04 1.4534509482e-06 5.2777918979e+01
1.0904482178e-04 1.5305137842e-06 2.2909096869e+01
1.2492344478e-04 1.5326351412e-06 2.2167618174e+01
9.3179734715e-05 1.5252195374e-06 2.4595584168e+01
-1.0975456925e-04 1.4522009184e-06 5.3153309793e+01
-9.3825816618e-05 1.4515186198e-06 5.3323558904e+01
-7.7895048688e-05 1.4515043888e-06 5.3243248094e+01
7.7310692646e-05 1.5167801308e-06 2.7489324188e+01
-4.6029384772e-05 1.4541845651e-06 5.2027972561e+01
4.5507627061e-05 1.4878343367e-06 3.5548537546e+01
-6.1962704253e-05 1.4523200013e-06 5.2842234515e+01
2.5648250838e-05 1.4818577879e-06 4.0769628591e+01
9.7281853019e-06 1.4726290393e-06 4.4458870962e+01
6.1429489829e-05 1.5063565554e-06 3.1296019407e+01
-2.6112743034e-05 1.4583911045e-06 5.0264408044e+01
-6.1986418589e-06 1.4651571781e-06 4.7485782296e+01
-2.6244783778e-05 1.2712923384e-04 3.1781084736e+01
-3.6359868059e-05 1.2638625222e-04 3.1779093792e+01
-6.3235888618e-06 1.2847008420e-04 3.7722655401e+01
-4.8883998514e-05 1.2552277501e-04 3.1915751768e+01
5.8766923316e-06 1.2948549872e-04 4.3810400074e+01
-7.2738651991e-05 1.2314724434e-04 3.2250865255e+01
-8.2856135403e-05 1.2185733924e-04 3.2416059464e+01
3.6919161163e-05 1.3217809380e-04 5.6499741708e+01
4.8720277420e-05 1.3396096932e-04 6.3834692360e+01
-9.6142419757e-05 1.2012500554e-04 3.2658818479e+01
5.7402643279e-05 1.3570060150e-04 6.7683460780e+01
-1.0637947534e-04 1.1871192829e-04 3.2862327175e+01
-1.1970303097e-04 1.1665151910e-04 3.3147056009e+01
6.7909758003e-05 1.3942976266e-04 6.6970644311e+01
-1.3040719769e-04 1.1483504156e-04 3.3392498305e+01
7.6173803603e-05 1.4698052280e-04 2.5124148389e+01
8.9325274450e-05 1.5334161745e-04 1.8963776601e+01
1.0405854392e-04 1.5760475818e-04 1.7727068101e+01
-1.6221321635e-04 1.0838237417e-04 3.4215093158e+01
1.1918878703e-04 1.6197460624e-04 1.7497800168e+01
-1.7249378495e-04 1.0593410423e-04 3.4512817680e+01
1.3678726882e-04 1.6543425483e-04 1.3968937702e+01
-1.8332495743e-04 1.0319067401e-04 3.4842056123e+01
1.5529442882e-04 1.6548982763e-04 1.3830070824e+01
1.7393259125e-04 1.6467721428e-04 1.3668889210e+01
-1.9364040957e-04 1.0051411825e-04 3.5161374663e+01
1.9164852499e-04 1.6259654309e-04 1.3516484559e+01
-2.0431232828e-04 9.7445337326e-05 3.5503088648e+01
2.0983381077e-04 1.5924545410e-04 1.3352934477e+01
-2.1462878863e-04 9.3951366292e-05 3.5842197312e+01
-2.3238612269e-04 8.8106358309e-05 3.6316775427e+01
2.4007318753e-04 1.5070893611e-04 1.3078423304e+01
2.6848184497e-04 1.4003149896e-04 1.2776479544e+01
2.9651668009e-04 1.2476862538e-04 1.2531352668e+01
-2.6785057339e-04 7.3895586156e-05 3.8454953565e+01
3.5156933631e-04 7.8554788758e-05 1.2066120039e+01
-3.0765360923e-04 5.6059109830e-05 3.2505946244e+01
-3.2289744807e-04 5.2511030997e-05 1.6787618912e+01
3.6574611032e-04 6.0751890462e-05 1.1852729198e+01
3.7588442606e-04 4.4769491541e-05 1.1544224631e+01
-3.4374075928e-04 4.2694205601e-05 1.2447341719e+01
3.9064301559e-04 1.2611445105e-05 9.2443145641e+00
-3.8192689224e-04 1.3282274535e-05 8.9347676902e+00
-3.8946058623e-04 4.2771913309e-06 6.7060605807e-01
3.9212055870e-04 4.1741505955e-06 2.2351203035e+00
-3.8583569416e-04 4.2496549990e-06 2.8291559025e+00
-3.7971801724e-04 8.3939008077e-06 9.2658156037e+00
-3.7619388504e-04 8.0299363769e-06 1.1255986318e+01
-3.7369567665e-04 1.2227252144e-05 1.1344284974e+01
-3.7026359908e-04 1.1654310714e-05 1.2669151855e+01
-3.6774496164e-04 1.5758245867e-05 1.2225079209e+01
-3.6436847746e-04 1.5001805209e-05 1.3302145857e+01
-3.6186447047e-04 1.9013884887e-05 1.2804461314e+01
-3.5852155201e-04 1.8100979329e-05 1.3817112415e+01
-3.5604982930e-04 2.2024038878e-05 1.3397870172e+01
-3.5272379429e-04 2.0979564169e-05 1.4477496253e+01
-3.5029307038e-04 2.4813682176e-05 1.4176407440e+01
-3.4696760358e-04 2.3661122587e-05 1.5478900407e+01
-3.4458056014e-04 2.7402862160e-05 1.5323283901e+01
-3.4123397253e-04 2.6166042783e-05 1.6792630995e+01
-3.3888801574e-04 2.9808105495e-05 1.6789240606e+01
-3.3565182516e-04 2.8481009134e-05 1.7037899417e+01
-3.3782021386e-04 2.4968617839e-05 1.7038954042e+01
-3.3247865097e-04 2.7183116319e-05 1.6977390670e+01
-3.3038365532e-04 3.0584873093e-05 1.6974326552e+01
-3.2743158355e-04 2.9211828075e-05 1.7006209046e+01
-3.2936858431e-04 2.5919156306e-05 1.7012751317e+01
-3.2452164561e-04 2.7895654802e-05 1.7030711314e+01
-3.2269207214e-04 3.1065572123e-05 1.7020287865e+01
-3.1995847197e-04 2.9721761695e-05 1.7055879384e+01
-3.1826135457e-04 3.2762453948e-05 1.7051056805e+01
-3.1567582279e-04 3.1415078125e-05 1.7082502280e+01
-3.1724596792e-04 2.8492796982e-05 1.7073880066e+01
-3.1308549134e-04 3.0180681636e-05 1.7093614144e+01
-3.1166016373e-04 3.2997168808e-05 1.7107102626e+01
-3.1050886954e-04 2.9051734079e-05 1.7072896940e+01
-3.0665788630e-04 3.0668729079e-05 1.7087608430e+01
-3.0546511329e-04 3.3294183166e-05 1.7116955595e+01
-3.0412989825e-04 2.9650251540e-05 1.7067182135e+01
-3.0053537773e-04 3.1219426181e-05 1.7079787195e+01
-2.9955407109e-04 3.3719939406e-05 1.7092699001e+01
-2.9711714929e-04 3.2741655271e-05 1.7079959672e+01
-2.9801256318e-04 3.0295673478e-05 1.7070582739e+01
-2.9384021841e-04 3.4235276361e-05 1.7066268791e+01
-2.9139951307e-04 3.3350653358e-05 1.7064612929e+01
-2.9212699767e-04 3.0997329618e-05 1.7063767722e+01
-2.8958132437e-04 3.0220806449e-05 1.7074661490e+01
-2.8583116323e-04 3.4040910230e-05 1.6864183441e+01
-2.8387699485e-04 3.1058791742e-05 1.6916922155e+01
-2.8081859214e-04 3.2611237420e-05 2.0032033424e+01
-2.7777846319e-04 3.4180587122e-05 2.3064850160e+01
-2.7517248890e-04 3.3583052512e-05 2.4714707756e+01
-2.7557224795e-04 3.1423674594e-05 2.3867198745e+01
-2.7251007832e-04 3.3037544400e-05 2.6275885214e+01
-2.6979198195e-04 3.2540298595e-05 2.7735788453e+01
-2.6675627385e-04 3.4181353522e-05 2.9568998649e+01
-2.6398279664e-04 3.3740485906e-05 3.0744621001e+01
-2.6375416468e-04 3.5833491828e-05 3.1134736623e+01
-2.6098134207e-04 3.5403157660e-05 3.2141473500e+01
-2.6115910746e-04 3.3338099217e-05 3.1854629337e+01
-2.5828691185e-04 3.2971122605e-05 3.2900209135e+01
-2.5519870657e-04 3.6688981687e-05 3.4154149903e+01
-2.5233811031e-04 3.6333855739e-05 3.4938923044e+01
-2.5238306063e-04 3.4318351501e-05 3.4857967412e+01
-2.4943520771e-04 3.6007905862e-05 3.5683847556e+01
-2.4942962733e-04 3.4016581959e-05 3.5664729433e+01
-2.4649176662e-04 3.5708811405e-05 3.6389316879e+01
-2.4350963475e-04 3.5434362561e-05 3.7056088782e+01
-2.4062050423e-04 3.7135359616e-05 3.7581609315e+01
-2.3761461026e-04 3.6883861310e-05 3.8136563070e+01
-2.3776796126e-04 3.8843632028e-05 3.8012584287e+01
-2.3477496788e-04 3.8592332505e-05 3.8502709473e+01
-2.3457506609e-04 3.6652250842e-05 3.8661345284e+01
-2.3174950570e-04 3.8360223390e-05 3.8967849458e+01
-2.3150356570e-04 3.6438843236e-05 3.9157028735e+01
-2.2869319879e-04 3.8145728230e-05 3.9408759040e+01
-2.2840177795e-04 3.6242090959e-05 3.9624826860e+01
-2.2591804637e-04 3.9859585802e-05 3.9598749998e+01
-2.2284829925e-04 3.9659642679e-05 3.9972128304e+01
-2.1975160299e-04 3.9474153673e-05 4.0326810381e+01
-2.1662937843e-04 3.9301939892e-05 4.0663594450e+01
-2.1348301744e-04 3.9141912816e-05 4.0983312004e+01
-2.1031379134e-04 3.8993080598e-05 4.1286815214e+01
-2.0712294533e-04 3.8854522452e-05 4.1574972432e+01
-2.0391165851e-04 3.8725392017e-05 4.1848635265e+01
-2.0129264552e-04 4.0429714960e-05 4.1769094765e+01
-2.0187837227e-04 4.2276056834e-05 4.1435228514e+01
-1.9870600004e-04 4.2138635322e-05 4.1664903884e+01
-1.9551383695e-04 4.2011929057e-05 4.1884239462e+01
-1.9230244467e-04 4.1896189372e-05 4.2093612788e+01
-1.8907553488e-04 4.1785694476e-05 4.2294264349e+01
-1.8834416884e-04 3.9981387954e-05 4.2659486483e+01
-1.8583309987e-04 4.1681581316e-05 4.2486473391e+01
-1.8257579182e-04 4.1583651445e-05 4.2670705892e+01
-1.7930435821e-04 4.1491528915e-05 4.2847431448e+01
-1.7601955386e-04 4.1404800533e-05 4.3017117429e+01
-1.7359600898e-04 4.3104380687e-05 4.2793047737e+01
-1.7031844717e-04 4.3020060219e-05 4.2946197125e+01
-1.7119972623e-04 4.4811754379e-05 4.2557476331e+01
-1.6794170485e-04 4.4724902604e-05 4.2701482614e+01
-1.6702904819e-04 4.2940481165e-05 4.3093907682e+01
-1.6467197052e-04 4.4642855588e-05 4.2840746027e+01
-1.6139111154e-04 4.4565306268e-05 4.2975530704e+01
-1.5709580359e-04 4.2727187049e-05 4.3507472772e+01
-1.5479830485e-04 4.4422611894e-05 4.3232602098e+01
-1.5376489838e-04 4.2663711505e-05 4.3636344629e+01
-1.5148743843e-04 4.4356990024e-05 4.3355293772e+01
-1.4816757544e-04 4.4294913876e-05 4.3474307225e+01
-1.4483922490e-04 4.4236184523e-05 4.3589769916e+01
-1.4262659337e-04 4.5933879925e-05 4.3291483683e+01
-1.3931039027e-04 4.5876413703e-05 4.3398950017e+01
-1.3598641792e-04 4.5822159185e-05 4.3503334927e+01
-1.3265560446e-04 4.5770992561e-05 4.3604613988e+01
-1.3145555448e-04 4.4032730692e-05 4.4017000439e+01
-1.3052708398e-04 4.7472244747e-05 4.3288948016e+01
-1.2720906119e-04 4.7422221048e-05 4.3383813467e+01
-1.2597317853e-04 4.5677880673e-05 4.3797588608e+01
-1.2262283541e-04 4.5634934430e-05 4.3889234907e+01
-1.2055476813e-04 4.7331328057e-05 4.3564365007e+01
-1.1926694011e-04 4.5594597363e-05 4.3977374326e+01
-1.1721907682e-04 4.7289906173e-05 4.3649803268e+01
-1.1590574746e-04 4.5556785819e-05 4.4061795491e+01
-1.1387811510e-04 4.7251141485e-05 4.3731703101e+01
-1.1053222254e-04 4.7214999819e-05 4.3809782101e+01
-1.0916868853e-04 4.5488631554e-05 4.4218363065e+01
-1.0579037228e-04 4.5458766765e-05 4.4289754642e+01
-1.0241410458e-04 4.5430173380e-05 4.4356197522e+01
-1.0045844916e-04 4.7118973426e-05 4.4018271619e+01
-9.9034670017e-05 4.5404438023e-05 4.4416956437e+01
-9.7105205791e-05 4.7096254452e-05 4.4076306439e+01
-9.3740042022e-05 4.7072837646e-05 4.4129141529e+01
-9.1857418531e-05 4.8774769188e-05 4.3784855963e+01
-8.8509694630e-05 4.8754408769e-05 4.3829365387e+01
-8.5159180939e-05 4.8736842346e-05 4.3866507011e+01
-8.1806210687e-05 4.8722110755e-05 4.3895479554e+01
-8.0249183273e-05 4.7007709973e-05 4.4265655773e+01
-7.6871034982e-05 4.6998337685e-05 4.4277087305e+01
-7.3491348816e-05 4.6991455218e-05 4.4277604411e+01
-7.1735781356e-05 4.8696464750e-05 4.3923990702e+01
-6.8376264426e-05 4.8694466774e-05 4.3910499876e+01
-6.5015966111e-05 4.8695915817e-05 4.3883523062e+01
-6.3345862682e-05 4.6991438264e-05 4.4201068988e+01
-5.9963006785e-05 4.6998703142e-05 4.4145164494e+01
-5.6581205421e-05 4.7009044754e-05 4.4071794990e+01
-5.4933846508e-05 4.8722648978e-05 4.3707615767e+01
-5.1574201737e-05 4.8740475512e-05 4.3611940628e+01
-5.3310087952e-05 5.0448401945e-05 4.3345521025e+01
-4.9971275936e-05 5.0468588134e-05 4.3247392739e+01
-4.8214530547e-05 4.8761988470e-05 4.3495006264e+01
-4.6633922090e-05 5.0493063302e-05 4.3127624868e+01
-4.4856621931e-05 4.8788102114e-05 4.3354794804e+01
-4.3299984011e-05 5.0522108115e-05 4.2984291825e+01
-3.9967869571e-05 5.0556812674e-05 4.2815064736e+01
-3.6637099141e-05 5.0596868353e-05 4.2617729733e+01
-3.4796409271e-05 4.8896852892e-05 4.2773259530e+01
-3.3309545335e-05 5.0642881256e-05 4.2389902858e+01
-3.1448620202e-05 4.8944233114e-05 4.2518047710e+01
-2.9985978612e-05 5.0695221064e-05 4.2129089553e+01
-2.8104616407e-05 4.8997730806e-05 4.2227987156e+01
-2.6665497781e-05 5.0753775475e-05 4.1832578370e+01
-2.3349847734e-05 5.0819262042e-05 4.1497599190e+01
-2.0039853942e-05 5.0892056273e-05 4.1121280706e+01
-1.6734760298e-05 5.0972282064e-05 4.0700458191e+01
-1.4776470834e-05 4.9279055687e-05 4.0663881966e+01
-1.3436376175e-05 5.1060549975e-05 4.0232075325e+01
-1.1459642060e-05 4.9368087085e-05 4.0157177940e+01
-1.0145630940e-05 5.1157342345e-05 3.9712951973e+01
-8.1503929057e-06 4.9465347068e-05 3.9598079364e+01
-6.8619710812e-06 5.1262684718e-05 3.9139627495e+01
-3.5872828902e-06 5.1377322328e-05 3.8508880668e+01
-3.2263292372e-07 5.1501730541e-05 3.7817439401e+01
2.9322986836e-06 5.1635975346e-05 3.7061789829e+01
6.1755162723e-06 5.1780765141e-05 3.6238909154e+01
8.2546850392e-06 5.0088192591e-05 3.5908656103e+01
1.1500644840e-05 5.0243177501e-05 3.4972051901e+01
1.4732567870e-05 5.0408758365e-05 3.3963805977e+01
1.7949132744e-05 5.0585173458e-05 3.2882623412e+01
2.1148913098e-05 5.0773628564e-05 3.1727874768e+01
2.4330812275e-05 5.0973540068e-05 3.0500041525e+01
2.5330512277e-05 5.2891215067e-05 2.9749625681e+01
2.7493257319e-05 5.1185344814e-05 2.9201337734e+01
2.8459903660e-05 5.3119748528e-05 2.8398936483e+01
3.0634709386e-05 5.1409208515e-05 2.7834627479e+01
3.1568032322e-05 5.3361160736e-05 2.6979556739e+01
3.3753746948e-05 5.1645235219e-05 2.6404259640e+01
3.4652456961e-05 5.3615810894e-05 2.5487342946e+01
3.6848614108e-05 5.1893520604e-05 2.4941306460e+01
3.7711489998e-05 5.3883794263e-05 2.3935530599e+01
4.0746005692e-05 5.4164754608e-05 2.2816243538e+01
4.3789069909e-05 5.4466461012e-05 2.2807134110e+01
4.6037345967e-05 5.2724022721e-05 2.2805129278e+01
4.9120961481e-05 5.3040222477e-05 2.2775949649e+01
5.2221192141e-05 5.3378430896e-05 2.2777363056e+01
5.5339127169e-05 5.3738295533e-05 2.2777662754e+01
5.6120546593e-05 5.5889336200e-05 2.2775768712e+01
5.8475748508e-05 5.4120093606e-05 2.2777935124e+01
5.9248089719e-05 5.6301007209e-05 2.2775475977e+01
6.1631924610e-05 5.4524941181e-05 2.2779139391e+01
6.2395258308e-05 5.6736018429e-05 2.2776204780e+01
6.4808878279e-05 5.4952532683e-05 2.2781140578e+01
6.5563062653e-05 5.7194678237e-05 2.2777976923e+01
6.8753334315e-05 5.7677169371e-05 2.2780782701e+01
7.1229373689e-05 5.5877791257e-05 2.2787964195e+01
7.1966686641e-05 5.8184077192e-05 2.2784602660e+01
7.4475234187e-05 5.6376173275e-05 2.2792882811e+01
7.5204278337e-05 5.8715657090e-05 2.2789475915e+01
7.7746498925e-05 5.6898496767e-05 2.2798705489e+01
7.8467986246e-05 5.9272062754e-05 2.2795437409e+01
8.1044238966e-05 5.7445692382e-05 2.2805604152e+01
8.1758625481e-05 5.9853777784e-05 2.2802509175e+01
8.5077646775e-05 6.0460952646e-05 2.2810631051e+01
8.7724861715e-05 5.8613720663e-05 2.2822174874e+01
9.1110204017e-05 5.9235481313e-05 2.2831835650e+01
9.1806423117e-05 6.1752539009e-05 2.2829974465e+01
9.4527470819e-05 5.9882239259e-05 2.2842285125e+01
9.5219259166e-05 6.2437275934e-05 2.2841043963e+01
9.7978128730e-05 6.0554022611e-05 2.2853353896e+01
9.8666166322e-05 6.3148127034e-05 2.2852882221e+01
7.3329859436e-06 5.3636255769e-05 3.5709483003e+01
1.0214860517e-04 6.3885257961e-05 2.2865302057e+01
1.0498457749e-04 6.1974106148e-05 2.2877210949e+01
-7.3339883099e-05 5.0416679480e-05 4.3573383818e+01
1.0566805560e-04 6.4648576731e-05 2.2878143817e+01
1.0854330109e-04 6.2722022195e-05 2.2889580292e+01
4.4605359375e-05 5.6536567063e-05 2.2766288440e+01
1.0922612589e-04 6.5438220454e-05 2.2890918889e+01
1.1214090350e-04 6.3495158246e-05 2.2901926613e+01
-9.3313485246e-05 5.0506968076e-05 4.3390305377e+01
1.1282428326e-04 6.6253993020e-05 2.2904624529e+01
1.1577876296e-04 6.4293429968e-05 2.2912416409e+01
6.3152642563e-05 5.8979803202e-05 2.2771923213e+01
1.1646385327e-04 6.7095824989e-05 2.2914215164e+01
1.1945828958e-04 6.5116585733e-05 2.2937430446e+01
1.2014625337e-04 6.7963532592e-05 2.2917757823e+01
1.2318075948e-04 6.5964264597e-05 2.2907902263e+01
1.2387364352e-04 6.8856350199e-05 2.3060322821e+01
1.2694820511e-04 6.6837217538e-05 2.2891322367e+01
8.2465367239e-05 6.2297663663e-05 2.2798558588e+01
1.2763880696e-04 6.9774473697e-05 2.2450007937e+01
1.3072342960e-04 6.7728190530e-05 2.1781033490e+01
-1.5027917719e-04 4.7838094515e-05 4.2661272040e+01
1.3138987440e-04 7.0707348244e-05 2.1242625115e+01
1.3448161904e-04 6.8632252073e-05 2.0769253216e+01
9.9345068313e-05 6.5782802561e-05 2.2852333774e+01
1.3512425043e-04 7.1651847026e-05 2.0202806697e+01
1.3822473601e-04 6.9546556560e-05 1.9808631851e+01
1.3885299941e-04 7.2610147294e-05 1.9231895845e+01
1.4195462228e-04 7.0468575339e-05 1.8943795590e+01
1.4254720312e-04 7.3562561567e-05 1.8376782535e+01
1.4566706171e-04 7.1392218477e-05 1.8190739504e+01
1.1713953407e-04 6.9946119854e-05 2.2932940770e+01
1.4623412592e-04 7.4517413752e-05 1.7629637800e+01
1.4936657264e-04 7.2315840746e-05 1.7540357800e+01
1.4989385331e-04 7.5471763987e-05 1.7081387147e+01
1.5305048775e-04 7.3234891323e-05 1.7081782781e+01
1.5356642693e-04 7.6435846652e-05 1.6979549327e+01
1.5674393017e-04 7.4164741739e-05 1.6981153272e+01
1.3576626902e-04 7.4731822883e-05 1.9587219206e+01
1.5728176781e-04 7.7437910936e-05 1.7013655803e+01
1.6047800125e-04 7.5132957909e-05 1.7013509628e+01
1.5622097099e-04 7.0984690481e-05 1.7092884933e+01
1.3003460475e-04 6.4799217945e-05 2.2357220324e+01
1.0429087603e-04 5.9341734907e-05 2.2876401268e+01
-2.6206735321e-05 4.7310233319e-05 4.2309021845e+01
8.3652640648e-05 5.5610009952e-05 2.2815571171e+01
4.5222864529e-05 5.0690604404e-05 2.2740657652e+01
3.7890646931e-06 4.8126069488e-05 3.7318496337e+01
1.6103884084e-04 7.8476992846e-05 1.7010162076e+01
1.6425280799e-04 7.6139214118e-05 1.7011350378e+01
1.6483703125e-04 7.9550794384e-05 1.7010826241e+01
1.6806825479e-04 7.7181569580e-05 1.7011884122e+01
-5.8255814802e-05 4.5307696441e-05 4.4437446450e+01
-7.8676038638e-05 4.5305783534e-05 4.4628480663e+01
1.5409582852e-04 7.9725069086e-05 1.7013344601e+01
1.6867565241e-04 8.0656306700e-05 1.7007016336e+01
1.7192380136e-04 7.8257524456e-05 1.7007837268e+01
1.7255381403e-04 8.1790029558e-05 1.7003620976e+01
1.7581875480e-04 7.9363556655e-05 1.7003780602e+01
1.7517625132e-04 7.5839356241e-05 1.7008826277e+01
1.7908613438e-04 7.6916818025e-05 1.7003914605e+01
1.7843339488e-04 7.3403910127e-05 1.7009990286e+01
1.8235623337e-04 7.4451473357e-05 1.7004183805e+01
1.8303413213e-04 7.8022559778e-05 1.6999661852e+01
1.8631750219e-04 7.5529894358e-05 1.6999616276e+01
1.8562950075e-04 7.1969391202e-05 1.7004787897e+01
1.8960202787e-04 7.3019187457e-05 1.6999673158e+01
1.9031584850e-04 7.6634300606e-05 1.6993547756e+01
1.9361217275e-04 7.4097970528e-05 1.6990465858e+01
1.9434945109e-04 7.7759408829e-05 1.7008086949e+01
1.9765807968e-04 7.5200092435e-05 1.7012477659e+01
1.8890653071e-04 6.9472692833e-05 1.7005719196e+01
-1.3698509000e-04 4.2394867665e-05 4.4221215773e+01
1.9841619484e-04 7.8899951952e-05 1.6937873092e+01
2.0173763452e-04 7.6319367596e-05 1.6916011844e+01
2.0249103115e-04 8.0035590294e-05 1.6587076188e+01
2.0582042157e-04 7.7429928335e-05 1.6555597633e+01
2.0655537909e-04 8.1152142591e-05 1.6294432865e+01
2.0989293876e-04 7.8522202089e-05 1.6285315183e+01
2.0914658967e-04 7.4806607792e-05 1.6530957864e+01
2.1322695393e-04 7.5875278060e-05 1.6278190732e+01
2.1246960725e-04 7.2166232598e-05 1.6516712633e+01
2.1655733064e-04 7.3211744572e-05 1.6274632569e+01
2.1729854389e-04 7.6925844949e-05 1.6050422443e+01
2.2063655406e-04 7.4239497218e-05 1.6058134178e+01
2.1988475401e-04 7.0532246435e-05 1.6277926306e+01
2.2397166058e-04 7.1537636040e-05 1.6069776580e+01
2.2470811345e-04 7.5249175663e-05 1.5878108379e+01
2.2805084655e-04 7.2525111488e-05 1.5898232036e+01
2.0321384248e-04 8.3764661638e-05 1.6307073446e+01
2.2877236442e-04 7.6240558993e-05 1.5723215652e+01
2.3212275280e-04 7.3494486083e-05 1.5748490292e+01
2.3139032815e-04 6.9786315370e-05 1.5922794749e+01
2.3546977174e-04 7.0733773713e-05 1.5777929782e+01
2.3618773644e-04 7.4445840619e-05 1.5618648644e+01
2.3954208389e-04 7.1663274790e-05 1.5651023511e+01
2.3472574467e-04 6.7032902639e-05 1.5952419844e+01
2.4024596498e-04 7.5379184108e-05 1.5503553315e+01
2.4360746373e-04 7.2574645233e-05 1.5537459862e+01
2.4429744769e-04 7.6294792007e-05 1.5399614387e+01
2.4766569236e-04 7.3468646045e-05 1.5433959414e+01
1.6929118661e-04 8.4194614240e-05 1.7003499059e+01
-1.9088400122e-04 3.8288914300e-05 4.2814821624e+01
-9.4657501159e-06 4.7684201782e-05 4.0063656354e+01
-3.9684894143e-05 4.7126768938e-05 4.3378887016e+01
2.4834214683e-04 7.7193084369e-05 1.5303442013e+01
2.5171672749e-04 7.4345478308e-05 1.5337386939e+01
2.4496397557e-04 8.0025297152e-05 1.5272239772e+01
2.5103064533e-04 7.0627257287e-05 1.5471231662e+01
2.5508804693e-04 7.1482369736e-05 1.5373902285e+01
2.5439258736e-04 6.7770432089e-05 1.5511243038e+01
2.5845627166e-04 6.8603541890e-05 1.5412747757e+01
2.5775174489e-04 6.4897982966e-05 1.5553742860e+01
2.6182157500e-04 6.5708727904e-05 1.5453603220e+01
2.6251168361e-04 6.9420086959e-05 1.5317083682e+01
2.6588265875e-04 6.6502904213e-05 1.5355579579e+01
2.6655829057e-04 7.0220717635e-05 1.5222273034e+01
2.6993441854e-04 6.7281194093e-05 1.5257840810e+01
2.6110824720e-04 6.2009671062e-05 1.5598399818e+01
2.7059560144e-04 7.1006221447e-05 1.5126640432e+01
2.7397625792e-04 6.8044420036e-05 1.5158887581e+01
2.7462297881e-04 7.1777460237e-05 1.5028820923e+01
2.7800746880e-04 6.8793492165e-05 1.5057504039e+01
2.7735390059e-04 6.5064980702e-05 1.5191174963e+01
2.8138901887e-04 6.5791301884e-05 1.5085788047e+01
2.8072871506e-04 6.2067383399e-05 1.5222928278e+01
2.8476770882e-04 6.2770407769e-05 1.5113133988e+01
2.8541296732e-04 6.6504769938e-05 1.4976931080e+01
2.8879420391e-04 6.3460548941e-05 1.4999944991e+01
2.8814351333e-04 5.9730247914e-05 1.5139009919e+01
2.9217297809e-04 6.0396495402e-05 1.5021269613e+01
2.9280681510e-04 6.4139091616e-05 1.4882759333e+01
2.9618803811e-04 6.1051215569e-05 1.4899762857e+01
2.9151642170e-04 5.6670196959e-05 1.5162947356e+01
2.9680478477e-04 6.4807473466e-05 1.4760963354e+01
3.0018756341e-04 6.1695832357e-05 1.4773862622e+01
3.0078696872e-04 6.5467129293e-05 1.4633924857e+01
3.0417038864e-04 6.2331888581e-05 1.4642849889e+01
-1.8410135183e-04 4.5214259017e-05 4.1927898431e+01
-1.7515275544e-04 3.9633957748e-05 4.3402381723e+01
3.0475217084e-04 6.6119889999e-05 1.4500962169e+01
3.0813525410e-04 6.2961193510e-05 1.4505924243e+01
3.0136612962e-04 6.9255590634e-05 1.4493882782e+01
3.0755090897e-04 5.9173723231e-05 1.4649685808e+01
3.1151546920e-04 5.9778489790e-05 1.4508604536e+01
3.1092855117e-04 5.5991481910e-05 1.4654393836e+01
3.1489284463e-04 5.6570689763e-05 1.4508826591e+01
3.1430335453e-04 5.2784128812e-05 1.4656954996e+01
3.1826747505e-04 5.3336418208e-05 1.4506309690e+01
3.1767524614e-04 4.9550409784e-05 1.4657271006e+01
3.2163915800e-04 5.0074377168e-05 1.4500495459e+01
2.7123529032e-04 7.4743855851e-05 1.5000241043e+01
3.0531433769e-04 6.9925690055e-05 1.4358129707e+01
3.0192657441e-04 7.3060645554e-05 1.4352757841e+01
3.1883570072e-04 5.7145558952e-05 1.4355695730e+01
3.2104400557e-04 4.6288927176e-05 1.4654952938e+01
3.2500760698e-04 4.6783011799e-05 1.4490271689e+01
3.1705668290e-04 4.5787820348e-05 1.4809861057e+01
5.3798784048e-05 5.7654237982e-05 2.2772067478e+01
1.6896300285e-05 5.4176257814e-05 3.2716987684e+01
-2.3479016961e-06 5.3201013664e-05 3.8042180800e+01
-1.0850868077e-04 4.8922900650e-05 4.3474231714e+01
-8.3341551150e-05 5.0449277482e-05 4.3518481243e+01
-1.4043863167e-04 4.7639974088e-05 4.2987621469e+01
-2.0656184467e-04 3.7028351359e-05 4.1900475017e+01
-2.1893091232e-04 3.5738010139e-05 4.0874242825e+01
2.0726059864e-04 8.4886365098e-05 1.6048823365e+01
2.0390560428e-04 8.7505806123e-05 1.6055776139e+01
2.0793583071e-04 8.8631754349e-05 1.5832567099e+01
2.0456690747e-04 9.1257882217e-05 1.5833277382e+01
2.0858152632e-04 9.2387171555e-05 1.5643466140e+01
2.0519758229e-04 9.5019884150e-05 1.5640616089e+01
2.0919790200e-04 9.6151685200e-05 1.5479901730e+01
2.0579804716e-04 9.8790678162e-05 1.5475240512e+01
2.0978539456e-04 9.9924176680e-05 1.5339331340e+01
2.0636929504e-04 1.0256897828e-04 1.5334530750e+01
2.1034476757e-04 1.0370343928e-04 1.5218078964e+01
2.0691114801e-04 1.0635360736e-04 1.5214214758e+01
2.1087684444e-04 1.0748821571e-04 1.5111858586e+01
2.0742496063e-04 1.1014311665e-04 1.5109415359e+01
2.0346756364e-04 1.0898549221e-04 1.5212593285e+01
2.0396184788e-04 1.1277955686e-04 1.5109154306e+01
2.0001309247e-04 1.1159838645e-04 1.5213234999e+01
2.1138289698e-04 1.1127717847e-04 1.5015984262e+01
2.0048648858e-04 1.1539684580e-04 1.5111084842e+01
1.9654667668e-04 1.1419152964e-04 1.5216251720e+01
1.9699775285e-04 1.1799415845e-04 1.5115263923e+01
1.9306601656e-04 1.1676402636e-04 1.5221861902e+01
1.9349417874e-04 1.2057056539e-04 1.5121787232e+01
1.8957181355e-04 1.1931534625e-04 1.5230268439e+01
2.1484215154e-04 1.0860027601e-04 1.5019153480e+01
2.1534170058e-04 1.1238860786e-04 1.4927859975e+01
2.1880733946e-04 1.0969077514e-04 1.4931820018e+01
2.1930143797e-04 1.1347854236e-04 1.4841764096e+01
2.2277262732e-04 1.1076049627e-04 1.4846655565e+01
1.8997470555e-04 1.2312511386e-04 1.5130769447e+01
1.8606398877e-04 1.2184311016e-04 1.5241792442e+01
1.9742050771e-04 1.2179755001e-04 1.5023173245e+01
2.2326219524e-04 1.1454799651e-04 1.4755285614e+01
2.2673796995e-04 1.1181056500e-04 1.4761259530e+01
1.8643814676e-04 1.2565640306e-04 1.5142367683e+01
1.8253743469e-04 1.2434722719e-04 1.5256920699e+01
1.8215694098e-04 1.2053027437e-04 1.5370527598e+01
1.7864359438e-04 1.2300481233e-04 1.5389844962e+01
1.7899206332e-04 1.2682589050e-04 1.5276253140e+01
1.7511140013e-04 1.2545140795e-04 1.5415291150e+01
1.7475601302e-04 1.2162736924e-04 1.5553995002e+01
1.7123760951e-04 1.2404165270e-04 1.5587626456e+01
1.7087263838e-04 1.2021416997e-04 1.5764729558e+01
1.6736862865e-04 1.2259598586e-04 1.5811757975e+01
1.6699152688e-04 1.1876444479e-04 1.6054096636e+01
1.6350421457e-04 1.2111010073e-04 1.6109252191e+01
1.6310874031e-04 1.1727718990e-04 1.6426840065e+01
1.5964113101e-04 1.1958493142e-04 1.6609612744e+01
1.5999820548e-04 1.2342351453e-04 1.6178078898e+01
1.5615264601e-04 1.2185850808e-04 1.6796158355e+01
1.5578051649e-04 1.1802256782e-04 1.7034262621e+01
1.5232261221e-04 1.2026074301e-04 1.7036985803e+01
1.5196139167e-04 1.1645511619e-04 1.6979853082e+01
1.4853765771e-04 1.1865737068e-04 1.6987622221e+01
1.4818736185e-04 1.1489038945e-04 1.7006473925e+01
1.4479954034e-04 1.1705598474e-04 1.7005348026e+01
1.4446071387e-04 1.1333437318e-04 1.7005288729e+01
1.4111017998e-04 1.1546389404e-04 1.7007900761e+01
1.4140533223e-04 1.1918430899e-04 1.7005981989e+01
1.3775653862e-04 1.1755435407e-04 1.7010322549e+01
1.3747110742e-04 1.1388761680e-04 1.7007554177e+01
1.3415968421e-04 1.1594118605e-04 1.7009656774e+01
1.3388276553e-04 1.1233290339e-04 1.7001573897e+01
1.3061536411e-04 1.1435062293e-04 1.6999023309e+01
1.3034626900e-04 1.1080225806e-04 1.7003390829e+01
1.2712389617e-04 1.1278675162e-04 1.7012375802e+01
1.2685944920e-04 1.0930020894e-04 1.7070908069e+01
1.2368277127e-04 1.1125176155e-04 1.7153465483e+01
1.2342065761e-04 1.0782216122e-04 1.7184212192e+01
1.2028569174e-04 1.0974652260e-04 1.7361598405e+01
1.2051276693e-04 1.1316014535e-04 1.7252411893e+01
1.1715765304e-04 1.1162181841e-04 1.7885301480e+01
1.1690336096e-04 1.0826079626e-04 1.9080511667e+01
1.1378672829e-04 1.1008660713e-04 2.0280016214e+01
1.1347695488e-04 1.0676898551e-04 2.1700596699e+01
1.1036099627e-04 1.0854679899e-04 2.2892529024e+01
1.1000421750e-04 1.0527897256e-04 2.3124629752e+01
1.0693183020e-04 1.0702700602e-04 2.2765695039e+01
1.0657279239e-04 1.0382451741e-04 2.2809949577e+01
1.0356471034e-04 1.0555498420e-04 2.2827484798e+01
1.0319908970e-04 1.0241604800e-04 2.2796596903e+01
1.0025414042e-04 1.0413037478e-04 2.2752157212e+01
9.9879476437e-05 1.0105324039e-04 2.2760896796e+01
9.6997210033e-05 1.0275356506e-04 2.2710102838e+01
9.6611055571e-05 9.9736119354e-05 2.2720414562e+01
9.3790569388e-05 1.0142483091e-04 2.2668285451e+01
9.4151712720e-05 1.0441474231e-04 2.2652018656e+01
9.1008543559e-05 1.0307626772e-04 2.2608490531e+01
9.0630819931e-05 1.0014418106e-04 2.2631187492e+01
8.7910690860e-05 1.0178826985e-04 2.2571484575e+01
8.7514464853e-05 9.8911332030e-05 2.2600110648e+01
8.4854372583e-05 1.0055025553e-04 2.2542344674e+01
8.4437940253e-05 9.7725907059e-05 2.2575720248e+01
8.1835867706e-05 9.9361479882e-05 2.2521496037e+01
8.1397986864e-05 9.6586910049e-05 2.2558155515e+01
7.8851717557e-05 9.8220980652e-05 2.2508616452e+01
7.5898359187e-05 9.7127640086e-05 2.2502938308e+01
7.5414646063e-05 9.4445321250e-05 2.2542375294e+01
7.0071890993e-05 9.5077455216e-05 2.2508394777e+01
7.0574356692e-05 9.7690299206e-05 2.2466324206e+01
6.7721734576e-05 9.6691114720e-05 2.2476822015e+01
6.7193103124e-05 9.4117768869e-05 2.2517566591e+01
6.4888697335e-05 9.5735695463e-05 2.2490295348e+01
6.2072956422e-05 9.4822448080e-05 2.2506708633e+01
6.1492682996e-05 9.2322376708e-05 2.2546147440e+01
5.9272460847e-05 9.3949806959e-05 2.2525571577e+01
5.8666912095e-05 9.1483918568e-05 2.2565916025e+01
5.5855116050e-05 9.0683056431e-05 2.2584678798e+01
5.3710432177e-05 9.2320336140e-05 2.2579387114e+01
5.0945852945e-05 9.1560581198e-05 2.2585511901e+01
5.0267499329e-05 8.9188880170e-05 2.2624070645e+01
4.8190434749e-05 9.0835711738e-05 2.2598225236e+01
4.7489113465e-05 8.8493074916e-05 2.2626566709e+01
4.4719657862e-05 8.7829796603e-05 2.2717158301e+01
4.2703913159e-05 8.9485295276e-05 2.2466506284e+01
3.9970644951e-05 8.8856957290e-05 2.3225784981e+01
3.9204550544e-05 8.6595882256e-05 2.2858778067e+01
3.7230051922e-05 8.8264736622e-05 2.4793419210e+01
3.4473584116e-05 8.7710008413e-05 2.6208516405e+01
3.2500719042e-05 8.9399504951e-05 2.7852677311e+01
2.9733203434e-05 8.8893966143e-05 2.9020636299e+01
2.8916931909e-05 8.6703637200e-05 2.8774791457e+01
2.6952669802e-05 8.8420606425e-05 3.0103747632e+01
2.6117626658e-05 8.6248225886e-05 2.9911135994e+01
2.3304989821e-05 8.5822392522e-05 3.0954341883e+01
2.0479583619e-05 8.5424511983e-05 3.1902629690e+01
1.7642008730e-05 8.5052990051e-05 3.2760864140e+01
1.4792816831e-05 8.4706522601e-05 3.3533205193e+01
1.0021420723e-05 8.6165294572e-05 3.4826523255e+01
7.1628919296e-06 8.5873499716e-05 3.5348551868e+01
6.1816250761e-06 8.3803821564e-05 3.5385117098e+01
4.2952732596e-06 8.5602384715e-05 3.5806721993e+01
3.2919504957e-06 8.3544508021e-05 3.5864472263e+01
1.4190813884e-06 8.5350821613e-05 3.6205756082e+01
3.9360536801e-07 8.3304015767e-05 3.6283285668e+01
-2.5129314669e-06 8.3081579559e-05 3.6646443277e+01
-5.4270934427e-06 8.2876050046e-05 3.6958626360e+01
-8.3483578554e-06 8.2686412012e-05 3.7224329150e+01
-1.1276305388e-05 8.2512127598e-05 3.7447811812e+01
-1.4210418405e-05 8.2352142622e-05 3.7633101881e+01
-1.7150231501e-05 8.2205592013e-05 3.7783991682e+01
-2.0095374152e-05 8.2072128200e-05 3.7903990846e+01
-2.3045377930e-05 8.1950791672e-05 3.7996400760e+01
-2.5999822949e-05 8.1840825763e-05 3.8064281345e+01
-2.7711124749e-05 8.3705427765e-05 3.7885747789e+01
-3.0651653929e-05 8.3610956221e-05 3.7902215038e+01
-3.3595651339e-05 8.3526701874e-05 3.7902608147e+01
-3.6542764622e-05 8.3452135821e-05 3.7889080901e+01
-3.9492658225e-05 8.3386871472e-05 3.7863579889e+01
-4.2444992379e-05 8.3330424658e-05 3.7827885998e+01
-4.5399436394e-05 8.3282363261e-05 3.7783609412e+01
-4.8355670891e-05 8.3242405493e-05 3.7732179236e+01
-5.1313373468e-05 8.3210151175e-05 3.7674904914e+01
-5.4272228280e-05 8.3185252967e-05 3.7612952851e+01
-5.7231925344e-05 8.3167521219e-05 3.7547343814e+01
-6.0192153757e-05 8.3156628883e-05 3.7479009926e+01
-6.3152607238e-05 8.3152302037e-05 3.7408773269e+01
-6.6112978999e-05 8.3154433365e-05 3.7337333325e+01
-6.9072965178e-05 8.3162758718e-05 3.7265332592e+01
-7.2031867847e-05 8.3176935593e-05 3.7193360217e+01
-7.4990097673e-05 8.3197139371e-05 3.7121816616e+01
-7.6563915975e-05 8.1296495110e-05 3.7436557914e+01
-7.7947590493e-05 8.3223253289e-05 3.7051102101e+01
-7.9539665745e-05 8.1324520943e-05 3.7366851418e+01
-8.0902982730e-05 8.3254968071e-05 3.6981623039e+01
-8.2513548570e-05 8.1357741487e-05 3.7297997120e+01
-8.3857191608e-05 8.3291854865e-05 3.6913710440e+01
-8.5485368843e-05 8.1396781600e-05 3.7230172974e+01
-8.8454685313e-05 8.1441020619e-05 3.7163750485e+01
-9.1421096791e-05 8.1490272260e-05 3.7098973424e+01
-9.4384528584e-05 8.1545234987e-05 3.7035879033e+01
-9.5645305210e-05 8.3495322698e-05 3.6661150857e+01
-9.8584647053e-05 8.3559581576e-05 3.6603549342e+01
-1.0152022326e-04 8.3629197365e-05 3.6548331369e+01
-1.0445171016e-04 8.3704207891e-05 3.6495529797e+01
-1.7750600207e-05 8.6054333927e-05 3.7541189462e+01
-2.9400718514e-05 8.5582603093e-05 3.7676930607e+01
-6.1814494783e-06 8.6735146075e-05 3.6985489156e+01
-1.0737879200e-04 8.3784608544e-05 3.6445165031e+01
5.2809686164e-06 8.7675677842e-05 3.5780974902e+01
-4.1108810928e-05 8.5280611122e-05 3.7564515833e+01
-1.1030111834e-04 8.3870609661e-05 3.6397204712e+01
1.6608167052e-05 8.8939752000e-05 3.3657971349e+01
-1.1321837777e-04 8.3962166965e-05 3.6351644990e+01
2.7770734273e-05 9.0606756707e-05 3.0364818553e+01
-6.4615158490e-05 8.5074659287e-05 3.7032103674e+01
4.8875384133e-05 9.3187682189e-05 2.2652599253e+01
-1.1613023374e-04 8.4059389827e-05 3.6308443595e+01
-1.2086481272e-04 8.2277063507e-05 3.6561788375e+01
-7.6372259066e-05 8.5133721229e-05 3.6738920314e+01
5.9854505061e-05 9.6425529684e-05 2.2483825981e+01
-1.2377987001e-04 8.2385706758e-05 3.6519809199e+01
-8.8113362022e-05 8.5286589908e-05 3.6471018775e+01
-1.2668813544e-04 8.2500700197e-05 3.6479759013e+01
8.2237022068e-05 1.0215614054e-04 2.2480851517e+01
-1.2958941068e-04 8.2621879654e-05 3.6441622514e+01
-1.2856720270e-04 8.0623910755e-05 3.6771042599e+01
-1.3148289623e-04 8.0745068462e-05 3.6729171231e+01
-1.3248312437e-04 8.2749441063e-05 3.6405326706e+01
-1.3439083950e-04 8.0872510416e-05 3.6688975025e+01
-1.3536906887e-04 8.2883506117e-05 3.6370799528e+01
-1.3632014113e-04 7.9003869534e-05 3.6976052237e+01
-1.3923396305e-04 7.9137661227e-05 3.6933356061e+01
-1.4213899941e-04 7.9277995911e-05 3.6892041301e+01
-1.4503486976e-04 7.9425182661e-05 3.6852025008e+01
-1.1683172568e-04 8.0199937870e-05 3.6956309189e+01
-1.0203412768e-04 7.9791916390e-05 3.7231127814e+01
-9.9807229174e-05 8.5527673471e-05 3.6241965753e+01
-1.4792107837e-04 7.9579572692e-05 3.6813221361e+01
-1.5079725032e-04 7.9741301752e-05 3.6775579333e+01
-1.4992644409e-04 7.7717550712e-05 3.7085629771e+01
-1.5281575046e-04 7.7878743310e-05 3.7043196344e+01
-1.5366298000e-04 7.9910942387e-05 3.6738989458e+01
-1.5569395989e-04 7.8047852873e-05 3.7001656648e+01
-6.6167477508e-05 7.9343241555e-05 3.8025191384e+01
-1.1144120608e-04 8.5857707997e-05 3.6055372136e+01
1.0725137031e-04 1.1027228879e-04 2.3096874854e+01
-1.5651788038e-04 8.0088626789e-05 3.6703413114e+01
-1.3827112411e-04 7.7143908272e-05 3.7265919301e+01
-8.7136689221e-05 7.9512642542e-05 3.7549949046e+01
-1.5936148998e-04 8.0274749344e-05 3.6668782497e+01
2.2433616444e-05 8.3681812778e-05 3.0874685150e+01
-1.2410550576e-05 8.0519539758e-05 3.7613740533e+01
-3.0225936339e-05 7.9793078803e-05 3.8346006174e+01
-4.8170760207e-05 7.9431624447e-05 3.8343957383e+01
-1.6219337522e-04 8.0469639562e-05 3.6635047588e+01
-1.2299240174e-04 8.6280286420e-05 3.5909596358e+01
-1.6501312883e-04 8.0673684753e-05 3.6602161984e+01
-1.6634853399e-04 7.6748033387e-05 3.7130166241e+01
-1.6918993829e-04 7.6951471206e-05 3.7085995700e+01
-1.6846204547e-04 7.4897563813e-05 3.7379005820e+01
-1.7201786367e-04 7.7164665325e-05 3.7042358019e+01
-1.7060020592e-04 7.3053956926e-05 3.7627613046e+01
-1.7483181702e-04 7.7388051776e-05 3.6999250432e+01
-1.7763135564e-04 7.7622101394e-05 3.6956685176e+01
-1.7978592012e-04 7.5770356223e-05 3.7180908377e+01
-1.4682846584e-04 8.3489422988e-05 3.6248717864e+01
1.3440136255e-04 1.1960154663e-04 1.7012890320e+01
4.6772222030e-05 8.6162129356e-05 2.2647264360e+01
5.8039803845e-05 8.9029877429e-05 2.2598422742e+01
-1.8257952237e-04 7.6015590465e-05 3.7132420150e+01
-1.8196553950e-04 7.3925005951e-05 3.7403890973e+01
-1.8476825212e-04 7.4170158260e-05 3.7348622823e+01
-1.8417074810e-04 7.2086036052e-05 3.7624610321e+01
-1.8698268433e-04 7.2330993458e-05 3.7562234184e+01
-1.8755455395e-04 7.4427375804e-05 3.7293750106e+01
-1.9202689872e-04 7.0755248290e-05 3.7702366335e+01
-1.9481219648e-04 7.1025516026e-05 3.7632929303e+01
-1.9757862565e-04 7.1309569482e-05 3.7564006885e+01
-1.9709656698e-04 6.9198807053e-05 3.7821511200e+01
-2.0032571558e-04 7.1608108573e-05 3.7495859909e+01
-2.0219002234e-04 6.7662893088e-05 3.7916589143e+01
-2.0495075542e-04 6.7962685208e-05 3.7831283287e+01
-2.0535760841e-04 7.0097125623e-05 3.7592575815e+01
-2.0769001843e-04 6.8278392233e-05 3.7747182617e+01
-2.0730535517e-04 6.6149054936e-05 3.7984120953e+01
-2.1005077099e-04 6.6465712327e-05 3.7890492117e+01
-2.1040717656e-04 6.8610843558e-05 3.7664846280e+01
-1.6015080606e-04 8.2340888391e-05 3.6390319393e+01
-2.1310160162e-04 6.8960910774e-05 3.7584943734e+01
-2.1516825819e-04 6.4994347478e-05 3.7917955376e+01
-2.1787166117e-04 6.5348052364e-05 3.7818776694e+01
-2.1814679098e-04 6.7522249575e-05 3.7624360498e+01
1.5647182206e-04 1.2570121810e-04 1.6271552063e+01
-1.7827714789e-04 7.9725359811e-05 3.6696436318e+01
-2.2320240767e-04 6.6115051468e-05 3.7633435725e+01
-2.2563766982e-04 6.4323615659e-05 3.7700412868e+01
1.0962646484e-04 1.0205646644e-04 2.2840445849e+01
-2.2544539698e-04 6.2138825603e-05 3.7854406770e+01
-2.2810302518e-04 6.2538977774e-05 3.7739368094e+01
-2.2826538413e-04 6.4742741575e-05 3.7605715297e+01
-2.3073218029e-04 6.2962090505e-05 3.7630776231e+01
2.2722384294e-04 1.1559815205e-04 1.4666645723e+01
2.3070321840e-04 1.1284206299e-04 1.4673834791e+01
2.2373269025e-04 1.1833731363e-04 1.4660506593e+01
-2.3086507291e-04 6.5185242239e-05 3.7519094249e+01
-2.3333221961e-04 6.3409358823e-05 3.7529873425e+01
-2.3582987757e-04 6.1641137455e-05 3.7499927916e+01
3.6019055582e-05 9.2179946612e-05 2.7064491325e+01
6.8220717188e-05 9.9276177238e-05 2.2432429167e+01
9.1345304863e-05 1.0603631065e-04 2.2585480502e+01
-1.8103803352e-04 7.9981976637e-05 3.6661413507e+01
1.1735259373e-04 1.1501928420e-04 1.7329091098e+01
-2.2317773878e-04 4.1580361811e-05 3.9733646223e+01
-5.7167095469e-05 7.9357523380e-05 3.8206426429e+01
-3.9187282165e-05 7.9573432040e-05 3.8405237345e+01
1.1876065645e-04 6.2317802611e-05 2.2921429557e+01
7.3737350430e-05 5.4071178325e-05 2.2795308906e+01
1.4507399896e-04 6.8314101613e-05 1.8710796721e+01
5.4551242589e-05 5.1619828628e-05 2.2775099321e+01
9.3825600443e-05 5.7365885602e-05 2.2843269329e+01
-2.1296694134e-05 8.0103258098e-05 3.8107521159e+01
1.3613524360e-05 4.8555498695e-05 3.4592720092e+01
1.3858763547e-05 8.2612762541e-05 3.3542031695e+01
-6.8468801823e-05 4.5292636575e-05 4.4598400050e+01
9.9467945656e-05 9.8010471448e-05 2.2766338978e+01
3.0888211127e-05 8.4994397881e-05 2.7304409428e+01
-8.8867975017e-05 4.5344290354e-05 4.4559603972e+01
1.3004487295e-04 1.0731115175e-04 1.7029478370e+01
-1.7891516700e-04 8.1845941117e-05 3.6449701763e+01
3.0585861463e-04 7.3748577731e-05 1.4213478195e+01
3.0246987748e-04 7.6881662279e-05 1.4209641326e+01
-1.8165299167e-04 8.2114041827e-05 3.6421660260e+01
-2.3839921462e-04 6.2119819080e-05 3.7389255159e+01
-2.3835862731e-04 5.9880906118e-05 3.7422548659e+01
-2.4092683881e-04 6.0366017110e-05 3.7289761602e+01
1.7541325893e-04 1.2927372781e-04 1.5300912838e+01
2.3118602249e-04 1.1663017821e-04 1.4574533555e+01
2.3466813697e-04 1.1385600371e-04 1.4583033422e+01
3.2042101031e-04 4.2528403839e-05 1.4812221522e+01
3.1641001542e-04 4.2048594053e-05 1.4965604533e+01
-2.4601861718e-04 5.9142814023e-05 3.6983804207e+01
1.9260556723e-04 1.1295902552e-04 1.5338004666e+01
1.4780573739e-04 1.1116847128e-04 1.7003488886e+01
-2.4607670549e-04 5.6885395802e-05 3.6910429138e+01
-2.4860649130e-04 5.7415744769e-05 3.6733821857e+01
-2.4851657840e-04 5.9695849867e-05 3.6847076856e+01
2.3514835458e-04 1.1764526381e-04 1.4477980682e+01
2.3863222977e-04 1.1485378398e-04 1.4487838228e+01
3.0638690775e-04 7.7587713497e-05 1.4066204378e+01
3.0299781656e-04 8.0717807395e-05 1.4063697239e+01
3.1976839293e-04 3.8792529974e-05 1.4974227830e+01
3.1573413519e-04 3.8332337762e-05 1.5126376451e+01
-2.5097907186e-04 6.0281676821e-05 3.6726019278e+01
-2.5355666478e-04 5.8575390151e-05 3.6427596351e+01
-2.5371510947e-04 5.6272524277e-05 3.6215075335e+01
-2.5616557851e-04 5.6881168764e-05 3.6045759681e+01
1.7318919576e-04 8.5378362830e-05 1.7000507257e+01
2.3911040314e-04 1.1864467508e-04 1.4376270768e+01
2.4259510773e-04 1.1583648561e-04 1.4387489883e+01
2.4210562661e-04 1.1204561556e-04 1.4498334874e+01
2.4606949185e-04 1.1301155386e-04 1.4399034605e+01
-2.5636220304e-04 5.4578553833e-05 3.5764830934e+01
-2.5857806189e-04 5.7525875288e-05 3.5904846087e+01
-2.6120988864e-04 5.5859464835e-05 3.5399050364e+01
2.3561433986e-04 1.2143586891e-04 1.4365167300e+01
2.4899565543e-04 8.0927880401e-05 1.5181704860e+01
1.7046008400e-04 1.1638797085e-04 1.6007712718e+01
2.5702358165e-04 6.1204439153e-05 1.5704095392e+01
2.6037118522e-04 5.8323015880e-05 1.5752088935e+01
2.5627143741e-04 5.7522968869e-05 1.5864518377e+01
2.5961000303e-04 5.4648798591e-05 1.5916100313e+01
2.5549519372e-04 5.3853606756e-05 1.6033152393e+01
2.5882446876e-04 5.0986997277e-05 1.6084802646e+01
2.5469475712e-04 5.0196170399e-05 1.6220995562e+01
2.5801452427e-04 4.7337280028e-05 1.6276414440e+01
2.5387002105e-04 4.6550004336e-05 1.6359767381e+01
2.5718007627e-04 4.3699431262e-05 1.6468863093e+01
2.5301992042e-04 4.2911279968e-05 1.6620963572e+01
2.5632218265e-04 4.0077972093e-05 1.6814025283e+01
2.5221017130e-04 3.9406039372e-05 1.7094974413e+01
2.6048811949e-04 4.0830235936e-05 1.6634209321e+01
2.5963761779e-04 3.7253920367e-05 1.7109849846e+01
2.6378945456e-04 3.7945188774e-05 1.6596612169e+01
2.4887984850e-04 4.2157816447e-05 1.7100973653e+01
2.4815525625e-04 3.8845656111e-05 1.6975334347e+01
2.4479972538e-04 4.1507386355e-05 1.7010414544e+01
2.4414295579e-04 3.8376219760e-05 1.7097522054e+01
2.4076735151e-04 4.0953006882e-05 1.6992902616e+01
2.4014905700e-04 3.7948073024e-05 1.7207484533e+01
2.3676620803e-04 4.0468901154e-05 1.7160036260e+01
2.3614785233e-04 3.7511247318e-05 1.7339960305e+01
2.3277498149e-04 4.0005841825e-05 1.7170410912e+01
2.3214113221e-04 3.7052056289e-05 1.7501686763e+01
2.2877796968e-04 3.9526541565e-05 1.7354653308e+01
2.2813324488e-04 3.6575419960e-05 1.7555347458e+01
2.2478042340e-04 3.9028974851e-05 1.7431832648e+01
2.2413091208e-04 3.6087017591e-05 1.7589211624e+01
2.2078970503e-04 3.8519372948e-05 1.7448763689e+01
2.2013859758e-04 3.5590312062e-05 1.7629760487e+01
2.1680838184e-04 3.8001409070e-05 1.7503510798e+01
2.1615637633e-04 3.5086897007e-05 1.7656830029e+01
2.1283546523e-04 3.7477520239e-05 1.7539969057e+01
2.1218514589e-04 3.4580568681e-05 1.7700597136e+01
2.0887315588e-04 3.6949209823e-05 1.7585924353e+01
2.0822430685e-04 3.4072115481e-05 1.7756256941e+01
2.0492117411e-04 3.6418793571e-05 1.7651220388e+01
2.0427362664e-04 3.3563633139e-05 1.7825777670e+01
2.0097910498e-04 3.5888161916e-05 1.7732089168e+01
2.0033198573e-04 3.3055958222e-05 1.7920877996e+01
1.9704564305e-04 3.5358489504e-05 1.7833099733e+01
1.9639855215e-04 3.2551049561e-05 1.8027058835e+01
1.9312006286e-04 3.4831199976e-05 1.7956614571e+01
1.9247288003e-04 3.2049978372e-05 1.8158734310e+01
1.8920175849e-04 3.4307702088e-05 1.8107074042e+01
1.8855361329e-04 3.1553723686e-05 1.8321527801e+01
1.8528855971e-04 3.3789060299e-05 1.8289061821e+01
1.8463905281e-04 3.1063333410e-05 1.8517130853e+01
1.8138142843e-04 3.3275892861e-05 1.8502267870e+01
1.8072831394e-04 3.0579635811e-05 1.8742389076e+01
1.7747698057e-04 3.2769418253e-05 1.8752435704e+01
1.7681982554e-04 3.0103484408e-05 1.9003000639e+01
1.7357344293e-04 3.2270630169e-05 1.9042041683e+01
1.7291246894e-04 2.9635340920e-05 1.9301495329e+01
1.6967206593e-04 3.1780149447e-05 1.9371050227e+01
1.6900502268e-04 2.9177017496e-05 1.9638649360e+01
1.6576960976e-04 3.1299282458e-05 1.9740468804e+01
1.6509658573e-04 2.8728578049e-05 2.0010915212e+01
1.6186565845e-04 3.0828798843e-05 2.0148387227e+01
1.6118638517e-04 2.8290883361e-05 2.0421032337e+01
1.5795946233e-04 3.0369531873e-05 2.0598756727e+01
1.5727367743e-04 2.7864940791e-05 2.0873824633e+01
1.5405022629e-04 2.9922379447e-05 2.1092827194e+01
1.5335755508e-04 2.7451683586e-05 2.1373710783e+01
1.5013729509e-04 2.9488149531e-05 2.1623798002e+01
1.4943772709e-04 2.7052021186e-05 2.1897289756e+01
1.4621952539e-04 2.9067917669e-05 2.2193002206e+01
1.4551422733e-04 2.6666449520e-05 2.2481496701e+01
1.4229852701e-04 2.8662481197e-05 2.2817164950e+01
1.3837953300e-04 2.8272832858e-05 2.2942555570e+01
1.3449104421e-04 2.7900775878e-05 2.2938561753e+01
1.3379273346e-04 2.5610450316e-05 2.2933002361e+01
1.3063320133e-04 2.7546455183e-05 2.2923940941e+01
1.2994107177e-04 2.5294108725e-05 2.2921533691e+01
1.2680539177e-04 2.7210542021e-05 2.2917947426e+01
1.2611810887e-04 2.4996447584e-05 2.2914081230e+01
1.2300698755e-04 2.6893458126e-05 2.2910133141e+01
1.2232320998e-04 2.4717697652e-05 2.2906071160e+01
1.1923741036e-04 2.6595491835e-05 2.2901638727e+01
1.1855578551e-04 2.4457869728e-05 2.2898480899e+01
1.1481517697e-04 2.4216887776e-05 2.2891128306e+01
1.1110095134e-04 2.3993896268e-05 2.2884455973e+01
1.0809562018e-04 2.5816349668e-05 2.2877964651e+01
1.0443523495e-04 2.5594247601e-05 2.2871008930e+01
1.0374813166e-04 2.3602711427e-05 2.2874151284e+01
1.0080057048e-04 2.5390132823e-05 2.2865286349e+01
9.7190108056e-05 2.5203399092e-05 2.2860904213e+01
9.3605520155e-05 2.5033123707e-05 2.2858106932e+01
9.2899625563e-05 2.3137694289e-05 2.2868578743e+01
9.0044063102e-05 2.4878573902e-05 2.2856438595e+01
8.6504691108e-05 2.4738848835e-05 2.2856760858e+01
8.2989095578e-05 2.4612866171e-05 2.2855880839e+01
8.2253111423e-05 2.2797670180e-05 2.2877282150e+01
7.9494610723e-05 2.4499805101e-05 2.2866341765e+01
7.8746542554e-05 2.2707743988e-05 2.2850304847e+01
7.6020261097e-05 2.4398772753e-05 2.2833557693e+01
7.2567957425e-05 2.4308862225e-05 2.2977863825e+01
7.1781589275e-05 2.2554961605e-05 2.3643986047e+01
6.9120560230e-05 2.4225569497e-05 2.3721329265e+01
6.8286176185e-05 2.2481324597e-05 2.4482141311e+01
6.5654624681e-05 2.4142513677e-05 2.4594754197e+01
6.4774888618e-05 2.2407592489e-05 2.5359353556e+01
6.2173225907e-05 2.4059487200e-05 2.5512288128e+01
6.1248672200e-05 2.2333977107e-05 2.6294112749e+01
5.7707896321e-05 2.2260777575e-05 2.7272897378e+01
5.5161119999e-05 2.3895976873e-05 2.7490968862e+01
5.4153021109e-05 2.2188328462e-05 2.8288563126e+01
5.1633474265e-05 2.3815565651e-05 2.8532467666e+01
5.0584974941e-05 2.2116747476e-05 2.9332397226e+01
4.8091222354e-05 2.3736661506e-05 2.9597479068e+01
4.7004061756e-05 2.2046390632e-05 3.0396027461e+01
4.3410877365e-05 2.1977475726e-05 3.1471168957e+01
3.9805982601e-05 2.1910277261e-05 3.2549821547e+01
3.7385650146e-05 2.3510853978e-05 3.2848492208e+01
3.6189972503e-05 2.1844952623e-05 3.3624323052e+01
3.2563404548e-05 2.1781737099e-05 3.4687490191e+01
2.8926741126e-05 2.1720814999e-05 3.5732703260e+01
2.5280743132e-05 2.1662299715e-05 3.6753958556e+01
2.2951545627e-05 2.3243018854e-05 3.7031525355e+01
2.1626156828e-05 2.1605753652e-05 3.7746081399e+01
1.9318057957e-05 2.3183104519e-05 3.8008563388e+01
1.7962941539e-05 2.1552928054e-05 3.8704343945e+01
1.4292271407e-05 2.1502432318e-05 3.9625205185e+01
1.0614408920e-05 2.1454638934e-05 4.0505632241e+01
8.3715616234e-06 2.3021593269e-05 4.0705888557e+01
6.9299010386e-06 2.1409683822e-05 4.1343339226e+01
3.2393124646e-06 2.1367485358e-05 4.2136676165e+01
-4.5699139107e-07 2.1328063340e-05 4.2884649769e+01
-2.6368522115e-06 2.2887947111e-05 4.3007511401e+01
-6.3171692262e-06 2.2849351354e-05 4.3682299644e+01
-7.8639816752e-06 2.1257271283e-05 4.4242860631e+01
-1.1574017760e-05 2.1226041303e-05 4.4853481743e+01
-1.3692436433e-05 2.2781131974e-05 4.4894486158e+01
-1.7384878860e-05 2.2751057413e-05 4.5433344200e+01
-1.9004920306e-05 2.1170749688e-05 4.5941508259e+01
-2.2724938472e-05 2.1146848155e-05 4.6421153101e+01
-2.6447548255e-05 2.1125124820e-05 4.6859787533e+01
-2.8483302207e-05 2.2676808882e-05 4.6796991153e+01
-3.2187662570e-05 2.2656528725e-05 4.7172445313e+01
-3.3899258773e-05 2.1087395068e-05 4.7620646709e+01
-3.7627558468e-05 2.1072386664e-05 4.7946097009e+01
-3.9601324993e-05 2.2623050594e-05 4.7815026333e+01
-4.3310380413e-05 2.2609311235e-05 4.8085911187e+01
-4.5088048199e-05 2.1046915500e-05 4.8496633741e+01
-4.8817983141e-05 2.1036253025e-05 4.8725260726e+01
-5.0701266667e-05 2.2586889346e-05 4.8534565891e+01
-5.4417762819e-05 2.2581575040e-05 4.8717312186e+01
-5.6278991094e-05 2.1021381843e-05 4.9097963491e+01
-6.0014784105e-05 2.1015115873e-05 4.9246028105e+01
-6.1863979727e-05 2.2566502369e-05 4.9008952828e+01
-6.5576064029e-05 2.2562378029e-05 4.9119459958e+01
-6.7480788620e-05 2.1007146554e-05 4.9472638112e+01
-7.1212497010e-05 2.1005032127e-05 4.9554403132e+01
-7.4943513515e-05 2.1004045732e-05 4.9617087802e+01
-7.6707112500e-05 2.2557875940e-05 4.9330783720e+01
-8.0415757964e-05 2.2558714266e-05 4.9365773706e+01
-8.2402951719e-05 2.1005149445e-05 4.9690476187e+01
-8.6131069759e-05 2.1007138726e-05 4.9703596846e+01
-8.7829665871e-05 2.2563545344e-05 4.9389936226e+01
-9.1534559523e-05 2.2567448816e-05 4.9381257183e+01
-9.3583373193e-05 2.1013807030e-05 4.9688086359e+01
-9.7307256663e-05 2.1018417488e-05 4.9661354443e+01
-9.8939426111e-05 2.2578039100e-05 4.9327115122e+01
-1.0263915851e-04 2.2584660548e-05 4.9283294741e+01
-1.0474980908e-04 2.1030013236e-05 4.9574053952e+01
-1.0846818870e-04 2.1036959500e-05 4.9514882385e+01
-1.1003227779e-04 2.2600471415e-05 4.9165640116e+01
-1.1372539684e-04 2.2609631156e-05 4.9092961904e+01
-1.1741603984e-04 2.2619612858e-05 4.9011692536e+01
-1.1960998475e-04 2.1062329976e-05 4.9281963461e+01
-1.2331897960e-04 2.1072264881e-05 4.9187253913e+01
-1.2478904645e-04 2.2642079357e-05 4.8824835646e+01
-1.2847110908e-04 2.2654578800e-05 4.8719791886e+01
-1.3072859211e-04 2.1094429806e-05 4.8973930686e+01
-1.3442888577e-04 2.1106690232e-05 4.8855616982e+01
-1.3582551326e-04 2.2682194430e-05 4.8487276889e+01
-1.3949732469e-04 2.2697367393e-05 4.8359909936e+01
-1.4181950256e-04 2.1133645690e-05 4.8595864677e+01
-1.2121543953e-05 2.4378714398e-05 4.4362422240e+01
-1.4550942724e-04 2.1148416130e-05 4.8454269289e+01
-1.4919547733e-04 2.1164131979e-05 4.8304595184e+01
-1.5047972672e-04 2.2745825509e-05 4.7933333495e+01
1.5474961099e-04 3.2447456805e-05 2.0805745872e+01
1.2750274887e-04 2.9485203549e-05 2.2922062825e+01
3.8544977571e-05 2.5196735954e-05 3.2058159598e+01
2.5056092418e-06 2.4545893735e-05 4.1679803983e+01
-3.0498451758e-05 2.4237435610e-05 4.6717841300e+01
1.8203631295e-04 3.6020583357e-05 1.8270988916e+01
-1.5414423804e-04 2.2767806028e-05 4.7774003693e+01
-1.5655483865e-04 2.1198470821e-05 4.7979891874e+01
-4.5224601372e-05 2.4168784815e-05 4.7918617203e+01
1.7031257920e-05 2.4766846753e-05 3.8261361700e+01
9.4308403721e-05 2.6981874281e-05 2.2852014240e+01
1.1246982328e-04 2.8180984446e-05 2.2888571468e+01
-1.6022485429e-04 2.1216393368e-05 4.7804332702e+01
-1.6143631503e-04 2.2808451717e-05 4.7431707765e+01
-6.3693631847e-05 2.4127548856e-05 4.8759833832e+01
-8.5822376797e-05 2.4126406355e-05 4.9070301390e+01
-1.6507961582e-04 2.2830544824e-05 4.7246324370e+01
-1.6755949183e-04 2.1256255836e-05 4.7422791814e+01
-1.7121693091e-04 2.1279157957e-05 4.7215583609e+01
-1.7486675860e-04 2.1302817022e-05 4.6996599547e+01
-1.0054901749e-04 2.4148481620e-05 4.8984813332e+01
-1.7591878423e-04 2.2908259789e-05 4.6628586480e+01
-1.7849656716e-04 2.1325189764e-05 4.6766037857e+01
-1.2989136921e-04 2.4238250607e-05 4.8349132918e+01
2.3550550991e-04 3.4565911128e-05 1.7641205464e+01
2.0757413634e-04 3.1232401962e-05 1.7939766328e+01
1.8007428139e-04 2.7933395938e-05 1.8993348301e+01
1.5266372942e-04 2.5036393969e-05 2.1640947166e+01
1.2543504961e-04 2.2844876658e-05 2.2910197961e+01
-2.0664254665e-05 1.9601363032e-05 4.6444621255e+01
-3.9400069170e-05 1.9515796613e-05 4.8375756610e+01
1.0672409259e-04 2.1822160748e-05 2.2883884373e+01
9.2180083646e-05 2.1291344686e-05 2.2881848394e+01
7.7975853332e-05 2.0953320912e-05 2.2962966443e+01
-1.3302473411e-04 1.9541566326e-05 4.9217926315e+01
1.6563984862e-05 1.9937676680e-05 3.9392825287e+01
-1.5900081342e-04 1.9635715330e-05 4.8172254526e+01
-7.3175277806e-05 1.9458556606e-05 4.9893396135e+01
-8.8176194368e-05 1.9461400008e-05 5.0014976987e+01
-1.0315705086e-04 1.9477085228e-05 4.9911214919e+01
-1.8108345522e-04 1.9753685772e-05 4.6884727111e+01
-1.8211580819e-04 2.1356058649e-05 4.6520457495e+01
-1.8474304343e-04 1.9779410908e-05 4.6622054160e+01
-1.8575230932e-04 2.1389320198e-05 4.6257782693e+01
-1.8939048201e-04 2.1415220089e-05 4.5979184649e+01
-1.9302081355e-04 2.1451259960e-05 4.5680476277e+01
-1.9569333954e-04 1.9868293341e-05 4.5723486651e+01
-1.9660281319e-04 2.1491487124e-05 4.5364602215e+01
-1.9932079198e-04 1.9902790550e-05 4.5381891425e+01
-2.0021795561e-04 2.1527938964e-05 4.5023796592e+01
1.9377132980e-04 3.7656259399e-05 1.7772092408e+01
1.7034102353e-04 3.4435709825e-05 1.9108783282e+01
1.4301580914e-04 3.1083952867e-05 2.2567689807e+01
-7.4761940338e-05 2.4121263534e-05 4.8992796090e+01
8.3715437452e-05 2.6473230971e-05 2.2845058923e+01
2.7836131920e-05 2.4967948636e-05 3.5277351227e+01
-9.4511432632e-06 1.9677143470e-05 4.4798167100e+01
-1.4789301188e-04 1.9590618850e-05 4.8671468431e+01
1.4087844603e-04 2.3991080067e-05 2.2986705725e+01
1.6833680386e-04 2.6626277628e-05 1.9908416442e+01
1.9575158984e-04 2.9787288840e-05 1.8234585793e+01
2.2347335879e-04 3.3170090342e-05 1.7775682832e+01
2.4753035558e-04 3.5812583393e-05 1.7262568207e+01
-2.0380729835e-04 2.1569559806e-05 4.4659398896e+01
-1.4807952097e-04 2.4322804474e-05 4.7708399100e+01
2.0952217191e-04 3.9860468928e-05 1.7436936208e+01
-1.8737342327e-04 1.8216418839e-05 4.6702236931e+01
2.6296722253e-04 3.4451087380e-05 1.7089263623e+01
2.6708810304e-04 3.5056420987e-05 1.6770890555e+01
-2.0738232355e-04 2.1615296110e-05 4.4268153803e+01
-2.1016093770e-04 2.0018647582e-05 4.4195854190e+01
-2.0205091219e-04 1.8324878754e-05 4.5369915241e+01
-2.1094433355e-04 2.1665146611e-05 4.3847195559e+01
-2.1296497747e-04 1.8430209241e-05 4.4084543780e+01
-2.1658169935e-04 1.8473272627e-05 4.3584844827e+01
-2.2018558756e-04 1.8520461981e-05 4.3043164149e+01
-2.2088717897e-04 2.0171504406e-05 4.2705393199e+01
-2.2377540565e-04 1.8572297361e-05 4.2454946367e+01
-2.2734706074e-04 1.8630520761e-05 4.1815569339e+01
-1.6979664196e-04 2.4474746874e-05 4.6676158367e+01
-2.3090620145e-04 1.8693516242e-05 4.1118390090e+01
-2.3443961153e-04 1.8765162294e-05 4.0359381569e+01
-2.3796037340e-04 1.8840933828e-05 3.9529214280e+01
-2.4145598523e-04 1.8927699228e-05 3.8622455513e+01
-1.5895564525e-04 2.4396673378e-05 4.7231430722e+01
-2.1579379085e-04 1.6850009252e-05 4.3930893756e+01
2.6631145386e-04 3.1669020317e-05 1.6998841184e+01
2.7040053231e-04 3.2173749868e-05 1.7111382958e+01
-2.2669908660e-04 1.6984991943e-05 4.2145378180e+01
2.2143290736e-04 4.1472620604e-05 1.7322302271e+01
-2.4492362794e-04 1.9025459978e-05 3.7631942306e+01
3.1908459555e-04 3.5080905446e-05 1.5143338431e+01
3.1502818996e-04 3.4638391948e-05 1.5294561828e+01
3.2312179213e-04 3.5507435340e-05 1.4982587028e+01
2.4655649144e-04 1.1680535925e-04 1.4281413879e+01
2.5003087657e-04 1.1396425118e-04 1.4293966895e+01
2.4953437954e-04 1.1017002838e-04 1.4411074514e+01
2.5349585072e-04 1.1110638100e-04 1.4306702857e+01
-2.4836532659e-04 1.9134536067e-05 3.6548467163e+01
-2.5177493882e-04 1.9257575547e-05 3.5364675991e+01
-2.5514934836e-04 1.9396582498e-05 3.4072196009e+01
2.2623442083e-04 1.0802530510e-04 1.4853295957e+01
1.6990892432e-04 8.7785272785e-05 1.7001040754e+01
-2.6147864835e-04 5.3532965677e-05 3.4968208395e+01
-2.6387172715e-04 5.4210863039e-05 3.4770693887e+01
-2.5114796116e-04 1.5796083880e-05 3.5852744020e+01
3.0690108811e-04 8.1442106405e-05 1.3915585045e+01
3.0351219841e-04 8.4568081441e-05 1.3914172297e+01
2.9960476676e-04 8.3826223704e-05 1.4059283006e+01
3.0011870270e-04 8.7672673947e-05 1.3910814010e+01
2.9620732988e-04 8.6913580924e-05 1.4053213670e+01
2.9672035810e-04 9.0756536174e-05 1.3905738819e+01
2.9280520597e-04 8.9980541594e-05 1.4045718082e+01
2.9331698468e-04 9.3820240855e-05 1.3899151900e+01
2.8939826811e-04 9.3027854920e-05 1.4036997822e+01
2.8990822255e-04 9.6864360792e-05 1.3891239210e+01
3.1028565446e-04 7.8293850116e-05 1.3914803424e+01
2.8598615047e-04 9.6055985493e-05 1.4027246991e+01
2.8649391602e-04 9.9889435016e-05 1.3882155270e+01
-2.6357240172e-04 5.6559678198e-05 3.5273997070e+01
2.6967120303e-04 2.8904370262e-05 1.6950861995e+01
2.7372727112e-04 2.9309786551e-05 1.7098335332e+01
2.7456563478e-04 3.2796641783e-05 1.6597752217e+01
2.7786113621e-04 2.9846727991e-05 1.6730647712e+01
-2.6891196324e-04 5.3311165180e-05 3.3806817832e+01
-2.5848519017e-04 1.9553763522e-05 3.2662677637e+01
-2.6154309481e-04 1.6138689250e-05 3.1403716139e+01
-2.6493049451e-04 1.6287186378e-05 2.9637232817e+01
-2.6500483947e-04 1.8092912304e-05 2.9518897270e+01
-2.6827138713e-04 1.6457477428e-05 2.7715197330e+01
-2.6827288030e-04 1.8291866331e-05 2.7648934359e+01
-2.7156065474e-04 1.6652851828e-05 2.5638048695e+01
1.7382443931e-04 8.9013292472e-05 1.7001224320e+01
-6.3326286334e-05 5.0414977224e-05 4.3527312400e+01
-2.1127822829e-04 4.2738972778e-05 4.0681664897e+01
2.6568337448e-04 2.8607845417e-05 1.7293860187e+01
2.5299047672e-04 1.0731196443e-04 1.4423738404e+01
-1.8017136439e-04 8.6137908838e-05 3.5999121994e+01
2.5398893537e-04 1.1490486249e-04 1.4182683598e+01
-1.8286543660e-04 8.6429042374e-05 3.5985038847e+01
2.7873928368e-04 3.3442590287e-05 1.6409503278e+01
2.8204776165e-04 3.0456473211e-05 1.6683325424e+01
2.4560755428e-04 8.3765662937e-05 1.5153785926e+01
-2.2150083647e-04 2.1839443955e-05 4.2380747581e+01
-2.7148725408e-04 1.8518688745e-05 2.5628610581e+01
-2.7479292742e-04 1.6876852914e-05 2.3383486120e+01
-2.6853523540e-04 5.5685934599e-05 3.4524523655e+01
-2.7120899577e-04 5.4090424254e-05 3.3685790459e+01
3.2242882858e-04 3.1800669741e-05 1.5163032213e+01
3.2646897962e-04 3.2191252318e-05 1.4988838040e+01
3.1078637583e-04 8.2168019284e-05 1.3759311729e+01
3.1416505769e-04 7.9002454271e-05 1.3755135994e+01
2.7706801072e-04 2.6459623381e-05 1.7016339144e+01
-1.7746289401e-04 8.5859273503e-05 3.6014304126e+01
-1.7810373357e-04 8.8018753826e-05 3.5804760068e+01
2.5745318955e-04 1.1203123130e-04 1.4196039817e+01
2.5794301085e-04 1.1583465852e-04 1.4064849428e+01
1.7052404645e-04 9.1420921175e-05 1.7001438100e+01
2.0119156960e-04 9.3865862997e-05 1.5837367961e+01
2.3339218986e-04 4.2996286538e-05 1.7004660522e+01
2.8290443652e-04 3.4059975973e-05 1.6287971043e+01
2.8621917147e-04 3.1045075144e-05 1.6309521104e+01
-2.7464281357e-04 1.8777157686e-05 2.3431291425e+01
-2.7437720039e-04 5.0141734970e-05 3.1569027063e+01
-2.7665038189e-04 5.0969654854e-05 3.1362959281e+01
-2.3190514328e-04 2.2087393967e-05 4.0516992844e+01
1.7445562685e-04 9.2689525857e-05 1.6994201476e+01
3.0062173916e-04 9.1531318110e-05 1.3757792697e+01
-2.7615248912e-04 5.3368878097e-05 3.2580915055e+01
-2.7887512746e-04 5.1848292975e-05 3.1262733276e+01
-2.8162911869e-04 5.0359294070e-05 2.9627291425e+01
-1.7605843382e-04 8.9905739404e-05 3.5613787738e+01
-1.7336410415e-04 8.9629317215e-05 3.5617703873e+01
-2.7773433950e-04 1.9071418608e-05 2.1127221362e+01
-2.8132457646e-04 1.5487774545e-05 1.8221749947e+01
-2.8443895986e-04 1.5776865537e-05 1.6810610307e+01
-2.8409009117e-04 1.7760388748e-05 1.6805400546e+01
-2.8753440283e-04 1.6095311343e-05 1.7119545260e+01
2.4962694802e-04 8.4672499770e-05 1.5067094785e+01
2.8705768846e-04 3.4656110278e-05 1.6163588841e+01
2.7958628445e-04 3.7054971852e-05 1.6259775059e+01
2.1259153356e-04 9.3495295782e-05 1.5487044791e+01
-1.8554474167e-04 8.6733199944e-05 3.5972141880e+01
-1.8764758077e-04 8.4861109328e-05 3.6157161922e+01
3.1168112613e-04 3.7857533475e-05 1.5272278108e+01
2.9037842363e-04 3.1612711778e-05 1.6208917001e+01
2.8952939577e-04 2.8010327546e-05 1.6367627536e+01
2.9369595459e-04 2.8548309291e-05 1.6244658706e+01
-1.9031705658e-04 8.5180505590e-05 3.6139584193e+01
3.1465279193e-04 8.2897691509e-05 1.3594701514e+01
3.1802416249e-04 7.9715997176e-05 1.3586998293e+01
2.6140578379e-04 1.1294581222e-04 1.4078725075e+01
2.6189261766e-04 1.1675498706e-04 1.3940218532e+01
2.5842331887e-04 1.1964135714e-04 1.3925214841e+01
2.4622871997e-04 8.7515170557e-05 1.5042448853e+01
2.9040811383e-04 1.0071031638e-04 1.3739920626e+01
2.8699204599e-04 1.0373136175e-04 1.3731114560e+01
-2.5532145023e-04 2.1193973562e-05 3.3916368075e+01
-2.8709482630e-04 1.8127982505e-05 1.7118816115e+01
-2.9061582323e-04 1.6445499003e-05 1.7022939615e+01
-2.8473729931e-04 1.3836888654e-05 1.6812199597e+01
-2.8105047600e-04 5.2779289510e-05 3.1290976771e+01
-2.8378981712e-04 5.1322016357e-05 2.9631482210e+01
-2.8441385106e-04 4.8906542346e-05 2.7607587731e+01
3.2576531324e-04 2.8489472923e-05 1.5184278981e+01
3.2980799931e-04 2.8841499069e-05 1.4988733800e+01
-1.9297045264e-04 8.5514305286e-05 3.6123408764e+01
2.9283925330e-04 2.4955372880e-05 1.6578131985e+01
2.9701083513e-04 2.5461502653e-05 1.6278482558e+01
-2.4221340280e-04 2.2401529156e-05 3.8103562204e+01
2.8546701634e-04 9.2232031495e-05 1.4167123617e+01
2.8205237351e-04 9.5243608747e-05 1.4155590470e+01
2.4221504175e-04 8.6587971908e-05 1.5128510773e+01
1.6662928154e-04 9.0167327264e-05 1.7001482966e+01
1.6722267686e-04 9.3802932521e-05 1.7001203377e+01
1.6335014837e-04 9.2523205451e-05 1.7001951178e+01
-1.6987407441e-04 7.1025098740e-05 3.7937817536e+01
-1.6697065408e-04 7.0842229839e-05 3.8000503365e+01
-1.6620570492e-04 6.8840912426e-05 3.8327641314e+01
-1.6838266633e-04 6.7021016351e-05 3.8590054148e+01
-1.6761570236e-04 6.5045969817e-05 3.8930733190e+01
-1.6463237269e-04 6.4891718296e-05 3.9011182545e+01
-1.7058550018e-04 6.5208220156e-05 3.8849611944e+01
-1.6983085066e-04 6.3241734147e-05 3.9193299940e+01
-1.7281459152e-04 6.3402490910e-05 3.9105401755e+01
-1.7434089288e-04 5.9654702709e-05 3.9704519244e+01
-1.7735309198e-04 5.9812146249e-05 3.9601727894e+01
-1.7131397000e-04 5.9505351865e-05 3.9805591130e+01
-1.7359461619e-04 5.7724400096e-05 4.0060051702e+01
-1.7053822364e-04 5.7584574728e-05 4.0166869159e+01
-1.7403500255e-04 9.1798894150e-05 3.5427043599e+01
-1.7134769264e-04 9.1523714148e-05 3.5425540893e+01
-1.8612360748e-04 8.8927255568e-05 3.5783485421e+01
-1.8034998482e-04 5.9978139876e-05 3.9497168576e+01
2.4282454627e-04 9.0342629382e-05 1.5020250470e+01
2.3881745843e-04 8.9394926519e-05 1.5105913049e+01
1.6392016887e-04 9.6158289279e-05 1.7000755992e+01
1.6007145879e-04 9.4851657307e-05 1.7002352538e+01
-2.9008388584e-04 1.8532190197e-05 1.7014150388e+01
-2.9367972472e-04 1.6832640590e-05 1.7037392883e+01
-2.9672582516e-04 1.7262071097e-05 1.7035097860e+01
-3.0054236337e-04 1.5508495494e-05 1.7031082656e+01
-3.0365446235e-04 1.5961536841e-05 1.7033616750e+01
-2.8722836891e-04 4.7495519012e-05 2.5077675092e+01
-2.8936340132e-04 4.8533228227e-05 2.5002560906e+01
3.1849924503e-04 8.3633964046e-05 1.3421671045e+01
3.2186191283e-04 8.0437337997e-05 1.3410308798e+01
-2.8865402223e-04 5.0960318092e-05 2.7769079889e+01
-2.9426685009e-04 4.8358375541e-05 2.2105717982e+01
-1.9349063875e-04 8.7729228924e-05 3.5941754989e+01
-1.9560743651e-04 8.5863082717e-05 3.6108784067e+01
2.5023548891e-04 8.8426976003e-05 1.4957793524e+01
2.6294601462e-04 5.1758773231e-05 1.5969021464e+01
3.2139054828e-04 7.6510229254e-05 1.3576058145e+01
3.2521910294e-04 7.7216207704e-05 1.3395284796e+01
3.2475195977e-04 7.3279090611e-05 1.3561415240e+01
3.2857067288e-04 7.3969400906e-05 1.3376060207e+01
3.2810859290e-04 7.0021523516e-05 1.3542425220e+01
3.3191671170e-04 7.0695604370e-05 1.3351906210e+01
3.3145994159e-04 6.6735570321e-05 1.3518268702e+01
3.3525687741e-04 6.7393380201e-05 1.3321878562e+01
3.3480656653e-04 6.3420530640e-05 1.3487694391e+01
3.3859122670e-04 6.4061239466e-05 1.3284637777e+01
3.3814787123e-04 6.0074102362e-05 1.3449064336e+01
3.4191956614e-04 6.0697344102e-05 1.3238407249e+01
3.4148364962e-04 5.6694387315e-05 1.3400044576e+01
3.4524108672e-04 5.7299939530e-05 1.3180802347e+01
3.4481395189e-04 5.3279798514e-05 1.3337364562e+01
3.4855570014e-04 5.3867130799e-05 1.3108604467e+01
3.4813773878e-04 4.9827369988e-05 1.3256669307e+01
3.5186287094e-04 5.0396499531e-05 1.3017613173e+01
3.5145422967e-04 4.6334255008e-05 1.3152002400e+01
3.4770469491e-04 4.5816704376e-05 1.3397170109e+01
3.5102871132e-04 4.2304992955e-05 1.3274667162e+01
3.5476502245e-04 4.2799095049e-05 1.3015285370e+01
3.5434689037e-04 3.8748169198e-05 1.3109800063e+01
3.5057991399e-04 3.8311170620e-05 1.3385150893e+01
3.5390244940e-04 3.4737644815e-05 1.3184060866e+01
3.5765878043e-04 3.5145107316e-05 1.2887534335e+01
3.5721720118e-04 3.1115248531e-05 1.2905978655e+01
3.5342343190e-04 3.0769260248e-05 1.3238314140e+01
3.6096272587e-04 3.1492805104e-05 1.2588437512e+01
-1.6163609401e-04 6.4745005045e-05 3.9091020858e+01
-1.5862740330e-04 6.4605467076e-05 3.9170305457e+01
-1.5648125530e-04 6.6412687589e-05 3.8886825631e+01
-1.5347571937e-04 6.6278596564e-05 3.8960341642e+01
-1.5471547422e-04 6.2550012489e-05 3.9619242854e+01
-1.5165671087e-04 6.2431545788e-05 3.9702178768e+01
-1.4858726766e-04 6.2318978412e-05 3.9784517861e+01
-1.4550680953e-04 6.2214733680e-05 3.9865817982e+01
-1.4241724096e-04 6.2113676486e-05 3.9947022800e+01
-1.3931855973e-04 6.2017349123e-05 4.0027862930e+01
-1.3621182849e-04 6.1923978954e-05 4.0108656653e+01
-1.3309569503e-04 6.1838586066e-05 4.0188403308e+01
-1.3107198709e-04 6.3623384754e-05 3.9868328653e+01
-1.2796580223e-04 6.3540098582e-05 3.9944868480e+01
-1.2485234307e-04 6.3460944325e-05 4.0021285375e+01
-1.2173180257e-04 6.3386619937e-05 4.0097343460e+01
-1.1860471447e-04 6.3316412102e-05 4.0173071051e+01
-1.1740597610e-04 6.1468355439e-05 4.0581546259e+01
-1.1424812581e-04 6.1408255182e-05 4.0657805137e+01
-1.1108535444e-04 6.1348156965e-05 4.0733855754e+01
-1.0918781401e-04 6.3129564425e-05 4.0397101203e+01
-1.1355953039e-04 6.5041933464e-05 3.9915047876e+01
-1.2598245148e-04 6.5334619188e-05 3.9620783032e+01
-1.0603810715e-04 6.3075216383e-05 4.0470088868e+01
-1.0288363141e-04 6.3024859100e-05 4.0541831187e+01
-1.5380642948e-04 6.0644429126e-05 3.9996503011e+01
-1.0418173611e-04 6.4866397411e-05 4.0132215049e+01
-9.9724708496e-05 6.2978401558e-05 4.0612051903e+01
-9.7906284748e-05 6.4769631261e-05 4.0272350749e+01
-9.6561672914e-05 6.2935834522e-05 4.0680415898e+01
-9.4762482467e-05 6.4727265923e-05 4.0340148105e+01
-9.3394860413e-05 6.2897113781e-05 4.0746549775e+01
-9.1615065262e-05 6.4688915864e-05 4.0405935352e+01
-9.0224584110e-05 6.2862286864e-05 4.0810007433e+01
-8.8464356585e-05 6.4654614846e-05 4.0469269571e+01
-8.7050940375e-05 6.2833942873e-05 4.0869774788e+01
-8.5310644307e-05 6.4624838636e-05 4.0529564424e+01
-8.3874835989e-05 6.2805914036e-05 4.0926569221e+01
-8.2154329135e-05 6.4598683165e-05 4.0586455761e+01
-8.0696037769e-05 6.2784459819e-05 4.0978493833e+01
-7.8995664736e-05 6.4577099374e-05 4.0639133855e+01
-7.7515166875e-05 6.2766017662e-05 4.1025615905e+01
-7.4332545915e-05 6.2749926694e-05 4.1067277635e+01
-7.1148262033e-05 6.2741242326e-05 4.1101658966e+01
-6.7962843518e-05 6.2735959802e-05 4.1128640342e+01
-6.4776591123e-05 6.2733470037e-05 4.1147289798e+01
-6.3178990059e-05 6.4535676778e-05 4.0813042424e+01
-6.1589787565e-05 6.2738874753e-05 4.1155547447e+01
-6.0013254240e-05 6.4542263047e-05 4.0823072742e+01
-5.8402825314e-05 6.2748239012e-05 4.1152927548e+01
-5.6847515694e-05 6.4554070390e-05 4.0822154062e+01
-5.5216043347e-05 6.2762692910e-05 4.1137881582e+01
-5.3682172468e-05 6.4571378341e-05 4.0808881756e+01
-5.2029798096e-05 6.2782293623e-05 4.1108941955e+01
-5.0517530085e-05 6.4594446009e-05 4.0781720351e+01
-4.8844475484e-05 6.2807973392e-05 4.1064334246e+01
-4.5660457148e-05 6.2839807338e-05 4.1002348430e+01
-4.2478044307e-05 6.2876562994e-05 4.0921245152e+01
-3.9297940540e-05 6.2922755195e-05 4.0818303320e+01
-3.7873861135e-05 6.4751071073e-05 4.0498370231e+01
-3.6120327269e-05 6.2975082456e-05 4.0691846978e+01
-3.4718756838e-05 6.4808083965e-05 4.0373544818e+01
-3.1566799349e-05 6.4872689429e-05 4.0222396202e+01
-2.8418540152e-05 6.4946010285e-05 4.0042171512e+01
-2.6607434494e-05 6.3177961551e-05 4.0145008483e+01
-2.5274478653e-05 6.5027991875e-05 3.9830021905e+01
-2.3444602645e-05 6.3261120957e-05 3.9897576754e+01
-2.2135058448e-05 6.5118944043e-05 3.9582790692e+01
-2.0287212679e-05 6.3356232987e-05 3.9611986611e+01
-1.9000935293e-05 6.5220078962e-05 3.9297106440e+01
-1.7135344858e-05 6.3460164236e-05 3.9285160800e+01
-1.5872678325e-05 6.5331423333e-05 3.8969422527e+01
-1.3989472816e-05 6.3572741857e-05 3.8913351542e+01
-1.2750821055e-05 6.5453372261e-05 3.8595853609e+01
-9.6361485259e-06 6.5587230866e-05 3.8172329034e+01
-6.5293263262e-06 6.5733108832e-05 3.7694510207e+01
-3.4310069288e-06 6.5891487864e-05 3.7157686307e+01
-3.4213556781e-07 6.6063767426e-05 3.6556996175e+01
2.7364916579e-06 6.6250138993e-05 3.5887195874e+01
5.8040669787e-06 6.6451169074e-05 3.5142621698e+01
7.7923600046e-06 6.4713041030e-05 3.4683985916e+01
1.0859793147e-05 6.4932762586e-05 3.3787482400e+01
1.1901664867e-05 6.6901948663e-05 3.3405456140e+01
1.3913577872e-05 6.5167110533e-05 3.2800517564e+01
1.4929711186e-05 6.7152610280e-05 3.2399700674e+01
1.6951318839e-05 6.5421396261e-05 3.1716871949e+01
1.7942197506e-05 6.7421911810e-05 3.1293224176e+01
1.9972731743e-05 6.5692610824e-05 3.0529394005e+01
2.0937929219e-05 6.7710183537e-05 3.0078504929e+01
2.2976667288e-05 6.5980797966e-05 2.9230462049e+01
2.3915638102e-05 6.8018130586e-05 2.8745995890e+01
2.5960306233e-05 6.6291367369e-05 2.7815689212e+01
2.6873626842e-05 6.8347391769e-05 2.7290411555e+01
2.9810399483e-05 6.8698312382e-05 2.5712998259e+01
3.1863787166e-05 6.6970480238e-05 2.4650914301e+01
3.4778325844e-05 6.7344611748e-05 2.2721367517e+01
3.7689886010e-05 6.7740178165e-05 2.2794100631e+01
4.0614190411e-05 6.8157610611e-05 2.2737462203e+01
4.3548732526e-05 6.8602385124e-05 2.2757143244e+01
4.4346739889e-05 7.0804425237e-05 2.2757028026e+01
4.6497329142e-05 6.9070629794e-05 2.2750465894e+01
4.7274146969e-05 7.1300836014e-05 2.2747145382e+01
5.0227166216e-05 7.1822611089e-05 2.2735261944e+01
5.5427831585e-05 7.0630757015e-05 2.2731959695e+01
5.8437726486e-05 7.1203251925e-05 2.2728854513e+01
5.9163243800e-05 7.3554467182e-05 2.2716843600e+01
6.1464601866e-05 7.1807014557e-05 2.2725090196e+01
6.2176276388e-05 7.4189592579e-05 2.2713429417e+01
6.5209019833e-05 7.4854698802e-05 2.2711773376e+01
6.7580054967e-05 7.3097668859e-05 2.2723395318e+01
7.0669913182e-05 7.3790257690e-05 2.2723690874e+01
7.1336940829e-05 7.6275497913e-05 2.2712854051e+01
7.3783904772e-05 7.4512215159e-05 2.2728132474e+01
7.4441129738e-05 7.7037012278e-05 2.2714864846e+01
7.6924716978e-05 7.5266156157e-05 2.2732382944e+01
7.7560770777e-05 7.7829980737e-05 2.2723307843e+01
8.0091495275e-05 7.6052106726e-05 2.2741081425e+01
8.3289984371e-05 7.6870512684e-05 2.2750866437e+01
8.3910354308e-05 7.9515403013e-05 2.2740612276e+01
8.6519345240e-05 7.7722320751e-05 2.2761540366e+01
8.7127961077e-05 8.0412564398e-05 2.2754609502e+01
-7.4176322071e-05 6.6365686431e-05 4.0350686195e+01
-4.2744673467e-05 6.6493606066e-05 4.0362172457e+01
-5.3590150871e-06 6.7648463789e-05 3.7390119556e+01
3.8339295486e-06 6.8198720154e-05 3.5568338118e+01
3.0683929880e-05 7.0798770292e-05 2.5213356597e+01
3.9324357836e-05 7.2065654074e-05 2.2783041970e+01
9.0381218450e-05 8.1341611782e-05 2.2768836597e+01
9.3080006237e-05 7.9527683609e-05 2.2792425455e+01
-1.4143735485e-04 6.0235132024e-05 4.0339444532e+01
6.8922742213e-05 7.8029930596e-05 2.2697007376e+01
-1.3522527455e-04 6.5602232851e-05 3.9400023209e+01
9.3670230884e-05 8.2307927346e-05 2.2786898408e+01
9.6415470788e-05 8.0482225954e-05 2.2810812019e+01
5.6896026014e-05 7.5293305177e-05 2.2709756726e+01
-1.3203797705e-04 5.9978161691e-05 4.0589972765e+01
2.5137211361e-04 5.3039782884e-05 1.6165831699e+01
9.6997193050e-05 8.3311968405e-05 2.2806245919e+01
9.9790600020e-05 8.1471520960e-05 2.2829796147e+01
1.0036565810e-04 8.4351056484e-05 2.2826614350e+01
1.0320761203e-04 8.2495416645e-05 2.2847908059e+01
1.0377849170e-04 8.5424024741e-05 2.2848127137e+01
1.0666960819e-04 8.3552010574e-05 2.2870696070e+01
1.0723613059e-04 8.6534279029e-05 2.2868289831e+01
1.1017588819e-04 8.4646736664e-05 2.2886281774e+01
1.1074000665e-04 8.7683153429e-05 2.2905402569e+01
1.1373048613e-04 8.5775153310e-05 2.2892062721e+01
1.1429395492e-04 8.8866490306e-05 2.2855206412e+01
1.1733588690e-04 8.6936722543e-05 2.3089254537e+01
1.1790262882e-04 9.0085479575e-05 2.3028025552e+01
1.2098489665e-04 8.8128116449e-05 2.2206696071e+01
2.9119863417e-04 3.5232516913e-05 1.5999849875e+01
3.6052447697e-04 2.7443969518e-05 1.2523446748e+01
3.6425958581e-04 2.7789651799e-05 1.2187228501e+01
2.6237113791e-04 1.2056754866e-04 1.3793085285e+01
2.6583703097e-04 1.1766717571e-04 1.3808631018e+01
2.5889544309e-04 1.2345089845e-04 1.3776390700e+01
2.9089930133e-04 1.0456479239e-04 1.3582441770e+01
2.8748191298e-04 1.0758088181e-04 1.3573528173e+01
-1.2256876683e-04 5.9760165575e-05 4.0833962632e+01
-1.1302289931e-04 5.9577823093e-05 4.1069737647e+01
-6.0011399614e-05 6.0951126019e-05 4.1488806066e+01
2.8152397031e-04 9.1431039792e-05 1.4289782174e+01
2.7810773748e-04 9.4425490914e-05 1.4276512189e+01
-1.6864764743e-04 9.1260108878e-05 3.5425184440e+01
-1.8102075788e-04 6.1948119837e-05 3.9162093339e+01
-1.8333090041e-04 6.0153196643e-05 3.9390810471e+01
-1.8566908356e-04 5.8365079204e-05 3.9611364826e+01
-1.8502687053e-04 5.6412213705e-05 3.9947777806e+01
-1.8803564814e-04 5.6583761056e-05 3.9822371963e+01
-1.8864669563e-04 5.8548137161e-05 3.9493610734e+01
-1.9102679450e-04 5.6765117370e-05 3.9694196453e+01
-1.9160637533e-04 5.8741455062e-05 3.9373639302e+01
-1.9399954414e-04 5.6956887666e-05 3.9563275018e+01
-1.8740798786e-04 5.4639604384e-05 4.0158512394e+01
-1.9454734725e-04 5.8945724995e-05 3.9251511203e+01
-1.9695313841e-04 5.7159740823e-05 3.9429674162e+01
-1.4439344411e-04 6.5914647413e-05 3.9180176754e+01
-2.9505782936e-04 4.5961020927e-05 1.7787355048e+01
-2.9712245445e-04 4.7156113283e-05 1.7937830608e+01
4.8039333815e-05 7.3555382001e-05 2.2732214780e+01
-1.9988621773e-04 5.7374682196e-05 3.9293496278e+01
-2.0233413528e-04 5.5593614377e-05 3.9444249569e+01
-2.0185395275e-04 5.3607372484e-05 3.9741231444e+01
-2.0481221304e-04 5.3819330650e-05 3.9577150751e+01
-2.0525868083e-04 5.5819687956e-05 3.9291865537e+01
-2.0774843008e-04 5.4044306534e-05 3.9409310374e+01
-2.0816096904e-04 5.6059447264e-05 3.9136740281e+01
-2.1066168140e-04 5.4283175515e-05 3.9237969807e+01
1.2152249081e-04 9.1326308434e-05 2.1278590357e+01
1.2460391446e-04 8.9335088195e-05 2.0386126183e+01
-3.0276374439e-04 1.8265366420e-05 1.7042022060e+01
-3.0675160166e-04 1.6464738444e-05 1.7033927480e+01
-2.9805721594e-04 1.2997263069e-05 1.7030430560e+01
3.2909170115e-04 2.5144703900e-05 1.5203150647e+01
3.2502649005e-04 2.4812547869e-05 1.5398418579e+01
3.3313600060e-04 2.5455243673e-05 1.4974009617e+01
3.3382712061e-04 2.9176266395e-05 1.4764426758e+01
3.3715582994e-04 2.5747058404e-05 1.4703617842e+01
2.9614891822e-04 2.1869539841e-05 1.6588390142e+01
3.0032147435e-04 2.2351696277e-05 1.6315398391e+01
-1.7470096596e-04 9.3983802482e-05 3.5253350704e+01
-1.9610748007e-04 8.8091004147e-05 3.5934866187e+01
-1.9822769473e-04 8.6227450129e-05 3.6095872788e+01
8.5868486390e-05 7.5060492479e-05 2.2771579191e+01
1.0259224848e-04 7.9599596941e-05 2.2851453059e+01
1.2037919821e-04 8.4966036057e-05 2.2829335202e+01
-3.0771386176e-04 1.4137708170e-05 1.7024100879e+01
-3.1090595564e-04 1.4609602412e-05 1.7022308662e+01
-3.0983668669e-04 1.7022032766e-05 1.7032220714e+01
-3.1408061763e-04 1.5141660956e-05 1.7019946499e+01
-2.0297688003e-04 8.4753342078e-05 3.6240272058e+01
-2.0253853047e-04 8.2517866529e-05 3.6418593616e+01
-2.0514632632e-04 8.2904366022e-05 3.6395221482e+01
3.1513096543e-04 8.6807045072e-05 1.3429800377e+01
1.7777582612e-04 9.0256525094e-05 1.6992787995e+01
1.7842252000e-04 9.3970398562e-05 1.7018038603e+01
2.9195834704e-04 2.1396762424e-05 1.6977684699e+01
-2.0556462025e-04 8.5154323313e-05 3.6225252259e+01
-2.0773587926e-04 8.3308747040e-05 3.6374086565e+01
-2.0734065511e-04 8.1061346574e-05 3.6548742343e+01
-1.6737839231e-04 9.5331434720e-05 3.5057598331e+01
-1.6469358347e-04 9.5070199717e-05 3.5046889653e+01
-1.6199754737e-04 9.4819745531e-05 3.5037396260e+01
-1.5929061983e-04 9.4579693531e-05 3.5029119509e+01
-1.5851492592e-04 9.2438241382e-05 3.5223351128e+01
-1.5657318206e-04 9.4349625453e-05 3.5022095173e+01
-1.5736032690e-04 9.6496934400e-05 3.4840094984e+01
-1.5384553470e-04 9.4129248632e-05 3.5016353529e+01
-1.5110797696e-04 9.3918226952e-05 3.5011942360e+01
-1.5004048046e-04 9.7974859618e-05 3.4626787746e+01
-1.4732192919e-04 9.7765799827e-05 3.4612625271e+01
-1.4459463702e-04 9.7565650316e-05 3.4599897600e+01
-1.4185890811e-04 9.7374135777e-05 3.4588681508e+01
-1.3911511192e-04 9.7191008196e-05 3.4579064930e+01
-1.3636346375e-04 9.7016002878e-05 3.4571148585e+01
-1.3728145301e-04 9.9128930872e-05 3.4378304703e+01
-1.3360431368e-04 9.6848904862e-05 3.4565040182e+01
-1.3083798829e-04 9.6689485475e-05 3.4560856249e+01
-1.2999985879e-04 1.0073683681e-04 3.4154511777e+01
-1.2725678346e-04 1.0057964640e-04 3.4140745501e+01
-1.2450745943e-04 1.0042998474e-04 3.4129050954e+01
-1.2175218186e-04 1.0028768755e-04 3.4119571337e+01
-1.1899130262e-04 1.0015250174e-04 3.4112468955e+01
-1.1622521351e-04 1.0002436779e-04 3.4107893761e+01
-1.1517325674e-04 9.7947532490e-05 3.4334934079e+01
-1.1345424821e-04 9.9903168494e-05 3.4106010287e+01
-1.1238410708e-04 9.7831643238e-05 3.4340601326e+01
-1.1067856443e-04 9.9788719699e-05 3.4106997624e+01
-1.0789852837e-04 9.9680948881e-05 3.4111030177e+01
-1.0511443948e-04 9.9579751353e-05 3.4118291552e+01
-1.0232658514e-04 9.9485077466e-05 3.4128964267e+01
-9.9535267401e-05 9.9396827799e-05 3.4143241435e+01
-9.6740789269e-05 9.9314985813e-05 3.4161308500e+01
-9.3943464900e-05 9.9239486006e-05 3.4183358626e+01
-9.1143579834e-05 9.9170278119e-05 3.4209583354e+01
-8.8341419022e-05 9.9107442922e-05 3.4240155025e+01
-8.5537276747e-05 9.9050957643e-05 3.4275255795e+01
-8.5214968770e-05 1.0308287905e-04 3.3729905685e+01
-8.2442663701e-05 1.0303155807e-04 3.3756854686e+01
-7.9669232592e-05 1.0298687906e-04 3.3788982226e+01
-7.6895008598e-05 1.0294887057e-04 3.3826532457e+01
-7.4120136343e-05 1.0291766300e-04 3.3869730951e+01
-7.2818320985e-05 1.0088596355e-04 3.4188336781e+01
-7.1345035731e-05 1.0289327430e-04 3.3918814615e+01
-7.0026003200e-05 1.0086568683e-04 3.4246142668e+01
-6.8569943260e-05 1.0287602318e-04 3.3973963597e+01
-6.7233735902e-05 1.0085188926e-04 3.4309822325e+01
-6.5795145464e-05 1.0286570177e-04 3.4035423235e+01
-6.4441784627e-05 1.0084502727e-04 3.4379444246e+01
-6.3020940823e-05 1.0286254972e-04 3.4103357294e+01
-6.1650431980e-05 1.0084533947e-04 3.4455072297e+01
-6.0247620854e-05 1.0286675500e-04 3.4177911442e+01
-5.8859961739e-05 1.0085300549e-04 3.4536755142e+01
-5.7475431515e-05 1.0287849798e-04 3.4259209075e+01
-5.6070649098e-05 1.0086822977e-04 3.4624490695e+01
-5.4704664439e-05 1.0289798021e-04 3.4347331854e+01
-5.3282774899e-05 1.0089121754e-04 3.4718235750e+01
-5.1935600351e-05 1.0292541904e-04 3.4442319690e+01
-5.0496618306e-05 1.0092221175e-04 3.4817882410e+01
-4.9168495470e-05 1.0296106803e-04 3.4544156392e+01
-4.7712453084e-05 1.0096146415e-04 3.4923260884e+01
-4.6403665555e-05 1.0300516665e-04 3.4652768147e+01
-4.4930561623e-05 1.0100925993e-04 3.5034122157e+01
-4.3641379345e-05 1.0305799886e-04 3.4768006530e+01
-4.2151218518e-05 1.0106589712e-04 3.5150131094e+01
-4.0881892559e-05 1.0311989682e-04 3.4889636889e+01
-3.9374694627e-05 1.0113171801e-04 3.5270854416e+01
-3.8125488516e-05 1.0319119130e-04 3.5017332471e+01
-3.6601263208e-05 1.0120707534e-04 3.5395744934e+01
-3.5372412327e-05 1.0327224172e-04 3.5150659073e+01
-3.3831191531e-05 1.0129236261e-04 3.5524135418e+01
-3.2622962940e-05 1.0336344816e-04 3.5289054776e+01
-3.1064753121e-05 1.0138799387e-04 3.5655214774e+01
-2.8302215926e-05 1.0149442693e-04 3.5788022297e+01
-2.7135983884e-05 1.0357806223e-04 3.5578105835e+01
-2.4398988820e-05 1.0370238359e-04 3.5726883091e+01
-2.1666662019e-05 1.0383875804e-04 3.5876928416e+01
-1.8939275315e-05 1.0398773871e-04 3.6026800299e+01
-1.7296394089e-05 1.0203832894e-04 3.6310842054e+01
-1.4557337621e-05 1.0220673548e-04 3.6431140048e+01
-1.1823769101e-05 1.0238941350e-04 3.6543088172e+01
-9.0959532679e-06 1.0258708610e-04 3.6644057141e+01
-6.3741508743e-06 1.0280052775e-04 3.6731139868e+01
-5.3853543549e-06 1.0494423756e-04 3.6704307325e+01
-3.6586354808e-06 1.0303055908e-04 3.6801052456e+01
-2.6930227797e-06 1.0518299471e-04 3.6806971070e+01
-9.4968588443e-07 1.0327805302e-04 3.6850261568e+01
-7.4423092159e-09 1.0543950712e-04 3.6890808059e+01
1.7524205360e-06 1.0354392827e-04 3.6874932352e+01
2.6710797929e-06 1.0571471612e-04 3.6951757942e+01
5.3422428458e-06 1.0600958742e-04 3.6985609694e+01
8.0057750282e-06 1.0632512141e-04 3.6988254675e+01
1.0661288897e-05 1.0666243450e-04 3.6956072661e+01
1.5149551119e-05 1.0518432776e-04 3.6501748200e+01
1.7804017018e-05 1.0558212605e-04 3.6309925810e+01
2.0449401613e-05 1.0600578543e-04 3.6078150075e+01
2.3085627902e-05 1.0645573433e-04 3.5808117135e+01
2.3806283688e-05 1.0871244985e-04 3.6238529974e+01
2.5711845578e-05 1.0693527635e-04 3.5502704319e+01
2.6406356906e-05 1.0920310228e-04 3.5998849640e+01
2.8996177185e-05 1.0972335244e-04 3.5733986280e+01
3.0935209943e-05 1.0798272935e-04 3.4787935273e+01
3.3531493427e-05 1.0855546177e-04 3.4376086202e+01
3.4144782339e-05 1.1085782265e-04 3.5120309992e+01
3.6117660904e-05 1.0916210491e-04 3.3921249164e+01
3.6703033263e-05 1.1147598639e-04 3.4758748685e+01
3.9250440788e-05 1.1213041401e-04 3.4347200094e+01
4.1785263843e-05 1.1282402743e-04 3.3874557588e+01
4.6353896431e-05 1.1197549664e-04 3.1508786316e+01
4.8882876710e-05 1.1278905716e-04 3.0710320675e+01
-2.0557997153e-05 1.0595229443e-04 3.5701850778e+01
-1.2458318673e-05 1.0646205695e-04 3.6213670417e+01
-3.1429030514e-05 1.0545028956e-04 3.5053603389e+01
4.9318898578e-05 1.1516434468e-04 3.1963440442e+01
5.1398441142e-05 1.1365288659e-04 2.9822855601e+01
-3.9626808924e-05 1.0518899316e-04 3.4629010467e+01
5.3898837492e-05 1.1457052683e-04 2.8844845939e+01
8.8589566715e-06 1.0853315054e-04 3.7170694267e+01
5.4268999857e-05 1.1697430546e-04 3.0175357747e+01
5.6381927073e-05 1.1554620580e-04 2.7696692872e+01
1.6724565738e-05 1.0964641533e-04 3.7090040025e+01
5.6720434530e-05 1.1796681205e-04 2.9112757916e+01
5.9149454707e-05 1.1902384743e-04 2.7864140288e+01
6.1288188344e-05 1.1768946369e-04 2.5589601160e+01
6.1554359696e-05 1.2015105917e-04 2.6672538428e+01
3.2189689695e-05 1.1258166290e-04 3.6185208922e+01
-9.3522124396e-05 1.0327639162e-04 3.3677706192e+01
6.6090044865e-05 1.2012375179e-04 2.1640053582e+01
6.5860174400e-05 1.1759056291e-04 2.0923114399e+01
6.8314174799e-05 1.1886577079e-04 2.1545370805e+01
6.8474134053e-05 1.2144670315e-04 2.0262033101e+01
7.0778652997e-05 1.2020973437e-04 2.1684577045e+01
7.0869475925e-05 1.2284222071e-04 2.1125965244e+01
7.3256103442e-05 1.2163137824e-04 2.1334311450e+01
3.9772018343e-05 1.1447167415e-04 3.5412584827e+01
7.3277555190e-05 1.2432281264e-04 2.1546883710e+01
7.5754041930e-05 1.2313743634e-04 2.1306778214e+01
7.0621941080e-05 1.1757841777e-04 2.1639233796e+01
4.0709890511e-05 1.0816246641e-04 3.1926569910e+01
7.5704222975e-05 1.2589695608e-04 2.1066814497e+01
8.0933441313e-05 1.2352787939e-04 2.1646665920e+01
8.0848794936e-05 1.2643143179e-04 2.1437189539e+01
8.3606998565e-05 1.2523411649e-04 2.1763820743e+01
8.3469893769e-05 1.2823091763e-04 2.1587137107e+01
8.6339784518e-05 1.2703503030e-04 2.1932068640e+01
8.6158501192e-05 1.3013570401e-04 2.1841203251e+01
8.9142605966e-05 1.2893035737e-04 2.2181495830e+01
8.9264316587e-05 1.2577286212e-04 2.2199125083e+01
9.2171751972e-05 1.2765314095e-04 2.2410003033e+01
9.2024459879e-05 1.3091692187e-04 2.2244179496e+01
9.5156362712e-05 1.2961475151e-04 2.2620182066e+01
9.4994903446e-05 1.3299139220e-04 2.2892111495e+01
9.8216837143e-05 1.3165097034e-04 2.1898920783e+01
-1.0180877196e-04 1.0352906401e-04 3.3663432813e+01
9.7991385072e-05 1.3509004461e-04 1.9516599540e+01
1.0124470083e-04 1.3367036323e-04 1.7807829103e+01
9.2237778197e-05 1.2444459979e-04 2.2422166703e+01
1.9693108926e-05 1.0377710889e-04 3.5738309504e+01
8.9610350822e-06 1.0227698126e-04 3.6596842907e+01
-1.8976018302e-06 1.0113220893e-04 3.6828060013e+01
-1.2863282887e-05 1.0027747025e-04 3.6638516221e+01
-2.3917971595e-05 9.9659096310e-05 3.6235066183e+01
2.7647609829e-05 1.0518011177e-04 3.4642296496e+01
1.0143613884e-04 1.3021961053e-04 2.0174327336e+01
1.0449257304e-04 1.3216618369e-04 1.7061052906e+01
1.0425032988e-04 1.3566452534e-04 1.6947901468e+01
1.0756500749e-04 1.3412087973e-04 1.7021638960e+01
1.0730441345e-04 1.3767194794e-04 1.7104344967e+01
1.1069067806e-04 1.3609613970e-04 1.7100255085e+01
-1.1006724994e-04 1.0384176474e-04 3.3680873955e+01
5.4589895642e-05 1.1938630333e-04 3.1710559253e+01
8.0932447354e-05 1.2064624304e-04 2.1853103955e+01
-1.2001176999e-04 1.0224774111e-04 3.3915894998e+01
-7.7109711685e-05 9.8920310207e-05 3.4409421908e+01
1.1040666314e-04 1.3967003547e-04 1.7175926234e+01
1.1386477783e-04 1.3806951001e-04 1.7147005469e+01
-1.0398980441e-04 9.7523293176e-05 3.4376175423e+01
-9.2746474835e-05 9.7200989914e-05 3.4473253947e+01
1.1408414799e-04 1.3445268229e-04 1.7089778756e+01
1.1732922515e-04 1.3639803346e-04 1.7118373165e+01
1.1708972313e-04 1.4002979999e-04 1.7159299118e+01
1.2062599629e-04 1.3833308697e-04 1.7122695513e+01
1.2037200390e-04 1.4197635384e-04 1.7149366500e+01
1.2398084140e-04 1.4025325500e-04 1.7107571056e+01
1.2372028638e-04 1.4391207165e-04 1.7125684611e+01
1.2740221288e-04 1.4215802101e-04 1.7078796840e+01
7.0885570264e-05 1.2548022431e-04 1.9152319773e+01
6.1755266338e-05 1.2261397499e-04 2.8118711469e+01
1.1748430467e-04 1.3274323543e-04 1.7069608548e+01
8.3225145596e-05 1.3126752668e-04 2.1435820324e+01
-1.2822464037e-04 1.0269284643e-04 3.3965501046e+01
1.0464675856e-04 1.2870303952e-04 1.8284046040e+01
1.2759033107e-04 1.3845105384e-04 1.7068858298e+01
1.3108080138e-04 1.4032065453e-04 1.7048156788e+01
1.3089931141e-04 1.4404677189e-04 1.7043910370e+01
1.3464446349e-04 1.4216881168e-04 1.6997568852e+01
1.3448145655e-04 1.4591721174e-04 1.7051790088e+01
1.3828808629e-04 1.4399353903e-04 1.7031604863e+01
1.3837363821e-04 1.4021321588e-04 1.7025668784e+01
1.4207173374e-04 1.4199511109e-04 1.6788485360e+01
1.4201382564e-04 1.4579270917e-04 1.6367163424e+01
1.4582543387e-04 1.4373893676e-04 1.6006428409e+01
-1.4545781280e-04 9.9700385016e-05 3.4426274414e+01
9.4724145272e-05 1.3642238296e-04 2.1253212380e+01
1.4577338029e-04 1.4753576616e-04 1.5740089427e+01
1.4959672475e-04 1.4542655901e-04 1.5665537141e+01
-2.1030630449e-04 8.3731692022e-05 3.6355430967e+01
-2.1250227039e-04 8.1895881887e-05 3.6497031609e+01
-2.9627566026e-04 4.9563434687e-05 2.2664240581e+01
-2.9912425883e-04 4.8414100452e-05 1.8461419279e+01
-3.0202357707e-04 4.7339636965e-05 1.6725925280e+01
3.2902366783e-04 7.7935068578e-05 1.3205883642e+01
1.0695481200e-04 1.4119926065e-04 1.7153353695e+01
3.1896635070e-04 8.7565637538e-05 1.3251794738e+01
3.1560153706e-04 9.0729065704e-05 1.3260066641e+01
1.4209340906e-04 1.3819556141e-04 1.7003407069e+01
2.8356955139e-04 1.0673389425e-04 1.3721077067e+01
2.8405384998e-04 1.1058178005e-04 1.3563173488e+01
-3.5496536168e-04 1.7224686984e-05 1.4910699341e+01
1.4955720891e-04 1.4921620009e-04 1.5375479698e+01
1.5339427831e-04 1.4705317705e-04 1.5359487020e+01
2.3941578308e-04 9.3154432415e-05 1.5000511750e+01
2.3541457029e-04 9.2186376837e-05 1.5085981794e+01
1.8176147783e-04 9.1512025417e-05 1.7021186951e+01
1.8242354901e-04 9.5261140913e-05 1.6905315972e+01
1.7906232505e-04 9.7721151388e-05 1.6931279856e+01
2.5363967534e-04 8.5563568286e-05 1.4981504690e+01
2.5423542177e-04 8.9323326606e-05 1.4872576515e+01
2.7756985076e-04 9.0623313388e-05 1.4405303542e+01
2.7415301957e-04 9.3600171793e-05 1.4390333898e+01
2.8098178861e-04 8.7628552712e-05 1.4420198254e+01
2.7468610947e-04 9.7402014979e-05 1.4263016080e+01
2.7073086475e-04 9.6559359307e-05 1.4375480135e+01
-2.1472238461e-04 8.0066069009e-05 3.6636625864e+01
-2.1727304781e-04 8.0517379206e-05 3.6610091222e+01
-2.1980243577e-04 8.0989760747e-05 3.6587514831e+01
-2.2204579428e-04 7.9175636015e-05 3.6716825769e+01
-2.2178757801e-04 7.6885334512e-05 3.6871691108e+01
-2.2431379013e-04 7.7367921314e-05 3.6844317577e+01
-2.1103926323e-04 5.6313982478e-05 3.8979240711e+01
-2.1355080428e-04 5.4536828035e-05 3.9063484368e+01
-2.1641477255e-04 5.4806384261e-05 3.8886267481e+01
-2.1897960510e-04 5.3047002418e-05 3.8921643144e+01
-1.4006547513e-04 9.3161589435e-05 3.5008986815e+01
1.6061652105e-04 9.8485900028e-05 1.7000856875e+01
1.5679318219e-04 9.7151457685e-05 1.7002676303e+01
1.6447998175e-04 9.9835489319e-05 1.7003823297e+01
1.5338204501e-04 1.4325966840e-04 1.5581186004e+01
1.5718847075e-04 1.4483485238e-04 1.5335648141e+01
1.5721954941e-04 1.4862453433e-04 1.5132269018e+01
1.6102244619e-04 1.4636308185e-04 1.5134008077e+01
1.6094175076e-04 1.4256481310e-04 1.5306053166e+01
1.6478517582e-04 1.4405539553e-04 1.5128013970e+01
1.6488380305e-04 1.4784272517e-04 1.4959681107e+01
1.6865248404e-04 1.4550032780e-04 1.4969114144e+01
1.2509994198e-04 9.2571093813e-05 1.9503850316e+01
1.2818582026e-04 9.0543879118e-05 1.8788757295e+01
7.8180969714e-05 8.0425786990e-05 2.2706937737e+01
8.7714759013e-05 8.3140625579e-05 2.2741507155e+01
-2.2455136765e-04 7.9675985171e-05 3.6697010713e+01
-2.2681678578e-04 7.7874207544e-05 3.6825121038e+01
-3.1291216620e-04 1.7638785162e-05 1.7029289171e+01
-3.1726026704e-04 1.5723488251e-05 1.7020161730e+01
-3.0304901380e-04 4.4890225597e-05 1.7215003536e+01
-3.0503523812e-04 4.6290224518e-05 1.7325787966e+01
7.3088949411e-05 7.2011201681e-05 2.2737839617e+01
5.4653666390e-05 6.8332460848e-05 2.2744153689e+01
3.6835619338e-05 6.5609446209e-05 2.2682224459e+01
2.7998973329e-05 6.4561522748e-05 2.6897841659e+01
9.7751765738e-06 6.2978005214e-05 3.4204257568e+01
4.5788175255e-07 6.2404151004e-05 3.6601691955e+01
-8.9564147760e-06 6.1950709639e-05 3.8363702043e+01
-2.7987705133e-05 6.1339058473e-05 4.0473247933e+01
-3.1519389494e-04 1.2711085377e-05 1.7018270233e+01
2.6631402700e-04 1.2148632377e-04 1.3654070802e+01
3.6465066892e-04 3.1913662011e-05 1.2294442687e+01
3.6793229930e-04 2.8183908563e-05 1.1892571450e+01
3.4565781044e-04 6.1345298622e-05 1.3019089784e+01
-1.6542458386e-04 9.7244816321e-05 3.4883503191e+01
2.9138360753e-04 1.0842669849e-04 1.3418326225e+01
2.9479486816e-04 1.0539779315e-04 1.3425991580e+01
1.2004214139e-04 1.4557863441e-04 1.7179652705e+01
3.6382239562e-04 2.3722081761e-05 1.2001624656e+01
3.3644902294e-04 2.2028863621e-05 1.4929373709e+01
3.4046844585e-04 2.2274889591e-05 1.4588748273e+01
2.9529003454e-04 1.8380637350e-05 1.7142344712e+01
2.9119411698e-04 1.8108980160e-05 1.6997991178e+01
1.6877221668e-04 1.4927666061e-04 1.4797807865e+01
1.7254256283e-04 1.4690417286e-04 1.4819354572e+01
-2.1575343670e-04 5.0751420586e-05 3.9363742478e+01
-2.0435016185e-04 5.1841049726e-05 3.9870069158e+01
2.7018895022e-04 9.2766177286e-05 1.4497480300e+01
-2.9893412949e-04 2.0011933213e-05 1.7047076625e+01
2.6676713146e-04 9.5707659130e-05 1.4481317917e+01
1.8305902051e-04 9.9031445165e-05 1.6499562985e+01
-2.3158264764e-04 7.6616690939e-05 3.6948003712e+01
2.5764555587e-04 8.6439510105e-05 1.4895113331e+01
-1.2249905759e-04 9.6255388313e-05 3.4561114413e+01
3.3569705115e-04 7.1387017032e-05 1.3152518326e+01
2.8786846196e-04 3.8283500441e-05 1.5964021277e+01
2.9198959573e-04 3.8870952734e-05 1.5821430050e+01
2.1581859213e-04 1.1617925275e-04 1.4838485432e+01
2.9342012928e-04 6.7897769101e-05 1.4746162493e+01
-1.8728254834e-04 4.5326746192e-05 4.1756562405e+01
1.2069924489e-04 1.1662269133e-04 1.7091259436e+01
9.4470968196e-05 1.0743573909e-04 2.2637269542e+01
9.1637771189e-05 1.0902534719e-04 2.2561673338e+01
9.4744955595e-05 1.1048935334e-04 2.2624473315e+01
1.6030057309e-04 1.2726431231e-04 1.5967420433e+01
1.9509185963e-04 8.1461775277e-05 1.6961034745e+01
1.4676220369e-04 7.7695848183e-05 1.7094601583e+01
1.5626299811e-04 9.3562818636e-05 1.7002709540e+01
1.5301123805e-04 9.5834978357e-05 1.7002599608e+01
-2.3510733688e-04 4.2552526445e-05 3.8230823476e+01
-2.3801068549e-04 4.2844157484e-05 3.7812829391e+01
-2.3524472349e-04 4.4572244199e-05 3.8115400021e+01
-2.3810519291e-04 4.4884405769e-05 3.7734131472e+01
-2.3818097348e-04 4.6951467429e-05 3.7667853209e+01
-2.3542454065e-04 4.8694025405e-05 3.7923744518e+01
-2.4093025832e-04 4.5220050510e-05 3.7340565711e+01
-2.4096838870e-04 4.7307992456e-05 3.7314394676e+01
-2.4372069643e-04 4.5580586365e-05 3.6935530816e+01
-2.4371775636e-04 4.7690575737e-05 3.6954267593e+01
-2.4647395240e-04 4.5967920776e-05 3.6520807453e+01
-2.4642990947e-04 4.8100615544e-05 3.6588965891e+01
1.9034671674e-04 1.2693370563e-04 1.5038052782e+01
1.2455812127e-04 7.1801261445e-05 2.3011718364e+01
2.2541847948e-04 7.8971440659e-05 1.5701843935e+01
-1.0563314463e-04 8.5681449115e-05 3.6143362604e+01
-1.5354186410e-04 4.7911631700e-05 4.2546698783e+01
-1.5130138783e-04 4.9633638469e-05 4.2257058211e+01
-1.5453503222e-04 4.9713438375e-05 4.2145176620e+01
-1.5548361942e-04 5.1541153849e-05 4.1745163935e+01
-1.4908604473e-04 5.1363861687e-05 4.1961746807e+01
1.0634181961e-04 6.7366413226e-05 2.2879289099e+01
-9.3965403611e-05 8.5396177042e-05 3.6351267267e+01
8.9118992544e-05 6.3611044028e-05 2.2816957174e+01
-1.4084166952e-04 2.4287672884e-05 4.7984916678e+01
-1.2257313036e-04 2.4210237473e-05 4.8556060001e+01
-8.2246813101e-05 8.5198902094e-05 3.6600685943e+01
2.0162819060e-04 3.8760075776e-05 1.7564217640e+01
6.2873682115e-05 7.6599272770e-05 2.2700150962e+01
9.4229262968e-05 8.5127992579e-05 2.2778839657e+01
-7.0495210565e-05 8.5092400408e-05 3.6883572555e+01
-1.0790051353e-04 2.4165356921e-05 4.8877018321e+01
7.1045066848e-05 1.0031595188e-04 2.2419251029e+01
6.8687764798e-05 1.0187180952e-04 2.2382118031e+01
7.1481491095e-05 1.0295344677e-04 2.2364886989e+01
7.1880925601e-05 1.0560180377e-04 2.2301001224e+01
6.6378772923e-05 1.0340328970e-04 2.2346383050e+01
6.6810088939e-05 1.0597482388e-04 2.2279825587e+01
1.6255070268e-04 3.3420384802e-05 1.9870213683e+01
-9.3189182412e-05 2.4135390391e-05 4.9051321316e+01
-2.4843236390e-04 6.1999244901e-05 3.6952717160e+01
-2.5086572613e-04 6.2607915760e-05 3.6869327977e+01
-2.4835606883e-04 6.4325246054e-05 3.7050194928e+01
-2.5076230312e-04 6.4956507372e-05 3.7001039625e+01
-2.5067098984e-04 6.7326637017e-05 3.7121870457e+01
-2.4823562836e-04 6.9041935459e-05 3.7222338151e+01
-2.4584598216e-04 6.8400319133e-05 3.7227922116e+01
-2.4582797833e-04 7.0767946533e-05 3.7277240834e+01
-2.5313452895e-04 6.5622640126e-05 3.6974133811e+01
-2.5301934807e-04 6.8015277443e-05 3.7127090990e+01
-2.5547243165e-04 6.6325059094e-05 3.6976659467e+01
-2.5533461989e-04 6.8740391454e-05 3.7164125438e+01
-2.5292030098e-04 7.0428378367e-05 3.7269200752e+01
-5.8733527376e-05 8.5082939543e-05 3.7180442733e+01
1.3520466087e-04 3.0250337028e-05 2.2922323822e+01
-5.6271442048e-05 2.4142620840e-05 4.8497240449e+01
3.6764256071e-05 9.4431977331e-05 2.7614317881e+01
3.9471793676e-05 9.5046279897e-05 2.6459336960e+01
3.7488751930e-05 9.6694841668e-05 2.8212864747e+01
4.0179014593e-05 9.7327429161e-05 2.7135614251e+01
2.4145938808e-04 4.4193997701e-05 1.7068016609e+01
1.0512518047e-04 2.7644902349e-05 2.2871896536e+01
-3.7869781496e-05 2.4198450978e-05 4.7386459478e+01
-3.5248884129e-05 8.5412454471e-05 3.7643171718e+01
-1.9462525823e-05 2.4313790600e-05 4.5430366708e+01
-4.7974834263e-06 2.4455825398e-05 4.3114248824e+01
4.5621433957e-05 2.5362571266e-05 2.9867876547e+01
9.7835306750e-06 2.4649443809e-05 4.0059273032e+01
-2.3567037369e-05 8.5795037823e-05 3.7649477176e+01
-1.1978379477e-04 6.5179512331e-05 3.9768157013e+01
-1.3095003302e-04 1.0285636859e-04 3.3986058530e+01
-6.7891210553e-05 6.6347750588e-05 4.0431282388e+01
-1.1954358466e-05 8.6365724568e-05 3.7328842499e+01
-2.5984162888e-05 1.0567777283e-04 3.5368577268e+01
1.0963329905e-05 8.8262713788e-05 3.4851558436e+01
-4.5109149666e-05 1.0506354929e-04 3.4382942561e+01
2.2211782304e-05 8.9717220747e-05 3.2169464936e+01
5.4344915772e-05 9.4731508996e-05 2.2532085035e+01
1.8678184158e-04 1.2946695097e-04 1.5048129175e+01
1.9069141753e-04 1.3073870274e-04 1.4944313196e+01
1.8709820818e-04 1.3327238125e-04 1.4950794371e+01
1.9101232914e-04 1.3453796537e-04 1.4843050265e+01
1.8739074397e-04 1.3707049849e-04 1.4843650993e+01
1.9131309973e-04 1.3832950153e-04 1.4728979679e+01
1.9493799755e-04 1.3577384191e-04 1.4733972417e+01
1.9524827754e-04 1.3955934510e-04 1.4611649287e+01
1.9887474096e-04 1.3698200275e-04 1.4621989366e+01
1.9160159110e-04 1.4210456470e-04 1.4598156459e+01
1.9919545437e-04 1.4076215845e-04 1.4490738577e+01
2.0282185904e-04 1.3816438574e-04 1.4506183804e+01
2.0315363075e-04 1.4193999357e-04 1.4365768539e+01
2.0677849627e-04 1.3932289004e-04 1.4386057136e+01
2.0642688407e-04 1.3554361879e-04 1.4518641193e+01
2.1038259220e-04 1.3668314652e-04 1.4402897131e+01
2.1074372647e-04 1.4045944544e-04 1.4261369703e+01
2.1434567081e-04 1.3780176306e-04 1.4282367293e+01
2.1471651722e-04 1.4157567923e-04 1.4132036076e+01
2.1831511380e-04 1.3890098272e-04 1.4156916558e+01
2.1396730971e-04 1.3402179950e-04 1.4417084135e+01
1.9950638884e-04 1.4453305766e-04 1.4341072404e+01
-1.7271122955e-04 7.9246212768e-05 3.6768608453e+01
-2.2793902745e-04 6.0357696722e-05 3.7876153928e+01
-1.7873814995e-04 6.3749864310e-05 3.8926493989e+01
-3.2633407083e-04 2.4725648884e-05 1.7040402967e+01
2.3957595191e-04 1.2243690717e-04 1.4256142438e+01
2.3606844096e-04 1.2522678474e-04 1.4242945703e+01
2.4003079812e-04 1.2622955009e-04 1.4126107173e+01
2.3651271806e-04 1.2901712146e-04 1.4109990235e+01
2.4047713889e-04 1.3002176387e-04 1.3985112930e+01
2.3694890194e-04 1.3280611877e-04 1.3965307370e+01
2.3254784753e-04 1.2799917189e-04 1.4228974675e+01
1.3065587614e-04 1.4775479434e-04 1.7015876663e+01
-3.2084151605e-04 3.4201356517e-05 1.7021134787e+01
-1.5449804281e-04 8.1959365048e-05 3.6448257636e+01
-1.3346879518e-04 8.4768781520e-05 3.6095221087e+01
1.4885184434e-04 1.2246340673e-04 1.7004762618e+01
-3.1656998608e-04 3.5757226786e-05 1.7049416632e+01
-3.1893554106e-04 3.7286552854e-05 1.7046575720e+01
-1.0234751514e-04 6.6667434307e-05 3.9795064254e+01
-2.9069007742e-04 5.2075335555e-05 2.8218507489e+01
-2.8795163137e-04 5.3416891417e-05 3.0219627501e+01
-1.3633311956e-04 8.4909577812e-05 3.6066603938e+01
2.9853569086e-04 7.6173479788e-05 1.4345490661e+01
-2.7080050612e-04 5.6490960463e-05 3.4499186392e+01
-2.7040707048e-04 5.8916188218e-05 3.5241725689e+01
-2.6782319883e-04 6.0510656221e-05 3.5788361364e+01
-2.7003220043e-04 6.1365132346e-05 3.5914977547e+01
-2.6749343422e-04 6.2958229549e-05 3.6336537660e+01
-2.7259994196e-04 5.9792602962e-05 3.5379190107e+01
-1.9307547116e-04 7.4980406299e-05 3.7185674643e+01
3.2833808731e-04 2.1473295088e-05 1.5444319776e+01
3.2425365965e-04 2.1157748982e-05 1.5638764107e+01
1.9951020203e-04 1.0780340569e-04 1.5331568234e+01
-1.7998695754e-04 1.8166349259e-05 4.7248045404e+01
2.3417239741e-04 1.1006973468e-04 1.4682247352e+01
-1.5501467712e-04 3.9246013192e-05 4.4312051276e+01
-1.5162478825e-04 3.9193384231e-05 4.4444670697e+01
-1.5051727712e-04 3.7481308767e-05 4.4848072483e+01
-1.5283230293e-04 3.5827259003e-05 4.5115065552e+01
-1.4938441106e-04 3.5784157963e-05 4.5250213930e+01
-1.4822555916e-04 3.4101630314e-05 4.5650559955e+01
-1.5054568350e-04 3.2468092350e-05 4.5912073732e+01
-1.5404403610e-04 3.2504902911e-05 4.5769477664e+01
-1.4474208561e-04 3.4065032527e-05 4.5780946643e+01
-1.4125219542e-04 3.4030477823e-05 4.5905904454e+01
-1.4001109827e-04 3.2372085382e-05 4.6303697248e+01
-1.3648796334e-04 3.2343368007e-05 4.6422924398e+01
-1.3425459297e-04 3.3967107768e-05 4.6139875886e+01
-1.3074774288e-04 3.3938187683e-05 4.6248924247e+01
-1.2723631939e-04 3.3910840412e-05 4.6352617894e+01
-1.2588845322e-04 3.2265375545e-05 4.6747238167e+01
-1.2234583609e-04 3.2242758464e-05 4.6843768838e+01
-1.2019709610e-04 3.3861255009e-05 4.6543418360e+01
-1.1667177208e-04 3.3838927922e-05 4.6630052430e+01
-1.1314186953e-04 3.3817999077e-05 4.6710523637e+01
-1.1169404490e-04 3.2183060117e-05 4.7096018000e+01
-1.0813634429e-04 3.2166038418e-05 4.7166494776e+01
-1.0607180650e-04 3.3781447615e-05 4.6851164760e+01
-1.0253186245e-04 3.3764728591e-05 4.6910645176e+01
-9.8988921795e-05 3.3749975070e-05 4.6961967075e+01
-9.5443148459e-05 3.3737459168e-05 4.7004439137e+01
-9.3875413725e-05 3.2112354375e-05 4.7367473583e+01
-9.1894950527e-05 3.3726100402e-05 4.7037587597e+01
-8.8344525067e-05 3.3716304933e-05 4.7060537725e+01
-8.4792041287e-05 3.3708207757e-05 4.7072408782e+01
-8.1237754847e-05 3.3701865322e-05 4.7072241388e+01
-7.9577789170e-05 3.2083072318e-05 4.7405197984e+01
-7.7681960959e-05 3.3697325788e-05 4.7059014739e+01
-7.4124860513e-05 3.3694420758e-05 4.7031648324e+01
-7.0566660785e-05 3.3693963274e-05 4.6988781945e+01
-6.7007692072e-05 3.3695490638e-05 4.6929240668e+01
-6.5258129671e-05 3.2080141787e-05 4.7218336672e+01
-6.3448184357e-05 3.3698893938e-05 4.6851666145e+01
-5.9888411631e-05 3.3705040435e-05 4.6754431240e+01
-5.6328667264e-05 3.3713103367e-05 4.6636150052e+01
-5.2769252421e-05 3.3723953993e-05 4.6495016077e+01
-5.0932232413e-05 3.2111374378e-05 4.6722859299e+01
-4.9210519522e-05 3.3737620041e-05 4.6329303974e+01
-5.1048669303e-05 3.5358947140e-05 4.6106559932e+01
-4.5652773285e-05 3.3754200520e-05 4.6137193301e+01
-4.2096526754e-05 3.3775961707e-05 4.5916395404e+01
-4.0443991457e-05 3.5416469776e-05 4.5504640856e+01
-3.6912508818e-05 3.5442417915e-05 4.5244723158e+01
-3.4989317401e-05 3.3825523798e-05 4.5382645092e+01
-3.3383383218e-05 3.5471967849e-05 4.4951744121e+01
-3.1439079217e-05 3.3853930722e-05 4.5065507221e+01
-2.7892043487e-05 3.3888640603e-05 4.4711428481e+01
-2.6333967361e-05 3.5542818060e-05 4.4257983257e+01
-2.2814645283e-05 3.5584709388e-05 4.3852815413e+01
-2.0808419188e-05 3.3968127271e-05 4.3885650175e+01
-1.9299579260e-05 3.5631088900e-05 4.3405911406e+01
-1.7272926835e-05 3.4014195240e-05 4.3409618545e+01
-1.3742376395e-05 3.4064824932e-05 4.2888833999e+01
-1.2284431142e-05 3.5738279903e-05 4.2378455920e+01
-8.7855779686e-06 3.5799524274e-05 4.1793945143e+01
-6.6984628511e-06 3.4180551209e-05 4.1705675706e+01
-5.2933850349e-06 3.5866151797e-05 4.1159861884e+01
-3.1863653691e-06 3.4246023103e-05 4.1040144800e+01
-1.8085168682e-06 3.5938355940e-05 4.0474688272e+01
3.1826156496e-07 3.4316804275e-05 4.0323679679e+01
1.6682724992e-06 3.6016330218e-05 3.9737221716e+01
5.1362151072e-06 3.6100229780e-05 3.8946638857e+01
8.5945638965e-06 3.6190184559e-05 3.8102573897e+01
1.0779907399e-05 3.4562411404e-05 3.7862779842e+01
1.2042430367e-05 3.6286329184e-05 3.7205259493e+01
1.4247481670e-05 3.4654299585e-05 3.6939583485e+01
1.5478964849e-05 3.6388528181e-05 3.6255640113e+01
1.8903108523e-05 3.6497468139e-05 3.5255344025e+01
2.2314024999e-05 3.6612682284e-05 3.4207080571e+01
2.5710774692e-05 3.6733968670e-05 3.3114602407e+01
2.9092111505e-05 3.6861939857e-05 3.1982684806e+01
3.1392551183e-05 3.5209806465e-05 3.1644294680e+01
3.4776826192e-05 3.5337797651e-05 3.0481730666e+01
3.8143819650e-05 3.5471151744e-05 2.9300752957e+01
3.9133811949e-05 3.7282162684e-05 2.8418911303e+01
4.2443294452e-05 3.7433866580e-05 2.7204895982e+01
4.4821745607e-05 3.5753254721e-05 2.6923185749e+01
4.8131231584e-05 3.5900075877e-05 2.5741532968e+01
5.1418072239e-05 3.6054145353e-05 2.4614421645e+01
5.4682716777e-05 3.6211464812e-05 2.3425924025e+01
5.7928916004e-05 3.6372287551e-05 2.2771082281e+01
6.1192462745e-05 3.6552590532e-05 2.2844215938e+01
6.1958292828e-05 3.8490134159e-05 2.2806313777e+01
6.4476786302e-05 3.6749240148e-05 2.2809887434e+01
6.5235887522e-05 3.8715964559e-05 2.2809703885e+01
6.7783164012e-05 3.6962129784e-05 2.2814022980e+01
6.8535344265e-05 3.8960471846e-05 2.2806773948e+01
7.1110391943e-05 3.7196392920e-05 2.2812364110e+01
7.1857305966e-05 3.9224827309e-05 2.2808660083e+01
7.5202938021e-05 3.9508917190e-05 2.2811852678e+01
7.8573241614e-05 3.9812866706e-05 2.2816934426e+01
8.1968789124e-05 4.0137669087e-05 2.2823190521e+01
8.4662142034e-05 3.8323585998e-05 2.2830139342e+01
8.8115460513e-05 3.8654079006e-05 2.2836474174e+01
8.8839960906e-05 4.0848769041e-05 2.2838617906e+01
9.1594819596e-05 3.9008073638e-05 2.2845148745e+01
9.2317067303e-05 4.1235825706e-05 2.2847389355e+01
9.5103084480e-05 3.9381583807e-05 2.2854190085e+01
9.5823140852e-05 4.1643650188e-05 2.2856484147e+01
9.8640581879e-05 3.9775480427e-05 2.2862654345e+01
9.9358976716e-05 4.2072300035e-05 2.2866096699e+01
1.0220805321e-04 4.0189913897e-05 2.2872879066e+01
1.0292544293e-04 4.2521737783e-05 2.2875693614e+01
1.0652339479e-04 4.2991900090e-05 2.2885553528e+01
1.0943597866e-04 4.1080004035e-05 2.2892019921e+01
1.1015365084e-04 4.3482658773e-05 2.2895162021e+01
1.1309800899e-04 4.1555371188e-05 2.2900730576e+01
1.1381709026e-04 4.3993856004e-05 2.2904860321e+01
1.1679316570e-04 4.2050715846e-05 2.2910877827e+01
1.1751455147e-04 4.4525264386e-05 2.2914107197e+01
1.2052221056e-04 4.2565747437e-05 2.2919652642e+01
1.2124691092e-04 4.5076650304e-05 2.2923820759e+01
1.2428598689e-04 4.3100208381e-05 2.2927502855e+01
1.2501496824e-04 4.5647707796e-05 2.2931219144e+01
1.2881966605e-04 4.6238177040e-05 2.2923075823e+01
1.3192105960e-04 4.4225743238e-05 2.2947344040e+01
1.3266298188e-04 4.6847369846e-05 2.3026871467e+01
1.3579430441e-04 4.4814609923e-05 2.2799620922e+01
1.3653306810e-04 4.7474224369e-05 2.2493479268e+01
1.3966891032e-04 4.5422340855e-05 2.2019917042e+01
1.4039604159e-04 4.8116652460e-05 2.1678985984e+01
1.4353710598e-04 4.6043141893e-05 2.1317587912e+01
1.4425228546e-04 4.8772352783e-05 2.0969222291e+01
1.4739941211e-04 4.6676538132e-05 2.0652044515e+01
1.4810229205e-04 4.9439903578e-05 2.0309970744e+01
1.5125640772e-04 4.7321269617e-05 2.0046215584e+01
1.5194670074e-04 5.0117764924e-05 1.9709417652e+01
1.5510887282e-04 4.7975894201e-05 1.9498277078e+01
1.5578651774e-04 5.0804321030e-05 1.9172542950e+01
1.5895787170e-04 4.8638913007e-05 1.9011035979e+01
1.5962294464e-04 5.1497904968e-05 1.8700560219e+01
1.6280560833e-04 4.9306824211e-05 1.8584108945e+01
1.6345752824e-04 5.2196491245e-05 1.8295537746e+01
1.6665063671e-04 4.9983817249e-05 1.8215624200e+01
1.6729129895e-04 5.2899268449e-05 1.7951245302e+01
1.7049694886e-04 5.0663370838e-05 1.7906005215e+01
1.7112567688e-04 5.3603324826e-05 1.7664137309e+01
1.7434634034e-04 5.1342528406e-05 1.7652601484e+01
1.7496269709e-04 5.4304231462e-05 1.7435477696e+01
1.7819688454e-04 5.2024456881e-05 1.7445770329e+01
1.7171952553e-04 5.6580080637e-05 1.7431088967e+01
-1.7816337287e-05 3.7309214651e-05 4.2924824453e+01
-4.5838021104e-05 3.7022455014e-05 4.5536491130e+01
-3.1801953554e-05 3.7131619307e-05 4.4519653810e+01
-4.5768672876e-07 3.7647905780e-05 3.9906049202e+01
3.3490611511e-05 3.8805922875e-05 2.9971681957e+01
1.1823613822e-04 4.7046943663e-05 2.2916898996e+01
1.4495754274e-04 5.1551586692e-05 2.0603722589e+01
1.5645141006e-04 5.3679214783e-05 1.8836901437e+01
1.2955583250e-04 4.8870175542e-05 2.2917951819e+01
1.0364307447e-04 4.4897894925e-05 2.2877856170e+01
9.3039047703e-05 4.3508516319e-05 2.2849076156e+01
8.2700994319e-05 4.2308679527e-05 2.2823141083e+01
5.3032782918e-05 3.9816909176e-05 2.2826280559e+01
4.3361251075e-05 3.9284423411e-05 2.6271603146e+01
2.0074401227e-05 3.8260126408e-05 3.4533931975e+01
-6.5198933482e-05 3.5323183652e-05 4.6565065635e+01
-9.6993185071e-05 3.5375669074e-05 4.6634034382e+01
1.7880181398e-04 5.5004023434e-05 1.7269904156e+01
1.8205216801e-04 5.2702661080e-05 1.7293453427e+01
-1.1456854176e-04 3.5468084569e-05 4.6319152010e+01
-1.2856017053e-04 3.5572033822e-05 4.5953391177e+01
1.8264560003e-04 5.5698745204e-05 1.7118441090e+01
1.8591308634e-04 5.3376365064e-05 1.7162708681e+01
1.8141692038e-04 4.9734301000e-05 1.7455645935e+01
1.6983066311e-04 4.7761028654e-05 1.8153452187e+01
1.4279193946e-04 4.3357920587e-05 2.1653169369e+01
9.4362216456e-05 3.7161435881e-05 2.2851984382e+01
8.3912819939e-05 3.6206722402e-05 2.2828997061e+01
7.3698406050e-05 3.5430884234e-05 2.2814523180e+01
5.3844972843e-05 3.4355929780e-05 2.4433121596e+01
3.0273467035e-05 3.3443355950e-05 3.2461425133e+01
1.9924706849e-05 3.3124733376e-05 3.5681650161e+01
-2.5932909811e-05 3.2279676836e-05 4.4786319804e+01
-3.6645837648e-05 3.2189792027e-05 4.5814145772e+01
-1.1700663706e-05 3.2453899890e-05 4.2850609045e+01
2.4408342320e-06 3.2700648449e-05 4.0164854474e+01
4.3855283570e-05 3.3938549521e-05 2.7831577314e+01
1.0869741921e-04 3.8718960289e-05 2.2888568188e+01
1.2353647429e-04 4.0595342897e-05 2.2925271086e+01
1.5825870988e-04 4.5822263428e-05 1.9317998177e+01
1.6409413339e-04 5.5130301997e-05 1.8001954709e+01
1.3726482262e-04 5.0181613315e-05 2.2081033627e+01
1.7936033030e-04 5.8019536019e-05 1.7121477873e+01
1.1087176997e-04 4.5930277062e-05 2.2897613269e+01
2.6815356937e-05 3.8518896497e-05 3.2331906043e+01
1.3119552031e-04 1.3657409264e-04 1.7037826954e+01
-1.7182285064e-04 3.9559510400e-05 4.3569230836e+01
-1.7425986242e-04 3.7880911220e-05 4.3789317270e+01
-2.6057725026e-04 3.9617848259e-05 3.2822157131e+01
-2.6035654617e-04 4.1766252267e-05 3.3202028783e+01
-2.6298908929e-04 4.2277069106e-05 3.2513348942e+01
6.6637633327e-05 9.1557564274e-05 2.2555932572e+01
1.9690785816e-04 7.1544035308e-05 1.6987938262e+01
-1.5303087325e-04 9.2005133749e-05 3.5223162397e+01
-2.4340136647e-04 3.3490921288e-05 3.7138819078e+01
1.5249586056e-04 9.2294734325e-05 1.7003004924e+01
1.4927176349e-04 9.4539331729e-05 1.7001738535e+01
1.4877109588e-04 9.1050594922e-05 1.7004134843e+01
1.4557549940e-04 9.3267572341e-05 1.7001969863e+01
1.4605211119e-04 9.6752719545e-05 1.7001217892e+01
2.2320922898e-04 6.7837226313e-05 1.6286459932e+01
2.1910655463e-04 6.6836422644e-05 1.6485476631e+01
2.2242092612e-04 6.4148116956e-05 1.6481365934e+01
2.1830204444e-04 6.3151510445e-05 1.6828439872e+01
2.2160673217e-04 6.0469436820e-05 1.6809601055e+01
2.1748208819e-04 5.9492998943e-05 1.7021850857e+01
2.2078679349e-04 5.6830832907e-05 1.7027937873e+01
2.1671293162e-04 5.5946155747e-05 1.6989687339e+01
2.1340330988e-04 5.8565333327e-05 1.6983617168e+01
2.1268255169e-04 5.5121781597e-05 1.7018937350e+01
2.0936817802e-04 5.7691408155e-05 1.7012786828e+01
2.0869157724e-04 5.4355903950e-05 1.7013919885e+01
2.0537359384e-04 5.6872489206e-05 1.7016750232e+01
2.0473452900e-04 5.3642642118e-05 1.7007623718e+01
2.2490779839e-04 5.7773286364e-05 1.6794809369e+01
-2.7732365628e-04 3.6394512072e-05 2.4198805576e+01
-2.7983088626e-04 3.7076728206e-05 2.2742525019e+01
-2.7686149402e-04 3.8630621372e-05 2.5416694876e+01
-2.7932299718e-04 3.9332203246e-05 2.4169022205e+01
-2.6131447678e-04 3.1304737689e-05 3.1612169522e+01
-1.6321174806e-04 9.0765587371e-05 3.5427925770e+01
-2.7008792459e-04 3.0447006197e-05 2.7216957730e+01
2.1829197472e-04 1.0590615752e-04 1.5024427644e+01
2.6907859715e-04 2.5911625799e-05 1.7285240633e+01
2.6509276559e-04 2.5668322903e-05 1.7670225064e+01
2.6848631957e-04 2.2975306675e-05 1.7863127059e+01
2.6448577952e-04 2.2741685399e-05 1.8139514592e+01
2.6788024560e-04 2.0052661876e-05 1.8363637432e+01
2.6386335253e-04 1.9830979304e-05 1.8682810632e+01
2.6046830633e-04 2.2486381631e-05 1.8417453965e+01
2.5982892426e-04 1.9585954296e-05 1.8929491391e+01
2.5643499624e-04 2.2208020900e-05 1.8635570353e+01
2.5577975019e-04 1.9317330073e-05 1.9142894808e+01
2.5238833934e-04 2.1906596199e-05 1.8825882721e+01
2.5171760257e-04 1.9024639856e-05 1.9262457237e+01
2.4833123322e-04 2.1582499033e-05 1.8923012803e+01
2.4765995160e-04 1.8714610953e-05 1.9238784283e+01
2.4427992008e-04 2.1242732850e-05 1.8915093376e+01
2.4361633019e-04 1.8394179556e-05 1.9217528149e+01
2.4024083907e-04 2.0893035215e-05 1.8900830020e+01
2.3958740198e-04 1.8067468373e-05 1.9186748710e+01
2.3621599403e-04 2.0537297755e-05 1.8879767682e+01
2.3557325744e-04 1.7737623881e-05 1.9175722919e+01
2.3220504902e-04 2.0178251206e-05 1.8867146387e+01
2.3157257689e-04 1.7406969305e-05 1.9157789528e+01
2.2820762103e-04 1.9818067765e-05 1.8877552904e+01
2.2758374458e-04 1.7077074208e-05 1.9173157497e+01
2.2422152187e-04 1.9458654577e-05 1.8885541798e+01
2.2360533338e-04 1.6749718544e-05 1.9187478916e+01
2.2024620701e-04 1.9101335666e-05 1.8907232323e+01
2.1963644008e-04 1.6425761216e-05 1.9206269126e+01
2.1628039938e-04 1.8747435796e-05 1.8952702918e+01
2.1567562284e-04 1.6106660619e-05 1.9243841345e+01
2.1232275516e-04 1.8398159314e-05 1.9005706179e+01
2.1172155238e-04 1.5792992749e-05 1.9302370728e+01
2.0837226650e-04 1.8054222261e-05 1.9062773262e+01
2.0777314307e-04 1.5485275044e-05 1.9359852661e+01
2.0442787578e-04 1.7716121458e-05 1.9144830683e+01
2.0382930268e-04 1.5184052910e-05 1.9439083636e+01
2.0048812933e-04 1.7384480537e-05 1.9251126173e+01
1.9988866439e-04 1.4889802948e-05 1.9542982937e+01
1.9655139529e-04 1.7060020812e-05 1.9384037572e+01
1.9261678055e-04 1.6743207571e-05 1.9519611084e+01
1.8868365795e-04 1.6434458940e-05 1.9686988847e+01
1.8807464093e-04 1.4053786348e-05 1.9971090733e+01
1.8475041039e-04 1.6134477040e-05 1.9884903297e+01
1.8413619813e-04 1.3792202459e-05 2.0153527140e+01
1.8081636175e-04 1.5843751499e-05 2.0094549703e+01
1.8019675341e-04 1.3540116140e-05 2.0361566184e+01
1.7688117702e-04 1.5562843183e-05 2.0337425350e+01
1.7625524936e-04 1.3297987769e-05 2.0590027155e+01
1.7294402139e-04 1.5292286805e-05 2.0600048651e+01
1.7231181902e-04 1.3066649213e-05 2.0842310666e+01
1.6900466159e-04 1.5033051810e-05 2.0887633856e+01
1.6836631377e-04 1.2846855793e-05 2.1109278202e+01
1.6441931750e-04 1.2639190872e-05 2.1392119525e+01
1.6112015186e-04 1.4552381201e-05 2.1518752443e+01
1.6047158045e-04 1.2445099373e-05 2.1679818157e+01
1.5652489899e-04 1.2265054303e-05 2.1970169376e+01
1.5323433216e-04 1.4128805150e-05 2.2191539693e+01
1.4929552889e-04 1.3940981877e-05 2.2523202990e+01
1.4864243026e-04 1.1950042299e-05 2.2520909993e+01
1.4536270797e-04 1.3770281350e-05 2.2846502396e+01
1.4144000154e-04 1.3617379320e-05 2.2982649598e+01
1.4079186537e-04 1.1696488304e-05 2.2911750347e+01
1.3753520620e-04 1.3480056816e-05 2.2950538124e+01
1.3364963154e-04 1.3356343481e-05 2.2932319648e+01
1.3299620012e-04 1.1499149553e-05 2.2950541924e+01
1.2978225836e-04 1.3245960955e-05 2.2924257184e+01
1.2593223889e-04 1.3148136647e-05 2.2920678540e+01
1.2209906681e-04 1.3062011626e-05 2.2919741996e+01
1.2141672738e-04 1.1287849376e-05 2.2985313866e+01
1.1828238262e-04 1.2986718756e-05 2.2921247436e+01
1.1448194168e-04 1.2921399149e-05 2.2935005119e+01
1.1377010903e-04 1.1193038841e-05 2.2970495959e+01
1.1069757033e-04 1.2865230984e-05 2.2947344733e+01
1.0996896983e-04 1.1157195169e-05 2.2957404710e+01
1.0692936349e-04 1.2817436698e-05 2.2947342762e+01
1.0317760068e-04 1.2777349761e-05 2.2943897997e+01
1.0241224532e-04 1.1106074742e-05 2.2953260273e+01
9.9442524821e-05 1.2744364436e-05 2.2954376687e+01
9.8657021526e-05 1.1089454105e-05 2.2923245775e+01
9.5724278859e-05 1.2717849726e-05 2.2919861182e+01
9.2022708701e-05 1.2696785881e-05 2.3045063555e+01
9.1177219270e-05 1.1062243311e-05 2.3433747641e+01
8.8325399716e-05 1.2676031292e-05 2.3435634199e+01
8.7434320260e-05 1.1044420069e-05 2.3900115886e+01
8.4621376751e-05 1.2652149305e-05 2.3972326441e+01
8.0910417318e-05 1.2625892510e-05 2.4586434131e+01
7.9933642640e-05 1.1001764959e-05 2.5127909114e+01
7.7192316039e-05 1.2597777118e-05 2.5290139382e+01
7.6174870748e-05 1.0977924888e-05 2.5866736060e+01
7.3466985730e-05 1.2568215129e-05 2.6065729435e+01
6.9734359450e-05 1.2537547572e-05 2.6906308023e+01
6.8639161524e-05 1.0926944738e-05 2.7544050561e+01
6.5994360167e-05 1.2506077347e-05 2.7802327586e+01
6.4861988471e-05 1.0900339765e-05 2.8464158398e+01
6.2247013031e-05 1.2474060195e-05 2.8745467473e+01
5.7288940078e-05 1.0846009868e-05 3.0425039997e+01
5.4730820218e-05 1.2409275784e-05 3.0739843980e+01
5.3493218790e-05 1.0818652135e-05 3.1449587355e+01
5.0962214392e-05 1.2376911441e-05 3.1774961847e+01
4.5884039077e-05 1.0764280350e-05 3.3547683914e+01
4.3404920111e-05 1.2313103116e-05 3.3882109032e+01
4.2070902010e-05 1.0737661538e-05 3.4606219304e+01
3.9616753165e-05 1.2281997194e-05 3.4939301677e+01
3.4428702028e-05 1.0685953750e-05 3.6707244663e+01
3.2022564452e-05 1.2222014484e-05 3.7026661398e+01
3.0600100847e-05 1.0661114259e-05 3.7736931114e+01
2.8217164681e-05 1.2193374395e-05 3.8044474599e+01
2.2929225904e-05 1.0613944201e-05 3.9726587447e+01
2.0591360204e-05 1.2139274249e-05 4.0001714409e+01
1.9087505044e-05 1.0591757379e-05 4.0677096041e+01
1.6771499042e-05 1.2113962757e-05 4.0932377343e+01
1.5241959523e-05 1.0570563451e-05 4.1592809866e+01
1.1392868162e-05 1.0550421989e-05 4.2470602430e+01
9.1195167895e-06 1.2067058140e-05 4.2680693041e+01
7.5405266354e-06 1.0531339120e-05 4.3307970531e+01
5.2880516833e-06 1.2045511637e-05 4.3493446723e+01
3.6852007665e-06 1.0513349830e-05 4.4103021977e+01
-1.7283454578e-07 1.0496441731e-05 4.4854449890e+01
-2.3842939240e-06 1.2006310279e-05 4.4988357785e+01
-4.0333241156e-06 1.0480630026e-05 4.5561446022e+01
-7.8960140510e-06 1.0465882580e-05 4.6223712058e+01
-1.1760666120e-05 1.0452199357e-05 4.6841333663e+01
-1.3912131760e-05 1.1957033323e-05 4.6896499102e+01
-1.5627008639e-05 1.0439210507e-05 4.7414854645e+01
-1.9494957929e-05 1.0427809952e-05 4.7944906984e+01
-2.3364175307e-05 1.0417167510e-05 4.8432665237e+01
-2.5456799696e-05 1.1918472826e-05 4.8412807813e+01
-2.7234471187e-05 1.0407070542e-05 4.8879433077e+01
-3.1105769759e-05 1.0398456821e-05 4.9286479265e+01
-3.4977826959e-05 1.0390476683e-05 4.9655502898e+01
-3.7012446336e-05 1.1889501098e-05 4.9568225281e+01
-3.8850490920e-05 1.0383250684e-05 4.9988141213e+01
-4.2723610550e-05 1.0376789447e-05 5.0286093071e+01
-4.6597059234e-05 1.0371039822e-05 5.0551125872e+01
-4.8573803243e-05 1.1868820810e-05 5.0405814715e+01
-5.0470717895e-05 1.0365981597e-05 5.0784982932e+01
-5.4344475170e-05 1.0361557290e-05 5.0989429075e+01
-5.8218210032e-05 1.0357748027e-05 5.1166163516e+01
-6.0137092167e-05 1.1855136342e-05 5.0972607135e+01
-6.2091812262e-05 1.0354499594e-05 5.1316875782e+01
-6.5965197668e-05 1.0351797609e-05 5.1443168802e+01
-6.7845243106e-05 1.1849331052e-05 5.1222633836e+01
-6.9838285531e-05 1.0349590328e-05 5.1546600498e+01
-7.1698861227e-05 1.1847303116e-05 5.1314036494e+01
-7.3710995368e-05 1.0347866685e-05 5.1628646556e+01
-7.7583242291e-05 1.0346580571e-05 5.1690702357e+01
-7.9404545103e-05 1.1844844896e-05 5.1436785230e+01
-8.1454949369e-05 1.0345725775e-05 5.1734083821e+01
-8.5326058425e-05 1.0345259115e-05 5.1760016030e+01
-8.9196505673e-05 1.0345178260e-05 5.1769638656e+01
-9.0958205122e-05 1.1844701538e-05 5.1489790661e+01
-9.3066221413e-05 1.0345445767e-05 5.1763997948e+01
-9.6935139371e-05 1.0346064207e-05 5.1744051906e+01
-1.0080321186e-04 1.0346998945e-05 5.1710665849e+01
-1.0250411077e-04 1.1848273536e-05 5.1411114395e+01
-1.0467038126e-04 1.0348256311e-05 5.1664615195e+01
-1.0853658370e-04 1.0349807281e-05 5.1606584199e+01
-1.1240175476e-04 1.0351662952e-05 5.1537167163e+01
-1.1404037314e-04 1.1855138232e-05 5.1222968749e+01
-1.1626584893e-04 1.0353796880e-05 5.1456868548e+01
-1.2012880662e-04 1.0356223841e-05 5.1366102406e+01
-1.2399065739e-04 1.0358493633e-05 5.1265275354e+01
-1.2556518473e-04 1.1864990877e-05 5.0940366105e+01
-1.2785106523e-04 1.0361824363e-05 5.1154400900e+01
-1.3171020540e-04 1.0365164367e-05 5.1033816553e+01
-1.3556796849e-04 1.0368729748e-05 5.0903534062e+01
-1.3707647836e-04 1.1878021640e-05 5.0571121696e+01
-1.3942425837e-04 1.0372588350e-05 5.0763505626e+01
-1.4327899877e-04 1.0376737940e-05 5.0613594026e+01
-1.4713211170e-04 1.0381210629e-05 5.0453562999e+01
-1.4857192714e-04 1.1894210177e-05 5.0115875647e+01
-1.5098351432e-04 1.0386001109e-05 5.0283075365e+01
-1.5483310600e-04 1.0391146155e-05 5.0101678497e+01
-1.5868096121e-04 1.0396178920e-05 4.9908894998e+01
-1.6004880801e-04 1.1913989681e-05 4.9567503406e+01
-1.6252647503e-04 1.0402452479e-05 4.9703826097e+01
-1.6637026026e-04 1.0408103626e-05 4.9485957578e+01
-1.7021169820e-04 1.0414480028e-05 4.9254121605e+01
2.6725962804e-04 1.7146705221e-05 1.8943120265e+01
2.7127387421e-04 1.7332985726e-05 1.8565629636e+01
2.5511018284e-04 1.6444650499e-05 1.9627245436e+01
2.4296727144e-04 1.5581275890e-05 1.9533414480e+01
2.1508325546e-04 1.3530812371e-05 1.9559370029e+01
1.5981948531e-04 1.0424996216e-05 2.1789063467e+01
1.3232416823e-04 9.7091467054e-06 2.2840454246e+01
3.6843844197e-05 9.1550835274e-06 3.6377865294e+01
-1.7150435258e-04 1.1937192577e-05 4.8910199628e+01
-1.7405059919e-04 1.0421741808e-05 4.9007187258e+01
2.2697641721e-04 1.4389909285e-05 1.9495695941e+01
1.9929375987e-04 1.2470849256e-05 1.9836239222e+01
1.7167603867e-04 1.0927860732e-05 2.1051669070e+01
1.4405133479e-04 9.9399417841e-06 2.2629888327e+01
1.1686381770e-04 9.5353547849e-06 2.2941728197e+01
8.6478541982e-05 9.4318724848e-06 2.4344202451e+01
7.1297422604e-05 9.3550234547e-06 2.7283988021e+01
5.9245785407e-06 9.0068377791e-06 4.3926496356e+01
-1.0297806431e-04 8.8539225123e-06 5.1961284298e+01
5.3492033015e-05 1.1217530335e-04 2.7586053752e+01
3.1366636660e-04 7.5122200987e-05 1.3911542726e+01
-1.4411749606e-04 7.7417006952e-05 3.7173535597e+01
1.1312059799e-04 8.2722323027e-05 2.2919603065e+01
-2.7866253815e-04 2.9821699948e-05 2.1159418016e+01
9.5789358767e-05 7.7684335399e-05 2.2813937557e+01
-1.2271241298e-04 8.0400952656e-05 3.6859877310e+01
7.9420814120e-05 7.3473201319e-05 2.2750176440e+01
1.4344151317e-05 1.0297815740e-04 3.6254335743e+01
-1.1092809728e-04 8.0020858373e-05 3.7060448676e+01
-9.6086999678e-05 7.9665234240e-05 3.7353960216e+01
-7.3682167375e-06 1.0067222815e-04 3.6771616604e+01
-7.2165779649e-05 7.9363966703e-05 3.7891904785e+01
-1.8380596284e-05 9.9941619165e-05 3.6453056361e+01
-1.6143630809e-05 4.7512964190e-05 4.1102475981e+01
3.7098523278e-05 3.3681488518e-05 3.0168944079e+01
-2.8192966408e-06 4.7887604751e-05 3.8809927060e+01
9.4646458199e-06 3.2854313033e-05 3.8519498890e+01
1.0146975393e-04 3.7899671260e-05 2.2869644472e+01
1.1144764362e-04 6.0781254392e-05 2.2899805852e+01
-4.8503934088e-05 8.8751325934e-06 5.0933888448e+01
1.1605104113e-04 3.9618137140e-05 2.2907220391e+01
2.9135462722e-05 9.1135465001e-06 3.8440196649e+01
-7.9643198252e-05 8.8542017978e-06 5.1987275833e+01
6.3676954458e-05 9.3113316277e-06 2.9124262786e+01
-8.7108552478e-05 9.7077123577e-05 3.4546027482e+01
1.5053412200e-04 4.4568242814e-05 2.0378213109e+01
-1.1075044411e-04 8.8560018221e-06 5.1843592459e+01
-2.9068843260e-04 3.5706738494e-05 1.7115375109e+01
1.3758069760e-04 6.6538810906e-05 2.0342584189e+01
-9.8374333732e-05 9.7349649976e-05 3.4417060898e+01
9.4045585077e-05 9.4600979318e-06 2.3416075312e+01
-1.4567587097e-04 8.8771174935e-06 5.0785183342e+01
1.3115955124e-04 4.1648266124e-05 2.2921617199e+01
2.6925072084e-04 6.3569281514e-05 1.5395142608e+01
1.0920972582e-04 9.4941065496e-06 2.2951385640e+01
1.6747474316e-04 7.3784704817e-05 1.7012507932e+01
-1.0662570202e-04 5.9472057439e-05 4.1220763080e+01
1.2456914714e-04 9.6055916102e-06 2.2890249987e+01
-1.7661372392e-04 8.9134073793e-06 4.9085195268e+01
-1.7788690210e-04 1.0429637014e-05 4.8743938688e+01
-1.8172118000e-04 1.0436523692e-05 4.8463123925e+01
-1.8555168359e-04 1.0445961647e-05 4.8162603732e+01
-1.8818393200e-04 8.9391858957e-06 4.8183801046e+01
-1.8937843456e-04 1.0457283854e-05 4.7840654749e+01
-1.9320241090e-04 1.0468048551e-05 4.7495260902e+01
-1.9702317568e-04 1.0478839181e-05 4.7124174965e+01
-1.9973168489e-04 8.9653879397e-06 4.7070214611e+01
-2.0083953959e-04 1.0491355489e-05 4.6724231938e+01
-2.0465165202e-04 1.0504716080e-05 4.6292519422e+01
-2.0845915805e-04 1.0519112155e-05 4.5825498565e+01
-2.1124788186e-04 8.9996603208e-06 4.5668254542e+01
1.5192332191e-04 1.0155386437e-05 2.2260917454e+01
-1.7631279573e-04 7.3468670116e-05 3.7515298577e+01
-2.3831864464e-04 5.7665309217e-05 3.7456427729e+01
-1.8177552404e-04 3.9797002571e-05 4.3047051447e+01
-1.5027366940e-04 9.1802441974e-05 3.5225060123e+01
2.0718247832e-04 1.2987147706e-05 1.9662763519e+01
-2.0331131972e-04 3.6910881313e-05 4.2184378979e+01
-2.0597244384e-04 3.5224237634e-05 4.2232187863e+01
-2.0535330809e-04 3.3441834751e-05 4.2569592814e+01
-2.0202395768e-04 3.3346007048e-05 4.2871560503e+01
-2.0133446097e-04 3.1594864119e-05 4.3221827304e+01
2.3494809605e-04 1.4983296751e-05 1.9499431523e+01
2.8746977836e-04 5.6015696124e-05 1.5282420237e+01
2.9956630317e-04 5.7942310765e-05 1.4914744515e+01
1.4508959778e-04 8.9833616364e-05 1.6999883997e+01
2.5032050467e-04 6.6920549350e-05 1.5615018154e+01
-1.6079880249e-04 6.2805894260e-05 3.9451310038e+01
-3.3126575249e-04 2.2638865721e-05 1.7024236477e+01
-3.2813396752e-04 2.1608649555e-05 1.7032046705e+01
-3.3313727675e-04 1.9433362270e-05 1.7022995245e+01
-1.8436749921e-04 5.4479269071e-05 4.0291368243e+01
-1.1118598844e-04 4.3805265516e-05 4.4549815218e+01
-1.7334005949e-04 3.6145327602e-05 4.4177315339e+01
-1.7672364631e-04 3.6210246352e-05 4.3996198853e+01
-1.7580885841e-04 3.4485306733e-05 4.4381654793e+01
-1.7921418999e-04 3.4547524959e-05 4.4188672002e+01
-1.8173143765e-04 3.2892754051e-05 4.4365455321e+01
-1.8427528928e-04 3.1245962532e-05 4.4525177771e+01
-1.7736434737e-04 3.1136156653e-05 4.4954202897e+01
-1.9580903524e-04 7.5277500676e-05 3.7132787234e+01
3.4103707208e-04 5.2715778511e-05 1.3557645360e+01
3.1031787913e-04 5.2225272005e-05 1.4800603067e+01
2.1550168235e-04 3.2204428946e-05 1.7833855703e+01
-1.9149069718e-04 6.8671429361e-05 3.7976990933e+01
-1.3265630420e-04 9.4756584661e-05 3.4785079943e+01
3.6003563355e-04 2.3448180046e-05 1.2405050534e+01
2.7863959858e-04 7.2535705516e-05 1.4927701015e+01
1.7967972737e-04 1.0149952914e-04 1.6547091615e+01
1.8790491177e-04 2.8847142642e-05 1.8552601377e+01
-2.1075946300e-04 7.0776505877e-05 3.7447368674e+01
2.4902424576e-04 1.0637980938e-04 1.4521886667e+01
1.5537317797e-04 1.1421792159e-04 1.6997057685e+01
1.8649468322e-04 5.6387354862e-05 1.7084278198e+01
-1.1722811291e-04 8.6057125028e-05 3.5977622670e+01
-2.3142433020e-04 7.4291308417e-05 3.7068955908e+01
3.3434534934e-04 5.9468662313e-05 1.3650263032e+01
1.3715055084e-04 1.1027395934e-04 1.7003333785e+01
1.1787549417e-04 2.2382643776e-05 2.2896873379e+01
9.9407576936e-05 2.1528880253e-05 2.2881222826e+01
-2.2525001430e-04 5.9976533063e-05 3.8012573255e+01
8.5036488557e-05 2.1101491418e-05 2.2888447360e+01
-2.0135729858e-04 5.1642934967e-05 4.0045737180e+01
4.2237886701e-05 2.0314023362e-05 3.2254142257e+01
3.1095538269e-04 3.4179766736e-05 1.5440811883e+01
2.7619017290e-05 2.0086268680e-05 3.6472121641e+01
1.1660361425e-04 1.0494165279e-04 2.0276213277e+01
-1.4762444482e-04 6.0427895664e-05 4.0170154589e+01
-2.8153254054e-05 1.9561506882e-05 4.7331413970e+01
-6.5669942985e-05 1.9462810857e-05 4.9725594834e+01
-8.0677625633e-05 1.9458233231e-05 4.9986507545e+01
1.2863930855e-04 9.3814892150e-05 1.7806589367e+01
-9.5669583116e-05 1.9467778611e-05 4.9987451435e+01
-1.1063724821e-04 1.9489192977e-05 4.9792183552e+01
-1.2557221671e-04 1.9521418966e-05 4.9442858763e+01
-1.9474379548e-04 1.8265178163e-05 4.6080848523e+01
-2.1226152422e-04 1.0534803114e-05 4.5319174733e+01
-2.1605921256e-04 1.0550348026e-05 4.4769124536e+01
-2.1984954268e-04 1.0569416650e-05 4.4170053563e+01
-2.2272594308e-04 9.0398518393e-06 4.3869357079e+01
-2.2363377171e-04 1.0589016426e-05 4.3516674988e+01
-2.2740826380e-04 1.0613754699e-05 4.2802238926e+01
-2.3117495059e-04 1.0639587979e-05 4.2019708178e+01
-2.3414316253e-04 9.1025199558e-06 4.1517174933e+01
-2.3493199297e-04 1.0667964216e-05 4.1161104765e+01
-2.3867854238e-04 1.0698654443e-05 4.0217306521e+01
1.2768802216e-04 8.7309641197e-05 1.9671269275e+01
3.3781899470e-04 2.9497391769e-05 1.4507852429e+01
9.1882929459e-05 1.1204324519e-04 2.2536751080e+01
8.8847310989e-05 1.1057192545e-04 2.2473600282e+01
9.4971040136e-05 1.1357563676e-04 2.2608563381e+01
1.1749527593e-04 1.1846523370e-04 1.7212626654e+01
1.2083954435e-04 1.2013690286e-04 1.6999342847e+01
-2.4240608911e-04 1.0733672349e-05 3.9180263559e+01
-2.4548698588e-04 9.1760060245e-06 3.8390523007e+01
-3.0184282082e-04 2.0615983768e-05 1.7044991863e+01
-2.9293945599e-04 4.4838236386e-05 1.7940396476e+01
-2.6271883442e-04 4.4474932300e-05 3.3010416353e+01
-2.0741210548e-04 3.0023206521e-05 4.2921790584e+01
-2.1078673569e-04 3.0112435802e-05 4.2562027337e+01
-2.5387839497e-04 5.3993886661e-05 3.5989582152e+01
-3.2990343013e-04 1.8596178672e-05 1.7008744944e+01
-3.3495994145e-04 1.6359785056e-05 1.7002342324e+01
-3.2507163899e-04 2.0712339929e-05 1.7010699350e+01
-3.3160797508e-04 1.5652420392e-05 1.6997835435e+01
1.4190293487e-04 1.4957476838e-04 1.5757461540e+01
2.4091705452e-04 1.3381281102e-04 1.3832404567e+01
3.5225859796e-04 5.4487207583e-05 1.2872885404e+01
3.5554613523e-04 5.1002745603e-05 1.2773432341e+01
2.1869564157e-04 1.4267337279e-04 1.3998084196e+01
2.3737935653e-04 1.3659303566e-04 1.3808207700e+01
-2.4582386316e-04 7.3155212917e-05 3.7324112914e+01
-2.7220015045e-04 6.2266168589e-05 3.6122007193e+01
1.7268648410e-04 1.5066866490e-04 1.4641118892e+01
2.0347823441e-04 1.4570661185e-04 1.4206928113e+01
-2.8994745110e-04 5.4553114524e-05 3.0860825828e+01
-2.8726548025e-04 5.5904169768e-05 3.2383918672e+01
-2.9821584325e-04 5.0832545765e-05 2.3640435411e+01
1.6496223506e-04 1.5161016963e-04 1.4765422661e+01
3.6332325029e-04 1.9714741805e-05 1.1736840479e+01
3.5948361746e-04 1.9506665892e-05 1.2237050330e+01
3.6711125568e-04 1.9950380381e-05 1.1295403203e+01
3.2754907966e-04 1.7823900136e-05 1.5715062243e+01
3.2345019986e-04 1.7521822979e-05 1.5913113015e+01
3.2015364102e-04 2.0816359141e-05 1.5807684371e+01
3.1933785378e-04 1.7191954977e-05 1.6095044741e+01
2.9456429198e-04 1.5188991149e-05 1.7026209286e+01
2.9053958397e-04 1.5057817470e-05 1.7123037019e+01
2.9863762774e-04 1.5379870960e-05 1.7066574968e+01
2.7065547374e-04 1.4430227562e-05 1.9177726400e+01
2.7466444241e-04 1.4579602346e-05 1.8700062305e+01
-3.4204414536e-04 3.1198366219e-05 1.5235543783e+01
-3.3641281032e-04 3.3479770990e-05 1.6808305241e+01
-3.0393853414e-04 4.8731382086e-05 1.6584948365e+01
-3.0693035906e-04 4.7770207578e-05 1.7309961170e+01
3.6827596513e-04 3.2391938830e-05 1.2029199328e+01
3.7153552231e-04 2.8643297831e-05 1.1645458078e+01
3.1942740117e-04 9.1509662134e-05 1.3077059835e+01
3.1606614105e-04 9.4662548910e-05 1.3085225128e+01
-1.9073586056e-04 7.4295195470e-06 4.8190793544e+01
-2.1781678049e-04 7.4912856325e-06 4.4889868101e+01
-2.4477845115e-04 7.6033375023e-06 3.8757723206e+01
-2.4858320328e-04 7.6289282442e-06 3.7495874514e+01
-2.5237075966e-04 7.6642685050e-06 3.6103427878e+01
-2.5614720922e-04 7.6989766472e-06 3.4563977391e+01
-2.5670047776e-04 9.2971068179e-06 3.4191091457e+01
-2.5990654991e-04 7.7380660334e-06 3.2864782257e+01
2.9527396976e-04 1.0927302525e-04 1.3255475306e+01
2.9867815214e-04 1.0623207359e-04 1.3261846050e+01
2.9186250076e-04 1.1229541457e-04 1.3247192984e+01
-1.7988872220e-04 2.9502921000e-05 4.5125031337e+01
-1.5288933741e-04 3.0842810201e-05 4.6163896665e+01
-1.5640959866e-04 3.0877631712e-05 4.6014153954e+01
-1.3523525275e-04 3.0697968498e-05 4.6816342253e+01
1.7645642638e-04 1.4826706638e-04 1.4672884091e+01
-8.1534011651e-05 3.0475216765e-05 4.7747964429e+01
-7.0730695006e-05 3.0469637065e-05 4.7648531482e+01
-5.2677525575e-05 3.0495778288e-05 4.7113639672e+01
1.6465875168e-04 1.4025146162e-04 1.5276460411e+01
8.9057835452e-05 1.1355334028e-04 2.2434791227e+01
8.6101586877e-05 1.1207564279e-04 2.2372432625e+01
6.1912248211e-05 1.0639585315e-04 2.2254649384e+01
1.0775898980e-04 8.9559396526e-05 2.2863553267e+01
2.6977565166e-04 1.1857256199e-04 1.3669991390e+01
2.6929912113e-04 1.1474830643e-04 1.3823079631e+01
2.7025131907e-04 1.2239906483e-04 1.3508145234e+01
2.6678519962e-04 1.2530832457e-04 1.3490394643e+01
-1.5378727234e-04 1.3425413587e-05 4.9599468498e+01
-5.0533588119e-05 1.3374067733e-05 5.0246248499e+01
-3.1365310463e-05 1.3415186749e-05 4.8776159251e+01
-1.2223849987e-05 1.3484966558e-05 4.6368257251e+01
-7.6405965280e-07 1.3543280921e-05 4.4405293602e+01
2.5849198599e-05 1.3731280092e-05 3.8339528801e+01
1.5389107349e-04 1.6239897090e-05 2.2065563764e+01
1.8143888125e-04 1.8224266910e-05 1.9823785561e+01
1.8578007384e-04 9.2777493742e-05 1.6884285369e+01
-2.6557582139e-04 4.2827228808e-05 3.1818520433e+01
2.0898313020e-04 2.0685561194e-05 1.8784293345e+01
2.0806370581e-04 5.1192773977e-05 1.7021184005e+01
2.0412991085e-04 5.0566611488e-05 1.7078832132e+01
2.4444137049e-04 1.3101415015e-04 1.3854241643e+01
2.4488508386e-04 1.3480796685e-04 1.3693722249e+01
3.2427509260e-04 6.9359134506e-05 1.3723828626e+01
2.2002852243e-04 5.3329016029e-05 1.6995324387e+01
-1.7735634759e-04 9.4281569369e-05 3.5262599589e+01
3.3447841368e-04 3.2928190804e-05 1.4576225150e+01
2.7125850470e-04 1.0036107398e-04 1.4249431442e+01
2.3687318899e-04 2.3375573201e-05 1.8606563513e+01
2.9083591691e-04 5.2960797355e-05 1.5309060257e+01
2.8677199306e-04 5.2317045136e-05 1.5431447245e+01
-1.8708284213e-04 8.2687993780e-05 3.6368430003e+01
2.7701704982e-04 8.6831128474e-05 1.4531006887e+01
2.4900182398e-04 2.4474191213e-05 1.8538885330e+01
-1.5436006814e-04 6.8227535412e-05 3.8601615825e+01
2.5247108112e-04 1.0352243985e-04 1.4535154791e+01
-1.8514744791e-04 3.2956171217e-05 4.4148770334e+01
-1.8771362890e-04 3.1306564848e-05 4.4292979158e+01
2.3600204167e-04 9.5950258246e-05 1.4983226157e+01
2.3200593544e-04 9.4962181077e-05 1.5068675670e+01
2.3140821369e-04 9.1200818589e-05 1.5175994278e+01
2.2800585621e-04 9.3955973639e-05 1.5158939120e+01
-1.6405376120e-04 7.0668065968e-05 3.8063223277e+01
2.6169894388e-04 2.8334993586e-05 1.7352186892e+01
-2.1342697113e-04 7.1142848692e-05 3.7378670709e+01
2.0606139806e-04 6.0263376876e-05 1.7007106354e+01
2.0206496491e-04 5.9396271582e-05 1.7015930635e+01
-3.3834862841e-04 1.7121533781e-05 1.7018948172e+01
-2.2949461354e-04 8.0748070593e-05 3.6679269562e+01
2.2485307234e-04 2.2217813109e-05 1.8611158035e+01
2.1689906565e-04 2.1445216169e-05 1.8678288953e+01
-3.4019488422e-04 1.4012277697e-05 1.7002573734e+01
1.9716013127e-04 1.9586661870e-05 1.9098008662e+01
1.5731156338e-04 1.0078447272e-04 1.7001748859e+01
1.8929731601e-04 1.8888707845e-05 1.9404703311e+01
1.6964433932e-04 1.7300547768e-05 2.0639197896e+01
1.6177069998e-04 1.6742240137e-05 2.1314054747e+01
1.4208984631e-04 1.5612240039e-05 2.2941336194e+01
1.3430015292e-04 1.5279475663e-05 2.2927440769e+01
1.2659288483e-04 1.5007696999e-05 2.2930084194e+01
3.0761214158e-04 3.7367929796e-05 1.5415445032e+01
3.3843995922e-04 3.3281656577e-05 1.4332783746e+01
1.7239784839e-04 1.4311998874e-04 1.4971439265e+01
9.2817661101e-05 1.4359060938e-05 2.2911648239e+01
7.0779282733e-05 1.4166677328e-05 2.6263436827e+01
1.5672799913e-04 1.2953875709e-04 1.6068423008e+01
3.2815601783e-05 9.7782820786e-05 3.0679076948e+01
5.5924288462e-05 1.4016745272e-05 3.0023811498e+01
4.8448175676e-05 1.3941323442e-05 3.2094828997e+01
3.1604069755e-04 2.0451271611e-05 1.5973072180e+01
3.1521564804e-04 1.6837283746e-05 1.6229251544e+01
3.3408168681e-05 1.3797390015e-05 3.6307511685e+01
1.4469887382e-05 1.3641928673e-05 4.1172213801e+01
-2.3704014221e-05 1.3439270647e-05 4.7936442904e+01
-4.2864631827e-05 1.3387524857e-05 4.9757465654e+01
-6.2037997027e-05 1.3360288775e-05 5.0766265637e+01
-7.7373645258e-05 1.3351912538e-05 5.1130326414e+01
-8.5038053421e-05 1.3351342204e-05 5.1197264938e+01
-9.2699044730e-05 1.3352750903e-05 5.1200523975e+01
-3.0413892845e-04 4.2376952642e-05 1.7103927364e+01
-1.0035615465e-04 1.3356104986e-05 5.1148088715e+01
6.7204701382e-05 1.0855167121e-04 2.2203531890e+01
1.1843834214e-04 9.3277549593e-05 2.2343608923e+01
1.2554764604e-04 9.5841463494e-05 1.8539745037e+01
-1.0800851994e-04 1.3361103892e-05 5.1046581966e+01
-1.1565570404e-04 1.3367813649e-05 5.0901151078e+01
-1.2329685298e-04 1.3376031071e-05 5.0715618596e+01
-1.3093144850e-04 1.3385873079e-05 5.0492366781e+01
-1.3855856643e-04 1.3397266061e-05 5.0232447047e+01
1.8496384196e-04 6.8490624169e-05 1.7012454381e+01
-1.4617749830e-04 1.3410414446e-05 4.9935439049e+01
-1.6518241786e-04 1.3451818240e-05 4.9014333659e+01
-1.9432946849e-04 1.2004578853e-05 4.7147845846e+01
-2.1014952135e-04 2.8375869998e-05 4.2897421047e+01
-2.1354908343e-04 2.8459571741e-05 4.2503979936e+01
-2.1414299790e-04 3.0209065672e-05 4.2177843423e+01
-2.6039195023e-04 9.3498299566e-06 3.2494422120e+01
-2.6364803726e-04 7.7792078407e-06 3.0988638340e+01
-1.7204772667e-04 5.3919956411e-05 4.0791012393e+01
-1.6893143197e-04 5.3798285315e-05 4.0908553647e+01
-1.4229832862e-04 3.0755711707e-05 4.6572954579e+01
-1.5325294524e-04 5.3284943998e-05 4.1455081842e+01
-1.2455713360e-04 3.0628855708e-05 4.7137177005e+01
-1.1741697565e-04 3.0589800067e-05 4.7320136750e+01
-1.1026232435e-04 3.0556051900e-05 4.7476036116e+01
-1.0309506029e-04 3.0527566878e-05 4.7601674983e+01
-9.5916666904e-05 3.0504431233e-05 4.7692750606e+01
-8.8729146005e-05 3.0486894039e-05 4.7743753535e+01
-5.9912477577e-05 3.0477658294e-05 4.7392571948e+01
-2.9306122589e-04 3.6633550801e-05 1.7103326624e+01
-2.8999759751e-04 3.8062584187e-05 1.6981515200e+01
1.4238648661e-04 9.5453081768e-05 1.6998352329e+01
1.3127414015e-04 8.8480039724e-05 1.8209356309e+01
-1.7530743949e-04 7.4078482984e-06 4.9422296150e+01
-1.8305286288e-04 7.4131932224e-06 4.8847230315e+01
-2.0236010615e-04 7.4516916419e-06 4.6996859029e+01
-2.1009524164e-04 7.4698712300e-06 4.6030614485e+01
-2.2936639301e-04 7.5318288408e-06 4.2753932383e+01
-2.3706519241e-04 7.5598322297e-06 4.0955714507e+01
-1.6580195675e-04 5.3683027485e-05 4.1023404722e+01
-2.7249325093e-04 4.7043756100e-05 3.0867048057e+01
2.1508296726e-04 1.4534273107e-04 1.3965225767e+01
1.9979908414e-04 1.4829586052e-04 1.4171539693e+01
-2.7685553563e-04 6.1693034457e-05 3.5940374937e+01
3.3975130661e-04 1.8566279362e-05 1.4826475281e+01
3.4376015897e-04 1.8757347797e-05 1.4380719189e+01
1.7662518670e-04 1.5202189710e-04 1.4485843701e+01
-3.0819718917e-04 4.5253684335e-05 1.7134528587e+01
-3.1007976125e-04 4.6834145483e-05 1.7164450754e+01
-2.9286732203e-04 2.8651559169e-05 1.7079094488e+01
-2.9024866782e-04 2.7924565406e-05 1.7035667366e+01
-2.3403490005e-04 7.7179627980e-05 3.6962926720e+01
2.2228989309e-04 1.3998241211e-04 1.4026521625e+01
1.8365452016e-04 1.0281422147e-04 1.6166086549e+01
1.8704618766e-04 1.0031546471e-04 1.6145028664e+01
1.8025496256e-04 1.0528991225e-04 1.6194985162e+01
-1.9244872340e-04 8.3315948853e-05 3.6319689908e+01
-2.3844244881e-04 6.4381453031e-05 3.7355540863e+01
-2.3597806586e-04 6.6145201759e-05 3.7375430995e+01
2.6317874639e-04 7.3143641203e-05 1.5187740724e+01
-1.7940829970e-04 6.5747385574e-05 3.8601871718e+01
3.2557845551e-04 5.0594420239e-05 1.4334062949e+01
3.2894501453e-04 4.7273142162e-05 1.4314186942e+01
-1.8865992843e-04 6.8427090684e-05 3.8054805318e+01
1.4283720067e-04 9.8933441970e-05 1.7000519068e+01
1.3077218884e-04 8.5248263252e-05 1.9075578369e+01
2.4849938489e-04 1.0259499228e-04 1.4627959196e+01
-2.2759860009e-04 5.6064462107e-05 3.8162745028e+01
3.0687122556e-04 3.3702207727e-05 1.5585820433e+01
3.4445906122e-04 2.2507114264e-05 1.4193501139e+01
1.8978099795e-04 5.4042832831e-05 1.7122798188e+01
1.8916512690e-04 5.1044352191e-05 1.7219383484e+01
-2.5404403660e-04 5.1739985806e-05 3.5753895180e+01
2.2268013826e-04 1.4375408134e-04 1.3859549214e+01
-1.9452907790e-04 9.2207136147e-05 3.5624724016e+01
-1.3012671780e-04 1.0695763070e-04 3.3688142677e+01
-1.2742902495e-04 1.0678947669e-04 3.3656182532e+01
-2.8922701161e-04 5.7063939670e-05 3.3163898171e+01
-2.3418484916e-04 7.9542437064e-05 3.6841430860e+01
-1.7338961124e-04 9.8091852010e-05 3.4938139226e+01
1.8039204361e-04 1.4959333011e-04 1.4526736506e+01
2.6090901154e-04 1.0914088333e-04 1.4209376863e+01
2.7370776937e-04 1.1947252596e-04 1.3524258021e+01
2.7418232472e-04 1.2330711778e-04 1.3355327342e+01
-3.5912453323e-04 2.3142776836e-05 1.2459931579e+01
-3.0199978493e-04 4.1075195262e-05 1.7110183696e+01
2.7763276225e-04 1.2036842610e-04 1.3371452724e+01
-2.4104189111e-04 7.1884514726e-05 3.7255973999e+01
2.2189568752e-04 1.3620538166e-04 1.4178425926e+01
-2.6004460469e-04 6.7844156914e-05 3.7105441728e+01
-2.6024501326e-04 6.5402389172e-05 3.6819233559e+01
3.6501036140e-04 3.6087483080e-05 1.2331395420e+01
2.4840464929e-04 1.3199558102e-04 1.3717358740e+01
2.4885224214e-04 1.3579287469e-04 1.3549253129e+01
2.8042433793e-04 8.3836849794e-05 1.4547949433e+01
1.5572405614e-04 9.0020398681e-05 1.7004142573e+01
2.5236625128e-04 1.3296733489e-04 1.3574443090e+01
3.1223057946e-04 9.3870466606e-05 1.3265399525e+01
3.1269817876e-04 9.7794059532e-05 1.3090360414e+01
1.7629265942e-04 1.0394363124e-04 1.6605057159e+01
2.5494438789e-04 1.2251059159e-04 1.3909332259e+01
-1.7999881186e-04 9.4591959667e-05 3.5273185042e+01
-2.8952167821e-04 2.0662734858e-05 1.7024193702e+01
-2.8611784317e-04 2.2318054218e-05 1.7110264790e+01
-2.8327892061e-04 2.1848820028e-05 1.6757293886e+01
3.2278188507e-04 8.8334756107e-05 1.3065672964e+01
2.6795594534e-04 3.8665847713e-05 1.6437682862e+01
-2.2620464821e-04 4.1797199943e-05 3.9383045022e+01
-2.8461703350e-04 5.7298577326e-05 3.3597440587e+01
-2.8401384078e-04 5.9820067264e-05 3.5145712555e+01
3.1208077532e-04 6.3585812437e-05 1.4362246721e+01
-2.1436711594e-04 4.2915615407e-05 4.0406939046e+01
-2.1171738165e-04 4.4642228708e-05 4.0392047344e+01
2.0442919315e-04 1.1657625000e-04 1.5015709380e+01
-1.9193446663e-04 9.1835463366e-05 3.5618092473e+01
-2.5859286455e-04 2.1374806187e-05 3.2551419405e+01
-2.5552821552e-04 2.4883225080e-05 3.3728259876e+01
-2.5233876266e-04 2.4676520534e-05 3.4891943363e+01
-2.5867462938e-04 2.5113887448e-05 3.2469160199e+01
1.8348189039e-04 1.3578017764e-04 1.4957341549e+01
-1.2961382572e-04 5.0956197334e-05 4.2554635549e+01
-1.3287867620e-04 5.1015103569e-05 4.2461220945e+01
-1.3078335431e-04 5.2745221057e-05 4.2140788483e+01
-1.3402176167e-04 5.2809005023e-05 4.2048620858e+01
3.0885266700e-04 9.6991003142e-05 1.3268050646e+01
3.0932277871e-04 1.0090544517e-04 1.3092761732e+01
-1.0362911104e-04 6.8532781047e-05 3.9389416764e+01
-1.0671829513e-04 6.8591480681e-05 3.9319573111e+01
-1.0489121440e-04 7.0412134049e-05 3.8986981009e+01
-1.0795741750e-04 7.0475200083e-05 3.8918488139e+01
-1.0182222798e-04 7.0354450207e-05 3.9055455753e+01
-1.1281214533e-04 1.0395975328e-04 3.3692723092e+01
-1.1113046957e-04 1.0594083885e-04 3.3504300112e+01
-1.1385840920e-04 1.0606399124e-04 3.3524042061e+01
-1.1489188504e-04 1.0818036865e-04 3.3383225204e+01
-1.1051725560e-04 1.1004908561e-04 3.3204265757e+01
-1.0781403444e-04 1.0993022303e-04 3.3173721922e+01
-5.3424234670e-05 5.3914839295e-05 4.2711681755e+01
-5.6719075332e-05 5.3898842744e-05 4.2774461319e+01
-8.4889571414e-05 1.0715417748e-04 3.3247877876e+01
-8.7628358971e-05 1.0721322170e-04 3.3241331681e+01
-8.6087051087e-05 1.0923309784e-04 3.3037037146e+01
-8.8809677503e-05 1.0929601649e-04 3.3041251181e+01
-8.7267681687e-05 1.1132347344e-04 3.2860192918e+01
-8.4559656919e-05 1.1126369945e-04 3.2849282102e+01
-8.9974587233e-05 1.1139026979e-04 3.2875221079e+01
-1.5624077824e-04 1.0058794284e-04 3.4510048347e+01
-1.5891323414e-04 1.0083423163e-04 3.4534073631e+01
1.1003706881e-04 1.4319722010e-04 1.7200678469e+01
1.0652166486e-04 1.4467054472e-04 1.7206012455e+01
1.0959344189e-04 1.4666432175e-04 1.7201823147e+01
1.0350729094e-04 1.4265711287e-04 1.7236112039e+01
-5.0124826549e-05 5.3936156118e-05 4.2630104695e+01
8.5867483017e-05 1.3329116614e-04 2.1813042181e+01
8.2850349600e-05 1.3435357744e-04 2.1429374083e+01
8.5446675788e-05 1.3651679194e-04 2.1657608005e+01
8.2318854503e-05 1.3749910026e-04 2.1083165065e+01
7.9888815901e-05 1.3532143411e-04 2.0608798161e+01
8.4878795796e-05 1.3983330110e-04 2.2549501725e+01
-8.1850799999e-05 1.1121099009e-04 3.2842833268e+01
1.1419921452e-04 1.1683159231e-04 1.7768998392e+01
1.1429618312e-04 1.2026017867e-04 1.7308511757e+01
1.1104673056e-04 1.1858640948e-04 1.8735087271e+01
2.2739725161e-04 9.0197070162e-05 1.5273782252e+01
2.3078645413e-04 8.7447478063e-05 1.5292957865e+01
-1.3459125890e-04 1.0516677262e-04 3.3870249191e+01
-1.3728646423e-04 1.0535303139e-04 3.3900485221e+01
6.4165939946e-05 1.2632303586e-04 2.8479017626e+01
6.1930964740e-05 1.2754085724e-04 3.2777538207e+01
5.9672763167e-05 1.2636754257e-04 3.4257964748e+01
5.9281359077e-05 1.0539232600e-04 2.2389982765e+01
-9.1530861083e-05 1.0936584117e-04 3.3049709311e+01
-9.2680066529e-05 1.1146408070e-04 3.2894054600e+01
-9.4250324551e-05 1.0944256894e-04 3.3062107731e+01
-9.6967785687e-05 1.0952620529e-04 3.3078157422e+01
-9.8085836322e-05 1.1163290848e-04 3.2941998375e+01
-9.9683341501e-05 1.0961674045e-04 3.3097587564e+01
-1.0078636438e-04 1.1172771677e-04 3.2970529053e+01
-1.1101854558e-04 7.0542783049e-05 3.8850365407e+01
-1.1407426168e-04 7.0614930609e-05 3.8782751979e+01
-1.1712422673e-04 7.0691730688e-05 3.8715753600e+01
-1.2016808229e-04 7.0773256963e-05 3.8649454761e+01
-1.2320546318e-04 7.0859634519e-05 3.8583910278e+01
-1.2623600499e-04 7.0950965425e-05 3.8519160103e+01
2.1129969362e-04 8.5988195396e-05 1.5835229701e+01
-1.5136940517e-04 6.8092152865e-05 3.8670088365e+01
1.9854082597e-04 1.3319378884e-04 1.4737205410e+01
-7.9141380665e-05 1.1116533807e-04 3.2841204931e+01
-7.6431688634e-05 1.1112680080e-04 3.2844763548e+01
-7.3721995428e-05 1.1109542365e-04 3.2853926248e+01
-7.3506088206e-05 1.1524260084e-04 3.2484802758e+01
-7.0827490429e-05 1.1521920501e-04 3.2477436770e+01
-6.8149771209e-05 1.1520335941e-04 3.2475812153e+01
-6.5473197154e-05 1.1519518065e-04 3.2480465302e+01
-6.2798021229e-05 1.1519481953e-04 3.2491898278e+01
-6.0124581054e-05 1.1520234760e-04 3.2510803926e+01
-5.7453212515e-05 1.1521792420e-04 3.2537815511e+01
-5.4784125185e-05 1.1524173094e-04 3.2573721918e+01
-5.2117607766e-05 1.1527397477e-04 3.2619274112e+01
-4.9453958049e-05 1.1531485318e-04 3.2675341326e+01
-4.6793472351e-05 1.1536458638e-04 3.2742848843e+01
-4.1483146131e-05 1.1549162452e-04 3.2916009913e+01
-3.8833843440e-05 1.1556950212e-04 3.3023785288e+01
-3.6188867028e-05 1.1565733699e-04 3.3147218432e+01
-3.3548555905e-05 1.1575542267e-04 3.3287468262e+01
-3.0913117746e-05 1.1586412747e-04 3.3445726536e+01
-2.8282844694e-05 1.1598391687e-04 3.3623161260e+01
-2.5658018535e-05 1.1611513401e-04 3.3820950610e+01
-2.1515045124e-05 1.1423435532e-04 3.4507934834e+01
-1.8886448349e-05 1.1439471389e-04 3.4748055247e+01
-1.6264071481e-05 1.1456825554e-04 3.5005784215e+01
-1.3648157849e-05 1.1475531292e-04 3.5280895006e+01
-1.2626019756e-05 1.1695910493e-04 3.5148342050e+01
-1.1039053354e-05 1.1495702742e-04 3.5572754281e+01
-8.4369657585e-06 1.1517362216e-04 3.5880438720e+01
-7.4614631686e-06 1.1739452101e-04 3.5847425601e+01
-5.8421445621e-06 1.1540565560e-04 3.6202244934e+01
-4.8906782031e-06 1.1763565775e-04 3.6231846585e+01
-3.2549491636e-06 1.1565447522e-04 3.6535467035e+01
-2.3279050420e-06 1.1789348181e-04 3.6636597021e+01
-6.7557458943e-07 1.1592042219e-04 3.6876462386e+01
2.2659188080e-07 1.1816875151e-04 3.7057116414e+01
2.7724873490e-06 1.1846237057e-04 3.7488010172e+01
5.3094679534e-06 1.1877533048e-04 3.7921669947e+01
9.5575602198e-06 1.1717527422e-04 3.8192093957e+01
1.2097226338e-05 1.1752342651e-04 3.8461830416e+01
1.4624085956e-05 1.1790749082e-04 3.8692920309e+01
1.5367126942e-05 1.2021653045e-04 3.9437947749e+01
1.7134333963e-05 1.1833904360e-04 3.8894164180e+01
1.7847659239e-05 1.2066462930e-04 3.9735417213e+01
1.9635091947e-05 1.1878587824e-04 3.9079571591e+01
2.0319235563e-05 1.2112235130e-04 4.0036643709e+01
2.2777757486e-05 1.2160276245e-04 4.0413178034e+01
2.4600314840e-05 1.1974738789e-04 3.9565554234e+01
2.7651138519e-05 1.2263933828e-04 4.1559466136e+01
2.9511082797e-05 1.2081255177e-04 4.0380866678e+01
-4.0242164680e-05 1.1763005794e-04 3.2647502638e+01
3.1945194908e-05 1.2138691889e-04 4.0879779476e+01
-2.1938725155e-05 1.1844653831e-04 3.3786123749e+01
-1.6762617738e-05 1.1878642010e-04 3.4346277784e+01
3.2464580132e-05 1.2378139821e-04 4.3059885698e+01
-3.2365781957e-05 1.1791391888e-04 3.3003345682e+01
-4.5515460141e-05 1.1749060471e-04 3.2493193480e+01
3.4847694882e-05 1.2439579801e-04 4.3873978729e+01
3.6769184715e-05 1.2262611122e-04 4.1932719176e+01
3.6364020873e-06 1.2073982961e-04 3.7934613906e+01
-5.0803762355e-05 1.1738840256e-04 3.2391647250e+01
8.8089768375e-06 1.2148470099e-04 3.9113900498e+01
3.9157418182e-05 1.2329494438e-04 4.2467605456e+01
3.9561034660e-05 1.2572205226e-04 4.5631939491e+01
4.1527950654e-05 1.2400048784e-04 4.3006728829e+01
5.8774892818e-05 1.0292803692e-04 2.2375133988e+01
5.6657719621e-05 1.0443481102e-04 2.2152280482e+01
5.4041806507e-05 1.0352105072e-04 2.2296506221e+01
-1.5753527586e-04 3.2543911570e-05 4.5620542328e+01
-1.5992284415e-04 3.0914545907e-05 4.5857483574e+01
-1.6342863376e-04 3.0953690832e-05 4.5693489423e+01
1.8509768083e-04 8.9030211210e-05 1.7042915071e+01
1.8913230042e-04 9.0270143187e-05 1.6809791822e+01
3.0832918741e-04 4.1051494353e-05 1.5253964090e+01
1.4651538812e-04 1.0028565615e-04 1.7002304486e+01
4.0428666074e-05 8.2660359167e-05 2.2728096662e+01
3.7635945579e-05 8.2111317634e-05 2.2444931654e+01
3.9646107357e-05 8.0413657865e-05 2.2794591882e+01
3.6835366579e-05 7.9890498253e-05 2.2534986451e+01
4.2465966648e-05 8.0964357206e-05 2.2688499036e+01
-8.4286362534e-05 9.7024600788e-05 3.4588981357e+01
-8.5857871059e-05 9.5059396596e-05 3.4869300632e+01
-8.3017290928e-05 9.5010802184e-05 3.4919273193e+01
-1.1302645367e-04 9.3833660085e-05 3.4852100880e+01
-1.1019977676e-04 9.3727929468e-05 3.4872386501e+01
9.6188435614e-05 9.6750171878e-05 2.2732536907e+01
-1.2987099897e-04 9.4603748924e-05 3.4787615586e+01
-2.3092965168e-04 3.2674980822e-05 3.9580287713e+01
-2.2773448744e-04 3.2512149281e-05 4.0097635853e+01
-2.3059685767e-04 3.0832338035e-05 3.9814738314e+01
-2.3381178070e-04 3.0992685465e-05 3.9236604581e+01
1.0151542551e-04 1.2679852616e-04 2.2085502530e+01
1.2770426347e-04 1.3471964198e-04 1.7055157381e+01
1.3123936816e-04 1.3281040815e-04 1.7029810303e+01
1.2774240251e-04 1.3097578570e-04 1.7039354783e+01
-1.1584799837e-04 9.3945527646e-05 3.4834786607e+01
-1.6276043672e-04 4.1104744472e-05 4.3633701473e+01
-2.1572397975e-04 3.5594672151e-05 4.1243983986e+01
-2.1747960057e-04 3.0313653906e-05 4.1767223293e+01
5.3465117347e-05 1.0112136397e-04 2.2281431037e+01
5.1428401426e-05 1.0264664487e-04 2.3230674713e+01
5.0821134813e-05 1.0027824668e-04 2.2452960848e+01
2.7526727266e-04 1.7499097988e-05 1.8114873945e+01
-1.7628792711e-04 1.8146527519e-05 4.7495745873e+01
-1.2925931461e-04 7.1047412156e-05 3.8455217470e+01
2.6662492087e-04 1.4259064566e-05 1.9557039710e+01
-1.8855103917e-04 3.3023925540e-05 4.3920482346e+01
2.0837195211e-04 7.1103186523e-05 1.6860891467e+01
-2.4761871810e-04 1.5708515919e-05 3.7082957050e+01
-2.3032497781e-04 5.6429231671e-05 3.7982044139e+01
2.9228163372e-04 8.6152175269e-05 1.4187808131e+01
-2.8153367466e-04 1.3590573439e-05 1.8242560764e+01
-2.8514998728e-04 1.0091054851e-05 1.6729402902e+01
-2.8176319473e-04 9.9253661378e-06 1.8577213513e+01
-2.8852863516e-04 1.0276425133e-05 1.7143471557e+01
4.8177566891e-05 9.9473363630e-05 2.3425477160e+01
4.6171003260e-05 1.0104170274e-04 2.5742965450e+01
-6.5595496907e-05 1.1104544636e-04 3.2919261350e+01
2.8716180564e-04 1.7925951154e-05 1.7115751111e+01
-2.1110902783e-04 7.2962257952e-05 3.7238338606e+01
2.7865030478e-04 1.4711596550e-05 1.8141074153e+01
-1.9867774752e-04 3.3256880078e-05 4.3156424415e+01
1.1422141350e-04 1.3083644677e-04 1.7033550182e+01
-3.4373414968e-04 1.4675039915e-05 1.6984061344e+01
3.6274656341e-04 1.5767718391e-05 1.1401566210e+01
3.5885830206e-04 1.5618281790e-05 1.2028751179e+01
-3.5944397267e-05 1.1148450846e-04 3.3836327645e+01
8.9304022338e-05 1.2266056461e-04 2.2275430675e+01
-1.7318352264e-05 1.1238987572e-04 3.5179655055e+01
-1.3227502763e-04 7.1149089683e-05 3.8392090232e+01
3.5961607147e-06 1.1425877085e-04 3.7320682792e+01
3.0426342714e-04 4.0531619054e-05 1.5394354926e+01
3.0497269399e-04 4.4221021863e-05 1.5237607519e+01
3.0091131402e-04 4.3672919323e-05 1.5374836234e+01
1.1306853513e-05 1.1526169380e-04 3.8002371568e+01
2.6456579646e-05 1.1791713095e-04 3.8779717840e+01
3.3861038858e-05 1.1960909364e-04 3.9537978405e+01
4.5907393659e-05 1.2309771978e-04 4.0599317696e+01
4.6210035860e-05 1.2553075833e-04 4.4093859145e+01
4.8264438263e-05 1.2391835407e-04 4.0671629773e+01
4.8517972135e-05 1.2636097488e-04 4.4638239395e+01
5.0601100578e-05 1.2478726496e-04 4.0668627345e+01
5.0804260024e-05 1.2723962158e-04 4.5181935889e+01
-1.0735810428e-04 7.4213125413e-05 3.8195926869e+01
-1.0433227974e-04 7.4145729231e-05 3.8260945331e+01
-2.1473906192e-04 4.4833348085e-05 4.0134919977e+01
-2.1282124037e-04 5.0513274201e-05 3.9573955550e+01
3.2672881870e-04 1.4192179201e-05 1.6046204251e+01
3.3085542844e-04 1.4437665827e-05 1.5812525588e+01
1.2903496711e-04 9.7120597161e-05 1.7121283313e+01
-2.0243821261e-04 4.4141064091e-05 4.1108104472e+01
-2.0675307447e-04 2.8294464501e-05 4.3263703172e+01
-2.1213721960e-04 1.6813861292e-05 4.4433623668e+01
-2.6735781891e-04 7.8354153731e-06 2.8929615001e+01
-2.6770855687e-04 9.4836979446e-06 2.8567074670e+01
-2.7103690621e-04 7.8935218587e-06 2.6680316310e+01
2.9391525615e-04 1.2167129442e-05 1.7137150493e+01
2.8992289532e-04 1.2074482181e-05 1.7233455376e+01
3.2323439087e-04 9.2301690320e-05 1.2886313796e+01
3.2657713156e-04 8.9117026373e-05 1.2871749373e+01
2.7002416697e-04 1.1546765139e-05 1.9847496900e+01
2.6597822405e-04 1.1391611464e-05 2.0211298175e+01
3.3533905293e-05 1.0003546788e-04 3.1227421631e+01
3.6206719574e-05 1.0062509652e-04 3.0413863409e+01
3.0851239775e-05 9.9480939770e-05 3.1984100011e+01
3.0112396447e-05 9.7243492623e-05 3.1503479407e+01
2.7398834172e-05 9.6737232123e-05 3.2266797047e+01
2.5456533549e-05 9.8471278441e-05 3.3325617310e+01
2.2744522362e-05 9.8012527805e-05 3.3909785250e+01
2.0022981862e-05 9.7582453698e-05 3.4436455033e+01
1.9197976730e-05 9.5400253793e-05 3.4181266058e+01
1.7292161976e-05 9.7179617580e-05 3.4906234214e+01
1.6445104008e-05 9.5010151247e-05 3.4695694525e+01
1.4552335484e-05 9.6802667347e-05 3.5320297757e+01
1.3683095065e-05 9.4645468985e-05 3.5150634484e+01
1.1803802035e-05 9.6450303814e-05 3.5680372966e+01
1.0912268940e-05 9.4304943070e-05 3.5548397512e+01
9.0468779622e-06 9.6121294881e-05 3.5988768478e+01
8.1329789340e-06 9.3987300007e-05 3.5891795597e+01
5.3455715932e-06 9.3691392581e-05 3.6184051291e+01
2.5504149646e-06 9.3416059711e-05 3.6428691045e+01
7.2909526390e-07 9.5262788932e-05 3.6633937050e+01
-2.0580434230e-06 9.5015855981e-05 3.6767241359e+01
-3.0617199017e-06 9.2922945574e-05 3.6790086773e+01
-4.8518942245e-06 9.4786860324e-05 3.6865802018e+01
-5.8779846526e-06 9.2703175439e-05 3.6914445118e+01
-7.6521284445e-06 9.4574876463e-05 3.6933289656e+01
-8.7005764912e-06 9.2500001940e-05 3.7006222726e+01
-1.0458420977e-05 9.4379019470e-05 3.6973232423e+01
-1.1529158720e-05 9.2312591510e-05 3.7068982027e+01
-1.3270453402e-05 9.4198463490e-05 3.6988992694e+01
-1.4363389160e-05 9.2140095064e-05 3.7106105894e+01
-1.6087910901e-05 9.4032421557e-05 3.6983707446e+01
-1.7202942750e-05 9.1981775990e-05 3.7120755837e+01
-1.8910484409e-05 9.3880163088e-05 3.6960297298e+01
-2.0047489718e-05 9.1836880173e-05 3.7115875754e+01
-2.1737853515e-05 9.3740994159e-05 3.6921434821e+01
-2.2896712658e-05 9.1704761685e-05 3.7094168080e+01
-2.5750296319e-05 9.1584754689e-05 3.7058117215e+01
-2.8607932915e-05 9.1476295154e-05 3.7009974268e+01
-3.1469311854e-05 9.1378801330e-05 3.6951788499e+01
-3.4334132379e-05 9.1291786016e-05 3.6885397832e+01
-3.7202090652e-05 9.1214738194e-05 3.6812461849e+01
-4.0072890827e-05 9.1147241079e-05 3.6734453697e+01
-4.2946234198e-05 9.1088850967e-05 3.6652693966e+01
-4.5821827897e-05 9.1039213953e-05 3.6568341527e+01
-4.8699376910e-05 9.0997947456e-05 3.6482427968e+01
-5.1578590319e-05 9.0964754697e-05 3.6395846173e+01
-5.4459175600e-05 9.0939308686e-05 3.6309384234e+01
-5.7340842501e-05 9.0921364675e-05 3.6223713300e+01
-6.0223299856e-05 9.0910646393e-05 3.6139419184e+01
-6.3106257249e-05 9.0906956772e-05 3.6056990218e+01
-6.5989423886e-05 9.0910066007e-05 3.5976846232e+01
-6.8872508145e-05 9.0919820659e-05 3.5899326824e+01
-7.1755216459e-05 9.0936034656e-05 3.5824716492e+01
-7.4637283025e-05 9.0958248947e-05 3.5753292825e+01
4.6788868868e-05 1.0337664941e-04 2.6591902748e+01
1.0300985104e-04 1.4607307529e-04 1.6981773984e+01
1.0006010970e-04 1.4404194202e-04 1.7068737901e+01
4.4539842407e-05 7.9259243956e-05 2.2716548662e+01
6.4949713629e-05 1.0998735244e-04 2.2097193328e+01
1.8823771902e-04 6.6020347148e-05 1.7014681411e+01
1.9034594322e-04 5.7093508751e-05 1.7019110186e+01
1.3436009007e-04 8.6383051376e-05 1.7777206936e+01
-2.7128564488e-04 9.5719971459e-06 2.6348023786e+01
-2.7464960779e-04 7.9691998266e-06 2.4257696720e+01
-1.2871206311e-04 5.4484067550e-05 4.1817324259e+01
-1.2548562386e-04 5.4422541311e-05 4.1904635316e+01
-1.6586248946e-04 2.9330307297e-05 4.5909700817e+01
-1.7892151115e-04 2.7833166784e-05 4.5504117737e+01
-1.8944233881e-04 2.7976434479e-05 4.4787469232e+01
-1.9292768197e-04 2.8031034408e-05 4.4519562388e+01
-1.8918651808e-04 5.0959026851e-05 4.0699488643e+01
-2.3316233939e-04 2.7354658155e-05 3.9701169768e+01
-2.2983183016e-04 2.7225184436e-05 4.0327850783e+01
-2.4090949226e-04 5.5918653728e-05 3.7292250517e+01
-5.6104861248e-05 1.1732149940e-04 3.2332810186e+01
3.5592196014e-04 5.5145952784e-05 1.2631648913e+01
3.5918693317e-04 5.1653271690e-05 1.2525687596e+01
-2.9241370619e-04 6.7611264018e-06 1.6999621157e+01
-2.9599402783e-04 6.8955116402e-06 1.7036525349e+01
-2.8883422911e-04 6.6411522910e-06 1.7094648089e+01
-2.6526107942e-04 4.5053964336e-05 3.2431315932e+01
-3.1598549426e-04 1.8315713357e-05 1.7030186377e+01
2.0986256311e-05 1.2348178623e-04 4.1420225214e+01
-3.1467388370e-04 2.0963831623e-05 1.7038119122e+01
-3.3937000036e-04 3.5038515821e-05 1.5203422842e+01
-3.3381544724e-04 3.7169493893e-05 1.6852550464e+01
2.7810636827e-04 1.2421194919e-04 1.3195674020e+01
2.8155002387e-04 1.2126175727e-04 1.3211612632e+01
-1.8062450419e-04 9.6813392336e-05 3.5130076464e+01
-1.8262819606e-04 9.4915444061e-05 3.5285150784e+01
-2.4352573625e-04 7.7293764467e-05 3.7307063186e+01
-3.4493253885e-04 3.2698753012e-05 1.3824528478e+01
-9.1123469226e-05 1.1349576731e-04 3.2746880513e+01
2.0379737091e-04 1.4946384485e-04 1.4028652720e+01
-7.8864763881e-05 1.1531171548e-04 3.2514710832e+01
1.7282185119e-04 1.5441483038e-04 1.4432826899e+01
2.9910598275e-04 1.1021732681e-04 1.3082863789e+01
-1.9710837311e-04 9.2594545955e-05 3.5633318815e+01
1.8058616044e-04 1.5333989173e-04 1.4330396287e+01
1.8434753123e-04 1.5088630835e-04 1.4379387077e+01
3.6859735586e-04 3.6647820549e-05 1.2078274674e+01
-1.9247217192e-04 9.4085017739e-05 3.5476167338e+01
3.1316169524e-04 1.0172706435e-04 1.2909710421e+01
3.0978982782e-04 1.0482781657e-04 1.2911540241e+01
-1.8323613359e-04 9.7147748848e-05 3.5148838734e+01
2.4532585698e-04 1.3860014687e-04 1.3521355985e+01
5.9697959578e-05 1.2882878935e-04 3.9305436423e+01
-1.0886933162e-04 1.1205504281e-04 3.3071555578e+01
-1.5702504042e-04 1.0276861908e-04 3.4381386990e+01
-1.5436037068e-04 1.0252398938e-04 3.4352642854e+01
7.9240057729e-05 1.3835053096e-04 2.0579877370e+01
7.7010429003e-05 1.3618339284e-04 2.0048632740e+01
-3.1184447119e-04 4.8518472662e-05 1.7452301390e+01
-3.1344573755e-04 4.5913711622e-05 1.7172431163e+01
-3.1520552087e-04 4.7723561681e-05 1.7132205620e+01
-3.1711779063e-04 4.4939201882e-05 1.7145563860e+01
-2.5986719761e-04 7.0302755215e-05 3.7375278904e+01
-2.6227918001e-04 6.8663061062e-05 3.7249055868e+01
3.1850198258e-04 1.3581279647e-05 1.6399078470e+01
3.1437192507e-04 1.3232741300e-05 1.6673528800e+01
-1.2838062180e-04 1.0893431563e-04 3.3550036138e+01
-1.2569337964e-04 1.0876798530e-04 3.3513246657e+01
-6.9397995278e-05 1.1729875001e-04 3.2325803456e+01
3.4301616339e-04 1.5047665828e-05 1.4619582313e+01
3.4701903404e-04 1.5188875806e-05 1.4019986046e+01
2.7804839070e-04 1.1789585244e-05 1.8706055267e+01
-9.6502425829e-05 1.1365875397e-04 3.2807697833e+01
-8.4223536622e-05 1.1541016201e-04 3.2562143034e+01
-1.1155691656e-04 1.1217884479e-04 3.3109724170e+01
1.8456706091e-04 1.5462587629e-04 1.4174206491e+01
-2.3019623709e-04 5.4294456874e-05 3.8107127774e+01
-2.2742102861e-04 5.3952629496e-05 3.8314274785e+01
-2.4938460777e-04 2.8206188346e-05 3.5740339363e+01
-2.4621174585e-04 2.8005010767e-05 3.6655374147e+01
1.8833028697e-04 1.5213974816e-04 1.4230563836e+01
-1.3997469599e-04 1.0554778809e-04 3.3932214800e+01
2.5824712780e-05 1.2449319608e-04 4.2847097095e+01
1.0470404351e-04 1.2527200865e-04 2.0368445793e+01
1.0149535058e-04 1.2341752793e-04 2.3055369658e+01
8.0856624091e-05 1.1778434636e-04 2.2008586286e+01
2.8013955419e-04 1.0971871353e-04 1.3709878816e+01
5.7174222345e-05 1.0686653201e-04 2.1917249910e+01
5.2007858178e-05 1.0502052215e-04 2.4465176916e+01
1.3385316683e-04 8.3148590528e-05 1.8621550552e+01
1.3020764957e-04 8.2053982838e-05 1.9853230643e+01
1.3744992194e-04 8.4254972685e-05 1.7439720368e+01
-2.4116008226e-04 7.6634369258e-05 3.7212731299e+01
-2.4124143977e-04 7.9036354533e-05 3.7170137746e+01
2.6621616456e-04 9.1922231050e-05 1.4598490671e+01
2.6279550847e-04 9.4845695414e-05 1.4581074670e+01
-3.1487296643e-04 3.8683027935e-05 1.7065491217e+01
2.2626905527e-04 1.4104758107e-04 1.3891155150e+01
-3.0528414195e-04 3.9802797081e-05 1.7137450693e+01
1.8421063428e-04 1.0660741933e-04 1.5893864207e+01
1.8078890434e-04 1.0909013508e-04 1.5915974587e+01
2.2400188847e-04 9.2930916255e-05 1.5257417977e+01
2.2338122812e-04 8.9174242906e-05 1.5383314604e+01
-8.3301044651e-05 9.1062193209e-05 3.5558798345e+01
2.6333634322e-04 9.8634815498e-05 1.4465746006e+01
-1.3528282119e-04 7.1256231354e-05 3.8329753704e+01
2.3258089204e-04 9.8730579692e-05 1.4968368320e+01
2.3656809219e-04 9.9720908291e-05 1.4884998248e+01
3.6535107431e-04 4.0302978404e-05 1.2310027528e+01
2.2459693960e-04 9.6695344511e-05 1.5144542742e+01
-2.2613494781e-05 1.1207145765e-04 3.4729026022e+01
-2.7930981722e-05 1.1180274427e-04 3.4331416636e+01
-1.1192909383e-04 9.1796745437e-05 3.5139297823e+01
-1.0908389078e-04 9.1696252685e-05 3.5166441606e+01
-1.8988039789e-04 9.3716421287e-05 3.5464076924e+01
3.2837246632e-04 4.3460505449e-05 1.4473536625e+01
3.3230868966e-04 4.3918620580e-05 1.4284366088e+01
2.9013042093e-04 4.9267890144e-05 1.5460916634e+01
2.8604926142e-04 4.8634372277e-05 1.5587434214e+01
2.8269520080e-04 5.1658513773e-05 1.5552035938e+01
2.8195527635e-04 4.7985156097e-05 1.5712338175e+01
2.7860628140e-04 5.0983835004e-05 1.5671038591e+01
2.7784959063e-04 4.7318768433e-05 1.5835995751e+01
-4.6686890323e-05 1.1120211319e-04 3.3355064756e+01
-5.2077952430e-05 1.1111593008e-04 3.3183102645e+01
2.5194052802e-04 9.9737671521e-05 1.4642452638e+01
2.7644784617e-04 8.3049653750e-05 1.4654858697e+01
2.5703816615e-04 8.2684812476e-05 1.5007277390e+01
2.6105062537e-04 8.3539921259e-05 1.4919367599e+01
-5.7479215383e-05 1.1106368384e-04 3.3051262279e+01
2.9819927623e-04 1.0234999383e-04 1.3431898997e+01
-2.2375317363e-04 4.5501421907e-05 3.9289722004e+01
-2.7732858984e-04 5.9193917538e-05 3.4958282202e+01
-2.6846601286e-04 4.1191894999e-05 3.0387358815e+01
9.7906568206e-05 1.1200966859e-04 2.2683489702e+01
7.4297430878e-05 1.0408564726e-04 2.2353872800e+01
7.4663657996e-05 1.0678031515e-04 2.2287472505e+01
4.2167301210e-05 9.5699985864e-05 2.5320137176e+01
5.7381752953e-05 1.2526876403e-04 3.5418865749e+01
7.7553153006e-05 1.3330640630e-04 2.1068788717e+01
7.4864523358e-05 1.3420855565e-04 1.5555490124e+01
-1.2225254284e-04 5.4364530067e-05 4.1990186887e+01
8.5860422371e-05 1.0915950904e-04 2.2422775312e+01
8.3188323916e-05 1.1065949867e-04 2.2326608938e+01
-1.2472551923e-04 1.0662902835e-04 3.3625857575e+01
-1.2300073658e-04 1.0860957195e-04 3.3477969955e+01
2.0745975437e-04 4.8167531512e-05 1.7136238420e+01
2.0352658208e-04 4.7573653680e-05 1.7148637715e+01
2.1140180872e-04 4.8757559229e-05 1.7060508929e+01
-2.0931972062e-04 6.2238640962e-05 3.8365620752e+01
-1.1640465950e-04 7.4444377450e-05 3.8007306048e+01
2.7964711256e-04 1.0588410284e-04 1.3860973971e+01
-2.5227305025e-04 3.8377879468e-05 3.5046906560e+01
-1.2240626922e-04 7.4623534055e-05 3.7887591825e+01
-1.9359005656e-04 7.7121142386e-05 3.6944636429e+01
-1.9629912905e-04 7.7431713538e-05 3.6899887051e+01
3.2949067048e-04 5.1113805920e-05 1.4156845413e+01
-1.4371964723e-04 4.2493343955e-05 4.3998724240e+01
-1.6062698042e-04 7.6368866988e-05 3.7220177565e+01
1.6161181800e-04 8.1899587632e-05 1.7009664934e+01
-1.5019111725e-04 7.1880170897e-05 3.8028816965e+01
-1.4722962596e-04 7.1742607356e-05 3.8087753468e+01
1.4826417652e-04 8.7613985849e-05 1.7002962932e+01
-2.4033437320e-04 3.3257852812e-05 3.7809124356e+01
3.1429258102e-04 3.0966759988e-05 1.5473298900e+01
-1.7590252264e-04 5.5950707335e-05 4.0307662610e+01
-1.6827294434e-04 5.9363663306e-05 3.9905005956e+01
2.3688085021e-04 7.8168657819e-05 1.5473031693e+01
1.8019431010e-04 1.4582625199e-04 1.4695934475e+01
-2.9480600426e-04 1.2693438161e-05 1.7052569804e+01
-2.9864046610e-04 1.0953690528e-05 1.7047747671e+01
-3.0198637173e-04 1.1227373125e-05 1.7029536017e+01
-3.0605553565e-04 9.4253433661e-06 1.7030322934e+01
-1.9225757479e-04 5.1115111957e-05 4.0543291324e+01
2.0276091139e-04 6.2833000912e-05 1.7003903576e+01
3.0161299387e-04 4.7367080760e-05 1.5221391237e+01
-1.5137296222e-04 8.7801700823e-05 3.5689700841e+01
-1.5416061588e-04 8.7996545145e-05 3.5676519074e+01
-1.6692619731e-04 3.0995331156e-05 4.5521707085e+01
-3.1048874115e-04 2.2790197454e-05 1.7050991988e+01
-2.1375080399e-04 7.3344838159e-05 3.7180202000e+01
-2.2079452649e-04 3.0427449425e-05 4.1327986508e+01
-1.8808626366e-04 6.6375455362e-05 3.8347712704e+01
1.9876467548e-04 6.1922213093e-05 1.7011233130e+01
-2.7531784982e-04 4.5468239233e-05 2.9220484613e+01
2.7450616544e-04 5.0291995451e-05 1.5788463891e+01
2.7373323572e-04 4.6634327875e-05 1.5958598462e+01
2.7525409114e-04 5.3964080833e-05 1.5627910176e+01
3.0116619635e-04 2.5950317059e-05 1.6143449599e+01
-3.4556331983e-04 1.1557377381e-05 1.7027862330e+01
-3.4924494209e-04 1.2100337965e-05 1.7031504464e+01
-3.4190268989e-04 1.1022502283e-05 1.7000870815e+01
1.3121109875e-04 1.2904527341e-04 1.7024153134e+01
1.3477876939e-04 1.3084486753e-04 1.7011393859e+01
1.1756197804e-04 1.2910026999e-04 1.7041767843e+01
9.2229602343e-05 1.2128418543e-04 2.2440741738e+01
1.4327173211e-04 1.0246134293e-04 1.7001781550e+01
1.3962732986e-04 1.0108001759e-04 1.7000237253e+01
2.4795889530e-04 9.8815249718e-05 1.4731083299e+01
-2.1672282973e-04 5.6870291838e-05 3.8659006935e+01
-2.5727026103e-04 4.5611937228e-05 3.4504534617e+01
-2.8283590306e-04 2.3948085796e-05 1.6907488894e+01
2.9532633034e-04 3.5790627510e-05 1.5853203678e+01
1.2594252362e-04 9.9147555675e-05 1.7499330313e+01
9.9021167933e-05 9.5002645857e-05 2.2774202723e+01
9.5731592769e-05 9.3795813579e-05 2.2744368421e+01
1.0235925789e-04 9.6248680602e-05 2.2806911071e+01
-2.1974648068e-04 2.6903130791e-05 4.1941656174e+01
3.0447875367e-04 2.2810909802e-05 1.6193378037e+01
-1.7885442617e-04 1.6593815698e-05 4.7608049498e+01
-1.7512535546e-04 1.6577322999e-05 4.7856037204e+01
-1.8480701561e-04 4.7058969862e-05 4.1563518574e+01
3.5560151442e-04 1.9315641717e-05 1.2774872536e+01
-2.4981046216e-04 1.0816731536e-05 3.6779494513e+01
6.7559995144e-05 1.1113207318e-04 2.2076349763e+01
9.8112619844e-05 1.1516515046e-04 2.2697919149e+01
1.8432660536e-04 6.5117949750e-05 1.7016238273e+01
1.6082628049e-04 1.3875079359e-04 1.5464398902e+01
1.6450239956e-04 1.3643963541e-04 1.5412550055e+01
1.2771551594e-04 1.2724476016e-04 1.7031565562e+01
1.9363692064e-04 5.4713647612e-05 1.7039892693e+01
1.3480311798e-04 8.9650392809e-05 1.7059071599e+01
-1.7539559411e-04 2.7791515543e-05 4.5717699284e+01
-3.0669970840e-04 7.3996457860e-06 1.7051097599e+01
-3.1025052609e-04 7.5993630461e-06 1.7033376039e+01
-2.9230850044e-04 3.9026745231e-05 1.7147215766e+01
-2.8703489375e-04 3.9482087509e-05 1.8027797933e+01
-2.6492666356e-04 4.7308670248e-05 3.3045657134e+01
-1.5968030265e-04 1.0302353706e-04 3.4411320080e+01
-1.6265992944e-04 5.3573803193e-05 4.1135723090e+01
-1.6493808160e-04 5.1828192295e-05 4.1406609313e+01
-1.6128863995e-04 5.7206859940e-05 4.0475786932e+01
2.2666890831e-04 1.4481937060e-04 1.3716402433e+01
-2.9094182473e-04 2.5650367261e-05 1.7050403469e+01
2.5281768263e-04 1.3676893279e-04 1.3399132737e+01
2.5632539813e-04 1.3393076379e-04 1.3425504677e+01
-3.2045647810e-04 1.6353715706e-05 1.7015831180e+01
-3.2175656521e-04 1.3734243999e-05 1.7011944244e+01
-3.1894963252e-04 4.6887462865e-05 1.7102980942e+01
-3.2120709327e-04 4.3819281846e-05 1.6992173218e+01
9.9482915883e-05 1.4741046374e-04 1.7600952176e+01
9.6574549911e-05 1.4536469623e-04 1.8341514519e+01
-3.2326320135e-04 4.5866387271e-05 1.7122022220e+01
-3.3656507768e-04 3.8911268792e-05 1.5195631468e+01
-2.7641247810e-04 6.4214848366e-05 3.6814355734e+01
1.0244978680e-04 1.4942264162e-04 1.7173758101e+01
2.2306936470e-04 1.4751979227e-04 1.3677230167e+01
-1.4265601212e-04 1.0575149038e-04 3.3965316180e+01
2.7465376290e-04 1.2714456611e-04 1.3177644548e+01
3.2702216807e-04 9.3107732041e-05 1.2688013843e+01
3.3044349365e-04 9.0020084984e-05 1.2662126124e+01
2.0010056084e-04 1.5204561948e-04 1.3981017391e+01
3.0600157246e-05 1.2560459862e-04 4.4800334461e+01
-2.9379763850e-04 5.7091026178e-05 3.3059551311e+01
5.7486041599e-05 1.3019764361e-04 4.6717481453e+01
5.9639202546e-05 1.3130546356e-04 4.7119170715e+01
-3.1039360233e-04 5.0981882635e-05 1.6148318548e+01
-3.0747743863e-04 5.1727349211e-05 1.8962394767e+01
-1.0990062106e-04 1.1426666376e-04 3.3001124203e+01
-1.0722303581e-04 1.1415860306e-04 3.2956954167e+01
7.4315961081e-05 1.3692280616e-04 1.5751963905e+01
7.2797673420e-05 1.3238490882e-04 1.9160234925e+01
7.0513427463e-05 1.3323744984e-04 2.8031701084e+01
3.3008090561e-04 1.0759050983e-05 1.6156724136e+01
-2.4816433999e-04 7.6265853896e-05 3.7452461636e+01
3.2368416399e-04 9.6278830735e-05 1.2702072310e+01
-1.3373770665e-04 1.0929137518e-04 3.3627657830e+01
3.6890927719e-04 4.0940718483e-05 1.2059898217e+01
3.5308748545e-05 1.2682659373e-04 4.7029885479e+01
3.3416094980e-04 1.0968526899e-05 1.5903736823e+01
3.5954600475e-04 5.5850302016e-05 1.2386307343e+01
3.5629353967e-04 5.9310755330e-05 1.2479868104e+01
3.6278508263e-04 5.2356156239e-05 1.2275443006e+01
3.7212305741e-04 3.7286647202e-05 1.1839581363e+01
-2.2725321578e-04 5.1867195021e-05 3.8470968335e+01
-2.9253392035e-04 4.9829151462e-06 1.7009748280e+01
-1.6476837566e-04 2.7682756965e-05 4.6295170256e+01
-1.5407524213e-04 2.7587854665e-05 4.6793520676e+01
3.6207911169e-04 1.1877092778e-05 1.1014283338e+01
3.5813932375e-04 1.1813457952e-05 1.1800311719e+01
3.6598161105e-04 1.1988382617e-05 1.0282374290e+01
1.1110908656e-04 1.2200395969e-04 1.7636171974e+01
1.0466560236e-04 1.2187306114e-04 2.2059787748e+01
1.3694631571e-04 8.1027642771e-05 1.8252088776e+01
3.4629421430e-04 1.1378019128e-05 1.4216071384e+01
8.6277715431e-05 1.1501527872e-04 2.2308615334e+01
3.1766221073e-04 9.9541150742e-06 1.6785488951e+01
3.1356746769e-04 9.6164614798e-06 1.7065328239e+01
3.1022815399e-04 1.2861860918e-05 1.6801133078e+01
3.0947450117e-04 9.4251688839e-06 1.7000132277e+01
2.3527202496e-05 1.0022200939e-04 3.4252164383e+01
-8.0414201569e-05 9.1021474736e-05 3.5620124954e+01
2.9329228704e-04 9.1753151588e-06 1.7348908923e+01
2.8927370661e-04 9.1751345610e-06 1.7275096652e+01
2.9729274594e-04 9.2479054683e-06 1.7317080927e+01
4.3769716828e-05 7.6994515391e-05 2.2727301180e+01
-7.4461508589e-05 9.4902887451e-05 3.5095639418e+01
5.5295005717e-05 1.2915460624e-04 4.6229215029e+01
2.6944403509e-04 8.6270354818e-06 2.0587273953e+01
2.6547974630e-04 8.4373052260e-06 2.0944256454e+01
-2.1864756921e-04 1.5278323229e-05 4.3731157507e+01
2.7621369422e-04 1.0885430122e-04 1.3849047004e+01
4.3146179119e-05 1.1992055784e-04 3.8177440189e+01
2.3025157979e-04 1.4209798755e-04 1.3750923357e+01
2.2984131356e-04 1.3832069157e-04 1.3918935379e+01
1.8472803415e-04 1.1040897823e-04 1.5671841896e+01
-1.2838301519e-04 7.4823311477e-05 3.7772976061e+01
-3.6661266848e-04 1.1105805579e-05 1.3980143280e+01
2.2060021920e-04 9.5648936634e-05 1.5243749070e+01
2.1079092545e-04 4.5766787885e-05 1.7142283558e+01
1.8816266136e-04 1.0789649437e-04 1.5660185286e+01
3.0530603185e-04 2.6421175426e-05 1.5970392295e+01
1.8128222761e-04 1.1289824360e-04 1.5687136580e+01
-2.7891778800e-04 6.2720510000e-05 3.6387350514e+01
-1.3122474244e-04 6.9223638792e-05 3.8769802478e+01
-2.6526840138e-04 6.2123991097e-05 3.6220229415e+01
-2.7099739924e-04 4.1800236173e-05 2.9555975769e+01
-1.2030298197e-04 1.0845892420e-04 3.3444492295e+01
2.4795320328e-04 1.2819756576e-04 1.3874125847e+01
3.0837773306e-04 9.3086053742e-05 1.3437624312e+01
1.8843164093e-04 8.6527168898e-05 1.7008559869e+01
-1.4178419594e-04 1.0359149958e-04 3.4084974662e+01
-2.3605859908e-04 6.8429793392e-05 3.7311664890e+01
-2.2671168567e-04 4.5749313274e-05 3.8985738160e+01
-2.2401415904e-04 4.7500663319e-05 3.9082425532e+01
-2.2104669343e-04 4.7250738155e-05 3.9354957805e+01
-1.8201862344e-04 9.2697920370e-05 3.5438909357e+01
-3.0762395452e-04 2.2000297476e-05 1.7048174218e+01
-1.4857490587e-04 8.7615608473e-05 3.5704207664e+01
2.7985000504e-04 8.0056740059e-05 1.4674243102e+01
2.8382760913e-04 8.0824166599e-05 1.4564662617e+01
2.8324841821e-04 7.7045519612e-05 1.4693421379e+01
2.8722701125e-04 7.7792621902e-05 1.4580845214e+01
1.4696371133e-04 1.0386584085e-04 1.7003473798e+01
3.2612439988e-04 5.4431729385e-05 1.4178663442e+01
1.0112576814e-04 1.1358588384e-04 2.2755510110e+01
-3.2337781544e-04 3.5730364911e-05 1.7013892746e+01
2.9351853851e-05 9.5018571342e-05 3.1070302289e+01
7.7139137784e-05 1.0527044292e-04 2.2351973568e+01
7.7472775251e-05 1.0801487721e-04 2.2285445325e+01
7.4986928660e-05 1.0948656588e-04 2.2207061963e+01
-2.6177712095e-04 2.5368861955e-05 3.1106312868e+01
-2.5864349153e-04 2.7034180468e-05 3.2503607297e+01
-1.6157586776e-04 1.0109088444e-04 3.4559390577e+01
-1.6232600681e-04 1.0328902366e-04 3.4442117348e+01
-2.0865057253e-04 4.4467149259e-05 4.0640001292e+01
3.2992765034e-04 8.5927083114e-05 1.2851818951e+01
3.3378233379e-04 8.6825704126e-05 1.2638144167e+01
-2.8170805865e-04 4.0088900124e-05 2.2979497740e+01
-1.1658224468e-04 1.0619403218e-04 3.3546275657e+01
-1.3613630870e-04 5.1077427703e-05 4.2365622241e+01
-1.3725261917e-04 5.2876454819e-05 4.1954589501e+01
-1.4047542058e-04 5.2947718421e-05 4.1858725766e+01
-1.4154362328e-04 5.4767765909e-05 4.1452058852e+01
-1.3624452858e-04 5.6442594785e-05 4.1229489453e+01
6.8458985907e-05 1.3162980503e-04 2.7553059223e+01
6.8175451161e-05 1.3411908462e-04 2.9757359600e+01
6.6138389602e-05 1.3263654951e-04 3.3972588833e+01
-2.5508502367e-04 3.8758069575e-05 3.4334380009e+01
1.9986687826e-04 8.6359127223e-05 1.6324655106e+01
-6.0014122769e-05 5.3887516528e-05 4.2820372481e+01
8.8160778834e-05 1.3880448798e-04 2.2476355933e+01
8.7537613216e-05 1.4222195188e-04 2.0341175564e+01
8.4112374272e-05 1.4323052347e-04 2.1044710775e+01
-2.3099958657e-04 6.7430269175e-05 3.7408365291e+01
-2.2859234884e-04 6.9215498011e-05 3.7344123723e+01
1.6767950152e-04 1.2642249788e-04 1.5633123055e+01
1.9581629837e-04 1.4708979684e-04 1.4311706228e+01
1.2245603879e-04 9.7826896428e-05 1.9344232590e+01
-1.6809098252e-04 9.7515634435e-05 3.4900420482e+01
-1.6615005247e-04 9.9433766656e-05 3.4738870918e+01
-1.6879870813e-04 9.9714149772e-05 3.4762036008e+01
-2.2602025634e-04 6.8758641326e-05 3.7401969788e+01
-2.0881816883e-04 7.4787607425e-05 3.7089578611e+01
-2.0615799709e-04 7.4425643113e-05 3.7143626585e+01
-1.1901320300e-04 5.4309930210e-05 4.2073835262e+01
-1.9086313132e-04 7.6824866260e-05 3.6990422935e+01
-2.4558069224e-04 2.2530093570e-05 3.7156719883e+01
-2.4253958897e-04 2.4175788924e-05 3.7873921821e+01
-2.3920983277e-04 2.4040550591e-05 3.8716983825e+01
1.2735146190e-04 1.1632553055e-04 1.6998815773e+01
-1.3158946119e-04 8.6662329574e-05 3.5824242819e+01
-3.1257134651e-04 3.7186422500e-05 1.7089930856e+01
3.0924414433e-04 7.0592545125e-05 1.4215172032e+01
-1.7767931441e-04 4.4998553915e-05 4.2254470459e+01
8.2916573284e-05 1.0780558454e-04 2.2385216703e+01
1.3426638691e-04 1.4965498852e-04 1.7033302618e+01
1.3035373394e-04 1.5144802588e-04 1.7097872558e+01
1.3400672822e-04 1.5338424676e-04 1.6554107019e+01
1.2999300045e-04 1.5512787914e-04 1.6986723366e+01
1.2643278828e-04 1.5313009091e-04 1.7097167100e+01
1.3369175109e-04 1.5710100921e-04 1.5688860961e+01
-1.3629383042e-04 7.3203594817e-05 3.7964985588e+01
-1.3828297088e-04 7.1368910230e-05 3.8268191761e+01
3.4177981725e-04 2.9809795347e-05 1.4219869377e+01
3.4236951994e-04 3.3631513498e-05 1.4065950497e+01
3.3902211347e-04 3.7100456444e-05 1.4170819630e+01
2.5707524803e-04 2.5115913640e-05 1.8155481583e+01
-2.1607147456e-04 7.1528124966e-05 3.7313587242e+01
3.0499132015e-04 9.6194208950e-05 1.3437847840e+01
2.2946827435e-04 7.9966421848e-05 1.5564970807e+01
-1.9918909865e-04 9.0725813802e-05 3.5779109010e+01
-2.0175450096e-04 9.1133362286e-05 3.5784459397e+01
-1.7648267345e-04 6.5558437785e-05 3.8685197393e+01
-1.7716745410e-04 6.7563864697e-05 3.8363249073e+01
-1.8006498279e-04 6.7763945053e-05 3.8286694278e+01
2.5576018544e-04 7.5205847318e-05 1.5245052400e+01
-1.9899005720e-04 7.7757228061e-05 3.6856378833e+01
1.5292117580e-04 1.2794001492e-04 1.6534722242e+01
1.5313616933e-04 1.3178280127e-04 1.6174547170e+01
1.4934430782e-04 1.3013743025e-04 1.6808015039e+01
1.4951038139e-04 1.3397786496e-04 1.6474381076e+01
-2.4095163324e-04 6.4908872521e-05 3.7283815995e+01
-1.4111726820e-04 8.3171874688e-05 3.6306743083e+01
-1.4246698582e-04 3.5705058276e-05 4.5504747647e+01
-1.5168420863e-04 1.0229859794e-04 3.4324432463e+01
-1.6782032507e-04 8.0887297212e-05 3.6570088836e+01
-1.6575697642e-04 8.2758647239e-05 3.6336313559e+01
-1.6854139976e-04 8.2982156679e-05 3.6310679727e+01
1.3774699789e-04 1.5527309752e-04 1.5340049339e+01
-1.4447449559e-04 1.0379658910e-04 3.4113337150e+01
-1.4532992578e-04 1.0596379512e-04 3.3999427821e+01
-1.6030735373e-04 6.8519173258e-05 3.8464756652e+01
1.8979901735e-04 9.4026326711e-05 1.6413776462e+01
1.9316002320e-04 9.1490700785e-05 1.6377562332e+01
1.9380779886e-04 9.5252112451e-05 1.6104741494e+01
-1.4425803545e-04 7.1611633739e-05 3.8147265389e+01
1.8441043013e-04 8.5320405803e-05 1.6990223144e+01
2.0238964673e-04 1.0141136948e-04 1.5472893480e+01
2.4353712521e-04 1.2342413329e-04 1.4141144356e+01
-2.6618640495e-04 3.8451547245e-05 3.0630091394e+01
9.0932095773e-05 1.4108716619e-04 1.9467265868e+01
9.0241251573e-05 1.4447517469e-04 1.9732303640e+01
1.3212980833e-04 9.5057124916e-05 1.6980048178e+01
2.6486016888e-04 1.1003998458e-04 1.4092274746e+01
-2.6482826027e-04 2.5655933200e-05 2.9634208854e+01
-2.6799323349e-04 2.4006554514e-05 2.7844315552e+01
1.9426388636e-04 1.2818071263e-04 1.4938353691e+01
-6.3309136469e-05 5.3880599965e-05 4.2850999947e+01
-6.4938455187e-05 5.5627330637e-05 4.2519112187e+01
-6.6603816170e-05 5.3877876009e-05 4.2867810971e+01
-6.8211089780e-05 5.5626909781e-05 4.2523812279e+01
-6.3295328121e-05 5.7388242460e-05 4.2172938710e+01
-6.9897821318e-05 5.3879177708e-05 4.2872152487e+01
-7.1482881058e-05 5.5630582259e-05 4.2517271901e+01
2.1377026457e-04 1.0103572823e-04 1.5224219684e+01
-2.1636948611e-04 7.3747081061e-05 3.7125866004e+01
-2.1869260555e-04 7.1933235278e-05 3.7253063014e+01
-1.8378365443e-04 8.0250677876e-05 3.6627166070e+01
3.7121064152e-04 2.4399720699e-05 1.1366356082e+01
3.7479285111e-04 2.4838618437e-05 1.1156704747e+01
3.7449056745e-04 2.0558304688e-05 1.0672542616e+01
3.7805458209e-04 2.0973439563e-05 1.0529165729e+01
3.7781392102e-04 1.6640110865e-05 9.7373778842e+00
3.7828783159e-04 2.5377525187e-05 1.1017329784e+01
3.8134033616e-04 1.7049513571e-05 9.6962247942e+00
-8.2149622670e-05 1.0710197907e-04 3.3259302547e+01
-2.0651455595e-04 6.1953242678e-05 3.8483064310e+01
-2.7099671200e-04 2.4331411342e-05 2.6037615578e+01
3.5882551320e-04 4.7478111464e-05 1.2650284176e+01
2.0679777164e-04 6.3789725325e-05 1.6986882957e+01
1.8105993598e-04 6.7549175199e-05 1.7015913353e+01
-4.9074835818e-05 3.0508162905e-05 4.6937674336e+01
-5.0821469036e-05 2.8901192827e-05 4.7333304148e+01
2.5644289339e-04 1.0443661725e-04 1.4437048070e+01
1.6835483457e-04 1.3789806729e-04 1.5247419143e+01
-1.0342828741e-04 5.9425842754e-05 4.1293065459e+01
-1.0531392567e-04 5.7664291245e-05 4.1633611463e+01
-1.0209251036e-04 5.7621856580e-05 4.1704741314e+01
-1.0262764978e-04 5.4089851801e-05 4.2457372767e+01
-9.9357746090e-05 5.4057017909e-05 4.2523945593e+01
-9.7486170551e-05 5.5796354815e-05 4.2181356282e+01
-7.3190820913e-05 5.3884335989e-05 4.2865262337e+01
-7.6482481054e-05 5.3893205088e-05 4.2848280614e+01
-7.3046786648e-05 5.7394141836e-05 4.2154497873e+01
-7.9772477659e-05 5.3905673406e-05 4.2822245996e+01
-1.9325772716e-04 6.4793461185e-05 3.8461594868e+01
-1.9610784012e-04 6.5036844869e-05 3.8366220308e+01
2.6446195816e-04 5.9105482299e-05 1.5644775101e+01
-1.9743228539e-04 3.8492459036e-05 4.2355821176e+01
-2.0411681093e-04 6.3755382864e-05 3.8335467471e+01
1.6277276536e-04 8.8931817923e-05 1.7003292673e+01
-1.8257608113e-04 1.6611285490e-05 4.7344334323e+01
3.4029198210e-05 7.9394817374e-05 2.3882225850e+01
3.6024211593e-05 7.7687988700e-05 2.2514941062e+01
3.3200403156e-05 7.7217633505e-05 2.4034452960e+01
3.1204583667e-05 7.8930517872e-05 2.5717560016e+01
3.0356060224e-05 7.6775691890e-05 2.5856216809e+01
2.7491261219e-05 7.6363334097e-05 2.7377619067e+01
2.5498424664e-05 7.8088847930e-05 2.8615957995e+01
2.2619403041e-05 7.7708627874e-05 2.9881582679e+01
1.9724558280e-05 7.7353380919e-05 3.1030161033e+01
1.6814807489e-05 7.7022177615e-05 3.2068550781e+01
1.3891228107e-05 7.6713460898e-05 3.3004940580e+01
1.0954733356e-05 7.6425933163e-05 3.3846963162e+01
9.9528605623e-06 7.4397549329e-05 3.4035623512e+01
8.0061138626e-06 7.6158853384e-05 3.4601802060e+01
6.9813128212e-06 7.4144193136e-05 3.4795034288e+01
3.9986716869e-06 7.3908207319e-05 3.5474234801e+01
1.0051856894e-06 7.3691053746e-05 3.6079612474e+01
-1.9978713539e-06 7.3489747242e-05 3.6616995779e+01
-5.0096966934e-06 7.3303076171e-05 3.7091953619e+01
-8.0300955098e-06 7.3132577646e-05 3.7509618815e+01
-1.1057984852e-05 7.2975451758e-05 3.7874880943e+01
-1.4092700246e-05 7.2830629661e-05 3.8192326779e+01
-1.5925163693e-05 7.4631264191e-05 3.8225967457e+01
-1.8949490428e-05 7.4503890594e-05 3.8453530401e+01
-2.0181137141e-05 7.2580042214e-05 3.8700121243e+01
-2.1979251834e-05 7.4388111673e-05 3.8645136410e+01
-2.3233404925e-05 7.2470702284e-05 3.8898290454e+01
-2.5013908356e-05 7.4283221980e-05 3.8804262048e+01
-2.8053004971e-05 7.4189013719e-05 3.8934093691e+01
-3.1096095422e-05 7.4104665496e-05 3.9037635327e+01
-3.4142721704e-05 7.4029567495e-05 3.9117645633e+01
-3.7192478108e-05 7.3963598879e-05 3.9176612516e+01
-4.0244973755e-05 7.3906049953e-05 3.9216893920e+01
-4.3299798833e-05 7.3856410696e-05 3.9240635012e+01
-4.4708499829e-05 7.1978615388e-05 3.9534644788e+01
-4.6356575875e-05 7.3814643226e-05 3.9249735560e+01
-4.7786719088e-05 7.1940996124e-05 3.9548570431e+01
-4.9414959738e-05 7.3780133796e-05 3.9246013965e+01
-5.0866329142e-05 7.1909601264e-05 3.9549482149e+01
-5.2474576018e-05 7.3752461003e-05 3.9231107626e+01
-5.3947048101e-05 7.1886166365e-05 3.9538637979e+01
-5.5535063861e-05 7.3731659851e-05 3.9206434978e+01
-5.7028450578e-05 7.1868642073e-05 3.9517807037e+01
-5.8596112375e-05 7.3717201825e-05 3.9173374347e+01
-6.0110214133e-05 7.1856499007e-05 3.9488374388e+01
-6.1657372071e-05 7.3708746550e-05 3.9133151769e+01
-6.3192009793e-05 7.1851475053e-05 3.9451182708e+01
-6.4718489427e-05 7.3706391103e-05 3.9086800416e+01
-6.6273491294e-05 7.1851654208e-05 3.9407635785e+01
-6.7779177678e-05 7.3709685949e-05 3.9035345485e+01
-6.9354340563e-05 7.1857242879e-05 3.9358643147e+01
-7.0839098887e-05 7.3718472060e-05 3.8979664763e+01
-7.3897924557e-05 7.3732599998e-05 3.8920544739e+01
-7.6955341743e-05 7.3751931918e-05 3.8858687071e+01
-8.0011035131e-05 7.3776336673e-05 3.8794717510e+01
-8.1664992090e-05 7.1930343544e-05 3.9124593686e+01
-8.3064685825e-05 7.3805616068e-05 3.8729207582e+01
-8.4737809279e-05 7.1961553708e-05 3.9059751341e+01
-8.6115954320e-05 7.3839955668e-05 3.8662589665e+01
-8.7808099532e-05 7.1997036250e-05 3.8993606058e+01
-8.9164590510e-05 7.3879041949e-05 3.8595334737e+01
-9.0875526520e-05 7.2037105812e-05 3.8926516906e+01
-9.2210246430e-05 7.3922866232e-05 3.8527806109e+01
-9.3937758799e-05 7.2081602878e-05 3.8858920486e+01
-9.5245910870e-05 7.3973965054e-05 3.8459941648e+01
2.6620422154e-05 7.4249945678e-05 2.7618028582e+01
1.7852165946e-05 7.3221066496e-05 3.1433455838e+01
-7.2918951757e-08 7.1717758084e-05 3.6309930860e+01
-9.1783180774e-06 7.1190410954e-05 3.7751094752e+01
-1.8351707828e-05 7.0783127070e-05 3.8722037817e+01
-2.7576699818e-05 7.0477714150e-05 3.9335565276e+01
-3.6839303028e-05 7.0258837219e-05 3.9682776917e+01
-7.7139357239e-05 7.0046484641e-05 3.9578313491e+01
-5.1022170853e-05 7.5632472764e-05 3.8929293235e+01
-1.4735731791e-05 7.6578905553e-05 3.8003443716e+01
-5.7689637735e-06 7.7065015209e-05 3.7091036744e+01
3.1285704229e-06 7.7687785944e-05 3.5703746743e+01
2.0642838728e-05 7.9446613522e-05 3.0914239916e+01
2.9216427442e-05 8.0646028571e-05 2.7143949628e+01
3.2713688686e-04 3.5919941436e-05 1.4807791421e+01
-2.2253288979e-04 5.9616679652e-05 3.8152578696e+01
-8.0167172288e-05 9.4967827702e-05 3.4973779032e+01
4.7398946820e-05 7.9840665241e-05 2.2702023182e+01
4.8135618673e-05 8.2152579808e-05 2.2685288383e+01
5.0265370450e-05 8.0451427570e-05 2.2693045658e+01
-1.1595489109e-04 6.8793862468e-05 3.9110396336e+01
-1.8594572202e-04 2.7925452563e-05 4.5040047646e+01
-3.0948441353e-04 9.6929459800e-06 1.7003662088e+01
-3.1377594099e-04 7.8176170880e-06 1.6998697599e+01
-1.1576879546e-04 5.4258994116e-05 4.2155337824e+01
-1.1447591421e-04 5.2484167862e-05 4.2569403024e+01
-1.1702311107e-04 5.6054493138e-05 4.1740312085e+01
-1.8009577320e-04 3.6279291970e-05 4.3806632732e+01
-5.4456090811e-05 2.8887645365e-05 4.7502021847e+01
-1.0736827181e-04 9.3628818310e-05 3.4895701493e+01
-1.0623384244e-04 9.1602301722e-05 3.5196567309e+01
-1.0337897237e-04 9.1514238486e-05 3.5229874865e+01
2.1499459424e-04 6.5818317635e-05 1.6822273493e+01
-2.0061834899e-04 2.9863595834e-05 4.3575278176e+01
-8.3060502345e-05 5.3921601767e-05 4.2788114196e+01
-8.6346221578e-05 5.3940940642e-05 4.2746739785e+01
-8.7800013531e-05 5.5712910168e-05 4.2351968316e+01
-8.2786051970e-05 5.7436260688e-05 4.2054859996e+01
-8.9608687067e-05 5.3972166188e-05 4.2697365289e+01
2.5292970673e-04 6.0381696579e-05 1.5815434013e+01
-1.7142028667e-04 7.4035605530e-06 4.9683556346e+01
-1.7396689750e-04 5.9165194861e-06 4.9754680460e+01
2.3819565179e-04 8.5643869326e-05 1.5218400975e+01
-2.8760979023e-04 2.7266364068e-05 1.7094878238e+01
2.7246827100e-04 2.3189703951e-05 1.7378658807e+01
2.4505433957e-04 1.0543463498e-04 1.4614832498e+01
-1.8134240599e-04 7.1852815319e-05 3.7687138832e+01
2.2653035704e-04 6.5127547358e-05 1.6299924883e+01
2.5891461038e-04 3.3973226987e-05 1.6960363320e+01
1.7454972272e-04 7.2391193032e-05 1.7013688830e+01
2.7345400527e-04 8.7769369625e-06 2.0046598816e+01
-2.4701543071e-04 4.5191825527e-06 3.8279642337e+01
-2.9630548260e-04 2.7056887588e-05 1.7074090583e+01
2.6963150379e-04 8.8981948371e-05 1.4616723283e+01
3.3326067635e-04 8.2702537774e-05 1.2828423352e+01
3.3700802566e-04 8.3486782219e-05 1.2619645979e+01
3.3655962929e-04 7.9423463565e-05 1.2802492782e+01
3.4029433451e-04 8.0203702301e-05 1.2589537900e+01
2.4289269675e-04 6.8865864006e-05 1.5687075408e+01
-3.4183035277e-04 1.8015977742e-05 1.7000387842e+01
2.6193927059e-04 1.1190781345e-05 2.0468679980e+01
2.6136657431e-04 8.3141912889e-06 2.0972824360e+01
2.5786603505e-04 1.0986916170e-05 2.0466462460e+01
2.5728571427e-04 8.1271419344e-06 2.0916827775e+01
2.5380871183e-04 1.0766049146e-05 2.0413480968e+01
2.5333494067e-04 7.9018220529e-06 2.0888843479e+01
5.0986078034e-05 8.2792170451e-05 2.2673377120e+01
5.3849015530e-05 8.3463280009e-05 2.2661486562e+01
2.7667792604e-04 6.1350354068e-05 1.5330018142e+01
-7.5188188515e-05 1.0905108326e-04 3.3069121737e+01
-7.2462778974e-05 1.0902314807e-04 3.3091159128e+01
-1.0052002337e-04 9.1432121722e-05 3.5266447735e+01
-9.7657371029e-05 9.1355888797e-05 3.5306383541e+01
-1.2208332398e-04 6.8951370382e-05 3.8972585136e+01
2.3873172581e-05 9.4066937776e-05 3.2653127219e+01
3.2590070573e-04 1.0562111009e-05 1.6408580055e+01
-2.3568556906e-04 5.7228486944e-05 3.7627722488e+01
-1.9139649745e-04 7.8970719185e-05 3.6753783298e+01
5.6725839700e-05 8.4166942377e-05 2.2649909699e+01
5.8952123295e-05 8.2468169266e-05 2.2661705725e+01
5.9617772102e-05 8.4904305022e-05 2.2639348819e+01
6.1879902916e-05 8.3205799461e-05 2.2653571436e+01
6.2526268034e-05 8.5676511743e-05 2.2629747922e+01
6.4825909668e-05 8.3977931226e-05 2.2646819464e+01
-2.9885991361e-04 4.2325186248e-05 1.7170306390e+01
3.1304733696e-04 4.5277419737e-05 1.4957103224e+01
-9.4791355332e-05 9.1285557587e-05 3.5349754186e+01
-2.3293389430e-04 5.4665434366e-05 3.7899854615e+01
-1.9834341426e-04 5.1457009368e-05 4.0216405754e+01
2.4978814268e-04 1.0532984116e-05 2.0374985883e+01
2.4927359567e-04 7.7602153522e-06 2.0845738063e+01
2.4576552170e-04 1.0310808955e-05 2.0335318233e+01
2.4518656939e-04 7.6054572718e-06 2.0791814835e+01
6.5452738080e-05 8.6484491015e-05 2.2621479469e+01
6.7791803547e-05 8.4785550755e-05 2.2641896412e+01
6.8399184472e-05 8.7329499161e-05 2.2615257743e+01
7.0780135760e-05 8.5628071250e-05 2.2639325125e+01
-1.9678516692e-04 7.9604199387e-05 3.6679159618e+01
7.1367791872e-05 8.8212267524e-05 2.2611308215e+01
7.3791759627e-05 8.6509353922e-05 2.2639227704e+01
7.3199651129e-05 8.3908174598e-05 2.2662888086e+01
5.0191174002e-05 9.7910793284e-05 2.2237516622e+01
4.7521349047e-05 9.7133565097e-05 2.2565291288e+01
2.4174713804e-04 1.0089090395e-05 2.0309319136e+01
2.4117749320e-04 7.4293209526e-06 2.0753044350e+01
2.3774579646e-04 9.8690118443e-06 2.0278417070e+01
2.3718793174e-04 7.2540014822e-06 2.0698975241e+01
3.3987180243e-04 7.6143275122e-05 1.2769108822e+01
3.4374509429e-04 7.6842035790e-05 1.2546449126e+01
3.4320089333e-04 7.2823233339e-05 1.2728445234e+01
3.4719267171e-04 7.3533374354e-05 1.2492373491e+01
3.4652632920e-04 6.9486296079e-05 1.2679235405e+01
3.5034091310e-04 7.0265704084e-05 1.2443319039e+01
2.8119056867e-04 4.4326928179e-05 1.5882254186e+01
-1.5818088477e-04 5.7093616000e-05 4.0575235026e+01
2.3376313201e-04 9.6453415266e-06 2.0256512761e+01
2.3320813386e-04 7.0811745993e-06 2.0651109090e+01
2.2978671217e-04 9.4279229047e-06 2.0225105855e+01
2.2928613804e-04 6.8812095584e-06 2.0598338661e+01
2.2582465804e-04 9.2106805074e-06 2.0212252448e+01
2.2540850005e-04 6.6818099418e-06 2.0555140101e+01
1.9218749401e-04 6.6964423409e-05 1.7007120750e+01
-1.9559901210e-04 6.2986245723e-05 3.8652586523e+01
2.2187649233e-04 8.9973578901e-06 2.0197258118e+01
2.2139794247e-04 6.5614600404e-06 2.0509174992e+01
2.1791042556e-04 8.8017591268e-06 2.0187097202e+01
2.1734039070e-04 6.4411694988e-06 2.0471312499e+01
-2.0655382742e-04 7.6618813561e-05 3.6934287646e+01
2.0349940626e-04 6.6387884293e-05 1.6983401274e+01
7.2003290028e-06 9.1868405857e-05 3.5824181857e+01
2.1336704350e-04 6.2945976849e-06 2.0458702922e+01
2.0997266631e-04 8.4277738191e-06 2.0208717536e+01
2.0940065874e-04 6.1540342951e-06 2.0459652260e+01
-3.0314221756e-04 7.2124417762e-06 1.7046557390e+01
3.4238875174e-04 1.1160078396e-05 1.4920985803e+01
2.7115986496e-04 5.3247363641e-05 1.5740429576e+01
2.0543772941e-04 6.0182069582e-06 2.0481121988e+01
2.0206307490e-04 8.0682367369e-06 2.0292994981e+01
1.9811616829e-04 7.8947406766e-06 2.0360164411e+01
-2.6208387999e-04 7.1144057484e-05 3.7567198124e+01
-2.6447954361e-04 6.9523634814e-05 3.7454536699e+01
1.5730899469e-06 9.1318706337e-05 3.6420202440e+01
3.4979479119e-04 6.6134038626e-05 1.2623232555e+01
-1.8581156062e-04 6.8194897729e-05 3.8132422780e+01
-9.1920767422e-05 9.1221731846e-05 3.5396547990e+01
1.9417727120e-04 7.7269551933e-06 2.0454147448e+01
1.9021615725e-04 7.5767087224e-06 2.0559767632e+01
1.8959819862e-04 5.5285311042e-06 2.0720180539e+01
-2.1175568352e-04 6.0443137204e-05 3.8484710213e+01
2.3313318130e-04 1.0250560685e-04 1.4872326524e+01
2.2915183613e-04 1.0149503286e-04 1.4955880337e+01
-2.2621307353e-04 7.1008140776e-05 3.7256069943e+01
1.8624308081e-04 7.4341539404e-06 2.0686092097e+01
1.8227389563e-04 7.2994815466e-06 2.0827542453e+01
1.8164078558e-04 5.3307919393e-06 2.0951795667e+01
2.7923960950e-04 1.7648877308e-05 1.7643327640e+01
-1.4814280305e-04 7.3717984344e-05 3.7742569678e+01
1.7831364279e-04 7.1671109133e-06 2.0985605523e+01
1.7767014358e-04 5.2395982308e-06 2.1098737741e+01
1.7435022444e-04 7.0450837985e-06 2.1152785529e+01
1.7374824396e-04 5.1314117661e-06 2.1215020767e+01
1.7039354221e-04 6.9286280532e-06 2.1325851055e+01
1.6986428994e-04 5.0294168144e-06 2.1366109099e+01
-2.2312969524e-04 2.7001002295e-05 4.1443187824e+01
-3.0747270060e-04 4.1185376570e-05 1.7135081022e+01
-1.7389406615e-04 3.1086540318e-05 4.5152692171e+01
1.6644528818e-04 6.8207872224e-06 2.1499691009e+01
1.6585286138e-04 4.9866670483e-06 2.1500682659e+01
1.6247664207e-04 6.7313853537e-06 2.1668852835e+01
1.6179962729e-04 4.9456666301e-06 2.1633241043e+01
1.5849904576e-04 6.6521874177e-06 2.1832651608e+01
1.5780961757e-04 4.8988306719e-06 2.1767503653e+01
1.5452940005e-04 6.5823311736e-06 2.1985527666e+01
1.5383824192e-04 4.8527646460e-06 2.1885569798e+01
2.8664333956e-04 7.4015414033e-05 1.4712041425e+01
2.9062216746e-04 7.4742235987e-05 1.4596170640e+01
-1.5052734806e-04 8.5722986723e-05 3.5947924390e+01
-1.4576707413e-04 8.7437570563e-05 3.5720163039e+01
-1.4104062154e-04 8.9168204142e-05 3.5489637538e+01
2.9119217626e-04 7.8531799506e-05 1.4462055224e+01
1.5057426904e-04 6.5172098601e-06 2.2114929597e+01
1.4987293197e-04 4.8143521282e-06 2.2002807500e+01
1.4662332948e-04 6.4622611444e-06 2.2226386806e+01
1.4596068170e-04 4.7610150159e-06 2.2075489301e+01
1.4268375187e-04 6.4141762615e-06 2.2314615764e+01
1.4208968717e-04 4.7141743460e-06 2.2135940409e+01
3.7413193324e-04 1.6361349833e-05 9.9673805489e+00
3.7746330425e-04 1.2430346171e-05 8.6275683183e+00
1.7735663796e-04 1.1154837502e-04 1.5944681388e+01
3.7368737839e-04 1.2222303511e-05 9.0412845302e+00
1.3810424224e-04 4.7194750824e-06 2.2155947054e+01
1.3483336185e-04 6.3437364625e-06 2.2425053322e+01
1.3408283115e-04 4.7274437155e-06 2.2181725819e+01
-3.0310101709e-04 3.8511817151e-05 1.7130167307e+01
2.9488577017e-04 5.3590887689e-05 1.5184600796e+01
1.3089956011e-04 6.3247494552e-06 2.2452179151e+01
1.3012524037e-04 4.7312849539e-06 2.2264926573e+01
1.2619669908e-04 4.7285758731e-06 2.2353660606e+01
1.2307924509e-04 6.3015959511e-06 2.2474565160e+01
1.2227433785e-04 4.7294426977e-06 2.2319585728e+01
1.1835985533e-04 4.7302035564e-06 2.2390916769e+01
1.1530037479e-04 6.2988896655e-06 2.2648989064e+01
1.1445106600e-04 4.7297670068e-06 2.2543983040e+01
1.1142488743e-04 6.2997640308e-06 2.2615049031e+01
1.1054729766e-04 4.7287118580e-06 2.2683722056e+01
2.1474580472e-04 4.6333033609e-05 1.7154987360e+01
1.0664782539e-04 4.7262761025e-06 2.2878216761e+01
1.0369248300e-04 6.2957157194e-06 2.2999316255e+01
1.0275107443e-04 4.7230746560e-06 2.3146074185e+01
9.9832242058e-05 6.2910020677e-06 2.3255466437e+01
9.8856261006e-05 4.7184833906e-06 2.3492327745e+01
9.4961913762e-05 4.7131468315e-06 2.3922925593e+01
9.2115159211e-05 6.2764167388e-06 2.4071239386e+01
9.1067470912e-05 4.7065608729e-06 2.4441834386e+01
8.8255689527e-05 6.2669660725e-06 2.4619295054e+01
8.7171863351e-05 4.6994382350e-06 2.5046225969e+01
2.6435820715e-04 1.0623504990e-04 1.4222703600e+01
2.6831190525e-04 1.0711618563e-04 1.4105475734e+01
8.3274876092e-05 4.6913008123e-06 2.5730402470e+01
8.0530665902e-05 6.2448854689e-06 2.5969762384e+01
7.9374919518e-05 4.6846112694e-06 2.6487648931e+01
7.6663949942e-05 6.2329187039e-06 2.6755393804e+01
7.5473631335e-05 4.6757120239e-06 2.7310578156e+01
7.1570009872e-05 4.6661112385e-06 2.8191306626e+01
6.8921181673e-05 6.2067211138e-06 2.8506354905e+01
6.7663985480e-05 4.6560825767e-06 2.9121884638e+01
6.3755299554e-05 4.6458138976e-06 3.0094472626e+01
-4.4272333663e-05 8.9107228844e-05 3.6914817510e+01
5.9843958639e-05 4.6353746375e-06 3.1101271186e+01
5.7281389614e-05 6.1646693719e-06 3.1460393747e+01
5.5929966219e-05 4.6248329668e-06 3.2134571549e+01
5.2013138317e-05 4.6143053212e-06 3.3186835741e+01
4.8131910984e-05 4.5824647604e-06 3.4244682447e+01
4.5616823086e-05 6.1183506002e-06 3.4619265126e+01
4.4280937075e-05 4.5543801054e-06 3.5297138005e+01
-5.0066264421e-05 8.9025311606e-05 3.6758344524e+01
4.0333110575e-05 4.5617125295e-06 3.6365872646e+01
3.7831033150e-05 6.0893367589e-06 3.6739434982e+01
3.6338991965e-05 4.5684354001e-06 3.7437546671e+01
3.3916648131e-05 6.0790258639e-06 3.7788115575e+01
3.2397256948e-05 4.5618006247e-06 3.8481854458e+01
2.8463304677e-05 4.5530073875e-06 3.9503314917e+01
-5.5866003802e-05 8.8974723201e-05 3.6595723074e+01
2.6097192928e-05 6.0545133036e-06 3.9821963608e+01
2.4530054948e-05 4.5435358402e-06 4.0498426513e+01
2.0595715214e-05 4.5348217356e-06 4.1462943350e+01
1.6659612322e-05 4.5261238673e-06 4.2393345357e+01
1.4357748942e-05 6.0190074038e-06 4.2650289832e+01
1.2721894024e-05 4.5179044426e-06 4.3286284443e+01
-6.1669186951e-05 8.8953242563e-05 3.6433158283e+01
8.7827760239e-06 4.5099075038e-06 4.4139160618e+01
4.8423225383e-06 4.5024462265e-06 4.4949882784e+01
2.6007382686e-06 5.9881190315e-06 4.5132350545e+01
9.0072341219e-07 4.4952314397e-06 4.5717037610e+01
-3.0419583065e-06 4.4885618498e-06 4.6439638446e+01
-5.2449577899e-06 5.9702630576e-06 4.6569575408e+01
-6.9855498662e-06 4.4821405015e-06 4.7117284399e+01
-1.0929990797e-05 4.4762583632e-06 4.7749913424e+01
-1.4875276269e-05 4.4699429380e-06 4.8338074045e+01
-6.7473459361e-05 8.8959037795e-05 3.6275302822e+01
-1.7022186450e-05 5.9474621517e-06 4.8390006477e+01
-1.8820951182e-05 4.4652800093e-06 4.8882052763e+01
-2.2767210444e-05 4.4606302578e-06 4.9383158154e+01
-2.6714097171e-05 4.4561422333e-06 4.9842556893e+01
-7.3274395597e-05 8.8990814739e-05 3.6125547687e+01
-7.6179898453e-05 8.9015168935e-05 3.6054468055e+01
-2.8807353365e-05 5.9293739100e-06 4.9822265557e+01
-3.0661254707e-05 4.4520403676e-06 5.0261579927e+01
-3.4608525241e-05 4.4471813154e-06 5.0641938229e+01
-3.6664529387e-05 5.9194338340e-06 5.0577631176e+01
-3.8555982343e-05 4.4444346610e-06 5.0984791160e+01
-4.2503683820e-05 4.4414498713e-06 5.1292263841e+01
-4.6451718221e-05 4.4384602706e-06 5.1566037376e+01
-4.8454126673e-05 5.9079307186e-06 5.1444154329e+01
-5.0399426244e-05 4.4358765532e-06 5.1807780537e+01
-5.4347431212e-05 4.4333634067e-06 5.2019322991e+01
-5.8295055695e-05 4.4312626637e-06 5.2202307320e+01
-1.3533313876e-04 7.7017791214e-05 3.7313844540e+01
2.3710979565e-04 1.0349907219e-04 1.4788767054e+01
-6.0245020764e-05 5.8992981229e-06 5.2032427137e+01
-6.2242909982e-05 4.4292006841e-06 5.2358495042e+01
-6.6190296131e-05 4.4275334557e-06 5.2489429925e+01
-1.3927175697e-04 7.3322652276e-05 3.7908084677e+01
-6.8104055174e-05 5.8950044729e-06 5.2292622194e+01
-7.0137814796e-05 4.4258560615e-06 5.2596760889e+01
-7.4085048426e-05 4.4245345724e-06 5.2681876329e+01
-7.8032024282e-05 4.4232505675e-06 5.2746293980e+01
-7.9891326369e-05 5.8905858513e-06 5.2516008448e+01
-8.1978722052e-05 4.4222796772e-06 5.2791192181e+01
-8.5925147138e-05 4.4213170603e-06 5.2817958528e+01
-8.9871252125e-05 4.4206468000e-06 5.2827576739e+01
-9.1675239194e-05 5.8881934693e-06 5.2571198701e+01
-9.3817044910e-05 4.4199678762e-06 5.2821244261e+01
-1.0795025352e-04 8.9678191964e-05 3.5477237998e+01
-3.1333646922e-04 2.3638384225e-05 1.7044306710e+01
-1.0220581332e-04 8.9505859561e-05 3.5553413931e+01
1.4408946740e-04 1.0966270430e-04 1.7005367201e+01
-3.4724597847e-04 8.5613381242e-06 1.7552289139e+01
-3.4350932629e-04 8.1129690217e-06 1.7829198162e+01
-3.3828935608e-04 1.0485429448e-05 1.6903185703e+01
-3.3982743314e-04 7.6811241216e-06 1.7726736147e+01
-3.3474175794e-04 9.9698994991e-06 1.6922233805e+01
-3.3618228514e-04 7.2819839128e-06 1.7545578198e+01
-9.6444954073e-05 8.9356557641e-05 3.5642129905e+01
7.7756141033e-05 1.1077298675e-04 2.2207722566e+01
4.7375497656e-05 1.0571816024e-04 2.7541913027e+01
-1.0556063758e-04 7.6062609220e-05 3.7871790469e+01
-1.0255240624e-04 7.5995492780e-05 3.7935330780e+01
-1.0856367438e-04 7.6134809766e-05 3.7809499846e+01
1.4572860841e-04 1.3228846759e-04 1.7006576523e+01
1.4557962819e-04 1.2845581509e-04 1.7005365967e+01
1.8045294046e-04 6.4258442330e-05 1.7005251601e+01
1.7719435871e-04 6.6648993154e-05 1.7011358267e+01
1.7661485530e-04 6.3440158295e-05 1.7001942897e+01
1.7336592845e-04 6.5789904628e-05 1.7000099737e+01
1.7280939672e-04 6.2657621170e-05 1.7060398918e+01
1.6957304614e-04 6.4969167847e-05 1.7004478166e+01
1.6902723998e-04 6.1889860379e-05 1.7143191389e+01
1.6580835968e-04 6.4176068834e-05 1.7144565788e+01
1.6634724225e-04 6.7279419817e-05 1.6992962834e+01
1.6260085956e-04 6.6452735611e-05 1.7129778757e+01
1.6204366772e-04 6.3376947392e-05 1.7437681617e+01
1.5885598914e-04 6.5626544468e-05 1.7441699863e+01
1.5827486206e-04 6.2574555774e-05 1.7798300575e+01
1.5510510778e-04 6.4795398683e-05 1.7860955131e+01
1.5450163141e-04 6.1769696362e-05 1.8253006682e+01
1.5134777914e-04 6.3962410992e-05 1.8374254778e+01
1.5072214351e-04 6.0965550489e-05 1.8794921034e+01
1.4758176434e-04 6.3130112180e-05 1.8984182553e+01
1.4693578033e-04 6.0165417225e-05 1.9416480695e+01
1.5009602163e-04 5.8016102805e-05 1.9191412780e+01
1.4380700564e-04 6.2302651924e-05 1.9677661914e+01
1.4314190095e-04 5.9370848535e-05 2.0121274977e+01
1.4002275912e-04 6.1482458630e-05 2.0455144624e+01
1.3933817885e-04 5.8586867996e-05 2.0903014598e+01
1.3622749723e-04 6.0671632175e-05 2.1307671040e+01
1.3552503879e-04 5.7813104075e-05 2.1739240914e+01
1.3242137710e-04 5.9872800147e-05 2.2261383092e+01
1.3170158605e-04 5.7052414620e-05 2.2684919574e+01
1.2860302927e-04 5.9088616497e-05 2.3022528439e+01
1.2787478328e-04 5.6306818076e-05 2.2984037427e+01
1.2480845114e-04 5.8322948678e-05 2.2914022232e+01
1.2408747288e-04 5.5582727907e-05 2.2940028376e+01
1.2105707984e-04 5.7579459892e-05 2.2931206858e+01
1.2034053742e-04 5.4879642352e-05 2.2923366676e+01
1.2338327554e-04 5.2889244203e-05 2.2940501345e+01
1.1734602703e-04 5.6858284865e-05 2.2918308299e+01
1.1663322004e-04 5.4197197699e-05 2.2915683345e+01
1.1367452866e-04 5.6159591331e-05 2.2906941507e+01
1.1296325222e-04 5.3538172373e-05 2.2904563979e+01
1.0933048507e-04 5.2900590127e-05 2.2894202140e+01
1.0644366328e-04 5.4830269787e-05 2.2885132425e+01
1.0288214697e-04 5.4200132151e-05 2.2874397352e+01
1.0217173152e-04 5.1692342892e-05 2.2873395314e+01
9.9355576489e-05 5.3592657910e-05 2.2863810173e+01
9.8643422391e-05 5.1121924541e-05 2.2863275858e+01
9.5862670111e-05 5.3008782407e-05 2.2853531615e+01
9.5147730498e-05 5.0574148710e-05 2.2853156053e+01
9.1683710384e-05 5.0048194048e-05 2.2843564211e+01
9.7945103988e-05 4.8691494287e-05 2.2861852072e+01
8.8971555234e-05 5.1910161913e-05 2.2834465613e+01
8.5571337934e-05 5.1395638467e-05 2.2825716752e+01
8.4844712797e-05 4.9066269344e-05 2.2825868668e+01
8.2199232418e-05 5.0904179145e-05 2.2817695520e+01
8.1468360871e-05 4.8607897410e-05 2.2817938960e+01
8.7540915023e-05 4.7221096061e-05 2.2833458653e+01
7.8855770595e-05 5.0435201621e-05 2.2810371419e+01
7.8118659822e-05 4.8173133638e-05 2.2810791731e+01
7.4795176823e-05 4.7759976157e-05 2.2804288831e+01
7.1496917727e-05 4.7367976776e-05 2.2798630269e+01
7.7394902747e-05 4.5948514511e-05 2.2809682814e+01
6.8222261929e-05 4.6998938818e-05 2.2793901158e+01
6.5733577986e-05 4.8784951351e-05 2.2789962671e+01
6.2510532996e-05 4.8427548274e-05 2.2787776982e+01
6.1741392771e-05 4.6323319781e-05 2.2786692648e+01
6.7479878809e-05 4.4870262868e-05 2.2791219685e+01
5.9309888954e-05 4.8091180501e-05 2.2786961468e+01
5.6128968778e-05 4.7776236060e-05 2.2790790019e+01
5.2966622080e-05 4.7482224106e-05 2.2789340517e+01
5.2175043445e-05 4.5466828868e-05 2.2788701009e+01
5.7769460315e-05 4.3980456606e-05 2.2772664880e+01
4.9023718706e-05 4.5222205263e-05 2.2658867793e+01
4.5890370389e-05 4.4996821306e-05 2.3117573513e+01
4.2744323467e-05 4.4781290197e-05 2.4664629826e+01
4.8238693766e-05 4.3270369829e-05 2.2973378478e+01
3.9571862925e-05 4.4575445924e-05 2.5978624922e+01
3.6375683745e-05 4.4377755484e-05 2.7321490712e+01
3.8676373604e-05 4.2679063012e-05 2.6935277281e+01
3.4115563007e-05 4.6076716150e-05 2.7739304712e+01
3.0912107121e-05 4.5880810839e-05 2.9058708070e+01
2.7687911168e-05 4.5694594968e-05 3.0333106958e+01
2.4444341295e-05 4.5517905182e-05 3.1556107481e+01
2.3381049192e-05 4.3673777388e-05 3.2319437591e+01
2.1181841305e-05 4.5350781435e-05 3.2722601212e+01
1.7904296347e-05 4.5192981475e-05 3.3828309906e+01
1.6776206801e-05 4.3374492302e-05 3.4518114964e+01
1.4610619438e-05 4.5044545953e-05 3.4871871666e+01
1.3451284078e-05 4.3237829197e-05 3.5528884709e+01
1.1301531335e-05 4.4905350709e-05 3.5852376020e+01
7.9810043330e-06 4.4774867323e-05 3.6769011749e+01
4.6476102443e-06 4.4653313445e-05 3.7623089226e+01
3.3992858181e-06 4.2877995456e-05 3.8196818641e+01
5.5305877506e-06 4.1221027854e-05 3.7962891932e+01
2.6233637543e-08 4.2773615998e-05 3.8966424384e+01
-2.0519609192e-06 4.4435183595e-05 3.9148575748e+01
-3.3564051550e-06 4.2677714742e-05 3.9678183316e+01
-5.4161932731e-06 4.4338198222e-05 3.9823673531e+01
-6.7478542706e-06 4.2588825230e-05 4.0334187431e+01
-8.7889519145e-06 4.4248788355e-05 4.0443316260e+01
-1.0147307511e-05 4.2506953567e-05 4.0936525260e+01
-1.3553996194e-05 4.2431832779e-05 4.1487493569e+01
-1.6967310255e-05 4.2362757048e-05 4.1989615414e+01
-2.0386519671e-05 4.2300745054e-05 4.2445162943e+01
-2.2350095079e-05 4.3960910756e-05 4.2417842891e+01
-2.3810700800e-05 4.2244268934e-05 4.2856839210e+01
-2.5754252201e-05 4.3904830420e-05 4.2798578474e+01
-2.7239612330e-05 4.2193394827e-05 4.3227163408e+01
-3.0672639204e-05 4.2147854030e-05 4.3558617160e+01
-3.4109237746e-05 4.2107406345e-05 4.3853663356e+01
-3.7548893439e-05 4.2071764753e-05 4.4114673309e+01
-3.9410326100e-05 4.3735309174e-05 4.3947768955e+01
-4.0991142899e-05 4.2040705131e-05 4.4343970393e+01
-4.2831530768e-05 4.3705242908e-05 4.4153770898e+01
-4.4435532432e-05 4.2013961046e-05 4.4543760124e+01
-4.7881648247e-05 4.1991331915e-05 4.4716181803e+01
-5.1329074911e-05 4.1971891649e-05 4.4863371734e+01
-5.4776488403e-05 4.1956583554e-05 4.4987025929e+01
-5.6471739734e-05 4.0284676011e-05 4.5361967846e+01
-5.8225447482e-05 4.1944976367e-05 4.5089062419e+01
-5.9943083059e-05 4.0275052749e-05 4.5459557352e+01
-6.1676043059e-05 4.1936987249e-05 4.5171162394e+01
-6.5124079744e-05 4.1931682549e-05 4.5235000187e+01
-6.8572585969e-05 4.1929562812e-05 4.5282026076e+01
-7.2021863866e-05 4.1930624609e-05 4.5313602440e+01
-7.3825776745e-05 4.0265532410e-05 4.5669666355e+01
-6.8658463046e-05 3.8607085285e-05 4.5959290390e+01
-7.5467657526e-05 4.1933843920e-05 4.5331183916e+01
-7.7293995261e-05 4.0270182197e-05 4.5684098771e+01
-7.8913015642e-05 4.1939997288e-05 4.5335826598e+01
-8.2358294763e-05 4.1949003903e-05 4.5328625390e+01
-7.9131977605e-05 3.8615075255e-05 4.6035375581e+01
-8.5799169176e-05 4.1959805270e-05 4.5310823370e+01
-8.7689379577e-05 4.0297538222e-05 4.5655517676e+01
-8.9238768070e-05 4.1973291331e-05 4.5283152296e+01
-9.1150230489e-05 4.0311192090e-05 4.5625284685e+01
-9.2677475226e-05 4.1989434896e-05 4.5246445973e+01
-9.6112138914e-05 4.2006820412e-05 4.5201810247e+01
3.4570453271e-04 3.0120137197e-05 1.3905931970e+01
-9.7762471077e-05 4.4195665268e-06 5.2799762503e+01
-9.9528999365e-05 5.8875300072e-06 5.2529414655e+01
-1.0170754706e-04 4.4191435127e-06 5.2764133322e+01
1.0785545078e-04 1.2710811303e-04 1.7431320595e+01
3.4291833229e-04 3.7490802205e-05 1.3920835123e+01
3.3957137950e-04 4.0953426645e-05 1.4015934484e+01
4.2150473114e-05 1.0422592816e-04 2.9423996542e+01
3.9521238166e-05 1.0354409443e-04 3.0280176442e+01
3.0198331342e-04 2.9567476444e-05 1.5920902161e+01
4.0904788195e-05 7.6473994875e-05 2.2714254891e+01
-1.0565221230e-04 4.4189867047e-06 5.2714972086e+01
-1.0959649139e-04 4.4187984557e-06 5.2653086659e+01
-1.1130578340e-04 5.8877699477e-06 5.2366034811e+01
3.5024084225e-04 1.1553504540e-05 1.3424124683e+01
1.2939375952e-04 1.0047573572e-04 1.7103563927e+01
3.0363120832e-04 1.9218607787e-05 1.6604544908e+01
-6.1672105250e-05 3.8614428991e-05 4.5829401851e+01
-2.6727539628e-04 3.0022494614e-05 2.8710200522e+01
-5.4685127556e-05 3.8633138716e-05 4.5622707386e+01
-4.2583237527e-05 4.0356754226e-05 4.4740994714e+01
-2.5839460644e-04 3.0970970150e-05 3.2741451442e+01
-2.8736321781e-05 4.0493809633e-05 4.3656824449e+01
-1.1354031677e-04 4.4188686103e-06 5.2578899293e+01
-1.1748372067e-04 4.4189000534e-06 5.2493033652e+01
-2.5250615229e-04 2.8441903683e-05 3.4758395063e+01
-2.2691683528e-04 4.7764121026e-05 3.8804586171e+01
-2.1128331589e-04 1.5215710259e-05 4.4781556135e+01
-7.0940794595e-05 7.0016056112e-05 3.9685830722e+01
-6.5924072861e-05 9.4851319883e-05 3.5310905727e+01
-6.0232518861e-05 9.4851576110e-05 3.5474897974e+01
2.2305539655e-05 4.1849574223e-05 3.3067824669e+01
-5.4543705634e-05 9.4880646597e-05 3.5653449657e+01
-4.8859910218e-05 9.4940356066e-05 3.5843724632e+01
2.8910741089e-05 4.2157197059e-05 3.0729725056e+01
-4.3183400821e-05 9.5032910608e-05 3.6041530796e+01
-3.7516441110e-05 9.5160933787e-05 3.6241003065e+01
-3.1861294283e-05 9.5327508014e-05 3.6434241583e+01
-3.7083815026e-04 1.6596538636e-05 1.1255085028e+01
-2.6220228351e-05 9.5536221370e-05 3.6610905004e+01
7.6253796444e-05 8.4788271139e-05 2.2666348536e+01
7.6828949365e-05 8.7429513768e-05 2.2642634135e+01
7.9336147252e-05 8.5704741857e-05 2.2673072615e+01
7.9894536964e-05 8.8388905685e-05 2.2649608145e+01
8.2448598931e-05 8.6659413134e-05 2.2683511627e+01
8.2990960337e-05 8.9388378879e-05 2.2660458469e+01
8.5594028609e-05 8.7652009881e-05 2.2696268434e+01
8.6120752021e-05 9.0427996495e-05 2.2675076647e+01
8.8773392810e-05 8.8686086263e-05 2.2713507586e+01
8.9285983278e-05 9.1509211202e-05 2.2694051416e+01
9.1996685967e-05 8.9761956833e-05 2.2732909419e+01
-3.8427968609e-06 9.6884967881e-05 3.6835495478e+01
1.6930512745e-06 9.7379734215e-05 3.6660634401e+01
-1.2142662762e-04 4.4191846282e-06 5.2395711760e+01
-1.2307711701e-04 5.8900418198e-06 5.2096092949e+01
-1.2536905189e-04 4.4195378244e-06 5.2287346233e+01
-1.6121015345e-04 2.7650488939e-05 4.6469202528e+01
-1.2986606133e-04 5.6295445846e-05 4.1405920881e+01
-1.5049709770e-04 2.7562895383e-05 4.6943619586e+01
1.0503849770e-04 4.9782059728e-05 2.2882136366e+01
-1.0130385220e-04 7.4083912127e-05 3.8326654429e+01
-9.9544650597e-05 7.5936244601e-05 3.7999366221e+01
1.1226744509e-04 5.0960278614e-05 2.2902151298e+01
2.0021848762e-04 4.9949393801e-05 1.7124507873e+01
1.9960358205e-04 4.6970482532e-05 1.7237933426e+01
2.0290654569e-04 4.4606469962e-05 1.7278872338e+01
1.9897816439e-04 4.4017226983e-05 1.7352123458e+01
1.9568899689e-04 4.6358704266e-05 1.7290741642e+01
1.9505892920e-04 4.3424399684e-05 1.7433829321e+01
1.9178253065e-04 4.5745216416e-05 1.7390926120e+01
1.9114825445e-04 4.2830585085e-05 1.7543361419e+01
1.8788406974e-04 4.5130460428e-05 1.7507475819e+01
1.8724468453e-04 4.2236538411e-05 1.7686484852e+01
1.8399214216e-04 4.4515186260e-05 1.7661339097e+01
1.8334741191e-04 4.1643861485e-05 1.7857041814e+01
1.8010425097e-04 4.3904008874e-05 1.7849639181e+01
1.7945572025e-04 4.1054384393e-05 1.8058576225e+01
1.7622413937e-04 4.3290082782e-05 1.8076360343e+01
1.7556851604e-04 4.0469155572e-05 1.8304107211e+01
1.7234651495e-04 4.2682549971e-05 1.8349409568e+01
1.7168412768e-04 3.9889453053e-05 1.8595770981e+01
1.6846917460e-04 4.2083823135e-05 1.8671184131e+01
1.6780090375e-04 3.9316622563e-05 1.8933442213e+01
1.6459521765e-04 4.1486280716e-05 1.9040719211e+01
1.6391781183e-04 3.8751555525e-05 1.9317299098e+01
1.6071946899e-04 4.0898721710e-05 1.9460540623e+01
1.6003362317e-04 3.8195435809e-05 1.9747390585e+01
6.5306189580e-05 1.1252438612e-04 2.2074466297e+01
6.2753125173e-05 1.1139743062e-04 2.2012868329e+01
1.5684178587e-04 4.0320607029e-05 1.9930575612e+01
1.5614728236e-04 3.7649429911e-05 2.0225496819e+01
1.5296121991e-04 3.9752888686e-05 2.0451708856e+01
1.5225787367e-04 3.7114606124e-05 2.0751686168e+01
1.3098891872e-04 5.4279733999e-05 2.3010602878e+01
1.4907693105e-04 3.9196674170e-05 2.1021076118e+01
1.4836462745e-04 3.6592000834e-05 2.1324875907e+01
1.4518818043e-04 3.8653091423e-05 2.1643363038e+01
1.4446691888e-04 3.6082639307e-05 2.1936123473e+01
1.4056433218e-04 3.5587548684e-05 2.2650230693e+01
1.3665777617e-04 3.5107471086e-05 2.3020947069e+01
1.3350715525e-04 3.7109448972e-05 2.2915773518e+01
1.3277900471e-04 3.4644589363e-05 2.2926899859e+01
1.4055495639e-04 8.2099038066e-05 1.7217439700e+01
1.2965602644e-04 3.6628053585e-05 2.2942421702e+01
1.2893407447e-04 3.4198932947e-05 2.2927767241e+01
1.2583846099e-04 3.6164639376e-05 2.2925863344e+01
1.2512180017e-04 3.3771282914e-05 2.2922062951e+01
1.2205397552e-04 3.5719570124e-05 2.2917807033e+01
1.2134157096e-04 3.3362066247e-05 2.2913187141e+01
1.1759279868e-04 3.2971714191e-05 2.2904451756e+01
1.1458162089e-04 3.4886017698e-05 2.2900024749e+01
1.1387490117e-04 3.2600587954e-05 2.2895502021e+01
1.1089249260e-04 3.4498221840e-05 2.2891198976e+01
1.3865853958e-04 5.5739770990e-05 2.1320685234e+01
1.0723392141e-04 3.4130130973e-05 2.2881612818e+01
1.0360523413e-04 3.3781931944e-05 2.2872931323e+01
1.0000581428e-04 3.3453738854e-05 2.2863463178e+01
9.9299977343e-05 3.1312914355e-05 2.2859946049e+01
9.6434950715e-05 3.3145532343e-05 2.2854919243e+01
9.5727201732e-05 3.1040344083e-05 2.2851485081e+01
9.2890596858e-05 3.2859678868e-05 2.2847091546e+01
9.2181404422e-05 3.0787184747e-05 2.2843748133e+01
-1.2931097419e-04 4.4199608262e-06 5.2168034732e+01
-1.3092157659e-04 5.8912038864e-06 5.1861992620e+01
-1.3325297631e-04 4.4180488114e-06 5.2038282652e+01
-1.3719335455e-04 4.4205401199e-06 5.1897011564e+01
8.9375821055e-05 3.2589019452e-05 2.2838307216e+01
8.8661896309e-05 3.0552892821e-05 2.2836931666e+01
8.5886473104e-05 3.2339355120e-05 2.2831855066e+01
8.5167918281e-05 3.0336964354e-05 2.2830895141e+01
8.1698588121e-05 3.0138897929e-05 2.2826109684e+01
7.8983056915e-05 3.1897113041e-05 2.2819620192e+01
7.8253126794e-05 2.9957842734e-05 2.2824048286e+01
7.4830710646e-05 2.9792993249e-05 2.2818334201e+01
7.1430396119e-05 2.9643646314e-05 2.2834382897e+01
6.8804907996e-05 3.1363789331e-05 2.2826225506e+01
6.5455904984e-05 3.1217473285e-05 2.2748126679e+01
6.2126166134e-05 3.1088230724e-05 2.3067030949e+01
5.8792098325e-05 3.0961051270e-05 2.4151352566e+01
5.5435903887e-05 3.0837687273e-05 2.5146439339e+01
5.2058534681e-05 3.0719367153e-05 2.6230817890e+01
4.8663895392e-05 3.0599834010e-05 2.7330578928e+01
4.7693057613e-05 2.8834001272e-05 2.8193332712e+01
4.5250366836e-05 3.0484898994e-05 2.8453565718e+01
4.1819451603e-05 3.0373486022e-05 2.9586235965e+01
3.8372116082e-05 3.0265638193e-05 3.0720589845e+01
3.7284742892e-05 2.8531970314e-05 3.1543537687e+01
3.4909250921e-05 3.0161532535e-05 3.1847579104e+01
3.3785561621e-05 2.8437796250e-05 3.2652266667e+01
3.1431718384e-05 3.0061375662e-05 3.2959154773e+01
3.0272852764e-05 2.8347210789e-05 3.3743758355e+01
2.7939632597e-05 2.9967500321e-05 3.4047697242e+01
2.3209989908e-05 2.8177527830e-05 3.5848616338e+01
2.0919580538e-05 2.9786262730e-05 3.6132755093e+01
1.9661425443e-05 2.8098561750e-05 3.6850983893e+01
1.7391165393e-05 2.9705438950e-05 3.7118539105e+01
1.6102402206e-05 2.8023774428e-05 3.7814132394e+01
1.3853369143e-05 2.9625251390e-05 3.8062173113e+01
1.2533694917e-05 2.7953076823e-05 3.8734816531e+01
8.9560189466e-06 2.7886471594e-05 3.9610554315e+01
5.3700416541e-06 2.7824025646e-05 4.0439634417e+01
3.1827127289e-06 2.9416813845e-05 4.0613907620e+01
1.7764338067e-06 2.7765679799e-05 4.1221026509e+01
-1.8241629023e-06 2.7711359415e-05 4.1954264480e+01
-5.4311360906e-06 2.7660977141e-05 4.2639430134e+01
-9.0439015454e-06 2.7614429395e-05 4.3277000173e+01
-1.1149235215e-05 2.9200394044e-05 4.3337293645e+01
-1.2661903240e-05 2.7571600063e-05 4.3867855500e+01
-1.6284612826e-05 2.7532361368e-05 4.4413135895e+01
-1.9911529482e-05 2.7496577728e-05 4.4914258879e+01
-2.3542179163e-05 2.7464107401e-05 4.5372795593e+01
-2.5564954288e-05 2.9046892423e-05 4.5322036898e+01
-2.7176113790e-05 2.7434805246e-05 4.5790479609e+01
-3.0812918824e-05 2.7408602903e-05 4.6169123657e+01
-3.4452176132e-05 2.7385192155e-05 4.6510648868e+01
-3.8093515970e-05 2.7364466822e-05 4.6816959373e+01
1.5768782291e-04 5.9566973854e-05 1.8151906477e+01
1.6814158124e-04 1.3408185903e-04 1.5369261094e+01
1.7203795190e-04 1.3551165453e-04 1.5219809031e+01
5.8281895892e-05 8.0055199177e-05 2.2680972342e+01
9.5891363616e-05 1.4869530094e-04 1.8893168724e+01
1.3469678340e-04 1.2706151347e-04 1.7012742104e+01
1.9152282260e-04 6.3546408182e-05 1.7017470201e+01
-2.0687673122e-04 5.0082921394e-05 3.9977358451e+01
1.0189224398e-04 9.3222616355e-05 2.2810231974e+01
1.0528304835e-04 9.4453327797e-05 2.2837204904e+01
-1.4113349721e-04 4.4217244549e-06 5.1744947648e+01
-1.4268245122e-04 5.8949240638e-06 5.1431173677e+01
-1.4507315266e-04 4.4225741865e-06 5.1581800895e+01
2.8202287944e-04 1.2511498472e-04 1.3029359518e+01
2.8545898063e-04 1.2215396391e-04 1.3044930566e+01
2.8498657081e-04 1.1829554756e-04 1.3225470830e+01
2.8888669768e-04 1.1917552762e-04 1.3058257660e+01
1.2284398726e-04 1.0112520530e-04 1.8270851775e+01
1.1936344917e-04 9.9764754209e-05 2.0274269922e+01
-1.6831964207e-04 2.7716459220e-05 4.6112396825e+01
-1.8519783081e-04 1.5067200759e-05 4.7417849322e+01
-1.4901214932e-04 4.4236281209e-06 5.1407021865e+01
-1.5295053274e-04 4.4246421957e-06 5.1220318286e+01
-1.5443567396e-04 5.9001413815e-06 5.0900486686e+01
-1.1376233379e-04 5.6004114928e-05 4.1820207571e+01
-1.5688817784e-04 4.4259253046e-06 5.1020916420e+01
-1.6082510318e-04 4.4273122386e-06 5.0808268478e+01
-1.6225959588e-04 5.9068692665e-06 5.0485003815e+01
-1.6475723865e-04 4.4250255930e-06 5.0582211845e+01
-5.6287184751e-05 2.7291225661e-05 4.7887223356e+01
-2.4715846925e-04 1.4039198574e-05 3.7388305703e+01
2.0411875545e-04 1.5321034841e-04 1.3830433261e+01
2.0779652968e-04 1.5061237138e-04 1.3882506670e+01
-5.6792051009e-05 5.7404036973e-05 4.2125015917e+01
-5.3540898840e-05 5.7423069357e-05 4.2077917256e+01
1.5327678913e-04 1.3562760832e-04 1.6007251201e+01
-2.8789408290e-04 4.5110327569e-05 2.2476971873e+01
-2.8566729063e-04 4.4148222913e-05 2.3112271136e+01
-3.0649701965e-04 2.4532902346e-05 1.7054920270e+01
-3.0369980408e-04 2.3742101643e-05 1.7060545970e+01
-1.8147271813e-04 2.6219191544e-05 4.5654271380e+01
-1.7358525985e-04 5.0303167569e-05 4.1413125281e+01
-1.7673556881e-04 5.0420771670e-05 4.1278577345e+01
-1.7042216733e-04 5.0189723611e-05 4.1544304759e+01
-1.7988966044e-04 5.0546859394e-05 4.1139040639e+01
-1.9412908757e-04 4.7474268926e-05 4.1050370242e+01
-1.9724569014e-04 4.7621586452e-05 4.0865915345e+01
-2.2259356692e-04 2.5264045611e-05 4.1751210851e+01
-2.1916631501e-04 2.5175625184e-05 4.2261435311e+01
-2.1540446459e-04 4.8760285430e-05 3.9614113782e+01
-2.3278520043e-04 2.5573166167e-05 3.9957728441e+01
-2.5676396197e-04 5.0050238913e-05 3.5160463386e+01
-2.5929976919e-04 5.0623725985e-05 3.4821326868e+01
-2.4091867210e-04 5.3732955501e-05 3.7293477249e+01
-2.3825198885e-04 5.3307799290e-05 3.7529343342e+01
-4.0019677720e-05 2.8952065300e-05 4.6668120961e+01
7.5252849112e-05 1.1220517488e-04 2.2111417977e+01
-4.1725782126e-05 2.7349875335e-05 4.7088575840e+01
-2.5089493396e-04 4.5384967815e-06 3.6899025958e+01
2.3066623054e-04 1.4585968546e-04 1.3569144775e+01
2.3423737853e-04 1.4313322723e-04 1.3605786996e+01
-3.3122983445e-04 9.5050996959e-06 1.6951766165e+01
-3.3255875827e-04 6.9258654059e-06 1.7351022271e+01
-3.2769415427e-04 9.0865828978e-06 1.6977343049e+01
-3.2893416220e-04 6.6140304618e-06 1.7203452242e+01
-3.2417732037e-04 8.7011945381e-06 1.6994338701e+01
-3.2531305201e-04 6.3478630121e-06 1.7088537362e+01
-2.4308001093e-04 4.5062130598e-06 3.9544094664e+01
-9.6101262091e-05 5.4024755589e-05 4.2586757566e+01
-9.4239754916e-05 5.5766126712e-05 4.2242901099e+01
-2.8884685963e-04 4.9052561098e-06 1.7047075658e+01
-2.8526246254e-04 6.5341865912e-06 1.6894358855e+01
-2.8517612498e-04 4.8320543127e-06 1.7094488611e+01
-1.7653129587e-04 4.4285129448e-06 4.9807710255e+01
-1.8040433749e-04 4.4180722606e-06 4.9518695480e+01
-3.2506378153e-04 1.4317993000e-05 1.7008005037e+01
-2.6970714011e-04 4.8650734918e-05 3.2219314487e+01
-8.5384986313e-05 1.1752596668e-04 3.2491140007e+01
-8.2720290043e-05 1.1746948475e-04 3.2454172288e+01
-3.1815852907e-04 5.9174883463e-06 1.6989796087e+01
-2.5149240288e-04 5.1221150707e-05 3.6054037191e+01
1.2597606885e-04 1.5674148320e-04 1.7090243181e+01
1.2252501011e-04 1.5468876198e-04 1.7226741082e+01
3.3752701925e-04 8.7600737337e-05 1.2427728038e+01
4.8729237909e-05 1.2882893048e-04 4.9837025818e+01
5.0959886964e-05 1.2971755996e-04 5.1055546011e+01
1.8075476417e-04 1.5703951753e-04 1.4107638052e+01
1.8856711981e-04 1.5588123040e-04 1.4017022786e+01
-1.9758294994e-04 9.4844395433e-05 3.5508098416e+01
3.5340939760e-04 6.6891836162e-05 1.2392790256e+01
-2.0221315946e-04 9.3414344006e-05 3.5658282612e+01
-2.0430355581e-04 9.1558234586e-05 3.5792250164e+01
-1.5063627516e-04 1.0642892518e-04 3.4070532651e+01
3.2764450314e-04 9.7179209891e-05 1.2488753818e+01
-2.8344470833e-04 6.2367891604e-05 3.6494263798e+01
3.7693302256e-04 8.3644424024e-06 7.2967323738e+00
3.6532753006e-04 8.0024943254e-06 9.6525084386e+00
-1.2229184321e-04 1.1262108558e-04 3.3284482477e+01
3.2923765070e-04 7.1381015474e-06 1.6772146279e+01
2.9673542265e-04 6.1830773252e-06 1.7530287611e+01
2.7285108328e-04 5.8680176523e-06 2.0838281171e+01
2.6096230007e-04 5.3979919265e-06 2.1551872012e+01
2.4878650226e-04 5.0687739229e-06 2.1390130816e+01
2.2090899835e-04 4.2495573096e-06 2.0797470840e+01
1.9308933333e-04 3.6330304427e-06 2.0783465557e+01
3.1356818049e-04 1.0560663276e-04 1.2728113993e+01
3.1697522083e-04 1.0254827984e-04 1.2720166794e+01
3.1018974753e-04 1.0868646199e-04 1.2730023434e+01
1.3739706497e-04 3.1376395004e-06 2.2061988994e+01
-8.8054804013e-05 1.1752836242e-04 3.2532766616e+01
3.5379418449e-04 7.1056127111e-05 1.2221981009e+01
-2.4296883248e-04 2.7822203669e-05 3.7512659093e+01
-1.3956117609e-04 2.9473581859e-06 5.2054262169e+01
1.9233937377e-04 1.5337627232e-04 1.4079001409e+01
1.4200977459e-04 1.3057083631e-04 1.6976616200e+01
1.4186792356e-04 1.2675246562e-04 1.6992792301e+01
-3.3105942874e-04 4.0856652735e-05 1.7000009802e+01
-3.2850274104e-04 3.9041245123e-05 1.6983779234e+01
-3.0651207219e-04 3.7162603441e-05 1.7151111013e+01
-2.7819122728e-04 4.3918195772e-05 2.7209064000e+01
-3.0265376451e-04 2.6222308409e-05 1.7063227473e+01
-2.9716866838e-04 2.4685033377e-05 1.7054232417e+01
-2.7908857655e-04 2.7679228686e-05 2.0337015682e+01
-2.7635184153e-04 2.7186692434e-05 2.2522527378e+01
-2.6463376063e-04 2.7627429228e-05 2.9838798505e+01
-2.2989065390e-04 5.0112506111e-05 3.8377192080e+01
-2.4629423670e-04 2.9887480119e-05 3.6558111663e+01
-2.2547839986e-04 2.3627670085e-05 4.1505930885e+01
2.5936424174e-04 9.7753972824e-05 1.4564659883e+01
1.8810983014e-04 1.4838782039e-04 1.4418050488e+01
1.8374516612e-04 1.3957449599e-04 1.4842582255e+01
1.7984142563e-04 1.3825814944e-04 1.4963341097e+01
-1.7599318526e-04 4.8564721900e-05 4.1650896588e+01
-1.8047496792e-04 2.4575800702e-05 4.6028780949e+01
1.4959839977e-04 1.3781137636e-04 1.6121365201e+01
-1.5286616343e-04 2.5963527625e-05 4.7178392568e+01
-1.2782307241e-04 5.8055794440e-05 4.1080171437e+01
-2.3898053438e-04 8.0788578567e-05 3.6966065913e+01
-2.3876796407e-04 7.6005499730e-05 3.7140695777e+01
2.7715545359e-04 1.1652846873e-04 1.3538855812e+01
-1.0318903418e-04 5.0603888011e-05 4.3206910426e+01
9.5120600140e-05 1.1669016027e-04 2.2588790577e+01
8.0735304537e-05 1.1494608161e-04 2.2128213134e+01
1.8374441819e-04 6.1866906781e-05 1.7004818998e+01
6.3108907479e-05 1.1389353094e-04 2.1305325619e+01
7.2044141914e-05 1.3747450289e-04 2.6716710159e+01
-2.5156839404e-05 2.5857799421e-05 4.5851734133e+01
4.5344255080e-05 1.0728525544e-04 2.9435631130e+01
2.5881175594e-04 9.3973374302e-05 1.4675497498e+01
2.6564660141e-04 8.8146270724e-05 1.4713841743e+01
2.6905652273e-04 8.5208172274e-05 1.4734587560e+01
3.0639912051e-04 1.0789766385e-04 1.2911675483e+01
3.0686452173e-04 1.1181520596e-04 1.2723798091e+01
1.8520828708e-04 1.1421742884e-04 1.5496071489e+01
-9.6558143610e-05 3.8673002968e-05 4.5923035178e+01
-1.0003877230e-04 3.8690896287e-05 4.5872937459e+01
-1.0351300934e-04 3.8710218146e-05 4.5815532880e+01
-1.0496625514e-04 4.0385326509e-05 4.5422910218e+01
-1.0841178610e-04 4.0409337742e-05 4.5355036888e+01
-1.1044941783e-04 3.8755098843e-05 4.5680503818e+01
-1.1391179990e-04 3.8780362131e-05 4.5603907179e+01
-1.1736993939e-04 3.8807532845e-05 4.5521793841e+01
-1.2082354150e-04 3.8836667956e-05 4.5434490572e+01
-1.2215158610e-04 4.0525950808e-05 4.5029143927e+01
-1.2427231477e-04 3.8867773812e-05 4.5342275611e+01
-1.2771594306e-04 3.8900928813e-05 4.5245364859e+01
-1.3115233653e-04 3.8936208674e-05 4.5143964682e+01
2.5139064646e-04 9.5960543017e-05 1.4747417423e+01
3.0207611666e-04 1.0317171306e-04 1.3266113895e+01
-2.7391107768e-04 2.4698009924e-05 2.4079348837e+01
2.8940083102e-04 4.5590842046e-05 1.5619986447e+01
5.7067187145e-05 2.7382266189e-05 2.5842565135e+01
3.6568248060e-04 4.4551573818e-05 1.2243557204e+01
3.6912406503e-04 4.5132505812e-05 1.2000525220e+01
-2.8200042374e-04 5.8730938505e-05 3.4564295714e+01
6.7286415971e-05 2.7690600273e-05 2.3012013795e+01
2.7586104482e-04 7.9279474647e-05 1.4778177517e+01
4.2857068507e-05 9.7999768190e-05 2.6039075806e+01
-1.0510738503e-04 1.0981855705e-04 3.3145601603e+01
-1.8784786931e-04 9.5603112601e-05 3.5314335147e+01
7.7516178889e-05 2.8062191637e-05 2.2830039560e+01
-2.6690141296e-04 6.7918169043e-05 3.7295544528e+01
3.6173712912e-04 3.9733029094e-05 1.2568954083e+01
4.2725243700e-05 1.1753878302e-04 3.6436619592e+01
8.7945056990e-05 2.8565300214e-05 2.2838494590e+01
-1.4473074759e-04 5.4848873735e-05 4.1356873490e+01
-1.4262775538e-04 5.1212995492e-05 4.2167994268e+01
-1.4259193690e-04 5.6601009161e-05 4.1049126562e+01
-1.4574341429e-04 5.6686822377e-05 4.0957275637e+01
-1.4790738840e-04 5.4933758350e-05 4.1260277507e+01
-1.4886252251e-04 5.6786433406e-05 4.0862845946e+01
2.2117979530e-04 9.9418753682e-05 1.5132733023e+01
-1.5107991464e-04 7.3863409834e-05 3.7688894623e+01
2.5586896842e-04 1.3012379066e-04 1.3597182424e+01
2.5982181814e-04 1.3107469332e-04 1.3449335093e+01
2.6028145393e-04 1.3488717818e-04 1.3270649364e+01
2.6377170742e-04 1.3201882509e-04 1.3295189846e+01
-2.0389726320e-04 7.6259060974e-05 3.6981378319e+01
-1.6721744999e-04 8.6977551740e-05 3.5849023224e+01
-2.4938368748e-04 4.0075594517e-05 3.5795372404e+01
3.3173327844e-04 4.0104648456e-05 1.4446561468e+01
-2.9646704760e-04 5.5888080463e-05 3.1577141476e+01
-1.7131317848e-04 8.3215970987e-05 3.6285930931e+01
-1.8867604813e-04 7.8675387176e-05 3.6792753927e+01
-2.3854483110e-04 6.8970194077e-05 3.7283214750e+01
-2.3614579784e-04 7.0735485580e-05 3.7245088209e+01
-2.8041103457e-04 2.1423637413e-05 1.8631066010e+01
2.6043277990e-04 7.9790012558e-05 1.5034936887e+01
2.6445155408e-04 8.0624503201e-05 1.4945130224e+01
-8.8157138809e-05 5.2210160218e-05 4.3092923496e+01
2.7571056945e-04 1.0503113457e-04 1.3993372183e+01
9.7163697949e-05 1.4197425005e-04 1.7659869917e+01
-2.0347666898e-04 7.4080908552e-05 3.7199813264e+01
-2.8257670065e-04 5.6233975744e-05 3.3112841144e+01
3.0565491715e-04 4.7930113893e-05 1.5086295175e+01
1.7958707113e-04 1.3445597668e-04 1.5072870773e+01
1.2299074247e-04 1.5113020001e-04 1.7184454193e+01
1.1918101091e-04 1.5265523107e-04 1.7278231799e+01
1.5023832635e-04 1.0165966197e-04 1.7003368962e+01
1.5070089625e-04 1.0528948957e-04 1.7003563679e+01
1.8772545312e-04 8.2820131413e-05 1.6998159361e+01
1.1317546790e-04 1.4517975465e-04 1.7217773440e+01
1.1272451295e-04 1.4865132333e-04 1.7242983158e+01
1.0909118894e-04 1.5006879238e-04 1.7260329519e+01
1.1221938415e-04 1.5206415524e-04 1.7290462317e+01
-2.0385860027e-04 8.9274231294e-05 3.5926328684e+01
-2.0683775700e-04 9.2097893327e-05 3.5797897969e+01
-2.0853534782e-04 8.7854342983e-05 3.6065315390e+01
-2.1106775315e-04 8.8306676678e-05 3.6064031038e+01
-2.1145643217e-04 9.0617566208e-05 3.5940946742e+01
-2.1358224089e-04 8.8778645343e-05 3.6066067733e+01
-2.1321685286e-04 8.6468447166e-05 3.6195355521e+01
-2.1572993521e-04 8.6945821385e-05 3.6191108394e+01
-2.1607858031e-04 8.9270967456e-05 3.6071350716e+01
-2.2039208879e-04 8.5623646981e-05 3.6310141896e+01
-2.2285931646e-04 8.6145311534e-05 3.6306382094e+01
-2.2327301257e-04 8.8801773000e-05 3.6186315196e+01
-2.2531663329e-04 8.6700596984e-05 3.6305294188e+01
-2.2750038295e-04 8.4899443168e-05 3.6418677173e+01
1.1089388289e-04 1.1520387091e-04 2.0317064886e+01
1.0775163684e-04 1.1690124552e-04 2.1928494386e+01
1.0088065618e-04 1.1039458428e-04 2.2776454800e+01
-6.8291759130e-05 5.2139682613e-05 4.3218534874e+01
-1.3638123382e-04 1.0320731950e-04 3.4032403752e+01
7.6763548039e-05 1.0254072052e-04 2.2409024501e+01
-1.5977265440e-04 7.3943669458e-06 5.0372307810e+01
-2.1847833673e-04 3.3906277459e-05 4.1162656330e+01
-1.2306387344e-04 5.0848205300e-05 4.2734592735e+01
4.3436061645e-05 9.1781350196e-05 2.2525722943e+01
-7.3926134782e-05 1.0698674104e-04 3.3326028194e+01
7.3041015802e-05 1.2972089486e-04 1.7498119256e+01
8.5569008246e-05 1.0626674763e-04 2.2466434526e+01
-1.2470333063e-04 7.3716330123e-06 5.1788922102e+01
3.4277117536e-04 6.8768617668e-05 1.2902570990e+01
-2.6460168723e-04 1.2780262404e-05 3.0045314242e+01
-2.6809210659e-04 1.2897404498e-05 2.8041391814e+01
-1.4560446301e-04 9.3523006612e-05 3.5007367789e+01
-1.5863356387e-04 3.4224993004e-05 4.5224961153e+01
-1.6208736827e-04 3.4271097418e-05 4.5070728796e+01
2.7914419159e-04 1.0205685497e-04 1.4005292472e+01
6.3151809363e-05 8.8167996704e-05 2.2601626152e+01
8.3504832876e-05 9.2144481720e-05 2.2634345420e+01
-2.6973492123e-05 7.4168934665e-06 4.9370628188e+01
-9.3811518486e-05 5.9309167592e-05 4.1494684019e+01
1.4764860879e-04 3.4033902849e-05 2.1627866981e+01
-1.5247448284e-05 7.4400551677e-06 4.7885672195e+01
1.3840486042e-04 1.3642667581e-04 1.6989073760e+01
2.5039867320e-04 1.3334137253e-05 1.9965102616e+01
5.0872571255e-05 7.6827119502e-06 3.2859113999e+01
9.2955437443e-05 9.5534199227e-05 2.2701672043e+01
-1.9285579070e-04 5.3041589056e-05 4.0209567221e+01
-1.2707875752e-04 9.4458206277e-05 3.4792276995e+01
-1.2607985047e-04 9.2392643164e-05 3.5045297883e+01
-1.2789823202e-04 9.0474583393e-05 3.5298573915e+01
-1.2326160141e-04 9.2260289858e-05 3.5058989582e+01
-1.6848152588e-04 3.9489354978e-05 4.3729474740e+01
2.8004553052e-04 5.8358048000e-05 1.5365408947e+01
8.1895775201e-05 8.3961923782e-05 2.2701864668e+01
1.2427040940e-04 1.3284829228e-04 1.7061286435e+01
1.9475952475e-04 9.9292396324e-06 2.0215784556e+01
1.0575206437e-04 9.7537541893e-05 2.2838703938e+01
1.0875153174e-04 9.5731712629e-05 2.2879605127e+01
7.5615364961e-05 1.1765177847e-04 2.1825296489e+01
1.3945398863e-04 8.0783081112e-06 2.2556060103e+01
-1.4693458113e-04 2.7536699065e-05 4.7086392697e+01
-2.2490695561e-04 3.4199027448e-05 4.0317982508e+01
-1.7139229326e-04 1.6560250397e-05 4.8089642154e+01
-1.7395116192e-04 1.5018114170e-05 4.8211643778e+01
1.6313368543e-04 6.9583725643e-05 1.6985461282e+01
2.1535917834e-04 4.9363836560e-05 1.7006312218e+01
2.1870699870e-04 4.6895755836e-05 1.7045565547e+01
2.2610319919e-04 8.2704042461e-05 1.5543326564e+01
2.2206084516e-04 8.1686908999e-05 1.5683976325e+01
-2.0758464185e-04 1.5186986410e-05 4.5247162234e+01
-2.4406305735e-04 1.5631500084e-05 3.8203451933e+01
-2.4354841520e-04 1.3973786380e-05 3.8519935831e+01
3.3572010691e-04 1.8337829291e-05 1.5195242881e+01
-2.3699667705e-04 3.1168344090e-05 3.8617192451e+01
-8.1994019420e-05 8.9083490036e-05 3.5920578628e+01
-8.4891494282e-05 8.9125835087e-05 3.5858514813e+01
1.5194663465e-04 6.7006939315e-05 1.7942707613e+01
3.1684374124e-04 2.4079416213e-05 1.5729744051e+01
-1.8131038986e-04 5.4328189981e-05 4.0420857381e+01
-2.9190779268e-04 1.0480709822e-05 1.7032897485e+01
-1.2688990088e-04 8.8430951804e-05 3.5580639331e+01
-2.8177691325e-04 2.8230699242e-05 1.7785284899e+01
-1.3353957684e-04 9.0761515900e-05 3.5269091581e+01
1.7490569399e-04 3.7690270907e-05 1.8541101053e+01
-2.0129798350e-04 6.3485176505e-05 3.8441579455e+01
-2.8280345158e-04 4.5594399264e-05 2.5887201944e+01
-1.2043727098e-04 9.2134588803e-05 3.5075120369e+01
-3.1287045153e-04 1.0006180164e-05 1.7003857094e+01
1.2552673788e-04 6.1111826081e-05 2.2938938453e+01
2.7189941981e-04 5.6926288374e-05 1.5583845740e+01
-2.1782931633e-04 1.3684205405e-05 4.4076336424e+01
-1.3635017409e-04 9.0915404389e-05 3.5257421765e+01
1.8659595792e-04 3.9378491924e-05 1.7872243139e+01
3.3001202205e-04 5.4981646132e-05 1.3999755330e+01
3.2664754187e-04 5.8294335258e-05 1.4022739643e+01
3.3337333462e-04 5.1636680184e-05 1.3968255154e+01
1.7782598556e-04 1.1536370710e-04 1.5706423783e+01
1.0006409467e-04 5.6105640211e-05 2.2864626051e+01
-1.9945243289e-04 7.9943694872e-05 3.6643862681e+01
-1.8521029517e-04 6.6155612369e-05 3.8433044728e+01
2.1412211723e-04 4.3358964470e-05 1.7267727953e+01
8.9689717898e-05 5.4314239437e-05 2.2834221097e+01
4.2988068555e-05 7.4755081928e-05 2.2740999038e+01
7.9589761447e-05 5.2736044309e-05 2.2809551161e+01
6.9732011373e-05 5.1367322358e-05 2.2792172334e+01
3.0228959940e-04 5.1080468561e-05 1.5072792391e+01
6.0086103214e-05 5.0201866487e-05 2.2782801415e+01
-1.9531616490e-04 3.3173993040e-05 4.3425400710e+01
5.0624011136e-05 4.9231637250e-05 2.2783213057e+01
-1.9271884667e-04 6.2756026169e-05 3.8756922843e+01
4.1312445539e-05 4.8445942076e-05 2.3990829769e+01
1.4003310913e-04 1.0460305781e-04 1.6999799886e+01
1.3642863780e-04 1.0319637669e-04 1.7002559523e+01
-1.9641567088e-04 2.8086201889e-05 4.4234410180e+01
2.8261349576e-04 1.4831840022e-05 1.7522470449e+01
-2.0910979115e-05 4.5692898332e-05 4.1981396310e+01
-3.1161239216e-05 3.0612926259e-05 4.5621010699e+01
-2.1896440584e-04 7.4169726027e-05 3.7076237791e+01
-9.4175423347e-05 4.3680046152e-05 4.4861589972e+01
1.4004034397e-04 7.8887770966e-05 1.7964618054e+01
2.9755505709e-04 4.6790567985e-05 1.5354934656e+01
2.9683825530e-04 4.3108696882e-05 1.5512000291e+01
2.5628545212e-05 3.1593318041e-05 3.4353219337e+01
-2.2229961889e-04 5.7495739346e-05 3.8336243594e+01
-2.1978891844e-04 5.9277452213e-05 3.8295031683e+01
2.4740217607e-04 9.5041508024e-05 1.4833162245e+01
3.4343114725e-04 4.1388501430e-05 1.3778639811e+01
3.4008754773e-04 4.4840890186e-05 1.3863981126e+01
5.9590857548e-05 3.2793087324e-05 2.3094897947e+01
6.9551699239e-05 3.3265018609e-05 2.2806305694e+01
7.9709783908e-05 3.3888519278e-05 2.2823670156e+01
9.0089243604e-05 3.4680594503e-05 2.2843237542e+01
1.3813004629e-04 4.0164733591e-05 2.2724268397e+01
1.6528737664e-04 4.4276654575e-05 1.8759530909e+01
2.4054930706e-04 1.0069563507e-04 1.4801585228e+01
1.7689207016e-04 4.6163639730e-05 1.7855696458e+01
-2.2464404385e-04 5.3630850748e-05 3.8518516809e+01
3.5100175791e-04 1.5326514069e-05 1.3362259603e+01
3.1273132311e-04 2.3679100362e-05 1.5881221021e+01
3.0778380984e-04 1.9650147440e-05 1.6266173420e+01
3.0609783231e-04 1.2567291790e-05 1.7093582457e+01
3.0538162692e-04 9.3713008942e-06 1.7149999188e+01
3.0898641418e-04 6.1526331996e-06 1.7249419433e+01
-1.3457591273e-04 3.8973640155e-05 4.5038362258e+01
-3.0765211513e-04 3.5487223367e-06 1.7012826913e+01
1.1865518120e-04 1.5602086795e-04 1.7389630912e+01
-2.6422951868e-04 7.1963834651e-05 3.7811496661e+01
6.7860090381e-05 1.1370658261e-04 2.1898658224e+01
8.9272229144e-05 1.1959227575e-04 2.2333665847e+01
9.8317520563e-05 1.2159945906e-04 2.2623006269e+01
1.0130933481e-04 1.1681323219e-04 2.2696878412e+01
1.1429097722e-04 1.2726254312e-04 1.6989985554e+01
1.1758426362e-04 1.2550451714e-04 1.6995553393e+01
1.2090894511e-04 1.2730798475e-04 1.7037816155e+01
1.9810675652e-04 5.8579797818e-05 1.7015730313e+01
1.6432123169e-04 1.3260818385e-04 1.5547786356e+01
-1.6766298456e-04 1.6547203364e-05 4.8308731801e+01
1.3603960807e-04 9.9735497938e-05 1.7007821843e+01
1.4459868578e-04 8.6454445678e-05 1.7011986419e+01
1.4775901656e-04 8.4240313275e-05 1.7009556330e+01
1.5144690282e-04 8.5367178801e-05 1.7004848301e+01
-2.6107114323e-04 1.2679317647e-05 3.1880013494e+01
-2.7830983380e-04 9.7850289121e-06 2.1440627944e+01
-2.8168224107e-04 6.4401997353e-06 1.9237260025e+01
-2.8149408007e-04 4.7623479305e-06 1.9694681351e+01
1.4146615456e-04 8.8660909408e-05 1.7013695010e+01
-1.5506101072e-04 5.6986192611e-05 4.0673110666e+01
-1.6176745769e-04 5.1724107548e-05 4.1523661964e+01
-1.7436733122e-04 2.6142933418e-05 4.6097197422e+01
-2.1243368214e-04 4.8535954827e-05 3.9841112378e+01
-3.2358033345e-04 1.7065078838e-05 1.7017862661e+01
-2.9239493356e-04 2.1162058736e-05 1.7051789242e+01
-3.1913948939e-04 4.1992202351e-05 1.7055620591e+01
-2.7295852537e-04 4.4733575119e-05 2.9820818898e+01
-3.1763388337e-04 2.1796099036e-05 1.7018861364e+01
-3.1612163502e-04 2.4571192010e-05 1.7029636355e+01
-2.9763579478e-04 3.8708664228e-05 1.7106701131e+01
-1.8844498388e-04 9.7788676030e-05 3.5196120197e+01
-3.3358652941e-04 4.2770518083e-05 1.5377266074e+01
-1.3900492472e-04 1.0964285276e-04 3.3710961155e+01
2.3447047921e-04 1.4668542090e-04 1.3432214347e+01
2.3814705039e-04 1.4406890455e-04 1.3462010967e+01
1.0862704948e-04 1.5351112032e-04 1.7189907943e+01
3.1766534652e-04 1.0627871818e-04 1.2529291643e+01
1.3756180726e-04 1.5885652474e-04 1.4923549278e+01
1.4154441876e-04 1.5705214888e-04 1.4995230021e+01
1.4145665342e-04 1.6068758659e-04 1.4535072189e+01
1.4535996874e-04 1.5872415178e-04 1.4690564685e+01
1.4553439289e-04 1.5505367498e-04 1.5039657575e+01
1.4937229631e-04 1.5672599604e-04 1.4786370100e+01
-1.6036558436e-04 1.0517040059e-04 3.4310537667e+01
2.8936247099e-04 1.2282117595e-04 1.2881167294e+01
2.9289942914e-04 1.2008439028e-04 1.2878474119e+01
3.5964387614e-04 6.0175483931e-05 1.2248737281e+01
1.4916732478e-04 1.6023298399e-04 1.4466125979e+01
1.5324530932e-04 1.5828382986e-04 1.4568868638e+01
1.5332152294e-04 1.5458472850e-04 1.4858088866e+01
1.5720672528e-04 1.5612988023e-04 1.4654689867e+01
1.5727027159e-04 1.5972339971e-04 1.4369861690e+01
1.6114618558e-04 1.5760674608e-04 1.4463913511e+01
-1.1422648214e-04 1.1230357307e-04 3.3149961622e+01
-3.3887007337e-04 4.0710446721e-05 1.3745083015e+01
-3.1678711167e-04 4.9691178321e-05 1.7199081924e+01
-2.7837689282e-04 6.5299233776e-05 3.7326888308e+01
-2.7600306435e-04 6.6757689636e-05 3.7599615377e+01
2.6415280045e-04 1.3575041400e-04 1.3116293369e+01
2.6762810211e-04 1.3286047204e-04 1.3142066753e+01
-2.5051014162e-04 7.6930466963e-05 3.7552651667e+01
-2.5049676457e-04 7.4545289002e-05 3.7442954820e+01
-2.5278671672e-04 7.5297372413e-05 3.7544229041e+01
-1.1506230006e-04 1.1431017744e-04 3.3096323058e+01
1.9270672208e-04 1.5701438888e-04 1.3861762248e+01
1.3349165963e-04 1.6044645621e-04 1.4716370160e+01
-1.6762948339e-04 1.0370691743e-04 3.4516339176e+01
2.0041695067e-04 1.5604064097e-04 1.3754735189e+01
2.0444845341e-04 1.5694540715e-04 1.3612765749e+01
1.6155571609e-04 1.6169597898e-04 1.4126123632e+01
1.6509309163e-04 1.5907480976e-04 1.4276276351e+01
-1.4171169926e-04 1.1030796193e-04 3.3737277919e+01
-2.5273763276e-04 7.7780423326e-05 3.7701488998e+01
-2.5515054401e-04 7.6180947979e-05 3.7712716397e+01
-1.6303021835e-04 1.0583361600e-04 3.4329745362e+01
-2.9300233894e-04 5.9640110063e-05 3.5558037274e+01
-2.9046936335e-04 6.0940063285e-05 3.6331187770e+01
-1.7048073771e-04 1.0422925633e-04 3.4544520538e+01
3.2100811822e-04 1.0332131594e-04 1.2516295533e+01
3.4422625894e-04 8.0960548651e-05 1.2360591730e+01
1.1175716840e-04 1.5555157124e-04 1.7324086734e+01
-1.2494798209e-04 1.1284474447e-04 3.3328344934e+01
6.5858747913e-05 1.3492258380e-04 4.5683681408e+01
7.3603431953e-05 1.3957092371e-04 1.6671463583e+01
1.9667671968e-04 1.5860244433e-04 1.3679898695e+01
-3.0903179348e-04 5.3379267283e-05 2.3058132617e+01
-3.0621350011e-04 5.4220792159e-05 2.7410496244e+01
-3.0463074750e-04 5.2608386368e-05 2.3694866392e+01
-3.0184312098e-04 5.3600860973e-05 2.7123088875e+01
-3.0079580762e-04 5.6209494529e-05 3.1974993180e+01
-2.9975218302e-04 5.8881124428e-05 3.5983407968e+01
-2.3896612060e-04 8.3541682164e-05 3.6767204482e+01
-2.3674729625e-04 8.2548149148e-05 3.6739447850e+01
-2.4146068911e-04 8.3889974914e-05 3.6929649295e+01
-2.8296673092e-04 6.4888413960e-05 3.7656372583e+01
3.8085977509e-04 8.4219740336e-06 6.6999690483e+00
3.6922718408e-04 8.1153310246e-06 8.7920181703e+00
3.4961158258e-04 7.6557534382e-06 1.3466717794e+01
-2.6183867063e-04 7.3912686867e-05 3.7914260060e+01
3.0067958018e-04 6.2986341237e-06 1.7526621840e+01
2.7691359739e-04 5.9524772376e-06 1.9973854746e+01
2.4065708395e-04 4.8699434745e-06 2.1196056800e+01
2.3270932310e-04 4.6187691028e-06 2.1008971791e+01
2.1281787478e-04 4.0984437769e-06 2.0688330804e+01
2.0488754771e-04 3.9072290259e-06 2.0666394152e+01
1.8499373769e-04 3.5366793146e-06 2.0941006768e+01
1.7705004859e-04 3.4135630006e-06 2.1140810642e+01
1.5712808056e-04 3.2238889172e-06 2.1663228914e+01
1.4918673894e-04 3.1786650304e-06 2.1792891057e+01
1.2935027734e-04 3.1705064015e-06 2.2071617269e+01
1.0571613394e-04 3.1628042927e-06 2.3032272732e+01
9.7856902393e-05 3.1560820772e-06 2.3772281045e+01
7.4233238390e-05 3.1331189431e-06 2.7875050946e+01
6.6359324603e-05 3.1195793691e-06 2.9742125789e+01
-2.9234242416e-04 6.2445382823e-05 3.7871352701e+01
-2.9580712694e-04 5.8811259778e-05 3.5089700292e+01
2.2929799200e-05 3.0432510875e-06 4.1165649051e+01
-8.7517918823e-06 3.0004702162e-06 4.7653162283e+01
-2.8572499432e-05 2.9817518253e-06 5.0287513052e+01
3.5353101534e-04 7.9097556524e-06 1.2489050487e+01
-4.8398649117e-05 2.9683866269e-06 5.1932931087e+01
-8.0119612500e-05 2.9552748345e-06 5.3021549874e+01
-8.8048453838e-05 2.9531769033e-06 5.3075493887e+01
-1.1975449608e-04 2.9481676542e-06 5.2689528213e+01
1.8907810753e-04 1.5970041981e-04 1.3766623804e+01
2.6074067727e-04 1.3869959488e-04 1.3081916792e+01
3.1079528512e-04 1.1235244970e-04 1.2543284772e+01
3.0754195026e-04 1.1552306061e-04 1.2530940035e+01
3.0349230676e-04 1.1488126683e-04 1.2718478984e+01
3.0018210602e-04 1.1836401564e-04 1.2688072565e+01
2.9957156804e-04 1.1433073016e-04 1.2890074103e+01
3.8048623955e-04 4.2519321989e-06 4.6771292377e+00
3.8461701765e-04 8.7066266145e-06 6.5193378157e+00
3.6869764055e-04 3.9871685132e-06 7.8368896563e+00
3.2512351635e-04 6.9207443808e-06 1.6840044330e+01
-3.2818370453e-04 4.4509936355e-05 1.7055131499e+01
-3.2356304489e-04 4.0637353860e-05 1.7016829315e+01
3.1700131830e-04 6.4096026705e-06 1.6999246457e+01
-3.1105860435e-04 3.9968770643e-05 1.7106853781e+01
-3.1318500866e-04 4.1516226400e-05 1.7100975882e+01
3.0036000816e-04 3.0851546595e-06 1.7883257086e+01
-2.6212421646e-04 4.8957985990e-05 3.4016595199e+01
-2.9994555879e-04 2.5425419580e-05 1.7059414102e+01
2.7646278571e-04 2.9474764251e-06 2.0593761312e+01
2.8094690856e-04 6.0754710076e-06 1.8991579097e+01
2.8443625955e-04 3.1563128586e-06 1.8349287876e+01
2.8482603757e-04 6.2497270274e-06 1.8098906911e+01
-2.5952124878e-04 4.8367914923e-05 3.4431190378e+01
-3.3078601903e-04 4.6592681628e-05 1.5234503586e+01
-3.2489766987e-04 4.8716307175e-05 1.6769025288e+01
-3.2040398945e-04 4.8994095137e-05 1.6605965160e+01
-2.3270982401e-04 5.0437213977e-05 3.8111519795e+01
-2.3993977638e-04 2.9496488165e-05 3.8118707447e+01
-2.3578814734e-04 2.3925661420e-05 3.9507393065e+01
-2.1835880606e-04 4.9003631903e-05 3.9379035815e+01
-2.2160589767e-04 5.1286046175e-05 3.8922150362e+01
-2.2891524245e-04 2.3723039260e-05 4.0896381686e+01
-2.0340777019e-04 4.7953289689e-05 4.0475947125e+01
-2.7769523538e-04 4.7082238798e-06 2.2505021154e+01
3.5679438509e-04 4.1260649191e-06 1.1194984528e+01
-1.9987794418e-04 4.5875326855e-05 4.0995539154e+01
-1.9670763403e-04 4.5731533119e-05 4.1198729061e+01
-1.8231632171e-04 4.8808412680e-05 4.1356653799e+01
-1.9472467382e-04 2.4744229638e-05 4.4960737671e+01
-1.9116883227e-04 2.4693945432e-05 4.5254138535e+01
-1.8405413855e-04 2.4617112448e-05 4.5784588123e+01
-3.0386587138e-04 3.4723051112e-06 1.7013269511e+01
-1.5647669891e-04 2.5993552099e-05 4.7018738958e+01
-1.2464112277e-04 5.7988235360e-05 4.1163350872e+01
1.7595236176e-04 1.3690868767e-04 1.5086846913e+01
-1.0648004804e-04 5.0635621046e-05 4.3137880057e+01
-1.0784325998e-04 5.2402757774e-05 4.2724343486e+01
-5.5186402419e-05 5.9182601224e-05 4.1782109377e+01
-5.4412716012e-05 2.5718983495e-05 4.8113399184e+01
-5.0740328502e-05 2.5729601630e-05 4.7936976452e+01
3.8826598338e-04 4.3473381964e-06 2.6901787756e+00
3.8870720425e-04 9.1852730730e-06 7.2728772278e+00
2.8834725526e-04 3.2722961267e-06 1.7634352291e+01
1.9640731116e-04 1.5459474939e-04 1.3924138945e+01
1.7617107475e-04 1.4071042057e-04 1.4967760041e+01
1.7176596864e-04 1.3169110168e-04 1.5332613803e+01
1.3833580099e-04 1.2882688329e-04 1.7002107777e+01
1.3819697782e-04 1.2503136430e-04 1.7004147400e+01
-3.2295331779e-04 1.1171512687e-05 1.7012933469e+01
9.2173663667e-05 1.1817172754e-04 2.2478388287e+01
-3.8331396286e-05 3.0564180561e-05 4.6243733682e+01
1.8704982370e-04 5.9477378563e-05 1.7008773843e+01
-2.0372211136e-05 3.0710125372e-05 4.4400636716e+01
1.7607555438e-04 6.0342207411e-05 1.7098177012e+01
-1.3214032691e-05 3.0795777974e-05 4.3378012277e+01
-6.0764373029e-06 3.0898067269e-05 4.2171293354e+01
-2.5392641532e-04 1.2518732255e-05 3.5069158607e+01
1.0358628044e-06 3.1018206254e-05 4.0770368961e+01
8.1176434111e-06 3.1157203337e-05 3.9170488432e+01
1.3638027784e-04 7.7856102460e-05 1.8927695029e+01
6.0613710437e-05 1.1277975751e-04 2.2189419114e+01
-7.7306155001e-05 9.4932736458e-05 3.5032589993e+01
-7.9086372272e-05 8.9046716098e-05 3.5985982923e+01
-2.2155925264e-04 1.3713085925e-05 4.3475981127e+01
-2.2233721632e-04 1.5315924271e-05 4.3132587564e+01
1.1972684846e-04 1.0305481305e-04 1.9221521385e+01
1.0480916394e-04 9.1408744938e-05 2.2841983932e+01
1.0073381936e-04 3.5648906854e-05 2.2867219755e+01
-1.8406697742e-04 1.3508829570e-05 4.7770787103e+01
1.0796152756e-04 3.6396978469e-05 2.2885730578e+01
1.1531200723e-04 3.7224613401e-05 2.2904338096e+01
1.2279066305e-04 3.8129844333e-05 2.2922353608e+01
1.3040294953e-04 3.9110073929e-05 2.2939073093e+01
1.4980540725e-04 4.1854663843e-05 2.0705352151e+01
1.5755108962e-04 4.3043996730e-05 1.9626165698e+01
9.1486484492e-05 8.6921516236e-05 2.2746530060e+01
1.8853013202e-04 4.8066184190e-05 1.7344245932e+01
7.5660222870e-05 8.2175975116e-05 2.2686554195e+01
2.8842065243e-04 1.1530745398e-04 1.3237441726e+01
2.8061824221e-04 1.1356175879e-04 1.3551518013e+01
2.7226425301e-04 1.0798914778e-04 1.3980981930e+01
2.7276437760e-04 1.1180908681e-04 1.3836421718e+01
5.1212344738e-05 1.3246937679e-04 5.8848803959e+01
2.6780568570e-04 1.0330880448e-04 1.4236099458e+01
2.5988862414e-04 1.0154644513e-04 1.4451043077e+01
-1.1598543822e-04 3.7132579563e-05 4.5922283140e+01
2.5538382842e-04 9.6862743373e-05 1.4658234717e+01
-1.2293912381e-04 3.7186751382e-05 4.5746258641e+01
-3.2855409428e-06 2.6078216689e-05 4.2535155589e+01
1.1184382838e-05 2.6294845233e-05 3.9398737730e+01
-1.4809158103e-04 7.3830756582e-06 5.0943942616e+01
-7.5795315260e-05 9.6905330872e-05 3.4745790131e+01
-7.2958342273e-05 9.6878403667e-05 3.4807727392e+01
-1.4029672936e-04 7.3782821923e-06 5.1267633869e+01
-3.3385343066e-04 4.4528536377e-06 1.7912833034e+01
-1.3249764060e-04 7.3742649734e-06 5.1549059891e+01
3.9684766479e-05 2.6904208337e-05 3.1246767234e+01
-1.1298374056e-04 7.3676848876e-06 5.2070741929e+01
-1.0517258351e-04 7.3663574833e-06 5.2202304988e+01
4.6685383778e-05 2.7088546480e-05 2.9036321340e+01
-9.7358678733e-05 7.3658432872e-06 5.2284212141e+01
-8.9542326439e-05 7.3662075649e-06 5.2310690109e+01
-8.1723839998e-05 7.3675387942e-06 5.2274476372e+01
-7.3903549483e-05 7.3699508319e-06 5.2166828124e+01
-3.4134040418e-04 4.9558169109e-06 1.8899964740e+01
-6.6080282628e-05 7.3739710551e-06 5.1977451345e+01
-5.8266579240e-05 7.3791090230e-06 5.1695393143e+01
-5.0443264306e-05 7.3856524797e-06 5.1307278722e+01
5.2458190865e-05 1.2084757213e-04 3.4476993536e+01
-4.2620052197e-05 7.3939420819e-06 5.0799798817e+01
-3.4797633327e-05 7.4041894239e-06 5.0158975153e+01
4.5182135432e-05 1.1829594519e-04 3.6115491181e+01
-2.3646463766e-04 7.7769736780e-05 3.7000921160e+01
-3.5341895055e-06 7.4689766597e-06 4.6010379607e+01
4.2692790883e-06 7.4919740985e-06 4.4536573172e+01
1.2064960803e-05 7.5178394835e-06 4.2889157562e+01
1.0582686744e-04 2.9754209646e-05 2.2873953920e+01
1.9859346593e-05 7.5465063563e-06 4.1079753887e+01
2.7634515247e-05 7.5776664253e-06 3.9135289223e+01
1.1317120371e-04 3.0364196843e-05 2.2891547282e+01
2.6164947152e-04 8.7299658436e-05 1.4806308711e+01
4.3148942994e-05 7.6444916051e-06 3.4976993663e+01
3.8114219764e-04 1.2721653543e-05 8.4516204758e+00
-1.2684660461e-04 4.2267021071e-05 4.4526628003e+01
1.2063283776e-04 3.1052413126e-05 2.2908952984e+01
3.4890255663e-04 3.7574138948e-06 1.3513858906e+01
5.5060556039e-05 1.2423811793e-04 3.6299849427e+01
-1.2004758332e-04 4.2193466845e-05 4.4711081198e+01
-1.1322815651e-04 4.2128965783e-05 4.4878185823e+01
6.2444530065e-05 7.7373060771e-06 2.9783394763e+01
-1.0639101556e-04 4.2073214156e-05 4.5025547219e+01
7.0134364954e-05 7.7727909587e-06 2.7893705684e+01
1.3592736511e-04 3.2653982080e-05 2.2923897042e+01
-2.3867721136e-04 7.3640624358e-05 3.7196129707e+01
8.5464765453e-05 7.8358075529e-06 2.4793718313e+01
9.3110771763e-05 7.8600375696e-06 2.3724383718e+01
2.3340695504e-04 1.3557196361e-04 1.3943364624e+01
1.0841092932e-04 7.8804087464e-06 2.2909941941e+01
3.5646377345e-04 6.3583038409e-05 1.2329339685e+01
1.5544902799e-04 3.5024556228e-05 2.0517577313e+01
-2.1422349205e-04 5.8653650790e-05 3.8583662595e+01
3.5300160257e-04 6.2754289043e-05 1.2559834132e+01
1.1610495200e-04 7.8898183801e-06 2.2746370614e+01
-4.8047839831e-05 4.5356229731e-05 4.4105417759e+01
1.2384387955e-04 7.9234193362e-06 2.2691831164e+01
1.6323538283e-04 3.6062473358e-05 1.9590521483e+01
-3.4452904908e-05 4.5481858167e-05 4.3310298891e+01
-2.7672428488e-05 4.5575349353e-05 4.2722409091e+01
2.2968815420e-04 1.0527394369e-04 1.4861798766e+01
-2.0324810501e-04 5.9632031720e-05 3.8873651432e+01
-1.3930046070e-04 6.7614073333e-05 3.8945514170e+01
-1.0804980839e-05 4.5917494509e-05 4.0534693811e+01
3.7315322146e-04 8.1352280622e-06 7.9551650289e+00
2.8264915945e-04 7.3280581426e-05 1.4822328836e+01
3.6596662380e-04 4.8768920072e-05 1.2149573570e+01
2.5587107858e-06 4.6324248515e-05 3.7865660598e+01
3.3621497351e-04 4.4376969798e-05 1.4080965422e+01
-1.1156369938e-04 7.6211617973e-05 3.7748607957e+01
2.7747249877e-04 8.8958526700e-06 1.9314185122e+01
2.1718850703e-04 9.8350782603e-05 1.5232739556e+01
2.1659723303e-04 9.4582444805e-05 1.5356087183e+01
2.8694906470e-05 4.7576279055e-05 2.9514135722e+01
3.3673566433e-04 4.8256471058e-05 1.3924584888e+01
3.6881060422e-05 1.0290265064e-04 3.1078722974e+01
3.7516706878e-05 1.0519095646e-04 3.1796682823e+01
3.4229501179e-05 1.0229838232e-04 3.1820828547e+01
3.2258539547e-05 1.0399426207e-04 3.3079238239e+01
2.9611671211e-05 1.0344560771e-04 3.3644198769e+01
1.7894851379e-04 9.1944683359e-06 2.0817712439e+01
1.9441868839e-04 4.0522855790e-05 1.7595584752e+01
3.0159714183e-04 9.9282885768e-05 1.3435900249e+01
2.9771426467e-04 9.8476286314e-05 1.3595624764e+01
3.5051188949e-05 4.7990381076e-05 2.6827411345e+01
-2.5464640457e-04 4.5123808090e-05 3.5001497180e+01
1.3680187111e-04 1.0671003670e-04 1.6998412844e+01
-1.3257220675e-04 8.8705253002e-05 3.5538283410e+01
4.4849979395e-05 9.6394986504e-05 2.3907772275e+01
-2.9911536979e-04 5.4677425704e-05 2.9542962444e+01
1.8685326655e-04 9.5456940274e-06 2.0479224754e+01
1.9717855725e-04 9.2689230119e-05 1.6083761415e+01
1.9780945932e-04 9.6454881608e-05 1.5844330104e+01
1.9442155089e-04 9.9024347888e-05 1.5853474374e+01
1.9840665268e-04 1.0022975934e-04 1.5642630564e+01
1.9500113357e-04 1.0280594730e-04 1.5646452393e+01
-2.2075971059e-04 4.5264117383e-05 3.9583708261e+01
2.0227181288e-04 4.1667815266e-05 1.7414130403e+01
2.6330897481e-04 1.2820034329e-04 1.3470849817e+01
-1.4127649486e-04 7.1487039710e-05 3.8207402996e+01
-1.4223857287e-04 7.3447755809e-05 3.7852123062e+01
-2.2726020652e-04 8.2542652682e-05 3.6547097913e+01
-1.0566236264e-04 1.0571578903e-04 3.3472927635e+01
-1.2943471282e-04 7.6782030609e-05 3.7413971412e+01
-1.4799676141e-04 1.0618506669e-04 3.4034843754e+01
-1.4875997762e-04 1.0837836391e-04 3.3948223303e+01
2.1016294325e-04 4.2801591322e-05 1.7300783171e+01
-1.4233296701e-04 6.7724569000e-05 3.8876326798e+01
-1.8583942540e-04 9.7484169788e-05 3.5169914678e+01
-1.8657726833e-04 9.9984734846e-05 3.5048720351e+01
3.6243366003e-04 4.8112841163e-05 1.2398280841e+01
3.6655640379e-04 5.3463247569e-05 1.2001419176e+01
-1.4204181925e-04 8.5212077247e-05 3.6014540184e+01
2.0659855726e-04 1.0569468782e-05 1.9963639617e+01
3.5264115710e-04 5.8605717939e-05 1.2719602506e+01
-1.3432694875e-04 7.5046324150e-05 3.7663160425e+01
3.0546661817e-04 1.0009210372e-04 1.3268240053e+01
-3.7829932378e-04 3.9761538059e-06 1.0791236987e+01
-2.5209382463e-04 4.2549619791e-05 3.5329215875e+01
2.1450218689e-04 1.1029203163e-05 1.9881125397e+01
-2.7138938948e-04 3.9574394595e-05 2.8675394604e+01
6.8605838718e-05 1.2911304808e-04 2.6879625999e+01
-3.7436856703e-04 3.8206628558e-06 1.4199714404e+01
-3.6859194983e-04 7.3173578670e-06 1.4914397040e+01
-3.6458539789e-04 6.9041289973e-06 1.6102063740e+01
-3.6279343563e-04 1.0545873065e-05 1.5205120982e+01
-3.5884746723e-04 9.9486154559e-06 1.6514252766e+01
-3.6050932819e-04 6.5552416686e-06 1.7596152514e+01
-3.5700784078e-04 1.3550098946e-05 1.5419793468e+01
1.9651565816e-04 8.8934738519e-05 1.6348854171e+01
8.0010952679e-05 1.0650991663e-04 2.2361688719e+01
-2.5514481572e-04 7.3643264473e-05 3.7516803850e+01
-1.4586103349e-04 5.1286440353e-05 4.2065972831e+01
3.3566814497e-04 4.0528592391e-05 1.4239350532e+01
-3.8296160316e-04 9.3166008443e-06 8.2149787110e+00
3.6277282229e-04 5.6763975572e-05 1.2156367512e+01
9.3024020232e-05 1.4662247192e-04 1.9385261957e+01
9.2400341159e-05 1.4967635915e-04 1.9516295953e+01
9.5245161548e-05 1.5204432700e-04 1.8998018379e+01
-1.1688706141e-04 1.1242336248e-04 3.3191675839e+01
-1.1782072522e-04 1.1481032646e-04 3.3136499440e+01
1.0440784989e-04 1.1521492839e-04 2.2960054704e+01
3.3386895331e-04 5.5539351265e-05 1.3810186605e+01
3.0631191998e-04 5.1658419384e-05 1.4938749977e+01
1.1074665614e-04 5.8110633684e-05 2.2898181058e+01
-1.0239713477e-04 1.0971409921e-04 3.3120169514e+01
-1.0348369874e-04 1.1182978829e-04 3.3001823752e+01
-1.0187408284e-04 1.1385047242e-04 3.2879571447e+01
-9.9189136112e-05 1.1375111070e-04 3.2842399097e+01
-9.8746046177e-05 1.1800791642e-04 3.2712472542e+01
1.6111023707e-04 1.5389369202e-04 1.4719357807e+01
3.0450770460e-04 9.2307199792e-05 1.3601769943e+01
3.0789476195e-04 8.9192389191e-05 1.3601810648e+01
1.1591813022e-04 1.5064468805e-04 1.7277059420e+01
-3.0472908026e-04 2.1277217365e-05 1.7043837770e+01
-2.7119954312e-04 2.2359328955e-05 2.5826833601e+01
-2.3879244665e-04 2.2290729308e-05 3.8979133193e+01
1.1805582301e-04 5.9565038023e-05 2.2918926990e+01
-2.8467587331e-04 3.8606587153e-05 1.9557162708e+01
-1.0017947872e-04 1.0551842664e-04 3.3453785437e+01
-9.7434222488e-05 1.0542976205e-04 3.3449395189e+01
1.9897381887e-04 1.0401319143e-04 1.5472617729e+01
1.9554908975e-04 1.0659560886e-04 1.5474428095e+01
-1.0455613419e-04 1.1395528829e-04 3.2918962700e+01
-1.0819878129e-04 1.1646436885e-04 3.2916087239e+01
-2.2128876735e-04 7.2359645969e-05 3.7198207506e+01
2.3434446163e-04 1.2281870122e-05 1.9859851521e+01
1.9609533065e-04 1.5084322653e-04 1.4129648428e+01
1.9209911263e-04 1.4962632109e-04 1.4275296822e+01
1.9176278686e-04 8.4004088220e-05 1.6988178288e+01
3.2413327226e-04 1.0026434051e-04 1.2512668676e+01
-2.0166219573e-04 7.8098412572e-05 3.6814341614e+01
-1.8405981272e-04 9.0809753800e-05 3.5609295219e+01
8.0312781765e-05 1.0930609665e-04 2.2298715544e+01
3.3613033242e-04 7.5398157376e-05 1.2979409900e+01
-2.3389562541e-04 7.4835315048e-05 3.7071229066e+01
6.1749457847e-05 1.3248550126e-04 4.7373056636e+01
6.1660286433e-05 1.3485629246e-04 5.8304031266e+01
5.7449392527e-05 1.3274893847e-04 5.5608806391e+01
5.5032592697e-05 1.3458730497e-04 6.4505570474e+01
-1.4715723918e-04 1.0401248609e-04 3.4142922871e+01
8.9475059680e-05 1.4764120189e-04 2.0134449658e+01
8.6702830933e-05 1.4555670965e-04 2.0407376893e+01
8.2578329770e-05 1.4677487598e-04 2.1437263390e+01
8.0625507369e-05 1.4383503942e-04 2.0437724567e+01
3.2037292391e-04 9.9413626940e-05 1.2711451390e+01
-3.6494093628e-04 2.0003264093e-05 1.1901747114e+01
-3.6189471491e-04 2.4379900059e-05 1.1695836018e+01
-3.5618065823e-04 2.7378595330e-05 1.2273585379e+01
-3.5868085563e-04 2.8723455557e-05 1.1637520299e+01
-3.5308795098e-04 3.1544055131e-05 1.2221207716e+01
-3.6506149142e-04 2.5363193051e-05 1.0996300598e+01
-3.6025163755e-04 3.1019386969e-05 1.1134211083e+01
-3.5053185817e-04 3.0122057735e-05 1.2957695972e+01
-3.4752953248e-04 3.4296195503e-05 1.2889698103e+01
-3.5068662655e-04 3.5402246042e-05 1.2159833052e+01
-3.4473559157e-04 3.8841861692e-05 1.2773774014e+01
9.3727344463e-05 1.4326501668e-04 1.8883924975e+01
-3.7682825420e-04 1.2889286666e-05 1.0090090889e+01
-3.7344076168e-04 1.7422218860e-05 1.0475184852e+01
-3.6781621886e-04 2.0828858335e-05 1.1149010170e+01
1.3691370990e-04 6.3580546714e-05 2.0845435232e+01
2.9609550341e-04 3.9442399774e-05 1.5676813126e+01
2.9943675868e-04 3.6334135740e-05 1.5703930516e+01
-1.6496217946e-04 1.0356535292e-04 3.4474479715e+01
-3.4769064059e-04 2.8718637785e-05 1.3964929245e+01
2.4233874655e-04 1.2811530787e-05 1.9892574945e+01
1.4445225807e-04 6.5283935235e-05 1.9210708500e+01
-2.8144805663e-04 6.1246313277e-05 3.5835648526e+01
3.2275508051e-04 5.7718922971e-05 1.4193929791e+01
3.2328030270e-04 6.1576518287e-05 1.4039461366e+01
3.2715034791e-04 6.2182194196e-05 1.3865210886e+01
3.2378582645e-04 6.5457428230e-05 1.3882989163e+01
3.1990776032e-04 6.4830895264e-05 1.4051439531e+01
1.1540630288e-04 1.5407774401e-04 1.7326197436e+01
1.1515259693e-04 1.5745421440e-04 1.7477215582e+01
1.0804234140e-04 1.5752229880e-04 1.7183954710e+01
1.9158698768e-04 1.0536183808e-04 1.5651998740e+01
1.9211364630e-04 1.0915765540e-04 1.5478618673e+01
1.8866642930e-04 1.1169852042e-04 1.5485658774e+01
1.8913657799e-04 1.1550589545e-04 1.5345354980e+01
-7.1184294299e-05 1.0696230688e-04 3.3360191882e+01
-1.7911602572e-04 1.0086301864e-04 3.4869603875e+01
-1.7665316357e-04 1.0061022648e-04 3.4839852523e+01
-1.8168425781e-04 1.0148943199e-04 3.4885259043e+01
-2.3217061835e-04 4.2281919218e-05 3.8631917016e+01
-2.6499980872e-04 2.1808402096e-05 2.9459207700e+01
3.0111388253e-04 9.5401745757e-05 1.3599655113e+01
2.2273353569e-04 8.5425983997e-05 1.5524885142e+01
2.1869896011e-04 8.4386584781e-05 1.5669331858e+01
2.1935924173e-04 8.8132011819e-05 1.5509435255e+01
2.1533205762e-04 8.7070080001e-05 1.5657756590e+01
2.1465856237e-04 8.3327818035e-05 1.5841044371e+01
2.1597854237e-04 9.0821908462e-05 1.5496857810e+01
3.4057407135e-04 4.8762764825e-05 1.3711894930e+01
-2.7941249468e-04 6.0195772897e-05 3.5332026055e+01
-2.7782594654e-04 5.6719581513e-05 3.3855351238e+01
2.9865549234e-04 3.2690983099e-05 1.5885256754e+01
3.8133548039e-04 2.1597354424e-05 1.0516731283e+01
3.8143799672e-04 2.6167368441e-05 1.0953954498e+01
3.7839483776e-04 2.9754346083e-05 1.1280810304e+01
3.8487163949e-04 1.8248966675e-05 1.0006101555e+01
3.8184657644e-04 3.1238686251e-05 1.1146106340e+01
3.7504327247e-04 2.9174354515e-05 1.1445748457e+01
3.7522404440e-04 3.3465250152e-05 1.1585231127e+01
3.7181381536e-04 3.2921895192e-05 1.1794047849e+01
3.7570646382e-04 3.7910248671e-05 1.1602940531e+01
3.7234609407e-04 4.1550143103e-05 1.1819733462e+01
4.6844870476e-05 9.4798906726e-05 2.2339666937e+01
-2.4583446528e-04 2.4325868834e-05 3.6960821873e+01
2.3013885979e-04 8.3702222308e-05 1.5421977468e+01
3.2947626398e-04 8.1922600038e-05 1.3031140931e+01
-2.8797678782e-04 6.2297109725e-05 3.6937489338e+01
-2.0555346653e-04 4.4297455258e-05 4.0879231576e+01
-1.6793605660e-04 8.9111043884e-05 3.5628862846e+01
-2.7391056507e-04 4.0201925684e-05 2.7671853726e+01
3.0610429160e-04 3.0051339283e-05 1.5770562589e+01
-1.1759939620e-04 1.0831577652e-04 3.3412876315e+01
-1.1930153946e-04 1.0633141247e-04 3.3570764886e+01
-1.2201624836e-04 1.0647630754e-04 3.3597352181e+01
-2.6718403374e-04 6.5428220912e-05 3.6835949387e+01
-2.6934911940e-04 6.6330489547e-05 3.7078771996e+01
-2.7147459948e-04 6.7271250498e-05 3.7398440937e+01
-2.7341396300e-04 6.8489187704e-05 3.7847533010e+01
-2.7028431609e-04 7.2565941599e-05 3.8464255965e+01
-2.6498223237e-04 6.4569994936e-05 3.6664692008e+01
-2.6274264733e-04 6.3754751750e-05 3.6558155650e+01
-2.5815015438e-04 6.2248541837e-05 3.6509108434e+01
-2.5785368740e-04 3.9170549153e-05 3.3592021730e+01
-2.9731585112e-04 5.3316451292e-05 2.7818052417e+01
-2.7746172604e-04 2.1046673496e-05 2.1315898191e+01
-2.6915101923e-04 3.6814368477e-05 2.8973056326e+01
-3.4207673780e-04 3.6753812249e-05 1.3723759001e+01
9.1443895624e-05 1.3766232724e-04 2.2042534369e+01
5.4536063869e-05 8.5854148804e-05 2.2638909683e+01
-3.0575771574e-04 1.8847738159e-05 1.7040920805e+01
7.0176190341e-05 1.1232983899e-04 2.2053256643e+01
1.5400591569e-04 1.0305266955e-04 1.7002644693e+01
1.5447973561e-04 1.0672898551e-04 1.7004348652e+01
-2.3354328599e-04 6.7916938496e-05 3.7353695550e+01
3.3048615289e-04 3.2566316406e-05 1.4794535027e+01
-3.3337434113e-04 3.2005987272e-05 1.7034155414e+01
-3.2820833592e-04 3.3972810760e-05 1.6971688132e+01
3.1988989124e-04 9.5461946781e-05 1.2897116237e+01
-2.4365023506e-04 3.9410576635e-05 3.6955393362e+01
-2.4653631681e-04 3.9729841095e-05 3.6388063704e+01
-2.7390533619e-04 6.5769397914e-05 3.7155295271e+01
-9.7196802400e-05 9.5315152597e-05 3.4710758711e+01
-2.5522137453e-04 7.1177959072e-05 3.7341022123e+01
-2.8856175750e-04 5.9639568606e-05 3.5171883774e+01
3.4625583606e-04 3.3987949617e-05 1.3780940651e+01
-1.0292253652e-04 1.0561373788e-04 3.3461709907e+01
8.2598217051e-05 1.0497086651e-04 2.2435774102e+01
7.9664475623e-05 1.0372924071e-04 2.2416873511e+01
1.6689956304e-04 7.0480077527e-05 1.7009097732e+01
-2.9858884882e-04 3.6209635913e-05 1.7115460529e+01
2.2516758295e-04 1.0046656567e-04 1.5041695575e+01
2.2173339481e-04 1.0319471250e-04 1.5031912733e+01
2.3351228479e-04 8.0943099942e-05 1.5445864497e+01
-1.7354139056e-04 6.5378896612e-05 3.8767773938e+01
-1.3305962608e-04 5.6365241814e-05 4.1318703857e+01
-1.3416558952e-04 5.8202846077e-05 4.0910674810e+01
-1.3732496858e-04 5.8282658288e-05 4.0824433767e+01
-1.8524526128e-04 9.5250381260e-05 3.5298950948e+01
-1.7074616550e-04 9.7797841184e-05 3.4918617553e+01
1.0547155410e-04 1.5141835385e-04 1.7038829759e+01
-3.0922044512e-04 2.5391603507e-05 1.7054908429e+01
2.6721146969e-04 7.3950914202e-05 1.5094950038e+01
2.6784525606e-04 7.7692980521e-05 1.4972201601e+01
2.7185799503e-04 7.8492773804e-05 1.4877203588e+01
1.2409248591e-04 1.1825508734e-04 1.6999842211e+01
1.2421456614e-04 1.2183078448e-04 1.7012677961e+01
-2.9156162817e-04 4.1410844285e-05 1.6779749256e+01
3.4071006447e-04 8.4268185967e-05 1.2406814600e+01
3.4149796981e-04 8.8535131671e-05 1.2193448971e+01
3.4841544330e-04 8.1930549505e-05 1.2104264497e+01
3.4788672905e-04 7.7596190500e-05 1.2300503269e+01
-3.1344105654e-04 5.0261722793e-05 1.7770800709e+01
1.4165883376e-04 1.2295012372e-04 1.7003166881e+01
3.4234571780e-04 6.4723999897e-05 1.3072631714e+01
1.1964352383e-04 1.4913873796e-04 1.7218562844e+01
-2.9600400391e-04 1.9470406255e-05 1.7045305258e+01
-2.9522673485e-04 2.1713098526e-05 1.7056273584e+01
9.7637965648e-05 1.3854006273e-04 1.7580059749e+01
-2.4361486533e-04 7.9705880364e-05 3.7304920716e+01
2.8373310956e-04 3.7679182053e-05 1.6107771066e+01
2.8453460818e-04 4.1314316201e-05 1.5925334222e+01
2.4092567607e-04 7.9105722665e-05 1.5368327935e+01
2.3755031177e-04 8.1901576711e-05 1.5340143506e+01
-3.2543773214e-04 3.2487210760e-05 1.7006922313e+01
2.5540959811e-04 1.2631671845e-04 1.3758370798e+01
2.5145499732e-04 1.2536255829e-04 1.3892380525e+01
2.5098965416e-04 1.2156128730e-04 1.4035632095e+01
2.4749704113e-04 1.2439894641e-04 1.4019940742e+01
-2.8525714082e-04 3.6320738429e-05 1.7617078505e+01
3.4094660625e-04 3.6412991724e-06 1.5982013022e+01
3.3778017899e-04 7.2046400462e-06 1.5950728795e+01
3.3350292436e-04 7.1830803766e-06 1.6438100300e+01
3.3254169940e-04 3.6129941238e-06 1.6778110450e+01
3.3830850594e-04 1.1030617666e-05 1.5508377919e+01
3.3496642871e-04 1.4642293965e-05 1.5512881812e+01
3.4172214663e-04 7.3400046336e-06 1.5332960064e+01
3.3088174541e-04 9.4003492077e-05 1.2475975606e+01
3.3158658036e-04 9.8110721546e-05 1.2268062680e+01
3.3465198240e-04 9.1368401639e-05 1.2409972606e+01
-2.4367632005e-04 4.9832083685e-05 3.6984971131e+01
1.1637528392e-04 1.4715712065e-04 1.7225294719e+01
-2.8556203324e-04 2.4472963970e-05 1.7038523599e+01
-9.0718617891e-05 1.1759919119e-04 3.2575060504e+01
-3.6219915092e-04 3.3214813032e-06 2.0198507649e+01
-3.5653229627e-04 6.2901597994e-06 1.8152407356e+01
2.9574892418e-04 1.1315482601e-04 1.3078157019e+01
2.9740125757e-04 6.8580165228e-05 1.4623018694e+01
3.1545978257e-04 6.0378811111e-05 1.4360479284e+01
3.1600569124e-04 6.4208061791e-05 1.4210991465e+01
3.1262643945e-04 6.7412730781e-05 1.4214451029e+01
3.1653255041e-04 6.8057598190e-05 1.4059560755e+01
3.1315428269e-04 7.1258490679e-05 1.4064446413e+01
3.1704300791e-04 7.1926468951e-05 1.3905468265e+01
3.0869906639e-04 6.6767683448e-05 1.4361372178e+01
2.9722233030e-04 9.4610973137e-05 1.3753409012e+01
3.0901862987e-04 4.4755665763e-05 1.5098954359e+01
2.7849796131e-04 1.2797174188e-04 1.3017975061e+01
2.8183237995e-04 1.2924822947e-04 1.2848747420e+01
2.7503588578e-04 1.3088918972e-04 1.2998268484e+01
2.7116183763e-04 1.3002770781e-04 1.3159849635e+01
2.7165969575e-04 1.3389240073e-04 1.2968407290e+01
2.6723267746e-04 1.2911080370e-04 1.3318878279e+01
2.6284300019e-04 1.2438287383e-04 1.3636746567e+01
-2.6772058887e-04 4.5673762773e-05 3.1878354352e+01
3.4774519640e-04 1.8942831239e-05 1.3871522904e+01
3.4841563743e-04 2.2732357655e-05 1.3757737294e+01
4.6151711865e-05 9.2468064526e-05 2.2529531772e+01
-1.5086695738e-04 1.0012694173e-04 3.4465418640e+01
3.2094325168e-04 2.4457371928e-05 1.5570996204e+01
2.8942428806e-04 6.7206548267e-05 1.4863915429e+01
1.7568439247e-04 1.3309359692e-04 1.5195394373e+01
1.7225926319e-04 1.3931763816e-04 1.5102175421e+01
1.7929976267e-04 1.3064285564e-04 1.5174381801e+01
-2.3551604456e-04 5.0781427629e-05 3.7839785990e+01
4.8861234829e-05 8.4482753638e-05 2.2664756718e+01
6.1889375913e-05 1.3000524467e-04 3.8244936782e+01
2.1977473972e-04 1.1726830220e-04 1.4750654247e+01
2.1627465482e-04 1.1997086081e-04 1.4747164898e+01
2.1232319860e-04 1.1886199064e-04 1.4836651422e+01
2.1276083637e-04 1.2265509972e-04 1.4744584459e+01
2.1671177926e-04 1.2376218892e-04 1.4650433941e+01
2.0881403957e-04 1.2152613158e-04 1.4836075486e+01
2.0923215384e-04 1.2532031305e-04 1.4742642185e+01
2.0528988962e-04 1.2417090757e-04 1.4836545336e+01
2.0568684744e-04 1.2796602610e-04 1.4741023161e+01
2.0174893489e-04 1.2679559713e-04 1.4837817086e+01
2.0963095982e-04 1.2911233093e-04 1.4641293707e+01
2.0212287275e-04 1.3059103188e-04 1.4739370408e+01
2.0135317897e-04 1.2299713873e-04 1.4929249645e+01
2.0837475150e-04 1.1773086834e-04 1.4925363118e+01
1.9781770123e-04 1.2559974393e-04 1.4933242521e+01
2.2022896072e-04 1.2105886295e-04 1.4655192112e+01
2.2066625965e-04 1.2484889605e-04 1.4552473853e+01
2.1713225333e-04 1.2755193885e-04 1.4545291952e+01
2.2108899922e-04 1.2863715352e-04 1.4440030631e+01
2.2462392269e-04 1.2591651381e-04 1.4449910405e+01
2.2504945498e-04 1.2970390960e-04 1.4329657102e+01
2.1753862318e-04 1.3133891001e-04 1.4429232096e+01
2.2858452620e-04 1.2696613149e-04 1.4342202899e+01
2.2814499833e-04 1.2317707767e-04 1.4459299623e+01
2.2901327681e-04 1.3075352383e-04 1.4213857588e+01
2.2546466703e-04 1.3348873450e-04 1.4197155300e+01
2.0093240718e-04 1.1919703106e-04 1.5018492456e+01
2.8603858654e-04 1.2659085444e-04 1.2826653846e+01
1.2338899183e-04 1.4753737345e-04 1.7150284548e+01
1.1892591037e-04 9.6504463110e-05 2.1375216048e+01
1.1583421982e-04 9.8402929013e-05 2.2475677992e+01
-1.4535646299e-04 6.7840786883e-05 3.8807401561e+01
-1.3919064272e-04 8.5057274281e-05 3.6039738337e+01
2.5237969651e-04 7.8074669197e-05 1.5212177426e+01
-3.1952392583e-04 1.8824880687e-06 1.7055372536e+01
-3.1515746589e-04 3.7546457830e-06 1.7024019652e+01
3.2049722782e-04 3.2280113339e-06 1.7249941367e+01
3.1303065509e-04 6.1652683521e-06 1.7198640423e+01
3.2108050338e-04 6.6262362691e-06 1.7026028075e+01
-2.5053383880e-04 7.2126144962e-05 3.7339053100e+01
-2.4819564403e-04 7.1431002686e-05 3.7299925959e+01
1.0752975719e-04 1.1356574496e-04 2.2993858104e+01
2.7542941920e-04 3.6409500730e-05 1.6336232666e+01
2.7626322377e-04 4.0031872542e-05 1.6200152343e+01
2.7211406346e-04 3.9359707227e-05 1.6303672026e+01
2.4929799264e-04 1.3958884701e-04 1.3369949265e+01
2.5325322862e-04 1.4055314424e-04 1.3214095405e+01
2.4568908571e-04 1.4230722511e-04 1.3343153030e+01
2.4175763428e-04 1.4136039820e-04 1.3492294481e+01
2.4187019169e-04 1.4484488754e-04 1.3325872659e+01
2.5676309578e-04 1.3771838097e-04 1.3244687131e+01
2.4134628702e-04 1.3759763037e-04 1.3667885089e+01
2.1907350738e-04 1.4643934831e-04 1.3823085579e+01
2.1544828268e-04 1.4910225892e-04 1.3781489853e+01
2.1145052979e-04 1.4798941067e-04 1.3927006222e+01
2.1180307681e-04 1.5174178973e-04 1.3733278714e+01
2.1575423175e-04 1.5263213193e-04 1.3593879261e+01
2.1182103019e-04 1.5558937236e-04 1.3523749714e+01
2.0745959972e-04 1.4685819754e-04 1.4068862173e+01
2.1947628876e-04 1.5009270921e-04 1.3637031441e+01
2.2390474768e-04 1.5166833076e-04 1.3448497759e+01
2.0792921915e-04 1.5420560047e-04 1.3689935647e+01
2.2706910362e-04 1.4858569786e-04 1.3526877630e+01
-1.7444186658e-04 4.4900058561e-05 4.2409279224e+01
2.2769228795e-04 1.1938736709e-04 1.4566778064e+01
2.3165293164e-04 1.2041979660e-04 1.4468553602e+01
-2.5597660777e-04 5.9207138648e-05 3.6308122642e+01
2.5304473873e-04 2.4806242635e-05 1.8363741073e+01
2.4965822630e-04 2.7382910115e-05 1.8110673103e+01
2.4562051081e-04 2.7022024055e-05 1.8275486568e+01
2.4627533678e-04 2.9940098672e-05 1.7876009775e+01
2.4224420504e-04 2.9552089484e-05 1.8038765633e+01
2.5029713837e-04 3.0306639315e-05 1.7730377132e+01
2.4157699610e-04 2.6641252811e-05 1.8349827717e+01
2.3820855087e-04 2.9145310854e-05 1.8108402126e+01
2.4289715141e-04 3.2479577377e-05 1.7692862103e+01
2.3753956889e-04 2.6246754028e-05 1.8357742220e+01
2.3417884566e-04 2.8725669158e-05 1.8127626842e+01
2.3484584036e-04 3.1635063243e-05 1.7899020346e+01
2.3082451387e-04 3.1191464261e-05 1.7933389150e+01
2.3015969530e-04 2.8297190743e-05 1.8144703251e+01
2.5368471180e-04 2.7721952289e-05 1.7918501419e+01
2.5430682481e-04 3.0651877603e-05 1.7510680081e+01
2.5769870217e-04 2.8038922664e-05 1.7738276698e+01
3.4114736006e-04 2.6024712869e-05 1.4390514158e+01
-2.0186286648e-04 2.4837800793e-05 4.4310958396e+01
-2.0539803344e-04 2.4886626677e-05 4.3953448558e+01
-2.0263534342e-04 2.6511512557e-05 4.3957460365e+01
-1.9989155374e-04 2.8152331484e-05 4.3929623523e+01
-2.0886318121e-04 2.4945923901e-05 4.3575189677e+01
-2.1449121861e-04 2.1718864854e-05 4.3393675285e+01
-2.1800286577e-04 2.1773642941e-05 4.2907493417e+01
-1.8876740491e-04 8.9257083308e-05 3.5779112132e+01
1.6543162976e-04 8.3033758306e-05 1.7006307322e+01
1.6219177192e-04 8.5388138198e-05 1.7005648855e+01
1.5839285319e-04 8.4226006848e-05 1.7008417939e+01
2.4691180734e-04 3.2871897154e-05 1.7546193044e+01
-2.3434857430e-04 8.1921847345e-05 3.6702793785e+01
-3.3643909324e-04 2.0402802279e-05 1.7001992543e+01
-1.8811869711e-04 7.6542263881e-05 3.7037073273e+01
1.5040321804e-04 7.8690870612e-05 1.6977355234e+01
1.4726031795e-04 8.0935899247e-05 1.6973437454e+01
-3.4740890596e-04 1.5480786643e-05 1.7009628919e+01
-3.4549335953e-04 1.9001848732e-05 1.6918942166e+01
-2.2969958209e-04 8.3101891093e-05 3.6543707923e+01
-2.2994799152e-04 8.5304422133e-05 3.6425079396e+01
1.8481679394e-04 1.5818097999e-04 1.3951677562e+01
2.4966805932e-04 1.4389043953e-04 1.3156760832e+01
2.5398345416e-04 1.4435135333e-04 1.3009357116e+01
-2.0568643391e-04 1.2049487255e-05 4.5943640041e+01
-2.0293042225e-04 1.3591580549e-05 4.6025304617e+01
-1.9917728709e-04 1.3572505478e-05 4.6425723734e+01
-2.0018260334e-04 1.5143305751e-05 4.6074115754e+01
-1.9646854825e-04 1.5119190315e-05 4.6444774647e+01
-1.9541843095e-04 1.3554907498e-05 4.6797528576e+01
2.5913736860e-04 7.2321075886e-05 1.5280118507e+01
1.6887794890e-04 1.5303309225e-04 1.4597723403e+01
1.6897882293e-04 1.5676733190e-04 1.4364401883e+01
1.7290007072e-04 1.5806975046e-04 1.4197388314e+01
1.6908606358e-04 1.6047824652e-04 1.4093920865e+01
3.2232496697e-04 8.4379466811e-05 1.3240266783e+01
2.2087069134e-04 2.1830385835e-05 1.8644383558e+01
2.1753046668e-04 2.4193179011e-05 1.8420469679e+01
2.1356348294e-04 2.3781237253e-05 1.8467536801e+01
2.1420097326e-04 2.6546984819e-05 1.8238369959e+01
2.1023921383e-04 2.6109955413e-05 1.8297078487e+01
2.1817311482e-04 2.6985678535e-05 1.8199774903e+01
2.1484913656e-04 2.9356121366e-05 1.8023552164e+01
2.0960572799e-04 2.3372515744e-05 1.8535009211e+01
2.0628580018e-04 2.5675920459e-05 1.8365744469e+01
2.0692690816e-04 2.8431928593e-05 1.8146090677e+01
2.0297866408e-04 2.7973519722e-05 1.8230188702e+01
2.0234199807e-04 2.5245815476e-05 1.8454996191e+01
2.2150822749e-04 2.4606895127e-05 1.8395899562e+01
2.2215611598e-04 2.7424810020e-05 1.8159521877e+01
2.2549682568e-04 2.5020701496e-05 1.8373778362e+01
2.2615144780e-04 2.7862685694e-05 1.8155812959e+01
2.2281355365e-04 3.0280671249e-05 1.7967469638e+01
2.2949823470e-04 2.5433691934e-05 1.8360324496e+01
2.2884655022e-04 2.2605840969e-05 1.8603742489e+01
2.3285322666e-04 2.2992187129e-05 1.8615216322e+01
1.6790758020e-04 5.5854202629e-05 1.7681596506e+01
1.6469196861e-04 5.8104538351e-05 1.7707815079e+01
1.6089212064e-04 5.7352726186e-05 1.8069225552e+01
-2.5481135537e-04 4.2978223444e-05 3.4762518567e+01
-1.5732998450e-04 8.2145787051e-05 3.6418771629e+01
-1.5892154910e-04 8.6308383398e-05 3.5893302965e+01
-1.6169851382e-04 8.6521642774e-05 3.5877454734e+01
-1.5970367433e-04 8.8413585568e-05 3.5653904643e+01
-1.6245953291e-04 8.8635908181e-05 3.5644435298e+01
2.0054476663e-04 9.0107119370e-05 1.6067059035e+01
-1.8786955007e-04 1.3525108363e-05 4.7467042038e+01
-1.8895949086e-04 1.5088607819e-05 4.7114738127e+01
-1.9164338650e-04 1.3540686946e-05 4.7144110154e+01
-1.9003132110e-04 1.6655413432e-05 4.6759759738e+01
-1.0284938333e-04 9.5479684780e-05 3.4654713953e+01
1.4111524121e-04 5.0859474154e-05 2.1323293056e+01
1.4182321394e-04 5.3652642747e-05 2.0934151857e+01
1.4565160091e-04 5.4377744932e-05 2.0220139534e+01
1.4879461220e-04 5.2251473159e-05 1.9950190939e+01
1.5262558973e-04 5.2961262262e-05 1.9359532159e+01
1.5327272295e-04 5.5851027756e-05 1.8999474599e+01
3.3285494187e-04 4.7762837975e-05 1.4125698348e+01
1.2082479512e-04 7.0860048983e-05 2.2891651896e+01
1.2149347805e-04 7.3806845239e-05 2.3012179367e+01
1.2522659245e-04 7.4796841047e-05 2.2535573148e+01
1.2215151584e-04 7.6807660962e-05 2.3032352972e+01
1.1845666255e-04 7.5795147596e-05 2.2894909466e+01
1.1909750275e-04 7.8791833896e-05 2.2945731698e+01
1.1544974872e-04 7.7758158369e-05 2.2926920515e+01
1.1481167462e-04 7.4811516359e-05 2.2919895139e+01
1.1184735171e-04 7.6758317596e-05 2.2899891462e+01
1.1121160853e-04 7.3858461433e-05 2.2899179009e+01
1.0829296185e-04 7.5783553212e-05 2.2884958711e+01
1.0765567222e-04 7.2934158749e-05 2.2882769538e+01
1.0478106211e-04 7.4841672739e-05 2.2868854700e+01
1.0414176825e-04 7.2039654287e-05 2.2866781666e+01
1.0131067966e-04 7.3931031656e-05 2.2851198805e+01
1.0066828517e-04 7.1174734679e-05 2.2851645859e+01
9.7880188089e-05 7.3051182467e-05 2.2835765927e+01
9.7233515431e-05 7.0339406760e-05 2.2836632699e+01
9.4486404154e-05 7.2204997811e-05 2.2821130446e+01
9.3835562681e-05 6.9533972348e-05 2.2823048162e+01
9.1131396984e-05 7.1383974406e-05 2.2806320947e+01
9.0473273260e-05 6.8756976011e-05 2.2810441275e+01
8.7810017630e-05 7.0595133399e-05 2.2795086685e+01
8.7144484009e-05 6.8009257581e-05 2.2798821124e+01
8.1263371572e-05 6.9107808926e-05 2.2775089541e+01
7.8034844532e-05 6.8408266053e-05 2.2766439735e+01
7.7343180086e-05 6.5937265042e-05 2.2773547959e+01
7.4833996492e-05 6.7737515116e-05 2.2761009617e+01
7.4132421705e-05 6.5302567018e-05 2.2767783589e+01
7.1658074101e-05 6.7097893927e-05 2.2757053223e+01
7.0947101575e-05 6.4695699439e-05 2.2763918492e+01
6.8508793257e-05 6.6481266024e-05 2.2753247556e+01
6.5381907407e-05 6.5893794965e-05 2.2752743992e+01
6.4648314450e-05 6.3560571369e-05 2.2760029424e+01
6.2275539043e-05 6.5336221211e-05 2.2753292202e+01
6.1531575584e-05 6.3032863586e-05 2.2759940432e+01
5.9191469199e-05 6.4800322199e-05 2.2753397170e+01
5.8435373853e-05 6.2529876943e-05 2.2760894631e+01
5.5358142146e-05 6.2052116982e-05 2.2762078606e+01
5.2298647925e-05 6.1599392353e-05 2.2764500822e+01
4.7032120600e-05 6.2918148265e-05 2.2765931978e+01
4.4030989644e-05 6.2510839909e-05 2.2774971429e+01
4.3217705792e-05 6.0382280074e-05 2.2766115752e+01
4.1045348772e-05 6.2122318691e-05 2.2788998393e+01
4.0220009162e-05 6.0022123541e-05 2.2814346549e+01
3.8072141184e-05 6.1758209221e-05 2.2695835746e+01
3.7236103405e-05 5.9684095523e-05 2.2801209694e+01
3.4252808253e-05 5.9367337484e-05 2.4373875398e+01
3.1243688773e-05 5.9066588946e-05 2.5950562402e+01
2.8210111853e-05 5.8782428378e-05 2.7490369251e+01
2.6104028420e-05 6.0504766773e-05 2.8235243495e+01
2.3056882617e-05 6.0232614023e-05 2.9621476656e+01
1.9989298393e-05 5.9978537072e-05 3.0905319470e+01
1.6902554593e-05 5.9743041824e-05 3.2091140585e+01
1.3800041496e-05 5.9518694168e-05 3.3183116061e+01
1.0681441694e-05 5.9310717893e-05 3.4185999797e+01
7.5477892353e-06 5.9119551579e-05 3.5104298373e+01
6.4280634281e-06 5.7222060751e-05 3.5574085797e+01
3.2551150369e-06 5.7054234253e-05 3.6392225828e+01
7.0385605513e-08 5.6898715695e-05 3.7138277865e+01
-3.1251694535e-06 5.6755171786e-05 3.7816423736e+01
-5.1056683445e-06 5.8474210519e-05 3.8026861616e+01
-6.3304800533e-06 5.6622450448e-05 3.8430884224e+01
-8.2945680529e-06 5.8342695601e-05 3.8592622676e+01
-9.5447626721e-06 5.6500430297e-05 3.8985749877e+01
-1.2767233260e-05 5.6388793191e-05 3.9484919094e+01
-1.5997022820e-05 5.6286495890e-05 3.9932262157e+01
-1.9233477111e-05 5.6193396685e-05 4.0331440348e+01
-2.2475946547e-05 5.6109212482e-05 4.0685902916e+01
-2.5723722890e-05 5.6033021030e-05 4.0999046286e+01
-2.8976252469e-05 5.5964676111e-05 4.1274025268e+01
-3.0813515676e-05 5.7699406997e-05 4.1159842627e+01
-3.4050430501e-05 5.7638633921e-05 4.1369752884e+01
-3.7290897395e-05 5.7586445184e-05 4.1549302081e+01
-4.0534452917e-05 5.7543430377e-05 4.1700813562e+01
-4.2023050116e-05 5.5761998066e-05 4.2049481317e+01
1.2280103834e-04 7.9864914212e-05 2.2655979423e+01
-4.5291433753e-05 5.5727045161e-05 4.2175156492e+01
-4.2291097621e-05 5.9295872663e-05 4.1485404599e+01
-3.2629982895e-05 5.9445391909e-05 4.1025271402e+01
-2.3001221953e-05 5.9662273657e-05 4.0287900919e+01
-1.3419693465e-05 5.9958289934e-05 3.9191150144e+01
-3.9031262358e-06 6.0347054360e-05 3.7636743982e+01
5.5270545928e-06 6.0843873832e-05 3.5509806636e+01
1.4844690927e-05 6.1465407132e-05 3.2679731739e+01
2.4017625660e-05 6.2229032379e-05 2.9004415881e+01
-3.6961853354e-05 5.4072915362e-05 4.2079987915e+01
-1.7321729458e-05 5.4473852802e-05 4.0319646835e+01
3.3006203496e-05 6.3151594767e-05 2.4373454406e+01
1.1646580367e-05 5.5690851432e-05 3.4240875208e+01
2.1075549521e-05 5.6311708620e-05 3.0903076772e+01
3.0335112047e-05 5.7060741525e-05 2.6775431713e+01
1.1056198692e-04 7.1005700571e-05 2.2896366685e+01
3.9388820299e-05 5.7947632821e-05 2.2642432415e+01
9.3171020120e-05 6.6901727019e-05 2.2825463795e+01
4.8458306985e-05 5.9014131221e-05 2.2771763887e+01
5.7670570696e-05 6.0286491410e-05 2.2766334327e+01
7.6640527470e-05 6.3497123698e-05 2.2779551927e+01
6.7053680616e-05 6.1776940131e-05 2.2768084725e+01
5.0828617443e-05 6.5566634360e-05 2.2757198313e+01
5.9936264904e-05 6.7104607076e-05 2.2747549514e+01
6.9217921083e-05 6.8883621195e-05 2.2746634085e+01
9.1772285408e-05 7.4055059882e-05 2.2804275574e+01
1.0891176709e-04 7.8685540739e-05 2.2888420689e+01
7.8732623632e-05 7.0919457618e-05 2.2759847221e+01
8.5200161866e-05 7.2425881791e-05 2.2778065104e+01
1.0195764136e-04 7.6738324484e-05 2.2851918312e+01
1.1974549594e-04 8.1850267244e-05 2.3066867844e+01
-4.8564985020e-05 5.5697381247e-05 4.2278311877e+01
-4.6829238743e-05 5.3962239424e-05 4.2528207779e+01
-4.8721666722e-05 5.9227004609e-05 4.1671744976e+01
8.3162718956e-05 6.4776800178e-05 2.2793939209e+01
1.0001315071e-04 6.8458448006e-05 2.2851810912e+01
1.2830528942e-04 7.2762896003e-05 2.1815952948e+01
1.2894690702e-04 7.5802303504e-05 2.1211423171e+01
1.3203641271e-04 7.3739399657e-05 2.0674337167e+01
1.3266296512e-04 7.6820902619e-05 2.0036375270e+01
1.2957619706e-04 7.8898877040e-05 2.0568951112e+01
-4.8390051963e-05 5.2208965259e-05 4.2885962151e+01
1.3412707660e-04 5.2235028829e-05 2.2587957771e+01
1.9322750401e-04 1.9233824984e-05 1.9236119771e+01
1.8991738072e-04 2.1409006645e-05 1.9132856282e+01
1.8599119979e-04 2.1037333701e-05 1.9332283247e+01
1.8662112680e-04 2.3584419521e-05 1.9058614037e+01
1.9054511426e-04 2.3989443775e-05 1.8869700698e+01
1.8726096576e-04 2.6188925812e-05 1.8797289872e+01
1.8206608097e-04 2.0674248558e-05 1.9547490412e+01
1.7877774654e-04 2.2799030731e-05 1.9519370467e+01
1.7942359397e-04 2.5338171594e-05 1.9256254593e+01
1.7550521248e-04 2.4925719118e-05 1.9531909923e+01
1.7485749485e-04 2.2419856383e-05 1.9802317580e+01
1.9384575933e-04 2.1788618633e-05 1.8962723009e+01
1.9447216851e-04 2.4401745877e-05 1.8707466064e+01
1.9777713510e-04 2.2175536417e-05 1.8820528737e+01
1.9840412900e-04 2.4820776734e-05 1.8570562177e+01
1.9510940491e-04 2.7069604523e-05 1.8460989394e+01
2.0171407844e-04 2.2569029826e-05 1.8706428805e+01
2.0109608492e-04 1.9946679488e-05 1.8975583432e+01
-2.5801533522e-04 3.7075710601e-05 3.3329634493e+01
2.8779274839e-04 8.1583288572e-05 1.4448840057e+01
2.8438922376e-04 8.4615442936e-05 1.4434795693e+01
-2.0003094653e-04 9.5171431609e-05 3.5529937188e+01
-2.7346093674e-04 5.4917561145e-05 3.3643852556e+01
2.3740625813e-04 4.3554776373e-05 1.6995988820e+01
2.3813165389e-04 4.6900648296e-05 1.7065347718e+01
2.4225585950e-04 4.7708012819e-05 1.6690241429e+01
2.3895663322e-04 5.0482661321e-05 1.6686859991e+01
2.3481414524e-04 4.9618894668e-05 1.7067205237e+01
2.3565232473e-04 5.3247787743e-05 1.6702025528e+01
2.3979119874e-04 5.4139722960e-05 1.6373385681e+01
2.3647774636e-04 5.6909132475e-05 1.6364619183e+01
2.4060196009e-04 5.7804496845e-05 1.6220566068e+01
2.3150567273e-04 5.2342987672e-05 1.6881298366e+01
2.3072611868e-04 4.8831985051e-05 1.7006557160e+01
2.4392244729e-04 5.5013269256e-05 1.6262779660e+01
2.4471846348e-04 5.8681860804e-05 1.6064416383e+01
2.4138922033e-04 6.1480264967e-05 1.6023778502e+01
2.4549111949e-04 6.2361892825e-05 1.5891186318e+01
2.2740532925e-04 5.1494607062e-05 1.7038320906e+01
2.2668438357e-04 4.8122587516e-05 1.7021423989e+01
2.4882786472e-04 5.9540916415e-05 1.5936191467e+01
2.4556241976e-04 4.4927456479e-05 1.6901545115e+01
2.4641167959e-04 4.8558239083e-05 1.6548739747e+01
2.4971943661e-04 4.5740522996e-05 1.6618907411e+01
1.1453686228e-04 4.6477531928e-05 2.2907609745e+01
1.2197257285e-04 4.7633997366e-05 2.2923931452e+01
1.2574556240e-04 4.8241849312e-05 2.2942579494e+01
1.2645971722e-04 5.0883485396e-05 2.2927005549e+01
-3.1904764792e-04 1.9054697190e-05 1.7019487349e+01
-1.9114204145e-04 9.7905561366e-05 3.5236606688e+01
2.0180576545e-04 9.7634446338e-05 1.5640487326e+01
1.0724104040e-04 4.5403251736e-05 2.2887616298e+01
1.0794271326e-04 4.7858981957e-05 2.2890083939e+01
2.0791230759e-04 1.1393601624e-04 1.5014858233e+01
-1.9409964040e-04 7.9280168414e-05 3.6715856575e+01
1.6570863513e-04 1.7014985933e-05 2.0967208115e+01
1.6242485458e-04 1.9008909027e-05 2.1078643354e+01
1.5849018167e-04 1.8711666734e-05 2.1471469650e+01
1.5915505992e-04 2.1011642102e-05 2.1226956675e+01
1.5522343616e-04 2.0691024084e-05 2.1664967406e+01
1.6308416662e-04 2.1345749428e-05 2.0824121447e+01
1.5982908868e-04 2.3378394069e-05 2.0967677954e+01
1.5455375542e-04 1.8428912867e-05 2.1886694043e+01
1.5197315262e-04 2.2679002178e-05 2.1895447793e+01
1.4803930560e-04 2.2351340148e-05 2.2398096765e+01
1.4735480273e-04 2.0096353901e-05 2.2622815685e+01
1.6635732970e-04 1.9319335036e-05 2.0713694538e+01
1.6701037177e-04 2.1692388863e-05 2.0445813989e+01
1.7028673395e-04 1.9641922770e-05 2.0378451645e+01
1.7093473353e-04 2.2050700562e-05 2.0111699962e+01
1.6767236544e-04 2.4129690064e-05 2.0175137778e+01
1.7421515175e-04 1.9975812808e-05 2.0072799514e+01
1.7750919666e-04 1.7905992743e-05 2.0065580512e+01
-9.7020253780e-05 5.9344299533e-05 4.1430456134e+01
-2.1195685337e-04 3.3656309089e-05 4.1908899883e+01
-1.4448359839e-04 2.4306268229e-05 4.7849196400e+01
-1.4213851441e-04 2.5891154176e-05 4.7605652120e+01
-1.3982968717e-04 2.7490454523e-05 4.7350210122e+01
-1.3625823970e-04 2.7460972423e-05 4.7474591112e+01
-1.3265620057e-04 2.7438293973e-05 4.7592161483e+01
-1.2904886780e-04 2.7421261846e-05 4.7702322861e+01
-1.3041798891e-04 2.9038324538e-05 4.7317553100e+01
-1.2543815499e-04 2.7401350100e-05 4.7806721831e+01
2.0757275225e-04 6.7414785373e-05 1.7009269676e+01
2.0426911020e-04 7.0026792238e-05 1.7022672343e+01
2.1087617469e-04 6.4787453677e-05 1.7001809270e+01
-1.4998355890e-04 1.3417672219e-05 4.9772504710e+01
-1.5136692625e-04 1.4951553076e-05 4.9423643816e+01
-1.5272158520e-04 1.6496162699e-05 4.9069493660e+01
-1.5647532002e-04 1.6506221920e-05 4.8894912536e+01
-1.4896539803e-04 1.6483981700e-05 4.9234832336e+01
-1.6021449815e-04 1.6520453256e-05 4.8709976098e+01
-1.5404739667e-04 1.8051888883e-05 4.8710235929e+01
-1.6268138515e-04 1.4984370216e-05 4.8869915178e+01
-1.3640162959e-04 1.0948926352e-04 3.3668163838e+01
-1.3464085437e-04 1.1151607888e-04 3.3558188490e+01
-1.3724103966e-04 1.1161091270e-04 3.3606810588e+01
-1.2539748925e-04 7.4720870817e-05 3.7829635980e+01
-1.2350073102e-04 7.6571147856e-05 3.7519503570e+01
-1.2052527323e-04 7.6473093239e-05 3.7574609386e+01
-1.2647163784e-04 7.6673994660e-05 3.7465970181e+01
-1.2011456786e-04 8.6165957890e-05 3.5942382517e+01
-1.1831273849e-04 8.8069394483e-05 3.5660879080e+01
-1.1653184027e-04 8.9981589402e-05 3.5384950887e+01
-1.4236906976e-04 1.3403624644e-05 5.0088660335e+01
-1.4001406649e-04 1.4926432644e-05 4.9887714366e+01
-1.3767790173e-04 1.6455457001e-05 4.9675376597e+01
-1.4144311189e-04 1.6464155001e-05 4.9537412673e+01
-1.3391027234e-04 1.6446903910e-05 4.9804794403e+01
-1.3013983444e-04 1.6439028927e-05 4.9925633528e+01
-1.4520581239e-04 1.6473311324e-05 4.9390702305e+01
-1.4282930311e-04 1.8013459270e-05 4.9181828659e+01
2.3234516114e-04 5.5996337447e-05 1.6574251003e+01
2.3316244134e-04 5.9663560998e-05 1.6351601040e+01
2.3727993796e-04 6.0580790253e-05 1.6177032227e+01
2.3395630780e-04 6.3342555946e-05 1.6139824361e+01
7.2239989460e-05 1.0825987234e-04 2.2224703723e+01
-1.2623400392e-04 2.4223884550e-05 4.8456224437e+01
-1.2182327521e-04 2.7384220734e-05 4.7904001122e+01
-1.1820495267e-04 2.7368674924e-05 4.7994201298e+01
-1.1961630955e-04 2.8979483674e-05 4.7616286717e+01
-1.1673551514e-04 2.5772783611e-05 4.8366380838e+01
-1.1458317331e-04 2.7354162536e-05 4.8077145916e+01
-2.2875744198e-04 7.1484645613e-05 3.7214162293e+01
-1.3942299739e-04 5.6517855724e-05 4.1140297656e+01
-1.0853977056e-04 8.5766681303e-05 3.6098065737e+01
9.7554012659e-05 8.6183801271e-05 2.2799275149e+01
9.8071312208e-05 8.9093992083e-05 2.2790457103e+01
9.4766008816e-05 8.7989837118e-05 2.2767722028e+01
1.7677619739e-04 1.5574257198e-04 1.4270091766e+01
1.7667494897e-04 1.5919939484e-04 1.4044494677e+01
-1.2711498539e-04 1.3380763144e-05 5.0608608874e+01
-1.2484415355e-04 1.4899969763e-05 5.0379923585e+01
-1.2259223588e-04 1.6425383306e-05 5.0141303209e+01
-1.1881562311e-04 1.6418971774e-05 5.0235941941e+01
-1.2034431358e-04 1.7959137176e-05 4.9893117110e+01
-1.1724751511e-04 1.4889252802e-05 5.0572025977e+01
-1.2863981348e-04 1.4905721191e-05 5.0270233292e+01
-1.2784958657e-04 1.7974712039e-05 4.9689499156e+01
1.3818402037e-04 1.5437917632e-05 2.2904397918e+01
1.3174830293e-04 1.9119305033e-05 2.2918804526e+01
1.2790827155e-04 1.8919354404e-05 2.2914029603e+01
1.3561302216e-04 1.9336776410e-05 2.2926966743e+01
1.3242018728e-04 2.1215842346e-05 2.2920273161e+01
1.2724953872e-04 1.6930396432e-05 2.2915962000e+01
1.2409148112e-04 1.8736603865e-05 2.2909691521e+01
1.3950260424e-04 1.9572129480e-05 2.2921024226e+01
1.4274806906e-04 1.7681717020e-05 2.2966141283e+01
1.4018487608e-04 2.1747467647e-05 2.2914705944e+01
1.4668069438e-04 1.7912617700e-05 2.2768674727e+01
1.4601676551e-04 1.5803205946e-05 2.2863877884e+01
1.4995245212e-04 1.6012658797e-05 2.2447876575e+01
-1.0272245142e-04 8.5601727154e-05 3.6191330527e+01
1.3328056616e-04 7.9956870369e-05 1.9338512083e+01
1.2652587585e-04 8.0987560619e-05 2.1173953768e+01
1.8766540331e-04 1.4085602779e-04 1.4721469395e+01
1.8398755877e-04 1.4336126644e-04 1.4710087323e+01
4.9404975807e-05 1.0417397076e-04 2.5556606320e+01
5.0487929011e-05 1.0889918170e-04 2.7526591094e+01
5.4593954480e-05 1.0591794456e-04 2.3035121585e+01
5.5116142954e-05 1.0831802760e-04 2.4059893018e+01
5.7664353046e-05 1.0929293305e-04 2.2689491130e+01
-1.1157266697e-04 2.4175199883e-05 4.8809225829e+01
-1.0578970019e-04 2.5738757437e-05 4.8580865394e+01
-1.0733061517e-04 2.7329190627e-05 4.8219542784e+01
-1.0370055839e-04 2.7317671266e-05 4.8278286990e+01
-1.0520879970e-04 2.8920649041e-05 4.7914439348e+01
-1.1095840506e-04 2.7340503822e-05 4.8152510756e+01
-1.0213607866e-04 2.5728813573e-05 4.8634983750e+01
-1.0006763115e-04 2.7307540288e-05 4.8327834210e+01
-1.1308951344e-04 2.5760475866e-05 4.8446121033e+01
1.2276812598e-04 1.4892648742e-05 2.2928261710e+01
1.1963140172e-04 1.6650422136e-05 2.2915989336e+01
1.1585292634e-04 1.6531613842e-05 2.2915426041e+01
1.1652364151e-04 1.8420217876e-05 2.2906093488e+01
1.1277471428e-04 1.8284246601e-05 2.2905623702e+01
1.1209452112e-04 1.6425664836e-05 2.2915022365e+01
1.0904579139e-04 1.8162513783e-05 2.2904982178e+01
1.0835494761e-04 1.6331829755e-05 2.2914816190e+01
1.0533694366e-04 1.8053781718e-05 2.2904825603e+01
1.2029727808e-04 1.8570315824e-05 2.2907220038e+01
-9.6888456535e-05 8.5459039205e-05 3.6295300458e+01
1.6114940169e-04 1.0216324410e-04 1.7004285724e+01
1.6502721495e-04 1.0355459374e-04 1.6984347145e+01
1.6166789443e-04 1.0588349507e-04 1.6989782186e+01
1.6555987101e-04 1.0731528107e-04 1.7033003684e+01
1.6838238776e-04 1.0119738683e-04 1.6990311195e+01
1.6217061002e-04 1.0964575031e-04 1.7026127086e+01
1.6607795666e-04 1.1111589724e-04 1.6854133624e+01
1.6949070839e-04 1.0875362082e-04 1.6820572363e+01
1.6265403728e-04 1.1344761602e-04 1.6886684837e+01
1.6999984661e-04 1.1256642415e-04 1.6308042027e+01
1.7342791470e-04 1.1016712812e-04 1.6262969235e+01
1.7289708348e-04 1.0636223883e-04 1.6723951722e+01
1.5830462321e-04 1.0818238469e-04 1.6991943908e+01
-1.1183276094e-04 1.3364272442e-05 5.0979083951e+01
-1.0583955326e-04 1.4877230991e-05 5.0786945320e+01
-1.0747357276e-04 1.6403715440e-05 5.0463086985e+01
-1.0530843994e-04 1.7934895936e-05 5.0191736930e+01
-1.1125600635e-04 1.6407876984e-05 5.0397291109e+01
-1.0203404303e-04 1.4873834415e-05 5.0837313289e+01
-9.9904232833e-05 1.6395770152e-05 5.0562766641e+01
-1.1344627504e-04 1.4884804757e-05 5.0653810295e+01
1.9946629426e-04 6.5396495197e-05 1.7002606988e+01
-9.6870000314e-05 2.4141457654e-05 4.9023585481e+01
-9.1161766461e-05 2.5707195892e-05 4.8735799263e+01
-9.2795078600e-05 2.7291607326e-05 4.8396625213e+01
-8.9156130905e-05 2.7284746112e-05 4.8414568516e+01
-9.0757708837e-05 2.8881384776e-05 4.8073699041e+01
-9.6432448983e-05 2.7298360659e-05 4.8367629072e+01
-8.7500009137e-05 2.5701577479e-05 4.8746563899e+01
-8.5515301453e-05 2.7279469587e-05 4.8420202009e+01
1.3815860369e-04 1.4776561382e-04 1.6677002211e+01
-9.6528088554e-05 1.3354216888e-05 5.1180818845e+01
-9.4418749169e-05 1.4869248370e-05 5.0902136174e+01
-9.0609574875e-05 1.4867601962e-05 5.0915121932e+01
-8.8539856961e-05 1.6388673182e-05 5.0621363632e+01
-9.6117268167e-05 1.6392621691e-05 5.0595227981e+01
-8.4749257297e-05 1.6387421805e-05 5.0613312971e+01
-2.3934562397e-04 1.2300693232e-05 3.9872556575e+01
-2.3631800172e-04 1.3872777060e-05 4.0472991711e+01
-2.3266538194e-04 1.3825205764e-05 4.1325178039e+01
-2.3330927804e-04 1.5452288149e-05 4.0992674634e+01
1.0093205571e-04 1.6176135988e-05 2.2915959840e+01
9.7249063418e-05 1.6112774639e-05 2.2914980738e+01
9.7979118041e-05 1.7871457598e-05 2.2905008079e+01
9.4330480788e-05 1.7796007641e-05 2.2903440659e+01
9.8700082725e-05 1.9675632543e-05 2.2893262837e+01
9.3584778459e-05 1.6058068152e-05 2.2923868331e+01
9.1448071817e-05 1.9488552131e-05 2.2892769585e+01
1.0463465686e-04 1.6248731443e-05 2.2914538910e+01
6.5890342196e-05 7.7298238781e-05 2.2697377200e+01
6.6544600634e-05 7.9771185941e-05 2.2681379773e+01
4.0721938263e-05 9.1128190367e-05 2.3782732935e+01
5.9875903241e-05 7.5930543358e-05 2.2704418847e+01
3.1352789781e-04 2.7313523291e-05 1.5668109497e+01
-7.9779626216e-05 7.7528646743e-05 3.8076366340e+01
-8.2790896804e-05 7.7560324233e-05 3.8008428238e+01
-8.8813022727e-05 7.7638452450e-05 3.7872969698e+01
-9.1816417850e-05 7.7685344539e-05 3.7806120653e+01
-2.5556871804e-04 2.6775289872e-05 3.3696902435e+01
-8.1206169404e-05 1.3351368451e-05 5.1172311119e+01
-7.9175616977e-05 1.4866069190e-05 5.0865063353e+01
-7.7165374728e-05 1.6387407126e-05 5.0549586080e+01
-7.3372512521e-05 1.6388154803e-05 5.0491675252e+01
-7.1549325346e-05 1.4867943245e-05 5.0746452353e+01
-8.2987795457e-05 1.4865846118e-05 5.0897657291e+01
-8.2705812151e-05 1.7917320917e-05 5.0304167268e+01
-7.9313547699e-05 8.5164033008e-05 3.6668665104e+01
8.6311894978e-05 1.5971701549e-05 2.2990498550e+01
8.2693572022e-05 1.5935500428e-05 2.3457508889e+01
8.3498681677e-05 1.7623087082e-05 2.2974375810e+01
8.4276641118e-05 1.9342502538e-05 2.2878001909e+01
7.9064175930e-05 1.5896876864e-05 2.4118182873e+01
7.7175759399e-05 1.9229320664e-05 2.3527096497e+01
8.9938974352e-05 1.6010997756e-05 2.2901540722e+01
-7.3743044908e-05 7.7481348197e-05 3.8210786118e+01
-5.9995661185e-05 2.4133199423e-05 4.8640854142e+01
-6.5502241288e-05 2.5697754148e-05 4.8499094113e+01
-6.3643598236e-05 2.7280744243e-05 4.8135875738e+01
-6.7290750513e-05 2.7274737221e-05 4.8227596105e+01
-6.5433391761e-05 2.8868736583e-05 4.7865915219e+01
-7.0937254654e-05 2.7272361086e-05 4.8299578715e+01
-5.9991669003e-05 2.7285293875e-05 4.8023804891e+01
-7.4582834200e-05 2.7274368510e-05 4.8352996489e+01
-7.6306320818e-05 2.8865770421e-05 4.8047078424e+01
-1.7601730483e-04 9.8395401116e-05 3.4959018852e+01
3.1201585490e-05 4.0479164331e-05 3.0336381464e+01
3.6801252723e-05 3.8958252839e-05 2.8750229577e+01
4.0091960019e-05 3.9117685612e-05 2.7512631386e+01
-6.5872502447e-05 1.3357238533e-05 5.0889471627e+01
-6.0105892064e-05 1.4876784609e-05 5.0414403036e+01
-6.1989870906e-05 1.6396044906e-05 5.0197427436e+01
-5.6291119658e-05 1.4881080718e-05 5.0256766971e+01
-5.4400678855e-05 1.6405508350e-05 4.9886223181e+01
-6.0067905993e-05 1.7927974474e-05 4.9838758979e+01
-6.5784416394e-05 1.6392193433e-05 5.0317062708e+01
-5.0606192105e-05 1.6413046809e-05 4.9691046073e+01
-4.8745868829e-05 1.7948494703e-05 4.9300456425e+01
-6.7735060662e-05 1.4870135447e-05 5.0657727144e+01
-6.7616099497e-05 1.7920666838e-05 5.0074281522e+01
7.1773412481e-05 1.5815209678e-05 2.5613669187e+01
6.8113063280e-05 1.5772598036e-05 2.6461300883e+01
6.9098768734e-05 1.7434396208e-05 2.5778763040e+01
7.0042194380e-05 1.9117692456e-05 2.5081746148e+01
6.4442862352e-05 1.5729125144e-05 2.7364076748e+01
6.1829329130e-05 1.7334166670e-05 2.7593408535e+01
6.2856946438e-05 1.9003379061e-05 2.6861159270e+01
7.5423903790e-05 1.5856668020e-05 2.4826258366e+01
1.9043049292e-04 9.7794481059e-05 1.6126013236e+01
2.3452592100e-05 3.8385808130e-05 3.3455508848e+01
-6.7555602546e-05 8.5080252264e-05 3.6957610208e+01
-4.1548561894e-05 2.4183614989e-05 4.7668319843e+01
5.9650469262e-05 1.4054700492e-05 2.9023861424e+01
5.7073367270e-05 1.5641656275e-05 2.9300165250e+01
5.3375057541e-05 1.5597851236e-05 3.0317315741e+01
5.0845863526e-05 1.7183713729e-05 3.0608899715e+01
5.5623344418e-05 1.8888688384e-05 2.8820726454e+01
4.9667893277e-05 1.5554197929e-05 3.1356507538e+01
4.8344962159e-05 1.8775718038e-05 3.0896900168e+01
6.0762758863e-05 1.5685408282e-05 2.8313039126e+01
-2.0503197421e-04 4.2419001508e-05 4.1195544418e+01
-4.6699066360e-05 1.3380383062e-05 5.0017221679e+01
-4.4846448438e-05 1.4900322327e-05 4.9619704738e+01
-4.3016878471e-05 1.6428140736e-05 4.9213887995e+01
-3.9223896251e-05 1.6438128446e-05 4.8928057900e+01
-3.7219441561e-05 1.4918387960e-05 4.9041002694e+01
-3.3407056838e-05 1.4929205728e-05 4.8700125620e+01
-3.1640569683e-05 1.6463168569e-05 4.8252911126e+01
-3.3668156602e-05 1.7992392344e-05 4.8167253720e+01
-2.7848190139e-05 1.6476431544e-05 4.7860173110e+01
-1.3899895880e-04 3.5668739327e-05 4.5624398878e+01
-1.4141032524e-04 3.9053030954e-05 4.4814502808e+01
-1.4482143174e-04 3.9096838905e-05 4.4695819399e+01
-1.4257655674e-04 4.0765595798e-05 4.4407198400e+01
-6.1674164859e-05 8.5075448053e-05 3.7106594723e+01
4.4503455373e-05 1.2960201000e-04 5.2527265192e+01
4.2254733350e-05 1.2881478807e-04 5.0925288169e+01
4.1893993266e-05 1.2642358467e-04 4.6567445023e+01
3.9949908163e-05 1.2814664421e-04 4.9589795800e+01
1.2714448667e-04 1.4583875587e-04 1.7095566010e+01
4.4698633042e-05 1.3904210481e-05 3.3150239919e+01
4.2227822469e-05 1.5469164937e-05 3.3469502908e+01
3.9775438451e-05 1.7038594302e-05 3.3783360992e+01
3.6068129381e-05 1.6992206054e-05 3.4840959946e+01
4.1024945479e-05 1.8666430658e-05 3.3025229223e+01
3.4756729182e-05 1.5387402908e-05 3.5579112843e+01
3.3667225199e-05 1.8562537537e-05 3.5144663390e+01
4.5951916789e-05 1.5511256085e-05 3.2409823572e+01
-2.7534152975e-05 1.3426662178e-05 4.8375951819e+01
-2.5785015639e-05 1.4954845611e-05 4.7906614005e+01
-2.1976648198e-05 1.4969842017e-05 4.7450821292e+01
-2.0274843193e-05 1.6509313256e-05 4.6956614358e+01
-1.6490584908e-05 1.6528309132e-05 4.6442579798e+01
-2.2351859775e-05 1.8040079733e-05 4.6941110315e+01
-1.4365423311e-05 1.5003822361e-05 4.6414038542e+01
-1.4838105905e-05 1.8083763969e-05 4.5922647041e+01
-1.1068281278e-05 1.8107577598e-05 4.5346226619e+01
-8.9274119594e-06 1.6571869126e-05 4.5283821013e+01
-1.5594472619e-04 1.0706212333e-04 3.4140962480e+01
-1.5393923041e-04 1.0893954806e-04 3.4028728889e+01
-1.5323279097e-04 1.0681580947e-04 3.4100439484e+01
2.3497029966e-05 1.5274615069e-05 3.8622296080e+01
2.4898410415e-05 1.6863308399e-05 3.7917959472e+01
1.9731577668e-05 1.5239781187e-05 3.9582499367e+01
1.7418221529e-05 1.6784099714e-05 3.9835081802e+01
2.2557200917e-05 1.8421080204e-05 3.8193517603e+01
2.6274667035e-05 1.8466725173e-05 3.7200892395e+01
1.3668425022e-05 1.6747842464e-05 4.0740514754e+01
1.5130930578e-05 1.8334539645e-05 4.0072178139e+01
3.1009919138e-05 1.5348538224e-05 3.6615628956e+01
2.8630896701e-05 1.6903928955e-05 3.6913834840e+01
2.4703186212e-04 1.2060141631e-04 1.4155418710e+01
3.0499472687e-06 1.3565703069e-05 4.3661591576e+01
8.2698135494e-07 1.5091747039e-05 4.3812651980e+01
-2.9663684258e-06 1.5067293440e-05 4.4530187998e+01
2.3886361608e-06 1.6651128934e-05 4.3210893075e+01
1.8720619243e-07 1.8192016633e-05 4.3352580360e+01
-3.5710447908e-06 1.8161946723e-05 4.4064201487e+01
6.1531289889e-06 1.6681268805e-05 4.2430384994e+01
8.4021627876e-06 1.5145677065e-05 4.2244866435e+01
7.6695449444e-06 1.8258170658e-05 4.1798555803e+01
1.2183529290e-05 1.5175217092e-05 4.1396826122e+01
1.0667254155e-05 1.3614967854e-05 4.2043578849e+01
-2.5629541481e-06 3.9286905208e-05 4.0061298666e+01
8.6645357609e-07 3.9374009206e-05 3.9334999402e+01
7.6969026455e-06 3.9568638757e-05 3.7715163458e+01
1.1095827856e-05 3.9676523653e-05 3.6820363041e+01
-5.7293935411e-05 8.7022225592e-05 3.6885994302e+01
-6.3078105087e-05 9.4847590273e-05 3.5391008451e+01
-6.1654801079e-05 9.6835980605e-05 3.5103036435e+01
2.5444285034e-04 1.3594507147e-05 2.0013011073e+01
-5.1453956123e-05 8.7065163669e-05 3.7038575560e+01
-1.9823033280e-05 3.8944851217e-05 4.2917856270e+01
-1.6358469597e-05 3.9001614966e-05 4.2443325110e+01
-2.8299582814e-05 3.7168720508e-05 4.4180741641e+01
-2.6776845585e-05 3.8846706105e-05 4.3738451716e+01
-5.7387629456e-05 9.4862045739e-05 3.5562561716e+01
-5.6002153054e-05 9.6857955602e-05 3.5278547529e+01
-2.2821887924e-04 1.2189665722e-05 4.2452375533e+01
-2.2528577018e-04 1.3748729882e-05 4.2819343165e+01
1.2974811663e-04 1.5856659011e-04 1.6751195981e+01
1.2551558824e-04 1.6033325139e-04 1.7397417929e+01
-3.3736434034e-05 3.8768271941e-05 4.4400514036e+01
-5.9906518383e-05 3.6968800309e-05 4.6110242185e+01
-5.4585745664e-05 3.5345315231e-05 4.6254582335e+01
-4.5618957254e-05 8.7138485436e-05 3.7181908184e+01
2.8657761122e-05 1.2733359615e-04 4.6408232312e+01
-5.1701034300e-05 9.4906182314e-05 3.5747407155e+01
-5.0354356697e-05 9.6910401170e-05 3.5470579574e+01
-3.8177452245e-05 8.5341935390e-05 3.7608563800e+01
-3.9791367296e-05 8.7244761886e-05 3.7307624318e+01
-4.6020591770e-05 9.4982011205e-05 3.5942067213e+01
-4.4713660756e-05 9.6995381136e-05 3.5676168198e+01
-3.2323082993e-05 8.5492477398e-05 3.7666613918e+01
-3.3971175186e-05 8.7387090430e-05 3.7405182576e+01
-4.2325853004e-05 3.7043944864e-05 4.5328853354e+01
-4.0707836432e-05 3.8707240615e-05 4.4923776821e+01
-4.0348567278e-05 9.5091942398e-05 3.6141555616e+01
-3.9082302866e-05 9.7115358636e-05 3.5890867114e+01
1.7113312381e-04 9.5097587946e-05 1.6996839898e+01
1.7508006999e-04 9.6404474899e-05 1.7010900956e+01
1.7173364114e-04 9.8813694011e-05 1.7003812225e+01
1.7569573765e-04 1.0015709211e-04 1.6960790412e+01
-3.4687223716e-05 9.5238823361e-05 3.6339037455e+01
-3.3462509973e-05 9.7273236570e-05 3.6108396183e+01
-2.7476234658e-04 3.5767152533e-05 2.5645114105e+01
-2.6481819557e-05 8.5683232627e-05 3.7672003142e+01
-2.8166091622e-05 8.7568873242e-05 3.7461339382e+01
2.3413347480e-05 1.2397498658e-04 4.2038581618e+01
1.9226238733e-05 1.2538129876e-04 4.2708147286e+01
1.7432900127e-05 1.2744806346e-04 4.4591090397e+01
1.3232820287e-05 1.2844994878e-04 4.5216757202e+01
1.1449935574e-05 1.2704922360e-04 4.3198334443e+01
7.5076850813e-06 1.2570367225e-04 4.0921719756e+01
1.8112408979e-05 1.2996791839e-04 4.7764935917e+01
1.0715258436e-05 1.2304784295e-04 4.0109935355e+01
2.4035035853e-05 1.2636195942e-04 4.4271382780e+01
2.6350709876e-05 1.2683946896e-04 4.5300249607e+01
-4.9357291518e-05 3.7005831176e-05 4.5716519524e+01
-4.7686795372e-05 3.8663113607e-05 4.5325496478e+01
-2.0656403836e-05 8.5918489001e-05 3.7606803091e+01
-2.2376038280e-05 8.7794272370e-05 3.7460025382e+01
-2.9038825971e-05 9.5425983226e-05 3.6525446832e+01
-2.7856502250e-05 9.7472401610e-05 3.6320239937e+01
-7.1034370253e-05 6.6354010817e-05 4.0394189378e+01
-6.9424992471e-05 6.8174193903e-05 4.0061942666e+01
-3.4546816812e-06 1.0928283247e-04 3.6695663077e+01
-6.1064826346e-06 1.0904392623e-04 3.6507393409e+01
-5.1406521819e-06 1.1123016895e-04 3.6490198043e+01
-7.7747662683e-06 1.1099903062e-04 3.6257115473e+01
-8.7656252090e-06 1.0882126046e-04 3.6312804749e+01
-8.0966700636e-07 1.0953928195e-04 3.6873816355e+01
1.8280693217e-06 1.0981407417e-04 3.7037408482e+01
1.0965941122e-07 1.1174346241e-04 3.6944196287e+01
6.2198373104e-06 1.0820757215e-04 3.7126645460e+01
7.9240105243e-06 1.1265559538e-04 3.7519308971e+01
1.1489509923e-05 1.0888088741e-04 3.7180504765e+01
1.2299798772e-05 1.1111659097e-04 3.7444654725e+01
1.4111494768e-05 1.0925166778e-04 3.7153669608e+01
1.4896278455e-05 1.1149817773e-04 3.7463414953e+01
1.7482546007e-05 1.1190377506e-04 3.7447510466e+01
1.9327742111e-05 1.1006670189e-04 3.6992480799e+01
2.0059045584e-05 1.1233554223e-04 3.7403184299e+01
2.2625220402e-05 1.1279323943e-04 3.7340110849e+01
2.5179843190e-05 1.1327762477e-04 3.7269447812e+01
2.3306637856e-05 1.1509182142e-04 3.7902969530e+01
2.0766609962e-05 1.1462222933e-04 3.7887931390e+01
2.7723498054e-05 1.1379106308e-04 3.7199729346e+01
2.9638612748e-05 1.1201989464e-04 3.6378337828e+01
3.0255995896e-05 1.1433339260e-04 3.7131954584e+01
3.0846374257e-05 1.1666513554e-04 3.8058711380e+01
3.5284869902e-05 1.1551088874e-04 3.6970037622e+01
3.7257322302e-05 1.1380551358e-04 3.5715001941e+01
3.5806637622e-05 1.1786360858e-04 3.8210340813e+01
5.3282912670e-06 1.1233130128e-04 3.7349541365e+01
-2.2266509312e-05 9.7716777918e-05 3.6515197388e+01
-1.1667464570e-04 6.5108634036e-05 3.9841703948e+01
-6.4747228938e-05 6.6346011302e-05 4.0461198483e+01
-6.3179195679e-05 6.8171471094e-05 4.0132541524e+01
-6.0047707444e-05 6.8177840878e-05 4.0156331029e+01
-8.5016299840e-05 6.8270896144e-05 3.9792687404e+01
-8.1894593571e-05 6.8242793906e-05 3.9853970882e+01
-1.2288645278e-04 6.5254896612e-05 3.9694470072e+01
-1.2907126603e-04 6.5418797130e-05 3.9547160284e+01
-1.3215238783e-04 6.5508007033e-05 3.9473554590e+01
-1.3321336859e-04 6.7408664594e-05 3.9084891138e+01
-1.4849687740e-05 8.6203143595e-05 3.7449619027e+01
-1.6603701331e-05 8.8067986728e-05 3.7381795862e+01
-9.1236846588e-05 6.8339565711e-05 3.9663657560e+01
-1.6694744747e-05 9.8010871580e-05 3.6678899270e+01
6.1740728429e-06 1.2107562859e-04 3.8508379607e+01
1.9976367261e-06 1.2271175893e-04 3.7963219554e+01
6.8744720827e-06 1.2330958568e-04 3.9399204263e+01
-5.0025773210e-07 1.2242161360e-04 3.7279510788e+01
-2.0925247247e-06 1.2443275733e-04 3.7267327246e+01
-1.1905316787e-06 1.2674711085e-04 3.8573983047e+01
-3.6620936284e-06 1.2646684578e-04 3.7521488953e+01
-4.5938958934e-06 1.2414571902e-04 3.6461204533e+01
9.8948319620e-05 1.5062833628e-04 1.8313242134e+01
1.0183814414e-04 1.5271505111e-04 1.7656047175e+01
-1.1143418047e-05 9.8359844988e-05 3.6793308897e+01
-9.0647182438e-06 8.6542761633e-05 3.7175365400e+01
-1.0851917891e-05 8.8395377953e-05 3.7203611629e+01
-1.5314209408e-04 7.2024621397e-05 3.7970393806e+01
-1.5608211575e-04 7.2176189724e-05 3.7912436876e+01
-1.5901056469e-04 7.2335300352e-05 3.7854872550e+01
-1.5400666601e-04 7.4015844180e-05 3.7635910868e+01
-2.3268590955e-05 1.0580891187e-04 3.5533448990e+01
-2.6398879954e-05 1.0979110030e-04 3.4755839563e+01
-2.8704318015e-05 1.0555843709e-04 3.5208329194e+01
-3.1769789362e-05 1.0955957700e-04 3.4407825374e+01
-3.4460767924e-05 1.0946010397e-04 3.4250247583e+01
-2.2152398312e-05 1.0793109811e-04 3.5339958451e+01
-1.9463594871e-05 1.0808172022e-04 3.5527852617e+01
-3.9507190320e-06 1.1988429814e-04 3.6345696077e+01
-5.5424942272e-06 1.2188811985e-04 3.6025542672e+01
-8.0738582731e-06 1.2164772109e-04 3.5476835082e+01
-9.6187844576e-06 1.2366542031e-04 3.5085298994e+01
-8.6357853604e-06 1.2595562797e-04 3.5534455977e+01
-1.0612797188e-05 1.2141802001e-04 3.4985830027e+01
-1.2143369859e-05 1.2344518701e-04 3.4512469942e+01
-3.3047094432e-06 8.6943658396e-05 3.6755277701e+01
-5.1236569687e-06 8.8782532973e-05 3.6898786831e+01
-6.6204863585e-06 9.6663760189e-05 3.6876863106e+01
-2.6177883332e-04 1.9731749932e-05 3.1127684092e+01
2.1317966583e-04 1.2644685210e-04 1.4645921502e+01
-1.4184999434e-05 1.1897646389e-04 3.4675612205e+01
-1.8278111159e-05 1.2082338505e-04 3.3822731287e+01
-1.7217529739e-05 1.2305426512e-04 3.3600333651e+01
-1.9765543991e-05 1.2287387816e-04 3.3250478450e+01
-2.2336682357e-05 1.2271042727e-04 3.2969247984e+01
-2.4885630828e-05 1.2255240535e-04 3.2745700144e+01
-2.8870105870e-05 1.2448383681e-04 3.2105331151e+01
-1.6164726397e-05 1.2530283753e-04 3.3479161225e+01
-2.6007867475e-05 1.2034628915e-04 3.3052584633e+01
-1.3160116278e-05 1.2120502095e-04 3.4547076871e+01
-1.4676958042e-05 1.2324602107e-04 3.4021454732e+01
-1.3646690122e-05 1.2550648423e-04 3.4038901851e+01
1.6027177625e-04 5.4401708991e-05 1.8385927878e+01
-1.4474136987e-04 1.1007757937e-04 3.3805804194e+01
-1.0714060260e-06 9.7122813284e-05 3.6764629399e+01
-1.1122978262e-07 9.9246689089e-05 3.6782025732e+01
5.7796517697e-07 8.9236312225e-05 3.6437335973e+01
1.8173943343e-04 1.1671346903e-04 1.5510330017e+01
1.2213078783e-04 1.5791814016e-04 1.7305497298e+01
8.1266484589e-06 8.7958542174e-05 3.5347169154e+01
4.4505925508e-06 9.7655224008e-05 3.6519797466e+01
5.3649226058e-06 9.9798605985e-05 3.6601592744e+01
1.0811168831e-05 1.0043349663e-04 3.6266779830e+01
1.3790708314e-05 8.8589347509e-05 3.4289835574e+01
1.1888137495e-05 9.0375385015e-05 3.4914643086e+01
-2.9750285051e-05 1.1802982736e-04 3.3162137761e+01
-3.1192198535e-05 1.2008699326e-04 3.2711307000e+01
-3.3793305762e-05 1.1997565247e-04 3.2580566909e+01
-3.6399328656e-05 1.1987085998e-04 3.2473006335e+01
-3.4000461366e-05 1.2423971165e-04 3.1952438250e+01
-3.9010518569e-05 1.1977874551e-04 3.2384805019e+01
-3.9152894357e-05 1.2403908827e-04 3.1891548686e+01
-4.2012677338e-05 1.2389456530e-04 3.1886787373e+01
-4.3033137098e-05 1.2172518927e-04 3.2051860063e+01
-2.4097257821e-04 6.7213432231e-05 3.7277576480e+01
-4.2366416635e-05 1.0512164755e-04 3.4502106082e+01
-4.5269075646e-05 1.0916295545e-04 3.3728635160e+01
-4.7854587763e-05 1.0501444062e-04 3.4271626914e+01
-5.2015361410e-05 1.0699908806e-04 3.3800377859e+01
-5.0691897086e-05 1.0906999842e-04 3.3530649769e+01
-3.9858684642e-05 1.0929211816e-04 3.3967811109e+01
-5.4749173802e-05 1.0697043010e-04 3.3713721136e+01
-5.7484969959e-05 1.0694989929e-04 3.3635487484e+01
-5.6124842516e-05 1.0901114978e-04 3.3371130960e+01
-6.0222458173e-05 1.0693726338e-04 3.3565399466e+01
-6.2961166710e-05 1.0693242423e-04 3.3503143703e+01
-6.1565101263e-05 1.0898472986e-04 3.3246930218e+01
-6.4288481624e-05 1.0898326314e-04 3.3197006126e+01
-6.5701682181e-05 1.0693510389e-04 3.3448399168e+01
1.9415377933e-05 8.9315229754e-05 3.2952239805e+01
1.7489936659e-05 9.1078770075e-05 3.3789458186e+01
1.6224994382e-05 1.0116022966e-04 3.5754963046e+01
1.4580463623e-04 1.3611577743e-04 1.6811675800e+01
2.3051842695e-05 9.1885132804e-05 3.2385786324e+01
2.0828535777e-05 9.9777820729e-05 3.4727343113e+01
2.6217142580e-05 1.0069277132e-04 3.3723646006e+01
1.4368842301e-04 1.0603722932e-04 1.7003828203e+01
1.6383994172e-04 1.2494228593e-04 1.5879121895e+01
-4.2876723792e-05 1.1755557352e-04 3.2563086240e+01
-4.5603091002e-05 1.2165557329e-04 3.2029373319e+01
-4.8206577904e-05 1.2157128275e-04 3.2019598594e+01
-4.7190434450e-05 1.2359027482e-04 3.1905959806e+01
-5.0820111811e-05 1.2156077796e-04 3.2014107801e+01
-1.9041787306e-04 4.5458571466e-05 4.1577980610e+01
2.2639061700e-04 1.1763483884e-05 1.9849292620e+01
-1.5970493228e-04 3.5921267908e-05 4.4827922615e+01
-1.6312816858e-04 3.5972548163e-05 4.4675365283e+01
-1.6553207814e-04 3.4320089012e-05 4.4909731145e+01
1.2626978973e-04 1.0248327929e-04 1.7114611142e+01
-5.3452878151e-05 1.1735063523e-04 3.2357338687e+01
-5.6060544216e-05 1.2147492679e-04 3.2032887831e+01
-6.0045305257e-05 1.1938210137e-04 3.2157766573e+01
-5.3439159486e-05 1.2145682072e-04 3.2023123833e+01
-6.2688693853e-05 1.1935593833e-04 3.2170180029e+01
-6.1963276591e-05 1.2380337617e-04 3.2072154535e+01
5.7094125342e-05 9.5558979132e-05 2.2507392035e+01
5.4958732381e-05 9.7150320510e-05 2.2466101005e+01
1.7012751416e-04 6.8138207513e-05 1.7004547271e+01
1.7394479948e-04 6.9036295663e-05 1.7013830244e+01
-1.8397126941e-04 6.2134680969e-05 3.9062761512e+01
-1.5839573083e-04 3.9301801280e-05 4.4174478715e+01
-1.9347340517e-05 1.1860994906e-04 3.4050230736e+01
-1.5165533610e-04 8.1781376842e-05 3.6478822622e+01
-7.6185277754e-05 1.1527345528e-04 3.2497391750e+01
-7.4725387633e-05 1.1734450012e-04 3.2364258749e+01
-7.7390085101e-05 1.1737871441e-04 3.2390512200e+01
-6.6735911335e-05 1.1728739308e-04 3.2313991976e+01
-6.9072620448e-05 1.2140683145e-04 3.2172437046e+01
-6.5325565917e-05 1.1936220861e-04 3.2187020751e+01
-7.2061903657e-05 1.1730453052e-04 3.2343564400e+01
1.0989919132e-04 6.8199133603e-05 2.2893167171e+01
-6.0043688791e-05 5.7392074665e-05 4.2156280742e+01
-6.1674307136e-05 5.9160790135e-05 4.1829769628e+01
-6.4904148834e-05 5.9156425541e-05 4.1834039106e+01
-1.9562302809e-04 9.6736607466e-05 3.5374438245e+01
1.9915751708e-04 8.2623079346e-05 1.6622832884e+01
1.3084919200e-04 1.1795195205e-04 1.7010645096e+01
1.3102757485e-04 1.2159940273e-04 1.7017813603e+01
1.2753063836e-04 1.1991067015e-04 1.7011929607e+01
-1.2586494865e-04 8.6401166820e-05 3.5879013653e+01
1.1126625336e-04 9.0765131894e-05 2.2895673278e+01
1.1483146286e-04 9.2004211029e-05 2.2990963416e+01
1.1177555175e-04 9.3888739447e-05 2.2846315397e+01
1.1534702256e-04 9.5185133159e-05 2.3060316062e+01
1.1227218299e-04 9.7049681926e-05 2.2915893550e+01
1.1271828809e-04 1.0024849748e-04 2.3094754826e+01
-1.7005177447e-04 9.5603796705e-05 3.5069539627e+01
1.5783315243e-04 8.0795638827e-05 1.7008768849e+01
1.9870473883e-04 1.0135363501e-05 2.0112420114e+01
2.7585627924e-04 2.0434665468e-05 1.7594284316e+01
2.7981594258e-04 2.0598082597e-05 1.7191640909e+01
-9.1040523425e-05 8.5338674183e-05 3.6409863329e+01
-9.0670295132e-05 8.9231285065e-05 3.5743598613e+01
-1.6620172502e-04 2.4445817927e-05 4.6870627833e+01
-1.1940882471e-04 7.4531357709e-05 3.7946823507e+01
-1.1754388730e-04 7.6380704918e-05 3.7631140448e+01
-1.1455663773e-04 7.6293542943e-05 3.7689152210e+01
7.3207901134e-05 1.2702155993e-04 2.0437867210e+01
2.2541732875e-04 4.1990239207e-05 1.7154852703e+01
2.2940221707e-04 4.2489905475e-05 1.7183203420e+01
2.2603537454e-04 4.4976421080e-05 1.7013428260e+01
1.7846311688e-05 3.9913568927e-05 3.4865585066e+01
4.6609043549e-05 3.9455366416e-05 2.5044115169e+01
4.9833309700e-05 3.9632802232e-05 2.3813297896e+01
5.0633405718e-05 4.1542245077e-05 2.2915016436e+01
5.3817315639e-05 4.1751039286e-05 2.2765291536e+01
5.6243337245e-05 4.0015329962e-05 2.2812056299e+01
5.9473218842e-05 4.0232861032e-05 2.2795152317e+01
6.0243462251e-05 4.2225296855e-05 2.2782889959e+01
6.3486815750e-05 4.2491677390e-05 2.2785344061e+01
6.9287867966e-05 4.1000893544e-05 2.2799726771e+01
7.0039385577e-05 4.3084986103e-05 2.2795205642e+01
7.3350166272e-05 4.3412531549e-05 2.2801295368e+01
7.5944730744e-05 4.1613003381e-05 2.2808866980e+01
7.9310265962e-05 4.1949689178e-05 2.2815933678e+01
8.0046083312e-05 4.4130687376e-05 2.2815302204e+01
8.3432786784e-05 4.4521634092e-05 2.2823242102e+01
8.6119501050e-05 4.2686397434e-05 2.2831017365e+01
9.0289123008e-05 4.5367965986e-05 2.2840673753e+01
9.3760343291e-05 4.5823463512e-05 2.2849783982e+01
9.6543314529e-05 4.3949751157e-05 2.2858227367e+01
1.0007770913e-04 4.4412889077e-05 2.2867997438e+01
1.0078092399e-04 4.6797072475e-05 2.2869841348e+01
4.2749298841e-05 1.0654608857e-04 3.0285252446e+01
-1.6644726661e-04 4.8246920328e-05 4.2058109897e+01
1.0602059666e-04 1.4807719754e-04 1.7228811669e+01
-2.4653048155e-04 4.1782018916e-05 3.6417119991e+01
-1.6446427527e-04 8.6744536309e-05 3.5862710603e+01
-3.3113910302e-04 2.0466899744e-06 1.7334397081e+01
-3.2727683439e-04 1.9833093659e-06 1.7208857528e+01
-3.2638693983e-04 4.0956908254e-06 1.7215040898e+01
1.5691149280e-04 1.3338497284e-04 1.5879897185e+01
-1.5580803737e-04 4.6197747800e-05 4.2829955026e+01
-1.5908000437e-04 4.6272877310e-05 4.2706183692e+01
-1.6002203920e-04 4.8074687157e-05 4.2308015875e+01
1.8076083819e-04 4.6797319390e-05 1.7650455319e+01
-1.1433738104e-04 8.5954552362e-05 3.6015236574e+01
-1.3273647213e-04 1.0090169864e-04 3.4170220909e+01
-9.9230858202e-05 6.6616202272e-05 3.9865079211e+01
1.8594319666e-04 3.6561669708e-05 1.8070037314e+01
6.6310701717e-05 5.9469627862e-05 2.2773692193e+01
-2.3343613550e-04 6.5652298650e-05 3.7441928466e+01
1.6914816221e-04 4.4898231859e-05 1.8407807015e+01
-1.0053527015e-04 6.8478414571e-05 3.9458996135e+01
5.7000054723e-05 1.2039341167e-04 3.0667984702e+01
5.9391582974e-05 1.2146738391e-04 2.9487686089e+01
5.7221122414e-05 1.2282652343e-04 3.2607078252e+01
1.7423527733e-04 3.4956157811e-05 1.8788875481e+01
9.7344015724e-05 1.0580391228e-04 2.2702810204e+01
-1.5588282571e-04 7.3896955060e-06 5.0575001287e+01
8.0662311708e-05 1.2936193530e-04 2.1230750761e+01
-7.9789450530e-05 1.2187616536e-04 3.2355693742e+01
-8.0087968138e-05 1.1740788755e-04 3.2421740189e+01
-1.1339508805e-04 7.4362286723e-05 3.8069034317e+01
-1.3383812210e-04 4.7524912857e-05 4.3191306788e+01
-1.3714215106e-04 4.7580774503e-05 4.3090853655e+01
-1.2783311184e-04 1.1313119004e-04 3.3375784657e+01
-1.2024372296e-04 5.6107326993e-05 4.1659510606e+01
4.7652956085e-05 5.6886548457e-05 2.2776225107e+01
8.4508436743e-05 8.2200288591e-05 2.2727859112e+01
-8.6007968570e-05 5.7466470675e-05 4.2006483536e+01
-8.4228917304e-05 5.9228766263e-05 4.1662264854e+01
-8.1016035148e-05 5.9201913482e-05 4.1710099374e+01
6.8581252669e-05 1.2402348491e-04 2.1247026584e+01
6.8635154521e-05 1.2657564515e-04 2.3572477647e+01
1.4204046896e-04 4.0716050152e-05 2.1976680669e+01
1.5568015300e-04 6.7867878920e-05 1.7454036873e+01
-2.4101755878e-04 1.4885997605e-06 4.0390482640e+01
-2.3410182011e-04 2.9796344146e-06 4.2128509831e+01
-2.3507665741e-04 4.4838828263e-06 4.1750986849e+01
-2.3116984002e-04 4.4737574193e-06 4.2677506927e+01
-2.3897647459e-04 4.4996563734e-06 4.0731552615e+01
-2.2725596163e-04 4.4705274363e-06 4.3519765626e+01
-2.2824132218e-04 5.9881856917e-06 4.3156326518e+01
-2.2334444774e-04 4.4587140205e-06 4.4286650760e+01
2.4050782941e-04 2.2838341129e-06 2.1482492149e+01
2.4480419833e-04 4.9414214998e-06 2.1307504789e+01
1.7647011193e-04 8.2948040099e-05 1.6999864854e+01
8.0426422400e-05 9.1099765579e-05 2.2621865130e+01
7.6262116858e-05 1.3904373276e-04 1.5245779548e+01
7.8433431018e-05 1.4131906491e-04 2.1605919244e+01
5.0985683877e-05 7.4107530990e-05 2.2722534082e+01
4.8800254801e-05 7.5830664752e-05 2.2718852942e+01
5.3933303781e-05 7.4685096532e-05 2.2716218148e+01
5.4652901316e-05 7.7021446874e-05 2.2703431363e+01
1.4692791632e-04 3.1523937522e-05 2.1915905252e+01
-7.6295102808e-05 5.7401790227e-05 4.2129464325e+01
-7.4589573783e-05 5.9170027326e-05 4.1784470793e+01
-7.1362319168e-05 5.9161206301e-05 4.1810256887e+01
-7.9537780128e-05 5.7415787009e-05 4.2096022007e+01
-1.4519568213e-04 7.3579517024e-05 3.7796959069e+01
-1.2080043821e-04 7.3703051972e-06 5.1893496250e+01
2.4307173880e-04 1.1962962436e-04 1.4268878269e+01
7.3449178037e-05 9.8734846585e-05 2.2459796374e+01
-6.8770150693e-05 9.4861352079e-05 3.5234982631e+01
-6.7310020865e-05 9.6842803836e-05 3.4945828449e+01
-7.1616094565e-05 9.4878197110e-05 3.5163260365e+01
1.2932611746e-04 6.1919614445e-05 2.2781823714e+01
-2.2012332574e-04 4.1378833160e-05 4.0068126246e+01
2.3248480970e-04 2.1635525474e-06 2.1210458709e+01
2.3672125854e-04 4.6928720540e-06 2.1122126610e+01
-2.8827647096e-04 3.4843835883e-05 1.7029887776e+01
-8.2136666522e-05 2.4123512030e-05 4.9059670376e+01
-8.0171577298e-05 2.5694978927e-05 4.8727911868e+01
-8.1872616177e-05 2.7275042525e-05 4.8412733850e+01
3.3572256278e-05 7.1194528082e-05 2.3282153867e+01
3.1545227143e-05 7.2920423137e-05 2.4732610067e+01
3.6446731198e-05 7.1617821176e-05 2.2694607651e+01
3.7261982202e-05 7.3788636942e-05 2.2806084089e+01
2.7770985642e-05 7.0424458294e-05 2.6807769380e+01
2.2819671288e-05 7.1807925996e-05 2.9307361397e+01
1.9863668875e-05 7.1482593685e-05 3.0569333705e+01
1.3930924123e-05 7.0898790775e-05 3.2740622152e+01
1.0928379186e-05 7.0634978850e-05 3.3678138506e+01
9.9063723440e-06 6.8641817335e-05 3.3980421530e+01
6.8769823877e-06 6.8411184181e-05 3.4815579204e+01
7.7843264768e-07 6.7999285846e-05 3.6244811593e+01
-2.2848479565e-06 6.7816006457e-05 3.6849985409e+01
-8.4431557263e-06 6.7491747416e-05 3.7870421874e+01
-1.1532712425e-05 6.7348908811e-05 3.8294980542e+01
-1.3409352594e-05 6.9123500458e-05 3.8384785874e+01
-1.6499653965e-05 6.8995708671e-05 3.8711398215e+01
-2.2671416020e-05 6.8775283258e-05 3.9236465605e+01
-2.5778310499e-05 6.8679984609e-05 3.9444617833e+01
-3.1978930221e-05 6.8519190882e-05 3.9764930878e+01
-3.5097690390e-05 6.8451498983e-05 3.9884426217e+01
-3.9606751751e-05 6.6539086330e-05 4.0285390531e+01
-4.1318428959e-05 6.8341455710e-05 4.0053051592e+01
-4.4444959492e-05 6.8297316484e-05 4.0107621819e+01
-4.5886107558e-05 6.6452921946e-05 4.0419967109e+01
-4.9026737521e-05 6.6419890334e-05 4.0460243177e+01
-5.0678160636e-05 6.8230727905e-05 4.0166473994e+01
-5.3808835984e-05 6.8206842624e-05 4.0174700997e+01
6.0264328628e-05 8.7360966130e-05 2.2613442812e+01
2.0051344401e-05 5.4381329081e-05 3.1560021564e+01
-6.1666994720e-05 7.7454103315e-05 3.8457502696e+01
-5.8648360433e-05 7.7461971083e-05 3.8510514191e+01
-6.7705476490e-05 7.7456049234e-05 3.8339544081e+01
-1.6438450838e-04 5.7326251774e-05 4.0374630611e+01
-1.6215119708e-04 5.9101535413e-05 4.0099189710e+01
-1.6521850328e-04 5.9229199512e-05 4.0002841926e+01
-9.0760245461e-05 4.3661944235e-05 4.4904112147e+01
2.3778348952e-04 1.4035725654e-04 1.3639727583e+01
7.0174028955e-05 1.3572594824e-04 2.7561140304e+01
1.0358980285e-04 5.6750401985e-05 2.2875492521e+01
-5.4061338513e-05 7.5607984090e-05 3.8900321107e+01
-4.9589596423e-05 7.7525412349e-05 3.8633521179e+01
9.7885802503e-05 2.7184342907e-05 2.2857589574e+01
8.3163233483e-05 3.4133269253e-05 2.2826716061e+01
-1.6295993341e-04 8.2545020730e-05 3.6362850681e+01
1.5781617769e-04 1.0446150809e-04 1.7004070123e+01
1.5493724274e-04 1.1045124120e-04 1.6997039543e+01
1.0534182702e-05 5.3803831746e-05 3.4789852742e+01
-5.9953147749e-05 4.3616948962e-05 4.4804114023e+01
7.2933750155e-05 3.3454974414e-05 2.2812818288e+01
5.4730225899e-05 7.7008348243e-06 3.1813393099e+01
3.7621143492e-05 1.2751457329e-04 4.8335668575e+01
8.8905820226e-07 5.3334990724e-05 3.7332716143e+01
-4.3554528019e-05 7.7603519863e-05 3.8673062705e+01
-4.0542073086e-05 7.7654067788e-05 3.8675673724e+01
9.3116585968e-05 5.4887619281e-05 2.2843700800e+01
-2.0806952259e-04 7.0428219770e-05 3.7518890187e+01
8.2928894031e-05 5.3238607704e-05 2.2816874096e+01
1.6085142361e-05 1.2256596949e-04 4.0541742644e+01
6.2909562484e-05 3.2934494542e-05 2.2725982420e+01
-1.7653380540e-04 1.3484394808e-05 4.8314585894e+01
-3.9067954117e-05 5.9338876978e-05 4.1358426742e+01
-2.3067302487e-05 7.4237081439e-06 4.8917892000e+01
-1.1343929549e-05 7.4488281706e-06 4.7305413285e+01
-1.0754476116e-04 3.5426063185e-05 4.6466651556e+01
5.6128266328e-05 2.5626654788e-05 2.6676821350e+01
-8.4014269160e-06 1.3502993175e-05 4.5758646629e+01
-4.5812890578e-06 1.3522411352e-05 4.5104377305e+01
-5.1524583954e-06 1.6596164004e-05 4.4638033819e+01
-1.7550142295e-04 7.9480283898e-05 3.6732179020e+01
-1.7407159835e-04 8.3460466125e-05 3.6262071737e+01
-1.7200385398e-04 8.5337545578e-05 3.6047724424e+01
-2.7547052908e-05 3.0642256267e-05 4.5252250810e+01
-2.9416116418e-05 5.9509658391e-05 4.0814070985e+01
-8.8547682369e-06 5.2962836407e-05 3.9276479083e+01
3.1417337440e-05 2.5041274775e-05 3.4222738624e+01
6.3280740994e-05 5.0568206780e-05 2.2784723332e+01
7.2993957413e-05 5.1800625273e-05 2.2796930387e+01
-9.8866777944e-05 5.7582979548e-05 4.1773010577e+01
6.6270958397e-05 1.2264411280e-04 2.3411223397e+01
-3.4519863247e-05 7.7780914804e-05 3.8637482747e+01
-3.1515222967e-05 7.7857690641e-05 3.8592627723e+01
-9.4568326471e-06 3.9131703023e-05 4.1355086476e+01
-1.4331432392e-05 3.7364979308e-05 4.2419240721e+01
-2.4003345430e-04 6.0182466513e-06 4.0305746926e+01
-8.8000552406e-05 3.6985505402e-05 4.6364081674e+01
-8.4492581781e-05 3.6975801370e-05 4.6380003137e+01
-9.3464508410e-05 3.5361937971e-05 4.6673312388e+01
2.0642523558e-05 2.4830497090e-05 3.7301441410e+01
2.1260984062e-04 1.9133179644e-06 2.0768692689e+01
2.1686696917e-04 4.1522065616e-06 2.0743260364e+01
-2.1321096200e-04 1.4727472939e-06 4.6332375842e+01
-2.0766600764e-04 4.4344559716e-06 4.6752591308e+01
-2.0374238284e-04 4.4286504842e-06 4.7248822713e+01
-2.1158889729e-04 4.4389042701e-06 4.6213795277e+01
-2.0253184042e-04 2.9450992215e-06 4.7590603277e+01
-1.9981449367e-04 4.4285793886e-06 4.7706077790e+01
-1.9710926005e-04 5.9206556139e-06 4.7789745996e+01
-1.9588880081e-04 4.4205678029e-06 4.8129417393e+01
-2.1438060789e-04 2.9550920814e-06 4.5979474296e+01
-2.1550950472e-04 4.4445103446e-06 4.5627026277e+01
-2.1942888471e-04 4.4497819307e-06 4.4986789468e+01
-2.1667423294e-04 5.9540875923e-06 4.5261251545e+01
-6.8736238677e-05 3.5320661821e-05 4.6629607408e+01
-7.3957793842e-05 3.6959057823e-05 4.6355399552e+01
-7.7470714327e-05 3.6962513957e-05 4.6376720540e+01
-7.9342988487e-05 3.5326658881e-05 4.6726283833e+01
-8.2876049721e-05 3.5332608337e-05 4.6730405456e+01
4.4406967705e-05 4.8688433291e-05 2.2832153267e+01
-1.9801321517e-05 5.9751517837e-05 3.9966825450e+01
-1.0239313137e-05 6.0076849341e-05 3.8729278747e+01
-1.7534978581e-05 4.5760801949e-05 4.1546435949e+01
2.2256547762e-05 4.7203870045e-05 3.1988134677e+01
-1.0985147452e-04 5.0676103807e-05 4.3061980630e+01
-1.1113615049e-04 5.2461023962e-05 4.2644765689e+01
-1.1316957143e-04 5.0716478912e-05 4.2984140706e+01
-2.5512570679e-05 7.8041135691e-05 3.8439376633e+01
-2.2519251823e-05 7.8148513022e-05 3.8325750098e+01
-7.4895064437e-07 6.0499855412e-05 3.6997625284e+01
-7.7316774590e-05 6.6381643132e-05 4.0301846187e+01
-7.5666793574e-05 6.8198334213e-05 3.9966815694e+01
-1.2182013677e-04 4.9082608702e-05 4.3149862112e+01
-2.8546428223e-05 5.2460380100e-05 4.1745780210e+01
-1.1739830071e-05 7.6727047933e-05 3.7744352276e+01
-8.7506607498e-06 7.6888809670e-05 3.7441644680e+01
-2.7943958143e-06 7.7256273098e-05 3.6687800397e+01
1.7172831826e-07 7.7463549435e-05 3.6227090377e+01
1.2292896759e-06 7.9474990283e-05 3.6075487463e+01
4.1630552018e-06 7.9710739795e-05 3.5563702813e+01
-1.7736941434e-05 7.6443475612e-05 3.8222921148e+01
-2.0744270875e-05 7.6320248978e-05 3.8406644962e+01
6.0761952956e-06 7.7929924398e-05 3.5112099501e+01
1.0003336168e-05 8.0239449058e-05 3.4330779681e+01
1.4853523422e-05 7.8774123327e-05 3.2867691394e+01
1.7754837453e-05 7.9098550497e-05 3.1941350131e+01
2.3516444190e-05 7.9819575722e-05 2.9778136226e+01
2.6374504503e-05 8.0218833543e-05 2.8529171816e+01
2.7236750047e-05 8.2365334395e-05 2.8525455994e+01
3.0059288702e-05 8.2812670027e-05 2.7174125903e+01
9.5142793865e-05 7.4921710005e-05 2.2817282265e+01
2.0457778036e-04 1.8282252577e-06 2.0695362660e+01
2.0888805610e-04 3.9641149351e-06 2.0674806152e+01
-1.8089303053e-04 4.5104724246e-05 4.2094100159e+01
2.7056379644e-05 6.2520038856e-05 2.7558009558e+01
1.7920202937e-05 6.1703300581e-05 3.1555867404e+01
3.1938228054e-04 6.0977165796e-05 1.4204356956e+01
4.4857141855e-05 6.4670039186e-05 2.2764863764e+01
-5.1841479692e-05 5.5673789831e-05 4.2360690111e+01
6.3028868697e-05 6.7673269534e-05 2.2743205223e+01
5.3866764769e-05 6.6056325505e-05 2.2750980633e+01
-9.7700040167e-06 1.0666064194e-04 3.6380170456e+01
-1.1431062599e-05 1.0861449904e-04 3.6115146238e+01
-1.4102340291e-05 1.0842296279e-04 3.5917062289e+01
-1.6780245890e-05 1.0824541020e-04 3.5720698616e+01
-5.6648378750e-05 5.0433040984e-05 4.3423697074e+01
2.6464576081e-04 4.1572052479e-05 1.6340221624e+01
2.6879552357e-04 4.2292089431e-05 1.6270586980e+01
2.6547451305e-04 4.5206777499e-05 1.6209580034e+01
2.7126399658e-04 3.5741015040e-05 1.6655539373e+01
2.6133166462e-04 4.4462812968e-05 1.6307001254e+01
1.0094547821e-04 1.3714059282e-04 1.6850955701e+01
1.0392425482e-04 1.3917865555e-04 1.7172978579e+01
1.1248898412e-04 7.9713052861e-05 2.2902781491e+01
-8.0009637598e-05 5.0435159064e-05 4.3546195526e+01
-7.0002888392e-05 5.0412506554e-05 4.3570788393e+01
3.0532488172e-05 9.1097544199e-05 2.9341661217e+01
3.3282028197e-05 9.1621321374e-05 2.8245359129e+01
3.4044834605e-05 9.3855130544e-05 2.8705325729e+01
-1.1043875920e-04 6.4979383462e-05 3.9988032488e+01
-1.8537810283e-04 1.4591404289e-06 4.9546260546e+01
-1.8804424951e-04 4.4136441332e-06 4.8883826281e+01
-1.9196380215e-04 4.4149465123e-06 4.8521224218e+01
1.8469545261e-04 1.6600613141e-06 2.0857166943e+01
1.8904357334e-04 3.5680400920e-06 2.0845654659e+01
8.5232425886e-05 1.0339710371e-04 2.2506066844e+01
6.2627753072e-05 9.7332760664e-05 2.2466953834e+01
6.0411432887e-05 9.8909562820e-05 2.2449264735e+01
6.5415789737e-05 9.8282379399e-05 2.2448978224e+01
6.5913218054e-05 1.0083865721e-04 2.2402444327e+01
-1.0456524907e-04 1.0362651282e-04 3.3666021402e+01
-2.6647776348e-04 3.6302892893e-05 3.0077980639e+01
1.7668392258e-04 1.6078489064e-06 2.1007101324e+01
-1.7742739168e-04 1.4553739979e-06 5.0191027975e+01
-1.2345789944e-04 5.6165926348e-05 4.1576558768e+01
-2.2961537133e-04 4.6013591672e-05 3.8673311639e+01
-2.3234633150e-04 4.4281024243e-05 3.8484081354e+01
-2.4072693709e-04 3.9115776466e-05 3.7496909183e+01
5.9758323987e-05 1.0785710103e-04 2.2131943207e+01
8.8927537972e-05 1.3214366563e-04 2.2069103660e+01
-1.7852569989e-05 1.0610855163e-04 3.5872457342e+01
-6.8442196598e-05 1.0694504873e-04 3.3400878876e+01
1.9102631737e-04 1.0157354103e-04 1.5864349112e+01
-2.4093702799e-04 6.2626170835e-05 3.7287684147e+01
-2.4344267831e-04 6.3161635461e-05 3.7196282709e+01
1.5675359594e-04 1.5409912230e-06 2.1483457559e+01
2.2859057277e-04 9.7722348276e-05 1.5053936291e+01
1.4873734827e-04 1.5365996808e-06 2.1711281362e+01
-1.8345552474e-04 3.6352778108e-05 4.3608007734e+01
-3.6890534127e-05 1.0526597353e-04 3.4763450485e+01
-9.0754978874e-05 1.0320530108e-04 3.3690576114e+01
-7.9408908910e-05 1.0705667911e-04 3.3275915118e+01
2.2136207296e-04 7.7957946897e-05 1.5862128924e+01
1.2886163126e-04 1.5405525830e-06 2.2073844765e+01
3.2220865489e-04 5.3884561269e-05 1.4347259891e+01
-1.2147512580e-04 9.4188197809e-05 3.4808503396e+01
1.2091581665e-04 1.5400343838e-06 2.2291914699e+01
1.1301237007e-04 1.5313085242e-06 2.2655693845e+01
1.1754313507e-04 3.1524080894e-06 2.2400752741e+01
-1.8346458732e-04 8.8611336839e-05 3.5789288902e+01
3.0853759318e-04 3.0568027070e-06 1.7854046767e+01
1.0389009443e-04 1.0873358342e-04 2.2787246096e+01
-1.7405770866e-04 1.0030703440e-04 3.4812119353e+01
1.0507811769e-04 1.5295027357e-06 2.3223147373e+01
-1.3106443937e-04 1.0909789800e-04 3.3588713578e+01
-8.1549807451e-05 1.1535521656e-04 3.2536671583e+01
-1.7425386379e-04 6.7373817245e-05 3.8439311190e+01
-1.7276347525e-04 7.1217188438e-05 3.7875129351e+01
-1.7578392616e-04 6.3571709678e-05 3.9016474622e+01
9.7145865673e-05 1.5268584674e-06 2.4060494446e+01
-2.4368983761e-04 4.1440141631e-05 3.6933522784e+01
1.2587982127e-04 7.7852960547e-05 2.1903023383e+01
8.9177876208e-05 1.5310725196e-06 2.5214673473e+01
8.1278959249e-05 1.5191213812e-06 2.6662690595e+01
1.5264719160e-04 1.2409450641e-04 1.6818536248e+01
7.3341697381e-05 1.5143013459e-06 2.8373506270e+01
-2.3659324365e-04 8.0151878647e-05 3.6886109811e+01
6.5401059758e-05 1.5090700305e-06 3.0284492836e+01
5.7457052398e-05 1.5035845214e-06 3.2334771266e+01
4.9486491700e-05 1.4987628877e-06 3.4470075729e+01
2.6881279051e-04 1.1092890444e-04 1.3968017646e+01
-1.0617601372e-04 1.1195321205e-04 3.3034775352e+01
2.3210593015e-04 1.2420981931e-04 1.4353917868e+01
1.9554610932e-04 1.4332720022e-04 1.4471664853e+01
3.2378134012e-04 3.9239767096e-05 1.4812237919e+01
-2.7664701691e-04 1.5400269004e-06 2.3466410709e+01
-2.7270225117e-04 1.5298563363e-06 2.6084335285e+01
-2.6612249007e-04 4.6171422642e-06 2.9899094668e+01
-2.6479826330e-04 1.5160509492e-06 3.0745991623e+01
-2.6084026548e-04 1.5114581061e-06 3.2779299550e+01
-2.5849121792e-04 4.5769130253e-06 3.3753081411e+01
-2.7003712166e-04 4.6432043524e-06 2.7614896011e+01
-3.0531549109e-04 1.1533029854e-05 1.7012154387e+01
1.7684620293e-04 1.0774129180e-04 1.6225812270e+01
2.3999286498e-04 9.6921441939e-05 1.4899863194e+01
8.1606138923e-05 1.4066745255e-04 2.1884452683e+01
-1.9675568088e-04 3.6699339436e-05 4.2708564020e+01
3.0254162079e-04 1.0708228652e-04 1.3089794205e+01
2.6452219640e-04 2.7082384797e-06 2.2177363733e+01
2.6504636221e-04 5.5079558764e-06 2.1597859133e+01
2.6049218313e-04 2.6758374354e-06 2.2124968345e+01
-2.8764602867e-04 3.7160009246e-05 1.6880157448e+01
2.7175892657e-04 1.0417414323e-04 1.4118414677e+01
-1.7681609953e-04 8.3716159818e-05 3.6239108610e+01
-9.6603278818e-05 5.0539619810e-05 4.3333641151e+01
2.5248350278e-04 2.4944250417e-06 2.1909703559e+01
2.5294865968e-04 5.1126909308e-06 2.1477478836e+01
2.4848098477e-04 2.4680323265e-06 2.1748781683e+01
2.4804668929e-04 5.5868234789e-05 1.6110653126e+01
-1.8535731056e-04 7.6272697152e-05 3.7084445251e+01
-1.6138452956e-04 1.3442870323e-05 4.9221084647e+01
-2.4898055534e-04 1.4815224975e-06 3.7790053142e+01
1.5351548982e-04 9.9421267487e-05 1.7003006772e+01
2.1061107917e-04 8.2249586652e-05 1.6045620025e+01
-2.2513279368e-04 1.4784244077e-06 4.4254843122e+01
-2.2115958095e-04 1.4760327422e-06 4.5011144235e+01
2.2454717395e-04 2.0716297618e-06 2.0984742412e+01
2.2503915390e-04 4.2783449265e-06 2.0874259402e+01
2.2055002860e-04 2.0502999596e-06 2.0885533838e+01
2.7071423338e-04 1.2621948447e-04 1.3337958200e+01
2.1358219580e-04 1.3023588399e-04 1.4537580673e+01
-1.9870790514e-04 8.8468680996e-05 3.5929860111e+01
1.9389255200e-04 1.2437677963e-04 1.5029708102e+01
-6.1416396160e-05 1.1728146414e-04 3.2309620867e+01
-7.1073055404e-05 2.4121914437e-05 4.8934173273e+01
-1.9730826427e-04 1.4665613218e-06 4.8382792961e+01
1.9664174040e-04 1.7642424253e-06 2.0705611564e+01
1.9721398799e-04 3.6463053066e-06 2.0734126180e+01
1.9264690595e-04 1.7515133606e-06 2.0734984428e+01
-1.4816663884e-04 9.9908717873e-05 3.4445197292e+01
1.3800400163e-04 1.2127026604e-04 1.7009687138e+01
-2.9305278192e-04 1.8977426791e-05 1.7049263869e+01
-3.7611780469e-05 1.1771380627e-04 3.2747979152e+01
1.6871408916e-04 1.5810610857e-06 2.1164228854e+01
1.6935540016e-04 3.2376386216e-06 2.1351776050e+01
1.6471874272e-04 1.5820381616e-06 2.1262066356e+01
1.4078154643e-04 1.5465824944e-06 2.1823831011e+01
1.3679972863e-04 1.5585260671e-06 2.1935266407e+01
-1.3762390500e-04 1.4547287046e-06 5.2374731695e+01
1.3171576102e-04 9.1752019922e-05 1.7286328801e+01
-2.1842580182e-04 8.9650497608e-05 3.6084731505e+01
-2.1645285308e-04 9.1497179361e-05 3.5973045366e+01
-2.1395447503e-04 9.1103996987e-05 3.5952095071e+01
-2.0713754640e-04 9.4455773200e-05 3.5685462594e+01
-2.0473506477e-04 9.3786133505e-05 3.5678066410e+01
2.1319485593e-04 9.7261853684e-05 1.5346462051e+01
-1.5045909625e-04 6.6151037342e-05 3.9033706311e+01
4.1515032471e-05 1.4991819750e-06 3.6624867778e+01
4.2953910587e-05 3.0085642438e-06 3.5955885880e+01
-3.8062592823e-05 1.4555846297e-06 5.1432411781e+01
-1.8146578900e-05 1.4607590918e-06 4.9283969342e+01
2.4215225547e-04 6.5167614222e-05 1.5849514825e+01
8.3391481917e-05 1.1353169132e-04 2.2260994753e+01
-2.1704026002e-04 4.1190890059e-05 4.0387308198e+01
-1.7670946078e-04 9.2086020394e-05 3.5429730002e+01
1.4193000391e-04 9.2030546198e-05 1.6995402349e+01
1.3878045100e-04 9.4196356132e-05 1.7000765249e+01
2.3298113314e-04 1.3178670368e-04 1.4092434374e+01
-1.1958571172e-04 1.1256561145e-04 3.3235552458e+01
-1.4473061875e-04 9.1423135516e-05 3.5233183675e+01
2.6382417840e-04 7.6878814433e-05 1.5064253229e+01
2.3282990394e-04 7.7213668077e-05 1.5590005184e+01
-2.3307685695e-04 1.4834070964e-06 4.2510497531e+01
1.0787981779e-04 1.2027218173e-04 2.0357278004e+01
2.1195984248e-04 8.9737072361e-05 1.5649150386e+01
-1.9333222575e-04 1.4649671912e-06 4.8800118303e+01
-4.8158115949e-05 1.1743226657e-04 3.2436803631e+01
-3.0194444282e-04 3.4764802767e-05 1.7114668504e+01
1.6780795490e-04 9.7479859990e-05 1.7000365256e+01
-7.7525788931e-05 9.0986901035e-05 3.5684977993e+01
-1.2275524934e-04 1.0238870171e-04 3.3930275500e+01
1.2390761129e-04 1.1472779490e-04 1.7033787052e+01
-9.3813751278e-05 1.1357343312e-04 3.2775795573e+01
-9.3381696885e-05 1.1767712909e-04 3.2619992086e+01
-2.2920222606e-04 4.2030711611e-05 3.9015953275e+01
2.1009880817e-04 6.1181151540e-05 1.6984165206e+01
1.1676881604e-04 1.4361825375e-04 1.7188472614e+01
-1.5733950513e-04 6.8369756370e-05 3.8533193923e+01
-2.0813393444e-04 8.5573433970e-05 3.6212598570e+01
1.8643196018e-04 9.6540126896e-05 1.6455091372e+01
-7.6505477825e-05 2.5693212826e-05 4.8696547279e+01
-2.0305289858e-04 7.1921851694e-05 3.7428805947e+01
-1.7143542191e-04 1.0000563529e-04 3.4786250103e+01
1.8762302496e-04 1.0410153757e-04 1.5877558312e+01
1.3798049667e-04 1.5153073332e-04 1.6112932257e+01
1.5317870115e-04 1.6220934028e-04 1.4210021213e+01
3.0740311571e-04 8.5310669583e-05 1.3760974531e+01
-3.1412117693e-04 3.4327696641e-05 1.7089993509e+01
-3.1024175997e-04 3.5790171438e-05 1.7095519690e+01
-1.4592917712e-04 3.5743487657e-05 4.5380049540e+01
2.6257988498e-04 1.4060209150e-05 1.9837348276e+01
2.6109166793e-04 2.5402948443e-05 1.7934781862e+01
2.4310212377e-04 5.1355923486e-05 1.6424407687e+01
2.8783809621e-04 2.1031227150e-05 1.7081740538e+01
-1.4822695249e-04 3.9143704129e-05 4.4572537731e+01
3.6136298770e-04 3.5591054497e-05 1.2601726068e+01
3.5806815039e-04 3.9218667730e-05 1.2836293384e+01
3.5845431211e-04 4.3331597240e-05 1.2755614209e+01
1.7712400801e-04 8.6581278165e-05 1.7001561587e+01
-2.3409591594e-04 3.2852510440e-05 3.9027875720e+01
2.7863218803e-04 9.8236855957e-05 1.4143506960e+01
-8.7985839915e-05 1.0314079224e-04 3.3707895308e+01
-2.0526052638e-04 1.4693907026e-06 4.7442218197e+01
-2.7826402912e-04 1.3376629988e-05 2.1067000815e+01
1.0058892392e-04 1.0724358749e-04 2.2748272966e+01
-1.5152637480e-05 1.0627829783e-04 3.6043683778e+01
-1.6192712883e-04 7.2502321308e-05 3.7797641579e+01
-1.5982513162e-04 7.4343683533e-05 3.7531688706e+01
-1.0731269753e-04 6.4920847245e-05 4.0060500195e+01
4.6655872623e-05 7.7545486755e-05 2.2713236609e+01
-1.3824706621e-04 8.3024258141e-05 3.6337965111e+01
3.5620125183e-04 2.3199866960e-05 1.2844425117e+01
2.7039649761e-04 4.9582178695e-05 1.5906493964e+01
-3.0576044060e-04 5.0194667603e-05 1.7024800583e+01
-1.9746788964e-04 5.9162305029e-05 3.9127280685e+01
-8.1459294715e-05 9.6977294536e-05 3.4636696836e+01
-8.8432022546e-05 1.1342337453e-04 3.2721338524e+01
2.4958646598e-04 6.3225077320e-05 1.5769363352e+01
1.7975163378e-04 8.0495742139e-05 1.6999601298e+01
2.9907787006e-04 7.9992823163e-05 1.4203908600e+01
-1.1037935289e-04 7.4285254261e-05 3.8131927921e+01
2.0081809104e-04 5.2973032195e-05 1.7028452295e+01
-1.5678762003e-04 4.7991605210e-05 4.2428805831e+01
-1.6796107618e-04 3.2675800474e-05 4.5132137944e+01
2.9797788791e-04 7.2368929273e-05 1.4484866189e+01
-2.2009334551e-04 8.3298639498e-05 3.6442546017e+01
-1.0980260813e-04 6.8654512360e-05 3.9249680193e+01
-1.9875598594e-05 1.3453149653e-05 4.7456192767e+01
-3.9030923102e-05 1.3395680196e-05 4.9465219546e+01
2.2061309098e-05 1.3700100124e-05 3.9316803259e+01
3.7178456712e-05 1.3832062887e-05 3.5263458911e+01
-5.8203376220e-05 1.3364090401e-05 5.0619080715e+01
-7.3540565608e-05 1.3353044213e-05 5.1070080830e+01
-8.8869094330e-05 1.3351767764e-05 5.1206328091e+01
8.1830761025e-05 1.4270004353e-05 2.4043337765e+01
7.4359749736e-05 8.9134266437e-05 2.2610979649e+01
-1.0418304927e-04 1.3358359953e-05 5.1103120030e+01
-1.1947715423e-04 1.3371682492e-05 5.0813222533e+01
1.1517423749e-04 1.4699882870e-05 2.2925124319e+01
1.3043675211e-04 1.5136333815e-05 2.2930623577e+01
7.6348932957e-05 9.9826301280e-05 2.2458958534e+01
-1.3474607920e-04 1.3391327780e-05 5.0366986530e+01
2.1417888419e-04 6.2146168137e-05 1.7027495160e+01
1.5783120835e-04 1.6483438997e-05 2.1683631698e+01
1.1183024652e-06 1.2043319510e-04 3.7382071229e+01
-1.1890933289e-04 2.4197621138e-05 4.8648357624e+01
-1.6746800923e-04 5.7451985982e-05 4.0271697462e+01
1.8536820681e-04 1.8551972521e-05 1.9606326492e+01
-1.3719559024e-04 2.4270149638e-05 4.8113443898e+01
-9.9542036345e-05 4.2026129208e-05 4.5149812737e+01
2.1293694809e-04 2.1063182170e-05 1.8723321791e+01
4.3230223444e-05 8.3237919405e-05 2.2678576211e+01
-1.6326282275e-04 6.8676084139e-05 3.8396260509e+01
-2.2703400322e-04 8.0199942692e-05 3.6684054515e+01
-2.0850464725e-05 1.2065232057e-04 3.3527153047e+01
-2.3194396445e-04 1.2222497032e-05 4.1670184860e+01
1.7232269405e-04 1.0256887277e-04 1.6996545182e+01
2.4495118584e-04 2.4120788830e-05 1.8616706139e+01
-8.3363281196e-05 1.0917710955e-04 3.3037380726e+01
-1.0003961603e-04 7.2187059855e-05 3.8722921633e+01
9.1787146400e-05 1.3424861843e-04 2.2921952301e+01
-1.7061455635e-04 8.1110904178e-05 3.6538804173e+01
-3.4157867967e-05 1.0535297928e-04 3.4905116621e+01
6.2349855290e-05 1.0889653810e-04 2.2240699664e+01
1.4567340883e-04 1.5131196192e-04 1.5405971150e+01
5.9567469619e-05 1.2391448223e-04 3.1401524498e+01
3.6449286307e-05 8.6026705934e-05 2.4426278223e+01
1.2201375152e-04 9.4559007782e-05 2.0303046332e+01
1.1403005573e-04 1.1344175220e-04 1.8902270167e+01
-7.1012536513e-05 1.1107132857e-04 3.2869100389e+01
1.0774665650e-04 1.3059292198e-04 1.7054226010e+01
1.3921304461e-04 9.7615672352e-05 1.6997783750e+01
1.5337234430e-04 1.5083323196e-04 1.5120495708e+01
1.0921079745e-04 9.8871765632e-05 2.2828328690e+01
2.9784695888e-04 2.9067003452e-05 1.6087502981e+01
-8.2730910993e-05 9.9000673495e-05 3.4315087506e+01
2.0712162984e-04 1.4309473165e-04 1.4236534125e+01
2.1001238608e-04 1.3290054380e-04 1.4528900907e+01
1.9632211924e-04 4.9328273530e-05 1.7175624604e+01
5.5213180923e-05 1.2668733857e-04 4.0343755412e+01
8.0351884578e-05 1.3232459152e-04 2.0907976940e+01
-1.9043108540e-04 5.4809253299e-05 4.0022322072e+01
6.6333613077e-05 1.3015768889e-04 2.8799397397e+01
-2.0816556000e-04 4.2573243039e-05 4.0944474841e+01
-1.5042491701e-04 4.2603694318e-05 4.3761076946e+01
1.9818948551e-04 1.2939917574e-04 1.4839596641e+01
1.1780438354e-04 7.2845243710e-05 2.2926897509e+01
4.5564657749e-05 1.2068699317e-04 3.8034439885e+01
3.1653179358e-04 9.8601423584e-05 1.2905031021e+01
2.0142194797e-04 5.6110100042e-05 1.7006026339e+01
1.6107540699e-04 1.5014135197e-04 1.4940633393e+01
1.6603086690e-04 8.6575709916e-05 1.7003434706e+01
9.3390792190e-05 9.8464887403e-05 2.2684938676e+01
-2.1759280191e-04 6.3195442107e-05 3.8019203029e+01
-1.9940843470e-04 6.7378242786e-05 3.8002633963e+01
-1.5950593620e-04 5.3470291070e-05 4.1245616537e+01
1.2682109455e-04 1.4949551507e-04 1.7088912174e+01
-1.2806478281e-04 9.6537547647e-05 3.4558719813e+01
3.0977217732e-04 7.4435039429e-05 1.4066550465e+01
-2.4933212869e-04 4.2151106538e-05 3.5881785707e+01
-2.3046402699e-04 5.8583606851e-05 3.7861213892e+01
-1.9032381302e-04 7.4697243793e-05 3.7239387530e+01
-5.9987229144e-05 5.0421915709e-05 4.3483766689e+01
2.5216289632e-04 5.6704826063e-05 1.5983722831e+01
2.4724126124e-04 5.2207238528e-05 1.6305718470e+01
2.3405967828e-04 4.6183026396e-05 1.6999333953e+01
-3.3099702617e-04 3.5531821974e-05 1.7025861549e+01
1.4912205676e-04 1.2629476226e-04 1.7015187367e+01
-1.6005896904e-04 9.6735809594e-05 3.4853328763e+01
3.1753931370e-04 7.5813226084e-05 1.3748118173e+01
-1.7065648770e-04 8.9364563468e-05 3.5622735005e+01
-1.7474029057e-04 8.5592639376e-05 3.6030519878e+01
-1.9139640372e-04 8.9601223064e-05 3.5776339380e+01
-1.6048815386e-05 1.3468331009e-05 4.6933847200e+01
-1.2512456248e-04 4.9130736336e-05 4.3060903576e+01
1.8169568596e-04 7.0953516180e-05 1.7011207437e+01
-3.5197779513e-05 1.3404841278e-05 4.9138707996e+01
-1.4001475229e-04 9.9310924859e-05 3.4392730284e+01
1.9606359054e-04 1.1039135819e-04 1.5333509313e+01
2.0294463134e-04 1.0519568423e-04 1.5331955941e+01
-2.1300259043e-04 3.7290292911e-05 4.1284006630e+01
-5.4368556058e-05 1.3368625161e-05 5.0446308777e+01
8.6038226274e-05 3.1389869136e-06 2.5494061789e+01
2.1578948620e-04 6.9509305587e-05 1.6501592306e+01
-2.2079665940e-04 6.7913084815e-05 3.7543701175e+01
2.6535511934e-04 1.1385094250e-04 1.3954459769e+01
-8.8696231747e-05 9.5114367584e-05 3.4823529558e+01
-2.5464730382e-04 1.5895960120e-05 3.4502796787e+01
2.7520289565e-04 1.0121314395e-04 1.4131055852e+01
2.1999253055e-04 9.1886389773e-05 1.5368337379e+01
2.1186455995e-04 1.1506888118e-04 1.4925747097e+01
-1.8200124179e-04 5.6249996252e-05 4.0070408187e+01
-2.4817258411e-04 7.3836823602e-05 3.7375206206e+01
-1.0853012390e-04 5.7710366979e-05 4.1559992066e+01
-1.1048494341e-04 5.5958476173e-05 4.1897915591e+01
-1.0731819285e-04 1.0373071983e-04 3.3671906108e+01
-2.2527134241e-04 3.6060574483e-05 4.0066048645e+01
3.5516266328e-04 4.6885300576e-05 1.2902265129e+01
3.1237852511e-04 4.1556789730e-05 1.5111908779e+01
-9.1936308153e-05 1.0527256386e-04 3.3452145839e+01
2.1801245152e-04 8.0650957555e-05 1.5849927592e+01
-3.5337862561e-04 2.6037459446e-05 1.3117543237e+01
-2.2258166755e-04 8.3808520163e-05 3.6431471790e+01
2.0487156416e-04 1.2037395644e-04 1.4926571849e+01
-2.5165538734e-04 6.1014737144e-06 3.6500560088e+01
-2.5326394196e-04 6.3251234232e-05 3.6807379598e+01
-3.0129138845e-04 1.3335669179e-05 1.7020975058e+01
8.8267257309e-05 1.0469024326e-04 2.2541074487e+01
2.5191251816e-04 1.2916510160e-04 1.3738792109e+01
2.8202815081e-04 6.9529476050e-05 1.4952696272e+01
2.8117115129e-04 2.6896021119e-05 1.7102440200e+01
2.4399254056e-04 1.2721938779e-04 1.4003208426e+01
-1.6994573630e-04 3.6084276602e-05 4.4350543563e+01
3.0401495258e-04 8.8431537454e-05 1.3760389635e+01
1.0417206919e-04 1.1195285315e-04 2.2733513820e+01
-3.2337975182e-04 2.3665724105e-05 1.7035566124e+01
1.1355950747e-04 1.4165092967e-04 1.7184835803e+01
2.4158193773e-04 8.2842190213e-05 1.5243881134e+01
2.3381829571e-04 1.3935648163e-04 1.3781302862e+01
2.3813968095e-04 1.1106539787e-04 1.4592473775e+01
-1.6274713667e-04 9.6984985199e-05 3.4867808488e+01
-1.3354556795e-04 2.4253710994e-05 4.8234832613e+01
2.9554869321e-04 5.7312508392e-05 1.5040565663e+01
1.6852481047e-04 1.4170634207e-04 1.5116608579e+01
2.2586847382e-04 1.3727047597e-04 1.4051288337e+01
1.3474989466e-04 1.3840701388e-04 1.7017944090e+01
1.5061670661e-04 1.8162138545e-05 2.2306318705e+01
4.7966171949e-05 1.2149870335e-04 3.7799269316e+01
1.4174098262e-04 1.5333143718e-04 1.5415063862e+01
2.5695299690e-04 1.0823182432e-04 1.4319725589e+01
3.8725866709e-05 1.2089330034e-04 4.0064146506e+01
2.2149965604e-04 1.3242256814e-04 1.4315845335e+01
2.1792887665e-04 1.3512292976e-04 1.4300316636e+01
8.8604618709e-05 1.3542704573e-04 2.2151411590e+01
8.6427616883e-05 1.2397775345e-04 2.2050169629e+01
1.1088881148e-04 1.3251068473e-04 1.6998846840e+01
9.8324481535e-05 1.2824390838e-04 2.3031219825e+01
7.5720124159e-05 1.2038886695e-04 2.1649527263e+01
1.2416538362e-04 1.3656204864e-04 1.7086501436e+01
3.0356730003e-04 5.8562534677e-05 1.4784734437e+01
-1.3908639667e-04 1.0339514638e-04 3.4057957222e+01
-1.3366902676e-04 1.0302777163e-04 3.4008404418e+01
1.9461126779e-04 1.3198033784e-04 1.4841495482e+01
-1.4700711619e-04 4.7768532406e-05 4.2772880916e+01
-2.1577268135e-04 6.9329477930e-05 3.7508277313e+01
7.0173265550e-05 8.3071624024e-05 2.2662398041e+01
9.7648205092e-05 1.0888856386e-04 2.2693504877e+01
7.3891625952e-05 1.0140352583e-04 2.2410651268e+01
-1.3543436583e-04 9.4916904378e-05 3.4784548589e+01
-1.8506699934e-04 3.9886336684e-05 4.2857566683e+01
2.0247951675e-04 1.3438113798e-04 1.4629894169e+01
-1.8437564664e-04 8.2394561228e-05 3.6394539009e+01
1.6894394921e-04 1.0495547628e-04 1.7049630988e+01
1.4976199949e-04 9.8076384905e-05 1.7002542665e+01
-1.7914690379e-04 7.3691383781e-05 3.7459465597e+01
-1.4836084595e-04 9.3716231901e-05 3.5008924393e+01
-1.9805408520e-04 7.3439806063e-05 3.7316988503e+01
-1.1288157755e-04 6.8721952382e-05 3.9179907662e+01
1.2404800688e-04 8.6129281925e-05 2.1215645525e+01
-1.2564352588e-04 8.0509642965e-05 3.6814528490e+01
1.7814118082e-04 2.0320096145e-05 1.9790974748e+01
1.4078092145e-04 1.1179488754e-04 1.7006191524e+01
-1.6349411284e-04 7.6553991363e-05 3.7174879340e+01
-2.3427971612e-05 1.2049362535e-04 3.3270935964e+01
-5.8759427000e-05 1.1729760154e-04 3.2317288827e+01
-5.6296344233e-05 3.0483304098e-05 4.7265449626e+01
-1.5577795476e-04 9.2217134138e-05 3.5222592610e+01
-2.0068110859e-04 3.8604850725e-05 4.2108658950e+01
-2.1244042367e-04 6.4659165051e-05 3.8020030715e+01
5.4534940474e-05 3.0983398185e-06 3.2808392668e+01
-1.9430310281e-04 6.8928463164e-05 3.7899155407e+01
3.6209235319e-04 4.3910842740e-05 1.2498264188e+01
-3.4986271425e-05 1.1780822240e-04 3.2866049911e+01
1.6503044775e-04 1.5535032322e-04 1.4539810661e+01
2.1431876101e-04 1.0481566468e-04 1.5116513118e+01
2.6322660642e-04 1.6936896158e-05 1.9241967391e+01
2.2418584428e-04 1.2212723415e-04 1.4559521861e+01
4.3981583832e-05 8.5526988072e-05 2.2681094500e+01
-1.1690989920e-04 9.6000940084e-05 3.4573347745e+01
-2.2735437026e-04 3.0685662520e-05 4.0354309644e+01
1.0279744268e-04 9.9314355444e-05 2.2798435081e+01
1.5712336465e-04 1.4102843524e-04 1.5520743418e+01
-8.9928608059e-05 9.7135991470e-05 3.4507488584e+01
-6.7383545041e-05 2.4124045742e-05 4.8856976869e+01
-8.0638695218e-05 1.0912809032e-04 3.3042608329e+01
1.9247834864e-04 8.7741209125e-05 1.6721214460e+01
-1.7918888088e-04 7.4118736356e-06 4.9143607350e+01
-2.4109449266e-04 7.4250220460e-05 3.7238546484e+01
-1.6268921348e-04 1.9652611620e-05 4.7987052454e+01
2.5447124535e-04 1.1870649440e-04 1.4050536731e+01
6.3653186175e-05 1.0237851282e-04 2.2374976598e+01
-1.6888770827e-04 8.9022837660e-06 4.9593500062e+01
-6.8303666428e-05 1.1105466162e-04 3.2890723424e+01
9.4299639115e-05 1.3985579214e-04 1.8702632693e+01
-2.4587591369e-04 6.6053203150e-05 3.7174657201e+01
-8.6176786000e-05 9.1110192858e-05 3.5501002457e+01
-1.0982106742e-04 5.9522402300e-05 4.1146353699e+01
3.3676653335e-05 8.5493587232e-05 2.5939113079e+01
-1.7374124018e-04 1.9708718873e-05 4.7364513027e+01
2.0565639133e-04 2.2968159697e-05 1.8609138256e+01
-1.5071976404e-04 6.0536137554e-05 4.0083238434e+01
1.8109405624e-04 8.7799645622e-05 1.6988030259e+01
-1.3938611858e-04 5.1143371208e-05 4.2267871187e+01
-1.9887449708e-04 5.3407709705e-05 3.9901370047e+01
-1.0839835244e-04 1.0582479366e-04 3.3487195375e+01
-2.1634088943e-04 2.6816116009e-05 4.2404973863e+01
-1.5274980605e-04 9.8193421989e-05 3.4642292324e+01
2.9452446924e-04 3.2160736752e-05 1.6039043243e+01
8.8580654773e-05 1.0761793432e-04 2.2508918493e+01
1.9288795624e-04 7.0492199622e-05 1.6999919949e+01
2.4696545550e-04 6.9755384632e-05 1.5574663343e+01
-1.7132530657e-04 6.7192999709e-05 3.8514913470e+01
-1.5758791868e-04 1.3433735382e-05 4.9415857936e+01
-1.0589294444e-04 5.4128412171e-05 4.2386663318e+01
-1.2634208218e-04 5.0900582352e-05 4.2645799325e+01
-4.8959780675e-05 2.7319122889e-05 4.7539964473e+01
1.7130565171e-04 7.4794275139e-05 1.7012820726e+01
2.6518402142e-04 6.2797931984e-05 1.5496059848e+01
2.5302042301e-04 8.1814178698e-05 1.5094112075e+01
-2.9623915019e-04 3.5187303781e-05 1.7099680179e+01
-2.0453766015e-04 6.5848663885e-05 3.8079005451e+01
-1.7847051886e-04 3.9713018322e-05 4.3228482379e+01
-1.4707637660e-04 4.2546981254e-05 4.3881823221e+01
-1.4274014090e-04 9.9501368475e-05 3.4408745766e+01
-1.0562612014e-05 1.5023210607e-05 4.5830614491e+01
-2.4643520041e-04 3.3743678825e-05 3.6424403731e+01
-2.4087936923e-04 4.3158449987e-05 3.7378239572e+01
-2.0933661230e-04 1.8390788893e-05 4.4546355411e+01
-1.4836805942e-04 6.7963360670e-05 3.8738659199e+01
2.4090639229e-04 2.3752962619e-05 1.8626722755e+01
9.0215627814e-05 9.7239517539e-05 2.2653345388e+01
-4.5478484394e-05 3.0524826336e-05 4.6734615283e+01
-1.6609190488e-04 4.1173381129e-05 4.3488117562e+01
2.8201885691e-04 1.1899344542e-05 1.8031167274e+01
-2.8282129212e-04 3.5546172063e-05 1.9399814003e+01
-1.7515008660e-04 5.4048558720e-05 4.0670631769e+01
-2.5536662708e-04 3.2640665481e-05 3.3884164407e+01
2.2730343196e-04 6.8820982473e-05 1.6086725074e+01
2.0505603574e-04 7.3720272611e-05 1.6897820527e+01
2.1109848576e-04 1.4422843132e-04 1.4103014616e+01
-4.8660961970e-05 1.4892792492e-05 4.9861122403e+01
-2.0866469889e-04 3.3545020322e-05 4.2249182896e+01
1.1416113771e-04 7.1911355377e-05 2.2907811879e+01
-1.5355825341e-04 1.0035358692e-04 3.4487038203e+01
1.5951685848e-04 9.1261341126e-05 1.7003019437e+01
-1.5776293850e-04 6.2674748789e-05 3.9535634029e+01
-1.4936249100e-04 3.0809984621e-05 4.6307032543e+01
-2.4092878017e-04 7.5771101644e-06 3.9910600309e+01
2.1201986295e-04 5.1851453516e-05 1.7004550318e+01
1.5197289583e-04 8.8803681545e-05 1.7005977272e+01
7.9277073895e-05 1.0096624704e-04 2.2465447104e+01
-1.8669892183e-04 9.1137415516e-05 3.5610569009e+01
2.8887660848e-04 8.9201781853e-05 1.4177929003e+01
-2.5198047511e-04 4.4676366541e-05 3.5496008322e+01
-2.2275998778e-04 6.1760484596e-05 3.7974628691e+01
-2.5904274517e-04 5.2900906038e-05 3.5204198082e+01
2.6371598575e-04 5.5425733659e-05 1.5802015994e+01
2.8864750133e-04 2.4425286657e-05 1.6634021742e+01
-1.8337251847e-04 2.9553332143e-05 4.4901974040e+01
-2.2484277164e-04 5.5721171342e-05 3.8344446181e+01
2.2573151871e-04 6.1445334766e-05 1.6492896785e+01
3.4510638899e-04 2.6294271327e-05 1.4039996128e+01
3.4902589909e-04 2.6564916614e-05 1.3663405627e+01
-2.7715651472e-04 4.8595425092e-05 3.0050859187e+01
2.8307380787e-04 1.0289596655e-04 1.3872026775e+01
-1.8610720102e-04 5.0819578023e-05 4.0849296640e+01
-1.9038861728e-04 6.4562581903e-05 3.8556345792e+01
-2.0402949794e-04 2.9942933524e-05 4.3257864123e+01
-1.7486595294e-04 3.2777574332e-05 4.4767337350e+01
2.9174486890e-04 8.2335400385e-05 1.4326273473e+01
-2.0979266859e-04 3.7154561745e-05 4.1600698450e+01
-2.7834310266e-04 5.4271030504e-05 3.2623845533e+01
2.5152618735e-04 3.6210077097e-05 1.6991244738e+01
1.8319596554e-04 1.3197516366e-04 1.5059809916e+01
-2.6182024354e-04 2.1578615341e-05 3.1068305748e+01
-2.6812779475e-04 2.2067368005e-05 2.7713419034e+01
-2.5811394092e-04 1.6009104227e-05 3.3022915593e+01
-1.8854336096e-04 2.6308072457e-05 4.5157607058e+01
2.0684376304e-04 4.5190946901e-05 1.7241137200e+01
2.7597848706e-04 5.7649946175e-05 1.5475223331e+01
-1.0022638033e-04 5.9383262436e-05 4.1363086766e+01
-3.0873579821e-04 1.9489954171e-05 1.7039244782e+01
2.4556938677e-04 1.0922098094e-04 1.4509639274e+01
1.1066383701e-04 1.1185684193e-04 2.1855161182e+01
3.6755041013e-04 2.4034239828e-05 1.1650848187e+01
-2.3575824501e-04 5.9423092041e-05 3.7562857438e+01
-2.4537164927e-05 1.1829586504e-04 3.3551507064e+01
-2.8792639523e-04 1.4108599738e-05 1.7121143172e+01
3.2170250685e-04 2.8117972377e-05 1.5357414440e+01
-2.9346479362e-04 5.0788735257e-05 2.5698556067e+01
-2.0129170037e-04 8.8862867175e-05 3.5926959964e+01
-1.6559611121e-04 7.4704110458e-05 3.7429473696e+01
-2.8130297131e-04 3.0409657061e-05 1.8721614835e+01
2.3003145257e-04 4.5546664295e-05 1.7008160318e+01
-2.7814148419e-04 1.5234795587e-05 2.1005328662e+01
2.5555432837e-04 3.6677089732e-05 1.7006735154e+01
-2.4910684349e-04 2.4491450761e-05 3.5967387825e+01
-7.9920640428e-05 9.8956034145e-05 3.4359933063e+01
-1.7937074619e-04 9.2385583650e-05 3.5433649539e+01
-1.2765405039e-04 2.5816362340e-05 4.8082045366e+01
-2.8700638319e-04 2.9504628701e-05 1.7114541170e+01
2.3480454857e-04 8.8430146214e-05 1.5195789405e+01
3.1313645630e-05 9.3313819386e-05 2.9730092791e+01
2.7925701278e-04 7.6289060068e-05 1.4800366168e+01
2.7187820012e-04 2.0253035949e-05 1.8013735715e+01
-2.7285979842e-04 3.0910514837e-05 2.5610026940e+01
1.8288130955e-04 1.2816307007e-04 1.5156809602e+01
2.9381783244e-04 9.7670440294e-05 1.3747400795e+01
-2.8524763235e-04 5.4805144110e-05 3.1827726528e+01
-1.2528503367e-04 9.6392888184e-05 3.4558762830e+01
-9.6286964096e-05 1.0335400017e-04 3.3669052887e+01
1.8701901590e-04 7.9151683469e-05 1.6996247733e+01
2.5830688434e-04 3.0973486561e-05 1.7266219682e+01
-1.0679207563e-04 9.7619610559e-05 3.4361054421e+01
3.1175718896e-04 8.9957423046e-05 1.3435026557e+01
2.7304518878e-04 2.6147907082e-05 1.7077280825e+01
-2.6249981678e-04 6.6198946404e-05 3.6916341098e+01
2.5481447543e-04 9.3090386681e-05 1.4765455342e+01
-2.9545693874e-04 2.9443720251e-05 1.7073493004e+01
1.0618462116e-04 1.0066296584e-04 2.2857294160e+01
2.7406050202e-04 1.1676365815e-05 1.9337298760e+01
-3.3323689285e-04 1.2761964860e-05 1.7017522260e+01
-2.5122628835e-04 5.5699208464e-05 3.6406426194e+01
2.5055728223e-04 4.9386247963e-05 1.6328937950e+01
2.7360544401e-04 8.9807403862e-05 1.4514106709e+01
6.3155212438e-05 9.9851909805e-05 2.2422758019e+01
-2.6930545132e-04 5.0970792365e-05 3.3037319386e+01
2.2943530964e-04 1.3453763089e-04 1.4073006699e+01
-3.0450987450e-04 1.3714376359e-05 1.7023235385e+01
-1.4750681581e-04 9.1608527495e-05 3.5228376664e+01
-2.0004224882e-04 3.6801411886e-05 4.2453421599e+01
1.0054891732e-04 1.4061309120e-04 1.6882890431e+01
-1.8977415142e-04 8.2994856393e-05 3.6343445783e+01
2.9430999148e-04 1.0152996766e-04 1.3589841845e+01
-1.5941884752e-04 4.1039940897e-05 4.3774117392e+01
-2.9620681762e-04 5.0840090439e-06 1.7025481855e+01
2.9794111492e-04 1.2266452797e-05 1.7144060399e+01
2.6229190632e-04 3.1288508691e-05 1.7090161828e+01
2.8897285445e-05 1.0119507734e-04 3.3142683316e+01
3.2613306174e-04 8.5141058122e-05 1.3050351108e+01
3.2440924199e-04 4.2998170534e-05 1.4648974069e+01
2.9268590047e-04 6.1987609129e-06 1.7499585155e+01
-1.4743183545e-04 6.6029753420e-05 3.9106972056e+01
-2.8221502229e-04 4.7964847279e-05 2.7822727944e+01
-6.6664708313e-05 5.0411834002e-05 4.3555867571e+01
2.7330757484e-04 6.4324592299e-05 1.5293946651e+01
2.8410069870e-04 5.9051164025e-05 1.5253539169e+01
-9.9049286662e-05 1.0343816157e-04 3.3664377394e+01
2.5367331044e-04 6.4070217725e-05 1.5658266610e+01
2.1600601985e-04 5.2559862795e-05 1.7022565285e+01
2.9237541919e-04 1.1629668567e-04 1.3062200612e+01
-1.4583060473e-04 3.0780020141e-05 4.6443569517e+01
-2.9006922592e-04 4.6136677577e-05 2.2050844714e+01
-1.5627264340e-04 3.5872890934e-05 4.4974393066e+01
-2.9266473153e-04 5.3252074157e-05 2.8959063812e+01
-2.2211385983e-04 3.5892950286e-05 4.0482059546e+01
2.3351309141e-04 2.5843279178e-05 1.8367129277e+01
2.9944848673e-04 1.8772209994e-05 1.6601357165e+01
-2.9796636859e-04 4.4762108376e-05 1.6897942893e+01
1.7780115467e-04 6.9975121893e-05 1.7014635306e+01
3.2567904716e-04 8.1171370513e-05 1.3224988966e+01
3.2262430104e-04 1.3898994548e-05 1.6213042287e+01
7.3159975869e-05 1.1894695384e-04 2.1642446413e+01
2.6215080239e-04 4.8104800745e-05 1.6145579394e+01
3.3240798402e-04 2.1762647410e-05 1.5211842749e+01
-1.6753365145e-04 7.4002262527e-06 4.9928208422e+01
2.8796110816e-04 1.1143963454e-04 1.3408966809e+01
1.1349821737e-04 6.9059054010e-05 2.2906396581e+01
-1.7006114684e-04 1.9688317812e-05 4.7584075141e+01
-7.8626619989e-05 9.6936603454e-05 3.4689117553e+01
2.8493512211e-04 8.8418399470e-05 1.4302643848e+01
9.5241978836e-05 1.2630621551e-04 2.2497853100e+01
1.3479292994e-04 1.3463160478e-04 1.7018779904e+01
2.1168452281e-04 6.8468963501e-05 1.6815604469e+01
-2.8596933889e-05 1.2021014908e-04 3.2867531411e+01
7.5552818260e-05 1.2866734708e-04 2.1377248936e+01
-3.2166497041e-04 2.6684397400e-05 1.7056097090e+01
3.2865463163e-05 8.3290774844e-05 2.5760119287e+01
-1.1977950624e-04 5.0798927417e-05 4.2820882620e+01
-7.7913550905e-05 1.0908607895e-04 3.3053065564e+01
-2.8075463838e-04 1.9405892832e-05 1.8391333473e+01
1.2079849919e-04 1.3465680493e-04 1.7088729132e+01
2.5917566448e-04 1.6703868466e-05 1.9475468659e+01
-1.5764712097e-04 2.7620578000e-05 4.6634737990e+01
2.8864738822e-04 4.1930194297e-05 1.5787451019e+01
3.4896165073e-04 5.7934476202e-05 1.2953482465e+01
-1.6512956879e-04 3.9423238962e-05 4.3883509471e+01
-2.7302165781e-04 5.7342773178e-05 3.4554610968e+01
4.6040906329e-05 8.3844977701e-05 2.2678049614e+01
-1.7346376521e-04 7.3256341333e-05 3.7571354730e+01
-2.0569752704e-04 1.8354605734e-05 4.4973989451e+01
2.8256833788e-04 9.9065508171e-05 1.4016631864e+01
-2.1485954987e-04 6.2858833151e-05 3.8132930133e+01
1.4536626294e-04 1.2462829164e-04 1.6976467182e+01
-1.1902223161e-04 6.8870327362e-05 3.9041256337e+01
2.8040425265e-04 4.0682601064e-05 1.6056055117e+01
-3.6622774128e-04 3.4657402901e-06 1.8273090802e+01
1.9103854195e-04 8.0299582770e-05 1.7002481209e+01
-1.2428005056e-04 9.4319732746e-05 3.4799197321e+01
-2.0174835487e-04 6.5563765422e-05 3.8174593429e+01
2.5051537694e-04 1.1776158495e-04 1.4169199399e+01
-1.6683329394e-04 6.3089021617e-05 3.9280206779e+01
2.7524975170e-04 7.5522970112e-05 1.4902397143e+01
2.7706842051e-04 4.3668399311e-05 1.6008746413e+01
2.8535187893e-04 2.7445593980e-05 1.6607339411e+01
-3.4343982039e-04 2.2562035775e-05 1.6821975324e+01
2.6505968609e-04 8.4380199814e-05 1.4828847687e+01
-1.8243854719e-04 2.7877850870e-05 4.5278541862e+01
2.5823515212e-04 9.0202815663e-05 1.4785118283e+01
-1.0567023195e-04 9.5571200205e-05 3.4632030720e+01
2.8107604031e-04 1.1741249676e-04 1.3385765775e+01
2.1933915761e-04 5.0011658010e-05 1.7020087333e+01
-2.2004753418e-04 6.1402915271e-05 3.8098817639e+01
-1.4460765014e-04 2.9143637995e-05 4.6834087250e+01
2.5640986293e-04 7.8940220234e-05 1.5123362372e+01
-3.3449157325e-04 2.3781321083e-05 1.6982708478e+01
-3.6077274867e-04 1.4275886858e-05 1.4424836174e+01
2.6617796390e-05 9.4527284246e-05 3.1895555733e+01
8.6433802641e-05 1.2095812607e-04 2.2151843045e+01
2.8530324513e-04 4.4967139328e-05 1.5751127753e+01
3.7503549301e-05 1.5055580320e-06 3.7698453942e+01
1.1101203803e-04 1.2895796336e-04 1.7035752359e+01
3.0968136002e-04 4.8480210604e-05 1.4948358324e+01
-2.6881298681e-04 3.8990519910e-05 2.9664769955e+01
-1.5008207540e-04 5.3189524724e-05 4.1559541274e+01
1.5895606151e-04 8.7717738258e-05 1.7004975675e+01
2.6223081750e-04 9.1068350485e-05 1.4694092922e+01
-1.1648171541e-04 5.0755223723e-05 4.2904094737e+01
3.1836918698e-04 3.1392601813e-05 1.5322630504e+01
-3.3668911488e-04 1.3380209482e-05 1.6996909557e+01
3.1368864705e-04 4.9019696032e-05 1.4805961114e+01
-1.6887495164e-04 1.8110874171e-05 4.7948696757e+01
3.0694381813e-04 5.5406154532e-05 1.4793603047e+01
-2.3312645891e-04 5.8991204434e-05 3.7709470109e+01
3.6659432971e-04 1.5935858738e-05 1.0831761451e+01
2.4160185419e-04 1.0825864663e-04 1.4603013528e+01
-1.4283920619e-04 9.3338181730e-05 3.5007362326e+01
5.8240563441e-05 1.0046649120e-04 2.2415135257e+01
-2.7421013973e-04 2.2689066535e-05 2.3763237874e+01
3.3508928949e-04 3.6712660062e-05 1.4403062527e+01
-2.5200917244e-04 2.1033370786e-05 3.5171312658e+01
9.5255077136e-05 1.2305398893e-04 2.2582394419e+01
3.1127642274e-04 8.6056173270e-05 1.3599537402e+01
1.2088984236e-04 1.3097049450e-04 1.7054938099e+01
-3.0289762361e-04 5.1128265137e-05 2.1074202954e+01
-1.9726736680e-04 8.1794851921e-05 3.6471151543e+01
1.4510359931e-04 1.2082342210e-04 1.6998805206e+01
-9.4686467651e-05 1.0534779130e-04 3.3448767873e+01
-2.5135663020e-04 5.3445443629e-05 3.6233174747e+01
2.7669420321e-04 1.1268730865e-04 1.3697713630e+01
2.7304182263e-04 8.6024634532e-05 1.4635589851e+01
-2.0985962288e-04 5.0293557459e-05 3.9778348395e+01
1.0700522853e-04 7.0128239561e-05 2.2880689127e+01
-2.0480766864e-04 1.6754002295e-05 4.5325505164e+01
1.9581959077e-04 8.5191870335e-05 1.6664254332e+01
-7.6675249794e-05 5.0424172885e-05 4.3564846292e+01
-2.7489058136e-04 1.5014997908e-05 2.3412845945e+01
2.5816880089e-05 9.2330541487e-05 3.1574176560e+01
-1.2513748261e-04 6.9037311233e-05 3.8904407915e+01
-3.7247148831e-04 7.6830451867e-06 1.3247441135e+01
7.0842021433e-05 1.2810116285e-04 2.0674217150e+01
2.8341016578e-04 5.5347168255e-05 1.5399438500e+01
2.7323057648e-04 1.1564106427e-04 1.3684593106e+01
2.7261571663e-04 6.0618551238e-05 1.5435237591e+01
2.5851130149e-04 1.3838881412e-05 2.0029878057e+01
-1.7849819846e-04 7.1630610614e-05 3.7749763867e+01
1.8042283877e-04 8.4126263371e-05 1.7001615219e+01
-1.9587480225e-04 5.3219367757e-05 4.0057498552e+01
-1.9416624411e-04 3.8387247626e-05 4.2590970766e+01
1.5518027978e-04 8.6528353310e-05 1.7007211311e+01
-1.0118377806e-04 9.7433279101e-05 3.4394794061e+01
-2.4048771290e-04 1.5564183662e-05 3.9222968857e+01
2.7642964157e-04 2.3384316301e-05 1.7220933032e+01
-2.2170491171e-04 3.4046819681e-05 4.0753471454e+01
3.6134499955e-04 8.0059285545e-06 1.0589042760e+01
-1.6382239466e-04 6.2943884550e-05 3.9366187474e+01
3.5673608317e-04 2.7133704395e-05 1.2890582873e+01
-1.1970722568e-04 9.6124799954e-05 3.4565925977e+01
5.7679813074e-05 9.8009611891e-05 2.2470969540e+01
-1.2818482639e-04 6.9127975224e-05 3.8836814674e+01
-1.7895953991e-04 5.6096366020e-05 4.0190340947e+01
5.1692400979e-05 8.5151957877e-05 2.2651538168e+01
2.8042251951e-04 2.3618067732e-05 1.6967990295e+01
-1.4194561590e-04 9.1245859008e-05 3.5239580840e+01
1.2429900584e-04 1.2913812403e-04 1.7042353214e+01
-1.6516702108e-04 1.8096537903e-05 4.8155494486e+01
1.4947856011e-04 1.5298096247e-04 1.5090635330e+01
1.0348949358e-04 6.9279264072e-05 2.2866122996e+01
-2.3723150545e-04 3.3046205464e-05 3.8438173859e+01
-2.7996580405e-04 4.7078366342e-05 2.8184117269e+01
-2.4865955515e-04 2.0890696925e-05 3.6323818105e+01
3.3280844435e-04 7.8674670799e-05 1.3007724702e+01
-1.0002483513e-04 9.5394333963e-05 3.4680910817e+01
3.3165276161e-04 1.8088050313e-05 1.5486449272e+01
-7.6667640689e-05 1.0701826041e-04 3.3298044881e+01
-2.4880109854e-04 5.2936132794e-05 3.6490009279e+01
-1.8680210715e-04 3.6431207695e-05 4.3399626806e+01
-9.0606680712e-05 5.9280865801e-05 4.1554550153e+01
-1.9345287691e-04 3.6604081329e-05 4.2950710403e+01
2.5979607405e-04 7.6049974870e-05 1.5154659988e+01
2.3417040374e-04 8.4682099484e-05 1.5315053653e+01
-2.0210117571e-04 8.0299031776e-05 3.6610213447e+01
-2.3302465303e-04 5.6816734544e-05 3.7803102117e+01
1.0282451057e-04 6.6560916882e-05 2.2865553958e+01
1.7070515693e-04 7.1416040039e-05 1.7013648492e+01
-8.6670088197e-05 5.0466799634e-05 4.3482543909e+01
2.7933806218e-04 5.4663552838e-05 1.5514399357e+01
5.5204689291e-05 8.8261564644e-05 2.2613733749e+01
2.5266142132e-05 8.4090227806e-05 2.9791642170e+01
-1.2549311694e-04 1.0253694060e-04 3.3946869624e+01
-1.9893812238e-04 6.5293452261e-05 3.8270449177e+01
3.2182285670e-04 1.0255236680e-05 1.6734572703e+01
2.1395669505e-04 7.9595960304e-05 1.6046138925e+01
-1.4134531297e-04 6.5805441845e-05 3.9253355562e+01
-2.7492944515e-04 1.3193000120e-05 2.3519477588e+01
2.5104870898e-04 1.6165279521e-05 1.9611366493e+01
-8.9991829671e-05 5.0486843497e-05 4.3439421704e+01
-1.7823789942e-04 5.4184468984e-05 4.0547290690e+01
-1.7563840275e-04 7.1418841895e-05 3.7812445141e+01
1.8372120784e-04 8.1649317776e-05 1.6999208957e+01
2.8449682040e-04 2.3959703812e-05 1.7119668937e+01
2.0276035043e-05 9.1468364621e-05 3.3123704907e+01
2.6730048888e-04 9.9502555930e-05 1.4360893180e+01
-2.1068479836e-04 8.6011157574e-05 3.6202559861e+01
-1.8982072527e-04 6.2537995937e-05 3.8860112707e+01
5.7392446447e-05 8.6589757308e-05 2.2625794710e+01
-9.5561730650e-05 9.7272151375e-05 3.4443171305e+01
-2.9153939769e-04 1.2418539682e-05 1.7035724455e+01
-1.3915220869e-04 9.1076813730e-05 3.5247615786e+01
-1.9531008373e-04 5.1280933338e-05 4.0382293827e+01
2.7246011188e-04 8.2253233096e-05 1.4756131649e+01
-3.1191192949e-04 1.2275641973e-05 1.7017092498e+01
-1.6176756198e-04 3.9360815571e-05 4.4031725669e+01
3.3236435050e-04 7.4675426134e-05 1.3181878642e+01
-1.1760652163e-04 9.2015813816e-05 3.5093758066e+01
2.8834203919e-04 8.5386574217e-05 1.4314889671e+01
3.2090922042e-04 7.2599020676e-05 1.3737867735e+01
9.6573928947e-05 6.7665718482e-05 2.2838251097e+01
2.6040460885e-04 1.0534229967e-04 1.4333031350e+01
1.5463584407e-04 8.3093042356e-05 1.7006803951e+01
-2.7153514235e-04 1.3036330657e-05 2.5873094606e+01
-9.4365847018e-05 9.5242027008e-05 3.4744405685e+01
-2.1180447109e-04 7.7391938877e-05 3.6847377749e+01
1.5722256975e-04 1.5239018492e-04 1.4908135438e+01
-6.7012804634e-05 1.0898927546e-04 3.3154678374e+01
-1.4035560072e-04 4.2442587691e-05 4.4111864346e+01
-1.4372700876e-04 4.7702548069e-05 4.2881635618e+01
3.0593840280e-04 1.0399682337e-04 1.3092668876e+01
3.2777055047e-04 3.9676172765e-05 1.4637143168e+01
2.4699952553e-04 1.5877507514e-05 1.9570876031e+01
3.0299956819e-04 1.1103878584e-04 1.2905430972e+01
-2.5579477481e-04 6.1558132272e-05 3.6550844239e+01
5.1605995178e-05 9.3941663724e-05 2.2536297828e+01
2.5591989419e-04 1.0064703902e-04 1.4549372155e+01
-2.1923871535e-04 7.6425052977e-05 3.6905797474e+01
-1.3822598132e-04 8.9006588006e-05 3.5504025041e+01
9.5901908390e-05 6.5031554312e-05 2.2839632689e+01
-1.9845857669e-04 6.3229204333e-05 3.8547375136e+01
2.1775303777e-04 1.0212563618e-04 1.5123437723e+01
-1.1866421999e-04 9.4063459538e-05 3.4820327440e+01
-1.3918540130e-04 4.0719696281e-05 4.4521077226e+01
1.5092368244e-04 8.1994435326e-05 1.7011939787e+01
-2.2892845347e-04 7.3772949956e-05 3.7083427688e+01
-1.1726331484e-04 1.0211403926e-04 3.3903877616e+01
2.4635986925e-04 1.3074986190e-05 1.9931620374e+01
1.6368398044e-04 7.2813040255e-05 1.7012295607e+01
3.1762231133e-04 2.7726101506e-05 1.5515806648e+01
-2.2408422928e-04 7.5078824897e-05 3.6995726539e+01
-2.1522855245e-04 3.3776403184e-05 4.1547250701e+01
1.4693787175e-05 9.0714885605e-05 3.4385447839e+01
2.4682498515e-04 9.1274918692e-05 1.4936262258e+01
2.2226447127e-04 1.0697548014e-04 1.4937725463e+01
1.9587788798e-05 8.3300390146e-05 3.1856695109e+01
-2.9527986602e-04 1.0705926047e-05 1.7059811951e+01
-1.6271696306e-04 7.4519588332e-05 3.7480360162e+01
8.9802475102e-05 6.6165816658e-05 2.2813755305e+01
3.7083792855e-04 2.0226395944e-05 1.0933872193e+01
2.2571205359e-04 1.0424363128e-04 1.4945711176e+01
3.2041559746e-04 6.8705408565e-05 1.3896160771e+01
6.6057195413e-05 8.9011919547e-05 2.2591290585e+01
-9.1532233348e-05 9.5175176567e-05 3.4781945375e+01
1.5993316273e-04 7.1880102843e-05 1.6982501245e+01
-2.0610646559e-04 5.9887429047e-05 3.8744714685e+01
2.9568200279e-04 8.3082918501e-05 1.4196539828e+01
3.3945598498e-04 7.2096324988e-05 1.2944517961e+01
2.3020451645e-04 1.0905675851e-04 1.4768718973e+01
-2.1389424585e-04 5.6583219616e-05 3.8819848481e+01
1.6729357642e-05 8.2944517869e-05 3.2744037947e+01
-1.5907194421e-04 5.8980132480e-05 4.0194162671e+01
-1.9375829839e-04 2.9726123303e-05 4.4153097755e+01
2.3763285698e-04 1.0728112921e-04 1.4692040804e+01
-2.0894294906e-04 6.0157555781e-05 3.8614878266e+01
2.0096447611e-04 7.2622185654e-05 1.7014826494e+01
8.6466807213e-05 6.5457520344e-05 2.2803255149e+01
2.3895111807e-04 1.5282718856e-05 1.9509858747e+01
-1.6593558201e-04 9.1007411504e-05 3.5425990026e+01
-6.2888484883e-05 1.1104373629e-04 3.2955198477e+01
-3.3987355575e-04 2.1476376680e-05 1.7015726236e+01
1.5940461940e-04 6.8723238152e-05 1.7110591488e+01
2.2676300964e-04 8.6446308545e-05 1.5401147857e+01
6.9540333560e-05 9.2478592554e-05 2.2547426736e+01
8.5777163956e-05 6.2940923668e-05 2.2807150574e+01
-2.1758352841e-04 8.2809933403e-05 3.6457299109e+01
-6.0183060560e-05 1.1104976600e-04 3.2999024240e+01
-1.5598079148e-04 5.8865168688e-05 4.0287758078e+01
2.0020338143e-04 6.8973409203e-05 1.6984295187e+01
2.3833612999e-04 1.2545878676e-05 1.9875372072e+01
7.1929838506e-05 9.0817433424e-05 2.2578950496e+01
-1.6520375976e-04 8.8868236214e-05 3.5636099369e+01
-1.9013484921e-04 3.6514829641e-05 4.3180785354e+01
3.3902612691e-04 6.8069900622e-05 1.3116484585e+01
-5.8844305806e-05 1.0899399849e-04 3.3304817927e+01
3.3112732611e-04 3.6320299510e-05 1.4615322000e+01
2.5936107975e-04 1.2726214206e-04 1.3617866396e+01
7.9887286408e-05 6.4123382490e-05 2.2786131247e+01
-2.7566680912e-04 5.5793442189e-05 3.3695330775e+01
-1.5692183461e-04 7.4175752200e-05 3.7583539783e+01
2.5491121856e-04 3.3594342207e-05 1.7252863673e+01
1.9617581818e-04 6.7950644895e-05 1.7001017746e+01
7.7378178211e-05 9.0095996522e-05 2.2614463064e+01
1.5251670804e-04 7.0098279012e-05 1.7484100395e+01
2.5091824231e-04 3.3243286738e-05 1.7197086715e+01
4.3905775343e-06 9.1583338220e-05 3.6146961797e+01
-2.3365484818e-04 7.0202802355e-05 3.7263809718e+01
7.9182013952e-05 6.1680162882e-05 2.2791131628e+01
2.3095721926e-04 1.4684955758e-05 1.9490335973e+01
1.0976924301e-05 8.2303837589e-05 3.4256393660e+01
2.9514235112e-04 7.9264752430e-05 1.4336564237e+01
3.4177197508e-06 8.9490554266e-05 3.6137830381e+01
-5.4777369560e-05 1.1108550165e-04 3.3112466927e+01
8.0926920465e-05 9.3832972981e-05 2.2591541031e+01
2.6854352150e-04 5.9870801109e-05 1.5539647221e+01
2.3036176970e-04 1.2021484211e-05 1.9850653407e+01
8.0845301964e-06 8.2016543179e-05 3.4892813223e+01
1.4880122073e-04 6.9206867761e-05 1.8049928835e+01
-5.3407188075e-05 1.0903643171e-04 3.3446273668e+01
-2.9957080853e-04 7.0457036615e-06 1.7035803057e+01
7.3420221820e-05 6.2898054433e-05 2.2774477819e+01
4.3522927592e-05 1.0030856249e-04 2.6788808416e+01
-1.6654180004e-04 3.6026922075e-05 4.4516361367e+01
8.3986971705e-05 9.4923990665e-05 2.2606235111e+01
2.4353014881e-04 3.5419583189e-05 1.7271017791e+01
4.0863237016e-05 9.9618309912e-05 2.7861011419e+01
-2.2479608053e-04 8.2001464712e-05 3.6555676019e+01
7.4901291913e-05 9.1780351872e-05 2.2578325848e+01
-1.9991214026e-04 8.2148062908e-05 3.6443995510e+01
-1.2519131208e-06 9.1072783667e-05 3.6647821641e+01
7.0225264955e-05 6.2324794557e-05 2.2770630447e+01
1.9481121326e-04 6.1061333250e-05 1.7018607487e+01
3.4608330056e-04 6.5411154600e-05 1.2851752496e+01
1.4820517967e-04 6.6144674201e-05 1.8524465134e+01
7.0891792003e-06 7.9964958593e-05 3.4983770781e+01
2.2300647412e-04 1.4097359496e-05 1.9511846781e+01
-2.2693734132e-06 8.9000635622e-05 3.6689626840e+01
6.9492906906e-05 5.9984064962e-05 2.2776232757e+01
-4.9380913866e-05 1.1115446404e-04 3.3263827548e+01
-2.9988347787e-04 5.1920710372e-06 1.7021595563e+01
2.9458666762e-04 7.5460709912e-05 1.4474167378e+01
2.6781253745e-04 5.6184840856e-05 1.5692346762e+01
2.8378857232e-04 2.0775846210e-05 1.7008278935e+01
3.4829581512e-05 3.0557479925e-06 3.8124357239e+01
2.3952181316e-04 3.5002860060e-05 1.7538167579e+01
2.1904194409e-04 1.3810776701e-05 1.9526946170e+01
-4.7979020311e-05 1.0911210067e-04 3.3624651277e+01
-1.4702708860e-04 7.7563821712e-05 3.7129038225e+01
1.4133427764e-04 6.7424225407e-05 1.9482897048e+01
-2.0473046421e-04 8.0671497532e-05 3.6578403816e+01
2.0606435210e-04 1.3175740923e-04 1.4636128323e+01
2.6705758489e-04 5.2512367843e-05 1.5853691159e+01
-2.3860605482e-04 7.1295738130e-05 3.7242457216e+01
3.4936472378e-04 6.2027054752e-05 1.2791863496e+01
2.1846146130e-04 1.1267739410e-05 1.9859364769e+01
-1.8294645918e-04 6.7974192824e-05 3.8209723963e+01
1.9547413889e-04 6.4447579473e-05 1.7008436935e+01
2.3887303424e-04 3.2066249797e-05 1.7821931292e+01
-7.9847196028e-06 8.8581080371e-05 3.7068837546e+01
-2.2408646494e-04 3.0551266273e-05 4.0857830827e+01
-2.6557348053e-04 5.9700875846e-05 3.5733022154e+01
2.6627794972e-04 4.8852851588e-05 1.6022335467e+01
1.4068928193e-04 6.4427804850e-05 1.9982833886e+01
2.4624046080e-04 6.6052969291e-05 1.5726592698e+01
6.0015931869e-05 5.8513661311e-05 2.2770983088e+01
-4.3995762722e-05 1.1125828490e-04 3.3457492562e+01
-2.1701933487e-04 5.8956708680e-05 3.8439007200e+01
-1.8231755760e-04 6.5946408764e-05 3.8517788703e+01
-4.2562123719e-05 1.0922287532e-04 3.3842931207e+01
2.1113109141e-04 1.3255710774e-05 1.9609550256e+01
2.8319153092e-04 1.7786011386e-05 1.7096845840e+01
-1.7141822183e-04 3.2725344590e-05 4.4953994485e+01
-1.9271134116e-04 3.4840670318e-05 4.3313815309e+01
-2.3623641613e-04 7.3061545357e-05 3.7173566361e+01
-1.9720069024e-04 2.9792014150e-05 4.3872566682e+01
-1.5613475698e-04 8.6104403680e-05 3.5910298958e+01
-1.7133900145e-06 7.9256338463e-05 3.6524982976e+01
5.4582377469e-05 5.9839014480e-05 2.2767410643e+01
-1.3725126749e-05 8.8224618194e-05 3.7306784024e+01
1.3381448295e-04 6.5662912934e-05 2.1278755360e+01
2.1054907451e-04 1.0795969482e-05 1.9915271224e+01
-3.4919292253e-04 1.9979173000e-05 1.5725089298e+01
2.3148781297e-04 3.4111485515e-05 1.7712987469e+01
-1.4119879616e-04 7.7277186577e-05 3.7219128684e+01
-3.8624232790e-05 1.1139913907e-04 3.3697660539e+01
5.1512025060e-05 5.9414914766e-05 2.2769466747e+01
2.3881307245e-04 6.7958634494e-05 1.5811583196e+01
-1.9194038809e-04 3.3096562686e-05 4.3679697565e+01
2.8655786755e-04 1.4944579283e-05 1.7130793495e+01
-3.7158219676e-05 1.0937049839e-04 3.4103619163e+01
-6.5158575791e-06 8.0865606990e-05 3.7096261200e+01
1.3312671227e-04 6.2743453226e-05 2.1763004927e+01
5.0718731362e-05 5.7258574742e-05 2.2772621575e+01
-1.5333658607e-04 8.5909292891e-05 3.5928496628e+01
2.9401345078e-04 7.1671732230e-05 1.4610330134e+01
2.0323726148e-04 1.2725032384e-05 1.9738677587e+01
-9.4595236720e-06 8.0685412303e-05 3.7376404619e+01
3.0294092355e-04 5.4812487540e-05 1.4927651731e+01
2.2747557722e-04 3.3644517491e-05 1.7752836005e+01
-1.9113918562e-04 3.1371479456e-05 4.4047690759e+01
-2.2649096191e-04 2.7108197539e-05 4.0906503479e+01
-1.9487553652e-05 8.7924782489e-05 3.7431879035e+01
2.3805906573e-04 6.4263653884e-05 1.5986690173e+01
4.5420971407e-05 5.8636914158e-05 2.2774048156e+01
2.0265085377e-04 1.0348781153e-05 2.0028320069e+01
-1.8690496583e-04 6.2330949234e-05 3.8962103954e+01
1.2624162009e-04 6.3949741670e-05 2.3046012233e+01
3.7039631901e-04 1.6122650665e-05 1.0342209688e+01
-1.7041436784e-04 3.1039806745e-05 4.5341613717e+01
-1.3626128903e-04 6.7508823942e-05 3.9015015368e+01
2.8595949586e-04 1.2007734590e-05 1.7341858962e+01
-1.4770803097e-04 8.5544972411e-05 3.5968676517e+01
2.9003354604e-04 7.0967271418e-05 1.4729720895e+01
-3.3269250217e-05 1.1158024464e-04 3.3987905973e+01
2.6960854301e-04 4.5930572912e-05 1.6075854212e+01
8.9766329270e-05 9.4361264702e-05 2.2674241116e+01
2.2681353558e-04 3.0739021415e-05 1.7940207119e+01
-2.2939418897e-04 2.5462648610e-05 4.0605294943e+01
4.1572941036e-05 5.6207618440e-05 2.2741532969e+01
3.2763613560e-04 6.6092333857e-05 1.3705302277e+01
1.9535293437e-04 1.2223020550e-05 1.9946663925e+01
-1.4487894076e-04 8.5374569065e-05 3.5990880565e+01
-1.3828950481e-04 6.5701295797e-05 3.9326636489e+01
-1.5366641590e-05 8.0368243722e-05 3.7812133954e+01
-3.0598086556e-05 1.1168608846e-04 3.4152872718e+01
-2.5269097122e-05 8.7675856670e-05 3.7468998346e+01
1.2247896327e-04 6.3121808776e-05 2.2914563357e+01
-1.4397820348e-04 8.3326384472e-05 3.6277087178e+01
3.6392707322e-05 5.7636509362e-05 2.3425194827e+01
1.9141004278e-04 1.1984110230e-05 2.0082824495e+01
-2.9083086602e-05 1.0966895325e-04 3.4576488847e+01
-1.8328731822e-05 8.0229635571e-05 3.7975550814e+01
2.7293695552e-04 4.2990144481e-05 1.6136739692e+01
2.3063169056e-04 6.6089483802e-05 1.6110417237e+01
3.6987192762e-04 1.2076024850e-05 9.6078790368e+00
1.2177068037e-04 6.0327019608e-05 2.2939766888e+01
2.9892109007e-04 5.4207867969e-05 1.5057683617e+01
2.8603797167e-04 7.0253233618e-05 1.4843658412e+01
1.9080654386e-04 9.7335359610e-06 2.0338979202e+01
3.3377177464e-05 5.7341030869e-05 2.5241817051e+01
3.3099283574e-04 6.2795187142e-05 1.3681310293e+01
-3.1066999334e-05 8.7472816907e-05 3.7439360511e+01
-1.7186115569e-04 2.7754852385e-05 4.5919766438e+01
-2.5270158391e-05 1.1193145288e-04 3.4523359578e+01
1.1508423304e-04 6.1537532433e-05 2.2912064736e+01
1.8352124335e-04 1.1533261356e-05 2.0412150817e+01
2.7270548328e-05 5.6796791605e-05 2.8239552107e+01
3.3051134037e-04 5.8876486974e-05 1.3841570105e+01
1.8290209508e-04 9.3651797669e-06 2.0641199792e+01
-2.0955965830e-04 7.9223813983e-05 3.6699846336e+01
-1.5693721830e-04 8.8200593212e-05 3.5664581423e+01
-2.4268097773e-05 7.9989444428e-05 3.8211166426e+01
1.1438210561e-04 5.8826066000e-05 2.2909714170e+01
2.4183588639e-05 5.6547130105e-05 2.9616214847e+01
-3.6879287524e-05 8.7310505460e-05 3.7360798388e+01
-1.9963658549e-05 1.1222450831e-04 3.4947801208e+01
2.3191476624e-05 5.4599517660e-05 3.0318956357e+01
-2.7244519705e-05 7.9886185151e-05 3.8289732066e+01
1.7562625834e-04 1.1118806682e-05 2.0819140099e+01
2.2984783105e-04 6.2402946119e-05 1.6319985004e+01
-4.1377669879e-05 8.9161088660e-05 3.6988273210e+01
2.9627180859e-05 1.4832037980e-06 3.9763589487e+01
2.2820550690e-04 5.5063442063e-05 1.6791854587e+01
-2.8510530782e-05 7.7943777264e-05 3.8527464330e+01
1.7950104875e-05 5.6091675080e-05 3.2100939088e+01
1.0785031910e-04 6.0048939171e-05 2.2888160855e+01
2.9825109926e-04 5.0490188271e-05 1.5203975862e+01
1.7499352839e-04 9.0322474894e-06 2.1013183878e+01
-4.2702139224e-05 8.7186585415e-05 3.7247731150e+01
1.4806770047e-05 5.5884768460e-05 3.3212616284e+01
-2.8502432899e-04 6.6134473369e-05 3.8581092644e+01
2.2409325016e-04 5.4162991868e-05 1.7037046204e+01
-2.1439627536e-04 7.7808124285e-05 3.6808385164e+01
1.0714993661e-04 5.7418647509e-05 2.2886744811e+01
1.3724701132e-05 5.3983301998e-05 3.3792598686e+01
1.7825559322e-04 1.1918379508e-04 1.5529112764e+01
1.8565403848e-04 1.1802972618e-04 1.5356016070e+01
-4.7167748200e-05 8.9062564480e-05 3.6837767118e+01
1.6772600182e-04 1.0747073188e-05 2.1293378720e+01
-1.4680692804e-05 1.1256960133e-04 3.5423456857e+01
-3.3209056821e-05 7.9711094033e-05 3.8382352833e+01
-1.2048624259e-05 1.1276275298e-04 3.5678663675e+01
2.2903931459e-04 5.8728114241e-05 1.6526799254e+01
2.9419793335e-04 4.9886778223e-05 1.5333167532e+01
-4.8533635426e-05 8.7097075341e-05 3.7112055579e+01
8.4732505801e-06 5.5511040243e-05 3.5188021579e+01
1.6377280619e-04 1.0579012613e-05 2.1541093448e+01
-3.6196164244e-05 7.9637965736e-05 3.8401385594e+01
1.7435763592e-04 1.1780340986e-04 1.5731506306e+01
1.0076784699e-04 5.8658618432e-05 2.2864893629e+01
3.3769308138e-04 5.6108835768e-05 1.3610111484e+01
9.2487878668e-05 9.2634010131e-05 2.2717553318e+01
-5.2964823730e-05 8.8996636820e-05 3.6677331166e+01
-3.7528042792e-05 7.7712503522e-05 3.8664544917e+01
4.1188777691e-06 5.3479486442e-05 3.6555773821e+01
2.1948167083e-04 3.2688357421e-05 1.7798561704e+01
1.7391467478e-04 1.1398182087e-04 1.5975852740e+01
-5.4371326125e-05 8.7039180080e-05 3.6963197291e+01
2.1882545725e-04 2.9819212283e-05 1.7990141860e+01
1.5586994229e-04 1.0283364842e-05 2.2030952826e+01
2.9348541125e-04 4.6199482078e-05 1.5487651852e+01
9.6574012975e-05 5.5484588626e-05 2.2853929028e+01
-2.5132027906e-06 1.1147708542e-04 3.6720563697e+01
-5.8766522591e-05 8.8960876380e-05 3.6514061958e+01
-1.3540311641e-04 8.8852455779e-05 3.5520192822e+01
1.5520730795e-04 8.3883302207e-06 2.2035677038e+01
-4.2178703428e-05 7.9518735579e-05 3.8395651919e+01
2.1153281985e-04 3.1718004263e-05 1.7882831438e+01
-5.5947850018e-06 5.3076422038e-05 3.8688765234e+01
3.3722351114e-04 5.2169006102e-05 1.3768291822e+01
-3.3010599191e-04 4.2600794942e-06 1.7559994481e+01
-4.5173173117e-05 7.9471513421e-05 3.8374696427e+01
1.4798321788e-04 1.0040560980e-05 2.2462457865e+01
2.1088314848e-04 2.8893102133e-05 1.8077273031e+01
-1.0818360457e-05 5.4672670915e-05 3.9391057986e+01
9.0403958242e-05 5.6756229689e-05 2.2833274854e+01
-2.6328243937e-04 5.8934106801e-05 3.5739908259e+01
-1.3072203193e-04 9.0614607962e-05 3.5282774824e+01
2.7211174780e-06 1.1202631162e-04 3.7155550678e+01
-4.6569537575e-05 7.7559984016e-05 3.8658603706e+01
-6.4570486370e-05 8.8953261261e-05 3.6353351832e+01
1.4731345501e-04 8.2121409746e-06 2.2368488933e+01
-1.4065912222e-05 5.4568956278e-05 3.9880443408e+01
-1.2873305217e-04 8.6527842873e-05 3.5850676841e+01
-2.2153638987e-04 7.4613057148e-05 3.7032433111e+01
8.7013214225e-05 5.6170559560e-05 2.2824035552e+01
-2.1666722290e-04 7.5985659349e-05 3.6945529038e+01
2.0362507187e-04 3.0747420029e-05 1.8019363731e+01
1.4013210799e-04 9.8524354174e-06 2.2741759460e+01
6.1749391798e-06 1.1457275909e-04 3.7573632398e+01
2.2206086507e-04 4.4442045692e-05 1.7182387933e+01
-3.3889341058e-04 2.2324398964e-06 1.8939711639e+01
-2.0581726356e-05 5.4388670921e-05 4.0711494025e+01
-5.1167318623e-05 7.9400570594e-05 3.8304659762e+01
-7.0374709689e-05 8.8971916896e-05 3.6199212921e+01
-1.2403791777e-04 8.8304008870e-05 3.5605044316e+01
8.6294912182e-05 5.3764472823e-05 2.2825149468e+01
-2.0036859560e-04 5.9390550530e-05 3.9001278963e+01
8.7459146356e-06 1.1490674838e-04 3.7803417061e+01
-1.2117968332e-04 8.8183802700e-05 3.5631713621e+01
-2.3848411018e-05 5.4310796684e-05 4.1060008950e+01
1.3622219767e-04 9.7750047503e-06 2.2804665821e+01
-5.4166062610e-05 7.9375880972e-05 3.8258434429e+01
1.9968482713e-04 3.0265321213e-05 1.8119321319e+01
-7.3433383566e-05 8.5110055645e-05 3.6810605555e+01
2.1808845482e-04 4.3907361753e-05 1.7147134059e+01
-2.5247374895e-05 5.2523988110e-05 4.1443069249e+01
2.1745445586e-04 4.0943412188e-05 1.7355431692e+01
1.3553362559e-04 8.0271583296e-06 2.2597569860e+01
-5.5625356424e-05 7.7475673137e-05 3.8558431238e+01
2.2335153914e-04 5.0718793545e-05 1.7005417272e+01
2.1348344676e-04 4.0405073845e-05 1.7381835821e+01
-3.0396636536e-05 5.4178360285e-05 4.1638893500e+01
1.9904099948e-04 2.7519105941e-05 1.8335698387e+01
1.2844090410e-04 9.6528868409e-06 2.2867249528e+01
-3.3676834328e-05 5.4122569704e-05 4.1875230288e+01
7.7015765756e-05 5.4559863120e-05 2.2801163785e+01
1.2772820837e-04 7.9500467639e-06 2.2654460854e+01
-6.0165811214e-05 7.9347247603e-05 3.8149436816e+01
-3.3759204579e-04 4.6870173749e-06 1.8406054210e+01
2.0621191481e-04 4.2236322134e-05 1.7350131732e+01
7.6279246643e-05 5.2256631830e-05 2.2802763870e+01
-4.0246504855e-05 5.4031204122e-05 4.2255125232e+01
-6.3165900483e-05 7.9342464822e-05 3.8088759975e+01
2.2268197276e-04 4.7483140762e-05 1.6997897299e+01
2.0556985584e-04 3.9311582771e-05 1.7494762136e+01
1.2071036102e-04 9.5660838272e-06 2.2921142674e+01
-4.3535461305e-05 5.3994325298e-05 4.2403792728e+01
-6.4686061653e-05 7.7451615289e-05 3.8400332333e+01
-3.4662903135e-04 2.5173481406e-06 2.0628626082e+01
1.9834036545e-04 4.1095206013e-05 1.7493003440e+01
1.1996877272e-04 7.9031519506e-06 2.2720181415e+01
1.6656017739e-04 1.1493628763e-04 1.6365526584e+01
1.9769531761e-04 3.8207923599e-05 1.7651520504e+01
1.8217709204e-05 1.1417960787e-04 3.7870276384e+01
7.0483882393e-05 5.3605536524e-05 2.2790294339e+01
1.9050369335e-04 3.9949032362e-05 1.7718617674e+01
2.6846058989e-04 8.1445067689e-05 1.4852590899e+01
1.8985367089e-04 3.7107010952e-05 1.7905760970e+01
-6.9167302125e-05 7.9350226376e-05 3.7959399642e+01
2.3366179863e-04 1.0628589529e-04 1.4777849883e+01
1.8269477130e-04 3.8810702326e-05 1.8058846036e+01
6.7253889399e-05 5.3162683825e-05 2.2786227942e+01
1.5922609965e-04 1.1575261225e-04 1.6931617524e+01
-3.5483866597e-04 9.4030409174e-06 1.6991422083e+01
1.7879888184e-04 3.8247854451e-05 1.8279526206e+01
1.7813786823e-04 3.5483743936e-05 1.8509702907e+01
-7.0724927427e-05 7.7465936169e-05 3.8276140811e+01
1.7101575541e-04 3.7140724028e-05 1.8846176672e+01
6.6495427771e-05 5.0956433722e-05 2.2787966286e+01
1.5877613124e-04 1.1194687337e-04 1.7018311401e+01
-3.5124411824e-04 1.6357917421e-05 1.6054855028e+01
1.6712605008e-04 3.6597563305e-05 1.9195604489e+01
1.6644722259e-04 3.3923521817e-05 1.9468798143e+01
-3.4509158482e-04 5.2623589156e-06 1.9137614421e+01
1.0540305798e-04 9.4822140688e-06 2.2931859112e+01
-7.5163695463e-05 7.9382364826e-05 3.7823632715e+01
1.5934283719e-04 3.5537225657e-05 2.0030971325e+01
2.5829207742e-05 1.1558789346e-04 3.7932349171e+01
1.5865112620e-04 3.2928179381e-05 2.0315338933e+01
1.0457822992e-04 7.8793842920e-06 2.2923388537e+01
-1.1476960398e-04 9.1902867098e-05 3.5115162518e+01
1.5155053607e-04 3.4522006442e-05 2.1049991178e+01
-7.6761177811e-05 7.7501157706e-05 3.8144237213e+01
1.4374351898e-04 3.3560019753e-05 2.2231943090e+01
-1.1367578536e-04 8.9874311464e-05 3.5412920841e+01
-1.3238834988e-04 7.6897924712e-05 3.7363048214e+01
1.3910104034e-04 3.0659539745e-05 2.3005965956e+01
1.3983248858e-04 3.3100158661e-05 2.2895508174e+01
9.7826489779e-05 9.4693020736e-06 2.3084663965e+01
4.4762616797e-05 1.1592066932e-04 3.4598164879e+01
-1.3136067908e-04 7.4931011120e-05 3.7717610159e+01
1.3862244830e-05 1.1563665732e-04 3.8164607570e+01
1.3133956361e-04 2.9859471466e-05 2.2929061938e+01
1.3205553275e-04 3.2226162087e-05 2.2941091477e+01
1.9182570301e-04 2.9313641401e-05 1.8378411025e+01
9.6931624916e-05 7.8691697341e-06 2.3355216917e+01
1.2440934133e-04 3.1425705978e-05 2.2917815256e+01
2.5082232520e-04 9.2190045757e-05 1.4851893666e+01
3.3331646335e-05 1.1724818317e-04 3.8140013844e+01
1.1618719143e-04 2.8478976432e-05 2.2896693572e+01
1.5156655978e-04 1.1268885750e-04 1.7003773151e+01
1.1688731474e-04 3.0699005515e-05 2.2900531068e+01
1.9118268594e-04 2.6625926165e-05 1.8614226435e+01
1.0878673342e-04 2.7904173828e-05 2.2879650276e+01
5.2155645510e-05 1.1844014308e-04 3.2628754344e+01
1.0948494929e-04 3.0049779403e-05 2.2883001655e+01
5.6913827920e-05 4.9857003178e-05 2.2781279634e+01
-8.4144659860e-05 7.9473106964e-05 3.7617472935e+01
1.0149560340e-04 2.7404141807e-05 2.2863920551e+01
1.0219725060e-04 2.9478725693e-05 2.2865445421e+01
9.0755959264e-05 2.6794629212e-05 2.2847866191e+01
1.8398833963e-04 2.8385892190e-05 1.8759439812e+01
8.4445660181e-05 2.8382127821e-05 2.2834629027e+01
8.0233791277e-05 2.6332864894e-05 2.2842846679e+01
-3.9798987153e-05 2.5772311589e-05 4.7243660464e+01
-3.4179038081e-05 2.4216162202e-05 4.7069695918e+01
7.4085551522e-05 2.7925481536e-05 2.2844483576e+01
7.0677042880e-05 2.7802369367e-05 2.2794215677e+01
-1.0508014173e-04 8.9588577889e-05 3.5513880173e+01
-2.8815698535e-05 2.5833111752e-05 4.6255209408e+01
-2.3134073527e-05 2.4285614052e-05 4.5899372962e+01
2.3958403448e-05 1.1741082137e-04 3.8612070104e+01
5.9602802963e-05 2.5717525483e-05 2.5673228148e+01
-1.5787248050e-05 2.4344100234e-05 4.4918057013e+01
6.3898271348e-05 2.7587200198e-05 2.3905753315e+01
6.0491726724e-05 2.7484678415e-05 2.4843342914e+01
-8.5800962885e-05 7.7595832857e-05 3.7940750410e+01
-8.4542050419e-06 2.4415010639e-05 4.3760987725e+01
-1.4203120505e-05 2.5954774786e-05 4.4393914012e+01
-1.1401410544e-06 2.4498521964e-05 4.2420025476e+01
5.3620626547e-05 2.7283412195e-05 2.6878366144e+01
4.2092902567e-05 2.5277782701e-05 3.0961631567e+01
6.1509785083e-06 2.4595280081e-05 4.0891957361e+01
5.0160115203e-05 2.7185655673e-05 2.7946864999e+01
3.4991039542e-05 2.5117489622e-05 3.3146308900e+01
1.3414508610e-05 2.4705684353e-05 3.9180965877e+01
2.4248324311e-05 2.4897437865e-05 3.6304244834e+01
3.3994280065e-07 2.6128172806e-05 4.1821942692e+01
5.1424545712e-05 5.1288911994e-05 2.2775206624e+01
4.3190277352e-05 2.6996534232e-05 3.0139663038e+01
1.4782268521e-05 2.6360619464e-05 3.8499538236e+01
2.9077407585e-05 2.6650502654e-05 3.4515156888e+01
2.5519473961e-05 2.6572562431e-05 3.5562020991e+01
-2.5835823143e-04 5.9876009226e-05 3.6219742225e+01
2.4108378464e-04 1.0447527448e-04 1.4703395810e+01
1.8334142430e-04 2.5759361171e-05 1.9012599848e+01
3.6301158998e-05 1.2023462345e-04 3.9811320024e+01
8.2689889798e-05 9.4140907053e-06 2.4963374343e+01
-9.9326971135e-05 8.9427721094e-05 3.5596276208e+01
4.8315071877e-05 5.0978816302e-05 2.2768193233e+01
-9.0122161206e-05 7.9559211991e-05 3.7483168271e+01
8.1637590954e-05 7.8214433389e-06 2.5462161621e+01
-9.3106795029e-05 7.9609523567e-05 3.7417858825e+01
1.7616181114e-04 2.7488327060e-05 1.9261235240e+01
2.4452548494e-04 1.0165437361e-04 1.4716364641e+01
4.7507276875e-05 4.8949737617e-05 2.2824498103e+01
1.5114495742e-04 1.0896596866e-04 1.7003615365e+01
7.5099644793e-05 9.3753711080e-06 2.6443048971e+01
-1.1977601417e-04 8.0298390514e-05 3.6907004998e+01
-9.3560085259e-05 8.9291428229e-05 3.5691159266e+01
-9.4813825096e-05 7.7738189931e-05 3.7740060913e+01
1.7225032516e-04 2.7052501057e-05 1.9565384824e+01
7.3972654336e-05 7.7898125629e-06 2.7021023217e+01
1.4739504458e-04 1.0749319108e-04 1.7004673237e+01
2.1669534121e-05 1.4771610886e-06 4.1746190501e+01
4.2147081533e-05 5.0422284927e-05 2.2911640867e+01
1.7159006855e-04 2.4522614551e-05 1.9835965312e+01
3.9067460409e-05 5.0169910198e-05 2.4450846176e+01
2.4397739413e-04 9.7876685452e-05 1.4816403792e+01
6.6291404371e-05 7.7552766381e-06 2.8817292916e+01
-1.1388267886e-04 8.0107148893e-05 3.7007504523e+01
1.4042104477e-04 1.0817579594e-04 1.7004227979e+01
3.8194430104e-05 4.8212965878e-05 2.5421005024e+01
-2.1952465666e-04 5.7174926200e-05 3.8497476976e+01
-1.1081561819e-04 8.9773240589e-05 3.5443642241e+01
5.9858519444e-05 9.2883464176e-06 3.0106860634e+01
5.8591331550e-05 7.7179144442e-06 3.0784823448e+01
2.4341071138e-04 9.4106179416e-05 1.4916956634e+01
-2.3127718576e-04 7.1984292653e-05 3.7184817489e+01
1.3357250979e-04 1.0877919557e-04 1.7001227595e+01
5.2208552378e-05 9.2443992706e-06 3.2155056173e+01
2.8938063960e-05 1.1845214603e-04 3.9000446152e+01
-1.2973403013e-04 8.8564962761e-05 3.5558377006e+01
3.1883692949e-05 4.7778161829e-05 2.8192530488e+01
-1.0796834775e-04 7.9939274479e-05 3.7115440606e+01
1.3323498288e-04 1.0527264919e-04 1.7011662493e+01
4.8375205501e-05 9.2216501995e-06 3.3206096527e+01
-1.0500310056e-04 7.9862440129e-05 3.7172453282e+01
4.7014104808e-05 7.6636824223e-06 3.3915568844e+01
4.0691929409e-05 9.1757951075e-06 3.5324920919e+01
2.5485052541e-05 4.7384847276e-05 3.0780985095e+01
-9.9062168088e-05 7.9726946943e-05 3.7291518176e+01
3.9272803152e-05 7.6269357451e-06 3.6037369766e+01
2.0091812476e-05 4.8893156219e-05 3.2431404678e+01
1.6442251685e-04 2.6210004023e-05 2.0287625619e+01
-8.9049220001e-05 9.1163310985e-05 3.5446948108e+01
1.6375169793e-04 2.3748033853e-05 2.0557016791e+01
3.1517264782e-05 7.5935109547e-06 3.8121858387e+01
1.6860217791e-05 4.8718452059e-05 3.3547127699e+01
1.5658655384e-04 2.5414159060e-05 2.1145669794e+01
2.5274878624e-05 9.0931454673e-06 3.9438476283e+01
-8.5184344789e-05 8.5238210435e-05 3.6534942261e+01
2.3748165767e-05 7.5618368954e-06 4.0122846214e+01
1.5590280996e-04 2.3021678890e-05 2.1413385475e+01
1.0351997271e-05 4.8402311481e-05 3.5569072612e+01
1.7543791449e-05 9.0558470673e-06 4.1344645061e+01
-1.3677338471e-04 3.7313998720e-05 4.5335551760e+01
1.4873749873e-04 2.4671972305e-05 2.2154634647e+01
1.5965209661e-05 7.5304375904e-06 4.2003141934e+01
7.0762876854e-06 4.8258715296e-05 3.6477326718e+01
1.4480885873e-04 2.4323174840e-05 2.2737480942e+01
-1.3204918765e-04 3.5601819682e-05 4.5848735349e+01
8.1741393210e-06 7.5035988142e-06 4.3732857590e+01
2.9275010763e-04 4.2527143846e-05 1.5649517558e+01
1.4410812366e-04 2.2040532106e-05 2.2922721556e+01
4.8998508297e-07 4.8001649064e-05 3.8095388784e+01
-1.2507266862e-04 3.5542575605e-05 4.6053076717e+01
3.7449187596e-07 7.4791461278e-06 4.5294715561e+01
-7.6859630033e-07 4.6210156870e-05 3.8620261391e+01
3.4437437249e-04 4.9286190151e-05 1.3488680860e+01
-1.1946489868e-04 3.7158889874e-05 4.5836896841e+01
-5.7139779291e-06 8.9662449804e-06 4.6124643860e+01
-3.5101292433e-04 8.9957300216e-06 1.6985529474e+01
-6.1383331424e-06 4.7781054042e-05 3.9465228845e+01
-7.4321716297e-06 7.4575633542e-06 4.6679430547e+01
3.0018694033e-04 3.9995746355e-05 1.5535011905e+01
-1.7372413754e-05 8.9322352463e-06 4.7923264418e+01
3.0353087110e-04 3.6860968803e-05 1.5558635346e+01
-1.1106288855e-04 3.5444480291e-05 4.6396453732e+01
-1.9152080735e-05 7.4304031908e-06 4.8422674286e+01
3.4391495866e-04 4.5319510280e-05 1.3635421078e+01
-1.4166862108e-05 4.5835478132e-05 4.1065240780e+01
-1.0552385028e-04 3.7065538827e-05 4.6142822881e+01
-2.5150680897e-05 8.9141306403e-06 4.8906107792e+01
3.0277060288e-04 3.3204728631e-05 1.5734098251e+01
-1.9492314373e-05 4.7438471971e-05 4.1548629445e+01
-1.0202948569e-04 3.7045801106e-05 4.6203344604e+01
1.3697510889e-04 2.3676346148e-05 2.2925827778e+01
-1.0051383345e-04 3.5388931946e-05 4.6586509108e+01
1.3628858195e-04 2.1472582708e-05 2.2935169707e+01
-3.0880375506e-05 7.4090684584e-06 4.9783750315e+01
-2.2847606769e-05 4.7370394411e-05 4.1950031938e+01
-3.6824275223e-05 8.8918858798e-06 5.0080613890e+01
1.2857737707e-04 2.0977405587e-05 2.2914833774e+01
-3.8702138651e-05 7.3971921157e-06 5.0496672809e+01
-9.3074752444e-05 3.8657280939e-05 4.5964927493e+01
3.4725079123e-04 4.1836539499e-05 1.3530337342e+01
1.2164241797e-04 2.2603654899e-05 2.2903199584e+01
1.3709604733e-05 1.4715011528e-06 4.3594005988e+01
-9.1511502067e-05 3.6996545856e-05 4.6337817651e+01
-3.1061228451e-05 4.5525850753e-05 4.3034245993e+01
-4.6524951223e-05 7.3879166914e-06 5.1069185383e+01
-8.6108703287e-05 3.8632863122e-05 4.6021071740e+01
-8.2621142352e-05 3.8622625898e-05 4.6034031912e+01
-3.6310735427e-05 4.7163545208e-05 4.3161411699e+01
-5.4348199941e-05 7.3804915862e-06 5.1515353389e+01
-3.7848496498e-05 4.5443230043e-05 4.3553151534e+01
-6.0179788900e-05 8.8647874643e-06 5.1511969549e+01
3.4676931495e-04 3.7892196604e-05 1.3657382339e+01
3.0486487959e-04 6.2280962381e-06 1.7471019385e+01
-3.0506244168e-04 5.6994321794e-05 3.4112007364e+01
-4.3061984127e-05 4.7093636784e-05 4.3567424782e+01
-6.2170061613e-05 7.3762597785e-06 5.1848693327e+01
-6.7969679375e-05 8.8578775747e-06 5.1768069332e+01
-4.4646401575e-05 4.5380678908e-05 4.3948486104e+01
-7.2151469535e-05 3.8607586126e-05 4.5999113076e+01
1.1413626309e-04 2.2180457523e-05 2.2891289666e+01
-6.9991739002e-05 7.3720842430e-06 5.2082976641e+01
3.1020413117e-04 3.0522030993e-05 1.5620743064e+01
1.1041975749e-04 2.1993660912e-05 2.2886608103e+01
-7.0452337773e-05 3.6958437182e-05 4.6319384642e+01
-5.1449885008e-05 4.5335939954e-05 4.4237960687e+01
-6.5163412381e-05 3.8608129465e-05 4.5903393870e+01
-7.7813136683e-05 7.3690001770e-06 5.2230101029e+01
1.0973305310e-04 2.0047413759e-05 2.2894630343e+01
-5.4852354687e-05 4.5319362995e-05 4.4348112536e+01
-6.3423054815e-05 3.6962984661e-05 4.6198257919e+01
1.0305452157e-04 2.1667121152e-05 2.2881910744e+01
3.5010109638e-04 3.4353722283e-05 1.3484383279e+01
-8.5632542020e-05 7.3671559181e-06 5.2300851976e+01
-6.1659594250e-05 4.5299380379e-05 4.4507911407e+01
-9.1315590772e-05 8.8517207000e-06 5.2042098900e+01
1.0235627085e-04 1.9786503197e-05 2.2893290337e+01
-5.6385911790e-05 3.6976152418e-05 4.6001922123e+01
-9.3449975022e-05 7.3663324539e-06 5.2304723345e+01
-6.5065251848e-05 4.5293647294e-05 4.4561239252e+01
-5.1186330767e-05 3.8646529952e-05 4.5486327772e+01
-3.5310438699e-04 1.2802408771e-05 1.6714284118e+01
3.4958470829e-04 3.0438583653e-05 1.3575304200e+01
-4.6049320500e-05 4.0332085167e-05 4.4934545698e+01
-1.0126511339e-04 7.3664289772e-06 5.2249720064e+01
-7.1872174979e-05 4.5293960273e-05 4.4621252500e+01
-7.5275778878e-05 4.5297658062e-05 4.4631037403e+01
-1.0907765310e-04 7.3673688181e-06 5.2142360033e+01
9.5782920084e-05 2.1402660217e-05 2.2881123169e+01
-7.7083001033e-05 4.3614053420e-05 4.4983921426e+01
-3.7221819027e-05 3.8736167937e-05 4.4678355236e+01
-1.1689302132e-04 7.3672485712e-06 5.1987874632e+01
-8.2075214279e-05 4.5315867274e-05 4.4615167793e+01
8.8596989728e-05 2.1189496038e-05 2.2881303410e+01
-1.2240385821e-04 8.8610146375e-06 5.1582862490e+01
-3.0255885169e-05 3.8805665097e-05 4.4087969271e+01
-8.5473783155e-05 4.5327979360e-05 4.4592055687e+01
3.5290155778e-04 2.6842963866e-05 1.3275392281e+01
8.7852439815e-05 1.9411025740e-05 2.2899087343e+01
-1.2859738990e-04 7.3732040852e-06 5.1674173408e+01
-2.3297171716e-05 3.8891281007e-05 4.3349296604e+01
-9.2260101336e-05 4.5362156297e-05 4.4519181860e+01
-1.3404685121e-04 8.8667891491e-06 5.1229511632e+01
-1.3639672707e-04 7.3766079776e-06 5.1413482733e+01
-9.5651855595e-05 4.5381201575e-05 4.4471588388e+01
-1.4419369891e-04 7.3810776332e-06 5.1111155933e+01
8.0721973481e-05 1.9283740221e-05 2.2965051459e+01
-1.2909450051e-05 3.9064396008e-05 4.1924010299e+01
-1.0296840852e-04 4.2048330419e-05 4.5090856428e+01
3.0942230248e-04 2.6877947611e-05 1.5817357112e+01
-8.0883509722e-06 4.0852234157e-05 4.0843982663e+01
3.0861275132e-04 2.3254168666e-05 1.6048369396e+01
7.4463308768e-05 2.0888528492e-05 2.3579815423e+01
-1.5198641918e-04 7.3864585658e-06 5.0765377302e+01
-6.0053489502e-06 3.9204076236e-05 4.0734703376e+01
-1.5729003882e-04 8.8899834322e-06 5.0244552621e+01
7.3616164673e-05 1.9174375491e-05 2.4286349677e+01
-1.0981091411e-04 4.2100412093e-05 4.4954443794e+01
-1.1457910925e-04 4.3836067241e-05 4.4471474113e+01
3.1191848018e-04 2.0060075130e-05 1.6135774603e+01
5.7477584780e-06 1.4662741163e-06 4.5282566155e+01
4.2829025022e-06 3.9465660766e-05 3.8554521684e+01
-1.1663959194e-04 4.2160505501e-05 4.4796857862e+01
8.9086750923e-06 4.1332327324e-05 3.7100411276e+01
1.2279007878e-05 4.1449085629e-05 3.6178599263e+01
-9.5985180694e-05 1.1778530448e-04 3.2664399509e+01
3.1108310691e-04 1.6455893953e-05 1.6425716250e+01
-1.6864511961e-04 4.4168481659e-06 5.0344654989e+01
-1.2344911810e-04 4.2229491441e-05 4.4620833831e+01
1.4472259879e-05 3.9791983821e-05 3.5871994469e+01
6.6456316025e-05 1.9061190978e-05 2.5945597171e+01
-1.2809428981e-04 4.3987900411e-05 4.4115412083e+01
3.0693577700e-04 1.6056764114e-05 1.6608108367e+01
6.0269179647e-05 2.0628992674e-05 2.7064833224e+01
1.8981243471e-05 4.1706364638e-05 3.4160155465e+01
-9.7437881411e-05 6.8422761479e-05 3.9529192740e+01
-3.5267630843e-04 5.9575298452e-06 1.8730038970e+01
-1.3023491376e-04 4.2308182106e-05 4.4428301154e+01
-9.4339622103e-05 6.8379896079e-05 3.9596801992e+01
5.9246515665e-05 1.8946352567e-05 2.7822064013e+01
2.5619878229e-05 4.1997716140e-05 3.1921931102e+01
3.0276149577e-04 1.5664112465e-05 1.7032825611e+01
2.7886147471e-05 4.0324036702e-05 3.1536188305e+01
3.2183462975e-05 4.2324525205e-05 2.9495914448e+01
-8.8128698055e-05 6.8303205089e-05 3.9729106750e+01
3.5440786853e-05 4.2497489445e-05 2.8226396145e+01
4.0258515491e-05 1.1682614979e-04 3.6675980124e+01
3.7763206384e-05 4.0803428569e-05 2.7851040798e+01
5.1990149160e-05 1.8832348618e-05 2.9848005742e+01
3.5232677411e-04 2.2963223594e-05 1.3301652615e+01
-8.0233220673e-05 7.0067502573e-05 3.9519472565e+01
-8.7779643223e-05 8.9176565316e-05 3.5799328084e+01
4.1885664128e-05 4.2870079425e-05 2.5615164101e+01
4.5866155080e-05 2.0373745426e-05 3.1184087868e+01
4.5075515759e-05 4.3066218671e-05 2.4335457004e+01
4.4690558843e-05 1.8720927928e-05 3.1958183152e+01
-7.8784621691e-05 6.8218350427e-05 3.9912152809e+01
3.0200035705e-04 1.2382284489e-05 1.6984364796e+01
-7.0138477876e-05 9.6858102437e-05 3.4874125939e+01
-6.4482936927e-05 9.6836474300e-05 3.5021956604e+01
3.1340804263e-06 3.0194479803e-06 4.5540461907e+01
-7.4039097143e-05 7.0027149383e-05 3.9634466753e+01
-5.8828738661e-05 9.6843873450e-05 3.5188469949e+01
5.4572580737e-05 4.3724663277e-05 2.2774270208e+01
4.2273959370e-05 1.1517479855e-04 3.5044665130e+01
-5.3178259077e-05 9.6880852776e-05 3.5372528209e+01
3.0277474504e-05 1.0570925174e-04 3.4194681257e+01
5.7017041935e-05 4.1975640705e-05 2.2783861127e+01
-4.7533756696e-05 9.6949286441e-05 3.5571792042e+01
-7.2547260484e-05 6.8184371192e-05 4.0016845031e+01
-4.1897475101e-05 9.7051432994e-05 3.5782597610e+01
-3.6271646265e-05 9.7189970268e-05 3.5999629425e+01
6.0982076943e-05 4.4258073032e-05 2.2781252517e+01
1.8789964901e-04 1.4462845396e-04 1.4580648533e+01
-3.0660568985e-05 9.7369173454e-05 3.6215308472e+01
3.5169368366e-04 1.9128028817e-05 1.3326818462e+01
-2.5062364894e-05 9.7590417132e-05 3.6420330111e+01
-2.6693363920e-05 9.9535554756e-05 3.6119017612e+01
6.4220472961e-05 4.4553429504e-05 2.2786730484e+01
-1.9481285218e-05 9.7859044448e-05 3.6601725900e+01
-2.1146737483e-05 9.9793283520e-05 3.6347134422e+01
3.7351238175e-05 1.8614210753e-05 3.4089323445e+01
-1.3917303330e-05 9.8178753755e-05 3.6743482080e+01
-1.0110494567e-05 1.0046521618e-04 3.6713179608e+01
-8.3770728815e-06 9.8557320591e-05 3.6825259025e+01
3.0131266667e-04 9.3301820819e-06 1.7149662911e+01
-4.6273095483e-06 1.0089175708e-04 3.6811158963e+01
2.2356474988e-05 1.0421632031e-04 3.5414626244e+01
2.6946051940e-05 1.0293013888e-04 3.4163372197e+01
1.7023576957e-05 1.0336415816e-04 3.6018077679e+01
1.3518778647e-05 1.0078641818e-04 3.6034653563e+01
2.6294388111e-06 9.9513394098e-05 3.6709459234e+01
6.2599826737e-06 1.0195835439e-04 3.6706570832e+01
1.1656972411e-05 1.0261519506e-04 3.6446648180e+01
8.0909297235e-06 1.0010572273e-04 3.6455218714e+01
1.8413181417e-04 1.4713465799e-04 1.4557724759e+01
6.6748251838e-05 4.2774968815e-05 2.2790722024e+01
-6.6303148052e-05 6.8170402543e-05 4.0100710805e+01
3.1286293237e-05 2.0138790864e-05 3.5441870097e+01
1.8006331904e-04 1.4204608529e-04 1.4839084856e+01
7.0757651409e-05 4.5209921873e-05 2.2797539854e+01
1.7152581652e-04 1.2786938842e-04 1.5449505880e+01
7.4064345340e-05 4.5568089429e-05 2.2803712766e+01
1.7628655995e-04 1.4449873055e-04 1.4832537104e+01
1.6793343944e-04 1.3025050660e-04 1.5493111848e+01
4.9706899836e-05 1.1755050792e-04 3.3404820277e+01
3.5494050765e-04 1.5482869319e-05 1.2690571224e+01
8.6843003725e-05 4.4930363681e-05 2.2832300429e+01
-5.6931514484e-05 6.8189031770e-05 4.0170859193e+01
2.0253116371e-05 1.9983443717e-05 3.8453725967e+01
3.2907356784e-05 1.0626702868e-04 3.3699976394e+01
9.0975350031e-05 4.7690754361e-05 2.2843126495e+01
9.4445313219e-05 4.8179615270e-05 2.2852217731e+01
3.5421577286e-04 1.1716244473e-05 1.2604461313e+01
1.0147979188e-04 4.9223736256e-05 2.2871324753e+01
-4.7564364257e-05 6.8260235567e-05 4.0144795272e+01
1.1403885047e-05 1.8295718149e-05 4.0955752217e+01
1.0434357159e-04 4.7317968952e-05 2.2880195497e+01
-2.2156489448e-06 1.4615076943e-06 4.6796964692e+01
1.4959196781e-04 1.4162722156e-04 1.5927004692e+01
-4.3028972639e-05 7.0154829471e-05 3.9802697907e+01
4.7914816539e-05 1.0806822986e-04 2.8530980445e+01
4.5845767738e-05 1.0962863545e-04 3.0442656113e+01
1.0864008770e-04 5.0358193227e-05 2.2891822479e+01
4.3288119168e-05 1.0887363145e-04 3.1218227586e+01
4.0130683333e-05 1.0584866207e-04 3.1074896797e+01
5.0965338100e-05 1.1127229103e-04 2.8637850097e+01
1.2426643247e-04 1.2545914532e-04 1.7030620707e+01
-3.9929502296e-05 7.0201270952e-05 3.9752498173e+01
1.4584181916e-04 1.3993525481e-04 1.6458253292e+01
1.3457344458e-04 1.2331093349e-04 1.7015878415e+01
1.1158336345e-04 4.8419849628e-05 2.2899671487e+01
1.4204966348e-04 1.3438604537e-04 1.7014773751e+01
5.8104151264e-05 1.1171991482e-04 2.3911734916e+01
6.0969009306e-05 1.1523369682e-04 2.3533368212e+01
1.3114862408e-04 1.2529932631e-04 1.7021836824e+01
1.1593129610e-04 5.1583705676e-05 2.2912397305e+01
1.3839853881e-04 1.3262866014e-04 1.6999400101e+01
1.2089644418e-04 1.2369091113e-04 1.7005837462e+01
1.1963878704e-04 5.2225421717e-05 2.2921691054e+01
-3.8210341792e-05 6.8392094308e-05 3.9979616296e+01
2.6385349956e-04 1.0243170746e-04 1.4346784578e+01
1.0458292710e-04 1.1852567354e-04 2.3032227676e+01
1.2268187010e-04 5.0238810081e-05 2.2925895975e+01
-3.3748140365e-05 7.0323239312e-05 3.9591782810e+01
1.0142965312e-04 1.2008577939e-04 2.2825465653e+01
8.6368101628e-05 1.1797224481e-04 2.2244185909e+01
9.5202242083e-05 1.1985291700e-04 2.2590633721e+01
9.2068552910e-05 1.1509025987e-04 2.2507250280e+01
1.1106892450e-04 1.2545668637e-04 1.7216525170e+01
-3.0656994877e-05 7.0394234255e-05 3.9477017165e+01
1.2717021493e-04 5.3571966985e-05 2.2911072426e+01
8.3529572579e-05 1.1642234785e-04 2.2172029991e+01
8.0563657955e-05 1.1211680945e-04 2.2218898766e+01
1.0788555358e-04 1.2367345580e-04 1.8578645703e+01
1.3027455939e-04 5.1550037926e-05 2.3033349810e+01
5.4443325929e-06 1.9809478811e-05 4.1975379812e+01
3.9316787569e-06 1.8224120344e-05 4.2597554985e+01
1.3483429501e-04 5.5000366262e-05 2.2153877853e+01
-2.8880299340e-05 6.8594490055e-05 3.9619656658e+01
1.3798152702e-04 5.2933351043e-05 2.1700763845e+01
-2.4496645247e-05 7.0569432138e-05 3.9164708322e+01
-5.7241071353e-06 1.9705464028e-05 4.4161464991e+01
1.4247460537e-04 5.6491000944e-05 2.0539347203e+01
1.4628964807e-04 5.7248919523e-05 1.9829419100e+01
-1.9586499540e-05 6.8879539800e-05 3.8993856213e+01
1.5389980162e-04 5.8787139354e-05 1.8633227768e+01
-1.5287195500e-05 7.0906970412e-05 3.8443174334e+01
1.5708109780e-04 5.6600028585e-05 1.8498623311e+01
-1.2225456682e-05 7.1040666895e-05 3.8120608286e+01
1.6146024725e-04 6.0348993605e-05 1.7748355191e+01
1.6524488259e-04 6.1124098807e-05 1.7433508190e+01
1.7228367972e-04 5.9596608901e-05 1.7188361997e+01
1.7553631126e-04 5.7303820174e-05 1.7236012384e+01
1.7990179297e-04 6.1086826307e-05 1.7012627952e+01
1.8319266079e-04 5.8737120063e-05 1.7030069270e+01
-6.1345127544e-06 7.1352116481e-05 3.7329189328e+01
1.8761919102e-04 6.2686919926e-05 1.7012612357e+01
-1.6927854487e-05 1.9622879209e-05 4.5940147065e+01
-3.0952683875e-06 7.1525789547e-05 3.6849895186e+01
-2.6116788866e-05 1.8022711207e-05 4.7388349649e+01
2.9440662624e-06 7.1924062154e-05 3.5701977360e+01
5.9543274259e-06 7.2144805186e-05 3.5019901366e+01
-1.3332789664e-04 3.7283766089e-05 4.5444193520e+01
7.9226309293e-06 7.0390286576e-05 3.4520696471e+01
1.4901376213e-05 7.2921184658e-05 3.2472698107e+01
-3.1901122736e-05 1.9544694464e-05 4.7715949531e+01
1.6901101091e-05 7.1179631992e-05 3.1709800267e+01
-3.7428230583e-05 1.7978427283e-05 4.8499944901e+01
2.8452305612e-04 1.1443544114e-04 1.3398166707e+01
2.0792110489e-05 7.3541214278e-05 3.0283458915e+01
-4.3154261185e-05 1.9502135981e-05 4.8655152555e+01
2.3719477974e-05 7.3881953850e-05 2.9011884211e+01
-4.4970491723e-05 1.7956601502e-05 4.9065101495e+01
-1.0180285150e-05 1.4572098364e-06 4.8130864692e+01
2.5739486766e-05 7.2153013195e-05 2.7930191035e+01
2.9506839946e-05 7.4641853146e-05 2.6079453343e+01
3.4401674216e-05 7.3340636935e-05 2.2917637700e+01
-5.0656086369e-05 1.9485368464e-05 4.9119187919e+01
4.5111191297e-05 7.3032305758e-05 2.2744323545e+01
-5.4413059101e-05 1.9476306590e-05 4.9309053904e+01
-5.6294646580e-05 1.7934124146e-05 4.9685541921e+01
-6.1919235307e-05 1.9464696463e-05 4.9610627618e+01
5.1718156404e-05 7.6413362592e-05 2.2711913227e+01
5.5356318813e-05 7.9381538630e-05 2.2688321959e+01
5.7598027708e-05 7.7661569078e-05 2.2696714258e+01
6.3542615818e-05 7.9034591782e-05 2.2685702597e+01
7.5061064687e-05 7.9590036282e-05 2.2702547829e+01
6.7174005877e-05 8.2267106424e-05 2.2663784599e+01
9.0943680647e-05 8.4114934303e-05 2.2760781891e+01
8.8230422353e-05 8.5899725807e-05 2.2733466235e+01
7.8762411927e-05 8.3051746240e-05 2.2692901346e+01
8.5057444058e-05 8.4911148238e-05 2.2713023884e+01
-7.1388328940e-05 1.7919182372e-05 5.0159633674e+01
-1.3361531687e-04 4.2352052708e-05 4.4326167189e+01
-7.6930070839e-05 1.9455965475e-05 4.9949053303e+01
-8.4430858035e-05 1.9457371597e-05 5.0008664889e+01
-9.1927023831e-05 1.9462165452e-05 5.0008121963e+01
-9.4011773225e-05 1.7923740948e-05 5.0305708710e+01
-9.9417775122e-05 1.9469972200e-05 4.9955407988e+01
1.0825591749e-04 9.2628100476e-05 2.2875694458e+01
1.0431915494e-04 8.8394093398e-05 2.2844256258e+01
-1.3799812099e-04 3.9013787553e-05 4.4928188485e+01
-1.0906872450e-04 1.7940701538e-05 5.0131531386e+01
9.8542410088e-05 9.2034192443e-05 2.2783812517e+01
9.5248468730e-05 9.0879507086e-05 2.2756650829e+01
-1.6679820732e-05 2.9996477557e-06 4.8835428110e+01
-1.1437832127e-04 1.9494065125e-05 4.9718470629e+01
1.2657694622e-04 1.0586793374e-04 1.7172077686e+01
1.1312722931e-04 1.0349008835e-04 2.2662337247e+01
1.2001810295e-04 1.0638708871e-04 1.8071128691e+01
-1.1658681279e-04 1.7952827117e-05 4.9981779807e+01
1.1624709763e-04 1.0165244127e-04 2.1511135936e+01
-1.2184600473e-04 1.9510161310e-05 4.9543456564e+01
-9.6534947931e-05 7.5878866228e-05 3.8064938568e+01
-9.8276490931e-05 7.4027644191e-05 3.8392831734e+01
-1.3159702081e-04 1.7984208115e-05 4.9574929867e+01
-9.6989139062e-05 7.2132631515e-05 3.8790821334e+01
-1.3675082017e-04 1.9550427889e-05 4.9093760357e+01
-1.3908689866e-04 1.8003634226e-05 4.9321129796e+01
-1.4418530578e-04 1.9574859077e-05 4.8820659823e+01
-2.2160504606e-05 1.4593628431e-06 4.9799131613e+01
-1.5160152437e-04 1.9605304270e-05 4.8513938418e+01
-3.2585548720e-04 4.2496596077e-05 1.6917315301e+01
-1.5776139608e-04 1.8063726544e-05 4.8535777733e+01
-3.2596173087e-04 3.7329229053e-05 1.6975035776e+01
-1.6897453117e-04 1.3455121877e-05 4.8796084285e+01
-1.7274813850e-04 1.3470636954e-05 4.8563002283e+01
-1.8292368006e-04 1.1965410432e-05 4.8118080389e+01
-1.6365406959e-04 7.3981710930e-06 5.0157063288e+01
-1.9375026405e-04 1.6677796912e-05 4.6437016129e+01
4.8740267928e-05 1.3146527189e-04 5.6603620787e+01
-3.1155547535e-04 4.4232266439e-05 1.7187543718e+01
-2.0667825992e-04 1.3605009763e-05 4.5594112330e+01
-3.0126763509e-05 1.4562968881e-06 5.0695907542e+01
-2.1039579997e-04 1.3634280345e-05 4.5128618422e+01
-3.0955646415e-04 4.2657049330e-05 1.7160371715e+01
-2.1699079250e-04 1.2102975953e-05 4.4419617610e+01
-2.2600088852e-04 1.5359115509e-05 4.2482394195e+01
-3.0879762417e-04 3.8519243483e-05 1.7115247087e+01
-2.3030577710e-04 1.7038756205e-05 4.1440792340e+01
-3.0786521993e-04 3.4481861594e-05 1.7135781337e+01
-2.4611909493e-04 1.0771356486e-05 3.8037816585e+01
-2.5031441419e-04 1.2449898559e-05 3.6449031239e+01
-2.5349919907e-04 1.0867571938e-05 3.5384950479e+01
-2.5750367567e-04 1.2599649722e-05 3.3553994224e+01
-2.6436569831e-04 1.1079347322e-05 3.0313134734e+01
-3.6503175067e-05 2.9857666510e-06 5.1051981659e+01
-3.1459193372e-04 2.7364228300e-05 1.7055265321e+01
1.9304383537e-04 5.1684152694e-05 1.7113004698e+01
-2.3727980719e-05 1.2725781039e-04 3.1844321677e+01
1.9242279570e-04 4.8701118670e-05 1.7259583347e+01
1.8528585462e-04 5.0385539320e-05 1.7321659476e+01
-2.8854104774e-04 4.2758085436e-05 1.9390501394e+01
1.8464512302e-04 4.7432729858e-05 1.7483196971e+01
-4.2076715352e-05 1.4524329243e-06 5.1750024247e+01
1.7755772360e-04 4.9080837115e-05 1.7645244312e+01
1.7368884639e-04 4.8413152331e-05 1.7878613686e+01
-2.8765518444e-05 1.2696506273e-04 3.1751417847e+01
1.7302126903e-04 4.5527707298e-05 1.8106283240e+01
1.6598024795e-04 4.7114058629e-05 1.8483119614e+01
1.6211615830e-04 4.6458265036e-05 1.8873771308e+01
3.5595808170e-06 1.2922040327e-04 4.2573964417e+01
5.1062087429e-06 1.2709468543e-04 4.1177886168e+01
1.6142091341e-04 4.3656398576e-05 1.9165897429e+01
-3.0790063472e-04 2.8030396724e-05 1.7068150528e+01
1.5439606416e-04 4.5185049310e-05 1.9821472167e+01
1.5368114403e-04 4.2445771976e-05 2.0138890093e+01
1.4666342049e-04 4.3951624857e-05 2.0991159320e+01
1.4592715339e-04 4.1279426286e-05 2.1322259441e+01
1.3891173618e-04 4.2772858503e-05 2.2382564114e+01
1.3502026619e-04 4.2197125840e-05 2.3003840717e+01
1.3425788607e-04 3.9629304285e-05 2.2990415737e+01
1.2732817174e-04 4.1107441140e-05 2.2937834077e+01
1.2658088228e-04 3.8612401749e-05 2.2927423837e+01
1.1977464795e-04 4.0092205010e-05 2.2916846691e+01
-2.8107735560e-04 4.2406093329e-05 2.4766607611e+01
1.1903610043e-04 3.7669266880e-05 2.2912284136e+01
-5.1945704674e-05 5.9206803728e-05 4.1734618965e+01
1.1235585357e-04 3.9153866293e-05 2.2898776135e+01
1.1162220652e-04 3.6802503292e-05 2.2894113193e+01
1.0506593236e-04 3.8294560318e-05 2.2879932291e+01
1.0433378885e-04 3.6014407542e-05 2.2875335431e+01
-4.5490162713e-05 5.9261823435e-05 4.1588062386e+01
9.7165160757e-05 3.5307027933e-05 2.2857627070e+01
-3.0154712780e-04 2.8721596014e-05 1.7075982620e+01
9.0850803230e-05 3.6823248785e-05 2.2843131034e+01
3.4583689144e-05 1.3191268790e-04 5.5019092764e+01
8.7362939078e-05 3.6500644366e-05 2.2836578261e+01
-3.5825146384e-05 5.9391485634e-05 4.1204337598e+01
-3.4346714298e-05 6.1218718213e-05 4.0864295788e+01
-3.1182555186e-05 6.1269220630e-05 4.0686039029e+01
8.0482253259e-05 3.5928954893e-05 2.2822813400e+01
-2.6184421165e-05 5.9584770647e-05 4.0567158672e+01
7.7072738760e-05 3.5666277814e-05 2.2819376665e+01
7.6317851382e-05 3.3662225247e-05 2.2815614825e+01
-1.6585714868e-05 5.9853086361e-05 3.9599550776e+01
1.3946242919e-04 7.5718733540e-05 1.8615807154e+01
-1.2116298648e-05 6.1823394893e-05 3.8832956549e+01
-2.9894765490e-04 2.7858210436e-05 1.7078140919e+01
6.6227996296e-05 3.3091221978e-05 2.2821132407e+01
-5.7857200709e-06 6.2101771178e-05 3.7833600793e+01
-2.7580454694e-04 4.3166357260e-05 2.7976857458e+01
-2.6749606675e-06 6.2240527854e-05 3.7253635772e+01
2.4154494870e-06 6.0668621918e-05 3.6285151034e+01
5.6298012205e-05 3.2656291188e-05 2.4291266508e+01
3.5982174931e-06 6.2593692216e-05 3.5873731451e+01
5.0535073322e-05 3.4213108490e-05 2.5522897598e+01
6.6775983772e-06 6.2772227773e-05 3.5083668400e+01
1.1773350645e-05 6.1246877803e-05 3.3703345774e+01
4.7199321763e-05 3.4070129755e-05 2.6675283234e+01
4.6240802244e-05 3.2266347089e-05 2.7574540454e+01
4.0482895203e-05 3.3803980656e-05 2.9003592357e+01
2.0997964266e-05 6.1961449930e-05 3.0324015422e+01
-9.3399668652e-05 1.2065297755e-04 3.2610168020e+01
3.3690808892e-05 3.3556220575e-05 3.1327208340e+01
3.0055566475e-05 6.2829919389e-05 2.5996496015e+01
3.0986447748e-05 6.4904115891e-05 2.5276727966e+01
3.3908730185e-05 6.5239584265e-05 2.3392080164e+01
2.6836998411e-05 3.3332176795e-05 3.3570501002e+01
1.2711812762e-04 8.4106454954e-05 2.0472922526e+01
2.3380775610e-05 3.3222274946e-05 3.4648344283e+01
3.9791512461e-05 6.6017061680e-05 2.2774500231e+01
-2.9443711893e-04 2.3997163198e-05 1.7053620252e+01
4.2720278049e-05 6.6419313344e-05 2.2763863171e+01
2.2163508040e-05 3.1496137684e-05 3.5397122500e+01
4.7847690456e-05 6.5110078805e-05 2.2759449359e+01
1.6448459850e-05 3.3029478396e-05 3.6674849474e+01
4.8676863807e-05 6.7340452040e-05 2.2750293522e+01
5.1647123267e-05 6.7816073295e-05 2.2748520267e+01
5.6904756192e-05 6.6571647337e-05 2.2748227509e+01
5.7695173771e-05 6.8891605933e-05 2.2736705188e+01
1.1642752084e-05 3.1235748398e-05 3.8296782073e+01
5.9533304567e-06 3.2771227650e-05 3.9369146418e+01
6.6124785069e-05 6.8269071569e-05 2.2743631280e+01
6.6877236424e-05 7.0687331231e-05 2.2731579449e+01
6.9961166726e-05 7.1326203383e-05 2.2736505699e+01
4.5826113740e-06 3.1086452819e-05 3.9994715588e+01
7.6241881840e-05 7.2724947701e-05 2.2743887703e+01
8.1956183898e-05 7.1663354843e-05 2.2766521613e+01
8.2629735687e-05 7.4248978053e-05 2.2759375100e+01
-2.5150598302e-06 3.0956987226e-05 4.1494997554e+01
8.8481741283e-05 7.3231340321e-05 2.2788733314e+01
8.9158942197e-05 7.5921460713e-05 2.2781504265e+01
9.2445776408e-05 7.6777003697e-05 2.2799438281e+01
-8.1594995796e-06 3.2504758736e-05 4.2254471703e+01
9.8535954744e-05 7.5819270741e-05 2.2833980042e+01
9.9171257603e-05 7.8623278279e-05 2.2831803471e+01
1.0542597032e-04 7.7703061969e-05 2.2868350866e+01
1.0607559896e-04 8.0628040248e-05 2.2867326853e+01
-9.6405756244e-06 3.0845908940e-05 4.2797883644e+01
1.0956450622e-04 8.1648259167e-05 2.2886586303e+01
1.1609751010e-04 8.0771589678e-05 2.2892652025e+01
-5.0043484625e-05 1.4502973646e-06 5.2278348301e+01
1.1672496274e-04 8.3826999622e-05 2.2890980564e+01
-1.6788970098e-05 3.0752094988e-05 4.3911081904e+01
-2.2372857445e-05 3.2313485562e-05 4.4368113775e+01
-2.3955832285e-05 3.0674664745e-05 4.4846543103e+01
-3.4736308283e-05 3.0585829510e-05 4.5949110204e+01
-4.0217011427e-05 3.2167595298e-05 4.6086308007e+01
-2.8492851170e-04 2.6655792793e-05 1.6970874809e+01
-2.6418990978e-04 5.1896405826e-05 3.4233200443e+01
-2.6176327864e-04 5.1242100674e-05 3.4512213063e+01
4.0118681926e-05 7.4261254236e-05 2.2752469923e+01
6.5932201466e-05 1.3862246246e-04 7.0139034946e+01
-1.1715930732e-04 1.1711593298e-04 3.3091004150e+01
-2.5985638713e-04 4.6137849051e-05 3.4009246464e+01
4.2212802250e-05 7.2535352762e-05 2.2761257290e+01
-2.7952610905e-04 2.5569951284e-05 1.9588407361e+01
-2.5701912432e-04 4.7813321228e-05 3.4834023899e+01
6.9896821504e-05 1.4060952325e-04 5.2530700674e+01
-2.7040931018e-04 2.8379432788e-05 2.6748542971e+01
3.2199970550e-04 1.0704750511e-04 1.2308480118e+01
-2.6438342764e-04 2.9651178103e-05 3.0114393765e+01
7.9097394139e-05 1.4877510048e-04 1.9822582973e+01
-2.6168188171e-04 2.7311811800e-05 3.1212294418e+01
-5.8010201140e-05 1.4484724998e-06 5.2683469818e+01
-2.4355176962e-04 5.4187904720e-05 3.7060648667e+01
-7.7783516688e-05 5.9186540273e-05 4.1750437938e+01
-8.5623688348e-05 6.1034053790e-05 4.1266120588e+01
-6.8108291439e-05 5.9159152256e-05 4.1826740303e+01
-8.2439425161e-05 6.1004596409e-05 4.1319073520e+01
-5.6803624865e-05 6.0961259711e-05 4.1472878674e+01
-1.0917325662e-04 5.4176263100e-05 4.2311038208e+01
-2.4095268569e-04 5.1560923851e-05 3.7294604421e+01
8.5787622088e-05 1.5193526855e-04 1.9295798570e+01
-2.5541374586e-04 3.0668760274e-05 3.3802038461e+01
-1.0516593285e-04 4.8884382784e-05 4.3547284812e+01
-2.2845530799e-04 2.1994839718e-05 4.1189903826e+01
-2.5243768558e-04 3.0376401060e-05 3.4776907662e+01
6.9556857605e-05 8.0535577174e-05 2.2681013900e+01
7.1977941670e-05 7.8793019358e-05 2.2698241172e+01
-2.3967153391e-04 2.7664318617e-05 3.8310404024e+01
-1.9828681923e-04 2.4791631549e-05 4.4647470001e+01
-2.1868780548e-04 5.1010868981e-05 3.9145780587e+01
-1.6725305881e-04 2.6080172685e-05 4.6492804066e+01
-2.3260913229e-04 4.8356058171e-05 3.8226106488e+01
-1.6257107513e-04 2.4422470263e-05 4.7055833635e+01
-2.3647136981e-04 2.7495198374e-05 3.9023935580e+01
-1.3828528646e-04 6.0154416278e-05 4.0422286147e+01
-1.4452166162e-04 6.0338702952e-05 4.0253535418e+01
-2.0943967186e-04 4.8337993178e-05 4.0059220734e+01
-1.2884997968e-04 5.9915167482e-05 4.0670031566e+01
-1.6008198996e-04 2.6021389758e-05 4.6851707970e+01
-6.0294474271e-05 2.9754750528e-06 5.2528157931e+01
-1.2572538425e-04 5.9832776134e-05 4.0752728107e+01
-2.4314464614e-04 2.9682903613e-05 3.7364087344e+01
-1.8760609678e-04 2.4666329653e-05 4.5525953311e+01
-2.1572297984e-04 2.5104912992e-05 4.2732946974e+01
-1.1936056863e-04 5.9709268266e-05 4.0911445134e+01
-2.0643912735e-04 4.8139469545e-05 4.0270845765e+01
-1.1622294332e-04 5.9635063932e-05 4.0992009176e+01
1.2342716512e-04 8.2959094337e-05 2.2037896273e+01
-2.0031935164e-04 4.7790345784e-05 4.0674170907e+01
-1.7915534748e-04 4.8683816422e-05 4.1506235316e+01
-1.7281857353e-04 4.8448664800e-05 4.1791746791e+01
-1.9103823077e-04 4.7325486294e-05 4.1227829134e+01
1.0064355329e-04 1.5600260945e-04 1.8261202998e+01
-1.4913611774e-04 1.1085288354e-04 3.3869251332e+01
-1.7690314781e-04 2.4547018202e-05 4.6256416549e+01
-1.6724848953e-04 5.0095595528e-05 4.1669227202e+01
-1.6325482975e-04 4.8152834571e-05 4.2185469392e+01
-1.8301194258e-04 5.0681893564e-05 4.0995668213e+01
-1.3877662223e-04 3.0727510275e-05 4.6697028326e+01
-1.2099060604e-04 3.0607082774e-05 4.7232175423e+01
-1.1384989712e-04 3.0567735171e-05 4.7402443159e+01
-7.9892666208e-05 2.8870338572e-05 4.8073642134e+01
-1.3163718917e-04 3.0686405243e-05 4.6927746822e+01
-1.0668078463e-04 3.0539549536e-05 4.7543209502e+01
-7.7895684091e-05 3.0483807011e-05 4.7727255670e+01
-9.9515309215e-05 3.0510811723e-05 4.7652712920e+01
-7.4326312833e-05 3.0473366424e-05 4.7696491849e+01
-9.2324463856e-05 3.0493347822e-05 4.7723981607e+01
-1.2811344173e-04 3.0654222159e-05 4.7035643813e+01
-6.7090598963e-05 3.0483507682e-05 4.7579117010e+01
-6.3517393996e-05 3.0478210017e-05 4.7496578520e+01
-6.5976758143e-05 1.4469250708e-06 5.2979050283e+01
-8.5132860780e-05 3.0478668540e-05 4.7752512337e+01
-1.9106200340e-04 1.8239173691e-05 4.6402127880e+01
-1.6479881538e-04 1.0777276152e-04 3.4288588340e+01
-6.8224473576e-05 2.9732661694e-06 5.2792343518e+01
1.9184872472e-04 1.4587205335e-04 1.4447850014e+01
6.5602199917e-05 1.1505925931e-04 2.1804169957e+01
7.0424619023e-05 1.1495481255e-04 2.1889346786e+01
-7.3943067310e-05 1.4456239358e-06 5.3177890314e+01
-2.3537752218e-04 2.2179996862e-05 3.9777159305e+01
1.4128682459e-04 1.6463011253e-04 1.4023966820e+01
1.0141644366e-04 9.0230854709e-05 2.2815614810e+01
7.5459067901e-05 1.1493173251e-04 2.1984799263e+01
1.5071122364e-04 1.6562698261e-04 1.3854820815e+01
1.6848177238e-04 5.8853457448e-05 1.7431072138e+01
-1.8595798678e-04 1.0251417700e-04 3.4923069312e+01
1.5968932972e-04 1.6536072718e-04 1.3800517541e+01
-1.6393875852e-04 1.6537535984e-05 4.8514437451e+01
-8.1909055550e-05 1.4445413650e-06 5.3291649094e+01
8.9193311946e-05 1.1656167113e-04 2.2390203974e+01
-1.9107682713e-04 1.0126674654e-04 3.5078473827e+01
1.6908975450e-04 1.6427635047e-04 1.3778284110e+01
1.2314861400e-04 1.0445552305e-04 1.7378017564e+01
-1.8030330015e-04 1.3496383429e-05 4.8051337772e+01
9.8240967155e-05 1.1835940660e-04 2.2689454706e+01
1.9091328017e-04 6.0258999284e-05 1.7005163995e+01
1.7838009081e-04 1.6430437816e-04 1.3628291148e+01
-1.9623746352e-04 9.9225389525e-05 3.5267771219e+01
1.9420903955e-04 5.7830024364e-05 1.7004800603e+01
1.9751435300e-04 5.5403409006e-05 1.7010291981e+01
1.9692311364e-04 5.2329874794e-05 1.7109491384e+01
-8.9874661727e-05 1.4436530262e-06 5.3330586082e+01
-2.0172217047e-04 9.8212195406e-05 3.5419935935e+01
-2.0113610864e-04 1.6728251747e-05 4.5722288453e+01
1.1432122244e-04 1.2373407841e-04 1.7108237880e+01
1.1757102205e-04 1.2195986010e-04 1.7016883138e+01
1.2764967662e-04 1.2355404096e-04 1.7023090555e+01
-2.1411610772e-04 1.3662337841e-05 4.4623590437e+01
2.6461320602e-04 1.3928784017e-04 1.2935309792e+01
-9.7839833175e-05 1.4429384651e-06 5.3303480920e+01
1.2973012465e-04 1.0387783137e-04 1.7085466798e+01
-9.9909950969e-05 2.9605485185e-06 5.3031835618e+01
-2.3690771246e-04 1.5506810561e-05 4.0148008179e+01
1.5334586023e-04 1.3945980990e-04 1.5803908228e+01
1.5703889886e-04 1.3722759143e-04 1.5692713397e+01
1.6411037607e-04 1.2877293152e-04 1.5691398918e+01
1.6069785357e-04 1.3492918168e-04 1.5613268342e+01
1.6052255006e-04 1.3109760181e-04 1.5768255574e+01
-2.4300977992e-04 1.2346017499e-05 3.8842198447e+01
-1.0580452289e-04 1.4423810632e-06 5.3217573767e+01
-2.2245205087e-04 9.1520207594e-05 3.6071144349e+01
2.2269456597e-04 1.5579783553e-04 1.3252630638e+01
-2.6077197652e-04 1.0997024879e-05 3.2166901973e+01
-2.2498926154e-04 9.0649351374e-05 3.6140463047e+01
2.2688802738e-04 1.5456417971e-04 1.3217063929e+01
1.3288565028e-04 1.0183033525e-04 1.7029996788e+01
1.3250885582e-04 9.8421600703e-05 1.7083540177e+01
1.3564308088e-04 9.6333050785e-05 1.7031403114e+01
1.3522040156e-04 9.2963336795e-05 1.7020662844e+01
1.3834106745e-04 9.0833100077e-05 1.7017441505e+01
1.4100360060e-04 8.5356456069e-05 1.6929610281e+01
1.3789639909e-04 8.7513828190e-05 1.6963186847e+01
1.4413183595e-04 8.3163949801e-05 1.6962226261e+01
-1.1378016522e-04 1.4456519239e-06 5.3077693229e+01
-2.7481869622e-04 9.6744726632e-06 2.3942034266e+01
-2.7823158782e-04 8.0586408479e-06 2.1705790325e+01
2.3613612848e-04 1.5188807423e-04 1.3122963111e+01
-2.2994781289e-04 8.8977566009e-05 3.6262156921e+01
-2.9822496216e-04 5.7467344208e-05 3.3738496422e+01
-2.7431932143e-04 6.2955796245e-06 2.4684446272e+01
1.4312317290e-04 7.6712559019e-05 1.7767088098e+01
1.4364861530e-04 7.9913700252e-05 1.7131004825e+01
2.4425938695e-04 1.4945609635e-04 1.3028610139e+01
-1.7002572160e-04 1.0661786334e-04 3.4437115233e+01
-1.2174363652e-04 1.4454281686e-06 5.2889550247e+01
-4.1910547622e-05 3.0550006840e-05 4.6503504258e+01
-4.5341575086e-05 2.7338073604e-05 4.7327829651e+01
-1.2970649086e-04 1.4453354802e-06 5.2654881195e+01
-2.4790654675e-04 8.2311602191e-05 3.7653918852e+01
-2.1775872885e-04 4.5037925893e-05 3.9865422218e+01
-2.5272715144e-04 8.0256738950e-05 3.7921547539e+01
2.7271568334e-04 1.3725540766e-04 1.2774676316e+01
-1.4164951050e-04 1.4454403969e-06 5.2217049063e+01
2.8119790886e-04 1.3341112618e-04 1.2674235319e+01
-1.7256830391e-04 4.4306964859e-06 5.0085234704e+01
-1.4961060845e-04 1.4456805721e-06 5.1866047961e+01
-1.7889482661e-04 2.9236093927e-06 4.9860914893e+01
-2.2179730543e-04 5.3356203213e-05 3.8720850623e+01
-1.5140783918e-04 2.9637907108e-06 5.1535214299e+01
-2.6036369722e-04 7.7084352651e-05 3.8215433785e+01
-1.8283045278e-04 2.9198049472e-06 4.9549619748e+01
-1.5757089886e-04 1.4460669353e-06 5.1463757053e+01
2.9273458268e-04 1.2713563593e-04 1.2560711795e+01
-1.5932474552e-04 2.9653650889e-06 5.1127174484e+01
-1.6549327439e-04 1.4324794938e-06 5.1008786307e+01
-1.8691460862e-04 7.4302444783e-06 4.8527414107e+01
-3.1520167344e-05 1.2434382886e-04 3.2011989278e+01
3.0031464551e-04 1.2236244202e-04 1.2498859189e+01
-2.3557413974e-04 5.2903216678e-05 3.7764700784e+01
-1.6949194639e-04 1.4366582198e-06 5.0753449500e+01
-1.9330737136e-04 5.9227998760e-06 4.8172898668e+01
-1.9470063456e-04 7.4635127141e-06 4.7809597313e+01
-2.8456843415e-04 1.5577036986e-06 1.7757997140e+01
-1.9850093236e-04 7.4513366537e-06 4.7422777563e+01
-2.0622796213e-04 7.4572590552e-06 4.6533785237e+01
-2.9805720791e-04 2.2330658526e-05 1.7054995008e+01
-4.8891047010e-05 2.4160189563e-05 4.8137729960e+01
-2.9623269355e-04 1.6275326931e-06 1.7028250416e+01
2.3096915277e-04 1.4921618417e-04 1.3396909989e+01
-8.7417372845e-05 5.9257230978e-05 4.1609854016e+01
-2.1395923811e-04 7.4767096808e-06 4.5484669090e+01
-9.2856036268e-05 5.4004610273e-05 4.2642912797e+01
-9.1021868434e-05 5.5743794974e-05 4.2298595741e+01
-3.0007815626e-04 3.4035874139e-06 1.7014677088e+01
-3.0789639905e-04 1.7309366879e-06 1.7037115745e+01
-2.2175351708e-04 7.5311993808e-06 4.4223030699e+01
-1.0184433429e-04 4.8857408295e-05 4.3613518390e+01
-9.9902598913e-05 5.0570104983e-05 4.3272610169e+01
-2.2553303639e-04 7.5250503611e-06 4.3527972377e+01
-3.1623919074e-04 1.0348618468e-05 1.7007785973e+01
-3.1845825104e-04 1.3212928257e-05 1.7013143860e+01
-3.2641141304e-04 1.1650059679e-05 1.7010606970e+01
-3.1893085813e-04 3.8478112445e-06 1.7040377160e+01
-2.3321448249e-04 7.5437342244e-06 4.1898832930e+01
-1.5169653822e-04 2.4343102240e-05 4.7558610045e+01
-1.4338520540e-04 2.7513295584e-05 4.7221464581e+01
-2.5297682532e-04 1.4872652045e-06 3.6268867457e+01
2.2232953111e-05 1.2831385659e-04 4.5925230400e+01
1.3252166965e-04 1.6408058182e-04 1.3828638374e+01
-1.5197765182e-04 5.6907732324e-05 4.0763666171e+01
-1.1230684547e-05 1.2570027987e-04 3.4719722646e+01
-1.7336273488e-04 2.4500610032e-05 4.6473191092e+01
-1.5638811258e-04 5.3389852167e-05 4.1348388186e+01
-1.5863222907e-04 5.1647058860e-05 4.1632268684e+01
-1.6963213250e-04 4.8348442683e-05 4.1926494897e+01
-1.9029789335e-04 2.3049488395e-05 4.5616650396e+01
-2.6236445509e-04 4.5990864925e-06 3.1891444838e+01
-2.6311853266e-04 6.2079597951e-06 3.1394231828e+01
-1.8792785231e-04 4.7192380285e-05 4.1398044451e+01
3.5460838636e-04 7.5225906549e-05 1.2023833086e+01
-1.9356259013e-04 4.5596316199e-05 4.1391586326e+01
-2.7388048397e-04 4.6722022454e-06 2.5157142894e+01
-2.0609897777e-04 2.6565063528e-05 4.3608942507e+01
-2.1231627955e-04 2.5013859053e-05 4.3168493136e+01
3.5745923057e-04 7.1725684737e-05 1.1989488245e+01
-2.2498013824e-04 2.1917281184e-05 4.1810139134e+01
3.3904385875e-04 1.4806770383e-05 1.5121432546e+01
-3.1900945792e-04 5.3433098966e-05 1.4796221231e+01
3.6314862813e-04 6.4638304397e-05 1.1893463937e+01
-2.8991075909e-04 6.3770394833e-05 3.8270786832e+01
3.6832010486e-04 5.6820189466e-05 1.1797952712e+01
-3.2810158251e-04 5.0664654155e-05 1.4821787090e+01
-2.4940407643e-04 3.0118836909e-05 3.5693177053e+01
3.7331587525e-04 4.8903937941e-05 1.1651303396e+01
-3.3853648802e-04 4.5899615052e-05 1.2912132481e+01
-2.2976863869e-04 4.8056233576e-05 3.8519728690e+01
-2.6754598370e-04 2.7986629054e-05 2.8352916322e+01
-2.7676160709e-04 2.5112933836e-05 2.2010517200e+01
-2.7356039321e-04 2.6751583717e-05 2.4509170706e+01
-2.3825574351e-04 5.1159231885e-05 3.7567567855e+01
-2.5444328156e-04 4.7312145101e-05 3.5255180773e+01
-2.5165511953e-04 4.9037856788e-05 3.5869229600e+01
-2.4893008191e-04 5.0743522219e-05 3.6360196787e+01
-2.8824884706e-04 2.5046608070e-05 1.7077788960e+01
3.8869880822e-04 1.7344554000e-05 1.0022503728e+01
-3.7555594114e-04 1.8667842462e-05 9.8798229909e+00
-3.0529628101e-04 2.7089335970e-05 1.7063024544e+01
-2.7344631771e-04 4.2434738637e-05 2.8736406188e+01
-3.2672757401e-04 1.7811031716e-05 1.7006989629e+01
-3.1886642495e-04 2.5587745349e-05 1.7050652808e+01
-2.6694649886e-04 5.0270648662e-05 3.3326431563e+01
-2.7056713732e-04 4.4039656998e-05 3.0454108947e+01
-3.2832647279e-04 1.4957497916e-05 1.7001424094e+01
-2.6733471788e-04 4.7957213479e-05 3.2614254150e+01
-2.7876057549e-04 4.1603577492e-05 2.5694653583e+01
-3.2983347673e-04 1.2176474476e-05 1.7013930998e+01
-3.2047714430e-04 2.2705218928e-05 1.7027537252e+01
-3.2203815909e-04 1.9863240761e-05 1.7026544690e+01
-2.8405215793e-04 4.0909082239e-05 2.1804652680e+01
-3.1962118604e-04 1.0726220161e-05 1.7005202369e+01
-3.2174423742e-04 6.1086025907e-06 1.7035606955e+01
-3.1722938011e-04 8.0831658537e-06 1.6987439324e+01
-2.9369974763e-04 4.2489957389e-05 1.6885732882e+01
-2.9984148718e-04 3.9845187594e-05 1.7120165078e+01
-2.9671169329e-04 4.1174249511e-05 1.7183489398e+01
-3.0088146257e-04 3.7303961870e-05 1.7129882909e+01
-3.0427714861e-04 3.5897413107e-05 1.7125286156e+01
-2.2443973380e-04 5.1570484757e-05 3.8698624502e+01
-3.2127245686e-04 3.8904404787e-05 1.7025163137e+01
-3.1518667059e-04 4.3173944050e-05 1.7123908666e+01
2.0534654297e-05 1.3034166270e-04 4.8017771576e+01
-3.2266094589e-04 3.9621525973e-06 1.7058251996e+01
-3.1176264514e-04 1.7795456880e-06 1.7040623786e+01
-3.1135844893e-04 3.6548289494e-06 1.7019057253e+01
-3.0012214305e-04 1.6543960925e-06 1.7031395637e+01
-3.3747963237e-05 1.2662077944e-04 3.1761151627e+01
-2.8844547332e-04 1.5804946208e-06 1.6880806141e+01
3.8157112293e-05 1.2996143659e-04 5.2641994292e+01
2.8142642640e-04 9.0300627053e-06 1.8522916045e+01
7.3829337501e-05 1.4446100958e-04 6.1852351361e+00
2.5721053065e-04 1.4145221597e-04 1.3055749961e+01
-8.8333471710e-06 1.2870780436e-04 3.6918464712e+01
2.8532787395e-04 9.1533513678e-06 1.7726172756e+01
-1.2755345192e-04 1.1547647164e-04 3.3323798504e+01
-1.4367853876e-04 1.1241379644e-04 3.3715615842e+01
3.3866950333e-04 9.2059476795e-05 1.2187174280e+01
3.7804897928e-04 4.0504162617e-05 1.1437459077e+01
1.1544800730e-04 1.6070576815e-04 1.7344006589e+01
-2.5468361292e-04 4.5686200150e-06 3.5407602723e+01
-8.8108627786e-05 1.2138519893e-04 3.2513121731e+01
-1.8425146358e-04 4.3858644726e-06 4.9214439097e+01
-1.8557072328e-04 5.8935398573e-06 4.8876622924e+01
3.8455681387e-04 1.3269464193e-05 8.6174305481e+00
8.5752146697e-05 1.4873900416e-04 2.0381501436e+01
-3.6692310009e-05 1.2406737258e-04 3.1916596780e+01
1.8727401521e-04 1.6325870668e-04 1.3552195843e+01
-1.7107116303e-04 2.9171428403e-06 5.0421777575e+01
-3.1314614478e-04 5.4383958020e-05 2.4104093840e+01
2.7251021364e-04 2.8606955784e-06 2.1905539438e+01
2.0114561737e-04 3.6962760383e-06 2.0708731247e+01
2.2897351717e-04 4.3511815581e-06 2.0970144041e+01
2.5691596474e-04 5.2805508976e-06 2.1523821819e+01
2.6902377417e-04 5.6338816137e-06 2.1416634753e+01
2.9634120878e-04 3.1094385230e-06 1.7811421862e+01
5.9652258504e-05 1.3642796468e-04 6.9302174862e+01
3.1250726053e-04 3.0830346661e-06 1.7741940899e+01
-6.0651023280e-06 1.2577735411e-04 3.6385941834e+01
3.5750441980e-04 7.9264240501e-06 1.1506441749e+01
3.4568072530e-04 7.5049105993e-06 1.4457723812e+01
2.8498168115e-04 1.3152694960e-04 1.2632684849e+01
-2.8243547034e-04 6.7393968972e-05 3.8661163664e+01
3.6473533998e-04 3.9940670301e-06 8.9453368332e+00
2.9636334033e-04 1.1748418708e-04 1.2869093983e+01
3.7657184063e-04 4.1394718123e-06 5.6801589177e+00
3.1817018185e-04 1.1005968330e-04 1.2338792577e+01
1.8071026048e-04 1.6078114833e-04 1.3855896258e+01
3.2856109344e-04 3.4446053906e-06 1.6921293138e+01
9.2855218908e-05 1.5451239577e-04 1.8763961379e+01
-3.8915349840e-05 1.2636051971e-04 3.1802976637e+01
2.8879554612e-04 6.2081056960e-06 1.7437260600e+01
-1.5961309308e-04 1.0908694991e-04 3.4138433986e+01
1.0492198299e-04 1.5466343536e-04 1.7306604165e+01
3.8468015490e-04 2.6466911132e-05 1.0858472012e+01
-2.5939083541e-04 7.4994431491e-05 3.7872538503e+01
-3.4880466297e-04 3.9432593933e-05 1.2023257308e+01
3.6948188007e-04 4.9272022338e-05 1.1902853938e+01
-3.7715637991e-06 1.2880038170e-04 3.9103904015e+01
-8.5465888169e-05 1.2163836760e-04 3.2464084794e+01
3.5676314990e-04 6.7759481171e-05 1.2168778373e+01
3.2844527925e-04 1.0124554770e-04 1.2276730061e+01
-1.6606511983e-04 1.0558715338e-04 3.4399784504e+01
3.9293942232e-04 7.8365920603e-06 6.7806403735e+00
-3.8748266014e-04 8.3015052351e-06 5.5459362812e+00
1.4527209382e-04 1.6220095203e-04 1.4326480055e+01
-1.2067879234e-04 1.1452856083e-04 3.3200129805e+01
-3.3602288284e-04 4.4503740926e-05 1.3659063634e+01
2.0541193031e-04 1.6012055983e-04 1.3397711223e+01
1.4517493373e-05 1.2455088263e-04 4.1643089534e+01
-7.0196616597e-05 1.2337715536e-04 3.2209585427e+01
2.1407233303e-04 1.5834117254e-04 1.3310445769e+01
-9.8798372666e-05 1.2031066110e-04 3.2716471832e+01
-1.5129983759e-04 1.0870688784e-04 3.3984506609e+01
5.0531796895e-05 1.3482330662e-04 6.6502814901e+01
-6.4896681005e-05 1.2387537362e-04 3.2125867947e+01
2.1930100694e-04 1.5386130824e-04 1.3442895394e+01
2.3806313488e-04 1.4799556958e-04 1.3273061249e+01
3.5111336913e-04 7.4443317774e-05 1.2246314016e+01
3.9166485151e-05 1.3270110698e-04 5.8475960533e+01
-4.4698824473e-05 1.2378266187e-04 3.1890837075e+01
-1.7710358690e-04 1.0268850744e-04 3.4742421817e+01
-2.3240434566e-04 8.5850691208e-05 3.6424859332e+01
1.2309857419e-04 1.6295225855e-04 1.7584822193e+01
-1.1195965730e-04 1.1813374493e-04 3.2979043897e+01
-2.6849276723e-04 7.1348026962e-05 3.8040796132e+01
3.1419732022e-04 1.0932387654e-04 1.2539290851e+01
2.9660066482e-04 1.2108770055e-04 1.2698559812e+01
2.9307920106e-04 1.2360148721e-04 1.2712935016e+01
1.7275461796e-04 1.6142363463e-04 1.3954741600e+01
2.6791832612e-05 1.2908673007e-04 4.7945057277e+01
3.5980281949e-04 6.4262292577e-05 1.2107700527e+01
3.8747247223e-04 1.3919556201e-05 8.9892806997e+00
-4.6325654928e-05 1.2569939667e-04 3.1884452556e+01
-1.9368217847e-04 9.8255069176e-05 3.5263985451e+01
-3.6543567282e-04 2.8044086936e-05 1.0628455439e+01
1.9611934725e-04 1.6198115969e-04 1.3470030883e+01
8.2671682407e-06 1.2982597697e-04 4.5192330177e+01
-7.1829759612e-05 1.2113826707e-04 3.2216566319e+01
-2.5064851415e-04 7.9098868767e-05 3.7676270041e+01
2.4521913592e-04 1.4603535090e-04 1.3175888582e+01
2.6790058094e-04 1.3637136412e-04 1.2971735057e+01
-1.3045855592e-04 1.1267955249e-04 3.3441549375e+01
2.5755077588e-04 1.4472906974e-04 1.2883489061e+01
7.7265912895e-05 1.4419475813e-04 2.2300356746e+01
3.7255822447e-04 4.5174810805e-05 1.1765170791e+01
2.7823099648e-04 1.3169376241e-04 1.2856158392e+01
-2.2583436275e-04 8.8624786843e-05 3.6226739117e+01
-1.8427998149e-04 1.0130499298e-04 3.4943552731e+01
4.2855729833e-05 1.3103575945e-04 5.5705059251e+01
1.6566095984e-04 1.6209401742e-04 1.4021558624e+01
-3.1790460583e-04 5.1526814733e-05 1.8402404692e+01
2.9129948708e-05 1.2950215885e-04 4.9190195194e+01
8.9141454703e-05 1.5064449050e-04 1.9743418604e+01
1.1877605146e-04 1.5914175931e-04 1.7495439718e+01
3.1143314816e-04 1.1576424653e-04 1.2361631022e+01
-1.0140348237e-04 1.1743276895e-04 3.2772432638e+01
1.5767436741e-04 1.6281741614e-04 1.4081113771e+01
-2.3658990728e-04 8.4583146465e-05 3.6580005181e+01
3.7824456986e-04 3.3701442924e-05 1.1399888580e+01
5.3476911916e-05 1.3271574422e-04 5.8664640772e+01
-2.3991353195e-04 8.5554370480e-05 3.6598757826e+01
-5.2281830360e-05 1.2324051136e-04 3.1950203351e+01
-1.2355980188e-04 1.1441645533e-04 3.3260438784e+01
-1.3952973002e-04 1.1154615186e-04 3.3655283056e+01
2.2805253555e-04 1.5139593847e-04 1.3358560772e+01
-1.7297228354e-04 1.0390775208e-04 3.4607506485e+01
-3.7824009351e-04 1.4282604503e-05 9.5205649517e+00
9.8698611727e-05 1.5336576749e-04 1.8473212534e+01
-3.5542996898e-04 3.2514506348e-05 1.1725376584e+01
-7.4510296757e-05 1.2095942940e-04 3.2260273859e+01
1.3747027174e-04 1.6215070911e-04 1.4506908134e+01
-3.4065894311e-04 4.2444882207e-05 1.3062584187e+01
3.6270917324e-04 6.0838355764e-05 1.2038665569e+01
-2.6388169001e-04 7.4029692717e-05 3.8093186329e+01
2.8979100825e-04 1.2605371341e-04 1.2718399415e+01
-5.4815424760e-05 1.2306231135e-04 3.1977222752e+01
-1.7916307278e-04 1.0282941839e-04 3.4775803247e+01
3.9519414142e-04 3.6803435229e-06 5.1029425381e+00
-3.9240391918e-04 3.9844109557e-06 3.8246165441e+00
3.1468081492e-05 1.2992388604e-04 5.0571854429e+01
8.8113370796e-06 1.2377289808e-04 4.0087262691e+01
1.1289790652e-05 1.2108561658e-04 3.9375481693e+01
3.8380615277e-04 2.2709012893e-05 1.0596617414e+01
-1.6849424131e-04 1.0540194068e-04 3.4454966388e+01
1.4882571312e-04 1.6326047986e-04 1.4148784434e+01
2.5165070006e-04 1.4702016266e-04 1.2942733544e+01
1.3297578481e-05 1.2630625222e-04 4.2937393502e+01
4.4959957537e-05 1.3148022882e-04 5.6933078193e+01
1.8510185741e-04 1.6116063642e-04 1.3743865329e+01
-2.4868023313e-04 8.0361760592e-05 3.7631591036e+01
-2.0013370992e-04 9.7117989446e-05 3.5437117669e+01
3.0831516935e-04 1.1848504372e-04 1.2363353273e+01
-5.7572115966e-05 1.2299982296e-04 3.2009225400e+01
2.9322605188e-06 1.2734494443e-04 4.0600619216e+01
1.7602334758e-04 1.6223173590e-04 1.3832248659e+01
-3.2093580780e-04 5.1086129962e-05 1.7812564167e+01
-7.7073847797e-05 1.2102546471e-04 3.2303237173e+01
2.1560639698e-04 1.5567811716e-04 1.3430196526e+01
1.9333046362e-04 1.5984180595e-04 1.3670183140e+01
7.9268342422e-05 1.4623198771e-04 2.0919878207e+01
1.2979484100e-04 1.6146754211e-04 1.5789456084e+01
3.7515296794e-04 4.1452707012e-05 1.1630253862e+01
-1.3309319608e-04 1.1505246403e-04 3.3446033172e+01
9.2071834988e-05 1.5222655495e-04 1.9241369100e+01
2.3422069045e-04 1.4973206402e-04 1.3286214580e+01
2.4150849639e-04 1.4800056666e-04 1.3179501824e+01
-3.7032726541e-04 2.1220203496e-05 1.0616571545e+01
2.7470909980e-04 1.3386640497e-04 1.2870804910e+01
2.6529895626e-04 1.4222068859e-04 1.2769589276e+01
3.6545211675e-04 5.7587377178e-05 1.1963273518e+01
-2.1843449823e-04 9.1513854222e-05 3.6004562791e+01
3.3595887034e-05 1.3040752627e-04 5.2085002265e+01
2.0773621488e-04 1.5715713175e-04 1.3525674597e+01
-1.2578837009e-04 1.1436600531e-04 3.3306875721e+01
-5.9966261562e-05 1.2273294489e-04 3.2042003432e+01
1.2206671154e-04 1.6062582394e-04 1.7455461844e+01
