x_m y_m von_mises_Pa wss_mag_dyn_cm2
3.9654774225e-04 5.9296561755e-06 7.0665452348e+01 1.1698953054e-01
3.9426738075e-04 1.1271358276e-05 4.9195408003e+01 3.8366449221e-02
3.9220047893e-04 1.6374587604e-05 4.1691995586e+01 2.4313573633e-01
3.9017135742e-04 2.1304361683e-05 3.6921456778e+01 5.2363807603e-01
3.8812288624e-04 2.6095979051e-05 3.3559533124e+01 1.2719258495e+00
3.8602686496e-04 3.0768028430e-05 3.1065340830e+01 1.7279278613e+00
3.8386813499e-04 3.5332744949e-05 2.9047630410e+01 2.2297092750e+00
3.8163927246e-04 3.9795504049e-05 2.7363270830e+01 3.3461352694e+00
3.7933535572e-04 4.4162086790e-05 2.5912636736e+01 3.9486467162e+00
3.7695441816e-04 4.8435554561e-05 2.4656049004e+01 4.5740604846e+00
3.7449573661e-04 5.2618436961e-05 2.3538930469e+01 5.2201758770e+00
3.7195963882e-04 5.6712592259e-05 2.2536959734e+01 5.8800244947e+00
3.6934698977e-04 6.0719518473e-05 2.1630468834e+01 7.2269143894e+00
3.6665895666e-04 6.4640550062e-05 2.0809756796e+01 7.9082982203e+00
3.6389696915e-04 6.8476875646e-05 2.0063664985e+01 8.5914854819e+00
3.6106268879e-04 7.2229631433e-05 1.9383184029e+01 9.2769005149e+00
3.5815789703e-04 7.5899769757e-05 1.8762299925e+01 9.9558533124e+00
3.5518439196e-04 7.9488233026e-05 1.8196549828e+01 1.0626054082e+01
3.5214407112e-04 8.2995989058e-05 1.7681185288e+01 1.1944078178e+01
3.4903885239e-04 8.6423941838e-05 1.7211548908e+01 1.2588272660e+01
3.4587064138e-04 8.9772942125e-05 1.6785785733e+01 1.3220121305e+01
3.4264129907e-04 9.3043892212e-05 1.6397464973e+01 1.3839152548e+01
3.3935282743e-04 9.6237546697e-05 1.6046143766e+01 1.4444524764e+01
3.3600703401e-04 9.9354816255e-05 1.5730038331e+01 1.5035055746e+01
3.3260573300e-04 1.0239649121e-04 1.5444311052e+01 1.6171607615e+01
3.2915078363e-04 1.0536332126e-04 1.5188038496e+01 1.6717049578e+01
3.2564393226e-04 1.0825611625e-04 1.4959316959e+01 1.7246927742e+01
3.2208690134e-04 1.1107562058e-04 1.4756990233e+01 1.7762481859e+01
3.1848137282e-04 1.1382259262e-04 1.4578850662e+01 1.8261616385e+01
3.1482901150e-04 1.1649779997e-04 1.4423530963e+01 1.8744179439e+01
3.1113133104e-04 1.1910193582e-04 1.4289716453e+01 1.9214126021e+01
3.0738988209e-04 1.2163566638e-04 1.4177706999e+01 2.0100886058e+01
3.0360618818e-04 1.2409970226e-04 1.4083870912e+01 2.0529404014e+01
2.9978165270e-04 1.2649468483e-04 1.4008275244e+01 2.0947327005e+01
2.9591765887e-04 1.2882125378e-04 1.3949855496e+01 2.1344310636e+01
2.9201554601e-04 1.3108002868e-04 1.3908165210e+01 2.1730962919e+01
2.8807657620e-04 1.3327158229e-04 1.3881501550e+01 2.2105825852e+01
2.8410197876e-04 1.3539645329e-04 1.3870324779e+01 2.2470460774e+01
2.8009292160e-04 1.3745517046e-04 1.3873484928e+01 2.2823951045e+01
2.7605054349e-04 1.3944823047e-04 1.3891292053e+01 2.3499156633e+01
2.7197589014e-04 1.4137608201e-04 1.3922380193e+01 2.3822329461e+01
2.6787003029e-04 1.4323914050e-04 1.3964540200e+01 2.4137210258e+01
2.6373390751e-04 1.4503774912e-04 1.4021895603e+01 2.4444701807e+01
2.5956842716e-04 1.4677224411e-04 1.4091058086e+01 2.4741727639e+01
2.5537449065e-04 1.4844291677e-04 1.4175225539e+01 2.5031056962e+01
2.5115298521e-04 1.5004995270e-04 1.4268153686e+01 2.5314670594e+01
2.4690462822e-04 1.5159356181e-04 1.4375107967e+01 2.5593064254e+01
2.4263020581e-04 1.5307383413e-04 1.4494031820e+01 2.6130937633e+01
2.3833041302e-04 1.5449078143e-04 1.4624784726e+01 2.6390026082e+01
2.3400595440e-04 1.5584435498e-04 1.4768816104e+01 2.6648000642e+01
2.2965742150e-04 1.5713447480e-04 1.4925730580e+01 2.6902223858e+01
2.2528541701e-04 1.5836093936e-04 1.5095579471e+01 2.7154070563e+01
2.2089048050e-04 1.5952345027e-04 1.5278240392e+01 2.7393698963e+01
2.1647317715e-04 1.6062160243e-04 1.5474541968e+01 2.7636140523e+01
2.1203397829e-04 1.6165489867e-04 1.5685845265e+01 2.8119199461e+01
2.0757330298e-04 1.6262264977e-04 1.5912945132e+01 2.8356004627e+01
2.0309161405e-04 1.6352409142e-04 1.6156410983e+01 2.8592968751e+01
1.9858926410e-04 1.6435830741e-04 1.6415852687e+01 2.8828997375e+01
1.9406675161e-04 1.6512414435e-04 1.6693104736e+01 2.9063706189e+01
1.8952436418e-04 1.6582032887e-04 1.6989197845e+01 2.9300497260e+01
1.8496241797e-04 1.6644519365e-04 1.7307810271e+01 2.9537189835e+01
1.8038126885e-04 1.6699694116e-04 1.7648562713e+01 3.0022405987e+01
1.7578131795e-04 1.6747343759e-04 1.8010503048e+01 3.0267337491e+01
1.7116293791e-04 1.6787211762e-04 1.8405041439e+01 3.0516519195e+01
1.6652633460e-04 1.6818995184e-04 1.8828199316e+01 3.0772286484e+01
1.2410228176e-04 1.6640655983e-04 2.5526099928e+01 3.0987003025e+01
1.1939774785e-04 1.6533470741e-04 2.5335332007e+01 2.8577721849e+01
1.1511377713e-04 1.6406236641e-04 2.4555051476e+01 2.6890263390e+01
1.1114950553e-04 1.6280308390e-04 2.3818611645e+01 2.6057890706e+01
1.0735120149e-04 1.6160768662e-04 2.2622223651e+01 2.5765324917e+01
1.0360559769e-04 1.6045005106e-04 2.1734786757e+01 2.5721249956e+01
9.9877632503e-05 1.5929547275e-04 2.1261486741e+01 2.5768926555e+01
9.6158135108e-05 1.5810328306e-04 2.1671068720e+01 2.5848289830e+01
9.2450141992e-05 1.5684631267e-04 2.2390809501e+01 2.5893107363e+01
8.8757478965e-05 1.5549102410e-04 2.3545356142e+01 2.5903709730e+01
8.5093960511e-05 1.5399707630e-04 2.5137008907e+01 2.5751461100e+01
8.1487137125e-05 1.5230920979e-04 2.6652671031e+01 2.5321135364e+01
7.7998250579e-05 1.5033867889e-04 3.1878656322e+01 2.3863213136e+01
7.4821050482e-05 1.4788002844e-04 2.1961250801e+01 2.0075355546e+01
7.1798309638e-05 1.4348587434e-04 7.0888474425e+01 5.5662525811e+00
7.0129164257e-05 1.4234541915e-04 6.9971234569e+01 5.5662525811e+00
6.8292306511e-05 1.4139507212e-04 5.9956204115e+01 5.5662525811e+00
6.6353231737e-05 1.4055799438e-04 5.5425781211e+01 5.4285641908e+00
6.4349302354e-05 1.3981009442e-04 5.1277830593e+01 5.4285641908e+00
6.2296516373e-05 1.3913616311e-04 4.7873798218e+01 6.9001083750e+00
6.0203496789e-05 1.3852413487e-04 4.4721432393e+01 8.0143153136e+00
5.8075897644e-05 1.3796425595e-04 4.1763839133e+01 8.0143153136e+00
5.5917305711e-05 1.3744879807e-04 3.8985337006e+01 8.9376992661e+00
5.3731459414e-05 1.3697144289e-04 3.6702759091e+01 8.9376992661e+00
5.1523234330e-05 1.3652795036e-04 3.4894674429e+01 9.7306334669e+00
4.9297291022e-05 1.3611527939e-04 3.3440262011e+01 9.7306334669e+00
4.7056384988e-05 1.3573096838e-04 3.1938710532e+01 1.0448202770e+01
4.4801023098e-05 1.3537206605e-04 3.0398905310e+01 1.0448202770e+01
4.2531493385e-05 1.3503583254e-04 2.8786897607e+01 1.1102949626e+01
4.0247650910e-05 1.3471955580e-04 2.7135153621e+01 1.1705232108e+01
3.7949558079e-05 1.3442088256e-04 2.5433158999e+01 1.1705232108e+01
3.5637144132e-05 1.3413761408e-04 2.3698946452e+01 1.2267341875e+01
3.3310322336e-05 1.3386774329e-04 2.1940321385e+01 1.2267341875e+01
3.0968752229e-05 1.3360936897e-04 2.0147664374e+01 1.2781823010e+01
2.8611584532e-05 1.3336024031e-04 1.8306701258e+01 1.3246811079e+01
2.6237619949e-05 1.3311678239e-04 1.6662741357e+01 1.3246811079e+01
2.3849341886e-05 1.3287497749e-04 1.6163481165e+01 1.3600404042e+01
2.1459606485e-05 1.3264342028e-04 1.7262405323e+01 1.3600404042e+01
1.9077706787e-05 1.3243382195e-04 1.7780226477e+01 1.3903659435e+01
1.6694812366e-05 1.3223934403e-04 1.6920071156e+01 1.4285418486e+01
1.4305783474e-05 1.3205384151e-04 1.5840863372e+01 1.4285418486e+01
1.1909295956e-05 1.3187471555e-04 1.4695912134e+01 1.4703467941e+01
9.5048932645e-06 1.3170038932e-04 1.3563594316e+01 1.4703467941e+01
7.0924935285e-06 1.3152991829e-04 1.2434850831e+01 1.5088328180e+01
4.6720259594e-06 1.3136240911e-04 1.1305376732e+01 1.5441545463e+01
2.2434791838e-06 1.3119708316e-04 1.0180830597e+01 1.5441545463e+01
-1.9312094506e-07 1.3103327495e-04 9.1041140411e+00 1.5769491342e+01
-2.6377422080e-06 1.3087034942e-04 8.0183720684e+00 1.5769491342e+01
-5.0902994730e-06 1.3070775579e-04 6.9376043291e+00 1.6074848551e+01
-7.5506947233e-06 1.3054498730e-04 5.9284584718e+00 1.6359523251e+01
-1.0018689464e-05 1.3038153118e-04 4.8903101782e+00 1.6359523251e+01
-1.2493996181e-05 1.3021696891e-04 3.8504139059e+00 1.6624868462e+01
-1.4976587433e-05 1.3005083060e-04 2.8212151984e+00 1.6871314249e+01
-1.7466406568e-05 1.2988266884e-04 1.7113697100e+00 1.6871314249e+01
-1.9963346275e-05 1.2971209433e-04 4.6057196949e-01 1.7100968004e+01
-2.2467285386e-05 1.2953873702e-04 6.7440643762e-02 1.7100968004e+01
-2.4978073338e-05 1.2936224732e-04 8.6516897612e-01 1.7313354690e+01
-2.7495575558e-05 1.2918230086e-04 1.7839906326e+00 1.7512057323e+01
-3.0019641387e-05 1.2899858349e-04 2.6769696375e+00 1.7512057323e+01
-3.2550119138e-05 1.2881079272e-04 3.5547521757e+00 1.7697753875e+01
-3.5086857987e-05 1.2861863980e-04 4.4103949739e+00 1.7866867897e+01
-3.7629691449e-05 1.2842185217e-04 5.2550416446e+00 1.7866867897e+01
-4.0178479771e-05 1.2822017575e-04 6.0783651773e+00 1.8022293695e+01
-4.2733049457e-05 1.2801336375e-04 6.8759478760e+00 1.8165388918e+01
-4.5293253218e-05 1.2780117338e-04 7.6636080350e+00 1.8165388918e+01
-4.7858924293e-05 1.2758337580e-04 8.4333228190e+00 1.8296946749e+01
-5.0429904882e-05 1.2735975133e-04 9.1850793220e+00 1.8296946749e+01
-5.3006027863e-05 1.2713009365e-04 9.9180582903e+00 1.8417251704e+01
-5.5587133580e-05 1.2689420339e-04 1.0638026025e+01 1.8526584863e+01
-5.8173066180e-05 1.2665189183e-04 1.1339372498e+01 1.8526584863e+01
-6.0763662381e-05 1.2640296529e-04 1.2018733760e+01 1.8625819085e+01
-6.3358734098e-05 1.2614725081e-04 1.2690775535e+01 1.8715007590e+01
-6.5958164490e-05 1.2588456347e-04 1.3352284578e+01 1.8715007590e+01
-6.8561765719e-05 1.2561474817e-04 1.3990447368e+01 1.8794781646e+01
-7.1169380594e-05 1.2533765164e-04 1.4614922861e+01 1.8865215629e+01
-7.3780848952e-05 1.2505311696e-04 1.5224782785e+01 1.8865215629e+01
-7.6396009712e-05 1.2476099051e-04 1.5822387791e+01 1.8926666208e+01
-7.9014724837e-05 1.2446112493e-04 1.6396861563e+01 1.8980244006e+01
-8.1636782873e-05 1.2415339570e-04 1.6960533774e+01 1.8980244006e+01
-8.4262076555e-05 1.2383765841e-04 1.7516832567e+01 1.9026339503e+01
-8.6890429325e-05 1.2351378599e-04 1.8055455835e+01 1.9064950125e+01
-8.9521685244e-05 1.2318165256e-04 1.8580572600e+01 1.9064950125e+01
-9.2155690312e-05 1.2284113458e-04 1.9091044914e+01 1.9095880076e+01
-9.4792286975e-05 1.2249211081e-04 1.9588337534e+01 1.9119913975e+01
-9.7431311840e-05 1.2213447407e-04 2.0077947826e+01 1.9119913975e+01
-1.0007264292e-04 1.2176810633e-04 2.0550197522e+01 1.9137392254e+01
-1.0271607953e-04 1.2139290315e-04 2.1013305489e+01 1.9147922143e+01
-1.0536152184e-04 1.2100874937e-04 2.1461304902e+01 1.9147922143e+01
-1.0800876701e-04 1.2061554990e-04 2.1897443034e+01 1.9152334834e+01
-1.1065770011e-04 1.2021320176e-04 2.2324735719e+01 1.9151676098e+01
-1.1330816226e-04 1.1980161528e-04 2.2737724256e+01 1.9151676098e+01
-1.1595999658e-04 1.1938068675e-04 2.3141290814e+01 1.9144781025e+01
-1.1861306186e-04 1.1895031175e-04 2.3534710668e+01 1.9131784987e+01
-1.2126720344e-04 1.1851040642e-04 2.3917899645e+01 1.9131784987e+01
-1.2392228297e-04 1.1806088216e-04 2.4290757118e+01 1.9113604195e+01
-1.2657815084e-04 1.1760165015e-04 2.4653196256e+01 1.9090387388e+01
-1.2923465740e-04 1.1713262432e-04 2.5004457371e+01 1.9090387388e+01
-1.3189164498e-04 1.1665371523e-04 2.5350100967e+01 1.9061759124e+01
-1.3454900757e-04 1.1616483014e-04 2.5682575346e+01 1.9027772299e+01
-1.3720655410e-04 1.1566590183e-04 2.6006418560e+01 1.9027772299e+01
-1.3986417270e-04 1.1515684358e-04 2.6321755340e+01 1.8989426316e+01
-1.4252169839e-04 1.1463757777e-04 2.6629068177e+01 1.8946760440e+01
-1.4517900284e-04 1.1410801486e-04 2.6928309207e+01 1.8946760440e+01
-1.4783594059e-04 1.1356807933e-04 2.7215831259e+01 1.8899007048e+01
-1.5049233885e-04 1.1301770001e-04 2.7500121666e+01 1.8846452989e+01
-1.5314810523e-04 1.1245679438e-04 2.7778352771e+01 1.8846452989e+01
-1.5580307625e-04 1.1188529450e-04 2.8043219227e+01 1.8789270713e+01
-1.5845708430e-04 1.1130312670e-04 2.8302823064e+01 1.8727365667e+01
-1.6111001940e-04 1.1071019572e-04 2.8556276846e+01 1.8661204258e+01
-1.6376171917e-04 1.1010644324e-04 2.8802565858e+01 1.8661204258e+01
-1.6641204933e-04 1.0949181175e-04 2.9042379289e+01 1.8590438736e+01
-1.6906086986e-04 1.0886621179e-04 2.9275816455e+01 1.8514596342e+01
-1.7170802919e-04 1.0822956911e-04 2.9502637635e+01 1.8514596342e+01
-1.7435338914e-04 1.0758181611e-04 2.9722019929e+01 1.8434120229e+01
-1.7699678453e-04 1.0692290351e-04 2.9938827947e+01 1.8349271320e+01
-1.7963811987e-04 1.0625274387e-04 3.0151091514e+01 1.8349271320e+01
-1.8227722727e-04 1.0557126528e-04 3.0358171738e+01 1.8259550252e+01
-1.8491398457e-04 1.0487839998e-04 3.0561838217e+01 1.8164652462e+01
-1.8754826394e-04 1.0417408216e-04 3.0757425145e+01 1.8164652462e+01
-1.9017989584e-04 1.0345827683e-04 3.0946210942e+01 1.8064599545e+01
-1.9280873220e-04 1.0273091810e-04 3.1128486439e+01 1.7959546993e+01
-1.9543461349e-04 1.0199194505e-04 3.1302638840e+01 1.7959546993e+01
-1.9805735625e-04 1.0124131414e-04 3.1475878400e+01 1.7849287813e+01
-2.0067687193e-04 1.0047895181e-04 3.1644415956e+01 1.7733389790e+01
-2.0329297270e-04 9.9704830280e-05 3.1805899548e+01 1.7733389790e+01
-2.0590550508e-04 9.8918898641e-05 3.1962637457e+01 1.7612371912e+01
-2.0851432544e-04 9.8121112078e-05 3.2109906001e+01 1.7485552553e+01
-2.1111923119e-04 9.7311438887e-05 3.2256669301e+01 1.7485552553e+01
-2.1372013531e-04 9.6489845335e-05 3.2391041876e+01 1.7351976847e+01
-2.1631678167e-04 9.5656333290e-05 3.2520233326e+01 1.7211950212e+01
-2.1890905145e-04 9.4810859497e-05 3.2639733369e+01 1.7065695999e+01
-2.2149673578e-04 9.3953427636e-05 3.2748052868e+01 1.7065695999e+01
-2.2407962620e-04 9.3084051173e-05 3.2842255733e+01 1.6913033935e+01
-2.2665752229e-04 9.2202759798e-05 3.2920908053e+01 1.6753830764e+01
-2.2923016276e-04 9.1309568291e-05 3.2975140543e+01 1.6753830764e+01
-2.3179723646e-04 9.0404520792e-05 3.2999646214e+01 1.6588727535e+01
-2.3435838179e-04 8.9487676063e-05 3.2967008177e+01 1.6419121577e+01
-2.3691289096e-04 8.8559217254e-05 3.2853667110e+01 1.6419121577e+01
-2.3945965780e-04 8.7618978271e-05 3.2649041049e+01 1.6240645612e+01
-2.4199639813e-04 8.6666954774e-05 3.2439741154e+01 1.6038044090e+01
-2.4452160862e-04 8.5703128369e-05 3.2655552318e+01 1.6038044090e+01
-2.4703788081e-04 8.4727961865e-05 3.3443957723e+01 1.5811105500e+01
-2.4954926842e-04 8.3740734876e-05 3.4473451935e+01 1.5573605499e+01
-2.5205849856e-04 8.2740494303e-05 3.5390322570e+01 1.5573605499e+01
-2.5456596141e-04 8.1727334979e-05 3.6005020043e+01 1.5328501022e+01
-2.5707020834e-04 8.0701944246e-05 3.6452088632e+01 1.5072936754e+01
-2.5957032907e-04 7.9664702787e-05 3.6827263373e+01 1.5072936754e+01
-2.6206569171e-04 7.8616079373e-05 3.7199042094e+01 1.4802893986e+01
-2.6455615180e-04 7.7556470940e-05 3.7567066898e+01 1.4516851367e+01
-2.6704160182e-04 7.6486356977e-05 3.7933219315e+01 1.4516851367e+01
-2.6952194712e-04 7.5406285963e-05 3.8306901060e+01 1.4210732626e+01
-2.7199723855e-04 7.4316875896e-05 3.8698481564e+01 1.3885421776e+01
-2.7446763523e-04 7.3218817493e-05 3.9108759101e+01 1.3885421776e+01
-2.7693327614e-04 7.2112945700e-05 3.9566404013e+01 1.3540973306e+01
-2.7939469515e-04 7.1000148252e-05 4.0041562949e+01 1.3172815431e+01
-2.8185217709e-04 6.9881709845e-05 4.0550867057e+01 1.2779695031e+01
-2.8430641136e-04 6.8758982746e-05 4.1107473639e+01 1.2779695031e+01
-2.8675817184e-04 6.7633581195e-05 4.1720671008e+01 1.2359962204e+01
-2.8920848499e-04 6.6507497445e-05 4.2399467564e+01 1.1912241920e+01
-2.9165863388e-04 6.5383160100e-05 4.3152126753e+01 1.1912241920e+01
-2.9411030482e-04 6.4263504282e-05 4.3995887268e+01 1.1432047018e+01
-2.9656545625e-04 6.3152132352e-05 4.4960484074e+01 1.0921076320e+01
-2.9902657934e-04 6.2053763352e-05 4.6064581442e+01 1.0921076320e+01
-3.0149750449e-04 6.0974167663e-05 4.7294366212e+01 1.0366023348e+01
-3.0398167574e-04 5.9921119854e-05 4.8757162917e+01 9.7866075284e+00
-3.0648486793e-04 5.8905251025e-05 5.0521929868e+01 9.7866075284e+00
-3.0901366560e-04 5.7941912656e-05 5.2696797997e+01 9.1658052131e+00
-3.1157648647e-04 5.7055181367e-05 5.4861167053e+01 8.5340118499e+00
-3.1418623609e-04 5.6287686257e-05 6.2477730821e+01 8.5340118499e+00
-3.1683649183e-04 5.5784368292e-05 6.6656147534e+01 9.7202348244e+00
-3.1994412561e-04 5.5638980697e-05 5.4707753689e+01 1.3415619848e+01
-3.2522596850e-04 5.4727036244e-05 6.2201891266e+01 1.6513171772e+01
-3.3072634890e-04 5.2595838281e-05 7.3705544686e+01 1.5906248938e+01
-3.3613813805e-04 4.9959592346e-05 7.6163588439e+01 1.5002904330e+01
-3.4151065686e-04 4.6972263444e-05 8.1586365814e+01 1.3399215878e+01
-3.4687156242e-04 4.3687001896e-05 8.7772636454e+01 1.2630944769e+01
-3.5224162154e-04 4.0125300285e-05 9.5392016351e+01 1.1156794168e+01
-3.5763877827e-04 3.6291885963e-05 1.0487691248e+02 9.7256942508e+00
-3.6308319726e-04 3.2177568133e-05 1.1671239855e+02 9.0214842156e+00
-3.6858907452e-04 2.7765072976e-05 1.3211540591e+02 7.6059054083e+00
-3.7418108809e-04 2.3022817939e-05 1.5335867389e+02 6.1652216797e+00
-3.7989459468e-04 1.7908234893e-05 1.8367238952e+02 4.6877628941e+00
-3.8579152010e-04 1.2378000534e-05 2.2866528394e+02 3.1852561821e+00
-3.9209779978e-04 6.4051608826e-06 3.5433300711e+02 1.7692318221e+00
-3.9600000000e-04 3.0463089129e-20 1.7481076682e+02 4.9546720632e-01
-3.8400000000e-04 3.0003846579e-20 1.0589613216e+02 nan
1.2106353574e-06 1.2885092347e-04 8.0399719432e+00 1.5441545463e+01
-1.4163254364e-05 1.4618905164e-06 2.2331338990e+02 nan
-5.3995522322e-05 1.4530808931e-06 2.2384535175e+02 nan
1.7690057148e-05 1.4766199939e-06 2.2325073436e+02 nan
-6.7424268482e-05 1.2366449748e-04 1.4790117271e+01 1.8794781646e+01
4.3976267331e-05 1.3304535962e-04 2.5210388065e+01 1.1102949626e+01
-8.5859854245e-05 1.4514743241e-06 2.2490058732e+02 nan
6.4242661425e-05 1.3742033316e-04 3.6320941103e+01 6.9001083750e+00
-1.1771707945e-04 1.4528417667e-06 2.2714323496e+02 nan
8.1781208782e-05 1.4908367906e-04 1.9415413052e+01 2.5321135364e+01
-1.3539611502e-04 1.1388786406e-04 2.7166144228e+01 1.9027772299e+01
1.4479228614e-04 1.5249931302e-06 2.7401720434e+02 nan
-1.4558386755e-04 1.4558453483e-06 2.3052133377e+02 nan
1.7273485101e-04 1.5739585197e-06 2.3953650514e+02 nan
1.4600810985e-04 1.6556191676e-04 2.0040737770e+01 3.2185427013e+01
2.0066204541e-04 1.7705414875e-06 1.6998643688e+02 nan
2.2857049638e-04 2.0857927012e-06 1.0899334038e+02 nan
2.1815439935e-04 1.5725946375e-04 1.5291213301e+01 2.7636140523e+01
2.5653966034e-04 2.5279904564e-06 6.4810678930e+01 nan
2.4812485021e-04 1.4770120655e-04 1.4375910521e+01 2.5593064254e+01
2.8041722588e-04 3.0653711786e-06 4.6967609026e+01 nan
-2.8062678023e-04 1.5527342738e-06 2.9106816375e+02 nan
3.0428411068e-04 1.1942140497e-04 1.4429673156e+01 2.0100886058e+01
-3.0397066336e-04 1.6983144388e-06 3.0469529242e+02 nan
3.0434233060e-04 3.1439650444e-06 4.2876914692e+01 nan
3.2520042638e-04 1.0427697607e-04 1.5396641723e+01 1.6717049578e+01
3.2450197012e-04 3.3683208936e-06 3.0164613589e+01 nan
-3.0236977170e-04 5.8137738811e-05 5.2680898413e+01 1.0366023348e+01
3.4500289512e-04 8.5478536705e-05 1.7425865394e+01 1.2588272660e+01
-3.4275779913e-04 2.3648422608e-06 2.1430690629e+02 nan
3.4499318509e-04 3.6770294589e-06 2.1676976545e+01 nan
3.6016127378e-04 6.8248367093e-05 2.0164746698e+01 8.5914854819e+00
-3.1588886861e-04 5.3905739849e-05 5.6288516083e+01 9.7202348244e+00
-5.3918960113e-05 1.2499187221e-04 1.1257210613e+01 1.8417251704e+01
1.2705352373e-04 1.6402931753e-04 2.1550820615e+01 3.3046875490e+01
1.6389545252e-04 1.6506477433e-04 1.8382011070e+01 3.1033639433e+01
2.0051625275e-04 1.6050569546e-04 1.6043819976e+01 2.8592968751e+01
-3.5826910751e-04 3.1215457220e-06 1.3937028060e+02 nan
3.6081270482e-04 3.9787371858e-06 2.2509587876e+01 nan
3.7067272016e-04 5.2858293704e-05 2.3547107809e+01 5.8800244947e+00
-3.3332431532e-04 4.8492308236e-05 6.7455309481e+01 1.5002904330e+01
-3.5422926721e-04 3.5884201634e-05 9.6581374274e+01 1.0438182762e+01
3.7996242257e-04 3.6214862438e-05 2.8801658432e+01 2.7711434948e+00
2.6858725699e-04 2.7614139839e-06 4.9971564910e+01 nan
2.9231677254e-04 3.1777408567e-06 4.5831648794e+01 nan
2.4455189464e-04 2.3270990751e-06 8.1850047011e+01 nan
-2.4498771537e-04 1.4875290462e-06 2.6062711124e+02 nan
2.1663252399e-04 1.9483325720e-06 1.3246943069e+02 nan
-2.1718417164e-04 1.4746578831e-06 2.4822294144e+02 nan
-1.8935259746e-04 1.4645112970e-06 2.3945346972e+02 nan
1.8872014446e-04 1.6796177045e-06 1.9993119177e+02 nan
-3.7031470710e-04 3.6344873361e-06 1.0184076545e+02 nan
2.3123211521e-04 1.5293208454e-04 1.4811088848e+01 2.6648000642e+01
2.6108572973e-04 1.4267566562e-04 1.4155563792e+01 2.4444701807e+01
2.8865466130e-04 1.2922853644e-04 1.4103144434e+01 2.2105825852e+01
-2.7992599302e-04 6.8807089319e-05 4.3381080436e+01 1.3172815431e+01
3.3512230646e-04 9.5202649318e-05 1.6265011836e+01 1.5035055746e+01
-3.6993243662e-04 2.4002378939e-05 1.3447326668e+02 6.8882116664e+00
3.8436765663e-04 4.3247316634e-06 3.2783593632e+01 nan
3.5285342395e-04 3.9340663987e-06 2.1776505314e+01 nan
-3.3501744112e-04 2.1267696182e-06 2.5510573262e+02 nan
3.1653856355e-04 3.0995264020e-06 3.7404314949e+01 nan
-3.1562561668e-04 1.8251824988e-06 2.9396279570e+02 nan
2.3657043030e-04 2.2071464268e-06 9.4651246920e+01 nan
2.0865952062e-04 1.8595072338e-06 1.5021788311e+02 nan
-1.8139718830e-04 1.4624594240e-06 2.3743804107e+02 nan
1.8074041828e-04 1.6252891971e-06 2.1994258565e+02 nan
-1.5354406718e-04 1.4570115646e-06 2.3178350085e+02 nan
-1.2567990504e-04 1.4535359101e-06 2.2795599095e+02 nan
1.0904542185e-04 1.5304934652e-06 2.4779255558e+02 nan
7.7312583055e-05 1.5164488860e-06 2.3092064537e+02 nan
4.5509039055e-05 1.4873454810e-06 2.2452376923e+02 nan
9.7288784398e-06 1.4722522185e-06 2.2320004179e+02 nan
-2.6112254145e-05 1.4582369959e-06 2.2343045820e+02 nan
-5.9196230176e-05 1.2448230686e-04 1.2699593362e+01 1.8625819085e+01
-7.2624464950e-05 1.2314138394e-04 1.6021127166e+01 1.8865215629e+01
4.9034519608e-05 1.3373941937e-04 2.7603413930e+01 1.0448202770e+01
6.8370035092e-05 1.3878311949e-04 3.4481287346e+01 5.4285641908e+00
-1.3032207198e-04 1.1483525043e-04 2.6482644153e+01 1.9061759124e+01
1.0295661872e-04 1.5735727393e-04 2.0156544294e+01 2.5721249956e+01
1.1833976362e-04 1.6238586728e-04 2.0719600579e+01 2.8577721849e+01
-1.7242018549e-04 1.0593702855e-04 3.1251748292e+01 1.8434120229e+01
1.3655727560e-04 1.6554519587e-04 2.1258872843e+01 3.3353848404e+01
1.5506740386e-04 1.6550503569e-04 1.9156548551e+01 3.1580432355e+01
-1.9357041382e-04 1.0051894181e-04 3.2979940839e+01 1.7959546993e+01
1.9142847681e-04 1.6259183422e-04 1.6577737933e+01 2.9300497260e+01
2.3988512610e-04 1.5072440811e-04 1.4569937779e+01 2.6130937633e+01
2.9637974746e-04 1.2480079420e-04 1.4210830802e+01 2.0947327005e+01
3.5148991697e-04 7.8584333958e-05 1.8408166624e+01 1.1290204111e+01
3.7583551778e-04 4.4788294707e-05 2.5809228487e+01 3.9486467162e+00
-3.4376586815e-04 4.2714378285e-05 8.0858336175e+01 1.2630944769e+01
3.9062530903e-04 1.2616887067e-05 4.5949322266e+01 3.8366449221e-02
-3.8193371181e-04 1.3285184591e-05 1.8899681204e+02 3.9406807437e+00
-3.8946258210e-04 4.2777580481e-06 1.9443824101e+02 1.7692318221e+00
3.9211439008e-04 4.1756028433e-06 4.8821723182e+01 nan
-3.7972326438e-04 8.3963273249e-06 1.3621520784e+02 nan
-3.7619994541e-04 8.0328677695e-06 1.1863398143e+02 nan
-3.7370371341e-04 1.2231831347e-05 1.2266694503e+02 nan
-3.7027249644e-04 1.1659501049e-05 1.0930480117e+02 nan
-3.6775546632e-04 1.5765039230e-05 1.1000321167e+02 nan
-3.6187717267e-04 1.9022814275e-05 9.9107694341e+01 nan
-3.5606459840e-04 2.2035046178e-05 9.0069910700e+01 nan
-3.5273934046e-04 2.0990928334e-05 8.4869475918e+01 nan
-3.4698531720e-04 2.3674455943e-05 7.9470595845e+01 nan
-3.4459979886e-04 2.7418174803e-05 7.7037556012e+01 nan
-3.3891004754e-04 2.9825561926e-05 7.3357435444e+01 nan
-3.3783385157e-04 2.4985670994e-05 7.6419026359e+01 nan
-3.3038985012e-04 3.0608468779e-05 7.4216971632e+01 nan
-3.2936819719e-04 2.5939667700e-05 7.8465018408e+01 nan
-3.1994358431e-04 2.9747634195e-05 8.0016058062e+01 nan
-3.1565367602e-04 3.1443240713e-05 8.0777415054e+01 nan
-3.1305931320e-04 3.0204763085e-05 8.9047843615e+01 nan
-3.0662463253e-04 3.0691888380e-05 9.7496165468e+01 nan
-3.0409611132e-04 2.9671773399e-05 1.0395629242e+02 nan
-2.9797450733e-04 3.0316801600e-05 1.0729536623e+02 nan
-2.9459862014e-04 3.1858394287e-05 1.0552726178e+02 nan
-2.9379531252e-04 3.4259169920e-05 9.9157557508e+01 nan
-2.8954022946e-04 3.0239494504e-05 1.1517662850e+02 nan
-2.8383336724e-04 3.1076304585e-05 1.1773122473e+02 nan
-2.8028228677e-04 3.4851973573e-05 1.1212225448e+02 nan
-2.7553164106e-04 3.1437509387e-05 1.2918530186e+02 nan
-2.7210412143e-04 3.5205298580e-05 1.2101863058e+02 nan
-2.6671580997e-04 3.4192759189e-05 1.2907983165e+02 nan
-2.6094119376e-04 3.5413049815e-05 1.2940531210e+02 nan
-2.5812160742e-04 3.5018012582e-05 1.3235129163e+02 nan
-2.5234573073e-04 3.4325750724e-05 1.3747288083e+02 nan
-2.4939685446e-04 3.6015066894e-05 1.3340570317e+02 nan
-2.4347280145e-04 3.5440321516e-05 1.3723636849e+02 nan
-2.4045448589e-04 3.5187948272e-05 1.3885806639e+02 nan
-2.2587952359e-04 3.9864059850e-05 1.2827642152e+02 nan
-2.2281026643e-04 3.9663825270e-05 1.2925923406e+02 nan
-2.1659223217e-04 3.9305641783e-05 1.3091660121e+02 nan
-2.1344627102e-04 3.9145420140e-05 1.3160716583e+02 nan
-2.0761961986e-04 4.0706414475e-05 1.2794516385e+02 nan
-2.0387595807e-04 3.8728469748e-05 1.3321713911e+02 nan
-1.9804492881e-04 4.0308977893e-05 1.2937708575e+02 nan
-1.9481613701e-04 4.0193342150e-05 1.2974451440e+02 nan
-1.8830820328e-04 3.9984292778e-05 1.3034443677e+02 nan
-1.7682276856e-04 4.3196902850e-05 1.2283275322e+02 nan
-1.7116023592e-04 4.4815020424e-05 1.1924494369e+02 nan
-1.6790238034e-04 4.4728188006e-05 1.1946236850e+02 nan
-1.6135209623e-04 4.4568651421e-05 1.1983913451e+02 nan
-1.5806083484e-04 4.4495360002e-05 1.2000314926e+02 nan
-1.5475957552e-04 4.4426038218e-05 1.2015372136e+02 nan
-1.4812911597e-04 4.4298434967e-05 1.2042176185e+02 nan
-1.4480089629e-04 4.4239755638e-05 1.2054246301e+02 nan
-1.4146466715e-04 4.4184274612e-05 1.2065613766e+02 nan
-1.3477151871e-04 4.4082777477e-05 1.2086617037e+02 nan
-1.3141773603e-04 4.4036495505e-05 1.2096455725e+02 nan
-1.2593396958e-04 4.5681848294e-05 1.1753587202e+02 nan
-1.1250082229e-04 4.5525537342e-05 1.1794902508e+02 nan
-9.8996418979e-05 4.5408384633e-05 1.1833290402e+02 nan
-9.8483844790e-05 4.8828498993e-05 1.1148835914e+02 nan
-9.5158300482e-05 4.8802229763e-05 1.1159137703e+02 nan
-8.5117885168e-05 4.8740615078e-05 1.1187187920e+02 nan
-8.1764993296e-05 4.8725702308e-05 1.1195344933e+02 nan
-7.1694753774e-05 4.8699299362e-05 1.1214525381e+02 nan
-6.8335278748e-05 4.8696967497e-05 1.1218641665e+02 nan
-5.8253368899e-05 4.8711035568e-05 1.1221475072e+02 nan
-5.4892855277e-05 4.8723315786e-05 1.1218445537e+02 nan
-4.9928245477e-05 5.0468335558e-05 1.0879968684e+02 nan
-4.4815347131e-05 4.8786769207e-05 1.1193178829e+02 nan
-4.1459431006e-05 4.8816922259e-05 1.1178347316e+02 nan
-3.4754475233e-05 4.8892878187e-05 1.1136606649e+02 nan
-3.1406354784e-05 4.8939219991e-05 1.1108819229e+02 nan
-2.8061951848e-05 4.8991595966e-05 1.1075772668e+02 nan
-2.1385966335e-05 4.9115175707e-05 1.0991917447e+02 nan
-1.8055737234e-05 4.9187829656e-05 1.0939849150e+02 nan
-1.4731359858e-05 4.9267570918e-05 1.0880350102e+02 nan
-8.1034073635e-06 4.9450671299e-05 1.0736402187e+02 nan
-4.8011753054e-06 4.9554806852e-05 1.0650652700e+02 nan
5.0481110916e-06 4.9922389137e-05 1.0330332284e+02 nan
8.3090476493e-06 5.0064282630e-05 1.0200418651e+02 nan
3.1646788830e-05 5.3320602113e-05 8.4564158408e+01 nan
3.4735444352e-05 5.3573556809e-05 8.2046318110e+01 nan
4.0835844936e-05 5.4119410348e-05 7.6456767282e+01 nan
4.3872660730e-05 5.4418236212e-05 7.4191212401e+01 nan
4.9193605739e-05 5.2990975473e-05 7.4121764275e+01 nan
5.5398141963e-05 5.3683617188e-05 6.9407603988e+01 nan
5.8527428579e-05 5.4062753695e-05 6.7134864175e+01 nan
6.8777978301e-05 5.7606504727e-05 5.7028849628e+01 nan
7.1982189744e-05 5.8111154651e-05 5.5096494483e+01 nan
7.5210250808e-05 5.8640652429e-05 5.3211272707e+01 nan
8.1034314903e-05 5.7373263120e-05 5.2746455921e+01 nan
8.4349838411e-05 5.7943532716e-05 5.0895898727e+01 nan
9.1069045889e-05 5.9159494804e-05 4.7333807163e+01 nan
9.4475483176e-05 5.9805579132e-05 4.5619091050e+01 nan
9.5161198853e-05 6.2354562617e-05 4.2799953948e+01 nan
9.8596689536e-05 6.3065100548e-05 4.1199078094e+01 nan
1.0489964299e-04 6.1897147640e-05 4.0714793844e+01 nan
2.6384304322e-05 5.4792233933e-05 8.4885899292e+01 nan
1.0844746771e-04 6.2645564513e-05 3.9156308177e+01 nan
1.1203433505e-04 6.3419502109e-05 3.7634159417e+01 nan
6.3192160880e-05 5.8908076889e-05 5.7431507670e+01 nan
-1.1846784016e-04 4.9041649793e-05 1.1080281766e+02 nan
1.1633819924e-04 6.7016148784e-05 3.3714855189e+01 nan
1.2372721542e-04 6.8780647562e-05 3.0958252949e+01 nan
1.2680289415e-04 6.6768279465e-05 3.2000694598e+01 nan
8.2446763042e-05 6.2212648758e-05 4.6588703111e+01 nan
1.3058069111e-04 6.7663101907e-05 2.9867016757e+01 nan
1.3434076087e-04 6.8571412752e-05 2.7993354925e+01 nan
1.3497887700e-04 7.1588754870e-05 2.5545947082e+01 nan
1.3870871985e-04 7.2552153058e-05 2.4005592430e+01 nan
1.4552855704e-04 7.1345346910e-05 2.3757673801e+01 nan
1.4922770764e-04 7.2273675210e-05 2.2985843191e+01 nan
1.5291073492e-04 7.3197285759e-05 2.2282556535e+01 nan
1.5342021572e-04 7.6398428071e-05 1.9253523452e+01 nan
1.5713451162e-04 7.7406101090e-05 1.7061757992e+01 nan
1.2989588711e-04 6.4736920473e-05 3.2433998631e+01 nan
1.0421303375e-04 5.9270230137e-05 4.3447282851e+01 nan
2.3368599286e-05 4.9047211556e-05 9.7899980243e+01 nan
6.4085424525e-05 5.2686981640e-05 6.6791668071e+01 nan
1.6411098800e-04 7.6117462476e-05 1.6059563972e+01 nan
1.6792819254e-04 7.7167593645e-05 1.4384746396e+01 nan
-5.8218575802e-05 4.5308803861e-05 1.1894192611e+02 nan
1.6853297291e-04 8.0647565168e-05 1.2603659056e+01 nan
1.7178645724e-04 7.8251787166e-05 1.3028671910e+01 nan
-1.0435465367e-04 4.3751860840e-05 1.2169262679e+02 nan
1.7241413327e-04 8.1788964014e-05 1.1648803698e+01 nan
1.7504402216e-04 7.5835690921e-05 1.3536030752e+01 nan
1.7895744220e-04 7.6921468659e-05 1.2310831097e+01 nan
1.8619808840e-04 7.5544065745e-05 1.1659317331e+01 nan
1.8551088167e-04 7.1976081296e-05 1.3273669856e+01 nan
1.8948790763e-04 7.3034463478e-05 1.2008595139e+01 nan
1.9020042677e-04 7.6655266792e-05 1.0865335141e+01 nan
1.9350251846e-04 7.4120608251e-05 1.1091426383e+01 nan
1.9423748834e-04 7.7785605706e-05 1.0263880711e+01 nan
1.8879257738e-04 6.9479145433e-05 1.3939776254e+01 nan
1.9830696999e-04 7.8930029573e-05 9.9526113853e+00 nan
2.0163467725e-04 7.6351320316e-05 1.0111395088e+01 nan
2.0571706940e-04 7.7462590812e-05 1.0125717193e+01 nan
2.0644566246e-04 8.1184098491e-05 9.9772918746e+00 nan
2.1312891533e-04 7.5909893621e-05 1.0411175007e+01 nan
2.1237769909e-04 7.2201367997e-05 1.0548512006e+01 nan
2.1646495513e-04 7.3247507409e-05 1.0632376727e+01 nan
2.1720010639e-04 7.6960981404e-05 1.0578228658e+01 nan
2.2054380659e-04 7.4275674311e-05 1.0805609328e+01 nan
2.2796338081e-04 7.2562342350e-05 1.1254091308e+01 nan
2.0309815810e-04 8.3794968024e-05 9.7595513502e+00 nan
2.2867898746e-04 7.6277151634e-05 1.1279146072e+01 nan
2.3203493828e-04 7.3531779078e-05 1.1512751235e+01 nan
2.3538742719e-04 7.0771629306e-05 1.1752867574e+01 nan
2.3945936972e-04 7.1701060866e-05 1.2040295712e+01 nan
2.3464922738e-04 6.7071263448e-05 1.1737906634e+01 nan
2.4015755223e-04 7.5416410357e-05 1.2110146921e+01 nan
2.4352441580e-04 7.2612310630e-05 1.2349284456e+01 nan
2.4420878496e-04 7.6331908889e-05 1.2435189179e+01 nan
2.4758233963e-04 7.3506146623e-05 1.2673280259e+01 nan
-1.1792677536e-04 4.3875595128e-05 1.2133776471e+02 nan
-1.9924427713e-04 4.3998715469e-05 1.2032951076e+02 nan
2.4825326035e-04 7.7230052832e-05 1.2769465543e+01 nan
2.4486975185e-04 8.0061811886e-05 1.2543443292e+01 nan
2.5500957969e-04 7.1519877426e-05 1.3254924427e+01 nan
2.5431959677e-04 6.7808336917e-05 1.3179104851e+01 nan
2.5838288957e-04 6.8641136155e-05 1.3513987421e+01 nan
2.5768381280e-04 6.4935910046e-05 1.3446435680e+01 nan
2.6243791771e-04 6.9457343734e-05 1.3854040145e+01 nan
2.6581384000e-04 6.6540068068e-05 1.4126149783e+01 nan
2.6986515463e-04 6.7317945096e-05 1.4470310954e+01 nan
2.6104529866e-04 6.2047499305e-05 1.3723044846e+01 nan
2.7052107058e-04 7.1042747037e-05 1.4534213181e+01 nan
2.7390654335e-04 6.8080745167e-05 1.4812918726e+01 nan
2.7454805902e-04 7.1813602157e-05 1.4868027746e+01 nan
2.8132350913e-04 6.5826810770e-05 1.5448323328e+01 nan
2.8066838231e-04 6.2102914984e-05 1.5407957437e+01 nan
2.8470677510e-04 6.2805403449e-05 1.5758570786e+01 nan
2.8534691828e-04 6.6539789332e-05 1.5787251597e+01 nan
2.8873265961e-04 6.3495006654e-05 1.6105714113e+01 nan
2.8808706367e-04 5.9764597927e-05 1.6081553255e+01 nan
2.9274464913e-04 6.4173010710e-05 1.6447810190e+01 nan
2.9674198338e-04 6.4840854948e-05 1.6783251825e+01 nan
3.0411114377e-04 6.2363903218e-05 1.7486284622e+01 nan
-1.8406109790e-04 4.5217542325e-05 1.1811820649e+02 nan
-1.7511761936e-04 3.9636819793e-05 1.3113974013e+02 nan
3.0807526790e-04 6.2992635624e-05 1.7821103529e+01 nan
3.0129777392e-04 6.9288658805e-05 1.7055544105e+01 nan
3.0749578359e-04 5.9204774705e-05 1.7884864984e+01 nan
3.1145953766e-04 5.9808922999e-05 1.8241694472e+01 nan
3.1821938291e-04 5.3364436592e-05 1.9167930081e+01 nan
3.1763192102e-04 4.9577780587e-05 1.9231087966e+01 nan
3.2159484678e-04 5.0100986289e-05 1.9677775017e+01 nan
3.0185334813e-04 7.3093904132e-05 1.6978080775e+01 nan
3.2100442150e-04 4.6314801378e-05 1.9735872649e+01 nan
3.1701810632e-04 4.5814528103e-05 1.9253377661e+01 nan
5.3861592790e-05 5.7591117465e-05 6.3450858607e+01 nan
1.6962110915e-05 5.4143211733e-05 9.0977966138e+01 nan
-1.0846674824e-04 4.8927225824e-05 1.1115098273e+02 nan
-2.3119673048e-04 3.4548012596e-05 1.4268900283e+02 nan
2.0714465197e-04 8.4917581254e-05 9.9108060119e+00 nan
2.0378373373e-04 8.7535376078e-05 9.6896984912e+00 nan
2.0443888140e-04 9.1286726963e-05 9.7047850422e+00 nan
2.0845331612e-04 9.2416825748e-05 9.9938169431e+00 nan
2.0506341723e-04 9.5047969307e-05 9.7964956956e+00 nan
2.0906363716e-04 9.6180475278e-05 1.0140339981e+01 nan
2.0964514742e-04 9.9952013085e-05 1.0350028409e+01 nan
2.0675892455e-04 1.0637883715e-04 1.0493595660e+01 nan
2.0726696934e-04 1.1016712887e-04 1.0838634541e+01 nan
2.0330919361e-04 1.0900914573e-04 1.0384123103e+01 nan
2.0379768051e-04 1.1280196703e-04 1.0764233451e+01 nan
1.9984852750e-04 1.1162045665e-04 1.0288263165e+01 nan
2.1122545809e-04 1.1130145041e-04 1.1279352583e+01 nan
2.0031609222e-04 1.1541765387e-04 1.0706737276e+01 nan
1.9637587089e-04 1.1421204091e-04 1.0207272161e+01 nan
1.9331117212e-04 1.2058830970e-04 1.0648938821e+01 nan
1.8938839704e-04 1.1933298197e-04 1.0096543137e+01 nan
2.1865657418e-04 1.0971683782e-04 1.1759633854e+01 nan
2.2262254586e-04 1.1078674387e-04 1.2144187361e+01 nan
1.8978531950e-04 1.2314148849e-04 1.0652663101e+01 nan
2.2310704967e-04 1.1457284273e-04 1.2461441059e+01 nan
2.2658862088e-04 1.1183699259e-04 1.2503297378e+01 nan
1.8624233290e-04 1.2567159571e-04 1.0681341527e+01 nan
1.8234124651e-04 1.2436269972e-04 1.0068809095e+01 nan
1.8196731542e-04 1.2054650147e-04 9.4656155754e+00 nan
1.7490924286e-04 1.2546650010e-04 9.4112864996e+00 nan
1.7103689767e-04 1.2405634185e-04 8.7139159795e+00 nan
1.7067982079e-04 1.2022778444e-04 8.1406473326e+00 nan
1.6717045078e-04 1.2260922989e-04 8.0314059043e+00 nan
1.6680155427e-04 1.1877561110e-04 7.5724321282e+00 nan
1.6330968707e-04 1.2112030328e-04 7.4172641122e+00 nan
1.5945131189e-04 1.1958964324e-04 6.9055112355e+00 nan
1.5980021234e-04 1.2343337939e-04 7.2873297560e+00 nan
1.5212643333e-04 1.2024602667e-04 6.5843755972e+00 nan
1.4832605100e-04 1.1862038406e-04 6.6823447130e+00 nan
1.4797492277e-04 1.1484486473e-04 7.1529165047e+00 nan
1.4424072606e-04 1.1327304291e-04 7.5013654308e+00 nan
1.4087888995e-04 1.1539015136e-04 7.2302574780e+00 nan
1.4116987199e-04 1.1911576822e-04 6.6042816222e+00 nan
1.3723499564e-04 1.1379822940e-04 7.6418814711e+00 nan
1.3036575443e-04 1.1422973311e-04 7.8250809093e+00 nan
1.3010954337e-04 1.1068366416e-04 8.6168191884e+00 nan
1.2662384838e-04 1.0916588404e-04 9.1974895149e+00 nan
1.2343609129e-04 1.1109700574e-04 8.9554395668e+00 nan
1.1689865391e-04 1.1142294805e-04 9.8226718814e+00 nan
1.1352497558e-04 1.0986735479e-04 1.2293922761e+01 nan
1.1322372610e-04 1.0655936458e-04 1.4255327274e+01 nan
1.0975732874e-04 1.0505603167e-04 1.5823508244e+01 nan
1.0334799755e-04 1.0530561656e-04 1.6344363321e+01 nan
1.0300027195e-04 1.0218501953e-04 1.7330821477e+01 nan
1.0006421471e-04 1.0387846957e-04 1.7126154240e+01 nan
9.9705515585e-05 1.0082072250e-04 1.8128152678e+01 nan
9.3654482353e-05 1.0117418287e-04 1.8732189292e+01 nan
9.4002546846e-05 1.0414221725e-04 1.7725376324e+01 nan
9.0520784997e-05 9.9896702502e-05 1.9557349078e+01 nan
8.4786484160e-05 1.0029218171e-04 2.0220210023e+01 nan
8.1358525175e-05 9.6356069656e-05 2.2122360344e+01 nan
7.5896603576e-05 9.6893426580e-05 2.2856606028e+01 nan
7.2989306132e-05 9.5854885383e-05 2.3772481124e+01 nan
6.7771813405e-05 9.6467278256e-05 2.4606766136e+01 nan
5.8750662949e-05 9.1303062796e-05 2.8770537578e+01 nan
5.3816167879e-05 9.2143601405e-05 2.9797769074e+01 nan
5.1059091643e-05 9.1392292812e-05 3.0940056202e+01 nan
4.5569012778e-05 8.9991844452e-05 3.3369282867e+01 nan
4.4840842248e-05 8.7687724318e-05 3.4678334416e+01 nan
3.9334647454e-05 8.6467658619e-05 3.7384473947e+01 nan
3.1820718533e-05 8.7083506808e-05 4.1571378993e+01 nan
2.6229108638e-05 8.6158142659e-05 4.4885061495e+01 nan
2.3413528972e-05 8.5739839879e-05 4.6391255707e+01 nan
1.8643716354e-05 8.7103980159e-05 4.6714342982e+01 nan
1.2972755370e-05 8.6418631329e-05 4.8859814062e+01 nan
1.0122080430e-05 8.6110597466e-05 4.9791963442e+01 nan
4.3928876413e-06 8.5557700829e-05 5.1393824121e+01 nan
-5.3363527421e-06 8.2845674106e-05 5.5841935601e+01 nan
-8.2586352230e-06 8.2659417616e-05 5.6328715595e+01 nan
-1.4122496080e-05 8.2331140526e-05 5.7126454927e+01 nan
-1.7063111734e-05 8.2187231423e-05 5.7448538583e+01 nan
-2.2959708900e-05 8.1937077397e-05 5.7962583760e+01 nan
-2.5914816560e-05 8.1829143570e-05 5.8163874196e+01 nan
-3.1836837512e-05 8.1645514637e-05 5.8473295683e+01 nan
-3.4802958726e-05 8.1568302425e-05 5.8588878988e+01 nan
-4.0743730608e-05 8.1441699470e-05 5.8755165123e+01 nan
-4.5315580198e-05 8.3280016482e-05 5.6208535844e+01 nan
-4.9670970384e-05 8.1313696389e-05 5.8880206561e+01 nan
-5.4189966996e-05 8.3185512227e-05 5.6283867523e+01 nan
-5.8609672219e-05 8.1252036666e-05 5.8899298344e+01 nan
-6.3071872500e-05 8.3154396996e-05 5.6282698163e+01 nan
-6.7551299151e-05 8.1249412455e-05 5.8845872320e+01 nan
-7.1952605667e-05 8.3180269398e-05 5.6227494178e+01 nan
-7.6487416014e-05 8.1300390916e-05 5.8739335932e+01 nan
-8.2437897985e-05 8.1362078354e-05 5.8643459214e+01 nan
-8.5410134912e-05 8.1401282697e-05 5.8587805142e+01 nan
-9.1346680477e-05 8.1495007087e-05 5.8461897675e+01 nan
-9.4310512290e-05 8.1550045709e-05 5.8390341528e+01 nan
-1.0022774353e-04 8.1675432302e-05 5.8229481034e+01 nan
-1.0318049662e-04 8.1745887193e-05 5.8139110416e+01 nan
-1.7657896057e-05 8.6035944179e-05 5.2413813475e+01 nan
-1.0907264019e-04 8.1902622982e-05 5.7935505586e+01 nan
-1.1201135609e-04 8.1989111387e-05 5.7820844998e+01 nan
2.7887417982e-05 9.0506791195e-05 4.0749911267e+01 nan
-1.1787242710e-04 8.2178573318e-05 5.7562382999e+01 nan
-1.2079409207e-04 8.2281795127e-05 5.7416927701e+01 nan
5.9946590363e-05 9.6216113427e-05 2.6573983141e+01 nan
-1.2661805715e-04 8.2505318269e-05 5.7089918364e+01 nan
8.2188372263e-05 1.0188337930e-04 2.0059155664e+01 nan
-1.3141464010e-04 8.0749695656e-05 5.9244050458e+01 nan
-1.3529987826e-04 8.2887944758e-05 5.6492167307e+01 nan
-1.4011453965e-04 8.1151510656e-05 5.8554334096e+01 nan
-9.9730596315e-05 8.5532285182e-05 5.3337304975e+01 nan
-1.4587101753e-04 8.1453599090e-05 5.8004829434e+01 nan
-1.4873449614e-04 8.1615834528e-05 5.7699494288e+01 nan
-1.4986206299e-04 7.7721983594e-05 6.2691129767e+01 nan
-1.5275151160e-04 7.7883137647e-05 6.2355586928e+01 nan
1.0698796775e-04 1.1000876529e-04 1.4654398135e+01 nan
-1.5849686679e-04 7.8229470089e-05 6.1613656552e+01 nan
5.2746539074e-06 8.1705401119e-05 5.5765505578e+01 nan
-1.2291918815e-04 8.6284696208e-05 5.2525943535e+01 nan
-1.6628592120e-04 7.6752397869e-05 6.3117863401e+01 nan
-1.7195533109e-04 7.7169070941e-05 6.2120745634e+01 nan
-1.7053995955e-04 7.3058361365e-05 6.8003321584e+01 nan
-1.7756884363e-04 7.7626602370e-05 6.0992729346e+01 nan
1.3414250985e-04 1.1949837639e-04 6.6168006853e+00 nan
-1.8035347007e-04 7.7871894171e-05 6.0375652181e+01 nan
-1.8411144043e-04 7.2090659503e-05 6.8190488162e+01 nan
-1.8971803788e-04 7.2593049743e-05 6.6780516887e+01 nan
-1.9525395533e-04 7.3147087246e-05 6.5194877781e+01 nan
-2.0213309236e-04 6.7668176104e-05 7.2724062574e+01 nan
-2.0763253474e-04 6.8284113578e-05 7.0763459060e+01 nan
-2.1271634749e-04 6.6805594659e-05 7.2259532142e+01 nan
-2.1808913209e-04 6.7528948904e-05 6.9870746957e+01 nan
-2.2024520264e-04 6.3557646006e-05 7.6372036551e+01 nan
-2.2558120879e-04 6.4330987173e-05 7.3679814011e+01 nan
1.0939871028e-04 1.0184999967e-04 1.6743685919e+01 nan
-2.3067600387e-04 6.2970099173e-05 7.4826199059e+01 nan
2.2706956032e-04 1.1562320077e-04 1.2798083745e+01 nan
2.3055462585e-04 1.1286867959e-04 1.2834743624e+01 nan
3.6145078722e-05 9.2050819416e-05 3.6547491803e+01 nan
9.1212696411e-05 1.0574314536e-04 1.7541526207e+01 nan
1.1708074830e-04 1.1481397502e-04 8.6090959608e+00 nan
1.1864196236e-04 6.2249303323e-05 3.7170785197e+01 nan
7.3750252237e-05 5.4008061274e-05 6.0224752440e+01 nan
1.4494067267e-04 6.8268176435e-05 2.5928594739e+01 nan
3.6038276616e-05 4.9892740492e-05 8.9184149714e+01 nan
1.3668788027e-05 4.8529905154e-05 1.0311116060e+02 nan
1.3957026790e-05 8.2553356402e-05 5.2737390730e+01 nan
-6.8431457854e-05 4.5294961079e-05 1.1893683947e+02 nan
3.0578479940e-04 7.3781420342e-05 1.7229802812e+01 nan
3.0239181534e-04 7.6915081361e-05 1.6877356519e+01 nan
-1.8158845634e-04 8.2118626440e-05 5.4689860349e+01 nan
-2.3584518659e-04 6.3891103834e-05 7.1579228531e+01 nan
1.7520416932e-04 1.2928843266e-04 1.0143722416e+01 nan
2.3452030478e-04 1.1388282701e-04 1.3137065098e+01 nan
-2.4086454937e-04 5.8138358936e-05 8.1166509105e+01 nan
-2.4343072866e-04 5.8631027207e-05 7.9274469760e+01 nan
1.4759572750e-04 1.1111814985e-04 7.7477597073e+00 nan
-2.4855132037e-04 5.7426837989e-05 7.9834698973e+01 nan
2.3499579332e-04 1.1767080041e-04 1.3376570546e+01 nan
2.3848514482e-04 1.1488083606e-04 1.3409368335e+01 nan
3.0630829784e-04 7.7620773000e-05 1.7093464643e+01 nan
3.0291495677e-04 8.0751357376e-05 1.6753262132e+01 nan
3.1973815468e-04 3.8816913733e-05 1.9714619704e+01 nan
3.1570493991e-04 3.8357683723e-05 1.9182370016e+01 nan
-2.5349984904e-04 5.8588158830e-05 7.5403014681e+01 nan
1.7304654564e-04 8.5379842866e-05 1.0694164677e+01 nan
2.3895866618e-04 1.1867050218e-04 1.3617567094e+01 nan
2.4244874410e-04 1.1586379004e-04 1.3651150695e+01 nan
-2.5630754946e-04 5.4591488665e-05 8.2587171935e+01 nan
-2.5852095805e-04 5.7540172848e-05 7.5327264077e+01 nan
2.4890129157e-04 8.0964266089e-05 1.2883149952e+01 nan
2.6031369471e-04 5.8361090818e-05 1.3674066009e+01 nan
2.5621448177e-04 5.7561474579e-05 1.3351700054e+01 nan
2.5955799245e-04 5.4687110202e-05 1.3634307833e+01 nan
2.5464880409e-04 5.0235257939e-05 1.3293861952e+01 nan
2.5797348814e-04 4.7376121720e-05 1.3582926549e+01 nan
2.5714423381e-04 4.3738264725e-05 1.3500218012e+01 nan
2.5298701706e-04 4.2949673262e-05 1.3082197329e+01 nan
2.5628840231e-04 4.0111052222e-05 1.4412393310e+01 nan
2.5216485730e-04 3.9417927236e-05 2.0536564787e+01 nan
2.6045726226e-04 4.0871517758e-05 1.3567803174e+01 nan
2.4810396198e-04 3.8846201277e-05 2.9152791176e+01 nan
2.4408940043e-04 3.8373366978e-05 3.6935453735e+01 nan
2.4070942571e-04 4.0950957903e-05 3.1623996810e+01 nan
2.3670755057e-04 4.0465586384e-05 3.7599297824e+01 nan
2.2871884791e-04 3.9523503349e-05 3.7793538939e+01 nan
2.2472117872e-04 3.9025894972e-05 3.7687594514e+01 nan
2.2073041074e-04 3.8516182430e-05 3.7886289824e+01 nan
2.2008402329e-04 3.5587536229e-05 3.9043610025e+01 nan
2.1610182715e-04 3.5083923472e-05 3.9609861300e+01 nan
2.1213064962e-04 3.4577336669e-05 4.0371054125e+01 nan
2.0816987645e-04 3.4068564832e-05 4.1301617815e+01 nan
2.0421925765e-04 3.3559705115e-05 4.2342053699e+01 nan
1.9698669444e-04 3.5353197309e-05 4.2260776360e+01 nan
1.9306111443e-04 3.4825330198e-05 4.3481294610e+01 nan
1.8914274292e-04 3.4301201438e-05 4.4835155127e+01 nan
1.8849909760e-04 3.1547770807e-05 4.7814569488e+01 nan
1.8522938949e-04 3.3781883079e-05 4.6307843263e+01 nan
1.8458431088e-04 3.1056775187e-05 4.9537407352e+01 nan
1.8067323308e-04 3.0572449775e-05 5.1389894442e+01 nan
1.7676427433e-04 3.0095659364e-05 5.3373068154e+01 nan
1.7285629782e-04 2.9626878758e-05 5.5500202089e+01 nan
1.6570765823e-04 3.1288429134e-05 5.5807588769e+01 nan
1.6180260730e-04 3.0817248971e-05 5.8165630182e+01 nan
1.5789508375e-04 3.0357334134e-05 6.0680978991e+01 nan
1.5398427185e-04 2.9909594674e-05 6.3365014428e+01 nan
1.5006949368e-04 2.9474842863e-05 6.6217768104e+01 nan
1.4544763873e-04 2.6654780084e-05 7.5145681780e+01 nan
1.4151794017e-04 2.6285571325e-05 7.8920432427e+01 nan
1.3373523026e-04 2.5598791351e-05 8.6598082000e+01 nan
1.2988884919e-04 2.5282636309e-05 9.0867083445e+01 nan
1.2607127768e-04 2.4985282500e-05 9.5371858349e+01 nan
1.2228187173e-04 2.4706951108e-05 1.0010285225e+02 nan
1.1852002559e-04 2.4447642111e-05 1.0502907601e+02 nan
1.1175302546e-04 2.6045030222e-05 1.0488196468e+02 nan
1.0807234635e-04 2.5804944669e-05 1.0976669352e+02 nan
1.0441801832e-04 2.5583579851e-05 1.1473668521e+02 nan
1.0078941904e-04 2.5380230461e-05 1.1972398260e+02 nan
9.0050975186e-05 2.4870911687e-05 1.3411948971e+02 nan
8.6517534415e-05 2.4731855728e-05 1.3852240676e+02 nan
5.7738017252e-05 2.2252357989e-05 1.5915069916e+02 nan
5.4182292390e-05 2.2179375884e-05 1.5961736543e+02 nan
3.9831235738e-05 2.1900451457e-05 1.6229983586e+02 nan
3.6214166628e-05 2.1835180731e-05 1.6308883553e+02 nan
2.1646343533e-05 2.1597013834e-05 1.6629379456e+02 nan
1.7982236014e-05 2.1544600251e-05 1.6705207753e+02 nan
1.4310731079e-05 2.1494558353e-05 1.6777918228e+02 nan
3.2556498407e-06 2.1361130154e-05 1.6972097633e+02 nan
-4.4122901670e-07 2.1322239171e-05 1.7027913512e+02 nan
-4.1428636547e-06 2.1285472062e-05 1.7079236510e+02 nan
-7.8491729797e-06 2.1252504838e-05 1.7125633904e+02 nan
-1.8991082642e-05 2.1167483502e-05 1.7238543584e+02 nan
-2.2711313782e-05 2.1144044420e-05 1.7267899718e+02 nan
-2.6434087129e-05 2.1122760725e-05 1.7293550584e+02 nan
-3.0159170583e-05 2.1103669955e-05 1.7315741717e+02 nan
-3.7614328534e-05 2.1071191982e-05 1.7351027982e+02 nan
-4.1344080731e-05 2.1057970060e-05 1.7364635267e+02 nan
-4.5074792935e-05 2.1046371124e-05 1.7376016870e+02 nan
-4.8804672535e-05 2.1035995326e-05 1.7385545153e+02 nan
-5.4403000289e-05 2.2581728334e-05 1.7010140089e+02 nan
-6.0001172173e-05 2.1015573357e-05 1.7404828064e+02 nan
-6.3734610399e-05 2.1011097288e-05 1.7409294465e+02 nan
-6.7466893338e-05 2.1007969640e-05 1.7413123530e+02 nan
-7.1198442664e-05 2.1006007978e-05 1.7416577118e+02 nan
-7.6691491071e-05 2.2559159898e-05 1.7034315949e+02 nan
-8.2388375525e-05 2.1006478005e-05 1.7426827505e+02 nan
-8.6116310519e-05 2.1008553654e-05 1.7430856171e+02 nan
-8.9842983059e-05 2.1011536222e-05 1.7435473543e+02 nan
-9.3568242730e-05 2.1015354832e-05 1.7440842443e+02 nan
-1.0101394866e-04 2.1025449964e-05 1.7454371331e+02 nan
-1.0473412497e-04 2.1031676743e-05 1.7462780343e+02 nan
-1.0845232417e-04 2.1038643241e-05 1.7472439790e+02 nan
-1.1216839318e-04 2.1046374202e-05 1.7483436626e+02 nan
-1.1739839505e-04 2.2621468526e-05 1.7101097249e+02 nan
-1.2330242765e-04 2.1073961088e-05 1.7525321211e+02 nan
-1.2700851752e-04 2.1084659080e-05 1.7542466378e+02 nan
-1.3071172055e-04 2.1096101760e-05 1.7561301221e+02 nan
-1.3441186068e-04 2.1108344806e-05 1.7581853632e+02 nan
-1.4549196520e-04 2.1150004695e-05 1.7654114683e+02 nan
-1.4917787664e-04 2.1165695769e-05 1.7681755397e+02 nan
-1.5285840689e-04 2.1182497911e-05 1.7711112185e+02 nan
1.2744399759e-04 2.9468401258e-05 7.9800080282e+01 nan
1.8197243016e-04 3.6012029527e-05 4.4891153287e+01 nan
5.2676293176e-05 2.5525971597e-05 1.4930370039e+02 nan
7.3361202092e-05 2.6089809074e-05 1.4432935465e+02 nan
9.4305727175e-05 2.6970302100e-05 1.1894144497e+02 nan
-1.6387745325e-04 2.1236820358e-05 1.7810152987e+02 nan
-1.6754123288e-04 2.1257698512e-05 1.7846284812e+02 nan
-1.7119854181e-04 2.1280580811e-05 1.7883672269e+02 nan
-1.7484823890e-04 2.1304222793e-05 1.7922550775e+02 nan
2.3545585650e-04 3.4563813702e-05 3.9083279962e+01 nan
2.0752431851e-04 3.1229223648e-05 4.3493533344e+01 nan
1.5260523444e-04 2.5027044832e-05 7.4539323601e+01 nan
7.8004196357e-05 2.0950873915e-05 1.6485937204e+02 nan
6.3867785128e-05 2.0689032550e-05 1.6418904826e+02 nan
4.9511388091e-05 2.0429158570e-05 1.6552964901e+02 nan
-1.5898426283e-04 1.9637084143e-05 1.8195039845e+02 nan
-1.8209701978e-04 2.1357441416e-05 1.8002854765e+02 nan
-1.8573337613e-04 2.1390698652e-05 1.8043361923e+02 nan
-1.8937140652e-04 2.1416599299e-05 1.8087172529e+02 nan
-1.9300158089e-04 2.1452647335e-05 1.8128773326e+02 nan
-1.9930279451e-04 1.9904080269e-05 1.8692990403e+02 nan
1.7027580144e-04 3.4424591773e-05 4.9904333597e+01 nan
1.4294026914e-04 3.1067574207e-05 6.7012226130e+01 nan
6.3091320963e-05 2.5801135914e-05 1.4750387665e+02 nan
2.7862454242e-05 2.4956716672e-05 1.5573192528e+02 nan
1.6828390357e-04 2.6618267898e-05 6.2448287872e+01 nan
1.9570177078e-04 2.9782899338e-05 4.7767903497e+01 nan
2.4748181114e-04 3.5809805491e-05 4.0452292123e+01 nan
-2.0378753762e-04 2.1571023371e-05 1.8250355106e+02 nan
2.0945816415e-04 3.9856140126e-05 3.7894749490e+01 nan
2.6293212993e-04 3.4461792157e-05 2.1807234575e+01 nan
2.6706449683e-04 3.5087459585e-05 1.5018032985e+01 nan
-2.0736235825e-04 2.1616807204e-05 1.8287482666e+02 nan
-2.1092414479e-04 2.1666719201e-05 1.8321474629e+02 nan
-2.1730669568e-04 2.0117477477e-05 1.8916411069e+02 nan
-2.3142519141e-04 2.0380038340e-05 1.8997965804e+02 nan
-2.3493040724e-04 2.0458131905e-05 1.8993217503e+02 nan
-2.3840003459e-04 2.0550459249e-05 1.8970640971e+02 nan
-1.5893482240e-04 2.4398433304e-05 1.6903498189e+02 nan
-2.1577809195e-04 1.6851213879e-05 1.9970480231e+02 nan
2.6627790079e-04 3.1672347967e-05 2.7596879094e+01 nan
2.7037590017e-04 3.2192203165e-05 1.8159252758e+01 nan
-2.2668267314e-04 1.6986458785e-05 2.0142868138e+02 nan
3.1905893792e-04 3.5104544489e-05 1.9640441227e+01 nan
3.1500359017e-04 3.4663041323e-05 1.9098255550e+01 nan
2.4989044569e-04 1.1399313674e-04 1.3918026405e+01 nan
2.4939866409e-04 1.1019991089e-04 1.3777946403e+01 nan
2.5336063189e-04 1.1113644455e-04 1.3993432111e+01 nan
-2.4525392053e-04 2.0766818719e-05 1.8865869899e+02 nan
-2.4800038839e-04 1.7410113478e-05 2.0214849396e+02 nan
-2.6142369478e-04 5.3547550460e-05 8.2434534950e+01 nan
3.0681772118e-04 8.1475353039e-05 1.6932258337e+01 nan
3.0002676588e-04 8.7706606838e-05 1.6304590424e+01 nan
2.9662403135e-04 9.0790626904e-05 1.6026985356e+01 nan
2.9270916171e-04 9.0014811221e-05 1.5877565321e+01 nan
2.8929769169e-04 9.3062114410e-05 1.5630455400e+01 nan
2.8980291844e-04 9.6898396691e-05 1.5538994852e+01 nan
3.1020646294e-04 7.8326568025e-05 1.7285110478e+01 nan
2.8588097728e-04 9.6090109879e-05 1.5404457608e+01 nan
2.8638402967e-04 9.9923258133e-05 1.5327058873e+01 nan
-2.6616887344e-04 5.4942558593e-05 7.7034990144e+01 nan
2.7784861898e-04 2.9874259034e-05 1.5872454736e+01 nan
-2.6152308401e-04 1.6142647023e-05 2.0605767156e+02 nan
-2.6824918886e-04 1.6462700655e-05 2.0181181146e+02 nan
-2.7153717795e-04 1.6658846401e-05 1.9883578183e+02 nan
-6.3283452089e-05 5.0416957815e-05 1.0891197554e+02 nan
-2.3491144778e-04 4.0564719109e-05 1.2461457766e+02 nan
8.7004854449e-05 9.5835694417e-05 2.1435786236e+01 nan
2.5286002249e-04 1.0734294453e-04 1.3870271634e+01 nan
-1.8010497469e-04 8.6142364116e-05 4.9959266292e+01 nan
2.5384905560e-04 1.1493399280e-04 1.4101668708e+01 nan
2.8203373462e-04 3.0488862613e-05 1.5512831438e+01 nan
-2.2147983994e-04 2.1841305391e-05 1.8394971390e+02 nan
-2.7476806136e-04 1.6883713262e-05 1.9522576268e+02 nan
-2.7115150446e-04 5.4109616050e-05 7.6111110210e+01 nan
3.2240659093e-04 3.1822459436e-05 2.0114349895e+01 nan
3.1070246647e-04 8.2200981381e-05 1.7084255352e+01 nan
2.7704425204e-04 2.6462679134e-05 2.8092019182e+01 nan
-1.7739643948e-04 8.5863639121e-05 5.0588031216e+01 nan
2.5780363896e-04 1.1586404742e-04 1.4255615339e+01 nan
1.7037112644e-04 9.1418794783e-05 9.7835215796e+00 nan
2.8288523129e-04 3.4091999915e-05 1.5877512221e+01 nan
2.8620423866e-04 3.1075509990e-05 1.6296712902e+01 nan
-2.7609437580e-04 5.3390784690e-05 7.4758961077e+01 nan
-2.7936151987e-04 4.9474036044e-05 8.0510647819e+01 nan
-2.8103431879e-04 1.7435559476e-05 1.8594418510e+02 nan
-2.8441308196e-04 1.5785465163e-05 1.9294234138e+02 nan
2.4952717247e-04 8.4708251751e-05 1.3011170578e+01 nan
2.7956295611e-04 3.7088508396e-05 1.5453363035e+01 nan
-1.8547843375e-04 8.6737884422e-05 4.8590548175e+01 nan
2.9036171613e-04 3.1642130729e-05 1.6513218539e+01 nan
2.9368261393e-04 2.8575957181e-05 1.6952691141e+01 nan
3.1456830355e-04 8.2930391677e-05 1.7206954144e+01 nan
2.6127144806e-04 1.1297627362e-04 1.4338532134e+01 nan
2.5827942362e-04 1.1966987350e-04 1.4311496562e+01 nan
2.9029813756e-04 1.0074410534e-04 1.5427381760e+01 nan
-2.9059219049e-04 1.6455042777e-05 1.8428729116e+02 nan
-2.8099168803e-04 5.2804427648e-05 7.2959291819e+01 nan
-2.8435697183e-04 4.8933457556e-05 7.7841627257e+01 nan
3.2574637053e-04 2.8509253179e-05 2.0599787495e+01 nan
3.2978793182e-04 2.8860028128e-05 2.1264532840e+01 nan
-1.9079137873e-04 8.7387732604e-05 4.7065361854e+01 nan
2.9283053985e-04 2.4981398844e-05 1.6687749056e+01 nan
2.9700052163e-04 2.5487611060e-05 1.7428301717e+01 nan
2.8536661426e-04 9.2266433252e-05 1.5462715025e+01 nan
2.8194729802e-04 9.5277828494e-05 1.5243416738e+01 nan
2.4210988121e-04 8.6623179293e-05 1.2471454344e+01 nan
1.6647366720e-04 9.0158790979e-05 1.0302437910e+01 nan
1.6318790217e-04 9.2508810911e-05 1.0118051824e+01 nan
-1.6766226396e-04 7.2865535655e-05 6.8489518102e+01 nan
-1.6832616515e-04 6.7025350139e-05 7.7328897233e+01 nan
-1.7276061797e-04 6.3406734500e-05 8.2985467248e+01 nan
-1.7126276895e-04 5.9509453446e-05 8.9863495264e+01 nan
-1.7127838862e-04 9.1527658181e-05 4.4848052903e+01 nan
2.4271395199e-04 9.0377049840e-05 1.2631313148e+01 nan
1.6375386106e-04 9.6144826029e-05 9.4417341930e+00 nan
-2.9365680486e-04 1.6842454488e-05 1.7823068633e+02 nan
-2.9739428463e-04 1.5110444502e-05 1.8602516505e+02 nan
-3.0363652545e-04 1.5970599305e-05 1.6976437169e+02 nan
-2.8930582712e-04 4.8564750074e-05 7.4577645113e+01 nan
3.2178075448e-04 8.0469182712e-05 1.7686671348e+01 nan
-2.9420891625e-04 4.8395471471e-05 7.1118141300e+01 nan
-1.9342433380e-04 8.7734393623e-05 4.6241124279e+01 nan
2.6289890810e-04 5.1796756926e-05 1.3925861942e+01 nan
3.2131403161e-04 7.6541622784e-05 1.7993510109e+01 nan
3.2514181524e-04 7.7247317680e-05 1.8108227218e+01 nan
3.2467931281e-04 7.3309653570e-05 1.8436762048e+01 nan
3.2849717742e-04 7.3999662630e-05 1.8565430414e+01 nan
3.3139479223e-04 6.6764122125e-05 1.9438053393e+01 nan
3.3519072386e-04 6.7421611527e-05 1.9599813152e+01 nan
3.3474504148e-04 6.3447905113e-05 2.0003084252e+01 nan
3.3852862005e-04 6.4088293523e-05 2.0184467570e+01 nan
3.3808988650e-04 6.0100188607e-05 2.0616240967e+01 nan
3.4518532553e-04 5.7324336053e-05 2.1510367376e+01 nan
3.4476279632e-04 5.3302996086e-05 2.2003844205e+01 nan
3.4850324096e-04 5.3890061154e-05 2.2261510237e+01 nan
3.4808987653e-04 4.9848983236e-05 2.2787003081e+01 nan
3.5181363936e-04 5.0417885453e-05 2.3078937617e+01 nan
3.5140958737e-04 4.6354206236e-05 2.3635484188e+01 nan
3.4766143442e-04 4.5836953769e-05 2.3244174788e+01 nan
3.5430996986e-04 3.8764806463e-05 2.5029040696e+01 nan
3.5387005673e-04 3.4752659019e-05 2.5366941098e+01 nan
3.5762494960e-04 3.5159879690e-05 2.6007498102e+01 nan
3.5718786930e-04 3.1128309380e-05 2.6286596245e+01 nan
3.5339550109e-04 3.0782626784e-05 2.5541689085e+01 nan
3.6093196495e-04 3.1505708553e-05 2.7037179977e+01 nan
-1.5466183423e-04 6.2554371392e-05 8.5319830193e+01 nan
-1.4947691703e-04 6.4231143533e-05 8.2714600420e+01 nan
-1.4545320799e-04 6.2219247979e-05 8.6181244056e+01 nan
-1.4028639456e-04 6.3906954824e-05 8.3515842872e+01 nan
-1.3615821016e-04 6.1928675771e-05 8.6905126997e+01 nan
-1.3101679144e-04 6.3628231723e-05 8.4190138826e+01 nan
-1.2791056327e-04 6.3545004693e-05 8.4391316800e+01 nan
-1.2167646642e-04 6.3391631373e-05 8.4765070956e+01 nan
-1.1854932506e-04 6.3321466663e-05 8.4938848292e+01 nan
-1.1227685038e-04 6.3193184289e-05 8.5264563006e+01 nan
-1.0913225121e-04 6.3134689778e-05 8.5417928207e+01 nan
-1.0282794314e-04 6.3029963585e-05 8.5705682786e+01 nan
-9.9668954720e-05 6.2983468738e-05 8.5840896194e+01 nan
-9.4704797281e-05 6.4732289863e-05 8.3058565241e+01 nan
-9.0168621743e-05 6.2867104824e-05 8.6213065342e+01 nan
-8.6994900834e-05 6.2838622818e-05 8.6321276148e+01 nan
-8.0639838368e-05 6.2788762448e-05 8.6525986653e+01 nan
-7.7458880630e-05 6.2770074183e-05 8.6617062987e+01 nan
-7.1091784266e-05 6.2744672888e-05 8.6773978866e+01 nan
-6.7906257526e-05 6.2739002345e-05 8.6836293198e+01 nan
-6.3120138602e-05 6.4538065626e-05 8.3934117450e+01 nan
-5.8345846064e-05 6.2749763331e-05 8.6944860740e+01 nan
-5.5158902142e-05 6.2763576780e-05 8.6948287214e+01 nan
-4.8786947231e-05 6.2807343064e-05 8.6893446649e+01 nan
-4.5602695921e-05 6.2838291955e-05 8.6829004616e+01 nan
-3.9239613077e-05 6.2919184191e-05 8.6611223633e+01 nan
-3.6061655256e-05 6.2970328609e-05 8.6449796395e+01 nan
-3.2886494620e-05 6.3027176486e-05 8.6251021590e+01 nan
-2.6547407114e-05 6.3168964050e-05 8.5707706188e+01 nan
-2.3383991078e-05 6.3250456584e-05 8.5359927879e+01 nan
-1.7073300034e-05 6.3445751031e-05 8.4469356018e+01 nan
-1.3926560970e-05 6.3556236323e-05 8.3920620150e+01 nan
-4.5307957478e-06 6.3959031807e-05 8.1752762267e+01 nan
1.8026841020e-05 6.7372166393e-05 6.9223461107e+01 nan
2.4007581920e-05 6.7960019337e-05 6.5042731285e+01 nan
2.6969876892e-05 6.8284911387e-05 6.2630999702e+01 nan
3.1965951414e-05 6.6904530615e-05 6.0674371329e+01 nan
3.4885589230e-05 6.7274523830e-05 5.7420020688e+01 nan
4.0712094359e-05 6.8079594721e-05 5.3939840062e+01 nan
5.0306785272e-05 7.1725073208e-05 4.6247791550e+01 nan
5.3262418561e-05 7.2270058107e-05 4.4712001209e+01 nan
5.9218803773e-05 7.3443675226e-05 4.1720291206e+01 nan
6.4548953791e-05 7.2327532991e-05 4.1289382402e+01 nan
6.7607233306e-05 7.2982833654e-05 3.9798009006e+01 nan
7.7549170971e-05 7.7695183379e-05 3.3233247107e+01 nan
8.0697730391e-05 7.8517088591e-05 3.1901118134e+01 nan
8.6470029072e-05 7.7589393443e-05 3.1416659210e+01 nan
8.9718383263e-05 7.8471900323e-05 3.0094374666e+01 nan
-5.2883955104e-06 6.7623684302e-05 7.6389255780e+01 nan
3.9092272830e-06 6.8164617112e-05 7.3517127981e+01 nan
1.3007095857e-05 6.8845986621e-05 6.9491733265e+01 nan
3.9428908813e-05 7.1979064293e-05 4.9738582172e+01 nan
9.0310110015e-05 8.1196905510e-05 2.8080334974e+01 nan
6.8946397799e-05 7.7896985955e-05 3.5081395703e+01 nan
9.3582826204e-05 8.2162055430e-05 2.6872105679e+01 nan
2.5132117570e-04 5.3078937070e-05 1.3031836682e+01 nan
9.9679403696e-05 8.1335233154e-05 2.6386659013e+01 nan
1.0308049159e-04 8.2359814574e-05 2.5208564852e+01 nan
1.0364077252e-04 8.5278703857e-05 2.3452463063e+01 nan
1.0708177597e-04 8.6390660661e-05 2.2405284849e+01 nan
1.1355731246e-04 8.5645626295e-05 2.1934590818e+01 nan
1.1714811051e-04 8.6811011242e-05 2.0913039382e+01 nan
1.1770215146e-04 8.9951274883e-05 1.9707576511e+01 nan
1.2079134025e-04 8.8008337781e-05 1.9453231719e+01 nan
2.9117654333e-04 3.5262790885e-05 1.6571543890e+01 nan
3.6049819313e-04 2.7455097501e-05 2.7210670876e+01 nan
2.6222773549e-04 1.2059640266e-04 1.4400697665e+01 nan
2.6569853490e-04 1.1769711266e-04 1.4474611175e+01 nan
2.5874710902e-04 1.2347854550e-04 1.4346102121e+01 nan
2.9078470856e-04 1.0459831322e-04 1.5295198331e+01 nan
-1.1297076867e-04 5.9582797820e-05 9.1360416898e+01 nan
2.8142371232e-04 9.1465590164e-05 1.5270080372e+01 nan
-1.6857816443e-04 9.1263995331e-05 4.5367148056e+01 nan
-1.8561856300e-04 5.8369228150e-05 9.0988562380e+01 nan
-1.8859598003e-04 5.8552354924e-05 9.0394714587e+01 nan
-1.9449618902e-04 5.8950132481e-05 8.9073925566e+01 nan
-1.9983594759e-04 5.7379195624e-05 9.1462398392e+01 nan
-2.0476423878e-04 5.3823808085e-05 9.7987436789e+01 nan
-2.0770011587e-04 5.4048965555e-05 9.7141696427e+01 nan
1.2132405268e-04 9.1200269224e-05 1.7701427801e+01 nan
-3.0673452212e-04 1.6473931724e-05 1.6096994016e+02 nan
3.2907591159e-04 2.5162291618e-05 2.1089173928e+01 nan
3.2501179497e-04 2.4831508123e-05 2.0421952201e+01 nan
3.3311904609e-04 2.5471472667e-05 2.1795881673e+01 nan
3.3380586380e-04 2.9193587553e-05 2.1955464860e+01 nan
3.3713763261e-04 2.5762023172e-05 2.2523504657e+01 nan
2.9614296780e-04 2.1896819598e-05 1.6923864090e+01 nan
-1.9816208407e-04 8.6232993729e-05 4.7182959319e+01 nan
-2.0247438109e-04 8.2523746563e-05 5.0963121687e+01 nan
3.1504183857e-04 8.6840014182e-05 1.6939780385e+01 nan
1.7763262787e-04 9.0264794998e-05 9.5108699590e+00 nan
2.9195093733e-04 2.1415855406e-05 1.9712734149e+01 nan
-2.0727705464e-04 8.1067657850e-05 5.1873795645e+01 nan
-1.6730721063e-04 9.5335027174e-05 4.1281302291e+01 nan
-1.5844373699e-04 9.2441877492e-05 4.4839970586e+01 nan
-1.5728732657e-04 9.6500222466e-05 4.0825456598e+01 nan
-1.5457832459e-04 9.6271209949e-05 4.1187436660e+01 nan
-1.4913112005e-04 9.5841707553e-05 4.1833658597e+01 nan
-1.4364724054e-04 9.5448152982e-05 4.2382604090e+01 nan
-1.4089232860e-04 9.5264136779e-05 4.2622993152e+01 nan
-1.3076008386e-04 9.6692705442e-05 4.1299145445e+01 nan
-1.2991980705e-04 1.0073950766e-04 3.7481580798e+01 nan
-1.2717615283e-04 1.0058234470e-04 3.7598075447e+01 nan
-1.2167033959e-04 1.0029044199e-04 3.7776369064e+01 nan
-1.1337045519e-04 9.9905992282e-05 3.7919909193e+01 nan
-1.0890398927e-04 1.0175753323e-04 3.6024097602e+01 nan
-1.0336593354e-04 1.0155198454e-04 3.5974915172e+01 nan
-9.9447875050e-05 9.9399632010e-05 3.7884058459e+01 nan
-9.5033449737e-05 1.0129285599e-04 3.5812819761e+01 nan
-8.9465044255e-05 1.0115240309e-04 3.5655251480e+01 nan
-8.6677667583e-05 1.0109181730e-04 3.5563989285e+01 nan
-8.1098114893e-05 1.0099003733e-04 3.5360325653e+01 nan
-7.5514006515e-05 1.0091541308e-04 3.5132377963e+01 nan
-7.2721018442e-05 1.0088705556e-04 3.5012566181e+01 nan
-6.7134455898e-05 1.0085232081e-04 3.4760765871e+01 nan
-6.4341493056e-05 1.0084505652e-04 3.4631268807e+01 nan
-5.8757602995e-05 1.0085206255e-04 3.4367231262e+01 nan
-5.3178293598e-05 1.0088904347e-04 3.4099559266e+01 nan
-5.0391056381e-05 1.0091931009e-04 3.3965275244e+01 nan
-4.4822802985e-05 1.0100464489e-04 3.3696961019e+01 nan
-4.2042345182e-05 1.0106028088e-04 3.3563084724e+01 nan
-3.6490131380e-05 1.0119912429e-04 3.3295330207e+01 nan
-3.0951328757e-05 1.0137719796e-04 3.3025200168e+01 nan
-2.2672994119e-05 1.0172541983e-04 3.2603083861e+01 nan
-1.3375535375e-05 1.0430117390e-04 2.9549619747e+01 nan
-7.9568165633e-06 1.0469144355e-04 2.9188392295e+01 nan
-5.2566488742e-06 1.0490982237e-04 2.8988169934e+01 nan
1.2396693788e-07 1.0539710037e-04 2.8531210578e+01 nan
5.4764990979e-06 1.0595770845e-04 2.7971030764e+01 nan
8.1415399837e-06 1.0626789852e-04 2.7641110168e+01 nan
1.2619973494e-05 1.0474450879e-04 2.9313496715e+01 nan
1.7940965621e-05 1.0550196417e-04 2.8327053015e+01 nan
2.3226109938e-05 1.0636027068e-04 2.7193793655e+01 nan
2.6554844976e-05 1.0909633522e-04 2.4278462414e+01 nan
3.1727947002e-05 1.1014852470e-04 2.3136795374e+01 nan
3.6266403863e-05 1.0901719058e-04 2.4076250157e+01 nan
4.1409960168e-05 1.1031445948e-04 2.2807254429e+01 nan
-3.1309423619e-05 1.0543887945e-04 2.8108185190e+01 nan
4.9482211872e-05 1.1493324070e-04 1.8962103434e+01 nan
-3.9511196611e-05 1.0518150146e-04 2.8625586479e+01 nan
5.4061967480e-05 1.1429727817e-04 1.9769858291e+01 nan
-5.0492230793e-05 1.0497014251e-04 2.9351117274e+01 nan
1.6871347127e-05 1.0956794252e-04 2.3972230826e+01 nan
5.9329872152e-05 1.1867807286e-04 1.6749379998e+01 nan
6.3898516593e-05 1.1846206983e-04 1.9247504778e+01 nan
4.8569724444e-05 1.1020520126e-04 2.2781362367e+01 nan
-7.8062077886e-05 1.0499751358e-04 3.1150301025e+01 nan
6.8473167370e-05 1.1843274080e-04 1.8845592899e+01 nan
3.9936476421e-05 1.1430812679e-04 1.9426603648e+01 nan
7.3409593808e-05 1.2377434183e-04 1.3708354920e+01 nan
5.8671479324e-05 1.1383205752e-04 2.0972812607e+01 nan
7.8304634584e-05 1.2416395237e-04 1.3329628438e+01 nan
8.0895608536e-05 1.2298276477e-04 1.3459359417e+01 nan
8.5973107590e-05 1.2945397961e-04 1.0455614891e+01 nan
8.8899664076e-05 1.2830777218e-04 1.0764176958e+01 nan
9.4800356681e-05 1.2905023907e-04 1.0046083765e+01 nan
9.4584394407e-05 1.3236023892e-04 9.1888050007e+00 nan
1.0081748044e-04 1.3319217180e-04 4.8240990887e+00 nan
9.1987294624e-05 1.2393576247e-04 1.1828551325e+01 nan
-1.2745843957e-05 1.0025260717e-04 3.4526057733e+01 nan
2.7785992238e-05 1.0507022963e-04 2.8201443469e+01 nan
1.0408171129e-04 1.3176070856e-04 4.3429540380e+00 nan
1.0712708502e-04 1.3377120656e-04 3.8381892905e+00 nan
1.0681372912e-04 1.3733792291e-04 3.6237157147e+00 nan
5.4767577874e-05 1.1909813645e-04 1.5636143072e+01 nan
8.0893623904e-05 1.2015563856e-04 1.4393854744e+01 nan
1.1339415129e-04 1.3787432818e-04 4.7171330216e+00 nan
1.1365621701e-04 1.3421641892e-04 3.9959618172e+00 nan
1.1661741001e-04 1.3992004125e-04 6.2838781573e+00 nan
1.2020442393e-04 1.3824564676e-04 5.9296648170e+00 nan
1.2327837493e-04 1.4394520882e-04 9.2319579313e+00 nan
1.2702407871e-04 1.4219202673e-04 8.6892176567e+00 nan
1.1708858475e-04 1.3254234713e-04 4.2713081745e+00 nan
1.0426942513e-04 1.2830845056e-04 6.2872804422e+00 nan
1.2723579671e-04 1.3843501406e-04 7.0046602742e+00 nan
1.3055832650e-04 1.4412260008e-04 9.8174060028e+00 nan
1.3435360802e-04 1.4223453430e-04 9.2507120665e+00 nan
1.3418810818e-04 1.4602301729e-04 1.0699861157e+01 nan
1.4183669243e-04 1.4206759950e-04 9.7043847587e+00 nan
1.4557432914e-04 1.4380266842e-04 1.0704409587e+01 nan
-1.4538151165e-04 9.9703219459e-05 3.8290957358e+01 nan
1.4550521722e-04 1.4760533475e-04 1.2130594445e+01 nan
-2.1243823938e-04 8.1902816131e-05 4.9581987398e+01 nan
-2.9906620990e-04 4.8457658752e-05 6.7554235209e+01 nan
3.2894556885e-04 7.7965936095e-05 1.8186063497e+01 nan
3.1887664562e-04 8.7598426069e-05 1.6987905132e+01 nan
3.1550781491e-04 9.0762270792e-05 1.6649840110e+01 nan
1.4187126954e-04 1.3824424663e-04 8.5597625310e+00 nan
2.8345039058e-04 1.0676698435e-04 1.5052517730e+01 nan
2.8393011072e-04 1.1061445720e-04 1.4948629961e+01 nan
-3.5497989981e-04 1.7234466115e-05 8.6088634194e+01 nan
1.4928868811e-04 1.4926857398e-04 1.3136212093e+01 nan
1.5313538996e-04 1.4709252051e-04 1.2647682793e+01 nan
-1.1402595380e-04 9.5887193315e-05 4.1893144227e+01 nan
2.3929966181e-04 9.3188001505e-05 1.2462304693e+01 nan
2.3529828918e-04 9.2219912811e-05 1.2110597838e+01 nan
1.8162161005e-04 9.1525778938e-05 9.0561424752e+00 nan
1.8228093832e-04 9.5278830320e-05 8.6753846088e+00 nan
2.5353985777e-04 8.5599193327e-05 1.3345018558e+01 nan
2.5413034578e-04 8.9358298904e-05 1.3474437238e+01 nan
2.7746970930e-04 9.0658017259e-05 1.5053816770e+01 nan
2.8088640798e-04 8.7663406201e-05 1.5280443620e+01 nan
2.7457628642e-04 9.7435979168e-05 1.4863186256e+01 nan
2.7062100134e-04 9.6593380968e-05 1.4657264532e+01 nan
-2.1690470211e-04 7.8249837213e-05 5.3458919887e+01 nan
-2.2172509130e-04 7.6893260231e-05 5.4121857129e+01 nan
-2.1350173946e-04 5.4541927157e-05 9.5255382201e+01 nan
-2.1636529522e-04 5.4811745220e-05 9.4208226739e+01 nan
1.5661725958e-04 9.7123179237e-05 9.7415458511e+00 nan
1.6431036087e-04 9.9823591853e-05 8.8245655331e+00 nan
1.5313230778e-04 1.4329860780e-04 1.1324353431e+01 nan
1.5696402149e-04 1.4865235421e-04 1.3494030489e+01 nan
1.6069895051e-04 1.4258811528e-04 1.1861122832e+01 nan
1.6463991473e-04 1.4785693175e-04 1.3729920814e+01 nan
1.2799929436e-04 9.0441577194e-05 1.5740659074e+01 nan
-2.2675350847e-04 7.7883034989e-05 5.1186850134e+01 nan
-3.1289694850e-04 1.7648205431e-05 1.4258251499e+02 nan
-3.1724898350e-04 1.5730948032e-05 1.4685433115e+02 nan
-3.0299765228e-04 4.4934483191e-05 6.9685617474e+01 nan
7.3096374891e-05 7.1897879427e-05 3.9362388515e+01 nan
5.4718678313e-05 6.8240811624e-05 4.8660850528e+01 nan
4.5768505015e-05 6.6779921473e-05 5.3655959553e+01 nan
1.9048169115e-05 6.3644573736e-05 7.4068546377e+01 nan
9.8476206045e-06 6.2941978198e-05 7.9244773981e+01 nan
5.2431498061e-07 6.2377072045e-05 8.3043349401e+01 nan
-8.8941421831e-06 6.1931261515e-05 8.5747448594e+01 nan
3.6461843683e-04 3.1926553341e-05 2.7773273624e+01 nan
2.9468018545e-04 1.0543134147e-04 1.5331530664e+01 nan
3.4045311766e-04 2.2287353720e-05 2.3050559442e+01 nan
1.6853314763e-04 1.4928506879e-04 1.4316707991e+01 nan
1.7230886762e-04 1.4691149040e-04 1.3885124525e+01 nan
2.7008399413e-04 9.2800713243e-05 1.4612227784e+01 nan
-2.9890944068e-04 2.0023731360e-05 1.5050294623e+02 nan
2.6665720192e-04 9.5741742152e-05 1.4427410902e+01 nan
-2.3151943473e-04 7.6626294442e-05 5.1541349619e+01 nan
2.5754570228e-04 8.6474994013e-05 1.3669061206e+01 nan
-1.2241956570e-04 9.6258724328e-05 4.1667372938e+01 nan
3.3562629911e-04 7.1416060342e-05 1.9164441024e+01 nan
-2.7441802549e-04 2.0723531266e-05 1.7559582909e+02 nan
2.8784240732e-04 3.8315242954e-05 1.6225863857e+01 nan
2.9196225988e-04 3.8901900734e-05 1.6597451417e+01 nan
2.1565666606e-04 1.1620224633e-04 1.2064379220e+01 nan
2.9335296287e-04 6.7931806748e-05 1.6442572339e+01 nan
9.4564832292e-05 1.1016630829e-04 1.5756945554e+01 nan
1.9497642630e-04 8.1489554931e-05 9.7881725311e+00 nan
1.5283346574e-04 9.5798523206e-05 1.0290162303e+01 nan
-2.3520110010e-04 4.4578496153e-05 1.1389775103e+02 nan
-2.3537760671e-04 4.8700924468e-05 1.0367236461e+02 nan
-2.4088531445e-04 4.5227335971e-05 1.1062403429e+02 nan
1.9015179022e-04 1.2694849684e-04 1.1252916409e+01 nan
2.2531946069e-04 7.9007196191e-05 1.1051723911e+01 nan
-1.5449173171e-04 4.9717221016e-05 1.0908177933e+02 nan
8.9077981592e-05 6.3523389794e-05 4.3282304525e+01 nan
-1.2255385531e-04 2.4212240430e-05 1.6717557591e+02 nan
2.0156439991e-04 3.8754894947e-05 3.9167818433e+01 nan
6.2919102704e-05 7.6475410128e-05 3.7852528880e+01 nan
7.1081251522e-05 1.0006267318e-04 2.2637394169e+01 nan
6.8744329934e-05 1.0161026907e-04 2.2597769519e+01 nan
7.1923278849e-05 1.0530482682e-04 2.0688885383e+01 nan
6.6894713400e-05 1.0568470912e-04 2.1766553218e+01 nan
6.4219116201e-05 1.0463582329e-04 2.2830725811e+01 nan
-2.4829666057e-04 6.4337407295e-05 6.6300999544e+01 nan
-2.4817368656e-04 6.9054800367e-05 5.7836404340e+01 nan
-2.5295707474e-04 6.8029525684e-05 5.7613771678e+01 nan
-2.4338480962e-04 7.2516135080e-05 5.3898873257e+01 nan
-2.5771309907e-04 6.7080918655e-05 5.7219458973e+01 nan
1.3513458252e-04 3.0233316574e-05 7.3175818702e+01 nan
4.0311906239e-05 9.7173234685e-05 3.2305026885e+01 nan
3.4914601009e-05 9.5970296483e-05 3.4556676357e+01 nan
2.4140390797e-04 4.4206049755e-05 1.9339783047e+01 nan
4.5654077138e-05 2.5350833643e-05 1.5096448839e+02 nan
9.8047099379e-06 2.4640730155e-05 1.6009295551e+02 nan
-6.7830507274e-05 6.6350866150e-05 8.0924707439e+01 nan
-3.3678834500e-07 8.7131154798e-05 5.0102635191e+01 nan
-2.5861836607e-05 1.0566305576e-04 2.7776475122e+01 nan
-4.4996132875e-05 1.0505809837e-04 2.8984092408e+01 nan
1.8658050921e-04 1.2948052731e-04 1.1335765685e+01 nan
1.8689199103e-04 1.3328398461e-04 1.2016281091e+01 nan
1.9080799754e-04 1.3454871473e-04 1.2520137636e+01 nan
1.8718037700e-04 1.3707982492e-04 1.2706562371e+01 nan
1.9110504810e-04 1.3833790096e-04 1.3158032114e+01 nan
1.9504257476e-04 1.3956715355e-04 1.3545005780e+01 nan
1.9867456159e-04 1.3699177469e-04 1.3345584289e+01 nan
1.9139052353e-04 1.4211051433e-04 1.3780870011e+01 nan
2.0262373811e-04 1.3817405167e-04 1.3671811879e+01 nan
2.0295235409e-04 1.4194756017e-04 1.4140038009e+01 nan
2.0658233463e-04 1.3933268462e-04 1.3944477060e+01 nan
2.1415644743e-04 1.3781414470e-04 1.4008228492e+01 nan
2.1812744472e-04 1.3891388070e-04 1.4190881363e+01 nan
2.1378176984e-04 1.3403598627e-04 1.3646787901e+01 nan
1.9930018878e-04 1.4453841619e-04 1.4369880931e+01 nan
-3.2632611782e-04 2.4742282330e-05 8.7591662139e+01 nan
2.3941970551e-04 1.2246149752e-04 1.3811036849e+01 nan
2.3590689271e-04 1.2524969686e-04 1.3816782258e+01 nan
2.3634689872e-04 1.2903872873e-04 1.4009223327e+01 nan
2.4031226992e-04 1.3004390434e-04 1.4139351525e+01 nan
2.3677894128e-04 1.3282644905e-04 1.4178570903e+01 nan
2.3238100094e-04 1.2802028829e-04 1.3844319827e+01 nan
1.3030167719e-04 1.4787750308e-04 1.1153248268e+01 nan
-3.2083023331e-04 3.4233672907e-05 7.3627301362e+01 nan
-1.5443156322e-04 8.1963605095e-05 5.7022163545e+01 nan
1.4864457229e-04 1.2244141679e-04 6.3438222507e+00 nan
-3.1654957333e-04 3.5792972548e-05 7.3613209867e+01 nan
2.9845814539e-04 7.6207272337e-05 1.6639267864e+01 nan
-2.7034645805e-04 5.8936012334e-05 6.6706171206e+01 nan
-2.6743092685e-04 6.2977420479e-05 6.0291761524e+01 nan
3.2832640405e-04 2.1490005163e-05 2.0860057770e+01 nan
3.2424303112e-04 2.1175945881e-05 2.0211220974e+01 nan
-1.7261997051e-04 8.7479607625e-05 4.9189644003e+01 nan
2.3402945122e-04 1.1009780820e-04 1.2890999755e+01 nan
-1.5498053908e-04 3.9249046741e-05 1.3173064256e+02 nan
-1.5280131912e-04 3.5830045625e-05 1.3970164903e+02 nan
-1.4935358290e-04 3.5786986429e-05 1.3970256259e+02 nan
-1.4471298525e-04 3.4067774162e-05 1.4366527520e+02 nan
-1.2720802289e-04 3.3913759997e-05 1.4356922034e+02 nan
-1.1311425575e-04 3.3820971419e-05 1.4357418880e+02 nan
-9.5416426741e-05 3.3740262767e-05 1.4367563679e+02 nan
-8.1211727315e-05 3.3704229507e-05 1.4378170440e+02 nan
-6.3422853661e-05 3.3700133900e-05 1.4380421708e+02 nan
-5.1021928674e-05 3.5358901800e-05 1.3996341777e+02 nan
-4.3950629474e-05 3.5392730523e-05 1.3972666554e+02 nan
-4.0417120649e-05 3.5414824543e-05 1.3956037422e+02 nan
-3.6885511082e-05 3.5440141791e-05 1.3935825442e+02 nan
-3.1413499064e-05 3.3850765999e-05 1.4264088064e+02 nan
-2.6306265717e-05 3.5538342971e-05 1.3849495599e+02 nan
-2.2786581656e-05 3.5579399217e-05 1.3810715923e+02 nan
-1.9271079688e-05 3.5624894282e-05 1.3766238019e+02 nan
-1.3714870697e-05 3.4057605850e-05 1.4057898604e+02 nan
-8.7552604741e-06 3.5790407529e-05 1.3594299070e+02 nan
-5.2622690994e-06 3.5855986029e-05 1.3522791183e+02 nan
3.4883915074e-07 3.4305669151e-05 1.3778159585e+02 nan
3.8463025082e-06 3.4380882672e-05 1.3689434259e+02 nan
8.6300077153e-06 3.6175645112e-05 1.3156895824e+02 nan
1.4282884761e-05 3.4639128061e-05 1.3375879774e+02 nan
1.7739762112e-05 3.4738517837e-05 1.3255253821e+02 nan
2.1184678275e-05 3.4842888996e-05 1.3127425755e+02 nan
2.8034242643e-05 3.5068712634e-05 1.2851955169e+02 nan
3.1436702785e-05 3.5190710292e-05 1.2705828240e+02 nan
3.4823058039e-05 3.5318238758e-05 1.2555717663e+02 nan
4.1543108177e-05 3.5589686239e-05 1.2249580667e+02 nan
4.4874665516e-05 3.5733247460e-05 1.2096941790e+02 nan
5.7987388723e-05 3.6353180418e-05 1.1471854041e+02 nan
6.8570887771e-05 3.8932922709e-05 9.6152709758e+01 nan
7.1885556619e-05 3.9195641505e-05 9.2680118391e+01 nan
7.5223694003e-05 3.9478159418e-05 8.9274588493e+01 nan
8.1974019599e-05 4.0104039375e-05 8.2768506011e+01 nan
8.5387949454e-05 4.0448095862e-05 7.9670186863e+01 nan
9.1580520899e-05 3.8975393266e-05 7.9242192591e+01 nan
9.5080790557e-05 3.9347992471e-05 7.6226306021e+01 nan
9.8610264071e-05 3.9741120790e-05 7.3330036134e+01 nan
1.0216971374e-04 4.0154938585e-05 7.0547844278e+01 nan
1.1374877291e-04 4.3954319114e-05 5.8782633592e+01 nan
1.1743836041e-04 4.4485934407e-05 5.6589508944e+01 nan
1.2116304810e-04 4.5037690124e-05 5.4477496592e+01 nan
1.2799378855e-04 4.3619120135e-05 5.3948228661e+01 nan
1.3182259131e-04 4.4191951856e-05 5.1907835154e+01 nan
1.3569061792e-04 4.4781502645e-05 4.9980440646e+01 nan
1.3956834219e-04 4.5390732096e-05 4.7569574076e+01 nan
1.4029198918e-04 4.8082861149e-05 4.4265390903e+01 nan
1.4343856147e-04 4.6013187340e-05 4.5401585500e+01 nan
1.4415006510e-04 4.8740463819e-05 4.2239669783e+01 nan
1.4800158970e-04 4.9410016997e-05 4.0387058561e+01 nan
1.5501450009e-04 4.7951392722e-05 3.9905785654e+01 nan
1.5886428892e-04 4.8616293916e-05 3.8404063567e+01 nan
1.6271255084e-04 4.9286068646e-05 3.7070183441e+01 nan
1.6655785682e-04 4.9964871999e-05 3.5894536014e+01 nan
1.6719362805e-04 5.2879655001e-05 3.3776412725e+01 nan
1.7040424009e-04 5.0646158786e-05 3.4898554812e+01 nan
1.7102787956e-04 5.3585571029e-05 3.3045028546e+01 nan
1.7486461996e-04 5.4288205656e-05 3.2505238143e+01 nan
1.5634832164e-04 5.3652415076e-05 3.4777175870e+01 nan
1.2944968961e-04 4.8829423354e-05 4.7189898570e+01 nan
1.0359347837e-04 4.4854630738e-05 6.1623229760e+01 nan
6.2769485099e-05 4.0442140703e-05 9.6155520675e+01 nan
5.3099317233e-05 3.9794325984e-05 1.0623588378e+02 nan
-7.5781136058e-05 3.5325384223e-05 1.4013631492e+02 nan
-8.6379449659e-05 3.5343812986e-05 1.4005103569e+02 nan
1.8195878794e-04 5.2689958198e-05 3.3144253632e+01 nan
1.8581931436e-04 5.3364881005e-05 3.2967228321e+01 nan
1.8132887593e-04 4.9721989829e-05 3.4610185513e+01 nan
7.3726080522e-05 3.5408304690e-05 1.0372509565e+02 nan
6.3743295523e-05 3.4804015280e-05 1.1513732344e+02 nan
5.3900045349e-05 3.4338382804e-05 1.2232054681e+02 nan
1.0864909503e-04 3.8687026169e-05 7.0017502609e+01 nan
1.2345865868e-04 4.0563392490e-05 5.9927234455e+01 nan
1.5816940615e-04 4.5800763018e-05 4.1151249835e+01 nan
-1.0400037766e-04 3.5410732567e-05 1.3987022309e+02 nan
1.6399147094e-04 5.5108026446e-05 3.2649073084e+01 nan
1.3715510977e-04 5.0143710825e-05 4.3234615290e+01 nan
1.7925615272e-04 5.8004762836e-05 3.0984878039e+01 nan
-5.8096557594e-05 3.5336213450e-05 1.4009869224e+02 nan
1.3088306358e-04 1.3655918509e-04 6.7287110529e+00 nan
-1.7178789650e-04 3.9562385769e-05 1.3127611749e+02 nan
-2.6320979106e-04 4.0114347478e-05 1.1410691410e+02 nan
6.6684089096e-05 9.1365602849e-05 2.6845320585e+01 nan
-1.5295911833e-04 9.2008765984e-05 4.5572660942e+01 nan
1.5232346759e-04 9.2258046173e-05 1.1160725655e+01 nan
1.4909299301e-04 9.4494403637e-05 1.0924821177e+01 nan
1.4859804244e-04 9.1005463239e-05 1.1946649510e+01 nan
1.4586670815e-04 9.6698763494e-05 1.0690549733e+01 nan
2.2312815597e-04 6.7874956483e-05 1.1084949387e+01 nan
2.2234599330e-04 6.4186583581e-05 1.1227583750e+01 nan
2.1822722144e-04 6.3190495051e-05 1.1009642023e+01 nan
2.1740656714e-04 5.9523311771e-05 1.2124930117e+01 nan
2.2071422087e-04 5.6857658212e-05 1.2947280189e+01 nan
2.1331988618e-04 5.8582775057e-05 1.4501358907e+01 nan
2.1259622071e-04 5.5124026891e-05 1.9474612759e+01 nan
2.0927852547e-04 5.7697195662e-05 1.7426616744e+01 nan
2.0860216091e-04 5.4351159622e-05 2.3592838570e+01 nan
2.0464442914e-04 5.3635350224e-05 2.7831909332e+01 nan
2.2484548455e-04 5.7812413479e-05 1.1442145690e+01 nan
-2.7927411713e-04 3.9351708258e-05 1.0201200885e+02 nan
-2.6127812778e-04 3.1313523054e-05 1.4272107372e+02 nan
-1.6314186013e-04 9.0769397626e-05 4.6312853221e+01 nan
-2.7005008112e-04 3.0458245573e-05 1.3870174822e+02 nan
2.1814661212e-04 1.0593352534e-04 1.1442760542e+01 nan
2.6506270485e-04 2.5666739310e-05 4.2865060626e+01 nan
2.6785734470e-04 2.0051963894e-05 4.4139187498e+01 nan
2.6383990177e-04 1.9830450255e-05 4.3916919439e+01 nan
2.5640722455e-04 2.2207401424e-05 4.2956848315e+01 nan
2.5236024023e-04 2.1906085496e-05 4.2741430681e+01 nan
2.4830290786e-04 2.1582057356e-05 4.2782314614e+01 nan
2.4425145380e-04 2.1242323051e-05 4.3419489548e+01 nan
2.4021230025e-04 2.0892623731e-05 4.4385877851e+01 nan
2.3618743559e-04 2.0536854836e-05 4.5619802066e+01 nan
2.3217651034e-04 2.0177750529e-05 4.7075154643e+01 nan
2.3154803851e-04 1.7406641701e-05 5.0282995424e+01 nan
2.2755927669e-04 1.7076666909e-05 5.2334825076e+01 nan
2.1961212072e-04 1.6425148809e-05 5.7016611190e+01 nan
2.1565136268e-04 1.6105925543e-05 5.9640850621e+01 nan
2.1169732962e-04 1.5792123545e-05 6.2459854420e+01 nan
2.0774892771e-04 1.5484261972e-05 6.5443598891e+01 nan
2.0380505686e-04 1.5182888428e-05 6.8626873992e+01 nan
1.9986434264e-04 1.4888482278e-05 7.2007362259e+01 nan
1.9258814802e-04 1.6741150115e-05 7.1479577161e+01 nan
1.8865477277e-04 1.6432205839e-05 7.4937703471e+01 nan
1.8472119440e-04 1.6132040521e-05 7.8614258404e+01 nan
1.8078673048e-04 1.5841152835e-05 8.2525957215e+01 nan
1.7685104052e-04 1.5560114832e-05 8.6709300344e+01 nan
1.7291328521e-04 1.5289475065e-05 9.1180667739e+01 nan
1.5649560481e-04 1.2263731734e-05 1.2789157128e+02 nan
1.5255115858e-04 1.2099105044e-05 1.3511678655e+02 nan
1.4861212244e-04 1.1950049488e-05 1.4251097034e+02 nan
1.4468160970e-04 1.1816739563e-05 1.4974239535e+02 nan
1.4076258158e-04 1.1698703650e-05 1.5692582880e+02 nan
1.3685978918e-04 1.1594257747e-05 1.6382463187e+02 nan
1.3297261197e-04 1.1502448142e-05 1.7031360069e+02 nan
1.2524413763e-04 1.1351653034e-05 1.8205320413e+02 nan
1.2140199015e-04 1.1291087022e-05 1.8721453812e+02 nan
1.1757452879e-04 1.1239231868e-05 1.9198246564e+02 nan
1.1376183170e-04 1.1195552147e-05 1.9643626604e+02 nan
1.0996400410e-04 1.1159496634e-05 2.0049683028e+02 nan
1.0317759413e-04 1.2779124433e-05 1.9446493162e+02 nan
9.8662086710e-05 1.1091102181e-05 2.0986354099e+02 nan
9.4924723072e-05 1.1077888084e-05 2.0936125483e+02 nan
9.1187184939e-05 1.1062620547e-05 2.0614299586e+02 nan
8.4635098218e-05 1.2651404684e-05 1.9671476471e+02 nan
8.0924874898e-05 1.2624425539e-05 1.9511886339e+02 nan
7.7207268703e-05 1.2595670234e-05 1.9381501485e+02 nan
7.2423273979e-05 1.0950369666e-05 1.9793787031e+02 nan
6.8652378165e-05 1.0924047827e-05 1.9718039595e+02 nan
6.2262103518e-05 1.2470110951e-05 1.9112258951e+02 nan
5.8507244738e-05 1.2437479619e-05 1.9090937111e+02 nan
5.4745220630e-05 1.2404796870e-05 1.9082998944e+02 nan
4.9703440822e-05 1.0787077759e-05 1.9586772475e+02 nan
4.5895378596e-05 1.0760176988e-05 1.9594591023e+02 nan
3.9629055925e-05 1.2277158703e-05 1.9146377924e+02 nan
3.5834264204e-05 1.2246789441e-05 1.9177760537e+02 nan
3.2033701650e-05 1.2217295030e-05 1.9212567074e+02 nan
2.6775632800e-05 1.0633212044e-05 1.9715204906e+02 nan
2.2937528593e-05 1.0610206430e-05 1.9747169345e+02 nan
1.6780491704e-05 1.2109909301e-05 1.9364999655e+02 nan
1.2955957798e-05 1.2086054971e-05 1.9402323467e+02 nan
9.1276307424e-06 1.2063475540e-05 1.9438147797e+02 nan
5.2957867578e-06 1.2042182768e-05 1.9472088471e+02 nan
-1.6675464417e-07 1.0493906765e-05 1.9927967628e+02 nan
-4.0274845236e-06 1.0478319819e-05 1.9952479299e+02 nan
-1.0060640448e-05 1.1969937123e-05 1.9584627428e+02 nan
-1.3905664354e-05 1.1955005885e-05 1.9606576583e+02 nan
-1.7752497639e-05 1.1941203159e-05 1.9626137716e+02 nan
-2.1600878565e-05 1.1928637360e-05 1.9643391515e+02 nan
-2.7229338226e-05 1.0406014967e-05 2.0056222331e+02 nan
-3.1100649975e-05 1.0397580855e-05 2.0067056856e+02 nan
-3.7006310192e-05 1.1888793350e-05 1.9693051111e+02 nan
-4.0859613746e-05 1.1881222063e-05 1.9701651175e+02 nan
-4.4713381947e-05 1.1874510618e-05 1.9709175040e+02 nan
-4.8567494549e-05 1.1868606079e-05 1.9715856093e+02 nan
-5.4339020575e-05 1.0361530938e-05 2.0110790228e+02 nan
-6.0130473844e-05 1.1855301712e-05 1.9733127089e+02 nan
-6.3984547231e-05 1.1852197656e-05 1.9738698387e+02 nan
-6.7838369933e-05 1.1849692503e-05 1.9744530010e+02 nan
-7.1691851358e-05 1.1847747044e-05 1.9750822102e+02 nan
-7.5544843814e-05 1.1846335512e-05 1.9757763769e+02 nan
-8.1448636133e-05 1.0346237126e-05 2.0159683890e+02 nan
-8.7100164070e-05 1.1844993131e-05 1.9784262366e+02 nan
-9.0950473110e-05 1.1845426199e-05 1.9795532809e+02 nan
-9.4799890253e-05 1.1846265012e-05 1.9808273185e+02 nan
-9.8648401695e-05 1.1847490068e-05 1.9822623347e+02 nan
-1.0249595012e-04 1.1849082477e-05 1.9838715675e+02 nan
-1.0852935328e-04 1.0350515312e-05 2.0266180526e+02 nan
-1.1403180885e-04 1.1855986014e-05 1.9898648172e+02 nan
-1.1787468082e-04 1.1858961497e-05 1.9922887170e+02 nan
-1.2171618417e-04 1.1862272411e-05 1.9949428508e+02 nan
-1.2555625095e-04 1.1865844351e-05 1.9978389084e+02 nan
-1.3170230563e-04 1.0365887520e-05 2.0438978123e+02 nan
-1.3555997105e-04 1.0369447550e-05 2.0476843929e+02 nan
-1.4090078708e-04 1.1883874817e-05 2.0119935977e+02 nan
-1.4473254558e-04 1.1889253777e-05 2.0162195919e+02 nan
-1.4856236670e-04 1.1895015867e-05 2.0207359179e+02 nan
-1.5239014030e-04 1.1901177478e-05 2.0255499036e+02 nan
-1.5867245771e-04 1.0396842726e-05 2.0766855359e+02 nan
-1.6385988148e-04 1.1922312117e-05 2.0418445871e+02 nan
-1.6767890055e-04 1.1928774878e-05 2.0479597527e+02 nan
2.6723989413e-04 1.7146392841e-05 4.4687962446e+01 nan
2.7125464710e-04 1.7332539389e-05 4.4778039728e+01 nan
2.5508955739e-04 1.6444575058e-05 4.4480450902e+01 nan
2.4294647254e-04 1.5581222083e-05 4.8069592376e+01 nan
-1.7149429441e-04 1.1937926347e-05 2.0543404766e+02 nan
1.9927334142e-04 1.2469838544e-05 8.0505572021e+01 nan
1.7165354581e-04 1.0926361855e-05 1.1701042512e+02 nan
-1.4405279665e-04 7.7421536200e-05 6.3298786617e+01 nan
1.1295919507e-04 8.2600934805e-05 2.3628109954e+01 nan
9.5702311123e-05 7.7557327910e-05 2.9627296208e+01 nan
3.6708051891e-06 1.0161667551e-04 3.2983073859e+01 nan
-1.8265371448e-05 9.9922093058e-05 3.4871190504e+01 nan
1.1598765360e-04 3.9585859944e-05 6.4763887464e+01 nan
1.5044256025e-04 4.4543418751e-05 4.4632856153e+01 nan
2.6918677054e-04 6.3606224448e-05 1.4409324291e+01 nan
1.6733788858e-04 7.3765190851e-05 1.6962572438e+01 nan
-1.8171227378e-04 1.0437134115e-05 2.1177344026e+02 nan
-1.8554271390e-04 1.0446567238e-05 2.1258235625e+02 nan
-2.0844976904e-04 1.0519746913e-05 2.1822094635e+02 nan
-1.7625251361e-04 7.3473139112e-05 6.6934094610e+01 nan
1.7955279307e-04 1.1319716033e-05 1.0487834442e+02 nan
-1.8173999617e-04 3.9799864478e-05 1.3079901493e+02 nan
-1.5020160822e-04 9.1806086110e-05 4.5900684737e+01 nan
2.0716218203e-04 1.2986376701e-05 7.2683676128e+01 nan
-2.0265010840e-04 3.5120574254e-05 1.4281870636e+02 nan
2.3492739632e-04 1.4983163794e-05 5.2037349468e+01 nan
2.9951272971e-04 5.7974620558e-05 1.7154267166e+01 nan
-2.7200201071e-04 4.9381337229e-05 8.5660233858e+01 nan
1.4491659633e-04 8.9779747085e-05 1.2912865824e+01 nan
2.5024791909e-04 6.6958730930e-05 1.2853748419e+01 nan
-3.2812616996e-04 2.1618856567e-05 1.0318488529e+02 nan
-1.8431985929e-04 5.4483179293e-05 9.8530321988e+01 nan
-1.3180795453e-04 1.0499082395e-04 3.3807205477e+01 nan
-1.7577828272e-04 3.4487760530e-05 1.4381885250e+02 nan
-1.7236239430e-04 3.4429331507e-05 1.4383070852e+02 nan
-1.8079742273e-04 3.1191456404e-05 1.5261938517e+02 nan
-1.8424731733e-04 3.1248133636e-05 1.5267080790e+02 nan
-1.2154384355e-04 3.5519719620e-05 1.3974143376e+02 nan
-1.8162182180e-04 6.3941988542e-05 8.1415795081e+01 nan
3.4098717577e-04 5.2739342708e-05 2.1695431144e+01 nan
3.1027161823e-04 5.2254727912e-05 1.8341174578e+01 nan
3.5659305310e-05 1.0672112365e-04 2.6131646436e+01 nan
2.7856428085e-04 7.2571456890e-05 1.5194192886e+01 nan
1.7952454679e-04 1.0151474524e-04 8.2068067030e+00 nan
2.4889335853e-04 1.0641066652e-04 1.3625550653e+01 nan
1.5517881393e-04 1.1419903372e-04 7.0821281546e+00 nan
-1.1715410378e-04 8.6061634618e-05 5.2792487952e+01 nan
3.3428847866e-04 5.9495138026e-05 2.0368533735e+01 nan
1.3692378676e-04 1.1018475185e-04 8.3785866095e+00 nan
9.9403873108e-05 2.1524597167e-05 1.4237238446e+02 nan
8.5054224201e-05 2.1098701563e-05 1.5901920527e+02 nan
7.0965803475e-05 2.0820795604e-05 1.6434592231e+02 nan
3.1093185710e-04 3.4205365136e-05 1.8592711684e+01 nan
2.7638675947e-05 2.0077851789e-05 1.6960499628e+02 nan
9.1739374623e-06 1.9844283003e-05 1.7300452070e+02 nan
1.1636445247e-04 1.0475740622e-04 1.3451680004e+01 nan
-1.4044941910e-04 1.9566054203e-05 1.8034536034e+02 nan
-2.3116482747e-04 1.0640465054e-05 2.2494453661e+02 nan
1.2750741903e-04 8.7210817724e-05 1.7360331209e+01 nan
3.3779648278e-04 2.9513605583e-05 2.2660411317e+01 nan
8.8722870409e-05 1.1022938001e-04 1.6396874860e+01 nan
9.4772099274e-05 1.1322318873e-04 1.4801652408e+01 nan
1.1720741779e-04 1.1825432549e-04 7.5421243727e+00 nan
1.2054727451e-04 1.1995034223e-04 6.8760433579e+00 nan
-3.0181873634e-04 2.0628387695e-05 1.4294839032e+02 nan
-2.9288269139e-04 4.4872888728e-05 7.5456294139e+01 nan
-2.6267046613e-04 4.4487889379e-05 1.0292249514e+02 nan
-2.0738410542e-04 3.0025523744e-05 1.5727113074e+02 nan
-2.5382462657e-04 5.4005902125e-05 8.4965542742e+01 nan
-3.3495765657e-04 1.6363409896e-05 1.2164549216e+02 nan
-3.2506182486e-04 2.0721929221e-05 1.1444168196e+02 nan
-3.3160457625e-04 1.5656767801e-05 1.2586211978e+02 nan
-1.7264260638e-04 9.5891471948e-05 4.0247876129e+01 nan
2.4074804483e-04 1.3383376828e-04 1.4268221590e+01 nan
3.5220478937e-04 5.4509975612e-05 2.2457959682e+01 nan
2.1850448863e-04 1.4268467205e-04 1.4474553742e+01 nan
-1.7529225575e-04 9.6187497981e-05 3.9683000399e+01 nan
-2.7213693270e-04 6.2287682550e-05 5.9262517577e+01 nan
1.7245224448e-04 1.5067270037e-04 1.4797311215e+01 nan
2.0327416249e-04 1.4571217310e-04 1.4577767579e+01 nan
-2.8988562898e-04 5.4586318138e-05 6.4471181219e+01 nan
1.6471812197e-04 1.5162070104e-04 1.4816756315e+01 nan
3.6330439636e-04 1.9722229609e-05 2.7722360597e+01 nan
3.6709123368e-04 1.9957833693e-05 2.8940861768e+01 nan
3.2344341767e-04 1.7539312767e-05 1.9995475776e+01 nan
3.2014404142e-04 2.0835915560e-05 1.9648302281e+01 nan
3.1933210250e-04 1.7210832153e-05 1.9486147096e+01 nan
2.9455241065e-04 1.5187891534e-05 3.7756840590e+01 nan
2.9052673812e-04 1.5056671209e-05 4.2186757928e+01 nan
2.9862830866e-04 1.5382524434e-05 2.9581148775e+01 nan
-3.4206514841e-04 3.1216095319e-05 7.3750011326e+01 nan
-3.0388193297e-04 4.8782466672e-05 6.4859988615e+01 nan
3.7150488899e-04 2.8654643978e-05 2.9903214661e+01 nan
3.1933313991e-04 9.1542739288e-05 1.6656176166e+01 nan
3.1596786831e-04 9.4695956906e-05 1.6338790472e+01 nan
-1.9072949424e-04 7.4299351318e-06 2.2268613367e+02 nan
-2.1781007103e-04 7.4917567412e-06 2.3064648514e+02 nan
-2.4477089006e-04 7.6041437534e-06 2.4083232866e+02 nan
-2.4857539680e-04 7.6298315595e-06 2.4234627636e+02 nan
-2.5236264284e-04 7.6652902292e-06 2.4379159641e+02 nan
-2.5613871370e-04 7.7001412566e-06 2.4517041736e+02 nan
2.9515476048e-04 1.0930633964e-04 1.5143152727e+01 nan
2.9856334107e-04 1.0626565743e-04 1.5338214552e+01 nan
-2.0382454120e-04 4.9891799711e-05 1.0648279116e+02 nan
-1.5286287987e-04 3.0845175712e-05 1.5190883953e+02 nan
-1.3520958792e-04 3.0700513485e-05 1.5149824790e+02 nan
1.7622680291e-04 1.4827105535e-04 1.4363338623e+01 nan
-8.1511037444e-05 3.0477318716e-05 1.5124194456e+02 nan
-7.0708209196e-05 3.0471213679e-05 1.5124882679e+02 nan
2.6963752154e-04 1.1860278292e-04 1.4539916056e+01 nan
2.6916550324e-04 1.1477920270e-04 1.4567906439e+01 nan
2.7010874754e-04 1.2242861089e-04 1.4490164671e+01 nan
2.6663784058e-04 1.2533678917e-04 1.4423173375e+01 nan
1.5385100496e-04 1.6236876313e-05 1.0586833693e+02 nan
1.8564341115e-04 9.2796926796e-05 8.8373463016e+00 nan
2.0895075266e-04 2.0683997140e-05 5.4867795320e+01 nan
2.0404553957e-04 5.0559783242e-05 3.3773085500e+01 nan
2.4471694024e-04 1.3482957955e-04 1.4324896956e+01 nan
3.2420712024e-04 6.9389113364e-05 1.8736132629e+01 nan
2.1995049400e-04 5.3337620382e-05 1.7867467442e+01 nan
2.7114380601e-04 1.0039455396e-04 1.4688626891e+01 nan
2.9078895531e-04 5.2994132767e-05 1.6384923989e+01 nan
-1.3549766589e-04 3.5638046177e-05 1.3970280466e+02 nan
2.7692183802e-04 8.6866186148e-05 1.5036546710e+01 nan
2.4896967901e-04 2.4473437261e-05 4.1930248884e+01 nan
-1.5430227677e-04 6.8232000067e-05 7.6159665887e+01 nan
2.3588031898e-04 9.5982854632e-05 1.2307586537e+01 nan
2.3188397867e-04 9.4994701060e-05 1.1949687641e+01 nan
2.3129180647e-04 9.1234284745e-05 1.1753460354e+01 nan
2.0196734704e-04 5.9395731531e-05 1.8842570232e+01 nan
-3.3834852992e-04 1.7126145995e-05 1.0641549141e+02 nan
2.2482051383e-04 2.2216913293e-05 4.7267784080e+01 nan
2.1686661727e-04 2.1444029396e-05 5.0758816069e+01 nan
1.5713100747e-04 1.0075699717e-04 9.0607382934e+00 nan
1.6173318336e-04 1.6738605045e-05 9.5092125580e+01 nan
3.3841302166e-04 3.3299128175e-05 2.2711055699e+01 nan
1.7216647414e-04 1.4313029097e-04 1.2952244969e+01 nan
1.5651730532e-04 1.2955582950e-04 7.8835652133e+00 nan
3.1603214920e-04 2.0472001435e-05 1.9150518953e+01 nan
3.1521094274e-04 1.6857312882e-05 1.9190649498e+01 nan
1.0078555796e-04 8.7116934308e-05 2.2928596454e+01 nan
1.2534645536e-04 9.5721079978e-05 1.4219496800e+01 nan
1.8484586465e-04 6.8488089337e-05 1.5845799094e+01 nan
-1.9431895934e-04 1.2005281072e-05 2.0997071497e+02 nan
-2.0189478015e-04 1.2034773865e-05 2.1174566931e+02 nan
-2.1411436569e-04 3.0211611561e-05 1.5687861515e+02 nan
-1.9028021195e-04 2.9666881344e-05 1.5735732433e+02 nan
-1.7200075617e-04 5.3923789219e-05 1.0027527772e+02 nan
-1.5320665333e-04 5.3288952118e-05 1.0206407711e+02 nan
-1.1739216532e-04 3.0592448498e-05 1.5126188257e+02 nan
-1.0307098162e-04 3.0530162462e-05 1.5120264534e+02 nan
-9.5892962313e-05 3.0506929114e-05 1.5120634049e+02 nan
-5.9890371915e-05 3.0478457972e-05 1.5118751857e+02 nan
-1.7636907202e-04 2.9457798293e-05 1.5694571910e+02 nan
-1.7530124380e-04 7.4082771791e-06 2.1917099163e+02 nan
-2.0235361028e-04 7.4521135948e-06 2.2580930587e+02 nan
-2.2935943874e-04 7.5323887358e-06 2.3477472514e+02 nan
-1.6575524922e-04 5.3686888371e-05 1.0096616683e+02 nan
1.9959048396e-04 1.4829916516e-04 1.4834557385e+01 nan
1.7639540409e-04 1.5202283276e-04 1.5180192633e+01 nan
-3.0815081379e-04 4.5303087782e-05 6.7170331578e+01 nan
-2.3397119607e-04 7.7189790350e-05 4.9868513931e+01 nan
2.2210364468e-04 1.3999594664e-04 1.4331520200e+01 nan
1.8689556572e-04 1.0033544303e-04 8.6168571378e+00 nan
1.8009316698e-04 1.0530555342e-04 8.1786523272e+00 nan
-2.4921967699e-04 4.4263151339e-05 1.1013966377e+02 nan
2.6309963504e-04 7.3180560574e-05 1.3932489810e+01 nan
-1.3436975392e-04 8.6807388004e-05 5.1823120982e+01 nan
3.2553312035e-04 5.0620298585e-05 2.0119244833e+01 nan
-1.8860277545e-04 6.8431754651e-05 7.3334087284e+01 nan
1.3059900264e-04 8.5160739422e-05 1.7562946288e+01 nan
2.4837343728e-04 1.0262679329e-04 1.3464499399e+01 nan
-2.2499741241e-04 5.7843769862e-05 8.6231672989e+01 nan
3.0684882475e-04 3.3728678904e-05 1.8126517272e+01 nan
3.4444239080e-04 2.2518533057e-05 2.3794848947e+01 nan
1.8968681327e-04 5.4032409176e-05 3.2879743047e+01 nan
2.2249034205e-04 1.4376615290e-04 1.4565821081e+01 nan
-1.9446132733e-04 9.2212315120e-05 4.1072064315e+01 nan
2.6077933662e-04 1.0917213842e-04 1.4278445304e+01 nan
2.7404009358e-04 1.2333701245e-04 1.4491133827e+01 nan
2.7749522145e-04 1.2039922333e-04 1.4583066574e+01 nan
3.6497352259e-04 3.6102209826e-05 2.7167401401e+01 nan
2.4824145069e-04 1.3201887718e-04 1.4300060717e+01 nan
2.8033389279e-04 8.3871976607e-05 1.5276158308e+01 nan
2.5220377722e-04 1.3299123618e-04 1.4332903300e+01 nan
3.1259582565e-04 9.7827688561e-05 1.6047342194e+01 nan
1.7613239688e-04 1.0395593106e-04 7.9570362874e+00 nan
-2.8949242193e-04 2.0674329164e-05 1.5881309693e+02 nan
2.6792964189e-04 3.8702559591e-05 1.4378999631e+01 nan
-2.0685904266e-04 6.4045925017e-05 7.8124830979e+01 nan
-2.8455415496e-04 5.7327483450e-05 6.2249297646e+01 nan
3.1202002080e-04 6.3616695622e-05 1.8144049873e+01 nan
-2.1167609115e-04 4.4646225844e-05 1.1779155749e+02 nan
-2.5856742502e-04 2.1379962500e-05 1.8313552037e+02 nan
-2.5864513285e-04 2.5120189498e-05 1.6750258707e+02 nan
-1.3167129808e-04 4.9240364443e-05 1.1027591641e+02 nan
3.0875070147e-04 9.7024702086e-05 1.6053721242e+01 nan
3.0921627888e-04 1.0093918542e-04 1.5780345706e+01 nan
-1.0356819717e-04 6.8538011727e-05 7.6871125657e+01 nan
-1.0911352813e-04 7.2378350872e-05 7.1010906536e+01 nan
-1.1377145849e-04 1.0606569985e-04 3.2437151320e+01 nan
-1.0772322560e-04 1.0993101332e-04 2.9002850280e+01 nan
-5.3377357996e-05 5.3915288071e-05 1.0239796001e+02 nan
-8.6334417512e-05 1.0514328927e-04 3.1605481858e+01 nan
-8.5988223935e-05 1.0923324475e-04 2.7900381012e+01 nan
-1.5883893009e-04 1.0083713442e-04 3.6701574573e+01 nan
1.0945492717e-04 1.4300531162e-04 7.4678029175e+00 nan
1.0892207577e-04 1.4651314537e-04 1.0300402504e+01 nan
1.0291756485e-04 1.4229126330e-04 5.8238966306e+00 nan
-5.0077834752e-05 5.3935917305e-05 1.0234350450e+02 nan
8.5659020382e-05 1.3251280633e-04 8.9883247585e+00 nan
8.2732729530e-05 1.3350556986e-04 7.8232288697e+00 nan
8.4583667694e-05 1.3878778135e-04 5.8406570190e+00 nan
-8.1748796374e-05 1.1121029585e-04 2.5819992119e+01 nan
1.1399331189e-04 1.2001629281e-04 7.3630496293e+00 nan
2.2728076300e-04 9.0230414836e-05 1.1396484950e+01 nan
2.3067569174e-04 8.7481821915e-05 1.1583948847e+01 nan
-1.3451044960e-04 1.0516878389e-04 3.3674037401e+01 nan
6.4297247119e-05 1.2339314885e-04 1.3658961283e+01 nan
6.4391474323e-05 1.2832327776e-04 8.3310065269e+00 nan
5.9414061123e-05 1.0512572689e-04 2.4471996195e+01 nan
-9.1434186887e-05 1.0936624449e-04 2.8255148315e+01 nan
-9.4154689291e-05 1.0944307166e-04 2.8414665144e+01 nan
-9.9589709822e-05 1.0961739456e-04 2.8694085800e+01 nan
-1.1215198881e-04 7.2450575383e-05 7.0865677094e+01 nan
-1.1821197095e-04 7.2609334068e-05 7.0550598838e+01 nan
-1.2123277150e-04 7.2696049517e-05 7.0379367983e+01 nan
2.1118350706e-04 8.6020123617e-05 1.0130978943e+01 nan
1.9834439591e-04 1.3320575995e-04 1.2802428762e+01 nan
-7.6327238491e-05 1.1112565781e-04 2.5339524818e+01 nan
-7.3397215047e-05 1.1523982612e-04 2.1572723426e+01 nan
-6.8038021475e-05 1.1519989528e-04 2.0908614586e+01 nan
-6.2683259613e-05 1.1519050229e-04 2.0209551175e+01 nan
-6.0008261749e-05 1.1519753312e-04 1.9849699626e+01 nan
-5.4664585325e-05 1.1523576067e-04 1.9115537318e+01 nan
-4.9331055888e-05 1.1530748155e-04 1.8371511480e+01 nan
-4.4010033527e-05 1.1541436419e-04 1.7630340857e+01 nan
-4.1354932456e-05 1.1548159633e-04 1.7265201408e+01 nan
-3.6056933418e-05 1.1564509348e-04 1.6555588862e+01 nan
-3.1954267787e-05 1.1370072081e-04 1.8425556412e+01 nan
-2.6654262680e-05 1.1393447977e-04 1.7882243109e+01 nan
-2.1375699958e-05 1.1421418989e-04 1.7396029137e+01 nan
-1.8745164761e-05 1.1437247145e-04 1.7177119999e+01 nan
-1.3502928639e-05 1.1472833223e-04 1.6791970899e+01 nan
-8.2877113073e-06 1.1514099615e-04 1.6478146341e+01 nan
-5.6908536144e-06 1.1536980656e-04 1.6347356072e+01 nan
-5.2016122247e-07 1.1587716837e-04 1.6126226816e+01 nan
3.8819101435e-07 1.1812349737e-04 1.3665937811e+01 nan
5.4757170339e-06 1.1872094276e-04 1.3629409557e+01 nan
8.0058881306e-06 1.1904896823e-04 1.3613593707e+01 nan
1.3068246459e-05 1.1963354066e-04 1.3642783927e+01 nan
1.8027891828e-05 1.2057792856e-04 1.3270024379e+01 nan
2.2303873243e-05 1.1915623109e-04 1.4512780705e+01 nan
2.7250370161e-05 1.2015451891e-04 1.4251605326e+01 nan
-2.6998622387e-05 1.1813893351e-04 1.2980741274e+01 nan
3.2671367666e-05 1.2365211584e-04 1.4218596466e+01 nan
3.5059041011e-05 1.2425784716e-04 1.4633991118e+01 nan
4.1739455802e-05 1.2383029274e-04 1.4891452520e+01 nan
-1.6340170348e-04 3.0955953916e-05 1.5219893111e+02 nan
1.8900026871e-04 9.0291995484e-05 9.0119019851e+00 nan
3.0829735614e-04 4.1079279599e-05 1.8268975313e+01 nan
1.4632317900e-04 1.0023147041e-04 9.8596064749e+00 nan
4.0548248153e-05 8.2542589864e-05 3.9320182672e+01 nan
-8.5769933689e-05 9.5062504993e-05 4.1906989941e+01 nan
9.6052139344e-05 9.6536029933e-05 1.9958665957e+01 nan
-1.8977153311e-04 5.2877787316e-05 1.0137391269e+02 nan
-2.3056611664e-04 3.0835937793e-05 1.5429059338e+02 nan
-2.3378050643e-04 3.0996604752e-05 1.5339065663e+02 nan
1.2736779534e-04 1.3465529107e-04 5.6125992971e+00 nan
1.3093656290e-04 1.3275247571e-04 5.6142004410e+00 nan
-2.1569022010e-04 3.5597897025e-05 1.4116003932e+02 nan
-2.1745061226e-04 3.0316349543e-05 1.5656915783e+02 nan
5.3606038429e-05 1.0089774693e-04 2.7509273404e+01 nan
4.8952484585e-05 1.0161323436e-04 2.8205625085e+01 nan
2.7524866398e-04 1.7498486610e-05 4.4701273791e+01 nan
-1.2725417160e-04 7.2884752149e-05 7.0005513204e+01 nan
2.0828101044e-04 7.1137490480e-05 1.0431999607e+01 nan
2.9219037994e-04 8.6186562714e-05 1.5962976241e+01 nan
-2.8495535866e-04 1.1947524128e-05 2.1683666569e+02 nan
-2.8166123613e-04 1.1741689747e-05 2.2020916980e+02 nan
4.6312320756e-05 1.0085136810e-04 2.9005728014e+01 nan
-2.1104893011e-04 7.2968578875e-05 6.2634547883e+01 nan
1.1383108735e-04 1.3058243431e-04 4.4983275663e+00 nan
-3.4373721119e-04 1.4676914231e-05 1.0839366178e+02 nan
3.6273188535e-04 1.5773512787e-05 2.6934333271e+01 nan
3.5884462502e-04 1.5624230904e-05 2.5926024176e+01 nan
-1.3025458779e-04 7.2986831130e-05 6.9801367111e+01 nan
3.7495354846e-06 1.1420866766e-04 1.8374936750e+01 nan
3.0423263768e-04 4.0560233151e-05 1.7819444712e+01 nan
3.0087668181e-04 4.3702888420e-05 1.7447342487e+01 nan
4.4095907950e-05 1.2456012447e-04 1.4983058335e+01 nan
5.0814059638e-05 1.2454531071e-04 1.3974074280e+01 nan
3.3085021251e-04 1.4451015933e-05 2.0934081460e+01 nan
-2.0239796812e-04 4.4144600778e-05 1.1978948363e+02 nan
-2.1212170805e-04 1.6815010641e-05 1.9905685432e+02 nan
-2.7102574648e-04 7.8956500839e-06 2.4826898011e+02 nan
2.9390533199e-04 1.2166438740e-05 4.2250315890e+01 nan
2.8991219899e-04 1.2074007318e-05 4.3764375007e+01 nan
2.7001110512e-04 1.1546833460e-05 4.6313338914e+01 nan
2.6596493644e-04 1.1391717920e-05 4.6362611699e+01 nan
3.6339360159e-05 1.0048430717e-04 3.1072311250e+01 nan
2.7522024027e-05 9.6632622506e-05 3.5872227975e+01 nan
2.2060778225e-05 9.5729596261e-05 3.7744809225e+01 nan
1.7411988533e-05 9.7103657615e-05 3.7102369700e+01 nan
1.4670626339e-05 9.6733495114e-05 3.7801161101e+01 nan
9.1623407731e-06 9.6064286992e-05 3.9033559585e+01 nan
3.6221251381e-06 9.5482091476e-05 4.0049441575e+01 nan
8.4087014310e-07 9.5220878589e-05 4.0481712278e+01 nan
-1.4260408730e-05 9.2117786779e-05 4.4602421729e+01 nan
-1.7100844372e-05 9.1962172856e-05 4.4819798819e+01 nan
-2.2796311917e-05 9.1689891562e-05 4.5178260807e+01 nan
-2.8509162775e-05 9.1465361043e-05 4.5454792375e+01 nan
-3.1371337866e-05 9.1369572606e-05 4.5568773966e+01 nan
-3.7105678639e-05 9.1208459580e-05 4.5758729006e+01 nan
-3.9977246796e-05 9.1142230461e-05 4.5838216004e+01 nan
-4.5727697261e-05 9.1036377524e-05 4.5973367731e+01 nan
-4.8605992434e-05 9.0996035976e-05 4.6031272550e+01 nan
-5.4367263089e-05 9.0938964836e-05 4.6131950990e+01 nan
-6.0132831948e-05 9.0911543068e-05 4.6216283418e+01 nan
-6.3016501008e-05 9.0908367579e-05 4.6253213929e+01 nan
-6.8784152834e-05 9.0922076534e-05 4.6317376683e+01 nan
-7.1667549842e-05 9.0938631880e-05 4.6344585744e+01 nan
9.9439228899e-05 1.4359228531e-04 6.4578377110e+00 nan
-2.2446705542e-04 1.2159298660e-05 2.1763376362e+02 nan
-2.3564936881e-04 1.2258856421e-05 2.2054563063e+02 nan
1.9024595363e-04 5.7082729863e-05 2.9224482091e+01 nan
1.3418789708e-04 8.6303683118e-05 1.6518202521e+01 nan
-2.7463738603e-04 7.9717088782e-06 2.4782945943e+02 nan
-1.2543836909e-04 5.4427114311e-05 1.0038772460e+02 nan
-2.5241110327e-04 2.6549488816e-05 1.6457759923e+02 nan
-2.4924077410e-04 2.6341097636e-05 1.6638718988e+02 nan
3.5586675904e-04 5.5168665728e-05 2.2583060438e+01 nan
-2.9240193007e-04 6.7644661568e-06 2.5431414099e+02 nan
-2.8882174149e-04 6.6443332380e-06 2.5587624400e+02 nan
-3.1169127003e-04 2.0206295617e-05 1.3055686700e+02 nan
-3.3939278094e-04 3.5059334602e-05 6.9895627716e+01 nan
-3.3384156486e-04 3.7193998704e-05 6.6526976152e+01 nan
-1.8055431478e-04 9.6817438151e-05 3.8452342232e+01 nan
-2.4346079791e-04 7.7306340636e-05 4.6265271305e+01 nan
2.9898655614e-04 1.1025072187e-04 1.5108732855e+01 nan
1.8036027765e-04 1.5333880259e-04 1.5475480227e+01 nan
1.8412527455e-04 1.5088643754e-04 1.5059612849e+01 nan
3.1305484492e-04 1.0176078360e-04 1.5736187949e+01 nan
2.4515363495e-04 1.3862071128e-04 1.4386882092e+01 nan
5.9938343601e-05 1.2845424595e-04 1.2402342074e+01 nan
-3.0866667547e-04 4.9393369582e-05 6.2713541140e+01 nan
-3.1179745574e-04 4.8579022741e-05 6.1881408459e+01 nan
-3.1709321369e-04 4.4991599343e-05 6.3650924812e+01 nan
-2.6221466289e-04 6.8680973540e-05 5.2372458160e+01 nan
-2.5742182860e-04 7.1977607768e-05 4.8917601274e+01 nan
3.4300721573e-04 1.5055975108e-05 2.3074092055e+01 nan
3.4700877065e-04 1.5196189807e-05 2.3717750561e+01 nan
-2.3014579337e-04 5.4301331951e-05 9.2362395144e+01 nan
-2.2737113440e-04 5.3959081643e-05 9.3772429464e+01 nan
1.8811108103e-04 1.5213908273e-04 1.5292752933e+01 nan
-1.3989503809e-04 1.0554979175e-04 3.3341692329e+01 nan
2.6028539654e-05 1.2438095039e-04 1.2784665854e+01 nan
1.0435112491e-04 1.2489136583e-04 8.9091370906e+00 nan
2.8001572160e-04 1.0975127106e-04 1.4895256900e+01 nan
1.3003985828e-04 8.1969110686e-05 1.9732014410e+01 nan
2.6611120118e-04 9.1956878397e-05 1.4356557615e+01 nan
2.6268549094e-04 9.4879842532e-05 1.4174857398e+01 nan
2.2608409338e-04 1.4106184834e-04 1.4432627536e+01 nan
1.8404756070e-04 1.0662540743e-04 8.4805690594e+00 nan
1.8062024731e-04 1.0910630001e-04 8.2825493287e+00 nan
2.6322137129e-04 9.8668316538e-05 1.4260680967e+01 nan
-2.5744656415e-04 4.3452994929e-05 1.0848126906e+02 nan
2.3644103846e-04 9.9752502321e-05 1.2519472463e+01 nan
3.6530961489e-04 4.0319519560e-05 2.6367890575e+01 nan
2.2446897560e-04 9.6726573201e-05 1.1428399697e+01 nan
-1.1185005507e-04 9.1800724621e-05 4.6178150291e+01 nan
-1.0900430951e-04 9.1700255435e-05 4.6241584213e+01 nan
3.2833542647e-04 4.3483880923e-05 2.0799081946e+01 nan
2.9008859983e-04 4.9300938300e-05 1.6345938289e+01 nan
2.8600835465e-04 4.8668138186e-05 1.5968519846e+01 nan
2.8191528654e-04 4.8019655736e-05 1.5598082965e+01 nan
-2.4336442814e-04 6.7802556857e-05 6.1923852904e+01 nan
2.5181991731e-04 9.9770404069e-05 1.3592203999e+01 nan
2.7635762438e-04 8.3085033677e-05 1.5007137695e+01 nan
2.5694356532e-04 8.2720869156e-05 1.3554614553e+01 nan
2.6095591659e-04 8.3575790157e-05 1.3879056466e+01 nan
2.9808900857e-04 1.0238373897e-04 1.5541736172e+01 nan
-2.2642517784e-04 4.3765883220e-05 1.1789920454e+02 nan
-2.4366842478e-04 4.3504466293e-05 1.1418561673e+02 nan
7.7643246181e-05 1.3249228044e-04 6.6303202395e+00 nan
-1.2220533652e-04 5.4369145469e-05 1.0054529208e+02 nan
8.5770205303e-05 1.0882560171e-04 1.7220122975e+01 nan
2.0738058378e-04 4.8161566462e-05 3.5307585495e+01 nan
2.1132248814e-04 4.8751929853e-05 3.4043984182e+01 nan
2.7952788977e-04 1.0591712918e-04 1.4964471326e+01 nan
-1.8595844936e-04 3.4686865130e-05 1.4367467859e+02 nan
-1.9352822325e-04 7.7126258065e-05 5.9722309990e+01 nan
3.2944426777e-04 5.1139000101e-05 2.0549008753e+01 nan
1.6146134309e-04 8.1878962682e-05 1.3316169602e+01 nan
-1.5013057975e-04 7.1884701691e-05 7.0834667834e+01 nan
1.4809655530e-04 8.7568025289e-05 1.3231268420e+01 nan
3.1427248186e-04 3.0990700011e-05 1.8993993008e+01 nan
2.3678698269e-04 7.8205320224e-05 1.1879889458e+01 nan
1.7996970175e-04 1.4583078522e-04 1.3986892628e+01 nan
-2.9478782442e-04 1.2701286623e-05 2.0744568973e+02 nan
-2.9862551167e-04 1.0960734684e-05 2.1800056264e+02 nan
-3.0197272523e-04 1.1234690348e-05 2.1277376509e+02 nan
2.0266447863e-04 6.2844939903e-05 1.4641455946e+01 nan
-1.6689910573e-04 3.0997565639e-05 1.5229487172e+02 nan
-2.2076515171e-04 3.0430322135e-05 1.5616814507e+02 nan
1.9866318521e-04 6.1924039347e-05 1.7171242151e+01 nan
-2.7526557881e-04 4.5487522890e-05 9.1886477682e+01 nan
2.7446246413e-04 5.0328079135e-05 1.4916070224e+01 nan
2.7520498160e-04 5.4000186058e-05 1.4959520393e+01 nan
3.0115443171e-04 2.5975823095e-05 1.7611813343e+01 nan
-1.9792126259e-04 3.1517367078e-05 1.5263683404e+02 nan
-3.4925143647e-04 1.2099030660e-05 1.1058745102e+02 nan
-3.4190490763e-04 1.1022002049e-05 1.3328622843e+02 nan
1.3091570150e-04 1.2895315594e-04 5.2725101317e+00 nan
-2.9357827606e-04 2.6337874674e-05 1.2604796434e+02 nan
1.1719724110e-04 1.2888239604e-04 4.8230218414e+00 nan
1.3942758459e-04 1.0100523252e-04 1.0223989840e+01 nan
2.9530284013e-04 3.5820140633e-05 1.6941372472e+01 nan
9.8874819014e-05 9.4804562313e-05 2.0176092648e+01 nan
1.0219129332e-04 9.6051223040e-05 1.9367234467e+01 nan
-1.7511110784e-04 1.6578372880e-05 1.9272462967e+02 nan
3.5558499308e-04 1.9323551480e-05 2.5750218341e+01 nan
-2.4979889330e-04 1.0818221877e-05 2.3006523398e+02 nan
6.7664019229e-05 1.1079389150e-04 2.0303150070e+01 nan
9.7875056659e-05 1.1481256663e-04 1.4017779309e+01 nan
1.6059102236e-04 1.3877418821e-04 1.0730274002e+01 nan
1.2740571567e-04 1.2711515493e-04 5.2584789046e+00 nan
1.9354229377e-04 5.4704115509e-05 3.1518463270e+01 nan
-3.0669082616e-04 7.4045749486e-06 2.4231928394e+02 nan
-3.1024290353e-04 7.6047317664e-06 2.3828381294e+02 nan
-2.8927976408e-04 4.0441702917e-05 8.5965511119e+01 nan
-1.6261333891e-04 5.3577691170e-05 1.0127465090e+02 nan
-2.4902464136e-04 4.8562144799e-05 9.9462596665e+01 nan
2.5265103718e-04 1.3679190250e-04 1.4344384228e+01 nan
2.5616357967e-04 1.3395527869e-04 1.4335469377e+01 nan
-3.2044652359e-04 1.6361053777e-05 1.3725440832e+02 nan
-3.2119888782e-04 4.3865670349e-05 6.3190328258e+01 nan
9.8764520938e-05 1.4697151350e-04 1.0590095756e+01 nan
-3.3658977206e-04 3.8935851916e-05 6.5692272801e+01 nan
-2.7634693515e-04 6.4239323830e-05 5.3424576861e+01 nan
2.2287610683e-04 1.4753051587e-04 1.4767058088e+01 nan
2.7450716883e-04 1.2717385001e-04 1.4383889712e+01 nan
3.2692671826e-04 9.3140636601e-05 1.6562880824e+01 nan
3.3035171583e-04 9.0052521818e-05 1.6907219523e+01 nan
1.9988984320e-04 1.5204708336e-04 1.5258431942e+01 nan
-1.9036718426e-04 9.5973423401e-05 3.7874398840e+01 nan
-1.0980870951e-04 1.1426647027e-04 2.5968733398e+01 nan
7.2838419134e-05 1.3416120264e-04 1.3173005514e+01 nan
3.3007895398e-04 1.0771629166e-05 2.0640035273e+01 nan
-2.4809908850e-04 7.6279780337e-05 4.5961095651e+01 nan
3.2358485595e-04 9.6312108678e-05 1.6236443277e+01 nan
3.6886618770e-04 4.0957523939e-05 2.6607617952e+01 nan
-1.2120523800e-04 1.1059904381e-04 2.9173590317e+01 nan
3.3415799213e-04 1.0978953139e-05 2.1239978015e+01 nan
3.5623382010e-04 5.9334839818e-05 2.1827224855e+01 nan
3.6273147208e-04 5.2377563806e-05 2.3498316690e+01 nan
3.6206839688e-04 1.1881282815e-05 2.5769971962e+01 nan
3.5812939238e-04 1.1817801773e-05 2.4903351244e+01 nan
3.6597011004e-04 1.1992507484e-05 2.6881655185e+01 nan
1.3678591747e-04 8.0959162993e-05 1.8722800861e+01 nan
3.4628742517e-04 1.1383572888e-05 2.3130465130e+01 nan
8.6168427792e-05 1.1461553347e-04 1.5330268152e+01 nan
4.4910755498e-05 1.0476212418e-04 2.6864084078e+01 nan
3.1766392387e-04 9.9692739883e-06 2.0034826483e+01 nan
3.1022812582e-04 1.2878405351e-05 2.0118654529e+01 nan
3.1699839659e-05 1.0160867592e-04 3.0930877979e+01 nan
2.3654425221e-05 1.0012747687e-04 3.3346079880e+01 nan
-8.0328554727e-05 9.1024827512e-05 4.6405891879e+01 nan
4.3871697470e-05 7.6889489164e-05 4.3093326341e+01 nan
2.6546986528e-04 8.4374803536e-06 4.7177977664e+01 nan
2.7608972442e-04 1.0888674319e-04 1.4813026126e+01 nan
2.3006777502e-04 1.4211306085e-04 1.4496879389e+01 nan
2.2966128339e-04 1.3833707508e-04 1.4324346087e+01 nan
1.8455815056e-04 1.1042698402e-04 8.7103864887e+00 nan
-3.6662283708e-04 1.1111500337e-05 9.9874180403e+01 nan
2.2047206241e-04 9.5679941182e-05 1.1052207445e+01 nan
3.0529278094e-04 2.6446035341e-05 1.8016233071e+01 nan
1.8110652987e-04 1.1291476589e-04 8.5509200991e+00 nan
2.4779423728e-04 1.2822190636e-04 1.4224490991e+01 nan
3.0828034937e-04 9.3119683353e-05 1.6306661363e+01 nan
1.8830444280e-04 8.6548563055e-05 9.4339612738e+00 nan
-1.1851715773e-04 1.1045050864e-04 2.9176808870e+01 nan
-2.3599873138e-04 6.8439439229e-05 6.3378216311e+01 nan
-3.0760132216e-04 2.2013777050e-05 1.2761896039e+02 nan
-1.4850468471e-04 8.7619574902e-05 5.0545015423e+01 nan
2.8374185769e-04 8.0859234725e-05 1.5534215775e+01 nan
2.8316765604e-04 7.7080748443e-05 1.5528517982e+01 nan
2.8714587850e-04 7.7827503317e-05 1.5810886558e+01 nan
3.2607434334e-04 5.4458408025e-05 1.9966766040e+01 nan
-3.2337251463e-04 3.5762423147e-05 7.1608776391e+01 nan
7.7134856396e-05 1.0497072339e-04 1.9811788257e+01 nan
-2.6174663755e-04 2.5375924255e-05 1.6478654957e+02 nan
-1.6150191153e-04 1.0109382979e-04 3.6303408001e+01 nan
-2.0860965125e-04 4.4470969294e-05 1.1851747908e+02 nan
-1.5768848771e-04 4.9812224169e-05 1.0884208622e+02 nan
3.2984044478e-04 8.5959035643e-05 1.7357649989e+01 nan
3.3369424327e-04 8.6857568857e-05 1.7288459310e+01 nan
-1.1649606555e-04 1.0619574035e-04 3.2441975403e+01 nan
-1.3509616373e-04 5.4622524940e-05 9.9872407010e+01 nan
-1.4042946412e-04 5.2951942009e-05 1.0293585731e+02 nan
6.8482349755e-05 1.3347884074e-04 6.0253454671e+00 nan
1.9974526498e-04 8.6387540219e-05 9.5408589768e+00 nan
-5.9967396240e-05 5.3889135101e-05 1.0243282791e+02 nan
-2.3094083192e-04 6.7438824417e-05 6.6677534052e+01 nan
-1.7609797635e-04 8.1594179959e-05 5.5940145067e+01 nan
1.9560541775e-04 1.4709301218e-04 1.4635029593e+01 nan
-1.6679749977e-04 1.0163972502e-04 3.5420270761e+01 nan
-2.2596128862e-04 6.8766512197e-05 6.5800285533e+01 nan
-2.0838532285e-04 7.2604154001e-05 6.3744305797e+01 nan
-1.9080141000e-04 7.6829831910e-05 6.0527796476e+01 nan
1.2708878112e-04 1.1618558548e-04 7.5161378945e+00 nan
-8.6799913604e-05 1.1546869695e-04 2.3029626892e+01 nan
-1.3151735692e-04 8.6666571911e-05 5.2022610419e+01 nan
1.2999788958e-04 1.5162057729e-04 1.2762296384e+01 nan
1.2964039714e-04 1.5534813108e-04 1.4416111277e+01 nan
1.2598083659e-04 1.5332868013e-04 1.3387032686e+01 nan
1.3336532583e-04 1.5727691301e-04 1.5853566800e+01 nan
-1.3623139631e-04 7.3208372682e-05 6.9352130866e+01 nan
3.4175599597e-04 2.9825044551e-05 2.3371736067e+01 nan
3.4234127240e-04 3.3648144595e-05 2.3381776257e+01 nan
2.5704387946e-04 2.5114874589e-05 4.2477154027e+01 nan
-1.9912200504e-04 9.0731430093e-05 4.1825338433e+01 nan
-1.7711076480e-04 6.7568253071e-05 7.5832598075e+01 nan
-1.8000820163e-04 6.7768378659e-05 7.5265532703e+01 nan
-1.9892794529e-04 7.7762706057e-05 5.7972394919e+01 nan
1.5271915294e-04 1.2795219420e-04 7.1512103394e+00 nan
1.5292300318e-04 1.3180392939e-04 7.9314750118e+00 nan
1.4914336772e-04 1.3015266472e-04 7.1070686725e+00 nan
1.4929684601e-04 1.3400533564e-04 8.0436981438e+00 nan
-1.4975270182e-04 1.0424696146e-04 3.4191876655e+01 nan
-1.6775554918e-04 8.0891594014e-05 5.7556837924e+01 nan
-1.4525134228e-04 1.0596581285e-04 3.2916102335e+01 nan
1.9302706304e-04 9.1514806000e-05 9.1117773252e+00 nan
1.9366857260e-04 9.5275997035e-05 9.0414938907e+00 nan
-1.4419731585e-04 7.1616270007e-05 7.1435431989e+01 nan
1.8428015804e-04 8.5337139072e-05 9.8622399644e+00 nan
2.0224334850e-04 1.0143702208e-04 9.7936016614e+00 nan
2.4338171051e-04 1.2344911979e-04 1.3984251559e+01 nan
8.9731026786e-05 1.4365002570e-04 4.4399799246e+00 nan
1.3193805844e-04 9.4962115787e-05 1.3040261521e+01 nan
2.6473083107e-04 1.1007139073e-04 1.4440792555e+01 nan
-2.6778469857e-04 2.5983011351e-05 1.5801384581e+02 nan
1.9407021669e-04 1.2819510191e-04 1.1777292237e+01 nan
-6.3262452954e-05 5.3882710514e-05 1.0241961582e+02 nan
-6.6557158533e-05 5.3880422167e-05 1.0238925998e+02 nan
-6.3244690239e-05 5.7390470302e-05 9.6094649506e+01 nan
2.1363018267e-04 1.0106399052e-04 1.0749917764e+01 nan
-2.1630874510e-04 7.3754041549e-05 6.0237338528e+01 nan
3.7118473930e-04 2.4409121899e-05 3.0386431864e+01 nan
3.7476545870e-04 2.4848308714e-05 3.1553557939e+01 nan
3.7446802749e-04 2.0566025834e-05 3.1874805363e+01 nan
3.7803059830e-04 2.0981502009e-05 3.3479944023e+01 nan
3.7825879697e-04 2.5387687102e-05 3.2575749295e+01 nan
3.8131998725e-04 1.7055976082e-05 3.5816843474e+01 nan
3.5877796918e-04 4.7497839664e-05 2.4229255637e+01 nan
2.0670776415e-04 6.3812716041e-05 1.2684387516e+01 nan
1.8093923682e-04 6.7538921810e-05 1.8152807915e+01 nan
-4.9052921361e-05 3.0507882063e-05 1.5097665776e+02 nan
2.5631765371e-04 1.0446856668e-04 1.3981658707e+01 nan
1.6812608475e-04 1.3791403823e-04 1.1303758708e+01 nan
-1.0337611375e-04 5.9430805444e-05 9.1799716525e+01 nan
-1.0258071495e-04 5.4094506731e-05 1.0137602218e+02 nan
-9.9310852192e-05 5.4061626044e-05 1.0149508363e+02 nan
-7.3144174057e-05 5.3887600188e-05 1.0228532261e+02 nan
-7.6435823565e-05 5.3896759311e-05 1.0221532355e+02 nan
-7.9725801343e-05 5.3909476454e-05 1.0213530994e+02 nan
-2.1204734952e-04 6.2545808855e-05 7.9899891626e+01 nan
-2.0406214612e-04 6.3760555663e-05 7.9080680627e+01 nan
3.4968286516e-05 8.1486247941e-05 4.3156257729e+01 nan
3.6143698663e-05 7.7591230118e-05 4.5061652445e+01 nan
3.0465958939e-05 7.6691659177e-05 5.0487150475e+01 nan
2.7596567028e-05 7.6285530207e-05 5.2908295060e+01 nan
2.2719889637e-05 7.7637906921e-05 5.4416780481e+01 nan
1.6909073493e-05 7.6962713607e-05 5.7838630111e+01 nan
1.3982871680e-05 7.6659145714e-05 5.9313138058e+01 nan
4.0810402367e-06 7.3870146011e-05 6.5734215092e+01 nan
-4.9317603335e-06 7.3275536427e-05 6.8320807008e+01 nan
-7.9533264673e-06 7.3108079553e-05 6.8990879410e+01 nan
-1.4017906474e-05 7.2811575615e-05 7.0094497639e+01 nan
-1.7060092652e-05 7.2683069727e-05 7.0539424174e+01 nan
-2.3160869646e-05 7.2458364873e-05 7.1252938625e+01 nan
-2.6218726067e-05 7.2362882932e-05 7.1530140072e+01 nan
-3.2346491158e-05 7.2199127198e-05 7.1956306182e+01 nan
-3.5415727493e-05 7.2131723840e-05 7.2111423479e+01 nan
-4.1562441010e-05 7.2019925466e-05 7.2330746841e+01 nan
-4.4639276554e-05 7.1976536030e-05 7.2398991489e+01 nan
-4.9343920230e-05 7.3779462652e-05 6.9680911708e+01 nan
-5.3878797968e-05 7.1886729919e-05 7.2480254085e+01 nan
-5.8526061380e-05 7.3718773716e-05 6.9680936692e+01 nan
-6.3124601416e-05 7.1853918454e-05 7.2418819384e+01 nan
-6.7710021882e-05 7.3712818320e-05 6.9571643917e+01 nan
-7.2367584722e-05 7.1871815979e-05 7.2258472152e+01 nan
-7.6887021754e-05 7.3756093599e-05 6.9385452636e+01 nan
-8.1599054523e-05 7.1934881074e-05 7.2028551011e+01 nan
-8.6048428982e-05 7.3844741018e-05 6.9141031639e+01 nan
-9.0810262028e-05 7.2042106880e-05 7.1741002393e+01 nan
-9.3872712128e-05 7.2086696923e-05 7.1634378350e+01 nan
1.7943307561e-05 7.3164271625e-05 6.1799825961e+01 nan
9.0283240088e-06 7.2343128709e-05 6.6317645845e+01 nan
4.8679111507e-09 7.1685736256e-05 6.9583436069e+01 nan
-5.6863339617e-06 7.7036856170e-05 6.3371263665e+01 nan
3.2152403749e-06 7.7648638338e-05 6.1113079912e+01 nan
3.2710905705e-04 3.5941483228e-05 2.0813584906e+01 nan
4.5401640393e-05 8.1422387987e-05 3.8628940401e+01 nan
4.8235205883e-05 8.2025445050e-05 3.7280582042e+01 nan
-1.1771664134e-04 5.2528786512e-05 1.0406235707e+02 nan
-1.8006342225e-04 3.6281875418e-05 1.3943466726e+02 nan
-5.4435634318e-05 2.8887913565e-05 1.5486102068e+02 nan
-1.0329826822e-04 9.1518257693e-05 4.6336333893e+01 nan
-8.6299489119e-05 5.3945131160e-05 1.0195025433e+02 nan
-8.9561910952e-05 5.3976501390e-05 1.0183170534e+02 nan
2.5286775691e-04 6.0420282905e-05 1.3075716541e+01 nan
-1.7141413680e-04 7.4039950290e-06 2.1839082031e+02 nan
2.3809049913e-04 8.5679105155e-05 1.2125464328e+01 nan
2.4492299889e-04 1.0546537802e-04 1.3354835446e+01 nan
-1.8128318342e-04 7.1857361953e-05 6.8834192406e+01 nan
2.5887338276e-04 3.3973211840e-05 3.2130157419e+01 nan
1.7441949406e-04 7.2380383021e-05 1.5914540678e+01 nan
3.3317717718e-04 8.2733824923e-05 1.7769576737e+01 nan
3.4021357171e-04 8.0234124915e-05 1.8169915425e+01 nan
2.4281530506e-04 6.8904024751e-05 1.2288106785e+01 nan
2.6192585845e-04 1.1190913944e-05 4.6270064720e+01 nan
2.6135658967e-04 8.3143702571e-06 4.8095831644e+01 nan
2.5785254184e-04 1.0987062458e-05 4.7104456338e+01 nan
2.5727573690e-04 8.1273174996e-06 5.0270740336e+01 nan
2.5379520027e-04 1.0766196844e-05 4.8868420210e+01 nan
2.5332505409e-04 7.9019877551e-06 5.2953702716e+01 nan
5.3933845030e-05 8.3323774830e-05 3.4649506620e+01 nan
2.7661818475e-04 6.1386417926e-05 1.5055477731e+01 nan
-2.0921049489e-04 3.5341571583e-05 1.4213110522e+02 nan
-7.2358128944e-05 1.0902220303e-04 2.6843940406e+01 nan
-1.0043873978e-04 9.1436129972e-05 4.6369714270e+01 nan
-1.8932644241e-04 3.4762397053e-05 1.4357749897e+02 nan
-1.2202322341e-04 6.8956460215e-05 7.5928788970e+01 nan
3.2589981472e-04 1.0576604064e-05 2.0111676789e+01 nan
5.9017732166e-05 8.2326320554e-05 3.4019413132e+01 nan
6.2582587907e-05 8.5517650449e-05 3.0906914349e+01 nan
3.1300974473e-04 4.5304965386e-05 1.8779449415e+01 nan
-9.4708878487e-05 9.1289494761e-05 4.6412053203e+01 nan
2.4977466500e-04 1.0533122333e-05 5.1026141016e+01 nan
2.4926371005e-04 7.7603656182e-06 5.6072712498e+01 nan
2.4517671615e-04 7.6055868844e-06 5.9478786265e+01 nan
6.8431349310e-05 8.7157558529e-05 2.8575309593e+01 nan
-1.9468244339e-04 4.9367496819e-05 1.0841251161e+02 nan
7.3796951899e-05 8.6338201991e-05 2.7923594499e+01 nan
2.4116771569e-04 7.4294260745e-06 6.3226785842e+01 nan
3.3979552107e-04 7.6172936337e-05 1.8704809668e+01 nan
3.4366788193e-04 7.6871583804e-05 1.8670910866e+01 nan
3.4312809775e-04 7.2851937819e-05 1.9233551313e+01 nan
3.4711883269e-04 7.3561977077e-05 1.9202820612e+01 nan
3.4645692293e-04 6.9513957391e-05 1.9805539952e+01 nan
2.8115598921e-04 4.4361184100e-05 1.5554450103e+01 nan
2.3319852406e-04 7.0812211055e-06 7.1560511124e+01 nan
2.2927665466e-04 6.8812234890e-06 7.6300293943e+01 nan
2.2539914353e-04 6.6817901795e-06 8.1162832874e+01 nan
1.2905498786e-05 9.2439657205e-05 4.2523681242e+01 nan
-1.9554512685e-04 6.2990926730e-05 8.1619426288e+01 nan
2.2138858807e-04 6.5614018564e-06 8.6165113413e+01 nan
2.1733102583e-04 6.4410702719e-06 9.1524009125e+01 nan
2.0340531741e-04 6.6411935579e-05 1.2126813058e+01 nan
2.1335769925e-04 6.2944580012e-06 9.7143833148e+01 nan
2.0939131307e-04 6.1538533737e-06 1.0329499658e+02 nan
-3.0313236905e-04 7.2167947272e-06 2.4537396269e+02 nan
3.4238333185e-04 1.1166620105e-05 2.2598100767e+01 nan
2.7111145725e-04 5.3284106636e-05 1.4605793794e+01 nan
2.0205016929e-04 8.0678019214e-06 9.9366009774e+01 nan
1.9810318726e-04 7.8942454408e-06 1.0519257764e+02 nan
-1.8575454838e-04 6.8199468136e-05 7.4018499849e+01 nan
1.9416418286e-04 7.7264037148e-06 1.1144549947e+02 nan
1.9020290654e-04 7.5761056382e-06 1.1792420618e+02 nan
2.2901869397e-04 1.0152533220e-04 1.2041904134e+01 nan
-3.9806780929e-06 9.0811285393e-05 4.5937470880e+01 nan
1.8622963198e-04 7.4335085776e-06 1.2485209533e+02 nan
1.8226021907e-04 7.2988075329e-06 1.3214629699e+02 nan
2.7922173458e-04 1.7648060196e-05 4.4632695918e+01 nan
1.7433605983e-04 7.0444153609e-06 1.4793004497e+02 nan
1.7037914459e-04 6.9280046978e-06 1.5634598887e+02 nan
-3.0743137988e-04 4.1227770759e-05 7.1883390061e+01 nan
-9.6662327797e-06 9.0413368533e-05 4.6643823166e+01 nan
1.6643069733e-04 6.8202440679e-06 1.6500323414e+02 nan
1.6246191000e-04 6.7309607076e-06 1.7355128440e+02 nan
1.5848429217e-04 6.6519222463e-06 1.8207129329e+02 nan
1.5451480269e-04 6.5822620300e-06 1.9040365370e+02 nan
1.5056006950e-04 6.5173644575e-06 1.9841225368e+02 nan
3.7411417000e-04 1.6367219562e-05 3.1423261665e+01 nan
1.7718258443e-04 1.1156292121e-04 8.0923521243e+00 nan
3.7367429911e-04 1.2226459316e-05 3.0086634686e+01 nan
4.0896269281e-05 1.1902868845e-04 1.6011224099e+01 nan
-3.0305712199e-04 3.8547461600e-05 7.7750065098e+01 nan
2.9483798639e-04 5.3623550500e-05 1.6763731959e+01 nan
1.3089077220e-04 6.3257529280e-06 2.3052164009e+02 nan
1.2697499415e-04 6.3120489468e-06 2.3608943471e+02 nan
1.2307339815e-04 6.3026700816e-06 2.4115452133e+02 nan
1.0369475595e-04 6.2963114676e-06 2.3091072077e+02 nan
9.9835902043e-05 6.2913344046e-06 2.2748373531e+02 nan
9.5978438969e-05 6.2845080076e-06 2.2445508347e+02 nan
7.6671319443e-05 6.2316239926e-06 2.1486957891e+02 nan
7.2801647054e-05 6.2186197377e-06 2.1376238495e+02 nan
6.8928613448e-05 6.2050610117e-06 2.1285160692e+02 nan
4.9510453332e-05 6.1339736817e-06 2.1050419791e+02 nan
4.5622926193e-05 6.1161626512e-06 2.1036639661e+02 nan
4.1738558614e-05 6.0985796937e-06 2.1030070285e+02 nan
2.2190376315e-05 6.0402168215e-06 2.1059261873e+02 nan
1.8276967142e-05 6.0284887935e-06 2.1072982994e+02 nan
1.4361431729e-05 6.0172283237e-06 2.1087545587e+02 nan
-9.1669632829e-06 5.9610533789e-06 2.1170268165e+02 nan
-1.3093805603e-05 5.9538591260e-06 2.1181220727e+02 nan
-3.6661996721e-05 5.9190584879e-06 2.1229537821e+02 nan
-4.0591559100e-05 5.9149756608e-06 2.1235576717e+02 nan
-4.4522676247e-05 5.9111498055e-06 2.1241477330e+02 nan
-1.3526788392e-04 7.7022497569e-05 6.4069123721e+01 nan
-1.3920946516e-04 7.3327367170e-05 6.9106052033e+01 nan
-6.8100984853e-05 5.8951334598e-06 2.1282830948e+02 nan
-7.2030377825e-05 5.8934288790e-06 2.1292290461e+02 nan
-9.5598661805e-05 5.8880940836e-06 2.1378441310e+02 nan
1.4387495304e-04 1.0959914421e-04 8.1667580393e+00 nan
-3.4351047597e-04 8.1126143805e-06 1.4381358802e+02 nan
-3.3829048696e-04 1.0485566844e-05 1.4021557267e+02 nan
-3.3982795760e-04 7.6810169109e-06 1.5595479957e+02 nan
-3.3618208065e-04 7.2821342887e-06 1.7022128416e+02 nan
7.7752473030e-05 1.1041829248e-04 1.7924303058e+01 nan
-1.0849631432e-04 7.6139966906e-05 6.5644521435e+01 nan
1.4552418729e-04 1.3230706359e-04 7.2318951728e+00 nan
1.4537106408e-04 1.2844948271e-04 6.5289284385e+00 nan
1.8033632423e-04 6.4243564294e-05 2.2589463634e+01 nan
1.7707252314e-04 6.6633120324e-05 2.0817165234e+01 nan
1.7649919683e-04 6.3423229874e-05 2.5664579603e+01 nan
1.7269462237e-04 6.2638842859e-05 2.8179166466e+01 nan
1.6568918038e-04 6.4152534355e-05 2.7704805617e+01 nan
1.6622182845e-04 6.7255789098e-05 2.4778565136e+01 nan
1.6247649911e-04 6.6426276671e-05 2.6374391280e+01 nan
1.6192521634e-04 6.3350704756e-05 2.7842334062e+01 nan
1.5815688615e-04 6.2545402987e-05 2.8425351793e+01 nan
1.5438382499e-04 6.1737482580e-05 2.9219749550e+01 nan
1.4745858376e-04 6.3090305670e-05 2.9198310283e+01 nan
1.4998267486e-04 5.7981865431e-05 3.2610016163e+01 nan
1.4368311043e-04 6.2259315710e-05 3.0572278087e+01 nan
1.4302230589e-04 5.9329113718e-05 3.3066270963e+01 nan
1.3921709832e-04 5.8542045638e-05 3.4751502555e+01 nan
1.3540196254e-04 5.7765352567e-05 3.6633361405e+01 nan
1.3157508935e-04 5.7002001123e-05 3.8738189622e+01 nan
1.2468810317e-04 5.8265633708e-05 3.9278827475e+01 nan
1.2094526268e-04 5.7521005517e-05 4.0837246056e+01 nan
1.2327804431e-04 5.2839587675e-05 4.4747742048e+01 nan
1.1653777965e-04 5.4141874753e-05 4.5283035087e+01 nan
1.1287686473e-04 5.3482207843e-05 4.7026491533e+01 nan
1.0925334141e-04 5.2844222542e-05 4.8831137682e+01 nan
1.0281758734e-04 5.4138824649e-05 4.9367282152e+01 nan
9.9300839126e-05 5.3531513247e-05 5.1235031583e+01 nan
9.5817736084e-05 5.2948035991e-05 5.3159226505e+01 nan
9.1653705483e-05 4.9993178190e-05 5.8783949274e+01 nan
9.7901888032e-05 4.8640056001e-05 5.8250050320e+01 nan
8.4833134339e-05 4.9013267270e-05 6.3210108125e+01 nan
8.1465751252e-05 4.8556186043e-05 6.5532020505e+01 nan
7.5549373958e-05 4.9935324024e-05 6.5986971604e+01 nan
7.2265181233e-05 4.9513679236e-05 6.8352472388e+01 nan
6.9006128256e-05 4.9114045938e-05 7.0789206771e+01 nan
6.2554173652e-05 4.8381591275e-05 7.5872164976e+01 nan
6.7513848209e-05 4.4830226097e-05 8.0766566329e+01 nan
5.9360912282e-05 4.8047467511e-05 7.8522900816e+01 nan
5.7824988895e-05 4.3946358017e-05 8.9832165176e+01 nan
4.9096832904e-05 4.5189255342e-05 9.3188018065e+01 nan
4.5967777733e-05 4.4965779060e-05 9.5806487822e+01 nan
3.9640670656e-05 4.4545520789e-05 9.9835219277e+01 nan
3.6441129924e-05 4.4348434819e-05 1.0190903942e+02 nan
3.0975790669e-05 4.5850772588e-05 1.0110142521e+02 nan
2.6715036933e-05 4.3810095638e-05 1.0777429091e+02 nan
2.3435011875e-05 4.3648536270e-05 1.0955149737e+02 nan
1.7957152327e-05 4.5168386339e-05 1.0842713964e+02 nan
1.4661295994e-05 4.5021504927e-05 1.0997679081e+02 nan
8.0279064226e-06 4.4755004312e-05 1.1273162589e+02 nan
4.6928983038e-06 4.4635037311e-05 1.1394107764e+02 nan
1.3468050371e-06 4.4523484330e-05 1.1504354720e+02 nan
-5.3747833520e-06 4.4324505371e-05 1.1694575474e+02 nan
-8.7485495181e-06 4.4236529789e-05 1.1775556623e+02 nan
-1.8913624070e-05 4.4014853175e-05 1.1968547308e+02 nan
-2.2312574460e-05 4.3953756207e-05 1.2018098147e+02 nan
-3.2539247446e-05 4.3805623898e-05 1.2129772622e+02 nan
-3.5955460203e-05 4.3766864042e-05 1.2156362521e+02 nan
-4.9643950119e-05 4.3657871077e-05 1.2221595484e+02 nan
-4.9493602926e-05 4.0313875507e-05 1.2917224112e+02 nan
-5.9911174501e-05 4.0276216247e-05 1.2935682542e+02 nan
-6.3382663602e-05 4.0270096797e-05 1.2937481629e+02 nan
-6.6853480731e-05 4.0266799301e-05 1.2937597293e+02 nan
-7.7261626334e-05 4.0272870052e-05 1.2930111713e+02 nan
-8.0728386032e-05 4.0279899023e-05 1.2925671435e+02 nan
-9.1117307540e-05 4.0314504753e-05 1.2908883000e+02 nan
-9.4575740812e-05 4.0330433324e-05 1.2902539404e+02 nan
-9.9525217185e-05 5.8878699636e-06 2.1399003895e+02 nan
-1.0345127124e-04 5.8877988363e-06 2.1421682198e+02 nan
3.3953536477e-04 4.0973397475e-05 2.2547644793e+01 nan
3.0196685090e-04 2.9593922004e-05 1.7659206851e+01 nan
4.1012368901e-05 7.6374065167e-05 4.4535442189e+01 nan
3.0362648858e-04 1.9240956195e-05 1.7873679875e+01 nan
-2.7068136435e-04 2.6350582590e-05 1.5387476086e+02 nan
-2.6723878300e-04 3.0032627972e-05 1.4281796820e+02 nan
-5.4654995956e-05 3.8633603696e-05 1.3283646466e+02 nan
-3.5621861393e-05 4.0413394390e-05 1.2850413374e+02 nan
-2.5835924681e-04 3.0978900976e-05 1.4565953159e+02 nan
-2.1799774467e-05 4.0584521380e-05 1.2711715367e+02 nan
-4.6350619663e-06 4.0922584750e-05 1.2392120576e+02 nan
-5.4446948829e-05 9.4879819786e-05 4.1248072886e+01 nan
-3.1757460017e-05 9.5318056545e-05 4.0542458221e+01 nan
-3.7084817466e-04 1.6602709364e-05 1.2290816791e+02 nan
-2.6114553086e-05 9.5523291780e-05 4.0304269483e+01 nan
7.6818753708e-05 8.7252995626e-05 2.6808155412e+01 nan
8.2409276153e-05 8.6487104484e-05 2.6191213911e+01 nan
8.5537169593e-05 8.7476138105e-05 2.5116782932e+01 nan
8.6057525610e-05 9.0237879472e-05 2.3716296046e+01 nan
8.9202994144e-05 9.1315764644e-05 2.2770720106e+01 nan
-1.4880048731e-05 9.6075087026e-05 3.9667619717e+01 nan
-9.2930034475e-06 9.6431578573e-05 3.9229118014e+01 nan
-3.7292327545e-06 9.6849574986e-05 3.8676944171e+01 nan
-1.2699543517e-04 5.8907019564e-06 2.1608507689e+02 nan
1.0497700447e-04 4.9730073508e-05 5.4077532366e+01 nan
-9.9476478647e-05 7.5941381317e-05 6.5998312204e+01 nan
2.0013437272e-04 4.9942046270e-05 3.4591129700e+01 nan
2.0283275943e-04 4.4600483037e-05 3.6158785213e+01 nan
1.9890456017e-04 4.4010680657e-05 3.6606927774e+01 nan
1.9498550226e-04 4.3417194084e-05 3.7193488536e+01 nan
1.9107497596e-04 4.2822623447e-05 3.7891059922e+01 nan
1.8391411958e-04 4.4504930544e-05 3.7577041523e+01 nan
1.8002625712e-04 4.3892673158e-05 3.8506949384e+01 nan
1.7938247689e-04 4.1043639525e-05 4.0816139658e+01 nan
1.7614606791e-04 4.3277588443e-05 3.9599469960e+01 nan
1.7549506258e-04 4.0457344437e-05 4.2098953817e+01 nan
1.7161031060e-04 3.9876528614e-05 4.3523381546e+01 nan
1.6772654441e-04 3.9302554128e-05 4.5099923639e+01 nan
1.6384270849e-04 3.8736330846e-05 4.6829440903e+01 nan
6.2902452979e-05 1.1107117841e-04 2.2611756074e+01 nan
1.5676060800e-04 4.0301680755e-05 4.7247641256e+01 nan
1.5287871313e-04 3.9732693702e-05 4.9250680349e+01 nan
1.3086823964e-04 5.4232364058e-05 4.1549655709e+01 nan
1.4899281195e-04 3.9175272985e-05 5.1415951696e+01 nan
1.4828413035e-04 3.6572439512e-05 5.5296903674e+01 nan
1.4510214284e-04 3.8630576801e-05 5.3742410447e+01 nan
1.4438440625e-04 3.6062190869e-05 5.7818003014e+01 nan
1.4120471424e-04 3.8102544536e-05 5.6219867187e+01 nan
1.4047923580e-04 3.5566438731e-05 6.0445139603e+01 nan
1.3657390813e-04 3.5085493256e-05 6.3067367405e+01 nan
1.3270149403e-04 3.4622175721e-05 6.5688999879e+01 nan
1.4039458112e-04 8.2037548941e-05 1.7864405190e+01 nan
1.2576692879e-04 3.6139051562e-05 6.6234754798e+01 nan
1.2198908074e-04 3.5693904888e-05 6.8936551702e+01 nan
1.1824378773e-04 3.5267647752e-05 7.1771958891e+01 nan
1.1453043847e-04 3.4860643600e-05 7.4753367009e+01 nan
1.0287569695e-04 3.1584845886e-05 9.1867962489e+01 nan
9.9282170551e-05 3.1293381829e-05 9.5918452574e+01 nan
9.5716359713e-05 3.1021648361e-05 1.0010159048e+02 nan
-1.3091719783e-04 5.8915851290e-06 2.1649153851e+02 nan
8.8664872546e-05 3.0536044134e-05 1.0873237396e+02 nan
8.5177691384e-05 3.0321092408e-05 1.1310543679e+02 nan
8.1715047301e-05 3.0124016953e-05 1.1743683208e+02 nan
7.8276136321e-05 2.9943954706e-05 1.2169116897e+02 nan
7.2207578561e-05 3.1511667957e-05 1.2079456037e+02 nan
6.8093031906e-05 2.9497862269e-05 1.3368536505e+02 nan
6.2177682287e-05 3.1076057122e-05 1.3103167371e+02 nan
5.8841698070e-05 3.0947712384e-05 1.3157455753e+02 nan
5.5483565133e-05 3.0823534153e-05 1.3259987514e+02 nan
4.8707881848e-05 3.0584667755e-05 1.3471356575e+02 nan
4.5292564402e-05 3.0469477875e-05 1.3588028613e+02 nan
4.1859886475e-05 3.0357965148e-05 1.3709006842e+02 nan
3.4946272204e-05 3.0146246617e-05 1.3956088630e+02 nan
3.1467111723e-05 3.0046402766e-05 1.4078986049e+02 nan
2.7973468444e-05 2.9952951701e-05 1.4199027266e+02 nan
1.7420807574e-05 2.9692696300e-05 1.4536561848e+02 nan
1.3881792907e-05 2.9613238293e-05 1.4638860221e+02 nan
-3.6589571376e-07 2.9347521637e-05 1.4982559611e+02 nan
-3.9467515366e-06 2.9292185368e-05 1.5052039021e+02 nan
1.5757509086e-04 5.9538431772e-05 3.0361508254e+01 nan
1.6791951073e-04 1.3409846450e-04 1.0347128236e+01 nan
9.5156417721e-05 1.4813437206e-04 1.3185541680e+01 nan
1.3442491048e-04 1.2698115089e-04 5.5574520151e+00 nan
6.4236988002e-05 8.1352632750e-05 3.3448188851e+01 nan
1.9141368838e-04 6.3541784134e-05 1.8406086688e+01 nan
-2.0683144065e-04 5.0087183078e-05 1.0572747416e+02 nan
2.8188118678e-04 1.2514557249e-04 1.4407739233e+01 nan
2.8532184510e-04 1.2218533721e-04 1.4511390588e+01 nan
2.8485384042e-04 1.1832736201e-04 1.4677700540e+01 nan
2.8875408238e-04 1.1920757428e-04 1.4633246318e+01 nan
1.2262658195e-04 1.0098326885e-04 1.2774594219e+01 nan
-1.8143232344e-04 1.5050397391e-05 1.9823434729e+02 nan
-1.5443096725e-04 5.9005032879e-06 2.1959374831e+02 nan
-1.5834652345e-04 5.9032983802e-06 2.2022942877e+02 nan
2.0390979979e-04 1.5321244238e-04 1.5337090885e+01 nan
2.0759165896e-04 1.5061674384e-04 1.5074662499e+01 nan
-2.8783857469e-04 4.5139367278e-05 8.0856489226e+01 nan
-2.8561294027e-04 4.4174751032e-05 8.4851879715e+01 nan
-3.0647092596e-04 2.4548946914e-05 1.1848052460e+02 nan
-1.8144947086e-04 2.6220957827e-05 1.6619211563e+02 nan
-2.2256906862e-04 2.5266362481e-05 1.7263185344e+02 nan
-2.2597807444e-04 2.5358778714e-05 1.7242571131e+02 nan
-2.7630953792e-04 4.0892640484e-05 1.0149180771e+02 nan
-2.5671251017e-04 5.0062386870e-05 9.2562677038e+01 nan
-2.4086724067e-04 5.3741613654e-05 9.0486330551e+01 nan
2.3047873128e-04 1.4587354624e-04 1.4636869200e+01 nan
2.3405461221e-04 1.4314915948e-04 1.4526060847e+01 nan
-3.2893215858e-04 6.6155515615e-06 2.0133195331e+02 nan
-3.2531026313e-04 6.3502830459e-06 2.1679247953e+02 nan
-9.6054410319e-05 5.4029296248e-05 1.0161400372e+02 nan
-9.5587686856e-05 5.7552560385e-05 9.5241754039e+01 nan
-2.8524923935e-04 6.5372450158e-06 2.5611839355e+02 nan
-2.5417764286e-04 4.9525971473e-05 9.4985384273e+01 nan
1.2552019781e-04 1.5700682692e-04 1.5397261446e+01 nan
3.3743816917e-04 8.7632538587e-05 1.7193445175e+01 nan
-2.9449040600e-04 4.0103168117e-05 8.2338259466e+01 nan
4.8981196836e-05 1.2860846625e-04 1.7920013762e+01 nan
1.8052944908e-04 1.5703611826e-04 1.6140575347e+01 nan
1.8834720866e-04 1.5587853160e-04 1.5843612007e+01 nan
3.5334205203e-04 6.6918371026e-05 2.0381002253e+01 nan
-2.0423636908e-04 9.1564376777e-05 3.9858005973e+01 nan
3.7692374205e-04 8.3671440824e-06 3.0096647193e+01 nan
3.6532006200e-04 8.0051026583e-06 2.5172061857e+01 nan
3.2923833609e-04 7.1502654882e-06 1.9990096417e+01 nan
2.9673038154e-04 6.1830092731e-06 4.3892860753e+01 nan
2.7284453746e-04 5.8681900210e-06 4.7994450305e+01 nan
3.1345694039e-04 1.0564041179e-04 1.5412552521e+01 nan
3.1686799476e-04 1.0258199466e-04 1.5660640653e+01 nan
3.1007439351e-04 1.0872020608e-04 1.5182674167e+01 nan
3.5372241836e-04 7.1083773636e-05 1.9660012216e+01 nan
-4.0466765133e-05 2.9730056445e-06 2.1981475785e+02 nan
-1.3955894784e-04 2.9475367925e-06 2.2557795919e+02 nan
-3.3108697721e-04 4.0886077907e-05 6.2803273505e+01 nan
-3.0262334610e-04 2.6239908487e-05 1.1632491140e+02 nan
-2.9713729399e-04 2.4700410970e-05 1.2885044514e+02 nan
-2.2984331254e-04 5.0118797237e-05 1.0175375250e+02 nan
-2.3950964880e-04 2.5831084910e-05 1.7019397292e+02 nan
1.8789177190e-04 1.4838951804e-04 1.4694092055e+01 nan
1.7962264892e-04 1.3826806080e-04 1.2399056258e+01 nan
-1.7595042248e-04 4.8568222522e-05 1.1102366541e+02 nan
1.4936959054e-04 1.3785015400e-04 9.1357510607e+00 nan
-1.6366488166e-04 2.6048095574e-05 1.6503891867e+02 nan
-1.5284413346e-04 2.5965474000e-05 1.6440778411e+02 nan
-1.2777258259e-04 5.8060513140e-05 9.3759207599e+01 nan
-2.3880090083e-04 7.8399953661e-05 4.6338966317e+01 nan
-2.3891487824e-04 8.0800263492e-05 4.2701996213e+01 nan
8.0698681620e-05 1.1454061316e-04 1.6126976475e+01 nan
1.8363330395e-04 6.1853284003e-05 2.4613175638e+01 nan
6.3279403730e-05 1.1353876525e-04 2.2375474608e+01 nan
2.5870163019e-04 9.4007586298e-05 1.3900735192e+01 nan
2.6554667654e-04 8.8181448589e-05 1.4277123460e+01 nan
2.1977505855e-05 2.6485077366e-05 1.5280108323e+02 nan
3.0674493351e-04 1.1184880789e-04 1.4968233407e+01 nan
1.8503159903e-04 1.1423523042e-04 9.0639020158e+00 nan
-1.0000708296e-04 3.8694253936e-05 1.3254474164e+02 nan
-1.0493272837e-04 4.0388899237e-05 1.2883023847e+02 nan
-1.0837810721e-04 4.0412933677e-05 1.2876348027e+02 nan
-1.1181953358e-04 4.0439009941e-05 1.2869707561e+02 nan
-1.1733745316e-04 3.8810977214e-05 1.3227192918e+02 nan
-1.2211730934e-04 4.0529522900e-05 1.2850184721e+02 nan
-1.2554005789e-04 4.0563919753e-05 1.2843789731e+02 nan
-1.3111923821e-04 3.8939548648e-05 1.3207924417e+02 nan
2.5127510747e-04 9.5994097815e-05 1.3444313839e+01 nan
2.8936419788e-04 4.5623540832e-05 1.6303044272e+01 nan
3.6563641495e-04 4.4569886567e-05 2.5443726378e+01 nan
3.6907652129e-04 4.5151077618e-05 2.5537195205e+01 nan
-1.0501565960e-04 1.0981931173e-04 2.8915761842e+01 nan
-2.6683621976e-04 6.7938064284e-05 5.1525827582e+01 nan
3.6169723514e-04 3.9749458076e-05 2.6001554947e+01 nan
-1.4468316011e-04 5.4853116652e-05 9.9273370495e+01 nan
2.2104594797e-04 9.9448702192e-05 1.1283987775e+01 nan
2.6361524990e-04 1.3204531735e-04 1.4326581335e+01 nan
-2.0383580116e-04 7.6264874159e-05 5.9197906579e+01 nan
-1.6714965536e-04 8.6981628045e-05 5.0228840122e+01 nan
-2.5214786068e-04 4.0458699328e-05 1.1917336793e+02 nan
-2.4934170531e-04 4.0083614057e-05 1.2142711227e+02 nan
3.3169972057e-04 4.0126195238e-05 2.1410390925e+01 nan
-2.9451863559e-04 5.4543540195e-05 6.2197559880e+01 nan
-2.2938199428e-04 4.4017332801e-05 1.1668002306e+02 nan
-1.7124748881e-04 8.3220255161e-05 5.4361048101e+01 nan
-2.3848436948e-04 6.8980451692e-05 6.1617241727e+01 nan
-2.8037880875e-04 2.1434466331e-05 1.6488678127e+02 nan
2.7559124361e-04 1.0506410214e-04 1.4848047035e+01 nan
3.0561441688e-04 4.7959816525e-05 1.7912379974e+01 nan
1.7937281662e-04 1.3446804813e-04 1.1601090856e+01 nan
7.2607800576e-05 1.1057760157e-04 1.8927663026e+01 nan
-1.8925634797e-04 9.1483898808e-05 4.2709707121e+01 nan
1.2245774955e-04 1.5128043919e-04 1.2645808921e+01 nan
1.1852430104e-04 1.5280028506e-04 1.3510425881e+01 nan
-1.0850846887e-04 6.6785752054e-05 7.9527800956e+01 nan
1.5004741860e-04 1.0161494757e-04 9.3269652314e+00 nan
1.5050433790e-04 1.0524594188e-04 8.6295432584e+00 nan
-8.9089328913e-05 1.0520528379e-04 3.1740958252e+01 nan
1.1203328674e-04 1.4860270339e-04 1.1745073177e+01 nan
1.1141973415e-04 1.5205725841e-04 1.4060003947e+01 nan
-2.0677047870e-04 9.2104332596e-05 3.8700966703e+01 nan
-2.1138960886e-04 9.0624597325e-05 3.9216834821e+01 nan
-2.1315123048e-04 8.6475636396e-05 4.3610523515e+01 nan
-2.1566412024e-04 8.6953383995e-05 4.2365899305e+01 nan
-2.2279349363e-04 8.6154007892e-05 4.1246035318e+01 nan
-2.2525053362e-04 8.6709778986e-05 3.9759302733e+01 nan
1.0065331103e-04 1.1009883774e-04 1.5168148500e+01 nan
7.3286186953e-05 1.2903705835e-04 1.7985981541e+01 nan
8.5486893149e-05 1.0596068433e-04 1.8202782530e+01 nan
3.4270288833e-04 6.8796402664e-05 1.9787010066e+01 nan
-1.5860383363e-04 3.4227575993e-05 1.4377805286e+02 nan
2.7902964149e-04 1.0209033375e-04 1.5013689223e+01 nan
-2.6970188710e-05 7.4161384907e-06 2.0830528465e+02 nan
-1.4930275837e-04 4.0869299375e-05 1.2796242012e+02 nan
-1.2600332931e-04 9.2396419120e-05 4.5673233549e+01 nan
-1.2215341473e-04 9.0218820977e-05 4.8024250971e+01 nan
-1.6844674598e-04 3.9492251088e-05 1.3139390243e+02 nan
2.7999042181e-04 5.8393566007e-05 1.5364324387e+01 nan
2.2240978808e-04 1.1510811787e-05 6.6146035924e+01 nan
9.8019207131e-05 1.2443214606e-04 1.1122717032e+01 nan
1.0855738630e-04 9.5553056214e-05 1.8829404813e+01 nan
1.3943785140e-04 8.0795490388e-06 1.9675834632e+02 nan
-1.7137815107e-04 1.6561314232e-05 1.9219074279e+02 nan
2.1527962012e-04 4.9358311098e-05 3.0501468177e+01 nan
2.2599828943e-04 8.2739058748e-05 1.1125798589e+01 nan
2.2195611210e-04 8.1721696450e-05 1.0830148766e+01 nan
-2.0845790167e-04 1.6781946174e-05 1.9839411709e+02 nan
-2.4404659689e-04 1.5633565032e-05 2.0924390169e+02 nan
3.1683115411e-04 2.4100864187e-05 1.9265935454e+01 nan
-1.8126293733e-04 5.4332061507e-05 9.9017303389e+01 nan
2.7184560845e-04 5.6962966067e-05 1.4651956687e+01 nan
-1.3627635658e-04 9.0919212678e-05 4.7199523456e+01 nan
1.8652758515e-04 3.9370186086e-05 4.0885084945e+01 nan
3.2996091892e-04 5.5007723773e-05 2.0341091366e+01 nan
3.2659276331e-04 5.8321792647e-05 1.9766521099e+01 nan
1.7764453389e-04 1.1537898524e-04 8.4023810194e+00 nan
2.1405304899e-04 4.3354508202e-05 3.6444879640e+01 nan
8.9659138751e-05 5.4249622227e-05 5.3673365541e+01 nan
3.0224510269e-04 5.1111376677e-05 1.7522019256e+01 nan
-1.9601877262e-04 3.4929250618e-05 1.4328319929e+02 nan
5.0693295056e-05 4.9190390661e-05 8.1451531032e+01 nan
4.1391694567e-05 4.8410596363e-05 8.9465338205e+01 nan
1.3982489324e-04 1.0452747584e-04 9.3947358798e+00 nan
-1.9910867552e-04 2.6458635668e-05 1.6720817008e+02 nan
-2.0912743207e-04 7.7002708925e-05 5.7072659513e+01 nan
-3.1138961969e-05 3.0610081045e-05 1.5008673877e+02 nan
-6.3346755263e-05 4.3612230282e-05 1.2239077866e+02 nan
-9.4139038063e-05 4.3683740510e-05 1.2194230562e+02 nan
1.3988564160e-04 7.8827199407e-05 1.9613138730e+01 nan
2.9680466162e-04 4.3139434041e-05 1.7037601239e+01 nan
-2.2224777465e-04 5.7501968197e-05 8.7537228522e+01 nan
2.4728643351e-04 9.5075078170e-05 1.3132334140e+01 nan
3.4339382777e-04 4.1407847647e-05 2.3094251653e+01 nan
3.4004692451e-04 4.4862086410e-05 2.2338115510e+01 nan
9.0084146495e-05 3.4656137119e-05 9.2270085074e+01 nan
2.4042261534e-04 1.0072730219e-04 1.2854779667e+01 nan
3.5099026552e-04 1.5333160195e-05 2.4369127288e+01 nan
3.1271983725e-04 2.3701556347e-05 1.8801995636e+01 nan
3.0777756920e-04 1.9672453710e-05 1.8556629322e+01 nan
3.0609312554e-04 1.2573218832e-05 2.6665660413e+01 nan
3.0898345789e-04 6.1520904026e-06 3.9153021861e+01 nan
1.1791205063e-04 1.5623788792e-04 1.5222988017e+01 nan
8.9102790692e-05 1.1914016473e-04 1.3565940940e+01 nan
1.1724957029e-04 1.2528452994e-04 5.6417914375e+00 nan
1.9800658256e-04 5.8572716147e-05 2.2281609974e+01 nan
1.6410078575e-04 1.3262644671e-04 9.5424956055e+00 nan
-1.6764894531e-04 1.6548283159e-05 1.9167301137e+02 nan
1.3584044254e-04 9.9649741842e-05 1.0934946783e+01 nan
1.4443151957e-04 8.6400097201e-05 1.4342045324e+01 nan
-2.6105559394e-04 1.2682100077e-05 2.2299999771e+02 nan
-2.7488605955e-04 1.1417472347e-05 2.2660575289e+02 nan
-2.8167030492e-04 6.4427719660e-06 2.5724093761e+02 nan
-1.8850995309e-04 4.9070526259e-05 1.0943814557e+02 nan
-2.1238920487e-04 4.8540390480e-05 1.0852417182e+02 nan
-2.9236615512e-04 2.1174217386e-05 1.5256873551e+02 nan
-3.1761825930e-04 2.1808458260e-05 1.1723061048e+02 nan
-3.1610245325e-04 2.4586529372e-05 1.0936901604e+02 nan
-2.9758699985e-04 3.8740271618e-05 8.2454338554e+01 nan
-1.3892369072e-04 1.0964419755e-04 3.0163264819e+01 nan
2.3428406230e-04 1.4670025107e-04 1.4619321537e+01 nan
2.3796526844e-04 1.4408573190e-04 1.4521547750e+01 nan
1.0772126322e-04 1.5341807637e-04 1.5772385581e+01 nan
3.1755400217e-04 1.0631253384e-04 1.5314285035e+01 nan
1.4125140538e-04 1.5714100030e-04 1.6176660898e+01 nan
1.4118173766e-04 1.6076682037e-04 1.8123769294e+01 nan
1.4525211852e-04 1.5511950578e-04 1.5352490748e+01 nan
1.4910421788e-04 1.5676918576e-04 1.6200861691e+01 nan
2.8922573571e-04 1.2285285894e-04 1.4443913661e+01 nan
2.9276688956e-04 1.2011667595e-04 1.4557447976e+01 nan
-8.6581963034e-05 1.1949464313e-04 2.0287873892e+01 1.9064950125e+01
1.4891126089e-04 1.6027071837e-04 1.7668052969e+01 nan
1.5299035355e-04 1.5831046582e-04 1.6826320325e+01 nan
1.5695430747e-04 1.5614902825e-04 1.6060350624e+01 nan
1.6090245191e-04 1.5761657363e-04 1.6527445671e+01 nan
-1.1240742618e-04 1.1428074562e-04 2.6126824008e+01 nan
-3.3889449408e-04 4.0734426710e-05 6.9198364151e+01 nan
-3.1675250421e-04 4.9761837794e-05 5.9402079695e+01 nan
-2.7593612146e-04 6.6782471434e-05 4.9013913577e+01 nan
2.6747219940e-04 1.3288750717e-04 1.4282375984e+01 nan
1.9248906435e-04 1.5701182583e-04 1.5918528421e+01 nan
2.0020409980e-04 1.5604043805e-04 1.5660866168e+01 nan
2.0423716472e-04 1.5694614500e-04 1.5648619987e+01 nan
1.6132070225e-04 1.6170176886e-04 1.7689818262e+01 nan
-2.5267095153e-04 7.7796154718e-05 4.1788865057e+01 1.5328501022e+01
-2.5759138212e-04 7.6782975079e-05 4.1442948510e+01 1.5072936754e+01
-1.6295513595e-04 1.0583611828e-04 3.2173059376e+01 1.8661204258e+01
-2.9293516371e-04 5.9677642816e-05 5.3384239886e+01 nan
3.4414458496e-04 8.0990905632e-05 1.8081327847e+01 nan
6.4128933987e-05 1.3316781286e-04 1.7332248579e+01 nan
-3.1177858296e-04 5.2767596929e-05 5.9861427848e+01 8.5340118499e+00
-3.0615024462e-04 5.4277500816e-05 5.9009364020e+01 nan
-3.0178081427e-04 5.3649157798e-05 6.0738114006e+01 nan
-2.8538052250e-04 6.3595860306e-05 4.9787814070e+01 1.2359962204e+01
3.8084985928e-04 8.4247509024e-06 3.3008600667e+01 nan
3.6921913900e-04 8.1179397097e-06 2.6377374247e+01 nan
3.4960675482e-04 7.6589078359e-06 2.2736432118e+01 nan
-2.6177179737e-04 7.3931333702e-05 4.3974255277e+01 nan
2.7690716273e-04 5.9526393025e-06 4.7325360727e+01 nan
1.5712139119e-04 3.2238161618e-06 2.3723126906e+02 nan
1.4918062574e-04 3.1787004296e-06 2.5349164894e+02 nan
1.2934710348e-04 3.1707510803e-06 2.6129972273e+02 nan
1.2145582414e-04 3.1698606619e-06 2.5374094728e+02 nan
9.7859485814e-05 3.1559391116e-06 2.3520493838e+02 nan
8.9965190058e-05 3.1565869732e-06 2.3066963965e+02 nan
6.6363066096e-05 3.1187067776e-06 2.2248145778e+02 nan
5.8481725972e-05 3.1045087384e-06 2.2106369739e+02 nan
3.0842275300e-05 3.0552252261e-06 2.1908529727e+02 nan
2.2931773001e-05 3.0423055027e-06 2.1901660928e+02 nan
-8.2538180243e-07 3.0090162890e-06 2.1924873927e+02 nan
-8.7506179722e-06 2.9999292372e-06 2.1936862928e+02 nan
3.5352525803e-04 7.9127089159e-06 2.3133604635e+01 nan
-6.4258535172e-05 2.9607959058e-06 2.2026293619e+02 nan
-7.2188560426e-05 2.9578564474e-06 2.2048617351e+02 nan
-9.5974666525e-05 2.9515972105e-06 2.2152622835e+02 nan
-1.0390165065e-04 2.9502180370e-06 2.2202942584e+02 nan
-1.6331415272e-04 2.9489443497e-06 2.2938600508e+02 nan
-1.6720289325e-04 2.9354439934e-06 2.3017984446e+02 nan
2.6057525570e-04 1.3872393606e-04 1.4246945272e+01 nan
3.0741828354e-04 1.1555657717e-04 1.4669989276e+01 nan
3.0336846750e-04 1.1491461194e-04 1.4778403624e+01 nan
3.0005347232e-04 1.1839697093e-04 1.4577333181e+01 nan
2.9944744522e-04 1.1436390866e-04 1.4851259541e+01 nan
3.8048132280e-04 4.2532238578e-06 2.9275272677e+01 nan
3.8460610689e-04 8.7096200548e-06 3.7208766184e+01 nan
3.6869378187e-04 3.9883686448e-06 2.4006764920e+01 nan
3.2512578949e-04 6.9331262169e-06 2.0456902973e+01 nan
-3.2821089245e-04 4.4545760206e-05 5.9498456318e+01 nan
-3.2356135060e-04 4.0675365221e-05 6.6172816586e+01 nan
3.1700055269e-04 6.4106555133e-06 3.1420004769e+01 nan
-3.1102439483e-04 4.0010662182e-05 7.1696479639e+01 nan
-2.6207248046e-04 4.8971807540e-05 9.2409564652e+01 nan
2.7645956317e-04 2.9475965160e-06 4.7869253711e+01 nan
2.8094058013e-04 6.0756076842e-06 4.6617713344e+01 nan
2.8443303379e-04 3.1564195437e-06 4.6469613415e+01 nan
2.8481980479e-04 6.2498258617e-06 4.5894840856e+01 nan
-3.2491908432e-04 4.8767946218e-05 5.4251216857e+01 nan
-3.2039314679e-04 4.9058863370e-05 6.0998797074e+01 nan
-2.3990915729e-04 2.9500813443e-05 1.5734532057e+02 nan
-2.3618170900e-04 2.5694661111e-05 1.7100798399e+02 nan
-2.1831347993e-04 4.9008553528e-05 1.0658866385e+02 nan
-2.2128469983e-04 4.9262279716e-05 1.0549898893e+02 nan
3.5679119166e-04 4.1274140368e-06 2.2123460711e+01 nan
-2.9251488502e-04 3.2760705269e-06 2.8659370713e+02 nan
-1.8227317530e-04 4.8811941625e-05 1.1028578579e+02 nan
-1.9470228821e-04 2.4745890685e-05 1.7178572531e+02 nan
-1.4352848818e-04 5.8457022540e-05 9.2737217943e+01 nan
-1.1820658944e-04 5.7869389671e-05 9.4267412370e+01 nan
1.7573158686e-04 1.3692071122e-04 1.1791233463e+01 nan
-5.5133477087e-05 5.9183450984e-05 9.3022566700e+01 nan
-5.4395184876e-05 2.5719191625e-05 1.6243182191e+02 nan
-5.0722870490e-05 2.5729496386e-05 1.6235272976e+02 nan
3.8826017280e-04 4.3487561366e-06 3.7937512646e+01 nan
3.8869475660e-04 9.1886958631e-06 4.3713431718e+01 nan
2.8834406176e-04 3.2723885423e-06 4.5942837501e+01 nan
1.7155038572e-04 1.3170631629e-04 1.0223033158e+01 nan
1.3808455780e-04 1.2878132571e-04 5.8480881102e+00 nan
1.8694437344e-04 5.9465156042e-05 2.6851048629e+01 nan
-1.3190043718e-05 3.0789340995e-05 1.4814248004e+02 nan
8.1463755275e-06 3.1145598871e-05 1.4379385546e+02 nan
1.3622517932e-04 7.7789181271e-05 2.0939112957e+01 nan
-7.7215936698e-05 9.4935316012e-05 4.1766772310e+01 nan
-2.2232274451e-04 1.5317101121e-05 2.0629919161e+02 nan
1.0464789561e-04 9.1240835062e-05 2.0662377838e+01 nan
1.0070619386e-04 3.5621864986e-05 8.1622842053e+01 nan
1.0791896557e-04 3.6368777855e-05 7.5265408355e+01 nan
1.3031842938e-04 3.9081978736e-05 5.9399189573e+01 nan
9.1400324016e-05 8.6753785660e-05 2.4527560906e+01 nan
1.8844683966e-04 4.8056497533e-05 3.5132343083e+01 nan
7.5655939924e-05 8.2023929902e-05 3.0354385058e+01 nan
7.2601650120e-05 8.1189782933e-05 3.1622386822e+01 nan
2.8829247351e-04 1.1533988286e-04 1.4813360653e+01 nan
2.8048985722e-04 1.1359383413e-04 1.4805159024e+01 nan
2.7214009570e-04 1.0802147755e-04 1.4701787136e+01 nan
5.3316518914e-05 1.2788705972e-04 1.5842128458e+01 nan
-3.6119516413e-05 2.5786421199e-05 1.6182441374e+02 nan
2.6768603948e-04 1.0334167042e-04 1.4532333616e+01 nan
-1.7830150599e-05 2.5914181300e-05 1.6040647260e+02 nan
-3.2652057576e-06 2.6071212562e-05 1.5842062381e+02 nan
3.9850771837e-06 2.6170709012e-05 1.5709198547e+02 nan
-1.4808575451e-04 7.3835480173e-06 2.1451757011e+02 nan
-7.2864946241e-05 9.6880266745e-05 3.9412299835e+01 nan
-1.4029103346e-04 7.3787648562e-06 2.1350461599e+02 nan
3.9718071874e-05 2.6891197082e-05 1.4761545409e+02 nan
-1.1297860656e-04 7.3681663616e-06 2.1090211585e+02 nan
-8.9537791609e-05 7.3665983012e-06 2.0963364054e+02 nan
-8.1719518796e-05 7.3678698540e-06 2.0936134397e+02 nan
-5.8262870833e-05 7.3791359500e-06 2.0883563213e+02 nan
-5.0439724444e-05 7.3855275462e-06 2.0871416693e+02 nan
5.0231974338e-05 1.1970819629e-04 1.5267345330e+01 nan
-3.4887296587e-04 5.6000958077e-06 1.4702836935e+02 nan
-3.5304135921e-06 7.4673683637e-06 2.0755937876e+02 nan
4.2734321610e-06 7.4900639455e-06 2.0720580927e+02 nan
2.7640482026e-05 7.5750118195e-06 2.0602549537e+02 nan
1.1313138535e-04 3.0345573747e-05 8.7647038735e+01 nan
3.5403920274e-05 7.6076057363e-06 2.0573238050e+02 nan
2.6154958522e-04 8.7334992088e-05 1.3980702309e+01 nan
3.8112706711e-04 1.2726174621e-05 3.5310874231e+01 nan
1.2058017349e-04 3.1033029260e-05 8.0266748730e+01 nan
3.4890040566e-04 3.7588471006e-06 2.1607463332e+01 nan
5.5264568164e-05 1.2394138049e-04 1.2714073918e+01 nan
6.2453617683e-05 7.7349151967e-06 2.0663623689e+02 nan
-2.3861447686e-04 7.3651465567e-05 5.3804866373e+01 nan
8.5473044240e-05 7.8349983430e-06 2.1313474509e+02 nan
-1.4005218997e-04 8.7109311401e-05 5.1371863934e+01 nan
1.0841022261e-04 7.8819471058e-06 2.3207866452e+02 nan
3.5639951530e-04 6.3608457021e-05 2.1032959765e+01 nan
1.5537556901e-04 3.5008570358e-05 5.4547099937e+01 nan
3.5293871500e-04 6.2779643626e-05 2.1091054101e+01 nan
1.1609986756e-04 7.8915752867e-06 2.2758560928e+02 nan
-4.1208350707e-05 4.5407512598e-05 1.1846979818e+02 nan
1.6316436771e-04 3.6048407934e-05 5.0265364014e+01 nan
-2.7633682449e-05 4.5569615037e-05 1.1740656095e+02 nan
2.2954970786e-04 1.0530308054e-04 1.2298013855e+01 nan
-2.0319613700e-04 5.9636871828e-05 8.6718110715e+01 nan
-1.3924241854e-04 6.7618809478e-05 7.7614916856e+01 nan
2.8257343457e-04 7.3315937981e-05 1.5510896890e+01 nan
3.6591605741e-04 4.8788920574e-05 2.4466475588e+01 nan
3.3617559505e-04 4.4398805264e-05 2.1840392833e+01 nan
2.1646896231e-04 9.4613134578e-05 1.0680840262e+01 nan
1.9435022890e-04 4.0516073222e-05 3.8936786271e+01 nan
3.0149123012e-04 9.9316709819e-05 1.5773639146e+01 nan
1.3658490390e-04 1.0662183274e-04 9.1488418650e+00 nan
4.4989107036e-05 9.6221210606e-05 3.1431370657e+01 nan
-2.9905203018e-04 5.4721628480e-05 5.9969712270e+01 nan
1.9766967125e-04 9.6480229497e-05 9.2912485639e+00 nan
1.9427591924e-04 9.9047891034e-05 9.0885719826e+00 nan
1.9826056728e-04 1.0025451491e-04 9.4161983738e+00 nan
-2.2071714205e-04 4.5268815617e-05 1.1509974545e+02 nan
-2.7987526873e-04 5.7723732362e-05 6.4036836470e+01 nan
-2.8084804165e-04 6.3780896401e-05 5.1888797449e+01 nan
2.6315680697e-04 1.2822760812e-04 1.4375010084e+01 nan
3.6238460568e-04 4.8132647073e-05 2.4398986232e+01 nan
3.6650085036e-04 5.3485031064e-05 2.3363586420e+01 nan
3.5258279461e-04 5.8629810135e-05 2.1790538577e+01 nan
-3.7830300522e-04 3.9774281588e-06 1.1148843288e+02 nan
-2.7134284847e-04 3.9589587394e-05 1.0938040218e+02 nan
6.8864456878e-05 1.2851371396e-04 1.1126062095e+01 nan
-3.7437362288e-04 3.8222091698e-06 1.0314458477e+02 nan
-3.6459920603e-04 6.9068099064e-06 9.5235078869e+01 nan
-3.6280562187e-04 1.0551822074e-05 9.1371271525e+01 nan
-3.6051715332e-04 6.5520499922e-06 1.1970653203e+02 nan
-3.5702184162e-04 1.3558381784e-05 8.6630666752e+01 nan
-1.4476180434e-04 4.9490560211e-05 1.0965274499e+02 nan
3.3563338441e-04 4.0549303231e-05 2.1983450433e+01 nan
-3.8296653941e-04 9.3187182632e-06 1.6636988674e+02 3.1852561821e+00
3.6271462259e-04 5.6786965113e-05 2.2533962538e+01 nan
9.4366705243e-05 1.5146921258e-04 1.8030426040e+01 nan
-1.1773149244e-04 1.1481022158e-04 2.6066281425e+01 1.9131784987e+01
1.0412495124e-04 1.1489967400e-04 1.3484088530e+01 nan
3.3381675579e-04 5.5564890736e-05 2.0689753266e+01 nan
-9.9093218382e-05 1.1375068509e-04 2.5501699690e+01 nan
-9.4833589593e-05 1.1569185951e-04 2.3732486860e+01 nan
3.0441070948e-04 9.2340968319e-05 1.6242949347e+01 nan
1.1794523697e-04 5.9501174636e-05 3.9756325755e+01 nan
-2.8462540823e-04 3.8629515174e-05 9.6762153124e+01 nan
-1.0008835196e-04 1.0552003799e-04 3.2179837922e+01 nan
1.9882146635e-04 1.0403721824e-04 9.6309099238e+00 nan
1.9539065923e-04 1.0661800344e-04 9.4755872988e+00 nan
-1.0446229070e-04 1.1395500727e-04 2.5798301446e+01 nan
-2.2122836943e-04 7.2367146182e-05 6.1162001805e+01 nan
2.3432757077e-04 1.2281829637e-05 5.6704843966e+01 nan
1.9588253214e-04 1.5084436453e-04 1.5127309841e+01 nan
-1.4082617399e-04 1.0144720467e-04 3.6813886441e+01 nan
3.2402953922e-04 1.0029788258e-04 1.5829619514e+01 nan
8.0280281581e-05 1.0896621249e-04 1.7961582461e+01 nan
5.9885912935e-05 1.3350655999e-04 2.4378381357e+01 nan
8.8854791207e-05 1.4681457455e-04 1.1674330785e+01 nan
8.6228686273e-05 1.4456781294e-04 4.0720045495e+00 nan
8.0414904473e-05 1.4242908517e-04 3.1254852241e+00 nan
3.2026970778e-04 9.9447173923e-05 1.5936796725e+01 nan
-3.6495318967e-04 2.0011603659e-05 1.0853098646e+02 nan
-3.6190892618e-04 2.4389765493e-05 1.0538740603e+02 nan
-3.5619677138e-04 2.7390747461e-05 9.3753765286e+01 nan
-3.5869720872e-04 2.8734844176e-05 1.0117126666e+02 nan
-3.5310606681e-04 3.1557964270e-05 9.0107590497e+01 nan
-3.6507580805e-04 2.5372058559e-05 1.1696888310e+02 7.6059054083e+00
-3.6026913366e-04 3.1030178941e-05 1.0803270190e+02 9.0214842156e+00
-3.4754953140e-04 3.4313081925e-05 8.0743710535e+01 nan
-3.4475802041e-04 3.8861144156e-05 7.8565096719e+01 nan
4.9673955626e-05 9.5361892698e-05 3.0162555162e+01 nan
9.3197985958e-05 1.4257843154e-04 4.4536900648e+00 nan
-3.7345062378e-04 1.7427798885e-05 1.3797993278e+02 nan
1.3678298848e-04 6.3528159276e-05 3.1292338012e+01 nan
2.9941197877e-04 3.6362897058e-05 1.7338306481e+01 nan
-3.4770910445e-04 2.8733765488e-05 7.9821248204e+01 nan
2.4232169834e-04 1.2811572110e-05 5.1620529129e+01 nan
3.2270127926e-04 5.7746954545e-05 1.9424820189e+01 nan
3.2709085529e-04 6.2210403811e-05 1.9521987932e+01 nan
3.1984536885e-04 6.4860729460e-05 1.8739324544e+01 nan
1.1424360828e-04 1.5763073615e-04 1.6608462060e+01 nan
1.0696532561e-04 1.5744398076e-04 1.9091572637e+01 2.5765324917e+01
1.9142895560e-04 1.0538317545e-04 9.0533780017e+00 nan
1.8849581563e-04 1.1171775192e-04 9.1903167250e+00 nan
1.8895945473e-04 1.1552447506e-04 9.6028571280e+00 nan
-1.7658145305e-04 1.0061381370e-04 3.5366703647e+01 nan
-1.8161289981e-04 1.0149325690e-04 3.3951347530e+01 1.8259550252e+01
3.0101258081e-04 9.5435632071e-05 1.5972156129e+01 nan
2.2262287741e-04 8.5459988149e-05 1.0915383034e+01 nan
2.1521569030e-04 8.7102550389e-05 1.0402670067e+01 nan
2.1585618473e-04 9.0853525627e-05 1.0514687883e+01 nan
3.4052881552e-04 4.8785161361e-05 2.2051020164e+01 nan
-2.7513643290e-04 5.8265588310e-05 6.5531255591e+01 nan
-1.4801446475e-04 4.9562030206e-05 1.0947467253e+02 nan
3.7836092593e-04 2.9766617519e-05 3.1154960210e+01 nan
3.8484878356e-04 1.8256377362e-05 3.7857133805e+01 nan
3.7501102728e-04 2.9186080979e-05 3.0652656810e+01 nan
3.7518709522e-04 3.3478988929e-05 2.9425385912e+01 nan
3.7177846068e-04 3.2935209507e-05 2.9032047096e+01 nan
-2.4274736463e-04 2.5989461547e-05 1.6915468156e+02 nan
2.3003382535e-04 8.3737377354e-05 1.1445821492e+01 nan
3.2939359275e-04 8.1954031476e-05 1.7782310604e+01 nan
3.0608650995e-04 3.0077052514e-05 1.8054786756e+01 nan
-1.2193154899e-04 1.0647800585e-04 3.2398523284e+01 nan
-2.7140861020e-04 6.7293415691e-05 5.0429759493e+01 nan
-2.7021605884e-04 7.2588497582e-05 4.2204556462e+01 1.3885421776e+01
-2.6268074493e-04 6.3771927988e-05 6.1053744180e+01 nan
-2.5809013063e-04 6.2263588427e-05 6.6053743287e+01 nan
-2.5781084995e-04 3.9180525583e-05 1.1998684676e+02 nan
-3.4209883158e-04 3.6774209730e-05 7.2775802194e+01 nan
9.1016257039e-05 1.3685779056e-04 7.7782547464e+00 nan
5.4623127882e-05 8.5704478137e-05 3.2832355452e+01 nan
1.5428711163e-04 1.0669637565e-04 8.1968635709e+00 nan
-3.3338805992e-04 3.2027867841e-05 7.2399484632e+01 nan
3.1979112247e-04 9.5495276809e-05 1.6305039165e+01 nan
-2.4360979297e-04 3.9417318536e-05 1.2541048776e+02 nan
-2.8849596874e-04 5.9672497544e-05 5.5642449110e+01 nan
3.4622623642e-04 3.4003889974e-05 2.4048992461e+01 nan
-1.0283228759e-04 1.0561538730e-04 3.2259941516e+01 nan
8.2544691906e-05 1.0467395057e-04 1.9052069428e+01 nan
-2.9854349558e-04 3.6238368227e-05 8.8315289000e+01 nan
2.2503405800e-04 1.0049671319e-04 1.1668146618e+01 nan
2.3341287531e-04 8.0979071843e-05 1.1658510214e+01 nan
-1.3411506412e-04 5.8207452002e-05 9.3379931194e+01 nan
-1.8517596198e-04 9.5254780914e-05 3.9380425966e+01 nan
1.0461041043e-04 1.5120641815e-04 1.4577396747e+01 nan
2.6713204140e-04 7.3987512040e-05 1.4268670457e+01 nan
2.6776059970e-04 7.7729239817e-05 1.4344192106e+01 nan
2.7177308431e-04 7.8528740489e-05 1.4662036508e+01 nan
3.4833262328e-04 8.1960922716e-05 1.7909907092e+01 1.1944078178e+01
3.4780850658e-04 7.7625677454e-05 1.8581618307e+01 nan
1.4142276541e-04 1.2289273492e-04 6.1360378598e+00 nan
3.4228198541e-04 6.4750806596e-05 2.0318474916e+01 nan
2.8450438448e-04 4.1347393194e-05 1.5885029221e+01 nan
2.3745076718e-04 8.1937555466e-05 1.1989298003e+01 nan
-3.2543550140e-04 3.2515330743e-05 7.3777054355e+01 nan
2.5130106622e-04 1.2538841422e-04 1.4233536142e+01 nan
2.4734239898e-04 1.2442435675e-04 1.4124860815e+01 nan
-2.8520803706e-04 3.6342835348e-05 1.0053257819e+02 nan
3.4094642469e-04 3.6440990139e-06 2.1276923976e+01 nan
3.3777903080e-04 7.2113646214e-06 2.1517883216e+01 nan
3.3350273814e-04 7.1926046697e-06 2.0674368415e+01 nan
3.3254297196e-04 3.6208541632e-06 2.1379123552e+01 nan
3.3830443765e-04 1.1038828955e-05 2.1944701017e+01 nan
3.3496011415e-04 1.4653704673e-05 2.1663997441e+01 nan
3.4171972525e-04 7.3447181200e-06 2.2075482305e+01 nan
3.3078557355e-04 9.4036360497e-05 1.6453798474e+01 nan
3.3455891765e-04 9.1400836807e-05 1.6739104991e+01 nan
-2.4362733893e-04 4.9840690406e-05 9.8425077149e+01 nan
1.1577336893e-04 1.4715485230e-04 1.0704220679e+01 nan
-8.9479966234e-05 1.1552602442e-04 2.3286908027e+01 nan
-3.6220196873e-04 3.3204514418e-06 1.3374056067e+02 nan
-3.5653652108e-04 6.2883331875e-06 1.3965721080e+02 nan
2.9733350741e-04 6.8613715147e-05 1.6755360349e+01 nan
3.1540301646e-04 6.0408642133e-05 1.8588359939e+01 nan
3.1594413650e-04 6.4238406405e-05 1.8451519026e+01 nan
3.1256088004e-04 6.7444036818e-05 1.8014921394e+01 nan
3.1646622564e-04 6.8088429181e-05 1.8280791930e+01 nan
3.1308394249e-04 7.1290191130e-05 1.7855251260e+01 nan
3.1697193785e-04 7.1957756890e-05 1.8077988174e+01 nan
3.0863423779e-04 6.6799488013e-05 1.7728888492e+01 nan
2.9712130557e-04 9.4644973269e-05 1.5886361476e+01 nan
3.0898201303e-04 4.4784039336e-05 1.8318715280e+01 nan
2.8168581902e-04 1.2927818791e-04 1.4229890272e+01 nan
2.7101058716e-04 1.3005592218e-04 1.4323706810e+01 nan
2.7150414107e-04 1.3391996279e-04 1.4203976959e+01 nan
2.6708099903e-04 1.2913854578e-04 1.4363454950e+01 nan
2.6269518129e-04 1.2441092783e-04 1.4399446672e+01 nan
-2.6767010081e-04 4.5689115465e-05 9.6866043460e+01 nan
3.4839762310e-04 2.2742969211e-05 2.4548792816e+01 nan
3.2092960984e-04 2.4477639614e-05 1.9809642899e+01 nan
2.8935768759e-04 6.7241076477e-05 1.6119301263e+01 nan
1.7546900705e-04 1.3310729304e-04 1.0944804425e+01 nan
1.7203189770e-04 1.3933033131e-04 1.2019761207e+01 nan
-2.3818909942e-04 4.9045844428e-05 1.0205159558e+02 nan
-2.6583491972e-04 5.7318570112e-05 7.2261640331e+01 nan
2.1610779507e-04 1.1999227411e-04 1.2438764104e+01 nan
2.1215528283e-04 1.1888325060e-04 1.2054671766e+01 nan
2.1258807375e-04 1.2267468571e-04 1.2460276546e+01 nan
2.1654024114e-04 1.2378194354e-04 1.2814537508e+01 nan
2.0905347001e-04 1.2533801869e-04 1.2505576956e+01 nan
2.0510988982e-04 1.2418857337e-04 1.2102417828e+01 nan
2.0550223493e-04 1.2798181823e-04 1.2576370747e+01 nan
2.0944786595e-04 1.2912817534e-04 1.2942978652e+01 nan
2.0820586021e-04 1.1775199839e-04 1.1635978405e+01 nan
1.9763027717e-04 1.2561574504e-04 1.1703712780e+01 nan
2.2006319618e-04 1.2108047126e-04 1.2786906508e+01 nan
2.2049595110e-04 1.2486888837e-04 1.3129475507e+01 nan
2.1695630219e-04 1.2756998102e-04 1.3184146705e+01 nan
2.2091438436e-04 1.2865550146e-04 1.3460749455e+01 nan
2.2487612026e-04 1.2972264945e-04 1.3697061911e+01 nan
2.2798141679e-04 1.2319923323e-04 1.3373772165e+01 nan
2.2528729640e-04 1.3350593095e-04 1.3968209760e+01 nan
2.0075644316e-04 1.1921637660e-04 1.1167395298e+01 nan
2.8589646375e-04 1.2662172162e-04 1.4293854000e+01 nan
1.2290363896e-04 1.4762639661e-04 1.0984365611e+01 nan
1.1871174468e-04 9.6354986551e-05 1.6430871809e+01 nan
-1.4529854608e-04 6.7845401867e-05 7.7087279446e+01 nan
2.5229060606e-04 7.8111458024e-05 1.3107701723e+01 nan
-3.1952233736e-04 1.8835396560e-06 2.8889354801e+02 nan
3.2049729584e-04 3.2273508810e-06 3.5053652106e+01 nan
3.1302864632e-04 6.1643345455e-06 3.7059545624e+01 nan
3.2108201603e-04 6.6335485831e-06 2.4600336877e+01 nan
-2.4813253302e-04 7.1444219350e-05 5.3770181019e+01 nan
1.0724185669e-04 1.1328091826e-04 1.3853780003e+01 nan
2.7540769547e-04 3.6444290369e-05 1.5221714058e+01 nan
2.7623534488e-04 4.0066797607e-05 1.5128293422e+01 nan
2.7208704190e-04 3.9395754112e-05 1.4866905950e+01 nan
2.4912653054e-04 1.3961016568e-04 1.4373110174e+01 nan
2.4551288789e-04 1.4232679757e-04 1.4421134577e+01 nan
2.5659710828e-04 1.3774203838e-04 1.4310163723e+01 nan
2.4117322580e-04 1.3761745061e-04 1.4370364058e+01 nan
2.1887900332e-04 1.4644916273e-04 1.4724850457e+01 nan
2.1125002271e-04 1.4799610102e-04 1.4844505766e+01 nan
2.1159967974e-04 1.5174700542e-04 1.5126829149e+01 nan
2.1555225263e-04 1.5263838996e-04 1.5126050927e+01 nan
2.1161448926e-04 1.5559315883e-04 1.5380758412e+01 nan
2.0725742361e-04 1.4686421974e-04 1.4734506505e+01 nan
2.2370790236e-04 1.5167786746e-04 1.4939813858e+01 nan
2.2687694111e-04 1.4859740568e-04 1.4771850568e+01 nan
2.2753325982e-04 1.1941098620e-04 1.3090202793e+01 nan
2.3149486826e-04 1.2044369944e-04 1.3364436832e+01 nan
2.5301292313e-04 2.4805372748e-05 4.2167770884e+01 nan
2.4220356060e-04 2.9550742510e-05 4.0415234971e+01 nan
2.5025721174e-04 3.0305001250e-05 4.0987052593e+01 nan
2.3750288079e-04 2.6245799915e-05 4.1723699242e+01 nan
2.3480056262e-04 3.1633393994e-05 3.9734257987e+01 nan
2.3077911968e-04 3.1189771465e-05 4.0124048916e+01 nan
2.5426742758e-04 3.0649970230e-05 4.1416296023e+01 nan
-2.0261092875e-04 2.6513401758e-05 1.6735651366e+02 nan
-2.0883992717e-04 2.4947772291e-05 1.7266774485e+02 nan
1.6203772564e-04 8.5370792626e-05 1.1923650803e+01 nan
-2.3428309808e-04 8.1932542990e-05 4.2793379415e+01 nan
-3.3644222013e-04 2.0414986162e-05 8.5251105730e+01 nan
1.5025205720e-04 7.8648631457e-05 1.8274217617e+01 nan
-3.4742215545e-04 1.5491237871e-05 8.1400142626e+01 nan
-2.2963419670e-04 8.3111697324e-05 4.2869767359e+01 nan
1.8459427081e-04 1.5817688906e-04 1.6244167108e+01 nan
2.4949192109e-04 1.4391068146e-04 1.4367865206e+01 nan
2.5380870909e-04 1.4437265068e-04 1.4283119102e+01 2.5031056962e+01
-1.9745201598e-04 1.6699937156e-05 1.9639392205e+02 nan
2.5905857581e-04 7.2358300359e-05 1.3593371020e+01 nan
1.6863964326e-04 1.5303794393e-04 1.5297187455e+01 nan
1.6874322981e-04 1.5676886164e-04 1.6231028375e+01 nan
1.7266918457e-04 1.5806790744e-04 1.6471504218e+01 nan
2.2083818724e-04 2.1829354724e-05 4.8931193209e+01 nan
2.1749378095e-04 2.4191729570e-05 4.7428159163e+01 nan
2.1416000467e-04 2.6545040918e-05 4.6082061606e+01 nan
2.0624489349e-04 2.5673460522e-05 4.9207987582e+01 nan
2.0230108029e-04 2.5243050991e-05 5.1020192432e+01 nan
2.2147149303e-04 2.4605611164e-05 4.5973276863e+01 nan
2.2546005414e-04 2.5019551876e-05 4.4645235934e+01 nan
2.2276809326e-04 3.0278784612e-05 4.1479506648e+01 nan
2.2946144928e-04 2.5432643726e-05 4.3422356300e+01 nan
1.6458411785e-04 5.8081694703e-05 3.0780516292e+01 nan
-1.5726367178e-04 8.2150007663e-05 5.6647372641e+01 nan
-1.5885323072e-04 8.6312412541e-05 5.1561075326e+01 nan
-1.6163038495e-04 8.6525676194e-05 5.1145531886e+01 nan
2.0041701873e-04 9.0134878937e-05 9.4701983614e+00 nan
-2.0850764744e-04 5.8102389179e-05 8.8875854616e+01 nan
-1.9052417333e-04 1.1991927386e-05 2.0913138703e+02 nan
-1.9001663928e-04 1.6656436012e-05 1.9508781876e+02 nan
-1.0276564462e-04 9.5483165549e-05 4.2012385110e+01 nan
1.4171165619e-04 5.3614687739e-05 3.8363901614e+01 nan
1.4554155555e-04 5.4342266848e-05 3.6621149993e+01 nan
1.5252184927e-04 5.2932127261e-05 3.6114741305e+01 nan
3.3281209965e-04 4.7786416634e-05 2.1173516272e+01 nan
1.2133870795e-04 7.3719337463e-05 2.7887343695e+01 nan
1.2198586633e-04 7.6713595630e-05 2.5927583881e+01 nan
1.1830301861e-04 7.5699170075e-05 2.7037978686e+01 nan
1.1170786003e-04 7.6651543127e-05 2.7476148451e+01 nan
1.0753850729e-04 7.2832616165e-05 3.0912373618e+01 nan
1.0403752196e-04 7.1937171649e-05 3.2270225351e+01 nan
9.7794593793e-05 7.2940687636e-05 3.2722391216e+01 nan
9.4414389315e-05 7.2094804066e-05 3.4119614676e+01 nan
9.1072762265e-05 7.1274548732e-05 3.5554373787e+01 nan
9.0420797180e-05 6.8655232990e-05 3.8010106385e+01 nan
8.7104468390e-05 6.7908694073e-05 3.9518921034e+01 nan
8.1242833843e-05 6.9003006796e-05 3.9981247597e+01 nan
7.8026120051e-05 6.8305660889e-05 4.1513366074e+01 nan
7.1671421639e-05 6.7000435814e-05 4.4653838227e+01 nan
6.7812327656e-05 6.4027305041e-05 4.9177104850e+01 nan
6.4683578845e-05 6.3475970491e-05 5.0900333054e+01 nan
5.8487694127e-05 6.2451447270e-05 5.4442093024e+01 nan
5.3143670881e-05 6.3733755795e-05 5.4794771717e+01 nan
5.0120612976e-05 6.3277417340e-05 5.6611365901e+01 nan
4.4117305699e-05 6.2443300595e-05 6.0330095355e+01 nan
4.1137442637e-05 6.2058262464e-05 6.2215184872e+01 nan
3.1332600532e-05 5.9016750583e-05 7.3883076487e+01 nan
2.8294483829e-05 5.8735189915e-05 7.6476812696e+01 nan
2.2153129018e-05 5.8220681688e-05 8.1116390660e+01 nan
1.9053189025e-05 5.7986560051e-05 8.3163162007e+01 nan
1.3870936936e-05 5.9482343270e-05 8.3092146280e+01 nan
9.6533604430e-06 5.7371413868e-05 8.8304086776e+01 nan
4.4660044887e-06 5.8909838344e-05 8.7488640832e+01 nan
1.3058608430e-06 5.8745284817e-05 8.8676295488e+01 nan
-5.0464505946e-06 5.8453597373e-05 9.0688691642e+01 nan
-8.2365917056e-06 5.8324297865e-05 9.1532786052e+01 nan
-1.4641181755e-05 5.8098073251e-05 9.2934441339e+01 nan
-1.7853961731e-05 5.7999099844e-05 9.3508956860e+01 nan
-2.7526800824e-05 5.7755889966e-05 9.4804706473e+01 nan
-3.0760783503e-05 5.7693063347e-05 9.5111416683e+01 nan
-4.0482756744e-05 5.7540565685e-05 9.5753653584e+01 nan
-2.2945022483e-05 5.9652066376e-05 9.1231546877e+01 nan
-3.6914034999e-05 5.4069150462e-05 1.0181236057e+02 nan
-2.7072483636e-05 5.4232873566e-05 1.0096746763e+02 nan
-1.7270848792e-05 5.4462014734e-05 9.9590061011e+01 nan
3.3104796858e-05 6.3092573486e-05 6.5541875280e+01 nan
3.9482366061e-05 5.7894584214e-05 7.0070317721e+01 nan
4.8533539993e-05 5.8951448578e-05 6.3734251873e+01 nan
7.6639323343e-05 6.3409071333e-05 4.7049659659e+01 nan
1.0877559662e-04 7.8569664091e-05 2.6671329772e+01 nan
8.5162111725e-05 7.2311025311e-05 3.6007755624e+01 nan
-4.6782100412e-05 5.3961239900e-05 1.0226148073e+02 nan
-5.0226194155e-05 5.7444913954e-05 9.6054975340e+01 nan
9.9929576113e-05 6.8362492496e-05 3.6064560705e+01 nan
1.2815144257e-04 7.2687083920e-05 2.6780761845e+01 nan
1.3188479194e-04 7.3668753617e-05 2.4888636018e+01 nan
1.3250669361e-04 7.6747738507e-05 2.2516550323e+01 nan
1.8988029497e-04 2.1405723590e-05 6.2157037577e+01 nan
1.8595380380e-04 2.1033742040e-05 6.4887260820e+01 nan
1.8721515960e-04 2.6184134107e-05 5.5129857210e+01 nan
1.8202827573e-04 2.0670357482e-05 6.7781833916e+01 nan
1.7937698610e-04 2.5332474908e-05 5.9730344770e+01 nan
1.7545801207e-04 2.4919583538e-05 6.2257079682e+01 nan
1.7481441828e-04 2.2414584934e-05 6.7725343740e+01 nan
1.9380889646e-04 2.1785644360e-05 5.9605277789e+01 nan
1.9443107363e-04 2.4398297886e-05 5.5060754902e+01 nan
1.9774041943e-04 2.2172863634e-05 5.7211137292e+01 nan
1.9836315308e-04 2.4817681262e-05 5.2975221822e+01 nan
2.0500447293e-04 2.0311302825e-05 5.7159421803e+01 nan
2.8770667828e-04 8.1618058783e-05 1.5791434045e+01 nan
2.4221352272e-04 4.7745692372e-05 1.2628564153e+01 nan
2.3890853146e-04 5.0523778114e-05 1.2095583713e+01 nan
2.3475803468e-04 4.9646716272e-05 1.3930243372e+01 nan
2.3559818007e-04 5.3289124581e-05 1.2009869416e+01 nan
2.3973671527e-04 5.4179599660e-05 1.2378577454e+01 nan
2.3641788840e-04 5.6948685478e-05 1.2109073243e+01 nan
2.4054166710e-04 5.7843880010e-05 1.2254964941e+01 nan
2.3144889050e-04 5.2378690344e-05 1.2472226304e+01 nan
2.3066005207e-04 4.8842353307e-05 1.8487952495e+01 nan
2.4386728814e-04 5.5052717534e-05 1.2506169167e+01 nan
2.4465759661e-04 5.8721015920e-05 1.2511346062e+01 nan
2.4542459709e-04 6.2400699528e-05 1.2512124191e+01 nan
2.2661248914e-04 4.8122467252e-05 2.3789985256e+01 nan
2.4876643784e-04 5.9579811658e-05 1.2777333357e+01 nan
2.4551805650e-04 4.4960821650e-05 1.3984410119e+01 nan
2.4967876524e-04 4.5783055181e-05 1.2796368904e+01 nan
1.1886775084e-04 4.9567361831e-05 4.9619515806e+01 nan
1.2564702131e-04 4.8200074019e-05 4.9086708099e+01 nan
1.0718294836e-04 4.5359779478e-05 5.9346481397e+01 nan
2.0774874630e-04 1.1395866141e-04 1.1223051233e+01 nan
-1.9454163009e-04 8.1462311442e-05 5.3745946050e+01 nan
1.6567214289e-04 1.7011271410e-05 9.0312454620e+01 nan
1.5910785361e-04 2.1005583720e-05 8.1301248109e+01 nan
1.5517468605e-04 2.0685020378e-05 8.5379613462e+01 nan
1.6303827477e-04 2.1339761232e-05 7.7552696296e+01 nan
1.4798259093e-04 2.2343914509e-05 8.5705852722e+01 nan
1.6696559171e-04 2.1686570233e-05 7.4048303350e+01 nan
1.7089088560e-04 2.2045127579e-05 7.0786949090e+01 nan
-1.3851433933e-04 2.5872452652e-05 1.6372790354e+02 nan
-1.3489307789e-04 2.5853486658e-05 1.6358223844e+02 nan
-1.3126535479e-04 2.5835357388e-05 1.6344945151e+02 nan
-1.2680885418e-04 2.9020507886e-05 1.5532621829e+02 nan
2.0748504080e-04 6.7447427622e-05 1.0970492352e+01 nan
-1.5270798092e-04 1.6497315194e-05 1.8986676391e+02 nan
-1.4895191075e-04 1.6485152678e-05 1.8947804060e+02 nan
-1.5890897354e-04 1.4971991315e-05 1.9487455819e+02 nan
-1.3631977263e-04 1.0949058845e-04 3.0283948385e+01 nan
-1.2155663300e-04 7.8434843579e-05 6.2395320007e+01 nan
-1.2640574619e-04 7.6678889681e-05 6.4699182195e+01 nan
-1.3621321163e-04 1.4920189907e-05 1.9246035370e+02 nan
-1.4142986731e-04 1.6465360812e-05 1.8876557755e+02 nan
-1.3012698468e-04 1.6440274957e-05 1.8787116102e+02 nan
-1.4519244492e-04 1.6474500206e-05 1.8911109787e+02 nan
2.3388564043e-04 6.3381344313e-05 1.1757957180e+01 nan
-1.1671511017e-04 2.5774952332e-05 1.6303582030e+02 nan
-1.0846449161e-04 8.5771292525e-05 5.3106924812e+01 nan
9.4661296507e-05 8.7820800769e-05 2.3489642178e+01 nan
1.7654737761e-04 1.5574075481e-04 1.5945837087e+01 nan
-1.2257967105e-04 1.6426642977e-05 1.8738416935e+02 nan
-1.1880320765e-04 1.6420232805e-05 1.8717278272e+02 nan
-1.2635444021e-04 1.6432867069e-05 1.8761792727e+02 nan
1.3491414144e-04 1.7270268598e-05 1.2410810760e+02 nan
1.3105583450e-04 1.7091492104e-05 1.3046940914e+02 nan
1.3237473773e-04 2.1209201346e-05 1.0537156792e+02 nan
1.2721961756e-04 1.6929060640e-05 1.3678894524e+02 nan
1.2472524267e-04 2.0751352244e-05 1.1649804327e+02 nan
1.3879557480e-04 1.7465905172e-05 1.1782343886e+02 nan
1.4012971017e-04 2.1740447201e-05 9.5087149342e+01 nan
1.4597286453e-04 1.5801955586e-05 1.1851714380e+02 nan
1.4991081670e-04 1.6010286922e-05 1.1191539850e+02 nan
1.2635597522e-04 8.0895557046e-05 2.1620515264e+01 nan
1.8376833585e-04 1.4336676950e-04 1.3668463112e+01 nan
5.0118377817e-05 1.0630886035e-04 2.5528205314e+01 nan
5.4751449942e-05 1.0566213075e-04 2.6043471245e+01 nan
5.7829175037e-05 1.0900099029e-04 2.4447436040e+01 nan
-1.0942079266e-04 2.5751411962e-05 1.6289608796e+02 nan
-1.0367938863e-04 2.7319950555e-05 1.5893119071e+02 nan
-1.1306928938e-04 2.5762642095e-05 1.6296074696e+02 nan
1.1583570459e-04 1.6531388748e-05 1.5464027649e+02 nan
1.1208153812e-04 1.6425709128e-05 1.5998828287e+02 nan
1.1343003948e-04 2.0197259559e-05 1.3364519249e+02 nan
1.1716530029e-04 2.0364767193e-05 1.2798100148e+02 nan
1.0834622343e-04 1.6332083421e-05 1.6495243477e+02 nan
1.2340470421e-04 1.6782074747e-05 1.4297449476e+02 nan
-9.5130991025e-05 8.7373756319e-05 5.1037975763e+01 nan
1.6148863364e-04 1.0586857843e-04 8.0435353246e+00 nan
1.6821736433e-04 1.0119445041e-04 8.4457573571e+00 nan
1.6199034180e-04 1.0963802742e-04 7.4452035913e+00 nan
1.6590554278e-04 1.1112276500e-04 7.3357607672e+00 nan
1.6247544812e-04 1.1345258102e-04 7.1579138391e+00 nan
1.7325634459e-04 1.1017875957e-04 7.7542427162e+00 nan
1.7273281834e-04 1.0637189219e-04 7.7199941054e+00 nan
-1.0746162911e-04 1.6404952302e-05 1.8665085444e+02 nan
-1.0367805515e-04 1.6400627732e-05 1.8651263550e+02 nan
-9.9892621064e-05 1.6396961075e-05 1.8638982910e+02 nan
-1.1281680138e-04 1.7947135519e-05 1.8286506644e+02 nan
-9.4802408607e-05 2.5715494574e-05 1.6273088413e+02 nan
-9.1142674194e-05 2.5709142121e-05 1.6270729503e+02 nan
-9.0735761710e-05 2.8883622252e-05 1.5503426197e+02 nan
-8.5495079368e-05 2.7281424226e-05 1.5885023256e+02 nan
-9.8460391326e-05 2.5722630507e-05 1.6276116730e+02 nan
1.3788958409e-04 1.4788180775e-04 1.1480624941e+01 nan
-9.0232882678e-05 1.7921731244e-05 1.8220739479e+02 nan
-9.6105825964e-05 1.6393778665e-05 1.8628175100e+02 nan
-8.4738328744e-05 1.6388423965e-05 1.8602982149e+02 nan
-2.3933329428e-04 1.2301985417e-05 2.2140180101e+02 nan
1.0093195130e-04 1.6176604070e-05 1.7363331967e+02 nan
9.3593501336e-05 1.6058483816e-05 1.8059009031e+02 nan
1.0463022130e-04 1.6249127735e-05 1.6950973134e+02 nan
4.0855113270e-05 9.0983550987e-05 3.4956432340e+01 nan
-8.2719176066e-05 7.7564842523e-05 6.3847291727e+01 nan
-9.1745690444e-05 7.7690268027e-05 6.3610996270e+01 nan
-7.7154783030e-05 1.6388253642e-05 1.8590805012e+02 nan
-7.3362084105e-05 1.6388905139e-05 1.8585694683e+02 nan
-8.0946960251e-05 1.6387698163e-05 1.8596612142e+02 nan
-7.7657375947e-05 8.7087837454e-05 5.1189789229e+01 nan
8.6329654844e-05 1.5971795704e-05 1.8555709205e+02 nan
8.2712283893e-05 1.5934521923e-05 1.8457590804e+02 nan
7.6345601007e-05 1.7528621132e-05 1.7666668843e+02 nan
8.9952193404e-05 1.6011291171e-05 1.8361057447e+02 nan
-7.3670291546e-05 7.7485128625e-05 6.4035920732e+01 nan
-6.1814776630e-05 2.5702907332e-05 1.6254610355e+02 nan
-6.9152620198e-05 2.5695787476e-05 1.6260866403e+02 nan
-7.2820156650e-05 2.5694575955e-05 1.6262918281e+02 nan
3.1255222743e-05 4.0455115392e-05 1.1378482777e+02 nan
3.6855754734e-05 3.8935052215e-05 1.1531496883e+02 nan
4.0149064446e-05 3.9094177121e-05 1.1356654783e+02 nan
-6.1979890878e-05 1.6396422630e-05 1.8571408334e+02 nan
-5.8185452648e-05 1.6400444342e-05 1.8566411453e+02 nan
-5.4390944423e-05 1.6405558912e-05 1.8560850222e+02 nan
-5.0596556653e-05 1.6412907796e-05 1.8554207617e+02 nan
-6.7726015703e-05 1.4870639755e-05 1.8967386073e+02 nan
7.1793414994e-05 1.5811680060e-05 1.8146329308e+02 nan
6.8133074067e-05 1.5768414319e-05 1.8095300928e+02 nan
6.4462712664e-05 1.5724379034e-05 1.8063441705e+02 nan
1.9028559413e-04 9.7816431148e-05 8.8302475291e+00 nan
-6.8890913657e-05 8.7022633513e-05 5.1204881245e+01 nan
5.4538079627e-05 1.7227196843e-05 1.7536459161e+02 nan
5.8200062706e-05 1.7277516754e-05 1.7519131877e+02 nan
4.9685900061e-05 1.5548073005e-05 1.8083953847e+02 nan
-4.4838074809e-05 1.4899893841e-05 1.8932120173e+02 nan
-3.9214438121e-05 1.6437309479e-05 1.8528178007e+02 nan
-3.5422194563e-05 1.6448305608e-05 1.8516114340e+02 nan
-3.1631096533e-05 1.6461800807e-05 1.8501670315e+02 nan
-2.7838661701e-05 1.6474760983e-05 1.8485365392e+02 nan
-1.3896859677e-04 3.5671694165e-05 1.3970192190e+02 nan
-1.4478774304e-04 3.9100006623e-05 1.3189843052e+02 nan
-6.3051250441e-05 8.7009331139e-05 5.1195489059e+01 nan
4.4760258297e-05 1.2941349350e-04 1.9240844914e+01 nan
4.0188786238e-05 1.2798470231e-04 1.7216307725e+01 nan
1.2673930587e-04 1.4592382033e-04 1.0357972305e+01 nan
3.9793727200e-05 1.7031445584e-05 1.7697095514e+02 nan
3.6085626051e-05 1.6985100032e-05 1.7751443810e+02 nan
3.2369341433e-05 1.6940298888e-05 1.7808448131e+02 nan
4.5969272327e-05 1.5504989426e-05 1.8115518616e+02 nan
-2.4051501733e-05 1.6489965126e-05 1.8466276790e+02 nan
-1.8161404846e-05 1.4983729050e-05 1.8830596194e+02 nan
-1.2698783716e-05 1.6547083008e-05 1.8390614571e+02 nan
-8.9169903810e-06 1.6568442783e-05 1.8359076128e+02 nan
-1.5771257786e-04 1.0496385387e-04 3.3229477260e+01 nan
-1.5315561785e-04 1.0681788141e-04 3.1968531686e+01 nan
2.7270556845e-05 1.5304879694e-05 1.8347091993e+02 nan
2.3510180418e-05 1.5268836124e-05 1.8398991779e+02 nan
1.7431999009e-05 1.6778060853e-05 1.8040684359e+02 nan
1.3681567429e-05 1.6742137214e-05 1.8095429686e+02 nan
2.4688164582e-04 1.2062791005e-04 1.4003246343e+01 nan
-1.3691502876e-06 1.6619568449e-05 1.8284691951e+02 nan
4.6269698731e-06 1.5113489697e-05 1.8637538515e+02 nan
9.9258264728e-06 1.6708022017e-05 1.8147629470e+02 nan
9.0349862245e-07 3.9360254334e-05 1.2616578051e+02 nan
7.7365635477e-06 3.9552334597e-05 1.2406600824e+02 nan
-6.2983874360e-05 9.4848472726e-05 4.1462383591e+01 nan
-2.6745587991e-05 3.8841804937e-05 1.3128298143e+02 nan
1.2507889309e-04 1.6066955209e-04 1.7919994814e+01 nan
-5.4558980795e-05 3.5345711070e-05 1.4004331972e+02 nan
-4.5530005072e-05 8.7135941849e-05 5.1038769029e+01 nan
3.5880202680e-05 1.2943121134e-04 1.7828014360e+01 nan
-5.0253794457e-05 9.6908185413e-05 3.8714643674e+01 nan
-3.9701119301e-05 8.7239990086e-05 5.0923625786e+01 nan
-4.4611208766e-05 9.6991395761e-05 3.8522218613e+01 nan
-4.0677519042e-05 3.8705464184e-05 1.3236672856e+02 nan
-4.0247440529e-05 9.5086584212e-05 4.0840687323e+01 nan
1.7097661977e-04 9.5097105137e-05 9.1722795992e+00 nan
1.7492720252e-04 9.6411346395e-05 8.7552390613e+00 nan
1.7157466447e-04 9.8816171177e-05 8.6078976204e+00 nan
1.7554147424e-04 1.0016882171e-04 8.2977728789e+00 nan
-2.7471801668e-04 3.5782529467e-05 1.1655029342e+02 nan
-2.6391316732e-05 8.5671493373e-05 5.3013241708e+01 nan
2.3611811776e-05 1.2386890042e-04 1.2278749110e+01 nan
1.7022683800e-05 1.2485110870e-04 1.1501176400e+01 nan
1.3435384332e-05 1.2837421175e-04 1.2004368318e+01 1.4285418486e+01
1.8322942116e-05 1.2987328358e-04 1.4023101743e+01 1.3903659435e+01
-2.2281592428e-05 8.7779422924e-05 5.0215798796e+01 nan
-4.9984264232e-06 1.1119437456e-04 2.1410635840e+01 nan
-8.6301289909e-06 1.0879049446e-04 2.4184378030e+01 nan
-6.6947335156e-07 1.0949751183e-04 2.3639786394e+01 nan
4.6016839179e-06 1.1005724184e-04 2.3203894187e+01 nan
9.8414485241e-06 1.1069652427e-04 2.2657650762e+01 nan
1.4256301152e-05 1.0917995780e-04 2.4405167716e+01 nan
2.2072184460e-05 1.1042003114e-04 2.3000779220e+01 nan
2.3472609620e-05 1.1499290039e-04 1.8305679937e+01 nan
2.7886717114e-05 1.1367892617e-04 1.9688520938e+01 nan
3.2944103024e-05 1.1477536170e-04 1.8840074973e+01 nan
3.5454682508e-05 1.1537002743e-04 1.8433933965e+01 nan
-2.3299043481e-05 9.5642350013e-05 4.0168867540e+01 nan
-1.1779984447e-04 6.6987121822e-05 7.9052610449e+01 nan
-6.3116105779e-05 6.8173906258e-05 7.8099101011e+01 nan
-5.9984405648e-05 6.8179724921e-05 7.8132422140e+01 nan
-8.4954467389e-05 6.8275613651e-05 7.7580596969e+01 nan
-8.1832596603e-05 6.8247321234e-05 7.7677847151e+01 nan
-1.2703514984e-04 6.7228484275e-05 7.8502829282e+01 nan
-1.4756178333e-05 8.6182113359e-05 5.2146037116e+01 nan
-9.1175333025e-05 6.8344560819e-05 7.7369272512e+01 nan
-1.7681500133e-05 9.5917628651e-05 3.9853040398e+01 nan
4.6841725723e-06 1.2291133192e-04 9.8663834147e+00 nan
6.1114792369e-07 1.2464636781e-04 7.8560571850e+00 nan
-4.4210726498e-06 1.2410494998e-04 6.9721206982e+00 nan
1.0091945788e-04 1.5238392229e-04 1.6482311742e+01 nan
-8.9694529110e-06 8.6515721712e-05 5.1483622152e+01 nan
-1.5308163294e-04 7.2029108062e-05 7.0503988888e+01 nan
-1.5895022393e-04 7.2339721018e-05 6.9775050704e+01 nan
-2.3144890873e-05 1.0579229540e-04 2.7613395784e+01 nan
-2.6269918774e-05 1.0977564501e-04 2.2818992871e+01 nan
-3.1644008131e-05 1.0954729497e-04 2.3236814394e+01 nan
-3.7876492256e-06 1.1984457035e-04 1.1294814029e+01 nan
-9.4519059120e-06 1.2363065122e-04 6.5392552648e+00 nan
-3.2074403378e-06 8.6909523611e-05 5.0621162783e+01 nan
-1.4031692051e-05 1.1894844110e-04 1.1648250860e+01 nan
-1.8124628168e-05 1.2079803000e-04 9.3992832882e+00 nan
-1.8530366232e-05 1.2508606626e-04 4.3369738623e+00 nan
-2.3611392027e-05 1.2475043817e-04 5.0171158043e+00 nan
-2.6162589371e-05 1.2460114119e-04 5.5208273108e+00 nan
-1.4515770101e-05 1.2321637375e-04 6.5412676453e+00 nan
-1.4466142259e-04 1.1007897501e-04 2.9763599990e+01 1.8899007048e+01
1.2150448067e-04 1.5821804884e-04 1.6044001611e+01 nan
-3.1050556744e-05 1.2007039295e-04 1.1176142622e+01 nan
-3.6262072342e-05 1.1985686805e-04 1.2079491907e+01 nan
-4.1875437768e-05 1.2388082808e-04 9.3262606801e+00 1.8022293695e+01
-4.5150911404e-05 1.0915643814e-04 2.4393651374e+01 nan
-3.9737535655e-05 1.0928361754e-04 2.3914914579e+01 nan
-5.3243816280e-05 1.0493869635e-04 2.9536761007e+01 nan
-5.8752485932e-05 1.0489991680e-04 2.9909126867e+01 nan
1.7600616005e-05 9.1005579184e-05 4.3154631896e+01 nan
2.3166533839e-05 9.1797283021e-05 4.1097116842e+01 nan
2.6346057393e-05 1.0058956394e-04 3.2567268438e+01 nan
1.4348082196e-04 1.0597283991e-04 8.8744891669e+00 nan
1.6363693508e-04 1.2495574515e-04 7.9443203391e+00 nan
-4.4123709319e-05 1.1961007483e-04 1.3514324812e+01 nan
-4.9373238628e-05 1.1949265286e-04 1.4478677869e+01 nan
-1.8973938290e-04 4.3612793185e-05 1.2163964994e+02 nan
2.2637391084e-04 1.1763326278e-05 6.2765819863e+01 nan
-1.6309670683e-04 3.5975222246e-05 1.3967585323e+02 nan
-2.1321583407e-04 1.2088767641e-05 2.1461589250e+02 nan
1.2605381813e-04 1.0235526348e-04 1.1283459083e+01 nan
-5.4643415353e-05 1.1943047460e-04 1.5413872588e+01 nan
-5.9925439343e-05 1.1937562687e-04 1.6343229884e+01 nan
-6.2570549635e-05 1.1934999148e-04 1.6800804235e+01 nan
-6.1841527859e-05 1.2379535602e-04 1.3631884506e+01 1.8625819085e+01
5.5075591726e-05 9.6946521029e-05 2.7750743828e+01 nan
1.7000077276e-04 6.8117217468e-05 2.1964045087e+01 nan
-1.5836143852e-04 3.9304794194e-05 1.3166196699e+02 nan
-7.6077792993e-05 1.1527097242e-04 2.1889076245e+01 nan
-7.5820417375e-05 1.1939364716e-04 1.8859552724e+01 nan
-7.3172268566e-05 1.1929616464e-04 1.8526995508e+01 nan
-6.7865382919e-05 1.1936811999e-04 1.7647404639e+01 nan
1.0978721081e-04 6.8111320276e-05 3.4162363557e+01 nan
-1.9555406964e-04 9.6741764241e-05 3.6215951992e+01 nan
1.9904204132e-04 8.2652247416e-05 9.6721252888e+00 nan
1.3058612028e-04 1.1782966996e-04 7.0376657836e+00 nan
1.2725170216e-04 1.1976866965e-04 6.7055239445e+00 nan
-1.2579211636e-04 8.6405521777e-05 5.2372913014e+01 nan
1.1463226982e-04 9.1856758976e-05 1.9302094196e+01 nan
1.1205909690e-04 9.6874952571e-05 1.8027864406e+01 nan
1.1248721545e-04 1.0005881905e-04 1.7074446862e+01 nan
1.5768123010e-04 8.0766995436e-05 1.4658762043e+01 nan
2.7583486277e-04 2.0433509635e-05 4.4354260472e+01 nan
2.7979553622e-04 2.0596524328e-05 4.4002234797e+01 nan
-8.9319122254e-05 8.7256625078e-05 5.1108727550e+01 nan
-1.1747729006e-04 7.6385764399e-05 6.5216692358e+01 nan
2.2596642494e-04 4.4972112376e-05 3.4073413573e+01 nan
1.7891003498e-05 3.9893540430e-05 1.2020882343e+02 nan
4.6671462195e-05 3.9431899728e-05 1.1004263757e+02 nan
4.9898196707e-05 3.9609713384e-05 1.0847300558e+02 nan
5.9526719408e-05 4.0206426353e-05 9.9571321643e+01 nan
7.3371700441e-05 4.3373902553e-05 8.0439559677e+01 nan
8.0051439078e-05 4.4088972157e-05 7.4761399590e+01 nan
9.0268896990e-05 4.5322687949e-05 6.6950015753e+01 nan
9.6510824403e-05 4.3907466541e-05 6.6426901891e+01 nan
1.0003666039e-04 4.4370023015e-05 6.3984213941e+01 nan
1.0528133882e-04 1.4784887386e-04 1.1510141224e+01 nan
-3.3113766271e-04 2.0482186964e-06 2.7421425170e+02 nan
-3.2727620530e-04 1.9852313211e-06 2.8580390240e+02 nan
1.5669015993e-04 1.3340778016e-04 8.7965000454e+00 nan
-1.1248942041e-04 8.7863335921e-05 5.0644573184e+01 nan
1.6906497402e-04 4.4882395639e-05 3.9573970343e+01 nan
-1.0047420985e-04 6.8483619192e-05 7.7003851032e+01 nan
8.0635884536e-05 1.2867115431e-04 1.0748199492e+01 nan
-8.1224954987e-05 1.1956293526e-04 1.9522499359e+01 nan
1.4336105344e-04 8.1411917540e-06 1.8989552432e+02 nan
-1.2656754652e-04 1.1090870763e-04 2.9112600600e+01 nan
8.4463004290e-05 8.2048886499e-05 2.8588833145e+01 nan
-8.5957538525e-05 5.7470852720e-05 9.5573278039e+01 nan
-8.0963694894e-05 5.9206088508e-05 9.2622256074e+01 nan
6.8812207180e-05 1.2349328439e-04 1.8788736474e+01 nan
1.5555149411e-04 6.7834619986e-05 2.5423178396e+01 nan
-2.3803772248e-04 2.9859351423e-06 2.5278344779e+02 nan
-2.3409914373e-04 2.9798571643e-06 2.5094336455e+02 nan
-2.3609725729e-04 6.0093837432e-06 2.4251336723e+02 nan
-2.3015909248e-04 2.9732030777e-06 2.4919812356e+02 nan
2.4050488756e-04 2.2838869595e-06 8.8060438940e+01 nan
1.7633361947e-04 8.2953813614e-05 1.0904412474e+01 nan
-2.3193170683e-04 4.0313066630e-05 1.2596211943e+02 nan
8.0395560374e-05 9.0903457651e-05 2.4377773977e+01 nan
7.6519783489e-05 1.3794969964e-04 1.6885493192e+01 nan
5.4725750488e-05 7.6903613530e-05 3.9740340061e+01 nan
-7.1309844746e-05 5.9164532663e-05 9.2869332898e+01 nan
-1.2079512633e-04 7.3707953114e-06 2.1150716838e+02 nan
2.4292078605e-04 1.1965577159e-04 1.3826378328e+01 nan
-6.7214902020e-05 9.6844001972e-05 3.9251908412e+01 nan
-2.8822927267e-04 3.4866121949e-05 1.0208106867e+02 nan
-8.0153044127e-05 2.5696629402e-05 1.6265927910e+02 nan
3.1653853714e-05 7.2842232778e-05 5.3476383345e+01 nan
3.6556397437e-05 7.1535489551e-05 5.1240390677e+01 nan
2.2914550966e-05 7.1745468874e-05 6.0884883331e+01 nan
9.9858691442e-06 6.8600517467e-05 7.0982231379e+01 nan
8.5197623720e-07 6.7968486962e-05 7.4590899874e+01 nan
-8.3737536957e-06 6.7469697205e-05 7.7138780820e+01 nan
-1.3339235093e-05 6.9104905618e-05 7.5388547153e+01 nan
-1.7670381354e-05 6.7084402544e-05 7.8869684564e+01 nan
-2.2603639559e-05 6.8763187677e-05 7.6710078584e+01 nan
-2.7020450910e-05 6.6795526707e-05 7.9982916328e+01 nan
-3.1912808436e-05 6.8512182257e-05 7.7522861472e+01 nan
-3.5032011081e-05 6.8445913661e-05 7.7706197037e+01 nan
-4.1253506075e-05 6.8338338879e-05 7.7964507651e+01 nan
-4.4380365393e-05 6.8295270087e-05 7.8048875372e+01 nan
-5.0614141401e-05 6.8230513288e-05 7.8141195119e+01 nan
-5.3745073232e-05 6.8207410222e-05 7.8155915291e+01 nan
-5.8573781097e-05 7.7463470790e-05 6.4219811245e+01 nan
-6.7632010680e-05 7.7459099178e-05 6.4131789834e+01 nan
-1.6210027212e-04 5.9105682314e-05 9.1014539489e+01 nan
-9.0723988636e-05 4.3665537868e-05 1.2202049157e+02 nan
-1.9934269794e-04 3.5021507195e-05 1.4307544427e+02 nan
9.3609224772e-05 3.4958984491e-05 8.8574225426e+01 nan
-4.9513827110e-05 7.7524675212e-05 6.4217298868e+01 nan
-1.6289391331e-04 8.2549232071e-05 5.5819420506e+01 nan
1.5763167268e-04 1.0443613708e-04 8.4153475529e+00 nan
1.5474214138e-04 1.1042375300e-04 7.6061407995e+00 nan
1.0594986254e-05 5.3775450775e-05 9.4267263717e+01 nan
5.4738808805e-05 7.6981812988e-06 2.0590951775e+02 nan
9.4415624693e-07 5.3313263265e-05 9.8167127512e+01 nan
-4.0464995100e-05 7.7650220708e-05 6.4082447070e+01 nan
7.6794989098e-05 2.6201158350e-05 1.4057372339e+02 nan
6.6526623589e-05 2.5894930888e-05 1.4721330680e+02 nan
-1.7530736307e-04 1.1946318064e-05 2.0610930831e+02 nan
-2.3063980577e-05 7.4228234925e-06 2.0821285424e+02 nan
-2.6800849112e-05 2.4257507358e-05 1.6512505603e+02 nan
-1.0751588093e-04 3.5429178557e-05 1.3983796070e+02 nan
-5.1417162836e-06 1.6592352443e-05 1.8323858514e+02 nan
-2.7524560975e-05 3.0638767992e-05 1.4979669161e+02 nan
-8.8036526609e-06 5.2947057231e-05 1.0100792029e+02 nan
3.1444869333e-05 2.5029733962e-05 1.5476853332e+02 nan
-3.1436646631e-05 7.7849637113e-05 6.3754435762e+01 nan
-9.4227381806e-06 3.9121613895e-05 1.2865115113e+02 nan
-2.4002773783e-04 6.0187865394e-06 2.4423840547e+02 nan
-8.9908580322e-05 3.5353281045e-05 1.4001633274e+02 nan
2.1260703983e-04 1.9133057839e-06 1.4105880478e+02 nan
-2.1320969658e-04 1.4728315842e-06 2.4678614264e+02 nan
-2.0647947061e-04 2.9492682216e-06 2.4030934073e+02 nan
-2.0888434943e-04 5.9391006027e-06 2.3235656571e+02 nan
-2.0252932045e-04 2.9452601781e-06 2.3906166047e+02 nan
-6.8709135335e-05 3.5322416724e-05 1.4016000614e+02 nan
-7.2245651626e-05 3.5322443962e-05 1.4015378858e+02 nan
4.4488756495e-05 4.8652696669e-05 8.6711775112e+01 nan
5.3823140081e-05 4.9489981713e-05 7.8769434744e+01 nan
-1.1182498342e-04 4.8960418134e-05 1.1104203150e+02 nan
-2.6696445701e-05 7.6097093728e-05 6.6146732230e+01 nan
-2.2438875262e-05 7.8134893973e-05 6.3149218549e+01 nan
-7.5604458574e-05 6.8202362864e-05 7.7854559953e+01 nan
-1.2177783238e-04 4.9086882560e-05 1.1067746671e+02 nan
-1.3482718221e-05 7.8520728457e-05 6.2155665481e+01 nan
-8.6691135987e-06 7.6863802050e-05 6.3954983737e+01 nan
2.5690276264e-07 7.7428332784e-05 6.1957855549e+01 nan
-1.7658053229e-05 7.6426566139e-05 6.5295869224e+01 nan
9.1033269825e-06 7.8143045780e-05 5.9107056996e+01 nan
1.8779322924e-05 8.1124202768e-05 5.2619604754e+01 nan
2.1649126822e-05 8.1482752947e-05 5.1081608525e+01 nan
2.7346455941e-05 8.2278024798e-05 4.7578185525e+01 nan
3.2156791645e-05 8.1006263700e-05 4.5624107345e+01 nan
2.0457495350e-04 1.8281939904e-06 1.5973678017e+02 nan
-1.8085298493e-04 4.5107986816e-05 1.1844426759e+02 nan
2.7145119793e-05 6.2467511426e-05 7.1004206491e+01 nan
6.3069536586e-05 6.7577805096e-05 4.6679946917e+01 nan
3.6075678224e-05 6.3437178564e-05 6.2270517010e+01 nan
-1.2929686252e-05 1.1055783262e-04 2.1901412146e+01 nan
-1.3188416685e-04 5.4553458048e-05 1.0005254544e+02 nan
-5.8113711014e-05 2.5709341091e-05 1.6249808245e+02 nan
2.6543787530e-04 4.5244461967e-05 1.4166034498e+01 nan
2.7124255672e-04 3.5779329616e-05 1.4469208329e+01 nan
2.6129548417e-04 4.4501353786e-05 1.3944624988e+01 nan
1.0047190560e-04 1.3665436643e-04 2.9154295820e+00 nan
1.0340683687e-04 1.3877897938e-04 3.6322130261e+00 nan
3.0652018525e-05 9.0988558653e-05 3.9387550037e+01 nan
-1.8537688554e-04 1.4592184777e-06 2.3843370212e+02 nan
-1.9462588720e-04 2.9391497259e-06 2.3673353632e+02 nan
1.8469241109e-04 1.6599926560e-06 2.0988515773e+02 nan
6.2708404670e-05 9.7112850362e-05 2.5553053850e+01 nan
1.7668077914e-04 1.6077751247e-06 2.2978279493e+02 nan
-1.7498872552e-04 2.9267514661e-06 2.3184071670e+02 nan
-2.4068720027e-04 3.9121969009e-05 1.2714917044e+02 nan
-1.7726098452e-05 1.0608757028e-04 2.7288796287e+01 nan
-6.7025236430e-05 1.0489880513e-04 3.0460461650e+01 nan
1.9087483788e-04 1.0159526415e-04 8.8861124327e+00 nan
-2.4087976915e-04 6.2636143436e-05 7.2284240776e+01 nan
-2.4338473420e-04 6.3172286418e-05 7.0377845998e+01 nan
1.6117088427e-04 3.2245600061e-06 2.2926642563e+02 nan
1.5317499818e-04 3.1785630170e-06 2.4568004189e+02 nan
-3.6773602881e-05 1.0525729968e-04 2.8450294919e+01 nan
-8.0820516518e-05 1.0503936877e-04 3.1309334112e+01 nan
2.2126331725e-04 7.7993455265e-05 1.0792367087e+01 nan
3.2215960056e-04 5.3911891213e-05 1.9573603755e+01 nan
1.2542639487e-04 3.1528300953e-06 2.5737961910e+02 nan
1.1301262200e-04 1.5313126815e-06 2.5066798963e+02 nan
1.1754231333e-04 3.1526190914e-06 2.5050822322e+02 nan
3.0853587708e-04 3.0567388850e-06 4.1123051868e+01 nan
1.0507903266e-04 1.5294524975e-06 2.4503287245e+02 nan
-1.3098127967e-04 1.0909921113e-04 3.0541027961e+01 nan
-8.1445005346e-05 1.1535322752e-04 2.2488179378e+01 nan
-1.7572985524e-04 6.3575970983e-05 8.2496908073e+01 nan
1.2571456637e-04 7.7764488563e-05 2.3948624038e+01 nan
8.1280827739e-05 1.5188271867e-06 2.3236048523e+02 nan
1.5245489847e-04 1.2409894727e-04 6.5993575125e+00 nan
7.3343583337e-05 1.5139362523e-06 2.2965057806e+02 nan
4.9488003817e-05 1.4982763635e-06 2.2491513159e+02 nan
2.3194339144e-04 1.2423232887e-04 1.3612952568e+01 nan
1.9533756832e-04 1.4333267410e-04 1.4104985236e+01 nan
3.2375003672e-04 3.9263178238e-05 2.0268206922e+01 nan
-2.7664477616e-04 1.5403323320e-06 2.8586706186e+02 nan
-2.7270028855e-04 1.5301266245e-06 2.8119317113e+02 nan
-2.6550832144e-04 3.0489794727e-06 2.6916826961e+02 nan
-2.6160248551e-04 3.0344104628e-06 2.6635424389e+02 nan
-2.5773816538e-04 3.0265278337e-06 2.6374473005e+02 nan
2.3987140399e-04 9.6954088326e-05 1.2654010069e+01 nan
8.1439649018e-05 1.3950582500e-04 5.3340644268e+00 nan
3.0242662632e-04 1.0711591426e-04 1.5313919332e+01 nan
2.6048899038e-04 2.6759313505e-06 5.9364704390e+01 nan
2.7163945636e-04 1.0420705692e-04 1.4703635688e+01 nan
-2.0335088367e-04 8.7011777858e-05 4.5239841310e+01 nan
2.5248042695e-04 2.4945029612e-06 7.0241630934e+01 nan
2.4847789464e-04 2.4681034517e-06 7.5815748798e+01 nan
2.4799084233e-04 5.5907422140e-05 1.2773050654e+01 nan
-1.8529576029e-04 7.6277420272e-05 6.2008311084e+01 nan
-2.4897917446e-04 1.4816683948e-06 2.6288367765e+02 nan
1.5333227446e-04 9.9385077338e-05 9.5393079459e+00 nan
2.1050104209e-04 8.2282268146e-05 1.0132440757e+01 nan
-2.2115830213e-04 1.4761234367e-06 2.4973193389e+02 nan
2.2454432962e-04 2.0716461404e-06 1.1624854709e+02 nan
2.2054715757e-04 2.0503066984e-06 1.2400840373e+02 nan
2.1340062012e-04 1.3025190063e-04 1.3263976317e+01 nan
1.9370399086e-04 1.2439297769e-04 1.1199007673e+01 nan
1.9264391678e-04 1.7514554086e-06 1.8956982293e+02 nan
-1.4809077154e-04 9.9911548752e-05 3.8023561562e+01 nan
1.6871086282e-04 1.5809912736e-06 2.4761897190e+02 nan
1.4077924318e-04 1.5466066002e-06 2.7100760576e+02 nan
1.3679772564e-04 1.5585649253e-06 2.6792238726e+02 nan
-2.2224584169e-04 8.1492580627e-05 4.7471017809e+01 nan
1.3153061755e-04 9.1659349833e-05 1.4414437150e+01 nan
-2.1638579918e-04 9.1504963557e-05 3.6900549336e+01 1.7211950212e+01
2.1306062079e-04 9.7291158489e-05 1.0510934713e+01 nan
4.1516363282e-05 1.4986875317e-06 2.2414190870e+02 nan
-1.8146087956e-05 1.4605580621e-06 2.2334960463e+02 nan
-1.7664046748e-04 9.2090122078e-05 4.3711771819e+01 nan
1.4175135660e-04 9.1967639387e-05 1.2603569410e+01 nan
-1.4465789946e-04 9.1426827073e-05 4.6485419550e+01 nan
2.6373977241e-04 7.6915357697e-05 1.4016709273e+01 nan
1.0756272859e-04 1.1995663343e-04 1.0017216574e+01 nan
2.1183757140e-04 8.9768194322e-05 1.0195964930e+01 nan
-3.0190289953e-04 3.4793007817e-05 8.8776490978e+01 nan
1.6764496588e-04 9.7474079583e-05 9.0044578716e+00 nan
-7.7439476834e-05 9.0990042586e-05 4.6389184277e+01 nan
1.2364728155e-04 1.1456953556e-04 8.0770001508e+00 nan
1.1623914573e-04 1.4356283427e-04 8.4964675870e+00 nan
-1.5728173670e-04 6.8374183483e-05 7.5808792400e+01 nan
-1.3538724931e-04 1.0107716198e-04 3.7189722980e+01 nan
-2.0806865484e-04 8.5579957984e-05 4.5938118299e+01 nan
1.8628813115e-04 9.6560089982e-05 8.6908687164e+00 nan
-7.6487121890e-05 2.5694728137e-05 1.6264574255e+02 nan
-2.0299360306e-04 7.1927411439e-05 6.5794713987e+01 nan
-1.7136322722e-04 1.0000901859e-04 3.6469194831e+01 nan
1.3768685392e-04 1.5165631252e-04 1.3175573937e+01 nan
-4.1502370466e-05 1.1967718451e-04 1.3036939276e+01 nan
1.5293761460e-04 1.6223138644e-04 1.8249401558e+01 nan
3.0731503260e-04 8.5344073502e-05 1.6746844959e+01 nan
-3.1020950991e-04 3.5825246780e-05 7.6836935236e+01 nan
-2.2621653217e-04 2.9675465832e-06 2.4753572666e+02 nan
-1.9857793802e-04 2.9419041775e-06 2.3787047041e+02 nan
2.6106088009e-04 2.5401677633e-05 4.2646159107e+01 nan
2.8782210719e-04 2.1034656892e-05 2.8204312167e+01 nan
3.6132767889e-04 3.5605730648e-05 2.6616750394e+01 nan
3.5802976640e-04 3.9235129952e-05 2.5545780587e+01 nan
3.5841134890e-04 4.3349715512e-05 2.4940055992e+01 nan
1.7698436367e-04 8.6588568546e-05 1.0137845447e+01 nan
-1.6186683081e-04 7.2506722040e-05 6.9373605054e+01 nan
2.7035355641e-04 4.9618974865e-05 1.4561792927e+01 nan
-8.1368402181e-05 9.6979845013e-05 3.9631948283e+01 nan
-6.4266756882e-05 1.0489188460e-04 3.0278527370e+01 nan
2.4951945243e-04 6.3263635604e-05 1.2806286028e+01 nan
1.7962103140e-04 8.0505160275e-05 1.1126912482e+01 nan
2.9899548440e-04 8.0026691583e-05 1.6549539981e+01 nan
2.0072844948e-04 5.2965272920e-05 3.1372818431e+01 nan
-1.0840450704e-04 9.5672495772e-05 4.1975918812e+01 nan
2.9790522217e-04 7.2402615843e-05 1.6707696531e+01 nan
-2.8824028953e-04 1.2175543450e-05 2.1435358049e+02 nan
-1.3495557388e-04 4.9297748890e-05 1.1013141325e+02 nan
-8.8937530549e-06 1.1936572935e-04 1.1381084849e+01 nan
7.6345982689e-05 9.9572187380e-05 2.1821005223e+01 nan
2.1410006281e-04 6.2178857245e-05 1.1578871106e+01 nan
1.5779250971e-04 1.6480019528e-05 1.0027395090e+02 nan
9.3902370351e-05 3.1469492562e-06 2.3283358657e+02 nan
-1.6741835008e-04 5.7456017058e-05 9.3780765784e+01 nan
2.1290454577e-04 2.1061817107e-05 5.2733294388e+01 nan
-1.9810927770e-04 1.2019611553e-05 2.1084232993e+02 nan
-1.6320506786e-04 6.8680461020e-05 7.5035200995e+01 nan
2.4491881355e-04 2.4120104108e-05 4.1983129369e+01 nan
-1.0302207970e-04 7.2248162887e-05 7.1279224997e+01 nan
-9.9974991553e-05 7.2192265921e-05 7.1400002874e+01 nan
9.1413624274e-05 1.3353636741e-04 8.7555203587e+00 nan
1.4539356664e-04 1.5138213777e-04 1.3690243520e+01 nan
5.9767633999e-05 1.2354805522e-04 1.2077775305e+01 nan
3.6574070117e-05 8.5908154654e-05 3.9537888815e+01 nan
1.2180955157e-04 9.4427252736e-05 1.6027298067e+01 nan
1.1375738816e-04 1.1321335529e-04 1.0471659760e+01 nan
1.0735403982e-04 1.3024761621e-04 4.7025151553e+00 nan
1.3902112820e-04 9.7541757704e-05 1.1153040954e+01 nan
1.5310873164e-04 1.5086999707e-04 1.4028819831e+01 nan
2.9783194806e-04 2.9094093895e-05 1.7248775979e+01 nan
2.0692232756e-04 1.4310257892e-04 1.4356078079e+01 nan
2.0982522104e-04 1.3291447454e-04 1.3370540398e+01 nan
1.9623827625e-04 4.9320275352e-05 3.4572263767e+01 nan
1.9799731518e-04 1.2941324238e-04 1.2251449880e+01 nan
1.1766052748e-04 7.2755053168e-05 2.9187021528e+01 nan
4.5754167747e-05 1.2048777247e-04 1.5154249214e+01 nan
1.6587917211e-04 8.6565755929e-05 1.1134574138e+01 nan
-2.1753769566e-04 6.3201706748e-05 7.7614343219e+01 nan
-1.9935174981e-04 6.7383341819e-05 7.3622656061e+01 nan
-1.5945945422e-04 5.3474213488e-05 1.0156129844e+02 nan
-2.3041062816e-04 5.8591054439e-05 8.3381754460e+01 nan
2.3399565704e-04 4.6187920200e-05 2.1817214305e+01 nan
-3.3101061587e-04 3.5557517248e-05 6.9383303932e+01 nan
3.1746352873e-04 7.5844939615e-05 1.7845138367e+01 nan
-1.2508216453e-04 4.9134974169e-05 1.1054833564e+02 nan
1.8157312186e-04 7.0951340500e-05 1.4910958656e+01 nan
1.9589888952e-04 1.1041291485e-04 9.8048420794e+00 nan
2.0279223478e-04 1.0522041429e-04 1.0056845198e+01 nan
8.6041786514e-05 3.1385218060e-06 2.2884454829e+02 nan
2.1570309235e-04 6.9545676545e-05 1.0768849137e+01 nan
-2.2073858855e-04 6.7920142619e-05 6.8580037547e+01 nan
2.6522116441e-04 1.1388161774e-04 1.4467753079e+01 nan
-2.5462900539e-04 1.5898975656e-05 2.0837115703e+02 nan
2.7508828589e-04 1.0124662042e-04 1.4864292735e+01 nan
2.1987016934e-04 9.1918365865e-05 1.0859417383e+01 nan
2.1170176144e-04 1.1509170819e-04 1.1657930511e+01 nan
-1.0847968916e-04 5.7715265559e-05 9.4713010188e+01 nan
-2.2523627653e-04 3.6064480144e-05 1.3901672158e+02 nan
3.1234567668e-04 4.1583711794e-05 1.8741787843e+01 nan
2.1790795375e-04 8.0685405189e-05 1.0568365605e+01 nan
-3.5339492765e-04 2.6050187862e-05 8.7441498254e+01 nan
2.0469653470e-04 1.2039336447e-04 1.1635162888e+01 nan
-2.5320427897e-04 6.3264743011e-05 6.6284489552e+01 nan
-2.8366992994e-04 1.9796315496e-05 1.6985626676e+02 nan
2.5175427689e-04 1.2918996734e-04 1.4295523645e+01 nan
2.8115579210e-04 2.6914498136e-05 1.8863343603e+01 nan
2.4383278194e-04 1.2724322291e-04 1.4121636562e+01 nan
3.0392262408e-04 8.8465261665e-05 1.6435670800e+01 nan
1.0391400695e-04 1.1166197565e-04 1.4388855493e+01 nan
1.1303283120e-04 1.4150730739e-04 6.7913935957e+00 nan
2.3363936014e-04 1.3937361316e-04 1.4397936790e+01 nan
2.3799739263e-04 1.1109364967e-04 1.3190647664e+01 nan
-1.6267474438e-04 9.6988332124e-05 4.0019198463e+01 nan
2.9549587701e-04 5.7345449723e-05 1.6785511138e+01 nan
1.6829072740e-04 1.4172064161e-04 1.2299337964e+01 nan
2.2568723686e-04 1.3728617243e-04 1.4214600202e+01 nan
1.3446627252e-04 1.3843239803e-04 7.8986780060e+00 nan
1.4144764201e-04 1.5342579559e-04 1.4310978279e+01 nan
-1.1312581770e-04 1.1017508312e-04 2.9126582230e+01 nan
2.5682294899e-04 1.0826293722e-04 1.4088149174e+01 nan
2.2132096447e-04 1.3243927164e-04 1.3774846794e+01 nan
2.1774487732e-04 1.3513750792e-04 1.3878047657e+01 nan
8.6278556133e-05 1.2343951919e-04 1.2607048155e+01 nan
9.7947574741e-05 1.2773746755e-04 1.0275982593e+01 nan
7.5773278937e-05 1.1990758378e-04 1.5445914656e+01 nan
3.0351295825e-04 5.8594213493e-05 1.7521417512e+01 nan
1.9441300818e-04 1.3199268753e-04 1.2369480262e+01 nan
-1.3535828217e-04 9.4920305585e-05 4.3040395681e+01 nan
-1.8503125903e-04 3.9889214056e-05 1.3058781898e+02 nan
2.0228496784e-04 1.3439292710e-04 1.3180547206e+01 nan
-1.8431111171e-04 8.2399250339e-05 5.4008546081e+01 nan
1.6877911978e-04 1.0495732453e-04 7.8837219936e+00 nan
-1.9799408842e-04 7.3445086872e-05 6.4331520356e+01 nan
-1.1282108575e-04 6.8727163872e-05 7.6434142664e+01 nan
1.4055618149e-04 1.1171920215e-04 7.9128188219e+00 nan
-1.6343143872e-04 7.6558353422e-05 6.3571132542e+01 nan
-2.3279380417e-05 1.2047220897e-04 9.9951702680e+00 nan
-1.5877334195e-04 2.9261202912e-05 1.5626593074e+02 nan
5.4538305960e-05 3.0973345033e-06 2.2053375088e+02 nan
-1.9424561421e-04 6.8933369609e-05 7.1832417412e+01 nan
3.6204786757e-04 4.3928987453e-05 2.5245739941e+01 nan
6.2423311119e-05 3.1116657592e-06 2.2170838860e+02 nan
2.1417295674e-04 1.0484277828e-04 1.1033391420e+01 nan
2.6320647657e-04 1.6936688796e-05 4.4632937785e+01 nan
3.2199733553e-05 9.5422871619e-05 3.5698177235e+01 nan
-1.1682926995e-04 9.6004347259e-05 4.1832257797e+01 nan
-2.2732412177e-04 3.0688983826e-05 1.5504295335e+02 nan
1.5688114979e-04 1.4105817836e-04 1.0999344712e+01 nan
-1.9338774449e-04 5.4992953753e-05 9.6819813325e+01 nan
-8.9840088446e-05 9.7138937642e-05 3.9802429807e+01 nan
2.5432680541e-04 1.1873468337e-04 1.4192201015e+01 nan
-6.8195338602e-05 1.1105259569e-04 2.4556256630e+01 nan
9.3827553666e-05 1.3916798596e-04 3.9028698028e+00 nan
-8.6092437781e-05 9.1113863448e-05 4.6423869962e+01 nan
1.8095748808e-04 8.7812127965e-05 9.6918680218e+00 nan
-1.9882713674e-04 5.3411893095e-05 9.9500239491e+01 nan
-1.0830979526e-04 1.0582648793e-04 3.2378862680e+01 nan
-2.1631535005e-04 2.6818363974e-05 1.6736987441e+02 nan
-1.7126875645e-04 6.7197339131e-05 7.6862174621e+01 nan
2.6512057461e-04 6.2835328788e-05 1.4063491840e+01 nan
2.5292593558e-04 8.1850409485e-05 1.3221550267e+01 nan
-1.4831019315e-04 6.7967920292e-05 7.6797404963e+01 nan
9.0115370290e-05 9.7011832341e-05 2.0586188675e+01 nan
-4.5456574577e-05 3.0524111886e-05 1.5085768675e+02 nan
2.8200694469e-04 1.1899174986e-05 4.5320741895e+01 nan
-1.7510296809e-04 5.4052392604e-05 9.9887993351e+01 nan
2.2722193505e-04 6.8858809488e-05 1.1273106601e+01 nan
2.0495937454e-04 7.3753491886e-05 1.0263234145e+01 nan
2.1090096994e-04 1.4423677292e-04 1.4523168648e+01 nan
-2.6583873022e-04 4.0639490811e-05 1.1088841998e+02 nan
1.1402861437e-04 7.1819119811e-05 3.0474676134e+01 nan
-1.5348320175e-04 1.0035643505e-04 3.7413723344e+01 nan
1.5935241440e-04 9.1239709659e-05 1.0702527080e+01 nan
-1.5770926872e-04 6.2679067027e-05 8.4992145021e+01 nan
-1.4933619012e-04 3.0812387223e-05 1.5181678365e+02 nan
-1.8663105791e-04 9.1142057398e-05 4.3468871903e+01 nan
-2.5193414345e-04 4.4685976055e-05 1.0790272523e+02 nan
2.8864351673e-04 2.4449717959e-05 1.6897853092e+01 nan
2.2566239158e-04 6.1484198201e-05 1.1440056898e+01 nan
3.4508554147e-04 2.6307214725e-05 2.4001187768e+01 nan
3.4900369257e-04 2.6577144963e-05 2.4755311256e+01 nan
-2.7710152855e-04 4.8616786603e-05 8.3846716671e+01 nan
-1.7658643834e-04 5.7875955145e-05 9.2534936308e+01 nan
-2.0400177608e-04 2.9945167273e-05 1.5736767496e+02 nan
2.5147843433e-04 3.6208034566e-05 3.5231276224e+01 nan
-2.6179382217e-04 2.1584448885e-05 1.8080239596e+02 nan
-2.6809916309e-04 2.2074808669e-05 1.7469113295e+02 nan
-2.5809484193e-04 1.6012554603e-05 2.0742713716e+02 nan
-1.8851976527e-04 2.6309841648e-05 1.6663049229e+02 nan
2.0676980995e-04 4.5185417354e-05 3.5896692509e+01 nan
2.7592403459e-04 5.7686046064e-05 1.5006738573e+01 nan
-1.0017418899e-04 5.9388187392e-05 9.1933867870e+01 nan
2.4543314530e-04 1.0925069555e-04 1.3534380577e+01 nan
3.6752589226e-04 2.4043499775e-05 2.9215455391e+01 nan
-2.3570366821e-04 5.9431550466e-05 8.0199511861e+01 nan
-2.3431464060e-04 3.4743570942e-05 1.4157193129e+02 nan
-2.8126108124e-04 3.0425679170e-05 1.2456108031e+02 nan
2.2996335039e-04 4.5544028702e-05 2.8129399445e+01 nan
-1.2763312311e-04 2.5818500182e-05 1.6332848472e+02 nan
2.3469380789e-04 8.8464557612e-05 1.1933669831e+01 nan
2.7917660299e-04 7.6324636913e-05 1.5231147429e+01 nan
2.7185597969e-04 2.0252130989e-05 4.4056308450e+01 nan
1.8267901989e-04 1.2817734701e-04 1.0737650021e+01 nan
2.9371236241e-04 9.7704395779e-05 1.5646015049e+01 nan
-2.8518651015e-04 5.4834061351e-05 6.6630324035e+01 nan
-1.7961307894e-04 5.8031605003e-05 9.2056066757e+01 nan
-1.2520608695e-04 9.6396185518e-05 4.1561682759e+01 nan
2.5826830054e-04 3.0971023217e-05 4.2232928876e+01 nan
3.1166396858e-04 8.9990780518e-05 1.6609943325e+01 nan
2.7301724065e-04 2.6145908494e-05 3.9173118004e+01 nan
-1.8172480209e-04 5.8974217782e-06 2.2492824511e+02 nan
2.7404774892e-04 1.1676378688e-05 4.6097138711e+01 nan
-3.3323524572e-04 1.2764345240e-05 1.3600260377e+02 nan
2.5051162288e-04 4.9425790635e-05 1.3117915955e+01 nan
6.3240907781e-05 9.9614852726e-05 2.4579751227e+01 nan
2.2925916610e-04 1.3455540190e-04 1.4122636027e+01 nan
-1.8970956781e-04 8.2999808118e-05 5.2526624748e+01 nan
2.9419988829e-04 1.0156373027e-04 1.5499177483e+01 nan
2.9793212629e-04 1.2265334893e-05 4.0257139716e+01 nan
2.6225419279e-04 3.1286328038e-05 3.8065890037e+01 nan
3.2604660248e-04 8.5173145666e-05 1.7375814741e+01 nan
3.2437329878e-04 4.3022407934e-05 2.0270939864e+01 nan
2.9268039963e-04 6.1987610941e-06 4.4912047858e+01 nan
2.8404492340e-04 5.9086098487e-05 1.5723078094e+01 nan
2.5360582990e-04 6.4108480664e-05 1.3118820988e+01 nan
2.1592323884e-04 5.2558851457e-05 2.2109094339e+01 nan
2.9224716322e-04 1.1632928838e-04 1.4767899585e+01 nan
-1.4580446027e-04 3.0782460111e-05 1.5172667642e+02 nan
-2.2207926107e-04 3.5896596322e-05 1.3983566033e+02 nan
2.3347632930e-04 2.5842297204e-05 4.2468042224e+01 nan
-2.9791186081e-04 4.4801510975e-05 7.2141488258e+01 nan
3.2559715358e-04 8.1202989092e-05 1.7753541575e+01 nan
7.3246589657e-05 1.1849587766e-04 1.6644332446e+01 nan
2.6210919247e-04 4.8142994614e-05 1.3889587118e+01 nan
3.3239517484e-04 2.1777832496e-05 2.1568980156e+01 nan
-1.6752754876e-04 7.4006668594e-06 2.1764927606e+02 nan
2.8783742636e-04 1.1147243595e-04 1.4973152604e+01 nan
1.1337470863e-04 6.8972528656e-05 3.2757341804e+01 nan
2.8483954819e-04 8.8453052344e-05 1.5502872282e+01 nan
1.3451502949e-04 1.3461679605e-04 6.5580178856e+00 nan
2.1159874472e-04 6.8504773564e-05 1.0625177189e+01 nan
7.5673731515e-05 1.2800787189e-04 9.9081359800e+00 nan
-3.2165105820e-04 2.6703665876e-05 8.8229142672e+01 nan
1.2040829394e-04 1.3451907425e-04 4.6782183933e+00 nan
2.5915523954e-04 1.6703739300e-05 4.4480831701e+01 nan
-2.7133727699e-04 2.0428778511e-05 1.7986803323e+02 nan
3.4890461117e-04 5.7958671599e-05 2.1682863643e+01 nan
1.4514791169e-04 1.2459872926e-04 6.1551294773e+00 nan
2.8037520960e-04 4.0716549285e-05 1.5525517730e+01 nan
-3.6623495671e-04 3.4631660374e-06 1.2022730001e+02 nan
1.9092041541e-04 8.0323276284e-05 1.0136843415e+01 nan
-1.6677947608e-04 6.3093265373e-05 8.3869336533e+01 nan
2.7516967726e-04 7.5558893272e-05 1.4920365402e+01 nan
2.7703485133e-04 4.3703497667e-05 1.5197350160e+01 nan
-3.4345869707e-04 2.2575470418e-05 7.7634918147e+01 nan
2.5813012098e-04 9.0237683785e-05 1.3785499561e+01 nan
2.8094315494e-04 1.1744407904e-04 1.4693761293e+01 nan
2.5632058190e-04 7.8976805156e-05 1.3445362429e+01 nan
-3.3449804683e-04 2.3799014292e-05 7.7854370855e+01 nan
-3.6078527321e-04 1.4283714488e-05 9.2353549189e+01 nan
8.6300003297e-05 1.2047346255e-04 1.3510410892e+01 nan
-3.0861333433e-04 1.1885673149e-05 1.9510478988e+02 nan
2.8526763533e-04 4.5000599622e-05 1.5926987887e+01 nan
-1.5003587794e-04 5.3193582478e-05 1.0231074912e+02 nan
1.5879603582e-04 8.7694847175e-05 1.1645933615e+01 nan
2.6212582702e-04 9.1103109328e-05 1.4080365296e+01 nan
3.1364627867e-04 4.9047844405e-05 1.8784934035e+01 nan
3.0689356509e-04 5.5436787076e-05 1.7920467454e+01 nan
3.6657866065e-04 1.5941592755e-05 2.8157096710e+01 nan
5.8355250044e-05 1.0023592105e-04 2.5813333811e+01 nan
3.3505910241e-04 3.6732236879e-05 2.2050908446e+01 nan
-2.5198544880e-04 2.1037405558e-05 1.8657529073e+02 nan
9.4978687921e-05 1.2259007717e-04 1.1960510688e+01 nan
3.1118783643e-04 8.6089348590e-05 1.6858793737e+01 nan
1.4488067765e-04 1.2077666156e-04 6.4101313775e+00 nan
-9.4593521978e-05 1.0534928603e-04 3.1982618356e+01 nan
2.7656564704e-04 1.1271921042e-04 1.4757436642e+01 nan
-1.8133863568e-04 9.0499853291e-05 4.4872924266e+01 nan
2.7294675883e-04 8.6059898093e-05 1.4772740747e+01 nan
4.9677433942e-05 8.6682709901e-05 3.3653663384e+01 nan
1.9569817000e-04 8.5218781374e-05 9.4394682986e+00 nan
-7.6632312423e-05 5.0427532940e-05 1.0873639577e+02 nan
-3.7247874929e-04 7.6865160674e-06 1.0728363610e+02 nan
2.8335959511e-04 5.5382001885e-05 1.5682960677e+01 nan
-2.1246106126e-04 3.5464920747e-05 1.4168512997e+02 nan
-1.8498961654e-04 2.6266182350e-05 1.6640953832e+02 nan
-1.2638400622e-04 1.0465891915e-04 3.4011400127e+01 nan
1.5501874572e-04 8.6497451020e-05 1.2534512671e+01 nan
-2.4047170924e-04 1.5566025782e-05 2.0905240812e+02 nan
3.6133802107e-04 8.0086127296e-06 2.4286947104e+01 nan
-1.6376863674e-04 6.2948144220e-05 8.4268724978e+01 nan
3.5671116092e-04 2.7145044010e-05 2.6350094611e+01 nan
-7.2544058020e-05 1.0493423232e-04 3.0814530902e+01 nan
1.2396315919e-04 1.2898886084e-04 4.9115094706e+00 nan
1.4920608706e-04 1.5303002008e-04 1.4644383720e+01 nan
1.0339343319e-04 6.9183590346e-05 3.4618811621e+01 nan
-2.4863656997e-04 2.0894275844e-05 1.8776596664e+02 nan
3.3272948952e-04 7.8705341258e-05 1.8223588925e+01 nan
-9.9940430739e-05 9.5397798050e-05 4.2015301240e+01 nan
-1.3009885919e-04 6.7318507531e-05 7.8299219871e+01 nan
-2.5278368633e-04 7.2873467706e-05 4.9420712075e+01 nan
-2.4874899210e-04 5.2946497734e-05 8.9411819389e+01 nan
-9.0554422211e-05 5.9285543688e-05 9.2297589296e+01 nan
1.7057326197e-04 7.1398120070e-05 1.8037633954e+01 nan
2.7928822895e-04 5.4699020696e-05 1.5319505608e+01 nan
3.2182304508e-04 1.0271844051e-05 1.9479260901e+01 nan
-1.4150130940e-04 4.9422785195e-05 1.0982075086e+02 nan
-8.9948644172e-05 5.0490953090e-05 1.0839587162e+02 nan
1.8359394753e-04 8.1664822592e-05 1.0491800835e+01 nan
2.8448026409e-04 2.3968785543e-05 2.3111066820e+01 nan
2.6718566700e-04 9.9536044145e-05 1.4487002408e+01 nan
-1.8976726093e-04 6.2542451753e-05 8.3061166745e+01 nan
5.7470659908e-05 8.6433169562e-05 3.1616137967e+01 nan
-1.3907877181e-04 9.1080578294e-05 4.6981868050e+01 nan
2.7237009493e-04 8.2288865802e-05 1.4720869254e+01 nan
-3.1190118586e-04 1.2281979127e-05 1.8469309605e+02 nan
-1.6173311191e-04 3.9363771414e-05 1.3158431630e+02 nan
-1.1752853014e-04 9.2019724161e-05 4.6016611461e+01 nan
2.8825108124e-04 8.5421202675e-05 1.5755697810e+01 nan
3.2083738192e-04 7.2629927505e-05 1.8273054348e+01 nan
9.6502818303e-05 6.7569879405e-05 3.7541065277e+01 nan
2.6027968349e-04 1.0537433265e-04 1.4202044708e+01 nan
1.5447875357e-04 8.3059604968e-05 1.4104662066e+01 nan
-9.4280069500e-05 9.5245410415e-05 4.1994384570e+01 nan
-2.1174228743e-04 7.7398580709e-05 5.5926783250e+01 nan
1.5696621422e-04 1.5241409652e-04 1.4782486718e+01 nan
3.0582769393e-04 1.0403056409e-04 1.5536509562e+01 nan
2.4697872761e-04 1.5877467741e-05 4.6489492420e+01 nan
3.0288005325e-04 1.1107227991e-04 1.5051103473e+01 nan
2.5579955978e-04 1.0067979836e-04 1.3863850323e+01 nan
-1.9775168729e-04 4.9534565046e-05 1.0781726676e+02 nan
-1.9840445199e-04 6.3234027577e-05 8.0825360646e+01 nan
2.1761324209e-04 1.0215420870e-04 1.1152062902e+01 nan
-1.3915040675e-04 4.0723080241e-05 1.2818065102e+02 nan
1.5076650141e-04 8.1953301384e-05 1.5543111650e+01 nan
-1.1717934677e-04 1.0211649596e-04 3.5993373194e+01 nan
1.6354676419e-04 7.2787499588e-05 1.9138877180e+01 nan
6.3813385513e-05 9.0492754851e-05 2.7888599152e+01 nan
2.4671449530e-04 9.1309303494e-05 1.2969427307e+01 nan
2.2211964113e-04 1.0700304950e-04 1.1837314474e+01 nan
-2.8046496447e-04 4.4753722446e-05 8.8994055693e+01 nan
3.7081669107e-04 2.0233923766e-05 3.0332353527e+01 nan
2.2557309852e-04 1.0427261599e-04 1.1931625138e+01 nan
3.2034846912e-04 6.8735794898e-05 1.8522558760e+01 nan
1.5979717854e-04 7.1850429980e-05 2.1713329685e+01 nan
2.9559521900e-04 8.3117109596e-05 1.6245085083e+01 nan
3.3938422686e-04 7.2125168731e-05 1.9222697804e+01 nan
2.3006091572e-04 1.0908466511e-04 1.2564349933e+01 nan
-1.5902109115e-04 5.8984312026e-05 9.1348682235e+01 nan
-1.9373130939e-04 2.9728201572e-05 1.5741323844e+02 nan
2.0086489033e-04 7.2651898762e-05 1.0561093642e+01 nan
2.3893035541e-04 1.5282633222e-05 4.9943525572e+01 nan
1.0111063031e-05 9.2116872924e-05 4.3249021454e+01 nan
-6.2777432394e-05 1.1104084903e-04 2.4003634556e+01 nan
-3.3988641735e-04 2.1491115073e-05 7.7476819818e+01 nan
1.5927509023e-04 6.8693503950e-05 2.4995266670e+01 nan
2.2665227196e-04 8.6480522867e-05 1.1241933093e+01 nan
8.5747508603e-05 6.2854451156e-05 4.4918269090e+01 nan
-2.1751899512e-04 8.2817600950e-05 4.7062172780e+01 nan
2.0010457264e-04 6.8997573603e-05 1.1704253381e+01 nan
2.3831915304e-04 1.2545884154e-05 5.4038370952e+01 nan
7.1947285722e-05 9.0624911088e-05 2.6074390050e+01 nan
3.3895892668e-04 6.8097875107e-05 1.9717641812e+01 nan
-5.8733203698e-05 1.0899100641e-04 2.5635052934e+01 nan
3.3109834509e-04 3.6340824181e-05 2.1428649252e+01 nan
-1.5283427717e-04 5.8767195809e-05 9.1939932250e+01 nan
2.5920838398e-04 1.2728893062e-04 1.4357899509e+01 nan
1.9607137047e-04 6.7965796496e-05 1.2999880841e+01 nan
7.7365014659e-05 8.9905340926e-05 2.5366360101e+01 nan
4.4971487664e-06 9.1536329767e-05 4.4502662004e+01 nan
-5.4662020981e-05 1.1108099361e-04 2.3150315825e+01 nan
2.6848492951e-04 5.9907906599e-05 1.4353144497e+01 nan
2.3034497043e-04 1.2021388978e-05 5.9620833442e+01 nan
8.1789389924e-06 8.1967600151e-05 5.4859906775e+01 nan
1.4866792445e-04 6.9165233370e-05 2.4875359568e+01 nan
-2.9956025381e-04 7.0496042985e-06 2.4857813482e+02 nan
7.3429354188e-05 6.2812236763e-05 4.8746500782e+01 nan
-1.6651017244e-04 3.6029565889e-05 1.3965348434e+02 nan
2.4348106875e-04 3.5417252460e-05 4.0097723871e+01 nan
4.0998108961e-05 9.9457518283e-05 3.0823617447e+01 nan
-2.2473143325e-04 8.2010254705e-05 4.6003590854e+01 nan
-1.9984812567e-04 8.2153707657e-05 5.1938696691e+01 nan
-1.1476776384e-06 9.1034791007e-05 4.5513666957e+01 nan
-4.9262562836e-05 1.1114856108e-04 2.2577946717e+01 nan
2.9450961148e-04 7.5494885945e-05 1.6381604858e+01 nan
2.8376905295e-04 2.0774495064e-05 3.8124937014e+01 nan
3.4832056524e-05 3.0547199905e-06 2.1919678247e+02 nan
2.3947240876e-04 3.5000687394e-05 3.9331759157e+01 nan
1.4120039844e-04 6.7374004978e-05 2.7208879820e+01 nan
2.6700984771e-04 5.2549741076e-05 1.4259153659e+01 nan
3.4930312949e-04 6.2052457293e-05 2.1065383173e+01 nan
2.1844490287e-04 1.1267436962e-05 6.9746898209e+01 nan
1.9536871204e-04 6.4451490380e-05 1.5836264103e+01 nan
2.3882794550e-04 3.2064548674e-05 3.9746229895e+01 nan
-5.6048766147e-07 8.1237204669e-05 5.7298209166e+01 nan
2.6623571640e-04 4.8890358013e-05 1.4227156053e+01 nan
1.4055994230e-04 6.4379193435e-05 2.9631914533e+01 nan
6.0063639681e-05 5.8444705625e-05 5.9390689330e+01 nan
-2.1696696268e-04 5.8962526446e-05 8.5725510035e+01 nan
2.1111079667e-04 1.3255055045e-05 6.9117932059e+01 nan
2.8317446180e-04 1.7784972004e-05 4.4239604091e+01 nan
-2.3617424513e-04 7.3071756657e-05 5.5576470486e+01 nan
-3.4920949284e-04 1.9990712581e-05 8.1270394969e+01 nan
2.3143799195e-04 3.4109395458e-05 3.9046059040e+01 nan
-1.4113392163e-04 7.7281771599e-05 6.3573324453e+01 nan
-1.8454274166e-04 6.4140063762e-05 8.0818509616e+01 nan
2.3873609564e-04 6.7996923115e-05 1.1999705354e+01 nan
-3.7035547105e-05 1.0936085390e-04 2.3683490833e+01 nan
-1.5326784548e-04 8.5913343746e-05 5.2312722142e+01 nan
2.9394132034e-04 7.1705854974e-05 1.6421019219e+01 nan
2.0321692654e-04 1.2724142273e-05 7.6478994626e+01 nan
3.0289149894e-04 5.4843798670e-05 1.7532720796e+01 nan
2.2742565802e-04 3.3642378346e-05 3.9355918572e+01 nan
2.3798784999e-04 6.4302385784e-05 1.1990210104e+01 nan
4.5502518256e-05 5.8577466222e-05 6.5802803863e+01 nan
1.2610345325e-04 6.3883808178e-05 3.4281873371e+01 nan
3.7037964165e-04 1.6128405608e-05 2.9640665253e+01 nan
-1.7038711135e-04 3.1042016765e-05 1.5238658618e+02 nan
-1.3620317415e-04 6.7513623500e-05 7.7856114662e+01 nan
2.8594811867e-04 1.2007432762e-05 4.4868366131e+01 nan
2.8996192916e-04 7.1001835286e-05 1.6120148163e+01 nan
2.6957114691e-04 4.5967426981e-05 1.4532579421e+01 nan
2.2676808495e-04 3.0737255300e-05 4.0682449895e+01 nan
-2.2936887488e-04 2.5465360416e-05 1.7208325938e+02 nan
1.9533238609e-04 1.2221891167e-05 8.4799542593e+01 nan
-1.4480946221e-04 8.5378715270e-05 5.3259567694e+01 nan
1.2235076414e-04 6.3054544654e-05 3.5714534800e+01 nan
3.6486905716e-05 5.7586283656e-05 7.2791368565e+01 nan
1.9138930998e-04 1.1982867588e-05 8.9339250877e+01 nan
2.3055569159e-04 6.6127864849e-05 1.1512619198e+01 nan
3.6985967292e-04 1.2080128769e-05 2.8292057299e+01 nan
2.9887248644e-04 5.4239856410e-05 1.7146599720e+01 nan
3.3093234929e-04 6.2822948979e-05 1.9780376454e+01 nan
-3.0974725135e-05 8.7463726538e-05 5.0653888361e+01 nan
-2.3592164091e-05 1.0990608103e-04 2.2622338085e+01 nan
1.8349996949e-04 1.1531830184e-05 9.9376185833e+01 nan
3.3045553884e-04 5.8903422511e-05 2.0083152739e+01 nan
1.1428107267e-04 5.8761208240e-05 4.1329111302e+01 nan
-3.6788377349e-05 8.7304434168e-05 5.0849438484e+01 nan
-1.8249794374e-05 1.1020521511e-04 2.2249237635e+01 nan
2.3263440048e-05 5.4561813865e-05 8.7077750665e+01 nan
1.7560422085e-04 1.1117288197e-05 1.1076477383e+02 nan
2.2977784979e-04 6.2441727685e-05 1.1557778175e+01 nan
1.0776197310e-04 5.9977789560e-05 4.1819142470e+01 nan
2.9820748394e-04 5.0521813810e-05 1.7122157711e+01 nan
2.2402320966e-04 5.4185369994e-05 1.4152597901e+01 nan
1.3787875376e-05 5.3952598983e-05 9.2696399263e+01 nan
1.7806680244e-04 1.1919938454e-04 8.8537368289e+00 nan
1.8547067428e-04 1.1804701842e-04 9.5250543335e+00 nan
1.6770302501e-04 1.0745654467e-05 1.2366617264e+02 nan
2.2897546351e-04 5.8766983272e-05 1.1638713077e+01 nan
2.9415520814e-04 4.9919115560e-05 1.6730168997e+01 nan
-4.8445319023e-05 8.7095479492e-05 5.1082913347e+01 nan
1.6374933668e-04 1.0577750350e-05 1.3073437895e+02 nan
1.0070058215e-04 5.8587040306e-05 4.5117779181e+01 nan
-3.7450491425e-05 7.7707387292e-05 6.3998996146e+01 nan
4.1756634641e-06 5.3455605540e-05 9.6995088303e+01 nan
1.7373530215e-04 1.1399507580e-04 7.9112538574e+00 nan
-5.4284258050e-05 8.7039191634e-05 5.1146234203e+01 nan
2.1878001979e-04 2.9817159253e-05 4.2433018683e+01 nan
2.9344777436e-04 4.6231436592e-05 1.6688420638e+01 nan
-4.2922754514e-06 5.4889417755e-05 9.6633833962e+01 nan
2.1148295075e-04 3.1715137233e-05 4.2392639526e+01 nan
-6.0126952376e-05 8.7011826636e-05 5.1184950709e+01 nan
-2.6322342143e-04 5.8950553095e-05 7.0221028581e+01 nan
-1.3064741083e-04 9.0618513025e-05 4.7579047389e+01 nan
-4.6493348545e-05 7.7558316701e-05 6.4190546302e+01 nan
-1.4014195498e-05 5.4555406551e-05 9.8983620922e+01 nan
2.0357529131e-04 3.0743881977e-05 4.4747215451e+01 nan
2.2199181442e-04 4.4437883742e-05 3.6826056656e+01 nan
-3.3889270789e-04 2.2326054936e-06 2.3469392535e+02 nan
8.6274167797e-05 5.3700872907e-05 5.5649041644e+01 nan
8.9033721961e-06 1.1484613117e-04 1.8018914253e+01 nan
-2.3798879693e-05 5.4302057849e-05 1.0057390541e+02 nan
1.9963505174e-04 3.0261378047e-05 4.6188745580e+01 nan
2.1801936340e-04 4.3903093147e-05 3.6582810390e+01 nan
2.1739032130e-04 4.0939616162e-05 3.7169539450e+01 nan
1.3551913009e-04 8.0286175783e-06 2.0311161691e+02 nan
-5.5550391062e-05 7.7476511379e-05 6.4231799266e+01 nan
8.0314906593e-05 5.5006606327e-05 5.6134131307e+01 nan
2.1341935522e-04 4.0401051597e-05 3.7432355884e+01 nan
-3.0348101113e-05 5.4172304711e-05 1.0129947474e+02 nan
7.7019487601e-05 5.4494929238e-05 5.8152174703e+01 nan
2.6887237907e-05 3.0503400539e-06 2.1903053360e+02 nan
-4.0198957769e-05 5.4028445507e-05 1.0199814897e+02 nan
2.2260777215e-04 4.7478712296e-05 2.9569474490e+01 nan
-6.4612231738e-05 7.7454214399e-05 6.4169885018e+01 nan
-3.4662885249e-04 2.5173024814e-06 1.9330784183e+02 nan
1.9827178796e-04 4.1089065858e-05 3.8191876011e+01 nan
1.6637854225e-04 1.1494539105e-04 7.3482243693e+00 nan
1.8377957209e-05 1.1409553555e-04 1.9151819578e+01 nan
1.9043531152e-04 3.9941525870e-05 3.9812669021e+01 nan
2.6837076465e-04 8.1480950526e-05 1.4419159485e+01 nan
2.3352389379e-04 1.0631517173e-04 1.2643702671e+01 nan
6.7284170230e-05 5.3103695365e-05 6.4544250736e+01 nan
1.5904208784e-04 1.1575357601e-04 6.9661332578e+00 nan
1.1224924114e-04 7.8841306751e-06 2.3117105000e+02 nan
1.7807369264e-04 3.5474358912e-05 4.6425819690e+01 nan
-2.1135146544e-04 5.8372645949e-05 8.7892012272e+01 nan
1.5858857672e-04 1.1193445598e-04 7.2566154555e+00 nan
-3.5125968265e-04 1.6367983749e-05 8.1116841348e+01 nan
1.6705591047e-04 3.6584501108e-05 4.8351897018e+01 nan
1.5927072202e-04 3.5522179715e-05 5.2328076224e+01 nan
-3.5437517850e-04 2.9015011902e-06 1.5393577942e+02 nan
-7.6688774541e-05 7.7505227524e-05 6.3980311591e+01 nan
-1.3232289083e-04 7.6902694277e-05 6.4292418830e+01 nan
-2.2634624369e-04 7.3286525287e-05 5.8302318001e+01 nan
1.3902476948e-04 3.0642386209e-05 7.0140176218e+01 nan
4.4930239566e-05 1.1572568729e-04 1.8297236653e+01 nan
1.4024329186e-05 1.1556359030e-04 1.7535087526e+01 nan
1.3127506135e-04 2.9842552879e-05 7.6373358838e+01 nan
1.1684101847e-04 3.0679945433e-05 8.3853486344e+01 nan
1.9113712017e-04 2.6621578331e-05 5.3057755126e+01 nan
1.0945169283e-04 3.0031698175e-05 9.1629486238e+01 nan
8.0255902587e-05 2.6324511060e-05 1.3675141297e+02 nan
-3.9781577377e-05 2.5771084448e-05 1.6199154807e+02 nan
-3.2457181837e-05 2.5808095986e-05 1.6161534785e+02 nan
8.9296244758e-05 7.8483084032e-06 2.1517732125e+02 nan
5.9640224219e-05 2.5707769753e-05 1.4798952405e+02 nan
-2.1484024042e-05 2.5884313313e-05 1.6077168430e+02 nan
-8.5729578584e-05 7.7600518271e-05 6.3775388949e+01 nan
-8.4363270843e-06 2.4409444446e-05 1.6324464292e+02 nan
-1.4184312625e-05 2.5949779240e-05 1.5998646155e+02 nan
4.9175707365e-05 2.5436628117e-05 1.5010202901e+02 nan
-1.0383241798e-04 8.7592955318e-05 5.0879477144e+01 nan
1.3436575941e-05 2.4696376345e-05 1.5930638741e+02 nan
3.6094094893e-07 2.6120475962e-05 1.5778215815e+02 nan
3.6192936748e-05 2.6804760807e-05 1.4866476353e+02 nan
1.8394064607e-05 2.6415536571e-05 1.5375733923e+02 nan
2.4095198000e-04 1.0450591023e-04 1.3059460923e+01 nan
3.6491677258e-05 1.2009030273e-04 1.5332839496e+01 nan
8.1646364855e-05 7.8202830160e-06 2.1143301494e+02 nan
2.4439916366e-04 1.0168610733e-04 1.3170482630e+01 nan
3.1586722440e-05 1.1889185837e-04 1.5535316111e+01 nan
-9.4743418218e-05 7.7743190641e-05 6.3519807327e+01 nan
1.7154212805e-04 2.4516067778e-05 6.4945146925e+01 nan
2.4385621036e-04 9.7909365977e-05 1.2985275790e+01 nan
-1.1266334710e-04 7.8157445964e-05 6.2846397503e+01 nan
5.8600194276e-05 7.7153766907e-06 2.0621390932e+02 nan
-2.3121607620e-04 7.1993378765e-05 5.8920823889e+01 nan
3.2903428816e-05 4.9663725458e-05 9.1526747479e+01 nan
1.3301883479e-04 1.0517186029e-04 9.7327479588e+00 nan
2.6567066785e-05 4.9241028087e-05 9.5901843299e+01 nan
-1.0371770400e-04 7.7927600312e-05 6.3215464113e+01 nan
1.6436856951e-04 2.6201546228e-05 6.5184143433e+01 nan
-8.8965505114e-05 9.1167095213e-05 4.6425266171e+01 nan
3.1523610354e-05 7.5907825648e-06 2.0586474972e+02 nan
1.6917813749e-05 4.8691015834e-05 1.0150658797e+02 nan
1.5652984282e-04 2.5405013322e-05 7.1197869558e+01 nan
-8.0583802436e-05 8.7122414404e-05 5.1175336741e+01 nan
1.4867688178e-04 2.4662552154e-05 7.8151364467e+01 nan
-1.3201914125e-04 3.5604850378e-05 1.3970961558e+02 nan
8.1785256489e-06 7.5015419874e-06 2.0701537309e+02 nan
1.4404892251e-04 2.2033425854e-05 9.0428701073e+01 nan
5.3801431478e-07 4.7983344614e-05 1.0829665037e+02 nan
3.7844105046e-07 7.4773862133e-06 2.0739095775e+02 nan
3.4432783453e-04 4.9308142294e-05 2.2440745692e+01 nan
-1.1804720143e-04 3.5493737207e-05 1.3976202535e+02 nan
3.0015723700e-04 4.0025154804e-05 1.7393378539e+01 nan
3.0350489789e-04 3.6888951386e-05 1.7756259371e+01 nan
-1.9148718987e-05 7.4293825082e-06 2.0811083068e+02 nan
3.4387304030e-04 4.5340175878e-05 2.2808465721e+01 nan
-1.4125764691e-05 4.5824832425e-05 1.1541725935e+02 nan
-1.0048530301e-04 3.5391979178e-05 1.3990931117e+02 nan
1.3623829387e-04 2.1465656204e-05 1.0011368463e+02 nan
-3.0877071760e-05 7.4084366378e-06 2.0839187938e+02 nan
3.4721212329e-04 4.1855384005e-05 2.3616942720e+01 nan
-1.1241334006e-04 5.4224306350e-05 1.0096896064e+02 nan
1.3710353948e-05 1.4711023333e-06 2.2322479600e+02 nan
-7.1811227385e-05 8.7038119797e-05 5.1204128425e+01 nan
-8.6077643634e-05 3.8635853952e-05 1.3276168266e+02 nan
1.2093716467e-04 2.0547574976e-05 1.2224088668e+02 nan
-5.4344580638e-05 7.3804459356e-06 2.0877787261e+02 nan
3.0486098544e-04 6.2278022550e-06 4.0650675594e+01 nan
-6.2166259522e-05 7.3763522884e-06 2.0890230565e+02 nan
-4.4608939650e-05 4.5379407429e-05 1.1862700015e+02 nan
-7.2120959461e-05 3.8609808372e-05 1.3291327554e+02 nan
3.1018514486e-04 3.0546912390e-05 1.8502513702e+01 nan
-7.7808922379e-05 7.3692944376e-06 2.0924629433e+02 nan
1.0971738069e-04 2.0043951202e-05 1.3916731658e+02 nan
-5.4815107097e-05 4.5319963215e-05 1.1890463832e+02 nan
1.0304543653e-04 2.1662302378e-05 1.3739722956e+02 nan
-8.5628113433e-05 7.3675190472e-06 2.0948852229e+02 nan
-3.5311918781e-04 1.2811688238e-05 8.1083368458e+01 nan
3.4955816678e-04 3.0452409524e-05 2.4809043956e+01 nan
-4.6017384825e-05 4.0331225610e-05 1.2906134109e+02 nan
-7.1834762574e-05 4.5296599561e-05 1.1890395401e+02 nan
-1.0907261219e-04 7.3678426394e-06 2.1063515781e+02 nan
9.5784593826e-05 2.1398851915e-05 1.4706420720e+02 nan
-7.7047213261e-05 4.3616976516e-05 1.2228213456e+02 nan
-1.1688779797e-04 7.3677352888e-06 2.1119634738e+02 nan
-8.2037530370e-05 4.5319221385e-05 1.1873871892e+02 nan
-3.2158586010e-05 4.0447551679e-05 1.2823834061e+02 nan
8.8609388010e-05 2.1186433914e-05 1.5542381612e+02 nan
-8.5435994009e-05 4.5331504851e-05 1.1866853975e+02 nan
3.5287799227e-04 2.6854664497e-05 2.5533825138e+01 nan
-1.8357054322e-05 4.0641396967e-05 1.2662207690e+02 nan
-1.3639110104e-04 7.3770946250e-06 2.1304481902e+02 nan
8.1518255716e-05 2.1018718172e-05 1.6239842291e+02 nan
-1.4418793572e-04 7.3815555241e-06 2.1399325856e+02 nan
-1.2876108292e-05 3.9055449063e-05 1.2931404265e+02 nan
-1.0775459632e-04 4.3778275834e-05 1.2160774468e+02 nan
3.1191104442e-04 2.0081760811e-05 1.8736219750e+01 nan
5.7483992446e-06 1.4659224910e-06 2.2320960264e+02 nan
4.3211811912e-06 3.9450637344e-05 1.2516825555e+02 nan
-1.2131005380e-04 4.3911062251e-05 1.2124915409e+02 nan
6.7422865569e-05 2.0753611895e-05 1.6420665200e+02 nan
3.1107954948e-04 1.6476816912e-05 1.8756574893e+01 nan
1.4515118678e-05 3.9773163138e-05 1.2158956666e+02 nan
3.0693322384e-04 1.6079435913e-05 1.8134285077e+01 nan
-3.5267850780e-04 5.9565016841e-06 1.3654662660e+02 nan
2.1251777486e-05 4.0022893582e-05 1.1873145383e+02 nan
-9.4278263906e-05 6.8384985570e-05 7.7255766807e+01 nan
3.0275864880e-04 1.5679642640e-05 2.1364067672e+01 nan
2.7937305885e-05 4.0300828042e-05 1.1551814401e+02 nan
3.5230743491e-04 2.2973247768e-05 2.5332832062e+01 nan
4.5890544591e-05 2.0364986214e-05 1.6611178772e+02 nan
-8.6411456607e-05 8.7205141286e-05 5.1137252346e+01 nan
3.0199271903e-04 1.2381860364e-05 3.4952692936e+01 nan
-5.8730943707e-05 9.6843670864e-05 3.8990242466e+01 nan
5.4634647524e-05 4.3692697892e-05 9.2987595747e+01 nan
3.0417496718e-05 1.0558969654e-04 2.7516568527e+01 nan
-7.2484747298e-05 6.8188082557e-05 7.7929571717e+01 nan
-3.6166301404e-05 9.7182527466e-05 3.8214283470e+01 nan
-2.6581401009e-05 9.9522405711e-05 3.5307156880e+01 nan
6.4261933109e-05 4.4515299420e-05 8.3693247105e+01 nan
-9.9919343967e-06 1.0043730079e-04 3.4332109259e+01 nan
-4.5064503271e-06 1.0085687400e-04 3.3877030842e+01 nan
1.9045363038e-05 1.0148102414e-04 3.2473129612e+01 nan
9.5355649226e-07 1.0134381990e-04 3.3315377314e+01 nan
1.3644172719e-05 1.0071833712e-04 3.3661025706e+01 nan
8.2135242506e-06 1.0004959615e-04 3.4663996973e+01 nan
1.8391059229e-04 1.4713743130e-04 1.4380185801e+01 nan
3.1306875987e-05 2.0130146528e-05 1.6887640406e+02 nan
1.7984108733e-04 1.4205342963e-04 1.3199822007e+01 nan
1.7131744523e-04 1.2788466155e-04 9.4194440575e+00 nan
1.7605847580e-04 1.4450575459e-04 1.3514955958e+01 nan
7.6695302282e-05 4.3717400931e-05 7.7554190536e+01 nan
1.6771897798e-04 1.3026673515e-04 9.4605750350e+00 nan
8.6831456990e-05 4.4886121745e-05 6.9465177058e+01 nan
9.4411227869e-05 4.8128757079e-05 6.0433367386e+01 nan
3.5420672337e-04 1.1720824773e-05 2.4214344764e+01 nan
1.4934790955e-04 1.4167440600e-04 1.0359888218e+01 nan
4.5995452274e-05 1.0942802282e-04 2.3410824969e+01 nan
1.0856952723e-04 5.0306249152e-05 5.2091106365e+01 nan
4.0272371127e-05 1.0568498858e-04 2.6630305818e+01 nan
5.3198386855e-05 1.0952873483e-04 2.3429839672e+01 nan
1.4561120618e-04 1.3998749157e-04 9.4026588989e+00 nan
6.8236910239e-05 1.1589011796e-04 1.9093944372e+01 nan
1.3430661313e-04 1.2321450999e-04 5.9661116131e+00 nan
7.3083456634e-05 1.1585587076e-04 1.7356197430e+01 nan
1.1151046418e-04 4.8372322035e-05 5.3530481004e+01 nan
1.4182812898e-04 1.3440467654e-04 7.4386427423e+00 nan
1.3086187965e-04 1.2518712047e-04 5.6164543604e+00 nan
1.2058129390e-04 1.2350070449e-04 5.9979675225e+00 nan
1.0426919588e-04 1.1818196864e-04 1.2627867159e+01 nan
1.2258399215e-04 5.0192710055e-05 4.7754138247e+01 nan
1.0112391720e-04 1.1970620341e-04 1.2290015853e+01 nan
9.4956309940e-05 1.1943051801e-04 1.2881922088e+01 nan
9.1890379697e-05 1.1470852699e-04 1.4638868814e+01 nan
1.2705711578e-04 5.3523546137e-05 4.3051220527e+01 nan
1.0755038196e-04 1.2334559760e-04 7.6847483630e+00 nan
1.3471484513e-04 5.4955213930e-05 3.9416854991e+01 nan
1.4934779372e-04 5.5077797441e-05 3.5060368650e+01 nan
1.5378694446e-04 5.8755783244e-05 3.1372745161e+01 nan
1.7217489508e-04 5.9578075066e-05 2.9992319254e+01 nan
-4.7885803170e-06 3.0101771794e-06 2.1929365055e+02 nan
1.7543269329e-04 5.7287428072e-05 3.1077670858e+01 nan
-1.3173288906e-05 1.9646189146e-05 1.7586775078e+02 nan
1.4989599570e-05 7.2869131351e-05 6.3464351511e+01 nan
2.8439479437e-04 1.1446769198e-04 1.4823713893e+01 nan
2.5838417185e-05 7.2085520769e-05 5.8651685949e+01 nan
4.5204670152e-05 7.2936753145e-05 4.6644958881e+01 nan
5.7662324558e-05 7.7538605669e-05 3.8334777293e+01 nan
4.9629881760e-05 7.8014826753e-05 4.0241607144e+01 nan
6.7207133362e-05 8.2118582156e-05 3.2157407098e+01 nan
8.1290481038e-05 8.1145592912e-05 2.9825975111e+01 nan
-1.3576061208e-04 4.0682751349e-05 1.2824005528e+02 nan
1.0807628380e-04 9.2462386856e-05 1.9823244477e+01 nan
9.8408041169e-05 9.1851066255e-05 2.1245229684e+01 nan
9.5134207255e-05 9.0696938055e-05 2.2137840496e+01 nan
1.2635190479e-04 1.0573660408e-04 1.0266753521e+01 nan
1.1601577036e-04 1.0147566871e-04 1.5247101075e+01 nan
-2.2160017240e-05 1.4591859212e-06 2.2338936046e+02 nan
-3.2586517387e-04 4.2534467158e-05 6.3117840846e+01 nan
-1.8629145264e-04 1.6635210628e-05 1.9446485627e+02 nan
-1.6364801530e-04 7.3986182007e-06 2.1694533326e+02 nan
-1.9373546512e-04 1.6678822968e-05 1.9572880204e+02 nan
-3.1151653873e-04 4.4282088483e-05 6.7030982702e+01 nan
-2.1697970063e-04 1.2103785913e-05 2.1563570926e+02 nan
-2.2071821129e-04 1.2132411678e-05 2.1662396719e+02 nan
-2.3028906109e-04 1.7040351656e-05 2.0188325565e+02 nan
-2.3387682502e-04 1.7099637945e-05 2.0224389040e+02 nan
-3.0783003277e-04 3.4512977949e-05 8.1974537577e+01 nan
-3.2536993986e-05 2.9878733957e-06 2.1967991460e+02 nan
-2.5348714901e-04 1.0869271476e-05 2.3073034761e+02 nan
-2.5748889738e-04 1.2602063548e-05 2.2341179479e+02 nan
-2.7140492689e-04 1.1294226828e-05 2.2862550098e+02 nan
-2.6790063179e-04 1.1180104908e-05 2.3004763634e+02 nan
-3.6502043670e-05 2.9855684431e-06 2.1973328153e+02 nan
1.8519754357e-04 5.0374417348e-05 3.4152987928e+01 nan
1.7746986544e-04 4.9067213000e-05 3.5246842477e+01 nan
1.7293832596e-04 4.5513276683e-05 3.8371837505e+01 nan
3.7549112376e-06 1.2916494768e-04 9.2127277089e+00 1.5441545463e+01
1.6133663768e-04 4.3637624950e-05 4.2432183077e+01 nan
1.5430578266e-04 4.5161874796e-05 4.2814449985e+01 nan
1.3416703772e-04 3.9601938943e-05 5.7095861109e+01 nan
1.2650283155e-04 3.8583866469e-05 6.1746437604e+01 nan
1.1229995057e-04 3.9121686639e-05 6.7339266452e+01 nan
1.0429866577e-04 3.5986719224e-05 7.8368400297e+01 nan
-4.5436710822e-05 5.9260352004e-05 9.2861668882e+01 nan
-4.4432396701e-05 2.9815321875e-06 2.1984664712e+02 nan
-3.5770852552e-05 5.9386902151e-05 9.2428643302e+01 nan
8.6623428787e-05 3.4373338079e-05 9.6098329708e+01 nan
8.0495386772e-05 3.5903857177e-05 9.6124977612e+01 nan
7.7093237157e-05 3.5642436662e-05 9.9900878577e+01 nan
6.7043408109e-05 3.4984095124e-05 1.1145596062e+02 nan
4.1676187080e-05 1.3273743468e-04 2.3982240893e+01 1.1102949626e+01
3.6664462442e-06 6.2563744257e-05 8.1885707526e+01 nan
5.0587915766e-05 3.4195152079e-05 1.2366147866e+02 nan
1.2951319847e-05 6.3172783838e-05 7.7658763543e+01 nan
2.2102830498e-05 6.3926063274e-05 7.1949641859e+01 nan
2.2197408193e-05 3.1481364052e-05 1.3952138869e+02 nan
4.8756292112e-05 6.7256574112e-05 5.1956787426e+01 nan
5.7752090788e-05 6.8796047460e-05 4.7042587316e+01 nan
6.6155959034e-05 6.8170222313e-05 4.5064040356e+01 nan
4.6103130793e-06 3.1075720558e-05 1.4468789557e+02 nan
7.6237474254e-05 7.2608596826e-05 3.7895734324e+01 nan
8.1931033655e-05 7.1550448448e-05 3.7452824911e+01 nan
9.9069169809e-05 7.8496203065e-05 2.8350899898e+01 nan
1.0530376206e-04 7.7585767651e-05 2.7896979296e+01 nan
-9.6160228792e-06 3.0838649163e-05 1.4758145302e+02 nan
1.0941755525e-04 8.1524503387e-05 2.4764251392e+01 nan
-5.0042911511e-05 1.4502580673e-06 2.2377592693e+02 nan
1.1654956338e-04 8.3708902529e-05 2.2494641140e+01 nan
-1.6765461675e-05 3.0746448984e-05 1.4863693461e+02 nan
-2.3933067959e-05 3.0670495879e-05 1.4946240222e+02 nan
-3.4714191165e-05 3.0583578587e-05 1.5033448628e+02 nan
-2.8489063799e-04 2.6670687763e-05 1.3402587332e+02 nan
-2.7949005655e-04 2.5582400380e-05 1.4613356368e+02 nan
3.2188815663e-04 1.0708138624e-04 1.5169174424e+01 1.7246927742e+01
7.8657158534e-05 1.4732338914e-04 1.2879652482e+01 2.3863213136e+01
-5.8009581596e-05 1.4484617008e-06 2.2394406043e+02 nan
-2.4349962305e-04 5.4197202508e-05 8.8595991574e+01 nan
-7.7731135925e-05 5.9190474148e-05 9.2710379682e+01 nan
-6.8055751048e-05 5.9162098048e-05 9.2925331837e+01 nan
-5.8360074591e-05 5.9174383464e-05 9.3018859050e+01 nan
-1.0912622626e-04 5.4180958650e-05 1.0110360033e+02 nan
8.4936068751e-05 1.5095091452e-04 2.1559957052e+01 2.5751461100e+01
-1.0512409892e-04 4.8888688491e-05 1.1127262287e+02 nan
-2.5240413040e-04 3.0382861958e-05 1.5064266906e+02 nan
7.1989492597e-05 7.8655788475e-05 3.3731728226e+01 nan
-1.7078403837e-04 2.6118201472e-05 1.6547238399e+02 nan
-1.6723043085e-04 2.6082003923e-05 1.6525403503e+02 nan
-1.4974568845e-04 5.8657391720e-05 9.2223912897e+01 nan
-1.3091695134e-04 5.8135411792e-05 9.3568564114e+01 nan
-1.4039014516e-04 5.8373612872e-05 9.2956050040e+01 nan
-2.4311337122e-04 2.9687674794e-05 1.5602934827e+02 nan
-1.2137140512e-04 5.7932795755e-05 9.4099512152e+01 nan
1.2324974051e-04 8.2856274385e-05 2.1463813123e+01 nan
-1.4925056007e-04 2.5947443094e-05 1.6420141522e+02 nan
-1.7277598800e-04 4.8452167634e-05 1.1135532325e+02 nan
9.9594877602e-05 1.5562489014e-04 2.0026348472e+01 2.5768926555e+01
-1.4905699238e-04 1.1085427882e-04 2.9076021268e+01 1.8846452989e+01
-1.7688159651e-04 2.4548667932e-05 1.7037673323e+02 nan
-1.6720466798e-04 5.0099239222e-05 1.0807053249e+02 nan
-1.6321270300e-04 4.8156398263e-05 1.1216246806e+02 nan
-1.3875079186e-04 3.0730022428e-05 1.5155881013e+02 nan
-1.2096562035e-04 3.0609721847e-05 1.5129783503e+02 nan
-1.0878068928e-04 2.8940240990e-05 1.5508199157e+02 nan
-1.1382527009e-04 3.0570384547e-05 1.5124810977e+02 nan
-1.3161167947e-04 3.0688982087e-05 1.5140299660e+02 nan
-7.7872871610e-05 3.0485757825e-05 1.5122058697e+02 nan
-9.9491421232e-05 3.0513365187e-05 1.5121310201e+02 nan
-6.7068244367e-05 3.0484854178e-05 1.5120892952e+02 nan
-6.3495173278e-05 3.0479299861e-05 1.5120793825e+02 nan
-8.5109710713e-05 3.0480898446e-05 1.5123649503e+02 nan
-1.3574109292e-05 1.2796844353e-04 2.3685891070e+00 1.6624868462e+01
-6.8223016258e-05 2.9733150772e-06 2.2033240091e+02 nan
-1.7520932340e-04 1.0487580733e-04 3.1820350142e+01 1.8434120229e+01
1.4104896138e-04 1.6470284612e-04 2.0205460138e+01 3.2880276792e+01
7.5492613009e-05 1.1453113624e-04 1.7118775658e+01 nan
1.5048444944e-04 1.6565440072e-04 1.9611164964e+01 3.1876240850e+01
-1.8066404240e-04 1.0399193715e-04 3.1899154632e+01 1.8259550252e+01
-7.6123950761e-05 2.9636201298e-06 2.2059849694e+02 nan
1.6837353445e-04 5.8832855208e-05 3.0201025718e+01 nan
1.5946239839e-04 1.6536778672e-04 1.8769203256e+01 3.1302111080e+01
-1.6392482094e-04 1.6538633251e-05 1.9117371558e+02 nan
-8.1908280017e-05 1.4445896220e-06 2.2473495316e+02 nan
1.2292296207e-04 1.0430890527e-04 1.1008290106e+01 nan
1.9410836462e-04 5.7820138353e-05 2.5909445666e+01 nan
-8.9873834536e-05 1.4437134908e-06 2.2512591895e+02 nan
1.1399621204e-04 1.2348418376e-04 6.2152504818e+00 nan
-2.0387735924e-04 1.5164827294e-05 2.0250359653e+02 nan
1.2735469102e-04 1.2341394444e-04 5.9165370436e+00 nan
-9.9908098836e-05 2.9607043792e-06 2.2173886123e+02 nan
1.5310786413e-04 1.3949523008e-04 1.0081693573e+01 nan
1.5680674351e-04 1.3725483567e-04 9.8518979724e+00 nan
1.6389861576e-04 1.2878918793e-04 8.6731772955e+00 nan
-2.4299710963e-04 1.2347459925e-05 2.2217129232e+02 nan
-2.2238491441e-04 9.1529032936e-05 3.5078140820e+01 1.6913033935e+01
2.2249309500e-04 1.5580560638e-04 1.5114539943e+01 2.7393698963e+01
1.3267855549e-04 1.0173126485e-04 1.0661118810e+01 nan
-1.0783422799e-04 2.9604077151e-06 2.2228473486e+02 nan
1.3545150624e-04 9.6248662427e-05 1.1906134314e+01 nan
1.3503575935e-04 9.2880438957e-05 1.3487795838e+01 nan
1.4083727156e-04 8.5294255570e-05 1.5987208554e+01 nan
1.4397073055e-04 8.3109472996e-05 1.6725579947e+01 nan
-1.1377919571e-04 1.4457329234e-06 2.2680044107e+02 nan
2.3594497480e-04 1.5190188872e-04 1.4677127488e+01 2.6390026082e+01
-2.9815846954e-04 5.7510858459e-05 5.5259841335e+01 nan
1.4297390062e-04 7.6658916321e-05 2.0666147607e+01 nan
-2.3490772804e-04 8.6710836391e-05 3.6065007677e+01 1.6419121577e+01
-1.2174262690e-04 1.4455118620e-06 2.2756054079e+02 nan
-4.1888601850e-05 3.0548822534e-05 1.5069808944e+02 nan
-4.5322706514e-05 2.7337415734e-05 1.5837630114e+02 nan
-1.3163193909e-04 2.9700132537e-06 2.2452397614e+02 nan
-2.4783894872e-04 8.2326341002e-05 3.6918586955e+01 1.5811105500e+01
-1.3556449029e-04 2.9629951063e-06 2.2501926914e+02 nan
-2.1771661867e-04 4.5042358702e-05 1.1609461474e+02 nan
2.7255665162e-04 1.3728253135e-04 1.4068263002e+01 2.3499156633e+01
2.8104633849e-04 1.3344035968e-04 1.4047673037e+01 2.2823951045e+01
-1.4960948680e-04 1.4457643423e-06 2.3117100362e+02 nan
-2.2174840241e-04 5.3361928004e-05 9.6272841784e+01 nan
-1.5756975290e-04 1.4461492420e-06 2.3250970884e+02 nan
2.9259386880e-04 1.2716718978e-04 1.4140194974e+01 2.1344310636e+01
-3.1373170085e-05 1.2432515207e-04 6.7156626427e+00 nan
-2.3552403690e-04 5.2910749229e-05 9.3957524374e+01 nan
-1.9469420117e-04 7.4639300051e-06 2.2362361115e+02 nan
-2.8456467815e-04 1.5582686206e-06 2.9593428063e+02 nan
-1.9849447398e-04 7.4517547807e-06 2.2470234864e+02 nan
-2.8872055840e-04 3.2155128912e-06 2.8551702083e+02 nan
-2.1280088418e-04 5.9556834585e-06 2.3361345941e+02 nan
-3.0789388443e-04 1.7319284734e-06 3.0245022219e+02 nan
-2.2174671028e-04 7.5316963304e-06 2.3191931851e+02 nan
-2.2552616859e-04 7.5255747109e-06 2.3333276022e+02 nan
-3.1623168426e-04 1.0353515741e-05 1.9384254750e+02 nan
-3.2640691056e-04 1.1653492025e-05 1.5734629901e+02 nan
-1.4569483571e-04 2.5920175896e-05 1.6403615791e+02 nan
-2.5297540352e-04 1.4874257138e-06 2.6528033104e+02 nan
2.2444102353e-05 1.2820366527e-04 1.2959917124e+01 nan
1.3225559626e-04 1.6425382991e-04 2.1010174531e+01 3.3708274817e+01
-2.6311115373e-04 6.2090772986e-06 2.5459439389e+02 nan
-1.8541180910e-04 4.8935794364e-05 1.0988388609e+02 nan
-2.6681964537e-04 6.2164770764e-06 2.5617852329e+02 nan
-1.9352161844e-04 4.5599744150e-05 1.1689158523e+02 nan
-2.1229275714e-04 2.5015792246e-05 1.7276686931e+02 nan
3.5738641755e-04 7.1753376162e-05 1.9528630233e+01 9.9558533124e+00
-2.2495880481e-04 2.1919283767e-05 1.8402415741e+02 nan
3.3903630796e-04 1.4816410364e-05 2.2394743008e+01 nan
-3.1897448980e-04 5.3530043803e-05 6.1647085329e+01 1.3415619848e+01
3.6308232855e-04 6.4663861554e-05 2.0859959480e+01 7.9082982203e+00
-2.8984109401e-04 6.3805786886e-05 4.7003307905e+01 1.1912241920e+01
-3.2813455268e-04 5.0712429144e-05 5.7557365014e+01 1.6863091644e+01
-2.4937133523e-04 3.0124673092e-05 1.5269964072e+02 nan
3.7326344104e-04 4.8924215951e-05 2.4597768501e+01 5.2201758770e+00
-3.3856415236e-04 4.5925111014e-05 7.4509933272e+01 1.4202778270e+01
-2.2704659970e-04 4.9808735899e-05 1.0310164945e+02 nan
-2.7672707952e-04 2.5124222743e-05 1.5222771200e+02 nan
-2.8821388546e-04 2.5060957385e-05 1.3771547106e+02 nan
3.8867569942e-04 1.7352203506e-05 4.0192032196e+01 5.2363807603e-01
-3.1188879524e-04 2.6358381246e-05 1.0741562852e+02 nan
-3.2672054357e-04 1.7818042608e-05 1.2263698923e+02 nan
-2.6689271578e-04 5.0286821275e-05 8.6740642732e+01 nan
-2.7051721206e-04 4.4055897275e-05 9.8809465984e+01 nan
-3.2983039776e-04 1.2179422691e-05 1.4573020123e+02 nan
-3.2202699841e-04 1.9872972477e-05 1.1977406647e+02 nan
-2.0257134713e-04 9.5731077996e-05 3.5832453679e+01 1.7612371912e+01
-3.1961461204e-04 1.0730605340e-05 1.8196145877e+02 nan
-3.2174081929e-04 6.1119262090e-06 2.3178796588e+02 nan
-3.1722381483e-04 8.0874358363e-06 2.1748427243e+02 nan
-3.2126280917e-04 3.8941750745e-05 6.9196941527e+01 nan
-3.1701287773e-04 4.0320048333e-05 6.9173635552e+01 nan
-3.1176039154e-04 1.7805171702e-06 2.9876360301e+02 nan
-3.0011926787e-04 1.6553311873e-06 3.0594252603e+02 nan
2.5704047354e-04 1.4147506386e-04 1.4259482743e+01 nan
-8.6551141403e-06 1.2866899122e-04 4.2627669702e+00 1.6359523251e+01
3.3857585777e-04 9.2091870164e-05 1.6605844500e+01 1.4444524764e+01
3.7800381429e-04 4.0521367716e-05 2.7207392537e+01 3.3461352694e+00
1.1442507539e-04 1.6097173860e-04 2.0464918772e+01 2.6890263390e+01
-1.8556573692e-04 5.8938671642e-06 2.2585817746e+02 nan
3.8454017978e-04 1.3274428150e-05 3.8594479825e+01 nan
8.5131801769e-05 1.4774182876e-04 1.4276514764e+01 nan
-3.6550304338e-05 1.2405135116e-04 8.0273810111e+00 1.7866867897e+01
-1.7106877391e-04 2.9173059457e-06 2.3102229749e+02 nan
2.7250700828e-04 2.8608113965e-06 4.8449740284e+01 nan
2.9633854219e-04 3.1094900765e-06 4.5334728088e+01 nan
3.1250598776e-04 3.0829068252e-06 3.9089835330e+01 nan
3.5749803046e-04 7.9291930963e-06 2.3621084067e+01 nan
2.8483353808e-04 1.3155702207e-04 1.4059135583e+01 2.2470460774e+01
3.6473171195e-04 3.9952879972e-06 2.3143620257e+01 nan
3.7656733573e-04 4.1407135204e-06 2.6899265359e+01 nan
3.1805468340e-04 1.1009357168e-04 1.4949485437e+01 1.8261616385e+01
1.8048574424e-04 1.6077599360e-04 1.6759633384e+01 nan
3.2856298193e-04 3.4503025470e-06 2.4786695245e+01 nan
2.8878967241e-04 6.2081598655e-06 4.5425315242e+01 nan
3.8464778363e-04 2.6478522225e-05 3.3446636662e+01 1.2719258495e+00
-3.4882744501e-04 3.9449077379e-05 8.7878019628e+01 1.1884832679e+01
3.6942997358e-04 4.9292265454e-05 2.4463257038e+01 nan
-3.5867428956e-06 1.2875568882e-04 6.2121675574e+00 1.6074848551e+01
3.5669449584e-04 6.7786112019e-05 2.0260004636e+01 nan
3.2834093009e-04 1.0127911014e-04 1.5665775719e+01 1.6171607615e+01
3.9292762335e-04 7.8398009931e-06 5.2599575686e+01 8.2445638030e-02
-3.8748651632e-04 8.3028196959e-06 2.2319403576e+02 2.4480088880e+00
-2.4349160895e-04 8.2093033647e-05 3.8994410742e+01 1.6038044090e+01
1.4501913446e-04 1.6225317776e-04 1.8686008681e+01 nan
-1.9800473598e-04 9.7002621159e-05 3.5494479726e+01 1.7849287813e+01
-1.2059063416e-04 1.1452859219e-04 2.6388506017e+01 1.9131784987e+01
-3.3604983027e-04 4.4532095424e-05 6.7075099366e+01 nan
1.4707146352e-05 1.2447213752e-04 1.1260375206e+01 nan
-1.0921127474e-04 1.1850712714e-04 2.3204872571e+01 1.9152334834e+01
-9.8699548381e-05 1.2030832192e-04 2.1217122302e+01 1.9137392254e+01
2.3787707465e-04 1.4801116429e-04 1.4588214783e+01 nan
-4.4563926291e-05 1.2376996165e-04 1.0000198891e+01 1.8165388918e+01
-2.0682910758e-04 9.6742056704e-05 3.3868133699e+01 1.7485552553e+01
2.9294264225e-04 1.2363344327e-04 1.4349409974e+01 nan
-2.6605368150e-04 7.2767678250e-05 4.3894364946e+01 1.4210732626e+01
1.7252630675e-04 1.6142006387e-04 1.7160187841e+01 nan
2.7013659168e-05 1.2896814366e-04 1.5116060212e+01 1.3246811079e+01
-8.9268569120e-05 1.1937770892e-04 2.0699768399e+01 1.9064950125e+01
-3.6545140041e-04 2.8052844731e-05 1.2153623664e+02 8.3154774974e+00
1.9590125706e-04 1.6197768496e-04 1.6337230021e+01 2.9063706189e+01
8.4703098525e-06 1.2976161669e-04 1.1396478818e+01 1.5088328180e+01
-1.8942052176e-04 9.9700277843e-05 3.4441227210e+01 1.8064599545e+01
2.4503857678e-04 1.4605373474e-04 1.4443293086e+01 nan
2.6774072408e-04 1.3639773169e-04 1.4188906172e+01 nan
7.7329470105e-05 1.4262509839e-04 1.4067192852e+01 nan
-4.9515005401e-05 1.2335825591e-04 1.1375937793e+01 1.8296946749e+01
-1.8420894730e-04 1.0130900674e-04 3.3762235666e+01 1.8164652462e+01
1.6542947855e-04 1.6209486782e-04 1.7604078827e+01 nan
3.1131003330e-04 1.1579793371e-04 1.4573073892e+01 1.9214126021e+01
-2.1214531412e-04 9.5306719670e-05 3.4006933827e+01 1.7351976847e+01
1.5743943283e-04 1.6282880005e-04 1.8195341656e+01 nan
5.3780178212e-05 1.3244709440e-04 2.4479860486e+01 nan
2.2785803788e-04 1.5140705526e-04 1.4850090890e+01 nan
1.3719362850e-04 1.6226112107e-04 1.9141547425e+01 nan
7.2191456740e-05 1.3862434668e-04 4.8926853224e+00 nan
3.9518802312e-04 3.6816602341e-06 6.4733223016e+01 1.1698953054e-01
-3.9240554687e-04 3.9847925290e-06 2.5390553297e+02 1.7692318221e+00
3.1701198173e-05 1.2979386237e-04 1.7082337743e+01 1.2781823010e+01
8.9945635058e-06 1.2370972229e-04 1.0396120602e+01 nan
3.8377837293e-04 2.2718529096e-05 3.5263974553e+01 nan
-1.6842016275e-04 1.0540471608e-04 3.2077608555e+01 1.8514596342e+01
2.5147191961e-04 1.4704014639e-04 1.4302551480e+01 2.5314670594e+01
1.8487946322e-04 1.6115537613e-04 1.6659179101e+01 nan
3.0818833158e-04 1.1851849338e-04 1.4414620925e+01 1.9667369961e+01
-1.5429531088e-04 1.1079163158e-04 2.8906843345e+01 1.8789270713e+01
1.7579719022e-04 1.6222676208e-04 1.7176896986e+01 nan
-9.4466303038e-05 1.1909347946e-04 2.1483835914e+01 1.9119913975e+01
-1.0389506555e-04 1.1985612364e-04 2.1979479268e+01 1.9147922143e+01
1.2946503388e-04 1.6170723764e-04 1.9059714959e+01 nan
3.7510763944e-04 4.1470034645e-05 2.6857655266e+01 nan
9.1190358883e-05 1.5152785668e-04 1.9170531095e+01 nan
-2.3043330739e-04 8.7071064952e-05 3.7457702898e+01 1.6588727535e+01
-3.7033918162e-04 2.1227077443e-05 1.3157308964e+02 6.8882116664e+00
2.7455470525e-04 1.3389450387e-04 1.4155064804e+01 nan
3.6539257080e-04 5.7610627579e-05 2.2387379023e+01 nan
2.0752640657e-04 1.5715892677e-04 1.5581058835e+01 nan
-1.2570193887e-04 1.1436619452e-04 2.6683504945e+01 1.9090387388e+01
1.2142623332e-04 1.6100555384e-04 1.8238298284e+01 2.8577721849e+01
