x_m,y_m,sigma_xx_Pa,sigma_xy_Pa,sigma_yy_Pa,von_mises_Pa,sigma_max_principal_Pa,sigma_min_principal_Pa,sigma_tension_Pa,sigma_comp_mag_Pa,is_surface,wss_mag_dyn_cm2,wss_x_dyn_cm2,wss_y_dyn_cm2,pressure_Pa,normal_x,normal_y
3.9656887942e-04,5.9238031845e-06,-4.2156369076e+00,-2.6554320403e+01,6.1622651318e+01,7.0108431095e+01,6.9180628770e+01,-1.1773614360e+01,6.9180628770e+01,1.0010892979e+01,1.0000000000e+00,1.1777275334e-01,-5.1852229133e-02,1.0574387814e-01,1.4044796067e+01,8.9786368356e-01,4.4027355786e-01
3.9430304309e-04,1.1259677098e-05,-3.6426174744e+00,-1.7227557575e+01,4.0792861410e+01,4.8838252525e+01,4.6771900210e+01,-9.6216562742e+00,4.6771900210e+01,9.7539192357e+00,1.0000000000e+00,3.5851921720e-02,1.3365830423e-02,-3.3267324330e-02,1.3967530657e+01,9.2790909760e-01,3.7280652702e-01
3.9224810973e-04,1.6357885736e-05,-5.5822976590e+00,-1.4164703713e+01,3.3092797548e+01,4.1399821285e+01,3.7657447908e+01,-1.0146948019e+01,3.7657447908e+01,1.0169701476e+01,1.0000000000e+00,2.3799484565e-01,8.9147229446e-02,-2.2066789081e-01,1.3922089331e+01,9.2719609206e-01,3.7457630313e-01
3.9022943355e-04,2.1283241308e-05,-6.3295641290e+00,-1.2676362205e+01,2.7666190792e+01,3.6668122126e+01,3.1838663511e+01,-1.0502036849e+01,3.1838663511e+01,1.0492014275e+01,1.0000000000e+00,5.1559125877e-01,1.9626300595e-01,-4.7677581589e-01,1.3876233663e+01,9.2471663896e-01,3.8065619346e-01
3.8819037276e-04,2.6070850182e-05,-6.6813258289e+00,-1.1825269598e+01,2.3725966595e+01,3.3330255003e+01,2.7765552081e+01,-1.0720911315e+01,2.7765552081e+01,1.0723258874e+01,1.0000000000e+00,1.2650003614e+00,5.1010700927e-01,-1.1575909266e+00,1.3788177723e+01,9.1509138018e-01,4.0324653244e-01
3.8610301836e-04,3.0739178287e-05,-6.8721866742e+00,-1.1320019057e+01,2.0683741298e+01,3.0851493985e+01,2.4717895669e+01,-1.0906341045e+01,2.4717895669e+01,1.0906035721e+01,1.0000000000e+00,1.7224012317e+00,7.1850760946e-01,-1.5653794487e+00,1.3748120156e+01,9.0883553716e-01,4.1715460731e-01
3.8395241215e-04,3.5300375979e-05,-6.9718743906e+00,-1.0961005817e+01,1.8141839487e+01,2.8844466698e+01,2.2238343161e+01,-1.1068378065e+01,2.2238343161e+01,1.1068400197e+01,1.0000000000e+00,2.2243390668e+00,9.6111591435e-01,-2.0059761921e+00,1.3711519484e+01,9.0183022096e-01,4.3209056061e-01
3.8173127074e-04,3.9759777293e-05,-6.9975921322e+00,-1.0704396529e+01,1.5955499285e+01,2.7167694692e+01,2.0164229420e+01,-1.1206322267e+01,2.0164229420e+01,1.1206325068e+01,1.0000000000e+00,2.7650250481e+00,1.2379542618e+00,-2.4724143590e+00,1.3678862269e+01,8.9417430799e-01,4.4771900443e-01
3.7943478352e-04,4.4123131563e-05,-6.9779534053e+00,-1.0501002671e+01,1.4042268896e+01,2.5722506306e+01,1.8383053686e+01,-1.1318738194e+01,1.8383053686e+01,1.1318736498e+01,1.0000000000e+00,3.9440790287e+00,1.8936385112e+00,-3.4597532532e+00,1.3626407476e+01,8.7720180760e-01,4.8012184782e-01
3.7706107094e-04,4.8393484557e-05,-6.9308046092e+00,-1.0333912820e+01,1.2352496978e+01,2.4469772090e+01,1.6838475688e+01,-1.1416783319e+01,1.6838475688e+01,1.1416783667e+01,1.0000000000e+00,4.5708588953e+00,2.2698242879e+00,-3.9674486440e+00,1.3607504575e+01,8.6798755658e-01,4.9658594586e-01
3.7460947099e-04,5.2573364636e-05,-6.8606867536e+00,-1.0185391088e+01,1.0828646219e+01,2.3355674832e+01,1.5468384884e+01,-1.1500425419e+01,1.5468384884e+01,1.1500425380e+01,1.0000000000e+00,5.2160359776e+00,2.6762231667e+00,-4.4771487446e+00,1.3593335626e+01,8.5834314868e-01,5.1307605588e-01
3.7208036497e-04,5.6664631773e-05,-6.7712857336e+00,-1.0049627956e+01,9.4419634216e+00,2.2355940230e+01,1.4242546954e+01,-1.1571869266e+01,1.4242546954e+01,1.1571869265e+01,1.0000000000e+00,5.8751625279e+00,3.1109532141e+00,-4.9839246412e+00,1.3583090757e+01,8.4830413074e-01,5.2950930282e-01
3.6947464369e-04,6.0668784459e-05,-6.6656459428e+00,-9.9230030573e+00,8.1700941763e+00,2.1451282151e+01,1.3137127641e+01,-1.1632679408e+01,1.3137127641e+01,1.1632679409e+01,1.0000000000e+00,7.2258361395e+00,4.0609337295e+00,-5.9767487114e+00,1.3577419009e+01,8.2713593223e-01,5.6200191246e-01
3.6679350394e-04,6.4587157154e-05,-6.5473256050e+00,-9.8022048774e+00,7.0010758542e+00,2.0631910057e+01,1.2138713950e+01,-1.1684963701e+01,1.2138713950e+01,1.1684963701e+01,1.0000000000e+00,7.9064055121e+00,4.5696727281e+00,-6.4520802289e+00,1.3581114137e+01,8.1605733718e-01,5.7797095293e-01
3.6403840785e-04,6.8420945888e-05,-6.4176019471e+00,-9.6876415809e+00,5.9199912389e+00,1.9886824613e+01,1.1232858190e+01,-1.1730468898e+01,1.1232858190e+01,1.1730468898e+01,1.0000000000e+00,8.5907913711e+00,5.1003103261e+00,-6.9129249207e+00,1.3590577762e+01,8.0469011783e-01,5.9369505157e-01
3.6121103618e-04,7.2171303576e-05,-6.2802913796e+00,-9.5752954311e+00,4.9181260688e+00,1.9207249022e+01,1.0408227738e+01,-1.1770393049e+01,1.0408227738e+01,1.1770393049e+01,1.0000000000e+00,9.2716378797e+00,5.6478045551e+00,-7.3529295304e+00,1.3603890020e+01,7.9305615964e-01,6.0914852677e-01
3.5831317072e-04,7.5839191510e-05,-6.1349650367e+00,-9.4666134197e+00,3.9845630196e+00,1.8587411882e+01,9.6562462451e+00,-1.1806648262e+01,9.6562462451e+00,1.1806648262e+01,1.0000000000e+00,9.9477588337e+00,6.2105707610e+00,-7.7708890505e+00,1.3620220550e+01,7.8116982734e-01,6.2431858923e-01
3.5534661787e-04,7.9425564163e-05,-5.9827609503e+00,-9.3612557609e+00,3.1145346289e+00,1.8022651508e+01,8.9712695390e+00,-1.1839495860e+01,8.9712695390e+00,1.1839495860e+01,1.0000000000e+00,1.0621260642e+01,6.7889205862e+00,-8.1683373403e+00,1.3641466005e+01,7.6905535185e-01,6.3918218513e-01
3.5231328137e-04,8.2931393055e-05,-5.8249443439e+00,-9.2582135944e+00,2.3013251879e+00,1.7508010129e+01,8.3464447827e+00,-1.1870063939e+01,8.3464447827e+00,1.1870063939e+01,1.0000000000e+00,1.1942098332e+01,7.9760439201e+00,-8.8879939215e+00,1.3694800865e+01,7.4425730509e-01,6.6789300327e-01
3.4921508585e-04,8.6357582347e-05,-5.6618993606e+00,-9.1574246365e+00,1.5377102796e+00,1.7039095531e+01,7.7754318512e+00,-1.1899620932e+01,7.7754318512e+00,1.1899620932e+01,1.0000000000e+00,1.2586423193e+01,8.5805200512e+00,-9.2082965007e+00,1.3727639943e+01,7.3160550535e-01,6.8172823364e-01
3.4605394155e-04,8.9704996959e-05,-5.4934942093e+00,-9.0599348454e+00,8.2237107835e-01,1.6613833506e+01,7.2564396813e+00,-1.1927562812e+01,7.2564396813e+00,1.1927562812e+01,1.0000000000e+00,1.3217899432e+01,9.1891386520e+00,-9.5011892012e+00,1.3763293076e+01,7.1881233851e-01,6.9520415850e-01
3.4283169115e-04,9.2974527749e-05,-5.3224630170e+00,-8.9620784491e+00,1.4831503158e-01,1.6226282548e+01,6.7811746041e+00,-1.1955322589e+01,6.7811746041e+00,1.1955322589e+01,1.0000000000e+00,1.3837043209e+01,9.8009421984e+00,-9.7675635040e+00,1.3801464869e+01,7.0589961715e-01,7.0831188788e-01
3.3955035249e-04,9.6166941816e-05,-5.1471938190e+00,-8.8667592321e+00,-4.8899085659e-01,1.5875509043e+01,6.3476370814e+00,-1.1983821757e+01,6.3476370814e+00,1.1983821757e+01,1.0000000000e+00,1.4444417576e+01,1.0415112097e+01,-1.0008328487e+01,1.3844402569e+01,6.9288556875e-01,7.2104756335e-01
3.3621174769e-04,9.9283154883e-05,-4.9677333017e+00,-8.7732637475e+00,-1.0881574310e+00,1.5559362307e+01,5.9552566500e+00,-1.2011147383e+01,5.9552566500e+00,1.2011147383e+01,1.0000000000e+00,1.5032952662e+01,1.1025347792e+01,-1.0219166884e+01,1.3888331571e+01,6.7978441186e-01,7.3341199431e-01
3.3281767652e-04,1.0232394596e-04,-4.7856165855e+00,-8.6801348567e+00,-1.6560526419e+00,1.5273886322e+01,5.5975477660e+00,-1.2039216993e+01,5.5975477660e+00,1.2039216993e+01,1.0000000000e+00,1.6170749859e+01,1.2241737348e+01,-1.0565652734e+01,1.3985466620e+01,6.5338050655e-01,7.5702966498e-01
3.2936998987e-04,1.0529007910e-04,-4.6002834904e+00,-8.5881987932e+00,-2.1944398212e+00,1.5018132032e+01,5.2733609155e+00,-1.2068084227e+01,5.2733609155e+00,1.2068084227e+01,1.0000000000e+00,1.6716338388e+01,1.2842869515e+01,-1.0700311759e+01,1.4037625222e+01,6.4011098066e-01,7.6828245616e-01
3.2587043083e-04,1.0818236481e-04,-4.4116809145e+00,-8.4970914170e+00,-2.7052688627e+00,1.4789586394e+01,4.9802967971e+00,-1.2097246574e+01,4.9802967971e+00,1.2097246574e+01,1.0000000000e+00,1.7246845272e+01,1.3438254245e+01,-1.0810503906e+01,1.4092028855e+01,6.2681051143e-01,7.7917172867e-01
3.2232070544e-04,1.1100152659e-04,-4.2212607531e+00,-8.4077239220e+00,-3.1909978189e+00,1.4587949040e+01,4.7162270192e+00,-1.2128485591e+01,4.7162270192e+00,1.2128485591e+01,1.0000000000e+00,1.7761700321e+01,1.4026413409e+01,-1.0896684136e+01,1.4148365249e+01,6.1349329957e-01,7.8969992490e-01
3.1872251723e-04,1.1374835041e-04,-4.0283436790e+00,-8.3184494556e+00,-3.6524693141e+00,1.4409915908e+01,4.4791623322e+00,-1.2159975325e+01,4.4791623322e+00,1.2159975325e+01,1.0000000000e+00,1.8260343087e+01,1.4605964370e+01,-1.0959285309e+01,1.4205777098e+01,6.0016864178e-01,7.9987349089e-01
3.1507752710e-04,1.1642357423e-04,-3.8317913015e+00,-8.2295074588e+00,-4.0921180423e+00,1.4254142567e+01,4.2676783763e+00,-1.2191587720e+01,4.2676783763e+00,1.2191587720e+01,1.0000000000e+00,1.8745162085e+01,1.5177959439e+01,-1.1000484029e+01,1.4266200637e+01,5.8684390026e-01,8.0970009061e-01
3.1138727332e-04,1.1902788967e-04,-3.6331253362e+00,-8.1408150136e+00,-4.5123690432e+00,1.4119543086e+01,4.0791748120e+00,-1.2224669191e+01,4.0791748120e+00,1.2224669191e+01,1.0000000000e+00,1.9214464241e+01,1.5740151634e+01,-1.1020129882e+01,1.4329166927e+01,5.7353302928e-01,8.1918243653e-01
3.0765330376e-04,1.2156199550e-04,-3.4316250815e+00,-8.0537720692e+00,-4.9127571137e+00,1.4007136881e+01,3.9148331515e+00,-1.2259215347e+01,3.9148331515e+00,1.2259215347e+01,1.0000000000e+00,1.9667108555e+01,1.6290765411e+01,-1.1018444593e+01,1.4391379245e+01,5.6024730643e-01,8.2832539237e-01
3.0387710273e-04,1.2402659240e-04,-3.2274884087e+00,-7.9667465987e+00,-5.2948951176e+00,1.3913279774e+01,3.7716440600e+00,-1.2294027586e+01,3.7716440600e+00,1.2294027586e+01,1.0000000000e+00,2.0539019173e+01,1.7368713149e+01,-1.0962623416e+01,1.4522035993e+01,5.3374619905e-01,8.4564472150e-01
3.0006005403e-04,1.2642229868e-04,-3.0195609757e+00,-7.8800574676e+00,-5.6617112035e+00,1.3837972408e+01,3.6487210051e+00,-1.2329993184e+01,3.6487210051e+00,1.2329993184e+01,1.0000000000e+00,2.0951657988e+01,1.7889185061e+01,-1.0906375672e+01,1.4589792778e+01,5.2054952780e-01,8.5383147582e-01
2.9620356680e-04,1.2874977410e-04,-2.8097776545e+00,-7.7933652857e+00,-6.0128448216e+00,1.3779423654e+01,3.5442427179e+00,-1.2366865194e+01,3.5442427179e+00,1.2366865194e+01,1.0000000000e+00,2.1350593735e+01,1.8397992304e+01,-1.0833361990e+01,1.4658446622e+01,5.0740331274e-01,8.6170869685e-01
2.9230897009e-04,1.3100963320e-04,-2.5958768289e+00,-7.7067654246e+00,-6.3493487363e+00,1.3737456630e+01,3.4587115010e+00,-1.2403937066e+01,3.4587115010e+00,1.2403937066e+01,1.0000000000e+00,2.1737577427e+01,1.8896346606e+01,-1.0744782796e+01,1.4727531405e+01,4.9429532025e-01,8.6929404483e-01
2.8837750595e-04,1.3320242308e-04,-2.3797622453e+00,-7.6201300067e+00,-6.6735569739e+00,1.3711178144e+01,3.3894927826e+00,-1.2442812002e+01,3.3894927826e+00,1.2442812002e+01,1.0000000000e+00,2.2114606950e+01,1.9385531104e+01,-1.0642228355e+01,1.4797807806e+01,4.8123072587e-01,8.7659397013e-01
2.8441043309e-04,1.3532873251e-04,-2.1593602431e+00,-7.5333556321e+00,-6.9839989218e+00,1.3699770779e+01,3.3378867645e+00,-1.2481245929e+01,3.3378867645e+00,1.2481245929e+01,1.0000000000e+00,2.2482158412e+01,1.9865552671e+01,-1.0526502930e+01,1.4870146630e+01,4.6821585085e-01,8.8361412223e-01
2.8040888588e-04,1.3738905552e-04,-1.9355495880e+00,-7.4466262004e+00,-7.2828507891e+00,1.3703043070e+01,3.3022554168e+00,-1.2520655794e+01,3.3022554167e+00,1.2520655794e+01,1.0000000000e+00,2.2836889270e+01,2.0333193132e+01,-1.0396382475e+01,1.4942257375e+01,4.5524512347e-01,8.9036614803e-01
2.7637400047e-04,1.3938388246e-04,-1.7067219972e+00,-7.3600243499e+00,-7.5703662998e+00,1.3721169039e+01,3.2833764898e+00,-1.2560464787e+01,3.2833764898e+00,1.2560464787e+01,1.0000000000e+00,2.3516611351e+01,2.1237535177e+01,-1.0099411322e+01,1.5090745446e+01,4.2945861421e-01,9.0308653997e-01
2.7230681857e-04,1.4131367610e-04,-1.4742410634e+00,-7.2730779487e+00,-7.8477305934e+00,1.3752495402e+01,3.2790210937e+00,-1.2600992751e+01,3.2790210939e+00,1.2600992751e+01,1.0000000000e+00,2.3842583181e+01,2.1674657755e+01,-9.9336792743e+00,1.5165634842e+01,4.1663603306e-01,9.0907338315e-01
2.6820838148e-04,1.4317882190e-04,-1.2369453268e+00,-7.1844914864e+00,-8.1158919839e+00,1.3795472288e+01,3.2884009839e+00,-1.2641238295e+01,3.2884009836e+00,1.2641238295e+01,1.0000000000e+00,2.4159652617e+01,2.2101926217e+01,-9.7567244547e+00,1.5241919264e+01,4.0384373936e-01,9.1482798065e-01
2.6407965482e-04,1.4497969219e-04,-9.9319492030e-01,-7.0965651884e+00,-8.3738111592e+00,1.3853346287e+01,3.3147301684e+00,-1.2681736248e+01,3.3147301685e+00,1.2681736248e+01,1.0000000000e+00,2.4468448174e+01,2.2519524703e+01,-9.5695330692e+00,1.5319120035e+01,3.9109685262e-01,9.2034952701e-01
2.5992152639e-04,1.4671663131e-04,-7.4518052884e-01,-7.0082571072e+00,-8.6228947187e+00,1.3923206541e+01,3.3545294204e+00,-1.2722604668e+01,3.3545294237e+00,1.2722604668e+01,1.0000000000e+00,2.4770005255e+01,2.2928184957e+01,-9.3729128319e+00,1.5397469604e+01,3.7839769250e-01,9.2564312038e-01
2.5573484853e-04,1.4838987100e-04,-4.8778337840e-01,-6.9200663587e+00,-8.8637644368e+00,1.4008917631e+01,3.4122784579e+00,-1.2763826273e+01,3.4122784530e+00,1.2763826273e+01,1.0000000000e+00,2.5067450557e+01,2.3330882004e+01,-9.1677163114e+00,1.5474214444e+01,3.6572192654e-01,9.3072416561e-01
2.5152050331e-04,1.4999959305e-04,-2.2586799188e-01,-6.8287256193e+00,-9.0984583150e+00,1.4103611274e+01,3.4805606123e+00,-1.2804886919e+01,3.4805606072e+00,1.2804886919e+01,1.0000000000e+00,2.5355538677e+01,2.3722651986e+01,-8.9520458189e+00,1.5553416374e+01,3.5306076251e-01,9.3560039439e-01
2.4727921144e-04,1.5154601961e-04,4.3211056567e-02,-6.7381429303e+00,-9.3242379420e+00,1.4212153916e+01,3.5648774464e+00,-1.2845904333e+01,3.5648774331e+00,1.2845904332e+01,1.0000000000e+00,2.5635901294e+01,2.4104690486e+01,-8.7271605745e+00,1.5635992432e+01,3.4042729665e-01,9.4027084167e-01
2.4301175085e-04,1.5302923362e-04,3.2254783386e-01,-6.6450722996e+00,-9.5429854284e+00,1.4332966493e+01,3.6649232655e+00,-1.2885360860e+01,3.6649232624e+00,1.2885360860e+01,1.0000000000e+00,2.6186864858e+01,2.4852019251e+01,-8.2540311531e+00,1.5796212665e+01,3.1519737845e-01,9.4902613906e-01
2.3871875126e-04,1.5444921919e-04,6.1042064626e-01,-6.5509342240e+00,-9.7559225808e+00,1.4467285829e+01,3.7799404005e+00,-1.2925442335e+01,3.7799404184e+00,1.2925442335e+01,1.0000000000e+00,2.6453430347e+01,2.5213530596e+01,-8.0038648160e+00,1.5880105339e+01,3.0256434462e-01,9.5312896156e-01
2.3440085989e-04,1.5580588753e-04,9.0852883017e-01,-6.4555674453e+00,-9.9630127989e+00,1.4615927303e+01,3.9112675785e+00,-1.2965751547e+01,3.9112676021e+00,1.2965751547e+01,1.0000000000e+00,2.6716195617e+01,2.5568764381e+01,-7.7455404133e+00,1.5962841515e+01,2.8991928807e-01,9.5705109916e-01
2.3005866709e-04,1.5709912959e-04,1.2163263503e+00,-6.3581822921e+00,-1.0164301067e+01,1.4777387030e+01,4.0577410214e+00,-1.3005715738e+01,4.0577410188e+00,1.3005715738e+01,1.0000000000e+00,2.6976917825e+01,2.5919340561e+01,-7.4794304734e+00,1.6047182339e+01,2.7725296573e-01,9.6079695721e-01
2.2569277251e-04,1.5832872373e-04,1.5372451392e+00,-6.2571834606e+00,-1.0359497388e+01,1.4952101065e+01,4.2214734502e+00,-1.3043725699e+01,4.2214733282e+00,1.3043725699e+01,1.0000000000e+00,2.7234565707e+01,2.6264296861e+01,-7.2047400812e+00,1.6132641201e+01,2.6454396809e-01,9.6437362518e-01
2.2130366424e-04,1.5949433356e-04,1.8701439931e+00,-6.1535371723e+00,-1.0549726370e+01,1.5140707409e+01,4.4017003102e+00,-1.3081282687e+01,4.4017000525e+00,1.3081282687e+01,1.0000000000e+00,2.7490631802e+01,2.6605026416e+01,-6.9215176309e+00,1.6217016868e+01,2.5177732111e-01,9.6778519340e-01
2.1689183643e-04,1.6059545982e-04,2.2174199110e+00,-6.0460981002e+00,-1.0735547517e+01,1.5344462697e+01,4.6000658656e+00,-1.3118193472e+01,4.6000658521e+00,1.3118193472e+01,1.0000000000e+00,2.7745067295e+01,2.6941432865e+01,-6.6293253342e+00,1.6304413561e+01,2.3893707893e-01,9.7103505205e-01
2.1245770279e-04,1.6163150880e-04,2.5809415092e+00,-5.9350905510e+00,-1.0916872410e+01,1.5564963673e+01,4.8184705161e+00,-1.3154401417e+01,4.8184704226e+00,1.3154401417e+01,1.0000000000e+00,2.8247991386e+01,2.7600051218e+01,-6.0154958312e+00,1.6482140677e+01,2.1295304679e-01,9.7706243396e-01
2.0800165879e-04,1.6260176174e-04,2.9615958934e+00,-5.8195827298e+00,-1.1093453264e+01,1.5801910202e+01,5.0573084231e+00,-1.3189165794e+01,5.0573092547e+00,1.3189165794e+01,1.0000000000e+00,2.8500360572e+01,2.7925801203e+01,-5.6938721361e+00,1.6573270597e+01,1.9978245965e-01,9.7984027720e-01
2.0352408140e-04,1.6350530452e-04,3.3626844521e+00,-5.6984215183e+00,-1.1265624704e+01,1.6057490278e+01,5.3193262088e+00,-1.3222266460e+01,5.3193251608e+00,1.3222266460e+01,1.0000000000e+00,2.8753147529e+01,2.8248942375e+01,-5.3610397757e+00,1.6666683570e+01,1.8645053625e-01,9.8246434924e-01
1.9902525099e-04,1.6434108453e-04,3.7809261817e+00,-5.5717977279e+00,-1.1435516331e+01,1.6331096867e+01,5.6014680976e+00,-1.3256058247e+01,5.6014663900e+00,1.3256058247e+01,1.0000000000e+00,2.9006676515e+01,2.8569690824e+01,-5.0159793319e+00,1.6758379770e+01,1.7292499295e-01,9.8493499624e-01
1.9450558496e-04,1.6510776823e-04,4.2250399978e+00,-5.4353338421e+00,-1.1600173416e+01,1.6624814995e+01,5.9107747037e+00,-1.3285908122e+01,5.9107747530e+00,1.3285908122e+01,1.0000000000e+00,2.9264807067e+01,2.8891712534e+01,-4.6580982730e+00,1.6855883154e+01,1.5917064692e-01,9.8725108516e-01
1.8996523710e-04,1.6580376510e-04,4.6945195856e+00,-5.2913432671e+00,-1.1761714035e+01,1.6941452874e+01,6.2475551525e+00,-1.3314749602e+01,6.2475506160e+00,1.3314749602e+01,1.0000000000e+00,2.9522838172e+01,2.9210183039e+01,-4.2852281836e+00,1.6952290359e+01,1.4514960108e-01,9.8940971963e-01
1.8540449763e-04,1.6642722282e-04,5.1917738897e+00,-5.1369186782e+00,-1.1920015964e+01,1.7282034409e+01,6.6136661812e+00,-1.3341908255e+01,6.6136652620e+00,1.3341908255e+01,1.0000000000e+00,2.9786685319e+01,2.9530725549e+01,-3.8965203525e+00,1.7050774685e+01,1.3081416447e-01,9.9140690656e-01
1.8082357714e-04,1.6697591952e-04,5.7213727655e+00,-4.9697185880e+00,-1.2075507673e+01,1.7649768067e+01,7.0130308905e+00,-1.3367165798e+01,7.0130293571e+00,1.3367165798e+01,1.0000000000e+00,3.0334578953e+01,3.0179666331e+01,-3.0617675361e+00,1.7257210593e+01,1.0093324654e-01,9.9489320017e-01
1.7622273020e-04,1.6744721396e-04,6.2854863855e+00,-4.7862474250e+00,-1.2226076573e+01,1.8043902207e+01,7.4473567022e+00,-1.3387946890e+01,7.4473753663e+00,1.3387946890e+01,1.0000000000e+00,3.0622034182e+01,3.0510560962e+01,-2.6104879328e+00,1.7365639582e+01,8.5248678034e-02,9.9635970557e-01
1.7160211355e-04,1.6783778409e-04,6.9022309735e+00,-4.5868216601e+00,-1.2372335512e+01,1.8480827734e+01,7.9348585981e+00,-1.3404963136e+01,7.9348372228e+00,1.3404963136e+01,1.0000000000e+00,3.0917517335e+01,3.0844060497e+01,-2.1299789173e+00,1.7475275987e+01,6.8892301222e-02,9.9762410297e-01
1.6696174834e-04,1.6814363635e-04,7.5587905893e+00,-4.3663466886e+00,-1.2520977796e+01,1.8955304245e+01,8.4627564051e+00,-1.3424943612e+01,8.4627367624e+00,1.3424943612e+01,1.0000000000e+00,3.1227655109e+01,3.1185826831e+01,-1.6157501365e+00,1.7593882501e+01,5.1741001074e-02,9.9866053732e-01
1.3871662636e-04,1.6778380722e-04,1.4452992349e+01,-1.9595198343e+00,-1.2724273990e+01,2.3745506851e+01,1.4573833952e+01,-1.2845115593e+01,1.4576225808e+01,1.2845115593e+01,1.0000000000e+00,3.2030500961e+01,3.1621575385e+01,5.1018586798e+00,1.8937544869e+01,-1.5928126401e-01,9.8723324444e-01
1.2944192993e-04,1.6624740868e-04,9.1265220954e+00,-9.4227766254e-02,-1.7750469752e+01,2.3306353538e+01,9.1439556608e+00,-1.7767903317e+01,9.1384939645e+00,1.7767903317e+01,1.0000000000e+00,2.8001717753e+01,2.7463813155e+01,5.4621574610e+00,1.9178485918e+01,-1.9506508526e-01,9.8079029997e-01
1.2529173633e-04,1.6527041090e-04,8.4026877387e+00,-6.9790464933e-01,-1.8130019839e+01,2.3026577707e+01,8.4307347872e+00,-1.8158066888e+01,8.4293360454e+00,1.8158066888e+01,1.0000000000e+00,2.6010957848e+01,2.5567528140e+01,4.7824086988e+00,1.9158223197e+01,-1.8386130672e-01,9.8295219614e-01
1.2135947137e-04,1.6433975044e-04,7.4292296446e+00,-1.3763721509e+00,-1.7700403718e+01,2.1886966047e+01,7.5008587024e+00,-1.7772032776e+01,7.5010778777e+00,1.7772032776e+01,1.0000000000e+00,2.5812689813e+01,2.5390052528e+01,4.6519015443e+00,1.9159296372e+01,-1.8021762079e-01,9.8362676314e-01
1.1752158758e-04,1.6346574016e-04,6.0011959527e+00,-1.9503575930e+00,-1.7261606536e+01,2.0416937926e+01,6.1575193159e+00,-1.7417929900e+01,6.1578075860e+00,1.7417929901e+01,1.0000000000e+00,2.5799660631e+01,2.5374474934e+01,4.6646018612e+00,1.9186922987e+01,-1.8080089997e-01,9.8351971743e-01
1.1371566213e-04,1.6262242678e-04,4.4720154638e+00,-2.2697299953e+00,-1.7314889392e+01,1.9257795049e+01,4.6970561914e+00,-1.7539930120e+01,4.6963519402e+00,1.7539930114e+01,1.0000000000e+00,2.5878440274e+01,2.5434953425e+01,4.7704103924e+00,1.9231269803e+01,-1.8433917739e-01,9.8286269014e-01
1.0992991538e-04,1.6178410428e-04,3.3759824351e+00,-2.3519427620e+00,-1.7720018529e+01,1.8711500599e+01,3.6310718611e+00,-1.7975107955e+01,3.6185625783e+00,1.7975107960e+01,1.0000000000e+00,2.5878440274e+01,2.5434953425e+01,4.7704103924e+00,1.9231269803e+01,-1.8433917739e-01,9.8286269014e-01
1.0615409717e-04,1.6093297311e-04,3.2467504930e+00,-2.2612273602e+00,-1.7867891399e+01,1.8701060210e+01,3.4864916932e+00,-1.8107632599e+01,3.4829614586e+00,1.8107632677e+01,1.0000000000e+00,2.6013668696e+01,2.5535105211e+01,4.9668260381e+00,1.9290948739e+01,-1.9093139442e-01,9.8160338356e-01
1.0238539622e-04,1.6005445445e-04,3.5981821768e+00,-1.9896326027e+00,-1.7871559932e+01,1.8905513557e+01,3.7784144634e+00,-1.8051792219e+01,3.7866591623e+00,1.8051791112e+01,1.0000000000e+00,2.6177183164e+01,2.5646259317e+01,5.2454076537e+00,1.9365367616e+01,-2.0038090503e-01,9.7971806807e-01
9.8618191064e-05,1.5913208922e-04,4.2366720998e+00,-1.6634682380e+00,-1.7956010573e+01,1.9423098949e+01,4.3542621701e+00,-1.8073600643e+01,4.3451139190e+00,1.8073606912e+01,1.0000000000e+00,2.6346973958e+01,2.5743337063e+01,5.6074623124e+00,1.9452402952e+01,-2.1283136050e-01,9.7708894784e-01
9.4853938511e-05,1.5815043419e-04,5.1816309760e+00,-1.1827503777e+00,-1.7954772944e+01,2.0121435720e+01,5.2305453451e+00,-1.8003687313e+01,5.2160073908e+00,1.8003658406e+01,1.0000000000e+00,2.6513136896e+01,2.5812090925e+01,6.0565988935e+00,1.9558135202e+01,-2.2843765780e-01,9.7355854292e-01
9.1093961962e-05,1.5709105021e-04,6.3812942457e+00,-5.9342530186e-01,-1.7944562367e+01,2.1059929921e+01,6.3773221482e+00,-1.7940590269e+01,6.3692009353e+00,1.7940691502e+01,1.0000000000e+00,2.6644556158e+01,2.5814047285e+01,6.6005557088e+00,1.9679693587e+01,-2.4772623982e-01,9.6883007287e-01
8.7343437736e-05,1.5593237700e-04,7.8187374441e+00,1.7323018702e-01,-1.7888867233e+01,2.2208697945e+01,7.7871328426e+00,-1.7857262631e+01,7.7303236064e+00,1.7857415277e+01,1.0000000000e+00,2.6724113696e+01,2.5721324576e+01,7.2520145416e+00,1.9818597753e+01,-2.7136595151e-01,9.6247624405e-01
8.3611639902e-05,1.5464720233e-04,9.4713702768e+00,1.1763332660e+00,-1.7789672521e+01,2.3588653472e+01,9.4597643097e+00,-1.7778066554e+01,9.5698598834e+00,1.7774576063e+01,1.0000000000e+00,2.6727802760e+01,2.5494669555e+01,8.0247906326e+00,1.9983579939e+01,-3.0024131443e-01,9.5386327800e-01
7.9916055758e-05,1.5319896879e-04,1.1458323135e+01,2.4894052068e+00,-1.7427295186e+01,2.5302334775e+01,1.1623823768e+01,-1.7592795819e+01,1.1747280105e+01,1.7613900307e+01,1.0000000000e+00,2.6539072812e+01,2.4989935636e+01,8.9345118868e+00,2.0176748807e+01,-3.3665501240e-01,9.4162805960e-01
7.6287400457e-05,1.5153560466e-04,1.2472739701e+01,4.2630237995e+00,-1.7596726908e+01,2.6299357191e+01,1.2621947350e+01,-1.7745934557e+01,1.3848550832e+01,1.7682792853e+01,1.0000000000e+00,2.6093888277e+01,2.4124086159e+01,9.9458268844e+00,2.0420484943e+01,-3.8115541765e-01,9.2451097754e-01
7.2782908205e-05,1.4956318952e-04,1.9149153447e+01,6.9039378177e+00,-1.6310947660e+01,3.5046648325e+01,2.1653294738e+01,-1.8815088951e+01,1.8597821343e+01,1.8569481957e+01,1.0000000000e+00,2.5105423565e+01,2.2454701601e+01,1.1228030477e+01,2.0677233475e+01,-4.4723525369e-01,8.9441636158e-01
6.9645309884e-05,1.4702677100e-04,1.5352223241e+01,1.0916446848e+01,-6.9798688808e+00,1.5763733236e+01,1.3287372807e+01,-4.9150184471e+00,1.3768731078e+01,9.1928665881e+00,1.0000000000e+00,2.2614663033e+01,1.9321609021e+01,1.1751527941e+01,2.1166965391e+01,-5.1964196522e-01,8.5438412203e-01
6.8014245939e-05,1.4431451956e-04,5.9247147419e+00,-2.8904520630e+01,-4.1663389795e+01,6.1495949951e+01,1.7635365732e+01,-5.3374040785e+01,1.6976592852e+01,5.1743206571e+01,1.0000000000e+00,1.5628344061e+01,1.0236041623e+01,1.1809682045e+01,2.1684624539e+01,-7.5565792500e-01,6.5496648798e-01
6.6769287420e-05,1.4285739223e-04,-5.7578788232e+01,-3.8910587083e+01,-1.0395081348e+02,7.6060157030e+01,-3.6851448718e+01,-1.2467815299e+02,-5.8869982877e+00,1.2469026872e+02,1.0000000000e+00,7.7137117062e+00,4.7980440583e+00,6.0398776064e+00,2.1443626718e+01,-7.8300535936e-01,6.2201495739e-01
6.3186402276e-05,1.4088144592e-04,-6.8179778896e+01,-3.2982996775e+01,-5.2531112524e+01,5.7759196615e+01,-2.7008157996e+01,-9.3702733424e+01,-1.0469973681e-01,9.3696188134e+01,1.0000000000e+00,4.9460917265e+00,4.4226825605e+00,2.2144304767e+00,2.0795533644e+01,-4.4771318429e-01,8.9417722215e-01
6.1221433688e-05,1.4007699225e-04,-6.9368877488e+01,-2.8948263612e+01,-4.6990653511e+01,5.3667481563e+01,-2.7194830573e+01,-8.9164700427e+01,-5.5221432147e-03,8.9165283832e+01,1.0000000000e+00,4.9460917265e+00,4.4226825605e+00,2.2144304767e+00,2.0795533644e+01,-4.4771318429e-01,8.9417722215e-01
5.9194375209e-05,1.3935763932e-04,-6.9678924517e+01,-2.5778999560e+01,-4.3801346282e+01,4.9716432499e+01,-2.8036339713e+01,-8.5443931085e+01,4.9376641503e-03,8.5444109879e+01,1.0000000000e+00,6.6461713264e+00,6.2361215134e+00,2.2983432664e+00,2.0439233943e+01,-3.4581462823e-01,9.3830285244e-01
5.7121994780e-05,1.3870836849e-04,-6.9695578063e+01,-2.3240146654e+01,-4.1631067288e+01,4.6855262065e+01,-2.8611424509e+01,-8.2715220842e+01,-8.7418813204e-04,8.2715126292e+01,1.0000000000e+00,6.6461713264e+00,6.2361215134e+00,2.2983432664e+00,2.0439233943e+01,-3.4581462823e-01,9.3830285244e-01
5.5014780642e-05,1.3811861856e-04,-6.9383895994e+01,-2.1028283020e+01,-3.9968291034e+01,4.4287766597e+01,-2.9106539548e+01,-8.0245647481e+01,-5.6498804537e-05,8.0245670238e+01,1.0000000000e+00,7.8290600393e+00,7.5179996356e+00,2.1849170644e+00,2.0263272993e+01,-2.7907782715e-01,9.6026848662e-01
5.2878617482e-05,1.3757970634e-04,-6.8959474329e+01,-1.9083061058e+01,-3.8663832417e+01,4.2046301995e+01,-2.9536209597e+01,-7.8087097148e+01,1.1100589424e-04,7.8087092576e+01,1.0000000000e+00,7.8290600393e+00,7.5179996356e+00,2.1849170644e+00,2.0263272993e+01,-2.7907782715e-01,9.6026848662e-01
5.0718228753e-05,1.3708508670e-04,-6.8358853397e+01,-1.7192093503e+01,-3.7510322929e+01,3.9927384906e+01,-2.9882501739e+01,-7.5986674587e+01,-3.2174865487e-05,7.5986675304e+01,1.0000000000e+00,8.8566286704e+00,8.6128706119e+00,2.0635724429e+00,2.0129996712e+01,-2.3299751177e-01,9.7247733110e-01
4.8535646535e-05,1.3662893488e-04,-6.7478305743e+01,-1.5495546459e+01,-3.6582994370e+01,3.7831958241e+01,-3.0188358782e+01,-7.3872941331e+01,2.5533401344e-06,7.3872941278e+01,1.0000000000e+00,8.8566286704e+00,8.6128706119e+00,2.0635724429e+00,2.0129996712e+01,-2.3299751177e-01,9.7247733110e-01
4.6332691818e-05,1.3620615710e-04,-6.6353631520e+01,-1.4002101441e+01,-3.5872339527e+01,3.5737558131e+01,-3.0479896716e+01,-7.1746074331e+01,-1.1105241217e-06,7.1746074319e+01,1.0000000000e+00,9.7118699212e+00,9.5176695745e+00,1.9324552351e+00,2.0042427854e+01,-1.9897869832e-01,9.8000381510e-01
4.4110719817e-05,1.3581265482e-04,-6.5117379325e+01,-1.2621095687e+01,-3.5275759211e+01,3.3746116235e+01,-3.0713239976e+01,-6.9679898561e+01,4.3085348886e-07,6.9679898568e+01,1.0000000000e+00,1.0482433978e+01,1.0324814060e+01,1.8109767358e+00,1.9977832794e+01,-1.7276299947e-01,9.8496342369e-01
4.1871009985e-05,1.3544522340e-04,-6.3745943212e+01,-1.1345814765e+01,-3.4770820495e+01,3.1808011119e+01,-3.0894018072e+01,-6.7622745636e+01,-1.6290390120e-07,6.7622745634e+01,1.0000000000e+00,1.0482433978e+01,1.0324814060e+01,1.8109767358e+00,1.9977832794e+01,-1.7276299947e-01,9.8496342369e-01
3.9614334665e-05,1.3510079106e-04,-6.2306282937e+01,-1.0219179293e+01,-3.4356090807e+01,2.9930410276e+01,-3.1050856442e+01,-6.5611517302e+01,2.8053418559e-08,6.5611517302e+01,1.0000000000e+00,1.1176718926e+01,1.1046573822e+01,1.7006624391e+00,1.9932265296e+01,-1.5216115305e-01,9.8835569685e-01
3.7341398832e-05,1.3477669497e-04,-6.0766722703e+01,-9.2019790351e+00,-3.4025303128e+01,2.8055493003e+01,-3.1198166477e+01,-6.3593859353e+01,1.0855622241e-08,6.3593859353e+01,1.0000000000e+00,1.1176718926e+01,1.1046573822e+01,1.7006624391e+00,1.9932265296e+01,-1.5216115305e-01,9.8835569685e-01
3.5052656598e-05,1.3447056390e-04,-5.9145934633e+01,-8.2954005026e+00,-3.3756954365e+01,2.6192310779e+01,-3.1329306820e+01,-6.1573582178e+01,7.1526740688e-09,6.1573582178e+01,1.0000000000e+00,1.1798711267e+01,1.1689359774e+01,1.6026402034e+00,1.9902556240e+01,-1.3583180122e-01,9.9073191216e-01
3.2748411583e-05,1.3418027791e-04,-5.7439921292e+01,-7.4779289039e+00,-3.3536608579e+01,2.4342339876e+01,-3.1434208455e+01,-5.9542321416e+01,-1.4423594802e-09,5.9542321416e+01,1.0000000000e+00,1.1798711267e+01,1.1689359774e+01,1.6026402034e+00,1.9902556240e+01,-1.3583180122e-01,9.9073191216e-01
3.0428799997e-05,1.3390381756e-04,-5.5643773649e+01,-6.7597356248e+00,-3.3366387163e+01,2.2493754694e+01,-3.1518305078e+01,-5.7491855734e+01,-4.2682952334e-09,5.7491855734e+01,1.0000000000e+00,1.2373939198e+01,1.2280185651e+01,1.5203327434e+00,1.9883865320e+01,-1.2286570340e-01,9.9242330632e-01
2.8093687258e-05,1.3363919000e-04,-5.3744292308e+01,-6.1510286477e+00,-3.3251500729e+01,2.0624594189e+01,-3.1590281512e+01,-5.5405511526e+01,-2.5788754452e-09,5.5405511526e+01,1.0000000000e+00,1.2898876865e+01,1.2816551451e+01,1.4550028432e+00,1.9877080189e+01,-1.1280073905e-01,9.9361762931e-01
2.5742804328e-05,1.3338435660e-04,-5.1705330891e+01,-5.7044683233e+00,-3.3215560753e+01,1.8742335257e+01,-3.1639553516e+01,-5.3281338128e+01,-1.5263034705e-09,5.3281338128e+01,1.0000000000e+00,1.2898876865e+01,1.2816551451e+01,1.4550028432e+00,1.9877080189e+01,-1.1280073905e-01,9.9361762931e-01
2.3375174158e-05,1.3313697532e-04,-4.9426013513e+01,-5.5079320958e+00,-3.3193880859e+01,1.6930756217e+01,-3.1534970527e+01,-5.1084923846e+01,6.7509187731e-10,5.1084923846e+01,1.0000000000e+00,1.3369008982e+01,1.3294301754e+01,1.4113617658e+00,1.9881285467e+01,-1.0556966247e-01,9.9441190981e-01
2.0990963958e-05,1.3289185326e-04,-4.7548930160e+01,-5.8476754024e+00,-3.3763694542e+01,1.5642741557e+01,-3.1624971302e+01,-4.9687653400e+01,4.3143236281e-09,4.9687653400e+01,1.0000000000e+00,1.3369008982e+01,1.3294301754e+01,1.4113617658e+00,1.9881285467e+01,-1.0556966247e-01,9.9441190981e-01
1.8597742899e-05,1.3265201283e-04,-4.7963108768e+01,-6.6993152222e+00,-3.4844091683e+01,1.6236180906e+01,-3.2029636809e+01,-5.0777563642e+01,8.0546339882e-09,5.0777563642e+01,1.0000000000e+00,1.3731325033e+01,1.3659557707e+01,1.4020593510e+00,1.9891324327e+01,-1.0210663193e-01,9.9477345950e-01
1.6211166358e-05,1.3242982332e-04,-4.9404425068e+01,-6.9330194734e+00,-3.5065574454e+01,1.7259909894e+01,-3.2269986138e+01,-5.2200013384e+01,1.4934830614e-08,5.2200013384e+01,1.0000000000e+00,1.4045286338e+01,1.3985130017e+01,1.2985402238e+00,1.9893506805e+01,-9.2453809242e-02,9.9571697442e-01
1.3828019688e-05,1.3222633150e-04,-4.9428632334e+01,-6.2808294498e+00,-3.4312358505e+01,1.6974375904e+01,-3.2070334922e+01,-5.1670655917e+01,5.2598822687e-09,5.1670655917e+01,1.0000000000e+00,1.4045286338e+01,1.3985130017e+01,1.2985402238e+00,1.9893506805e+01,-9.2453809242e-02,9.9571697442e-01
1.1440130140e-05,1.3203347352e-04,-4.8491179399e+01,-5.4361445912e+00,-3.3777252691e+01,1.5799933875e+01,-3.2012119969e+01,-5.0256312121e+01,-7.0833339962e-09,5.0256312121e+01,1.0000000000e+00,1.4422032341e+01,1.4373124233e+01,1.1867251711e+00,1.9895689150e+01,-8.2285571344e-02,9.9660879223e-01
9.0446576561e-06,1.3184740307e-04,-4.7459863635e+01,-4.8243892337e+00,-3.3434268502e+01,1.4688313003e+01,-3.1966764602e+01,-4.8927367534e+01,-3.1658593480e-09,4.8927367534e+01,1.0000000000e+00,1.4422032341e+01,1.4373124233e+01,1.1867251711e+00,1.9895689150e+01,-8.2285571344e-02,9.9660879223e-01
6.6413864338e-06,1.3166640379e-04,-4.6346849046e+01,-4.2509937635e+00,-3.3161199197e+01,1.3539966107e+01,-3.1936721045e+01,-4.7571327198e+01,1.1465796573e-09,4.7571327198e+01,1.0000000000e+00,1.4834859838e+01,1.4790298897e+01,1.1489669118e+00,1.9908701513e+01,-7.7450473028e-02,9.9699620071e-01
4.2300410734e-06,1.3148934939e-04,-4.5215964981e+01,-3.7418887566e+00,-3.2935579583e+01,1.2395502840e+01,-3.1919225381e+01,-4.6232319184e+01,1.6524023462e-09,4.6232319184e+01,1.0000000000e+00,1.5220715182e+01,1.5178611557e+01,1.1313363160e+00,1.9929239208e+01,-7.4328722564e-02,9.9723379455e-01
1.8105061141e-06,1.3131529801e-04,-4.4062076027e+01,-3.2688910518e+00,-3.2744117071e+01,1.1247063497e+01,-3.1909601411e+01,-4.4896591687e+01,9.1052041273e-09,4.4896591687e+01,1.0000000000e+00,1.5220715182e+01,1.5178611557e+01,1.1313363160e+00,1.9929239208e+01,-7.4328722564e-02,9.9723379455e-01
-6.1724768314e-07,1.3114343832e-04,-4.2908172950e+01,-2.8254582741e+00,-3.2580913070e+01,1.0143844942e+01,-3.1887991402e+01,-4.3601094618e+01,1.0483811384e-08,4.3601094618e+01,1.0000000000e+00,1.5571088921e+01,1.5530381914e+01,1.1251878863e+00,1.9954181229e+01,-7.2261348708e-02,9.9738573154e-01
-3.0531834398e-06,1.3097306765e-04,-4.1749449388e+01,-2.4115594295e+00,-3.2437192430e+01,9.0363065519e+00,-3.1876206889e+01,-4.2310434929e+01,8.3102324051e-09,4.2310434929e+01,1.0000000000e+00,1.5571088921e+01,1.5530381914e+01,1.1251878863e+00,1.9954181229e+01,-7.2261348708e-02,9.9738573154e-01
-5.4972271436e-06,1.3080354126e-04,-4.0603952175e+01,-2.0272795591e+00,-3.2314306261e+01,7.9308794536e+00,-3.1880233831e+01,-4.1038024606e+01,2.3556122748e-08,4.1038024606e+01,1.0000000000e+00,1.5895529179e+01,1.5855400455e+01,1.1287711481e+00,1.9982471803e+01,-7.1011863487e-02,9.9747547100e-01
-7.9493274414e-06,1.3063429516e-04,-3.9466022356e+01,-1.6620129367e+00,-3.2205355443e+01,6.8783215370e+00,-3.1864488108e+01,-3.9806889690e+01,1.4362613619e-08,3.9806889690e+01,1.0000000000e+00,1.6195404122e+01,1.6155170706e+01,1.1408655248e+00,2.0013568272e+01,-7.0443782462e-02,9.9751575101e-01
-1.0409381119e-05,1.3046480624e-04,-3.8345390883e+01,-1.3286337944e+00,-3.2103620269e+01,5.8089616493e+00,-3.1870700004e+01,-3.8578311148e+01,7.2070189013e-09,3.8578311148e+01,1.0000000000e+00,1.6195404122e+01,1.6155170706e+01,1.1408655248e+00,2.0013568272e+01,-7.0443782462e-02,9.9751575101e-01
-1.2877078340e-05,1.3029460123e-04,-3.7264270570e+01,-1.0064996502e+00,-3.2011019144e+01,4.7655432247e+00,-3.1886257193e+01,-3.7389032521e+01,1.1116555800e-08,3.7389032521e+01,1.0000000000e+00,1.6474041174e+01,1.6433125728e+01,1.1603496953e+00,2.0047170003e+01,-7.0435036735e-02,9.9751636859e-01
-1.5352225268e-05,1.3012321823e-04,-3.6203597101e+01,-6.8783239235e-01,-3.1921498687e+01,3.7591321866e+00,-3.1892211914e+01,-3.6232883874e+01,-3.6660382411e-10,3.6232883874e+01,1.0000000000e+00,1.6732786746e+01,1.6690642167e+01,1.1868514481e+00,2.0083038306e+01,-7.0929694264e-02,9.9748131735e-01
-1.7834711508e-05,1.2995019480e-04,-3.5150238289e+01,-3.7502305940e-01,-3.1837790431e+01,2.7062640323e+00,-3.1931552092e+01,-3.5056476627e+01,-1.2657019894e-08,3.5056476627e+01,1.0000000000e+00,1.6732786746e+01,1.6690642167e+01,1.1868514481e+00,2.0083038306e+01,-7.0929694264e-02,9.9748131735e-01
-2.0324478089e-05,1.2977508092e-04,-3.4107522748e+01,-7.1701791537e-02,-3.1761873322e+01,1.6168122008e+00,-3.2001231075e+01,-3.3868164994e+01,-2.9127383677e-08,3.3868164994e+01,1.0000000000e+00,1.6973689486e+01,1.6929767141e+01,1.2202947572e+00,2.0120567460e+01,-7.1893312190e-02,9.9741232781e-01
-2.2821430157e-05,1.2959747880e-04,-3.3081095512e+01,2.2027119450e-01,-3.1692437815e+01,3.5176860461e-01,-3.2183672965e+01,-3.2589860362e+01,-4.5445896720e-08,3.2589860362e+01,1.0000000000e+00,1.6973689486e+01,1.6929767141e+01,1.2202947572e+00,2.0120567460e+01,-7.1893312190e-02,9.9741232781e-01
-2.5325418803e-05,1.2941701754e-04,-3.2074644313e+01,5.0308567689e-01,-3.1627545940e+01,3.0646045643e-01,-3.1674160100e+01,-3.2028030154e+01,-5.7290118800e-08,3.2028030154e+01,1.0000000000e+00,1.7198142492e+01,1.7151935541e+01,1.2598461698e+00,2.0160021060e+01,-7.3254781465e-02,9.9731325921e-01
-2.7836307071e-05,1.2923335352e-04,-3.1087109732e+01,7.7809319827e-01,-3.1566606106e+01,1.1164469768e+00,-3.0682276957e+01,-3.1971438882e+01,-6.0725875694e-08,3.1971438882e+01,1.0000000000e+00,1.7404137107e+01,1.7355173666e+01,1.3045824964e+00,2.0200857373e+01,-7.4958183126e-02,9.9718667800e-01
-3.0353938731e-05,1.2904615519e-04,-3.0121130184e+01,1.0456690844e+00,-3.1509175713e+01,2.0062502530e+00,-2.9656843825e+01,-3.1973462072e+01,-5.6979736831e-08,3.1973462072e+01,1.0000000000e+00,1.7404137107e+01,1.7355173666e+01,1.3045824964e+00,2.0200857373e+01,-7.4958183126e-02,9.9718667800e-01
-3.2878156875e-05,1.2885510675e-04,-2.9176460812e+01,1.3078625730e+00,-3.1454448924e+01,2.8918868929e+00,-2.8645823192e+01,-3.1985086544e+01,-4.6233002636e-08,3.1985086544e+01,1.0000000000e+00,1.7595706334e+01,1.7543500368e+01,1.3544283771e+00,2.0243052111e+01,-7.6974936464e-02,9.9703302812e-01
-3.5408807514e-05,1.2865990735e-04,-2.8252867400e+01,1.5643145289e+00,-3.1401636707e+01,3.7606393103e+00,-2.7656045935e+01,-3.1998458172e+01,-2.5183113085e-08,3.1998458172e+01,1.0000000000e+00,1.7772968493e+01,1.7717034458e+01,1.4089354394e+00,2.0286502204e+01,-7.9274063863e-02,9.9685285915e-01
-3.7945721996e-05,1.2846026720e-04,-2.7350233421e+01,1.8172102149e+00,-3.1351089930e+01,4.6217916570e+00,-2.6682269018e+01,-3.2019054333e+01,1.2413084426e-08,3.2019054333e+01,1.0000000000e+00,1.7772968493e+01,1.7717034458e+01,1.4089354394e+00,2.0286502204e+01,-7.9274063863e-02,9.9685285915e-01
-4.0488758579e-05,1.2825591709e-04,-2.6469181755e+01,2.0649235776e+00,-3.1302453246e+01,5.4613809614e+00,-2.5732687733e+01,-3.2038947269e+01,6.4352606080e-08,3.2038947269e+01,1.0000000000e+00,1.7935884408e+01,1.7875740702e+01,1.4675979893e+00,2.0330466417e+01,-8.1824679280e-02,9.9664673875e-01
-4.3037734244e-05,1.2804660165e-04,-2.5612399460e+01,2.3103699249e+00,-3.1254321565e+01,6.2736792891e+00,-2.4811250086e+01,-3.2055470939e+01,1.2989518322e-07,3.2055470939e+01,1.0000000000e+00,1.8087241393e+01,1.8022395734e+01,1.5302134548e+00,2.0375862260e+01,-8.4601815252e-02,9.9641483974e-01
-4.5592495951e-05,1.2783207147e-04,-2.4775329811e+01,2.5521842187e+00,-3.1207493240e+01,7.0772681278e+00,-2.3905348867e+01,-3.2077474184e+01,1.8380047033e-07,3.2077474184e+01,1.0000000000e+00,1.8087241393e+01,1.8022395734e+01,1.5302134548e+00,2.0375862260e+01,-8.4601815252e-02,9.9641483974e-01
-4.8152875507e-05,1.2761208688e-04,-2.3960036456e+01,2.7917666486e+00,-3.1161131475e+01,7.8629492232e+00,-2.3020908115e+01,-3.2100259816e+01,2.1336472219e-07,3.2100259816e+01,1.0000000000e+00,1.8224727809e+01,1.8154683473e+01,1.5962993820e+00,2.0421755371e+01,-8.7589751610e-02,9.9615663197e-01
-5.0718712570e-05,1.2738641402e-04,-2.3166793056e+01,3.0289012020e+00,-3.1115757906e+01,8.6307416696e+00,-2.2158314455e+01,-3.2124236508e+01,2.0598305199e-07,3.2124236508e+01,1.0000000000e+00,1.8224727809e+01,1.8154683473e+01,1.5962993820e+00,2.0421755371e+01,-8.7589751610e-02,9.9615663197e-01
-5.3289838431e-05,1.2715483988e-04,-2.2395519976e+01,3.2643726484e+00,-3.1070089299e+01,9.3791400384e+00,-2.1317755612e+01,-3.2147853664e+01,1.5944336856e-07,3.2147853664e+01,1.0000000000e+00,1.8350223284e+01,1.8274473041e+01,1.6656319104e+00,2.0468256730e+01,-9.0769026871e-02,9.9587197157e-01
-5.5866089200e-05,1.2691715318e-04,-2.1645640395e+01,3.4985949947e+00,-3.1025003979e+01,1.0114514044e+01,-2.0495704781e+01,-3.2174939593e+01,1.5923637724e-07,3.2174939593e+01,1.0000000000e+00,1.8464636308e+01,1.8382670769e+01,1.7378749610e+00,2.0515977831e+01,-9.4119100536e-02,9.9556094485e-01
-5.8447303866e-05,1.2667315695e-04,-2.0917845142e+01,3.7309444170e+00,-3.0979705745e+01,1.0830767508e+01,-1.9695628907e+01,-3.2201921980e+01,-3.3739931763e-07,3.2201921980e+01,1.0000000000e+00,1.8464636308e+01,1.8382670769e+01,1.7378749610e+00,2.0515977831e+01,-9.4119100536e-02,9.9556094485e-01
-6.1033315875e-05,1.2642265531e-04,-2.0213046973e+01,3.9616109841e+00,-3.0934357120e+01,1.1523864004e+01,-1.8920396062e+01,-3.2227008032e+01,4.0120468828e-07,3.2227008032e+01,1.0000000000e+00,1.8567503818e+01,1.8478796961e+01,1.8128047070e+00,2.0563744022e+01,-9.7633194250e-02,9.9522246728e-01
-6.3623932024e-05,1.2616546496e-04,-1.9528262221e+01,4.1946824694e+00,-3.0887948635e+01,1.2210272132e+01,-1.8158501526e+01,-3.2257709330e+01,2.0532964415e-06,3.2257709330e+01,1.0000000000e+00,1.8661440441e+01,1.8565455157e+01,1.8903000136e+00,2.0611681362e+01,-1.0129443221e-01,9.9485649116e-01
-6.6219033601e-05,1.2590139589e-04,-1.8862776685e+01,4.4250238488e+00,-3.0841979259e+01,1.2886282902e+01,-1.7412479070e+01,-3.2292276874e+01,2.4482810437e-06,3.2292276874e+01,1.0000000000e+00,1.8661440441e+01,1.8565455157e+01,1.8903000136e+00,2.0611681362e+01,-1.0129443221e-01,9.9485649116e-01
-6.8818430111e-05,1.2563029008e-04,-1.8220329205e+01,4.6547371092e+00,-3.0794975835e+01,1.3537867652e+01,-1.6691560987e+01,-3.2323744053e+01,2.5533400290e-06,3.2323744053e+01,1.0000000000e+00,1.8745513719e+01,1.8641708326e+01,1.9700241754e+00,2.0660747102e+01,-1.0509310147e-01,9.9446238743e-01
-7.1421961317e-05,1.2535198501e-04,-1.7598971362e+01,4.8854826824e+00,-3.0746775252e+01,1.4175628582e+01,-1.5988570329e+01,-3.2357176284e+01,2.2048914921e-06,3.2357176284e+01,1.0000000000e+00,1.8819247353e+01,1.8707083717e+01,2.0516066248e+00,2.0709882100e+01,-1.0901640147e-01,9.9403995101e-01
-7.4029463669e-05,1.2506631438e-04,-1.6998480854e+01,5.1159045279e+00,-3.0697871565e+01,1.4798625936e+01,-1.5304185541e+01,-3.2392166877e+01,1.6468119731e-06,3.2392166877e+01,1.0000000000e+00,1.8819247353e+01,1.8707083717e+01,2.0516066248e+00,2.0709882100e+01,-1.0901640147e-01,9.9403995101e-01
-7.6640773024e-05,1.2477312248e-04,-1.6417259053e+01,5.3465916434e+00,-3.0647879928e+01,1.5409074980e+01,-1.4636135903e+01,-3.2429003079e+01,-7.0912362231e-07,3.2429003079e+01,1.0000000000e+00,1.8884658571e+01,1.8763571871e+01,2.1351112285e+00,2.0758887874e+01,-1.1306062117e-01,9.9358809169e-01
-7.9255749123e-05,1.2447225978e-04,-1.5859336240e+01,5.5757485151e+00,-3.0596862639e+01,1.5995436155e+01,-1.3993130070e+01,-3.2463068809e+01,1.2868038673e-06,3.2463068809e+01,1.0000000000e+00,1.8941960642e+01,1.8811385935e+01,2.2202774993e+00,2.0808601494e+01,-1.1721476679e-01,9.9310658967e-01
-8.1874176222e-05,1.2416359524e-04,-1.5321989062e+01,5.8081385935e+00,-3.0543413276e+01,1.6571011917e+01,-1.3365422978e+01,-3.2499979360e+01,1.0404270799e-05,3.2499979360e+01,1.0000000000e+00,1.8941960642e+01,1.8811385935e+01,2.2202774993e+00,2.0808601494e+01,-1.1721476679e-01,9.9310658967e-01
-8.4495945222e-05,1.2384697977e-04,-1.4800772923e+01,6.0386129220e+00,-3.0489667560e+01,1.7139326433e+01,-1.2749825512e+01,-3.2540614971e+01,1.8936094074e-05,3.2540614971e+01,1.0000000000e+00,1.8990862251e+01,1.8850228073e+01,2.3068919901e+00,2.0858386428e+01,-1.2147378880e-01,9.9259463964e-01
-8.7120877273e-05,1.2352228441e-04,-1.4301329822e+01,6.2701306794e+00,-3.0434178436e+01,1.7689285252e+01,-1.2154840527e+01,-3.2580667730e+01,2.8505463245e-05,3.2580667730e+01,1.0000000000e+00,1.9031918007e+01,1.8880649796e+01,2.3947789621e+00,2.0908294321e+01,-1.2582961745e-01,9.9205186728e-01
-8.9748813086e-05,1.2318937437e-04,-1.3821603778e+01,6.5019223340e+00,-3.0377112209e+01,1.8225667300e+01,-1.1576764071e+01,-3.2621951915e+01,2.8275075885e-05,3.2621951915e+01,1.0000000000e+00,1.9031918007e+01,1.8880649796e+01,2.3947789621e+00,2.0908294321e+01,-1.2582961745e-01,9.9205186728e-01
-9.2379596189e-05,1.2284812421e-04,-1.3361589129e+01,6.7338940231e+00,-3.0317944806e+01,1.8747100663e+01,-1.1016123353e+01,-3.2663410582e+01,5.3352520222e-05,3.2663410582e+01,1.0000000000e+00,1.9065494081e+01,1.8903001453e+01,2.4838680699e+00,2.0958421838e+01,-1.3028081304e-01,9.9147713526e-01
-9.5013067761e-05,1.2249841207e-04,-1.2921523484e+01,6.9669074589e+00,-3.0257015135e+01,1.9254859199e+01,-1.0472471168e+01,-3.2706067451e+01,-2.8400527100e-05,3.2706067451e+01,1.0000000000e+00,1.9092053721e+01,1.8917750104e+01,2.5739553730e+00,2.1008500019e+01,-1.3481815056e-01,9.9087035796e-01
-9.7649060303e-05,1.2214012428e-04,-1.2498433991e+01,7.2017385679e+00,-3.0194518833e+01,1.9754996443e+01,-9.9409238976e+00,-3.2752028926e+01,-6.7576345447e-05,3.2752028926e+01,1.0000000000e+00,1.9092053721e+01,1.8917750104e+01,2.5739553730e+00,2.1008500019e+01,-1.3481815056e-01,9.9087035796e-01
-1.0028745015e-04,1.2177314276e-04,-1.2095522949e+01,7.4332409136e+00,-3.0129921824e+01,2.0237328623e+01,-9.4286952584e+00,-3.2796749515e+01,-6.9421517393e-05,3.2796749515e+01,1.0000000000e+00,1.9111733877e+01,1.8925023048e+01,2.6649342243e+00,2.1058602087e+01,-1.3943968880e-01,9.9023056567e-01
-1.0292803475e-04,1.2139735857e-04,-1.1710661590e+01,7.6698630579e+00,-3.0062769283e+01,2.0710416277e+01,-8.9295510238e+00,-3.2843879849e+01,-9.2159427997e-05,3.2843879849e+01,1.0000000000e+00,1.9124772324e+01,1.8925050634e+01,2.7566963865e+00,2.1108970446e+01,-1.4414270349e-01,9.8955691147e-01
-1.0557071216e-04,1.2101265277e-04,-1.1344870415e+01,7.9030024385e+00,-2.9994088436e+01,2.1168080011e+01,-8.4480827329e+00,-3.2890876118e+01,2.7795406302e-05,3.2890876118e+01,1.0000000000e+00,1.9124772324e+01,1.8925050634e+01,2.7566963865e+00,2.1108970446e+01,-1.4414270349e-01,9.8955691147e-01
-1.0821527723e-04,1.2061892979e-04,-1.0998439843e+01,8.1400132059e+00,-2.9921713443e+01,2.1613635573e+01,-7.9814383269e+00,-3.2938714959e+01,2.6604162186e-05,3.2938714959e+01,1.0000000000e+00,1.9131653394e+01,1.8918313528e+01,2.8491358044e+00,2.1159209525e+01,-1.4892261248e-01,9.8884885371e-01
-1.1086161434e-04,1.2021608131e-04,-1.0667822750e+01,8.3755521086e+00,-2.9847822457e+01,2.2050184694e+01,-7.5271425342e+00,-3.2988502672e+01,-5.1614057653e-05,3.2988502672e+01,1.0000000000e+00,1.9132293866e+01,1.8904728688e+01,2.9420913982e+00,2.1209335587e+01,-1.5377619740e-01,9.8810570341e-01
-1.1350956046e-04,1.1980400886e-04,-1.0357056008e+01,8.6116685599e+00,-2.9771469668e+01,2.2472271106e+01,-7.0898910656e+00,-3.3038634610e+01,-1.2549826105e-04,3.3038634610e+01,1.0000000000e+00,1.9132293866e+01,1.8904728688e+01,2.9420913982e+00,2.1209335587e+01,-1.5377619740e-01,9.8810570341e-01
-1.1615895626e-04,1.1938261391e-04,-1.0063515346e+01,8.8494676417e+00,-2.9692135504e+01,2.2884638057e+01,-6.6653734827e+00,-3.3090277368e+01,-3.9724191902e-05,3.3090277368e+01,1.0000000000e+00,1.9126952832e+01,1.8884545829e+01,3.0354988796e+00,2.1259681584e+01,-1.5870269072e-01,9.8732641814e-01
-1.1880966080e-04,1.1895179447e-04,-9.7871136927e+00,9.0868679253e+00,-2.9610446912e+01,2.3286568889e+01,-6.2542734856e+00,-3.3143287119e+01,2.2205648978e-04,3.3143287119e+01,1.0000000000e+00,1.9116063749e+01,1.8858189636e+01,3.1293093389e+00,2.1309837767e+01,-1.6370050759e-01,9.8651008298e-01
-1.2146151686e-04,1.1851145840e-04,-9.5274458119e+00,9.3251199056e+00,-2.9525677935e+01,2.3678194474e+01,-5.8559499200e+00,-3.3197173827e+01,2.3098172358e-04,3.3197173827e+01,1.0000000000e+00,1.9116063749e+01,1.8858189636e+01,3.1293093389e+00,2.1309837767e+01,-1.6370050759e-01,9.8651008298e-01
-1.2411438320e-04,1.1806151440e-04,-9.2849505339e+00,9.5635349876e+00,-2.9438117103e+01,2.4059265585e+01,-5.4709103565e+00,-3.3252157281e+01,-3.1106918627e-04,3.3252157281e+01,1.0000000000e+00,1.9099570539e+01,1.8825615643e+01,3.2233197884e+00,2.1359819104e+01,-1.6876399298e-01,9.8565648919e-01
-1.2676810859e-04,1.1760187426e-04,-9.0597040271e+00,9.8021719806e+00,-2.9348057155e+01,2.4429877008e+01,-5.0992845244e+00,-3.3308476658e+01,-6.1277863370e-04,3.3308476658e+01,1.0000000000e+00,1.9077739389e+01,1.8787077793e+01,3.3175063221e+00,2.1409967828e+01,-1.7389410005e-01,9.8476435860e-01
-1.2942254431e-04,1.1713245407e-04,-8.8520621013e+00,1.0040729794e+01,-2.9254049572e+01,2.4788806524e+01,-4.7412317168e+00,-3.3364879957e+01,2.6085279137e-03,3.3364879956e+01,1.0000000000e+00,1.9077739389e+01,1.8787077793e+01,3.3175063221e+00,2.1409967828e+01,-1.7389410005e-01,9.8476435860e-01
-1.3207752847e-04,1.1665315240e-04,-8.6587568635e+00,1.0281421750e+01,-2.9157071782e+01,2.5142207235e+01,-4.3920542079e+00,-3.3423774438e+01,8.2589555059e-03,3.3423774438e+01,1.0000000000e+00,1.9050834309e+01,1.8742820613e+01,3.4118856023e+00,2.1459922940e+01,-1.7909376287e-01,9.8383201010e-01
-1.3473295175e-04,1.1616387700e-04,-8.4836045137e+00,1.0519196431e+01,-2.9058335165e+01,2.5482438772e+01,-4.0586769546e+00,-3.3483262724e+01,-5.6776299995e-03,3.3483262724e+01,1.0000000000e+00,1.9018630761e+01,1.8692644554e+01,3.5061881887e+00,2.1509655464e+01,-1.8435544770e-01,9.8285963845e-01
-1.3738862659e-04,1.1566457092e-04,-8.3242572885e+00,1.0759914530e+01,-2.8953208717e+01,2.5813475731e+01,-3.7353158408e+00,-3.3542150165e+01,-2.3405778100e-02,3.3542150165e+01,1.0000000000e+00,1.9018630761e+01,1.8692644554e+01,3.5061881887e+00,2.1509655464e+01,-1.8435544770e-01,9.8285963845e-01
-1.4004443785e-04,1.1515513117e-04,-8.1814263270e+00,1.0999297876e+01,-2.8846451555e+01,2.6136204102e+01,-3.4241944667e+00,-3.3603683415e+01,-1.0385948228e-02,3.3603683415e+01,1.0000000000e+00,1.8981383339e+01,1.8636798242e+01,3.6003700868e+00,2.1559461988e+01,-1.8967901456e-01,9.8184615467e-01
-1.4270021607e-04,1.1463547812e-04,-8.0547662262e+00,1.1239306749e+01,-2.8737011753e+01,2.6450841492e+01,-3.1244885338e+00,-3.3667289445e+01,2.1155366750e-02,3.3667289445e+01,1.0000000000e+00,1.8939487096e+01,1.8575645492e+01,3.6945319064e+00,2.1609174563e+01,-1.9507032517e-01,9.8078925781e-01
-1.4535583494e-04,1.1410553491e-04,-7.9417855435e+00,1.1478746448e+01,-2.8622320749e+01,2.6756812127e+01,-2.8340004621e+00,-3.3730105830e+01,2.4788574325e-02,3.3730105830e+01,1.0000000000e+00,1.8939487096e+01,1.8575645492e+01,3.6945319064e+00,2.1609174563e+01,-1.9507032517e-01,9.8078925781e-01
-1.4801114719e-04,1.1356521776e-04,-7.8480238491e+00,1.1718016120e+01,-2.8503862455e+01,2.7051059919e+01,-2.5580064259e+00,-3.3793879878e+01,4.6566222290e-02,3.3793879878e+01,1.0000000000e+00,1.8892721818e+01,1.8508996084e+01,3.7884035741e+00,2.1658646095e+01,-2.0052185231e-01,9.7968922968e-01
-1.5066597649e-04,1.1301444741e-04,-7.7671965182e+00,1.1958962861e+01,-2.8382301387e+01,2.7342480348e+01,-2.2885605633e+00,-3.3860937341e+01,8.1702914209e-02,3.3860937341e+01,1.0000000000e+00,1.8841084641e+01,1.8436840974e+01,3.8819280459e+00,2.1707930456e+01,-2.0603527450e-01,9.7854456499e-01
-1.5332023340e-04,1.1245315092e-04,-7.6979668022e+00,1.2197649432e+01,-2.8256575604e+01,2.7627313630e+01,-2.0266342420e+00,-3.3927908164e+01,7.0574676847e-02,3.3927908164e+01,1.0000000000e+00,1.8841084641e+01,1.8436840974e+01,3.8819280459e+00,2.1707930456e+01,-2.0603527450e-01,9.7854456499e-01
-1.5597375227e-04,1.1188124802e-04,-7.6493952767e+00,1.2435578595e+01,-2.8127095594e+01,2.7898515668e+01,-1.7810299043e+00,-3.3995460967e+01,1.0310183407e-02,3.3995460967e+01,1.0000000000e+00,1.8784901348e+01,1.8359509756e+01,3.9750371321e+00,2.1757050206e+01,-2.1160809196e-01,9.7735460065e-01
-1.5862635780e-04,1.1129865717e-04,-7.6154634221e+00,1.2675667438e+01,-2.7992759526e+01,2.8165093650e+01,-1.5429870734e+00,-3.4065235875e+01,-3.9493076903e-02,3.4065235875e+01,1.0000000000e+00,1.8723934746e+01,1.8276739330e+01,4.0677428425e+00,2.1806532481e+01,-2.1724829197e-01,9.7611637607e-01
-1.6127794756e-04,1.1070531009e-04,-7.5939267816e+00,1.2912818819e+01,-2.7854239543e+01,2.8424426513e+01,-1.3132328635e+00,-3.4134933461e+01,-1.0361626308e-01,3.4134933461e+01,1.0000000000e+00,1.8658685592e+01,1.8189059376e+01,4.1598878643e+00,2.1854993255e+01,-2.2294645803e-01,9.7483069138e-01
-1.6392835786e-04,1.1010113541e-04,-7.5885075005e+00,1.3150523836e+01,-2.7711216237e+01,2.8676653073e+01,-1.0933884975e+00,-3.4206335240e+01,-2.3419977711e-01,3.4206335240e+01,1.0000000000e+00,1.8658685592e+01,1.8189059376e+01,4.1598878643e+00,2.1854993255e+01,-2.2294645803e-01,9.7483069138e-01
-1.6657744660e-04,1.0948605914e-04,-7.5972154675e+00,1.3387491680e+01,-2.7563838203e+01,2.8922781240e+01,-8.8195130062e-01,-3.4279102370e+01,-2.9204769955e-01,3.4279102370e+01,1.0000000000e+00,1.8588876376e+01,1.8096190728e+01,4.2513769609e+00,2.1903547759e+01,-2.2870542978e-01,9.7349567353e-01
-1.6922507536e-04,1.0886000198e-04,-7.6200973490e+00,1.3623523453e+01,-2.7411730001e+01,2.9162224839e+01,-6.7909531416e-01,-3.4352732036e+01,-2.8038758167e-01,3.4352732036e+01,1.0000000000e+00,1.8513893401e+01,1.7997517929e+01,4.3420729208e+00,2.1952865025e+01,-2.3453051321e-01,9.7210875851e-01
-1.7187109371e-04,1.0822289061e-04,-7.6574005456e+00,1.3858737315e+01,-2.7254729404e+01,2.9395195084e+01,-4.8474118037e-01,-3.4427388769e+01,-2.5330920359e-01,3.4427388769e+01,1.0000000000e+00,1.8513893401e+01,1.7997517929e+01,4.3420729208e+00,2.1952865025e+01,-2.3453051321e-01,9.7210875851e-01
-1.7451536485e-04,1.0757465716e-04,-7.7112807499e+00,1.4092830652e+01,-2.7092706976e+01,2.9620211460e+01,-3.0075680331e-01,-3.4503230923e+01,-2.4859467337e-01,3.4503230923e+01,1.0000000000e+00,1.8434592395e+01,1.7893916047e+01,4.4319256869e+00,2.2000620866e+01,-2.4041354383e-01,9.7067055582e-01
-1.7715771818e-04,1.0691524158e-04,-7.7768660525e+00,1.4327392915e+01,-2.6925195496e+01,2.9842894934e+01,-1.2122735047e-01,-3.4580834198e+01,-1.2864752371e-01,3.4580834198e+01,1.0000000000e+00,1.8350871145e+01,1.7785275665e+01,4.5208894347e+00,2.2048759646e+01,-2.4635830087e-01,9.6917882127e-01
-1.7979805731e-04,1.0624456059e-04,-7.8541079859e+00,1.4559004158e+01,-2.6753550490e+01,3.0060767335e+01,5.1762874649e-02,-3.4659421351e+01,5.2459876073e-02,3.4659421351e+01,1.0000000000e+00,1.8350871145e+01,1.7785275665e+01,4.5208894347e+00,2.2048759646e+01,-2.4635830087e-01,9.6917882127e-01
-1.8243621464e-04,1.0556254690e-04,-7.9462986255e+00,1.4790988854e+01,-2.6575972254e+01,3.0272982033e+01,2.1697888615e-01,-3.4739249766e+01,2.1698010608e-01,3.4739249766e+01,1.0000000000e+00,1.8261272834e+01,1.7670181104e+01,4.6085556612e+00,2.2097559013e+01,-2.5236771297e-01,9.6763140578e-01
-1.8507206310e-04,1.0486912606e-04,-8.0483825933e+00,1.5021635014e+01,-2.6393190424e+01,3.0482236954e+01,3.7814120196e-01,-3.4819714220e+01,3.7812060208e-01,3.4819714220e+01,1.0000000000e+00,1.8166496862e+01,1.7549342887e+01,4.6949092102e+00,2.2145134698e+01,-2.5843778499e-01,9.6602790399e-01
-1.8770547751e-04,1.0416423044e-04,-8.1645627389e+00,1.5248671846e+01,-2.6206271986e+01,3.0684055282e+01,5.3003021399e-01,-3.4900864939e+01,5.3003517606e-01,3.4900864939e+01,1.0000000000e+00,1.8166496862e+01,1.7549342887e+01,4.6949092102e+00,2.2145134698e+01,-2.5843778499e-01,9.6602790399e-01
-1.9033629332e-04,1.0344782053e-04,-8.2947304726e+00,1.5473222838e+01,-2.6013575288e+01,3.0879377085e+01,6.7406379194e-01,-3.4982369553e+01,6.7406320108e-01,3.4982369553e+01,1.0000000000e+00,1.8067987530e+01,1.7424211389e+01,4.7800659879e+00,2.2192274102e+01,-2.6455995611e-01,9.6436923926e-01
-1.9296436380e-04,1.0271983077e-04,-8.4387476111e+00,1.5694185697e+01,-2.5815426758e+01,3.1067747038e+01,8.0988493067e-01,-3.5064059300e+01,8.0988488092e-01,3.5064059300e+01,1.0000000000e+00,1.7963991512e+01,1.7293064911e+01,4.8636300248e+00,2.2240315406e+01,-2.7074328228e-01,9.6265158552e-01
-1.9558952671e-04,1.0198019884e-04,-8.6017279647e+00,1.5912780907e+01,-2.5611345748e+01,3.1247647238e+01,9.3430068839e-01,-3.5147374401e+01,9.3430071679e-01,3.5147374401e+01,1.0000000000e+00,1.7963991512e+01,1.7293064911e+01,4.8636300248e+00,2.2240315406e+01,-2.7074328228e-01,9.6265158552e-01
-1.9821159608e-04,1.0122888038e-04,-8.7742330740e+00,1.6130986735e+01,-2.5399255080e+01,3.1426630494e+01,1.0574294985e+00,-3.5230917653e+01,1.0574294889e+00,3.5230917653e+01,1.0000000000e+00,1.7854516198e+01,1.7155940895e+01,4.9454464588e+00,2.2287178727e+01,-2.7698574434e-01,9.6087402787e-01
-2.0083048313e-04,1.0046580159e-04,-8.9574209333e+00,1.6343647076e+01,-2.5183146957e+01,3.1600927875e+01,1.1745202701e+00,-3.5315088162e+01,1.1745202723e+00,3.5315088160e+01,1.0000000000e+00,1.7739811559e+01,1.7013123823e+01,5.0253887329e+00,2.2333878889e+01,-2.8328309555e-01,9.5903633287e-01
-2.0344599966e-04,9.9690933965e-05,-9.1568022957e+00,1.6553835968e+01,-2.4960506966e+01,3.1768191701e+01,1.2827194003e+00,-3.5400028655e+01,1.2827193982e+00,3.5400028662e+01,1.0000000000e+00,1.7739811559e+01,1.7013123823e+01,5.0253887329e+00,2.2333878889e+01,-2.8328309555e-01,9.5903633287e-01
-2.0605799203e-04,9.8904225302e-05,-9.3677240817e+00,1.6760683221e+01,-2.4730658208e+01,3.1930908570e+01,1.3861275133e+00,-3.5484509802e+01,1.3861275132e+00,3.5484509803e+01,1.0000000000e+00,1.7618381684e+01,1.6863215970e+01,5.1028737326e+00,2.2381501945e+01,-2.8963351028e-01,9.5713762319e-01
-2.0866631740e-04,9.8105624990e-05,-9.5957333696e+00,1.6962117445e+01,-2.4494882739e+01,3.2084630911e+01,1.4787622411e+00,-3.5569378346e+01,1.4787622398e+00,3.5569378351e+01,1.0000000000e+00,1.7491264873e+01,1.6707220246e+01,5.1781404477e+00,2.2427589339e+01,-2.9604150903e-01,9.5517507554e-01
-2.1127077485e-04,9.7295097495e-05,-9.8319445365e+00,1.7162471716e+01,-2.4250089285e+01,3.2238152847e+01,1.5716893133e+00,-3.5653723136e+01,1.5716893136e+00,3.5653723134e+01,1.0000000000e+00,1.7358881551e+01,1.6545652721e+01,5.2509184637e+00,2.2473555362e+01,-3.0249175031e-01,9.5315200309e-01
-2.1387127975e-04,9.6472611538e-05,-1.0084040659e+01,1.7352121833e+01,-2.4002786087e+01,3.2379310001e+01,1.6507899722e+00,-3.5737616718e+01,1.6507899722e+00,3.5737616718e+01,1.0000000000e+00,1.7358881551e+01,1.6545652721e+01,5.2509184637e+00,2.2473555362e+01,-3.0249175031e-01,9.5315200309e-01
-2.1646757775e-04,9.5638165400e-05,-1.0349766724e+01,1.7540423369e+01,-2.3743123428e+01,3.2515503766e+01,1.7263897766e+00,-3.5819279928e+01,1.7263897766e+00,3.5819279928e+01,1.0000000000e+00,1.7219970063e+01,1.6377323173e+01,5.3207757556e+00,2.2519597342e+01,-3.0898867630e-01,9.5106571693e-01
-2.1905954942e-04,9.4791709829e-05,-1.0629287779e+01,1.7719360412e+01,-2.3479120657e+01,3.2642501378e+01,1.7919527392e+00,-3.5900361175e+01,1.7919527392e+00,3.5900361175e+01,1.0000000000e+00,1.7074434289e+01,1.6202199269e+01,5.3874896895e+00,2.2565177153e+01,-3.1552961570e-01,9.4891572946e-01
-2.2164698886e-04,9.3933247868e-05,-1.0924501012e+01,1.7890829309e+01,-2.3206967492e+01,3.2758611845e+01,1.8474591153e+00,-3.5978927619e+01,1.8474591153e+00,3.5978927619e+01,1.0000000000e+00,1.7074434289e+01,1.6202199269e+01,5.3874896895e+00,2.2565177153e+01,-3.1552961570e-01,9.4891572946e-01
-2.2422968957e-04,9.3062788790e-05,-1.1236649572e+01,1.8052513008e+01,-2.2926628933e+01,3.2861522678e+01,1.8909697113e+00,-3.6054248216e+01,1.8909697113e+00,3.6054248216e+01,1.0000000000e+00,1.6922533339e+01,1.6020647154e+01,5.4507797026e+00,2.2610436744e+01,-3.2210187407e-01,9.4670501357e-01
-2.2680745661e-04,9.2180359568e-05,-1.1563790991e+01,1.8202961738e+01,-2.2637561911e+01,3.2949875232e+01,1.9229428839e+00,-3.6124295786e+01,1.9229428839e+00,3.6124295786e+01,1.0000000000e+00,1.6763953009e+01,1.5832427497e+01,5.5103865623e+00,2.2655165414e+01,-3.2870448630e-01,9.4443282487e-01
-2.2938003614e-04,9.1285973891e-05,-1.1912384799e+01,1.8338374029e+01,-2.2339845594e+01,3.3016685237e+01,1.9360769130e+00,-3.6188307306e+01,1.9360769130e+00,3.6188307306e+01,1.0000000000e+00,1.6763953009e+01,1.5832427497e+01,5.5103865623e+00,2.2655165414e+01,-3.2870448630e-01,9.4443282487e-01
-2.3194715107e-04,9.0379676871e-05,-1.2281708328e+01,1.8454093210e+01,-2.2031149787e+01,3.3054654271e+01,1.9276844837e+00,-3.6240542599e+01,1.9276844837e+00,3.6240542599e+01,1.0000000000e+00,1.6599207085e+01,1.5638004501e+01,5.5665510927e+00,2.2699827804e+01,-3.3535042151e-01,9.4209346394e-01
-2.3450844238e-04,8.9461511252e-05,-1.2698141355e+01,1.8536968725e+01,-2.1716331310e+01,3.3037158257e+01,1.8667758804e+00,-3.6281248546e+01,1.8667758804e+00,3.6281248546e+01,1.0000000000e+00,1.6429678205e+01,1.5438630052e+01,5.6198779379e+00,2.2744068430e+01,-3.4205648264e-01,9.3967939356e-01
-2.3706322136e-04,8.8531638543e-05,-1.3179447125e+01,1.8581234634e+01,-2.1377149395e+01,3.2949795249e+01,1.7452748967e+00,-3.6301871417e+01,1.7452748967e+00,3.6301871417e+01,1.0000000000e+00,1.6429678205e+01,1.5438630052e+01,5.6198779379e+00,2.2744068430e+01,-3.4205648264e-01,9.3967939356e-01
-2.3961053280e-04,8.7589945766e-05,-1.3790772624e+01,1.8580845472e+01,-2.1018961961e+01,3.2780824661e+01,1.5211506502e+00,-3.6330885235e+01,1.5211506502e+00,3.6330885235e+01,1.0000000000e+00,1.6251945514e+01,1.5229932105e+01,5.6722924001e+00,2.2788727631e+01,-3.4902236137e-01,9.3711439604e-01
-2.4214836302e-04,8.6636449364e-05,-1.4813909352e+01,1.8585501322e+01,-2.0606973497e+01,3.2567710777e+01,1.0925351597e+00,-3.6513418009e+01,1.0925351597e+00,3.6513418009e+01,1.0000000000e+00,1.6054195513e+01,1.4999257711e+01,5.7235881838e+00,2.2834082464e+01,-3.5651666127e-01,9.3428896506e-01
-2.4467499772e-04,8.5671012876e-05,-1.6002748071e+01,1.8773072067e+01,-2.0190445027e+01,3.2707049838e+01,7.8682747986e-01,-3.6980020577e+01,7.8682747986e-01,3.6980020577e+01,1.0000000000e+00,1.6054195513e+01,1.4999257711e+01,5.7235881838e+00,2.2834082464e+01,-3.5651666127e-01,9.3428896506e-01
-2.4719223137e-04,8.4694156131e-05,-1.6819614697e+01,1.9247138699e+01,-1.9611405246e+01,3.3403855939e+01,1.0702152468e+00,-3.7501235190e+01,1.0702152468e+00,3.7501235190e+01,1.0000000000e+00,1.5832420500e+01,1.4748126241e+01,5.7583253876e+00,2.2878156475e+01,-3.6370467722e-01,9.3151430895e-01
-2.4970392995e-04,8.3705265934e-05,-1.7173335901e+01,1.9844625133e+01,-1.8960668636e+01,3.4386245040e+01,1.7859055619e+00,-3.7919910098e+01,1.7859055619e+00,3.7919910098e+01,1.0000000000e+00,1.5596449472e+01,1.4487046857e+01,5.7770848632e+00,2.2920233455e+01,-3.7041025738e-01,9.2886825827e-01
-2.5221293430e-04,8.2703438425e-05,-1.7192212339e+01,2.0395833697e+01,-1.8370539517e+01,3.5321206323e+01,2.6113320511e+00,-3.8174083907e+01,2.6113320511e+00,3.8174083907e+01,1.0000000000e+00,1.5596449472e+01,1.4487046857e+01,5.7770848632e+00,2.2920233455e+01,-3.7041025738e-01,9.2886825827e-01
-2.5472007158e-04,8.1688591038e-05,-1.7171514274e+01,2.0788045239e+01,-1.7874338644e+01,3.5993129340e+01,3.2577164541e+00,-3.8303569372e+01,3.2577164541e+00,3.8303569372e+01,1.0000000000e+00,1.5351882083e+01,1.4219750895e+01,5.7861012757e+00,2.2960950543e+01,-3.7689849651e-01,9.2625456724e-01
-2.5722424693e-04,8.0661371047e-05,-1.7258452419e+01,2.1069004985e+01,-1.7404149429e+01,3.6478242555e+01,3.7294222346e+00,-3.8392024082e+01,3.7294222346e+00,3.8392024082e+01,1.0000000000e+00,1.5097186005e+01,1.3944329466e+01,5.7862510327e+00,2.3000752828e+01,-3.8326685720e-01,9.2363765416e-01
-2.5972449939e-04,7.9622140921e-05,-1.7449419474e+01,2.1293272744e+01,-1.6944981777e+01,3.6871871893e+01,4.0907845374e+00,-3.8485185788e+01,4.0907845374e+00,3.8485185788e+01,1.0000000000e+00,1.5097186005e+01,1.3944329466e+01,5.7862510327e+00,2.3000752828e+01,-3.8326685720e-01,9.2363765416e-01
-2.6222012595e-04,7.8571389467e-05,-1.7694205319e+01,2.1510188184e+01,-1.6461304900e+01,3.7253339417e+01,4.4304704314e+00,-3.8585980650e+01,4.4304704314e+00,3.8585980650e+01,1.0000000000e+00,1.4829011449e+01,1.3657775921e+01,5.7762217253e+00,2.3039416455e+01,-3.8952169842e-01,9.2101728891e-01
-2.6471094497e-04,7.7509507223e-05,-1.7960588215e+01,2.1713341696e+01,-1.5972441565e+01,3.7629071274e+01,4.7586395392e+00,-3.8691669319e+01,4.7586395392e+00,3.8691669319e+01,1.0000000000e+00,1.4544489298e+01,1.3358385458e+01,5.7528868327e+00,2.3076630824e+01,-3.9553721789e-01,9.1844994924e-01
-2.6719681819e-04,7.6436946047e-05,-1.8252138400e+01,2.1908177979e+01,-1.5468252369e+01,3.8002664234e+01,5.0806530407e+00,-3.8801043810e+01,5.0806530407e+00,3.8801043810e+01,1.0000000000e+00,1.4544489298e+01,1.3358385458e+01,5.7528868327e+00,2.3076630824e+01,-3.9553721789e-01,9.1844994924e-01
-2.6967764992e-04,7.5354260873e-05,-1.8559859102e+01,2.2101925125e+01,-1.4945754180e+01,3.8382401272e+01,5.4072830657e+00,-3.8912896348e+01,5.4072830657e+00,3.8912896348e+01,1.0000000000e+00,1.4241308876e+01,1.3044757877e+01,5.7139452594e+00,2.3112475180e+01,-4.0122332219e-01,9.1598026492e-01
-2.7215348851e-04,7.4262056345e-05,-1.8865801582e+01,2.2297019738e+01,-1.4402998966e+01,3.8779214508e+01,5.7547896608e+00,-3.9023590209e+01,5.7547896608e+00,3.9023590209e+01,1.0000000000e+00,1.3921674529e+01,1.2719699101e+01,5.6588228875e+00,2.3145845236e+01,-4.0647573507e-01,9.1366157673e-01
-2.7462448140e-04,7.3160999615e-05,-1.9182455434e+01,2.2492101284e+01,-1.3846651425e+01,3.9194141291e+01,6.1141945956e+00,-3.9143301454e+01,6.1141945955e+00,3.9143301454e+01,1.0000000000e+00,1.3581031685e+01,1.2379882409e+01,5.5841680828e+00,2.3177268641e+01,-4.1117407073e-01,9.1155684604e-01
-2.7709076016e-04,7.2051908349e-05,-1.9456118006e+01,2.2703967659e+01,-1.3264230553e+01,3.9655783238e+01,6.5351028480e+00,-3.9255451407e+01,6.5351028480e+00,3.9255451407e+01,1.0000000000e+00,1.3581031685e+01,1.2379882409e+01,5.5841680828e+00,2.3177268641e+01,-4.1117407073e-01,9.1155684604e-01
-2.7955285543e-04,7.0935652997e-05,-1.9720466724e+01,2.2913839406e+01,-1.2672413367e+01,4.0134725136e+01,6.9753543156e+00,-3.9368234407e+01,6.9753543156e+00,3.9368234407e+01,1.0000000000e+00,1.3216645703e+01,1.2024094662e+01,5.4864260854e+00,2.3205832470e+01,-4.1511486415e-01,9.0976900891e-01
-2.8201104678e-04,6.9813471986e-05,-1.9961260917e+01,2.3152888402e+01,-1.2047356824e+01,4.0646970189e+01,7.4632303101e+00,-3.9471848051e+01,7.4632303101e+00,3.9471848051e+01,1.0000000000e+00,1.2828437436e+01,1.1653624115e+01,5.3630077428e+00,2.3230332888e+01,-4.1805619503e-01,9.0842116763e-01
-2.8446600866e-04,6.8686688030e-05,-2.0168452638e+01,2.3410275110e+01,-1.1402150829e+01,4.1204994414e+01,8.0044128833e+00,-3.9575016350e+01,8.0044128833e+00,3.9575016350e+01,1.0000000000e+00,1.2828437436e+01,1.1653624115e+01,5.3630077428e+00,2.3230332888e+01,-4.1805619503e-01,9.0842116763e-01
-2.8691850202e-04,6.7556881640e-05,-2.0319170999e+01,2.3697375228e+01,-1.0734131393e+01,4.1818798160e+01,8.6174431791e+00,-3.9670745571e+01,8.6174431791e+00,3.9670745571e+01,1.0000000000e+00,1.2413766851e+01,1.1267551260e+01,5.2099804252e+00,2.3250856623e+01,-4.1969375514e-01,9.0766577103e-01
-2.8936954014e-04,6.6425999297e-05,-2.0384476572e+01,2.4025139160e+01,-1.0042078888e+01,4.2497782250e+01,9.3228282917e+00,-3.9749383752e+01,9.3228282917e+00,3.9749383752e+01,1.0000000000e+00,1.1971479534e+01,1.0866862426e+01,5.0227107471e+00,2.3265657760e+01,-4.1955639090e-01,9.0772927399e-01
-2.9182039385e-04,6.5296403245e-05,-2.0361626351e+01,2.4406168772e+01,-9.3218098162e+00,4.3249559840e+01,1.0128426932e+01,-3.9811863100e+01,1.0128426932e+01,3.9811863100e+01,1.0000000000e+00,1.1971479534e+01,1.0866862426e+01,5.0227107471e+00,2.3265657760e+01,-4.1955639090e-01,9.0772927399e-01
-2.9427272362e-04,6.4170943809e-05,-2.0194901582e+01,2.4852922990e+01,-8.5778706519e+00,4.4091241434e+01,1.1069703994e+01,-3.9842476228e+01,1.1069703994e+01,3.9842476228e+01,1.0000000000e+00,1.1498837961e+01,1.0451224109e+01,4.7953299243e+00,2.3273356886e+01,-4.1702735010e-01,9.0889393730e-01
-2.9672846203e-04,6.3053121902e-05,-1.9839680590e+01,2.5368325031e+01,-7.8249577848e+00,4.5051499588e+01,1.2178176227e+01,-3.9842814602e+01,1.2178176227e+01,3.9842814602e+01,1.0000000000e+00,1.0994726628e+01,1.0022456783e+01,4.5204395411e+00,2.3271769370e+01,-4.1114615162e-01,9.1156943894e-01
-2.9919006851e-04,6.1947518437e-05,-1.9289317975e+01,2.6043747595e+01,-7.0275878622e+00,4.6147932883e+01,1.3485068554e+01,-3.9801974391e+01,1.3485068554e+01,3.9801974391e+01,1.0000000000e+00,1.0994726628e+01,1.0022456783e+01,4.5204395411e+00,2.3271769370e+01,-4.1114615162e-01,9.1156943894e-01
-3.0166128982e-04,6.0859723751e-05,-1.8344483013e+01,2.6808900968e+01,-6.2336859914e+00,4.7368104108e+01,1.5058903156e+01,-3.9637072160e+01,1.5058903156e+01,3.9637072160e+01,1.0000000000e+00,1.0455117203e+01,9.5800322511e+00,4.1871777831e+00,2.3257806326e+01,-4.0049075510e-01,9.1630079945e-01
-3.0414551567e-04,5.9797254375e-05,-1.7067026348e+01,2.7735454475e+01,-5.4840129116e+00,4.8814122174e+01,1.6907326948e+01,-3.9458366207e+01,1.6907326948e+01,3.9458366207e+01,1.0000000000e+00,9.8748689447e+00,9.1231361917e+00,3.7790769645e+00,2.3224139474e+01,-3.8269641710e-01,9.2387415395e-01
-3.0664839515e-04,5.8770353087e-05,-1.5114648238e+01,2.8942215264e+01,-4.7391936845e+00,5.0540760991e+01,1.9252801002e+01,-3.9106642924e+01,1.9252801002e+01,3.9106642924e+01,1.0000000000e+00,9.8748689447e+00,9.1231361917e+00,3.7790769645e+00,2.3224139474e+01,-3.8269641710e-01,9.2387415395e-01
-3.0917638771e-04,5.7793690345e-05,-1.2067625561e+01,3.0351486518e+01,-4.0626303531e+00,5.2680844576e+01,2.2350171840e+01,-3.8480427754e+01,2.2350171840e+01,3.8480427754e+01,1.0000000000e+00,9.2583168255e+00,8.6641925238e+00,3.2631577270e+00,2.3165564347e+01,-3.5245690858e-01,9.3582804382e-01
-3.1173757484e-04,5.6890242544e-05,-8.8814416215e+00,3.2083416693e+01,-4.1707651429e+00,5.4818366601e+01,2.5123295332e+01,-3.8175502096e+01,2.5123295332e+01,3.8175502096e+01,1.0000000000e+00,8.6507836614e+00,8.2509540194e+00,2.5995799132e+00,2.3035315547e+01,-3.0050224523e-01,9.5378110728e-01
-3.1434314626e-04,5.6100660337e-05,-4.3296758838e-01,3.6021406342e+01,-5.1985533594e+00,6.0715848839e+01,3.2238551198e+01,-3.7870072145e+01,3.2238551198e+01,3.7870072145e+01,1.0000000000e+00,8.6507836614e+00,8.2509540194e+00,2.5995799132e+00,2.3035315547e+01,-3.0050224523e-01,9.5378110728e-01
-3.1699941733e-04,5.5552269877e-05,2.2410544125e+01,3.6304362238e+01,-7.7434180839e+00,6.7864949922e+01,4.6515410126e+01,-3.1848284086e+01,4.6515410126e+01,3.1848284085e+01,1.0000000000e+00,9.3979960788e+00,9.2790627432e+00,1.4904109850e+00,2.2783617973e+01,-1.5858816843e-01,9.8734481962e-01
-3.1996711871e-04,5.5387732760e-05,3.7264071557e+01,2.2993024711e+01,-4.6118604053e+00,5.5568857028e+01,4.8408800139e+01,-1.5756588988e+01,4.8408800139e+01,1.5756588988e+01,1.0000000000e+00,1.2713044947e+01,1.2670518944e+01,1.0389713726e+00,2.2642039465e+01,-8.1724824925e-02,9.9665493175e-01
-3.2514390853e-04,5.4585289493e-05,4.1026739449e+01,2.7314372779e+01,9.7203464042e-01,5.8811614961e+01,5.4954288774e+01,-1.2955514684e+01,5.4954288774e+01,1.2955514680e+01,1.0000000000e+00,1.5979703569e+01,1.5553292919e+01,3.6668795331e+00,2.2890711444e+01,-2.2947106104e-01,9.7331548439e-01
-3.3064425374e-04,5.2503903515e-05,4.7839294620e+01,3.8803095023e+01,1.2734514298e+01,7.3605322736e+01,7.2782957355e+01,-1.2209148436e+01,7.2782957355e+01,1.2209148461e+01,1.0000000000e+00,1.5946126479e+01,1.4482292857e+01,6.6739900576e+00,2.3484939156e+01,-4.1853362109e-01,9.0820130368e-01
-3.3606183407e-04,4.9892486309e-05,4.6456720188e+01,4.1312233680e+01,1.6715969646e+01,7.6056011327e+01,7.5497303530e+01,-1.2324613696e+01,7.5497303530e+01,1.2324613569e+01,1.0000000000e+00,1.5049915069e+01,1.3408859186e+01,6.8339182688e+00,2.3599144981e+01,-4.5408351060e-01,8.9095912667e-01
-3.4144135295e-04,4.6920649966e-05,4.8043621493e+01,4.5315677668e+01,2.2135169066e+01,8.1596439936e+01,8.2199121842e+01,-1.2020331283e+01,8.2199121842e+01,1.2020331730e+01,1.0000000000e+00,1.3429850329e+01,1.1549498976e+01,6.8534628670e+00,2.3765319210e+01,-5.1031565499e-01,8.5998716983e-01
-3.4680921151e-04,4.3645956212e-05,5.0418846459e+01,4.9416192232e+01,2.7527875737e+01,8.7834744815e+01,8.9684774661e+01,-1.1738052465e+01,8.9684774661e+01,1.1738052500e+01,1.0000000000e+00,1.2655745187e+01,1.0721993917e+01,6.7235952207e+00,2.3823329802e+01,-5.3126822018e-01,8.4720368167e-01
-3.5218589543e-04,4.0092028528e-05,5.3865632268e+01,5.4208126987e+01,3.3626088657e+01,9.5479238606e+01,9.8870824574e+01,-1.1379103649e+01,9.8870824574e+01,1.1379093844e+01,1.0000000000e+00,1.1176511080e+01,9.2069184030e+00,6.3361702501e+00,2.3910238156e+01,-5.6691844215e-01,8.2377392526e-01
-3.5758940812e-04,3.6264753136e-05,5.8431823163e+01,5.9994381697e+01,4.0815065539e+01,1.0498180117e+02,1.1023471552e+02,-1.0987826817e+01,1.1023471552e+02,1.0987913772e+01,1.0000000000e+00,1.0453575180e+01,8.4986851490e+00,6.0868370096e+00,2.3942841783e+01,-5.8227323234e-01,8.1299316288e-01
-3.6304009093e-04,3.2155640849e-05,6.4361094038e+01,6.7073933315e+01,4.9436182088e+01,1.1683578323e+02,1.2435380896e+02,-1.0556532838e+01,1.2435380896e+02,1.0556080420e+01,1.0000000000e+00,9.0371192923e+00,7.1611143021e+00,5.5125281909e+00,2.3989188182e+01,-6.0998732147e-01,7.9241117335e-01
-3.6855236975e-04,2.7747852223e-05,7.2059782074e+01,7.6166291420e+01,6.0430807923e+01,1.3226394541e+02,1.4260791949e+02,-1.0117329490e+01,1.4260791949e+02,1.0121370548e+01,1.0000000000e+00,7.6187593524e+00,5.8858502865e+00,4.8375882911e+00,2.4014469730e+01,-6.3495748682e-01,7.7254707942e-01
-3.7415121014e-04,2.3010092404e-05,8.2786800918e+01,8.8643862586e+01,7.5212612802e+01,1.5354954236e+02,1.6765157647e+02,-9.6521627535e+00,1.6765157647e+02,9.6358581207e+00,1.0000000000e+00,6.1824961559e+00,4.6572542857e+00,4.0661088568e+00,2.4017072946e+01,-6.5768077396e-01,7.5329675398e-01
-3.7987223451e-04,1.7899866337e-05,9.8465779679e+01,1.0628432451e+02,9.5830921286e+01,1.8393640214e+02,2.0334408177e+02,-9.0473808082e+00,2.0334408177e+02,9.0822715770e+00,1.0000000000e+00,4.7043017055e+00,3.4627862896e+00,3.1842684637e+00,2.3993182078e+01,-6.7688440560e-01,7.3608932980e-01
-3.8577731971e-04,1.2373604171e-05,1.2293011140e+02,1.3218376502e+02,1.2449497382e+02,2.2904889394e+02,2.5595398318e+02,-8.5288979648e+00,2.5595398318e+02,8.7495277358e+00,1.0000000000e+00,3.2022445953e+00,2.3164091830e+00,2.2110221494e+00,2.3936128842e+01,-6.9046010809e-01,7.2337047157e-01
-3.9209160983e-04,6.4037381204e-06,1.9388482633e+02,2.0720899786e+02,1.9373755729e+02,3.5499789104e+02,3.9876931975e+02,-1.1146936147e+01,3.9876931975e+02,8.2823379662e+00,1.0000000000e+00,1.7805360114e+00,1.3201995650e+00,1.1947307631e+00,2.3831057645e+01,-6.7099500121e-01,7.4146187249e-01
-3.9600000000e-04,3.0463089129e-20,1.5606327508e+02,9.3225170331e+01,7.5970702602e+01,1.7513679195e+02,2.1713226281e+02,1.4901714862e+01,2.1713226281e+02,-6.0061243615e-01,1.0000000000e+00,4.9669182468e-01,3.9897174634e-01,2.9584508502e-01,2.3669652224e+01,-5.9563107406e-01,8.0325813012e-01
-3.8400000000e-04,3.0003846579e-20,7.5394801012e+01,5.8987298384e+01,4.1550099678e+01,1.0627133227e+02,1.1982823264e+02,-2.8833319490e+00,1.1982823264e+02,2.7159920058e+00,0.0000000000e+00,nan,nan,nan,nan,nan,nan
7.9514445085e-07,1.2896186069e-04,-4.0195416340e+01,-3.8544644549e+00,-3.3135233708e+01,8.9493135807e+00,-3.1498436419e+01,-4.1832213629e+01,-2.8237888502e-08,4.1832213629e+01,1.0000000000e+00,1.5571088921e+01,1.5530381914e+01,1.1251878863e+00,1.9954181229e+01,-7.2261348708e-02,9.9738573154e-01
-1.4164301229e-05,1.4623940445e-06,2.0899765349e+02,-6.3645943498e+00,-4.8453898459e+01,2.2323150373e+02,2.0915464628e+02,-4.8610891257e+01,2.0915464628e+02,4.8610891257e+01,0.0000000000e+00,nan,nan,nan,nan,nan,nan
-5.3996788926e-05,1.4531451102e-06,2.0599702896e+02,1.2322268512e-01,-5.2474463940e+01,2.2384263451e+02,2.0599688780e+02,-5.2474322781e+01,2.0599688780e+02,5.2474322781e+01,0.0000000000e+00,nan,nan,nan,nan,nan,nan
1.7688323223e-05,1.4775444059e-06,2.1456619421e+02,-1.2148472823e+01,-4.1904901430e+01,2.2310418622e+02,2.1513990836e+02,-4.2478615584e+01,2.1513990836e+02,4.2478615584e+01,0.0000000000e+00,nan,nan,nan,nan,nan,nan
-6.7680273748e-05,1.2367859803e-04,-1.6812651359e+01,4.2247417861e+00,-3.1041594068e+01,1.4319910691e+01,-1.5659518421e+01,-3.2194727006e+01,-5.0540504509e-06,3.2194727006e+01,1.0000000000e+00,1.8745513719e+01,1.8641708326e+01,1.9700241754e+00,2.0660747102e+01,-1.0509310147e-01,9.9446238743e-01
-8.5861587306e-05,1.4513637621e-06,2.0625459629e+02,5.3520811591e+00,-5.3229477647e+01,2.2491051755e+02,2.0636470717e+02,-5.3339588526e+01,2.0636470717e+02,5.3339588526e+01,0.0000000000e+00,nan,nan,nan,nan,nan,nan
6.3312222638e-05,1.3850549687e-04,-5.0395749251e+01,-2.1380049732e+01,-4.9203327428e+01,3.6408441876e+01,-2.8779114622e+01,-7.0819962057e+01,7.8462535036e-02,7.0822441275e+01,1.0000000000e+00,4.9460917265e+00,4.4226825605e+00,2.2144304767e+00,2.0795533644e+01,-4.4771318429e-01,8.9417722215e-01
-1.1771923820e-04,1.4526698925e-06,2.0878953006e+02,1.0895608765e+01,-5.2570971733e+01,2.2712964731e+02,2.0924264217e+02,-5.3024083851e+01,2.0924264217e+02,5.3024083851e+01,0.0000000000e+00,nan,nan,nan,nan,nan,nan
-1.3557832057e-04,1.1388593674e-04,-6.7318113962e+00,1.0782170558e+01,-2.9189416929e+01,2.6959940495e+01,-2.3952852603e+00,-3.3525943064e+01,3.6601544753e-02,3.3525943064e+01,1.0000000000e+00,1.9018630761e+01,1.8692644554e+01,3.5061881887e+00,2.1509655464e+01,-1.8435544770e-01,9.8285963845e-01
1.4479763632e-04,1.5249759482e-06,2.8619827327e+02,-4.9625655803e+01,-1.3625993464e+01,2.7350878294e+02,2.9419650936e+02,-2.1624229551e+01,2.9419650936e+02,2.1624229551e+01,0.0000000000e+00,nan,nan,nan,nan,nan,nan
1.7274142184e-04,1.5740795288e-06,2.4664366564e+02,-4.6541393981e+01,-1.2933050793e+01,2.3883265827e+02,2.5474540697e+02,-2.1034792118e+01,2.5474540697e+02,2.1034792118e+01,0.0000000000e+00,nan,nan,nan,nan,nan,nan
1.4646214783e-04,1.6537328506e-04,8.8309200530e+00,-3.5718614636e+00,-1.3334530091e+01,2.0159187030e+01,9.3871070391e+00,-1.3890717077e+01,9.3892343540e+00,1.3890717077e+01,1.0000000000e+00,3.3222737210e+01,3.3161918611e+01,2.0093336686e+00,1.8349594311e+01,-6.0480677914e-02,9.9816936819e-01
2.0066802535e-04,1.7705890724e-06,1.6667006906e+02,-3.9602230616e+01,-1.2278544506e+01,1.6949866858e+02,1.7505586421e+02,-2.0664339656e+01,1.7505586421e+02,2.0664339656e+01,0.0000000000e+00,nan,nan,nan,nan,nan,nan
2.2857650658e-04,2.0857102772e-06,9.5114690117e+01,-3.2780297926e+01,-1.1821738964e+01,1.0864645731e+02,1.0437353695e+02,-2.1080585800e+01,1.0437353695e+02,2.1080585800e+01,0.0000000000e+00,nan,nan,nan,nan,nan,nan
2.5654615561e-04,2.5277921278e-06,4.2470307808e+01,-2.5420095949e+01,-1.2020463120e+01,6.4547348054e+01,5.2491351119e+01,-2.2041506431e+01,5.2491351118e+01,2.2041506431e+01,0.0000000000e+00,nan,nan,nan,nan,nan,nan
2.4849016575e-04,1.4765098632e-04,-3.2620724721e-01,-6.8695793587e+00,-9.2967902292e+00,1.4209216891e+01,3.3921964589e+00,-1.3015193935e+01,3.3921964792e+00,1.3015193935e+01,1.0000000000e+00,2.5635901294e+01,2.4104690486e+01,-8.7271605745e+00,1.5635992432e+01,3.4042729665e-01,9.4027084167e-01
2.8042404587e-04,3.0651341042e-06,2.3488790287e+01,-2.1842112746e+01,-8.2291870593e+00,4.6749489422e+01,3.4620631916e+01,-1.9361028688e+01,3.4620631916e+01,1.9361028688e+01,0.0000000000e+00,nan,nan,nan,nan,nan,nan
-2.8063281688e-04,1.5518980141e-06,3.0272831104e+02,6.2637727106e+01,-8.7105234733e+00,2.9069454401e+02,3.1484146702e+02,-2.0823679454e+01,3.1484146702e+02,2.0823679454e+01,0.0000000000e+00,nan,nan,nan,nan,nan,nan
3.0454412952e-04,1.1934761396e-04,-3.3060415745e+00,-8.1762249665e+00,-5.2069437300e+00,1.4255481864e+01,3.9739136394e+00,-1.2486898944e+01,3.9739136394e+00,1.2486898944e+01,1.0000000000e+00,2.0109533267e+01,1.6834536753e+01,-1.0999622745e+01,1.4454835274e+01,5.4698548192e-01,8.3714209222e-01
-3.0397677258e-04,1.6961041550e-06,3.1338727036e+02,8.4213186322e+01,4.4041857042e+00,3.0473972284e+02,3.3483728905e+02,-1.7045832984e+01,3.3483728905e+02,1.7045832984e+01,0.0000000000e+00,nan,nan,nan,nan,nan,nan
3.0434654041e-04,3.1440655029e-06,1.9527931645e+01,-2.1136457805e+01,-5.9276176500e+00,4.2732469007e+01,3.1471759482e+01,-1.7871445487e+01,3.1471759482e+01,1.7871445487e+01,0.0000000000e+00,nan,nan,nan,nan,nan,nan
3.2541829729e-04,1.0420355646e-04,-4.3379351652e+00,-8.7501759334e+00,-2.6748475219e+00,1.5221889432e+01,5.2819706177e+00,-1.2294753305e+01,5.2819706177e+00,1.2294753305e+01,1.0000000000e+00,1.6716338388e+01,1.2842869515e+01,-1.0700311759e+01,1.4037625222e+01,6.4011098066e-01,7.6828245616e-01
3.2449982808e-04,3.3656933733e-06,8.2342720377e+00,-1.6142305787e+01,-6.7479922809e+00,3.0816402096e+01,1.8534997924e+01,-1.7048718167e+01,1.8534997924e+01,1.7048718167e+01,0.0000000000e+00,nan,nan,nan,nan,nan,nan
-3.0252515949e-04,5.8022511329e-05,-4.6473070183e+00,3.0606873442e+01,-5.3948399588e+00,5.2795837322e+01,2.5460617401e+01,-3.5502764378e+01,2.5460617401e+01,3.5502764378e+01,1.0000000000e+00,1.0455117203e+01,9.5800322511e+00,4.1871777831e+00,2.3257806326e+01,-4.0049075510e-01,9.1630079945e-01
3.4517712622e-04,8.5411943052e-05,-5.2778994335e+00,-9.4685103333e+00,9.0263399024e-01,1.7246897113e+01,7.7698679695e+00,-1.2145133413e+01,7.7698679695e+00,1.2145133413e+01,1.0000000000e+00,1.2586423193e+01,8.5805200512e+00,-9.2082965007e+00,1.3727639943e+01,7.3160550535e-01,6.8172823364e-01
-3.4275869823e-04,2.3647641439e-06,1.9395219092e+02,8.4628990116e+01,1.3535214656e+01,2.1421138788e+02,2.2741870525e+02,-1.9931299667e+01,2.2741870525e+02,1.9931299658e+01,0.0000000000e+00,nan,nan,nan,nan,nan,nan
3.4499576614e-04,3.6732911823e-06,-2.6101669027e+00,-1.2474003272e+01,-2.1347828738e+00,2.1594621233e+01,1.0095185494e+01,-1.4840135270e+01,1.0095185494e+01,1.4840135267e+01,0.0000000000e+00,nan,nan,nan,nan,nan,nan
3.6030136519e-04,6.8192167085e-05,-5.9695985681e+00,-1.0117312950e+01,5.1261862966e+00,1.9980526431e+01,1.1114056178e+01,-1.1957468449e+01,1.1114056178e+01,1.1957468449e+01,1.0000000000e+00,8.5907913711e+00,5.1003103261e+00,-6.9129249207e+00,1.3590577762e+01,8.0469011783e-01,5.9369505157e-01
-3.1601318780e-04,5.3695650689e-05,3.7499880462e+01,2.5224086738e+01,-5.1705854435e+00,5.6442264938e+01,4.8751604365e+01,-1.6422309347e+01,4.8751604365e+01,1.6422309347e+01,1.0000000000e+00,9.3979960788e+00,9.2790627432e+00,1.4904109850e+00,2.2783617973e+01,-1.5858816843e-01,9.8734481962e-01
-5.4197879178e-05,1.2501366956e-04,-2.0363819104e+01,2.9164798612e+00,-3.1289020608e+01,1.0708636121e+01,-1.9643785909e+01,-3.2009053803e+01,-2.7710230442e-07,3.2009053803e+01,1.0000000000e+00,1.8350223284e+01,1.8274473041e+01,1.6656319104e+00,2.0468256730e+01,-9.0769026871e-02,9.9587197157e-01
7.1318950366e-05,1.4361369001e-04,-2.2206293043e+00,-3.5118796460e+00,1.1895986426e+01,1.1357944280e+01,1.1395190749e+01,-1.7198336268e+00,1.8606158915e+01,7.0668704688e+00,0.0000000000e+00,nan,nan,nan,nan,nan,nan
9.7507290149e-05,1.5596992286e-04,3.3317342542e+00,-2.3025305048e+00,-1.8344737715e+01,1.9181179647e+01,3.5677575022e+00,-1.8580760963e+01,3.5962881782e+00,1.8580755668e+01,1.0000000000e+00,2.6513136896e+01,2.5812090925e+01,6.0565988935e+00,1.9558135202e+01,-2.2843765780e-01,9.7355854292e-01
1.6434610913e-04,1.6501011964e-04,6.4352551311e+00,-4.5942567367e+00,-1.2738754979e+01,1.8408243162e+01,7.4762542208e+00,-1.3779754068e+01,7.4762306416e+00,1.3779754068e+01,1.0000000000e+00,3.1557489279e+01,3.1539700735e+01,-1.0594371732e+00,1.7719169306e+01,3.3571655966e-02,9.9943631309e-01
2.0094816294e-04,1.6048607371e-04,2.8637165343e+00,-5.7969296419e+00,-1.1426483044e+01,1.5933632537e+01,4.9179037798e+00,-1.3480670289e+01,4.9179091183e+00,1.3480670289e+01,1.0000000000e+00,2.8753147529e+01,2.8248942375e+01,-5.3610397757e+00,1.6666683570e+01,1.8645053625e-01,9.8246434924e-01
-3.5826508830e-04,3.1233402485e-06,1.0692503259e+02,6.5229967448e+01,1.2017786430e+01,1.3968353675e+02,1.4011773705e+02,-2.1174918032e+01,1.4011773705e+02,2.1174926479e+01,0.0000000000e+00,nan,nan,nan,nan,nan,nan
3.6081947087e-04,3.9760903972e-06,8.2183829800e-01,-1.2750102301e+01,4.8266800322e+00,2.2352237297e+01,1.5729329385e+01,-1.0080811055e+01,1.5729329385e+01,1.0080814514e+01,0.0000000000e+00,nan,nan,nan,nan,nan,nan
3.7078528139e-04,5.2813185504e-05,-6.2844265100e+00,-1.0845889269e+01,9.7555649306e+00,2.3354216438e+01,1.5219132357e+01,-1.1747993937e+01,1.5219132357e+01,1.1747993960e+01,1.0000000000e+00,5.8751625279e+00,3.1109532141e+00,-4.9839246412e+00,1.3583090757e+01,8.4830413074e-01,5.2950930282e-01
-3.3325473536e-04,4.8410743931e-05,4.0593384944e+01,3.5513635972e+01,9.9823874964e+00,6.6916469961e+01,6.3922128165e+01,-1.3346355725e+01,6.3922128165e+01,1.3346355716e+01,1.0000000000e+00,1.5049915069e+01,1.3408859186e+01,6.8339182688e+00,2.3599144981e+01,-4.5408351060e-01,8.9095912667e-01
-3.5418064967e-04,3.5853020744e-05,5.6590331113e+01,5.4423623532e+01,3.1857328469e+01,9.6635026869e+01,1.0001608857e+02,-1.1568428985e+01,1.0001608857e+02,1.1568409348e+01,1.0000000000e+00,1.0453575180e+01,8.4986851490e+00,6.0868370096e+00,2.3942841783e+01,-5.8227323234e-01,8.1299316288e-01
3.8004606395e-04,3.6182885972e-05,-6.1113669440e+00,-1.2051344926e+01,1.6472519401e+01,2.8588773310e+01,2.1686312195e+01,-1.1325159738e+01,2.1686312195e+01,1.1325137290e+01,1.0000000000e+00,2.7650250481e+00,1.2379542618e+00,-2.4724143590e+00,1.3678862269e+01,8.9417430799e-01,4.4771900443e-01
2.6859392913e-04,2.7611753634e-06,2.5850812666e+01,-2.1255185958e+01,-1.2799393817e+01,4.9747916703e+01,3.5247682525e+01,-2.2196263675e+01,3.5247682524e+01,2.2196263675e+01,0.0000000000e+00,nan,nan,nan,nan,nan,nan
2.9232281644e-04,3.1776310371e-06,2.2852310550e+01,-2.2217658313e+01,-5.4756006072e+00,4.5636952491e+01,3.5036861777e+01,-1.7660151834e+01,3.5036861780e+01,1.7660151834e+01,0.0000000000e+00,nan,nan,nan,nan,nan,nan
2.4455818165e-04,2.3269466184e-06,6.2750289027e+01,-2.8726562386e+01,-1.1843954059e+01,8.1553205746e+01,7.2537932775e+01,-2.1631597807e+01,7.2537932775e+01,2.1631597807e+01,0.0000000000e+00,nan,nan,nan,nan,nan,nan
-2.4499070644e-04,1.4872385213e-06,2.5561991374e+02,4.1563194954e+01,-3.3359988761e+01,2.6040845894e+02,2.6147685636e+02,-3.9216931378e+01,2.6147685636e+02,3.9216931378e+01,0.0000000000e+00,nan,nan,nan,nan,nan,nan
2.1663846893e-04,1.9483053651e-06,1.2285966055e+02,-3.5593833639e+01,-1.1985809981e+01,1.3207480684e+02,1.3169035057e+02,-2.0816500000e+01,1.3169035057e+02,2.0816500000e+01,0.0000000000e+00,nan,nan,nan,nan,nan,nan
-2.1718696490e-04,1.4744758830e-06,2.3692404025e+02,3.2636715275e+01,-4.1967914955e+01,2.4805238143e+02,2.4069117184e+02,-4.5735046547e+01,2.4069117184e+02,4.5735046547e+01,0.0000000000e+00,nan,nan,nan,nan,nan,nan
-1.8935528896e-04,1.4643503391e-06,2.2476292229e+02,2.5511094333e+01,-4.6842067698e+01,2.3932985471e+02,2.2713758334e+02,-4.9216728744e+01,2.2713758334e+02,4.9216728744e+01,0.0000000000e+00,nan,nan,nan,nan,nan,nan
1.8872638551e-04,1.6797137062e-06,2.0124306624e+02,-4.2599074943e+01,-1.2571706580e+01,1.9934968882e+02,2.0943027633e+02,-2.0758916674e+01,2.0943027633e+02,2.0758916674e+01,0.0000000000e+00,nan,nan,nan,nan,nan,nan
-3.7029541677e-04,3.6336016960e-06,7.2362873251e+01,5.1785192162e+01,1.3652199433e+01,1.0298830172e+02,1.0246786006e+02,-1.6452787378e+01,1.0246786006e+02,1.6454122381e+01,0.0000000000e+00,nan,nan,nan,nan,nan,nan
2.3162407322e-04,1.5289341076e-04,6.6143379658e-01,-6.5140328692e+00,-1.0139704539e+01,1.4654492119e+01,3.7216395984e+00,-1.3199910341e+01,3.7216395691e+00,1.3199910341e+01,1.0000000000e+00,2.6716195617e+01,2.5568764381e+01,-7.7455404133e+00,1.5962841515e+01,2.8991928807e-01,9.5705109916e-01
2.6142854786e-04,1.4261750490e-04,-1.0558728052e+00,-7.1492187626e+00,-8.5634736254e+00,1.3984927242e+01,3.2645282926e+00,-1.2883874723e+01,3.2645282900e+00,1.2883874723e+01,1.0000000000e+00,2.4468448174e+01,2.2519524703e+01,-9.5695330692e+00,1.5319120035e+01,3.9109685262e-01,9.2034952701e-01
2.8894609856e-04,1.2915817220e-04,-2.5131041955e+00,-7.7742592156e+00,-6.6340406593e+00,1.3929370212e+01,3.4685532142e+00,-1.2615698069e+01,3.4685532142e+00,1.2615698069e+01,1.0000000000e+00,2.2114606950e+01,1.9385531104e+01,-1.0642228355e+01,1.4797807806e+01,4.8123072587e-01,8.7659397013e-01
-2.8008208907e-04,6.8742881145e-05,-1.5433387503e+01,2.5045426370e+01,-1.1807740473e+01,4.3466082488e+01,1.1474590437e+01,-3.8715718413e+01,1.1474590437e+01,3.8715718413e+01,1.0000000000e+00,1.3216645703e+01,1.2024094662e+01,5.4864260854e+00,2.3205832470e+01,-4.1511486415e-01,9.0976900891e-01
3.3531818070e-04,9.5131772437e-05,-4.8105783510e+00,-9.1008291571e+00,-1.0741381713e+00,1.6088493826e+01,6.3463379801e+00,-1.2231054502e+01,6.3463379801e+00,1.2231054502e+01,1.0000000000e+00,1.5032952662e+01,1.1025347792e+01,-1.0219166884e+01,1.3888331571e+01,6.7978441186e-01,7.3341199431e-01
-3.6990091655e-04,2.3986256714e-05,7.7984642335e+01,7.7034954572e+01,5.6827972823e+01,1.3461346527e+02,1.4512542799e+02,-1.0312812831e+01,1.4512542799e+02,1.0310681599e+01,1.0000000000e+00,6.9045900186e+00,5.2671395991e+00,4.4643704784e+00,2.4018480202e+01,-6.4658009619e-01,7.6284610454e-01
3.8437858435e-04,4.3219583537e-06,9.8020355218e+00,-1.8048589667e+01,2.0222354699e+01,3.2528544745e+01,3.3792559175e+01,-3.7681689547e+00,3.3792559175e+01,3.7214277533e+00,0.0000000000e+00,nan,nan,nan,nan,nan,nan
3.5285872876e-04,3.9311429300e-06,-1.1116989748e+00,-1.2438490049e+01,1.3782045060e+00,2.1646976981e+01,1.2631140753e+01,-1.2364635222e+01,1.2631140753e+01,1.2364635268e+01,0.0000000000e+00,nan,nan,nan,nan,nan,nan
-3.3501922032e-04,2.1254591390e-06,2.4303981476e+02,9.2676576214e+01,1.4879538318e+01,2.5454303718e+02,2.7592016758e+02,-1.8000814499e+01,2.7592016758e+02,1.8000814499e+01,0.0000000000e+00,nan,nan,nan,nan,nan,nan
3.1653944358e-04,3.0999968492e-06,1.4325635377e+01,-1.8934995309e+01,-6.1278725286e+00,3.7268966335e+01,2.5616129170e+01,-1.7418366321e+01,2.5616129170e+01,1.7418366322e+01,0.0000000000e+00,nan,nan,nan,nan,nan,nan
-3.1562991664e-04,1.8230491107e-06,2.9666629153e+02,9.0325356735e+01,8.9392860036e+00,2.9420218725e+02,3.2266050077e+02,-1.7054923240e+01,3.2266050077e+02,1.7054923240e+01,0.0000000000e+00,nan,nan,nan,nan,nan,nan
2.3657658397e-04,2.2070280271e-06,7.8025111401e+01,-3.0787838982e+01,-1.1801552268e+01,9.4330648926e+01,8.7573605117e+01,-2.1350045984e+01,8.7573605117e+01,2.1350045984e+01,0.0000000000e+00,nan,nan,nan,nan,nan,nan
2.0866546422e-04,1.8595180757e-06,1.4365087230e+02,-3.7551239142e+01,-1.2115510240e+01,1.4978167340e+02,1.5224417049e+02,-2.0708808428e+01,1.5224417049e+02,2.0708808428e+01,0.0000000000e+00,nan,nan,nan,nan,nan,nan
-1.8139984566e-04,1.4622973440e-06,2.2207279367e+02,2.3673566820e+01,-4.7850216625e+01,2.3732802538e+02,2.2413268786e+02,-4.9910110815e+01,2.2413268786e+02,4.9910110815e+01,0.0000000000e+00,nan,nan,nan,nan,nan,nan
1.8074685770e-04,1.6254059932e-06,2.2420600544e+02,-4.4597094429e+01,-1.2759124973e+01,2.1929424944e+02,2.3233303418e+02,-2.0886153711e+01,2.3233303418e+02,2.0886153711e+01,0.0000000000e+00,nan,nan,nan,nan,nan,nan
-1.5354656214e-04,1.4568382206e-06,2.1468162447e+02,1.7727340806e+01,-5.0526969781e+01,2.3171983178e+02,2.1586083460e+02,-5.1706179907e+01,2.1586083460e+02,5.1706179907e+01,0.0000000000e+00,nan,nan,nan,nan,nan,nan
-1.2568215223e-04,1.4533596867e-06,2.0980020346e+02,1.2350981358e+01,-5.2232879860e+01,2.2793281663e+02,2.1038073484e+02,-5.2813411237e+01,2.1038073484e+02,5.2813411237e+01,0.0000000000e+00,nan,nan,nan,nan,nan,nan
1.0904423531e-04,1.5305320888e-06,2.5798932897e+02,-3.9302033842e+01,-1.7379579105e+01,2.4799813726e+02,2.6348666624e+02,-2.2876916371e+01,2.6348666624e+02,2.2876916371e+01,0.0000000000e+00,nan,nan,nan,nan,nan,nan
7.7308587490e-05,1.5171566049e-06,2.3653801734e+02,-2.7717499555e+01,-2.4425257379e+01,2.3104075295e+02,2.3944782089e+02,-2.7335060927e+01,2.3944782089e+02,2.7335060927e+01,0.0000000000e+00,nan,nan,nan,nan,nan,nan
4.5506025094e-05,1.4884061514e-06,2.2251858115e+02,-1.8378498074e+01,-3.4003703534e+01,2.2442239933e+02,2.2382777147e+02,-3.5312893856e+01,2.2382777147e+02,3.5312893856e+01,0.0000000000e+00,nan,nan,nan,nan,nan,nan
9.7274115483e-06,1.4730823899e-06,2.1286527789e+02,-1.0603659656e+01,-4.3832155844e+01,2.2306321737e+02,2.1330216962e+02,-4.4269047569e+01,2.1330216962e+02,4.4269047569e+01,0.0000000000e+00,nan,nan,nan,nan,nan,nan
-2.6113278139e-05,1.4585845690e-06,2.0767965878e+02,-4.3827418839e+00,-5.0106821776e+01,2.2337827725e+02,2.0775392701e+02,-5.0181089997e+01,2.0775392701e+02,5.0181089997e+01,0.0000000000e+00,nan,nan,nan,nan,nan,nan
-5.9465758401e-05,1.2450074925e-04,-1.8896678545e+01,3.4299498405e+00,-3.1194424924e+01,1.2183533258e+01,-1.8011385528e+01,-3.2079717940e+01,8.3455787010e-07,3.2079717940e+01,1.0000000000e+00,1.8567503818e+01,1.8478796961e+01,1.8128047070e+00,2.0563744022e+01,-9.7633194250e-02,9.9522246728e-01
-7.2872584297e-05,1.2315322090e-04,-1.5624469579e+01,4.7278641075e+00,-3.0938855360e+01,1.5578115700e+01,-1.4287633177e+01,-3.2275691762e+01,-3.8783891566e-06,3.2275691762e+01,1.0000000000e+00,1.8819247353e+01,1.8707083717e+01,2.0516066248e+00,2.0709882100e+01,-1.0901640147e-01,9.9403995101e-01
3.6611171410e-05,1.3236268022e-04,-5.3986706978e+01,-9.4661404618e+00,-3.4861865064e+01,2.3218911835e+01,-3.1018841023e+01,-5.7829731019e+01,-2.0445897488e-08,5.7829731020e+01,1.0000000000e+00,1.1798711267e+01,1.1689359774e+01,1.6026402034e+00,1.9902556240e+01,-1.3583180122e-01,9.9073191216e-01
-1.3050796413e-04,1.1483400286e-04,-7.0989464379e+00,1.0284580870e+01,-2.9386413746e+01,2.6261685185e+01,-3.0804890805e+00,-3.3404871103e+01,-1.0838742006e-02,3.3404871103e+01,1.0000000000e+00,1.9050834309e+01,1.8742820613e+01,3.4118856023e+00,2.1459922940e+01,-1.7909376287e-01,9.8383201010e-01
7.6633413967e-05,1.4864109531e-04,3.0561679366e+00,-1.0580313305e+00,-1.9024770509e+01,1.9097623116e+01,3.0417165606e+00,-1.9010319133e+01,1.4029318756e+00,1.9347133067e+01,1.0000000000e+00,2.5105423565e+01,2.2454701601e+01,1.1228030477e+01,2.0677233475e+01,-4.4723525369e-01,8.9441636158e-01
1.0525703234e-04,1.5787236515e-04,2.9636841785e+00,-2.2880868277e+00,-1.7897673149e+01,1.8495604510e+01,3.2114477575e+00,-1.8145436728e+01,3.1904395886e+00,1.8145437057e+01,1.0000000000e+00,2.6177183164e+01,2.5646259317e+01,5.2454076537e+00,1.9365367616e+01,-2.0038090503e-01,9.7971806807e-01
-1.7258196386e-04,1.0592981093e-04,-5.7927717646e+00,1.4412695274e+01,-2.7288990763e+01,3.1137885127e+01,1.4365850962e+00,-3.4518347623e+01,1.4095437070e+00,3.4518347623e+01,1.0000000000e+00,1.8434592395e+01,1.7893916047e+01,4.4319256869e+00,2.2000620866e+01,-2.4041354383e-01,9.7067055582e-01
1.3703220502e-04,1.6513841985e-04,9.5348251926e+00,-2.3131452556e+00,-1.4153364508e+01,2.0872305965e+01,9.7413618098e+00,-1.4359901125e+01,9.7378829824e+00,1.4359901125e+01,1.0000000000e+00,2.9935581493e+01,2.9389056980e+01,5.6940643789e+00,1.9126483312e+01,-1.9021058202e-01,9.8174331395e-01
1.5551766723e-04,1.6540582111e-04,7.5705112703e+00,-4.1494800707e+00,-1.3036960591e+01,1.9232110506e+01,8.3704395172e+00,-1.3836888838e+01,8.3702194356e+00,1.3836888838e+01,1.0000000000e+00,3.2299065884e+01,3.2298209605e+01,2.3518777292e-01,1.7990762499e+01,-7.2815657817e-03,9.9997348905e-01
-1.9372493124e-04,1.0050748583e-04,-6.5699736712e+00,1.6406419888e+01,-2.5751398686e+01,3.2913547050e+01,2.8419590705e+00,-3.5163331428e+01,2.8419589955e+00,3.5163331428e+01,1.0000000000e+00,1.7963991512e+01,1.7293064911e+01,4.8636300248e+00,2.2240315406e+01,-2.7074328228e-01,9.6265158552e-01
2.4026443586e-04,1.5067989531e-04,1.7963219374e-01,-6.6868406728e+00,-9.7173492214e+00,1.4407646461e+01,3.5494000486e+00,-1.3087117076e+01,3.5494000317e+00,1.3087117076e+01,1.0000000000e+00,2.6186864858e+01,2.4852019251e+01,-8.2540311531e+00,1.5796212665e+01,3.1519737845e-01,9.4902613906e-01
2.9665631213e-04,1.2472842288e-04,-2.9043361539e+00,-7.9589406891e+00,-5.9675147261e+00,1.4037109985e+01,3.6684037883e+00,-1.2540254668e+01,3.6684037883e+00,1.2540254668e+01,1.0000000000e+00,2.0951657988e+01,1.7889185061e+01,-1.0906375672e+01,1.4589792778e+01,5.2054952780e-01,8.5383147582e-01
3.5164990984e-04,7.8521549272e-05,-5.5836351594e+00,-9.7222853913e+00,2.4832050379e+00,1.8227351031e+01,8.9733509635e+00,-1.2073781085e+01,8.9733509635e+00,1.2073781085e+01,1.0000000000e+00,1.1287045101e+01,7.3784578172e+00,-8.5414136625e+00,1.3667128564e+01,7.5674488637e-01,6.5371031577e-01
3.7593434740e-04,4.4749377966e-05,-6.3807154244e+00,-1.1239415793e+01,1.2849043482e+01,2.5610059267e+01,1.8020138640e+01,-1.1551810583e+01,1.8020138640e+01,1.1551810459e+01,1.0000000000e+00,3.9440790287e+00,1.8936385112e+00,-3.4597532532e+00,1.3626407476e+01,8.7720180760e-01,4.8012184782e-01
-3.4370623444e-04,4.2666772792e-05,4.7842004010e+01,4.4633037194e+01,2.0572897715e+01,8.0804790430e+01,8.0860118369e+01,-1.2445216644e+01,8.0860118369e+01,1.2445215206e+01,1.0000000000e+00,1.2655745187e+01,1.0721993917e+01,6.7235952207e+00,2.3823329802e+01,-5.3126822018e-01,8.4720368167e-01
3.9066141712e-04,1.2605785026e-05,-1.0363185580e+00,-1.9456447781e+01,3.4894835081e+01,4.5619738672e+01,4.3267826664e+01,-9.4093101412e+00,4.3267826664e+01,9.2586515041e+00,1.0000000000e+00,3.5851921720e-02,1.3365830423e-02,-3.3267324330e-02,1.3967530657e+01,9.2790909760e-01,3.7280652702e-01
-3.8191762916e-04,1.3278636535e-05,1.1103840537e+02,1.0888879107e+02,8.9177632307e+01,1.8925982075e+02,2.0937722730e+02,-9.1611896217e+00,2.0937722730e+02,8.9301885785e+00,1.0000000000e+00,3.9540716379e+00,2.8817445564e+00,2.7074399032e+00,2.3969763721e+01,-6.8472201598e-01,7.2880433645e-01
-3.8945783392e-04,4.2764906896e-06,1.3636996422e+02,1.0960606348e+02,8.5512838439e+01,1.9479339255e+02,2.2340541896e+02,-1.5226162957e+00,2.2340541896e+02,6.8619981552e-01,1.0000000000e+00,1.7805360114e+00,1.3201995650e+00,1.1947307631e+00,2.3831057645e+01,-6.7099500121e-01,7.4146187249e-01
3.9212699617e-04,4.1726393428e-06,1.4905811760e+01,-2.6162011354e+01,3.5332911966e+01,4.8454548103e+01,5.3094608254e+01,-2.8558845278e+00,5.3094608254e+01,2.2626547840e+00,0.0000000000e+00,nan,nan,nan,nan,nan,nan
-3.7971092063e-04,8.3909619012e-06,9.1878530080e+01,7.5581419277e+01,4.7305841145e+01,1.3642978804e+02,1.4835996046e+02,-9.1755892400e+00,1.4835996046e+02,9.2734464390e+00,0.0000000000e+00,nan,nan,nan,nan,nan,nan
-3.7618579016e-04,8.0264324458e-06,8.1180049205e+01,6.4357164231e+01,3.3510697154e+01,1.1882816315e+02,1.2595084516e+02,-1.1260098801e+01,1.2595084516e+02,1.1259732547e+01,0.0000000000e+00,nan,nan,nan,nan,nan,nan
-3.7368479989e-04,1.2221706968e-05,8.2859749018e+01,6.6997045112e+01,3.6247002842e+01,1.2281138960e+02,1.3045856477e+02,-1.1351812915e+01,1.3045856477e+02,1.1339192210e+01,0.0000000000e+00,nan,nan,nan,nan,nan,nan
-3.7025164835e-04,1.1648103339e-05,7.5899528406e+01,5.7881018219e+01,2.5134897288e+01,1.0942352831e+02,1.1369291637e+02,-1.2658490676e+01,1.1369291637e+02,1.2661936187e+01,0.0000000000e+00,nan,nan,nan,nan,nan,nan
-3.6773064228e-04,1.5750005057e-05,7.5356965797e+01,5.8906663212e+01,2.7365061111e+01,1.1012190320e+02,1.1493992391e+02,-1.2217897003e+01,1.1493992391e+02,1.2218268411e+01,0.0000000000e+00,nan,nan,nan,nan,nan,nan
-3.6184696696e-04,1.9003019159e-05,6.8839491054e+01,5.1878920616e+01,2.0127007269e+01,9.9221718462e+01,1.0176893502e+02,-1.2802436702e+01,1.0176893502e+02,1.2802748121e+01,0.0000000000e+00,nan,nan,nan,nan,nan,nan
-3.5850298755e-04,1.8089685658e-05,6.5569382408e+01,4.6010631914e+01,1.2816348634e+01,9.1822756935e+01,9.2206758955e+01,-1.3821027913e+01,9.2206758955e+01,1.3821110112e+01,0.0000000000e+00,nan,nan,nan,nan,nan,nan
-3.5602921830e-04,2.2010581838e-05,6.3272053752e+01,4.5917541811e+01,1.4059243841e+01,9.0191847410e+01,9.0737936177e+01,-1.3406638584e+01,9.0737936177e+01,1.3406532902e+01,0.0000000000e+00,nan,nan,nan,nan,nan,nan
-3.5270206021e-04,2.0965874616e-05,6.1150311922e+01,4.1249305141e+01,7.9728709168e+00,8.4965746247e+01,8.3616587887e+01,-1.4493405048e+01,8.3616587887e+01,1.4493412960e+01,0.0000000000e+00,nan,nan,nan,nan,nan,nan
-3.4694249366e-04,2.3644954622e-05,5.7503848949e+01,3.7174482469e+01,3.3877853923e+00,7.9609957999e+01,7.6408647852e+01,-1.5517013511e+01,7.6408647852e+01,1.5517007717e+01,0.0000000000e+00,nan,nan,nan,nan,nan,nan
-3.4455314018e-04,2.7383908725e-05,5.4777788621e+01,3.6512426876e+01,3.6113091233e+00,7.7188210718e+01,7.3759183108e+01,-1.5370085364e+01,7.3759183108e+01,1.5370082469e+01,0.0000000000e+00,nan,nan,nan,nan,nan,nan
-3.3885648627e-04,2.9786397713e-05,5.2180969074e+01,3.3371183229e+01,-6.9305652916e-01,7.3724854489e+01,6.8309020857e+01,-1.6821108313e+01,6.8309020857e+01,1.6821108510e+01,0.0000000000e+00,nan,nan,nan,nan,nan,nan
-3.3780027864e-04,2.4947938684e-05,5.5631684633e+01,3.3872611209e+01,-1.2395506170e+00,7.6610507494e+01,7.1427164132e+01,-1.7035030117e+01,7.1427164132e+01,1.7035029819e+01,0.0000000000e+00,nan,nan,nan,nan,nan,nan
-3.3037375873e-04,3.0555294377e-05,5.3215098239e+01,3.3121065162e+01,-1.3520579349e+00,7.4334808865e+01,6.8848742060e+01,-1.6985701757e+01,6.8848742060e+01,1.6985701785e+01,0.0000000000e+00,nan,nan,nan,nan,nan,nan
-3.2936803395e-04,2.5894197644e-05,5.8419950622e+01,3.5192529745e+01,-6.0297019368e-01,7.9561454846e+01,7.4843317587e+01,-1.7026337158e+01,7.4843317587e+01,1.7026337144e+01,0.0000000000e+00,nan,nan,nan,nan,nan,nan
-3.1997727648e-04,2.9689381674e-05,5.9841488910e+01,3.5900800538e+01,-3.1769321490e-01,8.1140712711e+01,7.6608510173e+01,-1.7084714478e+01,7.6608510173e+01,1.7084714477e+01,0.0000000000e+00,nan,nan,nan,nan,nan,nan
-3.1570404269e-04,3.1379514053e-05,6.0499202606e+01,3.6196614703e+01,-2.2216038933e-01,8.1848543779e+01,7.7393799892e+01,-1.7116757675e+01,7.7393799892e+01,1.7116757675e+01,0.0000000000e+00,nan,nan,nan,nan,nan,nan
-3.1311840576e-04,3.0149889386e-05,6.8525285256e+01,3.9604034606e+01,1.1986961093e+00,9.0044242169e+01,8.6849058138e+01,-1.7125076772e+01,8.6849058138e+01,1.7125076772e+01,0.0000000000e+00,nan,nan,nan,nan,nan,nan
-3.0669964261e-04,3.0638841283e-05,7.6636616346e+01,4.2489415872e+01,2.1479295758e+00,9.7875240578e+01,9.5900569455e+01,-1.7116023534e+01,9.5900569455e+01,1.7116023534e+01,0.0000000000e+00,nan,nan,nan,nan,nan,nan
-3.0417231764e-04,2.9622530790e-05,8.3385846475e+01,4.4552855604e+01,2.6642567035e+00,1.0413221566e+02,1.0314581433e+02,-1.7095711155e+01,1.0314581433e+02,1.7095711155e+01,0.0000000000e+00,nan,nan,nan,nan,nan,nan
-2.9806037068e-04,3.0268611489e-05,8.7297280789e+01,4.5320836110e+01,2.5829457810e+00,1.0745067525e+02,1.0697678957e+02,-1.7096562997e+01,1.0697678957e+02,1.7096562997e+01,0.0000000000e+00,nan,nan,nan,nan,nan,nan
-2.9469222812e-04,3.1808743087e-05,8.5541109468e+01,4.4596910655e+01,2.2808781472e+00,1.0567422127e+02,1.0492203391e+02,-1.7100046291e+01,1.0492203391e+02,1.7100046291e+01,0.0000000000e+00,nan,nan,nan,nan,nan,nan
-2.9389656670e-04,3.4204636689e-05,7.8747792805e+01,4.2492167595e+01,1.7542149864e+00,9.9316922029e+01,9.7591655564e+01,-1.7089647773e+01,9.7591655564e+01,1.7089647773e+01,0.0000000000e+00,nan,nan,nan,nan,nan,nan
-2.8963283994e-04,3.0197044409e-05,9.6368184345e+01,4.7518609307e+01,2.7990768099e+00,1.1550400090e+02,1.1626989659e+02,-1.7102635435e+01,1.1626989659e+02,1.7102635435e+01,0.0000000000e+00,nan,nan,nan,nan,nan,nan
-2.8393158067e-04,3.1036678496e-05,9.9353278381e+01,4.7968563872e+01,2.7993535187e+00,1.1787649866e+02,1.1913234418e+02,-1.6979712280e+01,1.1913234418e+02,1.6979712280e+01,0.0000000000e+00,nan,nan,nan,nan,nan,nan
-2.8038478896e-04,3.4811158449e-05,8.8552773209e+01,4.6641211905e+01,-1.7170195253e+00,1.1241444943e+02,1.0832038948e+02,-2.1484635798e+01,1.0832038948e+02,2.1484635798e+01,0.0000000000e+00,nan,nan,nan,nan,nan,nan
-2.7562263497e-04,3.1406221273e-05,1.0538528827e+02,5.0869457493e+01,-3.9558048669e+00,1.2933951086e+02,1.2538894311e+02,-2.3959459710e+01,1.2538894311e+02,2.3959459710e+01,0.0000000000e+00,nan,nan,nan,nan,nan,nan
-2.7220037468e-04,3.5173787265e-05,9.2777582844e+01,4.8972319258e+01,-7.0805122442e+00,1.2113003239e+02,1.1278299211e+02,-2.7085921509e+01,1.1278299211e+02,2.7085921509e+01,0.0000000000e+00,nan,nan,nan,nan,nan,nan
-2.6680628734e-04,3.4167009486e-05,1.0001215031e+02,5.0228624408e+01,-1.0164001496e+01,1.2911828158e+02,1.1947054905e+02,-2.9622400219e+01,1.1947054904e+02,2.9622400220e+01,0.0000000000e+00,nan,nan,nan,nan,nan,nan
-2.6103084429e-04,3.5390762693e-05,9.8396225924e+01,4.9591705718e+01,-1.3347093735e+01,1.2938922483e+02,1.1722746988e+02,-3.2178337692e+01,1.1722746988e+02,3.2178337692e+01,0.0000000000e+00,nan,nan,nan,nan,nan,nan
-2.5820895683e-04,3.4997819863e-05,1.0134083313e+02,4.9626227239e+01,-1.4818643270e+01,1.3231270351e+02,1.1965186992e+02,-3.3129680058e+01,1.1965186992e+02,3.3129680058e+01,0.0000000000e+00,nan,nan,nan,nan,nan,nan
-2.5242888793e-04,3.4309172964e-05,1.0663310772e+02,4.9249642527e+01,-1.7746741570e+01,1.3739687571e+02,1.2376930625e+02,-3.4882940101e+01,1.2376930625e+02,3.4882940101e+01,0.0000000000e+00,nan,nan,nan,nan,nan,nan
-2.4948226783e-04,3.5999037414e-05,1.0136832807e+02,4.8091710163e+01,-1.8832692159e+01,1.3331644706e+02,1.1823810455e+02,-3.5702468638e+01,1.1823810455e+02,3.5702468638e+01,0.0000000000e+00,nan,nan,nan,nan,nan,nan
-2.4355471604e-04,3.5427042519e-05,1.0567908998e+02,4.7171263531e+01,-2.1485888418e+01,1.3712120947e+02,1.2126356798e+02,-3.7070366419e+01,1.2126356798e+02,3.7070366419e+01,0.0000000000e+00,nan,nan,nan,nan,nan,nan
-2.4053481178e-04,3.5175838125e-05,1.0756936487e+02,4.6570675672e+01,-2.2771010036e+01,1.3873213157e+02,1.2249621093e+02,-3.7697856087e+01,1.2249621093e+02,3.7697856087e+01,0.0000000000e+00,nan,nan,nan,nan,nan,nan
-2.2596497930e-04,3.9854185231e-05,9.5491342468e+01,4.1674199846e+01,-2.6747379015e+01,1.2812446990e+02,1.0834467891e+02,-3.9600715457e+01,1.0834467891e+02,3.9600715457e+01,0.0000000000e+00,nan,nan,nan,nan,nan,nan
-2.2289458358e-04,3.9654614285e-05,9.6866111162e+01,4.0921946216e+01,-2.7739014940e+01,1.2910309538e+02,1.0910125498e+02,-3.9974158758e+01,1.0910125498e+02,3.9974158758e+01,0.0000000000e+00,nan,nan,nan,nan,nan,nan
-2.1667448389e-04,3.9297523798e-05,9.9280571904e+01,3.9303226426e+01,-2.9630407344e+01,1.3075469397e+02,1.1031634004e+02,-4.0666175483e+01,1.1031634004e+02,4.0666175483e+01,0.0000000000e+00,nan,nan,nan,nan,nan,nan
-2.1352758839e-04,3.9137744022e-05,1.0033359224e+02,3.8447926026e+01,-3.0528313249e+01,1.3144359310e+02,1.1079163335e+02,-4.0986354366e+01,1.1079163335e+02,4.0986354366e+01,0.0000000000e+00,nan,nan,nan,nan,nan,nan
-2.0770291398e-04,4.0698976136e-05,9.6601808240e+01,3.6551454180e+01,-3.1569862720e+01,1.2778168162e+02,1.0629076104e+02,-4.1258815524e+01,1.0629076104e+02,4.1258815524e+01,0.0000000000e+00,nan,nan,nan,nan,nan,nan
-2.0395481977e-04,3.8721768469e-05,1.0295607252e+02,3.5755456033e+01,-3.3027116882e+01,1.3305295226e+02,1.1178263562e+02,-4.1853679985e+01,1.1178263562e+02,4.1853679985e+01,0.0000000000e+00,nan,nan,nan,nan,nan,nan
-1.9812600432e-04,4.0302288597e-05,9.9050662956e+01,3.3892974642e+01,-3.3871443927e+01,1.2921553724e+02,1.0719223472e+02,-4.2013015695e+01,1.0719223472e+02,4.2013015695e+01,0.0000000000e+00,nan,nan,nan,nan,nan,nan
-1.9489656316e-04,4.0186816233e-05,9.9728364961e+01,3.2984435004e+01,-3.4579860336e+01,1.2958476911e+02,1.0739005364e+02,-4.2241549017e+01,1.0739005364e+02,4.2241549017e+01,0.0000000000e+00,nan,nan,nan,nan,nan,nan
-1.8838744632e-04,3.9977986934e-05,1.0090583151e+02,3.1149252887e+01,-3.5911550748e+01,1.3018986156e+02,1.0766229199e+02,-4.2668011238e+01,1.0766229199e+02,4.2668011238e+01,0.0000000000e+00,nan,nan,nan,nan,nan,nan
-1.7690698242e-04,4.3190105181e-05,9.3384923592e+01,2.7696229689e+01,-3.7007078623e+01,1.2268757257e+02,9.9022625533e+01,-4.2644780564e+01,9.9022625533e+01,4.2644780564e+01,0.0000000000e+00,nan,nan,nan,nan,nan,nan
-1.7124702550e-04,4.4807902999e-05,8.9839884051e+01,2.6042047127e+01,-3.7448788849e+01,1.1910441904e+02,9.4960515998e+01,-4.2569420795e+01,9.4960515998e+01,4.2569420795e+01,0.0000000000e+00,nan,nan,nan,nan,nan,nan
-1.6798875683e-04,4.4721029964e-05,9.0304439117e+01,2.5183863885e+01,-3.7948113472e+01,1.1932614047e+02,9.5071142143e+01,-4.2714816497e+01,9.5071142143e+01,4.2714816497e+01,0.0000000000e+00,nan,nan,nan,nan,nan,nan
-1.6143769791e-04,4.4561364954e-05,9.1135073528e+01,2.3468993966e+01,-3.8886313704e+01,1.1971255995e+02,9.5240458627e+01,-4.2991698803e+01,9.5240458627e+01,4.2991698803e+01,0.0000000000e+00,nan,nan,nan,nan,nan,nan
-1.5814607023e-04,4.4487990186e-05,9.1506641469e+01,2.2613871330e+01,-3.9326309485e+01,1.1988189677e+02,9.5304011360e+01,-4.3123679377e+01,9.5304011360e+01,4.3123679377e+01,0.0000000000e+00,nan,nan,nan,nan,nan,nan
-1.5484445588e-04,4.4418575209e-05,9.1852384377e+01,2.1761165478e+01,-3.9747623667e+01,1.2003809701e+02,9.5356407979e+01,-4.3251647269e+01,9.5356407979e+01,4.3251647269e+01,0.0000000000e+00,nan,nan,nan,nan,nan,nan
-1.4821331239e-04,4.4290764718e-05,9.2475292221e+01,2.0065083411e+01,-4.0536217785e+01,1.2031823545e+02,9.5435302841e+01,-4.3496228406e+01,9.5435302841e+01,4.3496228406e+01,0.0000000000e+00,nan,nan,nan,nan,nan,nan
-1.4488476029e-04,4.4231975716e-05,9.2756535278e+01,1.9222577001e+01,-4.0904432272e+01,1.2044536551e+02,9.5465215704e+01,-4.3613112698e+01,9.5465215704e+01,4.3613112698e+01,0.0000000000e+00,nan,nan,nan,nan,nan,nan
-1.4154820303e-04,4.4176383953e-05,9.3020059876e+01,1.8384250652e+01,-4.1255813110e+01,1.2056569292e+02,9.5490758647e+01,-4.3726511881e+01,9.5490758647e+01,4.3726511881e+01,0.0000000000e+00,nan,nan,nan,nan,nan,nan
-1.3485440693e-04,4.4074671402e-05,9.3499354295e+01,1.6721686119e+01,-4.1909261460e+01,1.2078960084e+02,9.5532954980e+01,-4.3942862145e+01,9.5532954980e+01,4.3942862145e+01,0.0000000000e+00,nan,nan,nan,nan,nan,nan
-1.3150030256e-04,4.4028289654e-05,9.3717992970e+01,1.5898506521e+01,-4.2211767574e+01,1.2089515186e+02,9.5551961167e+01,-4.4045735770e+01,9.5551961167e+01,4.4045735770e+01,0.0000000000e+00,nan,nan,nan,nan,nan,nan
-1.2601950335e-04,4.5673186936e-05,9.0248236776e+01,1.4511052625e+01,-4.2257979417e+01,1.1747268590e+02,9.1818015507e+01,-4.3827758149e+01,9.1818015507e+01,4.3827758148e+01,0.0000000000e+00,nan,nan,nan,nan,nan,nan
-1.1258513156e-04,4.5516684606e-05,9.1030663822e+01,1.1334200263e+01,-4.3227055662e+01,1.1791513563e+02,9.1980139377e+01,-4.4176531216e+01,9.1980139377e+01,4.4176531216e+01,0.0000000000e+00,nan,nan,nan,nan,nan,nan
-9.9079487375e-05,4.5399764331e-05,9.1679444044e+01,8.2502119363e+00,-4.3953911873e+01,1.1832696991e+02,9.2178874014e+01,-4.4453341843e+01,9.2178874014e+01,4.4453341843e+01,0.0000000000e+00,nan,nan,nan,nan,nan,nan
-9.8574305428e-05,4.8819262872e-05,8.4500037560e+01,8.0340656705e+00,-4.3210546878e+01,1.1147157221e+02,8.5002887565e+01,-4.3713396883e+01,8.5002887565e+01,4.3713396883e+01,0.0000000000e+00,nan,nan,nan,nan,nan,nan
-9.5248511122e-05,4.8793155183e-05,8.4658199366e+01,7.2958163910e+00,-4.3356727449e+01,1.1158107466e+02,8.5072099448e+01,-4.3770627530e+01,8.5072099448e+01,4.3770627530e+01,0.0000000000e+00,nan,nan,nan,nan,nan,nan
-8.5207376335e-05,4.8732350307e-05,8.5081633408e+01,5.1116471686e+00,-4.3700806554e+01,1.1187884237e+02,8.5283693186e+01,-4.3902866332e+01,8.5283693186e+01,4.3902866332e+01,0.0000000000e+00,nan,nan,nan,nan,nan,nan
-8.1854262390e-05,4.8717834358e-05,8.5205798615e+01,4.3982342546e+00,-4.3781795555e+01,1.1196512854e+02,8.5355098632e+01,-4.3931095572e+01,8.5355098632e+01,4.3931095572e+01,0.0000000000e+00,nan,nan,nan,nan,nan,nan
-7.1783454017e-05,4.8693090376e-05,8.5522789397e+01,2.3083995118e+00,-4.3914591637e+01,1.1216655941e+02,8.5563492148e+01,-4.3955294388e+01,8.5563492148e+01,4.3955294388e+01,0.0000000000e+00,nan,nan,nan,nan,nan,nan
-6.8423835499e-05,4.8691490563e-05,8.5608205836e+01,1.6301721795e+00,-4.3919478127e+01,1.1220903579e+02,8.5628280874e+01,-4.3939553166e+01,8.5628280874e+01,4.3939553166e+01,0.0000000000e+00,nan,nan,nan,nan,nan,nan
-5.8341707334e-05,4.8708395305e-05,8.5792974536e+01,-3.4218943468e-01,-4.3802385987e+01,1.1223375002e+02,8.5793480061e+01,-4.3802891512e+01,8.5793480061e+01,4.3802891512e+01,0.0000000000e+00,nan,nan,nan,nan,nan,nan
-5.4981214079e-05,4.8721860435e-05,8.5827009016e+01,-9.7704759039e-01,-4.3715526218e+01,1.1219922221e+02,8.5833992543e+01,-4.3722509745e+01,8.5833992543e+01,4.3722509745e+01,0.0000000000e+00,nan,nan,nan,nan,nan,nan
-5.0020944512e-05,5.0468881452e-05,8.2349440899e+01,-1.9149595010e+00,-4.3228022564e+01,1.0880320267e+02,8.2378267515e+01,-4.3256849180e+01,8.2378267515e+01,4.3256849180e+01,0.0000000000e+00,nan,nan,nan,nan,nan,nan
-4.4904166515e-05,4.8789698313e-05,8.5823923677e+01,-2.8064632259e+00,-4.3291706651e+01,1.1192241870e+02,8.5884547079e+01,-4.3352330053e+01,8.5884547079e+01,4.3352330053e+01,0.0000000000e+00,nan,nan,nan,nan,nan,nan
-4.1548569856e-05,4.8821615174e-05,8.5783034816e+01,-3.3893484643e+00,-4.3090710017e+01,1.1176163817e+02,8.5871774283e+01,-4.3179449484e+01,8.5871774283e+01,4.3179449484e+01,0.0000000000e+00,nan,nan,nan,nan,nan,nan
-3.4844576771e-05,4.8901596230e-05,8.5627114380e+01,-4.5120433936e+00,-4.2587821302e+01,1.1131152599e+02,8.5785386033e+01,-4.2746092955e+01,8.5785386033e+01,4.2746092955e+01,0.0000000000e+00,nan,nan,nan,nan,nan,nan
-3.1497128213e-05,4.8950212132e-05,8.5507002589e+01,-5.0511162107e+00,-4.2281722148e+01,1.1101302655e+02,8.5706040984e+01,-4.2480760544e+01,8.5706040984e+01,4.2480760544e+01,0.0000000000e+00,nan,nan,nan,nan,nan,nan
-2.8153545707e-05,4.9005043615e-05,8.5354868294e+01,-5.5749677493e+00,-4.1936145106e+01,1.1065883787e+02,8.5598271427e+01,-4.2179548239e+01,8.5598271427e+01,4.2179548239e+01,0.0000000000e+00,nan,nan,nan,nan,nan,nan
-2.1479718173e-05,4.9134093315e-05,8.4942829831e+01,-6.5767611547e+00,-4.1116565603e+01,1.0976284858e+02,8.5284742289e+01,-4.1458478061e+01,8.5284742289e+01,4.1458478061e+01,0.0000000000e+00,nan,nan,nan,nan,nan,nan
-1.8150868798e-05,4.9209765430e-05,8.4674304288e+01,-7.0548800879e+00,-4.0637092443e+01,1.0920814921e+02,8.5069960268e+01,-4.1032748423e+01,8.5069960268e+01,4.1032748423e+01,0.0000000000e+00,nan,nan,nan,nan,nan,nan
-1.4828099591e-05,4.9292712678e-05,8.4360286379e+01,-7.5183252314e+00,-4.0107400460e+01,1.0857544954e+02,8.4812507977e+01,-4.0559622057e+01,8.4812507977e+01,4.0559622057e+01,0.0000000000e+00,nan,nan,nan,nan,nan,nan
-8.2041491409e-06,4.9482771659e-05,8.3577265052e+01,-8.4039897380e+00,-3.8885002557e+01,1.0704923292e+02,8.4151034692e+01,-3.9458772197e+01,8.4151034692e+01,3.9458772197e+01,0.0000000000e+00,nan,nan,nan,nan,nan,nan
-4.9043643405e-06,4.9590644177e-05,8.3099277437e+01,-8.8284203022e+00,-3.8185800975e+01,1.0614272327e+02,8.3738268081e+01,-3.8824791619e+01,8.3738268081e+01,3.8824791619e+01,0.0000000000e+00,nan,nan,nan,nan,nan,nan
4.9354432173e-06,4.9970295053e-05,8.1261350695e+01,-1.0049063831e+01,-3.5695499687e+01,1.0277170186e+02,8.2118195235e+01,-3.6552344228e+01,8.2118195235e+01,3.6552344228e+01,0.0000000000e+00,nan,nan,nan,nan,nan,nan
8.1924033149e-06,5.0116422480e-05,8.0497842342e+01,-1.0446959717e+01,-3.4722910946e+01,1.0141088991e+02,8.1437070287e+01,-3.5662138891e+01,8.1437070287e+01,3.5662138891e+01,0.0000000000e+00,nan,nan,nan,nan,nan,nan
3.1477180425e-05,5.3408378106e-05,6.8041860484e+01,-1.3084016538e+01,-2.4738263949e+01,8.3482929599e+01,6.9850690144e+01,-2.6547093609e+01,6.9850690144e+01,2.6547093609e+01,0.0000000000e+00,nan,nan,nan,nan,nan,nan
3.7609320524e-05,5.3934665805e-05,6.4742491335e+01,-1.4183163976e+01,-2.1017922066e+01,7.8225441327e+01,6.7025764242e+01,-2.3301194973e+01,6.7025764242e+01,2.3301194973e+01,0.0000000000e+00,nan,nan,nan,nan,nan,nan
4.0645653327e-05,5.4218426139e-05,6.2876890203e+01,-1.3958909195e+01,-2.0327178979e+01,7.6008024815e+01,6.5158109200e+01,-2.2608397976e+01,6.5158109200e+01,2.2608397976e+01,0.0000000000e+00,nan,nan,nan,nan,nan,nan
4.5950079739e-05,5.2777735324e-05,6.2347698681e+01,-1.4015666036e+01,-2.0408988397e+01,7.5670697133e+01,6.4657852502e+01,-2.2719142218e+01,6.4657852502e+01,2.2719142218e+01,0.0000000000e+00,nan,nan,nan,nan,nan,nan
4.9041129518e-05,5.3097087861e-05,5.9688885174e+01,-1.3339958923e+01,-2.0566217871e+01,7.3244341912e+01,6.1848974171e+01,-2.2726306868e+01,6.1848974171e+01,2.2726306868e+01,0.0000000000e+00,nan,nan,nan,nan,nan,nan
5.5275557218e-05,5.3801206381e-05,5.4577838662e+01,-1.2068701577e+01,-2.0839666853e+01,6.8578777669e+01,5.6463061652e+01,-2.2724889843e+01,5.6463061652e+01,2.2724889843e+01,0.0000000000e+00,nan,nan,nan,nan,nan,nan
5.8420989239e-05,5.4185905249e-05,5.2112964040e+01,-1.1462333495e+01,-2.0969769494e+01,6.6334123863e+01,5.3869621542e+01,-2.2726426996e+01,5.3869621542e+01,2.2726426996e+01,0.0000000000e+00,nan,nan,nan,nan,nan,nan
6.8731260460e-05,5.7757799277e-05,4.1170907858e+01,-8.6576408098e+00,-2.1558654949e+01,5.6359259324e+01,4.2345159996e+01,-2.2732907088e+01,4.2345159996e+01,2.2732907088e+01,0.0000000000e+00,nan,nan,nan,nan,nan,nan
7.1955547763e-05,5.8267093050e-05,3.9060977771e+01,-8.1605036364e+00,-2.1659445815e+01,5.4454251668e+01,4.0139942837e+01,-2.2738410881e+01,4.0139942837e+01,2.2738410881e+01,0.0000000000e+00,nan,nan,nan,nan,nan,nan
7.5204501532e-05,5.8800839265e-05,3.6998318513e+01,-7.6786357697e+00,-2.1756867280e+01,5.2595365693e+01,3.7986674157e+01,-2.2745222925e+01,3.7986674157e+01,2.2745222925e+01,0.0000000000e+00,nan,nan,nan,nan,nan,nan
8.1062938889e-05,5.7527407336e-05,3.6447781298e+01,-7.7090264325e+00,-2.1761406169e+01,5.2151529848e+01,3.7452887361e+01,-2.2766512232e+01,3.7452887361e+01,2.2766512232e+01,0.0000000000e+00,nan,nan,nan,nan,nan,nan
8.4400566283e-05,5.8100467902e-05,3.4417695782e+01,-7.2390523542e+00,-2.1859159619e+01,5.0326793906e+01,3.5335456091e+01,-2.2776919927e+01,3.5335456091e+01,2.2776919927e+01,0.0000000000e+00,nan,nan,nan,nan,nan,nan
9.1165447719e-05,5.9320390943e-05,3.0496582491e+01,-6.3462435330e+00,-2.2043756923e+01,4.6812872967e+01,3.1253837593e+01,-2.2801012025e+01,3.1253837593e+01,2.2801012025e+01,0.0000000000e+00,nan,nan,nan,nan,nan,nan
9.5294545785e-05,6.2529450270e-05,2.5516986799e+01,-5.0984828724e+00,-2.2273921496e+01,4.2322733530e+01,2.6056574248e+01,-2.2813508945e+01,2.6056574243e+01,2.2813508945e+01,0.0000000000e+00,nan,nan,nan,nan,nan,nan
9.8754563269e-05,6.3240251566e-05,2.3737497650e+01,-4.7189538581e+00,-2.2348831570e+01,4.0743278441e+01,2.4217475816e+01,-2.2828809736e+01,2.4217475825e+01,2.2828809736e+01,0.0000000000e+00,nan,nan,nan,nan,nan,nan
1.0508992639e-04,6.2058607555e-05,2.3162933537e+01,-4.7446996912e+00,-2.2368626791e+01,4.0281667865e+01,2.3653785158e+01,-2.2859478412e+01,2.3653785173e+01,2.2859478412e+01,0.0000000000e+00,nan,nan,nan,nan,nan,nan
2.6221755564e-05,5.4878946607e-05,6.6768424512e+01,-1.1735992890e+01,-2.7142329394e+01,8.3829681793e+01,6.8212136908e+01,-2.8586041791e+01,6.8212136908e+01,2.8586041791e+01,0.0000000000e+00,nan,nan,nan,nan,nan,nan
1.0866086436e-04,6.2805492845e-05,2.1427592094e+01,-4.3822890271e+00,-2.2440155107e+01,3.8744347562e+01,2.1862777988e+01,-2.2875341001e+01,2.1862777962e+01,2.2875341001e+01,0.0000000000e+00,nan,nan,nan,nan,nan,nan
1.1227034262e-04,6.3577204544e-05,1.9728928795e+01,-4.0348540112e+00,-2.2508076112e+01,3.7242891115e+01,2.0112619552e+01,-2.2891766869e+01,2.0112619545e+01,2.2891766869e+01,0.0000000000e+00,nan,nan,nan,nan,nan,nan
6.3112953222e-05,5.9062071489e-05,4.1648908109e+01,-8.6018453990e+00,-2.1569674209e+01,5.6741996291e+01,4.2799623783e+01,-2.2720389883e+01,4.2799623783e+01,2.2720389883e+01,0.0000000000e+00,nan,nan,nan,nan,nan,nan
-1.1855982761e-04,4.9032230995e-05,8.3353062782e+01,1.2609173663e+01,-4.2012796439e+01,1.1074362170e+02,8.4607992973e+01,-4.3267726630e+01,8.4607992973e+01,4.3267726630e+01,0.0000000000e+00,nan,nan,nan,nan,nan,nan
1.1661484838e-04,6.7181569876e-05,1.5363010136e+01,-3.0332126746e+00,-2.2669276229e+01,3.3356639135e+01,1.5605331538e+01,-2.2911597630e+01,1.5605331171e+01,2.2911597630e+01,0.0000000000e+00,nan,nan,nan,nan,nan,nan
1.2030837549e-04,6.8046974844e-05,1.3807160662e+01,-2.7340736098e+00,-2.2696467954e+01,3.1969200352e+01,1.4012772783e+01,-2.2902080076e+01,1.4012775081e+01,2.2902080076e+01,0.0000000000e+00,nan,nan,nan,nan,nan,nan
1.2711795179e-04,6.6909759732e-05,1.3266317255e+01,-2.9231771613e+00,-2.2463288972e+01,3.1353190762e+01,1.3503287268e+01,-2.2700258985e+01,1.3503285885e+01,2.2700258985e+01,0.0000000000e+00,nan,nan,nan,nan,nan,nan
8.2495103990e-05,6.2393837502e-05,2.9752851625e+01,-5.8683114335e+00,-2.2100988664e+01,4.6045504755e+01,3.0410316046e+01,-2.2758453085e+01,3.0410316045e+01,2.2758453085e+01,0.0000000000e+00,nan,nan,nan,nan,nan,nan
1.3088980323e-04,6.7795656598e-05,1.2024794954e+01,-3.1638302069e+00,-2.1308869173e+01,2.9381835185e+01,1.2321573344e+01,-2.1605647563e+01,1.2321583939e+01,2.1605647563e+01,0.0000000000e+00,nan,nan,nan,nan,nan,nan
1.3464642375e-04,6.8694422451e-05,1.0850305889e+01,-3.4426403077e+00,-2.0249672721e+01,2.7583771393e+01,1.1225814423e+01,-2.0625181255e+01,1.1225819522e+01,2.0625181255e+01,0.0000000000e+00,nan,nan,nan,nan,nan,nan
1.3529510186e-04,7.1715891605e-05,8.6380553691e+00,-3.2191475005e+00,-1.9713751971e+01,2.5175951900e+01,8.9974943056e+00,-2.0073190907e+01,8.9975572635e+00,2.0073190907e+01,0.0000000000e+00,nan,nan,nan,nan,nan,nan
1.3902353190e-04,7.2668130715e-05,7.7472834608e+00,-3.6729158628e+00,-1.8637811913e+01,2.3715608395e+01,8.2469486645e+00,-1.9137477117e+01,8.2470066076e+00,1.9137477117e+01,0.0000000000e+00,nan,nan,nan,nan,nan,nan
1.4583150719e-04,7.1438131946e-05,8.2017615705e+00,-4.7392849434e+00,-1.7287253585e+01,2.3545652821e+01,9.0513429874e+00,-1.8136835002e+01,9.0506672708e+00,1.8136835002e+01,0.0000000000e+00,nan,nan,nan,nan,nan,nan
1.4953218597e-04,7.2356630092e-05,7.6912893754e+00,-5.3732719213e+00,-1.6358067196e+01,2.2807330482e+01,8.8344294830e+00,-1.7501207304e+01,8.8357528825e+00,1.7501207304e+01,0.0000000000e+00,nan,nan,nan,nan,nan,nan
1.5006774255e-04,7.5512369752e-05,5.7598101091e+00,-5.3948291532e+00,-1.5797383416e+01,2.0873892225e+01,7.0327606422e+00,-1.7070333948e+01,7.0231152363e+00,1.7070333948e+01,0.0000000000e+00,nan,nan,nan,nan,nan,nan
1.5321778053e-04,7.3270939954e-05,7.0363564303e+00,-5.8888932659e+00,-1.5631030405e+01,2.2119936591e+01,8.4736143578e+00,-1.7068288333e+01,8.4734377193e+00,1.7068288333e+01,0.0000000000e+00,nan,nan,nan,nan,nan,nan
1.5374183950e-04,7.6470508602e-05,3.9847717740e+00,-5.0366194695e+00,-1.5781451014e+01,1.9222813177e+01,5.1999567424e+00,-1.6996635982e+01,5.2146801861e+00,1.6996635982e+01,0.0000000000e+00,nan,nan,nan,nan,nan,nan
1.5745678164e-04,7.7464673662e-05,1.8270673648e+00,-4.3075043366e+00,-1.6040448056e+01,1.7183008477e+01,2.8139242237e+00,-1.7027304915e+01,2.8055474002e+00,1.7027304915e+01,0.0000000000e+00,nan,nan,nan,nan,nan,nan
1.3019584577e-04,6.4863912702e-05,1.4409380481e+01,-3.5312985789e+00,-2.1791242509e+01,3.1940322657e+01,1.4749822870e+01,-2.2131684898e+01,1.4749821841e+01,2.2131684898e+01,0.0000000000e+00,nan,nan,nan,nan,nan,nan
1.0438761501e-04,5.9420202168e-05,2.6160948098e+01,-5.5319927899e+00,-2.2232048868e+01,4.2993650246e+01,2.6786845158e+01,-2.2857945928e+01,2.6786845156e+01,2.2857945928e+01,0.0000000000e+00,nan,nan,nan,nan,nan,nan
2.3233286584e-05,4.9114480675e-05,7.9680075566e+01,-1.2860683971e+01,-2.9405711560e+01,9.7060465935e+01,8.1175068138e+01,-3.0900704132e+01,8.1175068138e+01,3.0900704132e+01,0.0000000000e+00,nan,nan,nan,nan,nan,nan
6.4007896182e-05,5.2808422039e-05,5.1691866764e+01,-1.1519789283e+01,-2.0951921081e+01,6.6001680419e+01,5.3476060799e+01,-2.2736115115e+01,5.3476060799e+01,2.2736115115e+01,0.0000000000e+00,nan,nan,nan,nan,nan,nan
1.6121163419e-04,7.8494222825e-05,6.3411965663e-02,-3.7481445976e+00,-1.6197635071e+01,1.5512654338e+01,8.8912360529e-01,-1.7023346711e+01,7.4624178422e-01,1.7023346711e+01,0.0000000000e+00,nan,nan,nan,nan,nan,nan
1.6823073885e-04,7.7186138099e-05,-8.5722932030e-01,-3.5400001715e+00,-1.6245728222e+01,1.4674380384e+01,-7.9221305955e-02,-1.7023736236e+01,2.4190468985e-01,1.7023736236e+01,0.0000000000e+00,nan,nan,nan,nan,nan,nan
-5.8298854960e-05,4.5306408177e-05,9.2916841498e+01,-2.8321578728e-01,-4.4452869766e+01,1.1896599205e+02,9.2917033400e+01,-4.4453061668e+01,9.2917033400e+01,4.4453061668e+01,0.0000000000e+00,nan,nan,nan,nan,nan,nan
1.7208120453e-04,7.8251026771e-05,-2.3046750785e+00,-3.0392185214e+00,-1.6386917269e+01,1.3287283226e+01,-1.6743796267e+00,-1.7017212721e+01,-1.3140568816e-01,1.7017212721e+01,0.0000000000e+00,nan,nan,nan,nan,nan,nan
-1.0443458958e-04,4.3743414331e-05,9.5132259990e+01,9.5065718562e+00,-4.4082476476e+01,1.2168169358e+02,9.5777850299e+01,-4.4728066784e+01,9.5777850299e+01,4.4728066784e+01,0.0000000000e+00,nan,nan,nan,nan,nan,nan
1.7271224576e-04,8.1774952605e-05,-3.8779855794e+00,-2.3843720060e+00,-1.6575375136e+01,1.1749435789e+01,-3.4431404421e+00,-1.7010220273e+01,1.6815153962e-02,1.7010220273e+01,0.0000000000e+00,nan,nan,nan,nan,nan,nan
1.7532733255e-04,7.5831765100e-05,-1.7274723793e+00,-3.3367584620e+00,-1.6287458717e+01,1.3875160136e+01,-9.9663810832e-01,-1.7018292988e+01,-2.0010397992e-01,1.7018292988e+01,0.0000000000e+00,nan,nan,nan,nan,nan,nan
1.7923107113e-04,7.6897895366e-05,-3.0741820080e+00,-2.8495153484e+00,-1.6426223907e+01,1.2575999271e+01,-2.4894463927e+00,-1.7010959522e+01,1.3843306743e-02,1.7010959522e+01,0.0000000000e+00,nan,nan,nan,nan,nan,nan
1.8644942627e-04,7.5499246225e-05,-3.7942704630e+00,-2.6575580741e+00,-1.6467286879e+01,1.1904136226e+01,-3.2579224164e+00,-1.7003634926e+01,5.7723954037e-02,1.7003634926e+01,0.0000000000e+00,nan,nan,nan,nan,nan,nan
1.8576265780e-04,7.1950774297e-05,-1.9581279036e+00,-3.4408255850e+00,-1.6223559412e+01,1.3721025518e+01,-1.1690058816e+00,-1.7012681434e+01,-2.4831217414e-01,1.7012681434e+01,0.0000000000e+00,nan,nan,nan,nan,nan,nan
1.8972799182e-04,7.2988688898e-05,-3.3694316642e+00,-2.9065524951e+00,-1.6382840119e+01,1.2346496292e+01,-2.7478829334e+00,-1.7004388849e+01,2.8946854366e-02,1.7004388849e+01,0.0000000000e+00,nan,nan,nan,nan,nan,nan
1.9044071275e-04,7.6593457809e-05,-4.7452383221e+00,-2.2716915937e+00,-1.6572168765e+01,1.0974238874e+01,-4.3227237757e+00,-1.6994683312e+01,-1.4698487281e-02,1.6994683312e+01,0.0000000000e+00,nan,nan,nan,nan,nan,nan
1.9373065565e-04,7.4056572862e-05,-4.4607124588e+00,-2.4645387580e+00,-1.6506297584e+01,1.1273048547e+01,-3.9750074085e+00,-1.6992002634e+01,4.9780692342e-03,1.6992002634e+01,0.0000000000e+00,nan,nan,nan,nan,nan,nan
1.9446767478e-04,7.7710101175e-05,-5.4705759135e+00,-1.9661633888e+00,-1.6667928985e+01,1.0280350286e+01,-5.1338894442e+00,-1.7004615455e+01,2.6690656402e-03,1.7004615455e+01,0.0000000000e+00,nan,nan,nan,nan,nan,nan
1.8903431553e-04,6.9455775000e-05,-1.2223663974e+00,-3.8061023784e+00,-1.6093871972e+01,1.4473485179e+01,-3.0184862080e-01,-1.7014389749e+01,1.2697945693e-01,1.7014389749e+01,0.0000000000e+00,nan,nan,nan,nan,nan,nan
1.9852860825e-04,7.8844066652e-05,-5.8747223096e+00,-1.7897949523e+00,-1.6649716021e+01,9.8314048567e+00,-5.5860549247e+00,-1.6938383406e+01,7.6855306139e-04,1.6938383406e+01,0.0000000000e+00,nan,nan,nan,nan,nan,nan
2.0184287814e-04,7.6262163428e-05,-5.7021759339e+00,-1.9324254101e+00,-1.6582750411e+01,9.9974305658e+00,-5.3704439443e+00,-1.6914482401e+01,4.1002696842e-03,1.6914482401e+01,0.0000000000e+00,nan,nan,nan,nan,nan,nan
2.0592624952e-04,7.7372644887e-05,-5.5764316743e+00,-2.2695818881e+00,-1.6089868781e+01,9.9142029868e+00,-5.1091824642e+00,-1.6557117991e+01,-1.4209858008e-03,1.6557117991e+01,0.0000000000e+00,nan,nan,nan,nan,nan,nan
2.0666869455e-04,8.1095573412e-05,-5.5953066882e+00,-2.5355125169e+00,-1.5696734049e+01,9.7840076951e+00,-4.9972208919e+00,-1.6294819845e+01,3.2626037844e-04,1.6294819845e+01,0.0000000000e+00,nan,nan,nan,nan,nan,nan
2.1332665553e-04,7.5817710010e-05,-5.2030317482e+00,-2.8432175258e+00,-1.5546128884e+01,1.0218419613e+01,-4.4749730020e+00,-1.6274187630e+01,-6.6130716395e-04,1.6274187630e+01,0.0000000000e+00,nan,nan,nan,nan,nan,nan
2.1256164352e-04,7.2108111177e-05,-5.1508982309e+00,-2.6108990521e+00,-1.5907382448e+01,1.0351829200e+01,-4.5525089644e+00,-1.6505771714e+01,4.5533019191e-03,1.6505771714e+01,0.0000000000e+00,nan,nan,nan,nan,nan,nan
2.1665036157e-04,7.3154065138e-05,-5.0111083368e+00,-2.9975167409e+00,-1.5475068814e+01,1.0440758367e+01,-4.2151139220e+00,-1.6271063229e+01,-1.7178716272e-03,1.6271063229e+01,0.0000000000e+00,nan,nan,nan,nan,nan,nan
2.1739903917e-04,7.6868687545e-05,-5.0175268333e+00,-3.2329666822e+00,-1.5095871301e+01,1.0366888528e+01,-4.0713731848e+00,-1.6042024949e+01,3.6650114775e-04,1.6042024949e+01,0.0000000000e+00,nan,nan,nan,nan,nan,nan
2.2073052245e-04,7.4182325878e-05,-4.8313989188e+00,-3.3814701055e+00,-1.5031644306e+01,1.0596009206e+01,-3.8139128452e+00,-1.6049130380e+01,3.1465186341e-04,1.6049130380e+01,0.0000000000e+00,nan,nan,nan,nan,nan,nan
2.2813942304e-04,7.2468695753e-05,-4.4759454820e+00,-3.9090289897e+00,-1.4550143930e+01,1.1040793956e+01,-3.1386393438e+00,-1.5887450069e+01,4.2075736102e-04,1.5887450069e+01,0.0000000000e+00,nan,nan,nan,nan,nan,nan
2.0333393679e-04,8.3708995020e-05,-5.7956953855e+00,-2.3832210670e+00,-1.5776224668e+01,9.5732179824e+00,-5.2588600476e+00,-1.6313060006e+01,5.3989292389e-05,1.6313060006e+01,0.0000000000e+00,nan,nan,nan,nan,nan,nan
2.2886790130e-04,7.6184595841e-05,-4.4690755438e+00,-4.1379302773e+00,-1.4188437001e+01,1.1052748446e+01,-2.9474489815e+00,-1.5710063563e+01,-5.5078043644e-05,1.5710063563e+01,0.0000000000e+00,nan,nan,nan,nan,nan,nan
2.3221213535e-04,7.3438714543e-05,-4.3007464844e+00,-4.2821004138e+00,-1.4133448937e+01,1.1290172029e+01,-2.6987138505e+00,-1.5735481571e+01,-1.4081995933e-04,1.5735481571e+01,0.0000000000e+00,nan,nan,nan,nan,nan,nan
2.3555315830e-04,7.0678286443e-05,-4.1324268980e+00,-4.4303299332e+00,-1.4079193894e+01,1.1534098101e+01,-2.4465957526e+00,-1.5765025040e+01,-1.9212538719e-05,1.5765025040e+01,0.0000000000e+00,nan,nan,nan,nan,nan,nan
2.3962618973e-04,7.1608504465e-05,-3.9648827677e+00,-4.7985596621e+00,-1.3664693823e+01,1.1814903463e+01,-1.9934506005e+00,-1.5636125990e+01,-1.3041044338e-05,1.5636125990e+01,0.0000000000e+00,nan,nan,nan,nan,nan,nan
2.3480241438e-04,6.6977123945e-05,-4.1236441756e+00,-4.2140047758e+00,-1.4441576427e+01,1.1534923558e+01,-2.6229190800e+00,-1.5942301523e+01,-7.1875589849e-04,1.5942301523e+01,0.0000000000e+00,nan,nan,nan,nan,nan,nan
2.4033657869e-04,7.5324882232e-05,-3.9519996675e+00,-5.0137481165e+00,-1.3309427647e+01,1.1875923824e+01,-1.7741458402e+00,-1.5487281474e+01,-1.5988894947e-04,1.5487281474e+01,0.0000000000e+00,nan,nan,nan,nan,nan,nan
2.4369218647e-04,7.2520652658e-05,-3.7997954053e+00,-5.1616215147e+00,-1.3249641763e+01,1.2118350169e+01,-1.5281858521e+00,-1.5521251316e+01,5.7784295028e-05,1.5521251316e+01,0.0000000000e+00,nan,nan,nan,nan,nan,nan
2.4438852756e-04,7.6241295824e-05,-3.7831211891e+00,-5.3702844195e+00,-1.2897458499e+01,1.2197518821e+01,-1.2980490693e+00,-1.5382530619e+01,7.8713180346e-04,1.5382530619e+01,0.0000000000e+00,nan,nan,nan,nan,nan,nan
2.4775095062e-04,7.3415474072e-05,-3.6392379129e+00,-5.5194345025e+00,-1.2831649713e+01,1.2438758620e+01,-1.0539231751e+00,-1.5416964451e+01,-1.4077348329e-03,1.5416964451e+01,0.0000000000e+00,nan,nan,nan,nan,nan,nan
-1.1800804159e-04,4.3867104142e-05,9.4488998098e+01,1.2655635466e+01,-4.3269068776e+01,1.2129788273e+02,9.5641329905e+01,-4.4421400583e+01,9.5641329905e+01,4.4421400583e+01,0.0000000000e+00,nan,nan,nan,nan,nan,nan
-1.9933248914e-04,4.3991218584e-05,8.8682772374e+01,3.3722451264e+01,-3.2585934575e+01,1.2016844052e+02,9.7427700381e+01,-4.1330862581e+01,9.7427700381e+01,4.1330862581e+01,0.0000000000e+00,nan,nan,nan,nan,nan,nan
2.4843361585e-04,7.7140422701e-05,-3.6211606319e+00,-5.7195280779e+00,-1.2482788604e+01,1.2529738760e+01,-8.1792657214e-01,-1.5286022664e+01,-1.7798248299e-03,1.5286022664e+01,0.0000000000e+00,nan,nan,nan,nan,nan,nan
2.5180245327e-04,7.4293153837e-05,-3.4858823764e+00,-5.8707852791e+00,-1.2408881733e+01,1.2769911175e+01,-5.7467039975e-01,-1.5320093709e+01,9.7369591803e-03,1.5320093709e+01,0.0000000000e+00,nan,nan,nan,nan,nan,nan
2.4506130416e-04,7.9972404092e-05,-3.7524248425e+00,-5.5752061015e+00,-1.2553571675e+01,1.2300587373e+01,-1.0512508279e+00,-1.5254745690e+01,-1.4760237779e-03,1.5254745690e+01,0.0000000000e+00,nan,nan,nan,nan,nan,nan
2.5446654983e-04,6.7718223537e-05,-3.3435303531e+00,-5.8368966301e+00,-1.2692044849e+01,1.2950141688e+01,-5.4101981134e-01,-1.5494555391e+01,1.0791994232e-02,1.5494555391e+01,0.0000000000e+00,nan,nan,nan,nan,nan,nan
2.5853085572e-04,6.8552214381e-05,-3.2047002767e+00,-6.1945185540e+00,-1.2249588061e+01,1.3282586266e+01,-5.8439412161e-02,-1.5395848925e+01,-2.8363568112e-02,1.5395848925e+01,0.0000000000e+00,nan,nan,nan,nan,nan,nan
2.5782023164e-04,6.4846419059e-05,-3.1923341329e+00,-6.0054208796e+00,-1.2617229735e+01,1.3219953118e+01,-2.7223844246e-01,-1.5537325426e+01,-2.3247521456e-02,1.5537325426e+01,0.0000000000e+00,nan,nan,nan,nan,nan,nan
2.6258684141e-04,6.9369648902e-05,-3.0758523871e+00,-6.5458575931e+00,-1.1796338034e+01,1.3621112458e+01,4.2805773402e-01,-1.5300248155e+01,4.3359611318e-01,1.5300248155e+01,0.0000000000e+00,nan,nan,nan,nan,nan,nan
2.6595249734e-04,6.6453142198e-05,-2.9370797522e+00,-6.7229338894e+00,-1.1695856192e+01,1.3895429400e+01,7.0606193260e-01,-1.5338997877e+01,7.0989175142e-01,1.5338997877e+01,0.0000000000e+00,nan,nan,nan,nan,nan,nan
2.7000486857e-04,6.7232339111e-05,-2.8268983211e+00,-7.0715059553e+00,-1.1214728571e+01,1.4238621855e+01,1.1998587151e+00,-1.5241485607e+01,1.1999453292e+00,1.5241485607e+01,0.0000000000e+00,nan,nan,nan,nan,nan,nan
2.6117137537e-04,6.1958861734e-05,-3.0392795324e+00,-6.1806238187e+00,-1.2538216290e+01,1.3498928373e+01,4.8620187050e-03,-1.5582357841e+01,-1.4209611797e-03,1.5582357841e+01,0.0000000000e+00,nan,nan,nan,nan,nan,nan
2.7067178582e-04,7.0957567834e-05,-2.8557297410e+00,-7.2246490280e+00,-1.0852569950e+01,1.4300529364e+01,1.4022646324e+00,-1.5110564323e+01,1.4027923460e+00,1.5110564323e+01,0.0000000000e+00,nan,nan,nan,nan,nan,nan
2.7404728416e-04,6.7996473441e-05,-2.7306683527e+00,-7.4115226689e+00,-1.0718672844e+01,1.4580861712e+01,1.6935938357e+00,-1.5142935033e+01,1.6934342328e+00,1.5142935033e+01,0.0000000000e+00,nan,nan,nan,nan,nan,nan
2.7469962958e-04,7.1729695729e-05,-2.7678745036e+00,-7.5496120545e+00,-1.0360053195e+01,1.4634803836e+01,1.8854440852e+00,-1.5013371784e+01,1.8853877470e+00,1.5013371784e+01,0.0000000000e+00,nan,nan,nan,nan,nan,nan
2.7807904313e-04,6.8746453898e-05,-2.6499510485e+00,-7.7417570392e+00,-1.0206845941e+01,1.4919376105e+01,2.1853073152e+00,-1.5042104305e+01,2.1853491770e+00,1.5042104305e+01,0.0000000000e+00,nan,nan,nan,nan,nan,nan
2.8078974300e-04,6.2021186472e-05,-2.4661103196e+00,-7.8099467175e+00,-1.0421247938e+01,1.5178794356e+01,2.3198018785e+00,-1.5207160136e+01,2.3198329068e+00,1.5207160136e+01,0.0000000000e+00,nan,nan,nan,nan,nan,nan
2.8482943808e-04,6.2725167971e-05,-2.3971599245e+00,-8.1516587102e+00,-9.8671919692e+00,1.5528873675e+01,2.8334234494e+00,-1.5097775343e+01,2.8334206300e+00,1.5097775343e+01,0.0000000000e+00,nan,nan,nan,nan,nan,nan
2.8548017463e-04,6.6459505961e-05,-2.4690790229e+00,-8.2677570020e+00,-9.4920544728e+00,1.5556613260e+01,3.0010481053e+00,-1.4962181601e+01,3.0010510425e+00,1.4962181601e+01,0.0000000000e+00,nan,nan,nan,nan,nan,nan
2.8885661641e-04,6.3416272242e-05,-2.3454234016e+00,-8.4831891333e+00,-9.2930709776e+00,1.5875800530e+01,3.3466505197e+00,-1.4985144899e+01,3.3466502567e+00,1.4985144899e+01,0.0000000000e+00,nan,nan,nan,nan,nan,nan
2.8820047442e-04,5.9686083683e-05,-2.2626121455e+00,-8.3689180138e+00,-9.6793028292e+00,1.5852895681e+01,3.1817161014e+00,-1.5123631076e+01,3.1817180869e+00,1.5123631076e+01,0.0000000000e+00,nan,nan,nan,nan,nan,nan
2.9286990086e-04,6.4095781531e-05,-2.3126527623e+00,-8.8034251496e+00,-8.6977806729e+00,1.6217947626e+01,3.8582197098e+00,-1.4868653145e+01,3.8582198718e+00,1.4868653145e+01,0.0000000000e+00,nan,nan,nan,nan,nan,nan
2.9686854197e-04,6.4765130238e-05,-2.3008302384e+00,-9.1110587442e+00,-8.0799743430e+00,1.6553679016e+01,4.3668687453e+00,-1.4747673327e+01,4.3668687122e+00,1.4747673327e+01,0.0000000000e+00,nan,nan,nan,nan,nan,nan
3.0423036325e-04,6.2291737272e-05,-2.1974052264e+00,-9.6533641924e+00,-7.1369751821e+00,1.7256706492e+01,5.2959739341e+00,-1.4630354343e+01,5.2959739298e+00,1.4630354343e+01,0.0000000000e+00,nan,nan,nan,nan,nan,nan
-1.8414976928e-04,4.5210374955e-05,8.7581486973e+01,2.9455632441e+01,-3.5237029462e+01,1.1796441553e+02,9.4279015816e+01,-4.1934558304e+01,9.4279015816e+01,4.1934558304e+01,0.0000000000e+00,nan,nan,nan,nan,nan,nan
-1.7519485850e-04,3.9630617547e-05,1.0269147304e+02,2.7459971464e+01,-3.8256211903e+01,1.3100101441e+02,1.0785110150e+02,-4.3415840363e+01,1.0785110150e+02,4.3415840363e+01,0.0000000000e+00,nan,nan,nan,nan,nan,nan
3.0819600209e-04,6.2922036040e-05,-2.2413005144e+00,-9.9391995378e+00,-6.4342029594e+00,1.7591923632e+01,5.8189501077e+00,-1.4494453581e+01,5.8189501083e+00,1.4494453581e+01,0.0000000000e+00,nan,nan,nan,nan,nan,nan
3.0143572931e-04,6.9214029959e-05,-2.4466053738e+00,-9.4355668332e+00,-7.0874726919e+00,1.6828062874e+01,4.9486475973e+00,-1.4482725663e+01,4.9486475948e+00,1.4482725663e+01,0.0000000000e+00,nan,nan,nan,nan,nan,nan
3.0760652311e-04,5.9134939536e-05,-2.0727879689e+00,-9.9144875976e+00,-6.8155765686e+00,1.7654659164e+01,5.7487399518e+00,-1.4637104489e+01,5.7487399527e+00,1.4637104489e+01,0.0000000000e+00,nan,nan,nan,nan,nan,nan
3.1157193765e-04,5.9740743441e-05,-2.1229397304e+00,-1.0210950353e+01,-6.0732955027e+00,1.8011494889e+01,6.3008238063e+00,-1.4497059039e+01,6.3008238060e+00,1.4497059039e+01,0.0000000000e+00,nan,nan,nan,nan,nan,nan
3.1831569652e-04,5.3301932772e-05,-1.8529778720e+00,-1.0799386483e+01,-5.2721428134e+00,1.8935370968e+01,7.3697811829e+00,-1.4494901868e+01,7.3697811829e+00,1.4494901868e+01,0.0000000000e+00,nan,nan,nan,nan,nan,nan
3.1771841665e-04,4.9516602679e-05,-1.6374152863e+00,-1.0779158384e+01,-5.7150327706e+00,1.8998421274e+01,7.2925196080e+00,-1.4644967665e+01,7.2925196081e+00,1.4644967665e+01,0.0000000000e+00,nan,nan,nan,nan,nan,nan
3.2168342172e-04,5.0041749624e-05,-1.7010693189e+00,-1.1118372887e+01,-4.8257836663e+00,1.9443908349e+01,7.9625192269e+00,-1.4489372212e+01,7.9625192269e+00,1.4489372212e+01,0.0000000000e+00,nan,nan,nan,nan,nan,nan
3.0200128197e-04,7.3018949071e-05,-2.5806624811e+00,-9.4448434668e+00,-6.7605664576e+00,1.6752974382e+01,5.0017198000e+00,-1.4342948739e+01,5.0017197992e+00,1.4342948739e+01,0.0000000000e+00,nan,nan,nan,nan,nan,nan
3.2108325827e-04,4.6257085841e-05,-1.4722773704e+00,-1.1097910513e+01,-5.2945948110e+00,1.9502207784e+01,7.8761688231e+00,-1.4643041004e+01,7.8761688231e+00,1.4643041004e+01,0.0000000000e+00,nan,nan,nan,nan,nan,nan
3.1709479810e-04,4.5754719121e-05,-1.4429063422e+00,-1.0724761187e+01,-6.1861253665e+00,1.9021939709e+01,7.1678061570e+00,-1.4796837866e+01,7.1678061569e+00,1.4796837866e+01,0.0000000000e+00,nan,nan,nan,nan,nan,nan
5.3730873280e-05,5.7727046753e-05,4.8193919151e+01,-1.0165003787e+01,-2.1259653921e+01,6.2674107739e+01,4.9652045589e+01,-2.2717780360e+01,4.9652045589e+01,2.2717780360e+01,0.0000000000e+00,nan,nan,nan,nan,nan,nan
1.6820653582e-05,5.4215142350e-05,7.0582980463e+01,-1.0735426208e+01,-3.1271227132e+01,9.0146214764e+01,7.1701818026e+01,-3.2390064695e+01,7.1701818026e+01,3.2390064695e+01,0.0000000000e+00,nan,nan,nan,nan,nan,nan
-1.0855797944e-04,4.8917754413e-05,8.3963504552e+01,1.0290885461e+01,-4.2678943721e+01,1.1111339902e+02,8.4793631248e+01,-4.3509070417e+01,8.4793631248e+01,4.3509070417e+01,0.0000000000e+00,nan,nan,nan,nan,nan,nan
-2.2012325693e-05,5.2607174315e-05,7.7950885496e+01,-6.3967443601e+00,-4.0691040818e+01,1.0334210408e+02,7.8294513948e+01,-4.1034669270e+01,7.8294513948e+01,4.1034669270e+01,0.0000000000e+00,nan,nan,nan,nan,nan,nan
-2.3127288080e-04,3.4538697896e-05,1.1225969907e+02,4.4333559228e+01,-2.6410709930e+01,1.4253859740e+02,1.2521919215e+02,-3.9370203011e+01,1.2521919215e+02,3.9370203011e+01,0.0000000000e+00,nan,nan,nan,nan,nan,nan
2.0738122966e-04,8.4830478850e-05,-5.5887977155e+00,-2.7910012080e+00,-1.5307273522e+01,9.7026611528e+00,-4.8462015905e+00,-1.6049869647e+01,-5.3944698327e-05,1.6049869647e+01,0.0000000000e+00,nan,nan,nan,nan,nan,nan
2.0403292209e-04,8.7450726537e-05,-5.7824389026e+00,-2.6454462477e+00,-1.5383876597e+01,9.4906607438e+00,-5.1037222148e+00,-1.6062593285e+01,9.2630074229e-06,1.6062593285e+01,0.0000000000e+00,nan,nan,nan,nan,nan,nan
2.0470142123e-04,9.1203380745e-05,-5.7206183789e+00,-2.9299610890e+00,-1.4992819818e+01,9.4952446581e+00,-4.8746370391e+00,-1.5838801158e+01,-5.5719062588e-06,1.5838801158e+01,0.0000000000e+00,nan,nan,nan,nan,nan,nan
2.0871645965e-04,9.2332722593e-05,-5.4622642115e+00,-3.3421631426e+00,-1.4546724018e+01,9.7645440018e+00,-4.3669320071e+00,-1.5642056223e+01,7.1355102560e-07,1.5642056223e+01,0.0000000000e+00,nan,nan,nan,nan,nan,nan
2.0933981373e-04,9.6098099893e-05,-5.3431299248e+00,-3.6265551364e+00,-1.4180602225e+01,9.8983604882e+00,-4.0470449825e+00,-1.5476687167e+01,-1.3261064165e-06,1.5476687167e+01,0.0000000000e+00,nan,nan,nan,nan,nan,nan
2.0993412093e-04,9.9871606936e-05,-5.1840872851e+00,-3.9136671710e+00,-1.3826960444e+01,1.0096029643e+01,-3.6765784324e+00,-1.5334469296e+01,3.7958134053e-06,1.5334469296e+01,0.0000000000e+00,nan,nan,nan,nan,nan,nan
2.0707332453e-04,1.0630275923e-04,-5.0683959697e+00,-4.1134244357e+00,-1.3544281578e+01,1.0227636961e+01,-3.4014098209e+00,-1.5211267726e+01,-1.4205098073e-05,1.5211267726e+01,0.0000000000e+00,nan,nan,nan,nan,nan,nan
2.0759348505e-04,1.1009367785e-04,-4.7911246331e+00,-4.4087717588e+00,-1.3221697957e+01,1.0563590473e+01,-2.9075194914e+00,-1.5105303098e+01,5.2663053483e-05,1.5105303098e+01,0.0000000000e+00,nan,nan,nan,nan,nan,nan
2.0363662566e-04,1.0893513190e-04,-5.1446913903e+00,-4.0310242811e+00,-1.3600799596e+01,1.0116342833e+01,-3.5320722356e+00,-1.5213418751e+01,-1.4173974226e-05,1.5213418751e+01,0.0000000000e+00,nan,nan,nan,nan,nan,nan
2.0413726553e-04,1.1273061272e-04,-4.8307701797e+00,-4.3382991298e+00,-1.3277976825e+01,1.0485776544e+01,-3.0004075920e+00,-1.5108339413e+01,5.1461632202e-05,1.5108339413e+01,0.0000000000e+00,nan,nan,nan,nan,nan,nan
2.0018906880e-04,1.1154842867e-04,-5.2108679297e+00,-3.9538025684e+00,-1.3657650488e+01,1.0018616342e+01,-3.6500083670e+00,-1.5218510051e+01,-1.2393566663e-05,1.5218510051e+01,0.0000000000e+00,nan,nan,nan,nan,nan,nan
2.1155060783e-04,1.1122877617e-04,-4.4517958138e+00,-4.7622718307e+00,-1.2861186024e+01,1.1002450699e+01,-2.3042230462e+00,-1.5008758792e+01,-1.9773739455e-04,1.5008758792e+01,0.0000000000e+00,nan,nan,nan,nan,nan,nan
2.0066883570e-04,1.1534829099e-04,-4.8566258932e+00,-4.2735308119e+00,-1.3334492587e+01,1.0424405016e+01,-3.0770261977e+00,-1.5114092282e+01,3.1662488159e-05,1.5114092282e+01,0.0000000000e+00,nan,nan,nan,nan,nan,nan
1.9718705824e-04,1.1794582840e-04,-4.8668905578e+00,-4.2143944827e+00,-1.3391701047e+01,1.0380841581e+01,-3.1359141211e+00,-1.5122677483e+01,-4.3054293619e-05,1.5122677483e+01,0.0000000000e+00,nan,nan,nan,nan,nan,nan
1.9325586370e-04,1.1671438018e-04,-5.3072036879e+00,-3.8148811170e+00,-1.3774232158e+01,9.8687637176e+00,-3.8429845340e+00,-1.5238451312e+01,2.7666598183e-05,1.5238451312e+01,0.0000000000e+00,nan,nan,nan,nan,nan,nan
1.9369046506e-04,1.2052222248e-04,-4.8594573626e+00,-4.1607151341e+00,-1.3450224915e+01,1.0356676050e+01,-3.1754114336e+00,-1.5134270844e+01,-1.7335527964e-04,1.5134270844e+01,0.0000000000e+00,nan,nan,nan,nan,nan,nan
1.8976859741e-04,1.1926545507e-04,-5.3336348415e+00,-3.7531868127e+00,-1.3835198496e+01,9.8199582015e+00,-3.9148611579e+00,-1.5253972180e+01,6.6687526436e-05,1.5253972180e+01,0.0000000000e+00,nan,nan,nan,nan,nan,nan
2.1896736751e-04,1.0964274194e-04,-4.1224299634e+00,-5.1619346885e+00,-1.2454303238e+01,1.1488378650e+01,-1.6555480947e+00,-1.4921185107e+01,7.2051836636e-04,1.4921185107e+01,0.0000000000e+00,nan,nan,nan,nan,nan,nan
2.2293160843e-04,1.1071345790e-04,-3.8400093734e+00,-5.4685691807e+00,-1.2116450540e+01,1.1877479760e+01,-1.1207638196e+00,-1.4835696093e+01,-2.5745385236e-03,1.4835696093e+01,0.0000000000e+00,nan,nan,nan,nan,nan,nan
1.9017799010e-04,1.2307643070e-04,-4.8317684015e+00,-4.1122271471e+00,-1.3510847677e+01,1.0353847770e+01,-3.1935112422e+00,-1.5149104836e+01,-3.0121817026e-04,1.5149104836e+01,0.0000000000e+00,nan,nan,nan,nan,nan,nan
2.2342640573e-04,1.1450276984e-04,-3.5458786383e+00,-5.6852277061e+00,-1.1860357206e+01,1.2198398613e+01,-6.6036919937e-01,-1.4745866645e+01,1.0073447677e-02,1.4745866645e+01,0.0000000000e+00,nan,nan,nan,nan,nan,nan
2.2689581489e-04,1.1176448360e-04,-3.5776426323e+00,-5.7548414219e+00,-1.1786922250e+01,1.2242757257e+01,-6.1392324277e-01,-1.4750641639e+01,9.0969013220e-03,1.4750641639e+01,0.0000000000e+00,nan,nan,nan,nan,nan,nan
1.8664844172e-04,1.2560693968e-04,-4.7808303090e+00,-4.0684051049e+00,-1.3574638321e+01,1.0374543800e+01,-3.1879886597e+00,-1.5167479971e+01,-2.1366650584e-04,1.5167479971e+01,0.0000000000e+00,nan,nan,nan,nan,nan,nan
1.8274802978e-04,1.2429551901e-04,-5.3308205202e+00,-3.6441066579e+00,-1.3968039015e+01,9.7854399662e+00,-3.9998033689e+00,-1.5299056166e+01,-3.4205862642e-06,1.5299056166e+01,0.0000000000e+00,nan,nan,nan,nan,nan,nan
1.8236020201e-04,1.2047833041e-04,-5.8734882522e+00,-3.2435941747e+00,-1.4322181132e+01,9.2221860045e+00,-4.7734031197e+00,-1.5422266264e+01,-1.4666491166e-05,1.5422266264e+01,0.0000000000e+00,nan,nan,nan,nan,nan,nan
1.7532763452e-04,1.2539569965e-04,-5.9131411482e+00,-3.1199590238e+00,-1.4486949542e+01,9.1807075214e+00,-4.8995613864e+00,-1.5500529304e+01,9.1607036459e-05,1.5500529304e+01,0.0000000000e+00,nan,nan,nan,nan,nan,nan
1.7145105508e-04,1.2398495692e-04,-6.5464904191e+00,-2.6047684260e+00,-1.4974436213e+01,8.5760914700e+00,-5.8090545971e+00,-1.5711872035e+01,-2.8851013978e-05,1.5711872035e+01,0.0000000000e+00,nan,nan,nan,nan,nan,nan
1.7107702023e-04,1.2016059310e-04,-7.1041710851e+00,-2.1342449198e+00,-1.5401849322e+01,8.0757986074e+00,-6.5904457037e+00,-1.5915574704e+01,6.6990876953e-06,1.5915574704e+01,0.0000000000e+00,nan,nan,nan,nan,nan,nan
1.6757751407e-04,1.2254002649e-04,-7.2073470891e+00,-2.0523532844e+00,-1.5528178477e+01,8.0285760064e+00,-6.7324622646e+00,-1.6003063302e+01,6.2080915710e-06,1.6003063302e+01,0.0000000000e+00,nan,nan,nan,nan,nan,nan
1.6719090894e-04,1.1871350615e-04,-7.6658556816e+00,-1.5583877485e+00,-1.5937980446e+01,7.6444986252e+00,-7.3883647247e+00,-1.6215471403e+01,-2.1206143483e-06,1.6215471403e+01,0.0000000000e+00,nan,nan,nan,nan,nan,nan
1.6370678426e-04,1.2105717897e-04,-7.8587962269e+00,-1.4413729029e+00,-1.6075927596e+01,7.5334611804e+00,-7.6179160708e+00,-1.6316807752e+01,-5.8358653579e-08,1.6316807752e+01,0.0000000000e+00,nan,nan,nan,nan,nan,nan
1.5983626926e-04,1.1953744581e-04,-8.5292794813e+00,-9.2549962693e-01,-1.6734789675e+01,7.2807132603e+00,-8.4285128176e+00,-1.6835556339e+01,-7.5197977441e-07,1.6835556339e+01,0.0000000000e+00,nan,nan,nan,nan,nan,nan
1.6020226497e-04,1.2336844095e-04,-8.0484637402e+00,-1.3629741005e+00,-1.6360581057e+01,7.5702287206e+00,-7.8338488090e+00,-1.6575195988e+01,6.3198792908e-06,1.6575195988e+01,0.0000000000e+00,nan,nan,nan,nan,nan,nan
1.5254678608e-04,1.2024527160e-04,-9.1290257663e+00,-7.9700002038e-01,-1.6898203408e+01,6.8701797863e+00,-9.0471144381e+00,-1.6980114736e+01,6.8561677370e-07,1.6980114736e+01,0.0000000000e+00,nan,nan,nan,nan,nan,nan
1.4878189982e-04,1.1866888461e-04,-9.2761107551e+00,-6.1688143960e-01,-1.6953170046e+01,6.7377130068e+00,-9.2246199824e+00,-1.7004660819e+01,-1.6284261602e-07,1.7004660819e+01,0.0000000000e+00,nan,nan,nan,nan,nan,nan
1.4843317487e-04,1.1491531400e-04,-8.8946727576e+00,-5.2238081688e-01,-1.6970323132e+01,7.0579556524e+00,-8.8575853489e+00,-1.7007410541e+01,4.1497186633e-07,1.7007410541e+01,0.0000000000e+00,nan,nan,nan,nan,nan,nan
1.4471889852e-04,1.1337949565e-04,-8.6357095941e+00,-4.6535754775e-01,-1.6983342334e+01,7.2816344660e+00,-8.6054723448e+00,-1.7013579583e+01,-7.0324524142e-07,1.7013579583e+01,0.0000000000e+00,nan,nan,nan,nan,nan,nan
1.4138428979e-04,1.1552252337e-04,-8.9814426852e+00,-3.9903463986e-01,-1.6992924357e+01,6.9809384445e+00,-8.9567368308e+00,-1.7017630211e+01,2.4895180294e-07,1.7017630211e+01,0.0000000000e+00,nan,nan,nan,nan,nan,nan
1.4168416221e-04,1.1923251619e-04,-9.5464098674e+00,-4.4890259953e-01,-1.6986589234e+01,6.4966735985e+00,-9.5156432996e+00,-1.7017355801e+01,-2.4692180468e-07,1.7017355801e+01,0.0000000000e+00,nan,nan,nan,nan,nan,nan
1.3446028518e-04,1.1603763903e-04,-8.9720055571e+00,-2.8114714379e-01,-1.7006303778e+01,6.9862427007e+00,-8.9556455635e+00,-1.7022663771e+01,-4.4278508487e-08,1.7022663771e+01,0.0000000000e+00,nan,nan,nan,nan,nan,nan
1.3091954985e-04,1.1446853877e-04,-8.4723067545e+00,-2.7696790411e-01,-1.7001715367e+01,7.4144874893e+00,-8.4562547131e+00,-1.7017767409e+01,2.5005414080e-07,1.7017767409e+01,0.0000000000e+00,nan,nan,nan,nan,nan,nan
1.3063468914e-04,1.1091946589e-04,-7.5279127509e+00,-4.3253397419e-01,-1.6978824546e+01,8.2306360485e+00,-7.5014087105e+00,-1.7005328587e+01,-1.5983080512e-06,1.7005328587e+01,0.0000000000e+00,nan,nan,nan,nan,nan,nan
1.2742707785e-04,1.1292496251e-04,-7.8536574315e+00,-3.2729760778e-01,-1.6979756433e+01,7.9376257577e+00,-7.8339165644e+00,-1.6999497300e+01,-3.7215587342e-07,1.6999497300e+01,0.0000000000e+00,nan,nan,nan,nan,nan,nan
1.2714593009e-04,1.0943596805e-04,-6.9049202383e+00,-5.0428782206e-01,-1.6971790534e+01,8.7713684085e+00,-6.8742034742e+00,-1.7002507298e+01,3.8823689172e-06,1.7002507298e+01,0.0000000000e+00,nan,nan,nan,nan,nan,nan
1.2058428723e-04,1.0992762736e-04,-6.6688433663e+00,-4.5372639962e-01,-1.7122947618e+01,9.0865484951e+00,-6.6497742727e+00,-1.7142016712e+01,3.9006051461e-06,1.7142016712e+01,0.0000000000e+00,nan,nan,nan,nan,nan,nan
1.2082782694e-04,1.1334557043e-04,-7.5205058988e+00,-2.5460178219e-01,-1.7076167114e+01,8.3069299791e+00,-7.5023282467e+00,-1.7094344766e+01,-1.2162718630e-06,1.7094344766e+01,0.0000000000e+00,nan,nan,nan,nan,nan,nan
1.1720238523e-04,1.0846458642e-04,-6.3374255692e+00,3.9864892867e-01,-1.8717513181e+01,1.0727145663e+01,-6.3341489389e+00,-1.8720789812e+01,-1.3265696904e-05,1.8720789812e+01,0.0000000000e+00,nan,nan,nan,nan,nan,nan
1.1410082593e-04,1.1032185251e-04,-7.1751233019e+00,1.1997063161e+00,-1.9674705319e+01,1.0997770782e+01,-7.0753483890e+00,-1.9774480232e+01,-2.1163521725e-05,1.9774480232e+01,0.0000000000e+00,nan,nan,nan,nan,nan,nan
1.1030670924e-04,1.0552471656e-04,-5.6182750761e+00,2.5542620843e+00,-2.2660376704e+01,1.5407161718e+01,-5.2439969248e+00,-2.3034654856e+01,-2.8983689452e-04,2.3034654856e+01,0.0000000000e+00,nan,nan,nan,nan,nan,nan
1.0383621750e-04,1.0583383276e-04,-5.0405695083e+00,2.7099612010e+00,-2.2382177164e+01,1.5742880135e+01,-4.6222172524e+00,-2.2800529420e+01,5.3359353827e-04,2.2800529420e+01,0.0000000000e+00,nan,nan,nan,nan,nan,nan
1.0049574648e-04,1.0441367516e-04,-4.0849794769e+00,2.6910868445e+00,-2.2339994886e+01,1.6492649085e+01,-3.6904517926e+00,-2.2734522570e+01,-1.4164704139e-03,2.2734522570e+01,0.0000000000e+00,nan,nan,nan,nan,nan,nan
1.0010107915e-04,1.0131458571e-04,-2.7932955162e+00,2.3639710729e+00,-2.2457088122e+01,1.7523699736e+01,-2.5078790593e+00,-2.2742504579e+01,7.5483102497e-03,2.2742504579e+01,0.0000000000e+00,nan,nan,nan,nan,nan,nan
9.3970612572e-05,1.0171028129e-04,-2.0888209205e+00,2.5913280863e+00,-2.2300179470e+01,1.8080316918e+01,-1.7558243556e+00,-2.2633176034e+01,-7.5066796383e-03,2.2633176035e+01,0.0000000000e+00,nan,nan,nan,nan,nan,nan
9.4348958902e-05,1.0472510989e-04,-3.3827310444e+00,2.9379860656e+00,-2.2163029389e+01,1.7053454833e+01,-2.9270634785e+00,-2.2618696956e+01,1.1039431782e-03,2.2618696955e+01,0.0000000000e+00,nan,nan,nan,nan,nan,nan
9.0780427499e-05,1.0042763178e-04,-1.0717840267e+00,2.5240031485e+00,-2.2282989872e+01,1.8892902172e+01,-7.6956479462e-01,-2.2585209104e+01,1.5044607636e-02,2.2585209104e+01,0.0000000000e+00,nan,nan,nan,nan,nan,nan
8.4955590044e-05,1.0084882157e-04,-3.1250752779e-01,2.7777621255e+00,-2.2119247870e+01,1.9499530259e+01,4.2181345109e-02,-2.2473936743e+01,3.1223968810e-01,2.2473936743e+01,0.0000000000e+00,nan,nan,nan,nan,nan,nan
8.1908163560e-05,9.9652856046e-05,7.2449054929e-01,2.7043368171e+00,-2.2120927564e+01,2.0342166721e+01,1.0463369248e+00,-2.2442773940e+01,1.0610589476e+00,2.2442773940e+01,0.0000000000e+00,nan,nan,nan,nan,nan,nan
8.1463266954e-05,9.6854930171e-05,2.0319361644e+00,2.2575013544e+00,-2.2269413133e+01,2.1415008298e+01,2.2452223216e+00,-2.2482699290e+01,2.2452348015e+00,2.2482699290e+01,0.0000000000e+00,nan,nan,nan,nan,nan,nan
7.8431600654e-05,9.5754386980e-05,3.0887383667e+00,2.1491668357e+00,-2.2278970480e+01,2.2290837838e+01,3.2745051694e+00,-2.2464737283e+01,3.2754583175e+00,2.2464737283e+01,0.0000000000e+00,nan,nan,nan,nan,nan,nan
7.2970571525e-05,9.6344499285e-05,3.8903779642e+00,2.4325629240e+00,-2.2174865740e+01,2.2971032215e+01,4.1200877448e+00,-2.2404575521e+01,4.1189130755e+00,2.2404575521e+01,0.0000000000e+00,nan,nan,nan,nan,nan,nan
6.7678851458e-05,9.6955080163e-05,4.7228533452e+00,2.7755607413e+00,-2.2077074209e+01,2.3708857250e+01,5.0112046834e+00,-2.2365425547e+01,5.0111531947e+00,2.2365425547e+01,0.0000000000e+00,nan,nan,nan,nan,nan,nan
6.4828046585e-05,9.5988289544e-05,5.8344061204e+00,2.6834050303e+00,-2.2120852022e+01,2.4657682154e+01,6.0928964785e+00,-2.2379342381e+01,6.0929709018e+00,2.2379342381e+01,0.0000000000e+00,nan,nan,nan,nan,nan,nan
5.8580143229e-05,9.1697787497e-05,9.6142336014e+00,1.8133567959e+00,-2.2361095724e+01,2.7872185882e+01,9.7185829605e+00,-2.2465445083e+01,9.7185817349e+00,2.2465445083e+01,0.0000000000e+00,nan,nan,nan,nan,nan,nan
5.3596348578e-05,9.2529771589e-05,1.0577940913e+01,2.2351790148e+00,-2.2316694408e+01,2.8751007170e+01,1.0730024982e+01,-2.2468778477e+01,1.0730028210e+01,2.2468778477e+01,0.0000000000e+00,nan,nan,nan,nan,nan,nan
5.0821959378e-05,9.1760091985e-05,1.1864226948e+01,2.1025886136e+00,-2.2362063791e+01,2.9864215112e+01,1.1993194213e+01,-2.2491031055e+01,1.1993199203e+01,2.2491031055e+01,0.0000000000e+00,nan,nan,nan,nan,nan,nan
4.5303088444e-05,9.0325356472e-05,1.4506598078e+01,1.8027729301e+00,-2.2499487088e+01,3.2198227071e+01,1.4593210562e+01,-2.2586099572e+01,1.4593217506e+01,2.2586099572e+01,0.0000000000e+00,nan,nan,nan,nan,nan,nan
4.1816187613e-05,8.7358474205e-05,1.7668156633e+01,7.5482685943e-01,-2.2603163536e+01,3.4900029313e+01,1.7682037867e+01,-2.2617044770e+01,1.7682036898e+01,2.2617044770e+01,0.0000000000e+00,nan,nan,nan,nan,nan,nan
3.1564642551e-05,8.7318731955e-05,1.9445640443e+01,-1.5327893721e+00,-2.6865239337e+01,4.0191176236e+01,1.9494586972e+01,-2.6914185866e+01,1.9494581419e+01,2.6914185866e+01,0.0000000000e+00,nan,nan,nan,nan,nan,nan
2.5988313754e-05,8.6356374568e-05,2.0915954481e+01,-3.2365875874e+00,-2.9222112434e+01,4.3779542383e+01,2.1123051603e+01,-2.9429209556e+01,2.1123045487e+01,2.9429209556e+01,0.0000000000e+00,nan,nan,nan,nan,nan,nan
2.3179290060e-05,8.5921396658e-05,2.1606812829e+01,-3.9307324517e+00,-3.0236859361e+01,4.5410012879e+01,2.1902459894e+01,-3.0532506426e+01,2.1902455221e+01,3.0532506426e+01,0.0000000000e+00,nan,nan,nan,nan,nan,nan
1.8414369024e-05,8.7263854257e-05,2.0139555480e+01,-4.8177484490e+00,-3.2078354924e+01,4.5984637159e+01,2.0579842921e+01,-3.2518642364e+01,2.0579848587e+01,3.2518642364e+01,0.0000000000e+00,nan,nan,nan,nan,nan,nan
1.2752233917e-05,8.6550956928e-05,2.1186658616e+01,-5.6601360308e+00,-3.3430218676e+01,4.8304391833e+01,2.1766773598e+01,-3.4010333658e+01,2.1766769560e+01,3.4010333658e+01,0.0000000000e+00,nan,nan,nan,nan,nan,nan
9.9053660048e-06,8.6230575939e-05,2.1670063291e+01,-5.9686700656e+00,-3.4005827260e+01,4.9312130491e+01,2.2302489829e+01,-3.4638253798e+01,2.2302484067e+01,3.4638253798e+01,0.0000000000e+00,nan,nan,nan,nan,nan,nan
4.1827630211e-06,8.5655561737e-05,2.2557473210e+01,-6.3835717048e+00,-3.4982976766e+01,5.1043034287e+01,2.3256957808e+01,-3.5682461364e+01,2.3256951783e+01,3.5682461364e+01,0.0000000000e+00,nan,nan,nan,nan,nan,nan
-8.4518196477e-06,8.2718298251e-05,2.6988460666e+01,-6.5197683214e+00,-3.6524426121e+01,5.6150701612e+01,2.7650639963e+01,-3.7186605419e+01,2.7650639797e+01,3.7186605419e+01,0.0000000000e+00,nan,nan,nan,nan,nan,nan
-1.4311887736e-05,8.2376828879e-05,2.7597472371e+01,-6.2577768001e+00,-3.7026031305e+01,5.7005129287e+01,2.8197647272e+01,-3.7626206206e+01,2.8197646872e+01,3.7626206206e+01,0.0000000000e+00,nan,nan,nan,nan,nan,nan
-1.7250824688e-05,8.2227107641e-05,2.7870528262e+01,-6.0658702503e+00,-3.7229328046e+01,5.7348337902e+01,2.8430678433e+01,-3.7789478217e+01,2.8430678003e+01,3.7789478217e+01,0.0000000000e+00,nan,nan,nan,nan,nan,nan
-2.3144406943e-05,8.1966736107e-05,2.8359137683e+01,-5.5740433197e+00,-3.7553679971e+01,5.7892411751e+01,2.8826928365e+01,-3.8021470652e+01,2.8826928035e+01,3.8021470652e+01,0.0000000000e+00,nan,nan,nan,nan,nan,nan
-2.6098145669e-05,8.1854336380e-05,2.8577471073e+01,-5.2792949441e+00,-3.7679144024e+01,5.8103444508e+01,2.8995202852e+01,-3.8096875803e+01,2.8995202641e+01,3.8096875803e+01,0.0000000000e+00,nan,nan,nan,nan,nan,nan
-3.2017644176e-05,8.1662920267e-05,2.8965354126e+01,-4.6040771416e+00,-3.7865840865e+01,5.8423750537e+01,2.9280724730e+01,-3.8181211469e+01,2.9280724723e+01,3.8181211469e+01,0.0000000000e+00,nan,nan,nan,nan,nan,nan
-3.4982589800e-05,8.1582334462e-05,2.9136968712e+01,-4.2280442691e+00,-3.7930250692e+01,5.8541180108e+01,2.9402125104e+01,-3.8195407084e+01,2.9402125159e+01,3.8195407084e+01,0.0000000000e+00,nan,nan,nan,nan,nan,nan
-4.0921143664e-05,8.1449903861e-05,2.9436648121e+01,-3.4092682080e+00,-3.8007611864e+01,5.8705531974e+01,2.9608172817e+01,-3.8179136560e+01,2.9608172919e+01,3.8179136560e+01,0.0000000000e+00,nan,nan,nan,nan,nan,nan
-4.3894010351e-05,8.1396642301e-05,2.9566174450e+01,-2.9702603017e+00,-3.8022819129e+01,5.8758756269e+01,2.9696061409e+01,-3.8152706088e+01,2.9696061513e+01,3.8152706088e+01,0.0000000000e+00,nan,nan,nan,nan,nan,nan
-4.9845295779e-05,8.1315136197e-05,2.9784016982e+01,-2.0414720373e+00,-3.8010660027e+01,5.8817545041e+01,2.9845003940e+01,-3.8071646985e+01,2.9845003999e+01,3.8071646985e+01,0.0000000000e+00,nan,nan,nan,nan,nan,nan
-5.4368021798e-05,8.3184484008e-05,2.7200558033e+01,-1.2647411008e+00,-3.7646251206e+01,5.6200874186e+01,2.7224743254e+01,-3.7670436426e+01,2.7224743202e+01,3.7670436426e+01,0.0000000000e+00,nan,nan,nan,nan,nan,nan
-5.8781102132e-05,8.1248635427e-05,3.0010839963e+01,-5.4390745604e-01,-3.7896873081e+01,5.8816499268e+01,3.0014705126e+01,-3.7900738245e+01,3.0014705113e+01,3.7900738245e+01,0.0000000000e+00,nan,nan,nan,nan,nan,nan
-6.3246807907e-05,8.3149361509e-05,2.7403919483e+01,2.6610693331e-01,-3.7461684895e+01,5.6176227619e+01,2.7404477432e+01,-3.7462242844e+01,2.7404477520e+01,3.7462242844e+01,0.0000000000e+00,nan,nan,nan,nan,nan,nan
-6.7719963876e-05,8.1242670876e-05,3.0114651733e+01,1.0476051692e+00,-3.7681211824e+01,5.8740015648e+01,3.0130283801e+01,-3.7696843892e+01,3.0130283777e+01,3.7696843892e+01,0.0000000000e+00,nan,nan,nan,nan,nan,nan
-7.2124531077e-05,8.3172536562e-05,2.7480817216e+01,1.8704681973e+00,-3.7187626180e+01,5.6097109845e+01,2.7534276988e+01,-3.7241085952e+01,2.7534277047e+01,3.7241085952e+01,0.0000000000e+00,nan,nan,nan,nan,nan,nan
-7.6653417409e-05,8.1291464036e-05,3.0088565356e+01,2.7032754527e+00,-3.7373817142e+01,5.8610393829e+01,3.0196100762e+01,-3.7481352547e+01,3.0196100757e+01,3.7481352547e+01,0.0000000000e+00,nan,nan,nan,nan,nan,nan
-8.2602175775e-05,8.1352195045e-05,2.9994227190e+01,3.8302065047e+00,-3.7121409472e+01,5.8500086853e+01,3.0211449752e+01,-3.7338632033e+01,3.0211449755e+01,3.7338632033e+01,0.0000000000e+00,nan,nan,nan,nan,nan,nan
-8.5573567544e-05,8.1391044231e-05,2.9922114227e+01,4.3981058105e+00,-3.6981464524e+01,5.8437657698e+01,3.0209322254e+01,-3.7268672552e+01,3.0209322259e+01,3.7268672552e+01,0.0000000000e+00,nan,nan,nan,nan,nan,nan
-9.1508455560e-05,8.1484265060e-05,2.9726878918e+01,5.5389038225e+00,-3.6675040415e+01,5.8299268956e+01,3.0185017877e+01,-3.7133179374e+01,3.0185017883e+01,3.7133179374e+01,0.0000000000e+00,nan,nan,nan,nan,nan,nan
-9.4471477165e-05,8.1539141181e-05,2.9601804737e+01,6.1103755781e+00,-3.6508673335e+01,5.8222056737e+01,3.0161085831e+01,-3.7067954429e+01,3.0161085836e+01,3.7067954429e+01,0.0000000000e+00,nan,nan,nan,nan,nan,nan
-1.0038712608e-04,8.1664349342e-05,2.9295015444e+01,7.2520382910e+00,-3.6150301026e+01,5.8051156703e+01,3.0088208158e+01,-3.6943493741e+01,3.0088208161e+01,3.6943493741e+01,0.0000000000e+00,nan,nan,nan,nan,nan,nan
-1.0333910863e-04,8.1734776818e-05,2.9111870804e+01,7.8208909566e+00,-3.5958439049e+01,5.7956428396e+01,3.0037875413e+01,-3.6884443658e+01,3.0037875415e+01,3.6884443658e+01,0.0000000000e+00,nan,nan,nan,nan,nan,nan
-1.7857766355e-05,8.6075806787e-05,2.2269343559e+01,-5.9532201195e+00,-3.6975437242e+01,5.2332875551e+01,2.2861352945e+01,-3.7567446628e+01,2.2861346960e+01,3.7567446628e+01,0.0000000000e+00,nan,nan,nan,nan,nan,nan
-1.0922975640e-04,8.1891555456e-05,2.8682459329e+01,8.9513665676e+00,-3.5549686061e+01,5.7745471265e+01,2.9905750012e+01,-3.6772976742e+01,2.9905750014e+01,3.6772976742e+01,0.0000000000e+00,nan,nan,nan,nan,nan,nan
-1.1216774883e-04,8.1978104762e-05,2.8434602574e+01,9.5116853582e+00,-3.5332902294e+01,5.7627822939e+01,2.9822289226e+01,-3.6720588947e+01,2.9822289227e+01,3.6720588947e+01,0.0000000000e+00,nan,nan,nan,nan,nan,nan
2.7635709140e-05,9.0727162881e-05,1.5871297672e+01,-2.6571207433e+00,-2.9749205799e+01,3.9772886457e+01,1.6023932639e+01,-2.9901840766e+01,1.6023845183e+01,2.9901840766e+01,0.0000000000e+00,nan,nan,nan,nan,nan,nan
-1.1802742568e-04,8.2167746201e-05,2.7868968726e+01,1.0619241624e+01,-3.4874849118e+01,5.7364764128e+01,2.9616621816e+01,-3.6622502207e+01,2.9616621816e+01,3.6622502207e+01,0.0000000000e+00,nan,nan,nan,nan,nan,nan
-1.2094842182e-04,8.2271078923e-05,2.7549528980e+01,1.1165149922e+01,-3.4633694682e+01,5.7217694504e+01,2.9492568474e+01,-3.6576734176e+01,2.9492568473e+01,3.6576734176e+01,0.0000000000e+00,nan,nan,nan,nan,nan,nan
5.9759290286e-05,9.6673755262e-05,6.7668890236e+00,3.1261352467e+00,-2.2031775284e+01,2.5524980067e+01,7.1044109827e+00,-2.2369297243e+01,7.1043682647e+00,2.2369297243e+01,0.0000000000e+00,nan,nan,nan,nan,nan,nan
-1.2677110932e-04,8.2494848623e-05,2.6833913016e+01,1.2237896515e+01,-3.4127570199e+01,5.6888803316e+01,2.9197937316e+01,-3.6491594500e+01,2.9197937316e+01,3.6491594500e+01,0.0000000000e+00,nan,nan,nan,nan,nan,nan
-1.3156381520e-04,8.0739228450e-05,2.8751712917e+01,1.3280539240e+01,-3.4047595123e+01,5.9048559430e+01,3.1443760579e+01,-3.6739642785e+01,3.1443760579e+01,3.6739642785e+01,0.0000000000e+00,nan,nan,nan,nan,nan,nan
-1.3545118166e-04,8.2877860316e-05,2.5552548995e+01,1.3788345937e+01,-3.3309731029e+01,5.6291492049e+01,2.8621317070e+01,-3.6378499105e+01,2.8621317071e+01,3.6378499105e+01,0.0000000000e+00,nan,nan,nan,nan,nan,nan
-1.4026226439e-04,8.1141423726e-05,2.7324300198e+01,1.4842078272e+01,-3.3175912436e+01,5.8359721531e+01,3.0768194817e+01,-3.6619807055e+01,3.0768194816e+01,3.6619807055e+01,0.0000000000e+00,nan,nan,nan,nan,nan,nan
-9.9897383965e-05,8.5521770116e-05,2.4266496536e+01,7.0624037384e+00,-3.5444667884e+01,5.3137089976e+01,2.5089627528e+01,-3.6267798876e+01,2.5089627570e+01,3.6267798876e+01,0.0000000000e+00,nan,nan,nan,nan,nan,nan
-1.4601789733e-04,8.1443725082e-05,2.6216930484e+01,1.5831180252e+01,-3.2555690087e+01,5.7812851739e+01,3.0208885713e+01,-3.6547645316e+01,3.0208885712e+01,3.6547645316e+01,0.0000000000e+00,nan,nan,nan,nan,nan,nan
-1.4888099336e-04,8.1606047667e-05,2.5613286473e+01,1.6307386021e+01,-3.2234375003e+01,5.7509427036e+01,2.9892538915e+01,-3.6513627445e+01,2.9892538914e+01,3.6513627445e+01,0.0000000000e+00,nan,nan,nan,nan,nan,nan
-1.5000317407e-04,7.7711966681e-05,3.0806523053e+01,1.7051535166e+01,-3.2808582481e+01,6.2507485323e+01,3.5087683764e+01,-3.7089743192e+01,3.5087683763e+01,3.7089743192e+01,0.0000000000e+00,nan,nan,nan,nan,nan,nan
-1.5289237842e-04,7.7873198372e-05,3.0161592287e+01,1.7554199836e+01,-3.2462366888e+01,6.2173351563e+01,3.4745413961e+01,-3.7046188562e+01,3.4745413961e+01,3.7046188562e+01,0.0000000000e+00,nan,nan,nan,nan,nan,nan
1.0757999503e-04,1.1056688219e-04,-7.2692686155e+00,3.0373252569e+00,-2.2467372259e+01,1.4177384091e+01,-6.6830039156e+00,-2.3053636958e+01,3.7840480115e-05,2.3053636958e+01,0.0000000000e+00,nan,nan,nan,nan,nan,nan
-1.5863732770e-04,7.8219630651e-05,2.8761510985e+01,1.8517676809e+01,-3.1745781392e+01,6.1435408868e+01,3.3977614644e+01,-3.6961885051e+01,3.3977614644e+01,3.6961885051e+01,0.0000000000e+00,nan,nan,nan,nan,nan,nan
5.0749923617e-06,8.1802297138e-05,2.7938931313e+01,-6.4458412992e+00,-3.4637636193e+01,5.5330790270e+01,2.8595894217e+01,-3.5294599097e+01,2.8595893786e+01,3.5294599097e+01,0.0000000000e+00,nan,nan,nan,nan,nan,nan
-1.2307900680e-04,8.6274632145e-05,2.2296264330e+01,1.1285308582e+01,-3.3734575598e+01,5.2311472140e+01,2.4482886888e+01,-3.5921198156e+01,2.4482886884e+01,3.5921198156e+01,0.0000000000e+00,nan,nan,nan,nan,nan,nan
-1.6642354955e-04,7.6742509389e-05,2.9477947053e+01,2.0124238801e+01,-3.1050239669e+01,6.2947797558e+01,3.5556781557e+01,-3.7129074173e+01,3.5556781557e+01,3.7129074173e+01,0.0000000000e+00,nan,nan,nan,nan,nan,nan
-1.7209292849e-04,7.7159067820e-05,2.7707291576e+01,2.0977714253e+01,-3.0244343153e+01,6.1957259611e+01,3.4502514726e+01,-3.7039566303e+01,3.4502514726e+01,3.7039566303e+01,0.0000000000e+00,nan,nan,nan,nan,nan,nan
-1.7067249280e-04,7.3048428217e-05,3.4214757831e+01,2.1597786215e+01,-3.1134599991e+01,6.7837964139e+01,4.0706345777e+01,-3.7626187937e+01,4.0706345777e+01,3.7626187937e+01,0.0000000000e+00,nan,nan,nan,nan,nan,nan
-1.7490693455e-04,7.7382392107e-05,2.6755152244e+01,2.1373400583e+01,-2.9831456064e+01,6.1414246310e+01,3.3919379729e+01,-3.6995683549e+01,3.3919379729e+01,3.6995683549e+01,0.0000000000e+00,nan,nan,nan,nan,nan,nan
1.3471394435e-04,1.1969107625e-04,-9.7142421988e+00,-2.7706706933e-01,-1.7012805598e+01,6.3490993384e+00,-9.6978696861e+00,-1.7029178110e+01,2.5480206566e-08,1.7029178110e+01,0.0000000000e+00,nan,nan,nan,nan,nan,nan
4.6648846092e-05,8.6326885315e-05,1.6683606854e+01,3.6275430776e-01,-2.2579888510e+01,3.4009363281e+01,1.6687174217e+01,-2.2583455873e+01,1.6687174727e+01,2.2583455873e+01,0.0000000000e+00,nan,nan,nan,nan,nan,nan
-1.8049127740e-04,7.7861482724e-05,2.4710857235e+01,2.2095201896e+01,-2.8988692907e+01,6.0224787898e+01,3.2631879668e+01,-3.6909715341e+01,3.2631879668e+01,3.6909715341e+01,0.0000000000e+00,nan,nan,nan,nan,nan,nan
-1.8424225925e-04,7.2080214004e-05,3.2648661175e+01,2.4148526186e+01,-2.9322084760e+01,6.8039558914e+01,4.0945945862e+01,-3.7619369447e+01,4.0945945862e+01,3.7619369447e+01,0.0000000000e+00,nan,nan,nan,nan,nan,nan
-1.8984950120e-04,7.2582120122e-05,3.0316801866e+01,2.4893762154e+01,-2.8356340989e+01,6.6638089927e+01,3.9453749596e+01,-3.7493288719e+01,3.9453749596e+01,3.7493288719e+01,0.0000000000e+00,nan,nan,nan,nan,nan,nan
-1.9538622753e-04,7.3135502686e-05,2.7759851337e+01,2.5521315485e+01,-2.7370200872e+01,6.5062460975e+01,3.7758654591e+01,-3.7369004126e+01,3.7758654591e+01,3.7369004126e+01,0.0000000000e+00,nan,nan,nan,nan,nan,nan
-2.0225915196e-04,6.7656275425e-05,3.4942720850e+01,2.8275820039e+01,-2.6934013384e+01,7.2592353369e+01,4.5915568492e+01,-3.7906861026e+01,4.5915568492e+01,3.7906861026e+01,0.0000000000e+00,nan,nan,nan,nan,nan,nan
-2.0775998790e-04,6.8271206979e-05,3.1898566837e+01,2.8833054736e+01,-2.5799266597e+01,7.0642264469e+01,4.3834980528e+01,-3.7735680287e+01,4.3834980528e+01,3.7735680287e+01,0.0000000000e+00,nan,nan,nan,nan,nan,nan
-2.1284266645e-04,6.6791915587e-05,3.2713931477e+01,3.0047957116e+01,-2.4981405938e+01,7.2143399138e+01,4.5518273682e+01,-3.7785748143e+01,4.5518273682e+01,3.7785748143e+01,0.0000000000e+00,nan,nan,nan,nan,nan,nan
-2.1821729593e-04,6.7513837553e-05,2.9137153963e+01,3.0367203988e+01,-2.3796077222e+01,6.9766649845e+01,4.2950332439e+01,-3.7609255698e+01,4.2950332439e+01,3.7609255698e+01,0.0000000000e+00,nan,nan,nan,nan,nan,nan
-2.2036866341e-04,6.3542813232e-05,3.6052760165e+01,3.2306000278e+01,-2.3782166350e+01,7.6259868393e+01,5.0163952453e+01,-3.7893358637e+01,5.0163952453e+01,3.7893358637e+01,0.0000000000e+00,nan,nan,nan,nan,nan,nan
-2.2551296460e-04,6.2129959451e-05,3.6773048335e+01,3.3525316473e+01,-2.2776943360e+01,7.7658216213e+01,5.1834044523e+01,-3.7837939548e+01,5.1834044523e+01,3.7837939548e+01,0.0000000000e+00,nan,nan,nan,nan,nan,nan
-2.3080119439e-04,6.2952086669e-05,3.2532036562e+01,3.3660808317e+01,-2.1462287685e+01,7.4732560288e+01,4.8681738238e+01,-3.7611989361e+01,4.8681738238e+01,3.7611989361e+01,0.0000000000e+00,nan,nan,nan,nan,nan,nan
2.2738670657e-04,1.1555387593e-04,-3.2878724220e+00,-5.9498799031e+00,-1.1544685807e+01,1.2542857197e+01,-1.7465713496e-01,-1.4657901094e+01,-3.6148261498e-02,1.4657901094e+01,0.0000000000e+00,nan,nan,nan,nan,nan,nan
2.3085987612e-04,1.1279687798e-04,-3.3369125236e+00,-6.0213944050e+00,-1.1463467858e+01,1.2581331278e+01,-1.3635519098e-01,-1.4664025191e+01,-3.1767280274e-02,1.4664025191e+01,0.0000000000e+00,nan,nan,nan,nan,nan,nan
3.5872694001e-05,9.2335967196e-05,1.4329978548e+01,2.3079985802e-01,-2.6416670540e+01,3.5283014790e+01,1.4327312091e+01,-2.6414004083e+01,1.4327293293e+01,2.6414004083e+01,0.0000000000e+00,nan,nan,nan,nan,nan,nan
6.8175734155e-05,9.9561695835e-05,3.3945582093e+00,3.3219953211e+00,-2.1877285465e+01,2.2637373723e+01,3.8283301852e+00,-2.2311057440e+01,3.8294182030e+00,2.2311057440e+01,0.0000000000e+00,nan,nan,nan,nan,nan,nan
9.1525554598e-05,1.0637210674e-04,-3.6609841556e+00,3.2396843215e+00,-2.1977326558e+01,1.6838860229e+01,-3.0972348712e+00,-2.2541075843e+01,4.6611644327e-04,2.2541075843e+01,0.0000000000e+00,nan,nan,nan,nan,nan,nan
1.1768334862e-04,1.1523498116e-04,-7.9931147310e+00,-7.2254856249e-02,-1.7086976140e+01,7.8849036946e+00,-7.9876941647e+00,-1.7092396706e+01,-1.3492171653e-06,1.7092396706e+01,0.0000000000e+00,nan,nan,nan,nan,nan,nan
1.1890248000e-04,6.2390914562e-05,1.9174168023e+01,-4.0627286865e+00,-2.2529445771e+01,3.6798376661e+01,1.9567913797e+01,-2.2923191545e+01,1.9567913843e+01,2.2923191545e+01,0.0000000000e+00,nan,nan,nan,nan,nan,nan
7.3728726999e-05,5.4142679161e-05,4.4566325446e+01,-9.7875706479e+00,-2.1328237537e+01,5.9533423309e+01,4.5990681927e+01,-2.2752594019e+01,4.5990681927e+01,2.2752594019e+01,0.0000000000e+00,nan,nan,nan,nan,nan,nan
1.4523136804e-04,6.8359434613e-05,1.0211705976e+01,-4.7941592777e+00,-1.7847307137e+01,2.5676849116e+01,1.1006735169e+01,-1.8642336330e+01,1.1006833510e+01,1.8642336330e+01,0.0000000000e+00,nan,nan,nan,nan,nan,nan
9.3886183841e-05,5.7444726286e-05,3.1842436706e+01,-6.8001328426e+00,-2.1967858556e+01,4.8069096135e+01,3.2689994668e+01,-2.2815416518e+01,3.2689994668e+01,2.2815416518e+01,0.0000000000e+00,nan,nan,nan,nan,nan,nan
3.5872920453e-05,4.9972120239e-05,7.4058428409e+01,-1.5220820664e+01,-2.3150459095e+01,8.8213110396e+01,7.6383847690e+01,-2.5475878376e+01,7.6383847690e+01,2.5475878376e+01,0.0000000000e+00,nan,nan,nan,nan,nan,nan
1.3550194062e-05,4.8585628240e-05,8.2860091363e+01,-1.1434667285e+01,-3.3196978360e+01,1.0244039276e+02,8.3975544839e+01,-3.4312431836e+01,8.3975544839e+01,3.4312431836e+01,0.0000000000e+00,nan,nan,nan,nan,nan,nan
-3.6819662355e-06,8.1098806826e-05,2.9242334046e+01,-6.6472238099e+00,-3.6017165439e+01,5.7676959384e+01,2.9912392330e+01,-3.6687223722e+01,2.9912392250e+01,3.6687223722e+01,0.0000000000e+00,nan,nan,nan,nan,nan,nan
1.3745329575e-05,8.2683694539e-05,2.6297320395e+01,-5.6948959349e+00,-3.2723960251e+01,5.2056704276e+01,2.6841632298e+01,-3.3268272155e+01,2.6841632010e+01,3.3268272155e+01,0.0000000000e+00,nan,nan,nan,nan,nan,nan
-6.8512113787e-05,4.5289895831e-05,9.2724854017e+01,1.7293223631e+00,-4.4603448206e+01,1.1896676807e+02,9.2746198473e+01,-4.4624792663e+01,9.2746198473e+01,4.4624792663e+01,0.0000000000e+00,nan,nan,nan,nan,nan,nan
3.0593388816e-04,7.3707723912e-05,-2.6541810253e+00,-9.6658633275e+00,-6.1180207635e+00,1.7006614682e+01,5.4326726702e+00,-1.4204874459e+01,5.4326726701e+00,1.4204874459e+01,0.0000000000e+00,nan,nan,nan,nan,nan,nan
3.0254963140e-04,7.6839873277e-05,-2.7115721767e+00,-9.4325856412e+00,-6.4591184671e+00,1.6655325774e+01,5.0306114973e+00,-1.4201302141e+01,5.0306114981e+00,1.4201302141e+01,0.0000000000e+00,nan,nan,nan,nan,nan,nan
-1.8173071854e-04,8.2108106442e-05,1.8405347670e+01,2.1156512578e+01,-2.8253509028e+01,5.4546362081e+01,2.6568276151e+01,-3.6416437510e+01,2.6568276150e+01,3.6416437510e+01,0.0000000000e+00,nan,nan,nan,nan,nan,nan
-2.3597310879e-04,6.3870694423e-05,2.7926828052e+01,3.3546711725e+01,-2.0198318077e+01,7.1500947468e+01,4.5145346256e+01,-3.7416836280e+01,4.5145346256e+01,3.7416836280e+01,0.0000000000e+00,nan,nan,nan,nan,nan,nan
-2.3846894707e-04,6.2108117272e-05,3.0440738096e+01,3.4617560382e+01,-1.9700792021e+01,7.4026478753e+01,4.8109180473e+01,-3.7369234398e+01,4.8109180473e+01,3.7369234398e+01,0.0000000000e+00,nan,nan,nan,nan,nan,nan
1.7563749239e-04,1.2921731795e-04,-5.2332428868e+00,-3.5461358398e+00,-1.4129457346e+01,9.8512695518e+00,-3.9937169890e+00,-1.5368983244e+01,-4.0241618050e-04,1.5368983244e+01,0.0000000000e+00,nan,nan,nan,nan,nan,nan
2.3482358868e-04,1.1381164029e-04,-3.1190669650e+00,-6.2688302465e+00,-1.1144102371e+01,1.2891235074e+01,3.1117337194e-01,-1.4574342708e+01,2.9297505150e-01,1.4574342708e+01,0.0000000000e+00,nan,nan,nan,nan,nan,nan
-2.4355384955e-04,5.8608524609e-05,3.5811999134e+01,3.6764007720e+01,-1.8587077242e+01,7.9203976213e+01,5.4340897934e+01,-3.7115976041e+01,5.4340897934e+01,3.7115976041e+01,0.0000000000e+00,nan,nan,nan,nan,nan,nan
1.4804982142e-04,1.1120127856e-04,-8.3106825899e+00,-5.3601263486e-01,-1.6973335724e+01,7.5660463398e+00,-8.2737502660e+00,-1.7010268048e+01,-1.0664451962e-06,1.7010268048e+01,0.0000000000e+00,nan,nan,nan,nan,nan,nan
-2.4867461927e-04,5.7401758782e-05,3.5926507084e+01,3.7618154252e+01,-1.7244568084e+01,7.9779039870e+01,5.5401419644e+01,-3.6719480645e+01,5.5401419644e+01,3.6719480645e+01,0.0000000000e+00,nan,nan,nan,nan,nan,nan
2.3530849458e-04,1.1760261452e-04,-2.8455772775e+00,-6.4195903145e+00,-1.0927063625e+01,1.3137949915e+01,6.9887846874e-01,-1.4471519371e+01,7.0519787661e-01,1.4471519371e+01,0.0000000000e+00,nan,nan,nan,nan,nan,nan
2.3878648388e-04,1.1481016002e-04,-2.9250291858e+00,-6.4976928097e+00,-1.0827093743e+01,1.3171201006e+01,7.2833498227e-01,-1.4480457911e+01,7.3155975280e-01,1.4480457911e+01,0.0000000000e+00,nan,nan,nan,nan,nan,nan
3.0646716746e-04,7.7546709225e-05,-2.8014368776e+00,-9.6244957172e+00,-5.8326125336e+00,1.6873824434e+01,5.4250823738e+00,-1.4059131785e+01,5.4250823736e+00,1.4059131785e+01,0.0000000000e+00,nan,nan,nan,nan,nan,nan
3.0308255150e-04,8.0675967987e-05,-2.8368131583e+00,-9.3994843793e+00,-6.1841869304e+00,1.6534897936e+01,5.0359277298e+00,-1.4056927818e+01,5.0359277298e+00,1.4056927818e+01,0.0000000000e+00,nan,nan,nan,nan,nan,nan
3.1979767016e-04,3.8762322237e-05,-1.1054581885e+00,-1.0945847508e+01,-6.3168812908e+00,1.9485765426e+01,7.5389421743e+00,-1.4961281654e+01,7.5389421743e+00,1.4961281654e+01,0.0000000000e+00,nan,nan,nan,nan,nan,nan
3.1576218625e-04,3.8300724158e-05,-1.1423792919e+00,-1.0520928286e+01,-7.1915195462e+00,1.8958283744e+01,6.7786208040e+00,-1.5112519642e+01,6.7786208042e+00,1.5112519642e+01,0.0000000000e+00,nan,nan,nan,nan,nan,nan
-2.5362697534e-04,5.8559188432e-05,3.0085548490e+01,3.6953729133e+01,-1.5883353221e+01,7.5368669954e+01,5.0615219522e+01,-3.6413024252e+01,5.0615219522e+01,3.6413024252e+01,0.0000000000e+00,nan,nan,nan,nan,nan,nan
1.7334922570e-04,8.5356958717e-05,-4.9979239012e+00,-1.8979503407e+00,-1.6702891192e+01,1.0659326111e+01,-4.6962427474e+00,-1.7004572346e+01,-1.7002424201e-04,1.7004572346e+01,0.0000000000e+00,nan,nan,nan,nan,nan,nan
2.3926922215e-04,1.1860269258e-04,-2.6627037105e+00,-6.6260623998e+00,-1.0621667756e+01,1.3387011724e+01,1.0868090891e+00,-1.4371180556e+01,1.0855035192e+00,1.4371180556e+01,0.0000000000e+00,nan,nan,nan,nan,nan,nan
2.4274819388e-04,1.1579351664e-04,-2.7554638246e+00,-6.7084419239e+00,-1.0510968209e+01,1.3420460412e+01,1.1150904144e+00,-1.4381522448e+01,1.1146989498e+00,1.4381522448e+01,0.0000000000e+00,nan,nan,nan,nan,nan,nan
-2.5642984773e-04,5.4562138616e-05,3.8851198619e+01,3.9322247241e+01,-1.5037705339e+01,8.2555975140e+01,5.9570461110e+01,-3.5756967831e+01,5.9570461110e+01,3.5756967831e+01,0.0000000000e+00,nan,nan,nan,nan,nan,nan
-2.5864885547e-04,5.7507651417e-05,2.9651089088e+01,3.7471687176e+01,-1.4476623885e+01,7.5309516880e+01,5.1067202469e+01,-3.5892737220e+01,5.1067202466e+01,3.5892737221e+01,0.0000000000e+00,nan,nan,nan,nan,nan,nan
2.4909322139e-04,8.0875829433e-05,-3.5899591973e+00,-5.9140723790e+00,-1.2143436293e+01,1.2639751529e+01,-5.6913379770e-01,-1.5164261693e+01,9.8507929061e-03,1.5164261693e+01,0.0000000000e+00,nan,nan,nan,nan,nan,nan
1.7065562902e-04,1.1633799096e-04,-7.5180536120e+00,-1.6749722904e+00,-1.5831573717e+01,7.7512577734e+00,-7.1996229023e+00,-1.6150004426e+01,-1.1987180953e-06,1.6150004426e+01,0.0000000000e+00,nan,nan,nan,nan,nan,nan
2.6042817445e-04,5.8272148208e-05,-3.0163297236e+00,-5.9875356962e+00,-1.2919754877e+01,1.3455677283e+01,-1.9940339857e-01,-1.5736681202e+01,-3.4844213224e-02,1.5736681202e+01,0.0000000000e+00,nan,nan,nan,nan,nan,nan
2.5632747429e-04,5.7471182651e-05,-3.1583785419e+00,-5.6094584634e+00,-1.3372551013e+01,1.3137431671e+01,-6.8056506595e-01,-1.5850364489e+01,3.5902638158e-03,1.5850364489e+01,0.0000000000e+00,nan,nan,nan,nan,nan,nan
2.5554486602e-04,5.3801830951e-05,-3.1303706274e+00,-5.4073772203e+00,-1.3749213932e+01,1.3123700323e+01,-8.6282036552e-01,-1.6016764194e+01,7.0173205735e-03,1.6016764194e+01,0.0000000000e+00,nan,nan,nan,nan,nan,nan
2.5473790721e-04,5.0144506762e-05,-3.1453739687e+00,-5.2010359215e+00,-1.4152408584e+01,1.3112508511e+01,-1.0783809577e+00,-1.6219401595e+01,-4.6420501879e-02,1.6219401595e+01,0.0000000000e+00,nan,nan,nan,nan,nan,nan
2.5805272022e-04,4.7286846335e-05,-2.8960365269e+00,-5.4146877228e+00,-1.4054395553e+01,1.3462353966e+01,-7.0272235388e-01,-1.6247709726e+01,1.2001062981e-02,1.6247709726e+01,0.0000000000e+00,nan,nan,nan,nan,nan,nan
2.5721240240e-04,4.3649447519e-05,-3.3468507409e+00,-5.0169169141e+00,-1.4754663544e+01,1.3152051974e+01,-1.4574163950e+00,-1.6644097890e+01,-2.8232281456e-01,1.6644097890e+01,0.0000000000e+00,nan,nan,nan,nan,nan,nan
2.5304856994e-04,4.2864282169e-05,-2.6043371444e+00,-5.2034511057e+00,-1.4781780372e+01,1.3887964889e+01,-6.7483849084e-01,-1.6711279026e+01,5.6909113247e-02,1.6711279026e+01,0.0000000000e+00,nan,nan,nan,nan,nan,nan
2.5635512157e-04,4.0039080669e-05,-6.8023344895e-01,-6.2761804689e+00,-1.4664613812e+01,1.6311226202e+01,1.7448672083e+00,-1.7089714469e+01,1.8692887680e+00,1.7089714469e+01,0.0000000000e+00,nan,nan,nan,nan,nan,nan
2.5225578033e-04,3.9392233802e-05,5.5003496814e+00,-8.7265214701e+00,-1.3647591441e+01,2.2480550932e+01,8.9055312525e+00,-1.7052773012e+01,8.8066373230e+00,1.7052773012e+01,0.0000000000e+00,nan,nan,nan,nan,nan,nan
2.6051558219e-04,4.0778036499e-05,-3.2447956329e+00,-5.2157867976e+00,-1.4542978729e+01,1.3315613339e+01,-1.2061142349e+00,-1.6581660127e+01,-5.1763771568e-01,1.6581660127e+01,0.0000000000e+00,nan,nan,nan,nan,nan,nan
2.4820862046e-04,3.8844819460e-05,1.3234944691e+01,-1.1517204308e+01,-1.2596766691e+01,3.0006208145e+01,1.7643181349e+01,-1.7005003350e+01,1.7718209156e+01,1.7005003350e+01,0.0000000000e+00,nan,nan,nan,nan,nan,nan
2.4419982541e-04,3.8380113286e-05,2.0472778283e+01,-1.3711605687e+01,-1.2082415520e+01,3.6872434939e+01,2.5483491619e+01,-1.7093128856e+01,2.5463705745e+01,1.7093128856e+01,0.0000000000e+00,nan,nan,nan,nan,nan,nan
2.4082870328e-04,4.0955591295e-05,1.5684230196e+01,-1.1780259128e+01,-1.2761609779e+01,3.2011496887e+01,1.9943156554e+01,-1.7020536136e+01,1.9949835350e+01,1.7020536136e+01,0.0000000000e+00,nan,nan,nan,nan,nan,nan
2.3682968608e-04,4.0473641302e-05,2.1340666963e+01,-1.3288271275e+01,-1.2553478908e+01,3.7303945730e+01,2.5931037137e+01,-1.7143849082e+01,2.5916488200e+01,1.7143849082e+01,0.0000000000e+00,nan,nan,nan,nan,nan,nan
2.2884296940e-04,3.9530691112e-05,2.1984957686e+01,-1.2495203296e+01,-1.3362549712e+01,3.7488529588e+01,2.5955216636e+01,-1.7332808662e+01,2.5953124667e+01,1.7332808662e+01,0.0000000000e+00,nan,nan,nan,nan,nan,nan
2.2484603557e-04,3.9032965518e-05,2.2042376258e+01,-1.2085422024e+01,-1.3712270351e+01,3.7375243170e+01,2.5743659658e+01,-1.7413553752e+01,2.5743962919e+01,1.7413553752e+01,0.0000000000e+00,nan,nan,nan,nan,nan,nan
2.2419154384e-04,3.6090275899e-05,2.2965594735e+01,-1.2227034500e+01,-1.3883098388e+01,3.8299563168e+01,2.6653511278e+01,-1.7571014931e+01,2.6653370768e+01,1.7571014931e+01,0.0000000000e+00,nan,nan,nan,nan,nan,nan
2.2085579482e-04,3.8523278647e-05,2.2416447391e+01,-1.1891490331e+01,-1.3880393221e+01,3.7580698979e+01,2.5965253757e+01,-1.7429199587e+01,2.5965328656e+01,1.7429199587e+01,0.0000000000e+00,nan,nan,nan,nan,nan,nan
2.2019960265e-04,3.5593544604e-05,2.3565312155e+01,-1.2114915571e+01,-1.4047211844e+01,3.8747038112e+01,2.7129663040e+01,-1.7611562729e+01,2.7129682238e+01,1.7611562729e+01,0.0000000000e+00,nan,nan,nan,nan,nan,nan
2.1621765988e-04,3.5090166286e-05,2.4284887952e+01,-1.2068650283e+01,-1.4163704554e+01,3.9315274061e+01,2.7759275762e+01,-1.7638092363e+01,2.7759282644e+01,1.7638092363e+01,0.0000000000e+00,nan,nan,nan,nan,nan,nan
2.1224663148e-04,3.4583940058e-05,2.5191567272e+01,-1.2080957559e+01,-1.4276852840e+01,4.0077238362e+01,2.8595961573e+01,-1.7681247140e+01,2.8595955466e+01,1.7681247140e+01,0.0000000000e+00,nan,nan,nan,nan,nan,nan
2.0828593345e-04,3.4075656072e-05,2.6268740687e+01,-1.2134213684e+01,-1.4389912075e+01,4.1007202418e+01,2.9614933661e+01,-1.7736105049e+01,2.9614936284e+01,1.7736105049e+01,0.0000000000e+00,nan,nan,nan,nan,nan,nan
2.0433535206e-04,3.3567411460e-05,2.7448215872e+01,-1.2215184273e+01,-1.4507028715e+01,4.2045742528e+01,3.0745714345e+01,-1.7804527188e+01,3.0745713596e+01,1.7804527188e+01,0.0000000000e+00,nan,nan,nan,nan,nan,nan
1.9711283496e-04,3.5363468852e-05,2.7592168804e+01,-1.1770150530e+01,-1.4757735608e+01,4.1961639598e+01,3.0643780516e+01,-1.7809347319e+01,3.0643780205e+01,1.7809347319e+01,0.0000000000e+00,nan,nan,nan,nan,nan,nan
1.9318732341e-04,3.4836634387e-05,2.8919792869e+01,-1.1866595153e+01,-1.4924928543e+01,4.3177069851e+01,3.1925725064e+01,-1.7930860738e+01,3.1925725209e+01,1.7930860738e+01,0.0000000000e+00,nan,nan,nan,nan,nan,nan
1.8926911501e-04,3.4313665375e-05,3.0366542569e+01,-1.1985929020e+01,-1.5112953433e+01,4.4523234665e+01,3.3332296086e+01,-1.8078706951e+01,3.3332296042e+01,1.8078706951e+01,0.0000000000e+00,nan,nan,nan,nan,nan,nan
1.8861571399e-04,3.1559112659e-05,3.3398754649e+01,-1.2754339145e+01,-1.5144177892e+01,4.7490946240e+01,3.6546198974e+01,-1.8291622217e+01,3.6546198985e+01,1.8291622217e+01,0.0000000000e+00,nan,nan,nan,nan,nan,nan
1.8535606473e-04,3.3795619772e-05,3.1918208904e+01,-1.2111413746e+01,-1.5333644178e+01,4.5985396186e+01,3.4841963230e+01,-1.8257398503e+01,3.4841963238e+01,1.8257398503e+01,0.0000000000e+00,nan,nan,nan,nan,nan,nan
1.8470135313e-04,3.1069267683e-05,3.5215181194e+01,-1.2927846923e+01,-1.5370836620e+01,4.9200198425e+01,3.8327920092e+01,-1.8483575518e+01,3.8327920089e+01,1.8483575518e+01,0.0000000000e+00,nan,nan,nan,nan,nan,nan
1.8079090234e-04,3.0586156157e-05,3.7147856745e+01,-1.3111713953e+01,-1.5625935448e+01,5.1035499141e+01,4.0226319816e+01,-1.8704398518e+01,4.0226319817e+01,1.8704398518e+01,0.0000000000e+00,nan,nan,nan,nan,nan,nan
1.7688281436e-04,3.0110619684e-05,3.9190845494e+01,-1.3307042389e+01,-1.5914146302e+01,5.2997373422e+01,4.2236397408e+01,-1.8959698216e+01,4.2236397408e+01,1.8959698216e+01,0.0000000000e+00,nan,nan,nan,nan,nan,nan
1.7297599379e-04,2.9643105590e-05,4.1353514316e+01,-1.3520702863e+01,-1.6235108223e+01,5.5098459735e+01,4.4370313607e+01,-1.9251907513e+01,4.4370313607e+01,1.9251907513e+01,0.0000000000e+00,nan,nan,nan,nan,nan,nan
1.6583954173e-04,3.1309429940e-05,4.1518315736e+01,-1.2948029858e+01,-1.6938599623e+01,5.5370860837e+01,4.4258239466e+01,-1.9678523353e+01,4.4258239466e+01,1.9678523353e+01,0.0000000000e+00,nan,nan,nan,nan,nan,nan
1.6193659946e-04,3.0839674956e-05,4.3818538556e+01,-1.3179618453e+01,-1.7358017974e+01,5.7689778627e+01,4.6537469511e+01,-2.0076948928e+01,4.6537469511e+01,2.0076948928e+01,0.0000000000e+00,nan,nan,nan,nan,nan,nan
1.5803165127e-04,3.0381094789e-05,4.6244173088e+01,-1.3438790667e+01,-1.7810787731e+01,6.0159477237e+01,4.8949783056e+01,-2.0516397699e+01,4.8949783056e+01,2.0516397699e+01,0.0000000000e+00,nan,nan,nan,nan,nan,nan
1.5412393316e-04,2.9934565656e-05,4.8804259889e+01,-1.3727613974e+01,-1.8298497573e+01,6.2789459331e+01,5.1504392405e+01,-2.0998630089e+01,5.1504392405e+01,2.0998630089e+01,0.0000000000e+00,nan,nan,nan,nan,nan,nan
1.5021282463e-04,2.9500873142e-05,5.1513453863e+01,-1.4055353520e+01,-1.8808202783e+01,6.5586647533e+01,5.4219094149e+01,-2.1513843069e+01,5.4219094149e+01,2.1513843069e+01,0.0000000000e+00,nan,nan,nan,nan,nan,nan
1.4558746768e-04,2.6677431324e-05,6.0560742124e+01,-1.5843588212e+01,-1.9305900686e+01,7.4412537496e+01,6.3589519273e+01,-2.2334677835e+01,6.3589519273e+01,2.2334677835e+01,0.0000000000e+00,nan,nan,nan,nan,nan,nan
1.4166171890e-04,2.6308493798e-05,6.4227703431e+01,-1.6417812821e+01,-1.9824292759e+01,7.8150221376e+01,6.7321756685e+01,-2.2918346013e+01,6.7321756685e+01,2.2918346013e+01,0.0000000000e+00,nan,nan,nan,nan,nan,nan
1.3385861037e-04,2.5621555076e-05,7.2607728001e+01,-1.8373561605e+01,-1.9397152896e+01,8.5801767574e+01,7.6142961159e+01,-2.2932386053e+01,7.6142961159e+01,2.2932386053e+01,0.0000000000e+00,nan,nan,nan,nan,nan,nan
1.3000138325e-04,2.5305086159e-05,7.7218294557e+01,-1.9453935873e+01,-1.9134059341e+01,8.9993223844e+01,8.0999729619e+01,-2.2915494404e+01,8.0999729619e+01,2.2915494404e+01,0.0000000000e+00,nan,nan,nan,nan,nan,nan
1.2617270876e-04,2.5007166409e-05,8.2095460239e+01,-2.0588178906e+01,-1.8869165512e+01,9.4433323985e+01,8.6134252387e+01,-2.2907957659e+01,8.6134252387e+01,2.2907957659e+01,0.0000000000e+00,nan,nan,nan,nan,nan,nan
1.2237193835e-04,2.4728042252e-05,8.7226031821e+01,-2.1770437145e+01,-1.8592265166e+01,9.9099411762e+01,9.1531955384e+01,-2.2898188730e+01,9.1531955384e+01,2.2898188730e+01,0.0000000000e+00,nan,nan,nan,nan,nan,nan
1.1859849407e-04,2.4467741253e-05,9.2580290556e+01,-2.2991211008e+01,-1.8309010044e+01,1.0396575390e+02,9.7160296254e+01,-2.2889015742e+01,9.7160296254e+01,2.2889015742e+01,0.0000000000e+00,nan,nan,nan,nan,nan,nan
1.1181837452e-04,2.6069079610e-05,9.2425337896e+01,-2.2926021585e+01,-1.8311740704e+01,1.0380059990e+02,9.6986102890e+01,-2.2872505697e+01,9.6986102890e+01,2.2872505697e+01,0.0000000000e+00,nan,nan,nan,nan,nan,nan
1.0812499097e-04,2.5827657932e-05,9.7752808845e+01,-2.4134383249e+01,-1.8032386866e+01,1.0864089059e+02,1.0258405841e+02,-2.2863636435e+01,1.0258405841e+02,2.2863636435e+01,0.0000000000e+00,nan,nan,nan,nan,nan,nan
1.0445783994e-04,2.5604849011e-05,1.0319452546e+02,-2.5354510135e+01,-1.7753105144e+01,1.1358087074e+02,1.0829665645e+02,-2.2855236137e+01,1.0829665645e+02,2.2855236137e+01,0.0000000000e+00,nan,nan,nan,nan,nan,nan
1.0081634629e-04,2.5399995471e-05,1.0868264276e+02,-2.6565937530e+01,-1.7480486509e+01,1.1855771957e+02,1.1405040944e+02,-2.2848253184e+01,1.1405040944e+02,2.2848253184e+01,0.0000000000e+00,nan,nan,nan,nan,nan,nan
9.0039211599e-05,2.4886273846e-05,1.2472117964e+02,-2.9973947192e+01,-1.6746573772e+01,1.3306370631e+02,1.3081166960e+02,-2.2837063724e+01,1.3081166960e+02,2.2837063724e+01,0.0000000000e+00,nan,nan,nan,nan,nan,nan
8.6492984907e-05,2.4745910234e-05,1.2970220223e+02,-3.0979774798e+01,-1.6543138052e+01,1.3755272970e+02,1.3599563761e+02,-2.2836573431e+01,1.3599563761e+02,2.2836573431e+01,0.0000000000e+00,nan,nan,nan,nan,nan,nan
5.4120464406e-05,2.2198385244e-05,1.5253065175e+02,-2.5772483775e+01,-2.4388526928e+01,1.5958313019e+02,1.5620642558e+02,-2.8064300765e+01,1.5620642558e+02,2.8064300764e+01,0.0000000000e+00,nan,nan,nan,nan,nan,nan
3.9777594917e-05,2.1921609459e-05,1.5248645936e+02,-2.0661865746e+01,-2.9986334622e+01,1.6202545209e+02,1.5479550075e+02,-3.2295376011e+01,1.5479550075e+02,3.2295376011e+01,0.0000000000e+00,nan,nan,nan,nan,nan,nan
3.6162734783e-05,2.1856276397e-05,1.5254307225e+02,-1.9546275362e+01,-3.1315146500e+01,1.6278330115e+02,1.5459694561e+02,-3.3369019863e+01,1.5459694561e+02,3.3369019863e+01,0.0000000000e+00,nan,nan,nan,nan,nan,nan
2.1603363573e-05,2.1616036477e-05,1.5283988529e+02,-1.5591470920e+01,-3.6233208910e+01,1.6595280415e+02,1.5411623434e+02,-3.7509557957e+01,1.5411623434e+02,3.7509557957e+01,0.0000000000e+00,nan,nan,nan,nan,nan,nan
1.7941151466e-05,2.1562757288e-05,1.5290474037e+02,-1.4706989998e+01,-3.7347465735e+01,1.6671960752e+02,1.5403424760e+02,-3.8476972964e+01,1.5403424760e+02,3.8476972964e+01,0.0000000000e+00,nan,nan,nan,nan,nan,nan
1.4271422866e-05,2.1511754047e-05,1.5296074603e+02,-1.3855593937e+01,-3.8410921662e+01,1.6746019154e+02,1.5395809885e+02,-3.9408274477e+01,1.5395809885e+02,3.9408274477e+01,0.0000000000e+00,nan,nan,nan,nan,nan,nan
3.2208648998e-06,2.1375074011e-05,1.5304955424e+02,-1.1460464951e+01,-4.1283271573e+01,1.6946292279e+02,1.5372260542e+02,-4.1956322754e+01,1.5372260542e+02,4.1956322754e+01,0.0000000000e+00,nan,nan,nan,nan,nan,nan
-4.7478843262e-07,2.1335037772e-05,1.5304939904e+02,-1.0703274320e+01,-4.2132747385e+01,1.7004549502e+02,1.5363413815e+02,-4.2717486498e+01,1.5363413815e+02,4.2717486498e+01,0.0000000000e+00,nan,nan,nan,nan,nan,nan
-4.1753379378e-06,2.1297120906e-05,1.5303581253e+02,-9.9614967726e+00,-4.2928346483e+01,1.7058402520e+02,1.5354046589e+02,-4.3432999847e+01,1.5354046589e+02,4.3432999847e+01,0.0000000000e+00,nan,nan,nan,nan,nan,nan
-7.8807033391e-06,2.1263013632e-05,1.5300433107e+02,-9.2323743655e+00,-4.3670373494e+01,1.7107360686e+02,1.5343637176e+02,-4.4102414184e+01,1.5343637176e+02,4.4102414184e+01,0.0000000000e+00,nan,nan,nan,nan,nan,nan
-1.9020562526e-05,2.1174729293e-05,1.5283523716e+02,-7.0975551703e+00,-4.5586613017e+01,1.7227692509e+02,1.5308844115e+02,-4.5839817006e+01,1.5308844115e+02,4.5839817006e+01,0.0000000000e+00,nan,nan,nan,nan,nan,nan
-2.2740350451e-05,2.1150281516e-05,1.5275670145e+02,-6.3969820006e+00,-4.6126395378e+01,1.7259323350e+02,1.5296190286e+02,-4.6331596787e+01,1.5296190286e+02,4.6331596787e+01,0.0000000000e+00,nan,nan,nan,nan,nan,nan
-2.6462788123e-05,2.1128037799e-05,1.5266997955e+02,-5.6992245120e+00,-4.6619331246e+01,1.7287109599e+02,1.5283249796e+02,-4.6781849650e+01,1.5283249796e+02,4.6781849650e+01,0.0000000000e+00,nan,nan,nan,nan,nan,nan
-3.0187635747e-05,2.1108039225e-05,1.5257637157e+02,-5.0029468147e+00,-4.7067160069e+01,1.7311281620e+02,1.5270133678e+02,-4.7192125281e+01,1.5270133678e+02,4.7192125281e+01,0.0000000000e+00,nan,nan,nan,nan,nan,nan
-3.7642588397e-05,2.1073910845e-05,1.5237660927e+02,-3.6105236347e+00,-4.7834711230e+01,1.7350027664e+02,1.5244138044e+02,-4.7899482406e+01,1.5244138044e+02,4.7899482406e+01,0.0000000000e+00,nan,nan,nan,nan,nan,nan
-4.1372355754e-05,2.1059948197e-05,1.5227287701e+02,-2.9124891984e+00,-4.8158085036e+01,1.7365104462e+02,1.5231487334e+02,-4.8200081364e+01,1.5231487334e+02,4.8200081364e+01,0.0000000000e+00,nan,nan,nan,nan,nan,nan
-4.5103150781e-05,2.1047664785e-05,1.5216951313e+02,-2.2122272088e+00,-4.8443661207e+01,1.7377780769e+02,1.5219359000e+02,-4.8467738098e+01,1.5219359000e+02,4.8467738098e+01,0.0000000000e+00,nan,nan,nan,nan,nan,nan
-4.8833172768e-05,2.1036660180e-05,1.5206901468e+02,-1.5093765367e+00,-4.8693223660e+01,1.7388430844e+02,1.5208004784e+02,-4.8704256730e+01,1.5208004784e+02,4.8704256730e+01,0.0000000000e+00,nan,nan,nan,nan,nan,nan
-5.4434664522e-05,2.2581493329e-05,1.4775572484e+02,-4.9425474269e-01,-4.8706967822e+01,1.7014327163e+02,1.4775664219e+02,-4.8707885169e+01,1.4775664219e+02,4.8707885169e+01,0.0000000000e+00,nan,nan,nan,nan,nan,nan
-6.0030395914e-05,2.1014668210e-05,1.5178787536e+02,6.2244291996e-01,-4.9243374670e+01,1.7410095211e+02,1.5178948191e+02,-4.9244981221e+01,1.5178948191e+02,4.9244981221e+01,0.0000000000e+00,nan,nan,nan,nan,nan,nan
-6.3764151266e-05,2.1009767691e-05,1.5170825254e+02,1.3422103958e+00,-4.9366150336e+01,1.7415049758e+02,1.5171688776e+02,-4.9374785551e+01,1.5171688776e+02,4.9374785551e+01,0.0000000000e+00,nan,nan,nan,nan,nan,nan
-6.7496780234e-05,2.1006261264e-05,1.5163701639e+02,2.0668661195e+00,-4.9461070938e+01,1.7419227331e+02,1.5165792861e+02,-4.9481983162e+01,1.5165792861e+02,4.9481983162e+01,0.0000000000e+00,nan,nan,nan,nan,nan,nan
-7.1228699273e-05,2.1003963866e-05,1.5157560693e+02,2.7968339707e+00,-4.9529586085e+01,1.7422898599e+02,1.5161416238e+02,-4.9568141537e+01,1.5161416238e+02,4.9568141537e+01,0.0000000000e+00,nan,nan,nan,nan,nan,nan
-7.6725175374e-05,2.2556441074e-05,1.4734250531e+02,3.8650931715e+00,-4.9275142728e+01,1.7040681673e+02,1.4741810280e+02,-4.9350740220e+01,1.4741810280e+02,4.9350740220e+01,0.0000000000e+00,nan,nan,nan,nan,nan,nan
-8.2419839247e-05,2.1003658572e-05,1.5146066418e+02,5.0216638997e+00,-4.9589524717e+01,1.7433106637e+02,1.5158565783e+02,-4.9714518366e+01,1.5158565783e+02,4.9714518366e+01,0.0000000000e+00,nan,nan,nan,nan,nan,nan
-8.6148196562e-05,2.1005544362e-05,1.5144852788e+02,5.7758006506e+00,-4.9564750870e+01,1.7436918775e+02,1.5161398599e+02,-4.9730208980e+01,1.5161398599e+02,4.9730208980e+01,0.0000000000e+00,nan,nan,nan,nan,nan,nan
-8.9875296077e-05,2.1008367114e-05,1.5145073285e+02,6.5366313531e+00,-4.9519257665e+01,1.7441232635e+02,1.5166274116e+02,-4.9731265976e+01,1.5166274116e+02,4.9731265976e+01,0.0000000000e+00,nan,nan,nan,nan,nan,nan
-9.3600984644e-05,2.1012053516e-05,1.5146806239e+02,7.3044134523e+00,-4.9453895480e+01,1.7446219059e+02,1.5173287615e+02,-4.9718709242e+01,1.5173287615e+02,4.9718709242e+01,0.0000000000e+00,nan,nan,nan,nan,nan,nan
-9.8958951908e-05,2.2576028793e-05,1.4729289931e+02,8.4452580838e+00,-4.8997797998e+01,1.7062019308e+02,1.4765516506e+02,-4.9360063751e+01,1.4765516506e+02,4.9360063751e+01,0.0000000000e+00,nan,nan,nan,nan,nan,nan
-1.0476814358e-04,2.1028121431e-05,1.5161621494e+02,9.6522045869e+00,-4.9145701514e+01,1.7466610785e+02,1.5207878110e+02,-4.9608267673e+01,1.5207878110e+02,4.9608267673e+01,0.0000000000e+00,nan,nan,nan,nan,nan,nan
-1.0848675923e-04,2.1035043652e-05,1.5169937389e+02,1.0450588149e+01,-4.9007501147e+01,1.7475644821e+02,1.5224161879e+02,-4.9549746042e+01,1.5224161879e+02,4.9549746042e+01,0.0000000000e+00,nan,nan,nan,nan,nan,nan
-1.1220323800e-04,2.1042747209e-05,1.5180001906e+02,1.1257389796e+01,-4.8852283054e+01,1.7485971664e+02,1.5242917247e+02,-4.9481436470e+01,1.5242917247e+02,4.9481436470e+01,0.0000000000e+00,nan,nan,nan,nan,nan,nan
-1.1743676429e-04,2.2617494484e-05,1.4764449925e+02,1.2472407126e+01,-4.8256780681e+01,1.7102447811e+02,1.4843488776e+02,-4.9047169190e+01,1.4843488776e+02,4.9047169190e+01,0.0000000000e+00,nan,nan,nan,nan,nan,nan
-1.2333845307e-04,2.1070335313e-05,1.5221040406e+02,1.3731839523e+01,-4.8286984076e+01,1.7525632952e+02,1.5314599901e+02,-4.9222579034e+01,1.5314599901e+02,4.9222579034e+01,0.0000000000e+00,nan,nan,nan,nan,nan,nan
-1.2704491865e-04,2.1081056052e-05,1.5238401411e+02,1.4575959075e+01,-4.8065690041e+01,1.7541982107e+02,1.5343784295e+02,-4.9119518881e+01,1.5343784295e+02,4.9119518881e+01,0.0000000000e+00,nan,nan,nan,nan,nan,nan
-1.3074848810e-04,2.1092530144e-05,1.5257637253e+02,1.5430433176e+01,-4.7827910196e+01,1.7560000676e+02,1.5375694234e+02,-4.9008480008e+01,1.5375694234e+02,4.9008480008e+01,0.0000000000e+00,nan,nan,nan,nan,nan,nan
-1.3444898550e-04,2.1104811870e-05,1.5278741208e+02,1.6295728702e+01,-4.7573463834e+01,1.7579720411e+02,1.5410353724e+02,-4.8889588991e+01,1.5410353724e+02,4.8889588991e+01,0.0000000000e+00,nan,nan,nan,nan,nan,nan
-1.4553010986e-04,2.1146618456e-05,1.5353295198e+02,1.8961520725e+01,-4.6706887720e+01,1.7649419515e+02,1.5531200321e+02,-4.8485938951e+01,1.5531200321e+02,4.8485938951e+01,0.0000000000e+00,nan,nan,nan,nan,nan,nan
-1.4921634588e-04,2.1162364562e-05,1.5381839834e+02,1.9875232395e+01,-4.6381985560e+01,1.7676195353e+02,1.5577176784e+02,-4.8335355065e+01,1.5577176784e+02,4.8335355065e+01,0.0000000000e+00,nan,nan,nan,nan,nan,nan
-1.5289719453e-04,2.1179222800e-05,1.5412136854e+02,2.0802172892e+01,-4.6038101713e+01,1.7704686924e+02,1.5625969103e+02,-4.8176424201e+01,1.5625969103e+02,4.8176424201e+01,0.0000000000e+00,nan,nan,nan,nan,nan,nan
1.2757111646e-04,2.9501878551e-05,6.5243332253e+01,-1.6485110637e+01,-1.9830661989e+01,7.9018113105e+01,6.8327464004e+01,-2.2914793740e+01,6.8327464004e+01,2.2914793740e+01,0.0000000000e+00,nan,nan,nan,nan,nan,nan
1.8210931410e-04,3.6028467034e-05,3.0514156193e+01,-1.1501714755e+01,-1.5523683922e+01,4.4570390060e+01,3.3227962835e+01,-1.8237490563e+01,3.3227962819e+01,1.8237490563e+01,0.0000000000e+00,nan,nan,nan,nan,nan,nan
-1.5657606918e-04,2.1196765119e-05,1.5444325646e+02,2.1743840088e+01,-4.5674145821e+01,1.7735031870e+02,1.5677780956e+02,-4.8008698922e+01,1.5677780956e+02,4.8008698922e+01,0.0000000000e+00,nan,nan,nan,nan,nan,nan
-4.5242831276e-05,2.4169603431e-05,1.4382980562e+02,-2.2909498813e+00,-4.7864892041e+01,1.6605933335e+02,1.4385685760e+02,-4.7891944019e+01,1.4385685760e+02,4.7891944019e+01,0.0000000000e+00,nan,nan,nan,nan,nan,nan
5.2601962745e-05,2.5549408779e-05,1.4101001433e+02,-2.5380018649e+01,-2.3663468886e+01,1.4922904226e+02,1.4483070044e+02,-2.7484154997e+01,1.4483070044e+02,2.7484154997e+01,0.0000000000e+00,nan,nan,nan,nan,nan,nan
7.3291204072e-05,2.6104032728e-05,1.3624705344e+02,-3.2236095570e+01,-1.6268843690e+01,1.4340209577e+02,1.4278234347e+02,-2.2804133721e+01,1.4278234347e+02,2.2804133721e+01,0.0000000000e+00,nan,nan,nan,nan,nan,nan
9.4314881830e-05,2.6993609757e-05,1.0783979010e+02,-2.6374823104e+01,-1.7506289911e+01,1.1777697722e+02,1.1316531960e+02,-2.2831819411e+01,1.1316531960e+02,2.2831819411e+01,0.0000000000e+00,nan,nan,nan,nan,nan,nan
-1.6391716457e-04,2.1233709155e-05,1.5514221006e+02,2.3671430947e+01,-4.4883246027e+01,1.7801154600e+02,1.5790449602e+02,-4.7645531990e+01,1.5790449602e+02,4.7645531990e+01,0.0000000000e+00,nan,nan,nan,nan,nan,nan
-1.6758124851e-04,2.1254636309e-05,1.5551385736e+02,2.4659523780e+01,-4.4453375697e+01,1.7836445330e+02,1.5850900596e+02,-4.7448524295e+01,1.5850900596e+02,4.7448524295e+01,0.0000000000e+00,nan,nan,nan,nan,nan,nan
-1.7123886359e-04,2.1277562619e-05,1.5589796126e+02,2.5664322301e+01,-4.3998877829e+01,1.7873004986e+02,1.5913938411e+02,-4.7240300681e+01,1.5913938411e+02,4.7240300681e+01,0.0000000000e+00,nan,nan,nan,nan,nan,nan
-1.7488886789e-04,2.1301242493e-05,1.5629731489e+02,2.6686117038e+01,-4.3518719036e+01,1.7911072492e+02,1.5979892317e+02,-4.7020327316e+01,1.5979892317e+02,4.7020327316e+01,0.0000000000e+00,nan,nan,nan,nan,nan,nan
2.3555978282e-04,3.4568788457e-05,2.2869436019e+01,-1.3167183188e+01,-1.3345329716e+01,3.8776898708e+01,2.7149906059e+01,-1.7625799756e+01,2.7150098222e+01,1.7625799756e+01,0.0000000000e+00,nan,nan,nan,nan,nan,nan
2.0763058159e-04,3.1235446118e-05,2.8456972200e+01,-1.2747825226e+01,-1.4415284020e+01,4.3198149162e+01,3.1961307137e+01,-1.7919618958e+01,3.1961306679e+01,1.7919618958e+01,0.0000000000e+00,nan,nan,nan,nan,nan,nan
1.5272825901e-04,2.5045156863e-05,6.0471194028e+01,-1.6373384674e+01,-1.8266791736e+01,7.3852611556e+01,6.3741026309e+01,-2.1536624016e+01,6.3741026309e+01,2.1536624016e+01,0.0000000000e+00,nan,nan,nan,nan,nan,nan
9.2174504155e-05,2.1294709540e-05,1.4427173366e+02,-3.3721507099e+01,-1.6055973860e+01,1.5063479901e+02,1.5107692166e+02,-2.2861161853e+01,1.5107692166e+02,2.2861161853e+01,0.0000000000e+00,nan,nan,nan,nan,nan,nan
7.7945440134e-05,2.0955887294e-05,1.6057339658e+02,-3.6366745811e+01,-1.5640596371e+01,1.6509290539e+02,1.6778283347e+02,-2.2850033263e+01,1.6778283347e+02,2.2850033263e+01,0.0000000000e+00,nan,nan,nan,nan,nan,nan
6.3808784169e-05,2.0702747354e-05,1.5915037451e+02,-2.9698123380e+01,-2.1172174515e+01,1.6441232539e+02,1.6391260032e+02,-2.5934400328e+01,1.6391260032e+02,2.5934400328e+01,0.0000000000e+00,nan,nan,nan,nan,nan,nan
4.9457834743e-05,2.0447435319e-05,1.5808159732e+02,-2.3832933878e+01,-2.6863196755e+01,1.6539792616e+02,1.6110173747e+02,-2.9883336912e+01,1.6110173747e+02,2.9883336912e+01,0.0000000000e+00,nan,nan,nan,nan,nan,nan
-1.8110411726e-04,1.9752277576e-05,1.6217322023e+02,2.8233340655e+01,-4.3096301049e+01,1.8437014249e+02,1.6598461099e+02,-4.6907691803e+01,1.6598461099e+02,4.6907691803e+01,0.0000000000e+00,nan,nan,nan,nan,nan,nan
-1.8577497522e-04,2.1387778512e-05,1.5753634606e+02,2.9857188707e+01,-4.1906230492e+01,1.8029589334e+02,1.6190894034e+02,-4.6278824773e+01,1.6190894034e+02,4.6278824773e+01,0.0000000000e+00,nan,nan,nan,nan,nan,nan
-1.8941333931e-04,2.1413677041e-05,1.5798838428e+02,3.0959977157e+01,-4.1301871014e+01,1.8072690190e+02,1.6268598209e+02,-4.5999468829e+01,1.6268598209e+02,4.5999468829e+01,0.0000000000e+00,nan,nan,nan,nan,nan,nan
-1.9304388040e-04,2.1449706332e-05,1.5841593382e+02,3.2084939409e+01,-4.0658056948e+01,1.8113619632e+02,1.6345797014e+02,-4.5700093265e+01,1.6345797014e+02,4.5700093265e+01,0.0000000000e+00,nan,nan,nan,nan,nan,nan
-1.9934240067e-04,1.9901348320e-05,1.6482017437e+02,3.3819951671e+01,-3.9962357955e+01,1.8676810908e+02,1.7025952626e+02,-4.5401709841e+01,1.7025952626e+02,4.5401709841e+01,0.0000000000e+00,nan,nan,nan,nan,nan,nan
1.7041516187e-04,3.4446073271e-05,3.5557511256e+01,-1.1853878482e+01,-1.6485389081e+01,4.9527093806e+01,3.8130542028e+01,-1.9058419853e+01,3.8130542029e+01,1.9058419853e+01,0.0000000000e+00,nan,nan,nan,nan,nan,nan
1.4310020138e-04,3.1099837121e-05,5.1772019809e+01,-1.3554551980e+01,-1.9926842041e+01,6.6383636489e+01,5.4249199280e+01,-2.2404021513e+01,5.4249199280e+01,2.2404021513e+01,0.0000000000e+00,nan,nan,nan,nan,nan,nan
6.3010897857e-05,2.5819487497e-05,1.4061396368e+02,-2.9962298999e+01,-1.9111304358e+01,1.4773318290e+02,1.4604512257e+02,-2.4542463257e+01,1.4604512257e+02,2.4542463257e+01,0.0000000000e+00,nan,nan,nan,nan,nan,nan
2.7806390713e-05,2.4981056448e-05,1.4270010119e+02,-1.7217151170e+01,-3.3355033039e+01,1.5535555091e+02,1.4436710321e+02,-3.5022035062e+01,1.4436710321e+02,3.5022035062e+01,0.0000000000e+00,nan,nan,nan,nan,nan,nan
1.6839617951e-04,2.6633636663e-05,4.8476663431e+01,-1.4892741518e+01,-1.6601754549e+01,6.1983024869e+01,5.1723370534e+01,-1.9848461653e+01,5.1723370534e+01,1.9848461653e+01,0.0000000000e+00,nan,nan,nan,nan,nan,nan
1.9580826876e-04,2.9791242085e-05,3.3170064534e+01,-1.3247424889e+01,-1.4793020598e+01,4.7454066016e+01,3.6586139756e+01,-1.8209095821e+01,3.6586139764e+01,1.8209095821e+01,0.0000000000e+00,nan,nan,nan,nan,nan,nan
2.4758209381e-04,3.5816270948e-05,2.3470761670e+01,-1.5113470476e+01,-1.1633758828e+01,4.0118405775e+01,2.9080873795e+01,-1.7243870952e+01,2.9069735110e+01,1.7243870952e+01,0.0000000000e+00,nan,nan,nan,nan,nan,nan
-2.0383106382e-04,2.1567909438e-05,1.5967461148e+02,3.5570731399e+01,-3.8487801752e+01,1.8233501445e+02,1.6586457454e+02,-4.4677764816e+01,1.6586457454e+02,4.4677764816e+01,0.0000000000e+00,nan,nan,nan,nan,nan,nan
2.0959448194e-04,3.9865169746e-05,2.2809980407e+01,-1.1317941299e+01,-1.4231543644e+01,3.7594453766e+01,2.5994386383e+01,-1.7415949620e+01,2.5994414759e+01,1.7415949620e+01,0.0000000000e+00,nan,nan,nan,nan,nan,nan
2.6300290020e-04,3.4437880109e-05,6.3011850314e+00,-9.7673720807e+00,-1.2962503740e+01,2.3813922808e+01,1.0418315390e+01,-1.7079634098e+01,1.0403456637e+01,1.7079634098e+01,0.0000000000e+00,nan,nan,nan,nan,nan,nan
2.6711109070e-04,3.5018573540e-05,-3.4980473735e-01,-6.8964150853e+00,-1.4032280901e+01,1.6858786726e+01,2.5423822353e+00,-1.6924467873e+01,2.5326667262e+00,1.6924467873e+01,0.0000000000e+00,nan,nan,nan,nan,nan,nan
-2.0740635725e-04,2.1613585550e-05,1.6006336710e+02,3.6774910254e+01,-3.7670166517e+01,1.8270193953e+02,1.6667961426e+02,-4.4286413679e+01,1.6667961426e+02,4.4286413679e+01,0.0000000000e+00,nan,nan,nan,nan,nan,nan
-2.1096865889e-04,2.1663358163e-05,1.6042280756e+02,3.7998926480e+01,-3.6799402644e+01,1.8303835475e+02,1.6748894584e+02,-4.3865540931e+01,1.6748894584e+02,4.3865540931e+01,0.0000000000e+00,nan,nan,nan,nan,nan,nan
-2.1734863595e-04,2.0114148446e-05,1.6736611660e+02,3.9986212926e+01,-3.5673465482e+01,1.8898196273e+02,1.7495511260e+02,-4.3262461490e+01,1.7495511261e+02,4.3262461490e+01,0.0000000000e+00,nan,nan,nan,nan,nan,nan
-2.3147006653e-04,2.0375472386e-05,1.6854888826e+02,4.5265234815e+01,-3.1051336225e+01,1.8980347143e+02,1.7833186132e+02,-4.0834309295e+01,1.7833186133e+02,4.0834309295e+01,0.0000000000e+00,nan,nan,nan,nan,nan,nan
-2.3497623772e-04,2.0453090290e-05,1.6862474677e+02,4.6614921065e+01,-2.9676898308e+01,1.8976234908e+02,1.7903326756e+02,-4.0085419093e+01,1.7903326756e+02,4.0085419093e+01,0.0000000000e+00,nan,nan,nan,nan,nan,nan
-2.3844694615e-04,2.0544855530e-05,1.6853283254e+02,4.7955576952e+01,-2.8207618502e+01,1.8954540736e+02,1.7959669898e+02,-3.9271484940e+01,1.7959669898e+02,3.9271484940e+01,0.0000000000e+00,nan,nan,nan,nan,nan,nan
-1.5898041474e-04,2.4394677928e-05,1.4515964339e+02,2.2672737947e+01,-4.4587670103e+01,1.6895175218e+02,1.4783032625e+02,-4.7258352959e+01,1.4783032625e+02,4.7258352959e+01,0.0000000000e+00,nan,nan,nan,nan,nan,nan
-2.1581269224e-04,1.6848648081e-05,1.7973398916e+02,3.8713965815e+01,-3.7255396915e+01,1.9952019096e+02,1.8643233208e+02,-4.3953739836e+01,1.8643233208e+02,4.3953739836e+01,0.0000000000e+00,nan,nan,nan,nan,nan,nan
2.6634617992e-04,3.1663841052e-05,1.1175846355e+01,-1.2256166795e+01,-1.1613643514e+01,2.9033392371e+01,1.6543538322e+01,-1.6981335480e+01,1.6549531635e+01,1.6981335480e+01,0.0000000000e+00,nan,nan,nan,nan,nan,nan
2.7042614023e-04,3.2151568459e-05,2.5819438927e+00,-8.4349414104e+00,-1.3495796734e+01,2.0228929839e+01,6.2222516669e+00,-1.7136104509e+01,6.2143259271e+00,1.7136104509e+01,0.0000000000e+00,nan,nan,nan,nan,nan,nan
-2.2671890250e-04,1.6983297393e-05,1.8203892271e+02,4.2781627101e+01,-3.4011170545e+01,2.0123975367e+02,1.9019970204e+02,-4.2171949870e+01,1.9019970204e+02,4.2171949870e+01,0.0000000000e+00,nan,nan,nan,nan,nan,nan
3.1910894839e-04,3.5051537819e-05,-9.8271705904e-01,-1.0820212499e+01,-6.8571717581e+00,1.9416690127e+01,7.2902868631e+00,-1.5130175680e+01,7.2902868629e+00,1.5130175680e+01,0.0000000000e+00,nan,nan,nan,nan,nan,nan
3.1505126783e-04,3.4607563511e-05,-1.0469655788e+00,-1.0380295692e+01,-7.7127541207e+00,1.8880745406e+01,6.5209435931e+00,-1.5280663293e+01,6.5209435937e+00,1.5280663293e+01,0.0000000000e+00,nan,nan,nan,nan,nan,nan
2.5017726530e-04,1.1392098241e-04,-2.6971097479e+00,-6.9950743105e+00,-1.0067790008e+01,1.3693980769e+01,1.5237736048e+00,-1.4288673361e+01,1.5236079219e+00,1.4288673361e+01,0.0000000000e+00,nan,nan,nan,nan,nan,nan
2.4967606379e-04,1.1012541774e-04,-2.8866795104e+00,-6.8939115911e+00,-1.0277358574e+01,1.3547347210e+01,1.2395455162e+00,-1.4403583601e+01,1.2402171209e+00,1.4403583601e+01,0.0000000000e+00,nan,nan,nan,nan,nan,nan
2.5363668817e-04,1.1106235782e-04,-2.7662856834e+00,-7.0957246137e+00,-9.9359805143e+00,1.3769053120e+01,1.5984334265e+00,-1.4300699624e+01,1.5982856694e+00,1.4300699624e+01,0.0000000000e+00,nan,nan,nan,nan,nan,nan
-2.4530339259e-04,2.0759785080e-05,1.6780823220e+02,5.0576602144e+01,-2.4958433884e+01,1.8852368819e+02,1.8026910128e+02,-3.7419302969e+01,1.8026910128e+02,3.7419302969e+01,0.0000000000e+00,nan,nan,nan,nan,nan,nan
-2.4804244336e-04,1.7404093043e-05,1.8443930550e+02,5.1482852511e+01,-2.4874113198e+01,2.0201042511e+02,1.9641336947e+02,-3.6848177165e+01,1.9641336947e+02,3.6848177165e+01,0.0000000000e+00,nan,nan,nan,nan,nan,nan
-2.6154679449e-04,5.3514383043e-05,3.8720242474e+01,3.9800838597e+01,-1.3472912446e+01,8.2426006710e+01,6.0212342176e+01,-3.4965012149e+01,6.0212342176e+01,3.4965012149e+01,0.0000000000e+00,nan,nan,nan,nan,nan,nan
3.0698627044e-04,8.1400992581e-05,-2.9415263599e+00,-9.5620356472e+00,-5.5759611707e+00,1.6716682682e+01,5.3926374810e+00,-1.3910125012e+01,5.3926374811e+00,1.3910125012e+01,0.0000000000e+00,nan,nan,nan,nan,nan,nan
3.0360184579e-04,8.4526232228e-05,-2.9541706125e+00,-9.3464304975e+00,-5.9364115368e+00,1.6391710191e+01,5.0184672167e+00,-1.3909049366e+01,5.0184672166e+00,1.3909049366e+01,0.0000000000e+00,nan,nan,nan,nan,nan,nan
2.9630125655e-04,8.6870460783e-05,-2.8790768948e+00,-8.9845720515e+00,-6.8203959771e+00,1.5930362497e+01,4.3476626399e+00,-1.4047135512e+01,4.3476626388e+00,1.4047135512e+01,0.0000000000e+00,nan,nan,nan,nan,nan,nan
2.9681916541e-04,9.0713600858e-05,-2.9517890301e+00,-8.9487183614e+00,-6.5891101955e+00,1.5815228814e+01,4.3604770005e+00,-1.3901376226e+01,4.3604770012e+00,1.3901376226e+01,0.0000000000e+00,nan,nan,nan,nan,nan,nan
2.9290384300e-04,8.9936973383e-05,-2.8858684024e+00,-8.7934730179e+00,-7.1087298374e+00,1.5662454369e+01,4.0454231264e+00,-1.4040021366e+01,4.0454231243e+00,1.4040021366e+01,0.0000000000e+00,nan,nan,nan,nan,nan,nan
2.8950168784e-04,9.2983965744e-05,-2.8828624661e+00,-8.6126145627e+00,-7.3793644838e+00,1.5416276470e+01,3.7694778947e+00,-1.4031704845e+01,3.7694779035e+00,1.4031704845e+01,0.0000000000e+00,nan,nan,nan,nan,nan,nan
2.9001647326e-04,9.6820846919e-05,-2.9111677517e+00,-8.5919095802e+00,-7.1633919006e+00,1.5329432552e+01,3.8131721843e+00,-1.3887731837e+01,3.8131721818e+00,1.3887731837e+01,0.0000000000e+00,nan,nan,nan,nan,nan,nan
3.1036645265e-04,7.8253601480e-05,-2.9197341192e+00,-9.7897254717e+00,-5.1898310910e+00,1.7068076448e+01,5.7994759269e+00,-1.3909041137e+01,5.7994759269e+00,1.3909041137e+01,0.0000000000e+00,nan,nan,nan,nan,nan,nan
2.8609442178e-04,9.6011901906e-05,-2.8697390829e+00,-8.4415566231e+00,-7.6337821444e+00,1.5191159563e+01,3.5188594495e+00,-1.4022380677e+01,3.5188594493e+00,1.4022380677e+01,0.0000000000e+00,nan,nan,nan,nan,nan,nan
2.8660698549e-04,9.9845820826e-05,-2.8756434523e+00,-8.4276394806e+00,-7.4251992750e+00,1.5118530658e+01,3.5782663817e+00,-1.3879109109e+01,3.5782663886e+00,1.3879109109e+01,0.0000000000e+00,nan,nan,nan,nan,nan,nan
-2.6629662688e-04,5.4904022361e-05,3.1911232568e+01,3.8647008186e+01,-1.2171390470e+01,7.7049794625e+01,5.4354640718e+01,-3.4614798619e+01,5.4354640718e+01,3.4614798619e+01,0.0000000000e+00,nan,nan,nan,nan,nan,nan
2.7787485708e-04,2.9812143741e-05,-1.5658232862e-01,-7.5867579975e+00,-1.3399398809e+01,1.7467855608e+01,3.3070805687e+00,-1.6863061706e+01,3.3064419631e+00,1.6863061706e+01,0.0000000000e+00,nan,nan,nan,nan,nan,nan
-2.6156751545e-04,1.6133827730e-05,1.9182697174e+02,5.7066590176e+01,-1.6896844683e+01,2.0601235853e+02,2.0640635418e+02,-3.1476227123e+01,2.0640635418e+02,3.1476227123e+01,0.0000000000e+00,nan,nan,nan,nan,nan,nan
-2.6829857738e-04,1.6451020933e-05,1.8884415472e+02,5.9672919951e+01,-1.1372721965e+01,2.0185282878e+02,2.0527550141e+02,-2.7804068656e+01,2.0527550141e+02,2.7804068656e+01,0.0000000000e+00,nan,nan,nan,nan,nan,nan
-2.7158948073e-04,1.6645417250e-05,1.8656029267e+02,6.0796043136e+01,-8.3307956980e+00,1.9892742218e+02,2.0396554923e+02,-2.5736052258e+01,2.0396554923e+02,2.5736052258e+01,0.0000000000e+00,nan,nan,nan,nan,nan,nan
-6.3375940081e-05,5.0412607008e-05,8.2226542904e+01,5.9320154088e-01,-4.3551360373e+01,1.0893097523e+02,8.2228919136e+01,-4.3553736605e+01,8.2228919136e+01,4.3553736605e+01,0.0000000000e+00,nan,nan,nan,nan,nan,nan
-2.3500078550e-04,4.0552303049e-05,9.0622736582e+01,4.3626997019e+01,-2.3609172930e+01,1.2448090783e+02,1.0537586747e+02,-3.8362303819e+01,1.0537586747e+02,3.8362303819e+01,0.0000000000e+00,nan,nan,nan,nan,nan,nan
8.7191419818e-05,9.6316547902e-05,1.2590180842e+00,2.0241325999e+00,-2.2393385853e+01,2.0790479177e+01,1.4362048653e+00,-2.2570572634e+01,1.4081609653e+00,2.2570572634e+01,0.0000000000e+00,nan,nan,nan,nan,nan,nan
-1.8025126327e-04,8.6132066080e-05,1.3518365804e+01,1.9920299175e+01,-2.7981866296e+01,4.9818754399e+01,2.1531121017e+01,-3.5994621509e+01,2.1531121000e+01,3.5994621509e+01,0.0000000000e+00,nan,nan,nan,nan,nan,nan
2.5413439313e-04,1.1486210247e-04,-2.5888609270e+00,-7.1752614565e+00,-9.7371213707e+00,1.3883885199e+01,1.8528737080e+00,-1.4178856006e+01,1.8529208222e+00,1.4178856006e+01,0.0000000000e+00,nan,nan,nan,nan,nan,nan
2.8205914368e-04,3.0412536232e-05,-2.2266746410e+00,-6.7884488452e+00,-1.3392860656e+01,1.5220958580e+01,9.7805688500e-01,-1.6597592182e+01,9.7819482665e-01,1.6597592182e+01,0.0000000000e+00,nan,nan,nan,nan,nan,nan
-2.2152620758e-04,2.1837289189e-05,1.6123677193e+02,4.1758838188e+01,-3.3839728712e+01,1.8376932424e+02,1.6979779039e+02,-4.2400747200e+01,1.6979779039e+02,4.2400747201e+01,0.0000000000e+00,nan,nan,nan,nan,nan,nan
-2.7482354013e-04,1.6868310900e-05,1.8367945844e+02,6.1778743933e+01,-5.0725459519e+00,1.9536401063e+02,2.0209692037e+02,-2.3490007885e+01,2.0209692037e+02,2.3490007885e+01,0.0000000000e+00,nan,nan,nan,nan,nan,nan
-2.7128060043e-04,5.4065815198e-05,3.1255621767e+01,3.8650373849e+01,-1.0695549104e+01,7.6155682262e+01,5.4248539987e+01,-3.3688467321e+01,5.4248539987e+01,3.3688467321e+01,0.0000000000e+00,nan,nan,nan,nan,nan,nan
3.2244964523e-04,3.1773716195e-05,-8.3426730105e-01,-1.1130648344e+01,-6.4997554894e+00,1.9890546186e+01,7.8168007997e+00,-1.5150823590e+01,7.8168007997e+00,1.5150823590e+01,0.0000000000e+00,nan,nan,nan,nan,nan,nan
3.1087204119e-04,8.2127599794e-05,-3.0739860262e+00,-9.6963781857e+00,-4.9546876483e+00,1.6871656322e+01,5.7265184820e+00,-1.3755192156e+01,5.7265184820e+00,1.3755192156e+01,0.0000000000e+00,nan,nan,nan,nan,nan,nan
2.7709305185e-04,2.6455573545e-05,1.0896750191e+01,-1.3037563753e+01,-1.0876905388e+01,2.9462912898e+01,1.7020343094e+01,-1.7000498291e+01,1.7020672099e+01,1.7000498291e+01,0.0000000000e+00,nan,nan,nan,nan,nan,nan
-1.7548331245e-04,8.7735602133e-05,1.2729599901e+01,1.8994315698e+01,-2.8379563133e+01,4.8472588872e+01,2.0160680618e+01,-3.5810643849e+01,2.0160680743e+01,3.5810643849e+01,0.0000000000e+00,nan,nan,nan,nan,nan,nan
2.5808759658e-04,1.1579234272e-04,-2.5049959286e+00,-7.3381456778e+00,-9.4037002817e+00,1.4043649923e+01,2.1537569584e+00,-1.4062453169e+01,2.1537465441e+00,1.4062453169e+01,0.0000000000e+00,nan,nan,nan,nan,nan,nan
1.7069456279e-04,9.1399678362e-05,-6.0066443696e+00,-1.4174225656e+00,-1.6818186055e+01,9.6825654573e+00,-5.8221834394e+00,-1.7002646986e+01,-8.5690370751e-04,1.7002646986e+01,0.0000000000e+00,nan,nan,nan,nan,nan,nan
2.8292155328e-04,3.4018276367e-05,-1.7448421571e+00,-7.2666962516e+00,-1.2636416744e+01,1.5724013401e+01,1.8876339191e+00,-1.6268892820e+01,1.8875285960e+00,1.6268892820e+01,0.0000000000e+00,nan,nan,nan,nan,nan,nan
2.8623118968e-04,3.1005290159e-05,-1.5872972190e+00,-7.4268439187e+00,-1.2540834646e+01,1.5980534197e+01,2.1622997878e+00,-1.6290431653e+01,2.1622936304e+00,1.6290431653e+01,0.0000000000e+00,nan,nan,nan,nan,nan,nan
-2.7444625857e-04,5.0116071346e-05,4.1403620248e+01,4.0421952448e+01,-9.2179988068e+00,8.2595041929e+01,6.3779080413e+01,-3.1593458971e+01,6.3779080413e+01,3.1593458971e+01,0.0000000000e+00,nan,nan,nan,nan,nan,nan
-2.7622500487e-04,5.3340753449e-05,3.0511267230e+01,3.8365530777e+01,-9.2786380051e+00,7.4840336225e+01,5.3825402879e+01,-3.2592773653e+01,5.3825402879e+01,3.2592773653e+01,0.0000000000e+00,nan,nan,nan,nan,nan,nan
-2.7948771011e-04,4.9421221143e-05,4.1118445959e+01,3.9695075973e+01,-7.6167352913e+00,8.0662349693e+01,6.3321284642e+01,-2.9819573978e+01,6.3321284642e+01,2.9819573978e+01,0.0000000000e+00,nan,nan,nan,nan,nan,nan
-2.8109711680e-04,1.7415556308e-05,1.7590268566e+02,6.3294568788e+01,2.2279488761e+00,1.8611119387e+02,1.9651666515e+02,-1.8386030612e+01,1.9651666515e+02,1.8386030612e+01,0.0000000000e+00,nan,nan,nan,nan,nan,nan
-2.8447101364e-04,1.5766068285e-05,1.8463251121e+02,6.5624420273e+01,4.5618135236e+00,1.9296539764e+02,2.0600578664e+02,-1.6811461909e+01,2.0600578664e+02,1.6811461909e+01,0.0000000000e+00,nan,nan,nan,nan,nan,nan
2.4973048255e-04,8.4621159471e-05,-3.5443954224e+00,-6.1016171932e+00,-1.1815207082e+01,1.2765622421e+01,-3.0956571094e-01,-1.5050036794e+01,-1.2446513955e-02,1.5050036794e+01,0.0000000000e+00,nan,nan,nan,nan,nan,nan
2.7960784239e-04,3.7011699550e-05,-1.9855058519e+00,-6.9976173620e+00,-1.2808371680e+01,1.5317570674e+01,1.4466647859e+00,-1.6240542318e+01,1.4473103339e+00,1.6240542318e+01,0.0000000000e+00,nan,nan,nan,nan,nan,nan
-1.8562469791e-04,8.6727040116e-05,1.1282293806e+01,2.0290265026e+01,-2.7255667313e+01,4.8463499665e+01,1.9993727824e+01,-3.5967101331e+01,1.9993727823e+01,3.5967101331e+01,0.0000000000e+00,nan,nan,nan,nan,nan,nan
2.9039257601e-04,3.1574294943e-05,-1.5307079364e+00,-7.8927262773e+00,-1.1951032585e+01,1.6376629306e+01,2.7141810776e+00,-1.6195921599e+01,2.7141761309e+00,1.6195921599e+01,0.0000000000e+00,nan,nan,nan,nan,nan,nan
3.1473897836e-04,8.2857931138e-05,-3.2344415143e+00,-9.7995308379e+00,-4.3223888720e+00,1.6997545077e+01,6.0351220325e+00,-1.3591952419e+01,6.0351220325e+00,1.3591952419e+01,0.0000000000e+00,nan,nan,nan,nan,nan,nan
2.6154506767e-04,1.1290278471e-04,-2.5964112089e+00,-7.4477046708e+00,-9.2440642052e+00,1.4125583430e+01,2.2351716886e+00,-1.4075647103e+01,2.2351696055e+00,1.4075647103e+01,0.0000000000e+00,nan,nan,nan,nan,nan,nan
2.5857230082e-04,1.1960022825e-04,-2.3272358547e+00,-7.3761635524e+00,-9.2340793823e+00,1.4106246133e+01,2.3635873837e+00,-1.3924902621e+01,2.3635906923e+00,1.3924902621e+01,0.0000000000e+00,nan,nan,nan,nan,nan,nan
2.9052110604e-04,1.0066720933e-04,-2.9286286520e+00,-8.5539574027e+00,-6.9701760360e+00,1.5222678609e+01,3.8394152486e+00,-1.3738219937e+01,3.8394152482e+00,1.3738219937e+01,0.0000000000e+00,nan,nan,nan,nan,nan,nan
-2.9064520358e-04,1.6433471941e-05,1.7294565056e+02,6.5681387950e+01,5.6718833533e+00,1.8419008337e+02,1.9565096117e+02,-1.7033427260e+01,1.9565096117e+02,1.7033427260e+01,0.0000000000e+00,nan,nan,nan,nan,nan,nan
-2.8112396428e-04,5.2746994961e-05,2.9733877945e+01,3.7759341047e+01,-7.9747376594e+00,7.3083564681e+01,5.3074385885e+01,-3.1315245599e+01,5.3074385885e+01,3.1315245599e+01,0.0000000000e+00,nan,nan,nan,nan,nan,nan
-2.8448499036e-04,4.8872003968e-05,4.0949566228e+01,3.8441870404e+01,-6.1518547024e+00,7.8068539851e+01,6.2471748261e+01,-2.7674036736e+01,6.2471748261e+01,2.7674036736e+01,0.0000000000e+00,nan,nan,nan,nan,nan,nan
3.2578276832e-04,2.8465115435e-05,-7.0649210165e-01,-1.1450959932e+01,-6.1124474054e+00,2.0375684499e+01,8.3544371771e+00,-1.5173376684e+01,8.3544371771e+00,1.5173376684e+01,0.0000000000e+00,nan,nan,nan,nan,nan,nan
3.2982683185e-04,2.8818831755e-05,-6.3339205746e-01,-1.1945166816e+01,-5.0371834582e+00,2.1034765395e+01,9.3091397056e+00,-1.4979715221e+01,9.3091397056e+00,1.4979715221e+01,0.0000000000e+00,nan,nan,nan,nan,nan,nan
-1.9093776231e-04,8.7376178909e-05,8.8636590805e+00,2.0534063712e+01,-2.6536936348e+01,4.6953001237e+01,1.8271689270e+01,-3.5944966537e+01,1.8271689270e+01,3.5944966537e+01,0.0000000000e+00,nan,nan,nan,nan,nan,nan
2.9284439485e-04,2.4918251575e-05,-1.7103880031e+00,-7.7630512943e+00,-1.2597206703e+01,1.6418303115e+01,2.3253143699e+00,-1.6632909076e+01,2.3253125213e+00,1.6632909076e+01,0.0000000000e+00,nan,nan,nan,nan,nan,nan
2.9701702509e-04,2.5427338575e-05,-1.0999783346e+00,-8.4706608277e+00,-1.1506245452e+01,1.7214843584e+01,3.6358826837e+00,-1.6242106470e+01,3.6358830757e+00,1.6242106470e+01,0.0000000000e+00,nan,nan,nan,nan,nan,nan
2.8557039427e-04,9.2187512896e-05,-2.8532670147e+00,-8.4381708292e+00,-7.8643109330e+00,1.5244972253e+01,3.4428998602e+00,-1.4160477808e+01,3.4428998175e+00,1.4160477808e+01,0.0000000000e+00,nan,nan,nan,nan,nan,nan
2.8216070121e-04,9.5198925934e-05,-2.8518757069e+00,-8.2703096638e+00,-8.0959250362e+00,1.5026321341e+01,3.2015502997e+00,-1.4149351043e+01,3.2015503726e+00,1.4149351043e+01,0.0000000000e+00,nan,nan,nan,nan,nan,nan
2.4232449019e-04,8.6535764761e-05,-3.8168687595e+00,-5.6430609010e+00,-1.2292647643e+01,1.2222028224e+01,-9.9836691633e-01,-1.5111149487e+01,-2.4037344953e-03,1.5111149487e+01,0.0000000000e+00,nan,nan,nan,nan,nan,nan
1.6680560825e-04,9.0155230693e-05,-5.4422515230e+00,-1.5970670723e+00,-1.6783459204e+01,1.0207209425e+01,-5.2197202510e+00,-1.7005990468e+01,2.1052063675e-03,1.7005990468e+01,0.0000000000e+00,nan,nan,nan,nan,nan,nan
1.6353504524e-04,9.2517211115e-05,-5.6565911120e+00,-1.4575799498e+00,-1.6817314030e+01,9.9933967193e+00,-5.4672622859e+00,-1.7006642858e+01,-2.3169808325e-04,1.7006642858e+01,0.0000000000e+00,nan,nan,nan,nan,nan,nan
-1.6779473408e-04,7.2855641141e-05,3.5081878822e+01,2.1115023450e+01,-3.1557874974e+01,6.8321837849e+01,4.1207633398e+01,-3.7683629550e+01,4.1207633398e+01,3.7683629550e+01,0.0000000000e+00,nan,nan,nan,nan,nan,nan
-1.6627490794e-04,6.8835500330e-05,4.1830594274e+01,2.1563777895e+01,-3.2529653912e+01,7.4442943214e+01,4.7630123485e+01,-3.8329183123e+01,4.7630123485e+01,3.8329183123e+01,0.0000000000e+00,nan,nan,nan,nan,nan,nan
-1.7287938552e-04,6.3397284355e-05,5.0132720032e+01,2.3897672536e+01,-3.2708525505e+01,8.2824631202e+01,5.6530920384e+01,-3.9106725856e+01,5.6530920384e+01,3.9106725856e+01,0.0000000000e+00,nan,nan,nan,nan,nan,nan
-1.7137538996e-04,5.9500365712e-05,5.7753242018e+01,2.4238340248e+01,-3.3788971248e+01,8.9705465035e+01,6.3773609771e+01,-3.9809339000e+01,6.3773609771e+01,3.9809339000e+01,0.0000000000e+00,nan,nan,nan,nan,nan,nan
-1.7143081016e-04,9.1518439054e-05,9.1928633255e+00,1.7667233947e+01,-2.8428840929e+01,4.4695950220e+01,1.6187230089e+01,-3.5423207693e+01,1.6187228492e+01,3.5423207693e+01,0.0000000000e+00,nan,nan,nan,nan,nan,nan
2.4293998071e-04,9.0291343710e-05,-3.7357141920e+00,-5.8416972508e+00,-1.1975730152e+01,1.2380246900e+01,-7.0798329202e-01,-1.5003461052e+01,3.5745489874e-03,1.5003461052e+01,0.0000000000e+00,nan,nan,nan,nan,nan,nan
1.6410806854e-04,9.6149364043e-05,-6.3986708667e+00,-1.1797260772e+00,-1.6869983291e+01,9.2994106340e+00,-6.2653098464e+00,-1.7003344312e+01,2.0317357725e-04,1.7003344312e+01,0.0000000000e+00,nan,nan,nan,nan,nan,nan
-2.9370841993e-04,1.6820340216e-05,1.6532576817e+02,6.4915095019e+01,6.0499134804e+00,1.7795390334e+02,1.8842957482e+02,-1.7053893173e+01,1.8842957482e+02,1.7053893173e+01,0.0000000000e+00,nan,nan,nan,nan,nan,nan
-2.9743808360e-04,1.5090232650e-05,1.7363186676e+02,6.7328952431e+01,6.7304815271e+00,1.8571529893e+02,1.9740395197e+02,-1.7041603684e+01,1.9740395197e+02,1.7041603684e+01,0.0000000000e+00,nan,nan,nan,nan,nan,nan
-3.0367685368e-04,1.5950160124e-05,1.5475437317e+02,6.4353213672e+01,7.0540990630e+00,1.6966098124e+02,1.7885804931e+02,-1.7049577077e+01,1.7885804931e+02,1.7049577077e+01,0.0000000000e+00,nan,nan,nan,nan,nan,nan
-2.8943549930e-04,4.8492810462e-05,4.1174742629e+01,3.6592895305e+01,-4.9067064601e+00,7.4879187321e+01,6.1365537041e+01,-2.5097500872e+01,6.1365537041e+01,2.5097500872e+01,0.0000000000e+00,nan,nan,nan,nan,nan,nan
3.2194455328e-04,8.0399132907e-05,-3.4503859437e+00,-1.0091898597e+01,-3.1840287448e+00,1.7478999391e+01,6.7742976592e+00,-1.3408712348e+01,6.7742976592e+00,1.3408712348e+01,0.0000000000e+00,nan,nan,nan,nan,nan,nan
-2.9433960954e-04,4.8310976655e-05,4.2018340495e+01,3.4290209552e+01,-3.9787997864e+00,7.1465696220e+01,6.0280509305e+01,-2.2240968596e+01,6.0280509305e+01,2.2240968596e+01,0.0000000000e+00,nan,nan,nan,nan,nan,nan
-1.9357083049e-04,8.7722419577e-05,7.5849305566e+00,2.0604348600e+01,-2.6183505997e+01,4.6136583827e+01,1.7337681372e+01,-3.5936256812e+01,1.7337681373e+01,3.5936256812e+01,0.0000000000e+00,nan,nan,nan,nan,nan,nan
3.2146842009e-04,7.6472428079e-05,-3.2463308001e+00,-1.0266805833e+01,-3.3679401781e+00,1.7780666896e+01,6.9585373295e+00,-1.3572808308e+01,6.9585373295e+00,1.3572808308e+01,0.0000000000e+00,nan,nan,nan,nan,nan,nan
3.2529772218e-04,7.7179061341e-05,-3.4717157032e+00,-1.0327043281e+01,-2.6475353538e+00,1.7898765419e+01,7.2742315043e+00,-1.3393482561e+01,7.2742315043e+00,1.3393482561e+01,0.0000000000e+00,nan,nan,nan,nan,nan,nan
3.2482580562e-04,7.3242459872e-05,-3.2410088234e+00,-1.0519987798e+01,-2.8339660217e+00,1.8222046935e+01,7.4830162808e+00,-1.3557991126e+01,7.4830162808e+00,1.3557991126e+01,0.0000000000e+00,nan,nan,nan,nan,nan,nan
3.2864536035e-04,7.3933436385e-05,-3.4869094047e+00,-1.0574516397e+01,-2.0678247673e+00,1.8354086086e+01,7.8193694566e+00,-1.3374103629e+01,7.8193694566e+00,1.3374103629e+01,0.0000000000e+00,nan,nan,nan,nan,nan,nan
3.3152601513e-04,6.6701661538e-05,-3.2078207028e+00,-1.1069962311e+01,-1.6290599345e+00,1.9219321700e+01,8.6778402388e+00,-1.3514720876e+01,8.6778402388e+00,1.3514720876e+01,0.0000000000e+00,nan,nan,nan,nan,nan,nan
3.3532398160e-04,6.7360142933e-05,-3.4994433434e+00,-1.1109253145e+01,-7.5697452265e-01,1.9384476830e+01,9.0634239829e+00,-1.3319841849e+01,9.0634239829e+00,1.3319841849e+01,0.0000000000e+00,nan,nan,nan,nan,nan,nan
3.3486890038e-04,6.3388170117e-05,-3.1795961175e+00,-1.1368574722e+01,-9.4631652701e-01,1.9782248269e+01,9.3583300411e+00,-1.3484242686e+01,9.3583300411e+00,1.3484242686e+01,0.0000000000e+00,nan,nan,nan,nan,nan,nan
3.3865468482e-04,6.4029541429e-05,-3.4966572516e+00,-1.1397797715e+01,-1.2806855554e-02,1.9967059835e+01,9.7732553171e+00,-1.3282719424e+01,9.7732553171e+00,1.3282719424e+01,0.0000000000e+00,nan,nan,nan,nan,nan,nan
3.3820656640e-04,6.0043410422e-05,-3.1429075180e+00,-1.1684045414e+01,-2.0066000042e-01,2.0393279886e+01,1.0102281872e+01,-1.3445849391e+01,1.0102281872e+01,1.3445849391e+01,0.0000000000e+00,nan,nan,nan,nan,nan,nan
3.4529755283e-04,5.7271643604e-05,-3.4702755802e+00,-1.2019638954e+01,1.6933817647e+00,2.1288810769e+01,1.1402653720e+01,-1.3179547536e+01,1.1402653720e+01,1.3179547536e+01,0.0000000000e+00,nan,nan,nan,nan,nan,nan
3.4486567967e-04,5.3252778703e-05,-3.0390792585e+00,-1.2367812864e+01,1.5144079195e+00,2.1776783407e+01,1.1810496093e+01,-1.3335167432e+01,1.1810496093e+01,1.3335167432e+01,0.0000000000e+00,nan,nan,nan,nan,nan,nan
3.4860882011e-04,5.3840680072e-05,-3.4437211476e+00,-1.2353458868e+01,2.6750814891e+00,2.2037956219e+01,1.2339300126e+01,-1.3107939784e+01,1.2339300126e+01,1.3107939785e+01,0.0000000000e+00,nan,nan,nan,nan,nan,nan
3.4818613630e-04,4.9802333432e-05,-2.9667967182e+00,-1.2736635678e+01,2.5040150125e+00,2.2558107749e+01,1.2792538728e+01,-1.3255320434e+01,1.2792538728e+01,1.3255320434e+01,0.0000000000e+00,nan,nan,nan,nan,nan,nan
3.5191273987e-04,5.0371973656e-05,-3.4042694461e+00,-1.2702790667e+01,3.7577323282e+00,2.2853497226e+01,1.3371204216e+01,-1.3017741334e+01,1.3371204216e+01,1.3017741333e+01,0.0000000000e+00,nan,nan,nan,nan,nan,nan
3.5149939228e-04,4.6311280223e-05,-2.8744681198e+00,-1.3123415865e+01,3.5966871381e+00,2.3405000106e+01,1.3873992621e+01,-1.3151773602e+01,1.3873992621e+01,1.3151773603e+01,0.0000000000e+00,nan,nan,nan,nan,nan,nan
3.4774835094e-04,4.5793149045e-05,-2.4696578224e+00,-1.3077474383e+01,2.2496187579e+00,2.3011077956e+01,1.3175432520e+01,-1.3395471584e+01,1.3175432520e+01,1.3395471584e+01,0.0000000000e+00,nan,nan,nan,nan,nan,nan
3.5438421679e-04,3.8729060089e-05,-2.1392443048e+00,-1.3923419254e+01,4.5463113592e+00,2.4794524261e+01,1.5518658784e+01,-1.3111591729e+01,1.5518658784e+01,1.3111591731e+01,0.0000000000e+00,nan,nan,nan,nan,nan,nan
3.5393511800e-04,3.4720334577e-05,-1.5296173078e+00,-1.4230725477e+01,4.1752861054e+00,2.5131947099e+01,1.5832770821e+01,-1.3187102024e+01,1.5832770821e+01,1.3187102064e+01,0.0000000000e+00,nan,nan,nan,nan,nan,nan
3.5769305026e-04,3.5128264634e-05,-1.8986650512e+00,-1.4367925270e+01,5.8755199050e+00,2.5773096153e+01,1.6868531429e+01,-1.2891676575e+01,1.6868531429e+01,1.2891676500e+01,0.0000000000e+00,nan,nan,nan,nan,nan,nan
3.5724685390e-04,3.1100305357e-05,-1.2174850623e+00,-1.4668998898e+01,5.4770829470e+00,2.6053392547e+01,1.7171732143e+01,-1.2912134258e+01,1.7171732143e+01,1.2912134105e+01,0.0000000000e+00,nan,nan,nan,nan,nan,nan
3.5345150266e-04,3.0753793569e-05,-9.6112268402e-01,-1.4428852615e+01,3.6985774091e+00,2.5308879518e+01,1.5980815765e+01,-1.3243361040e+01,1.5980815765e+01,1.3243361041e+01,0.0000000000e+00,nan,nan,nan,nan,nan,nan
3.6099396957e-04,3.1478212084e-05,-1.5749249355e+00,-1.4824854374e+01,7.3340971039e+00,2.6803289930e+01,1.8354472740e+01,-1.2595300572e+01,1.8354472740e+01,1.2595301168e+01,0.0000000000e+00,nan,nan,nan,nan,nan,nan
-1.5477948210e-04,6.2544703516e-05,5.4430363001e+01,2.0066164559e+01,-3.5348825903e+01,8.5163687570e+01,5.8710046493e+01,-3.9628509395e+01,5.8710046493e+01,3.9628509395e+01,0.0000000000e+00,nan,nan,nan,nan,nan,nan
-1.4865111202e-04,6.2313558148e-05,5.5561759746e+01,1.8717253693e+01,-3.6123919253e+01,8.5763598511e+01,5.9234556933e+01,-3.9796716441e+01,5.9234556933e+01,3.9796716441e+01,0.0000000000e+00,nan,nan,nan,nan,nan,nan
-1.4557058886e-04,6.2209248839e-05,5.6074460746e+01,1.8033380071e+01,-3.6491419323e+01,8.6032778821e+01,5.9462568723e+01,-3.9879527300e+01,5.9462568723e+01,3.9879527300e+01,0.0000000000e+00,nan,nan,nan,nan,nan,nan
-1.4040694613e-04,6.3896618944e-05,5.3619476813e+01,1.6708585405e+01,-3.6660766388e+01,8.3367513443e+01,5.6611611541e+01,-3.9652901115e+01,5.6611611541e+01,3.9652901115e+01,0.0000000000e+00,nan,nan,nan,nan,nan,nan
-1.3627545017e-04,6.1918281867e-05,5.7455181092e+01,1.5957317297e+01,-3.7518542271e+01,8.6767721994e+01,6.0063687061e+01,-4.0127048239e+01,6.0063687061e+01,4.0127048239e+01,0.0000000000e+00,nan,nan,nan,nan,nan,nan
-1.3113738778e-04,6.3617490829e-05,5.4900339856e+01,1.4664885967e+01,-3.7620475696e+01,8.4053518310e+01,5.7168253503e+01,-3.9888389343e+01,5.7168253503e+01,3.9888389343e+01,0.0000000000e+00,nan,nan,nan,nan,nan,nan
-1.2803119555e-04,6.3534134773e-05,5.5277177998e+01,1.3977987266e+01,-3.7916023089e+01,8.4259302877e+01,5.7327708652e+01,-3.9966553743e+01,5.7327708652e+01,3.9966553743e+01,0.0000000000e+00,nan,nan,nan,nan,nan,nan
-1.2179719436e-04,6.3380530860e-05,5.5963978343e+01,1.2599615224e+01,-3.8470953981e+01,8.4643249288e+01,5.7615314943e+01,-4.0122290580e+01,5.7615314943e+01,4.0122290580e+01,0.0000000000e+00,nan,nan,nan,nan,nan,nan
-1.1867011122e-04,6.3310271329e-05,5.6275719042e+01,1.1909253759e+01,-3.8730324051e+01,8.4822578784e+01,5.7745036189e+01,-4.0199641199e+01,5.7745036189e+01,4.0199641199e+01,0.0000000000e+00,nan,nan,nan,nan,nan,nan
-1.1239776880e-04,6.3181858755e-05,5.6841835589e+01,1.0529067998e+01,-3.9212989440e+01,8.5160208180e+01,5.7981692192e+01,-4.0352846043e+01,5.7981692192e+01,4.0352846043e+01,0.0000000000e+00,nan,nan,nan,nan,nan,nan
-1.0925324197e-04,6.3123336971e-05,5.7098371205e+01,9.8403261893e+00,-3.9436257156e+01,8.5319886942e+01,5.8090516718e+01,-4.0428402669e+01,5.8090516718e+01,4.0428402669e+01,0.0000000000e+00,nan,nan,nan,nan,nan,nan
-1.0294909149e-04,6.3018654008e-05,5.7560319409e+01,8.4681587451e+00,-3.9846032277e+01,8.5620821985e+01,5.8290348187e+01,-4.0576061055e+01,5.8290348187e+01,4.0576061055e+01,0.0000000000e+00,nan,nan,nan,nan,nan,nan
-9.9790187645e-05,6.2972239451e-05,5.7767456293e+01,7.7858396459e+00,-4.0032347401e+01,8.5762828977e+01,5.8382746842e+01,-4.0647637950e+01,5.8382746842e+01,4.0647637950e+01,0.0000000000e+00,nan,nan,nan,nan,nan,nan
-9.3460383811e-05,6.2891115939e-05,5.8137211938e+01,6.4315322076e+00,-4.0367018600e+01,8.6030350716e+01,5.8554742814e+01,-4.0784549476e+01,5.8554742814e+01,4.0784549476e+01,0.0000000000e+00,nan,nan,nan,nan,nan,nan
-9.0290133117e-05,6.2856416765e-05,5.8300839313e+01,5.7607065711e+00,-4.0514926167e+01,8.6155641091e+01,5.8634939150e+01,-4.0849026003e+01,5.8634939150e+01,4.0849026003e+01,0.0000000000e+00,nan,nan,nan,nan,nan,nan
-8.7116521008e-05,6.2828235453e-05,5.8446407333e+01,5.0947941361e+00,-4.0648991387e+01,8.6270620829e+01,5.8707074132e+01,-4.0909658185e+01,5.8707074132e+01,4.0909658185e+01,0.0000000000e+00,nan,nan,nan,nan,nan,nan
-8.0761686958e-05,6.2779198537e-05,5.8705773545e+01,3.7809047960e+00,-4.0876740600e+01,8.6488326590e+01,5.8848575111e+01,-4.1019542166e+01,5.8848575111e+01,4.1019542166e+01,0.0000000000e+00,nan,nan,nan,nan,nan,nan
-7.7580857835e-05,6.2761047986e-05,5.8815544928e+01,3.1341779245e+00,-4.0969092240e+01,8.6585452192e+01,5.8913360475e+01,-4.1066907787e+01,5.8913360475e+01,4.1066907787e+01,0.0000000000e+00,nan,nan,nan,nan,nan,nan
-7.1214056184e-05,6.2737015572e-05,5.8997004192e+01,1.8648614512e+00,-4.1108357715e+01,8.6753085814e+01,5.9031240686e+01,-4.1142594210e+01,5.9031240687e+01,4.1142594210e+01,0.0000000000e+00,nan,nan,nan,nan,nan,nan
-6.8028703256e-05,6.2732194159e-05,5.9067056627e+01,1.2438509228e+00,-4.1153942581e+01,8.6819840368e+01,5.9082015231e+01,-4.1168901184e+01,5.9082015231e+01,4.1168901184e+01,0.0000000000e+00,nan,nan,nan,nan,nan,nan
-6.3247417201e-05,6.4532665652e-05,5.6045382327e+01,3.0416822059e-01,-4.0852780806e+01,8.3917138992e+01,5.6045883547e+01,-4.0853282026e+01,5.6045883547e+01,4.0853282026e+01,0.0000000000e+00,nan,nan,nan,nan,nan,nan
-5.8468960078e-05,6.2746280093e-05,5.9194277194e+01,-5.5411402791e-01,-4.1186014135e+01,8.6936448230e+01,5.9196913317e+01,-4.1188650259e+01,5.9196913317e+01,4.1188650259e+01,0.0000000000e+00,nan,nan,nan,nan,nan,nan
-5.5282305449e-05,6.2761496910e-05,5.9206607642e+01,-1.1285783233e+00,-4.1158801430e+01,8.6940268168e+01,5.9218890336e+01,-4.1171084124e+01,5.9218890336e+01,4.1171084124e+01,0.0000000000e+00,nan,nan,nan,nan,nan,nan
-4.8911066040e-05,6.2808582213e-05,5.9182290766e+01,-2.2340471154e+00,-4.1041230344e+01,8.6881683605e+01,5.9231693629e+01,-4.1090633206e+01,5.9231693629e+01,4.1090633206e+01,0.0000000000e+00,nan,nan,nan,nan,nan,nan
-4.5727258335e-05,6.2841471546e-05,5.9142667103e+01,-2.7628251550e+00,-4.0948281797e+01,8.6812680032e+01,5.9218516838e+01,-4.1024131533e+01,5.9218516838e+01,4.1024131533e+01,0.0000000000e+00,nan,nan,nan,nan,nan,nan
-3.9365281780e-05,6.2926871360e-05,5.9002702453e+01,-3.7666770924e+00,-4.0686752638e+01,8.6579204013e+01,5.9144501651e+01,-4.0828551836e+01,5.9144501651e+01,4.0828551836e+01,0.0000000000e+00,nan,nan,nan,nan,nan,nan
-3.6188011642e-05,6.2980609736e-05,5.8898128549e+01,-4.2392731160e+00,-4.0514769471e+01,8.6406117215e+01,5.9078274573e+01,-4.0694915494e+01,5.9078274573e+01,4.0694915494e+01,0.0000000000e+00,nan,nan,nan,nan,nan,nan
-3.3013641484e-05,6.3040296320e-05,5.8771257893e+01,-4.6907127318e+00,-4.0312992044e+01,8.6192754034e+01,5.8992542668e+01,-4.0534276819e+01,5.8992542668e+01,4.0534276819e+01,0.0000000000e+00,nan,nan,nan,nan,nan,nan
-2.6676533591e-05,6.3188551017e-05,5.8424918819e+01,-5.5247470006e+00,-3.9810300833e+01,8.5610244559e+01,5.8734406735e+01,-4.0119788748e+01,5.8734406735e+01,4.0119788748e+01,0.0000000000e+00,nan,nan,nan,nan,nan,nan
-2.3514332627e-05,6.3273698128e-05,5.8207748011e+01,-5.9049458294e+00,-3.9505018032e+01,8.5237179659e+01,5.8563073611e+01,-3.9860343632e+01,5.8563073611e+01,3.9860343632e+01,0.0000000000e+00,nan,nan,nan,nan,nan,nan
-1.7206656339e-05,6.3477209234e-05,5.7654666731e+01,-6.5851111104e+00,-3.8771971736e+01,8.4282903512e+01,5.8102104528e+01,-3.9219409533e+01,5.8102104528e+01,3.9219409533e+01,0.0000000000e+00,nan,nan,nan,nan,nan,nan
-1.4061757268e-05,6.3592278543e-05,5.7319227073e+01,-6.8829662335e+00,-3.8338303064e+01,8.3694974004e+01,5.7811777776e+01,-3.8830853767e+01,5.7811777776e+01,3.8830853767e+01,0.0000000000e+00,nan,nan,nan,nan,nan,nan
-4.6732512931e-06,6.4010846318e-05,5.6004208479e+01,-7.5943543614e+00,-3.6724679261e+01,8.1375519424e+01,5.6621942654e+01,-3.7342413436e+01,5.6621942654e+01,3.7342413436e+01,0.0000000000e+00,nan,nan,nan,nan,nan,nan
1.7844400863e-05,6.7480718227e-05,4.7084159510e+01,-7.6663016667e+00,-3.0154298764e+01,6.8195541470e+01,4.7837644598e+01,-3.0907783852e+01,4.7837644598e+01,3.0907783852e+01,0.0000000000e+00,nan,nan,nan,nan,nan,nan
2.3809072733e-05,6.8086614370e-05,4.4595458478e+01,-7.3862835668e+00,-2.7518350190e+01,6.3748901335e+01,4.5343999491e+01,-2.8266891203e+01,4.5343999491e+01,2.8266891203e+01,0.0000000000e+00,nan,nan,nan,nan,nan,nan
2.6761853155e-05,6.8420863662e-05,4.3160678340e+01,-7.1978211064e+00,-2.6013373285e+01,6.1189325056e+01,4.3901325820e+01,-2.6754020765e+01,4.3901325820e+01,2.6754020765e+01,0.0000000000e+00,nan,nan,nan,nan,nan,nan
3.1744957859e-05,6.7047314145e-05,4.3420022012e+01,-7.7036274450e+00,-2.3037596938e+01,5.9077845498e+01,4.4299822539e+01,-2.3917397464e+01,4.4299822538e+01,2.3917397464e+01,0.0000000000e+00,nan,nan,nan,nan,nan,nan
3.7574046630e-05,6.7826162350e-05,3.9831138579e+01,-6.9417186943e+00,-2.1979687979e+01,5.4863958176e+01,4.0601446322e+01,-2.2749995721e+01,4.0601446322e+01,2.2749995721e+01,0.0000000000e+00,nan,nan,nan,nan,nan,nan
4.0504759206e-05,6.8248508462e-05,3.8012256363e+01,-6.5388207930e+00,-2.2008148717e+01,5.3199751897e+01,3.8716944902e+01,-2.2712837255e+01,3.8716944902e+01,2.2712837255e+01,0.0000000000e+00,nan,nan,nan,nan,nan,nan
5.0140806131e-05,7.1936312952e-05,2.9570509995e+01,-4.4614442867e+00,-2.2289545962e+01,4.5573789599e+01,2.9952521710e+01,-2.2671557676e+01,2.9952521710e+01,2.2671557676e+01,0.0000000000e+00,nan,nan,nan,nan,nan,nan
5.3113004553e-05,7.2490859864e-05,2.7872080971e+01,-4.1075932242e+00,-2.2329487074e+01,4.4056052908e+01,2.8207070954e+01,-2.2664477057e+01,2.8207070954e+01,2.2664477057e+01,0.0000000000e+00,nan,nan,nan,nan,nan,nan
5.9106638818e-05,7.3683457389e-05,2.4556687498e+01,-3.4294218018e+00,-2.2402054911e+01,4.1101509247e+01,2.4807283721e+01,-2.2652651134e+01,2.4807283721e+01,2.2652651134e+01,0.0000000000e+00,nan,nan,nan,nan,nan,nan
6.4476483837e-05,7.2567146904e-05,2.4065792976e+01,-3.5538870216e+00,-2.2389063956e+01,4.0702226998e+01,2.4337806224e+01,-2.2661077204e+01,2.4337806225e+01,2.2661077204e+01,0.0000000000e+00,nan,nan,nan,nan,nan,nan
6.7557689252e-05,7.3230569033e-05,2.2404649821e+01,-3.2172832000e+00,-2.2431775663e+01,3.9230458424e+01,2.2636152810e+01,-2.2663278652e+01,2.2636152809e+01,2.2663278652e+01,0.0000000000e+00,nan,nan,nan,nan,nan,nan
7.1331329144e-05,7.6423100796e-05,1.8152215887e+01,-2.1775912602e+00,-2.2533278143e+01,3.5439721550e+01,1.8270601649e+01,-2.2651663905e+01,1.8270601623e+01,2.2651663905e+01,0.0000000000e+00,nan,nan,nan,nan,nan,nan
7.7585832155e-05,7.7985245093e-05,1.5063147863e+01,-1.6100005952e+00,-2.2595581955e+01,3.2736808372e+01,1.5134388080e+01,-2.2666822172e+01,1.5134388207e+01,2.2666822172e+01,0.0000000000e+00,nan,nan,nan,nan,nan,nan
8.0127361125e-05,7.6199164113e-05,1.6040795983e+01,-1.9917307010e+00,-2.2584601146e+01,3.3632228587e+01,1.6145673647e+01,-2.2689478810e+01,1.6145674023e+01,2.2689478810e+01,0.0000000000e+00,nan,nan,nan,nan,nan,nan
8.6588661597e-05,7.7873828829e-05,1.2985175324e+01,-1.4464208735e+00,-2.2656305382e+01,3.0972679656e+01,1.3046519908e+01,-2.2717649966e+01,1.3046523687e+01,2.2717649966e+01,0.0000000000e+00,nan,nan,nan,nan,nan,nan
8.9869498479e-05,7.8759337982e-05,1.1477670233e+01,-1.1843133436e+00,-2.2694363619e+01,2.9669707699e+01,1.1521467034e+01,-2.2738160420e+01,1.1521459660e+01,2.2738160420e+01,0.0000000000e+00,nan,nan,nan,nan,nan,nan
-5.4401982500e-06,6.7677830783e-05,4.9938402187e+01,-7.2725294560e+00,-3.6655414192e+01,7.6042816608e+01,5.0544834636e+01,-3.7261846641e+01,5.0544834636e+01,3.7261846641e+01,0.0000000000e+00,nan,nan,nan,nan,nan,nan
3.7472901712e-06,6.8239168346e-05,4.8212646842e+01,-7.5456493690e+00,-3.4677702978e+01,7.2965112658e+01,4.8893899367e+01,-3.5358955503e+01,4.8893899367e+01,3.5358955503e+01,0.0000000000e+00,nan,nan,nan,nan,nan,nan
1.2830494035e-05,6.8944754860e-05,4.5832715835e+01,-7.4526368829e+00,-3.2032263406e+01,6.8657385883e+01,4.6539586436e+01,-3.2739134007e+01,4.6539586436e+01,3.2739134007e+01,0.0000000000e+00,nan,nan,nan,nan,nan,nan
9.0476922591e-05,8.1506066169e-05,9.1935072445e+00,-6.1120508325e-01,-2.2714860524e+01,2.7658982288e+01,9.2082442298e+00,-2.2729597509e+01,9.2082971875e+00,2.2729597509e+01,0.0000000000e+00,nan,nan,nan,nan,nan,nan
6.8905720017e-05,7.8184322011e-05,1.7157140879e+01,-1.7654146264e+00,-2.2551018405e+01,3.4527680678e+01,1.7237626970e+01,-2.2631504497e+01,1.7237626924e+01,2.2631504497e+01,0.0000000000e+00,nan,nan,nan,nan,nan,nan
9.3784945164e-05,8.2472950517e-05,7.7987457858e+00,-3.8871019447e-01,-2.2745228710e+01,2.6465878488e+01,7.8068406072e+00,-2.2753323531e+01,7.8067383523e+00,2.2753323531e+01,0.0000000000e+00,nan,nan,nan,nan,nan,nan
2.5142066584e-04,5.2987025760e-05,-3.3048906580e+00,-5.0149289706e+00,-1.4200540911e+01,1.2823645507e+01,-1.3489805994e+00,-1.6156450970e+01,-1.4429575898e-02,1.6156450970e+01,0.0000000000e+00,nan,nan,nan,nan,nan,nan
9.9931833410e-05,8.1624000534e-05,7.2168187062e+00,-4.9176260368e-01,-2.2795862203e+01,2.6010777224e+01,7.2278074840e+00,-2.2806850980e+01,7.2274050083e+00,2.2806850980e+01,0.0000000000e+00,nan,nan,nan,nan,nan,nan
1.0336690287e-04,8.2646133541e-05,5.8510088607e+00,-2.8801157067e-01,-2.2824873561e+01,2.4844393117e+01,5.8569847040e+00,-2.2830849404e+01,5.8584237644e+00,2.2830849404e+01,0.0000000000e+00,nan,nan,nan,nan,nan,nan
1.0395071411e-04,8.5585493279e-05,3.8130728300e+00,1.9709272762e-01,-2.2828004062e+01,2.3079893652e+01,3.8177171972e+00,-2.2832648429e+01,3.8119165921e+00,2.2832648429e+01,0.0000000000e+00,nan,nan,nan,nan,nan,nan
1.0742690606e-04,8.6692697773e-05,2.5830828138e+00,3.6574198055e-01,-2.2847391933e+01,2.2038070203e+01,2.5915312047e+00,-2.2855840324e+01,2.6120957961e+00,2.2855840324e+01,0.0000000000e+00,nan,nan,nan,nan,nan,nan
1.1394052919e-04,8.5915741931e-05,2.0070159216e+00,2.6353689393e-01,-2.2867922188e+01,2.1552681342e+01,2.0129932413e+00,-2.2873899508e+01,2.0132792907e+00,2.2873899508e+01,0.0000000000e+00,nan,nan,nan,nan,nan,nan
1.1756234578e-04,8.7073282343e-05,8.2547465405e-01,4.2009721632e-01,-2.3054273962e+01,2.0695141974e+01,8.3394613538e-01,-2.3062745444e+01,7.8887680850e-01,2.3062745444e+01,0.0000000000e+00,nan,nan,nan,nan,nan,nan
1.1814173894e-04,9.0228605979e-05,-8.5206500605e-01,7.2252166708e-01,-2.2717452321e+01,1.8974579171e+01,-8.2978027122e-01,-2.2739737056e+01,-1.5805963375e-01,2.2739737055e+01,0.0000000000e+00,nan,nan,nan,nan,nan,nan
1.2121147028e-04,8.8254807238e-05,-3.9119193273e-01,7.2120754223e-02,-2.1861259085e+01,1.8587998250e+01,-3.9443971517e-01,-2.1858011302e+01,-1.2535548191e-01,2.1858011302e+01,0.0000000000e+00,nan,nan,nan,nan,nan,nan
2.9121862334e-04,3.5193304046e-05,-1.5956500074e+00,-8.0581448700e+00,-1.1472407867e+01,1.6367274594e+01,2.9156214555e+00,-1.5983679330e+01,2.9156144638e+00,1.5983679330e+01,0.0000000000e+00,nan,nan,nan,nan,nan,nan
3.6055113556e-04,2.7431345408e-05,-8.0315353577e-01,-1.5098843863e+01,6.8905913278e+00,2.6979903015e+01,1.8620573165e+01,-1.2533135372e+01,1.8620573165e+01,1.2533135571e+01,0.0000000000e+00,nan,nan,nan,nan,nan,nan
2.6251927242e-04,1.2052671533e-04,-2.2823830516e+00,-7.4998363018e+00,-8.9084284692e+00,1.4200492741e+01,2.6032525462e+00,-1.3794064067e+01,2.6032518101e+00,1.3794064067e+01,0.0000000000e+00,nan,nan,nan,nan,nan,nan
2.6598006919e-04,1.1762557743e-04,-2.4100758026e+00,-7.6115558012e+00,-8.7268659014e+00,1.4272907287e+01,2.6719960125e+00,-1.3808937717e+01,2.6719958476e+00,1.3808937717e+01,0.0000000000e+00,nan,nan,nan,nan,nan,nan
2.5904867845e-04,1.2341094814e-04,-2.1373836970e+00,-7.3935567075e+00,-9.0825417897e+00,1.4147579236e+01,2.5581459367e+00,-1.3778071423e+01,2.5581451188e+00,1.3778071423e+01,0.0000000000e+00,nan,nan,nan,nan,nan,nan
2.9101694699e-04,1.0452211848e-04,-2.9347668759e+00,-8.4990510262e+00,-6.7995511134e+00,1.5095482983e+01,3.8482221691e+00,-1.3582540158e+01,3.8482221697e+00,1.3582540158e+01,0.0000000000e+00,nan,nan,nan,nan,nan,nan
-1.1308433450e-04,5.9571813333e-05,6.3158179001e+01,1.0864819994e+01,-3.9969011958e+01,9.1270551685e+01,6.4289661106e+01,-4.1100494063e+01,6.4289661106e+01,4.1100494063e+01,0.0000000000e+00,nan,nan,nan,nan,nan,nan
2.8162733581e-04,9.1385864088e-05,-2.8471855722e+00,-8.2435980057e+00,-8.3395728733e+00,1.5048753817e+01,3.0950228444e+00,-1.4281781290e+01,3.0950229259e+00,1.4281781290e+01,0.0000000000e+00,nan,nan,nan,nan,nan,nan
-1.8572998776e-04,5.8360023247e-05,5.7382061838e+01,2.7667893176e+01,-3.1719253574e+01,9.0831397958e+01,6.5272936194e+01,-3.9610127930e+01,6.5272936194e+01,3.9610127930e+01,0.0000000000e+00,nan,nan,nan,nan,nan,nan
-1.8870790274e-04,5.8542989249e-05,5.6364683325e+01,2.8281665250e+01,-3.1148593459e+01,9.0238558103e+01,6.4707300745e+01,-3.9491210879e+01,6.4707300745e+01,3.9491210879e+01,0.0000000000e+00,nan,nan,nan,nan,nan,nan
-1.9460922799e-04,5.8940327884e-05,5.4148189640e+01,2.9446147666e+01,-2.9964757650e+01,8.8921032222e+01,6.3430297885e+01,-3.9246865895e+01,6.3430297885e+01,3.9246865895e+01,0.0000000000e+00,nan,nan,nan,nan,nan,nan
-2.0487042635e-04,5.3813884338e-05,6.2778878342e+01,3.2972852838e+01,-2.8951224886e+01,9.7835540458e+01,7.3399202348e+01,-3.9571548892e+01,7.3399202348e+01,3.9571548892e+01,0.0000000000e+00,nan,nan,nan,nan,nan,nan
-2.0780712411e-04,5.4038628126e-05,6.1438296257e+01,3.3544171214e+01,-2.8246569154e+01,9.6992289134e+01,7.2594387792e+01,-3.9402660689e+01,7.2594387792e+01,3.9402660689e+01,0.0000000000e+00,nan,nan,nan,nan,nan,nan
1.2175686867e-04,9.1458040012e-05,-1.4282970533e+00,1.8665272188e-02,-2.0944602284e+01,1.6894810877e+01,-1.4322260607e+00,-2.0940673276e+01,5.6131981119e-02,2.0940673276e+01,0.0000000000e+00,nan,nan,nan,nan,nan,nan
-3.0677292601e-04,1.6453208657e-05,1.4476995979e+02,6.2326000541e+01,6.9548150030e+00,1.6092876041e+02,1.6877465054e+02,-1.7049875746e+01,1.6877465054e+02,1.7049875746e+01,0.0000000000e+00,nan,nan,nan,nan,nan,nan
3.2910598830e-04,2.5123144742e-05,-6.1111378337e-01,-1.1778233468e+01,-5.6842892005e+00,2.0864983454e+01,8.8987023220e+00,-1.5194105306e+01,8.8987023220e+00,1.5194105306e+01,0.0000000000e+00,nan,nan,nan,nan,nan,nan
3.2503940512e-04,2.4789173707e-05,-7.1780278683e-01,-1.1273959696e+01,-6.7258932392e+00,2.0205589864e+01,7.9438547342e+00,-1.5387550760e+01,7.9438547342e+00,1.5387550760e+01,0.0000000000e+00,nan,nan,nan,nan,nan,nan
3.3315172105e-04,2.5435480414e-05,-5.1855395441e-01,-1.2292619545e+01,-4.5134824518e+00,2.1566977731e+01,9.9356821957e+00,-1.4967718602e+01,9.9356821957e+00,1.4967718602e+01,0.0000000000e+00,nan,nan,nan,nan,nan,nan
3.3384738957e-04,2.9155230901e-05,-5.8661737788e-01,-1.2437376105e+01,-3.8461519022e+00,2.1722436789e+01,1.0325070087e+01,-1.4757839368e+01,1.0325070087e+01,1.4757839367e+01,0.0000000000e+00,nan,nan,nan,nan,nan,nan
3.3717305896e-04,2.5728973434e-05,-4.4935345425e-01,-1.2799159700e+01,-3.2100455877e+00,2.2293142743e+01,1.1041252443e+01,-1.4700651485e+01,1.1041252443e+01,1.4700651486e+01,0.0000000000e+00,nan,nan,nan,nan,nan,nan
2.9614795147e-04,2.1837210635e-05,-1.3384727805e+00,-8.2396275847e+00,-1.2124996861e+01,1.7059649437e+01,3.1176583741e+00,-1.6581128015e+01,3.1176586563e+00,1.6581128015e+01,0.0000000000e+00,nan,nan,nan,nan,nan,nan
-1.9830720969e-04,8.6220178368e-05,7.8620153317e+00,2.1403021142e+01,-2.5668923668e+01,4.7087438195e+01,1.8282490949e+01,-3.6089399286e+01,1.8282490950e+01,3.6089399286e+01,0.0000000000e+00,nan,nan,nan,nan,nan,nan
-2.0261643992e-04,8.2510231986e-05,1.1215474653e+01,2.3007914422e+01,-2.5297459114e+01,5.0869094741e+01,2.2328293312e+01,-3.6410277773e+01,2.2328293312e+01,3.6410277773e+01,0.0000000000e+00,nan,nan,nan,nan,nan,nan
3.1522190233e-04,8.6767092107e-05,-3.3883652872e+00,-9.6558342523e+00,-4.1447391905e+00,1.6735402565e+01,5.8956369368e+00,-1.3428741415e+01,5.8956369368e+00,1.3428741415e+01,0.0000000000e+00,nan,nan,nan,nan,nan,nan
1.7793207785e-04,9.0222402040e-05,-6.3028378231e+00,-1.3862387096e+00,-1.6812756026e+01,9.4152539848e+00,-6.1218975032e+00,-1.6993696348e+01,-5.5257203684e-05,1.6993696348e+01,0.0000000000e+00,nan,nan,nan,nan,nan,nan
2.9196647932e-04,2.1378769381e-05,2.6389824061e+00,-1.0014142457e+01,-1.2027300871e+01,2.1530882238e+01,7.7367014232e+00,-1.7125019888e+01,7.7367014529e+00,1.7125019888e+01,0.0000000000e+00,nan,nan,nan,nan,nan,nan
-2.0741806898e-04,8.1053185527e-05,1.1394428731e+01,2.3852199068e+01,-2.4672575389e+01,5.1788533729e+01,2.3261050561e+01,-3.6539197219e+01,2.3261050560e+01,3.6539197219e+01,0.0000000000e+00,nan,nan,nan,nan,nan,nan
-1.6746362488e-04,9.5326538090e-05,5.8297955897e+00,1.6430862323e+01,-2.8455304895e+01,4.1125777162e+01,1.2431223862e+01,-3.5056733168e+01,1.2431175909e+01,3.5056733168e+01,0.0000000000e+00,nan,nan,nan,nan,nan,nan
-1.5744745874e-04,9.6492424478e-05,6.5290137326e+00,1.5176201460e+01,-2.9274518652e+01,4.0647155535e+01,1.2094893731e+01,-3.4840398650e+01,1.2094856672e+01,3.4840398650e+01,0.0000000000e+00,nan,nan,nan,nan,nan,nan
-1.5473910896e-04,9.6263454195e-05,7.2319474661e+00,1.4911450586e+01,-2.9543612822e+01,4.1002523610e+01,1.2516985366e+01,-3.4828650721e+01,1.2516949115e+01,3.4828650721e+01,0.0000000000e+00,nan,nan,nan,nan,nan,nan
-1.4929331733e-04,9.5833971686e-05,8.5344151993e+00,1.4326087486e+01,-3.0075544356e+01,4.1636293116e+01,1.3268160461e+01,-3.4809289617e+01,1.3268170502e+01,3.4809289617e+01,0.0000000000e+00,nan,nan,nan,nan,nan,nan
-1.4381099415e-04,9.5440362650e-05,9.7025763094e+00,1.3672642713e+01,-3.0596111566e+01,4.2173902278e+01,1.3902346205e+01,-3.4795881461e+01,1.3902356950e+01,3.4795881461e+01,0.0000000000e+00,nan,nan,nan,nan,nan,nan
-1.4105691361e-04,9.5256296062e-05,1.0237714044e+01,1.3322660724e+01,-3.0851155833e+01,4.2409067810e+01,1.4178165822e+01,-3.4791607611e+01,1.4178176424e+01,3.4791607611e+01,0.0000000000e+00,nan,nan,nan,nan,nan,nan
-1.3093030468e-04,9.6685103808e-05,9.7359769893e+00,1.1753589059e+01,-3.1448557193e+01,4.1065819016e+01,1.2853071562e+01,-3.4565651765e+01,1.2853066173e+01,3.4565651765e+01,0.0000000000e+00,nan,nan,nan,nan,nan,nan
-1.3009468559e-04,1.0073305363e-04,5.6358323168e+00,1.1302525431e+01,-3.0950490554e+01,3.7242479431e+01,8.8446264058e+00,-3.4159284643e+01,8.8445506256e+00,3.4159284643e+01,0.0000000000e+00,nan,nan,nan,nan,nan,nan
-1.2735223468e-04,1.0057583392e-04,6.0021518697e+00,1.0947283765e+01,-3.1162369632e+01,3.7353352811e+01,8.9858594192e+00,-3.4146077182e+01,8.9858152282e+00,3.4146077182e+01,0.0000000000e+00,nan,nan,nan,nan,nan,nan
-1.2184894607e-04,1.0028381281e-04,6.6479738251e+00,1.0202722105e+01,-3.1574569428e+01,3.7521373287e+01,9.1996771663e+00,-3.4126272769e+01,9.1997110563e+00,3.4126272769e+01,0.0000000000e+00,nan,nan,nan,nan,nan,nan
-1.1632337562e-04,1.0002043546e-04,7.1815320740e+00,9.4172277988e+00,-3.1970134287e+01,3.7623657496e+01,9.3277276767e+00,-3.4116329890e+01,9.3277739094e+00,3.4116329890e+01,0.0000000000e+00,nan,nan,nan,nan,nan,nan
-1.1355314084e-04,9.9899213002e-05,7.4073992752e+00,9.0107625956e+00,-3.2161277616e+01,3.7652230777e+01,9.3615864041e+00,-3.4115464744e+01,9.3616130762e+00,3.4115464744e+01,0.0000000000e+00,nan,nan,nan,nan,nan,nan
-1.0799894443e-04,9.9676966912e-05,7.7800539417e+00,8.1734582820e+00,-3.2529737979e+01,3.7668660849e+01,9.3731694578e+00,-3.4122853472e+01,9.3731151758e+00,3.4122853475e+01,0.0000000000e+00,nan,nan,nan,nan,nan,nan
-1.0355679382e-04,1.0154594559e-04,5.9092391701e+00,7.4724606077e+00,-3.2496865250e+01,3.5688077922e+01,7.3107083506e+00,-3.3898334407e+01,7.3113452112e+00,3.3898334411e+01,0.0000000000e+00,nan,nan,nan,nan,nan,nan
-9.9638121744e-05,9.9392885171e-05,8.1489693478e+00,6.8655971412e+00,-3.3046534891e+01,3.7604124000e+01,9.2619683435e+00,-3.4159533900e+01,9.2616162803e+00,3.4159533898e+01,0.0000000000e+00,nan,nan,nan,nan,nan,nan
-9.5229424611e-05,1.0128705606e-04,6.1291342506e+00,6.1839534576e+00,-3.2978750943e+01,3.5519779239e+01,7.0825457590e+00,-3.3932162452e+01,7.0847659503e+00,3.3932162452e+01,0.0000000000e+00,nan,nan,nan,nan,nan,nan
-8.9664625874e-05,1.0114694217e-04,6.1568362122e+00,5.2998861286e+00,-3.3276863097e+01,3.5360927012e+01,6.8556272868e+00,-3.3975654172e+01,6.8587168342e+00,3.3975654172e+01,0.0000000000e+00,nan,nan,nan,nan,nan,nan
-8.6879110538e-05,1.0108659499e-04,6.1365102471e+00,4.8520204594e+00,-3.3418936031e+01,3.5269968030e+01,6.7219126442e+00,-3.4004338428e+01,6.7248237720e+00,3.4004338428e+01,0.0000000000e+00,nan,nan,nan,nan,nan,nan
-8.1303394013e-05,1.0098545947e-04,6.0299837324e+00,3.9474936904e+00,-3.3689148907e+01,3.5068949642e+01,6.4174849289e+00,-3.4076650104e+01,6.4194091312e+00,3.4076650104e+01,0.0000000000e+00,nan,nan,nan,nan,nan,nan
-7.5723271303e-05,1.0091174675e-04,5.8379343675e+00,3.0351817819e+00,-3.3940803232e+01,3.4846540437e+01,6.0672250694e+00,-3.4170093934e+01,6.0645747903e+00,3.4170093934e+01,0.0000000000e+00,nan,nan,nan,nan,nan,nan
-7.2932327668e-05,1.0088396276e-04,5.7126832084e+00,2.5775480357e+00,-3.4059996411e+01,3.4730657565e+01,5.8780978929e+00,-3.4225411095e+01,5.8720184193e+00,3.4225411095e+01,0.0000000000e+00,nan,nan,nan,nan,nan,nan
-6.7349960479e-05,1.0085065347e-04,5.4024282973e+00,1.6626875889e+00,-3.4284821163e+01,3.4489097731e+01,5.4710934261e+00,-3.4353486292e+01,5.4581460001e+00,3.4353486292e+01,0.0000000000e+00,nan,nan,nan,nan,nan,nan
-6.4559144348e-05,1.0084425906e-04,5.2198266558e+00,1.2067334186e+00,-3.4390768688e+01,3.4365949472e+01,5.2557191627e+00,-3.4426661195e+01,5.2430826047e+00,3.4426661195e+01,0.0000000000e+00,nan,nan,nan,nan,nan,nan
-5.8979641731e-05,1.0085337099e-04,4.8019197027e+00,3.0138281730e-01,-3.4590016276e+01,3.4117082088e+01,4.8034582407e+00,-3.4591554814e+01,4.7959694553e+00,3.4591554814e+01,0.0000000000e+00,nan,nan,nan,nan,nan,nan
-5.3404837201e-05,1.0089302451e-04,4.3178182610e+00,-5.9004912759e-01,-3.4772951844e+01,3.3867812291e+01,4.3260237517e+00,-3.4781157335e+01,4.3405108314e+00,3.4781157334e+01,0.0000000000e+00,nan,nan,nan,nan,nan,nan
-5.0619893103e-05,1.0092487301e-04,4.0525649573e+00,-1.0284390906e+00,-3.4858517403e+01,3.3743878052e+01,4.0790608542e+00,-3.4885013300e+01,4.1083606392e+00,3.4885013300e+01,0.0000000000e+00,nan,nan,nan,nan,nan,nan
-4.5056299839e-05,1.0101393860e-04,3.4791589352e+00,-1.8858957446e+00,-3.5018254480e+01,3.3498317458e+01,3.5707148293e+00,-3.5109810374e+01,3.6268553163e+00,3.5109810374e+01,0.0000000000e+00,nan,nan,nan,nan,nan,nan
-3.9502941385e-05,1.0113888974e-04,2.8535497297e+00,-2.7106112109e+00,-3.5163263260e+01,3.3255611666e+01,3.0452795820e+00,-3.5354993112e+01,3.0911336141e+00,3.5354993112e+01,0.0000000000e+00,nan,nan,nan,nan,nan,nan
-3.6730778769e-05,1.0121569906e-04,2.5231698965e+00,-3.1077935468e+00,-3.5230360591e+01,3.3134706536e+01,2.7767363908e+00,-3.5483927085e+01,2.8077410554e+00,3.5483927085e+01,0.0000000000e+00,nan,nan,nan,nan,nan,nan
-3.1196830559e-05,1.0139999510e-04,1.8315573545e+00,-3.8652451225e+00,-3.5353759886e+01,3.2891023972e+01,2.2285402782e+00,-3.5750742810e+01,2.1759428518e+00,3.5750742810e+01,0.0000000000e+00,nan,nan,nan,nan,nan,nan
-2.2925879023e-05,1.0176012021e-04,7.3103532895e-01,-4.8863285861e+00,-3.5510563855e+01,3.2506179205e+01,1.3776870515e+00,-3.6157215577e+01,1.1530659436e+00,3.6157215577e+01,0.0000000000e+00,nan,nan,nan,nan,nan,nan
-1.3645317966e-05,1.0435461765e-04,-3.3792642414e+00,-5.7036001175e+00,-3.5449850184e+01,2.9476959757e+01,-2.3960265623e+00,-3.6433087863e+01,-4.9664276976e-02,3.6433087863e+01,0.0000000000e+00,nan,nan,nan,nan,nan,nan
-8.2321072098e-06,1.0475839084e-04,-4.2248981326e+00,-6.1436928272e+00,-3.5534501404e+01,2.9126187992e+01,-3.0636872907e+00,-3.6695712246e+01,3.6200147623e-02,3.6695712246e+01,0.0000000000e+00,nan,nan,nan,nan,nan,nan
-5.5347308365e-06,1.0498448790e-04,-4.6481222188e+00,-6.3201472833e+00,-3.5567405222e+01,2.8925778085e+01,-3.4074579563e+00,-3.6808069484e+01,5.1832402200e-02,3.6808069484e+01,0.0000000000e+00,nan,nan,nan,nan,nan,nan
-1.5983084185e-07,1.0548940214e-04,-5.4913113176e+00,-6.5740653154e+00,-3.5605654042e+01,2.8454181005e+01,-4.1204536174e+00,-3.6976511742e+01,6.5237450686e-02,3.6976511742e+01,0.0000000000e+00,nan,nan,nan,nan,nan,nan
5.1866749146e-06,1.0607093007e-04,-6.3266890884e+00,-6.6828998611e+00,-3.5590581353e+01,2.7857697210e+01,-4.8749862377e+00,-3.7042284204e+01,3.4381952304e-02,3.7042284204e+01,0.0000000000e+00,nan,nan,nan,nan,nan,nan
9.6618542689e-06,1.0453379951e-04,-3.9294968377e+00,-6.5627416882e+00,-3.5455811216e+01,2.9570612916e+01,-2.6200526997e+00,-3.6765255354e+01,-2.8227915139e-02,3.6765255354e+01,0.0000000000e+00,nan,nan,nan,nan,nan,nan
1.2331818649e-05,1.0489063241e-04,-4.3050885295e+00,-6.4586563374e+00,-3.5344554633e+01,2.9111581046e+01,-3.0172424281e+00,-3.6632400735e+01,2.4817967202e-02,3.6632400735e+01,0.0000000000e+00,nan,nan,nan,nan,nan,nan
1.7645888260e-05,1.0567786728e-04,-5.0241554205e+00,-6.1256639923e+00,-3.5044425990e+01,2.8074412016e+01,-3.8255213701e+00,-3.6243060040e+01,5.9111419269e-02,3.6243060040e+01,0.0000000000e+00,nan,nan,nan,nan,nan,nan
2.6235293193e-05,1.0933137216e-04,-9.3167448684e+00,-5.6500740922e+00,-3.4706320746e+01,2.4055323019e+01,-8.1231855868e+00,-3.5899880028e+01,-5.9624848164e-03,3.5899880028e+01,0.0000000000e+00,nan,nan,nan,nan,nan,nan
3.1400980778e-05,1.1042598224e-04,-9.7634854708e+00,-4.9755160793e+00,-3.4337603595e+01,2.2943365590e+01,-8.8041862337e+00,-3.5296902832e+01,5.2434735147e-04,3.5296902832e+01,0.0000000000e+00,nan,nan,nan,nan,nan,nan
3.5946922789e-05,1.0933873588e-04,-6.5760307579e+00,-3.3423197965e+00,-3.3238156598e+01,2.3786630903e+01,-6.1738759221e+00,-3.3640311434e+01,-1.0043213778e-02,3.3640311433e+01,0.0000000000e+00,nan,nan,nan,nan,nan,nan
4.1084143093e-05,1.1069772189e-04,-6.6157877665e+00,-1.8213222894e+00,-3.2325653541e+01,2.2462057097e+01,-6.5022459453e+00,-3.2439195364e+01,-1.1622699419e-02,3.2439195365e+01,0.0000000000e+00,nan,nan,nan,nan,nan,nan
4.4125868893e-05,1.1379519599e-04,-1.0021329748e+01,-1.8108873190e+00,-3.2749968665e+01,1.9892398234e+01,-9.9007677316e+00,-3.2870530682e+01,2.0592348324e-03,3.2870530682e+01,0.0000000000e+00,nan,nan,nan,nan,nan,nan
-3.1568475699e-05,1.0546292850e-04,-3.2753344045e+00,-3.4384438194e+00,-3.4784381461e+01,2.7928879816e+01,-2.9051116531e+00,-3.5154604212e+01,3.8879968798e-02,3.5154604212e+01,0.0000000000e+00,nan,nan,nan,nan,nan,nan
4.9129799476e-05,1.1545154370e-04,-9.8499116455e+00,2.6458758658e-01,-3.1293374714e+01,1.8521897687e+01,-9.8780205644e+00,-3.1265265795e+01,-2.5428233580e-03,3.1265265795e+01,0.0000000000e+00,nan,nan,nan,nan,nan,nan
-3.9761735621e-05,1.0519699543e-04,-2.0779265619e+00,-2.2837866290e+00,-3.4554722527e+01,2.8401376169e+01,-1.9187823676e+00,-3.4713866721e+01,-8.8865322235e-02,3.4713866721e+01,0.0000000000e+00,nan,nan,nan,nan,nan,nan
5.3707369705e-05,1.1490990330e-04,-6.2401661549e+00,4.1126500662e+00,-2.7034355451e+01,1.9313341646e+01,-5.4866978048e+00,-2.7787823801e+01,1.2887665630e-01,2.7787823809e+01,0.0000000000e+00,nan,nan,nan,nan,nan,nan
-5.0731831152e-05,1.0497757061e-04,-6.6673121662e-01,-6.3773405219e-01,-3.4221110973e+01,2.9078526021e+01,-6.5542626872e-01,-3.4232415921e+01,-1.7114945513e-01,3.4232415921e+01,0.0000000000e+00,nan,nan,nan,nan,nan,nan
5.8934369103e-05,1.1945693653e-04,-9.5878994276e+00,6.1685351540e+00,-2.4488566880e+01,1.6611934095e+01,-7.4473285321e+00,-2.6629137775e+01,5.0851821615e-02,2.6629137321e+01,0.0000000000e+00,nan,nan,nan,nan,nan,nan
6.3467357435e-05,1.1937244887e-04,-6.2891249915e+00,9.2555398766e+00,-1.5823116602e+01,1.7976038383e+01,-6.7765019803e-01,-2.1434591397e+01,3.7604111621e-01,2.1434591467e+01,0.0000000000e+00,nan,nan,nan,nan,nan,nan
6.8159132768e-05,1.1938698245e-04,-7.0812444017e+00,6.9036008457e+00,-1.8106195815e+01,1.5323934274e+01,-3.7464425301e+00,-2.1440997686e+01,-6.6341213144e-02,2.1440998709e+01,0.0000000000e+00,nan,nan,nan,nan,nan,nan
3.9583164484e-05,1.1467249585e-04,-1.3768160448e+01,-4.2467713923e+00,-3.4363165456e+01,1.9254461287e+01,-1.2949094545e+01,-3.5182231359e+01,-8.5647276133e-04,3.5182231359e+01,0.0000000000e+00,nan,nan,nan,nan,nan,nan
7.3170180694e-05,1.2498706328e-04,-1.1014473704e+01,5.7203668123e+00,-1.7324838655e+01,1.1389605913e+01,-7.5938641397e+00,-2.0745448220e+01,5.7289847613e-02,2.0745469520e+01,0.0000000000e+00,nan,nan,nan,nan,nan,nan
7.5721821107e-05,1.2377836111e-04,-1.0042861389e+01,5.6367289574e+00,-1.8233384379e+01,1.2116777763e+01,-7.1424979805e+00,-2.1133747787e+01,-6.4740618234e-03,2.1133763304e+01,0.0000000000e+00,nan,nan,nan,nan,nan,nan
5.8295673358e-05,1.1454558958e-04,-2.9407388924e+00,8.4593862969e+00,-2.0030245160e+01,2.0802931911e+01,5.2508631274e-01,-2.3496070365e+01,4.9763587365e-01,2.3496070350e+01,0.0000000000e+00,nan,nan,nan,nan,nan,nan
8.1032533384e-05,1.2417446334e-04,-1.0303469551e+01,5.2614173183e+00,-1.9010033163e+01,1.1877319102e+01,-7.7993779765e+00,-2.1514124738e+01,-5.5521844853e-05,2.1514132221e+01,0.0000000000e+00,nan,nan,nan,nan,nan,nan
8.6595521837e-05,1.2773638418e-04,-1.2618803582e+01,4.7753201850e+00,-1.9452585682e+01,1.0224715452e+01,-1.0132452413e+01,-2.1938936851e+01,1.1699932904e-04,2.1939013550e+01,0.0000000000e+00,nan,nan,nan,nan,nan,nan
8.9486564287e-05,1.2964546834e-04,-1.3748904410e+01,4.4840120702e+00,-1.9770190856e+01,9.3806387909e+00,-1.1343633302e+01,-2.2175461964e+01,-2.8027571604e-05,2.2175483819e+01,0.0000000000e+00,nan,nan,nan,nan,nan,nan
9.5620023898e-05,1.3025072596e-04,-1.4445299713e+01,4.2704983999e+00,-2.0736420254e+01,9.1939747136e+00,-1.2282716208e+01,-2.2899003760e+01,4.3550554401e-05,2.2899006640e+01,0.0000000000e+00,nan,nan,nan,nan,nan,nan
9.5499784445e-05,1.3367655795e-04,-1.5745758198e+01,2.7911805289e+00,-2.0351844960e+01,6.2046182131e+00,-1.4466563584e+01,-2.1631039575e+01,-2.2841987262e-04,2.1631037229e+01,0.0000000000e+00,nan,nan,nan,nan,nan,nan
9.8711348794e-05,1.3222929208e-04,-1.4391612802e+01,2.2077074606e+00,-1.9585999912e+01,5.8408971251e+00,-1.3616562830e+01,-2.0361049885e+01,1.1951358647e-05,2.0361049171e+01,0.0000000000e+00,nan,nan,nan,nan,nan,nan
-1.2999532134e-05,1.0030635674e-04,2.1504936009e+00,-5.9616337867e+00,-3.5814707389e+01,3.4460973168e+01,3.0639452412e+00,-3.6728159029e+01,3.1027983410e+00,3.6728159029e+01,0.0000000000e+00,nan,nan,nan,nan,nan,nan
2.7488466259e-05,1.0531264761e-04,-2.9267493326e+00,-4.5589127903e+00,-3.3787008103e+01,2.7859703265e+01,-2.2720715382e+00,-3.4441685898e+01,-8.4012848981e-02,3.4441685898e+01,0.0000000000e+00,nan,nan,nan,nan,nan,nan
1.0499538065e-04,1.3258995255e-04,-1.2296671831e+01,1.5196188588e-01,-1.6908910047e+01,3.9767828795e+00,-1.2306794273e+01,-1.6898787605e+01,-1.7179113125e-05,1.6898787638e+01,0.0000000000e+00,nan,nan,nan,nan,nan,nan
1.0809984680e-04,1.3447643162e-04,-1.2000246634e+01,-1.6904766441e-01,-1.7094149735e+01,4.4298667737e+00,-1.1989613410e+01,-1.7104782959e+01,-4.1339355917e-05,1.7104782897e+01,0.0000000000e+00,nan,nan,nan,nan,nan,nan
1.0789645370e-04,1.3799853042e-04,-1.0713038159e+01,-7.8208069479e-01,-1.7049324109e+01,5.6511654053e+00,-1.0618479266e+01,-1.7143883002e+01,-2.8042588619e-05,1.7143883029e+01,0.0000000000e+00,nan,nan,nan,nan,nan,nan
5.4382389510e-05,1.1974787245e-04,-1.3381848888e+01,1.4331691067e+00,-3.0647354763e+01,1.5045966476e+01,-1.3327809030e+01,-3.0701394621e+01,-9.3980528428e-04,3.0701394653e+01,0.0000000000e+00,nan,nan,nan,nan,nan,nan
1.1443819342e-04,1.3824616430e-04,-9.6285661278e+00,-1.0804473404e+00,-1.7018281645e+01,6.6735428506e+00,-9.4704521253e+00,-1.7176395648e+01,1.2643816059e-05,1.7176395653e+01,0.0000000000e+00,nan,nan,nan,nan,nan,nan
1.1785607761e-04,1.3653598324e-04,-1.0022979423e+01,-9.6308271047e-01,-1.7026137036e+01,6.2946146268e+00,-9.8903607802e+00,-1.7158755679e+01,8.7511176297e-05,1.7158755679e+01,0.0000000000e+00,nan,nan,nan,nan,nan,nan
1.2115066456e-04,1.3838868402e-04,-8.7724281241e+00,-1.3186214493e+00,-1.6951607606e+01,7.4487683123e+00,-8.5614694749e+00,-1.7162566255e+01,2.1794622847e-04,1.7162566256e+01,0.0000000000e+00,nan,nan,nan,nan,nan,nan
1.2095204549e-04,1.4197747159e-04,-6.9545931414e+00,-1.6467363222e+00,-1.6920002393e+01,9.0960107425e+00,-6.6857135163e+00,-1.7188882018e+01,-5.6247314573e-04,1.7188882019e+01,0.0000000000e+00,nan,nan,nan,nan,nan,nan
1.2789230941e-04,1.4207267625e-04,-6.5455541619e+00,-1.7943468670e+00,-1.6829554279e+01,9.4385057699e+00,-6.2382303733e+00,-1.7136878067e+01,-2.9816779732e-04,1.7136878067e+01,0.0000000000e+00,nan,nan,nan,nan,nan,nan
1.1796840645e-04,1.3292693560e-04,-1.1184731758e+01,-4.6502686324e-01,-1.7077589699e+01,5.1680177939e+00,-1.1147404264e+01,-1.7114917193e+01,-2.7301964248e-06,1.7114917194e+01,0.0000000000e+00,nan,nan,nan,nan,nan,nan
1.0510724510e-04,1.2912088755e-04,-1.2029029965e+01,8.0227388441e-01,-1.7529752878e+01,4.9304911394e+00,-1.1932771035e+01,-1.7626011808e+01,-7.7256447131e-07,1.7626011752e+01,0.0000000000e+00,nan,nan,nan,nan,nan,nan
1.2804269413e-04,1.3842052261e-04,-8.0838642878e+00,-1.5388907678e+00,-1.6851964333e+01,8.0529810165e+00,-7.8185235527e+00,-1.7117305068e+01,1.8266499960e-05,1.7117305068e+01,0.0000000000e+00,nan,nan,nan,nan,nan,nan
1.3135308113e-04,1.4390761154e-04,-5.6441923689e+00,-1.9452287324e+00,-1.6771469679e+01,1.0213346039e+01,-5.3111529391e+00,-1.7104509109e+01,-1.2203601090e-03,1.7104509109e+01,0.0000000000e+00,nan,nan,nan,nan,nan,nan
1.3503063888e-04,1.4203847416e-04,-6.1642862296e+00,-1.9686244238e+00,-1.6706434933e+01,9.7498564828e+00,-5.8062783166e+00,-1.7064442846e+01,-9.4315538510e-04,1.7064442846e+01,0.0000000000e+00,nan,nan,nan,nan,nan,nan
1.3488513367e-04,1.4573742175e-04,-4.8700626516e+00,-2.0580672501e+00,-1.6721514790e+01,1.0869523016e+01,-4.5202666815e+00,-1.7071310760e+01,4.2368363397e-03,1.7071310760e+01,0.0000000000e+00,nan,nan,nan,nan,nan,nan
1.3862724580e-04,1.4383067459e-04,-5.3357969345e+00,-2.1093069409e+00,-1.6624161875e+01,1.0439304582e+01,-4.9528440943e+00,-1.7007114716e+01,2.6460633137e-03,1.7007114716e+01,0.0000000000e+00,nan,nan,nan,nan,nan,nan
1.4608840169e-04,1.4358087476e-04,-4.9025921508e+00,-2.1916877452e+00,-1.6423868268e+01,1.0673833351e+01,-4.5006896507e+00,-1.6825770768e+01,-2.7928441190e-03,1.6825770768e+01,0.0000000000e+00,nan,nan,nan,nan,nan,nan
-1.4554855790e-04,9.9696401067e-05,5.0440424789e+00,1.3339502549e+01,-2.9922030346e+01,3.8087150813e+01,9.5506328410e+00,-3.4428620708e+01,9.5508123548e+00,3.4428620708e+01,0.0000000000e+00,nan,nan,nan,nan,nan,nan
9.5249930207e-05,1.3711652318e-04,-1.4426654745e+01,9.1352563021e-01,-1.9228939031e+01,4.2359362915e+00,-1.4382177930e+01,-1.9273415846e+01,5.4474640938e-04,1.9273399025e+01,0.0000000000e+00,nan,nan,nan,nan,nan,nan
1.4605938785e-04,1.4736399086e-04,-3.3830439456e+00,-2.4127149799e+00,-1.5921673125e+01,1.1631833889e+01,-2.9367161080e+00,-1.6368000962e+01,2.3702193266e-02,1.6368000962e+01,0.0000000000e+00,nan,nan,nan,nan,nan,nan
-2.1258038855e-04,8.1886906461e-05,8.0635136769e+00,2.3717552962e+01,-2.3863117431e+01,4.9514502061e+01,2.0687409214e+01,-3.6487012969e+01,2.0687409214e+01,3.6487012969e+01,0.0000000000e+00,nan,nan,nan,nan,nan,nan
-2.9919786191e-04,4.8358157758e-05,4.4384049877e+01,3.1224904811e+01,-3.2143798675e+00,6.7970605836e+01,5.9827682581e+01,-1.8658012572e+01,5.9827682581e+01,1.8658012572e+01,0.0000000000e+00,nan,nan,nan,nan,nan,nan
3.2910307652e-04,7.7898523213e-05,-3.7270814944e+00,-1.0343167931e+01,-1.9221290529e+00,1.7980344592e+01,7.5563515165e+00,-1.3205562064e+01,7.5563515165e+00,1.3205562064e+01,0.0000000000e+00,nan,nan,nan,nan,nan,nan
1.0761847827e-04,1.4148689912e-04,-8.4075669646e+00,-1.3810497235e+00,-1.6969350739e+01,7.7970315745e+00,-8.1868405735e+00,-1.7190077130e+01,1.3928724969e-03,1.7190077434e+01,0.0000000000e+00,nan,nan,nan,nan,nan,nan
3.1905779768e-04,8.7526243339e-05,-3.5856537963e+00,-9.6931814974e+00,-3.5344250812e+00,1.6787202275e+01,6.1320563136e+00,-1.3252135191e+01,6.1320563136e+00,1.3252135191e+01,0.0000000000e+00,nan,nan,nan,nan,nan,nan
3.1569716009e-04,9.0688959837e-05,-3.5274245793e+00,-9.4958833081e+00,-3.9984178405e+00,1.6450642541e+01,5.7348616893e+00,-1.3260704109e+01,5.7348616893e+00,1.3260704109e+01,0.0000000000e+00,nan,nan,nan,nan,nan,nan
1.4237923477e-04,1.3808699203e-04,-6.9238719669e+00,-1.9308214773e+00,-1.6622524913e+01,9.0430195209e+00,-6.5522086853e+00,-1.6994188195e+01,-2.3543529380e-04,1.6994188195e+01,0.0000000000e+00,nan,nan,nan,nan,nan,nan
2.8369215841e-04,1.0669089303e-04,-2.8013566069e+00,-8.2472387112e+00,-7.4919336910e+00,1.4850120500e+01,3.4270759189e+00,-1.3720366217e+01,3.4270759222e+00,1.3720366217e+01,0.0000000000e+00,nan,nan,nan,nan,nan,nan
2.8418102607e-04,1.1053938533e-04,-2.7620660102e+00,-8.2048529034e+00,-7.3330480548e+00,1.4751393632e+01,3.4691640520e+00,-1.3564278117e+01,3.4691640495e+00,1.3564278117e+01,0.0000000000e+00,nan,nan,nan,nan,nan,nan
1.4985080884e-04,1.4907016077e-04,-2.1357567713e+00,-3.1582501840e+00,-1.4872128662e+01,1.2305724684e+01,-1.3992292580e+00,-1.5608656175e+01,-3.3552393111e-02,1.5608656175e+01,0.0000000000e+00,nan,nan,nan,nan,nan,nan
1.5367578319e-04,1.4693249185e-04,-2.6414734937e+00,-3.3976457969e+00,-1.4653456456e+01,1.1949038559e+01,-1.7486843464e+00,-1.5546245604e+01,2.5524660680e-02,1.5546245604e+01,0.0000000000e+00,nan,nan,nan,nan,nan,nan
-1.1420304936e-04,9.5879126257e-05,1.1634371545e+01,9.2570766934e+00,-3.2741789014e+01,4.1639644535e+01,1.3486951247e+01,-3.4594368716e+01,1.3486953168e+01,3.4594368716e+01,0.0000000000e+00,nan,nan,nan,nan,nan,nan
2.3953732398e-04,9.3103336616e-05,-3.8200816831e+00,-5.7231567432e+00,-1.2050915290e+01,1.2208441078e+01,-8.8695174362e-01,-1.4984045229e+01,-2.5085715606e-03,1.4984045229e+01,0.0000000000e+00,nan,nan,nan,nan,nan,nan
2.3553634322e-04,9.2134440115e-05,-4.0187132775e+00,-5.4006912038e+00,-1.2430707365e+01,1.1855084519e+01,-1.3801740828e+00,-1.5069246560e+01,7.6031208950e-04,1.5069246560e+01,0.0000000000e+00,nan,nan,nan,nan,nan,nan
1.8191165754e-04,9.1470055776e-05,-6.7430466569e+00,-1.2533288791e+00,-1.6862417207e+01,9.0322190560e+00,-6.5879778284e+00,-1.7017486035e+01,1.0427306747e-04,1.7017486035e+01,0.0000000000e+00,nan,nan,nan,nan,nan,nan
1.8257472858e-04,9.5212826090e-05,-7.0728907753e+00,-1.1344695935e+00,-1.6797988816e+01,8.6461295753e+00,-6.9435945578e+00,-1.6927285033e+01,-4.6309656149e-06,1.6927285033e+01,0.0000000000e+00,nan,nan,nan,nan,nan,nan
2.5374324553e-04,8.5513066768e-05,-3.3955506674e+00,-6.4170898548e+00,-1.1406762929e+01,1.3101175218e+01,1.6281024081e-01,-1.4965123837e+01,1.2636874357e-01,1.4965123837e+01,0.0000000000e+00,nan,nan,nan,nan,nan,nan
2.7767322804e-04,9.0577453120e-05,-2.8640181872e+00,-8.0302448759e+00,-8.8049516912e+00,1.4828895751e+01,2.7269820142e+00,-1.4395951893e+01,2.7269826163e+00,1.4395951893e+01,0.0000000000e+00,nan,nan,nan,nan,nan,nan
2.8108009081e-04,8.7582928167e-05,-2.8326774376e+00,-8.1999618080e+00,-8.6038856286e+00,1.5055422075e+01,2.9739704548e+00,-1.4410533521e+01,2.9739698096e+00,1.4410533521e+01,0.0000000000e+00,nan,nan,nan,nan,nan,nan
2.7479964494e-04,9.7356692491e-05,-2.8565889010e+00,-7.9247503688e+00,-8.7472282398e+00,1.4642573676e+01,2.6519852828e+00,-1.4255802424e+01,2.6519853709e+00,1.4255802424e+01,0.0000000000e+00,nan,nan,nan,nan,nan,nan
2.7084461951e-04,9.6513401869e-05,-2.8959694072e+00,-7.7194886988e+00,-9.1726051385e+00,1.4432419011e+01,2.2982737281e+00,-1.4366848274e+01,2.2982689949e+00,1.4366848274e+01,0.0000000000e+00,nan,nan,nan,nan,nan,nan
-2.1704422321e-04,7.8233105548e-05,1.1405394029e+01,2.5487836730e+01,-2.3276102712e+01,5.3390740154e+01,2.4889803858e+01,-3.6760512541e+01,2.4889803858e+01,3.6760512541e+01,0.0000000000e+00,nan,nan,nan,nan,nan,nan
-2.2186417575e-04,7.6875200066e-05,1.1215643479e+01,2.6269756346e+01,-2.2504362099e+01,5.4061166457e+01,2.5567869696e+01,-3.6856588316e+01,2.5567869696e+01,3.6856588316e+01,0.0000000000e+00,nan,nan,nan,nan,nan,nan
-2.1361055007e-04,5.4530588005e-05,5.8513819433e+01,3.4586003398e+01,-2.6797185545e+01,9.5112313255e+01,7.0771436605e+01,-3.9054802717e+01,7.0771436605e+01,3.9054802717e+01,0.0000000000e+00,nan,nan,nan,nan,nan,nan
-2.1647509164e-04,5.4799810290e-05,5.6923977775e+01,3.5049898679e+01,-2.6055635753e+01,9.4069015426e+01,6.9744942389e+01,-3.8876600367e+01,6.9744942389e+01,3.8876600367e+01,0.0000000000e+00,nan,nan,nan,nan,nan,nan
1.5699643838e-04,9.7160511188e-05,-6.0916286293e+00,-1.1906041630e+00,-1.6875223958e+01,9.5683238555e+00,-5.9591519401e+00,-1.7007700647e+01,-3.3687540104e-04,1.7007700647e+01,0.0000000000e+00,nan,nan,nan,nan,nan,nan
1.5364941471e-04,1.4314273792e-04,-4.0173293375e+00,-2.9964086107e+00,-1.5079976286e+01,1.0890767746e+01,-3.2608651221e+00,-1.5836440501e+01,-8.9762092584e-03,1.5836440501e+01,0.0000000000e+00,nan,nan,nan,nan,nan,nan
1.5749821208e-04,1.4852440476e-04,-1.6032530556e+00,-3.9515078154e+00,-1.4069505468e+01,1.2780883085e+01,-4.5733297246e-01,-1.5215425552e+01,-1.2163648092e-01,1.5215425552e+01,0.0000000000e+00,nan,nan,nan,nan,nan,nan
1.6129153254e-04,1.4627766845e-04,-2.1262479895e+00,-4.0776371944e+00,-1.3936714203e+01,1.2428361192e+01,-8.5596341650e-01,-1.5206998776e+01,-8.7584082334e-02,1.5206998776e+01,0.0000000000e+00,nan,nan,nan,nan,nan,nan
1.6120370546e-04,1.4247836783e-04,-3.4451269752e+00,-3.6978058835e+00,-1.4276529215e+01,1.1356481721e+01,-2.3041603168e+00,-1.5417495874e+01,1.1462840776e-02,1.5417495874e+01,0.0000000000e+00,nan,nan,nan,nan,nan,nan
1.6514741312e-04,1.4777174927e-04,-1.2452388403e+00,-4.4980248094e+00,-1.3527664745e+01,1.3183859262e+01,2.2525290124e-01,-1.4998156487e+01,1.3593361605e-01,1.4998156487e+01,0.0000000000e+00,nan,nan,nan,nan,nan,nan
1.2533194207e-04,9.2690418175e-05,-1.7783079205e+00,-7.8302277859e-01,-1.9253654592e+01,1.5179803162e+01,-1.7519178144e+00,-1.9280044698e+01,8.0461139027e-04,1.9280044698e+01,0.0000000000e+00,nan,nan,nan,nan,nan,nan
-2.2689456005e-04,7.7862908930e-05,7.0886909534e+00,2.5799489946e+01,-2.1648615766e+01,5.1144082705e+01,2.2248087511e+01,-3.6808012324e+01,2.2248087511e+01,3.6808012324e+01,0.0000000000e+00,nan,nan,nan,nan,nan,nan
-3.1293109468e-04,1.7626993938e-05,1.2439593969e+02,5.7349084717e+01,6.2057663800e+00,1.4263148519e+02,1.4764917941e+02,-1.7047473336e+01,1.4764917941e+02,1.7047473336e+01,0.0000000000e+00,nan,nan,nan,nan,nan,nan
-3.1727414769e-04,1.5714228707e-05,1.2871365828e+02,5.8986366488e+01,6.8364338764e+00,1.4689673451e+02,1.5258591529e+02,-1.7035823135e+01,1.5258591529e+02,1.7035823136e+01,0.0000000000e+00,nan,nan,nan,nan,nan,nan
-3.0311460174e-04,4.4833476721e-05,4.8662154890e+01,3.1173325778e+01,-2.4937407384e+00,6.9866286776e+01,6.3421526553e+01,-1.7253112402e+01,6.3421526553e+01,1.7253112402e+01,0.0000000000e+00,nan,nan,nan,nan,nan,nan
7.3089988493e-05,7.2141633786e-05,2.1898038855e+01,-3.3220136944e+00,-2.2433296111e+01,3.8824147307e+01,2.2147503271e+01,-2.2682760529e+01,2.2147503266e+01,2.2682760529e+01,0.0000000000e+00,nan,nan,nan,nan,nan,nan
5.4584519692e-05,6.8438717431e-05,3.2197713922e+01,-5.4819847466e+00,-2.2134207917e+01,4.8003240812e+01,3.2746437007e+01,-2.2682931002e+01,3.2746437007e+01,2.2682931002e+01,0.0000000000e+00,nan,nan,nan,nan,nan,nan
4.5587507524e-05,6.6952547058e-05,3.7680432200e+01,-6.6988007613e+00,-2.1957575117e+01,5.2936569445e+01,3.8424371161e+01,-2.2701514078e+01,3.8424371161e+01,2.2701514078e+01,0.0000000000e+00,nan,nan,nan,nan,nan,nan
1.8873705630e-05,6.3745125119e-05,5.2809900542e+01,-8.5765445520e+00,-2.9754205154e+01,7.3029108062e+01,5.3691222892e+01,-3.0635527504e+01,5.3691222892e+01,3.0635527504e+01,0.0000000000e+00,nan,nan,nan,nan,nan,nan
9.6918121955e-06,6.3020633530e-05,5.5942992474e+01,-8.4379006401e+00,-3.3133788759e+01,7.8514794958e+01,5.6735139862e+01,-3.3925936147e+01,5.6735139862e+01,3.3925936147e+01,0.0000000000e+00,nan,nan,nan,nan,nan,nan
3.8157127209e-07,6.2436239668e-05,5.8228080356e+01,-8.0593988303e+00,-3.5727270289e+01,8.2556257826e+01,5.8914282712e+01,-3.6413472646e+01,5.8914282712e+01,3.6413472646e+01,0.0000000000e+00,nan,nan,nan,nan,nan,nan
-9.0279137862e-06,6.1973755689e-05,5.9852785176e+01,-7.4186346758e+00,-3.7685276223e+01,8.5441892262e+01,6.0413653974e+01,-3.8246145021e+01,6.0413653974e+01,3.8246145021e+01,0.0000000000e+00,nan,nan,nan,nan,nan,nan
3.6468352667e-04,3.1899253780e-05,-2.0579729073e+00,-1.4865499689e+01,9.2536104807e+00,2.7538782778e+01,1.9497342437e+01,-1.2301704863e+01,1.9497342437e+01,1.2301704214e+01,0.0000000000e+00,nan,nan,nan,nan,nan,nan
2.9491243409e-04,1.0535553217e-04,-3.0217662508e+00,-8.5786646704e+00,-6.3559467287e+00,1.5135565029e+01,4.0496660539e+00,-1.3427379033e+01,4.0496660538e+00,1.3427379033e+01,0.0000000000e+00,nan,nan,nan,nan,nan,nan
3.4048287673e-04,2.2259909365e-05,-3.4705547585e-01,-1.3138405455e+01,-2.4774721298e+00,2.2826547969e+01,1.1766649812e+01,-1.4591177418e+01,1.1766649812e+01,1.4591177412e+01,0.0000000000e+00,nan,nan,nan,nan,nan,nan
1.7279295224e-04,1.4685109641e-04,-1.0316299209e+00,-4.8964579905e+00,-1.3104898768e+01,1.3462081024e+01,7.0407175885e-01,-1.4840600447e+01,6.3239110799e-01,1.4840600447e+01,0.0000000000e+00,nan,nan,nan,nan,nan,nan
2.7029761348e-04,9.2719516339e-05,-2.9353718930e+00,-7.6435364500e+00,-9.4302686384e+00,1.4383422051e+01,2.1214523272e+00,-1.4487092859e+01,2.1214493841e+00,1.4487092859e+01,0.0000000000e+00,nan,nan,nan,nan,nan,nan
-2.9896502613e-04,1.9997081773e-05,1.3399025741e+02,5.8626878339e+01,5.6912749362e+00,1.5052265926e+02,1.5674506401e+02,-1.7063531669e+01,1.5674506401e+02,1.7063531669e+01,0.0000000000e+00,nan,nan,nan,nan,nan,nan
2.6688112814e-04,9.5661032723e-05,-2.9573644712e+00,-7.4970227181e+00,-9.5904290225e+00,1.4198268864e+01,1.9234776041e+00,-1.4471271098e+01,1.9235131176e+00,1.4471271098e+01,0.0000000000e+00,nan,nan,nan,nan,nan,nan
-2.3166055137e-04,7.6604448215e-05,6.4506672288e+00,2.6424549374e+01,-2.0833102144e+01,5.1502473039e+01,2.2543749215e+01,-3.6926184130e+01,2.2543749215e+01,3.6926184130e+01,0.0000000000e+00,nan,nan,nan,nan,nan,nan
2.5774912550e-04,8.6389835771e-05,-3.2615218959e+00,-6.7205948686e+00,-1.0992892543e+01,1.3427587441e+01,6.2521400445e-01,-1.4879628443e+01,6.3075279116e-01,1.4879628443e+01,0.0000000000e+00,nan,nan,nan,nan,nan,nan
-1.2259306833e-04,9.6250876498e-05,1.0810549473e+01,1.0549071796e+01,-3.2117388958e+01,4.1422166266e+01,1.3261679102e+01,-3.4568518587e+01,1.3261681521e+01,3.4568518587e+01,0.0000000000e+00,nan,nan,nan,nan,nan,nan
3.3576887798e-04,7.1352960277e-05,-3.7979049231e+00,-1.0829489877e+01,-6.1874985260e-01,1.8954987655e+01,8.7353398371e+00,-1.3151994613e+01,8.7353398371e+00,1.3151994613e+01,0.0000000000e+00,nan,nan,nan,nan,nan,nan
-2.7448299376e-04,2.0704246453e-05,1.6004083525e+02,5.9389645238e+01,-4.4586572410e+00,1.7570991289e+02,1.7923725451e+02,-2.3655076502e+01,1.7923725451e+02,2.3655076502e+01,0.0000000000e+00,nan,nan,nan,nan,nan,nan
2.8789278480e-04,3.8242489200e-05,-1.7594518693e+00,-7.8260610415e+00,-1.1633741787e+01,1.6024351055e+01,2.5550665668e+00,-1.5948260223e+01,2.5550759333e+00,1.5948260223e+01,0.0000000000e+00,nan,nan,nan,nan,nan,nan
2.9201528713e-04,3.8831089095e-05,-1.6673545979e+00,-8.2303480187e+00,-1.1016187641e+01,1.6391875824e+01,3.1220827998e+00,-1.5805625039e+01,3.1220830802e+00,1.5805625039e+01,0.0000000000e+00,nan,nan,nan,nan,nan,nan
2.1599065246e-04,1.1613381615e-04,-3.7967549988e+00,-5.3373943148e+00,-1.2249042079e+01,1.1791137472e+01,-1.2152821452e+00,-1.4830514933e+01,-2.7528557220e-03,1.4830514933e+01,0.0000000000e+00,nan,nan,nan,nan,nan,nan
2.9348852388e-04,6.7854369205e-05,-2.4127907177e+00,-8.8814178741e+00,-8.3320139930e+00,1.6213045135e+01,3.9882036176e+00,-1.4733008328e+01,3.9882036717e+00,1.4733008328e+01,0.0000000000e+00,nan,nan,nan,nan,nan,nan
9.1836274959e-05,1.0939132040e-04,-4.9531240642e+00,3.5547143710e+00,-2.1789534490e+01,1.5842283421e+01,-4.2247826790e+00,-2.2517875875e+01,-1.4974016481e-04,2.2517875871e+01,0.0000000000e+00,nan,nan,nan,nan,nan,nan
9.4983455000e-05,1.1085700698e-04,-5.9693878189e+00,3.5416003671e+00,-2.1830709640e+01,1.5058175844e+01,-5.2062068521e+00,-2.2593890607e+01,3.4525107246e-05,2.2593890600e+01,0.0000000000e+00,nan,nan,nan,nan,nan,nan
1.9521134683e-04,8.1407797419e-05,-6.0575763568e+00,-1.6547042086e+00,-1.6715132291e+01,9.6642892867e+00,-5.8066743028e+00,-1.6966034345e+01,-1.1611448407e-03,1.6966034345e+01,0.0000000000e+00,nan,nan,nan,nan,nan,nan
1.5321940153e-04,9.5854990508e-05,-5.4847829693e+00,-1.3564655080e+00,-1.6847367996e+01,1.0121603094e+01,-5.3223652112e+00,-1.7009785754e+01,-1.8426584838e-05,1.7009785754e+01,0.0000000000e+00,nan,nan,nan,nan,nan,nan
-2.3529812895e-04,4.4564564316e-05,7.7842705600e+01,4.2283870979e+01,-2.2697358508e+01,1.1377145009e+02,9.3258650881e+01,-3.8113303790e+01,9.3258650881e+01,3.8113303790e+01,0.0000000000e+00,nan,nan,nan,nan,nan,nan
-2.3815944630e-04,4.4876091068e-05,7.5793672556e+01,4.2674984455e+01,-2.1693819659e+01,1.1220621849e+02,9.1832216900e+01,-3.7732364003e+01,9.1832216900e+01,3.7732364003e+01,0.0000000000e+00,nan,nan,nan,nan,nan,nan
-2.3548207691e-04,4.8685509978e-05,6.5670373489e+01,4.0698560504e+01,-2.1929945054e+01,1.0355429879e+02,8.1657316498e+01,-3.7916888063e+01,8.1657316498e+01,3.7916888063e+01,0.0000000000e+00,nan,nan,nan,nan,nan,nan
1.9055586751e-04,1.2688671772e-04,-4.2584411237e+00,-4.4541916808e+00,-1.3214254760e+01,1.0938869914e+01,-2.4207884525e+00,-1.5051907431e+01,1.1425021960e-03,1.5051907431e+01,0.0000000000e+00,nan,nan,nan,nan,nan,nan
1.2474051979e-04,7.1885825830e-05,9.8044669747e+00,-1.9687750896e+00,-2.2687090546e+01,2.8343874416e+01,9.9230317386e+00,-2.2805655310e+01,9.9230514632e+00,2.2805655310e+01,0.0000000000e+00,nan,nan,nan,nan,nan,nan
2.2552032770e-04,7.8915400709e-05,-4.6368950996e+00,-3.9975282459e+00,-1.4244586652e+01,1.0822065115e+01,-3.1926186681e+00,-1.5688863083e+01,2.2421352851e-05,1.5688863083e+01,0.0000000000e+00,nan,nan,nan,nan,nan,nan
-1.5458665418e-04,4.9708940244e-05,7.9916498580e+01,2.1346134133e+01,-3.8430068907e+01,1.0895417223e+02,8.3647935506e+01,-4.2161505833e+01,8.3647935506e+01,4.2161505833e+01,0.0000000000e+00,nan,nan,nan,nan,nan,nan
8.9175020091e-05,6.3709575416e-05,2.6090838915e+01,-5.0675021550e+00,-2.2255604337e+01,4.2782385848e+01,2.6618039275e+01,-2.2782804697e+01,2.6618039274e+01,2.2782804697e+01,0.0000000000e+00,nan,nan,nan,nan,nan,nan
2.0170077190e-04,3.8765230488e-05,2.4328872860e+01,-1.1234918720e+01,-1.4527301392e+01,3.8872079685e+01,2.7343591404e+01,-1.7542019936e+01,2.7343587302e+01,1.7542019936e+01,0.0000000000e+00,nan,nan,nan,nan,nan,nan
6.2830005839e-05,7.6743577956e-05,2.0257948790e+01,-2.3437877214e+00,-2.2503160749e+01,3.7257099626e+01,2.0387790519e+01,-2.2633002478e+01,2.0387790517e+01,2.2633002478e+01,0.0000000000e+00,nan,nan,nan,nan,nan,nan
9.4354540520e-05,8.5305557724e-05,5.7045722117e+00,1.3390190671e-01,-2.2742061883e+01,2.4642539898e+01,5.7086322079e+00,-2.2746121880e+01,5.7093806240e+00,2.2746121880e+01,0.0000000000e+00,nan,nan,nan,nan,nan,nan
7.1021306999e-05,1.0061423484e-04,2.3196225644e+00,3.3747304351e+00,-2.1831633903e+01,2.1726030118e+01,2.7875236677e+00,-2.2299535007e+01,2.7866951014e+00,2.2299535007e+01,0.0000000000e+00,nan,nan,nan,nan,nan,nan
6.9068576418e-05,1.0481105673e-04,7.9542116128e-01,4.3640732803e+00,-2.1337270076e+01,2.0613647848e+01,1.6303706770e+00,-2.2172219592e+01,1.6702133963e+00,2.2172219591e+01,0.0000000000e+00,nan,nan,nan,nan,nan,nan
7.1853576300e-05,1.0595214928e-04,-2.6325204473e-01,4.3470734641e+00,-2.1282552801e+01,1.9710623996e+01,6.0703164724e-01,-2.2152836493e+01,7.9075069550e-01,2.2152836493e+01,0.0000000000e+00,nan,nan,nan,nan,nan,nan
6.4020260971e-05,1.0523755832e-04,1.6971285189e+00,4.9745392893e+00,-2.1110965634e+01,2.1555820652e+01,2.7383402984e+00,-2.2152177413e+01,2.7206601006e+00,2.2152177413e+01,0.0000000000e+00,nan,nan,nan,nan,nan,nan
-2.4842955537e-04,6.4309860698e-05,1.9765571527e+01,3.3473163122e+01,-1.7306690230e+01,6.6265689642e+01,3.9487954402e+01,-3.7029073104e+01,3.9487954402e+01,3.7029073104e+01,0.0000000000e+00,nan,nan,nan,nan,nan,nan
-2.4831235156e-04,6.9025636501e-05,9.9068961532e+00,3.0435084486e+01,-1.7540067344e+01,5.7818240664e+01,2.9564791216e+01,-3.7197962406e+01,2.9564791216e+01,3.7197962406e+01,0.0000000000e+00,nan,nan,nan,nan,nan,nan
-2.5309658659e-04,6.7997101839e-05,8.7633869931e+00,3.0782858616e+01,-1.6452807332e+01,5.7606964474e+01,2.9414686277e+01,-3.7104106616e+01,2.9414686277e+01,3.7104106616e+01,0.0000000000e+00,nan,nan,nan,nan,nan,nan
-2.4352552203e-04,7.2489108373e-05,6.3662830290e+00,2.8478936729e+01,-1.8667768096e+01,5.3873704743e+01,2.4953255402e+01,-3.7254740469e+01,2.4953255402e+01,3.7254740469e+01,0.0000000000e+00,nan,nan,nan,nan,nan,nan
-2.5785372539e-04,6.7044859628e-05,7.4037685750e+00,3.1028412847e+01,-1.5317475773e+01,5.7220750155e+01,2.9079561909e+01,-3.6993269100e+01,2.9079561909e+01,3.6993269101e+01,0.0000000000e+00,nan,nan,nan,nan,nan,nan
1.3528485788e-04,3.0266838329e-05,5.8069067970e+01,-1.4747100354e+01,-2.0226394424e+01,7.2459772231e+01,6.0756005776e+01,-2.2913332230e+01,6.0756005776e+01,2.2913332230e+01,0.0000000000e+00,nan,nan,nan,nan,nan,nan
3.6615938237e-05,9.4595957520e-05,1.2102546905e+01,4.2210055100e-01,-2.6974972366e+01,3.3843135382e+01,1.2103130593e+01,-2.6975556053e+01,1.2103113370e+01,2.6975556053e+01,0.0000000000e+00,nan,nan,nan,nan,nan,nan
2.4151661365e-04,4.4180066016e-05,4.5228675784e+00,-7.7145832620e+00,-1.4242565836e+01,2.1069618369e+01,7.3047007083e+00,-1.7024398966e+01,7.1590307434e+00,1.7024398966e+01,0.0000000000e+00,nan,nan,nan,nan,nan,nan
4.5584815710e-05,2.5375922951e-05,1.4143109577e+02,-2.2713655627e+01,-2.6600076691e+01,1.5074042227e+02,1.4444553291e+02,-2.9614513836e+01,1.4444553291e+02,2.9614513836e+01,0.0000000000e+00,nan,nan,nan,nan,nan,nan
9.7595738778e-06,2.4659776323e-05,1.4372703734e+02,-1.2897585282e+01,-3.8947199359e+01,1.5976903004e+02,1.4463261149e+02,-3.9852773507e+01,1.4463261149e+02,3.9852773507e+01,0.0000000000e+00,nan,nan,nan,nan,nan,nan
-5.4862620315e-07,8.7214534377e-05,2.0415045259e+01,-6.5194414632e+00,-3.5666121418e+01,4.9862700637e+01,2.1162705555e+01,-3.6413781715e+01,2.1162719269e+01,3.6413781715e+01,0.0000000000e+00,nan,nan,nan,nan,nan,nan
-2.6126678120e-05,1.0569434019e-04,-4.1255698645e+00,-4.1532838155e+00,-3.4930172533e+01,2.7629277732e+01,-3.5761002631e+00,-3.5479642135e+01,5.6487288289e-02,3.5479642135e+01,0.0000000000e+00,nan,nan,nan,nan,nan,nan
-4.5241137127e-05,1.0506914676e-04,-1.3430397282e+00,-1.4726715325e+00,-3.4392438249e+01,2.8733789671e+01,-1.2782777873e+00,-3.4457200190e+01,-2.0415302207e-01,3.4457200190e+01,0.0000000000e+00,nan,nan,nan,nan,nan,nan
5.4225389471e-05,9.4956766747e-05,9.1493160457e+00,2.9565939556e+00,-2.2156434472e+01,2.7592147614e+01,9.4267746390e+00,-2.2433893066e+01,9.4267711154e+00,2.2433893066e+01,0.0000000000e+00,nan,nan,nan,nan,nan,nan
1.8699799335e-04,1.2941914026e-04,-4.1416853590e+00,-4.4203815103e+00,-1.3279201208e+01,1.1010232908e+01,-2.3536823502e+00,-1.5067204217e+01,5.6736128580e-06,1.5067204216e+01,0.0000000000e+00,nan,nan,nan,nan,nan,nan
1.8731928421e-04,1.3322680823e-04,-3.4270972800e+00,-4.7452301804e+00,-1.3013846838e+01,1.1682076099e+01,-1.4758222787e+00,-1.4965121840e+01,4.8138215922e-03,1.4965121840e+01,0.0000000000e+00,nan,nan,nan,nan,nan,nan
1.9123068716e-04,1.3449579577e-04,-2.9056895997e+00,-5.0603935910e+00,-1.2707820253e+01,1.2201457279e+01,-7.6224028252e-01,-1.4851269570e+01,1.8684824182e-03,1.4851269570e+01,0.0000000000e+00,nan,nan,nan,nan,nan,nan
1.9153453257e-04,1.3829033476e-04,-2.1341443749e+00,-5.3104609581e+00,-1.2498602356e+01,1.2851444697e+01,1.0341168967e-01,-1.4736158421e+01,5.6834576664e-02,1.4736158421e+01,0.0000000000e+00,nan,nan,nan,nan,nan,nan
1.9546612543e-04,1.3952324355e-04,-1.6801265343e+00,-5.5485691154e+00,-1.2237590155e+01,1.3264363172e+01,6.9932530303e-01,-1.4617041993e+01,6.9814120748e-01,1.4617041993e+01,0.0000000000e+00,nan,nan,nan,nan,nan,nan
1.9908683698e-04,1.3694542077e-04,-2.0014418764e+00,-5.5804909173e+00,-1.2158980175e+01,1.3068953620e+01,4.6515286529e-01,-1.4625574916e+01,4.2796085473e-01,1.4625574916e+01,0.0000000000e+00,nan,nan,nan,nan,nan,nan
1.9182496695e-04,1.4206863606e-04,-1.3088205732e+00,-5.5151701764e+00,-1.2318070177e+01,1.3495910295e+01,9.7842206674e-01,-1.4605312817e+01,9.9744320783e-01,1.4605312817e+01,0.0000000000e+00,nan,nan,nan,nan,nan,nan
2.0303077194e-04,1.3812992359e-04,-1.6202263243e+00,-5.7921470488e+00,-1.1906865088e+01,1.3416280690e+01,9.8234756182e-01,-1.4509438974e+01,9.9575294637e-01,1.4509438974e+01,0.0000000000e+00,nan,nan,nan,nan,nan,nan
2.0336457649e-04,1.4190835902e-04,-9.2860846020e-01,-5.9295220153e+00,-1.1755502125e+01,1.3906025034e+01,1.6865920043e+00,-1.4370702589e+01,1.6839655822e+00,1.4370702589e+01,0.0000000000e+00,nan,nan,nan,nan,nan,nan
2.0698434881e-04,1.3929011522e-04,-1.2856994092e+00,-5.9759607614e+00,-1.1664629456e+01,1.3708187078e+01,1.4392610671e+00,-1.4389589932e+01,1.4352866401e+00,1.4389589932e+01,0.0000000000e+00,nan,nan,nan,nan,nan,nan
2.1454356112e-04,1.3776887908e-04,-1.3205171338e+00,-6.1883327357e+00,-1.1331728284e+01,1.3785544353e+01,1.6329650338e+00,-1.4285210452e+01,1.6334405522e+00,1.4285210452e+01,0.0000000000e+00,nan,nan,nan,nan,nan,nan
2.1851055794e-04,1.3886893527e-04,-1.0837961930e+00,-6.3336533332e+00,-1.1093331389e+01,1.3981174443e+01,1.9834710370e+00,-1.4160598619e+01,1.9834672117e+00,1.4160598619e+01,0.0000000000e+00,nan,nan,nan,nan,nan,nan
2.1416232384e-04,1.3398648784e-04,-1.8687937377e+00,-6.0674459021e+00,-1.1484464530e+01,1.3408106765e+01,1.0645449159e+00,-1.4417803184e+01,1.0644820941e+00,1.4417803184e+01,0.0000000000e+00,nan,nan,nan,nan,nan,nan
1.9972212531e-04,1.4450240883e-04,-5.2081497560e-01,-5.8799810704e+00,-1.1847288966e+01,1.4139273075e+01,1.9792611452e+00,-1.4347365087e+01,1.9791190815e+00,1.4347365087e+01,0.0000000000e+00,nan,nan,nan,nan,nan,nan
-3.2634307832e-04,2.4705024863e-05,6.7519104945e+01,3.9426657958e+01,1.3285329453e+00,8.9169004920e+01,8.5905567939e+01,-1.7057930049e+01,8.5905567939e+01,1.7057930045e+01,0.0000000000e+00,nan,nan,nan,nan,nan,nan
2.3973908932e-04,1.2239658927e-04,-2.3806220303e+00,-6.7333785535e+00,-1.0434995345e+01,1.3588922537e+01,1.4377593968e+00,-1.4253376773e+01,1.4382123793e+00,1.4253376773e+01,0.0000000000e+00,nan,nan,nan,nan,nan,nan
2.3623714456e-04,1.2518766156e-04,-2.2333031646e+00,-6.6578124878e+00,-1.0549986183e+01,1.3595734500e+01,1.4578562999e+00,-1.4241145647e+01,1.4584532227e+00,1.4241145647e+01,0.0000000000e+00,nan,nan,nan,nan,nan,nan
2.3668531898e-04,1.2897975654e-04,-1.8989392173e+00,-6.7411415850e+00,-1.0389480526e+01,1.3797961447e+01,1.8220468841e+00,-1.4110466627e+01,1.8218764333e+00,1.4110466627e+01,0.0000000000e+00,nan,nan,nan,nan,nan,nan
2.4064822629e-04,1.2998474612e-04,-1.7655817496e+00,-6.8776298915e+00,-1.0116726972e+01,1.3935493153e+01,2.1045063622e+00,-1.3986815084e+01,2.1045492195e+00,1.3986815084e+01,0.0000000000e+00,nan,nan,nan,nan,nan,nan
2.3712517318e-04,1.3277047090e-04,-1.5493586503e+00,-6.7981561183e+00,-1.0246863665e+01,1.3977318121e+01,2.1716972219e+00,-1.3967919537e+01,2.1717442087e+00,1.3967919537e+01,0.0000000000e+00,nan,nan,nan,nan,nan,nan
2.3272207943e-04,1.2796133560e-04,-2.0618104510e+00,-6.5870106440e+00,-1.0662212131e+01,1.3624624930e+01,1.5041695802e+00,-1.4228192162e+01,1.5048232629e+00,1.4228192162e+01,0.0000000000e+00,nan,nan,nan,nan,nan,nan
1.3114103199e-04,1.4755981023e-04,-4.2686283310e+00,-1.9667284279e+00,-1.6818416721e+01,1.1394633429e+01,-3.9648278482e+00,-1.7122217204e+01,2.4630301100e-03,1.7122217204e+01,0.0000000000e+00,nan,nan,nan,nan,nan,nan
-3.2085611102e-04,3.4160200506e-05,5.2749197104e+01,3.2797719813e+01,-1.6253468716e+00,7.3810902751e+01,6.8176669689e+01,-1.7052819456e+01,6.8176669689e+01,1.7052819456e+01,0.0000000000e+00,nan,nan,nan,nan,nan,nan
-1.5457737892e-04,8.1953942919e-05,2.4301338105e+01,1.7218644533e+01,-3.1570377125e+01,5.6837068696e+01,2.9180377402e+01,-3.6449416421e+01,2.9180377402e+01,3.6449416421e+01,0.0000000000e+00,nan,nan,nan,nan,nan,nan
1.4909088654e-04,1.2245484616e-04,-9.3328709321e+00,-8.2926726826e-01,-1.6903861255e+01,6.7133923647e+00,-9.2423872048e+00,-1.6994344983e+01,-2.5301782338e-07,1.6994344983e+01,0.0000000000e+00,nan,nan,nan,nan,nan,nan
-3.1659670787e-04,3.5711581971e-05,5.2797133134e+01,3.2791147632e+01,-1.6833536276e+00,7.3865721045e+01,6.8203283682e+01,-1.7089504176e+01,6.8203283682e+01,1.7089504176e+01,0.0000000000e+00,nan,nan,nan,nan,nan,nan
2.9861496712e-04,7.6130881625e-05,-2.6490594895e+00,-9.2169612598e+00,-7.0683486148e+00,1.6415041544e+01,4.6185246018e+00,-1.4335932706e+01,4.6185245991e+00,1.4335932706e+01,0.0000000000e+00,nan,nan,nan,nan,nan,nan
-2.7048262338e-04,5.8890704010e-05,1.8085175615e+01,3.5590371117e+01,-1.1479725574e+01,6.6736142130e+01,4.1832854634e+01,-3.5227404555e+01,4.1832854629e+01,3.5227404559e+01,0.0000000000e+00,nan,nan,nan,nan,nan,nan
-2.6757133453e-04,6.2933524885e-05,9.6826302816e+00,3.2988576606e+01,-1.2665150212e+01,6.0312299126e+01,3.3330062112e+01,-3.6312582148e+01,3.3330062117e+01,3.6312582143e+01,0.0000000000e+00,nan,nan,nan,nan,nan,nan
3.2834802211e-04,2.1452790725e-05,-6.9770602754e-01,-1.1581523246e+01,-6.3366775449e+00,2.0642729311e+01,8.4008935385e+00,-1.5435277111e+01,8.4008935385e+00,1.5435277111e+01,0.0000000000e+00,nan,nan,nan,nan,nan,nan
3.2426224010e-04,2.1135322866e-05,-8.2505968586e-01,-1.1084911465e+01,-7.3293494547e+00,2.0006254429e+01,7.4734118096e+00,-1.5627820950e+01,7.4734118096e+00,1.5627820950e+01,0.0000000000e+00,nan,nan,nan,nan,nan,nan
2.3432288828e-04,1.1002372147e-04,-3.3684836058e+00,-6.0999894349e+00,-1.1379864123e+01,1.2639328301e+01,-7.6854267427e-02,-1.4671493462e+01,-2.7073494428e-02,1.4671493462e+01,0.0000000000e+00,nan,nan,nan,nan,nan,nan
-1.5274958378e-04,4.0916986754e-05,1.0031914979e+02,2.1366020192e+01,-4.0901442790e+01,1.2777533393e+02,1.0347997693e+02,-4.4062269953e+01,1.0347997693e+02,4.4062269953e+01,0.0000000000e+00,nan,nan,nan,nan,nan,nan
-1.5286916239e-04,3.5824024405e-05,1.1315283344e+02,2.1485826428e+01,-4.2223690636e+01,1.3960972703e+02,1.1606828488e+02,-4.5139142083e+01,1.1606828489e+02,4.5139142082e+01,0.0000000000e+00,nan,nan,nan,nan,nan,nan
-1.4942104789e-04,3.5780872968e-05,1.1327014827e+02,2.0582967177e+01,-4.2604327512e+01,1.3961801108e+02,1.1594140669e+02,-4.5275585855e+01,1.1594140669e+02,4.5275585855e+01,0.0000000000e+00,nan,nan,nan,nan,nan,nan
-1.4477661368e-04,3.4061854855e-05,1.1770524547e+02,1.9376304169e+01,-4.3513407607e+01,1.4359494537e+02,1.2000049931e+02,-4.5808661390e+01,1.2000049931e+02,4.5808661390e+01,0.0000000000e+00,nan,nan,nan,nan,nan,nan
-1.2726971678e-04,3.3907446981e-05,1.1798762955e+02,1.5015885439e+01,-4.5014481173e+01,1.4353872947e+02,1.1935869829e+02,-4.6385549911e+01,1.1935869828e+02,4.6385549911e+01,0.0000000000e+00,nan,nan,nan,nan,nan,nan
-1.1317431600e-04,3.3814540365e-05,1.1821358431e+02,1.1678983065e+01,-4.5919513625e+01,1.4357460691e+02,1.1903987329e+02,-4.6745802605e+01,1.1903987329e+02,4.6745802605e+01,0.0000000000e+00,nan,nan,nan,nan,nan,nan
-8.1267998222e-05,3.3699131508e-05,1.1885148968e+02,4.6324302648e+00,-4.6971737709e+01,1.4383035966e+02,1.1898037285e+02,-4.7100620881e+01,1.1898037285e+02,4.7100620881e+01,0.0000000000e+00,nan,nan,nan,nan,nan,nan
-6.3477418951e-05,3.3697504253e-05,1.1923516546e+02,9.8988317103e-01,-4.6858172481e+01,1.4385061286e+02,1.1924068654e+02,-4.6863693568e+01,1.1924068654e+02,4.6863693568e+01,0.0000000000e+00,nan,nan,nan,nan,nan,nan
-5.1079404625e-05,3.5359087291e-05,1.1552754726e+02,-1.4649267768e+00,-4.6087795379e+01,1.3998537153e+02,1.1554046788e+02,-4.6100715994e+01,1.1554046788e+02,4.6100715994e+01,0.0000000000e+00,nan,nan,nan,nan,nan,nan
-4.4008132668e-05,3.5395149628e-05,1.1557997642e+02,-2.7977885216e+00,-4.5665064370e+01,1.3972575898e+02,1.1562816058e+02,-4.5713248539e+01,1.1562816058e+02,4.5713248539e+01,0.0000000000e+00,nan,nan,nan,nan,nan,nan
-4.0474764587e-05,3.5418517017e-05,1.1558303317e+02,-3.4517418517e+00,-4.5402282346e+01,1.3954491090e+02,1.1565666728e+02,-4.5475916461e+01,1.1565666728e+02,4.5475916461e+01,0.0000000000e+00,nan,nan,nan,nan,nan,nan
-3.6943393502e-05,3.5445215986e-05,1.1556885576e+02,-4.0976546367e+00,-4.5102785871e+01,1.3932602507e+02,1.1567295303e+02,-4.5206883135e+01,1.1567295303e+02,4.5206883135e+01,0.0000000000e+00,nan,nan,nan,nan,nan,nan
-3.1468277020e-05,3.3857789791e-05,1.1947145184e+02,-5.0708923472e+00,-4.4854542200e+01,1.4258067601e+02,1.1962744649e+02,-4.5010536857e+01,1.1962744649e+02,4.5010536857e+01,0.0000000000e+00,nan,nan,nan,nan,nan,nan
-2.6365569300e-05,3.5548227077e-05,1.1539622632e+02,-5.9911988411e+00,-4.3963467156e+01,1.3839854228e+02,1.1562081523e+02,-4.4188056061e+01,1.1562081523e+02,4.4188056061e+01,0.0000000000e+00,nan,nan,nan,nan,nan,nan
-2.2846636944e-05,3.5591107197e-05,1.1528601212e+02,-6.6097354655e+00,-4.3496258939e+01,1.3798464377e+02,1.1556034781e+02,-4.3770594632e+01,1.1556034781e+02,4.3770594632e+01,0.0000000000e+00,nan,nan,nan,nan,nan,nan
-1.7303622371e-05,3.4021788465e-05,1.1908614026e+02,-7.5956123746e+00,-4.2950768971e+01,1.4094282252e+02,1.1944106217e+02,-4.3305690876e+01,1.1944106217e+02,4.3305690877e+01,0.0000000000e+00,nan,nan,nan,nan,nan,nan
-1.3773666657e-05,3.4073476862e-05,1.1891441932e+02,-8.2195238188e+00,-4.2353379644e+01,1.4038512783e+02,1.1933191118e+02,-4.2770871506e+01,1.1933191118e+02,4.2770871506e+01,0.0000000000e+00,nan,nan,nan,nan,nan,nan
-8.8200792289e-06,3.5810405950e-05,1.1450718124e+02,-9.0496134720e+00,-4.1131057475e+01,1.3569436149e+02,1.1503123802e+02,-4.1655114251e+01,1.1503123802e+02,4.1655114251e+01,0.0000000000e+00,nan,nan,nan,nan,nan,nan
-5.3287900132e-06,3.5878261079e-05,1.1421310125e+02,-9.6593966572e+00,-4.0404581765e+01,1.3494333437e+02,1.1481383016e+02,-4.1005310682e+01,1.1481383016e+02,4.1005310682e+01,0.0000000000e+00,nan,nan,nan,nan,nan,nan
2.8349807082e-07,3.4330033284e-05,1.1783998335e+02,-1.0739148767e+01,-3.9414821623e+01,1.3745030965e+02,1.1856955414e+02,-4.0144392415e+01,1.1856955414e+02,4.0144392415e+01,0.0000000000e+00,nan,nan,nan,nan,nan,nan
3.7787565712e-06,3.4407455307e-05,1.1746167933e+02,-1.1388056407e+01,-3.8533634562e+01,1.3652746401e+02,1.1828819048e+02,-3.9360145715e+01,1.1828819048e+02,3.9360145715e+01,0.0000000000e+00,nan,nan,nan,nan,nan,nan
8.5542199831e-06,3.6207358427e-05,1.1255524883e+02,-1.2174115359e+01,-3.6897806798e+01,1.3113564924e+02,1.1353992341e+02,-3.7882481374e+01,1.1353992341e+02,3.7882481374e+01,0.0000000000e+00,nan,nan,nan,nan,nan,nan
1.4207208870e-05,3.4672154945e-05,1.1603479557e+02,-1.3436593940e+01,-3.5516432240e+01,1.3329356071e+02,1.1721625482e+02,-3.6697891491e+01,1.1721625482e+02,3.6697891491e+01,0.0000000000e+00,nan,nan,nan,nan,nan,nan
1.7660848457e-05,3.4773538536e-05,1.1545251510e+02,-1.4167918073e+01,-3.4383627310e+01,1.3206069232e+02,1.1677972015e+02,-3.5710832364e+01,1.1677972015e+02,3.5710832364e+01,0.0000000000e+00,nan,nan,nan,nan,nan,nan
2.1102267236e-05,3.4879763354e-05,1.1482096754e+02,-1.4932183045e+01,-3.3187484537e+01,1.3076097388e+02,1.1631162497e+02,-3.4678141964e+01,1.1631162497e+02,3.4678141964e+01,0.0000000000e+00,nan,nan,nan,nan,nan,nan
2.7944079222e-05,3.5108718588e-05,1.1340848273e+02,-1.6581806462e+01,-3.0608505500e+01,1.2798468766e+02,1.1529198249e+02,-3.2492005260e+01,1.1529198249e+02,3.2492005260e+01,0.0000000000e+00,nan,nan,nan,nan,nan,nan
3.1342307975e-05,3.5231914393e-05,1.1262979922e+02,-1.7478873961e+01,-2.9228782950e+01,1.2652627930e+02,1.1475048955e+02,-3.1349473276e+01,1.1475048955e+02,3.1349473276e+01,0.0000000000e+00,nan,nan,nan,nan,nan,nan
3.4724222064e-05,3.5360342849e-05,1.1180819970e+02,-1.8432290232e+01,-2.7791985440e+01,1.2503920361e+02,1.1419952500e+02,-3.0183310734e+01,1.1419952500e+02,3.0183310734e+01,0.0000000000e+00,nan,nan,nan,nan,nan,nan
4.1434864804e-05,3.5632562942e-05,1.1005323988e+02,-2.0531673818e+01,-2.4758493371e+01,1.2204312718e+02,1.1310900558e+02,-2.7814259074e+01,1.1310900558e+02,2.7814259074e+01,0.0000000000e+00,nan,nan,nan,nan,nan,nan
4.4761511418e-05,3.5775955305e-05,1.0912093998e+02,-2.1682443804e+01,-2.3172766398e+01,1.2056360530e+02,1.1258151676e+02,-2.6633343181e+01,1.1258151676e+02,2.6633343181e+01,0.0000000000e+00,nan,nan,nan,nan,nan,nan
5.7865458880e-05,3.6394783089e-05,1.0364925535e+02,-2.5365515937e+01,-1.7563766259e+01,1.1380048239e+02,1.0874548368e+02,-2.2659994598e+01,1.0874548368e+02,2.2659994598e+01,0.0000000000e+00,nan,nan,nan,nan,nan,nan
6.8498565212e-05,3.8991822087e-05,8.3246937126e+01,-2.0277406076e+01,-1.8883646430e+01,9.5168255292e+01,8.7127063159e+01,-2.2763772463e+01,8.7127063159e+01,2.2763772463e+01,0.0000000000e+00,nan,nan,nan,nan,nan,nan
7.1829120529e-05,3.9257777815e-05,7.9449353566e+01,-1.9343139077e+01,-1.9107072740e+01,9.1694950404e+01,8.3111244712e+01,-2.2768963886e+01,8.3111244712e+01,2.2768963886e+01,0.0000000000e+00,nan,nan,nan,nan,nan,nan
7.5183554487e-05,3.9543408713e-05,7.5739847486e+01,-1.8427792490e+01,-1.9326234641e+01,8.8302709778e+01,7.9188399683e+01,-2.2774786838e+01,7.9188399683e+01,2.2774786838e+01,0.0000000000e+00,nan,nan,nan,nan,nan,nan
8.1967537155e-05,4.0174966667e-05,6.8680544498e+01,-1.6679235956e+01,-1.9747356064e+01,8.1851167020e+01,7.1723387530e+01,-2.2790199096e+01,7.1723387530e+01,2.2790199096e+01,0.0000000000e+00,nan,nan,nan,nan,nan,nan
8.5398731289e-05,4.0521516401e-05,6.5326005615e+01,-1.5847394199e+01,-1.9948180997e+01,7.8788111809e+01,6.8177249871e+01,-2.2799425252e+01,6.8177249871e+01,2.2799425253e+01,0.0000000000e+00,nan,nan,nan,nan,nan,nan
9.1615940666e-05,3.9043761810e-05,6.4829158709e+01,-1.5830908926e+01,-1.9956343348e+01,7.8381557838e+01,6.7690021196e+01,-2.2817205835e+01,6.7690021197e+01,2.2817205835e+01,0.0000000000e+00,nan,nan,nan,nan,nan,nan
9.5133350746e-05,3.9418097395e-05,6.1565064479e+01,-1.5024107627e+01,-2.0152648615e+01,7.5404671143e+01,6.4241115115e+01,-2.2828699251e+01,6.4241115115e+01,2.2828699251e+01,0.0000000000e+00,nan,nan,nan,nan,nan,nan
9.8679979197e-05,3.9812660590e-05,5.8432371511e+01,-1.4251284662e+01,-2.0339246146e+01,7.2549011989e+01,6.0932754284e+01,-2.2839628919e+01,6.0932754284e+01,2.2839628919e+01,0.0000000000e+00,nan,nan,nan,nan,nan,nan
1.0225652618e-04,4.0227590254e-05,5.5422557930e+01,-1.3508831898e+01,-2.0519648280e+01,6.9808234910e+01,5.7755258042e+01,-2.2852348392e+01,5.7755258042e+01,2.2852348392e+01,0.0000000000e+00,nan,nan,nan,nan,nan,nan
1.1389941727e-04,4.4035980106e-05,4.2709093692e+01,-1.0294751396e+01,-2.1275615987e+01,5.8212724828e+01,4.4325871202e+01,-2.2892393497e+01,4.4325871202e+01,2.2892393497e+01,0.0000000000e+00,nan,nan,nan,nan,nan,nan
1.1760551804e-04,4.4566946990e-05,4.0324253111e+01,-9.7236174620e+00,-2.1407358119e+01,5.6053319242e+01,4.1820846449e+01,-2.2903951458e+01,4.1820846449e+01,2.2903951458e+01,0.0000000000e+00,nan,nan,nan,nan,nan,nan
1.2134620895e-04,4.5117678368e-05,3.8023393813e+01,-9.1777985088e+00,-2.1532099892e+01,5.3972734993e+01,3.9406820038e+01,-2.2915526116e+01,3.9406820038e+01,2.2915526116e+01,0.0000000000e+00,nan,nan,nan,nan,nan,nan
1.2819208235e-04,4.3689591030e-05,3.7422094895e+01,-9.1573640729e+00,-2.1537089069e+01,5.3468696086e+01,3.8812668991e+01,-2.2927663165e+01,3.8812668991e+01,2.2927663165e+01,0.0000000000e+00,nan,nan,nan,nan,nan,nan
1.3203507200e-04,4.4260379038e-05,3.5146365189e+01,-8.6300801956e+00,-2.1723914135e+01,5.1471683482e+01,3.6428415841e+01,-2.3005964787e+01,3.6428415841e+01,2.3005964787e+01,0.0000000000e+00,nan,nan,nan,nan,nan,nan
1.3591184297e-04,4.4847972676e-05,3.2933990639e+01,-8.2696508030e+00,-2.1436203058e+01,4.9215944523e+01,3.4163732609e+01,-2.2665945028e+01,3.4163732609e+01,2.2665945028e+01,0.0000000000e+00,nan,nan,nan,nan,nan,nan
1.3665415821e-04,4.7510510825e-05,2.9554565586e+01,-7.5452153159e+00,-2.1212756194e+01,4.5866653551e+01,3.0652029470e+01,-2.2310220079e+01,3.0652029470e+01,2.2310220079e+01,0.0000000000e+00,nan,nan,nan,nan,nan,nan
1.3978329285e-04,4.5454176289e-05,3.1149341309e+01,-8.1791631756e+00,-2.0620617376e+01,4.7019149194e+01,3.2410880410e+01,-2.1882156478e+01,3.2410880411e+01,2.1882156478e+01,0.0000000000e+00,nan,nan,nan,nan,nan,nan
1.4051487331e-04,4.8150808757e-05,2.7831519991e+01,-7.4779260019e+00,-2.0420595495e+01,4.3748722082e+01,2.8963798719e+01,-2.1552874222e+01,2.8963798719e+01,2.1552874222e+01,0.0000000000e+00,nan,nan,nan,nan,nan,nan
1.4364944206e-04,4.6073116535e-05,2.9366880991e+01,-8.1017424636e+00,-1.9899128720e+01,4.4914005371e+01,3.0664989227e+01,-2.1197236956e+01,3.0664989225e+01,2.1197236956e+01,0.0000000000e+00,nan,nan,nan,nan,nan,nan
1.4436929779e-04,4.8804288370e-05,2.6211965685e+01,-7.4638289020e+00,-1.9673455604e+01,4.1787750713e+01,2.7395424162e+01,-2.0856914084e+01,2.7395424167e+01,2.0856914084e+01,0.0000000000e+00,nan,nan,nan,nan,nan,nan
1.4821791126e-04,4.9469548826e-05,2.4703739349e+01,-7.4888700022e+00,-1.8967588367e+01,3.9982779249e+01,2.5952143856e+01,-2.0215992869e+01,2.5952143836e+01,2.0215992867e+01,0.0000000000e+00,nan,nan,nan,nan,nan,nan
1.5206130388e-04,5.0145096818e-05,2.3317760192e+01,-7.5533367251e+00,-1.8302990507e+01,3.8345217342e+01,2.4646006396e+01,-1.9631236712e+01,2.4646006463e+01,1.9631236712e+01,0.0000000000e+00,nan,nan,nan,nan,nan,nan
1.5906578483e-04,4.8660782656e-05,2.3432926597e+01,-8.1896068750e+00,-1.7369697334e+01,3.8076792012e+01,2.5015260750e+01,-1.8952031487e+01,2.5015260827e+01,1.8952031487e+01,0.0000000000e+00,nan,nan,nan,nan,nan,nan
1.6291316753e-04,4.9326748631e-05,2.2233551601e+01,-8.2887643211e+00,-1.6849836243e+01,3.6765921799e+01,2.3918672527e+01,-1.8534957168e+01,2.3918672152e+01,1.8534957168e+01,0.0000000000e+00,nan,nan,nan,nan,nan,nan
1.6357096478e-04,5.2217204966e-05,1.9878725709e+01,-7.9377995106e+00,-1.6599241207e+01,3.4452574462e+01,2.1530945391e+01,-1.8251460889e+01,2.1530946562e+01,1.8251460889e+01,0.0000000000e+00,nan,nan,nan,nan,nan,nan
1.6675807404e-04,5.0001908137e-05,2.1143030598e+01,-8.4066044111e+00,-1.6377061368e+01,3.5606431952e+01,2.2940367687e+01,-1.8174398457e+01,2.2940368779e+01,1.8174398457e+01,0.0000000000e+00,nan,nan,nan,nan,nan,nan
1.6740482837e-04,5.2918020804e-05,1.8985066791e+01,-8.1228786430e+00,-1.6126540552e+01,3.3503938504e+01,2.0772771034e+01,-1.7914244795e+01,2.0772765755e+01,1.7914244795e+01,0.0000000000e+00,nan,nan,nan,nan,nan,nan
1.7060443902e-04,5.0679766961e-05,2.0184881801e+01,-8.5487377234e+00,-1.5950696084e+01,3.4620118296e+01,2.2105027476e+01,-1.7870841759e+01,2.2105025552e+01,1.7870841759e+01,0.0000000000e+00,nan,nan,nan,nan,nan,nan
1.7123945427e-04,5.3620295083e-05,1.8267607989e+01,-8.3618745553e+00,-1.5685137205e+01,3.2776575776e+01,2.0214800239e+01,-1.7632329456e+01,2.0214815226e+01,1.7632329456e+01,0.0000000000e+00,nan,nan,nan,nan,nan,nan
1.7507681658e-04,5.4319623630e-05,1.7690999350e+01,-8.6350011463e+00,-1.5282829038e+01,3.2234788111e+01,1.9814848749e+01,-1.7406678437e+01,1.9814824617e+01,1.7406678437e+01,0.0000000000e+00,nan,nan,nan,nan,nan,nan
1.5657101875e-04,5.3705266649e-05,1.9654003269e+01,-7.2731960849e+00,-1.7402656289e+01,3.4475441178e+01,2.1030078734e+01,-1.8778731754e+01,2.1030079662e+01,1.8778731754e+01,0.0000000000e+00,nan,nan,nan,nan,nan,nan
1.2967889410e-04,4.8912508402e-05,3.0091655006e+01,-7.2076474355e+00,-2.1972247173e+01,4.6787944130e+01,3.1072736055e+01,-2.2953328222e+01,3.1072736055e+01,2.2953328222e+01,0.0000000000e+00,nan,nan,nan,nan,nan,nan
1.0370499149e-04,4.4944752480e-05,4.5829422102e+01,-1.0923768787e+01,-2.1120187866e+01,6.0991322407e+01,4.7567973528e+01,-2.2858739292e+01,4.7567973528e+01,2.2858739292e+01,0.0000000000e+00,nan,nan,nan,nan,nan,nan
6.2672796454e-05,4.0502976757e-05,8.3243112639e+01,-2.0182896690e+01,-1.8920105484e+01,9.5133994393e+01,8.7087140849e+01,-2.2764133694e+01,8.7087140849e+01,2.2764133694e+01,0.0000000000e+00,nan,nan,nan,nan,nan,nan
5.2959069225e-05,3.9843594193e-05,9.4851043804e+01,-2.3148441595e+01,-1.8156626993e+01,1.0576524046e+02,9.9410798456e+01,-2.2716381645e+01,9.9410798456e+01,2.2716381645e+01,0.0000000000e+00,nan,nan,nan,nan,nan,nan
-7.5840262912e-05,3.5320592331e-05,1.1506310994e+02,3.4654821946e+00,-4.6660486272e+01,1.4018458181e+02,1.1513691788e+02,-4.6734294207e+01,1.1513691788e+02,4.6734294207e+01,0.0000000000e+00,nan,nan,nan,nan,nan,nan
-8.6439721966e-05,3.5337951162e-05,1.1480970962e+02,5.7009724102e+00,-4.6553192475e+01,1.4009201461e+02,1.1501042092e+02,-4.6753903774e+01,1.1501042092e+02,4.6753903774e+01,0.0000000000e+00,nan,nan,nan,nan,nan,nan
1.8216038162e-04,5.2715041285e-05,1.8295554309e+01,-9.2053281533e+00,-1.4884935353e+01,3.2860918871e+01,2.0677569834e+01,-1.7266950878e+01,2.0677484244e+01,1.7266950878e+01,0.0000000000e+00,nan,nan,nan,nan,nan,nan
1.8602156630e-04,5.3387812742e-05,1.8006790814e+01,-9.5290904589e+00,-1.4555033361e+01,3.2673508525e+01,2.0589937669e+01,-1.7138180216e+01,2.0590177258e+01,1.7138180216e+01,0.0000000000e+00,nan,nan,nan,nan,nan,nan
1.8151873517e-04,4.9746139894e-05,1.9890137985e+01,-9.3047884219e+00,-1.5108685308e+01,3.4327866346e+01,2.2209929214e+01,-1.7428476538e+01,2.2209946755e+01,1.7428476538e+01,0.0000000000e+00,nan,nan,nan,nan,nan,nan
7.3671013061e-05,3.5455951361e-05,9.1420192217e+01,-2.2420778417e+01,-1.8364356842e+01,1.0270409901e+02,9.5824156897e+01,-2.2768321522e+01,9.5824156897e+01,2.2768321522e+01,0.0000000000e+00,nan,nan,nan,nan,nan,nan
6.3644207148e-05,3.4843706147e-05,1.0399206718e+02,-2.5396934226e+01,-1.7680714542e+01,1.1418703818e+02,1.0908159355e+02,-2.2770240912e+01,1.0908159355e+02,2.2770240912e+01,0.0000000000e+00,nan,nan,nan,nan,nan,nan
5.3782327922e-05,3.4375025343e-05,1.1212954496e+02,-2.5551062316e+01,-1.9408636690e+01,1.2220439717e+02,1.1691519574e+02,-2.4194287470e+01,1.1691519574e+02,2.4194287470e+01,0.0000000000e+00,nan,nan,nan,nan,nan,nan
1.0875672148e-04,3.8752912053e-05,5.4812063471e+01,-1.3474939871e+01,-2.0533553280e+01,6.9301862159e+01,5.7150703869e+01,-2.2872193677e+01,5.7150703869e+01,2.2872193677e+01,0.0000000000e+00,nan,nan,nan,nan,nan,nan
1.2362802624e-04,4.0628673416e-05,4.3893590742e+01,-1.0815878538e+01,-2.1164154815e+01,5.9376477438e+01,4.5645743196e+01,-2.2916307269e+01,4.5645743196e+01,2.2916307269e+01,0.0000000000e+00,nan,nan,nan,nan,nan,nan
1.5836124733e-04,4.5843061840e-05,2.6194673082e+01,-8.6856252973e+00,-1.7593417430e+01,4.0796699981e+01,2.7854613544e+01,-1.9253357888e+01,2.7854613518e+01,1.9253357888e+01,0.0000000000e+00,nan,nan,nan,nan,nan,nan
-1.0406272180e-04,3.5404041552e-05,1.1438917164e+02,9.5819919288e+00,-4.5995777559e+01,1.3988453894e+02,1.1495907326e+02,-4.6565679172e+01,1.1495907326e+02,4.6565679172e+01,0.0000000000e+00,nan,nan,nan,nan,nan,nan
1.7948175296e-04,5.8034089763e-05,1.5884471990e+01,-9.0367495717e+00,-1.4616048715e+01,3.0702883353e+01,1.8360529606e+01,-1.7092106332e+01,1.8360228099e+01,1.7092106332e+01,0.0000000000e+00,nan,nan,nan,nan,nan,nan
-5.8154278695e-05,3.5334557003e-05,1.1543021155e+02,-9.8171869793e-02,-4.6385407777e+01,1.4013589753e+02,1.1542990005e+02,-4.6385096272e+01,1.1542990005e+02,4.6385096272e+01,0.0000000000e+00,nan,nan,nan,nan,nan,nan
1.3159434579e-04,1.3653953129e-04,-8.4584582144e+00,-1.4822197917e+00,-1.6824876155e+01,7.6911983894e+00,-8.2011517240e+00,-1.7082182645e+01,-1.0033524244e-04,1.7082182645e+01,0.0000000000e+00,nan,nan,nan,nan,nan,nan
-1.7186469252e-04,3.9556155567e-05,1.0304293094e+02,2.6541722958e+01,-3.8780795509e+01,1.3114235753e+02,1.0784614314e+02,-4.3584007704e+01,1.0784614314e+02,4.3584007704e+01,0.0000000000e+00,nan,nan,nan,nan,nan,nan
-2.6331012865e-04,4.0087253103e-05,7.9898443346e+01,4.7099685086e+01,-1.2248956758e+01,1.1411492405e+02,9.9709025415e+01,-3.2059538826e+01,9.9709025414e+01,3.2059538827e+01,0.0000000000e+00,nan,nan,nan,nan,nan,nan
6.6597016609e-05,9.1783431964e-05,7.5553493333e+00,1.6256183509e+00,-2.2370387107e+01,2.6074331061e+01,7.6465031703e+00,-2.2461540944e+01,7.6465218233e+00,2.2461540944e+01,0.0000000000e+00,nan,nan,nan,nan,nan,nan
1.9702028584e-04,7.1503029635e-05,-4.1204146185e+00,-2.6880474863e+00,-1.6427081252e+01,1.1631942643e+01,-3.5580427195e+00,-1.6989453152e+01,6.3251810317e-02,1.6989453152e+01,0.0000000000e+00,nan,nan,nan,nan,nan,nan
-1.5311643272e-04,9.2000292879e-05,1.2176552201e+01,1.5400915031e+01,-3.0220761587e+01,4.5381975151e+01,1.7179190877e+01,-3.5223400263e+01,1.7179189876e+01,3.5223400263e+01,0.0000000000e+00,nan,nan,nan,nan,nan,nan
1.5269901137e-04,9.2317105089e-05,-4.4978704732e+00,-1.7379139991e+00,-1.6767908240e+01,1.1049080899e+01,-4.2536995252e+00,-1.7012079187e+01,-4.4479509526e-03,1.7012079187e+01,0.0000000000e+00,nan,nan,nan,nan,nan,nan
1.4948373927e-04,9.4570740888e-05,-4.7691821180e+00,-1.5653733582e+00,-1.6807546733e+01,1.0777581039e+01,-4.5659251112e+00,-1.7010803739e+01,3.2774333212e-03,1.7010803739e+01,0.0000000000e+00,nan,nan,nan,nan,nan,nan
1.4897740184e-04,9.1084343537e-05,-3.6162481039e+00,-2.0157413598e+00,-1.6709551657e+01,1.1868927838e+01,-3.3103711981e+00,-1.7015428562e+01,-2.4511517187e-03,1.7015428562e+01,0.0000000000e+00,nan,nan,nan,nan,nan,nan
1.4627322062e-04,9.6794469139e-05,-5.0360977850e+00,-1.4004064259e+00,-1.6842773689e+01,1.0514396286e+01,-4.8689462107e+00,-1.7009925263e+01,3.4953133809e-03,1.7009925263e+01,0.0000000000e+00,nan,nan,nan,nan,nan,nan
2.2328949524e-04,6.7780008874e-05,-4.6275484869e+00,-3.3098894500e+00,-1.5343959722e+01,1.0905007321e+01,-3.6897451920e+00,-1.6281763017e+01,5.1309140391e-03,1.6281763017e+01,0.0000000000e+00,nan,nan,nan,nan,nan,nan
2.2249362604e-04,6.4090942997e-05,-4.5816017397e+00,-3.0617313877e+00,-1.5699061555e+01,1.0991025950e+01,-3.7946598569e+00,-1.6486003438e+01,-2.5695268375e-02,1.6486003438e+01,0.0000000000e+00,nan,nan,nan,nan,nan,nan
2.1837293006e-04,6.3093550723e-05,-4.7726322167e+00,-2.7674303599e+00,-1.6183768272e+01,1.0979267487e+01,-4.1393172055e+00,-1.6817083284e+01,7.9508770375e-02,1.6817083284e+01,0.0000000000e+00,nan,nan,nan,nan,nan,nan
2.1756050040e-04,5.9451599083e-05,-3.0164357867e+00,-3.6475199458e+00,-1.6072540120e+01,1.2963020840e+01,-2.0602843820e+00,-1.7028691525e+01,-4.3467665372e-01,1.7028691525e+01,0.0000000000e+00,nan,nan,nan,nan,nan,nan
2.2086213888e-04,5.6794503848e-05,-2.0338320440e+00,-4.2093956091e+00,-1.5848832692e+01,1.4022721272e+01,-8.4531046678e-01,-1.7037354269e+01,-2.7495969925e-02,1.7037354269e+01,0.0000000000e+00,nan,nan,nan,nan,nan,nan
2.1349298322e-04,5.8540365926e-05,-4.7733462066e-01,-4.6653004215e+00,-1.5672153848e+01,1.5449253623e+01,8.4488650380e-01,-1.6994374972e+01,7.7078228248e-01,1.6994374972e+01,0.0000000000e+00,nan,nan,nan,nan,nan,nan
2.1277707312e-04,5.5116295209e-05,4.4611529562e+00,-6.5250094286e+00,-1.5037644648e+01,2.0334979267e+01,6.4521599081e+00,-1.7028651600e+01,6.5330979364e+00,1.7028651600e+01,0.0000000000e+00,nan,nan,nan,nan,nan,nan
2.0946648077e-04,5.7680867811e-05,2.4457374730e+00,-5.6945501670e+00,-1.5349845932e+01,1.8310526536e+01,4.1195331954e+00,-1.7023641654e+01,4.0677981820e+00,1.7023641654e+01,0.0000000000e+00,nan,nan,nan,nan,nan,nan
2.0879105752e-04,5.4359592154e-05,8.3370289257e+00,-7.7223286478e+00,-1.4671768622e+01,2.4013314834e+01,1.0696723936e+01,-1.7031463632e+01,1.0687051686e+01,1.7031463632e+01,0.0000000000e+00,nan,nan,nan,nan,nan,nan
2.0483638699e-04,5.3650800670e-05,1.2319683626e+01,-8.8316348460e+00,-1.4349218322e+01,2.7714280468e+01,1.4986079941e+01,-1.7015614637e+01,1.4980320260e+01,1.7015614637e+01,0.0000000000e+00,nan,nan,nan,nan,nan,nan
2.2496746934e-04,5.7718252061e-05,-4.1141120575e+00,-3.3092259722e+00,-1.5935905724e+01,1.1736411250e+01,-3.2489886959e+00,-1.6801029085e+01,-7.9547910809e-02,1.6801029085e+01,0.0000000000e+00,nan,nan,nan,nan,nan,nan
-2.7938396698e-04,3.9307323902e-05,7.3763717368e+01,4.4332091702e+01,-4.2192636306e+00,1.0225495553e+02,9.3809152971e+01,-2.4264699233e+01,9.3809152971e+01,2.4264699233e+01,0.0000000000e+00,nan,nan,nan,nan,nan,nan
-2.6135921416e-04,3.1293775228e-05,1.1486734789e+02,5.1720323175e+01,-1.3404974506e+01,1.4270181532e+02,1.3312011818e+02,-3.1657744794e+01,1.3312011818e+02,3.1657744795e+01,0.0000000000e+00,nan,nan,nan,nan,nan,nan
-1.6329534760e-04,9.0760520051e-05,1.1796442833e+01,1.6914572849e+01,-2.9369316584e+01,4.6141835080e+01,1.7853564028e+01,-3.5426437780e+01,1.7853564735e+01,3.5426437780e+01,0.0000000000e+00,nan,nan,nan,nan,nan,nan
-2.7013469801e-04,3.0432897637e-05,1.1347343534e+02,5.2363087317e+01,-7.8117525391e+00,1.3876926287e+02,1.3294931267e+02,-2.7287629873e+01,1.3294931267e+02,2.7287629873e+01,0.0000000000e+00,nan,nan,nan,nan,nan,nan
2.1844620451e-04,1.0585649912e-04,-4.3812703420e+00,-4.9125979582e+00,-1.2743994176e+01,1.1172636086e+01,-2.1121078068e+00,-1.5013156711e+01,-1.8514124865e-04,1.5013156711e+01,0.0000000000e+00,nan,nan,nan,nan,nan,nan
2.6512496559e-04,2.5670019897e-05,2.3800853066e+01,-1.7843752017e+01,-9.9802239928e+00,4.2554028231e+01,3.1478894191e+01,-1.7658265118e+01,3.1478829432e+01,1.7658265118e+01,0.0000000000e+00,nan,nan,nan,nan,nan,nan
2.6790493521e-04,2.0053440246e-05,2.4163527443e+01,-1.8596208151e+01,-1.0223497051e+01,4.3863787277e+01,3.2294784588e+01,-1.8354754196e+01,3.2294777115e+01,1.8354754196e+01,0.0000000000e+00,nan,nan,nan,nan,nan,nan
2.6388871206e-04,1.9831550975e-05,2.4320832499e+01,-1.7851772498e+01,-1.1265145676e+01,4.3651842220e+01,3.1730246267e+01,-1.8674559445e+01,3.1730232936e+01,1.8674559445e+01,0.0000000000e+00,nan,nan,nan,nan,nan,nan
2.5646508929e-04,2.2208725613e-05,2.4384382303e+01,-1.6439200814e+01,-1.2346577781e+01,4.2688470604e+01,3.0665102256e+01,-1.8627297733e+01,3.0665085583e+01,1.8627297733e+01,0.0000000000e+00,nan,nan,nan,nan,nan,nan
2.5241893707e-04,2.1907196457e-05,2.4532550551e+01,-1.5720254305e+01,-1.3118591544e+01,4.2478061706e+01,3.0231699864e+01,-1.8817740857e+01,3.0231705741e+01,1.8817740857e+01,0.0000000000e+00,nan,nan,nan,nan,nan,nan
2.4836224244e-04,2.1583026803e-05,2.4899185520e+01,-1.5222159341e+01,-1.3626889583e+01,4.2523202588e+01,3.0186930430e+01,-1.8914634493e+01,3.0186932172e+01,1.8914634493e+01,0.0000000000e+00,nan,nan,nan,nan,nan,nan
2.4431125371e-04,2.1243214958e-05,2.5802698249e+01,-1.5141138084e+01,-1.3778523338e+01,4.3159491929e+01,3.0930231739e+01,-1.8906056828e+01,3.0930229592e+01,1.8906056828e+01,0.0000000000e+00,nan,nan,nan,nan,nan,nan
2.4027241960e-04,2.0893494920e-05,2.7014875244e+01,-1.5215751584e+01,-1.3847742415e+01,4.4123230216e+01,3.2058125257e+01,-1.8890992429e+01,3.2058126346e+01,1.8890992429e+01,0.0000000000e+00,nan,nan,nan,nan,nan,nan
2.3624775409e-04,2.0537756194e-05,2.8491565097e+01,-1.5401631481e+01,-1.3860363909e+01,4.5353088447e+01,3.3500218418e+01,-1.8869017229e+01,3.3500218127e+01,1.8869017229e+01,0.0000000000e+00,nan,nan,nan,nan,nan,nan
2.3223693116e-04,2.0178728517e-05,3.0185769590e+01,-1.5662927215e+01,-1.3852788288e+01,4.6803288159e+01,3.5188381669e+01,-1.8855400366e+01,3.5188381672e+01,1.8855400366e+01,0.0000000000e+00,nan,nan,nan,nan,nan,nan
2.3160007951e-04,1.7407220364e-05,3.3176360102e+01,-1.6843525575e+01,-1.3723749608e+01,5.0008664247e+01,3.8598821012e+01,-1.9146210518e+01,3.8598820992e+01,1.9146210518e+01,0.0000000000e+00,nan,nan,nan,nan,nan,nan
2.2761126224e-04,1.7077372892e-05,3.5510553827e+01,-1.7236617871e+01,-1.3725778719e+01,5.2053105614e+01,4.0945262092e+01,-1.9160486984e+01,4.0945262092e+01,1.9160486984e+01,0.0000000000e+00,nan,nan,nan,nan,nan,nan
2.1966392618e-04,1.6426200148e-05,4.0839560727e+01,-1.8104615953e+01,-1.3730198481e+01,5.6717305032e+01,4.6300432451e+01,-1.9191070205e+01,4.6300432449e+01,1.9191070205e+01,0.0000000000e+00,nan,nan,nan,nan,nan,nan
2.1570308124e-04,1.6107191730e-05,4.3811522154e+01,-1.8569660413e+01,-1.3756153192e+01,5.9331128448e+01,4.9282527462e+01,-1.9227158499e+01,4.9282527462e+01,1.9227158499e+01,0.0000000000e+00,nan,nan,nan,nan,nan,nan
2.1174898758e-04,1.5793629898e-05,4.6993737750e+01,-1.9044951704e+01,-1.3810494951e+01,6.2138448318e+01,5.2467271262e+01,-1.9284028464e+01,5.2467271262e+01,1.9284028464e+01,0.0000000000e+00,nan,nan,nan,nan,nan,nan
2.0780056857e-04,1.5486030977e-05,5.0374705722e+01,-1.9520673332e+01,-1.3872556612e+01,6.5108989867e+01,5.5841767381e+01,-1.9339618271e+01,5.5841767381e+01,1.9339618271e+01,0.0000000000e+00,nan,nan,nan,nan,nan,nan
2.0385674093e-04,1.5184938626e-05,5.3967241720e+01,-2.0006970573e+01,-1.3960909851e+01,6.8277205636e+01,5.9423028988e+01,-1.9416697119e+01,5.9423028988e+01,1.9416697119e+01,0.0000000000e+00,nan,nan,nan,nan,nan,nan
1.9991614667e-04,1.4890827001e-05,5.7768599615e+01,-2.0495783271e+01,-1.4081537787e+01,7.1640541739e+01,6.3205216972e+01,-1.9518155144e+01,6.3205216972e+01,1.9518155144e+01,0.0000000000e+00,nan,nan,nan,nan,nan,nan
1.9264905535e-04,1.6744896012e-05,5.7617488730e+01,-1.9598247068e+01,-1.4506805489e+01,7.1091368926e+01,6.2599962607e+01,-1.9489279366e+01,6.2599962607e+01,1.9489279366e+01,0.0000000000e+00,nan,nan,nan,nan,nan,nan
1.8871612182e-04,1.6436331687e-05,6.1435787945e+01,-2.0064822920e+01,-1.4686934720e+01,7.4525833963e+01,6.6401936913e+01,-1.9653083688e+01,6.6401936913e+01,1.9653083688e+01,0.0000000000e+00,nan,nan,nan,nan,nan,nan
1.8478313032e-04,1.6136527206e-05,6.5472101362e+01,-2.0546952641e+01,-1.4897321339e+01,7.8174964787e+01,7.0421726975e+01,-1.9846946952e+01,7.0421726975e+01,1.9846946952e+01,0.0000000000e+00,nan,nan,nan,nan,nan,nan
1.8084941238e-04,1.5845963113e-05,6.9753989939e+01,-2.1064919930e+01,-1.5109445276e+01,8.2054617567e+01,7.4696527872e+01,-2.0051983209e+01,7.4696527872e+01,2.0051983209e+01,0.0000000000e+00,nan,nan,nan,nan,nan,nan
1.7691463939e-04,1.5565189064e-05,7.4306847122e+01,-2.1612594100e+01,-1.5350149972e+01,8.6200762545e+01,7.9246382034e+01,-2.0289684885e+01,7.9246382034e+01,2.0289684885e+01,0.0000000000e+00,nan,nan,nan,nan,nan,nan
1.7297798148e-04,1.5294726022e-05,7.9151691606e+01,-2.2212619683e+01,-1.5595663140e+01,9.0628690674e+01,8.4102513190e+01,-2.0546484724e+01,8.4102513190e+01,2.0546484724e+01,0.0000000000e+00,nan,nan,nan,nan,nan,nan
1.5655639152e-04,1.2266201187e-05,1.1898574511e+02,-2.8640122051e+01,-1.6062743733e+01,1.2704629831e+02,1.2481171522e+02,-2.1888713838e+01,1.2481171522e+02,2.1888713838e+01,0.0000000000e+00,nan,nan,nan,nan,nan,nan
1.5261308559e-04,1.2100522930e-05,1.2674320533e+02,-2.9972493621e+01,-1.6132124109e+01,1.3418869838e+02,1.3277942174e+02,-2.2168340522e+01,1.3277942174e+02,2.2168340522e+01,0.0000000000e+00,nan,nan,nan,nan,nan,nan
1.4867470694e-04,1.1950011700e-05,1.3472388379e+02,-3.1424331541e+01,-1.6138802104e+01,1.4154055057e+02,1.4101101581e+02,-2.2425934128e+01,1.4101101581e+02,2.2425934128e+01,0.0000000000e+00,nan,nan,nan,nan,nan,nan
1.4474379013e-04,1.1814755729e-05,1.4273558442e+02,-3.2967923107e+01,-1.6090866794e+01,1.4893503106e+02,1.4931003909e+02,-2.2665321460e+01,1.4931003909e+02,2.2665321460e+01,0.0000000000e+00,nan,nan,nan,nan,nan,nan
1.4082307722e-04,1.1694623422e-05,1.5043705212e+02,-3.4538720447e+01,-1.5965434808e+01,1.5603763406e+02,1.5732417868e+02,-2.2852561374e+01,1.5732417868e+02,2.2852561374e+01,0.0000000000e+00,nan,nan,nan,nan,nan,nan
1.3691585085e-04,1.1588479160e-05,1.5801660274e+02,-3.6042136001e+01,-1.5734955038e+01,1.6291389702e+02,1.6519920615e+02,-2.2917558448e+01,1.6519920615e+02,2.2917558448e+01,0.0000000000e+00,nan,nan,nan,nan,nan,nan
1.2914512248e-04,1.1414712261e-05,1.7245705285e+02,-3.8644802131e+01,-1.5297617774e+01,1.7584137111e+02,1.8010178048e+02,-2.2942345409e+01,1.8010178048e+02,2.2942345409e+01,0.0000000000e+00,nan,nan,nan,nan,nan,nan
1.2528225539e-04,1.1344407463e-05,1.7900978757e+02,-3.9699424129e+01,-1.5148935934e+01,1.8166459394e+02,1.8681452803e+02,-2.2953676397e+01,1.8681452803e+02,2.2953676397e+01,0.0000000000e+00,nan,nan,nan,nan,nan,nan
1.2143397028e-04,1.1284021954e-05,1.8508446905e+02,-4.0601804396e+01,-1.5041168632e+01,1.8703889908e+02,1.9300860894e+02,-2.2965308524e+01,1.9300860894e+02,2.2965308524e+01,0.0000000000e+00,nan,nan,nan,nan,nan,nan
1.1760012248e-04,1.1232745969e-05,1.9067940800e+02,-4.1350799045e+01,-1.4973310373e+01,1.9196229625e+02,1.9868253223e+02,-2.2976434598e+01,1.9868253223e+02,2.2976434598e+01,0.0000000000e+00,nan,nan,nan,nan,nan,nan
1.1378062551e-04,1.1189814460e-05,1.9576647290e+02,-4.1919515239e+01,-1.4953276434e+01,1.9640215749e+02,2.0379943673e+02,-2.2986240261e+01,2.0379943673e+02,2.2986240261e+01,0.0000000000e+00,nan,nan,nan,nan,nan,nan
1.0997577014e-04,1.1154344044e-05,2.0041634850e+02,-4.2343423388e+01,-1.4923814041e+01,2.0039279871e+02,2.0844310351e+02,-2.2950569052e+01,2.0844310351e+02,2.2950569052e+01,0.0000000000e+00,nan,nan,nan,nan,nan,nan
1.0317894233e-04,1.2775062067e-05,1.9378976891e+02,-4.1243856824e+01,-1.5075313288e+01,1.9447861614e+02,2.0163950919e+02,-2.2925053565e+01,2.0163950919e+02,2.2925053565e+01,0.0000000000e+00,nan,nan,nan,nan,nan,nan
9.8652300713e-05,1.1087460993e-05,2.1185261555e+02,-4.2870430323e+01,-1.5085878949e+01,2.1009133046e+02,2.1967965450e+02,-2.2912917898e+01,2.1967965450e+02,2.2912917898e+01,0.0000000000e+00,nan,nan,nan,nan,nan,nan
9.4907627285e-05,1.1075155544e-05,2.1215855537e+02,-4.1955887703e+01,-1.5576650614e+01,2.1018089231e+02,2.1963894713e+02,-2.3057042376e+01,2.1963894713e+02,2.3057042376e+01,0.0000000000e+00,nan,nan,nan,nan,nan,nan
9.1166804936e-05,1.1061693853e-05,2.0895246881e+02,-3.9757718091e+01,-1.6574105562e+01,2.0708830565e+02,2.1575167064e+02,-2.3373307390e+01,2.1575167064e+02,2.3373307390e+01,0.0000000000e+00,nan,nan,nan,nan,nan,nan
8.4606701931e-05,1.2652843318e-05,1.9783038274e+02,-3.7128491388e+01,-1.7671888845e+01,1.9739150913e+02,2.0404328788e+02,-2.3884793984e+01,2.0404328788e+02,2.3884793984e+01,0.0000000000e+00,nan,nan,nan,nan,nan,nan
8.0894798740e-05,1.2627426795e-05,1.9586501227e+02,-3.5214033846e+01,-1.8851040232e+01,1.9569190213e+02,2.0148975839e+02,-2.4475786354e+01,2.0148975839e+02,2.4475786354e+01,0.0000000000e+00,nan,nan,nan,nan,nan,nan
7.7176038446e-05,1.2600060068e-05,1.9407181645e+02,-3.3372924313e+01,-2.0081892633e+01,1.9425638046e+02,1.9914893546e+02,-2.5159011645e+01,1.9914893546e+02,2.5159011645e+01,0.0000000000e+00,nan,nan,nan,nan,nan,nan
7.2395611525e-05,1.0955679341e-05,1.9819821198e+02,-3.0514984135e+01,-2.2374927836e+01,1.9819503103e+02,2.0233959659e+02,-2.6516312448e+01,2.0233959659e+02,2.6516312448e+01,0.0000000000e+00,nan,nan,nan,nan,nan,nan
6.8624561558e-05,1.0930198315e-05,1.9676960688e+02,-2.8971986364e+01,-2.3625496424e+01,1.9735046639e+02,2.0051240012e+02,-2.7368289666e+01,2.0051240012e+02,2.7368289666e+01,0.0000000000e+00,nan,nan,nan,nan,nan,nan
6.2230263681e-05,1.2478527593e-05,1.8885989562e+02,-2.7023282450e+01,-2.5189670368e+01,1.9118694314e+02,1.9221694571e+02,-2.8546720462e+01,1.9221694571e+02,2.8546720462e+01,0.0000000000e+00,nan,nan,nan,nan,nan,nan
5.8475983284e-05,1.2446554623e-05,1.8790064207e+02,-2.5629002054e+01,-2.6496544225e+01,1.9090322782e+02,1.9092007889e+02,-2.9515981052e+01,1.9092007889e+02,2.9515981052e+01,0.0000000000e+00,nan,nan,nan,nan,nan,nan
5.4714736878e-05,1.2414398603e-05,1.8704309546e+02,-2.4299894979e+01,-2.7805260363e+01,1.9076246541e+02,1.8975567830e+02,-3.0517843208e+01,1.8975567830e+02,3.0517843208e+01,0.0000000000e+00,nan,nan,nan,nan,nan,nan
4.9678379746e-05,1.0795748862e-05,1.9153663625e+02,-2.2260690243e+01,-3.0047462728e+01,1.9573044005e+02,1.9374960901e+02,-3.2260435492e+01,1.9374960901e+02,3.2260435492e+01,0.0000000000e+00,nan,nan,nan,nan,nan,nan
4.5871297333e-05,1.0769035037e-05,1.9076396665e+02,-2.1089505130e+01,-3.1326065307e+01,1.9577161186e+02,1.9274774348e+02,-3.3309842138e+01,1.9274774348e+02,3.3309842138e+01,0.0000000000e+00,nan,nan,nan,nan,nan,nan
3.9602910845e-05,1.2287633324e-05,1.8438163509e+02,-1.9553089932e+01,-3.2952366752e+01,1.9123770388e+02,1.8612577398e+02,-3.4696505645e+01,1.8612577398e+02,3.4696505645e+01,0.0000000000e+00,nan,nan,nan,nan,nan,nan
3.5809347046e-05,1.2257203778e-05,1.8385871426e+02,-1.8490975990e+01,-3.4191051074e+01,1.9153178313e+02,1.8541475814e+02,-3.5747094954e+01,1.8541475814e+02,3.5747094954e+01,0.0000000000e+00,nan,nan,nan,nan,nan,nan
3.2010015407e-05,1.2227553401e-05,1.8337680980e+02,-1.7472058840e+01,-3.5400675064e+01,1.9186704979e+02,1.8476256021e+02,-3.6786425479e+01,1.8476256021e+02,3.6786425479e+01,0.0000000000e+00,nan,nan,nan,nan,nan,nan
2.6756945524e-05,1.0641671924e-05,1.8772775464e+02,-1.5910015616e+01,-3.7394260705e+01,1.9689807563e+02,1.8884590393e+02,-3.8512409999e+01,1.8884590393e+02,3.8512409999e+01,0.0000000000e+00,nan,nan,nan,nan,nan,nan
2.2919869343e-05,1.0618370872e-05,1.8723852148e+02,-1.4988689992e+01,-3.8510278613e+01,1.9721926470e+02,1.8822871700e+02,-3.9500474130e+01,1.8822871700e+02,3.9500474130e+01,0.0000000000e+00,nan,nan,nan,nan,nan,nan
1.6761372137e-05,1.2118782280e-05,1.8174572893e+02,-1.3764996237e+01,-3.9867383671e+01,1.9339680083e+02,1.8259686766e+02,-4.0718522390e+01,1.8259686766e+02,4.0718522390e+01,0.0000000000e+00,nan,nan,nan,nan,nan,nan
1.2937820052e-05,1.2094442996e-05,1.8139050690e+02,-1.2914949028e+01,-4.0874984247e+01,1.9378208558e+02,1.8213790060e+02,-4.1622377952e+01,1.8213790060e+02,4.1622377952e+01,0.0000000000e+00,nan,nan,nan,nan,nan,nan
9.1103923463e-06,1.2071343772e-05,1.8105018361e+02,-1.2089723381e+01,-4.1834262338e+01,1.9415525889e+02,1.8170355162e+02,-4.2487630346e+01,1.8170355162e+02,4.2487630346e+01,0.0000000000e+00,nan,nan,nan,nan,nan,nan
5.2793603426e-06,1.2049505990e-05,1.8072280402e+02,-1.1286575871e+01,-4.2743806078e+01,1.9451182534e+02,1.8129095369e+02,-4.3311955754e+01,1.8129095369e+02,4.3311955754e+01,0.0000000000e+00,nan,nan,nan,nan,nan,nan
-1.7964985608e-07,1.0499500605e-05,1.8477992940e+02,-1.0024152966e+01,-4.4253302225e+01,1.9910635223e+02,1.8521741965e+02,-4.4690792470e+01,1.8521741965e+02,4.4690792470e+01,0.0000000000e+00,nan,nan,nan,nan,nan,nan
-4.0398643664e-06,1.0483427346e-05,1.8442995039e+02,-9.2665889782e+00,-4.5036995221e+01,1.9937065373e+02,1.8480317819e+02,-4.5410223015e+01,1.8480317819e+02,4.5410223015e+01,0.0000000000e+00,nan,nan,nan,nan,nan,nan
-1.0074722559e-05,1.1974995256e-05,1.7952021762e+02,-8.2453888300e+00,-4.5872299745e+01,1.9571678211e+02,1.7982109577e+02,-4.6173177900e+01,1.7982109577e+02,4.6173177900e+01,0.0000000000e+00,nan,nan,nan,nan,nan,nan
-1.3919380114e-05,1.1959510739e-05,1.7924428629e+02,-7.5170185155e+00,-4.6527539514e+01,1.9595656389e+02,1.7949394830e+02,-4.6777201524e+01,1.7949394830e+02,4.6777201524e+01,0.0000000000e+00,nan,nan,nan,nan,nan,nan
-1.7765928336e-05,1.1945170496e-05,1.7897867857e+02,-6.7976411985e+00,-4.7133422820e+01,1.9617190256e+02,1.7918252863e+02,-4.7337272872e+01,1.7918252863e+02,4.7337272872e+01,0.0000000000e+00,nan,nan,nan,nan,nan,nan
-2.1614101068e-05,1.1932086777e-05,1.7872349294e+02,-6.0856640391e+00,-4.7691081010e+01,1.9636334499e+02,1.7888663606e+02,-4.7854224124e+01,1.7888663606e+02,4.7854224124e+01,0.0000000000e+00,nan,nan,nan,nan,nan,nan
-2.7240222893e-05,1.0408391282e-05,1.8263303626e+02,-4.9491915372e+00,-4.8695094423e+01,2.0051885332e+02,1.8273858486e+02,-4.8800643021e+01,1.8273858486e+02,4.8800643022e+01,0.0000000000e+00,nan,nan,nan,nan,nan,nan
-3.1111513820e-05,1.0399564430e-05,1.8238578526e+02,-4.2528216218e+00,-4.9140658319e+01,2.0064255399e+02,1.8246359603e+02,-4.9218469085e+01,1.8246359603e+02,4.9218469085e+01,0.0000000000e+00,nan,nan,nan,nan,nan,nan
-3.7019360486e-05,1.1890416173e-05,1.7782484830e+02,-3.2843912118e+00,-4.9468918893e+01,1.9692387660e+02,1.7787201787e+02,-4.9516088464e+01,1.7787201787e+02,4.9516088464e+01,0.0000000000e+00,nan,nan,nan,nan,nan,nan
-4.0872758158e-05,1.1882456426e-05,1.7763505525e+02,-2.5900639355e+00,-4.9808430372e+01,1.9702243957e+02,1.7766427096e+02,-4.9837646083e+01,1.7766427096e+02,4.9837646083e+01,0.0000000000e+00,nan,nan,nan,nan,nan,nan
-4.4726664202e-05,1.1875384764e-05,1.7746109220e+02,-1.8962346609e+00,-5.0109477956e+01,1.9710878884e+02,1.7747661942e+02,-5.0125005176e+01,1.7747661942e+02,5.0125005176e+01,0.0000000000e+00,nan,nan,nan,nan,nan,nan
-4.8580953055e-05,1.1869148042e-05,1.7730392742e+02,-1.2021120704e+00,-5.0373847036e+01,1.9718526222e+02,1.7731000441e+02,-5.0379924031e+01,1.7731000441e+02,5.0379924031e+01,0.0000000000e+00,nan,nan,nan,nan,nan,nan
-5.4350668688e-05,1.0361652316e-05,1.8128703478e+02,-1.0879230089e-01,-5.0974229105e+01,2.0114379359e+02,1.8128682621e+02,-5.0974020537e+01,1.8128682621e+02,5.0974020537e+01,0.0000000000e+00,nan,nan,nan,nan,nan,nan
-6.0144642279e-05,1.1855009139e-05,1.7694241839e+02,8.8880057718e-01,-5.0964331051e+01,1.9737857192e+02,1.7694561530e+02,-5.0967527960e+01,1.7694561530e+02,5.0967527960e+01,0.0000000000e+00,nan,nan,nan,nan,nan,nan
-6.3998997738e-05,1.1851677851e-05,1.7686151278e+02,1.5905792392e+00,-5.1099196797e+01,1.9743851800e+02,1.7687233951e+02,-5.1110023521e+01,1.7687233951e+02,5.1110023521e+01,0.0000000000e+00,nan,nan,nan,nan,nan,nan
-6.7853118540e-05,1.1848969061e-05,1.7680179481e+02,2.2956405568e+00,-5.1205717903e+01,1.9749985353e+02,1.7682463205e+02,-5.1228555147e+01,1.7682463205e+02,5.1228555147e+01,0.0000000000e+00,nan,nan,nan,nan,nan,nan
-7.1706910565e-05,1.1846842306e-05,1.7676405217e+02,3.0044507123e+00,-5.1285357987e+01,1.9756464937e+02,1.7680335059e+02,-5.1324656405e+01,1.7680335059e+02,5.1324656405e+01,0.0000000000e+00,nan,nan,nan,nan,nan,nan
-7.5560222921e-05,1.1845270518e-05,1.7674901367e+02,3.7174351143e+00,-5.1339495563e+01,1.9763486869e+02,1.7680930369e+02,-5.1399785598e+01,1.7680930371e+02,5.1399785596e+01,0.0000000000e+00,nan,nan,nan,nan,nan,nan
-8.1462231783e-05,1.0345176965e-05,1.8099245557e+02,4.8043569037e+00,-5.1655085912e+01,2.0164996761e+02,1.8109134791e+02,-5.1753978243e+01,1.8109134791e+02,5.1753978243e+01,0.0000000000e+00,nan,nan,nan,nan,nan,nan
-8.7116531265e-05,1.1843560412e-05,1.7684715551e+02,5.8855204387e+00,-5.1361331897e+01,1.9789655786e+02,1.7699854276e+02,-5.1512719141e+01,1.7699854276e+02,5.1512719142e+01,0.0000000000e+00,nan,nan,nan,nan,nan,nan
-9.0967171453e-05,1.1843904232e-05,1.7692982487e+02,6.6192145241e+00,-5.1325422615e+01,1.9800650021e+02,1.7712130732e+02,-5.1516905071e+01,1.7712130732e+02,5.1516905071e+01,0.0000000000e+00,nan,nan,nan,nan,nan,nan
-9.4816917468e-05,1.1844668354e-05,1.7703851620e+02,7.3590267511e+00,-5.1269512590e+01,1.9813042450e+02,1.7727515572e+02,-5.1506152113e+01,1.7727515572e+02,5.1506152113e+01,0.0000000000e+00,nan,nan,nan,nan,nan,nan
-9.8665753981e-05,1.1845832068e-05,1.7717384909e+02,8.1053389891e+00,-5.1194409788e+01,1.9826979357e+02,1.7746083834e+02,-5.1481399037e+01,1.7746083834e+02,5.1481399037e+01,0.0000000000e+00,nan,nan,nan,nan,nan,nan
-1.0251362236e-04,1.1847375331e-05,1.7733643532e+02,8.8585304995e+00,-5.1100824531e+01,1.9842599226e+02,1.7767910544e+02,-5.1443494652e+01,1.7767910544e+02,5.1443494652e+01,0.0000000000e+00,nan,nan,nan,nan,nan,nan
-1.0854502869e-04,1.0349022971e-05,1.8198110783e+02,9.9618192763e+00,-5.1216035208e+01,2.0268979418e+02,1.8240554354e+02,-5.1640470923e+01,1.8240554354e+02,5.1640470923e+01,0.0000000000e+00,nan,nan,nan,nan,nan,nan
-1.1405040025e-04,1.1854193798e-05,1.7799361947e+02,1.1163190342e+01,-5.0714794923e+01,1.9900815041e+02,1.7853682148e+02,-5.1257996935e+01,1.7853682148e+02,5.1257996935e+01,0.0000000000e+00,nan,nan,nan,nan,nan,nan
-1.1789356258e-04,1.1857158381e-05,1.7827121717e+02,1.1947809803e+01,-5.0552407105e+01,1.9924398866e+02,1.7889297552e+02,-5.1174165451e+01,1.7889297552e+02,5.1174165451e+01,0.0000000000e+00,nan,nan,nan,nan,nan,nan
-1.2173534743e-04,1.1860465584e-05,1.7857911349e+02,1.2741338114e+01,-5.0373605249e+01,1.9950251102e+02,1.7928558256e+02,-5.1080074326e+01,1.7928558256e+02,5.1080074326e+01,0.0000000000e+00,nan,nan,nan,nan,nan,nan
-1.2557568645e-04,1.1864040169e-05,1.7891818300e+02,1.3544233420e+01,-5.0178521469e+01,1.9978492659e+02,1.7971571191e+02,-5.0976050384e+01,1.7971571191e+02,5.0976050384e+01,0.0000000000e+00,nan,nan,nan,nan,nan,nan
-1.3171950757e-04,1.0364362880e-05,1.8400949211e+02,1.4680440688e+01,-5.0152989580e+01,2.0437779524e+02,1.8492582636e+02,-5.1069323835e+01,1.8492582636e+02,5.1069323835e+01,0.0000000000e+00,nan,nan,nan,nan,nan,nan
-1.3557739682e-04,1.0367934900e-05,1.8446463982e+02,1.5500782537e+01,-4.9918512524e+01,2.0474884594e+02,1.8548486497e+02,-5.0938737671e+01,1.8548486497e+02,5.0938737671e+01,0.0000000000e+00,nan,nan,nan,nan,nan,nan
-1.4092121908e-04,1.1882129132e-05,1.8059712931e+02,1.6859858207e+01,-4.9233819660e+01,2.0116933821e+02,1.8182682639e+02,-5.0463516744e+01,1.8182682639e+02,5.0463516744e+01,0.0000000000e+00,nan,nan,nan,nan,nan,nan
-1.4475320391e-04,1.1887531177e-05,1.8110163366e+02,1.7717606313e+01,-4.8955307252e+01,2.0158374883e+02,1.8245759485e+02,-5.0311268444e+01,1.8245759485e+02,5.0311268444e+01,0.0000000000e+00,nan,nan,nan,nan,nan,nan
-1.4858324279e-04,1.1893318422e-05,1.8164166560e+02,1.8588165123e+01,-4.8658949450e+01,2.0202707441e+02,1.8313174387e+02,-5.0149027718e+01,1.8313174387e+02,5.0149027718e+01,0.0000000000e+00,nan,nan,nan,nan,nan,nan
-1.5241122602e-04,1.1899506638e-05,1.8221811732e+02,1.9472252773e+01,-4.8344082238e+01,2.0250007016e+02,1.8385048756e+02,-4.9976452479e+01,1.8385048756e+02,4.9976452479e+01,0.0000000000e+00,nan,nan,nan,nan,nan,nan
-1.5869104971e-04,1.0395450412e-05,1.8797917733e+02,2.0678002727e+01,-4.8143921439e+01,2.0760027115e+02,1.8977570038e+02,-4.9940444487e+01,1.8977570038e+02,4.9940444487e+01,0.0000000000e+00,nan,nan,nan,nan,nan,nan
-1.6388155288e-04,1.1920723685e-05,1.8417541528e+02,2.2213637398e+01,-4.7279669980e+01,2.0410396000e+02,1.8628734890e+02,-4.9391603595e+01,1.8628734890e+02,4.9391603595e+01,0.0000000000e+00,nan,nan,nan,nan,nan,nan
-1.6770075219e-04,1.1927212965e-05,1.8491229669e+02,2.3159969908e+01,-4.6881552250e+01,2.0470689086e+02,1.8720295076e+02,-4.9172206325e+01,1.8720295076e+02,4.9172206325e+01,0.0000000000e+00,nan,nan,nan,nan,nan,nan
2.6728100725e-04,1.7147047983e-05,2.4360675281e+01,-1.8625342934e+01,-1.0925690120e+01,4.4431490231e+01,3.2370025426e+01,-1.8935040265e+01,3.2370028637e+01,1.8935040265e+01,0.0000000000e+00,nan,nan,nan,nan,nan,nan
2.7129462994e-04,1.7333522000e-05,2.4090658620e+01,-1.9327040413e+01,-9.8003416556e+00,4.4516511389e+01,3.2846778316e+01,-1.8556461352e+01,3.2846779206e+01,1.8556461352e+01,0.0000000000e+00,nan,nan,nan,nan,nan,nan
2.5513278933e-04,1.6444703232e-05,2.5377926186e+01,-1.6543846752e+01,-1.3539675622e+01,4.4236260643e+01,3.1458942272e+01,-1.9620691708e+01,3.1458942215e+01,1.9620691708e+01,0.0000000000e+00,nan,nan,nan,nan,nan,nan
2.4299038089e-04,1.5581281275e-05,2.9825730542e+01,-1.7004030365e+01,-1.3666072320e+01,4.7812771020e+01,3.5684545330e+01,-1.9524887108e+01,3.5684545348e+01,1.9524887108e+01,0.0000000000e+00,nan,nan,nan,nan,nan,nan
-1.7151632572e-04,1.1936388963e-05,1.8568361947e+02,2.4124515289e+01,-4.6458918190e+01,2.0533638073e+02,1.8816336533e+02,-4.8938664051e+01,1.8816336533e+02,4.8938664051e+01,0.0000000000e+00,nan,nan,nan,nan,nan,nan
1.9931679027e-04,1.2471605211e-05,6.6810562153e+01,-2.2589374916e+01,-1.3918661153e+01,8.0119926321e+01,7.2703211529e+01,-1.9811310529e+01,7.2703211529e+01,1.9811310529e+01,0.0000000000e+00,nan,nan,nan,nan,nan,nan
1.7170065680e-04,1.0929123938e-05,1.0750619051e+02,-2.7503093461e+01,-1.5110189168e+01,1.1638954508e+02,1.1339553585e+02,-2.0999534516e+01,1.1339553585e+02,2.0999534516e+01,0.0000000000e+00,nan,nan,nan,nan,nan,nan
-1.4419447215e-04,7.7411319403e-05,3.1992879228e+01,1.6009758624e+01,-3.3475799722e+01,6.3113521348e+01,3.5697148293e+01,-3.7180068787e+01,3.5697148293e+01,3.7180068787e+01,0.0000000000e+00,nan,nan,nan,nan,nan,nan
1.1331639276e-04,8.2854025711e-05,4.0020931477e+00,-2.1098756683e-01,-2.2904357171e+01,2.3308301213e+01,4.0059219681e+00,-2.2908185992e+01,4.0029827130e+00,2.2908185992e+01,0.0000000000e+00,nan,nan,nan,nan,nan,nan
9.5902005845e-05,7.7827179893e-05,1.0919251910e+01,-1.2787855392e+00,-2.2733188664e+01,2.9232527824e+01,1.0970439431e+01,-2.2784376185e+01,1.0970411712e+01,2.2784376185e+01,0.0000000000e+00,nan,nan,nan,nan,nan,nan
-1.8514405756e-05,9.9964099235e-05,2.8727148268e+00,-5.4780025138e+00,-3.5787550629e+01,3.4798228889e+01,3.6333489157e+00,-3.6548184718e+01,3.6902081736e+00,3.6548184718e+01,0.0000000000e+00,nan,nan,nan,nan,nan,nan
1.1612694343e-04,3.9652125120e-05,4.9128087866e+01,-1.2085648514e+01,-2.0866537503e+01,6.4131823823e+01,5.1157300929e+01,-2.2895750567e+01,5.1157300929e+01,2.2895750567e+01,0.0000000000e+00,nan,nan,nan,nan,nan,nan
1.5063863539e-04,4.4592667477e-05,2.9230441058e+01,-8.6884111987e+00,-1.8762799965e+01,4.4203857170e+01,3.0754929382e+01,-2.0287288290e+01,3.0754929383e+01,2.0287288290e+01,0.0000000000e+00,nan,nan,nan,nan,nan,nan
2.6931535410e-04,6.3520303325e-05,-2.7949065942e+00,-6.9076830965e+00,-1.1588326124e+01,1.4180657404e+01,9.9559001017e-01,-1.5378822729e+01,9.9308839412e-01,1.5378822729e+01,0.0000000000e+00,nan,nan,nan,nan,nan,nan
1.6763471562e-04,7.3798239227e-05,1.7892167944e+00,-4.5209536850e+00,-1.5933961875e+01,1.7237395189e+01,2.8796422124e+00,-1.7024387293e+01,2.8576801922e+00,1.7024387293e+01,0.0000000000e+00,nan,nan,nan,nan,nan,nan
-1.8173180217e-04,1.0435860450e-05,1.9301855260e+02,2.6416720322e+01,-4.5601698155e+01,2.1165440989e+02,1.9590715775e+02,-4.8490303300e+01,1.9590715775e+02,4.8490303300e+01,0.0000000000e+00,nan,nan,nan,nan,nan,nan
-1.8556239001e-04,1.0445304217e-05,1.9402409869e+02,2.7443763739e+01,-4.5080698092e+01,2.1245495259e+02,1.9713262437e+02,-4.8189223769e+01,1.9713262437e+02,4.8189223769e+01,0.0000000000e+00,nan,nan,nan,nan,nan,nan
-2.0847041499e-04,1.0518416144e-05,2.0120211413e+02,3.4170330933e+01,-4.1126874414e+01,2.1804646587e+02,2.0592680563e+02,-4.5851565907e+01,2.0592680563e+02,4.5851565907e+01,0.0000000000e+00,nan,nan,nan,nan,nan,nan
-1.7638527166e-04,7.3463039919e-05,3.2343504761e+01,2.2505412644e+01,-3.0262968490e+01,6.6774538711e+01,3.9592566035e+01,-3.7512029764e+01,3.9592566035e+01,3.7512029764e+01,0.0000000000e+00,nan,nan,nan,nan,nan,nan
-2.3838479806e-04,5.7654434794e-05,4.0836129186e+01,3.6931165271e+01,-2.0019940658e+01,8.2876015690e+01,5.8256584232e+01,-3.7440395704e+01,5.8256584232e+01,3.7440395704e+01,0.0000000000e+00,nan,nan,nan,nan,nan,nan
1.7959834498e-04,1.1322439932e-05,9.4104865321e+01,-2.5826291081e+01,-1.4745213807e+01,1.0434635303e+02,9.9924220767e+01,-2.0564569253e+01,9.9924220767e+01,2.0564569253e+01,0.0000000000e+00,nan,nan,nan,nan,nan,nan
-1.8181818510e-04,3.9793658740e-05,1.0188228605e+02,2.9303685109e+01,-3.7134843337e+01,1.3065151377e+02,1.0780540800e+02,-4.3057965293e+01,1.0780540800e+02,4.3057965293e+01,0.0000000000e+00,nan,nan,nan,nan,nan,nan
-1.5035952569e-04,9.1797596630e-05,1.2831241247e+01,1.5060319729e+01,-3.0507459933e+01,4.5704854102e+01,1.7549600476e+01,-3.5225819162e+01,1.7549601104e+01,3.5225819162e+01,0.0000000000e+00,nan,nan,nan,nan,nan,nan
2.0720545243e-04,1.2987688488e-05,5.7937071416e+01,-2.1473058063e+01,-1.3697547568e+01,7.2334337541e+01,6.3882011175e+01,-1.9642487327e+01,6.3882011175e+01,1.9642487327e+01,0.0000000000e+00,nan,nan,nan,nan,nan,nan
-2.0272164063e-04,3.5114725548e-05,1.1403898165e+02,3.5725765757e+01,-3.4383842713e+01,1.4265383410e+02,1.2218879899e+02,-4.2533660051e+01,1.2218879899e+02,4.2533660051e+01,0.0000000000e+00,nan,nan,nan,nan,nan,nan
2.3497128518e-04,1.4983345785e-05,3.4376653063e+01,-1.7839796833e+01,-1.3580363118e+01,5.1766061502e+01,4.0285294516e+01,-1.9489004571e+01,4.0285294501e+01,1.9489004571e+01,0.0000000000e+00,nan,nan,nan,nan,nan,nan
2.9962025616e-04,5.7901427520e-05,-2.0538377917e+00,-9.2763536428e+00,-8.2038669514e+00,1.6924925829e+01,4.6427581118e+00,-1.4900462855e+01,4.6427580717e+00,1.4900462855e+01,0.0000000000e+00,nan,nan,nan,nan,nan,nan
-2.7212390979e-04,4.9339149863e-05,4.5035352892e+01,4.1215696127e+01,-9.8050412345e+00,8.5733233419e+01,6.7113261221e+01,-3.1882949564e+01,6.7113261221e+01,3.1882949564e+01,0.0000000000e+00,nan,nan,nan,nan,nan,nan
1.4529784949e-04,8.9879018857e-05,-2.5503026786e+00,-2.3690687025e+00,-1.6619010525e+01,1.2862811300e+01,-2.1583090355e+00,-1.7011004169e+01,4.2385739545e-02,1.7011004169e+01,0.0000000000e+00,nan,nan,nan,nan,nan,nan
2.5039379400e-04,6.6867476458e-05,-3.4903235927e+00,-5.4743112384e+00,-1.3125342810e+01,1.2628521998e+01,-1.0167526267e+00,-1.5598913776e+01,-2.1242489191e-03,1.5598913776e+01,0.0000000000e+00,nan,nan,nan,nan,nan,nan
-3.2814237438e-04,2.1595541308e-05,8.2259572801e+01,4.5677215244e+01,3.9663969307e+00,1.0419779384e+02,1.0327160919e+02,-1.7045639455e+01,1.0327160919e+02,1.7045639446e+01,0.0000000000e+00,nan,nan,nan,nan,nan,nan
-1.8442488020e-04,5.4474547874e-05,6.5845954958e+01,2.8128286037e+01,-3.2839727485e+01,9.8372974118e+01,7.3298776824e+01,-4.0292549352e+01,7.3298776824e+01,4.0292549352e+01,0.0000000000e+00,nan,nan,nan,nan,nan,nan
-1.3198583305e-04,1.0498573420e-04,1.3645735824e+00,1.1189890099e+01,-3.0292160831e+01,3.3572260104e+01,4.9191597842e+00,-3.3846747033e+01,4.9170093562e+00,3.3846747033e+01,0.0000000000e+00,nan,nan,nan,nan,nan,nan
-1.7584547058e-04,3.4482474259e-05,1.1672550043e+02,2.7786263949e+01,-3.9607368445e+01,1.4368575033e+02,1.2151607263e+02,-4.4397940638e+01,1.2151607263e+02,4.4397940638e+01,0.0000000000e+00,nan,nan,nan,nan,nan,nan
-1.7242915096e-04,3.4424012817e-05,1.1689897695e+02,2.6817115799e+01,-4.0131016322e+01,1.4370353533e+02,1.2135125512e+02,-4.4583294491e+01,1.2135125512e+02,4.4583294491e+01,0.0000000000e+00,nan,nan,nan,nan,nan,nan
-1.8085849751e-04,3.1186799901e-05,1.2632458999e+02,2.9205498780e+01,-3.9777623554e+01,1.5248170352e+02,1.3130883579e+02,-4.4761869357e+01,1.3130883579e+02,4.4761869357e+01,0.0000000000e+00,nan,nan,nan,nan,nan,nan
-1.8430884376e-04,3.1243473763e-05,1.2623440472e+02,3.0226046321e+01,-3.9192251075e+01,1.5252743589e+02,1.3158283299e+02,-4.4540679345e+01,1.3158283299e+02,4.4540679345e+01,0.0000000000e+00,nan,nan,nan,nan,nan,nan
-1.2160823766e-04,3.5512977453e-05,1.1398919723e+02,1.3655305592e+01,-4.5017620415e+01,1.3971925131e+02,1.1515273576e+02,-4.6181158944e+01,1.1515273576e+02,4.6181158944e+01,0.0000000000e+00,nan,nan,nan,nan,nan,nan
-1.8174153487e-04,6.3932304950e-05,4.7376642886e+01,2.5631101908e+01,-3.1214483823e+01,8.1258070605e+01,5.4995448469e+01,-3.8833289406e+01,5.4995448469e+01,3.8833289406e+01,0.0000000000e+00,nan,nan,nan,nan,nan,nan
3.4108744525e-04,5.2688071957e-05,-2.6876049925e+00,-1.2301313175e+01,3.6610425175e-01,2.1465554128e+01,1.1232393084e+01,-1.3553893824e+01,1.1232393084e+01,1.3553893824e+01,0.0000000000e+00,nan,nan,nan,nan,nan,nan
3.1036409730e-04,5.2188507731e-05,-1.7646088151e+00,-1.0137755470e+01,-6.8972263612e+00,1.8110671365e+01,6.1252833992e+00,-1.4787118576e+01,6.1252834001e+00,1.4787118576e+01,0.0000000000e+00,nan,nan,nan,nan,nan,nan
2.7871669487e-04,7.2488825346e-05,-2.6969252869e+00,-7.8633478250e+00,-9.8526527710e+00,1.4961835494e+01,2.3634307208e+00,-1.4913008779e+01,2.3634280097e+00,1.4913008779e+01,0.0000000000e+00,nan,nan,nan,nan,nan,nan
1.7984374691e-04,1.0145332946e-04,-7.4015111788e+00,-1.2045989961e+00,-1.6496243905e+01,8.1445494743e+00,-7.2466197105e+00,-1.6651135373e+01,-4.5271681419e-06,1.6651135373e+01,0.0000000000e+00,nan,nan,nan,nan,nan,nan
2.4916102936e-04,1.0633389663e-04,-3.0588864216e+00,-6.7749319692e+00,-1.0505209799e+01,1.3389154787e+01,9.4818401020e-01,-1.4512280231e+01,9.4607870666e-01,1.4512280231e+01,0.0000000000e+00,nan,nan,nan,nan,nan,nan
1.5559116030e-04,1.1421240854e-04,-8.7377868409e+00,-6.3963397222e-01,-1.6938755797e+01,7.1917222906e+00,-8.6861285186e+00,-1.6990414119e+01,4.0890557827e-07,1.6990414119e+01,0.0000000000e+00,nan,nan,nan,nan,nan,nan
-1.1731553497e-04,8.6051353070e-05,2.2934181192e+01,1.0262104501e+01,-3.4206106378e+01,5.2578722336e+01,2.4720376902e+01,-3.5992302087e+01,2.4720376898e+01,3.5992302087e+01,0.0000000000e+00,nan,nan,nan,nan,nan,nan
3.3440286871e-04,5.9437234243e-05,-2.8428249953e+00,-1.1602052094e+01,-1.1893907653e+00,2.0142730980e+01,9.6133032734e+00,-1.3645519034e+01,9.6133032734e+00,1.3645519034e+01,0.0000000000e+00,nan,nan,nan,nan,nan,nan
1.3742308297e-04,1.1035536414e-04,-7.7562881746e+00,-4.8350756371e-01,-1.6982359946e+01,8.0433668527e+00,-7.7254840428e+00,-1.7013164078e+01,3.2721333254e-06,1.7013164078e+01,0.0000000000e+00,nan,nan,nan,nan,nan,nan
9.9414289571e-05,2.1533008828e-05,1.3393637361e+02,-3.1792730135e+01,-1.6415771408e+01,1.4137716108e+02,1.4038444311e+02,-2.2863840908e+01,1.4038444311e+02,2.2863840908e+01,0.0000000000e+00,nan,nan,nan,nan,nan,nan
8.5018529414e-05,2.1104349415e-05,1.5313394238e+02,-3.5212271029e+01,-1.5811772752e+01,1.5851544875e+02,1.6018002182e+02,-2.2857852191e+01,1.6018002182e+02,2.2857852191e+01,0.0000000000e+00,nan,nan,nan,nan,nan,nan
7.0905955011e-05,2.0830660421e-05,1.6008106089e+02,-3.3122583076e+01,-1.8293178757e+01,1.6477746103e+02,1.6602825254e+02,-2.4240370414e+01,1.6602825254e+02,2.4240370414e+01,0.0000000000e+00,nan,nan,nan,nan,nan,nan
3.1097716212e-04,3.4147532361e-05,-1.1216724987e+00,-9.9516498570e+00,-8.5052121781e+00,1.8382249145e+01,5.7995541536e+00,-1.5426438830e+01,5.7995541522e+00,1.5426438830e+01,0.0000000000e+00,nan,nan,nan,nan,nan,nan
2.7596847471e-05,2.0096127436e-05,1.5773848650e+02,-1.7064463723e+01,-3.4726491037e+01,1.6927835303e+02,1.5923890042e+02,-3.6226904960e+01,1.5923890042e+02,3.6226904960e+01,0.0000000000e+00,nan,nan,nan,nan,nan,nan
9.1405607099e-06,1.9858569976e-05,1.5767964956e+02,-1.2661235543e+01,-4.0150682867e+01,1.7272299038e+02,1.5848614833e+02,-4.0957181645e+01,1.5848614833e+02,4.0957181645e+01,0.0000000000e+00,nan,nan,nan,nan,nan,nan
1.1689093861e-04,1.0513808756e-04,-5.6096998984e+00,7.9888079377e-01,-1.9817620012e+01,1.2363177526e+01,-5.5757760825e+00,-1.9851543828e+01,2.4015806963e-05,1.9851543828e+01,0.0000000000e+00,nan,nan,nan,nan,nan,nan
-1.4048410942e-04,1.9562899623e-05,1.5771399899e+02,1.7602649198e+01,-4.7495733323e+01,1.8031210389e+02,1.5921237455e+02,-4.8994108884e+01,1.5921237455e+02,4.8994108884e+01,0.0000000000e+00,nan,nan,nan,nan,nan,nan
-2.3118714339e-04,1.0638581724e-05,2.1039066854e+02,4.2230863876e+01,-3.4992238832e+01,2.2474018973e+02,2.1745302389e+02,-4.2054594187e+01,2.1745302389e+02,4.2054594187e+01,0.0000000000e+00,nan,nan,nan,nan,nan,nan
1.2790284435e-04,8.7410704452e-05,-7.6803957641e-02,-1.2025677415e+00,-1.9410461005e+01,1.6865050596e+01,-6.5909796543e-03,-1.9480673983e+01,-3.3051085343e-03,1.9480673983e+01,0.0000000000e+00,nan,nan,nan,nan,nan,nan
3.3784076262e-04,2.9477861075e-05,-5.7329320355e-01,-1.2912913173e+01,-2.5392023809e+00,2.2426184991e+01,1.1391516149e+01,-1.4504011733e+01,1.1391516149e+01,1.4504011734e+01,0.0000000000e+00,nan,nan,nan,nan,nan,nan
9.5234561925e-05,1.1397618158e-04,-7.2595968741e+00,3.7966589462e+00,-2.1625492190e+01,1.4088495101e+01,-6.3085480927e+00,-2.2576540971e+01,-1.0639591327e-05,2.2576540996e+01,0.0000000000e+00,nan,nan,nan,nan,nan,nan
1.1784798218e-04,1.1868541443e-04,-9.0504128434e+00,1.3343292551e-02,-1.7049689205e+01,6.9511250462e+00,-9.0368171076e+00,-1.7063284941e+01,3.5130958134e-07,1.7063284941e+01,0.0000000000e+00,nan,nan,nan,nan,nan,nan
1.2120006299e-04,1.2032863974e-04,-9.5870612853e+00,3.6889439120e-04,-1.6985882079e+01,6.4260740196e+00,-9.5763761169e+00,-1.6996567247e+01,-7.4459423592e-08,1.6996567247e+01,0.0000000000e+00,nan,nan,nan,nan,nan,nan
-3.0187301379e-04,2.0600410389e-05,1.2548865819e+02,5.6677888797e+01,5.4718250341e+00,1.4297110087e+02,1.4802464519e+02,-1.7064161961e+01,1.4802464519e+02,1.7064161961e+01,0.0000000000e+00,nan,nan,nan,nan,nan,nan
-2.9301029470e-04,4.4793620130e-05,5.3279727400e+01,3.4064699329e+01,-1.8503256515e+00,7.5889889521e+01,6.9529749018e+01,-1.8100347269e+01,6.9529749018e+01,1.8100347269e+01,0.0000000000e+00,nan,nan,nan,nan,nan,nan
-2.6277871142e-04,4.4458524884e-05,6.5443629054e+01,4.4796548801e+01,-1.2656506533e+01,1.0292528980e+02,8.5817505032e+01,-3.3030382511e+01,8.5817505032e+01,3.3030382511e+01,0.0000000000e+00,nan,nan,nan,nan,nan,nan
-2.0744590820e-04,3.0020524331e-05,1.3040641980e+02,3.7396232278e+01,-3.4867414489e+01,1.5710192151e+02,1.3847233933e+02,-4.2933334016e+01,1.3847233933e+02,4.2933334016e+01,0.0000000000e+00,nan,nan,nan,nan,nan,nan
-2.1082093981e-04,3.0109622744e-05,1.3006577820e+02,3.8487405632e+01,-3.3995099146e+01,1.5693872725e+02,1.3864395595e+02,-4.2573276898e+01,1.3864395595e+02,4.2573276898e+01,0.0000000000e+00,nan,nan,nan,nan,nan,nan
-2.5394486741e-04,5.3978684436e-05,4.1878345217e+01,3.9663635987e+01,-1.5781070459e+01,8.4922820171e+01,6.2078850465e+01,-3.5981575707e+01,6.2078850465e+01,3.5981575707e+01,0.0000000000e+00,nan,nan,nan,nan,nan,nan
-3.3496131328e-04,1.6355012693e-05,1.0022925133e+02,5.2396969466e+01,6.4010554272e+00,1.2181048849e+02,1.2364247170e+02,-1.7012164946e+01,1.2364247170e+02,1.7012164785e+01,0.0000000000e+00,nan,nan,nan,nan,nan,nan
-3.2508301003e-04,2.0699903247e-05,9.3343982309e+01,4.9214451225e+01,4.9187440417e+00,1.1458833067e+02,1.1528896673e+02,-1.7026240381e+01,1.1528896673e+02,1.7026240380e+01,0.0000000000e+00,nan,nan,nan,nan,nan,nan
-3.3161113256e-04,1.5646998266e-05,1.0532157664e+02,5.3110566212e+01,6.0485305180e+00,1.2591007499e+02,1.2837926927e+02,-1.7009162108e+01,1.2837926927e+02,1.7009162162e+01,0.0000000000e+00,nan,nan,nan,nan,nan,nan
-1.7279818922e-04,9.5882642822e-05,4.0342500644e+00,1.6778931753e+01,-2.7886025050e+01,4.0107123017e+01,1.1229970777e+01,-3.5081745763e+01,1.1230003586e+01,3.5081745763e+01,0.0000000000e+00,nan,nan,nan,nan,nan,nan
2.4109181814e-04,1.3377737811e-04,-1.4376548916e+00,-6.9114268293e+00,-9.9838179126e+00,1.4073565664e+01,2.4146405222e+00,-1.3836113326e+01,2.4146282720e+00,1.3836113326e+01,0.0000000000e+00,nan,nan,nan,nan,nan,nan
3.5231314740e-04,5.4461204041e-05,-3.8989082348e+00,-1.2247489598e+01,3.8304503812e+00,2.2238667087e+01,1.2805271502e+01,-1.2873729356e+01,1.2805271502e+01,1.2873729356e+01,0.0000000000e+00,nan,nan,nan,nan,nan,nan
3.5559751094e-04,5.0978597188e-05,-3.8983494285e+00,-1.2565735633e+01,5.0018876588e+00,2.3082619082e+01,1.3878525456e+01,-1.2774987225e+01,1.3878525456e+01,1.2774987226e+01,0.0000000000e+00,nan,nan,nan,nan,nan,nan
2.1889359502e-04,1.4264347091e-04,-5.4651680357e-01,-6.3890712475e+00,-1.0970772897e+01,1.4280744666e+01,2.4863469270e+00,-1.4003636627e+01,2.4863805955e+00,1.4003636627e+01,0.0000000000e+00,nan,nan,nan,nan,nan,nan
-1.7544747536e-04,9.6178450956e-05,3.0797751251e+00,1.6914296496e+01,-2.7603873763e+01,3.9549974654e+01,1.0572139194e+01,-3.5096237832e+01,1.0572165796e+01,3.5096237832e+01,0.0000000000e+00,nan,nan,nan,nan,nan,nan
-2.7227907198e-04,6.2238450221e-05,7.8115108410e+00,3.2852500356e+01,-1.1532576420e+01,5.9299724292e+01,3.2376178935e+01,-3.6097244619e+01,3.2376178940e+01,3.6097244614e+01,0.0000000000e+00,nan,nan,nan,nan,nan,nan
1.7293540520e-04,1.5062007459e-04,2.5115050701e-01,-5.1024601919e+00,-1.2911432761e+01,1.4422584798e+01,1.9967420883e+00,-1.4657024342e+01,2.0062683450e+00,1.4657024342e+01,0.0000000000e+00,nan,nan,nan,nan,nan,nan
2.0369058516e-04,1.4567769707e-04,-2.1041229095e-01,-6.0204755438e+00,-1.1625590554e+01,1.4368193981e+01,2.3774792405e+00,-1.4213482085e+01,2.3778512355e+00,1.4213482085e+01,0.0000000000e+00,nan,nan,nan,nan,nan,nan
-2.9002504829e-04,5.4510379836e-05,1.9506033622e+01,3.4964492842e+01,-6.6611919434e+00,6.4625128041e+01,4.3733755910e+01,-3.0888914232e+01,4.3733755910e+01,3.0888914232e+01,0.0000000000e+00,nan,nan,nan,nan,nan,nan
3.6334242946e-04,1.9706306866e-05,5.2280133107e-01,-1.5468914479e+01,7.7254329120e+00,2.7503342376e+01,2.0003179246e+01,-1.1754945003e+01,2.0003179246e+01,1.1754947161e+01,0.0000000000e+00,nan,nan,nan,nan,nan,nan
3.6713174186e-04,1.9942085402e-05,5.3854114479e-01,-1.5894904420e+01,9.9928584021e+00,2.8714684707e+01,2.1844130719e+01,-1.1312731172e+01,2.1844130719e+01,1.1312713781e+01,0.0000000000e+00,nan,nan,nan,nan,nan,nan
3.2345471580e-04,1.7500312912e-05,-1.0368205819e+00,-1.0901479570e+01,-7.9114144918e+00,1.9796298807e+01,6.9552809085e+00,-1.5903515982e+01,6.9552809085e+00,1.5903515982e+01,0.0000000000e+00,nan,nan,nan,nan,nan,nan
3.2016085081e-04,2.0792174406e-05,-9.2432800307e-01,-1.0629549877e+01,-8.2015793955e+00,1.9457314232e+01,6.6707319103e+00,-1.5796639309e+01,6.6707319102e+00,1.5796639309e+01,0.0000000000e+00,nan,nan,nan,nan,nan,nan
3.1934096082e-04,1.7168724913e-05,-1.1266638409e+00,-1.0487404716e+01,-8.7304871639e+00,1.9318956401e+01,6.2252291761e+00,-1.6082380181e+01,6.2252291762e+00,1.6082380181e+01,0.0000000000e+00,nan,nan,nan,nan,nan,nan
2.9457612759e-04,1.5190857839e-05,1.7439139584e+01,-1.7706154801e+01,-7.9318038989e+00,3.7736252280e+01,2.6540703255e+01,-1.7033367570e+01,2.6540703197e+01,1.7033367570e+01,0.0000000000e+00,nan,nan,nan,nan,nan,nan
2.9055275672e-04,1.5059583872e-05,2.1180706223e+01,-1.9669904109e+01,-7.0146286268e+00,4.1914617447e+01,3.1282454464e+01,-1.7116376868e+01,3.1282454316e+01,1.7116376868e+01,0.0000000000e+00,nan,nan,nan,nan,nan,nan
2.9864624416e-04,1.5378240814e-05,1.0677104230e+01,-1.4615934745e+01,-9.3080602577e+00,3.0694060747e+01,1.8405746221e+01,-1.7036702248e+01,1.8405746258e+01,1.7036702248e+01,0.0000000000e+00,nan,nan,nan,nan,nan,nan
-3.4201407551e-04,3.1176099119e-05,5.1258093246e+01,3.5359711157e+01,3.4661448593e+00,7.3882553416e+01,7.0018231156e+01,-1.5293993050e+01,7.0018231156e+01,1.5293993585e+01,0.0000000000e+00,nan,nan,nan,nan,nan,nan
-3.0401053934e-04,4.8665626235e-05,4.4965190984e+01,2.9265404175e+01,-2.7674424312e+00,6.5388977722e+01,5.8851218166e+01,-1.6653469613e+01,5.8851218166e+01,1.6653469613e+01,0.0000000000e+00,nan,nan,nan,nan,nan,nan
3.7156693361e-04,2.8630882862e-05,-2.2946805876e+00,-1.5273450379e+01,1.3239545392e+01,2.9665415282e+01,2.2599767901e+01,-1.1654903096e+01,2.2599767901e+01,1.1654903486e+01,0.0000000000e+00,nan,nan,nan,nan,nan,nan
3.1952348499e-04,9.1470055819e-05,-3.7317392119e+00,-9.5034716788e+00,-3.4190926901e+00,1.6460830981e+01,5.9282492468e+00,-1.3079081149e+01,5.9282492468e+00,1.3079081149e+01,0.0000000000e+00,nan,nan,nan,nan,nan,nan
3.1616638568e-04,9.4622328075e-05,-3.6505311307e+00,-9.3214966436e+00,-3.8821193779e+00,1.6144827944e+01,5.5548955050e+00,-1.3087546014e+01,5.5548955050e+00,1.3087546014e+01,0.0000000000e+00,nan,nan,nan,nan,nan,nan
-1.9074346112e-04,7.4290722058e-06,2.0569222979e+02,2.7921902025e+01,-4.5148739493e+01,2.2255115014e+02,2.0876171159e+02,-4.8218221293e+01,2.0876171159e+02,4.8218221293e+01,0.0000000000e+00,nan,nan,nan,nan,nan,nan
-2.1782482734e-04,7.4907658925e-06,2.1625502279e+02,3.5908059338e+01,-3.9984944192e+01,2.3045828292e+02,2.2119019098e+02,-4.4920112382e+01,2.2119019098e+02,4.4920112382e+01,0.0000000000e+00,nan,nan,nan,nan,nan,nan
-2.4478757005e-04,7.6023878084e-06,2.3111873265e+02,4.6222931941e+01,-3.0896802769e+01,2.4061656106e+02,2.3903100124e+02,-3.8809071359e+01,2.3903100124e+02,3.8809071359e+01,0.0000000000e+00,nan,nan,nan,nan,nan,nan
-2.4859262913e-04,7.6278545907e-06,2.3354531134e+02,4.7993203595e+01,-2.9059620812e+01,2.4213289361e+02,2.4203833657e+02,-3.7552646040e+01,2.4203833657e+02,3.7552646040e+01,0.0000000000e+00,nan,nan,nan,nan,nan,nan
-2.5238057316e-04,7.6630439519e-06,2.3596632798e+02,4.9865923547e+01,-2.7032572374e+01,2.4358386202e+02,2.4510008612e+02,-3.6166330505e+01,2.4510008612e+02,3.6166330505e+01,0.0000000000e+00,nan,nan,nan,nan,nan,nan
-2.5615749573e-04,7.6975702379e-06,2.3839505480e+02,5.1846578228e+01,-2.4792567845e+01,2.4497258327e+02,2.4823623037e+02,-3.4633743419e+01,2.4823623037e+02,3.4633743419e+01,0.0000000000e+00,nan,nan,nan,nan,nan,nan
2.9539606274e-04,1.0923115318e-04,-3.0265953724e+00,-8.4837916459e+00,-6.2253390448e+00,1.4952126957e+01,4.0066473148e+00,-1.3258581732e+01,4.0066473149e+00,1.3258581732e+01,0.0000000000e+00,nan,nan,nan,nan,nan,nan
2.9879568678e-04,1.0619019737e-04,-3.1310136419e+00,-8.6341745352e+00,-5.9089563075e+00,1.5145944509e+01,4.2245301645e+00,-1.3264500114e+01,4.2245301645e+00,1.3264500114e+01,0.0000000000e+00,nan,nan,nan,nan,nan,nan
-2.0392398335e-04,4.9882753508e-05,7.2504400104e+01,3.3742517308e+01,-3.0064146167e+01,1.0632600485e+02,8.2607474493e+01,-4.0167220556e+01,8.2607474493e+01,4.0167220556e+01,0.0000000000e+00,nan,nan,nan,nan,nan,nan
-1.5292078966e-04,3.0840089090e-05,1.2646631500e+02,2.1429828574e+01,-4.3531174358e+01,1.5182758699e+02,1.2912526854e+02,-4.6190127897e+01,1.2912526854e+02,4.6190127896e+01,0.0000000000e+00,nan,nan,nan,nan,nan,nan
-1.3526560431e-04,3.0695029638e-05,1.2638618185e+02,1.6929774758e+01,-4.5194239312e+01,1.5145747812e+02,1.2803998703e+02,-4.6848044489e+01,1.2803998703e+02,4.6848044489e+01,0.0000000000e+00,nan,nan,nan,nan,nan,nan
1.7670056815e-04,1.4822214019e-04,-3.7781164907e-01,-5.1634857239e+00,-1.2825035495e+01,1.4005685556e+01,1.4847627538e+00,-1.4687609898e+01,1.5094111330e+00,1.4687609898e+01,0.0000000000e+00,nan,nan,nan,nan,nan,nan
-8.1560689256e-05,3.0472802785e-05,1.2679752112e+02,4.7490765919e+00,-4.7646326108e+01,1.5129585183e+02,1.2692629829e+02,-4.7775103279e+01,1.2692629829e+02,4.7775103279e+01,0.0000000000e+00,nan,nan,nan,nan,nan,nan
-7.0756694937e-05,3.0467851622e-05,1.2700831606e+02,2.5249149207e+00,-4.7630613698e+01,1.5130429326e+02,1.2704442562e+02,-4.7666723264e+01,1.2704442562e+02,4.7666723264e+01,0.0000000000e+00,nan,nan,nan,nan,nan,nan
-5.2702727110e-05,3.0495739951e-05,1.2736090872e+02,-1.0423788227e+00,-4.7100719613e+01,1.5109838259e+02,1.2736678642e+02,-4.7106597314e+01,1.2736678642e+02,4.7106597314e+01,0.0000000000e+00,nan,nan,nan,nan,nan,nan
8.9252952110e-05,1.1398454682e-04,-6.5019646457e+00,4.1512520916e+00,-2.1279385242e+01,1.4698177219e+01,-5.4046783700e+00,-2.2376671517e+01,8.9329443326e-05,2.2376671466e+01,0.0000000000e+00,nan,nan,nan,nan,nan,nan
2.6991801930e-04,1.1853124902e-04,-2.3984846269e+00,-7.7216251137e+00,-8.3831136773e+00,1.4342695596e+01,2.8899600114e+00,-1.3671558316e+01,2.8899599947e+00,1.3671558316e+01,0.0000000000e+00,nan,nan,nan,nan,nan,nan
2.6943707471e-04,1.1470606345e-04,-2.5217895764e+00,-7.7294827388e+00,-8.5365961650e+00,1.4364857275e+01,2.7643613436e+00,-1.3822747085e+01,2.7643615353e+00,1.3822747085e+01,0.0000000000e+00,nan,nan,nan,nan,nan,nan
2.7039798855e-04,1.2235867513e-04,-2.2647648727e+00,-7.6946988111e+00,-8.2476194707e+00,1.4298630729e+01,2.9991261286e+00,-1.3511510472e+01,2.9991261158e+00,1.3511510472e+01,0.0000000000e+00,nan,nan,nan,nan,nan,nan
2.6693677909e-04,1.2526872919e-04,-2.1033130090e+00,-7.5806039263e+00,-8.4501564596e+00,1.4233368823e+01,2.9409045871e+00,-1.3494374056e+01,2.9409045348e+00,1.3494374056e+01,0.0000000000e+00,nan,nan,nan,nan,nan,nan
1.5393426544e-04,1.6242605877e-05,9.4384581755e+01,-2.3815673495e+01,-1.7089199805e+01,1.0498670620e+02,9.9261794059e+01,-2.1966412109e+01,9.9261794059e+01,2.1966412109e+01,0.0000000000e+00,nan,nan,nan,nan,nan,nan
1.8592406181e-04,9.2727343082e-05,-6.8778522491e+00,-1.2692856918e+00,-1.6740567324e+01,8.8166033615e+00,-6.7189414624e+00,-1.6899478111e+01,-5.6589175251e-05,1.6899478111e+01,0.0000000000e+00,nan,nan,nan,nan,nan,nan
2.0901980960e-04,2.0686855363e-05,3.9601881359e+01,-1.6436610275e+01,-1.4135294889e+01,5.4555960706e+01,4.4231191834e+01,-1.8764605364e+01,4.4231191832e+01,1.8764605364e+01,0.0000000000e+00,nan,nan,nan,nan,nan,nan
2.4505847730e-04,1.3477264403e-04,-1.3548838008e+00,-7.0086245542e+00,-9.7194528166e+00,1.4135752848e+01,2.6241124035e+00,-1.3698449021e+01,2.6241154780e+00,1.3698449021e+01,0.0000000000e+00,nan,nan,nan,nan,nan,nan
3.2434411036e-04,6.9323066883e-05,-2.9955417899e+00,-1.0691973260e+01,-3.0611056329e+00,1.8516531081e+01,7.6622004929e+00,-1.3718847916e+01,7.6622004929e+00,1.3718847916e+01,0.0000000000e+00,nan,nan,nan,nan,nan,nan
2.2011220250e-04,5.3316157857e-05,2.9345357583e+00,-6.1971330791e+00,-1.5070226098e+01,1.8945909522e+01,4.8705807928e+00,-1.7006271132e+01,4.7724796593e+00,1.7006271132e+01,0.0000000000e+00,nan,nan,nan,nan,nan,nan
2.7137722650e-04,1.0031586649e-04,-2.8447044468e+00,-7.7791592941e+00,-8.9340058633e+00,1.4468354524e+01,2.4639532242e+00,-1.4242663534e+01,2.4639558173e+00,1.4242663534e+01,0.0000000000e+00,nan,nan,nan,nan,nan,nan
2.9088274112e-04,5.2918088069e-05,-2.0367939191e+00,-8.4647638714e+00,-9.8898258630e+00,1.6159993448e+01,3.3666666762e+00,-1.5293286458e+01,3.3666692112e+00,1.5293286458e+01,0.0000000000e+00,nan,nan,nan,nan,nan,nan
-1.3556362044e-04,3.5631566617e-05,1.1366015849e+02,1.7054852410e+01,-4.3945355111e+01,1.3964908724e+02,1.1548383979e+02,-4.5769036421e+01,1.1548383980e+02,4.5769036420e+01,0.0000000000e+00,nan,nan,nan,nan,nan,nan
2.7711528182e-04,8.6784768815e-05,-2.8608320263e+00,-7.9646639390e+00,-9.0801224526e+00,1.4808297336e+01,2.5790972138e+00,-1.4520051693e+01,2.5790994869e+00,1.4520051693e+01,0.0000000000e+00,nan,nan,nan,nan,nan,nan
2.4903680884e-04,2.4475127894e-05,2.4250555728e+01,-1.5093364953e+01,-1.3205799486e+01,4.1659215499e+01,2.9574337404e+01,-1.8529581161e+01,2.9574310782e+01,1.8529581161e+01,0.0000000000e+00,nan,nan,nan,nan,nan,nan
-1.5442903488e-04,6.8222032756e-05,4.4696628046e+01,1.9243705827e+01,-3.4163966687e+01,7.5992834641e+01,4.9140814216e+01,-3.8608152857e+01,4.9140814216e+01,3.8608152857e+01,0.0000000000e+00,nan,nan,nan,nan,nan,nan
2.5260213790e-04,1.0347599240e-04,-3.0732137925e+00,-6.8828006311e+00,-1.0388739620e+01,1.3499606767e+01,1.0630248945e+00,-1.4524978307e+01,1.0627165878e+00,1.4524978307e+01,0.0000000000e+00,nan,nan,nan,nan,nan,nan
2.3612978668e-04,9.5899457201e-05,-3.8960436364e+00,-5.6120722237e+00,-1.2123223236e+01,1.2050933288e+01,-1.0520238585e+00,-1.4967243014e+01,-2.1498607952e-03,1.4967243014e+01,0.0000000000e+00,nan,nan,nan,nan,nan,nan
2.3213402543e-04,9.4910533753e-05,-4.1088165436e+00,-5.2899192562e+00,-1.2496426573e+01,1.1691213957e+01,-1.5526960331e+00,-1.5052547083e+01,3.6459086546e-04,1.5052547083e+01,0.0000000000e+00,nan,nan,nan,nan,nan,nan
2.3153014297e-04,9.1148052984e-05,-4.2288603593e+00,-5.0649111606e+00,-1.2813601100e+01,1.1497777147e+01,-1.8829859989e+00,-1.5159475460e+01,-1.6537860897e-04,1.5159475460e+01,0.0000000000e+00,nan,nan,nan,nan,nan,nan
2.0217379351e-04,5.9392863683e-05,3.7997055760e+00,-5.9978975459e+00,-1.5291210452e+01,1.9537229800e+01,5.5340724463e+00,-1.7025577323e+01,5.5962218721e+00,1.7025577323e+01,0.0000000000e+00,nan,nan,nan,nan,nan,nan
-3.3834676494e-04,1.7115553457e-05,8.5697620929e+01,4.7716542096e+01,5.1338771084e+00,1.0815727217e+02,1.0786037922e+02,-1.7028881183e+01,1.0786037922e+02,1.7028881469e+01,0.0000000000e+00,nan,nan,nan,nan,nan,nan
2.2488962593e-04,2.2218659288e-05,3.1028071476e+01,-1.5158213940e+01,-1.3966762545e+01,4.6986646949e+01,3.5658407730e+01,-1.8597098799e+01,3.5658407876e+01,1.8597098799e+01,0.0000000000e+00,nan,nan,nan,nan,nan,nan
2.1693571213e-04,2.1446235467e-05,3.4982780412e+01,-1.5754221504e+01,-1.4034702391e+01,5.0464732663e+01,3.9609865998e+01,-1.8661787977e+01,3.9609865998e+01,1.8661787977e+01,0.0000000000e+00,nan,nan,nan,nan,nan,nan
1.5751865622e-04,1.0079090580e-04,-6.8265056496e+00,-9.5083767088e-01,-1.6914589981e+01,8.8950197436e+00,-6.7350057721e+00,-1.7006089859e+01,5.3795216172e-06,1.7006089859e+01,0.0000000000e+00,nan,nan,nan,nan,nan,nan
1.6181169057e-04,1.6745487127e-05,8.3122813268e+01,-2.2018082549e+01,-1.6590199279e+01,9.4403495061e+01,8.7770190280e+01,-2.1237576292e+01,8.7770190280e+01,2.1237576292e+01,0.0000000000e+00,nan,nan,nan,nan,nan,nan
3.3846637961e-04,3.3260686582e-05,-7.9723761610e-01,-1.2966158233e+01,-1.9083340685e+00,2.2474180888e+01,1.1622688543e+01,-1.4328260228e+01,1.1622688543e+01,1.4328260228e+01,0.0000000000e+00,nan,nan,nan,nan,nan,nan
1.7264675144e-04,1.4306317639e-04,-2.2185578120e+00,-4.6185824470e+00,-1.3334331912e+01,1.2515932529e+01,-5.5036784701e-01,-1.5002521877e+01,-8.8344806164e-02,1.5002521877e+01,0.0000000000e+00,nan,nan,nan,nan,nan,nan
1.5694379252e-04,1.2946766987e-04,-7.3710844740e+00,-1.7911189682e+00,-1.6140913037e+01,8.1993184676e+00,-7.0221200311e+00,-1.6489877480e+01,-2.1896187877e-05,1.6489877480e+01,0.0000000000e+00,nan,nan,nan,nan,nan,nan
3.1604642644e-04,2.0425559230e-05,-1.0200527073e+00,-1.0192574145e+01,-9.0139170059e+00,1.8961103311e+01,5.9302132443e+00,-1.5964182958e+01,5.9302132442e+00,1.5964182958e+01,0.0000000000e+00,nan,nan,nan,nan,nan,nan
3.1521720347e-04,1.6812701827e-05,-1.0263800979e+00,-1.0184344046e+01,-9.3956307560e+00,1.9067532157e+01,5.7976393965e+00,-1.6219650250e+01,5.7976393960e+00,1.6219650250e+01,0.0000000000e+00,nan,nan,nan,nan,nan,nan
6.7116493168e-05,1.0892330364e-04,-6.7536453703e-01,5.4402956748e+00,-2.0601150849e+01,1.9670480665e+01,7.1849961411e-01,-2.1995015000e+01,9.2813941532e-01,2.1995014999e+01,0.0000000000e+00,nan,nan,nan,nan,nan,nan
1.2578822577e-04,9.5964489688e-05,-2.6261519679e+00,-1.0714477391e+00,-1.8267183936e+01,1.3657640641e+01,-2.5614254511e+00,-1.8331910452e+01,2.2664526998e-03,1.8331910452e+01,0.0000000000e+00,nan,nan,nan,nan,nan,nan
1.8509787515e-04,6.8485511018e-05,7.4525798908e-01,-4.4912811165e+00,-1.5884698837e+01,1.6375190812e+01,1.8845003993e+00,-1.7023941247e+01,1.6648811363e+00,1.7023941247e+01,0.0000000000e+00,nan,nan,nan,nan,nan,nan
-1.9434204041e-04,1.2003813102e-05,1.9124523384e+02,3.0359073379e+01,-4.3308166611e+01,2.0982290859e+02,1.9510984638e+02,-4.7172779143e+01,1.9510984638e+02,4.7172779143e+01,0.0000000000e+00,nan,nan,nan,nan,nan,nan
-2.0191824560e-04,1.2033275266e-05,1.9347293019e+02,3.2643731628e+01,-4.1959367300e+01,2.1158247008e+02,1.9791397750e+02,-4.6400414608e+01,1.9791397750e+02,4.6400414608e+01,0.0000000000e+00,nan,nan,nan,nan,nan,nan
-1.9033915223e-04,2.9662481243e-05,1.3126682362e+02,3.2000671480e+01,-3.8605118320e+01,1.5720592510e+02,1.3709373583e+02,-4.4432030525e+01,1.3709373583e+02,4.4432030525e+01,0.0000000000e+00,nan,nan,nan,nan,nan,nan
-1.7210406001e-04,5.3915351148e-05,6.9009185583e+01,2.5249981157e+01,-3.4992526056e+01,1.0012244223e+02,7.4814048736e+01,-4.0797389210e+01,7.4814048736e+01,4.0797389210e+01,0.0000000000e+00,nan,nan,nan,nan,nan,nan
-1.5330812841e-04,5.3280147744e-05,7.2458622418e+01,2.0726801783e+01,-3.7700336930e+01,1.0192977849e+02,7.6228327795e+01,-4.1470042308e+01,7.6228327795e+01,4.1470042308e+01,0.0000000000e+00,nan,nan,nan,nan,nan,nan
-1.1744615413e-04,3.0586734632e-05,1.2638402900e+02,1.2660691079e+01,-4.6433186036e+01,1.5126112003e+02,1.2730606985e+02,-4.7355226889e+01,1.2730606985e+02,4.7355226889e+01,0.0000000000e+00,nan,nan,nan,nan,nan,nan
-1.0312324265e-04,3.0524563112e-05,1.2648153889e+02,9.4011874203e+00,-4.7129574483e+01,1.5122997355e+02,1.2698864815e+02,-4.7636683736e+01,1.2698864815e+02,4.7636683736e+01,0.0000000000e+00,nan,nan,nan,nan,nan,nan
-9.5944340976e-05,3.0501543890e-05,1.2656616181e+02,7.8196934150e+00,-4.7375989468e+01,1.5124518280e+02,1.2691653317e+02,-4.7726360833e+01,1.2691653317e+02,4.7726360833e+01,0.0000000000e+00,nan,nan,nan,nan,nan,nan
-5.9937927774e-05,3.0476801943e-05,1.2723125916e+02,3.6554067913e-01,-4.7396973748e+01,1.5123318313e+02,1.2723166169e+02,-4.7397376281e+01,1.2723166169e+02,4.7397376281e+01,0.0000000000e+00,nan,nan,nan,nan,nan,nan
-1.7642624641e-04,2.9453418394e-05,1.3133288290e+02,2.7852637664e+01,-4.0966073488e+01,1.5681794510e+02,1.3572228752e+02,-4.5355478116e+01,1.3572228752e+02,4.5355478116e+01,0.0000000000e+00,nan,nan,nan,nan,nan,nan
-1.7531481396e-04,7.4073850782e-06,2.0121236642e+02,2.3985569568e+01,-4.7157243351e+01,2.1906837944e+02,2.0350674937e+02,-4.9451626308e+01,2.0350674937e+02,4.9451626308e+01,0.0000000000e+00,nan,nan,nan,nan,nan,nan
-2.0236787717e-04,7.4512355250e-06,2.0975710297e+02,3.1149612246e+01,-4.3246701927e+01,2.2565045679e+02,2.1353455249e+02,-4.7024151448e+01,2.1353455249e+02,4.7024151448e+01,0.0000000000e+00,nan,nan,nan,nan,nan,nan
-2.2937475023e-04,7.5311948758e-06,2.2204698415e+02,3.9934897788e+01,-3.6770391596e+01,2.3456875812e+02,2.2806663192e+02,-4.2790039365e+01,2.2806663192e+02,4.2790039365e+01,0.0000000000e+00,nan,nan,nan,nan,nan,nan
-1.6585785877e-04,5.3678396704e-05,7.0315181309e+01,2.3755571333e+01,-3.5965666922e+01,1.0081802918e+02,7.5382073479e+01,-4.1032559091e+01,7.5382073479e+01,4.1032559091e+01,0.0000000000e+00,nan,nan,nan,nan,nan,nan
2.0001557107e-04,1.4826800459e-04,2.6292527160e-01,-5.9541733967e+00,-1.1725065719e+01,1.4632561312e+01,2.7170429888e+00,-1.4179183436e+01,2.7168313745e+00,1.4179183436e+01,0.0000000000e+00,nan,nan,nan,nan,nan,nan
1.7686693230e-04,1.5198124764e-04,8.4967530674e-01,-5.3081848935e+00,-1.2663805003e+01,1.4881170422e+01,2.6845829013e+00,-1.4498712597e+01,2.6795608256e+00,1.4498712597e+01,0.0000000000e+00,nan,nan,nan,nan,nan,nan
-3.0825680792e-04,4.5190195163e-05,4.6480358550e+01,3.0344977003e+01,-2.6833137363e+00,6.7678944173e+01,6.0972979044e+01,-1.7175934230e+01,6.0972979044e+01,1.7175934230e+01,0.0000000000e+00,nan,nan,nan,nan,nan,nan
-2.3411353067e-04,7.7166674513e-05,4.1145614752e+00,2.6025316982e+01,-2.0444758484e+01,4.9836991645e+01,2.0608302037e+01,-3.6938499046e+01,2.0608302037e+01,3.6938499046e+01,0.0000000000e+00,nan,nan,nan,nan,nan,nan
1.8720598019e-04,1.0026507913e-04,-6.7764854191e+00,-1.9149652063e+00,-1.5805979478e+01,8.4864762553e+00,-6.3915630982e+00,-1.6190901799e+01,-4.8598254343e-07,1.6190901799e+01,0.0000000000e+00,nan,nan,nan,nan,nan,nan
1.8042624996e-04,1.0524187656e-04,-7.1803975577e+00,-1.6309500620e+00,-1.5990686697e+01,8.1258794199e+00,-6.8940634567e+00,-1.6277020798e+01,7.7927148437e-07,1.6277020798e+01,0.0000000000e+00,nan,nan,nan,nan,nan,nan
-2.4932116438e-04,4.4243261885e-05,7.2946498103e+01,4.4472275808e+01,-1.7837236699e+01,1.1006095847e+02,9.1098354700e+01,-3.5989093296e+01,9.1098354700e+01,3.5989093296e+01,0.0000000000e+00,nan,nan,nan,nan,nan,nan
2.6325978514e-04,7.3093515001e-05,-3.0865069469e+00,-6.7158877837e+00,-1.1439847769e+01,1.3696770144e+01,6.4465657186e-01,-1.5171011288e+01,6.5055991376e-01,1.5171011288e+01,0.0000000000e+00,nan,nan,nan,nan,nan,nan
-1.3452664644e-04,8.6797801989e-05,2.0691982359e+01,1.3233991582e+01,-3.2707447092e+01,5.1612523721e+01,2.3790772097e+01,-3.5806236830e+01,2.3790772109e+01,3.5806236830e+01,0.0000000000e+00,nan,nan,nan,nan,nan,nan
3.2562385027e-04,5.0562930697e-05,-1.8038806239e+00,-1.1435126104e+01,-3.8836322882e+00,1.9884811291e+01,8.6367446956e+00,-1.4324257608e+01,8.6367446956e+00,1.4324257608e+01,0.0000000000e+00,nan,nan,nan,nan,nan,nan
-1.8872895379e-04,6.8421262467e-05,3.7622565870e+01,2.5859541547e+01,-2.9213662747e+01,7.3185110427e+01,4.6457894767e+01,-3.8048991644e+01,4.6457894767e+01,3.8048991644e+01,0.0000000000e+00,nan,nan,nan,nan,nan,nan
1.3097871090e-04,8.5336578677e-05,7.4852461043e-01,-1.7991520854e+00,-1.8776171201e+01,1.7181636489e+01,9.0599915634e-01,-1.8933645747e+01,9.1880992604e-01,1.8933645747e+01,0.0000000000e+00,nan,nan,nan,nan,nan,nan
2.4863107200e-04,1.0254783235e-04,-3.2129649086e+00,-6.6396895173e+00,-1.0750898516e+01,1.3223248365e+01,6.5251429074e-01,-1.4616377715e+01,6.5731617587e-01,1.4616377715e+01,0.0000000000e+00,nan,nan,nan,nan,nan,nan
-2.2511381348e-04,5.7829003662e-05,4.6530756077e+01,3.5337680527e+01,-2.3420121876e+01,8.6112421257e+01,6.1272346694e+01,-3.8161712493e+01,6.1272346694e+01,3.8161712493e+01,0.0000000000e+00,nan,nan,nan,nan,nan,nan
3.0689165301e-04,3.3668635392e-05,-1.1998768090e+00,-9.5345601390e+00,-9.2472190989e+00,1.7922381532e+01,5.1239438480e+00,-1.5571039756e+01,5.1239438431e+00,1.5571039756e+01,0.0000000000e+00,nan,nan,nan,nan,nan,nan
3.4447511009e-04,2.2493521543e-05,-2.6064929100e-01,-1.3608991820e+01,-9.1899015736e-01,2.3573559352e+01,1.3020381114e+01,-1.4200020562e+01,1.3020381114e+01,1.4200020583e+01,0.0000000000e+00,nan,nan,nan,nan,nan,nan
1.8988967507e-04,5.4053565210e-05,1.7768331875e+01,-9.8029373702e+00,-1.4337904900e+01,3.2579009857e+01,2.0524713598e+01,-1.7094286623e+01,2.0524337629e+01,1.7094286623e+01,0.0000000000e+00,nan,nan,nan,nan,nan,nan
2.2287594985e-04,1.4372456439e-04,-3.8134225812e-01,-6.4883788862e+00,-1.0744278443e+01,1.4381168334e+01,2.7401610583e+00,-1.3865781759e+01,2.7401608344e+00,1.3865781759e+01,0.0000000000e+00,nan,nan,nan,nan,nan,nan
-1.9461101129e-04,9.2200216731e-05,1.9114711289e+00,1.9170755657e+01,-2.5831364739e+01,4.0982491419e+01,1.1701305648e+01,-3.5621199258e+01,1.1701305642e+01,3.5621199258e+01,0.0000000000e+00,nan,nan,nan,nan,nan,nan
2.6104365461e-04,1.0909677215e-04,-2.7342613815e+00,-7.3927972145e+00,-9.4397718492e+00,1.4059395681e+01,2.0301792656e+00,-1.4204212496e+01,2.0301738030e+00,1.4204212496e+01,0.0000000000e+00,nan,nan,nan,nan,nan,nan
2.7384953592e-04,1.1943145725e-04,-2.4102211449e+00,-7.8134883527e+00,-8.0359159246e+00,1.4382873085e+01,3.0808871128e+00,-1.3527024182e+01,3.0808871255e+00,1.3527024182e+01,0.0000000000e+00,nan,nan,nan,nan,nan,nan
2.7432837454e-04,1.2326688982e-04,-2.2907715437e+00,-7.7653675473e+00,-7.9127322650e+00,1.4303344211e+01,3.1562877263e+00,-1.3359791535e+01,3.1562877255e+00,1.3359791535e+01,0.0000000000e+00,nan,nan,nan,nan,nan,nan
2.2208602980e-04,1.3617182728e-04,-1.3779172311e+00,-6.3946262701e+00,-1.0987431428e+01,1.3853423028e+01,1.8156031848e+00,-1.4180951843e+01,1.8158740925e+00,1.4180951843e+01,0.0000000000e+00,nan,nan,nan,nan,nan,nan
3.6504791398e-04,3.6071075622e-05,-2.9566702722e+00,-1.4280529548e+01,9.3848813635e+00,2.6935251549e+01,1.8765180278e+01,-1.2336969187e+01,1.8765180278e+01,1.2336969792e+01,0.0000000000e+00,nan,nan,nan,nan,nan,nan
2.4857307386e-04,1.3195894839e-04,-1.5841924726e+00,-7.1004710911e+00,-9.5678298398e+00,1.4108054013e+01,2.5692776258e+00,-1.3721299938e+01,2.5692799495e+00,1.3721299938e+01,0.0000000000e+00,nan,nan,nan,nan,nan,nan
2.8051747765e-04,8.3790825908e-05,-2.8092311463e+00,-8.1397016525e+00,-8.8882346462e+00,1.5048091105e+01,2.8392865541e+00,-1.4536752347e+01,2.8392873034e+00,1.4536752347e+01,0.0000000000e+00,nan,nan,nan,nan,nan,nan
2.5253352367e-04,1.3293077198e-04,-1.5342674157e+00,-7.1877969887e+00,-9.2906322393e+00,1.4145520082e+01,2.7544699997e+00,-1.3579369655e+01,2.7544695216e+00,1.3579369655e+01,0.0000000000e+00,nan,nan,nan,nan,nan,nan
3.1280265417e-04,9.7753339257e-05,-3.5635648968e+00,-9.1469362853e+00,-4.3150364752e+00,1.5854736845e+01,5.2144358993e+00,-1.3093037271e+01,5.2144358993e+00,1.3093037271e+01,0.0000000000e+00,nan,nan,nan,nan,nan,nan
1.7645996348e-04,1.0389893578e-04,-7.6425336524e+00,-1.0384565686e+00,-1.6669943667e+01,8.0178695880e+00,-7.5271194949e+00,-1.6785357825e+01,-1.3534076462e-06,1.6785357825e+01,0.0000000000e+00,nan,nan,nan,nan,nan,nan
-2.8955818346e-04,2.0648255433e-05,1.4405118226e+02,5.9758260720e+01,5.1223173824e+00,1.5870953795e+02,1.6621774428e+02,-1.7044244639e+01,1.6621774428e+02,1.7044244639e+01,0.0000000000e+00,nan,nan,nan,nan,nan,nan
-2.8331962970e-04,2.1834309042e-05,1.4500540014e+02,5.9043494003e+01,4.7662510580e+00,1.5876813710e+02,1.6655065229e+02,-1.6779001091e+01,1.6655065229e+02,1.6779001091e+01,0.0000000000e+00,nan,nan,nan,nan,nan,nan
2.6798007916e-04,3.8619670733e-05,-2.7140355263e+00,-5.7677106247e+00,-1.4087391525e+01,1.4024894103e+01,-3.0343713968e-01,-1.6497989911e+01,-2.4123641007e-01,1.6497989911e+01,0.0000000000e+00,nan,nan,nan,nan,nan,nan
-2.0698086641e-04,6.4033846171e-05,4.0188115426e+01,3.0227375533e+01,-2.6568010476e+01,7.7992548597e+01,5.1839071402e+01,-3.8218966452e+01,5.1839071402e+01,3.8218966452e+01,0.0000000000e+00,nan,nan,nan,nan,nan,nan
-2.8469581506e-04,5.7261352715e-05,1.2945898952e+01,3.4436081729e+01,-8.1392939890e+00,6.2348961119e+01,3.8400491967e+01,-3.3593887004e+01,3.8400491967e+01,3.3593887004e+01,0.0000000000e+00,nan,nan,nan,nan,nan,nan
3.1214232036e-04,6.3547630593e-05,-2.3148095772e+00,-1.0205265401e+01,-5.7018607419e+00,1.7915584785e+01,6.3352325388e+00,-1.4351902858e+01,6.3352325388e+00,1.4351902858e+01,0.0000000000e+00,nan,nan,nan,nan,nan,nan
-2.1176751022e-04,4.4637434042e-05,8.4550193542e+01,3.6889468197e+01,-2.9501132205e+01,1.1763273353e+02,9.5439821039e+01,-4.0390759702e+01,9.5439821039e+01,4.0390759702e+01,0.0000000000e+00,nan,nan,nan,nan,nan,nan
-2.5862397994e-04,2.1368452379e-05,1.6327065125e+02,5.5167172562e+01,-1.7076766431e+01,1.8308978419e+02,1.7880387860e+02,-3.2609993777e+01,1.7880387860e+02,3.2609993777e+01,0.0000000000e+00,nan,nan,nan,nan,nan,nan
-2.5871077722e-04,2.5106090583e-05,1.4433006215e+02,5.4050724666e+01,-1.6005512757e+01,1.6746078612e+02,1.6084580464e+02,-3.2521255252e+01,1.6084580464e+02,3.2521255252e+01,0.0000000000e+00,nan,nan,nan,nan,nan,nan
-1.3176430334e-04,4.9231284729e-05,8.2354558272e+01,1.5748150389e+01,-4.0922368931e+01,1.1018893817e+02,8.4333707786e+01,-4.2901518445e+01,8.4333707786e+01,4.2901518445e+01,0.0000000000e+00,nan,nan,nan,nan,nan,nan
-1.3083751617e-04,5.2739975389e-05,7.5183488373e+01,1.5338993041e+01,-4.0162167830e+01,1.0336354605e+02,7.7187631408e+01,-4.2166310866e+01,7.7187631408e+01,4.2166310866e+01,0.0000000000e+00,nan,nan,nan,nan,nan,nan
3.0895686052e-04,9.6949830545e-05,-3.3915122693e+00,-9.1275621559e+00,-4.8367817107e+00,1.5857394087e+01,5.0411237551e+00,-1.3269417735e+01,5.0411237551e+00,1.3269417735e+01,0.0000000000e+00,nan,nan,nan,nan,nan,nan
-1.0370076229e-04,6.8526363907e-05,4.8408740069e+01,8.3980673672e+00,-3.8619306334e+01,7.6758083129e+01,4.9211016824e+01,-3.9421583090e+01,4.9211016824e+01,3.9421583090e+01,0.0000000000e+00,nan,nan,nan,nan,nan,nan
-1.0925296091e-04,7.2366663552e-05,4.2190911784e+01,9.3919778265e+00,-3.7457901281e+01,7.0868809430e+01,4.3282631454e+01,-3.8549620950e+01,4.3282631454e+01,3.8549620950e+01,0.0000000000e+00,nan,nan,nan,nan,nan,nan
-1.1396102408e-04,1.0606128005e-04,1.3351009291e+00,8.8857281265e+00,-3.1269315971e+01,3.2155873964e+01,3.5980949680e+00,-3.3532310010e+01,3.5960886888e+00,3.3532310010e+01,0.0000000000e+00,nan,nan,nan,nan,nan,nan
-1.0792106738e-04,1.0992854818e-04,-2.1291134150e+00,8.0520404727e+00,-3.1097550217e+01,2.8700604487e+01,-4.3030089230e-02,-3.3183633542e+01,-2.1245867774e-02,3.3183633542e+01,0.0000000000e+00,nan,nan,nan,nan,nan,nan
-5.3478449680e-05,5.3914263418e-05,7.5499852991e+01,-1.3369897406e+00,-4.2716257623e+01,1.0240367433e+02,7.5514586622e+01,-4.2730991255e+01,7.5514586622e+01,4.2730991255e+01,0.0000000000e+00,nan,nan,nan,nan,nan,nan
-8.6542802602e-05,1.0513997330e-04,1.9375881480e+00,4.9557536684e+00,-3.2800514684e+01,3.1282451969e+01,2.6294687970e+00,-3.3492395333e+01,2.6695940691e+00,3.3492395333e+01,0.0000000000e+00,nan,nan,nan,nan,nan,nan
-8.6203124834e-05,1.0923215171e-04,-2.0837897662e+00,5.1103271380e+00,-3.2212998944e+01,2.7550329022e+01,-1.2422044779e+00,-3.3054584232e+01,-1.1601487886e-01,3.3054584232e+01,0.0000000000e+00,nan,nan,nan,nan,nan,nan
-8.5858480677e-05,1.1336192323e-04,-5.9273649312e+00,5.3184378936e+00,-3.1661320156e+01,2.4111405971e+01,-4.8736158154e+00,-3.2715069271e+01,-8.4456330643e-03,3.2715069271e+01,0.0000000000e+00,nan,nan,nan,nan,nan,nan
-1.5900193261e-04,1.0083011145e-04,1.8199470956e+00,1.4560633405e+01,-2.8705931040e+01,3.6534059838e+01,7.6499573100e+00,-3.4535941255e+01,7.6493917487e+00,3.4535941255e+01,0.0000000000e+00,nan,nan,nan,nan,nan,nan
1.0421222361e-04,1.4301816010e-04,-7.4720195507e+00,-1.5318454321e+00,-1.6733793439e+01,8.4491905822e+00,-7.2247640375e+00,-1.6981048952e+01,1.7200274596e-03,1.6981048092e+01,0.0000000000e+00,nan,nan,nan,nan,nan,nan
-5.0179120034e-05,5.3936400210e-05,7.5500725427e+01,-1.9300267652e+00,-4.2613472144e+01,1.0234386207e+02,7.5531882956e+01,-4.2644629674e+01,7.5531882956e+01,4.2644629674e+01,0.0000000000e+00,nan,nan,nan,nan,nan,nan
8.6196723185e-05,1.3419165244e-04,-1.6184157095e+01,3.9337865535e+00,-1.8933431488e+01,7.3539036671e+00,-1.3313016029e+01,-2.1804572553e+01,8.1181573152e-04,2.1804827572e+01,0.0000000000e+00,nan,nan,nan,nan,nan,nan
8.5834319477e-05,1.3754612294e-04,-1.8976916842e+01,3.3275380328e+00,-1.9945251718e+01,5.7525619021e+00,-1.6139841117e+01,-2.2782327443e+01,-6.0234338402e-03,2.2782911387e+01,0.0000000000e+00,nan,nan,nan,nan,nan,nan
8.2613672411e-05,1.3864921094e-04,-1.9596570626e+01,3.0000225648e+00,-1.9110015013e+01,5.3889516862e+00,-1.6241980113e+01,-2.2464605526e+01,4.3031856627e-02,2.2467010927e+01,0.0000000000e+00,nan,nan,nan,nan,nan,nan
8.5320840323e-05,1.4098061801e-04,-1.8985154143e+01,7.0415500125e-01,-2.0836989626e+01,1.7742864814e+00,-1.8886687107e+01,-2.0935456662e+01,-1.9624361546e-02,2.0931942114e+01,0.0000000000e+00,nan,nan,nan,nan,nan,nan
1.1141198193e-04,1.1887709603e-04,-9.3044031704e+00,8.7636655465e-01,-1.8168517230e+01,7.8056073529e+00,-9.2298906939e+00,-1.8243029707e+01,-4.8153951787e-07,1.8243029706e+01,0.0000000000e+00,nan,nan,nan,nan,nan,nan
2.2751924524e-04,9.0143508726e-05,-4.4482290885e+00,-4.7161915520e+00,-1.3201677770e+01,1.1142508349e+01,-2.3918232345e+00,-1.5258083624e+01,2.7463290617e-05,1.5258083624e+01,0.0000000000e+00,nan,nan,nan,nan,nan,nan
2.3090203248e-04,8.7393719293e-05,-4.3238094040e+00,-4.8352566782e+00,-1.3143100566e+01,1.1332885393e+01,-2.1904105526e+00,-1.5276499417e+01,5.6316676462e-05,1.5276499417e+01,0.0000000000e+00,nan,nan,nan,nan,nan,nan
-1.3468706690e-04,1.0516371034e-04,9.6139580868e-01,1.1483550507e+01,-3.0091440775e+01,3.3446517896e+01,4.7453336274e+00,-3.3875378594e+01,4.7401109134e+00,3.3875378594e+01,0.0000000000e+00,nan,nan,nan,nan,nan,nan
6.3833890573e-05,1.2440881960e-04,-1.3304573440e+01,8.7593457280e+00,-1.9905692526e+01,1.6084556180e+01,-7.3187101423e+00,-2.5891555823e+01,-4.5734579871e-02,2.5891577117e+01,0.0000000000e+00,nan,nan,nan,nan,nan,nan
6.3867158783e-05,1.2941670685e-04,-2.1065474405e+01,3.5411084215e+00,-2.7259101895e+01,7.3906314605e+00,-1.9895305086e+01,-2.8429271213e+01,1.6629579619e-02,2.8429602620e+01,0.0000000000e+00,nan,nan,nan,nan,nan,nan
5.9139784922e-05,1.0570895089e-04,2.7860917660e+00,5.7939466087e+00,-2.0790861818e+01,2.2753182236e+01,4.1341708632e+00,-2.2138940915e+01,4.1415138729e+00,2.2138940915e+01,0.0000000000e+00,nan,nan,nan,nan,nan,nan
-9.1644498696e-05,1.0936460425e-04,-1.9418525187e+00,5.8822842010e+00,-3.1954375458e+01,2.7914357431e+01,-8.3175221146e-01,-3.3064475765e+01,-1.6038614349e-01,3.3064475765e+01,0.0000000000e+00,nan,nan,nan,nan,nan,nan
-9.4362788509e-05,1.0944121981e-04,-1.9083555674e+00,6.2603685692e+00,-3.1819936551e+01,2.8079284133e+01,-6.5256380636e-01,-3.3075728312e+01,-1.4780606007e-01,3.3075728312e+01,0.0000000000e+00,nan,nan,nan,nan,nan,nan
-9.9793546090e-05,1.0961522066e-04,-1.9180027644e+00,6.9983056577e+00,-3.1540859829e+01,2.8370849611e+01,-3.4951363658e-01,-3.3109348957e+01,-1.1918931789e-01,3.3109348957e+01,0.0000000000e+00,nan,nan,nan,nan,nan,nan
-1.1229105390e-04,7.2438936373e-05,4.1928806462e+01,1.0020421797e+01,-3.7234144870e+01,7.0718538922e+01,4.3176698280e+01,-3.8482036687e+01,4.3176698280e+01,3.8482036687e+01,0.0000000000e+00,nan,nan,nan,nan,nan,nan
-1.1835033025e-04,7.2597860106e-05,4.1341444014e+01,1.1271979480e+01,-3.6756057360e+01,7.0394482948e+01,4.2934967007e+01,-3.8349580352e+01,4.2934967007e+01,3.8349580352e+01,0.0000000000e+00,nan,nan,nan,nan,nan,nan
-1.2137079438e-04,7.2684684212e-05,4.1014417463e+01,1.1893832918e+01,-3.6501815286e+01,7.0219338856e+01,4.2797455279e+01,-3.8284853102e+01,4.2797455279e+01,3.8284853102e+01,0.0000000000e+00,nan,nan,nan,nan,nan,nan
2.1142081344e-04,8.5932403497e-05,-5.3640589531e+00,-3.1998316359e+00,-1.4854921274e+01,9.9099646610e+00,-4.3879693491e+00,-1.5831010878e+01,2.2922885641e-05,1.5831010878e+01,0.0000000000e+00,nan,nan,nan,nan,nan,nan
1.9874987393e-04,1.3315432577e-04,-2.6812531793e+00,-5.3661237605e+00,-1.2352347539e+01,1.2511011794e+01,-2.9356433215e-01,-1.4740036387e+01,-5.5706898704e-02,1.4740036387e+01,0.0000000000e+00,nan,nan,nan,nan,nan,nan
-7.6554214317e-05,1.1112733005e-04,-4.5709590749e+00,3.8701093445e+00,-3.2339528759e+01,2.4961957940e+01,-4.0434507807e+00,-3.2867037053e+01,-4.7948674102e-03,3.2867037053e+01,0.0000000000e+00,nan,nan,nan,nan,nan,nan
-7.3633778840e-05,1.1524500605e-04,-8.6981928764e+00,3.8612410873e+00,-3.1881915626e+01,2.1157932128e+01,-8.0745164414e+00,-3.2505592061e+01,-6.9875219647e-04,3.2505592061e+01,0.0000000000e+00,nan,nan,nan,nan,nan,nan
-6.8280763107e-05,1.1520656128e-04,-9.2693495920e+00,3.1349873326e+00,-3.2079722434e+01,2.0482714748e+01,-8.8488351396e+00,-3.2500236887e+01,-9.2670700916e-04,3.2500236887e+01,0.0000000000e+00,nan,nan,nan,nan,nan,nan
-6.2932476168e-05,1.1519900883e-04,-9.9381926477e+00,2.3990942809e+00,-3.2268772870e+01,1.9775988493e+01,-9.6858104791e+00,-3.2521155039e+01,-5.9995192222e-04,3.2521155039e+01,0.0000000000e+00,nan,nan,nan,nan,nan,nan
-5.7591294925e-05,1.1522332694e-04,-1.0702171603e+01,1.6567511272e+00,-3.2450275887e+01,1.9047658118e+01,-1.0579053203e+01,-3.2573394287e+01,-5.5698238784e-05,3.2573394287e+01,0.0000000000e+00,nan,nan,nan,nan,nan,nan
-5.4924083651e-05,1.1524783774e-04,-1.1118948352e+01,1.2841780680e+00,-3.2538701033e+01,1.8678952232e+01,-1.1044526593e+01,-3.2613122792e+01,1.2657075475e-04,3.2613122792e+01,0.0000000000e+00,nan,nan,nan,nan,nan,nan
-4.9597794295e-05,1.1532259166e-04,-1.2020111502e+01,5.3826809752e-01,-3.2712039003e+01,1.7940333739e+01,-1.2008218738e+01,-3.2723931766e+01,2.6572190820e-04,3.2723931766e+01,0.0000000000e+00,nan,nan,nan,nan,nan,nan
-4.4284323335e-05,1.1543313744e-04,-1.3008471011e+01,-2.0596862344e-01,-3.2882516595e+01,1.7211983199e+01,-1.3008150669e+01,-3.2882836936e+01,2.4636415605e-04,3.2882836936e+01,0.0000000000e+00,nan,nan,nan,nan,nan,nan
-4.1633115270e-05,1.1550247088e-04,-1.3534104874e+01,-5.7640956901e-01,-3.2967476544e+01,1.6856466375e+01,-1.3518705310e+01,-3.2982876108e+01,1.6577087105e-04,3.2982876108e+01,0.0000000000e+00,nan,nan,nan,nan,nan,nan
-3.6343136710e-05,1.1567078593e-04,-1.4645421445e+01,-1.3118005940e+00,-3.3138680306e+01,1.6173528315e+01,-1.4554259949e+01,-3.3229841802e+01,1.7200087099e-05,3.3229841802e+01,0.0000000000e+00,nan,nan,nan,nan,nan,nan
-3.2240181865e-05,1.1372909133e-04,-1.3145407052e+01,-2.2396719989e+00,-3.3579094087e+01,1.8114522583e+01,-1.2903826080e+01,-3.3820675059e+01,1.9599443479e-04,3.3820675059e+01,0.0000000000e+00,nan,nan,nan,nan,nan,nan
-2.6948126470e-05,1.1396951905e-04,-1.4299192559e+01,-2.9609616606e+00,-3.3760231201e+01,1.7614945259e+01,-1.3859718493e+01,-3.4199705267e+01,2.9648306041e-04,3.4199705267e+01,0.0000000000e+00,nan,nan,nan,nan,nan,nan
-2.1677742001e-05,1.1425719557e-04,-1.5507557126e+01,-3.6572307825e+00,-3.3951152985e+01,1.7180412830e+01,-1.4810239083e+01,-3.4648471027e+01,2.7085737724e-04,3.4648471028e+01,0.0000000000e+00,nan,nan,nan,nan,nan,nan
-1.9051375414e-05,1.1442002091e-04,-1.6129341136e+01,-3.9939216333e+00,-3.4051475786e+01,1.6989882295e+01,-1.5281295344e+01,-3.4899521578e+01,1.8767841561e-04,3.4899521577e+01,0.0000000000e+00,nan,nan,nan,nan,nan,nan
-1.3817619067e-05,1.1478626703e-04,-1.7401020341e+01,-4.6396418044e+00,-3.4264420990e+01,1.6664627715e+01,-1.6211393369e+01,-3.5454047963e+01,3.1866880456e-05,3.5454047963e+01,0.0000000000e+00,nan,nan,nan,nan,nan,nan
-8.6110468875e-06,1.1521133843e-04,-1.8699888023e+01,-5.2399384417e+00,-3.4497072334e+01,1.6410413995e+01,-1.7123923241e+01,-3.6073037116e+01,-6.2605198668e-05,3.6073037116e+01,0.0000000000e+00,nan,nan,nan,nan,nan,nan
3.8042224042e-08,1.1822160896e-04,-2.4065026528e+01,-5.8777183149e+00,-3.4707183581e+01,1.3710769482e+01,-2.1470188603e+01,-3.7302021506e+01,2.0198590860e-05,3.7302021506e+01,0.0000000000e+00,nan,nan,nan,nan,nan,nan
5.1155213342e-06,1.1883925944e-04,-2.5506226455e+01,-6.3286674651e+00,-3.5013670380e+01,1.3679214868e+01,-2.2362250031e+01,-3.8157646804e+01,5.7689157005e-06,3.8157646804e+01,0.0000000000e+00,nan,nan,nan,nan,nan,nan
1.0181124333e-05,1.1942742255e-04,-2.6775303377e+01,-6.6655324705e+00,-3.5281960488e+01,1.3664176715e+01,-2.3139615828e+01,-3.8917648037e+01,-4.1990048817e-06,3.8917648037e+01,0.0000000000e+00,nan,nan,nan,nan,nan,nan
1.2692281338e-05,1.1979099075e-04,-2.7481089206e+01,-6.7808231257e+00,-3.5351915014e+01,1.3540066730e+01,-2.3599140938e+01,-3.9233863281e+01,-6.0009354788e-06,3.9233863281e+01,0.0000000000e+00,nan,nan,nan,nan,nan,nan
1.9429853542e-05,1.1889281778e-04,-2.6126248260e+01,-7.1100956028e+00,-3.5345158981e+01,1.4633696802e+01,-2.2286934833e+01,-3.9184472408e+01,1.8937227285e-05,3.9184472408e+01,0.0000000000e+00,nan,nan,nan,nan,nan,nan
2.1914634368e-05,1.1936969342e-04,-2.6876864371e+01,-7.2689431441e+00,-3.5268779376e+01,1.4485854852e+01,-2.2709409675e+01,-3.9436234072e+01,1.1833927765e-05,3.9436234072e+01,0.0000000000e+00,nan,nan,nan,nan,nan,nan
2.6844322692e-05,1.2039950578e-04,-2.8306188156e+01,-7.6849467853e+00,-3.5275768329e+01,1.4547006756e+01,-2.3392259976e+01,-4.0189696509e+01,9.9272646664e-07,4.0189696509e+01,0.0000000000e+00,nan,nan,nan,nan,nan,nan
2.7420229772e-05,1.2277494000e-04,-3.2698967267e+01,-7.9976573389e+00,-3.5121473668e+01,1.3925400540e+01,-2.5870386717e+01,-4.1950054218e+01,1.9310686157e-07,4.1950054218e+01,0.0000000000e+00,nan,nan,nan,nan,nan,nan
-2.2109853983e-05,1.1847087070e-04,-2.0601180443e+01,-2.8326984172e+00,-3.3331670664e+01,1.2062737772e+01,-2.0002000653e+01,-3.3930850453e+01,1.9381510445e-05,3.3930850453e+01,0.0000000000e+00,nan,nan,nan,nan,nan,nan
-2.7306582278e-05,1.1817707873e-04,-1.9200394307e+01,-2.1403184683e+00,-3.3139735373e+01,1.2625681088e+01,-1.8880624465e+01,-3.3459505215e+01,2.1400106526e-05,3.3459505215e+01,0.0000000000e+00,nan,nan,nan,nan,nan,nan
-1.6939066211e-05,1.1881568840e-04,-2.2067883860e+01,-3.5106697063e+00,-3.3540849388e+01,1.1642317572e+01,-2.1082671440e+01,-3.4526061808e+01,7.4986592159e-06,3.4526061808e+01,0.0000000000e+00,nan,nan,nan,nan,nan,nan
3.2223913576e-05,1.2393628142e-04,-3.4400049371e+01,-8.5345080418e+00,-3.5581755241e+01,1.4719780004e+01,-2.6492433358e+01,-4.3489371254e+01,1.0806912292e-06,4.3489371254e+01,0.0000000000e+00,nan,nan,nan,nan,nan,nan
3.6534079054e-05,1.2280380188e-04,-3.0974324825e+01,-8.3065405729e+00,-3.6145028513e+01,1.4967173070e+01,-2.4918375268e+01,-4.2200978071e+01,-4.4819544292e-06,4.2200978071e+01,0.0000000000e+00,nan,nan,nan,nan,nan,nan
4.1282527048e-05,1.2421047057e-04,-3.2287619999e+01,-8.4682496247e+00,-3.6771357191e+01,1.5049583530e+01,-2.5840607493e+01,-4.3218369697e+01,-2.9012013177e-06,4.3218369697e+01,0.0000000000e+00,nan,nan,nan,nan,nan,nan
-1.6346074530e-04,3.0951093606e-05,1.2649027794e+02,2.4263067301e+01,-4.2298503777e+01,1.5209471674e+02,1.2990781273e+02,-4.5716038572e+01,1.2990781273e+02,4.5716038572e+01,0.0000000000e+00,nan,nan,nan,nan,nan,nan
1.8926900286e-04,9.0219616889e-05,-6.7051710964e+00,-1.4158624151e+00,-1.6681714678e+01,8.9781234176e+00,-6.5099209151e+00,-1.6876964859e+01,-5.9422597324e-05,1.6876964859e+01,0.0000000000e+00,nan,nan,nan,nan,nan,nan
3.0835991592e-04,4.1016487740e-05,-1.3562437322e+00,-9.8297016436e+00,-8.2810707775e+00,1.8048558663e+01,5.6016829478e+00,-1.5238997458e+01,5.6016829505e+00,1.5238997458e+01,0.0000000000e+00,nan,nan,nan,nan,nan,nan
1.4674317408e-04,1.0032628412e-04,-5.9817051619e+00,-1.0709328501e+00,-1.6902028173e+01,9.6434965186e+00,-5.8741913564e+00,-1.7009541978e+01,-6.0129259803e-04,1.7009541978e+01,0.0000000000e+00,nan,nan,nan,nan,nan,nan
4.0294791071e-05,8.2799227480e-05,2.1708987295e+01,-9.4229641636e-01,-2.2659583687e+01,3.8458281099e+01,2.1728600749e+01,-2.2679197141e+01,2.1728600743e+01,2.2679197141e+01,0.0000000000e+00,nan,nan,nan,nan,nan,nan
3.7495479294e-05,8.2243356649e-05,2.3411238005e+01,-1.1802797029e+00,-2.2461489669e+01,3.9780289672e+01,2.3442035118e+01,-2.2492286783e+01,2.3442035172e+01,2.2492286783e+01,0.0000000000e+00,nan,nan,nan,nan,nan,nan
-8.5961086223e-05,9.5055121719e-05,1.2772774406e+01,4.5397677512e+00,-3.4467554541e+01,4.1658607305e+01,1.3204218074e+01,-3.4898998210e+01,1.3204163967e+01,3.4898998210e+01,0.0000000000e+00,nan,nan,nan,nan,nan,nan
9.6365432894e-05,9.6992646942e-05,-5.0496570166e-01,1.9227311002e+00,-2.2531274734e+01,1.9372332052e+01,-3.3349909295e-01,-2.2702741343e+01,1.0364053321e-01,2.2702741343e+01,0.0000000000e+00,nan,nan,nan,nan,nan,nan
-1.8987433307e-04,5.2869199986e-05,6.8391134121e+01,2.9729681484e+01,-3.2231798363e+01,1.0121629108e+02,7.6516920780e+01,-4.0357585022e+01,7.6516920780e+01,4.0357585022e+01,0.0000000000e+00,nan,nan,nan,nan,nan,nan
-2.3063424504e-04,3.0828025859e-05,1.2605184619e+02,4.4803328435e+01,-2.7729731933e+01,1.5413385938e+02,1.3815028234e+02,-3.9828168077e+01,1.3815028234e+02,3.9828168077e+01,0.0000000000e+00,nan,nan,nan,nan,nan,nan
-2.3384985928e-04,3.0987965448e-05,1.2494592299e+02,4.5759879896e+01,-2.6501290624e+01,1.5324067305e+02,1.3769586002e+02,-3.9251227655e+01,1.3769586002e+02,3.9251227655e+01,0.0000000000e+00,nan,nan,nan,nan,nan,nan
1.3161822333e-04,1.3282562279e-04,-9.6417788465e+00,-1.0916969899e+00,-1.6907371098e+01,6.5727724317e+00,-9.4797830396e+00,-1.7069366905e+01,2.1383467870e-05,1.7069366905e+01,0.0000000000e+00,nan,nan,nan,nan,nan,nan
7.8292442312e-05,1.1965770765e-04,-7.6305067646e+00,5.4811901837e+00,-1.9442181081e+01,1.3989318691e+01,-5.4596070108e+00,-2.1613080835e+01,-6.5710266417e-04,2.1613082400e+01,0.0000000000e+00,nan,nan,nan,nan,nan,nan
-2.1576491318e-04,3.5590856686e-05,1.1125998653e+02,3.9630220493e+01,-3.0954288353e+01,1.4099400174e+02,1.2155577395e+02,-4.1250075775e+01,1.2155577395e+02,4.1250075775e+01,0.0000000000e+00,nan,nan,nan,nan,nan,nan
-2.1751470491e-04,3.0310492237e-05,1.2914647779e+02,4.0657257440e+01,-3.2109640138e+01,1.5639863831e+02,1.3881521476e+02,-4.1778377103e+01,1.3881521476e+02,4.1778377103e+01,0.0000000000e+00,nan,nan,nan,nan,nan,nan
5.3311552475e-05,1.0138678748e-04,6.5199153283e+00,5.1879507092e+00,-2.1391409217e+01,2.5784312119e+01,7.4508325986e+00,-2.2322326487e+01,7.4501534049e+00,2.2322326487e+01,0.0000000000e+00,nan,nan,nan,nan,nan,nan
5.0657067759e-05,1.0053112580e-04,8.3274031893e+00,5.3257550369e+00,-2.1098506982e+01,2.7104678055e+01,9.2633412751e+00,-2.2034445067e+01,9.2636587380e+00,2.2034445067e+01,0.0000000000e+00,nan,nan,nan,nan,nan,nan
2.7528727085e-04,1.7499899254e-05,2.3756138826e+01,-1.9891897383e+01,-8.6564656830e+00,4.4436227866e+01,3.3205104692e+01,-1.8105431549e+01,3.3205103544e+01,1.8105431549e+01,0.0000000000e+00,nan,nan,nan,nan,nan,nan
-1.2739155936e-04,7.2873638010e-05,4.0288873009e+01,1.3126458737e+01,-3.5963095675e+01,6.9838849666e+01,4.2484367322e+01,-3.8158589988e+01,4.2484367321e+01,3.8158589988e+01,0.0000000000e+00,nan,nan,nan,nan,nan,nan
2.0846297192e-04,7.1044637440e-05,-5.3638920271e+00,-2.2326147204e+00,-1.6439890409e+01,1.0339267378e+01,-4.9325124138e+00,-1.6871270022e+01,-9.7993391700e-03,1.6871270022e+01,0.0000000000e+00,nan,nan,nan,nan,nan,nan
2.9237532836e-04,8.6108364685e-05,-2.8256848494e+00,-8.8036787191e+00,-7.3558105023e+00,1.5743774466e+01,3.9989247504e+00,-1.4180420102e+01,3.9989247602e+00,1.4180420102e+01,0.0000000000e+00,nan,nan,nan,nan,nan,nan
-2.8500328139e-04,1.1933394848e-05,2.1341581020e+02,6.8517748638e+01,3.5880663164e+00,2.1702771924e+02,2.3380295038e+02,-1.6799073864e+01,2.3380295038e+02,1.6799073864e+01,0.0000000000e+00,nan,nan,nan,nan,nan,nan
-2.8170874816e-04,1.1729084869e-05,2.1704433673e+02,6.7184199501e+01,6.4712030723e-01,2.2058346754e+02,2.3619965288e+02,-1.8508195848e+01,2.3619965288e+02,1.8508195848e+01,0.0000000000e+00,nan,nan,nan,nan,nan,nan
4.6006424727e-05,1.0127329704e-04,6.8104876622e+00,4.1404156523e+00,-2.4540647559e+01,2.8055728620e+01,7.3329025227e+00,-2.5063062420e+01,7.3280585891e+00,2.5063062420e+01,0.0000000000e+00,nan,nan,nan,nan,nan,nan
-2.1118231147e-04,7.2954234666e-05,2.2387689692e+01,2.7402564363e+01,-2.4632203182e+01,6.2533216358e+01,3.4981312553e+01,-3.7225826043e+01,3.4981312553e+01,3.7225826043e+01,0.0000000000e+00,nan,nan,nan,nan,nan,nan
-3.4372839058e-04,1.4672299016e-05,8.7923679398e+01,4.9020462006e+01,5.9122328776e+00,1.1068980110e+02,1.1082474260e+02,-1.6988830321e+01,1.1082474260e+02,1.6988828008e+01,0.0000000000e+00,nan,nan,nan,nan,nan,nan
3.6276147121e-04,1.5761180682e-05,1.0646124695e+00,-1.5151100255e+01,6.9478281447e+00,2.6728177138e+01,1.9437740572e+01,-1.1425299958e+01,1.9437740572e+01,1.1425286931e+01,0.0000000000e+00,nan,nan,nan,nan,nan,nan
3.5887205322e-04,1.5611487806e-05,6.9516642077e-01,-1.4705994531e+01,4.9055623961e+00,2.5727294829e+01,1.7654025003e+01,-1.2053296186e+01,1.7654025003e+01,1.2053300961e+01,0.0000000000e+00,nan,nan,nan,nan,nan,nan
8.9574584321e-05,1.2323492937e-04,-1.0571177051e+01,4.6934985790e+00,-2.0327239272e+01,1.1754551314e+01,-8.6627147963e+00,-2.2235701527e+01,1.3953021333e-05,2.2235706764e+01,0.0000000000e+00,nan,nan,nan,nan,nan,nan
-1.3039167851e-04,7.2975852793e-05,3.9888557266e+01,1.3736022510e+01,-3.5678661698e+01,6.9631993215e+01,4.2306997811e+01,-3.8097102243e+01,4.2306997811e+01,3.8097102243e+01,0.0000000000e+00,nan,nan,nan,nan,nan,nan
3.4176172867e-06,1.1431765319e-04,-1.8533062395e+01,-6.5008220346e+00,-3.5263956688e+01,1.8338413793e+01,-1.6310821402e+01,-3.7486197681e+01,1.8214635750e-04,3.7486197681e+01,0.0000000000e+00,nan,nan,nan,nan,nan,nan
3.0429296098e-04,4.0495341954e-05,-1.4201749972e+00,-9.4292646838e+00,-9.0113159270e+00,1.7603236940e+01,4.9474881237e+00,-1.5378979048e+01,4.9474880969e+00,1.5378979048e+01,0.0000000000e+00,nan,nan,nan,nan,nan,nan
3.0094496878e-04,4.3634829700e-05,-1.5762852939e+00,-9.1788078298e+00,-9.2483167227e+00,1.7228516009e+01,4.5345873471e+00,-1.5359189364e+01,4.5345873744e+00,1.5359189364e+01,0.0000000000e+00,nan,nan,nan,nan,nan,nan
4.5671055756e-05,1.2334761644e-04,-2.7697618084e+01,-6.9874903805e+00,-3.6742320098e+01,1.4276507374e+01,-2.3977423716e+01,-4.0462514467e+01,-2.8636108283e-05,4.0462514466e+01,0.0000000000e+00,nan,nan,nan,nan,nan,nan
5.0353945451e-05,1.2509162459e-04,-2.8142329754e+01,-6.3766598301e+00,-3.6982473316e+01,1.3245184986e+01,-2.4915290418e+01,-4.0209512653e+01,-9.4176679867e-05,4.0209512647e+01,0.0000000000e+00,nan,nan,nan,nan,nan,nan
3.3085884823e-04,1.4421344079e-05,-1.1156898291e+00,-1.1651095845e+01,-6.5686267749e+00,2.0722928154e+01,8.1222298463e+00,-1.5806546450e+01,8.1222298463e+00,1.5806546450e+01,0.0000000000e+00,nan,nan,nan,nan,nan,nan
-2.0248690806e-04,4.4136855079e-05,8.7765501998e+01,3.4548421427e+01,-3.1849757225e+01,1.1962811811e+02,9.7025198581e+01,-4.1109453808e+01,9.7025198581e+01,4.1109453808e+01,0.0000000000e+00,nan,nan,nan,nan,nan,nan
-2.1215587915e-04,1.6812570378e-05,1.7891971556e+02,3.7420100412e+01,-3.8189007021e+01,1.9887616259e+02,1.8518656028e+02,-4.4455851736e+01,1.8518656028e+02,4.4455851736e+01,0.0000000000e+00,nan,nan,nan,nan,nan,nan
-2.7105051465e-04,7.8908920728e-06,2.4622825601e+02,6.0859855530e+01,-1.3221534998e+01,2.4817768118e+02,2.5978881154e+02,-2.6782090530e+01,2.5978881154e+02,2.6782090530e+01,0.0000000000e+00,nan,nan,nan,nan,nan,nan
2.9392531331e-04,1.2168298754e-05,2.0941404486e+01,-1.9964336550e+01,-6.6589688013e+00,4.2035269686e+01,3.1410292111e+01,-1.7127856427e+01,3.1410292153e+01,1.7127856427e+01,0.0000000000e+00,nan,nan,nan,nan,nan,nan
2.8993401061e-04,1.2075327191e-05,2.2080988695e+01,-2.0776431044e+01,-6.2418896530e+00,4.3551124584e+01,3.3063803023e+01,-1.7224703981e+01,3.3063802990e+01,1.7224703981e+01,0.0000000000e+00,nan,nan,nan,nan,nan,nan
3.2333097649e-04,9.2262543740e-05,-3.9585541339e+00,-9.4742958106e+00,-2.8417837888e+00,1.6436429887e+01,6.0894082585e+00,-1.2889746181e+01,6.0894082585e+00,1.2889746181e+01,0.0000000000e+00,nan,nan,nan,nan,nan,nan
2.7003841508e-04,1.1546684322e-05,2.4676415599e+01,-1.9669452889e+01,-1.1152728224e+01,4.6075730707e+01,3.3363679214e+01,-1.9839991840e+01,3.3363679428e+01,1.9839991840e+01,0.0000000000e+00,nan,nan,nan,nan,nan,nan
2.6599277251e-04,1.1391465507e-05,2.5157176067e+01,-1.8937129477e+01,-1.2302858040e+01,4.6127689835e+01,3.3058993157e+01,-2.0204675130e+01,3.3058993295e+01,2.0204675130e+01,0.0000000000e+00,nan,nan,nan,nan,nan,nan
3.6053800498e-05,1.0079611028e-04,5.1123373078e+00,-7.9428124024e-01,-2.9907636813e+01,3.0349584731e+01,5.1246911615e+00,-2.9919990667e+01,5.1303012266e+00,2.9919990667e+01,0.0000000000e+00,nan,nan,nan,nan,nan,nan
2.7256884410e-05,9.6863464386e-05,8.4936117967e+00,-3.1804506191e+00,-3.1664480223e+01,3.5207437126e+01,8.7415890891e+00,-3.1912457516e+01,8.7458508998e+00,3.1912457516e+01,0.0000000000e+00,nan,nan,nan,nan,nan,nan
2.1803857155e-05,9.5922478982e-05,9.1513394000e+00,-4.4220270366e+00,-3.2883602451e+01,3.7197751303e+01,9.6100002027e+00,-3.3342263254e+01,9.6140787865e+00,3.3342263254e+01,0.0000000000e+00,nan,nan,nan,nan,nan,nan
1.9062446995e-05,9.5496231197e-05,9.4995979229e+00,-4.9203144635e+00,-3.3402485986e+01,3.8117046778e+01,1.0055443186e+01,-3.3958331249e+01,1.0058015289e+01,3.3958331249e+01,0.0000000000e+00,nan,nan,nan,nan,nan,nan
1.3551224986e-05,9.4724783113e-05,1.0213326886e+01,-5.6955444527e+00,-3.4282841881e+01,3.9776016724e+01,1.0929936466e+01,-3.4999451460e+01,1.0929873187e+01,3.4999451460e+01,0.0000000000e+00,nan,nan,nan,nan,nan,nan
8.9136858905e-06,9.6189233070e-05,7.9797425232e+00,-6.2102540666e+00,-3.5031914894e+01,3.8769710262e+01,8.8576164712e+00,-3.5909788842e+01,8.8613082485e+00,3.5909788842e+01,0.0000000000e+00,nan,nan,nan,nan,nan,nan
3.3788023171e-06,9.5583902771e-05,8.6653293766e+00,-6.4772329165e+00,-3.5501737433e+01,3.9859977726e+01,9.5949648418e+00,-3.6431372899e+01,9.5996087905e+00,3.6431372899e+01,0.0000000000e+00,nan,nan,nan,nan,nan,nan
5.9999854754e-07,9.5312425726e-05,9.0035987784e+00,-6.5306854798e+00,-3.5689198989e+01,4.0323051183e+01,9.9377243495e+00,-3.6623324561e+01,9.9417029764e+00,3.6623324561e+01,0.0000000000e+00,nan,nan,nan,nan,nan,nan
-1.7321164441e-05,9.2004568007e-05,1.3824748865e+01,-5.8738233513e+00,-3.6498756321e+01,4.4752518784e+01,1.4500875039e+01,-3.7174882495e+01,1.4501174707e+01,3.7174882495e+01,0.0000000000e+00,nan,nan,nan,nan,nan,nan
-2.3013097680e-05,9.1721875965e-05,1.4379033403e+01,-5.3638775731e+00,-3.6601036133e+01,4.5116294801e+01,1.4936903583e+01,-3.7158906313e+01,1.4937180414e+01,3.7158906313e+01,0.0000000000e+00,nan,nan,nan,nan,nan,nan
-2.5865793039e-05,9.1599402138e-05,1.4642967120e+01,-5.0658057819e+00,-3.6630920986e+01,4.5262412448e+01,1.5138289078e+01,-3.7126242944e+01,1.5138483713e+01,3.7126242944e+01,0.0000000000e+00,nan,nan,nan,nan,nan,nan
-3.1583076304e-05,9.1389168385e-05,1.5143083523e+01,-4.3951613125e+00,-3.6653712132e+01,4.5498029854e+01,1.5512985480e+01,-3.7023614088e+01,1.5513021737e+01,3.7023614088e+01,0.0000000000e+00,nan,nan,nan,nan,nan,nan
-3.7314167828e-05,9.1221588143e-05,1.5604040565e+01,-3.6392127943e+00,-3.6632866408e+01,4.5674781473e+01,1.5855934457e+01,-3.6884760300e+01,1.5855879530e+01,3.6884760300e+01,0.0000000000e+00,nan,nan,nan,nan,nan,nan
-4.0184137700e-05,9.1152582349e-05,1.5818883096e+01,-3.2340234200e+00,-3.6607755210e+01,4.5746275576e+01,1.6017188461e+01,-3.6806060575e+01,1.6017119266e+01,3.6806060575e+01,0.0000000000e+00,nan,nan,nan,nan,nan,nan
-4.5931436747e-05,9.1041973577e-05,1.6215222109e+01,-2.3777078524e+00,-3.6530681845e+01,4.5863745681e+01,1.6321716047e+01,-3.6637175783e+01,1.6321644093e+01,3.6637175783e+01,0.0000000000e+00,nan,nan,nan,nan,nan,nan
-4.8808177203e-05,9.0999611191e-05,1.6395810767e+01,-1.9296467983e+00,-3.6479503160e+01,4.5912322564e+01,1.6465645595e+01,-3.6549337988e+01,1.6465591882e+01,3.6549337988e+01,0.0000000000e+00,nan,nan,nan,nan,nan,nan
-5.4566379049e-05,9.0939119253e-05,1.6719402432e+01,-1.0006376561e+00,-3.6353373095e+01,4.5994109765e+01,1.6737726322e+01,-3.6371696986e+01,1.6737716145e+01,3.6371696986e+01,0.0000000000e+00,nan,nan,nan,nan,nan,nan
-5.7447257808e-05,9.0920399644e-05,1.6861414584e+01,-5.2219208052e-01,-3.6278888034e+01,4.6028772746e+01,1.6865987610e+01,-3.6283461060e+01,1.6865992282e+01,3.6283461060e+01,0.0000000000e+00,nan,nan,nan,nan,nan,nan
-6.3211117904e-05,9.0904701571e-05,1.7103353545e+01,4.5690202160e-01,-3.6107978239e+01,4.6088112549e+01,1.7106671839e+01,-3.6111296533e+01,1.7106688787e+01,3.6111296533e+01,0.0000000000e+00,nan,nan,nan,nan,nan,nan
-6.8975845270e-05,9.0916575432e-05,1.7285657179e+01,1.4588157516e+00,-3.5908682005e+01,4.6135760895e+01,1.7324981559e+01,-3.5948006385e+01,1.7324997741e+01,3.5948006385e+01,0.0000000000e+00,nan,nan,nan,nan,nan,nan
-7.1857804485e-05,9.0932390914e-05,1.7353113506e+01,1.9660012287e+00,-3.5798637816e+01,4.6155377546e+01,1.7425057496e+01,-3.5870581806e+01,1.7425068896e+01,3.5870581806e+01,0.0000000000e+00,nan,nan,nan,nan,nan,nan
1.0381356362e-04,1.4641145701e-04,-4.4436533155e+00,-2.0640695411e+00,-1.6843116406e+01,1.1315400711e+01,-4.1104352140e+00,-1.7176334507e+01,1.2139021988e-02,1.7176337826e+01,0.0000000000e+00,nan,nan,nan,nan,nan,nan
-2.2449216305e-04,1.2157356274e-05,2.0122284239e+02,4.0333217310e+01,-3.6543983329e+01,2.1743632581e+02,2.0787635077e+02,-4.3197491708e+01,2.0787635077e+02,4.3197491708e+01,0.0000000000e+00,nan,nan,nan,nan,nan,nan
-2.3567593447e-04,1.2256329136e-05,2.0544891788e+02,4.4773322833e+01,-3.2711912418e+01,2.2034611257e+02,2.1358539014e+02,-4.0848384681e+01,2.1358539014e+02,4.0848384681e+01,0.0000000000e+00,nan,nan,nan,nan,nan,nan
1.9046143357e-04,5.7105031721e-05,1.3819219655e+01,-8.8757779872e+00,-1.4443677999e+01,2.8911216931e+01,1.6379669706e+01,-1.7004128050e+01,1.6382854222e+01,1.7004128050e+01,0.0000000000e+00,nan,nan,nan,nan,nan,nan
1.3456676366e-04,8.6461287323e-05,6.8372780626e-01,-2.7545593260e+00,-1.7285356367e+01,1.6269033876e+01,1.0921168077e+00,-1.7693745368e+01,1.0207589856e+00,1.7693745368e+01,0.0000000000e+00,nan,nan,nan,nan,nan,nan
-2.7466453644e-04,7.9660850871e-06,2.4699661240e+02,6.3277157550e+01,-9.6197590799e+00,2.4778067773e+02,2.6174466765e+02,-2.4367814326e+01,2.6174466765e+02,2.4367814326e+01,0.0000000000e+00,nan,nan,nan,nan,nan,nan
-1.2554149155e-04,5.4417061719e-05,7.2162528117e+01,1.3994293388e+01,-4.0216124234e+01,1.0029439575e+02,7.3878198326e+01,-4.1931794443e+01,7.3878198326e+01,4.1931794443e+01,0.0000000000e+00,nan,nan,nan,nan,nan,nan
-2.5247712671e-04,2.6537207504e-05,1.3956864413e+02,5.2046986338e+01,-1.9317886400e+01,1.6449481819e+02,1.5509650643e+02,-3.4845748693e+01,1.5509650643e+02,3.4845748693e+01,0.0000000000e+00,nan,nan,nan,nan,nan,nan
-2.4930498004e-04,2.6330114629e-05,1.4133190024e+02,5.1231333169e+01,-2.1062671244e+01,1.6628637361e+02,1.5614009707e+02,-3.5870868071e+01,1.5614009707e+02,3.5870868071e+01,0.0000000000e+00,nan,nan,nan,nan,nan,nan
3.5597797192e-04,5.5120274599e-05,-4.3989473592e+00,-1.2040909408e+01,4.9603269993e+00,2.2368877161e+01,1.3195367071e+01,-1.2633987431e+01,1.3195367071e+01,1.2633987430e+01,0.0000000000e+00,nan,nan,nan,nan,nan,nan
-2.9242855249e-04,6.7568617135e-06,2.5607088821e+02,7.4547385977e+01,3.3280133658e+00,2.5411883649e+02,2.7641502944e+02,-1.7016127867e+01,2.7641502944e+02,1.7016127867e+01,0.0000000000e+00,nan,nan,nan,nan,nan,nan
-2.8884977399e-04,6.6370210980e-06,2.5880117475e+02,7.2803021230e+01,2.1070745474e+00,2.5556918052e+02,2.7800705982e+02,-1.7098810516e+01,2.7800705982e+02,1.7098810516e+01,0.0000000000e+00,nan,nan,nan,nan,nan,nan
-2.6532233641e-04,4.5036044299e-05,6.2214788341e+01,4.4332331452e+01,-1.1698833273e+01,9.9960763247e+01,8.2970351103e+01,-3.2454396035e+01,8.2970351103e+01,3.2454396035e+01,0.0000000000e+00,nan,nan,nan,nan,nan,nan
-3.1173238858e-04,2.0179995621e-05,1.1163885056e+02,5.3473008180e+01,5.1599650565e+00,1.3069907447e+02,1.3385855364e+02,-1.7059738019e+01,1.3385855364e+02,1.7059738019e+01,0.0000000000e+00,nan,nan,nan,nan,nan,nan
-3.3933701829e-04,3.5012160790e-05,4.7244138575e+01,3.3827467715e+01,3.0073786407e+00,6.9964436357e+01,6.5519744772e+01,-1.5268227557e+01,6.5519744772e+01,1.5268227353e+01,0.0000000000e+00,nan,nan,nan,nan,nan,nan
-3.3377777362e-04,3.7138743274e-05,4.5217692091e+01,3.0754633262e+01,-1.6948613082e+00,6.6977149845e+01,6.0430690884e+01,-1.6907860101e+01,6.0430690884e+01,1.6907860162e+01,0.0000000000e+00,nan,nan,nan,nan,nan,nan
2.7825187061e-04,1.2417185131e-04,-2.3389579866e+00,-7.8177297565e+00,-7.5753589750e+00,1.4279064370e+01,3.2868631768e+00,-1.3201180138e+01,3.2868631777e+00,1.3201180138e+01,0.0000000000e+00,nan,nan,nan,nan,nan,nan
-1.8070891080e-04,9.6807852682e-05,1.0561604190e+00,1.7101448304e+01,-2.7048979907e+01,3.8335414350e+01,9.1365520508e+00,-3.5129371538e+01,9.1365501868e+00,3.5129371538e+01,0.0000000000e+00,nan,nan,nan,nan,nan,nan
-2.4360634866e-04,7.7277886932e-05,-2.0880832992e+00,2.5329589411e+01,-1.9041246996e+01,4.6255487654e+01,1.6140953101e+01,-3.7270283396e+01,1.6140953101e+01,3.7270283396e+01,0.0000000000e+00,nan,nan,nan,nan,nan,nan
2.9922813143e-04,1.1017578038e-04,-3.1434798632e+00,-8.5124533984e+00,-5.8011793103e+00,1.4921426506e+01,4.1425600233e+00,-1.3087219197e+01,4.1425600233e+00,1.3087219197e+01,0.0000000000e+00,nan,nan,nan,nan,nan,nan
1.8082150478e-04,1.5330534788e-04,1.3499331306e+00,-5.4656363798e+00,-1.2439105608e+01,1.5237295021e+01,3.2526701434e+00,-1.4341842621e+01,3.2544393664e+00,1.4341842621e+01,0.0000000000e+00,nan,nan,nan,nan,nan,nan
1.8457992086e-04,1.5085301007e-04,6.7166590560e-01,-5.5469656645e+00,-1.2347746865e+01,1.4812098470e+01,2.7137285593e+00,-1.4389809519e+01,2.7146989035e+00,1.4389809519e+01,0.0000000000e+00,nan,nan,nan,nan,nan,nan
3.6863661611e-04,3.6631382510e-05,-3.6630553910e+00,-1.3986131806e+01,1.1120023538e+01,2.7388612159e+01,1.9541306676e+01,-1.2084338529e+01,1.9541306676e+01,1.2084338325e+01,0.0000000000e+00,nan,nan,nan,nan,nan,nan
3.1327070609e-04,1.0168635407e-04,-3.6486534409e+00,-8.9732863221e+00,-4.2254015433e+00,1.5548687607e+01,5.0400114833e+00,-1.2914066468e+01,5.0400114833e+00,1.2914066468e+01,0.0000000000e+00,nan,nan,nan,nan,nan,nan
2.4550282372e-04,1.3856620148e-04,-1.0409615050e+00,-6.9935224710e+00,-9.6113563010e+00,1.4205497779e+01,2.8753890638e+00,-1.3527706870e+01,2.8753881839e+00,1.3527706870e+01,0.0000000000e+00,nan,nan,nan,nan,nan,nan
5.9416219098e-05,1.2930919169e-04,-2.7631619044e+01,-3.6679763912e+00,-3.5932082810e+01,9.0882319232e+00,-2.6534757780e+01,-3.7028944074e+01,1.2038166233e-03,3.7028952728e+01,0.0000000000e+00,nan,nan,nan,nan,nan,nan
7.6995799370e-05,1.3733416740e-04,-1.7163253393e+01,2.5858674287e+00,-1.6565239727e+01,5.1081357868e+00,-1.3915062988e+01,-1.9813430131e+01,2.8127002106e-01,1.9742119171e+01,0.0000000000e+00,nan,nan,nan,nan,nan,nan
-3.0879080387e-04,4.9261111555e-05,4.2328811938e+01,2.8559167847e+01,-3.2247890095e+00,6.3370369046e+01,5.6138911092e+01,-1.7034888163e+01,5.6138911092e+01,1.7034888163e+01,0.0000000000e+00,nan,nan,nan,nan,nan,nan
-3.1190547866e-04,4.8440464616e-05,4.0947826574e+01,2.8546967820e+01,-3.5042203204e+00,6.2758594775e+01,5.4955494714e+01,-1.7511888461e+01,5.4955494714e+01,1.7511888461e+01,0.0000000000e+00,nan,nan,nan,nan,nan,nan
-3.1715224479e-04,4.4871056301e-05,4.2524832612e+01,2.9083650731e+01,-2.9904054903e+00,6.4069704928e+01,5.6757874948e+01,-1.7223447826e+01,5.6757874948e+01,1.7223447826e+01,0.0000000000e+00,nan,nan,nan,nan,nan,nan
-2.6235954035e-04,6.8639967714e-05,6.0299700426e-01,2.9290332545e+01,-1.4549927005e+01,5.2388363387e+01,2.3272970704e+01,-3.7219900704e+01,2.3272970704e+01,3.7219900704e+01,0.0000000000e+00,nan,nan,nan,nan,nan,nan
-2.5756796857e-04,7.1939749751e-05,-2.4138555873e+00,2.7434111191e+01,-1.5954907893e+01,4.8929385026e+01,1.9065011876e+01,-3.7433775355e+01,1.9065011876e+01,3.7433775355e+01,0.0000000000e+00,nan,nan,nan,nan,nan,nan
3.4302422674e-04,1.5037718361e-05,-5.2482179522e-01,-1.3178045175e+01,-2.3321170033e+00,2.2873706803e+01,1.1777671381e+01,-1.4634610179e+01,1.1777671381e+01,1.4634610180e+01,0.0000000000e+00,nan,nan,nan,nan,nan,nan
3.4702870851e-04,1.5180215421e-05,-2.9466400973e-01,-1.3583813446e+01,-6.2265719203e-01,2.3524767565e+01,1.3123370285e+01,-1.4040691487e+01,1.3123370285e+01,1.4040691461e+01,0.0000000000e+00,nan,nan,nan,nan,nan,nan
-2.3025805582e-04,5.4285958451e-05,5.2917295751e+01,3.7566162397e+01,-2.2592067289e+01,9.2244485959e+01,6.8419993031e+01,-3.8094764569e+01,6.8419993031e+01,3.8094764569e+01,0.0000000000e+00,nan,nan,nan,nan,nan,nan
1.8855769961e-04,1.5211030753e-04,1.0711008637e+00,-5.6810231496e+00,-1.2133372881e+01,1.5084716674e+01,3.1780292236e+00,-1.4240301241e+01,3.1781552933e+00,1.4240301241e+01,0.0000000000e+00,nan,nan,nan,nan,nan,nan
-1.4006926144e-04,1.0554472176e-04,6.4208666484e-02,1.2028013758e+01,-2.9683789385e+01,3.3129670265e+01,4.3176336861e+00,-3.3937214405e+01,4.3098066327e+00,3.3937214405e+01,0.0000000000e+00,nan,nan,nan,nan,nan,nan
1.0513300484e-04,1.2567895613e-04,-1.1703370424e+01,1.7436087199e+00,-1.8879915333e+01,6.8698328077e+00,-1.1325343058e+01,-1.9257942699e+01,6.0219221232e-07,1.9257942716e+01,0.0000000000e+00,nan,nan,nan,nan,nan,nan
8.0943106909e-05,1.1830756862e-04,-7.2723332395e+00,5.1571126825e+00,-2.0005251885e+01,1.4220718595e+01,-5.4284568535e+00,-2.1849128271e+01,3.8789461690e-04,2.1849127585e+01,0.0000000000e+00,nan,nan,nan,nan,nan,nan
2.8026704305e-04,1.0967595079e-04,-2.7204594598e+00,-8.1056416895e+00,-7.7317127190e+00,1.4694046563e+01,3.2575256494e+00,-1.3709697828e+01,3.2575256616e+00,1.3709697828e+01,0.0000000000e+00,nan,nan,nan,nan,nan,nan
1.3040688362e-04,8.2140251520e-05,2.4665461242e+00,-1.8094377191e+00,-1.9543264805e+01,1.9313410155e+01,2.6122432112e+00,-1.9688961892e+01,2.6073549706e+00,1.9688961892e+01,0.0000000000e+00,nan,nan,nan,nan,nan,nan
2.6632497489e-04,9.1874850145e-05,-3.0066932689e+00,-7.4005228837e+00,-9.8580018825e+00,1.4123840889e+01,1.7220557638e+00,-1.4586750915e+01,1.7220072356e+00,1.4586750915e+01,0.0000000000e+00,nan,nan,nan,nan,nan,nan
2.6290976250e-04,9.4798365908e-05,-3.0400256316e+00,-7.2581871562e+00,-1.0001091119e+01,1.3941410420e+01,1.5285186835e+00,-1.4569635434e+01,1.5283679172e+00,1.4569635434e+01,0.0000000000e+00,nan,nan,nan,nan,nan,nan
2.2646023289e-04,1.4101647208e-04,-7.2436176690e-01,-6.5672851889e+00,-1.0622695633e+01,1.4242590583e+01,2.5494348069e+00,-1.3896492207e+01,2.5494541467e+00,1.3896492207e+01,0.0000000000e+00,nan,nan,nan,nan,nan,nan
1.8438412054e-04,1.0655737926e-04,-6.8151264399e+00,-2.1367361590e+00,-1.5461504777e+01,8.3479660370e+00,-6.3186151697e+00,-1.5958016047e+01,-1.8224696803e-07,1.5958016047e+01,0.0000000000e+00,nan,nan,nan,nan,nan,nan
1.8096825939e-04,1.0904044754e-04,-6.9991868967e+00,-2.0107212880e+00,-1.5552022259e+01,8.1792358652e+00,-6.5533205493e+00,-1.5997888606e+01,2.4923261473e-07,1.5997888606e+01,0.0000000000e+00,nan,nan,nan,nan,nan,nan
-2.5755023998e-04,4.3428347675e-05,7.1547754953e+01,4.5388132827e+01,-1.4720085596e+01,1.0844626651e+02,9.1025315839e+01,-3.4197646482e+01,9.1025315839e+01,3.4197646482e+01,0.0000000000e+00,nan,nan,nan,nan,nan,nan
2.3670160273e-04,9.9671355659e-05,-3.7494364941e+00,-5.8148556750e+00,-1.1830307640e+01,1.2263412892e+01,-7.0958733261e-01,-1.4870156802e+01,5.1315324807e-03,1.4870156802e+01,0.0000000000e+00,nan,nan,nan,nan,nan,nan
3.6539332320e-04,4.0284610338e-05,-3.7788813791e+00,-1.3600040234e+01,9.3343411361e+00,2.6140910935e+01,1.7870191844e+01,-1.2314732087e+01,1.7870191844e+01,1.2314731908e+01,0.0000000000e+00,nan,nan,nan,nan,nan,nan
2.2473180478e-04,9.6643247038e-05,-4.4310766949e+00,-4.8479592360e+00,-1.2934202681e+01,1.1167052126e+01,-2.2353391372e+00,-1.5129940239e+01,2.5188842020e-05,1.5129940239e+01,0.0000000000e+00,nan,nan,nan,nan,nan,nan
-1.1202234680e-04,9.1791523815e-05,1.6300255085e+01,9.0561660167e+00,-3.3560486162e+01,4.5939715933e+01,1.7893191822e+01,-3.5153422899e+01,1.7893191790e+01,3.5153422899e+01,0.0000000000e+00,nan,nan,nan,nan,nan,nan
-1.0917772447e-04,9.1691001743e-05,1.6517575131e+01,8.5713878495e+00,-3.3762115066e+01,4.6003142698e+01,1.7937656853e+01,-3.5182196788e+01,1.7937656572e+01,3.5182196788e+01,0.0000000000e+00,nan,nan,nan,nan,nan,nan
3.2840917703e-04,4.3432066367e-05,-1.3649038213e+00,-1.1810270812e+01,-3.8187886995e+00,2.0562636458e+01,9.2799974336e+00,-1.4463689954e+01,9.2799974336e+00,1.4463689954e+01,0.0000000000e+00,nan,nan,nan,nan,nan,nan
2.9017171919e-04,4.9225500407e-05,-1.9584106927e+00,-8.3212323853e+00,-1.0312402395e+01,1.6124653040e+01,3.1741662292e+00,-1.5444979317e+01,3.1741674495e+00,1.5444979317e+01,0.0000000000e+00,nan,nan,nan,nan,nan,nan
2.8608952026e-04,4.8590917854e-05,-2.0439818930e+00,-7.9395107175e+00,-1.0913369754e+01,1.5749331944e+01,2.6142052137e+00,-1.5571556861e+01,2.6142175955e+00,1.5571556861e+01,0.0000000000e+00,nan,nan,nan,nan,nan,nan
2.8199446670e-04,4.7940660637e-05,-2.1415132884e+00,-7.5514622367e+00,-1.1491551075e+01,1.5380985561e+01,2.0636839723e+00,-1.5696748336e+01,2.0635330863e+00,1.5696748336e+01,0.0000000000e+00,nan,nan,nan,nan,nan,nan
-2.4349978309e-04,6.7776998117e-05,1.5490786312e+01,3.1436746529e+01,-1.8478906017e+01,6.1882271490e+01,3.4233686250e+01,-3.7221805956e+01,3.4233686250e+01,3.7221805956e+01,0.0000000000e+00,nan,nan,nan,nan,nan,nan
2.5206641923e-04,9.9690090832e-05,-3.2013906740e+00,-6.7523031872e+00,-1.0641663346e+01,1.3352141658e+01,7.8733557061e-01,-1.4630389591e+01,7.8557478460e-01,1.4630389591e+01,0.0000000000e+00,nan,nan,nan,nan,nan,nan
2.7654082843e-04,8.3002849377e-05,-2.8485118114e+00,-7.8832098727e+00,-9.3741995885e+00,1.4776306882e+01,2.4197490557e+00,-1.4642460456e+01,2.4197412137e+00,1.4642460456e+01,0.0000000000e+00,nan,nan,nan,nan,nan,nan
2.5713604826e-04,8.2634454596e-05,-3.3003410799e+00,-6.5617221317e+00,-1.1308822321e+01,1.3313047067e+01,3.8170960736e-01,-1.4990873008e+01,3.8363838797e-01,1.4990873008e+01,0.0000000000e+00,nan,nan,nan,nan,nan,nan
2.6114860713e-04,8.3490398799e-05,-3.1768148981e+00,-6.8689423349e+00,-1.0881338648e+01,1.3639456767e+01,8.4566726308e-01,-1.4903820809e+01,8.4339696995e-01,1.4903820809e+01,0.0000000000e+00,nan,nan,nan,nan,nan,nan
2.9831224737e-04,1.0230781262e-04,-3.1042682486e+00,-8.7371166802e+00,-6.0430936332e+00,1.5344486988e+01,4.2854627522e+00,-1.3432824634e+01,4.2854627522e+00,1.3432824634e+01,0.0000000000e+00,nan,nan,nan,nan,nan,nan
-2.2651821486e-04,4.3754703594e-05,8.3249882253e+01,4.0723946433e+01,-2.5633219336e+01,1.1775386292e+02,9.6793555913e+01,-3.9176892996e+01,9.6793555913e+01,3.9176892996e+01,0.0000000000e+00,nan,nan,nan,nan,nan,nan
4.2010318319e-05,9.5893999995e-05,1.1400161792e+01,2.9021593800e+00,-2.4356131468e+01,3.1358131127e+01,1.1626640610e+01,-2.4582610285e+01,1.1626320279e+01,2.4582610285e+01,0.0000000000e+00,nan,nan,nan,nan,nan,nan
-2.4376632919e-04,4.3487655219e-05,7.7836132774e+01,4.4130093414e+01,-1.9964531272e+01,1.1408312264e+02,9.4801722317e+01,-3.6930120815e+01,9.4801722317e+01,3.6930120815e+01,0.0000000000e+00,nan,nan,nan,nan,nan,nan
7.7551461152e-05,1.3430074200e-04,-1.6100007542e+01,3.4040073136e+00,-1.6761070882e+01,6.3165209080e+00,-1.2783694165e+01,-2.0077384258e+01,1.4501218473e-01,2.0090145323e+01,0.0000000000e+00,nan,nan,nan,nan,nan,nan
-1.2230829998e-04,5.4358999570e-05,7.2449476160e+01,1.3242249907e+01,-4.0487634832e+01,1.0045843277e+02,7.3980623864e+01,-4.2018782536e+01,7.3980623864e+01,4.2018782536e+01,0.0000000000e+00,nan,nan,nan,nan,nan,nan
8.5995587462e-05,1.0954607546e-04,-4.1809805739e+00,3.8878914935e+00,-2.1505099659e+01,1.6461762561e+01,-3.3388370706e+00,-2.2347243162e+01,1.2579083959e-03,2.2347243159e+01,0.0000000000e+00,nan,nan,nan,nan,nan,nan
2.0754928226e-04,4.8174545200e-05,2.0081899914e+01,-1.0930971402e+01,-1.3894449503e+01,3.4989010433e+01,2.3294639797e+01,-1.7107189387e+01,2.3292789632e+01,1.7107189387e+01,0.0000000000e+00,nan,nan,nan,nan,nan,nan
2.0361634686e-04,4.7580768399e-05,2.0178575833e+01,-1.0664783453e+01,-1.4076561218e+01,3.4946112989e+01,2.3227155049e+01,-1.7125140434e+01,2.3227555496e+01,1.7125140434e+01,0.0000000000e+00,nan,nan,nan,nan,nan,nan
2.1149092473e-04,4.8764706331e-05,1.8584400369e+01,-1.0785366796e+01,-1.3777060626e+01,3.3685111490e+01,2.1851778058e+01,-1.7044438315e+01,2.1856922650e+01,1.7044438315e+01,0.0000000000e+00,nan,nan,nan,nan,nan,nan
2.7976999141e-04,1.0584066390e-04,-2.7715577023e+00,-8.1252018680e+00,-7.9052244894e+00,1.4757997325e+01,3.1821426326e+00,-1.3858924824e+01,3.1821425990e+00,1.3858924824e+01,0.0000000000e+00,nan,nan,nan,nan,nan,nan
-1.8602704640e-04,3.4681567596e-05,1.1603376594e+02,3.0736262957e+01,-3.7876473686e+01,1.4352604371e+02,1.2194344610e+02,-4.3786153849e+01,1.2194344610e+02,4.3786153849e+01,0.0000000000e+00,nan,nan,nan,nan,nan,nan
-1.9366488879e-04,7.7114595258e-05,2.2080219234e+01,2.4047279723e+01,-2.7140317110e+01,5.9594211396e+01,3.1876685053e+01,-3.6936782930e+01,3.1876685053e+01,3.6936782930e+01,0.0000000000e+00,nan,nan,nan,nan,nan,nan
3.2953723961e-04,5.1083394010e-05,-1.9504190618e+00,-1.1721271061e+01,-2.8891381372e+00,2.0314688106e+01,9.3089120467e+00,-1.4148469246e+01,9.3089120467e+00,1.4148469246e+01,0.0000000000e+00,nan,nan,nan,nan,nan,nan
1.6178771194e-04,8.1909252603e-05,-2.0363477577e+00,-2.9400198535e+00,-1.6441917973e+01,1.3479050826e+01,-1.4569992423e+00,-1.7021266488e+01,-1.6411273264e-01,1.7021266488e+01,0.0000000000e+00,nan,nan,nan,nan,nan,nan
-1.5026327180e-04,7.1874547699e-05,3.9422899756e+01,1.7897846088e+01,-3.3900966995e+01,7.0661331820e+01,4.3557305328e+01,-3.8035372567e+01,4.3557305328e+01,3.8035372567e+01,0.0000000000e+00,nan,nan,nan,nan,nan,nan
1.4846490615e-04,8.7651206492e-05,-2.1784325072e+00,-2.5995112861e+00,-1.6556783779e+01,1.3247398120e+01,-1.7192192727e+00,-1.7015997013e+01,-4.7009533856e-02,1.7015997013e+01,0.0000000000e+00,nan,nan,nan,nan,nan,nan
3.1431075338e-04,3.0936755116e-05,-9.9155610335e-01,-1.0224921315e+01,-8.2354717437e+00,1.8785953093e+01,6.2325611517e+00,-1.5459588999e+01,6.2325611512e+00,1.5459588999e+01,0.0000000000e+00,nan,nan,nan,nan,nan,nan
1.8043321569e-04,1.4578389171e-04,-9.2188351906e-01,-5.2101716908e+00,-1.2740707445e+01,1.3644827127e+01,1.0465491332e+00,-1.4709140097e+01,1.0613580059e+00,1.4709140097e+01,0.0000000000e+00,nan,nan,nan,nan,nan,nan
-2.9482845249e-04,1.2683581073e-05,1.9942737785e+02,7.0892890840e+01,6.1423590098e+00,2.0759044216e+02,2.2263726609e+02,-1.7067529235e+01,2.2263726609e+02,1.7067529235e+01,0.0000000000e+00,nan,nan,nan,nan,nan,nan
-2.9865889956e-04,1.0944847985e-05,2.1118129685e+02,7.3787958793e+01,6.7859146982e+00,2.1831907957e+02,2.3503018513e+02,-1.7062973580e+01,2.3503018513e+02,1.7062973580e+01,0.0000000000e+00,nan,nan,nan,nan,nan,nan
-3.0200327208e-04,1.1218267989e-05,2.0369753737e+02,7.3973956522e+01,7.7464164916e+00,2.1262742768e+02,2.2848247954e+02,-1.7038525673e+01,2.2848247954e+02,1.7038525673e+01,0.0000000000e+00,nan,nan,nan,nan,nan,nan
2.0286702860e-04,6.2812917533e-05,-4.1140886597e-01,-4.4250097750e+00,-1.5829592360e+01,1.5404162840e+01,7.7309694938e-01,-1.7014098175e+01,7.1599362236e-01,1.7014098175e+01,0.0000000000e+00,nan,nan,nan,nan,nan,nan
-1.6695853360e-04,3.0992768399e-05,1.2648412599e+02,2.5229575713e+01,-4.1843912124e+01,1.5218340460e+02,1.3018323655e+02,-4.5543022679e+01,1.3018323655e+02,4.5543022679e+01,0.0000000000e+00,nan,nan,nan,nan,nan,nan
-2.2083013632e-04,3.0424062929e-05,1.2854661584e+02,4.1726779465e+01,-3.1092956909e+01,1.5599923843e+02,1.3879303177e+02,-4.1339372836e+01,1.3879303177e+02,4.1339372836e+01,0.0000000000e+00,nan,nan,nan,nan,nan,nan
1.9887801390e-04,6.1914865009e-05,2.1397310270e+00,-5.3145413735e+00,-1.5542553991e+01,1.7876338987e+01,3.6194976444e+00,-1.7022320608e+01,3.5719580510e+00,1.7022320608e+01,0.0000000000e+00,nan,nan,nan,nan,nan,nan
-2.7538296270e-04,4.5443593676e-05,5.5665874881e+01,4.2563787277e+01,-7.9454432047e+00,9.2023648905e+01,7.6990094305e+01,-2.9269662629e+01,7.6990094305e+01,2.9269662629e+01,0.0000000000e+00,nan,nan,nan,nan,nan,nan
2.7454904545e-04,5.0245229401e-05,-2.4124548255e+00,-6.9478207057e+00,-1.2162308675e+01,1.4698672323e+01,1.1989006722e+00,-1.5773664173e+01,1.1987443259e+00,1.5773664173e+01,0.0000000000e+00,nan,nan,nan,nan,nan,nan
2.7530284155e-04,5.3917114695e-05,-2.4551393333e+00,-7.1290997249e+00,-1.1751129119e+01,1.4738538481e+01,1.4061649335e+00,-1.5612433386e+01,1.4068433761e+00,1.5612433386e+01,0.0000000000e+00,nan,nan,nan,nan,nan,nan
3.0117455662e-04,2.5917391277e-05,-1.1768975362e+00,-8.8388226916e+00,-1.0914169833e+01,1.7475036461e+01,4.0436833201e+00,-1.6134750689e+01,4.0436832981e+00,1.6134750689e+01,0.0000000000e+00,nan,nan,nan,nan,nan,nan
-1.9798485589e-04,3.1512461167e-05,1.2554350219e+02,3.4392825479e+01,-3.6530551149e+01,1.5247537283e+02,1.3253817307e+02,-4.3525222030e+01,1.3253817307e+02,4.3525222030e+01,0.0000000000e+00,nan,nan,nan,nan,nan,nan
-3.4923513507e-04,1.2101472704e-05,8.9988061443e+01,5.0440685308e+01,6.7432669500e+00,1.1326820768e+02,1.1376109439e+02,-1.7029766000e+01,1.1376109439e+02,1.7029777948e+01,0.0000000000e+00,nan,nan,nan,nan,nan,nan
-3.4189838214e-04,1.1023444216e-05,1.1265771975e+02,5.6034947388e+01,7.1870051464e+00,1.3327212944e+02,1.3686706226e+02,-1.7022337362e+01,1.3686706226e+02,1.7022337888e+01,0.0000000000e+00,nan,nan,nan,nan,nan,nan
1.3157466299e-04,1.2910391816e-04,-1.0381593502e+01,-6.9015379648e-01,-1.6984235677e+01,5.8435905545e+00,-1.0309116010e+01,-1.7056713169e+01,-3.7282745078e-06,1.7056713169e+01,0.0000000000e+00,nan,nan,nan,nan,nan,nan
-2.9365697588e-04,2.6301092356e-05,1.0755808204e+02,5.0996542990e+01,3.7796909109e+00,1.2601714901e+02,1.2842492138e+02,-1.7087148426e+01,1.2842492138e+02,1.7087148426e+01,0.0000000000e+00,nan,nan,nan,nan,nan,nan
1.1800957726e-04,1.2931284421e-04,-1.1412867786e+01,-8.6715289320e-02,-1.7067477648e+01,4.9094016739e+00,-1.1405728339e+01,-1.7074617095e+01,-2.1738046900e-06,1.7074617094e+01,0.0000000000e+00,nan,nan,nan,nan,nan,nan
1.3986782793e-04,1.0114652562e-04,-5.5834164372e+00,-1.0833324120e+00,-1.6901793655e+01,9.9867286596e+00,-5.4767645663e+00,-1.7008445526e+01,-2.5311198860e-04,1.7008445526e+01,0.0000000000e+00,nan,nan,nan,nan,nan,nan
2.9534781825e-04,3.5752595694e-05,-1.5083171576e+00,-8.4719120095e+00,-1.0830771255e+01,1.6745652039e+01,3.4985625059e+00,-1.5837650919e+01,3.4985634507e+00,1.5837650919e+01,0.0000000000e+00,nan,nan,nan,nan,nan,nan
1.2619247100e-04,9.9274137550e-05,-3.5367217967e+00,-1.3210500635e+00,-1.7205801455e+01,1.2044762985e+01,-3.4172144746e+00,-1.7325308778e+01,-7.4685248801e-04,1.7325308778e+01,0.0000000000e+00,nan,nan,nan,nan,nan,nan
9.9208257844e-05,9.5225567270e-05,-2.0652608081e-01,1.6362904977e+00,-2.2627395858e+01,1.9630497115e+01,-8.3288175801e-02,-2.2750633763e+01,1.9850331679e-01,2.2750633763e+01,0.0000000000e+00,nan,nan,nan,nan,nan,nan
1.0257085555e-04,9.6469209042e-05,-1.1930623026e+00,1.7358082233e+00,-2.2645628147e+01,1.8827462268e+01,-1.0493048164e+00,-2.2789385634e+01,-5.1550063168e-02,2.2789385634e+01,0.0000000000e+00,nan,nan,nan,nan,nan,nan
-1.7514234751e-04,1.6576160987e-05,1.7144627989e+02,2.6011072258e+01,-4.4798062640e+01,1.9261441589e+02,1.7453009349e+02,-4.7881876242e+01,1.7453009349e+02,4.7881876242e+01,0.0000000000e+00,nan,nan,nan,nan,nan,nan
3.5561801074e-04,1.9306513647e-05,2.3174823129e-01,-1.4648223500e+01,3.6746540006e+00,2.5541306252e+01,1.6699481156e+01,-1.2793078924e+01,1.6699481156e+01,1.2793078026e+01,0.0000000000e+00,nan,nan,nan,nan,nan,nan
-2.4982446998e-04,1.0814943938e-05,2.1865957072e+02,5.0430274600e+01,-2.6884828390e+01,2.2988239558e+02,2.2861003414e+02,-3.6835291805e+01,2.2861003414e+02,3.6835291805e+01,0.0000000000e+00,nan,nan,nan,nan,nan,nan
9.8420357632e-05,1.1556271648e-04,-8.2682557149e+00,3.7309995254e+00,-2.1715221901e+01,1.3332323408e+01,-7.2943182995e+00,-2.2689159316e+01,2.4233457285e-06,2.2689159326e+01,0.0000000000e+00,nan,nan,nan,nan,nan,nan
1.6107785196e-04,1.3866632435e-04,-4.6119711378e+00,-3.2813602432e+00,-1.4642077910e+01,1.0378162816e+01,-3.6351894288e+00,-1.5618859619e+01,-3.9250716785e-04,1.5618859619e+01,0.0000000000e+00,nan,nan,nan,nan,nan,nan
1.9374570843e-04,5.4723910230e-05,1.6222736114e+01,-9.6005176592e+00,-1.4243057942e+01,3.1191401947e+01,1.8998203397e+01,-1.7018525224e+01,1.8997963482e+01,1.7018525224e+01,0.0000000000e+00,nan,nan,nan,nan,nan,nan
1.3501794296e-04,8.9729289874e-05,-7.1741419248e-01,-2.8370347732e+00,-1.6522711243e+01,1.4535729535e+01,-2.2785535754e-01,-1.7012270077e+01,9.1538073128e-02,1.7012270077e+01,0.0000000000e+00,nan,nan,nan,nan,nan,nan
-3.0671064521e-04,7.3934179167e-06,2.3850313753e+02,8.0335059761e+01,8.1748653632e+00,2.4319453731e+02,2.6374743303e+02,-1.7069430139e+01,2.6374743303e+02,1.7069430139e+01,0.0000000000e+00,nan,nan,nan,nan,nan,nan
-3.1025988428e-04,7.5926487579e-06,2.3188037829e+02,8.1387870608e+01,9.5626239313e+00,2.3860970885e+02,2.5848288074e+02,-1.7039878524e+01,2.5848288074e+02,1.7039878524e+01,0.0000000000e+00,nan,nan,nan,nan,nan,nan
-2.8940015617e-04,4.0376605453e-05,6.5189806750e+01,3.7888978042e+01,3.4539674060e-01,8.6372508313e+01,8.2634792670e+01,-1.7099589180e+01,8.2634792670e+01,1.7099589180e+01,0.0000000000e+00,nan,nan,nan,nan,nan,nan
-1.6271563453e-04,5.3569143307e-05,7.0908572256e+01,2.2999194911e+01,-3.6426959009e+01,1.0112944667e+02,7.5627919879e+01,-4.1146306632e+01,7.5627919879e+01,4.1146306632e+01,0.0000000000e+00,nan,nan,nan,nan,nan,nan
-2.4913376430e-04,4.8540444823e-05,5.9854147103e+01,4.2377099971e+01,-1.7536959537e+01,9.9389897975e+01,7.8541378133e+01,-3.6224190567e+01,7.8541378133e+01,3.6224190567e+01,0.0000000000e+00,nan,nan,nan,nan,nan,nan
2.5298872692e-04,1.3673358979e-04,-1.2713877439e+00,-7.1566682604e+00,-9.1851870736e+00,1.4163498437e+01,2.9490122265e+00,-1.3405587044e+01,2.9490123953e+00,1.3405587044e+01,0.0000000000e+00,nan,nan,nan,nan,nan,nan
2.5649163097e-04,1.3389420796e-04,-1.5101302821e+00,-7.2594797250e+00,-9.0112070597e+00,1.4152019187e+01,2.9100034161e+00,-1.3431340758e+01,2.9100034997e+00,1.3431340758e+01,0.0000000000e+00,nan,nan,nan,nan,nan,nan
-3.2046857348e-04,1.6344579743e-05,1.1832249087e+02,5.6136097246e+01,6.2497161529e+00,1.3738316510e+02,1.4160431087e+02,-1.7032103840e+01,1.4160431087e+02,1.7032103840e+01,0.0000000000e+00,nan,nan,nan,nan,nan,nan
-3.2122040725e-04,4.3758579950e-05,4.2038719758e+01,2.9011007809e+01,-2.7662356096e+00,6.3563820342e+01,5.6334830859e+01,-1.7062346711e+01,5.6334830859e+01,1.7062346710e+01,0.0000000000e+00,nan,nan,nan,nan,nan,nan
1.0031058315e-04,1.4785733423e-04,-3.5643336248e+00,-2.7516013996e+00,-1.7748774715e+01,1.3173435765e+01,-3.0508674850e+00,-1.8262240855e+01,6.5783937972e-02,1.8262219618e+01,0.0000000000e+00,nan,nan,nan,nan,nan,nan
-3.3652816718e-04,3.8880214291e-05,4.3090782594e+01,3.2080078529e+01,2.2873727114e+00,6.5814255515e+01,6.0686955791e+01,-1.5308800486e+01,6.0686955791e+01,1.5308800445e+01,0.0000000000e+00,nan,nan,nan,nan,nan,nan
-2.7649446308e-04,6.4183275536e-05,-7.4428622216e-01,3.0456049541e+01,-1.1062396880e+01,5.3481011754e+01,2.4973934981e+01,-3.6780618084e+01,2.4973934981e+01,3.6780618084e+01,0.0000000000e+00,nan,nan,nan,nan,nan,nan
2.2326760641e-04,1.4749204872e-04,1.2974681690e-01,-6.4804774618e+00,-1.0645343753e+01,1.4595912076e+01,3.1691552980e+00,-1.3684752234e+01,3.1691575622e+00,1.3684752234e+01,0.0000000000e+00,nan,nan,nan,nan,nan,nan
2.7480401149e-04,1.2710516259e-04,-2.1623499213e+00,-7.6984286229e+00,-7.8069944341e+00,1.4201082907e+01,3.2143268613e+00,-1.3183671217e+01,3.2143268603e+00,1.3183671217e+01,0.0000000000e+00,nan,nan,nan,nan,nan,nan
3.3053682663e-04,8.9982106523e-05,-4.3286195024e+00,-9.5645910244e+00,-1.6995127869e+00,1.6719253314e+01,6.6387992567e+00,-1.2666931546e+01,6.6387992567e+00,1.2666931546e+01,0.0000000000e+00,nan,nan,nan,nan,nan,nan
2.0031726684e-04,1.5202026824e-04,1.0612113018e+00,-5.9729271222e+00,-1.1620016811e+01,1.5086400202e+01,3.4307344630e+00,-1.3989539972e+01,3.4308247692e+00,1.3989539972e+01,0.0000000000e+00,nan,nan,nan,nan,nan,nan
-1.9051969163e-04,9.5962258659e-05,-9.0768681009e-01,1.7803410263e+01,-2.6124380989e+01,3.7783479817e+01,8.2982683437e+00,-3.5330336143e+01,8.2982684448e+00,3.5330336143e+01,0.0000000000e+00,nan,nan,nan,nan,nan,nan
-1.5257554788e-04,1.0451916068e-04,-6.4017105965e-01,1.3368656777e+01,-2.8883877778e+01,3.3679022620e+01,4.6825683566e+00,-3.4206617195e+01,4.6747325450e+00,3.4206617195e+01,0.0000000000e+00,nan,nan,nan,nan,nan,nan
-1.0733249459e-04,1.1415810656e-04,-5.8130399937e+00,7.9882860631e+00,-3.0621331619e+01,2.5550691117e+01,-3.4654874118e+00,-3.2968884201e+01,-1.5439368052e-03,3.2968884201e+01,0.0000000000e+00,nan,nan,nan,nan,nan,nan
7.2504093534e-05,1.3331453317e-04,-1.3325205718e+01,3.5574812944e+00,-1.1314992831e+01,7.3648923337e+00,-8.0679767029e+00,-1.6572221846e+01,2.6975397984e-01,1.6580970167e+01,0.0000000000e+00,nan,nan,nan,nan,nan,nan
3.3008102298e-04,1.0743666493e-05,-1.5461515442e+00,-1.1489575230e+01,-7.1109971471e+00,2.0471347829e+01,7.4905638338e+00,-1.6147712525e+01,7.4905638338e+00,1.6147712525e+01,0.0000000000e+00,nan,nan,nan,nan,nan,nan
-2.4824540850e-04,7.6248213352e-05,-3.5247052266e+00,2.5505912993e+01,-1.8240218210e+01,4.5969274869e+01,1.5657911502e+01,-3.7422834938e+01,1.5657911502e+01,3.7422834938e+01,0.0000000000e+00,nan,nan,nan,nan,nan,nan
3.2378527677e-04,9.6239456929e-05,-4.0898534780e+00,-9.2452231612e+00,-2.7907434051e+00,1.6050626309e+01,5.8265349788e+00,-1.2707131862e+01,5.8265349788e+00,1.2707131862e+01,0.0000000000e+00,nan,nan,nan,nan,nan,nan
3.6895325067e-04,4.0922275266e-05,-4.5042788871e+00,-1.3167461106e+01,1.0840938995e+01,2.6385566464e+01,1.8402043954e+01,-1.2065383847e+01,1.8402043954e+01,1.2065384616e+01,0.0000000000e+00,nan,nan,nan,nan,nan,nan
-1.2139413764e-04,1.1059637006e-04,-3.0275547719e+00,9.6304725921e+00,-3.0299567951e+01,2.8912071292e+01,2.8830781869e-02,-3.3355953505e+01,1.4627732804e-02,3.3355953505e+01,0.0000000000e+00,nan,nan,nan,nan,nan,nan
3.3416233863e-04,1.0955818848e-05,-1.4436080495e+00,-1.1927310401e+01,-6.0644081420e+00,2.1037828828e+01,8.3921880412e+00,-1.5900204233e+01,8.3921880412e+00,1.5900204233e+01,0.0000000000e+00,nan,nan,nan,nan,nan,nan
3.5635414064e-04,5.9283634819e-05,-4.8439771380e+00,-1.1508300497e+01,4.8428455122e+00,2.1620697076e+01,1.2482149464e+01,-1.2483281090e+01,1.2482149464e+01,1.2483281090e+01,0.0000000000e+00,nan,nan,nan,nan,nan,nan
3.6283956668e-04,5.2332368738e-05,-5.0269350509e+00,-1.1939982295e+01,7.3588067820e+00,2.3288688136e+01,1.4611666230e+01,-1.2279794499e+01,1.4611666230e+01,1.2279794491e+01,0.0000000000e+00,nan,nan,nan,nan,nan,nan
3.6208997288e-04,1.1872362065e-05,1.3073381083e+00,-1.4570898927e+01,6.1403496419e+00,2.5579474577e+01,1.8492160408e+01,-1.1044472658e+01,1.8492160408e+01,1.1044454766e+01,0.0000000000e+00,nan,nan,nan,nan,nan,nan
3.5814926191e-04,1.1808494237e-05,6.9954608142e-01,-1.4168172712e+01,4.1828511422e+00,2.4721837040e+01,1.6714357882e+01,-1.1831960658e+01,1.6714357882e+01,1.1831963767e+01,0.0000000000e+00,nan,nan,nan,nan,nan,nan
3.6599337435e-04,1.1983779913e-05,1.9377982275e+00,-1.5079338402e+01,8.2490775701e+00,2.6680744406e+01,2.0497572864e+01,-1.0310697066e+01,2.0497572864e+01,1.0310769741e+01,0.0000000000e+00,nan,nan,nan,nan,nan,nan
1.3713814133e-04,8.1095217193e-05,2.7529751949e+00,-3.0036262854e+00,-1.7752759520e+01,1.8490277738e+01,3.1754746668e+00,-1.8175258992e+01,3.1644789755e+00,1.8175258992e+01,0.0000000000e+00,nan,nan,nan,nan,nan,nan
3.4630037558e-04,1.1371433414e-05,-7.1838168429e-01,-1.3255598007e+01,-1.2625239993e+00,2.2958724189e+01,1.2264772749e+01,-1.4245678433e+01,1.2264772749e+01,1.4245678446e+01,0.0000000000e+00,nan,nan,nan,nan,nan,nan
8.6443052099e-05,1.1547820215e-04,-6.7387587392e+00,4.4803468413e+00,-2.0917630996e+01,1.4548246750e+01,-5.4287606902e+00,-2.2227629045e+01,1.2991274752e-04,2.2227629113e+01,0.0000000000e+00,nan,nan,nan,nan,nan,nan
4.4603270606e-05,1.0518177159e-04,2.2320803593e+00,2.2047657964e+00,-2.7684305650e+01,2.6167328885e+01,2.3816017307e+00,-2.7833827021e+01,2.3151001977e+00,2.7833827021e+01,0.0000000000e+00,nan,nan,nan,nan,nan,nan
3.1765780317e-04,9.9361855124e-06,-4.6548553572e-01,-1.1085215857e+01,-9.3019658195e+00,2.0655818249e+01,7.0419165488e+00,-1.6809367904e+01,7.0419165488e+00,1.6809367904e+01,0.0000000000e+00,nan,nan,nan,nan,nan,nan
3.1022467726e-04,1.2843015537e-05,9.5539971368e-01,-1.0917582075e+01,-1.0194944743e+01,2.1233493889e+01,7.6393908983e+00,-1.6878935927e+01,7.6393908981e+00,1.6878935927e+01,0.0000000000e+00,nan,nan,nan,nan,nan,nan
3.1415159890e-05,1.0187998253e-04,2.7186248964e+00,-2.7446913522e+00,-3.1947265211e+01,3.0388030292e+01,2.9302173123e+00,-3.2158857626e+01,2.9598095936e+00,3.2158857626e+01,0.0000000000e+00,nan,nan,nan,nan,nan,nan
2.3380749257e-05,1.0033575005e-04,3.4102858163e+00,-4.5830294539e+00,-3.3471088085e+01,3.2907706582e+01,3.9688721190e+00,-3.4029674388e+01,4.0344253678e+00,3.4029674388e+01,0.0000000000e+00,nan,nan,nan,nan,nan,nan
-8.0514593316e-05,9.1016953612e-05,1.7455294917e+01,3.5052595289e+00,-3.5427188033e+01,4.6196947917e+01,1.7685873758e+01,-3.5657766874e+01,1.7685872204e+01,3.5657766874e+01,0.0000000000e+00,nan,nan,nan,nan,nan,nan
5.5001686722e-05,1.2953140878e-04,-3.4958236811e+01,-8.5672076273e+00,-3.8792198083e+01,1.5005857025e+01,-2.8211581854e+01,-4.5538853040e+01,1.0811796957e-04,4.5538853026e+01,0.0000000000e+00,nan,nan,nan,nan,nan,nan
2.6549062251e-04,8.4370792589e-06,2.5425367659e+01,-1.9084454789e+01,-1.3085821510e+01,4.6952485825e+01,3.3277803405e+01,-2.0938257256e+01,3.3277803391e+01,2.0938257256e+01,0.0000000000e+00,nan,nan,nan,nan,nan,nan
2.7634155274e-04,1.0881113698e-04,-2.7016590295e+00,-7.9861827140e+00,-8.1259867015e+00,1.4607624299e+01,3.0198929559e+00,-1.3847538687e+01,3.0198929274e+00,1.3847538687e+01,0.0000000000e+00,nan,nan,nan,nan,nan,nan
2.3044093807e-04,1.4206705417e-04,-5.9787900958e-01,-6.6589007672e+00,-1.0387919005e+01,1.4313833486e+01,2.7711966090e+00,-1.3756994623e+01,2.7711890248e+00,1.3756994623e+01,0.0000000000e+00,nan,nan,nan,nan,nan,nan
2.3002766548e-04,1.3828801591e-04,-1.0313395427e+00,-6.6441400248e+00,-1.0499626691e+01,1.4129865259e+01,2.3923983945e+00,-1.3923364628e+01,2.3924339987e+00,1.3923364628e+01,0.0000000000e+00,nan,nan,nan,nan,nan,nan
1.8490933286e-04,1.1035821929e-04,-6.5566005345e+00,-2.5271024794e+00,-1.5033374782e+01,8.5416573135e+00,-5.8634595089e+00,-1.5726515807e+01,-8.7083919846e-07,1.5726515807e+01,0.0000000000e+00,nan,nan,nan,nan,nan,nan
-3.6659917902e-04,1.1099077185e-05,7.1100722862e+01,5.1008660633e+01,1.6579097061e+01,1.0013448484e+02,1.0165258174e+02,-1.3972761813e+01,1.0165258174e+02,1.3973178811e+01,0.0000000000e+00,nan,nan,nan,nan,nan,nan
2.2073532946e-04,9.5596057784e-05,-4.6811415440e+00,-4.4945220737e+00,-1.3317031338e+01,1.0793430508e+01,-2.7674964316e+00,-1.5230676450e+01,-1.0212736623e-05,1.5230676450e+01,0.0000000000e+00,nan,nan,nan,nan,nan,nan
2.1087434771e-04,4.5772946884e-05,2.0721426167e+01,-1.1120662903e+01,-1.3850005955e+01,3.5599649463e+01,2.3989177307e+01,-1.7117757094e+01,2.3988483459e+01,1.7117757094e+01,0.0000000000e+00,nan,nan,nan,nan,nan,nan
3.0531622681e-04,2.6389431595e-05,-1.1160697520e+00,-9.2329336542e+00,-1.0216646197e+01,1.7826747729e+01,4.6259196255e+00,-1.5958635574e+01,4.6259196086e+00,1.5958635574e+01,0.0000000000e+00,nan,nan,nan,nan,nan,nan
1.8146973273e-04,1.1284737997e-04,-6.7034551633e+00,-2.4208117247e+00,-1.5112551056e+01,8.3979652255e+00,-6.0594356262e+00,-1.5756570593e+01,-1.5769228131e-06,1.5756570593e+01,0.0000000000e+00,nan,nan,nan,nan,nan,nan
2.4811776750e-04,1.2815953732e-04,-1.8597179005e+00,-7.0857136381e+00,-9.6983364855e+00,1.4024628159e+01,2.3180956498e+00,-1.3876150036e+01,2.3180889732e+00,1.3876150036e+01,0.0000000000e+00,nan,nan,nan,nan,nan,nan
3.0847727752e-04,9.3044843107e-05,-3.2984537737e+00,-9.2612024973e+00,-4.9793116288e+00,1.6105276375e+01,5.1595029494e+00,-1.3437268352e+01,5.1595029494e+00,1.3437268352e+01,0.0000000000e+00,nan,nan,nan,nan,nan,nan
1.8856497634e-04,8.6479596216e-05,-6.4963524376e+00,-1.4419805638e+00,-1.6845066703e+01,9.3067820831e+00,-6.2974364293e+00,-1.7043982711e+01,4.3320391359e-05,1.7043982711e+01,0.0000000000e+00,nan,nan,nan,nan,nan,nan
-1.1870774281e-04,1.1044786271e-04,-2.7920186328e+00,9.3351208611e+00,-3.0464380838e+01,2.8906727074e+01,6.1106922235e-02,-3.3317506393e+01,3.0543873241e-02,3.3317506393e+01,0.0000000000e+00,nan,nan,nan,nan,nan,nan
-2.3613241906e-04,6.8417661249e-05,1.8536134281e+01,3.1067938391e+01,-2.0001492797e+01,6.3314950298e+01,3.5822224340e+01,-3.7287582856e+01,3.5822224340e+01,3.7287582856e+01,0.0000000000e+00,nan,nan,nan,nan,nan,nan
-3.0765232059e-04,2.1983193576e-05,1.0870513421e+02,5.2312279381e+01,4.6894684895e+00,1.2777012689e+02,1.3046541850e+02,-1.7070815806e+01,1.3046541850e+02,1.7070815806e+01,0.0000000000e+00,nan,nan,nan,nan,nan,nan
-1.4865854362e-04,8.7610443149e-05,1.8003661618e+01,1.5423290599e+01,-3.1278069647e+01,5.0348291474e+01,2.2431395621e+01,-3.5705803651e+01,2.2431395693e+01,3.5705803651e+01,0.0000000000e+00,nan,nan,nan,nan,nan,nan
2.8391574172e-04,8.0778602088e-05,-2.7485395228e+00,-8.3246415812e+00,-8.6838160529e+00,1.5306245239e+01,3.1208870214e+00,-1.4553242597e+01,3.1208863631e+00,1.4553242597e+01,0.0000000000e+00,nan,nan,nan,nan,nan,nan
2.8333128888e-04,7.6999708154e-05,-2.6989326128e+00,-8.2529678190e+00,-8.9972540762e+00,1.5298526723e+01,2.9845151772e+00,-1.4680701866e+01,2.9845158116e+00,1.4680701866e+01,0.0000000000e+00,nan,nan,nan,nan,nan,nan
2.8731022367e-04,7.7747640839e-05,-2.6789704645e+00,-8.5196539803e+00,-8.4658604435e+00,1.5582915126e+01,3.4243847887e+00,-1.4569215697e+01,3.4243848783e+00,1.4569215697e+01,0.0000000000e+00,nan,nan,nan,nan,nan,nan
3.2617475681e-04,5.4399392533e-05,-2.0864478587e+00,-1.1374444395e+01,-3.4661230138e+00,1.9734218546e+01,8.6172709533e+00,-1.4169841826e+01,8.6172709533e+00,1.4169841826e+01,0.0000000000e+00,nan,nan,nan,nan,nan,nan
-3.2338432881e-04,3.5689244629e-05,5.0559588796e+01,3.2091602939e+01,-1.7860158062e+00,7.1753104205e+01,6.5813460523e+01,-1.7039887533e+01,6.5813460523e+01,1.7039887535e+01,0.0000000000e+00,nan,nan,nan,nan,nan,nan
7.7168501836e-05,1.0562179538e-04,-1.0738576943e+00,3.8951113765e+00,-2.1509393549e+01,1.8953521968e+01,-3.4880461092e-01,-2.2234446632e+01,2.2676460455e-01,2.2234446632e+01,0.0000000000e+00,nan,nan,nan,nan,nan,nan
-2.6181453084e-04,2.5360096453e-05,1.4185895186e+02,5.4614366921e+01,-1.3929111190e+01,1.6476862045e+02,1.5909412771e+02,-3.1164287034e+01,1.5909412771e+02,3.1164287034e+01,0.0000000000e+00,nan,nan,nan,nan,nan,nan
-1.6166421888e-04,1.0108669861e-04,1.0739340627e+00,1.4745441264e+01,-2.8461398983e+01,3.6143724097e+01,7.1738563771e+00,-3.4561321297e+01,7.1736117238e+00,3.4561321297e+01,0.0000000000e+00,nan,nan,nan,nan,nan,nan
-2.0870019733e-04,4.4462579810e-05,8.5695218138e+01,3.6133208379e+01,-3.0307121384e+01,1.1835722105e+02,9.6027621808e+01,-4.0639525054e+01,9.6027621808e+01,4.0639525054e+01,0.0000000000e+00,nan,nan,nan,nan,nan,nan
-1.5778373842e-04,4.9804036079e-05,7.9449117312e+01,2.2141893487e+01,-3.8009801641e+01,1.0870985923e+02,8.3483324327e+01,-4.2044008656e+01,8.3483324327e+01,4.2044008656e+01,0.0000000000e+00,nan,nan,nan,nan,nan,nan
3.3001634551e-04,8.5889530922e-05,-4.1457204618e+00,-9.8379198891e+00,-1.7451848237e+00,1.7163639638e+01,6.9639793222e+00,-1.2854884608e+01,6.9639793222e+00,1.2854884608e+01,0.0000000000e+00,nan,nan,nan,nan,nan,nan
3.3387186834e-04,8.6788579253e-05,-4.4433501201e+00,-9.7310566010e+00,-1.0977850646e+00,1.7099241089e+01,7.1016838534e+00,-1.2642819038e+01,7.1016838534e+00,1.2642819038e+01,0.0000000000e+00,nan,nan,nan,nan,nan,nan
-1.1668400485e-04,1.0619132128e-04,1.1310975242e+00,9.2368608496e+00,-3.1095654791e+01,3.2167172537e+01,3.5894470895e+00,-3.3554004357e+01,3.5868513599e+00,3.3554004357e+01,0.0000000000e+00,nan,nan,nan,nan,nan,nan
-1.3519978452e-04,5.4612815941e-05,7.1191664542e+01,1.6260253562e+01,-3.9318508397e+01,9.9761006178e+01,7.3533621844e+01,-4.1660465699e+01,7.3533621844e+01,4.1660465699e+01,0.0000000000e+00,nan,nan,nan,nan,nan,nan
-1.4052998956e-04,5.2942669788e-05,7.4164246716e+01,1.7649575425e+01,-3.9196294032e+01,1.0282098610e+02,7.6847700346e+01,-4.1879747662e+01,7.6847700346e+01,4.1879747662e+01,0.0000000000e+00,nan,nan,nan,nan,nan,nan
6.8104890309e-05,1.3244585139e-04,-2.2025527963e+01,8.2754434546e+00,-1.4883917976e+01,1.6078173300e+01,-9.1719852862e+00,-2.7737460652e+01,-3.2173178103e-01,2.7742416856e+01,0.0000000000e+00,nan,nan,nan,nan,nan,nan
1.9999357395e-04,8.6304600292e-05,-5.9993940457e+00,-2.2319844337e+00,-1.5862137742e+01,9.3695281919e+00,-5.5212662700e+00,-1.6340265518e+01,-7.5723288788e-05,1.6340265518e+01,0.0000000000e+00,nan,nan,nan,nan,nan,nan
-6.0068275004e-05,5.3885545752e-05,7.5445201948e+01,-1.1281693709e-01,-4.2847572638e+01,1.0244401743e+02,7.5444895694e+01,-4.2847266384e+01,7.5444895694e+01,4.2847266384e+01,0.0000000000e+00,nan,nan,nan,nan,nan,nan
-2.3107185417e-04,6.7419522244e-05,2.3224495391e+01,3.1425946822e+01,-2.1097320034e+01,6.6598859812e+01,3.9514457319e+01,-3.7387281962e+01,3.9514457319e+01,3.7387281962e+01,0.0000000000e+00,nan,nan,nan,nan,nan,nan
-1.7624019349e-04,8.1584046081e-05,2.0509678076e+01,2.0581091202e+01,-2.9042640739e+01,5.5785757142e+01,2.7941440571e+01,-3.6474403234e+01,2.7941440571e+01,3.6474403234e+01,0.0000000000e+00,nan,nan,nan,nan,nan,nan
1.9603645602e-04,1.4705989666e-04,-5.8773121738e-02,-5.8239416016e+00,-1.1941393648e+01,1.4409267573e+01,2.3191111269e+00,-1.4319277897e+01,2.3204396745e+00,1.4319277897e+01,0.0000000000e+00,nan,nan,nan,nan,nan,nan
-1.6695852740e-04,1.0163229862e-04,-5.2175819781e-01,1.5047978296e+01,-2.7975713382e+01,3.5276817695e+01,6.1183444024e+00,-3.4615815982e+01,6.1213541097e+00,3.4615815982e+01,0.0000000000e+00,nan,nan,nan,nan,nan,nan
-2.2609263848e-04,6.8748733844e-05,2.3178459019e+01,3.0463847776e+01,-2.2062536848e+01,6.5715962061e+01,3.8499089471e+01,-3.7383167301e+01,3.8499089471e+01,3.7383167301e+01,0.0000000000e+00,nan,nan,nan,nan,nan,nan
-2.0851797451e-04,7.2590450335e-05,2.4056665074e+01,2.7288063664e+01,-2.5151544454e+01,6.3636150168e+01,3.6192908740e+01,-3.7287788120e+01,3.6192908740e+01,3.7287788120e+01,0.0000000000e+00,nan,nan,nan,nan,nan,nan
-1.9093774633e-04,7.6818519954e-05,2.3367269031e+01,2.3803027860e+01,-2.7596749705e+01,6.0393838031e+01,3.2753658307e+01,-3.6983138981e+01,3.2753658307e+01,3.6983138981e+01,0.0000000000e+00,nan,nan,nan,nan,nan,nan
-1.3167494160e-04,8.6656868275e-05,2.1136367415e+01,1.2760774670e+01,-3.2974518371e+01,5.1810410419e+01,2.3993678924e+01,-3.5831829880e+01,2.3993678929e+01,3.5831829880e+01,0.0000000000e+00,nan,nan,nan,nan,nan,nan
1.3086925150e-04,1.5119184295e-04,-2.9257599551e+00,-1.8501250319e+00,-1.6904076969e+01,1.2529021323e+01,-2.6812846286e+00,-1.7148552295e+01,2.0313061556e-03,1.7148552296e+01,0.0000000000e+00,nan,nan,nan,nan,nan,nan
1.3442366074e-04,1.5309610147e-04,-2.1724005204e+00,-1.9258866060e+00,-1.6778192871e+01,1.3087613887e+01,-1.9191592953e+00,-1.7031434096e+01,6.6089794129e-02,1.7031434096e+01,0.0000000000e+00,nan,nan,nan,nan,nan,nan
1.2707239696e-04,1.5285831697e-04,-2.0776982585e+00,-1.6063313728e+00,-1.7073645618e+01,1.3287536987e+01,-1.9041088824e+00,-1.7247234995e+01,-6.1305102530e-03,1.7247234994e+01,0.0000000000e+00,nan,nan,nan,nan,nan,nan
1.3410095415e-04,1.5675559477e-04,-1.0130104474e+00,-1.7554244366e+00,-1.7050286039e+01,1.4227270805e+01,-8.1752961384e-01,-1.7245766872e+01,-1.6018018981e-01,1.7245766872e+01,0.0000000000e+00,nan,nan,nan,nan,nan,nan
-1.3636794158e-04,7.3197670883e-05,3.9005871824e+01,1.4937709106e+01,-3.5079684303e+01,6.9178562607e+01,4.1903355504e+01,-3.7977167983e+01,4.1903355504e+01,3.7977167983e+01,0.0000000000e+00,nan,nan,nan,nan,nan,nan
3.4180313334e-04,2.9791591632e-05,-5.9811324935e-01,-1.3358721992e+01,-1.1223921960e+00,2.3137655644e+01,1.2498278992e+01,-1.4218784437e+01,1.2498278992e+01,1.4218784437e+01,0.0000000000e+00,nan,nan,nan,nan,nan,nan
3.4239746489e-04,3.3611735380e-05,-8.9095535322e-01,-1.3364260556e+01,-5.1093714631e-01,2.3144990754e+01,1.2661820393e+01,-1.4063712892e+01,1.2661820393e+01,1.4063712893e+01,0.0000000000e+00,nan,nan,nan,nan,nan,nan
2.5710902282e-04,2.5117107835e-05,2.4121151056e+01,-1.6509180934e+01,-1.1699992398e+01,4.2188038826e+01,3.0567854902e+01,-1.8146696244e+01,3.0567911309e+01,1.8146696244e+01,0.0000000000e+00,nan,nan,nan,nan,nan,nan
-1.9927040132e-04,9.0718357879e-05,2.0101875302e+00,1.9843168155e+01,-2.5356084866e+01,4.1745416082e+01,1.2428778544e+01,-3.5774675880e+01,1.2428778544e+01,3.5774675880e+01,0.0000000000e+00,nan,nan,nan,nan,nan,nan
-1.7723562465e-04,6.7558417600e-05,4.1864059701e+01,2.3958973824e+01,-3.1207638495e+01,7.5672566350e+01,4.9017787155e+01,-3.8361365949e+01,4.9017787155e+01,3.8361365949e+01,0.0000000000e+00,nan,nan,nan,nan,nan,nan
-1.8013333599e-04,6.7758432526e-05,4.0882788921e+01,2.4467280768e+01,-3.0723467869e+01,7.5107672930e+01,4.8443095711e+01,-3.8283774658e+01,4.8443095711e+01,3.8283774658e+01,0.0000000000e+00,nan,nan,nan,nan,nan,nan
-1.9906539430e-04,7.7750200265e-05,1.9338477134e+01,2.4431681286e+01,-2.6225806436e+01,5.7857121431e+01,2.9960159981e+01,-3.6847489284e+01,2.9960159981e+01,3.6847489284e+01,0.0000000000e+00,nan,nan,nan,nan,nan,nan
1.5312890800e-04,1.2787711993e-04,-8.4146970928e+00,-1.3924272891e+00,-1.6776761856e+01,7.6325415882e+00,-8.1890795340e+00,-1.7002379415e+01,-3.4194701639e-06,1.7002379415e+01,0.0000000000e+00,nan,nan,nan,nan,nan,nan
1.5335161173e-04,1.3170140037e-04,-7.4202728094e+00,-1.7342748938e+00,-1.6490944004e+01,8.4079194168e+00,-7.1012938680e+00,-1.6809922945e+01,6.1336621961e-05,1.6809922945e+01,0.0000000000e+00,nan,nan,nan,nan,nan,nan
1.4956817340e-04,1.3007350489e-04,-8.3591638911e+00,-1.4954430406e+00,-1.6754630821e+01,7.7198711289e+00,-8.0998276818e+00,-1.7013967030e+01,-3.1499452569e-05,1.7013967030e+01,0.0000000000e+00,nan,nan,nan,nan,nan,nan
1.4973303252e-04,1.3388652845e-04,-7.4906956428e+00,-1.7990468100e+00,-1.6646928663e+01,8.5218981858e+00,-7.1486919411e+00,-1.6988932364e+01,1.6276578497e-04,1.6988932364e+01,0.0000000000e+00,nan,nan,nan,nan,nan,nan
-1.4992153059e-04,1.0424118225e-04,1.8916956873e-02,1.3169389847e+01,-2.9107101185e+01,3.4005641020e+01,5.0890738827e+00,-3.4177258111e+01,5.0868773494e+00,3.4177258111e+01,0.0000000000e+00,nan,nan,nan,nan,nan,nan
-1.6789796361e-04,8.0881786086e-05,2.3329094694e+01,1.9535040259e+01,-3.0197994770e+01,5.7388669505e+01,2.9698913749e+01,-3.6567813825e+01,2.9698913749e+01,3.6567813825e+01,0.0000000000e+00,nan,nan,nan,nan,nan,nan
-1.4542334135e-04,1.0596069550e-04,-9.5671607665e-01,1.2510432888e+01,-2.9270150546e+01,3.2720285738e+01,3.7776324673e+00,-3.4004499090e+01,3.7678469721e+00,3.4004499090e+01,0.0000000000e+00,nan,nan,nan,nan,nan,nan
1.9329915022e-04,9.1438499752e-05,-6.3944970543e+00,-1.9126966181e+00,-1.6045773215e+01,8.9838049169e+00,-6.0333329477e+00,-1.6406937322e+01,2.7224878110e-06,1.6406937322e+01,0.0000000000e+00,nan,nan,nan,nan,nan,nan
1.9395459797e-04,9.5199715394e-05,-6.3703998258e+00,-2.2046233598e+00,-1.5639333284e+01,8.8844287177e+00,-5.8754392432e+00,-1.6134293867e+01,-4.2167921096e-06,1.6134293867e+01,0.0000000000e+00,nan,nan,nan,nan,nan,nan
-1.4433027718e-04,7.1605893902e-05,4.0577118437e+01,1.6730926936e+01,-3.4602307650e+01,7.1263424528e+01,4.4131362728e+01,-3.8156551942e+01,4.4131362728e+01,3.8156551942e+01,0.0000000000e+00,nan,nan,nan,nan,nan,nan
1.8455022940e-04,8.5279468520e-05,-5.9672328663e+00,-1.6263731017e+00,-1.6744828978e+01,9.7508920259e+00,-5.7263507860e+00,-1.6985711058e+01,-9.2618355864e-04,1.6985711058e+01,0.0000000000e+00,nan,nan,nan,nan,nan,nan
2.0254512643e-04,1.0135890105e-04,-5.6195040636e+00,-3.4065471512e+00,-1.4303208598e+01,9.5557248547e+00,-4.4443560135e+00,-1.5478356648e+01,-1.0283650834e-06,1.5478356648e+01,0.0000000000e+00,nan,nan,nan,nan,nan,nan
2.4369892322e-04,1.2338428758e-04,-2.2388504932e+00,-6.8988554591e+00,-1.0140878915e+01,1.3769606554e+01,1.7600213468e+00,-1.4139750755e+01,1.7599279754e+00,1.4139750755e+01,0.0000000000e+00,nan,nan,nan,nan,nan,nan
9.1489956577e-05,1.4190924619e-04,-1.2586410429e+01,-1.2080040734e+00,-1.9176755534e+01,5.9559726913e+00,-1.2442900545e+01,-1.9320265418e+01,9.7923148376e-03,1.9319938351e+01,0.0000000000e+00,nan,nan,nan,nan,nan,nan
1.3236062676e-04,9.5150209529e-05,-2.4734515065e+00,-2.0668334894e+00,-1.6601633035e+01,1.2759565812e+01,-2.1708035143e+00,-1.6904281027e+01,2.9148517172e-03,1.6904281027e+01,0.0000000000e+00,nan,nan,nan,nan,nan,nan
2.6499417914e-04,1.0999636824e-04,-2.6722200559e+00,-7.5643700534e+00,-9.0769942462e+00,1.4226989520e+01,2.3393490778e+00,-1.4088563380e+01,2.3393519746e+00,1.4088563380e+01,0.0000000000e+00,nan,nan,nan,nan,nan,nan
-2.6785758201e-04,2.5963166183e-05,1.3579614063e+02,5.5192490312e+01,-9.5365697762e+00,1.5804445023e+02,1.5437679131e+02,-2.8117220456e+01,1.5437679131e+02,2.8117220456e+01,0.0000000000e+00,nan,nan,nan,nan,nan,nan
1.9447126565e-04,1.2813621420e-04,-3.7677052093e+00,-4.8028690479e+00,-1.2881746777e+01,1.1466949535e+01,-1.7042795920e+00,-1.4945172394e+01,-4.0574735833e-03,1.4945172394e+01,0.0000000000e+00,nan,nan,nan,nan,nan,nan
-6.3363294921e-05,5.3878042682e-05,7.5394826067e+01,5.1775620263e-01,-4.2878972475e+01,1.0243129724e+02,7.5396663830e+01,-4.2880810237e+01,7.5396663830e+01,4.2880810237e+01,0.0000000000e+00,nan,nan,nan,nan,nan,nan
-6.6658000837e-05,5.3874799551e-05,7.5330565757e+01,1.1597031942e+00,-4.2889089596e+01,1.0240015862e+02,7.5341497224e+01,-4.2900021063e+01,7.5341497224e+01,4.2900021063e+01,0.0000000000e+00,nan,nan,nan,nan,nan,nan
-6.3354119227e-05,5.7385508920e-05,6.8756890893e+01,4.4615778159e-01,-4.2204869681e+01,9.6098054786e+01,6.8758248405e+01,-4.2206227193e+01,6.8758248405e+01,4.2206227193e+01,0.0000000000e+00,nan,nan,nan,nan,nan,nan
2.1391879678e-04,1.0098381675e-04,-4.8896563647e+00,-4.2936102739e+00,-1.3431194544e+01,1.0487441191e+01,-3.1054984599e+00,-1.5215352449e+01,-1.3274043214e-05,1.5215352449e+01,0.0000000000e+00,nan,nan,nan,nan,nan,nan
-2.1644373883e-04,7.3738231915e-05,1.8841401161e+01,2.7489624459e+01,-2.3609024187e+01,6.0150604028e+01,3.2344155915e+01,-3.7111778940e+01,3.2344155915e+01,3.7111778940e+01,0.0000000000e+00,nan,nan,nan,nan,nan,nan
3.7123722993e-04,2.4389407227e-05,-9.7411008906e-01,-1.5943577244e+01,1.3028551822e+01,3.0148022119e+01,2.3433189552e+01,-1.1378747819e+01,2.3433189552e+01,1.1378698365e+01,0.0000000000e+00,nan,nan,nan,nan,nan,nan
3.7482103304e-04,2.4828115468e-05,-1.7123312296e+00,-1.5899720785e+01,1.5530490329e+01,3.1310633694e+01,2.4986282342e+01,-1.1168123242e+01,2.4986282342e+01,1.1168204014e+01,0.0000000000e+00,nan,nan,nan,nan,nan,nan
3.7451379391e-04,2.0549916607e-05,-4.5211911400e-02,-1.6606460568e+01,1.5196164744e+01,3.1632106702e+01,2.5838281736e+01,-1.0687328904e+01,2.5838281736e+01,1.0687510453e+01,0.0000000000e+00,nan,nan,nan,nan,nan,nan
3.7807934171e-04,2.0964783513e-05,-8.5046680607e-01,-1.6685745249e+01,1.8133169901e+01,3.3229172533e+01,2.7826223254e+01,-1.0543520159e+01,2.7826223254e+01,1.0542756556e+01,0.0000000000e+00,nan,nan,nan,nan,nan,nan
3.7831774431e-04,2.5366640309e-05,-2.7651765323e+00,-1.5512004793e+01,1.8041487985e+01,3.2330307763e+01,2.6304067616e+01,-1.1027756163e+01,2.6304067616e+01,1.1027949327e+01,0.0000000000e+00,nan,nan,nan,nan,nan,nan
3.8136141371e-04,1.7042639077e-05,4.7674192009e-01,-1.7755927974e+01,2.1162690918e+01,3.5554028172e+01,3.1346844155e+01,-9.7074113168e+00,3.1346844155e+01,9.7119007380e+00,0.0000000000e+00,nan,nan,nan,nan,nan,nan
2.0689488229e-04,6.3755485787e-05,-2.4921093904e+00,-3.6423045606e+00,-1.6070143645e+01,1.3347246390e+01,-1.5750902216e+00,-1.6987162814e+01,-3.6292230688e-01,1.6987162814e+01,0.0000000000e+00,nan,nan,nan,nan,nan,nan
1.8119862983e-04,6.7554243866e-05,3.0380065321e+00,-5.2442779846e+00,-1.5651239828e+01,1.8567776267e+01,4.4134939780e+00,-1.7026727274e+01,4.4666506291e+00,1.7026727274e+01,0.0000000000e+00,nan,nan,nan,nan,nan,nan
-4.9099959870e-05,3.0508596974e-05,1.2741707007e+02,-1.7331456493e+00,-4.6906891474e+01,1.5099822411e+02,1.2743395464e+02,-4.6923776038e+01,1.2743395464e+02,4.6923776038e+01,0.0000000000e+00,nan,nan,nan,nan,nan,nan
2.5657333098e-04,1.0439083385e-04,-2.9546728851e+00,-7.1098256530e+00,-1.0023127197e+01,1.3751507546e+01,1.4505365426e+00,-1.4428336625e+01,1.4504407329e+00,1.4428336625e+01,0.0000000000e+00,nan,nan,nan,nan,nan,nan
1.6860084119e-04,1.3783122453e-04,-4.0497391644e+00,-3.8540004086e+00,-1.4008240957e+01,1.0904730873e+01,-2.7331407556e+00,-1.5324839366e+01,-6.2885479477e-03,1.5324839366e+01,0.0000000000e+00,nan,nan,nan,nan,nan,nan
-1.0348960412e-04,5.9419844277e-05,6.3868067514e+01,8.7363625893e+00,-4.0602997067e+01,9.1730107752e+01,6.4592937627e+01,-4.1327867180e+01,6.4592937627e+01,4.1327867180e+01,0.0000000000e+00,nan,nan,nan,nan,nan,nan
-1.0268276485e-04,5.4084269568e-05,7.3853124827e+01,8.7693040926e+00,-4.1832863078e+01,1.0133072198e+02,7.4513450487e+01,-4.2493188738e+01,7.4513450487e+01,4.2493188738e+01,0.0000000000e+00,nan,nan,nan,nan,nan,nan
-9.9412759180e-05,5.4051490463e-05,7.4037438098e+01,8.0422148709e+00,-4.2006494726e+01,1.0145670339e+02,7.4591526702e+01,-4.2560583330e+01,7.4591526702e+01,4.2560583330e+01,0.0000000000e+00,nan,nan,nan,nan,nan,nan
-7.3245105548e-05,5.3880404202e-05,7.5163658643e+01,2.4749600010e+00,-4.2849498818e+01,1.0229143145e+02,7.5215065394e+01,-4.2900905569e+01,7.5215065394e+01,4.2900905569e+01,0.0000000000e+00,nan,nan,nan,nan,nan,nan
-7.6536834127e-05,5.3888928088e-05,7.5062317080e+01,3.1469553824e+00,-4.2801568750e+01,1.0221769790e+02,7.5145789566e+01,-4.2885041236e+01,7.5145789566e+01,4.2885041236e+01,0.0000000000e+00,nan,nan,nan,nan,nan,nan
-7.9826908518e-05,5.3901100422e-05,7.4949653190e+01,3.8277008740e+00,-4.2735919325e+01,1.0213322108e+02,7.5073509617e+01,-4.2859775752e+01,7.5073509617e+01,4.2859775752e+01,0.0000000000e+00,nan,nan,nan,nan,nan,nan
-2.1216788694e-04,6.2533071546e-05,4.1356646286e+01,3.1569352804e+01,-2.5717856361e+01,7.9771750687e+01,5.3875636695e+01,-3.8236846770e+01,5.3875636695e+01,3.8236846770e+01,0.0000000000e+00,nan,nan,nan,nan,nan,nan
2.6451984846e-04,5.9055535094e-05,-2.8844668148e+00,-6.3626309466e+00,-1.2454083392e+01,1.3786876981e+01,2.9058203254e-01,-1.5629132240e+01,2.7084679113e-01,1.5629132240e+01,0.0000000000e+00,nan,nan,nan,nan,nan,nan
-2.0418322024e-04,6.3748956836e-05,4.1682846672e+01,2.9868023906e+01,-2.7178092115e+01,7.8943972229e+01,5.2830700895e+01,-3.8325946339e+01,5.2830700895e+01,3.8325946339e+01,0.0000000000e+00,nan,nan,nan,nan,nan,nan
3.5889334072e-05,7.7802363686e-05,2.8322114926e+01,-2.9563238661e+00,-2.2373284959e+01,4.4202100201e+01,2.8494509434e+01,-2.2545679466e+01,2.8494509440e+01,2.2545679466e+01,0.0000000000e+00,nan,nan,nan,nan,nan,nan
3.3064313789e-05,7.7325247986e-05,2.9518094388e+01,-3.3401557511e+00,-2.3042893779e+01,4.5883272127e+01,2.9728319819e+01,-2.3253119209e+01,2.9728319827e+01,2.3253119209e+01,0.0000000000e+00,nan,nan,nan,nan,nan,nan
2.7368381548e-05,7.6455703187e-05,3.2192428174e+01,-4.6367949633e+00,-2.6427022421e+01,5.1396428168e+01,3.2556444515e+01,-2.6791038761e+01,3.2556444522e+01,2.6791038761e+01,0.0000000000e+00,nan,nan,nan,nan,nan,nan
2.2502714659e-05,7.7792841775e-05,3.1625333880e+01,-5.0809873928e+00,-2.8992055464e+01,5.3228365633e+01,3.2048050435e+01,-2.9414772019e+01,3.2048050421e+01,2.9414772019e+01,0.0000000000e+00,nan,nan,nan,nan,nan,nan
1.6705766442e-05,7.7092975503e-05,3.3481918486e+01,-5.9176037924e+00,-3.1174068996e+01,5.6923985550e+01,3.4019003125e+01,-3.1711153635e+01,3.4019003129e+01,3.1711153635e+01,0.0000000000e+00,nan,nan,nan,nan,nan,nan
1.3785371050e-05,7.6778113644e-05,3.4293269108e+01,-6.2310409262e+00,-3.2114878129e+01,5.8514985818e+01,3.4872838303e+01,-3.2694447324e+01,3.4872838310e+01,3.2694447324e+01,0.0000000000e+00,nan,nan,nan,nan,nan,nan
4.9479797714e-06,7.5959207262e-05,3.6325261511e+01,-6.7966479446e+00,-3.4434206138e+01,6.2399949715e+01,3.6972155452e+01,-3.5081100079e+01,3.6972155459e+01,3.5081100079e+01,0.0000000000e+00,nan,nan,nan,nan,nan,nan
-5.0993873178e-06,7.3335715188e-05,4.0928199391e+01,-6.9383911877e+00,-3.6363974005e+01,6.8007083312e+01,4.1546020549e+01,-3.6981795164e+01,4.1546020549e+01,3.6981795164e+01,0.0000000000e+00,nan,nan,nan,nan,nan,nan
-8.1184490920e-06,7.3161579592e-05,4.1345919230e+01,-6.8329338544e+00,-3.6828835304e+01,6.8727796621e+01,4.1938553843e+01,-3.7421469917e+01,4.1938553843e+01,3.7421469917e+01,0.0000000000e+00,nan,nan,nan,nan,nan,nan
-1.4178823530e-05,7.2853120345e-05,4.2061559825e+01,-6.4991792848e+00,-3.7614800359e+01,6.9913676400e+01,4.2588059623e+01,-3.8141300157e+01,4.2588059623e+01,3.8141300157e+01,0.0000000000e+00,nan,nan,nan,nan,nan,nan
-1.7219249845e-05,7.2719295317e-05,4.2363133142e+01,-6.2752724497e+00,-3.7943271265e+01,7.0391283079e+01,4.2850357173e+01,-3.8430495295e+01,4.2850357173e+01,3.8430495295e+01,0.0000000000e+00,nan,nan,nan,nan,nan,nan
-2.3317046411e-05,7.2485159911e-05,4.2874592294e+01,-5.7243805986e+00,-3.8487766874e+01,7.1155647203e+01,4.3275144777e+01,-3.8888319355e+01,4.3275144773e+01,3.8888319356e+01,0.0000000000e+00,nan,nan,nan,nan,nan,nan
-2.6373642050e-05,7.2385523889e-05,4.3086473571e+01,-5.4015034082e+00,-3.8709270314e+01,7.1451917151e+01,4.3441385230e+01,-3.9064181972e+01,4.3441385231e+01,3.9064181972e+01,0.0000000000e+00,nan,nan,nan,nan,nan,nan
-3.2499238257e-05,7.2214477125e-05,4.3439268784e+01,-4.6709665865e+00,-3.9063444697e+01,7.1905537903e+01,4.3702593708e+01,-3.9326769622e+01,4.3702593708e+01,3.9326769622e+01,0.0000000000e+00,nan,nan,nan,nan,nan,nan
-3.5567540112e-05,7.2143896494e-05,4.3580789855e+01,-4.2670425649e+00,-3.9200099913e+01,7.2069784771e+01,4.3799854609e+01,-3.9419164667e+01,4.3799854608e+01,3.9419164667e+01,0.0000000000e+00,nan,nan,nan,nan,nan,nan
-4.1712608859e-05,7.2026583375e-05,4.3807333989e+01,-3.3908736781e+00,-3.9402109054e+01,7.2299838391e+01,4.3944943625e+01,-3.9539718690e+01,4.3944943625e+01,3.9539718690e+01,0.0000000000e+00,nan,nan,nan,nan,nan,nan
-4.4788717837e-05,7.1980820015e-05,4.3891848879e+01,-2.9219309246e+00,-3.9470289739e+01,7.2370275242e+01,4.3993777463e+01,-3.9572218322e+01,4.3993777463e+01,3.9572218322e+01,0.0000000000e+00,nan,nan,nan,nan,nan,nan
-4.9497417562e-05,7.3780630520e-05,4.1072779103e+01,-2.1660771698e+00,-3.9232842656e+01,6.9647141393e+01,4.1130764055e+01,-3.9290827607e+01,4.1130764056e+01,3.9290827607e+01,0.0000000000e+00,nan,nan,nan,nan,nan,nan
-5.4026327022e-05,7.1885222685e-05,4.4049778716e+01,-1.4101447991e+00,-3.9559844723e+01,7.2448512403e+01,4.4073135134e+01,-3.9583201142e+01,4.4073135134e+01,3.9583201142e+01,0.0000000000e+00,nan,nan,nan,nan,nan,nan
-5.8677612767e-05,7.3715030683e-05,4.1183312649e+01,-6.0326446848e-01,-3.9217357258e+01,6.9636073120e+01,4.1187383257e+01,-3.9221427865e+01,4.1187383257e+01,3.9221427865e+01,0.0000000000e+00,nan,nan,nan,nan,nan,nan
-6.3270499662e-05,7.1848297206e-05,4.4072272812e+01,2.3049062744e-01,-3.9497756751e+01,7.2374043516e+01,4.4072431537e+01,-3.9497915476e+01,4.4072431537e+01,3.9497915476e+01,0.0000000000e+00,nan,nan,nan,nan,nan,nan
-6.7859824479e-05,7.3705664135e-05,4.1165410583e+01,1.0690151572e+00,-3.9069151023e+01,6.9508945445e+01,4.1179138144e+01,-3.9082878584e+01,4.1179138144e+01,3.9082878584e+01,0.0000000000e+00,nan,nan,nan,nan,nan,nan
-7.2512023040e-05,7.1863399727e-05,4.3967048697e+01,1.9678751218e+00,-3.9304765739e+01,7.2195085655e+01,4.4012993616e+01,-3.9350710658e+01,4.4012993616e+01,3.9350710658e+01,0.0000000000e+00,nan,nan,nan,nan,nan,nan
-7.7035198659e-05,7.3746694047e-05,4.1020598014e+01,2.8208996825e+00,-3.8804264613e+01,6.9301817261e+01,4.1119589552e+01,-3.8903256151e+01,4.1119589552e+01,3.8903256151e+01,0.0000000000e+00,nan,nan,nan,nan,nan,nan
-8.1742137037e-05,7.1924688430e-05,4.3735708253e+01,3.7749059843e+00,-3.8995709000e+01,7.1944198489e+01,4.3907001991e+01,-3.9167002738e+01,4.3907001991e+01,3.9167002738e+01,0.0000000000e+00,nan,nan,nan,nan,nan,nan
-8.4814748714e-05,7.1955677011e-05,4.3628290126e+01,4.3886110452e+00,-3.8868575550e+01,7.1846553236e+01,4.3860484139e+01,-3.9100769563e+01,4.3860484139e+01,3.9100769563e+01,0.0000000000e+00,nan,nan,nan,nan,nan,nan
-9.0952064754e-05,7.2030907408e-05,4.3369104819e+01,5.6284327948e+00,-3.8580318864e+01,7.1635586048e+01,4.3753217866e+01,-3.8964431911e+01,4.3753217866e+01,3.8964431911e+01,0.0000000000e+00,nan,nan,nan,nan,nan,nan
-9.4014101593e-05,7.2075296418e-05,4.3216106167e+01,6.2526868852e+00,-3.8419702385e+01,7.1522211610e+01,4.3691570017e+01,-3.8895166235e+01,4.3691570017e+01,3.8895166235e+01,0.0000000000e+00,nan,nan,nan,nan,nan,nan
1.7746698388e-05,7.3288482371e-05,3.8549026912e+01,-6.4487185243e+00,-3.0449995082e+01,6.0789793691e+01,3.9146519666e+01,-3.1047487836e+01,3.9146519666e+01,3.1047487836e+01,0.0000000000e+00,nan,nan,nan,nan,nan,nan
8.8489909278e-06,7.2437873292e-05,4.1137508805e+01,-7.0322078741e+00,-3.3345653159e+01,6.5644202199e+01,4.1795625634e+01,-3.4003769987e+01,4.1795625634e+01,3.4003769987e+01,0.0000000000e+00,nan,nan,nan,nan,nan,nan
-1.6242983556e-07,7.1755752926e-05,4.3055773245e+01,-7.1532921405e+00,-3.5504368329e+01,6.9153948802e+01,4.3701753415e+01,-3.6150348498e+01,4.3701753415e+01,3.6150348498e+01,0.0000000000e+00,nan,nan,nan,nan,nan,nan
-9.0582344328e-05,7.5769105100e-05,3.7787270021e+01,5.4636133895e+00,-3.7844205744e+01,6.6177714521e+01,3.8179253431e+01,-3.8236189155e+01,3.8179253431e+01,3.8236189155e+01,0.0000000000e+00,nan,nan,nan,nan,nan,nan
-5.8641206478e-06,7.7098369891e-05,3.5232295241e+01,-6.7462071031e+00,-3.6374521633e+01,6.3104376439e+01,3.5862215528e+01,-3.7004441920e+01,3.5862215529e+01,3.7004441920e+01,0.0000000000e+00,nan,nan,nan,nan,nan,nan
3.2716382630e-04,3.5893548551e-05,-9.1818726656e-01,-1.1714901380e+01,-4.9121567255e+00,2.0580179315e+01,8.9668000712e+00,-1.4797144063e+01,8.9668000712e+00,1.4797144063e+01,0.0000000000e+00,nan,nan,nan,nan,nan,nan
4.5178550865e-05,8.1686291289e-05,2.1017090220e+01,-1.2453016059e+00,-2.2595915369e+01,3.7832237408e+01,2.1053039878e+01,-2.2631865026e+01,2.1053039904e+01,2.2631865026e+01,0.0000000000e+00,nan,nan,nan,nan,nan,nan
5.0166981747e-05,8.0597480712e-05,2.0385156962e+01,-1.5023353202e+00,-2.2565546957e+01,3.7288909147e+01,2.0438566736e+01,-2.2618956731e+01,2.0438566726e+01,2.2618956731e+01,0.0000000000e+00,nan,nan,nan,nan,nan,nan
-1.1781577414e-04,5.2518795004e-05,7.6289046517e+01,1.2286351245e+01,-4.1250488298e+01,1.0399162643e+02,7.7558872621e+01,-4.2520314403e+01,7.7558872621e+01,4.2520314403e+01,0.0000000000e+00,nan,nan,nan,nan,nan,nan
-1.8013457382e-04,3.6276297527e-05,1.1161729502e+02,2.8985684931e+01,-3.8416510582e+01,1.3929279528e+02,1.1702112507e+02,-4.3820340633e+01,1.1702112507e+02,4.3820340633e+01,0.0000000000e+00,nan,nan,nan,nan,nan,nan
-1.0347401235e-04,9.1508963601e-05,1.6879125958e+01,7.5848357478e+00,-3.4146519119e+01,4.6099401800e+01,1.7981805458e+01,-3.5249198616e+01,1.7981804303e+01,3.5249198617e+01,0.0000000000e+00,nan,nan,nan,nan,nan,nan
-8.6400828882e-05,5.3935907328e-05,7.4691574295e+01,5.2131367092e+00,-4.2554102519e+01,1.0193748816e+02,7.4922372117e+01,-4.2784900342e+01,7.4922372117e+01,4.2784900342e+01,0.0000000000e+00,nan,nan,nan,nan,nan,nan
-8.9663400160e-05,5.3966961209e-05,7.4530481754e+01,5.9120186832e+00,-4.2437946741e+01,1.0181292559e+02,7.4827987502e+01,-4.2735452489e+01,7.4827987502e+01,4.2735452489e+01,0.0000000000e+00,nan,nan,nan,nan,nan,nan
2.5299114115e-04,6.0329083200e-05,-3.3190512362e+00,-5.4369764908e+00,-1.3433506925e+01,1.2859157602e+01,-9.5204097738e-01,-1.5800517184e+01,-2.0928951086e-03,1.5800517184e+01,0.0000000000e+00,nan,nan,nan,nan,nan,nan
-1.7142760050e-04,7.4030905105e-06,2.0022925320e+02,2.3045373730e+01,-4.7589399550e+01,2.1829636030e+02,2.0235338921e+02,-4.9713535559e+01,2.0235338921e+02,4.9713535559e+01,0.0000000000e+00,nan,nan,nan,nan,nan,nan
2.3830505229e-04,8.5590829714e-05,-4.0012795127e+00,-5.3069343244e+00,-1.2687474190e+01,1.1876084946e+01,-1.4877160111e+00,-1.5201037692e+01,3.2625721817e-04,1.5201037692e+01,0.0000000000e+00,nan,nan,nan,nan,nan,nan
2.4519188634e-04,1.0538801125e-04,-3.2116263032e+00,-6.5353903563e+00,-1.0855112681e+01,1.3112412241e+01,5.3708524464e-01,-1.4603824229e+01,5.4657140724e-01,1.4603824229e+01,0.0000000000e+00,nan,nan,nan,nan,nan,nan
-1.8141373851e-04,7.1847099896e-05,3.3733924947e+01,2.3736610966e+01,-2.9795076105e+01,6.8679582805e+01,4.1621600041e+01,-3.7682751199e+01,4.1621600041e+01,3.7682751199e+01,0.0000000000e+00,nan,nan,nan,nan,nan,nan
2.5895749625e-04,3.3972376854e-05,1.5517023573e+01,-1.3399666211e+01,-1.1435776431e+01,3.2948311413e+01,2.1063340034e+01,-1.6982092893e+01,2.1095497123e+01,1.6982092893e+01,0.0000000000e+00,nan,nan,nan,nan,nan,nan
1.7469994956e-04,7.2394512186e-05,7.6639641379e-01,-4.2879439779e+00,-1.5988930769e+01,1.6306696129e+01,1.8034082223e+00,-1.7025942577e+01,1.6173583065e+00,1.7025942577e+01,0.0000000000e+00,nan,nan,nan,nan,nan,nan
3.3334555115e-04,8.2665947925e-05,-4.2353579125e+00,-1.0028836364e+01,-1.1344619523e+00,1.7574078382e+01,7.4614889521e+00,-1.2831308817e+01,7.4614889521e+00,1.2831308817e+01,0.0000000000e+00,nan,nan,nan,nan,nan,nan
3.4037635329e-04,8.0168608639e-05,-4.6515782919e+00,-1.0091132752e+01,2.2296185969e-01,1.7977761172e+01,8.1651570362e+00,-1.2593773468e+01,8.1651570362e+00,1.2593773468e+01,0.0000000000e+00,nan,nan,nan,nan,nan,nan
2.4297097638e-04,6.8811477223e-05,-3.8036905695e+00,-4.9510269282e+00,-1.3608111313e+01,1.2065688690e+01,-1.7397723281e+00,-1.5672029555e+01,-3.5066058549e-04,1.5672029555e+01,0.0000000000e+00,nan,nan,nan,nan,nan,nan
2.6195400846e-04,1.1190593560e-05,2.5548542691e+01,-1.8140320306e+01,-1.3312857306e+01,4.6039029405e+01,3.2698488713e+01,-2.0462803327e+01,3.2698488694e+01,2.0462803327e+01,0.0000000000e+00,nan,nan,nan,nan,nan,nan
2.6137760145e-04,8.3139521459e-06,2.6744001926e+01,-1.8995602160e+01,-1.3405889527e+01,4.7866999341e+01,3.4305081154e+01,-2.0966968755e+01,3.4305081163e+01,2.0966968755e+01,0.0000000000e+00,nan,nan,nan,nan,nan,nan
2.5788091698e-04,1.0986706248e-05,2.6739428124e+01,-1.8075072184e+01,-1.3539035158e+01,4.6870524542e+01,3.3660906445e+01,-2.0460513478e+01,3.3660906429e+01,2.0460513478e+01,0.0000000000e+00,nan,nan,nan,nan,nan,nan
2.5729677194e-04,8.1269012867e-06,2.9196516539e+01,-1.9600776612e+01,-1.3244660331e+01,5.0032908388e+01,3.6862441230e+01,-2.0910585022e+01,3.6862441229e+01,2.0910585022e+01,0.0000000000e+00,nan,nan,nan,nan,nan,nan
2.5382367137e-04,1.0765832920e-05,2.8786734059e+01,-1.8499040030e+01,-1.3450929304e+01,4.8627209152e+01,3.5742834671e+01,-2.0407029917e+01,3.5742834689e+01,2.0407029917e+01,0.0000000000e+00,nan,nan,nan,nan,nan,nan
2.5334593682e-04,7.9015886215e-06,3.2185039154e+01,-2.0336358031e+01,-1.3089377836e+01,5.2706291743e+01,3.9977822385e+01,-2.0882161067e+01,3.9977822382e+01,2.0882161067e+01,0.0000000000e+00,nan,nan,nan,nan,nan,nan
5.3056630168e-05,8.1244983634e-05,1.8874896428e+01,-1.2337457152e+00,-2.2568345507e+01,3.5956485442e+01,1.8912762009e+01,-2.2606211089e+01,1.8912761999e+01,2.2606211089e+01,0.0000000000e+00,nan,nan,nan,nan,nan,nan
2.7673822679e-04,6.1303207435e-05,-2.5507628081e+00,-7.4590260365e+00,-1.0956229300e+01,1.4827243026e+01,1.8070166980e+00,-1.5314008806e+01,1.8068451343e+00,1.5314008806e+01,0.0000000000e+00,nan,nan,nan,nan,nan,nan
-2.0928349716e-04,3.5335232078e-05,1.1281350702e+02,3.7702387060e+01,-3.2744495379e+01,1.4196410347e+02,1.2199751917e+02,-4.1928507534e+01,1.2199751917e+02,4.1928507534e+01,0.0000000000e+00,nan,nan,nan,nan,nan,nan
-7.2585465006e-05,1.0902345382e-04,-2.8585317134e+00,3.1112482652e+00,-3.2800750650e+01,2.6482167611e+01,-2.5401545833e+00,-3.3119127781e+01,4.0601322389e-02,3.3119127781e+01,0.0000000000e+00,nan,nan,nan,nan,nan,nan
-1.0061568770e-04,9.1426856816e-05,1.7025153937e+01,7.0843547605e+00,-3.4329244823e+01,4.6134327977e+01,1.7983621232e+01,-3.5287712118e+01,1.7983619419e+01,3.5287712118e+01,0.0000000000e+00,nan,nan,nan,nan,nan,nan
-1.8939555844e-04,3.4757050878e-05,1.1573205230e+02,3.1730687599e+01,-3.7242125250e+01,1.4342454922e+02,1.2205116563e+02,-4.3561238575e+01,1.2205116563e+02,4.3561238575e+01,0.0000000000e+00,nan,nan,nan,nan,nan,nan
-1.2215437343e-04,6.8945126155e-05,4.6745440891e+01,1.2312386833e+01,-3.7227287190e+01,7.5783422571e+01,4.8512656273e+01,-3.8994502569e+01,4.8512656272e+01,3.8994502570e+01,0.0000000000e+00,nan,nan,nan,nan,nan,nan
3.2589947133e-04,1.0544367331e-05,-1.7187305365e+00,-1.1023479613e+01,-8.1305473759e+00,1.9885038044e+01,6.5559931114e+00,-1.6405271024e+01,6.5559931114e+00,1.6405271024e+01,0.0000000000e+00,nan,nan,nan,nan,nan,nan
5.8885128407e-05,8.2634662365e-05,1.5922369890e+01,-7.2414114845e-01,-2.2568963999e+01,3.3361025531e+01,1.5937700016e+01,-2.2584294125e+01,1.5937699989e+01,2.2584294125e+01,0.0000000000e+00,nan,nan,nan,nan,nan,nan
6.2471571558e-05,8.5863098462e-05,1.2367809488e+01,1.9056277793e-01,-2.2543877420e+01,3.0239915240e+01,1.2370989238e+01,-2.2547057170e+01,1.2370988798e+01,2.2547057170e+01,0.0000000000e+00,nan,nan,nan,nan,nan,nan
3.1308433757e-04,4.5243048014e-05,-1.4441612041e+00,-1.0342365384e+01,-7.0215249502e+00,1.8550802393e+01,6.4774676783e+00,-1.4943153833e+01,6.4774676790e+00,1.4943153833e+01,0.0000000000e+00,nan,nan,nan,nan,nan,nan
-9.4888308660e-05,9.1280369439e-05,1.7250703137e+01,6.0722159444e+00,-3.4675441389e+01,4.6181397537e+01,1.7950473174e+01,-3.5375211426e+01,1.7950469641e+01,3.5375211426e+01,0.0000000000e+00,nan,nan,nan,nan,nan,nan
2.4980312322e-04,1.0532773347e-05,3.1249912483e+01,-1.9028011344e+01,-1.3353726993e+01,5.0776840969e+01,3.8264115547e+01,-2.0367930057e+01,3.8264115544e+01,2.0367930057e+01,0.0000000000e+00,nan,nan,nan,nan,nan,nan
2.4928463042e-04,7.7599948669e-06,3.5728897338e+01,-2.1115237808e+01,-1.2956343118e+01,5.5815101969e+01,4.3611141257e+01,-2.0838587036e+01,4.3611141258e+01,2.0838587036e+01,0.0000000000e+00,nan,nan,nan,nan,nan,nan
2.4519760763e-04,7.6052545860e-06,3.9657672624e+01,-2.1889958645e+01,-1.2855027507e+01,5.9210989911e+01,4.7586803523e+01,-2.0784158406e+01,4.7586803523e+01,2.0784158406e+01,0.0000000000e+00,nan,nan,nan,nan,nan,nan
6.8374512558e-05,8.7530859397e-05,9.7130882367e+00,5.9431603750e-01,-2.2519664415e+01,2.7938297778e+01,9.7268956535e+00,-2.2533471832e+01,9.7268921123e+00,2.2533471832e+01,0.0000000000e+00,nan,nan,nan,nan,nan,nan
-1.9477974227e-04,4.9359253852e-05,7.5710293404e+01,3.1602293104e+01,-3.2137811038e+01,1.0825386363e+02,8.4286638489e+01,-4.0714156123e+01,8.4286638489e+01,4.0714156123e+01,0.0000000000e+00,nan,nan,nan,nan,nan,nan
7.3799404787e-05,8.6708664090e-05,9.0105536673e+00,3.8713301626e-01,-2.2558060924e+01,2.7352978457e+01,9.0184958466e+00,-2.2566003103e+01,9.0184903275e+00,2.2566003103e+01,0.0000000000e+00,nan,nan,nan,nan,nan,nan
2.4118848352e-04,7.4291393315e-06,4.3986291249e+01,-2.2690155251e+01,-1.2789209657e+01,6.2948615195e+01,5.1941940724e+01,-2.0744859132e+01,5.1941940724e+01,2.0744859132e+01,0.0000000000e+00,nan,nan,nan,nan,nan,nan
3.3994926142e-04,7.6108933802e-05,-4.4059754129e+00,-1.0431870476e+01,2.3162592426e-01,1.8506167629e+01,8.5973661179e+00,-1.2771715607e+01,8.5973661179e+00,1.2771715607e+01,0.0000000000e+00,nan,nan,nan,nan,nan,nan
3.4382347726e-04,7.6808142456e-05,-4.7722662386e+00,-1.0271680679e+01,1.0069308067e+00,1.8477500618e+01,8.7853222395e+00,-1.2550657671e+01,8.7853222395e+00,1.2550657671e+01,0.0000000000e+00,nan,nan,nan,nan,nan,nan
3.4327478124e-04,7.2790174332e-05,-4.4931765721e+00,-1.0641303970e+01,1.0089035563e+00,1.9033343275e+01,9.2467693557e+00,-1.2731042372e+01,9.2467693557e+00,1.2731042372e+01,0.0000000000e+00,nan,nan,nan,nan,nan,nan
3.4726760697e-04,7.3500755484e-05,-4.9015937656e+00,-1.0444057655e+01,1.8571626538e+00,1.9008302693e+01,9.4522331208e+00,-1.2496664233e+01,9.4522331208e+00,1.2496664233e+01,0.0000000000e+00,nan,nan,nan,nan,nan,nan
3.4659675397e-04,6.9454610415e-05,-4.5823962138e+00,-1.0853546298e+01,1.8550615470e+00,1.9603781939e+01,9.9545814463e+00,-1.2681916113e+01,9.9545814463e+00,1.2681916113e+01,0.0000000000e+00,nan,nan,nan,nan,nan,nan
2.8122396296e-04,4.4282782308e-05,-2.0933235999e+00,-7.3704733616e+00,-1.1924615879e+01,1.5342579804e+01,1.8490728407e+00,-1.5867012320e+01,1.8491075017e+00,1.5867012320e+01,0.0000000000e+00,nan,nan,nan,nan,nan,nan
2.3321899558e-04,7.0810428779e-06,5.3713355086e+01,-2.4276974514e+01,-1.2712012678e+01,7.1260658034e+01,6.1643031303e+01,-2.0641688895e+01,6.1643031303e+01,2.0641688895e+01,0.0000000000e+00,nan,nan,nan,nan,nan,nan
2.2929687766e-04,6.8811059749e-06,5.9236858116e+01,-2.5135933687e+01,-1.2669509043e+01,7.5988245963e+01,6.7155508798e+01,-2.0588159726e+01,6.7155508798e+01,2.0588159726e+01,0.0000000000e+00,nan,nan,nan,nan,nan,nan
2.2541910942e-04,6.6817358379e-06,6.4942410592e+01,-2.5911367030e+01,-1.2686217519e+01,8.0838679967e+01,7.2800330177e+01,-2.0544137103e+01,7.2800330177e+01,2.0544137103e+01,0.0000000000e+00,nan,nan,nan,nan,nan,nan
-1.9566424497e-04,6.2980457711e-05,4.5747320129e+01,2.8587718209e+01,-2.8964056812e+01,8.1471679088e+01,5.5429327511e+01,-3.8646064194e+01,5.5429327511e+01,3.8646064194e+01,0.0000000000e+00,nan,nan,nan,nan,nan,nan
2.2140855494e-04,6.5614193453e-06,7.0821384608e+01,-2.6658274893e+01,-1.2710664994e+01,8.5827353425e+01,7.8607805411e+01,-2.0497085797e+01,7.8607805411e+01,2.0497085797e+01,0.0000000000e+00,nan,nan,nan,nan,nan,nan
2.1735101227e-04,6.4411651598e-06,7.7104759722e+01,-2.7423135314e+01,-1.2745468157e+01,9.1170971692e+01,8.4817230831e+01,-2.0457939266e+01,8.4817230831e+01,2.0457939266e+01,0.0000000000e+00,nan,nan,nan,nan,nan,nan
2.0360107862e-04,6.6350445188e-05,-3.1707502925e+00,-3.2642843338e+00,-1.6214206989e+01,1.2633905013e+01,-2.3982901802e+00,-1.6986667101e+01,-9.1793028685e-02,1.6986667101e+01,0.0000000000e+00,nan,nan,nan,nan,nan,nan
2.1337763062e-04,6.2946302560e-06,8.3670973282e+01,-2.8177549651e+01,-1.2813253763e+01,9.6774431907e+01,9.1301604072e+01,-2.0443884553e+01,9.1301604072e+01,2.0443884553e+01,0.0000000000e+00,nan,nan,nan,nan,nan,nan
2.0941122815e-04,6.1541052842e-06,9.0809477145e+01,-2.9018260174e+01,-1.2869660379e+01,1.0290644612e+02,9.8382972753e+01,-2.0443155986e+01,9.8382972753e+01,2.0443155986e+01,0.0000000000e+00,nan,nan,nan,nan,nan,nan
-3.0315443095e-04,7.2069821239e-06,2.4321644003e+02,7.8829761374e+01,6.8007227685e+00,2.4608223052e+02,2.6708422343e+02,-1.7067060632e+01,2.6708422343e+02,1.7067060632e+01,0.0000000000e+00,nan,nan,nan,nan,nan,nan
3.4239324351e-04,1.1152232528e-05,-1.0138418513e+00,-1.2905330666e+01,-2.9930160733e+00,2.2412136307e+01,1.0936223968e+01,-1.4943081892e+01,1.0936223968e+01,1.4943081889e+01,0.0000000000e+00,nan,nan,nan,nan,nan,nan
2.7120763718e-04,5.3199440788e-05,-2.5704428341e+00,-6.7465685853e+00,-1.2266825064e+01,1.4387616396e+01,8.8806025035e-01,-1.5725328148e+01,8.8594179265e-01,1.5725328148e+01,0.0000000000e+00,nan,nan,nan,nan,nan,nan
2.0207761521e-04,8.0685136405e-06,8.7076576374e+01,-2.7249406160e+01,-1.3352034767e+01,9.8958403024e+01,9.3995931428e+01,-2.0271389821e+01,9.3995931428e+01,2.0271389821e+01,0.0000000000e+00,nan,nan,nan,nan,nan,nan
1.9813074486e-04,7.8950758837e-06,9.3757404202e+01,-2.8000549219e+01,-1.3461907188e+01,1.0476111696e+02,1.0063160759e+02,-2.0336110572e+01,1.0063160759e+02,2.0336110572e+01,0.0000000000e+00,nan,nan,nan,nan,nan,nan
-1.8588034021e-04,6.8189195891e-05,3.8764169093e+01,2.5419343483e+01,-2.9725943561e+01,7.3866169742e+01,4.7165765751e+01,-3.8127540219e+01,4.7165765751e+01,3.8127540219e+01,0.0000000000e+00,nan,nan,nan,nan,nan,nan
1.9419191069e-04,7.7273461309e-06,1.0089232407e+02,-2.8795521870e+01,-1.3590240182e+01,1.1098711680e+02,1.0772948370e+02,-2.0427399820e+01,1.0772948370e+02,2.0427399820e+01,0.0000000000e+00,nan,nan,nan,nan,nan,nan
1.9023091277e-04,7.5771521665e-06,1.0826977099e+02,-2.9596454239e+01,-1.3726385199e+01,1.1743605285e+02,1.1507342962e+02,-2.0530043829e+01,1.1507342962e+02,2.0530043829e+01,0.0000000000e+00,nan,nan,nan,nan,nan,nan
2.2929226316e-04,1.0144511288e-04,-4.0199767467e+00,-5.4113934557e+00,-1.2260866947e+01,1.1779675679e+01,-1.3394229229e+00,-1.4941420771e+01,3.7564472475e-04,1.4941420771e+01,0.0000000000e+00,nan,nan,nan,nan,nan,nan
-4.2029734310e-06,9.0885459461e-05,1.5233055369e+01,-6.5143110913e+00,-3.6007068357e+01,4.5786606530e+01,1.6047903112e+01,-3.6821916099e+01,1.6048001175e+01,3.6821916099e+01,0.0000000000e+00,nan,nan,nan,nan,nan,nan
1.8625798477e-04,7.4346423737e-06,1.1611939979e+02,-3.0471868380e+01,-1.3861187789e+01,1.2433048363e+02,1.2291134419e+02,-2.0653132190e+01,1.2291134419e+02,2.0653132190e+01,0.0000000000e+00,nan,nan,nan,nan,nan,nan
1.8228897528e-04,7.3000033671e-06,1.2435794431e+02,-3.1399617022e+01,-1.3995216803e+01,1.3158828005e+02,1.3115389267e+02,-2.0791165156e+01,1.3115389267e+02,2.0791165156e+01,0.0000000000e+00,nan,nan,nan,nan,nan,nan
2.7925867749e-04,1.7650039114e-05,2.3476810105e+01,-2.0413559045e+01,-7.4954549743e+00,4.4378589086e+01,3.3612667920e+01,-1.7631312790e+01,3.3612663952e+01,1.7631312790e+01,0.0000000000e+00,nan,nan,nan,nan,nan,nan
1.7436568354e-04,7.0456170173e-06,1.4209431047e+02,-3.3489222372e+01,-1.4233720870e+01,1.4729287104e+02,1.4896987354e+02,-2.1109283949e+01,1.4896987354e+02,2.1109283949e+01,0.0000000000e+00,nan,nan,nan,nan,nan,nan
1.7040918160e-04,6.9291290723e-06,1.5151230087e+02,-3.4670733575e+01,-1.4318529081e+01,1.5566934710e+02,1.5847262535e+02,-2.1278853556e+01,1.5847262535e+02,2.1278853556e+01,0.0000000000e+00,nan,nan,nan,nan,nan,nan
-3.0752586935e-04,4.1130960790e-05,5.0993245891e+01,3.2038068106e+01,-2.0952941661e+00,7.2094162911e+01,6.6072560226e+01,-1.7174608501e+01,6.6072560226e+01,1.7174608501e+01,0.0000000000e+00,nan,nan,nan,nan,nan,nan
-9.8844231839e-06,9.0471959855e-05,1.5860439706e+01,-6.3625322592e+00,-3.6350124385e+01,4.6538661292e+01,1.6624266285e+01,-3.7113950964e+01,1.6624233042e+01,3.7113950964e+01,0.0000000000e+00,nan,nan,nan,nan,nan,nan
1.6646107258e-04,6.8212242268e-06,1.6119357000e+02,-3.5913180531e+01,-1.4384488035e+01,1.6429203802e+02,1.6825859336e+02,-2.1449511396e+01,1.6825859336e+02,2.1449511396e+01,0.0000000000e+00,nan,nan,nan,nan,nan,nan
1.6249252936e-04,6.7317233047e-06,1.7075523752e+02,-3.7156117643e+01,-1.4436148317e+01,1.7281635851e+02,1.7793511571e+02,-2.1616026506e+01,1.7793511571e+02,2.1616026506e+01,0.0000000000e+00,nan,nan,nan,nan,nan,nan
1.5851492985e-04,6.6523882402e-06,1.8028768392e+02,-3.8442480102e+01,-1.4461285891e+01,1.8133039863e+02,1.8760435348e+02,-2.1777955449e+01,1.8760435348e+02,2.1777955449e+01,0.0000000000e+00,nan,nan,nan,nan,nan,nan
1.5454512352e-04,6.5823594847e-06,1.8963518244e+02,-3.9723594272e+01,-1.4468925987e+01,1.8968296833e+02,1.9709664105e+02,-2.1930384600e+01,1.9709664105e+02,2.1930384600e+01,0.0000000000e+00,nan,nan,nan,nan,nan,nan
1.5058961582e-04,6.5170357969e-06,1.9866537563e+02,-4.0970304408e+01,-1.4453820718e+01,1.9774330447e+02,2.0627292752e+02,-2.2061372612e+01,2.0627292752e+02,2.2061372612e+01,0.0000000000e+00,nan,nan,nan,nan,nan,nan
3.7415026648e-04,1.6354960442e-05,1.6374408006e+00,-1.6844369417e+01,1.4399365010e+01,3.1186396132e+01,2.6023877107e+01,-9.9870712967e+00,2.6023877107e+01,9.9867755584e+00,0.0000000000e+00,nan,nan,nan,nan,nan,nan
1.7754175711e-04,1.1149871215e-04,-7.1806461203e+00,-1.8908712665e+00,-1.5640127811e+01,8.0173083249e+00,-6.7815918463e+00,-1.6039182085e+01,4.7910401303e-07,1.6039182085e+01,0.0000000000e+00,nan,nan,nan,nan,nan,nan
3.7370089978e-04,1.2217772784e-05,3.1031537621e+00,-1.6481863527e+01,1.3245538437e+01,2.9860739610e+01,2.5414452151e+01,-9.0657599523e+00,2.5414452151e+01,9.0658784020e+00,0.0000000000e+00,nan,nan,nan,nan,nan,nan
4.0499639827e-05,1.1940219160e-04,-2.2176218648e+01,-6.2524339827e+00,-3.5772765249e+01,1.5920601117e+01,-1.9782728608e+01,-3.8166255289e+01,-4.8629850605e-05,3.8166255289e+01,0.0000000000e+00,nan,nan,nan,nan,nan,nan
-3.0315669565e-04,3.8466301361e-05,5.7170187572e+01,3.4705619497e+01,-9.4729709160e-01,7.8419432515e+01,7.3386925712e+01,-1.7164035232e+01,7.3386925712e+01,1.7164035232e+01,0.0000000000e+00,nan,nan,nan,nan,nan,nan
2.9493351338e-04,5.3549243190e-05,-1.9778265842e+00,-8.8264925039e+00,-9.2648708679e+00,1.6537264943e+01,3.9264456407e+00,-1.5169143093e+01,3.9264454867e+00,1.5169143093e+01,0.0000000000e+00,nan,nan,nan,nan,nan,nan
1.3090950578e-04,6.3236603770e-06,2.3558103882e+02,-4.5728064684e+01,-1.4326420498e+01,2.3046284470e+02,2.4368509459e+02,-2.2430476264e+01,2.4368509459e+02,2.2430476264e+01,0.0000000000e+00,nan,nan,nan,nan,nan,nan
1.2699074457e-04,6.3098529351e-06,2.4212207043e+02,-4.6341356771e+01,-1.4318283306e+01,2.3614449771e+02,2.5023998288e+02,-2.2436195757e+01,2.5023998288e+02,2.2436195757e+01,0.0000000000e+00,nan,nan,nan,nan,nan,nan
1.2308603204e-04,6.3004208427e-06,2.4808203033e+02,-4.6851970706e+01,-1.4341163183e+01,2.4131992865e+02,2.5619655934e+02,-2.2455692196e+01,2.5619655934e+02,2.2455692196e+01,0.0000000000e+00,nan,nan,nan,nan,nan,nan
1.0369035188e-04,6.2950177315e-06,2.3778666294e+02,-4.1499744111e+01,-1.6367965868e+01,2.3153858099e+02,2.4438821060e+02,-2.2969513527e+01,2.4438821060e+02,2.2969513527e+01,0.0000000000e+00,nan,nan,nan,nan,nan,nan
9.9828529549e-05,6.2905944593e-06,2.3404537269e+02,-3.9772079815e+01,-1.7069757760e+01,2.2811645538e+02,2.4019090439e+02,-2.3215289455e+01,2.4019090439e+02,2.3215289455e+01,0.0000000000e+00,nan,nan,nan,nan,nan,nan
9.5968599845e-05,6.2844068264e-06,2.3060817632e+02,-3.8029765892e+01,-1.7870743655e+01,2.2503944380e+02,2.3629529979e+02,-2.3557867121e+01,2.3629529979e+02,2.3557867121e+01,0.0000000000e+00,nan,nan,nan,nan,nan,nan
2.6448750023e-04,1.0619044834e-04,-2.7843781700e+00,-7.5130147110e+00,-9.2802470898e+00,1.4176216057e+01,2.1523295267e+00,-1.4216954787e+01,2.1523191356e+00,1.4216954787e+01,0.0000000000e+00,nan,nan,nan,nan,nan,nan
7.6655821447e-05,6.2343712495e-06,2.1807046435e+02,-2.9980305070e+01,-2.2934160649e+01,2.1507526798e+02,2.2174191571e+02,-2.6605612013e+01,2.2174191571e+02,2.6605612013e+01,0.0000000000e+00,nan,nan,nan,nan,nan,nan
7.2785945623e-05,6.2217912131e-06,2.1621803092e+02,-2.8536855725e+01,-2.4096965864e+01,2.1390454994e+02,2.1955838202e+02,-2.7437316963e+01,2.1955838202e+02,2.7437316963e+01,0.0000000000e+00,nan,nan,nan,nan,nan,nan
6.8912914480e-05,6.2086065045e-06,2.1451841856e+02,-2.7147839169e+01,-2.5291559199e+01,2.1293516666e+02,2.1755160547e+02,-2.8324746115e+01,2.1755160547e+02,2.8324746115e+01,0.0000000000e+00,nan,nan,nan,nan,nan,nan
4.9496809441e-05,6.1386377409e-06,2.0777304246e+02,-2.0959164396e+01,-3.1503299809e+01,2.1037336710e+02,2.0959399145e+02,-3.3324248803e+01,2.0959399145e+02,3.3324248803e+01,0.0000000000e+00,nan,nan,nan,nan,nan,nan
4.5609937988e-05,6.1208985694e-06,2.0671124112e+02,-1.9860563248e+01,-3.2747452229e+01,2.1020933838e+02,2.0834631254e+02,-3.4382523652e+01,2.0834631254e+02,3.4382523652e+01,0.0000000000e+00,nan,nan,nan,nan,nan,nan
4.1726256079e-05,6.1033405537e-06,2.0572165277e+02,-1.8805132065e+01,-3.3976471717e+01,2.1012293696e+02,2.0718712474e+02,-3.5441943690e+01,2.0718712474e+02,3.5441943690e+01,0.0000000000e+00,nan,nan,nan,nan,nan,nan
2.2181426060e-05,6.0445196269e-06,2.0153792186e+02,-1.4057319570e+01,-3.9761172929e+01,2.1038381693e+02,2.0235352780e+02,-4.0576778872e+01,2.0235352780e+02,4.0576778872e+01,0.0000000000e+00,nan,nan,nan,nan,nan,nan
1.8268604453e-05,6.0326043288e-06,2.0084786321e+02,-1.3201313918e+01,-4.0810428547e+01,2.1052669756e+02,2.0156636284e+02,-4.1528928174e+01,2.0156636284e+02,4.1528928174e+01,0.0000000000e+00,nan,nan,nan,nan,nan,nan
1.4353610693e-05,6.0211350340e-06,2.0019674574e+02,-1.2370819121e+01,-4.1816075077e+01,2.1068083451e+02,2.0082697185e+02,-4.2446301185e+01,2.0082697185e+02,4.2446301185e+01,0.0000000000e+00,nan,nan,nan,nan,nan,nan
-9.1726433768e-06,5.9634861108e-06,1.9698981404e+02,-7.8005606501e+00,-4.6837895885e+01,2.1159223765e+02,1.9723879444e+02,-4.7086876287e+01,1.9723879444e+02,4.7086876287e+01,0.0000000000e+00,nan,nan,nan,nan,nan,nan
-1.3099313710e-05,5.9560420459e-06,1.9655899810e+02,-7.0888284164e+00,-4.7500493117e+01,2.1171751890e+02,1.9676441902e+02,-4.7705914039e+01,1.9676441902e+02,4.7705914039e+01,0.0000000000e+00,nan,nan,nan,nan,nan,nan
-3.6667356134e-05,5.9199205006e-06,1.9456296002e+02,-2.9733148975e+00,-5.0487115592e+01,2.1228164616e+02,1.9459878777e+02,-5.0522943343e+01,1.9459878777e+02,5.0522943343e+01,0.0000000000e+00,nan,nan,nan,nan,nan,nan
-4.0597009036e-05,5.9156569678e-06,1.9432667996e+02,-2.3015295404e+00,-5.0833674840e+01,2.1235210047e+02,1.9434804493e+02,-5.0855039806e+01,1.9434804493e+02,5.0855039806e+01,0.0000000000e+00,nan,nan,nan,nan,nan,nan
-4.4528240181e-05,5.9116627829e-06,1.9411869894e+02,-1.6308426234e+00,-5.1141619432e+01,2.1242004092e+02,1.9412930756e+02,-5.1152228055e+01,1.9412930756e+02,5.1152228055e+01,0.0000000000e+00,nan,nan,nan,nan,nan,nan
-1.3541058050e-04,7.7011904285e-05,3.3529821013e+01,1.4369558785e+01,-3.4411271174e+01,6.3884489655e+01,3.6443002219e+01,-3.7324452380e+01,3.6443002219e+01,3.7324452380e+01,0.0000000000e+00,nan,nan,nan,nan,nan,nan
-1.3934576260e-04,7.3316800486e-05,3.8522245088e+01,1.5528914413e+01,-3.4765142675e+01,6.8931003902e+01,4.1675884865e+01,-3.7918782452e+01,4.1675884865e+01,3.7918782452e+01,0.0000000000e+00,nan,nan,nan,nan,nan,nan
-6.8107558856e-05,5.8948891798e-06,1.9347397458e+02,2.4053378235e+00,-5.2273557647e+01,2.1286397369e+02,1.9349728097e+02,-5.2296864041e+01,1.9349728097e+02,5.2296864041e+01,0.0000000000e+00,nan,nan,nan,nan,nan,nan
-7.2037150727e-05,5.8930969012e-06,1.9346966227e+02,3.0860550873e+00,-5.2358474001e+01,2.1296009120e+02,1.9350816012e+02,-5.2396971845e+01,1.9350816012e+02,5.2396971845e+01,0.0000000000e+00,nan,nan,nan,nan,nan,nan
-9.5606645691e-05,5.8874183672e-06,1.9409184940e+02,7.2617393507e+00,-5.2372398556e+01,2.1381409054e+02,1.9430534815e+02,-5.2585897305e+01,1.9430534815e+02,5.2585897305e+01,0.0000000000e+00,nan,nan,nan,nan,nan,nan
1.4434230422e-04,1.0971245677e-04,-7.9144676713e+00,-5.4484246208e-01,-1.6975356646e+01,7.9112200650e+00,-7.8773671247e+00,-1.7012457193e+01,4.6178720355e-06,1.7012457193e+01,0.0000000000e+00,nan,nan,nan,nan,nan,nan
-3.4350710532e-04,8.1135430364e-06,1.2214610216e+02,6.0458288978e+01,8.2442891517e+00,1.4385766290e+02,1.4825145606e+02,-1.7861064744e+01,1.4825145606e+02,1.7861064711e+01,0.0000000000e+00,nan,nan,nan,nan,nan,nan
-3.3828678877e-04,1.0485754602e-05,1.2052767663e+02,5.8091766854e+01,7.6227571397e+00,1.4030131745e+02,1.4507822028e+02,-1.6927786514e+01,1.4507822028e+02,1.6927786453e+01,0.0000000000e+00,nan,nan,nan,nan,nan,nan
-3.3982636001e-04,7.6812116970e-06,1.3543733814e+02,6.4254564506e+01,9.1740510354e+00,1.5601931881e+02,1.6238349030e+02,-1.7772101129e+01,1.6238349030e+02,1.7772101163e+01,0.0000000000e+00,nan,nan,nan,nan,nan,nan
-3.3618199920e-04,7.2818721539e-06,1.5120420727e+02,6.8549939861e+01,1.0247766641e+01,1.7028696304e+02,1.7904121091e+02,-1.7589236996e+01,1.7904121091e+02,1.7589236987e+01,0.0000000000e+00,nan,nan,nan,nan,nan,nan
7.7790620490e-05,1.1118978143e-04,-3.6096054612e+00,4.6844928969e+00,-2.0860483711e+01,1.7019094471e+01,-2.4090658116e+00,-2.2061023361e+01,-1.3478264971e-02,2.2061023370e+01,0.0000000000e+00,nan,nan,nan,nan,nan,nan
-1.0864304861e-04,7.6128390779e-05,3.6671447949e+01,9.0903591201e+00,-3.6726964426e+01,6.5484497202e+01,3.7779733849e+01,-3.7835250326e+01,3.7779733849e+01,3.7835250326e+01,0.0000000000e+00,nan,nan,nan,nan,nan,nan
1.4597874234e-04,1.3222272858e-04,-8.2124056705e+00,-1.5711375682e+00,-1.6706366094e+01,7.8445297737e+00,-7.9303445056e+00,-1.6988427259e+01,-4.8368304311e-05,1.6988427259e+01,0.0000000000e+00,nan,nan,nan,nan,nan,nan
1.4583334718e-04,1.2842302006e-04,-9.0283231438e+00,-1.2132519071e+00,-1.6810934911e+01,7.0605116381e+00,-8.8432407325e+00,-1.6996017322e+01,1.2232594013e-05,1.6996017322e+01,0.0000000000e+00,nan,nan,nan,nan,nan,nan
1.8058825541e-04,6.4271594435e-05,7.2900953133e+00,-6.6573105032e+00,-1.5198990736e+01,2.2642009921e+01,9.1179228116e+00,-1.7026818234e+01,9.1033926360e+00,1.7026818234e+01,0.0000000000e+00,nan,nan,nan,nan,nan,nan
1.7733589102e-04,6.6661886924e-05,5.5939486946e+00,-6.0362897414e+00,-1.5412679131e+01,2.0990502138e+01,7.2095068416e+00,-1.7028237278e+01,7.2027071694e+00,1.7028237278e+01,0.0000000000e+00,nan,nan,nan,nan,nan,nan
1.7675059550e-04,6.3456818407e-05,1.0294198951e+01,-7.5330649952e+00,-1.4912971125e+01,2.5440810874e+01,1.2378872920e+01,-1.6997645093e+01,1.2382693553e+01,1.6997645093e+01,0.0000000000e+00,nan,nan,nan,nan,nan,nan
1.7294421241e-04,6.2675938849e-05,1.2939965635e+01,-8.2001058432e+00,-1.4792288221e+01,2.7904647246e+01,1.5184594306e+01,-1.7036916892e+01,1.5184224193e+01,1.7036916892e+01,0.0000000000e+00,nan,nan,nan,nan,nan,nan
1.6594897325e-04,6.4198721062e-05,1.2586310081e+01,-7.7357157916e+00,-1.5098930610e+01,2.7464558835e+01,1.4600360172e+01,-1.7112980701e+01,1.4599447557e+01,1.7112980701e+01,0.0000000000e+00,nan,nan,nan,nan,nan,nan
1.6649587087e-04,6.7302244131e-05,9.4637551883e+00,-7.1044187085e+00,-1.5072232517e+01,2.4561916559e+01,1.1376590473e+01,-1.6985067801e+01,1.1380025271e+01,1.6985067801e+01,0.0000000000e+00,nan,nan,nan,nan,nan,nan
1.6274813617e-04,6.6478147528e-05,1.1197709217e+01,-7.3209135542e+00,-1.5207724251e+01,2.6146264680e+01,1.3090545434e+01,-1.7100560468e+01,1.3090082061e+01,1.7100560468e+01,0.0000000000e+00,nan,nan,nan,nan,nan,nan
1.6218329371e-04,6.3402172444e-05,1.2787300149e+01,-7.1489088905e+00,-1.5717762826e+01,2.7613357683e+01,1.4477348153e+01,-1.7407810830e+01,1.4477592768e+01,1.7407810830e+01,0.0000000000e+00,nan,nan,nan,nan,nan,nan
1.5841368160e-04,6.2602686846e-05,1.3342653192e+01,-6.7187574582e+00,-1.6309974574e+01,2.8191500727e+01,1.4792709843e+01,-1.7760031225e+01,1.4792685478e+01,1.7760031225e+01,0.0000000000e+00,nan,nan,nan,nan,nan,nan
1.5463990617e-04,6.1801005123e-05,1.4011631159e+01,-6.3160374420e+00,-1.6967155943e+01,2.8971260877e+01,1.5248802874e+01,-1.8204327658e+01,1.5248790077e+01,1.8204327658e+01,0.0000000000e+00,nan,nan,nan,nan,nan,nan
1.4772615110e-04,6.3169388723e-05,1.3564531272e+01,-5.4498005295e+00,-1.8000155959e+01,2.8917816148e+01,1.4477896594e+01,-1.8913521281e+01,1.4477912918e+01,1.8913521281e+01,0.0000000000e+00,nan,nan,nan,nan,nan,nan
1.5022798360e-04,5.8049809707e-05,1.7109462219e+01,-6.2292370256e+00,-1.8049413021e+01,3.2302664903e+01,1.8179976873e+01,-1.9119927678e+01,1.8179975832e+01,1.9119927677e+01,0.0000000000e+00,nan,nan,nan,nan,nan,nan
1.4395167801e-04,6.2345881990e-05,1.4562166791e+01,-5.1472419531e+00,-1.8810697766e+01,3.0244335734e+01,1.5337309890e+01,-1.9585840865e+01,1.5337307389e+01,1.9585840865e+01,0.0000000000e+00,nan,nan,nan,nan,nan,nan
1.4328081999e-04,5.9412634684e-05,1.6934141005e+01,-5.4542608329e+00,-1.9215651112e+01,3.2700008789e+01,1.7738603823e+01,-2.0020113931e+01,1.7738604956e+01,2.0020113931e+01,0.0000000000e+00,nan,nan,nan,nan,nan,nan
1.3947825012e-04,5.8632193463e-05,1.8149936789e+01,-5.2649971447e+00,-2.0064291877e+01,3.4327129931e+01,1.8861600162e+01,-2.0775955250e+01,1.8861600014e+01,2.0775955250e+01,0.0000000000e+00,nan,nan,nan,nan,nan,nan
1.3566677818e-04,5.7861825121e-05,1.9494501088e+01,-5.1314214464e+00,-2.0947873329e+01,3.6133677064e+01,2.0135102059e+01,-2.1588474301e+01,2.0135102042e+01,2.1588474301e+01,0.0000000000e+00,nan,nan,nan,nan,nan,nan
1.3184588471e-04,5.7104177372e-05,2.0813650434e+01,-5.0288379952e+00,-2.1952455428e+01,3.8045842290e+01,2.1396374790e+01,-2.2535179785e+01,2.1396374844e+01,2.2535179785e+01,0.0000000000e+00,nan,nan,nan,nan,nan,nan
1.2495064920e-04,5.8383071504e-05,2.1504193933e+01,-4.7950386887e+00,-2.2378885726e+01,3.8903845925e+01,2.2023800021e+01,-2.2898491814e+01,2.2023800019e+01,2.2898491814e+01,0.0000000000e+00,nan,nan,nan,nan,nan,nan
1.2119008295e-04,5.7641625063e-05,2.3216105308e+01,-5.1718575603e+00,-2.2351559973e+01,4.0469065389e+01,2.3797098464e+01,-2.2932553128e+01,2.3797098462e+01,2.2932553128e+01,0.0000000000e+00,nan,nan,nan,nan,nan,nan
1.2350743335e-04,5.2941718504e-05,2.7491652727e+01,-6.3714436882e+00,-2.2129720642e+01,4.4369684502e+01,2.8297815334e+01,-2.2935883249e+01,2.8297815332e+01,2.2935883249e+01,0.0000000000e+00,nan,nan,nan,nan,nan,nan
1.1674756026e-04,5.4256452970e-05,2.8085636488e+01,-6.3726887749e+00,-2.2108969311e+01,4.4851570258e+01,2.8883399750e+01,-2.2906732574e+01,2.8883399750e+01,2.2906732574e+01,0.0000000000e+00,nan,nan,nan,nan,nan,nan
1.1306769237e-04,5.3598451459e-05,3.0003195712e+01,-6.8056528080e+00,-2.2016162702e+01,4.6569058668e+01,3.0880175063e+01,-2.2893142053e+01,3.0880175063e+01,2.2893142053e+01,0.0000000000e+00,nan,nan,nan,nan,nan,nan
1.0942470932e-04,5.2961641461e-05,3.1984992763e+01,-7.2591584682e+00,-2.1918246649e+01,4.8347512437e+01,3.2946822377e+01,-2.2880076263e+01,3.2946822377e+01,2.2880076263e+01,0.0000000000e+00,nan,nan,nan,nan,nan,nan
1.0296279057e-04,5.4267278271e-05,3.2613903126e+01,-7.2641131178e+00,-2.1902222123e+01,4.8862525178e+01,3.3566632566e+01,-2.2854951563e+01,3.3566632566e+01,2.2854951563e+01,0.0000000000e+00,nan,nan,nan,nan,nan,nan
9.9425071058e-05,5.3659928474e-05,3.4662799323e+01,-7.7376984901e+00,-2.1798716696e+01,5.0702953536e+01,3.5705405186e+01,-2.2841322560e+01,3.5705405186e+01,2.2841322560e+01,0.0000000000e+00,nan,nan,nan,nan,nan,nan
9.5920954481e-05,5.3075892145e-05,3.6769882601e+01,-8.2294347882e+00,-2.1690313606e+01,5.2598679535e+01,3.7907646286e+01,-2.2828077291e+01,3.7907646286e+01,2.2828077291e+01,0.0000000000e+00,nan,nan,nan,nan,nan,nan
9.8000601218e-05,4.8747908847e-05,4.2239843402e+01,-9.8022287357e+00,-2.1360582296e+01,5.7639204972e+01,4.3717641060e+01,-2.2838379953e+01,4.3717641060e+01,2.2838379953e+01,0.0000000000e+00,nan,nan,nan,nan,nan,nan
8.4864050773e-05,4.9125348071e-05,4.7676473735e+01,-1.0980829157e+01,-2.1079744341e+01,6.2510687465e+01,4.9388926932e+01,-2.2792197538e+01,4.9388926932e+01,2.2792197538e+01,0.0000000000e+00,nan,nan,nan,nan,nan,nan
8.1477227963e-05,4.8665717894e-05,5.0196098482e+01,-1.1595962217e+01,-2.0938033103e+01,6.4797688331e+01,5.2039995490e+01,-2.2781930111e+01,5.2039995490e+01,2.2781930111e+01,0.0000000000e+00,nan,nan,nan,nan,nan,nan
7.8117255998e-05,4.8229493013e-05,5.2784141488e+01,-1.2231609123e+01,-2.0791151455e+01,6.7150037654e+01,5.4765587332e+01,-2.2772597299e+01,5.4765587332e+01,2.2772597299e+01,0.0000000000e+00,nan,nan,nan,nan,nan,nan
7.2228398887e-05,4.9624643262e-05,5.3300387849e+01,-1.2216257119e+01,-2.0792535608e+01,6.7567183398e+01,5.5263857644e+01,-2.2756005403e+01,5.5263857644e+01,2.2756005403e+01,0.0000000000e+00,nan,nan,nan,nan,nan,nan
6.8951248283e-05,4.9221080276e-05,5.5941239888e+01,-1.2869238725e+01,-2.0643591458e+01,6.9971955266e+01,5.8047151424e+01,-2.2749502993e+01,5.8047151424e+01,2.2749502993e+01,0.0000000000e+00,nan,nan,nan,nan,nan,nan
6.2464976627e-05,4.8479991496e-05,6.1454364949e+01,-1.4241074467e+01,-2.0329890026e+01,7.5001486968e+01,6.3864366152e+01,-2.2739891229e+01,6.3864366152e+01,2.2739891229e+01,0.0000000000e+00,nan,nan,nan,nan,nan,nan
6.7445558031e-05,4.4915358094e-05,6.6616361767e+01,-1.5815192910e+01,-1.9951046824e+01,7.9819468880e+01,6.9416449316e+01,-2.2751134373e+01,6.9416449316e+01,2.2751134373e+01,0.0000000000e+00,nan,nan,nan,nan,nan,nan
5.9255546974e-05,4.8141250205e-05,6.4335902182e+01,-1.4961983994e+01,-2.0164235193e+01,7.7634315537e+01,6.6908026468e+01,-2.2736359479e+01,6.6908026468e+01,2.2736359479e+01,0.0000000000e+00,nan,nan,nan,nan,nan,nan
5.7709561451e-05,4.4018864573e-05,7.6317547440e+01,-1.8257179388e+01,-1.9375197947e+01,8.8702597442e+01,7.9683643258e+01,-2.2741293765e+01,7.9683643258e+01,2.2741293765e+01,0.0000000000e+00,nan,nan,nan,nan,nan,nan
4.8943587423e-05,4.5258750003e-05,7.9832100498e+01,-1.9043015643e+01,-1.9133088565e+01,9.1836733775e+01,8.3371468932e+01,-2.2672457000e+01,8.3371468932e+01,2.2672457000e+01,0.0000000000e+00,nan,nan,nan,nan,nan,nan
4.5803368759e-05,4.5030346774e-05,8.2635437665e+01,-1.9721384277e+01,-1.9256951943e+01,9.4620115209e+01,8.6318191848e+01,-2.2939706126e+01,8.6318191848e+01,2.2939706126e+01,0.0000000000e+00,nan,nan,nan,nan,nan,nan
3.9493003376e-05,4.4609673231e-05,8.5925450020e+01,-1.7949496529e+01,-2.2730982694e+01,9.9098423806e+01,8.8811735324e+01,-2.5617267997e+01,8.8811735324e+01,2.5617267997e+01,0.0000000000e+00,nan,nan,nan,nan,nan,nan
3.6300678873e-05,4.4411508474e-05,8.7295881927e+01,-1.7052836042e+01,-2.4427843487e+01,1.0116034139e+02,8.9838969551e+01,-2.6970931111e+01,8.9838969551e+01,2.6970931111e+01,0.0000000000e+00,nan,nan,nan,nan,nan,nan
3.3085854202e-05,4.4221065395e-05,8.8620349785e+01,-1.6229009865e+01,-2.6028497790e+01,1.0318880559e+02,9.0872010685e+01,-2.8280158689e+01,9.0872010685e+01,2.8280158689e+01,0.0000000000e+00,nan,nan,nan,nan,nan,nan
2.6593746362e-05,4.3867392618e-05,9.1009286505e+01,-1.4747746463e+01,-2.9023161044e+01,1.0704193509e+02,9.2793752771e+01,-3.0807627309e+01,9.2793752771e+01,3.0807627309e+01,0.0000000000e+00,nan,nan,nan,nan,nan,nan
2.3319278954e-05,4.3703261673e-05,9.2084460272e+01,-1.4078609681e+01,-3.0407927913e+01,1.0884671312e+02,9.3680945301e+01,-3.2004412941e+01,9.3680945301e+01,3.2004412941e+01,0.0000000000e+00,nan,nan,nan,nan,nan,nan
1.7843783350e-05,4.5221841383e-05,8.9567686185e+01,-1.2737004303e+01,-3.2216643746e+01,1.0774989537e+02,9.0884952317e+01,-3.3533909878e+01,9.0884952317e+01,3.3533909878e+01,0.0000000000e+00,nan,nan,nan,nan,nan,nan
1.4552634329e-05,4.5071641482e-05,9.0478653951e+01,-1.2191923442e+01,-3.3409306330e+01,1.0934763055e+02,9.1666557745e+01,-3.4597210124e+01,9.1666557745e+01,3.4597210124e+01,0.0000000000e+00,nan,nan,nan,nan,nan,nan
7.9273916176e-06,4.4798315361e-05,9.2060061695e+01,-1.1153338312e+01,-3.5568140894e+01,1.1220405918e+02,9.3027004174e+01,-3.6535083373e+01,9.3027004174e+01,3.6535083373e+01,0.0000000000e+00,nan,nan,nan,nan,nan,nan
4.5958628827e-06,4.4674924702e-05,9.2737055279e+01,-1.0650005190e+01,-3.6538339305e+01,1.1346460459e+02,9.3608177993e+01,-3.7409462019e+01,9.3608177993e+01,3.7409462019e+01,0.0000000000e+00,nan,nan,nan,nan,nan,nan
1.2528832192e-06,4.4559986607e-05,9.3343538900e+01,-1.0151695200e+01,-3.7439031719e+01,1.1461715705e+02,9.4126500067e+01,-3.8221992886e+01,9.4126500067e+01,3.8221992886e+01,0.0000000000e+00,nan,nan,nan,nan,nan,nan
-5.4634821120e-06,4.4354461304e-05,9.4361122084e+01,-9.1567092478e+00,-3.9042615861e+01,1.1661400047e+02,9.4986377676e+01,-3.9667871453e+01,9.4986377676e+01,3.9667871453e+01,0.0000000000e+00,nan,nan,nan,nan,nan,nan
-8.8350921211e-06,4.4263367078e-05,9.4780352285e+01,-8.6545557841e+00,-3.9751103855e+01,1.1746749335e+02,9.5334513124e+01,-4.0305264693e+01,9.5334513124e+01,4.0305264693e+01,0.0000000000e+00,nan,nan,nan,nan,nan,nan
-1.2214541545e-05,4.4179612464e-05,9.5145451186e+01,-8.1463883908e+00,-4.0401199084e+01,1.1823128264e+02,9.5632988913e+01,-4.0888736810e+01,9.5632988913e+01,4.0888736810e+01,0.0000000000e+00,nan,nan,nan,nan,nan,nan
-1.8995247588e-05,4.4033123643e-05,9.5728753301e+01,-7.1053925355e+00,-4.1537695500e+01,1.1951105338e+02,9.6095267741e+01,-4.1904209940e+01,9.6095267741e+01,4.1904209940e+01,0.0000000000e+00,nan,nan,nan,nan,nan,nan
-2.2393003909e-05,4.3969463763e-05,9.5955238711e+01,-6.5705118408e+00,-4.2029359372e+01,1.2003832309e+02,9.6267097817e+01,-4.2341218477e+01,9.6267097816e+01,4.2341218477e+01,0.0000000000e+00,nan,nan,nan,nan,nan,nan
-3.2617163121e-05,4.3814564364e-05,9.6413761330e+01,-4.8980946844e+00,-4.3230684167e+01,1.2123228498e+02,9.6585030949e+01,-4.3401953787e+01,9.6585030949e+01,4.3401953787e+01,0.0000000000e+00,nan,nan,nan,nan,nan,nan
-3.6032837429e-05,4.3773855050e-05,9.6503936620e+01,-4.3169204745e+00,-4.3547968482e+01,1.2151819125e+02,9.6636544499e+01,-4.3680576362e+01,9.6636544499e+01,4.3680576362e+01,0.0000000000e+00,nan,nan,nan,nan,nan,nan
-4.9720284907e-05,4.3658506437e-05,9.6625003073e+01,-1.8724773903e+00,-4.4459781869e+01,1.2222541505e+02,9.6649486884e+01,-4.4484265680e+01,9.6649486884e+01,4.4484265680e+01,0.0000000000e+00,nan,nan,nan,nan,nan,nan
-4.9562172518e-05,4.0314543977e-05,1.0404968036e+02,-1.8469014644e+00,-4.5074930027e+01,1.2918468678e+02,1.0407218886e+02,-4.5097438521e+01,1.0407218886e+02,4.5097438521e+01,0.0000000000e+00,nan,nan,nan,nan,nan,nan
-6.3451595114e-05,4.0266764264e-05,1.0387277540e+02,8.3397966884e-01,-4.5550562535e+01,1.2941177991e+02,1.0387703240e+02,-4.5554819531e+01,1.0387703240e+02,4.5554819531e+01,0.0000000000e+00,nan,nan,nan,nan,nan,nan
-6.6922627283e-05,4.0262715999e-05,1.0380176302e+02,1.5280139255e+00,-4.5603422733e+01,1.2941504335e+02,1.0381698026e+02,-4.5618639971e+01,1.0381698026e+02,4.5618639971e+01,0.0000000000e+00,nan,nan,nan,nan,nan,nan
-7.7331609684e-05,4.0267037258e-05,1.0354486601e+02,3.6641496348e+00,-4.5623895183e+01,1.2933896743e+02,1.0363437308e+02,-4.5713402249e+01,1.0363437308e+02,4.5713402249e+01,0.0000000000e+00,nan,nan,nan,nan,nan,nan
-8.0798694828e-05,4.0273631453e-05,1.0344756686e+02,4.3933400664e+00,-4.5588149740e+01,1.2929204526e+02,1.0357650570e+02,-4.5717088577e+01,1.0357650570e+02,4.5717088577e+01,0.0000000000e+00,nan,nan,nan,nan,nan,nan
-9.1188673566e-05,4.0307301626e-05,1.0313044748e+02,6.6292588866e+00,-4.5365270063e+01,1.2911177542e+02,1.0342530700e+02,-4.5660129589e+01,1.0342530700e+02,4.5660129589e+01,0.0000000000e+00,nan,nan,nan,nan,nan,nan
-9.4647475858e-05,4.0323024404e-05,1.0301743564e+02,7.3900530535e+00,-4.5254689808e+01,1.2904291876e+02,1.0338433680e+02,-4.5621590966e+01,1.0338433680e+02,4.5621590966e+01,0.0000000000e+00,nan,nan,nan,nan,nan,nan
-9.9533394789e-05,5.8871620739e-06,1.9430750774e+02,7.9766596964e+00,-5.2302192135e+01,2.1401619117e+02,1.9456496339e+02,-5.2559647781e+01,1.9456496339e+02,5.2559647781e+01,0.0000000000e+00,nan,nan,nan,nan,nan,nan
-1.0345963800e-04,5.8870645086e-06,1.9455646727e+02,8.6979903381e+00,-5.2213526566e+01,2.1423893353e+02,1.9486237630e+02,-5.2519435593e+01,1.9486237630e+02,5.2519435593e+01,0.0000000000e+00,nan,nan,nan,nan,nan,nan
1.0829634202e-04,1.2746482754e-04,-1.1377319616e+01,3.6410781479e-01,-1.7054514151e+01,4.9420036872e+00,-1.1362649724e+01,-1.7069184043e+01,-1.8995180818e-06,1.7069184049e+01,0.0000000000e+00,nan,nan,nan,nan,nan,nan
3.3960731317e-04,4.0929646021e-05,-1.4583487792e+00,-1.2878945780e+01,-8.0244046281e-01,2.2309616770e+01,1.1750068627e+01,-1.4010857869e+01,1.1750068627e+01,1.4010857869e+01,0.0000000000e+00,nan,nan,nan,nan,nan,nan
3.0199701425e-04,2.9533508703e-05,-1.2136278960e+00,-8.9769960455e+00,-1.0421898196e+01,1.7471901429e+01,4.2696439472e+00,-1.5905170039e+01,4.2696440722e+00,1.5905170039e+01,0.0000000000e+00,nan,nan,nan,nan,nan,nan
4.0784721603e-05,7.6591537925e-05,2.7668517286e+01,-3.2140979744e+00,-2.2462013773e+01,4.3770508700e+01,2.7874166737e+01,-2.2667663224e+01,2.7874166737e+01,2.2667663224e+01,0.0000000000e+00,nan,nan,nan,nan,nan,nan
1.2964349001e-04,1.0058685145e-04,-4.1307180731e+00,-1.3517205964e+00,-1.6857777098e+01,1.1283310726e+01,-3.9798251003e+00,-1.7008670071e+01,2.1988501557e-04,1.7008670071e+01,0.0000000000e+00,nan,nan,nan,nan,nan,nan
3.0363221483e-04,1.9187705772e-05,-1.4469357681e+00,-8.8592630143e+00,-1.1483183242e+01,1.7632521908e+01,3.7150817652e+00,-1.6645200775e+01,3.7150817850e+00,1.6645200775e+01,0.0000000000e+00,nan,nan,nan,nan,nan,nan
-2.7075701227e-04,2.6328456845e-05,1.3213899025e+02,5.5139851442e+01,-7.2630538643e+00,1.5392915573e+02,1.5130900769e+02,-2.6433071305e+01,1.5130900769e+02,2.6433071305e+01,0.0000000000e+00,nan,nan,nan,nan,nan,nan
-2.6732056400e-04,3.0009807241e-05,1.1713531547e+02,5.2714625982e+01,-9.7312645671e+00,1.4285087954e+02,1.3617701921e+02,-2.8772968301e+01,1.3617701921e+02,2.8772968301e+01,0.0000000000e+00,nan,nan,nan,nan,nan,nan
-5.4719843160e-05,3.8632656322e-05,1.0778682389e+02,-8.3604263237e-01,-4.5622138351e+01,1.3286330790e+02,1.0779100935e+02,-4.5626323810e+01,1.0779100935e+02,4.5626323810e+01,0.0000000000e+00,nan,nan,nan,nan,nan,nan
-3.5691290743e-05,4.0419924180e-05,1.0397490461e+02,-4.3648766826e+00,-4.4101126943e+01,1.2845968865e+02,1.0410312466e+02,-4.4229346987e+01,1.0410312466e+02,4.4229346987e+01,0.0000000000e+00,nan,nan,nan,nan,nan,nan
-2.5843806036e-04,3.0961104269e-05,1.1769758393e+02,5.1563705061e+01,-1.5116368893e+01,1.4561787307e+02,1.3536312573e+02,-3.2781910697e+01,1.3536312573e+02,3.2781910697e+01,0.0000000000e+00,nan,nan,nan,nan,nan,nan
-2.1872034375e-05,4.0599018794e-05,1.0349583437e+02,-6.7209907021e+00,-4.2506247757e+01,1.2697570746e+02,1.0380425219e+02,-4.2814665576e+01,1.0380425219e+02,4.2814665576e+01,0.0000000000e+00,nan,nan,nan,nan,nan,nan
-4.7151257802e-06,4.0949899322e-05,1.0203737340e+02,-9.5005158513e+00,-3.9412623859e+01,1.2359897136e+02,1.0267227415e+02,-4.0047524615e+01,1.0267227415e+02,4.0047524615e+01,0.0000000000e+00,nan,nan,nan,nan,nan,nan
-5.4656645187e-05,9.4880961255e-05,1.1700316427e+01,-7.9531828577e-01,-3.5703615258e+01,4.1075099343e+01,1.1713070247e+01,-3.5716369079e+01,1.1712926362e+01,3.5716369079e+01,0.0000000000e+00,nan,nan,nan,nan,nan,nan
-3.1982010002e-05,9.5338049491e-05,9.8187549942e+00,-4.1630301804e+00,-3.6142729045e+01,4.0450878238e+01,1.0192338414e+01,-3.6516312465e+01,1.0192848329e+01,3.6516312465e+01,0.0000000000e+00,nan,nan,nan,nan,nan,nan
-3.7082447888e-04,1.6588959431e-05,8.0935988782e+01,6.7841319362e+01,3.8641574115e+01,1.2302255884e+02,1.3081588891e+02,-1.1238326014e+01,1.3081588891e+02,1.1247410622e+01,0.0000000000e+00,nan,nan,nan,nan,nan,nan
-2.6342957322e-05,9.5550914317e-05,9.2466422696e+00,-4.8508882506e+00,-3.6181360486e+01,4.0228216354e+01,9.7584124329e+00,-3.6693130649e+01,9.7611013125e+00,3.6693130649e+01,0.0000000000e+00,nan,nan,nan,nan,nan,nan
7.6855339259e-05,8.7634545034e-05,7.7207946132e+00,5.8091931716e-01,-2.2558292274e+01,2.6247769630e+01,7.7354080314e+00,-2.2572905692e+01,7.7354393451e+00,2.2572905692e+01,0.0000000000e+00,nan,nan,nan,nan,nan,nan
8.2509213801e-05,8.6858083843e-05,7.0247553816e+00,4.1021417825e-01,-2.2616431582e+01,2.5686068155e+01,7.0340202636e+00,-2.2625696464e+01,7.0339489787e+00,2.2625696464e+01,0.0000000000e+00,nan,nan,nan,nan,nan,nan
8.5675562204e-05,8.7854037955e-05,5.7650597662e+00,5.9753711208e-01,-2.2627948032e+01,2.4617204988e+01,5.7813057932e+00,-2.2644194059e+01,5.7813704846e+00,2.2644194059e+01,0.0000000000e+00,nan,nan,nan,nan,nan,nan
8.6210874400e-05,9.0646547076e-05,4.0805322674e+00,1.0997694208e+00,-2.2572149277e+01,2.3167567105e+01,4.1299926000e+00,-2.2621609610e+01,4.1290153934e+00,2.2621609610e+01,0.0000000000e+00,nan,nan,nan,nan,nan,nan
8.9399499870e-05,9.1730611993e-05,2.9464919549e+00,1.2524358915e+00,-2.2581938041e+01,2.2221873492e+01,3.0120815997e+00,-2.2647527686e+01,3.0127948399e+00,2.2647527686e+01,0.0000000000e+00,nan,nan,nan,nan,nan,nan
-9.5335259446e-06,9.6492832443e-05,7.3667095466e+00,-6.2984220294e+00,-3.6053162395e+01,3.9152254621e+01,8.2613383206e+00,-3.6947791169e+01,8.2617585548e+00,3.6947791169e+01,0.0000000000e+00,nan,nan,nan,nan,nan,nan
-3.9741451580e-06,9.6926668640e-05,6.7006771375e+00,-6.5095389012e+00,-3.5896397180e+01,3.8573550238e+01,7.6725895930e+00,-3.6868309637e+01,7.6653246694e+00,3.6868309636e+01,0.0000000000e+00,nan,nan,nan,nan,nan,nan
-1.2700481786e-04,5.8899029297e-06,1.9678320272e+02,1.3181965279e+01,-5.1322065039e+01,2.1607448057e+02,1.9748122837e+02,-5.2020090682e+01,1.9748122837e+02,5.2020090682e+01,0.0000000000e+00,nan,nan,nan,nan,nan,nan
1.7977359785e-05,9.9457384389e-05,4.0048935587e+00,-5.4344092053e+00,-3.4241722398e+01,3.4431089607e+01,4.7603844329e+00,-3.4997213273e+01,4.7955059314e+00,3.4997213273e+01,0.0000000000e+00,nan,nan,nan,nan,nan,nan
1.0511470766e-04,4.9838584888e-05,3.7688861803e+01,-8.7191855353e+00,-2.1607347813e+01,5.3528943865e+01,3.8945707145e+01,-2.2864193155e+01,3.8945707145e+01,2.2864193155e+01,0.0000000000e+00,nan,nan,nan,nan,nan,nan
-9.9624799940e-05,7.5929843896e-05,3.7308790270e+01,7.2752572789e+00,-3.7329007479e+01,6.5853799476e+01,3.8010600250e+01,-3.8030817459e+01,3.8010600250e+01,3.8030817459e+01,0.0000000000e+00,nan,nan,nan,nan,nan,nan
2.0031443100e-04,4.9957472770e-05,1.9479791810e+01,-1.0490286550e+01,-1.4089298041e+01,3.4282221919e+01,2.2488096938e+01,-1.7097603169e+01,2.2487677382e+01,1.7097603169e+01,0.0000000000e+00,nan,nan,nan,nan,nan,nan
2.0299044293e-04,4.4612867854e-05,2.1176014384e+01,-1.0685266174e+01,-1.4284801239e+01,3.5855486835e+01,2.4146781548e+01,-1.7255568404e+01,2.4146653779e+01,1.7255568404e+01,0.0000000000e+00,nan,nan,nan,nan,nan,nan
1.9906215335e-04,4.4023926324e-05,2.1738028436e+01,-1.0568175481e+01,-1.4470106972e+01,3.6308837845e+01,2.4596878035e+01,-1.7328956572e+01,2.4596905359e+01,1.7328956572e+01,0.0000000000e+00,nan,nan,nan,nan,nan,nan
1.9514294624e-04,4.3431525150e-05,2.2440472080e+01,-1.0480888857e+01,-1.4653460842e+01,3.6898766770e+01,2.5197018546e+01,-1.7410007309e+01,2.5197018016e+01,1.7410007309e+01,0.0000000000e+00,nan,nan,nan,nan,nan,nan
1.8797390962e-04,4.5139390495e-05,2.2157637499e+01,-1.0027255817e+01,-1.4945199471e+01,3.6525316172e+01,2.4694120138e+01,-1.7481682110e+01,2.4694113365e+01,1.7481682110e+01,0.0000000000e+00,nan,nan,nan,nan,nan,nan
1.8408192381e-04,4.4524925413e-05,2.2994831906e+01,-9.9298594809e+00,-1.5206645742e+01,3.7287034339e+01,2.5421772396e+01,-1.7633586231e+01,2.5421773749e+01,1.7633586231e+01,0.0000000000e+00,nan,nan,nan,nan,nan,nan
1.8019401647e-04,4.3914691944e-05,2.3974487036e+01,-9.8713608641e+00,-1.5487292936e+01,3.8213437672e+01,2.6306135576e+01,-1.7818941477e+01,2.6306135626e+01,1.7818941477e+01,0.0000000000e+00,nan,nan,nan,nan,nan,nan
1.7953979823e-04,4.1064432106e-05,2.6341722412e+01,-1.0343146824e+01,-1.5614132986e+01,4.0511551372e+01,2.8753149802e+01,-1.8025560377e+01,2.8753149890e+01,1.8025560377e+01,0.0000000000e+00,nan,nan,nan,nan,nan,nan
1.7631394804e-04,4.3301830171e-05,2.5088682069e+01,-9.8453870624e+00,-1.5794073688e+01,3.9298338780e+01,2.7336210664e+01,-1.8041602282e+01,2.7336210482e+01,1.8041602282e+01,0.0000000000e+00,nan,nan,nan,nan,nan,nan
1.7565275526e-04,4.0480203436e-05,2.7639665251e+01,-1.0365549665e+01,-1.5925746351e+01,4.1782976893e+01,2.9980372407e+01,-1.8266453507e+01,2.9980372414e+01,1.8266453507e+01,0.0000000000e+00,nan,nan,nan,nan,nan,nan
1.7176865358e-04,3.9901583652e-05,2.9048235684e+01,-1.0400705022e+01,-1.6279568580e+01,4.3191529336e+01,3.1320974641e+01,-1.8552307536e+01,3.1320974627e+01,1.8552307536e+01,0.0000000000e+00,nan,nan,nan,nan,nan,nan
1.6788587563e-04,3.9329900687e-05,3.0576899213e+01,-1.0453910034e+01,-1.6673128781e+01,4.4747137882e+01,3.2786657318e+01,-1.8882886885e+01,3.2786657325e+01,1.8882886885e+01,0.0000000000e+00,nan,nan,nan,nan,nan,nan
1.6400342067e-04,3.8766025297e-05,3.2225322516e+01,-1.0526496455e+01,-1.7105801252e+01,4.6450227106e+01,3.4377811755e+01,-1.9258290491e+01,3.4377811753e+01,1.9258290491e+01,0.0000000000e+00,nan,nan,nan,nan,nan,nan
1.5693418196e-04,4.0338906271e-05,3.2318212155e+01,-9.9648573493e+00,-1.7951976405e+01,4.6831963155e+01,3.4221564409e+01,-1.9855328660e+01,3.4221564408e+01,1.9855328660e+01,0.0000000000e+00,nan,nan,nan,nan,nan,nan
1.5305483229e-04,3.9772580289e-05,3.4120268165e+01,-1.0063274538e+01,-1.8505010508e+01,4.8794407833e+01,3.5979093326e+01,-2.0363835669e+01,3.5979093326e+01,2.0363835669e+01,0.0000000000e+00,nan,nan,nan,nan,nan,nan
1.3112839916e-04,5.4328770831e-05,2.3847107320e+01,-5.6192364724e+00,-2.2188406020e+01,4.1038927447e+01,2.4523186458e+01,-2.2864485159e+01,2.4523186454e+01,2.2864485159e+01,0.0000000000e+00,nan,nan,nan,nan,nan,nan
1.4917205057e-04,3.9217724077e-05,3.6044029424e+01,-1.0195091891e+01,-1.9094969599e+01,5.0912416166e+01,3.7868827091e+01,-2.0919767266e+01,3.7868827091e+01,2.0919767266e+01,0.0000000000e+00,nan,nan,nan,nan,nan,nan
1.4845526249e-04,3.6611224276e-05,3.9999772683e+01,-1.1086284618e+01,-1.9209915261e+01,5.4754841815e+01,4.2007651373e+01,-2.1217793950e+01,4.2007651373e+01,2.1217793950e+01,0.0000000000e+00,nan,nan,nan,nan,nan,nan
1.4528510484e-04,3.8675442143e-05,3.8083631788e+01,-1.0361008489e+01,-1.9725833339e+01,5.3183888158e+01,3.9884631369e+01,-2.1526832920e+01,3.9884631369e+01,2.1526832919e+01,0.0000000000e+00,nan,nan,nan,nan,nan,nan
1.4455954119e-04,3.6102949004e-05,4.2246577919e+01,-1.1312481642e+01,-1.9821799068e+01,5.7212941751e+01,4.4244296746e+01,-2.1819517895e+01,4.4244296746e+01,2.1819517895e+01,0.0000000000e+00,nan,nan,nan,nan,nan,nan
1.4065921485e-04,3.5608921317e-05,4.4560010044e+01,-1.1576104913e+01,-2.0496728785e+01,5.9802326270e+01,4.6558529800e+01,-2.2495248541e+01,4.6558529800e+01,2.2495248541e+01,0.0000000000e+00,nan,nan,nan,nan,nan,nan
1.3675352723e-04,3.5129974532e-05,4.7273600470e+01,-1.1943406613e+01,-2.0970006059e+01,6.2617625146e+01,4.9304099940e+01,-2.3000505529e+01,4.9304099940e+01,2.3000505529e+01,0.0000000000e+00,nan,nan,nan,nan,nan,nan
1.3286802208e-04,3.4667194186e-05,4.9999936057e+01,-1.2606257622e+01,-2.0737113566e+01,6.5037124476e+01,5.2180612569e+01,-2.2917790078e+01,5.2180612569e+01,2.2917790078e+01,0.0000000000e+00,nan,nan,nan,nan,nan,nan
1.4074812899e-04,8.2158341623e-05,2.5092569506e+00,-3.9101427935e+00,-1.6410584519e+01,1.7723541704e+01,3.2820277894e+00,-1.7183355358e+01,3.3239494763e+00,1.7183355358e+01,0.0000000000e+00,nan,nan,nan,nan,nan,nan
1.2592200291e-04,3.6190871230e-05,5.0661972273e+01,-1.2673875966e+01,-2.0735085135e+01,6.5614822717e+01,5.2846179127e+01,-2.2919291989e+01,5.2846179127e+01,2.2919291989e+01,0.0000000000e+00,nan,nan,nan,nan,nan,nan
1.2213048250e-04,3.5746015197e-05,5.3579797762e+01,-1.3386296868e+01,-2.0565818617e+01,6.8271823803e+01,5.5923745423e+01,-2.2909766278e+01,5.5923745423e+01,2.2909766278e+01,0.0000000000e+00,nan,nan,nan,nan,nan,nan
1.1837109941e-04,3.5319741729e-05,5.6642226549e+01,-1.4133068397e+01,-2.0386285316e+01,7.1060440348e+01,5.9154734980e+01,-2.2898793747e+01,5.9154734980e+01,2.2898793747e+01,0.0000000000e+00,nan,nan,nan,nan,nan,nan
1.1464328575e-04,3.4912420800e-05,5.9862752791e+01,-1.4920681610e+01,-2.0195260095e+01,7.3994461943e+01,6.2554468869e+01,-2.2886976173e+01,6.2554468869e+01,2.2886976173e+01,0.0000000000e+00,nan,nan,nan,nan,nan,nan
1.0293253412e-04,3.1626275742e-05,7.8351009107e+01,-1.9484683433e+01,-1.9095441172e+01,9.0891977346e+01,8.2104291555e+01,-2.2848723620e+01,8.2104291555e+01,2.2848723620e+01,0.0000000000e+00,nan,nan,nan,nan,nan,nan
9.9324222837e-05,3.1333315396e-05,8.2744135222e+01,-2.0532048015e+01,-1.8843437207e+01,9.4896280227e+01,8.6738741942e+01,-2.2838043927e+01,8.6738741942e+01,2.2838043927e+01,0.0000000000e+00,nan,nan,nan,nan,nan,nan
9.5743580046e-05,3.1059908158e-05,8.7287706533e+01,-2.1608505187e+01,-1.8585329362e+01,9.9036499038e+01,9.1529937965e+01,-2.2827560794e+01,9.1529937965e+01,2.2827560794e+01,0.0000000000e+00,nan,nan,nan,nan,nan,nan
-1.3092672766e-04,5.8907870400e-06,1.9728385702e+02,1.3959039734e+01,-5.1116097136e+01,2.1647441887e+02,1.9806544395e+02,-5.1897684064e+01,1.9806544395e+02,5.1897684064e+01,0.0000000000e+00,nan,nan,nan,nan,nan,nan
8.8662528420e-05,3.0570544181e-05,9.6693607512e+01,-2.3807839767e+01,-1.8064688991e+01,1.0760217904e+02,1.0143860630e+02,-2.2809687777e+01,1.0143860630e+02,2.2809687777e+01,0.0000000000e+00,nan,nan,nan,nan,nan,nan
8.5160736127e-05,3.0353575504e-05,1.0148082568e+02,-2.4910988025e+01,-1.7807529360e+01,1.1195828687e+02,1.0647579522e+02,-2.2802498901e+01,1.0647579522e+02,2.2802498901e+01,0.0000000000e+00,nan,nan,nan,nan,nan,nan
8.1683670481e-05,3.0154439106e-05,1.0623880519e+02,-2.5993538783e+01,-1.7559032362e+01,1.1628469294e+02,1.1147688518e+02,-2.2797112356e+01,1.1147688518e+02,2.2797112356e+01,0.0000000000e+00,nan,nan,nan,nan,nan,nan
7.8230578952e-05,2.9972303795e-05,1.1093684335e+02,-2.7046609192e+01,-1.7322639462e+01,1.2055343289e+02,1.1640865887e+02,-2.2794454989e+01,1.1640865887e+02,2.2794454989e+01,0.0000000000e+00,nan,nan,nan,nan,nan,nan
7.2139924498e-05,3.1543217315e-05,1.0997023236e+02,-2.6824550783e+01,-1.7354785505e+01,1.1965825350e+02,1.1539244830e+02,-2.2777001441e+01,1.1539244830e+02,2.2777001441e+01,0.0000000000e+00,nan,nan,nan,nan,nan,nan
6.8006762572e-05,2.9520140206e-05,1.2413779425e+02,-2.9901991905e+01,-1.6670711831e+01,1.3248984012e+02,1.3022658607e+02,-2.2759503646e+01,1.3022658607e+02,2.2759503646e+01,0.0000000000e+00,nan,nan,nan,nan,nan,nan
6.2070005797e-05,3.1100789623e-05,1.2191905772e+02,-2.9337758739e+01,-1.7028893772e+01,1.3061933452e+02,1.2785818992e+02,-2.2968025972e+01,1.2785818992e+02,2.2968025972e+01,0.0000000000e+00,nan,nan,nan,nan,nan,nan
5.8737302797e-05,3.0975147491e-05,1.2291587750e+02,-2.8160743289e+01,-1.8533219956e+01,1.3184754604e+02,1.2831354497e+02,-2.3930887424e+01,1.2831354497e+02,2.3930887424e+01,0.0000000000e+00,nan,nan,nan,nan,nan,nan
5.5382741346e-05,3.0853026632e-05,1.2334834693e+02,-2.6509397073e+01,-2.0193366869e+01,1.3251327401e+02,1.2808406445e+02,-2.4929084389e+01,1.2808406445e+02,2.4929084389e+01,0.0000000000e+00,nan,nan,nan,nan,nan,nan
4.8614399948e-05,3.0616824335e-05,1.2450619589e+02,-2.3712981618e+01,-2.3365461550e+01,1.3448179348e+02,1.2821346683e+02,-2.7072732499e+01,1.2821346683e+02,2.7072732499e+01,0.0000000000e+00,nan,nan,nan,nan,nan,nan
4.5202779684e-05,3.0502347726e-05,1.2509235783e+02,-2.2432088560e+01,-2.4905020834e+01,1.3558420096e+02,1.2837324342e+02,-2.8185906427e+01,1.2837324342e+02,2.8185906427e+01,0.0000000000e+00,nan,nan,nan,nan,nan,nan
4.1773777495e-05,3.0391182833e-05,1.2567631213e+02,-2.1226356893e+01,-2.6406946258e+01,1.3674007166e+02,1.2858160011e+02,-2.9312234247e+01,1.2858160011e+02,2.9312234247e+01,0.0000000000e+00,nan,nan,nan,nan,nan,nan
3.4867339338e-05,3.0179165256e-05,1.2681289444e+02,-1.9022396928e+01,-2.9286973718e+01,1.3914131166e+02,1.2909623410e+02,-3.1570313380e+01,1.2909623410e+02,3.1570313380e+01,0.0000000000e+00,nan,nan,nan,nan,nan,nan
3.1391620981e-05,3.0078728139e-05,1.2735430890e+02,-1.8013384700e+01,-3.0658202769e+01,1.4035262739e+02,1.2938068027e+02,-3.2684574139e+01,1.2938068027e+02,3.2684574139e+01,0.0000000000e+00,nan,nan,nan,nan,nan,nan
2.7901280131e-05,2.9984431126e-05,1.2786496699e+02,-1.7058754120e+01,-3.1979102866e+01,1.4154543823e+02,1.2966422893e+02,-3.3778364803e+01,1.2966422893e+02,3.3778364803e+01,0.0000000000e+00,nan,nan,nan,nan,nan,nan
1.7357546161e-05,2.9720420790e-05,1.2923251671e+02,-1.4470074286e+01,-3.5617471076e+01,1.4494633991e+02,1.3049233119e+02,-3.6877285549e+01,1.3049233119e+02,3.6877285549e+01,0.0000000000e+00,nan,nan,nan,nan,nan,nan
1.3821131771e-05,2.9639416570e-05,1.2962404386e+02,-1.3681164592e+01,-3.6716168524e+01,1.4598975954e+02,1.3074116464e+02,-3.7833289300e+01,1.3074116464e+02,3.7833289300e+01,0.0000000000e+00,nan,nan,nan,nan,nan,nan
-4.1821396335e-07,2.9366858276e-05,1.3080304928e+02,-1.0768086325e+01,-4.0521533945e+01,1.4953832089e+02,1.3147674749e+02,-4.1195232150e+01,1.3147674749e+02,4.1195232150e+01,0.0000000000e+00,nan,nan,nan,nan,nan,nan
-3.9974854572e-06,2.9309769296e-05,1.3100807481e+02,-1.0080874635e+01,-4.1327423086e+01,1.5026409016e+02,1.3159533877e+02,-4.1914687046e+01,1.3159533877e+02,4.1914687046e+01,0.0000000000e+00,nan,nan,nan,nan,nan,nan
1.5781983669e-04,5.9594591363e-05,1.5280078559e+01,-6.7864547928e+00,-1.6728761279e+01,3.0107998377e+01,1.6658519608e+01,-1.8107202328e+01,1.6658535748e+01,1.8107202328e+01,0.0000000000e+00,nan,nan,nan,nan,nan,nan
1.6837932237e-04,1.3401566012e-04,-5.0124494468e+00,-3.4366879116e+00,-1.4348246343e+01,1.0038132483e+01,-3.8848294038e+00,-1.5475866386e+01,1.0920161408e-03,1.5475866386e+01,0.0000000000e+00,nan,nan,nan,nan,nan,nan
1.3502876922e-04,1.2710981519e-04,-1.0242880289e+01,-6.5884075458e-01,-1.6973206477e+01,5.9415272564e+00,-1.0177701022e+01,-1.7038385744e+01,-6.6581566724e-07,1.7038385744e+01,0.0000000000e+00,nan,nan,nan,nan,nan,nan
6.4150889008e-05,8.1663043902e-05,1.5310363142e+01,-9.2024959545e-01,-2.2569049972e+01,3.2846908619e+01,1.5334828118e+01,-2.2593514949e+01,1.5334828149e+01,2.2593514949e+01,0.0000000000e+00,nan,nan,nan,nan,nan,nan
1.9164642556e-04,6.3546296562e-05,3.3289092935e+00,-5.5729918981e+00,-1.5496606793e+01,1.8955610266e+01,4.8601779401e+00,-1.7027875440e+01,4.9180134832e+00,1.7027875440e+01,0.0000000000e+00,nan,nan,nan,nan,nan,nan
-2.0693169044e-04,5.0077771477e-05,7.1291368208e+01,3.4410049101e+01,-2.9333740164e+01,1.0557228261e+02,8.1930999807e+01,-3.9973371763e+01,8.1930999807e+01,3.9973371763e+01,0.0000000000e+00,nan,nan,nan,nan,nan,nan
2.8559934673e-04,1.2211343383e-04,-2.5788787509e+00,-7.9755825511e+00,-6.9775764109e+00,1.4328858662e+01,3.4945428245e+00,-1.3050997986e+01,3.4945428245e+00,1.3050997986e+01,0.0000000000e+00,nan,nan,nan,nan,nan,nan
2.8512262642e-04,1.1825439481e-04,-2.6500474994e+00,-8.0683928272e+00,-7.0777534455e+00,1.4490484951e+01,3.5021849146e+00,-1.3229985859e+01,3.5021849145e+00,1.3229985859e+01,0.0000000000e+00,nan,nan,nan,nan,nan,nan
2.8902243017e-04,1.1913457229e-04,-2.7365437519e+00,-8.1033692292e+00,-6.7064810774e+00,1.4449401306e+01,3.6208533189e+00,-1.3063878148e+01,3.6208533190e+00,1.3063878148e+01,0.0000000000e+00,nan,nan,nan,nan,nan,nan
1.2310519175e-04,1.0127208525e-04,-4.0581465217e+00,-6.7990740308e-01,-1.7995190844e+01,1.2116327034e+01,-4.0313040083e+00,-1.8022033357e+01,-4.1010781823e-04,1.8022033357e+01,0.0000000000e+00,nan,nan,nan,nan,nan,nan
-1.8146088160e-04,1.5048462693e-05,1.7769226474e+02,2.7450942770e+01,-4.4383356189e+01,1.9811149230e+02,1.8103417768e+02,-4.7725269138e+01,1.8103417768e+02,4.7725269138e+01,0.0000000000e+00,nan,nan,nan,nan,nan,nan
-1.5444124787e-04,5.8997484725e-06,2.0115385975e+02,1.8843182059e+01,-4.9525757803e+01,2.1953359345e+02,2.0256183025e+02,-5.0933728299e+01,2.0256183025e+02,5.0933728299e+01,0.0000000000e+00,nan,nan,nan,nan,nan,nan
-1.5835690981e-04,5.9025540808e-06,2.0195362411e+02,1.9699761088e+01,-4.9196617638e+01,2.2016164582e+02,2.0348888872e+02,-5.0731882245e+01,2.0348888872e+02,5.0731882245e+01,0.0000000000e+00,nan,nan,nan,nan,nan,nan
2.0433257434e-04,1.5318611879e-04,1.2674974876e+00,-6.0484749278e+00,-1.1418008581e+01,1.5179045036e+01,3.6883701911e+00,-1.3838881284e+01,3.6883555366e+00,1.3838881284e+01,0.0000000000e+00,nan,nan,nan,nan,nan,nan
2.0800699051e-04,1.5058691271e-04,7.3625839943e-01,-6.1481209880e+00,-1.1307054975e+01,1.4904537403e+01,3.3197403939e+00,-1.3890536970e+01,3.3197674597e+00,1.3890536970e+01,0.0000000000e+00,nan,nan,nan,nan,nan,nan
-2.8796358021e-04,4.5073074394e-05,5.2181611141e+01,3.7769311704e+01,-3.5445499375e+00,8.1277350914e+01,7.1244031031e+01,-2.2606969828e+01,7.1244031031e+01,2.2606969828e+01,0.0000000000e+00,nan,nan,nan,nan,nan,nan
-2.8573529268e-04,4.4114220888e-05,5.5676530208e+01,3.9232655790e+01,-3.7194836379e+00,8.5215405366e+01,7.5177660512e+01,-2.3220613942e+01,7.5177660512e+01,2.3220613942e+01,0.0000000000e+00,nan,nan,nan,nan,nan,nan
-3.0652978566e-04,2.4512446276e-05,9.9001802153e+01,4.9331131145e+01,3.8877632426e+00,1.1868910641e+02,1.1996997023e+02,-1.7080404840e+01,1.1996997023e+02,1.7080404840e+01,0.0000000000e+00,nan,nan,nan,nan,nan,nan
-1.8150055093e-04,2.6217191470e-05,1.4154231725e+02,2.9131563418e+01,-4.1141867392e+01,1.6605834926e+02,1.4607405758e+02,-4.5673607717e+01,1.4607405758e+02,4.5673607717e+01,0.0000000000e+00,nan,nan,nan,nan,nan,nan
-2.2262322123e-04,2.5261336417e-05,1.4787960141e+02,4.2425799715e+01,-3.2279555963e+01,1.7245721043e+02,1.5736823959e+02,-4.1768194143e+01,1.5736823959e+02,4.1768194143e+01,0.0000000000e+00,nan,nan,nan,nan,nan,nan
-2.2603311122e-04,2.5353342141e-05,1.4760718548e+02,4.3623401297e+01,-3.1143277023e+01,1.7225382506e+02,1.5768274650e+02,-4.1218838039e+01,1.5768274650e+02,4.1218838039e+01,0.0000000000e+00,nan,nan,nan,nan,nan,nan
-2.7641977850e-04,4.0850984826e-05,7.0154958348e+01,4.4569453171e+01,-6.2565810878e+00,1.0167204285e+02,9.0649569941e+01,-2.6751192681e+01,9.0649569941e+01,2.6751192681e+01,0.0000000000e+00,nan,nan,nan,nan,nan,nan
-2.5682758204e-04,5.0034869660e-05,5.1417535375e+01,4.1890623706e+01,-1.4897246320e+01,9.2528167721e+01,7.1681307069e+01,-3.5161018014e+01,7.1681307069e+01,3.5161018014e+01,0.0000000000e+00,nan,nan,nan,nan,nan,nan
-2.3831435374e-04,5.3297765128e-05,5.1855082207e+01,3.9045561574e+01,-2.0462844647e+01,9.2169069065e+01,6.8909955615e+01,-3.7517718056e+01,6.8909955615e+01,3.7517718056e+01,0.0000000000e+00,nan,nan,nan,nan,nan,nan
2.3085845094e-04,1.4583034388e-04,-1.6037869445e-01,-6.6402203959e+00,-1.0290529334e+01,1.4464328422e+01,3.1255298936e+00,-1.3576437922e+01,3.1255313736e+00,1.3576437922e+01,0.0000000000e+00,nan,nan,nan,nan,nan,nan
2.3442511196e-04,1.4310231682e-04,-5.0450369671e-01,-6.7351611861e+00,-1.0152459431e+01,1.4348408070e+01,2.9555756978e+00,-1.3612538826e+01,2.9555783383e+00,1.3612538826e+01,0.0000000000e+00,nan,nan,nan,nan,nan,nan
-3.2893638883e-04,6.6122343182e-06,1.8583120104e+02,7.6733545803e+01,1.1764129194e+01,2.0096072346e+02,2.1482239290e+02,-1.7227062669e+01,2.1482239290e+02,1.7227062669e+01,0.0000000000e+00,nan,nan,nan,nan,nan,nan
-3.2531635903e-04,6.3449358542e-06,2.0350676283e+02,8.0276083706e+01,1.2101516075e+01,2.1634561978e+02,2.3271134127e+02,-1.7103062362e+01,2.3271134127e+02,1.7103062362e+01,0.0000000000e+00,nan,nan,nan,nan,nan,nan
-9.6156171872e-05,5.4019307604e-05,7.4214638490e+01,7.3242252155e+00,-4.2165516124e+01,1.0158239175e+02,7.4673182407e+01,-4.2624060042e+01,7.4673182407e+01,4.2624060042e+01,0.0000000000e+00,nan,nan,nan,nan,nan,nan
-9.5697213866e-05,5.7542097966e-05,6.7588247225e+01,7.1000803242e+00,-4.1415514091e+01,9.5196622990e+01,6.8048162476e+01,-4.1875429342e+01,6.8048162476e+01,4.1875429342e+01,0.0000000000e+00,nan,nan,nan,nan,nan,nan
-2.8527886278e-04,6.5302663032e-06,2.6053226720e+02,7.0809953917e+01,1.1045196492e+00,2.5595438593e+02,2.7859372704e+02,-1.6956940190e+01,2.7859372704e+02,1.6956940190e+01,0.0000000000e+00,nan,nan,nan,nan,nan,nan
-2.5429063881e-04,4.9500555540e-05,5.4359842727e+01,4.2140420564e+01,-1.5753164741e+01,9.4937571673e+01,7.4115571555e+01,-3.5508893569e+01,7.4115571555e+01,3.5508893569e+01,0.0000000000e+00,nan,nan,nan,nan,nan,nan
1.2667656350e-04,1.5638934468e-04,-4.5728015696e-01,-1.2359931151e+00,-1.7206567390e+01,1.4672804208e+01,-3.6057631399e-01,-1.7303271233e+01,1.3323403182e-01,1.7303271233e+01,0.0000000000e+00,nan,nan,nan,nan,nan,nan
3.3761727061e-04,8.7563995270e-05,-4.7473093339e+00,-9.5871009426e+00,-4.8021810338e-01,1.7009030241e+01,7.2064044699e+00,-1.2433931907e+01,7.2064044699e+00,1.2433931907e+01,0.0000000000e+00,nan,nan,nan,nan,nan,nan
-2.9460743788e-04,4.0032126101e-05,6.1366819637e+01,3.6528623618e+01,-2.0571525929e-01,8.2753377129e+01,7.8358236751e+01,-1.7197132373e+01,7.8358236751e+01,1.7197132373e+01,0.0000000000e+00,nan,nan,nan,nan,nan,nan
4.8434526025e-05,1.2910537973e-04,-4.0899550182e+01,-1.0628512109e+01,-3.8356593817e+01,1.8398553751e+01,-2.9005662038e+01,-5.0250481960e+01,-6.9055804748e-06,5.0250481954e+01,0.0000000000e+00,nan,nan,nan,nan,nan,nan
1.8098609540e-04,1.5700825835e-04,2.5294610888e+00,-5.4655523946e+00,-1.2325748893e+01,1.5970412382e+01,4.3223779856e+00,-1.4118665790e+01,4.3220147287e+00,1.4118665790e+01,0.0000000000e+00,nan,nan,nan,nan,nan,nan
1.8879246483e-04,1.5585462502e-04,2.0846482713e+00,-5.6768272050e+00,-1.2027671070e+01,1.5684078533e+01,4.0836955639e+00,-1.4026718362e+01,4.0837571865e+00,1.4026718362e+01,0.0000000000e+00,nan,nan,nan,nan,nan,nan
3.5347772513e-04,6.6861893361e-05,-5.1098865803e+00,-1.0807077062e+01,3.6214663082e+00,2.0183673055e+01,1.0908838935e+01,-1.2397259208e+01,1.0908838935e+01,1.2397259208e+01,0.0000000000e+00,nan,nan,nan,nan,nan,nan
-2.0438512974e-04,9.1550082574e-05,-8.5862379120e-01,1.9624985499e+01,-2.4764598425e+01,3.9796660100e+01,1.0165001313e+01,-3.5788223529e+01,1.0165001313e+01,3.5788223529e+01,0.0000000000e+00,nan,nan,nan,nan,nan,nan
3.7694266559e-04,8.3615258070e-06,5.0531832583e+00,-1.6549227638e+01,1.4780707880e+01,2.9869006424e+01,2.7161824469e+01,-7.3279333299e+00,2.7161824469e+01,7.3249987713e+00,0.0000000000e+00,nan,nan,nan,nan,nan,nan
3.6533516807e-04,7.9995850869e-06,2.1141141772e+00,-1.4186387306e+01,7.3638823955e+00,2.4987090783e+01,1.9165301876e+01,-9.6873053033e+00,1.9165301876e+01,9.6873476508e+00,0.0000000000e+00,nan,nan,nan,nan,nan,nan
3.2923521094e-04,7.1231421038e-06,-2.8595862219e+00,-1.1168182448e+01,-7.7895143236e+00,1.9801536940e+01,6.1078724096e+00,-1.6756972955e+01,6.1078724096e+00,1.6756972955e+01,0.0000000000e+00,nan,nan,nan,nan,nan,nan
2.9674056576e-04,6.1833036719e-06,2.1342749084e+01,-2.1239083484e+01,-5.9176280891e+00,4.3710178067e+01,3.2948643571e+01,-1.7523522576e+01,3.2948643574e+01,1.7523522576e+01,0.0000000000e+00,nan,nan,nan,nan,nan,nan
2.7285827760e-04,5.8678191593e-06,2.4639764356e+01,-2.0996254393e+01,-1.1141893017e+01,4.7769097061e+01,3.4328436716e+01,-2.0830565378e+01,3.4328436731e+01,2.0830565378e+01,0.0000000000e+00,nan,nan,nan,nan,nan,nan
-1.9311616088e-04,9.6280740336e-05,-2.0756598078e+00,1.7776242006e+01,-2.5860518336e+01,3.7041548022e+01,7.4178586494e+00,-3.5354036794e+01,7.4178585760e+00,3.5354036794e+01,0.0000000000e+00,nan,nan,nan,nan,nan,nan
3.1368159985e-04,1.0556595638e-04,-3.7145212862e+00,-8.7910187390e+00,-4.1676661580e+00,1.5229951014e+01,4.8519225955e+00,-1.2734110040e+01,4.8519225955e+00,1.2734110040e+01,0.0000000000e+00,nan,nan,nan,nan,nan,nan
3.1708450562e-04,1.0250793238e-04,-3.8459750855e+00,-8.9364879626e+00,-3.7342487177e+00,1.5477000068e+01,5.1455382540e+00,-1.2725762057e+01,5.1455382540e+00,1.2725762057e+01,0.0000000000e+00,nan,nan,nan,nan,nan,nan
3.1030740340e-04,1.0864557259e-04,-3.5800118099e+00,-8.6476304623e+00,-4.5707971330e+00,1.5001248388e+01,4.5855703236e+00,-1.2736379267e+01,4.5855703236e+00,1.2736379267e+01,0.0000000000e+00,nan,nan,nan,nan,nan,nan
3.5386699526e-04,7.1025046687e-05,-5.4200256056e+00,-1.0332642249e+01,3.4464858556e+00,1.9470290768e+01,1.0254407741e+01,-1.2227947491e+01,1.0254407741e+01,1.2227947491e+01,0.0000000000e+00,nan,nan,nan,nan,nan,nan
-4.0469200536e-05,2.9733718941e-06,2.0245091196e+02,-2.1463932321e+00,-5.1316681298e+01,2.1980024962e+02,2.0246884862e+02,-5.1334617957e+01,2.0246884862e+02,5.1334617957e+01,0.0000000000e+00,nan,nan,nan,nan,nan,nan
-1.3956380314e-04,2.9471652415e-06,2.0744845993e+02,1.5226045581e+01,-5.1196770969e+01,2.2553975378e+02,2.0834128204e+02,-5.2089593081e+01,2.0834128204e+02,5.2089593081e+01,0.0000000000e+00,nan,nan,nan,nan,nan,nan
1.9256251105e-04,1.5334967665e-04,1.3994918214e+00,-5.7867827785e+00,-1.1927115746e+01,1.5284474079e+01,3.5606832617e+00,-1.4088307186e+01,3.5605177286e+00,1.4088307186e+01,0.0000000000e+00,nan,nan,nan,nan,nan,nan
-3.3101947814e-04,4.0820621140e-05,4.1427129347e+01,2.9167311789e+01,-2.4747775551e+00,6.3222440354e+01,5.5977668853e+01,-1.7025317062e+01,5.5977668853e+01,1.7025317050e+01,0.0000000000e+00,nan,nan,nan,nan,nan,nan
-3.0269199482e-04,2.6199866328e-05,9.6879094901e+01,4.8446664730e+01,3.5093606126e+00,1.1653822188e+02,1.1747760153e+02,-1.7089146015e+01,1.1747760153e+02,1.7089146015e+01,0.0000000000e+00,nan,nan,nan,nan,nan,nan
-2.9720800114e-04,2.4665534432e-05,1.1045202407e+02,5.2062429903e+01,4.1797915867e+00,1.2885175971e+02,1.3170850599e+02,-1.7076690329e+01,1.3170850599e+02,1.7076690329e+01,0.0000000000e+00,nan,nan,nan,nan,nan,nan
-2.2994859610e-04,5.0104770758e-05,6.3952895938e+01,3.9214697312e+01,-2.3342574763e+01,1.0162605763e+02,7.8978992319e+01,-3.8368671144e+01,7.8978992319e+01,3.8368671144e+01,0.0000000000e+00,nan,nan,nan,nan,nan,nan
-2.3956922080e-04,2.5823143263e-05,1.4516116237e+02,4.8274492855e+01,-2.5826705381e+01,1.7005084365e+02,1.5784612885e+02,-3.8511671865e+01,1.5784612885e+02,3.8511671865e+01,0.0000000000e+00,nan,nan,nan,nan,nan,nan
1.8833844716e-04,1.4835510925e-04,7.7378125392e-02,-5.6123036531e+00,-1.2256320806e+01,1.4441455825e+01,2.2483070676e+00,-1.4427249748e+01,2.2460550885e+00,1.4427249748e+01,0.0000000000e+00,nan,nan,nan,nan,nan,nan
1.8397651010e-04,1.3953048667e-04,-2.3272327256e+00,-5.0097141222e+00,-1.2853661841e+01,1.2585131139e+01,-3.2441843232e-01,-1.4856476134e+01,-7.3249033476e-02,1.4856476134e+01,0.0000000000e+00,nan,nan,nan,nan,nan,nan
1.8007624897e-04,1.3820904895e-04,-2.9234369595e+00,-4.6923892655e+00,-1.3160897703e+01,1.2027003591e+01,-1.0983735705e+00,-1.4985961092e+01,1.7928771140e-02,1.4985961092e+01,0.0000000000e+00,nan,nan,nan,nan,nan,nan
-1.7604450846e-04,4.8560558978e-05,8.0429353837e+01,2.6927722330e+01,-3.5720889014e+01,1.1087363331e+02,8.6367154447e+01,-4.1658689624e+01,8.6367154447e+01,4.1658689624e+01,0.0000000000e+00,nan,nan,nan,nan,nan,nan
1.4983235157e-04,1.3769699796e-04,-6.3367387121e+00,-2.0464603380e+00,-1.6462012002e+01,9.4567521692e+00,-5.9395169465e+00,-1.6859233768e+01,-6.5552541938e-04,1.6859233768e+01,0.0000000000e+00,nan,nan,nan,nan,nan,nan
-1.6371413780e-04,2.6044129599e-05,1.4066544475e+02,2.4073470127e+01,-4.3609427028e+01,1.6494237368e+02,1.4375753270e+02,-4.6701514981e+01,1.4375753270e+02,4.6701514981e+01,0.0000000000e+00,nan,nan,nan,nan,nan,nan
-1.5289233159e-04,2.5961309304e-05,1.4015627237e+02,2.1191350409e+01,-4.4810547594e+01,1.6433595396e+02,1.4255226965e+02,-4.7206544867e+01,1.4255226965e+02,4.7206544867e+01,0.0000000000e+00,nan,nan,nan,nan,nan,nan
-1.2788282164e-04,5.8050109091e-05,6.5100524485e+01,1.4321197393e+01,-3.9174334251e+01,9.3648071006e+01,6.7030834121e+01,-4.1104643887e+01,6.7030834121e+01,4.1104643887e+01,0.0000000000e+00,nan,nan,nan,nan,nan,nan
-2.3894584854e-04,7.8374041015e-05,-8.0911241777e-01,2.5009581050e+01,-1.9775420205e+01,4.6320220045e+01,1.6450725200e+01,-3.7035257823e+01,1.6450725200e+01,3.7035257823e+01,0.0000000000e+00,nan,nan,nan,nan,nan,nan
-2.3906189339e-04,8.0773633464e-05,-4.6003707880e+00,2.3428646062e+01,-1.9963593762e+01,4.2697109087e+01,1.2369205150e+01,-3.6933169700e+01,1.2369205150e+01,3.6933169700e+01,0.0000000000e+00,nan,nan,nan,nan,nan,nan
8.0815315231e-05,1.1542161247e-04,-5.9298470338e+00,4.9240283930e+00,-2.0457881256e+01,1.5224122340e+01,-4.4042130137e+00,-2.1983515276e+01,-1.0475047878e-03,2.1983515408e+01,0.0000000000e+00,nan,nan,nan,nan,nan,nan
1.8387336782e-04,6.1880033882e-05,9.2260068570e+00,-7.3461923836e+00,-1.4958906413e+01,2.4515712289e+01,1.1287703311e+01,-1.7020602867e+01,1.1283821128e+01,1.7020602867e+01,0.0000000000e+00,nan,nan,nan,nan,nan,nan
6.2932546403e-05,1.1431485920e-04,-2.5661905493e+00,7.4311521720e+00,-1.8757578746e+01,1.9025214000e+01,3.2232777667e-01,-2.1646097071e+01,9.2199993128e-01,2.1646097040e+01,0.0000000000e+00,nan,nan,nan,nan,nan,nan
7.1444087801e-05,1.3865526567e-04,-1.7442808421e+01,1.0327246228e+00,4.5362804689e+00,1.9572509765e+01,4.8469298055e+00,-1.7753457757e+01,5.2834328912e+00,1.7683470142e+01,0.0000000000e+00,nan,nan,nan,nan,nan,nan
2.6575009669e-04,8.8098195850e-05,-3.0439209184e+00,-7.2891838030e+00,-1.0143309248e+01,1.4041696831e+01,1.5133623623e+00,-1.4700592528e+01,1.5132512164e+00,1.4700592528e+01,0.0000000000e+00,nan,nan,nan,nan,nan,nan
2.1920640226e-05,2.6510108025e-05,1.3824585722e+02,-1.5676981856e+01,-3.4924362803e+01,1.5240679868e+02,1.3965285345e+02,-3.6331359035e+01,1.3965285345e+02,3.6331359035e+01,0.0000000000e+00,nan,nan,nan,nan,nan,nan
3.0698653674e-04,1.1177422155e-04,-3.4416234129e+00,-8.5055871336e+00,-4.9435547720e+00,1.4788099823e+01,4.3453243210e+00,-1.2730502506e+01,4.3453243210e+00,1.2730502506e+01,0.0000000000e+00,nan,nan,nan,nan,nan,nan
1.8539733686e-04,1.1416630831e-04,-6.2311452024e+00,-2.9186928851e+00,-1.4631191620e+01,8.8550385011e+00,-5.3187095489e+00,-1.5543627274e+01,4.8763163175e-06,1.5543627274e+01,0.0000000000e+00,nan,nan,nan,nan,nan,nan
-1.0007587546e-04,3.8686960178e-05,1.0666762675e+02,8.6336591898e+00,-4.5420610102e+01,1.3255753235e+02,1.0715563531e+02,-4.5908618657e+01,1.0715563531e+02,4.5908618657e+01,0.0000000000e+00,nan,nan,nan,nan,nan,nan
-1.0355034357e-04,3.8706229336e-05,1.0655924150e+02,9.4176295449e+00,-4.5269921079e+01,1.3249487764e+02,1.0714061348e+02,-4.5851293061e+01,1.0714061348e+02,4.5851293061e+01,0.0000000000e+00,nan,nan,nan,nan,nan,nan
-1.0845133667e-04,4.0405111180e-05,1.0253741486e+02,1.0506143721e+01,-4.4644948307e+01,1.2875503934e+02,1.0328298990e+02,-4.5390523343e+01,1.0328298990e+02,4.5390523343e+01,0.0000000000e+00,nan,nan,nan,nan,nan,nan
-1.1189313573e-04,4.0431166083e-05,1.0240795663e+02,1.1302767487e+01,-4.4452160208e+01,1.2868141288e+02,1.0327214658e+02,-4.5316350153e+01,1.0327214658e+02,4.5316350153e+01,0.0000000000e+00,nan,nan,nan,nan,nan,nan
-1.1740818936e-04,3.8803495716e-05,1.0610215889e+02,1.2625100743e+01,-4.4505639667e+01,1.3224946318e+02,1.0715252278e+02,-4.5556003558e+01,1.0715252278e+02,4.5556003558e+01,0.0000000000e+00,nan,nan,nan,nan,nan,nan
-1.2219201296e-04,4.0521755094e-05,1.0199330599e+02,1.3733394573e+01,-4.3780044014e+01,1.2846368494e+02,1.0327517407e+02,-4.5061912095e+01,1.0327517407e+02,4.5061912095e+01,0.0000000000e+00,nan,nan,nan,nan,nan,nan
-1.2561512254e-04,4.0556213594e-05,1.0184426759e+02,1.4556933017e+01,-4.3524852469e+01,1.2839211518e+02,1.0328692982e+02,-4.4967514700e+01,1.0328692982e+02,4.4967514700e+01,0.0000000000e+00,nan,nan,nan,nan,nan,nan
-1.3119147333e-04,3.8932298630e-05,1.0559028686e+02,1.5945761159e+01,-4.3488724992e+01,1.3202605658e+02,1.0727606024e+02,-4.5174498373e+01,1.0727606024e+02,4.5174498373e+01,0.0000000000e+00,nan,nan,nan,nan,nan,nan
2.5151119766e-04,9.5911897576e-05,-3.3124128185e+00,-6.6074341836e+00,-1.0911781177e+01,1.3200956843e+01,5.0947898933e-01,-1.4733672984e+01,5.1929560323e-01,1.4733672984e+01,0.0000000000e+00,nan,nan,nan,nan,nan,nan
2.8943654573e-04,4.5548838381e-05,-1.8877721092e+00,-8.1654079111e+00,-1.0744773176e+01,1.6086851270e+01,2.9714752682e+00,-1.5604020554e+01,2.9714709070e+00,1.5604020554e+01,0.0000000000e+00,nan,nan,nan,nan,nan,nan
3.6572939640e-04,4.4531307530e-05,-4.5006900370e+00,-1.2875512418e+01,9.1306631044e+00,2.5223993522e+01,1.6878065984e+01,-1.2248092916e+01,1.6878065984e+01,1.2248092832e+01,0.0000000000e+00,nan,nan,nan,nan,nan,nan
3.6917253178e-04,4.5112183797e-05,-5.1711754594e+00,-1.2381374247e+01,1.0400496146e+01,2.5323875193e+01,1.7235406503e+01,-1.2006085816e+01,1.7235406503e+01,1.2006085632e+01,0.0000000000e+00,nan,nan,nan,nan,nan,nan
-1.0521544605e-04,1.0981692312e-04,-2.0319652927e+00,7.7086714051e+00,-3.1248491104e+01,2.8606182620e+01,-1.2444096198e-01,-3.3156015435e+01,-6.3870719842e-02,3.3156015435e+01,0.0000000000e+00,nan,nan,nan,nan,nan,nan
-2.6698274789e-04,6.7892489482e-05,-1.4631442791e+00,2.9156840836e+01,-1.3532526804e+01,5.1555330014e+01,2.2267648118e+01,-3.7263319202e+01,2.2267648118e+01,3.7263319202e+01,0.0000000000e+00,nan,nan,nan,nan,nan,nan
3.6177770075e-04,3.9714574348e-05,-3.1386952817e+00,-1.3852248133e+01,7.7510208758e+00,2.5771172531e+01,1.7185156195e+01,-1.2572830601e+01,1.7185156195e+01,1.2572830526e+01,0.0000000000e+00,nan,nan,nan,nan,nan,nan
-1.4478733370e-04,5.4843785485e-05,7.0027984528e+01,1.8530835359e+01,-3.8293496198e+01,9.9146355993e+01,7.3109419486e+01,-4.1374931156e+01,7.3109419486e+01,4.1374931156e+01,0.0000000000e+00,nan,nan,nan,nan,nan,nan
2.2132125929e-04,9.9367114251e-05,-4.5212487814e+00,-4.7484812302e+00,-1.2993023280e+01,1.1020022566e+01,-2.3947230358e+00,-1.5119549026e+01,4.3967670083e-05,1.5119549026e+01,0.0000000000e+00,nan,nan,nan,nan,nan,nan
2.5603130305e-04,1.3008606034e-04,-1.7460487949e+00,-7.2872656370e+00,-9.1225666425e+00,1.4145833722e+01,2.7327931888e+00,-1.3601408626e+01,2.7327930475e+00,1.3601408626e+01,0.0000000000e+00,nan,nan,nan,nan,nan,nan
2.6044675271e-04,1.3485057823e-04,-1.5106217042e+00,-7.3157402749e+00,-8.7295501348e+00,1.4128807523e+01,3.0371849073e+00,-1.3277356746e+01,3.0371848972e+00,1.3277356746e+01,0.0000000000e+00,nan,nan,nan,nan,nan,nan
-2.0397197177e-04,7.6251628137e-05,1.9867512764e+01,2.5449135102e+01,-2.5578806134e+01,5.9089909320e+01,3.1259928367e+01,-3.6971221737e+01,3.1259928367e+01,3.6971221737e+01,0.0000000000e+00,nan,nan,nan,nan,nan,nan
-1.6729866910e-04,8.6972210346e-05,1.5525497415e+01,1.8184398668e+01,-2.9411247624e+01,5.0062714466e+01,2.1960846569e+01,-3.5846596777e+01,2.1960846482e+01,3.5846596777e+01,0.0000000000e+00,nan,nan,nan,nan,nan,nan
-2.5224337006e-04,4.0439013055e-05,8.4209922950e+01,4.6527941982e+01,-1.7065042067e+01,1.1910387344e+02,1.0233709384e+02,-3.5192212952e+01,1.0233709384e+02,3.5192212952e+01,0.0000000000e+00,nan,nan,nan,nan,nan,nan
-2.4943528005e-04,4.0065620932e-05,8.6762573069e+01,4.6378051119e+01,-1.8261985379e+01,1.2134297044e+02,1.0430769049e+02,-3.5807102805e+01,1.0430769049e+02,3.5807102805e+01,0.0000000000e+00,nan,nan,nan,nan,nan,nan
3.3176640983e-04,4.0078543972e-05,-1.1825254726e+00,-1.2182847409e+01,-3.2447861883e+00,2.1172985866e+01,1.0010573259e+01,-1.4437884920e+01,1.0010573259e+01,1.4437884920e+01,0.0000000000e+00,nan,nan,nan,nan,nan,nan
-2.9465982750e-04,5.4456013667e-05,1.7839072000e+01,3.4022035343e+01,-5.9831236554e+00,6.2376423206e+01,4.1941018901e+01,-3.0085070557e+01,4.1941018901e+01,3.0085070557e+01,0.0000000000e+00,nan,nan,nan,nan,nan,nan
-2.2947628500e-04,4.4005333306e-05,8.1567724497e+01,4.1302568126e+01,-2.4670445946e+01,1.1654015004e+02,9.5733126272e+01,-3.8835847721e+01,9.5733126272e+01,3.8835847721e+01,0.0000000000e+00,nan,nan,nan,nan,nan,nan
-2.3861947262e-04,6.8957284375e-05,1.6060626096e+01,3.0783469872e+01,-1.9489617736e+01,6.1562766555e+01,3.3828784022e+01,-3.7257775663e+01,3.3828784022e+01,3.7257775663e+01,0.0000000000e+00,nan,nan,nan,nan,nan,nan
-2.8045026427e-04,2.1410218386e-05,1.5095411490e+02,5.9576124562e+01,2.1885598421e+00,1.6505768009e+02,1.7186743341e+02,-1.8724758662e+01,1.7186743341e+02,1.8724758662e+01,0.0000000000e+00,nan,nan,nan,nan,nan,nan
2.7583377111e-04,1.0498722350e-04,-2.7648523015e+00,-7.9829808904e+00,-8.3133422320e+00,1.4637300635e+01,2.9117521950e+00,-1.3989946728e+01,2.9117523753e+00,1.3989946728e+01,0.0000000000e+00,nan,nan,nan,nan,nan,nan
9.7811110913e-05,1.4254539864e-04,-9.2216246831e+00,-1.7773678705e+00,-1.7878288245e+01,8.1025968624e+00,-8.8719199845e+00,-1.8227992944e+01,3.6983716356e-03,1.8227975872e+01,0.0000000000e+00,nan,nan,nan,nan,nan,nan
3.0569494021e-04,4.7892693438e-05,-1.6307597944e+00,-9.6882204885e+00,-8.0899450376e+00,1.7686075678e+01,5.3507081376e+00,-1.5071412970e+01,5.3507081472e+00,1.5071412970e+01,0.0000000000e+00,nan,nan,nan,nan,nan,nan
1.7981733449e-04,1.3440450879e-04,-3.8033605887e+00,-4.3590427036e+00,-1.3423038108e+01,1.1242476447e+01,-2.1223525449e+00,-1.5104046152e+01,-5.4448537455e-03,1.5104046151e+01,0.0000000000e+00,nan,nan,nan,nan,nan,nan
7.2766348320e-05,1.1404603395e-04,-4.1388129956e+00,5.5997167840e+00,-1.9996381757e+01,1.6830706490e+01,-2.3503844537e+00,-2.1784810299e+01,-4.2728263554e-03,2.1784810284e+01,0.0000000000e+00,nan,nan,nan,nan,nan,nan
-1.8940601019e-04,9.1472683703e-05,4.4233573338e+00,1.9152490642e+01,-2.6448860088e+01,4.2603287519e+01,1.3584268141e+01,-3.5609770895e+01,1.3584268153e+01,3.5609770895e+01,0.0000000000e+00,nan,nan,nan,nan,nan,nan
1.2369024219e-04,1.5093503379e-04,-2.5643144976e+00,-1.6721918883e+00,-1.7072060281e+01,1.2899009181e+01,-2.3709409661e+00,-1.7265433813e+01,2.9500702447e-02,1.7265433814e+01,0.0000000000e+00,nan,nan,nan,nan,nan,nan
-1.0863692656e-04,6.6774163846e-05,5.1014880303e+01,9.5309467008e+00,-3.8682828257e+01,7.9413934739e+01,5.2015682622e+01,-3.9683630576e+01,5.2015682622e+01,3.9683630576e+01,0.0000000000e+00,nan,nan,nan,nan,nan,nan
1.5046168348e-04,1.0168772789e-04,-6.5650564119e+00,-9.3933716073e-01,-1.6921097233e+01,9.1206500722e+00,-6.4772670479e+00,-1.7008886597e+01,2.5704193585e-04,1.7008886597e+01,0.0000000000e+00,nan,nan,nan,nan,nan,nan
1.5092908403e-04,1.0531517114e-04,-7.3237443200e+00,-7.3966549521e-01,-1.6949025447e+01,8.4395707557e+00,-7.2637964359e+00,-1.7008973331e+01,-4.5711435101e-05,1.7008973331e+01,0.0000000000e+00,nan,nan,nan,nan,nan,nan
-8.9295622875e-05,1.0520170573e-04,1.9889038450e+00,5.3748026270e+00,-3.2665132608e+01,3.1419754718e+01,2.8020894629e+00,-3.3478318226e+01,2.8455012444e+00,3.3478318226e+01,0.0000000000e+00,nan,nan,nan,nan,nan,nan
1.1354528022e-04,1.4869890742e-04,-2.9158061910e+00,-1.8280141436e+00,-1.6987030970e+01,1.2593958498e+01,-2.6802932513e+00,-1.7222543909e+01,4.8802277916e-02,1.7222543816e+01,0.0000000000e+00,nan,nan,nan,nan,nan,nan
1.1315181805e-04,1.5208162385e-04,-7.0540752739e-01,-1.6850889332e+00,-1.7119190505e+01,1.4513968777e+01,-5.3265523558e-01,-1.7291942797e+01,-1.5764219681e-01,1.7291942718e+01,0.0000000000e+00,nan,nan,nan,nan,nan,nan
-2.0691951948e-04,9.2089347687e-05,-2.4688411822e+00,1.9410955224e+01,-2.4490768404e+01,3.8649712502e+01,8.8346171247e+00,-3.5794226710e+01,8.8346171247e+00,3.5794226710e+01,0.0000000000e+00,nan,nan,nan,nan,nan,nan
-2.1153782106e-04,9.0608289196e-05,-2.6639448355e+00,1.9954847882e+01,-2.3971504667e+01,3.9176563266e+01,9.3008745888e+00,-3.5936324098e+01,9.3008745904e+00,3.5936324097e+01,0.0000000000e+00,nan,nan,nan,nan,nan,nan
-2.1329689778e-04,8.6459051649e-05,1.6352343244e+00,2.1726890081e+01,-2.3710102502e+01,4.3561884854e+01,1.4113031868e+01,-3.6187900036e+01,1.4113031868e+01,3.6187900037e+01,0.0000000000e+00,nan,nan,nan,nan,nan,nan
-2.1581030203e-04,8.6935937812e-05,-9.2550826914e-02,2.1483298772e+01,-2.3399058975e+01,4.2327930519e+01,1.2692237178e+01,-3.6183846980e+01,1.2692237178e+01,3.6183846980e+01,0.0000000000e+00,nan,nan,nan,nan,nan,nan
-2.2047234148e-04,8.5612918843e-05,-6.0027969654e-01,2.1977081094e+01,-2.2776096668e+01,4.2631682976e+01,1.2925225460e+01,-3.6301601825e+01,1.2925225460e+01,3.6301601825e+01,0.0000000000e+00,nan,nan,nan,nan,nan,nan
-2.2539772347e-04,8.6688643727e-05,-4.4504083821e+00,2.1165786863e+01,-2.2234718245e+01,3.9759451720e+01,9.6125668400e+00,-3.6297693467e+01,9.6125668400e+00,3.6297693467e+01,0.0000000000e+00,nan,nan,nan,nan,nan,nan
8.5691618307e-05,1.0662102159e-04,-2.8971804879e+00,3.5446357055e+00,-2.1740895030e+01,1.7450305595e+01,-2.2440991262e+00,-2.2393976391e+01,-3.8437587533e-03,2.2393976392e+01,0.0000000000e+00,nan,nan,nan,nan,nan,nan
3.4284046136e-04,6.8736490568e-05,-4.1888376372e+00,-1.1006222747e+01,9.9072604475e-01,1.9580119242e+01,9.7055313187e+00,-1.2903642911e+01,9.7055313187e+00,1.2903642911e+01,0.0000000000e+00,nan,nan,nan,nan,nan,nan
-1.5866898386e-04,3.4222006768e-05,1.1739831551e+02,2.3025229136e+01,-4.1989026422e+01,1.4367756618e+02,1.2065692606e+02,-4.5247636966e+01,1.2065692606e+02,4.5247636966e+01,0.0000000000e+00,nan,nan,nan,nan,nan,nan
2.7926235751e-04,1.0201276076e-04,-2.8113275968e+00,-8.1271905137e+00,-8.0994122496e+00,1.4802083769e+01,3.0906171252e+00,-1.4001356972e+01,3.0906171525e+00,1.4001356972e+01,0.0000000000e+00,nan,nan,nan,nan,nan,nan
-2.6977174740e-05,7.4178401656e-06,1.9109589971e+02,-4.7653911024e+00,-4.9196352566e+01,2.0826234726e+02,1.9119009583e+02,-4.9290548684e+01,1.9119009583e+02,4.9290548684e+01,0.0000000000e+00,nan,nan,nan,nan,nan,nan
1.3872636286e-04,1.3635043514e-04,-7.8086645952e+00,-1.7020849649e+00,-1.6716484054e+01,8.2616691735e+00,-7.4926974034e+00,-1.7032451246e+01,1.1268187066e-04,1.7032451246e+01,0.0000000000e+00,nan,nan,nan,nan,nan,nan
-1.2617043219e-04,9.2387660430e-05,1.4827846100e+01,1.1371221670e+01,-3.2461560187e+01,4.5441865949e+01,1.7419016495e+01,-3.5052730582e+01,1.7419016485e+01,3.5052730582e+01,0.0000000000e+00,nan,nan,nan,nan,nan,nan
-1.2231913883e-04,9.0209477560e-05,1.7605441212e+01,1.0888453690e+01,-3.3108957676e+01,4.7796137307e+01,1.9843354508e+01,-3.5346870973e+01,1.9843354448e+01,3.5346870973e+01,0.0000000000e+00,nan,nan,nan,nan,nan,nan
-1.6852311647e-04,3.9485976325e-05,1.0336353951e+02,2.5627094559e+01,-3.9282425666e+01,1.3126546272e+02,1.0782670716e+02,-4.3745593311e+01,1.0782670716e+02,4.3745593311e+01,0.0000000000e+00,nan,nan,nan,nan,nan,nan
2.8010091874e-04,5.8311919103e-05,-2.4072432034e+00,-7.6642670047e+00,-1.0812250035e+01,1.5137696213e+01,2.1300063644e+00,-1.5349499602e+01,2.1300316264e+00,1.5349499602e+01,0.0000000000e+00,nan,nan,nan,nan,nan,nan
2.2244522171e-04,1.1511119823e-05,4.9643111000e+01,-2.1317004879e+01,-1.3295694173e+01,6.5837108770e+01,5.6184780885e+01,-1.9837364058e+01,5.6184780885e+01,1.9837364058e+01,0.0000000000e+00,nan,nan,nan,nan,nan,nan
9.8775533132e-05,1.2540643302e-04,-1.2511348427e+01,4.2011031232e+00,-2.1342608605e+01,1.0575062254e+01,-1.0821463477e+01,-2.3032493555e+01,2.6987822578e-06,2.3032493762e+01,0.0000000000e+00,nan,nan,nan,nan,nan,nan
1.2470898919e-04,1.3293534580e-04,-1.0416059702e+01,-7.9195916753e-01,-1.7010419905e+01,5.8757871008e+00,-1.0320852539e+01,-1.7105627068e+01,9.4493405210e-06,1.7105627068e+01,0.0000000000e+00,nan,nan,nan,nan,nan,nan
1.0899051289e-04,9.5928026425e-05,-1.8354538225e+00,1.5536920963e+00,-2.2728610703e+01,1.8299071413e+01,-1.7170584566e+00,-2.2847006069e+01,8.1023732290e-03,2.2847006069e+01,0.0000000000e+00,nan,nan,nan,nan,nan,nan
1.3947181454e-04,8.0770704157e-06,1.9645210877e+02,-4.1173433848e+01,-1.4771031235e+01,1.9633736039e+02,2.0419596664e+02,-2.2514889109e+01,2.0419596664e+02,2.2514889109e+01,0.0000000000e+00,nan,nan,nan,nan,nan,nan
-1.7140914425e-04,1.6559071318e-05,1.7083549680e+02,2.4999323455e+01,-4.5262901386e+01,1.9208903567e+02,1.7368895416e+02,-4.8116358745e+01,1.7368895416e+02,4.8116358745e+01,0.0000000000e+00,nan,nan,nan,nan,nan,nan
2.1544785850e-04,4.9370672290e-05,1.4882600484e+01,-9.9808134815e+00,-1.3872611129e+01,3.0327183096e+01,1.8014402001e+01,-1.7004412647e+01,1.8004692494e+01,1.7004412647e+01,0.0000000000e+00,nan,nan,nan,nan,nan,nan
2.2621192888e-04,8.2648699082e-05,-4.5987566721e+00,-4.2362112503e+00,-1.3888692552e+01,1.0886401943e+01,-2.9584575196e+00,-1.5528991705e+01,-4.1947987221e-06,1.5528991705e+01,0.0000000000e+00,nan,nan,nan,nan,nan,nan
2.2216914499e-04,8.1630924096e-05,-4.8039815587e+00,-3.8605645636e+00,-1.4302074397e+01,1.0597972935e+01,-3.4342854511e+00,-1.5671770505e+01,2.4942856503e-05,1.5671770505e+01,0.0000000000e+00,nan,nan,nan,nan,nan,nan
-2.0849168490e-04,1.6779603499e-05,1.7810286852e+02,3.6157692172e+01,-3.9059025078e+01,1.9821825019e+02,1.8396328182e+02,-4.4919438384e+01,1.8396328182e+02,4.4919438384e+01,0.0000000000e+00,nan,nan,nan,nan,nan,nan
-2.4408301280e-04,1.5629030331e-05,1.9256559636e+02,4.9496050525e+01,-2.7635301949e+01,2.0907805138e+02,2.0317641645e+02,-3.8246122037e+01,2.0317641645e+02,3.8246122037e+01,0.0000000000e+00,nan,nan,nan,nan,nan,nan
1.5209820610e-04,6.7042865832e-05,1.0758237517e+01,-5.7768219799e+00,-1.6737362029e+01,2.5824513283e+01,1.1920227438e+01,-1.7899351954e+01,1.1920462351e+01,1.7899351954e+01,0.0000000000e+00,nan,nan,nan,nan,nan,nan
3.1685389660e-04,2.4052701413e-05,-9.2168741214e-01,-1.0344330369e+01,-8.4874571962e+00,1.9074962337e+01,6.3083623357e+00,-1.5717506944e+01,6.3083623362e+00,1.5717506944e+01,0.0000000000e+00,nan,nan,nan,nan,nan,nan
-1.8136748309e-04,5.4323521935e-05,6.6711485548e+01,2.7426096335e+01,-3.3403843292e+01,9.8860457801e+01,7.3730933052e+01,-4.0423290796e+01,7.3730933052e+01,4.0423290796e+01,0.0000000000e+00,nan,nan,nan,nan,nan,nan
2.7195310949e-04,5.6878243830e-05,-2.6093103463e+00,-6.9279592626e+00,-1.1865884274e+01,1.4429036071e+01,1.0930105496e+00,-1.5568205170e+01,1.0914404124e+00,1.5568205170e+01,0.0000000000e+00,nan,nan,nan,nan,nan,nan
-1.3643778736e-04,9.0910398100e-05,1.5602769263e+01,1.3126952050e+01,-3.1875226855e+01,4.6982891629e+01,1.8989356334e+01,-3.5261813925e+01,1.8989356709e+01,3.5261813925e+01,0.0000000000e+00,nan,nan,nan,nan,nan,nan
1.8667429304e-04,3.9386259023e-05,2.6374627565e+01,-1.0813797069e+01,-1.5199260378e+01,4.0584946162e+01,2.9019413185e+01,-1.7844045998e+01,2.9019412981e+01,1.7844045998e+01,0.0000000000e+00,nan,nan,nan,nan,nan,nan
3.3006351079e-04,5.4950295270e-05,-2.2673995164e+00,-1.1611577587e+01,-2.4969341773e+00,2.0109459697e+01,9.2280351224e+00,-1.3992368816e+01,9.2280351224e+00,1.3992368816e+01,0.0000000000e+00,nan,nan,nan,nan,nan,nan
3.2670284075e-04,5.8261185847e-05,-2.3772421279e+00,-1.1275662060e+01,-3.0936689193e+00,1.9536835664e+01,8.5441418064e+00,-1.4015052854e+01,8.5441418064e+00,1.4015052854e+01,0.0000000000e+00,nan,nan,nan,nan,nan,nan
1.7801952606e-04,1.1531240685e-04,-6.8449939296e+00,-2.3194507233e+00,-1.5196082866e+01,8.2680133998e+00,-6.2469986359e+00,-1.5794078160e+01,-1.0573035746e-06,1.5794078160e+01,0.0000000000e+00,nan,nan,nan,nan,nan,nan
8.9731837412e-05,5.4386258885e-05,3.7376074072e+01,-8.2277741142e+00,-2.1676970714e+01,5.3092343490e+01,3.8502430485e+01,-2.2803327127e+01,3.8502430485e+01,2.2803327127e+01,0.0000000000e+00,nan,nan,nan,nan,nan,nan
3.0233387577e-04,5.1041406900e-05,-1.7862023390e+00,-9.4301909432e+00,-8.3590129740e+00,1.7294906923e+01,4.9126115112e+00,-1.5057826824e+01,4.9126114969e+00,1.5057826824e+01,0.0000000000e+00,nan,nan,nan,nan,nan,nan
5.0547641857e-05,4.9279547338e-05,6.7535626251e+01,-1.5613221522e+01,-2.0035551280e+01,8.0518199032e+01,7.0237241371e+01,-2.2737166401e+01,7.0237241371e+01,2.2737166401e+01,0.0000000000e+00,nan,nan,nan,nan,nan,nan
4.1220813070e-05,4.8486739283e-05,7.6049284939e+01,-1.7344475348e+01,-2.0400177273e+01,8.8763341422e+01,7.9072092897e+01,-2.3422985231e+01,7.9072092897e+01,2.3422985231e+01,0.0000000000e+00,nan,nan,nan,nan,nan,nan
1.4028270663e-04,1.0466957661e-04,-6.5405113752e+00,-8.0241775282e-01,-1.6942476735e+01,9.1227967858e+00,-6.4744448752e+00,-1.7008543235e+01,5.5989449293e-05,1.7008543235e+01,0.0000000000e+00,nan,nan,nan,nan,nan,nan
-1.9916196898e-04,2.6454697376e-05,1.4216925150e+02,3.4595675186e+01,-3.7884988689e+01,1.6704580864e+02,1.4858607399e+02,-4.4301811180e+01,1.4858607399e+02,4.4301811180e+01,0.0000000000e+00,nan,nan,nan,nan,nan,nan
-2.0926480210e-04,7.6988248909e-05,1.6673439527e+01,2.5607417486e+01,-2.4635739095e+01,5.6979445498e+01,2.8915948413e+01,-3.6878247980e+01,2.8915948413e+01,3.6878247980e+01,0.0000000000e+00,nan,nan,nan,nan,nan,nan
-3.1186627990e-05,3.0616412608e-05,1.2752881456e+02,-5.0794319498e+00,-4.5413924288e+01,1.5003039177e+02,1.2767753222e+02,-4.5562641940e+01,1.2767753222e+02,4.5562641940e+01,0.0000000000e+00,nan,nan,nan,nan,nan,nan
-6.3423280463e-05,4.3608551333e-05,9.6465973175e+01,7.5269423088e-01,-4.4887915168e+01,1.2242229619e+02,9.6469574661e+01,-4.4891516654e+01,9.6469574661e+01,4.4891516654e+01,0.0000000000e+00,nan,nan,nan,nan,nan,nan
-9.4217976564e-05,4.3675682855e-05,9.5548848411e+01,7.2141079205e+00,-4.4527649287e+01,1.2195070233e+02,9.5918870385e+01,-4.4897671254e+01,9.5918870385e+01,4.4897671255e+01,0.0000000000e+00,nan,nan,nan,nan,nan,nan
2.9687074993e-04,4.3069426905e-05,-1.6488031038e+00,-8.7892246177e+00,-9.9191339645e+00,1.6821939811e+01,3.9281829441e+00,-1.5496120012e+01,3.9281826149e+00,1.5496120012e+01,0.0000000000e+00,nan,nan,nan,nan,nan,nan
-2.2236300960e-04,5.7488043253e-05,4.8439891769e+01,3.5069215860e+01,-2.4151287845e+01,8.7412423461e+01,6.2611888178e+01,-3.8323284253e+01,6.2611888178e+01,3.8323284253e+01,0.0000000000e+00,nan,nan,nan,nan,nan,nan
2.4752309256e-04,9.4992068591e-05,-3.4652719855e+00,-6.3268040199e+00,-1.1293158730e+01,1.2884832477e+01,5.9846141159e-02,-1.4818276857e+01,3.2426521540e-02,1.4818276857e+01,0.0000000000e+00,nan,nan,nan,nan,nan,nan
3.4346855118e-04,4.1365679761e-05,-1.6811557535e+00,-1.3153322034e+01,5.2351695322e-01,2.2857028564e+01,1.2617692194e+01,-1.3775330995e+01,1.2617692194e+01,1.3775330994e+01,0.0000000000e+00,nan,nan,nan,nan,nan,nan
3.4012829090e-04,4.4815755343e-05,-1.8543432443e+00,-1.2740619359e+01,-3.4308074990e-01,2.2101587425e+01,1.1661645452e+01,-1.3859069446e+01,1.1661645452e+01,1.3859069447e+01,0.0000000000e+00,nan,nan,nan,nan,nan,nan
9.0099510744e-05,3.4706997004e-05,7.8867552453e+01,-1.9462590517e+01,-1.9085973146e+01,9.1285633125e+01,8.2594574512e+01,-2.2812995204e+01,8.2594574512e+01,2.2812995204e+01,0.0000000000e+00,nan,nan,nan,nan,nan,nan
1.3823578423e-04,4.0191778489e-05,3.8330190744e+01,-9.8243993986e+00,-2.1009504494e+01,5.4133424871e+01,3.9914290546e+01,-2.2593604296e+01,3.9914290546e+01,2.2593604296e+01,0.0000000000e+00,nan,nan,nan,nan,nan,nan
1.6538346831e-04,4.4293132041e-05,2.6252332377e+01,-9.2735485266e+00,-1.6796603863e+01,4.0594478894e+01,2.8165097574e+01,-1.8709369060e+01,2.8165097578e+01,1.8709369060e+01,0.0000000000e+00,nan,nan,nan,nan,nan,nan
2.4068223726e-04,1.0064691616e-04,-3.5522581311e+00,-6.1056897513e+00,-1.1470125129e+01,1.2603099681e+01,-2.3478863664e-01,-1.4787594623e+01,-3.0636863584e-02,1.4787594623e+01,0.0000000000e+00,nan,nan,nan,nan,nan,nan
-2.2470441573e-04,5.3623382286e-05,5.6818018175e+01,3.6957240144e+01,-2.4182273792e+01,9.4960534176e+01,7.1143362160e+01,-3.8507617777e+01,7.1143362160e+01,3.8507617777e+01,0.0000000000e+00,nan,nan,nan,nan,nan,nan
3.5101292062e-04,1.5318737392e-05,-8.9520548253e-03,-1.3949709102e+01,1.1557754523e+00,2.4178343670e+01,1.4532784925e+01,-1.3385961527e+01,1.4532784925e+01,1.3385961746e+01,0.0000000000e+00,nan,nan,nan,nan,nan,nan
3.1273995329e-04,2.3650949558e-05,-9.8855679602e-01,-9.9244896837e+00,-9.2513360571e+00,1.8617394428e+01,5.6288112583e+00,-1.5868704111e+01,5.6288112573e+00,1.5868704111e+01,0.0000000000e+00,nan,nan,nan,nan,nan,nan
3.0778567657e-04,1.9621903752e-05,-9.0136509614e-01,-9.4877897962e+00,-1.0368762121e+01,1.8362244596e+01,4.9663832521e+00,-1.6236510469e+01,4.9663832449e+00,1.6236510469e+01,0.0000000000e+00,nan,nan,nan,nan,nan,nan
3.0610134491e-04,1.2562194731e-05,7.6787984383e+00,-1.3691375987e+01,-9.4950069410e+00,2.8013375260e+01,1.5265425496e+01,-1.7081633999e+01,1.5265425498e+01,1.7081633999e+01,0.0000000000e+00,nan,nan,nan,nan,nan,nan
3.0898872738e-04,6.1534982130e-06,1.7058222776e+01,-1.9140004263e+01,-6.5786142849e+00,3.8958486034e+01,2.7732496644e+01,-1.7252888154e+01,2.7732496645e+01,1.7252888154e+01,0.0000000000e+00,nan,nan,nan,nan,nan,nan
6.7747119984e-05,1.1414353037e-04,-3.4082392267e+00,6.3570359002e+00,-1.9471982018e+01,1.7750065080e+01,-1.1921057702e+00,-2.1688115474e+01,1.6524312023e-01,2.1688115451e+01,0.0000000000e+00,nan,nan,nan,nan,nan,nan
8.9513671892e-05,1.2011203715e-04,-9.1634626832e+00,4.5809964825e+00,-2.0672763721e+01,1.2765299032e+01,-7.5480643699e+00,-2.2288162035e+01,-1.9496250565e-06,2.2288160598e+01,0.0000000000e+00,nan,nan,nan,nan,nan,nan
1.1799754631e-04,1.2572813996e-04,-1.0884419252e+01,8.0750713292e-02,-1.7020543509e+01,5.3349249135e+00,-1.0872361045e+01,-1.7032601715e+01,7.2011432038e-07,1.7032601715e+01,0.0000000000e+00,nan,nan,nan,nan,nan,nan
1.2132644375e-04,1.2748739889e-04,-1.1125739667e+01,-1.0190097246e-01,-1.7056832415e+01,5.1504979257e+00,-1.1117644676e+01,-1.7064927405e+01,-8.0287284398e-07,1.7064927405e+01,0.0000000000e+00,nan,nan,nan,nan,nan,nan
1.9821993797e-04,5.8585064000e-05,7.0649511362e+00,-7.0047988170e+00,-1.4988338741e+01,2.2637864344e+01,9.1082832701e+00,-1.7031670875e+01,9.1012753396e+00,1.7031670875e+01,0.0000000000e+00,nan,nan,nan,nan,nan,nan
1.6455529377e-04,1.3253762441e-04,-5.7694770504e+00,-2.9247778976e+00,-1.4853074672e+01,9.3535681997e+00,-4.9109907434e+00,-1.5711560979e+01,-4.7410961567e-04,1.5711560979e+01,0.0000000000e+00,nan,nan,nan,nan,nan,nan
-1.6767969748e-04,1.6546004760e-05,1.7024465792e+02,2.4009308381e+01,-4.5699968089e+01,1.9157988021e+02,1.7288104033e+02,-4.8336350493e+01,1.7288104033e+02,4.8336350493e+01,0.0000000000e+00,nan,nan,nan,nan,nan,nan
1.3628040578e-04,9.9815849893e-05,-4.7894725689e+00,-1.2878667458e+00,-1.6858766019e+01,1.0696056994e+01,-4.6487479092e+00,-1.6999490679e+01,3.8647089104e-04,1.6999490679e+01,0.0000000000e+00,nan,nan,nan,nan,nan,nan
1.4480059115e-04,8.6503041169e-05,-1.0144370277e+00,-2.9538856763e+00,-1.6485759866e+01,1.4344514213e+01,-4.6828930428e-01,-1.7031907589e+01,8.3757999006e-03,1.7031907589e+01,0.0000000000e+00,nan,nan,nan,nan,nan,nan
-2.6109006824e-04,1.2675911949e-05,2.1230272154e+02,5.6649322644e+01,-1.8821487363e+01,2.2290783369e+02,2.2543651487e+02,-3.1955280692e+01,2.2543651487e+02,3.1955280692e+01,0.0000000000e+00,nan,nan,nan,nan,nan,nan
-2.7492507645e-04,1.1408259692e-05,2.2137763189e+02,6.3657192877e+01,-7.2857658659e+00,2.2664389879e+02,2.3789884899e+02,-2.3806982961e+01,2.3789884899e+02,2.3806982961e+01,0.0000000000e+00,nan,nan,nan,nan,nan,nan
-2.8169691735e-04,6.4369486812e-06,2.6120980135e+02,6.7958482553e+01,-2.9128403114e+00,2.5723171902e+02,2.7766128274e+02,-1.9364321698e+01,2.7766128274e+02,1.9364321698e+01,0.0000000000e+00,nan,nan,nan,nan,nan,nan
-1.8860604526e-04,4.9062607303e-05,7.7501668458e+01,3.0089929129e+01,-3.3413394215e+01,1.0928060540e+02,8.5137324066e+01,-4.1049049823e+01,8.5137324066e+01,4.1049049823e+01,0.0000000000e+00,nan,nan,nan,nan,nan,nan
-2.1248774593e-04,4.8530591291e-05,7.3828148748e+01,3.6111913143e+01,-2.8366012000e+01,1.0837055019e+02,8.5298834696e+01,-3.9836697949e+01,8.5298834696e+01,3.9836697949e+01,0.0000000000e+00,nan,nan,nan,nan,nan,nan
-2.9243082829e-04,2.1146731903e-05,1.3682025646e+02,5.8530047102e+01,5.1927223857e+00,1.5255091858e+02,1.5908180333e+02,-1.7068824484e+01,1.5908180333e+02,1.7068824484e+01,0.0000000000e+00,nan,nan,nan,nan,nan,nan
-3.1765313608e-04,2.1780247150e-05,9.6980804746e+01,4.9546721888e+01,4.4926990768e+00,1.1739284225e+02,1.1851354098e+02,-1.7040037161e+01,1.1851354098e+02,1.7040037161e+01,0.0000000000e+00,nan,nan,nan,nan,nan,nan
-3.1614536485e-04,2.4551356812e-05,8.8505532346e+01,4.6956659099e+01,3.8388430264e+00,1.0950926854e+02,1.0939739336e+02,-1.7053017983e+01,1.0939739336e+02,1.7053017983e+01,0.0000000000e+00,nan,nan,nan,nan,nan,nan
-2.9769714169e-04,3.8668111960e-05,6.1693862498e+01,3.6599660047e+01,-1.3386192201e-01,8.2991417584e+01,7.8695117571e+01,-1.7135116995e+01,7.8695117571e+01,1.7135116995e+01,0.0000000000e+00,nan,nan,nan,nan,nan,nan
-1.3910130971e-04,1.0964051703e-04,-3.4990099311e+00,1.1494778782e+01,-2.9347866044e+01,2.9956228557e+01,8.7179863363e-01,-3.3718674609e+01,7.6569630266e-01,3.3718674609e+01,0.0000000000e+00,nan,nan,nan,nan,nan,nan
2.3466114986e-04,1.4665589583e-04,-1.1883476345e-01,-6.6950017525e+00,-1.0075647051e+01,1.4449893801e+01,3.2454091685e+00,-1.3439890983e+01,3.2454085719e+00,1.3439890983e+01,0.0000000000e+00,nan,nan,nan,nan,nan,nan
2.3833330652e-04,1.4403787000e-04,-4.5015973977e-01,-6.7972523919e+00,-9.9212713500e+00,1.4347782284e+01,3.0979804194e+00,-1.3469411509e+01,3.0979796067e+00,1.3469411509e+01,0.0000000000e+00,nan,nan,nan,nan,nan,nan
1.0965512998e-04,1.5361947668e-04,8.9225529017e-01,-1.6855594469e+00,-1.6903206982e+01,1.5681597903e+01,1.0482989243e+00,-1.7059250617e+01,8.4555640072e-01,1.7059250771e+01,0.0000000000e+00,nan,nan,nan,nan,nan,nan
3.1777875761e-04,1.0623837436e-04,-3.9283988800e+00,-8.7387263166e+00,-3.6674642176e+00,1.5135622807e+01,4.9406243531e+00,-1.2536487451e+01,4.9406243531e+00,1.2536487451e+01,0.0000000000e+00,nan,nan,nan,nan,nan,nan
1.4187723427e-04,1.5682631465e-04,1.2756569550e+00,-2.7043519737e+00,-1.4704573726e+01,1.4601852179e+01,1.7159249003e+00,-1.5144841672e+01,1.5242057647e+00,1.5144841672e+01,0.0000000000e+00,nan,nan,nan,nan,nan,nan
1.4177020375e-04,1.6047147882e-04,4.0622876854e+00,-3.1469249974e+00,-1.4172447805e+01,1.6697442687e+01,4.5851929707e+00,-1.4695353090e+01,4.6072136170e+00,1.4695353090e+01,0.0000000000e+00,nan,nan,nan,nan,nan,nan
1.4566669799e-04,1.5855289133e-04,2.7546409016e+00,-3.5531120408e+00,-1.4114563107e+01,1.5848330878e+01,3.4700769959e+00,-1.4829999201e+01,3.5249319625e+00,1.4829999201e+01,0.0000000000e+00,nan,nan,nan,nan,nan,nan
1.4966967759e-04,1.5658804209e-04,1.7821334991e+00,-3.8687828802e+00,-1.3945563486e+01,1.5177273072e+01,2.6808877002e+00,-1.4844317687e+01,2.7196856966e+00,1.4844317687e+01,0.0000000000e+00,nan,nan,nan,nan,nan,nan
2.8950223819e-04,1.2278074265e-04,-2.6814939360e+00,-7.9967055997e+00,-6.6239606882e+00,1.4264229181e+01,3.5827292452e+00,-1.2888183869e+01,3.5827292452e+00,1.2888183869e+01,0.0000000000e+00,nan,nan,nan,nan,nan,nan
2.9303488907e-04,1.2004361459e-04,-2.8467703653e+00,-8.1171895206e+00,-6.3225642655e+00,1.4376948250e+01,3.7158676269e+00,-1.2885202258e+01,3.7158676269e+00,1.2885202258e+01,0.0000000000e+00,nan,nan,nan,nan,nan,nan
-8.6809032214e-05,1.1950015418e-04,-1.1131135439e+01,5.8926604005e+00,-3.0872715165e+01,1.9906417277e+01,-9.5089499283e+00,-3.2494900675e+01,1.9464565802e-04,3.2494900675e+01,1.0000000000e+00,1.9031918007e+01,1.8880649796e+01,2.3947789621e+00,2.0908294321e+01,-1.2582961745e-01,9.9205186728e-01
1.4944582688e-04,1.6010332967e-04,4.1786614324e+00,-4.0462495853e+00,-1.3622402264e+01,1.6931103277e+01,5.0533066193e+00,-1.4497047451e+01,5.0396019682e+00,1.4497047451e+01,0.0000000000e+00,nan,nan,nan,nan,nan,nan
1.5352143976e-04,1.5817805571e-04,2.9900395272e+00,-4.3140283488e+00,-1.3545397238e+01,1.6149109108e+01,4.0460136354e+00,-1.4601371346e+01,4.0377381711e+00,1.4601371346e+01,0.0000000000e+00,nan,nan,nan,nan,nan,nan
1.5747930150e-04,1.5604117394e-04,1.9303898355e+00,-4.5035663688e+00,-1.3461153384e+01,1.5442063897e+01,3.1500979738e+00,-1.4680861522e+01,3.1500985179e+00,1.4680861522e+01,0.0000000000e+00,nan,nan,nan,nan,nan,nan
1.6140410599e-04,1.5753724314e-04,2.8145858203e+00,-4.7721990202e+00,-1.3167218064e+01,1.6118047189e+01,4.1294427617e+00,-1.4482075006e+01,4.1266069931e+00,1.4482075006e+01,0.0000000000e+00,nan,nan,nan,nan,nan,nan
-1.1260565589e-04,1.1428022728e-04,-5.9278820958e+00,8.5701230648e+00,-3.0355375040e+01,2.5840425775e+01,-3.2226517905e+00,-3.3060605345e+01,2.1471752160e-03,3.3060605345e+01,0.0000000000e+00,nan,nan,nan,nan,nan,nan
-3.3883473507e-04,4.0678507317e-05,4.3492298129e+01,3.6077703481e+01,8.8744636227e+00,6.9226078538e+01,6.6151075955e+01,-1.3784314204e+01,6.6151075955e+01,1.3784313856e+01,0.0000000000e+00,nan,nan,nan,nan,nan,nan
-3.1683486026e-04,4.9598662556e-05,3.8286767990e+01,2.7492492005e+01,-3.6921347181e+00,6.0069067901e+01,5.1978209159e+01,-1.7383575887e+01,5.1978209159e+01,1.7383575887e+01,0.0000000000e+00,nan,nan,nan,nan,nan,nan
-2.7608682660e-04,6.6725697528e-05,-6.7305731649e+00,2.8243150290e+01,-1.1720569384e+01,4.9075811303e+01,1.9108361593e+01,-3.7559504141e+01,1.9108361593e+01,3.7559504141e+01,0.0000000000e+00,nan,nan,nan,nan,nan,nan
2.6778777526e-04,1.3282276105e-04,-1.7640859250e+00,-7.4692912788e+00,-8.2494013165e+00,1.4102904719e+01,3.1355722150e+00,-1.3149059456e+01,3.1355722109e+00,1.3149059456e+01,0.0000000000e+00,nan,nan,nan,nan,nan,nan
1.9292835092e-04,1.5699014700e-04,2.3087642219e+00,-5.7487006920e+00,-1.1829244333e+01,1.5779774176e+01,4.3502168126e+00,-1.3870696924e+01,4.3502271234e+00,1.3870696924e+01,0.0000000000e+00,nan,nan,nan,nan,nan,nan
1.3388132007e-04,1.6006506606e-04,1.2238245640e+00,-1.6006704896e+00,-1.6864834369e+01,1.5905489029e+01,1.3625334703e+00,-1.7003543275e+01,1.2839709191e+00,1.7003543275e+01,0.0000000000e+00,nan,nan,nan,nan,nan,nan
2.0063357677e-04,1.5601751908e-04,1.9170092874e+00,-5.9291467623e+00,-1.1522731820e+01,1.5519949329e+01,4.1575856564e+00,-1.3763308189e+01,4.1575611420e+00,1.3763308189e+01,0.0000000000e+00,nan,nan,nan,nan,nan,nan
2.0466271211e-04,1.5692296685e-04,2.0049341472e+00,-5.9816623077e+00,-1.1332452871e+01,1.5514163578e+01,4.2933471563e+00,-1.3620865880e+01,4.2933541221e+00,1.3620865880e+01,0.0000000000e+00,nan,nan,nan,nan,nan,nan
1.6179613974e-04,1.6163338871e-04,4.9204513204e+00,-4.7316822072e+00,-1.2968845242e+01,1.7521717687e+01,6.0919714626e+00,-1.4140365384e+01,6.0920922548e+00,1.4140365384e+01,0.0000000000e+00,nan,nan,nan,nan,nan,nan
-2.5282071600e-04,7.7760213137e-05,-9.4298749940e+00,2.3790635411e+01,-1.7654611551e+01,4.1799065549e+01,1.0590458474e+01,-3.7674945019e+01,1.0590458474e+01,3.7674945019e+01,1.0000000000e+00,1.5351882083e+01,1.4219750895e+01,5.7861012757e+00,2.2960950543e+01,-3.7689849651e-01,9.2625456724e-01
-2.5774238238e-04,7.6743113067e-05,-1.1298131901e+01,2.3794925829e+01,-1.6652296816e+01,4.1460023726e+01,9.9617415003e+00,-3.7912170217e+01,9.9617415003e+00,3.7912170217e+01,1.0000000000e+00,1.5097186005e+01,1.3944329466e+01,5.7862510327e+00,2.3000752828e+01,-3.8326685720e-01,9.2363765416e-01
-1.6311991199e-04,1.0582988204e-04,-3.6879809434e+00,1.3939606089e+01,-2.7996766116e+01,3.2029819599e+01,2.6500514377e+00,-3.4334798497e+01,2.6757127997e+00,3.4334798497e+01,1.0000000000e+00,1.8658685592e+01,1.8189059376e+01,4.1598878643e+00,2.1854993255e+01,-2.2294645803e-01,9.7483069138e-01
-2.9308676179e-04,5.9591681234e-05,-2.0712039974e+00,3.0819999898e+01,-7.2176146127e+00,5.3493584536e+01,2.6240126127e+01,-3.5528944737e+01,2.6240126127e+01,3.5528944737e+01,0.0000000000e+00,nan,nan,nan,nan,nan,nan
3.2111761568e-04,1.0328132593e-04,-4.0732332467e+00,-8.8685776719e+00,-3.2175168138e+00,1.5376685349e+01,5.2323583952e+00,-1.2523108456e+01,5.2323583952e+00,1.2523108456e+01,0.0000000000e+00,nan,nan,nan,nan,nan,nan
3.4430916999e-04,8.0925859004e-05,-5.0183362725e+00,-9.8940403057e+00,9.4847753949e-01,1.7894738609e+01,8.2966027866e+00,-1.2366461520e+01,8.2966027866e+00,1.2366461520e+01,0.0000000000e+00,nan,nan,nan,nan,nan,nan
1.1281808522e-04,1.5554399539e-04,1.7795265452e+00,-1.3619207188e+00,-1.6936466726e+01,1.6381606985e+01,1.8794551122e+00,-1.7036395293e+01,1.8340405654e+00,1.7036395287e+01,0.0000000000e+00,nan,nan,nan,nan,nan,nan
6.3461994111e-05,1.3427204878e-04,-3.3156420764e+01,-6.3320930094e+00,-3.9036757796e+01,1.1700668759e+01,-2.9341205022e+01,-4.2851973538e+01,-6.7524390824e-02,4.2851913441e+01,0.0000000000e+00,nan,nan,nan,nan,nan,nan
6.7233662457e-05,1.3763950425e-04,-3.0948359766e+01,-2.3340199520e+00,-3.5382419735e+01,9.4312778189e-01,-3.2620874672e+01,-3.3709904830e+01,2.7082127856e-01,3.3783619758e+01,0.0000000000e+00,nan,nan,nan,nan,nan,nan
-3.1191317813e-04,5.2602450798e-05,3.7853426654e+01,2.7720861121e+01,-4.5133512965e+00,6.0133974006e+01,5.1388403759e+01,-1.8048328401e+01,5.1388403758e+01,1.8048328401e+01,1.0000000000e+00,8.6507836614e+00,8.2509540194e+00,2.5995799132e+00,2.3035315547e+01,-3.0050224523e-01,9.5378110728e-01
-3.0629319416e-04,5.4147496271e-05,1.8142115205e+01,3.2395121520e+01,-4.8560707188e+00,5.9223316979e+01,4.0835620243e+01,-2.7549575757e+01,4.0835620243e+01,2.7549575757e+01,1.0000000000e+00,9.2583168255e+00,8.6641925238e+00,3.2631577270e+00,2.3165564347e+01,-3.5245690858e-01,9.3582804382e-01
-3.0192173928e-04,5.3538460724e-05,2.1032630312e+01,3.2794787295e+01,-5.0284669180e+00,6.1002799224e+01,4.3222064250e+01,-2.7217900857e+01,4.3222064250e+01,2.7217900857e+01,0.0000000000e+00,nan,nan,nan,nan,nan,nan
-2.8553352829e-04,6.3524630753e-05,-7.5607003800e+00,2.8805476317e+01,-9.4267189613e+00,4.9875028276e+01,2.0301651331e+01,-3.7289070672e+01,2.0301651331e+01,3.7289070672e+01,1.0000000000e+00,1.2413766851e+01,1.1267551260e+01,5.2099804252e+00,2.3250856623e+01,-4.1969375514e-01,9.0766577103e-01
3.8087009917e-04,8.4190096236e-06,6.0293896510e+00,-1.7892838683e+01,1.8346210662e+01,3.2760835896e+01,3.1102277580e+01,-6.7266772671e+00,3.1102277580e+01,6.7256711447e+00,0.0000000000e+00,nan,nan,nan,nan,nan,nan
3.6923547346e-04,8.1124530072e-06,3.0667268678e+00,-1.4768291060e+01,9.5135954909e+00,2.6179853517e+01,2.1405106655e+01,-8.8247842962e+00,2.1405106655e+01,8.8245157530e+00,0.0000000000e+00,nan,nan,nan,nan,nan,nan
3.4961607655e-04,7.6520643246e-06,-9.6628508305e-01,-1.3038742496e+01,3.3422911061e-02,2.2594424586e+01,1.2578466031e+01,-1.3511328203e+01,1.2578466031e+01,1.3511328155e+01,0.0000000000e+00,nan,nan,nan,nan,nan,nan
-2.6192210613e-04,7.3888575540e-05,-9.4583174839e+00,2.5236731626e+01,-1.5494382209e+01,4.4002369020e+01,1.2928429752e+01,-3.7881129445e+01,1.2928429752e+01,3.7881129445e+01,0.0000000000e+00,nan,nan,nan,nan,nan,nan
2.7692063911e-04,5.9523081885e-06,2.3958764568e+01,-2.1441868151e+01,-9.5022916761e+00,4.7100475828e+01,3.4421708844e+01,-1.9965235952e+01,3.4421708851e+01,1.9965235952e+01,0.0000000000e+00,nan,nan,nan,nan,nan,nan
1.5713531253e-04,3.2239341328e-06,2.4349597329e+02,-4.6110976283e+01,-1.3600610237e+01,2.3654489147e+02,2.5151693829e+02,-2.1621575239e+01,2.5151693829e+02,2.1621575239e+01,0.0000000000e+00,nan,nan,nan,nan,nan,nan
1.4919341083e-04,3.1786128513e-06,2.6217333594e+02,-4.7977568476e+01,-1.3644812054e+01,2.5291370083e+02,2.7028405520e+02,-2.1755531310e+01,2.7028405520e+02,2.1755531310e+01,0.0000000000e+00,nan,nan,nan,nan,nan,nan
1.2935392249e-04,3.1702331225e-06,2.7193568257e+02,-4.7410529141e+01,-1.4413367270e+01,2.6122383449e+02,2.7957880881e+02,-2.2056493509e+01,2.7957880881e+02,2.2056493509e+01,0.0000000000e+00,nan,nan,nan,nan,nan,nan
1.2145942370e-04,3.1693587277e-06,2.6375276571e+02,-4.5060688153e+01,-1.5176422757e+01,2.5385267728e+02,2.7085008304e+02,-2.2273740085e+01,2.7085008304e+02,2.2273740085e+01,0.0000000000e+00,nan,nan,nan,nan,nan,nan
9.7854157704e-05,3.1562309364e-06,2.4334688135e+02,-3.6305737998e+01,-1.8777926524e+01,2.3555126809e+02,2.4828006545e+02,-2.3711110630e+01,2.4828006545e+02,2.3711110630e+01,0.0000000000e+00,nan,nan,nan,nan,nan,nan
8.9958210415e-05,3.1573478267e-06,2.3772609172e+02,-3.3242170651e+01,-2.0536243257e+01,2.3095008643e+02,2.4193401880e+02,-2.4744170339e+01,2.4193401880e+02,2.4744170339e+01,0.0000000000e+00,nan,nan,nan,nan,nan,nan
6.6355131719e-05,3.1205791082e-06,2.2493986100e+02,-2.4938225180e+01,-2.7106210140e+01,2.2250861526e+02,2.2738223435e+02,-2.9548583483e+01,2.2738223435e+02,2.9548583483e+01,0.0000000000e+00,nan,nan,nan,nan,nan,nan
5.8474253482e-05,3.1066005170e-06,2.2166561985e+02,-2.2521604345e+01,-2.9543212877e+01,2.2102076189e+02,2.2366759986e+02,-3.1545192887e+01,2.2366759986e+02,3.1545192887e+01,0.0000000000e+00,nan,nan,nan,nan,nan,nan
3.0837366485e-05,3.0574277734e-06,2.1291339252e+02,-1.5335967735e+01,-3.8002264936e+01,2.1891574399e+02,2.1384662751e+02,-3.8935499930e+01,2.1384662751e+02,3.8935499930e+01,0.0000000000e+00,nan,nan,nan,nan,nan,nan
2.2927572231e-05,3.0443763307e-06,2.1102304270e+02,-1.3589290972e+01,-4.0211900682e+01,2.1884437117e+02,2.1175542761e+02,-4.0944285597e+01,2.1175542761e+02,4.0944285597e+01,0.0000000000e+00,nan,nan,nan,nan,nan,nan
-8.2810112897e-07,3.0104575002e-06,2.0657684560e+02,-8.9194985142e+00,-4.5816102728e+01,2.1912342111e+02,2.0689133760e+02,-4.6130594725e+01,2.0689133760e+02,4.6130594725e+01,0.0000000000e+00,nan,nan,nan,nan,nan,nan
-8.7530868251e-06,3.0011315368e-06,2.0544829428e+02,-7.4991347907e+00,-4.7296128013e+01,2.1926764076e+02,2.0567031455e+02,-4.7518148288e+01,2.0567031455e+02,4.7518148288e+01,0.0000000000e+00,nan,nan,nan,nan,nan,nan
3.5353660945e-04,7.9063446743e-06,-3.1905045033e-01,-1.3228411300e+01,1.7929878185e+00,2.2981431532e+01,1.4005304366e+01,-1.2531366997e+01,1.4005304366e+01,1.2531367218e+01,0.0000000000e+00,nan,nan,nan,nan,nan,nan
-6.4261524707e-05,2.9607581139e-06,2.0167234399e+02,1.7753677838e+00,-5.2660744134e+01,2.2028000561e+02,2.0168452051e+02,-5.2672920606e+01,2.0168452052e+02,5.2672920609e+01,0.0000000000e+00,nan,nan,nan,nan,nan,nan
-7.2191773512e-05,2.9577265913e-06,2.0168209831e+02,3.0977989099e+00,-5.2862384443e+01,2.2050689497e+02,2.0171957210e+02,-5.2899858240e+01,2.0171957210e+02,5.2899858240e+01,0.0000000000e+00,nan,nan,nan,nan,nan,nan
-9.5978551222e-05,2.9512933065e-06,2.0252268062e+02,7.1648475687e+00,-5.2889823843e+01,2.2154110865e+02,2.0272324711e+02,-5.3090390330e+01,2.0272324711e+02,5.3090390330e+01,0.0000000000e+00,nan,nan,nan,nan,nan,nan
-1.0390574335e-04,2.9498832086e-06,2.0307970673e+02,8.5638939135e+00,-5.2735354226e+01,2.2203785871e+02,2.0336579375e+02,-5.3021441246e+01,2.0336579375e+02,5.3021441246e+01,0.0000000000e+00,nan,nan,nan,nan,nan,nan
-1.6331935225e-04,2.9485947062e-06,2.1231111883e+02,2.0105376566e+01,-4.9400433876e+01,2.2930748069e+02,2.1384607818e+02,-5.0935393229e+01,2.1384607818e+02,5.0935393229e+01,0.0000000000e+00,nan,nan,nan,nan,nan,nan
-1.6720811293e-04,2.9351003492e-06,2.1332829335e+02,2.0944014176e+01,-4.9040243301e+01,2.3009436659e+02,2.1498906951e+02,-5.0701019466e+01,2.1498906951e+02,5.0701019466e+01,0.0000000000e+00,nan,nan,nan,nan,nan,nan
1.8930074593e-04,1.5967616348e-04,3.1118573538e+00,-5.5973924876e+00,-1.1920969346e+01,1.6229724741e+01,4.9656799522e+00,-1.3774791944e+01,4.9656502488e+00,1.3774791944e+01,0.0000000000e+00,nan,nan,nan,nan,nan,nan
2.6090983296e-04,1.3866401246e-04,-1.2886507571e+00,-7.2453799222e+00,-8.6422520778e+00,1.4071923468e+01,3.1589773846e+00,-1.3089880220e+01,3.1589773906e+00,1.3089880220e+01,0.0000000000e+00,nan,nan,nan,nan,nan,nan
3.0766801893e-04,1.1548229750e-04,-3.4674298248e+00,-8.3395459452e+00,-4.8740872607e+00,1.4494361469e+01,4.1975649534e+00,-1.2539082039e+01,4.1975649534e+00,1.2539082039e+01,0.0000000000e+00,nan,nan,nan,nan,nan,nan
3.0361869084e-04,1.1484029245e-04,-3.2937885894e+00,-8.3697458729e+00,-5.2995384393e+00,1.4599268580e+01,4.1322281304e+00,-1.2725555159e+01,4.1322281304e+00,1.2725555159e+01,0.0000000000e+00,nan,nan,nan,nan,nan,nan
3.0031338135e-04,1.1832320200e-04,-3.1358523699e+00,-8.2203257848e+00,-5.6285175053e+00,1.4399440797e+01,3.9313360825e+00,-1.2695705958e+01,3.9313360825e+00,1.2695705958e+01,0.0000000000e+00,nan,nan,nan,nan,nan,nan
2.9969838663e-04,1.1428954463e-04,-3.1433304747e+00,-8.3718674488e+00,-5.7107600490e+00,1.4668853135e+01,4.0420210443e+00,-1.2896111568e+01,4.0420210443e+00,1.2896111568e+01,0.0000000000e+00,nan,nan,nan,nan,nan,nan
3.8049137489e-04,4.2505513251e-06,7.8030693110e+00,-1.6217478672e+01,1.6358389925e+01,2.9045718273e+01,2.8850282882e+01,-4.6888236459e+00,2.8850282882e+01,4.7084171345e+00,0.0000000000e+00,nan,nan,nan,nan,nan,nan
3.8462838500e-04,8.7034646704e-06,6.6055607282e+00,-1.9712156378e+01,2.3035928017e+01,3.6933665503e+01,3.6144406093e+01,-6.5029173476e+00,3.6144406093e+01,6.5420041239e+00,0.0000000000e+00,nan,nan,nan,nan,nan,nan
3.6870162411e-04,3.9858466976e-06,3.1478422100e+00,-1.3481733559e+01,8.6116226392e+00,2.3824790290e+01,1.9634981512e+01,-7.8755166629e+00,1.9634981512e+01,7.8754914494e+00,0.0000000000e+00,nan,nan,nan,nan,nan,nan
3.2511917913e-04,6.9059000394e-06,-1.4822585006e+00,-1.1524693891e+01,-8.2130866062e+00,2.0772091374e+01,7.1450999932e+00,-1.6840445100e+01,7.1450999932e+00,1.6840445100e+01,0.0000000000e+00,nan,nan,nan,nan,nan,nan
-3.2814826374e-04,4.4460150111e-05,3.8548906266e+01,2.7818739352e+01,-3.1410623911e+00,6.0254868616e+01,5.2492086553e+01,-1.7084242678e+01,5.2492086553e+01,1.7084242670e+01,0.0000000000e+00,nan,nan,nan,nan,nan,nan
-3.2356570581e-04,4.0588359786e-05,4.4952144153e+01,3.0244592423e+01,-2.2720860456e+00,6.6506522493e+01,5.9737587718e+01,-1.7057529610e+01,5.9737587718e+01,1.7057529611e+01,0.0000000000e+00,nan,nan,nan,nan,nan,nan
3.1700105171e-04,6.4088345227e-06,1.0538193794e+01,-1.6193349498e+01,-7.4911432799e+00,3.2107042332e+01,2.0060534791e+01,-1.7013484276e+01,2.0060534791e+01,1.7013484276e+01,0.0000000000e+00,nan,nan,nan,nan,nan,nan
-3.1110303054e-04,3.9914940290e-05,5.0776637205e+01,3.1959526386e+01,-2.0868070444e+00,7.1872321319e+01,6.5840419141e+01,-1.7150588981e+01,6.5840419141e+01,1.7150588981e+01,0.0000000000e+00,nan,nan,nan,nan,nan,nan
-2.6218831952e-04,4.8940427724e-05,5.1719604533e+01,4.2395273375e+01,-1.3068062935e+01,9.2405692720e+01,7.2676222365e+01,-3.4024680767e+01,7.2676222365e+01,3.4024680767e+01,0.0000000000e+00,nan,nan,nan,nan,nan,nan
2.7646633578e-04,2.9473424071e-06,2.3687243084e+01,-2.1817824068e+01,-9.8387415381e+00,4.7647333893e+01,3.4433451822e+01,-2.0584950276e+01,3.4433451819e+01,2.0584950276e+01,0.0000000000e+00,nan,nan,nan,nan,nan,nan
2.8095379201e-04,6.0753537852e-06,2.3523827483e+01,-2.1692036828e+01,-7.9154654794e+00,4.6395927822e+01,3.4590882419e+01,-1.8982520415e+01,3.4590882411e+01,1.8982520415e+01,0.0000000000e+00,nan,nan,nan,nan,nan,nan
2.8443977157e-04,3.1562146822e-06,2.3498380427e+01,-2.2006477230e+01,-6.7655836648e+00,4.6256249514e+01,3.5072456489e+01,-1.8339659727e+01,3.5072456493e+01,1.8339659727e+01,0.0000000000e+00,nan,nan,nan,nan,nan,nan
2.8483275845e-04,6.2496807462e-06,2.3133424798e+01,-2.1795132307e+01,-6.5682326235e+00,4.5678109735e+01,3.4654865039e+01,-1.8089672864e+01,3.4654865020e+01,1.8089672864e+01,0.0000000000e+00,nan,nan,nan,nan,nan,nan
-3.2487216864e-04,4.8644972725e-05,3.4528693464e+01,2.4958660641e+01,-4.6548337922e+00,5.4953634886e+01,4.6664425730e+01,-1.6790566058e+01,4.6664425730e+01,1.6790566061e+01,0.0000000000e+00,nan,nan,nan,nan,nan,nan
-3.2042640912e-04,4.8906591572e-05,4.0380029024e+01,2.7784008900e+01,-2.9649958640e+00,6.1341035701e+01,5.4122780054e+01,-1.6707746895e+01,5.4122780054e+01,1.6707746894e+01,0.0000000000e+00,nan,nan,nan,nan,nan,nan
-2.3997711111e-04,2.9491240495e-05,1.2975486712e+02,4.7853648272e+01,-2.4502774789e+01,1.5720987674e+02,1.4339121082e+02,-3.8139118494e+01,1.4339121082e+02,3.8139118494e+01,0.0000000000e+00,nan,nan,nan,nan,nan,nan
-2.3623998698e-04,2.5687490722e-05,1.4601604555e+02,4.7163425030e+01,-2.7265286145e+01,1.7085478845e+02,1.5801843781e+02,-3.9267678400e+01,1.5801843781e+02,3.9267678400e+01,0.0000000000e+00,nan,nan,nan,nan,nan,nan
-2.1841402842e-04,4.8997649077e-05,7.0907053674e+01,3.7321015255e+01,-2.6745273124e+01,1.0644119758e+02,8.3534744353e+01,-3.9372963803e+01,8.3534744353e+01,3.9372963803e+01,0.0000000000e+00,nan,nan,nan,nan,nan,nan
-2.2138634881e-04,4.9250706539e-05,6.9297853139e+01,3.7876264765e+01,-2.5898891509e+01,1.0535555249e+02,8.2526537405e+01,-3.9127575775e+01,8.2526537405e+01,3.9127575775e+01,0.0000000000e+00,nan,nan,nan,nan,nan,nan
3.5679755315e-04,4.1245315378e-06,-1.7737506046e-01,-1.2587298622e+01,3.0704122328e+00,2.1978965156e+01,1.4136080036e+01,-1.1243042863e+01,1.4136080036e+01,1.1243042274e+01,0.0000000000e+00,nan,nan,nan,nan,nan,nan
-2.9252892411e-04,3.2723481418e-06,2.9552049943e+02,7.5630987902e+01,1.2537494007e+00,2.8652478310e+02,3.1381228507e+02,-1.7038036236e+01,3.1381228507e+02,1.7038036236e+01,0.0000000000e+00,nan,nan,nan,nan,nan,nan
-1.8236821583e-04,4.8804207377e-05,7.9049096343e+01,2.8528344142e+01,-3.4604238106e+01,1.1013113260e+02,8.5806668174e+01,-4.1361809937e+01,8.5806668174e+01,4.1361809937e+01,0.0000000000e+00,nan,nan,nan,nan,nan,nan
-1.9475155978e-04,2.4742351487e-05,1.4753379134e+02,3.3041242791e+01,-3.9308491676e+01,1.7162993009e+02,1.5320323617e+02,-4.4977936505e+01,1.5320323617e+02,4.4977936505e+01,0.0000000000e+00,nan,nan,nan,nan,nan,nan
-1.4363925602e-04,5.8447254099e-05,6.3156908975e+01,1.7950936746e+01,-3.7564571221e+01,9.2601370279e+01,6.6259594935e+01,-4.0667257181e+01,6.6259594935e+01,4.0667257181e+01,0.0000000000e+00,nan,nan,nan,nan,nan,nan
-1.1831658236e-04,5.7858696590e-05,6.6017099125e+01,1.2136913348e+01,-3.9983930091e+01,9.4174497337e+01,6.7388255905e+01,-4.1355086871e+01,6.7388255905e+01,4.1355086871e+01,0.0000000000e+00,nan,nan,nan,nan,nan,nan
1.7618979433e-04,1.3685396691e-04,-3.5721443078e+00,-4.3269641250e+00,-1.3504656360e+01,1.1408080011e+01,-1.9519422685e+00,-1.5124858399e+01,-1.4684035142e-03,1.5124858399e+01,0.0000000000e+00,nan,nan,nan,nan,nan,nan
-5.5247724204e-05,5.9181489837e-05,6.5590953465e+01,-1.0905785843e+00,-4.1799853475e+01,9.3021653264e+01,6.5601626547e+01,-4.1810526558e+01,6.5601626547e+01,4.1810526558e+01,0.0000000000e+00,nan,nan,nan,nan,nan,nan
-5.4432816767e-05,2.5718838006e-05,1.3949861061e+02,-5.8406482685e-01,-4.8104484651e+01,1.6247160365e+02,1.3950008708e+02,-4.8105961127e+01,1.3950008708e+02,4.8105961127e+01,0.0000000000e+00,nan,nan,nan,nan,nan,nan
-5.0760315195e-05,2.5729830452e-05,1.3957309379e+02,-1.2891698084e+00,-4.7914228187e+01,1.6238356481e+02,1.3958162766e+02,-4.7922762054e+01,1.3958162766e+02,4.7922762054e+01,0.0000000000e+00,nan,nan,nan,nan,nan,nan
3.8827205479e-04,4.3458513814e-06,1.2228835402e+01,-2.0750410653e+01,2.5390214496e+01,3.7647902232e+01,4.0545551437e+01,-2.9265015388e+00,4.0545551437e+01,2.7206604339e+00,0.0000000000e+00,nan,nan,nan,nan,nan,nan
3.8872016778e-04,9.1816957836e-06,5.4175606569e+00,-2.1867250750e+01,3.0199267439e+01,4.3397853274e+01,4.2864176318e+01,-7.2473482220e+00,4.2864176318e+01,7.2921274424e+00,0.0000000000e+00,nan,nan,nan,nan,nan,nan
2.8835069649e-04,3.2722271108e-06,2.3205176917e+01,-2.2120179245e+01,-5.6420823938e+00,4.5736618869e+01,3.5187596477e+01,-1.7624501954e+01,3.5187596483e+01,1.7624501954e+01,0.0000000000e+00,nan,nan,nan,nan,nan,nan
1.7199696682e-04,1.3163058570e-04,-5.1443865272e+00,-3.4918846023e+00,-1.4232320199e+01,9.9241254197e+00,-3.9586568805e+00,-1.5418049846e+01,-6.1733789090e-05,1.5418049846e+01,0.0000000000e+00,nan,nan,nan,nan,nan,nan
1.3864410668e-04,1.2883304835e-04,-9.7046155851e+00,-9.7392924173e-01,-1.6894048222e+01,6.4518322571e+00,-9.5743648133e+00,-1.7024298994e+01,1.1009583506e-06,1.7024298994e+01,0.0000000000e+00,nan,nan,nan,nan,nan,nan
1.3850133654e-04,1.2507018055e-04,-1.0044398305e+01,-6.3867212809e-01,-1.6963615168e+01,6.0961585495e+00,-9.9843879572e+00,-1.7023625516e+01,3.6353444473e-07,1.7023625516e+01,0.0000000000e+00,nan,nan,nan,nan,nan,nan
-1.3241277815e-05,3.0803508115e-05,1.2718061824e+02,-8.3483750813e+00,-4.2848774576e+01,1.4795739760e+02,1.2758916516e+02,-4.3257321498e+01,1.2758916516e+02,4.3257321498e+01,0.0000000000e+00,nan,nan,nan,nan,nan,nan
8.0850294266e-06,3.1170936672e-05,1.2571235832e+02,-1.2399904834e+01,-3.8027885527e+01,1.4341952411e+02,1.2664553725e+02,-3.8961064454e+01,1.2664553725e+02,3.8961064454e+01,0.0000000000e+00,nan,nan,nan,nan,nan,nan
1.3656466144e-04,7.7922855421e-05,4.6294086456e+00,-3.0376590191e+00,-1.8439489156e+01,2.0656065953e+01,5.0207449827e+00,-1.8830825494e+01,5.0238056429e+00,1.8830825494e+01,0.0000000000e+00,nan,nan,nan,nan,nan,nan
-7.7411882454e-05,9.4929068902e-05,1.2690808664e+01,3.0610208458e+00,-3.4874974438e+01,4.1531579996e+01,1.2886186004e+01,-3.5070351778e+01,1.2886207828e+01,3.5070351778e+01,0.0000000000e+00,nan,nan,nan,nan,nan,nan
-2.2235465498e-04,1.5314583684e-05,1.8767507331e+02,4.0657626167e+01,-3.5999608687e+01,2.0610778772e+02,1.9483411904e+02,-4.3158654412e+01,1.9483411904e+02,4.3158654412e+01,0.0000000000e+00,nan,nan,nan,nan,nan,nan
1.0501041367e-04,9.1595279123e-05,4.5036118662e-01,1.0783496323e+00,-2.2770600761e+01,2.0202626069e+01,5.0387181233e-01,-2.2824111386e+01,5.0227450628e-01,2.2824111386e+01,0.0000000000e+00,nan,nan,nan,nan,nan,nan
1.0076963641e-04,3.5677753800e-05,6.7327140189e+01,-1.6648844676e+01,-1.9769555596e+01,8.0754805813e+01,7.0402601171e+01,-2.2845016578e+01,7.0402601171e+01,2.2845016578e+01,0.0000000000e+00,nan,nan,nan,nan,nan,nan
1.0801406104e-04,3.6426799206e-05,6.0450581513e+01,-1.4962516251e+01,-2.0180167438e+01,7.4484674140e+01,6.3138953702e+01,-2.2868539628e+01,6.3138953702e+01,2.2868539628e+01,0.0000000000e+00,nan,nan,nan,nan,nan,nan
1.3050093870e-04,3.9139174917e-05,4.3267872606e+01,-1.0776442929e+01,-2.1165205732e+01,5.8841637437e+01,4.5023568650e+01,-2.2920901777e+01,4.5023568650e+01,2.2920901777e+01,0.0000000000e+00,nan,nan,nan,nan,nan,nan
9.1601588635e-05,8.7112387630e-05,5.0806250824e+00,4.4870680145e-01,-2.2696792992e+01,2.4075020692e+01,5.0916357224e+00,-2.2707803632e+01,5.0926859328e+00,2.2707803632e+01,0.0000000000e+00,nan,nan,nan,nan,nan,nan
1.8862602515e-04,4.8075691549e-05,2.0361688321e+01,-9.8053203159e+00,-1.4767620550e+01,3.4842078542e+01,2.2913117311e+01,-1.7319049539e+01,2.2913137906e+01,1.7319049540e+01,0.0000000000e+00,nan,nan,nan,nan,nan,nan
7.5677821197e-05,8.2352086247e-05,1.1820672484e+01,-5.9493837856e-01,-2.2609279157e+01,2.9840039632e+01,1.1833851578e+01,-2.2622458249e+01,1.1833853669e+01,2.2622458249e+01,0.0000000000e+00,nan,nan,nan,nan,nan,nan
7.2593242513e-05,8.1508805126e-05,1.3260363922e+01,-8.3533261459e-01,-2.2593746792e+01,3.1088791481e+01,1.3282430695e+01,-2.2615813565e+01,1.3282430046e+01,2.2615813565e+01,0.0000000000e+00,nan,nan,nan,nan,nan,nan
2.8855201783e-04,1.1526594456e-04,-2.7867751153e+00,-8.2012237301e+00,-6.8088890075e+00,1.4624820891e+01,3.6458122167e+00,-1.3241476340e+01,3.6458122165e+00,1.3241476340e+01,0.0000000000e+00,nan,nan,nan,nan,nan,nan
2.8075024697e-04,1.1351968584e-04,-2.6580769074e+00,-8.0682897477e+00,-7.5789573782e+00,1.4609220481e+01,3.3161202346e+00,-1.3553154520e+01,3.3161202332e+00,1.3553154520e+01,0.0000000000e+00,nan,nan,nan,nan,nan,nan
2.7239254449e-04,1.0794554516e-04,-2.7058972223e+00,-7.8467651194e+00,-8.5164522528e+00,1.4491940343e+01,2.7557509203e+00,-1.3978100395e+01,2.7557508214e+00,1.3978100395e+01,0.0000000000e+00,nan,nan,nan,nan,nan,nan
5.0860653043e-05,1.3277470846e-04,-5.0911873790e+01,-1.3794776512e+01,-3.9181987902e+01,2.5832160314e+01,-3.0132726135e+01,-5.9961135557e+01,-2.2603355944e-05,5.9961135383e+01,0.0000000000e+00,nan,nan,nan,nan,nan,nan
-3.6156857929e-05,2.5790180960e-05,1.3984314022e+02,-4.0476173860e+00,-4.6814616921e+01,1.6180173760e+02,1.3993053841e+02,-4.6902015111e+01,1.3993053841e+02,4.6902015111e+01,0.0000000000e+00,nan,nan,nan,nan,nan,nan
-1.7869488501e-05,2.5923835978e-05,1.3995157794e+02,-7.4531553933e+00,-4.4517708719e+01,1.6027519003e+02,1.4025185872e+02,-4.4817989498e+01,1.4025185872e+02,4.4817989498e+01,0.0000000000e+00,nan,nan,nan,nan,nan,nan
2.6001352053e-04,1.0150025790e-04,-2.9678183047e+00,-7.2301660171e+00,-9.8864053907e+00,1.3881894320e+01,1.5876035745e+00,-1.4441827270e+01,1.5874569685e+00,1.4441827270e+01,0.0000000000e+00,nan,nan,nan,nan,nan,nan
2.5550399188e-04,9.6814860550e-05,-3.1776983495e+00,-6.8738143684e+00,-1.0526323074e+01,1.3499196248e+01,9.4175387638e-01,-1.4645775299e+01,9.3977756266e-01,1.4645775299e+01,0.0000000000e+00,nan,nan,nan,nan,nan,nan
-3.3085626714e-06,2.6086594752e-05,1.3969883232e+02,-1.0225078794e+01,-4.1802420041e+01,1.5817853885e+02,1.4027262813e+02,-4.2376215844e+01,1.4027262813e+02,4.2376215844e+01,0.0000000000e+00,nan,nan,nan,nan,nan,nan
3.9387274019e-06,2.6189080587e-05,1.3942108387e+02,-1.1672162437e+01,-4.0118806103e+01,1.5679407299e+02,1.4017623914e+02,-4.0873961364e+01,1.4017623914e+02,4.0873961365e+01,0.0000000000e+00,nan,nan,nan,nan,nan,nan
-1.4809847128e-04,7.3825591790e-06,1.9539373779e+02,1.7747581168e+01,-4.9699972274e+01,2.1447086451e+02,1.9667169412e+02,-5.0977928603e+01,1.9667169412e+02,5.0977928603e+01,0.0000000000e+00,nan,nan,nan,nan,nan,nan
-7.3067731974e-05,9.6875545793e-05,1.0252656815e+01,2.3939381661e+00,-3.4722152007e+01,3.9168014657e+01,1.0378916210e+01,-3.4848411402e+01,1.0378475408e+01,3.4848411402e+01,0.0000000000e+00,nan,nan,nan,nan,nan,nan
-1.4030345054e-04,7.3777530135e-06,1.9414075538e+02,1.6088036971e+01,-5.0248555867e+01,2.1347304412e+02,1.9519481924e+02,-5.1302619727e+01,1.9519481924e+02,5.1302619727e+01,0.0000000000e+00,nan,nan,nan,nan,nan,nan
-1.1298974356e-04,7.3671562401e-06,1.9097820678e+02,1.0606629003e+01,-5.1642769394e+01,2.1091695653e+02,1.9144068032e+02,-5.2105242940e+01,1.9144068032e+02,5.2105242940e+01,0.0000000000e+00,nan,nan,nan,nan,nan,nan
-8.9547573198e-05,7.3657873949e-06,1.8961459160e+02,6.2229914573e+00,-5.2176081943e+01,2.0967362085e+02,1.8977437627e+02,-5.2335866609e+01,1.8977437627e+02,5.2335866609e+01,0.0000000000e+00,nan,nan,nan,nan,nan,nan
-8.1728818363e-05,7.3671901247e-06,1.8941070399e+02,4.8104590364e+00,-5.2198277552e+01,2.0940489291e+02,1.8950618451e+02,-5.2293758070e+01,1.8950618451e+02,5.2293758070e+01,0.0000000000e+00,nan,nan,nan,nan,nan,nan
-5.8270788145e-05,7.3791244923e-06,1.8949387804e+02,6.7537658301e-01,-5.1684037732e+01,2.0886906134e+02,1.8949552894e+02,-5.1685688638e+01,1.8949552894e+02,5.1685688638e+01,0.0000000000e+00,nan,nan,nan,nan,nan,nan
-5.0447260430e-05,7.3858494373e-06,1.8974208040e+02,-6.8239264892e-01,-5.1281830687e+01,2.0873575752e+02,1.8974377065e+02,-5.1283520938e+01,1.8974377065e+02,5.1283520938e+01,0.0000000000e+00,nan,nan,nan,nan,nan,nan
4.9839116918e-05,1.2024586650e-04,-1.7888816216e+01,-2.5614379469e+00,-3.4183423882e+01,1.4684305044e+01,-1.7558132579e+01,-3.4514107519e+01,-1.8964226906e-03,3.4514107523e+01,0.0000000000e+00,nan,nan,nan,nan,nan,nan
4.4977748091e-05,1.1854115438e-04,-1.7943199320e+01,-4.1129956959e+00,-3.4861627777e+01,1.6216865799e+01,-1.7039601715e+01,-3.5765225383e+01,6.6385802355e-05,3.5765225383e+01,0.0000000000e+00,nan,nan,nan,nan,nan,nan
-3.4887014732e-04,5.6012222155e-06,1.2217781294e+02,6.3536096926e+01,9.5317278078e+00,1.4704956551e+02,1.5075387660e+02,-1.9044335857e+01,1.5075387660e+02,1.9044336401e+01,0.0000000000e+00,nan,nan,nan,nan,nan,nan
-3.5384038137e-06,7.4709272575e-06,1.9330724462e+02,-9.0298389705e+00,-4.5517674705e+01,2.0741832285e+02,1.9364780949e+02,-4.5858239578e+01,1.9364780949e+02,4.5858239578e+01,0.0000000000e+00,nan,nan,nan,nan,nan,nan
4.2646295492e-06,7.4942749568e-06,1.9423399477e+02,-1.0545096116e+01,-4.3894514300e+01,2.0703186193e+02,1.9469964145e+02,-4.4360160980e+01,1.9469964145e+02,4.4360160980e+01,0.0000000000e+00,nan,nan,nan,nan,nan,nan
2.7627783295e-05,7.5808046609e-06,1.9770456300e+02,-1.5598348552e+01,-3.7875959066e+01,2.0579865826e+02,1.9873221272e+02,-3.8903608779e+01,1.9873221272e+02,3.8903608779e+01,0.0000000000e+00,nan,nan,nan,nan,nan,nan
1.1321960287e-04,3.0383180224e-05,7.3752117358e+01,-1.8453678315e+01,-1.9352400417e+01,8.6737816742e+01,7.7277960315e+01,-2.2878243375e+01,7.7277960315e+01,2.2878243375e+01,0.0000000000e+00,nan,nan,nan,nan,nan,nan
3.5389582746e-05,7.6136528268e-06,1.9916403342e+02,-1.7514225046e+01,-3.5549136236e+01,2.0551734955e+02,2.0046294568e+02,-3.6848048493e+01,2.0046294568e+02,3.6848048493e+01,0.0000000000e+00,nan,nan,nan,nan,nan,nan
2.6175301153e-04,8.7250794515e-05,-3.1437824756e+00,-7.0116571332e+00,-1.0571990904e+01,1.3742085192e+01,1.0761098952e+00,-1.4791883274e+01,1.0758270319e+00,1.4791883274e+01,0.0000000000e+00,nan,nan,nan,nan,nan,nan
3.8115790837e-04,1.2716835480e-05,3.3569955791e+00,-1.8425358389e+01,2.0163004147e+01,3.5050967975e+01,3.1996685658e+01,-8.4766859326e+00,3.1996685658e+01,8.4720856912e+00,0.0000000000e+00,nan,nan,nan,nan,nan,nan
1.2069521351e-04,3.1072033455e-05,6.5767532242e+01,-1.6532950934e+01,-1.9814933228e+01,7.9458704088e+01,6.8851803702e+01,-2.2899204688e+01,6.8851803702e+01,2.2899204688e+01,0.0000000000e+00,nan,nan,nan,nan,nan,nan
3.4890450328e-04,3.7557462776e-06,-1.9852330216e+00,-1.2387835737e+01,-3.4335889841e-01,2.1495343935e+01,1.1246046647e+01,-1.3574638567e+01,1.1246046647e+01,1.3574638574e+01,0.0000000000e+00,nan,nan,nan,nan,nan,nan
5.4823098695e-05,1.2461350371e-04,-2.2479453382e+01,-2.6539583324e+00,-3.4756991346e+01,1.1337705532e+01,-2.2072395023e+01,-3.5164049705e+01,-1.1446983671e-03,3.5164049496e+01,0.0000000000e+00,nan,nan,nan,nan,nan,nan
6.2434388198e-05,7.7400349723e-06,2.0627278382e+02,-2.5520979767e+01,-2.6820977179e+01,2.0664553841e+02,2.0903276055e+02,-2.9580953906e+01,2.0903276055e+02,2.9580953906e+01,0.0000000000e+00,nan,nan,nan,nan,nan,nan
-2.3875478386e-04,7.3626926537e-05,7.2969853631e+00,2.7994849531e+01,-1.9546613698e+01,5.3766696427e+01,2.4917402488e+01,-3.7167030823e+01,2.4917402488e+01,3.7167030823e+01,0.0000000000e+00,nan,nan,nan,nan,nan,nan
8.5455812163e-05,7.8366738894e-06,2.1702242195e+02,-3.4484974556e+01,-1.9773583814e+01,2.1358805106e+02,2.2193953784e+02,-2.4690699705e+01,2.2193953784e+02,2.4690699705e+01,0.0000000000e+00,nan,nan,nan,nan,nan,nan
-1.4020778004e-04,8.7099940882e-05,1.9712983617e+01,1.4147987065e+01,-3.2153805220e+01,5.1165679408e+01,2.3320107978e+01,-3.5760929581e+01,2.3320108023e+01,3.5760929581e+01,0.0000000000e+00,nan,nan,nan,nan,nan,nan
1.0841230961e-04,7.8786662990e-06,2.3818176258e+02,-4.5375866536e+01,-1.5007423627e+01,2.3292306584e+02,2.4606536424e+02,-2.2891025288e+01,2.4606536424e+02,2.2891025288e+01,0.0000000000e+00,nan,nan,nan,nan,nan,nan
3.5652897556e-04,6.3554513816e-05,-5.2165131107e+00,-1.0983419819e+01,4.6058759356e+00,2.0834279235e+01,1.1723358137e+01,-1.2333995312e+01,1.1723358137e+01,1.2333995312e+01,0.0000000000e+00,nan,nan,nan,nan,nan,nan
1.5553190480e-04,3.5039959267e-05,3.9743533648e+01,-1.1629192880e+01,-1.8184898194e+01,5.4060458370e+01,4.1991137920e+01,-2.0432502465e+01,4.1991137920e+01,2.0432502465e+01,0.0000000000e+00,nan,nan,nan,nan,nan,nan
3.5306540170e-04,6.2725564274e-05,-4.7520377116e+00,-1.1288747103e+01,3.7434085097e+00,2.0886091787e+01,1.1554276114e+01,-1.2562905316e+01,1.1554276114e+01,1.2562905316e+01,0.0000000000e+00,nan,nan,nan,nan,nan,nan
1.1611113110e-04,7.8879036799e-06,2.3256319227e+02,-4.5423032887e+01,-1.4634958935e+01,2.2807820162e+02,2.4064512777e+02,-2.2716894435e+01,2.4064512777e+02,2.2716894435e+01,0.0000000000e+00,nan,nan,nan,nan,nan,nan
-4.1289194087e-05,4.5411979667e-05,9.2938122795e+01,-3.4129472166e+00,-4.3665015507e+01,1.1844879925e+02,9.3022999776e+01,-4.3749892488e+01,9.3022999776e+01,4.3749892488e+01,0.0000000000e+00,nan,nan,nan,nan,nan,nan
1.6331599540e-04,3.6075813102e-05,3.5731927891e+01,-1.1299212555e+01,-1.7216615576e+01,4.9856948489e+01,3.8042578789e+01,-1.9527266474e+01,3.8042578789e+01,1.9527266474e+01,0.0000000000e+00,nan,nan,nan,nan,nan,nan
-2.7716810266e-05,4.5582208678e-05,9.2546435341e+01,-5.6916550724e+00,-4.2428322317e+01,1.1730600305e+02,9.2785708948e+01,-4.2667595924e+01,9.2785708948e+01,4.2667595924e+01,0.0000000000e+00,nan,nan,nan,nan,nan,nan
2.2983426346e-04,1.0522549072e-04,-3.8205870026e+00,-5.6273766719e+00,-1.1977572359e+01,1.2036850964e+01,-9.4960053632e-01,-1.4848558825e+01,-1.9424795422e-03,1.4848558825e+01,0.0000000000e+00,nan,nan,nan,nan,nan,nan
-1.3936940967e-04,6.7608265694e-05,4.7474103205e+01,1.6120306836e+01,-3.5953758038e+01,7.7456355606e+01,5.0479620343e+01,-3.8959275176e+01,5.0479620343e+01,3.8959275176e+01,0.0000000000e+00,nan,nan,nan,nan,nan,nan
2.8272668527e-04,7.3234580055e-05,-2.6443116307e+00,-8.1649346573e+00,-9.3291862257e+00,1.5279726561e+01,2.8350053149e+00,-1.4808503171e+01,2.8350080196e+00,1.4808503171e+01,0.0000000000e+00,nan,nan,nan,nan,nan,nan
3.6601808337e-04,4.8746859103e-05,-5.1051473019e+00,-1.2160122251e+01,8.8035727968e+00,2.4255124503e+01,1.5852915408e+01,-1.2154489913e+01,1.5852915408e+01,1.2154489961e+01,0.0000000000e+00,nan,nan,nan,nan,nan,nan
3.3625432508e-04,4.4350842690e-05,-1.6376322494e+00,-1.2474922976e+01,-1.5659856181e+00,2.1603104578e+01,1.0870749309e+01,-1.4074367177e+01,1.0870749309e+01,1.4074367177e+01,0.0000000000e+00,nan,nan,nan,nan,nan,nan
2.1673244978e-04,9.4528877722e-05,-4.9385190950e+00,-4.1254557081e+00,-1.3711644334e+01,1.0427821729e+01,-3.3045760324e+00,-1.5345587397e+01,2.8801504195e-06,1.5345587397e+01,0.0000000000e+00,nan,nan,nan,nan,nan,nan
3.7355733812e-05,1.0537396953e-04,-3.9830498126e-01,-1.4742118334e+00,-3.1308469769e+01,2.6876376385e+01,-3.3630423405e-01,-3.1370470516e+01,-1.3985340904e-01,3.1370470516e+01,0.0000000000e+00,nan,nan,nan,nan,nan,nan
3.2101445022e-05,1.0414772931e-04,-1.9417428467e-01,-3.0489272885e+00,-3.2482443292e+01,2.8447360974e+01,8.5782727672e-02,-3.2762400304e+01,3.9847269288e-02,3.2762400304e+01,0.0000000000e+00,nan,nan,nan,nan,nan,nan
1.9449696492e-04,4.0529400067e-05,2.4254119217e+01,-1.0810981809e+01,-1.4776925196e+01,3.8642091265e+01,2.7048618805e+01,-1.7571424783e+01,2.7048620605e+01,1.7571424783e+01,0.0000000000e+00,nan,nan,nan,nan,nan,nan
3.0170557562e-04,9.9240905878e-05,-3.1774992592e+00,-8.9033522208e+00,-5.7107308414e+00,1.5575058266e+01,4.5481490322e+00,-1.3436379133e+01,4.5481490322e+00,1.3436379133e+01,0.0000000000e+00,nan,nan,nan,nan,nan,nan
1.3706351109e-04,1.0679167210e-04,-6.8489992622e+00,-6.7485768874e-01,-1.6959265443e+01,8.8421630097e+00,-6.7991071588e+00,-1.7009157547e+01,-8.1318558058e-06,1.7009157547e+01,0.0000000000e+00,nan,nan,nan,nan,nan,nan
4.4686751564e-05,9.6605700500e-05,1.1107104870e+01,4.2861348436e+00,-2.2620855590e+01,3.0129263427e+01,1.1638262990e+01,-2.3152013710e+01,1.1637879550e+01,2.3152013710e+01,0.0000000000e+00,nan,nan,nan,nan,nan,nan
1.9731890569e-04,9.2635978326e-05,-6.1736012229e+00,-2.3527909692e+00,-1.5552691714e+01,9.0837939702e+00,-5.6186155745e+00,-1.6107677362e+01,6.5183708371e-06,1.6107677362e+01,0.0000000000e+00,nan,nan,nan,nan,nan,nan
1.9795722185e-04,9.6401864672e-05,-6.0773062877e+00,-2.6616985195e+00,-1.5140443219e+01,9.0981728219e+00,-5.3560422257e+00,-1.5861707281e+01,-6.0205916573e-08,1.5861707281e+01,0.0000000000e+00,nan,nan,nan,nan,nan,nan
1.9457592541e-04,9.8972070131e-05,-6.2598145766e+00,-2.5270286970e+00,-1.5217073266e+01,8.9022610090e+00,-5.5987211316e+00,-1.5878166711e+01,1.3018803733e-06,1.5878166711e+01,0.0000000000e+00,nan,nan,nan,nan,nan,nan
1.9856174989e-04,1.0017718107e-04,-5.9420650131e+00,-2.9774546096e+00,-1.4746740057e+01,9.2016002191e+00,-5.0318561717e+00,-1.5656948899e+01,-2.3286946410e-09,1.5656948899e+01,0.0000000000e+00,nan,nan,nan,nan,nan,nan
-2.2081156556e-04,4.5258429646e-05,8.0513477646e+01,3.8961914004e+01,-2.6942587989e+01,1.1494906617e+02,9.3151319127e+01,-3.9580429469e+01,9.3151319127e+01,3.9580429469e+01,0.0000000000e+00,nan,nan,nan,nan,nan,nan
-2.8001493890e-04,5.7665626315e-05,1.4903362500e+01,3.5023228353e+01,-9.1356787985e+00,6.4113305611e+01,3.9899676104e+01,-3.4131992402e+01,3.9899676104e+01,3.4131992402e+01,0.0000000000e+00,nan,nan,nan,nan,nan,nan
-2.8099795371e-04,6.3717938398e-05,-3.6181072755e+00,2.9837036551e+01,-1.0181405234e+01,5.1961349052e+01,2.3100142608e+01,-3.6899655117e+01,2.3100142608e+01,3.6899655117e+01,0.0000000000e+00,nan,nan,nan,nan,nan,nan
2.6346546033e-04,1.2816165466e-04,-1.9246230011e+00,-7.4705485951e+00,-8.6444039555e+00,1.4187122183e+01,2.9064253330e+00,-1.3475452290e+01,2.9064252753e+00,1.3475452290e+01,0.0000000000e+00,nan,nan,nan,nan,nan,nan
3.6248353682e-04,4.8090751460e-05,-4.4757659619e+00,-1.2594295348e+01,7.5938475630e+00,2.4181172409e+01,1.5520047200e+01,-1.2401965599e+01,1.5520047200e+01,1.2401965598e+01,0.0000000000e+00,nan,nan,nan,nan,nan,nan
3.6661288363e-04,5.3439330448e-05,-5.7006005199e+00,-1.1360423721e+01,8.4319632947e+00,2.3162807026e+01,1.4738734259e+01,-1.2007371484e+01,1.4738734259e+01,1.2007371477e+01,0.0000000000e+00,nan,nan,nan,nan,nan,nan
3.5270035126e-04,5.8578314344e-05,-4.3497454398e+00,-1.1772215756e+01,3.8231729983e+00,2.1578172771e+01,1.2194877637e+01,-1.2721450079e+01,1.2194877637e+01,1.2721450079e+01,0.0000000000e+00,nan,nan,nan,nan,nan,nan
3.0557519949e-04,1.0005057673e-04,-3.3127604232e+00,-8.9555801681e+00,-5.2167718846e+00,1.5597561180e+01,4.7404899919e+00,-1.3270022300e+01,4.7404899919e+00,1.3270022300e+01,0.0000000000e+00,nan,nan,nan,nan,nan,nan
-3.7829450101e-04,3.9746470666e-06,7.5869430133e+01,6.0681749339e+01,3.1691825109e+01,1.1180283384e+02,1.1833002384e+02,-1.0768768595e+01,1.1833002384e+02,1.0818758471e+01,0.0000000000e+00,nan,nan,nan,nan,nan,nan
-2.7144718120e-04,3.9555111165e-05,7.7290796564e+01,4.6507830453e+01,-8.3335611720e+00,1.0948238760e+02,9.7688303651e+01,-2.8731068258e+01,9.7688303651e+01,2.8731068258e+01,0.0000000000e+00,nan,nan,nan,nan,nan,nan
6.8270243674e-05,1.2988065131e-04,-1.5936022508e+01,1.0947042560e+01,-7.3460511678e+00,2.0288415216e+01,7.2485148674e-02,-2.3354558824e+01,1.3687032752e-01,2.3354041502e+01,0.0000000000e+00,nan,nan,nan,nan,nan,nan
-3.7436213776e-04,3.8188482543e-06,6.9938776850e+01,5.4595915284e+01,2.1124731989e+01,1.0349040569e+02,1.0528196801e+02,-1.4218459166e+01,1.0528196801e+02,1.4208169286e+01,0.0000000000e+00,nan,nan,nan,nan,nan,nan
-3.6456825648e-04,6.9010324305e-06,7.0685665067e+01,4.6829932584e+01,9.1414010372e+00,9.7014402522e+01,9.5924824463e+01,-1.6097758359e+01,9.5924824463e+01,1.6097098017e+01,0.0000000000e+00,nan,nan,nan,nan,nan,nan
-3.6277757898e-04,1.0538935308e-05,6.5496303114e+01,4.4327337575e+01,9.1308937525e+00,9.0950827289e+01,8.9824083052e+01,-1.5196886185e+01,8.9824083052e+01,1.5196383902e+01,0.0000000000e+00,nan,nan,nan,nan,nan,nan
-3.6049895898e-04,6.5589168191e-06,9.6114146662e+01,5.5262489467e+01,9.2108146556e+00,1.2169306642e+02,1.2292200532e+02,-1.7597043998e+01,1.2292200532e+02,1.7597145298e+01,0.0000000000e+00,nan,nan,nan,nan,nan,nan
-3.5698922120e-04,1.3540486384e-05,6.3076651522e+01,4.0498738272e+01,5.4574454522e+00,8.6052268742e+01,8.3949349010e+01,-1.5415252036e+01,8.3949349010e+01,1.5415295726e+01,0.0000000000e+00,nan,nan,nan,nan,nan,nan
-1.4485586499e-04,4.9481946741e-05,8.1092537386e+01,1.8936931266e+01,-3.9593008758e+01,1.0954093630e+02,8.3993253372e+01,-4.2493724744e+01,8.3993253372e+01,4.2493724744e+01,0.0000000000e+00,nan,nan,nan,nan,nan,nan
3.3570265342e-04,4.0503710026e-05,-1.2939493026e+00,-1.2551195820e+01,-2.0616502397e+00,2.1745299675e+01,1.0876854850e+01,-1.4232454392e+01,1.0876854850e+01,1.4232454392e+01,0.0000000000e+00,nan,nan,nan,nan,nan,nan
-3.8295487713e-04,9.3139916423e-06,1.0752924292e+02,9.4266368122e+01,6.8567874574e+01,1.6661586075e+02,1.8424427080e+02,-8.1471533084e+00,1.8424427080e+02,8.2203396020e+00,1.0000000000e+00,3.2022445953e+00,2.3164091830e+00,2.2110221494e+00,2.3936128842e+01,-6.9046010809e-01,7.2337047157e-01
3.6283193298e-04,5.6738501882e-05,-5.4591003387e+00,-1.1313941796e+01,6.9234771834e+00,2.2332767306e+01,1.3626017638e+01,-1.2161640794e+01,1.3626017638e+01,1.2161640796e+01,0.0000000000e+00,nan,nan,nan,nan,nan,nan
9.3780972559e-05,1.4730633188e-04,-4.9171277430e+00,-3.1379431835e+00,-1.8789419913e+01,1.3175815211e+01,-4.2462133691e+00,-1.9460334287e+01,8.1071468809e-02,1.9460018235e+01,0.0000000000e+00,nan,nan,nan,nan,nan,nan
9.6246363434e-05,1.5262176162e-04,1.1042705462e+00,-2.9328843532e+00,-1.8604802948e+01,1.7797344096e+01,1.5250352036e+00,-1.9025567606e+01,1.2908422458e+00,1.9025582310e+01,0.0000000000e+00,nan,nan,nan,nan,nan,nan
-1.1792607870e-04,1.1480966034e-04,-6.4686077017e+00,9.1144882242e+00,-3.0037617622e+01,2.5800106563e+01,-3.3574141929e+00,-3.3148811131e+01,2.1388209435e-03,3.3148811131e+01,1.0000000000e+00,1.9116063749e+01,1.8858189636e+01,3.1293093389e+00,2.1309837767e+01,-1.6370050759e-01,9.8651008298e-01
1.0476523439e-04,1.1556721508e-04,-8.9715316426e+00,3.4748145037e+00,-2.2205087684e+01,1.2952626530e+01,-8.1101072496e+00,-2.3066512077e+01,-2.8510573500e-06,2.3066512078e+01,0.0000000000e+00,nan,nan,nan,nan,nan,nan
3.3392162071e-04,5.5508907752e-05,-2.4951313722e+00,-1.1803787821e+01,-1.4886679318e+00,2.0459671543e+01,9.8204972209e+00,-1.3804296525e+01,9.8204972209e+00,1.3804296525e+01,0.0000000000e+00,nan,nan,nan,nan,nan,nan
-9.9302015716e-05,1.1375082190e-04,-5.6089139669e+00,7.0397264865e+00,-3.1038118327e+01,2.5169142007e+01,-3.7921052340e+00,-3.2854927060e+01,-8.6208536038e-03,3.2854927060e+01,0.0000000000e+00,nan,nan,nan,nan,nan,nan
-9.5048284346e-05,1.1569359403e-04,-7.4338234807e+00,6.6039916283e+00,-3.0989353239e+01,2.3383730200e+01,-5.7109854341e+00,-3.2712191286e+01,2.7732728991e-03,3.2712191286e+01,0.0000000000e+00,nan,nan,nan,nan,nan,nan
1.6137804449e-04,1.5381783256e-04,1.0130331355e+00,-4.6473139602e+00,-1.3374795640e+01,1.4832419706e+01,2.3826202580e+00,-1.4744382762e+01,2.4051034539e+00,1.4744382762e+01,0.0000000000e+00,nan,nan,nan,nan,nan,nan
3.0460696305e-04,9.2265444721e-05,-3.1581497854e+00,-9.1845893636e+00,-5.5228785856e+00,1.6038035228e+01,4.9190497708e+00,-1.3600078142e+01,4.9190497708e+00,1.3600078142e+01,0.0000000000e+00,nan,nan,nan,nan,nan,nan
1.1675061421e-04,1.5058806514e-04,-1.9942178867e+00,-1.6995987326e+00,-1.7064026870e+01,1.3383454439e+01,-1.8021813554e+00,-1.7256063402e+01,-1.9140809093e-03,1.7256063428e+01,0.0000000000e+00,nan,nan,nan,nan,nan,nan
1.1818816816e-04,5.9633422478e-05,2.2032276807e+01,-4.7873421898e+00,-2.2399016069e+01,3.9364614194e+01,2.2543800971e+01,-2.2910540232e+01,2.2543800967e+01,2.2910540232e+01,0.0000000000e+00,nan,nan,nan,nan,nan,nan
-2.8473900576e-04,3.8577268196e-05,7.3510878882e+01,4.1999764280e+01,-7.9327529500e-01,9.7119228897e+01,9.2430614741e+01,-1.9713011153e+01,9.2430614741e+01,1.9713011153e+01,0.0000000000e+00,nan,nan,nan,nan,nan,nan
-1.0028674622e-04,1.0551582244e-04,1.9531162691e+00,7.0019708841e+00,-3.2083597375e+01,3.1871727471e+01,3.3359098818e+00,-3.3466390987e+01,3.3507885700e+00,3.3466390987e+01,0.0000000000e+00,nan,nan,nan,nan,nan,nan
1.9913610038e-04,1.0396125273e-04,-5.7523784364e+00,-3.3014184781e+00,-1.4365643475e+01,9.3958123237e+00,-4.6343361815e+00,-1.5483685730e+01,-9.3628151649e-07,1.5483685730e+01,0.0000000000e+00,nan,nan,nan,nan,nan,nan
1.9571815876e-04,1.0654413572e-04,-5.8809629307e+00,-3.1999536102e+00,-1.4429041093e+01,9.2445768007e+00,-4.8176431072e+00,-1.5492360916e+01,-8.3702460868e-07,1.5492360916e+01,0.0000000000e+00,nan,nan,nan,nan,nan,nan
-1.0466666831e-04,1.1395483265e-04,-5.6665377631e+00,7.6808318442e+00,-3.0769343334e+01,2.5483694421e+01,-3.5049227145e+00,-3.2930958382e+01,-4.5552862391e-03,3.2930958382e+01,0.0000000000e+00,nan,nan,nan,nan,nan,nan
-2.2136277001e-04,7.2350140465e-05,1.8945695145e+01,2.8435611474e+01,-2.2778789008e+01,6.1081322433e+01,3.3348771017e+01,-3.7181864880e+01,3.3348771017e+01,3.7181864880e+01,0.0000000000e+00,nan,nan,nan,nan,nan,nan
2.3436344470e-04,1.2281810423e-05,3.8803187138e+01,-1.9529754295e+01,-1.3345983556e+01,5.6426994581e+01,4.5306742302e+01,-1.9849538720e+01,4.5306742303e+01,1.9849538720e+01,0.0000000000e+00,nan,nan,nan,nan,nan,nan
-1.4099663393e-04,1.0144090674e-04,3.8701690731e+00,1.2593287297e+01,-3.0070106690e+01,3.6600118800e+01,8.0311196331e+00,-3.4231057250e+01,8.0305708303e+00,3.4231057250e+01,0.0000000000e+00,nan,nan,nan,nan,nan,nan
3.2423885213e-04,1.0022477940e-04,-4.2017438460e+00,-9.0077981323e+00,-2.7668366822e+00,1.5649122788e+01,5.5507349899e+00,-1.2519315518e+01,5.5507349899e+00,1.2519315518e+01,0.0000000000e+00,nan,nan,nan,nan,nan,nan
-1.8414165394e-04,9.0803751568e-05,6.7641526871e+00,1.8996043921e+01,-2.7090812992e+01,4.4067427663e+01,1.5279011071e+01,-3.5605671376e+01,1.5279011036e+01,3.5605671376e+01,0.0000000000e+00,nan,nan,nan,nan,nan,nan
8.0380205312e-05,1.0970344773e-04,-3.3845495452e+00,4.2749199763e+00,-2.1199798381e+01,1.7130715610e+01,-2.4017506943e+00,-2.2182597232e+01,-8.4451671835e-03,2.2182597231e+01,0.0000000000e+00,nan,nan,nan,nan,nan,nan
-2.3384532915e-04,7.2497636532e-05,1.2196550114e+01,2.8742412793e+01,-2.0407714972e+01,5.7227684931e+01,2.8934836871e+01,-3.7146001729e+01,2.8934836871e+01,3.7146001729e+01,0.0000000000e+00,nan,nan,nan,nan,nan,nan
5.9185578104e-05,1.3434556844e-04,-4.4007835724e+01,-1.3719466820e+01,-4.2345091516e+01,2.3627239263e+01,-2.9535270671e+01,-5.6817656569e+01,-4.5500381799e-03,5.6817667685e+01,0.0000000000e+00,nan,nan,nan,nan,nan,nan
9.0246822723e-05,1.4845891363e-04,-3.5208595479e+00,-3.2834736154e+00,-1.9267512569e+01,1.4751370487e+01,-2.8774783365e+00,-1.9910893780e+01,-1.3283043610e-01,1.9912413478e+01,0.0000000000e+00,nan,nan,nan,nan,nan,nan
8.7337864551e-05,1.4652246987e-04,-7.4028092202e+00,-3.0436040085e+00,-1.9697058627e+01,1.1924601701e+01,-6.6652619218e+00,-2.0434605925e+01,1.6121098105e-01,2.0429552728e+01,0.0000000000e+00,nan,nan,nan,nan,nan,nan
3.2047807221e-04,9.9373718268e-05,-3.9720567512e+00,-9.0887267609e+00,-3.2724716116e+00,1.5752081064e+01,5.4722040613e+00,-1.2716732424e+01,5.4722040613e+00,1.2716732424e+01,0.0000000000e+00,nan,nan,nan,nan,nan,nan
-3.6492408509e-04,1.9992984678e-05,7.2542263905e+01,5.8859178861e+01,2.9086478913e+01,1.0862151926e+02,1.1352703479e+02,-1.1898291977e+01,1.1352703479e+02,1.1896637310e+01,0.0000000000e+00,nan,nan,nan,nan,nan,nan
-3.6187507964e-04,2.4367527271e-05,6.8250946501e+01,5.7868348277e+01,3.0145109996e+01,1.0546531875e+02,1.1008845842e+02,-1.1692401921e+01,1.1008845842e+02,1.1692508253e+01,0.0000000000e+00,nan,nan,nan,nan,nan,nan
-3.5615814460e-04,2.7363257681e-05,6.1551815303e+01,5.0501060292e+01,2.2229497934e+01,9.3820508924e+01,9.6057952701e+01,-1.2276639464e+01,9.6057952701e+01,1.2276612370e+01,0.0000000000e+00,nan,nan,nan,nan,nan,nan
-3.5865822424e-04,2.8708917083e-05,6.3322120554e+01,5.6096880999e+01,3.0299168948e+01,1.0123124997e+02,1.0525653417e+02,-1.1635244668e+01,1.0525653417e+02,1.1635043914e+01,0.0000000000e+00,nan,nan,nan,nan,nan,nan
-3.5306260634e-04,3.1526161599e-05,5.7213067567e+01,4.9078146146e+01,2.2431011146e+01,9.0146933288e+01,9.1868395557e+01,-1.2224316844e+01,9.1868395557e+01,1.2224349694e+01,0.0000000000e+00,nan,nan,nan,nan,nan,nan
-3.6504186985e-04,2.5351973035e-05,7.1529887418e+01,6.5956209641e+01,4.1665172800e+01,1.1706337396e+02,1.2418410058e+02,-1.0989040361e+01,1.2418410058e+02,1.0989927519e+01,1.0000000000e+00,7.6187593524e+00,5.8858502865e+00,4.8375882911e+00,2.4014469730e+01,-6.3495748682e-01,7.7254707942e-01
-3.6022761285e-04,3.1005474055e-05,6.3631446294e+01,6.1218541271e+01,3.8952922260e+01,1.0811566074e+02,1.1371279011e+02,-1.1128421553e+01,1.1371279011e+02,1.1128417776e+01,1.0000000000e+00,9.0371192923e+00,7.1611143021e+00,5.5125281909e+00,2.3989188182e+01,-6.0998732147e-01,7.9241117335e-01
-3.4750116764e-04,3.4274348468e-05,5.1793358190e+01,4.3017010816e+01,1.5660761406e+01,8.0768934965e+01,8.0359026142e+01,-1.2904906546e+01,8.0359026142e+01,1.2904901871e+01,0.0000000000e+00,nan,nan,nan,nan,nan,nan
-3.4470407995e-04,3.8816186584e-05,4.8268840574e+01,4.2560420484e+01,1.6840197703e+01,7.8525776768e+01,7.7891397494e+01,-1.2782359217e+01,7.7891397494e+01,1.2782360355e+01,0.0000000000e+00,nan,nan,nan,nan,nan,nan
4.9397506182e-05,9.5765859890e-05,1.0264236562e+01,3.5648276071e+00,-2.2124805595e+01,2.8718720099e+01,1.0650476264e+01,-2.2511045296e+01,1.0650553919e+01,2.2511045296e+01,0.0000000000e+00,nan,nan,nan,nan,nan,nan
9.4374393171e-05,1.4395138311e-04,-8.9735119810e+00,-2.2815761642e+00,-1.8624013580e+01,9.2591091728e+00,-8.4530136070e+00,-1.9144511954e+01,-1.5197912736e-02,1.9144514798e+01,0.0000000000e+00,nan,nan,nan,nan,nan,nan
-3.7342733506e-04,1.7415294125e-05,8.6641337359e+01,7.7867253460e+01,5.1898830671e+01,1.3811902648e+02,1.4901314114e+02,-1.0472973105e+01,1.4901314114e+02,1.0467536350e+01,0.0000000000e+00,nan,nan,nan,nan,nan,nan
1.3706596354e-04,6.3633790089e-05,1.4418442770e+01,-4.3198691889e+00,-2.0178365415e+01,3.0880620191e+01,1.4948973058e+01,-2.0708895703e+01,1.4948969622e+01,2.0708895703e+01,0.0000000000e+00,nan,nan,nan,nan,nan,nan
2.9945967413e-04,3.6297297776e-05,-1.4242709530e+00,-8.8751189478e+00,-1.0168425602e+01,1.7134019847e+01,4.0959826938e+00,-1.5688679249e+01,4.0959826621e+00,1.5688679249e+01,0.0000000000e+00,nan,nan,nan,nan,nan,nan
-3.4766437575e-04,2.8699697059e-05,5.5150810792e+01,4.0059668385e+01,9.1851776572e+00,7.9943855039e+01,7.8323600452e+01,-1.3987612002e+01,7.8323600452e+01,1.3987611704e+01,0.0000000000e+00,nan,nan,nan,nan,nan,nan
2.4235776732e-04,1.2811414404e-05,3.2986185299e+01,-1.8445095500e+01,-1.3448917712e+01,5.1359965934e+01,3.9421323951e+01,-1.9884056364e+01,3.9421323941e+01,1.9884056364e+01,0.0000000000e+00,nan,nan,nan,nan,nan,nan
3.2280933717e-04,5.7684808328e-05,-2.2098341338e+00,-1.1047256346e+01,-3.9965060143e+00,1.9194060432e+01,7.9785258834e+00,-1.4184866032e+01,7.9785258834e+00,1.4184866032e+01,0.0000000000e+00,nan,nan,nan,nan,nan,nan
3.2721055983e-04,6.2148271647e-05,-2.6686778669e+00,-1.1142149153e+01,-2.7678164785e+00,1.9295996881e+01,8.4223018208e+00,-1.3858796166e+01,8.4223018208e+00,1.3858796166e+01,0.0000000000e+00,nan,nan,nan,nan,nan,nan
3.1997099581e-04,6.4794572729e-05,-2.5613298486e+00,-1.0660666788e+01,-4.1484544368e+00,1.8513412627e+01,7.3338316213e+00,-1.4043615907e+01,7.3338316213e+00,1.4043615907e+01,0.0000000000e+00,nan,nan,nan,nan,nan,nan
1.1621959602e-04,1.5731383364e-04,2.1713142339e+00,-1.0731897128e+00,-1.7246285182e+01,1.6926669393e+01,2.2351316567e+00,-1.7310102605e+01,2.2196786307e+00,1.7310102602e+01,0.0000000000e+00,nan,nan,nan,nan,nan,nan
1.0921709717e-04,1.5763758133e-04,3.2138282161e+00,-1.9225729176e+00,-1.7307170368e+01,1.8078344848e+01,3.3908661884e+00,-1.7484208340e+01,3.4220478307e+00,1.7484208277e+01,1.0000000000e+00,2.6013668696e+01,2.5535105211e+01,4.9668260381e+00,1.9290948739e+01,-1.9093139442e-01,9.8160338356e-01
1.9175542764e-04,1.0531042672e-04,-6.2549896189e+00,-2.7466684118e+00,-1.4885307399e+01,8.8552162567e+00,-5.4575870208e+00,-1.5682710000e+01,1.1245009598e-07,1.5682710000e+01,0.0000000000e+00,nan,nan,nan,nan,nan,nan
1.8884890362e-04,1.1164754050e-04,-6.1215362954e+00,-3.0083557820e+00,-1.4561276075e+01,8.9727679097e+00,-5.1609762172e+00,-1.5521836153e+01,1.9963305447e-06,1.5521836153e+01,0.0000000000e+00,nan,nan,nan,nan,nan,nan
1.8932637750e-04,1.1545525436e-04,-5.7631751722e+00,-3.3834095042e+00,-1.4185753576e+01,9.3540096686e+00,-4.5739243742e+00,-1.5375004375e+01,-1.2704463388e-05,1.5375004375e+01,0.0000000000e+00,nan,nan,nan,nan,nan,nan
-1.7673924712e-04,1.0060519935e-04,-1.7768719258e+00,1.5892502064e+01,-2.7204278157e+01,3.5248713438e+01,5.8602791511e+00,-3.4841429234e+01,5.8601065831e+00,3.4841429234e+01,0.0000000000e+00,nan,nan,nan,nan,nan,nan
-1.8177005496e-04,1.0148407083e-04,-3.9536456953e+00,1.5883715069e+01,-2.6733924257e+01,3.3850893063e+01,4.2000372461e+00,-3.4887607198e+01,4.2001467682e+00,3.4887607198e+01,1.0000000000e+00,1.8261272834e+01,1.7670181104e+01,4.6085556612e+00,2.2097559013e+01,-2.5236771297e-01,9.6763140578e-01
-2.6503353125e-04,2.1800219198e-05,1.5889363698e+02,5.6821013215e+01,-1.2400698866e+01,1.7801652594e+02,1.7602435823e+02,-2.9531420114e+01,1.7602435823e+02,2.9531420114e+01,0.0000000000e+00,nan,nan,nan,nan,nan,nan
3.0121764374e-04,9.5359575098e-05,-3.1161168736e+00,-8.9998396397e+00,-5.8726161352e+00,1.5768614121e+01,4.6096471031e+00,-1.3598380112e+01,4.6096471031e+00,1.3598380112e+01,0.0000000000e+00,nan,nan,nan,nan,nan,nan
2.2284874762e-04,8.5370780479e-05,-4.7527559511e+00,-4.1067289740e+00,-1.3945520098e+01,1.0673594877e+01,-3.1867351493e+00,-1.5511540900e+01,-1.9782351610e-06,1.5511540900e+01,0.0000000000e+00,nan,nan,nan,nan,nan,nan
2.1545357175e-04,8.7014622359e-05,-5.1354793610e+00,-3.5958633420e+00,-1.4421296121e+01,1.0168752397e+01,-3.9074558075e+00,-1.5649319675e+01,-6.7475913113e-06,1.5649319675e+01,0.0000000000e+00,nan,nan,nan,nan,nan,nan
2.1610699328e-04,9.0767335313e-05,-5.0535796497e+00,-3.8595022602e+00,-1.4061305202e+01,1.0270834921e+01,-3.6275731193e+00,-1.5487311732e+01,9.7130186605e-07,1.5487311732e+01,0.0000000000e+00,nan,nan,nan,nan,nan,nan
3.4061963351e-04,4.8736318772e-05,-2.2692847788e+00,-1.2545481951e+01,4.6821357708e-02,2.1817259160e+01,1.1484968739e+01,-1.3707432160e+01,1.1484968739e+01,1.3707432160e+01,0.0000000000e+00,nan,nan,nan,nan,nan,nan
-2.7527426409e-04,5.8214368836e-05,1.6604838460e+01,3.5412850232e+01,-1.0259017811e+01,6.5583650759e+01,4.1037648751e+01,-3.4691828090e+01,4.1037648750e+01,3.4691828091e+01,0.0000000000e+00,nan,nan,nan,nan,nan,nan
-1.4810880335e-04,4.9553533269e-05,8.0725428364e+01,1.9739203120e+01,-3.9221663241e+01,1.0935729703e+02,8.3889347442e+01,-4.2385582318e+01,8.3889347442e+01,4.2385582318e+01,0.0000000000e+00,nan,nan,nan,nan,nan,nan
3.7842970373e-04,2.9741229608e-05,-4.2374821507e+00,-1.4228792010e+01,1.7361033861e+01,3.0919488891e+01,2.4413151089e+01,-1.1289599379e+01,2.4413151089e+01,1.1289578347e+01,0.0000000000e+00,nan,nan,nan,nan,nan,nan
3.8489531594e-04,1.8241169081e-05,-1.6564207685e+00,-1.7170007873e+01,2.5009345560e+01,3.7584100762e+01,3.3375653088e+01,-1.0022728297e+01,3.3375653088e+01,1.0019194724e+01,0.0000000000e+00,nan,nan,nan,nan,nan,nan
3.7507639300e-04,2.9161676408e-05,-3.1858222834e+00,-1.4911159917e+01,1.5395884862e+01,3.0414637279e+01,2.3664930310e+01,-1.1454867731e+01,2.3664930310e+01,1.1454821915e+01,0.0000000000e+00,nan,nan,nan,nan,nan,nan
3.7526193353e-04,3.3450433475e-05,-4.3641429036e+00,-1.3844307147e+01,1.4890891749e+01,2.9195862770e+01,2.2119613652e+01,-1.1592864807e+01,2.2119613652e+01,1.1592877336e+01,0.0000000000e+00,nan,nan,nan,nan,nan,nan
-2.4280834962e-04,2.5980644951e-05,1.4408831525e+02,4.9315193903e+01,-2.4334400592e+01,1.6902345965e+02,1.5746269726e+02,-3.7708782598e+01,1.5746269726e+02,3.7708782598e+01,0.0000000000e+00,nan,nan,nan,nan,nan,nan
2.3024791246e-04,8.3647596963e-05,-4.3947072795e+00,-4.6028428962e+00,-1.3483388662e+01,1.1201189263e+01,-2.4720383349e+00,-1.5406057607e+01,-1.0754216645e-05,1.5406057607e+01,0.0000000000e+00,nan,nan,nan,nan,nan,nan
3.2956034379e-04,8.1885525449e-05,-3.9472915531e+00,-1.0096548105e+01,-1.8152983235e+00,1.7582404505e+01,7.2699110358e+00,-1.3032500912e+01,7.2699110358e+00,1.3032500912e+01,0.0000000000e+00,nan,nan,nan,nan,nan,nan
3.0611958851e-04,3.0018616870e-05,-1.1531991875e+00,-9.3822302824e+00,-9.7310204190e+00,1.7865548652e+01,4.8725695200e+00,-1.5756789126e+01,4.8725694882e+00,1.5756789126e+01,0.0000000000e+00,nan,nan,nan,nan,nan,nan
-1.2211637459e-04,1.0647360582e-04,6.3916050615e-01,9.9088897125e+00,-3.0738474258e+01,3.2137529606e+01,3.5049544928e+00,-3.3604268245e+01,3.5039027418e+00,3.3604268245e+01,0.0000000000e+00,nan,nan,nan,nan,nan,nan
-2.7155705205e-04,6.7242634254e-05,-3.8575756030e+00,2.8824757615e+01,-1.2584189605e+01,5.0475263789e+01,2.0921024530e+01,-3.7362789738e+01,2.0921024530e+01,3.7362789738e+01,0.0000000000e+00,nan,nan,nan,nan,nan,nan
-2.7036965350e-04,7.2536772655e-05,-1.3994481935e+01,2.4417822202e+01,-1.4046589365e+01,4.2267671030e+01,1.0382715597e+01,-3.8423786897e+01,1.0382715597e+01,3.8423786897e+01,1.0000000000e+00,1.3921674529e+01,1.2719699101e+01,5.6588228875e+00,2.3145845236e+01,-4.0647573507e-01,9.1366157673e-01
-2.6281965303e-04,6.3732680692e-05,1.1285495108e+01,3.2944441222e+01,-1.3849633595e+01,6.1060284184e+01,3.3971102264e+01,-3.6535240756e+01,3.3971102264e+01,3.6535240756e+01,0.0000000000e+00,nan,nan,nan,nan,nan,nan
-2.5822464279e-04,6.2229303961e-05,1.8114860165e+01,3.4393981861e+01,-1.4834115076e+01,6.6043780582e+01,3.9770767052e+01,-3.6490021946e+01,3.9770767052e+01,3.6490021947e+01,0.0000000000e+00,nan,nan,nan,nan,nan,nan
-2.5790650641e-04,3.9158037299e-05,8.5985767958e+01,4.7556256337e+01,-1.4709852869e+01,1.1995077846e+02,1.0489157178e+02,-3.3615656691e+01,1.0489157178e+02,3.3615656691e+01,0.0000000000e+00,nan,nan,nan,nan,nan,nan
-2.9739362386e-04,5.3262917739e-05,2.2467203874e+01,3.3705119929e+01,-5.3870818723e+00,6.3105311700e+01,4.4973929698e+01,-2.7893807696e+01,4.4973929698e+01,2.7893807696e+01,0.0000000000e+00,nan,nan,nan,nan,nan,nan
-3.4204476472e-04,3.6727482826e-05,4.7180508622e+01,3.7639445702e+01,9.4348098245e+00,7.2850329153e+01,7.0367816370e+01,-1.3752497924e+01,7.0367816370e+01,1.3752498596e+01,0.0000000000e+00,nan,nan,nan,nan,nan,nan
9.1960581785e-05,1.3848634825e-04,-1.5809325011e+01,9.2579264957e-01,-1.9881487285e+01,3.6045553000e+00,-1.5764315175e+01,-1.9926497121e+01,-3.6115970743e-03,1.9926504498e+01,0.0000000000e+00,nan,nan,nan,nan,nan,nan
5.4443459781e-05,8.6030686229e-05,1.4465208877e+01,2.4406477560e-01,-2.2553058326e+01,3.2063689242e+01,1.4468054890e+01,-2.2555904340e+01,1.4468054846e+01,2.2555904340e+01,0.0000000000e+00,nan,nan,nan,nan,nan,nan
1.5469987711e-04,1.0674044356e-04,-7.7315814077e+00,-6.9512635693e-01,-1.6949565548e+01,8.0786356960e+00,-7.6763709844e+00,-1.7004775972e+01,1.8613536515e-05,1.7004775972e+01,0.0000000000e+00,nan,nan,nan,nan,nan,nan
-3.3335377798e-04,3.1978502103e-05,5.1304581176e+01,3.2689077529e+01,-1.3792742071e+00,7.2731280645e+01,6.6954077944e+01,-1.7028770974e+01,6.6954077944e+01,1.7028770998e+01,0.0000000000e+00,nan,nan,nan,nan,nan,nan
3.1999054569e-04,9.5422169107e-05,-3.8603519396e+00,-9.3013577156e+00,-3.3331789401e+00,1.6115045310e+01,5.7072603081e+00,-1.2900791188e+01,5.7072603081e+00,1.2900791188e+01,0.0000000000e+00,nan,nan,nan,nan,nan,nan
-2.4369981140e-04,3.9402256401e-05,9.1406402381e+01,4.5769283601e+01,-2.0648344217e+01,1.2530136368e+02,1.0772180513e+02,-3.6963746970e+01,1.0772180513e+02,3.6963746970e+01,0.0000000000e+00,nan,nan,nan,nan,nan,nan
-2.8864432960e-04,5.9597103075e-05,1.9970481340e+00,3.1824961254e+01,-7.9292963262e+00,5.5742579850e+01,2.9216869386e+01,-3.5149117578e+01,2.9216869386e+01,3.5149117578e+01,0.0000000000e+00,nan,nan,nan,nan,nan,nan
3.4628533881e-04,3.3969178500e-05,-1.0383464059e+00,-1.3714587464e+01,9.7338222215e-01,2.3812752928e+01,1.3715817222e+01,-1.3780781405e+01,1.3715817222e+01,1.3780781405e+01,0.0000000000e+00,nan,nan,nan,nan,nan,nan
-1.0302882271e-04,1.0561109163e-04,1.8819203433e+00,7.3939617519e+00,-3.1928293735e+01,3.1956365772e+01,3.4268296851e+00,-3.3473203079e+01,3.4356647041e+00,3.3473203079e+01,0.0000000000e+00,nan,nan,nan,nan,nan,nan
8.2686115628e-05,1.0531611813e-04,-1.8639410917e+00,3.5250341846e+00,-2.1734844042e+01,1.8273532174e+01,-1.2491638472e+00,-2.2349621287e+01,1.7403735145e-02,2.2349621287e+01,0.0000000000e+00,nan,nan,nan,nan,nan,nan
-2.9864587252e-04,3.6172891612e-05,6.7537558320e+01,3.8896756504e+01,7.3118313548e-01,8.8815138690e+01,8.5411814959e+01,-1.7143073503e+01,8.5411814959e+01,1.7143073503e+01,0.0000000000e+00,nan,nan,nan,nan,nan,nan
2.2530858342e-04,1.0041577239e-04,-4.2641423687e+00,-5.0884415472e+00,-1.2622721326e+01,1.1403917942e+01,-1.8593767538e+00,-1.5027486941e+01,-1.4519836368e-04,1.5027486941e+01,0.0000000000e+00,nan,nan,nan,nan,nan,nan
2.3361506182e-04,8.0888477061e-05,-4.2498350996e+00,-4.7345134970e+00,-1.3425971581e+01,1.1417205947e+01,-2.2461764133e+00,-1.5429630267e+01,2.6511649091e-05,1.5429630267e+01,0.0000000000e+00,nan,nan,nan,nan,nan,nan
-1.3422549269e-04,5.8197294538e-05,6.4389729619e+01,1.5779693841e+01,-3.8568758141e+01,9.3257953284e+01,6.6752990172e+01,-4.0932018694e+01,6.6752990172e+01,4.0932018694e+01,0.0000000000e+00,nan,nan,nan,nan,nan,nan
-1.8532874841e-04,9.5244412612e-05,1.4301207612e+00,1.7795404686e+01,-2.6676822077e+01,3.9272416248e+01,1.0050589434e+01,-3.5297290750e+01,1.0050588349e+01,3.5297290750e+01,0.0000000000e+00,nan,nan,nan,nan,nan,nan
2.6729291904e-04,7.3901665489e-05,-2.9755960929e+00,-7.0461877120e+00,-1.0977741790e+01,1.4033220391e+01,1.1254146289e+00,-1.5078752511e+01,1.1250807869e+00,1.5078752511e+01,0.0000000000e+00,nan,nan,nan,nan,nan,nan
2.6793236819e-04,7.7644107467e-05,-2.9855469251e+00,-7.1917233083e+00,-1.0637224077e+01,1.4108026342e+01,1.3338873056e+00,-1.4956658307e+01,1.3344480778e+00,1.4956658307e+01,0.0000000000e+00,nan,nan,nan,nan,nan,nan
2.7194537443e-04,7.8444748927e-05,-2.8977699943e+00,-7.4955292393e+00,-1.0167893930e+01,1.4427503922e+01,1.7968913109e+00,-1.4862555236e+01,1.7968173619e+00,1.4862555236e+01,0.0000000000e+00,nan,nan,nan,nan,nan,nan
3.4849947843e-04,8.1896195612e-05,-5.4336247997e+00,-9.6007069535e+00,1.6824335628e+00,1.7730027689e+01,8.3608406407e+00,-1.2112031878e+01,8.3608406407e+00,1.2112031878e+01,1.0000000000e+00,1.1942098332e+01,7.9760439201e+00,-8.8879939215e+00,1.3694800865e+01,7.4425730509e-01,6.6789300327e-01
3.4796611227e-04,7.7562708277e-05,-5.1872305092e+00,-1.0029151959e+01,1.8142775749e+00,1.8394375610e+01,8.9335212426e+00,-1.2306474177e+01,8.9335212426e+00,1.2306474177e+01,0.0000000000e+00,nan,nan,nan,nan,nan,nan
3.4241034158e-04,6.4692877249e-05,-3.8526822458e+00,-1.1361749121e+01,9.2350701796e-01,2.0105098053e+01,1.0143096159e+01,-1.3072271387e+01,1.0143096159e+01,1.3072271387e+01,0.0000000000e+00,nan,nan,nan,nan,nan,nan
9.8216337158e-05,1.3912283846e-04,-1.1800150291e+01,-5.3841261127e-01,-1.7834281892e+01,5.2585407373e+00,-1.1781196181e+01,-1.7853236001e+01,-1.2303106925e-03,1.7853230333e+01,0.0000000000e+00,nan,nan,nan,nan,nan,nan
2.8456340906e-04,4.1271667522e-05,-1.9270668659e+00,-7.5951574587e+00,-1.1785687663e+01,1.5680358116e+01,2.1966817150e+00,-1.5909436244e+01,2.1966959445e+00,1.5909436244e+01,0.0000000000e+00,nan,nan,nan,nan,nan,nan
2.3765339752e-04,8.1847739693e-05,-4.0612216894e+00,-5.0907056028e+00,-1.3023102796e+01,1.1744821908e+01,-1.7612861527e+00,-1.5323038333e+01,-1.9649507067e-04,1.5323038333e+01,0.0000000000e+00,nan,nan,nan,nan,nan,nan
-3.2543979484e-04,3.2451620204e-05,5.2840486285e+01,3.2875095122e+01,-1.5441784710e+00,7.3913461381e+01,6.8322110732e+01,-1.7025802918e+01,6.8322110732e+01,1.7025802918e+01,0.0000000000e+00,nan,nan,nan,nan,nan,nan
2.5161438623e-04,1.2532338445e-04,-2.0359008966e+00,-7.1778903008e+00,-9.5489666399e+00,1.4031614827e+01,2.3087228292e+00,-1.3893590366e+01,2.3087208463e+00,1.3893590366e+01,0.0000000000e+00,nan,nan,nan,nan,nan,nan
2.4765758787e-04,1.2435947854e-04,-2.1240815839e+00,-7.0468989540e+00,-9.8457725943e+00,1.3916946454e+01,2.0500256925e+00,-1.4019879871e+01,2.0500420899e+00,1.4019879871e+01,0.0000000000e+00,nan,nan,nan,nan,nan,nan
-2.8531861952e-04,3.6292510346e-05,8.0164543850e+01,4.2828378422e+01,9.8579163785e-01,1.0101753552e+02,9.8897669069e+01,-1.7747333581e+01,9.8897669069e+01,1.7747333581e+01,0.0000000000e+00,nan,nan,nan,nan,nan,nan
3.4094611415e-04,3.6379329166e-06,-3.1500601412e+00,-1.2153237205e+01,-4.5869665835e+00,2.1074649884e+01,8.2989414210e+00,-1.6035968146e+01,8.2989414210e+00,1.6035968146e+01,0.0000000000e+00,nan,nan,nan,nan,nan,nan
3.3778013470e-04,7.1964822551e-06,-2.0606110635e+00,-1.2208007696e+01,-5.2491646965e+00,2.1317226902e+01,8.6526188100e+00,-1.5962394570e+01,8.6526188100e+00,1.5962394570e+01,0.0000000000e+00,nan,nan,nan,nan,nan,nan
3.3350162101e-04,7.1714562840e-06,-2.4680673036e+00,-1.1619363184e+01,-6.7932398789e+00,2.0466474415e+01,7.1856709218e+00,-1.6446978104e+01,7.1856709218e+00,1.6446978104e+01,0.0000000000e+00,nan,nan,nan,nan,nan,nan
3.3253921516e-04,3.6035266897e-06,-1.8422091345e+00,-1.2207629193e+01,-6.8239397447e+00,2.1574289681e+01,8.1228475153e+00,-1.6788996394e+01,8.1228475153e+00,1.6788996394e+01,0.0000000000e+00,nan,nan,nan,nan,nan,nan
3.3831131369e-04,1.1020673972e-05,-1.2610332453e+00,-1.2438726841e+01,-4.6726833966e+00,2.1740379664e+01,9.5849557303e+00,-1.5518672372e+01,9.5849557303e+00,1.5518672373e+01,0.0000000000e+00,nan,nan,nan,nan,nan,nan
3.3497123815e-04,1.4628408560e-05,-9.1226530190e-01,-1.2186824536e+01,-5.3431328925e+00,2.1450336867e+01,9.2566586674e+00,-1.5512056862e+01,9.2566586674e+00,1.5512056862e+01,0.0000000000e+00,nan,nan,nan,nan,nan,nan
3.4172369331e-04,7.3343437392e-06,-1.8035377418e+00,-1.2625704259e+01,-3.6182297057e+00,2.1915962069e+01,9.9423028761e+00,-1.5364070324e+01,9.9423028761e+00,1.5364070324e+01,0.0000000000e+00,nan,nan,nan,nan,nan,nan
3.3097952734e-04,9.3965140843e-05,-4.4791240217e+00,-9.2924466433e+00,-1.6968436877e+00,1.6271535098e+01,6.3063913145e+00,-1.2482359024e+01,6.3063913145e+00,1.2482359024e+01,0.0000000000e+00,nan,nan,nan,nan,nan,nan
3.3474654231e-04,9.1330787468e-05,-4.6624866268e+00,-9.3890750422e+00,-1.0525943531e+00,1.6556992971e+01,6.7016438586e+00,-1.2416724838e+01,6.7016438586e+00,1.2416724838e+01,0.0000000000e+00,nan,nan,nan,nan,nan,nan
-2.4373656943e-04,4.9821352544e-05,5.8781357039e+01,4.1274485447e+01,-1.9192127118e+01,9.8334104012e+01,7.6567836382e+01,-3.6978606462e+01,7.6567836382e+01,3.6978606462e+01,0.0000000000e+00,nan,nan,nan,nan,nan,nan
1.1710984418e-04,1.4714495239e-04,-4.0788084570e+00,-1.8020030158e+00,-1.6991636288e+01,1.1615511545e+01,-3.8290036551e+00,-1.7241441090e+01,-9.3967971305e-03,1.7241441107e+01,0.0000000000e+00,nan,nan,nan,nan,nan,nan
-8.9699703656e-05,1.1552832771e-04,-7.5845315674e+00,5.9489913637e+00,-3.1229533547e+01,2.2919399236e+01,-6.1745112386e+00,-3.2639553876e+01,3.1432138306e-03,3.2639553876e+01,0.0000000000e+00,nan,nan,nan,nan,nan,nan
-3.6219527139e-04,3.3226640070e-06,1.0014971070e+02,6.4140948646e+01,1.3943763885e+01,1.3378695678e+02,1.3428867280e+02,-2.0195198218e+01,1.3428867280e+02,2.0195172116e+01,0.0000000000e+00,nan,nan,nan,nan,nan,nan
-3.5652618092e-04,6.2923502117e-06,1.1215118322e+02,6.3078119661e+01,1.2365847606e+01,1.3928275234e+02,1.4267344997e+02,-1.8156419144e+01,1.4267344997e+02,1.8156411426e+01,0.0000000000e+00,nan,nan,nan,nan,nan,nan
2.9747024854e-04,6.8537690135e-05,-2.4174294894e+00,-9.1668860497e+00,-7.7207679243e+00,1.6526742445e+01,4.4726204925e+00,-1.4610817906e+01,4.4726204956e+00,1.4610817906e+01,0.0000000000e+00,nan,nan,nan,nan,nan,nan
3.1551713188e-04,6.0342080940e-05,-2.2046465026e+00,-1.0487321647e+01,-5.2969043343e+00,1.8358535100e+01,6.8485297634e+00,-1.4350080600e+01,6.8485297634e+00,1.4350080600e+01,0.0000000000e+00,nan,nan,nan,nan,nan,nan
3.1606806354e-04,6.4170828246e-05,-2.4206746717e+00,-1.0447404047e+01,-4.9396469352e+00,1.8224129380e+01,6.8415452000e+00,-1.4201866807e+01,6.8415452000e+00,1.4201866807e+01,0.0000000000e+00,nan,nan,nan,nan,nan,nan
3.1269301881e-04,6.7374152071e-05,-2.5090969582e+00,-1.0172300137e+01,-5.3607528810e+00,1.7789055104e+01,6.3355908334e+00,-1.4205440673e+01,6.3355908335e+00,1.4205440673e+01,0.0000000000e+00,nan,nan,nan,nan,nan,nan
3.1659990357e-04,6.8019899839e-05,-2.6367202930e+00,-1.0379185623e+01,-4.6169437349e+00,1.8056626481e+01,6.7981661453e+00,-1.4051830173e+01,6.7981661453e+00,1.4051830173e+01,0.0000000000e+00,nan,nan,nan,nan,nan,nan
3.1322584806e-04,7.1219554904e-05,-2.7016396498e+00,-1.0113414438e+01,-5.0516204084e+00,1.7632715037e+01,6.3036227439e+00,-1.4056882802e+01,6.3036227439e+00,1.4056882802e+01,0.0000000000e+00,nan,nan,nan,nan,nan,nan
3.1711529381e-04,7.1888346340e-05,-2.8483957814e+00,-1.0284778789e+01,-4.3297730649e+00,1.7857701366e+01,6.7210642677e+00,-1.3899233114e+01,6.7210642677e+00,1.3899233114e+01,0.0000000000e+00,nan,nan,nan,nan,nan,nan
3.0876490529e-04,6.6728192217e-05,-2.4139090872e+00,-9.9381843149e+00,-6.0792243745e+00,1.7501664617e+01,5.8580240469e+00,-1.4351157509e+01,5.8580240466e+00,1.4351157509e+01,0.0000000000e+00,nan,nan,nan,nan,nan,nan
2.9732593865e-04,9.4568258437e-05,-3.0141508466e+00,-8.8950900624e+00,-6.3825932543e+00,1.5679269207e+01,4.3540582472e+00,-1.3750802348e+01,4.3540582471e+00,1.3750802348e+01,0.0000000000e+00,nan,nan,nan,nan,nan,nan
3.0905452490e-04,4.4720031139e-05,-1.4702300664e+00,-9.9556092070e+00,-7.8060335169e+00,1.8093235704e+01,5.8080027128e+00,-1.5084266296e+01,5.8080027099e+00,1.5084266296e+01,0.0000000000e+00,nan,nan,nan,nan,nan,nan
2.7864759177e-04,1.2793237681e-04,-2.2254653614e+00,-7.7317849383e+00,-7.4900751249e+00,1.4145864162e+01,3.3093482385e+00,-1.3024888725e+01,3.3093482384e+00,1.3024888725e+01,0.0000000000e+00,nan,nan,nan,nan,nan,nan
2.7131681207e-04,1.2998910100e-04,-1.9708906528e+00,-7.5825612163e+00,-8.0314990453e+00,1.4142515679e+01,3.1639903855e+00,-1.3166380084e+01,3.1639903817e+00,1.3166380084e+01,0.0000000000e+00,nan,nan,nan,nan,nan,nan
2.7181874867e-04,1.3385464947e-04,-1.8119993830e+00,-7.4964871094e+00,-7.9432429789e+00,1.4027295065e+01,3.2210414011e+00,-1.2976283763e+01,3.2210414024e+00,1.2976283763e+01,0.0000000000e+00,nan,nan,nan,nan,nan,nan
2.6738836167e-04,1.2907217220e-04,-1.9367047926e+00,-7.5348071131e+00,-8.3396142610e+00,1.4179102008e+01,3.0481488345e+00,-1.3324467888e+01,3.0481488511e+00,1.3324467888e+01,0.0000000000e+00,nan,nan,nan,nan,nan,nan
2.6299536539e-04,1.2434312517e-04,-2.1083174623e+00,-7.4956469477e+00,-8.7677615567e+00,1.4205536951e+01,2.7635310731e+00,-1.3639610092e+01,2.7635313058e+00,1.3639610092e+01,0.0000000000e+00,nan,nan,nan,nan,nan,nan
3.4843328904e-04,2.2719858901e-05,-1.8529512238e-01,-1.4041829505e+01,7.4365167581e-01,2.4329466100e+01,1.4325802079e+01,-1.3767445526e+01,1.4325802079e+01,1.3767445464e+01,0.0000000000e+00,nan,nan,nan,nan,nan,nan
3.2095481155e-04,2.4432257377e-05,-8.2806406003e-01,-1.0792334222e+01,-7.6547819297e+00,1.9603077307e+01,7.0764189655e+00,-1.5559264955e+01,7.0764189654e+00,1.5559264955e+01,0.0000000000e+00,nan,nan,nan,nan,nan,nan
2.8949209079e-04,6.7162217716e-05,-2.4306419664e+00,-8.5812155883e+00,-8.9220286337e+00,1.5889093987e+01,3.4972373908e+00,-1.4849907991e+01,3.4972368415e+00,1.4849907991e+01,0.0000000000e+00,nan,nan,nan,nan,nan,nan
1.7591584255e-04,1.3303746814e-04,-4.4539626516e+00,-3.9505579159e+00,-1.3802526023e+01,1.0599292297e+01,-3.0087400763e+00,-1.5247748598e+01,1.2852753914e-03,1.5247748598e+01,0.0000000000e+00,nan,nan,nan,nan,nan,nan
1.7250403473e-04,1.3925828669e-04,-3.2987565710e+00,-4.2860297853e+00,-1.3597873619e+01,1.1603764513e+01,-1.7488785295e+00,-1.5147751660e+01,1.4865355649e-02,1.5147751660e+01,0.0000000000e+00,nan,nan,nan,nan,nan,nan
1.7952412213e-04,1.3058988787e-04,-4.5955734707e+00,-3.9898713663e+00,-1.3718200262e+01,1.0495348548e+01,-3.0973945569e+00,-1.5216379176e+01,1.2272962696e-03,1.5216379176e+01,0.0000000000e+00,nan,nan,nan,nan,nan,nan
-2.3829506888e-04,4.9029232905e-05,6.3507409738e+01,4.0972268878e+01,-2.1006596741e+01,1.0194179748e+02,8.0106530714e+01,-3.7605717717e+01,8.0106530714e+01,3.7605717717e+01,0.0000000000e+00,nan,nan,nan,nan,nan,nan
-2.6596618728e-04,5.7279187849e-05,2.5539727257e+01,3.7156390259e+01,-1.2464095119e+01,7.2273243389e+01,4.8264792592e+01,-3.5189160457e+01,4.8264792592e+01,3.5189160457e+01,0.0000000000e+00,nan,nan,nan,nan,nan,nan
2.1645169347e-04,1.1992746710e-04,-3.4255361221e+00,-5.5659679697e+00,-1.2002929743e+01,1.2169985241e+01,-6.8788867774e-01,-1.4740577188e+01,1.0087643062e-02,1.4740577188e+01,0.0000000000e+00,nan,nan,nan,nan,nan,nan
2.1250185495e-04,1.1881736718e-04,-3.7474796901e+00,-5.2815993334e+00,-1.2313865762e+01,1.1777563144e+01,-1.2308934741e+00,-1.4830451978e+01,-2.6743966077e-03,1.4830451978e+01,0.0000000000e+00,nan,nan,nan,nan,nan,nan
2.1294431375e-04,1.2261263719e-04,-3.3328355094e+00,-5.5157178522e+00,-1.2072791700e+01,1.2188118919e+01,-6.6599986575e-01,-1.4739627343e+01,9.6472368519e-03,1.4739627343e+01,0.0000000000e+00,nan,nan,nan,nan,nan,nan
2.1689336950e-04,1.2372096968e-04,-3.0177863442e+00,-5.7743107889e+00,-1.1778342701e+01,1.2553085401e+01,-1.5053728731e-01,-1.4645591758e+01,-3.6554894837e-02,1.4645591758e+01,0.0000000000e+00,nan,nan,nan,nan,nan,nan
2.0942206816e-04,1.2527875153e-04,-3.2151838938e+00,-5.4712092171e+00,-1.2142216088e+01,1.2229584488e+01,-6.1794609437e-01,-1.4739453887e+01,6.3699571303e-03,1.4739453887e+01,0.0000000000e+00,nan,nan,nan,nan,nan,nan
2.0548180121e-04,1.2412777163e-04,-3.5828755196e+00,-5.1882721760e+00,-1.2442364564e+01,1.1815766914e+01,-1.1907838334e+00,-1.4834456250e+01,-2.8796674577e-04,1.4834456250e+01,0.0000000000e+00,nan,nan,nan,nan,nan,nan
2.0982496917e-04,1.2907320600e-04,-2.7120058425e+00,-5.6854249588e+00,-1.1929794814e+01,1.2676356219e+01,-2.2026524404e-03,-1.4639598004e+01,-4.9910779993e-03,1.4639598004e+01,0.0000000000e+00,nan,nan,nan,nan,nan,nan
2.0232559289e-04,1.3055102136e-04,-2.8929752297e+00,-5.3971535690e+00,-1.2281551878e+01,1.2389066926e+01,-4.3443242913e-01,-1.4740094679e+01,-3.3713789223e-02,1.4740094679e+01,0.0000000000e+00,nan,nan,nan,nan,nan,nan
2.0855488395e-04,1.1768493707e-04,-4.0947357696e+00,-4.9722703111e+00,-1.2637321869e+01,1.1352842702e+01,-1.8114620290e+00,-1.4920595609e+01,7.0487543992e-04,1.4920595609e+01,0.0000000000e+00,nan,nan,nan,nan,nan,nan
1.9801824248e-04,1.2555520244e-04,-3.8883084929e+00,-4.8373571809e+00,-1.2819135529e+01,1.1402101302e+01,-1.7707157553e+00,-1.4936728267e+01,-2.4187729268e-03,1.4936728267e+01,0.0000000000e+00,nan,nan,nan,nan,nan,nan
2.2040430495e-04,1.2101658843e-04,-3.1303972205e+00,-5.8267072540e+00,-1.1701733650e+01,1.2527695747e+01,-1.8319692308e-01,-1.4648933947e+01,-3.8591861357e-02,1.4648933947e+01,0.0000000000e+00,nan,nan,nan,nan,nan,nan
2.2084593874e-04,1.2480876332e-04,-2.7328191546e+00,-6.0093247509e+00,-1.1492197320e+01,1.2879149226e+01,3.2327203544e-01,-1.4548288510e+01,2.9335486560e-01,1.4548288510e+01,0.0000000000e+00,nan,nan,nan,nan,nan,nan
2.1731795188e-04,1.2751298969e-04,-2.5760641016e+00,-5.9587440033e+00,-1.1575505013e+01,1.2932674073e+01,3.9089830023e-01,-1.4542467415e+01,3.7038425218e-01,1.4542467415e+01,0.0000000000e+00,nan,nan,nan,nan,nan,nan
2.2127261218e-04,1.2859921783e-04,-2.3058380161e+00,-6.1669264107e+00,-1.1303617964e+01,1.3221346039e+01,8.2861970460e-01,-1.4438075685e+01,8.3554284471e-01,1.4438075685e+01,0.0000000000e+00,nan,nan,nan,nan,nan,nan
2.2480171576e-04,1.2587730435e-04,-2.4784512942e+00,-6.2222306353e+00,-1.1212059541e+01,1.3166109510e+01,7.5620145192e-01,-1.4446712287e+01,7.6490697458e-01,1.4446712287e+01,0.0000000000e+00,nan,nan,nan,nan,nan,nan
2.2523105865e-04,1.2966679650e-04,-2.0685589061e+00,-6.3535885868e+00,-1.1036440587e+01,1.3468905101e+01,1.2237762392e+00,-1.4328775733e+01,1.2216349925e+00,1.4328775733e+01,0.0000000000e+00,nan,nan,nan,nan,nan,nan
2.2564974551e-04,1.3345369870e-04,-1.6368549646e+00,-6.4564703402e+00,-1.0880360951e+01,1.3752368893e+01,1.6813259249e+00,-1.4198541840e+01,1.6818225085e+00,1.4198541840e+01,0.0000000000e+00,nan,nan,nan,nan,nan,nan
2.8618380703e-04,1.2655103101e-04,-2.4870285711e+00,-7.8490023310e+00,-6.8815387524e+00,1.4116369539e+01,3.4658060917e+00,-1.2834373415e+01,3.4658060917e+00,1.2834373415e+01,0.0000000000e+00,nan,nan,nan,nan,nan,nan
1.2401638944e-04,1.4740418487e-04,-4.2100063894e+00,-1.8207812060e+00,-1.6958685865e+01,1.1488285844e+01,-3.9515812025e+00,-1.7217111052e+01,-7.3344194015e-03,1.7217111053e+01,0.0000000000e+00,nan,nan,nan,nan,nan,nan
1.1918069509e-04,9.6661439382e-05,-3.0435468557e+00,5.2029411101e-01,-2.0893878673e+01,1.5477225434e+01,-3.0329324937e+00,-2.0904493035e+01,-3.4146847082e-03,2.0904493035e+01,0.0000000000e+00,nan,nan,nan,nan,nan,nan
-1.4542538762e-04,6.7835117936e-05,4.6459935472e+01,1.7393019813e+01,-3.5271804701e+01,7.6924212827e+01,5.0006280368e+01,-3.8818149597e+01,5.0006280368e+01,3.8818149597e+01,0.0000000000e+00,nan,nan,nan,nan,nan,nan
2.5247149108e-04,7.8022858083e-05,-3.4683401918e+00,-6.0606427494e+00,-1.2063566655e+01,1.2867161028e+01,-3.3709453999e-01,-1.5194812307e+01,-6.8121087320e-03,1.5194812307e+01,0.0000000000e+00,nan,nan,nan,nan,nan,nan
-3.1952588696e-04,1.8811680310e-06,2.8978537005e+02,9.2016097512e+01,1.0506985737e+01,2.8963107374e+02,3.1736475629e+02,-1.7072400496e+01,3.1736475629e+02,1.7072400496e+01,0.0000000000e+00,nan,nan,nan,nan,nan,nan
3.2049659273e-04,3.2288324342e-06,1.2364112338e+01,-1.7972042962e+01,-6.3321776970e+00,3.5086390145e+01,2.3273104116e+01,-1.7241169474e+01,2.3273104116e+01,1.7241169474e+01,0.0000000000e+00,nan,nan,nan,nan,nan,nan
3.1303155838e-04,6.1666467355e-06,1.5208074373e+01,-1.8269809593e+01,-6.8907976037e+00,3.6982953509e+01,2.5510756549e+01,-1.7193479779e+01,2.5510756549e+01,1.7193479779e+01,0.0000000000e+00,nan,nan,nan,nan,nan,nan
3.2107743736e-04,6.6180493720e-06,3.7047085125e+00,-1.3480437203e+01,-8.2777593807e+00,2.5547313189e+01,1.2463222712e+01,-1.7036273581e+01,1.2463222712e+01,1.7036273581e+01,0.0000000000e+00,nan,nan,nan,nan,nan,nan
-2.4827387856e-04,7.1414252683e-05,5.2545303203e+00,2.8839553211e+01,-1.7724639236e+01,5.3761257627e+01,2.4804022105e+01,-3.7274131021e+01,2.4804022105e+01,3.7274131021e+01,0.0000000000e+00,nan,nan,nan,nan,nan,nan
1.0788103489e-04,1.1387725727e-04,-8.6329065423e+00,2.8558391993e+00,-2.1782572212e+01,1.2406373659e+01,-8.0449162054e+00,-2.2370562549e+01,-7.1329542840e-06,2.2370562548e+01,0.0000000000e+00,nan,nan,nan,nan,nan,nan
2.7544914124e-04,3.6365020536e-05,-2.1217256783e+00,-6.4897880025e+00,-1.3351804926e+01,1.4862288189e+01,8.4398078485e-01,-1.6317511389e+01,8.3973376309e-01,1.6317511389e+01,0.0000000000e+00,nan,nan,nan,nan,nan,nan
2.7628941470e-04,3.9987052110e-05,-2.2089920414e+00,-6.7486794384e+00,-1.2928353108e+01,1.4924741147e+01,1.0481307440e+00,-1.6185475894e+01,1.0488375844e+00,1.6185475894e+01,0.0000000000e+00,nan,nan,nan,nan,nan,nan
2.7213921533e-04,3.9313793997e-05,-2.2526991729e+00,-6.4084208218e+00,-1.3363582183e+01,1.4686131967e+01,6.7090156614e-01,-1.6287182922e+01,6.6250857598e-01,1.6287182922e+01,0.0000000000e+00,nan,nan,nan,nan,nan,nan
2.4947378340e-04,1.3955480372e-04,-1.0093082012e+00,-7.0546802684e+00,-9.3535903114e+00,1.4195204571e+01,3.0141559242e+00,-1.3377054437e+01,3.0141561340e+00,1.3377054437e+01,0.0000000000e+00,nan,nan,nan,nan,nan,nan
2.4586949880e-04,1.4227454347e-04,-7.2797825359e-01,-6.9514917470e+00,-9.5231956899e+00,1.4246537995e+01,3.0996555749e+00,-1.3350829518e+01,3.0996558144e+00,1.3350829518e+01,0.0000000000e+00,nan,nan,nan,nan,nan,nan
2.5693313199e-04,1.3768293637e-04,-1.2688511792e+00,-7.2084293011e+00,-8.9162305899e+00,1.4132379281e+01,3.0667920979e+00,-1.3251873867e+01,3.0667920631e+00,1.3251873867e+01,0.0000000000e+00,nan,nan,nan,nan,nan,nan
2.4152456920e-04,1.3756370532e-04,-1.1003609897e+00,-6.9179154174e+00,-9.8674917439e+00,1.4184523888e+01,2.7055123182e+00,-1.3673365052e+01,2.7055157027e+00,1.3673365052e+01,0.0000000000e+00,nan,nan,nan,nan,nan,nan
2.1565259968e-04,1.4907588653e-04,4.2665685309e-01,-6.3163359590e+00,-1.0983416415e+01,1.4741174600e+01,3.2324413420e+00,-1.3789200904e+01,3.2324205566e+00,1.3789200904e+01,0.0000000000e+00,nan,nan,nan,nan,nan,nan
2.1165717517e-04,1.4796255724e-04,2.6000060416e-01,-6.2359295621e+00,-1.1195404961e+01,1.4664671585e+01,2.9989499088e+00,-1.3934354265e+01,2.9990172312e+00,1.3934354265e+01,0.0000000000e+00,nan,nan,nan,nan,nan,nan
2.1201115407e-04,1.5171688983e-04,8.9971228646e-01,-6.2184611775e+00,-1.1101215659e+01,1.4966177270e+01,3.5399747895e+00,-1.3741478162e+01,3.5399613429e+00,1.3741478162e+01,0.0000000000e+00,nan,nan,nan,nan,nan,nan
2.1596021336e-04,1.5260738680e-04,9.8486455590e-01,-6.2762401526e+00,-1.0902579922e+01,1.4970562623e+01,3.6844006772e+00,-1.3602116044e+01,3.6844059890e+00,1.3602116044e+01,0.0000000000e+00,nan,nan,nan,nan,nan,nan
2.1203070333e-04,1.5556617618e-04,1.5620973731e+00,-6.1454468352e+00,-1.1031229125e+01,1.5237869748e+01,4.0630223249e+00,-1.3532154077e+01,4.0630242678e+00,1.3532154077e+01,0.0000000000e+00,nan,nan,nan,nan,nan,nan
2.0766891868e-04,1.4683052139e-04,4.8723264762e-02,-6.1381019736e+00,-1.1408971118e+01,1.4541744781e+01,2.7155563371e+00,-1.4075804190e+01,2.7153705184e+00,1.4075804190e+01,0.0000000000e+00,nan,nan,nan,nan,nan,nan
2.2410534463e-04,1.5164224095e-04,6.8582487572e-01,-6.4339012268e+00,-1.0530947528e+01,1.4781989645e+01,3.6118243747e+00,-1.3456947027e+01,3.6118233676e+00,1.3456947027e+01,0.0000000000e+00,nan,nan,nan,nan,nan,nan
2.2726563300e-04,1.4855794529e-04,2.2178129978e-01,-6.5399615134e+00,-1.0426295687e+01,1.4605502202e+01,3.3302334345e+00,-1.3534747821e+01,3.3302333867e+00,1.3534747821e+01,0.0000000000e+00,nan,nan,nan,nan,nan,nan
2.2785984734e-04,1.1934498352e-04,-2.9694903177e+00,-6.1266462564e+00,-1.1321968106e+01,1.2842142315e+01,2.6868511114e-01,-1.4560143534e+01,2.3568211943e-01,1.4560143534e+01,0.0000000000e+00,nan,nan,nan,nan,nan,nan
2.3181896771e-04,1.2037821545e-04,-2.7460019414e+00,-6.3479724148e+00,-1.1024233451e+01,1.3125446514e+01,6.9286238172e-01,-1.4463097774e+01,7.0118300296e-01,1.4463097774e+01,0.0000000000e+00,nan,nan,nan,nan,nan,nan
2.5307916797e-04,2.4807288936e-05,2.4155436491e+01,-1.5788695024e+01,-1.2492595596e+01,4.1891243878e+01,3.0017341377e+01,-1.8354500482e+01,3.0017347098e+01,1.8354500482e+01,0.0000000000e+00,nan,nan,nan,nan,nan,nan
2.4228847385e-04,2.9553885052e-05,2.3590294677e+01,-1.4017011984e+01,-1.3306343543e+01,4.0128620927e+01,2.8310245662e+01,-1.8026294527e+01,2.8310313184e+01,1.8026294527e+01,0.0000000000e+00,nan,nan,nan,nan,nan,nan
2.5033999553e-04,3.0308737012e-05,2.3600653081e+01,-1.5313506218e+01,-1.2044419965e+01,4.0696359383e+01,2.9274170603e+01,-1.7717937487e+01,2.9273251243e+01,1.7717937487e+01,0.0000000000e+00,nan,nan,nan,nan,nan,nan
2.3758001414e-04,2.6247940465e-05,2.4999906961e+01,-1.3991486033e+01,-1.3829782819e+01,4.1449658872e+01,2.9516033779e+01,-1.8345909636e+01,2.9516040242e+01,1.8345909636e+01,0.0000000000e+00,nan,nan,nan,nan,nan,nan
2.3489558927e-04,3.1637258060e-05,2.3460924747e+01,-1.3182046763e+01,-1.3682102989e+01,3.9445473014e+01,2.7663265342e+01,-1.7884443584e+01,2.7663159752e+01,1.7884443584e+01,0.0000000000e+00,nan,nan,nan,nan,nan,nan
2.3087472263e-04,3.1193581568e-05,2.4037162901e+01,-1.3025053671e+01,-1.3875033061e+01,3.9836436455e+01,2.8080642231e+01,-1.7918512391e+01,2.8080654439e+01,1.7918512391e+01,0.0000000000e+00,nan,nan,nan,nan,nan,nan
2.5434882538e-04,3.0654195414e-05,2.3688572431e+01,-1.6051931804e+01,-1.1245219735e+01,4.1086448909e+01,2.9942948685e+01,-1.7499595989e+01,2.9944933013e+01,1.7499595989e+01,0.0000000000e+00,nan,nan,nan,nan,nan,nan
-2.0266474484e-04,2.6509355227e-05,1.4222692248e+02,3.5731967017e+01,-3.7116939946e+01,1.6719009768e+02,1.4908223917e+02,-4.3972256630e+01,1.4908223917e+02,4.3972256630e+01,0.0000000000e+00,nan,nan,nan,nan,nan,nan
-2.0889121804e-04,2.4943808478e-05,1.4818993153e+02,3.7675108792e+01,-3.6191458829e+01,1.7249505848e+02,1.5558930480e+02,-4.3590832099e+01,1.5558930480e+02,4.3590832099e+01,0.0000000000e+00,nan,nan,nan,nan,nan,nan
1.6560286079e-04,8.3032460665e-05,-3.2204632063e+00,-2.5314419780e+00,-1.6548769311e+01,1.2351227290e+01,-2.7536318581e+00,-1.7015600659e+01,5.2099368316e-02,1.7015600659e+01,0.0000000000e+00,nan,nan,nan,nan,nan,nan
1.6237046419e-04,8.5390997787e-05,-3.5906095790e+00,-2.3115414449e+00,-1.6614511183e+01,1.1972477480e+01,-3.1902472850e+00,-1.7014873477e+01,2.7374122111e-02,1.7014873477e+01,0.0000000000e+00,nan,nan,nan,nan,nan,nan
-2.3442940606e-04,8.1908065657e-05,-3.2622329259e+00,2.3125117756e+01,-2.0687725538e+01,4.2796217530e+01,1.2733428479e+01,-3.6683386943e+01,1.2733428479e+01,3.6683386943e+01,0.0000000000e+00,nan,nan,nan,nan,nan,nan
-3.3643344092e-04,2.0388528715e-05,6.5626670289e+01,3.8690913513e+01,1.1071566747e+00,8.7258417698e+01,8.3745584429e+01,-1.7011757465e+01,8.3745584429e+01,1.7011757312e+01,0.0000000000e+00,nan,nan,nan,nan,nan,nan
1.4744880534e-04,8.0980344372e-05,2.1727277820e+00,-4.2517255359e+00,-1.6037104844e+01,1.7415806482e+01,3.1228320297e+00,-1.6987209092e+01,3.1340527534e+00,1.6987209092e+01,0.0000000000e+00,nan,nan,nan,nan,nan,nan
-3.4739069579e-04,1.5469108048e-05,6.2593165485e+01,3.6895551707e+01,6.0062765860e-02,8.3767752540e+01,7.9689948604e+01,-1.7036720353e+01,7.9689948604e+01,1.7036724022e+01,0.0000000000e+00,nan,nan,nan,nan,nan,nan
-2.2978004440e-04,8.3089212402e-05,-2.1441766737e+00,2.2799309003e+01,-2.1417909125e+01,4.2867412780e+01,1.2968469409e+01,-3.6530555207e+01,1.2968469409e+01,3.6530555207e+01,0.0000000000e+00,nan,nan,nan,nan,nan,nan
1.8504344424e-04,1.5815365350e-04,2.8058690234e+00,-5.5443094129e+00,-1.2129435654e+01,1.6107520592e+01,4.6378980346e+00,-1.3961464665e+01,4.6380283760e+00,1.3961464665e+01,0.0000000000e+00,nan,nan,nan,nan,nan,nan
2.4984796485e-04,1.4385772731e-04,-6.7284896946e-01,-6.9809532869e+00,-9.2649903718e+00,1.4196415136e+01,3.2273844295e+00,-1.3165223771e+01,3.2273843709e+00,1.3165223771e+01,0.0000000000e+00,nan,nan,nan,nan,nan,nan
2.5416170717e-04,1.4431817604e-04,-7.4054280513e-01,-7.0243906420e+00,-8.9997307201e+00,1.4112630706e+01,3.2777943745e+00,-1.3018067900e+01,3.2777943931e+00,1.3018067900e+01,1.0000000000e+00,2.5067450557e+01,2.3330882004e+01,-9.1677163114e+00,1.5474214444e+01,3.6572192654e-01,9.3072416561e-01
-1.9748482278e-04,1.6697756689e-05,1.7570368854e+02,3.2558805023e+01,-4.1335322916e+01,1.9623648731e+02,1.8048137158e+02,-4.6113005959e+01,1.8048137158e+02,4.6113005959e+01,0.0000000000e+00,nan,nan,nan,nan,nan,nan
2.5921795929e-04,7.2270070757e-05,-3.2109037174e+00,-6.3764559713e+00,-1.1890647163e+01,1.3358073346e+01,1.6151180202e-01,-1.5263062683e+01,1.2407264251e-01,1.5263062683e+01,0.0000000000e+00,nan,nan,nan,nan,nan,nan
1.6913099967e-04,1.5297945811e-04,9.8092729469e-01,-5.0215569428e+00,-1.2998531760e+01,1.4905414027e+01,2.5968425681e+00,-1.4614447034e+01,2.5904280414e+00,1.4614447034e+01,0.0000000000e+00,nan,nan,nan,nan,nan,nan
1.6922489024e-04,1.5671863858e-04,2.4970906122e+00,-5.0988750154e+00,-1.2839738317e+01,1.5947730412e+01,4.0361025937e+00,-1.4378750299e+01,4.0385250480e+00,1.4378750299e+01,0.0000000000e+00,nan,nan,nan,nan,nan,nan
1.7313804741e-04,1.5802967993e-04,2.9960141866e+00,-5.2238869344e+00,-1.2625497017e+01,1.6272955565e+01,4.5804538607e+00,-1.4209936691e+01,4.5800114213e+00,1.4209936691e+01,0.0000000000e+00,nan,nan,nan,nan,nan,nan
2.2090730472e-04,2.1831305648e-05,3.2914119981e+01,-1.5441119217e+01,-1.4003074008e+01,4.8644137587e+01,3.7540228917e+01,-1.8629182944e+01,3.7540228882e+01,1.8629182944e+01,0.0000000000e+00,nan,nan,nan,nan,nan,nan
2.1757183698e-04,2.4194515126e-05,3.1735000151e+01,-1.4668821493e+01,-1.4112108333e+01,4.7138506416e+01,3.6026875277e+01,-1.8403983460e+01,3.6026875333e+01,1.8403983460e+01,0.0000000000e+00,nan,nan,nan,nan,nan,nan
2.1424723586e-04,2.6548811573e-05,3.0653165837e+01,-1.3981241875e+01,-1.4220737390e+01,4.5789963274e+01,3.4653061846e+01,-1.8220633399e+01,3.4653062030e+01,1.8220633399e+01,0.0000000000e+00,nan,nan,nan,nan,nan,nan
2.0633218028e-04,2.5678102906e-05,3.4155750473e+01,-1.4432404402e+01,-1.4377165311e+01,4.8903307896e+01,3.8123630559e+01,-1.8345045397e+01,3.8123630562e+01,1.8345045397e+01,0.0000000000e+00,nan,nan,nan,nan,nan,nan
2.0238843304e-04,2.5248233187e-05,3.6158286963e+01,-1.4702734899e+01,-1.4472065289e+01,5.0706615779e+01,4.0118589107e+01,-1.8432367433e+01,4.0118589110e+01,1.8432367433e+01,0.0000000000e+00,nan,nan,nan,nan,nan,nan
2.2154951950e-04,2.4608138153e-05,3.0068096455e+01,-1.4446792667e+01,-1.4072496865e+01,4.5688689414e+01,3.4376176927e+01,-1.8380577337e+01,3.4376176951e+01,1.8380577337e+01,0.0000000000e+00,nan,nan,nan,nan,nan,nan
2.2553799813e-04,2.5021883721e-05,2.8535202498e+01,-1.4254879237e+01,-1.4026150042e+01,4.4364730858e+01,3.2868515531e+01,-1.8359463075e+01,3.2868515019e+01,1.8359463075e+01,0.0000000000e+00,nan,nan,nan,nan,nan,nan
2.2286439608e-04,3.0282760518e-05,2.5756053520e+01,-1.2985409376e+01,-1.4093318010e+01,4.1192904107e+01,2.9614102029e+01,-1.7951366520e+01,2.9614095803e+01,1.7951366520e+01,0.0000000000e+00,nan,nan,nan,nan,nan,nan
2.2953923480e-04,2.5434845108e-05,2.7117040271e+01,-1.4072490705e+01,-1.3990950952e+01,4.3145351521e+01,3.1473024974e+01,-1.8346935656e+01,3.1473026987e+01,1.8346935656e+01,0.0000000000e+00,nan,nan,nan,nan,nan,nan
1.6101791552e-04,5.7377045191e-05,1.6535360732e+01,-7.2430919062e+00,-1.6510641690e+01,3.1246207215e+01,1.8052365668e+01,-1.8027646626e+01,1.8052378392e+01,1.8027646626e+01,0.0000000000e+00,nan,nan,nan,nan,nan,nan
-1.5740919086e-04,8.2140378858e-05,2.3590709489e+01,1.7651484080e+01,-3.1228275278e+01,5.6465324204e+01,2.8781487234e+01,-3.6419053023e+01,2.8781487237e+01,3.6419053023e+01,0.0000000000e+00,nan,nan,nan,nan,nan,nan
-1.5900317971e-04,8.6303137448e-05,1.7959528112e+01,1.7175590126e+01,-3.0415891840e+01,5.1380166990e+01,2.3436171379e+01,-3.5892535107e+01,2.3436171430e+01,3.5892535107e+01,0.0000000000e+00,nan,nan,nan,nan,nan,nan
-1.6177998879e-04,8.6516379828e-05,1.7187047051e+01,1.7531846903e+01,-3.0085003634e+01,5.0969228480e+01,2.2978119492e+01,-3.5876076075e+01,2.2978119556e+01,3.5876076075e+01,0.0000000000e+00,nan,nan,nan,nan,nan,nan
-2.0862114812e-04,5.8091130581e-05,5.1986849389e+01,3.2482056235e+01,-2.7251700790e+01,8.8733867524e+01,6.3598096601e+01,-3.8862948002e+01,6.3598096601e+01,3.8862948002e+01,0.0000000000e+00,nan,nan,nan,nan,nan,nan
-1.9054707407e-04,1.1990461699e-05,1.9020352535e+02,2.9259617147e+01,-4.3918698099e+01,2.0899163062e+02,1.9380378782e+02,-4.7518960571e+01,1.9380378782e+02,4.7518960571e+01,0.0000000000e+00,nan,nan,nan,nan,nan,nan
-1.9004889267e-04,1.6654284271e-05,1.7417293923e+02,3.0277168539e+01,-4.2635046900e+01,1.9494510068e+02,1.7832055252e+02,-4.6782660190e+01,1.7832055252e+02,4.6782660190e+01,0.0000000000e+00,nan,nan,nan,nan,nan,nan
-1.0294799489e-04,9.5474995775e-05,1.2370021890e+01,7.4286411921e+00,-3.3499574516e+01,4.1754343783e+01,1.3542105309e+01,-3.4671657936e+01,1.3542089195e+01,3.4671657936e+01,0.0000000000e+00,nan,nan,nan,nan,nan,nan
1.4195150923e-04,5.3690909109e-05,2.2051590741e+01,-6.3078066013e+00,-1.9888476778e+01,3.7928238412e+01,2.2979435639e+01,-2.0816321675e+01,2.2979435695e+01,2.0816321675e+01,0.0000000000e+00,nan,nan,nan,nan,nan,nan
1.4577864427e-04,5.4413138469e-05,2.0712423075e+01,-6.4154434487e+00,-1.9115499066e+01,3.6237146829e+01,2.1719988480e+01,-2.0123064471e+01,2.1719988397e+01,2.0123064471e+01,0.0000000000e+00,nan,nan,nan,nan,nan,nan
1.5274560688e-04,5.2989835560e-05,2.0767023208e+01,-7.1129361023e+00,-1.8025397739e+01,3.5782461605e+01,2.2029826576e+01,-1.9288201106e+01,2.2029826246e+01,1.9288201106e+01,0.0000000000e+00,nan,nan,nan,nan,nan,nan
3.3289784050e-04,4.7734497586e-05,-1.8011314213e+00,-1.2088327008e+01,-2.2583351615e+00,2.0937553889e+01,1.0058569083e+01,-1.4118035665e+01,1.0058569083e+01,1.4118035665e+01,0.0000000000e+00,nan,nan,nan,nan,nan,nan
1.2167892615e-04,7.3900792873e-05,8.8032154151e+00,-1.5888600762e+00,-2.2979102867e+01,2.7664416164e+01,8.8841143932e+00,-2.3060001845e+01,8.8841224057e+00,2.3060001845e+01,0.0000000000e+00,nan,nan,nan,nan,nan,nan
1.2234736264e-04,7.6905909495e-05,6.5269523889e+00,-1.0727529005e+00,-2.2910062625e+01,2.5560923347e+01,6.5660508572e+00,-2.2949161093e+01,6.5663018503e+00,2.2949161093e+01,0.0000000000e+00,nan,nan,nan,nan,nan,nan
1.1864161501e-04,7.5897616989e-05,7.9474220960e+00,-1.2724871268e+00,-2.2828210539e+01,2.6748629674e+01,8.0029343211e+00,-2.2883722765e+01,8.0027445698e+00,2.2883722765e+01,0.0000000000e+00,nan,nan,nan,nan,nan,nan
1.1201757128e-04,7.6874718279e-05,8.4058025325e+00,-1.2058193458e+00,-2.2841166254e+01,2.7145600447e+01,8.4548378648e+00,-2.2890201586e+01,8.4546878191e+00,2.2890201586e+01,0.0000000000e+00,nan,nan,nan,nan,nan,nan
1.0844861348e-04,7.5902725442e-05,9.8599545375e+00,-1.4450842424e+00,-2.2805624298e+01,2.8403904916e+01,9.9261672689e+00,-2.2871837030e+01,9.9262300917e+00,2.2871837030e+01,0.0000000000e+00,nan,nan,nan,nan,nan,nan
1.0780012708e-04,7.3045760666e-05,1.2299119464e+01,-2.0231480725e+00,-2.2749892376e+01,3.0558857573e+01,1.2417778190e+01,-2.2868551102e+01,1.2417766517e+01,2.2868551102e+01,0.0000000000e+00,nan,nan,nan,nan,nan,nan
1.0427169443e-04,7.2152959374e-05,1.3833623840e+01,-2.2991204329e+00,-2.2702294110e+01,3.1894478263e+01,1.3979950476e+01,-2.2848620746e+01,1.3979954944e+01,2.2848620746e+01,0.0000000000e+00,nan,nan,nan,nan,nan,nan
9.7989633053e-05,7.3174702692e-05,1.4374834516e+01,-2.2377755745e+00,-2.2672791178e+01,3.2321456399e+01,1.4511823221e+01,-2.2809779884e+01,1.4511825949e+01,2.2809779884e+01,0.0000000000e+00,nan,nan,nan,nan,nan,nan
9.4580197775e-05,7.2328748838e-05,1.5952395583e+01,-2.5283139002e+00,-2.2623506018e+01,3.3697522444e+01,1.6119718437e+01,-2.2790828872e+01,1.6119717004e+01,2.2790828872e+01,0.0000000000e+00,nan,nan,nan,nan,nan,nan
9.1209651584e-05,7.1507372254e-05,1.7569045837e+01,-2.8363551450e+00,-2.2570185804e+01,3.5110859157e+01,1.7770694003e+01,-2.2771833970e+01,1.7770694513e+01,2.2771833970e+01,0.0000000000e+00,nan,nan,nan,nan,nan,nan
9.0543747834e-05,6.8871594387e-05,2.0289064090e+01,-3.5371479291e+00,-2.2483428073e+01,3.7548854101e+01,2.0581659031e+01,-2.2776023015e+01,2.0581658927e+01,2.2776023015e+01,0.0000000000e+00,nan,nan,nan,nan,nan,nan
8.7200384517e-05,6.8122954692e-05,2.1976156696e+01,-3.8789816700e+00,-2.2422480730e+01,3.9036339608e+01,2.2314479164e+01,-2.2760803198e+01,2.2314479200e+01,2.2760803198e+01,0.0000000000e+00,nan,nan,nan,nan,nan,nan
8.1296818237e-05,6.9227189383e-05,2.2526265969e+01,-3.8218270808e+00,-2.2405309547e+01,3.9474355359e+01,2.2851007904e+01,-2.2730051482e+01,2.2851007905e+01,2.2730051482e+01,0.0000000000e+00,nan,nan,nan,nan,nan,nan
7.8054242885e-05,6.8525457607e-05,2.4233872772e+01,-4.1760561571e+00,-2.2345363286e+01,4.0985363525e+01,2.4607165407e+01,-2.2718655921e+01,2.4607165405e+01,2.2718655921e+01,0.0000000000e+00,nan,nan,nan,nan,nan,nan
7.1651038957e-05,6.7209704617e-05,2.7719205207e+01,-4.9107520209e+00,-2.2224910440e+01,4.4084182416e+01,2.8199161968e+01,-2.2704867202e+01,2.8199161968e+01,2.2704867202e+01,0.0000000000e+00,nan,nan,nan,nan,nan,nan
6.8489439002e-05,6.6589954126e-05,2.9516782345e+01,-5.3010239648e+00,-2.2159510134e+01,4.5687815256e+01,3.0056508542e+01,-2.2699236332e+01,3.0056508542e+01,2.2699236333e+01,0.0000000000e+00,nan,nan,nan,nan,nan,nan
6.7763661768e-05,6.4215201496e-05,3.2680486061e+01,-6.1804389916e+00,-2.2017615627e+01,4.8566977623e+01,3.3371592821e+01,-2.2708722387e+01,3.3371592821e+01,2.2708722387e+01,0.0000000000e+00,nan,nan,nan,nan,nan,nan
6.4614394137e-05,6.3657816696e-05,3.4575163013e+01,-6.6072350018e+00,-2.1942181229e+01,5.0267873274e+01,3.5338661058e+01,-2.2705679274e+01,3.5338661058e+01,2.2705679274e+01,0.0000000000e+00,nan,nan,nan,nan,nan,nan
5.8380711975e-05,6.2620316232e-05,3.8455349648e+01,-7.4947768481e+00,-2.1785209878e+01,5.3762681128e+01,3.9374968307e+01,-2.2704828536e+01,3.9374968307e+01,2.2704828536e+01,0.0000000000e+00,nan,nan,nan,nan,nan,nan
5.3005446251e-05,6.3902366516e-05,3.8869813005e+01,-7.3967480368e+00,-2.1811725770e+01,5.4092669906e+01,3.9759461149e+01,-2.2701373914e+01,3.9759461149e+01,2.2701373914e+01,0.0000000000e+00,nan,nan,nan,nan,nan,nan
4.9966653728e-05,6.3438527059e-05,4.0854527546e+01,-7.8567195108e+00,-2.1731434401e+01,5.5884787756e+01,4.1826643827e+01,-2.2703550682e+01,4.1826643827e+01,2.2703550682e+01,0.0000000000e+00,nan,nan,nan,nan,nan,nan
4.3934859301e-05,6.2589220312e-05,4.4896318433e+01,-8.7975611095e+00,-2.1568991585e+01,5.9544636644e+01,4.6041775419e+01,-2.2714448571e+01,4.6041775419e+01,2.2714448571e+01,0.0000000000e+00,nan,nan,nan,nan,nan,nan
4.0942114255e-05,6.2196593067e-05,4.7019455926e+01,-9.3047517203e+00,-2.1463596075e+01,6.1460195358e+01,4.8261990260e+01,-2.2706130408e+01,4.8261990260e+01,2.2706130408e+01,0.0000000000e+00,nan,nan,nan,nan,nan,nan
3.1141047575e-05,5.9124816241e-05,5.6852571024e+01,-1.0884419909e+01,-2.4044613449e+01,7.2549295153e+01,5.8290333874e+01,-2.5482376299e+01,5.8290333874e+01,2.5482376299e+01,0.0000000000e+00,nan,nan,nan,nan,nan,nan
2.8112727441e-05,5.8837711471e-05,5.8532508334e+01,-1.0657725664e+01,-2.5703081244e+01,7.5248256533e+01,5.9859314710e+01,-2.7029887620e+01,5.9859314710e+01,2.7029887620e+01,0.0000000000e+00,nan,nan,nan,nan,nan,nan
2.1988341456e-05,5.8311531381e-05,6.1452098691e+01,-1.0225751061e+01,-2.8714567772e+01,8.0069356896e+01,6.2596830217e+01,-2.9859299299e+01,6.2596830217e+01,2.9859299299e+01,0.0000000000e+00,nan,nan,nan,nan,nan,nan
1.8895680272e-05,5.8071452794e-05,6.2724538730e+01,-1.0022403247e+01,-3.0062293056e+01,8.2208879002e+01,6.3794441258e+01,-3.1132195585e+01,6.3794441258e+01,3.1132195585e+01,0.0000000000e+00,nan,nan,nan,nan,nan,nan
1.3718460289e-05,5.9561599571e-05,6.1206715648e+01,-9.2975469713e+00,-3.1948294094e+01,8.2265849898e+01,6.2125421360e+01,-3.2866999807e+01,6.2125421360e+01,3.2866999807e+01,0.0000000000e+00,nan,nan,nan,nan,nan,nan
9.5135167279e-06,5.7438729279e-05,6.5875619365e+01,-9.3909501980e+00,-3.3529638255e+01,8.7610292536e+01,6.6754816535e+01,-3.4408835424e+01,6.6754816535e+01,3.4408835424e+01,0.0000000000e+00,nan,nan,nan,nan,nan,nan
4.3284638694e-06,5.8970967873e-05,6.3871963710e+01,-8.7516585130e+00,-3.4948845217e+01,8.6913136399e+01,6.4640881942e+01,-3.5717763450e+01,6.4640881942e+01,3.5717763450e+01,0.0000000000e+00,nan,nan,nan,nan,nan,nan
1.1722252861e-06,5.8800801066e-05,6.4585180116e+01,-8.5310017337e+00,-3.5788414065e+01,8.8172733140e+01,6.5304934239e+01,-3.6508168188e+01,6.5304934239e+01,3.6508168188e+01,0.0000000000e+00,nan,nan,nan,nan,nan,nan
-5.1736000689e-06,5.8498644124e-05,6.5785391172e+01,-8.0223911155e+00,-3.7255923475e+01,9.0311450647e+01,6.6406074191e+01,-3.7876606494e+01,6.6406074191e+01,3.7876606494e+01,0.0000000000e+00,nan,nan,nan,nan,nan,nan
-8.3610727577e-06,5.8364506915e-05,6.6286051555e+01,-7.7329574034e+00,-3.7893040432e+01,9.1210204702e+01,6.6856741799e+01,-3.8463730676e+01,6.6856741799e+01,3.8463730676e+01,0.0000000000e+00,nan,nan,nan,nan,nan,nan
-1.4761292715e-05,5.8129422506e-05,6.7111650584e+01,-7.0822319242e+00,-3.8994287494e+01,9.2705235494e+01,6.7582074212e+01,-3.9464711123e+01,6.7582074212e+01,3.9464711123e+01,0.0000000000e+00,nan,nan,nan,nan,nan,nan
-1.7972302451e-05,5.8026425333e-05,6.7448061514e+01,-6.7211545561e+00,-3.9466124436e+01,9.3318984276e+01,6.7868709231e+01,-3.9886772153e+01,6.7868709231e+01,3.9886772153e+01,0.0000000000e+00,nan,nan,nan,nan,nan,nan
-2.7641159412e-05,5.7772717426e-05,6.8196918990e+01,-5.4998747853e+00,-4.0606084337e+01,9.4706012921e+01,6.8473959380e+01,-4.0883124728e+01,6.8473959380e+01,4.0883124728e+01,0.0000000000e+00,nan,nan,nan,nan,nan,nan
-3.0874182716e-05,5.7706892064e-05,6.8368488648e+01,-5.0488645239e+00,-4.0903839579e+01,9.5035320591e+01,6.8600992460e+01,-4.1136343391e+01,6.8600992460e+01,4.1136343391e+01,0.0000000000e+00,nan,nan,nan,nan,nan,nan
-4.0594072866e-05,5.7546768443e-05,6.8715980449e+01,-3.5759072347e+00,-4.1587743179e+01,9.5725841279e+01,6.8831458866e+01,-4.1703221596e+01,6.8831458866e+01,4.1703221596e+01,0.0000000000e+00,nan,nan,nan,nan,nan,nan
-2.3065809175e-05,5.9674343054e-05,6.4600890389e+01,-6.0527456518e+00,-3.9890710345e+01,9.1097222173e+01,6.4950095766e+01,-4.0239915722e+01,6.4950095766e+01,4.0239915722e+01,0.0000000000e+00,nan,nan,nan,nan,nan,nan
-3.7016895121e-05,5.4077363175e-05,7.5299257545e+01,-4.1473231475e+00,-4.1921187763e+01,1.0176917244e+02,7.5445493996e+01,-4.2067424213e+01,7.5445493996e+01,4.2067424213e+01,0.0000000000e+00,nan,nan,nan,nan,nan,nan
-2.7177741109e-05,5.4248931238e-05,7.4867642414e+01,-5.6304823669e+00,-4.1052662448e+01,1.0086202760e+02,7.5140208767e+01,-4.1325228801e+01,7.5140208767e+01,4.1325228801e+01,0.0000000000e+00,nan,nan,nan,nan,nan,nan
-1.7380070011e-05,5.4487902869e-05,7.4108997714e+01,-6.9422055728e+00,-3.9813950183e+01,9.9389782263e+01,7.4530241310e+01,-4.0235193778e+01,7.4530241310e+01,4.0235193778e+01,0.0000000000e+00,nan,nan,nan,nan,nan,nan
3.2891860125e-05,6.3220573658e-05,4.9058484074e+01,-9.3943005181e+00,-2.2410660552e+01,6.3994680498e+01,5.0271257773e+01,-2.3623434251e+01,5.0271257773e+01,2.3623434251e+01,0.0000000000e+00,nan,nan,nan,nan,nan,nan
3.9284228129e-05,5.8009517624e-05,5.5589982174e+01,-1.1794874742e+01,-2.0882408662e+01,6.9308178850e+01,5.7368882472e+01,-2.2661308960e+01,5.7368882472e+01,2.2661308960e+01,0.0000000000e+00,nan,nan,nan,nan,nan,nan
4.8375435401e-05,5.9086710271e-05,4.8552345426e+01,-1.0067476865e+01,-2.1289212873e+01,6.2949452700e+01,4.9975449738e+01,-2.2712317185e+01,4.9975449738e+01,2.2712317185e+01,0.0000000000e+00,nan,nan,nan,nan,nan,nan
7.6650058998e-05,6.3597399871e-05,3.0299954193e+01,-5.8246674754e+00,-2.2092323566e+01,4.6483881244e+01,3.0941296663e+01,-2.2733666036e+01,3.0941296663e+01,2.2733666036e+01,0.0000000000e+00,nan,nan,nan,nan,nan,nan
5.9885624371e-05,6.7210889453e-05,3.1774772721e+01,-5.6025315133e+00,-2.2110922656e+01,4.7666749900e+01,3.2352335919e+01,-2.2688485854e+01,3.2352335919e+01,2.2688485854e+01,0.0000000000e+00,nan,nan,nan,nan,nan,nan
8.5254882419e-05,7.2556482765e-05,1.8111348690e+01,-2.7659982788e+00,-2.2546010605e+01,3.5538524328e+01,1.8300845630e+01,-2.2735507545e+01,1.8300845647e+01,2.2735507545e+01,0.0000000000e+00,nan,nan,nan,nan,nan,nan
-4.8783241209e-05,5.9227640889e-05,6.5578583880e+01,-2.2279542537e+00,-4.1646193228e+01,9.2938893136e+01,6.5624490296e+01,-4.1692099644e+01,6.5624490296e+01,4.1692099644e+01,0.0000000000e+00,nan,nan,nan,nan,nan,nan
1.0011888998e-04,6.8565051152e-05,1.8072133103e+01,-3.2583816707e+00,-2.2567390902e+01,3.5647985919e+01,1.8333745367e+01,-2.2829003166e+01,1.8333745682e+01,2.2829003166e+01,0.0000000000e+00,nan,nan,nan,nan,nan,nan
1.3221443628e-04,7.3811617398e-05,7.4781290240e+00,-2.6313490044e+00,-2.0274205351e+01,2.4460152035e+01,7.7240371985e+00,-2.0520113525e+01,7.7242932043e+00,2.0520113525e+01,0.0000000000e+00,nan,nan,nan,nan,nan,nan
1.3284754206e-04,7.6895107908e-05,5.4231509472e+00,-2.4839183318e+00,-1.9652058850e+01,2.2132993301e+01,5.6640356894e+00,-1.9892943592e+01,5.6633150367e+00,1.9892943592e+01,0.0000000000e+00,nan,nan,nan,nan,nan,nan
1.8995929790e-04,2.1411819799e-05,4.8011734947e+01,-1.6851895658e+01,-1.4868558614e+01,6.1786373633e+01,5.2243967616e+01,-1.9100791283e+01,5.2243967616e+01,1.9100791283e+01,0.0000000000e+00,nan,nan,nan,nan,nan,nan
1.8603336432e-04,2.1040435049e-05,5.0958804600e+01,-1.7210860966e+01,-1.5079220459e+01,6.4494764446e+01,5.5175861685e+01,-1.9296277544e+01,5.5175861685e+01,1.9296277544e+01,0.0000000000e+00,nan,nan,nan,nan,nan,nan
1.8210857775e-04,2.0677636946e-05,5.4076350783e+01,-1.7580925083e+01,-1.5305522356e+01,6.7363491177e+01,5.8277743978e+01,-1.9506915551e+01,5.8277743978e+01,1.9506915551e+01,0.0000000000e+00,nan,nan,nan,nan,nan,nan
1.7947620458e-04,2.5343261930e-05,4.5726582989e+01,-1.5227922746e+01,-1.5642557960e+01,5.9333044622e+01,4.9297961799e+01,-1.9213936770e+01,4.9297961799e+01,1.9213936770e+01,0.0000000000e+00,nan,nan,nan,nan,nan,nan
1.7555832853e-04,2.4931240470e-05,4.8360186985e+01,-1.5523652096e+01,-1.5931139771e+01,6.1831264168e+01,5.1912820619e+01,-1.9483773404e+01,5.1912820619e+01,1.9483773404e+01,0.0000000000e+00,nan,nan,nan,nan,nan,nan
1.7490576600e-04,2.2424564362e-05,5.4073590875e+01,-1.6862107994e+01,-1.5899960916e+01,6.7271019980e+01,5.7925756474e+01,-1.9752126515e+01,5.7925756474e+01,1.9752126515e+01,0.0000000000e+00,nan,nan,nan,nan,nan,nan
1.9388750007e-04,2.1791151693e-05,4.5239268674e+01,-1.6505995996e+01,-1.4687890310e+01,5.9253013498e+01,4.9485432476e+01,-1.8934054111e+01,4.9485432475e+01,1.8934054111e+01,0.0000000000e+00,nan,nan,nan,nan,nan,nan
1.9451878719e-04,2.4404735713e-05,4.0574568398e+01,-1.5267986149e+01,-1.4745212225e+01,5.4723308158e+01,4.4509194783e+01,-1.8679838609e+01,4.4509194784e+01,1.8679838609e+01,0.0000000000e+00,nan,nan,nan,nan,nan,nan
1.9781875620e-04,2.2177804943e-05,4.2618066404e+01,-1.6173452816e+01,-1.4534769616e+01,5.6874335324e+01,4.6878061203e+01,-1.8794764415e+01,4.6878061203e+01,1.8794764415e+01,0.0000000000e+00,nan,nan,nan,nan,nan,nan
1.9845063809e-04,2.4823464935e-05,3.8301698410e+01,-1.4981323904e+01,-1.4597025239e+01,5.2650860158e+01,4.2250324871e+01,-1.8545651700e+01,4.2250324869e+01,1.8545651700e+01,0.0000000000e+00,nan,nan,nan,nan,nan,nan
2.0507356166e-04,2.0314551406e-05,4.2154430048e+01,-1.6802688306e+01,-1.4216559645e+01,5.6836402170e+01,4.6783447294e+01,-1.8845576891e+01,4.6783447295e+01,1.8845576891e+01,0.0000000000e+00,nan,nan,nan,nan,nan,nan
2.8788114143e-04,8.1538510601e-05,-2.7411944405e+00,-8.5693506264e+00,-8.1619738236e+00,1.5565993307e+01,3.5354462939e+00,-1.4438614558e+01,3.5354463934e+00,1.4438614558e+01,0.0000000000e+00,nan,nan,nan,nan,nan,nan
2.4229895541e-04,4.7659481233e-05,-2.5941722736e+00,-4.7128104701e+00,-1.5255215609e+01,1.3688642200e+01,-1.0215526822e+00,-1.6827835200e+01,-3.5778853433e-02,1.6827835200e+01,0.0000000000e+00,nan,nan,nan,nan,nan,nan
2.3899973923e-04,5.0428610983e-05,-3.6131541910e+00,-4.0854631876e+00,-1.5403117872e+01,1.2424736168e+01,-2.3347112603e+00,-1.6681560802e+01,-6.2808789485e-01,1.6681560802e+01,0.0000000000e+00,nan,nan,nan,nan,nan,nan
2.3487364279e-04,4.9585375515e-05,-7.7047829511e-01,-5.2003821053e+00,-1.5384876497e+01,1.5561049034e+01,9.0649845231e-01,-1.7061853245e+01,1.0575453224e+00,1.7061853245e+01,0.0000000000e+00,nan,nan,nan,nan,nan,nan
2.3570356011e-04,5.3189355662e-05,-4.1409748569e+00,-3.7039491959e+00,-1.5592897095e+01,1.1806773173e+01,-3.0502923062e+00,-1.6683579645e+01,-1.0044544471e-01,1.6683579645e+01,0.0000000000e+00,nan,nan,nan,nan,nan,nan
2.3984278913e-04,5.4084338727e-05,-3.7106477728e+00,-4.0755366483e+00,-1.5051099989e+01,1.2094196168e+01,-2.3982864679e+00,-1.6363461294e+01,1.1110360878e-01,1.6363461294e+01,0.0000000000e+00,nan,nan,nan,nan,nan,nan
2.4066054800e-04,5.7749331179e-05,-3.7787574292e+00,-4.3169408349e+00,-1.4712576804e+01,1.2062655465e+01,-2.2812897369e+00,-1.6210044496e+01,-1.2659698466e-02,1.6210044496e+01,0.0000000000e+00,nan,nan,nan,nan,nan,nan
2.3156464721e-04,5.2298217437e-05,-2.4630577627e+00,-4.3721821017e+00,-1.5754637340e+01,1.3799811277e+01,-1.1415227961e+00,-1.7076172307e+01,-2.4434730000e-02,1.7076172307e+01,0.0000000000e+00,nan,nan,nan,nan,nan,nan
2.3079616182e-04,4.8817687065e-05,3.6681679733e+00,-6.8807050346e+00,-1.4687338805e+01,1.9886992475e+01,5.9721750425e+00,-1.6991345875e+01,5.8159346369e+00,1.6991345875e+01,0.0000000000e+00,nan,nan,nan,nan,nan,nan
2.4397545300e-04,5.4958797476e-05,-3.5857989583e+00,-4.5007176534e+00,-1.4658339894e+01,1.2354048351e+01,-1.9894562853e+00,-1.6254682567e+01,-3.8806861329e-02,1.6254682567e+01,0.0000000000e+00,nan,nan,nan,nan,nan,nan
2.4477804183e-04,5.8627516004e-05,-3.6110804258e+00,-4.6889066519e+00,-1.4284259765e+01,1.2302367748e+01,-1.8448947646e+00,-1.6050445426e+01,7.6154476039e-03,1.6050445426e+01,0.0000000000e+00,nan,nan,nan,nan,nan,nan
2.4555722108e-04,6.2307738413e-05,-3.6325029381e+00,-4.8993345147e+00,-1.3918769138e+01,1.2300858516e+01,-1.6737320627e+00,-1.5877540013e+01,-1.1523407878e-03,1.5877540013e+01,0.0000000000e+00,nan,nan,nan,nan,nan,nan
2.2676173643e-04,4.8121305966e-05,8.5375235215e+00,-8.4716196008e+00,-1.4226441766e+01,2.4600199461e+01,1.1358472659e+01,-1.7047390903e+01,1.1460799645e+01,1.7047390903e+01,0.0000000000e+00,nan,nan,nan,nan,nan,nan
2.4888839065e-04,5.9487422901e-05,-3.4648152521e+00,-5.0652737092e+00,-1.3863937441e+01,1.2570451121e+01,-1.4068230081e+00,-1.5921929685e+01,-2.4633415081e-03,1.5921929685e+01,0.0000000000e+00,nan,nan,nan,nan,nan,nan
2.4560738925e-04,4.4891049704e-05,-8.2559819283e-01,-5.6757059162e+00,-1.5099071541e+01,1.5827523386e+01,1.1756900209e+00,-1.7100359754e+01,1.3856505193e+00,1.7100359754e+01,0.0000000000e+00,nan,nan,nan,nan,nan,nan
2.4975345425e-04,4.5686725037e-05,-3.5015065930e+00,-4.6026067446e+00,-1.4997386927e+01,1.2752443471e+01,-1.8868200892e+00,-1.6612073430e+01,-6.5928193019e-01,1.6612073430e+01,0.0000000000e+00,nan,nan,nan,nan,nan,nan
1.1906439736e-04,4.9663753246e-05,3.2771519075e+01,-7.7040584638e+00,-2.1843888338e+01,4.9146700920e+01,3.3838676374e+01,-2.2911045638e+01,3.3838676374e+01,2.2911045638e+01,0.0000000000e+00,nan,nan,nan,nan,nan,nan
1.2586088384e-04,4.8285509619e-05,3.2170206303e+01,-7.6982428226e+00,-2.1859882855e+01,4.8655882939e+01,3.3246648836e+01,-2.2936325388e+01,3.3246648836e+01,2.2936325388e+01,0.0000000000e+00,nan,nan,nan,nan,nan,nan
2.0195414249e-04,9.7581241998e-05,-5.7833375926e+00,-3.0971275181e+00,-1.4678860242e+01,9.3840617564e+00,-4.8132083363e+00,-1.5648989499e+01,7.7022350824e-07,1.5648989499e+01,0.0000000000e+00,nan,nan,nan,nan,nan,nan
1.0731249806e-04,4.5450125207e-05,4.3356553288e+01,-1.0326840175e+01,-2.1259473953e+01,5.8750398337e+01,4.4968097963e+01,-2.2871018627e+01,4.4968097963e+01,2.2871018627e+01,0.0000000000e+00,nan,nan,nan,nan,nan,nan
2.0808683706e-04,1.1388821611e-04,-4.4664643852e+00,-4.6964270294e+00,-1.2918882151e+01,1.0942155990e+01,-2.3752165620e+00,-1.5010129974e+01,-1.9460653445e-04,1.5010129974e+01,0.0000000000e+00,nan,nan,nan,nan,nan,nan
-1.9468265682e-04,8.1450282397e-05,1.5468226754e+01,2.2757229573e+01,-2.6527436488e+01,5.3629206416e+01,2.5433231893e+01,-3.6492441628e+01,2.5433231893e+01,3.6492441628e+01,0.0000000000e+00,nan,nan,nan,nan,nan,nan
1.6574873703e-04,1.7018288972e-05,7.8078072797e+01,-2.1308343642e+01,-1.6310573339e+01,8.9691519660e+01,8.2667172749e+01,-2.0899673291e+01,8.2667172749e+01,2.0899673291e+01,0.0000000000e+00,nan,nan,nan,nan,nan,nan
1.5920699121e-04,2.1017187079e-05,6.8090938989e+01,-1.8617214095e+01,-1.7257216616e+01,8.0643319854e+01,7.1976303613e+01,-2.1142581240e+01,7.1976303613e+01,2.1142581240e+01,0.0000000000e+00,nan,nan,nan,nan,nan,nan
1.5527677089e-04,2.0696531354e-05,7.2234337913e+01,-1.9210964016e+01,-1.7632179739e+01,8.4643706224e+01,7.6170145661e+01,-2.1567987487e+01,7.6170145661e+01,2.1567987487e+01,0.0000000000e+00,nan,nan,nan,nan,nan,nan
1.6313491499e-04,2.1351205974e-05,6.4258496100e+01,-1.8105296449e+01,-1.6893034237e+01,7.6960049699e+01,6.8115636342e+01,-2.0750174479e+01,6.8115636342e+01,2.0750174479e+01,0.0000000000e+00,nan,nan,nan,nan,nan,nan
1.4810114799e-04,2.2358232619e-05,7.2019954850e+01,-1.8671081412e+01,-1.8573205045e+01,8.4861892338e+01,7.5718411288e+01,-2.2271661483e+01,7.5718411288e+01,2.2271661483e+01,0.0000000000e+00,nan,nan,nan,nan,nan,nan
1.6706012991e-04,2.1697660216e-05,6.0655444415e+01,-1.7651371712e+01,-1.6535090173e+01,7.3510038353e+01,6.4501217552e+01,-2.0380863310e+01,6.4501217552e+01,2.0380863310e+01,0.0000000000e+00,nan,nan,nan,nan,nan,nan
1.7098367214e-04,2.2055715134e-05,5.7269477407e+01,-1.7240154347e+01,-1.6209932010e+01,7.0294273881e+01,6.1114190646e+01,-2.0054645249e+01,6.1114190646e+01,2.0054645249e+01,0.0000000000e+00,nan,nan,nan,nan,nan,nan
-2.2900710278e-04,4.0069405714e-05,9.3996385587e+01,4.2380242438e+01,-2.5727054151e+01,1.2703321473e+02,1.0747732644e+02,-3.9207995005e+01,1.0747732644e+02,3.9207995005e+01,0.0000000000e+00,nan,nan,nan,nan,nan,nan
-1.3856109280e-04,2.5868020226e-05,1.3959880852e+02,1.7569761758e+01,-4.6119860910e+01,1.6368957905e+02,1.4124569634e+02,-4.7766748726e+01,1.4124569634e+02,4.7766748726e+01,0.0000000000e+00,nan,nan,nan,nan,nan,nan
-1.3493945521e-04,2.5848994905e-05,1.3947849443e+02,1.6686178682e+01,-4.6404770936e+01,1.6355232327e+02,1.4096383962e+02,-4.7890116119e+01,1.4096383962e+02,4.7890116119e+01,0.0000000000e+00,nan,nan,nan,nan,nan,nan
-1.3131134774e-04,2.5830812728e-05,1.3936970053e+02,1.5812741394e+01,-4.6672910700e+01,1.6342787510e+02,1.4070352260e+02,-4.8006732771e+01,1.4070352260e+02,4.8006732771e+01,0.0000000000e+00,nan,nan,nan,nan,nan,nan
-1.2686069190e-04,2.9015226070e-05,1.3063945113e+02,1.4852523697e+01,-4.6219136460e+01,1.5530833712e+02,1.3187746758e+02,-4.7457152904e+01,1.3187746758e+02,4.7457152904e+01,0.0000000000e+00,nan,nan,nan,nan,nan,nan
2.0766515741e-04,6.7365117924e-05,-4.6123467154e+00,-2.6223303299e+00,-1.6460781206e+01,1.1226894394e+01,-4.0547134600e+00,-1.7018414462e+01,7.0790282340e-02,1.7018414462e+01,0.0000000000e+00,nan,nan,nan,nan,nan,nan
-1.5273771790e-04,1.6494875091e-05,1.6818966769e+02,2.0222524046e+01,-4.7219361465e+01,1.8980830778e+02,1.7007103071e+02,-4.9100724478e+01,1.7007103071e+02,4.9100724478e+01,0.0000000000e+00,nan,nan,nan,nan,nan,nan
-1.4898137566e-04,1.6482671458e-05,1.6774825391e+02,1.9311135584e+01,-4.7549143099e+01,1.8942826280e+02,1.6946601393e+02,-4.9266903117e+01,1.6946601393e+02,4.9266903117e+01,0.0000000000e+00,nan,nan,nan,nan,nan,nan
-1.5893618179e-04,1.4969877171e-05,1.7376511834e+02,2.1527124349e+01,-4.7016765894e+01,1.9480310970e+02,1.7584380405e+02,-4.9095451600e+01,1.7584380405e+02,4.9095451600e+01,0.0000000000e+00,nan,nan,nan,nan,nan,nan
-1.3649869442e-04,1.0948695782e-04,-3.1072119672e+00,1.1267169556e+01,-2.9524399766e+01,3.0068266349e+01,1.0441158040e+00,-3.3675727537e+01,9.3081901675e-01,3.3675727537e+01,0.0000000000e+00,nan,nan,nan,nan,nan,nan
-1.2170449148e-04,7.8423768128e-05,3.2693160048e+01,1.1569728849e+01,-3.5315206744e+01,6.2211219971e+01,3.4606641249e+01,-3.7228687945e+01,3.4606641249e+01,3.7228687945e+01,0.0000000000e+00,nan,nan,nan,nan,nan,nan
-1.2654964520e-04,7.6667889096e-05,3.4803885745e+01,1.2656238174e+01,-3.5266171059e+01,6.4518949358e+01,3.7018890123e+01,-3.7481175436e+01,3.7018890123e+01,3.7481175436e+01,0.0000000000e+00,nan,nan,nan,nan,nan,nan
-1.3623887077e-04,1.4917871497e-05,1.7096946707e+02,1.6170295566e+01,-4.8876238981e+01,1.9244008492e+02,1.7215194887e+02,-5.0058720788e+01,1.7215194887e+02,5.0058720788e+01,0.0000000000e+00,nan,nan,nan,nan,nan,nan
-1.4145876883e-04,1.6462802103e-05,1.6694039771e+02,1.7529526227e+01,-4.8152317148e+01,1.8873296260e+02,1.6835906704e+02,-4.9570986485e+01,1.6835906704e+02,4.9570986485e+01,0.0000000000e+00,nan,nan,nan,nan,nan,nan
-1.3015497329e-04,1.6437626639e-05,1.6593042665e+02,1.4949937884e+01,-4.8926057532e+01,1.8786339728e+02,1.6696516755e+02,-4.9960798435e+01,1.6696516755e+02,4.9960798435e+01,0.0000000000e+00,nan,nan,nan,nan,nan,nan
-1.4522163154e-04,1.6471979160e-05,1.6733194802e+02,1.8413697351e+01,-4.7859901497e+01,1.8906994234e+02,1.6889560537e+02,-4.9423558843e+01,1.6889560537e+02,4.9423558841e+01,0.0000000000e+00,nan,nan,nan,nan,nan,nan
2.3322594606e-04,5.9607478298e-05,-4.0230660801e+00,-3.8275643598e+00,-1.5141458067e+01,1.1685951919e+01,-2.8353745871e+00,-1.6329149560e+01,-3.0423955432e-02,1.6329149560e+01,0.0000000000e+00,nan,nan,nan,nan,nan,nan
2.3402629127e-04,6.3286608647e-05,-4.1110940811e+00,-3.9920173534e+00,-1.4810629399e+01,1.1559955882e+01,-2.7867180996e+00,-1.6135005381e+01,5.9286583931e-03,1.6135005381e+01,0.0000000000e+00,nan,nan,nan,nan,nan,nan
7.2209425476e-05,1.0863997542e-04,-1.5374982880e+00,4.8023307243e+00,-2.0923082927e+01,1.8749427977e+01,-4.0530331808e-01,-2.2055277897e+01,3.0601875015e-01,2.2055277895e+01,0.0000000000e+00,nan,nan,nan,nan,nan,nan
-1.2040237681e-04,2.5784268151e-05,1.3910772045e+02,1.3252663762e+01,-4.7377446109e+01,1.6312305187e+02,1.4004427508e+02,-4.8314000734e+01,1.4004427508e+02,4.8314000734e+01,0.0000000000e+00,nan,nan,nan,nan,nan,nan
-1.1675948887e-04,2.5770293524e-05,1.3904539793e+02,1.2418422018e+01,-4.7579580430e+01,1.6304606205e+02,1.3986759657e+02,-4.8401779065e+01,1.3986759657e+02,4.8401779065e+01,0.0000000000e+00,nan,nan,nan,nan,nan,nan
-1.0862850942e-04,8.5760785799e-05,2.3703992573e+01,8.6818436108e+00,-3.4858882335e+01,5.2897740822e+01,2.4963080022e+01,-3.6117969783e+01,2.4963080031e+01,3.6117969783e+01,0.0000000000e+00,nan,nan,nan,nan,nan,nan
9.7699740828e-05,8.6360948148e-05,4.4232949572e+00,3.1854122380e-01,-2.2765811355e+01,2.3558877615e+01,4.4304661339e+00,-2.2772982531e+01,4.4290516018e+00,2.2772982531e+01,0.0000000000e+00,nan,nan,nan,nan,nan,nan
1.7701349357e-04,1.5570588119e-04,2.1227846434e+00,-5.3607439772e+00,-1.2531792664e+01,1.5723168095e+01,3.8732713221e+00,-1.4282279343e+01,3.8739849157e+00,1.4282279343e+01,0.0000000000e+00,nan,nan,nan,nan,nan,nan
-1.2260700319e-04,1.6423964026e-05,1.6538645178e+02,1.3285203487e+01,-4.9358592367e+01,1.8739201206e+02,1.6620475831e+02,-5.0176898899e+01,1.6620475831e+02,5.0176898899e+01,0.0000000000e+00,nan,nan,nan,nan,nan,nan
-1.1883019638e-04,1.6417550591e-05,1.6515346705e+02,1.2467846840e+01,-4.9550371024e+01,1.8718802939e+02,1.6587460717e+02,-5.0271511139e+01,1.6587460717e+02,5.0271511139e+01,0.0000000000e+00,nan,nan,nan,nan,nan,nan
-1.2638210488e-04,1.6430199884e-05,1.6564661319e+02,1.4112401736e+01,-4.9150592203e+01,1.8761808649e+02,1.6656936324e+02,-5.0073342246e+01,1.6656936324e+02,5.0073342246e+01,0.0000000000e+00,nan,nan,nan,nan,nan,nan
1.3499625107e-04,1.7274185976e-05,1.1344972798e+02,-2.7604195163e+01,-1.7341675184e+01,1.2295071133e+02,1.1903965269e+02,-2.2931599887e+01,1.1903965269e+02,2.2931599887e+01,0.0000000000e+00,nan,nan,nan,nan,nan,nan
1.3112924416e-04,1.7094527888e-05,1.2042771245e+02,-2.9058032456e+01,-1.7020280351e+01,1.2924087670e+02,1.2632097100e+02,-2.2913538905e+01,1.2632097100e+02,2.2913538905e+01,0.0000000000e+00,nan,nan,nan,nan,nan,nan
1.3247222219e-04,2.1221808405e-05,9.2971543947e+01,-2.3131834419e+01,-1.8295508175e+01,1.0436166951e+02,9.7591255869e+01,-2.2915220097e+01,9.7591255869e+01,2.2915220097e+01,0.0000000000e+00,nan,nan,nan,nan,nan,nan
1.2728432238e-04,1.6931207046e-05,1.2746170341e+02,-3.0490596235e+01,-1.6722446433e+01,1.3558009854e+02,1.3364683488e+02,-2.2907577903e+01,1.3364683488e+02,2.2907577903e+01,0.0000000000e+00,nan,nan,nan,nan,nan,nan
1.2480259024e-04,2.0762227815e-05,1.0510525925e+02,-2.5808561049e+01,-1.7695438546e+01,1.1536554402e+02,1.1031123824e+02,-2.2901417541e+01,1.1031123824e+02,2.2901417541e+01,0.0000000000e+00,nan,nan,nan,nan,nan,nan
1.3888628697e-04,1.7470607759e-05,1.0660430310e+02,-2.6141802330e+01,-1.7628339941e+01,1.1673309439e+02,1.1188386505e+02,-2.2907901889e+01,1.1188386505e+02,2.2907901889e+01,0.0000000000e+00,nan,nan,nan,nan,nan,nan
1.4024701836e-04,2.1753697094e-05,8.1837111825e+01,-2.0614106635e+01,-1.8903098844e+01,9.4270901343e+01,8.5894336757e+01,-2.2960323777e+01,8.5894336757e+01,2.2960323777e+01,0.0000000000e+00,nan,nan,nan,nan,nan,nan
1.4606332816e-04,1.5804312317e-05,1.0733273580e+02,-2.6290746080e+01,-1.7414344937e+01,1.1724363339e+02,1.1264983873e+02,-2.2731447871e+01,1.1264983873e+02,2.2731447871e+01,0.0000000000e+00,nan,nan,nan,nan,nan,nan
1.4999700130e-04,1.6014781601e-05,1.0066122811e+02,-2.4956168931e+01,-1.7264904981e+01,1.1090242058e+02,1.0572770394e+02,-2.2331380813e+01,1.0572770394e+02,2.2331380813e+01,0.0000000000e+00,nan,nan,nan,nan,nan,nan
1.2672664897e-04,8.1082547717e-05,3.3121342182e+00,-1.2801853683e+00,-2.0890780028e+01,2.1073583878e+01,3.3775164201e+00,-2.0956162230e+01,3.3739907815e+00,2.0956162230e+01,0.0000000000e+00,nan,nan,nan,nan,nan,nan
1.8422078745e-04,1.4332068734e-04,-1.3842709268e+00,-5.2515022843e+00,-1.2654016952e+01,1.3340721406e+01,6.8312515543e-01,-1.4721413034e+01,6.5242097525e-01,1.4721413034e+01,0.0000000000e+00,nan,nan,nan,nan,nan,nan
4.9233524147e-05,1.0443759137e-04,4.5597270240e+00,5.3534732358e+00,-2.3818471729e+01,2.6241274790e+01,5.5210347112e+00,-2.4779779416e+01,5.5254585155e+00,2.4779779416e+01,0.0000000000e+00,nan,nan,nan,nan,nan,nan
5.0311234479e-05,1.0918575107e-04,-4.4453413323e-01,4.3256458201e+00,-2.5974699877e+01,2.3308356212e+01,2.4746872810e-01,-2.6666702738e+01,1.1424084406e-01,2.6666702738e+01,0.0000000000e+00,nan,nan,nan,nan,nan,nan
5.4415124036e-05,1.0622730851e-04,4.3984712053e+00,7.1001788552e+00,-2.0023249747e+01,2.4453512403e+01,6.3058526975e+00,-2.1930631239e+01,6.2866083219e+00,2.1930631239e+01,0.0000000000e+00,nan,nan,nan,nan,nan,nan
5.7477899533e-05,1.0964345284e-04,2.0114726455e+00,7.6916093888e+00,-1.9189919012e+01,2.2681947067e+01,4.5062050613e+00,-2.1684651428e+01,4.5645315796e+00,2.1684651429e+01,0.0000000000e+00,nan,nan,nan,nan,nan,nan
-1.0946431991e-04,2.5746780887e-05,1.3895271383e+02,1.0776643131e+01,-4.7934117321e+01,1.6292068692e+02,1.3957160070e+02,-4.8553004196e+01,1.3957160070e+02,4.8553004196e+01,0.0000000000e+00,nan,nan,nan,nan,nan,nan
-1.0372532674e-04,2.7315048018e-05,1.3474705956e+02,9.5250377586e+00,-4.7817884238e+01,1.5896348334e+02,1.3524219756e+02,-4.8313022235e+01,1.3524219756e+02,4.8313022235e+01,0.0000000000e+00,nan,nan,nan,nan,nan,nan
-1.1311324565e-04,2.5757988390e-05,1.3899322916e+02,1.1593145589e+01,-4.7765152311e+01,1.6297833853e+02,1.3970962605e+02,-4.8481549195e+01,1.3970962605e+02,4.8481549195e+01,0.0000000000e+00,nan,nan,nan,nan,nan,nan
1.1587396995e-04,1.6531467247e-05,1.4760884923e+02,-3.4359053598e+01,-1.5978914656e+01,1.5366621702e+02,1.5453419905e+02,-2.2904264475e+01,1.5453419905e+02,2.2904264475e+01,0.0000000000e+00,nan,nan,nan,nan,nan,nan
1.1211086580e-04,1.6425304050e-05,1.5370714276e+02,-3.5440902704e+01,-1.5788300522e+01,1.5910864819e+02,1.6082084198e+02,-2.2901999743e+01,1.6082084198e+02,2.2901999743e+01,0.0000000000e+00,nan,nan,nan,nan,nan,nan
1.1347617827e-04,2.0204876501e-05,1.2405519324e+02,-2.9812152873e+01,-1.6833232048e+01,1.3249319244e+02,1.3010596092e+02,-2.2883999726e+01,1.3010596092e+02,2.2883999726e+01,0.0000000000e+00,nan,nan,nan,nan,nan,nan
1.1722191983e-04,2.0373471761e-05,1.1775140655e+02,-2.8507396404e+01,-1.7108125872e+01,1.2680431667e+02,1.2353214670e+02,-2.2888866028e+01,1.2353214670e+02,2.2888866028e+01,0.0000000000e+00,nan,nan,nan,nan,nan,nan
1.0836653359e-04,1.6331299264e-05,1.5940681220e+02,-3.6399169739e+01,-1.5631140895e+01,1.6417725347e+02,1.6667561714e+02,-2.2899945835e+01,1.6667561714e+02,2.2899945835e+01,0.0000000000e+00,nan,nan,nan,nan,nan,nan
1.2346066092e-04,1.6783422380e-05,1.3441425638e+02,-3.1868169646e+01,-1.6448896685e+01,1.4183654556e+02,1.4087204761e+02,-2.2906687912e+01,1.4087204761e+02,2.2906687912e+01,0.0000000000e+00,nan,nan,nan,nan,nan,nan
-9.5303005971e-05,8.7363723647e-05,2.2019855751e+01,6.1777342076e+00,-3.5362314462e+01,5.0831944282e+01,2.2676607359e+01,-3.6019066070e+01,2.2676607106e+01,3.6019066070e+01,0.0000000000e+00,nan,nan,nan,nan,nan,nan
1.6134924415e-04,1.0215791011e-04,-7.2537781497e+00,-8.7304649611e-01,-1.6923786287e+01,8.5142017425e+00,-7.1731055502e+00,-1.7004458886e+01,-2.5230222545e-05,1.7004458886e+01,0.0000000000e+00,nan,nan,nan,nan,nan,nan
1.6186853271e-04,1.0587202867e-04,-7.8122155067e+00,-7.5039569324e-01,-1.6934601201e+01,8.0102289575e+00,-7.7487005090e+00,-1.6998116199e+01,7.4533179553e-07,1.6998116199e+01,0.0000000000e+00,nan,nan,nan,nan,nan,nan
1.6856437047e-04,1.0117409616e-04,-7.3918472508e+00,-9.2036261340e-01,-1.6896247178e+01,8.3867817942e+00,-7.3019364881e+00,-1.6986157941e+01,1.3632564229e-05,1.6986157941e+01,0.0000000000e+00,nan,nan,nan,nan,nan,nan
1.6236892574e-04,1.0962463257e-04,-8.2494919013e+00,-7.2123309182e-01,-1.6926216743e+01,7.6217377093e+00,-8.1874420038e+00,-1.6988266640e+01,9.4584350268e-07,1.6988266640e+01,0.0000000000e+00,nan,nan,nan,nan,nan,nan
1.6626317651e-04,1.1107500502e-04,-8.3366730724e+00,-7.4416333339e-01,-1.6887274222e+01,7.5153125909e+00,-8.2730058996e+00,-1.6950941394e+01,-2.8761517651e-09,1.6950941394e+01,0.0000000000e+00,nan,nan,nan,nan,nan,nan
1.6284522896e-04,1.1341308269e-04,-8.6907061000e+00,-7.2760638799e-01,-1.7000140100e+01,7.3080645348e+00,-8.6261100736e+00,-1.7064736127e+01,-5.2330320517e-07,1.7064736127e+01,0.0000000000e+00,nan,nan,nan,nan,nan,nan
1.7360991599e-04,1.1011970581e-04,-7.6600791871e+00,-1.3005167750e+00,-1.6196757184e+01,7.7207620904e+00,-7.4708341142e+00,-1.6386002257e+01,-3.8552533736e-07,1.6386002257e+01,0.0000000000e+00,nan,nan,nan,nan,nan,nan
1.7306911930e-04,1.0631758672e-04,-7.8677792141e+00,-9.0604446185e-01,-1.6766553035e+01,7.8599298995e+00,-7.7792334815e+00,-1.6855098768e+01,9.7404829522e-07,1.6855098768e+01,0.0000000000e+00,nan,nan,nan,nan,nan,nan
1.5851475864e-04,1.0817847091e-04,-8.0590983948e+00,-6.8276301788e-01,-1.6950849367e+01,7.7952037456e+00,-8.0044108995e+00,-1.7005536861e+01,-5.3372447189e-06,1.7005536861e+01,0.0000000000e+00,nan,nan,nan,nan,nan,nan
-1.0748753540e-04,1.6402322615e-05,1.6459822140e+02,1.0070053944e+01,-5.0026321230e+01,1.8668619129e+02,1.6506927288e+02,-5.0497372710e+01,1.6506927288e+02,5.0497372710e+01,0.0000000000e+00,nan,nan,nan,nan,nan,nan
-1.0370358457e-04,1.6398040901e-05,1.6446107812e+02,9.2876196683e+00,-5.0151079985e+01,1.8655379285e+02,1.6486188158e+02,-5.0551883453e+01,1.6486188158e+02,5.0551883453e+01,0.0000000000e+00,nan,nan,nan,nan,nan,nan
-9.9917767606e-05,1.6394432153e-05,1.6434630271e+02,8.5128703090e+00,-5.0258188055e+01,1.8643627590e+02,1.6468309141e+02,-5.0594976754e+01,1.6468309141e+02,5.0594976754e+01,0.0000000000e+00,nan,nan,nan,nan,nan,nan
-1.1345910193e-04,1.4883552885e-05,1.6922179648e+02,1.1236845476e+01,-5.0115172558e+01,1.9094518095e+02,1.6979556358e+02,-5.0688939660e+01,1.6979556358e+02,5.0688939660e+01,0.0000000000e+00,nan,nan,nan,nan,nan,nan
-9.4844172064e-05,2.5711176455e-05,1.3890877192e+02,7.5929995050e+00,-4.8438483734e+01,1.6277889145e+02,1.3921558089e+02,-4.8745292702e+01,1.3921558089e+02,4.8745292702e+01,0.0000000000e+00,nan,nan,nan,nan,nan,nan
-9.1183993347e-05,2.5704970622e-05,1.3892498735e+02,6.8165958605e+00,-4.8519372088e+01,1.6275965977e+02,1.3917214101e+02,-4.8766525748e+01,1.3917214101e+02,4.8766525748e+01,0.0000000000e+00,nan,nan,nan,nan,nan,nan
-9.0783273880e-05,2.8878810376e-05,1.3071697130e+02,6.7169436217e+00,-4.7853268028e+01,1.5508262009e+02,1.3096884409e+02,-4.8105140816e+01,1.3096884409e+02,4.8105140816e+01,0.0000000000e+00,nan,nan,nan,nan,nan,nan
-8.5538800895e-05,2.7277234351e-05,1.3486827382e+02,5.6214382978e+00,-4.8276551619e+01,1.5890594827e+02,1.3504025311e+02,-4.8448530904e+01,1.3504025311e+02,4.8448530904e+01,0.0000000000e+00,nan,nan,nan,nan,nan,nan
-9.8502599099e-05,2.5718195879e-05,1.3890381494e+02,8.3770266560e+00,-4.8339034194e+01,1.6280414734e+02,1.3927740866e+02,-4.8712627915e+01,1.3927740866e+02,4.8712627915e+01,0.0000000000e+00,nan,nan,nan,nan,nan,nan
1.3849826004e-04,1.4755811930e-04,-4.1060165603e+00,-2.1538569266e+00,-1.6653636136e+01,1.1492472658e+01,-3.7446441650e+00,-1.7015008531e+01,-1.0735799028e-02,1.7015008531e+01,0.0000000000e+00,nan,nan,nan,nan,nan,nan
-9.0621181517e-05,1.4866530016e-05,1.6840645825e+02,6.6172403086e+00,-5.0743459481e+01,1.9013458601e+02,1.6860575380e+02,-5.0942755027e+01,1.6860575380e+02,5.0942755027e+01,0.0000000000e+00,nan,nan,nan,nan,nan,nan
-9.6130584683e-05,1.6391324312e-05,1.6425389182e+02,7.7455215548e+00,-5.0347127197e+01,1.8633289366e+02,1.6453272863e+02,-5.0625964004e+01,1.6453272863e+02,5.0625964004e+01,0.0000000000e+00,nan,nan,nan,nan,nan,nan
-8.4761913204e-05,1.6386309934e-05,1.6410183855e+02,5.4844757820e+00,-5.0497830333e+01,1.8609081191e+02,1.6424158445e+02,-5.0637576241e+01,1.6424158445e+02,5.0637576241e+01,0.0000000000e+00,nan,nan,nan,nan,nan,nan
-2.3936052027e-04,1.2299174034e-05,2.0680999846e+02,4.6346811596e+01,-3.1209858885e+01,2.2120584484e+02,2.1551332385e+02,-3.9913184275e+01,2.1551332386e+02,3.9913184275e+01,0.0000000000e+00,nan,nan,nan,nan,nan,nan
1.0093391062e-04,1.6175413697e-05,1.6952109430e+02,-3.7929776016e+01,-1.5417299690e+01,1.7311325882e+02,1.7699888388e+02,-2.2895089275e+01,1.7699888388e+02,2.2895089275e+01,0.0000000000e+00,nan,nan,nan,nan,nan,nan
9.3576537127e-05,1.6057371211e-05,1.7784177344e+02,-3.8945838732e+01,-1.5337872695e+01,1.8038667948e+02,1.8539824833e+02,-2.2894347588e+01,1.8539824833e+02,2.2894347588e+01,0.0000000000e+00,nan,nan,nan,nan,nan,nan
1.0464141571e-04,1.6248078416e-05,1.6468637776e+02,-3.7230426638e+01,-1.5506735134e+01,1.6885238609e+02,1.7207679187e+02,-2.2897149250e+01,1.7207679187e+02,2.2897149250e+01,0.0000000000e+00,nan,nan,nan,nan,nan,nan
4.0566529154e-05,9.1302815798e-05,1.5308067262e+01,2.3774837093e+00,-2.2959485970e+01,3.3388299783e+01,1.5451034513e+01,-2.3102453222e+01,1.5451021013e+01,2.3102453222e+01,0.0000000000e+00,nan,nan,nan,nan,nan,nan
-7.9863955620e-05,7.7523177290e-05,3.5403867224e+01,3.3301243620e+00,-3.7969360379e+01,6.3803269572e+01,3.5554088285e+01,-3.8119581440e+01,3.5554088285e+01,3.8119581440e+01,0.0000000000e+00,nan,nan,nan,nan,nan,nan
-7.7177597045e-05,1.6386481839e-05,1.6409912969e+02,4.0078617151e+00,-5.0493043516e+01,1.8597133404e+02,1.6417364285e+02,-5.0567556684e+01,1.6417364286e+02,5.0567556684e+01,0.0000000000e+00,nan,nan,nan,nan,nan,nan
-7.3384524273e-05,1.6387344798e-05,1.6412618790e+02,3.2778403383e+00,-5.0456073947e+01,1.8591985959e+02,1.6417593796e+02,-5.0505824007e+01,1.6417593796e+02,5.0505824007e+01,0.0000000000e+00,nan,nan,nan,nan,nan,nan
-8.0970156046e-05,1.6385742504e-05,1.6409187343e+02,4.7433058516e+00,-5.0506669843e+01,1.8602873742e+02,1.6419634342e+02,-5.0611139835e+01,1.6419634342e+02,5.0611139835e+01,0.0000000000e+00,nan,nan,nan,nan,nan,nan
-7.7836128278e-05,8.7079524293e-05,2.2358945575e+01,2.9605398968e+00,-3.6253245585e+01,5.1016821651e+01,2.2507425709e+01,-3.6401725719e+01,2.2507425819e+01,3.6401725719e+01,0.0000000000e+00,nan,nan,nan,nan,nan,nan
8.6293077645e-05,1.5971312975e-05,1.8440040734e+02,-3.9527274357e+01,-1.5408933575e+01,1.8608847194e+02,1.9193396625e+02,-2.2942492488e+01,1.9193396625e+02,2.2942492488e+01,0.0000000000e+00,nan,nan,nan,nan,nan,nan
8.2673535807e-05,1.5936360017e-05,1.8381323736e+02,-3.8048227952e+01,-1.6389084956e+01,1.8547759307e+02,1.9079761449e+02,-2.3373462085e+01,1.9079761449e+02,2.3373462085e+01,0.0000000000e+00,nan,nan,nan,nan,nan,nan
7.6298931132e-05,1.7534228978e-05,1.7438678016e+02,-3.4975115615e+01,-1.7927022636e+01,1.7721519971e+02,1.8054512202e+02,-2.4085364493e+01,1.8054512202e+02,2.4085364493e+01,0.0000000000e+00,nan,nan,nan,nan,nan,nan
8.9925509423e-05,1.6010399024e-05,1.8140419263e+02,-3.9286661193e+01,-1.5313601949e+01,1.8345105470e+02,1.8896081115e+02,-2.2870220472e+01,1.8896081115e+02,2.2870220472e+01,0.0000000000e+00,nan,nan,nan,nan,nan,nan
-6.1852931270e-05,2.5701360303e-05,1.3935074803e+02,8.5757114704e-01,-4.8395184967e+01,1.6259893307e+02,1.3935431931e+02,-4.8398756244e+01,1.3935431931e+02,4.8398756244e+01,0.0000000000e+00,nan,nan,nan,nan,nan,nan
-6.9191445694e-05,2.5693296940e-05,1.3920805960e+02,2.3076206879e+00,-4.8569233832e+01,1.6266840127e+02,1.3923605815e+02,-4.8597232375e+01,1.3923605815e+02,4.8597232375e+01,0.0000000000e+00,nan,nan,nan,nan,nan,nan
-7.2859358974e-05,2.5691693892e-05,1.3914325666e+02,3.0420705572e+00,-4.8617587509e+01,1.6269037832e+02,1.3919216829e+02,-4.8666499144e+01,1.3919216829e+02,4.8666499144e+01,0.0000000000e+00,nan,nan,nan,nan,nan,nan
3.1140296709e-05,4.0507024581e-05,9.8488665960e+01,-1.6551742516e+01,-2.7884311181e+01,1.1313263924e+02,1.0061933711e+02,-3.0014982329e+01,1.0061933711e+02,3.0014982329e+01,0.0000000000e+00,nan,nan,nan,nan,nan,nan
3.6739059596e-05,3.8984942672e-05,1.0143598917e+02,-1.8436045832e+01,-2.5817723012e+01,1.1473521189e+02,1.0405153855e+02,-2.8433272387e+01,1.0405153855e+02,2.8433272387e+01,0.0000000000e+00,nan,nan,nan,nan,nan,nan
4.0026811495e-05,3.9144617324e-05,1.0034708849e+02,-1.9439342870e+01,-2.4238427577e+01,1.1302216462e+02,1.0330770762e+02,-2.7199046713e+01,1.0330770762e+02,2.7199046713e+01,0.0000000000e+00,nan,nan,nan,nan,nan,nan
-6.2001300809e-05,1.6395681239e-05,1.6430477457e+02,1.1163097586e+00,-5.0191571331e+01,1.8576883241e+02,1.6431028702e+02,-5.0197083777e+01,1.6431028702e+02,5.0197083777e+01,0.0000000000e+00,nan,nan,nan,nan,nan,nan
-5.8206562777e-05,1.6400043803e-05,1.6439490723e+02,4.0412952924e-01,-5.0047669964e+01,1.8571352695e+02,1.6439537341e+02,-5.0048136139e+01,1.6439537341e+02,5.0048136139e+01,0.0000000000e+00,nan,nan,nan,nan,nan,nan
-5.4411784878e-05,1.6405536104e-05,1.6449788798e+02,-3.0463730741e-01,-4.9873311793e+01,1.8565114643e+02,1.6449802746e+02,-4.9873451278e+01,1.6449802746e+02,4.9873451278e+01,0.0000000000e+00,nan,nan,nan,nan,nan,nan
-5.0617164663e-05,1.6413301153e-05,1.6460959615e+02,-1.0105193368e+00,-4.9666698290e+01,1.8557645847e+02,1.6461406718e+02,-4.9671169324e+01,1.6461406718e+02,4.9671169324e+01,0.0000000000e+00,nan,nan,nan,nan,nan,nan
-6.7745441702e-05,1.4869614887e-05,1.6839756003e+02,2.2282234536e+00,-5.0642291275e+01,1.8973282516e+02,1.6841993206e+02,-5.0664663302e+01,1.6841993206e+02,5.0664663302e+01,0.0000000000e+00,nan,nan,nan,nan,nan,nan
7.1751535578e-05,1.5819071083e-05,1.7947238894e+02,-3.2123158394e+01,-2.0430717304e+01,1.8183697267e+02,1.8450446094e+02,-2.5462789303e+01,1.8450446094e+02,2.5462789303e+01,0.0000000000e+00,nan,nan,nan,nan,nan,nan
6.8091069790e-05,1.5777232028e-05,1.7844038131e+02,-3.0434962144e+01,-2.1769647436e+01,1.8121900179e+02,1.8296220640e+02,-2.6291472530e+01,1.8296220640e+02,2.6291472530e+01,0.0000000000e+00,nan,nan,nan,nan,nan,nan
6.4420948923e-05,1.5734429469e-05,1.7753193144e+02,-2.8835302694e+01,-2.3118361926e+01,1.8079927917e+02,1.8159129725e+02,-2.7177727738e+01,1.8159129725e+02,2.7177727738e+01,0.0000000000e+00,nan,nan,nan,nan,nan,nan
1.9058382424e-04,9.7742989689e-05,-6.5709895062e+00,-2.0579658058e+00,-1.5721747635e+01,8.6833562674e+00,-6.1330304925e+00,-1.6159706649e+01,-4.0570748335e-06,1.6159706649e+01,0.0000000000e+00,nan,nan,nan,nan,nan,nan
-6.9073242405e-05,8.7016279114e-05,2.2294018395e+01,1.3740517851e+00,-3.6595735790e+01,5.1054470640e+01,2.2325453670e+01,-3.6627171065e+01,2.2325454826e+01,3.6627171065e+01,0.0000000000e+00,nan,nan,nan,nan,nan,nan
5.4493331447e-05,1.7241137325e-05,1.6989385355e+02,-2.5241975624e+01,-2.6157345847e+01,1.7532094546e+02,1.7308984891e+02,-2.9353341201e+01,1.7308984891e+02,2.9353341201e+01,0.0000000000e+00,nan,nan,nan,nan,nan,nan
5.8154219518e-05,1.7290601200e-05,1.7040279776e+02,-2.6652885029e+01,-2.4785701727e+01,1.7522505731e+02,1.7397478202e+02,-2.8357685990e+01,1.7397478202e+02,2.8357685990e+01,0.0000000000e+00,nan,nan,nan,nan,nan,nan
4.9647752381e-05,1.5561219724e-05,1.7492459564e+02,-2.3229166674e+01,-2.8505273792e+01,1.8070874604e+02,1.7754190410e+02,-3.1122582248e+01,1.7754190410e+02,3.1122582248e+01,0.0000000000e+00,nan,nan,nan,nan,nan,nan
-4.4855946480e-05,1.4900917121e-05,1.6902565109e+02,-2.0120606284e+00,-4.9568946047e+01,1.8934005039e+02,1.6904388158e+02,-4.9587176538e+01,1.6904388158e+02,4.9587176538e+01,0.0000000000e+00,nan,nan,nan,nan,nan,nan
-3.9234611436e-05,1.6439193971e-05,1.6501689818e+02,-3.1165009727e+00,-4.8838047240e+01,1.8528194320e+02,1.6506200525e+02,-4.8883154313e+01,1.6506200525e+02,4.8883154313e+01,0.0000000000e+00,nan,nan,nan,nan,nan,nan
-3.5442334631e-05,1.6450770094e-05,1.6516723286e+02,-3.8168243286e+00,-4.8486030020e+01,1.8514669180e+02,1.6523509377e+02,-4.8553890930e+01,1.6523509377e+02,4.8553890930e+01,0.0000000000e+00,nan,nan,nan,nan,nan,nan
-3.1651271872e-05,1.6464886909e-05,1.6531996974e+02,-4.5177554645e+00,-4.8092960791e+01,1.8498605612e+02,1.6541525377e+02,-4.8188244824e+01,1.6541525377e+02,4.8188244824e+01,0.0000000000e+00,nan,nan,nan,nan,nan,nan
-2.7858942567e-05,1.6478509267e-05,1.6548253465e+02,-5.2206245448e+00,-4.7657259629e+01,1.8480527887e+02,1.6561001501e+02,-4.7784739991e+01,1.6561001501e+02,4.7784739991e+01,0.0000000000e+00,nan,nan,nan,nan,nan,nan
-1.3903493022e-04,3.5665301761e-05,1.1357244693e+02,1.7923911175e+01,-4.3636562341e+01,1.3964035610e+02,1.1558933949e+02,-4.5653454879e+01,1.1558933947e+02,4.5653454883e+01,0.0000000000e+00,nan,nan,nan,nan,nan,nan
-1.4486143108e-04,3.9093136576e-05,1.0497952383e+02,1.9372778482e+01,-4.2215320403e+01,1.3181525525e+02,1.0748567482e+02,-4.4721471401e+01,1.0748567480e+02,4.4721471406e+01,0.0000000000e+00,nan,nan,nan,nan,nan,nan
-6.3236024633e-05,8.7004855898e-05,2.2174483545e+01,3.4141485352e-01,-3.6783607420e+01,5.1061652921e+01,2.2175897122e+01,-3.6785020996e+01,2.2175898346e+01,3.6785020996e+01,0.0000000000e+00,nan,nan,nan,nan,nan,nan
4.6189825033e-05,1.2824238446e-04,-4.0020743489e+01,-1.0221846767e+01,-3.7851718601e+01,1.7671142846e+01,-2.8733791966e+01,-4.9138670124e+01,-9.7104779556e-06,4.9138670126e+01,0.0000000000e+00,nan,nan,nan,nan,nan,nan
3.9669810602e-05,1.2834488077e-04,-4.3206888109e+01,-9.9982359366e+00,-3.6496638095e+01,1.8168552494e+01,-2.9362144429e+01,-5.0341381775e+01,-2.7078290990e-07,5.0341381775e+01,0.0000000000e+00,nan,nan,nan,nan,nan,nan
3.9754886989e-05,1.7046881466e-05,1.6849640037e+02,-2.0270183369e+01,-3.1503533623e+01,1.7672555185e+02,1.7052897831e+02,-3.3536111561e+01,1.7052897831e+02,3.3536111561e+01,0.0000000000e+00,nan,nan,nan,nan,nan,nan
3.6048443235e-05,1.7000478783e-05,1.6825819336e+02,-1.9172300289e+01,-3.2782359834e+01,1.7724299408e+02,1.7006920710e+02,-3.4593373580e+01,1.7006920710e+02,3.4593373580e+01,0.0000000000e+00,nan,nan,nan,nan,nan,nan
3.2333820515e-05,1.6955473729e-05,1.6804784015e+02,-1.8124001148e+01,-3.4029204545e+01,1.7779544323e+02,1.6965956481e+02,-3.5640929206e+01,1.6965956481e+02,3.5640929206e+01,0.0000000000e+00,nan,nan,nan,nan,nan,nan
4.5932462133e-05,1.5518477300e-05,1.7446355121e+02,-2.1995629688e+01,-2.9829536620e+01,1.8097610709e+02,1.7680361144e+02,-3.2169596850e+01,1.7680361144e+02,3.2169596850e+01,0.0000000000e+00,nan,nan,nan,nan,nan,nan
-2.4071969616e-05,1.6494413854e-05,1.6564571830e+02,-5.9255048899e+00,-4.7177468850e+01,1.8459525670e+02,1.6581024587e+02,-4.7341996426e+01,1.6581024587e+02,4.7341996426e+01,0.0000000000e+00,nan,nan,nan,nan,nan,nan
-1.8179700011e-05,1.4988755206e-05,1.7025714264e+02,-6.9371707736e+00,-4.6626970063e+01,1.8821050059e+02,1.7047846947e+02,-4.6848296890e+01,1.7047846947e+02,4.6848296890e+01,0.0000000000e+00,nan,nan,nan,nan,nan,nan
-1.2720363935e-05,1.6553836756e-05,1.6613526181e+02,-8.0702227472e+00,-4.5455030270e+01,1.8377429890e+02,1.6644225671e+02,-4.5762025169e+01,1.6644225671e+02,4.5762025169e+01,0.0000000000e+00,nan,nan,nan,nan,nan,nan
-8.9391423444e-06,1.6576017054e-05,1.6629994148e+02,-8.8006624125e+00,-4.4781852133e+01,1.8343597163e+02,1.6666585227e+02,-4.5147762930e+01,1.6666585227e+02,4.5147762930e+01,0.0000000000e+00,nan,nan,nan,nan,nan,nan
-1.5787873666e-04,1.0495782142e-04,-1.9215901246e+00,1.3733623059e+01,-2.8450315796e+01,3.3068319133e+01,3.9060499931e+00,-3.4277955913e+01,3.9025509386e+00,3.4277955913e+01,0.0000000000e+00,nan,nan,nan,nan,nan,nan
-1.5403166324e-04,1.0893663176e-04,-4.8420582466e+00,1.2790587280e+01,-2.8433562380e+01,3.0134455320e+01,7.6032557755e-01,-3.4035946205e+01,6.4744097273e-01,3.4035946205e+01,1.0000000000e+00,1.8784901348e+01,1.8359509756e+01,3.9750371321e+00,2.1757050206e+01,-2.1160809196e-01,9.7735460065e-01
2.7241153512e-05,1.5317914817e-05,1.7281343504e+02,-1.6619018654e+01,-3.6080688336e+01,1.8318201171e+02,1.7412655712e+02,-3.7393810420e+01,1.7412655712e+02,3.7393810420e+01,0.0000000000e+00,nan,nan,nan,nan,nan,nan
2.3482207340e-05,1.5281433354e-05,1.7256452566e+02,-1.5675126387e+01,-3.7226660035e+01,1.8370067197e+02,1.7372856522e+02,-3.8390699595e+01,1.7372856522e+02,3.8390699595e+01,0.0000000000e+00,nan,nan,nan,nan,nan,nan
1.7402687884e-05,1.6791253245e-05,1.6737083901e+02,-1.4348047624e+01,-3.8621316342e+01,1.8011603738e+02,1.6836480401e+02,-3.9615281331e+01,1.6836480401e+02,3.9615281331e+01,0.0000000000e+00,nan,nan,nan,nan,nan,nan
1.3653610035e-05,1.6754621282e-05,1.6722058032e+02,-1.3489463953e+01,-3.9655465108e+01,1.8067599079e+02,1.6809588952e+02,-4.0530774314e+01,1.6809588952e+02,4.0530774314e+01,0.0000000000e+00,nan,nan,nan,nan,nan,nan
2.4718821471e-04,1.2056048563e-04,-2.3750618029e+00,-6.9850472444e+00,-1.0011001464e+01,1.3787343607e+01,1.7670949096e+00,-1.4153158176e+01,1.7670670648e+00,1.4153158176e+01,0.0000000000e+00,nan,nan,nan,nan,nan,nan
-1.3927823351e-06,1.6628822069e-05,1.6661334827e+02,-1.0294753978e+01,-4.3281688413e+01,1.8264616448e+02,1.6711664216e+02,-4.3784982305e+01,1.6711664216e+02,4.3784982305e+01,0.0000000000e+00,nan,nan,nan,nan,nan,nan
4.6049297003e-06,1.5122911648e-05,1.7147008141e+02,-1.1417959617e+01,-4.2261837025e+01,1.8614996532e+02,1.7207785478e+02,-4.2869610391e+01,1.7207785478e+02,4.2869610391e+01,0.0000000000e+00,nan,nan,nan,nan,nan,nan
9.8991197125e-06,1.6719743821e-05,1.6707218438e+02,-1.2657988545e+01,-4.0639691663e+01,1.8121399379e+02,1.6784019446e+02,-4.1407701738e+01,1.6784019446e+02,4.1407701738e+01,0.0000000000e+00,nan,nan,nan,nan,nan,nan
8.2423403831e-07,3.9390318662e-05,1.0533166946e+02,-1.0527115830e+01,-3.8381872927e+01,1.2578741649e+02,1.0609829704e+02,-3.9148500501e+01,1.0609829704e+02,3.9148500501e+01,0.0000000000e+00,nan,nan,nan,nan,nan,nan
7.6516813542e-06,3.9587895865e-05,1.0426655079e+02,-1.1700974410e+01,-3.6527769165e+01,1.2360347372e+02,1.0523188964e+02,-3.7493108016e+01,1.0523188964e+02,3.7493108016e+01,0.0000000000e+00,nan,nan,nan,nan,nan,nan
-5.7394754463e-05,8.7020885656e-05,2.1996518764e+01,-6.6405096520e-01,-3.6937617418e+01,5.1050515945e+01,2.2003479796e+01,-3.6944578450e+01,2.2003480127e+01,3.6944578450e+01,0.0000000000e+00,nan,nan,nan,nan,nan,nan
-6.3188258787e-05,9.4845898345e-05,1.2193459429e+01,6.2209727897e-01,-3.5436708136e+01,4.1261854699e+01,1.2200918565e+01,-3.5444167271e+01,1.2201152603e+01,3.5444167271e+01,0.0000000000e+00,nan,nan,nan,nan,nan,nan
-2.6812555598e-05,3.8852609533e-05,1.0757482088e+02,-5.9056024032e+00,-4.3442676279e+01,1.3118381234e+02,1.0780508167e+02,-4.3672937068e+01,1.0780508167e+02,4.3672937068e+01,0.0000000000e+00,nan,nan,nan,nan,nan,nan
1.3029557922e-04,1.5816815523e-04,1.3765282862e-01,-1.2939389318e+00,-1.7044293791e+01,1.5066441046e+01,2.4529331269e-01,-1.7151934275e+01,5.2513736670e-01,1.7151934275e+01,0.0000000000e+00,nan,nan,nan,nan,nan,nan
1.2628411608e-04,1.5988240687e-04,1.1255929193e+00,-8.6602366629e-01,-1.7494979687e+01,1.6205883455e+01,1.1717777914e+00,-1.7541164559e+01,1.1486901239e+00,1.7541164559e+01,0.0000000000e+00,nan,nan,nan,nan,nan,nan
-5.4616548498e-05,3.5344928804e-05,1.1548485965e+02,-7.8579204735e-01,-4.6251517607e+01,1.4007379319e+02,1.1548831323e+02,-4.6254971182e+01,1.1548831323e+02,4.6254971182e+01,0.0000000000e+00,nan,nan,nan,nan,nan,nan
-4.5722437590e-05,8.7140972336e-05,2.1481209478e+01,-2.5546870312e+00,-3.7135388069e+01,5.0955184257e+01,2.1591900052e+01,-3.7246078643e+01,2.1591894921e+01,3.7246078643e+01,0.0000000000e+00,nan,nan,nan,nan,nan,nan
3.0745412038e-05,1.2804478162e-04,-4.3067213607e+01,-8.5596303874e+00,-3.4862928652e+01,1.6371357860e+01,-2.9513063262e+01,-4.8417078997e+01,8.5582310372e-08,4.8417078997e+01,0.0000000000e+00,nan,nan,nan,nan,nan,nan
3.5355975455e-05,1.2974896657e-04,-4.7209117798e+01,-9.3622053464e+00,-3.5356011936e+01,1.9080039551e+01,-3.0266698896e+01,-5.2298430838e+01,6.7093665905e-08,5.2298430838e+01,0.0000000000e+00,nan,nan,nan,nan,nan,nan
-5.0471699657e-05,9.6912319224e-05,8.9203240540e+00,-1.3474623197e+00,-3.5498270486e+01,3.8537358751e+01,8.9605812329e+00,-3.5538527665e+01,8.9627218922e+00,3.5538527665e+01,0.0000000000e+00,nan,nan,nan,nan,nan,nan
-3.9896226870e-05,8.7249899003e-05,2.1149202889e+01,-3.4183908960e+00,-3.7172909181e+01,5.0853580522e+01,2.1348475258e+01,-3.7372181550e+01,2.1348470256e+01,3.7372181550e+01,0.0000000000e+00,nan,nan,nan,nan,nan,nan
-4.4833097320e-05,9.6999388476e-05,8.4400327122e+00,-2.2224393524e+00,-3.5639667670e+01,3.8366804171e+01,8.5512672371e+00,-3.5750902195e+01,8.5552430276e+00,3.5750902195e+01,0.0000000000e+00,nan,nan,nan,nan,nan,nan
-4.0742602104e-05,3.8709430639e-05,1.0784676852e+02,-3.4478147672e+00,-4.4821628958e+01,1.3234891401e+02,1.0792425091e+02,-4.4899111350e+01,1.0792425091e+02,4.4899111350e+01,0.0000000000e+00,nan,nan,nan,nan,nan,nan
-4.0466314707e-05,9.5097615180e-05,1.0609108289e+01,-2.9958536349e+00,-3.6027614873e+01,4.0719721100e+01,1.0800288646e+01,-3.6218795230e+01,1.0799333379e+01,3.6218795230e+01,0.0000000000e+00,nan,nan,nan,nan,nan,nan
1.7130561695e-04,9.5072688068e-05,-6.6529619986e+00,-1.1748504834e+00,-1.6865987282e+01,9.0789643915e+00,-6.5177321052e+00,-1.7001217176e+01,1.5250341418e-04,1.7001217176e+01,0.0000000000e+00,nan,nan,nan,nan,nan,nan
1.7524543599e-04,9.6369844833e-05,-7.0087662105e+00,-1.1071912209e+00,-1.6875587230e+01,8.7604505316e+00,-6.8843282477e+00,-1.7000025193e+01,-6.3625775413e-05,1.7000025193e+01,0.0000000000e+00,nan,nan,nan,nan,nan,nan
1.7190680837e-04,9.8784598585e-05,-7.1963171244e+00,-1.0183148015e+00,-1.6880794079e+01,8.5730999435e+00,-7.0888740416e+00,-1.6988237162e+01,-1.7182258100e-05,1.6988237162e+01,0.0000000000e+00,nan,nan,nan,nan,nan,nan
1.7585950661e-04,1.0011672076e-04,-7.5557685429e+00,-9.3616378692e-01,-1.6908862540e+01,8.2632718660e+00,-7.4615133053e+00,-1.7003117778e+01,1.1556248608e-05,1.7003117778e+01,0.0000000000e+00,nan,nan,nan,nan,nan,nan
-2.7481743675e-04,3.5747667461e-05,8.8939712806e+01,4.8009527302e+01,-5.6265693165e+00,1.1670826319e+02,1.0903811891e+02,-2.5724975424e+01,1.0903811891e+02,2.5724975424e+01,0.0000000000e+00,nan,nan,nan,nan,nan,nan
-2.6586623945e-05,8.5696732149e-05,2.2992150195e+01,-5.1510630983e+00,-3.7283009845e+01,5.2956239907e+01,2.3428869541e+01,-3.7719729191e+01,2.3428866619e+01,3.7719729191e+01,0.0000000000e+00,nan,nan,nan,nan,nan,nan
2.3180505161e-05,1.2409862534e-04,-3.5281284731e+01,-7.4700037664e+00,-3.4738424088e+01,1.2859591921e+01,-2.7585365552e+01,-4.2434343267e+01,3.9703740791e-07,4.2434343267e+01,0.0000000000e+00,nan,nan,nan,nan,nan,nan
1.2995934516e-05,1.2854018492e-04,-4.2095710625e+01,-6.2214589412e+00,-3.4812379952e+01,1.2432765332e+01,-3.1275984877e+01,-4.5632105700e+01,-3.3883666025e-08,4.5632105700e+01,1.0000000000e+00,1.4422032341e+01,1.4373124233e+01,1.1867251711e+00,1.9895689150e+01,-8.2285571344e-02,9.9660879223e-01
8.9644750747e-06,1.2772953822e-04,-4.0212831384e+01,-5.7191032626e+00,-3.4330103980e+01,1.1046659205e+01,-3.0893676016e+01,-4.3649259347e+01,-2.0773784339e-08,4.3649259347e+01,1.0000000000e+00,1.4834859838e+01,1.4790298897e+01,1.1489669118e+00,1.9908701513e+01,-7.7450473028e-02,9.9699620071e-01
1.7865811572e-05,1.3008308564e-04,-4.4716284055e+01,-6.2173280966e+00,-3.4778033078e+01,1.3756293326e+01,-3.1804958912e+01,-4.7689358221e+01,-2.0897703716e-08,4.7689358221e+01,1.0000000000e+00,1.3731325033e+01,1.3659557707e+01,1.4020593510e+00,1.9891324327e+01,-1.0210663193e-01,9.9477345950e-01
-2.2485378813e-05,8.7811454767e-05,1.9873871396e+01,-5.5205112082e+00,-3.6976689023e+01,5.0153384113e+01,2.0404661005e+01,-3.7507478632e+01,2.0404680806e+01,3.7507478632e+01,0.0000000000e+00,nan,nan,nan,nan,nan,nan
-3.6158070696e-06,1.0932697515e-04,-1.0885803534e+01,-6.2654134511e+00,-3.5321065591e+01,2.3777791243e+01,-9.3753203877e+00,-3.6831548737e+01,4.2880618432e-03,3.6831548737e+01,0.0000000000e+00,nan,nan,nan,nan,nan,nan
-8.9232398192e-06,1.0885696870e-04,-9.8879588260e+00,-5.8459926560e+00,-3.5168353787e+01,2.4118585575e+01,-8.6032844324e+00,-3.6453028180e+01,2.5614868539e-03,3.6453028180e+01,0.0000000000e+00,nan,nan,nan,nan,nan,nan
-9.7258062654e-07,1.0958825273e-04,-1.1382827034e+01,-6.4331452030e+00,-3.5391109500e+01,2.3584534208e+01,-9.7704310931e+00,-3.7003505441e+01,4.6149205767e-03,3.7003505441e+01,0.0000000000e+00,nan,nan,nan,nan,nan,nan
4.2915950566e-06,1.1016817033e-04,-1.2372108011e+01,-6.6741996056e+00,-3.5504759946e+01,2.3123222933e+01,-1.0588234994e+01,-3.7288632963e+01,2.5076221670e-03,3.7288632963e+01,0.0000000000e+00,nan,nan,nan,nan,nan,nan
9.5237846076e-06,1.1083134203e-04,-1.3359126379e+01,-6.7841875436e+00,-3.5556432867e+01,2.2522121876e+01,-1.1454626495e+01,-3.7460932751e+01,-1.0308360042e-05,3.7460932751e+01,0.0000000000e+00,nan,nan,nan,nan,nan,nan
1.3943707917e-05,1.0933686909e-04,-1.0900108579e+01,-6.6707014757e+00,-3.5477287843e+01,2.4210573287e+01,-9.2107172062e+00,-3.7166679216e+01,3.5866806818e-03,3.7166679216e+01,0.0000000000e+00,nan,nan,nan,nan,nan,nan
1.9155455298e-05,1.1016873638e-04,-1.1760966096e+01,-6.4970031774e+00,-3.5301844493e+01,2.3276233421e+01,-1.0092865664e+01,-3.6969944926e+01,4.5282503525e-03,3.6969944926e+01,0.0000000000e+00,nan,nan,nan,nan,nan,nan
2.1746494385e-05,1.1062443093e-04,-1.2163683327e+01,-6.3756406725e+00,-3.5191225011e+01,2.2783634279e+01,-1.0523316785e+01,-3.6831591553e+01,3.6941538334e-03,3.6831591553e+01,0.0000000000e+00,nan,nan,nan,nan,nan,nan
2.3114112501e-05,1.1520935683e-04,-1.9558492314e+01,-6.9302592416e+00,-3.5356079918e+01,1.8174217766e+01,-1.6964396597e+01,-3.7950175635e+01,1.6329135131e-04,3.7950175635e+01,0.0000000000e+00,nan,nan,nan,nan,nan,nan
2.7535077160e-05,1.1392540251e-04,-1.6592614728e+01,-6.4901195437e+00,-3.5175275506e+01,1.9605472591e+01,-1.4564720239e+01,-3.7203169995e+01,-1.6092114265e-04,3.7203169995e+01,0.0000000000e+00,nan,nan,nan,nan,nan,nan
3.2583197783e-05,1.1506348992e-04,-1.7212922984e+01,-6.1811594688e+00,-3.5135436011e+01,1.8821168236e+01,-1.5307772950e+01,-3.7040586045e+01,1.6012509306e-04,3.7040586045e+01,0.0000000000e+00,nan,nan,nan,nan,nan,nan
3.7070279096e-05,1.1398933095e-04,-1.3685522328e+01,-4.7690314860e+00,-3.4526639342e+01,1.9816402960e+01,-1.2665075252e+01,-3.5547086419e+01,-8.0346204012e-04,3.5547086419e+01,0.0000000000e+00,nan,nan,nan,nan,nan,nan
-2.3529398844e-05,9.5674370631e-05,8.9493484231e+00,-5.1620185323e+00,-3.6187695194e+01,4.0098526140e+01,9.5317214756e+00,-3.6770068246e+01,9.5355949855e+00,3.6770068246e+01,0.0000000000e+00,nan,nan,nan,nan,nan,nan
-1.1792776872e-04,6.6975700621e-05,5.0185351473e+01,1.1527568950e+01,-3.7982774500e+01,7.8921788091e+01,5.1666804086e+01,-3.9464227113e+01,5.1666804086e+01,3.9464227113e+01,0.0000000000e+00,nan,nan,nan,nan,nan,nan
-6.3252604323e-05,6.8168355831e-05,4.9970277361e+01,2.5890846961e-01,-4.0175866358e+01,7.8069331536e+01,4.9970555080e+01,-4.0176144076e+01,4.9970555080e+01,4.0176144076e+01,0.0000000000e+00,nan,nan,nan,nan,nan,nan
-6.0121299907e-05,6.8175380744e-05,4.9990096505e+01,-3.1516745513e-01,-4.0198382996e+01,7.8106649173e+01,4.9990751679e+01,-4.0199038171e+01,4.9990751679e+01,4.0199038171e+01,0.0000000000e+00,nan,nan,nan,nan,nan,nan
-8.5088670910e-05,6.8265077454e-05,4.9435946157e+01,4.5278265806e+00,-3.9604561149e+01,7.7508078148e+01,4.9665002287e+01,-3.9833617279e+01,4.9665002287e+01,3.9833617279e+01,0.0000000000e+00,nan,nan,nan,nan,nan,nan
-8.1967096523e-05,6.8237199297e-05,4.9553946311e+01,3.8948478075e+00,-3.9726960719e+01,7.7612271399e+01,4.9722958580e+01,-3.9895972989e+01,4.9722958580e+01,3.9895972989e+01,0.0000000000e+00,nan,nan,nan,nan,nan,nan
-1.2716260895e-04,6.7217397571e-05,4.9169175131e+01,1.3514748214e+01,-3.7180942948e+01,7.8357930368e+01,5.1234088283e+01,-3.9245856099e+01,5.1234088283e+01,3.9245856099e+01,0.0000000000e+00,nan,nan,nan,nan,nan,nan
-1.4957727049e-05,8.6227787854e-05,2.2000426386e+01,-6.1532323224e+00,-3.6829156297e+01,5.2050245979e+01,2.2636858572e+01,-3.7465588483e+01,2.2636853028e+01,3.7465588483e+01,0.0000000000e+00,nan,nan,nan,nan,nan,nan
-9.1308964192e-05,6.8333421130e-05,4.9157853330e+01,5.8054009354e+00,-3.9323385954e+01,7.7282828382e+01,4.9536495458e+01,-3.9702028082e+01,4.9536495458e+01,3.9702028082e+01,0.0000000000e+00,nan,nan,nan,nan,nan,nan
-1.7915825282e-05,9.5959779326e-05,8.3333904281e+00,-5.7077137743e+00,-3.6170386622e+01,3.9788297313e+01,9.0532860672e+00,-3.6890282261e+01,9.0574313593e+00,3.6890282261e+01,0.0000000000e+00,nan,nan,nan,nan,nan,nan
4.2989081280e-06,1.2302879176e-04,-3.1891152224e+01,-5.7635644332e+00,-3.4485086853e+01,1.0168070877e+01,-2.7317581081e+01,-3.9058657997e+01,4.3925164478e-07,3.9058657997e+01,0.0000000000e+00,nan,nan,nan,nan,nan,nan
2.2255663018e-07,1.2475016921e-04,-3.3774059812e+01,-4.8435248486e+00,-3.3835740831e+01,8.3137899846e+00,-2.9004931436e+01,-3.8604869207e+01,-3.3665918393e-07,3.8604869207e+01,0.0000000000e+00,nan,nan,nan,nan,nan,nan
-4.7961890409e-06,1.2419290609e-04,-3.1823049228e+01,-4.1607447182e+00,-3.3500885075e+01,7.2736709687e+00,-2.8462511260e+01,-3.6861423043e+01,-4.7437555587e-07,3.6861423043e+01,0.0000000000e+00,nan,nan,nan,nan,nan,nan
9.9891106774e-05,1.5107835464e-04,-6.2578004076e-01,-2.9270996149e+00,-1.8122499953e+01,1.5975133278e+01,-1.5089249869e-01,-1.8597387495e+01,-9.5737188840e-02,1.8597370409e+01,0.0000000000e+00,nan,nan,nan,nan,nan,nan
1.0285968707e-04,1.5306018224e-04,8.2281715505e-01,-2.6387562558e+00,-1.7860154131e+01,1.6810130513e+01,1.1866648889e+00,-1.8224001864e+01,1.0421257028e+00,1.8224003584e+01,0.0000000000e+00,nan,nan,nan,nan,nan,nan
-1.2322112105e-05,9.6299976070e-05,7.6941835266e+00,-6.1353432771e+00,-3.6106218266e+01,3.9391784529e+01,8.5368400324e+00,-3.6948874771e+01,8.5395990487e+00,3.6948874771e+01,0.0000000000e+00,nan,nan,nan,nan,nan,nan
-9.1746811670e-06,8.6574633731e-05,2.1416734469e+01,-6.4356085127e+00,-3.6458290740e+01,5.1345349859e+01,2.2123473427e+01,-3.7165029698e+01,2.2123471082e+01,3.7165029698e+01,0.0000000000e+00,nan,nan,nan,nan,nan,nan
-1.5321422354e-04,7.2019045230e-05,3.8794454863e+01,1.8466216126e+01,-3.3534995117e+01,7.0330596155e+01,4.3235118496e+01,-3.7975658749e+01,4.3235118496e+01,3.7975658749e+01,0.0000000000e+00,nan,nan,nan,nan,nan,nan
-1.5908268475e-04,7.2329789453e-05,3.7427973733e+01,1.9567735252e+01,-3.2773055093e+01,6.9602751161e+01,4.2512626439e+01,-3.7857707800e+01,4.2512626439e+01,3.7857707800e+01,0.0000000000e+00,nan,nan,nan,nan,nan,nan
-2.3412654578e-05,1.0582774107e-04,-4.5630852012e+00,-4.4901635604e+00,-3.5001176990e+01,2.7482240380e+01,-3.9152522145e+00,-3.5649009977e+01,6.1572258050e-02,3.5649009977e+01,0.0000000000e+00,nan,nan,nan,nan,nan,nan
-2.6549323124e-05,1.0980844697e-04,-9.2671124422e+00,-3.6261679693e+00,-3.4360686509e+01,2.2619636600e+01,-8.7544461954e+00,-3.4873352756e+01,4.1021031091e-03,3.4873352756e+01,0.0000000000e+00,nan,nan,nan,nan,nan,nan
-3.1916602315e-05,1.0957316492e-04,-8.2736333272e+00,-2.9022081301e+00,-3.4190520499e+01,2.2999364359e+01,-7.9533877093e+00,-3.4510766117e+01,2.7616840073e-03,3.4510766117e+01,0.0000000000e+00,nan,nan,nan,nan,nan,nan
-4.1412175646e-06,1.1993039572e-04,-2.5950605560e+01,-5.1155563105e+00,-3.4184635251e+01,1.1347969143e+01,-2.3515867366e+01,-3.6619373445e+01,-6.2702618726e-06,3.6619373445e+01,0.0000000000e+00,nan,nan,nan,nan,nan,nan
-9.8141170589e-06,1.2370541585e-04,-2.9938835264e+01,-3.4852443462e+00,-3.3225322530e+01,6.6265756773e+00,-2.7756223646e+01,-3.5407934148e+01,-3.1114007526e-07,3.5407934148e+01,0.0000000000e+00,nan,nan,nan,nan,nan,nan
-1.2335324178e-05,1.2348201300e-04,-2.9018338829e+01,-3.1493954469e+00,-3.3105356695e+01,6.4661249071e+00,-2.7328628806e+01,-3.4795066718e+01,-1.3821604801e-07,3.4795066718e+01,0.0000000000e+00,nan,nan,nan,nan,nan,nan
-3.4169009820e-06,8.6984078641e-05,2.0766850558e+01,-6.5410569672e+00,-3.5965631611e+01,5.0420668901e+01,2.1510996236e+01,-3.6709777289e+01,2.1511003287e+01,3.6709777289e+01,0.0000000000e+00,nan,nan,nan,nan,nan,nan
-1.4364177473e-05,1.1900853624e-04,-2.2823165574e+01,-3.8433232898e+00,-3.3653667390e+01,1.1493314608e+01,-2.1602748199e+01,-3.4874084765e+01,2.2554869692e-06,3.4874084765e+01,0.0000000000e+00,nan,nan,nan,nan,nan,nan
-1.7402976879e-05,1.2308547027e-04,-2.7246599801e+01,-2.4794293038e+00,-3.2886793840e+01,6.4835467113e+00,-2.6323419381e+01,-3.3809974260e+01,5.3850239723e-07,3.3809974260e+01,0.0000000000e+00,nan,nan,nan,nan,nan,nan
-2.2515902192e-05,1.2273684065e-04,-2.5549775191e+01,-1.8100647757e+00,-3.2690459150e+01,6.9103375304e+00,-2.5130431937e+01,-3.3109802404e+01,1.3874887166e-06,3.3109802404e+01,0.0000000000e+00,nan,nan,nan,nan,nan,nan
-2.6493167401e-05,1.2464755547e-04,-2.6667880680e+01,-7.4128683361e-01,-3.2243462000e+01,4.9870077486e+00,-2.6576421074e+01,-3.2334921606e+01,-4.0036678207e-07,3.2334921606e+01,0.0000000000e+00,nan,nan,nan,nan,nan,nan
-1.4483636068e-04,1.1007516408e-04,-4.5280243008e+00,1.1939241443e+01,-2.8948529723e+01,2.9576181563e+01,3.3753937527e-01,-3.3814093399e+01,2.2727448443e-01,3.3814093399e+01,1.0000000000e+00,1.8892721818e+01,1.8508996084e+01,3.7884035741e+00,2.1658646095e+01,-2.0052185231e-01,9.7968922968e-01
1.2300257868e-04,1.5757996736e-04,7.1858882756e-01,-1.0135534079e+00,-1.7410567734e+01,1.5808803575e+01,7.8122754682e-01,-1.7473206453e+01,7.5627046564e-01,1.7473206453e+01,0.0000000000e+00,nan,nan,nan,nan,nan,nan
5.2247576606e-06,9.9858869372e-05,2.6558043006e+00,-6.5303790628e+00,-3.5510288443e+01,3.4932653544e+01,3.7411348559e+00,-3.6595618998e+01,3.8007928456e+00,3.6595618998e+01,0.0000000000e+00,nan,nan,nan,nan,nan,nan
-3.1357924075e-05,1.2010552859e-04,-2.0520931087e+01,-1.1508569780e+00,-3.2694930938e+01,1.0725504315e+01,-2.0415558209e+01,-3.2800303816e+01,-4.5462441367e-06,3.2800303816e+01,0.0000000000e+00,nan,nan,nan,nan,nan,nan
-3.6559946615e-05,1.1988632738e-04,-1.9166442926e+01,-4.6102703761e-01,-3.2528079799e+01,1.1593599689e+01,-1.9153693461e+01,-3.2540829264e+01,1.2158531771e-06,3.2540829264e+01,0.0000000000e+00,nan,nan,nan,nan,nan,nan
-3.9316630911e-05,1.2405565926e-04,-2.2792582914e+01,8.5425401695e-01,-3.1863723466e+01,7.9724962015e+00,-2.2725230362e+01,-3.1931076018e+01,4.3892346836e-07,3.1931076018e+01,1.0000000000e+00,1.7935884408e+01,1.7875740702e+01,1.4675979893e+00,2.0330466417e+01,-8.1824679280e-02,9.9664673875e-01
-4.5407184536e-05,1.0916974950e-04,-6.0235793823e+00,-9.6829716674e-01,-3.3765774961e+01,2.4082253834e+01,-5.9907814377e+00,-3.3798572905e+01,-1.4394306065e-02,3.3798572905e+01,0.0000000000e+00,nan,nan,nan,nan,nan,nan
-4.0000204547e-05,1.0930124333e-04,-6.8786206277e+00,-1.7586218153e+00,-3.3937143828e+01,2.3629039886e+01,-6.7656496890e+00,-3.4050114767e+01,-6.3608080312e-03,3.4050114767e+01,0.0000000000e+00,nan,nan,nan,nan,nan,nan
-5.3480767809e-05,1.0494458272e-04,-3.5235858661e-01,-2.1350113889e-01,-3.4131609204e+01,2.9254544855e+01,-3.5186454846e-01,-3.4132103242e+01,-1.4119402542e-01,3.4132103242e+01,0.0000000000e+00,nan,nan,nan,nan,nan,nan
-5.8984254105e-05,1.0490318554e-04,2.2508806574e-01,6.4457661091e-01,-3.3944041322e+01,2.9610751403e+01,2.3629866531e-01,-3.3955251921e+01,1.2892889111e-01,3.3955251921e+01,0.0000000000e+00,nan,nan,nan,nan,nan,nan
1.7362308165e-05,9.1166511924e-05,1.5115668098e+01,-5.0065571720e+00,-3.3025219131e+01,4.2582283016e+01,1.5630117045e+01,-3.3539668079e+01,1.5630195574e+01,3.3539668079e+01,0.0000000000e+00,nan,nan,nan,nan,nan,nan
2.2919483925e-05,9.1990772445e-05,1.4236640796e+01,-3.9270346071e+00,-3.1713068390e+01,4.0368733093e+01,1.4568685121e+01,-3.2045112715e+01,1.4568975726e+01,3.2045112715e+01,0.0000000000e+00,nan,nan,nan,nan,nan,nan
2.6068805666e-05,1.0081721750e-04,3.1504043760e+00,-4.0505346133e+00,-3.3017241548e+01,3.2093176511e+01,3.5955855116e+00,-3.3462422684e+01,3.6536315846e+00,3.3462422684e+01,0.0000000000e+00,nan,nan,nan,nan,nan,nan
1.4393439339e-04,1.0608916916e-04,-7.1164137880e+00,-7.0344570247e-01,-1.6956879099e+01,8.6160368431e+00,-7.0621752527e+00,-1.7011117634e+01,-1.5744178203e-05,1.7011117634e+01,0.0000000000e+00,nan,nan,nan,nan,nan,nan
1.6405252407e-04,1.2488290004e-04,-7.2726922208e+00,-1.9756434511e+00,-1.5665427056e+01,8.0252863102e+00,-6.8356584268e+00,-1.6102460850e+01,-9.8341708589e-06,1.6102460850e+01,0.0000000000e+00,nan,nan,nan,nan,nan,nan
-4.4408128475e-05,1.1963261952e-04,-1.7304321486e+01,5.7736118795e-01,-3.2286890568e+01,1.3007559244e+01,-1.7285688196e+01,-3.2305523858e+01,1.7866052309e-05,3.2305523858e+01,0.0000000000e+00,nan,nan,nan,nan,nan,nan
-4.9649226229e-05,1.1951149741e-04,-1.6185893705e+01,1.2671687328e+00,-3.2127704896e+01,1.3972119152e+01,-1.6089992547e+01,-3.2223606054e+01,1.9540771624e-05,3.2223606054e+01,0.0000000000e+00,nan,nan,nan,nan,nan,nan
-1.8982567644e-04,4.3605790390e-05,9.1024923552e+01,3.1184369063e+01,-3.4626802920e+01,1.2148257471e+02,9.8337057528e+01,-4.1938936896e+01,9.8337057528e+01,4.1938936896e+01,0.0000000000e+00,nan,nan,nan,nan,nan,nan
2.2640949196e-04,1.1763511079e-05,4.5756509010e+01,-2.0707587148e+01,-1.3298392000e+01,6.2468098694e+01,5.2295032102e+01,-1.9836915092e+01,5.2295032102e+01,1.9836915092e+01,0.0000000000e+00,nan,nan,nan,nan,nan,nan
-1.6316571093e-04,3.5969448583e-05,1.1272564698e+02,2.4243164381e+01,-4.0963056541e+01,1.3956306571e+02,1.1645806878e+02,-4.4695478340e+01,1.1645806878e+02,4.4695478340e+01,0.0000000000e+00,nan,nan,nan,nan,nan,nan
-2.1323998961e-04,1.2087131781e-05,1.9716558522e+02,3.6315117493e+01,-3.9551201422e+01,2.1443245600e+02,2.0260982809e+02,-4.4995444294e+01,2.0260982809e+02,4.4995444294e+01,0.0000000000e+00,nan,nan,nan,nan,nan,nan
-5.4911396475e-05,1.1944623422e-04,-1.5183982243e+01,1.9584839595e+00,-3.1963669900e+01,1.4914866527e+01,-1.4962723867e+01,-3.2184928276e+01,9.2357069875e-06,3.2184928276e+01,0.0000000000e+00,nan,nan,nan,nan,nan,nan
-5.7547129661e-05,1.1941940928e-04,-1.4713886582e+01,2.3008501697e+00,-3.1881222489e+01,1.5384487966e+01,-1.4415316267e+01,-3.2179792804e+01,-4.0040120530e-06,3.2179792804e+01,0.0000000000e+00,nan,nan,nan,nan,nan,nan
-6.2827143972e-05,1.1936201503e-04,-1.3823922868e+01,2.9765430337e+00,-3.1716291367e+01,1.6323610045e+01,-1.3345666464e+01,-3.2194547771e+01,-4.3655262639e-05,3.2194547771e+01,0.0000000000e+00,nan,nan,nan,nan,nan,nan
-6.2105966207e-05,1.2381186605e-04,-1.7840952638e+01,3.6099197644e+00,-3.1195049398e+01,1.3129839852e+01,-1.6937484445e+01,-3.2098517591e+01,-2.8156744483e-06,3.2098517591e+01,1.0000000000e+00,1.8567503818e+01,1.8478796961e+01,1.8128047070e+00,2.0563744022e+01,-9.7633194250e-02,9.9522246728e-01
1.7027660874e-04,6.8157302893e-05,6.6594561866e+00,-6.2402447980e+00,-1.5376825905e+01,2.1939881160e+01,8.3083114346e+00,-1.7025681153e+01,8.2953074307e+00,1.7025681153e+01,0.0000000000e+00,nan,nan,nan,nan,nan,nan
-1.5843661302e-04,3.9298308325e-05,1.0417060486e+02,2.2911673371e+01,-4.0657556551e+01,1.3155138845e+02,1.0770775369e+02,-4.4194705386e+01,1.0770775368e+02,4.4194705386e+01,0.0000000000e+00,nan,nan,nan,nan,nan,nan
-7.6311377365e-05,1.1527552388e-04,-8.4500408210e+00,4.2197794667e+00,-3.1779418571e+01,2.1480911186e+01,-7.7127198404e+00,-3.2516739551e+01,-3.3803850674e-04,3.2516739551e+01,0.0000000000e+00,nan,nan,nan,nan,nan,nan
-7.6059892366e-05,1.1940140198e-04,-1.2097131693e+01,4.6288162573e+00,-3.1267613276e+01,1.8432189582e+01,-1.1040542868e+01,-3.2324202101e+01,-2.6486561250e-05,3.2324202101e+01,0.0000000000e+00,nan,nan,nan,nan,nan,nan
-7.3414889838e-05,1.1930455315e-04,-1.2325851761e+01,4.2962178171e+00,-3.1370208608e+01,1.8089011734e+01,-1.1404334390e+01,-3.2291725979e+01,-5.4619582482e-05,3.2291725979e+01,0.0000000000e+00,nan,nan,nan,nan,nan,nan
-6.8114901397e-05,1.1937820407e-04,-1.3075131921e+01,3.6493109671e+00,-3.1539610715e+01,1.7188478189e+01,-1.2383598809e+01,-3.2231143828e+01,-6.8096384955e-05,3.2231143828e+01,0.0000000000e+00,nan,nan,nan,nan,nan,nan
1.1003613627e-04,6.8294984078e-05,1.5903477761e+01,-2.9915038159e+00,-2.2648773356e+01,3.3790273349e+01,1.6136175617e+01,-2.2881471212e+01,1.6136174798e+01,2.2881471212e+01,0.0000000000e+00,nan,nan,nan,nan,nan,nan
1.9927713781e-04,8.2568032459e-05,-6.0404524631e+00,-1.9171609884e+00,-1.6289209020e+01,9.4740741347e+00,-5.6949714894e+00,-1.6634689993e+01,1.2984755377e-04,1.6634689993e+01,0.0000000000e+00,nan,nan,nan,nan,nan,nan
1.3116927761e-04,1.1806755297e-04,-9.3551160759e+00,-1.9837892353e-01,-1.7013532577e+01,6.6540843761e+00,-9.3425869206e+00,-1.7026061732e+01,-4.9899231519e-08,1.7026061732e+01,0.0000000000e+00,nan,nan,nan,nan,nan,nan
1.2787200018e-04,1.2004788025e-04,-9.7460490775e+00,-1.2096850255e-01,-1.7020921320e+01,6.3179864685e+00,-9.7357940106e+00,-1.7031176387e+01,1.0515694548e-07,1.7031176387e+01,0.0000000000e+00,nan,nan,nan,nan,nan,nan
-1.2595116493e-04,8.6395576344e-05,2.1937518489e+01,1.1785744143e+01,-3.3488160019e+01,5.2158765148e+01,2.4338556334e+01,-3.5889197864e+01,2.4338556332e+01,3.5889197864e+01,0.0000000000e+00,nan,nan,nan,nan,nan,nan
1.1149053556e-04,9.0930908632e-05,-1.9640293324e-01,9.3990100836e-01,-2.2816080173e+01,1.9662295183e+01,-1.5421013613e-01,-2.2858272970e+01,1.2326319418e-01,2.2858272970e+01,0.0000000000e+00,nan,nan,nan,nan,nan,nan
1.1253165355e-04,9.7239519067e-05,-2.9237349706e+00,1.6439347218e+00,-2.2945283798e+01,1.7579775251e+01,-2.7848214108e+00,-2.3084197357e+01,9.2994024077e-04,2.3084197357e+01,0.0000000000e+00,nan,nan,nan,nan,nan,nan
1.1299759592e-04,1.0045273253e-04,-4.0348458572e+00,2.0072483274e+00,-2.2793986371e+01,1.6611501964e+01,-3.8237609838e+00,-2.3005071245e+01,4.2928643740e-04,2.3005071245e+01,0.0000000000e+00,nan,nan,nan,nan,nan,nan
1.5801264240e-04,8.0816145589e-05,-6.2028140415e-01,-3.4172905823e+00,-1.6306897155e+01,1.4824092775e+01,9.5104674942e-02,-1.7022283234e+01,3.4366623391e-01,1.7022283234e+01,0.0000000000e+00,nan,nan,nan,nan,nan,nan
2.7587923159e-04,2.0436130772e-05,2.3706961483e+01,-1.9908097584e+01,-7.9820007139e+00,4.4068032407e+01,3.3305170757e+01,-1.7580209988e+01,3.3305179333e+01,1.7580209988e+01,0.0000000000e+00,nan,nan,nan,nan,nan,nan
2.7983762302e-04,2.0600265903e-05,2.3285898236e+01,-2.0097006471e+01,-7.2044661035e+00,4.3685808242e+01,3.3262729215e+01,-1.7181297082e+01,3.3262747432e+01,1.7181297082e+01,0.0000000000e+00,nan,nan,nan,nan,nan,nan
-8.9493315967e-05,8.7246913417e-05,2.2206784799e+01,5.1059238717e+00,-3.5688837585e+01,5.0911731370e+01,2.2652875418e+01,-3.6134928204e+01,2.2652875117e+01,3.6134928204e+01,0.0000000000e+00,nan,nan,nan,nan,nan,nan
-1.1762254384e-04,7.6374404866e-05,3.5842924434e+01,1.0890113153e+01,-3.6038641645e+01,6.5044682035e+01,3.7455706077e+01,-3.7651423289e+01,3.7455706077e+01,3.7651423289e+01,0.0000000000e+00,nan,nan,nan,nan,nan,nan
7.3070048592e-05,1.2775901137e-04,-1.4173595677e+01,4.9101720345e+00,-1.7516368426e+01,9.0552174192e+00,-1.0616949837e+01,-2.1073014266e+01,-4.0618300428e-02,2.1073099801e+01,0.0000000000e+00,nan,nan,nan,nan,nan,nan
2.2611121697e-04,4.4982143876e-05,1.8294069685e+01,-1.1525871427e+01,-1.3233046105e+01,3.3832589800e+01,2.2063766619e+01,-1.7002743038e+01,2.2048895723e+01,1.7002743038e+01,0.0000000000e+00,nan,nan,nan,nan,nan,nan
1.7795300472e-05,3.9937062102e-05,1.0219741733e+02,-1.3582727532e+01,-3.3244265265e+01,1.1963083162e+02,1.0354546887e+02,-3.4592316812e+01,1.0354546887e+02,3.4592316812e+01,0.0000000000e+00,nan,nan,nan,nan,nan,nan
4.6537846418e-05,3.9482143422e-05,9.8003359891e+01,-2.1624166860e+01,-2.0952522397e+01,1.0960910990e+02,1.0180826785e+02,-2.4757430357e+01,1.0180826785e+02,2.4757430357e+01,0.0000000000e+00,nan,nan,nan,nan,nan,nan
4.9758964730e-05,3.9659146131e-05,9.7143006575e+01,-2.3098260040e+01,-1.9044725196e+01,1.0828084243e+02,1.0156511421e+02,-2.3466832836e+01,1.0156511421e+02,2.3466832836e+01,0.0000000000e+00,nan,nan,nan,nan,nan,nan
5.9415123803e-05,4.0263413821e-05,8.7023363594e+01,-2.1121565789e+01,-1.8692956219e+01,9.8594347369e+01,9.1088676682e+01,-2.2758269306e+01,9.1088676682e+01,2.2758269306e+01,0.0000000000e+00,nan,nan,nan,nan,nan,nan
7.3330263835e-05,4.3455784530e-05,6.6220472721e+01,-1.5835995286e+01,-1.9946248620e+01,7.9506136166e+01,6.9040001168e+01,-2.2765777067e+01,6.9040001168e+01,2.2765777067e+01,0.0000000000e+00,nan,nan,nan,nan,nan,nan
8.0045141777e-05,4.4177126946e-05,6.0092147252e+01,-1.4306685048e+01,-2.0310070047e+01,7.3910545385e+01,6.2563311877e+01,-2.2781234671e+01,6.2563311877e+01,2.2781234671e+01,0.0000000000e+00,nan,nan,nan,nan,nan,nan
9.0317882740e-05,4.5417884505e-05,5.1644606264e+01,-1.2215950217e+01,-2.0806479520e+01,6.6218270717e+01,5.3650199796e+01,-2.2812073051e+01,5.3650199796e+01,2.2812073051e+01,0.0000000000e+00,nan,nan,nan,nan,nan,nan
9.6585823127e-05,4.3995926582e-05,5.1036631394e+01,-1.2195114286e+01,-2.0819558870e+01,6.5718630396e+01,5.3051205212e+01,-2.2834132688e+01,5.3051205212e+01,2.2834132688e+01,0.0000000000e+00,nan,nan,nan,nan,nan,nan
1.0012995958e-04,4.4459511614e-05,4.8390377722e+01,-1.1546483657e+01,-2.0973515461e+01,6.3314751745e+01,5.0263220094e+01,-2.2846357833e+01,5.0263220094e+01,2.2846357833e+01,0.0000000000e+00,nan,nan,nan,nan,nan,nan
1.0688138897e-04,1.4830861287e-04,-2.8344984309e+00,-1.9440420995e+00,-1.6762572317e+01,1.2523138934e+01,-2.5682977389e+00,-1.7028773009e+01,3.1184668803e-02,1.7028771602e+01,0.0000000000e+00,nan,nan,nan,nan,nan,nan
-3.3114091172e-04,2.0447791787e-06,2.6632703548e+02,9.6114741351e+01,1.5183747546e+01,2.7386360397e+02,2.9887061698e+02,-1.7359833957e+01,2.9887061698e+02,1.7359833957e+01,0.0000000000e+00,nan,nan,nan,nan,nan,nan
-3.2727774414e-04,1.9808645505e-06,2.8228394166e+02,9.7004120829e+01,1.4178337046e+01,2.8657652959e+02,3.1368617586e+02,-1.7223897146e+01,3.1368617586e+02,1.7223897146e+01,0.0000000000e+00,nan,nan,nan,nan,nan,nan
1.5714165393e-04,1.3330229215e-04,-6.4310426232e+00,-2.2764273959e+00,-1.5615419594e+01,8.8719266272e+00,-5.9010218823e+00,-1.6145440335e+01,-4.0018040918e-05,1.6145440335e+01,0.0000000000e+00,nan,nan,nan,nan,nan,nan
-1.1265537659e-04,8.7853273644e-05,2.0946472853e+01,9.3306224695e+00,-3.4208204232e+01,5.0423696522e+01,2.2481269071e+01,-3.5743000450e+01,2.2481269068e+01,3.5743000450e+01,0.0000000000e+00,nan,nan,nan,nan,nan,nan
-9.9300561008e-05,6.6609889193e-05,5.1682781569e+01,7.5408918907e+00,-3.9279841297e+01,7.9850218216e+01,5.2303015118e+01,-3.9900074846e+01,5.2303015118e+01,3.9900074846e+01,0.0000000000e+00,nan,nan,nan,nan,nan,nan
1.7430889710e-04,3.4965652811e-05,3.3765128150e+01,-1.1721931223e+01,-1.6128255490e+01,4.7741629238e+01,3.6382078822e+01,-1.8745206162e+01,3.6382078820e+01,1.8745206162e+01,0.0000000000e+00,nan,nan,nan,nan,nan,nan
8.0771831864e-05,1.3018596791e-04,-1.3976406538e+01,4.5471784250e+00,-1.8178489636e+01,8.7851262218e+00,-1.1005353098e+01,-2.1149543076e+01,1.2500018406e-02,2.1150442607e+01,0.0000000000e+00,nan,nan,nan,nan,nan,nan
7.8182194366e-05,1.2834493942e-04,-1.2980480966e+01,4.8753255743e+00,-1.7894928733e+01,9.5471163168e+00,-9.9256746744e+00,-2.0949735025e+01,3.6316540868e-03,2.0949778897e+01,0.0000000000e+00,nan,nan,nan,nan,nan,nan
-8.1458180299e-05,1.1956954970e-04,-1.1668805471e+01,5.2852020264e+00,-3.1058150940e+01,1.9117674477e+01,-1.0325883700e+01,-3.2401072711e+01,6.8639651331e-05,3.2401072711e+01,0.0000000000e+00,nan,nan,nan,nan,nan,nan
1.4339768092e-04,8.1394092990e-06,1.8863029772e+02,-3.9952149149e+01,-1.4867877524e+01,1.8933699594e+02,1.9619497567e+02,-2.2432555480e+01,1.9619497567e+02,2.2432555480e+01,0.0000000000e+00,nan,nan,nan,nan,nan,nan
-1.2675321803e-04,1.1090597744e-04,-3.5764637138e+00,1.0187095390e+01,-2.9964232768e+01,2.8868621193e+01,-1.0304202422e-01,-3.3437654458e+01,-4.9984391395e-02,3.3437654458e+01,0.0000000000e+00,nan,nan,nan,nan,nan,nan
8.4574647078e-05,8.2373860763e-05,9.7960029088e+00,-4.9319314691e-01,-2.2667091596e+01,2.8132320452e+01,9.8066584424e+00,-2.2677747129e+01,9.8066421502e+00,2.2677747129e+01,0.0000000000e+00,nan,nan,nan,nan,nan,nan
-8.6066922138e-05,5.7461175166e-05,6.8053587204e+01,5.0350846054e+00,-4.1815856896e+01,9.5547617957e+01,6.8283308102e+01,-4.2045577794e+01,6.8283308102e+01,4.2045577794e+01,0.0000000000e+00,nan,nan,nan,nan,nan,nan
-8.1077147828e-05,5.9196844458e-05,6.5029052688e+01,3.9408537259e+00,-4.1605025916e+01,9.2598811351e+01,6.5173962046e+01,-4.1749935275e+01,6.5173962046e+01,4.1749935275e+01,0.0000000000e+00,nan,nan,nan,nan,nan,nan
6.8342453650e-05,1.2465706224e-04,-9.5990283592e+00,6.7817368727e+00,-1.3989098619e+01,1.2368363057e+01,-4.6531857484e+00,-1.8934941230e+01,3.7999587624e-01,1.8934969723e+01,0.0000000000e+00,nan,nan,nan,nan,nan,nan
-2.3804369280e-04,2.9854196586e-06,2.4483788266e+02,4.0187518651e+01,-3.5516349703e+01,2.5257123758e+02,2.5048283848e+02,-4.1161305529e+01,2.5048283848e+02,4.1161305529e+01,0.0000000000e+00,nan,nan,nan,nan,nan,nan
-2.3410502926e-04,2.9793818020e-06,2.4206316356e+02,3.8790816511e+01,-3.6879803496e+01,2.5073786712e+02,2.4735525511e+02,-4.2171895045e+01,2.4735525511e+02,4.2171895045e+01,0.0000000000e+00,nan,nan,nan,nan,nan,nan
-2.3610960623e-04,6.0083233144e-06,2.3207577843e+02,4.1559670653e+01,-3.5080119404e+01,2.4229916401e+02,2.3838931708e+02,-4.1393658054e+01,2.3838931708e+02,4.1393658054e+01,0.0000000000e+00,nan,nan,nan,nan,nan,nan
-2.3016490682e-04,2.9727613519e-06,2.3946702728e+02,3.7456371156e+01,-3.8125442224e+01,2.4899934875e+02,2.4443063356e+02,-4.3089048502e+01,2.4443063356e+02,4.3089048502e+01,0.0000000000e+00,nan,nan,nan,nan,nan,nan
2.4051115751e-04,2.2837508320e-06,7.0178891647e+01,-2.9758545053e+01,-1.1805356690e+01,8.7751834039e+01,7.9850312482e+01,-2.1476777526e+01,7.9850312482e+01,2.1476777526e+01,0.0000000000e+00,nan,nan,nan,nan,nan,nan
1.7662242094e-04,8.2923155193e-05,-4.7492679481e+00,-2.0646016948e+00,-1.6654418189e+01,1.0915366343e+01,-4.3998533723e+00,-1.7003832765e+01,-1.0589379568e-02,1.7003832765e+01,0.0000000000e+00,nan,nan,nan,nan,nan,nan
8.0478828253e-05,9.1327324912e-05,4.8288018778e+00,1.2882467443e+00,-2.2488703968e+01,2.3769902855e+01,4.8936087668e+00,-2.2553510857e+01,4.8940442148e+00,2.2553510857e+01,0.0000000000e+00,nan,nan,nan,nan,nan,nan
7.8652887568e-05,1.4284758612e-04,-2.0730065806e+01,7.4720968017e-01,-1.9856251430e+01,9.4723462764e-01,-1.9746272451e+01,-2.0840044785e+01,-1.3724254993e-02,2.0840734766e+01,0.0000000000e+00,nan,nan,nan,nan,nan,nan
5.4575791863e-05,7.7159443014e-05,2.2356010871e+01,-2.4856197429e+00,-2.2494868270e+01,3.9082089382e+01,2.2494626126e+01,-2.2633483525e+01,2.2494626125e+01,2.2633483525e+01,0.0000000000e+00,nan,nan,nan,nan,nan,nan
-7.6353921145e-05,5.7397274323e-05,6.8442853727e+01,3.0179667312e+00,-4.2086270134e+01,9.5862786575e+01,6.8524697431e+01,-4.2168113838e+01,6.8524697431e+01,4.2168113838e+01,0.0000000000e+00,nan,nan,nan,nan,nan,nan
-7.1423412965e-05,5.9157145429e-05,6.5341410731e+01,1.9828801832e+00,-4.1812660323e+01,9.2860835329e+01,6.5377603479e+01,-4.1848853070e+01,6.5377603479e+01,4.1848853070e+01,0.0000000000e+00,nan,nan,nan,nan,nan,nan
-1.2080666726e-04,7.3697663904e-06,1.9169841434e+02,1.2128495845e+01,-5.1325556446e+01,2.1151010485e+02,1.9230184492e+02,-5.1928987023e+01,1.9230184492e+02,5.1928987023e+01,0.0000000000e+00,nan,nan,nan,nan,nan,nan
2.4322929083e-04,1.1958821287e-04,-2.5058381282e+00,-6.8143972410e+00,-1.0316679705e+01,1.3603434186e+01,1.4426874722e+00,-1.4265205306e+01,1.4429172797e+00,1.4265205306e+01,0.0000000000e+00,nan,nan,nan,nan,nan,nan
-6.7421322757e-05,9.6840718451e-05,1.0018973002e+01,1.4379309538e+00,-3.4947706777e+01,3.9020550397e+01,1.0064158388e+01,-3.4992892163e+01,1.0063238713e+01,3.4992892163e+01,0.0000000000e+00,nan,nan,nan,nan,nan,nan
-2.8833562861e-04,3.4815343558e-05,8.2246575897e+01,4.3212794083e+01,1.7826287760e+00,1.0226844683e+02,1.0105931764e+02,-1.7030112967e+01,1.0105931764e+02,1.7030112968e+01,0.0000000000e+00,nan,nan,nan,nan,nan,nan
-8.0193058943e-05,2.5693107740e-05,1.3903172383e+02,4.5310028473e+00,-4.8643120125e+01,1.6271988590e+02,1.3914067178e+02,-4.8752068076e+01,1.3914067178e+02,4.8752068076e+01,0.0000000000e+00,nan,nan,nan,nan,nan,nan
3.1418332069e-05,7.3012315156e-05,3.5236411286e+01,-5.2414115464e+00,-2.3507704866e+01,5.1675097036e+01,3.5698984394e+01,-2.3970277974e+01,3.5698984395e+01,2.3970277974e+01,0.0000000000e+00,nan,nan,nan,nan,nan,nan
2.8527116484e-05,7.2609502615e-05,3.6712866999e+01,-5.6643991156e+00,-2.5315379338e+01,5.4606145035e+01,3.7225616366e+01,-2.5828128705e+01,3.7225616367e+01,2.5828128705e+01,0.0000000000e+00,nan,nan,nan,nan,nan,nan
3.6322883586e-05,7.1713618201e-05,3.5242927610e+01,-5.4123914925e+00,-2.2205618838e+01,5.0628353308e+01,3.5748947797e+01,-2.2711639025e+01,3.5748947797e+01,2.2711639025e+01,0.0000000000e+00,nan,nan,nan,nan,nan,nan
2.2709572513e-05,7.1881836686e-05,3.9420730751e+01,-6.3830033831e+00,-2.8236319254e+01,5.9626380813e+01,4.0017512762e+01,-2.8833101264e+01,4.0017512762e+01,2.8833101264e+01,0.0000000000e+00,nan,nan,nan,nan,nan,nan
9.8147639376e-06,6.8690784600e-05,4.6711993298e+01,-7.5259878569e+00,-3.2998822755e+01,7.0251528661e+01,4.7416324255e+01,-3.3703153712e+01,4.7416324255e+01,3.3703153712e+01,0.0000000000e+00,nan,nan,nan,nan,nan,nan
6.9385140532e-07,6.8035811838e-05,4.8854521858e+01,-7.4940304203e+00,-3.5403790006e+01,7.4115206886e+01,4.9515800573e+01,-3.6065068721e+01,4.9515800573e+01,3.6065068721e+01,0.0000000000e+00,nan,nan,nan,nan,nan,nan
-8.5229399741e-06,6.7517863679e-05,5.0397725220e+01,-7.1052837194e+00,-3.7191803292e+01,7.6846389242e+01,5.0970244479e+01,-3.7764322551e+01,5.0970244479e+01,3.7764322551e+01,0.0000000000e+00,nan,nan,nan,nan,nan,nan
-1.3490016958e-05,6.9145481542e-05,4.7975406325e+01,-6.6837137733e+00,-3.7798454381e+01,7.5178743550e+01,4.8492943798e+01,-3.8315991854e+01,4.8492943798e+01,3.8315991854e+01,0.0000000000e+00,nan,nan,nan,nan,nan,nan
-1.7813468359e-05,6.7116964027e-05,5.1481930090e+01,-6.3942693903e+00,-3.8492395847e+01,7.8702887904e+01,5.1933900639e+01,-3.8944366396e+01,5.1933900639e+01,3.8944366396e+01,0.0000000000e+00,nan,nan,nan,nan,nan,nan
-2.2749488199e-05,6.8789503092e-05,4.8844216252e+01,-5.8591946398e+00,-3.8822410522e+01,7.6596420477e+01,4.9233866846e+01,-3.9212061116e+01,4.9233866846e+01,3.9212061116e+01,0.0000000000e+00,nan,nan,nan,nan,nan,nan
-2.7159395285e-05,6.6815672575e-05,5.2215732335e+01,-5.4014044973e+00,-3.9406570536e+01,7.9896448972e+01,5.2532817219e+01,-3.9723655423e+01,5.2532817219e+01,3.9723655422e+01,0.0000000000e+00,nan,nan,nan,nan,nan,nan
-3.2055242769e-05,6.8527335248e-05,4.9425128022e+01,-4.7663545978e+00,-3.9516447362e+01,7.7466336184e+01,4.9679550379e+01,-3.9770869719e+01,4.9679550379e+01,3.9770869719e+01,0.0000000000e+00,nan,nan,nan,nan,nan,nan
-3.5173547887e-05,6.8457943953e-05,4.9567139550e+01,-4.3492661229e+00,-3.9686821526e+01,7.7661900190e+01,4.9778277992e+01,-3.9897959968e+01,4.9778277992e+01,3.9897959968e+01,0.0000000000e+00,nan,nan,nan,nan,nan,nan
-4.1393529174e-05,6.8344954508e-05,4.9782393395e+01,-3.4508456664e+00,-3.9946381307e+01,7.7936349222e+01,4.9914578247e+01,-4.0078566159e+01,4.9914578247e+01,4.0078566159e+01,0.0000000000e+00,nan,nan,nan,nan,nan,nan
-4.4519740007e-05,6.8299538384e-05,4.9860499216e+01,-2.9689504964e+00,-4.0040177591e+01,7.8025297245e+01,4.9958087181e+01,-4.0137765555e+01,4.9958087181e+01,4.0137765555e+01,0.0000000000e+00,nan,nan,nan,nan,nan,nan
-5.0752398496e-05,6.8230766141e-05,4.9960928844e+01,-1.9546813365e+00,-4.0161530897e+01,7.8121059530e+01,5.0002913722e+01,-4.0203515776e+01,5.0002913722e+01,4.0203515776e+01,0.0000000000e+00,nan,nan,nan,nan,nan,nan
-5.3882838873e-05,6.8205949128e-05,4.9986508997e+01,-1.4210113355e+00,-4.0192218377e+01,7.8135132209e+01,5.0008484924e+01,-4.0214194304e+01,5.0008484924e+01,4.0214194304e+01,0.0000000000e+00,nan,nan,nan,nan,nan,nan
-5.8735195981e-05,7.7459826496e-05,3.5516608890e+01,-5.8595022664e-01,-3.8557918050e+01,6.4157632854e+01,3.5520772019e+01,-3.8562081179e+01,3.5520772018e+01,3.8562081179e+01,0.0000000000e+00,nan,nan,nan,nan,nan,nan
-6.7791202577e-05,7.7452069183e-05,3.5554318605e+01,1.0452211598e+00,-3.8374545716e+01,6.4048946217e+01,3.5568562784e+01,-3.8388789895e+01,3.5568562783e+01,3.8388789895e+01,0.0000000000e+00,nan,nan,nan,nan,nan,nan
-1.6221209899e-04,5.9096510968e-05,5.9881907318e+01,2.2199972254e+01,-3.5179295852e+01,9.0860438288e+01,6.4809604237e+01,-4.0106992772e+01,6.4809604237e+01,4.0106992772e+01,0.0000000000e+00,nan,nan,nan,nan,nan,nan
-9.0802600681e-05,4.3657700732e-05,9.5676985372e+01,6.4632662522e+00,-4.4643239007e+01,1.2203453243e+02,9.5973543331e+01,-4.4939796968e+01,9.5973543331e+01,4.4939796968e+01,0.0000000000e+00,nan,nan,nan,nan,nan,nan
-1.9941356697e-04,3.5015837638e-05,1.1454704210e+02,3.4728153860e+01,-3.5149249385e+01,1.4291266660e+02,1.2220956289e+02,-4.2811770180e+01,1.2220956289e+02,4.2811770180e+01,0.0000000000e+00,nan,nan,nan,nan,nan,nan
9.3640656292e-05,3.5011740790e-05,7.4858081468e+01,-1.8491431756e+01,-1.9318967807e+01,8.7625725379e+01,7.8360292966e+01,-2.2821179305e+01,7.8360292966e+01,2.2821179305e+01,0.0000000000e+00,nan,nan,nan,nan,nan,nan
-4.9677624170e-05,7.7525925289e-05,3.5354007545e+01,-2.1152061664e+00,-3.8624150982e+01,6.4170915739e+01,3.5414023758e+01,-3.8684167194e+01,3.5414023762e+01,3.8684167194e+01,0.0000000000e+00,nan,nan,nan,nan,nan,nan
-1.6303893141e-04,8.2539602057e-05,2.2055186042e+01,1.8466263746e+01,-3.0525505439e+01,5.5644550753e+01,2.7891236658e+01,-3.6361556055e+01,2.7891236663e+01,3.6361556055e+01,0.0000000000e+00,nan,nan,nan,nan,nan,nan
1.5802590720e-04,1.0446397520e-04,-7.4792398020e+00,-7.8202408036e-01,-1.6937108391e+01,8.3067879137e+00,-7.4122478583e+00,-1.7004100334e+01,1.3789369870e-05,1.7004100334e+01,0.0000000000e+00,nan,nan,nan,nan,nan,nan
1.5515783369e-04,1.1045614935e-04,-8.3182811217e+00,-6.2148428935e-01,-1.6959333909e+01,7.5654636931e+00,-8.2708850157e+00,-1.7006730015e+01,-3.4371459318e-06,1.7006730015e+01,0.0000000000e+00,nan,nan,nan,nan,nan,nan
1.0464398235e-05,5.3837326642e-05,7.2591840054e+01,-1.0110427447e+01,-3.3563778155e+01,9.3585963679e+01,7.3545912272e+01,-3.4517850373e+01,7.3545912272e+01,3.4517850373e+01,0.0000000000e+00,nan,nan,nan,nan,nan,nan
5.4720596844e-05,7.7038904424e-06,2.0382849913e+02,-2.2996693212e+01,-2.9345168698e+01,2.0582298320e+02,2.0607361997e+02,-3.1590289542e+01,2.0607361997e+02,3.1590289542e+01,0.0000000000e+00,nan,nan,nan,nan,nan,nan
8.2592178790e-07,5.3360718109e-05,7.4919909009e+01,-9.1413085764e+00,-3.6390793253e+01,9.7689134750e+01,7.5665406123e+01,-3.7136290367e+01,7.5665406123e+01,3.7136290367e+01,0.0000000000e+00,nan,nan,nan,nan,nan,nan
-4.0631426664e-05,7.7658285933e-05,3.5063071158e+01,-3.5057557230e+00,-3.8554224540e+01,6.4042344818e+01,3.5229288329e+01,-3.8720441712e+01,3.5229288337e+01,3.8720441712e+01,0.0000000000e+00,nan,nan,nan,nan,nan,nan
7.6737737389e-05,2.6216647545e-05,1.3213128383e+02,-3.1473659986e+01,-1.6437235396e+01,1.3973834891e+02,1.3852499757e+02,-2.2830949142e+01,1.3852499757e+02,2.2830949142e+01,0.0000000000e+00,nan,nan,nan,nan,nan,nan
6.6444890050e-05,2.5910850897e-05,1.4086296869e+02,-3.1880067463e+01,-1.7464319601e+01,1.4781248985e+02,1.4703890535e+02,-2.3640256261e+01,1.4703890535e+02,2.3640256261e+01,0.0000000000e+00,nan,nan,nan,nan,nan,nan
-1.7532956797e-04,1.1944803056e-05,1.8650189791e+02,2.5108051711e+01,-4.6010839837e+01,2.0600308140e+02,1.8918146354e+02,-4.8690405464e+01,1.8918146354e+02,4.8690405464e+01,0.0000000000e+00,nan,nan,nan,nan,nan,nan
-2.3071002288e-05,7.4248083891e-06,1.9140672774e+02,-5.4558326752e+00,-4.8702933990e+01,2.0815518658e+02,1.9153034988e+02,-4.8826556130e+01,1.9153034988e+02,4.8826556130e+01,0.0000000000e+00,nan,nan,nan,nan,nan,nan
-2.6835632598e-05,2.4263586614e-05,1.4416458549e+02,-5.7393359963e+00,-4.6080393655e+01,1.6505602011e+02,1.4433723356e+02,-4.6253041720e+01,1.4433723356e+02,4.6253041720e+01,0.0000000000e+00,nan,nan,nan,nan,nan,nan
-1.0757864195e-04,3.5422428670e-05,1.1430786634e+02,1.0381125620e+01,-4.5832610891e+01,1.3984550387e+02,1.1497746703e+02,-4.6502211579e+01,1.1497746703e+02,4.6502211579e+01,0.0000000000e+00,nan,nan,nan,nan,nan,nan
-5.1645503603e-06,1.6600762274e-05,1.6646005955e+02,-9.5411593778e+00,-4.4057933411e+01,1.8306068998e+02,1.6689120171e+02,-4.4489075572e+01,1.6689120171e+02,4.4489075572e+01,0.0000000000e+00,nan,nan,nan,nan,nan,nan
-1.7208381602e-04,8.5332023915e-05,1.6540340675e+01,1.9156777536e+01,-2.9067038012e+01,5.1582277071e+01,2.3517692884e+01,-3.6044390221e+01,2.3517692935e+01,3.6044390221e+01,0.0000000000e+00,nan,nan,nan,nan,nan,nan
-2.7572662400e-05,3.0646505397e-05,1.2750667751e+02,-5.7405570268e+00,-4.4992238083e+01,1.4971836959e+02,1.2769716070e+02,-4.5182721273e+01,1.2769716070e+02,4.5182721273e+01,0.0000000000e+00,nan,nan,nan,nan,nan,nan
-8.9133151069e-06,5.2981560088e-05,7.6567666286e+01,-8.0651019184e+00,-3.8582129738e+01,1.0069589637e+02,7.7129571148e+01,-3.9144034601e+01,7.7129571148e+01,3.9144034601e+01,0.0000000000e+00,nan,nan,nan,nan,nan,nan
3.1386253172e-05,2.5054689477e-05,1.4244801182e+02,-1.8202792431e+01,-3.2085603905e+01,1.5440190599e+02,1.4432518595e+02,-3.3962778031e+01,1.4432518595e+02,3.3962778031e+01,0.0000000000e+00,nan,nan,nan,nan,nan,nan
-9.8925944276e-05,5.7577177601e-05,6.7405699390e+01,7.8046156859e+00,-4.1252512194e+01,9.5065683867e+01,6.7962791769e+01,-4.1809604574e+01,6.7962791769e+01,4.1809604574e+01,0.0000000000e+00,nan,nan,nan,nan,nan,nan
-3.5933818214e-05,7.5871653803e-05,3.7738427217e+01,-4.1823039680e+00,-3.8708587069e+01,6.6599634805e+01,3.7966237157e+01,-3.8936397009e+01,3.7966237155e+01,3.8936397009e+01,0.0000000000e+00,nan,nan,nan,nan,nan,nan
-3.1606122952e-05,7.7866932131e-05,3.4632584705e+01,-4.7144949446e+00,-3.8321167231e+01,6.3704799169e+01,3.4935691686e+01,-3.8624274211e+01,3.4935691686e+01,3.8624274211e+01,0.0000000000e+00,nan,nan,nan,nan,nan,nan
-9.4956907314e-06,3.9143729718e-05,1.0651137668e+02,-8.8097104620e+00,-4.0694373193e+01,1.2839325714e+02,1.0703638332e+02,-4.1219379832e+01,1.0703638332e+02,4.1219379832e+01,0.0000000000e+00,nan,nan,nan,nan,nan,nan
-2.4004033167e-04,6.0176206948e-06,2.3465797343e+02,4.3123080912e+01,-3.3593333839e+01,2.4401990466e+02,2.4141727744e+02,-4.0352637851e+01,2.4141727744e+02,4.0352637851e+01,0.0000000000e+00,nan,nan,nan,nan,nan,nan
-8.9969257580e-05,3.5347169408e-05,1.1472534996e+02,6.4618138426e+00,-4.6477874779e+01,1.4005319518e+02,1.1498348753e+02,-4.6736012345e+01,1.1498348753e+02,4.6736012345e+01,0.0000000000e+00,nan,nan,nan,nan,nan,nan
-9.3497414156e-05,3.5358539357e-05,1.1464056966e+02,7.2305541957e+00,-4.6383857911e+01,1.4001163776e+02,1.1496411262e+02,-4.6707400873e+01,1.1496411262e+02,4.6707400873e+01,0.0000000000e+00,nan,nan,nan,nan,nan,nan
2.1261301066e-04,1.9132981015e-06,1.3294235902e+02,-3.6544142550e+01,-1.2055464350e+01,1.4064449981e+02,1.4164458716e+02,-2.0757692490e+01,1.4164458716e+02,2.0757692490e+01,0.0000000000e+00,nan,nan,nan,nan,nan,nan
-2.1321247477e-04,1.4726561554e-06,2.3487454769e+02,3.1537427110e+01,-4.2829405811e+01,2.4662217157e+02,2.3840994808e+02,-4.6364806202e+01,2.3840994808e+02,4.6364806202e+01,0.0000000000e+00,nan,nan,nan,nan,nan,nan
-2.0648503439e-04,2.9489289924e-06,2.2680001220e+02,3.0415077871e+01,-4.3751816176e+01,2.4015219537e+02,2.3017603265e+02,-4.7127836628e+01,2.3017603265e+02,4.7127836628e+01,0.0000000000e+00,nan,nan,nan,nan,nan,nan
-2.0889575686e-04,5.9383898421e-06,2.1770375462e+02,3.2426510329e+01,-4.2444127174e+01,2.3218759792e+02,2.2168338589e+02,-4.6423758441e+01,2.2168338589e+02,4.6423758441e+01,0.0000000000e+00,nan,nan,nan,nan,nan,nan
-2.0253485075e-04,2.9449269833e-06,2.2509089359e+02,2.9362100569e+01,-4.4459857572e+01,2.3891167892e+02,2.2825124014e+02,-4.7620204126e+01,2.2825124014e+02,4.7620204126e+01,0.0000000000e+00,nan,nan,nan,nan,nan,nan
-6.8767597165e-05,3.5318651754e-05,1.1522458724e+02,2.0152446366e+00,-4.6624158499e+01,1.4020789199e+02,1.1524927855e+02,-4.6648849815e+01,1.1524927855e+02,4.6648849815e+01,0.0000000000e+00,nan,nan,nan,nan,nan,nan
-7.2304432019e-05,3.5318131018e-05,1.1514627641e+02,2.7363089359e+00,-4.6653870743e+01,1.4020246174e+02,1.1519213186e+02,-4.6699726195e+01,1.1519213186e+02,4.6699726195e+01,0.0000000000e+00,nan,nan,nan,nan,nan,nan
4.4315238992e-05,4.8730817738e-05,7.3961413357e+01,-1.7243582765e+01,-1.9494039831e+01,8.6273174773e+01,7.7043527442e+01,-2.2576153917e+01,7.7043527442e+01,2.2576153917e+01,0.0000000000e+00,nan,nan,nan,nan,nan,nan
5.3691995434e-05,4.9584532710e-05,6.4616771528e+01,-1.4881653250e+01,-2.0203332335e+01,7.7849200805e+01,6.7152976637e+01,-2.2739537445e+01,6.7152976637e+01,2.2739537445e+01,0.0000000000e+00,nan,nan,nan,nan,nan,nan
-1.1191646348e-04,4.8950938158e-05,8.3774653139e+01,1.1063334762e+01,-4.2470863158e+01,1.1099722281e+02,8.4736171457e+01,-4.3432381476e+01,8.4736171457e+01,4.3432381476e+01,0.0000000000e+00,nan,nan,nan,nan,nan,nan
-2.6862123973e-05,7.6120000553e-05,3.7238821320e+01,-5.2903491386e+00,-3.8326467082e+01,6.6079415863e+01,3.7607145655e+01,-3.8694791418e+01,3.7607145658e+01,3.8694791418e+01,0.0000000000e+00,nan,nan,nan,nan,nan,nan
-2.2612058028e-05,7.8164413887e-05,3.4041104665e+01,-5.6903771444e+00,-3.7886907202e+01,6.3065985940e+01,3.4488262691e+01,-3.8334065228e+01,3.4488262667e+01,3.8334065228e+01,0.0000000000e+00,nan,nan,nan,nan,nan,nan
-7.5739569806e-05,6.8193328827e-05,4.9750264411e+01,2.6516927933e+00,-3.9932604948e+01,7.7802390674e+01,4.9828060931e+01,-4.0010401468e+01,4.9828060931e+01,4.0010401468e+01,0.0000000000e+00,nan,nan,nan,nan,nan,nan
-1.2187007365e-04,4.9077526397e-05,8.3123925054e+01,1.3388054684e+01,-4.1762093073e+01,1.1061114947e+02,8.4542292910e+01,-4.3180460929e+01,8.4542292910e+01,4.3180460929e+01,0.0000000000e+00,nan,nan,nan,nan,nan,nan
-1.3660652351e-05,7.8566135754e-05,3.3254462692e+01,-6.3739076499e+00,-3.7198472814e+01,6.2004470016e+01,3.3826292394e+01,-3.7770302515e+01,3.3826292365e+01,3.7770302515e+01,0.0000000000e+00,nan,nan,nan,nan,nan,nan
-8.8445876563e-06,7.6918386414e-05,3.5609466600e+01,-6.6564190408e+00,-3.6768661088e+01,6.3732566933e+01,3.6216417431e+01,-3.7375611919e+01,3.6216417436e+01,3.7375611919e+01,0.0000000000e+00,nan,nan,nan,nan,nan,nan
7.3638336962e-08,7.7505366273e-05,3.4363429902e+01,-6.7837474402e+00,-3.5438394466e+01,6.1581359388e+01,3.5016532137e+01,-3.6091496702e+01,3.5016532123e+01,3.6091496702e+01,0.0000000000e+00,nan,nan,nan,nan,nan,nan
-1.7827906923e-05,7.6463348442e-05,3.6545524502e+01,-6.1355982183e+00,-3.7701825404e+01,6.5172038144e+01,3.7048943315e+01,-3.8205244217e+01,3.7048943323e+01,3.8205244217e+01,0.0000000000e+00,nan,nan,nan,nan,nan,nan
8.9091025659e-06,7.8247927714e-05,3.2722504953e+01,-6.4401263211e+00,-3.3594582512e+01,5.8505427395e+01,3.3342085476e+01,-3.4214163035e+01,3.3342085443e+01,3.4214163035e+01,0.0000000000e+00,nan,nan,nan,nan,nan,nan
1.8563319558e-05,8.1271985058e-05,2.7755811661e+01,-5.1706092109e+00,-3.1051059977e+01,5.1709335692e+01,2.8206774723e+01,-3.1502023039e+01,2.8206774677e+01,3.1502023039e+01,0.0000000000e+00,nan,nan,nan,nan,nan,nan
2.1426770790e-05,8.1644281130e-05,2.6967648717e+01,-4.6672559168e+00,-3.0059968998e+01,5.0044036498e+01,2.7346777803e+01,-3.0439098084e+01,2.7346777619e+01,3.0439098084e+01,0.0000000000e+00,nan,nan,nan,nan,nan,nan
2.7109048723e-05,8.2469805127e-05,2.5204361082e+01,-3.3951961848e+00,-2.7762776985e+01,4.6244875261e+01,2.5420283229e+01,-2.7978699132e+01,2.5420282792e+01,2.7978699132e+01,0.0000000000e+00,nan,nan,nan,nan,nan,nan
3.1905788320e-05,8.1217766383e-05,2.5551974781e+01,-2.4431781812e+00,-2.4889126813e+01,4.3884761553e+01,2.5668302880e+01,-2.5005454912e+01,2.5668302997e+01,2.5005454912e+01,0.0000000000e+00,nan,nan,nan,nan,nan,nan
2.0458095772e-04,1.8282247767e-06,1.5478121542e+02,-3.8484622133e+01,-1.2226296609e+01,1.5927648028e+02,1.6323577817e+02,-2.0680859361e+01,1.6323577817e+02,2.0680859361e+01,0.0000000000e+00,nan,nan,nan,nan,nan,nan
-1.8094114605e-04,4.5100868790e-05,8.8212931354e+01,2.8606588505e+01,-3.5823807777e+01,1.1829317593e+02,9.4491158753e+01,-4.2102035176e+01,9.4491158753e+01,4.2102035176e+01,0.0000000000e+00,nan,nan,nan,nan,nan,nan
2.6953811478e-05,6.2581598821e-05,5.2320878340e+01,-9.2371696658e+00,-2.6000534569e+01,6.9688843016e+01,5.3395044160e+01,-2.7074700390e+01,5.3395044160e+01,2.7074700390e+01,0.0000000000e+00,nan,nan,nan,nan,nan,nan
6.2989174028e-05,6.7783491423e-05,2.9990143789e+01,-5.2136662257e+00,-2.2167744960e+01,4.6066334338e+01,3.0507609945e+01,-2.2685211116e+01,3.0507609945e+01,2.2685211116e+01,0.0000000000e+00,nan,nan,nan,nan,nan,nan
3.5856450483e-05,6.3571693331e-05,4.7436989799e+01,-9.1710211911e+00,-2.1390594242e+01,6.1688881029e+01,4.8639289847e+01,-2.2592894290e+01,4.8639289847e+01,2.2592894290e+01,0.0000000000e+00,nan,nan,nan,nan,nan,nan
-1.3226634227e-05,1.1061467438e-04,-1.1905811290e+01,-5.2349017714e+00,-3.4806873185e+01,2.1804406215e+01,-1.0767562440e+01,-3.5945122035e+01,4.5041339049e-04,3.5945122035e+01,0.0000000000e+00,nan,nan,nan,nan,nan,nan
-5.8151581188e-05,2.5708357656e-05,1.3942605987e+02,1.3551396616e-01,-4.8265490940e+01,1.6254521557e+02,1.3942580843e+02,-4.8265239503e+01,1.3942580843e+02,4.8265239503e+01,0.0000000000e+00,nan,nan,nan,nan,nan,nan
2.6550898042e-04,4.5158378940e-05,-2.6859248473e+00,-5.9456440844e+00,-1.3588015126e+01,1.3968746056e+01,-7.2110690908e-02,-1.6201829282e+01,-6.1644472756e-02,1.6201829282e+01,0.0000000000e+00,nan,nan,nan,nan,nan,nan
2.7128354635e-04,3.5692209261e-05,-2.7669956109e+00,-5.9440377625e+00,-1.3999279993e+01,1.4162177037e+01,-2.0660107746e-01,-1.6559674526e+01,-1.7012269812e-01,1.6559674526e+01,0.0000000000e+00,nan,nan,nan,nan,nan,nan
2.6136504781e-04,4.4413405579e-05,-2.7087450213e+00,-5.6197933718e+00,-1.3938713155e+01,1.3756715389e+01,-3.8128575514e-01,-1.6266172421e+01,1.4101303234e-01,1.6266172421e+01,0.0000000000e+00,nan,nan,nan,nan,nan,nan
1.0454727578e-04,1.3957259652e-04,-1.0380600267e+01,-9.3131164423e-01,-1.7069615454e+01,6.0209789418e+00,-1.0248894048e+01,-1.7201321673e+01,-8.7202161989e-04,1.7201321037e+01,0.0000000000e+00,nan,nan,nan,nan,nan,nan
3.0394010232e-05,9.1228982382e-05,1.5345804362e+01,-1.8018899690e+00,-2.8749880033e+01,3.8311158221e+01,1.5416919676e+01,-2.8820995347e+01,1.5416842663e+01,2.8820995347e+01,0.0000000000e+00,nan,nan,nan,nan,nan,nan
-1.8537955275e-04,1.4590576644e-06,2.2339523668e+02,2.4582329587e+01,-4.7363323475e+01,2.3831689172e+02,2.2560827819e+02,-4.9576364982e+01,2.2560827819e+02,4.9576364982e+01,0.0000000000e+00,nan,nan,nan,nan,nan,nan
-1.9463135291e-04,2.9388224997e-06,2.2194279285e+02,2.7334637729e+01,-4.5733051609e+01,2.3659799506e+02,2.2470478676e+02,-4.8495045519e+01,2.2470478676e+02,4.8495045519e+01,0.0000000000e+00,nan,nan,nan,nan,nan,nan
1.8469878663e-04,1.6601017380e-06,2.1266583134e+02,-4.3583769308e+01,-1.2682681122e+01,2.0926973027e+02,2.2081351022e+02,-2.0830359997e+01,2.2081351022e+02,2.0830359997e+01,0.0000000000e+00,nan,nan,nan,nan,nan,nan
1.7668733657e-04,1.6078975653e-06,2.3547918134e+02,-4.5526532424e+01,-1.2882641421e+01,2.2910441790e+02,2.4357176731e+02,-2.0975227383e+01,2.4357176731e+02,2.0975227383e+01,0.0000000000e+00,nan,nan,nan,nan,nan,nan
-1.7499400918e-04,2.9264168724e-06,2.1547780954e+02,2.2670026899e+01,-4.8246085223e+01,2.3174116309e+02,2.1741168505e+02,-5.0179960735e+01,2.1741168505e+02,5.0179960735e+01,0.0000000000e+00,nan,nan,nan,nan,nan,nan
-2.4077559041e-04,3.9108165203e-05,9.3497547322e+01,4.5326101126e+01,-2.1824429855e+01,1.2702953185e+02,1.0917709314e+02,-3.7503975673e+01,1.0917709314e+02,3.7503975673e+01,0.0000000000e+00,nan,nan,nan,nan,nan,nan
8.9318333111e-05,1.3294884503e-04,-1.5577462945e+01,4.1947188411e+00,-1.9446086480e+01,8.1017677679e+00,-1.2834216911e+01,-2.2189332514e+01,-2.4154594564e-04,2.2189352661e+01,0.0000000000e+00,nan,nan,nan,nan,nan,nan
-1.7999751270e-05,1.0613259238e-04,-5.4568665372e+00,-5.1149259338e+00,-3.5139370363e+01,2.7188086141e+01,-4.6010695980e+00,-3.5995167303e+01,3.5639233332e-02,3.5995167303e+01,0.0000000000e+00,nan,nan,nan,nan,nan,nan
-6.7249532186e-05,1.0489912881e-04,9.5398015669e-01,1.9451405729e+00,-3.3639011416e+01,3.0145401902e+01,1.0619402735e+00,-3.3746971532e+01,8.7794313752e-01,3.3746971532e+01,0.0000000000e+00,nan,nan,nan,nan,nan,nan
1.9118726728e-04,1.0152203791e-04,-6.4452794823e+00,-2.3942320776e+00,-1.5295056157e+01,8.7095636524e+00,-5.8416988994e+00,-1.5898636737e+01,5.5819459632e-07,1.5898636737e+01,0.0000000000e+00,nan,nan,nan,nan,nan,nan
-2.4351421142e-04,6.3148237334e-05,2.5307534364e+01,3.4201891466e+01,-1.8458680041e+01,7.0320841519e+01,4.4024183942e+01,-3.7175329619e+01,4.4024183942e+01,3.7175329619e+01,0.0000000000e+00,nan,nan,nan,nan,nan,nan
1.6118494647e-04,3.2247615401e-06,2.3441237967e+02,-4.5194628275e+01,-1.3538975064e+01,2.2855490645e+02,2.4239293906e+02,-2.1519534464e+01,2.4239293906e+02,2.1519534464e+01,0.0000000000e+00,nan,nan,nan,nan,nan,nan
1.5318836453e-04,3.1785851905e-06,2.5321061814e+02,-4.7060180650e+01,-1.3616437726e+01,2.4503801018e+02,2.6126985135e+02,-2.1675670935e+01,2.6126985135e+02,2.1675670935e+01,0.0000000000e+00,nan,nan,nan,nan,nan,nan
-3.7026953598e-05,1.0527537227e-04,-2.4652971654e+00,-2.6780181483e+00,-3.4632934068e+01,2.8240393721e+01,-2.2445166999e+00,-3.4853714534e+01,-3.7539909090e-02,3.4853714534e+01,0.0000000000e+00,nan,nan,nan,nan,nan,nan
-8.1033222014e-05,1.0503673759e-04,1.7657153349e+00,4.1066696553e+00,-3.3059330523e+01,3.0984670160e+01,2.2422000632e+00,-3.3535815251e+01,2.2693194990e+00,3.3535815251e+01,0.0000000000e+00,nan,nan,nan,nan,nan,nan
2.2146329303e-04,7.7901303903e-05,-4.8304519206e+00,-3.6182733224e+00,-1.4665620557e+01,1.0571856736e+01,-3.6443719063e+00,-1.5851700571e+01,-1.1437027756e-04,1.5851700571e+01,0.0000000000e+00,nan,nan,nan,nan,nan,nan
3.2225792410e-04,5.3851174308e-05,-1.9494806469e+00,-1.1101069445e+01,-4.3919148542e+00,1.9340758773e+01,7.9956945336e+00,-1.4337090035e+01,7.9956945336e+00,1.4337090035e+01,0.0000000000e+00,nan,nan,nan,nan,nan,nan
1.2543160669e-04,3.1523136793e-06,2.6765503465e+02,-4.6247255941e+01,-1.4808613654e+01,2.5739899091e+02,2.7503258719e+02,-2.2186166194e+01,2.7503258719e+02,2.2186166194e+01,0.0000000000e+00,nan,nan,nan,nan,nan,nan
1.1301217532e-04,1.5313001314e-06,2.6115217505e+02,-4.0748007154e+01,-1.6781904071e+01,2.5082835363e+02,2.6700095298e+02,-2.2630681997e+01,2.6700095298e+02,2.2630681997e+01,0.0000000000e+00,nan,nan,nan,nan,nan,nan
1.1754422819e-04,3.1521696350e-06,2.6033461922e+02,-4.3752988811e+01,-1.5613562186e+01,2.5070243245e+02,2.6710364538e+02,-2.2382588345e+01,2.6710364538e+02,2.2382588345e+01,0.0000000000e+00,nan,nan,nan,nan,nan,nan
3.0853906956e-04,3.0569546434e-06,1.7769199032e+01,-2.0455598525e+01,-6.1036251231e+00,4.1018237429e+01,2.9514677375e+01,-1.7849103467e+01,2.9514677376e+01,1.7849103467e+01,0.0000000000e+00,nan,nan,nan,nan,nan,nan
1.0418641167e-04,1.0903506794e-04,-6.3216813026e+00,3.0000821421e+00,-2.2194275679e+01,1.4706613790e+01,-5.7671110605e+00,-2.2748845921e+01,-1.0117227403e-04,2.2748845921e+01,0.0000000000e+00,nan,nan,nan,nan,nan,nan
1.0507717297e-04,1.5295543976e-06,2.5488639974e+02,-3.7824225000e+01,-1.8038746427e+01,2.4526756478e+02,2.6002912121e+02,-2.3181467891e+01,2.6002912121e+02,2.3181467891e+01,0.0000000000e+00,nan,nan,nan,nan,nan,nan
-1.3116292968e-04,1.0909561733e-04,-2.3039260320e+00,1.0769072280e+01,-2.9891604392e+01,3.0307973425e+01,1.4005514034e+00,-3.3596081828e+01,1.3724529351e+00,3.3596081828e+01,0.0000000000e+00,nan,nan,nan,nan,nan,nan
-8.1672837461e-05,1.1535671678e-04,-8.0274537268e+00,4.9259907788e+00,-3.1566965125e+01,2.2094975618e+01,-7.0406693050e+00,-3.2553749546e+01,1.0512390909e-03,3.2553749546e+01,0.0000000000e+00,nan,nan,nan,nan,nan,nan
-1.7584890495e-04,6.3566473554e-05,4.9263984697e+01,2.4492388858e+01,-3.2222961104e+01,8.2336703366e+01,5.6057629649e+01,-3.9016606056e+01,5.6057629649e+01,3.9016606056e+01,0.0000000000e+00,nan,nan,nan,nan,nan,nan
1.2607384046e-04,7.7944504632e-05,5.3107349080e+00,-1.4422154412e+00,-2.1553642019e+01,2.3396047838e+01,5.3862609617e+00,-2.1629168072e+01,5.3871097178e+00,2.1629168072e+01,0.0000000000e+00,nan,nan,nan,nan,nan,nan
8.1276887463e-05,1.5194540808e-06,2.3877352306e+02,-2.9072456830e+01,-2.3341090125e+01,2.3251288625e+02,2.4195759394e+02,-2.6525160999e+01,2.4195759394e+02,2.6525160999e+01,0.0000000000e+00,nan,nan,nan,nan,nan,nan
1.5286067879e-04,1.2405601613e-04,-8.9612560523e+00,-1.0636672434e+00,-1.6867032838e+01,7.0914991025e+00,-8.8198655293e+00,-1.7008423361e+01,-1.4237967620e-06,1.7008423361e+01,0.0000000000e+00,nan,nan,nan,nan,nan,nan
7.3339589400e-05,1.5147180822e-06,2.3442167719e+02,-2.6403971897e+01,-2.5550449741e+01,2.2973771946e+02,2.3707474790e+02,-2.8203520446e+01,2.3707474790e+02,2.8203520446e+01,0.0000000000e+00,nan,nan,nan,nan,nan,nan
4.9484777729e-05,1.4993300385e-06,2.2391836691e+02,-1.9406000029e+01,-3.2780305523e+01,2.2483262224e+02,2.2537620566e+02,-3.4238144279e+01,2.2537620566e+02,3.4238144279e+01,0.0000000000e+00,nan,nan,nan,nan,nan,nan
2.3227620817e-04,1.2417010752e-04,-2.4144167112e+00,-6.4796039202e+00,-1.0833657000e+01,1.3383147343e+01,1.1027268656e+00,-1.4350800577e+01,1.1003549409e+00,1.4350800577e+01,0.0000000000e+00,nan,nan,nan,nan,nan,nan
1.9576554623e-04,1.4329423361e-04,-8.8738885199e-01,-5.7126800311e+00,-1.2077190523e+01,1.3849029015e+01,1.5134509422e+00,-1.4478030317e+01,1.5102889955e+00,1.4478030317e+01,0.0000000000e+00,nan,nan,nan,nan,nan,nan
3.2381186269e-04,3.9210967585e-05,-1.0949309413e+00,-1.1369967722e+01,-5.3710686106e+00,2.0035449648e+01,8.3344724714e+00,-1.4800472023e+01,8.3344724714e+00,1.4800472023e+01,0.0000000000e+00,nan,nan,nan,nan,nan,nan
-2.7664974806e-04,1.5396490716e-06,2.9522005599e+02,5.8772341512e+01,-1.2756313104e+01,2.8546568030e+02,3.0604555881e+02,-2.3581815920e+01,3.0604555881e+02,2.3581815920e+01,0.0000000000e+00,nan,nan,nan,nan,nan,nan
-2.7270463385e-04,1.5295245905e-06,2.8827996763e+02,5.5604927515e+01,-1.6368330181e+01,2.8085067401e+02,2.9810503097e+02,-2.6193393518e+01,2.9810503097e+02,2.6193393518e+01,0.0000000000e+00,nan,nan,nan,nan,nan,nan
-2.6551609743e-04,3.0478875385e-06,2.7079085555e+02,5.2935918627e+01,-2.1112829405e+01,2.6890106418e+02,2.8008911486e+02,-3.0411088721e+01,2.8008911486e+02,3.0411088721e+01,0.0000000000e+00,nan,nan,nan,nan,nan,nan
-2.6160974701e-04,3.0334473609e-06,2.6624727209e+02,5.0630126120e+01,-2.3858454645e+01,2.6609627059e+02,2.7482516218e+02,-3.2436344733e+01,2.7482516218e+02,3.2436344733e+01,0.0000000000e+00,nan,nan,nan,nan,nan,nan
-2.5774505869e-04,3.0256702512e-06,2.6204702461e+02,4.8571589325e+01,-2.6294821232e+01,2.6349566759e+02,2.7000539630e+02,-3.4253192926e+01,2.7000539630e+02,3.4253192926e+01,0.0000000000e+00,nan,nan,nan,nan,nan,nan
2.4012020107e-04,9.6871483631e-05,-3.6972240803e+00,-5.9195688222e+00,-1.1752899839e+01,1.2400442535e+01,-5.6566312386e-01,-1.4884460795e+01,9.7462286943e-03,1.4884460795e+01,0.0000000000e+00,nan,nan,nan,nan,nan,nan
8.1966493039e-05,1.4200205817e-04,-2.0307041125e+01,7.1882682422e-01,-2.0697803859e+01,1.0348607791e+00,-1.9904945343e+01,-2.1099899641e+01,2.0476644510e-02,2.1114352951e+01,0.0000000000e+00,nan,nan,nan,nan,nan,nan
3.0265918949e-04,1.0704076797e-04,-3.2614728139e+00,-8.6638323067e+00,-5.4606989604e+00,1.5125332475e+01,4.3715288889e+00,-1.3093700663e+01,4.3715288889e+00,1.3093700663e+01,0.0000000000e+00,nan,nan,nan,nan,nan,nan
2.6049574123e-04,2.6757143443e-06,3.6174910897e+01,-2.4098348715e+01,-1.2153658967e+01,5.9113274790e+01,4.6139691077e+01,-2.2118439148e+01,4.6139691078e+01,2.2118439148e+01,0.0000000000e+00,nan,nan,nan,nan,nan,nan
2.7188250101e-04,1.0412972322e-04,-2.7813386466e+00,-7.8213310350e+00,-8.7160445139e+00,1.4488404532e+01,2.6161926765e+00,-1.4113575837e+01,2.6161921446e+00,1.4113575837e+01,0.0000000000e+00,nan,nan,nan,nan,nan,nan
-2.0349656824e-04,8.6997826962e-05,4.9697454852e+00,2.1354115216e+01,-2.4960447951e+01,4.5161547269e+01,1.6078680241e+01,-3.6069382705e+01,1.6078680241e+01,3.6069382705e+01,0.0000000000e+00,nan,nan,nan,nan,nan,nan
2.5248695165e-04,2.4943171616e-06,4.8912329271e+01,-2.6568593364e+01,-1.1929240823e+01,6.9966865281e+01,5.8886932728e+01,-2.1903844280e+01,5.8886932728e+01,2.1903844280e+01,0.0000000000e+00,nan,nan,nan,nan,nan,nan
2.4848446044e-04,2.4679305369e-06,5.5564813877e+01,-2.7662800613e+01,-1.1836866348e+01,7.5529583646e+01,6.5470999214e+01,-2.1743051686e+01,6.5470999214e+01,2.1743051686e+01,0.0000000000e+00,nan,nan,nan,nan,nan,nan
2.4810074332e-04,5.5814625454e-05,-3.4560945169e+00,-4.8493260002e+00,-1.4241854322e+01,1.2560348918e+01,-1.5972535904e+00,-1.6100695249e+01,9.4901841557e-03,1.6100695249e+01,0.0000000000e+00,nan,nan,nan,nan,nan,nan
-1.8543155921e-04,7.6266679490e-05,2.5779471255e+01,2.3220458467e+01,-2.8502213625e+01,6.1863730497e+01,3.4355670271e+01,-3.7078412640e+01,3.4355670271e+01,3.7078412640e+01,0.0000000000e+00,nan,nan,nan,nan,nan,nan
-2.4898221303e-04,1.4813512132e-06,2.5918464464e+02,4.3101915324e+01,-3.1601179527e+01,2.6265640095e+02,2.6543647635e+02,-3.7853011239e+01,2.6543647635e+02,3.7853011239e+01,0.0000000000e+00,nan,nan,nan,nan,nan,nan
1.5372855918e-04,9.9439271882e-05,-6.3205849746e+00,-1.0630304536e+00,-1.6899539009e+01,9.3498581866e+00,-6.2119188509e+00,-1.7008205133e+01,2.1224768813e-04,1.7008205133e+01,0.0000000000e+00,nan,nan,nan,nan,nan,nan
2.1072496452e-04,8.2193070173e-05,-5.3960738195e+00,-2.9375463434e+00,-1.5233815200e+01,9.9201191339e+00,-4.5875610575e+00,-1.6042327962e+01,-9.3823700922e-05,1.6042327962e+01,0.0000000000e+00,nan,nan,nan,nan,nan,nan
-2.2116111090e-04,1.4759332262e-06,2.3910223133e+02,3.3770082756e+01,-4.1034549452e+01,2.4955481875e+02,2.4311438272e+02,-4.5046700843e+01,2.4311438272e+02,4.5046700843e+01,0.0000000000e+00,nan,nan,nan,nan,nan,nan
2.2455040771e-04,2.0715815717e-06,1.0373867157e+02,-3.3665510963e+01,-1.1877948566e+01,1.1588731219e+02,1.1283793239e+02,-2.0977209389e+01,1.1283793239e+02,2.0977209389e+01,0.0000000000e+00,nan,nan,nan,nan,nan,nan
2.2055329051e-04,2.0502606899e-06,1.1290618583e+02,-3.4623853236e+01,-1.1903696324e+01,1.2363078614e+02,1.2187951241e+02,-2.0877022905e+01,1.2187951241e+02,2.0877022905e+01,0.0000000000e+00,nan,nan,nan,nan,nan,nan
2.1377385785e-04,1.3019812636e-04,-2.3899656436e+00,-5.9126685165e+00,-1.1658197154e+01,1.3011365229e+01,4.8803381878e-01,-1.4536196616e+01,4.8083578480e-01,1.4536196616e+01,0.0000000000e+00,nan,nan,nan,nan,nan,nan
1.9409472488e-04,1.2433015258e-04,-4.3458297880e+00,-4.4920334347e+00,-1.3152364068e+01,1.0894257720e+01,-2.4592943011e+00,-1.5038899555e+01,9.0370478953e-04,1.5038899555e+01,0.0000000000e+00,nan,nan,nan,nan,nan,nan
1.9265021756e-04,1.7515404900e-06,1.8929484749e+02,-4.1598457476e+01,-1.2459964845e+01,1.8902025528e+02,1.9754833659e+02,-2.0713453950e+01,1.9754833659e+02,2.0713453950e+01,0.0000000000e+00,nan,nan,nan,nan,nan,nan
-1.4825693347e-04,9.9904729330e-05,4.4651661515e+00,1.3620081318e+01,-2.9681472159e+01,3.7826555336e+01,9.2310189019e+00,-3.4447324910e+01,9.2311651859e+00,3.4447324910e+01,0.0000000000e+00,nan,nan,nan,nan,nan,nan
1.6871757374e-04,1.5811098209e-06,2.5587113047e+02,-4.7330805527e+01,-1.3033194892e+01,2.4689944193e+02,2.6396642705e+02,-2.1128491471e+01,2.6396642705e+02,2.1128491471e+01,0.0000000000e+00,nan,nan,nan,nan,nan,nan
1.4078411326e-04,1.5465523134e-06,2.8285831871e+02,-4.8736343352e+01,-1.4005009980e+01,2.7059232554e+02,2.9065320635e+02,-2.1799897627e+01,2.9065320635e+02,2.1799897627e+01,0.0000000000e+00,nan,nan,nan,nan,nan,nan
1.3680198574e-04,1.5584803748e-06,2.7946377391e+02,-4.7920816474e+01,-1.4296922338e+01,2.6760091577e+02,2.8708288654e+02,-2.1916034969e+01,2.8708288654e+02,2.1916034969e+01,0.0000000000e+00,nan,nan,nan,nan,nan,nan
-2.2238898310e-04,8.1473502734e-05,4.0602381618e+00,2.3979900811e+01,-2.2402927203e+01,4.7433283921e+01,1.8214274720e+01,-3.6556963761e+01,1.8214274720e+01,3.6556963761e+01,0.0000000000e+00,nan,nan,nan,nan,nan,nan
1.3193806084e-04,9.1843678499e-05,-1.2331193137e+00,-2.3571544988e+00,-1.6850695997e+01,1.4117406382e+01,-8.9121928003e-01,-1.7192596030e+01,-1.3866891496e-02,1.7192596030e+01,0.0000000000e+00,nan,nan,nan,nan,nan,nan
-2.1653468331e-04,9.1486919418e-05,-5.8698999737e+00,1.9389906809e+01,-2.3481085918e+01,3.6881890275e+01,6.6182763319e+00,-3.5969262224e+01,6.6182763320e+00,3.5969262224e+01,1.0000000000e+00,1.7219970063e+01,1.6377323173e+01,5.3207757556e+00,2.2519597342e+01,-3.0898867630e-01,9.5106571693e-01
2.1333680327e-04,9.7208764476e-05,-5.0638456551e+00,-4.0174125978e+00,-1.3769171190e+01,1.0257249087e+01,-3.4944829010e+00,-1.5338533944e+01,3.4611251901e-06,1.5338533944e+01,0.0000000000e+00,nan,nan,nan,nan,nan,nan
4.1513522023e-05,1.4997622647e-06,2.2111971550e+02,-1.7392732702e+01,-3.5213561624e+01,2.2402449288e+02,2.2229367820e+02,-3.6387524329e+01,2.2229367820e+02,3.6387524329e+01,0.0000000000e+00,nan,nan,nan,nan,nan,nan
-1.8147115496e-05,1.4610079319e-06,2.0851571895e+02,-5.6972576656e+00,-4.9051967821e+01,2.2327790376e+02,2.0864143340e+02,-4.9177682276e+01,2.0864143340e+02,4.9177682276e+01,0.0000000000e+00,nan,nan,nan,nan,nan,nan
-1.7679235369e-04,9.2080518508e-05,7.2597746629e+00,1.8046335158e+01,-2.7799480816e+01,4.3573620593e+01,1.4887388502e+01,-3.5427094655e+01,1.4887390363e+01,3.5427094655e+01,0.0000000000e+00,nan,nan,nan,nan,nan,nan
-1.4481712403e-04,9.1418250148e-05,1.4038190722e+01,1.4330275537e+01,-3.1068730434e+01,4.6280250229e+01,1.8204645072e+01,-3.5235184784e+01,1.8204645863e+01,3.5235184784e+01,0.0000000000e+00,nan,nan,nan,nan,nan,nan
2.6391099939e-04,7.6829083121e-05,-3.0899092183e+00,-6.8762367619e+00,-1.1094970084e+01,1.3779352204e+01,8.6307305316e-01,-1.5047952355e+01,8.6078770287e-01,1.5047952355e+01,0.0000000000e+00,nan,nan,nan,nan,nan,nan
2.3292604397e-04,7.7158402613e-05,-4.2847473250e+00,-4.5080390712e+00,-1.3776507656e+01,1.1335223841e+01,-2.4862329547e+00,-1.5575022027e+01,1.3935328064e-05,1.5575022027e+01,0.0000000000e+00,nan,nan,nan,nan,nan,nan
1.0826408577e-04,1.2060956664e-04,-1.0212683375e+01,1.6771728823e+00,-1.9202726836e+01,8.2787480088e+00,-9.9279677140e+00,-1.9487442497e+01,-1.8777844621e-07,1.9487442498e+01,0.0000000000e+00,nan,nan,nan,nan,nan,nan
2.1208805554e-04,8.9682070651e-05,-5.2995840729e+00,-3.4677596485e+00,-1.4483173101e+01,9.9635203262e+00,-4.1389374443e+00,-1.5643819729e+01,-3.7374472256e-06,1.5643819729e+01,0.0000000000e+00,nan,nan,nan,nan,nan,nan
-3.0199671969e-04,3.4728699505e-05,6.8038587467e+01,3.9163508646e+01,8.6963932773e-01,8.9372249143e+01,8.6053205498e+01,-1.7144978703e+01,8.6053205498e+01,1.7144978703e+01,0.0000000000e+00,nan,nan,nan,nan,nan,nan
1.6798899785e-04,9.7461027892e-05,-6.8489760390e+00,-1.0726146822e+00,-1.6888891329e+01,8.8946409861e+00,-6.7336103166e+00,-1.7004257052e+01,-1.0438749387e-05,1.7004257052e+01,0.0000000000e+00,nan,nan,nan,nan,nan,nan
-7.7626903849e-05,9.0982624313e-05,1.7438602056e+01,2.9899016204e+00,-3.5557888622e+01,4.6186288050e+01,1.7606022556e+01,-3.5725309122e+01,1.7606024103e+01,3.5725309122e+01,0.0000000000e+00,nan,nan,nan,nan,nan,nan
1.1741971604e-04,1.4365349459e-04,-6.1668832941e+00,-1.7091117007e+00,-1.6941770763e+01,9.7959374434e+00,-5.8986399087e+00,-1.7210014149e+01,3.2223062857e-03,1.7210014147e+01,0.0000000000e+00,nan,nan,nan,nan,nan,nan
-1.5740850989e-04,6.8364292864e-05,4.4038522193e+01,1.9841663119e+01,-3.3772058923e+01,7.5641510156e+01,4.8804877886e+01,-3.8538414615e+01,4.8804877886e+01,3.8538414615e+01,0.0000000000e+00,nan,nan,nan,nan,nan,nan
-1.3555983954e-04,1.0107080456e-04,4.8139739405e+00,1.1975427691e+01,-3.0516315322e+01,3.6962749699e+01,8.4892827979e+00,-3.4191624179e+01,8.4889104995e+00,3.4191624179e+01,0.0000000000e+00,nan,nan,nan,nan,nan,nan
-2.0821338853e-04,8.5564910302e-05,4.9402063678e+00,2.2055999240e+01,-2.4384373661e+01,4.5869744898e+01,1.6760825930e+01,-3.6204993209e+01,1.6760825930e+01,3.6204993210e+01,0.0000000000e+00,nan,nan,nan,nan,nan,nan
1.8658408892e-04,9.6489947390e-05,-6.8871581043e+00,-1.5385415695e+00,-1.6261571955e+01,8.5396064282e+00,-6.6440209593e+00,-1.6504709099e+01,8.3093814686e-06,1.6504709099e+01,0.0000000000e+00,nan,nan,nan,nan,nan,nan
-7.6526721844e-05,2.5691503498e-05,1.3908453956e+02,3.7831645487e+00,-4.8641870436e+01,1.6270719614e+02,1.3916037805e+02,-4.8717708927e+01,1.3916037805e+02,4.8717708927e+01,0.0000000000e+00,nan,nan,nan,nan,nan,nan
-2.0312494312e-04,7.1914816514e-05,2.7193053798e+01,2.6929966109e+01,-2.6196339288e+01,6.5673938968e+01,3.8415223597e+01,-3.7418509087e+01,3.8415223597e+01,3.7418509087e+01,0.0000000000e+00,nan,nan,nan,nan,nan,nan
-1.7152194381e-04,1.0000089319e-04,7.7776621561e-02,1.5724635189e+01,-2.7697138119e+01,3.6334518910e+01,7.1680635249e+00,-3.4787425022e+01,7.1686285629e+00,3.4787425022e+01,0.0000000000e+00,nan,nan,nan,nan,nan,nan
1.3831869033e-04,1.5127855680e-04,-3.0561635283e+00,-2.0754445473e+00,-1.6825882080e+01,1.2462297638e+01,-2.7459119080e+00,-1.7136133700e+01,4.1705031983e-02,1.7136133701e+01,0.0000000000e+00,nan,nan,nan,nan,nan,nan
-4.1791149580e-05,1.1970183175e-04,-1.7894927401e+01,2.3049175924e-01,-3.2367334543e+01,1.2533881465e+01,-1.7894691134e+01,-3.2367570810e+01,1.1980983779e-05,3.2367570810e+01,0.0000000000e+00,nan,nan,nan,nan,nan,nan
1.5342956909e-04,1.6211142057e-04,5.5635744073e+00,-4.3117417191e+00,-1.3293666483e+01,1.7951040757e+01,6.4989921755e+00,-1.4229084251e+01,6.5018855309e+00,1.4229084251e+01,0.0000000000e+00,nan,nan,nan,nan,nan,nan
3.0749315417e-04,8.5269485997e-05,-3.0722112582e+00,-9.4797671629e+00,-5.3483351369e+00,1.6535737930e+01,5.3366395474e+00,-1.3757185943e+01,5.3366395474e+00,1.3757185943e+01,0.0000000000e+00,nan,nan,nan,nan,nan,nan
-3.1028317345e-04,3.5745571742e-05,5.6327497468e+01,3.4325952461e+01,-1.0788090445e+00,7.7527370092e+01,7.2384792204e+01,-1.7136103780e+01,7.2384792204e+01,1.7136103780e+01,0.0000000000e+00,nan,nan,nan,nan,nan,nan
-2.2622228822e-04,2.9671326112e-06,2.3702796375e+02,3.6176903667e+01,-3.9266419383e+01,2.4734371852e+02,2.4168473465e+02,-4.3923190289e+01,2.4168473465e+02,4.3923190289e+01,0.0000000000e+00,nan,nan,nan,nan,nan,nan
-1.9858343584e-04,2.9415748791e-06,2.2347368425e+02,2.8335936293e+01,-4.5118806055e+01,2.3772769429e+02,2.2642958739e+02,-4.8074709196e+01,2.2642958739e+02,4.8074709196e+01,0.0000000000e+00,nan,nan,nan,nan,nan,nan
2.6112469409e-04,2.5404345985e-05,2.3961393668e+01,-1.7168951855e+01,-1.0890489575e+01,4.2367127085e+01,3.0996124274e+01,-1.7925220181e+01,3.0995863615e+01,1.7925220181e+01,0.0000000000e+00,nan,nan,nan,nan,nan,nan
2.8785409317e-04,2.1028361197e-05,1.0276126170e+01,-1.3576814945e+01,-1.0271060441e+01,2.9521784137e+01,1.7046942883e+01,-1.7041877154e+01,1.7046939986e+01,1.7041877154e+01,0.0000000000e+00,nan,nan,nan,nan,nan,nan
-1.4826716892e-04,3.9140056880e-05,1.0479971262e+02,2.0247856761e+01,-4.1853565366e+01,1.3175699227e+02,1.0754300863e+02,-4.4596861273e+01,1.0754300863e+02,4.4596861273e+01,0.0000000000e+00,nan,nan,nan,nan,nan,nan
3.6139888160e-04,3.5574511593e-05,-2.3701501772e+00,-1.4395007242e+01,7.6214269018e+00,2.6383164342e+01,1.7857965397e+01,-1.2606688673e+01,1.7857965397e+01,1.2606688599e+01,0.0000000000e+00,nan,nan,nan,nan,nan,nan
3.5810708390e-04,3.9199966282e-05,-2.5925298627e+00,-1.3951145816e+01,6.1430431654e+00,2.5313014470e+01,1.6389732370e+01,-1.2839219067e+01,1.6389732370e+01,1.2839219105e+01,0.0000000000e+00,nan,nan,nan,nan,nan,nan
3.5849792435e-04,4.3311090917e-05,-3.2623089138e+00,-1.3450176204e+01,6.2803955070e+00,2.4711257165e+01,1.5776094273e+01,-1.2758007679e+01,1.5776094273e+01,1.2758007678e+01,0.0000000000e+00,nan,nan,nan,nan,nan,nan
1.7727803584e-04,8.6551305769e-05,-5.6410852133e+00,-1.6695928342e+00,-1.6755228156e+01,1.0052870598e+01,-5.3941291388e+00,-1.7002184230e+01,1.4426677610e-03,1.7002184230e+01,0.0000000000e+00,nan,nan,nan,nan,nan,nan
-1.6199926626e-04,7.2496826247e-05,3.6686822258e+01,2.0098673738e+01,-3.2377390478e+01,6.9202450643e+01,4.2108769397e+01,-3.7799337617e+01,4.2108769397e+01,3.7799337617e+01,0.0000000000e+00,nan,nan,nan,nan,nan,nan
4.6550530478e-05,7.7675151453e-05,2.4472544567e+01,-2.5948536866e+00,-2.2505164744e+01,4.0932682104e+01,2.4616184943e+01,-2.2648805120e+01,2.4616184945e+01,2.2648805120e+01,0.0000000000e+00,nan,nan,nan,nan,nan,nan
2.7043829174e-04,4.9534454206e-05,-2.5390795457e+00,-6.5546467521e+00,-1.2677012406e+01,1.4349616431e+01,6.7670893312e-01,-1.5892800885e+01,6.8269896038e-01,1.5892800885e+01,0.0000000000e+00,nan,nan,nan,nan,nan,nan
-1.9753014403e-04,5.9156747683e-05,5.2942446160e+01,2.9992079358e+01,-2.9352824991e+01,8.8189718856e+01,6.2711168506e+01,-3.9121547337e+01,6.2711168506e+01,3.9121547337e+01,0.0000000000e+00,nan,nan,nan,nan,nan,nan
-8.1565908311e-05,9.6973643936e-05,1.0470243894e+01,3.8388234022e+00,-3.4343133216e+01,3.9373441575e+01,1.0795822431e+01,-3.4668711753e+01,1.0795958499e+01,3.4668711753e+01,0.0000000000e+00,nan,nan,nan,nan,nan,nan
-6.4493501894e-05,1.0489307390e-04,7.3001364374e-01,1.5107253447e+00,-3.3744017640e+01,2.9968050352e+01,7.9505993967e-01,-3.3809063936e+01,6.2133499853e-01,3.3809063936e+01,0.0000000000e+00,nan,nan,nan,nan,nan,nan
2.4965341009e-04,6.3171758117e-05,-3.4803959524e+00,-5.2701263321e+00,-1.3492678836e+01,1.2587902858e+01,-1.2189082908e+00,-1.5754166497e+01,1.1047652700e-03,1.5754166497e+01,0.0000000000e+00,nan,nan,nan,nan,nan,nan
1.7989666269e-04,8.0468043858e-05,-4.4701031424e+00,-2.2442656263e+00,-1.6599649946e+01,1.1203243472e+01,-4.0666809099e+00,-1.7003072178e+01,-1.2063528060e-02,1.7003072178e+01,0.0000000000e+00,nan,nan,nan,nan,nan,nan
2.9916218946e-04,7.9950230842e-05,-2.7592205204e+00,-9.2115490189e+00,-6.7779163810e+00,1.6328553514e+01,4.6587263162e+00,-1.4195863218e+01,4.6587263151e+00,1.4195863218e+01,0.0000000000e+00,nan,nan,nan,nan,nan,nan
-1.0858416540e-04,9.5664338358e-05,1.2052037286e+01,8.3558639436e+00,-3.3131658361e+01,4.1719148972e+01,1.3546751352e+01,-3.4626372431e+01,1.3546747452e+01,3.4626372430e+01,0.0000000000e+00,nan,nan,nan,nan,nan,nan
2.9805205319e-04,7.2326369751e-05,-2.5343434036e+00,-9.2021993846e+00,-7.3829928139e+00,1.6480892582e+01,4.5565796598e+00,-1.4473915877e+01,4.5565796686e+00,1.4473915877e+01,0.0000000000e+00,nan,nan,nan,nan,nan,nan
-2.8828579732e-04,1.2160324618e-05,2.0938469316e+02,6.9385054167e+01,4.0966271034e+00,2.1458810175e+02,2.3063315844e+02,-1.7151838175e+01,2.3063315844e+02,1.7151838175e+01,0.0000000000e+00,nan,nan,nan,nan,nan,nan
-1.3504883693e-04,4.9288780762e-05,8.2067109046e+01,1.6541583501e+01,-4.0612886717e+01,1.1003788510e+02,8.4257513750e+01,-4.2803291421e+01,8.4257513750e+01,4.2803291421e+01,0.0000000000e+00,nan,nan,nan,nan,nan,nan
-9.2366419101e-06,1.1943756490e-04,-2.4369208009e+01,-4.4935575407e+00,-3.3901052184e+01,1.1330281199e+01,-2.2593589196e+01,-3.5676670996e+01,-4.4777147863e-06,3.5676670996e+01,0.0000000000e+00,nan,nan,nan,nan,nan,nan
7.6372516459e-05,1.0012377133e-04,1.5114375717e+00,3.0082119181e+00,-2.1973238776e+01,2.1005349328e+01,1.8965434866e+00,-2.2358344691e+01,1.8790580507e+00,2.2358344691e+01,0.0000000000e+00,nan,nan,nan,nan,nan,nan
2.1426124984e-04,6.2100940021e-05,-3.7215243465e+00,-3.2167831639e+00,-1.6240524014e+01,1.2198443390e+01,-2.9382496055e+00,-1.7023798755e+01,-8.4919763612e-02,1.7023798755e+01,0.0000000000e+00,nan,nan,nan,nan,nan,nan
1.5787322472e-04,1.6486501439e-05,8.8556613742e+01,-2.2846795021e+01,-1.6856454441e+01,9.9501729858e+01,9.3297430169e+01,-2.1597270867e+01,9.3297430169e+01,2.1597270867e+01,0.0000000000e+00,nan,nan,nan,nan,nan,nan
9.3896124464e-05,3.1474740733e-06,2.4046917187e+02,-3.4752638260e+01,-1.9628323407e+01,2.3315100397e+02,2.4503021913e+02,-2.4189370673e+01,2.4503021913e+02,2.4189370673e+01,0.0000000000e+00,nan,nan,nan,nan,nan,nan
-1.6752749430e-04,5.7447112149e-05,6.2379283983e+01,2.3662518160e+01,-3.4825191666e+01,9.3626248421e+01,6.7832185888e+01,-4.0278093571e+01,6.7832185888e+01,4.0278093571e+01,0.0000000000e+00,nan,nan,nan,nan,nan,nan
1.8327698021e-05,1.2312098726e-04,-3.3318398779e+01,-6.9151358812e+00,-3.5086513951e+01,1.2000331981e+01,-2.7274061466e+01,-4.1130851265e+01,1.3586953288e-06,4.1130851265e+01,0.0000000000e+00,nan,nan,nan,nan,nan,nan
2.1297361239e-04,2.1064326513e-05,3.7209854854e+01,-1.6083826697e+01,-1.4078368897e+01,5.2431056416e+01,4.1836827514e+01,-1.8705341557e+01,4.1836827518e+01,1.8705341557e+01,0.0000000000e+00,nan,nan,nan,nan,nan,nan
-1.9813254621e-04,1.2018133095e-05,1.9233469584e+02,3.1486511942e+01,-4.2656320377e+01,2.1068668991e+02,1.9647920486e+02,-4.6800829402e+01,1.9647920486e+02,4.6800829402e+01,0.0000000000e+00,nan,nan,nan,nan,nan,nan
-1.6333194477e-04,6.8670667111e-05,4.2607176953e+01,2.1002866015e+01,-3.2954765484e+01,7.4868223957e+01,4.8051394989e+01,-3.8398983521e+01,4.8051394989e+01,3.8398983521e+01,0.0000000000e+00,nan,nan,nan,nan,nan,nan
2.4498662869e-04,2.4121646025e-05,2.4599935818e+01,-1.4643905935e+01,-1.3644518588e+01,4.1716009500e+01,2.9562457930e+01,-1.8607040699e+01,2.9562471810e+01,1.8607040699e+01,0.0000000000e+00,nan,nan,nan,nan,nan,nan
-1.0316227424e-04,7.2236469626e-05,4.2655593545e+01,8.1330004329e+00,-3.7874430449e+01,7.1148231584e+01,4.3468032205e+01,-3.8686869109e+01,4.3468032205e+01,3.8686869109e+01,0.0000000000e+00,nan,nan,nan,nan,nan,nan
-1.0011558259e-04,7.2180624708e-05,4.2856211850e+01,7.5047174349e+00,-3.8066292830e+01,7.1275007986e+01,4.3545604557e+01,-3.8755685537e+01,4.3545604557e+01,3.8755685537e+01,0.0000000000e+00,nan,nan,nan,nan,nan,nan
-1.7069217373e-04,8.1105344716e-05,2.2432878123e+01,1.9906113328e+01,-2.9817586191e+01,5.6886584203e+01,2.9151130668e+01,-3.6535838737e+01,2.9151130672e+01,3.6535838737e+01,0.0000000000e+00,nan,nan,nan,nan,nan,nan
6.2210306129e-05,1.0925649866e-04,3.5046859226e-01,6.3008807037e+00,-2.0158771508e+01,2.0850761187e+01,2.1340411261e+00,-2.1942344042e+01,2.1899640861e+00,2.1942344041e+01,0.0000000000e+00,nan,nan,nan,nan,nan,nan
1.4598135590e-04,1.5113239214e-04,-1.5345613193e+00,-2.7980965249e+00,-1.5031760926e+01,1.2646188289e+01,-9.8188090978e-01,-1.5584441336e+01,-1.3840912657e-01,1.5584441336e+01,0.0000000000e+00,nan,nan,nan,nan,nan,nan
5.9331167757e-05,1.2437968343e-04,-1.7180152911e+01,2.5735499178e+00,-2.9489049945e+01,1.1325144970e+01,-1.6796025931e+01,-2.9873176925e+01,-6.4212002539e-03,2.9873173196e+01,0.0000000000e+00,nan,nan,nan,nan,nan,nan
3.6302076596e-05,8.6169488573e-05,1.9953062467e+01,8.6497543288e-02,-2.3561653573e+01,3.7681960704e+01,1.9951394603e+01,-2.3559985709e+01,1.9951395352e+01,2.3559985709e+01,0.0000000000e+00,nan,nan,nan,nan,nan,nan
1.2225644770e-04,9.4695967522e-05,-2.3984869980e+00,-1.5191343263e-01,-2.0012310006e+01,1.5246473334e+01,-2.4028430185e+00,-2.0007953985e+01,-1.4112629853e-02,2.0007953985e+01,0.0000000000e+00,nan,nan,nan,nan,nan,nan
1.1435896621e-04,1.1368513144e-04,-7.7491561777e+00,6.8656401567e-01,-1.8452005236e+01,9.3293228567e+00,-7.7142936440e+00,-1.8486867769e+01,5.0206599532e-06,1.8486867769e+01,0.0000000000e+00,nan,nan,nan,nan,nan,nan
1.3944482697e-04,9.7682175013e-05,-4.5242882727e+00,-1.4564362774e+00,-1.6831820676e+01,1.0960691290e+01,-4.3498964074e+00,-1.7006212541e+01,2.1421985770e-04,1.7006212541e+01,0.0000000000e+00,nan,nan,nan,nan,nan,nan
1.5366184393e-04,1.5071382267e-04,-1.0128921730e+00,-3.7757878943e+00,-1.4213461274e+01,1.3168197523e+01,-1.0514338898e-02,-1.5215839108e+01,-1.9157563276e-02,1.5215839108e+01,0.0000000000e+00,nan,nan,nan,nan,nan,nan
1.0946866975e-04,9.9082210238e-05,-3.1028611257e+00,1.9090730170e+00,-2.2609763623e+01,1.7223001601e+01,-2.9126077638e+00,-2.2800016985e+01,-3.6987207900e-03,2.2800016985e+01,0.0000000000e+00,nan,nan,nan,nan,nan,nan
2.9785893867e-04,2.9031837515e-05,-1.3182851472e+00,-8.5446222445e+00,-1.1132203871e+01,1.7064931531e+01,3.6271983043e+00,-1.6077687322e+01,3.6271980265e+00,1.6077687322e+01,0.0000000000e+00,nan,nan,nan,nan,nan,nan
2.0732945584e-04,1.4306458748e-04,-6.2815960783e-01,-6.0797359412e+00,-1.1527223887e+01,1.4140823797e+01,2.0865166782e+00,-1.4241900173e+01,2.0874624155e+00,1.4241900173e+01,0.0000000000e+00,nan,nan,nan,nan,nan,nan
8.0469333958e-05,1.3326459266e-04,-1.5951919375e+01,3.9020620285e+00,-1.8057011262e+01,7.1445632948e+00,-1.2879549777e+01,-2.1129380860e+01,-8.8573869117e-03,2.1124749008e+01,0.0000000000e+00,nan,nan,nan,nan,nan,nan
1.9839466447e-04,1.2935703360e-04,-3.3118087526e+00,-5.1164164540e+00,-1.2572315664e+01,1.1951661265e+01,-1.0417673593e+00,-1.4842357057e+01,1.2531305115e-02,1.4842357057e+01,0.0000000000e+00,nan,nan,nan,nan,nan,nan
1.1797735817e-04,7.2942547340e-05,1.0301910004e+01,-1.8292786157e+00,-2.2799655540e+01,2.8844938864e+01,1.0404760450e+01,-2.2902505986e+01,1.0404789807e+01,2.2902505986e+01,0.0000000000e+00,nan,nan,nan,nan,nan,nan
1.6620447860e-04,8.6568140878e-05,-4.4899262189e+00,-1.9985474098e+00,-1.6688967553e+01,1.1120699111e+01,-4.1689082604e+00,-1.7009985512e+01,-1.2153148552e-02,1.7009985512e+01,0.0000000000e+00,nan,nan,nan,nan,nan,nan
-2.1766012559e-04,6.3187639963e-05,3.7902221018e+01,3.2107059515e+01,-2.4427391094e+01,7.7496533237e+01,5.1480059287e+01,-3.8005229364e+01,5.1480059287e+01,3.8005229364e+01,0.0000000000e+00,nan,nan,nan,nan,nan,nan
-1.9947718579e-04,6.7371864609e-05,3.6362699105e+01,2.7941944300e+01,-2.7495707619e+01,7.3486225024e+01,4.6860787542e+01,-3.7993796057e+01,4.6860787542e+01,3.7993796057e+01,0.0000000000e+00,nan,nan,nan,nan,nan,nan
-1.5956145529e-04,5.3465592853e-05,7.1465394492e+01,2.2238060612e+01,-3.6871656969e+01,1.0141940736e+02,7.5851390900e+01,-4.1257653377e+01,7.5851390900e+01,4.1257653377e+01,0.0000000000e+00,nan,nan,nan,nan,nan,nan
1.2740564152e-04,1.4929255636e-04,-3.5227537151e+00,-1.8287642399e+00,-1.6941733333e+01,1.2050767372e+01,-3.2747297380e+00,-1.7189757310e+01,-3.6669937593e-03,1.7189757310e+01,0.0000000000e+00,nan,nan,nan,nan,nan,nan
-2.3052954869e-04,5.8574352699e-05,4.2431711642e+01,3.5708869995e+01,-2.1964650982e+01,8.3275127297e+01,5.8312447492e+01,-3.7845386832e+01,5.8312447492e+01,3.7845386832e+01,0.0000000000e+00,nan,nan,nan,nan,nan,nan
2.3412771662e-04,4.6176113477e-05,6.7259332640e+00,-8.1735049019e+00,-1.4189046151e+01,2.3015223371e+01,9.5562889651e+00,-1.7019401852e+01,9.6223393865e+00,1.7019401852e+01,0.0000000000e+00,nan,nan,nan,nan,nan,nan
-3.3097668661e-04,3.5499349505e-05,4.8277507103e+01,3.1681714899e+01,-1.6298603167e+00,6.9875480267e+01,6.3666450735e+01,-1.7018803949e+01,6.3666450735e+01,1.7018803955e+01,0.0000000000e+00,nan,nan,nan,nan,nan,nan
3.1761647891e-04,7.5774721197e-05,-3.0519165787e+00,-1.0166534324e+01,-4.0784913358e+00,1.7629255915e+01,6.6130516908e+00,-1.3743459605e+01,6.6130516908e+00,1.3743459605e+01,0.0000000000e+00,nan,nan,nan,nan,nan,nan
-1.2517465956e-04,4.9125697508e-05,8.2881910829e+01,1.4171091413e+01,-4.1496842298e+01,1.1047499212e+02,8.4475300705e+01,-4.3090232174e+01,8.4475300705e+01,4.3090232174e+01,0.0000000000e+00,nan,nan,nan,nan,nan,nan
1.8183515032e-04,7.0946706287e-05,-2.3131394304e-01,-4.0537911319e+00,-1.6039678823e+01,1.5391600215e+01,7.5084814470e-01,-1.7021840910e+01,6.6480855201e-01,1.7021840910e+01,0.0000000000e+00,nan,nan,nan,nan,nan,nan
1.9623972133e-04,1.1034062644e-04,-5.6033444489e+00,-3.5420555404e+00,-1.4061708499e+01,9.5524005994e+00,-4.3174454167e+00,-1.5347607532e+01,2.1897077333e-06,1.5347607532e+01,0.0000000000e+00,nan,nan,nan,nan,nan,nan
2.0310702563e-04,1.0514415621e-04,-5.4073163868e+00,-3.7191335335e+00,-1.3943186267e+01,9.8028277142e+00,-4.0155861074e+00,-1.5334916547e+01,3.7926722176e-06,1.5334916547e+01,0.0000000000e+00,nan,nan,nan,nan,nan,nan
8.6034322342e-05,3.1395049986e-06,2.3527629069e+02,-3.1749968239e+01,-2.1515124927e+01,2.2908277364e+02,2.3914158391e+02,-2.5380418145e+01,2.3914158391e+02,2.5380418145e+01,0.0000000000e+00,nan,nan,nan,nan,nan,nan
2.1587484699e-04,6.9451214312e-05,-4.9522414809e+00,-2.7712225613e+00,-1.5826052248e+01,1.0566928070e+01,-4.2883280987e+00,-1.6489965630e+01,5.5029951543e-03,1.6489965630e+01,0.0000000000e+00,nan,nan,nan,nan,nan,nan
-2.2086775797e-04,6.7904214495e-05,2.7231415122e+01,3.0453095180e+01,-2.3209750831e+01,6.8482333967e+01,4.1549126096e+01,-3.7527461805e+01,4.1549126096e+01,3.7527461805e+01,0.0000000000e+00,nan,nan,nan,nan,nan,nan
2.6549370790e-04,1.1380833126e-04,-2.5472170849e+00,-7.5975387692e+00,-8.8923792460e+00,1.4259945795e+01,2.5131853777e+00,-1.3952781709e+01,2.5131850706e+00,1.3952781709e+01,0.0000000000e+00,nan,nan,nan,nan,nan,nan
-2.5466957085e-04,1.5892286874e-05,1.9304975395e+02,5.4131856750e+01,-2.1691403605e+01,2.0826284581e+02,2.0591978526e+02,-3.4561434916e+01,2.0591978526e+02,3.4561434916e+01,0.0000000000e+00,nan,nan,nan,nan,nan,nan
2.7532132303e-04,1.0116851067e-04,-2.8165263544e+00,-7.9624069895e+00,-8.5203544785e+00,1.4648431276e+01,2.7888353239e+00,-1.4125716157e+01,2.7888349080e+00,1.4125716157e+01,0.0000000000e+00,nan,nan,nan,nan,nan,nan
2.2012107698e-04,9.1832412745e-05,-4.8085443629e+00,-4.2378816127e+00,-1.3654380264e+01,1.0607597252e+01,-3.1071631844e+00,-1.5355761442e+01,1.3450358439e-06,1.5355761442e+01,0.0000000000e+00,nan,nan,nan,nan,nan,nan
2.1203794689e-04,1.1502227108e-04,-4.1209618185e+00,-5.0291175509e+00,-1.2576955351e+01,1.1379257983e+01,-1.7791409247e+00,-1.4918776245e+01,7.2831483628e-04,1.4918776245e+01,0.0000000000e+00,nan,nan,nan,nan,nan,nan
-1.0858947403e-04,5.7704464001e-05,6.6776162523e+01,9.9441745736e+00,-4.0681409892e+01,9.4640258691e+01,6.7687955147e+01,-4.1593202516e+01,6.7687955147e+01,4.1593202516e+01,0.0000000000e+00,nan,nan,nan,nan,nan,nan
-2.2531399902e-04,3.6055892465e-05,1.0817339960e+02,4.2348563675e+01,-2.7977135777e+01,1.3885887574e+02,1.2026834120e+02,-4.0072077379e+01,1.2026834120e+02,4.0072077379e+01,0.0000000000e+00,nan,nan,nan,nan,nan,nan
3.1241042657e-04,4.1523089153e-05,-1.3064387665e+00,-1.0232913326e+01,-7.5069870378e+00,1.8517080867e+01,6.2841287211e+00,-1.5097554525e+01,6.2841287213e+00,1.5097554525e+01,0.0000000000e+00,nan,nan,nan,nan,nan,nan
2.1812021968e-04,8.0594431051e-05,-5.0079336069e+00,-3.4767546497e+00,-1.4726585810e+01,1.0346087363e+01,-3.8939433842e+00,-1.5840576033e+01,-5.5289647964e-05,1.5840576033e+01,0.0000000000e+00,nan,nan,nan,nan,nan,nan
-3.5335568457e-04,2.6021603135e-05,5.9897957572e+01,4.5282942288e+01,1.4914412153e+01,8.7530678218e+01,8.7942045494e+01,-1.3129675769e+01,8.7942045494e+01,1.3129655160e+01,0.0000000000e+00,nan,nan,nan,nan,nan,nan
2.0505847561e-04,1.2032863107e-04,-4.0488396509e+00,-4.9215863467e+00,-1.2697481287e+01,1.1346860799e+01,-1.8220473325e+00,-1.4924273606e+01,4.5172023890e-04,1.4924273606e+01,0.0000000000e+00,nan,nan,nan,nan,nan,nan
-2.5333785389e-04,6.3234047110e-05,1.9033261527e+01,3.3991611841e+01,-1.6095554069e+01,6.6262338765e+01,3.9725432852e+01,-3.6787725394e+01,3.9725432852e+01,3.6787725394e+01,0.0000000000e+00,nan,nan,nan,nan,nan,nan
2.5207591446e-04,1.2912725674e-04,-1.7898637418e+00,-7.1946317026e+00,-9.4115598899e+00,1.4101048180e+01,2.5405321469e+00,-1.3741955779e+01,2.5405333173e+00,1.3741955779e+01,0.0000000000e+00,nan,nan,nan,nan,nan,nan
2.8118735055e-04,2.6876170078e-05,2.6398320843e+00,-9.1544245117e+00,-1.2865939715e+01,2.0817173620e+01,6.9057469782e+00,-1.7131854608e+01,6.9057893485e+00,1.7131854608e+01,0.0000000000e+00,nan,nan,nan,nan,nan,nan
2.4415837980e-04,1.2718109385e-04,-1.9564629035e+00,-6.9602390648e+00,-9.9832394200e+00,1.3915578547e+01,2.0643118585e+00,-1.4004014182e+01,2.0643443033e+00,1.4004014182e+01,0.0000000000e+00,nan,nan,nan,nan,nan,nan
1.1419968750e-04,1.4177935761e-04,-7.5223103345e+00,-1.5263110420e+00,-1.6955983979e+01,8.5934313533e+00,-7.2777272517e+00,-1.7200567062e+01,1.0242005705e-03,1.7200567081e+01,0.0000000000e+00,nan,nan,nan,nan,nan,nan
2.3400292346e-04,1.3932398861e-04,-9.0850160264e-01,-6.7434312013e+00,-1.0256008170e+01,1.4210372827e+01,2.6221076910e+00,-1.3786617463e+01,2.6220966357e+00,1.3786617463e+01,0.0000000000e+00,nan,nan,nan,nan,nan,nan
2.3828911922e-04,1.1102017804e-04,-3.1659455559e+00,-6.3502594386e+00,-1.1051189596e+01,1.2945937892e+01,3.6577315099e-01,-1.4582908303e+01,3.6019469665e-01,1.4582908303e+01,0.0000000000e+00,nan,nan,nan,nan,nan,nan
-1.6283368073e-04,9.6980377035e-05,5.0174491940e+00,1.5644822527e+01,-2.8732752740e+01,3.9854818600e+01,1.1152538474e+01,-3.4867842020e+01,1.1152522726e+01,3.4867842020e+01,0.0000000000e+00,nan,nan,nan,nan,nan,nan
2.9560182265e-04,5.7270578350e-05,-2.0787153067e+00,-8.9398904531e+00,-8.8542508881e+00,1.6556943961e+01,4.0926729554e+00,-1.5025639150e+01,4.0926732410e+00,1.5025639150e+01,0.0000000000e+00,nan,nan,nan,nan,nan,nan
1.6877721891e-04,1.4164062483e-04,-2.9694110595e+00,-4.2347851931e+00,-1.3700661919e+01,1.1838505967e+01,-1.5000718820e+00,-1.5170001096e+01,2.6772707740e-02,1.5170001096e+01,0.0000000000e+00,nan,nan,nan,nan,nan,nan
2.2605672882e-04,1.3723745583e-04,-1.1873101424e+00,-6.5283471956e+00,-1.0743004450e+01,1.4011644294e+01,2.1244693089e+00,-1.4054783902e+01,2.1243637402e+00,1.4054783902e+01,0.0000000000e+00,nan,nan,nan,nan,nan,nan
1.3511812723e-04,1.3832478751e-04,-7.4790176149e+00,-1.7501010677e+00,-1.6734500377e+01,8.5734382334e+00,-7.1568821242e+00,-1.7056635868e+01,1.9419979423e-04,1.7056635868e+01,0.0000000000e+00,nan,nan,nan,nan,nan,nan
-1.1331992791e-04,1.1017250813e-04,-2.4042097002e+00,8.7125563143e+00,-3.0786758319e+01,2.8839926129e+01,5.5255104455e-02,-3.3246223124e+01,2.7729147468e-02,3.3246223124e+01,0.0000000000e+00,nan,nan,nan,nan,nan,nan
2.5708831773e-04,1.0818716717e-04,-2.8196105118e+00,-7.2038716577e+00,-9.7983008570e+00,1.3863547963e+01,1.6951674639e+00,-1.4313078833e+01,1.6951417538e+00,1.4313078833e+01,0.0000000000e+00,nan,nan,nan,nan,nan,nan
2.2168681261e-04,1.3238684104e-04,-1.8528748913e+00,-6.2963722052e+00,-1.1135568070e+01,1.3548007715e+01,1.3277244210e+00,-1.4316167382e+01,1.3262492990e+00,1.4316167382e+01,0.0000000000e+00,nan,nan,nan,nan,nan,nan
2.1812147807e-04,1.3508862102e-04,-1.6046646178e+00,-6.2415955430e+00,-1.1234003470e+01,1.3652981126e+01,1.4632182841e+00,-1.4301886372e+01,1.4627166739e+00,1.4301886372e+01,0.0000000000e+00,nan,nan,nan,nan,nan,nan
8.6655811226e-05,1.2460335624e-04,-1.0955943628e+01,4.8948498901e+00,-1.9807441888e+01,1.1466174989e+01,-8.7616935413e+00,-2.2001691975e+01,-1.4938880117e-04,2.2001670993e+01,0.0000000000e+00,nan,nan,nan,nan,nan,nan
1.1139632562e-04,1.3281013953e-04,-1.1870623114e+01,-1.1373424106e-01,-1.7071537629e+01,4.5090259556e+00,-1.1867793022e+01,-1.7074367721e+01,-1.0002921068e-05,1.7074367728e+01,0.0000000000e+00,nan,nan,nan,nan,nan,nan
9.8793327872e-05,1.2880016611e-04,-1.3940681728e+01,3.5635049446e+00,-2.0720911908e+01,8.4943842444e+00,-1.2426561788e+01,-2.2235031848e+01,-1.0490130132e-05,2.2235031541e+01,0.0000000000e+00,nan,nan,nan,nan,nan,nan
3.0362207885e-04,5.8522702421e-05,-2.0508600141e+00,-9.6019284860e+00,-7.5250928483e+00,1.7291516220e+01,5.1952851130e+00,-1.4771237975e+01,5.1952851149e+00,1.4771237975e+01,0.0000000000e+00,nan,nan,nan,nan,nan,nan
1.9482305376e-04,1.3193835154e-04,-3.1277512236e+00,-5.0869311117e+00,-1.2639084738e+01,1.2061148548e+01,-9.1991062018e-01,-1.4846925341e+01,1.5379353427e-02,1.4846925341e+01,0.0000000000e+00,nan,nan,nan,nan,nan,nan
9.7901430471e-05,1.0922540227e-04,-5.6729787035e+00,3.2596775713e+00,-2.2034824898e+01,1.5266175410e+01,-5.0399713185e+00,-2.2667832283e+01,7.7724300346e-05,2.2667832285e+01,0.0000000000e+00,nan,nan,nan,nan,nan,nan
-1.3552463495e-04,9.4912327933e-05,1.1213102544e+01,1.2580470062e+01,-3.1349133536e+01,4.2816974669e+01,1.4652376355e+01,-3.4788407347e+01,1.4652381485e+01,3.4788407347e+01,0.0000000000e+00,nan,nan,nan,nan,nan,nan
-1.8510996047e-04,3.9882971728e-05,1.0141698542e+02,3.0226921281e+01,-3.6536352377e+01,1.3043655576e+02,1.0774789710e+02,-4.2867264058e+01,1.0774789710e+02,4.2867264058e+01,0.0000000000e+00,nan,nan,nan,nan,nan,nan
2.0268569630e-04,1.3434385072e-04,-2.2771925662e+00,-5.6130039343e+00,-1.2081754037e+01,1.2907590378e+01,2.7272747753e-01,-1.4631674081e+01,2.1675019009e-01,1.4631674081e+01,0.0000000000e+00,nan,nan,nan,nan,nan,nan
-1.8445345146e-04,8.2388481046e-05,1.7282751122e+01,2.1402945740e+01,-2.7855625269e+01,5.3870994378e+01,2.5815996032e+01,-3.6388870179e+01,2.5815996033e+01,3.6388870179e+01,0.0000000000e+00,nan,nan,nan,nan,nan,nan
1.6912558065e-04,1.0492463404e-04,-7.9247532399e+00,-7.9224506384e-01,-1.6951526417e+01,7.9416955931e+00,-7.8529997400e+00,-1.7023279917e+01,-4.3970004209e-06,1.7023279917e+01,0.0000000000e+00,nan,nan,nan,nan,nan,nan
-1.9812682970e-04,7.3433105222e-05,2.6393263740e+01,2.5785848290e+01,-2.6872081903e+01,6.4204668972e+01,3.6829173833e+01,-3.7307991996e+01,3.6829173833e+01,3.7307991996e+01,0.0000000000e+00,nan,nan,nan,nan,nan,nan
-1.1295290977e-04,6.8715561980e-05,4.7666519519e+01,1.0358095738e+01,-3.7972744175e+01,7.6303522369e+01,4.8900746852e+01,-3.9206971508e+01,4.8900746852e+01,3.9206971508e+01,0.0000000000e+00,nan,nan,nan,nan,nan,nan
-1.6356913061e-04,7.6548480898e-05,3.0298950868e+01,1.9669226378e+01,-3.1442283512e+01,6.3398339228e+01,3.6031381898e+01,-3.7174714541e+01,3.6031381897e+01,3.7174714541e+01,0.0000000000e+00,nan,nan,nan,nan,nan,nan
-1.5882860196e-04,2.9256551800e-05,1.3109608422e+02,2.2940954669e+01,-4.3306406038e+01,1.5617470019e+02,1.3406234428e+02,-4.6272666101e+01,1.3406234428e+02,4.6272666101e+01,0.0000000000e+00,nan,nan,nan,nan,nan,nan
5.4531142007e-05,3.0995043920e-06,2.2017511947e+02,-2.1378261500e+01,-3.0777025734e+01,2.2046089803e+02,2.2198220569e+02,-3.2584111954e+01,2.2198220569e+02,3.2584111954e+01,0.0000000000e+00,nan,nan,nan,nan,nan,nan
-1.9437268975e-04,6.8922312406e-05,3.5164692908e+01,2.6658287835e+01,-2.8165832916e+01,7.1691308188e+01,4.4890426077e+01,-3.7891566085e+01,4.4890426077e+01,3.7891566085e+01,0.0000000000e+00,nan,nan,nan,nan,nan,nan
3.6213759618e-04,4.3890532846e-05,-3.8468840820e+00,-1.3239547925e+01,7.7349432884e+00,2.5020830119e+01,1.6389812608e+01,-1.2501753401e+01,1.6389812608e+01,1.2501753460e+01,0.0000000000e+00,nan,nan,nan,nan,nan,nan
6.2415577529e-05,3.1136582052e-06,2.2325151627e+02,-2.3707935265e+01,-2.8317411765e+01,2.2169891285e+02,2.2546497927e+02,-3.0530874760e+01,2.2546497927e+02,3.0530874760e+01,0.0000000000e+00,nan,nan,nan,nan,nan,nan
2.1447363896e-04,1.0476510248e-04,-4.6762643992e+00,-4.5669317835e+00,-1.3108561954e+01,1.0764220972e+01,-2.6776873004e+00,-1.5107139052e+01,5.1648603905e-05,1.5107139052e+01,0.0000000000e+00,nan,nan,nan,nan,nan,nan
2.6324849188e-04,1.6937102731e-05,2.4697605555e+01,-1.7927655649e+01,-1.1921513813e+01,4.4379747878e+01,3.2010705255e+01,-1.9234613513e+01,3.2010707319e+01,1.9234613513e+01,0.0000000000e+00,nan,nan,nan,nan,nan,nan
3.1931253039e-05,9.5686800778e-05,1.0450832537e+01,-1.5490096556e+00,-2.9636573559e+01,3.4814717884e+01,1.0507416231e+01,-2.9693157253e+01,1.0506623406e+01,2.9693157253e+01,0.0000000000e+00,nan,nan,nan,nan,nan,nan
-1.1700513394e-04,9.5996345420e-05,1.1386632897e+01,9.6963561677e+00,-3.2538824296e+01,4.1581091437e+01,1.3430758635e+01,-3.4582950033e+01,1.3430761939e+01,3.4582950033e+01,0.0000000000e+00,nan,nan,nan,nan,nan,nan
-2.2739111815e-04,3.0681705295e-05,1.2701157845e+02,4.3806719543e+01,-2.8904195326e+01,1.5488085998e+02,1.3847419776e+02,-4.0366814641e+01,1.3847419776e+02,4.0366814641e+01,0.0000000000e+00,nan,nan,nan,nan,nan,nan
1.0302700206e-04,9.9552717030e-05,-2.4907493934e+00,2.0918172104e+00,-2.2563802710e+01,1.7766061278e+01,-2.2700357907e+00,-2.2784516313e+01,1.2080972578e-02,2.2784516313e+01,0.0000000000e+00,nan,nan,nan,nan,nan,nan
1.5738243883e-04,1.4092994922e-04,-4.3505119631e+00,-3.1622080848e+00,-1.4851233374e+01,1.0613211804e+01,-3.4733319768e+00,-1.5728413360e+01,-6.0941313047e-03,1.5728413360e+01,0.0000000000e+00,nan,nan,nan,nan,nan,nan
-1.9349441386e-04,5.4983836332e-05,6.2901061551e+01,3.0139025211e+01,-3.1044367790e+01,9.6663520392e+01,7.1737056400e+01,-3.9880362639e+01,7.1737056400e+01,3.9880362639e+01,0.0000000000e+00,nan,nan,nan,nan,nan,nan
-9.0032596248e-05,9.7131890555e-05,1.0503985944e+01,5.2709258272e+00,-3.3916152627e+01,3.9535791520e+01,1.1119916536e+01,-3.4532083218e+01,1.1120137313e+01,3.4532083218e+01,0.0000000000e+00,nan,nan,nan,nan,nan,nan
-8.0757324228e-05,1.0912754220e-04,-2.3232638948e+00,4.3206007378e+00,-3.2458005653e+01,2.7146497539e+01,-1.7175971118e+00,-3.3063672436e+01,-3.5249222331e-02,3.3063672436e+01,0.0000000000e+00,nan,nan,nan,nan,nan,nan
1.9260996407e-04,8.7689431316e-05,-6.5171281608e+00,-1.5801728577e+00,-1.6556768444e+01,9.1128590749e+00,-6.2756366626e+00,-1.6798259943e+01,7.6075627270e-05,1.6798259943e+01,0.0000000000e+00,nan,nan,nan,nan,nan,nan
2.5462115051e-04,1.1866501117e-04,-2.3967412319e+00,-7.2352031667e+00,-9.5566957102e+00,1.3981378500e+01,2.0954341694e+00,-1.4048871111e+01,2.0954225279e+00,1.4048871111e+01,0.0000000000e+00,nan,nan,nan,nan,nan,nan
-8.6275767403e-05,9.1105306265e-05,1.7431263532e+01,4.5357197074e+00,-3.5145872209e+01,4.6204521135e+01,1.7818888376e+01,-3.5533497054e+01,1.7818884464e+01,3.5533497054e+01,0.0000000000e+00,nan,nan,nan,nan,nan,nan
1.8124202686e-04,8.7762099507e-05,-6.1420569725e+00,-1.5035446717e+00,-1.6782424285e+01,9.5773408493e+00,-5.9327603108e+00,-1.6991720946e+01,-7.3815765395e-04,1.6991720946e+01,0.0000000000e+00,nan,nan,nan,nan,nan,nan
-1.9893183335e-04,5.3402640391e-05,6.5231876029e+01,3.1744648423e+01,-3.0314350602e+01,9.9344714956e+01,7.4815460636e+01,-3.9897935208e+01,7.4815460636e+01,3.9897935208e+01,0.0000000000e+00,nan,nan,nan,nan,nan,nan
-1.0850275213e-04,1.0582209814e-04,1.6618292675e+00,8.1561976394e+00,-3.1606198868e+01,3.2085655659e+01,3.5524771318e+00,-3.3496846732e+01,3.5539609615e+00,3.3496846732e+01,0.0000000000e+00,nan,nan,nan,nan,nan,nan
-2.1637176710e-04,2.6813504590e-05,1.4182081912e+02,4.0317872602e+01,-3.3598607058e+01,1.6719562343e+02,1.5064154422e+02,-4.2419332162e+01,1.5064154422e+02,4.2419332162e+01,0.0000000000e+00,nan,nan,nan,nan,nan,nan
2.9454036256e-04,3.2123493421e-05,-1.4506052097e+00,-8.2936462721e+00,-1.1308869784e+01,1.6708901771e+01,3.2671514380e+00,-1.6026626432e+01,3.2671534581e+00,1.6026626432e+01,0.0000000000e+00,nan,nan,nan,nan,nan,nan
-1.7139316904e-04,6.7187631041e-05,4.3678397923e+01,2.2885611645e+01,-3.2144472225e+01,7.6698994101e+01,5.0049147740e+01,-3.8515222041e+01,5.0049147740e+01,3.8515222041e+01,0.0000000000e+00,nan,nan,nan,nan,nan,nan
2.6524792555e-04,6.2748035587e-05,-2.9115874626e+00,-6.5469773491e+00,-1.2070671597e+01,1.3836701947e+01,4.9749406406e-01,-1.5479753123e+01,5.0699213609e-01,1.5479753123e+01,0.0000000000e+00,nan,nan,nan,nan,nan,nan
2.5311816961e-04,8.1762975783e-05,-3.4386236160e+00,-6.2431849457e+00,-1.1729031139e+01,1.2978651638e+01,-9.0599360372e-02,-1.5077055395e+01,-3.5797029521e-02,1.5077055395e+01,0.0000000000e+00,nan,nan,nan,nan,nan,nan
-1.4843698695e-04,6.7957754024e-05,4.5905758317e+01,1.8018405572e+01,-3.4913880651e+01,7.6632682477e+01,4.9739838690e+01,-3.8747961024e+01,4.9739838690e+01,3.8747961024e+01,0.0000000000e+00,nan,nan,nan,nan,nan,nan
-4.5503569854e-05,3.0525777582e-05,1.2746053892e+02,-2.4162536045e+00,-4.6680021115e+01,1.5086762184e+02,1.2749372098e+02,-4.6713203180e+01,1.2749372098e+02,4.6713203180e+01,0.0000000000e+00,nan,nan,nan,nan,nan,nan
2.8203161072e-04,1.1899685399e-05,2.3230402981e+01,-2.1117648964e+01,-7.2142374349e+00,4.5084724568e+01,3.4037760639e+01,-1.8021595093e+01,3.4037760357e+01,1.8021595093e+01,0.0000000000e+00,nan,nan,nan,nan,nan,nan
-1.7520665690e-04,5.4043947314e-05,6.8291168405e+01,2.5985498135e+01,-3.4480273655e+01,9.9733409489e+01,7.4486558191e+01,-4.0675663441e+01,7.4486558191e+01,4.0675663441e+01,0.0000000000e+00,nan,nan,nan,nan,nan,nan
2.2738493664e-04,6.8764290047e-05,-4.4638552152e+00,-3.6818550051e+00,-1.4914713058e+01,1.1069443700e+01,-3.2983378366e+00,-1.6080230437e+01,-2.1131230014e-03,1.6080230437e+01,0.0000000000e+00,nan,nan,nan,nan,nan,nan
2.0515412964e-04,7.3662196802e-05,-5.5334685201e+00,-2.0797368303e+00,-1.6512905557e+01,1.0165283928e+01,-5.1542576263e+00,-1.6892116451e+01,4.0284762571e-03,1.6892116451e+01,0.0000000000e+00,nan,nan,nan,nan,nan,nan
2.1130347654e-04,1.4419936110e-04,-3.7487778599e-01,-6.2074529866e+00,-1.1303845507e+01,1.4323334227e+01,2.4302192249e+00,-1.4108942518e+01,2.4299350424e+00,1.4108942518e+01,0.0000000000e+00,nan,nan,nan,nan,nan,nan
-2.6594158529e-04,4.0609756334e-05,7.6659188102e+01,4.6660262110e+01,-1.1078524426e+01,1.1092204740e+02,9.6831205766e+01,-3.1250542090e+01,9.6831205766e+01,3.1250542090e+01,0.0000000000e+00,nan,nan,nan,nan,nan,nan
1.1432167933e-04,7.2011456665e-05,1.1772759427e+01,-2.0834051191e+00,-2.2772804145e+01,3.0138012682e+01,1.1900167376e+01,-2.2900212094e+01,1.1900155109e+01,2.2900212094e+01,0.0000000000e+00,nan,nan,nan,nan,nan,nan
-1.5364770929e-04,1.0034955733e-04,3.2081355413e+00,1.4128363216e+01,-2.9195264340e+01,3.7231037338e+01,8.5017850301e+00,-3.4488913829e+01,8.5012141629e+00,3.4488913829e+01,0.0000000000e+00,nan,nan,nan,nan,nan,nan
1.5970700272e-04,9.1265357684e-05,-5.0029710045e+00,-1.6631020279e+00,-1.6777151267e+01,1.0599699078e+01,-4.7703220198e+00,-1.7009800251e+01,2.8838763179e-03,1.7009800251e+01,0.0000000000e+00,nan,nan,nan,nan,nan,nan
-1.5782704422e-04,6.2669484088e-05,5.3812763667e+01,2.0729809044e+01,-3.4941614050e+01,8.4834219763e+01,5.8414634425e+01,-3.9543484808e+01,5.8414634425e+01,3.9543484808e+01,0.0000000000e+00,nan,nan,nan,nan,nan,nan
-1.4939372502e-04,3.0807218567e-05,1.2645076476e+02,2.0507183991e+01,-4.3901379230e+01,1.5174349235e+02,1.2888383892e+02,-4.6334453392e+01,1.2888383892e+02,4.6334453392e+01,0.0000000000e+00,nan,nan,nan,nan,nan,nan
-2.5203756234e-04,4.4664326123e-05,7.0304396956e+01,4.4501785761e+01,-1.6788819283e+01,1.0783756431e+02,8.9017835620e+01,-3.5502257947e+01,8.9017835620e+01,3.5502257947e+01,0.0000000000e+00,nan,nan,nan,nan,nan,nan
2.6376778834e-04,5.5375821728e-05,-2.8577702920e+00,-6.1701353076e+00,-1.2844470276e+01,1.3746195785e+01,8.5249552945e-02,-1.5787490121e+01,5.2512192677e-02,1.5787490121e+01,0.0000000000e+00,nan,nan,nan,nan,nan,nan
2.8865187265e-04,2.4395292586e-05,-5.0202090131e-02,-8.3687574588e+00,-1.2564622389e+01,1.8117763031e+01,4.1528831236e+00,-1.6767707602e+01,4.1528869889e+00,1.6767707602e+01,0.0000000000e+00,nan,nan,nan,nan,nan,nan
2.2579861527e-04,6.1388983794e-05,-4.4091471550e+00,-3.1901735904e+00,-1.5670872408e+01,1.1208860523e+01,-3.5685711415e+00,-1.6511448422e+01,-1.1113075718e-02,1.6511448422e+01,0.0000000000e+00,nan,nan,nan,nan,nan,nan
3.4512678345e-04,2.6278915346e-05,-3.9554622841e-01,-1.3727863186e+01,-2.4127743972e-01,2.3772733881e+01,1.3406782471e+01,-1.4043606140e+01,1.3406782471e+01,1.4043606148e+01,0.0000000000e+00,nan,nan,nan,nan,nan,nan
3.4904789047e-04,2.6550560563e-05,-4.1541833693e-01,-1.4135135551e+01,1.3985767358e+00,2.4527761449e+01,1.4652688874e+01,-1.3669530476e+01,1.4652688874e+01,1.3669530475e+01,0.0000000000e+00,nan,nan,nan,nan,nan,nan
-1.7669658432e-04,5.7867028221e-05,6.0102262563e+01,2.5724224218e+01,-3.3341388970e+01,9.2377244526e+01,6.6714463790e+01,-3.9953590197e+01,6.6714463790e+01,3.9953590197e+01,0.0000000000e+00,nan,nan,nan,nan,nan,nan
-2.0406293094e-04,2.9940356952e-05,1.3067260881e+02,3.6308699372e+01,-3.5692601390e+01,1.5720066157e+02,1.3824984798e+02,-4.3269840567e+01,1.3824984798e+02,4.3269840567e+01,0.0000000000e+00,nan,nan,nan,nan,nan,nan
2.9183353778e-04,8.2291389430e-05,-2.7570669344e+00,-8.7957826262e+00,-7.6260613223e+00,1.5806205866e+01,3.9341530832e+00,-1.4317281340e+01,3.9341530789e+00,1.4317281340e+01,0.0000000000e+00,nan,nan,nan,nan,nan,nan
2.5157620765e-04,3.6212238421e-05,1.8657788058e+01,-1.3810320962e+01,-1.1651377314e+01,3.5532914187e+01,2.4018142943e+01,-1.7011732199e+01,2.4021500146e+01,1.7011732199e+01,0.0000000000e+00,nan,nan,nan,nan,nan,nan
-2.6185260978e-04,2.1571400378e-05,1.6128760312e+02,5.6066455358e+01,-1.4801132660e+01,1.8078572009e+02,1.7761991939e+02,-3.1133448932e+01,1.7761991939e+02,3.1133448932e+01,0.0000000000e+00,nan,nan,nan,nan,nan,nan
-2.5813721421e-04,1.6004882142e-05,1.9263064410e+02,5.5628517724e+01,-1.9382638181e+01,2.0734756748e+02,2.0633617686e+02,-3.3088170940e+01,2.0633617686e+02,3.3088170940e+01,0.0000000000e+00,nan,nan,nan,nan,nan,nan
-1.8857166556e-04,2.6306067635e-05,1.4183845583e+02,3.1265112822e+01,-3.9949527485e+01,1.6648392454e+02,1.4706400282e+02,-4.5175074477e+01,1.4706400282e+02,4.5175074477e+01,0.0000000000e+00,nan,nan,nan,nan,nan,nan
2.0692748211e-04,4.5197165140e-05,2.0775278116e+01,-1.0845165551e+01,-1.4123471055e+01,3.5584659491e+01,2.3870716267e+01,-1.7218909205e+01,2.3871102075e+01,1.7218909205e+01,0.0000000000e+00,nan,nan,nan,nan,nan,nan
2.7603304513e-04,5.7602853210e-05,-2.5016143822e+00,-7.2996355351e+00,-1.1348563671e+01,1.4781718563e+01,1.6091401649e+00,-1.5459318218e+01,1.6092472822e+00,1.5459318218e+01,0.0000000000e+00,nan,nan,nan,nan,nan,nan
2.4571195179e-04,1.0917571962e-04,-3.0302365812e+00,-6.6750090313e+00,-1.0616698453e+01,1.3297334121e+01,8.5375191755e-01,-1.4500686951e+01,8.5139797921e-01,1.4500686951e+01,0.0000000000e+00,nan,nan,nan,nan,nan,nan
3.6757549401e-04,2.4023957142e-05,-5.0380524661e-01,-1.5783557317e+01,1.0641841926e+01,2.8982225035e+01,2.1801913766e+01,-1.1663877086e+01,2.1801913766e+01,1.1663883811e+01,0.0000000000e+00,nan,nan,nan,nan,nan,nan
-2.3582536380e-04,5.9412539526e-05,3.7948002385e+01,3.5835865502e+01,-2.0538239884e+01,8.0107861498e+01,5.4955176651e+01,-3.7545414150e+01,5.4955176651e+01,3.7545414150e+01,0.0000000000e+00,nan,nan,nan,nan,nan,nan
-2.3439208878e-04,3.4733433933e-05,1.1085135522e+02,4.5141939875e+01,-2.5236361419e+01,1.4142842116e+02,1.2446123393e+02,-3.8846240128e+01,1.2446123393e+02,3.8846240128e+01,0.0000000000e+00,nan,nan,nan,nan,nan,nan
-2.8135500614e-04,3.0389411690e-05,1.0504875962e+02,4.9931826580e+01,1.2741592603e+00,1.2472377457e+02,1.2517076426e+02,-1.8847845380e+01,1.2517076426e+02,1.8847845380e+01,0.0000000000e+00,nan,nan,nan,nan,nan,nan
2.3010493744e-04,4.5549306326e-05,1.2587380146e+01,-1.0001955012e+01,-1.3634044310e+01,2.8586819555e+01,1.5981275883e+01,-1.7027940047e+01,1.5985372805e+01,1.7027940047e+01,0.0000000000e+00,nan,nan,nan,nan,nan,nan
-1.2767872414e-04,2.5813910601e-05,1.3927165130e+02,1.4949517918e+01,-4.6924310904e+01,1.6331513470e+02,1.4046370718e+02,-4.8116366788e+01,1.4046370718e+02,4.8116366788e+01,0.0000000000e+00,nan,nan,nan,nan,nan,nan
2.3492015876e-04,8.8377191640e-05,-4.1179728268e+00,-5.1827150477e+00,-1.2751350775e+01,1.1681073464e+01,-1.6905908922e+00,-1.5178732710e+01,-1.7395097885e-04,1.5178732710e+01,0.0000000000e+00,nan,nan,nan,nan,nan,nan
2.7933954384e-04,7.6242404860e-05,-2.7399902791e+00,-7.9709874672e+00,-9.5135244670e+00,1.4999333922e+01,2.5331121044e+00,-1.4786626851e+01,2.5331045049e+00,1.4786626851e+01,0.0000000000e+00,nan,nan,nan,nan,nan,nan
2.7190208940e-04,2.0254103134e-05,2.3785714208e+01,-1.9153000672e+01,-9.2293936605e+00,4.3789749130e+01,3.2560183722e+01,-1.8003863175e+01,3.2560184366e+01,1.8003863175e+01,0.0000000000e+00,nan,nan,nan,nan,nan,nan
2.9392610175e-04,9.7627466887e-05,-2.9763301537e+00,-8.7199846981e+00,-6.6854071414e+00,1.5440138565e+01,4.0834995091e+00,-1.3745236804e+01,4.0834995098e+00,1.3745236804e+01,0.0000000000e+00,nan,nan,nan,nan,nan,nan
-2.8532419568e-04,5.4767945522e-05,2.0924340538e+01,3.5836610157e+01,-7.5289323129e+00,6.6756951889e+01,4.5239848256e+01,-3.1844440030e+01,4.5239848256e+01,3.1844440030e+01,0.0000000000e+00,nan,nan,nan,nan,nan,nan
-1.7972361756e-04,5.8022617013e-05,5.9248150178e+01,2.6387348025e+01,-3.2815902834e+01,9.1898135861e+01,6.6273537150e+01,-3.9841289806e+01,6.6273537150e+01,3.9841289806e+01,0.0000000000e+00,nan,nan,nan,nan,nan,nan
-1.2537846049e-04,9.6388420470e-05,1.0481058136e+01,1.0961215291e+01,-3.1899178296e+01,4.1320062683e+01,1.3147089233e+01,-3.4565209393e+01,1.3147089117e+01,3.4565209393e+01,0.0000000000e+00,nan,nan,nan,nan,nan,nan
2.5834777907e-04,3.0976332966e-05,2.4217648613e+01,-1.6883713888e+01,-1.0377240440e+01,4.1863315528e+01,3.1090000576e+01,-1.7249592403e+01,3.1086240872e+01,1.7249592403e+01,0.0000000000e+00,nan,nan,nan,nan,nan,nan
3.1185239282e-04,8.9916780132e-05,-3.3470688949e+00,-9.4536364692e+00,-4.5762522618e+00,1.6407090667e+01,5.5109776351e+00,-1.3434298792e+01,5.5109776351e+00,1.3434298792e+01,0.0000000000e+00,nan,nan,nan,nan,nan,nan
2.7307502753e-04,2.6149863329e-05,2.0274731685e+01,-1.7297009152e+01,-9.0674087069e+00,3.9300255598e+01,2.8293674638e+01,-1.7086351660e+01,2.8293738932e+01,1.7086351660e+01,0.0000000000e+00,nan,nan,nan,nan,nan,nan
-1.8173567279e-04,5.8967372480e-06,2.0791926177e+02,2.5134264903e+01,-4.6761099928e+01,2.2481360155e+02,2.1037527430e+02,-4.9217112454e+01,2.1037527430e+02,4.9217112454e+01,0.0000000000e+00,nan,nan,nan,nan,nan,nan
2.7407435255e-04,1.1676383016e-05,2.4148639358e+01,-2.0300380296e+01,-9.8543966030e+00,4.5857824439e+01,3.3623148662e+01,-1.9328905907e+01,3.3623148746e+01,1.9328905907e+01,0.0000000000e+00,nan,nan,nan,nan,nan,nan
-3.3323782729e-04,1.2759264269e-05,1.1625386644e+02,5.6452639726e+01,6.8828387077e+00,1.3613014200e+02,1.4016312670e+02,-1.7026421556e+01,1.4016312670e+02,1.7026421594e+01,0.0000000000e+00,nan,nan,nan,nan,nan,nan
2.5059908160e-04,4.9333327026e-05,-3.2035833219e+00,-4.8434915378e+00,-1.4499355238e+01,1.2885194671e+01,-1.4121986681e+00,-1.6290739892e+01,1.2534623931e-01,1.6290739892e+01,0.0000000000e+00,nan,nan,nan,nan,nan,nan
6.3069709148e-05,1.0013268775e-04,4.2855118820e+00,3.8000195385e+00,-2.1747340216e+01,2.3491420632e+01,4.8318638585e+00,-2.2293692193e+01,4.8308398216e+00,2.2293692193e+01,0.0000000000e+00,nan,nan,nan,nan,nan,nan
2.2961845357e-04,1.3450309747e-04,-1.4548043218e+00,-6.5975414107e+00,-1.0626928361e+01,1.3916348986e+01,1.9937414914e+00,-1.4075474175e+01,1.9935879541e+00,1.4075474175e+01,0.0000000000e+00,nan,nan,nan,nan,nan,nan
-1.8985217481e-04,8.2988418292e-05,1.4892594019e+01,2.1804899851e+01,-2.7058048884e+01,5.2401971189e+01,2.4171564739e+01,-3.6337019604e+01,2.4171564739e+01,3.6337019604e+01,0.0000000000e+00,nan,nan,nan,nan,nan,nan
2.9442295047e-04,1.0148733804e-04,-3.0049369931e+00,-8.6575521271e+00,-6.5091222866e+00,1.5298225618e+01,4.0754050388e+00,-1.3589464319e+01,4.0754050387e+00,1.3589464319e+01,0.0000000000e+00,nan,nan,nan,nan,nan,nan
2.9794988862e-04,1.2268178877e-05,1.9206582280e+01,-1.8919515315e+01,-7.2933568680e+00,4.0006606583e+01,2.9054437786e+01,-1.7141212374e+01,2.9054437784e+01,1.7141212374e+01,0.0000000000e+00,nan,nan,nan,nan,nan,nan
2.6233167951e-04,3.1290485223e-05,2.0414570852e+01,-1.5825664607e+01,-1.0417994401e+01,3.8279721653e+01,2.7099095826e+01,-1.7102519376e+01,2.7095744389e+01,1.7102519376e+01,0.0000000000e+00,nan,nan,nan,nan,nan,nan
3.2622105900e-04,8.5103024922e-05,-3.8795254720e+00,-9.8907391177e+00,-2.3894023219e+00,1.7177512104e+01,6.7829773401e+00,-1.3051905134e+01,6.7829773401e+00,1.3051905134e+01,0.0000000000e+00,nan,nan,nan,nan,nan,nan
3.2444470296e-04,4.2968456503e-05,-1.2985823049e+00,-1.1433361791e+01,-4.8409383933e+00,2.0036245784e+01,8.4981715476e+00,-1.4637692246e+01,8.4981715476e+00,1.4637692246e+01,0.0000000000e+00,nan,nan,nan,nan,nan,nan
2.9269166004e-04,6.1988822454e-06,2.2307408702e+01,-2.1703900842e+01,-5.6549671686e+00,4.4717359440e+01,3.4143800277e+01,-1.7491358744e+01,3.4143800273e+01,1.7491358744e+01,0.0000000000e+00,nan,nan,nan,nan,nan,nan
2.8415688549e-04,5.9006011684e-05,-2.3271166339e+00,-8.0209712521e+00,-1.0256111658e+01,1.5495258617e+01,2.6545775874e+00,-1.5237805880e+01,2.6545669120e+00,1.5237805880e+01,0.0000000000e+00,nan,nan,nan,nan,nan,nan
2.5374104998e-04,6.4017766608e-05,-3.3333722092e+00,-5.6394673601e+00,-1.3059928588e+01,1.2896249080e+01,-7.5099752080e-01,-1.5642303277e+01,1.0111468376e-03,1.5642303277e+01,0.0000000000e+00,nan,nan,nan,nan,nan,nan
2.1609657438e-04,5.2559048580e-05,6.9769077362e+00,-7.5127639086e+00,-1.4674771980e+01,2.2841369151e+01,9.3385385061e+00,-1.7036402750e+01,9.4149885627e+00,1.7036402750e+01,0.0000000000e+00,nan,nan,nan,nan,nan,nan
2.9250666414e-04,1.1625543367e-04,-2.8835029873e+00,-8.2331738039e+00,-6.4123885057e+00,1.4582999381e+01,3.7715528718e+00,-1.3067444365e+01,3.7715528719e+00,1.3067444365e+01,0.0000000000e+00,nan,nan,nan,nan,nan,nan
-1.4586162099e-04,3.0777208781e-05,1.2643142798e+02,1.9595442937e+01,-4.4252159341e+01,1.5166144824e+02,1.2865141229e+02,-4.6472143646e+01,1.2865141229e+02,4.6472143645e+01,0.0000000000e+00,nan,nan,nan,nan,nan,nan
-2.2215590192e-04,3.5888599200e-05,1.0931442032e+02,4.1473016739e+01,-2.9008534074e+01,1.3967411311e+02,1.2079382992e+02,-4.0487943679e+01,1.2079382992e+02,4.0487943679e+01,0.0000000000e+00,nan,nan,nan,nan,nan,nan
2.3355385292e-04,2.5844434106e-05,2.5950343620e+01,-1.3986950269e+01,-1.3938965125e+01,4.2193211449e+01,3.0365951236e+01,-1.8354572740e+01,3.0365946435e+01,1.8354572740e+01,0.0000000000e+00,nan,nan,nan,nan,nan,nan
-2.9803575468e-04,4.4711058865e-05,5.1821370367e+01,3.2072804825e+01,-1.9089259634e+00,7.2481075012e+01,6.6803190371e+01,-1.6890745968e+01,6.6803190371e+01,1.6890745968e+01,0.0000000000e+00,nan,nan,nan,nan,nan,nan
3.2576238494e-04,8.1133756540e-05,-3.6852049350e+00,-1.0116278581e+01,-2.4999859481e+00,1.7549586785e+01,7.0396632130e+00,-1.3224854096e+01,7.0396632130e+00,1.3224854096e+01,0.0000000000e+00,nan,nan,nan,nan,nan,nan
7.3095492931e-05,1.1948792861e-04,-7.1929548331e+00,6.0440100563e+00,-1.8809644988e+01,1.4547697622e+01,-4.6021827723e+00,-2.1400417049e+01,-4.5318004236e-03,2.1400418569e+01,0.0000000000e+00,nan,nan,nan,nan,nan,nan
2.6219027083e-04,4.8055232410e-05,-2.8409285344e+00,-5.7515539899e+00,-1.3657208645e+01,1.3673048527e+01,-3.5493034202e-01,-1.6143206838e+01,-3.2846910708e-02,1.6143206838e+01,0.0000000000e+00,nan,nan,nan,nan,nan,nan
3.3241932945e-04,2.1744117102e-05,-5.6566653751e-01,-1.2106180341e+01,-5.1982948741e+00,2.1345384846e+01,9.4417829808e+00,-1.5205744392e+01,9.4417829808e+00,1.5205744392e+01,0.0000000000e+00,nan,nan,nan,nan,nan,nan
-1.6754090293e-04,7.3997487223e-06,1.9929819063e+02,2.2123566000e+01,-4.7995889641e+01,2.1756293509e+02,2.0126116963e+02,-4.9958868644e+01,2.0126116963e+02,4.9958868644e+01,0.0000000000e+00,nan,nan,nan,nan,nan,nan
2.8808802064e-04,1.1139757658e-04,-2.8261922061e+00,-8.2832080808e+00,-6.9303103625e+00,1.4779705776e+01,3.6548158242e+00,-1.3411318393e+01,3.6548158245e+00,1.3411318393e+01,0.0000000000e+00,nan,nan,nan,nan,nan,nan
1.1364784051e-04,6.9152882072e-05,1.4328681710e+01,-2.6940487495e+00,-2.2699791343e+01,3.2408726443e+01,1.4525632119e+01,-2.2896741753e+01,1.4525634532e+01,2.2896741753e+01,0.0000000000e+00,nan,nan,nan,nan,nan,nan
2.8503351162e-04,8.8373485726e-05,-2.8269304139e+00,-8.4174778320e+00,-8.1165257788e+00,1.5281127769e+01,3.3508351349e+00,-1.4294291328e+01,3.3508352329e+00,1.4294291328e+01,0.0000000000e+00,nan,nan,nan,nan,nan,nan
1.3514570662e-04,1.3459679528e-04,-8.7277953092e+00,-1.4209107478e+00,-1.6807795164e+01,7.4208349077e+00,-8.4833742048e+00,-1.7052216268e+01,-3.6145302960e-05,1.7052216268e+01,0.0000000000e+00,nan,nan,nan,nan,nan,nan
2.1176862095e-04,6.8410312146e-05,-5.1872491903e+00,-2.3939769767e+00,-1.6362527148e+01,1.0525561275e+01,-4.6979525339e+00,-1.6851823805e+01,-2.1157854431e-02,1.6851823805e+01,0.0000000000e+00,nan,nan,nan,nan,nan,nan
-3.2168192145e-04,2.6660124976e-05,6.7980648118e+01,3.9547344364e+01,1.3171319681e+00,8.9595263035e+01,8.6376739274e+01,-1.7078959188e+01,8.6376739274e+01,1.7078959188e+01,0.0000000000e+00,nan,nan,nan,nan,nan,nan
1.2127996409e-04,1.3476551711e-04,-1.0281264620e+01,-8.6742879516e-01,-1.7021735665e+01,6.0311378079e+00,-1.0169421106e+01,-1.7133579179e+01,-5.0292585356e-05,1.7133579179e+01,0.0000000000e+00,nan,nan,nan,nan,nan,nan
2.5919795654e-04,1.6703982145e-05,2.4970946237e+01,-1.7175840156e+01,-1.2832540406e+01,4.4232828213e+01,3.1607038191e+01,-1.9468632360e+01,3.1607037587e+01,1.9468632360e+01,0.0000000000e+00,nan,nan,nan,nan,nan,nan
-2.7139924984e-04,2.0411700837e-05,1.6366110297e+02,5.8959032905e+01,-7.4378404279e+00,1.7995003449e+02,1.8200583212e+02,-2.5782569582e+01,1.8200583212e+02,2.5782569582e+01,0.0000000000e+00,nan,nan,nan,nan,nan,nan
3.4901946264e-04,5.7906682872e-05,-3.8896406029e+00,-1.1940671778e+01,2.7683273705e+00,2.1465516931e+01,1.1832465362e+01,-1.2953778594e+01,1.1832465362e+01,1.2953778594e+01,0.0000000000e+00,nan,nan,nan,nan,nan,nan
1.4562412624e-04,1.2462565318e-04,-9.5034407723e+00,-8.7315595653e-01,-1.6901470503e+01,6.5840971841e+00,-9.4011253560e+00,-1.7003785919e+01,-2.3957167278e-06,1.7003785919e+01,0.0000000000e+00,nan,nan,nan,nan,nan,nan
2.8043176663e-04,4.0638861543e-05,-2.0448924254e+00,-7.1771748772e+00,-1.2362918685e+01,1.5307443418e+01,1.6338510229e+00,-1.6041662134e+01,1.6338028909e+00,1.6041662134e+01,0.0000000000e+00,nan,nan,nan,nan,nan,nan
-3.6621876567e-04,3.4686893943e-06,8.9512350322e+01,5.9410304478e+01,1.4413827434e+01,1.2166641764e+02,1.2220722785e+02,-1.8281050099e+01,1.2220722785e+02,1.8280997678e+01,0.0000000000e+00,nan,nan,nan,nan,nan,nan
1.9116366884e-04,8.0252240867e-05,-5.6246887845e+00,-1.8555358418e+00,-1.6696202427e+01,1.0114382287e+01,-5.3209042697e+00,-1.6999986942e+01,3.7878049876e-03,1.6999986942e+01,0.0000000000e+00,nan,nan,nan,nan,nan,nan
-1.6689776867e-04,6.3083829339e-05,5.1731172787e+01,2.2665372270e+01,-3.3641031932e+01,8.3708455087e+01,5.7374169506e+01,-3.9284028651e+01,5.7374169506e+01,3.9284028651e+01,0.0000000000e+00,nan,nan,nan,nan,nan,nan
2.7533194014e-04,7.5475458881e-05,-2.8008300347e+00,-7.6748152352e+00,-1.0015553744e+01,1.4686979537e+01,2.0713396998e+00,-1.4887723479e+01,2.0713814912e+00,1.4887723479e+01,0.0000000000e+00,nan,nan,nan,nan,nan,nan
2.7710061768e-04,4.3623223123e-05,-2.2066510221e+00,-6.9684890589e+00,-1.2473755826e+01,1.4988730876e+01,1.3135443823e+00,-1.5993951230e+01,1.3125237107e+00,1.5993951230e+01,0.0000000000e+00,nan,nan,nan,nan,nan,nan
2.8535547000e-04,2.7408295044e-05,-1.5811835556e+00,-7.3170013604e+00,-1.3023271547e+01,1.6091496021e+01,1.9882020081e+00,-1.6592657111e+01,1.9881700992e+00,1.6592657111e+01,0.0000000000e+00,nan,nan,nan,nan,nan,nan
-3.4341293099e-04,2.2546041001e-05,5.6806624179e+01,3.4550526079e+01,-6.4068795667e-01,7.7811873318e+01,7.3007674118e+01,-1.6841737895e+01,7.3007674117e+01,1.6841737842e+01,0.0000000000e+00,nan,nan,nan,nan,nan,nan
2.5834427170e-04,9.0153907049e-05,-3.2093682611e+00,-6.8681899673e+00,-1.0691513540e+01,1.3545351395e+01,8.6997137339e-01,-1.4770853175e+01,8.6748225965e-01,1.4770853175e+01,0.0000000000e+00,nan,nan,nan,nan,nan,nan
2.8121247647e-04,1.1737112000e-04,-2.5845098042e+00,-8.0130443332e+00,-7.4471633539e+00,1.4502983840e+01,3.3574650449e+00,-1.3389138203e+01,3.3574650440e+00,1.3389138203e+01,0.0000000000e+00,nan,nan,nan,nan,nan,nan
2.5650193094e-04,7.8889265284e-05,-3.3267613465e+00,-6.3926882370e+00,-1.1638159745e+01,1.3204997294e+01,1.4144819682e-01,-1.5106369288e+01,1.0467483983e-01,1.5106369288e+01,0.0000000000e+00,nan,nan,nan,nan,nan,nan
-3.3448182219e-04,2.3760130628e-05,5.7792390561e+01,3.4815436263e+01,-7.7864433165e-01,7.8805146874e+01,7.4005045876e+01,-1.6991299646e+01,7.4005045876e+01,1.6991299615e+01,0.0000000000e+00,nan,nan,nan,nan,nan,nan
-3.6075588328e-04,1.4266652156e-05,6.6824337883e+01,4.5732822807e+01,1.1292578112e+01,9.2633336636e+01,9.2540339840e+01,-1.4423423845e+01,9.2540339840e+01,1.4423557080e+01,0.0000000000e+00,nan,nan,nan,nan,nan,nan
-3.0863949628e-04,1.1870697156e-05,1.8220303257e+02,7.1492729427e+01,8.6220524350e+00,1.9475449468e+02,2.0785410243e+02,-1.7029017424e+01,2.0785410243e+02,1.7029017424e+01,0.0000000000e+00,nan,nan,nan,nan,nan,nan
2.8533781347e-04,4.4924053300e-05,-1.9833662277e+00,-7.7716130521e+00,-1.1345220447e+01,1.5711766650e+01,2.4068993678e+00,-1.5735486042e+01,2.4069160859e+00,1.5735486042e+01,0.0000000000e+00,nan,nan,nan,nan,nan,nan
1.1147320752e-04,1.2926602111e-04,-1.1560907797e+01,1.6993783600e-01,-1.6999687472e+01,4.7495052235e+00,-1.1538169516e+01,-1.7022425754e+01,-1.4489165636e-06,1.7022425750e+01,0.0000000000e+00,nan,nan,nan,nan,nan,nan
-1.5013709174e-04,5.3184670921e-05,7.2933546460e+01,1.9961542043e+01,-3.8097307742e+01,1.0218082093e+02,7.6412243829e+01,-4.1576005110e+01,7.6412243829e+01,4.1576005110e+01,0.0000000000e+00,nan,nan,nan,nan,nan,nan
1.5914255591e-04,8.7725882536e-05,-3.9193962882e+00,-2.1086605970e+00,-1.6672145166e+01,1.1636544840e+01,-3.5774084316e+00,-1.7014133023e+01,-3.7367814649e-03,1.7014133023e+01,0.0000000000e+00,nan,nan,nan,nan,nan,nan
2.6233978338e-04,9.1020219733e-05,-3.0983853530e+00,-7.1417768501e+00,-1.0278232210e+01,1.3843833641e+01,1.3044322979e+00,-1.4681049861e+01,1.3049124740e+00,1.4681049861e+01,0.0000000000e+00,nan,nan,nan,nan,nan,nan
3.1373075360e-04,4.8984686273e-05,-1.6078979033e+00,-1.0424367662e+01,-6.5530398857e+00,1.8554013056e+01,6.6316955382e+00,-1.4792633327e+01,6.6316955381e+00,1.4792633327e+01,0.0000000000e+00,nan,nan,nan,nan,nan,nan
3.0699426256e-04,5.5367784259e-05,-1.9123460346e+00,-9.8638800742e+00,-7.2208006136e+00,1.7690299882e+01,5.6469260754e+00,-1.4780072725e+01,5.6469260719e+00,1.4780072725e+01,0.0000000000e+00,nan,nan,nan,nan,nan,nan
3.6661036023e-04,1.5929466403e-05,1.3908905582e+00,-1.5660269352e+01,9.1652916228e+00,2.7942014521e+01,2.1410420696e+01,-1.0854238515e+01,2.1410420696e+01,1.0854253631e+01,0.0000000000e+00,nan,nan,nan,nan,nan,nan
5.8118840824e-05,1.0074010003e-04,5.2968262928e+00,4.4082278811e+00,-2.1592501197e+01,2.4508384851e+01,6.0020851392e+00,-2.2297760043e+01,6.0028438273e+00,2.2297760043e+01,0.0000000000e+00,nan,nan,nan,nan,nan,nan
3.3511898642e-04,3.6689048391e-05,-9.9264633567e-01,-1.2570176885e+01,-2.6118495025e+00,2.1813178994e+01,1.0791596845e+01,-1.4396092683e+01,1.0791596845e+01,1.4396092684e+01,0.0000000000e+00,nan,nan,nan,nan,nan,nan
-2.5203810500e-04,2.1028441836e-05,1.6614764115e+02,5.3028263224e+01,-2.1257435724e+01,1.8647870068e+02,1.8010863075e+02,-3.5218425323e+01,1.8010863075e+02,3.5218425323e+01,0.0000000000e+00,nan,nan,nan,nan,nan,nan
9.5618641090e-05,1.2357701997e-04,-1.1284150832e+01,4.2842258837e+00,-2.0878361977e+01,1.1157626547e+01,-9.6393977143e+00,-2.2523115095e+01,1.8968622376e-06,2.2523115056e+01,0.0000000000e+00,nan,nan,nan,nan,nan,nan
3.1136689038e-04,8.6015622830e-05,-3.2170088413e+00,-9.5838014209e+00,-4.7503280127e+00,1.6650957367e+01,5.6297662911e+00,-1.3597103145e+01,5.6297662911e+00,1.3597103145e+01,0.0000000000e+00,nan,nan,nan,nan,nan,nan
1.4536449080e-04,1.2084415915e-04,-9.5454574259e+00,-6.1742005792e-01,-1.6953057651e+01,6.5072864858e+00,-9.4922739341e+00,-1.7006241143e+01,3.5566796357e-07,1.7006241143e+01,0.0000000000e+00,nan,nan,nan,nan,nan,nan
-9.4795772942e-05,1.0534531683e-04,2.0200756659e+00,6.1992485181e+00,-3.2382349215e+01,3.1666882619e+01,3.1017464300e+00,-3.3464019979e+01,3.1325401902e+00,3.3464019979e+01,0.0000000000e+00,nan,nan,nan,nan,nan,nan
2.7682661979e-04,1.1264490721e-04,-2.6269152149e+00,-7.9710440572e+00,-7.9597449769e+00,1.4557466752e+01,3.1114272521e+00,-1.3698087444e+01,3.1114272419e+00,1.3698087444e+01,0.0000000000e+00,nan,nan,nan,nan,nan,nan
-1.8148851512e-04,9.0489647797e-05,7.8707580802e+00,1.8870160975e+01,-2.7417515962e+01,4.4743358158e+01,1.6059210936e+01,-3.5605968818e+01,1.6059211062e+01,3.5605968818e+01,0.0000000000e+00,nan,nan,nan,nan,nan,nan
2.7313999468e-04,8.5977516307e-05,-2.9104306637e+00,-7.7128601394e+00,-9.5454230344e+00,1.4541350291e+01,2.1675256560e+00,-1.4623379354e+01,2.1675263628e+00,1.4623379354e+01,0.0000000000e+00,nan,nan,nan,nan,nan,nan
-7.5520522973e-05,1.0496076301e-04,1.5045867041e+00,3.2465433204e+00,-3.3302469623e+01,3.0661761270e+01,1.8036346633e+00,-3.3601517583e+01,1.7659527226e+00,3.3601517582e+01,0.0000000000e+00,nan,nan,nan,nan,nan,nan
4.9457117222e-05,8.7001726452e-05,1.5275344513e+01,5.7153417658e-01,-2.2553036857e+01,3.2776270166e+01,1.5284542231e+01,-2.2562234576e+01,1.5284542727e+01,2.2562234576e+01,0.0000000000e+00,nan,nan,nan,nan,nan,nan
-7.6725239544e-05,5.0420158237e-05,8.1887783047e+01,3.2780332312e+00,-4.3514536596e+01,1.0874907810e+02,8.1972932740e+01,-4.3599686289e+01,8.1972932740e+01,4.3599686289e+01,0.0000000000e+00,nan,nan,nan,nan,nan,nan
-3.7246195601e-04,7.6789422254e-06,7.4663565589e+01,5.6474478684e+01,2.2987556902e+01,1.0752170608e+02,1.1090324720e+02,-1.3252124705e+01,1.1090324720e+02,1.3244443308e+01,0.0000000000e+00,nan,nan,nan,nan,nan,nan
2.8346074837e-04,5.5302168397e-05,-2.2604536305e+00,-7.8766944806e+00,-1.0657359933e+01,1.5457954359e+01,2.4657473285e+00,-1.5383560892e+01,2.4657526426e+00,1.5383560892e+01,0.0000000000e+00,nan,nan,nan,nan,nan,nan
-2.1253487911e-04,3.5458259787e-05,1.1208159853e+02,3.8674457159e+01,-3.1868624748e+01,1.4151819676e+02,1.2181205588e+02,-4.1599082104e+01,1.2181205588e+02,4.1599082104e+01,0.0000000000e+00,nan,nan,nan,nan,nan,nan
-1.8504110219e-04,2.6262420147e-05,1.4169018751e+02,3.0190936949e+01,-4.0561281760e+01,1.6626917427e+02,1.4656000539e+02,-4.5431099647e+01,1.4656000539e+02,4.5431099647e+01,0.0000000000e+00,nan,nan,nan,nan,nan,nan
-1.2656453657e-04,1.0465377876e-04,2.0818803248e+00,1.0563289842e+01,-3.0685961415e+01,3.3762300863e+01,5.1906329465e+00,-3.3794714037e+01,5.1899878250e+00,3.3794714037e+01,0.0000000000e+00,nan,nan,nan,nan,nan,nan
1.5537076799e-04,8.6547525330e-05,-2.9231601223e+00,-2.4445166404e+00,-1.6592184655e+01,1.2576304125e+01,-2.4967398143e+00,-1.7018604958e+01,4.0768204882e-02,1.7018604958e+01,0.0000000000e+00,nan,nan,nan,nan,nan,nan
-2.4050709259e-04,1.5561996834e-05,1.9198477806e+02,4.7956507507e+01,-2.9319249843e+01,2.0887551382e+02,2.0192709824e+02,-3.9261570026e+01,2.0192709824e+02,3.9261570026e+01,0.0000000000e+00,nan,nan,nan,nan,nan,nan
3.6135205902e-04,8.0029003703e-06,1.2100244768e+00,-1.3765888706e+01,5.3813538533e+00,2.4113536119e+01,1.7217645734e+01,-1.0626267404e+01,1.7217645734e+01,1.0626263932e+01,0.0000000000e+00,nan,nan,nan,nan,nan,nan
-1.6388673279e-04,6.2938679424e-05,5.2465128896e+01,2.2030543298e+01,-3.4087712365e+01,8.4108427516e+01,5.7748731533e+01,-3.9371315002e+01,5.7748731533e+01,3.9371315002e+01,0.0000000000e+00,nan,nan,nan,nan,nan,nan
3.5676120529e-04,2.7120688312e-05,-5.9749324597e-01,-1.4826739663e+01,4.9604951553e+00,2.6121347886e+01,1.7262668188e+01,-1.2899666279e+01,1.7262668188e+01,1.2899666435e+01,0.0000000000e+00,nan,nan,nan,nan,nan,nan
-7.2763584388e-05,1.0493312451e-04,1.3417730076e+00,2.8136826081e+00,-3.3418323155e+01,3.0493078967e+01,1.5669122768e+00,-3.3643462424e+01,1.4830818631e+00,3.3643462424e+01,0.0000000000e+00,nan,nan,nan,nan,nan,nan
1.2471149441e-04,1.2926565389e-04,-1.0976294848e+01,-3.8720047815e-01,-1.7051474312e+01,5.3078008302e+00,-1.0949424342e+01,-1.7078344818e+01,-2.0575768109e-06,1.7078344818e+01,0.0000000000e+00,nan,nan,nan,nan,nan,nan
1.4978049727e-04,1.5283614171e-04,-3.7808780003e-01,-3.5381204853e+00,-1.4410997060e+01,1.3607598743e+01,4.6180836704e-01,-1.5250893227e+01,3.4292951803e-01,1.5250893227e+01,0.0000000000e+00,nan,nan,nan,nan,nan,nan
1.0360940586e-04,6.9384993873e-05,1.6447815049e+01,-2.9438122932e+00,-2.2624795459e+01,3.4223440742e+01,1.6670422520e+01,-2.2847402929e+01,1.6670421627e+01,2.2847402929e+01,0.0000000000e+00,nan,nan,nan,nan,nan,nan
-2.4868754963e-04,2.0886346918e-05,1.6711225104e+02,5.1831749969e+01,-2.3166503286e+01,1.8764855403e+02,1.8031181706e+02,-3.6366069304e+01,1.8031181706e+02,3.6366069304e+01,0.0000000000e+00,nan,nan,nan,nan,nan,nan
3.3288868908e-04,7.8638669005e-05,-4.0112340553e+00,-1.0311014174e+01,-1.1965765416e+00,1.8022000463e+01,7.8011015204e+00,-1.3008912117e+01,7.8011015204e+00,1.3008912117e+01,0.0000000000e+00,nan,nan,nan,nan,nan,nan
-1.0012417396e-04,9.5389661521e-05,1.2493126410e+01,6.9568002907e+00,-3.3675148763e+01,4.1757422242e+01,1.3517647795e+01,-3.4699670148e+01,1.3517622543e+01,3.4699670148e+01,0.0000000000e+00,nan,nan,nan,nan,nan,nan
-1.3022618297e-04,6.7307552475e-05,4.8784040068e+01,1.4172092135e+01,-3.6891114761e+01,7.8150339015e+01,5.1066581921e+01,-3.9173656614e+01,5.1066581921e+01,3.9173656614e+01,0.0000000000e+00,nan,nan,nan,nan,nan,nan
-2.5292857442e-04,7.2839289049e-05,-7.0776736723e-01,2.7360475947e+01,-1.6977919748e+01,4.9429077534e+01,1.9695047663e+01,-3.7380734778e+01,1.9695047663e+01,3.7380734778e+01,0.0000000000e+00,nan,nan,nan,nan,nan,nan
-2.4886537171e-04,5.2923102529e-05,4.7559387684e+01,4.0097942405e+01,-1.7353936053e+01,8.9346325984e+01,6.6686851174e+01,-3.6481399543e+01,6.6686851174e+01,3.6481399543e+01,0.0000000000e+00,nan,nan,nan,nan,nan,nan
-9.0667869850e-05,5.9275201414e-05,6.4600560779e+01,5.9562831501e+00,-4.1259766358e+01,9.2255370649e+01,6.4934060289e+01,-4.1593265868e+01,6.4934060289e+01,4.1593265868e+01,0.0000000000e+00,nan,nan,nan,nan,nan,nan
1.7085894451e-04,7.1428882644e-05,2.8748225188e+00,-4.9744590718e+00,-1.5776971285e+01,1.8314216117e+01,4.1226432222e+00,-1.7024791989e+01,4.1732581505e+00,1.7024791989e+01,0.0000000000e+00,nan,nan,nan,nan,nan,nan
2.7938774669e-04,5.4617561108e-05,-2.3511650050e+00,-7.5063153066e+00,-1.1214491325e+01,1.5096163815e+01,1.9329460778e+00,-1.5498602407e+01,1.9328332871e+00,1.5498602407e+01,0.0000000000e+00,nan,nan,nan,nan,nan,nan
3.2182024439e-04,1.0234865527e-05,-2.1451897144e+00,-1.0589983269e+01,-9.0099344350e+00,1.9279184388e+01,5.5532802216e+00,-1.6708404371e+01,5.5532802216e+00,1.6708404371e+01,0.0000000000e+00,nan,nan,nan,nan,nan,nan
-1.4159509908e-04,4.9414052740e-05,8.1437420409e+01,1.8136391236e+01,-3.9948422754e+01,1.0971478486e+02,8.4088359400e+01,-4.2599361745e+01,8.4088359400e+01,4.2599361745e+01,0.0000000000e+00,nan,nan,nan,nan,nan,nan
-9.0042322364e-05,5.0481937199e-05,8.1382475801e+01,6.1027560816e+00,-4.3179015166e+01,1.0838911586e+02,8.1680215540e+01,-4.3476754904e+01,8.1680215540e+01,4.3476754904e+01,0.0000000000e+00,nan,nan,nan,nan,nan,nan
1.8385971798e-04,8.1612604745e-05,-5.2321405365e+00,-1.9511550967e+00,-1.6676835863e+01,1.0474331070e+01,-4.9071303369e+00,-1.7001846062e+01,1.3272430185e-03,1.7001846062e+01,0.0000000000e+00,nan,nan,nan,nan,nan,nan
2.6741954137e-04,9.9456737017e-05,-2.8954981795e+00,-7.5778115862e+00,-9.3413232823e+00,1.4262173812e+01,2.1158591587e+00,-1.4352680621e+01,2.1158498458e+00,1.4352680621e+01,0.0000000000e+00,nan,nan,nan,nan,nan,nan
-1.8988530171e-04,6.2532504257e-05,4.8129477962e+01,2.7589235506e+01,-3.0106897976e+01,8.2908011412e+01,5.6878252700e+01,-3.8855672714e+01,5.6878252700e+01,3.8855672714e+01,0.0000000000e+00,nan,nan,nan,nan,nan,nan
5.7311025050e-05,8.6774344781e-05,1.3095172285e+01,4.5254535672e-01,-2.2532842606e+01,3.0867472091e+01,1.3102508160e+01,-2.2540178482e+01,1.3102508159e+01,2.2540178482e+01,0.0000000000e+00,nan,nan,nan,nan,nan,nan
-1.3923943502e-04,9.1071854307e-05,1.5113056583e+01,1.3541356658e+01,-3.1611485563e+01,4.6768702482e+01,1.8752708477e+01,-3.5251137457e+01,1.8752709121e+01,3.5251137457e+01,0.0000000000e+00,nan,nan,nan,nan,nan,nan
2.7255294023e-04,8.2205629016e-05,-2.9083424132e+00,-7.6113683708e+00,-9.8481838757e+00,1.4487439232e+01,1.9860637959e+00,-1.4742590085e+01,1.9861039508e+00,1.4742590085e+01,0.0000000000e+00,nan,nan,nan,nan,nan,nan
-3.1192525676e-04,1.2267737799e-05,1.7030072043e+02,6.9420011175e+01,8.6920870134e+00,1.8450932276e+02,1.9602291089e+02,-1.7030103444e+01,1.9602291089e+02,1.7030103444e+01,0.0000000000e+00,nan,nan,nan,nan,nan,nan
-1.6180867410e-04,3.9357366669e-05,1.0392442643e+02,2.3811574951e+01,-4.0219995978e+01,1.3146748933e+02,1.0775500558e+02,-4.4050575132e+01,1.0775500558e+02,4.4050575132e+01,0.0000000000e+00,nan,nan,nan,nan,nan,nan
-1.1769865808e-04,9.2010674842e-05,1.5790698997e+01,1.0006122156e+01,-3.3138758610e+01,4.5779647422e+01,1.7756861956e+01,-3.5104921569e+01,1.7756862193e+01,3.5104921569e+01,0.0000000000e+00,nan,nan,nan,nan,nan,nan
2.8843552877e-04,8.5342048530e-05,-2.7968108730e+00,-8.6014318205e+00,-7.8790998431e+00,1.5533468661e+01,3.6302969550e+00,-1.4306207671e+01,3.6302969108e+00,1.4306207671e+01,0.0000000000e+00,nan,nan,nan,nan,nan,nan
3.2098226583e-04,7.2561668630e-05,-3.0280553126e+00,-1.0421846496e+01,-3.5894336578e+00,1.8055365873e+01,7.1155258619e+00,-1.3733014832e+01,7.1155258619e+00,1.3733014832e+01,0.0000000000e+00,nan,nan,nan,nan,nan,nan
9.6665391692e-05,6.7772700794e-05,1.9727542547e+01,-3.5859675939e+00,-2.2507109751e+01,3.7103340427e+01,2.0031839981e+01,-2.2811407185e+01,2.0031839930e+01,2.2811407185e+01,0.0000000000e+00,nan,nan,nan,nan,nan,nan
2.6053445866e-04,1.0529713159e-04,-2.8581889647e+00,-7.3200060094e+00,-9.6538123436e+00,1.3977312347e+01,1.8138043919e+00,-1.4325805700e+01,1.8138484080e+00,1.4325805700e+01,0.0000000000e+00,nan,nan,nan,nan,nan,nan
1.5482222067e-04,8.3117927091e-05,-1.2160368611e+00,-3.1160641500e+00,-1.6402720807e+01,1.4222088579e+01,-5.9825216540e-01,-1.7020505504e+01,-4.2178243827e-02,1.7020505504e+01,0.0000000000e+00,nan,nan,nan,nan,nan,nan
-9.4466689548e-05,9.5237442087e-05,1.2670458508e+01,5.9997021177e+00,-3.4009299653e+01,4.1738517667e+01,1.3428323838e+01,-3.4767164983e+01,1.3428274640e+01,3.4767164983e+01,0.0000000000e+00,nan,nan,nan,nan,nan,nan
-2.1188032679e-04,7.7383425798e-05,1.4982051009e+01,2.5617949527e+01,-2.4173104340e+01,5.5841529014e+01,2.7644595143e+01,-3.6835648473e+01,2.7644595143e+01,3.6835648473e+01,0.0000000000e+00,nan,nan,nan,nan,nan,nan
1.5750224956e-04,1.5229464573e-04,5.3692458033e-02,-4.2756482473e+00,-1.3740449551e+01,1.4053661712e+01,1.2705068261e+00,-1.4957263919e+01,1.2354521339e+00,1.4957263919e+01,0.0000000000e+00,nan,nan,nan,nan,nan,nan
-6.7138344862e-05,1.0899036512e-04,-3.3281978651e+00,2.2942351199e+00,-3.3013673875e+01,2.6011221316e+01,-3.1533502415e+00,-3.3188521499e+01,4.8863653046e-02,3.3188521499e+01,0.0000000000e+00,nan,nan,nan,nan,nan,nan
3.0605153533e-04,1.0395545352e-04,-3.3697111185e+00,-8.8187221306e+00,-5.1018660421e+00,1.5346607501e+01,4.6245793913e+00,-1.3096156552e+01,4.6245793913e+00,1.3096156552e+01,0.0000000000e+00,nan,nan,nan,nan,nan,nan
2.4702252952e-04,1.5877510793e-05,2.7970954951e+01,-1.6686832394e+01,-1.3705541995e+01,4.6238653045e+01,3.3828605260e+01,-1.9563192304e+01,3.3828605130e+01,1.9563192304e+01,0.0000000000e+00,nan,nan,nan,nan,nan,nan
3.0312165214e-04,1.1099753355e-04,-3.2832027792e+00,-8.5207212707e+00,-5.3713472446e+00,1.4867411993e+01,4.2564293043e+00,-1.2910979328e+01,4.2564293043e+00,1.2910979328e+01,0.0000000000e+00,nan,nan,nan,nan,nan,nan
2.5604527951e-04,1.0060017656e-04,-3.0741290041e+00,-6.9993693405e+00,-1.0265993261e+01,1.3628892500e+01,1.1985836213e+00,-1.4538705886e+01,1.1992598501e+00,1.4538705886e+01,0.0000000000e+00,nan,nan,nan,nan,nan,nan
-1.9784966021e-04,4.9526099055e-05,7.4705130569e+01,3.2336088350e+01,-3.1465714964e+01,1.0765876167e+02,8.3776522835e+01,-4.0537107229e+01,8.3776522835e+01,4.0537107229e+01,0.0000000000e+00,nan,nan,nan,nan,nan,nan
-1.9852417525e-04,6.3223230917e-05,4.4459927170e+01,2.9045672788e+01,-2.8377320196e+01,8.0680910011e+01,5.4622448600e+01,-3.8539841626e+01,5.4622448600e+01,3.8539841626e+01,0.0000000000e+00,nan,nan,nan,nan,nan,nan
2.1790117589e-04,1.0207451569e-04,-4.6032953044e+00,-4.6547641033e+00,-1.3051166750e+01,1.0885526642e+01,-2.5424692904e+00,-1.5111992764e+01,4.7270766381e-05,1.5111992764e+01,0.0000000000e+00,nan,nan,nan,nan,nan,nan
-1.3922688915e-04,4.0715727908e-05,1.0117420762e+02,1.7909988527e+01,-4.2347791620e+01,1.2810489376e+02,1.0337460290e+02,-4.4548186898e+01,1.0337460290e+02,4.4548186898e+01,0.0000000000e+00,nan,nan,nan,nan,nan,nan
1.6384599992e-04,7.2834875146e-05,3.9085221981e+00,-5.1790204503e+00,-1.5744688716e+01,1.9245224166e+01,5.1931520937e+00,-1.7029318612e+01,5.2168395876e+00,1.7029318612e+01,0.0000000000e+00,nan,nan,nan,nan,nan,nan
6.3697757141e-05,9.0893383332e-05,8.7509912371e+00,1.4726910608e+00,-2.2401667604e+01,2.7103838873e+01,8.8230704858e+00,-2.2473746853e+01,8.8230673491e+00,2.2473746853e+01,0.0000000000e+00,nan,nan,nan,nan,nan,nan
1.4568240871e-05,9.0794632074e-05,1.5543590610e+01,-5.4253176291e+00,-3.3584145497e+01,4.3570240335e+01,1.6135012542e+01,-3.4175567430e+01,1.6135007932e+01,3.4175567430e+01,0.0000000000e+00,nan,nan,nan,nan,nan,nan
2.4694024396e-04,9.1224467320e-05,-3.5635310447e+00,-6.1522546651e+00,-1.1588067826e+01,1.2720796548e+01,-2.3144412423e-01,-1.4920154747e+01,-3.0154341282e-02,1.4920154747e+01,0.0000000000e+00,nan,nan,nan,nan,nan,nan
2.2241789926e-04,1.0692676274e-04,-4.1008722540e+00,-5.2382981874e+00,-1.2391310699e+01,1.1569251399e+01,-1.5665810672e+00,-1.4925601886e+01,6.5780197201e-04,1.4925601886e+01,0.0000000000e+00,nan,nan,nan,nan,nan,nan
-2.0286027811e-04,5.7596012003e-05,5.4802547050e+01,3.1503393630e+01,-2.8586547069e+01,9.0510304081e+01,6.5364148417e+01,-3.9148148435e+01,6.5364148417e+01,3.9148148435e+01,0.0000000000e+00,nan,nan,nan,nan,nan,nan
-2.8058457688e-04,4.4702386987e-05,5.5681293108e+01,4.1338728136e+01,-5.8229907986e+00,8.9231094902e+01,7.6446747817e+01,-2.6588445507e+01,7.6446747817e+01,2.6588445507e+01,0.0000000000e+00,nan,nan,nan,nan,nan,nan
3.7085974964e-04,2.0218118857e-05,3.7955192870e-01,-1.6297324762e+01,1.2474609517e+01,3.0098129171e+01,2.3804243702e+01,-1.0950082256e+01,2.3804243702e+01,1.0950101505e+01,0.0000000000e+00,nan,nan,nan,nan,nan,nan
2.2585894588e-04,1.0419427900e-04,-4.0663411171e+00,-5.3213987536e+00,-1.2326925989e+01,1.1666542274e+01,-1.4609522307e+00,-1.4932314875e+01,5.9245014279e-04,1.4932314875e+01,0.0000000000e+00,nan,nan,nan,nan,nan,nan
3.2048376248e-04,6.8668549896e-05,-2.7984813724e+00,-1.0554104643e+01,-3.8495074855e+00,1.8300471348e+01,7.2417876303e+00,-1.3889776488e+01,7.2417876303e+00,1.3889776488e+01,0.0000000000e+00,nan,nan,nan,nan,nan,nan
1.6009540519e-04,7.1908090370e-05,6.4192921565e+00,-5.9983019427e+00,-1.5448807024e+01,2.1610418057e+01,7.9620232489e+00,-1.6991538116e+01,7.9505968908e+00,1.6991538116e+01,0.0000000000e+00,nan,nan,nan,nan,nan,nan
3.3952882748e-04,7.2062802136e-05,-4.1313444256e+00,-1.0766148048e+01,1.9990159553e-01,1.9017603033e+01,9.0140968156e+00,-1.2945539646e+01,9.0140968156e+00,1.2945539646e+01,0.0000000000e+00,nan,nan,nan,nan,nan,nan
2.3035604174e-04,1.0900988825e-04,-3.5927073045e+00,-5.8315459251e+00,-1.1711464456e+01,1.2306152582e+01,-5.4712537463e-01,-1.4757046386e+01,8.1635403685e-03,1.4757046386e+01,0.0000000000e+00,nan,nan,nan,nan,nan,nan
-1.5913269943e-04,5.8975073161e-05,6.0511646114e+01,2.1503146306e+01,-3.5613548462e+01,9.1196685816e+01,6.5101479931e+01,-4.0203382279e+01,6.5101479931e+01,4.0203382279e+01,0.0000000000e+00,nan,nan,nan,nan,nan,nan
-1.9379074953e-04,2.9723743690e-05,1.3118416288e+02,3.3065599646e+01,-3.7933555854e+01,1.5725704724e+02,1.3741770207e+02,-4.4167095045e+01,1.3741770207e+02,4.4167095045e+01,0.0000000000e+00,nan,nan,nan,nan,nan,nan
2.3897428653e-04,1.5282740035e-05,3.1981160545e+01,-1.7403914131e+01,-1.3616729758e+01,4.9679757696e+01,3.7864836872e+01,-1.9500406085e+01,3.7864836890e+01,1.9500406085e+01,0.0000000000e+00,nan,nan,nan,nan,nan,nan
-1.6601900157e-04,9.1002291401e-05,1.0967463703e+01,1.7188300546e+01,-2.9057307670e+01,4.5690191660e+01,1.7334322471e+01,-3.5424166438e+01,1.7334321392e+01,3.5424166438e+01,0.0000000000e+00,nan,nan,nan,nan,nan,nan
-6.3018552777e-05,1.1104627991e-04,-5.8473593767e+00,1.8991563522e+00,-3.2859745867e+01,2.3620768786e+01,-5.7160954047e+00,-3.2991009839e+01,-8.2482874447e-03,3.2991009839e+01,0.0000000000e+00,nan,nan,nan,nan,nan,nan
-3.3985532632e-04,2.1458972220e-05,5.7299135037e+01,3.4396128532e+01,-1.0844937309e+00,7.8147285666e+01,7.3225677069e+01,-1.7011035763e+01,7.3225677069e+01,1.7011036280e+01,0.0000000000e+00,nan,nan,nan,nan,nan,nan
1.5955856104e-04,6.8751777723e-05,9.7782225042e+00,-6.8616440380e+00,-1.5335504509e+01,2.4782529558e+01,1.1529559109e+01,-1.7086841114e+01,1.1531456115e+01,1.7086841114e+01,0.0000000000e+00,nan,nan,nan,nan,nan,nan
2.2687845835e-04,8.6391791952e-05,-4.5362650188e+00,-4.4764431689e+00,-1.3540332935e+01,1.0994358339e+01,-2.6907032305e+00,-1.5385894723e+01,-1.0659308026e-05,1.5385894723e+01,0.0000000000e+00,nan,nan,nan,nan,nan,nan
8.5819903575e-05,6.3038451218e-05,2.7904880926e+01,-5.4612374081e+00,-2.2179622455e+01,4.4396842088e+01,2.8495157966e+01,-2.2769899495e+01,2.8495157968e+01,2.2769899495e+01,0.0000000000e+00,nan,nan,nan,nan,nan,nan
-2.1766244401e-04,8.2800002185e-05,4.4998754844e+00,2.3374905873e+01,-2.3106233384e+01,4.7014429033e+01,1.7840614309e+01,-3.6446972208e+01,1.7840614309e+01,3.6446972208e+01,0.0000000000e+00,nan,nan,nan,nan,nan,nan
8.9513561011e-06,9.0124410372e-05,1.6364295465e+01,-6.0448503964e+00,-3.4532533302e+01,4.5303646509e+01,1.7071953589e+01,-3.5240191426e+01,1.7071873810e+01,3.5240191426e+01,0.0000000000e+00,nan,nan,nan,nan,nan,nan
2.0031017921e-04,6.8933719282e-05,-3.7004197242e+00,-2.9509931224e+00,-1.6331267264e+01,1.2075448335e+01,-3.0440801472e+00,-1.6987606841e+01,4.4016051525e-02,1.6987606841e+01,0.0000000000e+00,nan,nan,nan,nan,nan,nan
2.3835514415e-04,1.2545786580e-05,3.5750046026e+01,-1.8971131031e+01,-1.3394387373e+01,5.3769465550e+01,4.2221644736e+01,-1.9865986083e+01,4.2221644737e+01,1.9865986083e+01,0.0000000000e+00,nan,nan,nan,nan,nan,nan
7.1924277827e-05,9.1042764682e-05,6.7575596066e+00,1.3553316459e+00,-2.2427339059e+01,2.5389902816e+01,6.8239774991e+00,-2.2493756952e+01,6.8239293347e+00,2.2493756952e+01,0.0000000000e+00,nan,nan,nan,nan,nan,nan
3.3909430305e-04,6.8037258150e-05,-3.8273261470e+00,-1.1089822530e+01,1.1921861547e-01,1.9506242594e+01,9.4078806467e+00,-1.3115988178e+01,9.4078806467e+00,1.3115988178e+01,0.0000000000e+00,nan,nan,nan,nan,nan,nan
-5.8974347744e-05,1.0899667451e-04,-4.1921255951e+00,1.0626760475e+00,-3.3312235180e+01,2.5283643129e+01,-4.1546622205e+00,-3.3349698554e+01,9.2623424103e-03,3.3349698554e+01,0.0000000000e+00,nan,nan,nan,nan,nan,nan
3.3115561811e-04,3.6295342404e-05,-9.3433489123e-01,-1.2152973626e+01,-3.8075773872e+00,2.1192426449e+01,9.8644969758e+00,-1.4606409254e+01,9.8644969758e+00,1.4606409254e+01,0.0000000000e+00,nan,nan,nan,nan,nan,nan
-1.5294551967e-04,5.8757775394e-05,6.1648484949e+01,2.0090424365e+01,-3.6436272335e+01,9.1793283262e+01,6.5602983108e+01,-4.0390770494e+01,6.5602983108e+01,4.0390770494e+01,0.0000000000e+00,nan,nan,nan,nan,nan,nan
1.9629102080e-04,6.7923545133e-05,-2.2150714558e+00,-3.5377039510e+00,-1.6158302448e+01,1.3545945572e+01,-1.3659316290e+00,-1.7007442274e+01,-3.0083805506e-01,1.7007442274e+01,0.0000000000e+00,nan,nan,nan,nan,nan,nan
7.7409125527e-05,9.0317708763e-05,5.9944945612e+00,1.1292160461e+00,-2.2492521445e+01,2.4754636943e+01,6.0430828607e+00,-2.2541109745e+01,6.0430069325e+00,2.2541109745e+01,0.0000000000e+00,nan,nan,nan,nan,nan,nan
4.2676639372e-06,9.1639243902e-05,1.4210694582e+01,-6.3750323132e+00,-3.5264301867e+01,4.4245747938e+01,1.5018490840e+01,-3.6072098125e+01,1.5018821719e+01,3.6072098125e+01,0.0000000000e+00,nan,nan,nan,nan,nan,nan
2.3038070542e-04,1.2021464397e-05,4.2146391463e+01,-2.0112040370e+01,-1.3312793054e+01,5.9333389460e+01,4.8672947581e+01,-1.9839349172e+01,4.8672947580e+01,1.9839349172e+01,0.0000000000e+00,nan,nan,nan,nan,nan,nan
7.9756905273e-06,8.2074863183e-05,2.7432335255e+01,-6.2617891966e+00,-3.4066106854e+01,5.4352121739e+01,2.8063326318e+01,-3.4697097916e+01,2.8063325860e+01,3.4697097916e+01,0.0000000000e+00,nan,nan,nan,nan,nan,nan
1.4895921397e-04,6.9247469271e-05,9.4690637157e+00,-5.2696494648e+00,-1.6994405934e+01,2.4663753936e+01,1.0476953865e+01,-1.8002296083e+01,1.0476900173e+01,1.8002296083e+01,0.0000000000e+00,nan,nan,nan,nan,nan,nan
-5.3540374468e-05,1.0904050130e-04,-4.8688451632e+00,2.4412209129e-01,-3.3499212304e+01,2.4796246630e+01,-4.8679090667e+00,-3.3500148401e+01,-9.8104397917e-03,3.3500148401e+01,0.0000000000e+00,nan,nan,nan,nan,nan,nan
-2.9958398871e-04,7.0408467451e-06,2.4778137638e+02,7.7414056901e+01,5.5709597317e+00,2.4894456400e+02,2.7040437910e+02,-1.7052042986e+01,2.7040437910e+02,1.7052042986e+01,0.0000000000e+00,nan,nan,nan,nan,nan,nan
7.3417408955e-05,6.2996008279e-05,3.2171340880e+01,-6.2418235411e+00,-2.2015146310e+01,4.8158773821e+01,3.2882578314e+01,-2.2726383745e+01,3.2882578314e+01,2.2726383745e+01,0.0000000000e+00,nan,nan,nan,nan,nan,nan
-1.6657957863e-04,3.6023858542e-05,1.1255073515e+02,2.5177771118e+01,-4.0500778153e+01,1.3953424310e+02,1.1658511131e+02,-4.4535154316e+01,1.1658511131e+02,4.4535154316e+01,0.0000000000e+00,nan,nan,nan,nan,nan,nan
2.4358285243e-04,3.5422850779e-05,2.3457427119e+01,-1.4527392944e+01,-1.2073918818e+01,3.9747224864e+01,2.8639825125e+01,-1.7256316824e+01,2.8644572820e+01,1.7256316824e+01,0.0000000000e+00,nan,nan,nan,nan,nan,nan
4.0706980657e-05,9.9813770442e-05,7.2628222076e+00,1.5675802422e+00,-2.7134563428e+01,2.9900529380e+01,7.3272080760e+00,-2.7198949296e+01,7.3227486615e+00,2.7198949296e+01,0.0000000000e+00,nan,nan,nan,nan,nan,nan
-2.2487543170e-04,8.1990117061e-05,2.0528752901e+00,2.3654554169e+01,-2.2049441098e+01,4.5976922040e+01,1.6546505412e+01,-3.6543071220e+01,1.6546505412e+01,3.6543071220e+01,0.0000000000e+00,nan,nan,nan,nan,nan,nan
-1.9998980070e-04,8.2140739191e-05,1.2686709645e+01,2.2964155279e+01,-2.5702657716e+01,5.1836727024e+01,2.3419974266e+01,-3.6435922337e+01,2.3419974266e+01,3.6435922337e+01,0.0000000000e+00,nan,nan,nan,nan,nan,nan
-1.3722121742e-06,9.1117783239e-05,1.4903314094e+01,-6.5200172608e+00,-3.5792858256e+01,4.5332635671e+01,1.5728037327e+01,-3.6617581489e+01,1.5728226819e+01,3.6617581489e+01,0.0000000000e+00,nan,nan,nan,nan,nan,nan
-4.9519343859e-05,1.1116051709e-04,-7.6653978305e+00,-8.8816418641e-02,-3.3322699186e+01,2.2218206350e+01,-7.6663610911e+00,-3.3321735925e+01,3.6600188610e-03,3.3321735925e+01,0.0000000000e+00,nan,nan,nan,nan,nan,nan
2.9466548811e-04,7.5417282700e-05,-2.6125685057e+00,-8.9803326009e+00,-7.6597114384e+00,1.6155364276e+01,4.1911639416e+00,-1.4463443886e+01,4.1911639404e+00,1.4463443886e+01,0.0000000000e+00,nan,nan,nan,nan,nan,nan
2.8380877411e-04,2.0777884400e-05,1.8388112347e+01,-1.7523629589e+01,-8.3293823719e+00,3.8184155529e+01,2.7074997461e+01,-1.7016267486e+01,2.7075003993e+01,1.7016267486e+01,0.0000000000e+00,nan,nan,nan,nan,nan,nan
3.4826778385e-05,3.0569597995e-06,2.1398145036e+02,-1.6260897082e+01,-3.6838753102e+01,2.1903380094e+02,2.1503057256e+02,-3.7887875305e+01,2.1503057256e+02,3.7887875305e+01,0.0000000000e+00,nan,nan,nan,nan,nan,nan
2.3957535982e-04,3.5005918335e-05,2.2889754445e+01,-1.3727227434e+01,-1.2859589943e+01,3.9033755124e+01,2.7551231279e+01,-1.7521066778e+01,2.7549637384e+01,1.7521066778e+01,0.0000000000e+00,nan,nan,nan,nan,nan,nan
1.4149160237e-04,6.7474442750e-05,1.1050899139e+01,-4.3624708706e+00,-1.8766035118e+01,2.6902626868e+01,1.1674670875e+01,-1.9389806853e+01,1.1674621655e+01,1.9389806853e+01,0.0000000000e+00,nan,nan,nan,nan,nan,nan
2.0626449146e-04,1.3171925635e-04,-2.5126046102e+00,-5.6475794177e+00,-1.2005513636e+01,1.2777476795e+01,1.1802054381e-01,-1.4636138790e+01,7.5652081143e-02,1.4636138790e+01,0.0000000000e+00,nan,nan,nan,nan,nan,nan
2.6710432681e-04,5.2463506096e-05,-2.6997090205e+00,-6.3587825106e+00,-1.2764419019e+01,1.4043528776e+01,3.7597109968e-01,-1.5840099139e+01,3.7420499992e-01,1.5840099139e+01,0.0000000000e+00,nan,nan,nan,nan,nan,nan
3.4942718905e-04,6.1997995546e-05,-4.2986130079e+00,-1.1509503236e+01,2.7930347931e+00,2.0854852237e+01,1.1287765445e+01,-1.2793343660e+01,1.1287765445e+01,1.2793343660e+01,0.0000000000e+00,nan,nan,nan,nan,nan,nan
2.1848021893e-04,1.1267881818e-05,5.3790229826e+01,-2.1927268948e+01,-1.3313230989e+01,6.9425734175e+01,6.0321465733e+01,-1.9844466896e+01,6.0321465733e+01,1.9844466896e+01,0.0000000000e+00,nan,nan,nan,nan,nan,nan
1.9559206832e-04,6.4436485325e-05,7.8066480067e-01,-4.7298995966e+00,-1.5757883816e+01,1.6507946086e+01,2.0422576089e+00,-1.7019476624e+01,1.7844037157e+00,1.7019476624e+01,0.0000000000e+00,nan,nan,nan,nan,nan,nan
-1.5781447149e-04,9.0306884376e-05,1.3341661546e+01,1.6304759255e+01,-2.9985817048e+01,4.6960494969e+01,1.8790576660e+01,-3.5434732163e+01,1.8790577374e+01,3.5434732163e+01,0.0000000000e+00,nan,nan,nan,nan,nan,nan
2.3892221271e-04,3.2068560921e-05,2.3257764327e+01,-1.3573841347e+01,-1.3321956451e+01,3.9448694120e+01,2.7743618107e+01,-1.7807810231e+01,2.7743996262e+01,1.7807810231e+01,0.0000000000e+00,nan,nan,nan,nan,nan,nan
-7.5402929732e-07,8.1315510509e-05,2.8841297638e+01,-6.6349593191e+00,-3.5608356900e+01,5.6985635906e+01,2.9517142599e+01,-3.6284201862e+01,2.9517142400e+01,3.6284201862e+01,0.0000000000e+00,nan,nan,nan,nan,nan,nan
2.6631860081e-04,4.8804192440e-05,-2.6642157331e+00,-6.1636420761e+00,-1.3161911348e+01,1.4019811037e+01,1.8127813571e-01,-1.6007405217e+01,1.4213168889e-01,1.6007405217e+01,0.0000000000e+00,nan,nan,nan,nan,nan,nan
1.4084049839e-04,6.4476652038e-05,1.3302710609e+01,-4.5894833792e+00,-1.9244115656e+01,2.9284471330e+01,1.3936694882e+01,-1.9878099929e+01,1.3936702268e+01,1.9878099929e+01,0.0000000000e+00,nan,nan,nan,nan,nan,nan
5.9966343021e-05,5.8592905068e-05,4.3783160734e+01,-9.1079974355e+00,-2.1469873787e+01,5.8673384123e+01,4.5031737591e+01,-2.2718450644e+01,4.5031737591e+01,2.2718450644e+01,0.0000000000e+00,nan,nan,nan,nan,nan,nan
-2.1708325368e-04,5.8949519708e-05,4.7167696877e+01,3.3671512382e+01,-2.5183669570e+01,8.5596076155e+01,6.0410931263e+01,-3.8426903956e+01,6.0410931263e+01,3.8426903956e+01,0.0000000000e+00,nan,nan,nan,nan,nan,nan
2.1115407918e-04,1.3256152704e-05,5.3872392479e+01,-2.0923976745e+01,-1.3630294667e+01,6.8783645286e+01,5.9833305028e+01,-1.9591207216e+01,5.9833305028e+01,1.9591207216e+01,0.0000000000e+00,nan,nan,nan,nan,nan,nan
2.8320948147e-04,1.7787604799e-05,2.3114476392e+01,-2.0602854265e+01,-6.5320621116e+00,4.3956972524e+01,3.3669777059e+01,-1.7087362779e+01,3.3669773338e+01,1.7087362779e+01,0.0000000000e+00,nan,nan,nan,nan,nan,nan
-1.2734391254e-05,9.0288933583e-05,1.6158429273e+01,-6.2226386773e+00,-3.6484188430e+01,4.6845941489e+01,1.6883637350e+01,-3.7209396507e+01,1.6883573019e+01,3.7209396507e+01,0.0000000000e+00,nan,nan,nan,nan,nan,nan
-1.9274939178e-04,3.4837759738e-05,1.1538689538e+02,3.2728410468e+01,-3.6577086467e+01,1.4329155177e+02,1.2213432044e+02,-4.3324511531e+01,1.2213432044e+02,4.3324511531e+01,0.0000000000e+00,nan,nan,nan,nan,nan,nan
-3.4916972537e-04,1.9965531372e-05,5.9747156099e+01,3.7551078425e+01,2.8983987939e+00,8.1548842615e+01,7.8405023683e+01,-1.5759468789e+01,7.8405023683e+01,1.5759475845e+01,0.0000000000e+00,nan,nan,nan,nan,nan,nan
2.3154267647e-04,3.4114231709e-05,2.3034129827e+01,-1.2785064545e+01,-1.3683872459e+01,3.8749123555e+01,2.7046945599e+01,-1.7696688231e+01,2.7047032865e+01,1.7696688231e+01,0.0000000000e+00,nan,nan,nan,nan,nan,nan
-1.4127591511e-04,7.7271437123e-05,3.2536521074e+01,1.5472559403e+01,-3.3796449867e+01,6.3387857181e+01,3.5967032010e+01,-3.7226960803e+01,3.5967032010e+01,3.7226960803e+01,0.0000000000e+00,nan,nan,nan,nan,nan,nan
-1.8466284001e-04,6.4130236773e-05,4.6353349363e+01,2.6171573003e+01,-3.0692320833e+01,8.0662632112e+01,5.4401106629e+01,-3.8740078098e+01,5.4401106629e+01,3.8740078098e+01,0.0000000000e+00,nan,nan,nan,nan,nan,nan
2.3889060075e-04,6.7903506877e-05,-3.9650708000e+00,-4.5825474987e+00,-1.4025602803e+01,1.1783856167e+01,-2.1919242714e+00,-1.5798749331e+01,5.0336607063e-04,1.5798749331e+01,0.0000000000e+00,nan,nan,nan,nan,nan,nan
-3.7301480739e-05,1.0938097139e-04,-7.3288529177e+00,-2.1463639391e+00,-3.4021881020e+01,2.3412462072e+01,-7.1581756895e+00,-3.4192558248e+01,-2.6536178438e-03,3.4192558248e+01,0.0000000000e+00,nan,nan,nan,nan,nan,nan
-1.5341858130e-04,8.5904041592e-05,1.9392013494e+01,1.6409275191e+01,-3.1063113954e+01,5.2123613958e+01,2.4258032319e+01,-3.5929132780e+01,2.4258032322e+01,3.5929132780e+01,0.0000000000e+00,nan,nan,nan,nan,nan,nan
2.9408709153e-04,7.1628294077e-05,-2.5135070965e+00,-8.9405375494e+00,-7.9853629972e+00,1.6192725818e+01,4.0994395629e+00,-1.4598309657e+01,4.0994395141e+00,1.4598309657e+01,0.0000000000e+00,nan,nan,nan,nan,nan,nan
2.0326024678e-04,1.2725678555e-05,6.2250595222e+01,-2.2026269732e+01,-1.3795700085e+01,7.6112663262e+01,6.8171114191e+01,-1.9716219055e+01,6.8171114191e+01,1.9716219055e+01,0.0000000000e+00,nan,nan,nan,nan,nan,nan
3.0299046851e-04,5.4773017783e-05,-1.9127848587e+00,-9.5271604171e+00,-7.9333978693e+00,1.7303597623e+01,5.0671453813e+00,-1.4913328109e+01,5.0671453975e+00,1.4913328109e+01,0.0000000000e+00,nan,nan,nan,nan,nan,nan
2.3812998481e-04,6.4208263747e-05,-3.9489757533e+00,-4.3719347874e+00,-1.4386760723e+01,1.1789256740e+01,-2.3613376853e+00,-1.5974398790e+01,-2.4830020060e-03,1.5974398790e+01,0.0000000000e+00,nan,nan,nan,nan,nan,nan
4.5330389676e-05,5.8705870673e-05,5.0798907072e+01,-1.0608693100e+01,-2.1182275740e+01,6.4990485106e+01,5.2330589737e+01,-2.2713958405e+01,5.2330589737e+01,2.2713958405e+01,0.0000000000e+00,nan,nan,nan,nan,nan,nan
1.2640336621e-04,6.4018756790e-05,1.5983932944e+01,-3.4082948094e+00,-2.2714891107e+01,3.4030935810e+01,1.6282290869e+01,-2.3013249032e+01,1.6282291275e+01,2.3013249032e+01,0.0000000000e+00,nan,nan,nan,nan,nan,nan
3.7041346995e-04,1.6116311309e-05,1.6148689920e+00,-1.6233417165e+01,1.1624670176e+01,2.9415336535e+01,2.3602722051e+01,-1.0363182883e+01,2.3602722051e+01,1.0363241886e+01,0.0000000000e+00,nan,nan,nan,nan,nan,nan
-1.7044693354e-04,3.1037273359e-05,1.2646644220e+02,2.6206978833e+01,-4.1365782405e+01,1.5226811596e+02,1.3046236763e+02,-4.5361707837e+01,1.3046236763e+02,4.5361707837e+01,0.0000000000e+00,nan,nan,nan,nan,nan,nan
-1.3633026293e-04,6.7502942827e-05,4.7937500699e+01,1.5475613506e+01,-3.6277486105e+01,7.7700394912e+01,5.0690351216e+01,-3.9030336622e+01,5.0690351216e+01,3.9030336622e+01,0.0000000000e+00,nan,nan,nan,nan,nan,nan
2.8597152745e-04,1.2008303830e-05,2.2854054291e+01,-2.1360435236e+01,-5.9809545600e+00,4.4634259969e+01,3.4206151873e+01,-1.7333052143e+01,3.4206151622e+01,1.7333052143e+01,0.0000000000e+00,nan,nan,nan,nan,nan,nan
2.9010667316e-04,7.0922943039e-05,-2.5163725038e+00,-8.6620081185e+00,-8.5681940628e+00,1.5890572121e+01,3.6321428081e+00,-1.4716709375e+01,3.6321429493e+00,1.4716709375e+01,0.0000000000e+00,nan,nan,nan,nan,nan,nan
2.6964430525e-04,4.5883118882e-05,-2.5103030750e+00,-6.3504081047e+00,-1.3089337098e+01,1.4313189656e+01,4.6390381430e-01,-1.6063543987e+01,4.7552424994e-01,1.6063543987e+01,0.0000000000e+00,nan,nan,nan,nan,nan,nan
8.9890853183e-05,9.4601377175e-05,1.5438017903e+00,1.7042256835e+00,-2.2502053634e+01,2.1040773100e+01,1.6687700914e+00,-2.2627021935e+01,1.6559411399e+00,2.2627021935e+01,0.0000000000e+00,nan,nan,nan,nan,nan,nan
2.2686410433e-04,3.0741102633e-05,2.4787309974e+01,-1.2961443093e+01,-1.3991429176e+01,4.0396048528e+01,2.8720609891e+01,-1.7924729093e+01,2.8720617918e+01,1.7924729093e+01,0.0000000000e+00,nan,nan,nan,nan,nan,nan
-2.2942489521e-04,2.5459437502e-05,1.4719768622e+02,4.4812107331e+01,-2.9935506845e+01,1.7191573927e+02,1.5788668804e+02,-4.0624508660e+01,1.5788668804e+02,4.0624508660e+01,0.0000000000e+00,nan,nan,nan,nan,nan,nan
1.9537604600e-04,1.2223887454e-05,7.1657656539e+01,-2.3182518222e+01,-1.4048410678e+01,8.4391662199e+01,7.7528171819e+01,-1.9918925958e+01,7.7528171819e+01,1.9918925958e+01,0.0000000000e+00,nan,nan,nan,nan,nan,nan
-1.4496161142e-04,8.5369227588e-05,2.1273801801e+01,1.5140060539e+01,-3.1992674256e+01,5.3060805147e+01,2.5275233908e+01,-3.5994106362e+01,2.5275233893e+01,3.5994106362e+01,0.0000000000e+00,nan,nan,nan,nan,nan,nan
1.2263067888e-04,6.3192755010e-05,1.7526363722e+01,-3.7217993029e+00,-2.2557926622e+01,3.5310714954e+01,1.7870869335e+01,-2.2902432234e+01,1.7870869302e+01,2.2902432234e+01,0.0000000000e+00,nan,nan,nan,nan,nan,nan
3.6283667611e-05,5.7694862304e-05,5.7490483640e+01,-1.2236572069e+01,-2.0982756686e+01,7.1185938477e+01,5.9353084219e+01,-2.2845357265e+01,5.9353084219e+01,2.2845357265e+01,0.0000000000e+00,nan,nan,nan,nan,nan,nan
1.9143328176e-04,1.1985085828e-05,7.6765848721e+01,-2.3778945291e+01,-1.4209680754e+01,8.8906232033e+01,8.2608120980e+01,-2.0051953013e+01,8.2608120980e+01,2.0051953013e+01,0.0000000000e+00,nan,nan,nan,nan,nan,nan
2.3070733598e-04,6.6033172299e-05,-4.2827338794e+00,-3.8354740286e+00,-1.4860645442e+01,1.1314119056e+01,-3.0394799778e+00,-1.6103899344e+01,-5.4789952347e-05,1.6103899344e+01,0.0000000000e+00,nan,nan,nan,nan,nan,nan
3.6988454174e-04,1.2071498797e-05,2.5620777573e+00,-1.5709393707e+01,1.0592016521e+01,2.8079478646e+01,2.2788741694e+01,-9.6346474157e+00,2.2788741694e+01,9.6344541167e+00,0.0000000000e+00,nan,nan,nan,nan,nan,nan
2.9896973767e-04,5.4167304683e-05,-1.9356572066e+00,-9.1808576093e+00,-8.6137008136e+00,1.6918732507e+01,4.4933557573e+00,-1.5042713778e+01,4.4933557177e+00,1.5042713778e+01,0.0000000000e+00,nan,nan,nan,nan,nan,nan
3.3105408662e-04,6.2762082892e-05,-2.9033631697e+00,-1.1281016043e+01,-1.8672326296e+00,1.9556686324e+01,8.9057602143e+00,-1.3676356013e+01,8.9057602143e+00,1.3676356013e+01,0.0000000000e+00,nan,nan,nan,nan,nan,nan
-3.1174016974e-05,8.7483106018e-05,2.0563210389e+01,-4.5760093403e+00,-3.7139346871e+01,5.0595907433e+01,2.0923492535e+01,-3.7499629017e+01,2.0923495111e+01,3.7499629017e+01,0.0000000000e+00,nan,nan,nan,nan,nan,nan
-2.3875018492e-05,1.0994285479e-04,-9.7784063087e+00,-3.9733399627e+00,-3.4447100160e+01,2.2443266336e+01,-9.1551273739e+00,-3.5070379095e+01,4.3661854682e-03,3.5070379095e+01,0.0000000000e+00,nan,nan,nan,nan,nan,nan
1.8354488742e-04,1.1534426372e-05,8.7988116673e+01,-2.5100031990e+01,-1.4557510439e+01,9.8881389768e+01,9.3804500117e+01,-2.0373893884e+01,9.3804500117e+01,2.0373893884e+01,0.0000000000e+00,nan,nan,nan,nan,nan,nan
3.3056772688e-04,5.8844236740e-05,-2.5877269145e+00,-1.1463224559e+01,-2.1562223894e+00,1.9855113352e+01,9.0913803865e+00,-1.3835329690e+01,9.0913803866e+00,1.3835329690e+01,0.0000000000e+00,nan,nan,nan,nan,nan,nan
1.1450403531e-04,5.8896016877e-05,2.3781108717e+01,-5.1579907552e+00,-2.2328136992e+01,4.0921552694e+01,2.4352555326e+01,-2.2899583601e+01,2.4352555331e+01,2.2899583601e+01,0.0000000000e+00,nan,nan,nan,nan,nan,nan
-3.6984851830e-05,8.7317190964e-05,2.0966388873e+01,-3.8246729937e+00,-3.7174541377e+01,5.0784761727e+01,2.1216519602e+01,-3.7424672106e+01,2.1216515675e+01,3.7424672106e+01,0.0000000000e+00,nan,nan,nan,nan,nan,nan
-1.8539644419e-05,1.1025111296e-04,-1.0828955086e+01,-4.6324883505e+00,-3.4623761158e+01,2.2111851378e+01,-9.9600747772e+00,-3.5492641467e+01,2.5888934364e-03,3.5492641467e+01,0.0000000000e+00,nan,nan,nan,nan,nan,nan
2.3108614753e-05,5.4643721767e-05,6.8154289322e+01,-1.1385862216e+01,-2.8615588231e+01,8.6093251237e+01,6.9475312323e+01,-2.9936611232e+01,6.9475312323e+01,2.9936611232e+01,0.0000000000e+00,nan,nan,nan,nan,nan,nan
1.7565050699e-04,1.1120074857e-05,1.0062068252e+02,-2.6629721557e+01,-1.4927416178e+01,1.1019068795e+02,1.0646525652e+02,-2.0771990177e+01,1.0646525652e+02,2.0771990177e+01,0.0000000000e+00,nan,nan,nan,nan,nan,nan
2.2991666285e-04,6.2346666901e-05,-4.2356582927e+00,-3.6475561903e+00,-1.5225779399e+01,1.1418972649e+01,-3.1379719130e+00,-1.6323465778e+01,-1.0615997338e-02,1.6323465778e+01,0.0000000000e+00,nan,nan,nan,nan,nan,nan
2.9829440055e-04,5.0449996522e-05,-1.8279487211e+00,-9.0661884227e+00,-9.0381280739e+00,1.6896970092e+01,4.3224318336e+00,-1.5188508628e+01,4.3224319779e+00,1.5188508628e+01,0.0000000000e+00,nan,nan,nan,nan,nan,nan
2.2416641955e-04,5.4133056120e-05,-6.4867440699e-01,-4.9350747023e+00,-1.5546060018e+01,1.5488968001e+01,8.4519263211e-01,-1.7039927057e+01,8.5988592417e-01,1.7039927057e+01,0.0000000000e+00,nan,nan,nan,nan,nan,nan
1.0724984989e-04,5.7490739340e-05,2.7413122276e+01,-5.9486067889e+00,-2.2165581030e+01,4.4157910998e+01,2.8118352424e+01,-2.2870811179e+01,2.8118352425e+01,2.2870811179e+01,0.0000000000e+00,nan,nan,nan,nan,nan,nan
1.3652142892e-05,5.4019486351e-05,7.1637696226e+01,-1.0422694126e+01,-3.2460426792e+01,9.1940796365e+01,7.2670678248e+01,-3.3493408814e+01,7.2670678248e+01,3.3493408814e+01,0.0000000000e+00,nan,nan,nan,nan,nan,nan
1.7845739591e-04,1.1913119101e-04,-6.4199679626e+00,-2.7541211511e+00,-1.4784687171e+01,8.6692841129e+00,-5.5971140507e+00,-1.5607541083e+01,-3.9651396104e-07,1.5607541083e+01,0.0000000000e+00,nan,nan,nan,nan,nan,nan
1.8585060623e-04,1.1797865999e-04,-5.8256775453e+00,-3.3111250978e+00,-1.4251741322e+01,9.2784569807e+00,-4.6817897984e+00,-1.5395629069e+01,-2.1885072275e-05,1.5395629069e+01,0.0000000000e+00,nan,nan,nan,nan,nan,nan
1.6775101462e-04,1.0748276514e-05,1.1481922415e+02,-2.8481983528e+01,-1.5270177208e+01,1.2299374521e+02,1.2078499538e+02,-2.1235948431e+01,1.2078499538e+02,2.1235948431e+01,0.0000000000e+00,nan,nan,nan,nan,nan,nan
2.2910176756e-04,5.8672253803e-05,-4.2653958779e+00,-3.3337641402e+00,-1.5630927755e+01,1.1409655513e+01,-3.3607941347e+00,-1.6535529498e+01,9.1953165034e-02,1.6535529498e+01,0.0000000000e+00,nan,nan,nan,nan,nan,nan
2.9424024498e-04,4.9845476255e-05,-1.8860500189e+00,-8.6966387643e+00,-9.6880623947e+00,1.6506983268e+01,3.7432550264e+00,-1.5317367440e+01,3.7432543242e+00,1.5317367440e+01,0.0000000000e+00,nan,nan,nan,nan,nan,nan
-4.8636438660e-05,8.7098437216e-05,2.1630094389e+01,-2.1006009879e+00,-3.7100750289e+01,5.0991573218e+01,2.1704670574e+01,-3.7175326474e+01,2.1704666711e+01,3.7175326474e+01,0.0000000000e+00,nan,nan,nan,nan,nan,nan
1.6379822104e-04,1.0580086611e-05,1.2256102192e+02,-2.9584520711e+01,-1.5398167251e+01,1.3000690672e+02,1.2864094992e+02,-2.1478095255e+01,1.2864094992e+02,2.1478095255e+01,0.0000000000e+00,nan,nan,nan,nan,nan,nan
1.0085260161e-04,5.8737541932e-05,2.8009676863e+01,-5.9386567853e+00,-2.2148194272e+01,4.4641933963e+01,2.8704773886e+01,-2.2843291295e+01,2.8704773887e+01,2.2843291295e+01,0.0000000000e+00,nan,nan,nan,nan,nan,nan
4.0537807635e-06,5.3507736595e-05,7.4227624814e+01,-9.4735114637e+00,-3.5523814916e+01,9.6453078473e+01,7.5039115770e+01,-3.6335305872e+01,7.5039115770e+01,3.6335305872e+01,0.0000000000e+00,nan,nan,nan,nan,nan,nan
-5.4472799209e-05,8.7038637664e-05,2.1888153155e+01,-1.1539793751e+00,-3.7001511213e+01,5.1038231599e+01,2.1910257724e+01,-3.7023615782e+01,2.1910256998e+01,3.7023615782e+01,0.0000000000e+00,nan,nan,nan,nan,nan,nan
-2.6102306182e-04,5.8189970111e-05,2.6350038378e+01,3.6917717300e+01,-1.3860505912e+01,7.2801343540e+01,4.8276641519e+01,-3.5787109061e+01,4.8276641520e+01,3.5787109060e+01,0.0000000000e+00,nan,nan,nan,nan,nan,nan
2.1887650141e-04,2.9821355727e-05,2.6878898130e+01,-1.3076424100e+01,-1.4160687203e+01,4.2144848443e+01,3.0691445057e+01,-1.7973234131e+01,3.0691447625e+01,1.7973234131e+01,0.0000000000e+00,nan,nan,nan,nan,nan,nan
2.9352224355e-04,4.6158585230e-05,-1.8041910935e+00,-8.5523991428e+00,-1.0121747653e+01,1.6469600246e+01,3.5457587619e+00,-1.5471697509e+01,3.5457591418e+00,1.5471697509e+01,0.0000000000e+00,nan,nan,nan,nan,nan,nan
-4.3652748168e-06,1.1347787652e-04,-1.6745914488e+01,-5.9057648412e+00,-3.4928158823e+01,1.8770057639e+01,-1.5000138824e+01,-3.6673934486e+01,3.1076744120e-04,3.6673934486e+01,0.0000000000e+00,nan,nan,nan,nan,nan,nan
-4.4103441358e-06,5.4931655342e-05,7.2407290570e+01,-8.4160077399e+00,-3.7446504268e+01,9.6246095881e+01,7.3048102517e+01,-3.8087316215e+01,7.3048102517e+01,3.8087316215e+01,0.0000000000e+00,nan,nan,nan,nan,nan,nan
2.1158916079e-04,3.1720859025e-05,2.7203668653e+01,-1.2639976325e+01,-1.4318483282e+01,4.2099914012e+01,3.0748989373e+01,-1.7863804002e+01,3.0748989949e+01,1.7863804002e+01,0.0000000000e+00,nan,nan,nan,nan,nan,nan
8.3072067112e-07,1.1401896547e-04,-1.7938665213e+01,-6.3294447355e+00,-3.5155781238e+01,1.8497006190e+01,-1.5867971722e+01,-3.7226474728e+01,2.8236254961e-04,3.7226474728e+01,0.0000000000e+00,nan,nan,nan,nan,nan,nan
-1.3081047018e-04,9.0609494514e-05,1.6490738976e+01,1.2262379799e+01,-3.2386317837e+01,4.7356611072e+01,1.9393562720e+01,-3.5289141581e+01,1.9393562793e+01,3.5289141581e+01,0.0000000000e+00,nan,nan,nan,nan,nan,nan
-4.6657988342e-05,7.7561604163e-05,3.5272584796e+01,-2.5965095483e+00,-3.8617202934e+01,6.4147592187e+01,3.5363320548e+01,-3.8707938686e+01,3.5363320554e+01,3.8707938686e+01,0.0000000000e+00,nan,nan,nan,nan,nan,nan
-1.4125192958e-05,5.4585036288e-05,7.3765290255e+01,-7.3399801873e+00,-3.9305235921e+01,9.8743382640e+01,7.4239545715e+01,-3.9779491381e+01,7.4239545715e+01,3.9779491381e+01,0.0000000000e+00,nan,nan,nan,nan,nan,nan
2.0368159467e-04,3.0750711324e-05,2.9860192180e+01,-1.2878360891e+01,-1.4532014631e+01,4.4447752175e+01,3.3326010458e+01,-1.7997832908e+01,3.3326010645e+01,1.7997832908e+01,0.0000000000e+00,nan,nan,nan,nan,nan,nan
2.2213730101e-04,4.4447673956e-05,2.1168364003e+01,-1.2005818214e+01,-1.3408878340e+01,3.6457256881e+01,2.4928349906e+01,-1.7168864242e+01,2.4935165478e+01,1.7168864242e+01,0.0000000000e+00,nan,nan,nan,nan,nan,nan
-3.3889418263e-04,2.2322439015e-06,2.1871944509e+02,8.8819276347e+01,1.4175988582e+01,2.3458489607e+02,2.5188536973e+02,-1.8989936061e+01,2.5188536973e+02,1.8989936062e+01,0.0000000000e+00,nan,nan,nan,nan,nan,nan
8.6325584901e-05,5.3835597193e-05,3.9535496124e+01,-8.7369694341e+00,-2.1565408737e+01,5.5038720537e+01,4.0761663811e+01,-2.2791576424e+01,4.0761663811e+01,2.2791576424e+01,0.0000000000e+00,nan,nan,nan,nan,nan,nan
8.5626267400e-06,1.1497832904e-04,-1.9728043802e+01,-6.7530142130e+00,-3.5440815626e+01,1.7928142996e+01,-1.7233611529e+01,-3.7935247898e+01,-6.1921025168e-07,3.7935247898e+01,0.0000000000e+00,nan,nan,nan,nan,nan,nan
1.9974142127e-04,3.0268916370e-05,3.1446192719e+01,-1.3052241071e+01,-1.4656936683e+01,4.5883173613e+01,3.4885290655e+01,-1.8096034619e+01,3.4885290603e+01,1.8096034619e+01,0.0000000000e+00,nan,nan,nan,nan,nan,nan
2.1816550027e-04,4.3912785574e-05,2.1234975770e+01,-1.1625530032e+01,-1.3598535955e+01,3.6268437479e+01,2.4757812049e+01,-1.7121372234e+01,2.4755556106e+01,1.7121372234e+01,0.0000000000e+00,nan,nan,nan,nan,nan,nan
2.1752616613e-04,4.0948015817e-05,2.1796955381e+01,-1.1580085263e+01,-1.3908473825e+01,3.6857010677e+01,2.5223645814e+01,-1.7335164258e+01,2.5224154519e+01,1.7335164258e+01,0.0000000000e+00,nan,nan,nan,nan,nan,nan
1.3554983972e-04,8.0256364871e-06,2.0376805963e+02,-4.2250146069e+01,-1.4677364380e+01,2.0284248013e+02,2.1165650813e+02,-2.2565812880e+01,2.1165650813e+02,2.2565812880e+01,0.0000000000e+00,nan,nan,nan,nan,nan,nan
-5.5712577572e-05,7.7474313546e-05,3.5477360549e+01,-1.1092266995e+00,-3.8593970275e+01,6.4175634777e+01,3.5493515151e+01,-3.8610124877e+01,3.5493515151e+01,3.8610124877e+01,0.0000000000e+00,nan,nan,nan,nan,nan,nan
8.0334120380e-05,5.5148171922e-05,4.0109360479e+01,-8.7232769057e+00,-2.1557637660e+01,5.5503764383e+01,4.1320974717e+01,-2.2769251898e+01,4.1320974717e+01,2.2769251898e+01,0.0000000000e+00,nan,nan,nan,nan,nan,nan
2.1355550702e-04,4.0409683502e-05,2.2220654175e+01,-1.1413312329e+01,-1.4069680942e+01,3.7128465933e+01,2.5511616417e+01,-1.7360643184e+01,2.5511462293e+01,1.7360643184e+01,0.0000000000e+00,nan,nan,nan,nan,nan,nan
-3.0452414330e-05,5.4185536535e-05,7.5041987012e+01,-5.1546790227e+00,-4.1379588162e+01,1.0121807437e+02,7.5269481910e+01,-4.1607083060e+01,7.5269481910e+01,4.1607083060e+01,0.0000000000e+00,nan,nan,nan,nan,nan,nan
7.7018018312e-05,5.4633227638e-05,4.2310162824e+01,-9.2466455788e+00,-2.1445019598e+01,5.7491844331e+01,4.3625503414e+01,-2.2760360188e+01,4.3625503414e+01,2.2760360188e+01,0.0000000000e+00,nan,nan,nan,nan,nan,nan
2.6882690482e-05,3.0524851260e-06,2.1193432295e+02,-1.4448603450e+01,-3.9124731655e+01,2.1885804220e+02,2.1276254522e+02,-3.9952953932e+01,2.1276254522e+02,3.9952953932e+01,0.0000000000e+00,nan,nan,nan,nan,nan,nan
-4.0301282632e-05,5.4034452615e-05,7.5382763174e+01,-3.6176961553e+00,-4.2139723135e+01,1.0196959540e+02,7.5493693372e+01,-4.2250653332e+01,7.5493693372e+01,4.2250653332e+01,0.0000000000e+00,nan,nan,nan,nan,nan,nan
2.2276328074e-04,4.7488354609e-05,1.3961354490e+01,-1.0062302672e+01,-1.3730747727e+01,2.9663107128e+01,1.7241306267e+01,-1.7010699504e+01,1.7210903042e+01,1.7010699504e+01,0.0000000000e+00,nan,nan,nan,nan,nan,nan
-6.4772150019e-05,7.7448168265e-05,3.5556276862e+01,4.9194828839e-01,-3.8447866714e+01,6.4094248207e+01,3.5559036530e+01,-3.8450626382e+01,3.5559036528e+01,3.8450626382e+01,0.0000000000e+00,nan,nan,nan,nan,nan,nan
-3.4662907734e-04,2.5174011262e-06,1.6898974463e+02,7.9797866830e+01,1.2917615582e+01,1.9329050449e+02,2.0255000490e+02,-2.0642644693e+01,2.0255000490e+02,2.0642644711e+01,0.0000000000e+00,nan,nan,nan,nan,nan,nan
1.9841860718e-04,4.1101298449e-05,2.3409952369e+01,-1.0848464170e+01,-1.4590954416e+01,3.7896274430e+01,2.6288923220e+01,-1.7469925267e+01,2.6288914187e+01,1.7469925267e+01,0.0000000000e+00,nan,nan,nan,nan,nan,nan
1.6675063516e-04,1.1489090544e-04,-8.2135834348e+00,-1.0430306443e+00,-1.6557240730e+01,7.4430933289e+00,-8.0881401451e+00,-1.6682684019e+01,5.5169609410e-07,1.6682684019e+01,0.0000000000e+00,nan,nan,nan,nan,nan,nan
1.8031486656e-05,1.1427933253e-04,-1.8470681307e+01,-6.8915517537e+00,-3.5475427873e+01,1.8938236197e+01,-1.6039058824e+01,-3.7907050357e+01,3.2266480519e-04,3.7907050357e+01,0.0000000000e+00,nan,nan,nan,nan,nan,nan
1.9058198946e-04,3.9956136006e-05,2.5224843311e+01,-1.0788963731e+01,-1.4980426932e+01,3.9516745731e+01,2.7937211975e+01,-1.7692795596e+01,2.7937211992e+01,1.7692795596e+01,0.0000000000e+00,nan,nan,nan,nan,nan,nan
2.6855325858e-04,8.1396645899e-05,-2.9875056150e+00,-7.3252437807e+00,-1.0310924635e+01,1.4183365426e+01,1.5395547216e+00,-1.4837984972e+01,1.5394658147e+00,1.4837984972e+01,0.0000000000e+00,nan,nan,nan,nan,nan,nan
2.3380705869e-04,1.0623831546e-04,-3.5926569648e+00,-5.9154654588e+00,-1.1633746695e+01,1.2387737414e+01,-4.6113829934e-01,-1.4765265361e+01,5.0253539916e-03,1.4765265361e+01,0.0000000000e+00,nan,nan,nan,nan,nan,nan
6.7224581407e-05,5.3229842334e-05,4.9256894739e+01,-1.0923984559e+01,-2.1081748729e+01,6.3788017789e+01,5.0915602247e+01,-2.2740456237e+01,5.0915602247e+01,2.2740456237e+01,0.0000000000e+00,nan,nan,nan,nan,nan,nan
1.5942642726e-04,1.1572506046e-04,-8.8138744561e+00,-7.2920830250e-01,-1.6960265720e+01,7.1708350302e+00,-8.7469865528e+00,-1.7027153623e+01,-2.4303330427e-07,1.7027153623e+01,0.0000000000e+00,nan,nan,nan,nan,nan,nan
1.1225598738e-04,7.8805625250e-06,2.3694822459e+02,-4.5696918537e+01,-1.4701824475e+01,2.3186135967e+02,2.4498841848e+02,-2.2742018363e+01,2.4498841848e+02,2.2742018363e+01,0.0000000000e+00,nan,nan,nan,nan,nan,nan
-7.0810296706e-05,7.7461493165e-05,3.5538640312e+01,1.6066465926e+00,-3.8289722763e+01,6.3996815201e+01,3.5573037258e+01,-3.8324119709e+01,3.5573037257e+01,3.8324119709e+01,0.0000000000e+00,nan,nan,nan,nan,nan,nan
-2.1146584060e-04,5.8360867384e-05,5.0462619804e+01,3.2918516226e+01,-2.6569630888e+01,8.7753813638e+01,6.2611182384e+01,-3.8718193468e+01,6.2611182384e+01,3.8718193468e+01,0.0000000000e+00,nan,nan,nan,nan,nan,nan
-3.5122284141e-04,1.6346313424e-05,5.9245056230e+01,3.6641239357e+01,1.7206760762e+00,8.0664986923e+01,7.7054818068e+01,-1.6089085761e+01,7.7054818068e+01,1.6089090527e+01,0.0000000000e+00,nan,nan,nan,nan,nan,nan
1.6652205571e-04,3.3934772682e-05,3.7469198070e+01,-1.2005941776e+01,-1.6876108376e+01,5.1454185231e+01,4.0003632541e+01,-1.9410542847e+01,4.0003632541e+01,1.9410542847e+01,0.0000000000e+00,nan,nan,nan,nan,nan,nan
1.5942445272e-04,3.5551607487e-05,3.7677576475e+01,-1.1449453157e+01,-1.7682823805e+01,5.1883426789e+01,3.9952286758e+01,-1.9957534088e+01,3.9952286758e+01,1.9957534088e+01,0.0000000000e+00,nan,nan,nan,nan,nan,nan
-3.5437295627e-04,2.9025163865e-06,1.2303100827e+02,6.9412973322e+01,1.1967450882e+01,1.5393654736e+02,1.5637453663e+02,-2.1376077482e+01,1.5637453663e+02,2.1376076076e+01,0.0000000000e+00,nan,nan,nan,nan,nan,nan
-7.6845847690e-05,7.7495975537e-05,3.5465501833e+01,2.7497956426e+00,-3.8087102470e+01,6.3875210683e+01,3.5567569764e+01,-3.8189170401e+01,3.5567569764e+01,3.8189170401e+01,0.0000000000e+00,nan,nan,nan,nan,nan,nan
-1.3246597031e-04,7.6891965080e-05,3.3981317687e+01,1.3805672340e+01,-3.4705083069e+01,6.4108826558e+01,3.6651365580e+01,-3.7375130962e+01,3.6651365580e+01,3.7375130962e+01,0.0000000000e+00,nan,nan,nan,nan,nan,nan
-2.2648274026e-04,7.3267567993e-05,1.4832184619e+01,2.8208706626e+01,-2.1771501448e+01,5.8236674500e+01,3.0153301284e+01,-3.7092618114e+01,3.0153301284e+01,3.7092618114e+01,0.0000000000e+00,nan,nan,nan,nan,nan,nan
1.3918691437e-04,3.0675967197e-05,5.4827249599e+01,-1.3965540496e+01,-2.0487284566e+01,6.9566420805e+01,5.7334174295e+01,-2.2994209262e+01,5.7334174295e+01,2.2994209262e+01,0.0000000000e+00,nan,nan,nan,nan,nan,nan
1.3673498202e-05,1.1572316802e-04,-2.0945573686e+01,-6.8989844246e+00,-3.5512251281e+01,1.7355926781e+01,-1.8208463485e+01,-3.8249361483e+01,-7.9096201975e-05,3.8249361483e+01,0.0000000000e+00,nan,nan,nan,nan,nan,nan
1.3141402705e-04,2.9876149714e-05,6.1539603233e+01,-1.5594248666e+01,-2.0049902618e+01,7.5647426329e+01,6.4419912262e+01,-2.2930211647e+01,6.4419912262e+01,2.2930211647e+01,0.0000000000e+00,nan,nan,nan,nan,nan,nan
2.5093736442e-04,9.2140413612e-05,-3.4063516691e+00,-6.4497005888e+00,-1.1198154274e+01,1.3050087724e+01,2.3221868910e-01,-1.4836724632e+01,2.0419574863e-01,1.4836724632e+01,0.0000000000e+00,nan,nan,nan,nan,nan,nan
1.1694279191e-04,3.0718369217e-05,6.9646263753e+01,-1.7467935832e+01,-1.9590059010e+01,8.2995011515e+01,7.2945294611e+01,-2.2889089868e+01,7.2945294611e+01,2.2889089868e+01,0.0000000000e+00,nan,nan,nan,nan,nan,nan
1.9123442318e-04,2.6629760524e-05,3.8655836052e+01,-1.4424401522e+01,-1.4949328392e+01,5.2720063064e+01,4.2291196431e+01,-1.8584688772e+01,4.2291196432e+01,1.8584688772e+01,0.0000000000e+00,nan,nan,nan,nan,nan,nan
-4.5127204902e-05,5.2238578195e-05,7.8871058799e+01,-2.7970106619e+00,-4.2702787686e+01,1.0539683333e+02,7.8935025652e+01,-4.2766754540e+01,7.8935025652e+01,4.2766754540e+01,0.0000000000e+00,nan,nan,nan,nan,nan,nan
1.0952612140e-04,3.0068266907e-05,7.8065581705e+01,-1.9481942419e+01,-1.9105626507e+01,9.0668980267e+01,8.1827737764e+01,-2.2867782566e+01,8.1827737764e+01,2.2867782566e+01,0.0000000000e+00,nan,nan,nan,nan,nan,nan
8.0211625410e-05,2.6341389260e-05,1.2772514071e+02,-3.0596676560e+01,-1.6602894654e+01,1.3576497084e+02,1.3394506549e+02,-2.2822819429e+01,1.3394506549e+02,2.2822819429e+01,0.0000000000e+00,nan,nan,nan,nan,nan,nan
-3.9818835273e-05,2.5773878199e-05,1.3977877794e+02,-3.3617037531e+00,-4.7145268950e+01,1.6198508512e+02,1.3983888699e+02,-4.7205378005e+01,1.3983888699e+02,4.7205378005e+01,0.0000000000e+00,nan,nan,nan,nan,nan,nan
-3.2494705877e-05,2.5812895544e-05,1.3988787144e+02,-4.7309829402e+00,-4.6442920595e+01,1.6157454256e+02,1.4000758107e+02,-4.6562630219e+01,1.4000758107e+02,4.6562630220e+01,0.0000000000e+00,nan,nan,nan,nan,nan,nan
8.9280576883e-05,7.8491460989e-06,2.1960262880e+02,-3.6218170148e+01,-1.8750816281e+01,2.1573649159e+02,2.2498142775e+02,-2.4129615236e+01,2.2498142775e+02,2.4129615236e+01,0.0000000000e+00,nan,nan,nan,nan,nan,nan
5.9561532194e-05,2.5728180373e-05,1.4074278732e+02,-2.8382662321e+01,-2.0629784174e+01,1.4814277961e+02,1.4558677526e+02,-2.5473772110e+01,1.4558677526e+02,2.5473772110e+01,0.0000000000e+00,nan,nan,nan,nan,nan,nan
-2.1522726420e-05,2.5892655664e-05,1.3995744618e+02,-6.7717482667e+00,-4.5068796711e+01,1.6066551373e+02,1.4020460234e+02,-4.5315952869e+01,1.4020460234e+02,4.5315952869e+01,0.0000000000e+00,nan,nan,nan,nan,nan,nan
-8.5884622004e-05,7.7589929773e-05,3.5238835580e+01,4.5012866418e+00,-3.7704205452e+01,6.3648697447e+01,3.5514907668e+01,-3.7980277541e+01,3.5514907669e+01,3.7980277541e+01,0.0000000000e+00,nan,nan,nan,nan,nan,nan
-8.4744312550e-06,2.4421703027e-05,1.4420235326e+02,-9.2027521154e+00,-4.3171679594e+01,1.6305096797e+02,1.4465285708e+02,-4.3622183419e+01,1.4465285708e+02,4.3622183419e+01,0.0000000000e+00,nan,nan,nan,nan,nan,nan
-1.4224429082e-05,2.5960802693e-05,1.3991893701e+02,-8.1366285199e+00,-4.3917282354e+01,1.5982873527e+02,1.4027799066e+02,-4.4276336004e+01,1.4027799066e+02,4.4276336004e+01,0.0000000000e+00,nan,nan,nan,nan,nan,nan
4.9103854547e-05,2.5461051097e-05,1.4120917398e+02,-2.4009201771e+01,-2.5144044679e+01,1.4994442209e+02,1.4460301711e+02,-2.8537887809e+01,1.4460301711e+02,2.8537887809e+01,0.0000000000e+00,nan,nan,nan,nan,nan,nan
-1.0400130709e-04,8.7582771319e-05,2.1583376644e+01,7.7717334218e+00,-3.4817168243e+01,5.0663732597e+01,2.2633823853e+01,-3.5867615453e+01,2.2633823771e+01,3.5867615453e+01,0.0000000000e+00,nan,nan,nan,nan,nan,nan
4.2057653369e-05,2.5291368819e-05,1.4167653211e+02,-2.1491743519e+01,-2.8024510086e+01,1.5160379389e+02,1.4435450222e+02,-3.0702480200e+01,1.4435450222e+02,3.0702480200e+01,0.0000000000e+00,nan,nan,nan,nan,nan,nan
1.3389547297e-05,2.4716690316e-05,1.4356427478e+02,-1.3696432065e+01,-3.7935059329e+01,1.5896209518e+02,1.4459141617e+02,-3.8962200717e+01,1.4459141617e+02,3.8962200717e+01,0.0000000000e+00,nan,nan,nan,nan,nan,nan
3.1617183677e-07,2.6137355080e-05,1.3956988510e+02,-1.0940790452e+01,-4.0988864357e+01,1.5751174693e+02,1.4022995986e+02,-4.1648939116e+01,1.4022995986e+02,4.1648939116e+01,0.0000000000e+00,nan,nan,nan,nan,nan,nan
3.6125048491e-05,2.6832591674e-05,1.3689959427e+02,-1.9568367713e+01,-2.9818746892e+01,1.4830494715e+02,1.3916432485e+02,-3.2083477466e+01,1.3916432485e+02,3.2083477466e+01,0.0000000000e+00,nan,nan,nan,nan,nan,nan
1.8339634253e-05,2.6439424382e-05,1.3853095941e+02,-1.4814869440e+01,-3.6074927051e+01,1.5337365903e+02,1.3977833951e+02,-3.7322307152e+01,1.3977833951e+02,3.7322307152e+01,0.0000000000e+00,nan,nan,nan,nan,nan,nan
2.4122209606e-04,1.0442788713e-04,-3.3852378961e+00,-6.2794163401e+00,-1.1203940219e+01,1.2811153922e+01,1.0193410813e-01,-1.4691112223e+01,7.0485200929e-02,1.4691112223e+01,0.0000000000e+00,nan,nan,nan,nan,nan,nan
1.8339364926e-04,2.5764018428e-05,4.3231175156e+01,-1.4944887028e+01,-1.5384265971e+01,5.6982256924e+01,4.6822175966e+01,-1.8975266782e+01,4.6822175966e+01,1.8975266782e+01,0.0000000000e+00,nan,nan,nan,nan,nan,nan
3.6081095633e-05,1.2041029447e-04,-2.6121995335e+01,-7.5250226442e+00,-3.5909977252e+01,1.5467865126e+01,-2.2085610199e+01,-3.9946362388e+01,1.6567466701e-05,3.9946362388e+01,0.0000000000e+00,nan,nan,nan,nan,nan,nan
8.1628023558e-05,7.8227161640e-06,2.1473498572e+02,-3.2826687135e+01,-2.0853586703e+01,2.1179573553e+02,2.1922102443e+02,-2.5339625410e+01,2.1922102443e+02,2.5339625410e+01,0.0000000000e+00,nan,nan,nan,nan,nan,nan
2.4465780350e-04,1.0160645528e-04,-3.3729812735e+00,-6.3806448309e+00,-1.1110841687e+01,1.2923832801e+01,2.1966686604e-01,-1.4703489827e+01,1.8797578701e-01,1.4703489827e+01,0.0000000000e+00,nan,nan,nan,nan,nan,nan
3.1188842078e-05,1.1916734962e-04,-2.5163730651e+01,-7.5092266274e+00,-3.5532271942e+01,1.5742579061e+01,-2.1259019038e+01,-3.9436983555e+01,1.1385760207e-05,3.9436983555e+01,0.0000000000e+00,nan,nan,nan,nan,nan,nan
-9.4896517896e-05,7.7731921916e-05,3.4862124967e+01,6.2773133601e+00,-3.7231932818e+01,6.3373680332e+01,3.5403907474e+01,-3.7773715325e+01,3.5403907474e+01,3.7773715325e+01,0.0000000000e+00,nan,nan,nan,nan,nan,nan
1.7164382743e-04,2.4528548802e-05,5.1143143905e+01,-1.5837101364e+01,-1.6244068874e+01,6.4485331023e+01,5.4680160740e+01,-1.9781085710e+01,5.4680160740e+01,1.9781085710e+01,0.0000000000e+00,nan,nan,nan,nan,nan,nan
2.4410427630e-04,9.7827551303e-05,-3.5142055086e+00,-6.2121551555e+00,-1.1383696803e+01,1.2735692354e+01,-9.5995746865e-02,-1.4801906565e+01,-3.1373307702e-02,1.4801906565e+01,0.0000000000e+00,nan,nan,nan,nan,nan,nan
1.4067971531e-04,1.0824168440e-04,-7.4240257950e+00,-5.9143267248e-01,-1.6970959970e+01,8.3394553511e+00,-7.3827060904e+00,-1.7012279674e+01,-6.6661264704e-06,1.7012279674e+01,0.0000000000e+00,nan,nan,nan,nan,nan,nan
-1.1281283255e-04,7.8146071631e-05,3.3611379581e+01,9.8287539607e+00,-3.6035797073e+01,6.2671197678e+01,3.4971024104e+01,-3.7395441596e+01,3.4971024104e+01,3.7395441596e+01,0.0000000000e+00,nan,nan,nan,nan,nan,nan
5.8581412589e-05,7.7208240793e-06,2.0500452339e+02,-2.4233128307e+01,-2.8079718441e+01,2.0617207720e+02,2.0749590675e+02,-3.0571101796e+01,2.0749590675e+02,3.0571101796e+01,0.0000000000e+00,nan,nan,nan,nan,nan,nan
-2.3135243339e-04,7.1972803909e-05,1.4522703152e+01,2.9011317191e+01,-2.0882160676e+01,5.8859776693e+01,3.0802979156e+01,-3.7162436680e+01,3.0802979156e+01,3.7162436680e+01,0.0000000000e+00,nan,nan,nan,nan,nan,nan
3.2746430480e-05,4.9740656026e-05,7.5609897376e+01,-1.4569412844e+01,-2.4848270012e+01,9.0583004906e+01,7.7678935949e+01,-2.6917308584e+01,7.7678935949e+01,2.6917308584e+01,0.0000000000e+00,nan,nan,nan,nan,nan,nan
2.6425097698e-05,4.9311817003e-05,7.8426262621e+01,-1.3388421358e+01,-2.7972299891e+01,9.5015526025e+01,8.0084220893e+01,-2.9630258163e+01,8.0084220893e+01,2.9630258163e+01,0.0000000000e+00,nan,nan,nan,nan,nan,nan
-1.0386894499e-04,7.7916120268e-05,3.4327412726e+01,8.0578126277e+00,-3.6675551662e+01,6.3053010670e+01,3.5229603215e+01,-3.7577742152e+01,3.5229603216e+01,3.7577742152e+01,0.0000000000e+00,nan,nan,nan,nan,nan,nan
1.6448283735e-04,2.6217826692e-05,5.1224318036e+01,-1.5209459270e+01,-1.6980393438e+01,6.4676290288e+01,5.4462835907e+01,-2.0218911309e+01,5.4462835907e+01,2.0218911309e+01,0.0000000000e+00,nan,nan,nan,nan,nan,nan
-8.9147514377e-05,9.1158294868e-05,1.7390577931e+01,5.0491895658e+00,-3.4995595955e+01,4.6201578068e+01,1.7871984523e+01,-3.5477002547e+01,1.7871980327e+01,3.5477002547e+01,0.0000000000e+00,nan,nan,nan,nan,nan,nan
3.1510102914e-05,7.5967258217e-06,1.9841179237e+02,-1.6538762376e+01,-3.6728726242e+01,2.0564136605e+02,1.9956863111e+02,-3.7885564982e+01,1.9956863111e+02,3.7885564982e+01,0.0000000000e+00,nan,nan,nan,nan,nan,nan
1.6794170416e-05,4.8750689392e-05,8.1895563757e+01,-1.1890523165e+01,-3.2016681859e+01,1.0077687571e+02,8.3122997270e+01,-3.3244115373e+01,8.3122997270e+01,3.3244115373e+01,0.0000000000e+00,nan,nan,nan,nan,nan,nan
1.5664942411e-04,2.5422706329e-05,5.7196971833e+01,-1.5934261425e+01,-1.7810323940e+01,7.0579308459e+01,6.0442306685e+01,-2.1055658792e+01,6.0442306685e+01,2.1055658792e+01,0.0000000000e+00,nan,nan,nan,nan,nan,nan
-8.0761390329e-05,8.7113637871e-05,2.2346371906e+01,3.4966162846e+00,-3.6122985010e+01,5.0995634203e+01,2.2554036583e+01,-3.6330649686e+01,2.2554036472e+01,3.6330649686e+01,0.0000000000e+00,nan,nan,nan,nan,nan,nan
1.4880397711e-04,2.4680831559e-05,6.3988082778e+01,-1.6881799295e+01,-1.8726897301e+01,7.7372768367e+01,6.7301781383e+01,-2.2040595906e+01,6.7301781383e+01,2.2040595906e+01,0.0000000000e+00,nan,nan,nan,nan,nan,nan
-1.3208471050e-04,3.5598290265e-05,1.1374787036e+02,1.6193456985e+01,-4.4237954943e+01,1.3966380032e+02,1.1538989042e+02,-4.5879975001e+01,1.1538989041e+02,4.5879975002e+01,0.0000000000e+00,nan,nan,nan,nan,nan,nan
8.1692204675e-06,7.5060684532e-06,1.9473957864e+02,-1.1329750512e+01,-4.3006658394e+01,2.0682656318e+02,1.9527783205e+02,-4.3544911805e+01,1.9527783205e+02,4.3544911805e+01,0.0000000000e+00,nan,nan,nan,nan,nan,nan
1.4417305069e-04,2.2046996530e-05,7.6605643254e+01,-1.9492520633e+01,-1.8976065401e+01,8.9399153487e+01,8.0429414257e+01,-2.2799836405e+01,8.0429414257e+01,2.2799836405e+01,0.0000000000e+00,nan,nan,nan,nan,nan,nan
4.3505079823e-07,4.8023328083e-05,8.5881297714e+01,-9.6842854501e+00,-3.7146600144e+01,1.0785704054e+02,8.6638640176e+01,-3.7903942607e+01,8.6638640176e+01,3.7903942607e+01,0.0000000000e+00,nan,nan,nan,nan,nan,nan
3.7007773040e-07,7.4812730712e-06,1.9376180174e+02,-9.7805664595e+00,-4.4730229879e+01,2.0723305310e+02,1.9416184493e+02,-4.5130273062e+01,1.9416184493e+02,4.5130273063e+01,0.0000000000e+00,nan,nan,nan,nan,nan,nan
3.4442133482e-04,4.9260511955e-05,-2.5885720843e+00,-1.2679972602e+01,1.2618255882e+00,2.2209092639e+01,1.2159052366e+01,-1.3485798862e+01,1.2159052366e+01,1.3485798862e+01,0.0000000000e+00,nan,nan,nan,nan,nan,nan
-1.1811119256e-04,3.5486962814e-05,1.1407045527e+02,1.2826139514e+01,-4.5245358738e+01,1.3974755228e+02,1.1509583519e+02,-4.6270738666e+01,1.1509583519e+02,4.6270738666e+01,0.0000000000e+00,nan,nan,nan,nan,nan,nan
3.0021524295e-04,3.9958239957e-05,-1.4938706535e+00,-9.0316647477e+00,-9.7052576445e+00,1.7181577093e+01,4.3202240108e+00,-1.5519352309e+01,4.3202241536e+00,1.5519352309e+01,0.0000000000e+00,nan,nan,nan,nan,nan,nan
3.0355514592e-04,3.6825361964e-05,-1.3424449680e+00,-9.2799865976e+00,-9.4809051328e+00,1.7548510145e+01,4.7199620059e+00,-1.5543312107e+01,4.7199619786e+00,1.5543312107e+01,0.0000000000e+00,nan,nan,nan,nan,nan,nan
-1.9155823162e-05,7.4316641707e-06,1.9174390377e+02,-6.1539484447e+00,-4.8162176353e+01,2.0803748772e+02,1.9190136324e+02,-4.8319635828e+01,1.9190136324e+02,4.8319635828e+01,0.0000000000e+00,nan,nan,nan,nan,nan,nan
3.4395713840e-04,4.5295234220e-05,-2.1303562351e+00,-1.2945432462e+01,9.3151115514e-01,2.2573354433e+01,1.2433309719e+01,-1.3632154799e+01,1.2433309719e+01,1.3632154799e+01,0.0000000000e+00,nan,nan,nan,nan,nan,nan
-1.0054722505e-04,3.5385378101e-05,1.1447621164e+02,8.7913286396e+00,-4.6142573842e+01,1.3993001475e+02,1.1495545058e+02,-4.6621812784e+01,1.1495545058e+02,4.6621812784e+01,0.0000000000e+00,nan,nan,nan,nan,nan,nan
1.3634560630e-04,2.1478822591e-05,8.7272771716e+01,-2.1851745164e+01,-1.8587336235e+01,9.9186825270e+01,9.1608258010e+01,-2.2922822529e+01,9.1608258010e+01,2.2922822529e+01,0.0000000000e+00,nan,nan,nan,nan,nan,nan
-3.0884063495e-05,7.4098690583e-06,1.9081307365e+02,-4.0795752442e+00,-4.9645521221e+01,2.0836263957e+02,1.9088200226e+02,-4.9714449831e+01,1.9088200226e+02,4.9714449831e+01,0.0000000000e+00,nan,nan,nan,nan,nan,nan
3.4728970137e-04,4.1814527025e-05,-1.9677129030e+00,-1.3362464637e+01,1.9084676477e+00,2.3381056886e+01,1.3469436860e+01,-1.3528682115e+01,1.3469436860e+01,1.3528682115e+01,0.0000000000e+00,nan,nan,nan,nan,nan,nan
-1.1251585550e-04,5.4213989002e-05,7.3200640689e+01,1.0988451958e+01,-4.1221584846e+01,1.0090253618e+02,7.4245634345e+01,-4.2266578501e+01,7.4245634345e+01,4.2266578501e+01,0.0000000000e+00,nan,nan,nan,nan,nan,nan
1.3708765169e-05,1.4719794847e-06,2.1369746642e+02,-1.1365013973e+01,-4.2891760646e+01,2.2308226552e+02,2.1419945894e+02,-4.3393753165e+01,2.1419945894e+02,4.3393753165e+01,0.0000000000e+00,nan,nan,nan,nan,nan,nan
-7.1992351012e-05,8.7031008435e-05,2.2331857948e+01,1.8985428140e+00,-3.6489634880e+01,5.1045844337e+01,2.2392443503e+01,-3.6550220435e+01,2.2392444324e+01,3.6550220435e+01,0.0000000000e+00,nan,nan,nan,nan,nan,nan
-8.6144896142e-05,3.8629364069e-05,1.0708293251e+02,5.5717050222e+00,-4.5851651261e+01,1.3279553888e+02,1.0728518074e+02,-4.6053899497e+01,1.0728518074e+02,4.6053899497e+01,0.0000000000e+00,nan,nan,nan,nan,nan,nan
1.2100420695e-04,2.0557384996e-05,1.1141059102e+02,-2.7166770334e+01,-1.7396758207e+01,1.2107265390e+02,1.1690824573e+02,-2.2894412912e+01,1.1690824573e+02,2.2894412912e+01,0.0000000000e+00,nan,nan,nan,nan,nan,nan
-5.4352296652e-05,7.3805938156e-06,1.8960968312e+02,-5.2951264129e-03,-5.1499145366e+01,2.0880595367e+02,1.8960944244e+02,-5.1498904681e+01,1.8960944244e+02,5.1498904682e+01,0.0000000000e+00,nan,nan,nan,nan,nan,nan
3.0486844993e-04,6.2286392631e-06,1.8403414515e+01,-1.9791628707e+01,-6.5436137909e+00,4.0517851593e+01,2.9322892886e+01,-1.7463092162e+01,2.9322892885e+01,1.7463092162e+01,0.0000000000e+00,nan,nan,nan,nan,nan,nan
-6.2174388364e-05,7.3761967919e-06,1.8941054046e+02,1.3554869609e+00,-5.1837756237e+01,2.0893992795e+02,1.8941791575e+02,-5.1845131534e+01,1.8941791575e+02,5.1845131534e+01,0.0000000000e+00,nan,nan,nan,nan,nan,nan
-4.4689507679e-05,4.5382227980e-05,9.2971457743e+01,-2.8110018590e+00,-4.3883585453e+01,1.1861930130e+02,9.3028821680e+01,-4.3940949390e+01,9.3028821680e+01,4.3940949390e+01,0.0000000000e+00,nan,nan,nan,nan,nan,nan
-7.2186844690e-05,3.8605005023e-05,1.0745595547e+02,2.6372871062e+00,-4.5978823714e+01,1.3295618085e+02,1.0750085268e+02,-4.6023720927e+01,1.0750085268e+02,4.6023720927e+01,0.0000000000e+00,nan,nan,nan,nan,nan,nan
3.1022091522e-04,3.0490621803e-05,-1.0753824574e+00,-9.7957087548e+00,-9.0055638171e+00,1.8301702415e+01,5.5260196787e+00,-1.5606965953e+01,5.5260196842e+00,1.5606965953e+01,0.0000000000e+00,nan,nan,nan,nan,nan,nan
-7.7817980841e-05,7.3686956021e-06,1.8935231859e+02,4.1114598664e+00,-5.2176077570e+01,2.0929047644e+02,1.8942203342e+02,-5.2245792400e+01,1.8942203342e+02,5.2245792400e+01,0.0000000000e+00,nan,nan,nan,nan,nan,nan
1.0975296144e-04,2.0050550548e-05,1.3024831258e+02,-3.1059717461e+01,-1.6578891637e+01,1.3807153534e+02,1.3655034857e+02,-2.2880927622e+01,1.3655034857e+02,2.2880927622e+01,0.0000000000e+00,nan,nan,nan,nan,nan,nan
-5.4895355589e-05,4.5318679938e-05,9.2956271698e+01,-9.3255161422e-01,-4.4353019637e+01,1.1892364433e+02,9.2962224096e+01,-4.4358972035e+01,9.2962224096e+01,4.4358972035e+01,0.0000000000e+00,nan,nan,nan,nan,nan,nan
1.0306733129e-04,2.1671728912e-05,1.2831311726e+02,-3.0681466826e+01,-1.6637258273e+01,1.3631915147e+02,1.3454182829e+02,-2.2865969305e+01,1.3454182829e+02,2.2865969305e+01,0.0000000000e+00,nan,nan,nan,nan,nan,nan
-8.5637655222e-05,7.3667688256e-06,1.8949640598e+02,5.5139965455e+00,-5.2197819161e+01,2.0953065319e+02,1.8962187243e+02,-5.2323285617e+01,1.8962187243e+02,5.2323285617e+01,0.0000000000e+00,nan,nan,nan,nan,nan,nan
-5.8211130681e-05,3.8619970219e-05,1.0774179443e+02,-1.6011378984e-01,-4.5745812543e+01,1.3292379985e+02,1.0774158256e+02,-4.5745600680e+01,1.0774158256e+02,4.5745600680e+01,0.0000000000e+00,nan,nan,nan,nan,nan,nan
-3.5308505052e-04,1.2791752723e-05,6.1972388509e+01,3.7202172374e+01,8.6742892313e-01,8.3366558593e+01,7.9551613762e+01,-1.6711796329e+01,7.9551613762e+01,1.6711762477e+01,0.0000000000e+00,nan,nan,nan,nan,nan,nan
3.4961119028e-04,3.0422409676e-05,-7.8265637187e-01,-1.4123826712e+01,2.0031958932e+00,2.4576151418e+01,1.4799317398e+01,-1.3578777876e+01,1.4799317398e+01,1.3578777887e+01,0.0000000000e+00,nan,nan,nan,nan,nan,nan
-4.6086025457e-05,4.0333174439e-05,1.0406377471e+02,-2.4929805624e+00,-4.4882528053e+01,1.2906292276e+02,1.0410513653e+02,-4.4923889871e+01,1.0410513653e+02,4.4923889871e+01,0.0000000000e+00,nan,nan,nan,nan,nan,nan
-7.1915616786e-05,4.5290843906e-05,9.2639809602e+01,2.4201413068e+00,-4.4607996399e+01,1.1893321305e+02,9.2682029171e+01,-4.4650215968e+01,9.2682029171e+01,4.4650215968e+01,0.0000000000e+00,nan,nan,nan,nan,nan,nan
-1.0908353810e-04,7.3668492689e-06,1.9066797984e+02,9.8584648406e+00,-5.1776134854e+01,2.1065539782e+02,1.9106787313e+02,-5.2176028144e+01,1.9106787313e+02,5.2176028144e+01,0.0000000000e+00,nan,nan,nan,nan,nan,nan
9.5783498852e-05,2.1406372113e-05,1.3927845221e+02,-3.2809662993e+01,-1.6221575585e+01,1.4616906234e+02,1.4591918580e+02,-2.2862309179e+01,1.4591918580e+02,2.2862309179e+01,0.0000000000e+00,nan,nan,nan,nan,nan,nan
-7.7124615403e-05,4.3610609274e-05,9.6130992787e+01,3.5387716480e+00,-4.4926735839e+01,1.2231245854e+02,9.6219259336e+01,-4.5015002388e+01,9.6219259336e+01,4.5015002388e+01,0.0000000000e+00,nan,nan,nan,nan,nan,nan
-1.1689913786e-04,7.3667137209e-06,1.9132574145e+02,1.1363353080e+01,-5.1492702744e+01,2.1120540150e+02,1.9185601476e+02,-5.2022976060e+01,1.9185601476e+02,5.2022976060e+01,0.0000000000e+00,nan,nan,nan,nan,nan,nan
-8.2119122674e-05,4.5311898356e-05,9.2332377112e+01,4.5468905190e+00,-4.4498882956e+01,1.1875991954e+02,9.2482818594e+01,-4.4649324438e+01,9.2482818594e+01,4.4649324438e+01,0.0000000000e+00,nan,nan,nan,nan,nan,nan
-3.2228501356e-05,4.0455871551e-05,1.0390278151e+02,-4.9687747304e+00,-4.3766032910e+01,1.2817363043e+02,1.0406945433e+02,-4.3932705729e+01,1.0406945433e+02,4.3932705729e+01,0.0000000000e+00,nan,nan,nan,nan,nan,nan
-8.5517864095e-05,4.5323806248e-05,9.2216225914e+01,5.2728733602e+00,-4.4424544960e+01,1.1868542177e+02,9.2418900684e+01,-4.4627219731e+01,9.2418900684e+01,4.4627219731e+01,0.0000000000e+00,nan,nan,nan,nan,nan,nan
3.5292512639e-04,2.6829378527e-05,-4.7690448681e-01,-1.4502129469e+01,3.1313520688e+00,2.5306212509e+01,1.5937772395e+01,-1.3283324813e+01,1.5937772395e+01,1.3283324758e+01,0.0000000000e+00,nan,nan,nan,nan,nan,nan
-1.8430440711e-05,4.0658220055e-05,1.0328904110e+02,-7.2875920972e+00,-4.1993747494e+01,1.2644960570e+02,1.0365336069e+02,-4.2358067083e+01,1.0365336069e+02,4.2358067083e+01,0.0000000000e+00,nan,nan,nan,nan,nan,nan
-1.3640335817e-04,7.3760738644e-06,1.9357428321e+02,1.5275311071e+01,-5.0496968441e+01,2.1302058157e+02,1.9452614750e+02,-5.1448832728e+01,1.9452614750e+02,5.1448832728e+01,0.0000000000e+00,nan,nan,nan,nan,nan,nan
8.1471033955e-05,2.1023983991e-05,1.5691906383e+02,-3.5745818690e+01,-1.5751464575e+01,1.6184981533e+02,1.6402783407e+02,-2.2860234819e+01,1.6402783407e+02,2.2860234819e+01,0.0000000000e+00,nan,nan,nan,nan,nan,nan
-1.4420050701e-04,7.3805543491e-06,1.9474467114e+02,1.6911745666e+01,-4.9983012142e+01,2.1395419340e+02,1.9590734065e+02,-5.1145681656e+01,1.9590734065e+02,5.1145681656e+01,0.0000000000e+00,nan,nan,nan,nan,nan,nan
-1.2947459418e-05,3.9075080000e-05,1.0680308333e+02,-8.2383542975e+00,-4.1347589267e+01,1.2909270932e+02,1.0725945751e+02,-4.1803963440e+01,1.0725945751e+02,4.1803963440e+01,0.0000000000e+00,nan,nan,nan,nan,nan,nan
-1.0783486457e-04,4.3769775575e-05,9.4983703974e+01,1.0284583303e+01,-4.3902419007e+01,1.2158979632e+02,9.5740544122e+01,-4.4659259155e+01,9.5740544122e+01,4.4659259155e+01,0.0000000000e+00,nan,nan,nan,nan,nan,nan
3.1192249061e-04,2.0033056904e-05,-1.0309660497e+00,-9.8256092701e+00,-9.7288403702e+00,1.8608157448e+01,5.3635215019e+00,-1.6123327922e+01,5.3635215033e+00,1.6123327922e+01,0.0000000000e+00,nan,nan,nan,nan,nan,nan
5.7470460978e-06,1.4666985115e-06,2.1210909995e+02,-9.8600170656e+00,-4.4726267838e+01,2.2308001652e+02,2.1248672365e+02,-4.5103891529e+01,2.1248672365e+02,4.5103891529e+01,0.0000000000e+00,nan,nan,nan,nan,nan,nan
4.2392688251e-06,3.9483440745e-05,1.0483471726e+02,-1.1108290998e+01,-3.7488965128e+01,1.2474782715e+02,1.0569606765e+02,-3.8350315520e+01,1.0569606765e+02,3.8350315520e+01,0.0000000000e+00,nan,nan,nan,nan,nan,nan
-1.2139164558e-04,4.3902619968e-05,9.4312623602e+01,1.3458511273e+01,-4.3027747439e+01,1.2120183637e+02,9.5618350936e+01,-4.4333474773e+01,9.5618350936e+01,4.4333474773e+01,0.0000000000e+00,nan,nan,nan,nan,nan,nan
6.7363248178e-05,2.0765532261e-05,1.5963251124e+02,-3.1398337560e+01,-1.9717194992e+01,1.6456255599e+02,1.6496789412e+02,-2.5052577874e+01,1.6496789412e+02,2.5052577874e+01,0.0000000000e+00,nan,nan,nan,nan,nan,nan
3.1108265305e-04,1.6430502710e-05,-1.2302680275e+00,-9.6390580147e+00,-1.0351093074e+01,1.8468048403e+01,4.8718521663e+00,-1.6453213267e+01,4.8718521676e+00,1.6453213267e+01,0.0000000000e+00,nan,nan,nan,nan,nan,nan
1.4423359071e-05,3.9814115137e-05,1.0295177057e+02,-1.2931979880e+01,-3.4408796750e+01,1.2104714286e+02,1.0415808742e+02,-3.5615113606e+01,1.0415808742e+02,3.5615113606e+01,0.0000000000e+00,nan,nan,nan,nan,nan,nan
3.0693125499e-04,1.6030861276e-05,-1.1990834261e+00,-9.3957855761e+00,-1.0836126190e+01,1.8290963674e+01,4.5426879930e+00,-1.6577897609e+01,4.5426879914e+00,1.6577897609e+01,0.0000000000e+00,nan,nan,nan,nan,nan,nan
6.0238719830e-05,2.0637019971e-05,1.5878991196e+02,-2.8109795694e+01,-2.2611660544e+01,1.6446584668e+02,1.6304352656e+02,-2.6865275141e+01,1.6304352656e+02,2.6865275141e+01,0.0000000000e+00,nan,nan,nan,nan,nan,nan
-3.5267284886e-04,5.9587756947e-06,1.1076672704e+02,6.0701071543e+01,9.7005015810e+00,1.3677386427e+02,1.3920004167e+02,-1.8732813048e+01,1.3920004167e+02,1.8732811966e+01,0.0000000000e+00,nan,nan,nan,nan,nan,nan
2.1151783499e-05,4.0068844618e-05,1.0137173267e+02,-1.4263138327e+01,-3.2009881756e+01,1.1812278708e+02,1.0287914837e+02,-3.3517297460e+01,1.0287914837e+02,3.3517297461e+01,0.0000000000e+00,nan,nan,nan,nan,nan,nan
-9.4411617132e-05,6.8373641329e-05,4.8997131763e+01,6.4495073167e+00,-3.9165066146e+01,7.7162452669e+01,4.9465795628e+01,-3.9633730011e+01,4.9465795628e+01,3.9633730011e+01,0.0000000000e+00,nan,nan,nan,nan,nan,nan
3.0276407860e-04,1.5649617074e-05,3.1176698452e+00,-1.1227382428e+01,-1.0899434341e+01,2.2944323644e+01,9.3560291846e+00,-1.7137793680e+01,9.3560291781e+00,1.7137793680e+01,0.0000000000e+00,nan,nan,nan,nan,nan,nan
2.7827700043e-05,4.0351019248e-05,9.9523276735e+01,-1.5741962788e+01,-2.9328879928e+01,1.1487023918e+02,1.0141756191e+02,-3.1223165108e+01,1.0141756191e+02,3.1223165108e+01,0.0000000000e+00,nan,nan,nan,nan,nan,nan
3.5234598573e-04,2.2951548566e-05,-1.2514887012e-01,-1.4443055464e+01,2.4969889645e+00,2.5113728243e+01,1.5685337809e+01,-1.3313497714e+01,1.5685337809e+01,1.3313497821e+01,0.0000000000e+00,nan,nan,nan,nan,nan,nan
4.5838836273e-05,2.0383776110e-05,1.5795890427e+02,-2.2555018662e+01,-2.8247543020e+01,1.6592149327e+02,1.6065049943e+02,-3.0939138181e+01,1.6065049943e+02,3.0939138181e+01,0.0000000000e+00,nan,nan,nan,nan,nan,nan
-8.6586762359e-05,8.7195673564e-05,2.2272993026e+01,4.5693890234e+00,-3.5841151776e+01,5.0945538146e+01,2.2629340788e+01,-3.6197499537e+01,2.2629340506e+01,3.6197499537e+01,0.0000000000e+00,nan,nan,nan,nan,nan,nan
3.0200749433e-04,1.2383350714e-05,1.4845825502e+01,-1.6868943141e+01,-8.0188075695e+00,3.5310389552e+01,2.3799971879e+01,-1.6972953947e+01,2.3799971873e+01,1.6972953947e+01,0.0000000000e+00,nan,nan,nan,nan,nan,nan
-5.8943011662e-05,9.6843424945e-05,9.5379161806e+00,2.2785330632e-02,-3.5246464346e+01,3.8783284835e+01,9.5372658572e+00,-3.5245814022e+01,9.5367407254e+00,3.5245814022e+01,0.0000000000e+00,nan,nan,nan,nan,nan,nan
5.4504819184e-05,4.3760579713e-05,7.9705759402e+01,-1.9123567967e+01,-1.9171606876e+01,9.1815585671e+01,8.3276829366e+01,-2.2742676840e+01,8.3276829366e+01,2.2742676840e+01,0.0000000000e+00,nan,nan,nan,nan,nan,nan
-7.2620183277e-05,6.8179741467e-05,4.9825689822e+01,2.0402339722e+00,-4.0015095992e+01,7.7883711942e+01,4.9871478970e+01,-4.0060885140e+01,4.9871478970e+01,4.0060885140e+01,0.0000000000e+00,nan,nan,nan,nan,nan,nan
-3.6394281306e-05,9.7198076363e-05,7.6302532799e+00,-3.4532610961e+00,-3.5810735956e+01,3.8092659959e+01,7.9025661431e+00,-3.6083048820e+01,7.9047612537e+00,3.6083048820e+01,0.0000000000e+00,nan,nan,nan,nan,nan,nan
-2.6823569296e-05,9.9550408165e-05,3.9217734652e+00,-4.5676067011e+00,-3.5694359513e+01,3.5208023364e+01,4.4410687428e+00,-3.6213654791e+01,4.4782038761e+00,3.6213654791e+01,0.0000000000e+00,nan,nan,nan,nan,nan,nan
6.4177298343e-05,4.4596424701e-05,6.9763647172e+01,-1.6605434773e+01,-1.9765312748e+01,8.2699150661e+01,7.2745544108e+01,-2.2747209684e+01,7.2745544108e+01,2.2747209684e+01,0.0000000000e+00,nan,nan,nan,nan,nan,nan
-1.0247977962e-05,1.0049777443e-04,1.7875579417e+00,-6.1596418961e+00,-3.5815163933e+01,3.4266715256e+01,2.7700942818e+00,-3.6797700273e+01,2.7761873688e+00,3.6797700273e+01,0.0000000000e+00,nan,nan,nan,nan,nan,nan
-4.7673245711e-06,1.0093271345e-04,1.0519533166e+00,-6.4544706909e+00,-3.5782258821e+01,3.3800030115e+01,2.1493037333e+00,-3.6879609238e+01,2.0476424848e+00,3.6879609238e+01,0.0000000000e+00,nan,nan,nan,nan,nan,nan
2.2200927536e-05,1.0432741048e-04,-2.4336433611e+00,-5.3796731032e+00,-3.4396312592e+01,2.9200939541e+01,-1.5558076718e+00,-3.5274148281e+01,-2.2754079897e-01,3.5274148281e+01,0.0000000000e+00,nan,nan,nan,nan,nan,nan
6.8762838692e-07,1.0143792500e-04,3.1500262667e-01,-6.5983773963e+00,-3.5692017151e+01,3.3209377539e+01,1.4849357999e+00,-3.6861950324e+01,1.2475533959e+00,3.6861950324e+01,0.0000000000e+00,nan,nan,nan,nan,nan,nan
1.3374088807e-05,1.0086767649e-04,1.6203013339e+00,-6.0996634081e+00,-3.4968804864e+01,3.3399123994e+01,2.6087414636e+00,-3.5957244994e+01,2.5826722639e+00,3.5957244994e+01,0.0000000000e+00,nan,nan,nan,nan,nan,nan
7.9493272166e-06,1.0017245486e-04,2.3060074944e+00,-6.4373032799e+00,-3.5359018780e+01,3.4469655216e+01,3.3745590749e+00,-3.6427570360e+01,3.4258529267e+00,3.6427570360e+01,0.0000000000e+00,nan,nan,nan,nan,nan,nan
1.8436543809e-04,1.4709769547e-04,-3.8213809118e-01,-5.4315722435e+00,-1.2489044097e+01,1.4085978695e+01,1.6969524970e+00,-1.4568134686e+01,1.6983721012e+00,1.4568134686e+01,0.0000000000e+00,nan,nan,nan,nan,nan,nan
-6.6376385044e-05,6.8166712159e-05,4.9936404431e+01,8.4290660630e-01,-4.0137396212e+01,7.8019025150e+01,4.9943809282e+01,-4.0144801063e+01,4.9943809282e+01,4.0144801063e+01,0.0000000000e+00,nan,nan,nan,nan,nan,nan
3.1263097735e-05,2.0148878435e-05,1.5775373540e+02,-1.8057961992e+01,-3.3503084657e+01,1.6855885913e+02,1.5944282807e+02,-3.5192177322e+01,1.5944282807e+02,3.5192177322e+01,0.0000000000e+00,nan,nan,nan,nan,nan,nan
1.8030106318e-04,1.4200011318e-04,-1.9604071808e+00,-4.9803301349e+00,-1.2932572204e+01,1.2833133945e+01,-3.7276354404e-02,-1.4855703030e+01,-2.5893718792e-02,1.4855703030e+01,0.0000000000e+00,nan,nan,nan,nan,nan,nan
1.7174825133e-04,1.2781029491e-04,-5.9000428491e+00,-3.0581529263e+00,-1.4590820431e+01,9.2006093273e+00,-4.9334573682e+00,-1.5557405912e+01,8.7774237561e-05,1.5557405912e+01,0.0000000000e+00,nan,nan,nan,nan,nan,nan
1.7653072215e-04,1.4444976640e-04,-1.5319374284e+00,-4.9421603240e+00,-1.3018391561e+01,1.3122968571e+01,3.0138494233e-01,-1.4851713932e+01,2.1223062657e-01,1.4851713932e+01,0.0000000000e+00,nan,nan,nan,nan,nan,nan
7.6671198351e-05,4.3802541651e-05,6.3107310271e+01,-1.5057327545e+01,-2.0132193332e+01,7.6662446133e+01,6.5748642381e+01,-2.2773525442e+01,6.5748642381e+01,2.2773525442e+01,0.0000000000e+00,nan,nan,nan,nan,nan,nan
1.6816181043e-04,1.3018661881e-04,-5.8540233569e+00,-2.9948953571e+00,-1.4710595754e+01,9.2563461538e+00,-4.9381556118e+00,-1.5626463499e+01,-1.2090410656e-04,1.5626463499e+01,0.0000000000e+00,nan,nan,nan,nan,nan,nan
8.6861727242e-05,4.4979305434e-05,5.4366809579e+01,-1.2885737792e+01,-2.0648537779e+01,6.8694366039e+01,5.6519846624e+01,-2.2801574824e+01,5.6519846624e+01,2.2801574824e+01,0.0000000000e+00,nan,nan,nan,nan,nan,nan
9.1009959560e-05,4.7746092079e-05,4.7071279001e+01,-1.0970205963e+01,-2.1091028508e+01,6.2015296372e+01,4.8794673301e+01,-2.2814422808e+01,4.8794673301e+01,2.2814422808e+01,0.0000000000e+00,nan,nan,nan,nan,nan,nan
9.4490360549e-05,4.8235608433e-05,4.4615504007e+01,-1.0374206532e+01,-2.1228914865e+01,5.9789318124e+01,4.6212673485e+01,-2.2826084342e+01,4.6212673485e+01,2.2826084342e+01,0.0000000000e+00,nan,nan,nan,nan,nan,nan
3.5422465997e-04,1.1710946350e-05,1.4966301212e-01,-1.3838571465e+01,2.3353117092e+00,2.4040134851e+01,1.5122065688e+01,-1.2637090967e+01,1.5122065688e+01,1.2637090643e+01,0.0000000000e+00,nan,nan,nan,nan,nan,nan
1.4984627971e-04,1.4149737804e-04,-5.0472140211e+00,-2.3463508702e+00,-1.5990558864e+01,1.0308926735e+01,-4.5670248169e+00,-1.6470748068e+01,1.8605904108e-03,1.6470748068e+01,0.0000000000e+00,nan,nan,nan,nan,nan,nan
4.5672734357e-05,1.0987552411e-04,-3.3730927384e+00,9.8658518964e-01,-2.9792997853e+01,2.2913763342e+01,-3.3537778626e+00,-2.9812312729e+01,3.2299876403e-02,2.9812312729e+01,0.0000000000e+00,nan,nan,nan,nan,nan,nan
1.0872644930e-04,5.0414392030e-05,3.5517230156e+01,-8.2107730221e+00,-2.1720902410e+01,5.1571679077e+01,3.6673086670e+01,-2.2876758925e+01,3.6673086670e+01,2.2876758925e+01,0.0000000000e+00,nan,nan,nan,nan,nan,nan
3.9967532648e-05,1.0604864255e-04,-4.4752943929e-01,-5.3517774284e-01,-3.0580590711e+01,2.6095373400e+01,-4.4788921813e-01,-3.0580230932e+01,-1.5561233167e-01,3.0580230932e+01,0.0000000000e+00,nan,nan,nan,nan,nan,nan
5.2860758927e-05,1.1009728628e-04,-5.9507491506e-01,5.7728494633e+00,-2.4317970083e+01,2.2789227742e+01,7.0084427251e-01,-2.5613889270e+01,4.4583261761e-01,2.5613889271e+01,0.0000000000e+00,nan,nan,nan,nan,nan,nan
1.3489650911e-04,1.2338558478e-04,-1.0203067923e+01,-3.9769134070e-01,-1.7007521960e+01,5.9393666171e+00,-1.0176200026e+01,-1.7034389857e+01,2.8886581664e-09,1.7034389857e+01,0.0000000000e+00,nan,nan,nan,nan,nan,nan
1.1167179670e-04,4.8470932736e-05,3.7053140621e+01,-8.7004682355e+00,-2.1622249243e+01,5.3004056804e+01,3.8317352153e+01,-2.2886460775e+01,3.8317352153e+01,2.2886460775e+01,0.0000000000e+00,nan,nan,nan,nan,nan,nan
1.3149846056e-04,1.2538907891e-04,-1.0501722405e+01,-3.8222338491e-01,-1.7020195770e+01,5.6897227552e+00,-1.0475996123e+01,-1.7045922052e+01,4.7486772436e-07,1.7045922052e+01,0.0000000000e+00,nan,nan,nan,nan,nan,nan
1.3871216036e-04,1.3259502694e-04,-8.9005039027e+00,-1.3560379710e+00,-1.6800034243e+01,7.2352967778e+00,-8.6729685306e+00,-1.7027569615e+01,-1.6519303880e-05,1.7027569615e+01,0.0000000000e+00,nan,nan,nan,nan,nan,nan
1.2128485799e-04,1.2388123600e-04,-1.0528622314e+01,2.6006966443e-02,-1.7029267666e+01,5.6479316373e+00,-1.0518110139e+01,-1.7039779841e+01,1.6049678681e-08,1.7039779841e+01,0.0000000000e+00,nan,nan,nan,nan,nan,nan
1.0496916208e-04,1.1890019963e-04,-1.0330278400e+01,3.2794369358e+00,-2.1574015879e+01,1.1261595134e+01,-9.4502621574e+00,-2.2454032121e+01,4.1802905330e-07,2.2454032119e+01,0.0000000000e+00,nan,nan,nan,nan,nan,nan
1.2279734207e-04,5.0287428426e-05,3.0718787760e+01,-7.2321469445e+00,-2.1947424010e+01,4.7301334856e+01,3.1695120287e+01,-2.2923756537e+01,3.1695120288e+01,2.2923756537e+01,0.0000000000e+00,nan,nan,nan,nan,nan,nan
8.6551243813e-05,1.1848124812e-04,-8.0829692563e+00,4.7064232300e+00,-2.0573247384e+01,1.3570767704e+01,-6.4930219332e+00,-2.2163194707e+01,-4.6695305998e-05,2.2163194007e+01,0.0000000000e+00,nan,nan,nan,nan,nan,nan
9.5527227521e-05,1.2033040190e-04,-9.9374371607e+00,4.1784857520e+00,-2.1203234668e+01,1.2166681137e+01,-8.5458992846e+00,-2.2594772544e+01,-1.6436590506e-06,2.2594772678e+01,0.0000000000e+00,nan,nan,nan,nan,nan,nan
1.2730305610e-04,5.3622781627e-05,2.5660043485e+01,-5.9465148426e+00,-2.2189464540e+01,4.2702722480e+01,2.6389717791e+01,-2.2919138847e+01,2.6389717796e+01,2.2919138847e+01,0.0000000000e+00,nan,nan,nan,nan,nan,nan
1.0829464814e-04,1.2402222898e-04,-1.0792171841e+01,9.4089550326e-01,-1.7886005386e+01,6.3312214818e+00,-1.0683756187e+01,-1.7994421041e+01,1.6113512499e-07,1.7994421036e+01,0.0000000000e+00,nan,nan,nan,nan,nan,nan
1.3497099345e-04,5.5046621234e-05,2.2221716984e+01,-5.6476979180e+00,-2.1267056495e+01,3.8911348155e+01,2.2942807577e+01,-2.1988147087e+01,2.2942807561e+01,2.1988147087e+01,0.0000000000e+00,nan,nan,nan,nan,nan,nan
1.4958293314e-04,5.5143237110e-05,1.9490998769e+01,-6.5647526453e+00,-1.8391787744e+01,3.4721344279e+01,2.0595982982e+01,-1.9496771957e+01,2.0595982908e+01,1.9496771960e+01,0.0000000000e+00,nan,nan,nan,nan,nan,nan
1.5403161026e-04,5.8817721436e-05,1.6121840608e+01,-6.4815225341e+00,-1.7366617467e+01,3.1097680132e+01,1.7331865566e+01,-1.8576642425e+01,1.7331864100e+01,1.8576642426e+01,0.0000000000e+00,nan,nan,nan,nan,nan,nan
1.7241107408e-04,5.9614516029e-05,1.4980541042e+01,-8.3883224101e+00,-1.4973069576e+01,2.9730866529e+01,1.7168859527e+01,-1.7161388061e+01,1.7169119356e+01,1.7161388061e+01,0.0000000000e+00,nan,nan,nan,nan,nan,nan
-4.7911654930e-06,3.0115015011e-06,2.0597562969e+02,-8.2036838614e+00,-4.6580204986e+01,2.1918030430e+02,2.0624152004e+02,-4.6846095337e+01,2.0624152004e+02,4.6846095337e+01,0.0000000000e+00,nan,nan,nan,nan,nan,nan
1.7565722528e-04,5.7319698197e-05,1.6112499190e+01,-8.6594943851e+00,-1.4960709448e+01,3.0806150509e+01,1.8361834160e+01,-1.7210044418e+01,1.8362036147e+01,1.7210044418e+01,0.0000000000e+00,nan,nan,nan,nan,nan,nan
1.8331452923e-04,5.8750658302e-05,1.4396193869e+01,-8.8677872107e+00,-1.4501933125e+01,2.9368415704e+01,1.6902993085e+01,-1.7008732340e+01,1.6902677672e+01,1.7008732340e+01,0.0000000000e+00,nan,nan,nan,nan,nan,nan
-1.3200613524e-05,1.9654322025e-05,1.5731648123e+02,-8.1400823244e+00,-4.4942530553e+01,1.7572730942e+02,1.5764318474e+02,-4.5269234064e+01,1.5764318474e+02,4.5269234064e+01,0.0000000000e+00,nan,nan,nan,nan,nan,nan
5.8607467695e-06,7.2191487647e-05,4.1845114084e+01,-7.1213863137e+00,-3.4137063600e+01,6.6948545051e+01,4.2506785749e+01,-3.4798735265e+01,4.2506785749e+01,3.4798735265e+01,0.0000000000e+00,nan,nan,nan,nan,nan,nan
1.4799444749e-05,7.2982994011e-05,3.9498817916e+01,-6.6979577754e+00,-3.1507557870e+01,6.2578071928e+01,4.0125096696e+01,-3.2133836650e+01,4.0125096696e+01,3.2133836650e+01,0.0000000000e+00,nan,nan,nan,nan,nan,nan
2.8465471323e-04,1.1439366443e-04,-2.7115043522e+00,-8.1451237635e+00,-7.1954565691e+00,1.4631569283e+01,3.4940600034e+00,-1.3401020925e+01,3.4940600042e+00,1.3401020925e+01,0.0000000000e+00,nan,nan,nan,nan,nan,nan
4.5007916404e-05,7.3143979783e-05,3.0010045157e+01,-4.2937452187e+00,-2.2326738018e+01,4.5932314032e+01,3.0360687441e+01,-2.2677380301e+01,3.0360687441e+01,2.2677380301e+01,0.0000000000e+00,nan,nan,nan,nan,nan,nan
5.7531539102e-05,7.7805427964e-05,2.0790934614e+01,-2.1874776849e+00,-2.2514435273e+01,3.7696999956e+01,2.0902622743e+01,-2.2626123402e+01,2.0902622741e+01,2.2626123402e+01,0.0000000000e+00,nan,nan,nan,nan,nan,nan
4.9443876885e-05,7.8266347909e-05,2.2895602498e+01,-2.2924683478e+00,-2.2521689141e+01,3.9534023242e+01,2.3011935640e+01,-2.2638022282e+01,2.3011935642e+01,2.2638022282e+01,0.0000000000e+00,nan,nan,nan,nan,nan,nan
6.7146626858e-05,8.2440475755e-05,1.3856340731e+01,-6.7290789497e-01,-2.2575615507e+01,3.1576600920e+01,1.3871121653e+01,-2.2590396429e+01,1.3871121657e+01,2.2590396429e+01,0.0000000000e+00,nan,nan,nan,nan,nan,nan
8.1368097805e-05,8.1464782058e-05,1.1210758564e+01,-7.2417120418e-01,-2.2645295516e+01,2.9352174994e+01,1.1229217658e+01,-2.2663754610e+01,1.1229219565e+01,2.2663754610e+01,0.0000000000e+00,nan,nan,nan,nan,nan,nan
-1.3583674839e-04,4.0675299008e-05,1.0134816394e+02,1.7063038134e+01,-4.2665149512e+01,1.2817163997e+02,1.0334143805e+02,-4.4658423626e+01,1.0334143805e+02,4.4658423626e+01,0.0000000000e+00,nan,nan,nan,nan,nan,nan
1.0847780308e-04,9.2810570712e-05,-5.6526352171e-01,1.1985961888e+00,-2.2812548862e+01,1.9383986718e+01,-4.9755624217e-01,-2.2880256142e+01,8.5085214343e-03,2.2880256142e+01,0.0000000000e+00,nan,nan,nan,nan,nan,nan
9.8714447111e-05,9.2240364805e-05,1.1251520582e+00,1.2297162873e+00,-2.2690710451e+01,2.0741821426e+01,1.1925169874e+00,-2.2758075380e+01,1.1379717799e+00,2.2758075380e+01,0.0000000000e+00,nan,nan,nan,nan,nan,nan
9.5397345743e-05,9.1086266631e-05,2.2083468236e+00,1.0884390345e+00,-2.2672989736e+01,2.1637203147e+01,2.2599236051e+00,-2.2724566517e+01,2.2747015518e+00,2.2724566517e+01,0.0000000000e+00,nan,nan,nan,nan,nan,nan
1.2684936843e-04,1.0600099165e-04,-5.7806339971e+00,-7.9449798762e-01,-1.7000544475e+01,9.8275547773e+00,-5.7166478399e+00,-1.7064530632e+01,-2.7811335137e-05,1.7064530632e+01,0.0000000000e+00,nan,nan,nan,nan,nan,nan
1.1342163099e-04,1.0370667888e-04,-5.4356039140e+00,1.8255240703e+00,-2.1979016296e+01,1.4663350061e+01,-5.2414210002e+00,-2.2173199210e+01,-2.3494658597e-04,2.2173199210e+01,0.0000000000e+00,nan,nan,nan,nan,nan,nan
1.1652442386e-04,1.0184084894e-04,-4.6941460474e+00,1.0324787281e+00,-2.0879560888e+01,1.4120826214e+01,-4.6341906517e+00,-2.0939516284e+01,3.5113582833e-05,2.0939516284e+01,0.0000000000e+00,nan,nan,nan,nan,nan,nan
-2.2161037398e-05,1.4595832598e-06,2.0807398820e+02,-5.0319742424e+00,-4.9606613851e+01,2.2332768144e+02,2.0817198417e+02,-4.9704609823e+01,2.0817198417e+02,4.9704609823e+01,0.0000000000e+00,nan,nan,nan,nan,nan,nan
-3.2584290068e-04,4.2447431559e-05,4.1785627426e+01,2.9354043517e+01,-2.2227264168e+00,6.3599356731e+01,5.6500556233e+01,-1.6937655224e+01,5.6500556233e+01,1.6937655229e+01,0.0000000000e+00,nan,nan,nan,nan,nan,nan
-1.8632344358e-04,1.6633056147e-05,1.7344964330e+02,2.9174428490e+01,-4.3226623470e+01,1.9432996456e+02,1.7730796727e+02,-4.7084947439e+01,1.7730796727e+02,4.7084947439e+01,0.0000000000e+00,nan,nan,nan,nan,nan,nan
-1.6366125714e-04,7.3976856181e-06,1.9841735253e+02,2.1220585939e+01,-4.8377689355e+01,2.1686705106e+02,2.0022808190e+02,-5.0188418722e+01,2.0022808190e+02,5.0188418722e+01,0.0000000000e+00,nan,nan,nan,nan,nan,nan
-1.9376799100e-04,1.6676663084e-05,1.7492155613e+02,3.1404617137e+01,-4.2005714288e+01,1.9557855068e+02,1.7937524980e+02,-4.6459407963e+01,1.7937524980e+02,4.6459407963e+01,0.0000000000e+00,nan,nan,nan,nan,nan,nan
-3.1160626051e-04,4.4168154759e-05,4.6086832989e+01,3.0284436108e+01,-2.7043260246e+00,6.7418825810e+01,6.0615530713e+01,-1.7233023748e+01,6.0615530713e+01,1.7233023748e+01,0.0000000000e+00,nan,nan,nan,nan,nan,nan
-2.1700412223e-04,1.2102071846e-05,1.9850911141e+02,3.7612013953e+01,-3.8625425155e+01,2.1544669614e+02,2.0433005114e+02,-4.4446364882e+01,2.0433005114e+02,4.4446364882e+01,0.0000000000e+00,nan,nan,nan,nan,nan,nan
-2.2074295775e-04,1.2130596142e-05,1.9983894218e+02,3.8948161162e+01,-3.7627071428e+01,2.1643023616e+02,2.0606199049e+02,-4.3850119733e+01,2.0606199049e+02,4.3850119733e+01,0.0000000000e+00,nan,nan,nan,nan,nan,nan
-2.3032597791e-04,1.7036898110e-05,1.8271983881e+02,4.4194428867e+01,-3.2759837691e+01,2.0169620191e+02,1.9142935703e+02,-4.1469355914e+01,1.9142935703e+02,4.1469355914e+01,0.0000000000e+00,nan,nan,nan,nan,nan,nan
-2.3391452180e-04,1.7095832568e-05,1.8332572560e+02,4.5630675845e+01,-3.1411119946e+01,2.0206086791e+02,1.9261719932e+02,-4.0702593656e+01,1.9261719932e+02,4.0702593655e+01,0.0000000000e+00,nan,nan,nan,nan,nan,nan
-3.0790984391e-04,3.4442179833e-05,6.1480830662e+01,3.6589554249e+01,-1.3615991984e-01,8.2869310532e+01,7.8516954114e+01,-1.7172283372e+01,7.8516954114e+01,1.7172283372e+01,0.0000000000e+00,nan,nan,nan,nan,nan,nan
-3.2539332643e-05,2.9884215212e-06,2.0295814725e+02,-3.4568199009e+00,-5.0575457771e+01,2.1964777569e+02,2.0300504716e+02,-5.0622357682e+01,2.0300504716e+02,5.0622357682e+01,0.0000000000e+00,nan,nan,nan,nan,nan,nan
-2.5351380870e-04,1.0865518870e-05,2.2010021524e+02,5.2261438179e+01,-2.4762990892e+01,2.3056291025e+02,2.3078417047e+02,-3.5446946122e+01,2.3078417047e+02,3.5446946122e+01,0.0000000000e+00,nan,nan,nan,nan,nan,nan
-2.5752163882e-04,1.2596708645e-05,2.1195387568e+02,5.4873221923e+01,-2.1364840985e+01,2.2328971957e+02,2.2421089705e+02,-3.3621862355e+01,2.2421089705e+02,3.3621862355e+01,0.0000000000e+00,nan,nan,nan,nan,nan,nan
-2.7144098994e-04,1.1286313446e-05,2.2242859529e+02,6.1810111696e+01,-1.0834498487e+01,2.2861741626e+02,2.3778937522e+02,-2.6195278422e+01,2.3778937522e+02,2.6195278422e+01,0.0000000000e+00,nan,nan,nan,nan,nan,nan
-2.6793415530e-04,1.1173319534e-05,2.2291522637e+02,5.9919661379e+01,-1.4098903651e+01,2.2999751904e+02,2.3719729089e+02,-2.8380968172e+01,2.3719729089e+02,2.8380968172e+01,0.0000000000e+00,nan,nan,nan,nan,nan,nan
-3.6504428452e-05,2.9860234116e-06,2.0267280600e+02,-2.8008002908e+00,-5.0965513177e+01,2.1971040978e+02,2.0270351064e+02,-5.0996217821e+01,2.0270351064e+02,5.0996217821e+01,0.0000000000e+00,nan,nan,nan,nan,nan,nan
1.9251878425e-04,4.8709985587e-05,1.9865617084e+01,-9.9803573680e+00,-1.4550287896e+01,3.4454673307e+01,2.2550079503e+01,-1.7234750315e+01,2.2549983740e+01,1.7234750315e+01,0.0000000000e+00,nan,nan,nan,nan,nan,nan
1.8538785471e-04,5.0396415815e-05,1.9344185715e+01,-9.5047657779e+00,-1.4830403336e+01,3.3865989363e+01,2.1809429265e+01,-1.7295646886e+01,2.1809398971e+01,1.7295646886e+01,0.0000000000e+00,nan,nan,nan,nan,nan,nan
1.7765936671e-04,4.9093815507e-05,2.0581645126e+01,-9.1218310258e+00,-1.5437361897e+01,3.4966023005e+01,2.2759784409e+01,-1.7615501180e+01,2.2759778381e+01,1.7615501180e+01,0.0000000000e+00,nan,nan,nan,nan,nan,nan
1.7311688897e-04,4.5541346656e-05,2.3803967424e+01,-9.3577846577e+00,-1.5978320726e+01,3.8074721368e+01,2.5895273981e+01,-1.8069627282e+01,2.5895273556e+01,1.8069627282e+01,0.0000000000e+00,nan,nan,nan,nan,nan,nan
3.3304260381e-06,1.2928506130e-04,-4.1460528515e+01,-4.2652156964e+00,-3.3321616138e+01,1.0140286594e+01,-3.1536575132e+01,-4.3245569521e+01,-4.5681806461e-09,4.3245569521e+01,1.0000000000e+00,1.5220715182e+01,1.5178611557e+01,1.1313363160e+00,1.9929239208e+01,-7.4328722564e-02,9.9723379455e-01
1.6151752217e-04,4.3674415519e-05,2.7646861630e+01,-9.2627986384e+00,-1.7271419302e+01,4.2079020342e+01,2.9482054886e+01,-1.9106612558e+01,2.9482054874e+01,1.9106612558e+01,0.0000000000e+00,nan,nan,nan,nan,nan,nan
1.5449942862e-04,4.5207656092e-05,2.7658504568e+01,-8.6710386389e+00,-1.8158500597e+01,4.2425958677e+01,2.9244640648e+01,-1.9744636678e+01,2.9244640653e+01,1.9744636678e+01,0.0000000000e+00,nan,nan,nan,nan,nan,nan
1.3436306822e-04,3.9657794480e-05,4.0773945886e+01,-1.0192720304e+01,-2.1388009384e+01,5.6656240485e+01,4.2403463947e+01,-2.3017527444e+01,4.2403463947e+01,2.3017527444e+01,0.0000000000e+00,nan,nan,nan,nan,nan,nan
1.2667198093e-04,3.8641935553e-05,4.5825812366e+01,-1.1395434769e+01,-2.1031828365e+01,6.1174107072e+01,4.7715879186e+01,-2.2921895185e+01,4.7715879186e+01,2.2921895185e+01,0.0000000000e+00,nan,nan,nan,nan,nan,nan
1.1242354430e-04,3.9187915901e-05,5.1915000886e+01,-1.2763830317e+01,-2.0705637343e+01,6.6665935390e+01,5.4094277515e+01,-2.2884913971e+01,5.4094277515e+01,2.2884913971e+01,0.0000000000e+00,nan,nan,nan,nan,nan,nan
1.0437802337e-04,3.6043816823e-05,6.3806208758e+01,-1.5787380993e+01,-1.9978203749e+01,7.7543329596e+01,6.6683664720e+01,-2.2855659711e+01,6.6683664720e+01,2.2855659711e+01,0.0000000000e+00,nan,nan,nan,nan,nan,nan
-4.5551920952e-05,5.9263479640e-05,6.5536603525e+01,-2.7734764247e+00,-4.1531850712e+01,9.2847744853e+01,6.5608046891e+01,-4.1603294078e+01,6.5608046891e+01,4.1603294078e+01,0.0000000000e+00,nan,nan,nan,nan,nan,nan
-4.4434914359e-05,2.9818178509e-06,2.0220621887e+02,-1.4944151058e+00,-5.1625636706e+01,2.1983970768e+02,2.0221480549e+02,-5.1634223325e+01,2.0221480549e+02,5.1634223325e+01,0.0000000000e+00,nan,nan,nan,nan,nan,nan
-3.5887715397e-05,5.9396853105e-05,6.5300768813e+01,-4.3016255163e+00,-4.1025536652e+01,9.2381688445e+01,6.5474208772e+01,-4.1198976611e+01,6.5474208772e+01,4.1198976611e+01,0.0000000000e+00,nan,nan,nan,nan,nan,nan
8.6622988710e-05,3.4422134652e-05,8.3028382153e+01,-2.0472321747e+01,-1.8838226515e+01,9.5081525249e+01,8.6990422017e+01,-2.2800266379e+01,8.6990422017e+01,2.2800266379e+01,0.0000000000e+00,nan,nan,nan,nan,nan,nan
8.0471678361e-05,3.5956631942e-05,8.3116719355e+01,-2.0417045733e+01,-1.8846124682e+01,9.5123180231e+01,8.7054691049e+01,-2.2784096376e+01,8.7054691049e+01,2.2784096376e+01,0.0000000000e+00,nan,nan,nan,nan,nan,nan
7.7053652351e-05,3.5692669061e-05,8.7238143096e+01,-2.1410400508e+01,-1.8608563580e+01,9.8885833424e+01,9.1406552305e+01,-2.2776972789e+01,9.1406552305e+01,2.2776972789e+01,0.0000000000e+00,nan,nan,nan,nan,nan,nan
1.3963999250e-04,7.5777583534e-05,5.7735554435e+00,-3.6222609052e+00,-1.8001571325e+01,2.1520029686e+01,6.3105869916e+00,-1.8538602873e+01,6.3113517051e+00,1.8538602873e+01,0.0000000000e+00,nan,nan,nan,nan,nan,nan
6.6958489287e-05,3.5026418907e-05,9.9897624434e+01,-2.4442479133e+01,-1.7880981110e+01,1.1043896323e+02,1.0477028681e+02,-2.2753643486e+01,1.0477028681e+02,2.2753643486e+01,0.0000000000e+00,nan,nan,nan,nan,nan,nan
4.1066764317e-05,1.3312581253e-04,-5.6476317251e+01,-1.1066675307e+01,-3.5628893078e+01,2.6257087370e+01,-3.0893068703e+01,-6.1212141626e+01,2.3933604517e-08,6.1212141626e+01,1.0000000000e+00,1.0482433978e+01,1.0324814060e+01,1.8109767358e+00,1.9977832794e+01,-1.7276299947e-01,9.8496342369e-01
3.5198088614e-06,6.2629169075e-05,5.7523720023e+01,-8.2138212193e+00,-3.4933584577e+01,8.1324274166e+01,5.8247659304e+01,-3.5657523858e+01,5.8247659304e+01,3.5657523858e+01,0.0000000000e+00,nan,nan,nan,nan,nan,nan
5.0475062761e-05,3.4233076557e-05,1.1300589383e+02,-2.4125046769e+01,-2.1043859901e+01,1.2337698688e+02,1.1721275355e+02,-2.5250719625e+01,1.1721275355e+02,2.5250719625e+01,0.0000000000e+00,nan,nan,nan,nan,nan,nan
1.2789926822e-05,6.3258581000e-05,5.4977115056e+01,-8.5067815704e+00,-3.2094792080e+01,7.6832323551e+01,5.5800324173e+01,-3.2918001196e+01,5.5800324173e+01,3.2918001196e+01,0.0000000000e+00,nan,nan,nan,nan,nan,nan
2.1920502478e-05,6.4034386274e-05,5.1511316783e+01,-8.5760576144e+00,-2.8412714826e+01,7.0791771123e+01,5.2420949093e+01,-2.9322347136e+01,5.2420949093e+01,2.9322347136e+01,0.0000000000e+00,nan,nan,nan,nan,nan,nan
4.5942896588e-05,1.3338619141e-04,-5.6359660835e+01,-1.3026090487e+01,-3.7101184136e+01,2.7935835339e+01,-3.0601660432e+01,-6.2859184538e+01,-7.9936619963e-07,6.2859184523e+01,1.0000000000e+00,9.7118699212e+00,9.5176695745e+00,1.9324552351e+00,2.0042427854e+01,-1.9897869832e-01,9.8000381510e-01
2.2125021590e-05,3.1513422906e-05,1.2392842820e+02,-1.5480273066e+01,-3.3630651591e+01,1.3905817511e+02,1.2543416314e+02,-3.5136386529e+01,1.2543416314e+02,3.5136386529e+01,0.0000000000e+00,nan,nan,nan,nan,nan,nan
4.8589866552e-05,6.7437794364e-05,3.5818963631e+01,-6.2828232910e+00,-2.2016248774e+01,5.1256708874e+01,3.6494432095e+01,-2.2691717238e+01,3.6494432095e+01,2.2691717238e+01,0.0000000000e+00,nan,nan,nan,nan,nan,nan
4.5511694304e-06,3.1099185335e-05,1.2604998131e+02,-1.1693669619e+01,-3.8976069953e+01,1.4434396630e+02,1.2687398347e+02,-3.9800072121e+01,1.2687398347e+02,3.9800072121e+01,0.0000000000e+00,nan,nan,nan,nan,nan,nan
7.6257141048e-05,7.2858561375e-05,2.0258593735e+01,-2.9966620128e+00,-2.2479855046e+01,3.7378300625e+01,2.0469741272e+01,-2.2691002583e+01,2.0469741298e+01,2.2691002583e+01,0.0000000000e+00,nan,nan,nan,nan,nan,nan
8.1995640576e-05,7.1792138309e-05,1.9734415112e+01,-3.0818275993e+00,-2.2494704216e+01,3.6962668912e+01,1.9960262294e+01,-2.2720551398e+01,1.9960262255e+01,2.2720551398e+01,0.0000000000e+00,nan,nan,nan,nan,nan,nan
9.8655346797e-05,7.5951840248e-05,1.1872333444e+01,-1.6193883524e+00,-2.2730399903e+01,3.0102174984e+01,1.1950465600e+01,-2.2808532060e+01,1.1950445928e+01,2.2808532060e+01,0.0000000000e+00,nan,nan,nan,nan,nan,nan
1.0557788842e-04,7.7832721020e-05,8.9148119927e+00,-1.1237573330e+00,-2.2810227151e+01,2.7548024306e+01,8.9571516696e+00,-2.2852566828e+01,8.9571415531e+00,2.2852566828e+01,0.0000000000e+00,nan,nan,nan,nan,nan,nan
-9.6684520286e-06,3.0854604672e-05,1.2702299388e+02,-9.0028254697e+00,-4.2185682422e+01,1.4736566267e+02,1.2750026074e+02,-4.2662949282e+01,1.2750026074e+02,4.2662949282e+01,0.0000000000e+00,nan,nan,nan,nan,nan,nan
1.0974479971e-04,8.1783773458e-05,5.3134351782e+00,-3.8836245866e-01,-2.2869321250e+01,2.4421149894e+01,5.3216144288e+00,-2.2877500501e+01,5.3216271212e+00,2.2877500501e+01,0.0000000000e+00,nan,nan,nan,nan,nan,nan
1.1629420964e-04,8.0891180829e-05,4.8006962348e+00,-4.7403538546e-01,-2.2867504148e+01,2.3980711737e+01,4.8118664197e+00,-2.2878674333e+01,4.8098217037e+00,2.2878674333e+01,0.0000000000e+00,nan,nan,nan,nan,nan,nan
-5.0044124690e-05,1.4503544568e-06,2.0613263288e+02,-5.1369213387e-01,-5.2251171295e+01,2.2376836219e+02,2.0613345494e+02,-5.2251993354e+01,2.0613345494e+02,5.2251993354e+01,0.0000000000e+00,nan,nan,nan,nan,nan,nan
-1.6815681338e-05,3.0758894328e-05,1.2730125969e+02,-7.6971757486e+00,-4.3458211364e+01,1.4848115169e+02,1.2764715706e+02,-4.3804108735e+01,1.2764715706e+02,4.3804108735e+01,0.0000000000e+00,nan,nan,nan,nan,nan,nan
-2.3981730784e-05,3.0679719866e-05,1.2746398116e+02,-6.3947429433e+00,-4.4528112475e+01,1.4936016843e+02,1.2770106779e+02,-4.4765199106e+01,1.2770106779e+02,4.4765199106e+01,0.0000000000e+00,nan,nan,nan,nan,nan,nan
-3.4761540458e-05,3.0588609928e-05,1.2753548452e+02,-4.4217556172e+00,-4.5788653914e+01,1.5029778379e+02,1.2764788123e+02,-4.5901050624e+01,1.2764788123e+02,4.5901050624e+01,0.0000000000e+00,nan,nan,nan,nan,nan,nan
-2.8497580892e-04,2.6637095314e-05,1.1722187081e+02,5.2921460079e+01,3.9168972719e+00,1.3427884174e+02,1.3809530947e+02,-1.6956541386e+01,1.3809530946e+02,1.6956541386e+01,0.0000000000e+00,nan,nan,nan,nan,nan,nan
4.2102121733e-05,7.2641585934e-05,3.1708061041e+01,-4.6512740208e+00,-2.2289042570e+01,4.7452739848e+01,3.2106361360e+01,-2.2687342889e+01,3.2106361360e+01,2.2687342889e+01,0.0000000000e+00,nan,nan,nan,nan,nan,nan
-2.7957084816e-04,2.5554335832e-05,1.2859493132e+02,5.5266994107e+01,8.8177759228e-01,1.4627021189e+02,1.4918750067e+02,-1.9710791751e+01,1.4918750067e+02,1.9710791751e+01,0.0000000000e+00,nan,nan,nan,nan,nan,nan
-5.8010898599e-05,1.4484955920e-06,2.0591637110e+02,7.7161312721e-01,-5.2669335546e+01,2.2394543165e+02,2.0591847303e+02,-5.2671437472e+01,2.0591847303e+02,5.2671437472e+01,0.0000000000e+00,nan,nan,nan,nan,nan,nan
-2.4361598905e-04,5.4176272710e-05,4.6950462047e+01,3.9112652892e+01,-1.8840759155e+01,8.8514220213e+01,6.5158560314e+01,-3.7048857421e+01,6.5158560314e+01,3.7048857421e+01,0.0000000000e+00,nan,nan,nan,nan,nan,nan
-6.8169402571e-05,5.9155544088e-05,6.5414785537e+01,1.3417379811e+00,-4.1847910179e+01,9.2920475110e+01,6.5431098997e+01,-4.1864223639e+01,6.5431098997e+01,4.1864223639e+01,0.0000000000e+00,nan,nan,nan,nan,nan,nan
-5.8474125511e-05,5.9171063140e-05,6.5563333970e+01,-5.0186141370e-01,-4.1841738315e+01,9.3018854568e+01,6.5565258552e+01,-4.1843662897e+01,6.5565258552e+01,4.1843662897e+01,0.0000000000e+00,nan,nan,nan,nan,nan,nan
-1.0922859163e-04,5.4170634238e-05,7.3425734107e+01,1.0241226821e+01,-4.1439554704e+01,1.0104421921e+02,7.4330996863e+01,-4.2344817461e+01,7.4330996863e+01,4.2344817461e+01,0.0000000000e+00,nan,nan,nan,nan,nan,nan
8.6799209324e-05,1.5289697683e-04,4.6452566824e+00,-1.5961777441e+00,-1.8975622728e+01,2.0605384970e+01,4.7313415367e+00,-1.9061707582e+01,4.8130775514e+00,1.9063367285e+01,1.0000000000e+00,2.6727802760e+01,2.5494669555e+01,8.0247906326e+00,1.9983579939e+01,-3.0024131443e-01,9.5386327800e-01
-1.0521506514e-04,4.8879259042e-05,8.4158332181e+01,9.5287131485e+00,-4.2872728068e+01,1.1124217218e+02,8.4868500107e+01,-4.3582895994e+01,8.4868500107e+01,4.3582895994e+01,0.0000000000e+00,nan,nan,nan,nan,nan,nan
-2.5247880702e-04,3.0368419603e-05,1.2266424276e+02,5.0796152146e+01,-1.8426946662e+01,1.5056305594e+02,1.3904626893e+02,-3.4808972825e+01,1.3904626893e+02,3.4808972825e+01,0.0000000000e+00,nan,nan,nan,nan,nan,nan
-1.7083401530e-04,2.6114341377e-05,1.4099851603e+02,2.6048111292e+01,-4.2700841788e+01,1.6536026340e+02,1.4461962971e+02,-4.6321955464e+01,1.4461962971e+02,4.6321955464e+01,0.0000000000e+00,nan,nan,nan,nan,nan,nan
-1.6728004510e-04,2.6078094393e-05,1.4083234193e+02,2.5054315003e+01,-4.3166893167e+01,1.6514960075e+02,1.4418189083e+02,-4.6516442073e+01,1.4418189083e+02,4.6516442073e+01,0.0000000000e+00,nan,nan,nan,nan,nan,nan
-1.4985675662e-04,5.8647863851e-05,6.2183294888e+01,1.9382110297e+01,-3.6826111661e+01,9.2080502862e+01,6.5841294728e+01,-4.0484111501e+01,6.5841294728e+01,4.0484111501e+01,0.0000000000e+00,nan,nan,nan,nan,nan,nan
-1.3102728900e-04,5.8125126127e-05,6.4751503006e+01,1.5043211351e+01,-3.8880143928e+01,9.3451900287e+01,6.6890159326e+01,-4.1018800248e+01,6.6890159326e+01,4.1018800248e+01,0.0000000000e+00,nan,nan,nan,nan,nan,nan
-1.4050079817e-04,5.8363714853e-05,6.3585613561e+01,1.7226453015e+01,-3.7912716948e+01,9.2824498017e+01,6.6428697224e+01,-4.0755800611e+01,6.6428697224e+01,4.0755800611e+01,0.0000000000e+00,nan,nan,nan,nan,nan,nan
-2.4318282672e-04,2.9677085754e-05,1.2830890783e+02,4.8730551956e+01,-2.3058482319e+01,1.5590547647e+02,1.4263728156e+02,-3.7386856049e+01,1.4263728156e+02,3.7386856049e+01,0.0000000000e+00,nan,nan,nan,nan,nan,nan
-1.2148148342e-04,5.7922182534e-05,6.5725359601e+01,1.2856737537e+01,-3.9728763182e+01,9.4000334765e+01,6.7269416790e+01,-4.1272820371e+01,6.7269416790e+01,4.1272820371e+01,0.0000000000e+00,nan,nan,nan,nan,nan,nan
1.2363699353e-04,8.3066644724e-05,2.3312352160e+00,-6.8463372085e-01,-2.1695139535e+01,2.0837719226e+01,2.3487106450e+00,-2.1712614964e+01,2.3663596372e+00,2.1712614964e+01,0.0000000000e+00,nan,nan,nan,nan,nan,nan
-1.4929841673e-04,2.5943207588e-05,1.3998254181e+02,2.0263819393e+01,-4.5165431020e+01,1.6413794852e+02,1.4217364416e+02,-4.7356533370e+01,1.4217364416e+02,4.7356533370e+01,0.0000000000e+00,nan,nan,nan,nan,nan,nan
-1.7286963038e-04,4.8444502679e-05,8.1059157887e+01,2.6120816149e+01,-3.6248773881e+01,1.1120821651e+02,8.6611285743e+01,-4.1800901737e+01,8.6611285743e+01,4.1800901737e+01,0.0000000000e+00,nan,nan,nan,nan,nan,nan
-1.4923023145e-04,1.1085044936e-04,-5.7679404510e+00,1.2169891557e+01,-2.8611827645e+01,2.8905394177e+01,-5.0134693889e-01,-3.3878421158e+01,-1.3949961917e-01,3.3878421158e+01,1.0000000000e+00,1.8841084641e+01,1.8436840974e+01,3.8819280459e+00,2.1707930456e+01,-2.0603527450e-01,9.7854456499e-01
-1.7692890871e-04,2.4545156731e-05,1.4634805752e+02,2.7644353174e+01,-4.2311739145e+01,1.7025385015e+02,1.5031426540e+02,-4.6277947031e+01,1.5031426540e+02,4.6277947031e+01,0.0000000000e+00,nan,nan,nan,nan,nan,nan
-1.6730094379e-04,5.0091255228e-05,7.7917286364e+01,2.4519836822e+01,-3.6653941447e+01,1.0792659128e+02,8.2943118987e+01,-4.1679774069e+01,8.2943118987e+01,4.1679774069e+01,0.0000000000e+00,nan,nan,nan,nan,nan,nan
-1.6330518105e-04,4.8148607180e-05,8.2666131931e+01,2.3686170519e+01,-3.7706871956e+01,1.1202638397e+02,8.7158092929e+01,-4.2198832953e+01,8.7158092929e+01,4.2198832953e+01,0.0000000000e+00,nan,nan,nan,nan,nan,nan
-1.3880720205e-04,3.0724611313e-05,1.2638928395e+02,1.7809605835e+01,-4.4896287583e+01,1.5150984317e+02,1.2822074692e+02,-4.6727750571e+01,1.2822074692e+02,4.6727750571e+01,0.0000000000e+00,nan,nan,nan,nan,nan,nan
-1.2102002448e-04,3.0604029039e-05,1.2637855850e+02,1.3496935714e+01,-4.6218352181e+01,1.5128934346e+02,1.2742704633e+02,-4.7266840012e+01,1.2742704633e+02,4.7266840012e+01,0.0000000000e+00,nan,nan,nan,nan,nan,nan
-1.0883042120e-04,2.8934910182e-05,1.3057235850e+02,1.0674194413e+01,-4.7248243754e+01,1.5510212567e+02,1.3121031138e+02,-4.7886196633e+01,1.3121031138e+02,4.7886196633e+01,0.0000000000e+00,nan,nan,nan,nan,nan,nan
-1.1387882630e-04,3.0564668150e-05,1.2641106561e+02,1.1835312023e+01,-4.6632618228e+01,1.5125484056e+02,1.2721624661e+02,-4.7437799223e+01,1.2721624661e+02,4.7437799223e+01,0.0000000000e+00,nan,nan,nan,nan,nan,nan
-1.3166732444e-04,3.0683427635e-05,1.2634195531e+02,1.6047300081e+01,-4.5475084386e+01,1.5137048577e+02,1.2782722617e+02,-4.6960355246e+01,1.2782722617e+02,4.6960355247e+01,0.0000000000e+00,nan,nan,nan,nan,nan,nan
-7.7922136572e-05,3.0481573843e-05,1.2683587640e+02,3.9921078149e+00,-4.7660944289e+01,1.5127609407e+02,1.2692675969e+02,-4.7751827580e+01,1.2692675969e+02,4.7751827580e+01,0.0000000000e+00,nan,nan,nan,nan,nan,nan
-9.9543233264e-05,3.0507858093e-05,1.2653233011e+02,8.6083397568e+00,-4.7262283671e+01,1.5124644937e+02,1.2695720148e+02,-4.7687155039e+01,1.2695720148e+02,4.7687155039e+01,0.0000000000e+00,nan,nan,nan,nan,nan,nan
-6.7116409752e-05,3.0481997491e-05,1.2705154705e+02,1.7906090804e+00,-4.7575364075e+01,1.5126249221e+02,1.2706953208e+02,-4.7593349109e+01,1.2706953208e+02,4.7593349109e+01,0.0000000000e+00,nan,nan,nan,nan,nan,nan
-6.3543013507e-05,3.0477006765e-05,1.2714536386e+02,1.0776270105e+00,-4.7500105349e+01,1.5125830127e+02,1.2715165021e+02,-4.7506391698e+01,1.2715165021e+02,4.7506391698e+01,0.0000000000e+00,nan,nan,nan,nan,nan,nan
-8.5159779660e-05,3.0476101495e-05,1.2673709646e+02,5.5054990846e+00,-4.7608533868e+01,1.5128784110e+02,1.2691035708e+02,-4.7781794489e+01,1.2691035708e+02,4.7781794489e+01,0.0000000000e+00,nan,nan,nan,nan,nan,nan
-1.3945516271e-05,1.2804026696e-04,-3.4223604271e+01,-1.5975211308e+00,-3.2306654056e+01,3.0326854990e+00,-3.1514207374e+01,-3.5016050952e+01,-1.0610271264e-08,3.5016050952e+01,1.0000000000e+00,1.6474041174e+01,1.6433125728e+01,1.1603496953e+00,2.0047170003e+01,-7.0435036735e-02,9.9751636859e-01
-6.8226132281e-05,2.9732282260e-06,2.0162141646e+02,2.4348900527e+00,-5.2772734166e+01,2.2035178429e+02,2.0164450312e+02,-5.2795820829e+01,2.0164450312e+02,5.2795820829e+01,0.0000000000e+00,nan,nan,nan,nan,nan,nan
-1.7536978457e-04,1.0486804028e-04,-5.4920977236e+00,1.4775376911e+01,-2.7122125643e+01,3.1711387170e+01,2.0014662358e+00,-3.4615689602e+01,1.9977985506e+00,3.4615689602e+01,1.0000000000e+00,1.8434592395e+01,1.7893916047e+01,4.4319256869e+00,2.2000620866e+01,-2.4041354383e-01,9.7067055582e-01
7.8010561633e-05,1.1399894209e-04,-4.8844397457e+00,5.0237653364e+00,-2.0447775941e+01,1.6064994178e+01,-3.3909791302e+00,-2.1941236557e+01,4.1785824285e-03,2.1941236534e+01,0.0000000000e+00,nan,nan,nan,nan,nan,nan
1.5093438548e-04,1.6551777764e-04,8.2211583084e+00,-3.8661989705e+00,-1.3199123613e+01,1.9712472837e+01,8.8920188463e+00,-1.3869984151e+01,8.8905546265e+00,1.3869984151e+01,1.0000000000e+00,3.2752684255e+01,3.2736582573e+01,1.0268823539e+00,1.8146810249e+01,-3.1352616657e-02,9.9950838587e-01
-1.8082268339e-04,1.0398324249e-04,-6.0670388625e+00,1.5180398150e+01,-2.6732426888e+01,3.1803892005e+01,1.9622527348e+00,-3.4761718485e+01,1.9618506616e+00,3.4761718485e+01,1.0000000000e+00,1.8261272834e+01,1.7670181104e+01,4.6085556612e+00,2.2097559013e+01,-2.5236771297e-01,9.6763140578e-01
-7.6127285131e-05,2.9634510504e-06,2.0171702196e+02,3.7593704574e+00,-5.2922406789e+01,2.2061993493e+02,2.0177228641e+02,-5.2977671236e+01,2.0177228641e+02,5.2977671236e+01,0.0000000000e+00,nan,nan,nan,nan,nan,nan
1.6860852605e-04,5.8873241738e-05,1.5267954690e+01,-7.9041968355e+00,-1.5490915342e+01,2.9947139775e+01,1.7178508885e+01,-1.7401469537e+01,1.7178490784e+01,1.7401469537e+01,0.0000000000e+00,nan,nan,nan,nan,nan,nan
1.5991254609e-04,1.6529432736e-04,7.0091856145e+00,-4.3788720561e+00,-1.2889170658e+01,1.8821043242e+01,7.9263418605e+00,-1.3806326904e+01,7.9265181399e+00,1.3806326904e+01,1.0000000000e+00,3.1902819861e+01,3.1899657637e+01,-4.4917450737e-01,1.7845154086e+01,1.4079460980e-02,9.9990087948e-01
-1.6395533491e-04,1.6536316015e-05,1.6967601369e+02,2.3040021381e+01,-4.6111148942e+01,1.9108920070e+02,1.7210783384e+02,-4.8542969086e+01,1.7210783384e+02,4.8542969086e+01,0.0000000000e+00,nan,nan,nan,nan,nan,nan
-8.1909946190e-05,1.4444938592e-06,2.0611982891e+02,4.6900305336e+00,-5.3224872395e+01,2.2474556872e+02,2.0620439286e+02,-5.3309436341e+01,2.0620439286e+02,5.3309436341e+01,0.0000000000e+00,nan,nan,nan,nan,nan,nan
1.2342082130e-04,1.0460701653e-04,-5.1958872023e+00,-8.8825827380e-01,-1.7117926639e+01,1.0428846917e+01,-5.1358093456e+00,-1.7178004496e+01,4.7997460903e-05,1.7178004496e+01,0.0000000000e+00,nan,nan,nan,nan,nan,nan
9.8581565672e-05,1.1879189754e-04,-9.5898694454e+00,3.9214347812e+00,-2.1447660173e+01,1.2327116368e+01,-8.4017008554e+00,-2.2635828763e+01,-5.8203564183e-07,2.2635828756e+01,0.0000000000e+00,nan,nan,nan,nan,nan,nan
1.9432436681e-04,5.7840076551e-05,1.0471268149e+01,-7.9812414163e+00,-1.4695656298e+01,2.5819794652e+01,1.2794871318e+01,-1.7019259468e+01,1.2789829279e+01,1.7019259468e+01,0.0000000000e+00,nan,nan,nan,nan,nan,nan
1.9762326812e-04,5.5413239973e-05,1.3114028305e+01,-8.8489798401e+00,-1.4397052346e+01,2.8339087840e+01,1.5720067973e+01,-1.7003092014e+01,1.5724817683e+01,1.7003092014e+01,0.0000000000e+00,nan,nan,nan,nan,nan,nan
-8.9875616583e-05,1.4435909130e-06,2.0646871004e+02,6.0289755032e+00,-5.3214867485e+01,2.2513447119e+02,2.0660836882e+02,-5.3354526266e+01,2.0660836882e+02,5.3354526266e+01,0.0000000000e+00,nan,nan,nan,nan,nan,nan
1.1472196441e-04,1.2399488027e-04,-1.0428399654e+01,1.6853876560e-01,-1.7011430468e+01,5.7389500935e+00,-1.0406530679e+01,-1.7033299442e+01,-5.5719120887e-08,1.7033299442e+01,0.0000000000e+00,nan,nan,nan,nan,nan,nan
-2.0390739815e-04,1.5162833276e-05,1.8281732596e+02,3.4211627882e+01,-4.0578308550e+01,2.0233509356e+02,1.8793772944e+02,-4.5698712030e+01,1.8793772944e+02,4.5698712030e+01,0.0000000000e+00,nan,nan,nan,nan,nan,nan
1.2801049604e-04,1.2368201088e-04,-1.0452971857e+01,-1.7258639763e-01,-1.7034637455e+01,5.7192027475e+00,-1.0441821410e+01,-1.7045787902e+01,-4.7782906753e-07,1.7045787902e+01,0.0000000000e+00,nan,nan,nan,nan,nan,nan
2.6478121076e-04,1.3925199688e-04,-1.3506335145e+00,-7.2761948107e+00,-8.3780245090e+00,1.3994345714e+01,3.2153102535e+00,-1.2943968277e+01,3.2153102527e+00,1.2943968277e+01,0.0000000000e+00,nan,nan,nan,nan,nan,nan
1.2999103208e-04,1.0399113611e-04,-5.5383094113e+00,-9.2404447997e-01,-1.6936539518e+01,1.0006659954e+01,-5.4600766467e+00,-1.7014772282e+01,-5.3893483735e-05,1.7014772282e+01,0.0000000000e+00,nan,nan,nan,nan,nan,nan
-9.9912101903e-05,2.9603825394e-06,2.0275311415e+02,7.8566060494e+00,-5.2820646872e+01,2.2175083010e+02,2.0299413509e+02,-5.3061667815e+01,2.0299413509e+02,5.3061667815e+01,0.0000000000e+00,nan,nan,nan,nan,nan,nan
1.5359609652e-04,1.3935121989e-04,-5.1937494953e+00,-2.5692470756e+00,-1.5450309312e+01,9.9298072551e+00,-4.5890525116e+00,-1.6055006295e+01,2.2402493989e-03,1.6055006295e+01,0.0000000000e+00,nan,nan,nan,nan,nan,nan
1.5728372134e-04,1.3713557709e-04,-5.4657814406e+00,-2.7359799103e+00,-1.5255919904e+01,9.7083815385e+00,-4.7557139778e+00,-1.5965987367e+01,8.4089847531e-04,1.5965987367e+01,0.0000000000e+00,nan,nan,nan,nan,nan,nan
1.6433356807e-04,1.2870742739e-04,-6.5916928905e+00,-2.4565910506e+00,-1.5257035616e+01,8.6227940806e+00,-5.9459917697e+00,-1.5902736737e+01,8.4085380200e-05,1.5902736737e+01,0.0000000000e+00,nan,nan,nan,nan,nan,nan
-2.4302510427e-04,1.2344307113e-05,2.0812400415e+02,4.7966872227e+01,-2.9575406079e+01,2.2198179618e+02,2.1743554881e+02,-3.8886950748e+01,2.1743554881e+02,3.8886950748e+01,0.0000000000e+00,nan,nan,nan,nan,nan,nan
-2.2253419901e-04,9.1508617816e-05,-8.7071860985e+00,1.8972076001e+01,-2.2916103021e+01,3.5084720503e+01,4.4445282669e+00,-3.6067817386e+01,4.4445282669e+00,3.6067817386e+01,1.0000000000e+00,1.6922533339e+01,1.6020647154e+01,5.4507797026e+00,2.2610436744e+01,-3.2210187407e-01,9.4670501357e-01
2.2289861624e-04,1.5577342176e-04,1.2877635184e+00,-6.3087529895e+00,-1.0526615948e+01,1.4968038319e+01,4.0223747375e+00,-1.3261227168e+01,4.0223751546e+00,1.3261227168e+01,1.0000000000e+00,2.7490631802e+01,2.6605026416e+01,-6.9215176309e+00,1.6217016868e+01,2.5177732111e-01,9.6778519340e-01
-2.2507137891e-04,9.0637180131e-05,-8.9784653806e+00,1.9170147911e+01,-2.2610133855e+01,3.5234864442e+01,4.5485588525e+00,-3.6137158088e+01,4.5485588525e+00,3.6137158088e+01,1.0000000000e+00,1.6922533339e+01,1.6020647154e+01,5.4507797026e+00,2.2610436744e+01,-3.2210187407e-01,9.4670501357e-01
-1.0783843490e-04,2.9600600688e-06,2.0337799419e+02,9.2685551350e+00,-5.2629997376e+01,2.2228936275e+02,2.0371282183e+02,-5.2964825016e+01,2.0371282183e+02,5.2964825016e+01,0.0000000000e+00,nan,nan,nan,nan,nan,nan
1.3587464908e-04,9.6412873793e-05,-3.7195576544e+00,-1.6670353254e+00,-1.6799256216e+01,1.1692846789e+01,-3.5085386937e+00,-1.7010275177e+01,-2.0338419514e-03,1.7010275177e+01,0.0000000000e+00,nan,nan,nan,nan,nan,nan
1.3855689016e-04,9.0900312555e-05,-1.7622084075e+00,-2.5069359366e+00,-1.6604591062e+01,1.3575731641e+01,-1.3454474174e+00,-1.7021352052e+01,-9.1420172609e-02,1.7021352052e+01,0.0000000000e+00,nan,nan,nan,nan,nan,nan
1.4120507030e-04,8.5415449896e-05,7.1058352657e-01,-3.5600954334e+00,-1.6201750933e+01,1.5901150187e+01,1.4349496377e+00,-1.6926117044e+01,1.2621760854e+00,1.6926117044e+01,0.0000000000e+00,nan,nan,nan,nan,nan,nan
1.4432684885e-04,8.3215002933e-05,1.4412959470e+00,-3.9000020315e+00,-1.6134894586e+01,1.6664403588e+01,2.2743985779e+00,-1.6967997216e+01,2.1865640736e+00,1.6967997216e+01,0.0000000000e+00,nan,nan,nan,nan,nan,nan
-1.1378129781e-04,1.4455652992e-06,2.0836760990e+02,1.0186575737e+01,-5.2715129493e+01,2.2679111377e+02,2.0876415079e+02,-5.3111670379e+01,2.0876415079e+02,5.3111670379e+01,0.0000000000e+00,nan,nan,nan,nan,nan,nan
2.3633039749e-04,1.5186010700e-04,4.1205454212e-01,-6.6043860342e+00,-9.9115976068e+00,1.4517212933e+01,3.6317452626e+00,-1.3131288327e+01,3.6317452146e+00,1.3131288327e+01,1.0000000000e+00,2.6453430347e+01,2.5213530596e+01,-8.0038648160e+00,1.5880105339e+01,3.0256434462e-01,9.5312896156e-01
-2.9830860403e-04,5.7411162655e-05,2.4772531549e+00,3.1770793146e+01,-5.9814699982e+00,5.5395617287e+01,3.0230566131e+01,-3.3734782974e+01,3.0230566131e+01,3.3734782974e+01,0.0000000000e+00,nan,nan,nan,nan,nan,nan
1.4330175792e-04,7.6764789137e-05,5.1558815414e+00,-4.2532746981e+00,-1.6931846219e+01,2.0489968196e+01,5.9419063145e+00,-1.7717870993e+01,5.9429362002e+00,1.7717870993e+01,0.0000000000e+00,nan,nan,nan,nan,nan,nan
-2.3505695135e-04,8.6684847286e-05,-9.8824770106e+00,2.0078206087e+01,-2.1196444737e+01,3.6122920531e+01,5.3161170188e+00,-3.6395038767e+01,5.3161170188e+00,3.6395038767e+01,1.0000000000e+00,1.6429678205e+01,1.5438630052e+01,5.6198779379e+00,2.2744068430e+01,-3.4205648264e-01,9.3967939356e-01
-1.2174481962e-04,1.4453383504e-06,2.0930323337e+02,1.1626388860e+01,-5.2409588978e+01,2.2754221358e+02,2.0981838046e+02,-5.2924736065e+01,2.0981838046e+02,5.2924736065e+01,0.0000000000e+00,nan,nan,nan,nan,nan,nan
-4.1935642654e-05,3.0551518025e-05,1.2747863092e+02,-3.0880176790e+00,-4.6419473250e+01,1.5069454598e+02,1.2753311552e+02,-4.6473957850e+01,1.2753311552e+02,4.6473957850e+01,0.0000000000e+00,nan,nan,nan,nan,nan,nan
-1.3163668730e-04,2.9696365189e-06,2.0612969314e+02,1.3688216660e+01,-5.1649492308e+01,2.2449807231e+02,2.0685412289e+02,-5.2373922064e+01,2.0685412289e+02,5.2373922064e+01,0.0000000000e+00,nan,nan,nan,nan,nan,nan
-2.4799103713e-04,8.2292940625e-05,-1.3436697392e+01,2.1129572080e+01,-1.9139273015e+01,3.6912333373e+01,5.0233604063e+00,-3.7599330812e+01,5.0233604063e+00,3.7599330812e+01,1.0000000000e+00,1.5832420500e+01,1.4748126241e+01,5.7583253876e+00,2.2878156475e+01,-3.6370467722e-01,9.3151430895e-01
-1.3556930061e-04,2.9626198866e-06,2.0674969337e+02,1.4447043091e+01,-5.1432362660e+01,2.2498736909e+02,2.0755518347e+02,-5.2237852752e+01,2.0755518347e+02,5.2237852752e+01,0.0000000000e+00,nan,nan,nan,nan,nan,nan
-2.1780996736e-04,4.5032576623e-05,8.1973029817e+01,3.8305315244e+01,-2.7821889925e+01,1.1594053635e+02,9.4013869816e+01,-3.9862729923e+01,9.4013869816e+01,3.9862729923e+01,0.0000000000e+00,nan,nan,nan,nan,nan,nan
2.7287798354e-04,1.3721831630e-04,-1.6876815583e+00,-7.4110868767e+00,-7.8346596955e+00,1.3895196720e+01,3.2612249401e+00,-1.2783566194e+01,3.2612249398e+00,1.2783566194e+01,1.0000000000e+00,2.3516611351e+01,2.1237535177e+01,-1.0099411322e+01,1.5090745446e+01,4.2945861421e-01,9.0308653997e-01
-1.4349183504e-04,2.9623414974e-06,2.0808775167e+02,1.6007224926e+01,-5.0942299795e+01,2.2603267434e+02,2.0907275132e+02,-5.1927299437e+01,2.0907275132e+02,5.1927299437e+01,0.0000000000e+00,nan,nan,nan,nan,nan,nan
2.8135257884e-04,1.3337266429e-04,-2.1175835526e+00,-7.5923640716e+00,-7.2280260101e+00,1.3874274198e+01,3.3375111615e+00,-1.2683120724e+01,3.3375111614e+00,1.2683120724e+01,1.0000000000e+00,2.2836889270e+01,2.0333193132e+01,-1.0396382475e+01,1.4942257375e+01,4.5524512347e-01,8.9036614803e-01
-1.4961193426e-04,1.4455908218e-06,2.1388772623e+02,1.6935809845e+01,-5.0821845046e+01,2.3111351991e+02,2.1496639352e+02,-5.1900512341e+01,2.1496639352e+02,5.1900512341e+01,0.0000000000e+00,nan,nan,nan,nan,nan,nan
-2.2185702894e-04,5.3349177201e-05,5.8563141697e+01,3.6557827661e+01,-2.4974118943e+01,9.6137954015e+01,7.2299785007e+01,-3.8710762253e+01,7.2299785007e+01,3.8710762253e+01,0.0000000000e+00,nan,nan,nan,nan,nan,nan
-1.5757225612e-04,1.4459789849e-06,2.1561399181e+02,1.8543917228e+01,-5.0210348516e+01,2.3243955801e+02,2.1690086304e+02,-5.1497219740e+01,2.1690086304e+02,5.1497219740e+01,0.0000000000e+00,nan,nan,nan,nan,nan,nan
2.9287810016e-04,1.2709576045e-04,-2.7099899984e+00,-7.8615562129e+00,-6.3023452778e+00,1.3966428560e+01,3.5573536504e+00,-1.2569688927e+01,3.5573536504e+00,1.2569688927e+01,1.0000000000e+00,2.1350593735e+01,1.8397992304e+01,-1.0833361990e+01,1.4658446622e+01,5.0740331274e-01,8.6170869685e-01
-3.1692289689e-05,1.2436478348e-04,-2.5000024010e+01,-9.1073909619e-02,-3.2084601509e+01,6.1163330714e+00,-2.5011046214e+01,-3.2073579305e+01,-3.1301243872e-07,3.2073579305e+01,0.0000000000e+00,nan,nan,nan,nan,nan,nan
-2.3563564014e-04,5.2893877650e-05,5.4143453254e+01,3.8908877408e+01,-2.1282758145e+01,9.3848912859e+01,7.0614042657e+01,-3.7753347548e+01,7.0614042657e+01,3.7753347548e+01,0.0000000000e+00,nan,nan,nan,nan,nan,nan
-1.9470832075e-04,7.4630632526e-06,2.0691510607e+02,2.9003599582e+01,-4.4535816985e+01,2.2348035898e+02,2.1021608996e+02,-4.7836800874e+01,2.1021608996e+02,4.7836800874e+01,0.0000000000e+00,nan,nan,nan,nan,nan,nan
-2.8457308353e-04,1.5569895902e-06,3.0984146466e+02,6.7169620793e+01,-4.1240282641e+00,2.9571848249e+02,3.2359186367e+02,-1.7874427271e+01,3.2359186367e+02,1.7874427271e+01,0.0000000000e+00,nan,nan,nan,nan,nan,nan
-1.9850865347e-04,7.4508857066e-06,2.0830960634e+02,3.0051984423e+01,-4.3919964649e+01,2.2455131203e+02,2.1183958129e+02,-4.7449939605e+01,2.1183958129e+02,4.7449939605e+01,0.0000000000e+00,nan,nan,nan,nan,nan,nan
-2.8873550342e-04,3.2121982451e-06,2.9574258980e+02,7.2789384153e+01,-5.1961635955e-02,2.8549537745e+02,3.1267614710e+02,-1.6985518943e+01,3.1267614710e+02,1.6985518943e+01,0.0000000000e+00,nan,nan,nan,nan,nan,nan
-2.1281239779e-04,5.9549496625e-06,2.1941745231e+02,3.3603727308e+01,-4.1622368331e+01,2.3343702023e+02,2.2367246846e+02,-4.5877384477e+01,2.2367246846e+02,4.5877384477e+01,0.0000000000e+00,nan,nan,nan,nan,nan,nan
-3.0789951664e-04,1.7297107555e-06,3.0925783455e+02,8.6628983852e+01,5.9385095804e+00,3.0249600507e+02,3.3224432202e+02,-1.7047977891e+01,3.3224432202e+02,1.7047977891e+01,0.0000000000e+00,nan,nan,nan,nan,nan,nan
-2.2176168613e-04,7.5306466709e-06,2.1803152322e+02,3.7241427613e+01,-3.8968821175e+01,2.3172445899e+02,2.2331752980e+02,-4.4254827756e+01,2.2331752980e+02,4.4254827756e+01,0.0000000000e+00,nan,nan,nan,nan,nan,nan
-2.2554128394e-04,7.5244621766e-06,2.1999984636e+02,3.8548717709e+01,-3.7925502170e+01,2.3313206998e+02,2.2563603545e+02,-4.3561691265e+01,2.2563603545e+02,4.3561691265e+01,0.0000000000e+00,nan,nan,nan,nan,nan,nan
-3.1624842738e-04,1.0342555953e-05,1.7985388252e+02,7.2494533763e+01,9.6719573718e+00,1.9361130467e+02,2.0654445882e+02,-1.7018618924e+01,2.0654445882e+02,1.7018618924e+01,0.0000000000e+00,nan,nan,nan,nan,nan,nan
-3.2641650074e-04,1.1645971766e-05,1.3931644600e+02,6.3011717180e+01,8.3731715267e+00,1.5738406914e+02,1.6471054345e+02,-1.7020925919e+01,1.6471054345e+02,1.7020925919e+01,0.0000000000e+00,nan,nan,nan,nan,nan,nan
-1.4574232961e-04,2.5915872952e-05,1.3984962358e+02,1.9358760429e+01,-4.5500125878e+01,1.6398102155e+02,1.4184923579e+02,-4.7499738081e+01,1.4184923579e+02,4.7499738081e+01,0.0000000000e+00,nan,nan,nan,nan,nan,nan
-2.5297853384e-04,1.4870750671e-06,2.6301788940e+02,4.4757310037e+01,-2.9649648915e+01,2.6504296590e+02,2.6970674795e+02,-3.6338507466e+01,2.6970674795e+02,3.6338507466e+01,0.0000000000e+00,nan,nan,nan,nan,nan,nan
2.1983452487e-05,1.2844075695e-04,-4.2679266253e+01,-6.8900208981e+00,-3.3962108435e+01,1.4053395919e+01,-3.0206955427e+01,-4.6434419261e+01,2.8847789499e-08,4.6434419261e+01,0.0000000000e+00,nan,nan,nan,nan,nan,nan
-2.6312748464e-04,6.2065970594e-06,2.5171506811e+02,5.4688511967e+01,-2.0923866719e+01,2.5439533445e+02,2.6227081552e+02,-3.1479614129e+01,2.6227081552e+02,3.1479614129e+01,0.0000000000e+00,nan,nan,nan,nan,nan,nan
-1.8550735696e-04,4.8927983586e-05,7.8304354173e+01,2.9317660268e+01,-3.4017331584e+01,1.0972756685e+02,8.5494751553e+01,-4.1207728964e+01,8.5494751553e+01,4.1207728964e+01,0.0000000000e+00,nan,nan,nan,nan,nan,nan
-2.6683714557e-04,6.2136108497e-06,2.5468513576e+02,5.7036782633e+01,-1.8033088229e+01,2.5599976402e+02,2.6612755643e+02,-2.9475508905e+01,2.6612755643e+02,2.9475508905e+01,0.0000000000e+00,nan,nan,nan,nan,nan,nan
-1.9361203033e-04,4.5592243428e-05,8.5349852600e+01,3.1938443389e+01,-3.3348179866e+01,1.1673243236e+02,9.3396337611e+01,-4.1394664877e+01,9.3396337611e+01,4.1394664877e+01,0.0000000000e+00,nan,nan,nan,nan,nan,nan
-2.1234466747e-04,2.5011636300e-05,1.4822392759e+02,3.8851561978e+01,-3.5300117936e+01,1.7259202889e+02,1.5610795917e+02,-4.3184149517e+01,1.5610795917e+02,4.3184149517e+01,0.0000000000e+00,nan,nan,nan,nan,nan,nan
3.5753309240e-04,7.1694848300e-05,-5.8526304898e+00,-9.9782082767e+00,4.1968109591e+00,1.9345679672e+01,1.0341323601e+01,-1.1997143131e+01,1.0341323601e+01,1.1997143131e+01,1.0000000000e+00,9.9477588337e+00,6.2105707610e+00,-7.7708890505e+00,1.3620220550e+01,7.8116982734e-01,6.2431858923e-01
-2.2500594202e-04,2.1914947259e-05,1.6134127728e+02,4.3036187773e+01,-3.2717640750e+01,1.8384516408e+02,1.7045487323e+02,-4.1831236692e+01,1.7045487323e+02,4.1831236692e+01,0.0000000000e+00,nan,nan,nan,nan,nan,nan
3.3905021379e-04,1.4795122850e-05,-7.2363789253e-01,-1.2711634805e+01,-3.9159858127e+00,2.2185391709e+01,1.0488930022e+01,-1.5128553728e+01,1.0488930022e+01,1.5128553728e+01,0.0000000000e+00,nan,nan,nan,nan,nan,nan
-2.8999827311e-04,6.3724706178e-05,-1.3156397927e+01,2.7149466364e+01,-8.8815922593e+00,4.7099586252e+01,1.6173963709e+01,-3.8211953894e+01,1.6173963709e+01,3.8211953894e+01,1.0000000000e+00,1.1971479534e+01,1.0866862426e+01,5.0227107471e+00,2.3265657760e+01,-4.1955639090e-01,9.0772927399e-01
-3.2805764204e-04,5.0596556465e-05,3.4932990877e+01,2.8291357793e+01,1.3041411403e+00,5.6795075895e+01,5.0909218365e+01,-1.4672086348e+01,5.0909218365e+01,1.4672086347e+01,1.0000000000e+00,1.6696835382e+01,1.5562467016e+01,6.0492918725e+00,2.3272879345e+01,-3.6230170173e-01,9.3206087619e-01
-2.4944414784e-04,3.0111655755e-05,1.2478060363e+02,5.0218498896e+01,-2.0012507454e+01,1.5260375018e+02,1.4048986434e+02,-3.5721768157e+01,1.4048986434e+02,3.5721768157e+01,0.0000000000e+00,nan,nan,nan,nan,nan,nan
3.7336929384e-04,4.8882106121e-05,-6.3469116929e+00,-1.1027701930e+01,1.1206627410e+01,2.4402214628e+01,1.6518483043e+01,-1.1658767326e+01,1.6518483043e+01,1.1658767246e+01,1.0000000000e+00,5.2160359776e+00,2.6762231667e+00,-4.4771487446e+00,1.3593335626e+01,8.5834314868e-01,5.1307605588e-01
-3.3849879638e-04,4.5864273641e-05,4.4474163290e+01,4.0435810834e+01,1.5587617147e+01,7.4360103013e+01,7.2962715710e+01,-1.2900935273e+01,7.2962715710e+01,1.2900935435e+01,1.0000000000e+00,1.4232451947e+01,1.2440563837e+01,6.9133971265e+00,2.3693062529e+01,-4.8574884723e-01,8.7409842547e-01
-2.2715060168e-04,4.9795607949e-05,6.5843017383e+01,3.8828231349e+01,-2.4196968117e+01,1.0296806667e+02,8.0271665645e+01,-3.8625616378e+01,8.0271665645e+01,3.8625616378e+01,0.0000000000e+00,nan,nan,nan,nan,nan,nan
-2.7680428549e-04,2.5098832047e-05,1.3364016509e+02,5.6002338267e+01,-1.9707089193e+00,1.5231418108e+02,1.5377336153e+02,-2.2103905366e+01,1.5377336154e+02,2.2103905366e+01,0.0000000000e+00,nan,nan,nan,nan,nan,nan
-2.8829256873e-04,2.5028572999e-05,1.2086392170e+02,5.4156331954e+01,4.1678290329e+00,1.3788645798e+02,1.4212465900e+02,-1.7092908268e+01,1.4212465900e+02,1.7092908268e+01,0.0000000000e+00,nan,nan,nan,nan,nan,nan
3.8872276400e-04,1.7336579654e-05,-3.3100505526e+00,-1.6285364539e+01,2.9360124559e+01,3.9907119820e+01,3.6065423374e+01,-1.0015349368e+01,3.6065423374e+01,1.0034311028e+01,1.0000000000e+00,5.1559125877e-01,1.9626300595e-01,-4.7677581589e-01,1.3876233663e+01,9.2471663896e-01,3.8065619346e-01
-3.1194327082e-04,2.6317521124e-05,8.6660830485e+01,4.6074885876e+01,3.3966239742e+00,1.0756369201e+02,1.0713065377e+02,-1.7073199309e+01,1.0713065377e+02,1.7073199309e+01,0.0000000000e+00,nan,nan,nan,nan,nan,nan
-3.2673554531e-04,1.7802123809e-05,1.0220265519e+02,5.1788950046e+01,5.4762097077e+00,1.2273320116e+02,1.2469947917e+02,-1.7020614279e+01,1.2469947917e+02,1.7020614268e+01,0.0000000000e+00,nan,nan,nan,nan,nan,nan
-2.6701330330e-04,5.0250009060e-05,4.5068950236e+01,4.1334870556e+01,-1.1552016674e+01,8.6768061507e+01,6.6854030449e+01,-3.3337096888e+01,6.6854030449e+01,3.3337096888e+01,0.0000000000e+00,nan,nan,nan,nan,nan,nan
-2.7062917064e-04,4.4018976766e-05,6.2691305592e+01,4.4245833346e+01,-9.4888813150e+00,9.8890004803e+01,8.3695383032e+01,-3.0492958755e+01,8.3695383032e+01,3.0492958755e+01,0.0000000000e+00,nan,nan,nan,nan,nan,nan
-3.2983650426e-04,1.2173091522e-05,1.2673733361e+02,5.9476969498e+01,7.5800974404e+00,1.4580972192e+02,1.5134199772e+02,-1.7024566673e+01,1.5134199772e+02,1.7024566669e+01,0.0000000000e+00,nan,nan,nan,nan,nan,nan
-3.2205158035e-04,1.9850791290e-05,9.9438182049e+01,5.0592980709e+01,4.9319384830e+00,1.1990851770e+02,1.2141427524e+02,-1.7044154705e+01,1.2141427524e+02,1.7044154707e+01,0.0000000000e+00,nan,nan,nan,nan,nan,nan
-2.0272254622e-04,9.5717235021e-05,-4.8353239029e+00,1.8048008639e+01,-2.4942080355e+01,3.5779114295e+01,5.7683791409e+00,-3.5545783397e+01,5.7683791404e+00,3.5545783399e+01,1.0000000000e+00,1.7618381684e+01,1.6863215970e+01,5.1028737326e+00,2.2381501945e+01,-2.8963351028e-01,9.5713762319e-01
-3.1962919663e-04,1.0720804095e-05,1.6642930344e+02,6.9718393262e+01,9.4775170914e+00,1.8181200478e+02,1.9292262017e+02,-1.7015799633e+01,1.9292262017e+02,1.7015799633e+01,0.0000000000e+00,nan,nan,nan,nan,nan,nan
-3.2174844055e-04,6.1045491885e-06,2.2055041602e+02,8.3152420704e+01,1.2051011167e+01,2.3095758839e+02,2.4964413942e+02,-1.7042712233e+01,2.4964413942e+02,1.7042712233e+01,0.0000000000e+00,nan,nan,nan,nan,nan,nan
-3.1723620528e-04,8.0779525727e-06,2.0559585371e+02,7.8611707069e+01,1.0759179545e+01,2.1681111957e+02,2.3335347487e+02,-1.6998441618e+01,2.3335347487e+02,1.6998441618e+01,0.0000000000e+00,nan,nan,nan,nan,nan,nan
-3.2128550935e-04,3.8856183277e-05,4.8105794772e+01,3.1240323346e+01,-2.0579636228e+00,6.9433890682e+01,6.3111591051e+01,-1.7063759901e+01,6.3111591051e+01,1.7063759900e+01,0.0000000000e+00,nan,nan,nan,nan,nan,nan
-3.1706291540e-04,4.0223872683e-05,4.8161988638e+01,3.1107702095e+01,-2.2759577573e+00,6.9411863943e+01,6.3017973773e+01,-1.7131942892e+01,6.3017973773e+01,1.7131942892e+01,0.0000000000e+00,nan,nan,nan,nan,nan,nan
-3.1176543893e-04,1.7783480814e-06,3.0353174951e+02,8.8649499537e+01,7.4508908271e+00,2.9885241400e+02,3.2803384184e+02,-1.7051201499e+01,3.2803384184e+02,1.7051201499e+01,0.0000000000e+00,nan,nan,nan,nan,nan,nan
-3.0012571024e-04,1.6532374871e-06,3.1633021593e+02,8.1539195192e+01,2.8890327724e+00,3.0596938201e+02,3.3626112942e+02,-1.7041880719e+01,3.3626112942e+02,1.7041880719e+01,0.0000000000e+00,nan,nan,nan,nan,nan,nan
7.3774179903e-05,1.4659985396e-04,-1.5357177644e+01,-3.0520760102e+00,-2.8940690530e+01,8.5825660406e+00,-1.7193787273e+01,-2.7104080900e+01,-6.7408402013e+00,2.5343140712e+01,1.0000000000e+00,2.2614663033e+01,1.9321609021e+01,1.1751527941e+01,2.1166965391e+01,-5.1964196522e-01,8.5438412203e-01
2.5738425488e-04,1.4141780020e-04,-1.0274065339e+00,-7.1351816592e+00,-8.8349064703e+00,1.4086417184e+01,3.2016402511e+00,-1.3063953255e+01,3.2016402635e+00,1.3063953255e+01,0.0000000000e+00,nan,nan,nan,nan,nan,nan
-9.0423685196e-06,1.2875250764e-04,-3.6694659807e+01,-2.1484390792e+00,-3.2455489124e+01,5.1005023543e+00,-3.1630298058e+01,-3.7519850873e+01,-7.1431906872e-09,3.7519850873e+01,1.0000000000e+00,1.6195404122e+01,1.6155170706e+01,1.1408655248e+00,2.0013568272e+01,-7.0443782462e-02,9.9751575101e-01
3.3876457964e-04,9.2022232313e-05,-4.9802065085e+00,-9.2113099466e+00,-4.4077911606e-01,1.6428823344e+01,6.7746927676e+00,-1.2195678392e+01,6.7746927676e+00,1.2195678392e+01,1.0000000000e+00,1.4444417576e+01,1.0415112097e+01,-1.0008328487e+01,1.3844402569e+01,6.9288556875e-01,7.2104756335e-01
3.7809517785e-04,4.0485848296e-05,-6.2983074015e+00,-1.1584739072e+01,1.4587563384e+01,2.7002299085e+01,1.9734412636e+01,-1.1445156654e+01,1.9734412636e+01,1.1445160214e+01,1.0000000000e+00,3.3416356243e+00,1.5498112281e+00,-2.9605090446e+00,1.3650692798e+01,8.8594609868e-01,4.6378821700e-01
1.1663720735e-04,1.6050985172e-04,4.3786459730e+00,-9.7512349591e-01,-1.7110163382e+01,1.8674188635e+01,4.4157891311e+00,-1.7147306540e+01,4.4174421955e+00,1.7147306538e+01,1.0000000000e+00,2.5799660631e+01,2.5374474934e+01,4.6646018612e+00,1.9186922987e+01,-1.8080089997e-01,9.8351971743e-01
-1.8557666840e-04,5.8931888448e-06,2.0911504142e+02,2.6088907057e+01,-4.6268116505e+01,2.2573574861e+02,2.1175205768e+02,-4.8905132768e+01,2.1175205768e+02,4.8905132768e+01,0.0000000000e+00,nan,nan,nan,nan,nan,nan
3.8457409402e-04,1.3264227860e-05,2.3487868503e+00,-1.9142129801e+01,2.4587417039e+01,3.8314513270e+01,3.5588996495e+01,-8.6527926057e+00,3.5588996495e+01,8.6354781811e+00,0.0000000000e+00,nan,nan,nan,nan,nan,nan
-3.6858590649e-05,1.2408520422e-04,-2.3417543583e+01,5.3674312887e-01,-3.1941379932e+01,7.4161448663e+00,-2.3397748523e+01,-3.1961174992e+01,8.1673383882e-08,3.1961174992e+01,1.0000000000e+00,1.7772968493e+01,1.7717034458e+01,1.4089354394e+00,2.0286502204e+01,-7.9274063863e-02,9.9685285915e-01
-1.7107400182e-04,2.9169686179e-06,2.1440980052e+02,2.1789879118e+01,-4.8661056895e+01,2.3092985452e+02,2.1620178548e+02,-5.0453041858e+01,2.1620178548e+02,5.0453041858e+01,0.0000000000e+00,nan,nan,nan,nan,nan,nan
2.7251375679e-04,2.8605591342e-06,2.3988661420e+01,-2.1220051615e+01,-1.2093093617e+01,4.8230205466e+01,3.3793506010e+01,-2.1897938207e+01,3.3793506006e+01,2.1897938207e+01,0.0000000000e+00,nan,nan,nan,nan,nan,nan
2.9634398125e-04,3.1094352953e-06,2.2116925710e+01,-2.2088285432e+01,-5.5808588427e+00,4.5155787769e+01,3.4338739658e+01,-1.7802672791e+01,3.4338739657e+01,1.7802672791e+01,0.0000000000e+00,nan,nan,nan,nan,nan,nan
5.9192695835e-05,1.3689497853e-04,-5.5498772727e+01,-1.9885646429e+01,-4.4087679136e+01,3.5655181816e+01,-2.9207697112e+01,-7.0378754751e+01,-5.6742302946e-04,7.0378968296e+01,1.0000000000e+00,6.6461713264e+00,6.2361215134e+00,2.2983432664e+00,2.0439233943e+01,-3.4581462823e-01,9.3830285244e-01
3.1250812320e-04,3.0832515959e-06,1.5857217056e+01,-1.9636698463e+01,-6.2682985853e+00,3.9031754868e+01,2.7329453415e+01,-1.7740534944e+01,2.7329453415e+01,1.7740534944e+01,0.0000000000e+00,nan,nan,nan,nan,nan,nan
3.5751078397e-04,7.9232647720e-06,4.1186587618e-01,-1.3452171355e+01,3.5833660029e+00,2.3458629557e+01,1.5541462029e+01,-1.1546230150e+01,1.5541462029e+01,1.1546229745e+01,0.0000000000e+00,nan,nan,nan,nan,nan,nan
2.8513283058e-04,1.3148796934e-04,-2.3106111823e+00,-7.6764754689e+00,-6.9385335293e+00,1.3886020317e+01,3.3925252124e+00,-1.2641669924e+01,3.3925252124e+00,1.2641669924e+01,1.0000000000e+00,2.2482158412e+01,1.9865552671e+01,-1.0526502930e+01,1.4870146630e+01,4.6821585085e-01,8.8361412223e-01
3.6473905374e-04,3.9927086200e-06,1.9184832531e+00,-1.3053440877e+01,6.6364750375e+00,2.2974013674e+01,1.7541532124e+01,-8.9865738335e+00,1.7541532124e+01,8.9865636101e+00,0.0000000000e+00,nan,nan,nan,nan,nan,nan
3.7657653580e-04,4.1381310494e-06,6.0513230695e+00,-1.4973669184e+01,1.3328652511e+01,2.6688600702e+01,2.5098658590e+01,-5.7186830095e+00,2.5098658590e+01,5.7144986282e+00,0.0000000000e+00,nan,nan,nan,nan,nan,nan
3.1828773731e-04,1.1001934517e-04,-3.9876238234e+00,-8.5301428153e+00,-3.6463898429e+00,1.4775682869e+01,4.7137376488e+00,-1.2347751315e+01,4.7137376488e+00,1.2347751315e+01,1.0000000000e+00,1.8260343087e+01,1.4605964370e+01,-1.0959285309e+01,1.4205777098e+01,6.0016864178e-01,7.9987349089e-01
1.8093684890e-04,1.6075218379e-04,3.7392490767e+00,-5.3644862100e+00,-1.2232544486e+01,1.6659679012e+01,5.3718224577e+00,-1.3865117867e+01,5.3718723202e+00,1.3865117867e+01,0.0000000000e+00,nan,nan,nan,nan,nan,nan
3.2855815890e-04,3.4380579600e-06,2.5554565712e+00,-1.3853165966e+01,-7.0873668504e+00,2.5397345835e+01,1.2397209315e+01,-1.6929119594e+01,1.2397209315e+01,1.6929119594e+01,0.0000000000e+00,nan,nan,nan,nan,nan,nan
2.8880180326e-04,6.2081380821e-06,2.2856004837e+01,-2.1920425804e+01,-5.5009331184e+00,4.5216562092e+01,3.4783330155e+01,-1.7428258436e+01,3.4783330138e+01,1.7428258436e+01,0.0000000000e+00,nan,nan,nan,nan,nan,nan
3.8471353238e-04,2.6454723814e-05,-5.3992450217e+00,-1.3429365423e+01,2.2008863306e+01,3.3208294382e+01,2.7477626843e+01,-1.0868008559e+01,2.7477626843e+01,1.0867747564e+01,1.0000000000e+00,1.2650003614e+00,5.1010700927e-01,-1.1575909266e+00,1.3788177723e+01,9.1509138018e-01,4.0324653244e-01
-3.4877325682e-04,3.9410580137e-05,5.1768623293e+01,4.9058670808e+01,2.5677294773e+01,8.7887421759e+01,8.9464785644e+01,-1.2018867578e+01,8.9464785644e+01,1.2018873718e+01,1.0000000000e+00,1.1906528359e+01,9.9433448273e+00,6.5494512150e+00,2.3872002464e+01,-5.5007228113e-01,8.3511704900e-01
3.6953473295e-04,4.9249947967e-05,-5.7367260870e+00,-1.1616696883e+01,9.9312167958e+00,2.4259600263e+01,1.6103532096e+01,-1.1909041388e+01,1.6103532096e+01,1.1909041374e+01,0.0000000000e+00,nan,nan,nan,nan,nan,nan
-3.9883688141e-06,1.2885213708e-04,-3.8517982961e+01,-2.9885202551e+00,-3.2765216861e+01,7.0929284649e+00,-3.1546495753e+01,-3.9736704070e+01,-3.1079526830e-08,3.9736704070e+01,1.0000000000e+00,1.5895529179e+01,1.5855400455e+01,1.1287711481e+00,1.9982471803e+01,-7.1011863487e-02,9.9747547100e-01
3.5683280426e-04,6.7729701742e-05,-5.5426755856e+00,-1.0476950526e+01,4.3668528334e+00,2.0069162333e+01,1.0999024899e+01,-1.2174847651e+01,1.0999024899e+01,1.2174847651e+01,0.0000000000e+00,nan,nan,nan,nan,nan,nan
3.2855138539e-04,1.0120633777e-04,-4.4851625936e+00,-8.8713607573e+00,-2.1982510586e+00,1.5490352080e+01,5.6016521173e+00,-1.2285065769e+01,5.6016521173e+00,1.2285065769e+01,1.0000000000e+00,1.6170749859e+01,1.2241737348e+01,-1.0565652734e+01,1.3985466620e+01,6.5338050655e-01,7.5702966498e-01
-1.6615421535e-04,1.0558323082e-04,-4.0697419123e+00,1.4171467376e+01,-2.7786053680e+01,3.2003047085e+01,2.5490700534e+00,-3.4404865646e+01,2.5787296959e+00,3.4404865646e+01,1.0000000000e+00,1.8588876376e+01,1.8096190728e+01,4.2513769609e+00,2.1903547759e+01,-2.2870542978e-01,9.7349567353e-01
3.9295170903e-04,7.8332606426e-06,6.6417959474e+00,-2.4706746976e+01,4.1300637631e+01,5.2213032188e+01,5.4116424978e+01,-6.1739913995e+00,5.4116424978e+01,6.7991549420e+00,1.0000000000e+00,8.4525748141e-02,-3.2625927115e-02,7.7975322883e-02,1.4009380896e+01,9.2250378846e-01,3.8598803125e-01
-3.8747738709e-04,8.2998541588e-06,1.4307392498e+02,1.2762866602e+02,1.0598076609e+02,2.2355781461e+02,2.5359850998e+02,-4.5438189099e+00,2.5359850998e+02,5.5491006574e+00,1.0000000000e+00,2.4617489982e+00,1.7881972162e+00,1.6919098221e+00,2.3889741450e+01,-6.8727958185e-01,7.2639299031e-01
-2.4364145111e-04,8.2063195871e-05,-9.7503266070e+00,2.1974514449e+01,-1.9618900980e+01,3.9001102368e+01,7.8326831572e+00,-3.7201910745e+01,7.8326831572e+00,3.7201910745e+01,1.0000000000e+00,1.6054195513e+01,1.4999257711e+01,5.7235881838e+00,2.2834082464e+01,-3.5651666127e-01,9.3428896506e-01
1.4554740631e-04,1.6204062786e-04,5.6615667281e+00,-3.7110883193e+00,-1.3677471351e+01,1.7936121979e+01,6.3474725411e+00,-1.4363377165e+01,6.3358895330e+00,1.4363377165e+01,0.0000000000e+00,nan,nan,nan,nan,nan,nan
-1.9815696289e-04,9.6989945145e-05,-4.5237655617e+00,1.7601854391e+01,-2.5373014939e+01,3.5430561415e+01,5.5074539202e+00,-3.5404234421e+01,5.5074539153e+00,3.5404234421e+01,1.0000000000e+00,1.7854516198e+01,1.7155940895e+01,4.9454464588e+00,2.2287178727e+01,-2.7698574434e-01,9.6087402787e-01
-1.2078293676e-04,1.1452773645e-04,-6.3277618799e+00,9.4075751214e+00,-2.9922032945e+01,2.6131970025e+01,-3.0375974840e+00,-3.3212197341e+01,1.0530878865e-03,3.3212197341e+01,1.0000000000e+00,1.9116063749e+01,1.8858189636e+01,3.1293093389e+00,2.1309837767e+01,-1.6370050759e-01,9.8651008298e-01
-3.3598506693e-04,4.4464633660e-05,4.0935605834e+01,3.5253768353e+01,8.9889516031e+00,6.6913793422e+01,6.3594975363e+01,-1.3670417926e+01,6.3594975363e+01,1.3670417936e+01,0.0000000000e+00,nan,nan,nan,nan,nan,nan
1.4295438646e-05,1.2464460696e-04,-3.5548289987e+01,-6.5560074726e+00,-3.5134980252e+01,1.1283948606e+01,-2.8826844354e+01,-4.1856425885e+01,-5.3677819319e-07,4.1856425885e+01,0.0000000000e+00,nan,nan,nan,nan,nan,nan
-1.0941531705e-04,1.1850915057e-04,-9.3490981954e+00,8.2325619849e+00,-3.0069551247e+01,2.2916694471e+01,-6.4783649996e+00,-3.2940284443e+01,4.6974665135e-05,3.2940284443e+01,1.0000000000e+00,1.9131653394e+01,1.8918313528e+01,2.8491358044e+00,2.1159209525e+01,-1.4892261248e-01,9.8884885371e-01
-9.8914644827e-05,1.2031256764e-04,-1.1023245223e+01,7.2380742987e+00,-3.0325313588e+01,2.0891456534e+01,-8.6125913514e+00,-3.2735967459e+01,5.6132062993e-05,3.2735967459e+01,1.0000000000e+00,1.9111733877e+01,1.8925023048e+01,2.6649342243e+00,2.1058602087e+01,-1.3943968880e-01,9.9023056567e-01
2.1950561144e-04,1.5383668578e-04,1.1004245776e+00,-6.3100465407e+00,-1.0715864235e+01,1.4970981299e+01,3.8357802543e+00,-1.3451219912e+01,3.8357787644e+00,1.3451219912e+01,0.0000000000e+00,nan,nan,nan,nan,nan,nan
2.3825296582e-04,1.4796597543e-04,-4.7144966705e-02,-6.7272659253e+00,-9.8624437258e+00,1.4421907469e+01,3.3716978130e+00,-1.3281286506e+01,3.3716980023e+00,1.3281286506e+01,0.0000000000e+00,nan,nan,nan,nan,nan,nan
-4.4856806213e-05,1.2379659722e-04,-2.1261874534e+01,1.5111525148e+00,-3.1719816604e+01,9.4105182311e+00,-2.1057680335e+01,-3.1924010803e+01,1.2866096553e-06,3.1924010803e+01,1.0000000000e+00,1.8087241393e+01,1.8022395734e+01,1.5302134548e+00,2.0375862260e+01,-8.4601815252e-02,9.9641483974e-01
-2.0698057262e-04,9.6727052739e-05,-7.5215197106e+00,1.7574640482e+01,-2.4578122550e+01,3.3832282513e+01,3.4832562857e+00,-3.5582898546e+01,3.4832562857e+00,3.5582898546e+01,1.0000000000e+00,1.7491264873e+01,1.6707220246e+01,5.1781404477e+00,2.2427589339e+01,-2.9604150903e-01,9.5517507554e-01
2.9321861657e-04,1.2356115368e-04,-2.7934603543e+00,-7.9949015673e+00,-6.2831949099e+00,1.4172580524e+01,3.6442155484e+00,-1.2720870813e+01,3.6442155484e+00,1.2720870813e+01,0.0000000000e+00,nan,nan,nan,nan,nan,nan
-2.6620508215e-04,7.2720858393e-05,-1.0735701822e+01,2.5301619330e+01,-1.4623951871e+01,4.3938623824e+01,1.2688149446e+01,-3.8047803139e+01,1.2688149446e+01,3.8047803139e+01,1.0000000000e+00,1.4241308876e+01,1.3044757877e+01,5.7139452594e+00,2.3112475180e+01,-4.0122332219e-01,9.1598026492e-01
1.7298534893e-04,1.6138588853e-04,4.2968867468e+00,-5.1214065112e+00,-1.2530709577e+01,1.7057097192e+01,5.7310082400e+00,-1.3964831071e+01,5.7311938170e+00,1.3964831071e+01,0.0000000000e+00,nan,nan,nan,nan,nan,nan
2.6530737338e-05,1.2922410637e-04,-4.4753729309e+01,-7.6392716765e+00,-3.4034604617e+01,1.6110519927e+01,-3.0092753946e+01,-4.8695579979e+01,-1.1060313192e-08,4.8695579979e+01,1.0000000000e+00,1.2898876865e+01,1.2816551451e+01,1.4550028432e+00,1.9877080189e+01,-1.1280073905e-01,9.9361762931e-01
3.5986922541e-04,6.4233934747e-05,-5.6668313849e+00,-1.0629022521e+01,5.3996378637e+00,2.0750468457e+01,1.1846691789e+01,-1.2113885310e+01,1.1846691789e+01,1.2113885311e+01,0.0000000000e+00,nan,nan,nan,nan,nan,nan
-8.9492592747e-05,1.1938267593e-04,-1.0828650968e+01,6.1846291707e+00,-3.0786196151e+01,2.0329993865e+01,-9.0698961293e+00,-3.2544950990e+01,2.3128553980e-04,3.2544950990e+01,1.0000000000e+00,1.9031918007e+01,1.8880649796e+01,2.3947789621e+00,2.0908294321e+01,-1.2582961745e-01,9.9205186728e-01
-3.6541418503e-04,2.8032907617e-05,7.0005836084e+01,6.9487569458e+01,4.9224589303e+01,1.2165419436e+02,1.2985229455e+02,-1.0621869168e+01,1.2985229455e+02,1.0621441843e+01,1.0000000000e+00,8.3257544306e+00,6.5139948801e+00,5.1851767126e+00,2.4004666215e+01,-6.2278761112e-01,7.8239094540e-01
-1.8957526462e-04,9.9689580874e-05,-4.4496001909e+00,1.6620395988e+01,-2.6113379258e+01,3.4358869717e+01,4.5556129558e+00,-3.5118592405e+01,4.5556119922e+00,3.5118592405e+01,1.0000000000e+00,1.8067987530e+01,1.7424211389e+01,4.7800659879e+00,2.2192274102e+01,-2.6455995611e-01,9.6436923926e-01
2.4540339625e-04,1.4600396890e-04,-3.9210922314e-01,-6.8714762962e+00,-9.4942132132e+00,1.4274451567e+01,3.2981972368e+00,-1.3184519673e+01,3.2981971666e+00,1.3184519673e+01,0.0000000000e+00,nan,nan,nan,nan,nan,nan
-4.9798502366e-05,1.2338096705e-04,-1.9809138018e+01,2.0463779818e+00,-3.1619211074e+01,1.0811551556e+01,-1.9472122345e+01,-3.1956226747e+01,1.4296501317e-06,3.1956226747e+01,1.0000000000e+00,1.8224727809e+01,1.8154683473e+01,1.5962993820e+00,2.0421755371e+01,-8.7589751610e-02,9.9615663197e-01
-1.8436546787e-04,1.0129938999e-04,-4.4925494557e+00,1.6018167159e+01,-2.6521450313e+01,3.3669044684e+01,3.9318321273e+00,-3.4945831896e+01,3.9317999341e+00,3.4945831896e+01,1.0000000000e+00,1.8166496862e+01,1.7549342887e+01,4.6949092102e+00,2.2145134698e+01,-2.5843778499e-01,9.6602790399e-01
1.6589538279e-04,1.6204315425e-04,4.9250732476e+00,-4.8575671428e+00,-1.2789512469e+01,1.7495322953e+01,6.1687098059e+00,-1.4033149027e+01,6.1684776518e+00,1.4033149027e+01,0.0000000000e+00,nan,nan,nan,nan,nan,nan
9.0071782090e-05,1.5145891796e-04,1.1047719371e+00,-2.8221169840e+00,-1.9154260290e+01,1.8197945693e+01,1.4818446683e+00,-1.9531333021e+01,1.1583950736e+00,1.9531633323e+01,0.0000000000e+00,nan,nan,nan,nan,nan,nan
3.1155853538e-04,1.1572366067e-04,-3.6522829466e+00,-8.3049543672e+00,-4.4609209510e+00,1.4400307536e+01,4.2574194836e+00,-1.2370623381e+01,4.2574194836e+00,1.2370623381e+01,1.0000000000e+00,1.9214464241e+01,1.5740151634e+01,-1.1020129882e+01,1.4329166927e+01,5.7353302928e-01,8.1918243653e-01
-2.1229596252e-04,9.5290034322e-05,-8.1810922770e+00,1.7944105290e+01,-2.4062364818e+01,3.3985377918e+01,3.4997385416e+00,-3.5743195637e+01,3.4997385416e+00,3.5743195637e+01,1.0000000000e+00,1.7358881551e+01,1.6545652721e+01,5.2509184637e+00,2.2473555362e+01,-3.0249175031e-01,9.5315200309e-01
1.5791368821e-04,1.6274194428e-04,5.7334352541e+00,-4.4959163651e+00,-1.3078180847e+01,1.8054048789e+01,6.7511371321e+00,-1.4095882725e+01,6.7501773288e+00,1.4095882725e+01,0.0000000000e+00,nan,nan,nan,nan,nan,nan
5.3118823536e-05,1.3305411356e-04,-4.9489996352e+01,-1.4050095284e+01,-3.9978215527e+01,2.5635705215e+01,-2.9933324633e+01,-5.9534887246e+01,1.0217259156e-04,5.9534887557e+01,0.0000000000e+00,nan,nan,nan,nan,nan,nan
3.9520051918e-04,3.6789767773e-06,1.2948827202e+01,-3.3468525383e+01,4.6906936610e+01,6.4259010042e+01,6.7027838651e+01,-7.1720748399e+00,6.7027838651e+01,5.1226362950e+00,1.0000000000e+00,1.1777275334e-01,-5.1852229133e-02,1.0574387814e-01,1.4044796067e+01,8.9786368356e-01,4.4027355786e-01
-3.9240166851e-04,3.9839273077e-06,1.6529863229e+02,1.4540981872e+02,1.1388774263e+02,2.5433270091e+02,2.8643224079e+02,-7.2458658815e+00,2.8643224079e+02,3.8317956158e+00,1.0000000000e+00,1.7805360114e+00,1.3201995650e+00,1.1947307631e+00,2.3831057645e+01,-6.7099500121e-01,7.4146187249e-01
8.5971530567e-06,1.2384741835e-04,-3.3740769055e+01,-6.1792244669e+00,-3.4807971846e+01,1.0681035410e+01,-2.8107671781e+01,-4.0441069119e+01,-1.7343838830e-08,4.0441069119e+01,0.0000000000e+00,nan,nan,nan,nan,nan,nan
3.8383485348e-04,2.2698984880e-05,-3.5955436587e+00,-1.5317578380e+01,2.2807779959e+01,3.5008903229e+01,2.9818517853e+01,-1.0606281553e+01,2.9818517853e+01,1.0607469632e+01,0.0000000000e+00,nan,nan,nan,nan,nan,nan
2.5183275652e-04,1.4698807687e-04,-4.7299548326e-01,-6.9248983722e+00,-9.1095866169e+00,1.4134916794e+01,3.3695069661e+00,-1.2952089066e+01,3.3695069722e+00,1.2952089066e+01,1.0000000000e+00,2.5355538677e+01,2.3722651986e+01,-8.9520458189e+00,1.5553416374e+01,3.5306076251e-01,9.3560039439e-01
1.8532555116e-04,1.6113498291e-04,3.6753669114e+00,-5.4494625006e+00,-1.2048641013e+01,1.6567464266e+01,5.3785929032e+00,-1.3751867005e+01,5.3785594422e+00,1.3751867005e+01,0.0000000000e+00,nan,nan,nan,nan,nan,nan
3.0844437267e-04,1.1844447009e-04,-3.4911979297e+00,-8.1969761445e+00,-4.8084756103e+00,1.4242329622e+01,4.0729760714e+00,-1.2372649611e+01,4.0729760714e+00,1.2372649611e+01,1.0000000000e+00,1.9667108555e+01,1.6290765411e+01,-1.1018444593e+01,1.4391379245e+01,5.6024730643e-01,8.2832539237e-01
1.7625032203e-04,1.6219875155e-04,4.4455700540e+00,-5.1721203191e+00,-1.2378751199e+01,1.7101965133e+01,5.9072336009e+00,-1.3840414746e+01,5.9071996122e+00,1.3840414746e+01,0.0000000000e+00,nan,nan,nan,nan,nan,nan
-9.4684630911e-05,1.1909747273e-04,-1.0266626084e+01,6.7366889616e+00,-3.0618685116e+01,2.1136185313e+01,-8.2396733197e+00,-3.2645637880e+01,2.6489069788e-04,3.2645637880e+01,1.0000000000e+00,1.9092053721e+01,1.8917750104e+01,2.5739553730e+00,2.1008500019e+01,-1.3481815056e-01,9.9087035796e-01
2.1581403813e-04,1.5565461926e-04,1.4772999829e+00,-6.2036610770e+00,-1.0858634420e+01,1.5151426538e+01,4.0570129716e+00,-1.3438347409e+01,4.0570117150e+00,1.3438347409e+01,0.0000000000e+00,nan,nan,nan,nan,nan,nan
-1.0410483057e-04,1.1985947033e-04,-1.0488939797e+01,7.7372254891e+00,-3.0162117435e+01,2.1674702717e+01,-7.8116331675e+00,-3.2839424064e+01,6.8774702050e-05,3.2839424064e+01,1.0000000000e+00,1.9124772324e+01,1.8925050634e+01,2.7566963865e+00,2.1108970446e+01,-1.4414270349e-01,9.8955691147e-01
1.9355067754e-04,1.5981908038e-04,2.9973975710e+00,-5.6782178108e+00,-1.1744911799e+01,1.6115218408e+01,4.9303685719e+00,-1.3677882800e+01,4.9303745879e+00,1.3677882800e+01,0.0000000000e+00,nan,nan,nan,nan,nan,nan
7.9762029489e-05,1.4763784457e-04,-4.9140875568e+00,-2.6369240400e+00,-2.0826636122e+01,1.4544915807e+01,-4.4728507827e+00,-2.1267872896e+01,-9.5850818066e-01,2.1137464125e+01,0.0000000000e+00,nan,nan,nan,nan,nan,nan
1.3032328666e-04,1.6099970695e-04,1.2640884645e+00,-1.1933066042e+00,-1.7145747826e+01,1.6087006844e+01,1.3470080513e+00,-1.7228667412e+01,1.3317313025e+00,1.7228667412e+01,0.0000000000e+00,nan,nan,nan,nan,nan,nan
3.7519929744e-04,4.1434090124e-05,-5.8132725477e+00,-1.2056635639e+01,1.3309034955e+01,2.6647876888e+01,1.9133040099e+01,-1.1637277691e+01,1.9133040099e+01,1.1637276095e+01,0.0000000000e+00,nan,nan,nan,nan,nan,nan
-2.3058163727e-04,8.7047422236e-05,-7.6937557834e+00,2.0480181971e+01,-2.1698869853e+01,3.7485915588e+01,6.9461906377e+00,-3.6338816274e+01,6.9461906377e+00,3.6338816274e+01,1.0000000000e+00,1.6599207085e+01,1.5638004501e+01,5.5665510927e+00,2.2699827804e+01,-3.3535042151e-01,9.4209346394e-01
-3.7031101497e-04,2.1211590142e-05,8.0441606979e+01,7.4560065695e+01,5.0402829802e+01,1.3169790973e+02,1.4145804203e+02,-1.0613605246e+01,1.4145804203e+02,1.0608898744e+01,1.0000000000e+00,6.9045900186e+00,5.2671395991e+00,4.4643704784e+00,2.4018480202e+01,-6.4658009619e-01,7.6284610454e-01
2.7486684818e-04,1.3382843572e-04,-1.8970988598e+00,-7.5282911766e+00,-7.7189045238e+00,1.3979572009e+01,3.2631079706e+00,-1.2879111354e+01,3.2631079703e+00,1.2879111354e+01,0.0000000000e+00,nan,nan,nan,nan,nan,nan
2.6546979096e-04,1.4218548037e-04,-1.2027535582e+00,-7.1975613883e+00,-8.3046062428e+00,1.3900514293e+01,3.2717857685e+00,-1.2779145569e+01,3.2717857693e+00,1.2779145569e+01,1.0000000000e+00,2.4159652617e+01,2.2101926217e+01,-9.7567244547e+00,1.5241919264e+01,4.0384373936e-01,9.1482798065e-01
3.6551259855e-04,5.7561828521e-05,-5.9017452163e+00,-1.0895653526e+01,7.5882547243e+00,2.2192880434e+01,1.3656320247e+01,-1.1969810739e+01,1.3656320247e+01,1.1969810740e+01,0.0000000000e+00,nan,nan,nan,nan,nan,nan
2.0794869559e-04,1.5713476733e-04,1.9546246708e+00,-6.0314343775e+00,-1.1185639619e+01,1.5446796768e+01,4.3027047985e+00,-1.3533719746e+01,4.3027036655e+00,1.3533719746e+01,0.0000000000e+00,nan,nan,nan,nan,nan,nan
-1.2589058273e-04,1.1436499218e-04,-6.4291172615e+00,9.9024756982e+00,-2.9673053627e+01,2.6444935349e+01,-2.7830949018e+00,-3.3319075986e+01,-5.7270834683e-03,3.3319075986e+01,1.0000000000e+00,1.9077739389e+01,1.8787077793e+01,3.3175063221e+00,2.1409967828e+01,-1.7389410005e-01,9.8476435860e-01
1.2301215514e-04,1.6021242260e-04,2.6681752675e+00,-7.0207709346e-01,-1.7581472096e+01,1.7580213555e+01,2.6932926142e+00,-1.7606589443e+01,2.7027847029e+00,1.7606589443e+01,1.0000000000e+00,2.6010957848e+01,2.5567528140e+01,4.7824086988e+00,1.9158223197e+01,-1.8386130672e-01,9.8295219614e-01
