x_m,y_m,von_mises_Pa,wss_mag_dyn_cm2
4.0000000000e-04,0.0000000000e+00,1.1433679814e+02,7.2161804617e-02
-4.0000000000e-04,3.0616169979e-20,6.1075490235e+02,5.4300186142e-01
3.9661622756e-04,5.9119632966e-06,6.8986191793e+01,1.1748340481e-01
3.9437953988e-04,1.1236644771e-05,4.8165908992e+01,5.0246839068e-02
3.9234403943e-04,1.6324174707e-05,4.0855377637e+01,2.5672184371e-01
3.9033802593e-04,2.1238074900e-05,3.6178036481e+01,5.4378908278e-01
3.8830672114e-04,2.6012585824e-05,3.2852442301e+01,1.3218395312e+00
3.8622363884e-04,3.0665722159e-05,3.0361582810e+01,1.7915507427e+00
3.8407495221e-04,3.5209452994e-05,2.8331455752e+01,2.3056769045e+00
3.8185429210e-04,3.9649145867e-05,2.6626335114e+01,2.8591387944e+00
3.7955760086e-04,4.3990675247e-05,2.5150272867e+01,4.0613244776e+00
3.7718357537e-04,4.8237316124e-05,2.3867076399e+01,4.6964135554e+00
3.7473197741e-04,5.2391869627e-05,2.2725064213e+01,5.3520455272e+00
3.7220348282e-04,5.6456469855e-05,2.1700555343e+01,6.0215661519e+00
3.6959919671e-04,6.0432862914e-05,2.0774005806e+01,6.6977451564e+00
3.6692046132e-04,6.4322627876e-05,1.9936029045e+01,8.0733517795e+00
3.6416881876e-04,6.8127188821e-05,1.9175673351e+01,8.7628678358e+00
3.6134596570e-04,7.1847909155e-05,1.8484251822e+01,9.4514303000e+00
3.5845366940e-04,7.5485907784e-05,1.7855217883e+01,1.0135399562e+01
3.5549369775e-04,7.9042263520e-05,1.7283486799e+01,1.0814226145e+01
3.5246790020e-04,8.2518048493e-05,1.6763976206e+01,1.1486734503e+01
3.4937813198e-04,8.5914242634e-05,1.6291772981e+01,1.2800534283e+01
3.4622622802e-04,8.9231757356e-05,1.5865054420e+01,1.3444058102e+01
3.4301395603e-04,9.2471537051e-05,1.5476867616e+01,1.4069911526e+01
3.3974322431e-04,9.5634315970e-05,1.5126515113e+01,1.4684047865e+01
3.3641574297e-04,9.8721001732e-05,1.4812744077e+01,1.5285105773e+01
3.3303325381e-04,1.0173237861e-04,1.4529644807e+01,1.5871289046e+01
3.2959751492e-04,1.0466913529e-04,1.4276536854e+01,1.6447627856e+01
3.2611017113e-04,1.0753202386e-04,1.4051872938e+01,1.7557464100e+01
3.2257284218e-04,1.1032173219e-04,1.3854827603e+01,1.8090434582e+01
3.1898709867e-04,1.1303893046e-04,1.3682410092e+01,1.8608598204e+01
3.1535449479e-04,1.1568424478e-04,1.3533442163e+01,1.9110386141e+01
3.1167649480e-04,1.1825828572e-04,1.3406147641e+01,1.9601144577e+01
3.0795453860e-04,1.2076162080e-04,1.3302447523e+01,2.0081455891e+01
3.0418995389e-04,1.2319476246e-04,1.3218910066e+01,2.0549679249e+01
3.0038408225e-04,1.2555819645e-04,1.3154281769e+01,2.1005473743e+01
2.9653821179e-04,1.2785243235e-04,1.3108204069e+01,2.1881615729e+01
2.9265349230e-04,1.3007786254e-04,1.3081729834e+01,2.2307725790e+01
2.8873105440e-04,1.3223482774e-04,1.3071959797e+01,2.2724093774e+01
2.8477202258e-04,1.3432365257e-04,1.3079623071e+01,2.3125808373e+01
2.8077732839e-04,1.3634452884e-04,1.3105105707e+01,2.3526488218e+01
2.7674792294e-04,1.3829757206e-04,1.3149194516e+01,2.3926151284e+01
2.7268465704e-04,1.4018289728e-04,1.3210302785e+01,2.4314346527e+01
2.6858838474e-04,1.4200048898e-04,1.3286262011e+01,2.4699066585e+01
2.6445975716e-04,1.4375016566e-04,1.3384484480e+01,2.5462772902e+01
2.6029930972e-04,1.4543161072e-04,1.3500884802e+01,2.5842613058e+01
2.5610757164e-04,1.4704436059e-04,1.3644409113e+01,2.6225909564e+01
2.5188513427e-04,1.4858773242e-04,1.3801183136e+01,2.6614179383e+01
2.4763205251e-04,1.5006082967e-04,1.3986189271e+01,2.7007150775e+01
2.4334860912e-04,1.5146240537e-04,1.4198057888e+01,2.7415013588e+01
2.3903470340e-04,1.5279084738e-04,1.4440578894e+01,2.7833997772e+01
2.3469001210e-04,1.5404384606e-04,1.4727645600e+01,2.8294783320e+01
2.3031387284e-04,1.5521846804e-04,1.5060096006e+01,2.9278039955e+01
2.2590530794e-04,1.5631065305e-04,1.5453875877e+01,2.9359387272e+01
2.2146222294e-04,1.5731450943e-04,1.5939830479e+01,2.8779723996e+01
2.1698106745e-04,1.5822097858e-04,1.6588735903e+01,2.7832555396e+01
2.1245276279e-04,1.5901198926e-04,1.7578057715e+01,2.6829375151e+01
2.0787421370e-04,1.5962379643e-04,1.7862825837e+01,2.5939062352e+01
2.0340255620e-04,1.6002271734e-04,1.7678966481e+01,2.5220862422e+01
1.9907383718e-04,1.6028654025e-04,1.7068636995e+01,2.4670180203e+01
1.9489586976e-04,1.6046220446e-04,1.6050444527e+01,2.4275542064e+01
1.9083871790e-04,1.6059547493e-04,1.5056793070e+01,2.4021126709e+01
1.8688730843e-04,1.6070865339e-04,1.3762111893e+01,2.3868161794e+01
1.8301744567e-04,1.6082014835e-04,1.2568158969e+01,2.3789363573e+01
1.7920836563e-04,1.6094011072e-04,1.1346101895e+01,2.3777614426e+01
1.7543722084e-04,1.6107106909e-04,1.0427052610e+01,2.3843353334e+01
1.7169489725e-04,1.6121160614e-04,9.7455093361e+00,2.3992944114e+01
1.6796860300e-04,1.6135973359e-04,9.3491987117e+00,2.4199028555e+01
1.6424998318e-04,1.6151002695e-04,9.0970336145e+00,2.4424992623e+01
1.6053353227e-04,1.6165732785e-04,8.9680223295e+00,2.4645566926e+01
1.5681663524e-04,1.6179691790e-04,8.9527656492e+00,2.4854165486e+01
1.5309773395e-04,1.6192534789e-04,9.0592057487e+00,2.5060671869e+01
1.4937476342e-04,1.6204180991e-04,9.2613089813e+00,2.5262412578e+01
1.2311995320e-04,1.6232408352e-04,1.2171620526e+01,2.6399946349e+01
1.1556324166e-04,1.6217457960e-04,1.2892052524e+01,2.6773032922e+01
1.1177559183e-04,1.6204894569e-04,1.3267000648e+01,2.6953951752e+01
1.0798194157e-04,1.6188601416e-04,1.3662022786e+01,2.7126313017e+01
1.0418245269e-04,1.6168306956e-04,1.4076905956e+01,2.7288332378e+01
1.0037748358e-04,1.6143720865e-04,1.4510370988e+01,2.7455030417e+01
9.6567505662e-05,1.6114531186e-04,1.4966386108e+01,2.7615053743e+01
9.2753077483e-05,1.6080394077e-04,1.5446168313e+01,2.7759236361e+01
8.8934922889e-05,1.6040923035e-04,1.5954445295e+01,2.7894876784e+01
8.5114075963e-05,1.5995678937e-04,1.6483983703e+01,2.8006183974e+01
8.1292358995e-05,1.5944132807e-04,1.7032989044e+01,2.8096173868e+01
7.7473445551e-05,1.5885844998e-04,1.7610990430e+01,2.8176532899e+01
7.3659354172e-05,1.5820357777e-04,1.8250566799e+01,2.8242766235e+01
6.9852078085e-05,1.5747023308e-04,1.8935595240e+01,2.8293404995e+01
6.6054758832e-05,1.5664993672e-04,1.9680209722e+01,2.8316255083e+01
6.2272000534e-05,1.5573228013e-04,2.0475346337e+01,2.8300683603e+01
5.8510348926e-05,1.5470411781e-04,2.1336142986e+01,2.8234328022e+01
5.4779554979e-05,1.5354827483e-04,2.2243465133e+01,2.8103695038e+01
5.1094000142e-05,1.5224130622e-04,2.3369274100e+01,2.7805962145e+01
4.7481406389e-05,1.5075090751e-04,2.4379448030e+01,2.7369715352e+01
4.3982533373e-05,1.4903275386e-04,2.5566916929e+01,2.6698990447e+01
4.0669089680e-05,1.4699082582e-04,2.9716199629e+01,2.5580199601e+01
3.7926600460e-05,1.4442598663e-04,2.1469048283e+01,2.2982551829e+01
3.5298407818e-05,1.4081278044e-04,8.5080981674e+01,nan
3.3557298518e-05,1.3990187016e-04,6.8851040566e+01,nan
3.1657834428e-05,1.3911150900e-04,5.8800906861e+01,8.4799918264e+00
2.9673589729e-05,1.3840601426e-04,5.3241198825e+01,4.8265996194e+00
2.7631009610e-05,1.3777106026e-04,4.8461217759e+01,4.8265996194e+00
2.5542884433e-05,1.3719431545e-04,4.4658565909e+01,4.8265996194e+00
2.3417094102e-05,1.3666580768e-04,4.1284755387e+01,6.8916397161e+00
2.1259486164e-05,1.3617789359e-04,3.8303012588e+01,8.3717012115e+00
1.9074099577e-05,1.3572476122e-04,3.5573928194e+01,8.3717012115e+00
1.6863808739e-05,1.3530160830e-04,3.3024259534e+01,9.5588985611e+00
1.4630785238e-05,1.3490442671e-04,3.0601718574e+01,9.5588985611e+00
1.2376671575e-05,1.3452981104e-04,2.8307915953e+01,1.0512509801e+01
1.0102519379e-05,1.3417484580e-04,2.6118618387e+01,1.0512509801e+01
7.8093708107e-06,1.3383697805e-04,2.3949457923e+01,1.1328209347e+01
5.4978409270e-06,1.3351359363e-04,2.1834280164e+01,1.1328209347e+01
3.1682437764e-06,1.3320249190e-04,1.9718883378e+01,1.2036674439e+01
8.2067362687e-07,1.3290149585e-04,1.7609034854e+01,1.2666914996e+01
-1.5454099220e-06,1.3260766664e-04,1.5558240542e+01,1.2666914996e+01
-3.9287489162e-06,1.3231752131e-04,1.4127297681e+01,1.3221018088e+01
-6.3217762168e-06,1.3203305116e-04,1.4666779334e+01,1.3221018088e+01
-8.7085558268e-06,1.3176698284e-04,1.5488375662e+01,1.3657611328e+01
-1.1094385880e-05,1.3151884509e-04,1.4985342272e+01,1.4018889114e+01
-1.3486785208e-05,1.3127987272e-04,1.3726991454e+01,1.4018889114e+01
-1.5887963834e-05,1.3104638077e-04,1.2525013418e+01,1.4427980249e+01
-1.8298086765e-05,1.3081683045e-04,1.1316257419e+01,1.4427980249e+01
-2.0717258963e-05,1.3059012967e-04,1.0116065085e+01,1.4875738711e+01
-2.3145433552e-05,1.3036536547e-04,8.9438430703e+00,1.5277441688e+01
-2.5582527849e-05,1.3014176853e-04,7.7901502645e+00,1.5277441688e+01
-2.8028409959e-05,1.2991864801e-04,6.6696090760e+00,1.5637034609e+01
-3.0482906177e-05,1.2969539701e-04,5.6051854449e+00,1.5967254783e+01
-3.2945704900e-05,1.2947144736e-04,4.5873496901e+00,1.5967254783e+01
-3.5416516916e-05,1.2924628050e-04,3.6360942008e+00,1.6269455707e+01
-3.7895204396e-05,1.2901938036e-04,2.7378653194e+00,1.6269455707e+01
-4.0381646336e-05,1.2879023672e-04,1.8819282838e+00,1.6546410427e+01
-4.2875693770e-05,1.2855842024e-04,1.5365951275e+00,1.6799568095e+01
-4.5377130003e-05,1.2832353538e-04,1.8158164911e+00,1.6799568095e+01
-4.7885775303e-05,1.2808519569e-04,2.5062221232e+00,1.7033995399e+01
-5.0401424887e-05,1.2784303763e-04,3.3013580792e+00,1.7248732476e+01
-5.2923884112e-05,1.2759671744e-04,4.1343717624e+00,1.7248732476e+01
-5.5452945372e-05,1.2734591652e-04,4.9716789484e+00,1.7443312849e+01
-5.7988414774e-05,1.2709033131e-04,5.8160087350e+00,1.7443312849e+01
-6.0530101434e-05,1.2682967641e-04,6.6443936212e+00,1.7621955135e+01
-6.3077803640e-05,1.2656366322e-04,7.4440689192e+00,1.7785213400e+01
-6.5631289384e-05,1.2629203697e-04,8.2493753531e+00,1.7785213400e+01
-6.8190420093e-05,1.2601453848e-04,9.0498815224e+00,1.7933583166e+01
-7.0754968207e-05,1.2573093572e-04,9.8158211292e+00,1.8067917697e+01
-7.3324744324e-05,1.2544100395e-04,1.0567724024e+01,1.8067917697e+01
-7.5899557332e-05,1.2514452103e-04,1.1303215768e+01,1.8189314809e+01
-7.8479214250e-05,1.2484127206e-04,1.2025643305e+01,1.8298408251e+01
-8.1063551306e-05,1.2453105562e-04,1.2714888244e+01,1.8298408251e+01
-8.3652315459e-05,1.2421369327e-04,1.3394244013e+01,1.8395968849e+01
-8.6245383069e-05,1.2388898479e-04,1.4068195191e+01,1.8482559768e+01
-8.8842545081e-05,1.2355676069e-04,1.4718449028e+01,1.8482559768e+01
-9.1443619061e-05,1.2321684706e-04,1.5352849937e+01,1.8558591871e+01
-9.4048424898e-05,1.2286907591e-04,1.5969334097e+01,1.8624697237e+01
-9.6656779244e-05,1.2251328822e-04,1.6569479361e+01,1.8624697237e+01
-9.9268491949e-05,1.2214933944e-04,1.7162063176e+01,1.8681389650e+01
-1.0188342196e-04,1.2177707619e-04,1.7733045871e+01,1.8729229632e+01
-1.0450133940e-04,1.2139635829e-04,1.8293174576e+01,1.8729229632e+01
-1.0712212851e-04,1.2100703771e-04,1.8834829316e+01,1.8768521507e+01
-1.0974555700e-04,1.2060899019e-04,1.9362204676e+01,1.8799641272e+01
-1.1237149493e-04,1.2020208083e-04,1.9879707816e+01,1.8799641272e+01
-1.1499975977e-04,1.1978618778e-04,2.0379715323e+01,1.8822988136e+01
-1.1763017328e-04,1.1936118639e-04,2.0868493616e+01,1.8838952617e+01
-1.2026257676e-04,1.1892694995e-04,2.1345399666e+01,1.8838952617e+01
-1.2289679517e-04,1.1848336668e-04,2.1810185575e+01,1.8847628342e+01
-1.2553267208e-04,1.1803032535e-04,2.2262706657e+01,1.8849422723e+01
-1.2817003966e-04,1.1756771629e-04,2.2702924061e+01,1.8849422723e+01
-1.3080873178e-04,1.1709543522e-04,2.3129873761e+01,1.8844802824e+01
-1.3344857360e-04,1.1661337139e-04,2.3550187712e+01,1.8833524319e+01
-1.3608944367e-04,1.1612140562e-04,2.3955229835e+01,1.8833524319e+01
-1.3873113297e-04,1.1561946106e-04,2.4349944193e+01,1.8816013184e+01
-1.4137351951e-04,1.1510743495e-04,2.4734596782e+01,1.8792626205e+01
-1.4401641904e-04,1.1458522499e-04,2.5110076009e+01,1.8792626205e+01
-1.4665969030e-04,1.1405272961e-04,2.5475971025e+01,1.8763346008e+01
-1.4930317500e-04,1.1350985857e-04,2.5828396670e+01,1.8728260562e+01
-1.5194668806e-04,1.1295652894e-04,2.6176915242e+01,1.8728260562e+01
-1.5459012599e-04,1.1239263573e-04,2.6518793279e+01,1.8687465276e+01
-1.5723331134e-04,1.1181809662e-04,2.6844666546e+01,1.8641255175e+01
-1.5987606159e-04,1.1123282290e-04,2.7165030502e+01,1.8641255175e+01
-1.6251826175e-04,1.1063671875e-04,2.7478080369e+01,1.8589696627e+01
-1.6515974127e-04,1.1002971281e-04,2.7782378582e+01,1.8533300263e+01
-1.6780034788e-04,1.0941171470e-04,2.8080069636e+01,1.8533300263e+01
-1.7043993488e-04,1.0878263458e-04,2.8370256857e+01,1.8471380230e+01
-1.7307834489e-04,1.0814238837e-04,2.8653167097e+01,1.8403493747e+01
-1.7571543325e-04,1.0749089562e-04,2.8927285510e+01,1.8403493747e+01
-1.7835102325e-04,1.0682809014e-04,2.9198256280e+01,1.8330388111e+01
-1.8098501069e-04,1.0615387457e-04,2.9463139193e+01,1.8252350172e+01
-1.8361720948e-04,1.0546816475e-04,2.9720793960e+01,1.8252350172e+01
-1.8624747746e-04,1.0477088875e-04,2.9974705696e+01,1.8168980416e+01
-1.8887568304e-04,1.0406196634e-04,3.0222657552e+01,1.8079891975e+01
-1.9150166804e-04,1.0334133095e-04,3.0466504544e+01,1.8079891975e+01
-1.9412529837e-04,1.0260890249e-04,3.0704009738e+01,1.7985594268e+01
-1.9674641498e-04,1.0186460556e-04,3.0932141727e+01,1.7885592888e+01
-1.9936482664e-04,1.0110838338e-04,3.1158845374e+01,1.7779898073e+01
-2.0198043775e-04,1.0034014937e-04,3.1380794241e+01,1.7779898073e+01
-2.0459305709e-04,9.9559862967e-05,3.1595789812e+01,1.7668457594e+01
-2.0720253038e-04,9.8767455561e-05,3.1806820629e+01,1.7550544129e+01
-2.0980871425e-04,9.7962858678e-05,3.2009364397e+01,1.7550544129e+01
-2.1241140849e-04,9.7146021486e-05,3.2212586725e+01,1.7426462683e+01
-2.1501052894e-04,9.6316891893e-05,3.2405037070e+01,1.7296284813e+01
-2.1760582883e-04,9.5475444730e-05,3.2594447823e+01,1.7296284813e+01
-2.2019719568e-04,9.4621611600e-05,3.2776949848e+01,1.7159405114e+01
-2.2278443487e-04,9.3755366657e-05,3.2951425653e+01,1.7015778871e+01
-2.2536735223e-04,9.2876691033e-05,3.3116748385e+01,1.7015778871e+01
-2.2794577213e-04,9.1985582395e-05,3.3273784809e+01,1.6864623827e+01
-2.3051948312e-04,9.1082023930e-05,3.3416762822e+01,1.6706330655e+01
-2.3308824346e-04,9.0166021094e-05,3.3544048417e+01,1.6706330655e+01
-2.3565178932e-04,8.9237601804e-05,3.3641224319e+01,1.6541965782e+01
-2.3820968181e-04,8.8296865668e-05,3.3708103292e+01,1.6369873181e+01
-2.4076143256e-04,8.7343794709e-05,3.3741467417e+01,1.6369873181e+01
-2.4330612834e-04,8.6378463909e-05,3.3748898949e+01,1.6188008980e+01
-2.4584316033e-04,8.5400782603e-05,3.3834061329e+01,1.5994793315e+01
-2.4837223366e-04,8.4410819450e-05,3.4091142821e+01,1.5786491186e+01
-2.5089395168e-04,8.3408169924e-05,3.4535748649e+01,1.5786491186e+01
-2.5340928406e-04,8.2392838558e-05,3.5131913594e+01,1.5561925589e+01
-2.5591946285e-04,8.1364718475e-05,3.5855060219e+01,1.5324172896e+01
-2.5842575854e-04,8.0323552608e-05,3.6624460479e+01,1.5324172896e+01
-2.6092914703e-04,7.9269117659e-05,3.7296544897e+01,1.5073436329e+01
-2.6342920201e-04,7.8201680603e-05,3.7829683329e+01,1.4808381736e+01
-2.6592546252e-04,7.7121722857e-05,3.8308469515e+01,1.4808381736e+01
-2.6841755763e-04,7.6029720302e-05,3.8754235899e+01,1.4528656635e+01
-2.7090524111e-04,7.4926163275e-05,3.9195079998e+01,1.4232876927e+01
-2.7338849329e-04,7.3811556522e-05,3.9645800757e+01,1.4232876927e+01
-2.7586739534e-04,7.2686429530e-05,4.0108799062e+01,1.3919532485e+01
-2.7834203353e-04,7.1551450112e-05,4.0613683010e+01,1.3588107318e+01
-2.8081287747e-04,7.0407310845e-05,4.1132577491e+01,1.3588107318e+01
-2.8328016778e-04,6.9255025543e-05,4.1681724886e+01,1.3236945688e+01
-2.8574451690e-04,6.8095656344e-05,4.2271615046e+01,1.2864186865e+01
-2.8820661381e-04,6.6930476033e-05,4.2911241457e+01,1.2864186865e+01
-2.9066737519e-04,6.5761061110e-05,4.3610135482e+01,1.2469332306e+01
-2.9312795499e-04,6.4589327016e-05,4.4373946517e+01,1.2050783236e+01
-2.9558985630e-04,6.3417581694e-05,4.5219416791e+01,1.2050783236e+01
-2.9805483900e-04,6.2248654823e-05,4.6170611377e+01,1.1610711363e+01
-3.0052514232e-04,6.1086242582e-05,4.7244212673e+01,1.1140416403e+01
-3.0300410646e-04,5.9934834827e-05,4.8438039307e+01,1.0654315777e+01
-3.0549490142e-04,5.8800443107e-05,4.9835386456e+01,1.0654315777e+01
-3.0800271133e-04,5.7691194726e-05,5.1506627612e+01,1.0155735112e+01
-3.1053387453e-04,5.6618597053e-05,5.3432613618e+01,9.6528757557e+00
-3.1309765132e-04,5.5600011208e-05,5.6130294973e+01,9.6528757557e+00
-3.1571067308e-04,5.4664438213e-05,6.2108544194e+01,9.4539976262e+00
-3.1839011531e-04,5.3903271386e-05,6.4282020593e+01,1.0150116849e+01
-3.2148040048e-04,5.3208146819e-05,6.9116616166e+01,1.0150116849e+01
-3.2496250682e-04,5.2492939455e-05,6.8710146480e+01,1.1579342902e+01
-3.2953994579e-04,5.1383388728e-05,6.5845697611e+01,1.4653778133e+01
-3.3508916093e-04,4.9261286680e-05,7.6907792675e+01,1.5159939062e+01
-3.4061296450e-04,4.6474558661e-05,8.3801230110e+01,1.3805600680e+01
-3.4609114061e-04,4.3307645680e-05,8.9810629665e+01,1.2968992551e+01
-3.5156108228e-04,3.9827329726e-05,9.7460130996e+01,1.1417092630e+01
-3.5704814207e-04,3.6055131115e-05,1.0702641224e+02,1.0667662776e+01
-3.6257726635e-04,3.1990334370e-05,1.1903288287e+02,9.2203810206e+00
-3.6816594794e-04,2.7620315047e-05,1.3471468336e+02,7.7843863885e+00
-3.7384171666e-04,2.2916360298e-05,1.5643617527e+02,6.3312341666e+00
-3.7964221805e-04,1.7837211446e-05,1.8752834373e+02,4.8506528582e+00
-3.8562966208e-04,1.2338760371e-05,2.3376624671e+02,3.3376436315e+00
-3.9202494021e-04,6.3907204705e-06,3.6264137457e+02,1.8791946689e+00
-3.9600000000e-04,3.0463089129e-20,1.7908726767e+02,5.4300186142e-01
-3.9200000000e-04,3.0310008279e-20,1.5146140454e+02,nan
-3.8800000000e-04,3.0156927429e-20,1.2263218005e+02,nan
-3.8400000000e-04,3.0003846579e-20,1.1004598438e+02,nan
-3.8000000000e-04,2.9850765729e-20,1.0558317673e+02,nan
-3.7600000000e-04,2.9697684879e-20,1.0873894400e+02,nan
-3.6000000000e-04,2.9085361480e-20,1.6776677337e+02,nan
-3.5600000000e-04,2.8932280630e-20,1.9255098488e+02,nan
3.3600000000e-04,2.4492935983e-21,3.0633986114e+01,nan
3.4000000000e-04,2.2962127484e-21,2.7088125537e+01,nan
3.5200000000e-04,1.8369701987e-21,2.0323290794e+01,nan
3.5600000000e-04,1.6838893488e-21,2.0230440932e+01,nan
3.6000000000e-04,1.5308084989e-21,2.0285599939e+01,nan
3.6400000000e-04,1.3777276490e-21,2.0531234144e+01,nan
3.6800000000e-04,1.2246467991e-21,2.0965291044e+01,nan
3.7200000000e-04,1.0715659493e-21,2.1617076489e+01,nan
3.7600000000e-04,9.1848509936e-22,2.2543390313e+01,nan
3.8000000000e-04,7.6540424947e-22,2.3855646460e+01,nan
3.8400000000e-04,6.1232339957e-22,2.5759550553e+01,nan
3.8800000000e-04,4.5924254968e-22,2.8728802094e+01,nan
3.9200000000e-04,3.0616169979e-22,3.4691620731e+01,nan
-2.4131753548e-05,1.2805305874e-04,6.4222064919e+00,1.5277441688e+01
-2.4087498074e-06,1.3018679835e-04,1.4257835390e+01,1.3221018088e+01
-1.4168347918e-05,1.4681709147e-06,2.2213958321e+02,nan
5.3458879152e-05,1.5087016507e-06,2.2498004235e+02,nan
1.7676682682e-05,1.4859795853e-06,2.2166168885e+02,nan
-6.9607956700e-05,1.2376827884e-04,1.0428598469e+01,1.7933583166e+01
8.5225586103e-05,1.5242390450e-06,2.3530876281e+02,nan
6.5151218149e-05,1.5367752104e-04,1.8085925783e+01,2.8316255083e+01
1.1699238786e-04,1.5308842326e-06,2.5356552330e+02,nan
-1.1773148098e-04,1.4518181482e-06,2.2707698718e+02,nan
9.5247399445e-05,1.5803715309e-04,1.4912965999e+01,2.7615053743e+01
1.4483209794e-04,1.5234878737e-06,2.7035160030e+02,nan
-1.4560157739e-04,1.4546280476e-06,2.3017859428e+02,nan
1.2532189927e-04,1.5928385817e-04,1.2375180346e+01,2.6399946349e+01
-1.5806852059e-04,1.0940200613e-04,2.8497166664e+01,1.8641255175e+01
1.7278202631e-04,1.5721568970e-06,2.3511400053e+02,nan
-1.7946465627e-04,1.0453640752e-04,3.0897872376e+01,1.8330388111e+01
2.0071172735e-04,1.7678517412e-06,1.6644019449e+02,nan
1.8517544709e-04,1.5796954409e-04,1.2260291578e+01,2.3789363573e+01
2.2862445825e-04,2.0826435518e-06,1.0609972700e+02,nan
2.5659334480e-04,2.5254772730e-06,6.2673325131e+01,nan
2.4891459717e-04,1.4617358908e-04,1.3736905418e+01,2.6614179383e+01
2.7784029716e-04,1.3437221684e-04,1.3193215699e+01,2.3526488218e+01
2.8046057503e-04,3.0651242658e-06,4.5545070736e+01,nan
-2.8067572593e-04,1.5458381120e-06,2.8776706062e+02,nan
3.0485893829e-04,1.1851199646e-04,1.3493026535e+01,2.0549679249e+01
-3.0402516674e-04,1.6796586955e-06,3.0509697935e+02,nan
3.0434533252e-04,3.1485804833e-06,4.2628807800e+01,nan
3.2565485667e-04,1.0354509144e-04,1.4436175527e+01,1.7012901452e+01
-2.8876319206e-04,6.4281970518e-05,4.7310705310e+01,1.2469332306e+01
-3.4082811216e-05,1.4602380937e-06,2.2283664874e+02,nan
3.2443777504e-04,3.3703604919e-06,3.3978278322e+01,nan
-3.2345531532e-04,1.8878462717e-06,2.9889768488e+02,nan
-3.0381001385e-04,5.7096240539e-05,5.4131899069e+01,1.0654315777e+01
3.4534328871e-04,8.4932263995e-05,1.6449168155e+01,1.2800534283e+01
-3.4276675994e-04,2.3640976595e-06,2.1331844150e+02,nan
3.4493707305e-04,3.6224916733e-06,2.1128993939e+01,nan
3.6043135206e-04,6.7866323644e-05,1.9210783898e+01,8.7628678358e+00
1.0110431436e-04,1.5286997248e-06,2.4372937297e+02,nan
-1.0180171131e-04,1.4511576388e-06,2.2585275378e+02,nan
6.9345814332e-05,1.5174271539e-06,2.2906293470e+02,nan
-6.9935714254e-05,1.4525330238e-06,2.2418466233e+02,nan
-3.3975976604e-05,1.2717447607e-04,2.0871074342e+00,1.5967254783e+01
7.1757820358e-06,1.3152932199e-04,1.9826193667e+01,1.1328209347e+01
2.7371577702e-05,1.3532276388e-04,3.5377854130e+01,4.8265996194e+00
-7.9554893825e-05,1.2299374849e-04,1.3116892699e+01,1.8298408251e+01
-1.2655233622e-04,1.1593548548e-04,2.3546460816e+01,1.8849422723e+01
8.0272310687e-05,1.5585678214e-04,1.6209987055e+01,2.8096173868e+01
-1.4760963456e-04,1.1181915554e-04,2.6935501339e+01,1.8763346008e+01
1.3992537921e-04,1.5956508374e-04,1.1055497095e+01,2.5634847055e+01
-1.8968024510e-04,1.0166351776e-04,3.2134144135e+01,1.8079891975e+01
2.0135974003e-04,1.5681234491e-04,1.3878779876e+01,2.4670180203e+01
3.6082036181e-04,3.9585754331e-06,2.2185101778e+01,nan
3.7090466676e-04,5.2602651394e-05,2.2638080035e+01,6.0215661519e+00
-3.3235181189e-04,4.7629900108e-05,6.6082284015e+01,1.5159939062e+01
-3.5364091991e-04,3.5612359546e-05,9.8186841118e+01,1.0667662776e+01
3.8016404923e-04,3.6071301969e-05,2.7957152513e+01,2.8591387944e+00
-2.9241608766e-04,1.5930765477e-06,3.0197877891e+02,nan
2.6863718073e-04,2.7596537114e-06,4.8294852346e+01,nan
2.9234428436e-04,3.1799689442e-06,4.4875154483e+01,nan
2.4460694344e-04,2.3241397688e-06,7.9351462153e+01,nan
-2.4501238169e-04,1.4852918260e-06,2.5882424884e+02,nan
-2.6878065408e-04,1.5194721355e-06,2.7466915363e+02,nan
2.1668504578e-04,1.9452530458e-06,1.2931952390e+02,nan
-2.1720681603e-04,1.4733277078e-06,2.4684649889e+02,nan
-1.8937378049e-04,1.4633493436e-06,2.3849732476e+02,nan
1.8876873197e-04,1.6773015524e-06,1.9601496730e+02,nan
-1.6152257733e-04,1.4571241343e-06,2.3264429295e+02,nan
1.6082740230e-04,1.5376725858e-06,2.5808485347e+02,nan
1.3290255678e-04,1.5313032052e-06,2.6288878676e+02,nan
-1.3365844792e-04,1.4531823758e-06,2.2867886231e+02,nan
-3.7016497446e-04,3.6323111793e-06,1.1060362335e+02,nan
3.7258942732e-04,4.1480000224e-06,2.4638444266e+01,nan
-2.4663534627e-04,8.2907359594e-05,3.7059906746e+01,1.5994793315e+01
2.6185026288e-04,1.4133973343e-04,1.3399883355e+01,2.5462772902e+01
2.8931194902e-04,1.2818487399e-04,1.3209993242e+01,2.2307725790e+01
-2.6420752784e-04,7.5631689851e-05,4.0962494008e+01,1.4808381736e+01
3.1516945808e-04,1.1216954122e-04,1.3809171431e+01,1.8608598204e+01
-2.9627340824e-04,6.0636014382e-05,5.0245310671e+01,1.1610711363e+01
3.3551747079e-04,9.4560078797e-05,1.5291207864e+01,1.5285105773e+01
-3.6956891493e-04,2.3871002203e-05,1.3701081671e+02,7.0637966036e+00
3.8686779530e-04,2.1940302035e-05,3.5516331458e+01,9.0399134323e-01
-3.8204833023e-04,4.1076863952e-06,1.2766370622e+02,nan
3.8440484369e-04,4.3127883371e-06,3.1902230070e+01,nan
-3.5048557602e-04,2.7015632061e-06,1.7265862793e+02,nan
3.5284141545e-04,3.9071491785e-06,2.1772815955e+01,nan
-3.3503581833e-04,2.1184716324e-06,2.5185939600e+02,nan
3.1650845591e-04,3.1067634089e-06,3.7801926794e+01,nan
-3.1566600494e-04,1.7977711090e-06,3.0391528810e+02,nan
-2.3706997217e-04,1.4846714485e-06,2.5490373590e+02,nan
2.3662537119e-04,2.2040351420e-06,9.1944063281e+01,nan
2.0871070023e-04,1.8565857518e-06,1.4688297847e+02,nan
-2.0925693625e-04,1.4699286936e-06,2.4415867569e+02,nan
-1.8141787706e-04,1.4612909947e-06,2.3660127140e+02,nan
1.8078838944e-04,1.6232406639e-06,2.1575721663e+02,nan
1.5283836272e-04,1.5299462731e-06,2.6934952556e+02,nan
-1.5356255818e-04,1.4557920794e-06,2.3134035746e+02,nan
-1.2569534124e-04,1.4524178062e-06,2.2782536442e+02,nan
1.0904639433e-04,1.5300563461e-06,2.4855902594e+02,nan
1.2494397151e-04,1.5312567284e-06,2.5859705016e+02,nan
9.3164525157e-05,1.5267693949e-06,2.3927288996e+02,nan
-9.3835914662e-05,1.4511295379e-06,2.2535507122e+02,nan
-7.7902831775e-05,1.4517896779e-06,2.2453238094e+02,nan
7.7286313891e-05,1.5211104534e-06,2.3190155094e+02,nan
-4.6033452566e-05,1.4567875668e-06,2.2326976411e+02,nan
4.5485044353e-05,1.4964315107e-06,2.2366180039e+02,nan
-6.1968352963e-05,1.4535926697e-06,2.2386469550e+02,nan
2.5632747494e-05,1.4910629839e-06,2.2188683399e+02,nan
9.7182970084e-06,1.4810672352e-06,2.2162170849e+02,nan
-6.2044951615e-06,1.4720987506e-06,2.2189977212e+02,nan
-2.9038716023e-05,1.2761450496e-04,4.2303821772e+00,1.5637034609e+01
-3.8942542614e-05,1.2672856563e-04,2.4271369848e-01,1.6546410427e+01
2.3100997763e-06,1.3101473493e-04,1.6778187439e+01,1.2036674439e+01
4.1898088434e-05,1.4415430012e-04,7.7235298616e+00,nan
-9.7876966773e-05,1.2012699058e-04,1.7979336035e+01,1.8681389650e+01
5.4381462345e-05,1.5026977844e-04,1.8207627402e+01,nan
-1.0802253355e-04,1.1869525831e-04,2.0173112729e+01,1.8768521507e+01
-1.2124398927e-04,1.1661667937e-04,2.2735743529e+01,1.8847628342e+01
8.7939570381e-05,1.5756048109e-04,1.5636764626e+01,2.7894876784e+01
-1.4242720781e-04,1.1278857880e-04,2.6224002357e+01,1.8792626205e+01
1.1773373422e-04,1.5941256147e-04,1.2942641428e+01,2.6773032922e+01
-1.6353335353e-04,1.0830555270e-04,2.9099944483e+01,1.8589696627e+01
1.3273065234e-04,1.5985313244e-04,1.1677247497e+01,2.6006188834e+01
-1.7378019118e-04,1.0584560086e-04,3.0349269775e+01,1.8403493747e+01
1.4763604432e-04,1.5976016578e-04,1.0277397339e+01,2.5262412578e+01
1.7762702999e-04,1.5818784551e-04,1.1091586665e+01,2.3843353334e+01
1.9286906059e-04,1.5777324717e-04,1.3528831686e+01,2.4021126709e+01
-2.0553556559e-04,9.7303972729e-05,3.3507582273e+01,1.7668457594e+01
2.1028397303e-04,1.5643952778e-04,1.5597301547e+01,2.5939062352e+01
-2.1584306463e-04,9.3784358191e-05,3.4727746917e+01,1.7296284813e+01
2.4067431075e-04,1.4904293139e-04,1.4052913323e+01,2.7833997772e+01
2.6905685528e-04,1.3881159062e-04,1.3279504917e+01,2.4699066585e+01
2.9699786661e-04,1.2382531402e-04,1.3298335892e+01,2.1448765796e+01
3.5179803143e-04,7.8105754013e-05,1.7436322226e+01,1.1486734503e+01
-3.2340026839e-04,5.0532405039e-05,6.4749289073e+01,1.1579342902e+01
3.6593274475e-04,6.0459089246e-05,2.0742372604e+01,7.3827371103e+00
3.7605358642e-04,4.4593342001e-05,2.4945448491e+01,4.0613244776e+00
-3.4301412343e-04,4.2269558627e-05,8.1487769234e+01,1.2968992551e+01
3.9073829135e-04,1.2580895631e-05,4.4911447198e+01,5.0246839068e-02
-3.8174893481e-04,1.3231922883e-05,1.9289652495e+02,4.0985047843e+00
-3.8940524479e-04,4.2677945880e-06,1.9901188986e+02,1.8791946689e+00
3.9215688558e-04,4.1659804176e-06,4.7621294932e+01,nan
-3.8577216331e-04,4.2379604147e-06,1.4744207933e+02,nan
-3.7958425709e-04,8.3573490132e-06,1.3930468114e+02,nan
-3.7604630010e-04,7.9890923694e-06,1.2159741909e+02,nan
-3.7349225600e-04,1.2158843888e-05,1.2520008359e+02,nan
-3.7004365898e-04,1.1582636366e-05,1.1180001414e+02,nan
-3.6747466310e-04,1.5655804096e-05,1.1227054581e+02,nan
-3.6407853242e-04,1.4898805122e-05,1.0213478787e+02,nan
-3.6152875013e-04,1.8875165303e-05,1.0118002749e+02,nan
-3.5816191417e-04,1.7963761224e-05,9.3879326943e+01,nan
-3.5564863667e-04,2.1844589495e-05,9.1922566297e+01,nan
-3.5229417973e-04,2.0802863833e-05,8.7205799126e+01,nan
-3.4982486920e-04,2.4587359091e-05,8.4701712177e+01,nan
-3.4646241561e-04,2.3438766341e-05,8.1404284675e+01,nan
-3.4403687064e-04,2.7124465178e-05,7.9001676104e+01,nan
-3.3836266226e-04,2.9450026341e-05,7.6643018274e+01,nan
-3.3531899266e-04,2.8091270407e-05,7.9157177300e+01,nan
-3.3750439929e-04,2.4659741792e-05,8.2996074527e+01,nan
-3.3232705118e-04,2.6788353384e-05,8.3118534210e+01,nan
-3.2745950451e-04,2.8731079622e-05,8.3344397088e+01,nan
-3.2938531039e-04,2.5559384695e-05,8.9765743727e+01,nan
-3.2469409429e-04,2.7463670452e-05,8.9796231887e+01,nan
-3.2290681526e-04,3.0505304052e-05,8.3534318827e+01,nan
-3.1865757632e-04,3.2136985849e-05,8.3697669606e+01,nan
-3.1615657435e-04,3.0862087262e-05,8.9603793773e+01,nan
-3.1765457611e-04,2.8057395451e-05,9.6676145133e+01,nan
-3.0982059300e-04,3.1253309878e-05,9.5109151397e+01,nan
-3.1107180104e-04,2.8613531767e-05,1.0202175647e+02,nan
-3.0732096712e-04,3.0196743558e-05,1.0068537870e+02,nan
-3.0376873513e-04,3.1721508313e-05,9.9409347545e+01,nan
-3.0479780931e-04,2.9215804127e-05,1.0597275437e+02,nan
-3.0128230540e-04,3.0766213566e-05,1.0436906059e+02,nan
-2.9793164774e-04,3.2277750275e-05,1.0278908005e+02,nan
-2.9292417262e-04,3.0605304314e-05,1.1213439183e+02,nan
-2.8977060618e-04,3.2133038099e-05,1.1013575502e+02,nan
-2.8725248982e-04,3.1401325613e-05,1.1435686475e+02,nan
-2.7860044305e-04,3.3879705157e-05,1.1940820762e+02,nan
-2.7900966062e-04,3.1705692882e-05,1.2559365488e+02,nan
-2.7632475451e-04,3.1169593549e-05,1.3051564604e+02,nan
-2.7294638732e-04,3.4934418482e-05,1.2199200388e+02,nan
-2.7025045907e-04,3.4432458790e-05,1.2583221056e+02,nan
-2.6772837201e-04,3.1891882479e-05,1.3607727239e+02,nan
-2.6451487134e-04,3.5633979951e-05,1.2629945275e+02,nan
-2.6171977954e-04,3.5222875841e-05,1.2928920024e+02,nan
-2.5887827595e-04,3.4846085201e-05,1.3204401953e+02,nan
-2.5599194678e-04,3.4500982927e-05,1.3456414704e+02,nan
-2.5013320841e-04,3.5878376896e-05,1.3269317536e+02,nan
-2.4717326720e-04,3.5591025195e-05,1.3460069137e+02,nan
-2.4417563515e-04,3.5327083686e-05,1.3632002085e+02,nan
-2.4114207521e-04,3.5084591968e-05,1.3786069268e+02,nan
-2.3847378668e-04,3.8739812396e-05,1.2772842316e+02,nan
-2.3546729552e-04,3.8496655717e-05,1.2909462835e+02,nan
-2.2936081487e-04,3.8063672881e-05,1.3143404495e+02,nan
-2.2660674262e-04,3.9777304217e-05,1.2712384955e+02,nan
-2.2352603829e-04,3.9582586521e-05,1.2808087574e+02,nan
-2.2041899571e-04,3.9401660074e-05,1.2894008904e+02,nan
-2.1728699783e-04,3.9233401736e-05,1.2970917963e+02,nan
-2.1413139877e-04,3.9076775244e-05,1.3039565259e+02,nan
-2.1095343240e-04,3.8930837677e-05,1.3100677416e+02,nan
-2.0453516430e-04,3.8667600077e-05,1.3203067788e+02,nan
-2.0255435324e-04,4.2211923513e-05,1.2317349147e+02,nan
-1.9937440625e-04,4.2076158017e-05,1.2367738701e+02,nan
-1.9617504658e-04,4.1950762140e-05,1.2412748659e+02,nan
-1.9295681819e-04,4.1836017715e-05,1.2452677280e+02,nan
-1.8972332732e-04,4.1726242276e-05,1.2489210192e+02,nan
-1.8401502266e-04,4.3327325414e-05,1.2127116159e+02,nan
-1.8077114601e-04,4.3226769553e-05,1.2158819465e+02,nan
-1.7751351043e-04,4.3131876820e-05,1.2187910996e+02,nan
-1.7424282014e-04,4.3042260770e-05,1.2214698391e+02,nan
-1.7095975427e-04,4.2957579537e-05,1.2239469978e+02,nan
-1.7186963533e-04,4.4746299421e-05,1.1834302986e+02,nan
-1.6766496969e-04,4.2877518843e-05,1.2262487814e+02,nan
-1.6435905951e-04,4.2801782950e-05,1.2283991797e+02,nan
-1.6104258341e-04,4.2730115273e-05,1.2304198191e+02,nan
-1.5771607360e-04,4.2662270008e-05,1.2323306218e+02,nan
-1.5438005827e-04,4.2598043927e-05,1.2341489547e+02,nan
-1.5319379649e-04,4.6054008379e-05,1.1587287838e+02,nan
-1.4989755951e-04,4.5985543152e-05,1.1608608604e+02,nan
-1.4659250358e-04,4.5920740736e-05,1.1629121487e+02,nan
-1.4327937119e-04,4.5859291029e-05,1.1648977307e+02,nan
-1.3995826466e-04,4.5801107999e-05,1.1668267937e+02,nan
-1.3662937824e-04,4.5746217713e-05,1.1687048708e+02,nan
-1.3329363300e-04,4.5694522919e-05,1.1705386825e+02,nan
-1.2995134468e-04,4.5646698462e-05,1.1723175280e+02,nan
-1.2660127225e-04,4.5600788563e-05,1.1740852294e+02,nan
-1.2324590720e-04,4.5557809390e-05,1.1758206594e+02,nan
-1.1988495771e-04,4.5517666768e-05,1.1775254420e+02,nan
-1.1451631414e-04,4.7171649161e-05,1.1447876919e+02,nan
-1.1116545165e-04,4.7136444901e-05,1.1465051224e+02,nan
-1.0779162570e-04,4.7107393766e-05,1.1481162331e+02,nan
-1.0444234461e-04,4.7074980581e-05,1.1497940159e+02,nan
-1.0107666714e-04,4.7045606268e-05,1.1514118034e+02,nan
-9.7718541477e-05,4.7025535707e-05,1.1528252344e+02,nan
-9.4348477050e-05,4.7005327235e-05,1.1542204563e+02,nan
-9.0974631961e-05,4.6989321316e-05,1.1554932038e+02,nan
-8.7598341332e-05,4.6976013149e-05,1.1566580289e+02,nan
-8.4219783387e-05,4.6965572388e-05,1.1576938125e+02,nan
-8.0839091027e-05,4.6959561083e-05,1.1585493888e+02,nan
-7.7456751373e-05,4.6956941056e-05,1.1592235756e+02,nan
-7.4073132471e-05,4.6957692891e-05,1.1596924943e+02,nan
-7.0688538331e-05,4.6963344927e-05,1.1598989635e+02,nan
-5.8894077115e-05,4.8722406249e-05,1.1247517555e+02,nan
-5.5532423606e-05,4.8749231059e-05,1.1234960694e+02,nan
-5.2172373504e-05,4.8782368374e-05,1.1217648490e+02,nan
-4.8813145081e-05,4.8820553547e-05,1.1195392606e+02,nan
-4.5456657916e-05,4.8864736411e-05,1.1167563440e+02,nan
-4.2103440419e-05,4.8915193166e-05,1.1133638706e+02,nan
-3.8753728892e-05,4.8972317474e-05,1.1093053593e+02,nan
-3.5407923252e-05,4.9036356152e-05,1.1045257548e+02,nan
-3.2066867042e-05,4.9107609258e-05,1.0989686873e+02,nan
-2.8731328451e-05,4.9186409157e-05,1.0925770446e+02,nan
-2.5401801870e-05,4.9272937504e-05,1.0852968462e+02,nan
-2.2079237929e-05,4.9367164013e-05,1.0770807280e+02,nan
-1.8764469183e-05,4.9470397571e-05,1.0678585664e+02,nan
-1.5458173528e-05,4.9581873039e-05,1.0576040586e+02,nan
-8.8751785896e-06,4.9831164324e-05,1.0338421215e+02,nan
-5.6002875844e-06,4.9969276018e-05,1.0202904194e+02,nan
-2.3379215840e-06,5.0116493951e-05,1.0056198701e+02,nan
9.1076026185e-07,5.0272892387e-05,9.8984987642e+01,nan
4.1448293076e-06,5.0438351846e-05,9.7302542539e+01,nan
7.3630009481e-06,5.0612503450e-05,9.5522758671e+01,nan
1.0563941841e-05,5.0796129256e-05,9.3654445715e+01,nan
1.3746693400e-05,5.0988096830e-05,9.1715235908e+01,nan
1.4767634275e-05,5.2910652424e-05,8.7060082753e+01,nan
1.6909924736e-05,5.1188011440e-05,8.9728136401e+01,nan
1.7894867802e-05,5.3126625621e-05,8.4945991749e+01,nan
2.1000671242e-05,5.3350968302e-05,8.2853192123e+01,nan
2.4082659857e-05,5.3583085034e-05,8.0554809042e+01,nan
2.7166471539e-05,5.3830771094e-05,7.8235918267e+01,nan
3.0268443920e-05,5.4097156550e-05,7.5789805698e+01,nan
3.5648507343e-05,5.2609325500e-05,7.5907196559e+01,nan
3.8812040962e-05,5.2904913383e-05,7.3469252319e+01,nan
4.1995574839e-05,5.3220193182e-05,7.1092411858e+01,nan
4.5200051727e-05,5.3554570149e-05,6.8787426446e+01,nan
4.6062032511e-05,5.5718693111e-05,6.4503783746e+01,nan
4.8426247872e-05,5.3908087566e-05,6.6551659161e+01,nan
4.9283854685e-05,5.6101828780e-05,6.2434618734e+01,nan
5.1674788563e-05,5.4281677340e-05,6.4383825925e+01,nan
5.2528290140e-05,5.6505015074e-05,6.0426042808e+01,nan
5.4946563985e-05,5.4674709624e-05,6.2283938870e+01,nan
5.5795991743e-05,5.6928259854e-05,5.8475738112e+01,nan
5.9088486480e-05,5.7371406022e-05,5.6580431317e+01,nan
6.2405789754e-05,5.7834783437e-05,5.4737663035e+01,nan
6.5748450990e-05,5.8318354897e-05,5.2944603483e+01,nan
6.8279036312e-05,5.6444087304e-05,5.4502275148e+01,nan
7.1676424327e-05,5.6936273374e-05,5.2695124552e+01,nan
7.5100638330e-05,5.7448116681e-05,5.0937678488e+01,nan
7.5936689792e-05,5.9889984809e-05,4.7836202439e+01,nan
7.9387722618e-05,6.0454191663e-05,4.6217278985e+01,nan
8.2866669307e-05,6.1038686797e-05,4.4637989067e+01,nan
8.6373931529e-05,6.1643355887e-05,4.3097779557e+01,nan
8.9909822057e-05,6.2268138994e-05,4.1595779962e+01,nan
9.2636150051e-05,6.0304826247e-05,4.2812964499e+01,nan
9.6227923108e-05,6.0935649332e-05,4.1311998517e+01,nan
9.7067950908e-05,6.3578218619e-05,3.8703093793e+01,nan
9.9848402166e-05,6.1586007262e-05,3.9850486669e+01,nan
1.0069049896e-04,6.4263336689e-05,3.7311680638e+01,nan
-1.2888289553e-05,5.3220293925e-05,9.8194878194e+01,nan
6.3618463862e-06,5.4219281743e-05,8.8699077040e+01,nan
1.0434196679e-04,6.4968573957e-05,3.5956516698e+01,nan
-7.3982530273e-05,5.0378814265e-05,1.0924366970e+02,nan
-5.2369549410e-05,5.2228926112e-05,1.0564206654e+02,nan
1.0802233339e-04,6.5693767088e-05,3.4637310452e+01,nan
1.1088148498e-04,6.3656217936e-05,3.5695653998e+01,nan
1.1461654158e-04,6.4385558016e-05,3.4381501849e+01,nan
-9.3980759716e-05,5.0433470521e-05,1.0861157863e+02,nan
1.1547006110e-04,6.7204136291e-05,3.2108972083e+01,nan
1.1838082210e-04,6.5134567004e-05,3.3134825527e+01,nan
6.3245465379e-05,6.0187020741e-05,5.1435997554e+01,nan
-1.1918356499e-04,4.8953724256e-05,1.1072110391e+02,nan
1.1923676855e-04,6.7989329015e-05,3.0799317885e+01,nan
1.2216485618e-04,6.5901871222e-05,3.1524509063e+01,nan
1.2300966371e-04,6.8790620470e-05,2.9197198928e+01,nan
1.2594591500e-04,6.6683819609e-05,2.9986504932e+01,nan
1.2972310531e-04,6.7480004512e-05,2.8509296455e+01,nan
8.3700152596e-05,6.3586475494e-05,4.1872584704e+01,nan
1.3349626254e-04,6.8289287096e-05,2.7113766795e+01,nan
1.3430103505e-04,7.1276325907e-05,2.4969149174e+01,nan
1.3726504614e-04,6.9111087261e-05,2.5792643686e+01,nan
1.0153094088e-04,6.6984046113e-05,3.4892824494e+01,nan
1.3805519684e-04,7.2129840832e-05,2.3726928399e+01,nan
1.4181507743e-04,7.2999504511e-05,2.2584031339e+01,nan
1.4854103629e-04,7.1641950136e-05,2.2383674725e+01,nan
1.2008479149e-04,7.0889726029e-05,2.8420982684e+01,nan
1.4928665584e-04,7.4747459380e-05,2.0593133760e+01,nan
1.5228640815e-04,7.2502310095e-05,2.1467167749e+01,nan
1.5300360793e-04,7.5635889855e-05,1.9751574975e+01,nan
1.5602145123e-04,7.3368437345e-05,2.0667976747e+01,nan
1.5671623564e-04,7.6527882996e-05,1.9073883917e+01,nan
1.5974841406e-04,7.4238680418e-05,1.9980760981e+01,nan
1.3885680565e-04,7.5201596225e-05,2.1770720679e+01,nan
1.6346510870e-04,7.5109868407e-05,1.9639709046e+01,nan
1.5905210909e-04,7.1094665088e-05,2.1618011281e+01,nan
1.3267838981e-04,6.5347042534e-05,2.9347347266e+01,nan
1.0632477590e-04,6.0243035302e-05,3.9568243083e+01,nan
2.2232138073e-05,4.9667694143e-05,9.0647363340e+01,nan
8.4697511040e-05,5.6602099881e-05,4.8940801231e+01,nan
6.4061926481e-05,5.3663620957e-05,6.0039580074e+01,nan
1.6410709421e-04,7.8307316962e-05,1.8466669464e+01,nan
1.6717185048e-04,7.5978646500e-05,1.9273291226e+01,nan
1.6780053468e-04,7.9202931502e-05,1.7780174285e+01,nan
1.7088289227e-04,7.6854396185e-05,1.8573242970e+01,nan
-5.8794899163e-05,4.5321211765e-05,1.1920893469e+02,nan
1.5738252074e-04,7.9720508230e-05,1.8064902378e+01,nan
1.7150474726e-04,8.0111383833e-05,1.7031914158e+01,nan
1.7460463690e-04,7.7742613827e-05,1.7787535673e+01,nan
-1.0495858691e-04,4.3678977979e-05,1.2201188866e+02,nan
1.7833946408e-04,7.8645097214e-05,1.6980614114e+01,nan
1.7771667560e-04,7.5364877858e-05,1.8598142743e+01,nan
1.8146843265e-04,7.6245857320e-05,1.7745557954e+01,nan
1.8084081363e-04,7.2978927775e-05,1.9469147873e+01,nan
1.8523440995e-04,7.7141866182e-05,1.6888129047e+01,nan
1.8839100684e-04,7.4710638899e-05,1.7657150222e+01,nan
1.8776068997e-04,7.1420771107e-05,1.9457411804e+01,nan
1.9155812330e-04,7.2270164341e-05,1.8488314628e+01,nan
1.9218857272e-04,7.5599255620e-05,1.6754492063e+01,nan
1.9537063962e-04,7.3134784603e-05,1.7521236384e+01,nan
1.9600290383e-04,7.6503848792e-05,1.5879019785e+01,nan
1.9919954635e-04,7.4015408795e-05,1.6576590388e+01,nan
1.9092373355e-04,6.8996637403e-05,2.0419034625e+01,nan
-1.3757484804e-04,4.2325684919e-05,1.2423241912e+02,nan
1.9983519597e-04,7.7424589066e-05,1.5041956578e+01,nan
2.0304622613e-04,7.4912188186e-05,1.5668413245e+01,nan
2.0368659374e-04,7.8361388826e-05,1.4250895115e+01,nan
2.0691197615e-04,7.5825163086e-05,1.4805957367e+01,nan
2.0755850861e-04,7.9313968718e-05,1.3510731992e+01,nan
2.1079820052e-04,7.6754448757e-05,1.3995609336e+01,nan
2.1014369530e-04,7.3276382356e-05,1.5408887567e+01,nan
2.1404303764e-04,7.4181491950e-05,1.4522429142e+01,nan
2.1338149423e-04,7.0715895631e-05,1.6065098109e+01,nan
2.1729250783e-04,7.1595733560e-05,1.5095694257e+01,nan
2.1796383129e-04,7.5103124173e-05,1.3693732642e+01,nan
2.2122492055e-04,7.2492706744e-05,1.4187019047e+01,nan
2.2054691041e-04,6.8998045206e-05,1.5720822702e+01,nan
2.2448987372e-04,6.9869469901e-05,1.4724917371e+01,nan
2.2518012938e-04,7.3406600747e-05,1.3341153262e+01,nan
2.2845541075e-04,7.0758564124e-05,1.3796391206e+01,nan
2.2915918494e-04,7.4337029794e-05,1.2556257426e+01,nan
2.3244478085e-04,7.1665066865e-05,1.2930544942e+01,nan
2.3173269107e-04,6.8097609915e-05,1.4295479482e+01,nan
2.3573112268e-04,6.8979244317e-05,1.3344681517e+01,nan
2.3645921555e-04,7.2588791069e-05,1.2140358040e+01,nan
2.3975445793e-04,6.9878994733e-05,1.2480204097e+01,nan
2.3501087686e-04,6.5424180765e-05,1.4844486832e+01,nan
2.4049980622e-04,7.3529379170e-05,1.1341173037e+01,nan
2.4380384934e-04,7.0796344251e-05,1.1595649263e+01,nan
2.4456773370e-04,7.4486770114e-05,1.0862938326e+01,nan
2.4788027030e-04,7.1731758763e-05,1.1089586357e+01,nan
1.7211652886e-04,8.3413310947e-05,1.5605389433e+01,nan
-1.9147962222e-04,3.8235761073e-05,1.3345813644e+02,nan
-1.1855223253e-04,4.3798364857e-05,1.2141634737e+02,nan
2.4864130818e-04,7.5443452826e-05,1.0954321816e+01,nan
2.5196034276e-04,7.2665258566e-05,1.1219239614e+01,nan
2.4531982636e-04,7.8204315321e-05,1.0699954352e+01,nan
2.5119052166e-04,6.8959772345e-05,1.1342560001e+01,nan
2.5527733540e-04,6.9869941446e-05,1.1494088315e+01,nan
2.5449881168e-04,6.6170964062e-05,1.1623033118e+01,nan
2.5859254281e-04,6.7057614568e-05,1.1779045350e+01,nan
2.5780545890e-04,6.3365509270e-05,1.1932663009e+01,nan
2.6190626520e-04,6.4228337303e-05,1.2074781514e+01,nan
2.6267409172e-04,6.7928523459e-05,1.2025904379e+01,nan
2.6599474440e-04,6.5075046868e-05,1.2346887918e+01,nan
2.6674324179e-04,6.8784039960e-05,1.2287773826e+01,nan
2.7007053544e-04,6.5906149316e-05,1.2615492622e+01,nan
2.6111074519e-04,6.0543528199e-05,1.2273506189e+01,nan
2.7079968056e-04,6.9624541329e-05,1.2582726220e+01,nan
2.7484298708e-04,7.0450558270e-05,1.2894976863e+01,nan
2.7818206348e-04,6.7523738536e-05,1.3236196692e+01,nan
2.7746568928e-04,6.3801562698e-05,1.3269985956e+01,nan
2.8152029266e-04,6.4578217855e-05,1.3591748267e+01,nan
2.8079763264e-04,6.0862375163e-05,1.3635208387e+01,nan
2.8485788828e-04,6.1613643754e-05,1.3961256950e+01,nan
2.8556092150e-04,6.5341614227e-05,1.3927048092e+01,nan
2.8890286034e-04,6.2351694042e-05,1.4301585128e+01,nan
2.8819495412e-04,5.8629560441e-05,1.4344099247e+01,nan
2.9224464307e-04,5.9341824354e-05,1.4690475598e+01,nan
2.9293141110e-04,6.3077731541e-05,1.4649067482e+01,nan
2.9627739822e-04,6.0042279367e-05,1.5044991722e+01,nan
2.9153160555e-04,5.5625438707e-05,1.4739811146e+01,nan
2.9694305172e-04,6.3793125054e-05,1.5001163628e+01,nan
3.0029235820e-04,6.0732290494e-05,1.5405708076e+01,nan
3.0093691573e-04,6.4499234255e-05,1.5353877206e+01,nan
3.0428863992e-04,6.1413328675e-05,1.5768826529e+01,nan
3.0491209016e-04,6.5197807325e-05,1.5703554158e+01,nan
3.0826527055e-04,6.2087112356e-05,1.6130818902e+01,nan
3.0155796298e-04,6.8285981416e-05,1.5299167478e+01,nan
3.0763965325e-04,5.8304929707e-05,1.6205121819e+01,nan
3.1161769357e-04,5.8952994416e-05,1.6582560297e+01,nan
3.1099007539e-04,5.5172994502e-05,1.6664171634e+01,nan
3.1496948734e-04,5.5794474150e-05,1.7060627791e+01,nan
3.1434004533e-04,5.2016597803e-05,1.7147542422e+01,nan
3.1832084493e-04,5.2610290721e-05,1.7567076300e+01,nan
3.1768958681e-04,4.8834602033e-05,1.7656836071e+01,nan
3.2167166579e-04,4.9399261959e-05,1.8103984784e+01,nan
2.7150267634e-04,7.3359164751e-05,1.2568170140e+01,nan
3.0551282783e-04,6.9002513084e-05,1.5630652922e+01,nan
3.0215693347e-04,7.2091805329e-05,1.5239170301e+01,nan
3.1892612707e-04,5.6411186636e-05,1.7456537483e+01,nan
3.2103857522e-04,4.5625737429e-05,1.8193500072e+01,nan
3.2502177027e-04,4.6159954994e-05,1.8673286878e+01,nan
3.1703028793e-04,4.5084455387e-05,1.7728287875e+01,nan
7.3347435084e-05,6.1794084197e-05,4.6483901789e+01,nan
3.4270066651e-05,5.6468519863e-05,6.8834132087e+01,nan
-3.2000759553e-06,5.3672952254e-05,9.4011618810e+01,nan
-1.0916787523e-04,4.8841676473e-05,1.1126174532e+02,nan
-8.3995796865e-05,5.0389919367e-05,1.0899830340e+02,nan
-1.2911012408e-04,4.9098419815e-05,1.1013482146e+02,nan
-2.1953467846e-04,3.5675854178e-05,1.3931067226e+02,nan
-2.3184400896e-04,3.4468047167e-05,1.4152059546e+02,nan
2.0820209557e-04,8.2849494674e-05,1.2439842890e+01,nan
2.0495636871e-04,8.5401206618e-05,1.2086117718e+01,nan
2.0884059365e-04,8.6426731210e-05,1.1569854651e+01,nan
2.0558203520e-04,8.8981954086e-05,1.1294914765e+01,nan
2.0947221732e-04,9.0040654066e-05,1.0878305958e+01,nan
2.0619863219e-04,9.2597024843e-05,1.0670499621e+01,nan
2.1009468677e-04,9.3686767636e-05,1.0345305971e+01,nan
2.0680405581e-04,9.6242071954e-05,1.0192346121e+01,nan
2.1070571467e-04,9.7360841159e-05,9.9521960847e+00,nan
2.0739654021e-04,9.9913067085e-05,9.8435747422e+00,nan
2.1130310126e-04,1.0105903628e-04,9.6785892441e+00,nan
2.0797294884e-04,1.0360660317e-04,9.6053013828e+00,nan
2.1188447343e-04,1.0477803838e-04,9.5160782909e+00,nan
2.0853138644e-04,1.0731956975e-04,9.4597304828e+00,nan
2.0464530868e-04,1.0613009854e-04,9.5368537613e+00,nan
2.0518061644e-04,1.0983541549e-04,9.4143457116e+00,nan
2.0132143061e-04,1.0862807022e-04,9.4772011479e+00,nan
2.1244771618e-04,1.0851500989e-04,9.4416086632e+00,nan
2.0183361500e-04,1.1232389944e-04,9.3748903188e+00,nan
1.9800266200e-04,1.1109909623e-04,9.4307881407e+00,nan
1.9849199599e-04,1.1478332815e-04,9.3472614144e+00,nan
1.9468939041e-04,1.1354179011e-04,9.4007883829e+00,nan
1.9515732873e-04,1.1721211723e-04,9.3374165968e+00,nan
1.9138512258e-04,1.1595543510e-04,9.3916913099e+00,nan
2.1582634326e-04,1.0595517349e-04,9.4405101228e+00,nan
2.1639626485e-04,1.0971380669e-04,9.4868324463e+00,nan
2.1980018551e-04,1.0713618552e-04,9.5463837231e+00,nan
2.2036967699e-04,1.1091284695e-04,9.5232203118e+00,nan
2.2378047506e-04,1.0831032532e-04,9.5591378386e+00,nan
1.9183183128e-04,1.1960902540e-04,9.3507496651e+00,nan
1.8809275744e-04,1.1833794110e-04,9.4083934594e+00,nan
1.9895656949e-04,1.1848008394e-04,9.3229325498e+00,nan
2.2433315006e-04,1.1209925642e-04,9.6078786612e+00,nan
2.2774737670e-04,1.0947075644e-04,9.6834989312e+00,nan
1.8851781988e-04,1.2197289470e-04,9.3930300516e+00,nan
1.8481063036e-04,1.2068990862e-04,9.4554223546e+00,nan
1.8437653475e-04,1.1708208385e-04,9.4922961564e+00,nan
1.8112636048e-04,1.1942334654e-04,9.5380973855e+00,nan
1.8154196665e-04,1.2301100560e-04,9.5360774446e+00,nan
1.7788916043e-04,1.2173485286e-04,9.6155245768e+00,nan
1.7425528169e-04,1.2047816093e-04,9.7049956927e+00,nan
1.7382007671e-04,1.1694051497e-04,9.7415415480e+00,nan
1.7063839633e-04,1.1924116333e-04,9.7975828122e+00,nan
1.7019440169e-04,1.1572478958e-04,9.8560833024e+00,nan
1.6703872147e-04,1.1802006454e-04,9.8930367806e+00,nan
1.6345444421e-04,1.1681534992e-04,9.9902291584e+00,nan
1.6389583506e-04,1.2029438751e-04,9.9581012294e+00,nan
1.6033578685e-04,1.1908605697e-04,1.0031337798e+01,nan
1.5988471370e-04,1.1562656146e-04,1.0089294117e+01,nan
1.5678906813e-04,1.1789315559e-04,1.0103324318e+01,nan
1.5325513792e-04,1.1671452053e-04,1.0171675472e+01,nan
1.5278573409e-04,1.1329190727e-04,1.0297568570e+01,nan
1.4973330581e-04,1.1554910052e-04,1.0242807901e+01,nan
1.4925533228e-04,1.1214395206e-04,1.0414109493e+01,nan
1.4669074384e-04,1.1779142676e-04,1.0215328480e+01,nan
1.4320003571e-04,1.1663322628e-04,1.0259921883e+01,nan
1.4272388788e-04,1.1325396404e-04,1.0415288095e+01,nan
1.3971952958e-04,1.1548523211e-04,1.0312915708e+01,nan
1.3923408288e-04,1.1212327588e-04,1.0535117480e+01,nan
1.3574868624e-04,1.1100079792e-04,1.0841728188e+01,nan
1.3276685524e-04,1.1321458593e-04,1.0851513956e+01,nan
1.3225155572e-04,1.0988478078e-04,1.1187180632e+01,nan
1.2927614501e-04,1.1208629253e-04,1.1079458123e+01,nan
1.2874369562e-04,1.0876658841e-04,1.1464406319e+01,nan
1.2577523813e-04,1.1096071753e-04,1.1269536497e+01,nan
1.2280744789e-04,1.1314052993e-04,1.1070475998e+01,nan
1.2226733543e-04,1.0983296298e-04,1.1440047424e+01,nan
1.1931173441e-04,1.1199927052e-04,1.1146448688e+01,nan
1.1875175754e-04,1.0870192096e-04,1.1624048470e+01,nan
1.1580974783e-04,1.1085314810e-04,1.1248119048e+01,nan
1.1522785721e-04,1.0756580013e-04,1.1864776958e+01,nan
1.1230078577e-04,1.0970002594e-04,1.1418901890e+01,nan
1.1169568039e-04,1.0642054720e-04,1.2205696116e+01,nan
1.0878392744e-04,1.0853760434e-04,1.1706838592e+01,nan
1.0815223258e-04,1.0526878444e-04,1.2695246956e+01,nan
1.0525760669e-04,1.0736500061e-04,1.2169292200e+01,nan
1.0459837886e-04,1.0410921833e-04,1.3366972382e+01,nan
1.0172196391e-04,1.0618219138e-04,1.2820017293e+01,nan
1.0103190192e-04,1.0294053586e-04,1.4286694963e+01,nan
9.8174499951e-05,1.0498771514e-04,1.3761324330e+01,nan
9.8850583864e-05,1.0824107964e-04,1.2252399853e+01,nan
9.4632598587e-05,1.0379403859e-04,1.4505860151e+01,nan
9.1810232326e-05,1.0580301246e-04,1.3908110412e+01,nan
9.1122306921e-05,1.0261971263e-04,1.5218378346e+01,nan
8.8330118620e-05,1.0460584013e-04,1.4605247333e+01,nan
8.7647136193e-05,1.0146788774e-04,1.5982720985e+01,nan
8.4208440461e-05,1.0033946961e-04,1.6784647021e+01,nan
8.1480955279e-05,1.0228041729e-04,1.6137505744e+01,nan
8.0806966292e-05,9.9235893413e-05,1.7622273857e+01,nan
7.8114010661e-05,1.0115510689e-04,1.6959657567e+01,nan
7.7443604613e-05,9.8158073060e-05,1.8492116031e+01,nan
7.4118671146e-05,9.7107300644e-05,1.9391088267e+01,nan
7.2144508003e-05,1.0193413685e-04,1.7149703128e+01,nan
6.8895691068e-05,1.0084358228e-04,1.8016888879e+01,nan
6.8250043708e-05,9.7944525386e-05,1.9604905108e+01,nan
6.5040715064e-05,9.6933157222e-05,2.0536155558e+01,nan
6.2519548318e-05,9.8755395292e-05,1.9822864654e+01,nan
5.9390424583e-05,9.7759806754e-05,2.0756909661e+01,nan
5.8735727672e-05,9.5004145829e-05,2.2460630484e+01,nan
5.6298794325e-05,9.6797589890e-05,2.1709836002e+01,nan
5.5637491786e-05,9.4087691589e-05,2.3450932188e+01,nan
5.2573290093e-05,9.3203803105e-05,2.4458670703e+01,nan
5.0220955681e-05,9.4975005242e-05,2.3668888165e+01,nan
4.4269398658e-05,9.3289278390e-05,2.5696683378e+01,nan
4.0618092554e-05,8.9994655537e-05,2.8654818515e+01,nan
3.8426878893e-05,9.1738598304e-05,2.7791527467e+01,nan
3.5540961776e-05,9.1012918833e-05,2.8863805295e+01,nan
3.2675885338e-05,9.0319509989e-05,2.9952698437e+01,nan
2.7779318397e-05,9.1380973790e-05,3.0201030226e+01,nan
2.4983662583e-05,9.0749187198e-05,3.1316825016e+01,nan
2.2201976511e-05,9.0147829717e-05,3.2444528079e+01,nan
1.8599826192e-05,8.7309667873e-05,3.5671753503e+01,nan
1.3047338075e-05,8.6305611700e-05,3.9184005063e+01,nan
1.0249673398e-05,8.5849466732e-05,4.1722161903e+01,nan
7.4339070415e-06,8.5423181043e-05,4.3954845121e+01,nan
2.7059359132e-06,8.6782749964e-05,4.5323875896e+01,nan
-1.3444901550e-07,8.6420604126e-05,4.6912133167e+01,nan
-2.9874589408e-06,8.6084393376e-05,4.8326174171e+01,nan
-3.9829842903e-06,8.3991311756e-05,5.0868989485e+01,nan
-6.8695173233e-06,8.3695182034e-05,5.2145837968e+01,nan
-9.7667841041e-06,8.3421203164e-05,5.3269148831e+01,nan
-1.2673910359e-05,8.3168556374e-05,5.4251138553e+01,nan
-1.8514095330e-05,8.2722092654e-05,5.5839339329e+01,nan
-2.1445624954e-05,8.2526496730e-05,5.6467319485e+01,nan
-2.4383780514e-05,8.2347875948e-05,5.6998458637e+01,nan
-2.7327879234e-05,8.2185199199e-05,5.7442471633e+01,nan
-3.2014041151e-05,8.3883532476e-05,5.5435883732e+01,nan
-3.4950456435e-05,8.3756703493e-05,5.5665637493e+01,nan
-3.7890684417e-05,8.3643294684e-05,5.5841482511e+01,nan
-4.0834264353e-05,8.3542665710e-05,5.5969926371e+01,nan
-4.6729707447e-05,8.3376906569e-05,5.6108554835e+01,nan
-4.9680752334e-05,8.3310614280e-05,5.6129161246e+01,nan
-5.2633492747e-05,8.3254607244e-05,5.6123484084e+01,nan
-5.5587558716e-05,8.3208343773e-05,5.6095560396e+01,nan
-5.8542598973e-05,8.3171451335e-05,5.6048797031e+01,nan
-6.1498266007e-05,8.3143431200e-05,5.5986393440e+01,nan
-6.7410149964e-05,8.3112445086e-05,5.5825147244e+01,nan
-7.0365719361e-05,8.3108816018e-05,5.5730592927e+01,nan
-7.3320220740e-05,8.3112488396e-05,5.5629383339e+01,nan
-7.6274062757e-05,8.3123512160e-05,5.5522439882e+01,nan
-7.9227176418e-05,8.3141655756e-05,5.5410867405e+01,nan
-8.5128025353e-05,8.3197531312e-05,5.5178520328e+01,nan
-8.8075090952e-05,8.3235242335e-05,5.5058411168e+01,nan
-9.1018842952e-05,8.3279512766e-05,5.4935807437e+01,nan
-9.3960322327e-05,8.3329643115e-05,5.4811591364e+01,nan
-9.6898790327e-05,8.3385844036e-05,5.4685324990e+01,nan
-1.0151609792e-04,8.1557277043e-05,5.7072050449e+01,nan
-1.0569248891e-04,8.3589950336e-05,5.4292345954e+01,nan
-3.0816248362e-05,8.5876850500e-05,5.2796321093e+01,nan
-7.7069538222e-06,8.7564154815e-05,4.8153442714e+01,nan
-1.0861543656e-04,8.3669670290e-05,5.4155352356e+01,nan
-1.1153369682e-04,8.3755355746e-05,5.4014282558e+01,nan
1.4771868755e-05,9.0749816603e-05,3.4914359772e+01,nan
-1.1444696615e-04,8.3846913091e-05,5.3868614651e+01,nan
4.7897141900e-05,9.6727291564e-05,2.2902486314e+01,nan
-1.1913869544e-04,8.2058067992e-05,5.6139383467e+01,nan
-1.2205695370e-04,8.2161929827e-05,5.5965458545e+01,nan
6.0019996817e-05,1.0055524373e-04,1.9126941221e+01,nan
-1.2496902966e-04,8.2271333557e-05,5.5784754457e+01,nan
-1.2892739196e-04,8.4395072237e-05,5.3042635240e+01,nan
-1.3264012614e-04,8.0632532813e-05,5.7794933398e+01,nan
-1.3366404263e-04,8.2638020421e-05,5.5187104748e+01,nan
-1.3654750377e-04,8.2773184377e-05,5.4966391685e+01,nan
-1.3745002464e-04,7.8892763329e-05,5.9997601295e+01,nan
-1.4036265898e-04,7.9027675088e-05,5.9743303659e+01,nan
-1.4326664234e-04,7.9169114773e-05,5.9475852902e+01,nan
-1.4616160639e-04,7.9317364908e-05,5.9193941454e+01,nan
-1.1800033944e-04,8.0083443091e-05,5.8783684523e+01,nan
-1.4904706779e-04,7.9472751357e-05,5.8896191804e+01,nan
-1.5478799501e-04,7.9805817093e-05,5.8248137932e+01,nan
-6.7382444338e-05,7.9301759172e-05,6.1232790990e+01,nan
1.1286700225e-04,1.1299595631e-04,1.0850814024e+01,nan
-1.5764269119e-04,7.9984155504e-05,5.7895006318e+01,nan
-1.5593820806e-04,7.5919138116e-05,6.3428976754e+01,nan
-1.3937586496e-04,7.7033481729e-05,6.2474301229e+01,nan
-8.8332088582e-05,7.9412631686e-05,6.0369879644e+01,nan
-1.6048629960e-04,8.0170773622e-05,5.7520619686e+01,nan
2.0555587979e-05,8.5578708375e-05,3.6609554256e+01,nan
3.6520749683e-06,8.2896427547e-05,4.8540327033e+01,nan
-3.1494727979e-05,8.0066596062e-05,6.0503074395e+01,nan
-4.9405601636e-05,7.9501450846e-05,6.1480405042e+01,nan
-1.6331839691e-04,8.0365979979e-05,5.7123584472e+01,nan
-1.6819587402e-04,7.8705819754e-05,5.9003526224e+01,nan
-1.6743395025e-04,7.6645170703e-05,6.1824442111e+01,nan
-1.7238224584e-04,7.4998221220e-05,6.3781693566e+01,nan
-1.7522307851e-04,7.5210589826e-05,6.3271960449e+01,nan
-1.7804970540e-04,7.5432991413e-05,6.2732144287e+01,nan
-1.8086164824e-04,7.5665913326e-05,6.2160516674e+01,nan
-1.4799855821e-04,8.3383304172e-05,5.3945875448e+01,nan
1.4018584305e-04,1.1885489353e-04,1.0232324331e+01,nan
4.5825841179e-05,8.8984070478e-05,2.8456244167e+01,nan
-1.8521128880e-04,7.1982598971e-05,6.7060099699e+01,nan
-1.8802752063e-04,7.2225929834e-05,6.6407481068e+01,nan
-1.9082700720e-04,7.2481177324e-05,6.5716625856e+01,nan
-1.9585052830e-04,7.0916286163e-05,6.7460260222e+01,nan
-1.9862279217e-04,7.1197376648e-05,6.6658624677e+01,nan
-1.9811875485e-04,6.9089845118e-05,7.0005051721e+01,nan
-2.0137607616e-04,7.1492519163e-05,6.5811211013e+01,nan
-2.0320290213e-04,6.7550866240e-05,7.1762905185e+01,nan
-2.0597098994e-04,6.7846780818e-05,7.0853348486e+01,nan
-2.0871801546e-04,6.8158120646e-05,6.9891791657e+01,nan
-1.6129568357e-04,8.2237212614e-05,5.4857695305e+01,nan
-2.1414639932e-04,6.8830334164e-05,6.7804855079e+01,nan
-2.1617602784e-04,6.4867852247e-05,7.4072198179e+01,nan
-2.1888928769e-04,6.5215483699e-05,7.2921635685e+01,nan
-2.1918781632e-04,6.7384371355e-05,6.9156104690e+01,nan
-2.2399724671e-04,6.3786017027e-05,7.4333413534e+01,nan
1.6076625009e-04,1.2254826659e-04,1.0050553501e+01,nan
-1.7938991195e-04,7.9619601193e-05,5.6956452179e+01,nan
-2.2666382260e-04,6.4175122443e-05,7.3008362522e+01,nan
1.1462477467e-04,1.0429583533e-04,1.2673527646e+01,nan
-2.2644652150e-04,6.1996439389e-05,7.7031275656e+01,nan
-2.2930353712e-04,6.4585786279e-05,7.1614730528e+01,nan
2.2828482456e-04,1.1327045812e-04,9.7900675415e+00,nan
2.3170313839e-04,1.1061555365e-04,9.9041675210e+00,nan
2.2485443810e-04,1.1589916893e-04,9.7045438778e+00,nan
-2.3424296933e-04,6.1026276609e-05,7.6866337238e+01,nan
-2.3685708269e-04,6.1468245020e-05,7.5283947843e+01,nan
3.4140190034e-05,9.5182441021e-05,2.6185585439e+01,nan
6.9517884039e-05,1.0378899115e-04,1.6502654079e+01,nan
-1.8215309359e-04,7.9874898296e-05,5.6366835256e+01,nan
1.2331558696e-04,1.1646276350e-04,1.0862804802e+01,nan
-7.9363319804e-05,7.9325431509e-05,6.0777825319e+01,nan
-2.2388732958e-04,4.1497658420e-05,1.2293980402e+02,nan
-5.8391207487e-05,7.9362577073e-05,6.1450125872e+01,nan
1.4778333109e-04,6.8577155199e-05,2.4311122044e+01,nan
3.4766566726e-05,5.0567503747e-05,8.1215191572e+01,nan
1.0389667680e-04,1.0087811183e-04,1.4745094108e+01,nan
2.9049208972e-05,8.7293519150e-05,3.3106836765e+01,nan
1.3522720206e-04,1.0767525945e-04,1.1314536603e+01,nan
3.0609248662e-04,7.2826588429e-05,1.5548113458e+01,nan
3.0273532224e-04,7.5915911893e-05,1.5171690642e+01,nan
-2.3695531951e-04,6.3702086389e-05,7.1092767399e+01,nan
-2.4195707221e-04,6.0177098464e-05,7.6203897678e+01,nan
1.7827643860e-04,1.2529837283e-04,9.6509642622e+00,nan
2.3564918832e-04,1.1174314097e-04,1.0198756483e+01,nan
3.2037631206e-04,4.1879070496e-05,1.8259733451e+01,nan
3.1634150928e-04,4.1359868600e-05,1.7786073163e+01,nan
-2.4192177174e-04,5.7947692605e-05,8.0640549766e+01,nan
-2.4450827228e-04,6.0677818866e-05,7.4387719833e+01,nan
1.9419632486e-04,1.0988391877e-04,9.5249556986e+00,nan
1.5229563545e-04,1.0987781267e-04,1.0538572427e+01,nan
-2.4708362776e-04,5.6685332641e-05,8.1497682016e+01,nan
-2.5214226989e-04,5.7747550127e-05,7.7437223429e+01,nan
2.3615903632e-04,1.1555995323e-04,1.0408957850e+01,nan
2.3958682021e-04,1.1285277740e-04,1.0546731913e+01,nan
3.0665290354e-04,7.6669039426e-05,1.5454148434e+01,nan
3.0329484804e-04,7.9757294358e-05,1.5094672083e+01,nan
3.1968351699e-04,3.8158996816e-05,1.8307730676e+01,nan
3.1562254706e-04,3.7660571312e-05,1.7835599496e+01,nan
-1.8069516253e-04,8.3876218583e-05,5.1486284169e+01,nan
-2.5204924735e-04,6.0042177430e-05,7.2875298898e+01,nan
-2.5474714564e-04,5.6032942585e-05,7.9947892577e+01,nan
1.7583039449e-04,8.4371744124e-05,1.4902518271e+01,nan
2.4008492221e-04,1.1667604283e-04,1.0793069323e+01,nan
2.4351744712e-04,1.1394388304e-04,1.0924414743e+01,nan
2.4300426191e-04,1.1012283829e-04,1.0697046479e+01,nan
2.4693955859e-04,1.1118986512e-04,1.1067604265e+01,nan
-2.5738400008e-04,5.4329471586e-05,8.2468126133e+01,nan
-2.5964993967e-04,5.7248094385e-05,7.5346494401e+01,nan
2.3664069271e-04,1.1938507969e-04,1.0673077268e+01,nan
2.4937471913e-04,7.9169440407e-05,1.0897345492e+01,nan
1.7336035826e-04,1.1340688717e-04,9.8488197117e+00,nan
2.5700942997e-04,5.9707268376e-05,1.3074364002e+01,nan
2.6030962366e-04,5.6896725728e-05,1.3574151234e+01,nan
2.5623093082e-04,5.6111262778e-05,1.4871177484e+01,nan
2.5952795887e-04,5.3315963307e-05,1.5514449977e+01,nan
2.5547226904e-04,5.2584690927e-05,1.6953175963e+01,nan
2.5876817713e-04,4.9808699181e-05,1.7790602852e+01,nan
2.5473624827e-04,4.9135701984e-05,1.9539924451e+01,nan
2.5803345546e-04,4.6383408104e-05,2.0622894197e+01,nan
2.5402606382e-04,4.5773587696e-05,2.2759751047e+01,nan
2.5732741811e-04,4.3049976033e-05,2.4186906753e+01,nan
2.5334549804e-04,4.2509319942e-05,2.6865552971e+01,nan
2.5665443122e-04,3.9820412583e-05,2.8768607843e+01,nan
2.5269772665e-04,3.9355837962e-05,3.2160419695e+01,nan
2.6063322607e-04,4.0317762346e-05,2.5760002701e+01,nan
2.6394371966e-04,3.7576485295e-05,2.7466659242e+01,nan
2.4938491677e-04,4.1998787543e-05,2.9788199017e+01,nan
2.4875553506e-04,3.8919390798e-05,3.5298278342e+01,nan
2.4544006647e-04,4.1515734488e-05,3.2797486035e+01,nan
2.4481673816e-04,3.8495211551e-05,3.6574978682e+01,nan
2.4150294700e-04,4.1051974242e-05,3.5041400686e+01,nan
2.4086748612e-04,3.8059104214e-05,3.6084734311e+01,nan
2.3690793599e-04,3.7602951383e-05,3.5559767984e+01,nan
2.3361538932e-04,4.0110057245e-05,3.4843223963e+01,nan
2.2965777242e-04,3.9611503007e-05,3.4403037877e+01,nan
2.2569490312e-04,3.9096786895e-05,3.4365170097e+01,nan
2.2499003714e-04,3.6132395661e-05,3.5448530476e+01,nan
2.2173452217e-04,3.8571240552e-05,3.4561182356e+01,nan
2.2102258301e-04,3.5622439107e-05,3.5943623215e+01,nan
2.1777917072e-04,3.8038729732e-05,3.4989935846e+01,nan
2.1706123397e-04,3.5107078684e-05,3.6556343142e+01,nan
2.1382797931e-04,3.7501790571e-05,3.5580861151e+01,nan
2.1310707027e-04,3.4590251415e-05,3.7374174880e+01,nan
2.0915968484e-04,3.4072863987e-05,3.8364106781e+01,nan
2.0594497252e-04,3.6422125628e-05,3.7178527145e+01,nan
2.0201302451e-04,3.5883892814e-05,3.8233186941e+01,nan
1.9808648948e-04,3.5348662659e-05,3.9398159647e+01,nan
1.9416508225e-04,3.4817902014e-05,4.0688686137e+01,nan
1.9343223429e-04,3.2032307020e-05,4.3514533252e+01,nan
1.9024868379e-04,3.4293010750e-05,4.2099127980e+01,nan
1.8951348768e-04,3.1535873799e-05,4.5130105587e+01,nan
1.8633564623e-04,3.3774992977e-05,4.3612070002e+01,nan
1.8559817316e-04,3.1046967588e-05,4.6865483174e+01,nan
1.8168588525e-04,3.0566286548e-05,4.8706904583e+01,nan
1.7777553742e-04,3.0094512874e-05,5.0650414464e+01,nan
1.7461586902e-04,3.2269166725e-05,4.8822536684e+01,nan
1.7071302830e-04,3.1785768159e-05,5.0787915701e+01,nan
1.6995797268e-04,2.9179995254e-05,5.4864408928e+01,nan
1.6681003761e-04,3.1312969970e-05,5.2865890794e+01,nan
1.6290696641e-04,3.0851209189e-05,5.5047569811e+01,nan
1.6214085748e-04,2.8308213527e-05,5.9528365668e+01,nan
1.5823156352e-04,2.7889523434e-05,6.2049469550e+01,nan
1.5432115405e-04,2.7483068721e-05,6.4707641458e+01,nan
1.5040971534e-04,2.7089353725e-05,6.7491595431e+01,nan
1.4649760571e-04,2.6708443838e-05,7.0452285297e+01,nan
1.4338169497e-04,2.8724647296e-05,6.7653461927e+01,nan
1.3947503867e-04,2.8339568389e-05,7.0623859569e+01,nan
1.3556964422e-04,2.7969853029e-05,7.3886868555e+01,nan
1.3166991981e-04,2.7617744942e-05,7.7507915838e+01,nan
1.2779130044e-04,2.7283843717e-05,8.1127277277e+01,nan
1.2393644803e-04,2.6967857984e-05,8.4964991245e+01,nan
1.2315040439e-04,2.4764995896e-05,9.3531488807e+01,nan
1.2010471801e-04,2.6670104201e-05,8.9008252615e+01,nan
1.1932271886e-04,2.4503743948e-05,9.8094483821e+01,nan
1.1629581538e-04,2.6390621346e-05,9.3247926286e+01,nan
1.1551688063e-04,2.4260580624e-05,1.0284453687e+02,nan
1.1173277555e-04,2.4034748857e-05,1.0776421707e+02,nan
1.0796973594e-04,2.3827268957e-05,1.1281696455e+02,nan
1.0422783304e-04,2.3636592488e-05,1.1795108352e+02,nan
1.0050676105e-04,2.3462374297e-05,1.2311785118e+02,nan
9.6806115351e-05,2.3304094436e-05,1.2827897513e+02,nan
9.3908178635e-05,2.5087628681e-05,1.2170909399e+02,nan
9.0252621652e-05,2.4928939586e-05,1.2663446265e+02,nan
8.6617141495e-05,2.4785406580e-05,1.3148967539e+02,nan
8.3003948429e-05,2.4656153191e-05,1.3622398060e+02,nan
7.9410773404e-05,2.4540524188e-05,1.4078746453e+02,nan
7.5837027208e-05,2.4437725973e-05,1.4512591887e+02,nan
7.2284813436e-05,2.4346816491e-05,1.4920847191e+02,nan
6.8751835660e-05,2.4267059326e-05,1.5287558288e+02,nan
6.5237470053e-05,2.4197833049e-05,1.5661883653e+02,nan
6.1742938866e-05,2.4137458516e-05,1.5799696404e+02,nan
5.8240001678e-05,2.4077040590e-05,1.5686909020e+02,nan
5.4724751618e-05,2.4015126068e-05,1.5642524882e+02,nan
5.1199603038e-05,2.3951580542e-05,1.5607530341e+02,nan
4.7662935425e-05,2.3887141220e-05,1.5593171918e+02,nan
4.4115304527e-05,2.3821991190e-05,1.5594935272e+02,nan
4.0556963390e-05,2.3756390949e-05,1.5611617718e+02,nan
1.4019018343e-05,2.1667065548e-05,1.6476834045e+02,nan
1.0354670568e-05,2.1613882095e-05,1.6548499798e+02,nan
8.0924616348e-06,2.3191472127e-05,1.6158029832e+02,nan
6.6830433182e-06,2.1562507770e-05,1.6620959180e+02,nan
4.4424880500e-06,2.3136213725e-05,1.6235577186e+02,nan
3.0045654453e-06,2.1513029394e-05,1.6693186718e+02,nan
7.8457522142e-07,2.3083195121e-05,1.6312055780e+02,nan
-6.8050534279e-07,2.1465633069e-05,1.6764262753e+02,nan
-2.8785423380e-06,2.3032609693e-05,1.6386560996e+02,nan
-6.5484195497e-06,2.2984423894e-05,1.6458445427e+02,nan
-1.0224191445e-05,2.2939009539e-05,1.6527043032e+02,nan
-1.3906136316e-05,2.2896208946e-05,1.6591959087e+02,nan
-1.7591484722e-05,2.2856005493e-05,1.6652834147e+02,nan
-2.1281848295e-05,2.2818672874e-05,1.6709396169e+02,nan
-3.7794221891e-05,2.1121654487e-05,1.7297705814e+02,nan
-4.1523420847e-05,2.1100459200e-05,1.7329309333e+02,nan
-4.5254346638e-05,2.1081338294e-05,1.7357266243e+02,nan
-4.8985136854e-05,2.1063911627e-05,1.7381873410e+02,nan
-5.2715017855e-05,2.1050339199e-05,1.7402826430e+02,nan
-5.6449655378e-05,2.1036875099e-05,1.7421330940e+02,nan
-6.0187964097e-05,2.1025199810e-05,1.7437219575e+02,nan
-7.3201966554e-05,2.2551684830e-05,1.7090027191e+02,nan
-7.6915764122e-05,2.2547591899e-05,1.7096906955e+02,nan
-8.0628789206e-05,2.2545047367e-05,1.7102569002e+02,nan
-8.6331214875e-05,2.0991070774e-05,1.7497770899e+02,nan
-9.0062714080e-05,2.0991698609e-05,1.7502571156e+02,nan
-9.3792887336e-05,2.0993476417e-05,1.7507163949e+02,nan
-9.7521556119e-05,2.0996386226e-05,1.7511758599e+02,nan
-1.0124856633e-04,2.1000342331e-05,1.7516569527e+02,nan
-1.0497375224e-04,2.1005337112e-05,1.7521778241e+02,nan
-1.0869694794e-04,2.1011298691e-05,1.7527571338e+02,nan
-1.1241798330e-04,2.1018231635e-05,1.7534102078e+02,nan
-1.3978699948e-04,2.2666812175e-05,1.7203329698e+02,nan
-1.4208912192e-04,2.1106038512e-05,1.7628343293e+02,nan
-1.4345937741e-04,2.2683214608e-05,1.7217798914e+02,nan
-1.4578320452e-04,2.1121078805e-05,1.7646741932e+02,nan
-1.4712766056e-04,2.2700675601e-05,1.7233716660e+02,nan
-1.4947333606e-04,2.1137112555e-05,1.7666787869e+02,nan
-1.5078228647e-04,2.2716230426e-05,1.7251842006e+02,nan
-1.5315801251e-04,2.1154293663e-05,1.7688460184e+02,nan
1.5588613193e-04,3.2496385026e-05,5.5276443332e+01,nan
3.8102675339e-05,2.5389856571e-05,1.5143220593e+02,nan
-3.0709614322e-05,2.4313072356e-05,1.6441661086e+02,nan
1.8317342352e-04,3.6011637763e-05,4.2190613804e+01,nan
-1.5445102281e-04,2.2738607690e-05,1.7270033909e+02,nan
-1.5684065010e-04,2.1172184188e-05,1.7711917985e+02,nan
-4.5430503870e-05,2.4207698222e-05,1.6585638564e+02,nan
1.6685781480e-05,2.4966907512e-05,1.5526874744e+02,nan
9.4693487724e-05,2.7073267837e-05,1.1093056580e+02,nan
1.1329683058e-04,2.8287070146e-05,8.8864010920e+01,nan
-1.5808343253e-04,2.2763084437e-05,1.7289192592e+02,nan
-1.6051453664e-04,2.1190499480e-05,1.7737194044e+02,nan
-1.6418909206e-04,2.1209856834e-05,1.7764190231e+02,nan
-6.3909116535e-05,2.4132159493e-05,1.6681808498e+02,nan
-8.6062800775e-05,2.4106342258e-05,1.6722017067e+02,nan
-1.6785680071e-04,2.1231140762e-05,1.7792565502e+02,nan
-1.7151802608e-04,2.1254403464e-05,1.7822254738e+02,nan
-1.0080945086e-04,2.4119833400e-05,1.6731060843e+02,nan
-1.1552318554e-04,2.4153192504e-05,1.6742246987e+02,nan
-1.3019190055e-04,2.4204416353e-05,1.6765262345e+02,nan
2.3622460624e-04,3.4631885999e-05,3.6020075592e+01,nan
2.0843472263e-04,3.1224058367e-05,4.0687707716e+01,nan
1.8094584216e-04,2.7918862590e-05,5.2555075475e+01,nan
1.5354316333e-04,2.5058747391e-05,7.0436305488e+01,nan
1.2621685617e-04,2.2868990760e-05,9.8557445575e+01,nan
3.4630255154e-05,2.0349648647e-05,1.6626174923e+02,nan
-2.0824170428e-05,1.9682410571e-05,1.7503917598e+02,nan
1.0719486655e-04,2.1831219862e-05,1.2462261305e+02,nan
6.3495986497e-05,2.0758656625e-05,1.6823188819e+02,nan
4.9135036497e-05,2.0561178592e-05,1.6595179323e+02,nan
-1.3326227247e-04,1.9516348791e-05,1.8001702794e+02,nan
1.6310550267e-05,2.0090002980e-05,1.6881571034e+02,nan
-7.3341695558e-05,1.9454165912e-05,1.7862746557e+02,nan
-1.1832954572e-04,1.9479411003e-05,1.7948307689e+02,nan
-1.7769714077e-04,1.9708358468e-05,1.8329900417e+02,nan
-1.8136974712e-04,1.9732071237e-05,1.8368719310e+02,nan
-1.8503291771e-04,1.9757961658e-05,1.8408709552e+02,nan
-1.8869156938e-04,1.9788256917e-05,1.8449111824e+02,nan
-1.9235109759e-04,1.9814183606e-05,1.8492419279e+02,nan
-1.9599441733e-04,1.9846802699e-05,1.8534855909e+02,nan
-1.9962584890e-04,1.9881044594e-05,1.8577683187e+02,nan
-2.0325558570e-04,1.9915035395e-05,1.8621274062e+02,nan
1.9490384225e-04,3.7649252165e-05,3.8112859368e+01,nan
1.7147275478e-04,3.4443982279e-05,4.7164696682e+01,nan
1.4418322581e-04,3.1163304667e-05,6.2516077584e+01,nan
2.7440338618e-05,2.5173981418e-05,1.5302882012e+02,nan
-9.6296049100e-06,1.9783371255e-05,1.7339175226e+02,nan
1.4179037926e-04,2.4019374518e-05,8.0807852847e+01,nan
1.6920412998e-04,2.6626656464e-05,5.9425898873e+01,nan
1.9662630408e-04,2.9767567109e-05,4.5077408971e+01,nan
2.4813378807e-04,3.5927354922e-05,3.7296100229e+01,nan
-2.0687318228e-04,1.9953313937e-05,1.8663615209e+02,nan
2.1060665166e-04,3.9889043157e-05,3.4591200289e+01,nan
2.6329102294e-04,3.4421670430e-05,3.3427714768e+01,nan
2.6725919292e-04,3.4825414959e-05,2.9315418540e+01,nan
-2.1047912533e-04,1.9995082737e-05,1.8704397603e+02,nan
-2.1407308009e-04,2.0040504705e-05,1.8742895539e+02,nan
-2.1765421942e-04,2.0089937015e-05,1.8778161507e+02,nan
-2.2122149997e-04,2.0143819122e-05,1.8809059300e+02,nan
-2.2476476818e-04,2.0199109501e-05,1.8835393415e+02,nan
-1.7014584341e-04,2.4444729511e-05,1.6923310566e+02,nan
-2.2830904612e-04,2.0267419612e-05,1.8852087512e+02,nan
-2.3180076079e-04,2.0342554469e-05,1.8859072354e+02,nan
-2.3531478327e-04,2.0416757136e-05,1.8858054131e+02,nan
-2.3879424221e-04,2.0504458501e-05,1.8841172587e+02,nan
-2.3775689408e-04,1.7130475946e-05,2.0107164251e+02,nan
-1.5929218424e-04,2.4365327095e-05,1.6865360734e+02,nan
-2.1606336041e-04,1.6830312461e-05,1.9830229083e+02,nan
2.6661940397e-04,3.1708835376e-05,3.6041990713e+01,nan
2.7057983534e-04,3.2063019002e-05,3.1340520047e+01,nan
-2.2698381119e-04,1.6960826975e-05,1.9995276737e+02,nan
2.2243635906e-04,4.1548689907e-05,3.3532246461e+01,nan
-2.4223750190e-04,2.0603448531e-05,1.8806864714e+02,nan
3.1895915281e-04,3.4465159424e-05,1.8342581273e+01,nan
3.1487303735e-04,3.3986098290e-05,1.7893781509e+01,nan
3.2302361051e-04,3.4929991836e-05,1.8845812054e+01,nan
2.4744250740e-04,1.1501650869e-04,1.1310320852e+01,nan
2.5086874021e-04,1.1223946664e-04,1.1441524391e+01,nan
2.5035229945e-04,1.0841497083e-04,1.1223180209e+01,nan
2.5428539595e-04,1.0944214711e-04,1.1586420510e+01,nan
-2.4567103462e-04,2.0708962988e-05,1.8754326662e+02,nan
-2.4835397662e-04,1.7360848367e-05,2.0101264962e+02,nan
-2.5554814556e-04,1.9326630543e-05,1.9208203979e+02,nan
2.2718089112e-04,1.0568180015e-04,9.6322875992e+00,nan
1.7271811388e-04,8.6758258752e-05,1.4337415644e+01,nan
-2.6251150797e-04,5.3252283983e-05,8.2509072194e+01,nan
-2.6492661813e-04,5.3907632394e-05,7.9951713792e+01,nan
-2.5145791060e-04,1.5750865154e-05,2.0786799248e+02,nan
3.0719590755e-04,8.0528704664e-05,1.5347126398e+01,nan
3.0383728497e-04,8.3614761865e-05,1.5006170428e+01,nan
2.9993419031e-04,8.2824326008e-05,1.4759360193e+01,nan
3.0047520796e-04,8.6679907463e-05,1.4689749750e+01,nan
2.9657037292e-04,8.5870646660e-05,1.4447000713e+01,nan
2.9710928995e-04,8.9724694785e-05,1.4396711941e+01,nan
2.9320296155e-04,8.8896808503e-05,1.4156620389e+01,nan
2.9373919846e-04,9.2749592375e-05,1.4126140957e+01,nan
2.8983168750e-04,9.1903445883e-05,1.3887451051e+01,nan
2.9036441149e-04,9.5755059273e-05,1.3877310255e+01,nan
3.1055149387e-04,7.7420931435e-05,1.5714051878e+01,nan
2.8645603258e-04,9.4890896253e-05,1.3638875569e+01,nan
2.8698459755e-04,9.8741514528e-05,1.3649679879e+01,nan
-2.6465762724e-04,5.6247341455e-05,7.5141230621e+01,nan
2.6995448051e-04,2.8983542960e-05,3.8422762663e+01,nan
2.7457385959e-04,3.2458188235e-05,2.7748486076e+01,nan
-2.6998196181e-04,5.2967019496e-05,7.9458960128e+01,nan
-2.5890018713e-04,1.9473909393e-05,1.9065047854e+02,nan
-2.6189708418e-04,1.6069540941e-05,2.0564196801e+02,nan
-2.6530294328e-04,1.6207301577e-05,2.0408083382e+02,nan
-2.6866429535e-04,1.6365283292e-05,2.0200106281e+02,nan
-2.7197597525e-04,1.6546728657e-05,1.9933296178e+02,nan
-6.3960142055e-05,5.0407697179e-05,1.0926852532e+02,nan
-2.1197921795e-04,4.2667480388e-05,1.2134053486e+02,nan
9.0419143314e-05,9.9487259579e-05,1.6617562438e+01,nan
2.6602664770e-04,2.8707876886e-05,4.0336861126e+01,nan
2.5375656708e-04,1.0561995006e-04,1.1391665071e+01,nan
-1.8133680288e-04,8.6030057463e-05,4.8867118560e+01,nan
2.5479228934e-04,1.1327213942e-04,1.1803582454e+01,nan
-1.8403214796e-04,8.6319349763e-05,4.8257574663e+01,nan
2.7860086090e-04,3.2889310253e-05,2.4762021970e+01,nan
2.8191907165e-04,3.0020429679e-05,2.6280138118e+01,nan
2.4604404101e-04,8.1935936921e-05,1.0655005595e+01,nan
-2.7523244970e-04,1.6755229041e-05,1.9600693107e+02,nan
-2.7230309486e-04,5.3718728710e-05,7.6663570076e+01,nan
3.2229282959e-04,3.1241659284e-05,1.8857924909e+01,nan
3.2636065901e-04,3.1671077085e-05,1.9397282938e+01,nan
3.1107851358e-04,8.1300250769e-05,1.5572805108e+01,nan
3.1443022764e-04,7.8173934388e-05,1.5947787821e+01,nan
2.7723648411e-04,2.6496077793e-05,3.5728309414e+01,nan
-1.7862733499e-04,8.5752936612e-05,4.9443026441e+01,nan
2.5821221968e-04,1.1045350839e-04,1.1936568169e+01,nan
2.5871069972e-04,1.1428878873e-04,1.2141854053e+01,nan
1.7330855153e-04,9.0143128069e-05,1.3236695382e+01,nan
2.0232717426e-04,9.1518967120e-05,1.1042587463e+01,nan
2.3426500553e-04,4.3107891700e-05,3.4343754866e+01,nan
2.8265997039e-04,3.3354272033e-05,2.2125211343e+01,nan
2.8597667752e-04,3.0440733995e-05,2.3421195336e+01,nan
-2.7842760959e-04,1.6994867404e-05,1.9192801553e+02,nan
-2.7543292191e-04,4.9757215795e-05,8.3396158308e+01,nan
1.7701600605e-04,9.1170167776e-05,1.2698110230e+01,nan
3.0100155954e-04,9.0549401621e-05,1.4607845577e+01,nan
-2.7726530321e-04,5.2944445307e-05,7.5632688727e+01,nan
-2.8049332706e-04,4.9006613811e-05,8.1920361941e+01,nan
-2.8273097873e-04,4.9877496218e-05,7.8751222571e+01,nan
-1.7725355553e-04,8.9800884447e-05,4.4999396495e+01,nan
-1.7455950844e-04,8.9525708619e-05,4.5519762259e+01,nan
-2.8155524619e-04,1.7270174397e-05,1.8705042036e+02,nan
-2.8799065902e-04,1.5930412218e-05,1.8827800994e+02,nan
2.5008088141e-04,8.2909588004e-05,1.0861328490e+01,nan
2.8675083258e-04,3.3852297849e-05,1.9846629750e+01,nan
2.7934745017e-04,3.6250818557e-05,2.0929175275e+01,nan
2.1338849813e-04,9.1111512015e-05,1.0511028883e+01,nan
3.1154016877e-04,3.7148964919e-05,1.7406201213e+01,nan
2.9006641097e-04,3.0895675730e-05,2.0942882296e+01,nan
2.8929855375e-04,2.7509196966e-05,2.4826148737e+01,nan
2.9338671374e-04,2.7919519344e-05,2.2143703244e+01,nan
-1.8937901791e-04,8.6936492814e-05,4.6932392940e+01,nan
3.1494194938e-04,8.2074070939e-05,1.5768521465e+01,nan
3.1828830966e-04,7.8930496255e-05,1.6151840714e+01,nan
2.6213314741e-04,1.1144997886e-04,1.2263395954e+01,nan
2.6262444419e-04,1.1529063295e-04,1.2447590018e+01,nan
2.5919046409e-04,1.1812958899e-04,1.2355718627e+01,nan
2.4674055675e-04,8.5681248244e-05,1.0621015591e+01,nan
2.9088250262e-04,9.9617707947e-05,1.3857030048e+01,nan
2.8749864504e-04,1.0260213721e-04,1.3650867572e+01,nan
-2.9105762342e-04,1.6273340312e-05,1.8297972511e+02,nan
-2.8517216019e-04,1.3698326085e-05,2.0578179350e+02,nan
-2.8768433842e-04,4.9344275752e-05,7.6671114036e+01,nan
3.2562215430e-04,2.7988277252e-05,1.9378039940e+01,nan
3.2969289687e-04,2.8380141565e-05,1.9957385586e+01,nan
-1.9202986639e-04,8.7265402426e-05,4.6214263345e+01,nan
2.9262695834e-04,2.4558776163e-05,2.6347236765e+01,nan
2.9671285878e-04,2.4923129906e-05,2.3466763540e+01,nan
-2.6869680829e-04,2.0043685024e-05,1.8366921791e+02,nan
2.8591117019e-04,9.1051654786e-05,1.3621822601e+01,nan
2.8253555231e-04,9.4020278264e-05,1.3372515474e+01,nan
1.6961726985e-04,8.9132110314e-05,1.3812446233e+01,nan
1.7019931200e-04,9.2520607102e-05,1.2798835194e+01,nan
1.6652791912e-04,9.1492902183e-05,1.3325875024e+01,nan
-1.7089728974e-04,7.0925235524e-05,6.9816416287e+01,nan
-1.6799113777e-04,7.0742316689e-05,7.0279139286e+01,nan
-1.7013488516e-04,6.8915706754e-05,7.2940930514e+01,nan
-1.6720245828e-04,6.8742372191e-05,7.3392981462e+01,nan
-1.6856645461e-04,6.4951017471e-05,7.9398392848e+01,nan
-1.6557961764e-04,6.4796424582e-05,7.9825668402e+01,nan
-1.7153995411e-04,6.5113418856e-05,7.8946401522e+01,nan
-1.7522710086e-04,5.9566622460e-05,8.8300331970e+01,nan
-1.7445430167e-04,5.7638874049e-05,9.1881284578e+01,nan
-1.7139309736e-04,5.7498921545e-05,9.2313536286e+01,nan
-1.7897026859e-04,6.1680625762e-05,8.4283851724e+01,nan
2.4339531519e-04,8.8434884791e-05,1.0399837813e+01,nan
2.3937153231e-04,8.7414815002e-05,1.0237132112e+01,nan
1.6710120440e-04,9.4883580734e-05,1.2398879929e+01,nan
1.6345008067e-04,9.3840270194e-05,1.2877819313e+01,nan
-2.9410902519e-04,1.6654227926e-05,1.7676871668e+02,nan
-2.9714333598e-04,1.7077468876e-05,1.6996232383e+02,nan
-3.0015995402e-04,1.7547173390e-05,1.6272256835e+02,nan
-3.0398739582e-04,1.5794424835e-05,1.6864640354e+02,nan
3.1878526437e-04,8.2853009500e-05,1.5931214127e+01,nan
3.2212481050e-04,7.9693465209e-05,1.6322793028e+01,nan
-2.8980327631e-04,5.0355012684e-05,7.3493139858e+01,nan
-2.9258730915e-04,4.8975085379e-05,7.4196600839e+01,nan
-2.9331367750e-04,4.6556736143e-05,7.7560244479e+01,nan
-1.9466521840e-04,8.7608568217e-05,4.5457566797e+01,nan
2.5075875152e-04,8.6664084325e-05,1.0866587296e+01,nan
2.6282598430e-04,5.0507070704e-05,1.6223537893e+01,nan
3.2163100672e-04,7.5763632802e-05,1.6566690273e+01,nan
3.2546016152e-04,7.6510230511e-05,1.6747510681e+01,nan
3.2497018925e-04,7.2572235967e-05,1.7015702271e+01,nan
3.2879131746e-04,7.3302166115e-05,1.7208199506e+01,nan
3.2830618921e-04,6.9355289908e-05,1.7501951655e+01,nan
3.3211850352e-04,7.0067978038e-05,1.7708168992e+01,nan
3.3163862766e-04,6.6110855941e-05,1.8029000045e+01,nan
3.3544150724e-04,6.6806221674e-05,1.8251237321e+01,nan
3.3496819635e-04,6.2838238051e-05,1.8600872860e+01,nan
3.3876050661e-04,6.3515376713e-05,1.8841729520e+01,nan
3.3829441350e-04,5.9535097459e-05,1.9222105636e+01,nan
3.4207541588e-04,6.0193534061e-05,1.9484570645e+01,nan
3.4161717968e-04,5.6199459132e-05,1.9897695345e+01,nan
3.4538551425e-04,5.6838812916e-05,2.0185193088e+01,nan
3.4493663538e-04,5.2829601506e-05,2.0633013468e+01,nan
3.4869077180e-04,5.3449137168e-05,2.0949756421e+01,nan
3.4825178897e-04,4.9422342145e-05,2.1433790168e+01,nan
3.5199066181e-04,5.0021828397e-05,2.1785100864e+01,nan
3.5156185452e-04,4.5974525732e-05,2.2305841181e+01,nan
3.4779627308e-04,4.5426769988e-05,2.1860612384e+01,nan
3.5111489243e-04,4.1962398992e-05,2.2755061269e+01,nan
3.5486835553e-04,4.2484384552e-05,2.3255106620e+01,nan
3.5442992890e-04,3.8452470696e-05,2.3718999086e+01,nan
3.5064358877e-04,3.7987873580e-05,2.3114878425e+01,nan
3.5396439072e-04,3.4463122866e-05,2.4066166736e+01,nan
3.5774066031e-04,3.4895174908e-05,2.4751190721e+01,nan
3.5727946272e-04,3.0887980147e-05,2.5058343097e+01,nan
3.5346387684e-04,3.0517999095e-05,2.4274679182e+01,nan
3.6104491217e-04,3.1286688239e-05,2.5846251771e+01,nan
-1.5956814773e-04,6.4509008690e-05,8.0613673776e+01,nan
-1.5654453179e-04,6.4375548672e-05,8.0977817617e+01,nan
-1.5350964960e-04,6.4248500444e-05,8.1324260096e+01,nan
-1.5046399967e-04,6.4127590032e-05,8.1654533766e+01,nan
-1.4740800429e-04,6.4012565138e-05,8.1970084226e+01,nan
-1.4640889667e-04,6.2116319205e-05,8.5216717578e+01,nan
-1.4434143277e-04,6.3903764491e-05,8.2271345382e+01,nan
-1.4331641963e-04,6.2014248546e-05,8.5510314093e+01,nan
-1.2576455345e-04,6.3354715393e-05,8.3869744951e+01,nan
-1.2458486324e-04,6.1500645117e-05,8.7077347504e+01,nan
-1.2264166650e-04,6.3280006539e-05,8.4108457873e+01,nan
-1.2143691223e-04,6.1431165585e-05,8.7312494228e+01,nan
-1.1828295141e-04,6.1363977888e-05,8.7545327013e+01,nan
-1.1512236351e-04,6.1304160655e-05,8.7767202725e+01,nan
-1.1195677588e-04,6.1244683896e-05,8.7990461899e+01,nan
-1.1449339137e-04,6.4933260557e-05,8.1640549475e+01,nan
-1.0878551375e-04,6.1191338215e-05,8.8205031067e+01,nan
-1.0560922067e-04,6.1142532423e-05,8.8413506844e+01,nan
-1.5469078151e-04,6.0550756740e-05,8.7597998568e+01,nan
-1.0510973005e-04,6.4760683796e-05,8.2280537812e+01,nan
-1.0197215691e-04,6.4712190495e-05,8.2483192498e+01,nan
-9.8830313595e-05,6.4668259758e-05,8.2680031157e+01,nan
-9.5684523307e-05,6.4628949242e-05,8.2870506981e+01,nan
-8.9382454354e-05,6.4564500251e-05,8.3229228468e+01,nan
-8.6226822521e-05,6.4540012549e-05,8.3394632448e+01,nan
-8.3068631638e-05,6.4520039558e-05,8.3550318554e+01,nan
-7.9908175554e-05,6.4505612477e-05,8.3693185199e+01,nan
-7.6745855738e-05,6.4496449199e-05,8.3822076902e+01,nan
-7.3581998032e-05,6.4492556554e-05,8.3935120233e+01,nan
-7.0416959864e-05,6.4494953220e-05,8.4028499437e+01,nan
-6.7251133958e-05,6.4503328428e-05,8.4100299704e+01,nan
-6.4084902665e-05,6.4517734853e-05,8.4147685000e+01,nan
-6.0918666398e-05,6.4539267222e-05,8.4165828338e+01,nan
-5.4587929081e-05,6.4603359461e-05,8.4100876298e+01,nan
-5.1424313318e-05,6.4646681890e-05,8.4008596856e+01,nan
-4.8262491209e-05,6.4698148220e-05,8.3869459227e+01,nan
-4.5103026598e-05,6.4758137500e-05,8.3677867836e+01,nan
-4.1946384997e-05,6.4826851330e-05,8.3428017728e+01,nan
-3.8793205282e-05,6.4905409212e-05,8.3112268344e+01,nan
-3.5644105326e-05,6.4993768014e-05,8.2724331070e+01,nan
-3.2499657734e-05,6.5092250786e-05,8.2256794573e+01,nan
-2.7518246906e-05,6.3448095501e-05,8.4186351240e+01,nan
-2.4367974723e-05,6.3570503939e-05,8.3457733585e+01,nan
-2.1225649679e-05,6.3707455144e-05,8.2613680314e+01,nan
-1.8091592933e-05,6.3855804822e-05,8.1650618382e+01,nan
-1.4966608523e-05,6.4015345519e-05,8.0559843942e+01,nan
-1.1852571996e-05,6.4191000488e-05,7.9325004164e+01,nan
-5.6595599579e-06,6.4580762052e-05,7.6401636380e+01,nan
-2.5838523468e-06,6.4799519699e-05,7.4688410060e+01,nan
4.7670407270e-07,6.5032481837e-05,7.2798955305e+01,nan
3.5208641685e-06,6.5279245823e-05,7.0726212134e+01,nan
6.5459459634e-06,6.5544645421e-05,6.8458202926e+01,nan
7.5504419823e-06,6.7568332394e-05,6.4665835098e+01,nan
1.0526727544e-05,6.7868240325e-05,6.2088901016e+01,nan
1.3480679890e-05,6.8185221822e-05,5.9301595722e+01,nan
1.6411892817e-05,6.8520088912e-05,5.6976927711e+01,nan
2.1407797597e-05,6.7113847999e-05,5.7100023591e+01,nan
2.4385963053e-05,6.7487764413e-05,5.5450054523e+01,nan
2.7380159018e-05,6.7882204307e-05,5.3814972659e+01,nan
3.0391709980e-05,6.8296732101e-05,5.2203496448e+01,nan
3.4276558552e-05,7.0983983424e-05,4.7667335327e+01,nan
3.7315068111e-05,7.1474120759e-05,4.6205087658e+01,nan
4.0370619211e-05,7.1988021566e-05,4.4764851862e+01,nan
4.5735798086e-05,7.0717658266e-05,4.4631887495e+01,nan
4.8870906660e-05,7.1269333862e-05,4.3185612709e+01,nan
5.2029764705e-05,7.1847634531e-05,4.1783454613e+01,nan
5.2838708637e-05,7.4281644826e-05,3.9205191826e+01,nan
5.5214800059e-05,7.2448417174e-05,4.0388143007e+01,nan
5.6018218861e-05,7.4916021875e-05,3.7877293513e+01,nan
5.8427236643e-05,7.3070973324e-05,3.9011224133e+01,nan
5.9225211830e-05,7.5574502501e-05,3.6567282803e+01,nan
6.2460509315e-05,7.6257995704e-05,3.5272087745e+01,nan
6.5725324467e-05,7.6965868547e-05,3.4009722090e+01,nan
7.1559193519e-05,7.5807475593e-05,3.3780866725e+01,nan
7.2343573930e-05,7.8451932043e-05,3.1548695733e+01,nan
7.4916959946e-05,7.6550324629e-05,3.2534139760e+01,nan
7.5704547787e-05,7.9234478064e-05,3.0351866207e+01,nan
7.9085851926e-05,8.0039491441e-05,2.9177180601e+01,nan
8.5180972026e-05,7.8919633606e-05,2.8949056481e+01,nan
8.8666288861e-05,7.9755410373e-05,2.7799733040e+01,nan
8.9457453044e-05,8.2595111766e-05,2.5812026160e+01,nan
-6.4892328804e-06,6.8284528252e-05,7.1249959822e+01,nan
2.5781387167e-06,6.9030681607e-05,6.5688453774e+01,nan
2.0250021643e-05,7.1016563637e-05,5.2210431304e+01,nan
2.9122533094e-05,7.2294472156e-05,4.7732070473e+01,nan
9.2977436174e-05,8.3491621409e-05,2.4752165694e+01,nan
6.9789666707e-05,8.0346662756e-05,3.0583986018e+01,nan
-1.3617280879e-04,6.5496587832e-05,7.9941552828e+01,nan
9.9311553556e-05,8.2399038989e-05,2.4538858566e+01,nan
-1.3289968780e-04,5.9877971612e-05,8.9610483783e+01,nan
2.5144181185e-04,5.1877637071e-05,1.8555786336e+01,nan
1.0292228366e-04,8.3325264130e-05,2.3512591289e+01,nan
1.0372455731e-04,8.6324896645e-05,2.1722952057e+01,nan
1.0736988373e-04,8.7311172253e-05,2.0778634715e+01,nan
1.1104187170e-04,8.8320030328e-05,1.9661299076e+01,nan
1.1392485561e-04,8.6230899070e-05,2.0172002622e+01,nan
1.1471310766e-04,8.9344094518e-05,1.8334062724e+01,nan
1.1760704742e-04,8.7230793500e-05,1.8891578311e+01,nan
1.1837617847e-04,9.0375384775e-05,1.7130570542e+01,nan
1.2128139457e-04,8.8239789510e-05,1.7706227036e+01,nan
1.2203086982e-04,9.1413939623e-05,1.6104922359e+01,nan
1.2494860984e-04,8.9253849642e-05,1.6612167571e+01,nan
2.9087345432e-04,3.4383494245e-05,1.7625207151e+01,nan
3.6058845594e-04,2.7261400961e-05,2.6069351915e+01,nan
3.6434275153e-04,2.7624511626e-05,2.6993743203e+01,nan
2.6309907299e-04,1.1913618396e-04,1.2632158399e+01,nan
2.6653356779e-04,1.1627904313e-04,1.2714781898e+01,nan
2.5965294273e-04,1.2197462244e-04,1.2571583978e+01,nan
2.9138741723e-04,1.0349010577e-04,1.3823564104e+01,nan
2.8799966647e-04,1.0647148487e-04,1.3639064545e+01,nan
-8.9672798156e-05,6.0969525057e-05,8.9343652047e+01,nan
-8.0093515722e-05,6.0912750704e-05,8.9797670291e+01,nan
-7.0472399322e-05,6.0905691880e-05,9.0101996120e+01,nan
-6.0844552341e-05,6.0950464349e-05,9.0189325379e+01,nan
2.8197807042e-04,9.0192497067e-05,1.3332790525e+01,nan
2.7860346831e-04,9.3141473030e-05,1.3081875371e+01,nan
-1.7057878977e-04,9.3324581847e-05,4.1807056723e+01,nan
-1.6788835520e-04,9.3062839417e-05,4.2243284846e+01,nan
-1.8194270247e-04,6.1856723351e-05,8.3751139581e+01,nan
-1.8588144207e-04,5.6328018560e-05,9.3602452718e+01,nan
-1.8889632424e-04,5.6498584221e-05,9.3038030103e+01,nan
-1.9189387474e-04,5.6678648155e-05,9.2434877152e+01,nan
-1.9487335015e-04,5.6868790121e-05,9.1790245680e+01,nan
-1.8824162822e-04,5.4557719929e-05,9.6880309239e+01,nan
-1.9783401421e-04,5.7069652950e-05,9.1101289149e+01,nan
-2.9617560526e-04,4.5239200195e-05,7.7021506533e+01,nan
4.7354194670e-05,7.5487534170e-05,3.9383964603e+01,nan
-2.0269566281e-04,5.3520496206e-05,9.7654734930e+01,nan
-2.0566213736e-04,5.3729638557e-05,9.6881949744e+01,nan
-2.0860699341e-04,5.3951343703e-05,9.6052944841e+01,nan
1.2567387699e-04,9.2454480516e-05,1.5416777813e+01,nan
1.2860441573e-04,9.0276179090e-05,1.5853573736e+01,nan
-3.0706963714e-04,1.6295462009e-05,1.6037925329e+02,nan
-2.9836996667e-04,1.2852017488e-05,1.9982009645e+02,nan
3.2894501652e-04,2.4702900245e-05,1.9897064704e+01,nan
3.2485029624e-04,2.4331337757e-05,1.9344278314e+01,nan
3.3301781825e-04,2.5054698092e-05,2.0518413658e+01,nan
3.3373928615e-04,2.8755419804e-05,2.0596079976e+01,nan
3.3706597027e-04,2.5387677549e-05,2.1208934135e+01,nan
2.9596310888e-04,2.1589174270e-05,2.7988785916e+01,nan
3.0004581104e-04,2.1906504689e-05,2.4933526651e+01,nan
-1.7592423196e-04,9.3881653174e-05,4.0846911143e+01,nan
-1.9939392247e-04,8.6100722506e-05,4.6482126799e+01,nan
-1.9889861048e-04,8.3878014973e-05,4.9225817682e+01,nan
-2.8717297830e-04,2.0000308813e-05,1.6403733276e+02,nan
8.7841472161e-05,7.6952743292e-05,2.9882421977e+01,nan
1.2416946167e-04,8.6081233014e-05,1.8311331707e+01,nan
-3.0797282272e-04,1.3997741882e-05,1.7521560617e+02,nan
-3.1013850568e-04,1.6850252010e-05,1.5198678597e+02,nan
-2.0200072723e-04,8.6476984942e-05,4.5607080941e+01,nan
-2.0368256932e-04,8.2386869658e-05,5.0285805580e+01,nan
-2.0629535843e-04,8.2768416059e-05,4.9333160516e+01,nan
3.1544124014e-04,8.5989774329e-05,1.5570371187e+01,nan
1.8074057097e-04,9.2213024432e-05,1.2199781863e+01,nan
2.9191011778e-04,2.1308572036e-05,3.1266040157e+01,nan
-2.0889020727e-04,8.3167338893e-05,4.8332718105e+01,nan
-1.6324434910e-04,9.4723362309e-05,4.0819265980e+01,nan
-1.6054049484e-04,9.4483526281e-05,4.1175335112e+01,nan
-1.5782640040e-04,9.4253468993e-05,4.1506451380e+01,nan
-1.5236868158e-04,9.3821546572e-05,4.2098133904e+01,nan
-1.5133463642e-04,9.7883718014e-05,3.8145931329e+01,nan
-1.4589969618e-04,9.7473642491e-05,3.8593269817e+01,nan
-1.4316983615e-04,9.7281518309e-05,3.8786283768e+01,nan
-1.4043218259e-04,9.7097690524e-05,3.8960282419e+01,nan
-1.3950596937e-04,9.4987921178e-05,4.1050399954e+01,nan
-1.3588674573e-04,9.8864214491e-05,3.7229284029e+01,nan
-1.3314638962e-04,9.8697401362e-05,3.7343091793e+01,nan
-1.2864213152e-04,1.0049148553e-04,3.5548879694e+01,nan
-1.2590171098e-04,1.0034118083e-04,3.5605779737e+01,nan
-1.2488721590e-04,9.8242361063e-05,3.7594374805e+01,nan
-1.2212245863e-04,9.8105317420e-05,3.7651705337e+01,nan
-1.1935236064e-04,9.7975331480e-05,3.7697687685e+01,nan
-1.1657724403e-04,9.7852289706e-05,3.7733426680e+01,nan
-1.1046299812e-04,1.0167002013e-04,3.3692285631e+01,nan
-1.0770820320e-04,1.0156428133e-04,3.3654470879e+01,nan
-1.0494991230e-04,1.0146548449e-04,3.3609345672e+01,nan
-1.0218839369e-04,1.0137359092e-04,3.3558054330e+01,nan
-9.6657052431e-05,1.0121049043e-04,3.3441508849e+01,nan
-9.3887774490e-05,1.0113934102e-04,3.3378470458e+01,nan
-9.1116416836e-05,1.0107515250e-04,3.3313750194e+01,nan
-8.8343303555e-05,1.0101801411e-04,3.3248397085e+01,nan
-8.7083648427e-05,9.8975298270e-05,3.5460331035e+01,nan
-8.2792980497e-05,1.0092526043e-04,3.3119882970e+01,nan
-8.0016313754e-05,1.0088986141e-04,3.3058674418e+01,nan
-7.7238976974e-05,1.0086304290e-04,3.2999442590e+01,nan
-7.4461308658e-05,1.0084237719e-04,3.2945967054e+01,nan
-6.8905914612e-05,1.0082653120e-04,3.2851637919e+01,nan
-6.6128744214e-05,1.0083069330e-04,3.2813095612e+01,nan
-6.3352276607e-05,1.0084346926e-04,3.2780427369e+01,nan
-6.0576777450e-05,1.0086517658e-04,3.2753672983e+01,nan
-5.5029716490e-05,1.0093681672e-04,3.2716768428e+01,nan
-5.2258676697e-05,1.0098753843e-04,3.2705381303e+01,nan
-4.9489639233e-05,1.0104878008e-04,3.2697337627e+01,nan
-4.6722869138e-05,1.0112103767e-04,3.2691124833e+01,nan
-4.1197165110e-05,1.0130077696e-04,3.2675982590e+01,nan
-3.8438753389e-05,1.0140947669e-04,3.2661682856e+01,nan
-3.5683653836e-05,1.0153162817e-04,3.2638407975e+01,nan
-3.0184504269e-05,1.0181929854e-04,3.2547825494e+01,nan
-2.7441027330e-05,1.0198647242e-04,3.2470463223e+01,nan
-2.4702020698e-05,1.0217041158e-04,3.2364149631e+01,nan
-2.3655686229e-05,1.0429287388e-04,2.9781286675e+01,nan
-2.0944965064e-05,1.0450335613e-04,2.9651525160e+01,nan
-1.8239557369e-05,1.0473306347e-04,2.9482299236e+01,nan
-1.2846211864e-05,1.0525469737e-04,2.9004406304e+01,nan
-1.0159004274e-05,1.0554901268e-04,2.8689317494e+01,nan
-7.4786368531e-06,1.0586734375e-04,2.8322778700e+01,nan
-2.9929027415e-06,1.0437586414e-04,2.9838973499e+01,nan
-3.1023287642e-07,1.0476221261e-04,2.9273012149e+01,nan
2.3643782694e-06,1.0517816727e-04,2.8649047463e+01,nan
7.6881342851e-06,1.0610673824e-04,2.7215455471e+01,nan
1.1066014721e-05,1.0889775784e-04,2.4402367116e+01,nan
1.3680650042e-05,1.0946959814e-04,2.3618773971e+01,nan
1.8221039561e-05,1.0841939074e-04,2.3561179309e+01,nan
2.0826170165e-05,1.0910910241e-04,2.2543068315e+01,nan
2.1460657167e-05,1.1145694868e-04,2.0979308257e+01,nan
2.4028397733e-05,1.1222298503e-04,2.0131673609e+01,nan
2.8546781712e-05,1.1150612013e-04,2.0186139280e+01,nan
3.1084503247e-05,1.1242564437e-04,1.9229899634e+01,nan
3.4118083786e-05,1.1590965832e-04,1.7281718316e+01,nan
3.8777424384e-05,1.1548518476e-04,1.4433586390e+01,nan
4.1390163920e-05,1.1661670269e-04,1.3317512166e+01,nan
4.1741463394e-05,1.1930280908e-04,1.2228856454e+01,nan
4.4346055350e-05,1.2056453319e-04,1.1227922922e+01,nan
-1.3106840703e-06,1.0880438124e-04,2.5027462573e+01,nan
4.9457504268e-05,1.2039461855e-04,1.0733598566e+01,nan
-4.1566043707e-05,1.0536349982e-04,2.7475087902e+01,nan
4.9706935468e-05,1.2330413770e-04,9.6678750161e+00,nan
-5.2466856423e-05,1.0504918246e-04,2.7618024099e+01,nan
6.5601941506e-06,1.1013075895e-04,2.3582479128e+01,nan
5.2478737599e-05,1.2478127032e-04,8.9686273734e+00,nan
5.5107311172e-05,1.2323506846e-04,9.2978378903e+00,nan
1.4353785773e-05,1.1177301400e-04,2.1696346096e+01,nan
-6.3405091845e-05,1.0490410611e-04,2.7900478839e+01,nan
5.5328170808e-05,1.2632624957e-04,8.2703145715e+00,nan
5.8254365069e-05,1.2793029063e-04,7.5675960995e+00,nan
6.4107331440e-05,1.2790309178e-04,7.1810735135e+00,nan
4.6391982110e-05,1.1628101872e-04,1.2724566995e+01,nan
-7.9846562615e-05,1.0495333758e-04,2.8567127274e+01,nan
6.4347770216e-05,1.3127253243e-04,6.0611095515e+00,nan
6.7252159948e-05,1.2953259276e-04,6.3697833337e+00,nan
6.6948379324e-05,1.2616640065e-04,7.5934426042e+00,nan
7.0142711136e-05,1.2774588870e-04,6.7550598454e+00,nan
7.0443663312e-05,1.3115823049e-04,4.6218792865e+00,nan
7.3377320220e-05,1.2931468010e-04,5.2544323662e+00,nan
7.6618961017e-05,1.3083148807e-04,4.9888898454e+00,nan
7.6869836932e-05,1.3423303452e-04,5.5788297503e+00,nan
7.9874857088e-05,1.3229916588e-04,5.8624204788e+00,nan
7.3024137943e-05,1.2591481745e-04,7.2010324981e+00,nan
3.8342072873e-05,1.1288128977e-04,1.5554519381e+01,nan
8.0115218447e-05,1.3569064091e-04,7.0663882384e+00,nan
8.3147980643e-05,1.3372074121e-04,7.1039983720e+00,nan
8.2859880548e-05,1.3033639819e-04,6.2470109466e+00,nan
8.6159603221e-05,1.3172453674e-04,7.2665808080e+00,nan
8.6439523923e-05,1.3510024112e-04,8.3370887405e+00,nan
9.2802796553e-05,1.3439263554e-04,9.3294337042e+00,nan
9.3079856279e-05,1.3775295657e-04,1.0352574382e+01,nan
9.9198067104e-05,1.3359197241e-04,1.0103075033e+01,nan
1.0257033567e-04,1.3483865013e-04,1.0765471589e+01,nan
1.0288024854e-04,1.3818821881e-04,1.1467559579e+01,nan
1.0595408602e-04,1.3606708654e-04,1.1299041037e+01,nan
4.4580019377e-05,1.2334644448e-04,1.0273926119e+01,nan
1.0626625518e-04,1.3941405801e-04,1.1930267111e+01,nan
1.0934802472e-04,1.3728043330e-04,1.1750285074e+01,nan
9.8858603571e-05,1.3023757792e-04,9.3948106802e+00,nan
1.7541533445e-05,1.0610506225e-04,2.5180766075e+01,nan
-3.8582896213e-06,1.0218603271e-04,3.2215140298e+01,nan
-1.4758473095e-05,1.0094994500e-04,3.4040013014e+01,nan
-5.9119810755e-05,9.8866198009e-05,3.5256482901e+01,nan
-7.0302460617e-05,9.8813872401e-05,3.5289524827e+01,nan
2.5376694387e-05,1.0826284148e-04,2.1956009261e+01,nan
1.0901517627e-04,1.3393341168e-04,1.1181644715e+01,nan
1.1241784780e-04,1.3513546540e-04,1.1604164750e+01,nan
1.1274920205e-04,1.3848066172e-04,1.2113205165e+01,nan
1.1615652339e-04,1.3967094127e-04,1.2371449960e+01,nan
1.1923883427e-04,1.3750985128e-04,1.2177316784e+01,nan
5.2633474234e-05,1.2784132268e-04,8.0508681045e+00,nan
-1.2144124395e-04,1.0216325080e-04,3.3748193720e+01,nan
1.1956880501e-04,1.4085431380e-04,1.2540288863e+01,nan
1.2265552353e-04,1.3868827519e-04,1.2330527653e+01,nan
-1.0543245357e-04,9.7428546946e-05,3.7795141113e+01,nan
-9.4231182979e-05,9.7112187670e-05,3.7777867210e+01,nan
1.2231202341e-04,1.3534171536e-04,1.1980848236e+01,nan
1.2607530591e-04,1.3986471697e-04,1.2408594339e+01,nan
1.2915811245e-04,1.3769157885e-04,1.2158571070e+01,nan
1.2949723348e-04,1.4104184294e-04,1.2422534962e+01,nan
1.3258398387e-04,1.3886935623e-04,1.2153410583e+01,nan
1.3292069584e-04,1.4222226691e-04,1.2384513931e+01,nan
1.3601114652e-04,1.4005252536e-04,1.2102965072e+01,nan
7.3840232667e-05,1.3613365847e-04,5.4398476440e+00,nan
1.2537650702e-04,1.3316774647e-04,1.1770381978e+01,nan
8.9992254570e-05,1.3980407013e-04,1.0618151810e+01,nan
1.1206525229e-04,1.3178903295e-04,1.1101391931e+01,nan
1.3909489830e-04,1.3788345078e-04,1.1749305574e+01,nan
1.3943914971e-04,1.4124350044e-04,1.2020832968e+01,nan
1.4252749482e-04,1.3908136916e-04,1.1655335904e+01,nan
1.4286760334e-04,1.4244455930e-04,1.1921203507e+01,nan
1.4560759957e-04,1.3692330249e-04,1.1160331686e+01,nan
1.4904694364e-04,1.3814618186e-04,1.1106843219e+01,nan
1.4939520806e-04,1.4151713826e-04,1.1403958946e+01,nan
1.5249170932e-04,1.3938124481e-04,1.1096962677e+01,nan
1.0317082884e-04,1.4153429740e-04,1.2157994606e+01,nan
1.5282948602e-04,1.4275849559e-04,1.1332708763e+01,nan
1.5593976964e-04,1.4063382040e-04,1.1102115801e+01,nan
-2.9743611342e-04,4.8794892623e-05,7.1560344507e+01,nan
-3.0114282712e-04,4.5171735375e-05,7.3462804665e+01,nan
-3.0315571828e-04,4.6422298065e-05,7.1117109011e+01,nan
3.2926511662e-04,7.7268378850e-05,1.6891151883e+01,nan
1.1647341321e-04,1.4301313702e-04,1.2745525126e+01,nan
3.1927158940e-04,8.6790554536e-05,1.5690636394e+01,nan
3.1593012626e-04,8.9919392540e-05,1.5352931739e+01,nan
1.4869446517e-04,1.3476997624e-04,1.0861512296e+01,nan
2.8410835227e-04,1.0556798416e-04,1.3466115673e+01,nan
2.8460090719e-04,1.0943758001e-04,1.3476344393e+01,nan
-3.5456839642e-04,1.7095813702e-05,8.8705164192e+01,nan
1.5939267566e-04,1.4190195872e-04,1.1106389297e+01,nan
2.4004629193e-04,9.1169567853e-05,1.0197757268e+01,nan
2.3602813693e-04,9.0126184833e-05,1.0067687283e+01,nan
1.8390035711e-04,8.9785973291e-05,1.2577684030e+01,nan
1.8448334089e-04,9.3271403087e-05,1.1740594581e+01,nan
1.8131222084e-04,9.5698542424e-05,1.1441648367e+01,nan
2.5410601526e-04,8.3868597530e-05,1.1116193553e+01,nan
2.5476511402e-04,8.7632028672e-05,1.1146312648e+01,nan
2.7803274659e-04,8.9324457130e-05,1.3024584705e+01,nan
2.7466015747e-04,9.2253078600e-05,1.2771426873e+01,nan
2.8140159571e-04,8.6377307058e-05,1.3294744747e+01,nan
2.7522436884e-04,9.6071944504e-05,1.2848742260e+01,nan
2.7128327317e-04,9.5163193695e-05,1.2534887065e+01,nan
-2.1328622677e-04,7.9489028111e-05,5.2196653065e+01,nan
-2.1586422608e-04,7.9912987676e-05,5.1058197481e+01,nan
-2.1621067660e-04,8.2185539766e-05,4.7996332064e+01,nan
-2.2065860877e-04,7.8534678525e-05,5.1790015988e+01,nan
-2.2319536339e-04,7.9003943458e-05,5.0489730090e+01,nan
-2.2292010238e-04,7.6718816708e-05,5.3775416620e+01,nan
-2.1404285364e-04,5.2417456073e-05,9.8518924213e+01,nan
-2.1694866840e-04,5.2667080178e-05,9.7535778507e+01,nan
-2.1984925969e-04,5.2941247150e-05,9.6459664929e+01,nan
1.6401435287e-04,9.7231779411e-05,1.2034828309e+01,nan
1.6038366365e-04,9.6173972151e-05,1.2466706298e+01,nan
1.6765976402e-04,9.8305112716e-05,1.1637275138e+01,nan
1.5906991536e-04,1.3850326190e-04,1.0876771366e+01,nan
1.6284804940e-04,1.4319183732e-04,1.1111825543e+01,nan
1.6570686215e-04,1.3763622709e-04,1.0630046946e+01,nan
1.6921074688e-04,1.3894739410e-04,1.0609699174e+01,nan
1.6950154241e-04,1.4240322243e-04,1.0865468767e+01,nan
1.2930200048e-04,9.3494120426e-05,1.4826103344e+01,nan
1.3224479234e-04,9.1298430145e-05,1.5274636874e+01,nan
7.9857119797e-05,8.2804667981e-05,2.7142028937e+01,nan
9.0238359827e-05,8.5482810978e-05,2.3929023146e+01,nan
-3.1319472213e-04,1.7463216540e-05,1.4367769440e+02,nan
-3.1745873922e-04,1.5591837265e-05,1.4779018338e+02,nan
6.4108036624e-05,7.1850136137e-05,3.8808704361e+01,nan
4.4879530724e-05,6.8375086977e-05,4.7461699025e+01,nan
3.5587943519e-05,6.6945408871e-05,5.2161355327e+01,nan
1.7507296017e-05,6.4674942650e-05,6.2341401819e+01,nan
-2.8856819710e-05,6.1585199441e-05,8.7381575787e+01,nan
-3.8415418595e-05,6.1302692252e-05,8.8925238189e+01,nan
-4.8012291377e-05,6.1104119454e-05,8.9790218435e+01,nan
-3.1536076388e-04,1.2609399103e-05,1.7243015894e+02,nan
2.6700424809e-04,1.2012961330e-04,1.2863423798e+01,nan
3.6475082422e-04,3.1726297681e-05,2.6619994879e+01,nan
3.6803257989e-04,2.8034055704e-05,2.7933012526e+01,nan
3.4582231826e-04,6.0875241382e-05,1.9699288936e+01,nan
-1.6668129317e-04,9.7149958780e-05,3.8299140576e+01,nan
2.9188113859e-04,1.0737078308e-04,1.3773993419e+01,nan
2.9526514066e-04,1.0437489474e-04,1.3959389617e+01,nan
1.2982449781e-04,1.4439131354e-04,1.2611725078e+01,nan
3.6388842868e-04,2.3580567757e-05,2.7063716885e+01,nan
3.3633204833e-04,2.1691592736e-05,2.1068325844e+01,nan
1.7624416556e-04,1.4164954454e-04,1.0564448740e+01,nan
-1.9519807474e-04,8.9838449185e-05,4.2892213668e+01,nan
-2.1658353774e-04,5.0656170028e-05,1.0196991063e+02,nan
2.7070589651e-04,9.1353742712e-05,1.2446577997e+01,nan
-2.9940340745e-04,1.9789565545e-05,1.5051863672e+02,nan
2.6733203952e-04,9.4242884266e-05,1.2206460076e+01,nan
1.8505282495e-04,9.6788603872e-05,1.1062333133e+01,nan
-2.2774197865e-04,7.5388438438e-05,5.4422027898e+01,nan
-2.3025246693e-04,7.5890924523e-05,5.2957869151e+01,nan
-2.3045831810e-04,7.8210290121e-05,4.9536400144e+01,nan
2.5811973315e-04,8.4812840309e-05,1.1402543012e+01,nan
3.3590267721e-04,7.0796694592e-05,1.7874446223e+01,nan
-2.7496770051e-04,2.0563248210e-05,1.7617780118e+02,nan
2.8756163859e-04,3.7360970508e-05,1.6768124864e+01,nan
2.9171470262e-04,3.7964863511e-05,1.5565260355e+01,nan
2.1694473383e-04,1.1348800129e-04,9.5661405437e+00,nan
2.9359403463e-04,6.6832795357e-05,1.4614515929e+01,nan
1.2678990137e-04,1.1761115736e-04,1.0845133145e+01,nan
9.6592900274e-05,1.1357430611e-04,1.0406371663e+01,nan
1.0005943859e-04,1.1481716546e-04,1.0040978784e+01,nan
1.6431591072e-04,1.2377467157e-04,9.9957413926e+00,nan
1.9663185673e-04,7.9924783758e-05,1.4464837719e+01,nan
1.5000949798e-04,7.7899110625e-05,1.8877079328e+01,nan
1.5981342158e-04,9.2812648171e-05,1.3390059195e+01,nan
1.5676696543e-04,9.5131540716e-05,1.2932117237e+01,nan
-2.3878325397e-04,4.2725806294e-05,1.1673590030e+02,nan
-2.3616569580e-04,4.6497884871e-05,1.0780980397e+02,nan
-2.4175053012e-04,4.5084166287e-05,1.0980955863e+02,nan
-2.4455675043e-04,4.5433424482e-05,1.0806082092e+02,nan
-2.3331094681e-04,4.6192243931e-05,1.0924976435e+02,nan
-2.4732660162e-04,4.5808325660e-05,1.0618945950e+02,nan
1.9225026688e-04,1.2327100420e-04,9.3587971935e+00,nan
1.2759840303e-04,7.2573377682e-05,2.5525536785e+01,nan
2.2587456795e-04,7.6994344182e-05,1.2215147325e+01,nan
-1.5525986202e-04,4.9635712825e-05,1.0832377099e+02,nan
1.0886758922e-04,6.8485874899e-05,3.2343232554e+01,nan
9.0743981510e-05,6.4884016528e-05,3.8976302817e+01,nan
-1.2286394172e-04,2.4176633458e-05,1.6751817137e+02,nan
2.0274432634e-04,3.8766320814e-05,3.6059541246e+01,nan
6.3243224961e-05,7.8832738103e-05,3.2993518850e+01,nan
9.7307212790e-05,8.7379307913e-05,2.1919195910e+01,nan
-1.0817118242e-04,2.4134183868e-05,1.6735693794e+02,nan
7.2767910752e-05,1.0493046045e-04,1.5676562287e+01,nan
7.3367250295e-05,1.0797699020e-04,1.4261374035e+01,nan
7.0685393109e-05,1.0982706769e-04,1.3656750340e+01,nan
7.3941038295e-05,1.1107625134e-04,1.2901909501e+01,nan
6.7476012117e-05,1.0860839125e-04,1.4438275802e+01,nan
-9.3439464881e-05,2.4110380202e-05,1.6727034781e+02,nan
-2.5188477505e-04,6.4700116745e-05,6.4105164588e+01,nan
-2.4698261805e-04,6.8160424197e-05,5.9843349032e+01,nan
-2.5427500836e-04,6.5348308656e-05,6.1959037204e+01,nan
-2.5418367404e-04,6.7732301441e-05,5.7757967348e+01,nan
-2.4461235778e-04,7.2264061055e-05,5.3875496257e+01,nan
1.3638607860e-04,3.0343153839e-05,6.7964742259e+01,nan
-5.6481430100e-05,2.4159405261e-05,1.6651553083e+02,nan
3.4836907427e-05,9.7647936217e-05,2.4428348409e+01,nan
3.7647053079e-05,9.8450807624e-05,2.3414256284e+01,nan
3.5507320653e-05,1.0013565093e-04,2.2748936600e+01,nan
3.8296887482e-05,1.0097846845e-04,2.1751376350e+01,nan
1.0578745850e-04,2.7747715560e-05,9.7275836287e+01,nan
-3.8076562526e-05,2.4254740138e-05,1.6522435113e+02,nan
-6.5982272774e-06,1.0806695731e-04,2.5823519912e+01,nan
9.4699168561e-06,2.4837322117e-05,1.5691630739e+02,nan
-2.5001260227e-05,8.6191382420e-05,5.2160456754e+01,nan
-1.3234095413e-04,1.0277398117e-04,3.3598240413e+01,nan
-1.3441486351e-05,8.7026732335e-05,4.9912619443e+01,nan
-2.8016989997e-05,1.0604852108e-04,2.7332034506e+01,nan
9.2375083410e-06,8.9774773527e-05,3.9336008158e+01,nan
-1.9015451552e-04,6.0441297778e-05,8.5567025548e+01,nan
1.8891491136e-04,1.2561328377e-04,9.4230993338e+00,nan
1.9263891384e-04,1.2693916581e-04,9.4062471392e+00,nan
1.8928181560e-04,1.2925683243e-04,9.4925253105e+00,nan
1.9299541904e-04,1.3061158023e-04,9.4923251938e+00,nan
1.8961579090e-04,1.3290129839e-04,9.6006746722e+00,nan
1.9331657901e-04,1.3428625818e-04,9.6162531083e+00,nan
1.9673854130e-04,1.3198104308e-04,9.5423567832e+00,nan
1.9704816680e-04,1.3568722603e-04,9.6781921472e+00,nan
2.0051524078e-04,1.3336147915e-04,9.6504241875e+00,nan
1.9360225176e-04,1.3795466918e-04,9.7685604262e+00,nan
2.0433047978e-04,1.3474800602e-04,9.8343751754e+00,nan
2.0462509659e-04,1.3851813678e-04,1.0052696058e+01,nan
2.0819039211e-04,1.3613342774e-04,1.0186297960e+01,nan
2.1175496735e-04,1.3369903728e-04,1.0154266053e+01,nan
2.1208325931e-04,1.3750978461e-04,1.0350530807e+01,nan
2.1565172254e-04,1.3503510502e-04,1.0259290363e+01,nan
2.1596438610e-04,1.3886186855e-04,1.0658163009e+01,nan
2.1953696610e-04,1.3634528027e-04,1.0676780906e+01,nan
2.1529745733e-04,1.3121599240e-04,1.0002074501e+01,nan
2.0107239901e-04,1.4084479318e-04,1.0026118047e+01,nan
-1.7382021373e-04,7.9142191238e-05,5.8039088106e+01,nan
2.4055670202e-04,1.2050644303e-04,1.1086479930e+01,nan
2.3709511927e-04,1.2321692219e-04,1.0992354277e+01,nan
2.4100312617e-04,1.2434220135e-04,1.1424845395e+01,nan
2.3752320727e-04,1.2705361682e-04,1.1366215263e+01,nan
2.4142575443e-04,1.2818126440e-04,1.1803779841e+01,nan
2.3792591501e-04,1.3089295038e-04,1.1791223882e+01,nan
2.3361896755e-04,1.2590257579e-04,1.0908884829e+01,nan
1.3976897890e-04,1.4460257151e-04,1.2205616154e+01,nan
-3.2112723136e-04,3.3517955721e-05,7.9082329550e+01,nan
1.5370489389e-04,1.2014265415e-04,1.0142866501e+01,nan
-3.1705432763e-04,3.5012320529e-05,7.9300018483e+01,nan
-2.8913367926e-04,5.2811743936e-05,6.9280269032e+01,nan
2.9879965112e-04,7.5159378612e-05,1.4870386436e+01,nan
-2.7192540012e-04,5.6110798532e-05,7.1887153439e+01,nan
-2.6930237750e-04,5.7724521774e-05,6.9896031428e+01,nan
-2.6898307502e-04,6.0140140868e-05,6.5245088869e+01,nan
-2.7121569482e-04,6.0967930724e-05,6.2565529211e+01,nan
-1.5673421492e-04,9.8330081796e-05,3.7609750147e+01,nan
3.2816262150e-04,2.1051366063e-05,1.9801858886e+01,nan
3.2404721915e-04,2.0697659246e-05,1.9353467501e+01,nan
-1.7386734648e-04,8.7371417382e-05,4.7971357027e+01,nan
2.0078792614e-04,1.0494865562e-04,9.6559106801e+00,nan
2.3511132960e-04,1.0793655496e-04,1.0040712743e+01,nan
-1.5447118045e-04,3.7472867114e-05,1.3522443826e+02,nan
-1.5788723600e-04,3.7524087991e-05,1.3512154437e+02,nan
-1.5333903663e-04,3.5774063500e-05,1.3927792185e+02,nan
-1.4988604324e-04,3.5730306770e-05,1.3934893274e+02,nan
-1.2984723898e-04,3.2238682841e-05,1.4758744045e+02,nan
-1.2630366806e-04,3.2215609344e-05,1.4762342537e+02,nan
-1.2275568311e-04,3.2193140068e-05,1.4766608587e+02,nan
-1.1920344936e-04,3.2172143243e-05,1.4771275671e+02,nan
-1.1564737496e-04,3.2152816622e-05,1.4776229483e+02,nan
-1.1208750193e-04,3.2135138013e-05,1.4781393895e+02,nan
-1.0852427788e-04,3.2119187582e-05,1.4786656294e+02,nan
-1.0495770990e-04,3.2105016001e-05,1.4791890713e+02,nan
-1.0138823146e-04,3.2092475697e-05,1.4797007365e+02,nan
-9.7816043875e-05,3.2081793206e-05,1.4801810395e+02,nan
-9.4241377283e-05,3.2073105718e-05,1.4806111147e+02,nan
-9.0664506752e-05,3.2066305118e-05,1.4809758318e+02,nan
-8.7085684213e-05,3.2061537756e-05,1.4812529000e+02,nan
-8.3505166756e-05,3.2058848036e-05,1.4814203198e+02,nan
-7.9923224470e-05,3.2058318217e-05,1.4814544679e+02,nan
-7.6340216873e-05,3.2058502369e-05,1.4813637406e+02,nan
-7.2756199953e-05,3.2064059935e-05,1.4810150398e+02,nan
-6.9171674390e-05,3.2071107292e-05,1.4804719597e+02,nan
-6.5586916502e-05,3.2079010914e-05,1.4797193556e+02,nan
-6.2002207268e-05,3.2092613936e-05,1.4786164161e+02,nan
-5.1418490599e-05,3.5394775721e-05,1.3999874477e+02,nan
-4.7881897727e-05,3.5422436129e-05,1.3974226460e+02,nan
-4.4347370877e-05,3.5454128662e-05,1.3943681609e+02,nan
-4.0815442006e-05,3.5490379071e-05,1.3907781595e+02,nan
-3.7286534752e-05,3.5530765117e-05,1.3866287147e+02,nan
-3.5338965438e-05,3.3917160070e-05,1.4209504432e+02,nan
-3.1792847257e-05,3.3960358024e-05,1.4160043307e+02,nan
-2.8251261804e-05,3.4010557334e-05,1.4103785526e+02,nan
-2.4714340288e-05,3.4064402833e-05,1.4041285965e+02,nan
-2.1182751470e-05,3.4122764334e-05,1.3972203975e+02,nan
-1.7657114503e-05,3.4185849802e-05,1.3896409198e+02,nan
-1.4138059482e-05,3.4253752146e-05,1.3813892582e+02,nan
-1.0626233300e-05,3.4326495702e-05,1.3724745315e+02,nan
-7.1223088315e-06,3.4404085168e-05,1.3629194990e+02,nan
-3.6269643663e-06,3.4486472314e-05,1.3527594830e+02,nan
-1.4089351407e-07,3.4573586468e-05,1.3420470828e+02,nan
3.3351968645e-06,3.4665300173e-05,1.3308504545e+02,nan
6.8005930908e-06,3.4761459368e-05,1.3192580983e+02,nan
1.0254596798e-05,3.4861848464e-05,1.3073758530e+02,nan
1.3696944945e-05,3.4964778264e-05,1.2953670294e+02,nan
1.7125673624e-05,3.5074051448e-05,1.2832760791e+02,nan
2.0541206780e-05,3.5185772105e-05,1.2713551485e+02,nan
2.3943159853e-05,3.5298923385e-05,1.2598026062e+02,nan
2.7329400081e-05,3.5417374517e-05,1.2487091384e+02,nan
3.0700560253e-05,3.5537192159e-05,1.2383541986e+02,nan
3.4055773978e-05,3.5658795709e-05,1.2290067605e+02,nan
3.7394423315e-05,3.5781948268e-05,1.2205648578e+02,nan
4.4870719662e-05,3.7892815293e-05,1.1295624142e+02,nan
4.8171617452e-05,3.8051756856e-05,1.0919206719e+02,nan
5.1493086713e-05,3.8226938073e-05,1.0560865360e+02,nan
5.4835970137e-05,3.8418263540e-05,1.0197231791e+02,nan
5.8200949463e-05,3.8625936582e-05,9.8391097089e+01,nan
6.1588310503e-05,3.8851050104e-05,9.4855548504e+01,nan
6.4998805974e-05,3.9093435144e-05,9.1380829058e+01,nan
6.8432997810e-05,3.9353189273e-05,8.7997488846e+01,nan
7.4546627410e-05,3.7800843185e-05,8.8122509352e+01,nan
7.8054944725e-05,3.8081363662e-05,8.4751383261e+01,nan
8.1586514985e-05,3.8383066871e-05,8.1478347049e+01,nan
8.5143527145e-05,3.8702056077e-05,7.8347537111e+01,nan
8.8726558260e-05,3.9037602937e-05,7.5338424072e+01,nan
9.2333506270e-05,3.9394741727e-05,7.2443724132e+01,nan
9.3163058736e-05,4.1684918564e-05,6.7334258710e+01,nan
9.6797850398e-05,4.2092113402e-05,6.4849681607e+01,nan
1.0045860755e-04,4.2517675657e-05,6.2482202448e+01,nan
1.0414542791e-04,4.2961489638e-05,6.0223400884e+01,nan
1.0785836070e-04,4.3423414833e-05,5.8066216188e+01,nan
1.1075608598e-04,4.1450057821e-05,5.9925959730e+01,nan
1.1451808055e-04,4.1915288414e-05,5.7767600884e+01,nan
1.1830602507e-04,4.2398141515e-05,5.5698349070e+01,nan
1.1915421197e-04,4.4916125649e-05,5.2114199693e+01,nan
1.2211997716e-04,4.2898399163e-05,5.3719375862e+01,nan
1.2297218180e-04,4.5448803686e-05,5.0260136138e+01,nan
1.2596060520e-04,4.3415772008e-05,5.1838040628e+01,nan
1.2681715367e-04,4.5999046758e-05,4.8457215426e+01,nan
1.3067238363e-04,4.6565168831e-05,4.6393154976e+01,nan
1.3368363498e-04,4.4499268405e-05,4.7717356785e+01,nan
1.3754520716e-04,4.5061224767e-05,4.5759080891e+01,nan
1.4140411331e-04,4.5640768503e-05,4.3885754578e+01,nan
1.4526245269e-04,4.6232640836e-05,4.2105828014e+01,nan
1.4607962891e-04,4.8973568373e-05,3.9184846386e+01,nan
1.4911971148e-04,4.6837292364e-05,4.0413839405e+01,nan
1.4992811596e-04,4.9608892857e-05,3.7602538781e+01,nan
1.5297587811e-04,4.7454276402e-05,3.8808446458e+01,nan
1.5377522129e-04,5.0256178535e-05,3.6113630859e+01,nan
1.5762114811e-04,5.0914669472e-05,3.4718530325e+01,nan
1.6068545986e-04,4.8722513840e-05,3.5872948099e+01,nan
1.6454034953e-04,4.9370213797e-05,3.4544730892e+01,nan
1.6531078793e-04,5.2261468979e-05,3.2227106858e+01,nan
1.6839351813e-04,5.0030893387e-05,3.3305563222e+01,nan
1.6915492223e-04,5.2948401610e-05,3.1141685262e+01,nan
1.7224765848e-04,5.0698581054e-05,3.2181118426e+01,nan
1.7299871480e-04,5.3642013805e-05,3.0205775298e+01,nan
1.7684275502e-04,5.4338384478e-05,2.9396046888e+01,nan
1.7372241233e-04,5.6622983119e-05,2.8366725046e+01,nan
3.2659603058e-05,3.9183316367e-05,1.1362057352e+02,nan
1.5840523570e-04,5.3791203435e-05,3.2394980078e+01,nan
1.3152098694e-04,4.9227105578e-05,4.3255600720e+01,nan
1.0498559816e-04,4.5395696632e-05,5.6306482823e+01,nan
8.3243752385e-05,4.2815221899e-05,7.0147534348e+01,nan
7.2721852801e-05,4.1774954702e-05,7.8524838002e+01,nan
4.2445484544e-05,3.9626957456e-05,1.0858431276e+02,nan
1.9383741368e-05,3.8634907956e-05,1.1860776772e+02,nan
-6.5577382558e-05,3.5320382952e-05,1.4061304076e+02,nan
-7.6198791097e-05,3.5299708631e-05,1.4074013382e+02,nan
-8.6812117833e-05,3.5303060085e-05,1.4068286391e+02,nan
-9.7414032836e-05,3.5328020547e-05,1.4051141032e+02,nan
1.8068521773e-04,5.5039968774e-05,2.8709552532e+01,nan
1.8381275033e-04,5.2733257990e-05,2.9729462074e+01,nan
-1.1501709789e-04,3.5412720142e-05,1.4011417877e+02,nan
-1.2903051947e-04,3.5515543020e-05,1.3978784101e+02,nan
1.8452703010e-04,5.5743046694e-05,2.8165495426e+01,nan
1.8766845706e-04,5.3416505447e-05,2.9185458865e+01,nan
1.8306209438e-04,4.9754474643e-05,3.1433963183e+01,nan
9.5117947772e-05,3.7491189664e-05,7.5174551300e+01,nan
7.3701556901e-05,3.5720483490e-05,9.5496987218e+01,nan
6.3318204781e-05,3.5074495353e-05,1.0695373105e+02,nan
5.3137301405e-05,3.4574844430e-05,1.1849916067e+02,nan
4.3126362641e-05,3.4201524733e-05,1.2606233685e+02,nan
1.0989711035e-04,3.9039571227e-05,6.4293394045e+01,nan
1.5987681990e-04,4.5902753753e-05,3.8521300172e+01,nan
-1.0446097537e-04,3.5355848428e-05,1.4036116014e+02,nan
1.3921000645e-04,5.0466892930e-05,3.9704915886e+01,nan
1.8137358768e-04,5.8068131105e-05,2.7135748694e+01,nan
1.1244308570e-04,4.6402228754e-05,5.2408709186e+01,nan
2.6055954247e-05,3.8902405026e-05,1.1598653499e+02,nan
-5.8496245648e-05,3.5350248932e-05,1.4038159415e+02,nan
1.3873436769e-04,1.3452160217e-04,1.1428748539e+01,nan
-1.7482616915e-04,3.7828166413e-05,1.3449528050e+02,nan
-2.6430791365e-04,3.7743387548e-05,1.2013847607e+02,nan
-2.6138836307e-04,3.9416013164e-05,1.1706308654e+02,nan
-2.6120301929e-04,4.1554004461e-05,1.1128584745e+02,nan
6.7583213030e-05,9.5090097167e-05,2.1266882013e+01,nan
-9.9243023440e-05,6.1057842866e-05,8.8812077926e+01,nan
1.9856178892e-04,7.0661036603e-05,1.8354219359e+01,nan
1.5619021942e-04,9.1800386005e-05,1.3926221863e+01,nan
1.5316335832e-04,9.4104119187e-05,1.3421915767e+01,nan
1.5257885731e-04,9.0802665741e-05,1.4477588848e+01,nan
1.4957070167e-04,9.3090732138e-05,1.3926037407e+01,nan
1.5014805327e-04,9.6395824248e-05,1.2955320476e+01,nan
2.1987468811e-04,6.5562835028e-05,1.7563820944e+01,nan
2.2313008657e-04,6.2971899177e-05,1.8423336162e+01,nan
2.1920970595e-04,6.2193125808e-05,1.9756688976e+01,nan
2.2246366194e-04,5.9624168472e-05,2.0828768863e+01,nan
2.2180680398e-04,5.6352244070e-05,2.3644927749e+01,nan
2.1790330292e-04,5.5672209373e-05,2.5251657589e+01,nan
2.1465664562e-04,5.8182331724e-05,2.3814571487e+01,nan
2.1077303794e-04,5.7484965108e-05,2.5242560332e+01,nan
2.1012649893e-04,5.4351971415e-05,2.7994645379e+01,nan
2.0689941240e-04,5.6799420070e-05,2.6496595292e+01,nan
2.0624732852e-04,5.3701830006e-05,2.8878360750e+01,nan
2.2572365167e-04,5.7049318752e-05,2.2014695698e+01,nan
-2.8024562475e-04,3.8965434499e-05,1.0411092703e+02,nan
-2.6197804383e-04,3.1146699833e-05,1.4254367782e+02,nan
-1.6442696749e-04,9.0665528273e-05,4.4942532095e+01,nan
2.1920604426e-04,1.0337141560e-04,9.5204617850e+00,nan
2.6876462872e-04,2.3036580031e-05,4.1311210565e+01,nan
2.6479545074e-04,2.2792921373e-05,4.1207899073e+01,nan
2.6814111622e-04,2.0094239558e-05,4.2047297244e+01,nan
2.6415023827e-04,1.9864715490e-05,4.1824029737e+01,nan
2.6013936107e-04,1.9612599303e-05,4.1648236752e+01,nan
2.5611133859e-04,1.9337475955e-05,4.1444153354e+01,nan
2.5206797084e-04,1.9038777673e-05,4.1444362439e+01,nan
2.4874009854e-04,2.1601745761e-05,4.0493781480e+01,nan
2.4470716587e-04,2.1255376857e-05,4.1102446687e+01,nan
2.4068389348e-04,2.0899614195e-05,4.2036662513e+01,nan
2.3997986438e-04,1.8066489347e-05,4.4508490114e+01,nan
2.3667238038e-04,2.0538358667e-05,4.3236553678e+01,nan
2.3597533408e-04,1.7732555871e-05,4.6114643942e+01,nan
2.3267241085e-04,2.0174353932e-05,4.4658123648e+01,nan
2.3198227961e-04,1.7398289394e-05,4.7902182436e+01,nan
2.2868373964e-04,1.9809789980e-05,4.6279392726e+01,nan
2.2799923108e-04,1.7065265950e-05,4.9913016760e+01,nan
2.2470434653e-04,1.9446591277e-05,4.8074812852e+01,nan
2.2402492703e-04,1.6735272588e-05,5.2124138878e+01,nan
2.2073384983e-04,1.9086097752e-05,5.0050556245e+01,nan
2.2005861979e-04,1.6409173822e-05,5.4518082382e+01,nan
2.1609905525e-04,1.6088428887e-05,5.7105567912e+01,nan
2.1214508268e-04,1.5773606924e-05,5.9887894421e+01,nan
2.0886499311e-04,1.8033183192e-05,5.7055412878e+01,nan
2.0491985707e-04,1.7694368700e-05,5.9715567349e+01,nan
2.0097850499e-04,1.7362585907e-05,6.2547046400e+01,nan
1.9703953293e-04,1.7038514412e-05,6.5555635838e+01,nan
1.9310226237e-04,1.6722564846e-05,6.8733945393e+01,nan
1.8916627083e-04,1.6415085673e-05,7.2120431893e+01,nan
1.8848494325e-04,1.4036439447e-05,8.0584201028e+01,nan
1.8523014721e-04,1.6116692504e-05,7.5707338687e+01,nan
1.8454366727e-04,1.3776247978e-05,8.4815918924e+01,nan
1.8129339192e-04,1.5827772534e-05,7.9505775484e+01,nan
1.8060161606e-04,1.3525656113e-05,8.9322609980e+01,nan
1.7665783375e-04,1.3285018996e-05,9.4121565557e+01,nan
1.7271252326e-04,1.3055046938e-05,9.9264886929e+01,nan
1.6876555761e-04,1.2836357936e-05,1.0472505804e+02,nan
1.6481747233e-04,1.2629382581e-05,1.1055221068e+02,nan
1.6086891701e-04,1.2435398003e-05,1.1677352447e+02,nan
1.5692144020e-04,1.2254697497e-05,1.2337203509e+02,nan
1.5297644664e-04,1.2087908644e-05,1.3029422721e+02,nan
1.4976715376e-04,1.3928247620e-05,1.2083503395e+02,nan
1.4583411874e-04,1.3752925915e-05,1.2751491595e+02,nan
1.4190798425e-04,1.3593070546e-05,1.3439417630e+02,nan
1.3799100389e-04,1.3448625724e-05,1.4139542236e+02,nan
1.3725412070e-04,1.1562259828e-05,1.5943988310e+02,nan
1.3408590686e-04,1.3319271672e-05,1.4837096508e+02,nan
1.3019312039e-04,1.3204343299e-05,1.5516841201e+02,nan
1.2631314645e-04,1.3102957607e-05,1.6168119238e+02,nan
1.2244633195e-04,1.3014148179e-05,1.6790252574e+02,nan
1.1859293722e-04,1.2936976325e-05,1.7380017591e+02,nan
1.1475298029e-04,1.2870571364e-05,1.7933199871e+02,nan
1.1092636629e-04,1.2814166738e-05,1.8448831282e+02,nan
1.0711316453e-04,1.2767015599e-05,1.8928586319e+02,nan
1.0331358580e-04,1.2728465758e-05,1.9371191263e+02,nan
9.9527723193e-05,1.2697891947e-05,1.9767575404e+02,nan
9.5755721899e-05,1.2674758740e-05,2.0135819746e+02,nan
9.1997669467e-05,1.2658440553e-05,2.0495130068e+02,nan
8.8252836628e-05,1.2647693299e-05,2.0651647885e+02,nan
8.4516334284e-05,1.2637742496e-05,2.0395770607e+02,nan
8.0779146963e-05,1.2624425568e-05,2.0091379974e+02,nan
7.7040150917e-05,1.2608453721e-05,1.9872123186e+02,nan
7.3298571038e-05,1.2590206390e-05,1.9677639978e+02,nan
6.9553740350e-05,1.2570008001e-05,1.9516570278e+02,nan
6.5805087801e-05,1.2548147164e-05,1.9382504889e+02,nan
6.2052215561e-05,1.2524864331e-05,1.9272338466e+02,nan
5.8294882072e-05,1.2500370848e-05,1.9183603092e+02,nan
4.3217122160e-05,1.2393898918e-05,1.9002044427e+02,nan
3.9435125113e-05,1.2365993445e-05,1.8991532153e+02,nan
3.8098300292e-05,1.0784645113e-05,1.9462156928e+02,nan
3.5648036918e-05,1.2337865479e-05,1.8991956539e+02,nan
3.1855884421e-05,1.2309671665e-05,1.9001926861e+02,nan
2.8058794601e-05,1.2281550498e-05,1.9020111000e+02,nan
2.4256876944e-05,1.2253644491e-05,1.9045228969e+02,nan
2.0450245703e-05,1.2226090709e-05,1.9076057956e+02,nan
3.5972109382e-06,1.0577538957e-05,1.9676766767e+02,nan
-2.5479812557e-07,1.0557265580e-05,1.9715751431e+02,nan
-2.4795172373e-06,1.2074714407e-05,1.9321572305e+02,nan
-4.1098440034e-06,1.0537849989e-05,1.9754698812e+02,nan
-6.3140908829e-06,1.2052689180e-05,1.9364485928e+02,nan
-1.0151726568e-05,1.2031757449e-05,1.9406234109e+02,nan
-1.3992236657e-05,1.2011960509e-05,1.9446386622e+02,nan
-1.7835298134e-05,1.1993263925e-05,1.9484624542e+02,nan
-3.1161778279e-05,1.0428532893e-05,1.9990428424e+02,nan
-3.5033283844e-05,1.0416926122e-05,2.0016190416e+02,nan
-3.8905902760e-05,1.0406225223e-05,2.0039863403e+02,nan
-4.4788594626e-05,1.1895354959e-05,1.9686685299e+02,nan
-4.8643852203e-05,1.1885770443e-05,1.9706434177e+02,nan
-5.2499770114e-05,1.1877190379e-05,1.9724299013e+02,nan
-5.6356092848e-05,1.1869566850e-05,1.9740485561e+02,nan
-6.6031122615e-05,1.0355599459e-05,2.0158191718e+02,nan
-6.9906787402e-05,1.0351418595e-05,2.0170642210e+02,nan
-7.3782235721e-05,1.0347902530e-05,2.0182640805e+02,nan
-8.3349508828e-05,1.1839555976e-05,1.9826087283e+02,nan
-8.7204135810e-05,1.1838107458e-05,1.9837190320e+02,nan
-9.1058006951e-05,1.1837261772e-05,1.9848694443e+02,nan
-9.4911016338e-05,1.1836985528e-05,1.9860810870e+02,nan
-9.7024656061e-05,1.0338704529e-05,2.0257709095e+02,nan
-1.0089587387e-04,1.0338883614e-05,2.0272704833e+02,nan
-1.0476617091e-04,1.0339497315e-05,2.0288927671e+02,nan
-1.0863547033e-04,1.0340507807e-05,2.0306559714e+02,nan
-1.2185186772e-04,1.1848844511e-05,1.9978689088e+02,nan
-1.2569521514e-04,1.1852223345e-05,2.0002280202e+02,nan
-1.2953698735e-04,1.1856123735e-05,2.0027964603e+02,nan
-1.3337714347e-04,1.1860396498e-05,2.0055910215e+02,nan
-1.3568695424e-04,1.0357856792e-05,2.0482665940e+02,nan
-1.3954582819e-04,1.0361719142e-05,2.0517046956e+02,nan
-1.4340307406e-04,1.0365910238e-05,2.0554119613e+02,nan
-1.6402710268e-04,1.1909475574e-05,2.0374088625e+02,nan
-1.6784849876e-04,1.1916138638e-05,2.0427594334e+02,nan
-1.7035122817e-04,1.0404537067e-05,2.0898408188e+02,nan
2.6749810598e-04,1.7172627404e-05,4.2732929578e+01,nan
2.7148905482e-04,1.7365604612e-05,4.2859168167e+01,nan
2.5540478458e-04,1.6454273268e-05,4.2437659987e+01,nan
2.4329833167e-04,1.5578680335e-05,4.5865525679e+01,nan
2.1543986925e-04,1.3513475641e-05,6.3185948620e+01,nan
1.6014688700e-04,1.0415166460e-05,1.3383574998e+02,nan
1.3259473349e-04,9.6819690163e-06,1.8589868510e+02,nan
-1.7166624275e-04,1.1925483437e-05,2.0483703466e+02,nan
-1.7419208710e-04,1.0411946203e-05,2.0960810047e+02,nan
-2.1310865509e-05,8.9556612121e-06,2.0310405375e+02,nan
-4.0762609293e-05,8.9035878898e-06,2.0434677074e+02,nan
-1.6513951716e-04,8.8901606067e-06,2.1245829397e+02,nan
1.9964294703e-04,1.2453205705e-05,7.7722430306e+01,nan
1.1703903538e-04,9.5009652634e-06,2.0895845092e+02,nan
1.0165451325e-04,9.4447505376e-06,2.2522917900e+02,nan
8.6400913098e-05,9.4278635792e-06,2.1352470372e+02,nan
7.1162771826e-05,9.3805763249e-06,2.0531923265e+02,nan
5.5888094548e-05,9.3140872021e-06,2.0105426348e+02,nan
2.1310620623e-05,9.1374580311e-06,1.9964721771e+02,nan
5.8497510695e-06,9.0623103664e-06,2.0079137851e+02,nan
-9.6573147507e-06,8.9967560885e-06,2.0215624489e+02,nan
-5.6338023297e-05,8.8757289485e-06,2.0504449817e+02,nan
-8.7491780810e-05,8.8491556566e-06,2.0609824418e+02,nan
-1.1860898758e-04,8.8507053274e-06,2.0757368165e+02,nan
-1.5353367013e-04,8.8758247546e-06,2.1083615496e+02,nan
5.1967245780e-05,1.1884252297e-04,1.1171373084e+01,nan
3.1390464235e-04,7.4290422698e-05,1.6108721268e+01,nan
1.1679050015e-04,8.4120625163e-05,2.0776357851e+01,nan
9.8478858933e-05,7.9478736915e-05,2.6464897920e+01,nan
8.0906398756e-05,7.5380657276e-05,3.2299125030e+01,nan
-1.1210180494e-04,7.9904161065e-05,5.9131731812e+01,nan
-9.7274149428e-05,7.9554662894e-05,5.9928544353e+01,nan
-9.2944920764e-06,1.0151919485e-04,3.3257307616e+01,nan
-7.3375045582e-05,7.9299619043e-05,6.1022263508e+01,nan
-2.0246980661e-05,1.0046782316e-04,3.4586995518e+01,nan
2.8485102300e-05,5.0087373827e-05,8.6804758577e+01,nan
1.0245659847e-04,3.8228699148e-05,6.9458104220e+01,nan
1.1376027879e-04,6.1612029256e-05,3.6779026776e+01,nan
-4.8549461078e-05,8.8882339484e-06,2.0472312395e+02,nan
1.3586630764e-05,9.0989500641e-06,2.0016091424e+02,nan
1.1743998434e-04,3.9922376988e-05,5.9636685923e+01,nan
-6.4127254322e-05,8.8658391259e-06,2.0532569039e+02,nan
2.9020649026e-05,9.1771563148e-06,1.9932737354e+02,nan
-7.9705456829e-05,8.8526360788e-06,2.0583569679e+02,nan
4.4396098095e-05,9.2570204492e-06,1.9962372366e+02,nan
-9.5275808365e-05,8.8473828455e-06,2.0638833147e+02,nan
5.1880597867e-05,9.0572849554e-05,2.6316096203e+01,nan
6.3531641764e-05,9.3491148173e-06,2.0279297640e+02,nan
-1.1083488213e-04,8.8482884484e-06,2.0711217914e+02,nan
1.4023935761e-04,6.6939226107e-05,2.6649238533e+01,nan
7.8784314602e-05,9.4072944543e-06,2.0880955042e+02,nan
-1.3026211153e-04,8.8565216335e-06,2.0842535589e+02,nan
9.4020251565e-05,9.4406090161e-06,2.1980794402e+02,nan
-1.4578220557e-04,8.8682533870e-06,2.0991594564e+02,nan
1.3281714613e-04,4.1894652598e-05,5.1184978201e+01,nan
2.6931434151e-04,6.2204474152e-05,1.2684788870e+01,nan
1.0932440522e-04,9.4592168841e-06,2.1816091028e+02,nan
1.7024912343e-04,7.3642434109e-05,2.0121387834e+01,nan
1.2479655242e-04,9.5737268796e-06,1.9833327754e+02,nan
-1.2532047582e-04,4.3873927814e-05,1.2109963902e+02,nan
-1.7803030393e-04,1.0419977743e-05,2.1026766806e+02,nan
-1.8059642013e-04,8.9118654470e-06,2.1513384297e+02,nan
-1.8445367550e-04,8.9231447348e-06,2.1588577035e+02,nan
-1.8830986663e-04,8.9314044441e-06,2.1668901680e+02,nan
-1.9216342073e-04,8.9399814530e-06,2.1753481930e+02,nan
-1.9601575633e-04,8.9456819253e-06,2.1843383747e+02,nan
-1.9986222385e-04,8.9575962317e-06,2.1935931448e+02,nan
-2.0370622620e-04,8.9683168092e-06,2.2033429184e+02,nan
-2.0754679898e-04,8.9793468408e-06,2.2135499833e+02,nan
-2.0861762037e-04,1.0509300922e-05,2.1689931932e+02,nan
1.5224599178e-04,1.0143244274e-05,1.4896189741e+02,nan
2.0753643195e-04,1.2968996287e-05,7.0014831567e+01,nan
-2.0654265357e-04,3.5172754114e-05,1.4129855413e+02,nan
-2.0324543289e-04,3.5068002658e-05,1.4163399241e+02,nan
-2.0521235316e-04,3.1637058727e-05,1.5119298715e+02,nan
-2.0857099626e-04,3.1728068686e-05,1.5096946951e+02,nan
-2.0183710124e-04,3.1552383749e-05,1.5136726305e+02,nan
2.3529377794e-04,1.4974562507e-05,4.9714892035e+01,nan
2.8746026550e-04,5.4926584106e-05,1.4403952142e+01,nan
2.9962278275e-04,5.6985917021e-05,1.5457162732e+01,nan
-2.7308693896e-04,4.9008692567e-05,8.6392905569e+01,nan
1.4897396937e-04,8.9816619958e-05,1.4945481750e+01,nan
2.5040770397e-04,6.5283065084e-05,1.2237196028e+01,nan
-3.3128591825e-04,2.2406032946e-05,9.9339079750e+01,nan
-3.2824179212e-04,2.1413298894e-05,1.0923103882e+02,nan
-3.3314826311e-04,1.9308547455e-05,1.1222366337e+02,nan
-1.8519498930e-04,5.4398222779e-05,9.7415540153e+01,nan
-1.3059449613e-04,1.0474156098e-04,3.1856500581e+01,nan
-1.3329307914e-04,1.0491186884e-04,3.1806448970e+01,nan
-1.1176366913e-04,4.3733404154e-05,1.2172178654e+02,nan
-1.7145849500e-04,3.7760223461e-05,1.3464224225e+02,nan
-1.7387779626e-04,3.6095562469e-05,1.3876511266e+02,nan
-1.7726678427e-04,3.6160787740e-05,1.3864737319e+02,nan
-1.8129349648e-04,3.1149093520e-05,1.5173579417e+02,nan
-1.8474882405e-04,3.1205851374e-05,1.5172898854e+02,nan
-1.7782751923e-04,3.1095753538e-05,1.5173035919e+02,nan
-1.2203294426e-04,3.5460257850e-05,1.3994834608e+02,nan
-1.9688900796e-04,7.5162548474e-05,6.1047725846e+01,nan
-1.8262320466e-04,6.3843635562e-05,8.0265174018e+01,nan
3.4114654531e-04,5.2231708839e-05,2.0270972103e+01,nan
3.1033631206e-04,5.1416191146e-05,1.6734892308e+01,nan
2.1633935157e-04,3.2211155262e-05,3.8514591740e+01,nan
-1.9250115154e-04,6.8567582592e-05,7.1530891804e+01,nan
-1.3396942069e-04,9.4657856837e-05,4.1362514330e+01,nan
3.6008170116e-04,2.3290734839e-05,2.6037764901e+01,nan
2.7887259362e-04,7.1263099692e-05,1.3221527105e+01,nan
1.8186910300e-04,9.9213058569e-05,1.0833576054e+01,nan
1.8877981622e-04,2.8827359054e-05,4.8600948316e+01,nan
2.4981215796e-04,1.0459899481e-04,1.1035148567e+01,nan
1.5941064022e-04,1.1217272015e-04,1.0238972143e+01,nan
1.8836843147e-04,5.6445527533e-05,2.7773211210e+01,nan
-1.1847811363e-04,8.5943745575e-05,5.1194868807e+01,nan
3.3448197723e-04,5.8893042690e-05,1.8919835300e+01,nan
-2.0659568410e-04,5.7743687769e-05,8.8739583294e+01,nan
1.4222562462e-04,1.0988685463e-04,1.0707350850e+01,nan
1.3397348460e-04,2.3407732831e-05,8.9340373002e+01,nan
7.0621535627e-05,2.0846880203e-05,1.6972956491e+02,nan
5.6333713421e-05,2.0662702425e-05,1.6672545030e+02,nan
4.1900187333e-05,2.0456127439e-05,1.6584027418e+02,nan
3.1076720342e-04,3.3493114106e-05,1.7474834256e+01,nan
2.7326258328e-05,2.0243735885e-05,1.6708688942e+02,nan
1.2171458948e-04,1.0654424405e-04,1.1980671625e+01,nan
-2.8305638942e-05,1.9626205223e-05,1.7595163552e+02,nan
-6.5829205721e-05,1.9465959851e-05,1.7842816880e+02,nan
-8.0852164713e-05,1.9447746102e-05,1.7877853206e+02,nan
1.3291485134e-04,9.4532818520e-05,1.4287386149e+01,nan
-1.2580119080e-04,1.9496307906e-05,1.7972077445e+02,nan
-1.4071108562e-04,1.9539593319e-05,1.8037906225e+02,nan
-5.4426722849e-05,6.1012503923e-05,9.0079146575e+01,nan
-2.1242210990e-04,1.0524671295e-05,2.1789765026e+02,nan
-2.1622204601e-04,1.0539783187e-05,2.1893541273e+02,nan
-2.1904302660e-04,9.0182226227e-06,2.2467783275e+02,nan
-2.2286718437e-04,9.0302838710e-06,2.2587956024e+02,nan
-2.2668169229e-04,9.0498790449e-06,2.2709829355e+02,nan
-2.3049064197e-04,9.0694433459e-06,2.2835472450e+02,nan
-2.3429259454e-04,9.0903074480e-06,2.2963896316e+02,nan
-2.3809026181e-04,9.1076049890e-06,2.3096120928e+02,nan
-2.4187529611e-04,9.1321054008e-06,2.3226934146e+02,nan
1.3154476671e-04,8.8089594340e-05,1.6311952969e+01,nan
3.3775810286e-04,2.9116228948e-05,2.1281315304e+01,nan
9.7153360774e-05,1.1688251182e-04,9.4400998964e+00,nan
9.3708721031e-05,1.1561481602e-04,9.7777210909e+00,nan
1.2379026902e-04,1.1979140161e-04,1.0822786616e+01,nan
1.2725425801e-04,1.2095131896e-04,1.0866764066e+01,nan
-2.4564905608e-04,9.1588912811e-06,2.3356466034e+02,nan
-2.5488050209e-04,5.3763089352e-05,8.4742062297e+01,nan
-2.8610999934e-04,4.6004458820e-05,8.4031981988e+01,nan
-3.3493875337e-04,1.6300842696e-05,1.2351744680e+02,nan
-3.2522732220e-04,2.0519250701e-05,1.1612241980e+02,nan
-3.3162301711e-04,1.5583846169e-05,1.2786876773e+02,nan
1.4972390675e-04,1.4488565437e-04,1.1716821907e+01,nan
2.4182652279e-04,1.3202127830e-04,1.2215527915e+01,nan
3.5240513138e-04,5.4099780369e-05,2.1209969255e+01,nan
3.5568656372e-04,5.0656699710e-05,2.2074346120e+01,nan
2.1983897282e-04,1.4018078645e-04,1.1241113361e+01,nan
2.3830544862e-04,1.3473223642e-04,1.2259554683e+01,nan
-2.4700343520e-04,7.2899898558e-05,5.1972134465e+01,nan
-2.4466327964e-04,7.4642299534e-05,5.0093893347e+01,nan
-2.3292445674e-04,7.8755393002e-05,4.7996077522e+01,nan
-2.7595396445e-04,6.0270584345e-05,6.1579937507e+01,nan
1.7648616545e-04,1.4513871167e-04,1.0844957477e+01,nan
2.0487371098e-04,1.4229621381e-04,1.0361818199e+01,nan
-2.9940044713e-04,5.0007562960e-05,6.8754466458e+01,nan
1.6976616456e-04,1.4584284745e-04,1.1126602824e+01,nan
3.6337263628e-04,1.9597848094e-05,2.6782557110e+01,nan
3.5951285336e-04,1.9375613092e-05,2.5729706852e+01,nan
3.6717827318e-04,1.9845308564e-05,2.7989227337e+01,nan
3.2734916752e-04,1.7422117900e-05,1.9824876983e+01,nan
3.2321703501e-04,1.7084835635e-05,1.9194846466e+01,nan
3.1991301070e-04,2.0322747896e-05,1.8865762841e+01,nan
3.1906645505e-04,1.6723851665e-05,1.9348386397e+01,nan
2.9459011314e-04,1.5250037781e-05,3.8207534893e+01,nan
2.9060200722e-04,1.5114538687e-05,4.0693483630e+01,nan
2.9860915572e-04,1.5410381130e-05,3.4972873007e+01,nan
2.7483693989e-04,1.4603953263e-05,4.3599297577e+01,nan
-3.4144874030e-04,3.0856354957e-05,7.6130727179e+01,nan
-3.3587521661e-04,3.3035890230e-05,7.3803447201e+01,nan
-3.0803439196e-04,4.6711000859e-05,6.8892326739e+01,nan
3.6839217274e-04,3.2221378183e-05,2.7345774574e+01,nan
3.7165100824e-04,2.8507035961e-05,2.8840580694e+01,nan
3.1974929557e-04,9.0741575592e-05,1.5430131967e+01,nan
3.1641034733e-04,9.3861498120e-05,1.5115861809e+01,nan
-2.4941084812e-04,9.1909403978e-06,2.3481279345e+02,nan
-2.5315621432e-04,9.2286847297e-06,2.3597770683e+02,nan
-2.5688461308e-04,9.2710726229e-06,2.3702048355e+02,nan
-2.5881819454e-04,6.9180351453e-05,5.3293250444e+01,nan
2.9575227754e-04,1.0826773270e-04,1.3869980636e+01,nan
2.9913138799e-04,1.0525835993e-04,1.4057295006e+01,nan
2.9236537225e-04,1.1125871634e-04,1.3705550856e+01,nan
-2.0466288650e-04,4.9806735298e-05,1.0534390746e+02,nan
-1.5331819164e-04,3.0798960887e-05,1.5157148804e+02,nan
-1.5684332408e-04,3.0834361998e-05,1.5159349146e+02,nan
-1.3563923188e-04,3.0651813444e-05,1.5152744712e+02,nan
1.7977644627e-04,1.4304368248e-04,1.0535472666e+01,nan
-5.2973768661e-05,3.0523535049e-05,1.5117362238e+02,nan
1.6889487541e-04,1.3547759485e-04,1.0382380537e+01,nan
9.4239185720e-05,1.1893668970e-04,8.8213193721e+00,nan
9.0823576826e-05,1.1763945451e-04,9.1350642382e+00,nan
6.5356679339e-05,1.1343930122e-04,1.2488485499e+01,nan
6.2242255603e-05,1.1217018449e-04,1.3262169169e+01,nan
-2.0964435736e-04,1.2057051938e-05,2.1229625344e+02,nan
1.1180700174e-04,9.1444476902e-05,1.7788135910e+01,nan
2.7043806204e-04,1.1725553171e-04,1.2939694025e+01,nan
2.6996282645e-04,1.1340213780e-04,1.2819006670e+01,nan
2.7090579462e-04,1.2111158152e-04,1.3047585381e+01,nan
2.6746205489e-04,1.2398309833e-04,1.2998847733e+01,nan
-1.5395898805e-04,1.3410787673e-05,1.9826053254e+02,nan
-3.1448548588e-05,1.3454063016e-05,1.9208467194e+02,nan
-8.7982755499e-07,1.3623677423e-05,1.8882770902e+02,nan
1.5444005157e-04,1.6233408198e-05,1.0122431726e+02,nan
1.8766346827e-04,9.0826646944e-05,1.2072128754e+01,nan
-2.6646745811e-04,4.2571948969e-05,1.0562992463e+02,nan
2.0954684768e-04,2.0664753927e-05,5.2292246481e+01,nan
2.0947114580e-04,5.1281116138e-05,3.0144538159e+01,nan
2.0558028843e-04,5.0652743572e-05,3.0264703962e+01,nan
2.4532908452e-04,1.2928629564e-04,1.2197658414e+01,nan
2.4573037886e-04,1.3312635296e-04,1.2575085527e+01,nan
3.2446808602e-04,6.8653028132e-05,1.7260937148e+01,nan
2.2115814704e-04,5.3160460502e-05,2.6836392161e+01,nan
-1.7857856577e-04,9.4177822620e-05,4.0320875117e+01,nan
3.3442213474e-04,3.2487599610e-05,2.0619329871e+01,nan
2.7184004553e-04,9.8984167764e-05,1.2633015566e+01,nan
2.3738138813e-04,2.3385577165e-05,4.0923171657e+01,nan
2.9079111713e-04,5.1929338337e-05,1.4804966894e+01,nan
2.8669782378e-04,5.1243058020e-05,1.4462904560e+01,nan
-1.3600883346e-04,3.5579053157e-05,1.3963433754e+02,nan
-1.8822092034e-04,8.2575861653e-05,5.2286118146e+01,nan
2.7744163484e-04,8.5520261576e-05,1.2973820013e+01,nan
2.4944898963e-04,2.4507406096e-05,3.9510521060e+01,nan
2.5320454841e-04,1.0180685818e-04,1.1223326343e+01,nan
-2.1067825439e-04,6.4225434987e-05,7.6192747868e+01,nan
-1.8819255783e-04,3.1266384463e-05,1.5170614770e+02,nan
2.3669292510e-04,9.3884329027e-05,1.0015747817e+01,nan
2.3267932298e-04,9.2817499406e-05,9.8794874292e+00,nan
2.3199641041e-04,8.9069457992e-05,9.9557858105e+00,nan
2.2865297365e-04,9.1736837340e-05,9.8385799108e+00,nan
2.6207945172e-04,2.8419670300e-05,3.9747859009e+01,nan
2.0754504482e-04,5.9960969791e-05,2.3860548011e+01,nan
2.0368245198e-04,5.9245667233e-05,2.5096971429e+01,nan
-3.3827932272e-04,1.7061808565e-05,1.1612932225e+02,nan
2.1745721850e-04,2.1429522493e-05,4.8210401991e+01,nan
-3.4011018920e-04,1.4015021213e-05,1.2883473252e+02,nan
1.9772224377e-04,1.9563777793e-05,5.9587651775e+01,nan
1.8985463318e-04,1.8867721029e-05,6.5215582067e+01,nan
1.7019048998e-04,1.7290377112e-05,8.2538385355e+01,nan
1.6231653507e-04,1.6735536519e-05,9.1204191080e+01,nan
3.0743844148e-04,3.6624202449e-05,1.7000915796e+01,nan
3.3840886262e-04,3.2879557572e-05,2.1284028561e+01,nan
1.0033195085e-04,1.4393373478e-05,1.8370110075e+02,nan
1.7598262384e-04,1.3814234118e-04,1.0303597440e+01,nan
1.6117211955e-04,1.2600439781e-04,1.0132290453e+01,nan
3.0678043007e-05,1.0099856786e-04,2.3223771505e+01,nan
5.5699042405e-05,1.4087784310e-05,1.8646057652e+02,nan
4.8226676773e-05,1.4026391230e-05,1.8551633551e+02,nan
3.1576237897e-04,1.9927787034e-05,1.8566185874e+01,nan
3.1492652625e-04,1.6380351585e-05,2.1927023083e+01,nan
1.4321236771e-05,1.3737964585e-05,1.8693534603e+02,nan
6.7294007465e-06,1.3678806881e-05,1.8786409295e+02,nan
-2.3790961814e-05,1.3488370247e-05,1.9141505674e+02,nan
-4.2947073814e-05,1.3412487566e-05,1.9288672130e+02,nan
-6.2128814884e-05,1.3367030811e-05,1.9377291314e+02,nan
-6.9803255896e-05,1.3356124103e-05,1.9401915408e+02,nan
-7.7476633064e-05,1.3348692444e-05,1.9423311847e+02,nan
-3.0511717449e-04,4.1538386576e-05,7.6330620724e+01,nan
-1.0048102569e-04,1.3344351675e-05,1.9487043409e+02,nan
1.0451758414e-04,8.9375493405e-05,2.0031969448e+01,nan
1.2274981129e-04,9.4621689497e-05,1.4983629594e+01,nan
1.2996634878e-04,9.6734669498e-05,1.3868249877e+01,nan
-1.0814083323e-04,1.3347830881e-05,1.9513905633e+02,nan
-1.1579530891e-04,1.3353523776e-05,1.9546047170e+02,nan
-1.3871841982e-04,1.3382109510e-05,1.9686321467e+02,nan
1.8712486473e-04,6.8185649696e-05,2.1404011124e+01,nan
-1.4634344812e-04,1.3395454591e-05,1.9751014451e+02,nan
-1.7929276343e-04,1.1945715884e-05,2.0605900505e+02,nan
-2.4188076436e-04,4.9270641499e-05,9.9559443069e+01,nan
-2.6058676540e-04,9.3194352556e-06,2.3787572108e+02,nan
-1.6973172722e-04,5.3717811217e-05,9.9619072550e+01,nan
-1.4271246450e-04,3.0710279547e-05,1.5151647367e+02,nan
-1.5403022043e-04,5.3201146359e-05,1.0123910257e+02,nan
-6.0212880699e-05,3.0488230803e-05,1.5152724243e+02,nan
-2.9399846112e-04,3.6123719808e-05,9.5548588042e+01,nan
1.4657377284e-04,9.5367380834e-05,1.3402960382e+01,nan
1.3519493920e-04,8.9092533791e-05,1.5747044989e+01,nan
-1.6659737292e-04,5.3602107088e-05,9.9982791612e+01,nan
-2.7349156683e-04,4.6699002966e-05,9.1326087354e+01,nan
2.1623259348e-04,1.4269401032e-04,1.1251254857e+01,nan
2.0126581940e-04,1.4459543242e-04,1.0285118991e+01,nan
-2.7808607649e-04,6.1214377056e-05,5.8689291619e+01,nan
3.3964090213e-04,1.8295098437e-05,2.1594132477e+01,nan
3.4368083567e-04,1.8526324018e-05,2.2359915525e+01,nan
1.7998928804e-04,1.4655496871e-04,1.0799340817e+01,nan
-3.1109334008e-04,4.5719260832e-05,6.9296578168e+01,nan
-2.7306005585e-04,6.4328028439e-05,5.5370436423e+01,nan
-2.9360105416e-04,2.8299172352e-05,1.1950448673e+02,nan
-2.9097739313e-04,2.7600383009e-05,1.2452422346e+02,nan
2.2341793803e-04,1.3762361068e-04,1.1247466805e+01,nan
1.8560699580e-04,1.0033333286e-04,1.0528275532e+01,nan
1.8881363512e-04,9.7893332656e-05,1.0721389435e+01,nan
1.8240939165e-04,1.0275235093e-04,1.0362478540e+01,nan
2.6341436364e-04,7.1644484874e-05,1.1974424107e+01,nan
-1.5343167753e-04,8.9795119174e-05,4.6324423061e+01,nan
-1.3566685705e-04,8.6695132231e-05,5.0180530778e+01,nan
3.2562795974e-04,4.9959606453e-05,1.8556259522e+01,nan
3.2897772464e-04,4.6689752352e-05,1.9161481750e+01,nan
-1.8966502327e-04,6.8325222343e-05,7.2230353622e+01,nan
1.4714392981e-04,9.8675252717e-05,1.2520868468e+01,nan
2.4924790390e-04,1.0079331851e-04,1.0880356493e+01,nan
-2.2599800699e-04,5.7707007507e-05,8.5386273965e+01,nan
3.0664573614e-04,3.2983557818e-05,1.7160585868e+01,nan
1.9152477643e-04,5.4098935148e-05,2.8766189234e+01,nan
1.9079914510e-04,5.1080483142e-05,3.0186411405e+01,nan
2.2371519383e-04,1.4146140131e-04,1.1926672307e+01,nan
-2.9047451666e-04,5.6414755571e-05,6.1587250373e+01,nan
-1.7463838499e-04,9.7993663383e-05,3.6982076390e+01,nan
2.6162349381e-04,1.0761581909e-04,1.2085549317e+01,nan
2.7433764976e-04,1.1822173908e-04,1.3120330205e+01,nan
2.7480333408e-04,1.2208381595e-04,1.3184205472e+01,nan
-3.5873931684e-04,2.2966039534e-05,9.8533956002e+01,nan
2.7823200584e-04,1.1917933876e-04,1.3256068257e+01,nan
-2.4219211454e-04,7.1658430962e-05,5.5709405370e+01,nan
2.2308558502e-04,1.3378647267e-04,1.0715473493e+01,nan
-2.6124278470e-04,6.7508912761e-05,5.5120141227e+01,nan
-2.6141902502e-04,6.5076269226e-05,5.9385717395e+01,nan
3.6512687804e-04,3.5879637731e-05,2.6007758691e+01,nan
2.4923407782e-04,1.3037025648e-04,1.2533707715e+01,nan
2.4963800951e-04,1.3421024516e-04,1.2861629087e+01,nan
2.8080474269e-04,8.2575665490e-05,1.3261699212e+01,nan
1.5922885195e-04,8.9484928470e-05,1.4467003768e+01,nan
2.5314111449e-04,1.3143502529e-04,1.2805167297e+01,nan
3.1258329105e-04,9.3026893849e-05,1.5043155471e+01,nan
3.1306525714e-04,9.6960710200e-05,1.4828548693e+01,nan
1.7869447848e-04,1.0161777963e-04,1.0635065355e+01,nan
2.5574530998e-04,1.2094927576e-04,1.2284069668e+01,nan
-1.8122025060e-04,9.4486306236e-05,3.9762915976e+01,nan
-2.9006970406e-04,2.0447849026e-05,1.5844487239e+02,nan
3.2308220619e-04,8.7600351377e-05,1.5773068662e+01,nan
-1.5065724390e-04,8.9600090559e-05,4.6613856611e+01,nan
2.6794589920e-04,3.8063006988e-05,2.4560589994e+01,nan
-2.2692547472e-04,4.1708964454e-05,1.2191665911e+02,nan
-2.8583822751e-04,5.6730540105e-05,6.3400291140e+01,nan
3.1222114387e-04,6.2755595976e-05,1.6487696144e+01,nan
-2.1507735110e-04,4.2840738091e-05,1.2059737145e+02,nan
2.0569441380e-04,1.1355642410e-04,9.3625424855e+00,nan
-1.3850618290e-04,8.6843662055e-05,4.9972334682e+01,nan
-1.6302489134e-04,4.6280586167e-05,1.1517604301e+02,nan
-2.5914632298e-04,2.3127727132e-05,1.7477293685e+02,nan
-2.5604041871e-04,2.4784584336e-05,1.6921993246e+02,nan
-2.5283455867e-04,2.4588827722e-05,1.7103238806e+02,nan
1.8594181624e-04,1.3153529032e-04,9.6258074509e+00,nan
-1.3240617118e-04,4.9153115448e-05,1.0993080218e+02,nan
3.0971310477e-04,1.0004039373e-04,1.4566914651e+01,nan
-1.0462002575e-04,6.8423217106e-05,7.6335070510e+01,nan
-1.0771020996e-04,6.8480550285e-05,7.6131788374e+01,nan
-1.0718835662e-04,7.2191827208e-05,7.0383018759e+01,nan
-1.1263731939e-04,1.0586828387e-04,2.9959643056e+01,nan
-1.1535254457e-04,1.0599128356e-04,3.0029054117e+01,nan
-1.1639985868e-04,1.0811460345e-04,2.8329495044e+01,nan
-1.1206584357e-04,1.0999145929e-04,2.6506298270e+01,nan
-5.5687030086e-05,5.2194256754e-05,1.0579629632e+02,nan
-8.8066873071e-05,1.0508434436e-04,2.8957010688e+01,nan
-8.7784035929e-05,1.0919245579e-04,2.4924705683e+01,nan
-9.0488542411e-05,1.0925180838e-04,2.5129336973e+01,nan
-8.7492450964e-05,1.1334128001e-04,2.1214474823e+01,nan
-8.4819936190e-05,1.1328927915e-04,2.0921302589e+01,nan
-1.5753716569e-04,1.0050017587e-04,3.5624842000e+01,nan
-1.6020475059e-04,1.0074616082e-04,3.5322056253e+01,nan
1.1988711016e-04,1.4419696650e-04,1.2832782297e+01,nan
1.1678151970e-04,1.4635272642e-04,1.3030113671e+01,nan
1.1336872433e-04,1.4516289106e-04,1.2956659752e+01,nan
9.3329160108e-05,1.4110690906e-04,1.1394158708e+01,nan
9.0208932500e-05,1.4315592854e-04,1.1781529048e+01,nan
9.3559610691e-05,1.4445198854e-04,1.2372996714e+01,nan
9.0410571723e-05,1.4649599755e-04,1.2845798298e+01,nan
8.7062982200e-05,1.4517850860e-04,1.2283809924e+01,nan
1.1733819086e-04,1.2080368449e-04,1.0605266423e+01,nan
2.2796306172e-04,8.8003538934e-05,1.0030495560e+01,nan
2.3128902260e-04,8.5334550398e-05,1.0183693171e+01,nan
-1.3598560046e-04,1.0509026368e-04,3.1738069410e+01,nan
-1.3867177454e-04,1.0527690072e-04,3.1650237657e+01,nan
6.4517190981e-05,1.3471246638e-04,3.3420622346e+00,nan
6.4576103458e-05,1.3815270439e-04,2.9727005208e+00,nan
5.8479278380e-05,1.3803517629e-04,1.8742445526e+00,nan
6.4537949662e-05,1.4157316086e-04,6.5046372839e+00,nan
6.1736102879e-05,1.0919686241e-04,1.4639561147e+01,nan
-9.3192008462e-05,1.0931860500e-04,2.5329832561e+01,nan
-9.4358287019e-05,1.1142495921e-04,2.3625100421e+01,nan
-9.8594718438e-05,1.0947430704e-04,2.5712848495e+01,nan
-1.0129377923e-04,1.0956310702e-04,2.5892780769e+01,nan
-1.1326985924e-04,7.2330279674e-05,6.9982273759e+01,nan
-1.1630252685e-04,7.2407135773e-05,6.9774663954e+01,nan
-1.1932931442e-04,7.2489115890e-05,6.9561699903e+01,nan
-1.2234989421e-04,7.2576275736e-05,6.9342840058e+01,nan
-1.2536390501e-04,7.2668694809e-05,6.9117432981e+01,nan
2.1210311546e-04,8.3854236984e-05,1.1868012836e+01,nan
-1.5235382449e-04,6.7990375111e-05,7.5319352007e+01,nan
2.0017611428e-04,1.2962939985e-04,9.5150695251e+00,nan
-7.9475011486e-05,1.1320877858e-04,2.0322430870e+01,nan
-7.6803162870e-05,1.1318049524e-04,2.0020306370e+01,nan
-7.4132118211e-05,1.1316037711e-04,1.9719036919e+01,nan
-7.2736753144e-05,1.1524448654e-04,1.7583009750e+01,nan
-7.0084429184e-05,1.1523752780e-04,1.7227892316e+01,nan
-6.8793541197e-05,1.1314532919e-04,1.9126982864e+01,nan
-6.6126558149e-05,1.1315086726e-04,1.8840544694e+01,nan
-6.3461481413e-05,1.1316520053e-04,1.8563769656e+01,nan
-6.2138794724e-05,1.1526975138e-04,1.6198594924e+01,nan
-5.9495052146e-05,1.1529893907e-04,1.5876940925e+01,nan
-5.5480400391e-05,1.1326504388e-04,1.7813675787e+01,nan
-5.2825667419e-05,1.1331817832e-04,1.7598317048e+01,nan
-5.1581891528e-05,1.1544599711e-04,1.5020262657e+01,nan
-4.8951134642e-05,1.1551601849e-04,1.4781463895e+01,nan
-4.6324320166e-05,1.1559720952e-04,1.4571020433e+01,nan
-4.4882058503e-05,1.1354248926e-04,1.7084987922e+01,nan
-4.2241919782e-05,1.1364042065e-04,1.6962984384e+01,nan
-4.1083535768e-05,1.1579496496e-04,1.4245380004e+01,nan
-3.8470103898e-05,1.1591256730e-04,1.4133627724e+01,nan
-3.5861720368e-05,1.1604337308e-04,1.4056826773e+01,nan
-3.0660874553e-05,1.1634735141e-04,1.4006384067e+01,nan
-2.8068903791e-05,1.1652202069e-04,1.4027329377e+01,nan
-2.5482921512e-05,1.1671291105e-04,1.4071117287e+01,nan
-2.0329953527e-05,1.1714726337e-04,1.4184764179e+01,nan
-1.7763524198e-05,1.1739293021e-04,1.4224241741e+01,nan
-1.3538772124e-05,1.1569882734e-04,1.6598691549e+01,nan
-1.0967859476e-05,1.1599929204e-04,1.6456030325e+01,nan
-5.8519360668e-06,1.1667213428e-04,1.6075272964e+01,nan
-3.3082089762e-06,1.1704634759e-04,1.5905680601e+01,nan
-2.5394223186e-06,1.1934094852e-04,1.3804219825e+01,nan
-3.7620715677e-08,1.1975272528e-04,1.3893062390e+01,nan
2.4530257557e-06,1.2019115283e-04,1.4059885479e+01,nan
6.7655723681e-06,1.1881657474e-04,1.5673616907e+01,nan
1.1748600156e-05,1.1986668069e-04,1.5412750249e+01,nan
1.4214685865e-05,1.2047752635e-04,1.5117641397e+01,nan
1.4735811670e-05,1.2284920381e-04,1.4354971082e+01,nan
1.7151998163e-05,1.2350204798e-04,1.4140192335e+01,nan
2.1550890849e-05,1.2254721409e-04,1.3443043155e+01,nan
2.3968666771e-05,1.2334448162e-04,1.2537829219e+01,nan
-2.4480683333e-05,1.1893309173e-04,1.1492094531e+01,nan
2.8984246038e-05,1.2758521833e-04,9.7849177022e+00,nan
3.1107359000e-05,1.2617109586e-04,9.0468874400e+00,nan
-1.4308058657e-05,1.1991748094e-04,1.1993753705e+01,nan
3.5764539522e-05,1.3105357689e-04,5.3214287500e+00,nan
3.7942405377e-05,1.2990019724e-04,1.6756894122e+01,nan
5.8667873819e-05,1.0802627334e-04,1.5456503688e+01,nan
5.6162550252e-05,1.0974965114e-04,1.4861112123e+01,nan
5.3193053762e-05,1.0860249885e-04,1.5686451938e+01,nan
-1.6036142493e-04,3.0871855201e-05,1.5161826397e+02,nan
-1.6387206799e-04,3.0911561712e-05,1.5164456744e+02,nan
1.8706950825e-04,8.7342995188e-05,1.2991649515e+01,nan
3.0820602064e-04,4.0286702561e-05,1.6927219923e+01,nan
1.5070854036e-04,9.9730565370e-05,1.2117287605e+01,nan
3.6941613349e-05,8.6833424893e-05,3.1785501190e+01,nan
3.8343949532e-05,8.2652741838e-05,3.4952318441e+01,nan
3.5380428981e-05,8.2033775544e-05,3.6160740448e+01,nan
4.1329325113e-05,8.3299660573e-05,3.3760121959e+01,nan
-8.7335939337e-05,9.4974167262e-05,4.0097163372e+01,nan
-8.4505596456e-05,9.4930049991e-05,4.0113613770e+01,nan
-1.1438887974e-04,9.3730060897e-05,4.2051023409e+01,nan
-1.1157005856e-04,9.3624222095e-05,4.2113105037e+01,nan
-2.3114269995e-04,3.0768740802e-05,1.5306609206e+02,nan
-2.3436879672e-04,3.0923410734e-05,1.5220799733e+02,nan
1.0865867104e-04,1.3058602868e-04,1.0657386987e+01,nan
1.3529948172e-04,1.3333732784e-04,1.1512662369e+01,nan
1.3835622912e-04,1.3115761471e-04,1.1078890035e+01,nan
1.3491771826e-04,1.2997776980e-04,1.1200072012e+01,nan
8.2512548564e-05,1.2695459310e-04,6.2542255873e+00,nan
-2.1631861668e-04,3.5535910566e-05,1.3992048322e+02,nan
5.2664876702e-05,1.0580480389e-04,1.7146088456e+01,nan
4.9724796101e-05,1.0475606041e-04,1.8020657468e+01,nan
2.7545666636e-04,1.7539348801e-05,4.2855626196e+01,nan
-1.2837098490e-04,7.2766464880e-05,6.8884741660e+01,nan
2.0949038104e-04,6.9853217818e-05,1.7089540742e+01,nan
-2.3127054501e-04,5.6289479624e-05,8.7022529923e+01,nan
2.9265062173e-04,8.5057286858e-05,1.4179154420e+01,nan
-2.8194574648e-04,1.3468611542e-05,2.1028875669e+02,nan
-2.8550228377e-04,9.9924206489e-06,2.3134261994e+02,nan
-2.8208263092e-04,9.8413973241e-06,2.3410649123e+02,nan
-2.8901713480e-04,8.3469716085e-06,2.4246269630e+02,nan
-2.9247974703e-04,8.4991580133e-06,2.4170498062e+02,nan
4.4527644895e-05,1.0542609760e-04,1.8291917496e+01,nan
2.8725475228e-04,1.7996380793e-05,4.0090119979e+01,nan
-2.1218798147e-04,7.2828275556e-05,6.1925919274e+01,nan
1.2195073084e-04,1.3199461926e-04,1.1613241396e+01,nan
3.6278056178e-04,1.5675949969e-05,2.6132211495e+01,nan
3.5887279385e-04,1.5514511102e-05,2.5144620867e+01,nan
-3.8100087011e-05,1.1172205711e-04,1.9506748228e+01,nan
-1.3330245334e-04,7.1038221851e-05,7.1321132096e+01,nan
1.0223084972e-06,1.1557851293e-04,1.7857623590e+01,nan
3.0410826019e-04,3.9730484677e-05,1.6534877847e+01,nan
3.0487083829e-04,4.3400056255e-05,1.6460551182e+01,nan
3.0077858860e-04,4.2814208501e-05,1.6081105518e+01,nan
3.0844841792e-05,1.2371721829e-04,1.1774773297e+01,nan
3.7840875382e-05,1.2731339354e-04,1.9259149269e+01,nan
4.2360335320e-05,1.3024779511e-04,1.0976230194e+01,nan
4.4732293600e-05,1.3188104908e-04,8.7797811767e+00,nan
4.4524499928e-05,1.3480778856e-04,8.4612808803e+00,nan
-2.1364143936e-04,5.0422367436e-05,1.0291383789e+02,nan
3.2651093459e-04,1.3811144573e-05,1.9486000946e+01,nan
3.3066771899e-04,1.4096382242e-05,2.0176839730e+01,nan
1.3354564914e-04,9.7790887633e-05,1.3394750606e+01,nan
-2.0162654776e-04,4.9625018002e-05,1.0603709084e+02,nan
-2.1240258610e-04,1.6795076369e-05,1.9769874274e+02,nan
-2.6427648354e-04,9.3761179955e-06,2.3846128829e+02,nan
-2.6793213525e-04,9.4414233738e-06,2.3868176591e+02,nan
2.9395451058e-04,1.2206910694e-05,4.1094261752e+01,nan
2.8998999094e-04,1.2107711513e-05,4.2633579674e+01,nan
3.2354987753e-04,9.1573650676e-05,1.5468324068e+01,nan
3.2687270756e-04,8.8421856854e-05,1.5815745428e+01,nan
2.7018956747e-04,1.1555594440e-05,4.4563130479e+01,nan
2.6615704046e-04,1.1397160417e-05,4.4564237153e+01,nan
3.4040358453e-05,1.0429129885e-04,2.0649352212e+01,nan
2.7968464078e-05,1.0023381948e-04,2.4301075836e+01,nan
2.3329462665e-05,1.0115970964e-04,2.5150008696e+01,nan
2.0676313115e-05,1.0047179458e-04,2.6626955659e+01,nan
1.9915362118e-05,9.8154886130e-05,2.7838298741e+01,nan
1.7229359203e-05,9.7537462358e-05,2.9833157411e+01,nan
1.4526041171e-05,9.6960996147e-05,3.1637026941e+01,nan
9.9103173645e-06,9.8147156544e-05,3.2986158097e+01,nan
7.1853414925e-06,9.7661810355e-05,3.4327690234e+01,nan
4.4489352465e-06,9.7210431679e-05,3.5550860788e+01,nan
3.5732037351e-06,9.5021892611e-05,3.7693651334e+01,nan
8.0502316606e-07,9.4618927029e-05,3.8878635931e+01,nan
-4.7615879542e-06,9.3898634177e-05,4.0880439147e+01,nan
-7.5586165467e-06,9.3578120966e-05,4.1710672902e+01,nan
-1.0363920941e-05,9.3282043498e-05,4.2436650760e+01,nan
-1.4967934011e-05,9.4850505762e-05,4.1112509805e+01,nan
-1.7772117332e-05,9.4609266596e-05,4.1546432484e+01,nan
-2.0582310171e-05,9.4388094936e-05,4.1909037909e+01,nan
-2.3398028247e-05,9.4185868397e-05,4.2207057233e+01,nan
-2.9044344397e-05,9.3834094247e-05,4.2636452794e+01,nan
-3.1874104845e-05,9.3682618220e-05,4.2780992721e+01,nan
-3.4707748755e-05,9.3546225517e-05,4.2887047256e+01,nan
-3.7544911987e-05,9.3424099965e-05,4.2960335820e+01,nan
-3.8752007212e-05,9.1401183071e-05,4.5552957371e+01,nan
-4.1614140761e-05,9.1299171450e-05,4.5600760751e+01,nan
-4.6074096515e-05,9.3135915040e-05,4.3033518719e+01,nan
-4.8921978292e-05,9.3063710700e-05,4.3023151964e+01,nan
-5.3086136277e-05,9.1009017840e-05,4.5584910416e+01,nan
-5.5958395469e-05,9.0963092636e-05,4.5547090278e+01,nan
-5.8831745798e-05,9.0926835751e-05,4.5501298630e+01,nan
-6.1705889478e-05,9.0899791789e-05,4.5449669627e+01,nan
-6.3183927027e-05,9.2856980767e-05,4.2848327177e+01,nan
-6.6038799997e-05,9.2843390152e-05,4.2802960901e+01,nan
-6.7455391100e-05,9.0871869398e-05,4.5335460195e+01,nan
-7.0330171351e-05,9.0870311108e-05,4.5275425195e+01,nan
-7.3204586949e-05,9.0876604454e-05,4.5214690934e+01,nan
-7.6078372878e-05,9.0890167476e-05,4.5154289300e+01,nan
4.5067626277e-05,1.0809643689e-04,1.6808225845e+01,nan
6.5826331420e-05,1.1652903468e-04,1.1179593663e+01,nan
1.9028376784e-04,6.5782029426e-05,2.2472797106e+01,nan
-2.2467426499e-04,1.2143935038e-05,2.1608545758e+02,nan
1.9219446413e-04,5.7152746150e-05,2.7524260986e+01,nan
1.3814518778e-04,8.6877316855e-05,1.6244433643e+01,nan
-2.7152804590e-04,9.5218041133e-06,2.3840939872e+02,nan
-1.2948499362e-04,5.4391315381e-05,9.9766882073e+01,nan
-1.2625454924e-04,5.4329401311e-05,9.9993745875e+01,nan
-1.7933373764e-04,2.7798587917e-05,1.6069880089e+02,nan
-1.8986926599e-04,2.7942044831e-05,1.6099629441e+02,nan
-1.9335980754e-04,2.7996412470e-05,1.6107092757e+02,nan
-2.1335801167e-04,2.6694085119e-05,1.6616149368e+02,nan
-2.3365142554e-04,2.7297624717e-05,1.6425347103e+02,nan
-2.3031068248e-04,2.7173006846e-05,1.6484864349e+02,nan
3.5607889935e-04,5.4787612601e-05,2.1403082501e+01,nan
3.5933875707e-04,5.1334336248e-05,2.2288132744e+01,nan
-2.4703450087e-04,7.5298319796e-05,4.8189848463e+01,nan
-2.6902509493e-04,4.3133562942e-05,1.0263040388e+02,nan
-3.1205830508e-04,1.9968323676e-05,1.3255444042e+02,nan
-2.4796158313e-04,6.0570343100e-06,2.4590623698e+02,nan
-3.1499783203e-04,2.0724984716e-05,1.2560461845e+02,nan
-3.3871333941e-04,3.4615748789e-05,7.2790586746e+01,nan
1.0122285397e-05,1.2409644335e-04,1.4244701613e+01,nan
2.7869636829e-04,1.2304819243e-04,1.3274014492e+01,nan
2.8212070921e-04,1.2013016756e-04,1.3347166356e+01,nan
-1.8185743384e-04,9.6708422790e-05,3.7537788472e+01,nan
-3.4436436521e-04,3.2354483383e-05,7.7655494856e+01,nan
-6.6085878077e-05,1.1734709310e-04,1.4662833246e+01,nan
2.0506815944e-04,1.4608238803e-04,1.0810191273e+01,nan
-8.0701229764e-05,1.1531568215e-04,1.8649769168e+01,nan
1.7669254561e-04,1.4861152914e-04,1.1070676297e+01,nan
2.9956660668e-04,1.0925972560e-04,1.3922540233e+01,nan
1.8688367107e-04,1.4593127785e-04,1.0428635776e+01,nan
3.6872847930e-04,3.6458254567e-05,2.6515732421e+01,nan
3.1354046390e-04,1.0090460310e-04,1.4593745510e+01,nan
3.1019024308e-04,1.0397510396e-04,1.4353567831e+01,nan
-1.8446815247e-04,9.7040368175e-05,3.6945181090e+01,nan
2.4611644593e-04,1.3696339957e-04,1.2953014431e+01,nan
5.8327459145e-05,1.4148339623e-04,3.3364151002e+00,nan
8.7235047628e-05,1.4851103663e-04,1.3428755550e+01,nan
8.3887252718e-05,1.4716969545e-04,1.2920851505e+01,nan
-3.1432279989e-04,4.4751121269e-05,6.9739716050e+01,nan
-3.1778213109e-04,4.3763775696e-05,6.9384874805e+01,nan
-2.5870994170e-04,7.1629103666e-05,4.9264876509e+01,nan
3.1824563061e-04,1.3204974667e-05,2.3769052002e+01,nan
3.1414688852e-04,1.2961962578e-05,2.7174355186e+01,nan
-1.2982742935e-04,1.0886892084e-04,2.8536912400e+01,nan
3.4291894066e-04,1.4844919704e-05,2.2063704685e+01,nan
3.4695404243e-04,1.5022249170e-05,2.2808970587e+01,nan
2.7818123298e-04,1.1806447103e-05,4.4184848699e+01,nan
-9.8176573013e-05,1.1362599139e-04,2.2309400583e+01,nan
-1.1311721248e-04,1.1212922636e-04,2.4983711952e+01,nan
1.8702809947e-04,1.4950073918e-04,1.0761748516e+01,nan
-2.3111327941e-04,5.4161273998e-05,9.1517703165e+01,nan
-2.2832531042e-04,5.3827438970e-05,9.2876673662e+01,nan
-2.4993832471e-04,2.8111208381e-05,1.5864868733e+02,nan
-2.4675058467e-04,2.7919730024e-05,1.6018535414e+02,nan
-5.5847051061e-05,5.5680437904e-05,9.9409875011e+01,nan
1.1168669650e-04,1.2844502958e-04,1.0663755844e+01,nan
1.0827350461e-04,1.2724257629e-04,1.0218295355e+01,nan
8.2101960194e-05,1.2358296870e-04,7.1711826964e+00,nan
2.8071030931e-04,1.0851589433e-04,1.3302597784e+01,nan
5.6640775327e-05,1.1264787775e-04,1.3478920318e+01,nan
5.5401648525e-05,1.3957987018e-04,1.0472431600e+00,nan
1.3743532098e-04,8.3675367388e-05,1.7467918999e+01,nan
1.3373721260e-04,8.2717015916e-05,1.8486865355e+01,nan
2.6674081899e-04,9.0442388218e-05,1.2113767460e+01,nan
2.6337070058e-04,9.3310031718e-05,1.1870520005e+01,nan
-3.1547117933e-04,3.7827277489e-05,7.5892123573e+01,nan
2.2730077942e-04,1.3886728087e-04,1.1865150436e+01,nan
-3.0618009426e-04,3.9025095925e-05,7.9748914141e+01,nan
1.8614406313e-04,1.0390148749e-04,1.0117518297e+01,nan
1.8293134941e-04,1.0631233466e-04,1.0007053886e+01,nan
2.2463483169e-04,9.0653582290e-05,9.9822812597e+00,nan
2.2395800255e-04,8.6948288041e-05,1.0467674810e+01,nan
-8.4717427193e-05,9.0974640118e-05,4.4974989671e+01,nan
2.6395029247e-04,9.7116256632e-05,1.1981304423e+01,nan
-1.3631094220e-04,7.1146384108e-05,7.1060864881e+01,nan
-2.5835309242e-04,4.3238696984e-05,1.0826010498e+02,nan
2.3333269148e-04,9.6579005622e-05,9.8587379475e+00,nan
2.3732958209e-04,9.7655215694e-05,1.0032507238e+01,nan
3.6548296992e-04,4.0076668241e-05,2.5226291406e+01,nan
2.2530459242e-04,9.4384780047e-05,9.7593281378e+00,nan
-2.4900280441e-05,1.1251942830e-04,1.9393327270e+01,nan
-3.0165165717e-05,1.1215415024e-04,1.9417464413e+01,nan
-1.9109030077e-04,9.3600028932e-05,3.9506443357e+01,nan
3.2837092372e-04,4.2890679449e-05,1.9276453863e+01,nan
3.3232723116e-04,4.3387868861e-05,1.9806368184e+01,nan
2.9002211143e-04,4.8253281465e-05,1.4867767562e+01,nan
2.8590675130e-04,4.7579134124e-05,1.4599308031e+01,nan
2.8258847614e-04,5.0542056475e-05,1.4201925686e+01,nan
2.8177513075e-04,4.6889254365e-05,1.4125284626e+01,nan
2.7846356055e-04,4.9825069707e-05,1.3769943742e+01,nan
2.7762886782e-04,4.6184179547e-05,1.4620848187e+01,nan
-4.8740020893e-05,1.1133164020e-04,1.9862728553e+01,nan
-2.4454599538e-04,6.7566162025e-05,6.1748738743e+01,nan
2.5263273944e-04,9.8003152845e-05,1.1084842690e+01,nan
2.7682880286e-04,8.1729829304e-05,1.2932829251e+01,nan
2.5744893385e-04,8.1055551176e-05,1.1380918213e+01,nan
2.6147071397e-04,8.1975914469e-05,1.1672983761e+01,nan
-5.9434002650e-05,1.1112110876e-04,2.0518513772e+01,nan
2.9864209876e-04,1.0136030470e-04,1.4167449384e+01,nan
-2.2452558024e-04,4.5407154037e-05,1.1292796760e+02,nan
1.0352087068e-04,1.1604216891e-04,9.9286484030e+00,nan
7.6663504270e-05,1.0920006647e-04,1.3502866514e+01,nan
7.7242245493e-05,1.1235325046e-04,1.2177709519e+01,nan
5.5527465219e-05,1.3610833687e-04,5.9444152914e+00,nan
-2.4451537200e-04,4.3357804888e-05,1.1341342653e+02,nan
8.0568874224e-05,1.4579396197e-04,1.2194146857e+01,nan
-1.2301744657e-04,5.4271201851e-05,1.0021519976e+02,nan
9.0259181676e-05,1.1432500845e-04,1.0514763882e+01,nan
8.7400502863e-05,1.1631637663e-04,9.9267892388e+00,nan
-1.0829457773e-04,1.0775245460e-04,2.8025812179e+01,nan
-1.2447086038e-04,1.0854385343e-04,2.8504741440e+01,nan
2.0489314895e-04,4.7633602575e-05,3.1323573469e+01,nan
2.1270338251e-04,4.8857354494e-05,3.1112564740e+01,nan
2.8020754970e-04,1.0465849528e-04,1.3256549382e+01,nan
-2.5302426788e-04,3.8225994817e-05,1.2452353750e+02,nan
-1.8652074410e-04,3.4638186890e-05,1.4268067357e+02,nan
3.2955624649e-04,5.0518557125e-05,1.9007068547e+01,nan
-1.4431958312e-04,4.2425429369e-05,1.2391924672e+02,nan
-1.6170988430e-04,7.6265524421e-05,6.2671981138e+01,nan
1.6473079768e-04,8.1542593486e-05,1.7034093854e+01,nan
-1.5122406501e-04,7.1775637196e-05,6.9581094971e+01,nan
1.5197702536e-04,8.7534634507e-05,1.5570976535e+01,nan
3.1409399358e-04,3.0336738980e-05,1.7946775430e+01,nan
2.3719411539e-04,7.6246223646e-05,1.1127301751e+01,nan
1.8310034974e-04,1.4091297146e-04,1.0228895543e+01,nan
-3.0282019899e-04,9.0697900603e-06,2.2932072824e+02,nan
-3.0624180362e-04,9.3117941494e-06,2.2154841706e+02,nan
-1.9240182844e-04,4.9138536045e-05,1.0782267933e+02,nan
3.0153582986e-04,4.6490030464e-05,1.6008312876e+01,nan
-1.6737450022e-04,3.0953728984e-05,1.5167061789e+02,nan
-3.1090812449e-04,2.2506602138e-05,1.2308752306e+02,nan
-2.2131115555e-04,3.0376600251e-05,1.5488427339e+02,nan
2.0047589431e-04,6.1689591662e-05,2.3794957640e+01,nan
-2.7630932616e-04,4.5102279007e-05,9.3103096917e+01,nan
2.7432312399e-04,4.9090609583e-05,1.4023261241e+01,nan
2.7351172393e-04,4.5503535596e-05,1.6223338036e+01,nan
2.7515152304e-04,5.2741495203e-05,1.3397481580e+01,nan
3.0082884079e-04,2.5325523263e-05,2.0789506399e+01,nan
-1.9844643341e-04,3.1473543668e-05,1.5149932122e+02,nan
-3.4545409115e-04,1.1593903460e-05,1.3460825151e+02,nan
-3.4907072399e-04,1.2137161916e-05,1.2595927504e+02,nan
-3.4182285096e-04,1.1043502757e-05,1.3370663272e+02,nan
1.3795854809e-04,1.2779349757e-04,1.0736024258e+01,nan
1.2499999080e-04,1.2981890840e-04,1.1438744997e+01,nan
9.8481990918e-05,1.2688664899e-04,8.8768055291e+00,nan
1.4769591978e-04,1.0201053488e-04,1.1760483361e+01,nan
1.4415028320e-04,1.0094235218e-04,1.2118583136e+01,nan
2.4865935812e-04,9.6997830018e-05,1.0761016859e+01,nan
-2.1763773516e-04,5.6759117504e-05,8.8947799215e+01,nan
-2.5816418830e-04,4.5399105641e-05,1.0282548047e+02,nan
-2.8349221224e-04,2.3715013723e-05,1.4943431347e+02,nan
-2.8065586712e-04,2.3268673632e-05,1.5626807492e+02,nan
2.9502809464e-04,3.4948665903e-05,1.6160143460e+01,nan
1.0315457363e-04,9.7677581488e-05,1.6258624006e+01,nan
-2.2019908397e-04,2.6861520035e-05,1.6590300425e+02,nan
3.0415491756e-04,2.2262839778e-05,2.2146175904e+01,nan
-1.7909008022e-04,1.6576517895e-05,1.9253412652e+02,nan
-1.7535800855e-04,1.6559797587e-05,1.9205013872e+02,nan
-1.8552873585e-04,4.6990386783e-05,1.1291002387e+02,nan
-1.8234839322e-04,4.6874972397e-05,1.1330111876e+02,nan
3.5560774158e-04,1.9167232627e-05,2.4799385244e+01,nan
1.0402747348e-04,1.1935838623e-04,9.5552013937e+00,nan
1.8648053403e-04,6.5006899947e-05,2.3358948625e+01,nan
1.6537326207e-04,1.3418170459e-04,1.0412839074e+01,nan
1.6855882142e-04,1.3200123474e-04,1.0188740157e+01,nan
1.3452247602e-04,1.2661827155e-04,1.0917856951e+01,nan
1.9536007680e-04,5.4783569506e-05,2.8536351817e+01,nan
1.3880780925e-04,9.0101511890e-05,1.5225809710e+01,nan
-1.7580312691e-04,2.7756649812e-05,1.6058661317e+02,nan
-2.9330728492e-04,3.8473954296e-05,9.0470787272e+01,nan
-2.9035989030e-04,3.9876353678e-05,9.0998133921e+01,nan
-2.6588605727e-04,4.7032872164e-05,9.4956046627e+01,nan
-1.6345060532e-04,5.3492302659e-05,1.0032618684e+02,nan
-1.6213010504e-04,5.7119817117e-05,9.3469525313e+01,nan
2.2759973549e-04,1.4270265017e-04,1.2578288595e+01,nan
-2.4725978576e-04,5.0098121341e-05,9.5871560736e+01,nan
2.5354925927e-04,1.3527537143e-04,1.3074777525e+01,nan
2.5705006654e-04,1.3248274792e-04,1.3010740686e+01,nan
-3.2062658744e-04,1.6222611121e-05,1.3923176567e+02,nan
-3.2187525016e-04,1.3649790568e-05,1.5244429979e+02,nan
-3.1958362681e-04,4.5552803736e-05,6.6717085956e+01,nan
-3.2155450270e-04,4.2707714976e-05,6.8323605152e+01,nan
1.1054412549e-04,1.5063273429e-04,1.3448441458e+01,nan
1.0712716353e-04,1.4942586259e-04,1.3437472472e+01,nan
-3.3584260797e-04,3.8378903621e-05,6.9199628548e+01,nan
1.1396621239e-04,1.5183126612e-04,1.3380405496e+01,nan
2.2397958121e-04,1.4529469253e-04,1.2762375862e+01,nan
-1.4402427194e-04,1.0567589329e-04,3.1413148047e+01,nan
2.7526074745e-04,1.2594796571e-04,1.3225053985e+01,nan
3.2733157209e-04,9.2418289429e-05,1.5465784697e+01,nan
3.3073472154e-04,8.9363706345e-05,1.5809051662e+01,nan
2.0140933791e-04,1.4834918156e-04,1.0618501053e+01,nan
-2.9241143204e-04,5.7593121936e-05,5.8269320435e+01,nan
5.5108267960e-05,1.4302178649e-04,4.5580967777e+00,nan
-1.5646597149e-04,1.0467730151e-04,3.2127739846e+01,nan
-1.5381364394e-04,1.0444265738e-04,3.2370475124e+01,nan
5.8060982165e-05,1.4488141499e-04,9.2101031191e+00,nan
-3.1156646793e-04,4.9708898406e-05,6.4741280108e+01,nan
8.0677416839e-05,1.4912355761e-04,1.3719052344e+01,nan
7.7284669122e-05,1.4437795665e-04,1.1190179339e+01,nan
7.4077766783e-05,1.4626908868e-04,1.2106683412e+01,nan
3.2988484857e-04,1.0432833262e-05,1.9896102250e+01,nan
3.2401262765e-04,9.5557963034e-05,1.5144446339e+01,nan
-1.3516271633e-04,1.0922630419e-04,2.8491848480e+01,nan
3.6905404561e-04,4.0734182338e-05,2.5536218610e+01,nan
3.1352750337e-05,1.3108686006e-04,1.1225928383e+01,nan
3.3399169687e-04,1.0692708457e-05,2.0290078416e+01,nan
3.5971216305e-04,5.5519802837e-05,2.1517299394e+01,nan
3.5646556324e-04,5.8942309935e-05,2.0701808302e+01,nan
3.6294692245e-04,5.2063103355e-05,2.2412715218e+01,nan
3.7226696604e-04,3.7114046404e-05,2.6881466721e+01,nan
-2.9270961339e-04,4.9343971608e-06,2.7030617479e+02,nan
-1.6516212950e-04,2.7646616918e-05,1.6024590283e+02,nan
-1.5445517565e-04,2.7550172261e-05,1.5995486310e+02,nan
3.6209986513e-04,1.1810344386e-05,2.5128597367e+01,nan
3.5814237047e-04,1.1737031133e-05,2.4308788516e+01,nan
3.6601721317e-04,1.1928970871e-05,2.6183673785e+01,nan
1.1776908361e-04,1.2414206515e-04,1.0741598242e+01,nan
1.1128153561e-04,1.2510108219e-04,1.0333666786e+01,nan
1.4039530976e-04,8.1457066010e-05,1.8173476394e+01,nan
3.4621895037e-04,1.1245151476e-05,2.2396109171e+01,nan
9.1319664334e-05,1.2097366484e-04,8.1883344991e+00,nan
4.2792543434e-05,1.0972343106e-04,1.6268286229e+01,nan
3.1749324933e-04,9.8039547265e-06,2.9458011379e+01,nan
3.1345560049e-04,9.5872231369e-06,3.2988128912e+01,nan
3.1007418498e-04,1.2741584840e-05,3.0456205427e+01,nan
3.0940933140e-04,9.4537464215e-06,3.6014936834e+01,nan
2.9316210605e-05,1.0507663917e-04,2.1481462109e+01,nan
2.9333579368e-04,9.1968021759e-06,4.2789371567e+01,nan
2.8933752386e-04,9.1928671052e-06,4.3627020693e+01,nan
2.9731370827e-04,9.2737178944e-06,4.1464924439e+01,nan
4.2784228229e-05,7.9085387628e-05,3.7114182645e+01,nan
-7.5981204405e-05,9.4840967912e-05,4.0172176826e+01,nan
5.2271095381e-05,1.4102180394e-04,5.9182968307e-01,nan
2.6957568015e-04,8.6292760255e-06,4.5578874491e+01,nan
2.6561933645e-04,8.4375311153e-06,4.5449918606e+01,nan
2.7680895284e-04,1.0758930938e-04,1.3090653724e+01,nan
4.7315243741e-05,1.3062644828e-04,8.1260267531e+00,nan
2.3119023895e-04,1.4007629950e-04,1.2436450112e+01,nan
2.3086116761e-04,1.3623932442e-04,1.1821867606e+01,nan
-1.2946392824e-04,7.4709647313e-05,6.6016702933e+01,nan
-3.6636780991e-04,1.1036383523e-05,1.0361459993e+02,nan
2.2130436008e-04,9.3284971974e-05,9.9355831448e+00,nan
2.1202175658e-04,4.5839729260e-05,3.1991365932e+01,nan
1.8990095207e-04,1.0506465377e-04,9.9057079665e+00,nan
3.0497360661e-04,2.5768350057e-05,1.8264335734e+01,nan
1.8343333648e-04,1.0988934481e-04,9.7553423017e+00,nan
-1.3222477636e-04,6.9113633398e-05,7.4309390481e+01,nan
-2.6643317309e-04,6.1769752850e-05,6.3290940273e+01,nan
-2.7190375735e-04,4.1504817635e-05,1.0480459937e+02,nan
-1.2178533685e-04,1.0839310471e-04,2.8462342129e+01,nan
2.4881504818e-04,1.2652879195e-04,1.2204044869e+01,nan
3.0873928820e-04,9.2198214410e-05,1.4933140264e+01,nan
-2.3715918240e-04,6.8235793159e-05,6.3036069275e+01,nan
-2.2749576288e-04,4.5648906343e-05,1.1180205020e+02,nan
-3.0806170290e-04,2.1734914138e-05,1.2959365823e+02,nan
-1.4978443767e-04,8.7512386000e-05,4.8984262588e+01,nan
2.8018603457e-04,7.8788589211e-05,1.3236735811e+01,nan
2.8416530949e-04,7.9612188357e-05,1.3566251844e+01,nan
2.8354117622e-04,7.5828540136e-05,1.3556598168e+01,nan
2.8752358832e-04,7.6629537172e-05,1.3887856401e+01,nan
3.2620758767e-04,5.3786979077e-05,1.8406732390e+01,nan
1.0697734348e-04,1.1725071989e-04,9.9993862144e+00,nan
-3.2353126774e-04,3.5010899692e-05,7.5523289511e+01,nan
2.7255864435e-05,9.7836054371e-05,2.5901328477e+01,nan
8.0003141291e-05,1.1044953879e-04,1.2779177611e+01,nan
8.0588230964e-05,1.1365538690e-04,1.1475816398e+01,nan
7.7795326390e-05,1.1556374591e-04,1.0877718327e+01,nan
-2.6232791649e-04,2.3345049219e-05,1.7241122136e+02,nan
-2.5921151664e-04,2.6912722124e-05,1.5955192507e+02,nan
-2.0982956888e-04,4.6307987378e-05,1.1274560780e+02,nan
-1.5846165689e-04,4.9731535854e-05,1.0803457962e+02,nan
3.3020423947e-04,8.5265691152e-05,1.6193097953e+01,nan
3.3405613409e-04,8.6202336098e-05,1.6188281823e+01,nan
-2.8266120005e-04,3.9683706362e-05,1.0000526225e+02,nan
-1.1806401492e-04,1.0612132421e-04,3.0086138107e+01,nan
-1.3592448695e-04,5.4526596571e-05,9.9295088895e+01,nan
-1.3913265285e-04,5.4600186710e-05,9.9048804713e+01,nan
-1.3705470019e-04,5.6348587319e-05,9.5843929364e+01,nan
7.4039472083e-05,1.4291473894e-04,9.8418635244e+00,nan
7.0843367149e-05,1.4476872040e-04,1.0763418608e+01,nan
7.0821530148e-05,1.4810798777e-04,1.3295966443e+01,nan
6.7593005941e-05,1.4656624722e-04,1.2003702318e+01,nan
-1.8586167518e-04,9.2912957327e-05,4.0855893665e+01,nan
-2.5585510153e-04,3.8591171323e-05,1.2221751857e+02,nan
2.0109418678e-04,8.4389782973e-05,1.2652633012e+01,nan
-6.0710451712e-05,5.3890954996e-05,1.0271385324e+02,nan
9.6930240395e-05,1.4572373625e-04,1.2794800760e+01,nan
9.7169966211e-05,1.4905485521e-04,1.3500623205e+01,nan
9.4002389421e-05,1.5111055821e-04,1.3962783431e+01,nan
-2.2967704664e-04,6.9045885248e-05,6.3843644601e+01,nan
1.7104268047e-04,1.2275471770e-04,9.8046681954e+00,nan
1.9752004774e-04,1.4309605711e-04,1.0043311459e+01,nan
1.2702290389e-04,9.8925558572e-05,1.3469065602e+01,nan
-1.6814947407e-04,1.0154638521e-04,3.4255472444e+01,nan
-1.7077724775e-04,1.0183510082e-04,3.3843192703e+01,nan
-2.2709329817e-04,6.8597981570e-05,6.5268893136e+01,nan
-2.0951634425e-04,7.2469496785e-05,6.2975283338e+01,nan
-2.0990942859e-04,7.4654957819e-05,5.9652894760e+01,nan
-1.9195335992e-04,7.6713146217e-05,5.9521363528e+01,nan
-2.4299354700e-04,2.4113547665e-05,1.7473110641e+02,nan
-2.3965206142e-04,2.3984669109e-05,1.7549428211e+02,nan
1.3325538544e-04,1.1655793019e-04,1.0652359244e+01,nan
-1.3281853014e-04,8.6553193878e-05,5.0376114984e+01,nan
-2.7520715181e-04,3.7675691125e-05,1.1216545719e+02,nan
3.0944810441e-04,6.9714853404e-05,1.5949586063e+01,nan
8.6807373693e-05,1.1301759136e-04,1.1397643132e+01,nan
1.4319228811e-04,1.4580687513e-04,1.2092894165e+01,nan
1.4008670647e-04,1.4796190831e-04,1.2270941150e+01,nan
1.4350370017e-04,1.4917001072e-04,1.2123395593e+01,nan
1.3698102694e-04,1.5012086937e-04,1.2379259580e+01,nan
1.4380485221e-04,1.5253604597e-04,1.1989338422e+01,nan
-1.3931185995e-04,7.1260136080e-05,7.0790297704e+01,nan
3.4174558030e-04,2.9466149970e-05,2.2001107682e+01,nan
3.4236311176e-04,3.3265752851e-05,2.1970429604e+01,nan
3.3902088278e-04,3.6678648832e-05,2.1214773667e+01,nan
2.5746798864e-04,2.5167372928e-05,4.0046169023e+01,nan
-2.1714680799e-04,7.1386604135e-05,6.3120390249e+01,nan
3.0537957142e-04,9.5271964696e-05,1.4653625346e+01,nan
2.2986724631e-04,7.7963095065e-05,1.1564372385e+01,nan
-2.0038201261e-04,9.0595671930e-05,4.1251030064e+01,nan
-2.0295014256e-04,9.0998442647e-05,4.0369279892e+01,nan
-1.7744518217e-04,6.5463279815e-05,7.7960535941e+01,nan
-1.7815413235e-04,6.7466574441e-05,7.4653811299e+01,nan
-1.8105584656e-04,6.7665966058e-05,7.4099586701e+01,nan
2.5602809962e-04,7.3583855161e-05,1.1431151834e+01,nan
-1.9960936966e-04,7.5470857772e-05,6.0217244624e+01,nan
1.5764929310e-04,1.2478215080e-04,1.0167466030e+01,nan
1.5805010650e-04,1.2822384793e-04,1.0288883908e+01,nan
1.5454645006e-04,1.2699956510e-04,1.0305408426e+01,nan
1.5493938970e-04,1.3042263431e-04,1.0463121616e+01,nan
-2.4203351958e-04,6.4704925458e-05,6.7674449850e+01,nan
-1.4229119002e-04,8.3063746135e-05,5.4486265138e+01,nan
-1.4295834945e-04,3.5649997622e-05,1.3949017736e+02,nan
-1.5300292159e-04,1.0221458648e-04,3.4237842255e+01,nan
-1.6690175271e-04,8.2655163798e-05,5.4032807273e+01,nan
1.4691700152e-04,1.5039037412e-04,1.1975299278e+01,nan
-1.4669016229e-04,1.0588831397e-04,3.1261976965e+01,nan
-1.6129868094e-04,6.8419763008e-05,7.4225160798e+01,nan
1.9144636415e-04,9.1882427995e-05,1.1608800153e+01,nan
1.9465485227e-04,8.9401919724e-05,1.1926437146e+01,nan
1.9525025750e-04,9.2952670706e-05,1.1188501664e+01,nan
-1.4528872666e-04,7.1505045642e-05,7.0213945490e+01,nan
1.8646540490e-04,8.3898276646e-05,1.4095283935e+01,nan
2.0351579099e-04,9.8776109072e-05,1.0052666580e+01,nan
2.4446918789e-04,1.2160702685e-04,1.1497353976e+01,nan
1.0031731757e-04,1.4697477244e-04,1.3117336076e+01,nan
1.0057352877e-04,1.5030271026e-04,1.3672933461e+01,nan
1.3649592714e-04,9.5574546919e-05,1.3803795261e+01,nan
2.6554669765e-04,1.0859235165e-04,1.2402771959e+01,nan
-2.6546252369e-04,2.3588506533e-05,1.6960923075e+02,nan
-2.6854594135e-04,2.3862151188e-05,1.6632087340e+02,nan
1.9601069565e-04,1.2458239787e-04,9.3604068955e+00,nan
-6.4007195899e-05,5.3870794725e-05,1.0275248810e+02,nan
-6.7304093667e-05,5.3856128556e-05,1.0275694323e+02,nan
-6.4060122283e-05,5.7375712568e-05,9.6397648057e+01,nan
-7.0600728667e-05,5.3846713767e-05,1.0273106069e+02,nan
2.1463563008e-04,9.8488917642e-05,9.7597242696e+00,nan
-2.1977722003e-04,7.1784875086e-05,6.1915793766e+01,nan
-1.8490129240e-04,8.0141953539e-05,5.5742877746e+01,nan
3.7131003534e-04,2.4283760689e-05,2.9354343029e+01,nan
3.7490618220e-04,2.4733163827e-05,3.0536012067e+01,nan
3.7458682123e-04,2.0472132706e-05,3.0895248151e+01,nan
3.7816319073e-04,2.0894953387e-05,3.2497585466e+01,nan
3.7790349556e-04,1.6579498328e-05,3.2580749729e+01,nan
3.7841363946e-04,2.5281380789e-05,3.1589719475e+01,nan
3.8144053237e-04,1.6993976532e-05,3.4851282508e+01,nan
-2.7157321215e-04,2.4169098714e-05,1.6250393671e+02,nan
3.5896163567e-04,4.7173033166e-05,2.3023519053e+01,nan
2.0819040882e-04,6.3191510864e-05,2.1328080509e+01,nan
1.8333700276e-04,6.7386597007e-05,2.2275699312e+01,nan
-4.9370015257e-05,3.0545559310e-05,1.5094058837e+02,nan
2.5715760247e-04,1.0280472980e-04,1.1573897547e+01,nan
1.7211531408e-04,1.3329661629e-04,1.0143048806e+01,nan
-1.0611849678e-04,5.7568564494e-05,9.4734186490e+01,nan
-1.0150440998e-04,5.5741600223e-05,9.8253826846e+01,nan
-1.0009398816e-04,5.3971337374e-05,1.0160981529e+02,nan
-7.3896702189e-05,5.3842305668e-05,1.0267838609e+02,nan
-7.7191620502e-05,5.3842683725e-05,1.0260214314e+02,nan
-7.3818211786e-05,5.7347939726e-05,9.6274500987e+01,nan
-8.0485107146e-05,5.3847662900e-05,1.0250522091e+02,nan
-1.9422701623e-04,6.4693580583e-05,7.7691625568e+01,nan
2.6441476700e-04,5.7705345157e-05,1.2648195396e+01,nan
-1.9804120987e-04,3.8437602319e-05,1.3283258705e+02,nan
-1.8281472817e-04,1.6594174905e-05,1.9304116156e+02,nan
3.4574769655e-05,7.9675607072e-05,3.8507412373e+01,nan
3.1618869453e-05,7.9115428242e-05,3.9779129724e+01,nan
2.8681669171e-05,7.8580175986e-05,4.1071112111e+01,nan
2.3714114398e-05,7.9828585357e-05,4.1159091890e+01,nan
2.0837581929e-05,7.9342224291e-05,4.2450362210e+01,nan
1.7974530491e-05,7.8880526144e-05,4.3781285826e+01,nan
1.7089025978e-05,7.6693666122e-05,4.6488618443e+01,nan
1.4225321779e-05,7.6282067787e-05,4.7654453146e+01,nan
1.1358744393e-05,7.5892463297e-05,5.0495925797e+01,nan
8.4684749573e-06,7.5527656839e-05,5.3236962166e+01,nan
2.6284577374e-06,7.4862784537e-05,5.7956340987e+01,nan
-3.1847292315e-07,7.4563449551e-05,5.9968125024e+01,nan
-3.2809779770e-06,7.4283907848e-05,6.1770480712e+01,nan
-8.1570608442e-06,7.5788408164e-05,6.1861268794e+01,nan
-1.1135004406e-05,7.5551380875e-05,6.3142508139e+01,nan
-1.4123742491e-05,7.5332480520e-05,6.4268599336e+01,nan
-1.7122218928e-05,7.5130766266e-05,6.5252651968e+01,nan
-2.0129549074e-05,7.4945775612e-05,6.6106469579e+01,nan
-2.1313972318e-05,7.2989678515e-05,6.8990138865e+01,nan
-2.4352265636e-05,7.2829901261e-05,6.9716136976e+01,nan
-2.7397742285e-05,7.2685702735e-05,7.0333996018e+01,nan
-3.0449321800e-05,7.2554469340e-05,7.0856312312e+01,nan
-3.9634225666e-05,7.2234786285e-05,7.1935862373e+01,nan
-4.2703773410e-05,7.2150240749e-05,7.2160997360e+01,nan
-4.5776486196e-05,7.2077401892e-05,7.2328234654e+01,nan
-4.8851668910e-05,7.2013937502e-05,7.2446594344e+01,nan
-5.1928837730e-05,7.1959064691e-05,7.2522313601e+01,nan
-5.5007652087e-05,7.1914367396e-05,7.2557519974e+01,nan
-5.8087558429e-05,7.1877650858e-05,7.2559670318e+01,nan
-6.4249079257e-05,7.1827751220e-05,7.2479802748e+01,nan
-6.7329902020e-05,7.1814125054e-05,7.2404664360e+01,nan
-7.0410262964e-05,7.1807449190e-05,7.2310530509e+01,nan
-7.3489797544e-05,7.1807458487e-05,7.2200052372e+01,nan
-7.6568149052e-05,7.1813936466e-05,7.2075526934e+01,nan
-7.9644972095e-05,7.1826603811e-05,7.1939057143e+01,nan
-8.2719959419e-05,7.1844641801e-05,7.1793338341e+01,nan
-8.8862881614e-05,7.1899853990e-05,7.1474033912e+01,nan
-9.1930227092e-05,7.1935487499e-05,7.1304589902e+01,nan
-9.4992375974e-05,7.1976314348e-05,7.1129795888e+01,nan
2.4915578555e-05,7.5830168420e-05,4.5004373765e+01,nan
-1.0346628094e-05,7.1794567703e-05,6.7821956873e+01,nan
-9.1624753774e-05,7.5671677900e-05,6.5683449890e+01,nan
-8.2539455624e-05,7.5573599980e-05,6.6145724896e+01,nan
-5.2167286668e-05,7.5680166615e-05,6.6959414109e+01,nan
-4.3066782017e-05,7.5875174500e-05,6.6706420400e+01,nan
-3.3991947775e-05,7.6167677691e-05,6.6001267457e+01,nan
-2.4957519083e-05,7.6574560411e-05,6.4651365792e+01,nan
1.0344458081e-05,7.9777404477e-05,4.7110978295e+01,nan
2.7435477018e-05,8.2634266983e-05,3.7509524826e+01,nan
3.2706427633e-04,3.5381883975e-05,1.9390947844e+01,nan
-2.7868488711e-04,4.5845955029e-05,8.9805461918e+01,nan
4.4338701297e-05,8.3974777329e-05,3.2584011692e+01,nan
4.9682494554e-05,8.2881466724e-05,3.2401514296e+01,nan
-1.8636762008e-04,2.7891132223e-05,1.6090677743e+02,nan
-3.0964817555e-04,9.5886844582e-06,2.1224265480e+02,nan
-1.1849227437e-04,5.2434168884e-05,1.0388247947e+02,nan
-1.1520183153e-04,5.2394566029e-05,1.0407208433e+02,nan
-5.2843823563e-05,2.7329904782e-05,1.5870262455e+02,nan
-1.0874659333e-04,9.3525264201e-05,4.2168741628e+01,nan
-1.0591914635e-04,9.3432836962e-05,4.2219258048e+01,nan
-1.0474041297e-04,9.1408166882e-05,4.4548669407e+01,nan
2.1596281786e-04,6.4754906485e-05,1.8783797617e+01,nan
-8.3776807109e-05,5.3857032452e-05,1.0239030527e+02,nan
-8.7066347519e-05,5.3870673419e-05,1.0225963617e+02,nan
-8.3566445444e-05,5.7366630812e-05,9.5947755893e+01,nan
-9.0332876002e-05,5.3897008357e-05,1.0209990109e+02,nan
-1.7404541393e-04,5.9115023748e-06,2.2247435534e+02,nan
-1.7013457073e-04,5.9044536820e-06,2.2176142921e+02,nan
-1.7795781495e-04,5.9112925500e-06,2.2325094938e+02,nan
2.3866780789e-04,8.3673314569e-05,1.0233848417e+01,nan
2.7271287149e-04,2.3261763711e-05,4.1651189369e+01,nan
2.4586001479e-04,1.0356231134e-04,1.0689410683e+01,nan
-1.8237894718e-04,7.1750672638e-05,6.7676283637e+01,nan
2.2706893304e-04,6.3770110653e-05,1.7152954094e+01,nan
2.5934745580e-04,3.4056931135e-05,3.7390034629e+01,nan
1.7708511622e-04,7.2133677771e-05,2.0313950003e+01,nan
2.7357572245e-04,8.7815162933e-06,4.5376774881e+01,nan
-2.4408630189e-04,6.0333675108e-06,2.4416806711e+02,nan
-1.8817598645e-04,3.8144016625e-05,1.3371743224e+02,nan
-2.9697689587e-04,2.6716825817e-05,1.2188708954e+02,nan
2.7010687197e-04,8.7556507641e-05,1.2371683085e+01,nan
3.3351929503e-04,8.2075586952e-05,1.6604007378e+01,nan
3.3726508912e-04,8.2896206628e-05,1.6612304380e+01,nan
3.3680136131e-04,7.8831485397e-05,1.7053423690e+01,nan
3.4053597291e-04,7.9647318159e-05,1.7066026756e+01,nan
2.4304883772e-04,6.7154445862e-05,1.2861584959e+01,nan
-3.4164192032e-04,1.7905364804e-05,1.0047547949e+02,nan
2.6151432437e-04,8.3126884320e-06,4.6295925156e+01,nan
2.5743939992e-04,8.1240953723e-06,4.8363782485e+01,nan
2.5401678778e-04,1.0763724907e-05,4.6894020050e+01,nan
5.2777384673e-05,8.3605942836e-05,3.1230948187e+01,nan
5.3521761390e-05,8.6173433543e-05,2.9157853458e+01,nan
5.5902638935e-05,8.4357980606e-05,3.0078887518e+01,nan
2.7672258078e-04,6.0096840133e-05,1.3315546355e+01,nan
-2.0982142937e-04,3.5285182300e-05,1.4090617050e+02,nan
-7.6961574605e-05,1.0903135677e-04,2.4094197859e+01,nan
-7.4256210207e-05,1.0901067505e-04,2.3891360117e+01,nan
-1.0188900519e-04,9.1327059452e-05,4.4614138699e+01,nan
-1.8989480964e-04,3.4713447774e-05,1.4253655678e+02,nan
-1.2308019625e-04,6.8839219938e-05,7.5039427514e+01,nan
3.2567730814e-04,1.0220152721e-05,2.2229195833e+01,nan
-2.3665851733e-04,5.7069784409e-05,8.4000398462e+01,nan
-1.9250568042e-04,7.8856874949e-05,5.6544882203e+01,nan
5.6640468364e-05,8.6964091069e-05,2.8048877095e+01,nan
5.9790623649e-05,8.7783677741e-05,2.6957442353e+01,nan
6.2245548030e-05,8.5945615067e-05,2.7828754880e+01,nan
6.5465336537e-05,8.6781035962e-05,2.6732939584e+01,nan
-2.9989833468e-04,4.1587600112e-05,7.9391734604e+01,nan
3.1299819511e-04,4.4534200631e-05,1.7282635457e+01,nan
5.5091128659e-05,1.0408160200e-04,1.7787709430e+01,nan
-9.7414605582e-05,9.3194184475e-05,4.2349742070e+01,nan
-2.3386438273e-04,5.4523433408e-05,9.0060579255e+01,nan
2.5000263933e-04,1.0528628893e-05,4.8962544365e+01,nan
2.4943574031e-04,7.7547072312e-06,5.3948823313e+01,nan
2.4598535016e-04,1.0304673695e-05,5.1422840136e+01,nan
-2.1523386984e-04,3.1931701724e-05,1.5034197105e+02,nan
6.6190070757e-05,8.9508915557e-05,2.4830036284e+01,nan
6.8718632728e-05,8.7643852562e-05,2.5656422567e+01,nan
6.9441459448e-05,9.0413952892e-05,2.3796066438e+01,nan
-1.9790284986e-04,7.9484049094e-05,5.4968286872e+01,nan
-1.9549674875e-04,4.9288840092e-05,1.0727870248e+02,nan
-1.5776897541e-04,6.0668496125e-05,8.7257376293e+01,nan
7.2728653232e-05,9.1346386854e-05,2.2783759597e+01,nan
7.5329639145e-05,8.9448190080e-05,2.3569894022e+01,nan
7.4592836290e-05,8.6633798839e-05,2.5431935963e+01,nan
4.9147258382e-05,1.0204708600e-04,1.9579536638e+01,nan
4.6227396309e-05,1.0108900564e-04,2.0505984375e+01,nan
2.4197108469e-04,1.0081399177e-05,5.4189763769e+01,nan
2.3797272414e-04,9.8599839058e-06,5.7217941104e+01,nan
3.4009803815e-04,7.5587210484e-05,1.7540114271e+01,nan
3.4397229413e-04,7.6322252800e-05,1.7570367123e+01,nan
3.4341301779e-04,7.2304035137e-05,1.8072089895e+01,nan
3.4740721930e-04,7.3050736011e-05,1.8108974058e+01,nan
3.4672595322e-04,6.9004596234e-05,1.8649517377e+01,nan
3.5054454680e-04,6.9817864292e-05,1.8674687838e+01,nan
2.8093641228e-04,4.3261062142e-05,1.5282681510e+01,nan
2.3399186325e-04,9.6351911654e-06,6.0548318253e+01,nan
2.3001639748e-04,9.4168549387e-06,6.4115175323e+01,nan
2.2945473835e-04,6.8721364200e-06,7.3719436243e+01,nan
2.2605438280e-04,9.1989015123e-06,6.7960415914e+01,nan
2.2557554051e-04,6.6724683557e-06,7.8510267765e+01,nan
1.0970581831e-05,9.4192059989e-05,3.5235569031e+01,nan
2.2210552563e-04,8.9850673478e-06,7.2038306202e+01,nan
2.1813853041e-04,8.7891344496e-06,7.6324826353e+01,nan
2.1750700200e-04,6.4314489201e-06,8.8727256441e+01,nan
2.0497116621e-04,6.5688255298e-05,2.0248504610e+01,nan
2.1416249006e-04,8.6004037969e-06,8.0945289844e+01,nan
2.1353210206e-04,6.2849009344e-06,9.4277621808e+01,nan
2.1019763803e-04,8.4150184280e-06,8.5779191796e+01,nan
2.0956399184e-04,6.1444660049e-06,1.0034909011e+02,nan
3.4228095017e-04,1.0989958090e-05,2.1672156987e+01,nan
2.7101930259e-04,5.1979407480e-05,1.3514073781e+01,nan
-9.4573575695e-05,9.3127685391e-05,4.2388892958e+01,nan
2.0624069973e-04,8.2315503616e-06,9.0929638835e+01,nan
2.0559921086e-04,6.0088584461e-06,1.0655777103e+02,nan
2.0168426107e-04,5.8512294190e-06,1.1346387911e+02,nan
1.9780829493e-04,5.6970121444e-06,1.2055305395e+02,nan
-2.6571843819e-04,6.9142291468e-05,5.0352618940e+01,nan
3.4998358037e-04,6.5689840121e-05,1.9274170260e+01,nan
-9.3313072480e-05,9.1122583526e-05,4.4796680507e+01,nan
1.9380169364e-04,5.6099568083e-06,1.2755904818e+02,nan
1.8975231372e-04,5.5207605651e-06,1.3516640039e+02,nan
-2.1270405157e-04,6.0331831702e-05,8.2888689345e+01,nan
-2.1550245966e-04,6.0628928507e-05,8.1846770589e+01,nan
2.3395612155e-04,1.0035342010e-04,9.8694629814e+00,nan
2.2996476890e-04,9.9252680114e-05,9.7337433766e+00,nan
-2.2730782369e-04,7.0841440499e-05,6.1551144711e+01,nan
1.8576750811e-04,5.4202745653e-06,1.4308148244e+02,nan
1.8179220177e-04,5.3239558601e-06,1.5160214831e+02,nan
2.7940025733e-04,1.7698109327e-05,4.2880600107e+01,nan
1.7782033024e-04,5.2331885028e-06,1.6027916012e+02,nan
1.7389651581e-04,5.1253936313e-06,1.6957625038e+02,nan
1.7001055236e-04,5.0237013938e-06,1.7866104394e+02,nan
-2.2359039798e-04,2.6956450982e-05,1.6565461590e+02,nan
-1.1369651968e-05,9.1181523051e-05,4.4893910070e+01,nan
-1.7435221961e-04,3.1045818929e-05,1.5171523444e+02,nan
1.6664853020e-04,6.8134151182e-06,1.6082557210e+02,nan
1.6599857050e-04,4.9810987356e-06,1.8709441720e+02,nan
1.6194427051e-04,4.9401230062e-06,1.9569470092e+02,nan
1.5795222247e-04,4.8931852975e-06,2.0404369277e+02,nan
1.5397783311e-04,4.8468984761e-06,2.1223319912e+02,nan
2.8689458231e-04,7.2849267780e-05,1.3892711253e+01,nan
2.9087931252e-04,7.3627871998e-05,1.4226865394e+01,nan
-1.7047267248e-05,9.0680660183e-05,4.6116505092e+01,nan
-1.4697936040e-04,8.7333527017e-05,4.9256975857e+01,nan
-1.4416508653e-04,8.7162731641e-05,4.9511605327e+01,nan
1.5000854966e-04,4.8081428409e-06,2.1982359335e+02,nan
1.4680958191e-04,6.4525819461e-06,2.0203702304e+02,nan
1.4286242413e-04,6.4033958151e-06,2.0942313737e+02,nan
3.7421003877e-04,1.6294506353e-05,3.0515074567e+01,nan
3.7753238599e-04,1.2386813131e-05,3.1525762812e+01,nan
1.7972869284e-04,1.0869993502e-04,9.9247716787e+00,nan
3.7374653974e-04,1.2174335894e-05,2.9273162172e+01,nan
1.3893429763e-04,6.3588041316e-06,2.1629656518e+02,nan
1.3499127129e-04,6.3306351954e-06,2.2261597504e+02,nan
1.3419013985e-04,4.7191063867e-06,2.4866995218e+02,nan
-3.0400346473e-04,3.7813949259e-05,8.3717758232e+01,nan
2.9486733196e-04,5.2601990153e-05,1.5148539169e+01,nan
1.3022245072e-04,4.7224655439e-06,2.5352062157e+02,nan
1.2628236391e-04,4.7194614434e-06,2.5517178964e+02,nan
1.2234734102e-04,4.7202295882e-06,2.5339584836e+02,nan
1.1841913436e-04,4.7211347514e-06,2.4975739143e+02,nan
-2.8477188656e-05,8.9909390722e-05,4.7586815510e+01,nan
1.1537779190e-04,6.2834261544e-06,2.4513540786e+02,nan
1.1148223672e-04,6.2849027997e-06,2.4201154044e+02,nan
2.1594232218e-04,4.6428322056e-05,3.1905837083e+01,nan
1.0759264231e-04,6.2849362046e-06,2.3786081629e+02,nan
1.0370773747e-04,6.2839218480e-06,2.3434517101e+02,nan
1.0275011778e-04,4.7178677083e-06,2.3687961719e+02,nan
-3.4221296528e-05,8.9622774952e-05,4.7956701206e+01,nan
9.8841030545e-05,4.7152068204e-06,2.3404462602e+02,nan
9.4933630722e-05,4.7121518225e-06,2.3141171773e+02,nan
9.1027646271e-05,4.7081155151e-06,2.2897158757e+02,nan
8.7122152699e-05,4.7037140535e-06,2.2672612842e+02,nan
2.6502815652e-04,1.0476073948e-04,1.2250919386e+01,nan
2.6895732296e-04,1.0571534250e-04,1.2560360755e+01,nan
8.4325810293e-05,6.2623365702e-06,2.2075974246e+02,nan
8.0452000358e-05,6.2549612501e-06,2.1874445117e+02,nan
7.6577370570e-05,6.2470557290e-06,2.1695748536e+02,nan
7.2701719055e-05,6.2381413334e-06,2.1538466676e+02,nan
6.8824634652e-05,6.2284286432e-06,2.1401181252e+02,nan
6.7588769102e-05,4.6737608663e-06,2.1843940729e+02,nan
6.3679041230e-05,4.6657778282e-06,2.1731503452e+02,nan
-4.5750475629e-05,8.9213785797e-05,4.8227824476e+01,nan
5.9767706611e-05,4.6574222569e-06,2.1634443079e+02,nan
5.5854638232e-05,4.6487435914e-06,2.1551725971e+02,nan
5.1939524639e-05,4.6398431856e-06,2.1482314322e+02,nan
4.9408351699e-05,6.1717767951e-06,2.0966753415e+02,nan
4.5524410320e-05,6.1557225675e-06,2.0922744450e+02,nan
4.1644279591e-05,6.1394995567e-06,2.0889930323e+02,nan
3.7746875980e-05,6.1290853104e-06,2.0865289025e+02,nan
3.3837207994e-05,6.1194342296e-06,2.0849455189e+02,nan
3.2339955161e-05,4.5916118043e-06,2.1301091411e+02,nan
2.8410045155e-05,4.5829000928e-06,2.1290793680e+02,nan
2.4480888863e-05,4.5732578496e-06,2.1287362660e+02,nan
2.0550598031e-05,4.5641451823e-06,2.1289475920e+02,nan
1.8213880058e-05,6.0698437023e-06,2.0860230155e+02,nan
1.4303484577e-05,6.0574840761e-06,2.0875819107e+02,nan
1.0390889157e-05,6.0454030645e-06,2.0894757538e+02,nan
6.4761709240e-06,6.0336233003e-06,2.0916273041e+02,nan
2.5594785528e-06,6.0222235412e-06,2.0939645054e+02,nan
8.7313539253e-07,4.5197830005e-06,2.1357087463e+02,nan
-3.0668837414e-06,4.5117676810e-06,2.1376993700e+02,nan
-7.0081481570e-06,4.5039250819e-06,2.1397754197e+02,nan
-1.0950606617e-05,4.4965702846e-06,2.1418853291e+02,nan
-1.3125707602e-05,5.9811677356e-06,2.1040168891e+02,nan
-1.7049551241e-05,5.9717077924e-06,2.1064973661e+02,nan
-2.0975298512e-05,5.9631276698e-06,2.1088905332e+02,nan
-2.4903285770e-05,5.9553187496e-06,2.1111813247e+02,nan
-2.8831402140e-05,5.9474545087e-06,2.1133785972e+02,nan
-3.0676939075e-05,4.4648746397e-06,2.1520185380e+02,nan
-3.4624118202e-05,4.4586006926e-06,2.1538736022e+02,nan
-3.8571747378e-05,4.4544971867e-06,2.1556051422e+02,nan
-4.2519850164e-05,4.4502143806e-06,2.1572751537e+02,nan
-4.4549874052e-05,5.9220468964e-06,2.1210071722e+02,nan
-4.8479541678e-05,5.9169813212e-06,2.1226525438e+02,nan
-5.2411693572e-05,5.9121884776e-06,2.1242199565e+02,nan
-5.6341770884e-05,5.9080332111e-06,2.1257136679e+02,nan
2.3793414740e-04,1.0143973661e-04,1.0092474266e+01,nan
-6.0274203468e-05,5.9040544640e-06,2.1271617174e+02,nan
-6.2263761604e-05,4.4325149819e-06,2.1648523863e+02,nan
-6.6212471902e-05,4.4299759878e-06,2.1662970045e+02,nan
-7.0161396979e-05,4.4274981002e-06,2.1677606781e+02,nan
-7.4110104687e-05,4.4254456446e-06,2.1692515794e+02,nan
-7.0396769722e-05,7.5529012468e-05,6.6658739458e+01,nan
-7.5998772907e-05,5.8922372888e-06,2.1327840474e+02,nan
-7.9929446464e-05,5.8901649188e-06,2.1342426159e+02,nan
-1.2866221573e-04,7.8527317607e-05,6.0690342853e+01,nan
-8.3859806756e-05,5.8884079519e-06,2.1357604608e+02,nan
-8.7789811073e-05,5.8869256402e-06,2.1373569192e+02,nan
-9.1719412486e-05,5.8857248359e-06,2.1390498916e+02,nan
-9.3849973107e-05,4.4181705580e-06,2.1777964203e+02,nan
-7.6470800961e-05,7.5538246497e-05,6.6421495601e+01,nan
-1.0927224441e-04,8.9568518153e-05,4.6773939756e+01,nan
-3.1373216667e-04,2.3336978767e-05,1.1708027411e+02,nan
1.4875503485e-04,1.0875065226e-04,1.0713839051e+01,nan
-3.4717684876e-04,8.5839502685e-06,1.3631940745e+02,nan
-3.4346943311e-04,8.1250057609e-06,1.4478222269e+02,nan
-3.3823732863e-04,1.0497863558e-05,1.4166304215e+02,nan
-3.3472059221e-04,9.9727862367e-06,1.5146388072e+02,nan
-9.7793568148e-05,8.9251106350e-05,4.7114564379e+01,nan
8.1143631749e-05,1.1691945280e-04,1.0215712865e+01,nan
-1.0367044216e-04,7.5881382728e-05,6.5005416350e+01,nan
-1.0967906532e-04,7.6018650928e-05,6.4643094050e+01,nan
1.5105082605e-04,1.2578976755e-04,1.0308240805e+01,nan
1.8268521725e-04,6.4239362298e-05,2.4153790314e+01,nan
1.7889428759e-04,6.3476360854e-05,2.4669552971e+01,nan
1.7578292263e-04,6.5810947983e-05,2.3600327307e+01,nan
1.7200416176e-04,6.5025492055e-05,2.4025286213e+01,nan
1.7130256476e-04,6.1945730101e-05,2.5619600225e+01,nan
1.6821992090e-04,6.4241996905e-05,2.4596679324e+01,nan
1.6892035774e-04,6.7336381595e-05,2.2985266604e+01,nan
1.6515137428e-04,6.6530316743e-05,2.3585004190e+01,nan
1.6443139686e-04,6.3458379499e-05,2.5295557333e+01,nan
1.6137592680e-04,6.5726633533e-05,2.4300329488e+01,nan
1.5759445592e-04,6.4927967900e-05,2.5175470485e+01,nan
1.5683974090e-04,6.1908737838e-05,2.7116588074e+01,nan
1.5380852174e-04,6.4135766429e-05,2.6155224277e+01,nan
1.5303817735e-04,6.1144147787e-05,2.8204662140e+01,nan
1.5001758346e-04,6.3351099018e-05,2.7246411399e+01,nan
1.4923364006e-04,6.0389026396e-05,2.9411981564e+01,nan
1.5227741022e-04,5.8196395028e-05,3.0383935235e+01,nan
1.4622308114e-04,6.2576583670e-05,2.8461860544e+01,nan
1.4242544627e-04,6.1813087911e-05,2.9755044624e+01,nan
1.3862409487e-04,6.1061146493e-05,3.1129654573e+01,nan
1.3780304208e-04,5.8190733556e-05,3.3522754797e+01,nan
1.3481986898e-04,6.0321802718e-05,3.2585417004e+01,nan
1.3398746406e-04,5.7482961265e-05,3.5059251337e+01,nan
1.3016952543e-04,5.6788892396e-05,3.6677148674e+01,nan
1.2634959521e-04,5.6109116497e-05,3.8370871052e+01,nan
1.2339078704e-04,5.8186133116e-05,3.7453558360e+01,nan
1.2551127990e-04,5.3378845912e-05,4.1128063632e+01,nan
1.1958204032e-04,5.7504324179e-05,3.9011336978e+01,nan
1.1872113146e-04,5.4795726039e-05,4.1624191463e+01,nan
1.1580052078e-04,5.6841285188e-05,4.0449767345e+01,nan
1.1494272089e-04,5.4167192516e-05,4.3153440861e+01,nan
1.1204631355e-04,5.6196762493e-05,4.1930830568e+01,nan
1.1119210911e-04,5.3556453547e-05,4.4721614953e+01,nan
1.0746918208e-04,5.2964166423e-05,4.6343484629e+01,nan
1.0462216681e-04,5.4964391474e-05,4.5036746950e+01,nan
1.0095184285e-04,5.4376017967e-05,4.6661737381e+01,nan
9.7309512478e-05,5.3806974497e-05,4.8335790216e+01,nan
9.3693890387e-05,5.3256837800e-05,5.0061426651e+01,nan
9.9278752717e-05,4.9336161619e-05,5.3044521185e+01,nan
9.0106672665e-05,5.2725278047e-05,5.1839980208e+01,nan
8.9264605525e-05,5.0281896019e-05,5.5262545470e+01,nan
8.5704850600e-05,4.9801764277e-05,5.7229819063e+01,nan
8.2172045307e-05,4.9339617088e-05,5.9271616563e+01,nan
7.9506229031e-05,5.1245233902e-05,5.7522530439e+01,nan
7.6026309185e-05,5.0790037432e-05,5.9548425566e+01,nan
7.2572024765e-05,5.0354033357e-05,6.1648820012e+01,nan
7.7842221343e-05,4.6590884549e-05,6.5639313434e+01,nan
6.9144844837e-05,4.9936731096e-05,6.3828509449e+01,nan
6.5742673760e-05,4.9538841078e-05,6.6088320464e+01,nan
6.2364879296e-05,4.9160165785e-05,6.8432655128e+01,nan
6.7475964910e-05,4.5471521161e-05,7.3152120237e+01,nan
5.9012879297e-05,4.8800117806e-05,7.0863879778e+01,nan
5.8164429233e-05,4.6640058634e-05,7.5930127662e+01,nan
5.4833304275e-05,4.6329768260e-05,7.8671658679e+01,nan
5.1525374937e-05,4.6037328136e-05,8.1502054883e+01,nan
4.8239606412e-05,4.5764431275e-05,8.4409477495e+01,nan
4.4975706246e-05,4.5509279787e-05,8.7393480678e+01,nan
4.1732965206e-05,4.5271429126e-05,9.0464030457e+01,nan
3.8510335954e-05,4.5052377557e-05,9.3529658808e+01,nan
3.5307406167e-05,4.4850345491e-05,9.6879914833e+01,nan
3.7656547294e-05,4.3107338756e-05,1.0056061011e+02,nan
3.2123756721e-05,4.4664937723e-05,9.9367779026e+01,nan
2.6670638485e-05,4.6212589849e-05,9.7113068119e+01,nan
2.3477808510e-05,4.6030440598e-05,9.8842062873e+01,nan
2.0263701382e-05,4.5853625138e-05,1.0052643804e+02,nan
1.7031932058e-05,4.5682373007e-05,1.0223972040e+02,nan
1.3781229975e-05,4.5517228978e-05,1.0393822327e+02,nan
1.0512171463e-05,4.5358582449e-05,1.0560784418e+02,nan
1.4893349154e-05,4.1991089970e-05,1.1181538119e+02,nan
7.2286235026e-06,4.5206424045e-05,1.0722944441e+02,nan
6.0649820617e-06,4.3386629396e-05,1.1174131009e+02,nan
3.9291459243e-06,4.5061451762e-05,1.0878878999e+02,nan
2.7332963856e-06,4.3252916209e-05,1.1320860997e+02,nan
6.1537397644e-07,4.4923625458e-05,1.1027470056e+02,nan
-6.1173690790e-07,4.3125362815e-05,1.1460727537e+02,nan
-3.9690996315e-06,4.3005522031e-05,1.1592623489e+02,nan
-7.3379110730e-06,4.2892257796e-05,1.1716261236e+02,nan
-1.0717271175e-05,4.2785886681e-05,1.1831227854e+02,nan
-1.4106293884e-05,4.2686409644e-05,1.1937343463e+02,nan
-1.7504230430e-05,4.2593346754e-05,1.2034671997e+02,nan
-2.0910237333e-05,4.2507920132e-05,1.2123031464e+02,nan
-2.4323224968e-05,4.2428754399e-05,1.2202877115e+02,nan
-2.7742812555e-05,4.2356044707e-05,1.2274422597e+02,nan
-3.1168241235e-05,4.2289623478e-05,1.2338003413e+02,nan
-3.4598826265e-05,4.2229326244e-05,1.2394001815e+02,nan
-3.8033915149e-05,4.2174919123e-05,1.2442841170e+02,nan
-4.1472912560e-05,4.2126211635e-05,1.2484960055e+02,nan
-4.4915237982e-05,4.2082953975e-05,1.2520815881e+02,nan
-4.8360358288e-05,4.2044947743e-05,1.2550863776e+02,nan
-5.1807733084e-05,4.2011256363e-05,1.2575704774e+02,nan
-5.5255951879e-05,4.1982807374e-05,1.2595545500e+02,nan
-5.8706471417e-05,4.1959133062e-05,1.2610880356e+02,nan
-6.2159293772e-05,4.1940114565e-05,1.2622106698e+02,nan
-6.5610123391e-05,4.1924789868e-05,1.2629777856e+02,nan
-6.9061924853e-05,4.1913604359e-05,1.2634147254e+02,nan
-7.2514932833e-05,4.1906506353e-05,1.2635542681e+02,nan
-6.9092847813e-05,3.8593986239e-05,1.3343562714e+02,nan
-7.5964807560e-05,4.1902432647e-05,1.2634489128e+02,nan
-7.9414558108e-05,4.1902100825e-05,1.2631114313e+02,nan
-8.2864489860e-05,4.1905378862e-05,1.2625700071e+02,nan
-7.9578987760e-05,3.8581728253e-05,1.3345008535e+02,nan
-8.6310208471e-05,4.1911165768e-05,1.2618723512e+02,nan
-8.9754821874e-05,4.1920294642e-05,1.2610219790e+02,nan
-9.3198678385e-05,4.1932689177e-05,1.2600397880e+02,nan
-9.0053484709e-05,3.8596117352e-05,1.3329332474e+02,nan
3.4569636507e-04,2.9810887551e-05,2.2744014634e+01,nan
-9.7796995076e-05,4.4173945240e-06,2.1798399688e+02,nan
-1.0174365157e-04,4.4166447264e-06,2.1820388318e+02,nan
-1.0350539188e-04,5.8835797399e-06,2.1448873361e+02,nan
1.1510537448e-04,1.2963624123e-04,1.1046953702e+01,nan
3.4293963672e-04,3.7104454920e-05,2.1853337793e+01,nan
3.3959952215e-04,4.0513433801e-05,2.1074994952e+01,nan
8.8784742641e-05,1.2633931168e-04,7.2051495447e+00,nan
3.9502867555e-05,1.0610349115e-04,1.8646726982e+01,nan
3.0165551785e-04,2.8852502768e-05,1.7485524873e+01,nan
-1.0743298037e-04,5.8833244240e-06,2.1471423818e+02,nan
-1.1135997578e-04,5.8832685973e-06,2.1495793781e+02,nan
3.5019631695e-04,1.1446816932e-05,2.3036753391e+01,nan
1.3413657206e-04,1.0107345179e-04,1.2592565867e+01,nan
3.0338598779e-04,1.8870496858e-05,2.6573924047e+01,nan
-6.2100101966e-05,3.8618901705e-05,1.3329031735e+02,nan
-2.4711817215e-04,5.4469358060e-05,8.6162630841e+01,nan
-5.5109013382e-05,3.8658810839e-05,1.3300338192e+02,nan
-2.5903789401e-04,3.0828911427e-05,1.4529003186e+02,nan
-1.1528634106e-04,5.8834193960e-06,2.1522135710e+02,nan
-1.1921204658e-04,5.8837525530e-06,2.1550603231e+02,nan
-2.5003695902e-04,3.1941650263e-05,1.4532362776e+02,nan
2.1485700863e-05,4.2288004476e-05,1.0877524541e+02,nan
-5.6138090026e-05,9.4907495113e-05,4.0374926944e+01,nan
2.8006663356e-05,4.2602914084e-05,1.0585862330e+02,nan
-3.7057828588e-04,1.6498689654e-05,1.2513267399e+02,nan
7.7949077886e-05,8.7535845747e-05,2.4377201788e+01,nan
7.8687184145e-05,9.0391105441e-05,2.2560255152e+01,nan
8.4766153136e-05,8.9412530723e-05,2.2340853390e+01,nan
8.8226854914e-05,9.0386405696e-05,2.1366402497e+01,nan
9.1720600577e-05,9.1386345361e-05,2.0421914165e+01,nan
9.2469373451e-05,9.4413167065e-05,1.8797984988e+01,nan
-1.6740394362e-05,9.6705833586e-05,3.9043598769e+01,nan
-1.1183718940e-05,9.7231515822e-05,3.8150968192e+01,nan
-5.6548887490e-06,9.7849988317e-05,3.6945401780e+01,nan
-1.5788289261e-07,9.8572646058e-05,3.5389027245e+01,nan
-1.2313691726e-04,5.8849460570e-06,2.1581159416e+02,nan
-1.2541403631e-04,4.4158967392e-06,2.1992610704e+02,nan
1.0722997602e-05,1.0038509519e-04,3.1093352698e+01,nan
1.6095895196e-05,1.0150772143e-04,2.8348883734e+01,nan
-1.6159933645e-04,2.7613842431e-05,1.6013960931e+02,nan
-1.5087241184e-04,2.7524703394e-05,1.5986349119e+02,nan
1.0663821069e-04,5.0399751010e-05,4.9418899031e+01,nan
-1.0066407183e-04,7.5823866811e-05,6.5176159380e+01,nan
2.0169781977e-04,5.0015846713e-05,3.0404286895e+01,nan
2.0099305440e-04,4.7012804943e-05,3.1656831893e+01,nan
1.9709548481e-04,4.6386552072e-05,3.2132590173e+01,nan
1.9637218188e-04,4.3437430777e-05,3.3929193745e+01,nan
1.9320076787e-04,4.5762100230e-05,3.2833004487e+01,nan
1.9246998368e-04,4.2835890794e-05,3.4778987630e+01,nan
1.8930946450e-04,4.5140026910e-05,3.3668526100e+01,nan
1.8857115613e-04,4.2237330927e-05,3.5731989008e+01,nan
1.8542083907e-04,4.4521148749e-05,3.4597565262e+01,nan
1.8467559779e-04,4.1643358434e-05,3.6834233785e+01,nan
1.8153333673e-04,4.3910054748e-05,3.5669027003e+01,nan
1.7765120905e-04,4.3299748605e-05,3.6868190433e+01,nan
1.7377033378e-04,4.2699172150e-05,3.8167624151e+01,nan
1.6988940298e-04,4.2110444844e-05,3.9562596764e+01,nan
1.6912081371e-04,3.9340286803e-05,4.2420518781e+01,nan
1.6601197779e-04,4.1525545201e-05,4.1056784206e+01,nan
1.6523563023e-04,3.8787262167e-05,4.4080934112e+01,nan
1.6135076270e-04,3.8244839905e-05,4.5838430480e+01,nan
6.6255064573e-05,1.1967538405e-04,9.9190821668e+00,nan
1.5746580066e-04,3.7713734116e-05,4.7692209627e+01,nan
1.5437745840e-04,3.9841518522e-05,4.6149981470e+01,nan
1.3316896168e-04,5.4688427543e-05,3.7649122390e+01,nan
1.5049843016e-04,3.9303846067e-05,4.8043623835e+01,nan
1.4661859533e-04,3.8778937184e-05,5.0035002216e+01,nan
1.4580757803e-04,3.6193982628e-05,5.3837615236e+01,nan
1.4273650340e-04,3.8270181014e-05,5.2128187038e+01,nan
1.4191989985e-04,3.5713757571e-05,5.6073980010e+01,nan
1.3885608561e-04,3.7770009568e-05,5.4324880845e+01,nan
1.3803146663e-04,3.5247345554e-05,5.8413820851e+01,nan
1.3414244637e-04,3.4795220911e-05,6.0851555878e+01,nan
1.4407300382e-04,8.2415378652e-05,1.7372921805e+01,nan
1.3025284494e-04,3.4358152053e-05,6.3504020067e+01,nan
1.2638030788e-04,3.3937464204e-05,6.5978377611e+01,nan
1.2336146059e-04,3.5926940919e-05,6.3754733185e+01,nan
1.1953470981e-04,3.5507584428e-05,6.6276202972e+01,nan
1.1573314022e-04,3.5105894112e-05,6.8967196503e+01,nan
1.1195660004e-04,3.4722213167e-05,7.1822083376e+01,nan
1.1114162216e-04,3.2431165259e-05,7.7881379570e+01,nan
1.4081922694e-04,5.6054248594e-05,3.4489368126e+01,nan
1.0820501114e-04,3.4356797224e-05,7.4841607213e+01,nan
1.0739335698e-04,3.2100230704e-05,8.1293938251e+01,nan
1.0447821612e-04,3.4009799191e-05,7.8024022261e+01,nan
1.0366934839e-04,3.1787787380e-05,8.4872425408e+01,nan
9.9969438685e-05,3.1493790313e-05,8.8616519412e+01,nan
9.6293471566e-05,3.1218138875e-05,9.2509211103e+01,nan
9.2641233615e-05,3.0960681634e-05,9.6532300071e+01,nan
-1.2935730221e-04,4.4162369127e-06,2.2029425361e+02,nan
-1.3330057599e-04,4.4142676389e-06,2.2069589715e+02,nan
-1.3490768734e-04,5.8865323656e-06,2.1688678117e+02,nan
-1.3882951678e-04,5.8880525343e-06,2.1729804107e+02,nan
8.9816241541e-05,3.2806798212e-05,9.2300298595e+01,nan
8.6211491654e-05,3.2551137722e-05,9.6194528489e+01,nan
8.2629136604e-05,3.2315932231e-05,1.0021231338e+02,nan
7.9072578675e-05,3.2093701840e-05,1.0431891580e+02,nan
7.5538389854e-05,3.1890085523e-05,1.0845887318e+02,nan
7.2025767498e-05,3.1705563265e-05,1.1264544409e+02,nan
6.8537883296e-05,3.1532706675e-05,1.1683545710e+02,nan
6.5071313892e-05,3.1376822920e-05,1.2095213983e+02,nan
6.1625179899e-05,3.1238243272e-05,1.2503550686e+02,nan
5.8202397482e-05,3.1109637479e-05,1.2892022032e+02,nan
5.4799591489e-05,3.0996084966e-05,1.3292561197e+02,nan
5.1416030457e-05,3.0897958081e-05,1.3567291863e+02,nan
4.8033024075e-05,3.0800436576e-05,1.3577728214e+02,nan
4.4633795969e-05,3.0703911939e-05,1.3592295251e+02,nan
4.1219603485e-05,3.0607532428e-05,1.3628364564e+02,nan
-2.1488417698e-06,2.7897664096e-05,1.5118774333e+02,nan
-5.7425501204e-06,2.7835031045e-05,1.5204355452e+02,nan
-9.3433957698e-06,2.7775821694e-05,1.5285758694e+02,nan
-1.2950833361e-05,2.7720104388e-05,1.5362508631e+02,nan
-1.6564324662e-05,2.7667916580e-05,1.5434260998e+02,nan
-2.0183341746e-05,2.7619268216e-05,1.5500791448e+02,nan
-2.3807369385e-05,2.7574143346e-05,1.5561981916e+02,nan
-2.7435907083e-05,2.7532503510e-05,1.5617806291e+02,nan
-3.1068480379e-05,2.7494369042e-05,1.5668302887e+02,nan
-3.4704601387e-05,2.7459502574e-05,1.5713632861e+02,nan
-3.8343829188e-05,2.7427853930e-05,1.5753963281e+02,nan
1.5990458609e-04,5.9677111189e-05,2.8100524850e+01,nan
1.7175696390e-04,1.2979047007e-04,9.9815091086e+00,nan
1.7537282700e-04,1.3109318197e-04,9.9242900933e+00,nan
5.8323272839e-05,8.2530853721e-05,3.1026957892e+01,nan
1.0741062402e-04,1.5275184856e-04,1.3692304807e+01,nan
1.9345799886e-04,6.3376012288e-05,2.3612135451e+01,nan
1.0964529342e-04,9.6712529233e-05,1.5612672620e+01,nan
-1.4275053287e-04,5.8895278770e-06,2.1773945262e+02,nan
-1.4667065996e-04,5.8911234137e-06,2.1821184132e+02,nan
-2.0677693963e-04,4.6129662139e-05,1.1346425616e+02,nan
2.8258440287e-04,1.2400655108e-04,1.3318779124e+01,nan
2.8600328701e-04,1.2107601947e-04,1.3394702944e+01,nan
2.8553605804e-04,1.1719570012e-04,1.3443356378e+01,nan
2.8941190418e-04,1.1812774137e-04,1.3493393051e+01,nan
1.2764358470e-04,1.0218895081e-04,1.2667307451e+01,nan
1.2408446453e-04,1.0110250146e-04,1.3079083495e+01,nan
-1.6871795965e-04,2.7680796290e-05,1.6035825121e+02,nan
-1.5058984526e-04,5.8928908920e-06,2.1871640326e+02,nan
-1.5450804965e-04,5.8948246089e-06,2.1925445735e+02,nan
-1.5694262846e-04,4.4221304931e-06,2.2369928292e+02,nan
-1.6088053367e-04,4.4235520356e-06,2.2431985891e+02,nan
-1.6481355606e-04,4.4213082307e-06,2.2498818149e+02,nan
-5.6539590874e-05,2.7309093806e-05,1.5890665365e+02,nan
-2.4742162096e-04,1.4006171044e-05,2.1479148461e+02,nan
2.0519745699e-04,1.4987408972e-04,1.1538488896e+01,nan
2.0891618767e-04,1.4755267908e-04,1.1541614870e+01,nan
-1.0525632966e-04,5.2272995057e-05,1.0465669117e+02,nan
1.5841617920e-04,1.3166740387e-04,1.0456400379e+01,nan
-2.8670891210e-04,4.3643985456e-05,8.7992290319e+01,nan
-3.0700754981e-04,2.4212570209e-05,1.2076734829e+02,nan
-3.0422238413e-04,2.3444693422e-05,1.2685159894e+02,nan
-1.7434025163e-04,5.0228833664e-05,1.0645912298e+02,nan
-1.7749608504e-04,5.0346530144e-05,1.0607729604e+02,nan
-1.7117177744e-04,5.0115126202e-05,1.0682105305e+02,nan
-1.8065594525e-04,5.0472509474e-05,1.0566385301e+02,nan
-2.5772332968e-04,4.9819292463e-05,9.2387281254e+01,nan
-2.4186382224e-04,5.3566758475e-05,8.9851336425e+01,nan
-4.1974985206e-05,2.7402949864e-05,1.5788572361e+02,nan
2.3150237184e-04,1.4389567551e-04,1.3107362344e+01,nan
2.3509018118e-04,1.4125091034e-04,1.2907386019e+01,nan
-3.3123996471e-04,9.4947939814e-06,1.6304008604e+02,nan
-3.3258158893e-04,6.9129600018e-06,1.8422817587e+02,nan
-3.2773136108e-04,9.0604310593e-06,1.7536467099e+02,nan
-3.2897225365e-04,6.5875963532e-06,1.9850271846e+02,nan
-3.2423680289e-04,8.6583684743e-06,1.8817214454e+02,nan
-3.2536501657e-04,6.3055628141e-06,2.1288544629e+02,nan
-9.6833418550e-05,5.3941974332e-05,1.0178431069e+02,nan
-9.6432103265e-05,5.7459394886e-05,9.5306513682e+01,nan
-9.3198779849e-05,5.7432169960e-05,9.5479446400e+01,nan
-2.8903574467e-04,4.8604156209e-06,2.6957495486e+02,nan
-2.8536620898e-04,4.7920942073e-06,2.6971103562e+02,nan
-3.0735811697e-04,5.3638018646e-06,2.6738020675e+02,nan
-3.0372864187e-04,5.2315017480e-06,2.6989497416e+02,nan
-3.1462683299e-04,5.6590386354e-06,2.5116057409e+02,nan
-3.2515149954e-04,1.4239737919e-05,1.4311242521e+02,nan
-8.7189709835e-05,1.1752951819e-04,1.7928457288e+01,nan
-3.1823666837e-04,5.8436785045e-06,2.3992954509e+02,nan
-3.2076693067e-04,8.3201706255e-06,2.0072481625e+02,nan
-2.5516780001e-04,4.9301633491e-05,9.4693812730e+01,nan
1.3728988779e-04,1.5348014891e-04,1.2195562059e+01,nan
1.3387615795e-04,1.5228137134e-04,1.2439319291e+01,nan
3.3779769955e-04,8.7013358694e-05,1.6151051089e+01,nan
-2.9555789635e-04,3.9464283911e-05,8.6553330592e+01,nan
-2.2507237677e-04,4.9423209394e-05,1.0330121747e+02,nan
4.4126128633e-05,1.3780338773e-04,9.6934209301e+00,nan
-1.9879615741e-04,9.4716461745e-05,3.7235935362e+01,nan
3.5360325074e-04,6.6478700169e-05,1.9299329110e+01,nan
-2.0341989320e-04,9.3277894200e-05,3.7887647597e+01,nan
-2.0550214842e-04,9.1418081987e-05,3.9445659567e+01,nan
3.2796556345e-04,9.6497991127e-05,1.5092444108e+01,nan
-2.8726289135e-04,6.0355666564e-05,5.5549104910e+01,nan
3.7698064913e-04,8.3366019917e-06,2.9309655800e+01,nan
3.6534959238e-04,7.9652258869e-06,2.4614388979e+01,nan
3.2906354939e-04,6.8941928719e-06,2.4655690891e+01,nan
2.9675966672e-04,6.1943889195e-06,4.3162409644e+01,nan
2.7293832387e-04,5.8680689934e-06,4.6385120067e+01,nan
2.6106201242e-04,5.3950511281e-06,4.9877700866e+01,nan
2.4889469205e-04,5.0639292778e-06,6.1192906719e+01,nan
2.2101688988e-04,4.2430806710e-06,9.8465093653e+01,nan
3.1395621081e-04,1.0479479734e-04,1.4342294822e+01,nan
3.1734316730e-04,1.0176649124e-04,1.4582488192e+01,nan
3.1059779222e-04,1.0784552400e-04,1.4123380380e+01,nan
3.5400098065e-04,7.0638273423e-05,1.8634605569e+01,nan
-2.0653063185e-05,2.9995303150e-06,2.1848856756e+02,nan
-2.4349375297e-04,2.7745541838e-05,1.6149396680e+02,nan
-1.3959388998e-04,2.9449429985e-06,2.2536875501e+02,nan
1.9410117603e-04,1.4895255131e-04,1.0487744415e+01,nan
1.4796747653e-04,1.2799218682e-04,1.0445828807e+01,nan
1.4756692822e-04,1.2459295000e-04,1.0297521905e+01,nan
-3.3057695186e-04,4.0135170200e-05,6.7791018776e+01,nan
-3.2828697575e-04,3.8301254383e-05,7.0465599299e+01,nan
-3.0732592428e-04,3.6460851191e-05,8.3952060804e+01,nan
-2.7917760166e-04,4.3528143142e-05,9.4535203021e+01,nan
-2.9777258760e-04,2.4387352085e-05,1.3010320078e+02,nan
-2.7979341711e-04,2.7432596130e-05,1.3965962164e+02,nan
-2.7702436287e-04,2.6966291129e-05,1.4506872561e+02,nan
-2.6524230043e-04,2.7475303645e-05,1.5389671206e+02,nan
-2.3074856947e-04,4.9992424819e-05,1.0081697705e+02,nan
-2.2588266900e-04,2.3589330892e-05,1.7687165206e+02,nan
2.5999116030e-04,9.6160665105e-05,1.1641234011e+01,nan
1.8625679274e-04,1.3514673364e-04,9.7660110121e+00,nan
1.8262255525e-04,1.3377360381e-04,9.8079306180e+00,nan
-1.8083689881e-04,2.4546724112e-05,1.6985631863e+02,nan
1.5529588781e-04,1.3384109972e-04,1.0657541821e+01,nan
-1.2865196826e-04,5.7957307816e-05,9.3194962500e+01,nan
-2.4018846792e-04,8.0546762850e-05,4.2969523009e+01,nan
-2.3994343409e-04,7.5778169252e-05,5.0026785444e+01,nan
2.7775899705e-04,1.1531359315e-04,1.3216225441e+01,nan
-1.0387009812e-04,5.0521986353e-05,1.0810674521e+02,nan
1.0105653864e-04,1.2145342201e-04,9.1066465550e+00,nan
1.8584727975e-04,6.1879458648e-05,2.5300807530e+01,nan
6.3510949041e-05,1.2141543061e-04,9.4314069568e+00,nan
7.7514217912e-05,1.5089434243e-04,1.4641418912e+01,nan
4.3271272571e-05,1.1239635343e-04,1.4915918352e+01,nan
2.5939443404e-04,9.2364799946e-05,1.1534974149e+01,nan
2.6612473114e-04,8.6654940757e-05,1.2039585188e+01,nan
2.6948446255e-04,8.3773179081e-05,1.2313292049e+01,nan
2.1546999647e-05,2.6719162575e-05,1.4961836108e+02,nan
3.0682113591e-04,1.0701504386e-04,1.4137862795e+01,nan
3.0729214514e-04,1.1094639266e-04,1.3924014148e+01,nan
1.8716084877e-04,1.1109378875e-04,9.6083257429e+00,nan
3.2168545751e-05,2.6951505305e-05,1.4742698211e+02,nan
-9.7030761689e-05,3.8619249829e-05,1.3312633356e+02,nan
-1.0051684536e-04,3.8634664509e-05,1.3303001222e+02,nan
-1.0399656537e-04,3.8651948513e-05,1.3292878596e+02,nan
-1.0747212702e-04,3.8671840939e-05,1.3282224015e+02,nan
-1.1094398680e-04,3.8693910630e-05,1.3271244081e+02,nan
-1.1441186286e-04,3.8718220363e-05,1.3260020067e+02,nan
-1.1787547172e-04,3.8744728816e-05,1.3248640278e+02,nan
-1.2133451029e-04,3.8773460576e-05,1.3237163374e+02,nan
-1.2478868051e-04,3.8804391332e-05,1.3225643042e+02,nan
-1.2823766306e-04,3.8837570231e-05,1.3214102296e+02,nan
-1.3167936463e-04,3.8873045027e-05,1.3202551979e+02,nan
-2.5272685485e-04,4.6644215942e-05,1.0208314591e+02,nan
2.5203366503e-04,9.4211771569e-05,1.0978187889e+01,nan
3.0250402604e-04,1.0222987050e-04,1.4267630361e+01,nan
-2.7451345229e-04,2.4516123336e-05,1.5813870748e+02,nan
2.8922536204e-04,4.4596770691e-05,1.4986497557e+01,nan
5.6532269061e-05,2.7505449989e-05,1.4654467133e+02,nan
3.6582853892e-04,4.4309013479e-05,2.4338032387e+01,nan
3.6928051799e-04,4.4911082323e-05,2.4507870521e+01,nan
-2.8322536294e-04,5.8196331079e-05,6.1889511992e+01,nan
6.6899392114e-05,2.7778575852e-05,1.3650725856e+02,nan
2.7619323396e-04,7.7953925558e-05,1.2904529614e+01,nan
4.1109665093e-05,1.0186081188e-04,2.0780871460e+01,nan
7.7457193938e-05,2.8166239287e-05,1.2361874183e+02,nan
-2.6813894838e-04,6.7520932447e-05,5.2022413129e+01,nan
3.6185439707e-04,3.9485517604e-05,2.4798457475e+01,nan
3.9765207265e-05,1.2340137447e-04,1.2402781109e+01,nan
-1.4445397691e-04,5.2936486860e-05,1.0206833364e+02,nan
-1.4340957108e-04,5.6508769993e-05,9.5326035731e+01,nan
-1.4656482059e-04,5.6595525604e-05,9.5053185012e+01,nan
-1.4968786619e-04,5.6696063518e-05,9.4753371178e+01,nan
2.2195100552e-04,9.7015056608e-05,9.6299552358e+00,nan
2.5662797163e-04,1.2863871032e-04,1.2779485808e+01,nan
2.6053448218e-04,1.2966957957e-04,1.2978651713e+01,nan
2.6096059823e-04,1.3351560483e-04,1.3152619225e+01,nan
2.6444193201e-04,1.3068668817e-04,1.3119041260e+01,nan
-2.0499429900e-04,7.6132598478e-05,5.8417708359e+01,nan
-2.0543023322e-04,7.8326327402e-05,5.5300495489e+01,nan
-1.6839791608e-04,8.6874859227e-05,4.8916211977e+01,nan
3.3171881703e-04,3.9589346550e-05,1.9914007657e+01,nan
-2.9581647304e-04,5.3756010793e-05,6.4042864532e+01,nan
-1.7245882127e-04,8.3111762452e-05,5.3102896091e+01,nan
-1.8978145112e-04,7.8564089249e-05,5.7271602087e+01,nan
-2.4700443149e-04,6.3503280716e-05,6.8157855802e+01,nan
-2.3965926362e-04,6.8764281445e-05,6.1348625641e+01,nan
2.6078942830e-04,7.8224633267e-05,1.1660103753e+01,nan
2.6481908330e-04,7.9121539224e-05,1.1957490107e+01,nan
-2.2117960485e-04,4.3226689927e-05,1.1887641340e+02,nan
2.7629296163e-04,1.0374245839e-04,1.3012241396e+01,nan
1.0684613472e-04,1.4609421719e-04,1.3044831475e+01,nan
-1.5032836730e-04,1.0198113159e-04,3.4472436415e+01,nan
3.0560424396e-04,4.7092775745e-05,1.6393431826e+01,nan
1.8229168930e-04,1.3018964803e-04,9.6750304402e+00,nan
7.5473562311e-05,1.2071989335e-04,9.0870810859e+00,nan
1.3356360686e-04,1.4892737475e-04,1.2554871228e+01,nan
1.5428475205e-04,1.0079975941e-04,1.1747798511e+01,nan
1.5482313827e-04,1.0418712737e-04,1.1146879167e+01,nan
-9.0805078215e-05,1.0514281668e-04,2.9087426613e+01,nan
1.8963523690e-04,8.1446157134e-05,1.4642482436e+01,nan
1.2330418434e-04,1.4537768799e-04,1.2847188245e+01,nan
1.2361759216e-04,1.4872046999e-04,1.2959171400e+01,nan
-2.1013534554e-04,9.0001134496e-05,4.0045844176e+01,nan
-2.0971756446e-04,8.7707127433e-05,4.2715799690e+01,nan
-2.1265478316e-04,9.0461272373e-05,3.8990491490e+01,nan
-2.1439622980e-04,8.6311111609e-05,4.3321436550e+01,nan
-2.1691490369e-04,8.6781198359e-05,4.2168676861e+01,nan
-2.1941507128e-04,8.7271679356e-05,4.0965571834e+01,nan
-2.2405107103e-04,8.5959399345e-05,4.1266916149e+01,nan
-2.2651539824e-04,8.6505066637e-05,3.9893146290e+01,nan
-2.2623718965e-04,8.4151677275e-05,4.2860734505e+01,nan
1.1388766839e-04,1.1962806914e-04,1.0393825164e+01,nan
4.2029707265e-05,9.5027382845e-05,2.4898224308e+01,nan
7.7189991395e-05,1.4101394768e-04,9.1780629822e+00,nan
3.4296632021e-04,6.8252724388e-05,1.8565303096e+01,nan
-2.6489219848e-04,1.2723707173e-05,2.2169552482e+02,nan
-2.6840161624e-04,1.2831194723e-05,2.2063694377e+02,nan
-1.4687369470e-04,9.3425198692e-05,4.2603308689e+01,nan
2.7968873406e-04,1.0080981544e-04,1.3201664722e+01,nan
6.3682952999e-05,9.1358755013e-05,2.4021680077e+01,nan
8.6236872162e-05,9.5342905417e-05,1.8986767054e+01,nan
1.4888925814e-04,3.4117244735e-05,5.5616508456e+01,nan
1.4523658150e-04,1.3355456529e-04,1.0851486654e+01,nan
2.5066214977e-04,1.3333206966e-05,4.5572608065e+01,nan
9.6736791368e-05,9.8598986630e-05,1.6449613171e+01,nan
-1.2840486396e-04,9.4357688798e-05,4.1615976944e+01,nan
-1.2917881245e-04,9.0368365271e-05,4.5963532451e+01,nan
-1.2635324455e-04,9.0234228505e-05,4.6105646034e+01,nan
-1.2352092886e-04,9.0106780146e-05,4.6237393631e+01,nan
-1.6808008148e-04,3.7696093129e-05,1.3477603772e+02,nan
2.8004796082e-04,5.7164687183e-05,1.3687071416e+01,nan
1.0525921907e-04,1.2937018162e-04,1.0132747030e+01,nan
8.4027193026e-05,8.6520719202e-05,2.4150161732e+01,nan
1.3186555254e-04,1.3216070950e-04,1.1553477600e+01,nan
1.9503893448e-04,9.9150745795e-06,9.3481072299e+01,nan
1.1328494054e-04,9.7816700611e-05,1.4799414241e+01,nan
-1.4730521064e-04,2.7498036198e-05,1.5978845529e+02,nan
1.6734764973e-04,8.7297776665e-06,1.3836634962e+02,nan
-1.7162190234e-04,1.6542469753e-05,1.9159446119e+02,nan
2.1660998381e-04,4.9456091271e-05,3.1049066931e+01,nan
2.1986337609e-04,4.7005867575e-05,3.2193301906e+01,nan
2.2657131445e-04,8.0626871262e-05,1.1313201514e+01,nan
2.2259118240e-04,7.9636534861e-05,1.1901586235e+01,nan
-2.0873470909e-04,1.6762747985e-05,1.9708756020e+02,nan
-2.4380271731e-04,1.3944770959e-05,2.1439250036e+02,nan
3.3557944212e-04,1.8022534046e-05,2.0883667511e+01,nan
-2.3756568060e-04,3.1092552042e-05,1.5119775049e+02,nan
1.5456372056e-04,6.7171359697e-05,2.4218195206e+01,nan
3.1660093747e-04,2.3530148028e-05,1.8537753881e+01,nan
-1.8213200386e-04,5.4247708014e-05,9.7914678141e+01,nan
-2.8251890772e-04,2.7954095222e-05,1.3357638978e+02,nan
1.7613355291e-04,3.7693499235e-05,4.2287071159e+01,nan
-2.0177818933e-04,6.1327179682e-05,8.2673630016e+01,nan
-2.8384517975e-04,4.5126233219e-05,8.7499949274e+01,nan
-3.1301388361e-04,9.9128027442e-06,2.0190552305e+02,nan
1.2805102082e-04,6.1704606934e-05,3.3223673756e+01,nan
2.7184014252e-04,5.5639526953e-05,1.3040682509e+01,nan
-1.3761568056e-04,9.0812169650e-05,4.5464221671e+01,nan
1.8782650986e-04,3.9372689995e-05,3.8048331885e+01,nan
3.3010879838e-04,5.4376315489e-05,1.8814299253e+01,nan
3.2676252187e-04,5.7641488895e-05,1.8225075491e+01,nan
3.3345422068e-04,5.1079928376e-05,1.9448889836e+01,nan
1.8021666469e-04,1.1226508908e-04,9.7210523157e+00,nan
1.0180013096e-04,5.6960790282e-05,4.3763108659e+01,nan
-1.8845892631e-04,6.4247177697e-05,7.9055541063e+01,nan
2.1525237348e-04,4.3424601212e-05,3.2865310367e+01,nan
4.1982956974e-05,7.6691332636e-05,3.9538914645e+01,nan
8.0348031162e-05,5.3634638679e-05,5.3965508088e+01,nan
6.9988950776e-05,5.2231416925e-05,5.9805264001e+01,nan
3.0226539216e-04,5.0188545191e-05,1.5944411797e+01,nan
-1.9660001216e-04,3.4879061292e-05,1.4216086937e+02,nan
-1.9504199079e-04,3.1399962728e-05,1.5159586126e+02,nan
4.9955651116e-05,4.9945464830e-05,7.3446611846e+01,nan
1.4469541659e-04,1.0427822637e-04,1.1439160449e+01,nan
-1.9685316076e-04,2.8051163112e-05,1.6113646075e+02,nan
-2.1496646400e-05,4.5918167355e-05,1.1435316041e+02,nan
-3.1464343585e-05,3.0708830310e-05,1.4907616144e+02,nan
1.4335780300e-04,7.9236782137e-05,1.8930298231e+01,nan
2.9744838949e-04,4.5874241928e-05,1.5641548251e+01,nan
1.4664498518e-05,3.1589027042e-05,1.3797313331e+02,nan
2.9667117435e-04,4.2212874135e-05,1.5731790048e+01,nan
2.5080955681e-05,3.1877126761e-05,1.3487624058e+02,nan
-2.2323622005e-04,5.7372572160e-05,8.6645226291e+01,nan
2.4804667784e-04,9.3213537968e-05,1.0677998528e+01,nan
3.4347955390e-04,4.0983283042e-05,2.1653243145e+01,nan
3.4014412673e-04,4.4384380534e-05,2.0867311263e+01,nan
7.9881047963e-05,3.4139391218e-05,9.5854813670e+01,nan
9.0623978527e-05,3.4951561757e-05,8.4833180632e+01,nan
2.4131285749e-04,9.8717805490e-05,1.0270821641e+01,nan
1.7842532097e-04,4.6177661425e-05,3.4492613795e+01,nan
3.5096693829e-04,1.5187283628e-05,2.3547974976e+01,nan
3.1244959291e-04,2.3102136052e-05,1.7985765702e+01,nan
3.0748310739e-04,1.9183147063e-05,2.3626085171e+01,nan
3.0601576075e-04,1.2565574932e-05,3.3798169052e+01,nan
3.0534882103e-04,9.4089617984e-06,3.8166593147e+01,nan
3.0895655032e-04,6.1708024776e-06,3.8894303714e+01,nan
-1.3510819596e-04,3.8910815224e-05,1.3190997497e+02,nan
-2.6548853872e-04,7.1574301030e-05,4.6498645038e+01,nan
6.9417963908e-05,1.2110581380e-04,9.2089365385e+00,nan
9.5107009489e-05,1.2561599368e-04,8.2440090547e+00,nan
1.0487163663e-04,1.2602548898e-04,9.7080633080e+00,nan
1.0745366842e-04,1.2056911685e-04,9.8330796372e+00,nan
1.2157123566e-04,1.2865410933e-04,1.1266440889e+01,nan
1.2461210503e-04,1.2647554259e-04,1.1147372147e+01,nan
1.2804100636e-04,1.2764053516e-04,1.1240321866e+01,nan
1.9982878003e-04,5.8539819938e-05,2.6127940871e+01,nan
1.6821197557e-04,1.2850693636e-04,1.0038642805e+01,nan
-1.6788956882e-04,1.6529143775e-05,1.9115500141e+02,nan
1.4061886348e-04,9.9894557138e-05,1.2523836360e+01,nan
1.4834900013e-04,8.6569576189e-05,1.5945407983e+01,nan
1.5135385058e-04,8.4300919862e-05,1.6614216756e+01,nan
-2.6134514802e-04,1.2630932513e-05,2.2227823914e+02,nan
-2.7859991690e-04,9.7140991272e-06,2.3616333108e+02,nan
-2.8189729867e-04,6.3924057795e-06,2.5772784045e+02,nan
-1.5589420646e-04,5.6897609950e-05,9.4142657867e+01,nan
-1.6484191602e-04,4.9912648597e-05,1.0746344962e+02,nan
-1.8931011544e-04,4.8994294493e-05,1.0832963236e+02,nan
-3.2371773495e-04,1.6932841755e-05,1.3135615606e+02,nan
-2.9293797812e-04,2.0933997554e-05,1.5249772282e+02,nan
-3.1792729029e-04,2.1545945083e-05,1.1935100017e+02,nan
-3.1649030496e-04,2.4254426011e-05,1.1118806157e+02,nan
-1.8967560157e-04,9.7675398494e-05,3.5719457734e+01,nan
-3.3280794725e-04,4.2087840376e-05,6.4342930929e+01,nan
-1.4040968962e-04,1.0957783334e-04,2.8391751268e+01,nan
2.3523168213e-04,1.4484598358e-04,1.3452719250e+01,nan
2.3892619602e-04,1.4230572409e-04,1.3245959159e+01,nan
1.2091964717e-04,1.5429182910e-04,1.3038002726e+01,nan
3.1804048425e-04,1.0550915291e-04,1.4303074370e+01,nan
1.4727422040e-04,1.5363203433e-04,1.1744013163e+01,nan
1.5033496317e-04,1.5160325209e-04,1.1804687364e+01,nan
1.5371336379e-04,1.5281551999e-04,1.1570610921e+01,nan
1.5344596454e-04,1.4948713897e-04,1.1747705285e+01,nan
1.5685277434e-04,1.5076623582e-04,1.1620043578e+01,nan
-1.6167660244e-04,1.0508880430e-04,3.1638897046e+01,nan
2.8988279335e-04,1.2179259402e-04,1.3404293770e+01,nan
2.9340158804e-04,1.1908694220e-04,1.3501518946e+01,nan
3.5982301173e-04,5.9833136134e-05,2.0700121871e+01,nan
-8.8499618560e-05,1.1951068462e-04,1.6824122509e+01,1.8482559768e+01
1.5702236593e-04,1.5396934161e-04,1.1301630368e+01,nan
1.6023727997e-04,1.5202383349e-04,1.1445326371e+01,nan
1.5998512696e-04,1.4867059354e-04,1.1477519259e+01,nan
1.6339792010e-04,1.4997581940e-04,1.1416356533e+01,nan
1.6369908809e-04,1.5324963879e-04,1.1265565633e+01,nan
-1.1577176498e-04,1.1225337739e-04,2.5126442248e+01,nan
-1.1244218519e-04,1.1632514874e-04,2.2084924304e+01,1.8799641272e+01
-3.3817113872e-04,4.0184066845e-05,6.8578412579e+01,nan
-2.7966130915e-04,6.4780562550e-05,5.1257143078e+01,nan
2.6479246743e-04,1.3444655788e-04,1.3231024512e+01,nan
2.6826119907e-04,1.3159316300e-04,1.3201011236e+01,nan
5.1897722316e-05,1.4442289194e-04,6.7765428358e+00,nan
-2.5173946974e-04,7.6632441907e-05,4.4296384909e+01,nan
-2.5401402466e-04,7.4988492150e-05,4.5897319132e+01,nan
1.9425980916e-04,1.5251905915e-04,1.1100690475e+01,nan
1.4418667371e-04,1.5557818510e-04,1.1615943166e+01,nan
2.0147195302e-04,1.5235811079e-04,1.1386265638e+01,nan
2.0524606808e-04,1.5366091158e-04,1.2510111118e+01,2.5220862422e+01
1.6736027376e-04,1.5504618823e-04,1.1045813409e+01,nan
1.7020906727e-04,1.5267662849e-04,1.1247157524e+01,nan
-1.4310902061e-04,1.1024413137e-04,2.7967000771e+01,1.8792626205e+01
-2.5892079474e-04,7.6413556367e-05,4.1797691152e+01,1.5073436329e+01
-1.6433753860e-04,1.0575177851e-04,3.1001019733e+01,1.8533300263e+01
-1.7176430221e-04,1.0414007429e-04,3.1855593196e+01,1.8403493747e+01
3.2136510726e-04,1.0258077883e-04,1.4537922506e+01,nan
3.4446725755e-04,8.0440839557e-05,1.7040045252e+01,nan
1.2435925299e-04,1.5551540984e-04,1.2779718152e+01,nan
-1.2643694945e-04,1.1279313933e-04,2.5546422879e+01,nan
6.7549374845e-05,1.4963647598e-04,1.4605228744e+01,nan
8.0790970362e-05,1.5243189637e-04,1.5029202617e+01,nan
1.9778137558e-04,1.5448650744e-04,1.1692181907e+01,2.4275542064e+01
-3.0749633365e-04,5.3120982637e-05,6.1162348034e+01,1.0155735112e+01
-3.0477978837e-04,5.4182675251e-05,5.9781600750e+01,nan
-3.0111670822e-04,5.7968238298e-05,5.3354039912e+01,1.1140416403e+01
-2.4018766645e-04,8.3292194816e-05,3.9187835093e+01,1.6188008980e+01
-2.3795651698e-04,8.2312191659e-05,4.1357881214e+01,nan
-2.8428061781e-04,6.4303186295e-05,4.9696997879e+01,1.2864186865e+01
3.8091385781e-04,8.3970871314e-06,3.2148640449e+01,nan
3.6925894431e-04,8.0816218840e-06,2.5737934316e+01,nan
3.4956747623e-04,7.5859728372e-06,2.2431660451e+01,nan
3.0068787332e-04,6.3125481670e-06,4.1949073111e+01,nan
2.7699363877e-04,5.9539735871e-06,4.5800013509e+01,nan
2.4076844029e-04,4.8642143295e-06,7.0423868699e+01,nan
2.3282050321e-04,4.6125199752e-06,8.0762215220e+01,nan
8.9929346807e-05,3.1599066087e-06,2.3270693542e+02,nan
5.8426320437e-05,3.1206734941e-06,2.2089383609e+02,nan
-2.9370345098e-04,6.1696891447e-05,4.9507789469e+01,1.2050783236e+01
-2.9713425570e-04,5.8006622696e-05,5.5108169171e+01,1.1610711363e+01
3.0803287663e-05,3.0757853943e-06,2.1746036586e+02,nan
-2.4743400133e-04,8.0276975185e-05,4.0559164768e+01,1.5786491186e+01
7.0754850392e-06,3.0372138113e-06,2.1739739809e+02,nan
-8.4276954409e-07,3.0254043481e-06,2.1765487908e+02,nan
-2.8581518430e-05,2.9908148366e-06,2.1883144034e+02,nan
3.5350977462e-04,7.8522931611e-06,2.2831550737e+01,nan
-5.6340921515e-05,2.9675996150e-06,2.1992621683e+02,nan
-8.0137035434e-05,2.9554165877e-06,2.2086961283e+02,nan
-8.8068099644e-05,2.9526019095e-06,2.2123954615e+02,nan
-1.1185577598e-04,2.9470549060e-06,2.2269144494e+02,nan
-1.6724272471e-04,2.9329304631e-06,2.2957900562e+02,nan
1.9082830687e-04,1.5473870890e-04,1.1460237474e+01,2.4021126709e+01
2.6138060560e-04,1.3735876231e-04,1.3295045436e+01,nan
3.1120760691e-04,1.1152497005e-04,1.3885779270e+01,nan
3.0797171006e-04,1.1466950684e-04,1.3698846744e+01,nan
3.0393900564e-04,1.1398443987e-04,1.3750130011e+01,nan
3.0064690408e-04,1.1744137419e-04,1.3577018201e+01,nan
3.0003620688e-04,1.1339011845e-04,1.3760512445e+01,nan
3.8051463299e-04,4.2402358120e-06,2.8481601478e+01,nan
3.8467812449e-04,8.6836730421e-06,3.6265816244e+01,nan
3.6871330976e-04,3.9720485790e-06,2.3462779131e+01,nan
3.2497054875e-04,6.7677773783e-06,2.8691255813e+01,nan
-3.2783847079e-04,4.3545342198e-05,6.4666084210e+01,nan
-3.2369688281e-04,3.9731018186e-05,7.0653823874e+01,nan
3.1692290677e-04,6.4225670603e-06,3.5164171183e+01,nan
-3.1182076911e-04,3.9097921746e-05,7.6131041159e+01,nan
3.0036939412e-04,3.0888594378e-06,4.3809008575e+01,nan
-2.6555680558e-04,4.9308476447e-05,8.9827570046e+01,nan
-3.0054631411e-04,2.5103192345e-05,1.2429490881e+02,nan
2.7650551880e-04,2.9466614117e-06,4.6338642049e+01,nan
2.8101905362e-04,6.0787796947e-06,4.5203001588e+01,nan
2.8447244782e-04,3.1569940411e-06,4.5173842815e+01,nan
2.8488960433e-04,6.2551700631e-06,4.4610974375e+01,nan
-3.2999851773e-04,4.5681170755e-05,6.0837040287e+01,nan
-3.2490620492e-04,4.7332463155e-05,5.9990950283e+01,1.3218691264e+01
-3.2104097083e-04,4.7465379395e-05,6.2922479133e+01,nan
-2.3358098400e-04,5.0308856219e-05,9.9425437146e+01,nan
-2.4386948012e-04,3.1484069444e-05,1.4864348626e+02,nan
-2.3621961464e-04,2.3875314445e-05,1.7604510072e+02,nan
-2.1883612580e-04,4.6924749991e-05,1.1016959207e+02,nan
-2.2932785767e-04,2.3681365315e-05,1.7670112326e+02,nan
3.5679032945e-04,4.1033918667e-06,2.1938743784e+01,nan
-2.0060538724e-04,4.5804896717e-05,1.1472692033e+02,nan
-1.9510483031e-04,2.4715089462e-05,1.7070519147e+02,nan
-1.9154415841e-04,2.4665029168e-05,1.7051218768e+02,nan
-1.8442050946e-04,2.4588195072e-05,1.7006470544e+02,nan
-1.2546659097e-04,5.7889323035e-05,9.3432006544e+01,nan
-1.1585632644e-04,5.7710768928e-05,9.4106822704e+01,nan
-1.1907562150e-04,5.7765427527e-05,9.3888513581e+01,nan
1.7900770457e-04,1.3242627672e-04,9.8631065145e+00,nan
-1.0856043562e-04,5.2315160872e-05,1.0445813009e+02,nan
3.8830079436e-04,4.3378640992e-06,3.6955099900e+01,nan
3.8877704636e-04,9.1637149922e-06,4.2670319499e+01,nan
2.8837892634e-04,3.2739012496e-06,4.4799104880e+01,nan
1.9780471886e-04,1.5052578670e-04,1.0778782447e+01,nan
1.7932344870e-04,1.3597976772e-04,1.0038867720e+01,nan
1.7498546038e-04,1.2755576745e-04,9.8007237262e+00,nan
1.4449263989e-04,1.2679438703e-04,1.0420023424e+01,nan
1.4408380434e-04,1.2340471602e-04,1.0283165867e+01,nan
-3.1162284687e-04,5.3939908378e-05,5.9478608740e+01,9.6528757557e+00
9.8085366108e-05,1.2354533943e-04,8.6654144284e+00,nan
-3.8628389762e-05,3.0634627407e-05,1.4997042309e+02,nan
1.8902476274e-04,5.9516971088e-05,2.6438515992e+01,nan
-2.0693651784e-05,3.0848497371e-05,1.4729984773e+02,nan
1.7822608176e-04,6.0394031480e-05,2.6099853128e+01,nan
-1.3554659093e-05,3.0964036246e-05,1.4581365635e+02,nan
-6.4423010363e-06,3.1096183751e-05,1.4409703435e+02,nan
-2.5417412415e-04,1.2482902124e-05,2.2232169018e+02,nan
6.3857080848e-07,3.1244607925e-05,1.4217890546e+02,nan
7.6829746668e-06,3.1408428590e-05,1.4011194390e+02,nan
1.3964305498e-04,7.8309846255e-05,1.9920379143e+01,nan
6.0453280704e-05,1.1997969738e-04,1.0157077256e+01,nan
6.0078536227e-05,1.1691139752e-04,1.1401185212e+01,nan
3.5399126535e-05,3.2180367683e-05,1.3232158723e+02,nan
-8.0477253667e-05,8.8965418285e-05,4.7581176760e+01,nan
1.2467922651e-04,1.0436869384e-04,1.2326051570e+01,nan
1.0890957450e-04,9.3537426987e-05,1.7294848017e+01,nan
1.0160998388e-04,3.5925830412e-05,7.5021891899e+01,nan
-1.8425919047e-04,1.3495777984e-05,2.0240162700e+02,nan
1.2421728566e-04,3.8373347692e-05,5.9358565268e+01,nan
1.3195087798e-04,3.9328387616e-05,5.4882410607e+01,nan
1.5132198823e-04,4.1971942710e-05,4.4745973969e+01,nan
1.5906476017e-04,4.3120176107e-05,4.1342596094e+01,nan
9.4509608223e-05,8.9390910246e-05,2.1158990087e+01,nan
7.3849375940e-05,8.3866691746e-05,2.7376480932e+01,nan
2.8894743606e-04,1.1423914445e-04,1.3562956794e+01,nan
2.8119395081e-04,1.1238253767e-04,1.3335559060e+01,nan
2.7288459484e-04,1.0665808525e-04,1.2841839891e+01,nan
2.7339415529e-04,1.1050398162e-04,1.2944723253e+01,nan
4.9164419072e-05,1.4222751355e-04,1.0774116626e+00,nan
4.9546992932e-05,1.3884806276e-04,6.8957676192e+00,nan
4.5869903850e-05,1.4383400513e-04,3.8081973549e+00,nan
2.6843127170e-04,1.0188374611e-04,1.2433129486e+01,nan
2.6055260915e-04,9.9972192277e-05,1.1770127041e+01,nan
2.5602067716e-04,9.5192546312e-05,1.1303432755e+01,nan
3.6443942260e-06,2.6368454018e-05,1.5397780929e+02,nan
-8.0319065266e-05,9.2895226904e-05,4.2583303314e+01,nan
1.0833743116e-05,2.6501765343e-05,1.5221262345e+02,nan
-7.7348150007e-05,9.6843790455e-05,3.7734610709e+01,nan
-3.3387880974e-04,4.4407759243e-06,2.1274904925e+02,nan
3.9193976081e-05,2.7110756565e-05,1.4640792004e+02,nan
4.6168734764e-05,2.7270447314e-05,1.4590608944e+02,nan
-3.4134388895e-04,4.9566107084e-06,1.7904104932e+02,nan
4.2225785530e-05,1.2473590198e-04,1.0635413001e+01,nan
-3.4884056616e-04,5.6111849945e-06,1.4776302392e+02,nan
-2.3750452892e-04,7.5191117615e-05,5.1740724160e+01,nan
1.1410242570e-04,3.0506190126e-05,8.1227187042e+01,nan
3.5294186517e-05,7.6616324257e-06,2.0391650885e+02,nan
2.6212739241e-04,8.5741078996e-05,1.1713578383e+01,nan
3.8122050819e-04,1.2681887714e-05,3.4384219389e+01,nan
1.2171273832e-04,3.1190023834e-05,7.4444440608e+01,nan
-8.4925685089e-05,8.7064407563e-05,4.9997650089e+01,nan
3.4887269834e-04,3.7255335859e-06,2.1892981069e+01,nan
4.9806729436e-05,1.3554031553e-04,6.9925037178e+00,nan
5.2673002758e-05,1.3419747452e-04,6.5898639834e+00,nan
1.2942052912e-04,3.1946131833e-05,6.8402660690e+01,nan
7.7706214837e-05,7.8199291401e-06,2.1283389209e+02,nan
-7.6175337928e-05,8.6984476568e-05,5.0271886421e+01,nan
2.3440803666e-04,1.3357913466e-04,1.1797431514e+01,nan
3.5664957647e-04,6.3204614047e-05,1.9961740550e+01,nan
1.5667520220e-04,3.5081534379e-05,5.1315649524e+01,nan
3.5318117210e-04,6.2347440562e-05,1.9951725777e+01,nan
1.1622533445e-04,7.8657571611e-06,2.2879080911e+02,nan
-4.8585183371e-05,4.5412494039e-05,1.1864495347e+02,nan
-4.1786841678e-05,4.5500539073e-05,1.1800165075e+02,nan
1.6445797785e-04,3.6094156184e-05,4.7413362088e+01,nan
-3.5002233882e-05,4.5612740771e-05,1.1709851973e+02,nan
-2.8236262042e-05,4.5751134757e-05,1.1589531109e+02,nan
2.3057286471e-04,1.0302943479e-04,9.7351497445e+00,nan
-1.4027736586e-04,6.7508150901e-05,7.6553227423e+01,nan
-1.1440134932e-05,4.6223655200e-05,1.1133870663e+02,nan
1.5151163574e-04,8.2841125418e-06,1.7035170598e+02,nan
-4.7864419994e-06,4.6466812254e-05,1.0883509963e+02,nan
3.7319305076e-04,8.1050872411e-06,2.7227481310e+01,nan
2.8289245638e-04,7.2061650673e-05,1.3555961226e+01,nan
3.6612525563e-04,4.8512314015e-05,2.3406659464e+01,nan
3.3625287515e-04,4.3884138718e-05,2.0339794029e+01,nan
-1.1267778808e-04,7.6095036291e-05,6.4455972834e+01,nan
2.7758240331e-04,8.9031783187e-06,4.4988893700e+01,nan
2.1733175082e-04,9.2193378822e-05,1.0189766188e+01,nan
3.3680311389e-04,4.7749395149e-05,2.0132886988e+01,nan
3.5203907191e-05,1.0931949287e-04,1.7914319393e+01,nan
3.1972913210e-05,1.0591477736e-04,2.0323571654e+01,nan
1.7921850765e-04,9.1837586277e-06,1.1694862087e+02,nan
3.0201255815e-04,9.8326706295e-05,1.4398587930e+01,nan
2.9814300349e-04,9.7471363949e-05,1.4259253651e+01,nan
-3.0037762323e-04,5.3810886843e-05,6.1949278232e+01,nan
1.8712764342e-04,9.5331834099e-06,1.0453884263e+02,nan
1.9847878948e-04,9.0453429428e-05,1.1461327773e+01,nan
1.9907682868e-04,9.4036788488e-05,1.0812186946e+01,nan
1.9583316933e-04,9.6534719411e-05,1.0603664811e+01,nan
1.9966106226e-04,9.7649373255e-05,1.0306657160e+01,nan
1.9640133111e-04,1.0014387460e-04,1.0151970942e+01,nan
2.0347092984e-04,4.1687839329e-05,3.4237592690e+01,nan
2.6400544077e-04,1.2683602835e-04,1.2975323435e+01,nan
-1.4230623258e-04,7.1379362146e-05,7.0508718405e+01,nan
-1.0719569433e-04,1.0564413966e-04,2.9787241531e+01,nan
-1.4934930552e-04,1.0610957681e-04,3.1088051052e+01,nan
-1.5012143791e-04,1.0830766433e-04,2.9413508397e+01,nan
2.1132115266e-04,4.2849949594e-05,3.3109304860e+01,nan
-1.4331160968e-04,6.7619712704e-05,7.6264845949e+01,nan
3.6258189498e-04,4.7832630844e-05,2.3263331142e+01,nan
3.6672790119e-04,5.3195828355e-05,2.2366845525e+01,nan
3.5280494796e-04,5.8207631542e-05,2.0595097217e+01,nan
-1.3540714667e-04,7.4934678903e-05,6.5529742491e+01,nan
3.0586919342e-04,9.9182508564e-05,1.4501485344e+01,nan
-3.7821503186e-04,3.9597726877e-06,1.1527256146e+02,nan
-2.5291483830e-04,4.2379375312e-05,1.1295702569e+02,nan
-2.7226098046e-04,3.9290948380e-05,1.1028107745e+02,nan
7.0837502518e-05,1.4139582974e-04,8.0509586492e+00,nan
-3.7426613748e-04,3.8032637596e-06,1.0731163390e+02,nan
-3.6432903021e-04,6.8931149600e-06,1.0907132363e+02,nan
-3.6251132219e-04,1.0488311535e-05,9.1371013354e+01,nan
-3.5853474963e-04,9.9084740002e-06,1.0387080015e+02,nan
-3.6033838556e-04,6.6105865821e-06,1.3415940839e+02,nan
-3.5663274556e-04,1.3471921293e-05,8.7282583503e+01,nan
-1.5083892408e-04,8.3554258285e-05,5.3650312595e+01,nan
1.9787082524e-04,8.6904232414e-05,1.2274084331e+01,nan
8.3385412453e-05,1.1172308766e-04,1.2080958815e+01,nan
-1.4551557642e-04,4.9406345984e-05,1.0905949408e+02,nan
3.3567530716e-04,4.0051719394e-05,2.0491412775e+01,nan
-3.8283145087e-04,9.2821754223e-06,1.6988249484e+02,3.3376436315e+00
3.6294677045e-04,5.6457024249e-05,2.1497486138e+01,nan
-1.7113875552e-04,8.7117828158e-05,4.8458147384e+01,nan
1.0435260792e-04,1.5458515910e-04,1.3952099952e+01,nan
1.0781683425e-04,1.5612861078e-04,1.3795090732e+01,nan
-1.1841771363e-04,1.1237267560e-04,2.5258558439e+01,nan
1.1043167462e-04,1.1844321827e-04,1.0175525243e+01,nan
3.3397862728e-04,5.4972247710e-05,1.9203970427e+01,nan
3.0631017417e-04,5.0807821058e-05,1.6332857757e+01,nan
-1.0399148339e-04,1.0965906547e-04,2.6063462352e+01,nan
-1.0509182715e-04,1.1178295953e-04,2.4476032556e+01,nan
-1.0084474238e-04,1.1371625833e-04,2.2556675207e+01,nan
-9.6638236029e-05,1.1567218789e-04,2.0617010231e+01,nan
-1.0195414762e-04,1.1576937410e-04,2.1237590859e+01,nan
-1.0460741756e-04,1.1585757045e-04,2.1503601471e+01,nan
1.6657058483e-04,1.4791119449e-04,1.1321218949e+01,nan
3.0487834255e-04,9.1373265870e-05,1.4787386741e+01,nan
3.0823731862e-04,8.8294626554e-05,1.5087983139e+01,nan
1.2703813917e-04,1.4990377263e-04,1.2833365613e+01,nan
-3.0518065578e-04,2.1028446329e-05,1.3639707225e+02,nan
1.2044596627e-04,6.0258742396e-05,3.6544901984e+01,nan
-2.8563107732e-04,3.8173003492e-05,9.9959658610e+01,nan
-1.0174067711e-04,1.0544874021e-04,2.9577775150e+01,nan
-9.9009855614e-05,1.0536155886e-04,2.9462365472e+01,nan
2.0023257900e-04,1.0128791728e-04,9.9271843636e+00,nan
1.9695474298e-04,1.0377661241e-04,9.8177929330e+00,nan
-1.0718945602e-04,1.1621814782e-04,2.1570275601e+01,nan
-2.2238311510e-04,7.2203826844e-05,6.0650470559e+01,nan
2.3463214162e-04,1.2271568291e-05,5.4361293818e+01,nan
1.9768028450e-04,1.4680611669e-04,1.0312008170e+01,nan
1.9399199856e-04,1.4528800881e-04,1.0177912725e+01,nan
1.9343491353e-04,8.2411717193e-05,1.3933081824e+01,nan
-1.4224935467e-04,1.0135956482e-04,3.5021237068e+01,nan
3.2447269185e-04,9.9551231629e-05,1.4802083710e+01,nan
-1.4755458279e-04,1.0799312181e-04,2.9649779160e+01,nan
7.0146936739e-05,9.3227606490e-05,2.2017604068e+01,nan
-1.8525571064e-04,9.0699279510e-05,4.3243868174e+01,nan
8.3976955586e-05,1.1497767912e-04,1.0801539996e+01,nan
3.3635497341e-04,7.4806272147e-05,1.7474058882e+01,nan
-2.3504556393e-04,7.4632103978e-05,5.3386204648e+01,nan
-2.3489976461e-04,7.2313336073e-05,5.7037912660e+01,nan
6.4429779261e-05,1.4493428048e-04,1.0054924992e+01,nan
6.1116760961e-05,1.4977278022e-04,1.5547886713e+01,nan
5.4721228457e-05,1.4645886223e-04,1.1638960378e+01,nan
5.0762308490e-05,1.4818221952e-04,1.6165894105e+01,nan
1.0085035702e-04,1.5345908965e-04,1.4048913504e+01,nan
9.7407520167e-05,1.5235145930e-04,1.4067688009e+01,nan
9.3838596860e-05,1.5480501184e-04,1.4637803362e+01,nan
9.0697494289e-05,1.5295999240e-04,1.4479957731e+01,nan
3.2072081126e-04,9.8662361211e-05,1.4851353694e+01,nan
-3.6461777644e-04,1.9868118683e-05,1.1040615662e+02,nan
-3.6151334007e-04,2.4210241445e-05,1.0701763775e+02,nan
-3.5574019703e-04,2.7160921013e-05,9.5071830902e+01,nan
-3.5823570196e-04,2.8517965631e-05,1.0260583023e+02,nan
-3.5258649282e-04,3.1282334187e-05,9.1122194286e+01,nan
-3.6467983234e-04,2.5208776474e-05,1.1892613043e+02,7.7843863885e+00
-3.5977679534e-04,3.0821936373e-05,1.0988868114e+02,9.2203810206e+00
-3.5003102863e-04,2.9847067748e-05,8.5350769979e+01,nan
-3.4696811648e-04,3.3962607586e-05,8.1478902509e+01,nan
-3.5012192530e-04,3.5102377142e-05,8.8935197026e+01,1.1417092630e+01
-3.4409722190e-04,3.8443692774e-05,7.8929385116e+01,nan
1.0371734011e-04,1.4820765762e-04,1.3333623791e+01,nan
-3.7663440971e-04,1.2825966950e-05,1.4354850831e+02,nan
-3.7318402333e-04,1.7330522951e-05,1.4049560294e+02,nan
-3.6749888825e-04,2.0702061249e-05,1.2199058799e+02,nan
1.3943682807e-04,6.3977875254e-05,2.8841080108e+01,nan
2.9586472624e-04,3.8571292337e-05,1.5809240734e+01,nan
2.9918483826e-04,3.5524476756e-05,1.6243771573e+01,nan
-3.4717606795e-04,2.8438298587e-05,8.1545495818e+01,nan
2.4261741507e-04,1.2805299725e-05,4.9417168881e+01,nan
1.4700941821e-04,6.5554843206e-05,2.6316825635e+01,nan
-2.8270403084e-04,6.0705881770e-05,5.7280383798e+01,nan
3.2285821637e-04,5.7025752598e-05,1.7846707386e+01,nan
3.2341567308e-04,6.0877194657e-05,1.7677671990e+01,nan
3.2729506793e-04,6.1523085834e-05,1.8012423433e+01,nan
3.2395118215e-04,6.4753808457e-05,1.7482040028e+01,nan
3.2006559207e-04,6.4086047233e-05,1.7168281498e+01,nan
1.2735287554e-04,1.5324996278e-04,1.2733321875e+01,nan
1.2795197244e-04,1.5652799653e-04,1.2474658475e+01,nan
1.2142560458e-04,1.5835380040e-04,1.2760797650e+01,2.6590126726e+01
1.9314787231e-04,1.0261594286e-04,1.0017612231e+01,nan
1.9368245743e-04,1.0624100658e-04,9.7263772082e+00,nan
1.9041680667e-04,1.0868025205e-04,9.6554167564e+00,nan
1.9091304469e-04,1.1231184031e-04,9.4889991498e+00,nan
-1.7790980048e-04,1.0051183813e-04,3.4434656882e+01,nan
-1.8293779313e-04,1.0138681169e-04,3.3176501248e+01,1.8168980416e+01
-2.3291588653e-04,4.2180352588e-05,1.1955628752e+02,nan
3.0151330949e-04,9.4432117637e-05,1.4511439242e+01,nan
2.2327526265e-04,8.3274189789e-05,1.1083583735e+01,nan
2.1930913021e-04,8.2262932035e-05,1.1613183538e+01,nan
2.1997974807e-04,8.5904450237e-05,1.0876963243e+01,nan
2.1602833393e-04,8.4872845505e-05,1.1347940266e+01,nan
2.1668380129e-04,8.8517117810e-05,1.0688466425e+01,nan
3.4065783779e-04,4.8291526846e-05,2.0596899992e+01,nan
-2.7899611459e-04,5.6255201517e-05,6.7957828572e+01,nan
-2.7637258908e-04,5.7803883384e-05,6.6215266278e+01,nan
-1.4877298343e-04,4.9478721155e-05,1.0882406904e+02,nan
2.9833940761e-04,3.1912832619e-05,1.6796257590e+01,nan
3.8145535432e-04,2.1524668694e-05,3.3857768266e+01,nan
3.8157481349e-04,2.6078190178e-05,3.2208384649e+01,nan
3.7853509820e-04,2.9641305583e-05,3.0194640963e+01,nan
3.8498544034e-04,1.8195412471e-05,3.6898086191e+01,nan
3.8199919788e-04,3.1133886167e-05,3.0085839479e+01,2.3056769045e+00
3.7517212302e-04,2.9050303875e-05,2.9631774016e+01,nan
3.7536626833e-04,3.3324022944e-05,2.8428048078e+01,nan
3.7194409678e-04,3.2766589969e-05,2.7970661738e+01,nan
3.7586131902e-04,3.7754708743e-05,2.7093720250e+01,nan
3.7250148580e-04,4.1362352116e-05,2.5711560771e+01,nan
4.5602469016e-05,9.8459324576e-05,2.2163283915e+01,nan
2.3057738313e-04,8.1630767448e-05,1.0790691384e+01,nan
3.2973634132e-04,8.1257921674e-05,1.6552261412e+01,nan
-2.8929688865e-04,6.1639933563e-05,5.1985693602e+01,1.2469332306e+01
-1.1909436933e-04,1.0824993161e-04,2.8403697784e+01,nan
-1.2518024517e-04,1.0442426350e-04,3.1905655622e+01,nan
-2.6839745811e-04,6.5039925900e-05,5.6286107352e+01,nan
-2.7223094856e-04,6.9410396991e-05,4.6961191476e+01,nan
-2.7469755334e-04,6.8018222237e-05,4.8092432281e+01,nan
-2.7916943177e-04,6.7540338587e-05,4.6668450600e+01,1.3588107318e+01
-2.7158306830e-04,7.2112378601e-05,4.2994093816e+01,1.4232876927e+01
-2.6617343591e-04,6.4206722425e-05,5.8833338822e+01,nan
-2.6182364979e-04,6.0274761457e-05,6.8298403329e+01,nan
-2.5927792201e-04,6.1952776728e-05,6.6167862947e+01,nan
-2.5864372194e-04,3.8987045417e-05,1.1972981612e+02,nan
-2.7800868825e-04,2.0876209628e-05,1.7137902231e+02,nan
7.1738660246e-05,1.1608054805e-04,1.1009815202e+01,nan
-3.4144913847e-04,3.6329977540e-05,7.3149742520e+01,nan
7.2209384522e-05,1.1929131942e-04,9.7425752280e+00,nan
1.5787444451e-04,1.0188340791e-04,1.1409618115e+01,nan
1.5840293106e-04,1.0529564941e-04,1.0883662585e+01,nan
-2.3463050743e-04,6.7733978506e-05,6.4652718391e+01,nan
3.3040421690e-04,3.2085983793e-05,1.9986705285e+01,nan
-3.3304910767e-04,3.1527215631e-05,7.6142821134e+01,nan
-3.2811238733e-04,3.3368737442e-05,7.5670160258e+01,nan
3.2022597459e-04,9.4701821487e-05,1.5150140596e+01,nan
-2.4438554951e-04,3.9287421251e-05,1.2456382820e+02,nan
-2.4728770495e-04,3.9595323391e-05,1.2275247945e+02,nan
-2.7516434959e-04,6.5306181404e-05,5.2580335877e+01,nan
-2.0231131805e-04,7.5793957525e-05,5.9341169245e+01,nan
3.4627336987e-04,3.3655654639e-05,2.2667548174e+01,nan
-1.0446963135e-04,1.0554291743e-04,2.9686498419e+01,nan
8.6187347631e-05,1.0976901809e-04,1.2692801806e+01,nan
8.2771191241e-05,1.0852231441e-04,1.3386743557e+01,nan
-2.9948582348e-04,3.5647940190e-05,9.2466937452e+01,nan
2.2596051192e-04,9.8139075357e-05,9.6576948487e+00,nan
2.2258541265e-04,1.0076609197e-04,9.6031699688e+00,nan
2.3388702100e-04,7.8946768628e-05,1.0948843749e+01,nan
-1.7449975766e-04,6.5284034071e-05,7.8467763984e+01,nan
-1.8848313559e-04,9.3249153359e-05,4.0199406466e+01,nan
-1.7199730764e-04,9.7701029332e-05,3.7450276242e+01,nan
1.1739177489e-04,1.5302437808e-04,1.3241973114e+01,nan
2.6746465765e-04,7.2509058616e-05,1.2260935242e+01,nan
2.6816185765e-04,7.6249682434e-05,1.2255758910e+01,nan
2.7218384288e-04,7.7108738835e-05,1.2575289331e+01,nan
1.3025814150e-04,1.1875900564e-04,1.0776870313e+01,nan
3.4096545399e-04,8.3712682169e-05,1.6578678450e+01,nan
3.4176565607e-04,8.7984968553e-05,1.6053971104e+01,1.3444058102e+01
3.4865587224e-04,8.1448981548e-05,1.6934379918e+01,1.2145558028e+01
3.4811453411e-04,7.7114337479e-05,1.7548333372e+01,nan
-3.1452582843e-04,4.8876158709e-05,6.5432505931e+01,nan
1.4713690364e-04,1.2119116168e-04,1.0216167402e+01,nan
-1.5012138905e-04,7.5603533295e-05,6.4107152368e+01,nan
3.4252210922e-04,6.4213206940e-05,1.9038143240e+01,nan
1.3014377106e-04,1.4774041498e-04,1.2697978738e+01,nan
-2.9648077931e-04,1.9259008607e-05,1.5737721408e+02,nan
1.0656146988e-04,1.4275682758e-04,1.2535418597e+01,nan
-2.4483438122e-04,7.9443389885e-05,4.2802102457e+01,nan
2.8343878042e-04,3.6790338886e-05,1.8842231693e+01,nan
2.4125266400e-04,7.7224534299e-05,1.0661456319e+01,nan
2.3793499954e-04,7.9944991537e-05,1.0485112178e+01,nan
-3.2550890246e-04,3.1890253758e-05,7.8893058615e+01,nan
2.5619430238e-04,1.2479346663e-04,1.2534021425e+01,nan
2.5228767261e-04,1.2374909803e-04,1.2233250655e+01,nan
2.5183514934e-04,1.1990816954e-04,1.1952368466e+01,nan
2.4837923144e-04,1.2268757528e-04,1.1884572560e+01,nan
-2.8618382522e-04,3.5903555548e-05,1.0441293638e+02,nan
3.4085998753e-04,3.5200059350e-06,2.0982398746e+01,nan
3.3764575105e-04,7.0072467877e-06,2.0405662042e+01,nan
3.3333542949e-04,6.9276991291e-06,2.1096602546e+01,nan
3.3244150280e-04,3.4994728284e-06,2.7954952526e+01,nan
3.3816882762e-04,1.0809458384e-05,2.1075843062e+01,nan
3.3480743330e-04,1.4348032148e-05,2.0643370782e+01,nan
3.4161510629e-04,7.2014229893e-06,2.1267574457e+01,nan
3.3118543820e-04,9.3352206026e-05,1.5416681322e+01,nan
3.3190077276e-04,9.7467722899e-05,1.4994277269e+01,1.5871289046e+01
3.3493970850e-04,9.0752971418e-05,1.5711098361e+01,nan
-2.4457655058e-04,4.9669042759e-05,9.7776621012e+01,nan
1.2672348373e-04,1.4655797423e-04,1.2798987456e+01,nan
-2.8622412246e-04,2.4221294623e-05,1.4367824283e+02,nan
-9.1328141582e-05,1.1551275411e-04,2.0008759042e+01,nan
-3.6213701614e-04,3.3374520348e-06,1.3578224551e+02,nan
-3.5643195542e-04,6.3219146604e-06,1.3829263137e+02,nan
2.9623166353e-04,1.1216736384e-04,1.3760338606e+01,nan
2.9758498713e-04,6.7563266452e-05,1.4959162705e+01,nan
3.1557410577e-04,5.9596105166e-05,1.6957031958e+01,nan
3.1615525589e-04,6.3420971306e-05,1.6835130797e+01,nan
3.1280226057e-04,6.6579972124e-05,1.6377879892e+01,nan
3.1671478968e-04,6.7268140644e-05,1.6694003325e+01,nan
3.1336276255e-04,7.0425253197e-05,1.6251860515e+01,nan
3.1725526650e-04,7.1136567572e-05,1.6533192052e+01,nan
3.0886752458e-04,6.5890679488e-05,1.6046257999e+01,nan
2.9763313857e-04,9.3591900810e-05,1.4334944807e+01,nan
3.0894449361e-04,4.3973196171e-05,1.6858890828e+01,nan
2.7907521589e-04,1.2683082482e-04,1.3265561428e+01,nan
2.8238435127e-04,1.2815475734e-04,1.3258459746e+01,nan
2.7562547082e-04,1.2971622254e-04,1.3236789089e+01,nan
2.7178332924e-04,1.2879672391e-04,1.3200637720e+01,nan
2.7225702581e-04,1.3268807829e-04,1.3235528096e+01,nan
2.6789003390e-04,1.2781584621e-04,1.3113541942e+01,nan
2.6355896909e-04,1.2298516742e-04,1.2810480104e+01,nan
-2.6866995749e-04,4.5383643870e-05,9.7329161819e+01,nan
3.4769661403e-04,1.8745649880e-05,2.3150122424e+01,nan
3.4838708344e-04,2.2506357582e-05,2.3388925706e+01,nan
3.2073535515e-04,2.3940085488e-05,1.8878925465e+01,nan
2.8958636389e-04,6.6092801439e-05,1.4269117877e+01,nan
1.7864251178e-04,1.2886285100e-04,9.7338798058e+00,nan
1.7571656635e-04,1.3461914218e-04,1.0091903940e+01,nan
1.8192567102e-04,1.2659971015e-04,9.5818708170e+00,nan
-2.3640113479e-04,5.0643861027e-05,9.7939826540e+01,nan
4.8115388050e-05,8.7205062630e-05,2.9357354373e+01,nan
2.2090645143e-04,1.1470073594e-04,9.5706851587e+00,nan
2.1746519771e-04,1.1727305661e-04,9.5964921047e+00,nan
2.1351179129e-04,1.1603412447e-04,9.5025145836e+00,nan
2.1400843515e-04,1.1981322510e-04,9.6514082416e+00,nan
2.1795213339e-04,1.2106853350e-04,9.6406411547e+00,nan
2.1007855732e-04,1.1855205572e-04,9.4561556281e+00,nan
2.1054397858e-04,1.2232219949e-04,9.5530450549e+00,nan
2.0664813529e-04,1.2103827048e-04,9.4387092580e+00,nan
2.0708267792e-04,1.2479679327e-04,9.5427078766e+00,nan
2.0322166558e-04,1.2349002669e-04,9.4158558938e+00,nan
2.1098149847e-04,1.2610338042e-04,9.7734890398e+00,nan
2.0362497826e-04,1.2723387038e-04,9.5242776042e+00,nan
2.0278689573e-04,1.1975643861e-04,9.3525775217e+00,nan
2.0958646401e-04,1.1479412064e-04,9.4063426844e+00,nan
1.9939466334e-04,1.2218754499e-04,9.3461005832e+00,nan
2.2141067685e-04,1.1849937849e-04,9.6570673445e+00,nan
2.2188192059e-04,1.2230817633e-04,9.8008689965e+00,nan
2.1840400471e-04,1.2487445349e-04,9.7805071144e+00,nan
2.2231947277e-04,1.2612629178e-04,1.0012204208e+01,nan
2.2580094765e-04,1.2352878624e-04,1.0080848898e+01,nan
2.2622583730e-04,1.2735612779e-04,1.0380902749e+01,nan
2.1882047900e-04,1.2868978754e-04,9.9776990314e+00,nan
2.2971223239e-04,1.2472745370e-04,1.0466298067e+01,nan
2.2926724515e-04,1.2089997982e-04,1.0174048663e+01,nan
2.3012684922e-04,1.2856128738e-04,1.0835170216e+01,nan
2.2661806944e-04,1.3118998719e-04,1.0770899811e+01,nan
2.0232272746e-04,1.1603396358e-04,9.3372569886e+00,nan
2.8657240435e-04,1.2553736171e-04,1.3305937768e+01,nan
1.3324613628e-04,1.4557465140e-04,1.2527699491e+01,nan
1.2343432812e-04,9.7852358598e-05,1.3967044844e+01,nan
-1.4633692666e-04,6.7736994919e-05,7.5964089793e+01,nan
2.5270253112e-04,7.6385364874e-05,1.1156487725e+01,nan
-3.1956079167e-04,1.8463097615e-06,3.0420327351e+02,nan
3.2045051966e-04,3.2405857974e-06,3.6015649801e+01,nan
3.1297828720e-04,6.1896427166e-06,3.7234138092e+01,nan
3.2096580912e-04,6.5799972214e-06,3.2157086889e+01,nan
-2.5176331685e-04,6.9444341510e-05,5.5804096710e+01,nan
-2.5172465700e-04,7.1844719567e-05,5.1830631230e+01,nan
1.1339484328e-04,1.1630609990e-04,1.0511926939e+01,nan
2.7528720482e-04,3.5742762278e-05,2.3344573199e+01,nan
2.7603666919e-04,3.9132120327e-05,1.9824518209e+01,nan
2.7197629628e-04,3.8582437610e-05,2.2034812092e+01,nan
2.5003029515e-04,1.3804646111e-04,1.3174771795e+01,nan
2.5393427819e-04,1.3909477176e-04,1.3314819636e+01,nan
2.4641676883e-04,1.4070964747e-04,1.3305055480e+01,nan
2.4254643662e-04,1.3966390430e-04,1.3079445669e+01,nan
2.4259010348e-04,1.4318093703e-04,1.3455091515e+01,nan
2.5744643402e-04,1.3630462673e-04,1.3216458221e+01,nan
2.4220186844e-04,1.3585497661e-04,1.2647243190e+01,nan
2.2010103845e-04,1.4401696869e-04,1.2004696752e+01,nan
2.1645427281e-04,1.4652715180e-04,1.2104069789e+01,nan
2.1259434634e-04,1.4515495893e-04,1.1298301724e+01,nan
2.1276870300e-04,1.4898197641e-04,1.2223669974e+01,nan
2.1658152550e-04,1.5012555693e-04,1.3218711549e+01,nan
2.1254505273e-04,1.5288470648e-04,1.3607704598e+01,2.6829375151e+01
2.0872951083e-04,1.4373974914e-04,1.0946815845e+01,nan
2.2035337534e-04,1.4774161852e-04,1.2973637443e+01,nan
2.2463742872e-04,1.4952742103e-04,1.3866381360e+01,nan
2.0884193120e-04,1.5119714870e-04,1.2588744138e+01,nan
2.2787410037e-04,1.4652916546e-04,1.3372360324e+01,nan
-1.7511725054e-04,4.4834913977e-05,1.1806791873e+02,nan
2.2879157490e-04,1.1708053355e-04,9.9511173449e+00,nan
2.3271959925e-04,1.1824293007e-04,1.0284173660e+01,nan
-2.5449407478e-04,6.0644892505e-05,7.0717890475e+01,nan
2.5346602229e-04,2.4848291679e-05,3.9762856355e+01,nan
2.5013972386e-04,2.7433644337e-05,3.8857491845e+01,nan
2.4613019481e-04,2.7062647636e-05,3.8593523037e+01,nan
2.5080883149e-04,3.0378725769e-05,3.8371352028e+01,nan
2.4211194066e-04,2.6672310081e-05,3.8651043242e+01,nan
2.4350974963e-04,3.2549598651e-05,3.7172971936e+01,nan
2.3809673979e-04,2.6268853989e-05,3.9151621438e+01,nan
2.3480587852e-04,2.8753108070e-05,3.8195865626e+01,nan
2.3552053730e-04,3.1679769026e-05,3.6877329774e+01,nan
2.3152500154e-04,3.1224592658e-05,3.7273577873e+01,nan
2.3080750941e-04,2.8315156075e-05,3.8872963413e+01,nan
2.5413521798e-04,2.7783348966e-05,3.9198692221e+01,nan
2.5478244766e-04,3.0736657637e-05,3.8641356275e+01,nan
2.5811534458e-04,2.8111723223e-05,3.9493848142e+01,nan
3.4108585443e-04,2.5704473961e-05,2.1945446031e+01,nan
-2.0225308047e-04,2.4807679661e-05,1.7110324670e+02,nan
-2.0579357976e-04,2.4855684577e-05,1.7127844594e+02,nan
-2.0305472527e-04,2.6478260663e-05,1.6616222213e+02,nan
-2.0033475976e-04,2.8116644722e-05,1.6115786059e+02,nan
-2.0926440171e-04,2.4913896169e-05,1.7139847134e+02,nan
1.6841713085e-04,8.2470516733e-05,1.6324646062e+01,nan
1.6167405202e-04,8.3872978981e-05,1.6333189865e+01,nan
2.4748834393e-04,3.2955444886e-05,3.7527515343e+01,nan
-2.3329592436e-04,8.3446151025e-05,4.1517675758e+01,nan
-3.3634863834e-04,2.0235520325e-05,1.0007050028e+02,nan
-1.8920484853e-04,7.6432898450e-05,6.0237512286e+01,nan
1.5369890557e-04,7.8810078974e-05,1.8277222536e+01,nan
-3.4712680566e-04,1.5414348238e-05,1.0067339634e+02,nan
-3.4509644013e-04,1.8839713103e-05,8.8157309848e+01,nan
-2.3089085409e-04,8.2895592904e-05,4.3028786410e+01,nan
1.8714188941e-04,1.5289275679e-04,1.1124277551e+01,nan
2.5033167330e-04,1.4238597616e-04,1.3489089952e+01,nan
2.5460619036e-04,1.4292896212e-04,1.3518482299e+01,2.6225909564e+01
-2.0586801166e-04,1.2038045467e-05,2.1140871218e+02,nan
-2.0313518887e-04,1.3578396878e-05,2.0595985979e+02,nan
-1.9937942682e-04,1.3559501670e-05,2.0519506624e+02,nan
-1.9771802762e-04,1.6681880302e-05,1.9527264585e+02,nan
-1.9561803133e-04,1.3541992872e-05,2.0445584915e+02,nan
-1.9294800673e-04,1.5087560852e-05,1.9924639289e+02,nan
2.5935176924e-04,7.0764893070e-05,1.1720868953e+01,nan
1.7343260697e-04,1.5064868100e-04,1.1242986850e+01,nan
1.7681051770e-04,1.5199962338e-04,1.1229318749e+01,nan
1.7360332309e-04,1.5407375352e-04,1.1242559665e+01,nan
3.2260779453e-04,8.3639717534e-05,1.6058060717e+01,nan
2.1815568204e-04,2.4181582150e-05,4.4829280665e+01,nan
2.1419474255e-04,2.3765443710e-05,4.6480602127e+01,nan
2.1886472852e-04,2.6980530979e-05,4.2034289994e+01,nan
2.1561861638e-04,2.9352633423e-05,4.0725782734e+01,nan
2.1024100152e-04,2.3353445327e-05,4.8309649774e+01,nan
2.0771277542e-04,2.8417111170e-05,4.3440913240e+01,nan
2.0376907056e-04,2.7954973744e-05,4.5004395685e+01,nan
2.0305586452e-04,2.5224314742e-05,4.8388060183e+01,nan
2.2212512504e-04,2.4600394749e-05,4.3374281837e+01,nan
2.2283607354e-04,2.7426411646e-05,4.0786364471e+01,nan
2.2610292540e-04,2.5020163213e-05,4.2048697984e+01,nan
2.2681686472e-04,2.7872012919e-05,3.9738558347e+01,nan
2.2355510739e-04,3.0293364716e-05,3.8666190228e+01,nan
2.3009088594e-04,2.5439940972e-05,4.0834153239e+01,nan
2.3337626863e-04,2.2995669952e-05,4.2028971779e+01,nan
1.6680536808e-04,5.8170681679e-05,2.8162614441e+01,nan
1.6298905491e-04,5.7438669985e-05,2.9101967187e+01,nan
-2.5565141792e-04,4.2792205536e-05,1.1068362334e+02,nan
-1.6010483776e-04,8.6205880351e-05,5.0131065980e+01,nan
-1.6288061579e-04,8.6419292478e-05,4.9751319254e+01,nan
-1.5648779960e-04,8.3919965785e-05,5.3001979990e+01,nan
2.0171477936e-04,8.7936249456e-05,1.1760396734e+01,nan
-2.0947190446e-04,5.7995119761e-05,8.7844025952e+01,nan
-1.8806424232e-04,1.3512155669e-05,2.0305344858e+02,nan
-1.8917899830e-04,1.5073729082e-05,1.9859936861e+02,nan
-1.9184053282e-04,1.3527783161e-05,2.0373577028e+02,nan
1.4305236212e-04,5.1107251275e-05,3.8061497346e+01,nan
1.4386943964e-04,5.3911473640e-05,3.5486292951e+01,nan
1.4769991121e-04,5.4595472122e-05,3.4028662552e+01,nan
1.5073181632e-04,5.2426560977e-05,3.5047637454e+01,nan
1.5456945845e-04,5.3103119977e-05,3.3674954227e+01,nan
3.3290537510e-04,4.7218234856e-05,1.9650781011e+01,nan
1.2384376238e-04,7.1724763173e-05,2.6944462868e+01,nan
1.2466577530e-04,7.4704234462e-05,2.4784049870e+01,nan
1.2840558028e-04,7.5585893148e-05,2.3435452923e+01,nan
1.2174374848e-04,7.6826819456e-05,2.4084026299e+01,nan
1.2255350572e-04,7.9860045345e-05,2.2045057137e+01,nan
1.1883350010e-04,7.8936601759e-05,2.3415868779e+01,nan
1.1800855154e-04,7.5937054543e-05,2.5506999413e+01,nan
1.1510553838e-04,7.8029707727e-05,2.4913240800e+01,nan
1.1426857675e-04,7.5062142866e-05,2.6957753778e+01,nan
1.1138594974e-04,7.7132642105e-05,2.6067709285e+01,nan
1.0769428063e-04,7.6259065688e-05,2.7157895009e+01,nan
1.0403214708e-04,7.5407116199e-05,2.8278191178e+01,nan
1.0320204879e-04,7.2556464106e-05,3.0384933448e+01,nan
1.0039992219e-04,7.4576494379e-05,2.9428609599e+01,nan
9.9572520914e-05,7.1763377469e-05,3.1594820493e+01,nan
9.3225846659e-05,7.2980144617e-05,3.1839857775e+01,nan
8.9684734543e-05,7.2213439656e-05,3.3082793407e+01,nan
8.6173915363e-05,7.1468768011e-05,3.4357460316e+01,nan
8.5354213262e-05,6.8802275511e-05,3.6743068431e+01,nan
8.1874535943e-05,6.8115101973e-05,3.8108260261e+01,nan
7.5822843817e-05,6.9365425360e-05,3.8355562939e+01,nan
7.2430931393e-05,6.8710962156e-05,3.9752534092e+01,nan
6.9070193366e-05,6.8073260999e-05,4.1184803086e+01,nan
6.5737301672e-05,6.7459387802e-05,4.2627604568e+01,nan
6.4913409532e-05,6.5000641324e-05,4.5409246504e+01,nan
6.1605175867e-05,6.4442611516e-05,4.6960781867e+01,nan
5.8323821930e-05,6.3905226079e-05,4.8549693805e+01,nan
5.5902721694e-05,6.5751046884e-05,4.7163411444e+01,nan
5.2675840898e-05,6.5228073148e-05,4.8737485825e+01,nan
4.9475462031e-05,6.4722108236e-05,5.0354693660e+01,nan
4.6298214440e-05,6.4239626997e-05,5.1985201397e+01,nan
4.5447878420e-05,6.1970334839e-05,5.5270395032e+01,nan
4.3142715593e-05,6.3781711842e-05,5.3662113163e+01,nan
4.2286898387e-05,6.1539916879e-05,5.7046346132e+01,nan
3.9147562728e-05,6.1129772475e-05,5.8871343044e+01,nan
3.6028656576e-05,6.0740566957e-05,6.0745863112e+01,nan
3.0733850358e-05,6.2150564700e-05,6.0776822755e+01,nan
2.7678887041e-05,6.1795157117e-05,6.2643851770e+01,nan
2.4640046084e-05,6.1462994535e-05,6.4567728339e+01,nan
2.1618798523e-05,6.1146638063e-05,6.6555041808e+01,nan
1.8612762989e-05,6.0851952951e-05,6.8337424133e+01,nan
2.2536565788e-06,5.7655270408e-05,8.4260778637e+01,nan
-8.8955009861e-07,5.7456176326e-05,8.6102423280e+01,nan
-4.0483328309e-06,5.7269354361e-05,8.7798564118e+01,nan
-7.2212493011e-06,5.7094032994e-05,8.9351883888e+01,nan
-1.0407170727e-05,5.6930417671e-05,9.0765226865e+01,nan
-1.3604974817e-05,5.6778452987e-05,9.2043062445e+01,nan
-1.6813454722e-05,5.6637299090e-05,9.3192124541e+01,nan
-2.0031652094e-05,5.6506977489e-05,9.4218358154e+01,nan
-2.5161396757e-05,5.8106588649e-05,9.2543515567e+01,nan
-2.8378344924e-05,5.7998001559e-05,9.3280298489e+01,nan
-3.1602172631e-05,5.7901834111e-05,9.3914363412e+01,nan
-3.4831193756e-05,5.7811127567e-05,9.4464345802e+01,nan
-3.8065456644e-05,5.7731036754e-05,9.4928246188e+01,nan
-4.1304321451e-05,5.7662111097e-05,9.5311331762e+01,nan
-4.4546476614e-05,5.7597458000e-05,9.5631561023e+01,nan
1.2627556747e-04,8.0803730418e-05,2.0770090217e+01,nan
-4.7791891917e-05,5.7542222653e-05,9.5885825454e+01,nan
-2.3853054873e-05,5.9956279351e-05,8.9193396438e+01,nan
-1.4326421133e-05,6.0374649702e-05,8.6179184838e+01,nan
-4.8960841379e-06,6.0903145693e-05,8.1943431941e+01,nan
4.4058292444e-06,6.1551097125e-05,7.6294721276e+01,nan
1.3540892848e-05,6.2323656949e-05,6.9127295467e+01,nan
-3.7668254635e-05,5.4211486694e-05,1.0109042524e+02,nan
-2.7851636006e-05,5.4462245426e-05,9.9362514035e+01,nan
3.1612089495e-05,6.4313163896e-05,5.7165309001e+01,nan
1.0558612861e-05,5.6362003917e-05,8.2284154034e+01,nan
1.9793388862e-05,5.7082639235e-05,7.5358507032e+01,nan
2.8957417584e-05,5.7927152627e-05,6.8827654204e+01,nan
1.1342619812e-04,7.2141484108e-05,2.8986990632e+01,nan
9.5143914746e-05,6.8256428116e-05,3.5150363376e+01,nan
4.7779622325e-05,6.0153862426e-05,5.6925248160e+01,nan
7.7600515530e-05,6.4890958625e-05,4.2139004596e+01,nan
5.9974752378e-05,6.8733588010e-05,4.2836959466e+01,nan
6.9882308784e-05,7.0609134071e-05,3.8593413522e+01,nan
9.4040453279e-05,7.5769379106e-05,2.9655498260e+01,nan
1.1221442099e-04,8.0113455103e-05,2.4160387240e+01,nan
8.0075718109e-05,7.2687406458e-05,3.4602561001e+01,nan
1.0487850086e-04,7.8311553158e-05,2.6267473041e+01,nan
1.2336854541e-04,8.2946023048e-05,2.0114577615e+01,nan
-5.1040035894e-05,5.7497433580e-05,9.6077612303e+01,nan
1.3213962351e-04,7.6479671623e-05,2.2181287090e+01,nan
1.3509653786e-04,7.4309894563e-05,2.2936034938e+01,nan
1.3293084303e-04,7.9573887082e-05,2.0274111744e+01,nan
-4.9052558098e-05,5.2269368024e-05,1.0543801536e+02,nan
1.3536638990e-04,4.9839478915e-05,4.1435360596e+01,nan
1.3618681796e-04,5.2578485346e-05,3.8665014498e+01,nan
1.9055149299e-04,2.1386946748e-05,5.9469839340e+01,nan
1.8662282492e-04,2.1017003203e-05,6.2143719305e+01,nan
1.8733188437e-04,2.3563564808e-05,5.6950333344e+01,nan
1.8340779586e-04,2.3168799951e-05,5.9409111396e+01,nan
1.9125791139e-04,2.3966994419e-05,5.4624069006e+01,nan
1.8269513605e-04,2.0656204502e-05,6.4960244223e+01,nan
1.7948387196e-04,2.2783569175e-05,6.2014321298e+01,nan
1.7556164919e-04,2.2407873635e-05,6.4774823288e+01,nan
1.9448199486e-04,2.1765502451e-05,5.6956614061e+01,nan
1.9518638336e-04,2.4378601683e-05,5.2423644803e+01,nan
1.9911880954e-04,2.4797927309e-05,5.0345230193e+01,nan
1.9590314759e-04,2.7047509706e-05,4.8481324449e+01,nan
2.0165973148e-04,1.9923777064e-05,5.7005135645e+01,nan
2.0560111959e-04,2.0290861471e-05,5.4566659624e+01,nan
2.8813030249e-04,8.0426109324e-05,1.3887769113e+01,nan
2.8476721333e-04,8.3411366704e-05,1.3582316762e+01,nan
2.3819729691e-04,4.3603684951e-05,3.2880529830e+01,nan
2.3883473671e-04,4.6703799338e-05,2.8305336478e+01,nan
2.4278119004e-04,4.7273641870e-05,2.5923255311e+01,nan
2.3948953809e-04,4.9904819963e-05,2.4305975096e+01,nan
2.3554435295e-04,4.9295298008e-05,2.6457803736e+01,nan
2.3620437131e-04,5.2531079508e-05,2.2863833443e+01,nan
2.4016482053e-04,5.3200406093e-05,2.1002050377e+01,nan
2.3688253625e-04,5.5855588611e-05,1.9890072314e+01,nan
2.4086013937e-04,5.6581623462e-05,1.8310445349e+01,nan
2.3161292435e-04,4.8706521956e-05,2.8572172739e+01,nan
2.4414591359e-04,5.3893028067e-05,1.9261627827e+01,nan
2.4486010468e-04,5.7330049794e-05,1.6852125070e+01,nan
2.4157402662e-04,6.0039573666e-05,1.6116853276e+01,nan
2.4559331113e-04,6.0840056533e-05,1.4878932828e+01,nan
2.2769185493e-04,4.8134144589e-05,3.0499745488e+01,nan
2.4888444593e-04,5.8100607876e-05,1.5503453452e+01,nan
2.4674453893e-04,4.7868201729e-05,2.3612280104e+01,nan
2.5004240553e-04,4.5191862726e-05,2.5150796292e+01,nan
1.1621168988e-04,4.6932176790e-05,5.0554147858e+01,nan
1.1706334386e-04,4.9511491115e-05,4.7362431454e+01,nan
1.2086214804e-04,5.0092421512e-05,4.5681952061e+01,nan
1.2851327640e-04,5.1303822042e-05,4.2172671160e+01,nan
-1.9237130310e-04,9.7788557689e-05,3.5251068271e+01,nan
2.0292760632e-04,9.5133714595e-05,1.0479727299e+01,nan
1.0870129773e-04,4.5889602127e-05,5.4322701401e+01,nan
2.0906994934e-04,1.1104942249e-04,9.3998720430e+00,nan
-1.9521291540e-04,7.9163380164e-05,5.5777569043e+01,nan
1.6625420686e-04,1.7006816328e-05,8.6705981246e+01,nan
1.5986016751e-04,2.1013740350e-05,7.7478406517e+01,nan
1.5593214284e-04,2.0695278715e-05,8.1198084483e+01,nan
1.6378722554e-04,2.1344829967e-05,7.4023091040e+01,nan
1.6061565885e-04,2.3385386398e-05,7.0539986370e+01,nan
1.5200246827e-04,2.0390779684e-05,8.5256117151e+01,nan
1.4807614514e-04,2.0100806276e-05,8.9671091641e+01,nan
1.6698025638e-04,1.9312817638e-05,7.7977768111e+01,nan
1.7091011920e-04,1.9632551675e-05,7.4431912989e+01,nan
1.6845618897e-04,2.4127558277e-05,6.4667168608e+01,nan
1.7483984682e-04,1.9963426956e-05,7.1090196328e+01,nan
1.7412512234e-04,1.7585455507e-05,7.8652116642e+01,nan
1.7805863387e-04,1.7891119602e-05,7.4984992751e+01,nan
-2.1191194011e-04,3.1826057520e-05,1.5068868898e+02,nan
-1.4019084823e-04,2.7451002605e-05,1.5966077447e+02,nan
-1.3661443040e-04,2.7421247989e-05,1.5963097040e+02,nan
-1.3300740298e-04,2.7398379029e-05,1.5959517232e+02,nan
-1.2939507715e-04,2.7381260792e-05,1.5955691952e+02,nan
-1.2577924352e-04,2.7361402746e-05,1.5953708387e+02,nan
2.0561705241e-04,6.9007639962e-05,1.8159515762e+01,nan
2.1206859396e-04,6.3964764202e-05,2.0047273221e+01,nan
-1.5015243181e-04,1.3402865795e-05,1.9787196193e+02,nan
-1.5293544034e-04,1.6476979096e-05,1.8965868781e+02,nan
-1.5669244290e-04,1.6487308154e-05,1.9000284165e+02,nan
-1.4917587013e-04,1.6464556811e-05,1.8934566651e+02,nan
-1.6043485902e-04,1.6501818786e-05,1.9036000014e+02,nan
-1.3607466883e-04,1.1145753976e-04,2.6934201135e+01,nan
-1.2647888053e-04,7.4606348149e-05,6.6245823907e+01,nan
-1.2163566477e-04,7.6357059883e-05,6.3863317159e+01,nan
-1.2276189853e-04,7.8314025755e-05,6.1105385682e+01,nan
-1.2136010849e-04,8.6053172402e-05,5.1048280647e+01,nan
-1.1783514157e-04,8.9872313201e-05,4.6473004606e+01,nan
-1.4253201360e-04,1.3388545600e-05,1.9717418394e+02,nan
-1.3410645623e-04,1.6426928553e-05,1.8830013621e+02,nan
-1.3556363464e-04,1.7970387476e-05,1.8425838437e+02,nan
-1.3033223167e-04,1.6419069710e-05,1.8809042687e+02,nan
-1.4541283287e-04,1.6453676914e-05,1.8905306300e+02,nan
-1.4305559881e-04,1.7991214459e-05,1.8469884168e+02,nan
2.3292543232e-04,5.5151777404e-05,2.1575044036e+01,nan
2.3360537961e-04,5.8502767950e-05,1.8885767208e+01,nan
2.3757870818e-04,5.9260446540e-05,1.7448825069e+01,nan
2.3430131879e-04,6.1929451035e-05,1.6667464551e+01,nan
-1.2652971255e-04,2.4190098619e-05,1.6757981799e+02,nan
-1.2215920227e-04,2.7344475325e-05,1.5952086249e+02,nan
-1.1853566651e-04,2.7329302631e-05,1.5951049056e+02,nan
-1.1490862216e-04,2.7315357286e-05,1.5950639419e+02,nan
-2.2986360892e-04,7.1308746830e-05,6.0110952305e+01,nan
-1.4023686110e-04,5.6424705522e-05,9.5592709820e+01,nan
-1.0809661864e-04,8.7561080860e-05,4.9213263762e+01,nan
1.0089918944e-04,8.8367790639e-05,2.0960578965e+01,nan
1.0166256581e-04,9.1427014525e-05,1.9311120369e+01,nan
9.8078538465e-05,9.0398956322e-05,2.0220923311e+01,nan
1.8014807071e-04,1.5003353389e-04,1.1055094635e+01,nan
1.8004313204e-04,1.5324940379e-04,1.1248452054e+01,nan
-1.2277682122e-04,1.6405713100e-05,1.8772490779e+02,nan
-1.1899618493e-04,1.6399598394e-05,1.8756846864e+02,nan
-1.2655567602e-04,1.6411751785e-05,1.8789969984e+02,nan
-1.1521317927e-04,1.6394242266e-05,1.8742686931e+02,nan
1.3556776475e-04,1.7251771230e-05,1.1739699663e+02,nan
1.3167416743e-04,1.7067861623e-05,1.2360606605e+02,nan
1.3632247889e-04,1.9330253424e-05,1.0484002279e+02,nan
1.3319334234e-04,2.1223096667e-05,9.9056521249e+01,nan
1.2779646917e-04,1.6901030761e-05,1.2985203031e+02,nan
1.2544603044e-04,2.0759126321e-05,1.0947862728e+02,nan
1.3947560628e-04,1.7453211323e-05,1.1137657275e+02,nan
1.4023223612e-04,1.9569630645e-05,9.9471890309e+01,nan
1.4339320885e-04,1.7672054573e-05,1.0562436258e+02,nan
1.4415124964e-04,1.9826719790e-05,9.4400541479e+01,nan
1.4657222193e-04,1.5790726005e-05,1.1268455299e+02,nan
1.5050418646e-04,1.6004224467e-05,1.0677642781e+02,nan
-1.0232302563e-04,8.7399682736e-05,4.9421678305e+01,nan
1.3667476964e-04,8.0507017806e-05,1.9195634380e+01,nan
1.3002063799e-04,8.1789245346e-05,1.9564166504e+01,nan
1.8653382642e-04,1.3875566290e-04,9.9640474149e+00,nan
4.7899287841e-05,1.0916317918e-04,1.5936438564e+01,nan
4.8377043374e-05,1.1191817003e-04,1.4543644548e+01,nan
5.1228969530e-05,1.1309268727e-04,1.3729012592e+01,nan
5.7076743076e-05,1.1559104583e-04,1.2163251079e+01,nan
-1.1184843473e-04,2.4143123891e-05,1.6738655820e+02,nan
-1.0764543913e-04,2.7292191345e-05,1.5951024852e+02,nan
-1.0401003685e-04,2.7281961581e-05,1.5951825075e+02,nan
-1.1127854574e-04,2.7302482582e-05,1.5950793046e+02,nan
-1.0037177614e-04,2.7273410988e-05,1.5952651181e+02,nan
1.2009207604e-04,1.6614076551e-05,1.4239415170e+02,nan
1.1626524718e-04,1.6492613076e-05,1.4852438382e+02,nan
1.1245519525e-04,1.6384734251e-05,1.5444088283e+02,nan
1.1397024256e-04,2.0193085929e-05,1.2624584324e+02,nan
1.1776978312e-04,2.0364654884e-05,1.2057701116e+02,nan
1.0866089702e-04,1.6289779179e-05,1.6008862723e+02,nan
1.0642437603e-04,1.9895925040e-05,1.3757095733e+02,nan
1.2393592344e-04,1.6749923746e-05,1.3611858503e+02,nan
-9.6529465133e-05,8.7262795863e-05,4.9619483165e+01,nan
-9.3631930886e-05,8.7204027605e-05,4.9715223352e+01,nan
1.6456296328e-04,1.0065147074e-04,1.1353320286e+01,nan
1.6820214073e-04,1.0175310038e-04,1.1032285371e+01,nan
1.6509455053e-04,1.0409477949e-04,1.0821824431e+01,nan
1.6872702681e-04,1.0522316056e-04,1.0562324363e+01,nan
1.7132084164e-04,9.9393944103e-05,1.1273833004e+01,nan
1.6560866213e-04,1.0755739382e-04,1.0423411033e+01,nan
1.6923468826e-04,1.0871165812e-04,1.0225322580e+01,nan
1.7237599285e-04,1.0636694135e-04,1.0330412425e+01,nan
1.7604396841e-04,1.0752583789e-04,1.0117751652e+01,nan
1.7553021978e-04,1.0400243576e-04,1.0466961466e+01,nan
1.6199891133e-04,1.0641898902e-04,1.0641489256e+01,nan
-1.1196874511e-04,1.3350433727e-05,1.9529227342e+02,nan
-1.0764171607e-04,1.6385988154e-05,1.8718221876e+02,nan
-1.0385375346e-04,1.6382529646e-05,1.8707761464e+02,nan
-1.1142833355e-04,1.6389462231e-05,1.8729923969e+02,nan
-1.0006391266e-04,1.6379908477e-05,1.8698160332e+02,nan
2.0111964003e-04,6.4902166475e-05,2.1432506657e+01,nan
-9.7125335967e-05,2.4114477348e-05,1.6729062897e+02,nan
-9.1071277921e-05,2.8850168021e-05,1.5570370509e+02,nan
-9.6731288678e-05,2.7266130154e-05,1.5953445273e+02,nan
1.4629613347e-04,1.4365795824e-04,1.1820865347e+01,nan
-9.6649216361e-05,1.3343441156e-05,1.9475168763e+02,nan
-8.8686919469e-05,1.6377057761e-05,1.8672706984e+02,nan
-9.0412275739e-05,1.7906179479e-05,1.8285193387e+02,nan
-8.4892222698e-05,1.6377671164e-05,1.8664707643e+02,nan
-9.7955596763e-05,1.7908883127e-05,1.8299479009e+02,nan
-2.3655818556e-04,1.3849787538e-05,2.1318531792e+02,nan
-2.3289970216e-04,1.3804481480e-05,2.1247209727e+02,nan
-2.2919737444e-04,1.3767760324e-05,2.1168324454e+02,nan
1.0112001084e-04,1.6134438530e-05,1.7038426528e+02,nan
9.7374013379e-05,1.6072529696e-05,1.7494096010e+02,nan
9.8947500908e-05,1.9657386415e-05,1.4840469030e+02,nan
9.3644126915e-05,1.6020049588e-05,1.7909113875e+02,nan
9.1542723607e-05,1.9469833037e-05,1.5827213332e+02,nan
1.0488298478e-04,1.6206421030e-05,1.6542070555e+02,nan
6.6503866800e-05,7.9576838003e-05,3.1775671194e+01,nan
6.7258434440e-05,8.2229185540e-05,2.9640532995e+01,nan
3.9136610597e-05,9.4230339732e-05,2.5922929356e+01,nan
6.0011984441e-05,7.8112652815e-05,3.4228798370e+01,nan
3.1328677183e-04,2.6708899647e-05,1.8139553075e+01,nan
-7.9505692498e-05,7.5552698236e-05,6.6287763175e+01,nan
-8.8598279599e-05,7.5632983885e-05,6.5843106757e+01,nan
-2.5613042341e-04,2.8585955046e-05,1.5468975584e+02,nan
-8.1312628094e-05,1.3346240171e-05,1.9433394850e+02,nan
-7.7300487067e-05,1.6382154528e-05,1.8647914946e+02,nan
-7.3503930001e-05,1.6385566504e-05,1.8638776992e+02,nan
-8.1096687663e-05,1.6379133308e-05,1.8656579704e+02,nan
-6.9706623936e-05,1.6390164061e-05,1.8628719360e+02,nan
-7.9095833171e-05,8.7004635967e-05,5.0181121357e+01,nan
8.3385681024e-05,1.7599415416e-05,1.7809022856e+02,nan
7.9735027390e-05,1.7561240290e-05,1.8131616745e+02,nan
8.7053949255e-05,1.7645167106e-05,1.7465319838e+02,nan
8.4210066264e-05,1.9326891231e-05,1.6678914192e+02,nan
7.6101174315e-05,1.7530275350e-05,1.8329375816e+02,nan
7.6950730087e-05,1.9222507150e-05,1.7381794452e+02,nan
8.9930114519e-05,1.5975897022e-05,1.8283860796e+02,nan
-2.2448305806e-04,6.8172510070e-05,6.6628629065e+01,nan
-7.3434213176e-05,7.5530224512e-05,6.6545817101e+01,nan
-6.0208151723e-05,2.4143608970e-05,1.6668345942e+02,nan
-6.3901541708e-05,2.7284612946e-05,1.5919338877e+02,nan
-6.7552105169e-05,2.7272566102e-05,1.5930244450e+02,nan
-6.0246605310e-05,2.7295803195e-05,1.5906545551e+02,nan
-7.2972467750e-05,2.8853553755e-05,1.5561855284e+02,nan
-7.6600315025e-05,2.8849287962e-05,1.5566295160e+02,nan
-1.7726397428e-04,9.8295551596e-05,3.6486057358e+01,nan
2.9366862061e-05,3.9040986833e-05,1.1476623406e+02,nan
3.5934523140e-05,3.9326255597e-05,1.1266127815e+02,nan
3.9189911002e-05,3.9471654426e-05,1.1154940154e+02,nan
-6.5966033705e-05,1.3361120999e-05,1.9390130545e+02,nan
-6.2111618304e-05,1.6403275724e-05,1.8604766882e+02,nan
-5.8314439818e-05,1.6411370872e-05,1.8590478173e+02,nan
-5.4517593485e-05,1.6420910969e-05,1.8574208199e+02,nan
-6.5909106219e-05,1.6395834886e-05,1.8617525224e+02,nan
-5.2665130561e-05,1.7960070397e-05,1.8177316042e+02,nan
-4.8876985339e-05,1.7972684041e-05,1.8157041507e+02,nan
6.8839200385e-05,1.7469932644e-05,1.8014441454e+02,nan
6.5198168973e-05,1.7435875804e-05,1.7890661117e+02,nan
7.2473725236e-05,1.7501301364e-05,1.8186364560e+02,nan
6.1549819782e-05,1.7399924041e-05,1.7783599904e+02,nan
1.9202833703e-04,9.5432877114e-05,1.0941635605e+01,nan
-7.0349744219e-05,8.6967263957e-05,5.0444615002e+01,nan
-4.1754515744e-05,2.4230959668e-05,1.6555839290e+02,nan
5.6819594034e-05,1.5717075847e-05,1.8175229029e+02,nan
5.3121114910e-05,1.5682620835e-05,1.8116381082e+02,nan
4.9416214047e-05,1.5647017528e-05,1.8075228888e+02,nan
6.0511964258e-05,1.5750182347e-05,1.8253944210e+02,nan
-2.0571585177e-04,4.2352843495e-05,1.2262567148e+02,nan
-4.3129967962e-05,1.6458323678e-05,1.8511139434e+02,nan
-3.9336834692e-05,1.6473888571e-05,1.8484621038e+02,nan
-3.5545081245e-05,1.6491026913e-05,1.8455051646e+02,nan
-3.1755217394e-05,1.6510961296e-05,1.8421999154e+02,nan
-2.7964776516e-05,1.6530618605e-05,1.8386143503e+02,nan
-1.3948513667e-04,3.5613165544e-05,1.3956217198e+02,nan
-1.4195297513e-04,3.8991222751e-05,1.3168270280e+02,nan
-1.4536923206e-04,3.9035659117e-05,1.3156626758e+02,nan
4.1946525017e-05,1.3583675808e-04,1.6189880088e+01,nan
4.1400008050e-05,1.3866777501e-04,1.8533885685e+01,nan
3.7766279620e-05,1.3496978413e-04,7.4616508998e+00,nan
3.5685494160e-05,1.3353028022e-04,6.3894041983e-01,nan
1.3634488848e-04,1.4340844649e-04,1.2307747099e+01,nan
4.4481829920e-05,1.3994625294e-05,1.8527678011e+02,nan
4.1986535386e-05,1.5574195806e-05,1.8038834497e+02,nan
3.8262230298e-05,1.5537046381e-05,1.8040376238e+02,nan
3.5810815910e-05,1.7116587236e-05,1.7572667974e+02,nan
3.2105202472e-05,1.7074228326e-05,1.7596542390e+02,nan
4.5704569325e-05,1.5610827444e-05,1.8049943748e+02,nan
-2.7618901717e-05,1.3470576218e-05,1.9176354066e+02,nan
-2.4180444324e-05,1.6552731506e-05,1.8346811703e+02,nan
-2.0397729710e-05,1.6576825192e-05,1.8304119619e+02,nan
-1.6617890858e-05,1.6602641693e-05,1.8258243819e+02,nan
-1.2841546684e-05,1.6631302294e-05,1.8209081598e+02,nan
-9.0661874008e-06,1.6659800864e-05,1.8157660359e+02,nan
2.4672576934e-05,1.6991411757e-05,1.7668827952e+02,nan
2.0946955515e-05,1.6949257859e-05,1.7715009843e+02,nan
1.7214818014e-05,1.6908656330e-05,1.7765594916e+02,nan
1.3475994461e-05,1.6869122355e-05,1.7819543579e+02,nan
2.8394049131e-05,1.7032074029e-05,1.7629170286e+02,nan
2.4792206676e-04,1.1884963571e-04,1.1584347334e+01,nan
2.9268150042e-06,1.3650700803e-05,1.8834562361e+02,nan
-3.0968631819e-06,1.5155047821e-05,1.8491196830e+02,nan
-1.5339773961e-06,1.6724639066e-05,1.8047586675e+02,nan
2.2262565525e-06,1.6757951326e-05,1.7990745496e+02,nan
5.9813386837e-06,1.6793559729e-05,1.7933131369e+02,nan
9.7314267236e-06,1.6830519858e-05,1.7875790302e+02,nan
1.0527589752e-05,1.3707877860e-05,1.8739115904e+02,nan
-3.1087879358e-06,3.9581971553e-05,1.2327644136e+02,nan
2.9767035810e-07,3.9689492983e-05,1.2204217145e+02,nan
7.0752906756e-06,3.9921848395e-05,1.1939269847e+02,nan
1.0444392706e-05,4.0046301029e-05,1.1799767415e+02,nan
-5.8693645485e-05,8.7026110825e-05,5.0734990598e+01,nan
-6.3267161463e-05,9.6825329603e-05,3.7769550700e+01,nan
2.5469627440e-04,1.3596733515e-05,4.4195762329e+01,nan
-5.2866335544e-05,8.7108858739e-05,5.0823123531e+01,nan
-2.0287048285e-05,3.9134300027e-05,1.2832714595e+02,nan
-1.6834727910e-05,3.9211847830e-05,1.2747416465e+02,nan
-2.7221781104e-05,3.8996287192e-05,1.2980163101e+02,nan
-5.8971288741e-05,9.4871183700e-05,4.0345344122e+01,nan
-2.2841851455e-04,1.2174015834e-05,2.1704985418e+02,nan
1.4080155099e-04,1.5445795825e-04,1.1935631535e+01,nan
1.3767011424e-04,1.5683955001e-04,1.1807584666e+01,nan
-3.4168773262e-05,3.8881148555e-05,1.3097695470e+02,nan
-6.2036598696e-05,3.5333477128e-05,1.4051458639e+02,nan
-5.4956729409e-05,3.5370211829e-05,1.4021183169e+02,nan
-4.5422618917e-05,8.5335795446e-05,5.3456345581e+01,nan
2.6913364947e-05,1.3138046854e-04,2.0028669500e+01,nan
2.4692752719e-05,1.3051040392e-04,1.9566836322e+01,nan
3.1124325634e-05,1.3381299942e-04,2.1900271130e+01,nan
-5.3306118355e-05,9.4952848701e-05,4.0402770599e+01,nan
-5.2014955141e-05,9.6969700354e-05,3.7836431743e+01,nan
-4.1230439400e-05,8.7398458148e-05,5.0772018734e+01,nan
-4.6398324251e-05,9.7103089403e-05,3.7859933190e+01,nan
-3.5425080681e-05,8.7614603135e-05,5.0565727612e+01,nan
-4.1133063694e-05,3.8787094674e-05,1.3188213225e+02,nan
-4.1996398838e-05,9.5243064374e-05,4.0441464935e+01,nan
-4.0790948494e-05,9.7282747037e-05,3.7853190735e+01,nan
1.7388654983e-04,9.3564241623e-05,1.2308887750e+01,nan
1.7759050837e-04,9.4623631733e-05,1.1856969958e+01,nan
1.7445062974e-04,9.7017418020e-05,1.1548503653e+01,nan
1.7815049759e-04,9.8107591679e-05,1.1174635491e+01,nan
-3.5195117687e-05,9.7513690661e-05,3.7789306150e+01,nan
-2.7559021871e-04,3.5481802816e-05,1.1791596548e+02,nan
-2.7906222578e-05,8.6026276756e-05,5.2512063363e+01,nan
1.9940595474e-05,1.2661244639e-04,1.5054974344e+01,nan
1.7984315400e-05,1.2832918081e-04,1.7585567994e+01,nan
1.3353136634e-05,1.2705167843e-04,1.6079549390e+01,nan
9.5469731913e-06,1.3037204358e-04,1.9232958627e+01,nan
6.6027149655e-06,1.2704870058e-04,1.4953675813e+01,nan
4.1547744582e-06,1.2727513969e-04,1.4450627440e+01,nan
1.4140551315e-05,1.3222576134e-04,2.4178193854e+01,9.5588985611e+00
7.4958651838e-06,1.2477267725e-04,1.4056335621e+01,nan
2.0506487540e-05,1.3144126813e-04,2.3524787975e+01,nan
-4.8109493224e-05,3.8713904137e-05,1.3254551405e+02,nan
-2.2101579049e-05,8.6372954227e-05,5.1733535836e+01,nan
-7.0405786341e-05,6.8127473123e-05,7.8101905715e+01,nan
-2.1255550512e-04,7.5029379490e-05,5.8589418032e+01,nan
-3.9506014956e-06,1.0842210515e-04,2.5442702237e+01,nan
-7.5070757711e-06,1.1216763197e-04,2.1065852084e+01,nan
-1.0115707370e-05,1.1184112298e-04,2.1326919573e+01,nan
-1.1005727715e-05,1.0962776076e-04,2.3898497222e+01,nan
-2.3107962834e-06,1.1289693121e-04,2.0482967787e+01,nan
3.9447342997e-06,1.0965681591e-04,2.4101249711e+01,nan
4.6947658959e-06,1.1192064851e-04,2.1822984645e+01,nan
7.2821718436e-06,1.1240673754e-04,2.1392443567e+01,nan
9.8612491957e-06,1.1292856904e-04,2.0913589858e+01,nan
1.3063214468e-05,1.1580534402e-04,1.8401696397e+01,nan
1.0520634936e-05,1.1523260280e-04,1.8865531398e+01,nan
1.6932510711e-05,1.1240442903e-04,2.0940461651e+01,nan
2.0083541060e-05,1.1543276725e-04,1.8320265725e+01,nan
1.8110869928e-05,1.1708005631e-04,1.7206911102e+01,nan
2.5125166428e-05,1.1699353907e-04,1.6820255176e+01,nan
2.7125350608e-05,1.1545494233e-04,1.7970234889e+01,nan
2.8065009844e-05,1.2029021372e-04,1.4326002317e+01,nan
2.5597872631e-05,1.1939024221e-04,1.4928405437e+01,nan
3.2114890529e-05,1.1736255330e-04,1.8295086749e+01,nan
3.2552446030e-05,1.1984195990e-04,1.6567277942e+01,nan
3.4968255939e-05,1.2095319740e-04,1.8712777902e+01,nan
-2.4047956449e-05,9.8153729558e-05,3.7341511853e+01,nan
-1.1761044007e-04,6.4999715275e-05,8.1416874236e+01,nan
-6.4159433596e-05,6.8150578145e-05,7.8246645313e+01,nan
-8.6001129095e-05,6.8182150389e-05,7.7436906905e+01,nan
-8.2878465618e-05,6.8160286836e-05,7.7594278016e+01,nan
-1.3001480447e-04,6.5311411685e-05,8.0463038957e+01,nan
-1.3309790579e-04,6.5401439878e-05,8.0206664769e+01,nan
-1.6321057197e-05,8.6789600849e-05,5.0618816218e+01,nan
-9.2223662418e-05,6.8241033772e-05,7.7097774357e+01,nan
3.1584184289e-06,1.2254528098e-04,1.3158193492e+01,nan
-1.0621349409e-06,1.2398809078e-04,1.1779386324e+01,nan
-1.5033296542e-07,1.2652912701e-04,1.2694637280e+01,nan
-3.5046155862e-06,1.2358232166e-04,1.1107362133e+01,nan
-4.4426233374e-06,1.2790873577e-04,1.1726230950e+01,nan
-6.8538107303e-06,1.2751753349e-04,1.0696547138e+01,nan
1.1092263777e-04,1.5384435224e-04,1.3566619612e+01,nan
1.1427064583e-04,1.5516097868e-04,1.3390431569e+01,nan
-1.3958737115e-05,9.6957362225e-05,3.8634254238e+01,nan
-1.0569776574e-05,8.7284499513e-05,4.9094245498e+01,nan
-1.5417637068e-04,7.1921002201e-05,6.9240380247e+01,nan
-1.5711787200e-04,7.2073377806e-05,6.8881681577e+01,nan
-1.6004796631e-04,7.2233165278e-05,6.8503365498e+01,nan
-2.6959854750e-05,1.0818823764e-04,2.4699903795e+01,nan
-3.0718535965e-05,1.0588185304e-04,2.7375593951e+01,nan
-3.5007677983e-05,1.0771158020e-04,2.4788617422e+01,nan
-2.4286734661e-05,1.0837973407e-04,2.4647510103e+01,nan
-2.1618746770e-05,1.0858916123e-04,2.4572081011e+01,nan
-6.7658748406e-06,1.2088728811e-04,1.1955633490e+01,nan
-1.0932896399e-05,1.2250612227e-04,1.0386371597e+01,nan
-1.1715504680e-05,1.2681895123e-04,9.7787362922e+00,nan
-1.5037540549e-05,1.2418785897e-04,8.9331755725e+00,nan
-6.7050738824e-06,8.9659955269e-05,4.5681446215e+01,nan
-2.6221163006e-04,1.9640572194e-05,1.8880865327e+02,nan
2.1447518082e-04,1.2360472841e-04,9.7635261787e+00,nan
-1.6840046013e-05,1.1964099440e-04,1.1905623764e+01,nan
-2.0015798791e-05,1.2366819268e-04,7.8449190173e+00,nan
-2.5040790584e-05,1.2321807825e-04,6.8010432491e+00,nan
-2.7543943214e-05,1.2301411132e-04,6.3954240772e+00,nan
-3.1529490645e-05,1.2490140593e-04,3.6314829264e+00,nan
-2.8569438601e-05,1.2077244756e-04,8.6923606786e+00,nan
-1.7523111851e-05,1.2392104653e-04,8.4043880008e+00,nan
-1.6616346595e-05,1.2622434008e-04,8.3861801777e+00,nan
1.6223771592e-04,5.4488092574e-05,3.1204686965e+01,nan
-2.9020565863e-06,9.8197147656e-05,3.6213666264e+01,nan
-1.0521599701e-06,9.0319988890e-05,4.3470893142e+01,nan
1.8391714679e-04,1.1348125925e-04,9.5878976583e+00,nan
-1.6551117438e-04,1.0126892369e-04,3.4638387853e+01,nan
4.5565907170e-06,9.1087684410e-05,4.0675700768e+01,nan
3.4211284580e-06,1.0117787558e-04,3.2300102530e+01,nan
-3.6235490426e-05,1.2028833889e-04,8.5802995113e+00,nan
-3.5134290264e-05,1.2249560702e-04,5.8462971207e+00,nan
-3.8803023682e-05,1.2015202230e-04,8.7045326211e+00,nan
-4.1376526188e-05,1.2003111425e-04,8.8912380199e+00,nan
-4.1628965679e-05,1.2432724497e-04,3.5327143158e+00,nan
-4.4440107844e-05,1.2415353709e-04,4.0758026789e+00,1.6799568095e+01
-4.4286834088e-05,1.0526736789e-04,2.7500773882e+01,nan
-4.9737434781e-05,1.0511076651e-04,2.7570829171e+01,nan
-5.2657521970e-05,1.0915974132e-04,2.2574865600e+01,nan
-4.1916298223e-05,1.0947681619e-04,2.2237265718e+01,nan
-5.5198583390e-05,1.0499809693e-04,2.7674438081e+01,nan
-5.8045675794e-05,1.0906629606e-04,2.2833523834e+01,nan
-6.0667954502e-05,1.0492595757e-04,2.7815737713e+01,nan
-6.3442214067e-05,1.0901201947e-04,2.3145707587e+01,nan
-6.6144176875e-05,1.0899879393e-04,2.3319008303e+01,nan
1.7511365785e-05,9.1289295108e-05,3.2768150937e+01,nan
1.3415896883e-05,1.0092608212e-04,2.9767236555e+01,nan
2.1048646741e-05,9.4162380534e-05,2.9843300824e+01,nan
2.2122783776e-05,1.0514237339e-04,2.4139845306e+01,nan
1.4823148080e-04,1.0537023866e-04,1.1160403452e+01,nan
1.6746506612e-04,1.2151480785e-04,9.8832181990e+00,nan
-4.6547433907e-05,1.1982282236e-04,9.4540218701e+00,nan
-4.9130544518e-05,1.1974747881e-04,9.7986101477e+00,nan
-4.9532344943e-05,1.2380228852e-04,5.4379343999e+00,1.7033995399e+01
-5.1723020335e-05,1.1966178477e-04,1.0206891430e+01,nan
2.2668231233e-04,1.1750284802e-05,6.0295793046e+01,nan
-1.6022186358e-04,3.5869388464e-05,1.3912974243e+02,nan
-1.6365022481e-04,3.5921290685e-05,1.3904966842e+02,nan
-1.6129442484e-04,3.7578332986e-05,1.3501344346e+02,nan
-2.1341343032e-04,1.2075808967e-05,2.1321555198e+02,nan
-5.5582002268e-05,1.1746866597e-04,1.3091749473e+01,nan
-5.6922820022e-05,1.1956344738e-04,1.1067897035e+01,nan
-5.9528281626e-05,1.1952223610e-04,1.1535979151e+01,nan
-6.2137127510e-05,1.1947845749e-04,1.2030132446e+01,nan
5.4504392277e-05,1.0130712737e-04,1.9349859484e+01,nan
1.7268359356e-04,6.8143111802e-05,2.2541717975e+01,nan
1.7644184978e-04,6.8949876257e-05,2.1995329125e+01,nan
-1.8489846650e-04,6.2042454083e-05,8.3184333039e+01,nan
-2.1926712086e-05,1.1915009826e-04,1.1629785668e+01,nan
-7.6628019511e-05,1.1737135448e-04,1.6332433359e+01,nan
-7.7847861902e-05,1.1943459374e-04,1.4977632542e+01,nan
-8.0558884551e-05,1.1942202333e-04,1.5478466210e+01,nan
-6.9981729591e-05,1.1943550247e-04,1.3504189567e+01,nan
-7.2603963275e-05,1.1936349195e-04,1.4051573358e+01,nan
-6.7356416967e-05,1.1943476656e-04,1.3015717647e+01,nan
1.1257987850e-04,6.9267277111e-05,3.1117240811e+01,nan
-6.0807020108e-05,5.7393435519e-05,9.6383309658e+01,nan
-1.9626000028e-04,9.4330963953e-05,3.8025545735e+01,nan
2.4558213644e-05,1.2815473608e-04,1.4742903712e+01,nan
1.3672116612e-04,1.1770298851e-04,1.0353816624e+01,nan
1.3716068455e-04,1.2106059744e-04,1.0348329013e+01,nan
1.3371042687e-04,1.1990370666e-04,1.0605774836e+01,nan
-1.2710195799e-04,8.6290019782e-05,5.0731978763e+01,nan
1.1546418602e-04,9.2502025583e-05,1.6590791129e+01,nan
1.1911785516e-04,9.3562513519e-05,1.5651952466e+01,nan
1.1982830857e-04,9.6776807253e-05,1.4550398555e+01,nan
1.1690982082e-04,9.8918071570e-05,1.4113582520e+01,nan
1.1756424489e-04,1.0215772065e-04,1.3118284435e+01,nan
1.6105544561e-04,8.0627803619e-05,1.7688947599e+01,nan
9.4309797078e-05,6.5563477456e-05,3.7580485032e+01,nan
1.9898683732e-04,1.0120548340e-05,8.8425753048e+01,nan
2.7605766818e-04,2.0495201772e-05,4.2279373866e+01,nan
2.7998204193e-04,2.0672580678e-05,4.2016889493e+01,nan
-9.0730751900e-05,8.7151669912e-05,4.9809562448e+01,nan
-1.6654671437e-04,2.4415383212e-05,1.6903450569e+02,nan
-1.1865546906e-04,7.6264231383e-05,6.4066637416e+01,nan
-1.1566945426e-04,7.6176872055e-05,6.4264028862e+01,nan
7.7056364557e-05,1.3763000984e-04,7.1863875503e+00,nan
2.2638437457e-04,4.2085456769e-05,3.3620186130e+01,nan
2.3032895385e-04,4.2605824470e-05,3.4197868216e+01,nan
2.2704861503e-04,4.5091149060e-05,3.3371210976e+01,nan
1.2649260825e-05,3.8382943642e-05,1.2131784910e+02,nan
1.6023987568e-05,3.8506533251e-05,1.1996212485e+02,nan
4.9866349224e-05,4.1959207980e-05,9.4214414565e+01,nan
5.3180849238e-05,4.2191612080e-05,9.0935527521e+01,nan
5.9877630788e-05,4.2709647813e-05,8.4590158700e+01,nan
6.3260746816e-05,4.2995746945e-05,8.1545294605e+01,nan
6.9265148097e-05,4.1464052255e-05,8.1540910283e+01,nan
7.6204302803e-05,4.2102074139e-05,7.5628761034e+01,nan
7.9711617752e-05,4.2448601716e-05,7.2832464428e+01,nan
8.4077922899e-05,4.5101240444e-05,6.5385147334e+01,nan
8.6802563083e-05,4.3198104683e-05,6.7585158164e+01,nan
9.0386947311e-05,4.3600501140e-05,6.5122811070e+01,nan
9.1222425990e-05,4.5952480677e-05,6.0815248355e+01,nan
9.4833990028e-05,4.6405956892e-05,5.8671308464e+01,nan
1.0129663236e-04,4.4919139173e-05,5.8371701654e+01,nan
-1.6627932097e-04,4.6364558792e-05,1.1491766916e+02,nan
1.1708585094e-04,1.4968963241e-04,1.3201637063e+01,nan
-2.4731616915e-04,4.1639121809e-05,1.1707417446e+02,nan
-9.4643310907e-05,7.5716843544e-05,6.5518313861e+01,nan
1.7130466085e-04,8.8708687301e-06,1.3082988875e+02,nan
-3.3116411514e-04,2.0249185649e-06,2.6868269854e+02,nan
-3.2730767077e-04,1.9423124932e-06,2.8568745762e+02,nan
1.6154176377e-04,1.2946834957e-04,1.0264197790e+01,nan
-1.5648051926e-04,4.6126345578e-05,1.1565015592e+02,nan
-1.5975749667e-04,4.6202235240e-05,1.1541748859e+02,nan
1.8229557636e-04,4.6809491181e-05,3.3447630823e+01,nan
-1.1559196021e-04,8.5840780826e-05,5.1334279489e+01,nan
6.6585256938e-05,6.0701967189e-05,4.9745803372e+01,nan
-2.3449985826e-04,6.5476136773e-05,6.8617023939e+01,nan
1.7067315913e-04,4.4927657582e-05,3.6945652608e+01,nan
-1.0152517591e-04,6.8370713310e-05,7.6533389266e+01,nan
5.5472954972e-05,1.2949094959e-04,7.3687729178e+00,nan
5.8406772591e-05,1.3120157332e-04,6.5976757650e+00,nan
1.7536889039e-04,3.4956898652e-05,4.5405499748e+01,nan
1.0236661321e-04,1.0944839381e-04,1.1607659751e+01,nan
8.6676693459e-05,1.3847050563e-04,9.6442700586e+00,nan
8.3384090521e-05,1.3710117979e-04,8.4582634344e+00,nan
8.3578021288e-05,1.4047225589e-04,9.9917827621e+00,nan
-8.3197264414e-05,1.1959091878e-04,1.5839380353e+01,nan
1.4361968535e-04,8.1259433572e-06,1.8591591675e+02,nan
-1.3897670508e-04,4.9272613190e-05,1.0950761639e+02,nan
-1.2930875383e-04,1.1307976425e-04,2.5522789630e+01,1.8844802824e+01
-1.1596075515e-04,1.0190249819e-04,3.3741480472e+01,nan
8.6749219480e-05,8.4567171319e-05,2.4971152368e+01,nan
-8.6791793769e-05,5.7390959845e-05,9.5791069368e+01,nan
7.0653324592e-05,1.3457885244e-04,3.8134533767e+00,nan
7.0780126313e-05,1.3799545572e-04,5.5017977014e+00,nan
3.7401494298e-05,5.6800978006e-05,6.6679425949e+01,nan
1.4357455417e-04,4.0876843009e-05,4.8518736100e+01,nan
1.5833327781e-04,6.7990839432e-05,2.3325842981e+01,nan
-2.4104049351e-04,1.4866894960e-06,2.5679937140e+02,nan
-2.3514692298e-04,4.4785108138e-06,2.4515921265e+02,nan
-2.3123891500e-04,4.4688287150e-06,2.4351359998e+02,nan
-2.3619919125e-04,6.0011994024e-06,2.4077535825e+02,nan
-2.3020676016e-04,2.9698835201e-06,2.4758264137e+02,nan
-2.2732410048e-04,4.4659540561e-06,2.4192510539e+02,nan
-2.2445257290e-04,5.9709919500e-06,2.3618796199e+02,nan
2.4056042420e-04,2.2808166402e-06,8.5453690298e+01,nan
2.4491355126e-04,4.9361319872e-06,6.5765432785e+01,nan
1.7895394438e-04,8.1973105938e-05,1.5513808205e+01,nan
8.2806161018e-05,9.4305359477e-05,1.9894813356e+01,nan
8.4029674052e-05,1.5049177727e-04,1.4143813732e+01,nan
8.4182415450e-05,1.5379612803e-04,1.5154212335e+01,nan
8.7445207187e-05,1.5170316251e-04,1.4354371433e+01,nan
5.4409190417e-05,7.9250791783e-05,3.4430474798e+01,nan
1.4808152600e-04,3.1594012190e-05,5.9997119930e+01,nan
-7.7069278839e-05,5.7346751678e-05,9.6188907564e+01,nan
-8.0314955524e-05,5.7352974108e-05,9.6079422351e+01,nan
-1.4426524226e-04,7.5316079289e-05,6.4718122027e+01,nan
2.4400548389e-04,1.1777249207e-04,1.1192201864e+01,nan
-7.0311023262e-05,9.4817369578e-05,4.0224266095e+01,nan
-7.3146339611e-05,9.4824632444e-05,4.0197910366e+01,nan
1.3185006330e-04,6.2449181270e-05,3.1681437134e+01,nan
2.3253694279e-04,2.1604207967e-06,9.8718068070e+01,nan
2.3683153700e-04,4.6869025720e-06,7.5582562266e+01,nan
-2.8918364072e-04,3.4413019569e-05,1.0376293015e+02,nan
-8.2372349255e-05,2.4106474498e-05,1.6718587414e+02,nan
-8.3823219444e-05,2.8844699096e-05,1.5570926197e+02,nan
3.2113613416e-05,7.2765142627e-05,4.6289981309e+01,nan
3.5949136362e-05,7.5569216950e-05,4.2199681951e+01,nan
2.3192289780e-05,7.1418187614e-05,5.0701523595e+01,nan
1.8214897330e-05,7.2775401467e-05,5.0680600105e+01,nan
9.4949165143e-06,7.1686331113e-05,5.7347299129e+01,nan
3.6000424353e-06,7.1062425804e-05,6.2254264822e+01,nan
6.1064407049e-07,7.0777741348e-05,6.4381743108e+01,nan
-4.2969371750e-07,6.8763419380e-05,6.7739470955e+01,nan
-3.4513330328e-06,6.8514785294e-05,6.9588840638e+01,nan
-9.5418452851e-06,6.8067867297e-05,7.2740260251e+01,nan
-1.2604209061e-05,6.7868099602e-05,7.4064654695e+01,nan
-1.7573876850e-05,6.9444221122e-05,7.3179105644e+01,nan
-2.3712718983e-05,6.9125112117e-05,7.4912263523e+01,nan
-2.8069831133e-05,6.7084778873e-05,7.8632009201e+01,nan
-3.1184087773e-05,6.6966673834e-05,7.9207360286e+01,nan
-3.6099649803e-05,6.8641241419e-05,7.7116527513e+01,nan
-4.2309950883e-05,6.8468416008e-05,7.7726598570e+01,nan
-4.5432846460e-05,6.8396606405e-05,7.7937757068e+01,nan
-5.1661277145e-05,6.8281898098e-05,7.8199958703e+01,nan
-5.4790538625e-05,6.8237104556e-05,7.8264475719e+01,nan
6.0504544395e-05,9.0468172909e-05,2.5053474564e+01,nan
-6.4319523115e-05,7.5547789989e-05,6.6842317207e+01,nan
-6.7358235379e-05,7.5534713909e-05,6.6758460320e+01,nan
-1.6523029169e-04,5.7239817525e-05,9.3105490156e+01,nan
2.3864265207e-04,1.3854757523e-04,1.2752792223e+01,nan
-1.9993080874e-04,3.4970286801e-05,1.4191935603e+02,nan
7.4159868774e-05,1.4954960737e-04,1.4130621407e+01,nan
9.4274102781e-05,3.5259025072e-05,8.1410845605e+01,nan
1.0547369789e-04,5.7582319785e-05,4.2227461810e+01,nan
-5.5203833853e-05,7.5634184006e-05,6.6970129214e+01,nan
-5.8241840481e-05,7.5597139847e-05,6.6951506744e+01,nan
9.8366598651e-05,2.7280206992e-05,1.0627852372e+02,nan
8.3457820816e-05,3.4392235887e-05,9.2060305249e+01,nan
-1.7101461174e-04,7.8919083200e-05,5.8535320128e+01,nan
8.7406704824e-05,2.6707975575e-05,1.2038084653e+02,nan
-1.6410464356e-04,8.2441546162e-05,5.4457670821e+01,nan
1.6147743705e-04,1.0298157555e-04,1.1103176692e+01,nan
1.5891584125e-04,1.0872695950e-04,1.0495767826e+01,nan
9.5141539870e-06,5.4422026513e-05,8.6694112729e+01,nan
1.6266437919e-09,5.3844352275e-05,9.2365596918e+01,nan
-4.6097660493e-05,7.5799952413e-05,6.6833038536e+01,nan
-4.9131273862e-05,7.5735125553e-05,6.6915565424e+01,nan
9.4539579331e-05,5.5775276091e-05,4.6969384727e+01,nan
8.3855592991e-05,5.4140944297e-05,5.2139172029e+01,nan
-1.7548159110e-04,1.1934059499e-05,2.0543496634e+02,nan
-2.7031966663e-05,2.4346155122e-05,1.6394444123e+02,nan
-1.0798221162e-04,3.5372757734e-05,1.4028058332e+02,nan
-6.8865233214e-06,1.5126413593e-05,1.8542262552e+02,nan
-6.7313231253e-05,5.7358362082e-05,9.6388984470e+01,nan
-7.0566130156e-05,5.7348759001e-05,9.6347566007e+01,nan
-1.7521805664e-04,8.3355503726e-05,5.2595047050e+01,nan
-2.7854995083e-05,3.0751903128e-05,1.4854034468e+02,nan
-9.6481578015e-06,5.3360710017e-05,9.6926215176e+01,nan
3.1005171738e-05,2.5245294641e-05,1.5240354928e+02,nan
7.3416613299e-05,5.2679858709e-05,5.7794326468e+01,nan
-3.7012799289e-05,7.6058234766e-05,6.6297619162e+01,nan
-9.9635160464e-06,3.9384384835e-05,1.2553366050e+02,nan
-2.4013190305e-04,6.0097279308e-06,2.4245736973e+02,nan
-9.0346635932e-05,3.5308713080e-05,1.4063623347e+02,nan
-9.3879901742e-05,3.5317005607e-05,1.4057853055e+02,nan
1.8169531230e-05,3.1682134962e-05,1.3690702484e+02,nan
2.8547473686e-05,3.1977261097e-05,1.3393606649e+02,nan
2.0280371786e-05,2.5034378946e-05,1.5447730327e+02,nan
2.1265918352e-04,1.9102822175e-06,1.3781968118e+02,nan
-2.1323214014e-04,1.4715542832e-06,2.4546919486e+02,nan
-2.0897660621e-04,5.9337287127e-06,2.3104741062e+02,nan
-2.0257360325e-04,2.9428120323e-06,2.3789080967e+02,nan
-1.9987739651e-04,4.4250704147e-06,2.3282434051e+02,nan
-2.0109466293e-04,5.9220407188e-06,2.2877106369e+02,nan
-1.9595096691e-04,4.4170855082e-06,2.3177374697e+02,nan
-2.1676335187e-04,5.9486903653e-06,2.3352141079e+02,nan
-6.9118233042e-05,3.5310239413e-05,1.4068177237e+02,nan
-7.2658838339e-05,3.5303145656e-05,1.4072361554e+02,nan
-7.9737876926e-05,3.5297722492e-05,1.4073901704e+02,nan
-8.3275799714e-05,3.5298822180e-05,1.4071916734e+02,nan
-2.0668550732e-05,6.0084179814e-05,8.8310964179e+01,nan
5.3235866402e-05,5.0278439586e-05,7.0974484131e+01,nan
-1.1170813289e-05,6.0538057708e-05,8.4913876908e+01,nan
-1.8134736518e-05,4.6012311202e-05,1.1344498693e+02,nan
-1.1253098204e-04,4.8873720117e-05,1.1108989898e+02,nan
-1.1185799792e-04,5.2372206252e-05,1.0423185881e+02,nan
-1.1585828315e-04,4.8913168890e-05,1.1090570397e+02,nan
-2.7963123483e-05,7.6424963930e-05,6.5186976345e+01,nan
-2.3768435880e-05,7.8542913274e-05,6.1878851805e+01,nan
-3.0974792421e-05,7.6289584295e-05,6.5633961281e+01,nan
-7.6648900345e-05,6.8131343860e-05,7.7877821276e+01,nan
-1.2249838423e-04,4.8998790642e-05,1.1052976362e+02,nan
7.4714762671e-06,6.1794681971e-05,7.4078870735e+01,nan
-1.4860667216e-05,7.9116854827e-05,5.9634477428e+01,nan
-1.7821052959e-05,7.8908657081e-05,6.0498255630e+01,nan
-6.0341598897e-06,7.9855273724e-05,5.6202431019e+01,nan
-2.0725366436e-07,8.0452098506e-05,5.3079783118e+01,nan
4.6001543023e-06,7.9029366292e-05,5.1959321142e+01,nan
7.4816788172e-06,7.9390897714e-05,4.9651406572e+01,nan
1.3186046209e-05,8.0189839126e-05,4.4137503248e+01,nan
1.6887831553e-05,8.2834993340e-05,4.0102870164e+01,nan
1.9708808618e-05,8.3324441396e-05,3.8863185276e+01,nan
2.4558460546e-05,8.2093706509e-05,3.8738106585e+01,nan
3.0328799077e-05,8.3201808758e-05,3.6297039358e+01,nan
9.7636974108e-05,7.6599068304e-05,2.8499628120e+01,nan
2.0462577658e-04,1.8253643937e-06,1.5630602445e+02,nan
-1.7916177866e-04,4.6760386404e-05,1.1367472999e+02,nan
3.1950757971e-04,6.0236578498e-05,1.7323854092e+01,nan
6.3270201372e-05,6.9339628527e-05,4.1403344830e+01,nan
3.4697140790e-05,6.4719292109e-05,5.5445767743e+01,nan
7.3263930923e-05,7.1283014367e-05,3.7241592064e+01,nan
5.3527137823e-05,6.7599008623e-05,4.5812675218e+01,nan
-1.3649412578e-05,1.0933566386e-04,2.4133045643e+01,nan
-1.6299393145e-05,1.0906617476e-04,2.4321156721e+01,nan
-1.3270844328e-04,5.4456787618e-05,9.9534641974e+01,nan
2.6866938099e-04,4.1408465355e-05,2.0830293090e+01,nan
2.6536605496e-04,4.4220941119e-05,1.9724020926e+01,nan
2.7125768784e-04,3.5267056086e-05,2.6112358542e+01,nan
2.6133379664e-04,4.3620781310e-05,2.1813523065e+01,nan
1.1306447714e-04,1.4182341398e-04,1.2574074050e+01,nan
-8.0659796262e-05,5.0382065375e-05,1.0909966269e+02,nan
-7.0642213425e-05,5.0383737005e-05,1.0928070963e+02,nan
2.8538131328e-05,9.3756125903e-05,2.8316548827e+01,nan
3.1330321951e-05,9.4452345621e-05,2.7240499712e+01,nan
3.2047177135e-05,9.6881799021e-05,2.5464940697e+01,nan
-1.1137067735e-04,6.4871294248e-05,8.1858982345e+01,nan
-1.8539776693e-04,1.4580583099e-06,2.3753739361e+02,nan
-1.9202524961e-04,4.4114711366e-06,2.3077000666e+02,nan
-1.8949924089e-04,5.9021881915e-06,2.2583095521e+02,nan
-1.9466926698e-04,2.9367458569e-06,2.3569256646e+02,nan
1.8474093502e-04,1.6578030284e-06,2.0583434069e+02,nan
6.3144692023e-05,1.0160002617e-04,1.8230111259e+01,nan
6.6310344763e-05,1.0267834800e-04,1.7354630798e+01,nan
6.6907125219e-05,1.0561913847e-04,1.5866988256e+01,nan
1.7672865912e-04,1.6058477928e-06,2.2547458472e+02,nan
-1.7744652822e-04,1.4542825107e-06,2.3574236223e+02,nan
-1.7502955946e-04,2.9242957639e-06,2.3111792050e+02,nan
-2.3041165665e-04,4.5906346859e-05,1.1058938278e+02,nan
-2.4144707737e-04,3.9002824628e-05,1.2622054738e+02,nan
5.9649726180e-05,1.1389986868e-04,1.2697313610e+01,nan
9.6427375775e-05,1.3903554330e-04,1.1104925802e+01,nan
-6.8883131575e-05,1.0488719216e-04,2.8095884456e+01,nan
1.9259603286e-04,9.9012028050e-05,1.0417763496e+01,nan
1.5679570489e-04,1.5394246403e-06,2.6465359480e+02,nan
2.2932433631e-04,9.5488575700e-05,9.7125891505e+00,nan
1.4877683261e-04,1.5350842204e-06,2.7108793059e+02,nan
-1.8313353858e-04,3.4567635876e-05,1.4280100166e+02,nan
-3.8848576549e-05,1.0547233847e-04,2.7452876381e+01,nan
-8.2587349433e-05,1.0498949509e-04,2.8695613846e+01,nan
2.2190718005e-04,7.6040890814e-05,1.2924387844e+01,nan
1.2888650259e-04,1.5390750295e-06,2.6079416411e+02,nan
3.2227743762e-04,5.3199452614e-05,1.7988755798e+01,nan
-1.2281513028e-04,9.4086082348e-05,4.1819700718e+01,nan
1.2093185797e-04,1.5387866000e-06,2.5607534706e+02,nan
1.1301877094e-04,1.5305260099e-06,2.5104521666e+02,nan
1.1757413603e-04,3.1482644150e-06,2.5090504540e+02,nan
3.0852880097e-04,3.0620332996e-06,4.1236470399e+01,nan
1.0937410555e-04,1.1182514454e-04,1.0946401128e+01,nan
-1.7531686321e-04,1.0021048666e-04,3.4921274157e+01,nan
1.0507500207e-04,1.5294397033e-06,2.4610896689e+02,nan
-1.3250007915e-04,1.0903264372e-04,2.8532721450e+01,nan
-8.3363060981e-05,1.1535358587e-04,1.9001356689e+01,nan
-1.7523661328e-04,6.7276947774e-05,7.5176338907e+01,nan
9.7134261164e-05,1.5278012751e-06,2.4144558955e+02,nan
1.2921015584e-04,7.8652326309e-05,2.1449427603e+01,nan
8.9159466908e-05,1.5332976421e-06,2.3718211560e+02,nan
8.1256085775e-05,1.5227406111e-06,2.3353369598e+02,nan
1.5722933596e-04,1.2133790572e-04,1.0099236781e+01,nan
7.3316292824e-05,1.5193270375e-06,2.3041206708e+02,nan
-2.3778898875e-04,7.9923005854e-05,4.4715240438e+01,nan
6.5374877533e-05,1.5153925114e-06,2.2785051388e+02,nan
5.7431502462e-05,1.5110181908e-06,2.2581516046e+02,nan
4.9462635968e-05,1.5070745391e-06,2.2425219896e+02,nan
-2.4702666637e-04,6.1207540147e-05,7.2487023540e+01,nan
-2.4452690898e-04,6.5248184361e-05,6.5848752517e+01,nan
2.6947087716e-04,1.0955460252e-04,1.2690882064e+01,nan
-1.0776788928e-04,1.1190529507e-04,2.4648385261e+01,nan
2.3318346971e-04,1.2206951568e-04,1.0564049020e+01,nan
1.9731672810e-04,1.3938872371e-04,9.8312852952e+00,nan
3.2372119882e-04,3.8645463635e-05,1.8814348165e+01,nan
-2.7668554405e-04,1.5345923800e-06,2.8266726987e+02,nan
-2.7273607361e-04,1.5251142822e-06,2.7840038314e+02,nan
-2.6622006628e-04,4.6026460219e-06,2.6136747991e+02,nan
-2.6482669850e-04,1.5123400302e-06,2.7137942757e+02,nan
-2.6086708906e-04,1.5081604970e-06,2.6841618863e+02,nan
-2.5779527121e-04,3.0196726522e-06,2.6168940598e+02,nan
-2.5857672193e-04,4.5660758692e-06,2.5684772826e+02,nan
-2.7014409604e-04,4.6260833019e-06,2.6372798667e+02,nan
1.7922126541e-04,1.0514987363e-04,1.0225282724e+01,nan
2.4069351657e-04,9.4937220542e-05,1.0216019612e+01,nan
9.0594962472e-05,1.4977251734e-04,1.3742683160e+01,nan
3.0297881028e-04,1.0615526569e-04,1.4115989262e+01,nan
2.6457109136e-04,2.7062735351e-06,5.2449110194e+01,nan
2.6514185350e-04,5.5058524145e-06,4.7256884256e+01,nan
2.6054323504e-04,2.6735826808e-06,5.7367391775e+01,nan
7.1227145904e-05,1.1292515839e-04,1.2308833303e+01,nan
2.7236322644e-04,1.0281892044e-04,1.2736092198e+01,nan
-1.7796363803e-04,8.3610158207e-05,5.2056663106e+01,nan
-9.7275162495e-05,5.0462765771e-05,1.0844572600e+02,nan
2.5253562484e-04,2.4917757782e-06,6.7973904755e+01,nan
2.5305323782e-04,5.1084362172e-06,5.7172025273e+01,nan
2.4853449504e-04,2.4651812645e-06,7.3425742933e+01,nan
2.4814991035e-04,5.4609126931e-05,1.7662589841e+01,nan
-1.8643969248e-04,7.6165315888e-05,6.0914951269e+01,nan
-1.6156170964e-04,1.3428658035e-05,1.9911952985e+02,nan
-2.4900426260e-04,1.4792008718e-06,2.6100824796e+02,nan
1.5732865369e-04,9.8493833920e-05,1.2090496233e+01,nan
2.1145236841e-04,8.0282094890e-05,1.2823697543e+01,nan
-2.2515457556e-04,1.4770388783e-06,2.4981934173e+02,nan
-2.2118114639e-04,1.4747266187e-06,2.4829627928e+02,nan
2.2459877178e-04,2.0684503139e-06,1.1327064411e+02,nan
2.2514602695e-04,4.2720130739e-06,9.2580495131e+01,nan
2.2060179013e-04,2.0470951873e-06,1.2094159721e+02,nan
2.7135480100e-04,1.2496095743e-04,1.3136255945e+01,nan
2.1490756904e-04,1.2740487094e-04,9.8236168749e+00,nan
1.9559843253e-04,1.2089290717e-04,9.3277952794e+00,nan
-7.1295732803e-05,2.4116469673e-05,1.6701571237e+02,nan
1.9668883594e-04,1.7615869012e-06,1.7594017937e+02,nan
1.9269408143e-04,1.7489505883e-06,1.8577853517e+02,nan
1.4365607139e-04,1.2001722114e-04,1.0223301790e+01,nan
1.6875841275e-04,1.5792648963e-06,2.4312303178e+02,nan
1.6476301251e-04,1.5803155722e-06,2.5073908369e+02,nan
1.4081687944e-04,1.5450492577e-06,2.6779863432e+02,nan
1.3683234092e-04,1.5569691207e-06,2.6520151441e+02,nan
-2.1765936751e-04,9.1326281106e-05,3.6859164855e+01,1.7159405114e+01
-2.1309678973e-04,9.3042199422e-05,3.6139421083e+01,1.7426462683e+01
-2.0834992601e-04,9.4308333227e-05,3.5876875005e+01,1.7550544129e+01
-2.0594396892e-04,9.3644331330e-05,3.7035050546e+01,nan
2.1401810009e-04,9.4787290985e-05,1.0067391989e+01,nan
4.1493541595e-05,1.5081258418e-06,2.2309858532e+02,nan
-3.8066229268e-05,1.4589748748e-06,2.2298060131e+02,nan
-1.8150732696e-05,1.4663579729e-06,2.2227202420e+02,nan
2.4230379743e-04,6.3566504268e-05,1.4314247816e+01,nan
8.7921179780e-05,1.1964271583e-04,8.4831216911e+00,nan
1.4598835226e-04,9.2094319702e-05,1.4365605763e+01,nan
1.4301310215e-04,9.4360961151e-05,1.3838094634e+01,nan
2.3402708762e-04,1.2973984723e-04,1.1320551908e+01,nan
-1.2110204503e-04,1.1251458174e-04,2.5367174211e+01,nan
-1.4766372388e-04,5.3016645874e-05,1.0180952346e+02,nan
-1.4598297584e-04,9.1322628814e-05,4.4830783890e+01,nan
2.6412826409e-04,7.5375814153e-05,1.1953475455e+01,nan
2.3316349657e-04,7.5283662223e-05,1.1837540340e+01,nan
-2.3309913464e-04,1.4818062939e-06,2.5311637417e+02,nan
1.1433304905e-04,1.2296039634e-04,1.0470468116e+01,nan
2.1274930293e-04,8.7465654023e-05,1.1103552345e+01,nan
-1.9335239509e-04,1.4638815321e-06,2.3952180719e+02,nan
1.2978066689e-04,1.1541783286e-04,1.0850018299e+01,nan
-2.8433536419e-04,5.3239037660e-05,7.1115082740e+01,nan
-9.3984256353e-05,1.1558206353e-04,2.0323584118e+01,nan
-2.2993493379e-04,4.1936209619e-05,1.2079078705e+02,nan
2.1141905489e-04,6.0689135759e-05,2.2511875498e+01,nan
1.2640380094e-04,1.4321180764e-04,1.2649356128e+01,nan
-1.5832838037e-04,6.8269675888e-05,7.4608841901e+01,nan
-1.3682659694e-04,1.0098836277e-04,3.5285077160e+01,nan
1.8824545853e-04,9.4344838957e-05,1.1320935159e+01,nan
1.8936613135e-04,1.0146785313e-04,1.0255107974e+01,nan
1.4661406584e-04,1.4702341740e-04,1.1974159980e+01,nan
1.6048935078e-04,1.5562926893e-04,1.0941500323e+01,nan
3.0772344735e-04,8.4404308733e-05,1.5225543586e+01,nan
-3.1468144115e-04,3.3656794514e-05,8.3861663247e+01,nan
-3.1094132599e-04,3.5094331931e-05,8.3950268932e+01,nan
-1.4642568965e-04,3.5689008078e-05,1.3941934294e+02,nan
-2.2626359720e-04,2.9644544076e-06,2.4598205670e+02,nan
-1.9862177167e-04,2.9394852493e-06,2.3676456298e+02,nan
2.6280708642e-04,1.4069874469e-05,4.3510957827e+01,nan
2.6145328214e-04,2.5464547661e-05,4.0361214243e+01,nan
2.4345233491e-04,5.0537688136e-05,2.2236507284e+01,nan
2.8789084825e-04,2.1063484051e-05,3.4867946686e+01,nan
-1.4877989325e-04,3.9083202681e-05,1.3144665550e+02,nan
3.6146308280e-04,3.5363219403e-05,2.5406895600e+01,nan
3.5816910294e-04,3.8948142390e-05,2.4287091521e+01,nan
3.5857342785e-04,4.3042662440e-05,2.3699879972e+01,nan
1.7955975503e-04,8.5346224314e-05,1.4229301521e+01,nan
2.7915515610e-04,9.6970224475e-05,1.3142164769e+01,nan
-2.0528131685e-04,1.4682646614e-06,2.4291192496e+02,nan
-2.7864629954e-04,1.3271313540e-05,2.1389265115e+02,nan
3.4025501758e-05,8.6177114903e-05,3.2926373923e+01,nan
-1.6296635550e-04,7.2400710220e-05,6.8103849697e+01,nan
-1.0824265958e-04,6.4813727538e-05,8.2072396298e+01,nan
4.5849747337e-05,7.9718378438e-05,3.5860335334e+01,nan
-1.3942316592e-04,8.2915042878e-05,5.4733154648e+01,nan
3.5622489176e-04,2.3023553602e-05,2.5095364333e+01,nan
2.7020942315e-04,4.8375231952e-05,1.5450405963e+01,nan
-3.0694519212e-04,4.9124294108e-05,6.6874342621e+01,nan
-8.2988826486e-05,9.6903438901e-05,3.7744634990e+01,nan
-9.0164758983e-05,1.1339927758e-04,2.1502809422e+01,nan
-6.6143634051e-05,1.0489136367e-04,2.7993985708e+01,nan
2.4963852046e-04,6.1661106259e-05,1.3762209806e+01,nan
1.8208856632e-04,7.9562992927e-05,1.6174793447e+01,nan
2.9937643648e-04,7.8983745450e-05,1.4818841236e+01,nan
2.0238372858e-04,5.3053068994e-05,2.9340045045e+01,nan
-2.1402308652e-04,8.4020008248e-05,4.6183774597e+01,nan
2.9820354305e-04,7.1352169694e-05,1.4916416933e+01,nan
-2.2126508839e-04,8.3125912532e-05,4.5541059892e+01,nan
-1.1079551476e-04,6.8542656107e-05,7.5923683584e+01,nan
-1.9965465766e-05,1.3507539908e-05,1.9103953614e+02,nan
-3.9113051471e-05,1.3425056063e-05,1.9264534964e+02,nan
-2.8863739592e-04,1.2039173111e-05,2.1535710010e+02,nan
-5.8291767344e-05,1.3373950551e-05,1.9363136738e+02,nan
5.1965781424e-05,1.4057478284e-05,1.8590522580e+02,nan
-1.3569517802e-04,4.9211115227e-05,1.0972199484e+02,nan
-7.3640219089e-05,1.3351954762e-05,1.9412904257e+02,nan
-1.7818250581e-04,3.7900200017e-05,1.3433245581e+02,nan
-1.1784356526e-05,1.2021604374e-04,1.2019311134e+01,nan
-1.0431165356e-04,1.3345778237e-05,1.9499906829e+02,nan
-1.1962031937e-04,1.3357045421e-05,1.9564529292e+02,nan
-1.3490275737e-04,1.3376143091e-05,1.9657622441e+02,nan
-8.9751983083e-05,2.4107630797e-05,1.6724763629e+02,nan
2.1530667901e-04,6.1432600196e-05,2.1130388704e+01,nan
1.5837818632e-04,1.6477398817e-05,9.6045026798e+01,nan
-1.0449155102e-04,2.4126383462e-05,1.6733221493e+02,nan
-1.1919518345e-04,2.4164349932e-05,1.6746600628e+02,nan
-1.6831825528e-04,5.7366022566e-05,9.2720910971e+01,nan
-1.6693379532e-04,6.1059160611e-05,8.6124260879e+01,nan
-1.3750554473e-04,2.4236550207e-05,1.6783212534e+02,nan
2.1349870633e-04,2.1044548735e-05,5.0172152733e+01,nan
4.2093981629e-05,8.5753630268e-05,3.1607464483e+01,nan
-1.6425677069e-04,6.8577194701e-05,7.3820466759e+01,nan
-2.9593788071e-04,8.6679063987e-06,2.3944692358e+02,nan
-2.2820192010e-04,8.0009739799e-05,4.7707116828e+01,nan
1.7499853750e-04,1.0049821679e-04,1.0939292529e+01,nan
2.4542150246e-04,2.4145689759e-05,3.9559363151e+01,nan
-8.5078784040e-05,1.0914063163e-04,2.4717375197e+01,nan
-1.0414084818e-04,7.2130506636e-05,7.0576194219e+01,nan
-1.0109410600e-04,7.2076436312e-05,7.0761534473e+01,nan
-3.6134687987e-05,1.0559456480e-04,2.7431305478e+01,nan
6.2710872157e-05,1.1519479256e-04,1.1930377217e+01,nan
1.5314848719e-04,1.4612759443e-04,1.1608452645e+01,nan
5.8487781430e-05,1.3457230902e-04,5.8027809136e+00,nan
1.1983712164e-04,1.1531238913e-04,1.0856531589e+01,nan
1.1547708533e-04,1.3298109520e-04,1.1484513482e+01,nan
1.4359591993e-04,9.7641030746e-05,1.2922848764e+01,nan
1.5969935645e-04,1.4529375627e-04,1.1322811452e+01,nan
1.1397926188e-04,1.0104100484e-04,1.3662575487e+01,nan
2.9750548548e-04,2.8366859963e-05,1.9609506845e+01,nan
2.0848424233e-04,1.3993207292e-04,1.0522670738e+01,nan
2.1138572558e-04,1.2989679566e-04,9.9690111534e+00,nan
1.9782384204e-04,4.9375190720e-05,3.0719582769e+01,nan
5.2546541322e-05,1.3755033238e-04,6.3274289441e+00,nan
8.6880847101e-05,1.4183100636e-04,1.0999365361e+01,nan
-1.9127116605e-04,5.4726232817e-05,9.6307170794e+01,nan
6.7661734857e-05,1.4320744633e-04,8.8861412971e+00,nan
-2.0885776598e-04,4.2504644770e-05,1.2201596087e+02,nan
-1.5103499344e-04,4.2537262338e-05,1.2358900822e+02,nan
1.9980148057e-04,1.2590448712e-04,9.4119548112e+00,nan
4.2346442700e-05,1.2748210315e-04,1.0300175981e+01,nan
3.1688902677e-04,9.7809833983e-05,1.4859322871e+01,nan
2.0303923931e-04,5.6125199943e-05,2.7493990635e+01,nan
-1.1101311625e-04,9.7626877356e-05,3.7778354727e+01,nan
-1.6996368459e-04,6.1202941964e-05,8.5703501036e+01,nan
1.6630589900e-04,1.4450375400e-04,1.1120459584e+01,nan
1.6902286993e-04,8.5781022140e-05,1.4990124612e+01,nan
9.7463589108e-05,1.0176934761e-04,1.5083711069e+01,nan
-1.6029199189e-04,5.3388099158e-05,1.0065119725e+02,nan
1.3666724906e-04,1.4676414827e-04,1.2409761804e+01,nan
-1.2940907788e-04,9.6440974114e-05,3.9488118075e+01,nan
3.1000861697e-04,7.3558756821e-05,1.5839261346e+01,nan
2.5217769924e-04,5.5348690648e-05,1.6192972930e+01,nan
2.4743582066e-04,5.1195176815e-05,2.0312404243e+01,nan
2.3490066488e-04,4.6155129832e-05,3.0614771220e+01,nan
-3.3070526508e-04,3.4941943998e-05,7.3323523071e+01,nan
1.5413481067e-04,1.2357202065e-04,1.0192351456e+01,nan
-1.6132236143e-04,9.6641937437e-05,3.9037335791e+01,nan
3.1777888176e-04,7.5024687701e-05,1.6352476344e+01,nan
-2.6547851352e-04,1.9829414638e-05,1.8650122371e+02,nan
-1.7185244343e-04,8.9261914412e-05,4.6009713154e+01,nan
-1.9258260122e-04,8.9482833004e-05,4.3653360543e+01,nan
-1.2580751494e-04,4.9046963160e-05,1.1033445367e+02,nan
1.8397689333e-04,7.0585602542e-05,2.0403243462e+01,nan
-1.5619585278e-04,8.9999098277e-05,4.6013548337e+01,nan
-3.5280157825e-05,1.3438861952e-05,1.9237848723e+02,nan
1.8110146937e-05,1.3768763469e-05,1.8650710953e+02,nan
1.9748890662e-04,1.0742930888e-04,9.5817565016e+00,nan
2.0409037806e-04,1.0244281820e-04,9.7439384422e+00,nan
-2.1971593607e-04,1.6869093404e-05,1.9888825316e+02,nan
2.1662514019e-04,6.8144441342e-05,1.6780826553e+01,nan
2.6605047756e-04,1.1243229375e-04,1.2559374008e+01,nan
-9.0164183416e-05,9.5025409674e-05,4.0081283546e+01,nan
-2.5910826810e-04,6.4341524467e-05,6.1749704792e+01,nan
-2.5497016833e-04,1.5844005002e-05,2.0747097886e+02,nan
2.7576628073e-04,9.9902642104e-05,1.2930213727e+01,nan
2.2064531441e-04,8.9580066133e-05,1.0323660222e+01,nan
2.1299073603e-04,1.1226776959e-04,9.4023622452e+00,nan
-1.0933822071e-04,5.7613212928e-05,9.4529721353e+01,nan
-2.2589510540e-04,3.5989860487e-05,1.3781141090e+02,nan
3.5528518827e-04,4.6553799084e-05,2.2698903704e+01,nan
3.1228405473e-04,4.0829489480e-05,1.7340119216e+01,nan
-9.3541797863e-05,1.0520857227e-04,2.9215937991e+01,nan
2.1863676322e-04,7.8660697690e-05,1.2542105846e+01,nan
-5.9699642519e-06,1.2319623064e-04,1.0672227442e+01,nan
-3.5293067351e-04,2.5812829383e-05,8.8967111734e+01,nan
-2.2376090670e-04,8.3627061264e-05,4.4230811424e+01,nan
2.0618470733e-04,1.1729124776e-04,9.3740282150e+00,nan
-2.5176423311e-04,6.0891690942e-06,2.4763274344e+02,nan
-2.8426097909e-04,1.9593419549e-05,1.6971190301e+02,nan
-3.0158571282e-04,1.3191230773e-05,1.9232913443e+02,nan
-2.3159916280e-04,6.0608417905e-05,7.8371693415e+01,nan
9.2479767308e-05,1.0903635023e-04,1.2604867838e+01,nan
2.5272145035e-04,1.2759234276e-04,1.2520778614e+01,nan
2.8221758727e-04,6.8311779598e-05,1.3566969744e+01,nan
2.8122082162e-04,2.6796565866e-05,3.1236130668e+01,nan
2.4490931136e-04,1.2544581364e-04,1.1834941428e+01,nan
-1.7047817384e-04,3.6034095879e-05,1.3886966374e+02,nan
3.0436456238e-04,8.7487156427e-05,1.4904334917e+01,nan
-3.2359732664e-04,2.3398598591e-05,1.0682811289e+02,nan
1.2298493084e-04,1.4203367252e-04,1.2629260216e+01,nan
2.4199552365e-04,8.0947639511e-05,1.0458909712e+01,nan
-2.3807439062e-04,3.4861815914e-05,1.3923303833e+02,nan
2.3475472347e-04,1.3741932511e-04,1.2331665761e+01,nan
2.3906178780e-04,1.0903833372e-04,1.0348096612e+01,nan
-1.6400704773e-04,9.6890733904e-05,3.8681587177e+01,nan
-1.3385084951e-04,2.4219944252e-05,1.6773641561e+02,nan
2.9558579911e-04,5.6311994916e-05,1.5093632681e+01,nan
1.7243913372e-04,1.3679648282e-04,1.0345283608e+01,nan
2.2697425707e-04,1.3502828771e-04,1.1262728709e+01,nan
-1.0242828972e-04,6.1098035411e-05,8.8615997589e+01,nan
1.4217035321e-04,1.3571677869e-04,1.1305333964e+01,nan
1.5003437107e-04,1.4824782665e-04,1.1850056486e+01,nan
2.5769427801e-04,1.0662522644e-04,1.1745596368e+01,nan
3.5556313344e-05,1.2600639004e-04,1.4128517668e+01,nan
2.2272261048e-04,1.2995259451e-04,1.0311572564e+01,nan
2.1919552003e-04,1.3251446207e-04,1.0268831611e+01,nan
9.6685512945e-05,1.4238362473e-04,1.1992539365e+01,nan
9.2490014816e-05,1.3102923660e-04,8.4444435451e+00,nan
1.1889288568e-04,1.3416416655e-04,1.1775888449e+01,nan
7.9573245889e-05,1.2890801471e-04,5.6143242146e+00,nan
1.3223310479e-04,1.3551551050e-04,1.1865560981e+01,nan
3.0364089838e-04,5.7650069870e-05,1.5828805088e+01,nan
1.9639174421e-04,1.2827894283e-04,9.4336080069e+00,nan
-2.1682654106e-04,6.9192912197e-05,6.6675803448e+01,nan
1.0296636562e-04,1.1273642207e-04,1.0621491659e+01,nan
7.6060457618e-05,1.0610107430e-04,1.4879416239e+01,nan
-1.3674134498e-04,9.4819073337e-05,4.1214333468e+01,nan
2.0399570754e-04,1.3098668545e-04,9.6627130383e+00,nan
-1.8551118744e-04,8.2284603627e-05,5.2953935114e+01,nan
4.2698362077e-05,9.7585075037e-05,2.3139511672e+01,nan
1.7185748408e-04,1.0287007830e-04,1.0735240243e+01,nan
1.5373211932e-04,9.7437541113e-05,1.2508790138e+01,nan
-1.4962568606e-04,9.3619053509e-05,4.2360979252e+01,nan
-1.1387547095e-04,6.8609558694e-05,7.5710650419e+01,nan
1.2786005417e-04,8.7078513356e-05,1.7200911534e+01,nan
1.7876783978e-04,2.0304755449e-05,6.7936809213e+01,nan
1.4573511745e-04,1.1100998546e-04,1.0545275331e+01,nan
-1.6457816553e-04,7.6450987949e-05,6.2260324562e+01,nan
-5.6594321615e-05,3.0502105917e-05,1.5137382860e+02,nan
-2.0129714573e-04,3.8548697311e-05,1.3245661455e+02,nan
-2.1343881057e-04,6.4538159085e-05,7.5161894942e+01,nan
-1.9531925012e-04,6.8822259516e-05,7.0789786663e+01,nan
3.6222573818e-04,4.3645841728e-05,2.4069319045e+01,nan
1.7000397299e-04,1.4926188674e-04,1.1291897850e+01,nan
6.2367268124e-05,3.1265537741e-06,2.2183791478e+02,nan
2.1523893985e-04,1.0221258683e-04,9.5740923407e+00,nan
2.6348602323e-04,1.6956850027e-05,4.2629663274e+01,nan
2.2534378268e-04,1.1970934067e-04,9.8590243358e+00,nan
-2.2788979539e-04,3.0626980417e-05,1.5378808121e+02,nan
1.0748113115e-04,1.0202245485e-04,1.3875074483e+01,nan
-9.1424290995e-05,9.7049918918e-05,3.7768693424e+01,nan
-6.7602444981e-05,2.4123381795e-05,1.6692717491e+02,nan
1.9404895582e-04,8.5886836924e-05,1.2835117526e+01,nan
2.5527843286e-04,1.1710835402e-04,1.2038158991e+01,nan
-1.6900549947e-04,8.8940242269e-06,2.1307349148e+02,nan
1.0344726676e-04,1.4487441213e-04,1.2800761866e+01,nan
-8.7585083990e-05,9.1018022885e-05,4.4914594416e+01,nan
-1.7402046779e-04,1.9686594696e-05,1.8292505445e+02,nan
2.0629389882e-04,2.2946737712e-05,5.0278599999e+01,nan
-1.5160071843e-04,6.0441540711e-05,8.7918017524e+01,nan
1.8330573779e-04,8.6336679387e-05,1.3590476607e+01,nan
-3.0719438324e-04,4.2853632171e-05,7.3431094023e+01,nan
-1.9970839497e-04,5.3323225446e-05,9.8374415771e+01,nan
-2.1678600133e-04,2.6776947117e-05,1.6605942747e+02,nan
-1.5403893556e-04,9.8102499090e-05,3.7889212191e+01,nan
2.9418745322e-04,3.1385914559e-05,1.8565559517e+01,nan
3.7550707712e-05,8.0263280417e-05,3.7252367886e+01,nan
9.3120051123e-05,1.1231347443e-04,1.1099052774e+01,nan
1.9473538641e-04,6.9821457614e-05,1.9390203912e+01,nan
2.4710630097e-04,6.8047738506e-05,1.1893361505e+01,nan
-1.5776240108e-04,1.3419309924e-05,1.9867638117e+02,nan
-4.9209165216e-05,2.7353452682e-05,1.5846480432e+02,nan
1.7397772740e-04,7.4497799022e-05,1.9419171218e+01,nan
2.6521875230e-04,6.1382416644e-05,1.2382430937e+01,nan
2.5341765607e-04,8.0119896615e-05,1.1117927648e+01,nan
-2.9712447073e-04,3.4676468772e-05,9.6863343199e+01,nan
-2.0553467781e-04,6.5736804439e-05,7.4426118128e+01,nan
-1.4768138284e-04,4.2479792791e-05,1.2375668903e+02,nan
-2.4166674554e-04,4.3030237446e-05,1.1513938584e+02,nan
-1.4935044585e-04,6.7860603107e-05,7.5649184731e+01,nan
2.4139704614e-04,2.3770115930e-05,4.0119442057e+01,nan
9.3924440363e-05,1.0061726476e-04,1.5830272950e+01,nan
-4.5773402483e-05,3.0572574112e-05,1.5066115480e+02,nan
2.8213237333e-04,1.1921138410e-05,4.3833710965e+01,nan
-2.8371048364e-04,3.5172368130e-05,1.0947741312e+02,nan
-1.7596063811e-04,5.3968485061e-05,9.8821620478e+01,nan
-2.2335433866e-04,1.6913464701e-05,1.9943904100e+02,nan
2.2775790265e-04,6.7234401810e-05,1.5312985710e+01,nan
2.0626451778e-04,7.2388137354e-05,1.6348847186e+01,nan
2.1236425088e-04,1.4132937800e-04,1.0708514866e+01,nan
1.6287143002e-04,9.0481119956e-05,1.3885139425e+01,nan
-1.4978644654e-04,3.0765571945e-05,1.5155320519e+02,nan
2.1336344064e-04,5.1904120456e-05,2.9561968675e+01,nan
8.2136020974e-05,1.0537546008e-04,1.4730293698e+01,nan
-1.8789561593e-04,9.1024390492e-05,4.2590368339e+01,nan
2.8928265249e-04,8.8064171071e-05,1.3890523041e+01,nan
-2.2374953548e-04,6.1625599867e-05,7.8336420745e+01,nan
-2.4484456252e-04,1.7273783412e-05,2.0122517111e+02,nan
2.6360952030e-04,5.4071258145e-05,1.4133348363e+01,nan
2.8857253220e-04,2.4231212068e-05,2.9548255701e+01,nan
2.2639008711e-04,6.0372790393e-05,1.9369785173e+01,nan
3.4507292111e-04,2.6009699938e-05,2.2715439990e+01,nan
3.4901950994e-04,2.6311770008e-05,2.3509499917e+01,nan
2.8359930826e-04,1.0170932896e-04,1.3442853689e+01,nan
-1.7750116915e-04,5.7786317296e-05,9.1421892868e+01,nan
-1.9135188033e-04,6.4464680776e-05,7.8394070944e+01,nan
-2.7948179966e-04,5.3813270734e-05,7.2638011191e+01,nan
2.5207920469e-04,3.6319566409e-05,3.7387749930e+01,nan
1.8559462631e-04,1.2791953330e-04,9.5272891061e+00,nan
-2.5845143400e-04,1.5949221753e-05,2.0675066460e+02,nan
2.0810329999e-04,4.5245080088e-05,3.2223311639e+01,nan
2.7595170545e-04,5.6409998441e-05,1.3414953393e+01,nan
2.4641240571e-04,1.0737133070e-04,1.0859815355e+01,nan
-2.6487837019e-04,3.1503163538e-05,1.3946294757e+02,nan
3.6763413109e-04,2.3906379692e-05,2.8176251787e+01,nan
-2.0682343007e-04,7.2127800350e-05,6.3971435158e+01,nan
-2.3497450475e-04,3.4656764462e-05,1.4044928284e+02,nan
3.2152967285e-04,2.7578978049e-05,1.8868650972e+01,nan
-2.8208297040e-04,3.0112755452e-05,1.2664392074e+02,nan
2.3097388156e-04,4.5621012018e-05,3.2537712017e+01,nan
8.0449212739e-05,1.4244328800e-04,1.0497168144e+01,nan
-2.4958750598e-04,2.4413409629e-05,1.7253280528e+02,nan
2.3533548580e-04,8.6380979241e-05,1.0073831595e+01,nan
-1.4764293537e-04,1.0176507777e-04,3.4677012800e+01,nan
2.7954384818e-04,7.5017078781e-05,1.3222614498e+01,nan
2.7211054938e-04,2.0303416758e-05,4.2131576274e+01,nan
-2.7358279148e-04,3.0682840960e-05,1.3508394577e+02,nan
1.8521590254e-04,1.2430327156e-04,9.4689744284e+00,nan
-2.4450027804e-04,5.6204425821e-05,8.3382277263e+01,nan
2.9426022552e-04,9.6614506326e-05,1.4084886107e+01,nan
-2.8643528062e-04,5.4240373948e-05,6.7986468036e+01,nan
-1.8053319865e-04,5.7941635594e-05,9.0933141906e+01,nan
1.8901620071e-04,7.8053399129e-05,1.6045709516e+01,nan
2.5874212375e-04,3.1074471168e-05,3.9135386370e+01,nan
-1.0822471897e-04,9.7524346864e-05,3.7789735465e+01,nan
3.1209269648e-04,8.9104546265e-05,1.5238243243e+01,nan
2.7329551741e-04,2.6239512678e-05,4.0181085579e+01,nan
2.5540119944e-04,9.1407306227e-05,1.1209211594e+01,nan
-1.8181002709e-04,5.8922124567e-06,2.2411316927e+02,nan
1.1105861385e-04,1.0316108558e-04,1.3191387051e+01,nan
2.7421054701e-04,1.1688939006e-05,4.4413354493e+01,nan
-3.3321737693e-04,1.2743628764e-05,1.3830069743e+02,nan
2.5072887626e-04,4.8488685998e-05,2.1474032813e+01,nan
6.3743238240e-05,1.0448836964e-04,1.6707145238e+01,nan
2.3051330043e-04,1.3239863665e-04,1.1286623585e+01,nan
-3.0478640890e-04,1.3571783714e-05,1.8402960224e+02,nan
-1.9091505747e-04,8.2880179715e-05,5.1580877361e+01,nan
2.9476835877e-04,1.0049006650e-04,1.4030170182e+01,nan
-2.9637496325e-04,5.0305272523e-06,2.7010571873e+02,nan
2.9794860559e-04,1.2315442816e-05,3.9292813618e+01,nan
2.6268536140e-04,3.1391898059e-05,3.9257183212e+01,nan
3.2641272806e-04,8.4441130015e-05,1.6146257131e+01,nan
3.2438672136e-04,4.2388638376e-05,1.8758564109e+01,nan
2.9272480715e-04,6.2080328851e-06,4.3983301708e+01,nan
-6.7301078742e-05,5.0393237820e-05,1.0929028495e+02,nan
2.7339686079e-04,6.3010549271e-05,1.2958045903e+01,nan
2.8412913731e-04,5.7904230707e-05,1.4013663097e+01,nan
2.5370880670e-04,6.2502769389e-05,1.2629831851e+01,nan
2.1725806160e-04,5.2527969325e-05,2.8387736593e+01,nan
2.9287973203e-04,1.1528012760e-04,1.3612907742e+01,nan
-1.4624964030e-04,3.0735075746e-05,1.5153702335e+02,nan
-2.9116350541e-04,4.5531675075e-05,8.0836380977e+01,nan
-1.5678447200e-04,3.5820359107e-05,1.3920533386e+02,nan
-2.9386861453e-04,5.2552529780e-05,6.7227416096e+01,nan
-2.2272732037e-04,3.5826829345e-05,1.3861078932e+02,nan
3.2594056780e-04,8.0467758446e-05,1.6457325500e+01,nan
3.2236757165e-04,1.3490178423e-05,2.0459872028e+01,nan
7.6296148775e-05,1.2743721358e-04,5.8788997966e+00,nan
2.6206582769e-04,4.7020779742e-05,1.8712134493e+01,nan
3.3226186044e-04,2.1382492661e-05,2.0404469592e+01,nan
2.8848547759e-04,1.1035073186e-04,1.3610852813e+01,nan
-8.0167723910e-05,9.6868431764e-05,3.7740122833e+01,nan
2.8534862789e-04,8.7224934396e-05,1.3601875452e+01,nan
1.0223457106e-04,1.3148755048e-04,1.0089783334e+01,nan
2.1272287322e-04,6.7308551496e-05,1.7898169630e+01,nan
-3.1118001519e-05,1.2059501767e-04,8.5768674099e+00,nan
8.0302796809e-05,1.3907404059e-04,8.7287927011e+00,nan
-3.2194019275e-04,2.6311277625e-05,9.7509355274e+01,nan
3.1129109034e-05,8.5550233764e-05,3.4082751857e+01,nan
-1.1258915379e-04,5.7661092234e-05,9.4319452046e+01,nan
-7.9667261677e-05,1.0905998675e-04,2.4300551252e+01,nan
1.2880404231e-04,1.3434042809e-04,1.1850994242e+01,nan
2.5945378097e-04,1.6718428652e-05,4.2455975769e+01,nan
-2.7186113387e-04,2.0286870263e-05,1.8024996491e+02,nan
-1.5803172928e-04,2.7583409526e-05,1.6003795736e+02,nan
2.8840062656e-04,4.0960152213e-05,1.5014454460e+01,nan
3.4911620017e-04,5.7505606719e-05,2.0420758438e+01,nan
4.5091834985e-05,8.6464372481e-05,3.0474651648e+01,nan
-1.7451235416e-04,7.3154865620e-05,6.6262629276e+01,nan
2.8307531962e-04,9.7859594233e-05,1.3410404987e+01,nan
1.5063062965e-04,1.2237543323e-04,1.0207532087e+01,nan
-1.2001810209e-04,6.8757831117e-05,7.5268862208e+01,nan
2.8012872342e-04,3.9710785695e-05,1.7913555325e+01,nan
-3.6610363964e-04,3.4995689518e-06,1.3125086531e+02,nan
1.9281461708e-04,7.8981002506e-05,1.5235502421e+01,nan
-1.2561299586e-04,9.4218377463e-05,4.1723515262e+01,nan
-2.0273786402e-04,6.5455559296e-05,7.5315189358e+01,nan
-1.8152669592e-04,3.7976594723e-05,1.3415086386e+02,nan
2.5136255993e-04,1.1607103272e-04,1.1686279538e+01,nan
2.7552825056e-04,7.4194977964e-05,1.2891014519e+01,nan
2.7681732579e-04,4.2615886713e-05,1.7041820344e+01,nan
2.8524259533e-04,2.7134835838e-05,2.7882565330e+01,nan
-3.4297354305e-04,2.2336085018e-05,8.2698856259e+01,nan
2.6548532970e-04,8.2881150729e-05,1.1986861513e+01,nan
-1.8285555551e-04,2.7843460199e-05,1.6080623801e+02,nan
2.5876679482e-04,8.8583020421e-05,1.1454420372e+01,nan
2.8165167475e-04,1.1625704997e-04,1.3351342629e+01,nan
2.2051412745e-04,5.0049270990e-05,3.0148356342e+01,nan
-2.4131098144e-04,1.7196556197e-05,2.0123520141e+02,nan
-2.2102603095e-04,6.1274854479e-05,7.9572643889e+01,nan
-3.3436156044e-04,2.3493032809e-05,8.9531521067e+01,nan
-3.6045158010e-04,1.4179588355e-05,9.6212797418e+01,nan
2.4536395594e-05,9.7141349670e-05,2.7021100822e+01,nan
9.2134332966e-05,1.2766938708e-04,7.8588456163e+00,nan
2.8508856422e-04,4.3933732349e-05,1.4525678862e+01,nan
3.7483355967e-05,1.5147478083e-06,2.2264180387e+02,nan
1.1852667197e-04,1.3082102886e-04,1.1375158964e+01,nan
-1.9625407831e-04,8.3530798837e-05,5.0051957782e+01,nan
3.0965450238e-04,4.7683068575e-05,1.6798245921e+01,nan
-2.6965863940e-04,3.8733637847e-05,1.1373530572e+02,nan
-1.5085489218e-04,5.3104856923e-05,1.0153349866e+02,nan
1.6227939432e-04,8.7157951356e-05,1.5045261547e+01,nan
2.6276056868e-04,8.9519247206e-05,1.1780145418e+01,nan
3.1820341744e-04,3.0796737519e-05,1.8383920672e+01,nan
-3.3663266641e-04,1.3371461824e-05,1.3111415807e+02,nan
3.1368332500e-04,4.8263124254e-05,1.7220155539e+01,nan
3.0698859473e-04,5.4545139493e-05,1.6271452756e+01,nan
3.6664508967e-04,1.5853811949e-05,2.7322884369e+01,nan
2.4246544468e-04,1.0631146521e-04,1.0511937488e+01,nan
-1.4411307974e-04,9.3239633109e-05,4.2826352827e+01,nan
5.8122016244e-05,1.0515759615e-04,1.6920624122e+01,nan
3.3506488925e-04,3.6253264747e-05,2.0584672014e+01,nan
-2.5243054557e-04,2.0963437654e-05,1.8573262196e+02,nan
1.0186737588e-04,1.2813948588e-04,9.5281870918e+00,nan
3.1159176663e-04,8.5195156228e-05,1.5414522309e+01,nan
1.2843244153e-04,1.3098933173e-04,1.1533417497e+01,nan
-3.0409588320e-04,5.0160921998e-05,6.6539007633e+01,nan
1.5019152635e-04,1.1896077562e-04,1.0181344525e+01,nan
-2.5233981463e-04,5.3231579130e-05,8.6920334864e+01,nan
2.7729644771e-04,1.1144708644e-04,1.3160005294e+01,nan
-1.8260201906e-04,9.0387205654e-05,4.3862588766e+01,nan
2.7346925959e-04,8.4652451055e-05,1.2644587275e+01,nan
-7.7105743445e-05,1.0492485852e-04,2.8441777434e+01,nan
-2.1067045604e-04,5.0206451722e-05,1.0378215095e+02,nan
4.8838688907e-05,8.9762815268e-05,2.7378110948e+01,nan
1.0971085963e-04,7.1323239897e-05,3.0154613316e+01,nan
-2.0506553807e-04,1.6736412323e-05,1.9646620949e+02,nan
1.9725391951e-04,8.3393130811e-05,1.3268768347e+01,nan
-7.7321524258e-05,5.0378222682e-05,1.0918252191e+02,nan
2.3778025163e-05,9.4792753236e-05,2.8725300142e+01,nan
-1.2613537862e-04,6.8925716140e-05,7.4803306851e+01,nan
-3.7230440718e-04,7.6397954648e-06,1.1067249206e+02,nan
7.3966489168e-05,1.3953412187e-04,7.5009782722e+00,nan
2.8337295112e-04,5.4213631648e-05,1.4070430557e+01,nan
-2.0716275837e-04,8.7279524590e-05,4.3724888951e+01,nan
2.7263295645e-04,5.9316336215e-05,1.3040645755e+01,nan
2.5875263057e-04,1.3844638001e-05,4.3453931129e+01,nan
-2.1308047407e-04,3.5405979053e-05,1.4044945908e+02,nan
-1.7953102115e-04,7.1529451517e-05,6.8258161468e+01,nan
1.8270130270e-04,8.2927784950e-05,1.4786878559e+01,nan
-1.9670126321e-04,5.3136882051e-05,9.9044724460e+01,nan
-1.9476837268e-04,3.8333380569e-05,1.3316495759e+02,nan
1.5863046645e-04,8.6193788652e-05,1.5676321241e+01,nan
-1.0263664540e-04,9.7339386516e-05,3.7795691870e+01,nan
2.7663984883e-04,2.3469839821e-05,4.1308465886e+01,nan
3.6135557830e-04,7.9635321779e-06,2.3815455895e+01,nan
3.5677871039e-04,2.6931034660e-05,2.5179820827e+01,nan
-1.2918377233e-04,6.9017107187e-05,7.4560285735e+01,nan
-7.4364711742e-05,1.0490419117e-04,2.8320744596e+01,nan
2.8057202075e-04,2.3685229879e-05,3.7606758688e+01,nan
-1.8485794529e-04,3.8057856308e-05,1.3394678625e+02,nan
-1.4320212814e-04,9.1144512393e-05,4.5058985936e+01,nan
-9.2862514718e-05,6.0991502240e-05,8.9180462183e+01,nan
1.5656946468e-04,1.4738888786e-04,1.1522294191e+01,nan
-1.3954157487e-04,1.0116979477e-04,3.5162675829e+01,nan
-2.4906698834e-04,2.0828956889e-05,1.8677517666e+02,nan
3.3305013203e-04,7.8046004088e-05,1.6993819179e+01,nan
-1.0145369003e-04,9.5296510098e-05,4.0013604552e+01,nan
3.3148274357e-04,1.7727960330e-05,2.0232319106e+01,nan
-2.5405603824e-04,7.2558184699e-05,4.9717956590e+01,nan
-2.9693490278e-04,4.2867753883e-05,7.9074290725e+01,nan
2.6008403871e-04,7.4487251218e-05,1.1675060344e+01,nan
2.3461368050e-04,8.2647933107e-05,1.0338522278e+01,nan
-2.0322863972e-04,8.0170820934e-05,5.3217182569e+01,nan
-2.3398361915e-04,5.6667929547e-05,8.5552257053e+01,nan
1.0518479863e-04,6.7724732392e-05,3.3600940049e+01,nan
1.7333904051e-04,7.1299178513e-05,2.1022862164e+01,nan
-8.7328587172e-05,5.0401992238e-05,1.0888019105e+02,nan
2.7926991293e-04,5.3485539645e-05,1.3805145189e+01,nan
5.4953028007e-05,9.1414304693e-05,2.5270579146e+01,nan
2.3372580496e-05,8.6122139832e-05,3.5430092523e+01,nan
-1.9992051844e-04,6.5188443629e-05,7.6154284583e+01,nan
3.2160932530e-04,9.9801481947e-06,2.6051033832e+01,nan
-2.7528489746e-04,1.3102469244e-05,2.1679428480e+02,nan
-1.4225035487e-04,4.9337697296e-05,1.0928697631e+02,nan
2.5135755365e-04,1.6170404422e-05,4.3177494926e+01,nan
-9.0654693144e-05,5.0417344766e-05,1.0874916436e+02,nan
-1.7905387055e-04,5.4104303829e-05,9.8383104337e+01,nan
1.8585353137e-04,8.0496546988e-05,1.5391041202e+01,nan
2.8455265323e-04,2.3939950715e-05,3.3046236848e+01,nan
1.8331129186e-05,9.3562747830e-05,3.0985648932e+01,nan
2.6789909248e-04,9.8056207082e-05,1.2314423037e+01,nan
-9.7035637395e-05,9.7181175928e-05,3.7786086771e+01,nan
-2.9189394287e-04,1.2280505973e-05,2.1154303250e+02,nan
-1.4041310704e-04,9.0974550124e-05,4.5269617481e+01,nan
2.7283938259e-04,8.0873402346e-05,1.2601426571e+01,nan
-3.1209930729e-04,1.2165235508e-05,1.8248642246e+02,nan
3.3258712878e-04,7.4046513773e-05,1.7362298571e+01,nan
-2.4073151985e-04,3.1281479099e-05,1.5000702704e+02,nan
2.8871610964e-04,8.4237957626e-05,1.3889628695e+01,nan
3.2112468492e-04,7.1851265978e-05,1.6789263419e+01,nan
9.8741283021e-05,6.8991852887e-05,3.3851278699e+01,nan
-1.6389101643e-04,6.0922411971e-05,8.6522212104e+01,nan
2.6109788468e-04,1.0379095142e-04,1.1919689495e+01,nan
1.5801704724e-04,8.2939847159e-05,1.6940763409e+01,nan
-2.7186633312e-04,1.2958816001e-05,2.1901099318e+02,nan
1.6313448002e-04,1.4659019808e-04,1.1328681615e+01,nan
-6.8847403926e-05,1.0899433239e-04,2.3502055783e+01,nan
-1.9308990240e-04,6.0644999836e-05,8.4910764522e+01,nan
-1.4095045518e-04,4.2374000560e-05,1.2407776704e+02,nan
3.0635215466e-04,1.0310057710e-04,1.4329876384e+01,nan
3.2773373946e-04,3.9121506051e-05,1.9352308259e+01,nan
2.4732051145e-04,1.5878569767e-05,4.4345511661e+01,nan
3.0344306526e-04,1.1012686969e-04,1.3940786438e+01,nan
5.0875693837e-05,9.7630747109e-05,2.1931446762e+01,nan
2.5659963576e-04,9.8993846703e-05,1.1425402786e+01,nan
-2.2036218741e-04,7.6266520984e-05,5.5065297880e+01,nan
-1.9857366333e-04,4.9454164297e-05,1.0667727495e+02,nan
-1.2246462164e-04,1.0427714972e-04,3.1906626465e+01,nan
-1.2001149694e-04,9.3960693588e-05,4.1905603491e+01,nan
-1.9600528352e-04,6.0860677572e-05,8.4210509902e+01,nan
-1.6083588202e-04,6.0792299520e-05,8.6899317378e+01,nan
1.3707854132e-05,9.4707499904e-05,3.3402038859e+01,nan
1.5436368805e-04,8.2015621797e-05,1.7325736321e+01,nan
-1.1870319766e-04,1.0202919021e-04,3.3750797797e+01,nan
2.4663178165e-04,1.3071246175e-05,4.7345306717e+01,nan
1.6652491254e-04,7.2793621010e-05,2.0531096732e+01,nan
3.1741717572e-04,2.7152377949e-05,1.8410758745e+01,nan
6.4371709915e-05,9.4125400851e-05,2.2239015094e+01,nan
2.4740638633e-04,8.9441480436e-05,1.0632927721e+01,nan
2.2319885678e-04,1.0453246719e-04,9.5432004025e+00,nan
-2.0369506939e-04,5.7506469498e-05,8.9578730576e+01,nan
9.1576199177e-05,6.7541804029e-05,3.6481605949e+01,nan
3.7092044590e-04,2.0131427350e-05,2.9365523620e+01,nan
2.2658599787e-04,1.0190427582e-04,9.6090561595e+00,nan
3.2060350890e-04,6.7958197326e-05,1.6989943458e+01,nan
1.6279313139e-04,7.1943562006e-05,2.0954043782e+01,nan
-2.0703711446e-04,5.9784520978e-05,8.4794212650e+01,nan
2.9601512470e-04,8.2030834532e-05,1.4488328710e+01,nan
3.3966506901e-04,7.1542098445e-05,1.7996794646e+01,nan
2.3115206153e-04,1.0681740018e-04,9.7947304456e+00,nan
2.3851114924e-04,1.0523461752e-04,1.0196704105e+01,nan
-2.0988223348e-04,6.0050705140e-05,8.3870243734e+01,nan
2.0240423007e-04,7.1516314832e-05,1.7334133554e+01,nan
8.8038224195e-05,6.6847752564e-05,3.7846114998e+01,nan
-1.6714906743e-04,9.0907001724e-05,4.4535292070e+01,nan
8.2187403752e-06,9.3711406580e-05,3.6941245885e+01,nan
-3.3960785331e-04,2.1254391228e-05,8.9091159961e+01,nan
1.6209536480e-04,6.8815076683e-05,2.2590142132e+01,nan
2.2726857801e-04,8.4298500669e-05,1.0621961114e+01,nan
8.7207759601e-05,6.4224850410e-05,4.0407034534e+01,nan
7.3420160304e-06,9.1515775536e-05,3.9039512704e+01,nan
2.0176195957e-04,6.8178498452e-05,1.9260783886e+01,nan
-2.9938505349e-04,8.8568830447e-06,2.3541621550e+02,nan
2.3861999151e-04,1.2537463165e-05,5.1763397510e+01,nan
7.3432509361e-05,9.4204492684e-05,2.1048412775e+01,nan
1.4079049792e-05,8.2370824334e-05,4.1438896531e+01,nan
3.3921625150e-04,6.7518992991e-05,1.8431702852e+01,nan
3.3107918329e-04,3.5821891114e-05,1.9973689574e+01,nan
2.6010019505e-04,1.2582177143e-04,1.2781964543e+01,nan
8.1050510443e-05,6.5522200411e-05,4.0675189187e+01,nan
2.5540914372e-04,3.3706585818e-05,3.8480840820e+01,nan
5.1503064682e-05,1.0032032666e-04,2.0268629013e+01,nan
1.9792261485e-04,6.7365234271e-05,2.0368444811e+01,nan
7.9409949901e-05,9.3292219411e-05,2.0831800218e+01,nan
-1.6469222304e-04,3.7635744155e-05,1.3489856110e+02,nan
9.3429796871e-06,8.3677891354e-05,4.4189241837e+01,nan
2.9544153394e-04,7.8205692188e-05,1.4523211310e+01,nan
8.3514250684e-05,9.7298200670e-05,1.8296516487e+01,nan
2.6853015985e-04,5.8519763744e-05,1.2703657088e+01,nan
2.3065203785e-04,1.2009588093e-05,5.7212096397e+01,nan
6.5061513739e-06,8.3273669154e-05,4.6481236988e+01,nan
1.5154661139e-04,6.9409869586e-05,2.3284679597e+01,nan
-5.5350295573e-05,1.0910795759e-04,2.2697002793e+01,nan
7.4179099516e-05,6.4281232621e-05,4.3635833119e+01,nan
4.1708125346e-05,1.0445628311e-04,1.9213131987e+01,nan
-1.6706902032e-04,3.5976237056e-05,1.3896337022e+02,nan
8.6948829953e-05,9.8380658479e-05,1.7439611478e+01,nan
2.4417573274e-04,3.5515358188e-05,3.6723988502e+01,nan
7.6755951325e-05,9.5208969192e-05,2.0103634362e+01,nan
7.0786154402e-05,6.3691975736e-05,4.5167565255e+01,nan
1.9663877072e-04,6.0958291933e-05,2.4831335071e+01,nan
3.4626621488e-04,6.4934250844e-05,1.9184726874e+01,nan
-1.5303530667e-04,7.5757581728e-05,6.3777276694e+01,nan
2.2336232746e-04,1.4082312161e-05,5.7163684116e+01,nan
-3.8735907421e-06,8.9977252721e-05,4.4644533503e+01,nan
6.9953754789e-05,6.1237374619e-05,4.8095480277e+01,nan
-3.0004290851e-04,5.1323071359e-06,2.7008426888e+02,nan
2.9484795028e-04,7.4397055738e-05,1.4554171671e+01,nan
2.6771750999e-04,5.4850681132e-05,1.3060097360e+01,nan
2.8391130245e-04,2.0852927319e-05,3.9087172366e+01,nan
3.4790093567e-05,3.0751149041e-06,2.1769488923e+02,nan
2.4020583265e-04,3.5083466291e-05,3.6362314803e+01,nan
2.1939866675e-04,1.3794395187e-05,6.0069875988e+01,nan
-4.9967383392e-05,1.0922207183e-04,2.2467717430e+01,nan
7.8275574685e-07,8.2545292795e-05,5.0385892949e+01,nan
-1.6169389632e-04,9.0433925572e-05,4.5323873698e+01,nan
1.4401429936e-04,6.7753731838e-05,2.5419753308e+01,nan
2.0748519906e-04,1.2856596894e-04,9.6657595583e+00,nan
2.6690911003e-04,5.1230926449e-05,1.4756608969e+01,nan
3.4953718021e-04,6.1589391975e-05,1.9858392795e+01,nan
-1.8394177728e-04,6.7875235830e-05,7.3512230298e+01,nan
1.9728235693e-04,6.4131495121e-05,2.2581221162e+01,nan
2.3951839771e-04,3.2123289685e-05,3.6842585100e+01,nan
-2.2461217377e-04,3.0496810103e-05,1.5438899223e+02,nan
-1.4719846553e-04,7.5456349660e-05,6.4420442143e+01,nan
2.6612392089e-04,4.7684811550e-05,1.7004388955e+01,nan
1.4322556751e-04,6.4760298191e-05,2.7539126608e+01,nan
2.4634316185e-04,6.4414867688e-05,1.3287847050e+01,nan
5.9932072475e-05,5.9691945641e-05,5.3168954133e+01,nan
-4.4596510855e-05,1.0938010657e-04,2.2299266694e+01,nan
2.1148671724e-04,1.3237789561e-05,6.6498495948e+01,nan
2.8331955591e-04,1.7845871399e-05,4.2359062060e+01,nan
-1.4204953880e-05,9.0920316101e-05,4.5552812506e+01,nan
-1.9325439900e-04,3.4793738563e-05,1.4236449670e+02,nan
-2.3737968457e-04,7.2853631147e-05,5.5402670774e+01,nan
-1.5731946716e-04,8.6001557406e-05,5.0487337855e+01,nan
-3.1130270790e-06,8.0142216943e-05,5.4734052757e+01,nan
5.4226756733e-05,6.1060400332e-05,5.3363765246e+01,nan
-3.4871373712e-04,1.9812267668e-05,8.3307367953e+01,nan
2.3223815785e-04,3.4163588363e-05,3.6014398226e+01,nan
-1.8554937120e-04,6.4040673734e-05,7.9677920033e+01,nan
5.0991455608e-05,6.0596756830e-05,5.5122630692e+01,nan
-3.9239150766e-05,1.0958555481e-04,2.2189413859e+01,nan
1.3564518355e-04,6.3207068533e-05,3.0221191144e+01,nan
-1.5452294674e-04,8.5805932445e-05,5.0821600920e+01,nan
2.9423294780e-04,7.0606054215e-05,1.4583769165e+01,nan
-1.9896332532e-05,9.0460402228e-05,4.6594334541e+01,nan
-1.5366864839e-04,8.3732871850e-05,5.3336337209e+01,nan
2.0358900460e-04,1.2706983637e-05,7.3756562120e+01,nan
3.0296700445e-04,5.3908839310e-05,1.5886154745e+01,nan
2.2825333831e-04,3.3683636677e-05,3.6363886184e+01,nan
-1.9162369042e-04,3.1331054753e-05,1.5166306376e+02,nan
-2.2696039420e-04,2.7060147812e-05,1.6530781562e+02,nan
2.3829170205e-04,6.2737475903e-05,1.5449697563e+01,nan
2.0293556194e-04,1.0333486745e-05,8.3630600791e+01,nan
-1.1906673751e-05,7.9342995476e-05,5.8638976436e+01,nan
1.2889215583e-04,6.4570106699e-05,3.0812916692e+01,nan
3.7046161149e-04,1.6048811289e-05,2.8769837882e+01,nan
-1.7086757414e-04,3.0998679221e-05,1.5169417311e+02,nan
-1.3723652389e-04,6.7401862632e-05,7.6830741713e+01,nan
2.8605134779e-04,1.2035049592e-05,4.3518735379e+01,nan
2.9024514944e-04,6.9851744068e-05,1.4245205741e+01,nan
-3.5451019770e-05,1.1185211336e-04,1.9462980517e+01,nan
2.6942503105e-04,4.4848924868e-05,1.7862170180e+01,nan
9.3202900407e-05,9.7490438716e-05,1.7264138830e+01,nan
2.2753627284e-04,3.0761445951e-05,3.7848631608e+01,nan
-2.5611824954e-05,9.0075755424e-05,4.7321843349e+01,nan
4.0555449253e-05,5.7153025107e-05,6.4584697295e+01,nan
3.2780841923e-04,6.5428778895e-05,1.7770657981e+01,nan
1.9569931091e-04,1.2206049249e-05,8.1943877095e+01,nan
-1.3923909791e-04,6.5596645362e-05,7.9667348479e+01,nan
1.2510227338e-04,6.3806606970e-05,3.2366025775e+01,nan
1.9175356288e-04,1.1968030739e-05,8.6400040852e+01,nan
-3.1234305407e-05,1.0999530980e-04,2.2101974783e+01,nan
2.7272906985e-04,4.1997879635e-05,1.8803055424e+01,nan
2.3102851619e-04,6.4587777910e-05,1.5957924185e+01,nan
3.6992012375e-04,1.2022901442e-05,2.7536492235e+01,nan
1.2425001469e-04,6.0974110742e-05,3.4833106995e+01,nan
-3.1347331423e-05,8.9758281847e-05,4.7796679652e+01,nan
2.9892619740e-04,5.3261576116e-05,1.5511384677e+01,nan
2.8623964604e-04,6.9086998852e-05,1.3904744422e+01,nan
1.9108338165e-04,9.7201529157e-06,9.8868692703e+01,nan
3.3114628379e-04,6.2175127277e-05,1.8322311676e+01,nan
-2.0789675449e-05,7.8716975413e-05,6.1243467102e+01,nan
3.1157805782e-05,5.6155044047e-05,7.1053249542e+01,nan
-1.7226409333e-04,2.7719615801e-05,1.6046646253e+02,nan
-2.7530637427e-05,1.1232879143e-04,1.9405459694e+01,nan
2.5887187482e-05,5.7626837270e-05,7.0992542430e+01,nan
3.3063745642e-04,5.8262879050e-05,1.8585078629e+01,nan
1.8317415727e-04,9.3535807616e-06,1.1054653215e+02,nan
-2.1068764014e-04,7.9083469959e-05,5.3282614608e+01,nan
-3.8325576446e-05,8.7499342154e-05,5.0689092879e+01,nan
-2.2276793475e-05,1.1272824803e-04,1.9370568889e+01,nan
-1.9890178238e-04,6.1088100420e-05,8.3465152458e+01,nan
-2.8521998289e-05,8.0205717321e-05,6.0133796502e+01,nan
2.3033528115e-04,6.1141101540e-05,1.7976855290e+01,nan
2.2898929091e-04,5.4468727077e-05,2.3332781287e+01,nan
1.6738763344e-05,5.6832450918e-05,7.7674751643e+01,nan
1.1002822933e-04,6.0917486080e-05,3.8152281302e+01,nan
2.9820181394e-04,4.9557170901e-05,1.5571111302e+01,nan
1.7526164766e-04,9.0223396578e-06,1.2369077978e+02,nan
1.3659970574e-05,5.6592066615e-05,8.0047280720e+01,nan
-2.8636965050e-04,6.5507012757e-05,4.6399540850e+01,1.2864186865e+01
2.2506723860e-04,5.3806132710e-05,2.5114661826e+01,nan
1.0917426293e-04,5.8222721012e-05,4.0736020596e+01,nan
1.8068409743e-04,1.1584095370e-04,9.5960361309e+00,nan
1.8763917857e-04,1.1471110106e-04,9.4769735592e+00,nan
-4.8638435694e-05,8.9142031078e-05,4.8228084265e+01,nan
-1.7046799108e-05,1.1320250092e-04,1.9253812444e+01,nan
-3.4470315178e-05,7.9942444381e-05,6.0799937908e+01,nan
-1.4441578802e-05,1.1347014902e-04,1.9138396813e+01,nan
2.2965523069e-04,5.7765836742e-05,2.0415747784e+01,nan
2.9412068456e-04,4.8912884914e-05,1.5216731799e+01,nan
-4.9952447118e-05,8.7164180278e-05,5.0845269882e+01,nan
7.4385369731e-06,5.6144125296e-05,8.4411730576e+01,nan
-3.7450815842e-05,7.9830722033e-05,6.1034795664e+01,nan
1.7701292138e-04,1.1461589738e-04,9.7163611826e+00,nan
3.3781500915e-04,5.5578571848e-05,1.9567836713e+01,nan
1.6338411291e-04,8.6017554772e-06,1.4621070332e+02,nan
3.1918601462e-06,5.4026055458e-05,9.0592970176e+01,nan
2.2030296343e-04,3.2704674295e-05,3.7582283190e+01,nan
-5.5777325792e-05,8.7061885250e-05,5.0786953734e+01,nan
-2.6204388200e-04,5.7910670067e-05,7.2924908422e+01,nan
1.5619544598e-04,1.0272723454e-05,1.4131333217e+02,nan
2.9334601364e-04,4.5244229684e-05,1.5290483690e+01,nan
9.8156041712e-05,5.6358303924e-05,4.5343366794e+01,nan
-4.3422377836e-05,7.9644162946e-05,6.1343451894e+01,nan
2.1238349207e-04,3.1716479534e-05,3.9541528428e+01,nan
-6.4156995864e-06,5.3511086791e-05,9.5532489830e+01,nan
-6.1606224519e-05,8.6997656946e-05,5.0674827211e+01,nan
-4.6412219185e-05,7.9567780522e-05,6.1430343699e+01,nan
2.1166213575e-04,2.8883314124e-05,4.2012058483e+01,nan
9.1794118735e-05,5.7737844456e-05,4.5643803085e+01,nan
-1.3199739045e-04,9.0509368990e-05,4.5809916153e+01,nan
2.7215227562e-07,1.1330085226e-04,2.0189081104e+01,nan
1.4756235437e-04,8.1996959285e-06,1.7826809400e+02,nan
-1.2996600103e-04,8.6417671380e-05,5.0560194035e+01,nan
-6.7435765392e-05,8.6969495241e-05,5.0526621605e+01,nan
-1.6139067695e-05,5.3088895955e-05,9.9344958023e+01,nan
8.8231695402e-05,5.7159785222e-05,4.7269997597e+01,nan
-2.1778204393e-04,7.5834483272e-05,5.6296966928e+01,nan
2.0449272742e-04,3.0733750682e-05,4.1986748197e+01,nan
1.4043339710e-04,9.8318300874e-06,1.7189648821e+02,nan
3.5665982448e-06,1.1602432725e-04,1.7675138333e+01,nan
-3.3890726765e-04,2.2297682969e-06,2.3321905197e+02,nan
-2.1337903531e-05,5.4675119570e-05,9.7736421664e+01,nan
-5.2398341413e-05,7.9446516142e-05,6.1496016623e+01,nan
8.7389161445e-05,5.4666330250e-05,5.0366338451e+01,nan
6.1024328458e-06,1.1649995012e-04,1.7486749068e+01,nan
-2.4590418270e-05,5.4564190450e-05,9.8600707094e+01,nan
1.3650985693e-04,9.7509651987e-06,1.7908133763e+02,nan
-5.5393526934e-05,7.9400293278e-05,6.1484717686e+01,nan
2.0055706844e-04,3.0247857826e-05,4.3467210606e+01,nan
2.1918580094e-04,4.3992009797e-05,3.2692162290e+01,nan
2.2442079883e-04,5.0647324236e-05,2.8581704668e+01,nan
8.1190983228e-05,5.6063493827e-05,5.0659088528e+01,nan
-3.1117080917e-05,5.4370800561e-05,1.0002466874e+02,nan
1.9983391115e-04,2.7498141555e-05,4.6687147020e+01,nan
1.2869124920e-04,9.6230777971e-06,1.9231912694e+02,nan
-3.4389423615e-05,5.4287189435e-05,1.0059867440e+02,nan
-6.1386776380e-05,7.9334979390e-05,6.1393001649e+01,nan
-3.3760789116e-04,4.6828314353e-06,1.9599028058e+02,nan
2.6851320769e-05,3.0708574911e-06,2.1731594159e+02,nan
2.0739299884e-04,4.2269372492e-05,3.3582412235e+01,nan
7.6869251573e-05,5.3147441341e-05,5.5849541598e+01,nan
-4.0948246282e-05,5.4145525602e-05,1.0150208197e+02,nan
2.2377766023e-04,4.7571221968e-05,3.1908498022e+01,nan
2.0667227164e-04,3.9327927641e-05,3.5267743282e+01,nan
1.2091252821e-04,9.5327368270e-06,2.0390524530e+02,nan
-3.4663072683e-04,2.5182234130e-06,1.9314278235e+02,nan
1.9955293517e-04,4.1104684553e-05,3.5001434158e+01,nan
1.6972454669e-04,1.1221348612e-04,9.9928133263e+00,nan
1.9882133931e-04,3.8206351222e-05,3.7005761330e+01,nan
1.9173140419e-04,3.9945534301e-05,3.6872257195e+01,nan
2.6883552062e-04,8.0004079716e-05,1.2273901245e+01,nan
1.1317619027e-04,9.4759378208e-06,2.1359299369e+02,nan
-7.0379384770e-05,7.9296583083e-05,6.1133283912e+01,nan
2.3454755555e-04,1.0413968689e-04,9.9331133911e+00,nan
1.8392583072e-04,3.8805343442e-05,3.9362084728e+01,nan
6.7434977959e-05,5.4104015073e-05,5.8046962883e+01,nan
1.6299036317e-04,1.1334276155e-04,1.0103628165e+01,nan
-3.5465645827e-04,9.4603369499e-06,1.3133544745e+02,nan
1.8002882328e-04,3.8245567323e-05,4.0775400826e+01,nan
1.7927341988e-04,3.5478652257e-05,4.3747155353e+01,nan
-2.1232520015e-04,5.8260928771e-05,8.6890360791e+01,nan
1.7224129883e-04,3.7151663117e-05,4.3898516332e+01,nan
-3.5080009427e-04,1.6244895706e-05,8.6597806764e+01,nan
1.6757774707e-04,3.3940734938e-05,4.9026844284e+01,nan
-3.4507974280e-04,5.2674466286e-06,1.6257452015e+02,nan
1.0548386825e-04,9.4484211335e-06,2.2272582921e+02,nan
-7.6370154191e-05,7.9308645567e-05,6.0904242493e+01,nan
1.6056609294e-04,3.5581196453e-05,4.9314992204e+01,nan
1.5978352122e-04,3.2966115349e-05,5.3083182009e+01,nan
-3.5435278531e-04,2.9092744961e-06,1.5463672196e+02,nan
1.5278230611e-04,3.4592258802e-05,5.3416932397e+01,nan
1.5198569275e-04,3.2037435239e-05,5.7585622569e+01,nan
6.0714159856e-05,5.3242256929e-05,6.2099498382e+01,nan
-1.1498517585e-04,8.9764657166e-05,4.6579439141e+01,nan
1.4028639905e-04,3.0746642600e-05,6.5158029375e+01,nan
9.7833941788e-05,9.4429002204e-06,2.2371654688e+02,nan
-1.3244118019e-04,7.4818317749e-05,6.5779335143e+01,nan
1.3331121797e-04,3.2350171837e-05,6.5628720173e+01,nan
-8.2353308918e-05,7.9349174172e-05,6.0645089709e+01,nan
1.2473851238e-04,2.9234554861e-05,7.7612561420e+01,nan
1.2555458096e-04,3.1559609830e-05,7.1340629465e+01,nan
2.5140881858e-04,9.0431819142e-05,1.0904787368e+01,nan
1.5584646857e-04,1.1101869994e-04,1.0382401376e+01,nan
1.1789578896e-04,3.0839353479e-05,7.7741630608e+01,nan
4.4734862823e-05,1.2615812367e-04,9.5746872417e+00,nan
1.9197595066e-04,2.6603938949e-05,5.0408078105e+01,nan
-1.1097632274e-04,8.7650339642e-05,4.9104146227e+01,nan
-4.5739176981e-05,5.2316727478e-05,1.0517741032e+02,nan
1.0953378039e-04,2.8009146062e-05,9.2983768123e+01,nan
4.9873965106e-05,1.2626288243e-04,8.7368058453e+00,nan
5.6537707765e-05,5.0630385915e-05,6.8583926717e+01,nan
1.0206902436e-04,2.7503853023e-05,1.0171597613e+02,nan
9.0209452094e-05,9.4347851143e-06,2.1633716091e+02,nan
9.1042543694e-05,2.6881111570e-05,1.1564888530e+02,nan
1.8486177748e-04,2.8368134584e-05,5.0522526092e+01,nan
8.4604320938e-05,2.8498517137e-05,1.1458148855e+02,nan
8.1019981237e-05,2.8324538404e-05,1.1911729129e+02,nan
-3.4387533140e-05,2.4281912462e-05,1.6484422048e+02,nan
7.3917021048e-05,2.8023678482e-05,1.2804354755e+02,nan
7.0399144639e-05,2.7895189278e-05,1.3233778471e+02,nan
-2.3353620253e-05,2.4382151681e-05,1.6342430990e+02,nan
2.1106284411e-05,1.2016421173e-04,1.4740451575e+01,nan
6.3422495788e-05,2.7676381832e-05,1.4034005947e+02,nan
5.9967100081e-05,2.7585939424e-05,1.4427968105e+02,nan
5.3088476952e-05,2.7429240215e-05,1.4604339954e+02,nan
-1.0521170702e-04,8.7477356657e-05,4.9319079543e+01,nan
4.9634155775e-05,2.7350990792e-05,1.4588988134e+02,nan
3.4563234445e-05,2.5317236927e-05,1.5186580794e+02,nan
1.3085282566e-05,2.4900340302e-05,1.5608776471e+02,nan
2.3869293699e-05,2.5103369053e-05,1.5372537029e+02,nan
3.5247531711e-08,2.6307275158e-05,1.5483376152e+02,nan
4.2685462464e-05,2.7192182086e-05,1.4607848493e+02,nan
7.2411996025e-06,2.6435166645e-05,1.5309655085e+02,nan
3.5685884774e-05,2.7032444716e-05,1.4685731292e+02,nan
1.4414419605e-05,2.6574426496e-05,1.5132188707e+02,nan
1.7982920259e-05,2.6645589098e-05,1.5045667792e+02,nan
2.8636942980e-05,2.6873880182e-05,1.4808362219e+02,nan
2.5097237295e-05,2.6796637082e-05,1.4881871542e+02,nan
2.4190199905e-04,1.0250973043e-04,1.0369813755e+01,nan
8.2592667699e-05,9.4179123890e-06,2.1099291510e+02,nan
-1.2571623469e-04,7.8417814126e-05,6.0901770876e+01,nan
-9.1314822555e-05,7.9454949823e-05,6.0224706645e+01,nan
-9.4296693822e-05,7.9501764946e-05,6.0078298850e+01,nan
1.7703143869e-04,2.7478038036e-05,5.4718342151e+01,nan
2.4528439105e-04,9.9764947439e-05,1.0558278985e+01,nan
4.6700055127e-05,4.9631205392e-05,7.6000209000e+01,nan
2.8436556505e-05,1.2271608211e-04,1.2167540253e+01,nan
1.7311841048e-04,2.7047264225e-05,5.7007961329e+01,nan
7.3862779657e-05,7.8091085099e-06,2.1112163931e+02,nan
2.1655548915e-05,1.4862507902e-06,2.2175410725e+02,nan
4.1124224489e-05,5.1121629735e-05,7.5981682552e+01,nan
6.7348355711e-05,9.3648240517e-06,2.0394938338e+02,nan
1.7237444882e-04,2.4515770284e-05,6.1962362811e+01,nan
3.7935226971e-05,5.0834668924e-05,7.8553782331e+01,nan
2.4468096078e-04,9.5975697462e-05,1.0466398702e+01,nan
-1.1505380232e-04,7.9990413138e-05,5.8961090470e+01,nan
1.8636483005e-05,1.1943673199e-04,1.5475822501e+01,nan
1.4522609797e-04,1.0763667501e-04,1.0916339062e+01,nan
-2.2045016155e-04,5.7058070828e-05,8.7829170639e+01,nan
-1.1213124092e-04,8.9663439495e-05,4.6679409799e+01,nan
5.9711250008e-05,9.3314308386e-06,2.0183618492e+02,nan
2.4405128896e-04,9.2199147568e-05,1.0416104950e+01,nan
3.1616687546e-05,5.0317724141e-05,8.3872679405e+01,nan
1.3872720508e-04,1.0877712447e-04,1.0925346406e+01,nan
5.2062729653e-05,9.2963385741e-06,2.0043346068e+02,nan
-1.0914467932e-04,7.9822941297e-05,5.9298564510e+01,nan
1.3819931567e-04,1.0544468907e-04,1.1483716702e+01,nan
4.8232327825e-05,9.2770979306e-06,1.9996184991e+02,nan
-1.0618208889e-04,7.9746846821e-05,5.9462012324e+01,nan
2.5368678979e-05,4.9873537285e-05,8.8937258055e+01,nan
4.0558242637e-05,9.2363667456e-06,1.9940558408e+02,nan
-1.0024659731e-04,7.9614175995e-05,5.9774637442e+01,nan
3.2869845607e-05,9.1964912375e-06,1.9926909208e+02,nan
1.6529022243e-04,2.6216276946e-05,6.1974819889e+01,nan
-9.0449489766e-05,9.1067302959e-05,4.4855378182e+01,nan
1.6453615720e-04,2.3750616739e-05,6.7522681980e+01,nan
2.5167008538e-05,9.1565844753e-06,1.9945967026e+02,nan
1.5669324210e-04,2.3032438803e-05,7.3741413855e+01,nan
1.7449821357e-05,9.1173854888e-06,1.9988672913e+02,nan
1.4962541537e-04,2.4697906036e-05,7.3597125490e+01,nan
1.4570803102e-04,2.4351180672e-05,7.7014332254e+01,nan
-1.3252485949e-04,3.5545509632e-05,1.3971191673e+02,nan
9.7226854566e-06,9.0813457915e-06,2.0046294571e+02,nan
2.9254500291e-04,4.1594486017e-05,1.5389829630e+01,nan
-1.2553762965e-04,3.5486065666e-05,1.3986920401e+02,nan
3.4447371335e-04,4.8848977423e-05,2.1033757415e+01,nan
-5.7736522401e-06,9.0130806227e-06,2.0181446710e+02,nan
-3.5088886582e-04,9.0412162507e-06,1.3840827830e+02,nan
-1.1853065246e-04,3.5434635513e-05,1.4003289004e+02,nan
2.9999601499e-04,3.9159315031e-05,1.6191460730e+01,nan
-8.1081179224e-06,4.6341286248e-05,1.1013660742e+02,nan
-1.3537578703e-05,8.9832020249e-06,2.0248293694e+02,nan
-1.7421943577e-05,8.9692785811e-06,2.0280029528e+02,nan
3.0332035950e-04,3.6083683604e-05,1.6668102001e+01,nan
-1.1150587920e-04,3.5389998244e-05,1.4020182110e+02,nan
3.4398946274e-04,4.4897315533e-05,2.1377312139e+01,nan
-1.4783052173e-05,4.6114007151e-05,1.1244126963e+02,nan
-2.5196299195e-05,8.9446069187e-06,2.0338603413e+02,nan
3.0250262441e-04,3.2456011975e-05,1.6690049029e+01,nan
-2.9085396985e-05,8.9331549489e-06,2.0365344965e+02,nan
1.3787814856e-04,2.3703619302e-05,8.4930073950e+01,nan
5.2694639308e-05,1.3097181120e-04,7.3074553741e+00,nan
-1.0094015640e-04,3.5339012852e-05,1.4044291846e+02,nan
1.3008418828e-04,2.3128460835e-05,9.3853502055e+01,nan
-2.4862792105e-05,4.5830886080e-05,1.1516894501e+02,nan
1.2930889838e-04,2.0982323477e-05,1.0417495431e+02,nan
-9.3541984987e-05,3.8606484619e-05,1.3321447206e+02,nan
3.4731860249e-04,4.1463812027e-05,2.2216967997e+01,nan
-4.4653408029e-05,8.8962474873e-06,2.0454071557e+02,nan
1.3698451712e-05,1.4801959699e-06,2.2163105084e+02,nan
-7.3263255641e-05,8.6972167132e-05,5.0359602553e+01,nan
-3.1616975947e-05,4.5678572766e-05,1.1653688695e+02,nan
-8.6565509384e-05,3.8589573987e-05,1.3335793615e+02,nan
1.2160196809e-04,2.0551505270e-05,1.1497203384e+02,nan
-5.2441179565e-05,8.8823599283e-06,2.0488787999e+02,nan
-8.3072942968e-05,3.8583982346e-05,1.3341268306e+02,nan
-3.8392919162e-05,4.5553529522e-05,1.1758505483e+02,nan
-6.0230124787e-05,8.8712070145e-06,2.0518714105e+02,nan
3.4681232228e-04,3.7538712820e-05,2.2489513460e+01,nan
3.0485463696e-04,6.2440205440e-06,4.0506645603e+01,nan
-7.6086241920e-05,3.8583711498e-05,1.3346579615e+02,nan
-4.5184966366e-05,4.5453671203e-05,1.1835319990e+02,nan
-7.2589724794e-05,3.8586964122e-05,1.3346372404e+02,nan
3.0996853040e-04,2.9861037112e-05,1.7658746274e+01,nan
-7.5813478892e-05,8.8540857604e-06,2.0571221909e+02,nan
-5.1986979571e-05,4.5376738336e-05,1.1888189239e+02,nan
-6.5594333672e-05,3.8603387208e-05,1.3338153713e+02,nan
1.1018945807e-04,2.0035924484e-05,1.3193584670e+02,nan
-5.5390055790e-05,4.5345925714e-05,1.1906928475e+02,nan
-8.3600795846e-05,8.8496597214e-06,2.0596720382e+02,nan
3.5014151122e-04,3.4051833970e-05,2.3368612402e+01,nan
-5.8601928685e-05,3.8635581071e-05,1.3316922186e+02,nan
-6.2200719166e-05,4.5300993506e-05,1.1930795787e+02,nan
-9.1386108539e-05,8.8470390431e-06,2.0624158487e+02,nan
1.0267631859e-04,1.9769812287e-05,1.4308128426e+02,nan
-6.5608978782e-05,4.5284449650e-05,1.1937171647e+02,nan
-5.1609208649e-05,3.8684262041e-05,1.3279809022e+02,nan
-3.5277221901e-04,1.2751587950e-05,1.0072176475e+02,nan
3.4960156879e-04,3.0160101922e-05,2.3502480313e+01,nan
-4.4621219759e-05,3.8748222776e-05,1.3224155976e+02,nan
-1.1472462703e-04,8.8482612039e-06,2.0733628886e+02,nan
-3.7649982927e-05,3.8832046585e-05,1.3146052099e+02,nan
9.5235909908e-05,1.9557818849e-05,1.5348422284e+02,nan
-1.2249619005e-04,8.8524563369e-06,2.0783471848e+02,nan
-3.0693783797e-05,3.8936458667e-05,1.3042396871e+02,nan
-1.2638292038e-04,8.8532123303e-06,2.0812152846e+02,nan
3.5292066280e-04,2.6616963637e-05,2.4328376949e+01,nan
8.7867452257e-05,1.9393441848e-05,1.6271188747e+02,nan
-2.3750744895e-05,3.9060449813e-05,1.2910704374e+02,nan
-1.3414649244e-04,8.8579000265e-06,2.0876064438e+02,nan
-9.8141351709e-05,4.3635374029e-05,1.2227931574e+02,nan
8.0571888930e-05,1.9270778016e-05,1.7043183840e+02,nan
-1.3399882872e-05,3.9295736087e-05,1.2654316244e+02,nan
-1.4966123578e-04,8.8707203726e-06,2.1036401960e+02,nan
3.0913980389e-04,2.6247193997e-05,1.7619362505e+01,nan
3.0828610180e-04,2.2661749092e-05,1.9279777011e+01,nan
7.4192959673e-05,2.0894719345e-05,1.6653706753e+02,nan
-6.5304498142e-06,3.9478083765e-05,1.2444704627e+02,nan
-1.0836390877e-04,4.3703753328e-05,1.2187146301e+02,nan
-1.5740242157e-04,8.8813685836e-06,2.1133983574e+02,nan
-1.6127261832e-04,8.8862495410e-06,2.1188005953e+02,nan
-1.1516201914e-04,4.3763317459e-05,1.2157327640e+02,nan
3.1160636927e-04,1.9532285520e-05,2.0441828760e+01,nan
3.6889344724e-06,3.9800596805e-05,1.2075100774e+02,nan
-1.2194081440e-04,4.3833542541e-05,1.2126192511e+02,nan
6.7062131212e-05,2.0802429100e-05,1.6973135559e+02,nan
1.1571643484e-05,4.1850627384e-05,1.1332650508e+02,nan
3.1081644554e-04,1.6078486043e-05,2.5289631882e+01,nan
3.0672839000e-04,1.5824012553e-05,2.8386172642e+01,nan
5.9918336853e-05,2.0710093914e-05,1.6743758641e+02,nan
1.8201026537e-05,4.2135501571e-05,1.1029390793e+02,nan
-9.8426670839e-05,6.8317483615e-05,7.6735447612e+01,nan
-3.5261755980e-04,5.9763852898e-06,1.3880689663e+02,nan
-1.3081442013e-04,4.2238139618e-05,1.2453214681e+02,nan
-9.5327440047e-05,6.8277647719e-05,7.6918263374e+01,nan
3.5302918841e-05,1.2347811856e-04,1.6896818108e+01,nan
2.4758668151e-05,4.2441778534e-05,1.0728816845e+02,nan
3.0265657290e-04,1.5596551745e-05,3.1643095290e+01,nan
3.1235457779e-05,4.2767468166e-05,1.0450747886e+02,nan
3.4447993561e-05,4.2932676358e-05,1.0323119626e+02,nan
5.2737659957e-05,2.0611074394e-05,1.6625558100e+02,nan
3.5232546641e-04,2.2764340799e-05,2.4219658692e+01,nan
4.0880784479e-05,4.3300633140e-05,9.7100073574e+01,nan
4.5520739949e-05,2.0507477463e-05,1.6582565681e+02,nan
-7.3104081832e-05,9.8824621053e-05,3.5305615581e+01,nan
4.6569768960e-05,4.1741332093e-05,9.7566951292e+01,nan
-8.7829713057e-05,8.7104272834e-05,4.9904713494e+01,nan
-7.9767575171e-05,6.8143051413e-05,7.7741939428e+01,nan
3.0197158276e-04,1.2428015336e-05,3.6871664691e+01,nan
-6.6083286699e-05,9.6812877317e-05,3.7755835782e+01,nan
3.1159749613e-06,3.0360457762e-06,2.1750320630e+02,nan
3.9503759150e-05,1.2074981852e-04,1.2533723729e+01,nan
-5.6324656847e-05,9.8900106767e-05,3.5260313549e+01,nan
2.7950042201e-05,1.0909087645e-04,2.1072125375e+01,nan
5.6514098403e-05,4.2438628410e-05,8.7726649875e+01,nan
-4.9206411026e-05,9.7031494986e-05,3.7849789028e+01,nan
-7.3528651863e-05,6.8126871054e-05,7.7997276008e+01,nan
-3.7992281829e-05,9.7392062827e-05,3.7829586237e+01,nan
3.8268100107e-05,2.0401441229e-05,1.6599702512e+02,nan
-3.2405248108e-05,9.7651889707e-05,3.7722997688e+01,nan
3.5167392687e-04,1.8958051599e-05,2.3953868698e+01,nan
-2.6831403062e-05,9.7970994275e-05,3.7504992600e+01,nan
6.4069485406e-05,4.5136283804e-05,7.5848172988e+01,nan
-2.1275530015e-05,9.8357704857e-05,3.7127899043e+01,nan
-1.7497531332e-05,1.0069676177e-04,3.4343038489e+01,nan
3.0130808185e-04,9.3608484878e-06,3.9917654769e+01,nan
-6.5702538491e-06,1.0183791449e-04,3.2771381545e+01,nan
2.4728549493e-05,1.0588511336e-04,2.2902073512e+01,nan
1.4902757279e-05,1.0548185585e-04,2.6308868679e+01,nan
7.0714400252e-07,1.0075923408e-04,3.3144094355e+01,nan
9.5899365875e-06,1.0436320312e-04,2.8375374860e+01,nan
6.1238338874e-06,1.0162963825e-04,3.1367505243e+01,nan
1.8669403736e-04,1.4235063666e-04,1.0174911453e+01,nan
6.6664152621e-05,4.3296899980e-05,7.8599564617e+01,nan
-6.7283552855e-05,6.8135843161e-05,7.8185082912e+01,nan
3.0980937326e-05,2.0294985851e-05,1.6663620794e+02,nan
1.8291222161e-04,1.3734750083e-04,9.9940156765e+00,nan
7.0902740885e-05,4.5827419888e-05,7.0543553259e+01,nan
1.7463605674e-04,1.2401888692e-04,9.7280838313e+00,nan
7.4360107009e-05,4.6199310085e-05,6.8043180177e+01,nan
1.7953465707e-04,1.3952002052e-04,1.0264737314e+01,nan
1.7141321251e-04,1.2627073906e-04,9.8700567113e+00,nan
8.1345498452e-05,4.7003267912e-05,6.3321329288e+01,nan
3.5493220988e-04,1.5363715086e-05,2.4305293303e+01,nan
8.7632916052e-05,4.5513760858e-05,6.3053861884e+01,nan
-5.7912321338e-05,6.8200429846e-05,7.8290936305e+01,nan
2.3661683899e-05,2.0191746394e-05,1.6761175481e+02,nan
1.9986627870e-05,2.0138830790e-05,1.6819752429e+02,nan
9.5638097388e-05,4.8832390614e-05,5.4945210102e+01,nan
9.8458086162e-05,4.6877187069e-05,5.6612179809e+01,nan
3.5419746357e-04,1.1627202655e-05,2.3641305316e+01,nan
1.0294943331e-04,4.9856620490e-05,5.1203622210e+01,nan
-4.8549489358e-05,6.8334317797e-05,7.8093825323e+01,nan
-2.2222983464e-06,1.4688408344e-06,2.2181279489e+02,nan
4.6005065962e-05,1.1352317561e-04,1.4039301534e+01,nan
3.7860849979e-05,1.1029439676e-04,1.6817583887e+01,nan
4.9157978550e-05,1.1753055602e-04,1.1930928881e+01,nan
5.1626672321e-05,1.1594558861e-04,1.2416967616e+01,nan
6.9786377738e-05,1.2439079515e-04,8.0536503115e+00,nan
1.4060669597e-04,1.2222975294e-04,1.0262955590e+01,nan
3.5718160714e-05,1.1185908241e-04,1.6682856132e+01,nan
7.5911103017e-05,1.2405545513e-04,7.6931025832e+00,nan
1.1328616999e-04,4.8943715637e-05,4.9090259597e+01,nan
1.4831169330e-04,1.3138653445e-04,1.0637835595e+01,nan
6.3817869129e-05,1.2462179331e-04,8.2672505658e+00,nan
6.0761239402e-05,1.2310671173e-04,8.9805298111e+00,nan
1.3757044188e-04,1.2442402310e-04,1.0480284003e+01,nan
5.4837819479e-05,1.2021007743e-04,1.0433155900e+01,nan
1.4486970432e-04,1.3017733834e-04,1.0610709917e+01,nan
1.2765539700e-04,1.2428994838e-04,1.1006068116e+01,nan
1.2168186039e-04,5.2747110911e-05,4.2843775528e+01,nan
-3.9206477095e-05,6.8549089014e-05,7.7456553585e+01,nan
2.6449915358e-04,1.0093365262e-04,1.2109114061e+01,nan
1.2467352905e-04,5.0690300337e-05,4.4097453934e+01,nan
-3.4793041022e-05,7.0532099278e-05,7.4181690501e+01,nan
1.0788094341e-04,1.2389907506e-04,9.9216013020e+00,nan
9.1730821674e-05,1.2431871505e-04,7.7365624898e+00,nan
1.0146509856e-04,1.2479826321e-04,9.1693236236e+00,nan
9.7656239535e-05,1.2020536791e-04,8.8419547321e+00,nan
1.1813714867e-04,1.2748328788e-04,1.1009661225e+01,nan
1.2934582531e-04,5.4023967158e-05,3.9357709355e+01,nan
8.8372621517e-05,1.2298687023e-04,7.5443373742e+00,nan
8.4538016692e-05,1.1828443867e-04,9.3390876235e+00,nan
1.1470870059e-04,1.2630040606e-04,1.0693656298e+01,nan
-2.1893654135e-06,1.9861693810e-05,1.7213833919e+02,nan
1.4003123393e-04,5.3234400566e-05,3.7034848979e+01,nan
-5.9107016024e-06,1.9819859380e-05,1.7278251127e+02,nan
1.4463665940e-04,5.6758586744e-05,3.3033816268e+01,nan
1.4845879706e-04,5.7471313114e-05,3.1664843923e+01,nan
-2.0642869220e-05,6.9277011983e-05,7.4108397605e+01,nan
-1.6408252119e-05,7.1391282449e-05,7.0147590645e+01,nan
1.5916194158e-04,5.6712024289e-05,3.0184770313e+01,nan
-1.3368320288e-05,7.1583120916e-05,6.9060479979e+01,nan
1.6369767035e-04,6.0433404308e-05,2.7150880127e+01,nan
1.6750233065e-04,6.1190129625e-05,2.6307378170e+01,nan
1.7442517999e-04,5.9644715096e-05,2.6649990867e+01,nan
1.7754708219e-04,5.7345564217e-05,2.7681548535e+01,nan
1.8204416233e-04,6.1135200127e-05,2.5727808566e+01,nan
-7.3323646230e-06,7.2021737037e-05,6.6422191798e+01,nan
-1.3357417219e-05,1.9747731412e-05,1.7397500832e+02,nan
-1.7092937488e-05,1.9712301093e-05,1.7453004397e+02,nan
-4.3272792305e-06,7.2264593165e-05,6.4848262639e+01,nan
-2.4565695302e-05,1.9651418174e-05,1.7551961983e+02,nan
3.2563407238e-05,1.0839547070e-04,1.9062819196e+01,nan
-1.0155155239e-04,4.3655138088e-05,1.2215039552e+02,nan
6.5536472548e-06,7.1363728896e-05,5.9918459660e+01,nan
-3.2051097046e-05,1.9601570630e-05,1.7634920527e+02,nan
-3.5802789059e-05,1.9577002866e-05,1.7671402201e+02,nan
1.5313270825e-05,7.2390561219e-05,5.2061015410e+01,nan
2.8507358090e-04,1.1331338640e-04,1.3469821059e+01,nan
2.2002248926e-05,7.5372179846e-05,4.6390111909e+01,nan
-4.5100616333e-05,1.7986434158e-05,1.8134158228e+02,nan
-1.0185418129e-05,1.4636853600e-06,2.2203085898e+02,nan
2.7849039422e-05,7.6311118712e-05,4.3640657019e+01,nan
3.0803445008e-05,7.6814550430e-05,4.2296489761e+01,nan
4.4249195064e-05,7.4894440329e-05,4.0725832455e+01,nan
-6.2075378317e-05,1.9472192163e-05,1.7830828464e+02,nan
5.1265581951e-05,7.8573563341e-05,3.5676516793e+01,nan
4.8926188522e-05,8.0383785689e-05,3.4622418285e+01,nan
6.1519049813e-05,8.3297332083e-05,2.9867432309e+01,nan
7.6460178083e-05,8.1957776684e-05,2.8266807571e+01,nan
9.3746461078e-05,8.6419088524e-05,2.2910110915e+01,nan
8.3277033419e-05,8.3673014184e-05,2.6042847752e+01,nan
8.0597067122e-05,8.5612703562e-05,2.5198895778e+01,nan
8.7487541518e-05,8.7454721840e-05,2.3120559565e+01,nan
-6.9588710998e-05,1.9457400759e-05,1.7854018495e+02,nan
-1.3419999686e-04,4.2282373131e-05,1.2437938507e+02,nan
-7.7100429748e-05,1.9448353936e-05,1.7871268225e+02,nan
-8.4609696225e-05,1.9444333119e-05,1.7884782814e+02,nan
-9.4183161236e-05,1.7907739244e-05,1.8292028565e+02,nan
1.1254756950e-04,9.4615397008e-05,1.6083257450e+01,nan
1.0816020838e-04,9.0397521511e-05,1.9122340849e+01,nan
-1.3853563311e-04,3.8951420391e-05,1.3179297873e+02,nan
1.0239483863e-04,9.4530731472e-05,1.7751422991e+01,nan
9.8809334630e-05,9.3461466393e-05,1.8610769411e+01,nan
-1.1459387259e-04,1.9469999349e-05,1.7938907515e+02,nan
1.3172436582e-04,1.0657188645e-04,1.1665545218e+01,nan
1.1818031242e-04,1.0542062987e-04,1.2286385080e+01,nan
1.2522645281e-04,1.0766142684e-04,1.1720888005e+01,nan
-1.2207055488e-04,1.9485269202e-05,1.7960101987e+02,nan
-9.7655705908e-05,7.5768772890e-05,6.5347448963e+01,nan
-1.2953728287e-04,1.9503675705e-05,1.7986722835e+02,nan
-9.8043706411e-05,7.2024366973e-05,7.0947160140e+01,nan
-1.3699248961e-04,1.9525296598e-05,1.8019571500e+02,nan
-1.3930939521e-04,1.7981222009e-05,1.8446673022e+02,nan
-3.2579543643e-04,4.1547726757e-05,6.7360591870e+01,nan
-2.4617833249e-05,3.0034830215e-06,2.1863997614e+02,nan
-1.8654775125e-04,1.6617206315e-05,1.9355996294e+02,nan
-1.9399818944e-04,1.6660876255e-05,1.9467729710e+02,nan
4.3216077576e-05,1.4102662591e-04,9.5414750576e+00,nan
-1.6623013170e-04,5.9015086572e-06,2.2107880083e+02,nan
-3.0130296161e-05,1.4605341570e-06,2.2269666954e+02,nan
-3.1043547609e-04,4.1709152813e-05,7.3346611725e+01,nan
-2.1718009915e-04,1.2090225487e-05,2.1417868444e+02,nan
-2.2092187480e-04,1.2118055671e-05,2.1511723525e+02,nan
-2.6094495597e-04,7.2450159177e-05,4.7010445161e+01,nan
-2.3059664360e-04,1.7012354698e-05,2.0040981267e+02,nan
-2.3419159818e-04,1.7068769569e-05,2.0079062247e+02,nan
-2.5055168661e-04,1.2418835890e-05,2.2195075533e+02,nan
-2.5776362571e-04,1.2558091612e-05,2.2242918713e+02,nan
-2.7822908261e-04,6.3272270642e-06,2.5785273274e+02,nan
-3.1504352663e-04,2.6972157308e-05,1.0337859501e+02,nan
1.9394038413e-04,4.8733085040e-05,3.1158295553e+01,nan
1.8692776136e-04,5.0411192116e-05,3.0733668990e+01,nan
-2.8958686088e-04,4.2212919367e-05,8.7773069428e+01,nan
-2.1684923366e-05,1.2823027946e-04,7.5008261015e+00,1.4875738711e+01
-4.2080524605e-05,1.4554123878e-06,2.2313198517e+02,nan
1.7920217519e-04,4.9100390209e-05,3.2294360719e+01,nan
1.7532920691e-04,4.8436796606e-05,3.3323398197e+01,nan
-3.1505178409e-05,1.2741061307e-04,3.1567109573e+00,1.5967254783e+01
1.7455086398e-04,4.5547567064e-05,3.5672432066e+01,nan
1.6760916530e-04,4.7158908671e-05,3.5731049213e+01,nan
1.6373880914e-04,4.6519399095e-05,3.7084013639e+01,nan
6.0342709788e-08,1.3063096997e-04,1.5476741141e+01,1.2666914996e+01
1.6293710840e-04,4.3714446063e-05,3.9782480324e+01,nan
-3.0847825680e-04,2.7624383626e-05,1.0759923198e+02,nan
1.5601139529e-04,4.5287361099e-05,4.0058836294e+01,nan
1.5519481177e-04,4.2541894712e-05,4.2995901013e+01,nan
1.4745042285e-04,4.1418466905e-05,4.6587902046e+01,nan
1.4055239876e-04,4.2973822013e-05,4.7113910439e+01,nan
1.3667946976e-04,4.2421879091e-05,4.9105323861e+01,nan
1.3582356350e-04,3.9831289044e-05,5.2678843532e+01,nan
1.2894488779e-04,4.1372052624e-05,5.3382849697e+01,nan
1.2807587833e-04,3.8844279651e-05,5.7228819306e+01,nan
1.2124740588e-04,4.0385117625e-05,5.7484772764e+01,nan
-2.8206099291e-04,4.1989159511e-05,9.5507492975e+01,nan
1.1365320409e-04,3.9467214881e-05,6.1910283043e+01,nan
1.0616155611e-04,3.8620253957e-05,6.6813649069e+01,nan
2.5170390727e-05,1.3480573376e-04,3.3848183085e+01,6.8916397161e+00
-7.7369422017e-05,1.2300347732e-04,1.2633532922e+01,1.8189314809e+01
-5.1218491776e-05,6.1053192676e-05,8.9961693785e+01,nan
9.8772055741e-05,3.7846054248e-05,7.2250972923e+01,nan
9.7931286639e-05,3.5583647557e-05,7.8149741318e+01,nan
-4.4784111610e-05,6.1173391794e-05,8.9544836691e+01,nan
-4.1606819254e-05,6.1231157140e-05,8.9273468293e+01,nan
-3.5198781953e-05,6.1398830216e-05,8.8473614379e+01,nan
8.7037007891e-05,3.4662458644e-05,8.8395572303e+01,nan
-3.2042083204e-05,6.1480996331e-05,8.7984184129e+01,nan
7.7203632077e-05,3.5966324242e-05,9.1831764132e+01,nan
-1.7471315847e-05,6.0226860975e-05,8.7297799763e+01,nan
7.0216385088e-05,3.5488467436e-05,9.9274179049e+01,nan
1.4259475408e-04,7.6092011277e-05,2.0698541861e+01,nan
6.6750106737e-05,3.5269141293e-05,1.0309806087e+02,nan
-2.9961959816e-04,2.7488550542e-05,1.1637578700e+02,nan
-8.0060896357e-06,6.0717649075e-05,8.3490584979e+01,nan
5.9901962214e-05,3.4892638032e-05,1.1084999054e+02,nan
-2.7676347978e-04,4.2810953447e-05,9.8033674661e+01,nan
5.6503195651e-05,3.4722311462e-05,1.1473600832e+02,nan
3.5666358478e-05,1.3847086333e-04,2.8638898364e+01,nan
1.3420363348e-06,6.1325153672e-05,7.8326574064e+01,nan
4.9785472663e-05,3.4438825254e-05,1.2245576284e+02,nan
1.0536771257e-05,6.2056166942e-05,7.1679349762e+01,nan
4.6449646300e-05,3.4313098002e-05,1.2548274667e+02,nan
1.1568430921e-05,6.4091097980e-05,6.7446462013e+01,nan
1.4535129498e-05,6.4368790425e-05,6.4816935139e+01,nan
2.0500703832e-05,6.5014913083e-05,6.0606796663e+01,nan
3.8803929104e-05,3.2286061616e-05,1.3167746690e+02,nan
3.9767894389e-05,1.4125246427e-04,2.2113089957e+01,nan
2.3468208708e-05,6.5347331898e-05,5.8907043245e+01,nan
2.8588055701e-05,6.3935735336e-05,5.8920867272e+01,nan
3.1982168837e-05,3.2078483754e-05,1.3307992693e+02,nan
3.7784001108e-05,6.5147101232e-05,5.3740788794e+01,nan
3.8684132648e-05,6.7415126556e-05,5.0558881542e+01,nan
4.1760126054e-05,6.7876276198e-05,4.9009731835e+01,nan
2.1639834755e-05,3.1777920186e-05,1.3587074858e+02,nan
4.8041180653e-05,6.8913091788e-05,4.5949388166e+01,nan
5.6750901978e-05,6.8159606306e-05,4.4299736329e+01,nan
1.1187351844e-05,3.1497435242e-05,1.3904243439e+02,nan
6.7428124815e-05,7.2527987050e-05,3.7455535224e+01,nan
4.1673094394e-06,3.1325846430e-05,1.4115633613e+02,nan
7.6660488495e-05,7.1978885549e-05,3.5907821273e+01,nan
7.7486395483e-05,7.4626621140e-05,3.3549517530e+01,nan
8.3531947822e-05,7.3431016965e-05,3.3320249668e+01,nan
8.4358644622e-05,7.6153343446e-05,3.1074235815e+01,nan
-2.8958971489e-06,3.1169570684e-05,1.4315718322e+02,nan
9.0522249596e-05,7.4972505417e-05,3.0838643172e+01,nan
9.1376831828e-05,7.7792249472e-05,2.8711893816e+01,nan
9.4901061309e-05,7.8614750016e-05,2.7584690571e+01,nan
1.0208718526e-04,8.0363015368e-05,2.5385381315e+01,nan
1.0854511716e-04,7.9208814469e-05,2.5184390798e+01,nan
1.0941430679e-04,8.2224214986e-05,2.3309374623e+01,nan
-9.9930739322e-06,3.1029203944e-05,1.4497966468e+02,nan
1.1308902716e-04,8.3154846214e-05,2.2202501277e+01,nan
1.1966975699e-04,8.1997400463e-05,2.1394468125e+01,nan
-5.0047861480e-05,1.4525282654e-06,2.2342459305e+02,nan
-1.7119290887e-05,3.0905346088e-05,1.4658345631e+02,nan
-2.4269858601e-05,3.0798480512e-05,1.4794899100e+02,nan
-3.5035795176e-05,3.0668718097e-05,1.4955226695e+02,nan
-2.8564777351e-04,2.6375935534e-05,1.3457234515e+02,nan
-2.6276492818e-04,5.0970557940e-05,8.7437036266e+01,nan
3.8954108949e-05,7.6120156225e-05,4.0857894777e+01,nan
6.8818263995e-05,1.5439800635e-04,1.7644791400e+01,2.8293404995e+01
-1.1871867053e-04,1.1708438667e-04,2.2241473302e+01,1.8838952617e+01
-2.6077121981e-04,4.5905835122e-05,1.0031937737e+02,nan
-5.2374932314e-05,2.9822741122e-06,2.1974760122e+02,nan
7.6006670359e-05,1.5567889906e-04,1.6834554873e+01,2.8176532899e+01
-2.7106573819e-04,2.8189256848e-05,1.4656480679e+02,nan
3.2236244520e-04,1.0632096061e-04,1.4213894083e+01,1.7557464100e+01
9.1518331725e-05,1.5787499581e-04,1.5280925266e+01,2.7759236361e+01
-2.6226940923e-04,2.7175781384e-05,1.5691616217e+02,nan
-5.8015371813e-05,1.4500387617e-06,2.2372341133e+02,nan
-2.4451299563e-04,5.4009318654e-05,8.8041801729e+01,nan
-8.6472994963e-05,6.0953704846e-05,8.9494095752e+01,nan
-6.7241056524e-05,6.0923638169e-05,9.0144308137e+01,nan
-7.6855131530e-05,6.0918187502e-05,8.9896479071e+01,nan
-6.4060817163e-05,6.0928765149e-05,9.0190772602e+01,nan
-8.3285992521e-05,6.0930306674e-05,8.9653454150e+01,nan
-7.3675247465e-05,6.0906465026e-05,9.0013986223e+01,nan
-2.5603809795e-04,3.0541092023e-05,1.4774469688e+02,nan
7.0537548934e-05,8.3033510969e-05,2.8497382987e+01,nan
-2.4018365213e-04,2.7595206673e-05,1.6256076941e+02,nan
-1.9867191472e-04,2.4762101158e-05,1.7090487723e+02,nan
-2.2242756932e-04,2.3514892257e-05,1.7691142779e+02,nan
-2.1952847217e-04,5.0910637167e-05,1.0093714673e+02,nan
-2.1585759927e-04,4.6694316320e-05,1.1112763087e+02,nan
-1.6291187143e-04,2.4391581319e-05,1.6883256270e+02,nan
-2.4697126792e-04,3.1705332965e-05,1.4708160599e+02,nan
-2.3279288898e-04,2.3770112949e-05,1.7645465242e+02,nan
-1.3179981290e-04,5.8032843221e-05,9.2946475487e+01,nan
-2.3697150314e-04,2.7432513116e-05,1.6351201984e+02,nan
-1.3915337416e-04,6.0055908853e-05,8.9070824504e+01,nan
-1.2970878191e-04,5.9814263419e-05,8.9837655037e+01,nan
-1.3605208366e-04,5.9959300850e-05,8.9353468624e+01,nan
-1.8797707064e-04,2.4637455955e-05,1.7025462097e+02,nan
-1.2224393596e-04,5.7828841302e-05,9.3657832338e+01,nan
-2.1613707903e-04,2.5069723832e-05,1.7142745710e+02,nan
-2.0367198827e-04,4.5965593264e-05,1.1411753413e+02,nan
1.2706330569e-04,8.3907926790e-05,1.8940886783e+01,nan
-1.9177296128e-04,4.7255465498e-05,1.1200120669e+02,nan
-1.7726088623e-04,2.4517679481e-05,1.6962269401e+02,nan
-2.0991671274e-04,2.6628066846e-05,1.6617168806e+02,nan
-1.6799307034e-04,5.0020561636e-05,1.0713331528e+02,nan
-1.3918574045e-04,3.0681671383e-05,1.5151564424e+02,nan
-5.2777403966e-05,2.4170480630e-05,1.6633518302e+02,nan
-8.0191266133e-05,2.8849474351e-05,1.5568474747e+02,nan
-1.3203614994e-04,3.0640004196e-05,1.5150405411e+02,nan
-9.4681458823e-05,2.8859641164e-05,1.5567976430e+02,nan
-6.9312820183e-05,2.8862877025e-05,1.5554703138e+02,nan
-8.7437084972e-05,2.8850771172e-05,1.5570086644e+02,nan
-6.5982885859e-05,1.4479139324e-06,2.2403565965e+02,nan
1.9381700445e-04,1.4162343149e-04,9.9332957713e+00,nan
6.6619597062e-05,1.2288617416e-04,8.7190607092e+00,nan
7.2634890173e-05,1.2257071274e-04,8.5518880787e+00,nan
-7.3950260077e-05,1.4461214616e-06,2.2437056201e+02,nan
1.5109470895e-04,1.5856537265e-04,1.0466841289e+01,2.5060671869e+01
1.0527291150e-04,9.2470976574e-05,1.8435698346e+01,nan
8.1652390963e-05,1.2024217953e-04,8.7650152618e+00,nan
1.7061056574e-04,5.8906782455e-05,2.7336579349e+01,nan
-1.6416231685e-04,1.6519183782e-05,1.9073375408e+02,nan
9.4696515960e-05,1.2227546482e-04,8.2858838462e+00,nan
-1.9231943715e-04,1.0115143969e-04,3.2219423785e+01,1.7985594268e+01
1.7363253229e-04,1.5759281456e-04,1.0832643252e+01,2.3992944114e+01
1.2820495506e-04,1.0547143727e-04,1.1998797535e+01,nan
-1.8049310114e-04,1.3483190029e-05,2.0177932586e+02,nan
1.0446635096e-04,1.2268730765e-04,9.4938510882e+00,nan
-8.4073086525e-05,2.9619239103e-06,2.2102772772e+02,nan
1.9282836491e-04,6.0245883534e-05,2.5733786321e+01,nan
1.8134388005e-04,1.5812548645e-04,1.1680491444e+01,2.3777614426e+01
1.9600730704e-04,5.7858210087e-05,2.6986580799e+01,nan
1.9852260203e-04,5.2400920089e-05,2.9481604446e+01,nan
-8.9884130861e-05,1.4434067988e-06,2.2515130427e+02,nan
-2.0294837103e-04,9.8076491041e-05,3.3268991800e+01,1.7668457594e+01
-2.0139055577e-04,1.6711008540e-05,1.9585483083e+02,nan
1.2421948755e-04,1.2313162647e-04,1.0931620471e+01,nan
1.3412810591e-04,1.2326068995e-04,1.0704294165e+01,nan
2.6521926229e-04,1.3800969812e-04,1.3306488638e+01,2.5081161383e+01
-9.7850445740e-05,1.4424259966e-06,2.2561964693e+02,nan
1.3469412357e-04,1.0437360768e-04,1.1894459968e+01,nan
1.5874623168e-04,1.3510011488e-04,1.0655291657e+01,nan
1.6785521922e-04,1.2500869601e-04,9.9337072383e+00,nan
1.6504261738e-04,1.3071979892e-04,1.0230296775e+01,nan
1.6468880720e-04,1.2724844403e-04,1.0087587256e+01,nan
-2.4018958995e-04,1.3899410476e-05,2.1382157784e+02,nan
-1.0581624962e-04,1.4416622944e-06,2.2615511502e+02,nan
-2.2366528573e-04,9.1329540117e-05,3.5248136535e+01,1.7015778871e+01
2.2324827364e-04,1.5364547002e-04,1.4918571714e+01,2.9359387272e+01
-2.2620289511e-04,9.0450142317e-05,3.5463054326e+01,1.6864623827e+01
2.2746314754e-04,1.5255506061e-04,1.4663081829e+01,2.9278039955e+01
1.3765962478e-04,1.0214517686e-04,1.2182469488e+01,nan
-1.0786140170e-04,2.9584707514e-06,2.2237487843e+02,nan
1.3708492641e-04,9.8850897485e-05,1.2940340159e+01,nan
1.4004870144e-04,9.6618778328e-05,1.3358323456e+01,nan
1.3943730102e-04,9.3348467605e-05,1.4254799209e+01,nan
1.4240417745e-04,9.1106949512e-05,1.4753130730e+01,nan
1.4473273168e-04,8.5630185229e-05,1.6320913760e+01,nan
1.4771854641e-04,8.3371941269e-05,1.6929243196e+01,nan
-2.7508327601e-04,9.6147501233e-06,2.3758103633e+02,nan
2.3673367515e-04,1.5013307697e-04,1.4211533720e+01,2.8294783320e+01
-2.7448690371e-04,6.2636692396e-06,2.5734260270e+02,nan
1.4630840690e-04,7.6996184416e-05,1.9744798805e+01,nan
1.4703247759e-04,8.0166894496e-05,1.8070783238e+01,nan
-1.1578907086e-04,2.9583385455e-06,2.2296564751e+02,nan
-2.3619460646e-04,8.6462575557e-05,3.6681324923e+01,1.6541965782e+01
2.4486061065e-04,1.4787537384e-04,1.3900129284e+01,2.7415013588e+01
-1.2175748002e-04,1.4444418325e-06,2.2746301340e+02,nan
-4.2206141327e-05,3.0608750229e-05,1.5032445823e+02,nan
-4.5590540800e-05,2.7381478496e-05,1.5818478425e+02,nan
-1.2972128307e-04,1.4442754667e-06,2.2826567792e+02,nan
-1.3559874152e-04,2.9604104329e-06,2.2485945101e+02,nan
-2.5399187958e-04,7.9930239085e-05,3.8518755014e+01,1.5561925589e+01
2.7328547347e-04,1.3608030147e-04,1.3231752967e+01,2.4314346527e+01
-1.4352284181e-04,2.9600916316e-06,2.2581825822e+02,nan
2.8173867595e-04,1.3232614645e-04,1.3183662029e+01,2.3125808373e+01
-1.4962746717e-04,1.4445534393e-06,2.3077800886e+02,nan
-2.2267823355e-04,5.3244632531e-05,9.5291507804e+01,nan
-2.6164110759e-04,7.6709305926e-05,4.0392579878e+01,1.5073436329e+01
-1.5758846170e-04,1.4449437720e-06,2.3201289610e+02,nan
2.9323147432e-04,1.2615919645e-04,1.3239234136e+01,2.1881615729e+01
-1.6551129264e-04,1.4313806739e-06,2.3342761802e+02,nan
3.0077930387e-04,1.2145193936e-04,1.3372629005e+01,2.1005473743e+01
-2.3648925578e-04,5.2758625360e-05,9.3181203381e+01,nan
-2.8462956178e-04,1.5487864318e-06,2.9306648268e+02,nan
-2.0508888148e-04,5.9363178992e-06,2.2987071486e+02,nan
-4.9097685284e-05,2.4191224577e-05,1.6610504787e+02,nan
-2.9629105857e-04,1.6122798395e-06,3.0480289017e+02,nan
-2.1289433627e-04,5.9501355800e-06,2.3223500588e+02,nan
2.3169949046e-04,1.4729620135e-04,1.3721854175e+01,nan
-8.9998178476e-05,5.7412975153e-05,9.5634333064e+01,nan
-9.3584317485e-05,5.3925299720e-05,1.0193263986e+02,nan
-3.0794407881e-04,1.7122879320e-06,3.0413892847e+02,nan
-2.2066062694e-04,5.9674732786e-06,2.3481884317e+02,nan
-1.0057906257e-04,5.0490463643e-05,1.0828039428e+02,nan
-3.1098352189e-04,5.5022986611e-06,2.6097858728e+02,nan
-3.1860315133e-04,1.3120025373e-05,1.6221430565e+02,nan
-1.4375113797e-04,2.7474207220e-05,1.5971917848e+02,nan
-2.5300127084e-04,1.4846687371e-06,2.6332182873e+02,nan
1.8289052082e-05,1.3084320587e-04,2.2162053765e+01,nan
1.4404915844e-04,1.5903627989e-04,1.0830303733e+01,2.5452409843e+01
-1.5280724182e-04,5.6818248493e-05,9.4410004567e+01,nan
-1.4252460162e-05,1.2648394219e-04,9.1554222540e+00,nan
-1.7371605558e-04,2.4470975117e-05,1.6945139491e+02,nan
-1.5716995730e-04,5.3306868096e-05,1.0092352149e+02,nan
-1.6164916829e-04,4.9823781786e-05,1.0774854649e+02,nan
-2.5555388618e-04,6.1104907347e-06,2.4943166783e+02,nan
-2.6245534011e-04,4.5865716571e-06,2.5909984273e+02,nan
-1.8865600073e-04,4.7123203756e-05,1.1246485843e+02,nan
3.5482674900e-04,7.4808855439e-05,1.7968082190e+01,1.0814226145e+01
-1.8620539227e-04,4.8860312260e-05,1.0879417869e+02,nan
-1.9427544293e-04,4.5528851288e-05,1.1576563806e+02,nan
-2.7399992915e-04,4.6517033640e-06,2.6595893356e+02,nan
-2.0652400735e-04,2.6530837923e-05,1.6624910822e+02,nan
-2.1272360180e-04,2.4980434709e-05,1.7146688476e+02,nan
-2.1898986540e-04,2.3433034352e-05,1.7692025011e+02,nan
3.5766807455e-04,7.1339623806e-05,1.8567478392e+01,9.4514303000e+00
-2.1284507981e-04,4.6497554576e-05,1.1196584602e+02,nan
3.3891497559e-04,1.4561259022e-05,2.1306737650e+01,nan
3.6334198783e-04,6.4315235146e-05,1.9918954901e+01,8.0733517795e+00
3.6850109947e-04,5.6557525189e-05,2.1643644092e+01,6.6977451564e+00
-3.2739974341e-04,4.9317232588e-05,6.4891413224e+01,1.3218691264e+01
3.7348838606e-04,4.8699200745e-05,2.3710375024e+01,4.6964135554e+00
-3.3771395889e-04,4.5324732309e-05,7.4080627200e+01,1.4661473088e+01
-2.2793877072e-04,4.9690110280e-05,1.0211900941e+02,nan
-2.6817751020e-04,2.7816486864e-05,1.5043512531e+02,nan
-2.5535055154e-04,4.7107831411e-05,9.9858253866e+01,nan
-2.9227765725e-04,2.3137786710e-05,1.4213522059e+02,nan
-2.5257612505e-04,4.8841080741e-05,9.6837161023e+01,nan
-2.8891255631e-04,2.4776245413e-05,1.3837986193e+02,nan
3.8881640427e-04,1.7298819710e-05,3.9274776681e+01,5.4378908278e-01
-3.7529170348e-04,1.8581085956e-05,1.5708370742e+02,5.5954885947e+00
-2.6796158484e-04,4.9961328414e-05,8.7096662416e+01,nan
-3.2837911310e-04,1.4883601616e-05,1.3475460277e+02,nan
-3.2985093793e-04,1.2148650794e-05,1.4729054610e+02,nan
-3.2073747171e-04,2.2447168245e-05,1.1341455622e+02,nan
-3.2223250075e-04,1.9670320149e-05,1.2188656804e+02,nan
-3.2180968283e-04,6.0500132700e-06,2.2697575769e+02,nan
-3.1732521005e-04,8.0097081891e-06,2.1310277819e+02,nan
-2.9477362761e-04,4.1839262877e-05,8.2475264345e+01,nan
-3.0081425789e-04,3.9159035598e-05,8.3378822162e+01,nan
-3.0510278621e-04,3.5273434690e-05,8.8694512153e+01,nan
-3.2155205560e-04,3.8046557853e-05,7.3045276478e+01,nan
-3.1588859594e-04,4.2119838891e-05,7.1005101709e+01,nan
-3.1756893097e-04,3.9346948488e-05,7.3044670971e+01,nan
-3.1180577010e-04,1.7585247765e-06,3.0342052921e+02,nan
-3.0017696102e-04,1.6377938255e-06,3.0572548170e+02,nan
-2.8851707934e-04,1.5686209689e-06,2.9715902293e+02,nan
2.8152314750e-04,9.0406200246e-06,4.4509747578e+01,nan
8.4280341648e-05,1.5691430740e-04,1.5939214659e+01,2.8006183974e+01
2.5784745851e-04,1.4006907804e-04,1.3383931195e+01,nan
2.8540953575e-04,9.1675083222e-06,4.4133265464e+01,nan
-1.2904317805e-04,1.1543357658e-04,2.4009429455e+01,1.8844802824e+01
3.3895202995e-04,9.1482023889e-05,1.5631909530e+01,1.4069911526e+01
3.7821413557e-04,4.0353178431e-05,2.6356456336e+01,3.4470683157e+00
1.2907964369e-04,1.5959862045e-04,1.2040384585e+01,2.6203140144e+01
-2.5392101088e-04,3.0111666726e-06,2.5932453453e+02,nan
-1.8565187531e-04,5.8887096575e-06,2.2497327251e+02,nan
3.8464468199e-04,1.3232077727e-05,3.7620731642e+01,nan
9.7672366960e-05,1.5557270717e-04,1.4462206866e+01,nan
-3.9208740628e-05,1.2438191708e-04,3.3484057195e+00,nan
1.8897888772e-04,1.5793035841e-04,1.2906115042e+01,2.3868161794e+01
-1.7110892595e-04,2.9148340224e-06,2.3036111579e+02,nan
-3.1445905350e-04,5.2945719202e-05,5.9875221077e+01,9.4539976262e+00
1.4550738604e-04,3.0699593982e-06,2.5748342637e+02,nan
2.7255530082e-04,2.8593894587e-06,4.6863643824e+01,nan
1.7338695203e-04,3.2530984238e-06,1.9887988512e+02,nan
2.5701898758e-04,5.2768924027e-06,5.3273410873e+01,nan
2.6911468260e-04,5.6327363609e-06,4.6349511601e+01,nan
2.9635839047e-04,3.1124194638e-06,4.4599710566e+01,nan
3.1248796112e-04,3.0892027117e-06,3.9604746651e+01,nan
3.5750123283e-04,7.8781951481e-06,2.3238642824e+01,nan
3.4560621344e-04,7.4104341609e-06,2.2002544896e+01,nan
2.8550857739e-04,1.3047915944e-04,1.3184601890e+01,2.2724093774e+01
3.6474589409e-04,3.9771572269e-06,2.2700211958e+01,nan
2.9684672150e-04,1.1651737161e-04,1.3611355302e+01,nan
3.7659626223e-04,4.1267632964e-06,2.6185390386e+01,nan
3.1855150548e-04,1.0930052726e-04,1.3998808858e+01,1.8090434582e+01
3.2847990315e-04,3.4043560441e-06,3.1412695418e+01,nan
-4.1452291853e-05,1.2667502641e-04,3.6664748058e-01,1.6546410427e+01
2.8884715778e-04,6.2154288207e-06,4.4306373489e+01,nan
-1.6094330511e-04,1.0901305752e-04,2.8689067800e+01,1.8589696627e+01
1.1772564001e-04,1.5631394307e-04,1.3140964378e+01,nan
3.8482531481e-04,2.6386246419e-05,3.2608035736e+01,1.3218395312e+00
-3.4815901907e-04,3.9102519601e-05,8.9103643289e+01,1.2179817115e+01
3.6964884111e-04,4.9039091178e-05,2.3485457237e+01,nan
-7.1034524988e-06,1.2986169488e-04,1.2361086313e+01,1.3657611328e+01
3.5696131961e-04,6.7374419984e-05,1.9243220255e+01,nan
2.0836372968e-05,1.3379100174e-04,3.0150660358e+01,8.3717012115e+00
3.2877563193e-04,1.0057465785e-04,1.4697642084e+01,1.6447627856e+01
-1.6736406154e-04,1.0550306549e-04,3.1044417896e+01,1.8533300263e+01
3.9300577237e-04,7.8197050152e-06,5.1390443617e+01,7.8566323412e-02
-3.8737907642e-04,8.2778761383e-06,2.2813206135e+02,2.5786413072e+00
1.5402723022e-04,1.5600595284e-04,1.1042115892e+01,nan
6.1533943677e-05,1.5278523322e-04,1.8429429423e+01,2.8300683603e+01
-1.9929597053e-04,9.6868565285e-05,3.5051066542e+01,1.7779898073e+01
-3.3522037103e-04,4.3860510439e-05,6.6531584964e+01,1.4661473088e+01
2.0586105451e-04,1.5693087689e-04,1.4999904287e+01,2.5220862422e+01
1.1116475520e-05,1.2651181351e-04,1.5406411365e+01,nan
-7.2226446566e-05,1.2346153744e-04,1.1222504009e+01,1.8067917697e+01
2.1454961461e-04,1.5580406125e-04,1.5517356360e+01,2.7832555396e+01
-1.0051196211e-04,1.2031031943e-04,1.8278849571e+01,1.8681389650e+01
-1.5265428616e-04,1.0863609167e-04,2.9152748809e+01,1.8687465276e+01
4.3861770683e-05,1.4639088079e-04,1.5776147422e+01,nan
-1.3983249516e-04,1.1347388181e-04,2.5716966150e+01,1.8816013184e+01
-6.6998508251e-05,1.2398500327e-04,9.6623125198e+00,1.7933583166e+01
2.1999667318e-04,1.5154924339e-04,1.4117651828e+01,2.8779723996e+01
2.3874989080e-04,1.4626357292e-04,1.3737754818e+01,nan
-2.3361489519e-04,8.5627420029e-05,3.8650902257e+01,1.6541965782e+01
1.3630565323e-04,1.5979219073e-04,1.1348107937e+01,2.5816059757e+01
7.4675155003e-05,1.5267384283e-04,1.5755804651e+01,nan
-2.6977106612e-04,7.0919121035e-05,4.5666328088e+01,1.4232876927e+01
3.1459128209e-04,1.0852476300e-04,1.4083070402e+01,nan
2.9708328610e-04,1.2013452344e-04,1.3463331277e+01,nan
2.9357850891e-04,1.2261769400e-04,1.3375997030e+01,nan
3.5999324717e-04,6.3911261514e-05,1.9937204690e+01,nan
3.8756945205e-04,1.3883284689e-05,4.0497691988e+01,nan
-9.1159135152e-05,1.1938806374e-04,1.7346842652e+01,1.8558591871e+01
-1.9491140823e-04,9.8134266332e-05,3.4558378181e+01,1.7885592888e+01
-3.6501703886e-04,2.7887414319e-05,1.2380804022e+02,8.5011086067e+00
1.9694142752e-04,1.5770131039e-04,1.4348876001e+01,2.4275542064e+01
-2.5189453194e-04,7.8792332422e-05,4.0990685986e+01,1.5561925589e+01
2.4588297593e-04,1.4445467290e-04,1.3619141237e+01,nan
2.6850767224e-04,1.3512653369e-04,1.3257497879e+01,nan
-1.3191848998e-04,1.1262583985e-04,2.5966112554e+01,1.8844802824e+01
2.5814434607e-04,1.4336831955e-04,1.3496286367e+01,2.5842613058e+01
3.7272221082e-04,4.4975971517e-05,2.4709132817e+01,nan
-5.1947026519e-05,1.2356072425e-04,6.2125853062e+00,1.7248732476e+01
2.7879625808e-04,1.3056581209e-04,1.3233209760e+01,nan
-1.8552957325e-04,1.0119917166e-04,3.3053392608e+01,1.8168980416e+01
1.7077535001e-04,1.5546889374e-04,1.1081828424e+01,2.3992944114e+01
-3.1896111459e-04,4.9837901637e-05,6.2890849079e+01,1.0150116849e+01
1.0158424665e-04,1.5638653795e-04,1.4238964679e+01,nan
1.3161728065e-04,1.5725805259e-04,1.2157547132e+01,nan
3.1184761551e-04,1.1494968705e-04,1.3643692458e+01,1.9601144577e+01
1.6421472995e-04,1.5609808976e-04,1.0790513983e+01,2.4424992623e+01
3.7839529494e-04,3.3573304970e-05,2.8763837073e+01,nan
4.8914310069e-05,1.4520706004e-04,8.9298870959e+00,nan
2.2874206965e-04,1.4940192184e-04,1.4026546998e+01,nan
-3.7803729638e-04,1.4218187097e-05,1.6097539884e+02,4.8506528582e+00
-1.1479922964e-04,1.1610913987e-04,2.2460797888e+01,1.8822988136e+01
1.1148325214e-04,1.5655662393e-04,1.3540832668e+01,nan
-9.3797402661e-05,1.1924681208e-04,1.7860580570e+01,1.8624697237e+01
-3.5492193669e-04,3.2272466944e-05,9.7872697980e+01,9.9406906588e+00
-2.4464956067e-04,8.4018908548e-05,3.6338764968e+01,1.5994793315e+01
1.4768846483e-04,1.5664035435e-04,1.1216871069e+01,nan
-3.3993704538e-04,4.1946154925e-05,7.4341937570e+01,1.3805600680e+01
3.6289336879e-04,6.0520061394e-05,2.0667362111e+01,nan
7.7996305242e-05,1.5354763997e-04,1.5724139778e+01,nan
2.9030478888e-04,1.2504145460e-04,1.3306361519e+01,nan
-5.7038340704e-05,1.2321700725e-04,7.7158739614e+00,1.7443312849e+01
3.9522929666e-04,3.6736690007e-06,6.3240270150e+01,1.1748340481e-01
-3.9235821520e-04,3.9771922891e-06,2.5944965190e+02,1.8791946689e+00
3.8393633011e-04,2.2638266548e-05,3.4344706837e+01,nan
1.5702260271e-04,1.5678081139e-04,1.0724033430e+01,2.4854165486e+01
2.5224862510e-04,1.4557016747e-04,1.3664326666e+01,2.6614179383e+01
3.9407993932e-05,1.3883757345e-04,3.6676393788e+01,nan
-5.9756640453e-05,1.2313804862e-04,8.4355908889e+00,1.7621955135e+01
-3.2166609987e-04,4.9340087549e-05,6.2073208092e+01,1.1579342902e+01
2.1625265273e-04,1.5320187971e-04,1.4404682461e+01,2.7832555396e+01
-1.0566013552e-04,1.1984950110e-04,1.9244342237e+01,1.8768521507e+01
1.4138557354e-04,1.5706749355e-04,1.1505313529e+01,nan
1.0488231636e-04,1.5711770093e-04,1.4015013378e+01,nan
2.3489846820e-04,1.4791177795e-04,1.3899656483e+01,2.8294783320e+01
2.4216310281e-04,1.4635126217e-04,1.3777955764e+01,2.7415013588e+01
-2.3171051409e-04,8.6843831906e-05,3.7833056377e+01,1.6706330655e+01
-3.7001464059e-04,2.1103901011e-05,1.3392595075e+02,7.0637966036e+00
2.6587354875e-04,1.4096573052e-04,1.3337628112e+01,2.5081161383e+01
3.6563158692e-04,5.7299824479e-05,2.1414114303e+01,nan
-2.1964308743e-04,9.1336784995e-05,3.6342367218e+01,1.7159405114e+01
2.0842502910e-04,1.5416572492e-04,1.3733989793e+01,2.5939062352e+01
-6.2114919550e-05,1.2285622612e-04,9.2141052805e+00,1.7785213400e+01
