x_m,y_m,sigma_comp_mag_Pa
3.9437955980e-04,1.1235352008e-05,9.7953291031e+00
3.9234803431e-04,1.6322977728e-05,1.0208771599e+01
3.9034819452e-04,2.1238341629e-05,1.0528317111e+01
3.8832472395e-04,2.6015950511e-05,1.0758587610e+01
3.8625062094e-04,3.0673920740e-05,1.0941716623e+01
3.8411161126e-04,3.5224205493e-05,1.1105001805e+01
3.8190093920e-04,3.9672084261e-05,1.1244613691e+01
3.7961422783e-04,4.4023300167e-05,1.1358867803e+01
3.7724992994e-04,4.8280958056e-05,1.1458722384e+01
3.7480762779e-04,5.2447677725e-05,1.1544217865e+01
3.7228789221e-04,5.6525412557e-05,1.1617597895e+01
3.6969174942e-04,6.0515774472e-05,1.1680192658e+01
3.6702048400e-04,6.4420208341e-05,1.1734082526e+01
3.6427561091e-04,6.8240004645e-05,1.1781134973e+01
3.6145884115e-04,7.1976402774e-05,1.1822567566e+01
3.5857197328e-04,7.5630435472e-05,1.1860125654e+01
3.5561681158e-04,7.9203110540e-05,1.1894236956e+01
3.5259524889e-04,8.2695450773e-05,1.1926029026e+01
3.4950919062e-04,8.6108413390e-05,1.1956323270e+01
3.4636051303e-04,8.9442880169e-05,1.1985178867e+01
3.4315103549e-04,9.2699772252e-05,1.2013295349e+01
3.3988273397e-04,9.5879848220e-05,1.2042173507e+01
3.3655738639e-04,9.8984037978e-05,1.2069666237e+01
3.3317674728e-04,1.0201311014e-04,1.2097749356e+01
3.2974263126e-04,1.0496778759e-04,1.2127442783e+01
3.2625677900e-04,1.0784890123e-04,1.2156525991e+01
3.2272084986e-04,1.1065715598e-04,1.2186536418e+01
3.1913645747e-04,1.1339326984e-04,1.2217453594e+01
3.1550521414e-04,1.1605794367e-04,1.2249447073e+01
3.1182865276e-04,1.1865187188e-04,1.2281882258e+01
3.0810826301e-04,1.2117570240e-04,1.2315026132e+01
3.0434544836e-04,1.2363004944e-04,1.2349679310e+01
3.0054157038e-04,1.2601549624e-04,1.2384622626e+01
2.9669796528e-04,1.2833262213e-04,1.2421381971e+01
2.9281594382e-04,1.3058200571e-04,1.2457737842e+01
2.8889669339e-04,1.3276412388e-04,1.2494258461e+01
2.8494136113e-04,1.3487941198e-04,1.2531776381e+01
2.8095101828e-04,1.3692830145e-04,1.2569979831e+01
2.7692672640e-04,1.3891117299e-04,1.2608221532e+01
2.7286942754e-04,1.4082836646e-04,1.2647061357e+01
2.6878007288e-04,1.4268011473e-04,1.2685023318e+01
2.6465950372e-04,1.4446659998e-04,1.2723345130e+01
2.6050848236e-04,1.4618796882e-04,1.2762971083e+01
2.5632775139e-04,1.4784425902e-04,1.2801724878e+01
2.5211805437e-04,1.4943537999e-04,1.2838458494e+01
2.4787985926e-04,1.5096118489e-04,1.2876766373e+01
2.4361379297e-04,1.5242138992e-04,1.2913426651e+01
2.3932027604e-04,1.5381558071e-04,1.2948885447e+01
2.3499967129e-04,1.5514308708e-04,1.2983494859e+01
2.3065222054e-04,1.5640310433e-04,1.3018080879e+01
2.2627818296e-04,1.5759459102e-04,1.3049236116e+01
2.1745044231e-04,1.5976615752e-04,1.3107998621e+01
2.1299649646e-04,1.6074225223e-04,1.3131473503e+01
2.0851522867e-04,1.6164147142e-04,1.3152663028e+01
1.9946743667e-04,1.6319250866e-04,1.3183245161e+01
1.2969219173e-04,1.6295674058e-04,1.8125392998e+01
1.1837256221e-04,1.6228614788e-04,1.8126596970e+01
1.1077995831e-04,1.6169960529e-04,1.8157445754e+01
1.0314348058e-04,1.6096297625e-04,1.8279337992e+01
9.9314168908e-05,1.6052749700e-04,1.8338964537e+01
9.1645755045e-05,1.5949632082e-04,1.8408380642e+01
8.7810826708e-05,1.5888807489e-04,1.8419426473e+01
8.0150893041e-05,1.5744669316e-04,1.8413459477e+01
7.2530830419e-05,1.5563397331e-04,1.8434749471e+01
6.8752482566e-05,1.5455524953e-04,1.8438908473e+01
6.5008506055e-05,1.5333524623e-04,1.8465726408e+01
6.1317217003e-05,1.5194375322e-04,1.8501808681e+01
5.7711177938e-05,1.5033727763e-04,1.8568765429e+01
5.4250024289e-05,1.4844259453e-04,1.9660917218e+01
5.1123045868e-05,1.4608057733e-04,1.5545615788e+01
4.8099112174e-05,1.4178171160e-04,1.3210035056e+02
4.4654709505e-05,1.3987487761e-04,1.0145906377e+02
4.2710174746e-05,1.3912048573e-04,9.4967187712e+01
4.0698845162e-05,1.3844575014e-04,9.0045355444e+01
3.8638136055e-05,1.3783809087e-04,8.5821872808e+01
3.6537271144e-05,1.3728524117e-04,8.2357436927e+01
3.4403022449e-05,1.3677851716e-04,7.9132310007e+01
3.2239889044e-05,1.3631105360e-04,7.6168880000e+01
3.0051168574e-05,1.3587749668e-04,7.3382211260e+01
2.5605999506e-05,1.3509523224e-04,6.8203366873e+01
2.3352676238e-05,1.3473945258e-04,6.5757178758e+01
2.1080397315e-05,1.3440331295e-04,6.3374046269e+01
1.8789949332e-05,1.3408433692e-04,6.1027575124e+01
1.6481878113e-05,1.3378016664e-04,5.8696458312e+01
1.1813802097e-05,1.3320765909e-04,5.4057070414e+01
9.4534087768e-06,1.3293489461e-04,5.1672389614e+01
7.0752298238e-06,1.3266693573e-04,4.9535401565e+01
4.6818468737e-06,1.3240134858e-04,4.9305810661e+01
2.2886772984e-06,1.3214668098e-04,5.1012529568e+01
-9.7994763604e-08,1.3191286381e-04,5.1228343923e+01
-2.4872763842e-06,1.3169282302e-04,4.9937777527e+01
-7.2889119156e-06,1.3127213371e-04,4.6997928882e+01
-9.7026482303e-06,1.3106768213e-04,4.5584784794e+01
-1.2125080724e-05,1.3086573467e-04,4.4178102352e+01
-1.4556165098e-05,1.3066550495e-04,4.2798567771e+01
-1.9444106770e-05,1.3026735141e-04,4.0135715332e+01
-2.1900722623e-05,1.3006821224e-04,3.8859978309e+01
-2.6838021874e-05,1.2966714529e-04,3.6443755591e+01
-2.9318218398e-05,1.2946425707e-04,3.5287759613e+01
-3.1805971677e-05,1.2925916186e-04,3.4081640847e+01
-3.4301160684e-05,1.2905144004e-04,3.3072692978e+01
-3.9313186406e-05,1.2862656781e-04,3.2564471280e+01
-4.1829674082e-05,1.2840870764e-04,3.2513914168e+01
-4.4352886991e-05,1.2818679458e-04,3.2479200680e+01
-4.6882655302e-05,1.2796051513e-04,3.2469561977e+01
-5.1961111750e-05,1.2749368576e-04,3.2469913169e+01
-5.4509431135e-05,1.2725258734e-04,3.2474774746e+01
-5.7063565521e-05,1.2700602287e-04,3.2486486674e+01
-5.9623337545e-05,1.2675375383e-04,3.2498581323e+01
-6.2188562331e-05,1.2649553734e-04,3.2508661411e+01
-6.4759026136e-05,1.2623115781e-04,3.2527896642e+01
-6.7334599161e-05,1.2596039239e-04,3.2552602957e+01
-6.9915070489e-05,1.2568304410e-04,3.2573380165e+01
-7.2500264366e-05,1.2539892141e-04,3.2597105325e+01
-7.5090002854e-05,1.2510783216e-04,3.2622631385e+01
-7.7684106211e-05,1.2480958994e-04,3.2651077439e+01
-8.0282421113e-05,1.2450401939e-04,3.2675547791e+01
-8.2884712147e-05,1.2419096782e-04,3.2703979174e+01
-8.5490862631e-05,1.2387026168e-04,3.2737217324e+01
-8.8100677303e-05,1.2354174835e-04,3.2769900254e+01
-9.0713984830e-05,1.2320527534e-04,3.2803793101e+01
-9.3330616439e-05,1.2286069567e-04,3.2838024696e+01
-9.5950399218e-05,1.2250786763e-04,3.2874030544e+01
-9.8573154183e-05,1.2214666620e-04,3.2913675779e+01
-1.0119874831e-04,1.2177695347e-04,3.2951867684e+01
-1.0382696426e-04,1.2139860468e-04,3.2993100235e+01
-1.0645769392e-04,1.2101148802e-04,3.3033508955e+01
-1.0909071659e-04,1.2061548797e-04,3.3075572428e+01
-1.1172590805e-04,1.2021048438e-04,3.3120200848e+01
-1.1436309644e-04,1.1979637311e-04,3.3164349279e+01
-1.1700211232e-04,1.1937303899e-04,3.3210354330e+01
-1.1964280446e-04,1.1894036543e-04,3.3258258982e+01
-1.2228500620e-04,1.1849825125e-04,3.3307199386e+01
-1.2492856842e-04,1.1804659690e-04,3.3357248588e+01
-1.2757333308e-04,1.1758530625e-04,3.3407938662e+01
-1.3021914012e-04,1.1711427457e-04,3.3459939109e+01
-1.3286581899e-04,1.1663339854e-04,3.3514713705e+01
-1.3551325774e-04,1.1614258502e-04,3.3568591488e+01
-1.3816125620e-04,1.1564175535e-04,3.3623347069e+01
-1.4080969439e-04,1.1513080668e-04,3.3680231606e+01
-1.4345839700e-04,1.1460965266e-04,3.3738613197e+01
-1.4610722780e-04,1.1407819609e-04,3.3797597688e+01
-1.4875603429e-04,1.1353635447e-04,3.3857250161e+01
-1.5140463710e-04,1.1298404918e-04,3.3919253739e+01
-1.5405293873e-04,1.1242118705e-04,3.3982498011e+01
-1.5670076677e-04,1.1184768885e-04,3.4045850680e+01
-1.5934794454e-04,1.1126347356e-04,3.4109923175e+01
-1.6199435823e-04,1.1066844330e-04,3.4176370235e+01
-1.6463984183e-04,1.1006253561e-04,3.4243840592e+01
-1.6728425289e-04,1.0944567693e-04,3.4311576071e+01
-1.6992744478e-04,1.0881776950e-04,3.4381125747e+01
-1.7256926355e-04,1.0817873780e-04,3.4451478854e+01
-1.7520956879e-04,1.0752850854e-04,3.4522965207e+01
-1.7784818604e-04,1.0686701707e-04,3.4596246413e+01
-1.8048501555e-04,1.0619417710e-04,3.4670022109e+01
-1.8311988142e-04,1.0550991616e-04,3.4744453577e+01
-1.8575263962e-04,1.0481414367e-04,3.4821353078e+01
-1.8838316840e-04,1.0410679529e-04,3.4898189450e+01
-1.9101131551e-04,1.0338781405e-04,3.4975616034e+01
-1.9363694008e-04,1.0265712531e-04,3.5053167676e+01
-1.9625987961e-04,1.0191466396e-04,3.5131563819e+01
-1.9887994146e-04,1.0116037479e-04,3.5210710078e+01
-2.0149703369e-04,1.0039418083e-04,3.5290274962e+01
-2.0411096664e-04,9.9616045049e-05,3.5370542013e+01
-2.0672158659e-04,9.8825904769e-05,3.5450505515e+01
-2.0932875208e-04,9.8023700395e-05,3.5530824551e+01
-2.1193226324e-04,9.7209387378e-05,3.5610559247e+01
-2.1453203506e-04,9.6382920921e-05,3.5690263059e+01
-2.1712781863e-04,9.5544286228e-05,3.5768108070e+01
-2.1971950010e-04,9.4693423956e-05,3.5845407768e+01
-2.2230687983e-04,9.3830318739e-05,3.5920882348e+01
-2.2488975879e-04,9.2954963458e-05,3.5994306286e+01
-2.2746795451e-04,9.2067367005e-05,3.6064313967e+01
-2.3004124439e-04,9.1167528137e-05,3.6129786565e+01
-2.3260938540e-04,9.0255470269e-05,3.6186953293e+01
-2.3517208647e-04,8.9331224407e-05,3.6236620903e+01
-2.3772881793e-04,8.8394908718e-05,3.6275244329e+01
-2.4027897209e-04,8.7446486843e-05,3.6321882871e+01
-2.4282140194e-04,8.6486068191e-05,3.6409344667e+01
-2.4535513355e-04,8.5513501854e-05,3.6613042934e+01
-2.4787944698e-04,8.4528787581e-05,3.6986699974e+01
-2.5039601830e-04,8.3531902356e-05,3.7391930403e+01
-2.5290718155e-04,8.2522520619e-05,3.7735017884e+01
-2.5541489095e-04,8.1500201703e-05,3.7962772486e+01
-2.5792010012e-04,8.0464684375e-05,3.8092548234e+01
-2.6042243640e-04,7.9416286160e-05,3.8175235141e+01
-2.6292087637e-04,7.8355595941e-05,3.8251242694e+01
-2.6541499750e-04,7.7283037079e-05,3.8330480702e+01
-2.6790455031e-04,7.6199012542e-05,3.8414419131e+01
-2.7038941402e-04,7.5104041595e-05,3.8496260495e+01
-2.7286959456e-04,7.3998649697e-05,3.8576334091e+01
-2.7534520619e-04,7.2883422357e-05,3.8663629789e+01
-2.7781636587e-04,7.1759087841e-05,3.8741545693e+01
-2.8028357429e-04,7.0626409364e-05,3.8817469246e+01
-2.8274709450e-04,6.9486492547e-05,3.8881088379e+01
-2.8520757019e-04,6.8340487722e-05,3.8940938375e+01
-2.8766572301e-04,6.7189774446e-05,3.8991145970e+01
-2.9012251401e-04,6.6036065787e-05,3.9023149575e+01
-2.9257915922e-04,6.4881449487e-05,3.9035195369e+01
-2.9503724433e-04,6.3728415304e-05,3.9013402474e+01
-2.9749861267e-04,6.2580007945e-05,3.8958810958e+01
-2.9996560387e-04,6.1440196403e-05,3.8862930228e+01
-3.0244171556e-04,6.0313799676e-05,3.8656146035e+01
-3.0493017263e-04,5.9207266039e-05,3.8419797740e+01
-3.0743619661e-04,5.8129336858e-05,3.8073810959e+01
-3.0996583851e-04,5.7092503402e-05,3.7458931550e+01
-3.1252742462e-04,5.6116042603e-05,3.7004067001e+01
-3.1513530016e-04,5.5233022154e-05,3.6300913829e+01
-3.1780107144e-04,5.4544431296e-05,3.0197323815e+01
-3.2083942093e-04,5.4015979651e-05,2.3449281219e+01
-3.2457817548e-04,5.3484291134e-05,1.5849033112e+01
-3.3001090292e-04,5.1997038138e-05,1.1425292886e+01
-3.3552768950e-04,4.9563141494e-05,1.2047365610e+01
-3.4097986616e-04,4.6680939833e-05,1.1849275259e+01
-3.4640779059e-04,4.3463122748e-05,1.1569307394e+01
-3.5183678579e-04,3.9948593475e-05,1.1245308791e+01
-3.5728745771e-04,3.6150731418e-05,1.0871386321e+01
-3.6278224283e-04,3.2065259906e-05,1.0451097455e+01
-3.6833720767e-04,2.7677735268e-05,1.0026179738e+01
-3.7397888477e-04,2.2958386955e-05,9.5468574496e+00
-3.7974424643e-04,1.7865406468e-05,8.9981719434e+00
-3.8569537904e-04,1.2354704402e-05,8.6710522597e+00
-3.9205474457e-04,6.3968217451e-06,8.2210404419e+00
-3.9600000000e-04,3.0463089129e-20,-6.2001550475e-01
-2.2938300268e-05,1.2777750085e-04,3.6155402222e+01
-9.1840715765e-05,1.2109100802e-04,3.2722159027e+01
6.1083206005e-05,1.4891249376e-04,2.0375348601e+01
-1.3635129795e-04,1.1386057685e-04,3.3586790186e+01
1.5090325668e-04,1.6107560250e-04,1.7077092631e+01
-1.9989242312e-04,9.8814501066e-05,3.5305128712e+01
2.1917857291e-04,1.5641791757e-04,1.3307738703e+01
2.5657231322e-04,2.5266978517e-06,2.2052075606e+01
2.4910452067e-04,1.4706577488e-04,1.3056620427e+01
-2.3852929105e-04,8.5907270543e-05,3.6380670279e+01
-2.5618024392e-04,7.8850601611e-05,3.7676669529e+01
-2.8823204523e-04,6.4538867756e-05,3.7793463623e+01
3.4546970474e-04,8.5149272941e-05,1.2190129254e+01
3.4497977398e-04,3.6501308902e-06,1.5381370265e+01
2.9472064425e-05,1.3348052470e-04,6.5343475362e+01
1.3543865375e-04,1.6054324603e-04,1.8005513551e+01
-1.6826905139e-04,1.0722489775e-04,3.4382744824e+01
-3.5824467348e-04,3.1297683860e-06,2.1178135421e+01
3.7098070260e-04,5.2676890615e-05,1.1781436186e+01
2.6861852225e-04,2.7603532438e-06,2.2168896781e+01
2.4458492535e-04,2.3256978116e-06,2.1691849977e+01
-3.7021446391e-04,3.6315409617e-06,1.6542151025e+01
3.7259129205e-04,4.1527346511e-06,7.1048380645e+00
2.6201878511e-04,1.4208835346e-04,1.2929181754e+01
2.8945790983e-04,1.2871640259e-04,1.2666046592e+01
3.1531045158e-04,1.1254795982e-04,1.2412587970e+01
-3.6971635982e-04,2.3922578922e-05,1.0234259773e+01
3.8440315279e-04,4.3149251388e-06,3.9024576618e+00
-3.5048762351e-04,2.7002042183e-06,2.1201528158e+01
3.5286063681e-04,3.9184725910e-06,1.2869457968e+01
-2.7893255003e-05,1.2738301454e-04,3.3856683304e+01
3.3969806144e-05,1.3428480821e-04,6.8789539118e+01
-9.7183070105e-05,1.2012841970e-04,3.2802673694e+01
-1.4186946344e-04,1.1281506719e-04,3.3714720756e+01
1.4320717121e-04,1.6124421775e-04,1.7672882130e+01
1.7484835264e-04,1.6204201630e-04,1.7338026679e+01
1.9238233364e-04,1.6121455586e-04,1.3502075820e+01
2.6922147485e-04,1.3949313386e-04,1.2832192250e+01
3.5191752435e-04,7.8287103651e-05,1.2116658915e+01
3.7611166372e-04,4.4641097291e-05,1.1584686116e+01
-3.8942910757e-04,4.2717716315e-06,7.8239730019e-01
3.9215506703e-04,4.1662188937e-06,2.3874037817e+00
-3.8579978079e-04,4.2426202756e-06,3.0451385807e+00
-3.7964196842e-04,8.3712628138e-06,9.3165806569e+00
-3.7013991557e-04,1.1606646079e-05,1.2623152098e+01
-3.6420760521e-04,1.4933425912e-05,1.3292277988e+01
-3.5832478420e-04,1.8011245558e-05,1.3897889562e+01
-3.4669904291e-04,2.3520046250e-05,1.5865703018e+01
-3.3856951847e-04,2.9602441728e-05,1.7108952860e+01
-3.3761950271e-04,2.4778521096e-05,1.6986373679e+01
-3.2013370457e-04,2.9417523459e-05,1.7240055662e+01
-3.1339161450e-04,2.9884344564e-05,1.7266722240e+01
-3.0704735491e-04,3.0379765248e-05,1.7243809509e+01
-3.0097998221e-04,3.0940142275e-05,1.7213360196e+01
-2.9512417584e-04,3.1573276639e-05,1.7188793738e+01
-2.8943560831e-04,3.2284247833e-05,1.7232949088e+01
-2.7603245350e-04,3.1264838018e-05,2.4657044843e+01
-2.4401886316e-04,3.7337350918e-05,3.7052940731e+01
-2.3819889137e-04,3.8779770989e-05,3.8026232875e+01
-2.3216468681e-04,3.8306079187e-05,3.8972846063e+01
-2.2600888596e-04,3.7900871630e-05,3.9829158127e+01
-2.1974369696e-04,3.7553285710e-05,4.0601693862e+01
-1.6835119670e-04,4.4686971568e-05,4.2800164254e+01
-1.6179486693e-04,4.4526707116e-05,4.3100220822e+01
-1.5519654826e-04,4.4383130062e-05,4.3383388529e+01
-1.4856044683e-04,4.4254432209e-05,4.3650788289e+01
-1.4189043413e-04,4.4139153613e-05,4.3902960704e+01
-1.3638622246e-04,4.5778051919e-05,4.3718133529e+01
-1.2971290049e-04,4.5678634335e-05,4.3939516278e+01
-1.2301225260e-04,4.5589481734e-05,4.4145326455e+01
-5.3709575143e-05,5.0455441173e-05,4.3322654876e+01
-4.7033520006e-05,5.0518117203e-05,4.2970675985e+01
-1.7170196890e-05,5.1123389989e-05,3.9460277132e+01
-1.0601798220e-05,5.1346537206e-05,3.8107386255e+01
-4.0711299102e-06,5.1607443955e-05,3.6493353130e+01
2.4125445486e-06,5.1908845350e-05,3.4599623796e+01
8.8405746261e-06,5.2252449936e-05,3.2416048867e+01
1.5203978140e-05,5.2639295639e-05,2.9947317210e+01
2.3651342439e-05,5.1350624334e-05,2.6759349523e+01
2.9876642181e-05,5.1808157139e-05,2.3983772243e+01
6.5518848993e-05,5.7880196998e-05,2.2393771639e+01
7.2133850320e-05,5.8900718716e-05,2.2445193967e+01
7.8075267153e-05,5.7573492520e-05,2.2507142770e+01
8.4917923165e-05,5.8703245152e-05,2.2572949908e+01
1.0332897170e-04,6.4595074709e-05,2.2758787290e+01
1.1061053751e-04,6.6106308614e-05,2.2827073174e+01
1.1724332729e-04,6.4866926000e-05,2.2867999165e+01
1.2478446771e-04,6.6473718962e-05,2.2565051732e+01
1.3680702678e-04,7.2025007006e-05,1.9770017269e+01
1.4357733179e-04,7.0741443278e-05,1.8860137901e+01
1.5102864474e-04,7.2506275894e-05,1.7743613155e+01
1.5473770502e-04,7.3392438865e-05,1.7217915643e+01
1.3156932794e-04,6.5203165080e-05,2.1318357818e+01
1.6273707044e-04,7.8425508595e-05,1.7135169115e+01
1.6646976941e-04,7.9387472571e-05,1.7145181859e+01
-7.9031265411e-05,4.5275141226e-05,4.4843233309e+01
1.5592427587e-04,7.9787558188e-05,1.7130627130e+01
1.7339751357e-04,7.7982240110e-05,1.7139789081e+01
-1.0474921687e-04,4.3705694062e-05,4.4974030142e+01
1.7976632920e-04,7.3168455971e-05,1.7136873519e+01
1.8680913457e-04,7.1645326194e-05,1.7129002818e+01
1.9457206434e-04,7.3511430659e-05,1.7096002593e+01
1.9917768935e-04,7.8027998943e-05,1.7043554206e+01
2.0713435495e-04,8.0117483594e-05,1.6971199960e+01
2.1296822311e-04,7.1272716331e-05,1.7025356284e+01
2.1699282989e-04,7.2255162783e-05,1.6972864936e+01
2.2434079702e-04,7.0586055579e-05,1.6991667577e+01
2.3252352043e-04,7.2580814022e-05,1.5907157802e+01
2.3660248962e-04,7.3556220838e-05,1.5754907502e+01
2.4399211509e-04,7.1737716983e-05,1.5567318333e+01
-1.1833292583e-04,4.3828074472e-05,4.4657031927e+01
-1.9971171215e-04,4.3956193710e-05,4.1323996530e+01
2.5211965367e-04,7.3560778853e-05,1.5289894786e+01
2.4544904472e-04,7.9189131591e-05,1.5249878684e+01
2.5545122301e-04,7.0723026502e-05,1.5317051965e+01
2.5802782216e-04,6.4165125851e-05,1.5513797604e+01
2.6210812022e-04,6.4999867396e-05,1.5382360304e+01
2.7023793251e-04,6.6620297677e-05,1.5148772151e+01
2.7094077601e-04,7.0346196105e-05,1.5009654650e+01
2.7497277041e-04,7.1141618266e-05,1.4905149104e+01
2.7763025784e-04,6.4450858444e-05,1.5068892358e+01
2.8167212604e-04,6.5199838780e-05,1.4957652367e+01
2.8836438137e-04,5.9184589763e-05,1.5007896591e+01
2.9707467498e-04,6.4302904200e-05,1.4632228383e+01
3.0106178564e-04,6.4983297853e-05,1.4510307983e+01
3.0777382926e-04,5.8733027762e-05,1.4522630095e+01
3.1447892977e-04,5.2389594266e-05,1.4528697590e+01
3.2180213855e-04,4.9723582343e-05,1.4380446773e+01
3.0226192552e-04,7.2578103626e-05,1.4250229252e+01
3.1904898222e-04,5.6766372401e-05,1.4243181242e+01
3.2117722909e-04,4.5944034469e-05,1.4529487942e+01
5.3402860985e-05,5.8317118144e-05,2.2316289872e+01
-2.2401468098e-05,5.2724973613e-05,4.0138097686e+01
-4.2186137082e-05,5.2311178711e-05,4.2368837413e+01
-2.0693013670e-04,3.6995289109e-05,4.1926458159e+01
2.0455038292e-04,8.6392910551e-05,1.7028610431e+01
2.0593865189e-04,9.3853919001e-05,1.6653506732e+01
2.0723367628e-04,1.0137563619e-04,1.5981418731e+01
2.0783274771e-04,1.0515118313e-04,1.5777669118e+01
2.1180736373e-04,1.0632749110e-04,1.5492687163e+01
2.0154768212e-04,1.1407948296e-04,1.5858303692e+01
1.9463345014e-04,1.1911483078e-04,1.6297607789e+01
2.2026790593e-04,1.1242311809e-04,1.4935164817e+01
1.8723656271e-04,1.2025859530e-04,1.6992029642e+01
1.9857533268e-04,1.2040330656e-04,1.5824891271e+01
2.2421500012e-04,1.1354496667e-04,1.4787504944e+01
1.7993330515e-04,1.2132113751e-04,1.7019915717e+01
1.7612202823e-04,1.1996699984e-04,1.7042958810e+01
1.6898967581e-04,1.2093661367e-04,1.7091291856e+01
1.6196286159e-04,1.2184601142e-04,1.7139618806e+01
1.5468390352e-04,1.1911578638e-04,1.7172035501e+01
1.5068424309e-04,1.1420176779e-04,1.7177732429e+01
1.3688833900e-04,1.1247535072e-04,1.7186338101e+01
1.3033214473e-04,1.1333214699e-04,1.7159710036e+01
1.2385872480e-04,1.1415218718e-04,1.7004440354e+01
1.1656181431e-04,1.0822450653e-04,1.9032636180e+01
1.0957612360e-04,1.0565692970e-04,2.1587054537e+01
1.0309467383e-04,1.0631024001e-04,2.2958738935e+01
9.6695813718e-05,1.0690175105e-04,2.2603473627e+01
9.3274963357e-05,1.0560086916e-04,2.2500571766e+01
8.6000993160e-05,1.0006733722e-04,2.2318747672e+01
8.0019982144e-05,1.0071560741e-04,2.2108587821e+01
7.3646252151e-05,9.8479070580e-05,2.1938776685e+01
6.7996087462e-05,9.9151534009e-05,2.1727157598e+01
5.5402688395e-05,9.2650770241e-05,2.1726975222e+01
4.7342311032e-05,9.2699594432e-05,2.1671161297e+01
2.2185186919e-05,8.6901074385e-05,2.5329605784e+01
1.6597823382e-05,8.5959666978e-05,2.8386760606e+01
9.0306311037e-06,8.6892741021e-05,3.2001778137e+01
3.3437153877e-06,8.6198769151e-05,3.3790618624e+01
-2.3861977760e-06,8.5600848564e-05,3.5188128187e+01
-4.1964459770e-05,8.5336084734e-05,3.8047556536e+01
-5.3693340584e-05,8.5121864963e-05,3.7840405095e+01
5.9549374739e-05,9.8812914874e-05,2.1504686635e+01
-1.3701000977e-04,7.8941406917e-05,3.7037496442e+01
-1.4282708331e-04,7.9216844480e-05,3.6927513616e+01
-1.1754632247e-04,8.0133763262e-05,3.7109271858e+01
-1.4860778930e-04,7.9519559104e-05,3.6825117025e+01
-1.5636689241e-04,7.7988861850e-05,3.6991889943e+01
-6.6917704931e-05,7.9309639090e-05,3.8463581362e+01
-1.1220927940e-04,8.5793167848e-05,3.6206341283e+01
1.1058973971e-04,1.1227246542e-04,1.9901310232e+01
-1.6208930365e-04,7.8352197715e-05,3.6891861239e+01
-4.8935636253e-05,7.9452711672e-05,3.8753538065e+01
-1.2374862991e-04,8.6217510869e-05,3.5995564027e+01
-1.6776372937e-04,7.8750477509e-05,3.6796975035e+01
1.3766279228e-04,1.1944387700e-04,1.7208312556e+01
-1.8761952153e-04,7.2270063082e-05,3.7475940580e+01
-1.9319720936e-04,7.2794467554e-05,3.7337523633e+01
-2.0096558221e-04,7.1540023341e-05,3.7377545425e+01
-2.1849142288e-04,6.5268583026e-05,3.7659101069e+01
-2.2626238590e-04,6.4234024595e-05,3.7516593827e+01
2.3159668560e-04,1.1191988539e-04,1.4650236201e+01
-2.3150448881e-04,6.5084642842e-05,3.7312982418e+01
3.4741426332e-05,9.3840583838e-05,2.1753791886e+01
-1.8171702845e-04,7.9920269270e-05,3.6580522270e+01
-7.8900953602e-05,7.9354643839e-05,3.8145075884e+01
5.4149356426e-05,5.2124146975e-05,2.2350383959e+01
3.5183593145e-05,5.0307818855e-05,2.2058288395e+01
-2.2097715553e-05,8.0305031924e-05,3.7906302268e+01
2.9684222802e-05,8.6270585634e-05,2.2016604784e+01
3.0619589731e-04,7.3286100283e-05,1.4121087193e+01
-2.4410540705e-04,5.8502402172e-05,3.6937408126e+01
1.9362495453e-04,1.1155926298e-04,1.6962892205e+01
-2.5173355200e-04,5.7837000116e-05,3.6381874769e+01
2.3948859355e-04,1.1402088878e-04,1.4442013805e+01
3.0338775167e-04,8.0240049194e-05,1.3989548397e+01
3.1984077430e-04,3.8461550635e-05,1.4846301413e+01
3.1579389669e-04,3.7981684888e-05,1.4998200849e+01
1.7462026255e-04,8.4834884266e-05,1.7119725295e+01
2.4343131476e-04,1.1504462593e-04,1.4343232033e+01
2.3652052107e-04,1.2060239957e-04,1.4339800149e+01
2.4948566985e-04,8.0120277918e-05,1.5124877920e+01
2.5644538445e-04,5.6797149948e-05,1.5860769413e+01
2.5890663379e-04,5.0292157507e-05,1.6463324783e+01
2.5727134457e-04,4.3196537670e-05,1.7026223602e+01
2.6388935277e-04,3.7631108492e-05,1.7083235751e+01
2.4456275655e-04,3.8435780531e-05,1.7136686447e+01
2.3661014572e-04,3.7562165838e-05,1.7315259760e+01
2.3262113764e-04,3.7095812448e-05,1.7456959918e+01
2.2532487850e-04,3.9071516644e-05,1.7393449944e+01
2.1737958664e-04,3.8031249965e-05,1.7495477066e+01
2.1341714143e-04,3.7502077886e-05,1.7545449630e+01
1.9303286247e-04,3.2057687852e-05,1.8225740004e+01
1.8911473490e-04,3.1562266017e-05,1.8385299196e+01
1.8129068340e-04,3.0592212650e-05,1.8779787379e+01
1.7418730452e-04,3.2293279083e-05,1.9032988174e+01
1.6638687591e-04,3.1331385558e-05,1.9635391006e+01
1.6248609856e-04,3.0866094124e-05,1.9976494511e+01
1.5468133901e-04,2.9969944945e-05,2.0746301303e+01
1.2279811463e-04,2.4762063221e-05,2.2876171746e+01
1.1898843610e-04,2.4500551736e-05,2.2856192310e+01
1.1144201725e-04,2.4031851462e-05,2.2815260651e+01
1.0398970567e-04,2.3635034143e-05,2.2775741039e+01
9.7370883626e-05,2.5251254917e-05,2.2731269921e+01
9.2981121275e-05,2.3162484721e-05,2.2729376922e+01
8.6510338669e-05,2.4777993304e-05,2.2685444273e+01
7.9380901611e-05,2.4535050332e-05,2.2670260834e+01
7.2334434072e-05,2.4341963554e-05,2.2676246923e+01
6.5367729151e-05,2.4191779796e-05,2.3133859680e+01
6.1885414954e-05,2.4121808421e-05,2.4068237138e+01
5.4877592856e-05,2.3979627094e-05,2.5627870686e+01
4.7818841122e-05,2.3835679964e-05,2.7443570668e+01
4.0710158416e-05,2.3692714619e-05,2.9416452694e+01
2.2743493025e-05,2.3353410077e-05,3.4620928094e+01
1.5488240457e-05,2.3230150177e-05,3.6658131530e+01
-2.7876013588e-06,2.2965927215e-05,4.1235871572e+01
-2.8608325808e-05,2.2713341330e-05,4.5877289533e+01
-7.3133264433e-05,2.2550585484e-05,4.9297249450e+01
-1.1758424011e-04,2.2600996773e-05,4.9281484568e+01
-1.4335106863e-04,2.2695496758e-05,4.8479771855e+01
2.3293435985e-06,2.4639639654e-05,3.9725585069e+01
-8.5980139521e-05,2.4111744980e-05,4.9220884229e+01
-1.6891472577e-04,2.2841131359e-05,4.7247265202e+01
-1.3008245090e-04,2.4217879406e-05,4.8619104088e+01
2.0807668794e-04,3.1239823087e-05,1.7993965345e+01
1.9443014777e-04,3.7672444791e-05,1.7823244925e+01
1.4372478866e-04,3.1156719748e-05,2.1858493637e+01
2.7592751675e-05,2.5090972019e-05,3.2793864597e+01
1.4144386520e-04,2.4023112493e-05,2.2492280908e+01
-1.4828296997e-04,2.4303522116e-05,4.7950273955e+01
-2.3763913888e-04,1.7142742289e-05,4.0104604401e+01
2.7052975130e-04,3.2053194316e-05,1.7114240824e+01
-2.2687416597e-04,1.6970126059e-05,4.2352881407e+01
2.5081324435e-04,1.1322772819e-04,1.4248336334e+01
-2.5170214679e-04,1.7478808491e-05,3.6016996720e+01
-2.5855852406e-04,1.7721539686e-05,3.3355576679e+01
2.2711076675e-04,1.0704098479e-04,1.4881909483e+01
3.0729070881e-04,8.0983821697e-05,1.3853365144e+01
3.0055959479e-04,8.7183127747e-05,1.3856720155e+01
2.9665079048e-04,8.6403798729e-05,1.3987091936e+01
2.9381120405e-04,9.3301987161e-05,1.3853925068e+01
2.8989742538e-04,9.2488444783e-05,1.3979639854e+01
2.8704287027e-04,9.9344707625e-05,1.3846488725e+01
2.7790182912e-04,2.9651630648e-05,1.7070343469e+01
-2.6193028839e-04,1.7868224857e-05,3.1839022227e+01
-2.6851372761e-04,1.6399726658e-05,2.8483685452e+01
-1.8088046357e-04,8.6075784792e-05,3.5921941311e+01
2.8198776204e-04,3.0102976807e-05,1.7029089341e+01
-2.7506478837e-04,1.6800596313e-05,2.4310652822e+01
3.2245431328e-04,3.1506309997e-05,1.5044073881e+01
3.2650801370e-04,3.1917455348e-05,1.4874285231e+01
3.1453085596e-04,7.8579312290e-05,1.3701622703e+01
2.5818563762e-04,1.1134324463e-04,1.4153177123e+01
2.0192113655e-04,9.2688884930e-05,1.7079795970e+01
-2.7730559154e-04,5.0712893659e-05,3.1483959816e+01
1.7582525354e-04,9.1899302105e-05,1.7089072188e+01
3.0108554419e-04,9.1046913411e-05,1.3720306053e+01
-2.8136827415e-04,1.7328226362e-05,1.9385872637e+01
-2.8781588111e-04,1.5991839107e-05,1.7136937701e+01
2.1331117124e-04,9.2389205278e-05,1.5994291423e+01
-1.8625552552e-04,8.6668288829e-05,3.5889036414e+01
2.9028853415e-04,3.1167853459e-05,1.6474827984e+01
2.6212237871e-04,1.1228787172e-04,1.4047071858e+01
-2.8173660803e-04,5.2479594912e-05,3.1390750331e+01
-1.9367621674e-04,8.5444471310e-05,3.6029231542e+01
2.9688204922e-04,2.5087768490e-05,1.6701774593e+01
2.8258639697e-04,9.4667413830e-05,1.4090979588e+01
2.4278896392e-04,8.5729270169e-05,1.5097746022e+01
1.6882502409e-04,9.3158614373e-05,1.7116311277e+01
-1.6835922913e-04,7.2803602593e-05,3.7652038284e+01
-1.6819712406e-04,6.4991806721e-05,3.8929296101e+01
-1.7412112438e-04,5.7675329728e-05,4.0069651995e+01
-1.7477060826e-04,9.1740032906e-05,3.5366951048e+01
1.6190353660e-04,9.4372854249e-05,1.7138893459e+01
-2.9394404158e-04,1.6720829505e-05,1.7122639367e+01
-3.0000197872e-04,1.7618275073e-05,1.7127527190e+01
3.2222988301e-04,8.0049014539e-05,1.3382593065e+01
-2.8934840023e-04,5.0587699577e-05,2.8210110708e+01
2.5081024715e-04,8.7630475745e-05,1.4873189796e+01
2.6304527610e-04,5.1087740774e-05,1.5856040698e+01
3.2507578548e-04,7.2908255740e-05,1.3514819416e+01
3.3222443864e-04,7.0359421709e-05,1.3316900556e+01
3.3174414300e-04,6.6402457233e-05,1.3468162272e+01
3.3886314002e-04,6.3763586247e-05,1.3248299506e+01
3.3839630135e-04,5.9781844770e-05,1.3399371042e+01
3.4548116876e-04,5.7043499492e-05,1.3147888732e+01
3.4503087809e-04,5.3031184686e-05,1.3294371952e+01
3.5207531268e-04,5.0183207488e-05,1.2995046748e+01
3.5164409762e-04,4.6131210404e-05,1.3125046086e+01
3.5072324272e-04,3.8131573797e-05,1.3362710301e+01
3.5733973932e-04,3.0985628403e-05,1.2937781274e+01
3.5353309486e-04,3.0629168712e-05,1.3259460181e+01
-1.6221383750e-04,6.4690499480e-05,3.9114105447e+01
-1.5618132129e-04,6.4417539385e-05,3.9298158258e+01
-1.0475638588e-04,6.4803776592e-05,4.0413837062e+01
-9.8479495642e-05,6.4708607379e-05,4.0577457201e+01
-9.2186846174e-05,6.4630711157e-05,4.0729685602e+01
-8.5881037736e-05,6.4570963423e-05,4.0865271652e+01
-7.9564761278e-05,6.4529389914e-05,4.0977852051e+01
-7.3240709163e-05,6.4507117060e-05,4.1059326795e+01
-6.6911551729e-05,6.4506301063e-05,4.1099641415e+01
-6.0580152274e-05,6.4527931128e-05,4.1086903197e+01
-5.4249542716e-05,6.4574629714e-05,4.1006584823e+01
-4.7922908668e-05,6.4648572346e-05,4.0841551431e+01
-4.1603788786e-05,6.4752623912e-05,4.0571562755e+01
-3.5296049253e-05,6.4890768512e-05,4.0172927488e+01
-2.9003917631e-05,6.5065935332e-05,3.9618429517e+01
-2.2732291682e-05,6.5282383135e-05,3.8876930642e+01
-1.6486693849e-05,6.5545089173e-05,3.7913254074e+01
-1.0273282822e-05,6.5858136169e-05,3.6688115504e+01
-4.0993320988e-06,6.6226735515e-05,3.5158284806e+01
4.0098934592e-06,6.4919243886e-05,3.2673132359e+01
1.0098992577e-05,6.5417953162e-05,3.0250320103e+01
1.6115708246e-05,6.5983523887e-05,2.7381935066e+01
4.0638970013e-05,7.1289673345e-05,2.2180392027e+01
4.6665463762e-05,7.2341731366e-05,2.2171194393e+01
5.5104091937e-05,7.1707415730e-05,2.2207829839e+01
6.1371489226e-05,7.2953229314e-05,2.2239979708e+01
7.8222777500e-05,7.9196027150e-05,2.2389839836e+01
8.4187998483e-05,7.8154322941e-05,2.2490198030e+01
9.0997041765e-05,7.9881814618e-05,2.2590495917e+01
2.9641177551e-05,7.1646914484e-05,2.2207945101e+01
-1.3580754055e-04,6.5542030366e-05,3.9534920732e+01
2.5147748423e-04,5.2303590262e-05,1.6785978543e+01
9.8649617598e-05,8.4636317875e-05,2.2697267402e+01
1.0574540695e-04,8.6669098729e-05,2.2797813123e+01
1.1227697779e-04,8.5715145361e-05,2.2877622251e+01
1.1594991885e-04,8.6780844704e-05,2.2723989834e+01
2.6311041347e-04,1.1994163694e-04,1.3796994738e+01
2.8806764032e-04,1.0705469578e-04,1.3571453123e+01
-1.6740670521e-04,9.3105846389e-05,3.5183285492e+01
-1.8620776420e-04,5.8314512294e-05,3.9573975655e+01
-1.9509705815e-04,5.8892122363e-05,3.9182072097e+01
-2.9573223269e-04,4.5514694406e-05,1.9226575395e+01
-2.0042852698e-04,5.7320298137e-05,3.9213805729e+01
1.2390694096e-04,9.2163782120e-05,1.9895989170e+01
-3.0694532387e-04,1.6357461911e-05,1.7117751418e+01
3.2501060899e-04,2.4557344664e-05,1.5293423272e+01
3.3314906731e-04,2.5243948191e-05,1.4892906054e+01
3.3386620159e-04,2.8954088405e-05,1.4679575878e+01
-1.9893732281e-04,8.6152718528e-05,3.5998385534e+01
1.0429267082e-04,8.0698101876e-05,2.2777711742e+01
1.2256440978e-04,8.5768160067e-05,2.1121098098e+01
3.1554267444e-04,8.6387753608e-05,1.3408956234e+01
1.7965497703e-04,9.3054221287e-05,1.7066445159e+01
-2.0627298615e-04,8.5071833134e-05,3.6117837476e+01
-1.6199023769e-04,9.2614036821e-05,3.5181452854e+01
-1.2986361345e-04,9.8579973039e-05,3.4361297478e+01
-1.2260242853e-04,1.0023884141e-04,3.4151867428e+01
-1.1708701759e-04,9.9974866666e-05,3.4158748203e+01
-1.1155262842e-04,9.9738797886e-05,3.4180743436e+01
-1.0600144399e-04,9.9529796329e-05,3.4219715153e+01
-9.7648423304e-05,9.9266096816e-05,3.4314171895e+01
-9.2065732792e-05,9.9123145958e-05,3.4403908322e+01
-8.6474519015e-05,9.9006702439e-05,3.4517098430e+01
-7.9379387867e-05,1.0091228469e-04,3.4381649007e+01
-5.9901302337e-05,1.0085106984e-04,3.5071978888e+01
-5.4343206941e-05,1.0090548923e-04,3.5333534020e+01
-3.9821409228e-06,1.0568551120e-04,3.7317414008e+01
4.0152905462e-06,1.0669944020e-04,3.6935184588e+01
9.3062577598e-06,1.0750382995e-04,3.6449599554e+01
1.6464439320e-05,1.0666508599e-04,3.4719525000e+01
2.1716909859e-05,1.0775991478e-04,3.3436124919e+01
3.5189343074e-05,1.1362514457e-04,2.9362586242e+01
4.2235160117e-05,1.1398441727e-04,2.2975073728e+01
-2.1816824006e-05,1.0618242962e-04,3.6798500234e+01
5.4884234960e-05,1.1976976296e-04,1.9428238652e+01
2.3006783731e-05,1.1236338342e-04,3.5131809883e+01
4.6851885842e-05,1.1356358176e-04,2.0424690961e+01
6.5648778830e-05,1.2566369948e-04,2.0411150114e+01
7.4340895772e-05,1.2747983918e-04,2.1654491377e+01
8.0395185210e-05,1.2753358397e-04,2.2395586618e+01
8.6910822861e-05,1.3429343122e-04,2.0089990511e+01
9.3233463781e-05,1.3401827843e-04,1.9728747777e+01
9.9610678655e-05,1.3360998363e-04,1.9344277820e+01
-3.6133866287e-05,9.9334138574e-05,3.6572009610e+01
-4.7279421160e-05,9.9011772967e-05,3.6006966781e+01
1.0602783449e-04,1.3310321494e-04,1.8838345406e+01
1.0933601225e-04,1.3451662150e-04,1.8561632379e+01
1.1613476941e-04,1.4068180246e-04,1.8204950143e+01
1.2266713285e-04,1.4007213640e-04,1.7311286131e+01
1.2920660955e-04,1.3946917534e-04,1.7180063659e+01
6.0258124937e-05,1.2843772528e-04,1.9042710468e+01
1.2226722437e-04,1.3329293220e-04,1.7035978963e+01
1.3598880457e-04,1.4227357811e-04,1.7220760400e+01
1.4265415369e-04,1.4169665068e-04,1.7259417443e+01
1.4940580999e-04,1.4112239322e-04,1.7282139025e+01
9.9809189720e-05,1.4038441265e-04,1.9496914912e+01
-3.0069398879e-04,4.5499372188e-05,1.6809062902e+01
3.1937747470e-04,8.7163173269e-05,1.3243506785e+01
2.8416428179e-04,1.0618678410e-04,1.3707571139e+01
2.4007628190e-04,9.2275787774e-05,1.4964840461e+01
2.7470000968e-04,9.2975123725e-05,1.4304040064e+01
2.8146439348e-04,8.7036211465e-05,1.4325615336e+01
-2.1284217380e-04,7.9547970799e-05,3.6533230859e+01
-2.2021211996e-04,7.8599888799e-05,3.6592494251e+01
1.6245042982e-04,9.7895675091e-05,1.7131878434e+01
1.5626612505e-04,1.4054869919e-04,1.7276023508e+01
1.6324441436e-04,1.3994055837e-04,1.7226026954e+01
1.6687549682e-04,1.4144042508e-04,1.7200192741e+01
1.3049713320e-04,9.1143110709e-05,1.8494409171e+01
-2.2525654673e-04,7.9567050591e-05,3.6539771287e+01
-3.1308189309e-04,1.7527317519e-05,1.7130119870e+01
7.3470076244e-05,7.3169820954e-05,2.2369589331e+01
3.6479707741e-04,3.1800185796e-05,1.2335338226e+01
2.9534812484e-04,1.0490200586e-04,1.3430239939e+01
3.6392609285e-04,2.3637958380e-05,1.2103908975e+01
3.4048769875e-04,2.2118670288e-05,1.4581675031e+01
2.9529854064e-04,1.8345846063e-05,1.7058237819e+01
-2.0485222398e-04,5.1790595595e-05,3.9803901724e+01
2.7074222097e-04,9.2115027743e-05,1.4402404494e+01
2.5817890714e-04,8.5695506800e-05,1.4791124040e+01
2.8784969700e-04,3.7797258101e-05,1.5891604884e+01
-1.8771157189e-04,4.5288526189e-05,4.1781542852e+01
9.7752244101e-05,1.1341001850e-04,2.2901460069e+01
1.6230360601e-04,1.2547656057e-04,1.7147255874e+01
1.4860442184e-04,7.7907112419e-05,1.7351716867e+01
-2.3859611774e-04,4.4807330568e-05,3.7676859977e+01
-2.4423005380e-04,4.5490074531e-05,3.6883239133e+01
2.2590426279e-04,7.8000314680e-05,1.5950839379e+01
-1.5594783947e-04,5.1495101610e-05,4.1859291347e+01
-1.4954536244e-04,5.1316768485e-05,4.2103336179e+01
-1.2275893193e-04,2.4189761408e-05,4.8828823993e+01
7.2097134353e-05,1.0595527485e-04,2.1648329541e+01
6.6501555557e-05,1.0645024781e-04,2.1358132619e+01
-9.3352556050e-05,2.4118391526e-05,4.9250436559e+01
-2.5144452161e-04,6.4799767263e-05,3.6751104199e+01
-2.5617677248e-04,6.6145552969e-05,3.6704959757e+01
-2.4415596340e-04,7.2358054596e-05,3.6996200881e+01
-5.9565594363e-05,8.5067657776e-05,3.7683687598e+01
1.3591916577e-04,3.0330162900e-05,2.2880937020e+01
-4.7825430274e-05,8.5210227380e-05,3.7966796197e+01
-3.6113151889e-05,8.5503330854e-05,3.8063669026e+01
9.5907844125e-06,2.4754879720e-05,3.7886161980e+01
1.8805565677e-04,1.2779694221e-04,1.6959665122e+01
1.9233326087e-04,1.3295134692e-04,1.5658790813e+01
1.8875025517e-04,1.3536312082e-04,1.6076949537e+01
2.0013848928e-04,1.3562447961e-04,1.4922725853e+01
1.9293883381e-04,1.4054634380e-04,1.5153278959e+01
2.0044502388e-04,1.3943679070e-04,1.4706193998e+01
2.0434433900e-04,1.4072857722e-04,1.4483047966e+01
2.0761005984e-04,1.3436041259e-04,1.4643852756e+01
2.1151946128e-04,1.3558903171e-04,1.4473150893e+01
2.1185513341e-04,1.3940138379e-04,1.4321596982e+01
-1.7338677729e-04,7.9186824444e-05,3.6706888084e+01
-3.2640664737e-04,2.4536539829e-05,1.7153676946e+01
2.3742456690e-04,1.2823203208e-04,1.4114298621e+01
2.3348998536e-04,1.2716805991e-04,1.4226902802e+01
-1.3706448518e-04,8.4848771166e-05,3.6100664378e+01
-2.6885771325e-04,5.7864308102e-05,3.4988389624e+01
2.0045500964e-04,1.0651612491e-04,1.6246868463e+01
-1.8014920072e-04,1.8154888810e-05,4.7438070461e+01
-1.5426861555e-04,3.7496476103e-05,4.4897530391e+01
-1.2969189859e-04,3.2258850032e-05,4.6907554195e+01
-1.0481983686e-04,3.2121995558e-05,4.7492353736e+01
-9.7683123000e-05,3.2096609458e-05,4.7574241306e+01
-7.9801668581e-05,3.2064167816e-05,4.7543774218e+01
-7.2638411198e-05,3.2064596451e-05,4.7412420430e+01
2.1913863576e-05,3.6820175599e-05,3.1410088482e+01
2.8652300698e-05,3.7077323029e-05,2.9106682760e+01
3.5322937485e-05,3.7351506509e-05,2.6803942043e+01
4.1919084445e-05,3.7639922891e-05,2.4603530616e+01
4.8437497506e-05,3.7940710080e-05,2.2441914388e+01
5.4995710796e-05,3.8294078093e-05,2.2451343330e+01
6.0838391246e-05,3.6738861285e-05,2.2476696022e+01
6.7580248778e-05,3.7169453427e-05,2.2500412562e+01
7.4415038711e-05,3.7674990879e-05,2.2540172908e+01
7.7870496525e-05,3.7953310123e-05,2.2561715905e+01
8.4855886122e-05,3.8571807261e-05,2.2612408192e+01
1.1094946022e-04,4.3772296412e-05,2.2810193994e+01
1.1844182087e-04,4.4800102975e-05,2.2861571198e+01
1.2223341756e-04,4.5341664572e-05,2.2894242488e+01
1.2910106887e-04,4.3872626514e-05,2.2988325092e+01
1.3683531316e-04,4.5005977917e-05,2.1909390779e+01
1.5685256151e-04,5.0917582777e-05,1.9058730968e+01
1.6069084822e-04,5.1595642858e-05,1.8659246779e+01
1.6836557374e-04,5.2972809123e-05,1.7986289762e+01
1.7535866901e-04,5.1398062712e-05,1.7690684116e+01
1.7920986284e-04,5.2076801262e-05,1.7470481875e+01
1.0436280548e-04,4.5232999772e-05,2.2760533760e+01
9.3514498252e-05,4.3847355183e-05,2.2672005930e+01
9.4970178355e-06,3.8115438607e-05,3.4998633352e+01
1.4375677034e-04,4.3504442367e-05,2.1063005799e+01
1.8051102141e-04,5.8087339813e-05,1.7053197200e+01
1.3558321194e-04,1.3543198330e-04,1.7225331044e+01
-1.7460936334e-04,3.7850379594e-05,4.3900731960e+01
-2.6399661280e-04,3.7823123079e-05,3.1836591129e+01
6.6836245098e-05,9.3656924099e-05,2.1895548372e+01
-1.3115949302e-04,7.8692324363e-05,3.7155459546e+01
1.5451928202e-04,9.2102688873e-05,1.7154154312e+01
1.4777638531e-04,9.3273830078e-05,1.7146519387e+01
2.1952579253e-04,6.6015202769e-05,1.7029881989e+01
2.1808481799e-04,5.9072212402e-05,1.7102540584e+01
2.1411948855e-04,5.8295141872e-05,1.7119578186e+01
2.0625409685e-04,5.6823116919e-05,1.7119280933e+01
2.2535985748e-04,5.7252885803e-05,1.7083131691e+01
-2.7051367234e-04,3.0319378932e-05,2.7810146507e+01
2.1917904663e-04,1.0483124762e-04,1.5205409331e+01
2.6867157663e-04,2.3004480143e-05,1.7832578523e+01
2.6468619207e-04,2.2766189234e-05,1.8127379533e+01
2.4384290718e-04,1.8397398312e-05,1.9252130052e+01
2.3981944497e-04,1.8068846295e-05,1.9228952329e+01
2.3181265838e-04,1.7405306953e-05,1.9216050859e+01
2.2385011097e-04,1.6745885285e-05,1.9262429763e+01
2.1988251778e-04,1.6421178149e-05,1.9289120206e+01
2.1261003492e-04,1.8393505510e-05,1.9094532397e+01
2.0471559388e-04,1.7711116571e-05,1.9241300911e+01
2.0077553050e-04,1.7379703199e-05,1.9347810314e+01
1.9290305336e-04,1.6739578298e-05,1.9606678101e+01
1.8896933537e-04,1.6431678784e-05,1.9762982297e+01
1.2932009590e-04,1.1393249509e-05,2.2841993712e+01
1.1772444187e-04,1.1206837617e-05,2.2932657582e+01
1.1005914309e-04,1.1128252649e-05,2.2952972051e+01
9.8661048577e-05,1.1066225148e-05,2.2927462885e+01
9.1126949065e-05,1.1050138549e-05,2.3084604909e+01
7.9841935952e-05,1.1009864368e-05,2.4232654143e+01
7.2304815775e-05,1.0971946177e-05,2.5412912172e+01
6.0966905049e-05,1.0905193282e-05,2.7687416899e+01
5.3383955936e-05,1.0856642332e-05,2.9461565120e+01
4.1971513351e-05,1.0781119668e-05,3.2378287071e+01
3.4338298875e-05,1.0730684725e-05,3.4415590403e+01
2.2853378284e-05,1.0657415868e-05,3.7479957791e+01
1.5175392753e-05,1.0611455205e-05,3.9458107140e+01
3.6305692288e-06,1.0548556893e-05,4.2227293827e+01
-4.0817720617e-06,1.0511320695e-05,4.3897798844e+01
-1.5669116598e-05,1.0462775059e-05,4.6093973364e+01
-2.3403962043e-05,1.0436088023e-05,4.7340084530e+01
-2.7273620096e-05,1.0423765323e-05,4.7897578413e+01
-3.5016649291e-05,1.0402990284e-05,4.8884224214e+01
-4.2763201115e-05,1.0385543227e-05,4.9707164594e+01
-4.6637382242e-05,1.0378086010e-05,5.0060612373e+01
-5.4386835829e-05,1.0365542736e-05,5.0659291291e+01
-6.6011699590e-05,1.0352061210e-05,5.1312057532e+01
-7.3760740038e-05,1.0346190960e-05,5.1603563020e+01
-8.5381047454e-05,1.0341391772e-05,5.1857622108e+01
-9.3124802624e-05,1.0340531974e-05,5.1921863175e+01
-9.6995513177e-05,1.0340734931e-05,5.1926330327e+01
-1.0473429172e-04,1.0342284662e-05,5.1885535510e+01
-1.1246909477e-04,1.0345266404e-05,5.1784771097e+01
-1.1633485122e-04,1.0347257442e-05,5.1713914025e+01
-1.2406285907e-04,1.0351785725e-05,5.1534505206e+01
-1.3564464238e-04,1.0362000528e-05,5.1177348464e+01
-1.4335841986e-04,1.0370107267e-05,5.0883524055e+01
-1.5491631000e-04,1.0384767252e-05,5.0358769717e+01
-1.6261199427e-04,1.0396275890e-05,4.9949515023e+01
2.7141504744e-04,1.7348025462e-05,1.8542311769e+01
2.5528902392e-04,1.6449572636e-05,1.9643527129e+01
1.6002203648e-04,1.0423032426e-05,2.1668514114e+01
-1.7413933046e-04,1.0415862108e-05,4.9234530134e+01
1.4424520437e-04,9.9305542125e-06,2.2389951870e+01
8.6415201215e-05,9.4323076470e-06,2.3709207443e+01
-9.6376556096e-06,8.9761479922e-06,4.5272122838e+01
9.7202482149e-05,7.8841451907e-05,2.2683220101e+01
-1.2342349828e-04,8.0335784608e-05,3.6979727837e+01
-1.1164643791e-04,7.9954090940e-05,3.7248610124e+01
-7.2911517675e-05,7.9319475189e-05,3.8310330149e+01
-4.1700950960e-05,9.9151148832e-05,3.6291697772e+01
2.9065585949e-05,9.1509607107e-06,3.6160209451e+01
4.0211211454e-05,8.6396714800e-05,2.1914789220e+01
-7.9686654071e-05,8.8519978019e-06,5.2025179802e+01
-1.3022799130e-04,8.8597986250e-06,5.1630320853e+01
1.2470302983e-04,9.5851776767e-06,2.2738527504e+01
-1.8181192568e-04,1.0430800994e-05,4.8679198246e+01
-1.8564342666e-04,1.0440293727e-05,4.8373816155e+01
-1.9329615567e-04,1.0462422530e-05,4.7699200268e+01
-2.0093532625e-04,1.0485648974e-05,4.6925539906e+01
-2.0474851478e-04,1.0498906970e-05,4.6494828383e+01
-2.3891956657e-04,5.7561964457e-05,3.7273866883e+01
1.7977653163e-04,1.1319151933e-05,2.0657466851e+01
-2.0501590307e-04,3.1654781388e-05,4.2980216215e+01
2.9977489713e-04,5.7461273001e-05,1.4780384772e+01
2.5062386954e-04,6.6137250684e-05,1.5614794893e+01
-1.1154932857e-04,4.3761961496e-05,4.4828450213e+01
-1.8111458568e-04,3.1165864016e-05,4.4871327857e+01
3.4124507576e-04,5.2452515496e-05,1.3500200030e+01
3.6012757978e-04,2.3357468551e-05,1.2509747992e+01
1.8082288161e-04,1.0034570974e-04,1.7038656649e+01
2.4976733230e-04,1.0560883784e-04,1.4449603548e+01
1.5751455633e-04,1.1326623189e-04,1.7149337266e+01
-1.1799008810e-04,8.5993296767e-05,3.6094529350e+01
3.3458672701e-04,5.9160595104e-05,1.3586446522e+01
-2.0624307294e-04,5.7783871648e-05,3.8914903382e+01
-2.1236072691e-04,1.0528623700e-05,4.5529482827e+01
-2.1995147888e-04,1.0562575553e-05,4.4398514169e+01
-2.2373729941e-04,1.0581700546e-05,4.3758946393e+01
-2.3128238258e-04,1.0630935779e-05,4.2301174313e+01
-2.3879114996e-04,1.0687984467e-05,4.0556749831e+01
9.1425857664e-05,1.1384749378e-04,2.2440670348e+01
1.2458373102e-04,1.2098739695e-04,1.7195961667e+01
-2.4558671109e-04,9.1652788373e-06,3.8816002449e+01
-2.6326808459e-04,4.4324430483e-05,3.3118888018e+01
-3.3495127750e-04,1.6314305776e-05,1.7050383849e+01
2.1970506375e-04,1.4176479834e-04,1.4047938636e+01
2.3827317449e-04,1.3585651972e-04,1.3844528424e+01
-2.3246549481e-04,7.8836414207e-05,3.6624819252e+01
1.7436617220e-04,1.4818050976e-04,1.7113230910e+01
1.6712072677e-04,1.4868024242e-04,1.7289247783e+01
3.2750029089e-04,1.7609599955e-05,1.5622600014e+01
3.1925667176e-04,1.6937937081e-05,1.5935621892e+01
3.1985902399e-04,9.1109349148e-05,1.3084402472e+01
-1.5667999139e-04,3.0852413763e-05,4.6215163363e+01
-1.3548962071e-04,3.0670650683e-05,4.7071154258e+01
-5.2870940696e-05,3.0504143863e-05,4.6863380004e+01
2.6998584741e-04,1.1414449384e-04,1.3814676535e+01
2.7095864324e-04,1.2182302041e-04,1.3531806737e+01
1.8176729739e-04,1.8224556905e-05,1.9861291785e+01
1.8677984228e-04,9.1741034213e-05,1.7036681142e+01
2.0497265580e-04,5.0629817731e-05,1.7046294638e+01
2.4573434143e-04,1.3412303465e-04,1.3730227130e+01
2.7186234653e-04,9.9731208087e-05,1.4183144722e+01
2.3717522790e-04,2.3383544600e-05,1.8638764862e+01
2.8691289136e-04,5.1778466784e-05,1.5312918184e+01
2.7750321418e-04,8.6214471454e-05,1.4427877974e+01
2.4927503621e-04,2.4491817613e-05,1.8546717701e+01
-1.8800899596e-04,3.1283060999e-05,4.4399413755e+01
2.3271112115e-04,9.4020647054e-05,1.5098273165e+01
-3.3831095894e-04,1.7072174136e-05,1.7076121763e+01
1.6997436969e-04,1.7304514814e-05,2.0572447213e+01
1.6210441633e-04,1.6747373723e-05,2.1137696835e+01
3.0764392939e-04,3.6979622260e-05,1.5298266220e+01
3.3851935979e-04,3.3067842296e-05,1.4264139048e+01
1.7409488637e-04,1.4078866003e-04,1.7095207489e+01
3.4160705754e-05,1.0019687745e-04,2.1293149453e+01
3.1511613330e-04,1.6566609613e-05,1.6413955427e+01
6.7346689004e-05,1.1218120615e-04,2.1150063292e+01
-1.4255816432e-04,3.0729003268e-05,4.6812459336e+01
-1.2480306683e-04,3.0601000578e-05,4.7407245180e+01
-1.1765710513e-04,3.0561980503e-05,4.7593393421e+01
-1.1049652506e-04,3.0528703745e-05,4.7745262230e+01
-6.0108775155e-05,3.0477011771e-05,4.7275315176e+01
2.0094949649e-04,1.4705442770e-04,1.4280945337e+01
3.3974840722e-04,1.8424124516e-05,1.4838126259e+01
-3.0877769009e-04,4.4640774336e-05,1.7382147647e+01
-2.5716552196e-04,5.2152837283e-05,3.5366025217e+01
1.8800100240e-04,9.9094182492e-05,1.7007950609e+01
-2.4977488040e-04,4.4152727960e-05,3.5974133159e+01
-2.3909152731e-04,6.4264991720e-05,3.7126852961e+01
2.6355522572e-04,7.2435567016e-05,1.5086687971e+01
-1.7999872618e-04,6.5692315676e-05,3.8555948755e+01
3.2575050210e-04,5.0262619362e-05,1.4223727576e+01
-2.2562736377e-04,5.7758575094e-05,3.8020545195e+01
-1.3098901656e-04,1.0691932383e-04,3.3710273210e+01
1.8181883142e-04,1.4755042404e-04,1.6939751333e+01
-3.5890746854e-04,2.3036277410e-05,1.2479029303e+01
2.7830405340e-04,1.1982331331e-04,1.3398988933e+01
3.6517809678e-04,3.5960210781e-05,1.2356222155e+01
2.4967714769e-04,1.3513980008e-04,1.3592038149e+01
3.1268562931e-04,9.3440379755e-05,1.3264353027e+01
2.5572813379e-04,1.2184421909e-04,1.3909221604e+01
2.6796408438e-04,3.8197612032e-05,1.7005720306e+01
-2.1216441481e-04,4.4596677874e-05,4.0352212830e+01
2.0549784954e-04,1.1531346052e-04,1.5512427479e+01
-2.5584236832e-04,2.4821539533e-05,3.4104091717e+01
-1.3005930431e-04,5.0905914824e-05,4.2775357397e+01
-1.0982603989e-04,7.2306629731e-05,3.8757548803e+01
-1.1204092986e-04,1.0590171222e-04,3.3556728005e+01
-8.5900002706e-05,1.0712698275e-04,3.3419136365e+01
-8.6792596160e-05,1.1335079571e-04,3.2821660714e+01
1.1637798944e-04,1.4740538233e-04,1.8584060555e+01
8.6910417038e-05,1.4110798968e-04,2.0092617108e+01
1.1815000418e-04,1.2169835544e-04,1.7116783565e+01
2.3139483150e-04,8.6498575174e-05,1.5394581864e+01
-1.3635425670e-04,1.0728034442e-04,3.3777041538e+01
5.9917038120e-05,1.3451195961e-04,1.7649712705e+01
6.1088819768e-05,1.0693847663e-04,2.1090963289e+01
-1.1892254072e-04,7.2538256218e-05,3.8512827564e+01
-1.2495641154e-04,7.2717796319e-05,3.8355192943e+01
2.1189538394e-04,8.4902514429e-05,1.6672583220e+01
-7.8748618360e-05,1.1321042929e-04,3.2825520922e+01
-7.3387094763e-05,1.1315491239e-04,3.2865166102e+01
-6.5352248720e-05,1.1313114764e-04,3.2994439831e+01
-6.0003902229e-05,1.1315675962e-04,3.3136738794e+01
-5.4664780541e-05,1.1321754980e-04,3.3332427992e+01
-4.6678243397e-05,1.1337930195e-04,3.3742718347e+01
-4.1371877824e-05,1.1353797241e-04,3.4104482981e+01
-3.6082431458e-05,1.1374100328e-04,3.4543014505e+01
-2.8184677480e-05,1.1413705867e-04,3.5346932539e+01
-2.2946782825e-05,1.1446883014e-04,3.5972175771e+01
3.6009513453e-06,1.1948481253e-04,3.9465756520e+01
8.6153478413e-06,1.2020797252e-04,4.0124532944e+01
1.5363800718e-05,1.1940993688e-04,4.0126330667e+01
2.2738097947e-05,1.2111172310e-04,4.1007054373e+01
-3.1226906364e-06,1.2069823185e-04,3.9292652099e+01
3.4999178704e-05,1.2719902898e-04,4.5246443645e+01
5.3078512828e-05,1.0637149456e-04,2.0896153182e+01
-1.6019586969e-04,3.0889695514e-05,4.6047885619e+01
1.4881973665e-04,1.0011786366e-04,1.7162054220e+01
-8.5470343139e-05,9.3002590641e-05,3.5506063445e+01
-1.1103217800e-04,9.3669931102e-05,3.4981850250e+01
9.8399331668e-05,9.8681107709e-05,2.2645500960e+01
-2.3093105426e-04,3.0793310951e-05,3.9900452108e+01
2.7539602254e-04,1.7517727090e-05,1.8086240940e+01
-2.8196019429e-04,9.8735292211e-06,1.9793142591e+01
-2.8873554057e-04,1.0210786837e-05,1.7151324146e+01
2.8724319252e-04,1.7959553378e-05,1.7069913776e+01
-2.1176598765e-04,7.2882398984e-05,3.7094401049e+01
3.5891097014e-04,1.5559215588e-05,1.2247955921e+01
9.2883399059e-05,1.2721362413e-04,2.0593007609e+01
-1.3096310996e-04,7.2918170711e-05,3.8202857364e+01
3.0098633403e-04,4.3231194263e-05,1.5251284228e+01
4.1710329292e-05,1.2767194465e-04,3.6677131807e+01
-2.1332194476e-04,5.0458967486e-05,3.9492269793e+01
-2.1230081388e-04,1.6802494049e-05,4.4604928641e+01
-2.6419685015e-04,9.3894072980e-06,3.1366932362e+01
2.7012829961e-04,1.1550444622e-05,1.9825077039e+01
2.8842403232e-05,9.8792396206e-05,2.5517096339e+01
2.1530662704e-05,9.9249943985e-05,3.0006530344e+01
-4.0995192157e-06,9.3402797735e-05,3.6208165936e+01
-9.7197765257e-06,9.2880754336e-05,3.6827792515e+01
-1.5366638764e-05,9.2437194566e-05,3.7229502686e+01
-2.2757791210e-05,9.3950499883e-05,3.7410710861e+01
-2.8412295439e-05,9.3653678402e-05,3.7400243453e+01
-3.4082898897e-05,9.3411623097e-05,3.7303651560e+01
-4.2613408730e-05,9.3139377964e-05,3.7053270800e+01
-4.8313285771e-05,9.3011728492e-05,3.6845366019e+01
-5.4020730489e-05,9.2922647666e-05,3.6622543335e+01
-5.9733453308e-05,9.2868926954e-05,3.6396092842e+01
-6.5449186191e-05,9.2847878268e-05,3.6174394425e+01
-7.4023471172e-05,9.2872833953e-05,3.5863376959e+01
1.0978717570e-04,1.4799031179e-04,1.9002126622e+01
4.0826423998e-05,7.9949403159e-05,2.2059217050e+01
1.3650798798e-04,8.6802331561e-05,1.7989590297e+01
-2.7143528312e-04,9.5405516587e-06,2.7255781389e+01
3.5941779433e-04,5.1462051752e-05,1.2528837613e+01
-3.3345664628e-04,3.6866738267e-05,1.7214385672e+01
2.8220955410e-04,1.2073658718e-04,1.3247372861e+01
-3.4461038917e-04,3.2501348279e-05,1.4095762100e+01
-9.2153066810e-05,1.1348159732e-04,3.2849319232e+01
2.0487233481e-04,1.4833640493e-04,1.4109674174e+01
1.8568966970e-04,1.4906142600e-04,1.5266008638e+01
-1.9320856759e-04,9.4014669790e-05,3.5413256613e+01
3.1365450987e-04,1.0130503620e-04,1.2938060533e+01
-3.1394745633e-04,4.5217629942e-05,1.7449467994e+01
-2.5823020252e-04,7.1758241478e-05,3.7141347918e+01
3.4703026674e-04,1.5100849894e-05,1.4191339575e+01
-9.7509403193e-05,1.1364204114e-04,3.2896383561e+01
1.0558930806e-04,1.2632416296e-04,1.8949934815e+01
7.9866039575e-05,1.2090802234e-04,2.1997127889e+01
5.4847690469e-05,1.3370900890e-04,7.7514819034e+00
-2.5728087391e-04,1.0907670133e-05,3.4447037651e+01
2.6339052950e-04,9.4149218981e-05,1.4484161561e+01
-3.1519949728e-04,3.8173116227e-05,1.7334012770e+01
2.2722501779e-04,1.4022530090e-04,1.3936387470e+01
1.8191191484e-04,1.0773561724e-04,1.7018301468e+01
2.2469978713e-04,9.1920134124e-05,1.5436650395e+01
2.6395886014e-04,9.7949749981e-05,1.4380209398e+01
-3.1037271124e-06,1.1422288129e-04,3.8122091729e+01
2.3731176497e-04,9.8825011015e-05,1.4849015189e+01
3.2849749605e-04,4.3161279269e-05,1.4361702748e+01
3.3244462387e-04,4.3638168934e-05,1.4184775564e+01
2.8282307793e-04,5.1099508138e-05,1.5447003106e+01
2.5261874296e-04,9.8972055054e-05,1.4554813898e+01
-2.2422463102e-04,4.5444346750e-05,3.9223779180e+01
8.0531661033e-05,1.4124205887e-04,2.0349143581e+01
8.5241742456e-05,1.1423228214e-04,2.2206905187e+01
-1.4786068771e-04,7.1682974345e-05,3.8137091982e+01
3.1428890015e-04,3.0633666000e-05,1.5365260078e+01
-1.6881024191e-04,5.9313150210e-05,3.9927328185e+01
2.3734976599e-04,7.7277012225e-05,1.5552419703e+01
-3.0214133593e-04,1.1145283840e-05,1.7073311992e+01
-1.9274190890e-04,5.1070049982e-05,4.0518990970e+01
-1.6720452305e-04,3.0971145023e-05,4.5690428921e+01
-2.7591946681e-04,4.5241840863e-05,2.9563482068e+01
2.7539993013e-04,5.3357961599e-05,1.5540033572e+01
3.0106848550e-04,2.5585078888e-05,1.6307016624e+01
-3.4550053671e-04,1.1574669763e-05,1.7147925458e+01
-1.2968165783e-04,9.2475115256e-05,3.5065737250e+01
1.4213166736e-04,1.0116852288e-04,1.7160079881e+01
-2.5781415935e-04,4.5480421402e-05,3.4528182478e+01
-2.8323984472e-04,2.3802370943e-05,1.7484523081e+01
1.2859352415e-04,9.9852199006e-05,1.7448875733e+01
-1.7527059573e-04,1.6566948173e-05,4.8061762416e+01
-1.7485883396e-04,5.2120680487e-05,4.1074160385e+01
-2.4993480520e-04,1.0801094054e-05,3.7249776936e+01
1.8554104360e-04,6.5070561872e-05,1.7119623726e+01
1.6646520189e-04,1.3416845416e-04,1.7151727890e+01
1.3165473594e-04,1.2714695701e-04,1.7214576309e+01
2.5711298741e-04,1.3331657772e-04,1.3469052355e+01
-3.2055811925e-04,1.6267904442e-05,1.7104925512e+01
-3.2135344289e-04,4.3183783160e-05,1.7422697174e+01
1.0319071683e-04,1.4853321905e-04,1.9307184877e+01
2.2399402532e-04,1.4669881530e-04,1.3737247306e+01
-1.4348493497e-04,1.0571040702e-04,3.3974774264e+01
2.7535432386e-04,1.2660259369e-04,1.3221058483e+01
3.2745235099e-04,9.2737925297e-05,1.2718843191e+01
2.8366004382e-05,1.2726545964e-04,4.8942737610e+01
-3.0821246568e-04,5.1011824497e-05,2.0744046606e+01
-1.1085662825e-04,1.1424653139e-04,3.3076256904e+01
7.4232584820e-05,1.4115191686e-04,2.0494369658e+01
3.3410716292e-04,1.0824642204e-05,1.5833808593e+01
3.6302464170e-04,5.2174521474e-05,1.2290872432e+01
3.7231193904e-04,3.7171058789e-05,1.1870950258e+01
-2.3058751397e-04,5.2110461452e-05,3.8110744230e+01
3.5817512717e-04,1.1770069574e-05,1.2095968344e+01
3.6603467704e-04,1.1952268208e-05,1.0531086461e+01
3.4629007481e-04,1.1309006168e-05,1.4471289268e+01
3.1351993463e-04,9.5804598602e-06,1.6951022103e+01
3.0945586862e-04,9.4360962694e-06,1.7052501499e+01
2.9333080693e-04,9.1852724104e-06,1.7306396617e+01
2.8932253310e-04,9.1831360436e-06,1.7230221407e+01
2.7684569488e-04,1.0827324602e-04,1.3829141453e+01
4.8322884510e-05,1.2635341452e-04,2.8221674548e+01
2.3117041703e-04,1.4132435885e-04,1.3800666379e+01
-3.6647626462e-04,1.1055672555e-05,1.3959520089e+01
2.1151179591e-04,4.5819131228e-05,1.7092067464e+01
1.8914861706e-04,1.0653986873e-04,1.6981421231e+01
2.4878670426e-04,1.2750548880e-04,1.3888400080e+01
3.0883534953e-04,9.2638679734e-05,1.3424589069e+01
1.8940279647e-04,8.5616589800e-05,1.7050663285e+01
2.8424928264e-04,8.0243166941e-05,1.4454602171e+01
-2.9596379477e-04,3.7286132901e-05,1.7259675485e+01
-2.6213093936e-04,2.3387459699e-05,3.1572442259e+01
3.3417547086e-04,8.6484076574e-05,1.2665367269e+01
-2.8284501875e-04,3.7572203980e-05,2.2263999061e+01
-1.1747784409e-04,1.0615498472e-04,3.3585486178e+01
-1.3658635124e-04,5.1028098788e-05,4.2561121577e+01
6.8060660302e-05,1.4075111975e-04,2.0941623650e+01
2.0055640305e-04,8.5282197999e-05,1.6993110578e+01
9.3298437352e-05,1.4753472087e-04,1.9748795722e+01
6.5498177652e-05,1.3524945132e-04,2.0290002750e+01
1.2507222021e-04,9.8681887842e-05,1.8520578264e+01
-1.6956702893e-04,9.9661018938e-05,3.4733248849e+01
-2.4281793749e-04,2.4137097947e-05,3.8107266989e+01
-2.3948101037e-04,2.4005892231e-05,3.8925485465e+01
-2.7486942303e-04,3.7788838129e-05,2.7214280581e+01
1.3631534922e-04,1.4903899337e-04,1.7059246436e+01
-1.3693924591e-04,7.3141198307e-05,3.8055975775e+01
3.3912777729e-04,3.6875336022e-05,1.4098551539e+01
2.5732264215e-04,2.5141349824e-05,1.8153394825e+01
2.2996860950e-04,7.9019916299e-05,1.5762501858e+01
-2.0040487877e-04,9.2920431818e-05,3.5574106519e+01
1.5536539437e-04,1.2629086906e-04,1.7190091890e+01
1.9462333709e-04,9.4070888284e-05,1.6992841639e+01
-2.6833286492e-04,2.3915991167e-05,2.8482514493e+01
1.9550678568e-04,1.2669730505e-04,1.5762677267e+01
2.1460362469e-04,9.9918431944e-05,1.5585528177e+01
-2.1935289937e-04,7.1844218073e-05,3.7087647894e+01
3.7133577499e-04,2.4324971777e-05,1.1452087383e+01
3.7791195794e-04,1.6597225996e-05,9.8625151006e+00
3.7843323095e-04,2.5307808795e-05,1.1080860005e+01
-1.0394674828e-04,5.9367442922e-05,4.1583747710e+01
-7.3531863726e-05,5.7359434824e-05,4.2428222144e+01
-1.9384902143e-04,6.4735152119e-05,3.8375372600e+01
2.6466367943e-04,5.8424733658e-05,1.5580512622e+01
3.5005725572e-05,7.8818016098e-05,2.2099670431e+01
2.9243591355e-05,7.7791750211e-05,2.2136712495e+01
2.1562023296e-05,7.8600760557e-05,2.3755272368e+01
-3.0032728424e-05,7.2409407165e-05,3.9029712913e+01
-3.6159049457e-05,7.2221393798e-05,3.9414065440e+01
-4.2299401634e-05,7.2073707988e-05,3.9663421725e+01
-4.8450104469e-05,7.1964048842e-05,3.9804281299e+01
-5.4607510781e-05,7.1886722974e-05,3.9859599992e+01
-6.0768476729e-05,7.1838951876e-05,3.9848377768e+01
-6.6930045374e-05,7.1819775504e-05,3.9786122487e+01
-7.3089366315e-05,7.1825097193e-05,3.9686159396e+01
-7.9243740178e-05,7.1853691419e-05,3.9558969877e+01
-8.5390541400e-05,7.1904023159e-05,3.9413087864e+01
-9.1527155010e-05,7.1975323650e-05,3.9255214038e+01
-9.8874945459e-06,7.1494764210e-05,3.6390738625e+01
-1.3527692398e-04,9.2775810609e-05,3.5030000952e+01
-1.0537514231e-04,9.3477820269e-05,3.5066008665e+01
-2.0090918240e-04,2.9840496613e-05,4.3662487634e+01
2.3876601954e-04,8.4754263593e-05,1.5231555522e+01
-1.8197444340e-04,7.1793950463e-05,3.7616976384e+01
2.2684972462e-04,6.4269799993e-05,1.6979277193e+01
1.7595938257e-04,7.2264374804e-05,1.7136210192e+01
-1.8794909248e-04,3.8165987351e-05,4.3094232192e+01
3.4065177591e-04,7.9892101956e-05,1.2612484960e+01
2.6205491775e-04,1.1191783387e-05,2.0471624039e+01
2.5798621741e-04,1.0986842468e-05,2.0479091716e+01
5.3394350836e-05,8.5041657081e-05,2.1965520888e+01
-9.9702510745e-05,9.3310739377e-05,3.5167975198e+01
3.2581923072e-04,1.0362268193e-05,1.6464593653e+01
5.9430305742e-05,8.6599761130e-05,2.1980711632e+01
3.1315943877e-04,4.4893300836e-05,1.4823545764e+01
-1.9883615053e-04,5.1409723726e-05,4.0170565763e+01
2.4991482741e-04,1.0531188254e-05,2.0403657452e+01
2.4589457300e-04,1.0308333455e-05,2.0372540580e+01
6.8040737735e-05,8.6503343486e-05,2.2113644928e+01
7.3735861015e-05,8.5570162669e-05,2.2236060036e+01
4.6433731828e-05,9.9352852509e-05,2.1321553368e+01
2.3787795783e-04,9.8654702719e-06,2.0335284330e+01
3.4751755284e-04,7.3255792257e-05,1.2513951320e+01
2.8122643186e-04,4.3782439966e-05,1.5828855515e+01
2.2992001196e-04,9.4236806000e-06,2.0303525244e+01
2.2595793425e-04,9.2062204848e-06,2.0301486462e+01
1.9325727392e-04,6.6721650291e-05,1.7129608132e+01
2.0431699487e-04,6.5933103164e-05,1.7105657569e+01
2.7129143452e-04,5.2619841674e-05,1.5666786839e+01
-2.6283734653e-04,7.0919961245e-05,3.7207583398e+01
2.2994494233e-04,1.0053126062e-04,1.4983184152e+01
-1.7417781044e-04,3.1062858196e-05,4.5299730152e+01
2.8700189907e-04,7.3449467659e-05,1.4590091811e+01
3.7753705040e-04,1.2399803673e-05,8.7951232215e+00
2.9504937759e-04,5.3092820187e-05,1.5052303933e+01
1.1055888167e-04,4.7241231585e-06,2.2571201146e+01
9.1036127627e-05,4.7084551013e-06,2.3837924859e+01
2.6502642600e-04,1.0557601468e-04,1.4167366174e+01
2.6896766067e-04,1.0648474052e-04,1.4061621268e+01
7.9330397893e-05,4.6917541888e-06,2.5397354209e+01
5.9795672020e-05,4.6494946081e-06,2.9268762988e+01
4.0293881487e-05,4.5790314541e-06,3.4137696573e+01
2.8431409213e-05,4.5704737124e-06,3.7253326286e+01
8.7621923050e-06,4.5248766162e-06,4.2172467200e+01
-3.0577848182e-06,4.5010716002e-06,4.4769207303e+01
-2.2779226044e-05,4.4686412260e-06,4.8272863746e+01
-3.4620428161e-05,4.4526930386e-06,4.9850967458e+01
-5.4361670692e-05,4.4354915403e-06,5.1670734915e+01
-6.6206860925e-05,4.4281547985e-06,5.2342007550e+01
-8.5946205145e-05,4.4202254230e-06,5.2903586095e+01
-3.1356754839e-04,2.3451853406e-05,1.7165810616e+01
-3.3825267523e-04,1.0490931962e-05,1.7265924700e+01
-3.3472247983e-04,9.9703305253e-06,1.7206709787e+01
7.9207352392e-05,1.1456825852e-04,2.1894739998e+01
1.4853106579e-04,1.2706802201e-04,1.7216432072e+01
1.8171374219e-04,6.4275775786e-05,1.7106013139e+01
1.7472944767e-04,6.5843005882e-05,1.7080288782e+01
1.6718147569e-04,6.4271701769e-05,1.7177715672e+01
1.6029320751e-04,6.5749547072e-05,1.7549134195e+01
1.5652855023e-04,6.4939186457e-05,1.7934919366e+01
1.3685347386e-04,5.8101781961e-05,2.1003559460e+01
1.3001336818e-04,5.9458201062e-05,2.2027455871e+01
1.2238928663e-04,5.8002322007e-05,2.2920389156e+01
1.1860960352e-04,5.7302666917e-05,2.2885326368e+01
9.9411104318e-05,5.1590165631e-05,2.2722068899e+01
9.2266212215e-05,5.0522090813e-05,2.2657193654e+01
8.6026560504e-05,5.1917066332e-05,2.2597550709e+01
7.9113927602e-05,5.0945889980e-05,2.2535793554e+01
6.7360817812e-05,4.5244392536e-05,2.2465757293e+01
4.2057791021e-05,4.5074500545e-05,2.2295181681e+01
4.7638344722e-05,4.3548651653e-05,2.2407705226e+01
3.5726008697e-05,4.4672475491e-05,2.4161004237e+01
2.9330001435e-05,4.4300653905e-05,2.6624619543e+01
2.2850073422e-05,4.3953835430e-05,2.9139554388e+01
1.6295273040e-05,4.3634290146e-05,3.1568843855e+01
9.6746872200e-06,4.3343352951e-05,3.3837599752e+01
4.2152207197e-06,4.4877701228e-05,3.5219151198e+01
-2.4525794702e-06,4.4627433163e-05,3.7117043545e+01
-9.1645963724e-06,4.4409086539e-05,3.8772449024e+01
-1.5913512508e-05,4.4221198152e-05,4.0190787738e+01
-2.2692950260e-05,4.4062157338e-05,4.1385202467e+01
-7.9418763348e-05,3.8590412934e-05,4.6209480053e+01
3.4578664172e-04,2.9953306793e-05,1.3891512741e+01
-9.7786273039e-05,4.4178453377e-06,5.2972746530e+01
4.0698070456e-05,1.0662277810e-04,2.0824614814e+01
3.0192361547e-04,2.9185934052e-05,1.5867341437e+01
-1.1751178613e-04,4.4166188735e-06,5.2745226853e+01
-3.7068985229e-04,1.6536839624e-05,1.1192924901e+01
9.0904696955e-05,9.3352125623e-05,2.2516869375e+01
1.6908576241e-05,1.0043296167e-04,3.2464495195e+01
1.0590452235e-04,5.0194863000e-05,2.2776914061e+01
2.0107558973e-04,5.0005747273e-05,1.7040674794e+01
1.9973310581e-04,4.4050091257e-05,1.7349799972e+01
1.9260321124e-04,4.5779286765e-05,1.7401857970e+01
1.8870893067e-04,4.5162645334e-05,1.7536161668e+01
1.8093283382e-04,4.3937979554e-05,1.7894013761e+01
1.6081049266e-04,3.8257134820e-05,1.9588768441e+01
1.5692797496e-04,3.7720141628e-05,1.9982289628e+01
1.4915866007e-04,3.6681322420e-05,2.0864244142e+01
1.4215770085e-04,3.8246932918e-05,2.1612002618e+01
1.3827410912e-04,3.7739427957e-05,2.2149901829e+01
1.3049895907e-04,3.6773468571e-05,2.2974904795e+01
1.0330062379e-04,3.1736029271e-05,2.2755927923e+01
9.9636316838e-05,3.1441244595e-05,2.2730734000e+01
9.2385393991e-05,3.0908143152e-05,2.2680381046e+01
-1.2934131393e-04,4.4175554948e-06,5.2438268360e+01
8.5235499742e-05,3.0448270604e-05,2.2633764393e+01
7.8954277703e-05,3.2028423647e-05,2.2587931933e+01
7.2002840833e-05,3.1645239923e-05,2.2554731362e+01
6.5145225507e-05,3.1322485474e-05,2.2528499313e+01
6.1747413663e-05,3.1186956874e-05,2.2567830230e+01
5.5017271387e-05,3.0950643459e-05,2.3032551417e+01
4.8265533403e-05,3.0735765224e-05,2.5122071987e+01
4.1446137535e-05,3.0524031893e-05,2.7137483777e+01
3.4563729122e-05,3.0319038572e-05,2.9259028809e+01
1.0053257089e-05,2.9685871835e-05,3.6684723690e+01
1.7366348316e-04,1.3339122906e-04,1.7072807465e+01
1.3826688154e-04,1.2642540770e-04,1.7223214605e+01
2.8951478321e-04,1.1867734625e-04,1.3097976204e+01
-1.4904573433e-04,4.4212325175e-06,5.1676177577e+01
-1.6086031757e-04,4.4249936286e-06,5.1066023423e+01
-5.4021276293e-05,5.7428382841e-05,4.2159888328e+01
-1.0498950152e-04,5.2307063278e-05,4.3087079845e+01
1.5590070210e-04,1.3345184274e-04,1.7223012583e+01
-2.8854055832e-04,4.4768362017e-05,2.3447191084e+01
-3.0680024763e-04,2.4334617995e-05,1.7186341064e+01
-1.8044164245e-04,4.4159041121e-06,4.9754077894e+01
-2.5207160633e-04,5.1094941176e-05,3.5950792361e+01
3.3792131442e-04,8.7273037338e-05,1.2467206432e+01
4.8192374683e-05,1.3395253545e-04,3.0195512908e+01
1.8195838643e-04,1.5503923498e-04,1.5946569508e+01
3.5370549070e-04,6.6647552762e-05,1.2413461906e+01
-1.2319843232e-04,1.1259437476e-04,3.3342981180e+01
1.9314854689e-04,3.6311567021e-06,2.0944089307e+01
3.1407813994e-04,1.0518862203e-04,1.2769015221e+01
1.3743978759e-04,3.1353961750e-06,2.2078580457e+01
3.5410944239e-04,7.0806489518e-05,1.2256454087e+01
-4.0475341650e-05,2.9761536092e-06,5.0731745551e+01
-2.2572655768e-04,2.3604199262e-05,4.1650074388e+01
-1.8069939206e-04,2.4558763992e-05,4.6189219767e+01
9.8617693978e-05,1.2007412329e-04,2.1319716766e+01
-2.4998840160e-04,2.9872662908e-06,3.7881426640e+01
7.3674559901e-05,1.4776657711e-04,2.0399457060e+01
2.6954850113e-04,8.4540253032e-05,1.4621180712e+01
3.0693439813e-04,1.0745382915e-04,1.2946369725e+01
1.8629479081e-04,1.1275058211e-04,1.6987483867e+01
-1.0381986959e-04,3.8674074180e-05,4.6088961660e+01
-1.1076219711e-04,3.8717861226e-05,4.5957484873e+01
-1.1768857842e-04,3.8769858047e-05,4.5794713713e+01
2.8947121201e-04,4.5084907837e-05,1.5517881800e+01
3.6589157551e-04,4.4399363325e-05,1.2259191801e+01
-2.8274268146e-04,5.8403122886e-05,3.4324786612e+01
2.7628349352e-04,7.8650639704e-05,1.4658081480e+01
4.1559111717e-05,1.0013964350e-04,2.1295569798e+01
4.1003084496e-05,1.2032029737e-04,2.9146852570e+01
-1.4308239373e-04,5.1164769064e-05,4.2336901825e+01
-2.2453371793e-04,7.2708629430e-05,3.6968389544e+01
-1.6793561332e-04,8.6919329061e-05,3.5792753354e+01
2.6490879941e-04,7.9923703700e-05,1.4831404610e+01
1.8099965114e-04,1.3253837607e-04,1.6993924792e+01
7.3357319701e-05,1.1485697277e-04,2.1499540932e+01
-7.8663053210e-05,5.2122330193e-05,4.3456211907e+01
-2.1861718768e-04,8.5017738951e-05,3.6200753486e+01
-2.2604629246e-04,8.6582385957e-05,3.6200376307e+01
1.1141368292e-04,1.1898041506e-04,1.8634534829e+01
1.0416319600e-04,1.1289389636e-04,2.1642849597e+01
-1.2350477839e-04,5.0797248111e-05,4.2978383656e+01
4.2351305588e-05,9.3609619597e-05,2.1635382816e+01
8.4814097777e-05,9.4141246507e-05,2.2361406837e+01
1.4224348709e-04,1.3478617352e-04,1.7241917175e+01
-1.2405942437e-04,9.2202064793e-05,3.5113731380e+01
-1.6786807448e-04,3.7718704783e-05,4.4258209707e+01
1.2877086996e-04,1.3265063216e-04,1.7193878003e+01
1.9492488717e-04,9.9251916685e-06,2.0330826801e+01
-2.3734486644e-04,3.1121565377e-05,3.8723476113e+01
1.7562357797e-04,3.7720080109e-05,1.8559477952e+01
-2.8343430259e-04,4.5304966405e-05,2.6534908693e+01
-3.1296064513e-04,9.9456388974e-06,1.7032253498e+01
3.2687487725e-04,5.7952113666e-05,1.3932397160e+01
3.3356335930e-04,5.1340949902e-05,1.3882495188e+01
1.7905770803e-04,1.1387255031e-04,1.7027210733e+01
-2.0013568308e-04,7.9870625953e-05,3.6530435226e+01
-1.8808583410e-04,6.4287606686e-05,3.8583166950e+01
3.0243737572e-04,5.0626695629e-05,1.4937816684e+01
5.9823977581e-05,5.0688967474e-05,2.2388456662e+01
1.4192664371e-04,7.9194679644e-05,1.8129744324e+01
1.4851148748e-05,3.1473432629e-05,3.4925419024e+01
3.4024529515e-04,4.4595160968e-05,1.3793398210e+01
3.1266583306e-04,2.3368639741e-05,1.5839143860e+01
-3.0770893049e-04,3.5238583410e-06,1.7126376141e+01
1.0500085556e-04,1.1957394301e-04,1.9892463368e+01
1.1868200096e-04,1.2850999112e-04,1.7070589973e+01
1.2512857496e-04,1.2784437351e-04,1.7195048404e+01
1.9909386277e-04,5.8561956828e-05,1.7113158976e+01
-1.6780494301e-04,1.6536500151e-05,4.8529596146e+01
1.4975862532e-04,8.4359005487e-05,1.7110202826e+01
-1.6223664612e-04,5.1678914228e-05,4.1610918872e+01
1.1667591540e-04,1.5417587304e-04,1.8661410065e+01
1.4326811075e-04,1.5516269835e-04,1.7095058351e+01
1.4987972051e-04,1.5481925869e-04,1.7342154847e+01
2.9351852460e-04,1.1960378258e-04,1.2925606336e+01
3.5991449929e-04,5.9965841754e-05,1.2271184528e+01
1.5666847395e-04,1.5449705242e-04,1.7407674264e+01
1.6363601613e-04,1.5419679401e-04,1.7448966776e+01
-2.7678227313e-04,6.6455023649e-05,3.7140701315e+01
2.6490601079e-04,1.3518267887e-04,1.3168257785e+01
1.9370389473e-04,1.5563421669e-04,1.3953607742e+01
2.0136224538e-04,1.5488660943e-04,1.3832000115e+01
2.0533488432e-04,1.5588879442e-04,1.3676101772e+01
1.6715263791e-04,1.5584528722e-04,1.7463828345e+01
3.4458632648e-04,8.0663228573e-05,1.2397221923e+01
6.7009272552e-05,1.4775969307e-04,2.0720174618e+01
-3.0057953374e-04,5.8318886044e-05,3.5427967799e+01
-2.8376405223e-04,6.4529984963e-05,3.7128426866e+01
2.1288012720e-04,4.0959072093e-06,2.0838245244e+01
2.0494861477e-04,3.9049117338e-06,2.0828800259e+01
1.5718445033e-04,3.2225502471e-06,2.1691882250e+01
1.4923939686e-04,3.1770461417e-06,2.1801777912e+01
1.2938374833e-04,3.1679153041e-06,2.2092394984e+01
1.0571208962e-04,3.1617242077e-06,2.2824711387e+01
9.7841458659e-05,3.1565273955e-06,2.3367110213e+01
7.4200402002e-05,3.1395902170e-06,2.6548851709e+01
6.6325803374e-05,3.1277829428e-06,2.8116612379e+01
-2.9661119588e-04,5.8316801672e-05,3.4685185814e+01
2.2911475921e-05,3.0543888190e-06,3.8967924569e+01
1.4999726781e-05,3.0415858888e-06,4.0950384584e+01
-8.7603037706e-06,3.0078646262e-06,4.6145567450e+01
-2.8579470264e-05,2.9862690719e-06,4.9336684319e+01
-4.8406782254e-05,2.9704888331e-06,5.1461136101e+01
-7.2201471791e-05,2.9578993714e-06,5.2823241011e+01
-8.0132298649e-05,2.9549330112e-06,5.3046457383e+01
-1.0392002988e-04,2.9488592014e-06,5.3192387437e+01
-1.1184725115e-04,2.9476203084e-06,5.3098233929e+01
-1.5542264320e-04,2.9464737030e-06,5.1603667752e+01
3.0810654863e-04,1.1509087730e-04,1.2586933411e+01
3.0015072780e-04,1.1386760521e-04,1.2931809781e+01
3.8467703202e-04,8.6880825791e-06,6.6679307023e+00
-3.2788439764e-04,4.3981247710e-05,1.7144405609e+01
3.0037007581e-04,3.0867070625e-06,1.7817382669e+01
2.7648930617e-04,2.9468373939e-06,2.0531063525e+01
2.8445999730e-04,3.1563479259e-06,1.8271158154e+01
-2.4363814303e-04,3.1518925448e-05,3.7380355282e+01
-2.8126080615e-04,3.1205730117e-06,2.1299040740e+01
3.5680439568e-04,4.1129452848e-06,1.1674306210e+01
-2.9638461313e-04,3.3048740213e-06,1.7073823475e+01
-1.4410004552e-04,5.8398614070e-05,4.0782154148e+01
-1.2515196040e-04,5.7930941199e-05,4.1379760991e+01
3.8877559799e-04,9.1657867551e-06,7.3882355702e+00
2.8836897414e-04,3.2727677395e-06,1.7552570562e+01
1.4177310411e-04,1.2781204017e-04,1.7225677900e+01
1.8817505300e-04,5.9525930512e-05,1.7079439220e+01
5.9455503019e-05,1.1405528181e-04,2.0506970609e+01
1.1602344506e-04,3.7413088094e-05,2.2839706209e+01
1.2361133846e-04,3.8309598871e-05,2.2891999655e+01
2.8903615345e-04,1.1480011535e-04,1.3264970687e+01
2.8125399102e-04,1.1301473036e-04,1.3559540672e+01
-9.8826246435e-05,3.6995409941e-05,4.6517003399e+01
-1.2324625970e-04,3.7151074987e-05,4.6013110864e+01
-1.3018704770e-04,3.7213121095e-05,4.5803811369e+01
-7.9745863096e-05,9.2924276591e-05,3.5675617323e+01
-3.3386553575e-04,4.4445152673e-06,1.8358209140e+01
2.6218059579e-04,8.6584397707e-05,1.4697103010e+01
1.2892266413e-04,3.1920821565e-05,2.2896104164e+01
-4.8390196824e-05,4.5376010016e-05,4.3909423219e+01
-4.1589531506e-05,4.5447797572e-05,4.3402207075e+01
-3.4800198379e-05,4.5541695216e-05,4.2745684759e+01
-2.8026591519e-05,4.5659919796e-05,4.1918628503e+01
-3.0118246102e-04,2.2836516710e-05,1.7179182554e+01
2.8300550366e-04,7.2691840110e-05,1.4696817935e+01
2.7754377904e-04,8.8987439199e-06,1.9269679185e+01
2.1733078614e-04,9.3505527588e-05,1.5698355795e+01
3.6098860324e-05,1.0730925477e-04,2.4559117409e+01
3.0210219965e-04,9.8810090685e-05,1.3431290211e+01
1.8701727824e-04,9.5425769504e-06,2.0575684260e+01
1.9923034726e-04,9.8988572506e-05,1.6969200209e+01
2.6405941042e-04,1.2760557316e-04,1.3504833009e+01
-1.4190686923e-04,7.1426144563e-05,3.8284159228e+01
-1.0496617196e-04,1.0767584312e-04,3.3358942629e+01
-1.4881649179e-04,1.0614379795e-04,3.4045378135e+01
-1.8733214678e-04,9.9920783819e-05,3.5020137277e+01
-1.4276955285e-04,8.5152475601e-05,3.6026326737e+01
2.0676654793e-04,1.0564416346e-05,2.0081037004e+01
3.5289683858e-04,5.8374928782e-05,1.2714982309e+01
3.0596709507e-04,9.9637077432e-05,1.3275022004e+01
-9.1878822989e-05,5.2186497614e-05,4.3339190148e+01
-3.7825125931e-04,3.9649009712e-06,1.0997204649e+01
-3.5866721143e-04,9.9020163525e-06,1.6497515991e+01
-3.8288709184e-04,9.2961996380e-06,8.2437634051e+00
1.0338919008e-04,1.5524853985e-04,1.8900063478e+01
-1.1781048440e-04,1.1239718684e-04,3.3250338464e+01
3.0646958724e-04,5.1224431743e-05,1.4803495312e+01
1.1194198854e-04,5.8629576816e-05,2.2833250648e+01
-9.8385657050e-05,1.0539220388e-04,3.3556186611e+01
-1.0553142198e-04,1.1393603984e-04,3.2996192293e+01
1.9334014734e-04,1.4814370663e-04,1.4532660892e+01
-3.0080835403e-04,5.1632317854e-05,2.5825175365e+01
5.8934567850e-05,1.4095983289e-04,1.9937456820e+01
5.3763417705e-05,1.3945401514e-04,-1.7900258987e-01
3.2084237868e-04,9.9018716391e-05,1.2747372633e+01
-3.5279913803e-04,3.1393395737e-05,1.2244929739e+01
-3.6484127894e-04,2.5272791176e-05,1.0932109401e+01
-3.5997672733e-04,3.0905262471e-05,1.1063050145e+01
-3.4436312195e-04,3.8616324485e-05,1.2860916131e+01
9.9880325119e-05,1.4710879621e-04,1.9491798738e+01
2.9611555301e-04,3.8991235063e-05,1.5573422923e+01
3.2017689606e-04,6.4445799512e-05,1.3962453886e+01
1.2320385851e-04,1.5350909443e-04,1.8370419050e+01
1.9308077252e-04,1.0779613941e-04,1.7043898270e+01
-7.2249187542e-05,1.0694926755e-04,3.3663856841e+01
-1.8200637157e-04,9.8984724157e-05,3.4970767921e+01
2.1999099194e-04,8.7093396681e-05,1.5865285332e+01
-2.7591007911e-04,5.7973731962e-05,3.4497862543e+01
3.7856188769e-04,2.9671293140e-05,1.1328253990e+01
3.8499173421e-04,1.8204291889e-05,1.0083101586e+01
3.8202730049e-04,3.1154775134e-05,1.1189170873e+01
3.7198188702e-04,3.2819386362e-05,1.1834516898e+01
3.7590506151e-04,3.7799480799e-05,1.1638172449e+01
-2.0599021322e-04,4.4255661680e-05,4.0856011559e+01
3.0606557209e-04,2.9684615850e-05,1.5702194198e+01
-1.2289786514e-04,1.0643752350e-04,3.3627263933e+01
-2.7009957236e-04,6.6076801874e-05,3.6703981532e+01
-2.9614433533e-04,5.1547378007e-05,2.7107045657e+01
-3.4171189091e-04,3.6516354614e-05,1.4035063865e+01
1.5659828705e-04,1.0609852499e-04,1.7148928309e+01
-3.3316056872e-04,3.1734161769e-05,1.6997001435e+01
-2.8933997700e-04,5.9239924991e-05,3.4823074076e+01
8.1067868986e-05,1.0668448388e-04,2.2054732949e+01
1.6841135134e-04,7.0520358444e-05,1.7106211109e+01
2.2596308089e-04,9.9462827898e-05,1.5133506403e+01
-1.7412701308e-04,6.5324578483e-05,3.8743331957e+01
-1.3784248531e-04,5.8227447777e-05,4.0984595582e+01
-1.8800925648e-04,9.3296445450e-05,3.5389871522e+01
-2.4435715367e-04,7.9546440727e-05,3.6944818881e+01
2.8369196847e-04,3.7175903752e-05,1.5975638148e+01
-3.2544965639e-04,3.2136236368e-05,1.7146904352e+01
2.5619766627e-04,1.2566845895e-04,1.3775227629e+01
2.5179412461e-04,1.2086287127e-04,1.4024834979e+01
3.4091844011e-04,3.5875605193e-06,1.6432947443e+01
3.3249141966e-04,3.5276882238e-06,1.7053670467e+01
3.3826977047e-04,1.0917630628e-05,1.5562308086e+01
3.3131195695e-04,9.3648283310e-05,1.2518555118e+01
3.3203494410e-04,9.7757446293e-05,1.2323624688e+01
-2.4416292249e-04,5.1900181329e-05,3.6894226134e+01
1.2296729838e-04,1.4680685583e-04,1.8004939540e+01
2.9633375997e-04,1.1267477935e-04,1.3110652679e+01
3.1569542658e-04,5.9977320211e-05,1.4248721209e+01
3.1291404099e-04,6.6988613223e-05,1.4116366292e+01
3.1346919065e-04,7.0833976715e-05,1.3980107405e+01
3.0898262524e-04,6.6324127119e-05,1.4253323305e+01
3.0911931424e-04,4.4352067987e-05,1.4965833606e+01
2.8251247314e-04,1.2874102537e-04,1.2902652349e+01
3.2091236142e-04,2.4181738616e-05,1.5466793510e+01
2.8971832549e-04,6.6659403082e-05,1.4734016862e+01
1.8067206278e-04,1.2879320102e-04,1.7002536160e+01
4.8174514274e-05,8.6049569786e-05,2.1914273445e+01
2.1384562384e-04,1.2152951430e-04,1.4879218403e+01
2.0685903602e-04,1.2673065932e-04,1.4981714481e+01
2.1077520499e-04,1.2795771159e-04,1.4772594916e+01
2.2124859281e-04,1.2003905930e-04,1.4692531991e+01
2.1820496621e-04,1.2651746368e-04,1.4588830535e+01
2.2605444297e-04,1.2879463356e-04,1.4337479597e+01
2.2646166560e-04,1.3260844348e-04,1.4215411673e+01
1.2955873573e-04,1.4622090811e-04,1.7201420866e+01
1.1854641068e-04,9.9584046380e-05,2.0065222643e+01
-3.1520171006e-04,3.7195410713e-06,1.7119052072e+01
3.2047703378e-04,3.2358483602e-06,1.7244458681e+01
-2.5125775343e-04,7.1954283051e-05,3.7057410779e+01
2.7622692894e-04,3.9475418729e-05,1.6481080847e+01
2.5011410434e-04,1.3895313715e-04,1.3421295368e+01
2.4260788858e-04,1.4068115117e-04,1.3544027799e+01
2.1246674422e-04,1.4700519085e-04,1.3993045347e+01
2.1269626795e-04,1.5465867168e-04,1.3580919590e+01
2.2039511629e-04,1.4924216203e-04,1.3699649750e+01
-1.7485737970e-04,4.4862485846e-05,4.2482481781e+01
2.3258421157e-04,1.1953921684e-04,1.4444972287e+01
-2.5663298410e-04,5.9043524857e-05,3.6103533395e+01
2.5061660680e-04,3.0343479164e-05,1.7703480149e+01
2.4327251926e-04,3.2517218792e-05,1.7666406259e+01
2.3124180073e-04,3.1213529741e-05,1.7939544135e+01
-2.0127128745e-04,2.3159623493e-05,4.4798127709e+01
-2.0564154763e-04,2.4868156450e-05,4.4068879171e+01
-1.8661003077e-04,7.8330151767e-05,3.6742419019e+01
-3.4525258578e-04,1.8888320068e-05,1.7045802918e+01
1.8588682096e-04,1.5644770936e-04,1.4178004500e+01
1.7437148624e-04,1.5547358148e-04,1.7124620012e+01
2.1789615084e-04,2.4193913756e-05,1.8484724056e+01
2.1393224419e-04,2.3780442907e-05,1.8539873484e+01
2.2585320088e-04,2.5025740621e-05,1.8420079583e+01
2.3316228546e-04,2.2997499895e-05,1.8655878518e+01
1.6209782115e-04,5.7456322393e-05,1.8101788660e+01
-1.6241775795e-04,8.6463927863e-05,3.5832129277e+01
1.4225133074e-04,5.1059150236e-05,2.0748431740e+01
1.4992276829e-04,5.2407542198e-05,1.9683034977e+01
1.2256764429e-04,7.1466987235e-05,2.2623144271e+01
1.2407119877e-04,7.7465124812e-05,2.1675734996e+01
1.1737340690e-04,7.8567612736e-05,2.2984537350e+01
1.0562137721e-04,7.2915623416e-05,2.2787691776e+01
9.8467403478e-05,7.1260624294e-05,2.2705035081e+01
9.2197124889e-05,7.2402300963e-05,2.2625041357e+01
8.5313380440e-05,7.0863323622e-05,2.2538998369e+01
6.7879571492e-05,6.5008081351e-05,2.2370872924e+01
5.8990684021e-05,6.5698185792e-05,2.2292757097e+01
5.2672992548e-05,6.4651382247e-05,2.2267684449e+01
2.1286278562e-05,5.8746014827e-05,2.5914335866e+01
1.5154675585e-05,5.8236259446e-05,2.8904622476e+01
8.9419913062e-06,5.7780434612e-05,3.1526166295e+01
3.7741136378e-06,5.9289285273e-05,3.3217983147e+01
-2.5114094817e-06,5.8913356039e-05,3.5222633616e+01
-8.8467482194e-06,5.8584449385e-05,3.6899634415e+01
-1.5224732056e-05,5.8305705326e-05,3.8281133051e+01
-2.1637389089e-05,5.8072338825e-05,3.9400933255e+01
-2.8077145817e-05,5.7875029795e-05,4.0292488158e+01
-3.4539210404e-05,5.7716715543e-05,4.0986512575e+01
-4.1018150410e-05,5.7592951921e-05,4.1511950029e+01
-4.7508901885e-05,5.7495034384e-05,4.1895583625e+01
2.9458072637e-05,5.7563034616e-05,2.2022708172e+01
1.1215326423e-04,7.1766955944e-05,2.2859914795e+01
4.1127855135e-05,6.5029262156e-05,2.2239398160e+01
1.1074288563e-04,7.9639681913e-05,2.2852791477e+01
7.9325071391e-05,7.2017747807e-05,2.2455473211e+01
1.3005918443e-04,7.3258210585e-05,2.0863302019e+01
1.3149797981e-04,7.9410312372e-05,1.9913323235e+01
1.3533861814e-04,5.2495091871e-05,2.1650993681e+01
1.8703976964e-04,2.3586093517e-05,1.9119334588e+01
1.7988930950e-04,2.5345606447e-05,1.9279316978e+01
1.7597159582e-04,2.4935618316e-05,1.9523487362e+01
1.9489064226e-04,2.4401246759e-05,1.8787204287e+01
1.9882213625e-04,2.4819867663e-05,1.8652623307e+01
-2.5847534259e-04,3.6967957761e-05,3.3526526700e+01
2.8821337550e-04,8.1025139633e-05,1.4346923587e+01
2.3789012690e-04,4.3559428654e-05,1.7108504326e+01
2.3925811016e-04,5.0035877414e-05,1.7097588368e+01
2.3194206658e-04,5.1989681934e-05,1.7103972441e+01
2.4489576602e-04,5.7884203565e-05,1.6513631680e+01
2.4902345617e-04,5.8766021834e-05,1.5931841748e+01
2.4587396197e-04,4.4678558848e-05,1.7108151008e+01
2.4990551745e-04,4.5303727131e-05,1.7089641672e+01
-1.9477742112e-04,7.9211777327e-05,3.6610481296e+01
1.6030518170e-04,2.3398408389e-05,2.0734601383e+01
1.5494066950e-04,1.8437931087e-05,2.1552342516e+01
1.6814180822e-04,2.4144914423e-05,2.0075905114e+01
1.7390667807e-04,1.7600791827e-05,2.0317943491e+01
-9.7535797525e-05,5.9287799764e-05,4.1736837843e+01
-2.1170952867e-04,3.1844969599e-05,4.2291327925e+01
2.1153411243e-04,6.4238939447e-05,1.7088704997e+01
-1.5661218238e-04,1.6494957942e-05,4.9137954371e+01
-1.4909868230e-04,1.6472351008e-05,4.9490837603e+01
-1.3548453366e-04,1.7979272229e-05,4.9722689210e+01
-1.3026334475e-04,1.6426805832e-05,5.0199082347e+01
-1.4297295972e-04,1.8000109635e-05,4.9444402927e+01
2.3342091125e-04,5.8889385660e-05,1.6981861993e+01
2.3749844882e-04,5.9755526497e-05,1.7081903524e+01
1.3532890374e-04,1.7264913837e-05,2.2996318176e+01
1.3143940034e-04,1.7083258984e-05,2.2917496414e+01
1.4315388890e-04,1.7681967730e-05,2.2505857302e+01
1.5029623980e-04,1.6014065662e-05,2.2030761707e+01
-1.0350023944e-04,8.5537155657e-05,3.6398935773e+01
1.3521755165e-04,8.0393085892e-05,1.9087145918e+01
1.8540047418e-04,1.4150422721e-04,1.6315712919e+01
4.8114752092e-05,1.0693606063e-04,2.0811344477e+01
5.4335398725e-05,1.1434229641e-04,2.0185809405e+01
-1.1175023512e-04,2.4155155308e-05,4.9072847968e+01
1.1679626059e-04,1.8412800642e-05,2.2867905220e+01
1.1228692368e-04,1.6406811861e-05,2.2882721974e+01
1.2372178141e-04,1.6768263390e-05,2.2909241517e+01
-9.7673034740e-05,8.5395446173e-05,3.6543895125e+01
1.6722022107e-04,1.0630917563e-04,1.7099234507e+01
1.6994040911e-04,1.0031447221e-04,1.7094246042e+01
1.7425594628e-04,1.0519734407e-04,1.7062803507e+01
1.6027539640e-04,1.0737012516e-04,1.7133404144e+01
-1.0542934034e-04,1.7922077412e-05,5.0429530204e+01
-1.1136850368e-04,1.6396081166e-05,5.0650293917e+01
2.0039330822e-04,6.5079237574e-05,1.7121750563e+01
-9.7036219690e-05,2.4123557916e-05,4.9241594436e+01
-9.2429673374e-05,1.6381177174e-05,5.0784706422e+01
-9.7895682774e-05,1.7914491106e-05,5.0485231223e+01
9.8050233787e-05,1.7859974089e-05,2.2826222489e+01
9.0681138405e-05,1.7719755934e-05,2.2810886548e+01
1.0475381662e-04,1.6229582928e-05,2.2865921262e+01
6.6006856543e-05,7.8670743953e-05,2.2216161359e+01
6.0440477967e-05,7.9732065540e-05,2.2136984078e+01
-7.3461597791e-05,1.6383907868e-05,5.0485599079e+01
-8.0119541400e-05,8.5111100975e-05,3.7048157042e+01
8.6223018973e-05,1.5958713580e-05,2.2797212718e+01
7.9764694886e-05,1.7576025825e-05,2.2840214058e+01
-6.0136702359e-05,2.4133934099e-05,4.8480764766e+01
-5.4480612863e-05,1.6410616762e-05,4.9581713755e+01
-6.0160946131e-05,1.7929637128e-05,4.9645088258e+01
-6.5869394664e-05,1.6391134623e-05,5.0207790710e+01
-4.6886989691e-05,1.6429842220e-05,4.9004470072e+01
6.5285167059e-05,1.7423962148e-05,2.5207210725e+01
7.2542656510e-05,1.7503962720e-05,2.3895714936e+01
6.1642968780e-05,1.7381498969e-05,2.5965507883e+01
-4.1684349018e-05,2.4204095087e-05,4.7119962792e+01
5.4332290191e-05,1.7293830314e-05,2.7648837436e+01
4.6987542174e-05,1.7203401087e-05,2.9508077870e+01
-3.5508041066e-05,1.6468789965e-05,4.7865437036e+01
-4.1286388074e-05,1.7981704544e-05,4.8210461145e+01
-2.7925620841e-05,1.6502909577e-05,4.6905244936e+01
-1.4398093863e-04,3.7359885031e-05,4.5318386598e+01
3.5908383418e-05,1.7067905134e-05,3.2506827822e+01
4.0836573587e-05,1.8748303943e-05,3.0735212425e+01
-1.6572963107e-05,1.6566507126e-05,4.5142457779e+01
-2.2442518697e-05,1.8075406582e-05,4.5823730689e+01
-9.0156412851e-06,1.6618283309e-05,4.3745808181e+01
-1.5675261110e-04,1.0702003005e-04,3.4157569658e+01
2.1029814845e-05,1.6895841906e-05,3.6604667399e+01
1.7293330714e-05,1.6855388102e-05,3.7603069125e+01
2.8485024185e-05,1.6979914115e-05,3.4563716263e+01
2.2876051758e-06,1.6709565590e-05,4.1331282119e+01
-3.6776558461e-06,1.8219925801e-05,4.2352179865e+01
9.8011536187e-06,1.6778921911e-05,3.9529285125e+01
-4.2236424808e-06,3.7712204778e-05,3.8754608823e+01
2.6583912763e-06,3.7901433823e-05,3.6977161395e+01
-2.1576558613e-05,3.7342676929e-05,4.2273675830e+01
-2.8561756888e-05,3.7233318771e-05,4.3326449442e+01
1.3667092303e-04,1.5553624895e-04,1.7510827720e+01
-3.5564661955e-05,3.7144110024e-05,4.4196166571e+01
-6.0164826005e-05,3.6966254153e-05,4.6047547133e+01
-5.3122006994e-05,3.6998452758e-05,4.5682082200e+01
-4.0980076553e-05,3.8741418009e-05,4.4468375591e+01
-2.7360636254e-05,8.5841893856e-05,3.7914475041e+01
1.7118397662e-05,1.2654966629e-04,4.7132356044e+01
9.3794594878e-06,1.2799041073e-04,4.6604297915e+01
2.1817305541e-05,1.2770231228e-04,4.9834697275e+01
-4.7958408486e-05,3.8681689183e-05,4.5043631252e+01
-2.1546677442e-05,8.6133968926e-05,3.7656870484e+01
1.5957580484e-05,1.1298163454e-04,3.7086347373e+01
2.8111581664e-05,1.1367568446e-04,3.3782441655e+01
3.4061784207e-05,1.1995006862e-04,3.5009295983e+01
3.8257940269e-06,1.1302783644e-04,3.8015404522e+01
-1.1725218818e-04,6.5045497938e-05,4.0067545827e+01
-1.2346548247e-04,6.5192419925e-05,3.9890194054e+01
-1.2965185277e-04,6.5357350340e-05,3.9712370011e+01
-1.5753588560e-05,8.6486396049e-05,3.7232127487e+01
-3.1200022965e-06,1.2731725476e-04,4.3514408622e+01
1.0994147298e-04,1.5466250176e-04,1.8819878934e+01
-9.9852997611e-06,8.6906299707e-05,3.6599839979e+01
-1.5671490328e-04,7.2118024890e-05,3.7924059156e+01
-2.8813088754e-05,1.0783247764e-04,3.6083331559e+01
-1.0461158798e-05,1.2639173048e-04,4.0218868151e+01
-1.5774506102e-05,1.1930715758e-04,3.6810474720e+01
-2.7533986135e-05,1.2056270340e-04,3.4458593598e+01
-1.6159521864e-04,9.8855073566e-05,3.4667716779e+01
1.3000655515e-04,1.5599864590e-04,1.8062124267e+01
4.1801285528e-06,1.0047965281e-04,3.5851890945e+01
8.7771275203e-06,9.9069745472e-05,3.4613887935e+01
-3.5248116943e-05,1.2013538008e-04,3.3488083324e+01
-4.0420150300e-05,1.1990820200e-04,3.3055432608e+01
-4.7729868244e-05,1.0713260348e-04,3.4707231130e+01
-5.3164874674e-05,1.0702978668e-04,3.4400003203e+01
-4.2306612974e-05,1.0727554923e-04,3.5057366529e+01
-6.1334635910e-05,1.0694478642e-04,3.4021709990e+01
-6.6789834076e-05,1.0693108293e-04,3.3822847576e+01
1.6391882204e-05,9.2057940263e-05,3.0067263048e+01
1.4902386928e-04,1.3412847220e-04,1.7244652136e+01
2.1896578305e-05,9.3059336115e-05,2.7467631849e+01
-4.8218621347e-05,1.1966045209e-04,3.2649369510e+01
-1.6108714509e-04,3.7601432841e-05,4.4589613402e+01
-5.9962647007e-05,1.2150270918e-04,3.2274211566e+01
5.4306167485e-05,9.9517701420e-05,2.1367684472e+01
-7.9800017274e-05,1.1940954960e-04,3.2489477624e+01
-6.6538433023e-05,1.1940106975e-04,3.2382474255e+01
-6.0524702686e-05,5.7380973759e-05,4.2325763520e+01
1.3107279573e-04,1.2022755500e-04,1.7203464345e+01
1.1731596874e-04,9.3110498655e-05,2.1523958316e+01
9.3422024531e-05,6.5112288184e-05,2.2652309735e+01
1.9887096734e-04,1.0130906502e-05,2.0231291270e+01
-9.1832094700e-05,8.5277147268e-05,3.6701393627e+01
7.4500008977e-05,1.3425519380e-04,2.2436332861e+01
2.2664347352e-04,4.5039327064e-05,1.7050913499e+01
1.6285657934e-05,3.8351474648e-05,3.2845029924e+01
7.3360491303e-05,4.3761088825e-05,2.2512184725e+01
8.0232514047e-05,4.4496935974e-05,2.2561158269e+01
9.7102168594e-05,4.4289156333e-05,2.2701048675e+01
-2.4986644504e-04,3.7941987299e-05,3.5815480965e+01
-3.2641095745e-04,4.0682679090e-06,1.7433042166e+01
1.8660610190e-04,3.6578512675e-05,1.8126165444e+01
1.7003479107e-04,4.4951958703e-05,1.8414681222e+01
8.0660034031e-05,1.3439218223e-04,2.0782871714e+01
-8.5141105499e-05,1.1960632628e-04,3.2568453848e+01
4.7083384972e-05,5.7496302012e-05,2.2299237096e+01
-8.4738818965e-05,5.9180037065e-05,4.1978030329e+01
-2.3806903396e-04,2.9833770539e-06,4.1505130859e+01
-2.3121239785e-04,4.4706771407e-06,4.3001991972e+01
8.0136604984e-05,1.4797843742e-04,2.0156501655e+01
5.4282113860e-05,7.8332616746e-05,2.2111158061e+01
1.4762485740e-04,3.1591593936e-05,2.1375883244e+01
-8.0025644090e-05,5.7373099712e-05,4.2394491275e+01
2.4392042600e-04,1.1885848418e-04,1.4239204130e+01
2.3251484455e-04,2.1621750074e-06,2.1317075095e+01
2.3678498314e-04,4.6902881483e-06,2.1194989770e+01
-7.8602259921e-05,2.4110240385e-05,4.9120180749e+01
3.5514790305e-05,7.2558573456e-05,2.2178305135e+01
2.1814847003e-05,7.2572234573e-05,2.3253103704e+01
1.0097194852e-05,7.1198078000e-05,3.0041433850e+01
-1.6268390899e-04,5.9050582521e-05,4.0147483426e+01
2.3866106090e-04,1.3964287603e-04,1.3687908498e+01
1.0460679546e-04,5.7299556682e-05,2.2769198081e+01
-6.0279806145e-05,4.3611975507e-05,4.4807975375e+01
-4.1287567578e-05,7.7711368523e-05,3.8956489564e+01
-6.7029318274e-05,5.7359084979e-05,4.2410083260e+01
-2.7744189574e-05,3.0695505544e-05,4.4334565278e+01
7.3109119197e-05,5.2347770639e-05,2.2479128430e+01
-9.7696517804e-06,3.9264375794e-05,3.9739415099e+01
-1.4613806453e-05,3.7473298576e-05,4.1023152144e+01
2.8770054622e-05,3.1865214766e-05,3.0592067451e+01
-2.0650818643e-04,2.9476633454e-06,4.7337239778e+01
-2.1162906130e-04,4.4366050722e-06,4.6455285103e+01
-1.9985359954e-04,4.4264262528e-06,4.7933691164e+01
-2.1835482696e-04,2.9572319886e-06,4.5611180937e+01
-6.7199670157e-05,3.6947326122e-05,4.6306157169e+01
-1.1158664601e-04,5.2408184449e-05,4.2920289639e+01
-2.8978909451e-05,5.2555938484e-05,4.1066380101e+01
-1.7328351669e-05,7.8646150411e-05,3.7476584672e+01
-8.4393470186e-06,7.9228297895e-05,3.6101333291e+01
3.2845639386e-06,8.0261198579e-05,3.3164900356e+01
8.1169669576e-06,7.8816109191e-05,3.1260874030e+01
1.6758613454e-05,7.9913442819e-05,2.7176940729e+01
-1.8131506414e-04,4.5067086793e-05,4.2142607089e+01
3.5088906418e-05,6.4201304956e-05,2.2249307020e+01
2.6548356553e-04,4.4574819560e-05,1.6671536088e+01
1.0629985050e-04,1.3987046752e-04,1.9050702748e+01
1.0960803363e-04,1.4127480663e-04,1.8847080538e+01
2.9281600300e-05,9.2535187992e-05,2.1568445961e+01
-1.1101485038e-04,6.4916133315e-05,4.0242829492e+01
-1.8677475606e-04,2.9230261424e-06,4.9450081069e+01
-1.9465387083e-04,2.9376085523e-06,4.8697811369e+01
1.8910260946e-04,3.5663182646e-06,2.0999257429e+01
8.7096639933e-05,1.0616116120e-04,2.2302050813e+01
1.8111127412e-04,3.4443024530e-06,2.1162471315e+01
-1.7501534244e-04,2.9251759118e-06,5.0393434064e+01
-2.3282064303e-04,4.4214925695e-05,3.8426885551e+01
-5.3436980993e-05,1.1951776205e-04,3.2500263808e+01
1.9192180032e-04,1.0030908353e-04,1.6983373494e+01
1.6123461011e-04,3.2234373295e-06,2.1606651836e+01
-8.0440471619e-05,1.0703392990e-04,3.3493016543e+01
1.2545647329e-04,3.1499983531e-06,2.2211333508e+01
1.1755846963e-04,3.1500711089e-06,2.2360480155e+01
3.0853801624e-04,3.0592025734e-06,1.7819332230e+01
-1.7482268866e-04,1.0025182256e-04,3.4785475161e+01
-2.3732120753e-04,8.0013138989e-05,3.6651591612e+01
-2.4409685315e-04,6.5333079969e-05,3.6977350397e+01
-2.7728197542e-04,3.0929802184e-06,2.4059874144e+01
-2.6944761443e-04,3.0628527058e-06,2.8994390563e+01
-2.5777456658e-04,3.0220693310e-06,3.4841003503e+01
8.6706889899e-05,1.4778661574e-04,1.9964969743e+01
3.0308235813e-04,1.0662208479e-04,1.3114936449e+01
2.6455124372e-04,2.7071772016e-06,2.2153259648e+01
-2.8822718132e-04,3.6872507274e-05,1.7283159562e+01
2.5251380254e-04,2.4931454173e-06,2.1930437053e+01
1.5559292321e-04,9.9027771459e-05,1.7152301338e+01
2.2510096141e-04,4.2757224276e-06,2.0989814308e+01
2.2058001534e-04,2.0489473789e-06,2.1037005204e+01
2.7142854007e-04,1.2565665746e-04,1.3374584184e+01
-1.4896308287e-04,9.9860210334e-05,3.4429285702e+01
1.4116029031e-04,1.2079305023e-04,1.7210806276e+01
1.6941242969e-04,3.2364465017e-06,2.1434065161e+01
1.4154804712e-04,3.0892468878e-06,2.2009483056e+01
-2.1262319958e-04,9.3105828039e-05,3.5754176382e+01
-2.0547054558e-04,9.3701672648e-05,3.5611609900e+01
1.4417760942e-04,9.2179739852e-05,1.7159789250e+01
-1.3629073454e-04,1.0102750512e-04,3.4189758509e+01
1.4296936342e-04,1.4853224381e-04,1.7259440391e+01
3.0781678238e-04,8.4855492523e-05,1.3715034745e+01
-2.2624656578e-04,2.9655408198e-06,4.4188981958e+01
2.4330048081e-04,5.0753976356e-05,1.7023989866e+01
-1.4857084063e-04,3.9108612124e-05,4.4769043665e+01
3.5823503129e-04,3.9061497135e-05,1.2837430444e+01
3.5864303277e-04,4.3162041749e-05,1.2752260816e+01
3.4518294351e-05,8.5141569854e-05,2.1984286122e+01
-1.6435372836e-05,1.0657384902e-04,3.7126016224e+01
-1.6256162183e-04,7.2444699818e-05,3.7786486717e+01
1.8102249930e-04,7.9967185606e-05,1.7115411270e+01
-1.0688840429e-05,1.1980314298e-04,3.7847629333e+01
-8.4070011775e-06,1.0729468783e-04,3.7448801128e+01
-1.0439792149e-04,2.4137184331e-05,4.9182071722e+01
-1.3739176973e-04,2.4250106756e-05,4.8375157112e+01
-5.3426647207e-05,4.3648199322e-05,4.4499336093e+01
-2.2426460216e-05,1.2091573609e-04,3.5360488918e+01
1.7372513641e-04,1.0154385166e-04,1.7072334787e+01
2.4523533775e-04,2.4134926032e-05,1.8633311300e+01
-1.0373600454e-04,7.2176956017e-05,3.8924180126e+01
-3.5356673368e-05,1.0546553417e-04,3.5846522658e+01
1.4970521511e-04,1.4804620318e-04,1.7323736256e+01
1.1744214901e-04,1.1492255247e-04,1.7814170137e+01
1.5654723504e-04,1.4758247878e-04,1.7352125141e+01
1.1198471679e-04,1.0039422799e-04,2.1962394445e+01
8.6605019866e-05,1.2746164705e-04,2.2377577726e+01
1.9942528956e-04,1.2800495461e-04,1.5366355032e+01
1.6352688694e-04,1.4711793052e-04,1.7314263170e+01
1.6765923806e-04,8.6167702476e-05,1.7137685371e+01
-2.3105657763e-04,5.8494871669e-05,3.7687693498e+01
-6.0388170359e-05,5.0414090213e-05,4.3565211508e+01
-1.7544839868e-04,8.5532500417e-05,3.5961102214e+01
-2.1961055018e-04,1.6877226407e-05,4.3568722360e+01
-2.1338056679e-04,3.7254051207e-05,4.1298121118e+01
8.6010875786e-05,3.1424277387e-06,2.4654762404e+01
2.7579742175e-04,1.0060880041e-04,1.4076278970e+01
2.1288579146e-04,1.1391580274e-04,1.5169742949e+01
2.1852254415e-04,7.9627687771e-05,1.6567287227e+01
-3.5312778829e-04,2.5903443513e-05,1.3228283685e+01
2.0598360131e-04,1.1911369322e-04,1.5333445024e+01
2.4485087467e-04,1.2649178632e-04,1.4007882778e+01
-4.7560299143e-05,3.2143225947e-05,4.6187386242e+01
2.9574918510e-04,5.6811013099e-05,1.4906096624e+01
2.5766773556e-04,1.0752772978e-04,1.4260206374e+01
2.1899221680e-04,1.3414851195e-04,1.4333205105e+01
9.3341555582e-05,1.4080778044e-04,1.9825031431e+01
1.1579905171e-04,1.3391738204e-04,1.7767092065e+01
-9.1355870368e-05,1.0724873147e-04,3.3373160767e+01
-1.4912919223e-04,9.3662261140e-05,3.4986294876e+01
1.4352868345e-04,1.1158127920e-04,1.7186847056e+01
-1.5653042706e-04,9.2162124273e-05,3.5186693124e+01
-2.1304869300e-04,6.4587001575e-05,3.7878425308e+01
5.4503457384e-05,3.1085193312e-06,3.0823104222e+01
2.6338889618e-04,1.6946233270e-05,1.9236508250e+01
2.2518080347e-04,1.2116528762e-04,1.4564057828e+01
1.0543332815e-04,1.0112888734e-04,2.2875002117e+01
-6.7528618632e-05,2.4119058163e-05,4.8811112815e+01
1.9331993465e-04,8.6720975207e-05,1.7024336515e+01
-1.6896187173e-04,8.8972973769e-06,4.9832633964e+01
-1.1034244498e-04,5.9463102768e-05,4.1416342402e+01
2.0602876885e-04,2.2965610731e-05,1.8693228939e+01
1.8227978163e-04,8.7002985596e-05,1.7078323532e+01
2.9445893328e-04,3.1734161121e-05,1.5899455922e+01
-1.6857189692e-04,5.1891093710e-05,4.1347639967e+01
-2.0514530274e-04,6.5782510186e-05,3.7957679908e+01
-1.4354393747e-04,9.9452593582e-05,3.4398362119e+01
9.2130309151e-05,9.9390464376e-05,2.2499379178e+01
2.0570488271e-04,7.2897560217e-05,1.7045393858e+01
1.1585019635e-04,7.2636403929e-05,2.2849628960e+01
-1.5434807773e-04,1.0030497217e-04,3.4467935851e+01
-1.4962760665e-04,3.0784008258e-05,4.6528299678e+01
2.1280666768e-04,5.1880504266e-05,1.7099514626e+01
-2.4471974528e-04,1.7289196074e-05,3.8243395727e+01
2.8862533277e-04,2.4246851336e-05,1.7031453267e+01
3.4516458327e-04,2.6141750750e-05,1.4045919771e+01
-1.8658402686e-04,5.0775921295e-05,4.0847696319e+01
2.5187917461e-04,3.6259193424e-05,1.7106134129e+01
2.0757850731e-04,4.5235588393e-05,1.7194499875e+01
2.7616979562e-04,5.7039629880e-05,1.5371423996e+01
-2.6461202576e-04,3.1569182231e-05,3.0816468328e+01
-2.0640747980e-04,7.2178216083e-05,3.7231771593e+01
-2.8178001334e-04,3.0224018256e-05,1.9955992292e+01
2.3060036933e-04,4.5575280268e-05,1.7101054265e+01
2.5585319572e-04,3.6663178508e-05,1.7093247051e+01
-2.4940157800e-04,2.4442765611e-05,3.6262902068e+01
-1.8010575821e-04,9.2324462214e-05,3.5370660091e+01
-1.8019553110e-04,5.7978047006e-05,3.9825592233e+01
1.8810148855e-04,7.8511476884e-05,1.7094535327e+01
2.5858953207e-04,3.1024714990e-05,1.7169338200e+01
-2.6322549483e-04,6.5985661136e-05,3.6600952427e+01
2.5542230502e-04,9.2333766047e-05,1.4667182044e+01
-2.6993567302e-04,5.0764227211e-05,3.3051975391e+01
2.3039553857e-04,1.3371089950e-04,1.4095492632e+01
-2.0040190467e-04,3.6770527982e-05,4.2494536079e+01
2.9484523271e-04,1.0102639470e-04,1.3578122276e+01
2.6255282134e-04,3.1335379106e-05,1.7179870753e+01
3.2652365236e-04,8.4769364906e-05,1.3051596269e+01
-1.4801801289e-04,6.5972141420e-05,3.9183583121e+01
-6.7068258668e-05,5.0391965581e-05,4.3716063841e+01
2.8431273859e-04,5.8484159263e-05,1.5128021802e+01
3.2604840022e-04,8.0799395391e-05,1.3210409205e+01
-1.7410328531e-04,7.3198321726e-05,3.7520336380e+01
-2.0587361803e-04,1.8342565271e-05,4.5132143013e+01
2.8312474504e-04,9.8498518693e-05,1.3968797516e+01
-3.6614884230e-04,3.4897795243e-06,1.8337514368e+01
1.9199535200e-04,7.9532044629e-05,1.7070960939e+01
-1.8130495379e-04,3.7998569472e-05,4.3514050414e+01
2.7708525620e-04,4.3103712939e-05,1.5855270198e+01
2.2003414110e-04,5.0022603677e-05,1.7107782914e+01
-7.2032421124e-05,5.2113997365e-05,4.3441722636e+01
2.5686321504e-04,7.8185042274e-05,1.5033704952e+01
-3.3439821799e-04,2.3596904012e-05,1.7077741506e+01
-3.0875413094e-04,1.1803276730e-05,1.7073622962e+01
-2.6932799841e-04,3.8830795674e-05,3.0033624282e+01
1.6077324296e-04,8.7458594932e-05,1.7148635198e+01
-1.1691803183e-04,5.0704011939e-05,4.3167877282e+01
3.6666711155e-04,1.5885903758e-05,1.1021231222e+01
2.4239782602e-04,1.0742966293e-04,1.4540509630e+01
-1.4361303911e-04,9.3283593034e-05,3.4996609674e+01
3.3518222345e-04,3.6469305387e-05,1.4313646956e+01
9.9215661966e-05,1.2682539197e-04,1.9730613064e+01
1.4787560770e-04,1.1997332298e-04,1.7198158713e+01
2.7734142967e-04,1.1211829766e-04,1.3694888821e+01
-1.9453602413e-04,3.8355662597e-05,4.2636656164e+01
1.5707526993e-04,8.6401100378e-05,1.7149655058e+01
2.7658265935e-04,2.3424704321e-05,1.7151638744e+01
-2.1832604751e-04,3.2066635320e-05,4.1515560145e+01
3.3316043068e-04,7.8334407798e-05,1.3003967170e+01
3.3161863962e-04,1.7897863238e-05,1.5406038408e+01
-8.5286429804e-05,5.2146479684e-05,4.3418705547e+01
-9.1119373135e-05,5.9227507594e-05,4.1869951388e+01
-1.9953711470e-04,6.5231746954e-05,3.8166254559e+01
3.2171993389e-04,1.0056471412e-05,1.6861114490e+01
2.1445644108e-04,7.8561262096e-05,1.7060825093e+01
-1.4192942341e-04,6.5746559335e-05,3.9358609427e+01
2.5123417218e-04,1.6168337242e-05,1.9636178516e+01
2.8455882470e-04,2.3914786702e-05,1.7088853680e+01
-2.1139924171e-04,8.5921137873e-05,3.6094969054e+01
-2.0762970945e-04,7.8751183924e-05,3.6608514979e+01
-1.1841245204e-04,9.1956595903e-05,3.5175046961e+01
2.8879079752e-04,8.4833839226e-05,1.4226346389e+01
3.2122999079e-04,7.2210968404e-05,1.3678131523e+01
3.2786693621e-04,3.9384950925e-05,1.4522185297e+01
2.5658821039e-04,9.9913902640e-05,1.4463460780e+01
9.6948855532e-05,6.5826586320e-05,2.2690996067e+01
2.1859277081e-04,1.0104672288e-04,1.5357244416e+01
6.0736578759e-05,9.1802324557e-05,2.1836382520e+01
-2.9546341713e-04,1.0627724074e-05,1.7117904564e+01
-1.8108930253e-04,5.2384541689e-05,4.0786849651e+01
1.6154698162e-04,7.1981795810e-05,1.7018643866e+01
3.3977231129e-04,7.1790272286e-05,1.2937444246e+01
2.3106985028e-04,1.0811776556e-04,1.4755123576e+01
-1.9404239103e-04,2.9703958533e-05,4.4254440357e+01
2.3844275873e-04,1.0641212199e-04,1.4639409397e+01
2.0174624913e-04,7.1934286436e-05,1.7074935421e+01
8.9347817329e-06,9.2946968342e-05,3.3221554582e+01
2.2736265930e-04,8.5467433982e-05,1.5578764040e+01
8.6466706825e-05,6.3752308502e-05,2.2576036211e+01
-1.5650931167e-04,5.8813418509e-05,4.0363110987e+01
7.2470796467e-05,9.2863412080e-05,2.2059525623e+01
8.0404136744e-05,6.4996409803e-05,2.2502610621e+01
7.8255744203e-05,9.2058299833e-05,2.2225154857e+01
3.3544095446e-06,9.2214338277e-05,3.4648844904e+01
2.9553291971e-04,7.8745943587e-05,1.4240634860e+01
2.6875745228e-04,5.9212760164e-05,1.5459347609e+01
7.3695789973e-05,6.3750824081e-05,2.2435756770e+01
3.4636744912e-04,6.5141846592e-05,1.2844082388e+01
1.4968601423e-04,6.6343234439e-05,1.8522785821e+01
-9.1170269196e-05,9.3107897277e-05,3.5356111289e+01
3.4805973732e-05,3.0672279301e-06,3.5872099284e+01
2.1863120011e-04,1.1262562711e-05,1.9958176255e+01
2.3926403492e-04,3.2098393166e-05,1.7814383745e+01
-2.2440856084e-04,3.0518082554e-05,4.0932113086e+01
1.4215139901e-04,6.4698246251e-05,1.9657379191e+01
2.4653079947e-04,6.5245643837e-05,1.5803307984e+01
5.9810275169e-05,5.9224306036e-05,2.2345536384e+01
-2.1759331828e-04,5.8886880249e-05,3.8301543151e+01
2.8329019055e-04,1.7814631376e-05,1.7070273398e+01
-2.3693200998e-04,7.2935483246e-05,3.6921008472e+01
-1.5685570652e-04,8.6046658420e-05,3.5878187672e+01
-2.5554503904e-06,7.9704373566e-05,3.4814122948e+01
1.3534492027e-04,6.6022881278e-05,2.0589265431e+01
2.1071782832e-04,1.0790762639e-05,2.0028182300e+01
2.9434428812e-04,7.1147402846e-05,1.4491478997e+01
2.3831840223e-04,6.3409789911e-05,1.6504448179e+01
3.7047783069e-04,1.6075791506e-05,1.0511458479e+01
4.1691024655e-05,5.8894874607e-05,2.2278265799e+01
-1.4843264328e-04,8.5486361083e-05,3.5960956776e+01
2.6963899527e-04,4.5317167745e-05,1.6159570612e+01
2.2724143606e-04,3.0756633817e-05,1.7956819259e+01
3.2791526545e-04,6.5742614701e-05,1.3641600214e+01
3.5541862707e-05,5.8187764395e-05,2.2269426562e+01
2.3092200020e-04,6.5197355645e-05,1.7057074132e+01
3.6993213231e-04,1.2042402967e-05,9.8301063051e+00
-2.8034460433e-05,8.0034019786e-05,3.8318057605e+01
1.7515650762e-04,9.0303147437e-06,2.1051673786e+01
1.6792821461e-04,1.0745935501e-05,2.1253642782e+01
-1.6110213018e-05,1.1287867953e-04,3.6944669375e+01
-3.3990163809e-05,7.9813752581e-05,3.8577205500e+01
1.7524541466e-04,1.1255997484e-04,1.7049649354e+01
9.8182637056e-05,5.8617681435e-05,2.2708597141e+01
-8.2847969057e-06,1.1362464310e-04,3.7737959590e+01
2.1926986645e-04,2.9829346311e-05,1.8027983545e+01
1.5607216335e-04,1.0280319688e-05,2.1868007462e+01
2.9357093628e-04,4.5712621999e-05,1.5371327168e+01
2.1203034049e-04,3.1727941466e-05,1.7926715106e+01
1.4818168166e-04,1.0033774244e-05,2.2231882751e+01
9.1098043001e-05,5.7384933133e-05,2.2638983463e+01
-2.6395914214e-04,5.8736982897e-05,3.5530249729e+01
-1.2948392288e-04,8.6466303993e-05,3.5908849722e+01
-6.6901875850e-05,8.6978256967e-05,3.7128270482e+01
-3.3890023618e-04,2.2306304632e-06,1.9430147207e+01
1.3639900621e-04,9.7599949365e-06,2.2601319638e+01
-5.4925751667e-05,7.9374427253e-05,3.8697345621e+01
2.0019385024e-04,3.0269886441e-05,1.8188708398e+01
2.1873707039e-04,4.3961703654e-05,1.7114013718e+01
8.9681270629e-06,1.1384566454e-04,3.8011496237e+01
2.2398392440e-04,5.0648267129e-05,1.7121821320e+01
-3.5572683113e-05,5.2418316806e-05,4.1801165950e+01
-6.0920667069e-05,7.9327791808e-05,3.8596133722e+01
2.0621279952e-04,3.9335598788e-05,1.7507129788e+01
-3.4662864284e-04,2.5177360602e-06,2.0793317895e+01
1.6816422426e-04,1.1360317822e-04,1.7091252654e+01
1.9835040838e-04,3.8225569634e-05,1.7692240305e+01
2.6891806404e-04,8.0770748600e-05,1.4735162876e+01
1.6118165486e-04,1.1459274822e-04,1.7131980658e+01
1.7951628473e-04,3.8273497786e-05,1.8318712529e+01
-2.1196533253e-04,5.8303949398e-05,3.8609653230e+01
6.6417033322e-05,5.1476934611e-05,2.2429079052e+01
-3.5099697853e-04,1.6276998699e-05,1.6455752791e+01
1.6784572409e-04,3.6638831367e-05,1.9136548105e+01
1.0543861220e-04,9.4610231036e-06,2.2845744829e+01
1.2507270650e-04,3.1531609879e-05,2.2886272177e+01
2.5143494870e-04,9.1401985624e-05,1.4761279988e+01
1.1745497968e-04,3.0806735314e-05,2.2846511148e+01
1.0994512653e-04,3.0156340152e-05,2.2800948528e+01
-8.4881637742e-05,7.9414551053e-05,3.7974370064e+01
-3.4315452142e-05,2.4246803953e-05,4.6323722979e+01
-2.3275427675e-05,2.4333725694e-05,4.4815967015e+01
-1.5934997188e-05,2.4405005630e-05,4.3588882056e+01
-8.6111496324e-06,2.4489196441e-05,4.2177887156e+01
3.4726035776e-05,2.5240300249e-05,3.0681391604e+01
4.7748706416e-05,5.1438368575e-05,2.2327336715e+01
-9.0854836827e-05,7.9496613688e-05,3.7803464219e+01
2.4525310088e-04,1.0083277785e-04,1.4641601822e+01
2.9582953092e-05,1.2076385125e-04,3.8543357859e+01
1.4979899660e-04,1.0711142242e-04,1.7169549892e+01
4.1429425588e-05,5.0834027980e-05,2.2300251019e+01
6.7395360387e-05,9.3550747372e-06,2.6670914659e+01
1.4308603369e-04,1.0808401867e-04,1.7177881472e+01
2.4406860648e-04,9.3261678592e-05,1.4852705895e+01
-2.3195756170e-04,7.1871881669e-05,3.6965436084e+01
1.3600917709e-04,1.0558752976e-04,1.7149009705e+01
4.8285793126e-05,9.2563037279e-06,3.1089073119e+01
-1.0572536900e-04,7.9795682749e-05,3.7397514277e+01
-8.5983041081e-05,8.5180123011e-05,3.6870491446e+01
1.5638402727e-04,2.3043398281e-05,2.1095519477e+01
-1.3709184860e-04,3.7279318312e-05,4.5572684134e+01
1.4928133519e-04,2.4704291214e-05,2.1646966717e+01
9.7539785634e-06,9.0557541791e-06,4.1091308447e+01
-3.5093865257e-04,9.0216909380e-06,1.7071735996e+01
3.0022398711e-04,3.9562356112e-05,1.5426107034e+01
3.4408356254e-04,4.5089311752e-05,1.3579960607e+01
1.3752876213e-04,2.3707269711e-05,2.2907354790e+01
5.2785355858e-05,1.2657030200e-04,1.4330449126e+01
1.2974458985e-04,2.3132409380e-05,2.2912593218e+01
-7.2733231631e-05,8.6992476409e-05,3.6935535016e+01
-9.1791881747e-05,3.6966173756e-05,4.6575539311e+01
-8.6400964912e-05,3.8603428219e-05,4.6240442369e+01
-6.0215969369e-05,8.8667091908e-06,5.1282686420e+01
3.4690028778e-04,3.7699063475e-05,1.3619768501e+01
-7.2433254850e-05,3.8589198971e-05,4.6110821479e+01
-6.7137391033e-05,4.3590999871e-05,4.5017004027e+01
-7.2222916647e-05,4.5270572662e-05,4.4783789378e+01
-8.5833934308e-05,4.5291843331e-05,4.4842461279e+01
-9.2625463076e-05,4.5322029027e-05,4.4791375465e+01
-9.7936892076e-05,4.3659415682e-05,4.5088637084e+01
-1.4962199213e-04,8.8741388607e-06,5.0881688512e+01
3.0852630768e-04,2.2929242814e-05,1.5906333483e+01
-1.6868118064e-04,4.4145974460e-06,5.0593189358e+01
3.0683215693e-04,1.5860337201e-05,1.7112901409e+01
3.0272471019e-04,1.5590566160e-05,1.7014295626e+01
3.5239228520e-04,2.2854075798e-05,1.3389862032e+01
-7.2470704686e-05,9.8839413554e-05,3.4910769507e+01
-6.6861034823e-05,9.8816535706e-05,3.5115504760e+01
3.1229138753e-06,3.0285490681e-06,4.3713792714e+01
5.4122840120e-05,4.4038104214e-05,2.2410674059e+01
2.8908201070e-05,1.0737777566e-04,2.9773159391e+01
6.0692947889e-05,4.4603865930e-05,2.2432687912e+01
3.5173883960e-04,1.9035501897e-05,1.3466918912e+01
-2.7809139930e-05,9.9699471654e-05,3.6947925980e+01
-2.2280032651e-05,1.0001229916e-04,3.7135827288e+01
-1.6768006610e-05,1.0038627927e-04,3.7239562105e+01
-9.5104639127e-06,9.8950012190e-05,3.7096778523e+01
3.0132651379e-04,9.3452577572e-06,1.7162091936e+01
-4.0129712002e-06,9.9493753976e-05,3.6764715652e+01
1.8152744137e-04,1.4003388095e-04,1.7110057271e+01
1.7306163349e-04,1.2599847463e-04,1.7068671932e+01
1.6963344493e-04,1.2827354252e-04,1.7100185500e+01
4.7886637087e-05,1.2124651430e-04,1.9402916305e+01
8.7207089869e-05,4.5307973644e-05,2.2617108150e+01
3.5424068655e-04,1.1667237734e-05,1.2912734521e+01
1.0958666383e-04,5.0761908698e-05,2.2806321967e+01
7.3945452629e-05,1.2103666130e-04,2.1504480230e+01
5.9982988784e-05,1.1969311925e-04,2.0040343609e+01
1.1702637823e-04,5.1962922065e-05,2.2861739353e+01
1.2382371048e-04,5.0558125812e-05,2.2873969683e+01
8.5989567077e-05,1.2072474866e-04,2.2244486338e+01
1.1199315509e-04,1.2574757412e-04,1.8092407880e+01
1.3149842656e-04,5.1834129174e-05,2.2293204398e+01
1.4373165429e-04,5.6710013158e-05,2.0118080228e+01
-2.2088162098e-05,7.0851985575e-05,3.8388617967e+01
1.4754659523e-04,5.7440677568e-05,1.9568057084e+01
1.5516546335e-04,5.8929855474e-05,1.8599327897e+01
-1.5973951847e-05,7.1146182660e-05,3.7520343071e+01
1.7350708674e-04,5.9671386056e-05,1.7219111718e+01
-3.8346089522e-06,7.1904515664e-05,3.4950764171e+01
2.1646421690e-06,7.2386589432e-05,3.3149153765e+01
1.5994255402e-05,7.1840551399e-05,2.7121689648e+01
-9.8515094307e-05,7.7730137564e-05,3.7953964093e+01
4.8960956211e-05,7.9440722881e-05,2.2068863386e+01
9.2378059122e-05,8.5583589562e-05,2.2593124359e+01
7.9578732947e-05,8.4635999400e-05,2.2360561071e+01
8.6238875902e-05,8.6508499831e-05,2.2471735148e+01
-7.9036761207e-05,1.7910410578e-05,5.0336325372e+01
-8.6583191818e-05,1.7909727269e-05,5.0451025666e+01
1.1068759432e-04,9.3977914666e-05,2.3004874611e+01
9.7134429442e-05,9.2545371974e-05,2.2650824908e+01
-1.6687340865e-05,3.0058827621e-06,4.7553305934e+01
1.2949438247e-04,1.0652504982e-04,1.7079071346e+01
1.2302122375e-04,1.0741811805e-04,1.7519620867e+01
-1.1671501663e-04,1.7939216882e-05,5.0247098879e+01
-1.2422935566e-04,1.7953562188e-05,5.0067969267e+01
-9.7639712101e-05,7.2068136786e-05,3.9090640426e+01
-3.2591504824e-04,3.6915061066e-05,1.7149507948e+01
-1.8645622319e-04,1.6624117466e-05,4.7246681427e+01
-1.9390390181e-04,1.6667727094e-05,4.6611895728e+01
-3.0925201858e-04,3.8041830278e-05,1.7377115363e+01
-2.3048456210e-04,1.7022455111e-05,4.1665423327e+01
1.9397713627e-04,5.1738330625e-05,1.7052830310e+01
1.8623160394e-04,5.0431019474e-05,1.7324184643e+01
1.7390852071e-04,4.5574565514e-05,1.8137269384e+01
3.1059306371e-06,1.2783003858e-04,4.4832497097e+01
1.6230743702e-04,4.3728732362e-05,1.9076212267e+01
1.5534273762e-04,4.5287485860e-05,1.9610682865e+01
1.4761958559e-04,4.4083205187e-05,2.0546197039e+01
1.1227365036e-04,3.6993550527e-05,2.2814401203e+01
1.0565340228e-04,3.8520146891e-05,2.2769851716e+01
9.8343625322e-05,3.7740602748e-05,2.2716509941e+01
9.1145597664e-05,3.7042440145e-05,2.2662086697e+01
2.1133557196e-05,6.4564769325e-05,2.4931361889e+01
3.0007510838e-05,6.5596593084e-05,2.2263798346e+01
1.2921678417e-04,8.4708033808e-05,1.9736010473e+01
-2.9480354355e-04,2.3824838807e-05,1.7161813027e+01
2.1844749298e-05,3.1661658350e-05,3.2789393271e+01
4.7280887794e-05,6.5956765991e-05,2.2237331936e+01
6.6993003796e-05,7.1802945805e-05,2.2304213997e+01
4.3280571692e-06,3.1218681191e-05,3.7880900862e+01
-2.7503507812e-06,3.1071646558e-05,3.9648834741e+01
-9.8604994867e-06,3.0942341783e-05,4.1228950442e+01
-1.6997254542e-05,3.0830530729e-05,4.2614627274e+01
-2.2590607489e-05,3.2382638488e-05,4.3278857168e+01
-3.4929632014e-05,3.0624080420e-05,4.5255456466e+01
-2.6237176807e-04,5.1074848904e-05,3.4455846992e+01
3.2250106312e-04,1.0666098766e-04,1.2367938208e+01
-2.5579570353e-04,3.0589119706e-05,3.4077436455e+01
-9.8432612095e-05,5.2242011241e-05,4.3226221090e+01
7.2391385634e-05,8.0224766436e-05,2.2285692318e+01
-2.1920065348e-04,5.0950609478e-05,3.9046998024e+01
-1.9410463895e-04,2.3069221522e-05,4.5462493354e+01
-1.6278391862e-04,2.4404366205e-05,4.7262721874e+01
-2.3262992199e-04,2.3787613729e-05,4.0398693184e+01
-1.5032103581e-04,5.8600279775e-05,4.0573643363e+01
-1.3148163234e-04,5.8074377530e-05,4.1184698019e+01
-1.5552910107e-04,2.4351238834e-05,4.7624561001e+01
-6.0304141343e-05,2.9764606951e-06,5.2282331117e+01
-1.8783557901e-04,2.4649360806e-05,4.5669636152e+01
-1.1674724464e-04,5.9575645474e-05,4.1237590546e+01
-5.2707387004e-05,2.4154533698e-05,4.8032677106e+01
-9.2543620602e-05,3.0469880033e-05,4.7940604032e+01
-6.7290996010e-05,3.0475498928e-05,4.7570230861e+01
-8.5346156093e-05,3.0458193416e-05,4.7926050218e+01
-1.5562874483e-05,1.2838367398e-04,3.9849839211e+01
6.5341602865e-05,1.1962142598e-04,2.0633085286e+01
1.0352001530e-04,9.1701749111e-05,2.2763161879e+01
1.5459956784e-04,1.6123631592e-04,1.7141916844e+01
-1.6161803877e-04,1.8070560010e-05,4.8579640883e+01
1.6970016138e-04,5.8933971141e-05,1.7476956149e+01
1.6215748412e-04,1.6140184331e-04,1.7456038982e+01
9.2268173937e-05,1.2046640847e-04,2.2813506595e+01
1.7045618118e-04,1.6117158956e-04,1.7493332898e+01
1.7909988132e-04,1.6212567394e-04,1.6997569533e+01
1.9523921142e-04,5.7862589107e-05,1.7094224006e+01
-2.0129342002e-04,1.6717933310e-05,4.5891086584e+01
-9.1997356382e-05,2.9603209914e-06,5.3206130021e+01
1.6283224146e-04,1.3272028307e-04,1.7175626028e+01
2.2352151795e-04,1.5500710413e-04,1.3292145507e+01
1.3507411321e-04,9.8845135763e-05,1.7064118726e+01
1.3759120159e-04,9.3332554521e-05,1.7030920195e+01
1.4310903420e-04,8.5631269219e-05,1.7113260817e+01
-2.7498199766e-04,9.6371713373e-06,2.4939228271e+01
2.4506528427e-04,1.4882042147e-04,1.3077192140e+01
-1.2370498741e-04,2.9591732439e-06,5.2845777518e+01
-4.2102545329e-05,3.0574996877e-05,4.6007215851e+01
-1.3558757774e-04,2.9612686450e-06,5.2475026645e+01
-2.1821721981e-04,4.4987382752e-05,3.9811301427e+01
-1.4351091650e-04,2.9609865439e-06,5.2164771820e+01
2.8188910757e-04,1.3290932109e-04,1.2732384772e+01
3.0092179947e-04,1.2191219701e-04,1.2558781153e+01
-2.8880753279e-04,3.1961019343e-06,1.6868930433e+01
-4.9027931911e-05,2.4171838608e-05,4.7762171038e+01
2.3183072359e-04,1.4848301564e-04,1.3452582873e+01
-3.0014360674e-04,3.3811943571e-06,1.7081735926e+01
-3.2644247537e-04,1.1619650367e-05,1.7047613836e+01
-3.1896441814e-04,3.8063122748e-06,1.7094937842e+01
-2.4602267987e-04,2.9810767267e-06,3.9210571318e+01
-1.7358240154e-04,2.4483266226e-05,4.6651782526e+01
-2.6242058380e-04,4.5912070297e-06,3.2633780602e+01
-1.9399939993e-04,4.5556857378e-05,4.1394406582e+01
-2.1256668703e-04,2.4993739990e-05,4.3281152317e+01
-2.1883960919e-04,2.3446114120e-05,4.2711836755e+01
3.5777867499e-04,7.1488084778e-05,1.2037669056e+01
-3.1968886596e-04,5.2175769412e-05,1.6041121934e+01
3.6344122631e-04,6.4431738117e-05,1.1939672318e+01
-3.2747734571e-04,4.9978567730e-05,1.5642378466e+01
-2.4976514793e-04,3.0054438813e-05,3.5905129358e+01
-3.3805940400e-04,4.5577043936e-05,1.2802731020e+01
-2.7714955971e-04,2.4985377139e-05,2.2859521826e+01
-2.3880363126e-04,5.1068973737e-05,3.7443269662e+01
-2.8865313131e-04,2.4878026922e-05,1.7209968898e+01
3.8882111716e-04,1.7301884972e-05,1.0085855702e+01
-3.2678588782e-04,1.7724576417e-05,1.7077590260e+01
-2.7113831691e-04,4.3849999947e-05,3.0720003420e+01
-3.2062600344e-04,2.2545047245e-05,1.7125581015e+01
-3.1968440316e-04,1.0680319008e-05,1.7046954512e+01
-3.0141640855e-04,3.6919797450e-05,1.7317608570e+01
-2.2496600569e-04,5.1502745250e-05,3.8584208766e+01
-3.2139873601e-04,3.8411007045e-05,1.7262472194e+01
-3.5305535029e-05,1.2681859862e-04,3.2050122744e+01
2.8149144680e-04,9.0344909884e-06,1.8473812186e+01
7.9646365205e-05,1.5438086223e-04,1.9119502127e+01
2.5798931156e-04,1.4086627202e-04,1.3110027938e+01
3.3908357825e-04,9.1733681036e-05,1.2243016950e+01
1.2453263513e-04,1.5992061400e-04,1.8304377252e+01
9.3240157226e-05,1.5406110609e-04,1.9193040907e+01
1.8798414788e-04,1.6169647373e-04,1.3674521726e+01
4.6825008314e-05,3.0060291262e-06,3.2758807673e+01
1.7335125969e-04,3.2557400504e-06,2.1343291366e+01
2.0120411673e-04,3.6941513085e-06,2.0874848013e+01
2.9635533231e-04,3.1106127679e-06,1.7735487498e+01
3.1250202586e-04,3.0859672045e-06,1.7733070541e+01
3.6475206306e-04,3.9835837404e-06,9.3204581896e+00
3.7659650994e-04,4.1305536077e-06,5.9408521312e+00
3.2851921428e-04,3.4064086361e-06,1.6942997945e+01
-4.0415861013e-05,1.2652713297e-04,3.2089561976e+01
3.2891159589e-04,1.0088082228e-04,1.2334404060e+01
-3.8742315695e-04,8.2879388418e-06,5.5535920351e+00
-3.3556118770e-04,4.4137251339e-05,1.4054405649e+01
2.3890016726e-04,1.4731467847e-04,1.3327271671e+01
-2.1814807794e-04,9.3271092192e-05,3.5850009783e+01
-3.1558811982e-04,5.0926089521e-05,1.6972275068e+01
-2.6926914848e-04,7.1085864692e-05,3.7615976476e+01
3.6009148670e-04,6.4045183520e-05,1.2141729931e+01
-7.3013879262e-05,1.2117261577e-04,3.2388396456e+01
-2.5140640694e-04,7.8911677370e-05,3.7354820342e+01
2.6863990230e-04,1.3582231690e-04,1.3026059212e+01
-1.3134079637e-04,1.1265153506e-04,3.3500631445e+01
3.7278200978e-04,4.5038022812e-05,1.1797817591e+01
9.7103331918e-05,1.5512239014e-04,1.9012102502e+01
-1.6154294096e-04,1.0706086423e-04,3.4251316502e+01
3.9522803224e-04,3.6733825835e-06,5.2088537783e+00
3.8394893323e-04,2.2650917293e-05,1.0657099116e+01
4.1926474041e-05,1.3444665396e-04,6.2799633942e+01
-1.0499407045e-04,1.1985586812e-04,3.2962442610e+01
8.5949372307e-05,1.5354553374e-04,1.9325561649e+01
-2.3123685634e-04,8.6929246672e-05,3.6251363609e+01
2.7542173883e-04,1.3334033282e-04,1.2926069502e+01
3.6571760656e-04,5.7401896637e-05,1.1998375548e+01
-1.9275698367e-04,9.9411088972e-05,3.5143807906e+01
