x_m,y_m,sigma_xx_Pa,sigma_xy_Pa,sigma_yy_Pa,von_mises_Pa,sigma_max_principal_Pa,sigma_min_principal_Pa,sigma_tension_Pa,sigma_comp_mag_Pa,is_surface,wss_mag_dyn_cm2,wss_x_dyn_cm2,wss_y_dyn_cm2,pressure_Pa,normal_x,normal_y
3.9657922653e-04,5.9209482093e-06,-4.3175937146e+00,-2.6378482603e+01,6.1394803640e+01,6.9839101369e+01,6.8860228938e+01,-1.1783019013e+01,6.8860228938e+01,1.0025243056e+01,1.0000000000e+00,1.1784144692e-01,-5.1773207621e-02,1.0585906473e-01,1.4044448881e+01,8.9831776081e-01,4.3934633334e-01
3.9432043646e-04,1.1254007762e-05,-3.7068749140e+00,-1.7124288674e+01,4.0638237995e+01,4.8666597771e+01,4.6563354864e+01,-9.6319917829e+00,4.6563354864e+01,9.7638571804e+00,1.0000000000e+00,3.5848564283e-02,1.3339660321e-02,-3.3274209587e-02,1.3967074724e+01,9.2818806702e-01,3.7211142450e-01
3.9227122709e-04,1.6349783460e-05,-5.6319511819e+00,-1.4083320790e+01,3.2961503447e+01,4.1259706608e+01,3.7486078849e+01,-1.0156526584e+01,3.7486078849e+01,1.0179210998e+01,1.0000000000e+00,2.3764299350e-01,8.8872203242e-02,-2.2039946427e-01,1.3921792573e+01,9.2743935356e-01,3.7397358926e-01
3.9025746648e-04,2.1272968936e-05,-6.3722364900e+00,-1.2607511757e+01,2.7550803077e+01,3.6546503985e+01,3.1689417207e+01,-1.0510850621e+01,3.1689417207e+01,1.0500857366e+01,1.0000000000e+00,5.1499423576e-01,1.9576985403e-01,-4.7633310521e-01,1.3875858183e+01,9.2492900335e-01,3.8013989368e-01
3.8822276290e-04,2.6058566179e-05,-6.7206822542e+00,-1.1763627720e+01,2.3620752677e+01,3.3219738610e+01,2.7629460240e+01,-1.0729389818e+01,2.7629460240e+01,1.0731729486e+01,1.0000000000e+00,1.2666417448e+00,5.1029555114e-01,-1.1593014104e+00,1.3787892655e+01,9.1525596338e-01,4.0287283539e-01
3.8613936235e-04,3.0724975554e-05,-6.9101397356e+00,-1.1262497517e+01,2.0585221461e+01,3.0747744366e+01,2.4589759349e+01,-1.0914677624e+01,2.4589759349e+01,1.0914373433e+01,1.0000000000e+00,1.7219911764e+00,7.1779276240e-01,-1.5652562608e+00,1.3747350187e+01,9.0898041884e-01,4.1683881558e-01
3.8399241711e-04,3.5284303872e-05,-7.0095056042e+00,-1.0905890691e+01,1.8048133640e+01,2.8745110196e+01,2.2115311127e+01,-1.1076683092e+01,2.2115311127e+01,1.1076705060e+01,1.0000000000e+00,2.2224090972e+00,9.5969196900e-01,-2.0045182763e+00,1.3710921430e+01,9.0195737536e-01,4.3182507226e-01
3.8177472449e-04,3.9741865499e-05,-7.0356764851e+00,-1.0650565195e+01,1.5865448049e+01,2.7071194710e+01,2.0044447335e+01,-1.1214675771e+01,2.0044447335e+01,1.1214678583e+01,1.0000000000e+00,2.7632734580e+00,1.2365558629e+00,-2.4711555600e+00,1.3678639508e+01,8.9428556296e-01,4.4749673952e-01
3.7948153863e-04,4.4103396871e-05,-7.0170025680e+00,-1.0447739196e+01,1.3955135348e+01,2.5627851098e+01,1.8265313120e+01,-1.1327180340e+01,1.8265313120e+01,1.1327178649e+01,1.0000000000e+00,3.9426614322e+00,1.8923515389e+00,-3.4588415434e+00,1.3626246622e+01,8.7728596606e-01,4.7996805494e-01
3.7711102876e-04,4.8371942174e-05,-6.9711262300e+00,-1.0280755445e+01,1.2267922876e+01,2.4376317295e+01,1.6722071675e+01,-1.1425275029e+01,1.6722071675e+01,1.1425275376e+01,1.0000000000e+00,4.5694151043e+00,2.2685263219e+00,-3.9665277916e+00,1.3607003528e+01,8.6806028805e-01,4.9645879619e-01
3.7466256619e-04,5.2550033609e-05,-6.9025525388e+00,-1.0132067371e+01,1.0746423252e+01,2.3263029619e+01,1.5352851769e+01,-1.1508981056e+01,1.5352851769e+01,1.1508981017e+01,1.0000000000e+00,5.2146364926e+00,2.6749580267e+00,-4.4762744895e+00,1.3592364384e+01,8.5840585358e-01,5.1297114007e-01
3.7213655966e-04,5.6639531523e-05,-6.8150351280e+00,-9.9959619025e+00,9.3618265285e+00,2.2263815645e+01,1.4127415656e+01,-1.1580624256e+01,1.4127415656e+01,1.1580624256e+01,1.0000000000e+00,5.8748383225e+00,3.1102730244e+00,-4.9839669972e+00,1.3582645743e+01,8.4835815449e-01,5.2942274385e-01
3.6953392585e-04,6.0641942893e-05,-6.7113894493e+00,-9.8689132470e+00,8.0920361084e+00,2.1359501263e+01,1.3022237134e+01,-1.1641590475e+01,1.3022237134e+01,1.1641590476e+01,1.0000000000e+00,7.2237651763e+00,4.0593463580e+00,-5.9753234614e+00,1.3577053660e+01,8.2717576161e-01,5.6194328843e-01
3.6685587766e-04,6.4558611136e-05,-6.5950761391e+00,-9.7477008371e+00,6.9251163474e+00,2.0540373893e+01,1.2024010500e+01,-1.1693970292e+01,1.2024010500e+01,1.1693970292e+01,1.0000000000e+00,7.9056938314e+00,4.5688829720e+00,-6.4517674589e+00,1.3581163111e+01,8.1609123709e-01,5.7792308550e-01
3.6410388623e-04,6.8390739126e-05,-6.4674176982e+00,-9.6328106833e+00,5.8460615759e+00,1.9795521127e+01,1.1118271390e+01,-1.1739627512e+01,1.1118271390e+01,1.1739627512e+01,1.0000000000e+00,8.5891476172e+00,5.0990014402e+00,-6.9118478791e+00,1.3589826692e+01,8.0471872031e-01,5.9365628202e-01
3.6127964057e-04,7.2139492389e-05,-6.3321722073e+00,-9.5203126095e+00,4.8465316646e+00,1.9116444995e+01,1.0294064392e+01,-1.1779704935e+01,1.0294064392e+01,1.1779704935e+01,1.0000000000e+00,9.2699435710e+00,5.6464841851e+00,-7.3518072715e+00,1.3602306009e+01,7.9308004576e-01,6.0911742793e-01
3.5838492616e-04,7.5805848508e-05,-6.1886494474e+00,-9.4115129193e+00,3.9156810795e+00,1.8497066045e+01,9.5428018762e+00,-1.1815770244e+01,9.5428018762e+00,1.1815770244e+01,1.0000000000e+00,9.9441723264e+00,6.2080704848e+00,-7.7682960882e+00,1.3619425835e+01,7.8119081540e-01,6.2429232731e-01
3.5542153840e-04,7.9390749918e-05,-6.0387206436e+00,-9.3061018797e+00,3.0478282958e+00,1.7932687989e+01,8.8579960641e+00,-1.1848888412e+01,8.8579960641e+00,1.1848888412e+01,1.0000000000e+00,1.0620143045e+01,6.7879508249e+00,-8.1676901194e+00,1.3641059746e+01,7.6907533968e-01,6.3915813529e-01
3.5239139699e-04,8.2895170309e-05,-5.8834814825e+00,-9.2030114418e+00,2.2367714638e+00,1.7418390714e+01,8.2331575584e+00,-1.1879867577e+01,8.2331575584e+00,1.1879867577e+01,1.0000000000e+00,1.1939813464e+01,7.9743355098e+00,-8.8864570407e+00,1.3694019839e+01,7.4427101122e-01,6.6787772973e-01
3.4929643940e-04,8.6320027982e-05,-5.7225468290e+00,-9.1020737792e+00,1.4754050759e+00,1.6949375249e+01,7.6621554862e+00,-1.1909297239e+01,7.6621554862e+00,1.1909297239e+01,1.0000000000e+00,1.2585917719e+01,8.5800163219e+00,-9.2080749748e+00,1.3726934224e+01,7.3161728692e-01,6.8171558988e-01
3.4613856315e-04,8.9666173123e-05,-5.5565773497e+00,-9.0047520722e+00,7.6183305827e-01,1.6524335594e+01,7.1429574578e+00,-1.1937701749e+01,7.1429574578e+00,1.1937701749e+01,1.0000000000e+00,1.3218626991e+01,9.1894993058e+00,-9.5018525580e+00,1.3763155743e+01,7.1882295828e-01,6.9519317794e-01
3.4291962679e-04,9.2934524203e-05,-5.3875302933e+00,-8.9070503136e+00,9.0238075196e-02,1.6136922159e+01,6.6680102432e+00,-1.1965302461e+01,6.6680102432e+00,1.1965302461e+01,1.0000000000e+00,1.3835970062e+01,9.8000633252e+00,-9.7669251237e+00,1.3801113933e+01,7.0590822906e-01,7.0830330519e-01
3.3964163038e-04,9.6125842416e-05,-5.2138020163e+00,-8.8120537957e+00,-5.4472898198e-01,1.5786294135e+01,6.2349556694e+00,-1.1993486668e+01,6.2349556694e+00,1.1993486668e+01,1.0000000000e+00,1.4443138714e+01,1.0414097236e+01,-1.0007538892e+01,1.3843205706e+01,6.9289225079e-01,7.2104114223e-01
3.3630637579e-04,9.9241029789e-05,-5.0365129928e+00,-8.7191665295e+00,-1.1419325096e+00,1.5470715521e+01,5.8427990194e+00,-1.2021244522e+01,5.8427990194e+00,1.2021244522e+01,1.0000000000e+00,1.5034375187e+01,1.1026314428e+01,-1.0220216602e+01,1.3887420913e+01,6.7978991310e-01,7.3340689528e-01
3.3291568245e-04,1.0228088101e-04,-4.8566814645e+00,-8.6264633239e+00,-1.7076573914e+00,1.5185426762e+01,5.4851408008e+00,-1.2049479657e+01,5.4851408008e+00,1.2049479657e+01,1.0000000000e+00,1.6172769933e+01,1.2243258676e+01,-1.0566981797e+01,1.3985010396e+01,6.5338107454e-01,7.5702917476e-01
3.2947140508e-04,1.0524615257e-04,-4.6734912290e+00,-8.5349160338e+00,-2.2442265528e+00,1.4929589436e+01,5.1607435887e+00,-1.2078461370e+01,5.1607435887e+00,1.2078461370e+01,1.0000000000e+00,1.6718009577e+01,1.2844186648e+01,-1.0701341671e+01,1.4036755008e+01,6.4010859796e-01,7.6828444135e-01
3.2597528577e-04,1.0813765611e-04,-4.4871353953e+00,-8.4444118281e+00,-2.7533204127e+00,1.4701212318e+01,4.8675209853e+00,-1.2107976793e+01,4.8675209853e+00,1.2107976793e+01,1.0000000000e+00,1.7248522854e+01,1.3439617924e+01,-1.0811485129e+01,1.4089605380e+01,6.2680643556e-01,7.7917500751e-01
3.2242904120e-04,1.1095614109e-04,-4.2980341820e+00,-8.3556161467e+00,-3.2364351705e+00,1.4499568810e+01,4.6040952791e+00,-1.2138564632e+01,4.6040952791e+00,1.2138564632e+01,1.0000000000e+00,1.7765584653e+01,1.4029588627e+01,-1.0898928433e+01,1.4147584517e+01,6.1348549155e-01,7.8970599064e-01
3.1883433823e-04,1.1370237051e-04,-4.1058296238e+00,-8.2671385250e+00,-3.6954018955e+00,1.4321783406e+01,4.3680697451e+00,-1.2169301264e+01,4.3680697451e+00,1.2169301264e+01,1.0000000000e+00,1.8264699161e+01,1.4609596106e+01,-1.0961703201e+01,1.4206116289e+01,6.0015788401e-01,7.9988156265e-01
3.1519280849e-04,1.1637704735e-04,-3.9114877939e+00,-8.1791327784e+00,-4.1336531135e+00,1.4166421057e+01,4.1564165570e+00,-1.2201557464e+01,4.1564165570e+00,1.2201557464e+01,1.0000000000e+00,1.8748282495e+01,1.5180630227e+01,-1.1002116271e+01,1.4263939094e+01,5.8683328853e-01,8.0970778153e-01
3.1150603790e-04,1.1898087597e-04,-3.7153610243e+00,-8.0910548665e+00,-4.5526715491e+00,1.4031566303e+01,3.9671122953e+00,-1.2235144869e+01,3.9671122953e+00,1.2235144869e+01,1.0000000000e+00,1.9220574386e+01,1.5745333600e+01,-1.1023381947e+01,1.4327453923e+01,5.7351990245e-01,8.1919162684e-01
3.0777557606e-04,1.2151458429e-04,-3.5147568831e+00,-8.0049497134e+00,-4.9509318116e+00,1.3919404883e+01,3.8035278088e+00,-1.2269216504e+01,3.8035278088e+00,1.2269216504e+01,1.0000000000e+00,1.9674524740e+01,1.6297202072e+01,-1.1022165320e+01,1.4390861603e+01,5.6022523879e-01,8.2834031764e-01
3.0400286784e-04,1.2397885812e-04,-3.3119552316e+00,-7.9190137742e+00,-5.3311969601e+00,1.3825964403e+01,3.6608481742e+00,-1.2304000366e+01,3.6608481742e+00,1.2304000366e+01,1.0000000000e+00,2.0544097545e+01,1.7373398184e+01,-1.0964715202e+01,1.4520457180e+01,5.3371607967e-01,8.4566373122e-01
3.0018931010e-04,1.2637429698e-04,-3.1056988888e+00,-7.8332640718e+00,-5.6966150747e+00,1.3750743069e+01,3.5378382305e+00,-1.2340152194e+01,3.5378382305e+00,1.2340152194e+01,1.0000000000e+00,2.0958331535e+01,1.7895365969e+01,-1.0909057593e+01,1.4588828703e+01,5.2051173896e-01,8.5385451314e-01
2.9633630964e-04,1.2870156560e-04,-2.8975598640e+00,-7.7477472844e+00,-6.0464723656e+00,1.3692627459e+01,3.4334260344e+00,-1.2377458264e+01,3.4334260344e+00,1.2377458264e+01,1.0000000000e+00,2.1359834255e+01,1.8406613348e+01,-1.0836932428e+01,1.4656261667e+01,5.0735096064e-01,8.6173952140e-01
2.9244520596e-04,1.3096130210e-04,-2.6849671179e+00,-7.6622778439e+00,-6.3810897107e+00,1.3650878494e+01,3.3483099586e+00,-1.2414366787e+01,3.3483099586e+00,1.2414366787e+01,1.0000000000e+00,2.1750714315e+01,1.8908557987e+01,-1.0749884096e+01,1.4726056525e+01,4.9423131305e-01,8.6933043729e-01
2.8851723159e-04,1.3315404117e-04,-2.4694307093e+00,-7.5766132786e+00,-6.7033507721e+00,1.3624604204e+01,3.2797781641e+00,-1.2452559645e+01,3.2797781641e+00,1.2452559645e+01,1.0000000000e+00,2.2130065502e+01,1.9399956362e+01,-1.0648074580e+01,1.4796481394e+01,4.8115874665e-01,8.7663348129e-01
2.8455361835e-04,1.3528033815e-04,-2.2497063085e+00,-7.4911230009e+00,-7.0124957213e+00,1.3613804808e+01,3.2288328556e+00,-1.2491034885e+01,3.2288328556e+00,1.2491034885e+01,1.0000000000e+00,2.2496718223e+01,1.9879404137e+01,-1.0531458681e+01,1.4867510253e+01,4.6813311065e-01,8.8365796025e-01
2.8055549846e-04,1.3734069879e-04,-2.0263417772e+00,-7.4057480003e+00,-7.3097306000e+00,1.3617733441e+01,3.1941658790e+00,-1.2530238256e+01,3.1941658790e+00,1.2530238256e+01,1.0000000000e+00,2.2853857744e+01,2.0349478067e+01,-1.0401805428e+01,1.4941804685e+01,4.5514440252e-01,8.9041763957e-01
2.7652399746e-04,1.3933559841e-04,-1.7982969672e+00,-7.3206560914e+00,-7.5961847634e+00,1.3636779476e+01,3.1759574360e+00,-1.2570439167e+01,3.1759574359e+00,1.2570439167e+01,1.0000000000e+00,2.3200296818e+01,2.0808686196e+01,-1.0259256856e+01,1.5014700988e+01,4.4220368976e-01,8.9691465411e-01
2.7246017353e-04,1.4126552093e-04,-1.5662492813e+00,-7.2352064957e+00,-7.8718468921e+00,1.3668847783e+01,3.1726648605e+00,-1.2610761034e+01,3.1726648602e+00,1.2610761034e+01,1.0000000000e+00,2.3864526293e+01,2.1696428456e+01,-9.9388433644e+00,1.5164439051e+01,4.1646933371e-01,9.0914976438e-01
2.6836505046e-04,1.4313084226e-04,-1.3277369321e+00,-7.1479388309e+00,-8.1377323682e+00,1.3712607109e+01,3.1842427556e+00,-1.2649712056e+01,3.1842427546e+00,1.2649712056e+01,1.0000000000e+00,2.4183768039e+01,2.2125991576e+01,-9.7619226255e+00,1.5240443996e+01,4.0365598156e-01,9.1491084186e-01
2.6423954000e-04,1.4493186335e-04,-1.0838460613e+00,-7.0617704438e+00,-8.3950668664e+00,1.3772175301e+01,3.2119126533e+00,-1.2690825581e+01,3.2119126538e+00,1.2690825581e+01,1.0000000000e+00,2.4496703334e+01,2.2547673667e+01,-9.5755358317e+00,1.5316543365e+01,3.9089079461e-01,9.2043706286e-01
2.6008456406e-04,1.4666895385e-04,-8.3667150994e-01,-6.9753421066e+00,-8.6436006040e+00,1.3843491730e+01,3.2524076201e+00,-1.2732679734e+01,3.2524076244e+00,1.2732679734e+01,1.0000000000e+00,2.4802260627e+01,2.2960507413e+01,-9.3790847921e+00,1.5394895718e+01,3.7815443250e-01,9.2574252640e-01
2.5590099379e-04,1.4834239601e-04,-5.7777112364e-01,-6.8887209524e+00,-8.8820847213e+00,1.3930349573e+01,3.3127631532e+00,-1.2772618998e+01,3.3127631484e+00,1.2772618998e+01,1.0000000000e+00,2.5099173085e+01,2.3363207556e+01,-9.1721874289e+00,1.5475154075e+01,3.6543783326e-01,9.3083574814e-01
2.5168964579e-04,1.4995229360e-04,-3.1336773318e-01,-6.7989968833e+00,-9.1153218402e+00,1.4027120017e+01,3.3842167313e+00,-1.2812906305e+01,3.3842167272e+00,1.2812906305e+01,1.0000000000e+00,2.5388137574e+01,2.3756212550e+01,-8.9554393966e+00,1.5553915679e+01,3.5274109298e-01,9.3572096339e-01
2.4745121536e-04,1.5149882931e-04,-4.2732315696e-02,-6.7105373319e+00,-9.3404686652e+00,1.4138436739e+01,3.4712297666e+00,-1.2854430747e+01,3.4712297536e+00,1.2854430747e+01,1.0000000000e+00,2.5674646306e+01,2.4144554562e+01,-8.7308618103e+00,1.5633147777e+01,3.4005772489e-01,9.4040456387e-01
2.4318649554e-04,1.5298210631e-04,2.3851884697e-01,-6.6196165289e+00,-9.5580708262e+00,1.4261978246e+01,3.5743809896e+00,-1.2893932969e+01,3.5743809767e+00,1.2893932969e+01,1.0000000000e+00,2.6235168291e+01,2.4902130582e+01,-8.2563882993e+00,1.5796111770e+01,3.1470689296e-01,9.4918890192e-01
2.3889610413e-04,1.5440209500e-04,5.2944845800e-01,-6.5274363123e+00,-9.7694205094e+00,1.4399099686e+01,3.6933380544e+00,-1.2933310106e+01,3.6933381243e+00,1.2933310106e+01,1.0000000000e+00,2.6508539535e+01,2.5270731063e+01,-8.0057991366e+00,1.5878970290e+01,3.0200830664e-01,9.5330529355e-01
2.3458065851e-04,1.5575865048e-04,8.3123020514e-01,-6.4340450897e+00,-9.9753754894e+00,1.4551165932e+01,3.8290469257e+00,-1.2973192210e+01,3.8290468809e+00,1.2973192210e+01,1.0000000000e+00,2.6777999479e+01,2.5633078146e+01,-7.7463901803e+00,1.5962485099e+01,2.8928188554e-01,9.5724395569e-01
2.3024072901e-04,1.5705163184e-04,1.1435176109e+00,-6.3386544057e+00,-1.0175476186e+01,1.4716548820e+01,3.9806241353e+00,-1.3012582710e+01,3.9806240655e+00,1.3012582710e+01,1.0000000000e+00,2.7044168069e+01,2.5989660081e+01,-7.4782748953e+00,1.6047073995e+01,2.7652079651e-01,9.6100793394e-01
2.2587688280e-04,1.5828077003e-04,1.4703705150e+00,-6.2395233424e+00,-1.0369477804e+01,1.4895942481e+01,4.1506227566e+00,-1.3049730046e+01,4.1506229171e+00,1.3049730046e+01,1.0000000000e+00,2.7308684419e+01,2.6342059676e+01,-7.2013982489e+00,1.6132916871e+01,2.6370359474e-01,9.6460376016e-01
2.2148956375e-04,1.5944566234e-04,1.8099293903e+00,-6.1380283856e+00,-1.0559088832e+01,1.5090463688e+01,4.3379035519e+00,-1.3087062993e+01,4.3379034410e+00,1.3087062993e+01,1.0000000000e+00,2.7571025777e+01,2.6689754808e+01,-6.9150886234e+00,1.6219517688e+01,2.5080998724e-01,9.6803633728e-01
2.1707924326e-04,1.6054577184e-04,2.1654494668e+00,-6.0327589322e+00,-1.0743638779e+01,1.5300859175e+01,4.5448605072e+00,-1.3123049819e+01,4.5448604236e+00,1.3123049819e+01,1.0000000000e+00,2.7832344506e+01,2.7033753156e+01,-6.6193346357e+00,1.6307486320e+01,2.3782885535e-01,9.7130707583e-01
2.1264628372e-04,1.6158040650e-04,2.5388516711e+00,-5.9237407507e+00,-1.0923834023e+01,1.5529061903e+01,4.7732168939e+00,-1.3158199246e+01,4.7732175091e+00,1.3158199246e+01,1.0000000000e+00,2.8094377167e+01,2.7375691114e+01,-6.3139183120e+00,1.6396836916e+01,2.2473957242e-01,9.7441886506e-01
2.0819104659e-04,1.6254872236e-04,2.9294959649e+00,-5.8103404410e+00,-1.1100586251e+01,1.5774945260e+01,5.0221237494e+00,-1.3193214036e+01,5.0221246159e+00,1.3193214036e+01,1.0000000000e+00,2.8618125835e+01,2.8050999374e+01,-5.6690881467e+00,1.6577123412e+01,1.9809431894e-01,9.8018296292e-01
2.0371389562e-04,1.6344974941e-04,3.3436962556e+00,-5.6908261631e+00,-1.1271362144e+01,1.6040215825e+01,5.2969899802e+00,-1.3224655869e+01,5.2969886654e+00,1.3224655869e+01,1.0000000000e+00,2.8884836433e+01,2.8388975882e+01,-5.3291485404e+00,1.6672339381e+01,1.8449640706e-01,9.8283318818e-01
1.9921501815e-04,1.6428224574e-04,3.7777068060e+00,-5.5655304553e+00,-1.1440586417e+01,1.6325789173e+01,5.5942589684e+00,-1.3257138579e+01,5.5942544553e+00,1.3257138579e+01,1.0000000000e+00,2.9159138877e+01,2.8731371929e+01,-4.9763085843e+00,1.6767111384e+01,1.7066034101e-01,9.8532991836e-01
1.9469478447e-04,1.6504467351e-04,4.2397717468e+00,-5.4299772069e+00,-1.1605011826e+01,1.6633371926e+01,5.9206617193e+00,-1.3285901798e+01,5.9206607447e+00,1.3285901798e+01,1.0000000000e+00,2.9431669132e+01,2.9068841779e+01,-4.6071233448e+00,1.6862564016e+01,1.5653625773e-01,9.8767221284e-01
1.9015329153e-04,1.6573522212e-04,4.7306690299e+00,-5.2862181238e+00,-1.1765976340e+01,1.6965872136e+01,6.2775971896e+00,-1.3312904499e+01,6.2775972240e+00,1.3312904499e+01,1.0000000000e+00,2.9712301988e+01,2.9410926287e+01,-4.2211733403e+00,1.6963228846e+01,1.4206820266e-01,9.8985687137e-01
1.8559073976e-04,1.6635171988e-04,5.2549968681e+00,-5.1309076599e+00,-1.1923392234e+01,1.7325844527e+01,6.6688833186e+00,-1.3337278684e+01,6.6688834405e+00,1.3337278684e+01,1.0000000000e+00,2.9999620339e+01,2.9755987769e+01,-3.8155487634e+00,1.7067552019e+01,1.2718656837e-01,9.9187881156e-01
1.8100720361e-04,1.6689147786e-04,5.8179128082e+00,-4.9616461353e+00,-1.2078843116e+01,1.7718117845e+01,7.0990949535e+00,-1.3360025261e+01,7.0991125787e+00,1.3360025261e+01,1.0000000000e+00,3.0599695022e+01,3.0458838503e+01,-2.9326596289e+00,1.7278888302e+01,9.5839505158e-02,9.9539679990e-01
1.7640283240e-04,1.6735127899e-04,6.4185525432e+00,-4.7749457651e+00,-1.2231897830e+01,1.8141340719e+01,7.5672353041e+00,-1.3380580591e+01,7.5672550972e+00,1.3380580591e+01,1.0000000000e+00,3.0922668772e+01,3.0825800225e+01,-2.4457073615e+00,1.7395234222e+01,7.9091082972e-02,9.9686739369e-01
1.7177773886e-04,1.6772718330e-04,7.0842556857e+00,-4.5705251721e+00,-1.2378303846e+01,1.8614952359e+01,8.1003236752e+00,-1.3394371836e+01,8.1002789283e+00,1.3394371836e+01,1.0000000000e+00,3.1262778409e+01,3.1203957368e+01,-1.9168616019e+00,1.7514214731e+01,6.1314499206e-02,9.9811849607e-01
1.6713169534e-04,1.6801409206e-04,7.8070602517e+00,-4.3391274677e+00,-1.2526409095e+01,1.9136882874e+01,8.6890100571e+00,-1.3408358901e+01,8.6889426791e+00,1.3408358901e+01,1.0000000000e+00,3.1630728402e+01,3.1602315645e+01,-1.3403824578e+00,1.7642086186e+01,4.2375959249e-02,9.9910173560e-01
1.4356994961e-04,1.6774675685e-04,1.2469766087e+01,-2.0119997384e+00,-1.4260068775e+01,2.3386800028e+01,1.2607223948e+01,-1.4397526636e+01,1.2607946007e+01,1.4397526636e+01,1.0000000000e+00,2.9840317596e+01,2.9502377925e+01,4.4781972956e+00,1.8859262656e+01,-1.5007203865e-01,9.8867506453e-01
1.3888777275e-04,1.6711033230e-04,7.8847858057e+00,-7.6776600940e-01,-1.7796528081e+01,2.2287378916e+01,7.9117530791e+00,-1.7823495355e+01,7.9048017718e+00,1.7823495355e+01,1.0000000000e+00,2.8115447900e+01,2.7749123723e+01,4.5237753257e+00,1.8929815408e+01,-1.6089999142e-01,9.8697071525e-01
1.3457398462e-04,1.6630432126e-04,7.8361396893e+00,-9.8618276403e-01,-1.7914986471e+01,2.2370028555e+01,7.8759186167e+00,-1.7954765399e+01,7.8788084316e+00,1.7954765399e+01,1.0000000000e+00,2.6818520126e+01,2.6477945290e+01,4.2604500904e+00,1.8941165401e+01,-1.5886223663e-01,9.8730075953e-01
1.3048380351e-04,1.6549451683e-04,6.6167747951e+00,-1.7253787942e+00,-1.7979493691e+01,2.1510697761e+01,6.7378476951e+00,-1.8100566591e+01,6.7385352397e+00,1.8100566591e+01,1.0000000000e+00,2.6093316071e+01,2.5792620709e+01,3.9499190547e+00,1.8930258275e+01,-1.5137666075e-01,9.8847615377e-01
1.2657175712e-04,1.6471745786e-04,5.6376502058e+00,-2.3345772428e+00,-1.7330942265e+01,2.0284053168e+01,5.8643575273e+00,-1.7557649586e+01,5.8576154289e+00,1.7557649586e+01,1.0000000000e+00,2.5794439638e+01,2.5513941392e+01,3.7936672069e+00,1.8931372380e+01,-1.4707306149e-01,9.8912563135e-01
1.2273371426e-04,1.6399130227e-04,4.1715906053e+00,-2.7043747972e+00,-1.6977968049e+01,1.8888042898e+01,4.5018279300e+00,-1.7308205373e+01,4.5059247754e+00,1.7308205373e+01,1.0000000000e+00,2.5716693361e+01,2.5443075729e+01,3.7414188308e+00,1.8950968438e+01,-1.4548599924e-01,9.8936031052e-01
1.1892051138e-04,1.6329092519e-04,2.4091050653e+00,-2.8982282973e+00,-1.7328667939e+01,1.7795180268e+01,2.8142706809e+00,-1.7733833555e+01,2.8176005472e+00,1.7733833554e+01,1.0000000000e+00,2.5756763429e+01,2.5477338219e+01,3.7836621969e+00,1.8985381116e+01,-1.4689975343e-01,9.8915138500e-01
1.1512591272e-04,1.6259532061e-04,1.6249744883e+00,-2.8941438559e+00,-1.7580082290e+01,1.7364769683e+01,2.0480005499e+00,-1.8003108352e+01,2.0488413653e+00,1.8003108355e+01,1.0000000000e+00,2.5869794097e+01,2.5575382260e+01,3.8917950684e+00,1.9032236872e+01,-1.5043780611e-01,9.8861947507e-01
1.1134111675e-04,1.6189174101e-04,1.5290484478e+00,-2.7861280187e+00,-1.7685654963e+01,1.7326528506e+01,1.9251726398e+00,-1.8081779155e+01,1.9118398426e+00,1.8081779136e+01,1.0000000000e+00,2.6031775923e+01,2.5710962602e+01,4.0742802742e+00,1.9091572438e+01,-1.5651180643e-01,9.8767608782e-01
1.0755951418e-04,1.6116738807e-04,1.7060965030e+00,-2.6350556475e+00,-1.7778548164e+01,1.7480107273e+01,2.0559188094e+00,-1.8128370470e+01,2.0507784990e+00,1.8128370529e+01,1.0000000000e+00,2.6215929982e+01,2.5857158044e+01,4.3223098794e+00,1.9162565689e+01,-1.6487341408e-01,9.8631473543e-01
1.0378042719e-04,1.6041149164e-04,2.1577166254e+00,-2.3684281069e+00,-1.7841185960e+01,1.7793307330e+01,2.4312361094e+00,-1.8114705444e+01,2.4356022854e+00,1.8114705152e+01,1.0000000000e+00,2.6408477603e+01,2.5998487032e+01,4.6353383233e+00,1.9244409568e+01,-1.7552463239e-01,9.8447503951e-01
1.0000010917e-04,1.5961180389e-04,2.8571916457e+00,-2.0646443989e+00,-1.7912601012e+01,1.8328337455e+01,3.0541658802e+00,-1.8109575247e+01,3.0433251748e+00,1.8109575551e+01,1.0000000000e+00,2.6601740710e+01,2.6124775032e+01,5.0148517762e+00,1.9337917092e+01,-1.8851592574e-01,9.8207013280e-01
9.6219613640e-05,1.5875655956e-04,3.7669665029e+00,-1.6574960770e+00,-1.7941992042e+01,1.9003155506e+01,3.8839641770e+00,-1.8058989716e+01,3.8709466918e+00,1.8058996216e+01,1.0000000000e+00,2.6784707255e+01,2.6220756358e+01,5.4674014603e+00,1.9443655678e+01,-2.0412399539e-01,9.7894504162e-01
9.2439682515e-05,1.5783184873e-04,4.8696966851e+00,-1.1757690175e+00,-1.7963112360e+01,1.9853591456e+01,4.9157685343e+00,-1.8009184209e+01,4.9121026902e+00,1.8009131086e+01,1.0000000000e+00,2.6942578236e+01,2.6265841132e+01,6.0006759321e+00,1.9563890958e+01,-2.2272092446e-01,9.7488224407e-01
8.8663538123e-05,1.5682140798e-04,6.1561282815e+00,-5.7226453383e-01,-1.7960037178e+01,2.0870851763e+01,6.1478374352e+00,-1.7951746332e+01,6.1092827498e+00,1.7952010141e+01,1.0000000000e+00,2.7057171745e+01,2.6234141419e+01,6.6227159718e+00,1.9699606432e+01,-2.4476748842e-01,9.6958180501e-01
8.4896832566e-05,1.5570565002e-04,7.6187645118e+00,1.8337658279e-01,-1.7926520573e+01,2.2063073733e+01,7.5842435284e+00,-1.7891999590e+01,7.6044134557e+00,1.7891375790e+01,1.0000000000e+00,2.7098315330e+01,2.6083848096e+01,7.3451727161e+00,1.9853096083e+01,-2.7105643383e-01,9.6256345748e-01
8.1149485651e-05,1.5445943682e-04,9.2063564954e+00,1.1434634066e+00,-1.7852801590e+01,2.3402754689e+01,9.1883641721e+00,-1.7834809267e+01,9.3176273966e+00,1.7832070589e+01,1.0000000000e+00,2.7028490847e+01,2.5760225808e+01,8.1823030883e+00,2.0031251634e+01,-3.0272881806e-01,9.5307673496e-01
7.7438016478e-05,1.5304892019e-04,1.1104957141e+01,2.3963244414e+00,-1.7498881845e+01,2.5056890157e+01,1.1269639926e+01,-1.7663564629e+01,1.1262373601e+01,1.7708761413e+01,1.0000000000e+00,2.6771503702e+01,2.5161463347e+01,9.1440785601e+00,2.0238989348e+01,-3.4156014028e-01,9.3985992072e-01
7.3791550866e-05,1.5142565834e-04,1.1849341323e+01,4.1290622319e+00,-1.8064242127e+01,2.6115206158e+01,1.1970170904e+01,-1.8185071707e+01,1.3195148418e+01,1.7829660678e+01,1.0000000000e+00,2.6160655948e+01,2.4074448244e+01,1.0237229183e+01,2.0492283415e+01,-3.9132157862e-01,9.2025399869e-01
7.0263847043e-05,1.4950153101e-04,2.0273535831e+01,5.5065788684e+00,-1.4221154441e+01,3.3462652156e+01,2.2345861924e+01,-1.6293480537e+01,1.8573791278e+01,1.8122175054e+01,1.0000000000e+00,2.5018982239e+01,2.2260970985e+01,1.1419222526e+01,2.0782997816e+01,-4.5642234432e-01,8.8976325144e-01
6.7065202486e-05,1.4709677554e-04,-6.1869528423e-01,1.0466856197e+01,-2.6767481595e+01,1.7431485689e+01,-3.6290154845e+00,-2.3757161395e+01,-2.6649577318e+00,1.7081671095e+01,1.0000000000e+00,2.1638341589e+01,1.7934834521e+01,1.2106177656e+01,2.1336230100e+01,-5.5947807305e-01,8.2884515187e-01
6.5193792751e-05,1.4426926794e-04,3.1929209747e+01,-2.3238200799e+01,-1.8974675238e+01,5.3927214214e+01,3.7612158897e+01,-2.4657624388e+01,4.1581853782e+01,3.5513413434e+01,1.0000000000e+00,1.3676947220e+01,8.3794012347e+00,1.0809464382e+01,2.1726233556e+01,-7.9034189483e-01,6.1266605037e-01
6.4021897236e-05,1.4273023827e-04,-6.4483870666e+01,-3.8102626494e+01,-1.1490726629e+02,7.6346868637e+01,-4.5616683320e+01,-1.3377445364e+02,-1.5343766939e+01,1.2881487802e+02,1.0000000000e+00,6.5799542539e+00,4.5906378609e+00,4.7140048806e+00,2.1324078346e+01,-7.1641909634e-01,6.9767017881e-01
6.2341845509e-05,1.4165099896e-04,-5.9358055968e+01,-4.1056561823e+01,-6.0440876621e+01,7.1009650909e+01,-1.8902025227e+01,-1.0089690736e+02,3.4983792866e+00,1.0208647695e+02,1.0000000000e+00,6.5799542539e+00,4.5906378609e+00,4.7140048806e+00,2.1324078346e+01,-7.1641909634e-01,6.9767017881e-01
6.0477862484e-05,1.4074053590e-04,-6.8765132078e+01,-3.4033644274e+01,-5.3868879325e+01,5.9299990681e+01,-2.7080140119e+01,-9.5553871284e+01,-5.0564581169e-01,9.5372735118e+01,1.0000000000e+00,6.5799542539e+00,4.5906378609e+00,4.7140048806e+00,2.1324078346e+01,-7.1641909634e-01,6.9767017881e-01
5.8520871277e-05,1.3993820099e-04,-7.0056112938e+01,-3.0048451343e+01,-4.7830970819e+01,5.5373100408e+01,-2.6973867452e+01,-9.0913216305e+01,2.7599796077e-02,9.0925459192e+01,1.0000000000e+00,5.2111221633e+00,4.7420330413e+00,2.1607676497e+00,2.0723140503e+01,-4.1464536466e-01,9.0998308862e-01
5.6503888956e-05,1.3922261819e-04,-7.1065461712e+01,-2.6706806779e+01,-4.4428586299e+01,5.1434241440e+01,-2.8051450864e+01,-8.7442597147e+01,7.0845274722e-03,8.7445022009e+01,1.0000000000e+00,5.2111221633e+00,4.7420330413e+00,2.1607676497e+00,2.0723140503e+01,-4.1464536466e-01,9.0998308862e-01
5.4441986827e-05,1.3857888241e-04,-7.1154651053e+01,-2.3776877607e+01,-4.1940720500e+01,4.8114837998e+01,-2.8768571106e+01,-8.4326800447e+01,-1.8569489725e-03,8.4325792830e+01,1.0000000000e+00,6.9437195770e+00,6.5715378204e+00,2.2427956302e+00,2.0412736799e+01,-3.2299628540e-01,9.4640023226e-01
5.2343039172e-05,1.3799481581e-04,-7.0858117173e+01,-2.1304939374e+01,-4.0112654231e+01,4.5310028198e+01,-2.9325628725e+01,-8.1645142680e+01,2.3790117365e-05,8.1645384737e+01,1.0000000000e+00,6.9437195770e+00,6.5715378204e+00,2.2427956302e+00,2.0412736799e+01,-3.2299628540e-01,9.4640023226e-01
5.0214078149e-05,1.3746176606e-04,-7.0291335673e+01,-1.8981082038e+01,-3.8579865737e+01,4.2741453577e+01,-2.9758810977e+01,-7.9112390433e+01,4.4462149315e-05,7.9112345630e+01,1.0000000000e+00,8.1627529375e+00,7.8746970547e+00,2.1493445084e+00,2.0243757919e+01,-2.6331122905e-01,9.6471093943e-01
4.8058327799e-05,1.3697238097e-04,-6.9388903946e+01,-1.6982905431e+01,-3.7408714094e+01,4.0323588347e+01,-3.0117974433e+01,-7.6679643607e+01,-6.6531632268e-06,7.6679647914e+01,1.0000000000e+00,9.1629380190e+00,8.9365866813e+00,2.0240680888e+00,2.0123760008e+01,-2.2089728039e-01,9.7529707860e-01
4.5878878927e-05,1.3652052893e-04,-6.8220818458e+01,-1.5263834470e+01,-3.6535867197e+01,3.7979453914e+01,-3.0450894886e+01,-7.4305790769e+01,4.7880507567e-06,7.4305790900e+01,1.0000000000e+00,9.1629380190e+00,8.9365866813e+00,2.0240680888e+00,2.0123760008e+01,-2.2089728039e-01,9.7529707860e-01
4.3677819267e-05,1.3610139392e-04,-6.6939793999e+01,-1.3691992725e+01,-3.5812633797e+01,3.5788809478e+01,-3.0713535112e+01,-7.2038892684e+01,-1.6356897375e-06,7.2038892461e+01,1.0000000000e+00,1.0020493133e+01,9.8387579758e+00,1.8997694920e+00,2.0041224549e+01,-1.8958842313e-01,9.8186365134e-01
4.1456980133e-05,1.3571126306e-04,-6.5520060910e+01,-1.2256158501e+01,-3.5208306238e+01,3.3690308729e+01,-3.0913074760e+01,-6.9815292388e+01,2.4650636254e-07,6.9815292448e+01,1.0000000000e+00,1.0020493133e+01,9.8387579758e+00,1.8997694920e+00,2.0041224549e+01,-1.8958842313e-01,9.8186365134e-01
3.9217563443e-05,1.3534660766e-04,-6.4043454634e+01,-1.1000781150e+01,-3.4719090713e+01,3.1688157746e+01,-3.1086106269e+01,-6.7676439078e+01,-1.0732600188e-07,6.7676439068e+01,1.0000000000e+00,1.0776301412e+01,1.0627896892e+01,1.7822681504e+00,1.9983043915e+01,-1.6538774133e-01,9.8622862208e-01
3.6960598081e-05,1.3500445757e-04,-6.2467609424e+01,-9.8731058800e+00,-3.4326927985e+01,2.9710741917e+01,-3.1243763861e+01,-6.5550773548e+01,1.6605001296e-08,6.5550773549e+01,1.0000000000e+00,1.0776301412e+01,1.0627896892e+01,1.7822681504e+00,1.9983043915e+01,-1.6538774133e-01,9.8622862208e-01
3.4686802965e-05,1.3468215912e-04,-6.0818719073e+01,-8.8694866947e+00,-3.4007503347e+01,2.7765091866e+01,-3.1382927947e+01,-6.3443294472e+01,2.2902270513e-09,6.3443294472e+01,1.0000000000e+00,1.1455006508e+01,1.1331546167e+01,1.6772702762e+00,1.9943151715e+01,-1.4642246384e-01,9.8922215002e-01
3.2396712023e-05,1.3437738236e-04,-5.9096760893e+01,-7.9631976167e+00,-3.3745375472e+01,2.5849923314e+01,-3.1496607999e+01,-6.1345528366e+01,-3.4066296007e-10,6.1345528366e+01,1.0000000000e+00,1.2071677270e+01,1.1966966620e+01,1.5865377496e+00,1.9917695373e+01,-1.3142645500e-01,9.9132592366e-01
3.0090680269e-05,1.3408801015e-04,-5.7304059388e+01,-7.1593118753e+00,-3.3534027387e+01,2.3957253295e+01,-3.1587316749e+01,-5.9250770026e+01,-2.8092802760e-09,5.9250770026e+01,1.0000000000e+00,1.2071677270e+01,1.1966966620e+01,1.5865377496e+00,1.9917695373e+01,-1.3142645500e-01,9.9132592366e-01
2.7768812720e-05,1.3381198700e-04,-5.5422563480e+01,-6.4603249445e+00,-3.3376234591e+01,2.2055563475e+01,-3.1665613525e+01,-5.7133184545e+01,-1.8172609038e-09,5.7133184545e+01,1.0000000000e+00,1.2636914359e+01,1.2546149185e+01,1.5118681036e+00,1.9903711116e+01,-1.1963902426e-01,9.9281745748e-01
2.5431066701e-05,1.3354730657e-04,-5.3452732959e+01,-5.8833692536e+00,-3.3272975779e+01,2.0153878741e+01,-3.1727007053e+01,-5.4998701685e+01,-6.1030345518e-10,5.4998701685e+01,1.0000000000e+00,1.2636914359e+01,1.2546149185e+01,1.5118681036e+00,1.9903711116e+01,-1.1963902426e-01,9.9281745748e-01
2.3077103878e-05,1.3329192560e-04,-5.1332769975e+01,-5.4767279330e+00,-3.3243673324e+01,1.8242515299e+01,-3.1755900532e+01,-5.2820542768e+01,1.4944739150e-09,5.2820542768e+01,1.0000000000e+00,1.3152597238e+01,1.3071844250e+01,1.4552326327e+00,1.9900471665e+01,-1.1064222574e-01,9.9386030099e-01
2.0705951083e-05,1.3304300769e-04,-4.8979786540e+01,-5.3782915301e+00,-3.3285247937e+01,1.6424066129e+01,-3.1650078238e+01,-5.0614956240e+01,4.7589163347e-09,5.0614956240e+01,1.0000000000e+00,1.3152597238e+01,1.3071844250e+01,1.4552326327e+00,1.9900471665e+01,-1.1064222574e-01,9.9386030099e-01
1.8318626915e-05,1.3279586671e-04,-4.7453260394e+01,-5.8487587604e+00,-3.3987702405e+01,1.5434000144e+01,-3.1809657262e+01,-4.9631305538e+01,8.1395042343e-09,4.9631305538e+01,1.0000000000e+00,1.3588633121e+01,1.3513344879e+01,1.4284468104e+00,1.9908322648e+01,-1.0512071358e-01,9.9445946905e-01
1.5925355535e-05,1.3255598767e-04,-4.8208227909e+01,-6.6678807869e+00,-3.5056301164e+01,1.6223250600e+01,-3.2265766435e+01,-5.0998762637e+01,1.4808261125e-08,5.0998762637e+01,1.0000000000e+00,1.3912722277e+01,1.3842072869e+01,1.4003070485e+00,1.9916484778e+01,-1.0064939274e-01,9.9492195661e-01
1.3539345262e-05,1.3233539588e-04,-4.9544618477e+01,-6.7740329109e+00,-3.4985967175e+01,1.7211002074e+01,-3.2328516145e+01,-5.2202069507e+01,5.2978498762e-09,5.2202069507e+01,1.0000000000e+00,1.3912722277e+01,1.3842072869e+01,1.4003070485e+00,1.9916484778e+01,-1.0064939274e-01,9.9492195661e-01
1.1155458465e-05,1.3213193806e-04,-4.9211141898e+01,-5.9186653571e+00,-3.4185150601e+01,1.6515373517e+01,-3.2162990904e+01,-5.1233301596e+01,-7.2402069290e-09,5.1233301596e+01,1.0000000000e+00,1.4241934679e+01,1.4185547358e+01,1.2660764359e+00,1.9917091384e+01,-8.8897784217e-02,9.9604075417e-01
8.7651157569e-06,1.3193783041e-04,-4.8196365329e+01,-5.1898642689e+00,-3.3733636597e+01,1.5360713424e+01,-3.2096488932e+01,-4.9833512993e+01,-3.3730548769e-09,4.9833512993e+01,1.0000000000e+00,1.4241934679e+01,1.4185547358e+01,1.2660764359e+00,1.9917091384e+01,-8.8897784217e-02,9.9604075417e-01
6.3673581679e-06,1.3174997742e-04,-4.7119227875e+01,-4.5605686519e+00,-3.3397426082e+01,1.4221971715e+01,-3.2047267780e+01,-4.8469386176e+01,7.2023712816e-10,4.8469386176e+01,1.0000000000e+00,1.4651722253e+01,1.4603092806e+01,1.1927470275e+00,1.9922937002e+01,-8.1406609197e-02,9.9668097402e-01
3.9615497775e-06,1.3156676032e-04,-4.5989011502e+01,-4.0116187149e+00,-3.3131435325e+01,1.3066113233e+01,-3.2016499421e+01,-4.7103947406e+01,8.1844398216e-10,4.7103947406e+01,1.0000000000e+00,1.5056756461e+01,1.5011400870e+01,1.1678009375e+00,1.9940301737e+01,-7.7559927369e-02,9.9698769183e-01
1.5475248684e-06,1.3138708788e-04,-4.4831464698e+01,-3.5087103112e+00,-3.2913279441e+01,1.1906074118e+01,-3.1998396973e+01,-4.5746347167e+01,7.8351876189e-09,4.5746347167e+01,1.0000000000e+00,1.5056756461e+01,1.5011400870e+01,1.1678009375e+00,1.9940301737e+01,-7.7559927369e-02,9.9698769183e-01
-8.7478709341e-07,1.3121007705e-04,-4.3668567884e+01,-3.0401763123e+00,-3.2728801903e+01,1.0788028845e+01,-3.1970213536e+01,-4.4427156251e+01,9.5627361430e-09,4.4427156251e+01,1.0000000000e+00,1.5424673909e+01,1.5381221468e+01,1.1569750779e+00,1.9963186699e+01,-7.5008073734e-02,9.9718292649e-01
-3.3053743211e-06,1.3103495870e-04,-4.2497567528e+01,-2.6040371771e+00,-3.2569267379e+01,9.6650899825e+00,-3.1953275150e+01,-4.3113559757e+01,7.6272269510e-09,4.3113559757e+01,1.0000000000e+00,1.5761493408e+01,1.5718999653e+01,1.1566003468e+00,1.9989979956e+01,-7.3381393304e-02,9.9730395122e-01
-5.7441769691e-06,1.3086105841e-04,-4.1337315665e+01,-2.2009109821e+00,-3.2431128342e+01,8.5450968976e+00,-3.1950708010e+01,-4.1817735998e+01,2.3335926597e-08,4.1817735998e+01,1.0000000000e+00,1.5761493408e+01,1.5718999653e+01,1.1566003468e+00,1.9989979956e+01,-7.3381393304e-02,9.9730395122e-01
-8.1911601180e-06,1.3068775317e-04,-4.0182089677e+01,-1.8161331840e+00,-3.2309408697e+01,7.4719133311e+00,-3.1931838014e+01,-4.0559660360e+01,1.4842875763e-08,4.0559660360e+01,1.0000000000e+00,1.6072941562e+01,1.6030633408e+01,1.1654368321e+00,2.0019996367e+01,-7.2509243414e-02,9.9736774041e-01
-1.0646254765e-05,1.3051446171e-04,-3.9034883083e+01,-1.4652622363e+00,-3.2201048611e+01,6.3788554075e+00,-3.1935131960e+01,-3.9300799733e+01,7.9628447162e-09,3.9300799733e+01,1.0000000000e+00,1.6072941562e+01,1.6030633408e+01,1.1654368321e+00,2.0019996367e+01,-7.2509243414e-02,9.9736774041e-01
-1.3109231697e-05,1.3034071592e-04,-3.7922381065e+01,-1.1346009674e+00,-3.2100955072e+01,5.3180025286e+00,-3.1941317877e+01,-3.8082018260e+01,1.3398716820e-08,3.8082018260e+01,1.0000000000e+00,1.6364493726e+01,1.6321726587e+01,1.1823265740e+00,2.0052200677e+01,-7.2249505169e-02,9.9738658954e-01
-1.5579839262e-05,1.3016601741e-04,-3.6845398724e+01,-8.1228839805e-01,-3.2008554869e+01,4.3095667256e+00,-3.1938847287e+01,-3.6915106306e+01,3.7204774419e-09,3.6915106306e+01,1.0000000000e+00,1.6634171993e+01,1.6590364666e+01,1.2064319882e+00,2.0087005380e+01,-7.2527324399e-02,9.9736642575e-01
-1.8057866986e-05,1.2998993053e-04,-3.5781559824e+01,-4.9374661077e-01,-3.1918002813e+01,3.2767688207e+00,-3.1957937957e+01,-3.5741624679e+01,-6.8588936612e-09,3.5741624679e+01,1.0000000000e+00,1.6634171993e+01,1.6590364666e+01,1.2064319882e+00,2.0087005380e+01,-7.2527324399e-02,9.9736642575e-01
-2.0543259404e-05,1.2981196807e-04,-3.4724733007e+01,-1.8186038142e-01,-3.1835627333e+01,2.2331047968e+00,-3.1990896515e+01,-3.4569463826e+01,-2.1484929854e-08,3.4569463826e+01,1.0000000000e+00,1.6882124753e+01,1.6836720447e+01,1.2373280795e+00,2.0123850078e+01,-7.3292200930e-02,9.9731050996e-01
-2.3035945359e-05,1.2963170720e-04,-3.3682225303e+01,1.1796103222e-01,-3.1761057589e+01,1.0286349653e+00,-3.2127758772e+01,-3.3315524121e+01,-3.7277584257e-08,3.3315524121e+01,1.0000000000e+00,1.6882124753e+01,1.6836720447e+01,1.2373280795e+00,2.0123850078e+01,-7.3292200930e-02,9.9731050996e-01
-2.5535783385e-05,1.2944876100e-04,-3.2659811270e+01,4.0758408975e-01,-3.1692030550e+01,1.9394864431e-01,-3.2063944608e+01,-3.2287897212e+01,-5.2055237693e-08,3.2287897212e+01,1.0000000000e+00,1.7113303107e+01,1.7065752157e+01,1.2748515744e+00,2.0162367993e+01,-7.4494769740e-02,9.9722140434e-01
-2.8042633441e-05,1.2926277685e-04,-3.1656660951e+01,6.8871280050e-01,-3.1627514978e+01,7.6878839515e-01,-3.1198227778e+01,-3.2085948151e+01,-6.0259674919e-08,3.2085948151e+01,1.0000000000e+00,1.7327563436e+01,1.7277371884e+01,1.3179056839e+00,2.0202571689e+01,-7.6058338426e-02,9.9710336934e-01
-3.0556339127e-05,1.2907341641e-04,-3.0674383880e+01,9.6196883333e-01,-3.1566201126e+01,1.6126780277e+00,-3.0189212410e+01,-3.2051372597e+01,-6.0186078668e-08,3.2051372597e+01,1.0000000000e+00,1.7327563436e+01,1.7277371884e+01,1.3179056839e+00,2.0202571689e+01,-7.6058338426e-02,9.9710336934e-01
-3.3076746655e-05,1.2888034741e-04,-2.9713227686e+01,1.2292668660e+00,-3.1508145834e+01,2.4980348699e+00,-2.9168445656e+01,-3.2052927865e+01,-5.3048747443e-08,3.2052927864e+01,1.0000000000e+00,1.7523955280e+01,1.7470630960e+01,1.3660389854e+00,2.0244395679e+01,-7.7952663288e-02,9.9695706141e-01
-3.5603700145e-05,1.2868325779e-04,-2.8773799867e+01,1.4899988109e+00,-3.1452580492e+01,3.3712510832e+00,-2.8166797459e+01,-3.2059582900e+01,-4.0762957419e-08,3.2059582900e+01,1.0000000000e+00,1.7705061315e+01,1.7648111241e+01,1.4189312112e+00,2.0287253108e+01,-8.0142688350e-02,9.9678340150e-01
-3.8137025371e-05,1.2848185152e-04,-2.7855850382e+01,1.7468064760e+00,-3.1399219725e+01,4.2409513148e+00,-2.7179020670e+01,-3.2076049437e+01,-1.4998788658e-08,3.2076049437e+01,1.0000000000e+00,1.7705061315e+01,1.7648111241e+01,1.4189312112e+00,2.0287253108e+01,-8.0142688350e-02,9.9678340150e-01
-4.0676578043e-05,1.2827584809e-04,-2.6959725307e+01,1.9981331606e+00,-3.1348216451e+01,5.0901148349e+00,-2.6215191709e+01,-3.2092750049e+01,2.6311956952e-08,3.2092750049e+01,1.0000000000e+00,1.7873842712e+01,1.7812767583e+01,1.4763347583e+00,2.0330888367e+01,-8.2597501953e-02,9.9658298835e-01
-4.3222173698e-05,1.2806498502e-04,-2.6088373726e+01,2.2466564428e+00,-3.1298020819e+01,5.9113981042e+00,-2.5280249985e+01,-3.2106144559e+01,8.2461512433e-08,3.2106144559e+01,1.0000000000e+00,1.8029975354e+01,1.7964273509e+01,1.5378194236e+00,2.0375699759e+01,-8.5292375248e-02,9.9635596587e-01
-4.5773654579e-05,1.2784900812e-04,-2.5237383093e+01,2.4912329581e+00,-3.1249171173e+01,6.7246164710e+00,-2.4360818003e+01,-3.2125736263e+01,1.4283614952e-07,3.2125736263e+01,1.0000000000e+00,1.8029975354e+01,1.7964273509e+01,1.5378194236e+00,2.0375699759e+01,-8.5292375248e-02,9.9635596587e-01
-4.8330847978e-05,1.2762767092e-04,-2.4408485094e+01,2.7334696145e+00,-3.1200954155e+01,7.5200890125e+00,-2.3462994209e+01,-3.2146445040e+01,1.9408332063e-07,3.2146445040e+01,1.0000000000e+00,1.8171680000e+01,1.8100849750e+01,1.6028700365e+00,2.0421423145e+01,-8.8207036252e-02,9.9610216281e-01
-5.0893593170e-05,1.2740073400e-04,-2.3601707949e+01,2.9730427336e+00,-3.1153639579e+01,8.2976270034e+00,-2.2587036580e+01,-3.2168310948e+01,2.1232291121e-07,3.2168310948e+01,1.0000000000e+00,1.8301136092e+01,1.8224668429e+01,1.6712399297e+00,2.0467805017e+01,-9.1318917108e-02,9.9582169859e-01
-5.3461718547e-05,1.2716797572e-04,-2.2817562661e+01,3.2107463990e+00,-3.1106577086e+01,9.0556104682e+00,-2.1733810732e+01,-3.2190329015e+01,1.9371724437e-07,3.2190329015e+01,1.0000000000e+00,1.8301136092e+01,1.8224668429e+01,1.6712399297e+00,2.0467805017e+01,-9.1318917108e-02,9.9582169859e-01
-5.6035057711e-05,1.2692918396e-04,-2.2054904922e+01,3.4469250601e+00,-3.1059974542e+01,9.8005487112e+00,-2.0899090296e+01,-3.2215789169e+01,1.9123645128e-07,3.2215789169e+01,1.0000000000e+00,1.8419122279e+01,1.8336501527e+01,1.7426351490e+00,2.0514782688e+01,-9.4610108050e-02,9.9551440344e-01
-5.8613448713e-05,1.2668415706e-04,-2.1314382705e+01,3.6811447342e+00,-3.1012751878e+01,1.0526013924e+01,-2.0086370319e+01,-3.2240764264e+01,-7.5630434331e-08,3.2240764264e+01,1.0000000000e+00,1.8419122279e+01,1.8336501527e+01,1.7426351490e+00,2.0514782688e+01,-9.4610108050e-02,9.9551440344e-01
-6.1196721705e-05,1.2643268707e-04,-2.0597636154e+01,3.9136009913e+00,-3.0966352011e+01,1.1228081764e+01,-1.9299458053e+01,-3.2264530112e+01,2.2677624396e-07,3.2264530112e+01,1.0000000000e+00,1.8526168078e+01,1.8436859525e+01,1.8168969402e+00,2.0562485255e+01,-9.8071923591e-02,9.9517932947e-01
-6.3784681189e-05,1.2617459233e-04,-1.9901037676e+01,4.1481509447e+00,-3.0918838071e+01,1.1923564231e+01,-1.8525864855e+01,-3.2294010892e+01,1.3075208172e-06,3.2294010892e+01,1.0000000000e+00,1.8622778094e+01,1.8526245388e+01,1.8936989677e+00,2.0610553413e+01,-1.0168724334e-01,9.9481641751e-01
-6.6377207900e-05,1.2590968207e-04,-1.9223565162e+01,4.3798864819e+00,-3.0871046056e+01,1.2608503875e+01,-1.7767782502e+01,-3.2326828715e+01,2.0476384779e-06,3.2326828715e+01,1.0000000000e+00,1.8622778094e+01,1.8526245388e+01,1.8936989677e+00,2.0610553413e+01,-1.0168724334e-01,9.9481641751e-01
-6.8974108305e-05,1.2563778499e-04,-1.8569886311e+01,4.6110746060e+00,-3.0822803988e+01,1.3268687399e+01,-1.7035664908e+01,-3.2357025391e+01,2.5586056235e-06,3.2357025391e+01,1.0000000000e+00,1.8709369354e+01,1.8605070856e+01,1.9727747199e+00,2.0658981229e+01,-1.0544314362e-01,9.9442533328e-01
-7.1575218921e-05,1.2535873406e-04,-1.7937969397e+01,4.8430521190e+00,-3.0774157282e+01,1.3914988239e+01,-1.6322241134e+01,-3.2389885546e+01,2.4965085692e-06,3.2389885546e+01,1.0000000000e+00,1.8786578128e+01,1.8673962730e+01,2.0539312900e+00,2.0707660942e+01,-1.0932971806e-01,9.9400553960e-01
-7.4180375199e-05,1.2507236988e-04,-1.7326723349e+01,5.0745145910e+00,-3.0724078940e+01,1.4546017536e+01,-1.5627254004e+01,-3.2423548285e+01,2.2299952563e-06,3.2423548285e+01,1.0000000000e+00,1.8786578128e+01,1.8673962730e+01,2.0539312900e+00,2.0707660942e+01,-1.0932971806e-01,9.9400553960e-01
-7.6789411463e-05,1.2477853048e-04,-1.6734925116e+01,5.3063307802e+00,-3.0672817172e+01,1.5164508048e+01,-1.4948638340e+01,-3.2459103948e+01,1.6607343650e-06,3.2459103948e+01,1.0000000000e+00,1.8854600310e+01,1.8733104400e+01,2.1369961135e+00,2.0757148160e+01,-1.1334083345e-01,9.9355616624e-01
-7.9402185505e-05,1.2447705927e-04,-1.6166806946e+01,5.5364884009e+00,-3.0620908044e+01,1.5758496963e+01,-1.4295685032e+01,-3.2492029959e+01,-5.7832262343e-07,3.2492029959e+01,1.0000000000e+00,1.8913505180e+01,1.8782567549e+01,2.2216737999e+00,2.0806675275e+01,-1.1746494258e-01,9.9307702988e-01
-8.2018479590e-05,1.2416782401e-04,-1.5619491373e+01,5.7698223634e+00,-3.0566395722e+01,1.6341532161e+01,-1.3658155555e+01,-3.2527731540e+01,1.8844141364e-06,3.2527731540e+01,1.0000000000e+00,1.8913505180e+01,1.8782567549e+01,2.2216737999e+00,2.0806675275e+01,-1.1746494258e-01,9.9307702988e-01
-8.4638182682e-05,1.2385067020e-04,-1.5088788127e+01,6.0012279743e+00,-3.0511955921e+01,1.6917400761e+01,-1.3033106141e+01,-3.2567637907e+01,9.6303931969e-06,3.2567637907e+01,1.0000000000e+00,1.8964646231e+01,1.8823686860e+01,2.3079470703e+00,2.0856054224e+01,-1.2169734369e-01,9.9256725542e-01
-8.7261113179e-05,1.2352546897e-04,-1.4580138017e+01,6.2335697553e+00,-3.0455887579e+01,1.7474572983e+01,-1.2429063382e+01,-3.2606962213e+01,1.8755616335e-05,3.2606962213e+01,1.0000000000e+00,1.9008177493e+01,1.8856613768e+01,2.3956061423e+00,2.0905993033e+01,-1.2603029108e-01,9.9202639367e-01
-8.9887111686e-05,1.2319208649e-04,-1.4091028888e+01,6.4661533961e+00,-3.0397786946e+01,1.8017950107e+01,-1.1841739572e+01,-3.2647076261e+01,2.1095387673e-05,3.2647076261e+01,1.0000000000e+00,1.9008177493e+01,1.8856613768e+01,2.3956061423e+00,2.0905993033e+01,-1.2603029108e-01,9.9202639367e-01
-9.2516020243e-05,1.2285039082e-04,-1.3622021299e+01,6.6989325228e+00,-3.0337808705e+01,1.8546251896e+01,-1.1272231477e+01,-3.2687598527e+01,5.6722540964e-05,3.2687598527e+01,1.0000000000e+00,1.9043506151e+01,1.8880751004e+01,2.4844250993e+00,2.0955869183e+01,-1.3046048766e-01,9.9145350933e-01
-9.5147677549e-05,1.2250025781e-04,-1.3173267959e+01,6.9326660313e+00,-3.0276241701e+01,1.9060671795e+01,-1.0720070838e+01,-3.2729438822e+01,-3.4923120982e-05,3.2729438822e+01,1.0000000000e+00,1.9071582654e+01,1.8897047559e+01,2.5742685314e+00,2.1005918185e+01,-1.3497928190e-01,9.9084842103e-01
-9.7781915127e-05,1.2214157359e-04,-1.2741530105e+01,7.1682316161e+00,-3.0212845452e+01,1.9567377137e+01,-1.0179957321e+01,-3.2774418236e+01,-7.6993078053e-05,3.2774418236e+01,1.0000000000e+00,1.9071582654e+01,1.8897047559e+01,2.5742685314e+00,2.1005918185e+01,-1.3497928190e-01,9.9084842103e-01
-1.0041860778e-04,1.2177421490e-04,-1.2330358107e+01,7.4004530183e+00,-3.0147668715e+01,2.0056143196e+01,-9.6595937383e+00,-3.2818433084e+01,-8.0830861280e-05,3.2818433084e+01,1.0000000000e+00,1.9092969572e+01,1.8906055962e+01,2.6650581614e+00,2.1056234564e+01,-1.3958321943e-01,9.9021034374e-01
-1.0305755097e-04,1.2139807294e-04,-1.1937430536e+01,7.6377506674e+00,-3.0079954242e+01,2.0535495897e+01,-9.1525183047e+00,-3.2864866473e+01,-1.6571215421e-04,3.2864866473e+01,1.0000000000e+00,1.9107680513e+01,1.8907776153e+01,2.7567109980e+00,2.1106352755e+01,-1.4427240376e-01,9.8953801014e-01
-1.0569864244e-04,1.2101302833e-04,-1.1563575311e+01,7.8715211366e+00,-3.0010499675e+01,2.0999189118e+01,-8.6631500035e+00,-3.2910924983e+01,8.8682803261e-05,3.2910924983e+01,1.0000000000e+00,1.9107680513e+01,1.8907776153e+01,2.7567109980e+00,2.1106352755e+01,-1.4427240376e-01,9.8953801014e-01
-1.0834167497e-04,1.2061898168e-04,-1.1209408052e+01,8.1092024947e+00,-2.9937503482e+01,2.1450671944e+01,-8.1889045455e+00,-3.2958006988e+01,2.9901137743e-04,3.2958006988e+01,1.0000000000e+00,1.9115883725e+01,1.8902382949e+01,2.8490225411e+00,2.1156452780e+01,-1.4903954126e-01,9.8883123694e-01
-1.1098653184e-04,1.2021582343e-04,-1.0871161203e+01,8.3453613695e+00,-2.9863008020e+01,2.1893064081e+01,-7.7271181711e+00,-3.3007051052e+01,2.1104100493e-04,3.3007051052e+01,1.0000000000e+00,1.9117871212e+01,1.8890166979e+01,2.9418686601e+00,2.1206698921e+01,-1.5388055644e-01,9.8808945665e-01
-1.1363304893e-04,1.1980345358e-04,-1.0552979834e+01,8.5821115784e+00,-2.9786000561e+01,2.2320766591e+01,-7.2825895976e+00,-3.3056390798e+01,2.3511522714e-04,3.3056390798e+01,1.0000000000e+00,1.9117871212e+01,1.8890166979e+01,2.9418686601e+00,2.1206698921e+01,-1.5388055644e-01,9.8808945665e-01
-1.1628106502e-04,1.1938177102e-04,-1.0252298067e+01,8.8205145875e+00,-2.9706301867e+01,2.2738717645e+01,-6.8510952136e+00,-3.3107504720e+01,8.2362687282e-05,3.3107504720e+01,1.0000000000e+00,1.9113938098e+01,1.8871404260e+01,3.0352480706e+00,2.1256801323e+01,-1.5879763004e-01,9.8731115293e-01
-1.1893043861e-04,1.1895067577e-04,-9.9687426067e+00,9.0584871917e+00,-2.9623858551e+01,2.3145947446e+01,-6.4329815901e+00,-3.3159619568e+01,-4.9501357212e-04,3.3159619568e+01,1.0000000000e+00,1.9104293117e+01,1.8846304948e+01,3.1290262583e+00,2.1306991500e+01,-1.6378654992e-01,9.8649580134e-01
-1.2158101059e-04,1.1851007075e-04,-9.7023069370e+00,9.2974245399e+00,-2.9538639837e+01,2.3542925063e+01,-6.0279592647e+00,-3.3212987509e+01,-7.7258628930e-04,3.3212987509e+01,1.0000000000e+00,1.9104293117e+01,1.8846304948e+01,3.1290262583e+00,2.1306991500e+01,-1.6378654992e-01,9.8649580134e-01
-1.2423263885e-04,1.1805986586e-04,-9.4529338128e+00,9.5364028481e+00,-2.9450647370e+01,2.3929259848e+01,-5.6362259762e+00,-3.3267355206e+01,-1.2366332050e-03,3.3267355206e+01,1.0000000000e+00,1.9088894568e+01,1.8814834992e+01,3.2230234368e+00,2.1357074278e+01,-1.6884285390e-01,9.8564298338e-01
-1.2688517297e-04,1.1759997334e-04,-9.2207115241e+00,9.7756641463e+00,-2.9359417968e+01,2.4304771970e+01,-5.2576981066e+00,-3.3322431386e+01,-9.1269581811e-04,3.3322431386e+01,1.0000000000e+00,1.9068084973e+01,1.8777326372e+01,3.3172094952e+00,2.1407085241e+01,-1.7396657819e-01,9.8475155734e-01
-1.2953846017e-04,1.1713029817e-04,-9.0070086961e+00,1.0014980467e+01,-2.9265485018e+01,2.4668933895e+01,-4.8936312325e+00,-3.3378862482e+01,3.7752350528e-03,3.3378862482e+01,1.0000000000e+00,1.9068084973e+01,1.8777326372e+01,3.3172094952e+00,2.1407085241e+01,-1.7396657819e-01,9.8475155734e-01
-1.3219233911e-04,1.1665074899e-04,-8.8071391043e+00,1.0256164081e+01,-2.9168037316e+01,2.5027210332e+01,-4.5381215878e+00,-3.3437054832e+01,9.5152342555e-03,3.3437054832e+01,1.0000000000e+00,1.9042159436e+01,1.8734057126e+01,3.4115890116e+00,2.1457013946e+01,-1.7915977561e-01,9.8381999106e-01
-1.3484670177e-04,1.1616123155e-04,-8.6252849695e+00,1.0494580631e+01,-2.9067999092e+01,2.5372024753e+01,-4.1980967097e+00,-3.3495187352e+01,-6.7803055939e-03,3.3495187352e+01,1.0000000000e+00,1.9010945221e+01,1.8684870045e+01,3.5059477475e+00,2.1506784939e+01,-1.8441732942e-01,9.8284802925e-01
-1.3750135519e-04,1.1566167639e-04,-8.4604036683e+00,1.0736088078e+01,-2.8963082547e+01,2.5707997531e+01,-3.8692238127e+00,-3.3554262402e+01,-2.2402476917e-02,3.3554262402e+01,1.0000000000e+00,1.9010945221e+01,1.8684870045e+01,3.5059477475e+00,2.1506784939e+01,-1.8441732942e-01,9.8284802925e-01
-1.4015618569e-04,1.1515199284e-04,-8.3112458237e+00,1.0975887568e+01,-2.8855852230e+01,2.6035238125e+01,-3.5520972867e+00,-3.3615000767e+01,-1.0634101917e-02,3.3615000767e+01,1.0000000000e+00,1.8974609224e+01,1.8629931818e+01,3.6001993936e+00,2.1556445970e+01,-1.8973773589e-01,9.8183480870e-01
-1.4281102538e-04,1.1463209970e-04,-8.1780979304e+00,1.1216598083e+01,-2.8744750999e+01,2.6354106105e+01,-3.2458742104e+00,-3.3676974719e+01,1.1217270194e-02,3.3676974719e+01,1.0000000000e+00,1.8933293449e+01,1.8569375376e+01,3.6943062935e+00,2.1606400535e+01,-1.9512222231e-01,9.8077893450e-01
-1.4546574195e-04,1.1410190114e-04,-8.0599444283e+00,1.1457001050e+01,-2.8630393358e+01,2.6665014634e+01,-2.9501155166e+00,-3.3740222270e+01,8.7006367316e-03,3.3740222270e+01,1.0000000000e+00,1.8933293449e+01,1.8569375376e+01,3.6943062935e+00,2.1606400535e+01,-1.9512222231e-01,9.8077893450e-01
-1.4812019035e-04,1.1356132830e-04,-7.9603186926e+00,1.1696691249e+01,-2.8511798683e+01,2.6963563025e+01,-2.6686383170e+00,-3.3803479059e+01,4.2281071383e-02,3.3803479059e+01,1.0000000000e+00,1.8887255230e+01,1.8503440152e+01,3.7882862457e+00,2.1655663438e+01,-2.0057367783e-01,9.7967862065e-01
-1.5077419526e-04,1.1301030393e-04,-7.8736652867e+00,1.1938294907e+01,-2.8389043330e+01,2.7258951929e+01,-2.3933910742e+00,-3.3869317542e+01,8.9221719279e-02,3.3869317542e+01,1.0000000000e+00,1.8836466528e+01,1.8432122254e+01,3.8819248410e+00,2.1704983499e+01,-2.0608561777e-01,9.7853396372e-01
-1.5342766180e-04,1.1244874171e-04,-7.7995884694e+00,1.2177811781e+01,-2.8263666874e+01,2.7548295111e+01,-2.1266120736e+00,-3.3936643269e+01,6.1047711847e-02,3.3936643269e+01,1.0000000000e+00,1.8781018080e+01,1.8355518842e+01,3.9751186336e+00,2.1754379468e+01,-2.1165618481e-01,9.7734418678e-01
-1.5608042678e-04,1.1187657574e-04,-7.7451073791e+00,1.2416242652e+01,-2.8133469058e+01,2.7823473040e+01,-1.8753985690e+00,-3.4003177868e+01,1.6589005664e-02,3.4003177868e+01,1.0000000000e+00,1.8781018080e+01,1.8355518842e+01,3.9751186336e+00,2.1754379468e+01,-2.1165618481e-01,9.7734418678e-01
-1.5873231610e-04,1.1129371946e-04,-7.7052737975e+00,1.2657077568e+01,-2.7997636698e+01,2.8093893981e+01,-1.6314379955e+00,-3.4071472500e+01,-6.0848939102e-03,3.4071472500e+01,1.0000000000e+00,1.8721126162e+01,1.8273801631e+01,4.0680141001e+00,2.1803177416e+01,-2.1729537341e-01,9.7610589625e-01
-1.6138322209e-04,1.1070008971e-04,-7.6788050234e+00,1.2895204931e+01,-2.7858988138e+01,2.8357577308e+01,-1.3966416886e+00,-3.4141151473e+01,-7.6605790266e-02,3.4141151473e+01,1.0000000000e+00,1.8656503328e+01,1.8186727651e+01,4.1602949150e+00,2.1852183726e+01,-2.2299435440e-01,9.7481973611e-01
-1.6403298211e-04,1.1009562344e-04,-7.6682624257e+00,1.3133637041e+01,-2.7715728169e+01,2.8613810209e+01,-1.1718042703e+00,-3.4212186324e+01,-1.9738529768e-01,3.4212186324e+01,1.0000000000e+00,1.8656503328e+01,1.8186727651e+01,4.1602949150e+00,2.1852183726e+01,-2.2299435440e-01,9.7481973611e-01
-1.6668145526e-04,1.0948024949e-04,-7.6715862357e+00,1.3371368837e+01,-2.7567674896e+01,2.8863861430e+01,-9.5507239896e-01,-3.4284188732e+01,-2.7914938227e-01,3.4284188732e+01,1.0000000000e+00,1.8587134041e+01,1.8094296490e+01,4.2518215350e+00,2.1900885806e+01,-2.2875078674e-01,9.7348501661e-01
-1.6932850228e-04,1.0885388478e-04,-7.6891742546e+00,1.3608216165e+01,-2.7414875538e+01,2.9107201205e+01,-7.4697444534e-01,-3.4357075348e+01,-2.8009442820e-01,3.4357075348e+01,1.0000000000e+00,1.8513089350e+01,1.7996522103e+01,4.3427720938e+00,2.1949457899e+01,-2.3457846563e-01,9.7209718828e-01
-1.7197397125e-04,1.0821645339e-04,-7.7215430036e+00,1.3844271102e+01,-2.7257372000e+01,2.9343970999e+01,-5.4770794641e-01,-3.4431207057e+01,-2.6268678733e-01,3.4431207057e+01,1.0000000000e+00,1.8513089350e+01,1.7996522103e+01,4.3427720938e+00,2.1949457899e+01,-2.3457846563e-01,9.7209718828e-01
-1.7461772423e-04,1.0756788813e-04,-7.7704265133e+00,1.4079215272e+01,-2.7094972035e+01,2.9572837848e+01,-3.5881338187e-01,-3.4506585166e+01,-2.7321770150e-01,3.4506585166e+01,1.0000000000e+00,1.8434266550e+01,1.7893373734e+01,4.4327598256e+00,2.1997848951e+01,-2.4046304275e-01,9.7065829470e-01
-1.7725959258e-04,1.0690813100e-04,-7.8307124127e+00,1.4314603850e+01,-2.6926567618e+01,2.9799198072e+01,-1.7406498703e-01,-3.4583215043e+01,-1.8002070476e-01,3.4583215043e+01,1.0000000000e+00,1.8350702623e+01,1.7784883847e+01,4.5217467091e+00,2.2046138300e+01,-2.4640727944e-01,9.6916636995e-01
-1.7989947807e-04,1.0623709291e-04,-7.9030586002e+00,1.4547074285e+01,-2.6754373776e+01,3.0020729356e+01,3.7599871796e-03,-3.4661192363e+01,4.0436126781e-03,3.4661192363e+01,1.0000000000e+00,1.8350702623e+01,1.7784883847e+01,4.5217467091e+00,2.2046138300e+01,-2.4640727944e-01,9.6916636995e-01
-1.8253721063e-04,1.0555470772e-04,-7.9907187074e+00,1.4779854484e+01,-2.6576242404e+01,3.0236268632e+01,1.7343727839e-01,-3.4740398390e+01,1.7350752633e-01,3.4740398390e+01,1.0000000000e+00,1.8262530726e+01,1.7671153649e+01,4.6098109731e+00,2.2093908136e+01,-2.5241906734e-01,9.6761801060e-01
-1.8517266153e-04,1.0486090146e-04,-8.0883366791e+00,1.5011511098e+01,-2.6392680437e+01,3.0448985954e+01,3.3922167944e-01,-3.4820238795e+01,3.3919474697e-01,3.4820238795e+01,1.0000000000e+00,1.8168923560e+01,1.7551425960e+01,4.6965125458e+00,2.2142259828e+01,-2.5849151329e-01,9.6601352866e-01
-1.8780570639e-04,1.0415560417e-04,-8.1997444808e+00,1.5239825181e+01,-2.6204884952e+01,3.0654717777e+01,4.9619484445e-01,-3.4900824277e+01,4.9619951897e-01,3.4900824277e+01,1.0000000000e+00,1.8168923560e+01,1.7551425960e+01,4.6965125458e+00,2.2142259828e+01,-2.5849151329e-01,9.6601352866e-01
-1.9043618370e-04,1.0343877368e-04,-8.3248413701e+00,1.5465726592e+01,-2.6011357243e+01,3.0854173970e+01,6.4556634082e-01,-3.4981764954e+01,6.4556611324e-01,3.4981764954e+01,1.0000000000e+00,1.8069903158e+01,1.7425775512e+01,4.7816051649e+00,2.2189722043e+01,-2.6461708859e-01,9.6435356401e-01
-1.9306394760e-04,1.0271034304e-04,-8.4638103488e+00,1.5687973848e+01,-2.5812600858e+01,3.1046617894e+01,7.8656759541e-01,-3.5062978802e+01,7.8656744142e-01,3.5062978802e+01,1.0000000000e+00,1.7966102823e+01,1.7294792568e+01,4.8652852638e+00,2.2237111229e+01,-2.7080359673e-01,9.6263462019e-01
-1.9568883586e-04,1.0197025143e-04,-8.6216646152e+00,1.5907762192e+01,-2.5607749065e+01,3.1230343374e+01,9.1614031357e-01,-3.5145553994e+01,9.1614035751e-01,3.5145553994e+01,1.0000000000e+00,1.7966102823e+01,1.7294792568e+01,4.8652852638e+00,2.2237111229e+01,-2.7080359673e-01,9.6263462019e-01
-1.9831066163e-04,1.0121845288e-04,-8.7891598150e+00,1.6127220772e+01,-2.5394754129e+01,3.1413092718e+01,1.0444005649e+00,-3.5228314509e+01,1.0444005534e+00,3.5228314509e+01,1.0000000000e+00,1.7856966727e+01,1.7157963778e+01,4.9472759864e+00,2.2284709549e+01,-2.7705018786e-01,9.6085544876e-01
-2.0092933447e-04,1.0045487097e-04,-8.9675410029e+00,1.6341227838e+01,-2.5177887211e+01,3.1591233304e+01,1.1664929441e+00,-3.5311921159e+01,1.1664929459e+00,3.5311921159e+01,1.0000000000e+00,1.7742413002e+01,1.7015256587e+01,5.0273514308e+00,2.2331259938e+01,-2.8335218159e-01,9.5901592332e-01
-2.0354466646e-04,9.9679477489e-05,-9.1619237776e+00,1.6552879470e+01,-2.4954264760e+01,3.1762438171e+01,1.2799579624e+00,-3.5396146497e+01,1.2799579622e+00,3.5396146497e+01,1.0000000000e+00,1.7742413002e+01,1.7015256587e+01,5.0273514308e+00,2.2331259938e+01,-2.8335218159e-01,9.5901592332e-01
-2.0615650504e-04,9.8892217111e-05,-9.3677636500e+00,1.6761328293e+01,-2.4723460092e+01,3.1929295249e+01,1.3887753359e+00,-3.5479999078e+01,1.3887753360e+00,3.5479999078e+01,1.0000000000e+00,1.7622376591e+01,1.6866642659e+01,5.1053425107e+00,2.2378176340e+01,-2.8970794514e-01,9.5711509576e-01
-2.0876470758e-04,9.8093037785e-05,-9.5907386429e+00,1.6964343710e+01,-2.4486918120e+01,3.2087104842e+01,1.4866702384e+00,-3.5564327003e+01,1.4866702385e+00,3.5564327004e+01,1.0000000000e+00,1.7496333183e+01,1.6711624970e+01,5.1810487095e+00,2.2424680190e+01,-2.9612197340e-01,9.5515013316e-01
-2.1136907311e-04,9.7281905296e-05,-9.8218421301e+00,1.7166319006e+01,-2.4240984475e+01,3.2244610178e+01,1.5850210633e+00,-3.5647847668e+01,1.5850210632e+00,3.5647847668e+01,1.0000000000e+00,1.7364193906e+01,1.6550233850e+01,5.2540450611e+00,2.2470859296e+01,-3.0257926683e-01,9.5312422448e-01
-2.1396951566e-04,9.6458783793e-05,-1.0069074236e+01,1.7357883799e+01,-2.3992523343e+01,3.2390070479e+01,1.6696171205e+00,-3.5731214700e+01,1.6696171205e+00,3.5731214700e+01,1.0000000000e+00,1.7364193906e+01,1.6550233850e+01,5.2540450611e+00,2.2470859296e+01,-3.0257926683e-01,9.5312422448e-01
-2.1656578137e-04,9.5623669167e-05,-1.0329817974e+01,1.7548325655e+01,-2.3731919542e+01,3.2530969072e+01,1.7508949926e+00,-3.5812632509e+01,1.7508949926e+00,3.5812632509e+01,1.0000000000e+00,1.7225781363e+01,1.6382317766e+01,5.3242096298e+00,2.2516819629e+01,-3.0908378074e-01,9.5103481350e-01
-2.1915775387e-04,9.4776513347e-05,-1.0603905055e+01,1.7729606675e+01,-2.3466519805e+01,3.2662937972e+01,1.8227436005e+00,-3.5893168461e+01,1.8227436005e+00,3.5893168461e+01,1.0000000000e+00,1.7080819940e+01,1.6207663472e+01,5.3912943329e+00,2.2562350896e+01,-3.1563439881e-01,9.4888088098e-01
-2.2174522876e-04,9.3917313660e-05,-1.0893633003e+01,1.7903745887e+01,-2.3193041460e+01,3.2784512716e+01,1.8848100099e+00,-3.5971484473e+01,1.8848100099e+00,3.5971484473e+01,1.0000000000e+00,1.7080819940e+01,1.6207663472e+01,5.3912943329e+00,2.2562350896e+01,-3.1563439881e-01,9.4888088098e-01
-2.2432800103e-04,9.3046076920e-05,-1.1200321397e+01,1.8068514761e+01,-2.2911384695e+01,3.2893485494e+01,1.9352096586e+00,-3.6046915751e+01,1.9352096586e+00,3.6046915751e+01,1.0000000000e+00,1.6929103259e+01,1.6026208736e+01,5.4548300321e+00,2.2607687925e+01,-3.2221612384e-01,9.4666613414e-01
-2.2690587976e-04,9.2162828009e-05,-1.1521074085e+01,1.8222684835e+01,-2.2620991264e+01,3.2989111602e+01,1.9752397894e+00,-3.6117305138e+01,1.9752397894e+00,3.6117305138e+01,1.0000000000e+00,1.6771285590e+01,1.5838619175e+01,5.5149037155e+00,2.2652609397e+01,-3.2883011179e-01,9.4438909226e-01
-2.2947862228e-04,9.1267578418e-05,-1.1862497218e+01,1.8362314372e+01,-2.2321535414e+01,3.3064008837e+01,1.9974980866e+00,-3.6181530719e+01,1.9974980866e+00,3.6181530719e+01,1.0000000000e+00,1.6771285590e+01,1.5838619175e+01,5.5149037155e+00,2.2652609397e+01,-3.2883011179e-01,9.4438909226e-01
-2.3204595482e-04,9.0360366647e-05,-1.2223915149e+01,1.8483316140e+01,-2.2011733589e+01,3.3112040411e+01,1.9994210753e+00,-3.6235069814e+01,1.9994210753e+00,3.6235069814e+01,1.0000000000e+00,1.6607074578e+01,1.5644579665e+01,5.5715395685e+00,2.2697026604e+01,-3.3549193401e-01,9.4204307875e-01
-2.3460753946e-04,8.9441237071e-05,-1.2629265425e+01,1.8573184809e+01,-2.1694454960e+01,3.3107631857e+01,1.9528399726e+00,-3.6276560357e+01,1.9528399726e+00,3.6276560357e+01,1.0000000000e+00,1.6437246226e+01,1.5444871336e+01,5.6248567012e+00,2.2741380056e+01,-3.4220188855e-01,9.3962645103e-01
-2.3716272074e-04,8.8510329330e-05,-1.3095466854e+01,1.8627005956e+01,-2.1355431626e+01,3.3038750311e+01,1.8494821460e+00,-3.6300380625e+01,1.8494821460e+00,3.6300380625e+01,1.0000000000e+00,1.6437246226e+01,1.5444871336e+01,5.6248567012e+00,2.2741380056e+01,-3.4220188855e-01,9.3962645103e-01
-2.3971061752e-04,8.7567554925e-05,-1.3679575499e+01,1.8637208224e+01,-2.0999600322e+01,3.2891960917e+01,1.6505945789e+00,-3.6329770400e+01,1.6505945789e+00,3.6329770400e+01,1.0000000000e+00,1.6259891089e+01,1.5236729054e+01,5.6768077267e+00,2.2785945038e+01,-3.4912950496e-01,9.3707448411e-01
-2.4224936245e-04,8.6612965990e-05,-1.4641415157e+01,1.8642024726e+01,-2.0589826507e+01,3.2685805039e+01,1.2555375063e+00,-3.6486779169e+01,1.2555375063e+00,3.6486779169e+01,1.0000000000e+00,1.6064817933e+01,1.5009067915e+01,5.7276745326e+00,2.2831068674e+01,-3.5653529076e-01,9.3428185600e-01
-2.4477724471e-04,8.5646401262e-05,-1.5784862431e+01,1.8806320633e+01,-2.0173220065e+01,3.2784765007e+01,9.4925165430e-01,-3.6907334150e+01,9.4925165430e-01,3.6907334150e+01,1.0000000000e+00,1.6064817933e+01,1.5009067915e+01,5.7276745326e+00,2.2831068674e+01,-3.5653529076e-01,9.3428185600e-01
-2.4729555897e-04,8.4668291960e-05,-1.6631319349e+01,1.9245386065e+01,-1.9611097599e+01,3.3414045249e+01,1.1703995452e+00,-3.7412816494e+01,1.1703995452e+00,3.7412816494e+01,1.0000000000e+00,1.5846667229e+01,1.4760978616e+01,5.7645791313e+00,2.2875279722e+01,-3.6377233446e-01,9.3148788971e-01
-2.4980789011e-04,8.3678159699e-05,-1.7047658068e+01,1.9815679271e+01,-1.8973890180e+01,3.4342233481e+01,1.8167236212e+00,-3.7838271869e+01,1.8167236212e+00,3.7838271869e+01,1.0000000000e+00,1.5612513486e+01,1.4501062728e+01,5.7853052734e+00,2.2917591557e+01,-3.7055566220e-01,9.2881026115e-01
-2.5231703521e-04,8.2675219063e-05,-1.7123163580e+01,2.0367587890e+01,-1.8373711001e+01,3.5273842207e+01,2.6169250037e+00,-3.8113799584e+01,2.6169250037e+00,3.8113799584e+01,1.0000000000e+00,1.5612513486e+01,1.4501062728e+01,5.7853052734e+00,2.2917591557e+01,-3.7055566220e-01,9.2881026115e-01
-2.5482413145e-04,8.1659258566e-05,-1.7107098454e+01,2.0785725880e+01,-1.7856203652e+01,3.5989235977e+01,3.2967440266e+00,-3.8260046132e+01,3.2967440266e+00,3.8260046132e+01,1.0000000000e+00,1.5368653446e+01,1.4233959727e+01,5.7956793576e+00,2.2958666090e+01,-3.7711042012e-01,9.2616830600e-01
-2.5732844393e-04,8.0630784887e-05,-1.7168439288e+01,2.1088516467e+01,-1.7371803994e+01,3.6512025014e+01,3.8101058296e+00,-3.8350349111e+01,3.8101058296e+00,3.8350349111e+01,1.0000000000e+00,1.5115163782e+01,1.3959358588e+01,5.7969374644e+00,2.2998472156e+01,-3.8351800537e-01,9.2353339927e-01
-2.5982901690e-04,7.9590151428e-05,-1.7337835250e+01,2.1322774664e+01,-1.6908873741e+01,3.6922273447e+01,4.1937300181e+00,-3.8440439009e+01,4.1937300181e+00,3.8440439009e+01,1.0000000000e+00,1.5115163782e+01,1.3959358588e+01,5.7969374644e+00,2.2998472156e+01,-3.8351800537e-01,9.2353339927e-01
-2.6232507654e-04,7.8537871454e-05,-1.7568020998e+01,2.1544444177e+01,-1.6422745815e+01,3.7310613426e+01,4.5459092985e+00,-3.8536676111e+01,4.5459092985e+00,3.8536676111e+01,1.0000000000e+00,1.4848320833e+01,1.3673749266e+01,5.7880232003e+00,2.3037193630e+01,-3.8980994992e-01,9.2089532681e-01
-2.6481639679e-04,7.7474346743e-05,-1.7822762802e+01,2.1751611801e+01,-1.5930901146e+01,3.7691673428e+01,4.8844658259e+00,-3.8638129774e+01,4.8844658259e+00,3.8638129774e+01,1.0000000000e+00,1.4565647344e+01,1.3375747604e+01,5.7660609243e+00,2.3074717746e+01,-3.9586712408e-01,9.1830780247e-01
-2.6730282251e-04,7.6400021070e-05,-1.8103464282e+01,2.1950727853e+01,-1.5423812875e+01,3.8070740299e+01,5.2165135813e+00,-3.8743790738e+01,5.2165135813e+00,3.8743790738e+01,1.0000000000e+00,1.4265882251e+01,1.3064811280e+01,5.7294068285e+00,2.3110520112e+01,-4.0161601840e-01,9.1580815336e-01
-2.6978425772e-04,7.5315443676e-05,-1.8399714313e+01,2.2148565489e+01,-1.4898104623e+01,3.8455334473e+01,5.5532882418e+00,-3.8851107177e+01,5.5532882418e+00,3.8851107177e+01,1.0000000000e+00,1.4265882251e+01,1.3064811280e+01,5.7294068285e+00,2.3110520112e+01,-4.0161601840e-01,9.1580815336e-01
-2.7226074877e-04,7.4221206062e-05,-1.8694243894e+01,2.2347409254e+01,-1.4352107163e+01,3.8856135430e+01,5.9104247218e+00,-3.8956775779e+01,5.9104247218e+00,3.8956775779e+01,1.0000000000e+00,1.3947353680e+01,1.2740279260e+01,5.6757342303e+00,2.3144459411e+01,-4.0693986547e-01,9.1345495012e-01
-2.7473243476e-04,7.3117961416e-05,-1.9000168982e+01,2.2545881515e+01,-1.3792920994e+01,3.9274116699e+01,6.2783768607e+00,-3.9071466837e+01,6.2783768607e+00,3.9071466837e+01,1.0000000000e+00,1.3608835230e+01,1.2401848494e+01,5.6030839947e+00,2.3176005098e+01,-4.1172399401e-01,9.1130859359e-01
-2.7719943980e-04,7.2006516974e-05,-1.9263865056e+01,2.2760883437e+01,-1.3207806566e+01,3.9738163484e+01,6.7070035734e+00,-3.9178675195e+01,6.7070035734e+00,3.9178675195e+01,1.0000000000e+00,1.3608835230e+01,1.2401848494e+01,5.6030839947e+00,2.3176005098e+01,-4.1172399401e-01,9.1130859359e-01
-2.7966228850e-04,7.0887732787e-05,-1.9517978369e+01,2.2973962424e+01,-1.2612533844e+01,4.0219364122e+01,7.1554045958e+00,-3.9285916809e+01,7.1554045958e+00,3.9285916809e+01,1.0000000000e+00,1.3248155021e+01,1.2048730122e+01,5.5083313185e+00,2.3204766993e+01,-4.1578101327e-01,9.0946475963e-01
-2.8212125901e-04,6.9762825292e-05,-1.9747790937e+01,2.3216273922e+01,-1.1983238168e+01,4.0734151518e+01,7.6523587918e+00,-3.9383387896e+01,7.6523587918e+00,3.9383387896e+01,1.0000000000e+00,1.2863949166e+01,1.1681074463e+01,5.3882917081e+00,2.3230016231e+01,-4.1886761510e-01,9.0804731210e-01
-2.8457702198e-04,6.8633085874e-05,-1.9943442694e+01,2.3476910746e+01,-1.1333564204e+01,4.1294495690e+01,8.2028847539e+00,-3.9479891651e+01,8.2028847539e+00,3.9479891651e+01,1.0000000000e+00,1.2863949166e+01,1.1681074463e+01,5.3882917081e+00,2.3230016231e+01,-4.1886761510e-01,9.0804731210e-01
-2.8703033417e-04,6.7500060526e-05,-2.0082216334e+01,2.3766755887e+01,-1.0661102156e+01,4.1909702671e+01,8.8249188738e+00,-3.9568237363e+01,8.8249188738e+00,3.9568237363e+01,1.0000000000e+00,1.2454627121e+01,1.1298866131e+01,5.2395954867e+00,2.3250992712e+01,-4.2069468928e-01,9.0720228087e-01
-2.8948219895e-04,6.6365655886e-05,-2.0136650173e+01,2.4096274313e+01,-9.9648761576e+00,4.2588686724e+01,9.5378265792e+00,-3.9639352910e+01,9.5378265792e+00,3.9639352910e+01,1.0000000000e+00,1.2018039475e+01,1.0902157865e+01,5.0572944069e+00,2.3266604451e+01,-4.2080860338e-01,9.0714944707e-01
-2.9193386780e-04,6.5232189709e-05,-2.0104410268e+01,2.4478024094e+01,-9.2410446862e+00,4.3339351668e+01,1.0349258875e+01,-3.9694713829e+01,1.0349258875e+01,3.9694713829e+01,1.0000000000e+00,1.2018039475e+01,1.0902157865e+01,5.0572944069e+00,2.3266604451e+01,-4.2080860338e-01,9.0714944707e-01
-2.9438698434e-04,6.4102463315e-05,-1.9929562491e+01,2.4924330485e+01,-8.4931746653e+00,4.4178808187e+01,1.1295278221e+01,-3.9718015378e+01,1.1295278221e+01,3.9718015378e+01,1.0000000000e+00,1.1552053286e+01,1.0491137623e+01,4.8359038979e+00,2.3275379022e+01,-4.1861855881e-01,9.0816215635e-01
-2.9684346154e-04,6.2979908205e-05,-1.9568390641e+01,2.5437966282e+01,-7.7355742053e+00,4.5135192218e+01,1.2406832954e+01,-3.9710797800e+01,1.2406832954e+01,3.9710797800e+01,1.0000000000e+00,1.1057346300e+01,1.0069172951e+01,4.5690987373e+00,2.3275447080e+01,-4.1321838110e-01,9.1063196162e-01
-2.9930572859e-04,6.1869009014e-05,-1.9016786641e+01,2.6108037519e+01,-6.9340895005e+00,4.6225768454e+01,1.3713021790e+01,-3.9663897931e+01,1.3713021790e+01,3.9663897931e+01,1.0000000000e+00,1.1057346300e+01,1.0069172951e+01,4.5690987373e+00,2.3275447080e+01,-4.1321838110e-01,9.1063196162e-01
-3.0177747393e-04,6.0775244620e-05,-1.8078612156e+01,2.6866219104e+01,-6.1351621544e+00,4.7438856217e+01,1.5281949252e+01,-3.9495723562e+01,1.5281949252e+01,3.9495723562e+01,1.0000000000e+00,1.0524585472e+01,9.6309174512e+00,4.2440933549e+00,2.3263157119e+01,-4.0325515586e-01,9.1508758011e-01
-3.0426204628e-04,5.9705968948e-05,-1.6814135580e+01,2.7780602937e+01,-5.3765858248e+00,4.8872846790e+01,1.7121390548e+01,-3.9312111953e+01,1.7121390548e+01,3.9312111953e+01,1.0000000000e+00,9.9558917947e+00,9.1821440580e+00,3.8481179718e+00,2.3232968173e+01,-3.8651665277e-01,9.2228242807e-01
-3.0676498760e-04,5.8671200775e-05,-1.4908562264e+01,2.8966117867e+01,-4.6279010232e+00,5.0577959899e+01,1.9432967119e+01,-3.8969430407e+01,1.9432967119e+01,3.8969430407e+01,1.0000000000e+00,9.9558917947e+00,9.1821440580e+00,3.8481179718e+00,2.3232968173e+01,-3.8651665277e-01,9.2228242807e-01
-3.0929262096e-04,5.7685290072e-05,-1.1962923201e+01,3.0346460140e+01,-3.9517900806e+00,5.2671582778e+01,2.2452595855e+01,-3.8367309136e+01,2.2452595855e+01,3.8367309136e+01,1.0000000000e+00,9.3510728040e+00,8.7304450195e+00,3.3499093044e+00,2.3177469819e+01,-3.5823796633e-01,9.3363031200e-01
-3.1185291417e-04,5.6770713079e-05,-8.7387334828e+00,3.2074982326e+01,-3.9841779697e+00,5.4861838137e+01,2.5313041291e+01,-3.8035952743e+01,2.5313041291e+01,3.8035952743e+01,1.0000000000e+00,8.7373039757e+00,8.3086616037e+00,2.7030766022e+00,2.3060461670e+01,-3.0937193095e-01,9.5094111718e-01
-3.1445718170e-04,5.5967242346e-05,-6.1567802798e-01,3.5929724182e+01,-5.0029117863e+00,6.0661826238e+01,3.2213826801e+01,-3.7832416615e+01,3.2213826801e+01,3.7832416615e+01,1.0000000000e+00,8.7373039757e+00,8.3086616037e+00,2.7030766022e+00,2.3060461670e+01,-3.0937193095e-01,9.5094111718e-01
-3.1711251303e-04,5.5398770359e-05,2.1552580877e+01,3.6282845845e+01,-6.8587359087e+00,6.7185738832e+01,4.6136626884e+01,-3.1442781916e+01,4.6136626884e+01,3.1442781916e+01,1.0000000000e+00,9.2280070783e+00,9.0721173940e+00,1.6890235719e+00,2.2828363322e+01,-1.8303232297e-01,9.8310689589e-01
-3.2008984499e-04,5.5184420474e-05,3.7140499777e+01,2.3766279206e+01,-4.8803512305e+00,5.6462936974e+01,4.8728966135e+01,-1.6468817588e+01,4.8728966135e+01,1.6468817589e+01,1.0000000000e+00,1.2207222083e+01,1.2153925686e+01,1.1394566230e+00,2.2669877047e+01,-9.3342827326e-02,9.9563402744e-01
-3.2502662691e-04,5.4452310256e-05,4.1495948396e+01,2.6940817937e+01,-1.0945647893e+00,5.9537418171e+01,5.4574636211e+01,-1.4173252604e+01,5.4574636211e+01,1.4173252600e+01,1.0000000000e+00,1.5476349245e+01,1.5112949057e+01,3.3340900958e+00,2.2866448950e+01,-2.1543130379e-01,9.7651899794e-01
-3.3055479297e-04,5.2435928614e-05,4.8599213382e+01,3.8723972133e+01,1.2835481695e+01,7.3688061725e+01,7.3261169811e+01,-1.1826474734e+01,7.3261169811e+01,1.1826474759e+01,1.0000000000e+00,1.5982145793e+01,1.4567891575e+01,6.5730905379e+00,2.3458474169e+01,-4.1127709777e-01,9.1151036683e-01
-3.3598679826e-04,4.9844783280e-05,4.6814278176e+01,4.1319470904e+01,1.6516808244e+01,7.6239241899e+01,7.5682290044e+01,-1.2351203623e+01,7.5682290044e+01,1.2351203496e+01,1.0000000000e+00,1.5107324539e+01,1.3478796847e+01,6.8229971625e+00,2.3587599671e+01,-4.5163504266e-01,8.9220277305e-01
-3.4137612194e-04,4.6884661364e-05,4.8364576356e+01,4.5345222888e+01,2.2047297983e+01,8.1741326325e+01,8.2399313927e+01,-1.1987439588e+01,8.2399313927e+01,1.1987440034e+01,1.0000000000e+00,1.3457432265e+01,1.1588147608e+01,6.8423181888e+00,2.3756788865e+01,-5.0844158484e-01,8.6109648403e-01
-3.4675205667e-04,4.3617819348e-05,5.0694499118e+01,4.9460424680e+01,2.7458942646e+01,8.7977470569e+01,8.9870537198e+01,-1.1717095433e+01,8.9870537198e+01,1.1717095468e+01,1.0000000000e+00,1.2680467326e+01,1.0753633384e+01,6.7196443844e+00,2.3816482179e+01,-5.2992087842e-01,8.4804708750e-01
-3.5213581731e-04,4.0069566632e-05,5.4121943403e+01,5.4265594997e+01,3.3575399598e+01,9.5626066113e+01,9.9058406512e+01,-1.1361063511e+01,9.9058406512e+01,1.1361053716e+01,1.0000000000e+00,1.1195475262e+01,9.2304713197e+00,6.3353820369e+00,2.3904532187e+01,-5.6588772596e-01,8.2448231128e-01
-3.5754579242e-04,3.6246681222e-05,5.8679723633e+01,6.0062314280e+01,4.0775409510e+01,1.0513466570e+02,1.1042709412e+02,-1.0971960973e+01,1.1042709412e+02,1.0972047910e+01,1.0000000000e+00,1.0465765786e+01,8.5153377754e+00,6.0845111599e+00,2.3937922826e+01,-5.8137276186e-01,8.1363733430e-01
-3.6300260784e-04,3.2141200508e-05,6.4612455626e+01,6.7153399003e+01,4.9403192545e+01,1.1700001610e+02,1.2455781488e+02,-1.0542166704e+01,1.2455781488e+02,1.0541714030e+01,1.0000000000e+00,9.0521517577e+00,7.1783808179e+00,5.5147348329e+00,2.3984403094e+01,-6.0921811526e-01,7.9300270368e-01
-3.6852091748e-04,2.7736604239e-05,7.2327157027e+01,7.6261051043e+01,6.0401594825e+01,1.3244730589e+02,1.4283286364e+02,-1.0104111784e+01,1.4283286364e+02,1.0108154532e+01,1.0000000000e+00,7.6330006445e+00,5.9012736116e+00,4.8412465957e+00,2.4009640340e+01,-6.3425208789e-01,7.7312630857e-01
-3.7412591615e-04,2.3001806238e-05,8.3088686710e+01,8.8762474015e+01,7.5187078886e+01,1.5376708280e+02,1.6791534945e+02,-9.6395838498e+00,1.6791534945e+02,9.6232691026e+00,1.0000000000e+00,6.1913224043e+00,4.6676022235e+00,4.0676728723e+00,2.4012622918e+01,-6.5699580909e-01,7.5389422788e-01
-3.7985342142e-04,1.7894386800e-05,9.8825218536e+01,1.0644119054e+02,9.5814096242e+01,1.8421215113e+02,2.0367459243e+02,-9.0352776530e+00,2.0367459243e+02,9.0702134346e+00,1.0000000000e+00,4.7134859251e+00,3.4724837539e+00,3.1872882117e+00,2.3989295585e+01,-6.7620615876e-01,7.3671244788e-01
-3.8576530743e-04,1.2370653056e-05,1.2337062995e+02,1.3239921088e+02,1.2450435668e+02,2.2941917639e+02,2.5639271656e+02,-8.5177299288e+00,2.5639271656e+02,8.7381758802e+00,1.0000000000e+00,3.2090588408e+00,2.3232977674e+00,2.2136725431e+00,2.3932705387e+01,-6.8981986711e-01,7.2398104322e-01
-3.9208624652e-04,6.4026996584e-06,1.9451222360e+02,2.0755571408e+02,1.9382957463e+02,3.5560560949e+02,3.9947989348e+02,-1.1138095249e+01,3.9947989348e+02,8.2736246424e+00,1.0000000000e+00,1.7871907671e+00,1.3260528562e+00,1.1981797280e+00,2.3826992454e+01,-6.7042631935e-01,7.4197611169e-01
-3.9600000000e-04,3.0463089129e-20,1.5633630062e+02,9.3364457363e+01,7.6015795900e+01,1.7543917899e+02,2.1746590548e+02,1.4886191047e+01,2.1746590548e+02,-6.0408466784e-01,1.0000000000e+00,5.0311157859e-01,4.0425157446e-01,2.9950279641e-01,2.3665659249e+01,-5.9530094149e-01,8.0350282455e-01
-3.8400000000e-04,3.0003846579e-20,7.5621071696e+01,5.9130752643e+01,4.1541672510e+01,1.0656553182e+02,1.2010701059e+02,-2.9442663820e+00,1.2010701059e+02,2.7800676523e+00,0.0000000000e+00,nan,nan,nan,nan,nan,nan
5.4345760695e-07,1.2902922825e-04,-4.0852215246e+01,-4.0730142669e+00,-3.3318242340e+01,9.5091165513e+00,-3.1595137792e+01,-4.2575319793e+01,-2.5359414363e-08,4.2575319793e+01,1.0000000000e+00,1.5424673909e+01,1.5381221468e+01,1.1569750779e+00,1.9963186699e+01,-7.5008073734e-02,9.9718292649e-01
-1.4164850917e-05,1.4627324579e-06,2.0907475839e+02,-6.3861066118e+00,-4.8308600935e+01,2.2317436032e+02,2.0923285573e+02,-4.8466698277e+01,2.0923285573e+02,4.8466698277e+01,0.0000000000e+00,nan,nan,nan,nan,nan,nan
-5.3997482732e-05,1.4532089418e-06,2.0602014928e+02,9.6470078428e-02,-5.2444740435e+01,2.2383687802e+02,2.0601998620e+02,-5.2444577357e+01,2.0601998620e+02,5.2444577357e+01,0.0000000000e+00,nan,nan,nan,nan,nan,nan
1.7687344393e-05,1.4781333019e-06,2.1469681977e+02,-1.2188251395e+01,-4.1655171755e+01,2.2300800087e+02,2.1527455334e+02,-4.2232905327e+01,2.1527455334e+02,4.2232905327e+01,0.0000000000e+00,nan,nan,nan,nan,nan,nan
-6.7835505210e-05,1.2368524274e-04,-1.7157394887e+01,4.1725338212e+00,-3.1072438403e+01,1.4039512577e+01,-1.6009200279e+01,-3.2220633010e+01,-4.6810076712e-06,3.2220633010e+01,1.0000000000e+00,1.8709369354e+01,1.8605070856e+01,1.9727747199e+00,2.0658981229e+01,-1.0544314362e-01,9.9442533328e-01
-8.5862590681e-05,1.4513158089e-06,2.0624331708e+02,5.3130899723e+00,-5.3248361714e+01,2.2491432715e+02,2.0635182501e+02,-5.3356869644e+01,2.0635182501e+02,5.3356869644e+01,0.0000000000e+00,nan,nan,nan,nan,nan,nan
-1.1772053026e-04,1.4525817353e-06,2.0874845950e+02,1.0844793652e+01,-5.2608940034e+01,2.2711967696e+02,2.0919736636e+02,-5.3057846897e+01,2.0919736636e+02,5.3057846897e+01,0.0000000000e+00,nan,nan,nan,nan,nan,nan
8.4450138049e-05,1.5246154895e-04,3.8298342508e+00,-1.7815820987e+00,-1.9072177342e+01,2.0012871997e+01,3.9332654889e+00,-1.9175608581e+01,3.7385503850e+00,1.9179162194e+01,1.0000000000e+00,2.7098315330e+01,2.6083848096e+01,7.3451727161e+00,1.9853096083e+01,-2.7105643383e-01,9.6256345748e-01
-1.3569106458e-04,1.1388274280e-04,-6.8701049415e+00,1.0753474735e+01,-2.9200753425e+01,2.6846167684e+01,-2.5357870440e+00,-3.3535071322e+01,3.9235926033e-02,3.3535071322e+01,1.0000000000e+00,1.9010945221e+01,1.8684870045e+01,3.5059477475e+00,2.1506784939e+01,-1.8441732942e-01,9.8284802925e-01
1.4480056742e-04,1.5249477463e-06,2.8593463175e+02,-4.9479952925e+01,-1.3644345979e+01,2.7322792883e+02,2.9389336114e+02,-2.1603075376e+01,2.9389336114e+02,2.1603075376e+01,0.0000000000e+00,nan,nan,nan,nan,nan,nan
-1.5692590318e-04,1.0946548269e-04,-5.8530416332e+00,1.2863178474e+01,-2.8219735681e+01,2.9519445232e+01,6.6709937760e-03,-3.4079448308e+01,3.0782489528e-03,3.4079448308e+01,1.0000000000e+00,1.8721126162e+01,1.8273801631e+01,4.0680141001e+00,2.1803177416e+01,-2.1729537341e-01,9.7610589625e-01
1.7274493351e-04,1.5740826906e-06,2.4628711091e+02,-4.6382311446e+01,-1.2960150482e+01,2.3847111588e+02,2.5434484316e+02,-2.1017882731e+01,2.5434484316e+02,2.1017882731e+01,0.0000000000e+00,nan,nan,nan,nan,nan,nan
2.0067142500e-04,1.7705420421e-06,1.6640701492e+02,-3.9475732169e+01,-1.2318536007e+01,1.6923336781e+02,1.7475116992e+02,-2.0662691003e+01,1.7475116992e+02,2.0662691003e+01,0.0000000000e+00,nan,nan,nan,nan,nan,nan
2.2858004657e-04,2.0856069411e-06,9.4925578142e+01,-3.2677800444e+01,-1.1865923356e+01,1.0844671225e+02,1.0414156590e+02,-2.1081911117e+01,1.0414156590e+02,2.1081911117e+01,0.0000000000e+00,nan,nan,nan,nan,nan,nan
2.5654986470e-04,2.5276608473e-06,4.2343272873e+01,-2.5341141679e+01,-1.2058108574e+01,6.4397489517e+01,5.2322490057e+01,-2.2037325758e+01,5.2322490057e+01,2.2037325758e+01,0.0000000000e+00,nan,nan,nan,nan,nan,nan
2.4865922375e-04,1.4760275170e-04,-4.1922439832e-01,-6.8402590177e+00,-9.3119916326e+00,1.4129869464e+01,3.2922759234e+00,-1.3023491954e+01,3.2922759409e+00,1.3023491954e+01,1.0000000000e+00,2.5674646306e+01,2.4144554562e+01,-8.7308618103e+00,1.5633147777e+01,3.4005772489e-01,9.4040456387e-01
2.8042762914e-04,3.0650333960e-06,2.3400141733e+01,-2.1782386014e+01,-8.2557497668e+00,4.6634194033e+01,3.4496460462e+01,-1.9352068495e+01,3.4496460463e+01,1.9352068495e+01,0.0000000000e+00,nan,nan,nan,nan,nan,nan
-2.8063687151e-04,1.5513083001e-06,3.0238156743e+02,6.2435042903e+01,-8.9292391551e+00,2.9046098359e+02,3.1442389120e+02,-2.0971562927e+01,3.1442389120e+02,2.0971562927e+01,0.0000000000e+00,nan,nan,nan,nan,nan,nan
3.0466514941e-04,1.1929950940e-04,-3.3908060851e+00,-8.1264223519e+00,-5.2441089234e+00,1.4165081248e+01,3.8607559675e+00,-1.2495670976e+01,3.8607559675e+00,1.2495670976e+01,1.0000000000e+00,2.0114737731e+01,1.6839290052e+01,-1.1001862776e+01,1.4454011269e+01,5.4695531819e-01,8.3716180031e-01
-3.0398094693e-04,1.6945607771e-06,3.1352347646e+02,8.4115860387e+01,4.3312020861e+00,3.0481808741e+02,3.3491414409e+02,-1.7059465545e+01,3.3491414409e+02,1.7059465545e+01,0.0000000000e+00,nan,nan,nan,nan,nan,nan
3.0434814226e-04,3.1442153357e-06,1.9473093386e+01,-2.1112163230e+01,-5.9314802336e+00,4.2673724593e+01,3.1408492957e+01,-1.7866879805e+01,3.1408492957e+01,1.7866879805e+01,0.0000000000e+00,nan,nan,nan,nan,nan,nan
3.2551930517e-04,1.0415884238e-04,-4.4124002723e+00,-8.6960947751e+00,-2.7235213469e+00,1.5130788655e+01,5.1678040933e+00,-1.2303725713e+01,5.1678040933e+00,1.2303725713e+01,1.0000000000e+00,1.6718009577e+01,1.2844186648e+01,-1.0701341671e+01,1.4036755008e+01,6.4010859796e-01,7.6828444135e-01
3.2449745948e-04,3.3644846232e-06,8.5845790134e+00,-1.6337735983e+01,-6.6774274318e+00,3.1227341654e+01,1.8982689901e+01,-1.7075538319e+01,1.8982689901e+01,1.7075538319e+01,0.0000000000e+00,nan,nan,nan,nan,nan,nan
-3.0263559102e-04,5.7937642155e-05,-4.5290172277e+00,3.0667580094e+01,-5.2781464030e+00,5.2907113881e+01,2.5642354626e+01,-3.5449518256e+01,2.5642354626e+01,3.5449518256e+01,1.0000000000e+00,9.9558917947e+00,9.1821440580e+00,3.8481179718e+00,2.3232968173e+01,-3.8651665277e-01,9.2228242807e-01
3.4525765895e-04,8.5373594065e-05,-5.3396277871e+00,-9.4117514596e+00,8.4047360393e-01,1.7153346596e+01,7.6539121831e+00,-1.2153066366e+01,7.6539121831e+00,1.2153066366e+01,1.0000000000e+00,1.2585917719e+01,8.5800163219e+00,-9.2080749748e+00,1.3726934224e+01,7.3161728692e-01,6.8171558988e-01
-3.4275884442e-04,2.3647024862e-06,1.9390008738e+02,8.4632681288e+01,1.3499895722e+01,2.1420485417e+02,2.2737122176e+02,-1.9971238665e+01,2.2737122176e+02,1.9971238657e+01,0.0000000000e+00,nan,nan,nan,nan,nan,nan
3.4499621813e-04,3.6709833026e-06,-2.6549370959e+00,-1.2459986049e+01,-2.2770597454e+00,2.1568337697e+01,9.9864871548e+00,-1.4918483996e+01,9.9864871548e+00,1.4918483993e+01,0.0000000000e+00,nan,nan,nan,nan,nan,nan
3.6036622535e-04,6.8161269855e-05,-6.0204659282e+00,-1.0060871981e+01,5.0519209326e+00,1.9885082052e+01,1.0996384978e+01,-1.1964929973e+01,1.0996384978e+01,1.1964929973e+01,1.0000000000e+00,8.5891476172e+00,5.0990014402e+00,-6.9118478791e+00,1.3589826692e+01,8.0471872031e-01,5.9365628202e-01
-3.1611251825e-04,5.3550256750e-05,3.6984580150e+01,2.5926584048e+01,-5.0319692389e+00,5.7022333277e+01,4.8898164923e+01,-1.6945554012e+01,4.8898164923e+01,1.6945554012e+01,1.0000000000e+00,9.2280070783e+00,9.0721173940e+00,1.6890235719e+00,2.2828363322e+01,-1.8303232297e-01,9.8310689589e-01
-5.4366756462e-05,1.2502502592e-04,-2.0766944333e+01,2.8547154338e+00,-3.1328095057e+01,1.0379134065e+01,-2.0055123849e+01,-3.2039915542e+01,-3.5987223606e-07,3.2039915542e+01,1.0000000000e+00,1.8301136092e+01,1.8224668429e+01,1.6712399297e+00,2.0467805017e+01,-9.1318917108e-02,9.9582169859e-01
3.1613278556e-05,1.3204697757e-04,-5.2952447814e+01,-8.4845985170e+00,-3.4484048607e+01,2.1664516525e+01,-3.1210233763e+01,-5.6226262658e+01,5.1119805400e-09,5.6226262658e+01,1.0000000000e+00,1.2071677270e+01,1.1966966620e+01,1.5865377496e+00,1.9917695373e+01,-1.3142645500e-01,9.9132592366e-01
7.1249995834e-05,1.4592029266e-04,-1.6874625982e+01,-2.7808541872e+00,-2.6521058500e+01,5.9858878896e+00,-1.8241888256e+01,-2.5153796225e+01,-6.0123949441e+00,2.3372527591e+01,0.0000000000e+00,nan,nan,nan,nan,nan,nan
9.8765191114e-05,1.5647788022e-04,2.2031697917e+00,-2.6403755061e+00,-1.8262663334e+01,1.8295712711e+01,2.5332878876e+00,-1.8592781430e+01,2.5586250062e+00,1.8592776931e+01,1.0000000000e+00,2.6601740710e+01,2.6124775032e+01,5.0148517762e+00,1.9337917092e+01,-1.8851592574e-01,9.8207013280e-01
1.6453793136e-04,1.6486833942e-04,6.4916461277e+00,-4.5920591168e+00,-1.2750703010e+01,1.8459081815e+01,7.5278274137e+00,-1.3786884296e+01,7.5276999436e+00,1.3786884296e+01,1.0000000000e+00,3.2030932960e+01,3.2023611895e+01,-6.8479741515e-01,1.7780081363e+01,2.1379252862e-02,9.9977143765e-01
-3.5826167168e-04,3.1243502712e-06,1.0716612678e+02,6.5360724720e+01,1.2088951619e+01,1.3995346604e+02,1.4042971049e+02,-2.1174632093e+01,1.4042971049e+02,2.1174640374e+01,0.0000000000e+00,nan,nan,nan,nan,nan,nan
3.6082258994e-04,3.9745983046e-06,7.4210129802e-01,-1.2708567579e+01,4.7206871340e+00,2.2277561495e+01,1.5593350342e+01,-1.0130561910e+01,1.5593350342e+01,1.0130565228e+01,0.0000000000e+00,nan,nan,nan,nan,nan,nan
3.7083778980e-04,5.2789318812e-05,-6.3278417546e+00,-1.0790299278e+01,9.6711121312e+00,2.3255666896e+01,1.5098300731e+01,-1.1755030354e+01,1.5098300731e+01,1.1755030378e+01,1.0000000000e+00,5.8748383225e+00,3.1102730244e+00,-4.9839669972e+00,1.3582645743e+01,8.4835815449e-01,5.2942274385e-01
-3.3318705097e-04,4.8352046435e-05,4.0712998816e+01,3.5374820837e+01,9.7215555836e+00,6.6819781602e+01,6.3795696095e+01,-1.3361141695e+01,6.3795696095e+01,1.3361141687e+01,1.0000000000e+00,1.5107324539e+01,1.3478796847e+01,6.8229971625e+00,2.3587599671e+01,-4.5163504266e-01,8.9220277305e-01
-3.5413726625e-04,3.5832348854e-05,5.6801636273e+01,5.4462029857e+01,3.1799686885e+01,9.6751704213e+01,1.0016028405e+02,-1.1558960893e+01,1.0016028405e+02,1.1558941242e+01,1.0000000000e+00,1.0465765786e+01,8.5153377754e+00,6.0845111599e+00,2.3937922826e+01,-5.8137276186e-01,8.1363733430e-01
3.8008570249e-04,3.6166638120e-05,-6.1523202092e+00,-1.1993628085e+01,1.6375954863e+01,2.8482890063e+01,2.1556421572e+01,-1.1332786919e+01,2.1556421572e+01,1.1332764539e+01,1.0000000000e+00,2.7632734580e+00,1.2365558629e+00,-2.4711555600e+00,1.3678639508e+01,8.9428556296e-01,4.4749673952e-01
2.6859760871e-04,2.7610435228e-06,2.5752377493e+01,-2.1189115205e+01,-1.2831115832e+01,4.9624391129e+01,3.5111286407e+01,-2.2190024746e+01,3.5111286408e+01,2.2190024746e+01,0.0000000000e+00,nan,nan,nan,nan,nan,nan
2.9232574022e-04,3.1776392168e-06,2.2776724828e+01,-2.2170851175e+01,-5.4921116343e+00,4.5541073125e+01,3.4935457425e+01,-1.7650844231e+01,3.4935457423e+01,1.7650844231e+01,0.0000000000e+00,nan,nan,nan,nan,nan,nan
2.4456185105e-04,2.3268225401e-06,6.2596692902e+01,-2.8636975227e+01,-1.1885559316e+01,8.1381734090e+01,7.2341332878e+01,-2.1630199291e+01,7.2341332878e+01,2.1630199291e+01,0.0000000000e+00,nan,nan,nan,nan,nan,nan
-2.4499261621e-04,1.4870560217e-06,2.5541480402e+02,4.1475300778e+01,-3.3448306420e+01,2.6026921175e+02,2.6124974826e+02,-3.9283250662e+01,2.6124974826e+02,3.9283250662e+01,0.0000000000e+00,nan,nan,nan,nan,nan,nan
2.1664194332e-04,1.9482230055e-06,1.2264258120e+02,-3.5481938971e+01,-1.2029597655e+01,1.3185165582e+02,1.3143108075e+02,-2.0818097207e+01,1.3143108075e+02,2.0818097207e+01,0.0000000000e+00,nan,nan,nan,nan,nan,nan
-2.1718872476e-04,1.4743732575e-06,2.3677832534e+02,3.2560845505e+01,-4.2019841472e+01,2.4794337850e+02,2.4052941825e+02,-4.5770934390e+01,2.4052941825e+02,4.5770934390e+01,0.0000000000e+00,nan,nan,nan,nan,nan,nan
-1.8935696564e-04,1.4642652960e-06,2.2465395412e+02,2.5441557740e+01,-4.6884178431e+01,2.3925074156e+02,2.2701636789e+02,-4.9246592199e+01,2.2701636789e+02,4.9246592199e+01,0.0000000000e+00,nan,nan,nan,nan,nan,nan
1.8872983420e-04,1.6796929805e-06,2.0093857541e+02,-4.2459216574e+01,-1.2606625081e+01,1.9904317586e+02,2.0908360633e+02,-2.0751655996e+01,2.0908360633e+02,2.0751655996e+01,0.0000000000e+00,nan,nan,nan,nan,nan,nan
-3.7028254448e-04,3.6330931569e-06,7.3139335873e+01,5.2084552288e+01,1.3715295086e+01,1.0374487085e+02,1.0332444459e+02,-1.6469813635e+01,1.0332444459e+02,1.6471125389e+01,0.0000000000e+00,nan,nan,nan,nan,nan,nan
2.3180415202e-04,1.5284485854e-04,5.7470746105e-01,-6.4935461906e+00,-1.0149618966e+01,1.4584716374e+01,3.6330341724e+00,-1.3207945677e+01,3.6330344567e+00,1.3207945677e+01,1.0000000000e+00,2.6777999479e+01,2.5633078146e+01,-7.7463901803e+00,1.5962485099e+01,2.8928188554e-01,9.5724395569e-01
2.6158780844e-04,1.4256884647e-04,-1.1503366951e+00,-7.1141372897e+00,-8.5835029154e+00,1.3901193607e+01,3.1589380656e+00,-1.2892777676e+01,3.1589380606e+00,1.2892777676e+01,1.0000000000e+00,2.4496703334e+01,2.2547673667e+01,-9.5755358317e+00,1.5316543365e+01,3.9089079461e-01,9.2043706286e-01
2.8908183657e-04,1.2910914545e-04,-2.6039317906e+00,-7.7292287745e+00,-6.6641983262e+00,1.3840557077e+01,3.3567842955e+00,-1.2624914412e+01,3.3567842955e+00,1.2624914412e+01,1.0000000000e+00,2.1750714315e+01,1.8908557987e+01,-1.0749884096e+01,1.4726056525e+01,4.9423131305e-01,8.6933043729e-01
3.1500461310e-04,1.1286960600e-04,-3.8998841234e+00,-8.3636707039e+00,-4.1113993949e+00,1.4485926578e+01,4.3578118501e+00,-1.2369095368e+01,4.3578118501e+00,1.2369095368e+01,1.0000000000e+00,1.8748282495e+01,1.5180630227e+01,-1.1002116271e+01,1.4263939094e+01,5.8683328853e-01,8.0970778153e-01
-2.8019022384e-04,6.8695253237e-05,-1.5241132681e+01,2.5096764510e+01,-1.1751884588e+01,4.3546756484e+01,1.1645222943e+01,-3.8638240213e+01,1.1645222943e+01,3.8638240213e+01,1.0000000000e+00,1.3248155021e+01,1.2048730122e+01,5.5083313185e+00,2.3204766993e+01,-4.1578101327e-01,9.0946475963e-01
3.3540884564e-04,9.5089814107e-05,-4.8787687357e+00,-9.0448458991e+00,-1.1291417918e+00,1.5995838180e+01,6.2312462151e+00,-1.2239156743e+01,6.2312462151e+00,1.2239156743e+01,1.0000000000e+00,1.5034375187e+01,1.1026314428e+01,-1.0220216602e+01,1.3887420913e+01,6.7978991310e-01,7.3340689528e-01
-3.6987393655e-04,2.3975931952e-05,7.8249242426e+01,7.7118255158e+01,5.6792287112e+01,1.3479197667e+02,1.4534294879e+02,-1.0301419247e+01,1.4534294879e+02,1.0299288978e+01,1.0000000000e+00,6.9150003062e+00,5.2791298860e+00,4.4663202843e+00,2.4014168764e+01,-6.4588866038e-01,7.6343161999e-01
3.8438397179e-04,4.3205566269e-06,9.7008608990e+00,-1.7973527466e+01,2.0117808987e+01,3.2402954227e+01,3.3617189288e+01,-3.7985194027e+00,3.3617189288e+01,3.7545516739e+00,0.0000000000e+00,nan,nan,nan,nan,nan,nan
3.5286091816e-04,3.9294285350e-06,-1.1842179418e+00,-1.2407394173e+01,1.2618496888e+00,2.1589484451e+01,1.2503510533e+01,-1.2425878786e+01,1.2503510533e+01,1.2425878832e+01,0.0000000000e+00,nan,nan,nan,nan,nan,nan
-3.3502015588e-04,2.1245469254e-06,2.4266252157e+02,9.2479293760e+01,1.4706892410e+01,2.5419026648e+02,2.7544152577e+02,-1.8072111784e+01,2.7544152577e+02,1.8072111784e+01,0.0000000000e+00,nan,nan,nan,nan,nan,nan
3.1653909874e-04,3.1002600890e-06,1.4247869143e+01,-1.8914922735e+01,-6.1537919267e+00,3.7216694920e+01,2.5534107439e+01,-1.7440030222e+01,2.5534107439e+01,1.7440030222e+01,0.0000000000e+00,nan,nan,nan,nan,nan,nan
-3.1563290921e-04,1.8214338328e-06,2.9694722117e+02,9.0301794502e+01,8.8872066229e+00,2.9442447049e+02,3.2290326119e+02,-1.7068833399e+01,3.2290326119e+02,1.7068833399e+01,0.0000000000e+00,nan,nan,nan,nan,nan,nan
2.3658020218e-04,2.2069127739e-06,7.7853918591e+01,-3.0691661424e+01,-1.1844851489e+01,9.4145155436e+01,8.7359264385e+01,-2.1350197283e+01,8.7359264385e+01,2.1350197283e+01,0.0000000000e+00,nan,nan,nan,nan,nan,nan
2.0866889764e-04,1.8594526975e-06,1.4341245090e+02,-3.7432439603e+01,-1.2157876794e+01,1.4953939975e+02,1.5196389975e+02,-2.0709325647e+01,1.5196389975e+02,2.0709325647e+01,0.0000000000e+00,nan,nan,nan,nan,nan,nan
-1.8140149544e-04,1.4622122810e-06,2.2197248595e+02,2.3605730469e+01,-4.7891690277e+01,2.3725756752e+02,2.2402111831e+02,-4.9940322641e+01,2.2402111831e+02,4.9940322641e+01,0.0000000000e+00,nan,nan,nan,nan,nan,nan
1.8075035026e-04,1.6253999334e-06,2.2387303819e+02,-4.4447330274e+01,-1.2790121342e+01,2.1895814260e+02,2.3195700100e+02,-2.0874084147e+01,2.3195700100e+02,2.0874084147e+01,0.0000000000e+00,nan,nan,nan,nan,nan,nan
-1.5354809058e-04,1.4567476548e-06,2.1460846626e+02,1.7665979657e+01,-5.0568601174e+01,2.3167871239e+02,2.1577969950e+02,-5.1739834423e+01,2.1577969950e+02,5.1739834423e+01,0.0000000000e+00,nan,nan,nan,nan,nan,nan
-1.2568350542e-04,1.4532684537e-06,2.0975202251e+02,1.2297559496e+01,-5.2272720413e+01,2.2791696273e+02,2.1032757083e+02,-5.2848268736e+01,2.1032757083e+02,5.2848268736e+01,0.0000000000e+00,nan,nan,nan,nan,nan,nan
1.0904374138e-04,1.5305473976e-06,2.5813811679e+02,-3.9321284412e+01,-1.7342751781e+01,2.4810060949e+02,2.6363863618e+02,-2.2843271169e+01,2.6363863618e+02,2.2843271169e+01,0.0000000000e+00,nan,nan,nan,nan,nan,nan
7.7306343463e-05,1.5175675589e-06,2.3676667214e+02,-2.7814362299e+01,-2.4236022198e+01,2.3110906204e+02,2.3969620415e+02,-2.7165554207e+01,2.3969620415e+02,2.7165554207e+01,0.0000000000e+00,nan,nan,nan,nan,nan,nan
4.5504282267e-05,1.4890569265e-06,2.2270134686e+02,-1.8451577607e+01,-3.3724093590e+01,2.2435735778e+02,2.2402140754e+02,-3.5044154273e+01,2.2402140754e+02,3.5044154273e+01,0.0000000000e+00,nan,nan,nan,nan,nan,nan
9.7265978510e-06,1.4736171843e-06,2.1298171213e+02,-1.0636437725e+01,-4.3605070802e+01,2.2297239250e+02,2.1342149149e+02,-4.4044850165e+01,2.1342149149e+02,4.4044850165e+01,0.0000000000e+00,nan,nan,nan,nan,nan,nan
-2.6113813377e-05,1.4588265417e-06,2.0773907041e+02,-4.4034731669e+00,-5.0001840267e+01,2.2334005784e+02,2.0781405759e+02,-5.0076827443e+01,2.0781405759e+02,5.0076827443e+01,0.0000000000e+00,nan,nan,nan,nan,nan,nan
-5.9629027749e-05,1.2451004842e-04,-1.9276098222e+01,3.3723949561e+00,-3.1229925392e+01,1.1874284212e+01,-1.8397390621e+01,-3.2108632993e+01,2.9398258520e-07,3.2108632993e+01,1.0000000000e+00,1.8526168078e+01,1.8436859525e+01,1.8168969402e+00,2.0562485255e+01,-9.8071923591e-02,9.9517932947e-01
-7.3023152862e-05,1.2315847731e-04,-1.5948633159e+01,4.6786145510e+00,-3.0967716107e+01,1.5315377821e+01,-1.4615837125e+01,-3.2300512141e+01,-4.7203249690e-06,3.2300512141e+01,1.0000000000e+00,1.8786578128e+01,1.8673962730e+01,2.0539312900e+00,2.0707660942e+01,-1.0932971806e-01,9.9400553960e-01
3.6259817791e-05,1.3257925521e-04,-5.5259077514e+01,-1.0023407328e+01,-3.5244984259e+01,2.4442787188e+01,-3.1139981124e+01,-5.9364080649e+01,-1.1234986480e-08,5.9364080649e+01,1.0000000000e+00,1.1455006508e+01,1.1331546167e+01,1.6772702762e+00,1.9943151715e+01,-1.4642246384e-01,9.8922215002e-01
-1.3062272878e-04,1.1483123788e-04,-7.2488728004e+00,1.0254467216e+01,-2.9399100111e+01,2.6138927193e+01,-3.2326698045e+00,-3.3415303107e+01,-1.3867042287e-02,3.3415303107e+01,1.0000000000e+00,1.9042159436e+01,1.8734057126e+01,3.4115890116e+00,2.1457013946e+01,-1.7915977561e-01,9.8381999106e-01
1.2158784546e-04,1.6129955592e-04,3.3900099636e+00,-1.6796942046e+00,-1.6983710383e+01,1.7870714591e+01,3.5208116699e+00,-1.7114512090e+01,3.5117709585e+00,1.7114512090e+01,1.0000000000e+00,2.5756763429e+01,2.5477338219e+01,3.7836621969e+00,1.8985381116e+01,-1.4689975343e-01,9.8915138500e-01
-1.7268411394e-04,1.0592310071e-04,-5.8548241335e+00,1.4394893051e+01,-2.7293132275e+01,3.1083163110e+01,1.3718943845e+00,-3.4519850793e+01,1.3356493495e+00,3.4519850793e+01,1.0000000000e+00,1.8434266550e+01,1.7893373734e+01,4.4327598256e+00,2.1997848951e+01,-2.4046304275e-01,9.7065829470e-01
1.5570945282e-04,1.6520097075e-04,7.6393621666e+00,-4.1330859493e+00,-1.3054357571e+01,1.9288659256e+01,8.4288149113e+00,-1.3843810316e+01,8.4299354628e+00,1.3843810316e+01,1.0000000000e+00,3.3001163691e+01,3.2984373398e+01,1.0525761243e+00,1.8144338708e+01,-3.1895121462e-02,9.9949122119e-01
-1.9382389828e-04,1.0049782819e-04,-6.5928929148e+00,1.6397235006e+01,-2.5750154645e+01,3.2889234413e+01,2.8170845619e+00,-3.5160132122e+01,2.8170844905e+00,3.5160132122e+01,1.0000000000e+00,1.7966102823e+01,1.7294792568e+01,4.8652852638e+00,2.2237111229e+01,-2.7080359673e-01,9.6263462019e-01
2.4043926462e-04,1.5063178920e-04,8.9690627367e-02,-6.6620320827e+00,-9.7301563058e+00,1.4333384690e+01,3.4551506697e+00,-1.3095616348e+01,3.4551506486e+00,1.3095616348e+01,1.0000000000e+00,2.6235168291e+01,2.4902130582e+01,-8.2563882993e+00,1.5796111770e+01,3.1470689296e-01,9.4918890192e-01
2.9678507818e-04,1.2467972301e-04,-2.9921847831e+00,-7.9115558353e+00,-6.0013789517e+00,1.3947721493e+01,3.5559388914e+00,-1.2549502626e+01,3.5559388914e+00,1.2549502626e+01,1.0000000000e+00,2.0958331535e+01,1.7895365969e+01,-1.0909057593e+01,1.4588828703e+01,5.2051173896e-01,8.5385451314e-01
3.5172386210e-04,7.8486080564e-05,-5.6406478850e+00,-9.6654362450e+00,2.4161859405e+00,1.8133102283e+01,8.8569205123e+00,-1.2081382457e+01,8.8569205123e+00,1.2081382457e+01,1.0000000000e+00,1.1288235359e+01,7.3790062170e+00,-8.5425127897e+00,1.3666242009e+01,7.5676246271e-01,6.5368996858e-01
3.7598076732e-04,4.4729249450e-05,-6.4216879355e+00,-1.1183937940e+01,1.2759510707e+01,2.5509707360e+01,1.7896947797e+01,-1.1559125026e+01,1.7896947797e+01,1.1559124904e+01,1.0000000000e+00,3.9426614322e+00,1.8923515389e+00,-3.4588415434e+00,1.3626246622e+01,8.7728596606e-01,4.7996805494e-01
-3.4365108088e-04,4.2634142126e-05,4.8036030335e+01,4.4624804845e+01,2.0460840517e+01,8.0868484108e+01,8.0937876495e+01,-1.2441005643e+01,8.0937876495e+01,1.2441004209e+01,1.0000000000e+00,1.2680467326e+01,1.0753633384e+01,6.7196443844e+00,2.3816482179e+01,-5.2992087842e-01,8.4804708750e-01
3.9067901808e-04,1.2600365127e-05,-1.1111605120e+00,-1.9358698916e+01,3.4758311112e+01,4.5459884181e+01,4.3069851669e+01,-9.4227010689e+00,4.3069851669e+01,9.2724976968e+00,1.0000000000e+00,3.5848564283e-02,1.3339660321e-02,-3.3274209587e-02,1.3967074724e+01,9.2818806702e-01,3.7211142450e-01
-3.8190396164e-04,1.3274479720e-05,1.1140310062e+02,1.0902895638e+02,8.9146605953e+01,1.8953644122e+02,2.0970376864e+02,-9.1540620708e+00,2.0970376864e+02,8.9230107069e+00,1.0000000000e+00,3.9664520818e+00,2.8932277922e+00,2.7132959772e+00,2.3965740459e+01,-6.8406120160e-01,7.2942461740e-01
-3.8945368390e-04,4.2757217952e-06,1.3670641586e+02,1.0976101646e+02,8.5517300605e+01,1.9512079643e+02,2.2376490258e+02,-1.5411861084e+00,2.2376490258e+02,7.0265056341e-01,1.0000000000e+00,1.7871907671e+00,1.3260528562e+00,1.1981797280e+00,2.3826992454e+01,-6.7042631935e-01,7.4197611169e-01
3.9213319295e-04,4.1711917778e-06,1.4777573216e+01,-2.6050465927e+01,3.5204773545e+01,4.8275269696e+01,5.2862913335e+01,-2.8805665733e+00,5.2862913335e+01,2.2893512451e+00,0.0000000000e+00,nan,nan,nan,nan,nan,nan
-3.7970078336e-04,8.3876971433e-06,9.2153340334e+01,7.5659604675e+01,4.7254685845e+01,1.3663936995e+02,1.4859279011e+02,-9.1847639338e+00,1.4859279011e+02,9.2815774163e+00,0.0000000000e+00,nan,nan,nan,nan,nan,nan
-3.7617458293e-04,8.0225252833e-06,8.1442221142e+01,6.4414687078e+01,3.3457153761e+01,1.1901650928e+02,1.2616390112e+02,-1.1264526217e+01,1.2616390112e+02,1.1263908100e+01,0.0000000000e+00,nan,nan,nan,nan,nan,nan
-3.7366936389e-04,1.2215465448e-05,8.3108563837e+01,6.7042548802e+01,3.6195540385e+01,1.2297138067e+02,1.3064961184e+02,-1.1345507622e+01,1.3064961184e+02,1.1333088586e+01,0.0000000000e+00,nan,nan,nan,nan,nan,nan
-3.7023507891e-04,1.1641102852e-05,7.6124776571e+01,5.7908492628e+01,2.5085460572e+01,1.0956260935e+02,1.1386112057e+02,-1.2650883429e+01,1.1386112057e+02,1.2654309952e+01,0.0000000000e+00,nan,nan,nan,nan,nan,nan
-3.6771029866e-04,1.5740615431e-05,7.5579836763e+01,5.8937188695e+01,2.7316628279e+01,1.1025972621e+02,1.1510671513e+02,-1.2210250088e+01,1.1510671513e+02,1.2210597522e+01,0.0000000000e+00,nan,nan,nan,nan,nan,nan
-3.6182201114e-04,1.8990446665e-05,6.9043072174e+01,5.1901015195e+01,2.0075178613e+01,9.9350459886e+01,1.0191914015e+02,-1.2800889365e+01,1.0191914015e+02,1.2801201260e+01,0.0000000000e+00,nan,nan,nan,nan,nan,nan
-3.5847687610e-04,1.8076573136e-05,6.5734484658e+01,4.6011784903e+01,1.2752701149e+01,9.1923079604e+01,9.2315407657e+01,-1.3828221850e+01,9.2315407657e+01,1.3828301756e+01,0.0000000000e+00,nan,nan,nan,nan,nan,nan
-3.5599973999e-04,2.1994687329e-05,6.3461331237e+01,4.5930190266e+01,1.3992903585e+01,9.0316173293e+01,9.0871184374e+01,-1.3416949552e+01,9.0871184374e+01,1.3416844459e+01,0.0000000000e+00,nan,nan,nan,nan,nan,nan
-3.5267130500e-04,2.0949570828e-05,6.1320600004e+01,4.1255697892e+01,7.9009560125e+00,8.5088014902e+01,8.3736366317e+01,-1.4514810300e+01,8.3736366317e+01,1.4514818454e+01,0.0000000000e+00,nan,nan,nan,nan,nan,nan
-3.4690690078e-04,2.3625174500e-05,5.7685937117e+01,3.7170541876e+01,3.2729666945e+00,7.9757372446e+01,7.6527392357e+01,-1.5568488546e+01,7.6527392357e+01,1.5568482761e+01,0.0000000000e+00,nan,nan,nan,nan,nan,nan
-3.4451398015e-04,2.7360333498e-05,5.4948364333e+01,3.6493397638e+01,3.4714843149e+00,7.7317685002e+01,7.3849310573e+01,-1.5429461925e+01,7.3849310573e+01,1.5429459055e+01,0.0000000000e+00,nan,nan,nan,nan,nan,nan
-3.3881156358e-04,2.9758590627e-05,5.2430873717e+01,3.3474745375e+01,-7.0205940916e-01,7.4006143273e+01,6.8591873894e+01,-1.6863059587e+01,6.8591873894e+01,1.6863059782e+01,0.0000000000e+00,nan,nan,nan,nan,nan,nan
-3.3777055227e-04,2.4922052004e-05,5.5851744371e+01,3.4008134680e+01,-1.1538290666e+00,7.6865597949e+01,7.1727331320e+01,-1.7029416015e+01,7.1727331320e+01,1.7029415715e+01,0.0000000000e+00,nan,nan,nan,nan,nan,nan
-3.3035553045e-04,3.0516860318e-05,5.3360733781e+01,3.3224485976e+01,-1.3009253235e+00,7.4525445745e+01,6.9057190392e+01,-1.6997381933e+01,6.9057190392e+01,1.6997381961e+01,0.0000000000e+00,nan,nan,nan,nan,nan,nan
-3.2936323198e-04,2.5862788277e-05,5.9125163914e+01,3.5584091004e+01,-4.0895085025e-01,8.0365923957e+01,7.5757394362e+01,-1.7041181298e+01,7.5757394362e+01,1.7041181284e+01,0.0000000000e+00,nan,nan,nan,nan,nan,nan
-3.1999807309e-04,2.9647288080e-05,6.0510052352e+01,3.6245920131e+01,-1.8210669738e-01,8.1895428262e+01,7.7446320380e+01,-1.7118374725e+01,7.7446320380e+01,1.7118374723e+01,0.0000000000e+00,nan,nan,nan,nan,nan,nan
-3.1573760117e-04,3.1332900247e-05,6.1125820910e+01,3.6507867386e+01,-1.1755275259e-01,8.2552025171e+01,7.8165568033e+01,-1.7157299876e+01,7.8165568033e+01,1.7157299876e+01,0.0000000000e+00,nan,nan,nan,nan,nan,nan
-3.1315799423e-04,3.0109009028e-05,6.9113470970e+01,3.9849440299e+01,1.2550407290e+00,9.0666189254e+01,8.7530404622e+01,-1.7161892923e+01,8.7530404622e+01,1.7161892922e+01,0.0000000000e+00,nan,nan,nan,nan,nan,nan
-3.0675109914e-04,3.0599003858e-05,7.6914883005e+01,4.2558764438e+01,2.1134749546e+00,9.8144046668e+01,9.6177670743e+01,-1.7149312784e+01,9.6177670743e+01,1.7149312784e+01,0.0000000000e+00,nan,nan,nan,nan,nan,nan
-3.0422478005e-04,2.9585659675e-05,8.3583935804e+01,4.4587455975e+01,2.6173647763e+00,1.0431915929e+02,1.0332934499e+02,-1.7128044406e+01,1.0332934499e+02,1.7128044406e+01,0.0000000000e+00,nan,nan,nan,nan,nan,nan
-2.9811991766e-04,3.0232999178e-05,8.7485567203e+01,4.5352513356e+01,2.5380535190e+00,1.0762856615e+02,1.0715119200e+02,-1.7127571276e+01,1.0715119200e+02,1.7127571276e+01,0.0000000000e+00,nan,nan,nan,nan,nan,nan
-2.9396679918e-04,3.4164554971e-05,7.8949807304e+01,4.2535363826e+01,1.7199806575e+00,9.9509579328e+01,9.7786776392e+01,-1.7116988431e+01,9.7786776392e+01,1.7116988431e+01,0.0000000000e+00,nan,nan,nan,nan,nan,nan
-2.9224333061e-04,3.0937719118e-05,9.1086247359e+01,4.6067839449e+01,2.5098252426e+00,1.1068898224e+02,1.1070434999e+02,-1.7108277390e+01,1.1070434999e+02,1.7108277390e+01,0.0000000000e+00,nan,nan,nan,nan,nan,nan
-2.8969705370e-04,3.0166167139e-05,9.6639081514e+01,4.7575832301e+01,2.7666648709e+00,1.1575914387e+02,1.1653644606e+02,-1.7130699680e+01,1.1653644606e+02,1.7130699680e+01,0.0000000000e+00,nan,nan,nan,nan,nan,nan
-2.8399947601e-04,3.1008115324e-05,9.9480361199e+01,4.7944406745e+01,2.6639045882e+00,1.1800863840e+02,1.1920445204e+02,-1.7060186253e+01,1.1920445204e+02,1.7060186253e+01,0.0000000000e+00,nan,nan,nan,nan,nan,nan
-2.8045533281e-04,3.4781731867e-05,8.8665591433e+01,4.6718688028e+01,-1.8435689338e+00,1.1265491125e+02,1.0845235459e+02,-2.1630332088e+01,1.0845235459e+02,2.1630332088e+01,0.0000000000e+00,nan,nan,nan,nan,nan,nan
-2.7568478668e-04,3.1383871183e-05,1.0544021687e+02,5.0883884979e+01,-4.0839887063e+00,1.2947263040e+02,1.2542917210e+02,-2.4072943934e+01,1.2542917210e+02,2.4072943934e+01,0.0000000000e+00,nan,nan,nan,nan,nan,nan
-2.7226603870e-04,3.5151219682e-05,9.2823508127e+01,4.8988666399e+01,-7.1727570660e+00,1.2123527862e+02,1.1282059628e+02,-2.7169845216e+01,1.1282059628e+02,2.7169845216e+01,0.0000000000e+00,nan,nan,nan,nan,nan,nan
-2.6686763244e-04,3.4148665365e-05,1.0002748790e+02,5.0219460945e+01,-1.0246362604e+01,1.2917011873e+02,1.1946696547e+02,-2.9685840175e+01,1.1946696547e+02,2.9685840175e+01,0.0000000000e+00,nan,nan,nan,nan,nan,nan
-2.6109132795e-04,3.5374924338e-05,9.8393905612e+01,4.9566662824e+01,-1.3414303465e+01,1.2940247278e+02,1.1720035357e+02,-3.2220751423e+01,1.1720035357e+02,3.2220751423e+01,0.0000000000e+00,nan,nan,nan,nan,nan,nan
-2.5826771333e-04,3.4983509279e-05,1.0132896090e+02,4.9592940840e+01,-1.4883355234e+01,1.3231005851e+02,1.1961205073e+02,-3.3166445066e+01,1.1961205073e+02,3.3166445066e+01,0.0000000000e+00,nan,nan,nan,nan,nan,nan
-2.5248449443e-04,3.4297494353e-05,1.0660494164e+02,4.9202333048e+01,-1.7807190717e+01,1.3736794437e+02,1.2370829512e+02,-3.4910544194e+01,1.2370829512e+02,3.4910544194e+01,0.0000000000e+00,nan,nan,nan,nan,nan,nan
-2.4953928311e-04,3.5987738021e-05,1.0133943874e+02,4.8040799661e+01,-1.8886897092e+01,1.3327849737e+02,1.1817464716e+02,-3.5722105509e+01,1.1817464716e+02,3.5722105509e+01,0.0000000000e+00,nan,nan,nan,nan,nan,nan
-2.4360908063e-04,3.5417745931e-05,1.0563780595e+02,4.7109818874e+01,-2.1537806883e+01,1.3706522619e+02,1.2118464477e+02,-3.7084645701e+01,1.2118464477e+02,3.7084645701e+01,0.0000000000e+00,nan,nan,nan,nan,nan,nan
-2.4058796940e-04,3.5167392654e-05,1.0752261217e+02,4.6504712080e+01,-2.2821894954e+01,1.3866864980e+02,1.2241074090e+02,-3.7710023679e+01,1.2241074090e+02,3.7710023679e+01,0.0000000000e+00,nan,nan,nan,nan,nan,nan
-2.2602095597e-04,3.9847336047e-05,9.5441322137e+01,4.1598012419e+01,-2.6788527973e+01,1.2804382762e+02,1.0825253543e+02,-3.9599741264e+01,1.0825253543e+02,3.9599741264e+01,0.0000000000e+00,nan,nan,nan,nan,nan,nan
-2.2294966794e-04,3.9648257327e-05,9.6812661979e+01,4.0843357700e+01,-2.7780146912e+01,1.2901949952e+02,1.0900570031e+02,-3.9973185245e+01,1.0900570031e+02,3.9973185245e+01,0.0000000000e+00,nan,nan,nan,nan,nan,nan
-2.1672793916e-04,3.9291982967e-05,9.9221335967e+01,3.9220699101e+01,-2.9671517123e+01,1.3066692679e+02,1.1021549478e+02,-4.0665675935e+01,1.1021549478e+02,4.0665675935e+01,0.0000000000e+00,nan,nan,nan,nan,nan,nan
-2.1358030134e-04,3.9132536236e-05,1.0027199252e+02,3.8363817286e+01,-3.0569430220e+01,1.3135455033e+02,1.1068886614e+02,-4.0986303843e+01,1.1068886614e+02,4.0986303843e+01,0.0000000000e+00,nan,nan,nan,nan,nan,nan
-2.0775670061e-04,4.0693952199e-05,9.6540695784e+01,3.6466202911e+01,-3.1610067510e+01,1.2769285742e+02,1.0618881974e+02,-4.1258191471e+01,1.0618881974e+02,4.1258191471e+01,0.0000000000e+00,nan,nan,nan,nan,nan,nan
-2.0400556076e-04,3.8717309006e-05,1.0288944073e+02,3.5667886892e+01,-3.3068399949e+01,1.3296298854e+02,1.1167673761e+02,-4.1855696833e+01,1.1167673761e+02,4.1855696833e+01,0.0000000000e+00,nan,nan,nan,nan,nan,nan
-1.9817798034e-04,4.0297856308e-05,9.8985462015e+01,3.3804888381e+01,-3.3912296308e+01,1.2912750519e+02,1.0708838273e+02,-4.2015217026e+01,1.0708838273e+02,4.2015217026e+01,0.0000000000e+00,nan,nan,nan,nan,nan,nan
-1.9494800205e-04,4.0182519516e-05,9.9662411924e+01,3.2895685799e+01,-3.4620981833e+01,1.2949776570e+02,1.0728628493e+02,-4.2244854840e+01,1.0728628493e+02,4.2244854840e+01,0.0000000000e+00,nan,nan,nan,nan,nan,nan
-1.8843789617e-04,3.9973885253e-05,1.0083924171e+02,3.1059509692e+01,-3.5953305528e+01,1.3010594439e+02,1.0755967011e+02,-4.2673733923e+01,1.0755967011e+02,4.2673733923e+01,0.0000000000e+00,nan,nan,nan,nan,nan,nan
-1.7696024074e-04,4.3185702281e-05,9.3321955509e+01,2.7606129478e+01,-3.7049508447e+01,1.2261026325e+02,9.8925292025e+01,-4.2652844963e+01,9.8925292025e+01,4.2652844963e+01,0.0000000000e+00,nan,nan,nan,nan,nan,nan
-1.7130173557e-04,4.4803298189e-05,8.9778328457e+01,2.5951723869e+01,-3.7491782874e+01,1.1903037920e+02,9.4865494263e+01,-4.2578948680e+01,9.4865494263e+01,4.2578948680e+01,0.0000000000e+00,nan,nan,nan,nan,nan,nan
-1.6804309235e-04,4.4716418442e-05,9.0243415138e+01,2.5093211532e+01,-3.7991702544e+01,1.1925477662e+02,9.4977633678e+01,-4.2725921084e+01,9.4977633678e+01,4.2725921084e+01,0.0000000000e+00,nan,nan,nan,nan,nan,nan
-1.6149132356e-04,4.4556705801e-05,9.1075781770e+01,2.3377839735e+01,-3.8931107931e+01,1.1964723080e+02,9.5150697827e+01,-4.3006023988e+01,9.5150697827e+01,4.3006023988e+01,0.0000000000e+00,nan,nan,nan,nan,nan,nan
-1.5819935733e-04,4.4483293222e-05,9.1448536228e+01,2.2522540702e+01,-3.9371704986e+01,1.1981990240e+02,9.5216468525e+01,-4.3139637282e+01,9.5216468525e+01,4.3139637282e+01,0.0000000000e+00,nan,nan,nan,nan,nan,nan
-1.5489741332e-04,4.4413833120e-05,9.1795669929e+01,2.1669707207e+01,-3.9793612466e+01,1.1997963261e+02,9.5271301915e+01,-4.3269244455e+01,9.5271301915e+01,4.3269244455e+01,0.0000000000e+00,nan,nan,nan,nan,nan,nan
-1.4826563184e-04,4.4285916372e-05,9.2421943928e+01,1.9973518431e+01,-4.0583344061e+01,1.2026736468e+02,9.5355695307e+01,-4.3517095435e+01,9.5355695307e+01,4.3517095435e+01,0.0000000000e+00,nan,nan,nan,nan,nan,nan
-1.4493676890e-04,4.4227069211e-05,9.2705148000e+01,1.9131036134e+01,-4.0952088463e+01,1.2039853097e+02,9.5388654034e+01,-4.3635594497e+01,9.5388654034e+01,4.3635594497e+01,0.0000000000e+00,nan,nan,nan,nan,nan,nan
-1.4159990478e-04,4.4171417939e-05,9.2970809026e+01,1.8292788960e+01,-4.1303962716e+01,1.2052303461e+02,9.5417429629e+01,-4.3750583319e+01,9.5417429629e+01,4.3750583319e+01,0.0000000000e+00,nan,nan,nan,nan,nan,nan
-1.3490550369e-04,4.4069588485e-05,9.3454869859e+01,1.6630562502e+01,-4.1958252338e+01,1.2075564780e+02,9.5466614523e+01,-4.3969997002e+01,9.5466614523e+01,4.3969997002e+01,0.0000000000e+00,nan,nan,nan,nan,nan,nan
-1.3155109970e-04,4.4023152590e-05,9.3676120067e+01,1.5807650708e+01,-4.2261086493e+01,1.2086568964e+02,9.5489355237e+01,-4.4074321662e+01,9.5489355237e+01,4.4074321662e+01,0.0000000000e+00,nan,nan,nan,nan,nan,nan
-1.2607197788e-04,4.5667752227e-05,9.0208433821e+01,1.4419974207e+01,-4.2307769843e+01,1.1744749086e+02,9.1758672454e+01,-4.3858008476e+01,9.1758672454e+01,4.3858008476e+01,0.0000000000e+00,nan,nan,nan,nan,nan,nan
-1.1263644380e-04,4.5511161797e-05,9.1002741005e+01,1.1245314358e+01,-4.3276793819e+01,1.1790823954e+02,9.1937327432e+01,-4.4211380246e+01,9.1937327432e+01,4.4211380246e+01,0.0000000000e+00,nan,nan,nan,nan,nan,nan
-9.9129633608e-05,4.5394419795e-05,9.1664783015e+01,8.1654513824e+00,-4.4001212254e+01,1.1833739933e+02,9.2153914737e+01,-4.4490343976e+01,9.2153914736e+01,4.4490343976e+01,0.0000000000e+00,nan,nan,nan,nan,nan,nan
-9.8628958205e-05,4.8813483114e-05,8.4478535437e+01,7.9470262946e+00,-4.3258960337e+01,1.1147598585e+02,8.4970477990e+01,-4.3750902889e+01,8.4970477990e+01,4.3750902889e+01,0.0000000000e+00,nan,nan,nan,nan,nan,nan
-9.5302904486e-05,4.8787485856e-05,8.4639919810e+01,7.2101002034e+00,-4.3404203902e+01,1.1158949023e+02,8.5044080177e+01,-4.3808364269e+01,8.5044080177e+01,4.3808364269e+01,0.0000000000e+00,nan,nan,nan,nan,nan,nan
-8.5261009620e-05,4.8727218507e-05,8.5073105153e+01,5.0310811754e+00,-4.3743980204e+01,1.1189780486e+02,8.5268790235e+01,-4.3939665285e+01,8.5268790235e+01,4.3939665285e+01,0.0000000000e+00,nan,nan,nan,nan,nan,nan
-8.1907653491e-05,4.8712962219e-05,8.5200450973e+01,4.3198164740e+00,-4.3822955356e+01,1.1198692079e+02,8.5344426672e+01,-4.3966931055e+01,8.5344426672e+01,4.3966931055e+01,0.0000000000e+00,nan,nan,nan,nan,nan,nan
-7.1836179742e-05,4.8689294328e-05,8.5526335004e+01,2.2378907479e+00,-4.3947552715e+01,1.1219387681e+02,8.5564556120e+01,-4.3985773832e+01,8.5564556120e+01,4.3985773832e+01,0.0000000000e+00,nan,nan,nan,nan,nan,nan
-6.8476368440e-05,4.8688166677e-05,8.5614374136e+01,1.5628230906e+00,-4.3948871083e+01,1.1223695671e+02,8.5632788694e+01,-4.3967285641e+01,8.5632788694e+01,4.3967285641e+01,0.0000000000e+00,nan,nan,nan,nan,nan,nan
-5.8393795748e-05,4.8706892965e-05,8.5805355553e+01,-3.9838993463e-01,-4.3818002674e+01,1.1225856098e+02,8.5806186842e+01,-4.3818833964e+01,8.5806186842e+01,4.3818833964e+01,0.0000000000e+00,nan,nan,nan,nan,nan,nan
-5.5033213198e-05,4.8721116323e-05,8.5840732130e+01,-1.0289702451e+00,-4.3725372168e+01,1.1222103218e+02,8.5848523122e+01,-4.3733163159e+01,8.5848523122e+01,4.3733163159e+01,0.0000000000e+00,nan,nan,nan,nan,nan,nan
-5.0075397286e-05,5.0469392590e-05,8.2360811239e+01,-1.9608466124e+00,-4.3230727001e+01,1.0881784704e+02,8.2391055401e+01,-4.3260971163e+01,8.2391055401e+01,4.3260971163e+01,0.0000000000e+00,nan,nan,nan,nan,nan,nan
-4.4956150855e-05,4.8791750332e-05,8.5838624556e+01,-2.8439662868e+00,-4.3279963575e+01,1.1192782689e+02,8.5900891477e+01,-4.3342230497e+01,8.5900891477e+01,4.3342230497e+01,0.0000000000e+00,nan,nan,nan,nan,nan,nan
-4.1600654669e-05,4.8824788490e-05,8.5796814438e+01,-3.4215816676e+00,-4.3070148194e+01,1.1175872857e+02,8.5887265147e+01,-4.3160598903e+01,8.5887265147e+01,4.3160598903e+01,0.0000000000e+00,nan,nan,nan,nan,nan,nan
-3.4897068407e-05,4.8907321669e-05,8.5636724344e+01,-4.5332471999e+00,-4.2546804001e+01,1.1128698787e+02,8.5796532576e+01,-4.2706612233e+01,8.5796532576e+01,4.2706612233e+01,0.0000000000e+00,nan,nan,nan,nan,nan,nan
-3.1549944535e-05,4.8957375475e-05,8.5513202996e+01,-5.0666667003e+00,-4.2228932338e+01,1.1097494009e+02,8.5713546862e+01,-4.2429276204e+01,8.5713546862e+01,4.2429276204e+01,0.0000000000e+00,nan,nan,nan,nan,nan,nan
-2.8206781302e-05,4.9013756389e-05,8.5356666516e+01,-5.5848658101e+00,-4.1870461225e+01,1.1060522908e+02,8.5601061427e+01,-4.2114856136e+01,8.5601061428e+01,4.2114856136e+01,0.0000000000e+00,nan,nan,nan,nan,nan,nan
-2.1534121736e-05,4.9146245635e-05,8.4932521120e+01,-6.5757308575e+00,-4.1021450030e+01,1.0967186398e+02,8.5274615737e+01,-4.1363544647e+01,8.5274615737e+01,4.1363544647e+01,0.0000000000e+00,nan,nan,nan,nan,nan,nan
-1.8206047828e-05,4.9223808266e-05,8.4656135308e+01,-7.0488068262e+00,-4.0525308721e+01,1.0909514309e+02,8.5051523523e+01,-4.0920696936e+01,8.5051523523e+01,4.0920696936e+01,0.0000000000e+00,nan,nan,nan,nan,nan,nan
-1.4884199554e-05,4.9308757683e-05,8.4332960361e+01,-7.5076808176e+00,-3.9977563767e+01,1.0843811913e+02,8.4784475565e+01,-4.0429078970e+01,8.4784475565e+01,4.0429078970e+01,0.0000000000e+00,nan,nan,nan,nan,nan,nan
-8.2625907167e-06,4.9503139500e-05,8.3527518831e+01,-8.3863331534e+00,-3.8714711084e+01,1.0685628758e+02,8.4099910274e+01,-3.9287102527e+01,8.4099910274e+01,3.9287102527e+01,0.0000000000e+00,nan,nan,nan,nan,nan,nan
-4.9642601452e-06,4.9613319344e-05,8.3036200427e+01,-8.8087462638e+00,-3.7993037281e+01,1.0591855931e+02,8.3673690306e+01,-3.8630527159e+01,8.3673690306e+01,3.8630527159e+01,0.0000000000e+00,nan,nan,nan,nan,nan,nan
4.8698322257e-06,5.0000340673e-05,8.1149924593e+01,-1.0032447607e+01,-3.5426316479e+01,1.0244195918e+02,8.2006696766e+01,-3.6283088652e+01,8.2006696766e+01,3.6283088652e+01,0.0000000000e+00,nan,nan,nan,nan,nan,nan
2.8278402443e-05,5.3216011419e-05,6.9293242435e+01,-1.2695250129e+01,-2.5850920460e+01,8.5278938852e+01,7.0956979290e+01,-2.7514657315e+01,7.0956979290e+01,2.7514657315e+01,0.0000000000e+00,nan,nan,nan,nan,nan,nan
3.1376679126e-05,5.3461490006e-05,6.7748535714e+01,-1.3205797251e+01,-2.4182968590e+01,8.2833355713e+01,6.9606643781e+01,-2.6041076656e+01,6.9606643781e+01,2.6041076656e+01,0.0000000000e+00,nan,nan,nan,nan,nan,nan
3.7496954487e-05,5.3990452102e-05,6.4212498899e+01,-1.4242090289e+01,-2.0517955114e+01,7.7412300171e+01,6.6541284235e+01,-2.2846740450e+01,6.6541284235e+01,2.2846740450e+01,0.0000000000e+00,nan,nan,nan,nan,nan,nan
4.0539769316e-05,5.4278088516e-05,6.2028169449e+01,-1.3682992406e+01,-2.0418608694e+01,7.5233067768e+01,6.4240612306e+01,-2.2631051550e+01,6.4240612306e+01,2.2631051550e+01,0.0000000000e+00,nan,nan,nan,nan,nan,nan
4.5858737877e-05,5.2837537849e-05,6.1777384345e+01,-1.3786762766e+01,-2.0440467480e+01,7.5102202106e+01,6.4028735035e+01,-2.2691818170e+01,6.4028735035e+01,2.2691818170e+01,0.0000000000e+00,nan,nan,nan,nan,nan,nan
4.8958651918e-05,5.3160406799e-05,5.9139626539e+01,-1.3126024367e+01,-2.0591439949e+01,7.2697166939e+01,6.1245822197e+01,-2.2697635607e+01,6.1245822197e+01,2.2697635607e+01,0.0000000000e+00,nan,nan,nan,nan,nan,nan
5.5212226570e-05,5.3871106399e-05,5.4081716125e+01,-1.1877181337e+01,-2.0852285117e+01,6.8079170727e+01,5.5920243050e+01,-2.2690812041e+01,5.5920243050e+01,2.2690812041e+01,0.0000000000e+00,nan,nan,nan,nan,nan,nan
5.8367958582e-05,5.4258871886e-05,5.1637643898e+01,-1.1278867784e+01,-2.0979265404e+01,6.5854368727e+01,5.3350226759e+01,-2.2691848265e+01,5.3350226759e+01,2.2691848265e+01,0.0000000000e+00,nan,nan,nan,nan,nan,nan
6.8716548068e-05,5.7846619872e-05,4.0768916098e+01,-8.5075190139e+00,-2.1558774058e+01,5.5954816254e+01,4.1910599247e+01,-2.2700457207e+01,4.1910599247e+01,2.2700457207e+01,0.0000000000e+00,nan,nan,nan,nan,nan,nan
7.1953442687e-05,5.8358257206e-05,3.8672384671e+01,-8.0166583460e+00,-2.1659606840e+01,5.4064930379e+01,3.9720791024e+01,-2.2708013193e+01,3.9720791024e+01,2.2708013193e+01,0.0000000000e+00,nan,nan,nan,nan,nan,nan
7.7771804967e-05,5.7065752763e-05,3.8147356371e+01,-8.0533310190e+00,-2.1665401263e+01,5.3647009664e+01,3.9214093024e+01,-2.2732137917e+01,3.9214093025e+01,2.2732137917e+01,0.0000000000e+00,nan,nan,nan,nan,nan,nan
8.1094398931e-05,5.7616025908e-05,3.6080890783e+01,-7.5734225345e+00,-2.1767345223e+01,5.1789391920e+01,3.7057392146e+01,-2.2743846586e+01,3.7057392146e+01,2.2743846586e+01,0.0000000000e+00,nan,nan,nan,nan,nan,nan
8.4445496917e-05,5.8190194412e-05,3.4063025359e+01,-7.1096062742e+00,-2.1865782077e+01,4.9979173593e+01,3.4954110969e+01,-2.2756867687e+01,3.4954110969e+01,2.2756867687e+01,0.0000000000e+00,nan,nan,nan,nan,nan,nan
9.1237830946e-05,5.9411245495e-05,3.0164691739e+01,-6.2289147859e+00,-2.2052106889e+01,4.6492908598e+01,3.0898985720e+01,-2.2786400869e+01,3.0898985719e+01,2.2786400869e+01,0.0000000000e+00,nan,nan,nan,nan,nan,nan
9.5389760172e-05,6.2627702629e-05,2.5205354865e+01,-4.9958507122e+00,-2.2280422382e+01,4.2027277750e+01,2.5726926364e+01,-2.2801993881e+01,2.5726926357e+01,2.2801993881e+01,0.0000000000e+00,nan,nan,nan,nan,nan,nan
9.8864099710e-05,6.3337869053e-05,2.3436656631e+01,-4.6223243163e+00,-2.2356512965e+01,4.0461028041e+01,2.3900257264e+01,-2.2820113598e+01,2.3900257286e+01,2.2820113598e+01,0.0000000000e+00,nan,nan,nan,nan,nan,nan
1.0521679702e-04,6.2146838672e-05,2.2875404610e+01,-4.6518003793e+00,-2.2380508560e+01,4.0015175406e+01,2.3350220318e+01,-2.2855324267e+01,2.3350220338e+01,2.2855324267e+01,0.0000000000e+00,nan,nan,nan,nan,nan,nan
1.0880066305e-04,6.2891976439e-05,2.1153118073e+01,-4.2956013905e+00,-2.2452295446e+01,3.8492163298e+01,2.1573872156e+01,-2.2873049528e+01,2.1573872098e+01,2.2873049528e+01,0.0000000000e+00,nan,nan,nan,nan,nan,nan
1.1242256334e-04,6.3661487042e-05,1.9469705762e+01,-3.9551599723e+00,-2.2520503076e+01,3.7007041634e+01,1.9840626792e+01,-2.2891424107e+01,1.9840626816e+01,2.2891424107e+01,0.0000000000e+00,nan,nan,nan,nan,nan,nan
1.1312713767e-04,6.6431934748e-05,1.6730307277e+01,-3.2755247619e+00,-2.2622831098e+01,3.4552772514e+01,1.7002790602e+01,-2.2895314423e+01,1.7002789977e+01,2.2895314423e+01,0.0000000000e+00,nan,nan,nan,nan,nan,nan
6.3078181940e-05,5.9153367759e-05,4.1238399713e+01,-8.4503778394e+00,-2.1565185618e+01,5.6326570264e+01,4.2356767552e+01,-2.2683553457e+01,4.2356767552e+01,2.2683553457e+01,0.0000000000e+00,nan,nan,nan,nan,nan,nan
-1.1861606202e-04,4.9026284927e-05,8.3313614719e+01,1.2517374876e+01,-4.2063127316e+01,1.1072162163e+02,8.4550401755e+01,-4.3299914352e+01,8.4550401755e+01,4.3299914352e+01,0.0000000000e+00,nan,nan,nan,nan,nan,nan
1.1679047256e-04,6.7268453114e-05,1.5136015373e+01,-2.9753528261e+00,-2.2688598062e+01,3.3163012581e+01,1.5370382897e+01,-2.2922965585e+01,1.5370382467e+01,2.2922965585e+01,0.0000000000e+00,nan,nan,nan,nan,nan,nan
1.2049498507e-04,6.8130039987e-05,1.3590896899e+01,-2.6786049493e+00,-2.2698177570e+01,3.1771505015e+01,1.3789646638e+01,-2.2896927309e+01,1.3789650525e+01,2.2896927309e+01,0.0000000000e+00,nan,nan,nan,nan,nan,nan
1.2730818827e-04,6.6979652025e-05,1.2992784996e+01,-2.9436882607e+00,-2.2288571543e+01,3.0975257203e+01,1.3235679811e+01,-2.2531466358e+01,1.3235679561e+01,2.2531466358e+01,0.0000000000e+00,nan,nan,nan,nan,nan,nan
8.2540181800e-05,6.2498494460e-05,2.9410469060e+01,-5.7515942492e+00,-2.2098991683e+01,4.5710135415e+01,3.0046497675e+01,-2.2735020299e+01,3.0046497674e+01,2.2735020299e+01,0.0000000000e+00,nan,nan,nan,nan,nan,nan
1.3107751990e-04,6.7859962434e-05,1.1883653885e+01,-3.1878404082e+00,-2.1141197214e+01,2.9127303531e+01,1.2187884870e+01,-2.1445428199e+01,1.2187893663e+01,2.1445428199e+01,0.0000000000e+00,nan,nan,nan,nan,nan,nan
1.3175706375e-04,7.0843832992e-05,9.5490828715e+00,-2.8867250490e+00,-2.0673046012e+01,2.6644774590e+01,9.8213862119e+00,-2.0945349352e+01,9.8213360904e+00,2.0945349352e+01,0.0000000000e+00,nan,nan,nan,nan,nan,nan
1.3483324576e-04,6.8752718899e-05,1.0735368659e+01,-3.4581424466e+00,-2.0120328325e+01,2.7383203912e+01,1.1117220317e+01,-2.0502179983e+01,1.1117227927e+01,2.0502179983e+01,0.0000000000e+00,nan,nan,nan,nan,nan,nan
1.3549001834e-04,7.1775579386e-05,8.5363117265e+00,-3.2385941086e+00,-1.9602681267e+01,2.5004029778e+01,8.9028985526e+00,-1.9969268093e+01,8.9029469970e+00,1.9969268093e+01,0.0000000000e+00,nan,nan,nan,nan,nan,nan
1.3921907362e-04,7.2720997327e-05,7.6566987436e+00,-3.6742333052e+00,-1.8568586206e+01,2.3583027945e+01,8.1597238014e+00,-1.9071611264e+01,8.1598588725e+00,1.9071611264e+01,0.0000000000e+00,nan,nan,nan,nan,nan,nan
1.4602058302e-04,7.1478577718e-05,8.1124733139e+00,-4.7068839076e+00,-1.7265443576e+01,2.3436609909e+01,8.9546479086e+00,-1.8107618171e+01,8.9541250728e+00,1.8107618171e+01,0.0000000000e+00,nan,nan,nan,nan,nan,nan
1.4972335430e-04,7.2391798943e-05,7.5875935176e+00,-5.3050582880e+00,-1.6365905977e+01,2.2683254385e+01,8.7070267957e+00,-1.7485339255e+01,8.7076477527e+00,1.7485339255e+01,0.0000000000e+00,nan,nan,nan,nan,nan,nan
1.5026983583e-04,7.5546881846e-05,5.7088027345e+00,-5.3633115757e+00,-1.5813973196e+01,2.0822671702e+01,6.9693898812e+00,-1.7074560343e+01,6.9621004445e+00,1.7074560343e+01,0.0000000000e+00,nan,nan,nan,nan,nan,nan
1.5341149950e-04,7.3301462046e-05,6.9635465210e+00,-5.8401078454e+00,-1.5651970279e+01,2.2041005508e+01,8.3811685845e+00,-1.7069592342e+01,8.3830634638e+00,1.7069592342e+01,0.0000000000e+00,nan,nan,nan,nan,nan,nan
1.5394397354e-04,7.6497043286e-05,4.0533223292e+00,-5.0801637357e+00,-1.5784710075e+01,1.9311731168e+01,5.2839393153e+00,-1.7015327061e+01,5.2889771516e+00,1.7015327061e+01,0.0000000000e+00,nan,nan,nan,nan,nan,nan
1.5710661446e-04,7.4219524813e-05,5.1824595953e+00,-5.5206788299e+00,-1.5636179417e+01,2.0417169675e+01,6.5609984972e+00,-1.7014718319e+01,6.5489849727e+00,1.7014718319e+01,0.0000000000e+00,nan,nan,nan,nan,nan,nan
1.5765668443e-04,7.7481048962e-05,1.9820419801e+00,-4.3973571136e+00,-1.6022498230e+01,1.7357637486e+01,3.0012085502e+00,-1.7041664800e+01,3.0220509445e+00,1.7041664800e+01,0.0000000000e+00,nan,nan,nan,nan,nan,nan
1.0450438930e-04,5.9502042390e-05,2.5863600878e+01,-5.4308224715e+00,-2.2246402844e+01,4.2715738405e+01,2.6470542083e+01,-2.2853344050e+01,2.6470542079e+01,2.2853344050e+01,0.0000000000e+00,nan,nan,nan,nan,nan,nan
2.3153844533e-05,4.9155704168e-05,7.9475788872e+01,-1.2923955750e+01,-2.8975997798e+01,9.6551383368e+01,8.0993862715e+01,-3.0494071641e+01,8.0993862715e+01,3.0494071641e+01,0.0000000000e+00,nan,nan,nan,nan,nan,nan
6.3972783239e-05,5.2879703025e-05,5.1228483207e+01,-1.1338620747e+01,-2.0963151055e+01,6.5533819626e+01,5.2968634478e+01,-2.2703302326e+01,5.2968634478e+01,2.2703302326e+01,0.0000000000e+00,nan,nan,nan,nan,nan,nan
1.6140710259e-04,7.8498505852e-05,2.7090966860e-01,-3.8753971889e+00,-1.6168035994e+01,1.5745266418e+01,1.1419706422e+00,-1.7039096967e+01,9.2689213838e-01,1.7039096967e+01,0.0000000000e+00,nan,nan,nan,nan,nan,nan
1.6841180064e-04,7.7176255816e-05,-5.9322147076e-01,-3.6905058854e+00,-1.6206798115e+01,1.4961304802e+01,2.3790356179e-01,-1.7037923147e+01,3.9472331112e-01,1.7037923147e+01,0.0000000000e+00,nan,nan,nan,nan,nan,nan
-5.8346104280e-05,4.5305101254e-05,9.2936270913e+01,-3.3732421496e-01,-4.4464137948e+01,1.1899300780e+02,9.2936711568e+01,-4.4464578603e+01,9.2936711568e+01,4.4464578603e+01,0.0000000000e+00,nan,nan,nan,nan,nan,nan
1.7225431705e-04,7.8227099019e-05,-2.0529854816e+00,-3.2004615048e+00,-1.6343248037e+01,1.3564817544e+01,-1.3664656988e+00,-1.7029767819e+01,-2.1372521884e-01,1.7029767819e+01,0.0000000000e+00,nan,nan,nan,nan,nan,nan
-1.0448297602e-04,4.3738188128e-05,9.5115523940e+01,9.4211215825e+00,-4.4130577124e+01,1.2168867636e+02,9.5749463465e+01,-4.4764516648e+01,9.5749463464e+01,4.4764516648e+01,0.0000000000e+00,nan,nan,nan,nan,nan,nan
1.7288446075e-04,8.1737527647e-05,-3.7186041783e+00,-2.5325629472e+00,-1.6535559389e+01,1.1938591779e+01,-3.2343326062e+00,-1.7019830961e+01,3.7326703139e-02,1.7019830961e+01,0.0000000000e+00,nan,nan,nan,nan,nan,nan
1.7549282346e-04,7.5808329196e-05,-1.4267470704e+00,-3.5064451748e+00,-1.6240233804e+01,1.4198444779e+01,-6.3601452222e-01,-1.7030966352e+01,-7.7772799307e-02,1.7030966352e+01,0.0000000000e+00,nan,nan,nan,nan,nan,nan
1.7938719955e-04,7.6859976133e-05,-2.8109124942e+00,-3.0215696231e+00,-1.6376356007e+01,1.2864816223e+01,-2.1661291414e+00,-1.7021139360e+01,-2.7355167520e-02,1.7021139360e+01,0.0000000000e+00,nan,nan,nan,nan,nan,nan
1.8658787093e-04,7.5447753606e-05,-3.5323613930e+00,-2.8381756776e+00,-1.6410344338e+01,1.2191124285e+01,-2.9328039775e+00,-1.7009901753e+01,5.4818176544e-02,1.7009901753e+01,0.0000000000e+00,nan,nan,nan,nan,nan,nan
1.8590520003e-04,7.1916391018e-05,-1.5742556134e+00,-3.6405786418e+00,-1.6163105378e+01,1.4125239949e+01,-7.1346940865e-01,-1.7023891583e+01,-9.7778838267e-02,1.7023891583e+01,0.0000000000e+00,nan,nan,nan,nan,nan,nan
1.8985989265e-04,7.2938882492e-05,-3.0356831377e+00,-3.1066215833e+00,-1.6318640421e+01,1.2703127854e+01,-2.3430074932e+00,-1.7011316065e+01,-2.3080945790e-02,1.7011316065e+01,0.0000000000e+00,nan,nan,nan,nan,nan,nan
1.9056790719e-04,7.6527926543e-05,-4.5738094217e+00,-2.4302966344e+00,-1.6524988278e+01,1.1176205167e+01,-4.0968137884e+00,-1.7001983912e+01,-9.3798733133e-03,1.7001983912e+01,0.0000000000e+00,nan,nan,nan,nan,nan,nan
1.9385108117e-04,7.3991796934e-05,-4.2183039580e+00,-2.6397951798e+00,-1.6451514988e+01,1.1541770435e+01,-3.6712652051e+00,-1.6998553741e+01,3.7722545422e-02,1.6998553741e+01,0.0000000000e+00,nan,nan,nan,nan,nan,nan
1.9458355671e-04,7.7632094653e-05,-5.3504010597e+00,-2.1170741449e+00,-1.6605478204e+01,1.0415383902e+01,-4.9646149320e+00,-1.6991264331e+01,-3.2827403054e-03,1.6991264331e+01,0.0000000000e+00,nan,nan,nan,nan,nan,nan
1.8917092900e-04,6.9424724230e-05,-7.7945871551e-01,-4.0161799452e+00,-1.6029847704e+01,1.4932663027e+01,2.1672380846e-01,-1.7026030228e+01,3.8859523917e-01,1.7026030228e+01,0.0000000000e+00,nan,nan,nan,nan,nan,nan
1.9863399602e-04,7.8755660785e-05,-5.9372062456e+00,-1.8144648730e+00,-1.6678976482e+01,9.8207838473e+00,-5.6380591659e+00,-1.6978123562e+01,2.5834701991e-03,1.6978123562e+01,0.0000000000e+00,nan,nan,nan,nan,nan,nan
2.0194097390e-04,7.6172994625e-05,-5.7144811332e+00,-1.9456538745e+00,-1.6584224472e+01,9.9986798669e+00,-5.3766122899e+00,-1.6922093315e+01,4.7473164736e-03,1.6922093315e+01,0.0000000000e+00,nan,nan,nan,nan,nan,nan
2.0602537639e-04,7.7284005348e-05,-5.7044396492e+00,-2.1505090119e+00,-1.6164851322e+01,9.7932138981e+00,-5.2805308054e+00,-1.6588760166e+01,-5.3264293447e-04,1.6588760166e+01,0.0000000000e+00,nan,nan,nan,nan,nan,nan
2.0677598968e-04,8.1007013167e-05,-5.6889808660e+00,-2.4536249626e+00,-1.5760246593e+01,9.6967364251e+00,-5.1262003441e+00,-1.6323027115e+01,3.0927815740e-04,1.6323027115e+01,0.0000000000e+00,nan,nan,nan,nan,nan,nan
2.1342014201e-04,7.5730858715e-05,-5.2849328741e+00,-2.7541229084e+00,-1.5602531248e+01,1.0124077059e+01,-4.5985934460e+00,-1.6288870676e+01,-1.2819197831e-03,1.6288870676e+01,0.0000000000e+00,nan,nan,nan,nan,nan,nan
2.1264657041e-04,7.2021264837e-05,-5.2670545883e+00,-2.4716961220e+00,-1.5987595352e+01,1.0222465384e+01,-4.7253818287e+00,-1.6529268111e+01,5.3150944427e-03,1.6529268111e+01,0.0000000000e+00,nan,nan,nan,nan,nan,nan
2.1673703657e-04,7.3068446779e-05,-5.0835114689e+00,-2.9087323756e+00,-1.5531666055e+01,1.0351643063e+01,-4.3310648528e+00,-1.6284112671e+01,-6.7678892132e-04,1.6284112671e+01,0.0000000000e+00,nan,nan,nan,nan,nan,nan
2.1749394087e-04,7.6783087361e-05,-5.1109459487e+00,-3.1328553661e+00,-1.5156563662e+01,1.0250724884e+01,-4.2154960342e+00,-1.6052013577e+01,3.4905195859e-04,1.6052013577e+01,0.0000000000e+00,nan,nan,nan,nan,nan,nan
2.2081876767e-04,7.4097994546e-05,-4.9190283218e+00,-3.2814538123e+00,-1.5092562079e+01,1.0482361241e+01,-3.9538011163e+00,-1.6057789284e+01,-2.1732240345e-04,1.6057789284e+01,0.0000000000e+00,nan,nan,nan,nan,nan,nan
2.2414109374e-04,7.1397646665e-05,-4.7286853806e+00,-3.4326538917e+00,-1.5031273907e+01,1.0719719951e+01,-3.6909464444e+00,-1.6069012843e+01,-1.4386621749e-03,1.6069012843e+01,0.0000000000e+00,nan,nan,nan,nan,nan,nan
2.0344787161e-04,8.3619872102e-05,-5.8856022922e+00,-2.3047089188e+00,-1.5845938802e+01,9.4988850938e+00,-5.3815866810e+00,-1.6349954413e+01,2.0693320853e-04,1.6349954413e+01,0.0000000000e+00,nan,nan,nan,nan,nan,nan
2.2895852811e-04,7.6103208692e-05,-4.5608171425e+00,-4.0432324965e+00,-1.4241036394e+01,1.0921085655e+01,-3.0956350257e+00,-1.5706218511e+01,-1.0193887167e-04,1.5706218511e+01,0.0000000000e+00,nan,nan,nan,nan,nan,nan
2.3229636942e-04,7.3358608026e-05,-4.3887470265e+00,-4.1884203233e+00,-1.4184967216e+01,1.1160239626e+01,-2.8434897686e+00,-1.5730224473e+01,-5.5060228662e-05,1.5730224473e+01,0.0000000000e+00,nan,nan,nan,nan,nan,nan
2.3563111008e-04,7.0599491009e-05,-4.2175240451e+00,-4.3372207025e+00,-1.4129967372e+01,1.1405066011e+01,-2.5890277767e+00,-1.5758463640e+01,2.5972329342e-04,1.5758463640e+01,0.0000000000e+00,nan,nan,nan,nan,nan,nan
2.3970505442e-04,7.1531369391e-05,-4.0510154683e+00,-4.7062024802e+00,-1.3713073877e+01,1.1679432889e+01,-2.1389209502e+00,-1.5625168396e+01,-6.9265988136e-05,1.5625168396e+01,0.0000000000e+00,nan,nan,nan,nan,nan,nan
2.3487309141e-04,6.6898112143e-05,-4.2005790992e+00,-4.1222548811e+00,-1.4489937669e+01,1.1415642076e+01,-2.7544343581e+00,-1.5936082410e+01,-1.6397613251e-03,1.5936082410e+01,0.0000000000e+00,nan,nan,nan,nan,nan,nan
2.4042239940e-04,7.5248183386e-05,-4.0439266180e+00,-4.9219368723e+00,-1.3356317931e+01,1.1733261940e+01,-1.9259203353e+00,-1.5474324214e+01,1.5681332653e-05,1.5474324214e+01,0.0000000000e+00,nan,nan,nan,nan,nan,nan
2.4377182604e-04,7.2445261481e-05,-3.8875504453e+00,-5.0702151395e+00,-1.3296639374e+01,1.1977941491e+01,-1.6766271653e+00,-1.5507562654e+01,-1.8278958242e-04,1.5507562654e+01,0.0000000000e+00,nan,nan,nan,nan,nan,nan
2.4447491337e-04,7.6166410775e-05,-3.8761838441e+00,-5.2798619847e+00,-1.2942545116e+01,1.2051359861e+01,-1.4515086205e+00,-1.5367220340e+01,3.7823317997e-04,1.5367220340e+01,0.0000000000e+00,nan,nan,nan,nan,nan,nan
2.4783123880e-04,7.3341877429e-05,-3.7280108119e+00,-5.4293502996e+00,-1.2877228036e+01,1.2295070053e+01,-1.2040574188e+00,-1.5401181429e+01,4.2147372227e-04,1.5401181429e+01,0.0000000000e+00,nan,nan,nan,nan,nan,nan
-1.1805763871e-04,4.3861819486e-05,9.4458909543e+01,1.2566653934e+01,-4.3318819112e+01,1.2128688146e+02,9.5595058875e+01,-4.4454968443e+01,9.5595058875e+01,4.4454968443e+01,0.0000000000e+00,nan,nan,nan,nan,nan,nan
-1.9938916233e-04,4.3986165367e-05,8.8624173190e+01,3.3636793201e+01,-3.2625105705e+01,1.2008168917e+02,9.7328729307e+01,-4.1329661823e+01,9.7328729307e+01,4.1329661823e+01,0.0000000000e+00,nan,nan,nan,nan,nan,nan
2.4852043977e-04,7.7067385448e-05,-3.7150000529e+00,-5.6307195449e+00,-1.2526372090e+01,1.2381572197e+01,-9.7218203044e-01,-1.5269190113e+01,-2.7816133403e-03,1.5269190113e+01,0.0000000000e+00,nan,nan,nan,nan,nan,nan
2.5188327568e-04,7.4221378558e-05,-3.5753683131e+00,-5.7822647848e+00,-1.2453254223e+01,1.2624295472e+01,-7.2567087891e-01,-1.5302951657e+01,2.4873857462e-03,1.5302951657e+01,0.0000000000e+00,nan,nan,nan,nan,nan,nan
2.4515424832e-04,7.9898176550e-05,-3.8507509541e+00,-5.4860718413e+00,-1.2596548233e+01,1.2149786242e+01,-1.2089672365e+00,-1.5238331951e+01,4.8595894936e-04,1.5238331951e+01,0.0000000000e+00,nan,nan,nan,nan,nan,nan
2.5453500441e-04,6.7647429092e-05,-3.4240923936e+00,-5.7474153100e+00,-1.2739199829e+01,1.2811250367e+01,-6.8506726356e-01,-1.5478224959e+01,4.5356176285e-03,1.5478224959e+01,0.0000000000e+00,nan,nan,nan,nan,nan,nan
2.5860003543e-04,6.8483201334e-05,-3.2858437384e+00,-6.1064725004e+00,-1.2295960665e+01,1.3141775615e+01,-2.0349451228e-01,-1.5378309891e+01,-3.4886880326e-02,1.5378309891e+01,0.0000000000e+00,nan,nan,nan,nan,nan,nan
2.5788295052e-04,6.4777147343e-05,-3.2689674316e+00,-5.9162105637e+00,-1.2665354386e+01,1.3083319823e+01,-4.1350268706e-01,-1.5520819131e+01,3.9703189900e-03,1.5520819131e+01,0.0000000000e+00,nan,nan,nan,nan,nan,nan
2.6265666228e-04,6.9302421320e-05,-3.1573815649e+00,-6.4593065454e+00,-1.1842166984e+01,1.3479284831e+01,2.8249445073e-01,-1.5282043000e+01,2.6266547314e-01,1.5282043000e+01,0.0000000000e+00,nan,nan,nan,nan,nan,nan
2.6601677962e-04,6.6387410461e-05,-3.0145527279e+00,-6.6364738116e+00,-1.1743072912e+01,1.3755734058e+01,5.6306394082e-01,-1.5320689581e+01,5.7305960497e-01,1.5320689581e+01,0.0000000000e+00,nan,nan,nan,nan,nan,nan
2.7006982924e-04,6.7168370577e-05,-2.9044830717e+00,-6.9865471812e+00,-1.1261747597e+01,1.4098610304e+01,1.0567211195e+00,-1.5222951788e+01,1.0550104471e+00,1.5222951788e+01,0.0000000000e+00,nan,nan,nan,nan,nan,nan
2.6122847666e-04,6.1891200099e-05,-3.1119600855e+00,-6.0916422684e+00,-1.2587334504e+01,1.3364447687e+01,-1.3367982488e-01,-1.5565614764e+01,-3.8566755904e-02,1.5565614764e+01,0.0000000000e+00,nan,nan,nan,nan,nan,nan
2.7074268376e-04,7.0893879859e-05,-2.9372661109e+00,-7.1412889734e+00,-1.0897793172e+01,1.4159002991e+01,1.2571745470e+00,-1.5092233830e+01,1.2577067908e+00,1.5092233830e+01,0.0000000000e+00,nan,nan,nan,nan,nan,nan
2.7411286675e-04,6.7934251988e-05,-2.8081856494e+00,-7.3281168439e+00,-1.0765633948e+01,1.4441171915e+01,1.5507046939e+00,-1.5124524291e+01,1.5508338937e+00,1.5124524291e+01,0.0000000000e+00,nan,nan,nan,nan,nan,nan
2.7477098488e-04,7.1667745808e-05,-2.8491338068e+00,-7.4678698410e+00,-1.0405232291e+01,1.4494290014e+01,1.7410991926e+00,-1.4995465290e+01,1.7409285444e+00,1.4995465290e+01,0.0000000000e+00,nan,nan,nan,nan,nan,nan
2.7814519962e-04,6.8685957591e-05,-2.7272680423e+00,-7.6598994934e+00,-1.0253901032e+01,1.4780486154e+01,2.0429331223e+00,-1.5024102197e+01,2.0429574641e+00,1.5024102197e+01,0.0000000000e+00,nan,nan,nan,nan,nan,nan
2.8084506513e-04,6.1962223004e-05,-2.5355953802e+00,-7.7265246310e+00,-1.0471962623e+01,1.5042715138e+01,2.1811366326e+00,-1.5188694636e+01,2.1811859717e+00,1.5188694636e+01,0.0000000000e+00,nan,nan,nan,nan,nan,nan
2.8488556390e-04,6.2667913402e-05,-2.4666443087e+00,-8.0696982554e+00,-9.9182186086e+00,1.5393191539e+01,2.6948318199e+00,-1.5079694737e+01,2.6948202652e+00,1.5079694737e+01,0.0000000000e+00,nan,nan,nan,nan,nan,nan
2.8554190270e-04,6.6402266521e-05,-2.5422750308e+00,-8.1872666383e+00,-9.5414240279e+00,1.5420242231e+01,2.8610314736e+00,-1.4944730532e+01,2.8610324252e+00,1.4944730532e+01,0.0000000000e+00,nan,nan,nan,nan,nan,nan
2.8891350509e-04,6.3360706353e-05,-2.4148502614e+00,-8.4026087059e+00,-9.3445633327e+00,1.5740775374e+01,3.2082341022e+00,-1.4967647696e+01,3.2082357151e+00,1.4967647696e+01,0.0000000000e+00,nan,nan,nan,nan,nan,nan
2.8825178002e-04,5.9630622816e-05,-2.3281875648e+00,-8.2870152152e+00,-9.7324108026e+00,1.5718865008e+01,3.0449917599e+00,-1.5105590127e+01,3.0449942766e+00,1.5105590127e+01,0.0000000000e+00,nan,nan,nan,nan,nan,nan
2.9292751962e-04,6.4041882933e-05,-2.3819375305e+00,-8.7241379705e+00,-8.7499171107e+00,1.6083792963e+01,3.7200548762e+00,-1.4851909517e+01,3.7200548170e+00,1.4851909517e+01,0.0000000000e+00,nan,nan,nan,nan,nan,nan
2.9692686733e-04,6.4712875910e-05,-2.3698691468e+00,-9.0329842295e+00,-8.1329504101e+00,1.6420575663e+01,4.2290140008e+00,-1.4731833558e+01,4.2290139621e+00,1.4731833558e+01,0.0000000000e+00,nan,nan,nan,nan,nan,nan
3.0428499192e-04,6.2242917520e-05,-2.2628251540e+00,-9.5761204817e+00,-7.1935864153e+00,1.7125202832e+01,5.1590346802e+00,-1.4615446249e+01,5.1590346773e+00,1.4615446249e+01,0.0000000000e+00,nan,nan,nan,nan,nan,nan
-1.8420614976e-04,4.5205644144e-05,8.7520192590e+01,2.9367230763e+01,-3.5277762619e+01,1.1788221525e+02,9.4180543696e+01,-4.1938113724e+01,9.4180543696e+01,4.1938113724e+01,0.0000000000e+00,nan,nan,nan,nan,nan,nan
-1.7524359999e-04,3.9626665900e-05,1.0262680650e+02,2.7369242705e+01,-3.8299608525e+01,1.3092687586e+02,1.0775426601e+02,-4.3427068036e+01,1.0775426601e+02,4.3427068036e+01,0.0000000000e+00,nan,nan,nan,nan,nan,nan
3.0825142694e-04,6.2874818650e-05,-2.3063529042e+00,-9.8629873888e+00,-6.4922114096e+00,1.7461502010e+01,5.6821207293e+00,-1.4480685043e+01,5.6821207303e+00,1.4480685043e+01,0.0000000000e+00,nan,nan,nan,nan,nan,nan
3.0149983528e-04,6.9163284520e-05,-2.5179693558e+00,-9.3602014057e+00,-7.1400570657e+00,1.6697413535e+01,4.8112429886e+00,-1.4469269410e+01,4.8112429900e+00,1.4469269410e+01,0.0000000000e+00,nan,nan,nan,nan,nan,nan
3.0765688477e-04,5.9088069262e-05,-2.1350314230e+00,-9.8369607830e+00,-6.8749019240e+00,1.7523480521e+01,5.6122195224e+00,-1.4622152870e+01,5.6122195214e+00,1.4622152870e+01,0.0000000000e+00,nan,nan,nan,nan,nan,nan
3.1162319883e-04,5.9695493769e-05,-2.1849401220e+00,-1.0134370318e+01,-6.1342250841e+00,1.7881093855e+01,6.1640717475e+00,-1.4483236954e+01,6.1640717474e+00,1.4483236954e+01,0.0000000000e+00,nan,nan,nan,nan,nan,nan
3.1835900750e-04,5.3261045102e-05,-1.9091277790e+00,-1.0722186531e+01,-5.3394985701e+00,1.8804827313e+01,7.2326589365e+00,-1.4481285286e+01,7.2326589366e+00,1.4481285286e+01,0.0000000000e+00,nan,nan,nan,nan,nan,nan
3.1775675854e-04,4.9476420142e-05,-1.6906976399e+00,-1.0700978124e+01,-5.7835171426e+00,1.8867834530e+01,7.1562419535e+00,-1.4630456736e+01,7.1562419534e+00,1.4630456736e+01,0.0000000000e+00,nan,nan,nan,nan,nan,nan
3.2172295674e-04,5.0003264991e-05,-1.7544400690e+00,-1.1040940142e+01,-4.8967397199e+00,1.9313227819e+01,7.8249073858e+00,-1.4476087175e+01,7.8249073858e+00,1.4476087175e+01,0.0000000000e+00,nan,nan,nan,nan,nan,nan
3.0207036959e-04,7.2968166156e-05,-2.6544036741e+00,-9.3711988759e+00,-6.8117006697e+00,1.6624193989e+01,4.8649307025e+00,-1.4331035046e+01,4.8649306993e+00,1.4331035046e+01,0.0000000000e+00,nan,nan,nan,nan,nan,nan
3.2111787165e-04,4.6219429118e-05,-1.5227983198e+00,-1.1019590832e+01,-5.3666415550e+00,1.9371710943e+01,7.7395425902e+00,-1.4628982465e+01,7.7395425903e+00,1.4628982465e+01,0.0000000000e+00,nan,nan,nan,nan,nan,nan
3.1712813996e-04,4.5715295187e-05,-1.4929686355e+00,-1.0645926010e+01,-6.2555007989e+00,1.8892259452e+01,7.0332163631e+00,-1.4781685797e+01,7.0332163629e+00,1.4781685797e+01,0.0000000000e+00,nan,nan,nan,nan,nan,nan
5.3663024334e-05,5.7808463321e-05,4.7742245249e+01,-9.9946124032e+00,-2.1258593393e+01,6.2215190324e+01,4.9161782809e+01,-2.2678130954e+01,4.9161782809e+01,2.2678130954e+01,0.0000000000e+00,nan,nan,nan,nan,nan,nan
1.6737484626e-05,5.4259763962e-05,7.0369294839e+01,-1.0729365711e+01,-3.0875789793e+01,8.9627872236e+01,7.1493428685e+01,-3.1999923639e+01,7.1493428685e+01,3.1999923639e+01,0.0000000000e+00,nan,nan,nan,nan,nan,nan
-1.0861342515e-04,4.8911800924e-05,8.3932629165e+01,1.0200847769e+01,-4.2729007573e+01,1.1110489973e+02,8.4748254563e+01,-4.3544632971e+01,8.4748254563e+01,4.3544632971e+01,0.0000000000e+00,nan,nan,nan,nan,nan,nan
-2.2071945399e-05,5.2620067447e-05,7.7936218756e+01,-6.3924349646e+00,-4.0604872859e+01,1.0325449106e+02,7.8279681157e+01,-4.0948335259e+01,7.8279681157e+01,4.0948335259e+01,0.0000000000e+00,nan,nan,nan,nan,nan,nan
-1.4054351009e-04,4.7629958968e-05,8.5285056801e+01,1.7869473176e+01,-4.0546540918e+01,1.1328195521e+02,8.7772625279e+01,-4.3034109396e+01,8.7772625279e+01,4.3034109396e+01,0.0000000000e+00,nan,nan,nan,nan,nan,nan
-2.3132285052e-04,3.4532291239e-05,1.1219925245e+02,4.4256781238e+01,-2.6458833179e+01,1.4245801010e+02,1.2511838011e+02,-3.9377960846e+01,1.2511838011e+02,3.9377960846e+01,0.0000000000e+00,nan,nan,nan,nan,nan,nan
2.0749659019e-04,8.4741893526e-05,-5.6929024733e+00,-2.6978150085e+00,-1.5377514834e+01,9.5980379422e+00,-4.9937788641e+00,-1.6076638443e+01,-8.2702628775e-05,1.6076638443e+01,0.0000000000e+00,nan,nan,nan,nan,nan,nan
2.0415497876e-04,8.7361270766e-05,-5.8879782394e+00,-2.5530635684e+00,-1.5463579536e+01,9.3949935560e+00,-5.2515768289e+00,-1.6099980946e+01,-2.1680418583e-05,1.6099980946e+01,0.0000000000e+00,nan,nan,nan,nan,nan,nan
2.0483162771e-04,9.1113782140e-05,-5.8322923450e+00,-2.8347931702e+00,-1.5069141028e+01,9.3819528046e+00,-5.0340437094e+00,-1.5867389664e+01,-1.2482398662e-06,1.5867389664e+01,0.0000000000e+00,nan,nan,nan,nan,nan,nan
2.0884771391e-04,9.2244424982e-05,-5.5807361586e+00,-3.2453745586e+00,-1.4616150147e+01,9.6315281578e+00,-4.5376777782e+00,-1.5659208527e+01,-1.6046699794e-06,1.5659208527e+01,0.0000000000e+00,nan,nan,nan,nan,nan,nan
2.0947873758e-04,9.6010291925e-05,-5.4703835291e+00,-3.5286940187e+00,-1.4247891103e+01,9.7510455409e+00,-4.2293685481e+00,-1.5488906084e+01,-4.4403996025e-07,1.5488906084e+01,0.0000000000e+00,nan,nan,nan,nan,nan,nan
2.0667823786e-04,1.0242857897e-04,-5.4403897380e+00,-3.7146465460e+00,-1.3955671643e+01,9.7841984623e+00,-4.0491210745e+00,-1.5346940307e+01,1.6331388168e-06,1.5346940307e+01,0.0000000000e+00,nan,nan,nan,nan,nan,nan
2.0723378670e-04,1.0621541173e-04,-5.2195368031e+00,-4.0137681336e+00,-1.3611315147e+01,1.0055285708e+01,-3.6100040648e+00,-1.5220847886e+01,-6.9452090435e-06,1.5220847886e+01,0.0000000000e+00,nan,nan,nan,nan,nan,nan
2.0776056370e-04,1.1000768461e-04,-4.9514370804e+00,-4.3101082186e+00,-1.3283947321e+01,1.0381417089e+01,-3.1239782502e+00,-1.5111406152e+01,3.2203340360e-05,1.5111406152e+01,0.0000000000e+00,nan,nan,nan,nan,nan,nan
2.0380422798e-04,1.0884623368e-04,-5.3018432531e+00,-3.9291345147e+00,-1.3675250371e+01,9.9428938174e+00,-3.7480143903e+00,-1.5229079234e+01,-1.0922956669e-05,1.5229079234e+01,0.0000000000e+00,nan,nan,nan,nan,nan,nan
2.0431148784e-04,1.1264302499e-04,-4.9979660257e+00,-4.2369952835e+00,-1.3347062235e+01,1.0300833126e+01,-3.2253253520e+00,-1.5119702909e+01,4.9892465283e-05,1.5119702909e+01,0.0000000000e+00,nan,nan,nan,nan,nan,nan
2.0036380797e-04,1.1145771408e-04,-5.3740464811e+00,-3.8489742130e+00,-1.3741367550e+01,9.8445010018e+00,-3.8739817120e+00,-1.5241432319e+01,-1.5483541480e-05,1.5241432319e+01,0.0000000000e+00,nan,nan,nan,nan,nan,nan
2.1171670570e-04,1.1114583818e-04,-4.6133344727e+00,-4.6679502581e+00,-1.2912859947e+01,1.0816982871e+01,-2.5179092375e+00,-1.5008285182e+01,-9.5627577668e-05,1.5008285182e+01,0.0000000000e+00,nan,nan,nan,nan,nan,nan
1.9691143341e-04,1.1404894758e-04,-5.4347780542e+00,-3.7730847105e+00,-1.3810429895e+01,9.7613155573e+00,-3.9869058099e+00,-1.5258302139e+01,-1.8139851908e-05,1.5258302139e+01,0.0000000000e+00,nan,nan,nan,nan,nan,nan
1.9737558278e-04,1.1785403680e-04,-5.0487250549e+00,-4.1049827151e+00,-1.3479815985e+01,1.0190014164e+01,-3.3810630991e+00,-1.5147477941e+01,6.5047729103e-05,1.5147477941e+01,0.0000000000e+00,nan,nan,nan,nan,nan,nan
1.9388611623e-04,1.2042760278e-04,-5.0491868452e+00,-4.0451882403e+00,-1.3551292319e+01,1.0162515480e+01,-3.4329085345e+00,-1.5167570630e+01,2.0885181456e-05,1.5167570630e+01,0.0000000000e+00,nan,nan,nan,nan,nan,nan
1.8996447649e-04,1.1916669553e-04,-5.5148124546e+00,-3.6326066749e+00,-1.3961987456e+01,9.6469510612e+00,-4.1687301632e+00,-1.5308069747e+01,1.0040465027e-05,1.5308069747e+01,0.0000000000e+00,nan,nan,nan,nan,nan,nan
2.1912523032e-04,1.0956383409e-04,-4.2764799020e+00,-5.0736732535e+00,-1.2494706593e+01,1.1307557798e+01,-1.8571717089e+00,-1.4914014786e+01,2.6818825186e-04,1.4914014786e+01,0.0000000000e+00,nan,nan,nan,nan,nan,nan
2.2308802012e-04,1.1063738189e-04,-3.9923178969e+00,-5.3850204494e+00,-1.2150643879e+01,1.1700317520e+01,-1.3162994178e+00,-1.4826662358e+01,-1.0379808992e-03,1.4826662358e+01,0.0000000000e+00,nan,nan,nan,nan,nan,nan
1.9038073254e-04,1.2297830615e-04,-5.0299306685e+00,-3.9885751208e+00,-1.3627815203e+01,1.0155832798e+01,-3.4654001357e+00,-1.5192345736e+01,-1.1902276483e-04,1.5192345736e+01,0.0000000000e+00,nan,nan,nan,nan,nan,nan
2.2358769555e-04,1.1442890504e-04,-3.7018884199e+00,-5.6064836885e+00,-1.1889861842e+01,1.2023610160e+01,-8.5404056850e-01,-1.4737709693e+01,3.7661369502e-03,1.4737709693e+01,0.0000000000e+00,nan,nan,nan,nan,nan,nan
1.8685823174e-04,1.2550444168e-04,-4.9882090682e+00,-3.9339324088e+00,-1.3711061265e+01,1.0171797903e+01,-3.4769449092e+00,-1.5222325424e+01,-3.1103711222e-04,1.5222325424e+01,0.0000000000e+00,nan,nan,nan,nan,nan,nan
1.8256155118e-04,1.2037169258e-04,-6.0436660471e+00,-3.1127874139e+00,-1.4506840123e+01,9.0957536551e+00,-5.0238172638e+00,-1.5526688906e+01,-2.2675944928e-05,1.5526688906e+01,0.0000000000e+00,nan,nan,nan,nan,nan,nan
1.7906082055e-04,1.2283927044e-04,-6.0744752377e+00,-3.0375456173e+00,-1.4619346385e+01,9.0764421150e+00,-5.1066245128e+00,-1.5587197110e+01,-2.0890796301e-05,1.5587197110e+01,0.0000000000e+00,nan,nan,nan,nan,nan,nan
1.7554068042e-04,1.2527668744e-04,-6.0807398487e+00,-2.9604317232e+00,-1.4747776874e+01,9.0866606860e+00,-5.1680723681e+00,-1.5660444354e+01,1.7424915087e-05,1.5660444354e+01,0.0000000000e+00,nan,nan,nan,nan,nan,nan
1.7165868843e-04,1.2386301630e-04,-6.6865381736e+00,-2.4552799709e+00,-1.5308925140e+01,8.5889558999e+00,-6.0388956561e+00,-1.5956567658e+01,-1.4565475269e-05,1.5956567658e+01,0.0000000000e+00,nan,nan,nan,nan,nan,nan
1.7127428680e-04,1.2004537926e-04,-7.1838772867e+00,-2.0287591192e+00,-1.5707016931e+01,8.1670091994e+00,-6.7302221492e+00,-1.6160672069e+01,1.3934725715e-06,1.6160672069e+01,0.0000000000e+00,nan,nan,nan,nan,nan,nan
1.6777715867e-04,1.2241804871e-04,-7.2485146398e+00,-1.9165788174e+00,-1.5851732027e+01,8.1508520317e+00,-6.8442267188e+00,-1.6256019948e+01,6.8031952381e-06,1.6256019948e+01,0.0000000000e+00,nan,nan,nan,nan,nan,nan
1.6737920246e-04,1.1860126203e-04,-7.8607714774e+00,-1.4660567485e+00,-1.6460205583e+01,7.8637559286e+00,-7.6203469279e+00,-1.6700630132e+01,-1.1279830492e-06,1.6700630132e+01,0.0000000000e+00,nan,nan,nan,nan,nan,nan
1.6389626594e-04,1.2093895899e-04,-7.9979222998e+00,-1.4462747680e+00,-1.6608861653e+01,7.8643458271e+00,-7.7629097960e+00,-1.6843874157e+01,-2.2970535161e-06,1.6843874157e+01,0.0000000000e+00,nan,nan,nan,nan,nan,nan
1.6004065526e-04,1.1944055870e-04,-8.5563422965e+00,-1.2564426240e+00,-1.6805961037e+01,7.4699280100e+00,-8.3683867194e+00,-1.6993916614e+01,5.6696840638e-07,1.6993916614e+01,0.0000000000e+00,nan,nan,nan,nan,nan,nan
1.5279894013e-04,1.2017942915e-04,-9.0009003293e+00,-1.0835993011e+00,-1.6855912333e+01,7.0583071598e+00,-8.8532907924e+00,-1.7003521870e+01,3.6526321359e-07,1.7003521870e+01,0.0000000000e+00,nan,nan,nan,nan,nan,nan
1.4905989390e-04,1.1863306702e-04,-9.2036356902e+00,-8.8526782205e-01,-1.6913547983e+01,6.8535128380e+00,-9.1017143545e+00,-1.7015469318e+01,-2.2615393632e-07,1.7015469318e+01,0.0000000000e+00,nan,nan,nan,nan,nan,nan
1.4871174921e-04,1.1489933169e-04,-8.9501389956e+00,-7.5616575277e-01,-1.6945517703e+01,7.0515669782e+00,-8.8766042560e+00,-1.7019052442e+01,3.7640409179e-07,1.7019052442e+01,0.0000000000e+00,nan,nan,nan,nan,nan,nan
1.4501528741e-04,1.1338865678e-04,-8.7711098933e+00,-6.6543442165e-01,-1.6969302599e+01,7.1990639929e+00,-8.7138247119e+00,-1.7026587780e+01,-6.6131810485e-07,1.7026587780e+01,0.0000000000e+00,nan,nan,nan,nan,nan,nan
1.4170262333e-04,1.1554463166e-04,-9.0943607271e+00,-6.0325329048e-01,-1.6984174420e+01,6.9188926373e+00,-9.0446430469e+00,-1.7033892100e+01,1.7991784026e-07,1.7033892100e+01,0.0000000000e+00,nan,nan,nan,nan,nan,nan
1.4200913925e-04,1.1923644730e-04,-9.5178825352e+00,-6.9143329971e-01,-1.6969776726e+01,6.5682674025e+00,-9.4516386774e+00,-1.7036020583e+01,-3.3092536802e-08,1.7036020583e+01,0.0000000000e+00,nan,nan,nan,nan,nan,nan
1.3481526212e-04,1.1610413689e-04,-9.1360055409e+00,-4.5661247280e-01,-1.7011099412e+01,6.8749170257e+00,-9.1043172810e+00,-1.7042787672e+01,4.0850797025e-08,1.7042787672e+01,0.0000000000e+00,nan,nan,nan,nan,nan,nan
1.3128118652e-04,1.1456338313e-04,-8.6951873453e+00,-4.2506575419e-01,-1.7008486627e+01,7.2475366534e+00,-8.6674697486e+00,-1.7036204224e+01,-3.1593212612e-10,1.7036204224e+01,0.0000000000e+00,nan,nan,nan,nan,nan,nan
1.3097808540e-04,1.1101794989e-04,-7.7847440647e+00,-5.6462507462e-01,-1.6983656104e+01,8.0368643373e+00,-7.7441142959e+00,-1.7024285873e+01,-5.7083216764e-07,1.7024285873e+01,0.0000000000e+00,nan,nan,nan,nan,nan,nan
1.2779006173e-04,1.1304646793e-04,-8.1165029996e+00,-4.5622448511e-01,-1.6992412114e+01,7.7395482466e+00,-8.0860272932e+00,-1.7022887820e+01,4.0267837396e-07,1.7022887820e+01,0.0000000000e+00,nan,nan,nan,nan,nan,nan
1.2748847212e-04,1.0955782402e-04,-7.1512381280e+00,-6.2874320598e-01,-1.6962443209e+01,8.5745956674e+00,-7.1062955516e+00,-1.7007385785e+01,8.4124979699e-07,1.7007385785e+01,0.0000000000e+00,nan,nan,nan,nan,nan,nan
1.2093913369e-04,1.1009998154e-04,-6.8443998874e+00,-6.5453508599e-01,-1.6942703739e+01,8.8182646129e+00,-6.8023243650e+00,-1.6984779261e+01,8.5884804658e-06,1.6984779261e+01,0.0000000000e+00,nan,nan,nan,nan,nan,nan
1.2120492285e-04,1.1352064918e-04,-7.7198956843e+00,-4.1638307937e-01,-1.6989216934e+01,8.0807505215e+00,-7.6891328205e+00,-1.7019979798e+01,-1.5536812429e-06,1.7019979798e+01,0.0000000000e+00,nan,nan,nan,nan,nan,nan
1.1755487093e-04,1.0866330207e-04,-6.5233589097e+00,1.2959291370e-01,-1.8421691261e+01,1.0290244424e+01,-6.5314496974e+00,-1.8413600474e+01,-2.0496657997e-05,1.8413600474e+01,0.0000000000e+00,nan,nan,nan,nan,nan,nan
1.1447091556e-04,1.1055472135e-04,-7.3478219266e+00,8.7790117200e-01,-1.9276433606e+01,1.0416486095e+01,-7.2981667154e+00,-1.9326088817e+01,-8.0593297340e-06,1.9326088817e+01,0.0000000000e+00,nan,nan,nan,nan,nan,nan
1.0718290502e-04,1.0433915650e-04,-5.0811904046e+00,2.4235755320e+00,-2.2470981453e+01,1.5645859383e+01,-4.7429448023e+00,-2.2809227056e+01,1.4892240341e-04,2.2809227056e+01,0.0000000000e+00,nan,nan,nan,nan,nan,nan
1.0416789061e-04,1.0612792617e-04,-5.4489074505e+00,2.6700657993e+00,-2.2354728109e+01,1.5361974904e+01,-5.0325774337e+00,-2.2771058126e+01,-1.5621583508e-04,2.2771058126e+01,0.0000000000e+00,nan,nan,nan,nan,nan,nan
1.0079531365e-04,1.0471600492e-04,-4.5034406702e+00,2.6445797504e+00,-2.2354676599e+01,1.6133411318e+01,-4.1144292670e+00,-2.2743688002e+01,7.3340687497e-04,2.2743688002e+01,0.0000000000e+00,nan,nan,nan,nan,nan,nan
1.0037608887e-04,1.0159435384e-04,-3.1967542850e+00,2.3312592554e+00,-2.2458309282e+01,1.7171022030e+01,-2.9138375919e+00,-2.2741225975e+01,-2.0744078561e-03,2.2741225975e+01,0.0000000000e+00,nan,nan,nan,nan,nan,nan
9.4202470193e-05,1.0202094081e-04,-2.5199847915e+00,2.5523287133e+00,-2.2301459267e+01,1.7701937256e+01,-2.1905037894e+00,-2.2630940270e+01,9.7704726615e-03,2.2630940270e+01,0.0000000000e+00,nan,nan,nan,nan,nan,nan
9.4602710452e-05,1.0506229534e-04,-3.8250080729e+00,2.8860179045e+00,-2.2171252151e+01,1.6666576412e+01,-3.3756777338e+00,-2.2620582489e+01,-2.2748728459e-03,2.2620582490e+01,0.0000000000e+00,nan,nan,nan,nan,nan,nan
9.1389313277e-05,1.0372256381e-04,-2.8142741348e+00,2.8464901936e+00,-2.2142202709e+01,1.7460090431e+01,-2.3976505114e+00,-2.2558826333e+01,7.1895339082e-03,2.2558826333e+01,0.0000000000e+00,nan,nan,nan,nan,nan,nan
9.0978179342e-05,1.0073858824e-04,-1.5073756478e+00,2.4880120494e+00,-2.2277823154e+01,1.8506301212e+01,-1.2079814144e+00,-2.2577217387e+01,-3.1210379351e-02,2.2577217387e+01,0.0000000000e+00,nan,nan,nan,nan,nan,nan
8.5100544294e-05,1.0118065013e-04,-7.6093408013e-01,2.7328090095e+00,-2.2100740736e+01,1.9087861758e+01,-4.1045528412e-01,-2.2451219532e+01,1.1275654535e-01,2.2451219532e+01,0.0000000000e+00,nan,nan,nan,nan,nan,nan
8.2019469567e-05,9.9978581089e-05,2.7740606840e-01,2.6605285890e+00,-2.2091091874e+01,1.9922423098e+01,5.9537343588e-01,-2.2409059241e+01,6.5909876723e-01,2.2409059241e+01,0.0000000000e+00,nan,nan,nan,nan,nan,nan
8.1564217355e-05,9.7154562543e-05,1.5987403939e+00,2.2283990652e+00,-2.2236387810e+01,2.1008574866e+01,1.8104826464e+00,-2.2448130062e+01,1.8018577963e+00,2.2448130062e+01,0.0000000000e+00,nan,nan,nan,nan,nan,nan
7.5476473425e-05,9.4982698150e-05,3.7368134679e+00,2.0056665150e+00,-2.2242432646e+01,2.2773244084e+01,3.8953290129e+00,-2.2400948191e+01,3.8938471721e+00,2.2400948191e+01,0.0000000000e+00,nan,nan,nan,nan,nan,nan
7.2993330595e-05,9.6643889151e-05,3.4431032412e+00,2.3902168005e+00,-2.2113373597e+01,2.2524676198e+01,3.6694926884e+00,-2.2339763044e+01,3.6687970321e+00,2.2339763044e+01,0.0000000000e+00,nan,nan,nan,nan,nan,nan
6.7126610530e-05,9.4640016075e-05,5.6325848701e+00,2.1693246490e+00,-2.2166072333e+01,2.4372275772e+01,5.8045962465e+00,-2.2338083709e+01,5.8046791242e+00,2.2338083709e+01,0.0000000000e+00,nan,nan,nan,nan,nan,nan
6.1929876126e-05,9.5340164827e-05,6.4654123506e+00,2.5195457653e+00,-2.2084987592e+01,2.5112701696e+01,6.6890374636e+00,-2.2308612705e+01,6.6889594389e+00,2.2308612705e+01,0.0000000000e+00,nan,nan,nan,nan,nan,nan
5.9097735447e-05,9.4444355366e-05,7.6142826265e+00,2.4118519838e+00,-2.2133848199e+01,2.6103253517e+01,7.8109376584e+00,-2.2330503231e+01,7.8109535764e+00,2.2330503231e+01,0.0000000000e+00,nan,nan,nan,nan,nan,nan
5.8499122311e-05,9.1942820271e-05,9.1222009357e+00,1.7778481175e+00,-2.2279726182e+01,2.7372391753e+01,9.2246951235e+00,-2.2382220370e+01,9.2246916027e+00,2.2382220370e+01,0.0000000000e+00,nan,nan,nan,nan,nan,nan
5.5660276169e-05,9.1121428168e-05,1.0352173087e+01,1.6313186057e+00,-2.2321412671e+01,2.8439761239e+01,1.0435084015e+01,-2.2404323599e+01,1.0435087139e+01,2.2404323599e+01,0.0000000000e+00,nan,nan,nan,nan,nan,nan
5.0695826346e-05,9.1989354921e-05,1.1261974137e+01,2.0445456050e+00,-2.2287174468e+01,2.9270698972e+01,1.1386845766e+01,-2.2412046096e+01,1.1386845484e+01,2.2412046096e+01,0.0000000000e+00,nan,nan,nan,nan,nan,nan
4.5156304525e-05,9.0533236890e-05,1.3898979829e+01,1.7621306926e+00,-2.2364746159e+01,3.1553394397e+01,1.3984477584e+01,-2.2450243913e+01,1.3984480903e+01,2.2450243913e+01,0.0000000000e+00,nan,nan,nan,nan,nan,nan
3.1412003418e-05,8.7468961985e-05,1.9192211684e+01,-1.0362258039e+00,-2.6137290142e+01,3.9292435788e+01,1.9212959150e+01,-2.6158037609e+01,1.9212953582e+01,2.6158037608e+01,0.0000000000e+00,nan,nan,nan,nan,nan,nan
2.5845701258e-05,8.6482957318e-05,2.0711220195e+01,-2.8130573707e+00,-2.8676556856e+01,4.3045584974e+01,2.0869711741e+01,-2.8835048403e+01,2.0869705547e+01,2.8835048402e+01,0.0000000000e+00,nan,nan,nan,nan,nan,nan
2.3040912702e-05,8.6037280853e-05,2.1431315301e+01,-3.5463391739e+00,-2.9764324015e+01,4.4758866798e+01,2.1675039437e+01,-3.0008048152e+01,2.1675034522e+01,3.0008048152e+01,0.0000000000e+00,nan,nan,nan,nan,nan,nan
1.8279505500e-05,8.7365893054e-05,2.0032140684e+01,-4.4879441056e+00,-3.1741953196e+01,4.5505568875e+01,2.0417746184e+01,-3.2127558695e+01,2.0417753089e+01,3.2127558695e+01,0.0000000000e+00,nan,nan,nan,nan,nan,nan
1.2622828363e-05,8.6635228457e-05,2.1105236290e+01,-5.4014888034e+00,-3.3193046573e+01,4.7944791066e+01,2.1637032887e+01,-3.3724843170e+01,2.1637029400e+01,3.3724843170e+01,0.0000000000e+00,nan,nan,nan,nan,nan,nan
9.7782707963e-06,8.6306889442e-05,2.1598308668e+01,-5.7420374962e+00,-3.3809707843e+01,4.9004131383e+01,2.2186848858e+01,-3.4398248033e+01,2.2186843352e+01,3.4398248033e+01,0.0000000000e+00,nan,nan,nan,nan,nan,nan
4.0595904997e-06,8.5717630722e-05,2.2499409982e+01,-6.2146505841e+00,-3.4854968170e+01,5.0822956042e+01,2.3164868258e+01,-3.5520426445e+01,2.3164862038e+01,3.5520426445e+01,0.0000000000e+00,nan,nan,nan,nan,nan,nan
-8.5651672577e-06,8.2755361996e-05,2.6939686575e+01,-6.4475096884e+00,-3.6481913105e+01,5.6048203728e+01,2.7588332245e+01,-3.7130558775e+01,2.7588332188e+01,3.7130558775e+01,0.0000000000e+00,nan,nan,nan,nan,nan,nan
-1.4423169971e-05,8.2405430801e-05,2.7548883977e+01,-6.2209412426e+00,-3.7014139339e+01,5.6941613899e+01,2.8142628432e+01,-3.7607883794e+01,2.8142628062e+01,3.7607883794e+01,0.0000000000e+00,nan,nan,nan,nan,nan,nan
-1.7361217941e-05,8.2251983519e-05,2.7820661635e+01,-6.0446867270e+00,-3.7229655276e+01,5.7299459974e+01,2.8377361820e+01,-3.7786355461e+01,2.8377361404e+01,3.7786355461e+01,0.0000000000e+00,nan,nan,nan,nan,nan,nan
-2.3253245969e-05,8.1985065430e-05,2.8304697469e+01,-5.5803171645e+00,-3.7573394042e+01,5.7864586585e+01,2.8773786355e+01,-3.8042482928e+01,2.8773785967e+01,3.8042482928e+01,0.0000000000e+00,nan,nan,nan,nan,nan,nan
-2.6206297212e-05,8.1869806083e-05,2.8519994427e+01,-5.2974910910e+00,-3.7706414839e+01,5.8082594979e+01,2.8940791641e+01,-3.8127212053e+01,2.8940791354e+01,3.8127212053e+01,0.0000000000e+00,nan,nan,nan,nan,nan,nan
-3.2124557866e-05,8.1673406768e-05,2.8900857719e+01,-4.6428222103e+00,-3.7904794332e+01,5.8411050411e+01,2.9221667372e+01,-3.8225603985e+01,2.9221667307e+01,3.8225603985e+01,0.0000000000e+00,nan,nan,nan,nan,nan,nan
-3.5088938231e-05,8.1590663545e-05,2.9068677070e+01,-4.2755444082e+00,-3.7973612416e+01,5.8530124529e+01,2.9339915480e+01,-3.8244850825e+01,2.9339915495e+01,3.8244850825e+01,0.0000000000e+00,nan,nan,nan,nan,nan,nan
-4.1026442966e-05,8.1454508447e-05,2.9360571742e+01,-3.4715654880e+00,-3.8057521894e+01,5.8693953643e+01,2.9538494860e+01,-3.8235445012e+01,2.9538494953e+01,3.8235445012e+01,0.0000000000e+00,nan,nan,nan,nan,nan,nan
-4.3998816214e-05,8.1399651195e-05,2.9486232285e+01,-3.0387242289e+00,-3.8075065106e+01,5.8745379527e+01,2.9622244273e+01,-3.8211077094e+01,2.9622244376e+01,3.8211077094e+01,0.0000000000e+00,nan,nan,nan,nan,nan,nan
-4.9949162449e-05,8.1315421461e-05,2.9696627000e+01,-2.1201063092e+00,-3.8066109590e+01,5.8798293055e+01,2.9762469028e+01,-3.8131951618e+01,2.9762469111e+01,3.8131951618e+01,0.0000000000e+00,nan,nan,nan,nan,nan,nan
-5.4474403333e-05,8.3183122120e-05,2.7098052157e+01,-1.3519892746e+00,-3.7705164809e+01,5.6169257350e+01,2.7125779525e+01,-3.7732892177e+01,2.7125779388e+01,3.7732892177e+01,0.0000000000e+00,nan,nan,nan,nan,nan,nan
-5.8883642592e-05,8.1245831760e-05,2.9913481965e+01,-6.3320106699e-01,-3.7954385184e+01,5.8784687060e+01,2.9918903289e+01,-3.7959806508e+01,2.9918903289e+01,3.7959806508e+01,0.0000000000e+00,nan,nan,nan,nan,nan,nan
-6.3351720814e-05,8.3145445424e-05,2.7292709421e+01,1.7141731411e-01,-3.7520453524e+01,5.6129714086e+01,2.7292633486e+01,-3.7520377589e+01,2.7292633557e+01,3.7520377589e+01,0.0000000000e+00,nan,nan,nan,nan,nan,nan
-6.7821244901e-05,8.1237735165e-05,3.0009244533e+01,9.5202791804e-01,-3.7738589289e+01,5.8693563467e+01,3.0022072289e+01,-3.7751417045e+01,3.0022072265e+01,3.7751417045e+01,0.0000000000e+00,nan,nan,nan,nan,nan,nan
-7.2228028294e-05,8.3166899733e-05,2.7363229942e+01,1.7720380130e+00,-3.7244780942e+01,5.6035270262e+01,2.7411202870e+01,-3.7292753870e+01,2.7411202951e+01,3.7292753870e+01,0.0000000000e+00,nan,nan,nan,nan,nan,nan
-7.6753488994e-05,8.1285129860e-05,2.9977269756e+01,2.6047327976e+00,-3.7429692439e+01,5.8549157934e+01,3.0077160752e+01,-3.7529583436e+01,3.0077160740e+01,3.7529583436e+01,0.0000000000e+00,nan,nan,nan,nan,nan,nan
-8.2701466963e-05,8.1345244978e-05,2.9880232072e+01,3.7311099086e+00,-3.7175794752e+01,5.8429567446e+01,3.0086545153e+01,-3.7382107834e+01,3.0086545153e+01,3.7382107834e+01,0.0000000000e+00,nan,nan,nan,nan,nan,nan
-8.5672477240e-05,8.1383863681e-05,2.9807130479e+01,4.2990810956e+00,-3.7035001239e+01,5.8362769817e+01,3.0081825485e+01,-3.7309696244e+01,3.0081825488e+01,3.7309696244e+01,0.0000000000e+00,nan,nan,nan,nan,nan,nan
-9.1606619869e-05,8.1476753158e-05,2.9610625596e+01,5.4406118778e+00,-3.6726725723e+01,5.8216316150e+01,3.0053155737e+01,-3.7169255864e+01,3.0053155742e+01,3.7169255864e+01,0.0000000000e+00,nan,nan,nan,nan,nan,nan
-9.4569279151e-05,8.1531519313e-05,2.9485258757e+01,6.0127067707e+00,-3.6559372330e+01,5.8135440970e+01,3.0027455707e+01,-3.7101569280e+01,3.0027455713e+01,3.7101569280e+01,0.0000000000e+00,nan,nan,nan,nan,nan,nan
-1.0048422532e-04,8.1656598399e-05,2.9178545603e+01,7.1560472886e+00,-3.6198939563e+01,5.7958022386e+01,2.9951882847e+01,-3.6972276806e+01,2.9951882852e+01,3.6972276806e+01,0.0000000000e+00,nan,nan,nan,nan,nan,nan
-1.0343586863e-04,8.1726999370e-05,2.8995758215e+01,7.7259263877e+00,-3.6006013929e+01,5.7860455545e+01,2.9900621727e+01,-3.6910877442e+01,2.9900621731e+01,3.6910877442e+01,0.0000000000e+00,nan,nan,nan,nan,nan,nan
-1.7975545450e-05,8.6100524040e-05,2.2208872914e+01,-5.9457025431e+00,-3.6998311492e+01,5.2298397932e+01,2.2799774835e+01,-3.7589213413e+01,2.2799769068e+01,3.7589213413e+01,0.0000000000e+00,nan,nan,nan,nan,nan,nan
-1.0932586525e-04,8.1883784345e-05,2.8567670462e+01,8.8587695615e+00,-3.5595087413e+01,5.7644688519e+01,2.9767467957e+01,-3.6794884908e+01,2.9767467960e+01,3.6794884906e+01,0.0000000000e+00,nan,nan,nan,nan,nan,nan
-1.1226354708e-04,8.1970360448e-05,2.8320768526e+01,9.4204089825e+00,-3.5377200231e+01,5.7525073445e+01,2.9683900786e+01,-3.6740332491e+01,2.9683900787e+01,3.6740332492e+01,0.0000000000e+00,nan,nan,nan,nan,nan,nan
2.7487057343e-05,9.0868446419e-05,1.5746643602e+01,-2.1720535768e+00,-2.9219958081e+01,3.9120258317e+01,1.5849434431e+01,-2.9322748910e+01,1.5849347619e+01,2.9322748910e+01,0.0000000000e+00,nan,nan,nan,nan,nan,nan
-1.1812263566e-04,8.2160089005e-05,2.7757602910e+01,1.0530837002e+01,-3.4916919583e+01,5.7258959249e+01,2.9478817199e+01,-3.6638133873e+01,2.9478817200e+01,3.6638133873e+01,0.0000000000e+00,nan,nan,nan,nan,nan,nan
-1.2104335544e-04,8.2263477053e-05,2.7439665814e+01,1.1078282141e+01,-3.4674644952e+01,5.7110797960e+01,2.9355445007e+01,-3.6590424145e+01,2.9355445007e+01,3.6590424145e+01,0.0000000000e+00,nan,nan,nan,nan,nan,nan
-1.2686552860e-04,8.2487369496e-05,2.6727568027e+01,1.2154274675e+01,-3.4166274843e+01,5.6780582948e+01,2.9062931442e+01,-3.6501638257e+01,2.9062931442e+01,3.6501638257e+01,0.0000000000e+00,nan,nan,nan,nan,nan,nan
-1.3165606012e-04,8.0731782148e-05,2.8652025194e+01,1.3197859545e+01,-3.4085728026e+01,5.8943775802e+01,3.1314353410e+01,-3.6748056242e+01,3.1314353410e+01,3.6748056242e+01,0.0000000000e+00,nan,nan,nan,nan,nan,nan
-1.3554493743e-04,8.2870564987e-05,2.5452689716e+01,1.3709960809e+01,-3.3345067470e+01,5.6183372176e+01,2.8491296172e+01,-3.6383673927e+01,2.8491296174e+01,3.6383673927e+01,0.0000000000e+00,nan,nan,nan,nan,nan,nan
-1.4035403356e-04,8.1134152219e-05,2.7231154335e+01,1.4764605444e+01,-3.3210735770e+01,5.8255344532e+01,3.0643948130e+01,-3.6623529565e+01,3.0643948129e+01,3.6623529565e+01,0.0000000000e+00,nan,nan,nan,nan,nan,nan
-1.4323646394e-04,8.1281733794e-05,2.6696249140e+01,1.5266775782e+01,-3.2903320582e+01,5.7992147239e+01,3.0378246098e+01,-3.6585317541e+01,3.0378246097e+01,3.6585317541e+01,0.0000000000e+00,nan,nan,nan,nan,nan,nan
-9.9999027283e-05,8.5514255139e-05,2.4137162578e+01,6.9680041879e+00,-3.5491654693e+01,5.3030240752e+01,2.4939777716e+01,-3.6294269831e+01,2.4939777782e+01,3.6294269831e+01,0.0000000000e+00,nan,nan,nan,nan,nan,nan
-1.4897243378e-04,8.1598885349e-05,2.5528059690e+01,1.6235492796e+01,-3.2265888971e+01,5.7407805466e+01,2.9775497299e+01,-3.6513326580e+01,2.9775497298e+01,3.6513326580e+01,0.0000000000e+00,nan,nan,nan,nan,nan,nan
-1.5009130672e-04,7.7704778505e-05,3.0725865099e+01,1.6975882878e+01,-3.2842372172e+01,6.2409869567e+01,3.4974101458e+01,-3.7090608531e+01,3.4974101458e+01,3.7090608531e+01,0.0000000000e+00,nan,nan,nan,nan,nan,nan
-1.5298050591e-04,7.7866029558e-05,3.0083522892e+01,1.7480350947e+01,-3.2495083154e+01,6.2076602539e+01,3.4634163055e+01,-3.7045723317e+01,3.4634163055e+01,3.7045723317e+01,0.0000000000e+00,nan,nan,nan,nan,nan,nan
1.0797104929e-04,1.1086860901e-04,-7.7713567763e+00,2.7859702360e+00,-2.2232170631e+01,1.3413998457e+01,-7.2571880835e+00,-2.2746339324e+01,-1.0733989483e-05,2.2746339324e+01,0.0000000000e+00,nan,nan,nan,nan,nan,nan
4.9579378528e-06,8.1863779976e-05,2.7858183766e+01,-6.2696267265e+00,-3.4462924087e+01,5.5053113242e+01,2.8482559590e+01,-3.5087299910e+01,2.8482559145e+01,3.5087299910e+01,0.0000000000e+00,nan,nan,nan,nan,nan,nan
-1.2317743811e-04,8.6267304731e-05,2.2179542355e+01,1.1203321142e+01,-3.3772105913e+01,5.2194895831e+01,2.4338455380e+01,-3.5931018937e+01,2.4338455388e+01,3.5931018937e+01,0.0000000000e+00,nan,nan,nan,nan,nan,nan
-1.6651035864e-04,7.6735272690e-05,2.9414756298e+01,2.0056955659e+01,-3.1079251334e+01,6.2858665215e+01,3.5459219765e+01,-3.7123714801e+01,3.5459219765e+01,3.7123714801e+01,0.0000000000e+00,nan,nan,nan,nan,nan,nan
-1.7218003186e-04,7.7151671496e-05,2.7650877819e+01,2.0914466550e+01,-3.0271195469e+01,6.1872317193e+01,3.4411840161e+01,-3.7032157812e+01,3.4411840162e+01,3.7032157812e+01,0.0000000000e+00,nan,nan,nan,nan,nan,nan
-1.7075631245e-04,7.3041241313e-05,3.4156865419e+01,2.1528411500e+01,-3.1164763822e+01,6.7751722338e+01,4.0612525928e+01,-3.7620424331e+01,4.0612525928e+01,3.7620424331e+01,0.0000000000e+00,nan,nan,nan,nan,nan,nan
-1.7499421939e-04,7.7374882839e-05,2.6702362929e+01,2.1312253231e+01,-2.9857215890e+01,6.1331761700e+01,3.3832482647e+01,-3.6987335608e+01,3.3832482647e+01,3.6987335608e+01,0.0000000000e+00,nan,nan,nan,nan,nan,nan
1.3508355270e-04,1.1974285053e-04,-9.7386211942e+00,-4.9368187322e-01,-1.7014946713e+01,6.3663560597e+00,-9.7011665686e+00,-1.7052401338e+01,1.2974936851e-08,1.7052401338e+01,0.0000000000e+00,nan,nan,nan,nan,nan,nan
4.6520670924e-05,8.6516110704e-05,1.6168217011e+01,3.6872673794e-01,-2.2506025814e+01,3.3499732895e+01,1.6172175403e+01,-2.2509984206e+01,1.6172175647e+01,2.2509984206e+01,0.0000000000e+00,nan,nan,nan,nan,nan,nan
-1.8057899752e-04,7.7853674143e-05,2.4665782568e+01,2.2038436545e+01,-2.9012230725e+01,6.0147936281e+01,3.2553203125e+01,-3.6899651282e+01,3.2553203125e+01,3.6899651282e+01,0.0000000000e+00,nan,nan,nan,nan,nan,nan
-1.8432574905e-04,7.2072542605e-05,3.2606927935e+01,2.4085950080e+01,-2.9348633922e+01,6.7962599756e+01,4.0867372270e+01,-3.7609078257e+01,4.0867372270e+01,3.7609078257e+01,0.0000000000e+00,nan,nan,nan,nan,nan,nan
-1.8993373446e-04,7.2574021518e-05,3.0283109596e+01,2.4835501006e+01,-2.8380728858e+01,6.6566688441e+01,3.9383485860e+01,-3.7481105122e+01,3.9383485860e+01,3.7481105122e+01,0.0000000000e+00,nan,nan,nan,nan,nan,nan
-1.9547131894e-04,7.3126851442e-05,2.7734956469e+01,2.5467687557e+01,-2.7392337260e+01,6.4997631302e+01,3.7697709534e+01,-3.7355090325e+01,3.7697709534e+01,3.7355090325e+01,0.0000000000e+00,nan,nan,nan,nan,nan,nan
-2.0234066037e-04,6.7647500684e-05,3.4923202676e+01,2.8218285700e+01,-2.6958018341e+01,7.2528030565e+01,4.5856670138e+01,-3.7891485803e+01,4.5856670138e+01,3.7891485803e+01,0.0000000000e+00,nan,nan,nan,nan,nan,nan
-2.0784275160e-04,6.8261625470e-05,3.1888856791e+01,2.8780294733e+01,-2.5820917206e+01,7.0585013638e+01,4.3786246417e+01,-3.7718306832e+01,4.3786246417e+01,3.7718306832e+01,0.0000000000e+00,nan,nan,nan,nan,nan,nan
-2.1292502402e-04,6.6781767934e-05,3.2710738725e+01,2.9996373570e+01,-2.5002316981e+01,7.2089611938e+01,4.5475167730e+01,-3.7766745986e+01,4.5475167730e+01,3.7766745986e+01,0.0000000000e+00,nan,nan,nan,nan,nan,nan
-2.1830122728e-04,6.7502569790e-05,2.9145130565e+01,3.0320894865e+01,-2.3814142697e+01,6.9721037115e+01,4.2918953480e+01,-3.7587965613e+01,4.2918953480e+01,3.7587965613e+01,0.0000000000e+00,nan,nan,nan,nan,nan,nan
-2.2044964781e-04,6.3531857213e-05,3.6056471718e+01,3.2254637283e+01,-2.3802507570e+01,7.6208788754e+01,5.0126146776e+01,-3.7872182628e+01,5.0126146776e+01,3.7872182628e+01,0.0000000000e+00,nan,nan,nan,nan,nan,nan
1.5688911209e-04,1.2551827826e-04,-8.2138958993e+00,-1.5867893651e+00,-1.6697928190e+01,7.8458317649e+00,-7.9261189631e+00,-1.6985705126e+01,4.6678419231e-06,1.6985705126e+01,0.0000000000e+00,nan,nan,nan,nan,nan,nan
-2.2559379668e-04,6.2118166548e-05,3.6782506091e+01,3.3475896170e+01,-2.2795985074e+01,7.7610645226e+01,5.1801787422e+01,-3.7815266404e+01,5.1801787422e+01,3.7815266404e+01,0.0000000000e+00,nan,nan,nan,nan,nan,nan
-2.3088405843e-04,6.2938745657e-05,3.2553189934e+01,3.3617588559e+01,-2.1477469858e+01,7.4693891248e+01,4.8662398257e+01,-3.7586678181e+01,4.8662398257e+01,3.7586678181e+01,0.0000000000e+00,nan,nan,nan,nan,nan,nan
2.2754603938e-04,1.1548279267e-04,-3.4399192875e+00,-5.8762090265e+00,-1.1569643048e+01,1.2375271957e+01,-3.5991457251e-01,-1.4649647763e+01,-1.4792827137e-02,1.4649647763e+01,0.0000000000e+00,nan,nan,nan,nan,nan,nan
2.3101292178e-04,1.1272614249e-04,-3.4830157706e+00,-5.9471243861e+00,-1.1488831474e+01,1.2416200936e+01,-3.1742666973e-01,-1.4654420575e+01,-1.9389211942e-02,1.4654420575e+01,0.0000000000e+00,nan,nan,nan,nan,nan,nan
3.5710230008e-05,9.2519215113e-05,1.4088211647e+01,8.8039313420e-01,-2.5648746975e+01,3.4434381717e+01,1.4100431889e+01,-2.5660967218e+01,1.4100401921e+01,2.5660967218e+01,0.0000000000e+00,nan,nan,nan,nan,nan,nan
6.8150246080e-05,9.9887515132e-05,2.9148086702e+00,3.2347495561e+00,-2.1796799150e+01,2.2130455373e+01,3.3360291272e+00,-2.2218019607e+01,3.3390565000e+00,2.2218019607e+01,0.0000000000e+00,nan,nan,nan,nan,nan,nan
1.1807891223e-04,1.1544259079e-04,-8.1473849206e+00,-2.8503887369e-01,-1.6912027118e+01,7.6172064993e+00,-8.1319097965e+00,-1.6927502242e+01,-5.2256165126e-07,1.6927502242e+01,0.0000000000e+00,nan,nan,nan,nan,nan,nan
1.1906626228e-04,6.2464542715e-05,1.8950375713e+01,-3.9915577079e+00,-2.2548151956e+01,3.6600206858e+01,1.9332251160e+01,-2.2930027404e+01,1.9332251216e+01,2.2930027404e+01,0.0000000000e+00,nan,nan,nan,nan,nan,nan
7.3728658396e-05,5.4220659524e-05,4.4150934937e+01,-9.6279022973e+00,-2.1338028194e+01,5.9118169202e+01,4.5538344274e+01,-2.2725437531e+01,4.5538344274e+01,2.2725437531e+01,0.0000000000e+00,nan,nan,nan,nan,nan,nan
1.4541110569e-04,6.8399787725e-05,1.0108812779e+01,-4.7641543660e+00,-1.7808552378e+01,2.5544040470e+01,1.0897988842e+01,-1.8597728441e+01,1.0898039597e+01,1.8597728441e+01,0.0000000000e+00,nan,nan,nan,nan,nan,nan
9.3963786822e-05,5.7528510433e-05,3.1510209142e+01,-6.6799705511e+00,-2.1980251621e+01,4.7749671204e+01,3.2333264284e+01,-2.2803306763e+01,3.2333264284e+01,2.2803306763e+01,0.0000000000e+00,nan,nan,nan,nan,nan,nan
3.5775268517e-05,5.0019656008e-05,7.3735299466e+01,-1.5383055683e+01,-2.2650298335e+01,8.7617284483e+01,7.6128363348e+01,-2.5043362216e+01,7.6128363348e+01,2.5043362216e+01,0.0000000000e+00,nan,nan,nan,nan,nan,nan
1.3480934823e-05,4.8620240253e-05,8.2710154813e+01,-1.1446307629e+01,-3.2856375856e+01,1.0202749317e+02,8.3832490122e+01,-3.3978711166e+01,8.3832490122e+01,3.3978711166e+01,0.0000000000e+00,nan,nan,nan,nan,nan,nan
-3.7938592138e-06,8.1143051893e-05,2.9186221217e+01,-6.5399841280e+00,-3.5927657944e+01,5.7516536015e+01,2.9836469188e+01,-3.6577905915e+01,2.9836469066e+01,3.6577905915e+01,0.0000000000e+00,nan,nan,nan,nan,nan,nan
1.3620872131e-05,8.2766614988e-05,2.6170265899e+01,-5.4364838558e+00,-3.2425871781e+01,5.1611677239e+01,2.6670212806e+01,-3.2925818688e+01,2.6670212558e+01,3.2925818688e+01,0.0000000000e+00,nan,nan,nan,nan,nan,nan
-6.8559884289e-05,4.5286874637e-05,9.2738430798e+01,1.6644372147e+00,-4.4629528901e+01,1.1899833308e+02,9.2758170588e+01,-4.4649268691e+01,9.2758170588e+01,4.4649268691e+01,0.0000000000e+00,nan,nan,nan,nan,nan,nan
3.0600346348e-04,7.3658426406e-05,-2.7269556607e+00,-9.5934364789e+00,-6.1703831254e+00,1.6880010376e+01,5.2970091414e+00,-1.4194347927e+01,5.2970091418e+00,1.4194347927e+01,0.0000000000e+00,nan,nan,nan,nan,nan,nan
3.0262359075e-04,7.6789120335e-05,-2.7873971973e+00,-9.3608003769e+00,-6.5087955070e+00,1.6528955153e+01,4.8949003548e+00,-1.4191093059e+01,4.8949003551e+00,1.4191093059e+01,0.0000000000e+00,nan,nan,nan,nan,nan,nan
-1.8182133295e-04,8.2100042511e-05,1.8362764823e+01,2.1107025451e+01,-2.8273317511e+01,5.4474184330e+01,2.6495408643e+01,-3.6405961331e+01,2.6495408642e+01,3.6405961331e+01,0.0000000000e+00,nan,nan,nan,nan,nan,nan
-2.3605818123e-04,6.3855536152e-05,2.7960401156e+01,3.3510594797e+01,-2.0208965557e+01,7.1472476030e+01,4.5140371075e+01,-3.7388935475e+01,4.5140371075e+01,3.7388935475e+01,0.0000000000e+00,nan,nan,nan,nan,nan,nan
-2.3855314671e-04,6.2092543175e-05,3.0474249349e+01,3.4581779513e+01,-1.9711917904e+01,7.3998998319e+01,4.8104507322e+01,-3.7342175877e+01,4.8104507322e+01,3.7342175877e+01,0.0000000000e+00,nan,nan,nan,nan,nan,nan
1.7585985841e-04,1.2909525514e-04,-5.4395406201e+00,-3.3655137095e+00,-1.4378510426e+01,9.6883397032e+00,-4.3154599874e+00,-1.5502591059e+01,-1.8925833870e-04,1.5502591059e+01,0.0000000000e+00,nan,nan,nan,nan,nan,nan
2.3497483400e-04,1.1374335265e-04,-3.2611516364e+00,-6.1988300375e+00,-1.1166611098e+01,1.2733300920e+01,1.3769334651e-01,-1.4565456081e+01,1.0445760475e-01,1.4565456081e+01,0.0000000000e+00,nan,nan,nan,nan,nan,nan
-2.4363626020e-04,5.8591985516e-05,3.5845130418e+01,3.6729884164e+01,-1.8600002693e+01,7.9180223159e+01,5.4337287018e+01,-3.7092159293e+01,5.4337287018e+01,3.7092159293e+01,0.0000000000e+00,nan,nan,nan,nan,nan,nan
1.9297010358e-04,1.1281260812e-04,-5.8494762110e+00,-3.3501341182e+00,-1.4237723338e+01,9.2946537988e+00,-4.6773289018e+00,-1.5409870647e+01,4.7455234963e-06,1.5409870647e+01,0.0000000000e+00,nan,nan,nan,nan,nan,nan
1.4832657147e-04,1.1119842618e-04,-8.4557732284e+00,-7.3113516748e-01,-1.6954872634e+01,7.4744124797e+00,-8.3899688738e+00,-1.7020676988e+01,-9.8231129922e-07,1.7020676988e+01,0.0000000000e+00,nan,nan,nan,nan,nan,nan
-2.4875753052e-04,5.7383363864e-05,3.5966193333e+01,3.7589943475e+01,-1.7256601039e+01,7.9765025939e+01,5.5407155344e+01,-3.6697563051e+01,5.5407155344e+01,3.6697563051e+01,0.0000000000e+00,nan,nan,nan,nan,nan,nan
2.3546377031e-04,1.1753653961e-04,-2.9881037440e+00,-6.3549180551e+00,-1.0946294037e+01,1.2986305010e+01,5.3044780239e-01,-1.4464845584e+01,5.3892799722e-01,1.4464845584e+01,0.0000000000e+00,nan,nan,nan,nan,nan,nan
2.3893591375e-04,1.1474415104e-04,-3.0627468213e+00,-6.4315982096e+00,-1.0847618121e+01,1.3020680430e+01,5.6231087999e-01,-1.4472675822e+01,5.7198498874e-01,1.4472675822e+01,0.0000000000e+00,nan,nan,nan,nan,nan,nan
3.0654152155e-04,7.7497383737e-05,-2.8760991253e+00,-9.5539573539e+00,-5.8835150386e+00,1.6749931198e+01,5.2907702040e+00,-1.4050384368e+01,5.2907702038e+00,1.4050384368e+01,0.0000000000e+00,nan,nan,nan,nan,nan,nan
3.0316126959e-04,8.0625307963e-05,-2.9144447594e+00,-9.3296716685e+00,-6.2324184712e+00,1.6411385522e+01,4.9016862335e+00,-1.4048549464e+01,4.9016862341e+00,1.4048549464e+01,0.0000000000e+00,nan,nan,nan,nan,nan,nan
3.1982242349e-04,3.8726452746e-05,-1.1491798395e+00,-1.0866904985e+01,-6.3901453641e+00,1.9358735052e+01,7.4071082915e+00,-1.4946433495e+01,7.4071082914e+00,1.4946433495e+01,0.0000000000e+00,nan,nan,nan,nan,nan,nan
3.1578551161e-04,3.8262974030e-05,-1.1846129756e+00,-1.0442098565e+01,-7.2618221508e+00,1.8833849411e+01,6.6505104644e+00,-1.5096945591e+01,6.6505104650e+00,1.5096945591e+01,0.0000000000e+00,nan,nan,nan,nan,nan,nan
-2.5371287843e-04,5.8537900738e-05,3.0139696632e+01,3.6934642486e+01,-1.5890663504e+01,7.5368756332e+01,5.0638688322e+01,-3.6389655194e+01,5.0638688323e+01,3.6389655194e+01,0.0000000000e+00,nan,nan,nan,nan,nan,nan
2.3942249191e-04,1.1853882608e-04,-2.8000956572e+00,-6.5651844430e+00,-1.0639405929e+01,1.3243314162e+01,9.2628020326e-01,-1.4365781789e+01,9.2382127653e-01,1.4365781789e+01,0.0000000000e+00,nan,nan,nan,nan,nan,nan
2.4289582982e-04,1.1572961238e-04,-2.8886283728e+00,-6.6458466259e+00,-1.0530254147e+01,1.3277278640e+01,9.5619913708e-01,-1.4375081657e+01,9.5368315279e-01,1.4375081656e+01,0.0000000000e+00,nan,nan,nan,nan,nan,nan
-2.5651264456e-04,5.4540705262e-05,3.8896314775e+01,3.9304152172e+01,-1.5049768414e+01,8.2558148433e+01,5.9588242402e+01,-3.5741696041e+01,5.9588242402e+01,3.5741696041e+01,0.0000000000e+00,nan,nan,nan,nan,nan,nan
-2.5873567855e-04,5.7483798307e-05,2.9711368973e+01,3.7459848440e+01,-1.4481495935e+01,7.5320526404e+01,5.1101262763e+01,-3.5871389698e+01,5.1101262784e+01,3.5871389709e+01,0.0000000000e+00,nan,nan,nan,nan,nan,nan
2.4918638626e-04,8.0803497401e-05,-3.6886657874e+00,-5.8268297811e+00,-1.2184834956e+01,1.2488265437e+01,-7.2664695974e-01,-1.5146853783e+01,2.1214027407e-03,1.5146853783e+01,0.0000000000e+00,nan,nan,nan,nan,nan,nan
1.7084316853e-04,1.1622972762e-04,-7.6089592508e+00,-1.5616038410e+00,-1.6104239524e+01,7.8335500252e+00,-7.3338971714e+00,-1.6379301603e+01,1.3932896849e-07,1.6379301603e+01,0.0000000000e+00,nan,nan,nan,nan,nan,nan
2.6047869626e-04,5.8204438139e-05,-3.0851781285e+00,-5.8970695781e+00,-1.2970579303e+01,1.3325297356e+01,-3.3451470024e-01,-1.5721242732e+01,-9.2645613219e-03,1.5721242732e+01,0.0000000000e+00,nan,nan,nan,nan,nan,nan
2.5637684391e-04,5.7401744809e-05,-3.2251333721e+00,-5.5195604527e+00,-1.3423235772e+01,1.3013050912e+01,-8.1109612500e-01,-1.5837273019e+01,-3.5537821224e-03,1.5837273019e+01,0.0000000000e+00,nan,nan,nan,nan,nan,nan
2.5558738936e-04,5.3732472160e-05,-3.1997504144e+00,-5.3109838239e+00,-1.3804628594e+01,1.2997041830e+01,-9.9834390512e-01,-1.6006035103e+01,8.1958175678e-03,1.6006035103e+01,0.0000000000e+00,nan,nan,nan,nan,nan,nan
2.5477359152e-04,5.0075360115e-05,-3.1508809957e+00,-5.1381706077e+00,-1.4185699773e+01,1.3054670486e+01,-1.1311728652e+00,-1.6205407904e+01,-2.5471109705e-02,1.6205407904e+01,0.0000000000e+00,nan,nan,nan,nan,nan,nan
2.5808315446e-04,4.7219277776e-05,-2.9564107595e+00,-5.3425514480e+00,-1.4078797487e+01,1.3353511028e+01,-8.0795093641e-01,-1.6227257310e+01,9.2472286348e-02,1.6227257310e+01,0.0000000000e+00,nan,nan,nan,nan,nan,nan
2.5723656781e-04,4.3577732667e-05,-3.4237791474e+00,-4.9455790176e+00,-1.4663410648e+01,1.2963620999e+01,-1.5590448242e+00,-1.6528144971e+01,-5.9909330440e-01,1.6528144971e+01,0.0000000000e+00,nan,nan,nan,nan,nan,nan
2.5307801430e-04,4.2805556928e-05,-1.5280628614e+00,-5.6651866677e+00,-1.4792121516e+01,1.5133031144e+01,5.7696741611e-01,-1.6897151793e+01,9.0025365964e-01,1.6897151793e+01,0.0000000000e+00,nan,nan,nan,nan,nan,nan
2.5638765419e-04,4.0000406161e-05,6.2244926587e-01,-6.8058802253e+00,-1.4495448089e+01,1.7651919070e+01,3.2548408155e+00,-1.7127839639e+01,2.9827514840e+00,1.7127839639e+01,0.0000000000e+00,nan,nan,nan,nan,nan,nan
2.5230119822e-04,3.9377231908e-05,6.6128092465e+00,-9.1959086507e+00,-1.3433660999e+01,2.3594003270e+01,1.0211578263e+01,-1.7032430015e+01,1.0224657041e+01,1.7032430015e+01,0.0000000000e+00,nan,nan,nan,nan,nan,nan
2.6052919332e-04,4.0714934287e-05,-2.8309971958e+00,-5.3911770211e+00,-1.4474383682e+01,1.3747351946e+01,-7.1565309202e-01,-1.6589727786e+01,-1.6366982846e-01,1.6589727786e+01,0.0000000000e+00,nan,nan,nan,nan,nan,nan
2.4826292918e-04,3.8844080589e-05,1.3846843974e+01,-1.1759518647e+01,-1.2530297265e+01,3.0633914801e+01,1.8344772311e+01,-1.7028225602e+01,1.8363419687e+01,1.7028225602e+01,0.0000000000e+00,nan,nan,nan,nan,nan,nan
2.4425870505e-04,3.8385226231e-05,2.0556438124e+01,-1.3748115156e+01,-1.2066452095e+01,3.6955595136e+01,2.5581315814e+01,-1.7091329785e+01,2.5563403132e+01,1.7091329785e+01,0.0000000000e+00,nan,nan,nan,nan,nan,nan
2.4089205150e-04,4.0958294287e-05,1.6075887487e+01,-1.1935352802e+01,-1.2720423908e+01,3.2412252609e+01,2.0390954558e+01,-1.7035490980e+01,2.0372743348e+01,1.7035490980e+01,0.0000000000e+00,nan,nan,nan,nan,nan,nan
2.3689618313e-04,4.0479498004e-05,2.1254590293e+01,-1.3249750490e+01,-1.2559002757e+01,3.7206976129e+01,2.5829251452e+01,-1.7133663916e+01,2.5828374876e+01,1.7133663916e+01,0.0000000000e+00,nan,nan,nan,nan,nan,nan
2.2891215911e-04,3.9535582337e-05,2.1809565403e+01,-1.2409759351e+01,-1.3379095284e+01,3.7290700940e+01,2.5745031285e+01,-1.7314561166e+01,2.5743460240e+01,1.7314561166e+01,0.0000000000e+00,nan,nan,nan,nan,nan,nan
2.2491631212e-04,3.9037402777e-05,2.1866120280e+01,-1.1999600227e+01,-1.3732668787e+01,3.7180194294e+01,2.5532720931e+01,-1.7399269438e+01,2.5533247778e+01,1.7399269438e+01,0.0000000000e+00,nan,nan,nan,nan,nan,nan
2.2425674044e-04,3.6093715473e-05,2.2795528218e+01,-1.2140818469e+01,-1.3905625850e+01,3.8110555387e+01,2.6448090595e+01,-1.7558188227e+01,2.6447974000e+01,1.7558188227e+01,0.0000000000e+00,nan,nan,nan,nan,nan,nan
2.2092700025e-04,3.8527337795e-05,2.2239979525e+01,-1.1801947832e+01,-1.3902958830e+01,3.7384245245e+01,2.5752314404e+01,-1.7415293708e+01,2.5752212380e+01,1.7415293708e+01,0.0000000000e+00,nan,nan,nan,nan,nan,nan
2.2026554854e-04,3.5596697213e-05,2.3397634793e+01,-1.2027029332e+01,-1.4071121969e+01,3.8559977237e+01,2.6925869650e+01,-1.7599356826e+01,2.6925906339e+01,1.7599356826e+01,0.0000000000e+00,nan,nan,nan,nan,nan,nan
2.1628420874e-04,3.5093103231e-05,2.4119138776e+01,-1.1978979122e+01,-1.4188644452e+01,3.9129468359e+01,2.7556656252e+01,-1.7626161928e+01,2.7556649432e+01,1.7626161928e+01,0.0000000000e+00,nan,nan,nan,nan,nan,nan
2.1231365203e-04,3.4586737817e-05,2.5027673661e+01,-1.1989986058e+01,-1.4302378185e+01,3.9892833564e+01,2.8394785935e+01,-1.7669490459e+01,2.8394785306e+01,1.7669490459e+01,0.0000000000e+00,nan,nan,nan,nan,nan,nan
2.0835330815e-04,3.4078395235e-05,2.6106045819e+01,-1.2042189900e+01,-1.4415685707e+01,4.0823763944e+01,2.9414791158e+01,-1.7724431046e+01,2.9414792310e+01,1.7724431046e+01,0.0000000000e+00,nan,nan,nan,nan,nan,nan
2.0440298216e-04,3.3570176217e-05,2.7286346183e+01,-1.2122459158e+01,-1.4532520092e+01,4.1862938971e+01,3.0546492130e+01,-1.7792666038e+01,3.0546491555e+01,1.7792666038e+01,0.0000000000e+00,nan,nan,nan,nan,nan,nan
1.9718666113e-04,3.5367069441e-05,2.7429558092e+01,-1.1676751815e+01,-1.4781028570e+01,4.1777675611e+01,3.0444617021e+01,-1.7796087499e+01,3.0444617039e+01,1.7796087499e+01,0.0000000000e+00,nan,nan,nan,nan,nan,nan
1.9326126094e-04,3.4840499991e-05,2.8757212380e+01,-1.1773738715e+01,-1.4946268598e+01,4.2993026271e+01,3.1727507182e+01,-1.7916563400e+01,3.1727507234e+01,1.7916563400e+01,0.0000000000e+00,nan,nan,nan,nan,nan,nan
1.8934313635e-04,3.4317894624e-05,3.0203053516e+01,-1.1893925164e+01,-1.5131462464e+01,4.4337943506e+01,3.3134319145e+01,-1.8062728093e+01,3.3134319115e+01,1.8062728093e+01,0.0000000000e+00,nan,nan,nan,nan,nan,nan
1.8868381022e-04,3.1562833687e-05,3.3233253568e+01,-1.2662026984e+01,-1.5161709465e+01,4.7303213269e+01,3.6346294966e+01,-1.8274750863e+01,3.6346294970e+01,1.8274750863e+01,0.0000000000e+00,nan,nan,nan,nan,nan,nan
1.8543017165e-04,3.3800306138e-05,3.1752799750e+01,-1.2020532403e+01,-1.5348358362e+01,4.5797534022e+01,3.4643439290e+01,-1.8238997901e+01,3.4643439300e+01,1.8238997901e+01,0.0000000000e+00,nan,nan,nan,nan,nan,nan
1.8476955241e-04,3.1073425860e-05,3.5046284198e+01,-1.2836199144e+01,-1.5384265878e+01,4.9008142997e+01,3.8125873712e+01,-1.8463855392e+01,3.8125873710e+01,1.8463855392e+01,0.0000000000e+00,nan,nan,nan,nan,nan,nan
1.8085925320e-04,3.0590815879e-05,3.6974238106e+01,-1.3020763489e+01,-1.5634283547e+01,5.0837293825e+01,4.0020902555e+01,-1.8680947995e+01,4.0020902556e+01,1.8680947995e+01,0.0000000000e+00,nan,nan,nan,nan,nan,nan
1.7695139362e-04,3.0115833382e-05,3.9010968698e+01,-1.3216696789e+01,-1.5916380453e+01,5.2790851887e+01,4.2026106670e+01,-1.8931518426e+01,4.2026106670e+01,1.8931518426e+01,0.0000000000e+00,nan,nan,nan,nan,nan,nan
1.7304490588e-04,2.9648910810e-05,4.1165565588e+01,-1.3430711825e+01,-1.6230147472e+01,5.4881046713e+01,4.4153296151e+01,-1.9217878035e+01,4.4153296151e+01,1.9217878035e+01,0.0000000000e+00,nan,nan,nan,nan,nan,nan
1.6591517045e-04,3.1317410692e-05,4.1319952957e+01,-1.2862462697e+01,-1.6917619774e+01,5.5137205083e+01,4.4034646788e+01,-1.9632313605e+01,4.4034646789e+01,1.9632313605e+01,0.0000000000e+00,nan,nan,nan,nan,nan,nan
1.6201297329e-04,3.0848398635e-05,4.3607158044e+01,-1.3093971308e+01,-1.7326179577e+01,5.7437680713e+01,4.6302149655e+01,-2.0021171188e+01,4.6302149655e+01,2.0021171188e+01,0.0000000000e+00,nan,nan,nan,nan,nan,nan
1.5810899011e-04,3.0390538376e-05,4.6016937000e+01,-1.3352295912e+01,-1.7766784552e+01,5.9884947099e+01,4.8699666552e+01,-2.0449514104e+01,4.8699666552e+01,2.0449514104e+01,0.0000000000e+00,nan,nan,nan,nan,nan,nan
1.5420248730e-04,2.9944681519e-05,4.8558091183e+01,-1.3639402376e+01,-1.8241061431e+01,6.2488287175e+01,5.1236144298e+01,-2.0919114545e+01,5.1236144298e+01,2.0919114545e+01,0.0000000000e+00,nan,nan,nan,nan,nan,nan
1.5029287265e-04,2.9511591212e-05,5.1247401486e+01,-1.3965125850e+01,-1.8734710588e+01,6.5255635437e+01,5.3931704135e+01,-2.1419013237e+01,5.3931704135e+01,2.1419013237e+01,0.0000000000e+00,nan,nan,nan,nan,nan,nan
1.4174146879e-04,2.6317829574e-05,6.3718590171e+01,-1.6286716040e+01,-1.9742114906e+01,7.7590196340e+01,6.6784958376e+01,-2.2808483111e+01,6.6784958376e+01,2.2808483111e+01,0.0000000000e+00,nan,nan,nan,nan,nan,nan
1.3393016712e-04,2.5631017348e-05,7.2156990522e+01,-1.8190443706e+01,-1.9452394183e+01,8.5366150799e+01,7.5638468313e+01,-2.2933871974e+01,7.5638468313e+01,2.2933871974e+01,0.0000000000e+00,nan,nan,nan,nan,nan,nan
1.3006770903e-04,2.5314540144e-05,7.6732373128e+01,-1.9252446958e+01,-1.9200062962e+01,8.9525544713e+01,8.0453752423e+01,-2.2921442256e+01,8.0453752423e+01,2.2921442256e+01,0.0000000000e+00,nan,nan,nan,nan,nan,nan
1.2623351065e-04,2.5016488720e-05,8.1576510888e+01,-2.0374439246e+01,-1.8939353693e+01,9.3933835490e+01,8.5551303804e+01,-2.2914146609e+01,8.5551303804e+01,2.2914146609e+01,0.0000000000e+00,nan,nan,nan,nan,nan,nan
1.2242694897e-04,2.4737126250e-05,8.6674853904e+01,-2.1545211235e+01,-1.8665219925e+01,9.8568155988e+01,9.0913168383e+01,-2.2903534403e+01,9.0913168383e+01,2.2903534403e+01,0.0000000000e+00,nan,nan,nan,nan,nan,nan
1.1864745882e-04,2.4476490182e-05,9.1998905243e+01,-2.2755391250e+01,-1.8384399086e+01,1.0340470292e+02,9.6507986147e+01,-2.2893479991e+01,9.6507986147e+01,2.2893479991e+01,0.0000000000e+00,nan,nan,nan,nan,nan,nan
1.1186107967e-04,2.6080086633e-05,9.1829476314e+01,-2.2685595385e+01,-1.8385891628e+01,1.0322403863e+02,9.6318218830e+01,-2.2874634145e+01,9.6318218830e+01,2.2874634145e+01,0.0000000000e+00,nan,nan,nan,nan,nan,nan
1.0816072266e-04,2.5838164304e-05,9.7137256003e+01,-2.3886473837e+01,-1.8107812314e+01,1.0804411951e+02,1.0189402333e+02,-2.2864579641e+01,1.0189402333e+02,2.2864579641e+01,0.0000000000e+00,nan,nan,nan,nan,nan,nan
1.0448642443e-04,2.5614799994e-05,1.0256858904e+02,-2.5101928188e+01,-1.7828887048e+01,1.1297253114e+02,1.0759457226e+02,-2.2854870266e+01,1.0759457226e+02,2.2854870266e+01,0.0000000000e+00,nan,nan,nan,nan,nan,nan
1.0083764259e-04,2.5409361926e-05,1.0805850586e+02,-2.6312188779e+01,-1.7555475653e+01,1.1794905618e+02,1.1334943444e+02,-2.2846404232e+01,1.1334943444e+02,2.2846404232e+01,0.0000000000e+00,nan,nan,nan,nan,nan,nan
9.0038105506e-05,2.4893961778e-05,1.2418685856e+02,-2.9740211095e+01,-1.6811337602e+01,1.3253153964e+02,1.3020488057e+02,-2.2829359605e+01,1.3020488057e+02,2.2829359605e+01,0.0000000000e+00,nan,nan,nan,nan,nan,nan
8.6484326174e-05,2.4753129383e-05,1.2922420317e+02,-3.0760410866e+01,-1.6601475118e+01,1.3707007187e+02,1.3544880692e+02,-2.2826078863e+01,1.3544880692e+02,2.2826078863e+01,0.0000000000e+00,nan,nan,nan,nan,nan,nan
5.4085810862e-05,2.2209415549e-05,1.5272976126e+02,-2.5971333082e+01,-2.4078246157e+01,1.5958734042e+02,1.5646355150e+02,-2.7812036401e+01,1.5646355150e+02,2.7812036401e+01,0.0000000000e+00,nan,nan,nan,nan,nan,nan
3.9747139724e-05,2.1934332674e-05,1.5257223987e+02,-2.0794805369e+01,-2.9663387012e+01,1.6187615392e+02,1.5491366747e+02,-3.2004814611e+01,1.5491366747e+02,3.2004814611e+01,0.0000000000e+00,nan,nan,nan,nan,nan,nan
3.6133483111e-05,2.1869056213e-05,1.5261067092e+02,-1.9664255572e+01,-3.0994923111e+01,1.6261193589e+02,1.5469191886e+02,-3.3076171053e+01,1.5469191886e+02,3.3076171053e+01,0.0000000000e+00,nan,nan,nan,nan,nan,nan
2.1578871151e-05,2.1627855470e-05,1.5286783479e+02,-1.5660119678e+01,-3.5944360568e+01,1.6574926118e+02,1.5415711767e+02,-3.7233643447e+01,1.5415711767e+02,3.7233643447e+01,0.0000000000e+00,nan,nan,nan,nan,nan,nan
1.7917750707e-05,2.1574102045e-05,1.5292927237e+02,-1.4766289781e+01,-3.7070580129e+01,1.6651935159e+02,1.5406933858e+02,-3.8210646349e+01,1.5406933858e+02,3.8210646349e+01,0.0000000000e+00,nan,nan,nan,nan,nan,nan
1.4249050891e-05,2.1522557086e-05,1.5298373832e+02,-1.3906781880e+01,-3.8147185304e+01,1.6726657945e+02,1.5398968118e+02,-3.9153128164e+01,1.5398968118e+02,3.9153128164e+01,0.0000000000e+00,nan,nan,nan,nan,nan,nan
3.2011292928e-06,2.1383977169e-05,1.5307585887e+02,-1.1494386073e+01,-4.1063738762e+01,1.6930362356e+02,1.5375355269e+02,-4.1741432584e+01,1.5375355269e+02,4.1741432584e+01,0.0000000000e+00,nan,nan,nan,nan,nan,nan
-4.9380845486e-07,2.1343255526e-05,1.5307847087e+02,-1.0733585163e+01,-4.1928802394e+01,1.6990068240e+02,1.5366703895e+02,-4.2517370484e+01,1.5366703895e+02,4.2517370484e+01,0.0000000000e+00,nan,nan,nan,nan,nan,nan
-4.1937255752e-06,2.1304644390e-05,1.5306806789e+02,-9.9891338248e+00,-4.2740090259e+01,1.7045446393e+02,1.5357591945e+02,-4.3247941822e+01,1.5357591945e+02,4.3247941822e+01,0.0000000000e+00,nan,nan,nan,nan,nan,nan
-7.8985431107e-06,2.1269843462e-05,1.5303997768e+02,-9.2581802810e+00,-4.3497742675e+01,1.7095967715e+02,1.5347473312e+02,-4.3932498122e+01,1.5347473312e+02,4.3932498122e+01,0.0000000000e+00,nan,nan,nan,nan,nan,nan
-1.9037233298e-05,2.1179549726e-05,1.5288074078e+02,-7.1219951229e+00,-4.5459148064e+01,1.7220915196e+02,1.5313579660e+02,-4.5714203882e+01,1.5313579660e+02,4.5714203882e+01,0.0000000000e+00,nan,nan,nan,nan,nan,nan
-2.2756779143e-05,2.1154474565e-05,1.5280499094e+02,-6.4220437610e+00,-4.6013071986e+01,1.7253982190e+02,1.5301187210e+02,-4.6219953144e+01,1.5301187210e+02,4.6219953144e+01,0.0000000000e+00,nan,nan,nan,nan,nan,nan
-2.6479041432e-05,2.1131631300e-05,1.5272066890e+02,-5.7253099880e+00,-4.6519567137e+01,1.7283125272e+02,1.5288472117e+02,-4.6683619399e+01,1.5288472117e+02,4.6683619399e+01,0.0000000000e+00,nan,nan,nan,nan,nan,nan
-3.0203775883e-05,2.1111063696e-05,1.5262902405e+02,-5.0303852790e+00,-4.6980323390e+01,1.7308563619e+02,1.5275538898e+02,-4.7106688314e+01,1.5275538898e+02,4.7106688314e+01,0.0000000000e+00,nan,nan,nan,nan,nan,nan
-3.7658669103e-05,2.1075895769e-05,1.5243175743e+02,-3.6414010034e+00,-4.7771698482e+01,1.7349540836e+02,1.5249765019e+02,-4.7837591245e+01,1.5249765019e+02,4.7837591245e+01,0.0000000000e+00,nan,nan,nan,nan,nan,nan
-4.1388480924e-05,2.1061464473e-05,1.5232853132e+02,-2.9453426762e+00,-4.8105933637e+01,1.7365574184e+02,1.5237148814e+02,-4.8148890453e+01,1.5237148814e+02,4.8148890453e+01,0.0000000000e+00,nan,nan,nan,nan,nan,nan
-4.5119363246e-05,2.1048746834e-05,1.5222517999e+02,-2.2471661116e+00,-4.8401662191e+01,1.7379098908e+02,1.5225003322e+02,-4.8426515431e+01,1.5225003322e+02,4.8426515431e+01,0.0000000000e+00,nan,nan,nan,nan,nan,nan
-4.8849510378e-05,2.1037342300e-05,1.5212421251e+02,-1.5464707312e+00,-4.8660668737e+01,1.7390489620e+02,1.5213581055e+02,-4.8672266721e+01,1.5213581055e+02,4.8672266721e+01,0.0000000000e+00,nan,nan,nan,nan,nan,nan
-5.4452928434e-05,2.2581611491e-05,1.4780845627e+02,-5.3526584690e-01,-4.8688359279e+01,1.7017319817e+02,1.4780959027e+02,-4.8689493280e+01,1.4780959027e+02,4.8689493280e+01,0.0000000000e+00,nan,nan,nan,nan,nan,nan
-6.0047298065e-05,2.1014347138e-05,1.5183897430e+02,5.7875407178e-01,-4.9235078437e+01,1.7413757091e+02,1.5184032137e+02,-4.9236425510e+01,1.5184032137e+02,4.9236425510e+01,0.0000000000e+00,nan,nan,nan,nan,nan,nan
-6.3781290447e-05,2.1009174072e-05,1.5175717464e+02,1.2963562480e+00,-4.9364648040e+01,1.7419052220e+02,1.5176520818e+02,-4.9372681587e+01,1.5176520818e+02,4.9372681587e+01,0.0000000000e+00,nan,nan,nan,nan,nan,nan
-6.7514175133e-05,2.1005423830e-05,1.5168340647e+02,2.0188911590e+00,-4.9465756344e+01,1.7423481262e+02,1.5170334103e+02,-4.9485690904e+01,1.5170334103e+02,4.9485690904e+01,0.0000000000e+00,nan,nan,nan,nan,nan,nan
-7.1246365302e-05,2.1002909766e-05,1.5161914068e+02,2.7467935207e+00,-4.9539882595e+01,1.7427320220e+02,1.5165630924e+02,-4.9577051161e+01,1.5165630924e+02,4.9577051161e+01,0.0000000000e+00,nan,nan,nan,nan,nan,nan
-7.6744959890e-05,2.2554961494e-05,1.4738088802e+02,3.8108647663e+00,-4.9293606622e+01,1.7045235009e+02,1.4745435091e+02,-4.9367069513e+01,1.4745435091e+02,4.9367069513e+01,0.0000000000e+00,nan,nan,nan,nan,nan,nan
-8.2438383231e-05,2.1002101243e-05,1.5149399265e+02,4.9658296490e+00,-4.9613499899e+01,1.7437583781e+02,1.5161618328e+02,-4.9735690525e+01,1.5161618328e+02,4.9735690525e+01,0.0000000000e+00,nan,nan,nan,nan,nan,nan
-8.6167046656e-05,2.1003862830e-05,1.5147800829e+02,5.7181824713e+00,-4.9592336493e+01,1.7441283516e+02,1.5164013323e+02,-4.9754461428e+01,1.5164013323e+02,4.9754461428e+01,0.0000000000e+00,nan,nan,nan,nan,nan,nan
-8.9894455621e-05,2.1006580498e-05,1.5147618867e+02,6.4773052645e+00,-4.9550030261e+01,1.7445428438e+02,1.5168430725e+02,-4.9758148840e+01,1.5168430725e+02,4.9758148840e+01,0.0000000000e+00,nan,nan,nan,nan,nan,nan
-9.3620455240e-05,2.1010179406e-05,1.5148934253e+02,7.2434549996e+00,-4.9487461204e+01,1.7450194446e+02,1.5174968527e+02,-4.9747803949e+01,1.5174968527e+02,4.9747803949e+01,0.0000000000e+00,nan,nan,nan,nan,nan,nan
-1.0478854322e-04,2.1026075841e-05,1.5162429163e+02,9.5867838943e+00,-4.9185570228e+01,1.7469663652e+02,1.5208051082e+02,-4.9641789418e+01,1.5208051082e+02,4.9641789418e+01,0.0000000000e+00,nan,nan,nan,nan,nan,nan
-1.0850746349e-04,2.1032966695e-05,1.5170289151e+02,1.0383815701e+01,-4.9048869097e+01,1.7478317659e+02,1.5223812526e+02,-4.9584102848e+01,1.5223812526e+02,4.9584102848e+01,0.0000000000e+00,nan,nan,nan,nan,nan,nan
-1.1222424299e-04,2.1040649665e-05,1.5179892815e+02,1.1189327637e+01,-4.8894892048e+01,1.7488234874e+02,1.5242038917e+02,-4.9516353073e+01,1.5242038917e+02,4.9516353073e+01,0.0000000000e+00,nan,nan,nan,nan,nan,nan
-1.1593875049e-04,2.1049077830e-05,1.5191286941e+02,1.2003658028e+01,-4.8723956369e+01,1.7499522894e+02,1.5262799906e+02,-4.9439086012e+01,1.5262799906e+02,4.9439086012e+01,0.0000000000e+00,nan,nan,nan,nan,nan,nan
-1.2336033156e-04,2.1068229276e-05,1.5219533404e+02,1.3660240813e+01,-4.8332000590e+01,1.7526524401e+02,1.5312110253e+02,-4.9257769086e+01,1.5312110253e+02,4.9257769086e+01,0.0000000000e+00,nan,nan,nan,nan,nan,nan
-1.2706707774e-04,2.1078961422e-05,1.5236427385e+02,1.4503278531e+01,-4.8111143350e+01,1.7542379087e+02,1.5340753813e+02,-4.9154407631e+01,1.5340753813e+02,4.9154407631e+01,0.0000000000e+00,nan,nan,nan,nan,nan,nan
-1.3077092229e-04,2.1090452420e-05,1.5255197367e+02,1.5356712314e+01,-4.7873651307e+01,1.7559889215e+02,1.5372122883e+02,-4.9042906468e+01,1.5372122883e+02,4.9042906468e+01,0.0000000000e+00,nan,nan,nan,nan,nan,nan
-1.3447168939e-04,2.1102755642e-05,1.5275837491e+02,1.6221004867e+01,-4.7619362817e+01,1.7579089033e+02,1.5406242390e+02,-4.8923411810e+01,1.5406242390e+02,4.8923411810e+01,0.0000000000e+00,nan,nan,nan,nan,nan,nan
-1.4555359266e-04,2.1144645819e-05,1.5349019359e+02,1.8883972161e+01,-4.6752658868e+01,1.7647181929e+02,1.5525481973e+02,-4.8517285011e+01,1.5525481973e+02,4.8517285011e+01,0.0000000000e+00,nan,nan,nan,nan,nan,nan
-1.4924007960e-04,2.1160423468e-05,1.5377115180e+02,1.9796791063e+01,-4.6427569839e+01,1.7673413668e+02,1.5570929237e+02,-4.8365710409e+01,1.5570929237e+02,4.8365710409e+01,0.0000000000e+00,nan,nan,nan,nan,nan,nan
-1.5292117583e-04,2.1177313767e-05,1.5406968792e+02,2.0722857649e+01,-4.6083453921e+01,1.7701360138e+02,1.5619196740e+02,-4.8205733409e+01,1.5619196740e+02,4.8205733409e+01,0.0000000000e+00,nan,nan,nan,nan,nan,nan
1.2764704279e-04,2.9516904409e-05,6.4789444363e+01,-1.6299168804e+01,-1.9888900849e+01,7.8582437170e+01,6.7819863011e+01,-2.2919319497e+01,6.7819863011e+01,2.2919319497e+01,0.0000000000e+00,nan,nan,nan,nan,nan,nan
1.8218956494e-04,3.6034265468e-05,3.0349179563e+01,-1.1412598027e+01,-1.5535382425e+01,4.4382735646e+01,3.3031282942e+01,-1.8217485804e+01,3.3031282941e+01,1.8217485804e+01,0.0000000000e+00,nan,nan,nan,nan,nan,nan
-1.5660029504e-04,2.1194887984e-05,1.5438719686e+02,2.1663666313e+01,-4.5719235924e+01,1.7731160247e+02,1.5670488188e+02,-4.8036920945e+01,1.5670488188e+02,4.8036920945e+01,0.0000000000e+00,nan,nan,nan,nan,nan,nan
-4.5262464390e-05,2.4170783434e-05,1.4388272618e+02,-2.3264144725e+00,-4.7825436153e+01,1.6607247314e+02,1.4391063208e+02,-4.7853342056e+01,1.4391063208e+02,4.7853342056e+01,0.0000000000e+00,nan,nan,nan,nan,nan,nan
5.2560298267e-05,2.5562928562e-05,1.4119346925e+02,-2.5601647438e+01,-2.3334542917e+01,1.4922222069e+02,1.4508295245e+02,-2.7224026123e+01,1.4508295245e+02,2.7224026123e+01,0.0000000000e+00,nan,nan,nan,nan,nan,nan
7.3255423770e-05,2.6112059109e-05,1.3586039581e+02,-3.2018478280e+01,-1.6349791816e+01,1.4301129050e+02,1.4232290906e+02,-2.2812305074e+01,1.4232290906e+02,2.2812305074e+01,0.0000000000e+00,nan,nan,nan,nan,nan,nan
9.4326477460e-05,2.7005083898e-05,1.0721922032e+02,-2.6120190305e+01,-1.7578760012e+01,1.1716862155e+02,1.1246756534e+02,-2.2827105039e+01,1.1246756534e+02,2.2827105039e+01,0.0000000000e+00,nan,nan,nan,nan,nan,nan
-1.6394187280e-04,2.1231892161e-05,1.5507759309e+02,2.3589578682e+01,-4.4927783546e+01,1.7796202699e+02,1.5782132896e+02,-4.7671519416e+01,1.5782132896e+02,4.7671519416e+01,0.0000000000e+00,nan,nan,nan,nan,nan,nan
-8.5864919921e-05,2.4122459893e-05,1.4313289816e+02,5.6461389444e+00,-4.8957599459e+01,1.6664178801e+02,1.4329833051e+02,-4.9123031813e+01,1.4329833051e+02,4.9123031813e+01,0.0000000000e+00,nan,nan,nan,nan,nan,nan
-1.6760619841e-04,2.1252845807e-05,1.5544507357e+02,2.4576845945e+01,-4.4497653072e+01,1.7830961234e+02,1.5842081293e+02,-4.7473392434e+01,1.5842081293e+02,4.7473392434e+01,0.0000000000e+00,nan,nan,nan,nan,nan,nan
-1.7126405725e-04,2.1275795044e-05,1.5582509838e+02,2.5580826668e+01,-4.4042926262e+01,1.7866996811e+02,1.5904624025e+02,-4.7264068125e+01,1.5904624025e+02,4.7264068125e+01,0.0000000000e+00,nan,nan,nan,nan,nan,nan
-1.7491430706e-04,2.1299493497e-05,1.5622047089e+02,2.6601812471e+01,-4.3562585115e+01,1.7904550655e+02,1.5970091429e+02,-4.7043028521e+01,1.5970091429e+02,4.7043028521e+01,0.0000000000e+00,nan,nan,nan,nan,nan,nan
2.3561726694e-04,3.4572373511e-05,2.2695916522e+01,-1.3086702871e+01,-1.3366601196e+01,3.8588277277e+01,2.6943609937e+01,-1.7614294610e+01,2.6944059504e+01,1.7614294610e+01,0.0000000000e+00,nan,nan,nan,nan,nan,nan
2.0769234782e-04,3.1237616710e-05,2.8297119411e+01,-1.2656058038e+01,-1.4441851149e+01,4.3017767156e+01,3.1763953578e+01,-1.7908685317e+01,3.1763953515e+01,1.7908685317e+01,0.0000000000e+00,nan,nan,nan,nan,nan,nan
1.5279605976e-04,2.5052284875e-05,6.0181784745e+01,-1.6263434558e+01,-1.8206810688e+01,7.3500151422e+01,6.3422819237e+01,-2.1447845180e+01,6.3422819237e+01,2.1447845180e+01,0.0000000000e+00,nan,nan,nan,nan,nan,nan
9.2172168375e-05,2.1297973295e-05,1.4386789540e+02,-3.3525970386e+01,-1.6112848369e+01,1.5022667990e+02,1.5061093760e+02,-2.2855890566e+01,1.5061093760e+02,2.2855890566e+01,0.0000000000e+00,nan,nan,nan,nan,nan,nan
7.7915744788e-05,2.0958610990e-05,1.6049417209e+02,-3.6284292565e+01,-1.5631088969e+01,1.6496868809e+02,1.6767625804e+02,-2.2813174918e+01,1.6767625804e+02,2.2813174918e+01,0.0000000000e+00,nan,nan,nan,nan,nan,nan
6.3776083840e-05,2.0710484758e-05,1.5945763372e+02,-2.9926684548e+01,-2.0896339230e+01,1.6456228877e+02,1.6429072897e+02,-2.5729434476e+01,1.6429072897e+02,2.5729434476e+01,0.0000000000e+00,nan,nan,nan,nan,nan,nan
4.9427645302e-05,2.0458216942e-05,1.5823764105e+02,-2.3997385587e+01,-2.6551199705e+01,1.6533844858e+02,1.6130141847e+02,-2.9614977119e+01,1.6130141847e+02,2.9614977119e+01,0.0000000000e+00,nan,nan,nan,nan,nan,nan
-1.8112794336e-04,1.9750715112e-05,1.6208823358e+02,2.8148801984e+01,-4.3139882094e+01,1.8429678490e+02,1.6587797411e+02,-4.6929622628e+01,1.6587797411e+02,4.6929622628e+01,0.0000000000e+00,nan,nan,nan,nan,nan,nan
-1.8580118907e-04,2.1386047671e-05,1.5744830190e+02,2.9770520281e+01,-4.1949988969e+01,1.8021615097e+02,1.6179699974e+02,-4.6298686808e+01,1.6179699974e+02,4.6298686808e+01,0.0000000000e+00,nan,nan,nan,nan,nan,nan
-1.8943982140e-04,2.1411936580e-05,1.5789687222e+02,3.0872552328e+01,-4.1345796717e+01,1.8064267263e+02,1.6256963342e+02,-4.6018557920e+01,1.6256963342e+02,4.6018557920e+01,0.0000000000e+00,nan,nan,nan,nan,nan,nan
-1.9307065368e-04,2.1447944665e-05,1.5832115464e+02,3.1996780645e+01,-4.0702283090e+01,1.8104773574e+02,1.6333739474e+02,-4.5718523192e+01,1.6333739474e+02,4.5718523192e+01,0.0000000000e+00,nan,nan,nan,nan,nan,nan
-1.9936754132e-04,1.9899707729e-05,1.6471720825e+02,3.3731360745e+01,-4.0007519228e+01,1.8667250152e+02,1.7013026352e+02,-4.5420574492e+01,1.7013026352e+02,4.5420574492e+01,0.0000000000e+00,nan,nan,nan,nan,nan,nan
1.7049606076e-04,3.4454105616e-05,3.5378524405e+01,-1.1770623078e+01,-1.6476391610e+01,4.9319221669e+01,3.7925532304e+01,-1.9023399509e+01,3.7925532305e+01,1.9023399509e+01,0.0000000000e+00,nan,nan,nan,nan,nan,nan
1.4318925122e-04,3.1113599694e-05,5.1498839916e+01,-1.3464682876e+01,-1.9814072233e+01,6.6016032946e+01,5.3956758234e+01,-2.2271990551e+01,5.3956758234e+01,2.2271990551e+01,0.0000000000e+00,nan,nan,nan,nan,nan,nan
6.2966568939e-05,2.5829756573e-05,1.4089072475e+02,-3.0225589215e+01,-1.8827738441e+01,1.4788768393e+02,1.4641448728e+02,-2.4351500972e+01,1.4641448728e+02,2.4351500972e+01,0.0000000000e+00,nan,nan,nan,nan,nan,nan
2.7774386483e-05,2.4995970338e-05,1.4272374284e+02,-1.7312042458e+01,-3.3038484774e+01,1.5513824550e+02,1.4441173683e+02,-3.4726478772e+01,1.4441173683e+02,3.4726478772e+01,0.0000000000e+00,nan,nan,nan,nan,nan,nan
1.6845997069e-04,2.6639213896e-05,4.8267030738e+01,-1.4797568700e+01,-1.6587281164e+01,6.1738000160e+01,5.1484325799e+01,-1.9804576225e+01,5.1484325799e+01,1.9804576225e+01,0.0000000000e+00,nan,nan,nan,nan,nan,nan
1.9587041876e-04,2.9793845715e-05,3.3007250392e+01,-1.3154047247e+01,-1.4815842136e+01,4.7269818734e+01,3.6386946698e+01,-1.8195538442e+01,3.6386946712e+01,1.8195538442e+01,0.0000000000e+00,nan,nan,nan,nan,nan,nan
2.4763568211e-04,3.5821553251e-05,2.3309287952e+01,-1.5051821095e+01,-1.1638392530e+01,3.9945467109e+01,2.8897973899e+01,-1.7227078477e+01,2.8899463192e+01,1.7227078477e+01,0.0000000000e+00,nan,nan,nan,nan,nan,nan
-2.0385880421e-04,2.1566002442e-05,1.5957155547e+02,3.5480664366e+01,-3.8533910536e+01,1.8223593984e+02,1.6573279139e+02,-4.4695146459e+01,1.6573279139e+02,4.4695146459e+01,0.0000000000e+00,nan,nan,nan,nan,nan,nan
2.0967330753e-04,3.9869367557e-05,2.2637678861e+01,-1.1224177833e+01,-1.4255156088e+01,3.7399960534e+01,2.5784138668e+01,-1.7401615895e+01,2.5784176060e+01,1.7401615895e+01,0.0000000000e+00,nan,nan,nan,nan,nan,nan
2.6303610809e-04,3.4425607044e-05,7.4300142253e+00,-1.0281491875e+01,-1.2676798742e+01,2.4949512590e+01,1.1781215551e+01,-1.7028000068e+01,1.1789928690e+01,1.7028000068e+01,0.0000000000e+00,nan,nan,nan,nan,nan,nan
2.6713122547e-04,3.4982356202e-05,7.5038638125e-01,-7.4260828682e+00,-1.4025042231e+01,1.8177385361e+01,3.8573904068e+00,-1.7132046256e+01,3.8295425317e+00,1.7132046256e+01,0.0000000000e+00,nan,nan,nan,nan,nan,nan
-2.0743446633e-04,2.1611594986e-05,1.5995819827e+02,3.6684358472e+01,-3.7717301196e+01,1.8260020806e+02,1.6654472781e+02,-4.4303830740e+01,1.6654472781e+02,4.4303830740e+01,0.0000000000e+00,nan,nan,nan,nan,nan,nan
-2.1099716698e-04,2.1661261796e-05,1.6031594647e+02,3.7908006570e+01,-3.6847798067e+01,1.8293453690e+02,1.6735137832e+02,-4.3883229921e+01,1.6735137832e+02,4.3883229921e+01,0.0000000000e+00,nan,nan,nan,nan,nan,nan
-2.1737558283e-04,2.0112053041e-05,1.6725221659e+02,3.9894939581e+01,-3.5725267006e+01,1.8887404015e+02,1.7480995271e+02,-4.3283003132e+01,1.7480995271e+02,4.3283003131e+01,0.0000000000e+00,nan,nan,nan,nan,nan,nan
-2.3149921708e-04,2.0372478353e-05,1.6843745885e+02,4.5175279542e+01,-3.1114215425e+01,1.8970086993e+02,1.7818547001e+02,-4.0862226607e+01,1.7818547001e+02,4.0862226606e+01,0.0000000000e+00,nan,nan,nan,nan,nan,nan
-2.3500609721e-04,2.0449753716e-05,1.6851642840e+02,4.6526266374e+01,-2.9743580430e+01,1.8966443100e+02,1.7888923428e+02,-4.0116386309e+01,1.7888923428e+02,4.0116386309e+01,0.0000000000e+00,nan,nan,nan,nan,nan,nan
-2.3847760304e-04,2.0541115043e-05,1.6842891449e+02,4.7868786312e+01,-2.8278523047e+01,1.8945387885e+02,1.7945644368e+02,-3.9306052231e+01,1.7945644368e+02,3.9306052231e+01,0.0000000000e+00,nan,nan,nan,nan,nan,nan
-1.5900874174e-04,2.4392456808e-05,1.4510177886e+02,2.2589453715e+01,-4.4632996517e+01,1.6890772358e+02,1.4775331085e+02,-4.7284528504e+01,1.4775331085e+02,4.7284528504e+01,0.0000000000e+00,nan,nan,nan,nan,nan,nan
-2.1583483635e-04,1.6847070074e-05,1.7961069052e+02,3.8623450639e+01,-3.7306875127e+01,1.9940897054e+02,1.8628073052e+02,-4.3976915122e+01,1.8628073052e+02,4.3976915122e+01,0.0000000000e+00,nan,nan,nan,nan,nan,nan
2.6637875451e-04,3.1659760846e-05,1.1972381121e+01,-1.2626576414e+01,-1.1439648292e+01,2.9862847062e+01,1.7507689205e+01,-1.6974956375e+01,1.7511848222e+01,1.6974956375e+01,0.0000000000e+00,nan,nan,nan,nan,nan,nan
2.7044828493e-04,3.2130054404e-05,3.8190061449e+00,-9.0358033611e+00,-1.3182802726e+01,2.1527204472e+01,7.7468390065e+00,-1.7110635588e+01,7.7442459276e+00,1.7110635588e+01,0.0000000000e+00,nan,nan,nan,nan,nan,nan
-2.2674227284e-04,1.6981284220e-05,1.8191139555e+02,4.2689547153e+01,-3.4070994144e+01,2.0112656375e+02,1.9004067643e+02,-4.2200275021e+01,1.9004067643e+02,4.2200275021e+01,0.0000000000e+00,nan,nan,nan,nan,nan,nan
3.1912881372e-04,3.5016620129e-05,-1.0222863024e+00,-1.0741765015e+01,-6.9304435672e+00,1.9293288743e+01,7.1626205147e+00,-1.5115350384e+01,7.1626205146e+00,1.5115350384e+01,0.0000000000e+00,nan,nan,nan,nan,nan,nan
3.1506962282e-04,3.4570733761e-05,-1.0844001617e+00,-1.0302291451e+01,-7.7831269463e+00,1.8760924220e+01,6.3978610946e+00,-1.5265388203e+01,6.3978610945e+00,1.5265388203e+01,0.0000000000e+00,nan,nan,nan,nan,nan,nan
2.5031770335e-04,1.1385896021e-04,-2.8219314942e+00,-6.9337850368e+00,-1.0088236285e+01,1.3557966932e+01,1.3726119686e+00,-1.4282779748e+01,1.3728233800e+00,1.4282779748e+01,0.0000000000e+00,nan,nan,nan,nan,nan,nan
2.4981241195e-04,1.1006161685e-04,-3.0114061957e+00,-6.8283001416e+00,-1.0299959299e+01,1.3405423742e+01,1.0839422585e+00,-1.4395307753e+01,1.0838585169e+00,1.4395307753e+01,0.0000000000e+00,nan,nan,nan,nan,nan,nan
2.5377166789e-04,1.1100036260e-04,-2.8873337060e+00,-7.0328153170e+00,-9.9582519009e+00,1.3633253626e+01,1.4483698473e+00,-1.4293955454e+01,1.4482628412e+00,1.4293955454e+01,0.0000000000e+00,nan,nan,nan,nan,nan,nan
-2.4533592724e-04,2.0755018928e-05,1.6771738529e+02,5.0495631456e+01,-2.5039086554e+01,1.8845074415e+02,1.8014123723e+02,-3.7462938492e+01,1.8014123723e+02,3.7462938492e+01,0.0000000000e+00,nan,nan,nan,nan,nan,nan
2.2653668536e-04,1.0790211407e-04,-3.9832661643e+00,-5.4611495306e+00,-1.2081441543e+01,1.1774542517e+01,-1.2343185617e+00,-1.4830389145e+01,-1.4505333848e-03,1.4830389145e+01,0.0000000000e+00,nan,nan,nan,nan,nan,nan
1.7025804499e-04,8.7722535333e-05,-5.2054492127e+00,-1.8672720203e+00,-1.6714921158e+01,1.0482353213e+01,-4.9081957353e+00,-1.7012174634e+01,3.4685969656e-03,1.7012174634e+01,0.0000000000e+00,nan,nan,nan,nan,nan,nan
-2.6163051753e-04,5.3490190613e-05,3.8770722460e+01,3.9793016814e+01,-1.3482819730e+01,8.2443386561e+01,6.0242662788e+01,-3.4954760059e+01,6.0242662788e+01,3.4954760059e+01,0.0000000000e+00,nan,nan,nan,nan,nan,nan
3.0706529572e-04,8.1351698568e-05,-3.0178247883e+00,-9.4934807907e+00,-5.6254171528e+00,1.6595881135e+01,5.2600154701e+00,-1.3903257411e+01,5.2600154701e+00,1.3903257411e+01,0.0000000000e+00,nan,nan,nan,nan,nan,nan
3.0368520768e-04,8.4475723257e-05,-3.0333447510e+00,-9.2786773318e+00,-5.9832301271e+00,1.6271411759e+01,4.8860165202e+00,-1.3902591398e+01,4.8860165200e+00,1.3902591398e+01,0.0000000000e+00,nan,nan,nan,nan,nan,nan
2.9638896529e-04,8.6817513563e-05,-2.9626966472e+00,-8.9163884395e+00,-6.8635843092e+00,1.5807507191e+01,4.2133280537e+00,-1.4039609010e+01,4.2133280507e+00,1.4039609010e+01,0.0000000000e+00,nan,nan,nan,nan,nan,nan
2.9691144210e-04,9.0661038597e-05,-3.0367148967e+00,-8.8827714324e+00,-6.6309474178e+00,1.5695869681e+01,4.2281834284e+00,-1.3895845743e+01,4.2281834283e+00,1.3895845743e+01,0.0000000000e+00,nan,nan,nan,nan,nan,nan
2.9299616700e-04,8.9883069149e-05,-2.9724985728e+00,-8.7262041765e+00,-7.1495204115e+00,1.5539897169e+01,3.9109543213e+00,-1.4032973306e+01,3.9109543269e+00,1.4032973306e+01,0.0000000000e+00,nan,nan,nan,nan,nan,nan
2.8959869916e-04,9.2929226342e-05,-2.9725091924e+00,-8.5463363440e+00,-7.4178246660e+00,1.5294012355e+01,3.6348352208e+00,-1.4025169079e+01,3.6348352279e+00,1.4025169079e+01,0.0000000000e+00,nan,nan,nan,nan,nan,nan
2.9011794454e-04,9.6766721109e-05,-3.0018129734e+00,-8.5280835798e+00,-7.2005603524e+00,1.5211009696e+01,3.6808938798e+00,-1.3883267205e+01,3.6808938838e+00,1.3883267205e+01,0.0000000000e+00,nan,nan,nan,nan,nan,nan
3.1044122944e-04,7.8205650684e-05,-2.9931651807e+00,-9.7204303035e+00,-5.2420392279e+00,1.6946734264e+01,5.6665993846e+00,-1.3901803793e+01,5.6665993847e+00,1.3901803793e+01,0.0000000000e+00,nan,nan,nan,nan,nan,nan
2.8619618594e-04,9.5956447355e-05,-2.9624041861e+00,-8.3763517163e+00,-7.6699695692e+00,1.5069194025e+01,3.3840163491e+00,-1.4016390104e+01,3.3840163127e+00,1.4016390104e+01,0.0000000000e+00,nan,nan,nan,nan,nan,nan
2.8671314182e-04,9.9791092674e-05,-2.9691222931e+00,-8.3650086481e+00,-7.4601243725e+00,1.5000603576e+01,3.4459791798e+00,-1.3875225845e+01,3.4459791902e+00,1.3875225845e+01,0.0000000000e+00,nan,nan,nan,nan,nan,nan
-2.6638393696e-04,5.4875856730e-05,3.1974021622e+01,3.8650728645e+01,-1.2172147051e+01,7.7082699515e+01,5.4404654600e+01,-3.4602780030e+01,5.4404654600e+01,3.4602780030e+01,0.0000000000e+00,nan,nan,nan,nan,nan,nan
2.7377567953e-04,2.9287083720e-05,7.5316637618e+00,-1.1099937167e+01,-1.1998264566e+01,2.5646766411e+01,1.2573867089e+01,-1.7040467893e+01,1.2574616370e+01,1.7040467893e+01,0.0000000000e+00,nan,nan,nan,nan,nan,nan
-2.6159706950e-04,1.6127748602e-05,1.9176629925e+02,5.6992124527e+01,-1.7024788135e+01,2.0600163894e+02,2.0630585725e+02,-3.1564346138e+01,2.0630585725e+02,3.1564346138e+01,0.0000000000e+00,nan,nan,nan,nan,nan,nan
-2.6833168348e-04,1.6442896397e-05,1.8883316849e+02,5.9614398190e+01,-1.1521935520e+01,2.0190379477e+02,2.0522482675e+02,-2.7913593775e+01,2.0522482675e+02,2.7913593775e+01,0.0000000000e+00,nan,nan,nan,nan,nan,nan
-2.7162469223e-04,1.6636035813e-05,1.8658063311e+02,6.0749396883e+01,-8.4908365170e+00,1.9901721965e+02,2.0394754364e+02,-2.5857747040e+01,2.0394754364e+02,2.5857747040e+01,0.0000000000e+00,nan,nan,nan,nan,nan,nan
-6.3430683855e-05,5.0409984887e-05,8.2232271557e+01,5.2986471353e-01,-4.3576467768e+01,1.0895670788e+02,8.2234086519e+01,-4.3578282731e+01,8.2234086519e+01,4.3578282731e+01,0.0000000000e+00,nan,nan,nan,nan,nan,nan
-2.3505978259e-04,4.0543580044e-05,9.0585173288e+01,4.3559981709e+01,-2.3650328835e+01,1.2441296025e+02,1.0529727832e+02,-3.8362433863e+01,1.0529727832e+02,3.8362433863e+01,0.0000000000e+00,nan,nan,nan,nan,nan,nan
8.7341219340e-05,9.6600955727e-05,8.3948512964e-01,2.0040039809e+00,-2.2376008704e+01,2.0411147077e+01,1.0161194721e+00,-2.2552643046e+01,9.8550327473e-01,2.2552643046e+01,0.0000000000e+00,nan,nan,nan,nan,nan,nan
-1.8034432348e-04,8.6124012729e-05,1.3473631965e+01,1.9876000703e+01,-2.7998961317e+01,4.9748352977e+01,2.1459560307e+01,-3.5984889660e+01,2.1459560293e+01,3.5984889660e+01,0.0000000000e+00,nan,nan,nan,nan,nan,nan
2.5427334125e-04,1.1480179607e-04,-2.7095919375e+00,-7.1164954570e+00,-9.7575663598e+00,1.3754097549e+01,1.7073527740e+00,-1.4174511071e+01,1.7073448621e+00,1.4174511071e+01,0.0000000000e+00,nan,nan,nan,nan,nan,nan
2.8205979591e-04,3.0360972699e-05,-2.1340576341e+00,-6.8156741327e+00,-1.3360520789e+01,1.5294344349e+01,1.0829046155e+00,-1.6577483038e+01,1.0828460795e+00,1.6577483038e+01,0.0000000000e+00,nan,nan,nan,nan,nan,nan
-2.2155613299e-04,2.1834708674e-05,1.6112809302e+02,4.1667874711e+01,-3.3893513243e+01,1.8366366234e+02,1.6965555472e+02,-4.2420975002e+01,1.6965555472e+02,4.2420975001e+01,0.0000000000e+00,nan,nan,nan,nan,nan,nan
-2.7486106973e-04,1.6857496500e-05,1.8373008152e+02,6.1746941510e+01,-5.2424737053e+00,1.9549365806e+02,2.0211212001e+02,-2.3624512196e+01,2.0211212001e+02,2.3624512196e+01,0.0000000000e+00,nan,nan,nan,nan,nan,nan
-2.7136922533e-04,5.4033827686e-05,3.1320722105e+01,3.8669049855e+01,-1.0690082912e+01,7.6208790989e+01,5.4314485593e+01,-3.3683846398e+01,5.4314485595e+01,3.3683846399e+01,0.0000000000e+00,nan,nan,nan,nan,nan,nan
3.2246624040e-04,3.1741791912e-05,-8.7147725443e-01,-1.1052557184e+01,-6.5764341443e+00,1.9767990115e+01,7.6890987152e+00,-1.5137010114e+01,7.6890987151e+00,1.5137010114e+01,0.0000000000e+00,nan,nan,nan,nan,nan,nan
3.1095140743e-04,8.2079615959e-05,-3.1489069172e+00,-9.6290725723e+00,-5.0054298106e+00,1.6753606011e+01,5.5955305763e+00,-1.3749867304e+01,5.5955305763e+00,1.3749867304e+01,0.0000000000e+00,nan,nan,nan,nan,nan,nan
2.7711516790e-04,2.6451858093e-05,1.1647323079e+01,-1.3402905697e+01,-1.0672649784e+01,3.0244080788e+01,1.7948764831e+01,-1.6974091537e+01,1.7948620878e+01,1.6974091537e+01,0.0000000000e+00,nan,nan,nan,nan,nan,nan
-1.7557740260e-04,8.7727872037e-05,1.2677112304e+01,1.8948922376e+01,-2.8397108564e+01,4.8397003942e+01,2.0082025124e+01,-3.5802021384e+01,2.0082025301e+01,3.5802021384e+01,0.0000000000e+00,nan,nan,nan,nan,nan,nan
2.5822513164e-04,1.1573361118e-04,-2.6217311664e+00,-7.2815598529e+00,-9.4245250227e+00,1.3919664655e+01,2.0133940413e+00,-1.4059650230e+01,2.0133869478e+00,1.4059650230e+01,0.0000000000e+00,nan,nan,nan,nan,nan,nan
1.7087568927e-04,9.1346146385e-05,-6.0491324214e+00,-1.5325094942e+00,-1.6789430480e+01,9.6758005333e+00,-5.8329554076e+00,-1.7005607493e+01,-1.0354880835e-03,1.7005607493e+01,0.0000000000e+00,nan,nan,nan,nan,nan,nan
2.8292979138e-04,3.3967160487e-05,-1.7609808026e+00,-7.1524821267e+00,-1.2684028216e+01,1.5583608416e+01,1.7746960047e+00,-1.6219705024e+01,1.7746957644e+00,1.6219705024e+01,0.0000000000e+00,nan,nan,nan,nan,nan,nan
2.8623486281e-04,3.0957688685e-05,-1.6404140808e+00,-7.2425868585e+00,-1.2700482036e+01,1.5781002487e+01,1.9407179756e+00,-1.6281614092e+01,1.9407271800e+00,1.6281614092e+01,0.0000000000e+00,nan,nan,nan,nan,nan,nan
1.7479036569e-04,9.2594262116e-05,-6.5258641991e+00,-1.3909283026e+00,-1.6817637372e+01,9.2357819689e+00,-6.3394695796e+00,-1.7004031991e+01,2.2146648981e-04,1.7004031991e+01,0.0000000000e+00,nan,nan,nan,nan,nan,nan
3.0081302099e-04,9.1437708956e-05,-3.1257405016e+00,-9.0150655257e+00,-6.1030093352e+00,1.5824672377e+01,4.5220039382e+00,-1.3750753775e+01,4.5220039380e+00,1.3750753775e+01,0.0000000000e+00,nan,nan,nan,nan,nan,nan
-2.7631508312e-04,5.3304236138e-05,3.0575441581e+01,3.8403321526e+01,-9.2647393087e+00,7.4918540635e+01,5.3909590740e+01,-3.2598888467e+01,5.3909590740e+01,3.2598888467e+01,0.0000000000e+00,nan,nan,nan,nan,nan,nan
-2.7957485295e-04,4.9382816800e-05,4.1172873136e+01,3.9764660650e+01,-7.6144525684e+00,8.0788688026e+01,6.3422581057e+01,-2.9864160493e+01,6.3422581054e+01,2.9864160492e+01,0.0000000000e+00,nan,nan,nan,nan,nan,nan
-2.8114002517e-04,1.7401287457e-05,1.7599392199e+02,6.3301896183e+01,2.0289185196e+00,1.8632174280e+02,1.9658432861e+02,-1.8561488106e+01,1.9658432861e+02,1.8561488106e+01,0.0000000000e+00,nan,nan,nan,nan,nan,nan
-2.8451066827e-04,1.5752243986e-05,1.8472387645e+02,6.5660665101e+01,4.5671449628e+00,1.9306217339e+02,2.0611000848e+02,-1.6818987071e+01,2.0611000848e+02,1.6818987071e+01,0.0000000000e+00,nan,nan,nan,nan,nan,nan
2.4982977534e-04,8.4549679053e-05,-3.6476985038e+00,-6.0162701845e+00,-1.1854274605e+01,1.2612053786e+01,-4.6941390592e-01,-1.5032559203e+01,9.8295517474e-03,1.5032559203e+01,0.0000000000e+00,nan,nan,nan,nan,nan,nan
2.7962067338e-04,3.6957878849e-05,-1.9634630036e+00,-6.9322183087e+00,-1.2836971965e+01,1.5254711148e+01,1.4070941037e+00,-1.6207529072e+01,1.4069553900e+00,1.6207529072e+01,0.0000000000e+00,nan,nan,nan,nan,nan,nan
-1.8571807159e-04,8.6718511096e-05,1.1246472916e+01,2.0251142087e+01,-2.7270241319e+01,4.8401690339e+01,1.9932844745e+01,-3.5956613148e+01,1.9932844748e+01,3.5956613148e+01,0.0000000000e+00,nan,nan,nan,nan,nan,nan
2.9039957895e-04,3.1527865816e-05,-1.4971015511e+00,-7.8416834024e+00,-1.1999294899e+01,1.6341313112e+01,2.6864632989e+00,-1.6182859749e+01,2.6864625581e+00,1.6182859749e+01,0.0000000000e+00,nan,nan,nan,nan,nan,nan
-1.9048874915e-04,8.5165022154e-05,1.1805990093e+01,2.1142932512e+01,-2.6796858931e+01,4.9582571404e+01,2.1131076529e+01,-3.6121945366e+01,2.1131076530e+01,3.6121945366e+01,0.0000000000e+00,nan,nan,nan,nan,nan,nan
3.1481872277e-04,8.2811198842e-05,-3.3079537406e+00,-9.7334775091e+00,-4.3744488802e+00,1.6882289708e+01,5.9057931972e+00,-1.3588195818e+01,5.9057931972e+00,1.3588195818e+01,0.0000000000e+00,nan,nan,nan,nan,nan,nan
2.6167748079e-04,1.1284400982e-04,-2.7101609902e+00,-7.3892834049e+00,-9.2668363505e+00,1.4001110061e+01,2.0950459921e+00,-1.4072043333e+01,2.0950349497e+00,1.4072043333e+01,0.0000000000e+00,nan,nan,nan,nan,nan,nan
2.5871346198e-04,1.1954309286e-04,-2.4426051467e+00,-7.3234803440e+00,-9.2536881976e+00,1.3988498180e+01,2.2281165176e+00,-1.3924409862e+01,2.2281158208e+00,1.3924409862e+01,0.0000000000e+00,nan,nan,nan,nan,nan,nan
2.9062689476e-04,1.0061373582e-04,-3.0199448315e+00,-8.4926143967e+00,-7.0061810998e+00,1.5108284882e+01,3.7097093781e+00,-1.3735835309e+01,3.7097093753e+00,1.3735835309e+01,0.0000000000e+00,nan,nan,nan,nan,nan,nan
-2.9068192212e-04,1.6418119639e-05,1.7283505946e+02,6.5596648143e+01,5.6178216196e+00,1.8406108660e+02,1.9549415844e+02,-1.7041277360e+01,1.9549415844e+02,1.7041277360e+01,0.0000000000e+00,nan,nan,nan,nan,nan,nan
-2.8121558832e-04,5.2705089972e-05,2.9791408206e+01,3.7820644285e+01,-7.9495659060e+00,7.3191183733e+01,5.3177870780e+01,-3.1336028480e+01,5.3177870780e+01,3.1336028480e+01,0.0000000000e+00,nan,nan,nan,nan,nan,nan
-2.8457376720e-04,4.8827329737e-05,4.0994759808e+01,3.8551587955e+01,-6.1401367987e+00,7.8245841481e+01,6.2602569146e+01,-2.7747946137e+01,6.2602569146e+01,2.7747946137e+01,0.0000000000e+00,nan,nan,nan,nan,nan,nan
3.2579629554e-04,2.8436363390e-05,-7.4158665159e-01,-1.1373211930e+01,-6.1931787141e+00,2.0253807765e+01,8.2261586825e+00,-1.5160924048e+01,8.2261586825e+00,1.5160924048e+01,0.0000000000e+00,nan,nan,nan,nan,nan,nan
3.2984195112e-04,2.8792230269e-05,-6.7017795938e-01,-1.1866987997e+01,-5.1237893441e+00,2.0909514821e+01,9.1751303589e+00,-1.4969097662e+01,9.1751303589e+00,1.4969097662e+01,0.0000000000e+00,nan,nan,nan,nan,nan,nan
2.9284291552e-04,2.4872448239e-05,-1.7193196130e+00,-7.7138144193e+00,-1.2532166177e+01,1.6315227932e+01,2.2938583432e+00,-1.6545344133e+01,2.2938588196e+00,1.6545344133e+01,0.0000000000e+00,nan,nan,nan,nan,nan,nan
2.9701664672e-04,2.5386232608e-05,-1.1543914111e+00,-8.3083477293e+00,-1.1643649845e+01,1.7015292951e+01,3.4247633375e+00,-1.6222804593e+01,3.4247631773e+00,1.6222804593e+01,0.0000000000e+00,nan,nan,nan,nan,nan,nan
2.8566761258e-04,9.2131376196e-05,-2.9447596881e+00,-8.3704463364e+00,-7.9018865324e+00,1.5119234848e+01,3.3057711993e+00,-1.4152417420e+01,3.3057712273e+00,1.4152417420e+01,0.0000000000e+00,nan,nan,nan,nan,nan,nan
2.8226280040e-04,9.5142076008e-05,-2.9465651522e+00,-8.2036092047e+00,-8.1312668559e+00,1.4900669032e+01,3.0639892729e+00,-1.4141821281e+01,3.0639894456e+00,1.4141821281e+01,0.0000000000e+00,nan,nan,nan,nan,nan,nan
2.4243002655e-04,8.6461330483e-05,-3.9250528786e+00,-5.5552910287e+00,-1.2332730789e+01,1.2065078357e+01,-1.1631155963e+00,-1.5094668071e+01,1.9384988024e-05,1.5094668071e+01,0.0000000000e+00,nan,nan,nan,nan,nan,nan
1.6699685837e-04,9.0114060998e-05,-5.4630987743e+00,-1.7187888372e+00,-1.6755115826e+01,1.0225767095e+01,-5.2052579196e+00,-1.7012956691e+01,2.8535186940e-03,1.7012956692e+01,0.0000000000e+00,nan,nan,nan,nan,nan,nan
1.6373712156e-04,9.2481526829e-05,-5.7127235544e+00,-1.5786049916e+00,-1.6790988610e+01,9.9798350095e+00,-5.4899956521e+00,-1.7013716510e+01,2.8884096328e-04,1.7013716510e+01,0.0000000000e+00,nan,nan,nan,nan,nan,nan
-1.6787835897e-04,7.2848519534e-05,3.5020942835e+01,2.1043799526e+01,-3.1589074581e+01,6.8234105933e+01,4.1110913555e+01,-3.7679045302e+01,4.1110913555e+01,3.7679045302e+01,0.0000000000e+00,nan,nan,nan,nan,nan,nan
-1.6635497077e-04,6.8828603302e-05,4.1768850274e+01,2.1487323862e+01,-3.2563839801e+01,7.4355927967e+01,4.7531920264e+01,-3.8326909791e+01,4.7531920264e+01,3.8326909791e+01,0.0000000000e+00,nan,nan,nan,nan,nan,nan
-1.7295456958e-04,6.3390701648e-05,5.0076245146e+01,2.3818850507e+01,-3.2743901442e+01,8.2740647657e+01,5.6436507049e+01,-3.9104163346e+01,5.6436507049e+01,3.9104163346e+01,0.0000000000e+00,nan,nan,nan,nan,nan,nan
-1.7144658355e-04,5.9494146826e-05,5.7695134831e+01,2.4155507147e+01,-3.3826739448e+01,8.9622833874e+01,6.3677964954e+01,-3.9809569571e+01,6.3677964954e+01,3.9809569571e+01,0.0000000000e+00,nan,nan,nan,nan,nan,nan
-1.7152717884e-04,9.1511014680e-05,9.1331190723e+00,1.7624739965e+01,-2.8444823735e+01,4.4617928898e+01,1.6104320929e+01,-3.5416025591e+01,1.6104319504e+01,3.5416025591e+01,0.0000000000e+00,nan,nan,nan,nan,nan,nan
2.4305162330e-04,9.0217992498e-05,-3.8487458018e+00,-5.7560835273e+00,-1.2013160288e+01,1.2221326168e+01,-8.7496709212e-01,-1.4986938998e+01,-2.5705393927e-03,1.4986938998e+01,0.0000000000e+00,nan,nan,nan,nan,nan,nan
1.6431136550e-04,9.6107064721e-05,-6.4896475528e+00,-1.3020715081e+00,-1.6845772099e+01,9.2516147455e+00,-6.3262875622e+00,-1.7009132090e+01,1.3962820313e-04,1.7009132090e+01,0.0000000000e+00,nan,nan,nan,nan,nan,nan
-2.9374420032e-04,1.6804569000e-05,1.6520784285e+02,6.4825775265e+01,5.9758846398e+00,1.7782672408e+02,1.8826017076e+02,-1.7076443271e+01,1.8826017076e+02,1.7076443271e+01,0.0000000000e+00,nan,nan,nan,nan,nan,nan
-2.9746837164e-04,1.5075851356e-05,1.7349288469e+02,6.7230304885e+01,6.6544275810e+00,1.8556568722e+02,1.9721005561e+02,-1.7062743335e+01,1.9721005561e+02,1.7062743335e+01,0.0000000000e+00,nan,nan,nan,nan,nan,nan
-3.0370446626e-04,1.5935320331e-05,1.5474016405e+02,6.4290742947e+01,6.9859785845e+00,1.6962523752e+02,1.7879624786e+02,-1.7070105230e+01,1.7879624786e+02,1.7070105230e+01,0.0000000000e+00,nan,nan,nan,nan,nan,nan
-2.8952580441e-04,4.8440536075e-05,4.1191754462e+01,3.6749537513e+01,-4.8816442190e+00,7.5105426017e+01,6.1517193050e+01,-2.5207082807e+01,6.1517193050e+01,2.5207082807e+01,0.0000000000e+00,nan,nan,nan,nan,nan,nan
3.2202080818e-04,8.0354951130e-05,-3.5198561555e+00,-1.0026435374e+01,-3.2402955589e+00,1.7365781153e+01,6.6460625662e+00,-1.3406214281e+01,6.6460625662e+00,1.3406214281e+01,0.0000000000e+00,nan,nan,nan,nan,nan,nan
-2.9443111740e-04,4.8249625596e-05,4.1986378221e+01,3.4491452879e+01,-3.9510939641e+00,7.1727474655e+01,6.0429518929e+01,-2.2394234672e+01,6.0429518929e+01,2.2394234672e+01,0.0000000000e+00,nan,nan,nan,nan,nan,nan
-1.9366485284e-04,8.7712950621e-05,7.5631300634e+00,2.0573592932e+01,-2.6193986812e+01,4.6089160049e+01,1.7294160587e+01,-3.5925017335e+01,1.7294160588e+01,3.5925017335e+01,0.0000000000e+00,nan,nan,nan,nan,nan,nan
3.2154021689e-04,7.6428536522e-05,-3.3144601262e+00,-1.0199403412e+01,-3.4258678793e+00,1.7663874003e+01,6.8280784077e+00,-1.3568406413e+01,6.8280784077e+00,1.3568406413e+01,0.0000000000e+00,nan,nan,nan,nan,nan,nan
3.2537016170e-04,7.7136362995e-05,-3.5385684761e+00,-1.0260994742e+01,-2.7068228665e+00,1.7784722502e+01,7.1453186527e+00,-1.3390709995e+01,7.1453186527e+00,1.3390709995e+01,0.0000000000e+00,nan,nan,nan,nan,nan,nan
3.2489377274e-04,7.3200179056e-05,-3.3064619087e+00,-1.0452032994e+01,-2.8950450780e+00,1.8104440956e+01,7.3518503660e+00,-1.3553357353e+01,7.3518503660e+00,1.3553357353e+01,0.0000000000e+00,nan,nan,nan,nan,nan,nan
3.2871408224e-04,7.3892343853e-05,-3.5511540727e+00,-1.0507977315e+01,-2.1302762096e+00,1.8239201674e+01,7.6896928552e+00,-1.3371123137e+01,7.6896928552e+00,1.3371123137e+01,0.0000000000e+00,nan,nan,nan,nan,nan,nan
3.3158663643e-04,6.6662980915e-05,-3.2680162998e+00,-1.1001192954e+01,-1.6969367469e+00,1.9100034695e+01,8.5449336496e+00,-1.3509886696e+01,8.5449336496e+00,1.3509886696e+01,0.0000000000e+00,nan,nan,nan,nan,nan,nan
3.3538558051e-04,6.7322621949e-05,-3.5585690600e+00,-1.1042054524e+01,-8.2620354934e-01,1.9267888021e+01,8.9319340310e+00,-1.3316706640e+01,8.9319340310e+00,1.3316706640e+01,0.0000000000e+00,nan,nan,nan,nan,nan,nan
3.3492601518e-04,6.3351474859e-05,-3.2372521827e+00,-1.1299574328e+01,-1.0178523820e+00,1.9662128219e+01,9.2243827380e+00,-1.3479487303e+01,9.2243827380e+00,1.3479487303e+01,0.0000000000e+00,nan,nan,nan,nan,nan,nan
3.3871288665e-04,6.3993978865e-05,-3.5533232312e+00,-1.1330460857e+01,-8.5644936239e-02,1.9849647354e+01,9.6407151591e+00,-1.3279683327e+01,9.6407151591e+00,1.3279683327e+01,0.0000000000e+00,nan,nan,nan,nan,nan,nan
3.3826029066e-04,6.0008818400e-05,-3.1981229293e+00,-1.1614960445e+01,-2.7602623164e-01,2.0272371431e+01,9.9671845223e+00,-1.3441333683e+01,9.9671845223e+00,1.3441333683e+01,0.0000000000e+00,nan,nan,nan,nan,nan,nan
3.4534930324e-04,5.7240309057e-05,-3.5223991487e+00,-1.1952501470e+01,1.6129493352e+00,2.1169960193e+01,1.1267757309e+01,-1.3177207123e+01,1.1267757309e+01,1.3177207123e+01,0.0000000000e+00,nan,nan,nan,nan,nan,nan
3.4491298194e-04,5.3222714637e-05,-3.0898962748e+00,-1.2299096817e+01,1.4309473827e+00,2.1654600452e+01,1.1672814954e+01,-1.3331763846e+01,1.1672814954e+01,1.3331763846e+01,0.0000000000e+00,nan,nan,nan,nan,nan,nan
3.4865751768e-04,5.3811593203e-05,-3.4938690311e+00,-1.2286680905e+01,2.5907305316e+00,2.1918551512e+01,1.2203112366e+01,-1.3106250865e+01,1.2203112366e+01,1.3106250865e+01,0.0000000000e+00,nan,nan,nan,nan,nan,nan
3.4823040725e-04,4.9774669186e-05,-3.0157986992e+00,-1.2668411187e+01,2.4163870703e+00,2.2435534452e+01,1.2653456041e+01,-1.3252867670e+01,1.2653456041e+01,1.3252867670e+01,0.0000000000e+00,nan,nan,nan,nan,nan,nan
3.5195849568e-04,5.0345203460e-05,-3.4527444972e+00,-1.2636539472e+01,3.6694638515e+00,2.2733683792e+01,1.3233658134e+01,-1.3016938780e+01,1.3233658134e+01,1.3016938779e+01,0.0000000000e+00,nan,nan,nan,nan,nan,nan
3.5154074526e-04,4.6286082421e-05,-2.9220519463e+00,-1.3055892094e+01,3.5049273065e+00,2.3282267634e+01,1.3733461166e+01,-1.3150585806e+01,1.3733461166e+01,1.3150585806e+01,0.0000000000e+00,nan,nan,nan,nan,nan,nan
3.4778815576e-04,4.5766996857e-05,-2.5174769763e+00,-1.3008002576e+01,2.1586974880e+00,2.2886017237e+01,1.3033858469e+01,-1.3392637957e+01,1.3033858469e+01,1.3392637956e+01,0.0000000000e+00,nan,nan,nan,nan,nan,nan
3.5441836327e-04,3.8708172707e-05,-2.1855077106e+00,-1.3856128475e+01,4.4470257847e+00,2.4670445580e+01,1.5374247434e+01,-1.3112729360e+01,1.5374247434e+01,1.3112729361e+01,0.0000000000e+00,nan,nan,nan,nan,nan,nan
3.5396488574e-04,3.4701326788e-05,-1.5754562815e+00,-1.4163329884e+01,4.0725400733e+00,2.5007776814e+01,1.5686788571e+01,-1.3189704779e+01,1.5686788571e+01,1.3189704819e+01,0.0000000000e+00,nan,nan,nan,nan,nan,nan
3.5772450185e-04,3.5110018863e-05,-1.9454028236e+00,-1.4302008114e+01,5.7726846965e+00,2.5650162144e+01,1.6722768955e+01,-1.2895487082e+01,1.6722768955e+01,1.2895487009e+01,0.0000000000e+00,nan,nan,nan,nan,nan,nan
3.5727398087e-04,3.1084047501e-05,-1.2645445937e+00,-1.4603539014e+01,5.3710288504e+00,2.5931449522e+01,1.7024771490e+01,-1.2918287233e+01,1.7024771490e+01,1.2918287080e+01,0.0000000000e+00,nan,nan,nan,nan,nan,nan
3.5347693749e-04,3.0736734818e-05,-1.0065218665e+00,-1.4362041970e+01,3.5924622613e+00,2.5186231764e+01,1.5834247886e+01,-1.3248307491e+01,1.5834247886e+01,1.3248307495e+01,0.0000000000e+00,nan,nan,nan,nan,nan,nan
3.6102276873e-04,3.1462558812e-05,-1.6232625879e+00,-1.4760283156e+01,7.2284282406e+00,2.6681846640e+01,1.8207354166e+01,-1.2602188514e+01,1.8207354166e+01,1.2602189101e+01,0.0000000000e+00,nan,nan,nan,nan,nan,nan
-1.6260267387e-04,6.6689618650e-05,4.5994686409e+01,2.1076967729e+01,-3.3502283009e+01,7.7924428362e+01,5.1235891391e+01,-3.8743487991e+01,5.1235891391e+01,3.8743487991e+01,0.0000000000e+00,nan,nan,nan,nan,nan,nan
-1.5485310517e-04,6.2538161516e-05,5.4364098321e+01,1.9979703665e+01,-3.5389624231e+01,8.5082533830e+01,5.8609660854e+01,-3.9635186765e+01,5.8609660854e+01,3.9635186765e+01,0.0000000000e+00,nan,nan,nan,nan,nan,nan
-1.4872434032e-04,6.2306927503e-05,5.5493906649e+01,1.8628676550e+01,-3.6166482845e+01,8.5685433201e+01,5.9134219826e+01,-3.9806796022e+01,5.9134219826e+01,3.9806796022e+01,0.0000000000e+00,nan,nan,nan,nan,nan,nan
-1.4564364081e-04,6.2202561624e-05,5.6006118710e+01,1.7943828854e+01,-3.6534848578e+01,8.5956472502e+01,5.9362627604e+01,-3.9891357472e+01,5.9362627604e+01,3.9891357472e+01,0.0000000000e+00,nan,nan,nan,nan,nan,nan
-1.4048176162e-04,6.3889701458e-05,5.3548459214e+01,1.6618260389e+01,-3.6704911042e+01,8.3291494840e+01,5.6510141053e+01,-3.9666592881e+01,5.6510141053e+01,3.9666592881e+01,0.0000000000e+00,nan,nan,nan,nan,nan,nan
-1.3431041834e-04,6.3698321904e-05,5.4428422990e+01,1.5257337924e+01,-3.7358645797e+01,8.3766001012e+01,5.6897211830e+01,-3.9827434637e+01,5.6897211830e+01,3.9827434637e+01,0.0000000000e+00,nan,nan,nan,nan,nan,nan
-1.3121183854e-04,6.3610366326e-05,5.4829350192e+01,1.4572008496e+01,-3.7667115281e+01,8.3984932991e+01,5.7069841126e+01,-3.9907606214e+01,5.7069841126e+01,3.9907606214e+01,0.0000000000e+00,nan,nan,nan,nan,nan,nan
-1.2697679626e-04,6.1663967007e-05,5.8537224196e+01,1.3762573216e+01,-3.8479746831e+01,8.7333783435e+01,6.0450922058e+01,-4.0393444693e+01,6.0450922058e+01,4.0393444693e+01,0.0000000000e+00,nan,nan,nan,nan,nan,nan
-1.2187134195e-04,6.3373219767e-05,5.5894780760e+01,1.2504871379e+01,-3.8519799283e+01,8.4584052348e+01,5.7522116130e+01,-4.0147134653e+01,5.7522116130e+01,4.0147134653e+01,0.0000000000e+00,nan,nan,nan,nan,nan,nan
-1.1874416783e-04,6.3302912418e-05,5.6207502199e+01,1.1814070984e+01,-3.8779812865e+01,8.4766900951e+01,5.7654037750e+01,-4.0226348416e+01,5.7654037750e+01,4.0226348416e+01,0.0000000000e+00,nan,nan,nan,nan,nan,nan
-1.1247165438e-04,6.3174440053e-05,5.6776139658e+01,1.0433333209e+01,-3.9263583153e+01,8.5112074960e+01,5.7895757641e+01,-4.0383201137e+01,5.7895757641e+01,4.0383201137e+01,0.0000000000e+00,nan,nan,nan,nan,nan,nan
-1.0932704625e-04,6.3115911564e-05,5.7034208831e+01,9.7444986436e+00,-3.9487294841e+01,8.5275747081e+01,5.8007432528e+01,-4.0460518537e+01,5.8007432528e+01,4.0460518537e+01,0.0000000000e+00,nan,nan,nan,nan,nan,nan
-1.0302274147e-04,6.3011275854e-05,5.7499743116e+01,8.3725700079e+00,-3.9897689878e+01,8.5585007165e+01,5.8213553544e+01,-4.0611500307e+01,5.8213553544e+01,4.0611500307e+01,0.0000000000e+00,nan,nan,nan,nan,nan,nan
-9.9863764009e-05,6.2964921576e-05,5.7708920506e+01,7.6906087033e+00,-4.0084157396e+01,8.5731297889e+01,5.8309369469e+01,-4.0684606359e+01,5.8309369469e+01,4.0684606359e+01,0.0000000000e+00,nan,nan,nan,nan,nan,nan
-9.3533819899e-05,6.2884009251e-05,5.8083212034e+01,6.3375670095e+00,-4.0418749627e+01,8.6007484169e+01,5.8488675341e+01,-4.0824212933e+01,5.8488675341e+01,4.0824212933e+01,0.0000000000e+00,nan,nan,nan,nan,nan,nan
-9.0363502945e-05,6.2849468592e-05,5.8249314240e+01,5.6676818416e+00,-4.0566393819e+01,8.6137085813e+01,5.8572729891e+01,-4.0889809471e+01,5.8572729891e+01,4.0889809471e+01,0.0000000000e+00,nan,nan,nan,nan,nan,nan
-8.7189831295e-05,6.2821486360e-05,5.8397470314e+01,5.0029367875e+00,-4.0700023122e+01,8.6256302629e+01,5.8648823138e+01,-4.0951375946e+01,5.8648823138e+01,4.0951375946e+01,0.0000000000e+00,nan,nan,nan,nan,nan,nan
-8.0834883873e-05,6.2772988252e-05,5.8662327139e+01,3.6921459843e+00,-4.0926293801e+01,8.6482102815e+01,5.8798482010e+01,-4.1062448671e+01,5.8798482010e+01,4.1062448671e+01,0.0000000000e+00,nan,nan,nan,nan,nan,nan
-7.7654006396e-05,6.2755186934e-05,5.8774954919e+01,3.0473892846e+00,-4.1017555402e+01,8.6582970457e+01,5.8867401059e+01,-4.1110001542e+01,5.8867401059e+01,4.1110001542e+01,0.0000000000e+00,nan,nan,nan,nan,nan,nan
-7.1287130093e-05,6.2732039165e-05,5.8962233532e+01,1.7829615487e+00,-4.1153795302e+01,8.6757160079e+01,5.8993488840e+01,-4.1185050610e+01,5.8993488840e+01,4.1185050609e+01,0.0000000000e+00,nan,nan,nan,nan,nan,nan
-6.8101755680e-05,6.2727764592e-05,5.9035187652e+01,1.1649133760e+00,-4.1197379268e+01,8.6826579039e+01,5.9048252973e+01,-4.1210444589e+01,5.9048252973e+01,4.1210444589e+01,0.0000000000e+00,nan,nan,nan,nan,nan,nan
-6.3323214215e-05,6.4529097958e-05,5.6011952133e+01,2.2861055516e-01,-4.0894607002e+01,8.3923699861e+01,5.6012043272e+01,-4.0894698141e+01,5.6012043272e+01,4.0894698141e+01,0.0000000000e+00,nan,nan,nan,nan,nan,nan
-5.8542037687e-05,6.2743984721e-05,5.9170642379e+01,-6.2182436764e-01,-4.1221010400e+01,8.6947670587e+01,5.9174077009e+01,-4.1224445029e+01,5.9174077009e+01,4.1224445029e+01,0.0000000000e+00,nan,nan,nan,nan,nan,nan
-5.5355432612e-05,6.2760100222e-05,5.9185404558e+01,-1.1916945623e+00,-4.1190011800e+01,8.6951469428e+01,5.9199150660e+01,-4.1203757902e+01,5.9199150660e+01,4.1203757902e+01,0.0000000000e+00,nan,nan,nan,nan,nan,nan
-4.8984378162e-05,6.2809307853e-05,5.9165138902e+01,-2.2865813227e+00,-4.1063064095e+01,8.6889845558e+01,5.9216913126e+01,-4.1114838319e+01,5.9216913126e+01,4.1114838319e+01,0.0000000000e+00,nan,nan,nan,nan,nan,nan
-4.5800717143e-05,6.2843436397e-05,5.9126993128e+01,-2.8093410312e+00,-4.0964389310e+01,8.6817545315e+01,5.9205435067e+01,-4.1042831248e+01,5.9205435067e+01,4.1042831248e+01,0.0000000000e+00,nan,nan,nan,nan,nan,nan
-3.9439173463e-05,6.2931711247e-05,5.8988477206e+01,-3.7996532298e+00,-4.0688932823e+01,8.6573138368e+01,5.9132796933e+01,-4.0833252550e+01,5.9132796933e+01,4.0833252550e+01,0.0000000000e+00,nan,nan,nan,nan,nan,nan
-3.6262205858e-05,6.2987102074e-05,5.8883680843e+01,-4.2647239001e+00,-4.0508570076e+01,8.6392072281e+01,5.9066041571e+01,-4.0690930803e+01,5.9066041571e+01,4.0690930803e+01,0.0000000000e+00,nan,nan,nan,nan,nan,nan
-3.3088204559e-05,6.3048595494e-05,5.8755815107e+01,-4.7081430392e+00,-4.0297327075e+01,8.6168799374e+01,5.8978823530e+01,-4.0520335498e+01,5.8978823530e+01,4.0520335498e+01,0.0000000000e+00,nan,nan,nan,nan,nan,nan
-2.6752091484e-05,6.3200960554e-05,5.8404655530e+01,-5.5247367827e+00,-3.9772022041e+01,8.5559875833e+01,5.8714334088e+01,-4.0081700600e+01,5.8714334088e+01,4.0081700600e+01,0.0000000000e+00,nan,nan,nan,nan,nan,nan
-2.3590534368e-05,6.3288426911e-05,5.8183389642e+01,-5.8955843125e+00,-3.9453322975e+01,8.5169860481e+01,5.8537875208e+01,-3.9807808542e+01,5.8537875208e+01,3.9807808542e+01,0.0000000000e+00,nan,nan,nan,nan,nan,nan
-1.7284526089e-05,6.3497142785e-05,5.7617967403e+01,-6.5560680224e+00,-3.8688560515e+01,8.4173056195e+01,5.8062040096e+01,-3.9132633208e+01,5.8062040096e+01,3.9132633208e+01,0.0000000000e+00,nan,nan,nan,nan,nan,nan
-1.4140678755e-05,6.3615109867e-05,5.7273941350e+01,-6.8437614942e+00,-3.8236263914e+01,8.3559043999e+01,5.7761675264e+01,-3.8723997828e+01,5.7761675264e+01,3.8723997828e+01,0.0000000000e+00,nan,nan,nan,nan,nan,nan
-4.7564687782e-06,6.4043612478e-05,5.5921217481e+01,-7.5248541671e+00,-3.6553704885e+01,8.1139067346e+01,5.6529418673e+01,-3.7161906076e+01,5.6529418673e+01,3.7161906076e+01,0.0000000000e+00,nan,nan,nan,nan,nan,nan
8.6748253984e-06,6.6766642163e-05,4.9819728095e+01,-7.7017502075e+00,-3.3012043492e+01,7.2964148622e+01,5.0529713150e+01,-3.3722028546e+01,5.0529713150e+01,3.3722028546e+01,0.0000000000e+00,nan,nan,nan,nan,nan,nan
1.4731786074e-05,6.7269617938e-05,4.7912415681e+01,-7.6253748735e+00,-3.0906820710e+01,6.9525369643e+01,4.8643288365e+01,-3.1637693393e+01,4.8643288365e+01,3.1637693394e+01,0.0000000000e+00,nan,nan,nan,nan,nan,nan
1.7736292609e-05,6.7548823635e-05,4.6801455351e+01,-7.5358578468e+00,-2.9702829245e+01,6.7527934703e+01,4.7536584332e+01,-3.0437958226e+01,4.7536584332e+01,3.0437958226e+01,0.0000000000e+00,nan,nan,nan,nan,nan,nan
2.3690600588e-05,6.8165701943e-05,4.4216929159e+01,-7.2641818983e+00,-2.6951936003e+01,6.2904666553e+01,4.4950522746e+01,-2.7685529590e+01,4.4950522746e+01,2.7685529590e+01,0.0000000000e+00,nan,nan,nan,nan,nan,nan
2.6637178809e-05,6.8505570381e-05,4.2733927809e+01,-7.0858316069e+00,-2.5372614852e+01,6.0244610699e+01,4.3462898683e+01,-2.6101585726e+01,4.3462898683e+01,2.6101585726e+01,0.0000000000e+00,nan,nan,nan,nan,nan,nan
3.1610556693e-05,6.7135617370e-05,4.2734656821e+01,-7.6267849019e+00,-2.2262676103e+01,5.7817939897e+01,4.3617193522e+01,-2.3145212805e+01,4.3617193522e+01,2.3145212805e+01,0.0000000000e+00,nan,nan,nan,nan,nan,nan
3.7450486270e-05,6.7924703782e-05,3.9396173097e+01,-6.8255953425e+00,-2.1938952321e+01,5.4418585502e+01,4.0147195377e+01,-2.2689974600e+01,4.0147195377e+01,2.2689974600e+01,0.0000000000e+00,nan,nan,nan,nan,nan,nan
4.0389146930e-05,6.8352212898e-05,3.7553860804e+01,-6.4043655602e+00,-2.1986005940e+01,5.2743750021e+01,3.8235545705e+01,-2.2667690841e+01,3.8235545705e+01,2.2667690841e+01,0.0000000000e+00,nan,nan,nan,nan,nan,nan
5.0053450133e-05,7.2065664186e-05,2.9158239617e+01,-4.3581410380e+00,-2.2251315345e+01,4.5159218043e+01,2.9526148829e+01,-2.2619224557e+01,2.9526148829e+01,2.2619224557e+01,0.0000000000e+00,nan,nan,nan,nan,nan,nan
5.3036697745e-05,7.2625784400e-05,2.7473207534e+01,-4.0082264346e+00,-2.2288085617e+01,4.3652233660e+01,2.7795189813e+01,-2.2610067896e+01,2.7795189813e+01,2.2610067896e+01,0.0000000000e+00,nan,nan,nan,nan,nan,nan
5.8326411706e-05,7.1457815297e-05,2.7029020341e+01,-4.1378433294e+00,-2.2269253224e+01,4.3293368167e+01,2.7375321324e+01,-2.2615554207e+01,2.7375321324e+01,2.2615554207e+01,0.0000000000e+00,nan,nan,nan,nan,nan,nan
6.4450096752e-05,7.2711721359e-05,2.3704961597e+01,-3.4610134600e+00,-2.2350889224e+01,4.0336544804e+01,2.3965351187e+01,-2.2611278815e+01,2.3965351189e+01,2.2611278815e+01,0.0000000000e+00,nan,nan,nan,nan,nan,nan
6.7546194925e-05,7.3379571323e-05,2.2053124619e+01,-3.1289240928e+00,-2.2394551314e+01,3.8875659938e+01,2.2274159382e+01,-2.2615586077e+01,2.2274159377e+01,2.2615586077e+01,0.0000000000e+00,nan,nan,nan,nan,nan,nan
6.8235839806e-05,7.5854471330e-05,1.9377230487e+01,-2.4000024720e+00,-2.2458861974e+01,3.6472332411e+01,1.9516495192e+01,-2.2598126679e+01,1.9516495212e+01,2.2598126679e+01,0.0000000000e+00,nan,nan,nan,nan,nan,nan
7.1340304412e-05,7.6588440543e-05,1.7814571462e+01,-2.1052623377e+00,-2.2493436734e+01,3.5101487460e+01,1.7926420598e+01,-2.2605285869e+01,1.7926420526e+01,2.2605285869e+01,0.0000000000e+00,nan,nan,nan,nan,nan,nan
7.7630667431e-05,7.8158075265e-05,1.4742197914e+01,-1.5474905779e+00,-2.2562694429e+01,3.2422340308e+01,1.4808798647e+01,-2.2629295162e+01,1.4808798185e+01,2.2629295162e+01,0.0000000000e+00,nan,nan,nan,nan,nan,nan
8.0183813380e-05,7.6362012422e-05,1.5724361436e+01,-1.9230422977e+00,-2.2558205849e+01,3.3324748166e+01,1.5823130118e+01,-2.2656974531e+01,1.5823130326e+01,2.2656974531e+01,0.0000000000e+00,nan,nan,nan,nan,nan,nan
8.6683325293e-05,7.8040163425e-05,1.2685126044e+01,-1.3883590390e+00,-2.2637894249e+01,3.0689617115e+01,1.2742274600e+01,-2.2695042806e+01,1.2742281400e+01,2.2695042806e+01,0.0000000000e+00,nan,nan,nan,nan,nan,nan
-1.4793018930e-05,6.7263572165e-05,5.1118305377e+01,-6.6230381658e+00,-3.8021217173e+01,7.8044496079e+01,5.1607554922e+01,-3.8510466718e+01,5.1607554922e+01,3.8510466718e+01,0.0000000000e+00,nan,nan,nan,nan,nan,nan
-5.5289451781e-06,6.7712081675e-05,4.9862062768e+01,-7.1941702701e+00,-3.6504221842e+01,7.5826090950e+01,5.0457134485e+01,-3.7099293558e+01,5.0457134485e+01,3.7099293558e+01,0.0000000000e+00,nan,nan,nan,nan,nan,nan
3.6523523120e-06,6.8286268784e-05,4.8081475616e+01,-7.4309751062e+00,-3.4435165177e+01,7.2611267352e+01,4.8745289972e+01,-3.5098979532e+01,4.8745289972e+01,3.5098979532e+01,0.0000000000e+00,nan,nan,nan,nan,nan,nan
9.0602393345e-05,8.1685794685e-05,8.9030226471e+00,-5.6933161169e-01,-2.2699943635e+01,2.7391766267e+01,8.9161831339e+00,-2.2713104122e+01,8.9162796076e+00,2.2713104122e+01,0.0000000000e+00,nan,nan,nan,nan,nan,nan
9.3931618391e-05,8.2652181429e-05,7.5159627001e+00,-3.5228485255e-01,-2.2734499506e+01,2.6209952924e+01,7.5230549735e+00,-2.2741591779e+01,7.5227443464e+00,2.2741591779e+01,0.0000000000e+00,nan,nan,nan,nan,nan,nan
2.5146170987e-04,5.2916011198e-05,-3.3641804429e+00,-4.9357458438e+00,-1.4250205807e+01,1.2723545534e+01,-1.4612506860e+00,-1.6153135564e+01,-3.0298970375e-02,1.6153135564e+01,0.0000000000e+00,nan,nan,nan,nan,nan,nan
1.0010633706e-04,8.1787224041e-05,6.9535373733e+00,-4.5615867274e-01,-2.2791958795e+01,2.5777250005e+01,6.9632915183e+00,-2.2801712940e+01,6.9630651161e+00,2.2801712940e+01,0.0000000000e+00,nan,nan,nan,nan,nan,nan
1.0356092729e-04,8.2806072283e-05,5.5994771871e+00,-2.5841927771e-01,-2.2823840512e+01,2.4624390602e+01,5.6047168802e+00,-2.2829080205e+01,5.6065500726e+00,2.2829080205e+01,0.0000000000e+00,nan,nan,nan,nan,nan,nan
1.0416010614e-04,8.5756537710e-05,3.5544417411e+00,2.1470752481e-01,-2.2828643794e+01,2.2856585707e+01,3.5591548843e+00,-2.2833356937e+01,3.5556858968e+00,2.2833356937e+01,0.0000000000e+00,nan,nan,nan,nan,nan,nan
1.0765591935e-04,8.6858572644e-05,2.3246442966e+00,3.7575301395e-01,-2.2849897144e+01,2.1816823976e+01,2.3333227718e+00,-2.2858575619e+01,2.3598253419e+00,2.2858575619e+01,0.0000000000e+00,nan,nan,nan,nan,nan,nan
1.1418785178e-04,8.6058654172e-05,1.8240567639e+00,2.6428982102e-01,-2.2857550877e+01,2.1385359240e+01,1.8300958570e+00,-2.2863589970e+01,1.7938797789e+00,2.2863589970e+01,0.0000000000e+00,nan,nan,nan,nan,nan,nan
1.1782465936e-04,8.7208742923e-05,5.8348048530e-01,4.2908667894e-01,-2.3003917271e+01,2.0441165549e+01,5.9149403986e-01,-2.3011930825e+01,5.5013635480e-01,2.3011930825e+01,0.0000000000e+00,nan,nan,nan,nan,nan,nan
1.1841791117e-04,9.0371501844e-05,-1.2212927355e+00,5.5730496985e-01,-2.2405673042e+01,1.8366433775e+01,-1.2096174049e+00,-2.2417348373e+01,-1.2053457583e-01,2.2417348373e+01,0.0000000000e+00,nan,nan,nan,nan,nan,nan
2.9123166507e-04,3.5145494205e-05,-1.6284834903e+00,-7.9702813238e+00,-1.1544526695e+01,1.6256029529e+01,2.7989179322e+00,-1.5971928117e+01,2.7989160249e+00,1.5971928117e+01,0.0000000000e+00,nan,nan,nan,nan,nan,nan
3.6057565427e-04,2.7417751322e-05,-8.5282756430e-01,-1.5035299309e+01,6.7822655960e+00,2.6860659556e+01,1.8472728041e+01,-1.2543290009e+01,1.8472728041e+01,1.2543290227e+01,0.0000000000e+00,nan,nan,nan,nan,nan,nan
2.6265906078e-04,1.2047090776e-04,-2.3937641648e+00,-7.4487275747e+00,-8.9289885720e+00,1.4087793235e+01,2.4722148482e+00,-1.3794967585e+01,2.4722143816e+00,1.3794967585e+01,0.0000000000e+00,nan,nan,nan,nan,nan,nan
2.6611504809e-04,1.1756960988e-04,-2.5193000929e+00,-7.5584010799e+00,-8.7493192244e+00,1.4159121084e+01,2.5404627105e+00,-1.3809082028e+01,2.5404619329e+00,1.3809082028e+01,0.0000000000e+00,nan,nan,nan,nan,nan,nan
2.5919323919e-04,1.2335539121e-04,-2.2506810189e+00,-7.3446561478e+00,-9.1012757453e+00,1.4036162945e+01,2.4278040723e+00,-1.3779760837e+01,2.4278051813e+00,1.3779760837e+01,0.0000000000e+00,nan,nan,nan,nan,nan,nan
2.9112691538e-04,1.0446932616e-04,-3.0264387951e+00,-8.4401890590e+00,-6.8345397555e+00,1.4985213619e+01,3.7212278417e+00,-1.3582206392e+01,3.7212278422e+00,1.3582206392e+01,0.0000000000e+00,nan,nan,nan,nan,nan,nan
-1.1315370569e-04,5.9564691299e-05,6.3100659068e+01,1.0769743401e+01,-4.0019832446e+01,9.1231064272e+01,6.4212692827e+01,-4.1131866205e+01,6.4212692827e+01,4.1131866205e+01,0.0000000000e+00,nan,nan,nan,nan,nan,nan
2.8172479280e-04,9.1328266730e-05,-2.9404963395e+00,-8.1743190966e+00,-8.3764136596e+00,1.4919452802e+01,2.9552950916e+00,-1.4272205091e+01,2.9552946620e+00,1.4272205091e+01,0.0000000000e+00,nan,nan,nan,nan,nan,nan
-1.8115881058e-04,6.1936270361e-05,5.1207886799e+01,2.5841784701e+01,-3.1767014839e+01,8.4655745357e+01,5.8596453351e+01,-3.9155581390e+01,5.8596453351e+01,3.9155581390e+01,0.0000000000e+00,nan,nan,nan,nan,nan,nan
-1.8580110371e-04,5.8353609916e-05,5.7333103440e+01,2.7589548272e+01,-3.1753960227e+01,9.0749386569e+01,6.5183754371e+01,-3.9604611158e+01,6.5183754371e+01,3.9604611158e+01,0.0000000000e+00,nan,nan,nan,nan,nan,nan
-1.8877948923e-04,5.8536428438e-05,5.6318392016e+01,2.8204766170e+01,-3.1182455835e+01,9.0157279427e+01,6.4620297637e+01,-3.9484361456e+01,6.4620297637e+01,3.9484361456e+01,0.0000000000e+00,nan,nan,nan,nan,nan,nan
-1.9468184283e-04,5.8933386581e-05,5.4107943922e+01,2.9372376371e+01,-2.9996890409e+01,8.8842047763e+01,6.3348506948e+01,-3.9237453435e+01,6.3348506948e+01,3.9237453435e+01,0.0000000000e+00,nan,nan,nan,nan,nan,nan
-2.0197974427e-04,5.3595416051e-05,6.4001715704e+01,3.2295738508e+01,-2.9674383432e+01,9.8538464086e+01,7.4054874901e+01,-3.9727542630e+01,7.4054874901e+01,3.9727542630e+01,0.0000000000e+00,nan,nan,nan,nan,nan,nan
-2.0787650410e-04,5.4031299844e-05,6.1404386151e+01,3.3471269533e+01,-2.8278480258e+01,9.6915321057e+01,7.2517039647e+01,-3.9391133754e+01,7.2517039647e+01,3.9391133754e+01,0.0000000000e+00,nan,nan,nan,nan,nan,nan
1.2202848422e-04,9.1586453766e-05,-1.5810453493e+00,-1.4182796672e-01,-2.0669587359e+01,1.6526509274e+01,-1.5837317756e+00,-2.0666900932e+01,4.5883802990e-02,2.0666900932e+01,0.0000000000e+00,nan,nan,nan,nan,nan,nan
-3.0679905116e-04,1.6438103351e-05,1.4479380692e+02,6.2273168213e+01,6.8863055344e+00,1.6092682310e+02,1.6875120086e+02,-1.7071088411e+01,1.6875120086e+02,1.7071088411e+01,0.0000000000e+00,nan,nan,nan,nan,nan,nan
3.2911666860e-04,2.5097770518e-05,-6.4418666680e-01,-1.1700879975e+01,-5.7701476578e+00,2.0743752477e+01,8.7692439146e+00,-1.5183578239e+01,8.7692439146e+00,1.5183578239e+01,0.0000000000e+00,nan,nan,nan,nan,nan,nan
3.2504848624e-04,2.4761530384e-05,-7.4847753631e-01,-1.1198013950e+01,-6.8050270960e+00,2.0089413934e+01,7.8218762264e+00,-1.5375380859e+01,7.8218762264e+00,1.5375380859e+01,0.0000000000e+00,nan,nan,nan,nan,nan,nan
3.3316405610e-04,2.5412368299e-05,-5.5329594380e-01,-1.2215228974e+01,-4.6067184211e+00,2.1442903583e+01,9.8000589733e+00,-1.4960073338e+01,9.8000589733e+00,1.4960073338e+01,0.0000000000e+00,nan,nan,nan,nan,nan,nan
3.3386415172e-04,2.9130721242e-05,-6.2454507003e-01,-1.2359860790e+01,-3.9386620109e+00,2.1595535626e+01,1.0186584766e+01,-1.4749791847e+01,1.0186584766e+01,1.4749791847e+01,0.0000000000e+00,nan,nan,nan,nan,nan,nan
3.3718712404e-04,2.5707993930e-05,-4.8536627324e-01,-1.2723352973e+01,-3.3098623412e+00,2.2168612702e+01,1.0901440204e+01,-1.4696668818e+01,1.0901440204e+01,1.4696668820e+01,0.0000000000e+00,nan,nan,nan,nan,nan,nan
2.9613921289e-04,2.1800076828e-05,-9.1009296213e-01,-8.4358362723e+00,-1.2038971420e+01,1.7508272727e+01,3.6338737805e+00,-1.6582938163e+01,3.6338737586e+00,1.6582938163e+01,0.0000000000e+00,nan,nan,nan,nan,nan,nan
-1.9840068046e-04,8.6210113716e-05,7.8487212612e+00,2.1373972005e+01,-2.5678726331e+01,4.7045959810e+01,1.8246995026e+01,-3.6077000096e+01,1.8246995026e+01,3.6077000096e+01,0.0000000000e+00,nan,nan,nan,nan,nan,nan
1.2085265419e-04,8.5206792410e-05,1.1630892801e+00,-1.5754541217e-01,-2.2308673550e+01,2.0325243511e+01,1.1619926776e+00,-2.2307576948e+01,1.1137602329e+00,2.2307576948e+01,0.0000000000e+00,nan,nan,nan,nan,nan,nan
-2.0270826128e-04,8.2499760975e-05,1.1209299789e+01,2.2976255065e+01,-2.5308887162e+01,5.0828970463e+01,2.2296326092e+01,-3.6395913466e+01,2.2296326093e+01,3.6395913466e+01,0.0000000000e+00,nan,nan,nan,nan,nan,nan
3.1530605987e-04,8.6720312800e-05,-3.4630597205e+00,-9.5917975368e+00,-4.1953499909e+00,1.6623768172e+01,5.7685321731e+00,-1.3426941884e+01,5.7685321731e+00,1.3426941884e+01,0.0000000000e+00,nan,nan,nan,nan,nan,nan
2.9197182137e-04,2.1360494396e-05,3.7572290415e+00,-1.0518987119e+01,-1.1831856560e+01,2.2705584846e+01,9.0717617639e+00,-1.7146389282e+01,9.0717614813e+00,1.7146389282e+01,0.0000000000e+00,nan,nan,nan,nan,nan,nan
-2.0750955543e-04,8.1042022380e-05,1.1397140664e+01,2.3822377480e+01,-2.4683352147e+01,5.1754383620e+01,2.3237301572e+01,-3.6523513056e+01,2.3237301572e+01,3.6523513056e+01,0.0000000000e+00,nan,nan,nan,nan,nan,nan
-1.6756224006e-04,9.5319495294e-05,5.7623434104e+00,1.6391474163e+01,-2.8469698313e+01,4.1045380100e+01,1.2343883799e+01,-3.5051238701e+01,1.2343833293e+01,3.5051238701e+01,0.0000000000e+00,nan,nan,nan,nan,nan,nan
-1.6218216474e-04,9.4808176425e-05,7.4001022470e+00,1.5943575970e+01,-2.9042579876e+01,4.1933936206e+01,1.3389330542e+01,-3.5031808171e+01,1.3389337745e+01,3.5031808171e+01,0.0000000000e+00,nan,nan,nan,nan,nan,nan
-1.5754782101e-04,9.6485910926e-05,6.4445171501e+00,1.5131313077e+01,-2.9291653576e+01,4.0552364349e+01,1.1989350260e+01,-3.4836486686e+01,1.1989313892e+01,3.4836486686e+01,0.0000000000e+00,nan,nan,nan,nan,nan,nan
-1.5483972991e-04,9.6257007002e-05,7.1432015265e+00,1.4864239816e+01,-2.9561906754e+01,4.0903615403e+01,1.2406360750e+01,-3.4825065977e+01,1.2406316558e+01,3.4825065977e+01,0.0000000000e+00,nan,nan,nan,nan,nan,nan
-1.4939452524e-04,9.5827609937e-05,8.4373282983e+00,1.4274307206e+01,-3.0096128057e+01,4.1529633878e+01,1.3147745419e+01,-3.4806545178e+01,1.3147753854e+01,3.4806545178e+01,0.0000000000e+00,nan,nan,nan,nan,nan,nan
-1.4391288129e-04,9.5434031155e-05,9.5973930328e+00,1.3616370473e+01,-3.0618971800e+01,4.2060179850e+01,1.3772666775e+01,-3.4794245542e+01,1.3772676155e+01,3.4794245542e+01,0.0000000000e+00,nan,nan,nan,nan,nan,nan
-1.4115917455e-04,9.5249962066e-05,1.0128589004e+01,1.3264169517e+01,-3.0875159449e+01,4.2292098663e+01,1.4044069325e+01,-3.4790639770e+01,1.4044081586e+01,3.4790639770e+01,0.0000000000e+00,nan,nan,nan,nan,nan,nan
-1.3103553872e-04,9.6678942882e-05,9.6100557739e+00,1.1690206091e+01,-3.1475178749e+01,4.0936724248e+01,1.2702267277e+01,-3.4567390252e+01,1.2702251717e+01,3.4567390252e+01,0.0000000000e+00,nan,nan,nan,nan,nan,nan
-1.3020274168e-04,1.0072748430e-04,5.5026482077e+00,1.1245058951e+01,-3.0974158756e+01,3.7109464365e+01,8.6894039663e+00,-3.4160914515e+01,8.6891854522e+00,3.4160914515e+01,0.0000000000e+00,nan,nan,nan,nan,nan,nan
-1.2746090027e-04,1.0057024983e-04,5.8647497111e+00,1.0887598810e+01,-3.1187203702e+01,3.7216877805e+01,8.8259474233e+00,-3.4148401415e+01,8.8257724801e+00,3.4148401415e+01,0.0000000000e+00,nan,nan,nan,nan,nan,nan
-1.2195890478e-04,1.0027819129e-04,6.5023166867e+00,1.0138629796e+01,-3.1601773087e+01,3.7378603039e+01,9.0308183259e+00,-3.4130274727e+01,9.0307304391e+00,3.4130274727e+01,0.0000000000e+00,nan,nan,nan,nan,nan,nan
-1.1643472523e-04,1.0001477737e-04,7.0278980726e+00,9.3487686760e+00,-3.1999772466e+01,3.7475508142e+01,9.1505575172e+00,-3.4122431910e+01,9.1504719445e+00,3.4122431910e+01,0.0000000000e+00,nan,nan,nan,nan,nan,nan
-1.1366522216e-04,9.9893541592e-05,7.2498965613e+00,8.9401374864e+00,-3.2192163470e+01,3.7501770255e+01,9.1805236968e+00,-3.4122790606e+01,9.1804130654e+00,3.4122790605e+01,0.0000000000e+00,nan,nan,nan,nan,nan,nan
-1.0811256063e-04,9.9671288958e-05,7.6150884024e+00,8.0985451359e+00,-3.2563193736e+01,3.7514412884e+01,9.1849037010e+00,-3.4133009037e+01,9.1846717895e+00,3.4133009028e+01,0.0000000000e+00,nan,nan,nan,nan,nan,nan
-1.0367344414e-04,1.0154070988e-04,5.7327220132e+00,7.3972633065e+00,-3.2530740026e+01,3.5525778547e+01,7.1118087914e+00,-3.3909826807e+01,7.1132337459e+00,3.3909826798e+01,0.0000000000e+00,nan,nan,nan,nan,nan,nan
-9.9754214912e-05,9.9387282359e-05,7.9736144233e+00,6.7844099325e+00,-3.3084068800e+01,3.7446528246e+01,9.0645359808e+00,-3.4174990356e+01,9.0639485874e+00,3.4174990361e+01,0.0000000000e+00,nan,nan,nan,nan,nan,nan
-9.5348842787e-05,1.0128198963e-04,5.9416799186e+00,6.1023845229e+00,-3.3016866548e+01,3.5353974118e+01,6.8740331596e+00,-3.3949219789e+01,6.8770072982e+00,3.3949219789e+01,0.0000000000e+00,nan,nan,nan,nan,nan,nan
-8.9786009905e-05,1.0114209584e-04,5.9627270678e+00,5.2142150544e+00,-3.3318018136e+01,3.5194636520e+01,6.6419873350e+00,-3.3997278403e+01,6.6447988654e+00,3.3997278403e+01,0.0000000000e+00,nan,nan,nan,nan,nan,nan
-8.7001512680e-05,1.0108190063e-04,5.9392987172e+00,4.7643592068e+00,-3.3461683423e+01,3.5104048033e+01,6.5061392286e+00,-3.4028523935e+01,6.5086729392e+00,3.4028523935e+01,0.0000000000e+00,nan,nan,nan,nan,nan,nan
-8.1427900715e-05,1.0098117143e-04,5.8270846587e+00,3.8560119495e+00,-3.3735242859e+01,3.4905092966e+01,6.1983857199e+00,-3.4106543920e+01,6.1983922026e+00,3.4106543920e+01,0.0000000000e+00,nan,nan,nan,nan,nan,nan
-7.5849971759e-05,1.0090802983e-04,5.6301348625e+00,2.9401596511e+00,-3.3990481623e+01,3.4686625502e+01,5.8461591907e+00,-3.4206505951e+01,5.8401765008e+00,3.4206505951e+01,0.0000000000e+00,nan,nan,nan,nan,nan,nan
-7.3060155367e-05,1.0088060455e-04,5.5027788151e+00,2.4808899886e+00,-3.4111565184e+01,3.4573466212e+01,5.6566068398e+00,-3.4265393208e+01,5.6466569310e+00,3.4265393208e+01,0.0000000000e+00,nan,nan,nan,nan,nan,nan
-6.7480104685e-05,1.0084818654e-04,5.1890816906e+00,1.5631049295e+00,-3.4340378101e+01,3.4338897867e+01,5.2499237217e+00,-3.4401220132e+01,5.2372640799e+00,3.4401220132e+01,0.0000000000e+00,nan,nan,nan,nan,nan,nan
-6.1901478569e-05,1.0084379893e-04,4.8038495473e+00,6.5079771411e-01,-3.4552309677e+01,3.4100681253e+01,4.8138074359e+00,-3.4562267566e+01,4.8057336900e+00,3.4562267566e+01,0.0000000000e+00,nan,nan,nan,nan,nan,nan
-5.9113397909e-05,1.0085276727e-04,4.5856904804e+00,1.9857323177e-01,-3.4652102997e+01,3.3981343207e+01,4.5859313897e+00,-3.4652343907e+01,4.5858915128e+00,3.4652343907e+01,0.0000000000e+00,nan,nan,nan,nan,nan,nan
-5.3541083466e-05,1.0089409835e-04,4.1014788249e+00,-6.9394235165e-01,-3.4839757718e+01,3.3744309554e+01,4.1131467587e+00,-3.4851425651e+01,4.1394113962e+00,3.4851425651e+01,0.0000000000e+00,nan,nan,nan,nan,nan,nan
-5.0757406068e-05,1.0092694160e-04,3.8367996321e+00,-1.1324573242e+00,-3.4927785781e+01,3.3627221356e+01,3.8691922273e+00,-3.4960178377e+01,3.9128975243e+00,3.4960178377e+01,0.0000000000e+00,nan,nan,nan,nan,nan,nan
-4.5196383913e-05,1.0101835809e-04,3.2659597967e+00,-1.9891231337e+00,-3.5092622226e+01,3.3396638750e+01,3.3682271578e+00,-3.5194889587e+01,3.4205772667e+00,3.5194889587e+01,0.0000000000e+00,nan,nan,nan,nan,nan,nan
-3.9645638792e-05,1.0114621823e-04,2.6450329498e+00,-2.8113153332e+00,-3.5242880729e+01,3.3170261959e+01,2.8519357818e+00,-3.5449783561e+01,2.8893742107e+00,3.5449783561e+01,0.0000000000e+00,nan,nan,nan,nan,nan,nan
-3.6874795568e-05,1.0122472373e-04,2.3178737815e+00,-3.2064314335e+00,-3.5312608993e+01,3.3057835675e+01,2.5885827200e+00,-3.5583317931e+01,2.5976933823e+00,3.5583317931e+01,0.0000000000e+00,nan,nan,nan,nan,nan,nan
-3.1343505560e-05,1.0141297059e-04,1.6346282252e+00,-3.9577651009e+00,-3.5441118305e+01,3.2831199210e+01,2.0518566618e+00,-3.5858346742e+01,1.9648404614e+00,3.5858346742e+01,0.0000000000e+00,nan,nan,nan,nan,nan,nan
-1.3805842332e-05,1.0438705998e-04,-3.5526507095e+00,-5.7627660673e+00,-3.5554904322e+01,2.9455685860e+01,-2.5475293554e+00,-3.6560025676e+01,-2.7943417688e-02,3.6560025676e+01,0.0000000000e+00,nan,nan,nan,nan,nan,nan
-8.3956358521e-06,1.0479951973e-04,-4.3779347125e+00,-6.1795183960e+00,-3.5639320956e+01,2.9109955086e+01,-3.2019874294e+00,-3.6815268239e+01,4.4036496436e-02,3.6815268239e+01,0.0000000000e+00,nan,nan,nan,nan,nan,nan
-5.6997820852e-06,1.0503059269e-04,-4.7901011408e+00,-6.3417706898e+00,-3.5670095833e+01,2.8908357109e+01,-3.5398507283e+00,-3.6920346245e+01,5.4296945530e-02,3.6920346245e+01,0.0000000000e+00,nan,nan,nan,nan,nan,nan
-3.2801067210e-07,1.0554689593e-04,-5.6101304221e+00,-6.5623590588e+00,-3.5698285509e+01,2.8425114010e+01,-4.2429607397e+00,-3.7065455191e+01,6.3782069252e-02,3.7065455191e+01,0.0000000000e+00,nan,nan,nan,nan,nan,nan
5.0151675852e-06,1.0614194708e-04,-6.4215382593e+00,-6.6329061326e+00,-3.5663434900e+01,2.7804272693e+01,-4.9896822559e+00,-3.7095290903e+01,2.9718871326e-02,3.7095290903e+01,0.0000000000e+00,nan,nan,nan,nan,nan,nan
9.4937697032e-06,1.0461758868e-04,-3.9812745993e+00,-6.4551519504e+00,-3.5484069515e+01,2.9480428597e+01,-2.7121386706e+00,-3.6753205443e+01,-1.4979128870e-02,3.6753205443e+01,0.0000000000e+00,nan,nan,nan,nan,nan,nan
1.4821558408e-05,1.0537341616e-04,-4.6885469462e+00,-6.1580366247e+00,-3.5199613816e+01,2.8489743729e+01,-3.4955191698e+00,-3.6392641592e+01,5.2388517998e-02,3.6392641592e+01,0.0000000000e+00,nan,nan,nan,nan,nan,nan
1.7472277232e-05,1.0578969161e-04,-5.0181489696e+00,-5.9445846293e+00,-3.5018253577e+01,2.7940761965e+01,-3.8865948313e+00,-3.6149807715e+01,5.9674723675e-02,3.6149807715e+01,0.0000000000e+00,nan,nan,nan,nan,nan,nan
2.3451781288e-05,1.0896820333e-04,-8.9589632661e+00,-5.6999476788e+00,-3.4853838020e+01,2.4491400404e+01,-7.7662840270e+00,-3.6046517259e+01,-1.0980723892e-02,3.6046517259e+01,0.0000000000e+00,nan,nan,nan,nan,nan,nan
2.6047819560e-05,1.0948196851e-04,-9.2079957764e+00,-5.4017553749e+00,-3.4672736824e+01,2.3942460534e+01,-8.1171802660e+00,-3.5763552335e+01,-6.2612686198e-03,3.5763552335e+01,0.0000000000e+00,nan,nan,nan,nan,nan,nan
3.1209817446e-05,1.1060551032e-04,-9.5558730315e+00,-4.6057517402e+00,-3.4265877617e+01,2.2819416626e+01,-8.7360789924e+00,-3.5085671656e+01,-3.5604977329e-04,3.5085671656e+01,0.0000000000e+00,nan,nan,nan,nan,nan,nan
3.5760456365e-05,1.0954880818e-04,-6.3018436334e+00,-2.7581542257e+00,-3.2976155831e+01,2.3569559646e+01,-6.0311081259e+00,-3.3246891334e+01,-6.5522827216e-03,3.3246891335e+01,0.0000000000e+00,nan,nan,nan,nan,nan,nan
4.0893514065e-05,1.1095060668e-04,-6.2772827468e+00,-1.0138476534e+00,-3.1838168136e+01,2.2177463735e+01,-6.2535607860e+00,-3.1861890102e+01,-7.2827153310e-03,3.1861890101e+01,0.0000000000e+00,nan,nan,nan,nan,nan,nan
4.6429411800e-05,1.1491294987e-04,-9.4967599797e+00,2.4471392275e-01,-3.1349651752e+01,1.8878895235e+01,-9.5234706199e+00,-3.1322941112e+01,-3.2023511379e-03,3.1322941112e+01,0.0000000000e+00,nan,nan,nan,nan,nan,nan
-3.1723619208e-05,1.0547647342e-04,-3.5151622839e+00,-3.5417782232e+00,-3.4875037947e+01,2.7841548432e+01,-3.1207746336e+00,-3.5269425598e+01,4.7305817014e-02,3.5269425598e+01,0.0000000000e+00,nan,nan,nan,nan,nan,nan
5.1005120947e-05,1.1433310385e-04,-6.0006135824e+00,4.0490321650e+00,-2.7058923104e+01,1.9488189207e+01,-5.2782570586e+00,-2.7781279628e+01,1.2400623146e-01,2.7781279650e+01,0.0000000000e+00,nan,nan,nan,nan,nan,nan
-3.9912101756e-05,1.0520513272e-04,-2.3250100029e+00,-2.3902744436e+00,-3.4634858456e+01,2.8284622904e+01,-2.1497995821e+00,-3.4810068877e+01,-5.1214331825e-02,3.4810068877e+01,0.0000000000e+00,nan,nan,nan,nan,nan,nan
5.3491992822e-05,1.1532139611e-04,-6.0895868719e+00,5.6335346208e+00,-2.5061289769e+01,1.9016787360e+01,-4.5960910192e+00,-2.6554785622e+01,3.0123643774e-02,2.6554785516e+01,0.0000000000e+00,nan,nan,nan,nan,nan,nan
-5.0876037352e-05,1.0498063872e-04,-9.1518264328e-01,-7.4275035866e-01,-3.4288779017e+01,2.8929603265e+01,-8.9946659721e-01,-3.4304495063e+01,-1.9462222471e-01,3.4304495063e+01,0.0000000000e+00,nan,nan,nan,nan,nan,nan
5.8687487768e-05,1.1998726913e-04,-9.3157232159e+00,8.3666060883e+00,-2.0833775944e+01,1.7512565260e+01,-4.9638653129e+00,-2.5185633847e+01,-6.6527383599e-02,2.5185639710e+01,0.0000000000e+00,nan,nan,nan,nan,nan,nan
6.3236316588e-05,1.1995821467e-04,-6.7113314229e+00,7.2193358261e+00,-1.6101221545e+01,1.4896222960e+01,-2.8059381478e+00,-2.0006614820e+01,4.0655717571e-01,2.0006614270e+01,0.0000000000e+00,nan,nan,nan,nan,nan,nan
6.8028997347e-05,1.1999980883e-04,-7.7348960505e+00,6.1615205020e+00,-1.8039265924e+01,1.3934633730e+01,-4.8419164523e+00,-2.0932245522e+01,3.3612006567e-02,2.0932242323e+01,0.0000000000e+00,nan,nan,nan,nan,nan,nan
6.8129462706e-05,1.2269333907e-04,-1.0383604126e+01,5.9596177116e+00,-1.7564248001e+01,1.2107043881e+01,-6.9839210198e+00,-2.0963931107e+01,1.2200328109e-02,2.0963966283e+01,0.0000000000e+00,nan,nan,nan,nan,nan,nan
7.3141015386e-05,1.2293279441e-04,-9.9652133495e+00,5.3964071309e+00,-1.8335174761e+01,1.1878877214e+01,-7.2919210982e+00,-2.1008467013e+01,5.7926445986e-03,2.1008490929e+01,0.0000000000e+00,nan,nan,nan,nan,nan,nan
3.9376766185e-05,1.1491308551e-04,-1.3388462814e+01,-3.6386963769e+00,-3.4223379768e+01,1.9070745327e+01,-1.2795421343e+01,-3.4816421240e+01,-4.9134012263e-04,3.4816421240e+01,0.0000000000e+00,nan,nan,nan,nan,nan,nan
7.5755062756e-05,1.2452911728e-04,-1.0942994334e+01,5.0944977645e+00,-1.8446622332e+01,1.1019976842e+01,-8.3324217367e+00,-2.1057194929e+01,1.5371994354e-03,2.1057225399e+01,0.0000000000e+00,nan,nan,nan,nan,nan,nan
5.8064569322e-05,1.1502014689e-04,-2.9673788643e+00,8.6389769674e+00,-1.7657317112e+01,1.9599285049e+01,1.0033045105e+00,-2.1628000487e+01,1.1014274290e+00,2.1628000654e+01,0.0000000000e+00,nan,nan,nan,nan,nan,nan
7.5678923498e-05,1.2745691616e-04,-1.2919240167e+01,4.6947134222e+00,-1.8008856472e+01,9.3386404947e+00,-1.0072381716e+01,-2.0855714923e+01,1.6001597310e-02,2.0855660510e+01,0.0000000000e+00,nan,nan,nan,nan,nan,nan
8.1217377853e-05,1.2491652963e-04,-1.1310132401e+01,4.8206609659e+00,-1.9297588288e+01,1.0890429543e+01,-9.0162679160e+00,-2.1591452773e+01,6.0541281011e-04,2.1591438131e+01,0.0000000000e+00,nan,nan,nan,nan,nan,nan
8.1156192271e-05,1.2799454915e-04,-1.3169596358e+01,4.5348814850e+00,-1.8979051744e+01,9.3908687343e+00,-1.0652503460e+01,-2.1496144643e+01,5.3942860959e-04,2.1496265903e+01,0.0000000000e+00,nan,nan,nan,nan,nan,nan
8.6959701095e-05,1.2851956578e-04,-1.3655625583e+01,4.3248683445e+00,-1.9900345612e+01,9.2682393969e+00,-1.1426965087e+01,-2.2129006108e+01,-1.3910762466e-04,2.2128951209e+01,0.0000000000e+00,nan,nan,nan,nan,nan,nan
8.6858053343e-05,1.3180741122e-04,-1.5337055385e+01,4.0022812675e+00,-1.9542513407e+01,7.9064233911e+00,-1.2875008723e+01,-2.2004560070e+01,-4.3059672721e-05,2.2004695201e+01,0.0000000000e+00,nan,nan,nan,nan,nan,nan
8.9977432442e-05,1.2711592444e-04,-1.2928932899e+01,4.3129322260e+00,-2.0283606688e+01,9.8354080837e+00,-1.0927794289e+01,-2.2284745298e+01,4.1053923797e-06,2.2284755094e+01,0.0000000000e+00,nan,nan,nan,nan,nan,nan
9.6078172752e-05,1.3434830135e-04,-1.4149991681e+01,1.2341139999e+00,-1.9610986906e+01,5.0493947681e+00,-1.3965219865e+01,-1.9795758722e+01,-8.4129738110e-05,1.9795760960e+01,0.0000000000e+00,nan,nan,nan,nan,nan,nan
9.9286374334e-05,1.3279947395e-04,-1.3150876470e+01,1.0854728009e+00,-1.8939338506e+01,5.2683465252e+00,-1.3003426204e+01,-1.9086788773e+01,-5.9967532197e-07,1.9086788803e+01,0.0000000000e+00,nan,nan,nan,nan,nan,nan
9.9137977382e-05,1.3624325621e-04,-1.2158575719e+01,-1.4927450428e-01,-1.8346048684e+01,5.3089867175e+00,-1.2187167291e+01,-1.8317457112e+01,1.3246948475e-04,1.8317456025e+01,0.0000000000e+00,nan,nan,nan,nan,nan,nan
-1.3150005132e-05,1.0033926520e-04,2.0212527007e+00,-5.9936110218e+00,-3.5901353607e+01,3.4442384308e+01,2.9452693990e+00,-3.6825370305e+01,2.9712749731e+00,3.6825370305e+01,0.0000000000e+00,nan,nan,nan,nan,nan,nan
2.7314443953e-05,1.0546876207e-04,-2.7976790861e+00,-4.1797678545e+00,-3.3624401241e+01,2.7651954703e+01,-2.2461766723e+00,-3.4175903655e+01,-8.8309997641e-02,3.4175903655e+01,0.0000000000e+00,nan,nan,nan,nan,nan,nan
1.0559465449e-04,1.3300070354e-04,-1.1640815026e+01,-2.7259109476e-01,-1.6902242263e+01,4.5577219303e+00,-1.1640126661e+01,-1.6902930628e+01,-4.2599444172e-06,1.6902930611e+01,0.0000000000e+00,nan,nan,nan,nan,nan,nan
1.0873195903e-04,1.3480239169e-04,-1.0993213985e+01,-6.2965442582e-01,-1.7103105151e+01,5.4075920041e+00,-1.0926084869e+01,-1.7170234267e+01,-4.0176888318e-05,1.7170234280e+01,0.0000000000e+00,nan,nan,nan,nan,nan,nan
1.0859330749e-04,1.3828880720e-04,-9.4411551962e+00,-1.1911331598e+00,-1.7008375690e+01,6.8734248050e+00,-9.2563917815e+00,-1.7193139104e+01,6.0496120422e-05,1.7193139099e+01,0.0000000000e+00,nan,nan,nan,nan,nan,nan
1.1190681735e-04,1.3659769562e-04,-9.8316154317e+00,-1.0528944962e+00,-1.6997242783e+01,6.4701803171e+00,-9.6788687596e+00,-1.7149989455e+01,5.7217353291e-05,1.7149989453e+01,0.0000000000e+00,nan,nan,nan,nan,nan,nan
5.4150740742e-05,1.2019167129e-04,-1.2788262665e+01,3.1762260659e+00,-2.8822363281e+01,1.4825946916e+01,-1.2245548530e+01,-2.9365077416e+01,-1.4007062287e-02,2.9365076761e+01,0.0000000000e+00,nan,nan,nan,nan,nan,nan
1.1848436609e-04,1.3662906159e-04,-9.0664376523e+00,-1.2704768045e+00,-1.6977734668e+01,7.2007146235e+00,-8.8647516337e+00,-1.7179420686e+01,3.8067205932e-05,1.7179420686e+01,0.0000000000e+00,nan,nan,nan,nan,nan,nan
1.2178234964e-04,1.3839490571e-04,-7.9831726401e+00,-1.5415962099e+00,-1.6928525301e+01,8.1996559894e+00,-7.7217753781e+00,-1.7189922564e+01,7.6959402826e-05,1.7189922563e+01,0.0000000000e+00,nan,nan,nan,nan,nan,nan
1.2164983876e-04,1.4193184710e-04,-6.3337555220e+00,-1.8058243612e+00,-1.6906478222e+01,9.6810477520e+00,-6.0307613465e+00,-1.7209472398e+01,-4.5132056766e-05,1.7209472398e+01,0.0000000000e+00,nan,nan,nan,nan,nan,nan
1.2497684347e-04,1.4370605654e-04,-5.4568660266e+00,-1.8980660950e+00,-1.6909427335e+01,1.0454150185e+01,-5.1474402572e+00,-1.7218853104e+01,1.3185989835e-03,1.7218853104e+01,0.0000000000e+00,nan,nan,nan,nan,nan,nan
1.1854471630e-04,1.3306825123e-04,-1.0350650197e+01,-8.2584285411e-01,-1.7050012187e+01,5.9779193029e+00,-1.0248977873e+01,-1.7151684511e+01,-9.9511303916e-07,1.7151684510e+01,0.0000000000e+00,nan,nan,nan,nan,nan,nan
1.3193147424e-04,1.4368938822e-04,-5.4392511533e+00,-1.9775038025e+00,-1.6840139943e+01,1.0455756294e+01,-5.1030618371e+00,-1.7176329259e+01,-1.2336782922e-04,1.7176329259e+01,0.0000000000e+00,nan,nan,nan,nan,nan,nan
1.3552670893e-04,1.4182271200e-04,-5.9915740218e+00,-2.0085800668e+00,-1.6763911588e+01,9.9612701883e+00,-5.6266007804e+00,-1.7128884830e+01,2.6013817672e-04,1.7128884830e+01,0.0000000000e+00,nan,nan,nan,nan,nan,nan
1.3541647476e-04,1.4546318298e-04,-4.8359449808e+00,-2.0568600736e+00,-1.6800265027e+01,1.0961586643e+01,-4.4894300051e+00,-1.7146780003e+01,-2.4955170196e-04,1.7146780003e+01,0.0000000000e+00,nan,nan,nan,nan,nan,nan
1.3907339754e-04,1.4357088150e-04,-5.3496344317e+00,-2.1293681708e+00,-1.6703634776e+01,1.0505875543e+01,-4.9610645312e+00,-1.7092204676e+01,-1.4612854575e-03,1.7092204676e+01,0.0000000000e+00,nan,nan,nan,nan,nan,nan
1.4640428779e-04,1.4331479115e-04,-5.1132743321e+00,-2.2967627849e+00,-1.6540990064e+01,1.0668968062e+01,-4.6674006155e+00,-1.6986863781e+01,2.4630533052e-03,1.6986863781e+01,0.0000000000e+00,nan,nan,nan,nan,nan,nan
-1.4565255621e-04,9.9690519680e-05,4.9375849679e+00,1.3291338178e+01,-2.9940892497e+01,3.7976216402e+01,9.4239249977e+00,-3.4427232527e+01,9.4240704263e+00,3.4427232527e+01,0.0000000000e+00,nan,nan,nan,nan,nan,nan
9.5868567917e-05,1.3778614249e-04,-1.2723892562e+01,-3.0451865847e-01,-1.8919496630e+01,5.3042801346e+00,-1.2759267032e+01,-1.8884122160e+01,1.4728690329e-04,1.8884124869e+01,0.0000000000e+00,nan,nan,nan,nan,nan,nan
1.4637226369e-04,1.4705360296e-04,-4.2757587148e+00,-2.3236803140e+00,-1.6663389851e+01,1.1462834809e+01,-3.8515035202e+00,-1.7087645046e+01,-9.9984937429e-03,1.7087645046e+01,0.0000000000e+00,nan,nan,nan,nan,nan,nan
-2.1267296122e-04,8.1874610593e-05,8.0777424567e+00,2.3694602598e+01,-2.3870781366e+01,4.9492116953e+01,2.0677767592e+01,-3.6470806503e+01,2.0677767592e+01,3.6470806503e+01,0.0000000000e+00,nan,nan,nan,nan,nan,nan
-2.9929076743e-04,4.8285653110e-05,4.4348801719e+01,3.1486853884e+01,-3.2341769384e+00,6.8322347749e+01,6.0003238255e+01,-1.8888613474e+01,6.0003238255e+01,1.8888613474e+01,0.0000000000e+00,nan,nan,nan,nan,nan,nan
3.2917619726e-04,7.7856946446e-05,-3.7926493125e+00,-1.0278521659e+01,-1.9826842436e+00,1.7869182040e+01,7.4291102832e+00,-1.3204443839e+01,7.4291102832e+00,1.3204443839e+01,0.0000000000e+00,nan,nan,nan,nan,nan,nan
1.0839477844e-04,1.4174117627e-04,-7.2933705977e+00,-1.6728629518e+00,-1.6870261209e+01,8.7894245537e+00,-7.0072392715e+00,-1.7156392536e+01,7.0721446227e-04,1.7156392506e+01,0.0000000000e+00,nan,nan,nan,nan,nan,nan
3.1914230424e-04,8.7480587009e-05,-3.6588471219e+00,-9.6303777851e+00,-3.5863217793e+00,1.6678486965e+01,6.0067444882e+00,-1.3251913389e+01,6.0067444882e+00,1.3251913389e+01,0.0000000000e+00,nan,nan,nan,nan,nan,nan
3.1578563237e-04,9.0642182134e-05,-3.6031287841e+00,-9.4338676771e+00,-4.0476512731e+00,1.6342710544e+01,5.6100783034e+00,-1.3260858361e+01,5.6100783034e+00,1.3260858361e+01,0.0000000000e+00,nan,nan,nan,nan,nan,nan
1.4274283731e-04,1.3789251548e-04,-6.7796319312e+00,-2.0254740587e+00,-1.6647878137e+01,9.2415457818e+00,-6.3781460893e+00,-1.7049363979e+01,1.4755179750e-04,1.7049363979e+01,0.0000000000e+00,nan,nan,nan,nan,nan,nan
2.8380720519e-04,1.0663654651e-04,-2.8978682105e+00,-8.1886131252e+00,-7.5235993969e+00,1.4737120518e+01,3.2977466946e+00,-1.3719214302e+01,3.2977467062e+00,1.3719214302e+01,0.0000000000e+00,nan,nan,nan,nan,nan,nan
2.8430008520e-04,1.1048592150e-04,-2.8584510623e+00,-8.1489081734e+00,-7.3638277918e+00,1.4642839495e+01,3.3429078973e+00,-1.3565186751e+01,3.3429078953e+00,1.3565186751e+01,0.0000000000e+00,nan,nan,nan,nan,nan,nan
1.5014191936e-04,1.4877574228e-04,-2.9760355850e+00,-2.4303749676e+00,-1.6034505986e+01,1.2063195861e+01,-2.5405814077e+00,-1.6469960163e+01,3.7987366899e-02,1.6469960163e+01,0.0000000000e+00,nan,nan,nan,nan,nan,nan
1.5395699606e-04,1.4668199114e-04,-3.1820378255e+00,-2.7658143018e+00,-1.5381376603e+01,1.1595724591e+01,-2.5869125005e+00,-1.5976501928e+01,1.8150770427e-02,1.5976501928e+01,0.0000000000e+00,nan,nan,nan,nan,nan,nan
-1.1431172097e-04,9.5872775976e-05,1.1487140492e+01,9.1809805895e+00,-3.2775684914e+01,4.1498378377e+01,1.3314827716e+01,-3.4603372138e+01,1.3314819771e+01,3.4603372138e+01,0.0000000000e+00,nan,nan,nan,nan,nan,nan
2.3965530034e-04,9.3029138252e-05,-3.9382735509e+00,-5.6373784263e+00,-1.2087803588e+01,1.2046698383e+01,-1.0578740150e+00,-1.4968203124e+01,-1.7046292701e-03,1.4968203124e+01,0.0000000000e+00,nan,nan,nan,nan,nan,nan
2.3565469753e-04,9.2058124570e-05,-4.1371639808e+00,-5.3122533826e+00,-1.2470322647e+01,1.1692291667e+01,-1.5531955724e+00,-1.5054291055e+01,1.9813170930e-04,1.5054291055e+01,0.0000000000e+00,nan,nan,nan,nan,nan,nan
1.8206170627e-04,9.1389780820e-05,-6.7093474039e+00,-1.3871047950e+00,-1.6817131720e+01,9.0799659670e+00,-6.5209187662e+00,-1.7005560356e+01,2.0144501812e-04,1.7005560356e+01,0.0000000000e+00,nan,nan,nan,nan,nan,nan
1.8272158018e-04,9.5124331614e-05,-7.1772610988e+00,-1.2169101099e+00,-1.6827301926e+01,8.6206466681e+00,-7.0251488379e+00,-1.6979414187e+01,-2.5125399499e-05,1.6979414187e+01,0.0000000000e+00,nan,nan,nan,nan,nan,nan
2.5384244627e-04,8.5443499081e-05,-3.4984199292e+00,-6.3339441135e+00,-1.1444574560e+01,1.2949170569e+01,4.7098692357e-03,-1.4947704359e+01,-1.2706232375e-03,1.4947704359e+01,0.0000000000e+00,nan,nan,nan,nan,nan,nan
2.7777094781e-04,9.0518330905e-05,-2.9590970117e+00,-7.9592959351e+00,-8.8412317061e+00,1.4695969731e+01,2.5845577216e+00,-1.4384886439e+01,2.5845603395e+00,1.4384886439e+01,0.0000000000e+00,nan,nan,nan,nan,nan,nan
2.8117273856e-04,8.7524644789e-05,-2.9242230730e+00,-8.1282141329e+00,-8.6423218728e+00,1.4922923335e+01,2.8324813317e+00,-1.4399026277e+01,2.8324812621e+00,1.4399026277e+01,0.0000000000e+00,nan,nan,nan,nan,nan,nan
2.7490719312e-04,9.7297776220e-05,-2.9567028646e+00,-7.8574661516e+00,-8.7797438587e+00,1.4512946121e+01,2.5108299879e+00,-1.4247276711e+01,2.5108321996e+00,1.4247276711e+01,0.0000000000e+00,nan,nan,nan,nan,nan,nan
2.7095270573e-04,9.6452939122e-05,-2.9982668768e+00,-7.6503560070e+00,-9.2046914585e+00,1.4298594991e+01,2.1538184995e+00,-1.4356776835e+01,2.1538082832e+00,1.4356776835e+01,0.0000000000e+00,nan,nan,nan,nan,nan,nan
-2.1713544518e-04,7.8220294450e-05,1.1427133682e+01,2.5461759290e+01,-2.3285435328e+01,5.3368550618e+01,2.4883196243e+01,-3.6741497888e+01,2.4883196243e+01,3.6741497888e+01,0.0000000000e+00,nan,nan,nan,nan,nan,nan
-2.2195548061e-04,7.6861414262e-05,1.1247498654e+01,2.6245334994e+01,-2.2512695622e+01,5.4044393519e+01,2.5569946662e+01,-3.6835143631e+01,2.5569946662e+01,3.6835143631e+01,0.0000000000e+00,nan,nan,nan,nan,nan,nan
-2.1368143532e-04,5.4522478153e-05,5.8487672368e+01,3.4517031226e+01,-2.6827240064e+01,9.5039752349e+01,7.0701442755e+01,-3.9041010450e+01,7.0701442755e+01,3.9041010450e+01,0.0000000000e+00,nan,nan,nan,nan,nan,nan
-2.1654679180e-04,5.4791240423e-05,5.6902069258e+01,3.4983106952e+01,-2.6084658881e+01,9.3999113483e+01,6.9679118661e+01,-3.8861708285e+01,6.9679118661e+01,3.8861708285e+01,0.0000000000e+00,nan,nan,nan,nan,nan,nan
1.5722211351e-04,9.7139374624e-05,-6.2120720152e+00,-1.3184293902e+00,-1.6852130847e+01,9.4978374793e+00,-6.0485224066e+00,-1.7015680456e+01,-4.1823703255e-04,1.7015680456e+01,0.0000000000e+00,nan,nan,nan,nan,nan,nan
1.5390799757e-04,1.4290448108e-04,-4.4807948610e+00,-2.4395535456e+00,-1.6047039051e+01,1.0868559545e+01,-3.9889511770e+00,-1.6538882735e+01,-1.9514265078e-03,1.6538882735e+01,0.0000000000e+00,nan,nan,nan,nan,nan,nan
1.5778177489e-04,1.4830512188e-04,-2.1914116025e+00,-3.4576099524e+00,-1.4546909576e+01,1.2257926910e+01,-1.2920431884e+00,-1.5446277991e+01,-2.4573531261e-02,1.5446277991e+01,0.0000000000e+00,nan,nan,nan,nan,nan,nan
1.6156395485e-04,1.4608726249e-04,-2.6124703517e+00,-3.6724962740e+00,-1.4317670801e+01,1.1965129346e+01,-1.5569999274e+00,-1.5373141225e+01,2.3055934187e-02,1.5373141225e+01,0.0000000000e+00,nan,nan,nan,nan,nan,nan
1.6146538644e-04,1.4229020658e-04,-3.8275483904e+00,-3.2959230232e+00,-1.4752721623e+01,1.1046739887e+01,-2.9122967591e+00,-1.5667973254e+01,-7.9556090328e-03,1.5667973254e+01,0.0000000000e+00,nan,nan,nan,nan,nan,nan
1.6541430419e-04,1.4760647044e-04,-1.7194674026e+00,-4.1952195050e+00,-1.3766638256e+01,1.2712560338e+01,-4.0345269620e-01,-1.5082652962e+01,-1.0575792489e-01,1.5082652962e+01,0.0000000000e+00,nan,nan,nan,nan,nan,nan
1.2560255221e-04,9.2803552598e-05,-1.8937071771e+00,-9.3262313132e-01,-1.9057156343e+01,1.4936390512e+01,-1.8519026771e+00,-1.9098960843e+01,-2.1014372094e-03,1.9098960843e+01,0.0000000000e+00,nan,nan,nan,nan,nan,nan
-2.2698752392e-04,7.7847520532e-05,7.1353451913e+00,2.5782226632e+01,-2.1653303954e+01,5.1139629652e+01,2.2266499565e+01,-3.6784458327e+01,2.2266499565e+01,3.6784458327e+01,0.0000000000e+00,nan,nan,nan,nan,nan,nan
-3.1295372101e-04,1.7611410433e-05,1.2451714386e+02,5.7334050478e+01,6.1466735889e+00,1.4272552435e+02,1.4773452862e+02,-1.7070711179e+01,1.4773452862e+02,1.7070711179e+01,0.0000000000e+00,nan,nan,nan,nan,nan,nan
-3.1729012378e-04,1.5702057399e-05,1.2882865364e+02,5.8968818981e+01,6.7797124410e+00,1.4698256857e+02,1.5266460857e+02,-1.7056242490e+01,1.5266460857e+02,1.7056242490e+01,0.0000000000e+00,nan,nan,nan,nan,nan,nan
-3.0319767183e-04,4.4759354608e-05,4.8772782270e+01,3.1281625009e+01,-2.4726617614e+00,7.0060918418e+01,6.3599750363e+01,-1.7299629854e+01,6.3599750363e+01,1.7299629854e+01,0.0000000000e+00,nan,nan,nan,nan,nan,nan
7.3105285565e-05,7.2286808215e-05,2.1558953398e+01,-3.2324512524e+00,-2.2404309759e+01,3.8486074197e+01,2.1797267117e+01,-2.2642623477e+01,2.1797267120e+01,2.2642623478e+01,0.0000000000e+00,nan,nan,nan,nan,nan,nan
5.4517005967e-05,6.8558771031e-05,3.1793448322e+01,-5.3638527112e+00,-2.2106240382e+01,4.7596101402e+01,3.2323225927e+01,-2.2636017987e+01,3.2323225927e+01,2.2636017987e+01,0.0000000000e+00,nan,nan,nan,nan,nan,nan
4.5489013528e-05,6.7057879481e-05,3.7234403455e+01,-6.5623458234e+00,-2.1937872436e+01,5.2491522757e+01,3.7954260303e+01,-2.2657729284e+01,3.7954260303e+01,2.2657729284e+01,0.0000000000e+00,nan,nan,nan,nan,nan,nan
1.8770329030e-05,6.3807894026e-05,5.2519607484e+01,-8.4927352082e+00,-2.9293123466e+01,7.2362416011e+01,5.3391702373e+01,-3.0165218354e+01,5.3391702373e+01,3.0165218354e+01,0.0000000000e+00,nan,nan,nan,nan,nan,nan
9.6002273161e-06,6.3070052695e-05,5.5755902713e+01,-8.3474613801e+00,-3.2806341386e+01,7.8047843698e+01,5.6535724232e+01,-3.3586162905e+01,5.6535724232e+01,3.3586162905e+01,0.0000000000e+00,nan,nan,nan,nan,nan,nan
2.9809981032e-07,6.2473582078e-05,5.8115245651e+01,-7.9836884052e+00,-3.5504940448e+01,8.2248048337e+01,5.8791085449e+01,-3.6180780246e+01,5.8791085449e+01,3.6180780246e+01,0.0000000000e+00,nan,nan,nan,nan,nan,nan
-9.1059612512e-06,6.2000660044e-05,5.9789775386e+01,-7.3676866080e+00,-3.7543302958e+01,8.5253153457e+01,6.0344167312e+01,-3.8097694884e+01,6.0344167312e+01,3.8097694884e+01,0.0000000000e+00,nan,nan,nan,nan,nan,nan
3.6471399075e-04,3.1884022838e-05,-2.1070200432e+00,-1.4801489803e+01,9.1484984528e+00,2.7417847001e+01,1.9350440551e+01,-1.2308962142e+01,1.9350440551e+01,1.2308961513e+01,0.0000000000e+00,nan,nan,nan,nan,nan,nan
2.9502203513e-04,1.0530385004e-04,-3.1112504290e+00,-8.5208668233e+00,-6.3921861588e+00,1.5028528984e+01,3.9250069605e+00,-1.3428443548e+01,3.9250069603e+00,1.3428443548e+01,0.0000000000e+00,nan,nan,nan,nan,nan,nan
3.4049452830e-04,2.2242619895e-05,-3.8163985550e-01,-1.3065969357e+01,-2.5855783164e+00,2.2706733441e+01,1.1626129579e+01,-1.4593347751e+01,1.1626129579e+01,1.4593347746e+01,0.0000000000e+00,nan,nan,nan,nan,nan,nan
1.7304347923e-04,1.4672233783e-04,-1.4052841491e+00,-4.7115822074e+00,-1.3232243506e+01,1.3095090578e+01,2.4169024250e-01,-1.4879217898e+01,1.5760355351e-01,1.4879217898e+01,0.0000000000e+00,nan,nan,nan,nan,nan,nan
2.7040089779e-04,9.2658063540e-05,-3.0359293468e+00,-7.5715638411e+00,-9.4641540576e+00,1.4246101940e+01,1.9749490877e+00,-1.4475032492e+01,1.9749771362e+00,1.4475032492e+01,0.0000000000e+00,nan,nan,nan,nan,nan,nan
2.6698977421e-04,9.5598945267e-05,-3.0617797055e+00,-7.4258857306e+00,-9.6223227987e+00,1.4060175530e+01,1.7755948750e+00,-1.4459697379e+01,1.7756141835e+00,1.4459697379e+01,0.0000000000e+00,nan,nan,nan,nan,nan,nan
-2.3175395469e-04,7.6587793802e-05,6.5082757478e+00,2.6408176043e+01,-2.0835311359e+01,5.1501089326e+01,2.2570649980e+01,-3.6897685592e+01,2.2570649980e+01,3.6897685592e+01,0.0000000000e+00,nan,nan,nan,nan,nan,nan
2.5784816241e-04,8.6322144688e-05,-3.3636307002e+00,-6.6396576114e+00,-1.1029763001e+01,1.3277885675e+01,4.6929401821e-01,-1.4862687719e+01,4.7846436062e-01,1.4862687719e+01,0.0000000000e+00,nan,nan,nan,nan,nan,nan
-1.2269992341e-04,9.6244618989e-05,1.0673541842e+01,1.0479243249e+01,-3.2147581992e+01,4.1285834775e+01,1.3099367746e+01,-3.4573407896e+01,1.3099361417e+01,3.4573407896e+01,0.0000000000e+00,nan,nan,nan,nan,nan,nan
3.3583488709e-04,7.1314687158e-05,-3.8584088501e+00,-1.0764124813e+01,-6.8571613426e-01,1.8842161682e+01,8.6064646268e+00,-1.3150589611e+01,8.6064646268e+00,1.3150589611e+01,0.0000000000e+00,nan,nan,nan,nan,nan,nan
-2.7452696157e-04,2.0690641148e-05,1.6006386223e+02,5.9373358561e+01,-4.6069997032e+00,1.7581376035e+02,1.7923455313e+02,-2.3777690601e+01,1.7923455313e+02,2.3777690601e+01,0.0000000000e+00,nan,nan,nan,nan,nan,nan
2.8790985964e-04,3.8191999445e-05,-1.7896483358e+00,-7.7390403192e+00,-1.1698697311e+01,1.5913451248e+01,2.4434625380e+00,-1.5931808185e+01,2.4434785697e+00,1.5931808185e+01,0.0000000000e+00,nan,nan,nan,nan,nan,nan
2.9203434150e-04,3.8782189415e-05,-1.7012978445e+00,-8.1484976432e+00,-1.1080605732e+01,1.6281708072e+01,3.0092967503e+00,-1.5791200326e+01,3.0092924257e+00,1.5791200326e+01,0.0000000000e+00,nan,nan,nan,nan,nan,nan
2.1616051482e-04,1.1605619469e-04,-3.9630306571e+00,-5.2526296701e+00,-1.2286143613e+01,1.1606542799e+01,-1.4235465253e+00,-1.4825627744e+01,-1.3112512851e-03,1.4825627744e+01,0.0000000000e+00,nan,nan,nan,nan,nan,nan
2.9355146655e-04,6.7800437131e-05,-2.4852921522e+00,-8.8036123942e+00,-8.3826296138e+00,1.6079201856e+01,3.8493706367e+00,-1.4717292403e+01,3.8493708360e+00,1.4717292403e+01,0.0000000000e+00,nan,nan,nan,nan,nan,nan
9.2097899196e-05,1.0979122492e-04,-5.4240757676e+00,3.4798955839e+00,-2.1807068880e+01,1.5428412639e+01,-4.7079741339e+00,-2.2523170514e+01,3.9667248606e-04,2.2523170518e+01,0.0000000000e+00,nan,nan,nan,nan,nan,nan
9.5289348421e-05,1.1125484118e-04,-6.4352328201e+00,3.4645534728e+00,-2.1850455649e+01,1.4649133549e+01,-5.6851630369e+00,-2.2600525432e+01,-1.2038957888e-04,2.2600525438e+01,0.0000000000e+00,nan,nan,nan,nan,nan,nan
1.9532389221e-04,8.1321386695e-05,-6.1625788223e+00,-1.7134895534e+00,-1.6740871467e+01,9.6327257257e+00,-5.8902683540e+00,-1.7013181936e+01,-4.2561395026e-04,1.7013181936e+01,0.0000000000e+00,nan,nan,nan,nan,nan,nan
1.5345404039e-04,9.5848234787e-05,-5.5967096849e+00,-1.4840985048e+00,-1.6824846612e+01,1.0062681678e+01,-5.4010861726e+00,-1.7020470124e+01,3.4554644062e-04,1.7020470124e+01,0.0000000000e+00,nan,nan,nan,nan,nan,nan
-2.3536233391e-04,4.4554673453e-05,7.7817886491e+01,4.2221481852e+01,-2.2732992676e+01,1.1370909625e+02,9.3192424238e+01,-3.8107530423e+01,9.3192424238e+01,3.8107530423e+01,0.0000000000e+00,nan,nan,nan,nan,nan,nan
-2.3822481316e-04,4.4865368196e-05,7.5774009193e+01,4.2616420918e+01,-2.1728852870e+01,1.1214945165e+02,9.1772094263e+01,-3.7726937939e+01,9.1772094263e+01,3.7726937939e+01,0.0000000000e+00,nan,nan,nan,nan,nan,nan
-2.3555132094e-04,4.8674453531e-05,6.5658427034e+01,4.0641059672e+01,-2.1959962950e+01,1.0349800765e+02,8.1603834622e+01,-3.7905370538e+01,8.1603834622e+01,3.7905370538e+01,0.0000000000e+00,nan,nan,nan,nan,nan,nan
1.9076459622e-04,1.2678997866e-04,-4.4728333763e+00,-4.3310372583e+00,-1.3318211911e+01,1.0720767142e+01,-2.7058848483e+00,-1.5085160438e+01,8.0636505099e-04,1.5085160438e+01,0.0000000000e+00,nan,nan,nan,nan,nan,nan
1.2494735946e-04,7.1968856677e-05,9.5297478685e+00,-2.0211410018e+00,-2.2485409557e+01,2.7944373483e+01,9.6558607083e+00,-2.2611522397e+01,9.6558910110e+00,2.2611522397e+01,0.0000000000e+00,nan,nan,nan,nan,nan,nan
2.2561748043e-04,7.8832765202e-05,-4.7332514878e+00,-3.9018648726e+00,-1.4298278167e+01,1.0688165623e+01,-3.3449495279e+00,-1.5686580127e+01,-2.2439087537e-05,1.5686580127e+01,0.0000000000e+00,nan,nan,nan,nan,nan,nan
-1.5464593608e-04,4.9703585061e-05,7.9857437924e+01,2.1254784705e+01,-3.8475189103e+01,1.0888922407e+02,8.3558347241e+01,-4.2176098421e+01,8.3558347241e+01,4.2176098421e+01,0.0000000000e+00,nan,nan,nan,nan,nan,nan
8.9249663347e-05,6.3815861026e-05,2.5767774386e+01,-4.9619582993e+00,-2.2256471968e+01,4.2471879989e+01,2.6276802553e+01,-2.2765500135e+01,2.6276802547e+01,2.2765500135e+01,0.0000000000e+00,nan,nan,nan,nan,nan,nan
2.0178040084e-04,3.8769310815e-05,2.4162033661e+01,-1.1140198759e+01,-1.4551507755e+01,3.8683105174e+01,2.7138964139e+01,-1.7528438232e+01,2.7138964604e+01,1.7528438232e+01,0.0000000000e+00,nan,nan,nan,nan,nan,nan
6.2794539226e-05,7.6906685051e-05,1.9894898532e+01,-2.2694858796e+00,-2.2453085540e+01,3.6887662031e+01,2.0018008099e+01,-2.2576195108e+01,2.0018008101e+01,2.2576195108e+01,0.0000000000e+00,nan,nan,nan,nan,nan,nan
9.4514240386e-05,8.5498384782e-05,5.4162709091e+00,1.5931903686e-01,-2.2732130981e+01,2.4384406724e+01,5.4204137504e+00,-2.2736273822e+01,5.4217754237e+00,2.2736273822e+01,0.0000000000e+00,nan,nan,nan,nan,nan,nan
7.1022023413e-05,1.0095367611e-04,1.8534420931e+00,3.2907789797e+00,-2.1758018711e+01,2.1237247755e+01,2.3090423995e+00,-2.2213619017e+01,2.3009358681e+00,2.2213619018e+01,0.0000000000e+00,nan,nan,nan,nan,nan,nan
6.9039781670e-05,1.0519344761e-04,3.0808197454e-01,4.2164031875e+00,-2.1250029108e+01,2.0058252013e+01,1.1096636323e+00,-2.2051610766e+01,1.1716266137e+00,2.2051610766e+01,0.0000000000e+00,nan,nan,nan,nan,nan,nan
7.1855402377e-05,1.0635202032e-04,-7.3981313677e-01,4.2072358519e+00,-2.1207409220e+01,1.9177633132e+01,9.8600472826e-02,-2.2045822829e+01,4.8793607588e-01,2.2045822829e+01,0.0000000000e+00,nan,nan,nan,nan,nan,nan
6.3933942551e-05,1.0561319280e-04,1.1364925025e+00,4.7571430343e+00,-2.1013713814e+01,2.0885136430e+01,2.1194284843e+00,-2.1996649796e+01,2.1124065249e+00,2.1996649796e+01,0.0000000000e+00,nan,nan,nan,nan,nan,nan
-2.4859145720e-04,6.1964558821e-05,2.5026758908e+01,3.4889221763e+01,-1.7256645834e+01,7.0651862872e+01,4.4675928585e+01,-3.6905815511e+01,4.4675928585e+01,3.6905815511e+01,0.0000000000e+00,nan,nan,nan,nan,nan,nan
-2.4845632472e-04,6.6636104952e-05,1.4813103915e+01,3.1966502852e+01,-1.7401126264e+01,6.1991412946e+01,3.4496747778e+01,-3.7084770126e+01,3.4496747778e+01,3.7084770126e+01,0.0000000000e+00,nan,nan,nan,nan,nan,nan
-2.5319085357e-04,6.7972935090e-05,8.8496967115e+00,3.0777335492e+01,-1.6449197814e+01,5.7625348580e+01,2.9470259964e+01,-3.7069761066e+01,2.9470259964e+01,3.7069761066e+01,0.0000000000e+00,nan,nan,nan,nan,nan,nan
-2.4361971756e-04,7.2468737712e-05,6.4401910169e+00,2.8468409941e+01,-1.8660435368e+01,5.3880265235e+01,2.4997663462e+01,-3.7217907813e+01,2.4997663462e+01,3.7217907813e+01,0.0000000000e+00,nan,nan,nan,nan,nan,nan
-2.5794917747e-04,6.7018063069e-05,7.4988319220e+00,3.1026319722e+01,-1.5311162282e+01,5.7243876205e+01,2.9143602166e+01,-3.6955932521e+01,2.9143602170e+01,3.6955932523e+01,0.0000000000e+00,nan,nan,nan,nan,nan,nan
1.3537237784e-04,3.0281428184e-05,5.7695558425e+01,-1.4580361567e+01,-2.0284930726e+01,7.2103103486e+01,6.0334060057e+01,-2.2923432357e+01,6.0334060057e+01,2.2923432357e+01,0.0000000000e+00,nan,nan,nan,nan,nan,nan
3.6451698281e-05,9.4789016588e-05,1.1976734215e+01,1.1045032552e+00,-2.6169044786e+01,3.3079831658e+01,1.2002494427e+01,-2.6194804998e+01,1.2002534787e+01,2.6194804998e+01,0.0000000000e+00,nan,nan,nan,nan,nan,nan
2.4157443919e-04,4.4162797265e-05,5.5588039761e+00,-8.1351122673e+00,-1.4053681394e+01,2.2093792058e+01,8.5084180831e+00,-1.7003295501e+01,8.4953631471e+00,1.7003295501e+01,0.0000000000e+00,nan,nan,nan,nan,nan,nan
-3.5465041856e-05,8.5428200298e-05,2.3510324134e+01,-4.1548593488e+00,-3.7482249627e+01,5.3308471168e+01,2.3791697433e+01,-3.7763622925e+01,2.3791697649e+01,3.7763622925e+01,0.0000000000e+00,nan,nan,nan,nan,nan,nan
4.5545649459e-05,2.5390704132e-05,1.4154610820e+02,-2.2895127714e+01,-2.6262620564e+01,1.5063681783e+02,1.4461195114e+02,-2.9328463506e+01,1.4461195114e+02,2.9328463506e+01,0.0000000000e+00,nan,nan,nan,nan,nan,nan
9.7338465291e-06,2.4671782738e-05,1.4373713754e+02,-1.2940238913e+01,-3.8695839332e+01,1.5957248918e+02,1.4464986869e+02,-3.9608570480e+01,1.4464986869e+02,3.9608570480e+01,0.0000000000e+00,nan,nan,nan,nan,nan,nan
-1.2182917616e-05,8.6426346974e-05,2.1662942008e+01,-6.2754226507e+00,-3.6659417261e+01,5.1664495510e+01,2.2330272764e+01,-3.7326748016e+01,2.2330269036e+01,3.7326748016e+01,0.0000000000e+00,nan,nan,nan,nan,nan,nan
-6.7288616702e-07,8.7267232787e-05,2.0367334579e+01,-6.3965451772e+00,-3.5599722410e+01,4.9718584402e+01,2.1088844173e+01,-3.6321232004e+01,2.1088860255e+01,3.6321232004e+01,0.0000000000e+00,nan,nan,nan,nan,nan,nan
-2.6285057644e-05,1.0571247928e-04,-4.3568843267e+00,-4.2514357485e+00,-3.5028104115e+01,2.7562653579e+01,-3.7791887575e+00,-3.5605799685e+01,6.0725632500e-02,3.5605799685e+01,0.0000000000e+00,nan,nan,nan,nan,nan,nan
-4.5388388401e-05,1.0507448623e-04,-1.5918427433e+00,-1.5790476486e+00,-3.4466089854e+01,2.8599745885e+01,-1.5168953132e+00,-3.4541037284e+01,-1.6240863581e-01,3.4541037284e+01,0.0000000000e+00,nan,nan,nan,nan,nan,nan
5.4106303549e-05,9.5215574433e-05,8.5476023561e+00,2.8627071962e+00,-2.2065953879e+01,2.6974115785e+01,8.8143372484e+00,-2.2332688771e+01,8.8143559648e+00,2.2332688771e+01,0.0000000000e+00,nan,nan,nan,nan,nan,nan
1.8721384760e-04,1.2931782737e-04,-4.3686419155e+00,-4.2856799020e+00,-1.3399577046e+01,1.0781940712e+01,-2.6591531084e+00,-1.5109065853e+01,1.3274587949e-03,1.5109065853e+01,0.0000000000e+00,nan,nan,nan,nan,nan,nan
1.9144772771e-04,1.3440419584e-04,-3.1433318263e+00,-4.9515168567e+00,-1.2778878603e+01,1.1965580926e+01,-1.0527738465e+00,-1.4869436583e+01,1.8039166060e-02,1.4869436583e+01,0.0000000000e+00,nan,nan,nan,nan,nan,nan
1.9175340645e-04,1.3820237886e-04,-2.3743558413e+00,-5.2157578222e+00,-1.2551914684e+01,1.2620974768e+01,-1.7641208311e-01,-1.4749858442e+01,-5.7514484046e-02,1.4749858442e+01,0.0000000000e+00,nan,nan,nan,nan,nan,nan
1.9567981661e-04,1.3944249988e-04,-1.9025144047e+00,-5.4736462892e+00,-1.2271910261e+01,1.3058112309e+01,4.5189232368e-01,-1.4626316990e+01,3.9807574401e-01,1.4626316990e+01,0.0000000000e+00,nan,nan,nan,nan,nan,nan
1.9929502387e-04,1.3686707249e-04,-2.2135536807e+00,-5.5068861926e+00,-1.2191142697e+01,1.2869802723e+01,2.2803587795e-01,-1.4632732255e+01,1.6928583179e-01,1.4632732255e+01,0.0000000000e+00,nan,nan,nan,nan,nan,nan
1.9204387968e-04,1.4198483316e-04,-1.5425600981e+00,-5.4385162798e+00,-1.2354626513e+01,1.3281339560e+01,7.1939166438e-01,-1.4616578276e+01,7.1152471202e-01,1.4616578276e+01,0.0000000000e+00,nan,nan,nan,nan,nan,nan
1.9961822570e-04,1.4065408840e-04,-1.4817931413e+00,-5.6947956156e+00,-1.2012522777e+01,1.3433201380e+01,1.0085044741e+00,-1.4502820392e+01,1.0250056940e+00,1.4502820392e+01,0.0000000000e+00,nan,nan,nan,nan,nan,nan
2.0323428218e-04,1.3805709264e-04,-1.8165849360e+00,-5.7321918155e+00,-1.1927621171e+01,1.3237736486e+01,7.7070767028e-01,-1.4514913777e+01,7.8364179390e-01,1.4514913777e+01,0.0000000000e+00,nan,nan,nan,nan,nan,nan
2.0356798518e-04,1.4183926311e-04,-1.1126526450e+00,-5.8831845741e+00,-1.1768321137e+01,1.3746897020e+01,1.4962878044e+00,-1.4377261586e+01,1.4918877994e+00,1.4377261586e+01,0.0000000000e+00,nan,nan,nan,nan,nan,nan
2.0718329816e-04,1.3922205912e-04,-1.4661084888e+00,-5.9269152963e+00,-1.1677800793e+01,1.3549200819e+01,1.2506800994e+00,-1.4394589381e+01,1.2491926148e+00,1.4394589381e+01,0.0000000000e+00,nan,nan,nan,nan,nan,nan
2.1077725043e-04,1.3658180612e-04,-1.7737371759e+00,-5.9698751006e+00,-1.1587955293e+01,1.3384550684e+01,1.0467277059e+00,-1.4408420175e+01,1.0508266761e+00,1.4408420175e+01,0.0000000000e+00,nan,nan,nan,nan,nan,nan
2.1869706556e-04,1.3880844794e-04,-1.2346094406e+00,-6.2954019753e+00,-1.1100355519e+01,1.3852112278e+01,1.8300382729e+00,-1.4165003232e+01,1.8307845388e+00,1.4165003232e+01,0.0000000000e+00,nan,nan,nan,nan,nan,nan
2.1435136152e-04,1.3391965669e-04,-2.0405134096e+00,-6.0136736868e+00,-1.1498475671e+01,1.3250384772e+01,8.8061867471e-01,-1.4419607755e+01,8.9115074166e-01,1.4419607755e+01,0.0000000000e+00,nan,nan,nan,nan,nan,nan
-3.2635042619e-04,2.4678456398e-05,6.8423275784e+01,3.9856217939e+01,1.5090842024e+00,9.0141659067e+01,8.7009491121e+01,-1.7077131134e+01,8.7009491121e+01,1.7077131131e+01,0.0000000000e+00,nan,nan,nan,nan,nan,nan
2.3989580565e-04,1.2233490986e-04,-2.5164141886e+00,-6.6779129898e+00,-1.0450316582e+01,1.3452989971e+01,1.2837219960e+00,-1.4250452766e+01,1.2843420766e+00,1.4250452766e+01,0.0000000000e+00,nan,nan,nan,nan,nan,nan
2.3639918520e-04,1.2512619885e-04,-2.3725009856e+00,-6.6046515319e+00,-1.0563731995e+01,1.3460162802e+01,1.3031121271e+00,-1.4239345108e+01,1.3036920949e+00,1.4239345108e+01,0.0000000000e+00,nan,nan,nan,nan,nan,nan
2.3685012386e-04,1.2892060921e-04,-2.0342609719e+00,-6.6938303188e+00,-1.0401233216e+01,1.3671684569e+01,1.6756036723e+00,-1.4111097860e+01,1.6754470138e+00,1.4111097860e+01,0.0000000000e+00,nan,nan,nan,nan,nan,nan
2.4081073153e-04,1.2992741909e-04,-1.8942726845e+00,-6.8329483153e+00,-1.0128661054e+01,1.3816953041e+01,1.9657546884e+00,-1.3988688427e+01,1.9657963827e+00,1.3988688427e+01,0.0000000000e+00,nan,nan,nan,nan,nan,nan
1.3177131758e-04,1.4727963745e-04,-4.1924748495e+00,-1.9659463959e+00,-1.6909662597e+01,1.1532979066e+01,-3.8925001547e+00,-1.7209637292e+01,-5.2733653941e-04,1.7209637292e+01,0.0000000000e+00,nan,nan,nan,nan,nan,nan
-3.2087110979e-04,3.4105754276e-05,5.2911343114e+01,3.2929926952e+01,-1.5823515269e+00,7.4053536625e+01,6.8419325099e+01,-1.7090333511e+01,6.8419325099e+01,1.7090333511e+01,0.0000000000e+00,nan,nan,nan,nan,nan,nan
-1.5466869107e-04,8.1946796163e-05,2.4222111808e+01,1.7150666509e+01,-3.1599682057e+01,5.6738529011e+01,2.9069219874e+01,-3.6446790122e+01,2.9069219874e+01,3.6446790122e+01,0.0000000000e+00,nan,nan,nan,nan,nan,nan
1.4936647007e-04,1.2239179938e-04,-9.1426604808e+00,-1.1105221898e+00,-1.6853087229e+01,6.9503356647e+00,-8.9850956878e+00,-1.7010652022e+01,8.0736739828e-07,1.7010652022e+01,0.0000000000e+00,nan,nan,nan,nan,nan,nan
-3.1662856077e-04,3.5651118479e-05,5.2985499543e+01,3.2935709791e+01,-1.6492375192e+00,7.4143885493e+01,6.8475123260e+01,-1.7138861236e+01,6.8475123260e+01,1.7138861236e+01,0.0000000000e+00,nan,nan,nan,nan,nan,nan
2.9868855357e-04,7.6078652257e-05,-2.7259673381e+00,-9.1439091415e+00,-7.1169100604e+00,1.6286267763e+01,4.4814423777e+00,-1.4324319776e+01,4.4814423814e+00,1.4324319776e+01,0.0000000000e+00,nan,nan,nan,nan,nan,nan
-2.7057612985e-04,5.8857428809e-05,1.8172038845e+01,3.5602416931e+01,-1.1464041250e+01,6.6779145473e+01,4.1908956553e+01,-3.5200958888e+01,4.1908956600e+01,3.5200958912e+01,0.0000000000e+00,nan,nan,nan,nan,nan,nan
-2.6766752039e-04,6.2901131291e-05,9.7847690858e+00,3.2996164556e+01,-1.2648345671e+01,6.0348571217e+01,3.3410475414e+01,-3.6274052057e+01,3.3410475361e+01,3.6274052030e+01,0.0000000000e+00,nan,nan,nan,nan,nan,nan
3.2835447388e-04,2.1428589177e-05,-7.2713365143e-01,-1.1505662425e+01,-6.4207534357e+00,2.0526404336e+01,8.2769815254e+00,-1.5424868613e+01,8.2769815254e+00,1.5424868613e+01,0.0000000000e+00,nan,nan,nan,nan,nan,nan
3.2426710751e-04,2.1108757003e-05,-8.4940818644e-01,-1.1012729324e+01,-7.4048785751e+00,1.9898907310e+01,7.3614961114e+00,-1.5615782873e+01,7.3614961115e+00,1.5615782873e+01,0.0000000000e+00,nan,nan,nan,nan,nan,nan
2.3446967116e-04,1.0995333219e-04,-3.5088639860e+00,-6.0251114096e+00,-1.1405852347e+01,1.2476529039e+01,-2.5403076738e-01,-1.4660685566e+01,-3.0361372363e-02,1.4660685566e+01,0.0000000000e+00,nan,nan,nan,nan,nan,nan
-1.5279808783e-04,4.0912634830e-05,1.0026503449e+02,2.1275123537e+01,-4.0948106885e+01,1.2772365076e+02,1.0339974795e+02,-4.4082820347e+01,1.0339974795e+02,4.4082820347e+01,0.0000000000e+00,nan,nan,nan,nan,nan,nan
-1.5291133959e-04,3.5820313857e-05,1.1310052294e+02,2.1396648997e+01,-4.2270456422e+01,1.3956400896e+02,1.1599235141e+02,-4.5162284881e+01,1.1599235141e+02,4.5162284882e+01,0.0000000000e+00,nan,nan,nan,nan,nan,nan
-1.4946290303e-04,3.5777112436e-05,1.1322069408e+02,2.0494161803e+01,-4.2651516334e+01,1.3957692182e+02,1.1586936230e+02,-4.5300184480e+01,1.1586936230e+02,4.5300184480e+01,0.0000000000e+00,nan,nan,nan,nan,nan,nan
-1.4481595817e-04,3.4058241424e-05,1.1766076000e+02,1.9288995896e+01,-4.3561002883e+01,1.4356230136e+02,1.1993561191e+02,-4.5835854778e+01,1.1993561191e+02,4.5835854778e+01,0.0000000000e+00,nan,nan,nan,nan,nan,nan
-1.3081944195e-04,3.3931032928e-05,1.1790318540e+02,1.5785696343e+01,-4.4796232364e+01,1.4352891061e+02,1.1941993176e+02,-4.6312978641e+01,1.1941993175e+02,4.6312978642e+01,0.0000000000e+00,nan,nan,nan,nan,nan,nan
-1.2730746476e-04,3.3903615474e-05,1.1796111695e+02,1.4931768824e+01,-4.5062839488e+01,1.4353101614e+02,1.1931680952e+02,-4.6418532075e+01,1.1931680953e+02,4.6418532075e+01,0.0000000000e+00,nan,nan,nan,nan,nan,nan
-1.1321074407e-04,3.3810656684e-05,1.1820285437e+02,1.1598578351e+01,-4.5966435202e+01,1.4358609101e+02,1.1901767788e+02,-4.6781258710e+01,1.1901767788e+02,4.6781258710e+01,0.0000000000e+00,nan,nan,nan,nan,nan,nan
-8.1301407705e-05,3.3696145902e-05,1.1887530191e+02,4.5665285091e+00,-4.7002102260e+01,1.4387088991e+02,1.1900049685e+02,-4.7127297195e+01,1.1900049685e+02,4.7127297195e+01,0.0000000000e+00,nan,nan,nan,nan,nan,nan
-6.3509413573e-05,3.3696114056e-05,1.1927230768e+02,9.3700332914e-01,-4.6865898672e+01,1.4388841063e+02,1.1927721712e+02,-4.6870808105e+01,1.1927721712e+02,4.6870808105e+01,0.0000000000e+00,nan,nan,nan,nan,nan,nan
-4.9270637509e-05,3.3738794120e-05,1.1950337095e+02,-1.8207416979e+00,-4.6278838338e+01,1.4360563279e+02,1.1952301706e+02,-4.6298484443e+01,1.1952301706e+02,4.6298484443e+01,0.0000000000e+00,nan,nan,nan,nan,nan,nan
-4.4041474517e-05,3.5396977763e-05,1.1561768612e+02,-2.8328043388e+00,-4.5632663457e+01,1.3973247596e+02,1.1566709394e+02,-4.5682071281e+01,1.1566709394e+02,4.5682071281e+01,0.0000000000e+00,nan,nan,nan,nan,nan,nan
-4.0508124924e-05,3.5421152491e-05,1.1561944263e+02,-3.4831425846e+00,-4.5359918680e+01,1.3954210548e+02,1.1569443414e+02,-4.5434910189e+01,1.1569443414e+02,4.5434910189e+01,0.0000000000e+00,nan,nan,nan,nan,nan,nan
-3.6976833917e-05,3.5448725408e-05,1.1560330013e+02,-4.1254821916e+00,-4.5049634654e+01,1.3931231460e+02,1.1570883507e+02,-4.5155169601e+01,1.1570883507e+02,4.5155169601e+01,0.0000000000e+00,nan,nan,nan,nan,nan,nan
-3.1499806223e-05,3.3862530398e-05,1.1950440900e+02,-5.0942119287e+00,-4.4781314924e+01,1.4254836586e+02,1.1966188444e+02,-4.4938790364e+01,1.1966188444e+02,4.4938790364e+01,0.0000000000e+00,nan,nan,nan,nan,nan,nan
-2.6399693174e-05,3.5554762146e-05,1.1542051001e+02,-6.0092353725e+00,-4.3872753891e+01,1.3834352506e+02,1.1564654949e+02,-4.4098793377e+01,1.1564654949e+02,4.4098793377e+01,0.0000000000e+00,nan,nan,nan,nan,nan,nan
-2.2881162591e-05,3.5598782670e-05,1.1530543958e+02,-6.6251048006e+00,-4.3391239954e+01,1.3791299016e+02,1.1558120181e+02,-4.3667002182e+01,1.1558120181e+02,4.3667002182e+01,0.0000000000e+00,nan,nan,nan,nan,nan,nan
-1.7336697130e-05,3.4030832359e-05,1.1910054548e+02,-7.6096293594e+00,-4.2820495819e+01,1.4084518667e+02,1.1945703127e+02,-4.3176981611e+01,1.1945703127e+02,4.3176981611e+01,0.0000000000e+00,nan,nan,nan,nan,nan,nan
-1.3807380510e-05,3.4083731781e-05,1.1892257451e+02,-8.2325999070e+00,-4.2206757260e+01,1.4026812990e+02,1.1934175118e+02,-4.2625933930e+01,1.1934175118e+02,4.2625933930e+01,0.0000000000e+00,nan,nan,nan,nan,nan,nan
-8.8573028988e-06,3.5823211605e-05,1.1450031177e+02,-9.0604312451e+00,-4.0960071479e+01,1.3554353061e+02,1.1502621403e+02,-4.1485973734e+01,1.1502621403e+02,4.1485973734e+01,0.0000000000e+00,nan,nan,nan,nan,nan,nan
-5.3670033070e-06,3.5892457789e-05,1.1419826134e+02,-9.6713595462e+00,-4.0215115517e+01,1.3477033426e+02,1.1480126168e+02,-4.0818115848e+01,1.1480126168e+02,4.0818115848e+01,0.0000000000e+00,nan,nan,nan,nan,nan,nan
2.4598559236e-07,3.4345466714e-05,1.1781900584e+02,-1.0758353308e+01,-3.9195945840e+01,1.3724900409e+02,1.1855227946e+02,-3.9929219458e+01,1.1855227946e+02,3.9929219458e+01,0.0000000000e+00,nan,nan,nan,nan,nan,nan
3.7399503909e-06,3.4424210049e-05,1.1743315278e+02,-1.1412140096e+01,-3.8295494632e+01,1.3630497717e+02,1.1826454434e+02,-3.9126886185e+01,1.1826454434e+02,3.9126886185e+01,0.0000000000e+00,nan,nan,nan,nan,nan,nan
8.5105582443e-06,3.6227208055e-05,1.1250720907e+02,-1.2205295087e+01,-3.6629274777e+01,1.3087375185e+02,1.1349896301e+02,-3.7621028713e+01,1.1349896301e+02,3.7621028713e+01,0.0000000000e+00,nan,nan,nan,nan,nan,nan
1.4163626179e-05,3.4692679274e-05,1.1598691766e+02,-1.3486339179e+01,-3.5220259728e+01,1.3301525780e+02,1.1717972387e+02,-3.6413065931e+01,1.1717972387e+02,3.6413065931e+01,0.0000000000e+00,nan,nan,nan,nan,nan,nan
1.7615368529e-05,3.4795186881e-05,1.1540043529e+02,-1.4230476517e+01,-3.4068801317e+01,1.3176866809e+02,1.1674249298e+02,-3.5410859007e+01,1.1674249298e+02,3.5410859007e+01,0.0000000000e+00,nan,nan,nan,nan,nan,nan
2.1054744544e-05,3.4902428881e-05,1.1476652054e+02,-1.5009937543e+01,-3.2854810102e+01,1.3045907007e+02,1.1627643444e+02,-3.4364724003e+01,1.1627643444e+02,3.4364724003e+01,0.0000000000e+00,nan,nan,nan,nan,nan,nan
2.7892060722e-05,3.5132996491e-05,1.1335672309e+02,-1.6697490998e+01,-3.0243753383e+01,1.2767835401e+02,1.1527161691e+02,-3.2158647204e+01,1.1527161691e+02,3.2158647204e+01,0.0000000000e+00,nan,nan,nan,nan,nan,nan
3.1287857932e-05,3.5256735542e-05,1.1258406502e+02,-1.7617404426e+01,-2.8850399413e+01,1.2622736569e+02,1.1474423636e+02,-3.1010570754e+01,1.1474423636e+02,3.1010570754e+01,0.0000000000e+00,nan,nan,nan,nan,nan,nan
3.4667239034e-05,3.5385497047e-05,1.1177232938e+02,-1.8596292923e+01,-2.7401831738e+01,1.2475542825e+02,1.1421282891e+02,-2.9842331263e+01,1.1421282891e+02,2.9842331263e+01,0.0000000000e+00,nan,nan,nan,nan,nan,nan
4.1372583078e-05,3.5657653741e-05,1.1004941746e+02,-2.0754192865e+01,-2.4350766192e+01,1.2181506820e+02,1.1317928805e+02,-2.7480636784e+01,1.1317928805e+02,2.7480636784e+01,0.0000000000e+00,nan,nan,nan,nan,nan,nan
4.4696499961e-05,3.5800593888e-05,1.0914712543e+02,-2.1948704578e+01,-2.2757411401e+01,1.2038856519e+02,1.1270122754e+02,-2.6311513505e+01,1.1270122754e+02,2.6311513505e+01,0.0000000000e+00,nan,nan,nan,nan,nan,nan
6.8464477407e-05,3.9025411896e-05,8.2637449145e+01,-2.0041197570e+01,-1.8916062813e+01,9.4552941286e+01,8.6450859270e+01,-2.2729472939e+01,8.6450859270e+01,2.2729472939e+01,0.0000000000e+00,nan,nan,nan,nan,nan,nan
7.1804718757e-05,3.9292960499e-05,7.8857779085e+01,-1.9111099264e+01,-1.9142245533e+01,9.1099746458e+01,8.2454229917e+01,-2.2738696364e+01,8.2454229917e+01,2.2738696364e+01,0.0000000000e+00,nan,nan,nan,nan,nan,nan
7.5169053306e-05,3.9580083259e-05,7.5164381626e+01,-1.8200436884e+01,-1.9363717077e+01,8.7726152531e+01,7.8549050053e+01,-2.2748385504e+01,7.8549050053e+01,2.2748385504e+01,0.0000000000e+00,nan,nan,nan,nan,nan,nan
8.1973323064e-05,4.0214253944e-05,6.8139207335e+01,-1.6464465696e+01,-1.9786941645e+01,8.1313503155e+01,7.1122505780e+01,-2.2770240090e+01,7.1122505780e+01,2.2770240090e+01,0.0000000000e+00,nan,nan,nan,nan,nan,nan
8.5414821055e-05,4.0561891029e-05,6.4803208456e+01,-1.5639985391e+01,-1.9987995587e+01,7.8271078669e+01,6.7597434774e+01,-2.2782221904e+01,6.7597434774e+01,2.2782221904e+01,0.0000000000e+00,nan,nan,nan,nan,nan,nan
9.1646102184e-05,3.9080541338e-05,6.4309156202e+01,-1.5626512288e+01,-2.0000301125e+01,7.7871673618e+01,6.7113659265e+01,-2.2804804186e+01,6.7113659265e+01,2.2804804186e+01,0.0000000000e+00,nan,nan,nan,nan,nan,nan
9.5173469996e-05,3.9455530490e-05,6.1067569955e+01,-1.4828175816e+01,-2.0195977431e+01,7.4918574917e+01,6.3690055658e+01,-2.2818463134e+01,6.3690055658e+01,2.2818463134e+01,0.0000000000e+00,nan,nan,nan,nan,nan,nan
9.8729964089e-05,3.9850563531e-05,5.7957739372e+01,-1.4064083179e+01,-2.0381771541e+01,7.2086970684e+01,6.0407415845e+01,-2.2831448014e+01,6.0407415845e+01,2.2831448014e+01,0.0000000000e+00,nan,nan,nan,nan,nan,nan
1.0231623291e-04,4.0265769206e-05,5.4971147141e+01,-1.3330620900e+01,-2.0561196588e+01,6.9370516200e+01,5.7256061478e+01,-2.2846110925e+01,5.7256061478e+01,2.2846110925e+01,0.0000000000e+00,nan,nan,nan,nan,nan,nan
1.1399524072e-04,4.4077965320e-05,4.2352367920e+01,-1.0155886327e+01,-2.1309997857e+01,5.7873427011e+01,4.3934423695e+01,-2.2892053632e+01,4.3934423695e+01,2.2892053632e+01,0.0000000000e+00,nan,nan,nan,nan,nan,nan
1.1771013773e-04,4.4608145793e-05,3.9986025443e+01,-9.5925511876e+00,-2.1440903343e+01,5.5733541538e+01,4.1450336260e+01,-2.2905214160e+01,4.1450336260e+01,2.2905214160e+01,0.0000000000e+00,nan,nan,nan,nan,nan,nan
1.2145920310e-04,4.5157886803e-05,3.7705888070e+01,-9.0531863834e+00,-2.1563119348e+01,5.3672195090e+01,3.9059040644e+01,-2.2916271922e+01,3.9059040644e+01,2.2916271922e+01,0.0000000000e+00,nan,nan,nan,nan,nan,nan
1.2524317577e-04,4.5726857897e-05,3.5509002060e+01,-8.5425177198e+00,-2.1687605177e+01,5.1698190260e+01,3.6758662505e+01,-2.2937265622e+01,3.6758662505e+01,2.2937265622e+01,0.0000000000e+00,nan,nan,nan,nan,nan,nan
1.3216169992e-04,4.4293945784e-05,3.4913985937e+01,-8.5209042538e+00,-2.1765626758e+01,5.1257976707e+01,3.6167986239e+01,-2.3019627060e+01,3.6167986239e+01,2.3019627060e+01,0.0000000000e+00,nan,nan,nan,nan,nan,nan
1.3603837413e-04,4.4879345325e-05,3.2728427306e+01,-8.2490525936e+00,-2.1294031231e+01,4.8917574097e+01,3.3959772610e+01,-2.2525376536e+01,3.3959772610e+01,2.2525376536e+01,0.0000000000e+00,nan,nan,nan,nan,nan,nan
1.3678616988e-04,4.7544185288e-05,2.9378209653e+01,-7.5063363533e+00,-2.1055551811e+01,4.5570679984e+01,3.0471573277e+01,-2.2148915434e+01,3.0471573277e+01,2.2148915434e+01,0.0000000000e+00,nan,nan,nan,nan,nan,nan
1.3990781340e-04,4.5483460368e-05,3.0937850697e+01,-8.1384067711e+00,-2.0505243002e+01,4.6727978328e+01,3.2194714714e+01,-2.1762107019e+01,3.2194714714e+01,2.1762107019e+01,0.0000000000e+00,nan,nan,nan,nan,nan,nan
1.4064507479e-04,4.8182128846e-05,2.7634083010e+01,-7.4431707514e+00,-2.0309395843e+01,4.3475602061e+01,2.8762994137e+01,-2.1438306970e+01,2.8762994135e+01,2.1438306970e+01,0.0000000000e+00,nan,nan,nan,nan,nan,nan
1.4377231515e-04,4.6100238523e-05,2.9176860603e+01,-8.0607183616e+00,-1.9799974028e+01,4.4653950061e+01,3.0469413376e+01,-2.1092526801e+01,3.0469413374e+01,2.1092526801e+01,0.0000000000e+00,nan,nan,nan,nan,nan,nan
1.4449805234e-04,4.8833141831e-05,2.6033927147e+01,-7.4263589400e+00,-1.9581322473e+01,4.1545228327e+01,2.7212451095e+01,-2.0759846421e+01,2.7212451102e+01,2.0759846421e+01,0.0000000000e+00,nan,nan,nan,nan,nan,nan
1.4834562335e-04,4.9495898401e-05,2.4537614101e+01,-7.4466212723e+00,-1.8896823593e+01,3.9765027113e+01,2.5778744361e+01,-2.0137953858e+01,2.5778744338e+01,2.0137953858e+01,0.0000000000e+00,nan,nan,nan,nan,nan,nan
1.5218834751e-04,5.0168972748e-05,2.3160421125e+01,-7.5046797193e+00,-1.8251637953e+01,3.8146628528e+01,2.4478357835e+01,-1.9569574663e+01,2.4478357870e+01,1.9569574663e+01,0.0000000000e+00,nan,nan,nan,nan,nan,nan
1.5918553917e-04,4.8679253878e-05,2.3277992755e+01,-8.1273035151e+00,-1.7343423505e+01,3.7891022175e+01,2.4843676477e+01,-1.8909107228e+01,2.4843676572e+01,1.8909107228e+01,0.0000000000e+00,nan,nan,nan,nan,nan,nan
1.6303283635e-04,4.9343295527e-05,2.2081397621e+01,-8.2193761254e+00,-1.6836638169e+01,3.6587244838e+01,2.3746035382e+01,-1.8501275930e+01,2.3746035104e+01,1.8501275930e+01,0.0000000000e+00,nan,nan,nan,nan,nan,nan
1.6369775171e-04,5.2234408916e-05,1.9730945971e+01,-7.8654986820e+00,-1.6592583359e+01,3.4280068478e+01,2.1360788069e+01,-1.8222425458e+01,2.1360789424e+01,1.8222425458e+01,0.0000000000e+00,nan,nan,nan,nan,nan,nan
1.6687784307e-04,5.0016713030e-05,2.0991300307e+01,-8.3300650237e+00,-1.6374823726e+01,3.5430642094e+01,2.2764129041e+01,-1.8147652460e+01,2.2764129513e+01,1.8147652460e+01,0.0000000000e+00,nan,nan,nan,nan,nan,nan
1.6753191072e-04,5.2933405860e-05,1.8835070978e+01,-8.0424301312e+00,-1.6130297400e+01,3.3330616035e+01,2.0595826929e+01,-1.7891053351e+01,2.0595823178e+01,1.7891053351e+01,0.0000000000e+00,nan,nan,nan,nan,nan,nan
1.7072441985e-04,5.0693040769e-05,2.0031249914e+01,-8.4652022544e+00,-1.5957399696e+01,3.4443338975e+01,2.1922796138e+01,-1.7848945920e+01,2.1922796304e+01,1.7848945920e+01,0.0000000000e+00,nan,nan,nan,nan,nan,nan
1.7136690820e-04,5.3634122577e-05,1.8113380913e+01,-8.2737563471e+00,-1.5696813098e+01,3.2598544705e+01,2.0029062468e+01,-1.7612494653e+01,2.0029068484e+01,1.7612494653e+01,0.0000000000e+00,nan,nan,nan,nan,nan,nan
1.7520464131e-04,5.4332177332e-05,1.7529201198e+01,-8.5391353827e+00,-1.5300956052e+01,3.2047671689e+01,1.9616854449e+01,-1.7388609304e+01,1.9616859434e+01,1.7388609304e+01,0.0000000000e+00,nan,nan,nan,nan,nan,nan
1.5670473261e-04,5.3727573394e-05,1.9510134728e+01,-7.2153140923e+00,-1.7376426418e+01,3.4301769174e+01,2.0870989822e+01,-1.8737281512e+01,2.0870990264e+01,1.8737281512e+01,0.0000000000e+00,nan,nan,nan,nan,nan,nan
1.2981655273e-04,4.8953173671e-05,2.9797844928e+01,-7.1313485661e+00,-2.2059155104e+01,4.6579215314e+01,3.0761867412e+01,-2.3023177589e+01,3.0761867413e+01,2.3023177589e+01,0.0000000000e+00,nan,nan,nan,nan,nan,nan
1.0378016756e-04,4.4992691702e-05,4.5439023518e+01,-1.0771033559e+01,-2.1153278118e+01,6.0615223099e+01,4.7139088074e+01,-2.2853342673e+01,4.7139088074e+01,2.2853342673e+01,0.0000000000e+00,nan,nan,nan,nan,nan,nan
6.2623652719e-05,4.0538606087e-05,8.2695587454e+01,-1.9955096616e+01,-1.8940020368e+01,9.4564257051e+01,8.6474482808e+01,-2.2718915721e+01,8.6474482808e+01,2.2718915721e+01,0.0000000000e+00,nan,nan,nan,nan,nan,nan
5.2883180635e-05,3.9873786051e-05,9.4267812986e+01,-2.2875173737e+01,-1.8130891411e+01,1.0509870022e+02,9.8747223651e+01,-2.2610302075e+01,9.8747223651e+01,2.2610302075e+01,0.0000000000e+00,nan,nan,nan,nan,nan,nan
-7.5875267180e-05,3.5317804632e-05,1.1508933090e+02,3.4019142862e+00,-4.6686452734e+01,1.4022507185e+02,1.1516042206e+02,-4.6757543901e+01,1.1516042206e+02,4.6757543900e+01,0.0000000000e+00,nan,nan,nan,nan,nan,nan
-8.6475665457e-05,3.5334465738e-05,1.1482611696e+02,5.6306176937e+00,-4.6588955409e+01,1.4012855465e+02,1.1502183953e+02,-4.6784677975e+01,1.1502183953e+02,4.6784677975e+01,0.0000000000e+00,nan,nan,nan,nan,nan,nan
1.8228105801e-04,5.2725207882e-05,1.8123580672e+01,-9.1039708828e+00,-1.4907834819e+01,3.2662999432e+01,2.0465864442e+01,-1.7250118588e+01,2.0465807521e+01,1.7250118588e+01,0.0000000000e+00,nan,nan,nan,nan,nan,nan
1.8614229219e-04,5.3397479609e-05,1.7831416555e+01,-9.4255088299e+00,-1.4576728194e+01,3.2468164725e+01,2.0372847824e+01,-1.7118159463e+01,2.0372926087e+01,1.7118159463e+01,0.0000000000e+00,nan,nan,nan,nan,nan,nan
1.8163205356e-04,4.9755636209e-05,1.9725467682e+01,-9.2086295744e+00,-1.5127969896e+01,3.4138645206e+01,2.2008704893e+01,-1.7411207107e+01,2.2008711541e+01,1.7411207107e+01,0.0000000000e+00,nan,nan,nan,nan,nan,nan
7.3647026040e-05,3.5481813051e-05,9.0741226262e+01,-2.2164476719e+01,-1.8420569436e+01,1.0203716550e+02,9.5071513383e+01,-2.2750856557e+01,9.5071513383e+01,2.2750856557e+01,0.0000000000e+00,nan,nan,nan,nan,nan,nan
6.3593299948e-05,3.4864962036e-05,1.0332299859e+02,-2.5152230765e+01,-1.7730813472e+01,1.1352952533e+02,1.0834239456e+02,-2.2750209451e+01,1.0834239456e+02,2.2750209451e+01,0.0000000000e+00,nan,nan,nan,nan,nan,nan
5.3716311534e-05,3.4394813074e-05,1.1245687148e+02,-2.5991840075e+01,-1.8960521855e+01,1.2238757233e+02,1.1740867265e+02,-2.3912323017e+01,1.1740867265e+02,2.3912323017e+01,0.0000000000e+00,nan,nan,nan,nan,nan,nan
1.0882728349e-04,3.8786646511e-05,5.4373944985e+01,-1.3301519298e+01,-2.0577553241e+01,6.8879476199e+01,5.6665779997e+01,-2.2869388253e+01,5.6665779997e+01,2.2869388253e+01,0.0000000000e+00,nan,nan,nan,nan,nan,nan
-1.0410033864e-04,3.5399999482e-05,1.1438662924e+02,9.5033158423e+00,-4.6040865799e+01,1.3990503138e+02,1.1494708925e+02,-4.6601325809e+01,1.1494708925e+02,4.6601325809e+01,0.0000000000e+00,nan,nan,nan,nan,nan,nan
1.7961790105e-04,5.8046384293e-05,1.5698218118e+01,-8.9227338916e+00,-1.4643803609e+01,3.0484368946e+01,1.8127365871e+01,-1.7072951362e+01,1.8127451840e+01,1.7072951362e+01,0.0000000000e+00,nan,nan,nan,nan,nan,nan
-5.8188039821e-05,3.5333787543e-05,1.1546724819e+02,-1.4717106598e-01,-4.6385286049e+01,1.4016800132e+02,1.1546701436e+02,-4.6385052224e+01,1.1546701436e+02,4.6385052224e+01,0.0000000000e+00,nan,nan,nan,nan,nan,nan
1.3208868493e-04,1.3643583227e-04,-7.9644525702e+00,-1.6362865081e+00,-1.6837111234e+01,8.1946273108e+00,-7.6696116185e+00,-1.7131952186e+01,-1.2373927320e-05,1.7131952186e+01,0.0000000000e+00,nan,nan,nan,nan,nan,nan
-1.7191305051e-04,3.9552202962e-05,1.0297935407e+02,2.6450906137e+01,-3.8824667992e+01,1.3107131609e+02,1.0775140266e+02,-4.3596716587e+01,1.0775140266e+02,4.3596716587e+01,0.0000000000e+00,nan,nan,nan,nan,nan,nan
-2.6337814607e-04,4.0067836431e-05,7.9916467098e+01,4.7089607911e+01,-1.2301916183e+01,1.1414543766e+02,9.9709174619e+01,-3.2094623704e+01,9.9709174619e+01,3.2094623704e+01,0.0000000000e+00,nan,nan,nan,nan,nan,nan
1.9713454549e-04,7.1440268612e-05,-3.8047853891e+00,-2.8823326013e+00,-1.6363780856e+01,1.1970343540e+01,-3.1732020574e+00,-1.6995364187e+01,6.0024202744e-02,1.6995364187e+01,0.0000000000e+00,nan,nan,nan,nan,nan,nan
-1.5321482466e-04,9.1993561534e-05,1.2088238506e+01,1.5345908238e+01,-3.0242988549e+01,4.5279676450e+01,1.7064858365e+01,-3.5219608409e+01,1.7064856965e+01,3.5219608409e+01,0.0000000000e+00,nan,nan,nan,nan,nan,nan
1.5292943933e-04,9.2316247181e-05,-4.5470539346e+00,-1.8675442827e+00,-1.6742341567e+01,1.1050553065e+01,-4.2646579636e+00,-1.7024737538e+01,-6.0705158864e-03,1.7024737538e+01,0.0000000000e+00,nan,nan,nan,nan,nan,nan
1.4972581009e-04,9.4578871565e-05,-4.8625085578e+00,-1.6951697422e+00,-1.6784440997e+01,1.0739338962e+01,-4.6231145370e+00,-1.7023835018e+01,2.5847358976e-03,1.7023835018e+01,0.0000000000e+00,nan,nan,nan,nan,nan,nan
1.4921415643e-04,9.1098351737e-05,-3.6402812960e+00,-2.1467714845e+00,-1.6683147650e+01,1.1896379434e+01,-3.2933366047e+00,-1.7030092342e+01,9.0225135784e-04,1.7030092342e+01,0.0000000000e+00,nan,nan,nan,nan,nan,nan
2.2336346490e-04,6.7697266597e-05,-4.6827426772e+00,-3.2337753443e+00,-1.5400472175e+01,1.0835769315e+01,-3.7855730957e+00,-1.6297641757e+01,6.1803661010e-03,1.6297641757e+01,0.0000000000e+00,nan,nan,nan,nan,nan,nan
2.2255982899e-04,6.4008950329e-05,-4.6743669912e+00,-2.9229182929e+00,-1.5790780122e+01,1.0875554617e+01,-3.9535691706e+00,-1.6511577943e+01,-1.6514215447e-02,1.6511577943e+01,0.0000000000e+00,nan,nan,nan,nan,nan,nan
2.1843595534e-04,6.3011090003e-05,-4.5899122048e+00,-2.8721128650e+00,-1.6147131269e+01,1.1179416646e+01,-3.9140825266e+00,-1.6822960947e+01,7.7514407387e-02,1.6822960947e+01,0.0000000000e+00,nan,nan,nan,nan,nan,nan
2.1763796410e-04,5.9395246758e-05,-2.2812645951e+00,-4.0619229148e+00,-1.5905556562e+01,1.3742969638e+01,-1.1589033590e+00,-1.7027917799e+01,-1.8362979752e-01,1.7027917799e+01,0.0000000000e+00,nan,nan,nan,nan,nan,nan
2.2093761324e-04,5.6746109151e-05,-1.1374167157e+00,-4.6545411469e+00,-1.5641983792e+01,1.4932470251e+01,2.3156546512e-01,-1.7010965973e+01,4.5679807261e-01,1.7010965973e+01,0.0000000000e+00,nan,nan,nan,nan,nan,nan
2.1358489251e-04,5.8504814287e-05,2.1920382575e-01,-4.9724608546e+00,-1.5566963921e+01,1.6167455367e+01,1.6604046603e+00,-1.7008164756e+01,1.3308231438e+00,1.7008164756e+01,0.0000000000e+00,nan,nan,nan,nan,nan,nan
2.1287623197e-04,5.5105204275e-05,5.1012625021e+00,-6.7760861036e+00,-1.4959428712e+01,2.0978998134e+01,7.1831471149e+00,-1.7041313325e+01,7.2641768779e+00,1.7041313325e+01,0.0000000000e+00,nan,nan,nan,nan,nan,nan
2.0956955954e-04,5.7662804056e-05,3.0973471469e+00,-5.9602764805e+00,-1.5266235713e+01,1.8971591217e+01,4.8688090129e+00,-1.7037697579e+01,4.9014292663e+00,1.7037697579e+01,0.0000000000e+00,nan,nan,nan,nan,nan,nan
2.0889714388e-04,5.4359860231e-05,8.7586849804e+00,-7.8650839862e+00,-1.4639885354e+01,2.4429613529e+01,1.1163843760e+01,-1.7045044134e+01,1.1144163391e+01,1.7045044134e+01,0.0000000000e+00,nan,nan,nan,nan,nan,nan
2.0494658480e-04,5.3657454339e-05,1.2434751586e+01,-8.8508934141e+00,-1.4371019480e+01,2.7829674058e+01,1.5099335862e+01,-1.7035603756e+01,1.5101979892e+01,1.7035603756e+01,0.0000000000e+00,nan,nan,nan,nan,nan,nan
2.2502643325e-04,5.7643961381e-05,-3.6292313522e+00,-3.5968940450e+00,-1.6014376210e+01,1.2416070620e+01,-2.6533820669e+00,-1.6990225496e+01,-3.1974471478e-01,1.6990225496e+01,0.0000000000e+00,nan,nan,nan,nan,nan,nan
-2.7945954503e-04,3.9275245198e-05,7.3847027749e+01,4.4409687992e+01,-4.3063314542e+00,1.0245322442e+02,9.3921744845e+01,-2.4381048550e+01,9.3921744845e+01,2.4381048550e+01,0.0000000000e+00,nan,nan,nan,nan,nan,nan
-2.6141379533e-04,3.1279825901e-05,1.1485296752e+02,5.1688818375e+01,-1.3485850693e+01,1.4271240741e+02,1.3307860525e+02,-3.1711488423e+01,1.3307860525e+02,3.1711488423e+01,0.0000000000e+00,nan,nan,nan,nan,nan,nan
-1.6339191870e-04,9.0753457689e-05,1.1724133586e+01,1.6864901958e+01,-2.9388868687e+01,4.6051912670e+01,1.7755716626e+01,-3.5420451727e+01,1.7755717130e+01,3.5420451727e+01,0.0000000000e+00,nan,nan,nan,nan,nan,nan
-2.7019212182e-04,3.0414882502e-05,1.1349208219e+02,5.2353891942e+01,-7.9190190513e+00,1.3884140648e+02,1.3294665497e+02,-2.7373591835e+01,1.3294665497e+02,2.7373591835e+01,0.0000000000e+00,nan,nan,nan,nan,nan,nan
2.1859829963e-04,1.0577574348e-04,-4.5291878002e+00,-4.8210817238e+00,-1.2789050664e+01,1.0994168246e+01,-2.3116332357e+00,-1.5006605229e+01,-7.5462724057e-05,1.5006605229e+01,0.0000000000e+00,nan,nan,nan,nan,nan,nan
2.6515672764e-04,2.5673067305e-05,2.3633838884e+01,-1.7769739292e+01,-1.0002044068e+01,4.2374260317e+01,3.1280688009e+01,-1.7648893192e+01,3.1280660423e+01,1.7648893192e+01,0.0000000000e+00,nan,nan,nan,nan,nan,nan
2.6792947951e-04,2.0054985691e-05,2.4019978357e+01,-1.8534299408e+01,-1.0242174668e+01,4.3711586118e+01,3.2125797856e+01,-1.8347994168e+01,3.2125798487e+01,1.8347994168e+01,0.0000000000e+00,nan,nan,nan,nan,nan,nan
2.6391435669e-04,1.9832802045e-05,2.4182164698e+01,-1.7789932312e+01,-1.1284678854e+01,4.3503118289e+01,3.1565279977e+01,-1.8667794133e+01,3.1565280917e+01,1.8667794133e+01,0.0000000000e+00,nan,nan,nan,nan,nan,nan
2.5649611227e-04,2.2210118258e-05,2.4240165675e+01,-1.6373323164e+01,-1.2367833546e+01,4.2533014420e+01,3.0492613389e+01,-1.8620281261e+01,3.0492607355e+01,1.8620281261e+01,0.0000000000e+00,nan,nan,nan,nan,nan,nan
2.5245086768e-04,2.1908326083e-05,2.4390241267e+01,-1.5652034610e+01,-1.3142289175e+01,4.2323454104e+01,3.0059433666e+01,-1.8811481575e+01,3.0059439617e+01,1.8811481575e+01,0.0000000000e+00,nan,nan,nan,nan,nan,nan
2.4839493822e-04,2.1583928189e-05,2.4759297352e+01,-1.5152081607e+01,-1.3652277983e+01,4.2370146054e+01,3.0015924914e+01,-1.8908905545e+01,3.0015922451e+01,1.8908905545e+01,0.0000000000e+00,nan,nan,nan,nan,nan,nan
2.4434457993e-04,2.1243923712e-05,2.5663048248e+01,-1.5068339954e+01,-1.3805629857e+01,4.3005482608e+01,3.0757936156e+01,-1.8900517765e+01,3.0757936145e+01,1.8900517765e+01,0.0000000000e+00,nan,nan,nan,nan,nan,nan
2.4030625479e-04,2.0894045291e-05,2.6874626545e+01,-1.5140108920e+01,-1.3876366630e+01,4.3967465574e+01,3.1883758042e+01,-1.8885498127e+01,3.1883758579e+01,1.8885498127e+01,0.0000000000e+00,nan,nan,nan,nan,nan,nan
2.3628199020e-04,2.0538180305e-05,2.8350067596e+01,-1.5323089998e+01,-1.3890295489e+01,4.5194963965e+01,3.3323210664e+01,-1.8863438558e+01,3.3323210323e+01,1.8863438558e+01,0.0000000000e+00,nan,nan,nan,nan,nan,nan
2.3227147257e-04,2.0179056651e-05,3.0042496444e+01,-1.5581503073e+01,-1.3883824085e+01,4.6642370764e+01,3.5008321495e+01,-1.8849649137e+01,3.5008321610e+01,1.8849649137e+01,0.0000000000e+00,nan,nan,nan,nan,nan,nan
2.3162999283e-04,1.7407270807e-05,3.3034022072e+01,-1.6760387317e+01,-1.3756746411e+01,4.9847786321e+01,3.8418270682e+01,-1.9140995020e+01,3.8418270656e+01,1.9140995020e+01,0.0000000000e+00,nan,nan,nan,nan,nan,nan
2.2764129264e-04,1.7077390189e-05,3.5365059530e+01,-1.7150656012e+01,-1.3759487203e+01,5.1888448737e+01,4.0760596010e+01,-1.9155023683e+01,4.0760596018e+01,1.9155023683e+01,0.0000000000e+00,nan,nan,nan,nan,nan,nan
2.1969403910e-04,1.6426217570e-05,4.0686573422e+01,-1.8013313215e+01,-1.3764497503e+01,5.6544275042e+01,4.6106890376e+01,-1.9184814457e+01,4.6106890375e+01,1.9184814457e+01,0.0000000000e+00,nan,nan,nan,nan,nan,nan
2.1573318138e-04,1.6107241514e-05,4.3654151271e+01,-1.8475876217e+01,-1.3790268441e+01,5.9153428469e+01,4.9084189265e+01,-1.9220306435e+01,4.9084189265e+01,1.9220306435e+01,0.0000000000e+00,nan,nan,nan,nan,nan,nan
2.1177905334e-04,1.5793732605e-05,4.6831498328e+01,-1.8948818536e+01,-1.3844061973e+01,6.1955680205e+01,5.2263846822e+01,-1.9276410467e+01,5.2263846821e+01,1.9276410467e+01,0.0000000000e+00,nan,nan,nan,nan,nan,nan
2.0783058889e-04,1.5486206087e-05,5.0207087250e+01,-1.9422257917e+01,-1.3905193603e+01,6.4920633437e+01,5.5632892014e+01,-1.9330998368e+01,5.5632892014e+01,1.9330998368e+01,0.0000000000e+00,nan,nan,nan,nan,nan,nan
2.0388671534e-04,1.5185203920e-05,5.3793580188e+01,-1.9906318677e+01,-1.3992209014e+01,6.8082560374e+01,5.9208170146e+01,-1.9406798972e+01,5.9208170146e+01,1.9406798972e+01,0.0000000000e+00,nan,nan,nan,nan,nan,nan
1.9994608525e-04,1.4891197891e-05,5.7588158543e+01,-2.0392898374e+01,-1.4111072119e+01,7.1438789483e+01,6.2983747551e+01,-1.9506661127e+01,6.2983747551e+01,1.9506661127e+01,0.0000000000e+00,nan,nan,nan,nan,nan,nan
1.9268405498e-04,1.6745751799e-05,5.7430245182e+01,-1.9494259834e+01,-1.4530641039e+01,7.0881095290e+01,6.2373021517e+01,-1.9473417375e+01,6.2373021517e+01,1.9473417375e+01,0.0000000000e+00,nan,nan,nan,nan,nan,nan
1.8875117623e-04,1.6437350210e-05,6.1239794571e+01,-1.9958466879e+01,-1.4707638127e+01,7.4305708657e+01,6.6166499117e+01,-1.9634342674e+01,6.6166499117e+01,1.9634342674e+01,0.0000000000e+00,nan,nan,nan,nan,nan,nan
1.8481828839e-04,1.6137710746e-05,6.5266022302e+01,-2.0437841846e+01,-1.4914417128e+01,7.7943275881e+01,7.0176373899e+01,-1.9824768724e+01,7.0176373899e+01,1.9824768724e+01,0.0000000000e+00,nan,nan,nan,nan,nan,nan
1.8088473235e-04,1.5847305213e-05,6.9536207466e+01,-2.0952401123e+01,-1.5122494885e+01,8.1809214364e+01,7.4439428226e+01,-2.0025715645e+01,7.4439428226e+01,2.0025715645e+01,0.0000000000e+00,nan,nan,nan,nan,nan,nan
1.7695018735e-04,1.5566672563e-05,7.4075561471e+01,-2.1495839462e+01,-1.5358749834e+01,8.5939289572e+01,7.8975477787e+01,-2.0258666150e+01,7.8975477787e+01,2.0258666150e+01,0.0000000000e+00,nan,nan,nan,nan,nan,nan
1.7301382955e-04,1.5296320773e-05,7.8904801737e+01,-2.2090436249e+01,-1.5599478645e+01,9.0348316208e+01,8.3815286230e+01,-2.0509963137e+01,8.3815286230e+01,2.0509963137e+01,0.0000000000e+00,nan,nan,nan,nan,nan,nan
1.5658852718e-04,1.2266919437e-05,1.1863838394e+02,-2.8459076820e+01,-1.6056553977e+01,1.2664208471e+02,1.2440775668e+02,-2.1825926717e+01,1.2440775668e+02,2.1825926717e+01,0.0000000000e+00,nan,nan,nan,nan,nan,nan
1.5264553286e-04,1.2100874013e-05,1.2637770747e+02,-2.9768683343e+01,-1.6124009325e+01,1.3375390810e+02,1.3234970392e+02,-2.2096005776e+01,1.3234970392e+02,2.2096005776e+01,0.0000000000e+00,nan,nan,nan,nan,nan,nan
1.4870731244e-04,1.1949841260e-05,1.3433893109e+02,-3.1190179505e+01,-1.6138223094e+01,1.4107660156e+02,1.4055096789e+02,-2.2350259891e+01,1.4055096789e+02,2.2350259891e+01,0.0000000000e+00,nan,nan,nan,nan,nan,nan
1.4477620322e-04,1.1813897606e-05,1.4238123270e+02,-3.2696393334e+01,-1.6097484635e+01,1.4847691015e+02,1.4886505808e+02,-2.2581310013e+01,1.4886505808e+02,2.2581310013e+01,0.0000000000e+00,nan,nan,nan,nan,nan,nan
1.4085458739e-04,1.1692934173e-05,1.5029253411e+02,-3.4259331396e+01,-1.5983798647e+01,1.5575157793e+02,1.5707758318e+02,-2.2768847711e+01,1.5707758318e+02,2.2768847711e+01,0.0000000000e+00,nan,nan,nan,nan,nan,nan
1.3694603090e-04,1.1586078684e-05,1.5779420105e+02,-3.5761289577e+01,-1.5800364604e+01,1.6260218840e+02,1.6487533547e+02,-2.2881499018e+01,1.6487533547e+02,2.2881499018e+01,0.0000000000e+00,nan,nan,nan,nan,nan,nan
1.2917060731e-04,1.1411145694e-05,1.7214078298e+02,-3.8390334088e+01,-1.5374282610e+01,1.7548270544e+02,1.7969823741e+02,-2.2931737037e+01,1.7969823741e+02,2.2931737037e+01,0.0000000000e+00,nan,nan,nan,nan,nan,nan
1.2530475610e-04,1.1340590134e-05,1.7876318997e+02,-3.9476220982e+01,-1.5215484346e+01,1.8137484175e+02,1.8649066652e+02,-2.2942960897e+01,1.8649066652e+02,2.2942960897e+01,0.0000000000e+00,nan,nan,nan,nan,nan,nan
1.2145334553e-04,1.1280072766e-05,1.8491463246e+02,-4.0404155507e+01,-1.5099054680e+01,1.8682113984e+02,1.9276902427e+02,-2.2953446491e+01,1.9276902427e+02,2.2953446491e+01,0.0000000000e+00,nan,nan,nan,nan,nan,nan
1.1761623512e-04,1.1228773079e-05,1.9060501189e+02,-4.1183237982e+01,-1.5020607172e+01,1.9183295410e+02,1.9854701005e+02,-2.2962605327e+01,1.9854701005e+02,2.2962605327e+01,0.0000000000e+00,nan,nan,nan,nan,nan,nan
1.1379340824e-04,1.1185992321e-05,1.9583017485e+02,-4.1817373029e+01,-1.4981144210e+01,1.9641076747e+02,2.0382232479e+02,-2.2973294149e+01,2.0382232479e+02,2.2973294149e+01,0.0000000000e+00,nan,nan,nan,nan,nan,nan
1.0998483427e-04,1.1150935964e-05,2.0047350095e+02,-4.2261781145e+01,-1.4991193523e+01,2.0044132773e+02,2.0846600823e+02,-2.2983700810e+01,2.0846600823e+02,2.2983700810e+01,0.0000000000e+00,nan,nan,nan,nan,nan,nan
1.0318250121e-04,1.2772326344e-05,1.9376512019e+02,-4.1140558111e+01,-1.5110113694e+01,1.9442137152e+02,2.0157673443e+02,-2.2921727932e+01,2.0157673443e+02,2.2921727932e+01,0.0000000000e+00,nan,nan,nan,nan,nan,nan
9.8648904345e-05,1.1085107647e-05,2.1204608613e+02,-4.2822379779e+01,-1.5114497582e+01,2.1024217243e+02,2.1984916912e+02,-2.2917580576e+01,2.1984916912e+02,2.2917580576e+01,0.0000000000e+00,nan,nan,nan,nan,nan,nan
9.4899885529e-05,1.1073311428e-05,2.1271785137e+02,-4.2045718533e+01,-1.5543245117e+01,2.1066209766e+02,2.2021312192e+02,-2.3038515660e+01,2.2021312192e+02,2.3038515660e+01,0.0000000000e+00,nan,nan,nan,nan,nan,nan
9.1156895518e-05,1.1060860345e-05,2.0961310480e+02,-3.9939040866e+01,-1.6462491003e+01,2.0764167628e+02,2.1645728459e+02,-2.3306670797e+01,2.1645728459e+02,2.3306670797e+01,0.0000000000e+00,nan,nan,nan,nan,nan,nan
8.4592029229e-05,1.2653270561e-05,1.9837047179e+02,-3.7304479190e+01,-1.7537220864e+01,1.9782247845e+02,2.0462948665e+02,-2.3796235720e+01,2.0462948665e+02,2.3796235720e+01,0.0000000000e+00,nan,nan,nan,nan,nan,nan
8.0878854995e-05,1.2628836941e-05,1.9635896776e+02,-3.5395751271e+01,-1.8683432275e+01,1.9605873399e+02,2.0203233059e+02,-2.4356795104e+01,2.0203233059e+02,2.4356795104e+01,0.0000000000e+00,nan,nan,nan,nan,nan,nan
7.7159193482e-05,1.2602352880e-05,1.9449445810e+02,-3.3545220883e+01,-1.9894185443e+01,1.9453945622e+02,1.9961754374e+02,-2.5017271091e+01,1.9961754374e+02,2.5017271091e+01,0.0000000000e+00,nan,nan,nan,nan,nan,nan
7.2380410782e-05,1.0958652563e-05,1.9852767193e+02,-3.0661038840e+01,-2.2162652507e+01,1.9836037826e+02,2.0270592749e+02,-2.6340908073e+01,2.0270592749e+02,2.6340908073e+01,0.0000000000e+00,nan,nan,nan,nan,nan,nan
6.8609143070e-05,1.0933713641e-05,1.9705937134e+02,-2.9112602080e+01,-2.3395387374e+01,1.9746244937e+02,2.0083699029e+02,-2.7173006317e+01,2.0083699029e+02,2.7173006317e+01,0.0000000000e+00,nan,nan,nan,nan,nan,nan
6.2212466182e-05,1.2483423683e-05,1.8910448354e+02,-2.7165438453e+01,-2.4931865322e+01,1.9123623282e+02,1.9249659961e+02,-2.8323981389e+01,1.9249659961e+02,2.8323981389e+01,0.0000000000e+00,nan,nan,nan,nan,nan,nan
5.8458421407e-05,1.2451888759e-05,1.8811338910e+02,-2.5762968360e+01,-2.6226752960e+01,1.9090924176e+02,1.9116482019e+02,-2.9278184052e+01,1.9116482019e+02,2.9278184052e+01,0.0000000000e+00,nan,nan,nan,nan,nan,nan
5.4697540961e-05,1.2420092070e-05,1.8722791078e+02,-2.4425523652e+01,-2.7525685926e+01,1.9073053286e+02,1.8996943692e+02,-3.0267212060e+01,1.8996943692e+02,3.0267212060e+01,0.0000000000e+00,nan,nan,nan,nan,nan,nan
4.9664155398e-05,1.0800958875e-05,1.9168854674e+02,-2.2367285484e+01,-2.9761153564e+01,1.9565277284e+02,1.9392387765e+02,-3.1996484475e+01,1.9392387765e+02,3.1996484475e+01,0.0000000000e+00,nan,nan,nan,nan,nan,nan
4.5857598614e-05,1.0774394125e-05,1.9089782377e+02,-2.1188597754e+01,-3.1035284388e+01,1.9567018962e+02,1.9290150634e+02,-3.3038966958e+01,1.9290150634e+02,3.3038966958e+01,0.0000000000e+00,nan,nan,nan,nan,nan,nan
3.9588024883e-05,1.2294024937e-05,1.8448762078e+02,-1.9644890408e+01,-3.2656410879e+01,1.9110400473e+02,1.8624955352e+02,-3.4418343624e+01,1.8624955352e+02,3.4418343624e+01,0.0000000000e+00,nan,nan,nan,nan,nan,nan
3.5795150949e-05,1.2263598845e-05,1.8395205039e+02,-1.8574656909e+01,-3.3896677554e+01,1.9138441824e+02,1.8552353181e+02,-3.5468158975e+01,1.8552353181e+02,3.5468158975e+01,0.0000000000e+00,nan,nan,nan,nan,nan,nan
3.1996520177e-05,1.2233891073e-05,1.8345987145e+02,-1.7547970101e+01,-3.5110013559e+01,1.9171029330e+02,1.8485891839e+02,-3.6509060500e+01,1.8485891839e+02,3.6509060500e+01,0.0000000000e+00,nan,nan,nan,nan,nan,nan
2.6746304514e-05,1.0646949505e-05,1.8780659826e+02,-1.5973493837e+01,-3.7114310073e+01,1.9674104082e+02,1.8893463698e+02,-3.8242348784e+01,1.8893463698e+02,3.8242348784e+01,0.0000000000e+00,nan,nan,nan,nan,nan,nan
2.2909830470e-05,1.0623492961e-05,1.8731199077e+02,-1.5046118693e+01,-3.8238350797e+01,1.9706200539e+02,1.8831062184e+02,-3.9236981872e+01,1.8831062184e+02,3.9236981872e+01,0.0000000000e+00,nan,nan,nan,nan,nan,nan
1.6750536947e-05,1.2124390256e-05,1.8180663407e+02,-1.3814970628e+01,-3.9609670163e+01,1.9323834658e+02,1.8266469336e+02,-4.0467729462e+01,1.8266469336e+02,4.0467729462e+01,0.0000000000e+00,nan,nan,nan,nan,nan,nan
1.2927566106e-05,1.2099773999e-05,1.8144939194e+02,-1.2959980605e+01,-4.0629042649e+01,1.9363018874e+02,1.8220261624e+02,-4.1382266949e+01,1.8220261624e+02,4.1382266949e+01,0.0000000000e+00,nan,nan,nan,nan,nan,nan
9.1006729138e-06,1.2076372603e-05,1.8110798803e+02,-1.2130468704e+01,-4.1601072557e+01,1.9401187773e+02,1.8176626757e+02,-4.2259352095e+01,1.8176626757e+02,4.2259352095e+01,0.0000000000e+00,nan,nan,nan,nan,nan,nan
5.2701248287e-06,1.2054213530e-05,1.8078025427e+02,-1.1323683552e+01,-4.2524130698e+01,1.9437851282e+02,1.8135254849e+02,-4.3096424911e+01,1.8135254849e+02,4.3096424911e+01,0.0000000000e+00,nan,nan,nan,nan,nan,nan
-1.8685119744e-07,1.0503133275e-05,1.8484275604e+02,-1.0057082430e+01,-4.4054549196e+01,1.9899406414e+02,1.8528337993e+02,-4.4495173078e+01,1.8528337993e+02,4.4495173078e+01,0.0000000000e+00,nan,nan,nan,nan,nan,nan
-4.0467564460e-06,1.0486766207e-05,1.8449283962e+02,-9.2974121742e+00,-4.4852640155e+01,1.9927010558e+02,1.8486874882e+02,-4.5228549365e+01,1.8486874882e+02,4.5228549365e+01,0.0000000000e+00,nan,nan,nan,nan,nan,nan
-1.0082561173e-05,1.1978334547e-05,1.7957990501e+02,-8.2738847137e+00,-4.5710327161e+01,1.9563204306e+02,1.7988300164e+02,-4.6013423798e+01,1.7988300164e+02,4.6013423797e+01,0.0000000000e+00,nan,nan,nan,nan,nan,nan
-1.3927003272e-05,1.1962509864e-05,1.7930472620e+02,-7.5446466862e+00,-4.6380045519e+01,1.9588452382e+02,1.7955632290e+02,-4.6631642215e+01,1.7955632290e+02,4.6631642215e+01,0.0000000000e+00,nan,nan,nan,nan,nan,nan
-1.7773386342e-05,1.1947837371e-05,1.7903973380e+02,-6.8248232396e+00,-4.7000148608e+01,1.9611230258e+02,1.7924528328e+02,-4.7205698094e+01,1.7924528328e+02,4.7205698094e+01,0.0000000000e+00,nan,nan,nan,nan,nan,nan
-2.1621441788e-05,1.1934431993e-05,1.7878495319e+02,-6.1127739064e+00,-4.7571660807e+01,1.9631574850e+02,1.7894959644e+02,-4.7736304053e+01,1.7894959644e+02,4.7736304053e+01,0.0000000000e+00,nan,nan,nan,nan,nan,nan
-2.7246242516e-05,1.0410044854e-05,1.8269549463e+02,-4.9765132761e+00,-4.8594780113e+01,2.0048812777e+02,1.8280223180e+02,-4.8701517278e+01,1.8280223179e+02,4.8701517276e+01,0.0000000000e+00,nan,nan,nan,nan,nan,nan
-3.1117531083e-05,1.0400971759e-05,1.8244741213e+02,-4.2806996782e+00,-4.9052930756e+01,2.0062174420e+02,1.8252625871e+02,-4.9131777332e+01,1.8252625871e+02,4.9131777332e+01,0.0000000000e+00,nan,nan,nan,nan,nan,nan
-3.7026647847e-05,1.1891616226e-05,1.7788493700e+02,-3.3140604965e+00,-4.9399734070e+01,1.9691749452e+02,1.7793296993e+02,-4.9447767002e+01,1.7793296993e+02,4.9447767002e+01,0.0000000000e+00,nan,nan,nan,nan,nan,nan
-4.0880119363e-05,1.1883410915e-05,1.7769394588e+02,-2.6208862189e+00,-4.9750263287e+01,1.9702428992e+02,1.7772386812e+02,-4.9780185527e+01,1.7772386812e+02,4.9780185527e+01,0.0000000000e+00,nan,nan,nan,nan,nan,nan
-4.4734127315e-05,1.1876110922e-05,1.7751843539e+02,-1.9283469575e+00,-5.0061659932e+01,1.9711797269e+02,1.7753450232e+02,-5.0077726862e+01,1.7753450232e+02,5.0077726862e+01,0.0000000000e+00,nan,nan,nan,nan,nan,nan
-4.8588542842e-05,1.1869663094e-05,1.7735938322e+02,-1.2356231974e+00,-5.0335702196e+01,1.9720087608e+02,1.7736581940e+02,-5.0342138373e+01,1.7736581940e+02,5.0342138373e+01,0.0000000000e+00,nan,nan,nan,nan,nan,nan
-5.4357254360e-05,1.0361880640e-05,1.8133721753e+02,-1.4356548924e-01,-5.0948641799e+01,2.0116516098e+02,1.8133704771e+02,-5.0948471980e+01,1.8133704771e+02,5.0948471980e+01,0.0000000000e+00,nan,nan,nan,nan,nan,nan
-6.0152729828e-05,1.1854991368e-05,1.7699033335e+02,8.5067456918e-01,-5.0951194845e+01,1.9740818845e+02,1.7699324000e+02,-5.0954101490e+01,1.7699324000e+02,5.0954101490e+01,0.0000000000e+00,nan,nan,nan,nan,nan,nan
-6.4007281022e-05,1.1851514306e-05,1.7690635610e+02,1.5508390477e+00,-5.1093105312e+01,1.9747112874e+02,1.7691663473e+02,-5.1103383938e+01,1.7691663473e+02,5.1103383938e+01,0.0000000000e+00,nan,nan,nan,nan,nan,nan
-6.7861608225e-05,1.1848674572e-05,1.7684332538e+02,2.2542734638e+00,-5.1206059734e+01,1.9753468186e+02,1.7686533457e+02,-5.1228068923e+01,1.7686533457e+02,5.1228068923e+01,0.0000000000e+00,nan,nan,nan,nan,nan,nan
-7.1715615063e-05,1.1846430953e-05,1.7680205241e+02,2.9614557148e+00,-5.1291547089e+01,1.9760096053e+02,1.7684022042e+02,-5.1329715092e+01,1.7684022042e+02,5.1329715092e+01,0.0000000000e+00,nan,nan,nan,nan,nan,nan
-7.5569148600e-05,1.1844755598e-05,1.7678328931e+02,3.6728209903e+00,-5.1350973350e+01,1.9767197194e+02,1.7684212416e+02,-5.1409808249e+01,1.7684212416e+02,5.1409808248e+01,0.0000000000e+00,nan,nan,nan,nan,nan,nan
-8.1470156607e-05,1.0344645633e-05,1.8101795626e+02,4.7587108135e+00,-5.1673000350e+01,2.0168429027e+02,1.8111495723e+02,-5.1770001328e+01,1.8111495723e+02,5.1770001328e+01,0.0000000000e+00,nan,nan,nan,nan,nan,nan
-8.7126141068e-05,1.1842806450e-05,1.7686931148e+02,5.8361740356e+00,-5.1385618123e+01,1.9793234402e+02,1.7701813878e+02,-5.1534445420e+01,1.7701813878e+02,5.1534445420e+01,0.0000000000e+00,nan,nan,nan,nan,nan,nan
-9.0977011204e-05,1.1843091775e-05,1.7694769300e+02,6.5683495527e+00,-5.1353059821e+01,1.9804076526e+02,1.7713620573e+02,-5.1541572542e+01,1.7713620573e+02,5.1541572542e+01,0.0000000000e+00,nan,nan,nan,nan,nan,nan
-9.4826986072e-05,1.1843806676e-05,1.7705200264e+02,7.3066783232e+00,-5.1300091850e+01,1.9816269928e+02,1.7728524317e+02,-5.1533332380e+01,1.7728524317e+02,5.1533332380e+01,0.0000000000e+00,nan,nan,nan,nan,nan,nan
-9.8676049347e-05,1.1844929686e-05,1.7718287562e+02,8.0515441718e+00,-5.1227551838e+01,1.9829964967e+02,1.7746601801e+02,-5.1510694227e+01,1.7746601801e+02,5.1510694227e+01,0.0000000000e+00,nan,nan,nan,nan,nan,nan
-1.0252414155e-04,1.1846440028e-05,1.7734093774e+02,8.8033275518e+00,-5.1136179017e+01,1.9845304000e+02,1.7767929543e+02,-5.1474536704e+01,1.7767929543e+02,5.1474536704e+01,0.0000000000e+00,nan,nan,nan,nan,nan,nan
-1.0855439546e-04,1.0348206728e-05,1.8197590423e+02,9.9060156140e+00,-5.1253706140e+01,2.0270960901e+02,1.8239554637e+02,-5.1673348285e+01,1.8239554637e+02,5.1673348285e+01,0.0000000000e+00,nan,nan,nan,nan,nan,nan
-1.1406156668e-04,1.1853199584e-05,1.7798428169e+02,1.1103995101e+01,-5.0754960527e+01,1.9902479127e+02,1.7852167740e+02,-5.1292356237e+01,1.7852167740e+02,5.1292356237e+01,0.0000000000e+00,nan,nan,nan,nan,nan,nan
-1.1790493505e-04,1.1856155688e-05,1.7825720781e+02,1.1887359404e+01,-5.0593654872e+01,1.9925660748e+02,1.7887263243e+02,-5.1209079496e+01,1.7887263243e+02,5.1209079496e+01,0.0000000000e+00,nan,nan,nan,nan,nan,nan
-1.2174692056e-04,1.1859459007e-05,1.7856041550e+02,1.2679668459e+01,-5.0415715426e+01,1.9951087959e+02,1.7926001007e+02,-5.1115310000e+01,1.7926001007e+02,5.1115310000e+01,0.0000000000e+00,nan,nan,nan,nan,nan,nan
-1.2558745457e-04,1.1863033766e-05,1.7889478441e+02,1.3481378845e+01,-5.0221297409e+01,1.9978884240e+02,1.7968488544e+02,-5.1011398440e+01,1.7968488544e+02,5.1011398440e+01,0.0000000000e+00,nan,nan,nan,nan,nan,nan
-1.3172995715e-04,1.0363518256e-05,1.8397657981e+02,1.4617263494e+01,-5.0196085961e+01,2.0437296560e+02,1.8488503363e+02,-5.1104539778e+01,1.8488503363e+02,5.1104539778e+01,0.0000000000e+00,nan,nan,nan,nan,nan,nan
-1.3558800806e-04,1.0367096621e-05,1.8442707879e+02,1.5436487180e+01,-4.9961884888e+01,2.0473926660e+02,1.8543886764e+02,-5.0973673731e+01,1.8543886764e+02,5.0973673731e+01,0.0000000000e+00,nan,nan,nan,nan,nan,nan
-1.4093371046e-04,1.1881153914e-05,1.8055487161e+02,1.6792564555e+01,-4.9277722633e+01,2.0115386586e+02,1.8177481309e+02,-5.0497664118e+01,1.8177481309e+02,5.0497664118e+01,0.0000000000e+00,nan,nan,nan,nan,nan,nan
-1.4476586214e-04,1.1886569091e-05,1.8105465331e+02,1.7649265986e+01,-4.8999208540e+01,2.0156313171e+02,1.8240025074e+02,-5.0344805963e+01,1.8240025074e+02,5.0344805963e+01,0.0000000000e+00,nan,nan,nan,nan,nan,nan
-1.4859606265e-04,1.1892370743e-05,1.8158995892e+02,1.8518797896e+01,-4.8702773673e+01,2.0200122682e+02,1.8306905530e+02,-5.0181870058e+01,1.8306905530e+02,5.0181870058e+01,0.0000000000e+00,nan,nan,nan,nan,nan,nan
-1.5242420254e-04,1.1898574232e-05,1.8216167908e+02,1.9401875461e+01,-4.8387772236e+01,2.0246892098e+02,1.8378243945e+02,-5.0008532606e+01,1.8378243945e+02,5.0008532606e+01,0.0000000000e+00,nan,nan,nan,nan,nan,nan
-1.5870252225e-04,1.0394680387e-05,1.8791354755e+02,2.0607470811e+01,-4.8187042330e+01,2.0756003181e+02,1.8969809285e+02,-4.9971587627e+01,1.8969809285e+02,4.9971587627e+01,0.0000000000e+00,nan,nan,nan,nan,nan,nan
-1.6389497344e-04,1.1919838243e-05,1.8410472881e+02,2.2140299183e+01,-4.7322793974e+01,2.0405661336e+02,1.8620310807e+02,-4.9421173236e+01,1.8620310807e+02,4.9421173236e+01,0.0000000000e+00,nan,nan,nan,nan,nan,nan
-1.6771431184e-04,1.1926342324e-05,1.8483683193e+02,2.3085658143e+01,-4.6924493085e+01,2.0465408895e+02,1.8711326277e+02,-4.9200923921e+01,1.8711326277e+02,4.9200923921e+01,0.0000000000e+00,nan,nan,nan,nan,nan,nan
2.6730253088e-04,1.7147912765e-05,2.4229923373e+01,-1.8565215572e+01,-1.0945700808e+01,4.4289914765e+01,3.2212905494e+01,-1.8928682930e+01,3.2212905493e+01,1.8928682930e+01,0.0000000000e+00,nan,nan,nan,nan,nan,nan
2.7131516987e-04,1.7334638302e-05,2.3957567373e+01,-1.9267931481e+01,-9.8185349110e+00,4.4373875896e+01,3.2688785425e+01,-1.8549752963e+01,3.2688784409e+01,1.8549752963e+01,0.0000000000e+00,nan,nan,nan,nan,nan,nan
2.4301525252e-04,1.5581281848e-05,2.9692989231e+01,-1.6928160920e+01,-1.3697772595e+01,4.7662918460e+01,3.5515807122e+01,-1.9520590486e+01,3.5515807169e+01,1.9520590486e+01,0.0000000000e+00,nan,nan,nan,nan,nan,nan
-1.7153002440e-04,1.1935531713e-05,1.8560336175e+02,2.4049228411e+01,-4.6501710136e+01,2.0527811858e+02,1.8806820283e+02,-4.8966551212e+01,1.8806820283e+02,4.8966551212e+01,0.0000000000e+00,nan,nan,nan,nan,nan,nan
1.9934182250e-04,1.2471822267e-05,6.6620758935e+01,-2.2483019038e+01,-1.3949247352e+01,7.9909710150e+01,7.2471648457e+01,-1.9800136875e+01,7.2471648457e+01,1.9800136875e+01,0.0000000000e+00,nan,nan,nan,nan,nan,nan
1.7172634963e-04,1.0929873084e-05,1.0722637499e+02,-2.7364852452e+01,-1.5120180899e+01,1.1607841032e+02,1.1307099849e+02,-2.0964804402e+01,1.1307099849e+02,2.0964804402e+01,0.0000000000e+00,nan,nan,nan,nan,nan,nan
-1.4428266628e-04,7.7404058663e-05,3.1907529122e+01,1.5930629750e+01,-3.3511730828e+01,6.3014939955e+01,3.5579591693e+01,-3.7183793399e+01,3.5579591693e+01,3.7183793399e+01,0.0000000000e+00,nan,nan,nan,nan,nan,nan
1.1354729438e-04,8.2989558731e-05,3.7861884255e+00,-1.8469527133e-01,-2.2885073428e+01,2.3104396314e+01,3.7898869300e+00,-2.2888771933e+01,3.7897418208e+00,2.2888771933e+01,0.0000000000e+00,nan,nan,nan,nan,nan,nan
9.6044000149e-05,7.7981220376e-05,1.0643396487e+01,-1.2271861387e+00,-2.2726836030e+01,2.8981927158e+01,1.0691003675e+01,-2.2774443218e+01,1.0690989489e+01,2.2774443218e+01,0.0000000000e+00,nan,nan,nan,nan,nan,nan
-1.8662394808e-05,9.9989465959e-05,2.7258188947e+00,-5.5325269956e+00,-3.5876432008e+01,3.4775762859e+01,3.5024894912e+00,-3.6653102605e+01,3.5563627132e+00,3.6653102605e+01,0.0000000000e+00,nan,nan,nan,nan,nan,nan
1.1621464550e-04,3.9685390347e-05,4.8739239490e+01,-1.1931709398e+01,-2.0907462032e+01,6.3760116542e+01,5.0727809178e+01,-2.2896031720e+01,5.0727809178e+01,2.2896031720e+01,0.0000000000e+00,nan,nan,nan,nan,nan,nan
4.0916028655e-05,8.5243285070e-05,1.9045109562e+01,-5.9152003742e-02,-2.2545780127e+01,3.6018490534e+01,1.9044949923e+01,-2.2545620488e+01,1.9044949959e+01,2.2545620488e+01,0.0000000000e+00,nan,nan,nan,nan,nan,nan
1.5075322373e-04,4.4614062038e-05,2.9049869264e+01,-8.6367551558e+00,-1.8697525481e+01,4.3973243262e+01,3.0564135725e+01,-2.0211791943e+01,3.0564135724e+01,2.0211791943e+01,0.0000000000e+00,nan,nan,nan,nan,nan,nan
2.6937421860e-04,6.3456166103e-05,-2.8683400092e+00,-6.8212635835e+00,-1.1637051070e+01,1.4042987550e+01,8.5502710275e-01,-1.5360418182e+01,8.5334519833e-01,1.5360418182e+01,0.0000000000e+00,nan,nan,nan,nan,nan,nan
1.6781427177e-04,7.3801222025e-05,2.0437964069e+00,-4.6377855061e+00,-1.5908577108e+01,1.7506015974e+01,3.1747126845e+00,-1.7039493386e+01,3.1926238700e+00,1.7039493386e+01,0.0000000000e+00,nan,nan,nan,nan,nan,nan
-1.8174399775e-04,1.0435154265e-05,1.9292404034e+02,2.6340291551e+01,-4.5644217161e+01,2.1158186930e+02,1.9579676078e+02,-4.8516937607e+01,1.9579676078e+02,4.8516937607e+01,0.0000000000e+00,nan,nan,nan,nan,nan,nan
-1.8557470193e-04,1.0444602191e-05,1.9392463483e+02,2.7366329384e+01,-4.5123382855e+01,2.1237705910e+02,1.9701657823e+02,-4.8215326253e+01,1.9701657823e+02,4.8215326253e+01,0.0000000000e+00,nan,nan,nan,nan,nan,nan
-2.0848349123e-04,1.0517646989e-05,2.0107221129e+02,3.4086317824e+01,-4.1174537027e+01,2.1793846181e+02,2.0577566672e+02,-4.5877992461e+01,2.0577566672e+02,4.5877992461e+01,0.0000000000e+00,nan,nan,nan,nan,nan,nan
-1.7646954903e-04,7.3455657484e-05,3.2292231185e+01,2.2439905305e+01,-3.0291040188e+01,6.6692033772e+01,3.9505259149e+01,-3.7504068152e+01,3.9505259149e+01,3.7504068152e+01,0.0000000000e+00,nan,nan,nan,nan,nan,nan
-2.3846467098e-04,5.7640076038e-05,4.0856288090e+01,3.6888706024e+01,-2.0036914992e+01,8.2839743525e+01,5.8237234773e+01,-3.7417861675e+01,5.8237234773e+01,3.7417861675e+01,0.0000000000e+00,nan,nan,nan,nan,nan,nan
1.7962365095e-04,1.1323115057e-05,9.3857933659e+01,-2.5701622211e+01,-1.4761875685e+01,1.0407368824e+02,9.9635000911e+01,-2.0538942936e+01,9.9635000911e+01,2.0538942936e+01,0.0000000000e+00,nan,nan,nan,nan,nan,nan
-1.8186774174e-04,3.9789666543e-05,1.0181615111e+02,2.9213307951e+01,-3.7177360476e+01,1.3057193109e+02,1.0770513488e+02,-4.3066344248e+01,1.0770513488e+02,4.3066344248e+01,0.0000000000e+00,nan,nan,nan,nan,nan,nan
-1.5045814557e-04,9.1790890075e-05,1.2739058444e+01,1.5003087036e+01,-3.0530830857e+01,4.5599352659e+01,1.7430912326e+01,-3.5222684739e+01,1.7430912812e+01,3.5222684739e+01,0.0000000000e+00,nan,nan,nan,nan,nan,nan
2.0723058070e-04,1.2987737507e-05,5.7762320547e+01,-2.1371735832e+01,-1.3731337718e+01,7.2139465933e+01,6.3665231490e+01,-1.9634248661e+01,6.3665231490e+01,1.9634248661e+01,0.0000000000e+00,nan,nan,nan,nan,nan,nan
-2.0276755201e-04,3.5110901661e-05,1.1396495815e+02,3.5636320905e+01,-3.4426601407e+01,1.4256230053e+02,1.2207756096e+02,-4.2539204218e+01,1.2207756096e+02,4.2539204218e+01,0.0000000000e+00,nan,nan,nan,nan,nan,nan
2.3499650764e-04,1.4983239159e-05,3.4237211046e+01,-1.7757551600e+01,-1.3614445783e+01,5.1607859067e+01,4.0107193956e+01,-1.9484428693e+01,4.0107193954e+01,1.9484428693e+01,0.0000000000e+00,nan,nan,nan,nan,nan,nan
2.9966880151e-04,5.7851245142e-05,-2.1160664006e+00,-9.1968957463e+00,-8.2606477877e+00,1.6792827177e+01,4.5069861969e+00,-1.4883700385e+01,4.5069861304e+00,1.4883700385e+01,0.0000000000e+00,nan,nan,nan,nan,nan,nan
-2.7220752999e-04,4.9308497468e-05,4.5088380353e+01,4.1245081425e+01,-9.8161630582e+00,8.5806385041e+01,6.7176448149e+01,-3.1904230854e+01,6.7176448149e+01,3.1904230854e+01,0.0000000000e+00,nan,nan,nan,nan,nan,nan
1.4553924295e-04,8.9908097515e-05,-2.5516134574e+00,-2.4955122131e+00,-1.6592335859e+01,1.2911194516e+01,-2.1176930289e+00,-1.7026256287e+01,2.9997009597e-02,1.7026256287e+01,0.0000000000e+00,nan,nan,nan,nan,nan,nan
2.5046142759e-04,6.6794917818e-05,-3.5697416642e+00,-5.3837019108e+00,-1.3173298404e+01,1.2492895871e+01,-1.1587432404e+00,-1.5584296828e+01,-1.0776847363e-04,1.5584296828e+01,0.0000000000e+00,nan,nan,nan,nan,nan,nan
-3.2814880469e-04,2.1578123982e-05,8.2883313202e+01,4.5920635350e+01,4.0407367622e+00,1.0482730132e+02,1.0398409562e+02,-1.7060045655e+01,1.0398409562e+02,1.7060045646e+01,0.0000000000e+00,nan,nan,nan,nan,nan,nan
-1.8449180730e-04,5.4468636602e-05,6.5792886149e+01,2.8045904004e+01,-3.2876705515e+01,9.8290272446e+01,7.3206005573e+01,-4.0289824939e+01,7.3206005573e+01,4.0289824939e+01,0.0000000000e+00,nan,nan,nan,nan,nan,nan
-1.3209581171e-04,1.0498086922e-04,1.2288854750e+00,1.1141232740e+01,-3.0311696118e+01,3.3441435378e+01,4.7660163960e+00,-3.3848827039e+01,4.7618298089e+00,3.3848827039e+01,0.0000000000e+00,nan,nan,nan,nan,nan,nan
-1.7588781171e-04,3.4479174530e-05,1.1665744334e+02,2.7695815148e+01,-3.9651331476e+01,1.4361369049e+02,1.2141845879e+02,-4.4412346929e+01,1.2141845879e+02,4.4412346929e+01,0.0000000000e+00,nan,nan,nan,nan,nan,nan
-1.7247112961e-04,3.4420705718e-05,1.1683281004e+02,2.6726863010e+01,-4.0175348548e+01,1.4363518917e+02,1.2125654587e+02,-4.4599084385e+01,1.2125654587e+02,4.4599084385e+01,0.0000000000e+00,nan,nan,nan,nan,nan,nan
-1.8089705702e-04,3.1183918205e-05,1.2625106966e+02,2.9115379136e+01,-3.9821419661e+01,1.5240570562e+02,1.3120630017e+02,-4.4776650171e+01,1.3120630017e+02,4.4776650171e+01,0.0000000000e+00,nan,nan,nan,nan,nan,nan
-1.8434777459e-04,3.1240576120e-05,1.2615896556e+02,3.0135659595e+01,-3.9235864180e+01,1.5244788124e+02,1.3147737596e+02,-4.4554274585e+01,1.3147737596e+02,4.4554274585e+01,0.0000000000e+00,nan,nan,nan,nan,nan,nan
-1.2164752294e-04,3.5508873137e-05,1.1396713074e+02,1.3571248412e+01,-4.5066040709e+01,1.3971718177e+02,1.1511629752e+02,-4.6215207491e+01,1.1511629752e+02,4.6215207491e+01,0.0000000000e+00,nan,nan,nan,nan,nan,nan
3.1040521707e-04,5.2144255775e-05,-1.8205615633e+00,-1.0059046977e+01,-6.9605301575e+00,1.7980097301e+01,5.9902681565e+00,-1.4771359877e+01,5.9902681566e+00,1.4771359877e+01,0.0000000000e+00,nan,nan,nan,nan,nan,nan
2.7878846730e-04,7.2428584846e-05,-2.7777562031e+00,-7.7831979008e+00,-9.8979604705e+00,1.4822740157e+01,2.2200546828e+00,-1.4895771356e+01,2.2200838001e+00,1.4895771356e+01,0.0000000000e+00,nan,nan,nan,nan,nan,nan
1.7999960224e-04,1.0135952161e-04,-7.4767026520e+00,-1.1790111823e+00,-1.6708793436e+01,8.2481576863e+00,-7.3306719835e+00,-1.6854824105e+01,-5.2085552630e-06,1.6854824105e+01,0.0000000000e+00,nan,nan,nan,nan,nan,nan
2.4929297570e-04,1.0626838032e-04,-3.1826424285e+00,-6.7051989661e+00,-1.0530198373e+01,1.3242113045e+01,7.8891713047e-01,-1.4501757932e+01,7.8734974076e-01,1.4501757932e+01,0.0000000000e+00,nan,nan,nan,nan,nan,nan
1.5583019023e-04,1.1416312184e-04,-8.7322258988e+00,-9.0293534498e-01,-1.6904934290e+01,7.2515642295e+00,-8.6318875343e+00,-1.7005272654e+01,4.9314885285e-07,1.7005272654e+01,0.0000000000e+00,nan,nan,nan,nan,nan,nan
-1.1741468851e-04,8.6043919125e-05,2.2813272512e+01,1.0176632553e+01,-3.4245983630e+01,5.2462753219e+01,2.4573029134e+01,-3.6005740253e+01,2.4573029144e+01,3.6005740253e+01,0.0000000000e+00,nan,nan,nan,nan,nan,nan
3.3445542872e-04,5.9401438557e-05,-2.8989016461e+00,-1.1531310234e+01,-1.2632454463e+00,2.0019411432e+01,9.4771390333e+00,-1.3639286126e+01,9.4771390333e+00,1.3639286126e+01,0.0000000000e+00,nan,nan,nan,nan,nan,nan
9.9425225599e-05,2.1536791454e-05,1.3341490518e+02,-3.1566351181e+01,-1.6483865539e+01,1.4086300921e+02,1.3979281611e+02,-2.2861776466e+01,1.3979281611e+02,2.2861776466e+01,0.0000000000e+00,nan,nan,nan,nan,nan,nan
8.5002660210e-05,2.1107312524e-05,1.5285270047e+02,-3.5052603567e+01,-1.5855674959e+01,1.5821950896e+02,1.5984658885e+02,-2.2849563333e+01,1.5984658885e+02,2.2849563333e+01,0.0000000000e+00,nan,nan,nan,nan,nan,nan
7.0873082896e-05,2.0835937617e-05,1.6048166255e+02,-3.3385577380e+01,-1.8050052462e+01,1.6506392119e+02,1.6651550438e+02,-2.4083894289e+01,1.6651550438e+02,2.4083894289e+01,0.0000000000e+00,nan,nan,nan,nan,nan,nan
3.1099394630e-04,3.4108863797e-05,-1.1562582787e+00,-9.8741500910e+00,-8.5733956100e+00,1.8266619243e+01,5.6814105925e+00,-1.5411064481e+01,5.6814105949e+00,1.5411064481e+01,0.0000000000e+00,nan,nan,nan,nan,nan,nan
2.7573023687e-05,2.0107393779e-05,1.5778363285e+02,-1.7147548849e+01,-3.4425789735e+01,1.6908562318e+02,1.5930055162e+02,-3.5942708500e+01,1.5930055162e+02,3.5942708500e+01,0.0000000000e+00,nan,nan,nan,nan,nan,nan
9.1216154531e-06,1.9867628043e-05,1.5770895519e+02,-1.2703138460e+01,-3.9908961368e+01,1.7254974845e+02,1.5852164063e+02,-4.0721646800e+01,1.5852164063e+02,4.0721646800e+01,0.0000000000e+00,nan,nan,nan,nan,nan,nan
1.1722691763e-04,1.0533085979e-04,-5.7946384667e+00,5.3354870480e-01,-1.9474724369e+01,1.1864204125e+01,-5.7848799728e+00,-1.9484482863e+01,1.0583345947e-04,1.9484482863e+01,0.0000000000e+00,nan,nan,nan,nan,nan,nan
-1.4050538757e-04,1.9561074142e-05,1.5767715533e+02,1.7527849345e+01,-4.7541335028e+01,1.8029772360e+02,1.5916284941e+02,-4.9027029106e+01,1.5916284941e+02,4.9027029106e+01,0.0000000000e+00,nan,nan,nan,nan,nan,nan
-2.3120148090e-04,1.0637405299e-05,2.1023374620e+02,4.2138601174e+01,-3.5058254136e+01,2.2461378439e+02,2.1726857492e+02,-4.2093082850e+01,2.1726857492e+02,4.2093082850e+01,0.0000000000e+00,nan,nan,nan,nan,nan,nan
1.2815242714e-04,8.7505744941e-05,-1.6738672713e-01,-1.3021276657e+00,-1.9251851067e+01,1.6673769340e+01,-8.3013680544e-02,-1.9336224114e+01,-3.8593962044e-02,1.9336224114e+01,0.0000000000e+00,nan,nan,nan,nan,nan,nan
3.3785922473e-04,2.9455299489e-05,-6.1225900178e-01,-1.2837075988e+01,-2.6368909723e+00,2.2299129535e+01,1.1249833453e+01,-1.4498983427e+01,1.1249833453e+01,1.4498983427e+01,0.0000000000e+00,nan,nan,nan,nan,nan,nan
9.5571815652e-05,1.1440890645e-04,-7.7541776751e+00,3.7051277240e+00,-2.1661959932e+01,1.3661661702e+01,-6.8205047420e+00,-2.2595632865e+01,2.8369477730e-05,2.2595632846e+01,0.0000000000e+00,nan,nan,nan,nan,nan,nan
1.1827250118e-04,1.1889547150e-04,-9.2228192926e+00,-1.4450705876e-01,-1.7022448997e+01,6.7824201440e+00,-9.2068020490e+00,-1.7038466241e+01,5.3245702859e-08,1.7038466241e+01,0.0000000000e+00,nan,nan,nan,nan,nan,nan
1.2163377691e-04,1.2050335482e-04,-9.7670919410e+00,-1.6134104244e-01,-1.7020433246e+01,6.3015854741e+00,-9.7555405236e+00,-1.7031984663e+01,-4.3260467962e-09,1.7031984663e+01,0.0000000000e+00,nan,nan,nan,nan,nan,nan
-3.0191048399e-04,2.0579967938e-05,1.2556648065e+02,5.6644865924e+01,5.4049649718e+00,1.4302303011e+02,1.4806010774e+02,-1.7088662125e+01,1.4806010774e+02,1.7088662125e+01,0.0000000000e+00,nan,nan,nan,nan,nan,nan
-2.9309900070e-04,4.4736074982e-05,5.3258248168e+01,3.4310470414e+01,-1.8548273633e+00,7.6211537763e+01,6.9702462245e+01,-1.8299041441e+01,6.9702462246e+01,1.8299041441e+01,0.0000000000e+00,nan,nan,nan,nan,nan,nan
-2.6285219390e-04,4.4437360676e-05,6.5470421088e+01,4.4789223097e+01,-1.2692827642e+01,1.0295164728e+02,8.5827957995e+01,-3.3050364549e+01,8.5827957995e+01,3.3050364549e+01,0.0000000000e+00,nan,nan,nan,nan,nan,nan
-2.0748560667e-04,3.0017298416e-05,1.3032148693e+02,3.7305894101e+01,-3.4912512615e+01,1.5700603971e+02,1.3835196645e+02,-4.2942992133e+01,1.3835196645e+02,4.2942992133e+01,0.0000000000e+00,nan,nan,nan,nan,nan,nan
-2.1086119199e-04,3.0106218909e-05,1.2998110051e+02,3.8397566080e+01,-3.4040828696e+01,1.5684215284e+02,1.3852299507e+02,-4.2582723252e+01,1.3852299507e+02,4.2582723252e+01,0.0000000000e+00,nan,nan,nan,nan,nan,nan
-2.5402606829e-04,5.3958830267e-05,4.1916661521e+01,3.9640380501e+01,-1.5795876317e+01,8.4917321492e+01,6.2087431025e+01,-3.5966645820e+01,6.2087431025e+01,3.5966645820e+01,0.0000000000e+00,nan,nan,nan,nan,nan,nan
-3.3495917747e-04,1.6348508762e-05,1.0050982938e+02,5.2443359021e+01,6.3738726429e+00,1.2204807153e+02,1.2390633797e+02,-1.7022635942e+01,1.2390633797e+02,1.7022635786e+01,0.0000000000e+00,nan,nan,nan,nan,nan,nan
-3.2509389004e-04,2.0683095013e-05,9.3561122329e+01,4.9245650662e+01,4.8831063929e+00,1.1477496551e+02,1.1548747159e+02,-1.7043242870e+01,1.1548747159e+02,1.7043242870e+01,0.0000000000e+00,nan,nan,nan,nan,nan,nan
-3.3161186342e-04,1.5639773789e-05,1.0549148993e+02,5.3121096218e+01,6.0098852483e+00,1.2604681631e+02,1.2852385092e+02,-1.7022475737e+01,1.2852385092e+02,1.7022475791e+01,0.0000000000e+00,nan,nan,nan,nan,nan,nan
-1.7289659156e-04,9.5875279159e-05,3.9756006275e+00,1.6744510869e+01,-2.7897956181e+01,4.0036021439e+01,1.1153629978e+01,-3.5075985532e+01,1.1153674993e+01,3.5075985532e+01,0.0000000000e+00,nan,nan,nan,nan,nan,nan
2.4125673269e-04,1.3372213457e-04,-1.5609323564e+00,-6.8717505181e+00,-9.9949015156e+00,1.3964105453e+01,2.2842631062e+00,-1.3840096978e+01,2.2842518994e+00,1.3840096978e+01,0.0000000000e+00,nan,nan,nan,nan,nan,nan
3.5236326100e-04,5.4432956967e-05,-3.9483191053e+00,-1.2182704265e+01,3.7456515276e+00,2.2122421852e+01,1.2671052423e+01,-1.2873720000e+01,1.2671052423e+01,1.2873720000e+01,0.0000000000e+00,nan,nan,nan,nan,nan,nan
3.5564476788e-04,5.0952572627e-05,-3.9461817557e+00,-1.2501484530e+01,4.9134571759e+00,2.2965963015e+01,1.3743042639e+01,-1.2775767219e+01,1.3743042639e+01,1.2775767220e+01,0.0000000000e+00,nan,nan,nan,nan,nan,nan
2.1908060732e-04,1.4258582045e-04,-6.8481337165e-01,-6.3589552264e+00,-1.0975725705e+01,1.4167445024e+01,2.3493086600e+00,-1.4009847737e+01,2.3491632479e+00,1.4009847737e+01,0.0000000000e+00,nan,nan,nan,nan,nan,nan
-1.7554580510e-04,9.6170892044e-05,3.0255783575e+00,1.6882426226e+01,-2.7614534087e+01,3.9483736768e+01,1.0501468187e+01,-3.5090423916e+01,1.0501500063e+01,3.5090423916e+01,0.0000000000e+00,nan,nan,nan,nan,nan,nan
1.7318169917e-04,1.5049717166e-04,-1.0958950558e-01,-4.9644852386e+00,-1.2991343741e+01,1.4084090881e+01,1.5809870383e+00,-1.4681920285e+01,1.6108174280e+00,1.4681920285e+01,0.0000000000e+00,nan,nan,nan,nan,nan,nan
2.0389282773e-04,1.4561224248e-04,-3.7599953146e-01,-5.9875449487e+00,-1.1632491282e+01,1.4232387742e+01,2.2128274871e+00,-1.4221318301e+01,2.2140091396e+00,1.4221318301e+01,0.0000000000e+00,nan,nan,nan,nan,nan,nan
-2.9012261960e-04,5.4454791098e-05,1.9550520168e+01,3.5049688287e+01,-6.5978302371e+00,6.4758113573e+01,4.3864459269e+01,-3.0911769338e+01,4.3864459269e+01,3.0911769338e+01,0.0000000000e+00,nan,nan,nan,nan,nan,nan
1.6548894827e-04,1.5138444569e-04,-2.6702828532e-01,-4.5127038123e+00,-1.3442542635e+01,1.3829372400e+01,1.1296064177e+00,-1.4839177338e+01,1.0972660358e+00,1.4839177338e+01,0.0000000000e+00,nan,nan,nan,nan,nan,nan
3.6336015654e-04,1.9697301345e-05,4.6592339025e-01,-1.5409550839e+01,7.6150705164e+00,2.7392648038e+01,1.9855649672e+01,-1.1774655765e+01,1.9855649672e+01,1.1774658055e+01,0.0000000000e+00,nan,nan,nan,nan,nan,nan
3.6715085193e-04,1.9933362731e-05,4.7898887092e-01,-1.5833676495e+01,9.8836341340e+00,2.8600722208e+01,2.1693946168e+01,-1.1331323163e+01,2.1693946168e+01,1.1331306175e+01,0.0000000000e+00,nan,nan,nan,nan,nan,nan
3.2345568743e-04,1.7474789345e-05,-1.0608871332e+00,-1.0830605051e+01,-7.9868940062e+00,1.9692753553e+01,6.8457259952e+00,-1.5893507135e+01,6.8457259952e+00,1.5893507135e+01,0.0000000000e+00,nan,nan,nan,nan,nan,nan
3.2016409241e-04,2.0763470810e-05,-9.4380863161e-01,-1.0561006355e+01,-8.2726739198e+00,1.9359603274e+01,6.5690308858e+00,-1.5785513437e+01,6.5690308857e+00,1.5785513437e+01,0.0000000000e+00,nan,nan,nan,nan,nan,nan
3.1934027827e-04,1.7141156287e-05,-1.1272952929e+00,-1.0430837041e+01,-8.7899473953e+00,1.9244347270e+01,6.1521077329e+00,-1.6069350421e+01,6.1521077329e+00,1.6069350421e+01,0.0000000000e+00,nan,nan,nan,nan,nan,nan
2.9458604184e-04,1.5193414205e-05,1.7441219928e+01,-1.7717717856e+01,-7.9265400312e+00,3.7749528809e+01,2.6552040568e+01,-1.7037360671e+01,2.6552040569e+01,1.7037360671e+01,0.0000000000e+00,nan,nan,nan,nan,nan,nan
2.9056442630e-04,1.5062069721e-05,2.1045502354e+01,-1.9624227757e+01,-7.0138910394e+00,4.1782039309e+01,3.1138677300e+01,-1.7107065985e+01,3.1138677400e+01,1.7107065985e+01,0.0000000000e+00,nan,nan,nan,nan,nan,nan
2.9865224799e-04,1.5377111674e-05,1.1201680646e+01,-1.4896710779e+01,-9.1343474743e+00,3.1261444186e+01,1.9082469802e+01,-1.7015136630e+01,1.9082469789e+01,1.7015136630e+01,0.0000000000e+00,nan,nan,nan,nan,nan,nan
-3.4197077645e-04,3.1148048856e-05,5.1415864554e+01,3.5320856106e+01,3.2847329335e+00,7.3994247951e+01,7.0070897717e+01,-1.5370300229e+01,7.0070897717e+01,1.5370300753e+01,0.0000000000e+00,nan,nan,nan,nan,nan,nan
-3.0410202481e-04,4.8580339026e-05,4.5243819583e+01,2.9479551578e+01,-2.7168377406e+00,6.5796857168e+01,5.9251324119e+01,-1.6724342277e+01,5.9251324119e+01,1.6724342277e+01,0.0000000000e+00,nan,nan,nan,nan,nan,nan
-3.0708372458e-04,4.7612633777e-05,4.4137720185e+01,2.9563446288e+01,-3.0857628178e+00,6.5595570078e+01,5.8397598726e+01,-1.7345641358e+01,5.8397598726e+01,1.7345641358e+01,0.0000000000e+00,nan,nan,nan,nan,nan,nan
3.7159633105e-04,2.8618104541e-05,-2.3465504787e+00,-1.5209215132e+01,1.3133025496e+01,2.9544742699e+01,2.2450902659e+01,-1.1664427642e+01,2.2450902659e+01,1.1664428119e+01,0.0000000000e+00,nan,nan,nan,nan,nan,nan
3.1961224188e-04,9.1424334048e-05,-3.8058886600e+00,-9.4426443738e+00,-3.4695936873e+00,1.6355846676e+01,5.8053113078e+00,-1.3080793655e+01,5.8053113078e+00,1.3080793655e+01,0.0000000000e+00,nan,nan,nan,nan,nan,nan
3.1625907649e-04,9.4575596223e-05,-3.7270870252e+00,-9.2614833034e+00,-3.9300612369e+00,1.6040605285e+01,5.4324736485e+00,-1.3089621911e+01,5.4324736485e+00,1.3089621911e+01,0.0000000000e+00,nan,nan,nan,nan,nan,nan
-1.9075220452e-04,7.4285991865e-06,2.0558368308e+02,2.7846182380e+01,-4.5191547249e+01,2.2246711515e+02,2.0863751673e+02,-4.8245380899e+01,2.0863751673e+02,4.8245380899e+01,0.0000000000e+00,nan,nan,nan,nan,nan,nan
-2.1783419220e-04,7.4901876481e-06,2.1610764119e+02,3.5824167667e+01,-4.0037659492e+01,2.3034016705e+02,2.2102194830e+02,-4.4951966602e+01,2.2102194830e+02,4.4951966602e+01,0.0000000000e+00,nan,nan,nan,nan,nan,nan
-2.4479835040e-04,7.6012547541e-06,2.3093393820e+02,4.6124796914e+01,-3.0986356917e+01,2.4048227922e+02,2.3881629928e+02,-3.8868718006e+01,2.3881629928e+02,3.8868718006e+01,0.0000000000e+00,nan,nan,nan,nan,nan,nan
-2.4860380475e-04,7.6265629284e-06,2.3335807269e+02,4.7892030813e+01,-2.9158346193e+01,2.4200079727e+02,2.4181908870e+02,-3.7619362200e+01,2.4181908870e+02,3.7619362200e+01,0.0000000000e+00,nan,nan,nan,nan,nan,nan
-2.5239224499e-04,7.6615593559e-06,2.3577875663e+02,4.9761425869e+01,-2.7141756863e+01,2.4345627666e+02,2.4487804674e+02,-3.6241046980e+01,2.4487804674e+02,3.6241046979e+01,0.0000000000e+00,nan,nan,nan,nan,nan,nan
-2.5616977154e-04,7.6958531070e-06,2.3821007757e+02,5.1738530927e+01,-2.4913596793e+01,2.4485252937e+02,2.4801391413e+02,-3.4717433357e+01,2.4801391413e+02,3.4717433357e+01,0.0000000000e+00,nan,nan,nan,nan,nan,nan
2.9550966806e-04,1.0918008957e-04,-3.1160962897e+00,-8.4283051278e+00,-6.2608000308e+00,1.4849050284e+01,3.8846550182e+00,-1.3261551339e+01,3.8846550182e+00,1.3261551339e+01,0.0000000000e+00,nan,nan,nan,nan,nan,nan
2.9890498422e-04,1.0613956391e-04,-3.2184009689e+00,-8.5773494791e+00,-5.9464910062e+00,1.5041945112e+01,4.1020250722e+00,-1.3266917047e+01,4.1020250723e+00,1.3266917047e+01,0.0000000000e+00,nan,nan,nan,nan,nan,nan
-2.0398820171e-04,4.9876469619e-05,7.2459008170e+01,3.3663313602e+01,-3.0099526688e+01,1.0624341725e+02,8.2519406289e+01,-4.0159924807e+01,8.2519406289e+01,4.0159924807e+01,0.0000000000e+00,nan,nan,nan,nan,nan,nan
-1.5295673241e-04,3.0837009589e-05,1.2641509824e+02,2.1343237638e+01,-4.3577708737e+01,1.5178706311e+02,1.2905299650e+02,-4.6215606995e+01,1.2905299650e+02,4.6215606995e+01,0.0000000000e+00,nan,nan,nan,nan,nan,nan
-1.3530000680e-04,3.0691727717e-05,1.2635339729e+02,1.6846429072e+01,-4.5242029261e+01,1.5144235171e+02,1.2799096654e+02,-4.6879598511e+01,1.2799096654e+02,4.6879598511e+01,0.0000000000e+00,nan,nan,nan,nan,nan,nan
1.7694204740e-04,1.4810955190e-04,-7.0483716209e-01,-5.0362962164e+00,-1.2900233231e+01,1.3697245489e+01,1.1055731738e+00,-1.4710643567e+01,1.1126299152e+00,1.4710643567e+01,0.0000000000e+00,nan,nan,nan,nan,nan,nan
-8.1590120992e-05,3.0470192338e-05,1.2682521005e+02,4.6856399867e+00,-4.7674895232e+01,1.5133857347e+02,1.2695052354e+02,-4.7800208723e+01,1.2695052354e+02,4.7800208723e+01,0.0000000000e+00,nan,nan,nan,nan,nan,nan
-7.0785209579e-05,3.0465989762e-05,1.2704513121e+02,2.4684673194e+00,-4.7646627313e+01,1.5134723659e+02,1.2707961974e+02,-4.7681115839e+01,1.2707961974e+02,4.7681115839e+01,0.0000000000e+00,nan,nan,nan,nan,nan,nan
-5.2730104455e-05,3.0495936713e-05,1.2740610713e+02,-1.0847401524e+00,-4.7084708910e+01,1.5112455739e+02,1.2741250300e+02,-4.7091104778e+01,1.2741250300e+02,4.7091104778e+01,0.0000000000e+00,nan,nan,nan,nan,nan,nan
8.9518706456e-05,1.1445959214e-04,-7.0217345849e+00,4.0406711883e+00,-2.1311264929e+01,1.4233800653e+01,-5.9486111182e+00,-2.2384388396e+01,-7.9570088643e-05,2.2384388444e+01,0.0000000000e+00,nan,nan,nan,nan,nan,nan
1.0821097849e-04,8.9906707608e-05,5.4675801380e-01,8.0807115129e-01,-2.2839176513e+01,2.0306661154e+01,5.7784703374e-01,-2.2870265533e+01,5.2761742215e-01,2.2870265533e+01,0.0000000000e+00,nan,nan,nan,nan,nan,nan
2.7005186621e-04,1.1847649086e-04,-2.5042535756e+00,-7.6697818791e+00,-8.4067022202e+00,1.4233301241e+01,2.7621224051e+00,-1.3673078201e+01,2.7621225494e+00,1.3673078201e+01,0.0000000000e+00,nan,nan,nan,nan,nan,nan
2.6956722024e-04,1.1465003383e-04,-2.6286621945e+00,-7.6744323523e+00,-8.5610044053e+00,1.4250145624e+01,2.6324921120e+00,-1.3822158712e+01,2.6324918971e+00,1.3822158712e+01,0.0000000000e+00,nan,nan,nan,nan,nan,nan
2.7053536463e-04,1.2230516915e-04,-2.3689481794e+00,-7.6459105289e+00,-8.2706644553e+00,1.4194461201e+01,2.8753696783e+00,-1.3514982313e+01,2.8753696234e+00,1.3514982313e+01,0.0000000000e+00,nan,nan,nan,nan,nan,nan
2.6707868202e-04,1.2521546039e-04,-2.2088768651e+00,-7.5339168175e+00,-8.4714460022e+00,1.4130649845e+01,2.8181730582e+00,-1.3498495926e+01,2.8181730275e+00,1.3498495926e+01,0.0000000000e+00,nan,nan,nan,nan,nan,nan
1.5397851944e-04,1.6244552985e-05,9.4031344091e+01,-2.3647078971e+01,-1.7058019112e+01,1.0456592386e+02,9.8857826776e+01,-2.1884501797e+01,9.8857826776e+01,2.1884501797e+01,0.0000000000e+00,nan,nan,nan,nan,nan,nan
1.8606389260e-04,9.2635855473e-05,-6.9251778521e+00,-1.2923582244e+00,-1.6769649755e+01,8.8138599629e+00,-6.7587293814e+00,-1.6936098226e+01,-7.3890705090e-05,1.6936098226e+01,0.0000000000e+00,nan,nan,nan,nan,nan,nan
2.0905997819e-04,2.0687429621e-05,3.9442861594e+01,-1.6342648263e+01,-1.4165861770e+01,5.4376201075e+01,4.4032614240e+01,-1.8755614416e+01,4.4032614239e+01,1.8755614416e+01,0.0000000000e+00,nan,nan,nan,nan,nan,nan
2.4522131327e-04,1.3471881772e-04,-1.4721113999e+00,-6.9703392433e+00,-9.7316576732e+00,1.4032279588e+01,2.4996558609e+00,-1.3703424934e+01,2.4996588589e+00,1.3703424934e+01,0.0000000000e+00,nan,nan,nan,nan,nan,nan
3.2440751947e-04,6.9281266354e-05,-3.0594487831e+00,-1.0622152154e+01,-3.1239979056e+00,1.8395591904e+01,7.5289765934e+00,-1.3712423282e+01,7.5289765934e+00,1.3712423282e+01,0.0000000000e+00,nan,nan,nan,nan,nan,nan
2.2019855398e-04,5.3297155650e-05,3.6853589043e+00,-6.5035750001e+00,-1.4982147729e+01,1.9719919507e+01,5.7369064237e+00,-1.7033695248e+01,5.7829810058e+00,1.7033695248e+01,0.0000000000e+00,nan,nan,nan,nan,nan,nan
2.7148991186e-04,1.0025645949e-04,-2.9482600359e+00,-7.7130055307e+00,-8.9644150541e+00,1.4338577133e+01,2.3220438224e+00,-1.4234718912e+01,2.3220443185e+00,1.4234718912e+01,0.0000000000e+00,nan,nan,nan,nan,nan,nan
2.9092369985e-04,5.2864870124e-05,-2.0939914927e+00,-8.3820494436e+00,-9.9466866694e+00,1.6029980352e+01,3.2345743902e+00,-1.5275252552e+01,3.2345783652e+00,1.5275252552e+01,0.0000000000e+00,nan,nan,nan,nan,nan,nan
-1.3560419994e-04,3.5627603519e-05,1.1362351615e+02,1.6967971655e+01,-4.3993802765e+01,1.3962733290e+02,1.1542873496e+02,-4.5799021524e+01,1.1542873496e+02,4.5799021524e+01,0.0000000000e+00,nan,nan,nan,nan,nan,nan
2.7720807363e-04,8.6724907785e-05,-2.9538854614e+00,-7.8912248916e+00,-9.1181107385e+00,1.4672454020e+01,2.4351471781e+00,-1.4507143378e+01,2.4351430126e+00,1.4507143378e+01,0.0000000000e+00,nan,nan,nan,nan,nan,nan
2.4907344292e-04,2.4476658616e-05,2.4102006175e+01,-1.5023105070e+01,-1.3228801404e+01,4.1498183408e+01,2.9395589747e+01,-1.8522384976e+01,2.9395592753e+01,1.8522384976e+01,0.0000000000e+00,nan,nan,nan,nan,nan,nan
-1.5450837980e-04,6.8215139823e-05,4.4626594810e+01,1.9161222990e+01,-3.4202062038e+01,7.5905403958e+01,4.9036271794e+01,-3.8611739022e+01,4.9036271794e+01,3.8611739022e+01,0.0000000000e+00,nan,nan,nan,nan,nan,nan
2.5272832119e-04,1.0341077636e-04,-3.1924958425e+00,-6.8120505091e+00,-1.0415378801e+01,1.3353743109e+01,9.0584985679e-01,-1.4513724501e+01,9.0357734789e-01,1.4513724501e+01,0.0000000000e+00,nan,nan,nan,nan,nan,nan
2.3625419606e-04,9.5824457455e-05,-4.0196064427e+00,-5.5261014797e+00,-1.2159801254e+01,1.1886282525e+01,-1.2271554332e+00,-1.4952252264e+01,4.9914467514e-05,1.4952252264e+01,0.0000000000e+00,nan,nan,nan,nan,nan,nan
2.3225894657e-04,9.4833334730e-05,-4.2327144429e+00,-5.2010869960e+00,-1.2536235708e+01,1.1525406308e+01,-1.7302786409e+00,-1.5038671510e+01,-1.2992555525e-04,1.5038671510e+01,0.0000000000e+00,nan,nan,nan,nan,nan,nan
2.3164872592e-04,9.1069620478e-05,-4.3469871479e+00,-4.9739943382e+00,-1.2856439598e+01,1.1335536760e+01,-2.0571381729e+00,-1.5146288573e+01,2.3665753555e-06,1.5146288573e+01,0.0000000000e+00,nan,nan,nan,nan,nan,nan
2.0228989234e-04,5.9382552589e-05,4.3398010725e+00,-6.2011326588e+00,-1.5234430124e+01,2.0078145648e+01,6.1448082689e+00,-1.7039437321e+01,6.2127629107e+00,1.7039437321e+01,0.0000000000e+00,nan,nan,nan,nan,nan,nan
-3.3834030361e-04,1.7107877542e-05,8.6701157466e+01,4.8157793471e+01,5.3131049978e+00,1.0920109544e+02,1.0905441308e+02,-1.7040150615e+01,1.0905441308e+02,1.7040150891e+01,0.0000000000e+00,nan,nan,nan,nan,nan,nan
-2.2966923015e-04,8.0718949088e-05,1.3493627895e+00,2.4139100952e+01,-2.1306373694e+01,4.6179707843e+01,1.6683361302e+01,-3.6640372206e+01,1.6683361302e+01,3.6640372206e+01,0.0000000000e+00,nan,nan,nan,nan,nan,nan
2.2492940202e-04,2.2219186688e-05,3.0879587809e+01,-1.5072864785e+01,-1.3997552866e+01,4.6819559786e+01,3.5472302917e+01,-1.8590267974e+01,3.5472303003e+01,1.8590267974e+01,0.0000000000e+00,nan,nan,nan,nan,nan,nan
2.1697578582e-04,2.1446716755e-05,3.4829945769e+01,-1.5664257117e+01,-1.4066112260e+01,5.0292073434e+01,3.9418058889e+01,-1.8654225381e+01,3.9418058899e+01,1.8654225381e+01,0.0000000000e+00,nan,nan,nan,nan,nan,nan
1.5774668104e-04,1.0076410241e-04,-6.9650463201e+00,-1.0922324711e+00,-1.6891425999e+01,8.8067752678e+00,-6.8436420880e+00,-1.7012830231e+01,2.6769234877e-05,1.7012830231e+01,0.0000000000e+00,nan,nan,nan,nan,nan,nan
1.6185434614e-04,1.6747816954e-05,8.2830527050e+01,-2.1880630884e+01,-1.6573407261e+01,9.4062529149e+01,8.7435586420e+01,-2.1178466630e+01,8.7435586420e+01,2.1178466630e+01,0.0000000000e+00,nan,nan,nan,nan,nan,nan
3.3848934604e-04,3.3236563513e-05,-8.3887314799e-01,-1.2890553172e+01,-2.0036993255e+00,2.2345377139e+01,1.1479823270e+01,-1.4322395743e+01,1.1479823270e+01,1.4322395743e+01,0.0000000000e+00,nan,nan,nan,nan,nan,nan
1.7289671027e-04,1.4293023492e-04,-2.5725943918e+00,-4.4018571513e+00,-1.3512115866e+01,1.2159786897e+01,-1.0218988903e+00,-1.5062811367e+01,-7.3218803221e-03,1.5062811367e+01,0.0000000000e+00,nan,nan,nan,nan,nan,nan
1.5715259219e-04,1.2931660346e-04,-7.6961543346e+00,-1.8554394844e+00,-1.6684710257e+01,8.4235708705e+00,-7.3270813863e+00,-1.7053783206e+01,-2.9758078704e-05,1.7053783206e+01,0.0000000000e+00,nan,nan,nan,nan,nan,nan
3.1604786656e-04,2.0395037338e-05,-1.0409285568e+00,-1.0121931794e+01,-9.0899224832e+00,1.8864864339e+01,5.8262089841e+00,-1.5957060024e+01,5.8262089842e+00,1.5957060024e+01,0.0000000000e+00,nan,nan,nan,nan,nan,nan
3.1521466016e-04,1.6783627088e-05,-1.0094717062e+00,-1.0140307342e+01,-9.4537381876e+00,1.9021752359e+01,5.7506088980e+00,-1.6213818792e+01,5.7506088981e+00,1.6213818792e+01,0.0000000000e+00,nan,nan,nan,nan,nan,nan
6.7048259806e-05,1.0935196227e-04,-1.2742474319e+00,5.1674815791e+00,-2.0526180926e+01,1.8934702448e+01,3.1741376585e-02,-2.1832169734e+01,5.6618924644e-01,2.1832169738e+01,0.0000000000e+00,nan,nan,nan,nan,nan,nan
1.2607012825e-04,9.6079829326e-05,-2.7524974427e+00,-1.2344501069e+00,-1.8096219430e+01,1.3444724420e+01,-2.6620431733e+00,-1.8186673699e+01,2.5414724999e-03,1.8186673699e+01,0.0000000000e+00,nan,nan,nan,nan,nan,nan
1.8524346740e-04,6.8469166923e-05,1.1761082330e+00,-4.6754762988e+00,-1.5832651252e+01,1.6815722074e+01,2.3802901564e+00,-1.7036833175e+01,2.2735156678e+00,1.7036833176e+01,0.0000000000e+00,nan,nan,nan,nan,nan,nan
-1.9435656528e-04,1.2002981263e-05,1.9113582594e+02,3.0277742477e+01,-4.3351957045e+01,2.0973263510e+02,1.9498112778e+02,-4.7197258883e+01,1.9498112778e+02,4.7197258883e+01,0.0000000000e+00,nan,nan,nan,nan,nan,nan
-2.0193307362e-04,1.2032414269e-05,1.9335378492e+02,3.2560228670e+01,-4.2004819113e+01,2.1148236427e+02,1.9777388285e+02,-4.6424917038e+01,1.9777388285e+02,4.6424917038e+01,0.0000000000e+00,nan,nan,nan,nan,nan,nan
-2.7499686540e-04,4.7733211553e-05,4.8567327617e+01,4.1576087546e+01,-8.6405884015e+00,8.7399287504e+01,7.0423371776e+01,-3.0496632560e+01,7.0423371776e+01,3.0496632560e+01,0.0000000000e+00,nan,nan,nan,nan,nan,nan
-1.9037656458e-04,2.9659740870e-05,1.3118624207e+02,3.1910144070e+01,-3.8648785639e+01,1.5712079139e+02,1.3698245942e+02,-4.4445002988e+01,1.3698245942e+02,4.4445002988e+01,0.0000000000e+00,nan,nan,nan,nan,nan,nan
-1.7216934201e-04,5.3909693507e-05,6.8950250036e+01,2.5163488849e+01,-3.5032533523e+01,1.0004234241e+02,7.4718331581e+01,-4.0800615067e+01,7.4718331581e+01,4.0800615067e+01,0.0000000000e+00,nan,nan,nan,nan,nan,nan
-1.5337149470e-04,5.3274391905e-05,7.2397793344e+01,2.0635928566e+01,-3.7744850603e+01,1.0186122077e+02,7.6136074603e+01,-4.1483131862e+01,7.6136074603e+01,4.1483131862e+01,0.0000000000e+00,nan,nan,nan,nan,nan,nan
-1.1747894840e-04,3.0583312099e-05,1.2637172861e+02,1.2581808157e+01,-4.6479942949e+01,1.5127090619e+02,1.2728219124e+02,-4.7390405579e+01,1.2728219124e+02,4.7390405579e+01,0.0000000000e+00,nan,nan,nan,nan,nan,nan
-1.0315469209e-04,3.0521233230e-05,1.2648605415e+02,9.3272099453e+00,-4.7172432356e+01,1.5125702695e+02,1.2698509612e+02,-4.7671474327e+01,1.2698509612e+02,4.7671474327e+01,0.0000000000e+00,nan,nan,nan,nan,nan,nan
-9.5975108559e-05,3.0498360233e-05,1.2657885876e+02,7.7487564760e+00,-4.7415413076e+01,1.5127919381e+02,1.2692280611e+02,-4.7759360428e+01,1.2692280611e+02,4.7759360428e+01,0.0000000000e+00,nan,nan,nan,nan,nan,nan
-5.9965677197e-05,3.0476037539e-05,1.2727435845e+02,3.1722955486e-01,-4.7395659136e+01,1.5126904729e+02,1.2727457483e+02,-4.7395875513e+01,1.2727457483e+02,4.7395875513e+01,0.0000000000e+00,nan,nan,nan,nan,nan,nan
-1.7646221716e-04,2.9450742476e-05,1.3126091427e+02,2.7763500475e+01,-4.1010225022e+01,1.5674759593e+02,1.3562361133e+02,-4.5372922084e+01,1.3562361133e+02,4.5372922084e+01,0.0000000000e+00,nan,nan,nan,nan,nan,nan
1.4286900186e-04,9.5542027286e-05,-4.3498746573e+00,-1.7631426883e+00,-1.6776923356e+01,1.1193256045e+01,-4.1009696159e+00,-1.7025828398e+01,-7.9247537959e-03,1.7025828398e+01,0.0000000000e+00,nan,nan,nan,nan,nan,nan
-1.7532324558e-04,7.4069004263e-06,2.0112352453e+02,2.3913743885e+01,-4.7199306063e+01,2.1900504508e+02,2.0340473097e+02,-4.9480512498e+01,2.0340473097e+02,4.9480512498e+01,0.0000000000e+00,nan,nan,nan,nan,nan,nan
-2.0237685917e-04,7.4507452154e-06,2.0963259416e+02,3.1070721419e+01,-4.3291884805e+01,2.2555111704e+02,2.1339235281e+02,-4.7051643461e+01,2.1339235281e+02,4.7051643461e+01,0.0000000000e+00,nan,nan,nan,nan,nan,nan
-2.2938453394e-04,7.5304673595e-06,2.2188190920e+02,3.9846135771e+01,-3.6833995899e+01,2.3443949806e+02,2.2787766396e+02,-4.2829750660e+01,2.2787766396e+02,4.2829750660e+01,0.0000000000e+00,nan,nan,nan,nan,nan,nan
-1.6592243876e-04,5.3672756816e-05,7.0254723460e+01,2.3667393690e+01,-3.6007194354e+01,1.0074082073e+02,7.5286504523e+01,-4.1038975417e+01,7.5286504523e+01,4.1038975417e+01,0.0000000000e+00,nan,nan,nan,nan,nan,nan
2.0022077364e-04,1.4820123620e-04,9.9816210061e-02,-5.9257832303e+00,-1.1731205283e+01,1.4501592928e+01,2.5568040443e+00,-1.4188193117e+01,2.5574101938e+00,1.4188193117e+01,0.0000000000e+00,nan,nan,nan,nan,nan,nan
-2.7450708865e-04,6.3147117720e-05,3.7490602053e+00,3.1747577944e+01,-1.1224531543e+01,5.6476343019e+01,2.8868896189e+01,-3.6344367521e+01,2.8868896196e+01,3.6344367525e+01,0.0000000000e+00,nan,nan,nan,nan,nan,nan
1.7710210163e-04,1.5187456899e-04,5.5779790274e-01,-5.2238257066e+00,-1.2706427508e+01,1.4621264153e+01,2.3672759919e+00,-1.4515905597e+01,2.3611132862e+00,1.4515905597e+01,0.0000000000e+00,nan,nan,nan,nan,nan,nan
-3.0833296366e-04,4.5106302479e-05,4.6759191595e+01,3.0512604144e+01,-2.6348605651e+00,6.8028683483e+01,6.1338544236e+01,-1.7214213206e+01,6.1338544236e+01,1.7214213206e+01,0.0000000000e+00,nan,nan,nan,nan,nan,nan
-2.3420792902e-04,7.7149042440e-05,4.1805334855e+00,2.6012238116e+01,-2.0444127620e+01,4.9840713669e+01,2.0643752386e+01,-3.6907346520e+01,2.0643752386e+01,3.6907346520e+01,0.0000000000e+00,nan,nan,nan,nan,nan,nan
1.8736099040e-04,1.0017117714e-04,-6.8719266505e+00,-1.8405022229e+00,-1.5932220388e+01,8.4611326412e+00,-6.5170363114e+00,-1.6287110727e+01,-1.9129524569e-06,1.6287110727e+01,0.0000000000e+00,nan,nan,nan,nan,nan,nan
1.8059261712e-04,1.0514504073e-04,-7.3261081188e+00,-1.5128294206e+00,-1.6160438840e+01,8.0810573132e+00,-7.0776728644e+00,-1.6408874095e+01,1.1737094925e-06,1.6408874095e+01,0.0000000000e+00,nan,nan,nan,nan,nan,nan
-2.4938918018e-04,4.4229018688e-05,7.2943817352e+01,4.4430501452e+01,-1.7873316658e+01,1.1003100820e+02,9.1061682550e+01,-3.5991181856e+01,9.1061682550e+01,3.5991181856e+01,0.0000000000e+00,nan,nan,nan,nan,nan,nan
2.6333572377e-04,7.3026682365e-05,-3.1722509769e+00,-6.6308734217e+00,-1.1483805405e+01,1.3552660000e+01,4.9660370874e-01,-1.5152660090e+01,5.0635739105e-01,1.5152660090e+01,0.0000000000e+00,nan,nan,nan,nan,nan,nan
-1.3462382376e-04,8.6790698627e-05,2.0585415688e+01,1.3159491343e+01,-3.2740342365e+01,5.1498116001e+01,2.3654987798e+01,-3.5809914474e+01,2.3654987823e+01,3.5809914474e+01,0.0000000000e+00,nan,nan,nan,nan,nan,nan
3.2566459968e-04,5.0526092112e-05,-1.8571204039e+00,-1.1358640079e+01,-3.9571466831e+00,1.9754475241e+01,8.4981180547e+00,-1.4312385142e+01,8.4981180547e+00,1.4312385142e+01,0.0000000000e+00,nan,nan,nan,nan,nan,nan
-1.8880972911e-04,6.8413625585e-05,3.7584570722e+01,2.5794645066e+01,-2.9241369448e+01,7.3109317648e+01,4.6381284861e+01,-3.8038083587e+01,4.6381284861e+01,3.8038083587e+01,0.0000000000e+00,nan,nan,nan,nan,nan,nan
1.4333509226e-04,9.9018020346e-05,-5.4733851228e+00,-1.3714823082e+00,-1.6856190439e+01,1.0145952557e+01,-5.3070193411e+00,-1.7022556221e+01,9.0716794287e-04,1.7022556221e+01,0.0000000000e+00,nan,nan,nan,nan,nan,nan
1.3121885471e-04,8.5418329479e-05,6.7365098899e-01,-1.8745139158e+00,-1.8666503863e+01,1.7049727866e+01,8.4723853598e-01,-1.8840091410e+01,8.4788893465e-01,1.8840091410e+01,0.0000000000e+00,nan,nan,nan,nan,nan,nan
-2.2519042876e-04,5.7818231915e-05,4.6528716557e+01,3.5281524894e+01,-2.3443386582e+01,8.6056264152e+01,6.1227272261e+01,-3.8141942286e+01,6.1227272261e+01,3.8141942286e+01,0.0000000000e+00,nan,nan,nan,nan,nan,nan
3.0690676908e-04,3.3628217715e-05,-1.2321045038e+00,-9.4565947848e+00,-9.3146326975e+00,1.7809992628e+01,5.0092354374e+00,-1.5555972639e+01,5.0092354217e+00,1.5555972639e+01,0.0000000000e+00,nan,nan,nan,nan,nan,nan
3.4448861627e-04,2.2478008113e-05,-2.9793439143e-01,-1.3540352917e+01,-1.0308051938e+00,2.3456320454e+01,1.2878143136e+01,-1.4206882721e+01,1.2878143136e+01,1.4206882741e+01,0.0000000000e+00,nan,nan,nan,nan,nan,nan
1.9001027505e-04,5.4062997072e-05,1.7573763503e+01,-9.6894956331e+00,-1.4363309343e+01,3.2351803405e+01,2.0283549484e+01,-1.7073095324e+01,2.0283645157e+01,1.7073095324e+01,0.0000000000e+00,nan,nan,nan,nan,nan,nan
2.2305971172e-04,1.4366930739e-04,-5.0852617690e-01,-6.4610829163e+00,-1.0749381042e+01,1.4278350166e+01,2.6146557022e+00,-1.3872562922e+01,2.6147086280e+00,1.3872562922e+01,0.0000000000e+00,nan,nan,nan,nan,nan,nan
-1.9470708711e-04,9.2190457870e-05,1.8916692184e+00,1.9148557691e+01,-2.5837278867e+01,4.0944276342e+01,1.1666384144e+01,-3.5611993792e+01,1.1666384138e+01,3.5611993792e+01,0.0000000000e+00,nan,nan,nan,nan,nan,nan
2.6117203853e-04,1.0903652682e-04,-2.8482100511e+00,-7.3306801415e+00,-9.4640746896e+00,1.3929374565e+01,1.8859857842e+00,-1.4198270525e+01,1.8860129402e+00,1.4198270525e+01,0.0000000000e+00,nan,nan,nan,nan,nan,nan
2.7398235122e-04,1.1937780722e-04,-2.5127559563e+00,-7.7627292049e+00,-8.0607907391e+00,1.4277421274e+01,2.9562996684e+00,-1.3529846364e+01,2.9562996513e+00,1.3529846364e+01,0.0000000000e+00,nan,nan,nan,nan,nan,nan
2.7446471076e-04,1.2321438146e-04,-2.3917580838e+00,-7.7173960948e+00,-7.9372186321e+00,1.4202716762e+01,3.0354539876e+00,-1.3364430703e+01,3.0354539981e+00,1.3364430703e+01,0.0000000000e+00,nan,nan,nan,nan,nan,nan
2.2226807506e-04,1.3611125271e-04,-1.5275662503e+00,-6.3528840052e+00,-1.0995636821e+01,1.3722157375e+01,1.6608897188e+00,-1.4184092790e+01,1.6617990360e+00,1.4184092790e+01,0.0000000000e+00,nan,nan,nan,nan,nan,nan
3.6508272909e-04,3.6053801183e-05,-3.0039299652e+00,-1.4216893979e+01,9.2829378833e+00,2.6815247255e+01,1.8621294180e+01,-1.2342286262e+01,1.8621294180e+01,1.2342286858e+01,0.0000000000e+00,nan,nan,nan,nan,nan,nan
2.4873151421e-04,1.3190460270e-04,-1.7011723203e+00,-7.0592671402e+00,-9.5815344235e+00,1.4002089162e+01,2.4427565748e+00,-1.3725463319e+01,2.4427598340e+00,1.3725463319e+01,0.0000000000e+00,nan,nan,nan,nan,nan,nan
2.5269020123e-04,1.3287763680e-04,-1.6462047540e+00,-7.1476134600e+00,-9.3056994744e+00,1.4044499602e+01,2.6326435119e+00,-1.3584547740e+01,2.6326425876e+00,1.3584547740e+01,0.0000000000e+00,nan,nan,nan,nan,nan,nan
3.1242296640e-04,9.3781987774e-05,-3.5410602601e+00,-9.2463479514e+00,-4.4782208814e+00,1.6034088181e+01,5.2476445569e+00,-1.3266925698e+01,5.2476445569e+00,1.3266925698e+01,0.0000000000e+00,nan,nan,nan,nan,nan,nan
1.7662340506e-04,1.0380368855e-04,-7.6594833565e+00,-1.0827844769e+00,-1.6763453840e+01,8.1016399474e+00,-7.5339845939e+00,-1.6888952603e+01,-2.4602189308e-06,1.6888952603e+01,0.0000000000e+00,nan,nan,nan,nan,nan,nan
-2.8960365993e-04,2.0629461913e-05,1.4407441656e+02,5.9727433528e+01,5.0690646779e+00,1.5872515444e+02,1.6621175126e+02,-1.7068270024e+01,1.6621175126e+02,1.7068270024e+01,0.0000000000e+00,nan,nan,nan,nan,nan,nan
-2.8337036514e-04,2.1815717027e-05,1.4490765424e+02,5.8953125163e+01,4.6168106860e+00,1.5870158489e+02,1.6638863522e+02,-1.6864170297e+01,1.6638863522e+02,1.6864170297e+01,0.0000000000e+00,nan,nan,nan,nan,nan,nan
2.6799419037e-04,3.8555875970e-05,-2.9592770264e+00,-5.6693800320e+00,-1.4200770027e+01,1.3824320629e+01,-5.9854829015e-01,-1.6561498763e+01,-4.9764294079e-01,1.6561498763e+01,0.0000000000e+00,nan,nan,nan,nan,nan,nan
-2.0705991001e-04,6.4025004309e-05,4.0170763416e+01,3.0167370312e+01,-2.6593130081e+01,7.7927811621e+01,5.1780459684e+01,-3.8202826349e+01,5.1780459684e+01,3.8202826349e+01,0.0000000000e+00,nan,nan,nan,nan,nan,nan
-2.8479446023e-04,5.7212832208e-05,1.3033689610e+01,3.4486171135e+01,-8.0881392881e+00,6.2441507967e+01,3.8523396595e+01,-3.3577846272e+01,3.8523396595e+01,3.3577846272e+01,0.0000000000e+00,nan,nan,nan,nan,nan,nan
3.1219854885e-04,6.3501979987e-05,-2.3793449879e+00,-1.0130101708e+01,-5.7614284932e+00,1.7786446072e+01,6.1986226871e+00,-1.4339396168e+01,6.1986226869e+00,1.4339396168e+01,0.0000000000e+00,nan,nan,nan,nan,nan,nan
-2.1182681629e-04,4.4631366824e-05,8.4500264030e+01,3.6808973156e+01,-2.9538659358e+01,1.1754804381e+02,9.5347197071e+01,-4.0385592398e+01,9.5347197071e+01,4.0385592398e+01,0.0000000000e+00,nan,nan,nan,nan,nan,nan
-2.5866167241e-04,2.1360474588e-05,1.6322424932e+02,5.5109068370e+01,-1.7181723491e+01,1.8308054513e+02,1.7872286493e+02,-3.2680339102e+01,1.7872286493e+02,3.2680339102e+01,0.0000000000e+00,nan,nan,nan,nan,nan,nan
-2.5875465888e-04,2.5096254243e-05,1.4429271007e+02,5.4002510898e+01,-1.6099420725e+01,1.6745473386e+02,1.6077668035e+02,-3.2583390998e+01,1.6077668035e+02,3.2583390998e+01,0.0000000000e+00,nan,nan,nan,nan,nan,nan
-1.3182160096e-04,4.9225514745e-05,8.2305575440e+01,1.5655486254e+01,-4.0971583757e+01,1.1014951587e+02,8.4261848477e+01,-4.2927856794e+01,8.4261848477e+01,4.2927856794e+01,0.0000000000e+00,nan,nan,nan,nan,nan,nan
-1.3089907747e-04,5.2733793560e-05,7.5129917610e+01,1.5245592786e+01,-4.0211218429e+01,1.0331830170e+02,7.7110198889e+01,-4.2191499707e+01,7.7110198889e+01,4.2191499707e+01,0.0000000000e+00,nan,nan,nan,nan,nan,nan
3.0905348567e-04,9.6901165245e-05,-3.4720974923e+00,-9.0673388863e+00,-4.8810187981e+00,1.5750948467e+01,4.9172561923e+00,-1.3270372483e+01,4.9172561923e+00,1.3270372483e+01,0.0000000000e+00,nan,nan,nan,nan,nan,nan
-1.0378147509e-04,6.8518631526e-05,4.8332359803e+01,8.3012488854e+00,-3.8670620307e+01,7.6705160733e+01,4.9116614945e+01,-3.9454875449e+01,4.9116614945e+01,3.9454875449e+01,0.0000000000e+00,nan,nan,nan,nan,nan,nan
-1.0933814943e-04,7.2358785449e-05,4.2102463516e+01,9.2959383038e+00,-3.7507228940e+01,7.0797820319e+01,4.3172757907e+01,-3.8577523331e+01,4.3172757907e+01,3.8577523331e+01,0.0000000000e+00,nan,nan,nan,nan,nan,nan
-1.1302913187e-04,1.0395174681e-04,3.2054155762e+00,8.7345864084e+00,-3.1642235172e+01,3.3756395851e+01,5.2708544336e+00,-3.3707674029e+01,5.2693148973e+00,3.3707674029e+01,0.0000000000e+00,nan,nan,nan,nan,nan,nan
-1.0804219195e-04,1.0992527298e-04,-2.3195641985e+00,7.9955850541e+00,-3.1122192324e+01,2.8527531462e+01,-2.5050029259e-01,-3.3191256230e+01,-1.0239600623e-01,3.3191256230e+01,0.0000000000e+00,nan,nan,nan,nan,nan,nan
-5.3538050358e-05,5.3913718816e-05,7.5502758721e+01,-1.3900031900e+00,-4.2730958105e+01,1.0242104486e+02,7.5518718128e+01,-4.2746917512e+01,7.5518718128e+01,4.2746917512e+01,0.0000000000e+00,nan,nan,nan,nan,nan,nan
-8.6669470245e-05,1.0513633833e-04,1.7231700478e+00,4.8737653971e+00,-3.2839900553e+01,3.1097838984e+01,2.3959804561e+00,-3.3512710961e+01,2.4312308219e+00,3.3512710961e+01,0.0000000000e+00,nan,nan,nan,nan,nan,nan
-8.6333792501e-05,1.0922977495e-04,-2.3152787673e+00,5.0354734583e+00,-3.2248697421e+01,2.7348138952e+01,-1.4925327085e+00,-3.3071443480e+01,-6.8539303874e-02,3.3071443480e+01,0.0000000000e+00,nan,nan,nan,nan,nan,nan
-8.9053875921e-05,1.0929235043e-04,-2.2269874735e+00,5.4262437532e+00,-3.2119536813e+01,2.7538140583e+01,-1.2741092646e+00,-3.3072415022e+01,-1.0717399093e-01,3.3072415022e+01,0.0000000000e+00,nan,nan,nan,nan,nan,nan
-8.5992836941e-05,1.1336100808e-04,-6.1755455933e+00,5.2522898782e+00,-3.1693120576e+01,2.3894389805e+01,-5.1389006984e+00,-3.2729765471e+01,-4.9091792546e-03,3.2729765471e+01,0.0000000000e+00,nan,nan,nan,nan,nan,nan
-1.5910413607e-04,1.0082391318e-04,1.7356511787e+00,1.4524040752e+01,-2.8719083902e+01,3.6445703874e+01,7.5502205808e+00,-3.4533653304e+01,7.5498353225e+00,3.4533653304e+01,0.0000000000e+00,nan,nan,nan,nan,nan,nan
1.1154850328e-04,1.4353501842e-04,-5.8754957633e+00,-1.8823874368e+00,-1.6889517048e+01,1.0084409243e+01,-5.5602700147e+00,-1.7204742797e+01,7.7883227186e-04,1.7204742800e+01,0.0000000000e+00,nan,nan,nan,nan,nan,nan
1.1129828909e-04,1.4693982176e-04,-3.6302459560e+00,-2.0577424411e+00,-1.6799025842e+01,1.1951320453e+01,-3.3145378185e+00,-1.7114733980e+01,6.1307573440e-03,1.7114733988e+01,0.0000000000e+00,nan,nan,nan,nan,nan,nan
1.0503074032e-04,1.4334813806e-04,-6.3304706243e+00,-2.0350280126e+00,-1.6868583205e+01,9.7813687682e+00,-5.9522510234e+00,-1.7246802806e+01,3.5503141897e-03,1.7246802887e+01,0.0000000000e+00,nan,nan,nan,nan,nan,nan
-5.0238728944e-05,5.3936818612e-05,7.5504695706e+01,-1.9780104889e+00,-4.2622042695e+01,1.0235747508e+02,7.5537442294e+01,-4.2654789283e+01,7.5537442294e+01,4.2654789283e+01,0.0000000000e+00,nan,nan,nan,nan,nan,nan
8.6361154315e-05,1.3862850054e-04,-1.8368704284e+01,1.2869338511e+00,-2.0826727414e+01,2.8197646478e+00,-1.7969723970e+01,-2.1225707727e+01,-3.7475266098e-04,2.1225452024e+01,0.0000000000e+00,nan,nan,nan,nan,nan,nan
8.0329282024e-05,1.3763771845e-04,-1.9016634035e+01,3.0049667897e+00,-1.8729305033e+01,5.5340301731e+00,-1.5677895723e+01,-2.2068043344e+01,-2.7996907561e-03,2.2056186219e+01,0.0000000000e+00,nan,nan,nan,nan,nan,nan
8.5882975117e-05,1.4205764733e-04,-1.4360169371e+01,-1.2658476332e+00,-1.9938644128e+01,4.9743081015e+00,-1.4277488628e+01,-2.0021324871e+01,1.1548086865e-02,2.0022675290e+01,0.0000000000e+00,nan,nan,nan,nan,nan,nan
1.1184711548e-04,1.1916541478e-04,-9.4047503435e+00,4.9659303548e-01,-1.7843230253e+01,7.3407923202e+00,-9.3857818760e+00,-1.7862198720e+01,2.8385813784e-07,1.7862198720e+01,0.0000000000e+00,nan,nan,nan,nan,nan,nan
2.2763787713e-04,9.0062993844e-05,-4.5653945260e+00,-4.6231007439e+00,-1.3248211818e+01,1.0982818695e+01,-2.5658698424e+00,-1.5247736502e+01,-9.9363664985e-06,1.5247736502e+01,0.0000000000e+00,nan,nan,nan,nan,nan,nan
2.3101398691e-04,8.7314251888e-05,-4.4357588205e+00,-4.7427610222e+00,-1.3188701931e+01,1.1175904571e+01,-2.3598188628e+00,-1.5264641888e+01,1.5898747655e-05,1.5264641888e+01,0.0000000000e+00,nan,nan,nan,nan,nan,nan
-1.3479639874e-04,1.0515883136e-04,8.3040808715e-01,1.1437138382e+01,-3.0109852031e+01,3.3320294551e+01,4.5977590564e+00,-3.3877203000e+01,4.5905225534e+00,3.3877203000e+01,0.0000000000e+00,nan,nan,nan,nan,nan,nan
6.3527281837e-05,1.2511061487e-04,-1.2143489956e+01,1.1008881888e+01,-1.1399205284e+01,1.8998361447e+01,-8.0263852448e-01,-2.2740056715e+01,6.3794983642e-02,2.2739823323e+01,0.0000000000e+00,nan,nan,nan,nan,nan,nan
6.3581689216e-05,1.2766119103e-04,-1.6232904452e+01,9.5707566296e+00,-1.5584295142e+01,1.6526859894e+01,-6.3668127885e+00,-2.5450386806e+01,-2.4340211776e-01,2.5451687888e+01,0.0000000000e+00,nan,nan,nan,nan,nan,nan
5.9129701473e-05,1.2744018012e-04,-2.0742192544e+01,2.4114245761e+00,-2.9679803350e+01,8.2943299314e+00,-2.0422264329e+01,-2.9999731566e+01,-2.0909799457e-02,2.9999627808e+01,0.0000000000e+00,nan,nan,nan,nan,nan,nan
5.9001852536e-05,1.0607420614e-04,2.0673970084e+00,5.4536542608e+00,-2.0728256896e+01,2.1888335896e+01,3.3068066781e+00,-2.1967666565e+01,3.3055247281e+00,2.1967666566e+01,0.0000000000e+00,nan,nan,nan,nan,nan,nan
-9.4489627071e-05,1.0943836292e-04,-2.1248019323e+00,6.1924735641e+00,-3.1851128956e+01,2.7885864282e+01,-8.8805419463e-01,-3.3087876694e+01,-1.5949233844e-01,3.3087876694e+01,0.0000000000e+00,nan,nan,nan,nan,nan,nan
-9.9917999593e-05,1.0961215256e-04,-2.1241521333e+00,6.9350163952e+00,-3.1569307492e+01,2.8184834360e+01,-5.7420810819e-01,-3.3119251517e+01,-1.3878799187e-01,3.3119251517e+01,0.0000000000e+00,nan,nan,nan,nan,nan,nan
-1.1237614858e-04,7.2431077472e-05,4.1839968113e+01,9.9250831049e+00,-3.7282658254e+01,7.0644320890e+01,4.3065172612e+01,-3.8507862753e+01,4.3065172612e+01,3.8507862753e+01,0.0000000000e+00,nan,nan,nan,nan,nan,nan
-1.1843525597e-04,7.2590080672e-05,4.1252419924e+01,1.1178358234e+01,-3.6802830202e+01,7.0314504942e+01,4.2820893217e+01,-3.8371303495e+01,4.2820893217e+01,3.8371303495e+01,0.0000000000e+00,nan,nan,nan,nan,nan,nan
-1.2145564625e-04,7.2676959794e-05,4.0925594875e+01,1.1801209909e+01,-3.6547672388e+01,7.0136845367e+01,4.2682487797e+01,-3.8304565309e+01,4.2682487797e+01,3.8304565309e+01,0.0000000000e+00,nan,nan,nan,nan,nan,nan
2.1153734072e-04,8.5844879851e-05,-5.4706602379e+00,-3.1054601641e+00,-1.4919298786e+01,9.7887081179e+00,-4.5434662451e+00,-1.5846492779e+01,2.2012146334e-05,1.5846492779e+01,0.0000000000e+00,nan,nan,nan,nan,nan,nan
1.9895644596e-04,1.3307234292e-04,-2.8956944499e+00,-5.2797120869e+00,-1.2396553660e+01,1.2301104096e+01,-5.4407829361e-01,-1.4748169816e+01,-2.0345114469e-02,1.4748169816e+01,0.0000000000e+00,nan,nan,nan,nan,nan,nan
-7.6691899338e-05,1.1112661030e-04,-4.8293711625e+00,3.7910157303e+00,-3.2379192653e+01,2.4742761950e+01,-4.3190416357e+00,-3.2889522180e+01,-9.6873100705e-03,3.2889522180e+01,0.0000000000e+00,nan,nan,nan,nan,nan,nan
-7.2537494835e-05,1.1315388136e-04,-7.1620221672e+00,3.3955155106e+00,-3.2253328069e+01,2.2507840744e+01,-6.7127672057e+00,-3.2702583031e+01,3.2930811655e-03,3.2702583031e+01,0.0000000000e+00,nan,nan,nan,nan,nan,nan
-6.8427822528e-05,1.1520881367e-04,-9.5669540927e+00,3.0574985209e+00,-3.2120677227e+01,2.0232838283e+01,-9.1623810302e+00,-3.2525250289e+01,-8.6890049529e-04,3.2525250289e+01,0.0000000000e+00,nan,nan,nan,nan,nan,nan
-6.3083301195e-05,1.1520239574e-04,-1.0248105518e+01,2.3162707703e+00,-3.2314040877e+01,1.9521901452e+01,-1.0010098139e+01,-3.2552048256e+01,-3.3206467795e-04,3.2552048256e+01,0.0000000000e+00,nan,nan,nan,nan,nan,nan
-5.7746071105e-05,1.1522810900e-04,-1.1023997878e+01,1.5684774477e+00,-3.2500402954e+01,1.8792301785e+01,-1.0912459922e+01,-3.2611940910e+01,1.0294265975e-04,3.2611940910e+01,0.0000000000e+00,nan,nan,nan,nan,nan,nan
-5.5080905754e-05,1.1525343011e-04,-1.1446537246e+01,1.1931342948e+00,-3.2591484598e+01,1.8424275090e+01,-1.1381750739e+01,-3.2656271105e+01,2.1053540108e-04,3.2656271105e+01,0.0000000000e+00,nan,nan,nan,nan,nan,nan
-4.9758850284e-05,1.1533006384e-04,-1.2358713920e+01,4.4159598853e-01,-3.2770659998e+01,1.7690147150e+01,-1.2351275740e+01,-3.2778098178e+01,2.8036518334e-04,3.2778098178e+01,0.0000000000e+00,nan,nan,nan,nan,nan,nan
-4.4449803201e-05,1.1544288566e-04,-1.3357182044e+01,-3.0836886842e-01,-3.2947814691e+01,1.6971266788e+01,-1.3354132919e+01,-3.2950863816e+01,1.8716211151e-04,3.2950863816e+01,0.0000000000e+00,nan,nan,nan,nan,nan,nan
-4.0379426115e-05,1.1346094845e-04,-1.1867896815e+01,-1.2319254948e+00,-3.3391562310e+01,1.8759654854e+01,-1.1798837783e+01,-3.3460621342e+01,-2.5929805409e-04,3.3460621342e+01,0.0000000000e+00,nan,nan,nan,nan,nan,nan
-3.6515605470e-05,1.1568484760e-04,-1.5006831342e+01,-1.4227710928e+00,-3.3216015895e+01,1.5958565958e+01,-1.4897741267e+01,-3.3325105970e+01,-2.0597792527e-05,3.3325105970e+01,0.0000000000e+00,nan,nan,nan,nan,nan,nan
-3.2412198667e-05,1.1374492567e-04,-1.3484642517e+01,-2.3547341822e+00,-3.3666402144e+01,1.7945695202e+01,-1.3214570375e+01,-3.3936474286e+01,2.4295410038e-04,3.3936474286e+01,0.0000000000e+00,nan,nan,nan,nan,nan,nan
-2.7124770921e-05,1.1398955242e-04,-1.4639582138e+01,-3.0791973893e+00,-3.3857962234e+01,1.7475305092e+01,-1.4159400086e+01,-3.4338144285e+01,3.1018950741e-04,3.4338144285e+01,0.0000000000e+00,nan,nan,nan,nan,nan,nan
-2.1859142657e-05,1.1428226748e-04,-1.5845892832e+01,-3.7773142306e+00,-3.4060590689e+01,1.7074659302e+01,-1.5095182616e+01,-3.4811300905e+01,2.3049397613e-04,3.4811300905e+01,0.0000000000e+00,nan,nan,nan,nan,nan,nan
-1.9235197985e-05,1.1444797590e-04,-1.6465182153e+01,-4.1142388661e+00,-3.4167289583e+01,1.6902503547e+01,-1.5557570896e+01,-3.5074900840e+01,1.4665656685e-04,3.5074900840e+01,0.0000000000e+00,nan,nan,nan,nan,nan,nan
-1.4006360321e-05,1.1482083421e-04,-1.7728253106e+01,-4.7583251468e+00,-3.4394095206e+01,1.6615378957e+01,-1.6468280642e+01,-3.5654067670e+01,5.8763779344e-06,3.5654067670e+01,0.0000000000e+00,nan,nan,nan,nan,nan,nan
-8.8047883415e-06,1.1525384760e-04,-1.9012912023e+01,-5.3524137600e+00,-3.4641550413e+01,1.6397480568e+01,-1.7360141398e+01,-3.6294321037e+01,-6.9677979161e-05,3.6294321037e+01,0.0000000000e+00,nan,nan,nan,nan,nan,nan
-1.7185464865e-07,1.1828186981e-04,-2.4387416429e+01,-5.9825731531e+00,-3.4880966780e+01,1.3759005342e+01,-2.1690426166e+01,-3.7577957042e+01,1.8662409129e-05,3.7577957042e+01,0.0000000000e+00,nan,nan,nan,nan,nan,nan
4.8997009034e-06,1.1891270687e-04,-2.5806384643e+01,-6.4021445435e+00,-3.5185243980e+01,1.3713445225e+01,-2.2578353020e+01,-3.8413275604e+01,4.3023051425e-06,3.8413275604e+01,0.0000000000e+00,nan,nan,nan,nan,nan,nan
9.9591801011e-06,1.1951705767e-04,-2.7070697819e+01,-6.6979190856e+00,-3.5406996805e+01,1.3631776261e+01,-2.3368537618e+01,-3.9109157005e+01,-4.7088438098e-06,3.9109157005e+01,0.0000000000e+00,nan,nan,nan,nan,nan,nan
1.4207029434e-05,1.1810152518e-04,-2.4890204611e+01,-6.9309660112e+00,-3.5506760038e+01,1.5089545078e+01,-2.1486529412e+01,-3.8910435238e+01,2.3087460548e-05,3.8910435238e+01,0.0000000000e+00,nan,nan,nan,nan,nan,nan
1.9201299464e-05,1.1901623814e-04,-2.6389751258e+01,-7.1936580313e+00,-3.5377031683e+01,1.4643433712e+01,-2.2429001075e+01,-3.9337781866e+01,1.8754008676e-05,3.9337781866e+01,0.0000000000e+00,nan,nan,nan,nan,nan,nan
2.1681373091e-05,1.1950284919e-04,-2.7111770865e+01,-7.3860551441e+00,-3.5337926614e+01,1.4586547930e+01,-2.2803301366e+01,-3.9646396114e+01,1.1979313675e-05,3.9646396114e+01,0.0000000000e+00,nan,nan,nan,nan,nan,nan
2.6602078583e-05,1.2055319954e-04,-2.8459753461e+01,-7.8042587445e+00,-3.5484764201e+01,1.4751153277e+01,-2.3455676515e+01,-4.0488841146e+01,2.0247204623e-06,4.0488841146e+01,0.0000000000e+00,nan,nan,nan,nan,nan,nan
2.7163145321e-05,1.2293146854e-04,-3.2969018833e+01,-8.1805466962e+00,-3.5385960159e+01,1.4234540302e+01,-2.5959173821e+01,-4.2395805172e+01,-1.4250046411e-07,4.2395805172e+01,0.0000000000e+00,nan,nan,nan,nan,nan,nan
-2.2301055719e-05,1.1849747911e-04,-2.1008819265e+01,-2.9594673595e+00,-3.3435340073e+01,1.1914807810e+01,-2.0343062172e+01,-3.4101097166e+01,1.6578150963e-05,3.4101097166e+01,0.0000000000e+00,nan,nan,nan,nan,nan,nan
-2.7492139300e-05,1.1819884744e-04,-1.9602339388e+01,-2.2606028923e+00,-3.3231169049e+01,1.2432617988e+01,-1.9238778876e+01,-3.3594729560e+01,2.2239248343e-05,3.3594729560e+01,0.0000000000e+00,nan,nan,nan,nan,nan,nan
-1.7136126497e-05,1.1884805322e-04,-2.2477946889e+01,-3.6435707187e+00,-3.3658813668e+01,1.1550744814e+01,-2.1399554651e+01,-3.4737205907e+01,5.0923385566e-06,3.4737205907e+01,0.0000000000e+00,nan,nan,nan,nan,nan,nan
3.1955997682e-05,1.2411754080e-04,-3.4661619988e+01,-8.6742571633e+00,-3.5959926279e+01,1.4962070652e+01,-2.6672417615e+01,-4.3949128652e+01,8.4336061756e-07,4.3949128652e+01,0.0000000000e+00,nan,nan,nan,nan,nan,nan
3.6273652415e-05,1.2301466379e-04,-3.0986012366e+01,-8.2908412468e+00,-3.6525914703e+01,1.5031268466e+01,-2.5077656639e+01,-4.2434270430e+01,-1.8791508748e-06,4.2434270430e+01,0.0000000000e+00,nan,nan,nan,nan,nan,nan
4.1010527209e-05,1.2446265065e-04,-3.2156225967e+01,-8.3704513011e+00,-3.7189060125e+01,1.5004008916e+01,-2.6010074460e+01,-4.3335211632e+01,1.5759897745e-06,4.3335211633e+01,0.0000000000e+00,nan,nan,nan,nan,nan,nan
5.3706776387e-05,1.0413520173e-04,4.3252730005e+00,5.6443914685e+00,-2.0998929548e+01,2.4008202346e+01,5.5243138132e+00,-2.2197970361e+01,5.5299493936e+00,2.2197970361e+01,0.0000000000e+00,nan,nan,nan,nan,nan,nan
-1.6349762270e-04,3.0948135131e-05,1.2642944367e+02,2.4174917188e+01,-4.2343891890e+01,1.5203974689e+02,1.2982296468e+02,-4.5737412900e+01,1.2982296468e+02,4.5737412900e+01,0.0000000000e+00,nan,nan,nan,nan,nan,nan
1.8940085116e-04,9.0127424738e-05,-6.7339757626e+00,-1.4052622654e+00,-1.6708402373e+01,8.9722266255e+00,-6.5410716105e+00,-1.6901306525e+01,-2.0886415977e-05,1.6901306525e+01,0.0000000000e+00,nan,nan,nan,nan,nan,nan
3.0838547857e-04,4.0974264710e-05,-1.3997746456e+00,-9.7503220822e+00,-8.3468905151e+00,1.7925374179e+01,5.4758870274e+00,-1.5222552188e+01,5.4758870371e+00,1.5222552188e+01,0.0000000000e+00,nan,nan,nan,nan,nan,nan
4.0152371014e-05,8.2958967835e-05,2.1215061918e+01,-8.9359839458e-01,-2.2543696895e+01,3.7927846592e+01,2.1233334951e+01,-2.2561969928e+01,2.1233334966e+01,2.2561969928e+01,0.0000000000e+00,nan,nan,nan,nan,nan,nan
3.7345592765e-05,8.2395262809e-05,2.2701793234e+01,-1.1754579744e+00,-2.2613128157e+01,3.9296712376e+01,2.2732300007e+01,-2.2643634930e+01,2.2732300070e+01,2.2643634930e+01,0.0000000000e+00,nan,nan,nan,nan,nan,nan
-8.6077097006e-05,9.5049276695e-05,1.2600316861e+01,4.4452988722e+00,-3.4515316952e+01,4.1521907215e+01,1.3015184262e+01,-3.4930184354e+01,1.3015140882e+01,3.4930184354e+01,0.0000000000e+00,nan,nan,nan,nan,nan,nan
-1.8994007727e-04,5.2863303256e-05,6.8339892151e+01,2.9647815282e+01,-3.2268358835e+01,1.0113327569e+02,7.6425090602e+01,-4.0353557286e+01,7.6425090602e+01,4.0353557286e+01,0.0000000000e+00,nan,nan,nan,nan,nan,nan
-2.3067882668e-04,3.0822650856e-05,1.2597906502e+02,4.4722496063e+01,-2.7781921006e+01,1.5404800820e+02,1.3803823101e+02,-3.9841086996e+01,1.3803823101e+02,3.9841086996e+01,0.0000000000e+00,nan,nan,nan,nan,nan,nan
-2.3389537077e-04,3.0982061437e-05,1.2487704069e+02,4.5681921489e+01,-2.6554984799e+01,1.5315962012e+02,1.3758777585e+02,-3.9265719958e+01,1.3758777585e+02,3.9265719958e+01,0.0000000000e+00,nan,nan,nan,nan,nan,nan
1.0249364429e-04,1.2775329148e-04,-1.2481161266e+01,1.7591201216e+00,-1.9226922599e+01,6.5392094049e+00,-1.2078627622e+01,-1.9629456243e+01,-1.5378728395e-06,1.9629456231e+01,0.0000000000e+00,nan,nan,nan,nan,nan,nan
1.3208118961e-04,1.3277644757e-04,-9.0782845563e+00,-1.3180534406e+00,-1.6896159391e+01,7.1486843629e+00,-8.8599271322e+00,-1.7114516815e+01,9.3413384197e-07,1.7114516815e+01,0.0000000000e+00,nan,nan,nan,nan,nan,nan
-2.1581333650e-04,3.5586124276e-05,1.1119072087e+02,3.9544597665e+01,-3.0997918076e+01,1.4090246511e+02,1.2144647756e+02,-4.1253674764e+01,1.2144647756e+02,4.1253674764e+01,0.0000000000e+00,nan,nan,nan,nan,nan,nan
-2.1755619140e-04,3.0306622690e-05,1.2906368463e+02,4.0569119585e+01,-3.2157013922e+01,1.5630256731e+02,1.3869466466e+02,-4.1787993960e+01,1.3869466466e+02,4.1787993960e+01,0.0000000000e+00,nan,nan,nan,nan,nan,nan
5.0488136042e-05,1.0082199704e-04,7.0826181282e+00,4.9611303810e+00,-2.1348547840e+01,2.6075795774e+01,7.9219028534e+00,-2.2187832566e+01,7.9211730973e+00,2.2187832566e+01,0.0000000000e+00,nan,nan,nan,nan,nan,nan
2.7530669638e-04,1.7501321681e-05,2.3622704667e+01,-1.9836101069e+01,-8.6709568351e+00,4.4296245216e+01,3.3050323015e+01,-1.8098575184e+01,3.3050322489e+01,1.8098575184e+01,0.0000000000e+00,nan,nan,nan,nan,nan,nan
-1.2747628827e-04,7.2866042181e-05,4.0201033702e+01,1.3036072502e+01,-3.6007052358e+01,6.9752081791e+01,4.2368373871e+01,-3.8174392527e+01,4.2368373871e+01,3.8174392527e+01,0.0000000000e+00,nan,nan,nan,nan,nan,nan
2.0854610983e-04,7.0956509459e-05,-5.3318963922e+00,-2.2550293761e+00,-1.6436694898e+01,1.0378642372e+01,-4.8921836774e+00,-1.6876407612e+01,-1.6408551123e-02,1.6876407612e+01,0.0000000000e+00,nan,nan,nan,nan,nan,nan
-2.4766399682e-04,1.5702261824e-05,1.9284983857e+02,5.0958076846e+01,-2.5900762117e+01,2.0898957157e+02,2.0413472363e+02,-3.7185647182e+01,2.0413472363e+02,3.7185647182e+01,0.0000000000e+00,nan,nan,nan,nan,nan,nan
2.9246299654e-04,8.6054012034e-05,-2.9108392086e+00,-8.7341377993e+00,-7.3980110778e+00,1.5617854409e+01,3.8625473041e+00,-1.4171397590e+01,3.8625473101e+00,1.4171397590e+01,0.0000000000e+00,nan,nan,nan,nan,nan,nan
-2.8503613699e-04,1.1923829464e-05,2.1373419049e+02,6.8532845279e+01,3.6171228457e+00,2.1725120725e+02,2.3410569965e+02,-1.6754386320e+01,2.3410569965e+02,1.6754386320e+01,0.0000000000e+00,nan,nan,nan,nan,nan,nan
-2.8174051030e-04,1.1720436946e-05,2.1722119316e+02,6.7063498539e+01,4.4409924766e-01,2.2075299504e+02,2.3628444731e+02,-1.8619154906e+01,2.3628444731e+02,1.8619154906e+01,0.0000000000e+00,nan,nan,nan,nan,nan,nan
4.5821694071e-05,1.0154718010e-04,7.0041365906e+00,5.2105040003e+00,-2.2810167138e+01,2.7343940013e+01,7.8840158534e+00,-2.3690046401e+01,7.8829500282e+00,2.3690046401e+01,0.0000000000e+00,nan,nan,nan,nan,nan,nan
-2.1126915475e-04,7.2943414785e-05,2.2390643025e+01,2.7360653726e+01,-2.4648770191e+01,6.2489156520e+01,3.4949067755e+01,-3.7207194921e+01,3.4949067755e+01,3.7207194921e+01,0.0000000000e+00,nan,nan,nan,nan,nan,nan
-3.4371762741e-04,1.4668816058e-05,8.9294451104e+01,4.9611981030e+01,6.1634224329e+00,1.1209733068e+02,1.1244836081e+02,-1.6990487276e+01,1.1244836081e+02,1.6990485023e+01,0.0000000000e+00,nan,nan,nan,nan,nan,nan
3.6277521846e-04,1.5754186478e-05,1.0040577798e+00,-1.5095468765e+01,6.8372558155e+00,2.6625288458e+01,1.9292774256e+01,-1.1451460661e+01,1.9292774256e+01,1.1451448423e+01,0.0000000000e+00,nan,nan,nan,nan,nan,nan
3.5888452848e-04,1.5604108908e-05,6.3888636564e-01,-1.4652192039e+01,4.7924546915e+00,2.5628031701e+01,1.7512021530e+01,-1.2080680473e+01,1.7512021530e+01,1.2080685012e+01,0.0000000000e+00,nan,nan,nan,nan,nan,nan
8.9939730975e-05,1.2386909674e-04,-1.1341333945e+01,4.4322998845e+00,-2.0509816535e+01,1.1071787463e+01,-9.5332757674e+00,-2.2317874712e+01,-1.3951186799e-05,2.2317870929e+01,0.0000000000e+00,nan,nan,nan,nan,nan,nan
-1.3047635959e-04,7.2968326143e-05,3.9801496586e+01,1.3646862087e+01,-3.5721640930e+01,6.9543473915e+01,4.2190871214e+01,-3.8111015557e+01,4.2190871214e+01,3.8111015557e+01,0.0000000000e+00,nan,nan,nan,nan,nan,nan
3.0431705666e-04,4.0451374797e-05,-1.4618776900e+00,-9.3495291839e+00,-9.0759764359e+00,1.7482651261e+01,4.8246863485e+00,-1.5362540474e+01,4.8246863161e+00,1.5362540474e+01,0.0000000000e+00,nan,nan,nan,nan,nan,nan
3.0097301287e-04,4.3588383940e-05,-1.6216399317e+00,-9.0981509041e+00,-9.3111458270e+00,1.7105555211e+01,4.4095040261e+00,-1.5342289785e+01,4.4095041822e+00,1.5342289785e+01,0.0000000000e+00,nan,nan,nan,nan,nan,nan
4.5410389823e-05,1.2365137202e-04,-2.7203075294e+01,-6.4928114029e+00,-3.6949459660e+01,1.3903630661e+01,-2.4049002572e+01,-4.0103532382e+01,-1.3270307919e-04,4.0103532402e+01,0.0000000000e+00,nan,nan,nan,nan,nan,nan
5.0226567845e-05,1.2791923061e-04,-3.3701470671e+01,-8.1592490647e+00,-3.8540036729e+01,1.4538558798e+01,-2.7726912864e+01,-4.4514594535e+01,-1.4669433561e-04,4.4514592818e+01,0.0000000000e+00,nan,nan,nan,nan,nan,nan
3.3085935737e-04,1.4402014735e-05,-1.1421427862e+00,-1.1576600740e+01,-6.6577786380e+00,2.0609877368e+01,7.9991575346e+00,-1.5799078959e+01,7.9991575346e+00,1.5799078959e+01,0.0000000000e+00,nan,nan,nan,nan,nan,nan
-2.0254418553e-04,4.4131602097e-05,8.7708638562e+01,3.4463828722e+01,-3.1888518422e+01,1.1954131688e+02,9.6927271552e+01,-4.1107151413e+01,9.6927271552e+01,4.1107151413e+01,0.0000000000e+00,nan,nan,nan,nan,nan,nan
-2.1217769491e-04,1.6811086079e-05,1.7879905073e+02,3.7330356629e+01,-3.8238520304e+01,1.9876729909e+02,1.8503861885e+02,-4.4478088423e+01,1.8503861885e+02,4.4478088423e+01,0.0000000000e+00,nan,nan,nan,nan,nan,nan
-2.7106701733e-04,7.8876109327e-06,2.4610741551e+02,6.0741187467e+01,-1.3400838503e+01,2.4813633024e+02,2.5961486556e+02,-2.6908288554e+01,2.5961486556e+02,2.6908288554e+01,0.0000000000e+00,nan,nan,nan,nan,nan,nan
2.9393403341e-04,1.2169986201e-05,2.0822024516e+01,-1.9922629138e+01,-6.6629241156e+00,4.1919097934e+01,3.1281552677e+01,-1.7122452276e+01,3.1281552659e+01,1.7122452276e+01,0.0000000000e+00,nan,nan,nan,nan,nan,nan
2.8994410127e-04,1.2076606634e-05,2.1973251033e+01,-2.0735454600e+01,-6.2456466704e+00,4.3441736530e+01,3.2944900461e+01,-1.7217296098e+01,3.2944900454e+01,1.7217296098e+01,0.0000000000e+00,nan,nan,nan,nan,nan,nan
3.2342006389e-04,9.2217817751e-05,-4.0311800760e+00,-9.4146440671e+00,-2.8935233131e+00,1.6334376766e+01,5.9683051285e+00,-1.2893008518e+01,5.9683051285e+00,1.2893008518e+01,0.0000000000e+00,nan,nan,nan,nan,nan,nan
2.7005287721e-04,1.1546826255e-05,2.4561714161e+01,-1.9609284555e+01,-1.1176410556e+01,4.5945586425e+01,3.3219348493e+01,-1.9834044888e+01,3.3219348474e+01,1.9834044888e+01,0.0000000000e+00,nan,nan,nan,nan,nan,nan
2.6600775638e-04,1.1391503216e-05,2.5042436101e+01,-1.8875006013e+01,-1.2328780247e+01,4.5997073706e+01,3.2913250813e+01,-2.0199594959e+01,3.2913250772e+01,2.0199594959e+01,0.0000000000e+00,nan,nan,nan,nan,nan,nan
3.5885847659e-05,1.0099850730e-04,5.1952454178e+00,-9.8903855540e-02,-2.9292006751e+01,2.9855939519e+01,5.1889540519e+00,-2.9285715385e+01,5.1906042097e+00,2.9285715385e+01,0.0000000000e+00,nan,nan,nan,nan,nan,nan
3.0540929322e-05,9.9793623304e-05,5.5741380453e+00,-1.9890267241e+00,-3.1012902423e+01,3.1864925668e+01,5.6778412235e+00,-3.1116605601e+01,5.6657392604e+00,3.1116605601e+01,0.0000000000e+00,nan,nan,nan,nan,nan,nan
2.7101323063e-05,9.7012029316e-05,8.5071611481e+00,-2.6997266992e+00,-3.1281159349e+01,3.4768933319e+01,8.6868539112e+00,-3.1460852112e+01,8.6910801305e+00,3.1460852112e+01,0.0000000000e+00,nan,nan,nan,nan,nan,nan
2.1653274294e-05,9.6046107242e-05,9.1524716054e+00,-4.0482388189e+00,-3.2618621657e+01,3.6845251683e+01,9.5395409518e+00,-3.3005691003e+01,9.5437384066e+00,3.3005691003e+01,0.0000000000e+00,nan,nan,nan,nan,nan,nan
1.8914089117e-05,9.5608778601e-05,9.4941672021e+00,-4.5924113006e+00,-3.3185025949e+01,3.7805185118e+01,9.9814044312e+00,-3.3672263178e+01,9.9842002888e+00,3.3672263178e+01,0.0000000000e+00,nan,nan,nan,nan,nan,nan
1.3406854417e-05,9.4817575076e-05,1.0195455642e+01,-5.4469897061e+00,-3.4143662387e+01,3.9539245186e+01,1.0853890479e+01,-3.4802097224e+01,1.0854021466e+01,3.4802097224e+01,0.0000000000e+00,nan,nan,nan,nan,nan,nan
8.7677345158e-06,9.6268506220e-05,7.9556160038e+00,-6.0313263309e+00,-3.4969915264e+01,3.8612986603e+01,8.7860685792e+00,-3.5800367839e+01,8.7895349759e+00,3.5800367840e+01,0.0000000000e+00,nan,nan,nan,nan,nan,nan
3.2357878049e-06,9.5648187943e-05,8.6252545389e+00,-6.3548612592e+00,-3.5484219213e+01,3.9752864701e+01,9.5218447993e+00,-3.6380809474e+01,9.5264619550e+00,3.6380809474e+01,0.0000000000e+00,nan,nan,nan,nan,nan,nan
4.5831658348e-07,9.5370072907e-05,8.9558610053e+00,-6.4334968476e+00,-3.5689562372e+01,4.0236690751e+01,9.8638135528e+00,-3.6597514920e+01,9.8680934790e+00,3.6597514920e+01,0.0000000000e+00,nan,nan,nan,nan,nan,nan
-5.1178441355e-06,9.4872466523e-05,9.6033558818e+00,-6.4390526006e+00,-3.6011808385e+01,4.1047106320e+01,1.0494331632e+01,-3.6902784134e+01,1.0496123449e+01,3.6902784135e+01,0.0000000000e+00,nan,nan,nan,nan,nan,nan
-1.7451379116e-05,9.2030637572e-05,1.3740012718e+01,-5.8855848342e+00,-3.6550791061e+01,4.4729575232e+01,1.4419243130e+01,-3.7230021472e+01,1.4419526474e+01,3.7230021472e+01,0.0000000000e+00,nan,nan,nan,nan,nan,nan
-2.3141493860e-05,9.1741264903e-05,1.4281301538e+01,-5.4001358058e+00,-3.6661851362e+01,4.5097992996e+01,1.4847063484e+01,-3.7227613308e+01,1.4847369394e+01,3.7227613308e+01,0.0000000000e+00,nan,nan,nan,nan,nan,nan
-2.5993313107e-05,9.1615890614e-05,1.4539015714e+01,-5.1123030893e+00,-3.6694628780e+01,4.5243916744e+01,1.5043780978e+01,-3.7199394044e+01,1.5044029271e+01,3.7199394044e+01,0.0000000000e+00,nan,nan,nan,nan,nan,nan
-3.1708891038e-05,9.1400627615e-05,1.5027503357e+01,-4.4586099393e+00,-3.6720941760e+01,4.5475285835e+01,1.5408449317e+01,-3.7101887719e+01,1.5408531896e+01,3.7101887719e+01,0.0000000000e+00,nan,nan,nan,nan,nan,nan
-3.7438322352e-05,9.1228918808e-05,1.5478144289e+01,-3.7155377473e+00,-3.6701364336e+01,4.5644007141e+01,1.5740969787e+01,-3.6964189833e+01,1.5740935696e+01,3.6964189833e+01,0.0000000000e+00,nan,nan,nan,nan,nan,nan
-4.0307474702e-05,9.1158143204e-05,1.5688377331e+01,-3.3154775482e+00,-3.6676270551e+01,4.5710511723e+01,1.5897029638e+01,-3.6884922858e+01,1.5896969035e+01,3.6884922858e+01,0.0000000000e+00,nan,nan,nan,nan,nan,nan
-4.6053158967e-05,9.1044507534e-05,1.6076649262e+01,-2.4671942337e+00,-3.6598343382e+01,4.5816787462e+01,1.6191487515e+01,-3.6713181635e+01,1.6191412359e+01,3.6713181635e+01,0.0000000000e+00,nan,nan,nan,nan,nan,nan
-4.8929101204e-05,9.1000860796e-05,1.6253786386e+01,-2.0221763261e+00,-3.6546400544e+01,4.5859403524e+01,1.6330631890e+01,-3.6623246048e+01,1.6330563080e+01,3.6623246048e+01,0.0000000000e+00,nan,nan,nan,nan,nan,nan
-5.4685724398e-05,9.0938197446e-05,1.6571624830e+01,-1.0976164538e+00,-3.6418274249e+01,4.5929041743e+01,1.6593819904e+01,-3.6440469323e+01,1.6593793623e+01,3.6440469323e+01,0.0000000000e+00,nan,nan,nan,nan,nan,nan
-5.7565823005e-05,9.0918569033e-05,1.6711321249e+01,-6.2068482535e-01,-3.6342620170e+01,4.5957677853e+01,1.6718028219e+01,-3.6349327141e+01,1.6718020701e+01,3.6349327141e+01,0.0000000000e+00,nan,nan,nan,nan,nan,nan
-6.3328142721e-05,9.0901358617e-05,1.6949701497e+01,3.5656889974e-01,-3.6169150509e+01,4.6005379819e+01,1.6951493917e+01,-3.6170942928e+01,1.6951507749e+01,3.6170942928e+01,0.0000000000e+00,nan,nan,nan,nan,nan,nan
-6.9091359434e-05,9.0912070435e-05,1.7129797112e+01,1.3579626048e+00,-3.5967113514e+01,4.6042262826e+01,1.7163854636e+01,-3.6001171037e+01,1.7163872505e+01,3.6001171037e+01,0.0000000000e+00,nan,nan,nan,nan,nan,nan
-7.1972575832e-05,9.0927417256e-05,1.7196623783e+01,1.8652983693e+00,-3.5855663197e+01,4.6056913999e+01,1.7261451989e+01,-3.5920491402e+01,1.7261467900e+01,3.5920491402e+01,0.0000000000e+00,nan,nan,nan,nan,nan,nan
1.0472201475e-04,1.4672957942e-04,-3.9528417234e+00,-2.6549435589e+00,-1.7216558862e+01,1.2370563912e+01,-3.4425518884e+00,-1.7726848697e+01,-5.6377306704e-03,1.7726848707e+01,0.0000000000e+00,nan,nan,nan,nan,nan,nan
-2.2450824917e-04,1.2156161306e-05,2.0107765891e+02,4.0242544281e+01,-3.6602452062e+01,2.1731479854e+02,2.0770436086e+02,-4.3229154017e+01,2.0770436086e+02,4.3229154017e+01,0.0000000000e+00,nan,nan,nan,nan,nan,nan
-2.3569309664e-04,1.2254711593e-05,2.0529724665e+02,4.4679058431e+01,-3.2784108846e+01,2.2022427651e+02,2.1340311423e+02,-4.0889976419e+01,2.1340311423e+02,4.0889976419e+01,0.0000000000e+00,nan,nan,nan,nan,nan,nan
1.9058954472e-04,5.7115193245e-05,1.3707729793e+01,-8.8024445887e+00,-1.4481332497e+01,2.8788737785e+01,1.6234384158e+01,-1.7007986862e+01,1.6235430713e+01,1.7007986862e+01,0.0000000000e+00,nan,nan,nan,nan,nan,nan
1.3480893761e-04,8.6531402773e-05,6.1201728532e-01,-2.7986655534e+00,-1.7237185174e+01,1.6192364425e+01,1.0360820152e+00,-1.7661249904e+01,9.6936612176e-01,1.7661249904e+01,0.0000000000e+00,nan,nan,nan,nan,nan,nan
-2.7468273423e-04,7.9621809500e-06,2.4690996836e+02,6.3159605759e+01,-9.8146411858e+00,2.4777482241e+02,2.6160052400e+02,-2.4505196825e+01,2.6160052400e+02,2.4505196825e+01,0.0000000000e+00,nan,nan,nan,nan,nan,nan
-1.2560486121e-04,5.4410599654e-05,7.2108909475e+01,1.3900430834e+01,-4.0265783647e+01,1.0025190420e+02,7.3802026788e+01,-4.1958900960e+01,7.3802026788e+01,4.1958900960e+01,0.0000000000e+00,nan,nan,nan,nan,nan,nan
-2.5252104686e-04,2.6528680699e-05,1.3951775358e+02,5.1988497245e+01,-1.9397408833e+01,1.6446006756e+02,1.5501123665e+02,-3.4890891905e+01,1.5501123665e+02,3.4890891905e+01,0.0000000000e+00,nan,nan,nan,nan,nan,nan
-2.4934755823e-04,2.6322523763e-05,1.4127286894e+02,5.1166792371e+01,-2.1138284095e+01,1.6623889541e+02,1.5604536344e+02,-3.5910778589e+01,1.5604536344e+02,3.5910778589e+01,0.0000000000e+00,nan,nan,nan,nan,nan,nan
3.5602951659e-04,5.5092732502e-05,-4.4475385605e+00,-1.1978160482e+01,4.8755310190e+00,2.2256205202e+01,1.3063622294e+01,-1.2635629835e+01,1.3063622294e+01,1.2635629835e+01,0.0000000000e+00,nan,nan,nan,nan,nan,nan
-2.9244703110e-04,6.7512487990e-06,2.5602038216e+02,7.4444959487e+01,3.2504607728e+00,2.5404875813e+02,2.7631054036e+02,-1.7039697428e+01,2.7631054036e+02,1.7039697428e+01,0.0000000000e+00,nan,nan,nan,nan,nan,nan
-2.8886919439e-04,6.6317039327e-06,2.5873496447e+02,7.2689017824e+01,2.0509451211e+00,2.5546425032e+02,2.7788530849e+02,-1.7099398897e+01,2.7788530849e+02,1.7099398897e+01,0.0000000000e+00,nan,nan,nan,nan,nan,nan
-2.6539766440e-04,4.5012916306e-05,6.2248782603e+01,4.4334506538e+01,-1.1732968316e+01,1.0000143838e+02,8.2993764512e+01,-3.2477950224e+01,8.2993764512e+01,3.2477950224e+01,0.0000000000e+00,nan,nan,nan,nan,nan,nan
-3.1175990748e-04,2.0160449527e-05,1.1182151775e+02,5.3488386111e+01,5.1105178431e+00,1.3085987615e+02,1.3401800252e+02,-1.7085966929e+01,1.3401800252e+02,1.7085966929e+01,0.0000000000e+00,nan,nan,nan,nan,nan,nan
-3.3928882719e-04,3.4978715089e-05,4.7419976744e+01,3.3777220325e+01,2.8047413017e+00,7.0074606471e+01,6.5569951932e+01,-1.5345233887e+01,6.5569951932e+01,1.5345233684e+01,0.0000000000e+00,nan,nan,nan,nan,nan,nan
-3.3372310180e-04,3.7098818201e-05,4.5439330036e+01,3.0889351491e+01,-1.7536371212e+00,6.7315968012e+01,6.0707738710e+01,-1.7022045795e+01,6.0707738710e+01,1.7022045855e+01,0.0000000000e+00,nan,nan,nan,nan,nan,nan
2.7838727445e-04,1.2412025367e-04,-2.4370194281e+00,-7.7703925413e+00,-7.6013610604e+00,1.4181548245e+01,3.1685304523e+00,-1.3206910941e+01,3.1685304510e+00,1.3206910941e+01,0.0000000000e+00,nan,nan,nan,nan,nan,nan
-1.8080716129e-04,9.6799828515e-05,1.0109472467e+00,1.7074837270e+01,-2.7057007883e+01,3.8279336965e+01,9.0775551829e+00,-3.5123615820e+01,9.0775484825e+00,3.5123615820e+01,0.0000000000e+00,nan,nan,nan,nan,nan,nan
-2.4370370495e-04,7.7256274757e-05,-1.9991041615e+00,2.5327235644e+01,-1.9025432197e+01,4.6271807593e+01,1.6202772390e+01,-3.7227308749e+01,1.6202772391e+01,3.7227308749e+01,0.0000000000e+00,nan,nan,nan,nan,nan,nan
2.9934150868e-04,1.1012568667e-04,-3.2308975338e+00,-8.4578608573e+00,-5.8379484035e+00,1.4821271848e+01,4.0226423225e+00,-1.3091488260e+01,4.0226423225e+00,1.3091488260e+01,0.0000000000e+00,nan,nan,nan,nan,nan,nan
1.8104645972e-04,1.5321183289e-04,1.1211137694e+00,-5.4176041878e+00,-1.2460330119e+01,1.5044850098e+01,3.0165400788e+00,-1.4355756429e+01,3.0169409416e+00,1.4355756429e+01,0.0000000000e+00,nan,nan,nan,nan,nan,nan
1.8480330527e-04,1.5076530225e-04,4.4418758064e-01,-5.4950005736e+00,-1.2369822221e+01,1.4618440809e+01,2.4771434162e+00,-1.4402778057e+01,2.4738099672e+00,1.4402778057e+01,0.0000000000e+00,nan,nan,nan,nan,nan,nan
3.6867313420e-04,3.6614330791e-05,-3.7096624274e+00,-1.3923611565e+01,1.1019023182e+01,2.7270824577e+01,1.9399498288e+01,-1.2090137534e+01,1.9399498288e+01,1.2090137340e+01,0.0000000000e+00,nan,nan,nan,nan,nan,nan
3.1337148940e-04,1.0163891502e-04,-3.7281051292e+00,-8.9160975759e+00,-4.2698093587e+00,1.5448740723e+01,4.9203773709e+00,-1.2918291859e+01,4.9203773709e+00,1.2918291859e+01,0.0000000000e+00,nan,nan,nan,nan,nan,nan
3.1000791632e-04,1.0473868513e-04,-3.6157044428e+00,-8.7617870822e+00,-4.6722403435e+00,1.5202021251e+01,4.6329186685e+00,-1.2920863455e+01,4.6329186685e+00,1.2920863455e+01,0.0000000000e+00,nan,nan,nan,nan,nan,nan
2.4566790849e-04,1.3851416073e-04,-1.1519976348e+00,-6.9590534824e+00,-9.6236609462e+00,1.4109986162e+01,2.7585750185e+00,-1.3534233600e+01,2.7585742171e+00,1.3534233600e+01,0.0000000000e+00,nan,nan,nan,nan,nan,nan
7.7168696030e-05,1.3869359144e-04,-1.8705183527e+01,2.6741145123e+00,-1.7331967105e+01,5.3454184795e+00,-1.4932396518e+01,-2.1104754114e+01,-5.8723977509e-02,2.1160709773e+01,0.0000000000e+00,nan,nan,nan,nan,nan,nan
-3.1198514266e-04,4.8336884409e-05,4.1381656469e+01,2.8799408501e+01,-3.4307245158e+00,6.3299566889e+01,5.5521487959e+01,-1.7570556006e+01,5.5521487959e+01,1.7570556006e+01,0.0000000000e+00,nan,nan,nan,nan,nan,nan
-3.1719676854e-04,4.4777634384e-05,4.2767949588e+01,2.9249763235e+01,-3.0049690798e+00,6.4431998049e+01,5.7081321672e+01,-1.7318341164e+01,5.7081321672e+01,1.7318341164e+01,0.0000000000e+00,nan,nan,nan,nan,nan,nan
-2.6245827873e-04,6.8609483374e-05,7.1476167934e-01,2.9296975933e+01,-1.4534773962e+01,5.2420581854e+01,2.3355030904e+01,-3.7175043186e+01,2.3355030904e+01,3.7175043186e+01,0.0000000000e+00,nan,nan,nan,nan,nan,nan
-2.5766708529e-04,7.1911447369e-05,-2.3060549113e+00,2.7439135504e+01,-1.5944774290e+01,4.8958225937e+01,1.9140630324e+01,-3.7391459525e+01,1.9140630325e+01,3.7391459525e+01,0.0000000000e+00,nan,nan,nan,nan,nan,nan
3.4303016273e-04,1.5026256384e-05,-5.5628253864e-01,-1.3114566280e+01,-2.4545476650e+00,2.2769518490e+01,1.1640572528e+01,-1.4651402731e+01,1.1640572528e+01,1.4651402732e+01,0.0000000000e+00,nan,nan,nan,nan,nan,nan
3.4703652960e-04,1.5170375165e-05,-3.3241253011e-01,-1.3526441092e+01,-7.4544624255e-01,2.3426332381e+01,1.2986269920e+01,-1.4064128692e+01,1.2986269920e+01,1.4064128667e+01,0.0000000000e+00,nan,nan,nan,nan,nan,nan
-2.3033223162e-04,5.4274812479e-05,5.2913784100e+01,3.7509940880e+01,-2.2616849830e+01,9.2188900089e+01,6.8373753418e+01,-3.8076819147e+01,6.8373753418e+01,3.8076819147e+01,0.0000000000e+00,nan,nan,nan,nan,nan,nan
1.8877319808e-04,1.5203174855e-04,8.8655580280e-01,-5.6500591938e+00,-1.2144011626e+01,1.4935695416e+01,2.9943998575e+00,-1.4251855681e+01,2.9957417235e+00,1.4251855681e+01,0.0000000000e+00,nan,nan,nan,nan,nan,nan
-1.4017738021e-04,1.0553979109e-04,-5.7330265690e-02,1.1986118183e+01,-2.9699960155e+01,3.3013050990e+01,4.1814486657e+00,-3.3938739087e+01,4.1731368451e+00,3.3938739087e+01,0.0000000000e+00,nan,nan,nan,nan,nan,nan
1.0242269150e-04,1.2433807294e-04,-1.2425837987e+01,2.6991123938e+00,-2.0700006936e+01,8.5374794300e+00,-1.1633806414e+01,-2.1492038509e+01,-1.1743228888e-08,2.1492038530e+01,0.0000000000e+00,nan,nan,nan,nan,nan,nan
8.1097536214e-05,1.1890336835e-04,-7.9889376098e+00,4.8816725841e+00,-2.0080806069e+01,1.3488299503e+01,-6.2473984907e+00,-2.1822345188e+01,1.4074148767e-06,2.1822344906e+01,0.0000000000e+00,nan,nan,nan,nan,nan,nan
2.8038676790e-04,1.0962133939e-04,-2.8194653704e+00,-8.0485343674e+00,-7.7612823559e+00,1.4581822084e+01,3.1284450422e+00,-1.3709192768e+01,3.1284450367e+00,1.3709192768e+01,0.0000000000e+00,nan,nan,nan,nan,nan,nan
-2.5717816341e-04,1.0923328307e-05,2.2118058287e+02,5.4035664971e+01,-2.2569351214e+01,2.3090436778e+02,2.3261831472e+02,-3.4007083068e+01,2.3261831472e+02,3.4007083068e+01,0.0000000000e+00,nan,nan,nan,nan,nan,nan
1.3063694066e-04,8.2221179536e-05,2.3861365152e+00,-1.8738948695e+00,-1.9410899655e+01,1.9150261006e+01,2.5440267768e+00,-1.9568789917e+01,2.5425389396e+00,1.9568789917e+01,0.0000000000e+00,nan,nan,nan,nan,nan,nan
2.6642868239e-04,9.1811721538e-05,-3.1090384116e+00,-7.3265245364e+00,-9.8918499722e+00,1.3982597656e+01,1.5724123285e+00,-1.4573300712e+01,1.5722550789e+00,1.4573300712e+01,0.0000000000e+00,nan,nan,nan,nan,nan,nan
2.6301897824e-04,9.4734575271e-05,-3.1464525843e+00,-7.1848942399e+00,-1.0033059790e+01,1.3799051231e+01,1.3771297557e+00,-1.4556642130e+01,1.3772629853e+00,1.4556642130e+01,0.0000000000e+00,nan,nan,nan,nan,nan,nan
2.2664029073e-04,1.4096088729e-04,-8.5389743678e-01,-6.5360616708e+00,-1.0628933132e+01,1.4135239559e+01,2.4195690800e+00,-1.3902399649e+01,2.4196338312e+00,1.3902399649e+01,0.0000000000e+00,nan,nan,nan,nan,nan,nan
1.8455370128e-04,1.0645984453e-04,-6.9363106185e+00,-2.0488723429e+00,-1.5618501030e+01,8.3080418981e+00,-6.4807555979e+00,-1.6074056051e+01,-4.3878153406e-07,1.6074056051e+01,0.0000000000e+00,nan,nan,nan,nan,nan,nan
1.8114356686e-04,1.0894095957e-04,-7.1172444592e+00,-1.9317882151e+00,-1.5729444138e+01,8.1666339015e+00,-6.7083360172e+00,-1.6138352580e+01,-1.2674524948e-07,1.6138352580e+01,0.0000000000e+00,nan,nan,nan,nan,nan,nan
-2.5762024100e-04,4.3410649959e-05,7.1559633930e+01,4.5364101750e+01,-1.4759068877e+01,1.0844645370e+02,9.1011871765e+01,-3.4211306712e+01,9.1011871765e+01,3.4211306712e+01,0.0000000000e+00,nan,nan,nan,nan,nan,nan
2.3683174546e-04,9.9597850965e-05,-3.8775232490e+00,-5.7318664834e+00,-1.1863694539e+01,1.2098541903e+01,-8.8551246956e-01,-1.4855705318e+01,-1.8752405921e-03,1.4855705318e+01,0.0000000000e+00,nan,nan,nan,nan,nan,nan
3.6543247487e-04,4.0265353354e-05,-3.8248196273e+00,-1.3537409720e+01,9.2360860331e+00,2.6023486017e+01,1.7730299860e+01,-1.2319033454e+01,1.7730299860e+01,1.2319033277e+01,0.0000000000e+00,nan,nan,nan,nan,nan,nan
2.2486385241e-04,9.6562896583e-05,-4.5602683103e+00,-4.7558525820e+00,-1.2979080728e+01,1.0998999732e+01,-2.4193990633e+00,-1.5119949975e+01,4.6249322005e-05,1.5119949975e+01,0.0000000000e+00,nan,nan,nan,nan,nan,nan
-1.1212795460e-04,9.1784601827e-05,1.6160667150e+01,8.9735211013e+00,-3.3598443134e+01,4.5808223406e+01,1.7728502123e+01,-3.5166278106e+01,1.7728501302e+01,3.5166278106e+01,0.0000000000e+00,nan,nan,nan,nan,nan,nan
-1.0928389094e-04,9.1684057992e-05,1.6375529566e+01,8.4868902896e+00,-3.3801337769e+01,4.5871750585e+01,1.7771163447e+01,-3.5196971650e+01,1.7771162251e+01,3.5196971650e+01,0.0000000000e+00,nan,nan,nan,nan,nan,nan
3.2844159192e-04,4.3398853638e-05,-1.4130648694e+00,-1.1732677411e+01,-3.8980357147e+00,2.0431764704e+01,9.1407345595e+00,-1.4451835144e+01,9.1407345595e+00,1.4451835144e+01,0.0000000000e+00,nan,nan,nan,nan,nan,nan
2.9020689801e-04,4.9172734214e-05,-2.0106352701e+00,-8.2376432696e+00,-1.0371074687e+01,1.5997880139e+01,3.0455254261e+00,-1.5427235383e+01,3.0455227412e+00,1.5427235383e+01,0.0000000000e+00,nan,nan,nan,nan,nan,nan
2.8612331601e-04,4.8536452440e-05,-2.0951928110e+00,-7.8543566924e+00,-1.0971875265e+01,1.5623771727e+01,2.4868547740e+00,-1.5553922850e+01,2.4868911229e+00,1.5553922850e+01,0.0000000000e+00,nan,nan,nan,nan,nan,nan
2.8202679700e-04,4.7884476995e-05,-2.1922366904e+00,-7.4638794241e+00,-1.1550073805e+01,1.5255789103e+01,1.9367786978e+00,-1.5679089193e+01,1.9365498728e+00,1.5679089193e+01,0.0000000000e+00,nan,nan,nan,nan,nan,nan
-2.4359042618e-04,6.7757889245e-05,1.5551579024e+01,3.1417523276e+01,-1.8478884390e+01,6.1878041218e+01,3.4261651071e+01,-3.7188956437e+01,3.4261651071e+01,3.7188956437e+01,0.0000000000e+00,nan,nan,nan,nan,nan,nan
2.5218776753e-04,9.9623387020e-05,-3.3186667449e+00,-6.6779889059e+00,-1.0670728341e+01,1.3202526059e+01,6.2778443126e-01,-1.4617179517e+01,6.3283189806e-01,1.4617179517e+01,0.0000000000e+00,nan,nan,nan,nan,nan,nan
2.7662851599e-04,8.2942328628e-05,-2.9391480987e+00,-7.8074375414e+00,-9.4139560077e+00,1.4638178740e+01,2.2748043830e+00,-1.4627908489e+01,2.2747969277e+00,1.4627908489e+01,0.0000000000e+00,nan,nan,nan,nan,nan,nan
2.5722936606e-04,8.2565883546e-05,-3.3986993769e+00,-6.4785359856e+00,-1.1347934252e+01,1.3163330526e+01,2.2653560833e-01,-1.4973169237e+01,1.9665278197e-01,1.4973169237e+01,0.0000000000e+00,nan,nan,nan,nan,nan,nan
2.6124189109e-04,8.3423665704e-05,-3.2745320844e+00,-6.7878186433e+00,-1.0919724469e+01,1.3491761728e+01,6.9234398887e-01,-1.4886600542e+01,6.9507777028e-01,1.4886600542e+01,0.0000000000e+00,nan,nan,nan,nan,nan,nan
2.9841746969e-04,1.0225665463e-04,-3.1914295969e+00,-8.6780413179e+00,-6.0815038965e+00,1.5236607471e+01,4.1603926780e+00,-1.3433326171e+01,4.1603926779e+00,1.3433326171e+01,0.0000000000e+00,nan,nan,nan,nan,nan,nan
-2.2657928781e-04,4.3746852744e-05,8.3211537451e+01,4.0652025021e+01,-2.5670315192e+01,1.1767842445e+02,9.6712281163e+01,-3.9171058905e+01,9.6712281163e+01,3.9171058905e+01,0.0000000000e+00,nan,nan,nan,nan,nan,nan
4.1833945934e-05,9.6122624005e-05,1.1356846386e+01,3.8119604055e+00,-2.2934343565e+01,3.0416200399e+01,1.1772052899e+01,-2.3349550078e+01,1.1771892588e+01,2.3349550078e+01,0.0000000000e+00,nan,nan,nan,nan,nan,nan
-2.4383158427e-04,4.3475674559e-05,7.7821020576e+01,4.4077910520e+01,-2.0001805472e+01,1.1403684754e+02,9.4748812176e+01,-3.6929597071e+01,9.4748812176e+01,3.6929597071e+01,0.0000000000e+00,nan,nan,nan,nan,nan,nan
-1.2237145482e-04,5.4352489253e-05,7.2397711045e+01,1.3148357854e+01,-4.0537717000e+01,1.0042001153e+02,7.3907517711e+01,-4.2047523665e+01,7.3907517711e+01,4.2047523665e+01,0.0000000000e+00,nan,nan,nan,nan,nan,nan
8.6188934138e-05,1.0997537866e-04,-4.6614654237e+00,3.7984053610e+00,-2.1508662973e+01,1.6020146886e+01,-3.8358280813e+00,-2.2334300316e+01,-1.1028207979e-03,2.2334300314e+01,0.0000000000e+00,nan,nan,nan,nan,nan,nan
2.0764671573e-04,4.8181571331e-05,1.9873118495e+01,-1.0823747223e+01,-1.3919348367e+01,3.4754817394e+01,2.3042588242e+01,-1.7088818114e+01,2.3041600102e+01,1.7088818114e+01,0.0000000000e+00,nan,nan,nan,nan,nan,nan
2.0371454487e-04,4.7587465586e-05,1.9995912107e+01,-1.0565850033e+01,-1.4096012786e+01,3.4735620952e+01,2.3004569768e+01,-1.7104670446e+01,2.3004966039e+01,1.7104670446e+01,0.0000000000e+00,nan,nan,nan,nan,nan,nan
2.1158744241e-04,4.8772299079e-05,1.8389378700e+01,-1.0692866701e+01,-1.3801636357e+01,3.3472972798e+01,2.1619501027e+01,-1.7031758684e+01,2.1620834371e+01,1.7031758684e+01,0.0000000000e+00,nan,nan,nan,nan,nan,nan
2.7988565472e-04,1.0578508123e-04,-2.8706019362e+00,-8.0652613877e+00,-7.9358092781e+00,1.4641168694e+01,3.0498770794e+00,-1.3856288294e+01,3.0498770428e+00,1.3856288294e+01,0.0000000000e+00,nan,nan,nan,nan,nan,nan
-1.8607056290e-04,3.4678212874e-05,1.1596141499e+02,3.0645547802e+01,-3.7919570044e+01,1.4344430642e+02,1.2183853140e+02,-4.3796686451e+01,1.2183853140e+02,4.3796686451e+01,0.0000000000e+00,nan,nan,nan,nan,nan,nan
-1.9375268704e-04,7.7105765700e-05,2.2055142016e+01,2.3998787206e+01,-2.7159896277e+01,5.9532125332e+01,3.1818511456e+01,-3.6923265716e+01,3.1818511456e+01,3.6923265716e+01,0.0000000000e+00,nan,nan,nan,nan,nan,nan
3.2957923273e-04,5.1048128014e-05,-2.0033547111e+00,-1.1645957861e+01,-2.9651645606e+00,2.0185148380e+01,9.1696412152e+00,-1.4138160487e+01,9.1696412152e+00,1.4138160487e+01,0.0000000000e+00,nan,nan,nan,nan,nan,nan
1.6198536655e-04,8.1901905173e-05,-1.8591807741e+00,-3.0845379397e+00,-1.6405997266e+01,1.3688316370e+01,-1.2296358792e+00,-1.7035542161e+01,-2.1905308427e-01,1.7035542161e+01,0.0000000000e+00,nan,nan,nan,nan,nan,nan
-1.5034614346e-04,7.1867456555e-05,3.9347470342e+01,1.7816594548e+01,-3.3938298273e+01,7.0570027865e+01,4.3448210619e+01,-3.8039038550e+01,4.3448210619e+01,3.8039038550e+01,0.0000000000e+00,nan,nan,nan,nan,nan,nan
1.4869630813e-04,8.7672348685e-05,-2.1237330991e+00,-2.7309605772e+00,-1.6527813149e+01,1.3347191807e+01,-1.6197683412e+00,-1.7031777907e+01,-6.0398284457e-02,1.7031777907e+01,0.0000000000e+00,nan,nan,nan,nan,nan,nan
3.1432419903e-04,3.0900914902e-05,-1.0230243691e+00,-1.0148581862e+01,-8.3055952215e+00,1.8672619607e+01,6.1163321614e+00,-1.5444951752e+01,6.1163321604e+00,1.5444951752e+01,0.0000000000e+00,nan,nan,nan,nan,nan,nan
1.8066945766e-04,1.4567959053e-04,-1.2209978689e+00,-5.0929453480e+00,-1.2810705384e+01,1.3361735070e+01,6.9854971306e-01,-1.4730252966e+01,6.5208810249e-01,1.4730252966e+01,0.0000000000e+00,nan,nan,nan,nan,nan,nan
-2.9485614089e-04,1.2671007730e-05,1.9951916178e+02,7.0896100346e+01,6.1183551513e+00,2.0767466816e+02,2.2271978403e+02,-1.7082267102e+01,2.2271978403e+02,1.7082267102e+01,0.0000000000e+00,nan,nan,nan,nan,nan,nan
-2.9868154125e-04,1.0933603098e-05,2.1138472951e+02,7.3825517458e+01,6.7758117260e+00,2.1850708497e+02,2.3523539494e+02,-1.7074853708e+01,2.3523539494e+02,1.7074853708e+01,0.0000000000e+00,nan,nan,nan,nan,nan,nan
-3.0202407790e-04,1.1206781765e-05,2.0354736990e+02,7.3888298590e+01,7.6924610318e+00,2.1247172050e+02,2.2829052050e+02,-1.7050689560e+01,2.2829052050e+02,1.7050689560e+01,0.0000000000e+00,nan,nan,nan,nan,nan,nan
2.0297823015e-04,6.2781213632e-05,1.8132505359e-01,-4.6872531495e+00,-1.5744441090e+01,1.6011974934e+01,1.4629600206e+00,-1.7026076057e+01,1.1823866048e+00,1.7026076057e+01,0.0000000000e+00,nan,nan,nan,nan,nan,nan
-1.6699573083e-04,3.0989841197e-05,1.2642038904e+02,2.5140963682e+01,-4.1888922672e+01,1.5212387096e+02,1.3009449103e+02,-4.5563024661e+01,1.3009449103e+02,4.5563024662e+01,0.0000000000e+00,nan,nan,nan,nan,nan,nan
-2.2087231195e-04,3.0419896605e-05,1.2846551130e+02,4.1639919532e+01,-3.1141345769e+01,1.5590448238e+02,1.3867357764e+02,-4.1349412106e+01,1.3867357764e+02,4.1349412106e+01,0.0000000000e+00,nan,nan,nan,nan,nan,nan
1.9899898301e-04,6.1898782773e-05,2.6857229248e+00,-5.5301447765e+00,-1.5479983317e+01,1.8427319481e+01,4.2418876666e+00,-1.7036148059e+01,4.2672925453e+00,1.7036148059e+01,0.0000000000e+00,nan,nan,nan,nan,nan,nan
-2.7546360121e-04,4.5411771212e-05,5.5722626597e+01,4.2616629311e+01,-7.9756235327e+00,9.2141994777e+01,7.7071707020e+01,-2.9324703956e+01,7.7071707020e+01,2.9324703956e+01,0.0000000000e+00,nan,nan,nan,nan,nan,nan
2.7458482868e-04,5.0185078844e-05,-2.4691018361e+00,-6.8575668619e+00,-1.2218527267e+01,1.4570774710e+01,1.0686261498e+00,-1.5756255253e+01,1.0666605560e+00,1.5756255253e+01,0.0000000000e+00,nan,nan,nan,nan,nan,nan
2.7534501956e-04,5.3856669811e-05,-2.5156121659e+00,-7.0412650765e+00,-1.1805014945e+01,1.4608124874e+01,1.2736912730e+00,-1.5594318384e+01,1.2737914372e+00,1.5594318384e+01,0.0000000000e+00,nan,nan,nan,nan,nan,nan
3.0117699012e-04,2.5877815111e-05,-1.1488183818e+00,-8.7871333023e+00,-1.0963128320e+01,1.7428221796e+01,4.0062151945e+00,-1.6118161896e+01,4.0062152286e+00,1.6118161896e+01,0.0000000000e+00,nan,nan,nan,nan,nan,nan
-1.9802546572e-04,3.1509335463e-05,1.2546303148e+02,3.4302100796e+01,-3.6574159842e+01,1.5238465806e+02,1.3242375917e+02,-4.3534887532e+01,1.3242375917e+02,4.3534887532e+01,0.0000000000e+00,nan,nan,nan,nan,nan,nan
-3.4922067387e-04,1.2102422202e-05,9.1689317538e+01,5.1152053074e+01,7.0475930046e+00,1.1498921808e+02,1.1575751128e+02,-1.7020600740e+01,1.1575751128e+02,1.7020612417e+01,0.0000000000e+00,nan,nan,nan,nan,nan,nan
-3.4189016650e-04,1.1024564530e-05,1.1273025524e+02,5.6053408110e+01,7.1510112845e+00,1.3335988796e+02,1.3693600048e+02,-1.7054733954e+01,1.3693600048e+02,1.7054734470e+01,0.0000000000e+00,nan,nan,nan,nan,nan,nan
1.3201292042e-04,1.2910485650e-04,-9.8891208396e+00,-9.6335541376e-01,-1.6967085183e+01,6.3552465234e+00,-9.7588997201e+00,-1.7097306302e+01,4.5199462976e-07,1.7097306302e+01,0.0000000000e+00,nan,nan,nan,nan,nan,nan
-2.9371154980e-04,2.6274156947e-05,1.0763459060e+02,5.0975474070e+01,3.7213494913e+00,1.2607485003e+02,1.2846731865e+02,-1.7111378553e+01,1.2846731865e+02,1.7111378553e+01,0.0000000000e+00,nan,nan,nan,nan,nan,nan
1.1854298322e-04,1.2949237269e-04,-1.0949766585e+01,-4.2125256834e-01,-1.7080069899e+01,5.3627388673e+00,-1.0918739514e+01,-1.7111096971e+01,-9.8017801772e-07,1.7111096971e+01,0.0000000000e+00,nan,nan,nan,nan,nan,nan
1.4014879012e-04,1.0119187611e-04,-5.7864585488e+00,-1.2152641308e+00,-1.6887153678e+01,9.8477262619e+00,-5.6512187050e+00,-1.7022393521e+01,-2.4239531298e-04,1.7022393521e+01,0.0000000000e+00,nan,nan,nan,nan,nan,nan
2.4820750269e-04,9.8698243044e-05,-3.4679074802e+00,-6.4126511173e+00,-1.1044039287e+01,1.2899387321e+01,1.9149135855e-01,-1.4703438126e+01,1.5867497710e-01,1.4703438126e+01,0.0000000000e+00,nan,nan,nan,nan,nan,nan
2.9536292717e-04,3.5706298589e-05,-1.5356408883e+00,-8.3936495363e+00,-1.0894855880e+01,1.6642264935e+01,3.3931677559e+00,-1.5823664524e+01,3.3931687252e+00,1.5823664524e+01,0.0000000000e+00,nan,nan,nan,nan,nan,nan
1.2648672328e-04,9.9391373923e-05,-3.6806250257e+00,-1.4898245049e+00,-1.7064096514e+01,1.1862498947e+01,-3.5235438097e+00,-1.7221177730e+01,-7.2216527941e-04,1.7221177730e+01,0.0000000000e+00,nan,nan,nan,nan,nan,nan
9.9440829128e-05,9.5464934035e-05,-5.8669370324e-01,1.6260715746e+00,-2.2627743494e+01,1.9301780117e+01,-4.6333065229e-01,-2.2751106545e+01,2.5501406418e-02,2.2751106545e+01,0.0000000000e+00,nan,nan,nan,nan,nan,nan
1.0282998340e-04,9.6703817186e-05,-1.5697266553e+00,1.7236988074e+00,-2.2645269336e+01,1.8501350796e+01,-1.4257381334e+00,-2.2789257858e+01,-1.9835394331e-02,2.2789257858e+01,0.0000000000e+00,nan,nan,nan,nan,nan,nan
-1.7516186076e-04,1.6574894424e-05,1.7136530403e+02,2.5930538176e+01,-4.4841389830e+01,1.9255013777e+02,1.7443083098e+02,-4.7906916774e+01,1.7443083098e+02,4.7906916774e+01,0.0000000000e+00,nan,nan,nan,nan,nan,nan
3.5563280352e-04,1.9296473110e-05,1.8256509379e-01,-1.4590152088e+01,3.5604701668e+00,2.5434809857e+01,1.6556311948e+01,-1.2813276688e+01,1.6556311948e+01,1.2813275844e+01,0.0000000000e+00,nan,nan,nan,nan,nan,nan
-2.4984116571e-04,1.0812767259e-05,2.1850333628e+02,5.0330741141e+01,-2.6986370300e+01,2.2977313675e+02,2.2841806534e+02,-3.6901099364e+01,2.2841806534e+02,3.6901099364e+01,0.0000000000e+00,nan,nan,nan,nan,nan,nan
9.8805177307e-05,1.1598765530e-04,-8.7397567345e+00,3.6412773720e+00,-2.1704012542e+01,1.2888436610e+01,-7.7807422923e+00,-2.2663026984e+01,-8.7446875624e-06,2.2663026977e+01,0.0000000000e+00,nan,nan,nan,nan,nan,nan
1.6132476211e-04,1.3848500416e-04,-4.8610324871e+00,-2.9164031821e+00,-1.5165999125e+01,1.0249131441e+01,-4.0961770098e+00,-1.5930854603e+01,2.0358423746e-03,1.5930854603e+01,0.0000000000e+00,nan,nan,nan,nan,nan,nan
1.9386603462e-04,5.4733451358e-05,1.6025608300e+01,-9.4953134864e+00,-1.4275311282e+01,3.0973259843e+01,1.8757568417e+01,-1.7007271399e+01,1.8756352635e+01,1.7007271399e+01,0.0000000000e+00,nan,nan,nan,nan,nan,nan
1.3527164459e-04,8.9798604117e-05,-7.5187289155e-01,-2.9267224691e+00,-1.6503765418e+01,1.4545296348e+01,-2.3008839260e-01,-1.7025549917e+01,7.6608483595e-02,1.7025549917e+01,0.0000000000e+00,nan,nan,nan,nan,nan,nan
-3.0672401465e-04,7.3853431939e-06,2.3912177644e+02,8.0486923345e+01,8.1933452361e+00,2.4377114070e+02,2.6439889454e+02,-1.7083772864e+01,2.6439889454e+02,1.7083772864e+01,0.0000000000e+00,nan,nan,nan,nan,nan,nan
-3.1027106796e-04,7.5841716164e-06,2.3193266104e+02,8.1376896369e+01,9.5452810107e+00,2.3864701477e+02,2.5852188925e+02,-1.7043947195e+01,2.5852188925e+02,1.7043947195e+01,0.0000000000e+00,nan,nan,nan,nan,nan,nan
-2.8948354329e-04,4.0329522914e-05,6.5366446860e+01,3.8031339470e+01,3.2134262773e-01,8.6672838011e+01,8.2884481101e+01,-1.7196691614e+01,8.2884481101e+01,1.7196691614e+01,0.0000000000e+00,nan,nan,nan,nan,nan,nan
-1.6277988807e-04,5.3563490853e-05,7.0847694247e+01,2.2910258254e+01,-3.6469245724e+01,1.0105406191e+02,7.5532814111e+01,-4.1154365587e+01,7.5532814111e+01,4.1154365587e+01,0.0000000000e+00,nan,nan,nan,nan,nan,nan
-2.4920700546e-04,4.8524780870e-05,5.9865039739e+01,4.2339546440e+01,-1.7564274319e+01,9.9364205373e+01,7.8518333431e+01,-3.6217568010e+01,7.8518333431e+01,3.6217568010e+01,0.0000000000e+00,nan,nan,nan,nan,nan,nan
2.5314800355e-04,1.3668203262e-04,-1.3784646013e+00,-7.1197897253e+00,-9.2004428819e+00,1.4069181606e+01,2.8333920458e+00,-1.3412299529e+01,2.8333922840e+00,1.3412299529e+01,0.0000000000e+00,nan,nan,nan,nan,nan,nan
2.5664672008e-04,1.3384212817e-04,-1.6175539754e+00,-7.2199262490e+00,-9.0278390641e+00,1.4055123498e+01,2.7920328152e+00,-1.3437425855e+01,2.7920330670e+00,1.3437425855e+01,0.0000000000e+00,nan,nan,nan,nan,nan,nan
-3.2048190336e-04,1.6332488291e-05,1.1851426945e+02,5.6154498980e+01,6.2083708589e+00,1.3754846202e+02,1.4177496173e+02,-1.7052321422e+01,1.4177496173e+02,1.7052321421e+01,0.0000000000e+00,nan,nan,nan,nan,nan,nan
-3.2123470869e-04,4.3674031294e-05,4.2291658360e+01,2.9204294534e+01,-2.7440552662e+00,6.3952974420e+01,5.6697068544e+01,-1.7149465450e+01,5.6697068544e+01,1.7149465449e+01,0.0000000000e+00,nan,nan,nan,nan,nan,nan
9.8174343987e-05,1.4646174198e-04,-5.1205082703e+00,-3.1357563590e+00,-1.8263684192e+01,1.2611386409e+01,-4.4109088929e+00,-1.8973283569e+01,-3.2638746461e-04,1.8973282641e+01,0.0000000000e+00,nan,nan,nan,nan,nan,nan
-3.3647350761e-04,3.8839736641e-05,4.3230807167e+01,3.2024271248e+01,1.9457979546e+00,6.5960314010e+01,6.0670507610e+01,-1.5493902489e+01,6.0670507610e+01,1.5493902450e+01,0.0000000000e+00,nan,nan,nan,nan,nan,nan
2.2345168713e-04,1.4743909775e-04,1.6857802979e-02,-6.4586751634e+00,-1.0650458792e+01,1.4507271683e+01,3.0589767172e+00,-1.3692577706e+01,3.0589666120e+00,1.3692577706e+01,0.0000000000e+00,nan,nan,nan,nan,nan,nan
2.7494374271e-04,1.2705375707e-04,-2.2614295498e+00,-7.6530073995e+00,-7.8313528771e+00,1.4104993662e+01,3.0971306741e+00,-1.3189913101e+01,3.0971306702e+00,1.3189913101e+01,0.0000000000e+00,nan,nan,nan,nan,nan,nan
3.3062273948e-04,8.9939461678e-05,-4.3974847968e+00,-9.5055362346e+00,-1.7549264804e+00,1.6619528586e+01,6.5190836641e+00,-1.2671494941e+01,6.5190836641e+00,1.2671494941e+01,0.0000000000e+00,nan,nan,nan,nan,nan,nan
2.0051928601e-04,1.5195689025e-04,9.2862908121e-01,-5.9571618373e+00,-1.1622644006e+01,1.4985844929e+01,3.3050741414e+00,-1.3999089066e+01,3.3050193912e+00,1.3999089066e+01,0.0000000000e+00,nan,nan,nan,nan,nan,nan
-1.9061724876e-04,9.5953045454e-05,-9.3535172542e-01,1.7783771436e+01,-2.6128826795e+01,3.7744080182e+01,8.2594655935e+00,-3.5323644114e+01,8.2594657351e+00,3.5323644114e+01,0.0000000000e+00,nan,nan,nan,nan,nan,nan
-1.5268043210e-04,1.0451366173e-04,-7.3798961101e-01,1.3333797093e+01,-2.8896551222e+01,3.3583930493e+01,4.5724208940e+00,-3.4206961727e+01,4.5627741423e+00,3.4206961727e+01,0.0000000000e+00,nan,nan,nan,nan,nan,nan
5.8954383548e-05,1.3239066302e-04,-3.2666025549e+01,-6.0912956381e+00,-3.8730924295e+01,1.1397787256e+01,-2.9117959382e+01,-4.2278990463e+01,7.7867302808e-03,4.2279583334e+01,0.0000000000e+00,nan,nan,nan,nan,nan,nan
-1.0745634303e-04,1.1415608723e-04,-6.0140203966e+00,7.9407448256e+00,-3.0642587053e+01,2.5375154327e+01,-3.6779515435e+00,-3.2978655906e+01,-7.1601918297e-03,3.2978655906e+01,0.0000000000e+00,nan,nan,nan,nan,nan,nan
7.1788109642e-05,1.3734964925e-04,-1.7093813380e+01,2.7766360223e+00,-1.6504073141e+01,4.4071311057e+00,-1.4254484931e+01,-1.9343401591e+01,-2.3120366420e+00,1.9365315804e+01,0.0000000000e+00,nan,nan,nan,nan,nan,nan
7.2357540348e-05,1.3443433062e-04,-1.7101788361e+01,3.1823712876e+00,-1.6836493652e+01,5.6860471192e+00,-1.3686300172e+01,-2.0251981842e+01,-5.5244244826e-01,2.0248262026e+01,0.0000000000e+00,nan,nan,nan,nan,nan,nan
3.3007849315e-04,1.0725337588e-05,-1.5486950116e+00,-1.1430577383e+01,-7.1836085425e+00,2.0386589367e+01,7.4040510817e+00,-1.6136354636e+01,7.4040510817e+00,1.6136354636e+01,0.0000000000e+00,nan,nan,nan,nan,nan,nan
-2.4834371408e-04,7.6224355311e-05,-3.4289341474e+00,2.5511086952e+01,-1.8227097644e+01,4.5997839686e+01,1.5728849229e+01,-3.7384881021e+01,1.5728849229e+01,3.7384881021e+01,0.0000000000e+00,nan,nan,nan,nan,nan,nan
3.2387846572e-04,9.6194645363e-05,-4.1632771371e+00,-9.1874547444e+00,-2.8411972258e+00,1.5952237824e+01,5.7077916203e+00,-1.2712265983e+01,5.7077916203e+00,1.2712265983e+01,0.0000000000e+00,nan,nan,nan,nan,nan,nan
3.6899409774e-04,4.0903221824e-05,-4.5491758608e+00,-1.3106481099e+01,1.0743964823e+01,2.6271575199e+01,1.8265295494e+01,-1.2070506533e+01,1.8265295494e+01,1.2070507292e+01,0.0000000000e+00,nan,nan,nan,nan,nan,nan
-1.2151036770e-04,1.1059289691e-04,-3.1915489207e+00,9.5851834776e+00,-3.0318487283e+01,2.8764139322e+01,-1.4803452149e-01,-3.3362001683e+01,-7.6598627765e-02,3.3362001683e+01,0.0000000000e+00,nan,nan,nan,nan,nan,nan
3.3416128542e-04,1.0940759264e-05,-1.4597833637e+00,-1.1857055581e+01,-6.1596989507e+00,2.0931614922e+01,8.2751323528e+00,-1.5894614667e+01,8.2751323528e+00,1.5894614667e+01,0.0000000000e+00,nan,nan,nan,nan,nan,nan
3.5640990884e-04,5.9254682695e-05,-4.8934794713e+00,-1.1447125878e+01,4.7615997979e+00,2.1512368976e+01,1.2354232182e+01,-1.2486111856e+01,1.2354232182e+01,1.2486111856e+01,0.0000000000e+00,nan,nan,nan,nan,nan,nan
3.6288985807e-04,5.2307409687e-05,-5.0730429252e+00,-1.1879851169e+01,7.2715360099e+00,2.3179806124e+01,1.4482113848e+01,-1.2283620763e+01,1.4482113848e+01,1.2283620755e+01,0.0000000000e+00,nan,nan,nan,nan,nan,nan
3.6209995986e-04,1.1867296250e-05,1.2421566707e+00,-1.4519873418e+01,6.0303377024e+00,2.5485894863e+01,1.8350535446e+01,-1.1078041073e+01,1.8350535446e+01,1.1078023940e+01,0.0000000000e+00,nan,nan,nan,nan,nan,nan
3.5815821090e-04,1.1803097783e-05,6.3916557537e-01,-1.4119802611e+01,4.0694045946e+00,2.4633032052e+01,1.6576172771e+01,-1.1867602601e+01,1.6576172771e+01,1.1867605594e+01,0.0000000000e+00,nan,nan,nan,nan,nan,nan
3.6600434515e-04,1.1978923956e-05,1.8688001668e+00,-1.5024984073e+01,8.1413734524e+00,2.6581698136e+01,2.0352037384e+01,-1.0341863765e+01,2.0352037384e+01,1.0341932928e+01,0.0000000000e+00,nan,nan,nan,nan,nan,nan
1.1196506033e-04,1.2259619065e-04,-1.0134096023e+01,3.5976977620e-02,-1.7010544865e+01,5.9429382934e+00,-1.0141163420e+01,-1.7003477467e+01,-1.5645082102e-07,1.7003477467e+01,0.0000000000e+00,nan,nan,nan,nan,nan,nan
1.3736132677e-04,8.1155902914e-05,2.6975403475e+00,-3.0310021506e+00,-1.7707757152e+01,1.8421080848e+01,3.1303075841e+00,-1.8140524389e+01,3.1191710185e+00,1.8140524389e+01,0.0000000000e+00,nan,nan,nan,nan,nan,nan
3.4630497602e-04,1.1363924505e-05,-7.5514173700e-01,-1.3205592291e+01,-1.3917661262e+00,2.2873798964e+01,1.2132740058e+01,-1.4279647921e+01,1.2132740058e+01,1.4279647934e+01,0.0000000000e+00,nan,nan,nan,nan,nan,nan
8.6679483780e-05,1.1599333999e-04,-7.2997153877e+00,4.3354924197e+00,-2.0955302260e+01,1.4028888404e+01,-6.0279263276e+00,-2.2227091320e+01,-5.6553580570e-05,2.2227091221e+01,0.0000000000e+00,nan,nan,nan,nan,nan,nan
4.4420560436e-05,1.0545667704e-04,2.3714487934e+00,3.1815103020e+00,-2.6572823053e+01,2.5642936928e+01,2.7042694081e+00,-2.6905643668e+01,2.6883640958e+00,2.6905643668e+01,0.0000000000e+00,nan,nan,nan,nan,nan,nan
3.1765037695e-04,9.9155051520e-06,8.2061708685e-02,-1.1312950402e+01,-9.3110047091e+00,2.1204656970e+01,7.6280429094e+00,-1.6856985910e+01,7.6280429094e+00,1.6856985910e+01,0.0000000000e+00,nan,nan,nan,nan,nan,nan
3.1021777452e-04,1.2821960579e-05,1.7457615844e+00,-1.1288896663e+01,-1.0182581701e+01,2.2119570382e+01,8.5523298565e+00,-1.6989149973e+01,8.5523298567e+00,1.6989149973e+01,0.0000000000e+00,nan,nan,nan,nan,nan,nan
2.3220516180e-05,1.0046940064e-04,3.4649328302e+00,-4.2188689114e+00,-3.3265861952e+01,3.2633789283e+01,3.9406624665e+00,-3.3741591588e+01,4.0060501865e+00,3.3741591588e+01,0.0000000000e+00,nan,nan,nan,nan,nan,nan
-8.0627188389e-05,9.1010943235e-05,1.7298660272e+01,3.4063213379e+00,-3.5479946372e+01,4.6085519156e+01,1.7516843840e+01,-3.5698129941e+01,1.7516845519e+01,3.5698129941e+01,0.0000000000e+00,nan,nan,nan,nan,nan,nan
2.6550194157e-04,8.4369332353e-06,2.5317960727e+01,-1.9021342176e+01,-1.3114235144e+01,4.6826948608e+01,3.3137414176e+01,-2.0933688593e+01,3.3137414188e+01,2.0933688593e+01,0.0000000000e+00,nan,nan,nan,nan,nan,nan
2.7646202035e-04,1.0875529781e-04,-2.8034022959e+00,-7.9277499147e+00,-8.1544686833e+00,1.4491422657e+01,2.8876912826e+00,-1.3845562262e+01,2.8876913813e+00,1.3845562262e+01,0.0000000000e+00,nan,nan,nan,nan,nan,nan
4.9873196945e-05,1.2303099326e-04,-2.1904034928e+01,-3.2634632911e+00,-3.5268871578e+01,1.2700405037e+01,-2.1253870986e+01,-3.5919035520e+01,-1.2681061254e-04,3.5919035496e+01,0.0000000000e+00,nan,nan,nan,nan,nan,nan
2.3061824987e-04,1.4201333653e-04,-7.1862382257e-01,-6.6294726641e+00,-1.0395008795e+01,1.4214553706e+01,2.6499601001e+00,-1.3763592717e+01,2.6499433414e+00,1.3763592717e+01,0.0000000000e+00,nan,nan,nan,nan,nan,nan
2.3020369201e-04,1.3823202640e-04,-1.1619530199e+00,-6.6092029749e+00,-1.0507135799e+01,1.4018820413e+01,2.2592253296e+00,-1.3928314148e+01,2.2592824544e+00,1.3928314148e+01,0.0000000000e+00,nan,nan,nan,nan,nan,nan
1.8508762033e-04,1.1025875167e-04,-6.6939078918e+00,-2.4233684996e+00,-1.5191436933e+01,8.4673933268e+00,-6.0540205956e+00,-1.5831324229e+01,1.7808466068e-07,1.5831324229e+01,0.0000000000e+00,nan,nan,nan,nan,nan,nan
-3.6658088709e-04,1.1091522425e-05,7.1398941974e+01,5.1070228402e+01,1.6554583330e+01,1.0036066297e+02,1.0192001844e+02,-1.3966493132e+01,1.0192001844e+02,1.3966886159e+01,0.0000000000e+00,nan,nan,nan,nan,nan,nan
2.2086761268e-04,9.5513475380e-05,-4.8091087467e+00,-4.4000601411e+00,-1.3367081907e+01,1.0628795386e+01,-2.9515574495e+00,-1.5224633204e+01,-1.0714143638e-05,1.5224633204e+01,0.0000000000e+00,nan,nan,nan,nan,nan,nan
2.1096488933e-04,4.5779160158e-05,2.0537966568e+01,-1.1023042450e+01,-1.3867402355e+01,3.5387299042e+01,2.3766148734e+01,-1.7095584521e+01,2.3766321458e+01,1.7095584521e+01,0.0000000000e+00,nan,nan,nan,nan,nan,nan
3.0532090819e-04,2.6351369798e-05,-1.1402933995e+00,-9.1520040304e+00,-1.0292772412e+01,1.7721378516e+01,4.5149097509e+00,-1.5947975562e+01,4.5149097434e+00,1.5947975562e+01,0.0000000000e+00,nan,nan,nan,nan,nan,nan
1.8165380804e-04,1.1274514722e-04,-6.8403293756e+00,-2.3164010890e+00,-1.5300695453e+01,8.3490523529e+00,-6.2501847908e+00,-1.5890840038e+01,-6.5304802289e-07,1.5890840038e+01,0.0000000000e+00,nan,nan,nan,nan,nan,nan
2.4827348013e-04,1.2810335405e-04,-1.9810350321e+00,-7.0402435084e+00,-9.7126009524e+00,1.3910915159e+01,2.1846526195e+00,-1.3878288604e+01,2.1846397903e+00,1.3878288604e+01,0.0000000000e+00,nan,nan,nan,nan,nan,nan
1.8869686410e-04,8.6396413465e-05,-6.4585531140e+00,-1.5239800622e+00,-1.6795643428e+01,9.3366493887e+00,-6.2365812333e+00,-1.7017615309e+01,-2.5116157523e-04,1.7017615309e+01,0.0000000000e+00,nan,nan,nan,nan,nan,nan
-1.1882488761e-04,1.1044442321e-04,-2.9613094907e+00,9.2876260487e+00,-3.0484404314e+01,2.8753500639e+01,-1.2201556824e-01,-3.3323698236e+01,-6.0929625149e-02,3.3323698236e+01,0.0000000000e+00,nan,nan,nan,nan,nan,nan
-3.0768709856e-04,2.1960469524e-05,1.0888366663e+02,5.2327143450e+01,4.6385329874e+00,1.2792857666e+02,1.3062069798e+02,-1.7098498363e+01,1.3062069798e+02,1.7098498363e+01,0.0000000000e+00,nan,nan,nan,nan,nan,nan
-1.4875455685e-04,8.7603492508e-05,1.7912741401e+01,1.5358923710e+01,-3.1305268453e+01,5.0242393101e+01,2.2311195656e+01,-3.5703722707e+01,2.2311195718e+01,3.5703722707e+01,0.0000000000e+00,nan,nan,nan,nan,nan,nan
2.8002041758e-04,7.9950937016e-05,-2.8648111758e+00,-7.9869460321e+00,-9.2336020069e+00,1.4891520378e+01,2.5484167073e+00,-1.4646829890e+01,2.5484126821e+00,1.4646829890e+01,0.0000000000e+00,nan,nan,nan,nan,nan,nan
2.8399838426e-04,8.0720780573e-05,-2.8343502003e+00,-8.2499680970e+00,-8.7260816199e+00,1.5171743563e+01,2.9791943200e+00,-1.4539626140e+01,2.9791942061e+00,1.4539626140e+01,0.0000000000e+00,nan,nan,nan,nan,nan,nan
2.8340876305e-04,7.6941473655e-05,-2.7821419531e+00,-8.1762506899e+00,-9.0411841486e+00,1.5162244008e+01,2.8422626087e+00,-1.4665588710e+01,2.8422653476e+00,1.4665588710e+01,0.0000000000e+00,nan,nan,nan,nan,nan,nan
2.8738793228e-04,7.7691013101e-05,-2.7612469029e+00,-8.4444390859e+00,-8.5103414265e+00,1.5449023905e+01,3.2837039455e+00,-1.4555292275e+01,3.2837035118e+00,1.4555292275e+01,0.0000000000e+00,nan,nan,nan,nan,nan,nan
3.2622032114e-04,5.4361693793e-05,-2.1419809322e+00,-1.1299284107e+01,-3.5380367729e+00,1.9605134650e+01,8.4790209151e+00,-1.4159038620e+01,8.4790209151e+00,1.4159038620e+01,0.0000000000e+00,nan,nan,nan,nan,nan,nan
-3.2338776777e-04,3.5634208519e-05,5.0660762984e+01,3.2192321829e+01,-1.7475712574e+00,7.1923355819e+01,6.5981564706e+01,-1.7068372980e+01,6.5981564706e+01,1.7068372981e+01,0.0000000000e+00,nan,nan,nan,nan,nan,nan
7.7236793585e-05,1.0601907726e-04,-1.5354709509e+00,3.7963196392e+00,-2.1462495557e+01,1.8481200539e+01,-8.2885714783e-01,-2.2169109360e+01,6.4622606261e-02,2.2169109360e+01,0.0000000000e+00,nan,nan,nan,nan,nan,nan
7.7579752367e-05,1.0883033036e-04,-2.8236604548e+00,4.1774117976e+00,-2.1169665926e+01,1.7473916291e+01,-1.9080929156e+00,-2.2085233465e+01,-6.4491055589e-03,2.2085233465e+01,0.0000000000e+00,nan,nan,nan,nan,nan,nan
-2.6186006054e-04,2.5349012070e-05,1.4183133505e+02,5.4573818315e+01,-1.4028624317e+01,1.6477930252e+02,1.5903673003e+02,-3.1234019303e+01,1.5903673003e+02,3.1234019303e+01,0.0000000000e+00,nan,nan,nan,nan,nan,nan
-1.6176613527e-04,1.0108038781e-04,9.9415252617e-01,1.4711242377e+01,-2.8473373266e+01,3.6060289782e+01,7.0798076428e+00,-3.4559028383e+01,7.0797162172e+00,3.4559028383e+01,0.0000000000e+00,nan,nan,nan,nan,nan,nan
-2.0875879252e-04,4.4456822487e-05,8.5642693670e+01,3.6051184009e+01,-3.0345066142e+01,1.1827144076e+02,9.5932861924e+01,-4.0635234395e+01,9.5932861924e+01,4.0635234395e+01,0.0000000000e+00,nan,nan,nan,nan,nan,nan
-1.5784334294e-04,4.9798722630e-05,7.9389406329e+01,2.2050959470e+01,-3.8054240791e+01,1.0864201674e+02,8.3392080379e+01,-4.2056914841e+01,8.3392080379e+01,4.2056914841e+01,0.0000000000e+00,nan,nan,nan,nan,nan,nan
3.3009802767e-04,8.5847176466e-05,-4.2136039515e+00,-9.7770166225e+00,-1.8021939249e+00,1.7060086905e+01,6.8417468290e+00,-1.2857544705e+01,6.8417468290e+00,1.2857544705e+01,0.0000000000e+00,nan,nan,nan,nan,nan,nan
3.3395423457e-04,8.6747167664e-05,-4.5099256370e+00,-9.6715440415e+00,-1.1557681986e+00,1.6998932609e+01,6.9814914002e+00,-1.2647185236e+01,6.9814914002e+00,1.2647185236e+01,0.0000000000e+00,nan,nan,nan,nan,nan,nan
-1.1679944991e-04,1.0618691477e-04,9.6549275821e-01,9.1794435699e+00,-3.1119971046e+01,3.2011525955e+01,3.4046239836e+00,-3.3559102271e+01,3.4088159771e+00,3.3559102271e+01,0.0000000000e+00,nan,nan,nan,nan,nan,nan
-1.3526381640e-04,5.4606535474e-05,7.1133538872e+01,1.6167003805e+01,-3.9366529870e+01,9.9707134106e+01,7.3449445218e+01,-4.1682436215e+01,7.3449445218e+01,4.1682436215e+01,0.0000000000e+00,nan,nan,nan,nan,nan,nan
-1.4059228331e-04,5.2936680193e-05,7.4106403014e+01,1.7556873008e+01,-3.9243596067e+01,1.0276464475e+02,7.6762598782e+01,-4.1899791835e+01,7.6762598782e+01,4.1899791835e+01,0.0000000000e+00,nan,nan,nan,nan,nan,nan
6.7644646190e-05,1.3347691929e-04,-1.4180822962e+01,8.2638252071e+00,2.6501438373e+00,2.0386802114e+01,6.0049861264e+00,-1.7535665251e+01,3.7241628845e+00,1.7493098262e+01,0.0000000000e+00,nan,nan,nan,nan,nan,nan
2.0011384334e-04,8.6214835152e-05,-6.0771050027e+00,-2.1496912534e+00,-1.5940640187e+01,9.3119508850e+00,-5.6326152445e+00,-1.6385129945e+01,-2.7938485675e-05,1.6385129945e+01,0.0000000000e+00,nan,nan,nan,nan,nan,nan
-6.0127969031e-05,5.3883359424e-05,7.5444725748e+01,-1.7483913040e-01,-4.2872524808e+01,1.0246548444e+02,7.5444575493e+01,-4.2872374553e+01,7.5444575493e+01,4.2872374553e+01,0.0000000000e+00,nan,nan,nan,nan,nan,nan
8.5257689175e-05,1.4544100617e-04,-9.2472122422e+00,-2.8733792274e+00,-1.9762170442e+01,1.0475167442e+01,-8.4568506001e+00,-2.0552532084e+01,3.9969770520e-02,2.0551554250e+01,0.0000000000e+00,nan,nan,nan,nan,nan,nan
-2.3115861118e-04,6.7405079722e-05,2.3257810518e+01,3.1390382446e+01,-2.1107830432e+01,6.6570432265e+01,3.9509447031e+01,-3.7359466945e+01,3.9509447031e+01,3.7359466945e+01,0.0000000000e+00,nan,nan,nan,nan,nan,nan
-1.7633045264e-04,8.1576341025e-05,2.0458794306e+01,2.0526867134e+01,-2.9064787397e+01,5.5706619293e+01,2.7859235098e+01,-3.6465228190e+01,2.7859235097e+01,3.6465228190e+01,0.0000000000e+00,nan,nan,nan,nan,nan,nan
1.9624734864e-04,1.4698739324e-04,-2.4725854358e-01,-5.7840744259e+00,-1.1953395547e+01,1.4251914740e+01,2.1280197660e+00,-1.4328673857e+01,2.1272875996e+00,1.4328673857e+01,0.0000000000e+00,nan,nan,nan,nan,nan,nan
-1.6705994016e-04,1.0162570487e-04,-5.9244753861e-01,1.5018630178e+01,-2.7985296090e+01,3.5203573494e+01,6.0359208189e+00,-3.4613664448e+01,6.0391407065e+00,3.4613664448e+01,0.0000000000e+00,nan,nan,nan,nan,nan,nan
-2.2617923192e-04,6.8735401126e-05,2.3204751693e+01,3.0426165500e+01,-2.2075339899e+01,6.5683784239e+01,3.8487256409e+01,-3.7357844615e+01,3.8487256409e+01,3.7357844615e+01,0.0000000000e+00,nan,nan,nan,nan,nan,nan
-2.0860416325e-04,7.2580137758e-05,2.4054018425e+01,2.7243349282e+01,-2.5169451504e+01,6.3587507266e+01,3.6154547897e+01,-3.7269980977e+01,3.6154547897e+01,3.7269980977e+01,0.0000000000e+00,nan,nan,nan,nan,nan,nan
-1.9102516332e-04,7.6809984803e-05,2.3337600946e+01,2.3752032682e+01,-2.7617524078e+01,6.0327937560e+01,3.2690389424e+01,-3.6970312556e+01,3.2690389424e+01,3.6970312556e+01,0.0000000000e+00,nan,nan,nan,nan,nan,nan
-1.3177240712e-04,8.6649712316e-05,2.1027051529e+01,1.2684345163e+01,-3.3008565204e+01,5.1695053813e+01,2.3855396398e+01,-3.5836910072e+01,2.3855396416e+01,3.5836910072e+01,0.0000000000e+00,nan,nan,nan,nan,nan,nan
1.3155808367e-04,1.5084334315e-04,-2.9453622841e+00,-1.8320639885e+00,-1.7013288462e+01,1.2596201718e+01,-2.7069049208e+00,-1.7251745826e+01,7.6556411113e-03,1.7251745826e+01,0.0000000000e+00,nan,nan,nan,nan,nan,nan
1.3503102860e-04,1.5268630557e-04,-2.5413399387e+00,-1.8394521048e+00,-1.6976345693e+01,1.2907790450e+01,-2.3065265248e+00,-1.7211159106e+01,2.3409011336e-02,1.7211159106e+01,0.0000000000e+00,nan,nan,nan,nan,nan,nan
1.2789341465e-04,1.5252071681e-04,-1.9795776407e+00,-1.6861908333e+00,-1.7131283727e+01,1.3448992331e+01,-1.7906513410e+00,-1.7320210026e+01,-1.1911699722e-02,1.7320210026e+01,0.0000000000e+00,nan,nan,nan,nan,nan,nan
1.3474818429e-04,1.5626215972e-04,-1.3819078322e+00,-1.6065210626e+00,-1.7122491073e+01,1.3920075745e+01,-1.2154399741e+00,-1.7288958931e+01,-1.1264641981e-01,1.7288958931e+01,0.0000000000e+00,nan,nan,nan,nan,nan,nan
-1.3645255949e-04,7.3190282121e-05,3.8920930739e+01,1.4851189181e+01,-3.5120669117e+01,6.9087321617e+01,4.1787714544e+01,-3.7987452922e+01,4.1787714544e+01,3.7987452922e+01,0.0000000000e+00,nan,nan,nan,nan,nan,nan
3.4182333670e-04,2.9770771161e-05,-6.3831836320e-01,-1.3285222470e+01,-1.2240265807e+00,2.3011454909e+01,1.2354497214e+01,-1.4216842158e+01,1.2354497214e+01,1.4216842158e+01,0.0000000000e+00,nan,nan,nan,nan,nan,nan
3.4242212099e-04,3.3589214748e-05,-9.3347604215e-01,-1.3290769872e+01,-6.0953528578e-01,2.3017041048e+01,1.2517389181e+01,-1.4060400509e+01,1.2517389181e+01,1.4060400510e+01,0.0000000000e+00,nan,nan,nan,nan,nan,nan
2.5714352414e-04,2.5119294383e-05,2.3962025736e+01,-1.6440350980e+01,-1.1720341412e+01,4.2018786789e+01,3.0380400026e+01,-1.8138715701e+01,3.0380471978e+01,1.8138715701e+01,0.0000000000e+00,nan,nan,nan,nan,nan,nan
-2.1623099447e-04,7.1508014541e-05,2.2766301928e+01,2.8400180204e+01,-2.3848717768e+01,6.3631234186e+01,3.6196302267e+01,-3.7278718106e+01,3.6196302267e+01,3.7278718106e+01,0.0000000000e+00,nan,nan,nan,nan,nan,nan
-1.9936598108e-04,9.0707913432e-05,1.9990999855e+00,1.9822895897e+01,-2.5361142514e+01,4.1713531213e+01,1.2402297211e+01,-3.5764339739e+01,1.2402297210e+01,3.5764339739e+01,0.0000000000e+00,nan,nan,nan,nan,nan,nan
-1.7731491861e-04,6.7551401219e-05,4.1812423506e+01,2.3886631748e+01,-3.1239339783e+01,7.5589474617e+01,4.8928145379e+01,-3.8355061657e+01,4.8928145379e+01,3.8355061657e+01,0.0000000000e+00,nan,nan,nan,nan,nan,nan
-1.8021296131e-04,6.7751300156e-05,4.0834256894e+01,2.4396699662e+01,-3.0754187406e+01,7.5026013898e+01,4.8356324065e+01,-3.8276254576e+01,4.8356324065e+01,3.8276254576e+01,0.0000000000e+00,nan,nan,nan,nan,nan,nan
-1.9915404087e-04,7.7740677927e-05,1.9323088046e+01,2.4388479991e+01,-2.6242894763e+01,5.7803415112e+01,2.9912913917e+01,-3.6832720633e+01,2.9912913917e+01,3.6832720633e+01,0.0000000000e+00,nan,nan,nan,nan,nan,nan
1.5336847985e-04,1.2775045595e-04,-8.1735592374e+00,-1.6451914718e+00,-1.6676559892e+01,7.8969580533e+00,-7.8657487068e+00,-1.6984370422e+01,1.0704698235e-05,1.6984370422e+01,0.0000000000e+00,nan,nan,nan,nan,nan,nan
1.5358518727e-04,1.3154199830e-04,-7.4511962558e+00,-1.9288023921e+00,-1.6588026533e+01,8.5908217936e+00,-7.0596981191e+00,-1.6979524669e+01,-4.2120359349e-05,1.6979524669e+01,0.0000000000e+00,nan,nan,nan,nan,nan,nan
1.4983889352e-04,1.2994102082e-04,-8.1117510596e+00,-1.7002816095e+00,-1.6687393403e+01,7.9910848690e+00,-7.7859172313e+00,-1.7013227232e+01,8.2156444481e-06,1.7013227232e+01,0.0000000000e+00,nan,nan,nan,nan,nan,nan
1.5000283384e-04,1.3371679433e-04,-7.2811360585e+00,-1.9718104355e+00,-1.6591200390e+01,8.7582073135e+00,-6.8796148741e+00,-1.6992721574e+01,-1.5824197293e-06,1.6992721574e+01,0.0000000000e+00,nan,nan,nan,nan,nan,nan
-1.5002682994e-04,1.0423575390e-04,-8.3534462674e-02,1.3132180630e+01,-2.9120897820e+01,3.3905435241e+01,4.9730960221e+00,-3.4177528305e+01,4.9700056551e+00,3.4177528305e+01,0.0000000000e+00,nan,nan,nan,nan,nan,nan
-1.6798786869e-04,8.0874434338e-05,2.3266741345e+01,1.9474154947e+01,-3.0223533957e+01,5.7300772946e+01,2.9604220379e+01,-3.6561012991e+01,2.9604220380e+01,3.6561012991e+01,0.0000000000e+00,nan,nan,nan,nan,nan,nan
-1.4553035340e-04,1.0595567217e-04,-1.0687272529e+00,1.2473126808e+01,-2.9284138688e+01,3.2613850387e+01,3.6531823297e+00,-3.4006048271e+01,3.6446204460e+00,3.4006048271e+01,0.0000000000e+00,nan,nan,nan,nan,nan,nan
1.9008519365e-04,9.3882567316e-05,-6.7861576527e+00,-1.6194450778e+00,-1.6264972917e+01,8.6711991533e+00,-6.5192461196e+00,-1.6531884450e+01,1.8072296139e-05,1.6531884450e+01,0.0000000000e+00,nan,nan,nan,nan,nan,nan
1.9343270096e-04,9.1346566838e-05,-6.5281537638e+00,-1.7918794568e+00,-1.6150242891e+01,8.8875938272e+00,-6.2079436386e+00,-1.6470453016e+01,-2.2216198061e-05,1.6470453016e+01,0.0000000000e+00,nan,nan,nan,nan,nan,nan
1.9409698288e-04,9.5107234226e-05,-6.4813030707e+00,-2.1204551481e+00,-1.5732679546e+01,8.8075019335e+00,-6.0219776958e+00,-1.6192004920e+01,-7.4217183807e-07,1.6192004920e+01,0.0000000000e+00,nan,nan,nan,nan,nan,nan
-1.4441303242e-04,7.1598711390e-05,4.0498315257e+01,1.6646724920e+01,-3.4641652402e+01,7.1172997397e+01,4.4020080634e+01,-3.8163417779e+01,4.4020080634e+01,3.8163417779e+01,0.0000000000e+00,nan,nan,nan,nan,nan,nan
1.8469209381e-04,8.5205579767e-05,-5.9597089675e+00,-1.7100413786e+00,-1.6724967538e+01,9.7838907320e+00,-5.6936063050e+00,-1.6991070201e+01,-3.2704953785e-04,1.6991070201e+01,0.0000000000e+00,nan,nan,nan,nan,nan,nan
2.0269813139e-04,1.0126848221e-04,-5.7564333247e+00,-3.3065912812e+00,-1.4384382484e+01,9.4113789765e+00,-4.6367457189e+00,-1.5504070090e+01,-6.4425210484e-07,1.5504070090e+01,0.0000000000e+00,nan,nan,nan,nan,nan,nan
2.4385358688e-04,1.2332450280e-04,-2.3689901620e+00,-6.8463669609e+00,-1.0155921428e+01,1.3641250492e+01,1.6133238490e+00,-1.4138235439e+01,1.6131458762e+00,1.4138235439e+01,0.0000000000e+00,nan,nan,nan,nan,nan,nan
9.2169844649e-05,1.4268930743e-04,-1.0459062794e+01,-2.1495846845e+00,-1.9113173646e+01,8.3970016730e+00,-9.9381070434e+00,-1.9634129396e+01,5.0832249982e-03,1.9634176880e+01,0.0000000000e+00,nan,nan,nan,nan,nan,nan
9.1672166185e-05,1.4606463317e-04,-6.6344683055e+00,-3.1890446510e+00,-1.9062289263e+01,1.2083649889e+01,-5.8718802683e+00,-1.9824877301e+01,7.0289963921e-03,1.9824844388e+01,0.0000000000e+00,nan,nan,nan,nan,nan,nan
1.3263384237e-04,9.5231644076e-05,-2.5983314385e+00,-2.1999005148e+00,-1.6557668714e+01,1.2685844684e+01,-2.2538242334e+00,-1.6902175920e+01,1.9412210074e-03,1.6902175920e+01,0.0000000000e+00,nan,nan,nan,nan,nan,nan
2.6512147072e-04,1.0993764667e-04,-2.7828903272e+00,-7.5042638464e+00,-9.1017599453e+00,1.4102149894e+01,2.1995549010e+00,-1.4084205174e+01,2.1995522617e+00,1.4084205174e+01,0.0000000000e+00,nan,nan,nan,nan,nan,nan
-2.6790676844e-04,2.5949176015e-05,1.3578724640e+02,5.5166193014e+01,-9.6501459404e+00,1.5808911893e+02,1.5434134560e+02,-2.8204245144e+01,1.5434134560e+02,2.8204245144e+01,0.0000000000e+00,nan,nan,nan,nan,nan,nan
1.9467785204e-04,1.2804532265e-04,-3.9829588755e+00,-4.6928434195e+00,-1.2959258433e+01,1.1246569238e+01,-1.9778988773e+00,-1.4964318431e+01,-1.6179901739e-03,1.4964318431e+01,0.0000000000e+00,nan,nan,nan,nan,nan,nan
-6.3423079536e-05,5.3875164362e-05,7.5392160083e+01,4.5174292300e-01,-4.2908169812e+01,1.0245334490e+02,7.5393461391e+01,-4.2909471120e+01,7.5393461391e+01,4.2909471120e+01,0.0000000000e+00,nan,nan,nan,nan,nan,nan
-6.6717899358e-05,5.3871307537e-05,7.5325453559e+01,1.0900322480e+00,-4.2922013550e+01,1.0242195254e+02,7.5335061876e+01,-4.2931621867e+01,7.5335061876e+01,4.2931621867e+01,0.0000000000e+00,nan,nan,nan,nan,nan,nan
-6.3419095552e-05,5.7382379496e-05,6.8744966764e+01,3.7720071278e-01,-4.2238275381e+01,9.6115780805e+01,6.8745817613e+01,-4.2239126229e+01,6.8745817613e+01,4.2239126229e+01,0.0000000000e+00,nan,nan,nan,nan,nan,nan
2.1406505848e-04,1.0089904428e-04,-5.0289356067e+00,-4.1971023930e+00,-1.3487690025e+01,1.0318474751e+01,-3.3009386410e+00,-1.5215686991e+01,-5.4668839087e-06,1.5215686991e+01,0.0000000000e+00,nan,nan,nan,nan,nan,nan
3.7126215675e-04,2.4378757594e-05,-1.0304857225e+00,-1.5879041067e+01,1.2920242495e+01,3.0027541183e+01,2.3281287371e+01,-1.1391530599e+01,2.3281287371e+01,1.1391481647e+01,0.0000000000e+00,nan,nan,nan,nan,nan,nan
3.7484755057e-04,2.4817438436e-05,-1.7683062132e+00,-1.5833758335e+01,1.5422112864e+01,3.1188521255e+01,2.4833604468e+01,-1.1179797817e+01,2.4833604468e+01,1.1179877006e+01,0.0000000000e+00,nan,nan,nan,nan,nan,nan
3.7453570383e-04,2.0541365176e-05,-1.0739365320e-01,-1.6540097522e+01,1.5087036248e+01,3.1510638301e+01,2.5682496803e+01,-1.0702854208e+01,2.5682496803e+01,1.0703035947e+01,0.0000000000e+00,nan,nan,nan,nan,nan,nan
3.7810276787e-04,2.0956096664e-05,-9.1202527433e-01,-1.6616631513e+01,1.8022910650e+01,3.3104245061e+01,2.7668187485e+01,-1.0557302110e+01,2.7668187485e+01,1.0556549957e+01,0.0000000000e+00,nan,nan,nan,nan,nan,nan
3.7785213017e-04,1.6626981126e-05,1.2526920725e+00,-1.7344820626e+01,1.7477943109e+01,3.3148970845e+01,2.8503884832e+01,-9.7732496498e+00,2.8503884832e+01,9.7731523126e+00,0.0000000000e+00,nan,nan,nan,nan,nan,nan
3.7834595593e-04,2.5355747887e-05,-2.8191858204e+00,-1.5445116837e+01,1.7932874236e+01,3.2207726095e+01,2.6151983538e+01,-1.1038295123e+01,2.6151983538e+01,1.1038484746e+01,0.0000000000e+00,nan,nan,nan,nan,nan,nan
2.0699393980e-04,6.3705938814e-05,-1.9441699171e+00,-3.9108911358e+00,-1.5978489778e+01,1.3919110665e+01,-9.2512755815e-01,-1.6997532137e+01,-1.4387087736e-01,1.6997532137e+01,0.0000000000e+00,nan,nan,nan,nan,nan,nan
1.8135122504e-04,6.7550514999e-05,3.3989176013e+00,-5.3818792486e+00,-1.5619097403e+01,1.8932288556e+01,4.8204719933e+00,-1.7040651795e+01,4.8766261609e+00,1.7040651795e+01,0.0000000000e+00,nan,nan,nan,nan,nan,nan
-4.9127206147e-05,3.0509347188e-05,1.2746257237e+02,-1.7724487454e+00,-4.6882532925e+01,1.5101790486e+02,1.2748024775e+02,-4.6900208302e+01,1.2748024775e+02,4.6900208302e+01,0.0000000000e+00,nan,nan,nan,nan,nan,nan
2.5669846415e-04,1.0432744145e-04,-3.0710997933e+00,-7.0416962085e+00,-1.0049293888e+01,1.3611052145e+01,1.2981477791e+00,-1.4418541461e+01,1.2985220588e+00,1.4418541461e+01,0.0000000000e+00,nan,nan,nan,nan,nan,nan
1.6884618109e-04,1.3768260865e-04,-4.3379652704e+00,-3.5816263098e+00,-1.4326324676e+01,1.0642442096e+01,-3.1877281641e+00,-1.5476561782e+01,-8.7926591551e-04,1.5476561782e+01,0.0000000000e+00,nan,nan,nan,nan,nan,nan
-1.0355856263e-04,5.9412766644e-05,6.3816731545e+01,8.6420220418e+00,-4.0654418293e+01,9.1703371608e+01,6.4526122909e+01,-4.1363809657e+01,6.4526122909e+01,4.1363809657e+01,0.0000000000e+00,nan,nan,nan,nan,nan,nan
-1.0274466139e-04,5.4077758966e-05,7.3815733039e+01,8.6776951467e+00,-4.1883442667e+01,1.0131835898e+02,7.4462327018e+01,-4.2530036646e+01,7.4462327018e+01,4.2530036646e+01,0.0000000000e+00,nan,nan,nan,nan,nan,nan
-9.9474453188e-05,5.4045052922e-05,7.4002861594e+01,7.9514934146e+00,-4.2056691528e+01,1.0144865645e+02,7.4544494142e+01,-4.2598324076e+01,7.4544494142e+01,4.2598324076e+01,0.0000000000e+00,nan,nan,nan,nan,nan,nan
-7.3305287230e-05,5.3875897799e-05,7.5153082542e+01,2.3989320297e+00,-4.2888502086e+01,1.0231060353e+02,7.5201344718e+01,-4.2936764263e+01,7.5201344718e+01,4.2936764263e+01,0.0000000000e+00,nan,nan,nan,nan,nan,nan
-7.6597178850e-05,5.3884010503e-05,7.5048810556e+01,3.0682025151e+00,-4.2843006415e+01,1.0223467871e+02,7.5128121343e+01,-4.2922317202e+01,7.5128121343e+01,4.2922317202e+01,0.0000000000e+00,nan,nan,nan,nan,nan,nan
-7.9887427146e-05,5.3895829003e-05,7.4933134981e+01,3.7465066259e+00,-4.2779436765e+01,1.0214753038e+02,7.5051753273e+01,-4.2898055057e+01,7.5051753273e+01,4.2898055057e+01,0.0000000000e+00,nan,nan,nan,nan,nan,nan
-2.1224641146e-04,6.2523746032e-05,4.1344696721e+01,3.1510488498e+01,-2.5742316970e+01,7.9709799800e+01,5.3821664247e+01,-3.8219284496e+01,5.3821664247e+01,3.8219284496e+01,0.0000000000e+00,nan,nan,nan,nan,nan,nan
-1.9393332502e-04,6.6837180148e-05,3.8975522021e+01,2.7111579614e+01,-2.8628479483e+01,7.5049352768e+01,4.8503285292e+01,-3.8156242754e+01,4.8503285292e+01,3.8156242754e+01,0.0000000000e+00,nan,nan,nan,nan,nan,nan
2.6457144730e-04,5.8989577566e-05,-2.9532181215e+00,-6.2737193831e+00,-1.2504318989e+01,1.3654322085e+01,1.5455797659e-01,-1.5612095087e+01,1.1597683479e-01,1.5612095087e+01,0.0000000000e+00,nan,nan,nan,nan,nan,nan
-2.0426160386e-04,6.3740498925e-05,4.1660915509e+01,2.9805824380e+01,-2.7204322947e+01,7.8876232925e+01,5.2767510593e+01,-3.8310918031e+01,5.2767510593e+01,3.8310918031e+01,0.0000000000e+00,nan,nan,nan,nan,nan,nan
3.5745022621e-05,7.7933548048e-05,2.7759931566e+01,-2.9061288570e+00,-2.2467954921e+01,4.3789347478e+01,2.7927779877e+01,-2.2635803231e+01,2.7927779884e+01,2.2635803231e+01,0.0000000000e+00,nan,nan,nan,nan,nan,nan
3.2913726194e-05,7.7449779846e-05,2.9197643272e+01,-3.1689334812e+00,-2.2437364320e+01,4.5051453881e+01,2.9390608502e+01,-2.2630329550e+01,2.9390608510e+01,2.2630329550e+01,0.0000000000e+00,nan,nan,nan,nan,nan,nan
2.7231798970e-05,7.6563138520e-05,3.1802654036e+01,-4.3671142342e+00,-2.5763111572e+01,5.0423024942e+01,3.2131518256e+01,-2.6091975792e+01,3.2131518264e+01,2.6091975792e+01,0.0000000000e+00,nan,nan,nan,nan,nan,nan
2.2373675884e-05,7.7891003694e-05,3.1330750701e+01,-4.7993068969e+00,-2.8461272555e+01,5.2443912013e+01,3.1713245791e+01,-2.8843767645e+01,3.1713245777e+01,2.8843767645e+01,0.0000000000e+00,nan,nan,nan,nan,nan,nan
1.9487628048e-05,7.7520850351e-05,3.2340999990e+01,-5.2739261436e+00,-2.9672621875e+01,5.4476428175e+01,3.2786169528e+01,-3.0117791414e+01,3.2786169523e+01,3.0117791414e+01,0.0000000000e+00,nan,nan,nan,nan,nan,nan
1.3668971910e-05,7.6853537662e-05,3.4109160896e+01,-6.0109995150e+00,-3.1765778917e+01,5.7991552113e+01,3.4653129212e+01,-3.2309747234e+01,3.4653129219e+01,3.2309747234e+01,0.0000000000e+00,nan,nan,nan,nan,nan,nan
4.8402497607e-06,7.6015618669e-05,3.6213393439e+01,-6.6378568453e+00,-3.4215778746e+01,6.2067542456e+01,3.6833519691e+01,-3.4835904998e+01,3.6833519699e+01,3.4835904998e+01,0.0000000000e+00,nan,nan,nan,nan,nan,nan
-5.1974959054e-06,7.3373778061e-05,4.0859434138e+01,-6.8453939882e+00,-3.6236743910e+01,6.7811692738e+01,4.1462444170e+01,-3.6839753942e+01,4.1462444170e+01,3.6839753942e+01,0.0000000000e+00,nan,nan,nan,nan,nan,nan
-8.2150855793e-06,7.3195393552e-05,4.1287208960e+01,-6.7559059585e+00,-3.6725414187e+01,6.8566611326e+01,4.1867848893e+01,-3.7306054120e+01,4.1867848893e+01,3.7306054120e+01,0.0000000000e+00,nan,nan,nan,nan,nan,nan
-1.4273051377e-05,7.2879321320e-05,4.2017028303e+01,-6.4520109900e+00,-3.7551199116e+01,6.9808146534e+01,4.2536666786e+01,-3.8070837600e+01,4.2536666787e+01,3.8070837600e+01,0.0000000000e+00,nan,nan,nan,nan,nan,nan
-1.7312500680e-05,7.2742106404e-05,4.2323187374e+01,-6.2418973586e+00,-3.7896188007e+01,7.0307923562e+01,4.2805798279e+01,-3.8378798911e+01,4.2805798280e+01,3.8378798911e+01,0.0000000000e+00,nan,nan,nan,nan,nan,nan
-2.3408699138e-05,7.2501957276e-05,4.2839827807e+01,-5.7161765276e+00,-3.8468007966e+01,7.1106925959e+01,4.3239512763e+01,-3.8867692919e+01,4.3239512767e+01,3.8867692918e+01,0.0000000000e+00,nan,nan,nan,nan,nan,nan
-2.6464646028e-05,7.2399670869e-05,4.3052658644e+01,-5.4046613302e+00,-3.8700709754e+01,7.1416267614e+01,4.3408175776e+01,-3.9056226887e+01,4.3408175776e+01,3.9056226887e+01,0.0000000000e+00,nan,nan,nan,nan,nan,nan
-3.2589174448e-05,7.2223970479e-05,4.3404852403e+01,-4.6944220500e+00,-3.9073175836e+01,7.1888894101e+01,4.3670910644e+01,-3.9339234077e+01,4.3670910644e+01,3.9339234077e+01,0.0000000000e+00,nan,nan,nan,nan,nan,nan
-3.5657039157e-05,7.2151361155e-05,4.3545084092e+01,-4.2994704192e+00,-3.9217220985e+01,7.2059571873e+01,4.3767544772e+01,-3.9439681665e+01,4.3767544772e+01,3.9439681665e+01,0.0000000000e+00,nan,nan,nan,nan,nan,nan
-4.1801377030e-05,7.2030525812e-05,4.3767649223e+01,-3.4390125519e+00,-3.9431112359e+01,7.2297453452e+01,4.3909222644e+01,-3.9572685780e+01,4.3909222644e+01,3.9572685780e+01,0.0000000000e+00,nan,nan,nan,nan,nan,nan
-4.4877181109e-05,7.1983245714e-05,4.3849658329e+01,-2.9768731110e+00,-3.9504003131e+01,7.2369682084e+01,4.3955483031e+01,-3.9609827833e+01,4.3955483031e+01,3.9609827833e+01,0.0000000000e+00,nan,nan,nan,nan,nan,nan
-4.9588557850e-05,7.3781006371e-05,4.1019289039e+01,-2.2327295180e+00,-3.9275757281e+01,6.9644322623e+01,4.1080934293e+01,-3.9337402536e+01,4.1080934293e+01,3.9337402536e+01,0.0000000000e+00,nan,nan,nan,nan,nan,nan
-5.4114041776e-05,7.1883946339e-05,4.3998942613e+01,-1.4816923371e+00,-3.9603810688e+01,7.2446860933e+01,4.4024780624e+01,-3.9629648699e+01,4.4024780624e+01,3.9629648699e+01,0.0000000000e+00,nan,nan,nan,nan,nan,nan
-5.8767990171e-05,7.3712266284e-05,4.1120385060e+01,-6.8343831415e-01,-3.9266989664e+01,6.9626792686e+01,4.1125745198e+01,-3.9272349802e+01,4.1125745198e+01,3.9272349802e+01,0.0000000000e+00,nan,nan,nan,nan,nan,nan
-6.3357636090e-05,7.1844387389e-05,4.4012276002e+01,1.4728731237e-01,-3.9547598976e+01,7.2364607099e+01,4.4012063901e+01,-3.9547386875e+01,4.4012063901e+01,3.9547386875e+01,0.0000000000e+00,nan,nan,nan,nan,nan,nan
-6.7949553457e-05,7.3700714910e-05,4.1093505905e+01,9.7983132154e-01,-3.9122138565e+01,6.9488632382e+01,4.1104964281e+01,-3.9133596941e+01,4.1104964281e+01,3.9133596941e+01,0.0000000000e+00,nan,nan,nan,nan,nan,nan
-7.2598679743e-05,7.1857695657e-05,4.3898433948e+01,1.8770325364e+00,-3.9357483265e+01,7.2174082252e+01,4.3940201158e+01,-3.9399250475e+01,4.3940201158e+01,3.9399250475e+01,0.0000000000e+00,nan,nan,nan,nan,nan,nan
-7.5676924197e-05,7.1872882125e-05,4.3832666879e+01,2.4710454662e+00,-3.9267219447e+01,7.2092816776e+01,4.3905530888e+01,-3.9340083456e+01,4.3905530888e+01,3.9340083456e+01,0.0000000000e+00,nan,nan,nan,nan,nan,nan
-8.1828370672e-05,7.1917836686e-05,4.3659664481e+01,3.6796063273e+00,-3.9049252291e+01,7.1909981677e+01,4.3822453374e+01,-3.9212041184e+01,4.3822453374e+01,3.9212041184e+01,0.0000000000e+00,nan,nan,nan,nan,nan,nan
-8.4900851391e-05,7.1948557873e-05,4.3550099291e+01,4.2924060613e+00,-3.8922058660e+01,7.1807837517e+01,4.3772294636e+01,-3.9144254005e+01,4.3772294636e+01,3.9144254005e+01,0.0000000000e+00,nan,nan,nan,nan,nan,nan
-9.1037915464e-05,7.2023394612e-05,4.3287174726e+01,5.5311482405e+00,-3.8633293982e+01,7.1588003478e+01,4.3658293451e+01,-3.9004412707e+01,4.3658293451e+01,3.9004412707e+01,0.0000000000e+00,nan,nan,nan,nan,nan,nan
-9.4099831607e-05,7.2067648020e-05,4.3132594775e+01,6.1551866724e+00,-3.8472260988e+01,7.1470332746e+01,4.3593582743e+01,-3.8933248957e+01,4.3593582743e+01,3.8933248957e+01,0.0000000000e+00,nan,nan,nan,nan,nan,nan
1.7630257217e-05,7.3366919465e-05,3.8287019210e+01,-6.2460200018e+00,-3.0006939867e+01,6.0125496324e+01,3.8853511159e+01,-3.0573431817e+01,3.8853511160e+01,3.0573431817e+01,0.0000000000e+00,nan,nan,nan,nan,nan,nan
8.7435593536e-06,7.2497802657e-05,4.0976645422e+01,-6.8715180400e+00,-3.3053008676e+01,6.5206943391e+01,4.1609064693e+01,-3.3685427947e+01,4.1609064694e+01,3.3685427947e+01,0.0000000000e+00,nan,nan,nan,nan,nan,nan
-2.6039992973e-07,7.1800058214e-05,4.2959746021e+01,-7.0390324616e+00,-3.5321223757e+01,6.8880815206e+01,4.3587618333e+01,-3.5949096069e+01,4.3587618333e+01,3.5949096069e+01,0.0000000000e+00,nan,nan,nan,nan,nan,nan
-9.0673205272e-05,7.5761541904e-05,3.7692280525e+01,5.3654460427e+00,-3.7897157385e+01,6.6117573371e+01,3.8070560354e+01,-3.8275437214e+01,3.8070560354e+01,3.8275437214e+01,0.0000000000e+00,nan,nan,nan,nan,nan,nan
-1.4928164681e-05,7.6628320836e-05,3.6219345120e+01,-6.3058194852e+00,-3.7387865266e+01,6.4674334969e+01,3.6755484631e+01,-3.7924004777e+01,3.6755484639e+01,3.7924004777e+01,0.0000000000e+00,nan,nan,nan,nan,nan,nan
-5.9682464290e-06,7.7137245403e-05,3.5173320306e+01,-6.6534360117e+00,-3.6275909670e+01,6.2940665677e+01,3.5787515590e+01,-3.6890104954e+01,3.5787515588e+01,3.6890104954e+01,0.0000000000e+00,nan,nan,nan,nan,nan,nan
3.2718667122e-04,3.5862540534e-05,-9.6051829395e-01,-1.1636219417e+01,-4.9933102323e+00,2.0451544168e+01,8.8307902677e+00,-1.4784618794e+01,8.8307902677e+00,1.4784618794e+01,0.0000000000e+00,nan,nan,nan,nan,nan,nan
4.5056366830e-05,8.1850170987e-05,2.0545858419e+01,-1.1956353911e+00,-2.2526014123e+01,3.7359832560e+01,2.0579631533e+01,-2.2559787238e+01,2.0579631547e+01,2.2559787238e+01,0.0000000000e+00,nan,nan,nan,nan,nan,nan
5.0067287784e-05,8.0764642114e-05,1.9952726204e+01,-1.4466017502e+00,-2.2502030335e+01,3.6854035561e+01,2.0003035286e+01,-2.2552339417e+01,2.0003035281e+01,2.2552339417e+01,0.0000000000e+00,nan,nan,nan,nan,nan,nan
-1.1787640004e-04,5.2512429376e-05,7.6243600644e+01,1.2193187287e+01,-4.1301016238e+01,1.0396303857e+02,7.7494380507e+01,-4.2551796102e+01,7.7494380507e+01,4.2551796102e+01,0.0000000000e+00,nan,nan,nan,nan,nan,nan
-1.8017956547e-04,3.6272770399e-05,1.1154861919e+02,2.8894970104e+01,-3.8459840037e+01,1.3921576358e+02,1.1692064816e+02,-4.3831869004e+01,1.1692064816e+02,4.3831869004e+01,0.0000000000e+00,nan,nan,nan,nan,nan,nan
-1.0358134712e-04,9.1502014202e-05,1.6732632734e+01,7.4967866978e+00,-3.4188321562e+01,4.5969185519e+01,1.7812477220e+01,-3.5268166048e+01,1.7812474936e+01,3.5268166047e+01,0.0000000000e+00,nan,nan,nan,nan,nan,nan
-8.6461719587e-05,5.3930081603e-05,7.4668919443e+01,5.1278491755e+00,-4.2600844471e+01,1.0194529645e+02,7.4892181836e+01,-4.2824106863e+01,7.4892181836e+01,4.2824106863e+01,0.0000000000e+00,nan,nan,nan,nan,nan,nan
-8.9724496480e-05,5.3960926413e-05,7.4504755072e+01,5.8250519537e+00,-4.2485888160e+01,1.0181703588e+02,7.4793526527e+01,-4.2774659615e+01,7.4793526527e+01,4.2774659615e+01,0.0000000000e+00,nan,nan,nan,nan,nan,nan
2.5304617248e-04,6.0257950379e-05,-3.3908603061e+00,-5.3458777123e+00,-1.3484325599e+01,1.2731513242e+01,-1.0870503555e+00,-1.5788135550e+01,-1.3015712936e-03,1.5788135550e+01,0.0000000000e+00,nan,nan,nan,nan,nan,nan
-1.7143594989e-04,7.4025993343e-06,2.0014516573e+02,2.2974512359e+01,-4.7631521689e+01,2.1823822216e+02,2.0225671833e+02,-4.9743074291e+01,2.0225671833e+02,4.9743074291e+01,0.0000000000e+00,nan,nan,nan,nan,nan,nan
2.3841058824e-04,8.5514406223e-05,-4.1090951738e+00,-5.2169922677e+00,-1.2729859994e+01,1.1719703815e+01,-1.6531034317e+00,-1.5185851737e+01,-1.8625088870e-04,1.5185851737e+01,0.0000000000e+00,nan,nan,nan,nan,nan,nan
2.4532505933e-04,1.0532049800e-04,-3.3384090925e+00,-6.4626042303e+00,-1.0881225597e+01,1.2959567419e+01,3.7239239299e-01,-1.4592027083e+01,3.7118064646e-01,1.4592027083e+01,0.0000000000e+00,nan,nan,nan,nan,nan,nan
-1.8149689740e-04,7.1839599142e-05,3.3688452229e+01,2.3671985950e+01,-2.9822680339e+01,6.8600225134e+01,4.1539244393e+01,-3.7673472503e+01,4.1539244393e+01,3.7673472503e+01,0.0000000000e+00,nan,nan,nan,nan,nan,nan
2.5899963037e-04,3.3973070529e-05,1.6038006060e+01,-1.3620897751e+01,-1.1377660943e+01,3.3498501073e+01,2.1670541171e+01,-1.7010196053e+01,2.1671762559e+01,1.7010196053e+01,0.0000000000e+00,nan,nan,nan,nan,nan,nan
1.7486611541e-04,7.2386215900e-05,1.0974293050e+00,-4.4394799990e+00,-1.5949870404e+01,1.6651641514e+01,2.1876091614e+00,-1.7040050260e+01,2.0903654391e+00,1.7040050260e+01,0.0000000000e+00,nan,nan,nan,nan,nan,nan
3.3342365681e-04,8.2624941179e-05,-4.3008349182e+00,-9.9674869838e+00,-1.1942510836e+00,1.7469833466e+01,7.3386700533e+00,-1.2833756055e+01,7.3386700533e+00,1.2833756055e+01,0.0000000000e+00,nan,nan,nan,nan,nan,nan
3.4045173237e-04,8.0129950491e-05,-4.7134026274e+00,-1.0030946192e+01,1.5945547265e-01,1.7876104186e+01,8.0437999867e+00,-1.2597747141e+01,8.0437999867e+00,1.2597747141e+01,0.0000000000e+00,nan,nan,nan,nan,nan,nan
2.4304370210e-04,6.8735723727e-05,-3.8860019314e+00,-4.8586879955e+00,-1.3656646888e+01,1.1931789296e+01,-1.8825026475e+00,-1.5660146172e+01,-1.0336155416e-04,1.5660146172e+01,0.0000000000e+00,nan,nan,nan,nan,nan,nan
2.6196938613e-04,1.1190544874e-05,2.5434353736e+01,-1.8076469857e+01,-1.3340660704e+01,4.5908871267e+01,3.2552345700e+01,-2.0458652668e+01,3.2552345666e+01,2.0458652668e+01,0.0000000000e+00,nan,nan,nan,nan,nan,nan
2.6138921708e-04,8.3137644968e-06,2.6633952971e+01,-1.8929531917e+01,-1.3436267979e+01,4.7738245768e+01,3.4160531541e+01,-2.0962846549e+01,3.4160531544e+01,2.0962846549e+01,0.0000000000e+00,nan,nan,nan,nan,nan,nan
2.5789662400e-04,1.0986587879e-05,2.6623329340e+01,-1.8008213137e+01,-1.3568792490e+01,4.6737543486e+01,3.3511201738e+01,-2.0456664888e+01,3.3511201749e+01,2.0456664888e+01,0.0000000000e+00,nan,nan,nan,nan,nan,nan
2.5730854367e-04,8.1266813415e-06,2.9081342139e+01,-1.9530771229e+01,-1.3277081173e+01,4.9898010931e+01,3.6710760526e+01,-2.0906499559e+01,3.6710760523e+01,2.0906499559e+01,0.0000000000e+00,nan,nan,nan,nan,nan,nan
2.5383961672e-04,1.0765659692e-05,2.8666731990e+01,-1.8428514257e+01,-1.3482605729e+01,4.8489202745e+01,3.5587317388e+01,-2.0403191127e+01,3.5587317392e+01,2.0403191127e+01,0.0000000000e+00,nan,nan,nan,nan,nan,nan
2.5335774741e-04,7.9013457893e-06,3.2064209965e+01,-2.0262530433e+01,-1.3123611229e+01,5.2565064433e+01,3.9818753468e+01,-2.0878154733e+01,3.9818753469e+01,2.0878154733e+01,0.0000000000e+00,nan,nan,nan,nan,nan,nan
5.2968616402e-05,8.1419676724e-05,1.8457300614e+01,-1.1832936354e+00,-2.2503511375e+01,3.5534547724e+01,1.8492775314e+01,-2.2538986074e+01,1.8492775314e+01,2.2538986074e+01,0.0000000000e+00,nan,nan,nan,nan,nan,nan
2.7679269816e-04,6.1242515753e-05,-2.6202000140e+00,-7.3741022750e+00,-1.1006743864e+01,1.4691123263e+01,1.6684520316e+00,-1.5295395910e+01,1.6683674934e+00,1.5295395910e+01,0.0000000000e+00,nan,nan,nan,nan,nan,nan
-2.0933058383e-04,3.5331028651e-05,1.1274111212e+02,3.7614434597e+01,-3.2787565910e+01,1.4187153962e+02,1.2188634470e+02,-4.1932798490e+01,1.2188634470e+02,4.1932798490e+01,0.0000000000e+00,nan,nan,nan,nan,nan,nan
-7.2723189427e-05,1.0902253244e-04,-3.1133123935e+00,3.0247725017e+00,-3.2845359438e+01,2.6273678616e+01,-2.8102204940e+00,-3.3148451337e+01,4.5184164810e-02,3.3148451337e+01,0.0000000000e+00,nan,nan,nan,nan,nan,nan
-1.0072363059e-04,9.1419928977e-05,1.6876689127e+01,6.9946201191e+00,-3.4372362326e+01,4.6005206532e+01,1.7813281776e+01,-3.5308954975e+01,1.7813278727e+01,3.5308954974e+01,0.0000000000e+00,nan,nan,nan,nan,nan,nan
-1.8943950363e-04,3.4753645991e-05,1.1565877670e+02,3.1640019979e+01,-3.7285032635e+01,1.4334014976e+02,1.2194434608e+02,-4.3570602015e+01,1.2194434608e+02,4.3570602015e+01,0.0000000000e+00,nan,nan,nan,nan,nan,nan
-1.2223499875e-04,6.8937522605e-05,4.6664650410e+01,1.2218682844e+01,-3.7274398099e+01,7.5709906464e+01,4.8406261032e+01,-3.9016008722e+01,4.8406261032e+01,3.9016008722e+01,0.0000000000e+00,nan,nan,nan,nan,nan,nan
3.2589538518e-04,1.0523169707e-05,-1.7691007031e+00,-1.0935557276e+01,-8.2301440970e+00,1.9751079448e+01,6.4036686361e+00,-1.6402913436e+01,6.4036686361e+00,1.6402913436e+01,0.0000000000e+00,nan,nan,nan,nan,nan,nan
5.8823879410e-05,8.2824461357e-05,1.5533705536e+01,-6.8298947389e-01,-2.2502060689e+01,3.2964393971e+01,1.5547824156e+01,-2.2516179309e+01,1.5547824147e+01,2.2516179309e+01,0.0000000000e+00,nan,nan,nan,nan,nan,nan
5.9488750403e-05,8.5287843612e-05,1.3344281272e+01,-1.0825809594e-03,-2.2484227512e+01,3.1031820045e+01,1.3346256537e+01,-2.2486202776e+01,1.3346256487e+01,2.2486202776e+01,0.0000000000e+00,nan,nan,nan,nan,nan,nan
6.2426292723e-05,8.6075698962e-05,1.1980700232e+01,2.1071770832e-01,-2.2473702066e+01,2.9844614856e+01,1.1984295504e+01,-2.2477297338e+01,1.1984295229e+01,2.2477297338e+01,0.0000000000e+00,nan,nan,nan,nan,nan,nan
3.1311640724e-04,4.5201843327e-05,-1.4934593711e+00,-1.0263150319e+01,-7.0885536462e+00,1.8422371263e+01,6.3451544992e+00,-1.4927167517e+01,6.3451544998e+00,1.4927167517e+01,0.0000000000e+00,nan,nan,nan,nan,nan,nan
5.5282360289e-05,1.0013449534e-04,5.8555825359e+00,4.2223335427e+00,-2.1565527003e+01,2.4849716928e+01,6.4920185241e+00,-2.2201962992e+01,6.4924206731e+00,2.2201962992e+01,0.0000000000e+00,nan,nan,nan,nan,nan,nan
-9.4997512937e-05,9.1273548698e-05,1.7098846086e+01,5.9793323405e+00,-3.4721239172e+01,4.6055517742e+01,1.7778969023e+01,-3.5401362109e+01,1.7778964836e+01,3.5401362109e+01,0.0000000000e+00,nan,nan,nan,nan,nan,nan
2.4981922401e-04,1.0532558412e-05,3.1125470478e+01,-1.8953869662e+01,-1.3387112540e+01,5.0633524654e+01,3.8102458058e+01,-2.0364100120e+01,3.8102458052e+01,2.0364100120e+01,0.0000000000e+00,nan,nan,nan,nan,nan,nan
2.4929657108e-04,7.7597362384e-06,3.5601722314e+01,-2.1037649286e+01,-1.2992164936e+01,5.5667299508e+01,4.3444309045e+01,-2.0834751667e+01,4.3444309046e+01,2.0834751667e+01,0.0000000000e+00,nan,nan,nan,nan,nan,nan
2.4520962535e-04,7.6049863285e-06,3.9524048604e+01,-2.1808741304e+01,-1.2892236239e+01,5.9056801194e+01,4.7412366249e+01,-2.0780553884e+01,4.7412366249e+01,2.0780553884e+01,0.0000000000e+00,nan,nan,nan,nan,nan,nan
6.7754309520e-05,8.5183921982e-05,1.1328331096e+01,5.7438271526e-04,-2.2501021627e+01,2.9301740115e+01,1.1331022278e+01,-2.2503712808e+01,1.1331023900e+01,2.2503712808e+01,0.0000000000e+00,nan,nan,nan,nan,nan,nan
-1.9484214041e-04,4.9353624169e-05,7.5657669791e+01,3.1519169241e+01,-3.2175114843e+01,1.0816968647e+02,8.4193075077e+01,-4.0710520129e+01,8.4193075077e+01,4.0710520129e+01,0.0000000000e+00,nan,nan,nan,nan,nan,nan
7.3827895680e-05,8.6933173286e-05,8.6623437970e+00,4.0757505560e-01,-2.2507262344e+01,2.7008501048e+01,8.6709060771e+00,-2.2515824624e+01,8.6709094649e+00,2.2515824624e+01,0.0000000000e+00,nan,nan,nan,nan,nan,nan
2.4120050613e-04,7.4288674081e-06,4.3846046937e+01,-2.2605471607e+01,-1.2827579801e+01,6.2788150775e+01,5.1759989320e+01,-2.0741522184e+01,5.1759989320e+01,2.0741522184e+01,0.0000000000e+00,nan,nan,nan,nan,nan,nan
3.4002046116e-04,7.6070932349e-05,-4.4665797639e+00,-1.0369921493e+01,1.6595610999e-01,1.8400483806e+01,8.4732124518e+00,-1.2773836106e+01,8.4732124518e+00,1.2773836106e+01,0.0000000000e+00,nan,nan,nan,nan,nan,nan
3.4389549599e-04,7.6771068452e-05,-4.8316192916e+00,-1.0211361254e+01,9.4049641398e-01,1.8375282144e+01,8.6634126534e+00,-1.2554535531e+01,8.6634126534e+00,1.2554535531e+01,0.0000000000e+00,nan,nan,nan,nan,nan,nan
3.4334267779e-04,7.2753835139e-05,-4.5513681626e+00,-1.0579231484e+01,9.4016964632e-01,1.8926975263e+01,9.1218950046e+00,-1.2733093521e+01,9.1218950046e+00,1.2733093521e+01,0.0000000000e+00,nan,nan,nan,nan,nan,nan
3.4733645437e-04,7.3465339066e-05,-4.9585490664e+00,-1.0383768283e+01,1.7878333933e+00,1.8905659519e+01,9.3298297757e+00,-1.2500545449e+01,9.3298297757e+00,1.2500545449e+01,0.0000000000e+00,nan,nan,nan,nan,nan,nan
3.4666146318e-04,6.9420021994e-05,-4.6382492731e+00,-1.0791492796e+01,1.7832261721e+00,1.9496806582e+01,9.8289749778e+00,-1.2683998079e+01,9.8289749778e+00,1.2683998079e+01,0.0000000000e+00,nan,nan,nan,nan,nan,nan
2.8124994978e-04,4.4227205847e-05,-2.1365260451e+00,-7.2830313730e+00,-1.1985158520e+01,1.5224981494e+01,1.7293048812e+00,-1.5850989447e+01,1.7294477214e+00,1.5850989447e+01,0.0000000000e+00,nan,nan,nan,nan,nan,nan
2.3323094842e-04,7.0807790432e-06,5.3559483110e+01,-2.4185736549e+01,-1.2752036749e+01,7.1087849067e+01,6.1446311975e+01,-2.0638865615e+01,6.1446311975e+01,2.0638865615e+01,0.0000000000e+00,nan,nan,nan,nan,nan,nan
2.2930871227e-04,6.8808538588e-06,5.9075647356e+01,-2.5041470471e+01,-1.2710055736e+01,7.5808906134e+01,6.6951088173e+01,-2.0585496554e+01,6.6951088173e+01,2.0585496554e+01,0.0000000000e+00,nan,nan,nan,nan,nan,nan
2.2543080466e-04,6.6814994464e-06,6.4774097846e+01,-2.5813922069e+01,-1.2727012076e+01,8.0653177082e+01,7.2588676384e+01,-2.0541590614e+01,7.2588676384e+01,2.0541590614e+01,0.0000000000e+00,nan,nan,nan,nan,nan,nan
-1.9574085973e-04,6.2972923366e-05,4.5713016645e+01,2.8519479302e+01,-2.8993360899e+01,8.1396459619e+01,5.5354095745e+01,-3.8634439999e+01,5.5354095745e+01,3.8634439999e+01,0.0000000000e+00,nan,nan,nan,nan,nan,nan
2.2142024557e-04,6.5612022848e-06,7.0645550050e+01,-2.6557818802e+01,-1.2751415519e+01,8.5635188798e+01,7.8388566570e+01,-2.0494432039e+01,7.8388566570e+01,2.0494432039e+01,0.0000000000e+00,nan,nan,nan,nan,nan,nan
2.1736269347e-04,6.4409720217e-06,7.6920853133e+01,-2.7319638897e+01,-1.2785907406e+01,9.0971590129e+01,8.4589944913e+01,-2.0454999186e+01,8.4589944913e+01,2.0454999186e+01,0.0000000000e+00,nan,nan,nan,nan,nan,nan
-2.0671759398e-04,7.6600531960e-05,1.8299677901e+01,2.5511489300e+01,-2.5120074309e+01,5.8017867579e+01,3.0086433260e+01,-3.6906829669e+01,3.0086433260e+01,3.6906829669e+01,0.0000000000e+00,nan,nan,nan,nan,nan,nan
2.0370460568e-04,6.6295374569e-05,-2.7033052215e+00,-3.5068720679e+00,-1.6132454925e+01,1.3124309690e+01,-1.8405563409e+00,-1.6995203805e+01,-2.5429869088e-01,1.6995203805e+01,0.0000000000e+00,nan,nan,nan,nan,nan,nan
2.1338924433e-04,6.2944646466e-06,8.3478795897e+01,-2.8071086210e+01,-1.2853101831e+01,9.6567585280e+01,9.1066168390e+01,-2.0440474324e+01,9.1066168390e+01,2.0440474324e+01,0.0000000000e+00,nan,nan,nan,nan,nan,nan
2.0942278288e-04,6.1539705250e-06,9.0607910218e+01,-2.8908664720e+01,-1.2908659212e+01,1.0269094906e+02,9.8138272586e+01,-2.0439021581e+01,9.8138272586e+01,2.0439021581e+01,0.0000000000e+00,nan,nan,nan,nan,nan,nan
-3.0316954562e-04,7.1998200016e-06,2.4381190330e+02,7.8946045999e+01,6.7972014149e+00,2.4662538753e+02,2.6769378624e+02,-1.7084681522e+01,2.6769378624e+02,1.7084681522e+01,0.0000000000e+00,nan,nan,nan,nan,nan,nan
3.4239589203e-04,1.1143146254e-05,-1.0420562173e+00,-1.2846235763e+01,-3.1246601197e+00,2.2317111937e+01,1.0801432416e+01,-1.4968148753e+01,1.0801432416e+01,1.4968148750e+01,0.0000000000e+00,nan,nan,nan,nan,nan,nan
2.7124856739e-04,5.3137222235e-05,-2.6315338118e+00,-6.6566225888e+00,-1.2320633654e+01,1.4257691399e+01,7.5559823428e-01,-1.5707765700e+01,7.5914474271e-01,1.5707765700e+01,0.0000000000e+00,nan,nan,nan,nan,nan,nan
2.0209340828e-04,8.0684796147e-06,8.6870888545e+01,-2.7137890856e+01,-1.3386977266e+01,9.8736397735e+01,9.3747441451e+01,-2.0263530171e+01,9.3747441451e+01,2.0263530171e+01,0.0000000000e+00,nan,nan,nan,nan,nan,nan
1.9814649902e-04,7.8950944341e-06,9.3541372223e+01,-2.7885770597e+01,-1.3495120870e+01,1.0452883274e+02,1.0037287539e+02,-2.0326624041e+01,1.0037287539e+02,2.0326624041e+01,0.0000000000e+00,nan,nan,nan,nan,nan,nan
-2.6226629956e-04,7.1089239469e-05,-4.2249131543e+00,2.7391239580e+01,-1.4947662604e+01,4.8326852154e+01,1.8315233220e+01,-3.7487808979e+01,1.8315233220e+01,3.7487808979e+01,0.0000000000e+00,nan,nan,nan,nan,nan,nan
1.3183127077e-06,9.1427421793e-05,1.4520038770e+01,-6.3481744756e+00,-3.5501949151e+01,4.4693199946e+01,1.5312675829e+01,-3.6294586210e+01,1.5312981004e+01,3.6294586210e+01,0.0000000000e+00,nan,nan,nan,nan,nan,nan
-1.8596070495e-04,6.8181754941e-05,3.8722456468e+01,2.5352481606e+01,-2.9754668677e+01,7.3788160481e+01,4.7085508212e+01,-3.8117720421e+01,4.7085508212e+01,3.8117720421e+01,0.0000000000e+00,nan,nan,nan,nan,nan,nan
1.9420764489e-04,7.7274176697e-06,1.0066479022e+02,-2.8677192903e+01,-1.3621464127e+01,1.1074322650e+02,1.0745929468e+02,-2.0415968587e+01,1.0745929468e+02,2.0415968587e+01,0.0000000000e+00,nan,nan,nan,nan,nan,nan
1.9024667512e-04,7.5772759358e-06,1.0802984058e+02,-2.9474204177e+01,-1.3755375833e+01,1.1717935174e+02,1.1479076264e+02,-2.0516297894e+01,1.1479076264e+02,2.0516297894e+01,0.0000000000e+00,nan,nan,nan,nan,nan,nan
2.2942981860e-04,1.0136859107e-04,-4.1549540174e+00,-5.3248808297e+00,-1.2297715252e+01,1.1608944772e+01,-1.5239072451e+00,-1.4928762024e+01,6.3216066399e-04,1.4928762024e+01,0.0000000000e+00,nan,nan,nan,nan,nan,nan
-4.3336531668e-06,9.0932079436e-05,1.5182760014e+01,-6.4354506910e+00,-3.5999317982e+01,4.5704376541e+01,1.5979155115e+01,-3.6795713083e+01,1.5979284354e+01,3.6795713083e+01,0.0000000000e+00,nan,nan,nan,nan,nan,nan
1.8627380237e-04,7.4348141320e-06,1.1586569526e+02,-3.0345103211e+01,-1.3887782842e+01,1.2405927867e+02,1.2261461415e+02,-2.0636701725e+01,1.2261461415e+02,2.0636701725e+01,0.0000000000e+00,nan,nan,nan,nan,nan,nan
1.8230487193e-04,7.3002151862e-06,1.2408945868e+02,-3.1267691240e+01,-1.4019347026e+01,1.3130122199e+02,1.3084185169e+02,-2.0771740036e+01,1.3084185169e+02,2.0771740036e+01,0.0000000000e+00,nan,nan,nan,nan,nan,nan
2.7927683538e-04,1.7651859043e-05,2.3344998040e+01,-2.0360375379e+01,-7.5054044450e+00,4.4241343679e+01,3.3462548480e+01,-1.7622954885e+01,3.3462550545e+01,1.7622954885e+01,0.0000000000e+00,nan,nan,nan,nan,nan,nan
1.7438176322e-04,7.0458672964e-06,1.4179440350e+02,-3.3344416952e+01,-1.4253188649e+01,1.4697094356e+02,1.4862432125e+02,-2.1083106405e+01,1.4862432125e+02,2.1083106405e+01,0.0000000000e+00,nan,nan,nan,nan,nan,nan
1.7042534819e-04,6.9293686501e-06,1.5119721006e+02,-3.4517980189e+01,-1.4336114870e+01,1.5532967233e+02,1.5811017573e+02,-2.1249080537e+01,1.5811017573e+02,2.1249080537e+01,0.0000000000e+00,nan,nan,nan,nan,nan,nan
-3.0759320840e-04,4.1059286411e-05,5.1127528094e+01,3.2151265094e+01,-2.0781721946e+00,7.2309325274e+01,6.6272486361e+01,-1.7223130462e+01,6.6272486361e+01,1.7223130462e+01,0.0000000000e+00,nan,nan,nan,nan,nan,nan
-1.0012907845e-05,9.0508541467e-05,1.5800213740e+01,-6.3239030819e+00,-3.6368994211e+01,4.6488051870e+01,1.6555499025e+01,-3.7124279497e+01,1.6555487893e+01,3.7124279497e+01,0.0000000000e+00,nan,nan,nan,nan,nan,nan
1.6647730024e-04,6.8214272381e-06,1.6086566166e+02,-3.5751561316e+01,-1.4400723878e+01,1.6393633203e+02,1.6788115431e+02,-2.1416216537e+01,1.6788115431e+02,2.1416216537e+01,0.0000000000e+00,nan,nan,nan,nan,nan,nan
1.6250879206e-04,6.7318605321e-06,1.7041945016e+02,-3.6984940152e+01,-1.4451719262e+01,1.7244869464e+02,1.7754716572e+02,-2.1579434823e+01,1.7754716572e+02,2.1579434823e+01,0.0000000000e+00,nan,nan,nan,nan,nan,nan
1.5853114472e-04,6.6524272123e-06,1.7995131059e+02,-3.8261456195e+01,-1.4477089114e+01,1.8095717590e+02,1.8721278495e+02,-2.1738563478e+01,1.8721278495e+02,2.1738563478e+01,0.0000000000e+00,nan,nan,nan,nan,nan,nan
1.5456116406e-04,6.5822688125e-06,1.8930914500e+02,-3.9533540831e+01,-1.4485896491e+01,1.8931429905e+02,1.9671228577e+02,-2.1889037265e+01,1.9671228577e+02,2.1889037265e+01,0.0000000000e+00,nan,nan,nan,nan,nan,nan
1.5060530258e-04,6.5167879915e-06,1.9836269103e+02,-4.0773203381e+01,-1.4473146539e+01,1.9739194182e+02,2.0590906299e+02,-2.2019518498e+01,2.0590906299e+02,2.2019518498e+01,0.0000000000e+00,nan,nan,nan,nan,nan,nan
3.7416760421e-04,1.6348430786e-05,1.5687753428e+00,-1.6779116750e+01,1.4291094357e+01,3.1068525897e+01,2.5867356640e+01,-1.0007486940e+01,2.5867356640e+01,1.0007199544e+01,0.0000000000e+00,nan,nan,nan,nan,nan,nan
1.7772199641e-04,1.1139708232e-04,-7.2709285661e+00,-1.8155167239e+00,-1.5841823211e+01,8.0521364561e+00,-6.9074727380e+00,-1.6205279039e+01,3.5501241245e-07,1.6205279039e+01,0.0000000000e+00,nan,nan,nan,nan,nan,nan
3.7371372084e-04,1.2213133888e-05,3.0280389838e+00,-1.6419176144e+01,1.3139353262e+01,2.9749038235e+01,2.5259311356e+01,-9.0919191102e+00,2.5259311356e+01,9.0920152772e+00,0.0000000000e+00,nan,nan,nan,nan,nan,nan
4.0266617688e-05,1.1964980119e-04,-2.1823115469e+01,-5.8267546589e+00,-3.5907109930e+01,1.5746960559e+01,-1.9773600782e+01,-3.7956624617e+01,-3.0291306163e-06,3.7956624617e+01,0.0000000000e+00,nan,nan,nan,nan,nan,nan
1.3485688603e-04,6.3417767092e-06,2.2911572011e+02,-4.4860910973e+01,-1.4370464546e+01,2.2472476225e+02,2.3711752976e+02,-2.2372274193e+01,2.3711752976e+02,2.2372274193e+01,0.0000000000e+00,nan,nan,nan,nan,nan,nan
-3.0322667488e-04,3.8406974978e-05,5.7565926406e+01,3.4910086091e+01,-8.8768356803e-01,7.8877491774e+01,7.3879062528e+01,-1.7200819690e+01,7.3879062528e+01,1.7200819690e+01,0.0000000000e+00,nan,nan,nan,nan,nan,nan
2.9497560572e-04,5.3497722287e-05,-2.0356632900e+00,-8.7450287890e+00,-9.3222383820e+00,1.6406740618e+01,3.7934852764e+00,-1.5151386948e+01,3.7934846168e+00,1.5151386948e+01,0.0000000000e+00,nan,nan,nan,nan,nan,nan
1.3092024085e-04,6.3225654974e-06,2.3557814379e+02,-4.5563782218e+01,-1.4362307566e+01,2.3039215033e+02,2.4362488813e+02,-2.2409051901e+01,2.4362488813e+02,2.2409051901e+01,0.0000000000e+00,nan,nan,nan,nan,nan,nan
1.2699995913e-04,6.3086822755e-06,2.4218890117e+02,-4.6196488405e+01,-1.4351378176e+01,2.3614079605e+02,2.5025471367e+02,-2.2417190667e+01,2.5025471367e+02,2.2417190667e+01,0.0000000000e+00,nan,nan,nan,nan,nan,nan
1.2309362900e-04,6.2992121917e-06,2.4821878054e+02,-4.6727555446e+01,-1.4368445522e+01,2.4138139788e+02,2.5628678255e+02,-2.2436447533e+01,2.5628678255e+02,2.2436447533e+01,0.0000000000e+00,nan,nan,nan,nan,nan,nan
1.0368873707e-04,6.2942335473e-06,2.3821014929e+02,-4.1519478758e+01,-1.6339494451e+01,2.3187471142e+02,2.4480825448e+02,-2.2937599633e+01,2.4480825448e+02,2.2937599633e+01,0.0000000000e+00,nan,nan,nan,nan,nan,nan
9.9825180662e-05,6.2901050037e-06,2.3448374205e+02,-3.9823751612e+01,-1.7020202321e+01,2.2846466683e+02,2.4063590676e+02,-2.3172367025e+01,2.4063590676e+02,2.3172367025e+01,0.0000000000e+00,nan,nan,nan,nan,nan,nan
9.5963770180e-05,6.2842698500e-06,2.3103456123e+02,-3.8105057197e+01,-1.7795803487e+01,2.2536871839e+02,2.3673606910e+02,-2.3497311359e+01,2.3673606910e+02,2.3497311359e+01,0.0000000000e+00,nan,nan,nan,nan,nan,nan
2.6461062473e-04,1.0613037764e-04,-2.8948753682e+00,-7.4494335637e+00,-9.3065436064e+00,1.4046217919e+01,2.0088782091e+00,-1.4210297184e+01,2.0088735013e+00,1.4210297184e+01,0.0000000000e+00,nan,nan,nan,nan,nan,nan
7.6647274555e-05,6.2359252848e-06,2.1835489390e+02,-3.0090805565e+01,-2.2744409542e+01,2.1520110121e+02,2.2205165589e+02,-2.6441171533e+01,2.2205165589e+02,2.6441171533e+01,0.0000000000e+00,nan,nan,nan,nan,nan,nan
7.2777206819e-05,6.2236153877e-06,2.1647887866e+02,-2.8647175677e+01,-2.3888227729e+01,2.1399266726e+02,2.1984404951e+02,-2.7253398585e+01,2.1984404951e+02,2.7253398585e+01,0.0000000000e+00,nan,nan,nan,nan,nan,nan
6.8904112973e-05,6.2106720811e-06,2.1475763971e+02,-2.7256630442e+01,-2.5065665356e+01,2.1298809392e+02,2.1781472053e+02,-2.8122746181e+01,2.1781472053e+02,2.8122746181e+01,0.0000000000e+00,nan,nan,nan,nan,nan,nan
4.9489007454e-05,6.1414631607e-06,2.0792983734e+02,-2.1047785850e+01,-3.1223015499e+01,2.1029456142e+02,2.0976703256e+02,-3.3060210728e+01,2.0976703256e+02,3.3060210729e+01,0.0000000000e+00,nan,nan,nan,nan,nan,nan
4.5602499697e-05,6.1237851516e-06,2.0685611429e+02,-1.9943764358e+01,-3.2462982699e+01,2.1011369869e+02,2.0850576629e+02,-3.4112634704e+01,2.0850576629e+02,3.4112634704e+01,0.0000000000e+00,nan,nan,nan,nan,nan,nan
4.1719205154e-05,6.1062597089e-06,2.0585596732e+02,-1.8882764923e+01,-3.3690071047e+01,2.1001369873e+02,2.0733441364e+02,-3.5168517358e+01,2.0733441364e+02,3.5168517358e+01,0.0000000000e+00,nan,nan,nan,nan,nan,nan
2.2176338156e-05,6.0472338496e-06,2.0163629246e+02,-1.4108372935e+01,-3.9496279480e+01,2.1025082042e+02,2.0245837425e+02,-4.0318361279e+01,2.0245837425e+02,4.0318361279e+01,0.0000000000e+00,nan,nan,nan,nan,nan,nan
1.8263869401e-05,6.0352147935e-06,2.0094176861e+02,-1.3247898894e+01,-4.0555071664e+01,2.1039647787e+02,2.0166581161e+02,-4.1279114663e+01,2.0166581161e+02,4.1279114663e+01,0.0000000000e+00,nan,nan,nan,nan,nan,nan
1.4349202798e-05,6.0236268694e-06,2.0028681249e+02,-1.2413344168e+01,-4.1571553858e+01,2.1055526605e+02,2.0092176885e+02,-4.2206510215e+01,2.0092176885e+02,4.2206510215e+01,0.0000000000e+00,nan,nan,nan,nan,nan,nan
-9.1757444433e-06,5.9650989687e-06,1.9706392925e+02,-7.8279862355e+00,-4.6673880459e+01,2.1151757705e+02,1.9731475444e+02,-4.6924705656e+01,1.9731475444e+02,4.6924705656e+01,0.0000000000e+00,nan,nan,nan,nan,nan,nan
-1.3102309925e-05,5.9575016781e-06,1.9663082226e+02,-7.1152001792e+00,-4.7350698679e+01,2.1165276047e+02,1.9683784003e+02,-4.7557716441e+01,1.9683784003e+02,4.7557716441e+01,0.0000000000e+00,nan,nan,nan,nan,nan,nan
-3.6670281161e-05,5.9205572482e-06,1.9461888866e+02,-2.9998367877e+00,-5.0415189797e+01,2.1226891599e+02,1.9465536522e+02,-5.0451666355e+01,1.9465536522e+02,5.0451666355e+01,0.0000000000e+00,nan,nan,nan,nan,nan,nan
-4.0599996095e-05,5.9161797146e-06,1.9437945841e+02,-2.3288775065e+00,-5.0772808394e+01,2.1234599234e+02,1.9440134084e+02,-5.0794690830e+01,1.9440134084e+02,5.0794690829e+01,0.0000000000e+00,nan,nan,nan,nan,nan,nan
-4.4531304572e-05,5.9120790458e-06,1.9416817891e+02,-1.6591718793e+00,-5.1091162655e+01,2.1241985400e+02,1.9417916802e+02,-5.1102151765e+01,1.9417916802e+02,5.1102151765e+01,0.0000000000e+00,nan,nan,nan,nan,nan,nan
-1.3549898366e-04,7.7004473719e-05,3.3438680663e+01,1.4285555796e+01,-3.4450396193e+01,6.3786420277e+01,3.6321249152e+01,-3.7332964683e+01,3.6321249152e+01,3.7332964683e+01,0.0000000000e+00,nan,nan,nan,nan,nan,nan
-1.3943036588e-04,7.3309476711e-05,3.8438643801e+01,1.5443801513e+01,-3.4805115011e+01,6.8838795743e+01,4.1560861648e+01,-3.7927332858e+01,4.1560861648e+01,3.7927332858e+01,0.0000000000e+00,nan,nan,nan,nan,nan,nan
-6.8111302899e-05,5.8948227121e-06,1.9350113124e+02,2.3690811728e+00,-5.2271726784e+01,2.1288468451e+02,1.9352373213e+02,-5.2294327679e+01,1.9352373213e+02,5.2294327679e+01,0.0000000000e+00,nan,nan,nan,nan,nan,nan
-7.2041028805e-05,5.8929740540e-06,1.9349278456e+02,3.0482989347e+00,-5.2362567208e+01,2.1298202397e+02,1.9353033755e+02,-5.2400120198e+01,1.9353033755e+02,5.2400120198e+01,0.0000000000e+00,nan,nan,nan,nan,nan,nan
-9.5611345346e-05,5.8870726264e-06,1.9408988133e+02,7.2149578184e+00,-5.2401248569e+01,2.1383258269e+02,1.9430061556e+02,-5.2611982793e+01,1.9430061556e+02,5.2611982793e+01,0.0000000000e+00,nan,nan,nan,nan,nan,nan
1.4463283513e-04,1.0973102528e-04,-8.1143445598e+00,-7.1212191599e-01,-1.6964063206e+01,7.7696458802e+00,-8.0533967423e+00,-1.7025011023e+01,4.2153495103e-06,1.7025011023e+01,0.0000000000e+00,nan,nan,nan,nan,nan,nan
-3.4350246521e-04,8.1142732654e-06,1.2219433152e+02,6.0534202706e+01,8.2418325641e+00,1.4398330682e+02,1.4834688300e+02,-1.7910718909e+01,1.4834688300e+02,1.7910718877e+01,0.0000000000e+00,nan,nan,nan,nan,nan,nan
-3.3828078316e-04,1.0486349774e-05,1.2069532535e+02,5.8150246664e+01,7.5970776815e+00,1.4049076194e+02,1.4525858074e+02,-1.6966177709e+01,1.4525858074e+02,1.6966177649e+01,0.0000000000e+00,nan,nan,nan,nan,nan,nan
-3.3982345052e-04,7.6814133350e-06,1.3541893330e+02,6.4300133888e+01,9.1353697999e+00,1.5608780961e+02,1.6239449044e+02,-1.7840187343e+01,1.6239449044e+02,1.7840187376e+01,0.0000000000e+00,nan,nan,nan,nan,nan,nan
-3.3618049970e-04,7.2816093329e-06,1.5122143146e+02,6.8590380871e+01,1.0218348510e+01,1.7036475891e+02,1.7908002940e+02,-1.7640249431e+01,1.7908002940e+02,1.7640249423e+01,0.0000000000e+00,nan,nan,nan,nan,nan,nan
-1.0873271910e-04,7.6120476032e-05,3.6572652585e+01,8.9950227455e+00,-3.6775184570e+01,6.5402451327e+01,3.7658856887e+01,-3.7861388872e+01,3.7658856887e+01,3.7861388872e+01,0.0000000000e+00,nan,nan,nan,nan,nan,nan
1.4628653768e-04,1.3208277047e-04,-7.9666461830e+00,-1.7507517668e+00,-1.6684049810e+01,8.1381206707e+00,-7.6268018367e+00,-1.7023894157e+01,-1.3710640060e-05,1.7023894157e+01,0.0000000000e+00,nan,nan,nan,nan,nan,nan
1.4613797799e-04,1.2832390916e-04,-8.7320897086e+00,-1.4494913666e+00,-1.6768201126e+01,7.4001854203e+00,-8.4776463729e+00,-1.7022644462e+01,4.8973165743e-07,1.7022644462e+01,0.0000000000e+00,nan,nan,nan,nan,nan,nan
1.8073854625e-04,6.4279388211e-05,7.4877995913e+00,-6.7093173275e+00,-1.5200712948e+01,2.2835635189e+01,9.3277034448e+00,-1.7040616802e+01,9.3180352683e+00,1.7040616802e+01,0.0000000000e+00,nan,nan,nan,nan,nan,nan
1.7749335117e-04,6.6668078598e-05,5.8386932961e+00,-6.1138185307e+00,-1.5402334716e+01,2.1232744735e+01,7.4769101783e+00,-1.7040551598e+01,7.4638691653e+00,1.7040551598e+01,0.0000000000e+00,nan,nan,nan,nan,nan,nan
1.7690298859e-04,6.3469983816e-05,1.0278026028e+01,-7.4963277289e+00,-1.4953458687e+01,2.5425241721e+01,1.2341553823e+01,-1.7016986482e+01,1.2345152733e+01,1.7016986482e+01,0.0000000000e+00,nan,nan,nan,nan,nan,nan
1.7309672239e-04,6.2691478708e-05,1.2770824072e+01,-8.0983468252e+00,-1.4826918861e+01,2.7714604798e+01,1.4972987146e+01,-1.7029081936e+01,1.4971989505e+01,1.7029081936e+01,0.0000000000e+00,nan,nan,nan,nan,nan,nan
1.6610880862e-04,6.4217775953e-05,1.2417165688e+01,-7.6288840096e+00,-1.5128086952e+01,2.7268714422e+01,1.4388138980e+01,-1.7099060244e+01,1.4387520456e+01,1.7099060244e+01,0.0000000000e+00,nan,nan,nan,nan,nan,nan
1.6666505293e-04,6.7320814862e-05,9.4078550763e+00,-7.0529263743e+00,-1.5112378168e+01,2.4504535477e+01,1.1295438608e+01,-1.6999961700e+01,1.1298793145e+01,1.6999961700e+01,0.0000000000e+00,nan,nan,nan,nan,nan,nan
1.6291633362e-04,6.6499642053e-05,1.1040129674e+01,-7.2220680992e+00,-1.5240008526e+01,2.5968604666e+01,1.2893041468e+01,-1.7092920320e+01,1.2892102052e+01,1.7092920320e+01,0.0000000000e+00,nan,nan,nan,nan,nan,nan
1.6234201329e-04,6.3423391585e-05,1.2650058489e+01,-7.0616030031e+00,-1.5728688401e+01,2.7448083758e+01,1.4307843590e+01,-1.7386473503e+01,1.4308097578e+01,1.7386473503e+01,0.0000000000e+00,nan,nan,nan,nan,nan,nan
1.5857129723e-04,6.2626563425e-05,1.3210296176e+01,-6.6447280980e+00,-1.6312429233e+01,2.8036341529e+01,1.4635722800e+01,-1.7737855858e+01,1.4635661866e+01,1.7737855858e+01,0.0000000000e+00,nan,nan,nan,nan,nan,nan
1.5479655985e-04,6.1827965443e-05,1.3885314583e+01,-6.2559846323e+00,-1.6953284134e+01,2.8819710242e+01,1.5105082690e+01,-1.8173052242e+01,1.5105087124e+01,1.8173052242e+01,0.0000000000e+00,nan,nan,nan,nan,nan,nan
1.4788963542e-04,6.3204227245e-05,1.3445743681e+01,-5.4134543953e+00,-1.7957707697e+01,2.8765448648e+01,1.4351757513e+01,-1.8863721528e+01,1.4351774525e+01,1.8863721528e+01,0.0000000000e+00,nan,nan,nan,nan,nan,nan
1.5037619690e-04,5.8079498198e-05,1.6975497880e+01,-6.1866387177e+00,-1.8005611124e+01,3.2133000306e+01,1.8036939753e+01,-1.9067052994e+01,1.8036939940e+01,1.9067052995e+01,0.0000000000e+00,nan,nan,nan,nan,nan,nan
1.4411482495e-04,6.2384967292e-05,1.4438497823e+01,-5.1242422010e+00,-1.8742514321e+01,3.0073925277e+01,1.5211180606e+01,-1.9515197103e+01,1.5211176573e+01,1.9515197103e+01,0.0000000000e+00,nan,nan,nan,nan,nan,nan
1.4343655427e-04,5.9450638686e-05,1.6798498200e+01,-5.4322403096e+00,-1.9135489010e+01,3.2510156725e+01,1.7601252332e+01,-1.9938243141e+01,1.7601253516e+01,1.9938243141e+01,0.0000000000e+00,nan,nan,nan,nan,nan,nan
1.4033158706e-04,6.1573141063e-05,1.5537133426e+01,-4.8790310889e+00,-1.9578362508e+01,3.1562257995e+01,1.6201863609e+01,-2.0243092691e+01,1.6201863930e+01,2.0243092691e+01,0.0000000000e+00,nan,nan,nan,nan,nan,nan
1.3963461202e-04,5.8674180795e-05,1.8004944922e+01,-5.2526491651e+00,-1.9955643820e+01,3.4109784873e+01,1.8717944030e+01,-2.0668642927e+01,1.8717943755e+01,2.0668642927e+01,0.0000000000e+00,nan,nan,nan,nan,nan,nan
1.3582432725e-04,5.7907796791e-05,1.9324202699e+01,-5.1240319281e+00,-2.0816739771e+01,3.5877581926e+01,1.9967663047e+01,-2.1460200119e+01,1.9967663083e+01,2.1460200119e+01,0.0000000000e+00,nan,nan,nan,nan,nan,nan
1.3200516053e-04,5.7154094123e-05,2.0696735090e+01,-5.0493171381e+00,-2.1751893237e+01,3.7786731249e+01,2.1288600385e+01,-2.2343758532e+01,2.1288600425e+01,2.2343758532e+01,0.0000000000e+00,nan,nan,nan,nan,nan,nan
1.2511193949e-04,5.8442362013e-05,2.1247382013e+01,-4.7119868692e+00,-2.2425909309e+01,3.8696060805e+01,2.1751917474e+01,-2.2930444770e+01,2.1751917475e+01,2.2930444770e+01,0.0000000000e+00,nan,nan,nan,nan,nan,nan
1.2134211582e-04,5.7703546458e-05,2.2969931778e+01,-5.0898508661e+00,-2.2368487235e+01,4.0243775502e+01,2.3535476891e+01,-2.2934032348e+01,2.3535476893e+01,2.2934032348e+01,0.0000000000e+00,nan,nan,nan,nan,nan,nan
1.2364817798e-04,5.2993278770e-05,2.7227689176e+01,-6.2841383357e+00,-2.2147189316e+01,4.4125225981e+01,2.8015961028e+01,-2.2935461169e+01,2.8015961027e+01,2.2935461169e+01,0.0000000000e+00,nan,nan,nan,nan,nan,nan
1.1761148496e-04,5.6986197601e-05,2.4723826113e+01,-5.4616848030e+00,-2.2282410886e+01,4.1795666496e+01,2.5351446916e+01,-2.2910031689e+01,2.5351446914e+01,2.2910031689e+01,0.0000000000e+00,nan,nan,nan,nan,nan,nan
1.1687980093e-04,5.4316013438e-05,2.7806303178e+01,-6.2737156357e+00,-2.2131028922e+01,4.4593464475e+01,2.8583685847e+01,-2.2908411591e+01,2.8583685847e+01,2.2908411591e+01,0.0000000000e+00,nan,nan,nan,nan,nan,nan
1.1318982150e-04,5.3659634542e-05,2.9710618382e+01,-6.6991294488e+00,-2.2038474337e+01,4.6295994874e+01,3.0565077125e+01,-2.2892933080e+01,3.0565077125e+01,2.2892933080e+01,0.0000000000e+00,nan,nan,nan,nan,nan,nan
1.0953621746e-04,5.3024135027e-05,3.1677218604e+01,-7.1451269713e+00,-2.1940787311e+01,4.8057710017e+01,3.2614347462e+01,-2.2877916168e+01,3.2614347462e+01,2.2877916168e+01,0.0000000000e+00,nan,nan,nan,nan,nan,nan
1.0306072843e-04,5.4337124623e-05,3.2292454588e+01,-7.1452949782e+00,-2.1922030177e+01,4.8557209539e+01,3.3219730204e+01,-2.2849305793e+01,3.3219730204e+01,2.2849305793e+01,0.0000000000e+00,nan,nan,nan,nan,nan,nan
9.9511017237e-05,5.3730354912e-05,3.4326318578e+01,-7.6119091409e+00,-2.1818442124e+01,5.0380914207e+01,3.5341372606e+01,-2.2833496153e+01,3.5341372606e+01,2.2833496153e+01,0.0000000000e+00,nan,nan,nan,nan,nan,nan
9.5994727786e-05,5.3146564267e-05,3.6418097903e+01,-8.0966980063e+00,-2.1709904220e+01,5.2259580213e+01,3.7526179545e+01,-2.2817985863e+01,3.7526179545e+01,2.2817985863e+01,0.0000000000e+00,nan,nan,nan,nan,nan,nan
9.8070106123e-05,4.8806713036e-05,4.1860532409e+01,-9.6558398550e+00,-2.1387274449e+01,5.7272830691e+01,4.3303113197e+01,-2.2829855237e+01,4.3303113197e+01,2.2829855237e+01,0.0000000000e+00,nan,nan,nan,nan,nan,nan
8.4894298115e-05,4.9188356196e-05,4.7249761029e+01,-1.0814536522e+01,-2.1103465756e+01,6.2090785591e+01,4.8921279412e+01,-2.2774984139e+01,4.8921279412e+01,2.2774984139e+01,0.0000000000e+00,nan,nan,nan,nan,nan,nan
8.1495753241e-05,4.8727644186e-05,4.9750373801e+01,-1.1421647096e+01,-2.0962179722e+01,6.4357190445e+01,5.1550738267e+01,-2.2762544188e+01,5.1550738267e+01,2.2762544188e+01,0.0000000000e+00,nan,nan,nan,nan,nan,nan
7.8124214786e-05,4.8290090262e-05,5.2319026332e+01,-1.2049237266e+01,-2.0815934954e+01,6.6688733831e+01,5.4254304119e+01,-2.2751212740e+01,5.4254304119e+01,2.2751212740e+01,0.0000000000e+00,nan,nan,nan,nan,nan,nan
7.2217896122e-05,4.9688562490e-05,5.2826982500e+01,-1.2031870945e+01,-2.0812385245e+01,6.7094365099e+01,5.4744248378e+01,-2.2729651124e+01,5.4744248378e+01,2.2729651124e+01,0.0000000000e+00,nan,nan,nan,nan,nan,nan
6.8929528268e-05,4.9283019348e-05,5.5448070437e+01,-1.2677389100e+01,-2.0663951372e+01,6.9478203682e+01,5.7505319131e+01,-2.2721200066e+01,5.7505319131e+01,2.2721200066e+01,0.0000000000e+00,nan,nan,nan,nan,nan,nan
6.2421838040e-05,4.8537415294e-05,6.0917996884e+01,-1.4034848822e+01,-2.0351367526e+01,7.4463157135e+01,6.3274638496e+01,-2.2708009137e+01,6.3274638496e+01,2.2708009137e+01,0.0000000000e+00,nan,nan,nan,nan,nan,nan
6.7414656210e-05,4.4964298450e-05,6.6074768903e+01,-1.5593698565e+01,-1.9988341562e+01,7.9277887538e+01,6.8814323381e+01,-2.2727896040e+01,6.8814323381e+01,2.2727896040e+01,0.0000000000e+00,nan,nan,nan,nan,nan,nan
5.9202263531e-05,4.8196177441e-05,6.3773059647e+01,-1.4748753332e+01,-2.0186484027e+01,7.7069955298e+01,6.6289647248e+01,-2.2703071627e+01,6.6289647248e+01,2.2703071627e+01,0.0000000000e+00,nan,nan,nan,nan,nan,nan
5.7648973380e-05,4.4061183300e-05,7.5763962789e+01,-1.8010916864e+01,-1.9429681676e+01,8.8147103917e+01,7.9058894731e+01,-2.2724613618e+01,7.9058894731e+01,2.2724613618e+01,0.0000000000e+00,nan,nan,nan,nan,nan,nan
4.8859418976e-05,4.5298886702e-05,7.9066845367e+01,-1.8703099406e+01,-1.9292177108e+01,9.1134735540e+01,8.2503998227e+01,-2.2729329967e+01,8.2503998227e+01,2.2729329967e+01,0.0000000000e+00,nan,nan,nan,nan,nan,nan
4.5710606206e-05,4.5067577028e-05,8.2503708852e+01,-1.9704684275e+01,-1.9064820025e+01,9.4351710196e+01,8.6193429694e+01,-2.2754540866e+01,8.6193429694e+01,2.2754540866e+01,0.0000000000e+00,nan,nan,nan,nan,nan,nan
3.9406813961e-05,4.4647487695e-05,8.5772460710e+01,-1.8161481454e+01,-2.2269940154e+01,9.8708475114e+01,8.8740624956e+01,-2.5238104400e+01,8.8740624956e+01,2.5238104400e+01,0.0000000000e+00,nan,nan,nan,nan,nan,nan
3.6218564496e-05,4.4449041982e-05,8.7158103684e+01,-1.7258866919e+01,-2.3950863620e+01,1.0075687806e+02,8.9775630704e+01,-2.6568390639e+01,8.9775630704e+01,2.6568390639e+01,0.0000000000e+00,nan,nan,nan,nan,nan,nan
3.3007704837e-05,4.4257974258e-05,8.8465166628e+01,-1.6391419604e+01,-2.5571632861e+01,1.0275595169e+02,9.0772943252e+01,-2.7879409485e+01,9.0772943252e+01,2.7879409485e+01,0.0000000000e+00,nan,nan,nan,nan,nan,nan
2.6522923490e-05,4.3902228681e-05,9.0859226480e+01,-1.4852957511e+01,-2.8606735015e+01,1.0660929149e+02,9.2677148872e+01,-3.0424657407e+01,9.2677148872e+01,3.0424657407e+01,0.0000000000e+00,nan,nan,nan,nan,nan,nan
2.3251774734e-05,4.3736729696e-05,9.1941887765e+01,-1.4160127977e+01,-3.0014532566e+01,1.0842615702e+02,9.3563548541e+01,-3.1636193343e+01,9.3563548541e+01,3.1636193343e+01,0.0000000000e+00,nan,nan,nan,nan,nan,nan
1.7777669091e-05,4.5254826310e-05,8.9426191034e+01,-1.2781511563e+01,-3.1854817542e+01,1.0733908729e+02,9.0757937688e+01,-3.3186564196e+01,9.0757937688e+01,3.3186564196e+01,0.0000000000e+00,nan,nan,nan,nan,nan,nan
1.3338112202e-05,4.3291115107e-05,9.4721690354e+01,-1.2302646057e+01,-3.3789539444e+01,1.1331462898e+02,9.5888307001e+01,-3.4956156090e+01,9.5888307001e+01,3.4956156090e+01,0.0000000000e+00,nan,nan,nan,nan,nan,nan
7.8690264529e-06,4.4825385338e-05,9.1961839434e+01,-1.1162270375e+01,-3.5284074326e+01,1.1188059190e+02,9.2933172403e+01,-3.6255407295e+01,9.2933172403e+01,3.6255407295e+01,0.0000000000e+00,nan,nan,nan,nan,nan,nan
4.5395890698e-06,4.4699949361e-05,9.2653174685e+01,-1.0652437355e+01,-3.6279125068e+01,1.1317210708e+02,9.3526971298e+01,-3.7152921681e+01,9.3526971298e+01,3.7152921681e+01,0.0000000000e+00,nan,nan,nan,nan,nan,nan
1.1984749838e-06,4.4582970887e-05,9.3273473615e+01,-1.0149793975e+01,-3.7203807052e+01,1.1435538617e+02,9.4057946267e+01,-3.7988279705e+01,9.4057946267e+01,3.7988279705e+01,0.0000000000e+00,nan,nan,nan,nan,nan,nan
-5.5147827720e-06,4.4373457094e-05,9.4316379008e+01,-9.1514897877e+00,-3.8852297944e+01,1.1641109107e+02,9.4942015296e+01,-3.9477934232e+01,9.4942015296e+01,3.9477934232e+01,0.0000000000e+00,nan,nan,nan,nan,nan,nan
-8.8851231707e-06,4.4280445804e-05,9.4746873215e+01,-8.6498227821e+00,-3.9581548695e+01,1.1729205170e+02,9.5301259881e+01,-4.0135935361e+01,9.5301259881e+01,4.0135935361e+01,0.0000000000e+00,nan,nan,nan,nan,nan,nan
-1.2263473929e-05,4.4194841601e-05,9.5122208679e+01,-8.1432556383e+00,-4.0251223704e+01,1.1808169789e+02,9.5609992552e+01,-4.0739007577e+01,9.5609992552e+01,4.0739007577e+01,0.0000000000e+00,nan,nan,nan,nan,nan,nan
-1.9042441955e-05,4.4044889079e-05,9.5722796805e+01,-7.1079884086e+00,-4.1423299485e+01,1.1940784744e+02,9.6089901523e+01,-4.1790404203e+01,9.6089901523e+01,4.1790404203e+01,0.0000000000e+00,nan,nan,nan,nan,nan,nan
-2.2439533226e-05,4.3979627634e-05,9.5956330736e+01,-6.5768828094e+00,-4.1930973459e+01,1.1995549670e+02,9.6269016947e+01,-4.2243659670e+01,9.6269016947e+01,4.2243659670e+01,0.0000000000e+00,nan,nan,nan,nan,nan,nan
-3.2662372018e-05,4.3820475519e-05,9.6429987499e+01,-4.9177631171e+00,-4.3173617056e+01,1.2119939907e+02,9.6602690903e+01,-4.3346320459e+01,9.6602690903e+01,4.3346320459e+01,0.0000000000e+00,nan,nan,nan,nan,nan,nan
-3.6077795578e-05,4.3778534848e-05,9.6523359422e+01,-4.3413200989e+00,-4.3502574954e+01,1.2149835828e+02,9.6657502094e+01,-4.3636717625e+01,9.6657502094e+01,4.3636717625e+01,0.0000000000e+00,nan,nan,nan,nan,nan,nan
-4.9764943760e-05,4.3659151842e-05,9.6649527158e+01,-1.9153393508e+00,-4.4451921371e+01,1.2224184106e+02,9.6675162734e+01,-4.4477556947e+01,9.6675162734e+01,4.4477556947e+01,0.0000000000e+00,nan,nan,nan,nan,nan,nan
-4.9602199593e-05,4.0315236015e-05,1.0408010615e+02,-1.8886579469e+00,-4.5062364186e+01,1.2920196721e+02,1.0410366153e+02,-4.5085919567e+01,1.0410366153e+02,4.5085919567e+01,0.0000000000e+00,nan,nan,nan,nan,nan,nan
-6.3492180677e-05,4.0264897759e-05,1.0389930781e+02,7.7733002819e-01,-4.5564573344e+01,1.2944583816e+02,1.0390295674e+02,-4.5568222273e+01,1.0390295674e+02,4.5568222273e+01,0.0000000000e+00,nan,nan,nan,nan,nan,nan
-6.6963431381e-05,4.0260366746e-05,1.0382625542e+02,1.4681083909e+00,-4.5622520617e+01,1.2945071260e+02,1.0384027117e+02,-4.5636536366e+01,1.0384027117e+02,4.5636536366e+01,0.0000000000e+00,nan,nan,nan,nan,nan,nan
-7.7373191178e-05,4.0263557534e-05,1.0356143160e+02,3.5956938986e+00,-4.5655177120e+01,1.2937459888e+02,1.0364758673e+02,-4.5741332250e+01,1.0364758673e+02,4.5741332250e+01,0.0000000000e+00,nan,nan,nan,nan,nan,nan
-8.0840565078e-05,4.0269868885e-05,1.0346102681e+02,4.3224355802e+00,-4.5622590241e+01,1.2932629479e+02,1.0358578939e+02,-4.5747352829e+01,1.0358578939e+02,4.5747352829e+01,0.0000000000e+00,nan,nan,nan,nan,nan,nan
-9.1231462099e-05,4.0302924567e-05,1.0313370930e+02,6.5521352481e+00,-4.5406943317e+01,1.2913873408e+02,1.0342166587e+02,-4.5694899891e+01,1.0342166587e+02,4.5694899891e+01,0.0000000000e+00,nan,nan,nan,nan,nan,nan
-9.4690581339e-05,4.0318509875e-05,1.0301710805e+02,7.3112051963e+00,-4.5298125195e+01,1.2906660157e+02,1.0337612859e+02,-4.5657145733e+01,1.0337612859e+02,4.5657145733e+01,0.0000000000e+00,nan,nan,nan,nan,nan,nan
-9.9538227048e-05,5.8867951351e-06,1.9430128525e+02,7.9284310107e+00,-5.2333650000e+01,2.1403262700e+02,1.9455561244e+02,-5.2587977188e+01,1.9455561244e+02,5.2587977188e+01,0.0000000000e+00,nan,nan,nan,nan,nan,nan
-1.0346460015e-04,5.8866800255e-06,1.9454598475e+02,8.6483422323e+00,-5.2247237874e+01,2.1425297400e+02,1.9484838565e+02,-5.2549638775e+01,1.9484838565e+02,5.2549638775e+01,0.0000000000e+00,nan,nan,nan,nan,nan,nan
1.0882373073e-04,1.2781455597e-04,-1.1224306440e+01,2.1197022824e-02,-1.6925081924e+01,4.9268144135e+00,-1.1230196555e+01,-1.6919191810e+01,-8.7906883232e-07,1.6919191808e+01,0.0000000000e+00,nan,nan,nan,nan,nan,nan
3.3963945642e-04,4.0902523328e-05,-1.5045196976e+00,-1.2804636984e+01,-8.9277040662e-01,2.2179984021e+01,1.1606974693e+01,-1.4004264797e+01,1.1606974693e+01,1.4004264797e+01,0.0000000000e+00,nan,nan,nan,nan,nan,nan
4.1810287609e-05,1.0468874443e-04,2.4109358773e+00,1.8914443803e+00,-2.7934613750e+01,2.6463433335e+01,2.5168314232e+00,-2.8040509296e+01,2.4852321913e+00,2.8040509296e+01,0.0000000000e+00,nan,nan,nan,nan,nan,nan
3.0200490854e-04,2.9492591847e-05,-1.2406325142e+00,-8.8955457431e+00,-1.0493385013e+01,1.7364498103e+01,4.1583888904e+00,-1.5892406418e+01,4.1583889180e+00,1.5892406418e+01,0.0000000000e+00,nan,nan,nan,nan,nan,nan
4.0657585308e-05,7.6726332518e-05,2.7209015959e+01,-3.1326847181e+00,-2.2420316449e+01,4.3322249906e+01,2.7406462400e+01,-2.2617762889e+01,2.7406462399e+01,2.2617762889e+01,0.0000000000e+00,nan,nan,nan,nan,nan,nan
1.2993950879e-04,1.0068539921e-04,-4.3002623519e+00,-1.4983247969e+00,-1.6805165861e+01,1.1151648698e+01,-4.1143067286e+00,-1.6991121484e+01,1.3761525070e-04,1.6991121484e+01,0.0000000000e+00,nan,nan,nan,nan,nan,nan
3.0362678871e-04,1.9149949777e-05,-1.4477181340e+00,-8.7999615045e+00,-1.1452143596e+01,1.7531424179e+01,3.6718416044e+00,-1.6571703334e+01,3.6718416023e+00,1.6571703334e+01,0.0000000000e+00,nan,nan,nan,nan,nan,nan
-2.7080823187e-04,2.6312811021e-05,1.3214087516e+02,5.5119281817e+01,-7.3854781195e+00,1.5399155115e+02,1.5128476203e+02,-2.6529364989e+01,1.5128476203e+02,2.6529364989e+01,0.0000000000e+00,nan,nan,nan,nan,nan,nan
-2.6737589041e-04,2.9993635395e-05,1.1713827892e+02,5.2695937664e+01,-9.8308267369e+00,1.4289850046e+02,1.3615621380e+02,-2.8848761617e+01,1.3615621380e+02,2.8848761617e+01,0.0000000000e+00,nan,nan,nan,nan,nan,nan
-5.4757773329e-05,3.8632327174e-05,1.0781953949e+02,-8.8299840528e-01,-4.5618790556e+01,1.3288965742e+02,1.0782425395e+02,-4.5623505018e+01,1.0782425395e+02,4.5623505018e+01,0.0000000000e+00,nan,nan,nan,nan,nan,nan
-3.5731532368e-05,4.0424334211e-05,1.0399989671e+02,-4.3898505474e+00,-4.4049909066e+01,1.2843957575e+02,1.0412961745e+02,-4.4179629809e+01,1.0412961745e+02,4.4179629809e+01,0.0000000000e+00,nan,nan,nan,nan,nan,nan
-2.5849095002e-04,3.0948572254e-05,1.1767372417e+02,5.1524666215e+01,-1.5193107180e+01,1.4561259421e+02,1.3530977896e+02,-3.2829161970e+01,1.3530977896e+02,3.2829161970e+01,0.0000000000e+00,nan,nan,nan,nan,nan,nan
-2.1913733418e-05,4.0608434107e-05,1.0350289743e+02,-6.7305891614e+00,-4.2401603870e+01,1.2689308632e+02,1.0381240433e+02,-4.2711110767e+01,1.0381240433e+02,4.2711110767e+01,0.0000000000e+00,nan,nan,nan,nan,nan,nan
-4.7613178997e-06,4.0967235211e-05,1.0200224374e+02,-9.5033410192e+00,-3.9218055310e+01,1.2340246700e+02,1.0263854175e+02,-3.9854353326e+01,1.0263854175e+02,3.9854353326e+01,0.0000000000e+00,nan,nan,nan,nan,nan,nan
-5.4782527761e-05,9.4880498763e-05,1.1526586239e+01,-8.9601731929e-01,-3.5769795872e+01,4.0988252003e+01,1.1542973512e+01,-3.5786183144e+01,1.1542610031e+01,3.5786183144e+01,0.0000000000e+00,nan,nan,nan,nan,nan,nan
-4.9102560622e-05,9.4944105034e-05,1.1131774535e+01,-1.8036020844e+00,-3.5921354938e+01,4.0867849833e+01,1.1200273901e+01,-3.5989854304e+01,1.1199308242e+01,3.5989854304e+01,0.0000000000e+00,nan,nan,nan,nan,nan,nan
-3.2115747735e-05,9.5349562644e-05,9.6735818008e+00,-4.2392757919e+00,-3.6219353423e+01,4.0416248820e+01,1.0061446325e+01,-3.6607217947e+01,1.0062601732e+01,3.6607217947e+01,0.0000000000e+00,nan,nan,nan,nan,nan,nan
-3.7080469629e-04,1.6580364991e-05,8.1171687597e+01,6.7883500882e+01,3.8590490978e+01,1.2316624885e+02,1.3099115622e+02,-1.1228977640e+01,1.3099115622e+02,1.1237998179e+01,0.0000000000e+00,nan,nan,nan,nan,nan,nan
-2.6478715836e-05,9.5567301294e-05,9.1134973089e+00,-4.9131916296e+00,-3.6258011881e+01,4.0203069957e+01,9.6389959758e+00,-3.6783510548e+01,9.6424530106e+00,3.6783510548e+01,0.0000000000e+00,nan,nan,nan,nan,nan,nan
7.6905945324e-05,8.7864660971e-05,7.3735263826e+00,5.9752771815e-01,-2.2513966375e+01,2.5910012490e+01,7.3889326901e+00,-2.2529372682e+01,7.3889552132e+00,2.2529372682e+01,0.0000000000e+00,nan,nan,nan,nan,nan,nan
8.2598396598e-05,8.7079016664e-05,6.6968174576e+00,4.3188300001e-01,-2.2585614737e+01,2.5376421636e+01,6.7066852232e+00,-2.2595482502e+01,6.7064876250e+00,2.2595482502e+01,0.0000000000e+00,nan,nan,nan,nan,nan,nan
8.6335309174e-05,9.0888311084e-05,3.7214876185e+00,1.1048593431e+00,-2.2549726643e+01,2.2838765995e+01,3.7718481829e+00,-2.2600087208e+01,3.7690422422e+00,2.2600087208e+01,0.0000000000e+00,nan,nan,nan,nan,nan,nan
8.9550490403e-05,9.1974004286e-05,2.5803826643e+00,1.2535131115e+00,-2.2566552032e+01,2.1892852852e+01,2.6467598033e+00,-2.2632929171e+01,2.6551436170e+00,2.2632929171e+01,0.0000000000e+00,nan,nan,nan,nan,nan,nan
-9.6756318337e-06,9.6530817701e-05,7.2798760770e+00,-6.2879405960e+00,-3.6111021383e+01,3.9123068770e+01,8.1721416332e+00,-3.7003286939e+01,8.1711948878e+00,3.7003286939e+01,0.0000000000e+00,nan,nan,nan,nan,nan,nan
-1.2701048668e-04,5.8894730850e-06,1.9674716213e+02,1.3124474097e+01,-5.1363385640e+01,2.1606853181e+02,1.9743911325e+02,-5.2055336761e+01,1.9743911325e+02,5.2055336761e+01,0.0000000000e+00,nan,nan,nan,nan,nan,nan
1.7820958426e-05,9.9568249120e-05,4.0236369201e+00,-5.1594526871e+00,-3.4112381127e+01,3.4211273258e+01,4.7075157213e+00,-3.4796259929e+01,4.7458459122e+00,3.4796259929e+01,0.0000000000e+00,nan,nan,nan,nan,nan,nan
1.0520641902e-04,4.9896759224e-05,3.7343507390e+01,-8.5879017634e+00,-2.1633359520e+01,5.3199578065e+01,3.8569864652e+01,-2.2859716782e+01,3.8569864652e+01,2.2859716782e+01,0.0000000000e+00,nan,nan,nan,nan,nan,nan
-9.9715045339e-05,7.5921983552e-05,3.7210951764e+01,7.1778357017e+00,-3.7379823885e+01,6.5781732501e+01,3.7894664906e+01,-3.8063537028e+01,3.7894664906e+01,3.8063537028e+01,0.0000000000e+00,nan,nan,nan,nan,nan,nan
2.0041974835e-04,4.9965035642e-05,1.9288990208e+01,-1.0382638686e+01,-1.4108978352e+01,3.4057896644e+01,2.2253341723e+01,-1.7073329868e+01,2.2253466745e+01,1.7073329868e+01,0.0000000000e+00,nan,nan,nan,nan,nan,nan
2.0308234712e-04,4.4618553572e-05,2.0996223156e+01,-1.0586164334e+01,-1.4308283918e+01,3.5651025686e+01,2.3927098896e+01,-1.7239159657e+01,2.3927023977e+01,1.7239159657e+01,0.0000000000e+00,nan,nan,nan,nan,nan,nan
1.9915447497e-04,4.4029558251e-05,2.1564339664e+01,-1.0470113934e+01,-1.4493364463e+01,3.6110798496e+01,2.4384066833e+01,-1.7313091632e+01,2.4384094416e+01,1.7313091632e+01,0.0000000000e+00,nan,nan,nan,nan,nan,nan
1.9523553835e-04,4.3437253204e-05,2.2270430587e+01,-1.0383645634e+01,-1.4676602976e+01,3.6705248452e+01,2.4988698879e+01,-1.7394871269e+01,2.4988692403e+01,1.7394871269e+01,0.0000000000e+00,nan,nan,nan,nan,nan,nan
1.8807334028e-04,4.5146420570e-05,2.1991082237e+01,-9.9311871628e+00,-1.4966196319e+01,3.6335416047e+01,2.4490705195e+01,-1.7465819277e+01,2.4490700625e+01,1.7465819277e+01,0.0000000000e+00,nan,nan,nan,nan,nan,nan
1.8418136955e-04,4.4532485601e-05,2.2831881795e+01,-9.8368144701e+00,-1.5224666543e+01,3.7101449170e+01,2.5224139292e+01,-1.7616924039e+01,2.5224140950e+01,1.7616924039e+01,0.0000000000e+00,nan,nan,nan,nan,nan,nan
1.8029344506e-04,4.3922961045e-05,2.3813710440e+01,-9.7818182864e+00,-1.5501116317e+01,3.8030335966e+01,2.6113121769e+01,-1.7800527646e+01,2.6113121413e+01,1.7800527646e+01,0.0000000000e+00,nan,nan,nan,nan,nan,nan
1.7963266323e-04,4.1072103392e-05,2.6180159363e+01,-1.0255348641e+01,-1.5625200087e+01,4.0327499586e+01,2.8560572380e+01,-1.8005613104e+01,2.8560572496e+01,1.8005613104e+01,0.0000000000e+00,nan,nan,nan,nan,nan,nan
1.7641334895e-04,4.3310975282e-05,2.4928628905e+01,-9.7597343826e+00,-1.5802258864e+01,3.9115564384e+01,2.7146566647e+01,-1.8020196607e+01,2.7146566648e+01,1.8020196607e+01,0.0000000000e+00,nan,nan,nan,nan,nan,nan
1.7574567329e-04,4.0488728828e-05,2.7477010650e+01,-1.0281090205e+01,-1.5930660029e+01,4.1596848664e+01,2.9789127084e+01,-1.8242776463e+01,2.9789127061e+01,1.8242776463e+01,0.0000000000e+00,nan,nan,nan,nan,nan,nan
1.7186170022e-04,3.9911087487e-05,2.8882858479e+01,-1.0319754168e+01,-1.6276887193e+01,4.3000842533e+01,3.1129533654e+01,-1.8523562369e+01,3.1129533653e+01,1.8523562369e+01,0.0000000000e+00,nan,nan,nan,nan,nan,nan
1.6797916896e-04,3.9340488908e-05,3.0406906878e+01,-1.0376468114e+01,-1.6661346328e+01,4.4548965361e+01,3.2593137418e+01,-1.8847576869e+01,3.2593137421e+01,1.8847576869e+01,0.0000000000e+00,nan,nan,nan,nan,nan,nan
1.6409711959e-04,3.8777781493e-05,3.2048598595e+01,-1.0452386411e+01,-1.7083367279e+01,4.6241260851e+01,3.4180020058e+01,-1.9214788742e+01,3.4180020056e+01,1.9214788742e+01,0.0000000000e+00,nan,nan,nan,nan,nan,nan
1.5703512580e-04,4.0354364046e-05,3.2133822357e+01,-9.8997583039e+00,-1.7908042124e+01,4.6606631795e+01,3.4021241529e+01,-1.9795461297e+01,3.4021241529e+01,1.9795461297e+01,0.0000000000e+00,nan,nan,nan,nan,nan,nan
1.5315672286e-04,3.9789508227e-05,3.3924079386e+01,-1.0001278145e+01,-1.8445532061e+01,4.8549278443e+01,3.5769212640e+01,-2.0290665316e+01,3.5769212640e+01,2.0290665316e+01,0.0000000000e+00,nan,nan,nan,nan,nan,nan
1.3128288892e-04,5.4375834416e-05,2.3527815720e+01,-5.6037535201e+00,-2.2037979568e+01,4.0636705180e+01,2.4206530751e+01,-2.2716694598e+01,2.4206530750e+01,2.2716694598e+01,0.0000000000e+00,nan,nan,nan,nan,nan,nan
1.4927519492e-04,3.9236118662e-05,3.5831771150e+01,-1.0135243411e+01,-1.9019126832e+01,5.0642482552e+01,3.7644773093e+01,-2.0832128775e+01,3.7644773093e+01,2.0832128775e+01,0.0000000000e+00,nan,nan,nan,nan,nan,nan
1.4538984874e-04,3.8695265692e-05,3.7858370679e+01,-1.0303524110e+01,-1.9628489902e+01,5.2887314951e+01,3.9649445912e+01,-2.1419565135e+01,3.9649445912e+01,2.1419565135e+01,0.0000000000e+00,nan,nan,nan,nan,nan,nan
1.4465902814e-04,3.6120819110e-05,4.1984484865e+01,-1.1243930183e+01,-1.9728921203e+01,5.6883461511e+01,4.3969463647e+01,-2.1713899985e+01,4.3969463647e+01,2.1713899985e+01,0.0000000000e+00,nan,nan,nan,nan,nan,nan
1.4076082838e-04,3.5627851671e-05,4.4342732346e+01,-1.1513866960e+01,-2.0343702383e+01,5.9464161940e+01,4.6331164885e+01,-2.2332134922e+01,4.6331164885e+01,2.2332134922e+01,0.0000000000e+00,nan,nan,nan,nan,nan,nan
1.3685684281e-04,3.5149821829e-05,4.6914902197e+01,-1.1816436096e+01,-2.0993601502e+01,6.2270936017e+01,4.8912792020e+01,-2.2991491324e+01,4.8912792020e+01,2.2991491324e+01,0.0000000000e+00,nan,nan,nan,nan,nan,nan
1.3296602913e-04,3.4687629634e-05,4.9681536049e+01,-1.2466566051e+01,-2.0770951290e+01,6.4724034850e+01,5.1823731323e+01,-2.2913146565e+01,5.1823731323e+01,2.2913146565e+01,0.0000000000e+00,nan,nan,nan,nan,nan,nan
1.4097461128e-04,8.2209713008e-05,2.4683108575e+00,-3.9173457603e+00,-1.6421063295e+01,1.7704808540e+01,3.2454997577e+00,-1.7198252195e+01,3.2821564364e+00,1.7198252195e+01,0.0000000000e+00,nan,nan,nan,nan,nan,nan
1.2601562306e-04,3.6215527110e-05,5.0288062148e+01,-1.2523997529e+01,-2.0777946345e+01,6.5257953301e+01,5.2431754806e+01,-2.2921639004e+01,5.2431754806e+01,2.2921639004e+01,0.0000000000e+00,nan,nan,nan,nan,nan,nan
1.2221716146e-04,3.5771113154e-05,5.3178915330e+01,-1.3224614603e+01,-2.0612400907e+01,6.7888258847e+01,5.5478561732e+01,-2.2912047309e+01,5.5478561732e+01,2.2912047309e+01,0.0000000000e+00,nan,nan,nan,nan,nan,nan
1.1845044019e-04,3.5345098110e-05,5.6211883632e+01,-1.3960358766e+01,-2.0435187991e+01,7.0647422989e+01,5.8676656501e+01,-2.2899960859e+01,5.8676656501e+01,2.2899960859e+01,0.0000000000e+00,nan,nan,nan,nan,nan,nan
1.1471494641e-04,3.4937866635e-05,5.9404364317e+01,-1.4737903165e+01,-2.0246547780e+01,7.3553692724e+01,6.2045152563e+01,-2.2887336026e+01,6.2045152563e+01,2.2887336026e+01,0.0000000000e+00,nan,nan,nan,nan,nan,nan
1.0733537665e-04,3.4181040659e-05,6.6314173058e+01,-1.6419456256e+01,-1.9837331409e+01,7.9848304638e+01,6.9338861001e+01,-2.2862019352e+01,6.9338861001e+01,2.2862019352e+01,0.0000000000e+00,nan,nan,nan,nan,nan,nan
1.0297264168e-04,3.1646851061e-05,7.7780021355e+01,-1.9258066327e+01,-1.9158999337e+01,9.0338395651e+01,8.1467408056e+01,-2.2846386038e+01,8.1467408056e+01,2.2846386038e+01,0.0000000000e+00,nan,nan,nan,nan,nan,nan
9.9355957455e-05,3.1353291654e-05,8.2149027119e+01,-2.0296025978e+01,-1.8908971315e+01,9.4318077263e+01,8.6074595199e+01,-2.2834539396e+01,8.6074595199e+01,2.2834539396e+01,0.0000000000e+00,nan,nan,nan,nan,nan,nan
9.5766808176e-05,3.1079175257e-05,8.6671412868e+01,-2.1363905762e+01,-1.8652667087e+01,9.8436446483e+01,9.0841681766e+01,-2.2822935985e+01,9.0841681766e+01,2.2822935985e+01,0.0000000000e+00,nan,nan,nan,nan,nan,nan
-1.3093250054e-04,5.8903571043e-06,1.9724355792e+02,1.3900357799e+01,-5.1157935626e+01,2.1646441866e+02,1.9801860153e+02,-5.1932979236e+01,1.9801860153e+02,5.1932979236e+01,0.0000000000e+00,nan,nan,nan,nan,nan,nan
8.8668500567e-05,3.0588128895e-05,9.6053341340e+01,-2.3551013622e+01,-1.8134689638e+01,1.0697577207e+02,1.0072181665e+02,-2.2803164951e+01,1.0072181665e+02,2.2803164951e+01,0.0000000000e+00,nan,nan,nan,nan,nan,nan
8.5158038610e-05,3.0370228961e-05,1.0084259834e+02,-2.4651649422e+01,-1.7878131266e+01,1.1133180768e+02,1.0575968267e+02,-2.2795215600e+01,1.0575968267e+02,2.2795215600e+01,0.0000000000e+00,nan,nan,nan,nan,nan,nan
8.1672326152e-05,3.0170132526e-05,1.0561444558e+02,-2.5734510984e+01,-1.7630009066e+01,1.1566936699e+02,1.1077395843e+02,-2.2789521912e+01,1.1077395843e+02,2.2789521912e+01,0.0000000000e+00,nan,nan,nan,nan,nan,nan
7.8210647385e-05,2.9987031993e-05,1.1034282542e+02,-2.6792516008e+01,-1.7392058784e+01,1.1996406593e+02,1.1573666907e+02,-2.2785902440e+01,1.1573666907e+02,2.2785902440e+01,0.0000000000e+00,nan,nan,nan,nan,nan,nan
7.2107102340e-05,3.1559726285e-05,1.0934703112e+02,-2.6560998249e+01,-1.7432534047e+01,1.1904592087e+02,1.1468844300e+02,-2.2773945923e+01,1.1468844300e+02,2.2773945923e+01,0.0000000000e+00,nan,nan,nan,nan,nan,nan
6.7961724692e-05,2.9532146158e-05,1.2359644200e+02,-2.9615872084e+01,-1.6794544434e+01,1.3196317082e+02,1.2958992098e+02,-2.2788023412e+01,1.2958992098e+02,2.2788023412e+01,0.0000000000e+00,nan,nan,nan,nan,nan,nan
6.2012136604e-05,3.1113923556e-05,1.2186929167e+02,-2.9393761764e+01,-1.6917401200e+01,1.3053049475e+02,1.2783776152e+02,-2.2885871045e+01,1.2783776152e+02,2.2885871045e+01,0.0000000000e+00,nan,nan,nan,nan,nan,nan
5.8680182182e-05,3.0990005871e-05,1.2334572378e+02,-2.8566515072e+01,-1.8141939392e+01,1.3214141048e+02,1.2889377110e+02,-2.3689986715e+01,1.2889377110e+02,2.3689986715e+01,0.0000000000e+00,nan,nan,nan,nan,nan,nan
5.5326809577e-05,3.0869337531e-05,1.2354603603e+02,-2.6786814374e+01,-1.9859932547e+01,1.3256906557e+02,1.2838183743e+02,-2.4695733955e+01,1.2838183743e+02,2.4695733955e+01,0.0000000000e+00,nan,nan,nan,nan,nan,nan
4.8561636630e-05,3.0635271073e-05,1.2462966513e+02,-2.3957524798e+01,-2.3001364545e+01,1.3441318806e+02,1.2841764060e+02,-2.6789340015e+01,1.2841764060e+02,2.6789340015e+01,0.0000000000e+00,nan,nan,nan,nan,nan,nan
4.5151840079e-05,3.0521476097e-05,1.2518090811e+02,-2.2651464920e+01,-2.4536976798e+01,1.3546181059e+02,1.2853087846e+02,-2.7886947152e+01,1.2853087846e+02,2.7886947152e+01,0.0000000000e+00,nan,nan,nan,nan,nan,nan
4.1724740700e-05,3.0410746257e-05,1.2573382449e+02,-2.1419078615e+01,-2.6040293950e+01,1.3657237946e+02,1.2869686531e+02,-2.9003334777e+01,1.2869686531e+02,2.9003334777e+01,0.0000000000e+00,nan,nan,nan,nan,nan,nan
3.4822181643e-05,3.0198924265e-05,1.2682864206e+02,-1.9168339924e+01,-2.8930342092e+01,1.3891461490e+02,1.2915154029e+02,-3.1253240326e+01,1.2915154029e+02,3.1253240326e+01,0.0000000000e+00,nan,nan,nan,nan,nan,nan
3.1348377357e-05,3.0098284266e-05,1.2735647272e+02,-1.8138667537e+01,-3.0310126619e+01,1.4010899034e+02,1.2941513634e+02,-3.2368790239e+01,1.2941513634e+02,3.2368790239e+01,0.0000000000e+00,nan,nan,nan,nan,nan,nan
2.7859896926e-05,3.0003611514e-05,1.2785754324e+02,-1.7165292754e+01,-3.1641620761e+01,1.4129198297e+02,1.2968292564e+02,-3.3467003165e+01,1.2968292564e+02,3.3467003165e+01,0.0000000000e+00,nan,nan,nan,nan,nan,nan
1.7321281246e-05,2.9737624973e-05,1.2921508365e+02,-1.4532229419e+01,-3.5321500480e+01,1.4469767112e+02,1.3048803096e+02,-3.6594447784e+01,1.3048803096e+02,3.6594447784e+01,0.0000000000e+00,nan,nan,nan,nan,nan,nan
1.3786375602e-05,2.9655749291e-05,1.2960786348e+02,-1.3732401575e+01,-3.6436353555e+01,1.4575125145e+02,1.3073527922e+02,-3.7563769300e+01,1.3073527922e+02,3.7563769300e+01,0.0000000000e+00,nan,nan,nan,nan,nan,nan
-4.4810661359e-07,2.9379169690e-05,1.3080376853e+02,-1.0792619034e+01,-4.0310986302e+01,1.4936332626e+02,1.3148134774e+02,-4.0988565509e+01,1.3148134774e+02,4.0988565509e+01,0.0000000000e+00,nan,nan,nan,nan,nan,nan
-4.0264567773e-06,2.9321022604e-05,1.3101440836e+02,-1.0102308106e+01,-4.1134281651e+01,1.5010772220e+02,1.3160479717e+02,-4.1724670467e+01,1.3160479717e+02,4.1724670467e+01,0.0000000000e+00,nan,nan,nan,nan,nan,nan
-2.2005186479e-05,2.9091288702e-05,1.3160593778e+02,-6.7630105880e+00,-4.4430825263e+01,1.5290106836e+02,1.3186502923e+02,-4.4689916716e+01,1.3186502923e+02,4.4689916716e+01,0.0000000000e+00,nan,nan,nan,nan,nan,nan
1.5796894662e-04,5.9618102355e-05,1.5146674484e+01,-6.7198709798e+00,-1.6720321172e+01,2.9950045379e+01,1.6504843418e+01,-1.8078490105e+01,1.6504861106e+01,1.8078490105e+01,0.0000000000e+00,nan,nan,nan,nan,nan,nan
1.6861398133e-04,1.3387065733e-04,-5.2308633189e+00,-3.1851302582e+00,-1.4703183158e+01,9.8831701019e+00,-4.2609723197e+00,-1.5673074157e+01,-2.0833466506e-04,1.5673074157e+01,0.0000000000e+00,nan,nan,nan,nan,nan,nan
1.3542704418e-04,1.2710067754e-04,-9.8601333808e+00,-9.2756791752e-01,-1.6953724422e+01,6.3521297814e+00,-9.7395250621e+00,-1.7074332741e+01,1.3906405325e-06,1.7074332741e+01,0.0000000000e+00,nan,nan,nan,nan,nan,nan
6.4119619649e-05,8.1852779041e-05,1.4948954349e+01,-8.7277964519e-01,-2.2508940741e+01,3.2478547109e+01,1.4971504720e+01,-2.2531491112e+01,1.4971504832e+01,2.2531491112e+01,0.0000000000e+00,nan,nan,nan,nan,nan,nan
-2.0699658446e-04,5.0071198909e-05,7.1248912586e+01,3.4332398198e+01,-2.9368439565e+01,1.0549086910e+02,8.1845418181e+01,-3.9964945161e+01,8.1845418181e+01,3.9964945161e+01,0.0000000000e+00,nan,nan,nan,nan,nan,nan
2.8572965780e-04,1.2206259837e-04,-2.6730700898e+00,-7.9270562653e+00,-7.0068521664e+00,1.4232932675e+01,3.3774263829e+00,-1.3057348639e+01,3.3774263827e+00,1.3057348639e+01,0.0000000000e+00,nan,nan,nan,nan,nan,nan
2.8524931142e-04,1.1820269586e-04,-2.7452343671e+00,-8.0175406288e+00,-7.1073367693e+00,1.4390556538e+01,3.3821061226e+00,-1.3234677259e+01,3.3821061232e+00,1.3234677259e+01,0.0000000000e+00,nan,nan,nan,nan,nan,nan
2.8914847110e-04,1.1908376335e-04,-2.8292581798e+00,-8.0531917702e+00,-6.7375712801e+00,1.4352333147e+01,3.5029086760e+00,-1.3069738136e+01,3.5029086759e+00,1.3069738136e+01,0.0000000000e+00,nan,nan,nan,nan,nan,nan
1.2341187028e-04,1.0141130629e-04,-4.2130761350e+00,-8.7701787158e-01,-1.7790412571e+01,1.1845588555e+01,-4.1626906120e+00,-1.7840798094e+01,-1.7087526366e-04,1.7840798094e+01,0.0000000000e+00,nan,nan,nan,nan,nan,nan
-1.8147876567e-04,1.5047360568e-05,1.7760222899e+02,2.7370192076e+01,-4.4426446247e+01,1.9803850365e+02,1.8092547477e+02,-4.7749692022e+01,1.8092547477e+02,4.7749692022e+01,0.0000000000e+00,nan,nan,nan,nan,nan,nan
-1.5444756279e-04,5.8993417271e-06,2.0108777352e+02,1.8777970683e+01,-4.9568211388e+01,2.1949659340e+02,2.0248619835e+02,-5.0966636223e+01,2.0248619835e+02,5.0966636223e+01,0.0000000000e+00,nan,nan,nan,nan,nan,nan
-1.5836330296e-04,5.9021532221e-06,2.0188315272e+02,1.9633545812e+01,-4.9238943795e+01,2.2011982258e+02,2.0340834328e+02,-5.0764134357e+01,2.0340834328e+02,5.0764134357e+01,0.0000000000e+00,nan,nan,nan,nan,nan,nan
2.0453005032e-04,1.5312693965e-04,1.1552126485e+00,-6.0366557467e+00,-1.1419997982e+01,1.5095845052e+01,3.5831975377e+00,-1.3847982871e+01,3.5832420677e+00,1.3847982871e+01,0.0000000000e+00,nan,nan,nan,nan,nan,nan
2.0820283482e-04,1.5052860641e-04,6.1309303789e-01,-6.1314471413e+00,-1.1309468871e+01,1.4810812010e+01,3.2028383843e+00,-1.3899214217e+01,3.2029236108e+00,1.3899214217e+01,0.0000000000e+00,nan,nan,nan,nan,nan,nan
-5.3664749126e-05,5.7421701386e-05,6.8841813455e+01,-1.4193494214e+00,-4.2106105847e+01,9.6114492263e+01,6.8859581785e+01,-4.2123874177e+01,6.8859581785e+01,4.2123874177e+01,0.0000000000e+00,nan,nan,nan,nan,nan,nan
-2.8805030290e-04,4.5025003076e-05,5.2258631036e+01,3.7954481682e+01,-3.5697288069e+00,8.1587965129e+01,7.1449284744e+01,-2.2760382515e+01,7.1449284744e+01,2.2760382515e+01,0.0000000000e+00,nan,nan,nan,nan,nan,nan
-2.8581998529e-04,4.4070346992e-05,5.5768331314e+01,3.9382963798e+01,-3.7517951826e+00,8.5488113504e+01,7.5364853410e+01,-2.3348317279e+01,7.5364853410e+01,2.3348317279e+01,0.0000000000e+00,nan,nan,nan,nan,nan,nan
-3.0657010164e-04,2.4485276906e-05,9.9221301850e+01,4.9367342521e+01,3.8434137254e+00,1.1889292555e+02,1.2017522036e+02,-1.7110504784e+01,1.2017522036e+02,1.7110504784e+01,0.0000000000e+00,nan,nan,nan,nan,nan,nan
-1.8153273931e-04,2.6214913332e-05,1.4146350607e+02,2.9043073178e+01,-4.1185769895e+01,1.6598303838e+02,1.4596921998e+02,-4.5691483802e+01,1.4596921998e+02,4.5691483802e+01,0.0000000000e+00,nan,nan,nan,nan,nan,nan
-2.2265829367e-04,2.5258047103e-05,1.4778294110e+02,4.2336505057e+01,-3.2332220954e+01,1.7235689117e+02,1.5723565759e+02,-4.1784937438e+01,1.5723565759e+02,4.1784937438e+01,0.0000000000e+00,nan,nan,nan,nan,nan,nan
-2.2606885446e-04,2.5349753639e-05,1.4751232133e+02,4.3535285010e+01,-3.1197950611e+01,1.7215564946e+02,1.5755129592e+02,-4.1236925195e+01,1.5755129592e+02,4.1236925195e+01,0.0000000000e+00,nan,nan,nan,nan,nan,nan
-2.1552392025e-04,4.8747373213e-05,7.2383666379e+01,3.6660380651e+01,-2.7599763665e+01,1.0737163803e+02,8.4382995477e+01,-3.9599092762e+01,8.4382995477e+01,3.9599092762e+01,0.0000000000e+00,nan,nan,nan,nan,nan,nan
-2.7649546126e-04,4.0820897727e-05,7.0223621694e+01,4.4628249257e+01,-6.3207273299e+00,1.0182418353e+02,9.0739666952e+01,-2.6836772588e+01,9.0739666952e+01,2.6836772588e+01,0.0000000000e+00,nan,nan,nan,nan,nan,nan
-2.5690541801e-04,5.0014912624e-05,5.1447958017e+01,4.1870163569e+01,-1.4918760030e+01,9.2528320596e+01,7.1685849797e+01,-3.5156651811e+01,7.1685849797e+01,3.5156651811e+01,0.0000000000e+00,nan,nan,nan,nan,nan,nan
-2.3838962159e-04,5.3284620476e-05,5.1861844691e+01,3.8997180538e+01,-2.0485729130e+01,9.2125066890e+01,6.8876489948e+01,-3.7500374388e+01,6.8876489948e+01,3.7500374388e+01,0.0000000000e+00,nan,nan,nan,nan,nan,nan
2.3103680274e-04,1.4577867434e-04,-2.6997953641e-01,-6.6151979944e+00,-1.0298003308e+01,1.4376291794e+01,3.0161645150e+00,-1.3584147359e+01,3.0161694291e+00,1.3584147359e+01,0.0000000000e+00,nan,nan,nan,nan,nan,nan
2.3459998578e-04,1.4305014850e-04,-6.1766939103e-01,-6.7066606079e+00,-1.0160914145e+01,1.4255543114e+01,2.8411498867e+00,-1.3619733423e+01,2.8411541550e+00,1.3619733423e+01,0.0000000000e+00,nan,nan,nan,nan,nan,nan
-3.2893801727e-04,6.6100832232e-06,1.8560217543e+02,7.6651991342e+01,1.1692600490e+01,2.0076511701e+02,2.1455918231e+02,-1.7264406388e+01,2.1455918231e+02,1.7264406388e+01,0.0000000000e+00,nan,nan,nan,nan,nan,nan
-3.2531956663e-04,6.3413953926e-06,2.0321695531e+02,8.0167953456e+01,1.2034857255e+01,2.1607688105e+02,2.3237795172e+02,-1.7126139156e+01,2.3237795172e+02,1.7126139156e+01,0.0000000000e+00,nan,nan,nan,nan,nan,nan
-9.6217662478e-05,5.4012971759e-05,7.4182957997e+01,7.2345655003e+00,-4.2215157270e+01,1.0157855568e+02,7.4630306828e+01,-4.2662506102e+01,7.4630306828e+01,4.2662506102e+01,0.0000000000e+00,nan,nan,nan,nan,nan,nan
-9.5763446127e-05,5.7535395552e-05,6.7547745684e+01,7.0084090545e+00,-4.1466141456e+01,9.5184944689e+01,6.7995855553e+01,-4.1914251325e+01,6.7995855553e+01,4.1914251325e+01,0.0000000000e+00,nan,nan,nan,nan,nan,nan
-2.8529936883e-04,6.5252758487e-06,2.6051095154e+02,7.0706414782e+01,9.6316936651e-01,2.5595955513e+02,2.7851537851e+02,-1.7041257606e+01,2.7851537851e+02,1.7041257606e+01,0.0000000000e+00,nan,nan,nan,nan,nan,nan
1.2759242917e-04,1.5597904759e-04,-3.9704051722e-01,-1.4157951141e+00,-1.7239612333e+01,1.4799000456e+01,-2.7411952813e-01,-1.7362533322e+01,1.6631858806e-01,1.7362533322e+01,0.0000000000e+00,nan,nan,nan,nan,nan,nan
3.3770020988e-04,8.7523455216e-05,-4.8126476842e+00,-9.5289193285e+00,-5.3906750916e-01,1.6911906335e+01,7.0882360786e+00,-1.2439951272e+01,7.0882360786e+00,1.2439951272e+01,0.0000000000e+00,nan,nan,nan,nan,nan,nan
-2.9468876573e-04,3.9980222040e-05,6.1644729951e+01,3.6672812068e+01,-1.6369261534e-01,8.3076013231e+01,7.8704477270e+01,-1.7223439934e+01,7.8704477270e+01,1.7223439934e+01,0.0000000000e+00,nan,nan,nan,nan,nan,nan
1.8120128739e-04,1.5691949230e-04,2.3705746298e+00,-5.4473435541e+00,-1.2334504152e+01,1.5847037039e+01,4.1673263392e+00,-1.4131255861e+01,4.1669092360e+00,1.4131255861e+01,0.0000000000e+00,nan,nan,nan,nan,nan,nan
1.8900113420e-04,1.5578004344e-04,1.9520099514e+00,-5.6652810336e+00,-1.2031642994e+01,1.5584763117e+01,3.9580506595e+00,-1.4037683702e+01,3.9578101575e+00,1.4037683702e+01,0.0000000000e+00,nan,nan,nan,nan,nan,nan
3.5354053766e-04,6.6829827368e-05,-5.1625560771e+00,-1.0747065004e+01,3.5465199547e+00,2.0080074734e+01,1.0785218492e+01,-1.2401254614e+01,1.0785218492e+01,1.2401254614e+01,0.0000000000e+00,nan,nan,nan,nan,nan,nan
-2.0448127475e-04,9.1538670458e-05,-8.5997092517e-01,1.9611425108e+01,-2.4766151544e+01,3.9776677492e+01,1.0152014223e+01,-3.5778136692e+01,1.0152014223e+01,3.5778136692e+01,0.0000000000e+00,nan,nan,nan,nan,nan,nan
3.7695188158e-04,8.3585788424e-06,4.9688239531e+00,-1.6484616867e+01,1.4676716266e+01,2.9756873205e+01,2.7002908864e+01,-7.3573686457e+00,2.7002908864e+01,7.3546118461e+00,0.0000000000e+00,nan,nan,nan,nan,nan,nan
3.6534229307e-04,7.9965172341e-06,2.0390869173e+00,-1.4136373831e+01,7.2580800134e+00,2.4897030737e+01,1.9022890863e+01,-9.7257239326e+00,1.9022890863e+01,9.7257647643e+00,0.0000000000e+00,nan,nan,nan,nan,nan,nan
3.2923044116e-04,7.1050774612e-06,-2.8642493202e+00,-1.1108395590e+01,-7.8444250387e+00,1.9708924468e+01,6.0246156674e+00,-1.6733290026e+01,6.0246156674e+00,1.6733290026e+01,0.0000000000e+00,nan,nan,nan,nan,nan,nan
2.9674506993e-04,6.1836964445e-06,2.1261378050e+01,-2.1203649155e+01,-5.9241959893e+00,4.3623604218e+01,3.2854690668e+01,-1.7517508608e+01,3.2854690667e+01,1.7517508608e+01,0.0000000000e+00,nan,nan,nan,nan,nan,nan
2.7286564475e-04,5.8676706952e-06,2.4539380723e+01,-2.0934568323e+01,-1.1169194522e+01,4.7646714027e+01,3.4193936270e+01,-2.0823750069e+01,3.4193936268e+01,2.0823750069e+01,0.0000000000e+00,nan,nan,nan,nan,nan,nan
-1.9321379654e-04,9.6271151567e-05,-2.0986880949e+00,1.7759496635e+01,-2.5863411177e+01,3.7007727674e+01,7.3853718984e+00,-3.5347471171e+01,7.3853718124e+00,3.5347471171e+01,0.0000000000e+00,nan,nan,nan,nan,nan,nan
3.1041610703e-04,1.0859773410e-04,-3.6616714518e+00,-8.5932638927e+00,-4.6122656618e+00,1.4905282542e+01,4.4686003310e+00,-1.2742537445e+01,4.4686003310e+00,1.2742537445e+01,0.0000000000e+00,nan,nan,nan,nan,nan,nan
3.5393389770e-04,7.0991917067e-05,-5.4738785806e+00,-1.0274154860e+01,3.3744909552e+00,1.9371009158e+01,1.0134163539e+01,-1.2233551165e+01,1.0134163539e+01,1.2233551165e+01,0.0000000000e+00,nan,nan,nan,nan,nan,nan
-4.0470512959e-05,2.9736505707e-06,2.0249632737e+02,-2.1709742642e+00,-5.1254692390e+01,2.1978662341e+02,2.0251468368e+02,-5.1273048697e+01,2.0251468368e+02,5.1273048697e+01,0.0000000000e+00,nan,nan,nan,nan,nan,nan
-1.3956675609e-04,2.9469690399e-06,2.0739201796e+02,1.5167329789e+01,-5.1238540801e+01,2.2551526841e+02,2.0827803950e+02,-5.2124562340e+01,2.0827803950e+02,5.2124562340e+01,0.0000000000e+00,nan,nan,nan,nan,nan,nan
1.9277117383e-04,1.5327850391e-04,1.2510995702e+00,-5.7690354990e+00,-1.1931779465e+01,1.5170430726e+01,3.4183123160e+00,-1.4098992211e+01,3.4178907286e+00,1.4098992211e+01,0.0000000000e+00,nan,nan,nan,nan,nan,nan
-3.3096176504e-04,4.0770708519e-05,4.1753542619e+01,2.9352418620e+01,-2.4566868392e+00,6.3649604642e+01,5.6396544264e+01,-1.7099688484e+01,5.6396544264e+01,1.7099688472e+01,0.0000000000e+00,nan,nan,nan,nan,nan,nan
-3.0273941435e-04,2.6170207724e-05,9.7098675574e+01,4.8481477200e+01,3.4640386102e+00,1.1674088041e+02,1.1768173582e+02,-1.7119021639e+01,1.1768173582e+02,1.7119021639e+01,0.0000000000e+00,nan,nan,nan,nan,nan,nan
-2.9725699551e-04,2.4639925671e-05,1.1055391684e+02,5.2046877948e+01,4.1195328561e+00,1.2893320801e+02,1.3177634720e+02,-1.7102897505e+01,1.3177634720e+02,1.7102897505e+01,0.0000000000e+00,nan,nan,nan,nan,nan,nan
-2.3001806642e-04,5.0094712819e-05,6.3937028099e+01,3.9152940899e+01,-2.3372161534e+01,1.0156344943e+02,7.8920118148e+01,-3.8355251583e+01,7.8920118148e+01,3.8355251583e+01,0.0000000000e+00,nan,nan,nan,nan,nan,nan
-2.3960836470e-04,2.5817743666e-05,1.4508175881e+02,4.8196037195e+01,-2.5891985709e+01,1.6997341702e+02,1.5772908462e+02,-3.8539311520e+01,1.5772908462e+02,3.8539311520e+01,0.0000000000e+00,nan,nan,nan,nan,nan,nan
1.8855913607e-04,1.4827202449e-04,-1.4550180969e-01,-5.5577141400e+00,-1.2278724371e+01,1.4249519957e+01,2.0148510926e+00,-1.4439077273e+01,2.0090525014e+00,1.4439077273e+01,0.0000000000e+00,nan,nan,nan,nan,nan,nan
1.8420680906e-04,1.3942881196e-04,-2.6020779806e+00,-4.8802426726e+00,-1.2943684258e+01,1.2314600694e+01,-6.6304309374e-01,-1.4882719145e+01,-3.6018071892e-02,1.4882719145e+01,0.0000000000e+00,nan,nan,nan,nan,nan,nan
1.8031107692e-04,1.3809686178e-04,-3.2089370454e+00,-4.5302716845e+00,-1.3294487658e+01,1.1740659211e+01,-1.4732395960e+00,-1.5030185108e+01,1.6667005520e-02,1.5030185108e+01,0.0000000000e+00,nan,nan,nan,nan,nan,nan
-1.7610405695e-04,4.8555496166e-05,8.0369302084e+01,2.6839334585e+01,-3.5761966301e+01,1.1079440772e+02,8.6270849013e+01,-4.1663513230e+01,8.6270849013e+01,4.1663513230e+01,0.0000000000e+00,nan,nan,nan,nan,nan,nan
1.5009972826e-04,1.3749029992e-04,-6.3776620823e+00,-2.1855015040e+00,-1.6527474583e+01,9.5726752988e+00,-5.9257816722e+00,-1.6979354994e+01,-1.6235026728e-04,1.6979354994e+01,0.0000000000e+00,nan,nan,nan,nan,nan,nan
-1.6374484722e-04,2.6041763638e-05,1.4060304257e+02,2.3988097620e+01,-4.3654501590e+01,1.6489053884e+02,1.4367386747e+02,-4.6725326498e+01,1.4367386747e+02,4.6725326498e+01,0.0000000000e+00,nan,nan,nan,nan,nan,nan
-1.5292219091e-04,2.5958834032e-05,1.4010535274e+02,2.1108102811e+01,-4.4856589643e+01,1.6429969649e+02,1.4248285555e+02,-4.7234092452e+01,1.4248285555e+02,4.7234092452e+01,0.0000000000e+00,nan,nan,nan,nan,nan,nan
-1.2795069882e-04,5.8043341360e-05,6.5039612348e+01,1.4227126778e+01,-3.9223101212e+01,9.3594900943e+01,6.6945296823e+01,-4.1128785686e+01,6.6945296823e+01,4.1128785686e+01,0.0000000000e+00,nan,nan,nan,nan,nan,nan
-2.3915971746e-04,8.0753229997e-05,-4.5052246204e+00,2.3428364092e+01,-1.9954045295e+01,4.2719880986e+01,1.2434699829e+01,-3.6893969744e+01,1.2434699829e+01,3.6893969744e+01,0.0000000000e+00,nan,nan,nan,nan,nan,nan
-2.3894195885e-04,7.5972230901e-05,3.2315592849e+00,2.6517073659e+01,-1.9631247799e+01,5.0008106275e+01,2.0672349362e+01,-3.7072037877e+01,2.0672349362e+01,3.7072037877e+01,0.0000000000e+00,nan,nan,nan,nan,nan,nan
9.5785367199e-05,1.1759842546e-04,-9.1117443252e+00,3.8970186411e+00,-2.1493126431e+01,1.2684211953e+01,-7.9792021927e+00,-2.2625668564e+01,-6.6926675136e-06,2.2625668614e+01,0.0000000000e+00,nan,nan,nan,nan,nan,nan
8.0956589179e-05,1.1596066318e-04,-6.5294232066e+00,4.7195647298e+00,-2.0478944047e+01,1.4610331140e+01,-5.0689050097e+00,-2.1939462243e+01,7.8259849645e-05,2.1939462342e+01,0.0000000000e+00,nan,nan,nan,nan,nan,nan
1.8401641328e-04,6.1889190866e-05,9.3409387092e+00,-7.3616521704e+00,-1.4978716656e+01,2.4628245665e+01,1.1400235291e+01,-1.7038013238e+01,1.1402260104e+01,1.7038013238e+01,0.0000000000e+00,nan,nan,nan,nan,nan,nan
6.2765229458e-05,1.1480653533e-04,-3.7631239701e+00,6.7642896000e+00,-1.8909510733e+01,1.7595059437e+01,-1.1778050496e+00,-2.1494829654e+01,1.0900070292e-01,2.1494829864e+01,0.0000000000e+00,nan,nan,nan,nan,nan,nan
2.6584865331e-04,8.8034114109e-05,-3.1437229979e+00,-7.2125276022e+00,-1.0179179614e+01,1.3898070179e+01,1.3626032532e+00,-1.4685505865e+01,1.3629248286e+00,1.4685505865e+01,0.0000000000e+00,nan,nan,nan,nan,nan,nan
2.1888127782e-05,2.6525573152e-05,1.3825019231e+02,-1.5752661528e+01,-3.4620582994e+01,1.5217503501e+02,1.3967310209e+02,-3.6043492769e+01,1.3967310209e+02,3.6043492769e+01,0.0000000000e+00,nan,nan,nan,nan,nan,nan
3.0709930043e-04,1.1172589953e-04,-3.5250804201e+00,-8.4524675314e+00,-4.9830923940e+00,1.4693143904e+01,4.2290041811e+00,-1.2737176995e+01,4.2290041811e+00,1.2737176995e+01,0.0000000000e+00,nan,nan,nan,nan,nan,nan
1.8558411418e-04,1.1406521109e-04,-6.3812567226e+00,-2.8075987625e+00,-1.4790326001e+01,8.7526260324e+00,-5.5324603660e+00,-1.5639122358e+01,7.6694784795e-07,1.5639122358e+01,0.0000000000e+00,nan,nan,nan,nan,nan,nan
-1.0011732980e-04,3.8682521450e-05,1.0666441088e+02,8.5537804895e+00,-4.5465584799e+01,1.3257793854e+02,1.0714332155e+02,-4.5944495463e+01,1.0714332155e+02,4.5944495463e+01,0.0000000000e+00,nan,nan,nan,nan,nan,nan
-1.0359212622e-04,3.8701722392e-05,1.0655227168e+02,9.3363852059e+00,-4.5316069577e+01,1.3251130801e+02,1.0712354040e+02,-4.5887338302e+01,1.0712354040e+02,4.5887338302e+01,0.0000000000e+00,nan,nan,nan,nan,nan,nan
-1.0849572410e-04,4.0400306897e-05,1.0252247526e+02,1.0421898910e+01,-4.4692874926e+01,1.2876278812e+02,1.0325603055e+02,-4.5426430218e+01,1.0325603055e+02,4.5426430218e+01,0.0000000000e+00,nan,nan,nan,nan,nan,nan
-1.1193784387e-04,4.0426341371e-05,1.0238940507e+02,1.1217499972e+01,-4.4500682402e+01,1.2868468976e+02,1.0324050160e+02,-4.5351778939e+01,1.0324050160e+02,4.5351778939e+01,0.0000000000e+00,nan,nan,nan,nan,nan,nan
-1.1745127922e-04,3.8798904993e-05,1.0608034416e+02,1.2539601552e+01,-4.4554423667e+01,1.3224810114e+02,1.0711643704e+02,-4.5590516548e+01,1.0711643704e+02,4.5590516548e+01,0.0000000000e+00,nan,nan,nan,nan,nan,nan
-1.2223767543e-04,4.0516957463e-05,1.0196429589e+02,1.3645697960e+01,-4.3829395808e+01,1.2845296634e+02,1.0322980474e+02,-4.5094904653e+01,1.0322980474e+02,4.5094904653e+01,0.0000000000e+00,nan,nan,nan,nan,nan,nan
-1.2566110034e-04,4.0551447712e-05,1.0181194412e+02,1.4468612270e+01,-4.3574217087e+01,1.2837664043e+02,1.0323715142e+02,-4.4999424394e+01,1.0323715142e+02,4.4999424394e+01,0.0000000000e+00,nan,nan,nan,nan,nan,nan
-1.3123584497e-04,3.8927826816e-05,1.0555467427e+02,1.5857538532e+01,-4.3537738909e+01,1.3200553176e+02,1.0722189698e+02,-4.5204961617e+01,1.0722189698e+02,4.5204961617e+01,0.0000000000e+00,nan,nan,nan,nan,nan,nan
2.5162743101e-04,9.5843810354e-05,-3.4270172497e+00,-6.5298552601e+00,-1.0943354489e+01,1.3048605738e+01,3.4843016615e-01,-1.4718801905e+01,3.4580055556e-01,1.4718801905e+01,0.0000000000e+00,nan,nan,nan,nan,nan,nan
2.8946582536e-04,4.5496661304e-05,-1.9340028796e+00,-8.0812625435e+00,-1.0805239665e+01,1.5964755079e+01,2.8476343701e+00,-1.5586876914e+01,2.8476229630e+00,1.5586876914e+01,0.0000000000e+00,nan,nan,nan,nan,nan,nan
3.6577284016e-04,4.4510152666e-05,-4.5458154498e+00,-1.2814288869e+01,9.0364395610e+00,2.5110357086e+01,1.6742783479e+01,-1.2252159367e+01,1.6742783479e+01,1.2252159284e+01,0.0000000000e+00,nan,nan,nan,nan,nan,nan
3.6921748582e-04,4.5091267726e-05,-5.2151366182e+00,-1.2322062051e+01,1.0307728157e+01,2.5214395188e+01,1.7103833619e+01,-1.2011242080e+01,1.7103833619e+01,1.2011241899e+01,0.0000000000e+00,nan,nan,nan,nan,nan,nan
-2.6708304537e-04,6.7858675277e-05,-1.3396463781e+00,2.9171060593e+01,-1.3508865019e+01,5.1597126234e+01,2.2365359018e+01,-3.7213870418e+01,2.2365359018e+01,3.7213870418e+01,0.0000000000e+00,nan,nan,nan,nan,nan,nan
3.6181517503e-04,3.9694946877e-05,-3.1851595082e+00,-1.3788109971e+01,7.6519918161e+00,2.5651094498e+01,1.7043082467e+01,-1.2576250159e+01,1.7043082467e+01,1.2576250086e+01,0.0000000000e+00,nan,nan,nan,nan,nan,nan
-1.4485207095e-04,5.4837701442e-05,6.9967044069e+01,1.8438858261e+01,-3.8339491289e+01,9.9082648033e+01,7.3019169904e+01,-4.1391617124e+01,7.3019169904e+01,4.1391617124e+01,0.0000000000e+00,nan,nan,nan,nan,nan,nan
2.2146017733e-04,9.9285792768e-05,-4.6562438033e+00,-4.6555971962e+00,-1.3039739871e+01,1.0849105709e+01,-2.5842577359e+00,-1.5111725939e+01,3.3891719269e-05,1.5111725939e+01,0.0000000000e+00,nan,nan,nan,nan,nan,nan
2.5618357153e-04,1.3003244995e-04,-1.8575287451e+00,-7.2444207857e+00,-9.1391690651e+00,1.4042583167e+01,2.6091402666e+00,-1.3605838077e+01,2.6091393746e+00,1.3605838077e+01,0.0000000000e+00,nan,nan,nan,nan,nan,nan
2.6060041977e-04,1.3479942158e-04,-1.6140608677e+00,-7.2764786025e+00,-8.7478460086e+00,1.4035250333e+01,2.9223021198e+00,-1.3284208996e+01,2.9223020559e+00,1.3284208996e+01,0.0000000000e+00,nan,nan,nan,nan,nan,nan
-2.0406012368e-04,7.6241569374e-05,1.9860012636e+01,2.5407323700e+01,-2.5595335283e+01,5.9041116107e+01,3.1219742954e+01,-3.6955065601e+01,3.1219742954e+01,3.6955065601e+01,0.0000000000e+00,nan,nan,nan,nan,nan,nan
-1.6739267801e-04,8.6964890984e-05,1.5460631768e+01,1.8131860343e+01,-2.9432345272e+01,4.9976010913e+01,2.1867806601e+01,-3.5839520105e+01,2.1867806503e+01,3.5839520105e+01,0.0000000000e+00,nan,nan,nan,nan,nan,nan
-2.5230744315e-04,4.0424990084e-05,8.4200896852e+01,4.6487840982e+01,-1.7110385343e+01,1.1908006054e+02,1.0229616076e+02,-3.5205649254e+01,1.0229616076e+02,3.5205649254e+01,0.0000000000e+00,nan,nan,nan,nan,nan,nan
-2.4949787808e-04,4.0052837168e-05,8.6746657719e+01,4.6331839109e+01,-1.8307143916e+01,1.2130899210e+02,1.0425753615e+02,-3.5818022343e+01,1.0425753615e+02,3.5818022343e+01,0.0000000000e+00,nan,nan,nan,nan,nan,nan
3.3179549851e-04,4.0048206161e-05,-1.2282911076e+00,-1.2105467214e+01,-3.3288697641e+00,2.1042263560e+01,9.8701760950e+00,-1.4427336967e+01,9.8701760950e+00,1.4427336967e+01,0.0000000000e+00,nan,nan,nan,nan,nan,nan
-2.2953834506e-04,4.3996873189e-05,8.1533566948e+01,4.1233515447e+01,-2.4707103560e+01,1.1646848624e+02,9.5656343576e+01,-3.8829880188e+01,9.5656343576e+01,3.8829880188e+01,0.0000000000e+00,nan,nan,nan,nan,nan,nan
-2.3870953778e-04,6.8939902892e-05,1.6113770263e+01,3.0759110374e+01,-1.9491851978e+01,6.1550254111e+01,3.3847014922e+01,-3.7225096637e+01,3.3847014922e+01,3.7225096637e+01,0.0000000000e+00,nan,nan,nan,nan,nan,nan
-2.8049856895e-04,2.1393170225e-05,1.5085760335e+02,5.9543520873e+01,1.9996061691e+00,1.6508482056e+02,1.7174037035e+02,-1.8883160830e+01,1.7174037035e+02,1.8883160830e+01,0.0000000000e+00,nan,nan,nan,nan,nan,nan
2.7595011790e-04,1.0493032398e-04,-2.8665087673e+00,-7.9215624028e+00,-8.3429880339e+00,1.4516369315e+01,2.7762813311e+00,-1.3985778132e+01,2.7762813065e+00,1.3985778132e+01,0.0000000000e+00,nan,nan,nan,nan,nan,nan
9.8570283467e-05,1.4308695629e-04,-7.9400285505e+00,-2.4149955795e+00,-1.8091283905e+01,9.7349382342e+00,-7.3951870175e+00,-1.8636125438e+01,3.6550834937e-03,1.8636127360e+01,0.0000000000e+00,nan,nan,nan,nan,nan,nan
3.0572969324e-04,4.7847304866e-05,-1.6822426496e+00,-9.6083300176e+00,-8.1526737557e+00,1.7557934477e+01,5.2196199943e+00,-1.5054536400e+01,5.2196200076e+00,1.5054536400e+01,0.0000000000e+00,nan,nan,nan,nan,nan,nan
1.8004759224e-04,1.3429023555e-04,-4.0637376885e+00,-4.1890909506e+00,-1.3586780722e+01,1.0983640892e+01,-2.4838511793e+00,-1.5166667231e+01,-2.6209581550e-03,1.5166667231e+01,0.0000000000e+00,nan,nan,nan,nan,nan,nan
7.2762114741e-05,1.1456586586e-04,-4.7875399832e+00,5.2816353725e+00,-1.9971877283e+01,1.6040707968e+01,-3.1186015700e+00,-2.1640815696e+01,-2.4698264092e-03,2.1640815846e+01,0.0000000000e+00,nan,nan,nan,nan,nan,nan
-1.8950174288e-04,9.1463644597e-05,4.3941815579e+00,1.9124390796e+01,-2.6457793004e+01,4.2554378150e+01,1.3536975957e+01,-3.5600587404e+01,1.3536975964e+01,3.5600587404e+01,0.0000000000e+00,nan,nan,nan,nan,nan,nan
1.2097277137e-04,1.5230804066e-04,-1.2435336529e+00,-1.7834065735e+00,-1.7069951273e+01,1.4053358532e+01,-1.0430321316e+00,-1.7270452795e+01,-8.9748813140e-02,1.7270452794e+01,0.0000000000e+00,nan,nan,nan,nan,nan,nan
-1.0871531321e-04,6.6766500960e-05,5.0941550572e+01,9.4346090786e+00,-3.8733541486e+01,7.9360252145e+01,5.1922667482e+01,-3.9714658396e+01,5.1922667482e+01,3.9714658396e+01,0.0000000000e+00,nan,nan,nan,nan,nan,nan
1.5071408519e-04,1.0168646669e-04,-6.7446354647e+00,-1.0771628470e+00,-1.6902602190e+01,8.9982849020e+00,-6.6284566170e+00,-1.7018781038e+01,2.3910834393e-04,1.7018781038e+01,0.0000000000e+00,nan,nan,nan,nan,nan,nan
1.5118565267e-04,1.0530866066e-04,-7.5029021769e+00,-8.9660210847e-01,-1.6929727750e+01,8.3159039777e+00,-7.4151255634e+00,-1.7017504364e+01,-4.3699985323e-05,1.7017504364e+01,0.0000000000e+00,nan,nan,nan,nan,nan,nan
-8.9421126951e-05,1.0519790517e-04,1.7784931058e+00,5.2950058759e+00,-3.2702920667e+01,3.1236113558e+01,2.5719647906e+00,-3.3496392352e+01,2.6107454836e+00,3.3496392352e+01,0.0000000000e+00,nan,nan,nan,nan,nan,nan
1.8799012056e-04,8.2700467892e-05,-5.7713707572e+00,-1.8372861709e+00,-1.6684024820e+01,9.9733710651e+00,-5.4695693195e+00,-1.6985826258e+01,2.5041922409e-03,1.6985826258e+01,0.0000000000e+00,nan,nan,nan,nan,nan,nan
1.1420598937e-04,1.5208348676e-04,-5.9745820035e-01,-1.9498741699e+00,-1.6798958280e+01,1.4432497051e+01,-3.6560218231e-01,-1.7030814298e+01,1.0574310963e-03,1.7030814288e+01,0.0000000000e+00,nan,nan,nan,nan,nan,nan
-2.0701600784e-04,9.2077389158e-05,-2.4653313850e+00,1.9401129896e+01,-2.4490307262e+01,3.8636194690e+01,8.8287980812e+00,-3.5784436728e+01,8.8287980812e+00,3.5784436728e+01,0.0000000000e+00,nan,nan,nan,nan,nan,nan
-2.1163411700e-04,9.0595384662e-05,-2.6509486635e+00,1.9947823745e+01,-2.3969924633e+01,3.9170470559e+01,9.3046450618e+00,-3.5925518362e+01,9.3046450610e+00,3.5925518362e+01,0.0000000000e+00,nan,nan,nan,nan,nan,nan
-2.1339173922e-04,8.6446086426e-05,1.6524002312e+00,2.1714075317e+01,-2.3712380355e+01,4.3551189816e+01,1.4114301105e+01,-3.6174281230e+01,1.4114301105e+01,3.6174281229e+01,0.0000000000e+00,nan,nan,nan,nan,nan,nan
-2.1590564588e-04,8.6922301647e-05,-6.9735287015e-02,2.1474598335e+01,-2.3399374402e+01,4.2324227674e+01,1.2701349396e+01,-3.6170459085e+01,1.2701349396e+01,3.6170459085e+01,0.0000000000e+00,nan,nan,nan,nan,nan,nan
-2.2056780274e-04,8.5598169706e-05,-5.6613298586e-01,2.1971814916e+01,-2.2775437475e+01,4.2636602038e+01,1.2945468433e+01,-3.6287038894e+01,1.2945468433e+01,3.6287038894e+01,0.0000000000e+00,nan,nan,nan,nan,nan,nan
-2.2549441123e-04,8.6672227636e-05,-4.4033094950e+00,2.1170813233e+01,-2.2229489712e+01,3.9781523990e+01,9.6514739812e+00,-3.6284273188e+01,9.6514739812e+00,3.6284273188e+01,0.0000000000e+00,nan,nan,nan,nan,nan,nan
1.1164973220e-04,1.1576610134e-04,-8.8129033662e+00,1.0838488785e+00,-1.9032263223e+01,9.0193749661e+00,-8.7152447298e+00,-1.9129921859e+01,-7.7801280542e-07,1.9129921859e+01,0.0000000000e+00,nan,nan,nan,nan,nan,nan
1.0854743668e-04,1.1755451243e-04,-9.6542048144e+00,1.8229964983e+00,-1.9904651825e+01,9.3980080766e+00,-9.3534858268e+00,-2.0205370813e+01,-1.0881955823e-06,2.0205370812e+01,0.0000000000e+00,nan,nan,nan,nan,nan,nan
3.4290411077e-04,6.8701010471e-05,-4.2457835769e+00,-1.0942393767e+01,9.1949170316e-01,1.9469670989e+01,9.5776738495e+00,-1.2903965723e+01,9.5776738495e+00,1.2903965723e+01,0.0000000000e+00,nan,nan,nan,nan,nan,nan
-1.5870960691e-04,3.4218583547e-05,1.1734167059e+02,2.2936160358e+01,-4.2035041276e+01,1.4362597959e+02,1.2057581263e+02,-4.5269183324e+01,1.2057581263e+02,4.5269183324e+01,0.0000000000e+00,nan,nan,nan,nan,nan,nan
-1.6216396732e-04,3.4264769052e-05,1.1723781089e+02,2.3870742947e+01,-4.1603458774e+01,1.4363789157e+02,1.2074655142e+02,-4.5112199306e+01,1.2074655142e+02,4.5112199306e+01,0.0000000000e+00,nan,nan,nan,nan,nan,nan
2.7937379621e-04,1.0195622851e-04,-2.9100075788e+00,-8.0644081619e+00,-8.1311974113e+00,1.4680773576e+01,2.9553460811e+00,-1.3996551071e+01,2.9553462452e+00,1.3996551071e+01,0.0000000000e+00,nan,nan,nan,nan,nan,nan
-2.6980991859e-05,7.4190266563e-06,1.9115921357e+02,-4.7915974241e+00,-4.9094705466e+01,2.0823097934e+02,1.9125446603e+02,-4.9189957925e+01,1.9125446603e+02,4.9189957925e+01,0.0000000000e+00,nan,nan,nan,nan,nan,nan
1.4782724117e-04,3.4066156648e-05,4.4006736422e+01,-1.2007861886e+01,-1.9208686686e+01,5.8564134048e+01,4.6211043425e+01,-2.1412993689e+01,4.6211043425e+01,2.1412993689e+01,0.0000000000e+00,nan,nan,nan,nan,nan,nan
1.3913047128e-04,1.3619504220e-04,-7.5120600326e+00,-1.8246730668e+00,-1.6727184205e+01,8.5872818269e+00,-7.1617526445e+00,-1.7077491593e+01,-6.1729556528e-05,1.7077491593e+01,0.0000000000e+00,nan,nan,nan,nan,nan,nan
9.3300276681e-05,9.6040218108e-05,1.0769609312e-01,1.8056011349e+00,-2.2508730846e+01,1.9842287667e+01,2.5543274954e-01,-2.2656467503e+01,3.6931740008e-01,2.2656467503e+01,0.0000000000e+00,nan,nan,nan,nan,nan,nan
-1.2627351383e-04,9.2380940553e-05,1.4702608083e+01,1.1298411629e+01,-3.2493399629e+01,4.5314367640e+01,1.7266866582e+01,-3.5057658128e+01,1.7266865945e+01,3.5057658128e+01,0.0000000000e+00,nan,nan,nan,nan,nan,nan
-1.2242118353e-04,9.0202479404e-05,1.7479988619e+01,1.0810393877e+01,-3.3143948659e+01,4.7670883672e+01,1.9690817500e+01,-3.5354777541e+01,1.9690817612e+01,3.5354777541e+01,0.0000000000e+00,nan,nan,nan,nan,nan,nan
-1.6857110442e-04,3.9482010853e-05,1.0330127641e+02,2.5536241114e+01,-3.9326792261e+01,1.3119774727e+02,1.0773429678e+02,-4.3759812630e+01,1.0773429678e+02,4.3759812630e+01,0.0000000000e+00,nan,nan,nan,nan,nan,nan
2.8015034109e-04,5.8253033590e-05,-2.4724887158e+00,-7.5794378092e+00,-1.0864692080e+01,1.5003615990e+01,1.9937513331e+00,-1.5330932129e+01,1.9936728904e+00,1.5330932129e+01,0.0000000000e+00,nan,nan,nan,nan,nan,nan
2.2246588592e-04,1.1510908353e-05,4.9485717024e+01,-2.1223224766e+01,-1.3333141395e+01,6.5660062195e+01,5.5985142397e+01,-1.9832566769e+01,5.5985142397e+01,1.9832566769e+01,0.0000000000e+00,nan,nan,nan,nan,nan,nan
1.2523757218e-04,1.3296867072e-04,-9.6851197848e+00,-1.0804671382e+00,-1.6987453483e+01,6.5987080682e+00,-9.5265207546e+00,-1.7146052514e+01,5.2133405497e-06,1.7146052514e+01,0.0000000000e+00,nan,nan,nan,nan,nan,nan
1.0927654374e-04,9.6132682288e-05,-2.1929829478e+00,1.5625401860e+00,-2.2706838483e+01,1.7976878400e+01,-2.0709551321e+00,-2.2828866298e+01,1.9483288173e-02,2.2828866298e+01,0.0000000000e+00,nan,nan,nan,nan,nan,nan
7.5645521869e-05,1.1877738038e-04,-7.3834156145e+00,5.2921713298e+00,-1.9476601233e+01,1.3949392293e+01,-5.3763230283e+00,-2.1483693819e+01,-1.4733417795e-04,2.1483695444e+01,0.0000000000e+00,nan,nan,nan,nan,nan,nan
1.3949034700e-04,8.0759022311e-06,1.9627304623e+02,-4.0950001034e+01,-1.4807387935e+01,1.9608200785e+02,2.0394082916e+02,-2.2475170868e+01,2.0394082916e+02,2.2475170868e+01,0.0000000000e+00,nan,nan,nan,nan,nan,nan
-1.7142846365e-04,1.6557788772e-05,1.7075903841e+02,2.4919719033e+01,-4.5306362766e+01,1.9203016316e+02,1.7359500421e+02,-4.8142328572e+01,1.7359500421e+02,4.8142328572e+01,0.0000000000e+00,nan,nan,nan,nan,nan,nan
2.1554263122e-04,4.9377215707e-05,1.4945176943e+01,-9.9890845810e+00,-1.3894493106e+01,3.0393513389e+01,1.8073045055e+01,-1.7022361218e+01,1.8076474024e+01,1.7022361218e+01,0.0000000000e+00,nan,nan,nan,nan,nan,nan
2.2631647492e-04,8.2566566450e-05,-4.7021836756e+00,-4.1412476650e+00,-1.3940090260e+01,1.0742546847e+01,-3.1189246542e+00,-1.5523349282e+01,-1.0233144827e-06,1.5523349282e+01,0.0000000000e+00,nan,nan,nan,nan,nan,nan
2.2227295765e-04,8.1547085565e-05,-4.9052887693e+00,-3.7643423215e+00,-1.4357039197e+01,1.0462193336e+01,-3.5908138445e+00,-1.5671514122e+01,2.5260942538e-05,1.5671514122e+01,0.0000000000e+00,nan,nan,nan,nan,nan,nan
-2.0851320170e-04,1.6778193291e-05,1.7798525585e+02,3.6068787753e+01,-3.9106916065e+01,1.9811235961e+02,1.8381939404e+02,-4.4941054260e+01,1.8381939404e+02,4.4941054260e+01,0.0000000000e+00,nan,nan,nan,nan,nan,nan
-2.4410680738e-04,1.5626013094e-05,1.9244107786e+02,4.9404382885e+01,-2.7720368927e+01,2.0898183660e+02,2.0301607408e+02,-3.8295365153e+01,2.0301607408e+02,3.8295365153e+01,0.0000000000e+00,nan,nan,nan,nan,nan,nan
1.5227147819e-04,6.7073911816e-05,1.0647169881e+01,-5.7191777088e+00,-1.6730896186e+01,2.5692482497e+01,1.1791698536e+01,-1.7875424837e+01,1.1791937373e+01,1.7875424837e+01,0.0000000000e+00,nan,nan,nan,nan,nan,nan
3.1685967773e-04,2.4020929399e-05,-9.4046721538e-01,-1.0274577372e+01,-8.5568857652e+00,1.8976640745e+01,6.2074921522e+00,-1.5704845133e+01,6.2074921524e+00,1.5704845133e+01,0.0000000000e+00,nan,nan,nan,nan,nan,nan
-1.8143396523e-04,5.4317705604e-05,6.6656590121e+01,2.7342586390e+01,-3.3441578450e+01,9.8777996949e+01,7.3637008964e+01,-4.0421997293e+01,7.3637008964e+01,4.0421997293e+01,0.0000000000e+00,nan,nan,nan,nan,nan,nan
2.7200044033e-04,5.6815862634e-05,-2.6743446216e+00,-6.8400757990e+00,-1.1917887950e+01,1.4296338582e+01,9.5787864290e-01,-1.5550111215e+01,9.5501552344e-01,1.5550111215e+01,0.0000000000e+00,nan,nan,nan,nan,nan,nan
-1.3653786934e-04,9.0903631762e-05,1.5492604649e+01,1.3058970498e+01,-3.1904329289e+01,4.6864512951e+01,1.8851376848e+01,-3.5263101488e+01,1.8851377435e+01,3.5263101488e+01,0.0000000000e+00,nan,nan,nan,nan,nan,nan
1.8676069450e-04,3.9392053491e-05,2.6212111333e+01,-1.0722018391e+01,-1.5217031555e+01,4.0400474691e+01,2.8822764827e+01,-1.7827685049e+01,2.8822764835e+01,1.7827685049e+01,0.0000000000e+00,nan,nan,nan,nan,nan,nan
3.3011024600e-04,5.4914081130e-05,-2.3223994288e+00,-1.1537711033e+01,-2.5710552403e+00,1.9981685734e+01,9.0897043029e+00,-1.3983158972e+01,9.0897043029e+00,1.3983158972e+01,0.0000000000e+00,nan,nan,nan,nan,nan,nan
3.2675317172e-04,5.8222682934e-05,-2.4348546609e+00,-1.1202009925e+01,-3.1638214258e+00,1.9409671571e+01,8.4068410628e+00,-1.4005517150e+01,8.4068410628e+00,1.4005517150e+01,0.0000000000e+00,nan,nan,nan,nan,nan,nan
1.7820877832e-04,1.1520674791e-04,-6.9765848636e+00,-2.2145887672e+00,-1.5424062181e+01,8.2552657371e+00,-6.4341436269e+00,-1.5966503418e+01,-1.6465959557e-06,1.5966503418e+01,0.0000000000e+00,nan,nan,nan,nan,nan,nan
8.9788439786e-05,5.4463051410e-05,3.7014204433e+01,-8.0914522594e+00,-2.1692358163e+01,5.2740060073e+01,3.8110411015e+01,-2.2788564745e+01,3.8110411015e+01,2.2788564745e+01,0.0000000000e+00,nan,nan,nan,nan,nan,nan
3.0237276251e-04,5.0993736637e-05,-1.8410758666e+00,-9.3500220314e+00,-8.4194220609e+00,1.7165407018e+01,4.7802033990e+00,-1.5040701326e+01,4.7802033459e+00,1.5040701326e+01,0.0000000000e+00,nan,nan,nan,nan,nan,nan
5.0468923246e-05,4.9332965635e-05,6.6990451801e+01,-1.5401371540e+01,-2.0039551025e+01,7.9953391424e+01,6.9636562449e+01,-2.2685661673e+01,6.9636562449e+01,2.2685661673e+01,0.0000000000e+00,nan,nan,nan,nan,nan,nan
4.1118630989e-05,4.8531644527e-05,7.5500912418e+01,-1.7424539858e+01,-1.9852264452e+01,8.7917743353e+01,7.8583656774e+01,-2.2935008808e+01,7.8583656774e+01,2.2935008808e+01,0.0000000000e+00,nan,nan,nan,nan,nan,nan
1.4057350190e-04,1.0471242079e-04,-6.7695734328e+00,-9.3862162929e-01,-1.6932107345e+01,8.9573729829e+00,-6.6792986860e+00,-1.7022382092e+01,5.4741870166e-05,1.7022382092e+01,0.0000000000e+00,nan,nan,nan,nan,nan,nan
-1.9919593577e-04,2.6452244908e-05,1.4207894953e+02,3.4505014495e+01,-3.7929645081e+01,1.6695264062e+02,1.4846480423e+02,-4.4315499780e+01,1.4846480423e+02,4.4315499780e+01,0.0000000000e+00,nan,nan,nan,nan,nan,nan
-3.1213978014e-05,3.0620715929e-05,1.2756725660e+02,-5.1040293894e+00,-4.5336793688e+01,1.4999945240e+02,1.2771745568e+02,-4.5486992768e+01,1.2771745568e+02,4.5486992768e+01,0.0000000000e+00,nan,nan,nan,nan,nan,nan
-6.3468420781e-05,4.3606437426e-05,9.6486240874e+01,6.9399931675e-01,-4.4905404046e+01,1.2245395961e+02,9.6489244957e+01,-4.4908408129e+01,9.6489244957e+01,4.4908408129e+01,0.0000000000e+00,nan,nan,nan,nan,nan,nan
-9.4265458508e-05,4.3670725392e-05,9.5542563176e+01,7.1327524893e+00,-4.4572484698e+01,1.2196956413e+02,9.5904199927e+01,-4.4934121444e+01,9.5904199922e+01,4.4934121443e+01,0.0000000000e+00,nan,nan,nan,nan,nan,nan
2.9689730923e-04,4.3021298224e-05,-1.6923255111e+00,-8.7077523266e+00,-9.9815267337e+00,1.6701319164e+01,3.8055849925e+00,-1.5479437237e+01,3.8055844002e+00,1.5479437237e+01,0.0000000000e+00,nan,nan,nan,nan,nan,nan
-2.2243867329e-04,5.7477913294e-05,4.8432712880e+01,3.5010315831e+01,-2.4176003827e+01,8.7352501525e+01,6.2561344797e+01,-3.8304635743e+01,6.2561344797e+01,3.8304635743e+01,0.0000000000e+00,nan,nan,nan,nan,nan,nan
2.4763998345e-04,9.4922002264e-05,-3.5814662271e+00,-6.2465256200e+00,-1.1326049344e+01,1.2728606121e+01,-1.0489361510e-01,-1.4802621956e+01,-3.4013242423e-02,1.4802621956e+01,0.0000000000e+00,nan,nan,nan,nan,nan,nan
3.4350227020e-04,4.1339927737e-05,-1.7275173996e+00,-1.3080910703e+01,4.3092868887e-01,2.2728698345e+01,1.2474125752e+01,-1.3770714463e+01,1.2474125752e+01,1.3770714463e+01,0.0000000000e+00,nan,nan,nan,nan,nan,nan
3.4016504794e-04,4.4787214757e-05,-1.9024367576e+00,-1.2667347483e+01,-4.3074589506e-01,2.1972867603e+01,1.1519449699e+01,-1.3852632352e+01,1.1519449699e+01,1.3852632352e+01,0.0000000000e+00,nan,nan,nan,nan,nan,nan
9.0116999282e-05,3.4733698415e-05,7.8266361529e+01,-1.9228743319e+01,-1.9143215719e+01,9.0698481489e+01,8.1926365608e+01,-2.2803219797e+01,8.1926365608e+01,2.2803219797e+01,0.0000000000e+00,nan,nan,nan,nan,nan,nan
1.3834984425e-04,4.0216707693e-05,3.8141528015e+01,-9.7946595448e+00,-2.0847679467e+01,5.3829318965e+01,3.9725296069e+01,-2.2431447521e+01,3.9725296069e+01,2.2431447521e+01,0.0000000000e+00,nan,nan,nan,nan,nan,nan
1.6548965305e-04,4.4306572913e-05,2.6091226699e+01,-9.2008163437e+00,-1.6783374400e+01,4.0406044386e+01,2.7982366752e+01,-1.8674514454e+01,2.7982366731e+01,1.8674514454e+01,0.0000000000e+00,nan,nan,nan,nan,nan,nan
2.4081147786e-04,1.0057561614e-04,-3.6787217658e+00,-6.0259325740e+00,-1.1500988258e+01,1.2442118944e+01,-4.0639429045e-01,-1.4773315734e+01,1.6717373376e-03,1.4773315734e+01,0.0000000000e+00,nan,nan,nan,nan,nan,nan
-2.2477656742e-04,5.3613620295e-05,5.6804422913e+01,3.6895084012e+01,-2.4209735529e+01,9.4896880756e+01,7.1086083341e+01,-3.8491395958e+01,7.1086083341e+01,3.8491395958e+01,0.0000000000e+00,nan,nan,nan,nan,nan,nan
3.5102246606e-04,1.5310032027e-05,-5.3667887824e-02,-1.3895752624e+01,1.0358697384e+00,2.4082243891e+01,1.4394990919e+01,-1.3412789068e+01,1.4394990919e+01,1.3412789278e+01,0.0000000000e+00,nan,nan,nan,nan,nan,nan
3.1274383878e-04,2.3617421870e-05,-1.0077191786e+00,-9.8500499355e+00,-9.3254186797e+00,1.8517035625e+01,5.5242465735e+00,-1.5857384432e+01,5.5242465729e+00,1.5857384432e+01,0.0000000000e+00,nan,nan,nan,nan,nan,nan
3.0778198655e-04,1.9588418646e-05,-9.3206166816e-01,-9.3455914246e+00,-1.0506004383e+01,1.8184843044e+01,4.7799910009e+00,-1.6218057052e+01,4.7799910027e+00,1.6218057052e+01,0.0000000000e+00,nan,nan,nan,nan,nan,nan
3.0610202145e-04,1.2557425739e-05,8.4031723349e+00,-1.4092175261e+01,-9.2554399359e+00,2.8824198857e+01,1.6215525169e+01,-1.7067792770e+01,1.6215525168e+01,1.7067792770e+01,0.0000000000e+00,nan,nan,nan,nan,nan,nan
3.0898988411e-04,6.1544967391e-06,1.6958818253e+01,-1.9118919290e+01,-6.5810316145e+00,3.8883733401e+01,2.7638427266e+01,-1.7260640627e+01,2.7638427266e+01,1.7260640627e+01,0.0000000000e+00,nan,nan,nan,nan,nan,nan
1.2066587771e-04,1.5558269090e-04,3.2939685466e-01,-1.6038164419e+00,-1.7181428140e+01,1.5422364720e+01,4.7809078038e-01,-1.7330122065e+01,4.2800410834e-01,1.7330122065e+01,0.0000000000e+00,nan,nan,nan,nan,nan,nan
6.7656457129e-05,1.1465240948e-04,-4.2263715020e+00,5.8884489329e+00,-1.9487476910e+01,1.6710698576e+01,-2.2089978846e+00,-2.1504850527e+01,4.2944666949e-03,2.1504850697e+01,0.0000000000e+00,nan,nan,nan,nan,nan,nan
8.9840981502e-05,1.2068568284e-04,-9.7994312761e+00,4.3877028971e+00,-2.0758586313e+01,1.2180543987e+01,-8.2465684451e+00,-2.2311449144e+01,2.0689522640e-06,2.2311450234e+01,0.0000000000e+00,nan,nan,nan,nan,nan,nan
9.9168403172e-05,1.2257182254e-04,-1.1678739231e+01,3.9710526316e+00,-2.1640664634e+01,1.1047222557e+01,-1.0281585015e+01,-2.3037818849e+01,-6.9129561572e-07,2.3037818876e+01,0.0000000000e+00,nan,nan,nan,nan,nan,nan
1.2182491408e-04,1.2763196643e-04,-1.0796238960e+01,-3.9965571189e-01,-1.7072461982e+01,5.4839720632e+00,-1.0768177724e+01,-1.7100523218e+01,-1.8378484225e-07,1.7100523218e+01,0.0000000000e+00,nan,nan,nan,nan,nan,nan
1.9834239490e-04,5.8585602385e-05,7.4410388667e+00,-7.1269916789e+00,-1.4962885311e+01,2.3006272516e+01,9.5217544082e+00,-1.7043600852e+01,9.5053861428e+00,1.7043600852e+01,0.0000000000e+00,nan,nan,nan,nan,nan,nan
-1.6769882726e-04,1.6544703091e-05,1.7017274769e+02,2.3930627728e+01,-4.5743614853e+01,1.9152645377e+02,1.7279241605e+02,-4.8363283222e+01,1.7279241605e+02,4.8363283222e+01,0.0000000000e+00,nan,nan,nan,nan,nan,nan
1.3656446011e-04,9.9878706623e-05,-4.9756125669e+00,-1.4211066551e+00,-1.6840759674e+01,1.0574224652e+01,-4.8031546711e+00,-1.7013217570e+01,3.7252608303e-04,1.7013217570e+01,0.0000000000e+00,nan,nan,nan,nan,nan,nan
1.4503549977e-04,8.6538862738e-05,-9.5231426454e-01,-3.0827078687e+00,-1.6460230918e+01,1.4455871459e+01,-3.6017131308e-01,-1.7052373869e+01,6.3692580402e-02,1.7052373869e+01,0.0000000000e+00,nan,nan,nan,nan,nan,nan
-2.6111289959e-04,1.2671676718e-05,2.1220300033e+02,5.6557069017e+01,-1.8955303541e+01,2.2286407568e+02,2.2529448248e+02,-3.2046785694e+01,2.2529448248e+02,3.2046785694e+01,0.0000000000e+00,nan,nan,nan,nan,nan,nan
-2.7495125985e-04,1.1401839364e-05,2.2134702363e+02,6.3562145722e+01,-7.4772602953e+00,2.2668564861e+02,2.3781190191e+02,-2.3942138575e+01,2.3781190191e+02,2.3942138575e+01,0.0000000000e+00,nan,nan,nan,nan,nan,nan
-2.8171501028e-04,6.4328711357e-06,2.6117929437e+02,6.7833654298e+01,-3.1467872288e+00,2.5728943093e+02,2.7756237578e+02,-1.9529868636e+01,2.7756237578e+02,1.9529868636e+01,0.0000000000e+00,nan,nan,nan,nan,nan,nan
-1.8866739342e-04,4.9057260867e-05,7.7445553269e+01,3.0004725395e+01,-3.3451937827e+01,1.0919692092e+02,8.5041679410e+01,-4.1048063968e+01,8.5041679410e+01,4.1048063968e+01,0.0000000000e+00,nan,nan,nan,nan,nan,nan
-2.1255178793e-04,4.8523729490e-05,7.3787570756e+01,3.6035492393e+01,-2.8400738400e+01,1.0829007176e+02,8.5214718259e+01,-3.9827885904e+01,8.5214718259e+01,3.9827885904e+01,0.0000000000e+00,nan,nan,nan,nan,nan,nan
-2.9247560439e-04,2.1126755336e-05,1.3687245217e+02,5.8494066872e+01,5.1327847822e+00,1.5258209299e+02,1.5909593094e+02,-1.7090693987e+01,1.5909593094e+02,1.7090693987e+01,0.0000000000e+00,nan,nan,nan,nan,nan,nan
-3.1767517572e-04,2.1758941347e-05,9.7200057885e+01,4.9580969037e+01,4.4518649869e+00,1.1759006800e+02,1.1871661885e+02,-1.7064695979e+01,1.1871661885e+02,1.7064695979e+01,0.0000000000e+00,nan,nan,nan,nan,nan,nan
-3.1617294188e-04,2.4524647046e-05,8.8695033221e+01,4.6980646668e+01,3.7902176119e+00,1.0967840788e+02,1.0956548373e+02,-1.7080232894e+01,1.0956548373e+02,1.7080232895e+01,0.0000000000e+00,nan,nan,nan,nan,nan,nan
-2.9777379976e-04,3.8615212314e-05,6.2057260593e+01,3.6764193452e+01,-9.5528901863e-02,8.3390235279e+01,7.9126240632e+01,-1.7164508941e+01,7.9126240631e+01,1.7164508941e+01,0.0000000000e+00,nan,nan,nan,nan,nan,nan
-1.3921144230e-04,1.0963633183e-04,-3.6261952311e+00,1.1459839595e+01,-2.9361244356e+01,2.9842331669e+01,7.3575842859e-01,-3.3723198016e+01,6.1472520447e-01,3.3723198016e+01,0.0000000000e+00,nan,nan,nan,nan,nan,nan
2.3483733776e-04,1.4660541915e-04,-2.2246782903e-01,-6.6698100235e+00,-1.0084779084e+01,1.4366097648e+01,3.1406468879e+00,-1.3447893801e+01,3.1406455548e+00,1.3447893801e+01,0.0000000000e+00,nan,nan,nan,nan,nan,nan
2.3850604062e-04,1.4398693095e-04,-5.5716333257e-01,-6.7689569634e+00,-9.9313693704e+00,1.4259652049e+01,2.9885475978e+00,-1.3477080301e+01,2.9885465732e+00,1.3477080301e+01,0.0000000000e+00,nan,nan,nan,nan,nan,nan
3.1788327989e-04,1.0619204510e-04,-4.0065565516e+00,-8.6842337980e+00,-3.7122063255e+00,1.5041718926e+01,4.8249590324e+00,-1.2543721910e+01,4.8249590324e+00,1.2543721910e+01,0.0000000000e+00,nan,nan,nan,nan,nan,nan
1.4224101795e-04,1.5638656111e-04,-1.3293221946e+00,-2.1152229959e+00,-1.6726661294e+01,1.3837141983e+01,-1.0391140960e+00,-1.7016869393e+01,-3.0339157029e-01,1.7016869393e+01,0.0000000000e+00,nan,nan,nan,nan,nan,nan
1.4598929129e-04,1.5817884987e-04,1.4156731815e+00,-2.5822830786e+00,-1.5142351521e+01,1.5016670552e+01,1.8065396159e+00,-1.5533217955e+01,1.6294761299e+00,1.5533217955e+01,0.0000000000e+00,nan,nan,nan,nan,nan,nan
1.4998210628e-04,1.5628340244e-04,7.8970965341e-01,-3.1544999281e+00,-1.4422977333e+01,1.4252430153e+01,1.4120105461e+00,-1.5045278225e+01,1.2371011669e+00,1.5045278225e+01,0.0000000000e+00,nan,nan,nan,nan,nan,nan
2.8963168119e-04,1.2273066500e-04,-2.7733542185e+00,-7.9485626616e+00,-6.6548491529e+00,1.4170673307e+01,3.4673403626e+00,-1.2895543734e+01,3.4673403626e+00,1.2895543734e+01,0.0000000000e+00,nan,nan,nan,nan,nan,nan
2.9316035524e-04,1.1999366002e-04,-2.9370995795e+00,-8.0675801236e+00,-6.3552492146e+00,1.4282517354e+01,3.5998408420e+00,-1.2892189636e+01,3.5998408420e+00,1.2892189636e+01,0.0000000000e+00,nan,nan,nan,nan,nan,nan
-8.6947197957e-05,1.1950159033e-04,-1.1398407042e+01,5.8435135331e+00,-3.0898061081e+01,1.9682731961e+01,-9.7844034655e+00,-3.2512064658e+01,1.2558863186e-04,3.2512064658e+01,1.0000000000e+00,1.9008177493e+01,1.8856613768e+01,2.3956061423e+00,2.0905993033e+01,-1.2603029108e-01,9.9202639367e-01
1.5380621765e-04,1.5793211761e-04,2.1035606049e+00,-3.9160630311e+00,-1.3814760849e+01,1.5361716392e+01,3.0134909720e+00,-1.4724691216e+01,3.0545796938e+00,1.4724691216e+01,0.0000000000e+00,nan,nan,nan,nan,nan,nan
1.5775761400e-04,1.5583204245e-04,1.2340727471e+00,-4.1738839832e+00,-1.3657605671e+01,1.4782054038e+01,2.3226564162e+00,-1.4746189340e+01,2.3579957915e+00,1.4746189340e+01,0.0000000000e+00,nan,nan,nan,nan,nan,nan
1.6165937901e-04,1.5736499419e-04,2.3118379273e+00,-4.6053794943e+00,-1.3256465091e+01,1.5663103514e+01,3.5707834484e+00,-1.4515410612e+01,3.5632659954e+00,1.4515410612e+01,0.0000000000e+00,nan,nan,nan,nan,nan,nan
-1.1272720338e-04,1.1427802127e-04,-6.1170300613e+00,8.5266562558e+00,-3.0374526155e+01,2.5676605621e+01,-3.4213829407e+00,-3.3070173275e+01,-5.4432940109e-03,3.3070173275e+01,0.0000000000e+00,nan,nan,nan,nan,nan,nan
-3.3878148328e-04,4.0638171137e-05,4.3652693549e+01,3.5993913187e+01,8.6619202350e+00,6.9231021059e+01,6.6127855536e+01,-1.3813241753e+01,6.6127855536e+01,1.3813241410e+01,0.0000000000e+00,nan,nan,nan,nan,nan,nan
-3.1690068491e-04,4.9472864616e-05,3.8868653494e+01,2.7890471066e+01,-3.6941209292e+00,6.0925672318e+01,5.2762719595e+01,-1.7588187031e+01,5.2762719595e+01,1.7588187031e+01,0.0000000000e+00,nan,nan,nan,nan,nan,nan
-2.7619087981e-04,6.6683656282e-05,-6.5757906639e+00,2.8275861864e+01,-1.1678411707e+01,4.9141239535e+01,1.9244606689e+01,-3.7498809060e+01,1.9244606689e+01,3.7498809060e+01,0.0000000000e+00,nan,nan,nan,nan,nan,nan
2.6793598047e-04,1.3277195128e-04,-1.8643573682e+00,-7.4279514490e+00,-8.2706414670e+00,1.4010017984e+01,3.0211882371e+00,-1.3156187072e+01,3.0211882430e+00,1.3156187072e+01,0.0000000000e+00,nan,nan,nan,nan,nan,nan
5.4663883865e-05,1.3246129956e-04,-4.1758811240e+01,-1.1864369180e+01,-4.1303957581e+01,2.0384453252e+01,-2.9762414838e+01,-5.3300353983e+01,8.2536627202e-04,5.3300505305e+01,0.0000000000e+00,nan,nan,nan,nan,nan,nan
1.9313106014e-04,1.5692229930e-04,2.2080192966e+00,-5.7433972744e+00,-1.1831249120e+01,1.5707645056e+01,4.2571981895e+00,-1.3880428013e+01,4.2573037193e+00,1.3880428013e+01,0.0000000000e+00,nan,nan,nan,nan,nan,nan
1.3455803237e-04,1.5948124537e-04,3.0695371087e-01,-1.3522600493e+00,-1.7261518980e+01,1.5403074333e+01,4.1568647795e-01,-1.7370251747e+01,6.2513485148e-01,1.7370251747e+01,0.0000000000e+00,nan,nan,nan,nan,nan,nan
2.0083152818e-04,1.5595711064e-04,1.8227233024e+00,-5.9226776386e+00,-1.1524476567e+01,1.5452407478e+01,4.0705749847e+00,-1.3772328250e+01,4.0705674018e+00,1.3772328250e+01,0.0000000000e+00,nan,nan,nan,nan,nan,nan
2.0485715735e-04,1.5686610967e-04,1.9248754954e+00,-5.9752063166e+00,-1.1335110296e+01,1.5456747899e+01,4.2188401602e+00,-1.3629074961e+01,4.2188350406e+00,1.3629074961e+01,0.0000000000e+00,nan,nan,nan,nan,nan,nan
1.6202004607e-04,1.6147294591e-04,4.6747292078e+00,-4.6892314103e+00,-1.2995857070e+01,1.7319830686e+01,5.8390449777e+00,-1.4160172840e+01,5.8414159159e+00,1.4160172840e+01,0.0000000000e+00,nan,nan,nan,nan,nan,nan
-2.5292173383e-04,7.7733072476e-05,-9.3251828889e+00,2.3797795054e+01,-1.7649396175e+01,4.1826124227e+01,1.0661034550e+01,-3.7635613613e+01,1.0661034550e+01,3.7635613613e+01,1.0000000000e+00,1.5368653446e+01,1.4233959727e+01,5.7956793576e+00,2.2958666090e+01,-3.7711042012e-01,9.2616830600e-01
-2.5784470624e-04,7.6713167038e-05,-1.1188506341e+01,2.3806526568e+01,-1.6635124360e+01,4.1489017925e+01,1.0041880317e+01,-3.7865511018e+01,1.0041880317e+01,3.7865511018e+01,1.0000000000e+00,1.5115163782e+01,1.3959358588e+01,5.7969374644e+00,2.2998472156e+01,-3.8351800537e-01,9.2353339927e-01
-1.6322339414e-04,1.0582394744e-04,-3.7672949264e+00,1.3914641489e+01,-2.8004563249e+01,3.1956485776e+01,2.5641565771e+00,-3.4336014753e+01,2.5897972349e+00,3.4336014753e+01,1.0000000000e+00,1.8656503328e+01,1.8186727651e+01,4.1602949150e+00,2.1852183726e+01,-2.2299435440e-01,9.7481973611e-01
-2.9319333677e-04,5.9528336393e-05,-1.9310025158e+00,3.0876509784e+01,-7.1355223013e+00,5.3596589256e+01,2.6410742826e+01,-3.5477267643e+01,2.6410742826e+01,3.5477267643e+01,0.0000000000e+00,nan,nan,nan,nan,nan,nan
3.2121846981e-04,1.0323570584e-04,-4.1494281826e+00,-8.8134509342e+00,-3.2645355974e+00,1.5282567750e+01,5.1164127146e+00,-1.2530376495e+01,5.1164127146e+00,1.2530376495e+01,0.0000000000e+00,nan,nan,nan,nan,nan,nan
3.4438531564e-04,8.0888092823e-05,-5.0788959672e+00,-9.8354234804e+00,8.8426003681e-01,1.7796638929e+01,8.1775763112e+00,-1.2372212242e+01,8.1775763112e+00,1.2372212242e+01,0.0000000000e+00,nan,nan,nan,nan,nan,nan
1.1399168210e-04,1.5553262402e-04,1.1673033850e+00,-2.0502201707e+00,-1.6959348477e+01,1.6091443112e+01,1.3943764660e+00,-1.7186421558e+01,1.3463501946e+00,1.7186421548e+01,0.0000000000e+00,nan,nan,nan,nan,nan,nan
7.3133529541e-05,1.4280416114e-04,-2.0543452771e+01,9.7279153048e-01,-1.4962577405e+01,3.3135189044e+00,-1.5839954057e+01,-1.9666076119e+01,2.7329177351e+00,2.0618696324e+01,0.0000000000e+00,nan,nan,nan,nan,nan,nan
-3.1201073750e-04,5.2482452511e-05,3.7487109027e+01,2.8322267027e+01,-4.2353911394e+00,6.0642450075e+01,5.1637793819e+01,-1.8386075931e+01,5.1637793819e+01,1.8386075932e+01,1.0000000000e+00,8.7373039757e+00,8.3086616037e+00,2.7030766022e+00,2.3060461670e+01,-3.0937193095e-01,9.5094111718e-01
-3.0639555322e-04,5.4052367284e-05,1.7962754122e+01,3.2571558849e+01,-4.7110554891e+00,5.9431414778e+01,4.0938592637e+01,-2.7686894004e+01,4.0938592637e+01,2.7686894004e+01,1.0000000000e+00,9.3510728040e+00,8.7304450195e+00,3.3499093044e+00,2.3177469819e+01,-3.5823796633e-01,9.3363031200e-01
-3.0202183825e-04,5.3457345865e-05,2.0982105119e+01,3.2959309868e+01,-4.9101468450e+00,6.1219896687e+01,4.3381302969e+01,-2.7309344695e+01,4.3381302969e+01,2.7309344695e+01,0.0000000000e+00,nan,nan,nan,nan,nan,nan
-2.8564021321e-04,6.3472023018e-05,-7.3868869839e+00,2.8851403730e+01,-9.3651416802e+00,4.9958365609e+01,2.0467461501e+01,-3.7219490165e+01,2.0467461501e+01,3.7219490165e+01,1.0000000000e+00,1.2454627121e+01,1.1298866131e+01,5.2395954867e+00,2.3250992712e+01,-4.2069468928e-01,9.0720228087e-01
3.8087999765e-04,8.4160599801e-06,5.9412038443e+00,-1.7821391953e+01,1.8240227066e+01,3.2638864620e+01,3.0934772729e+01,-6.7533418191e+00,3.0934772729e+01,6.7520924693e+00,0.0000000000e+00,nan,nan,nan,nan,nan,nan
3.6924329473e-04,8.1094604875e-06,2.9886009847e+00,-1.4713941743e+01,9.4094324822e+00,2.6083061642e+01,2.1258079394e+01,-8.8600459268e+00,2.1258079394e+01,8.8597884266e+00,0.0000000000e+00,nan,nan,nan,nan,nan,nan
3.4961961961e-04,7.6479283629e-06,-1.0182583022e+00,-1.3002569656e+01,-9.3094464161e-02,2.2529218951e+01,1.2451574243e+01,-1.3562927009e+01,1.2451574243e+01,1.3562926964e+01,0.0000000000e+00,nan,nan,nan,nan,nan,nan
2.7692773811e-04,5.9522042370e-06,2.3860763113e+01,-2.1382270731e+01,-9.5275011904e+00,4.6980321550e+01,3.4290732255e+01,-1.9957470332e+01,3.4290732251e+01,1.9957470332e+01,0.0000000000e+00,nan,nan,nan,nan,nan,nan
1.5714270924e-04,3.2239146633e-06,2.4315963509e+02,-4.5938974385e+01,-1.3621400273e+01,2.3618723943e+02,2.5113188367e+02,-2.1593648857e+01,2.5113188367e+02,2.1593648857e+01,0.0000000000e+00,nan,nan,nan,nan,nan,nan
1.4920029115e-04,3.1785223838e-06,2.6188520173e+02,-4.7807896524e+01,-1.3665847363e+01,2.5259880773e+02,2.6994766682e+02,-2.1728312455e+01,2.6994766682e+02,2.1728312455e+01,0.0000000000e+00,nan,nan,nan,nan,nan,nan
1.2935793379e-04,3.1699456927e-06,2.7190723148e+02,-4.7304056606e+01,-1.4433369430e+01,2.6115907017e+02,2.7951719049e+02,-2.2043328440e+01,2.7951719049e+02,2.2043328440e+01,0.0000000000e+00,nan,nan,nan,nan,nan,nan
1.2146175129e-04,3.1690754548e-06,2.6383630873e+02,-4.4995487952e+01,-1.5183591118e+01,2.5389283168e+02,2.7091145352e+02,-2.2258735909e+01,2.7091145352e+02,2.2258735909e+01,0.0000000000e+00,nan,nan,nan,nan,nan,nan
9.7851456342e-05,3.1563731409e-06,2.4362039136e+02,-3.6366625078e+01,-1.8700075749e+01,2.3574278559e+02,2.4856631853e+02,-2.3646002915e+01,2.4856631853e+02,2.3646002915e+01,0.0000000000e+00,nan,nan,nan,nan,nan,nan
8.9954478016e-05,3.1577612580e-06,2.3799518983e+02,-3.3326159195e+01,-2.0414835718e+01,2.3111027150e+02,2.4222175452e+02,-2.4641400404e+01,2.4222175452e+02,2.4641400404e+01,0.0000000000e+00,nan,nan,nan,nan,nan,nan
6.6350624242e-05,3.1216877959e-06,2.2515458090e+02,-2.5035205178e+01,-2.6871055082e+01,2.2252391330e+02,2.2761600415e+02,-2.9332478337e+01,2.2761600415e+02,2.9332478337e+01,0.0000000000e+00,nan,nan,nan,nan,nan,nan
5.8469974839e-05,3.1078566347e-06,2.2186078254e+02,-2.2612469976e+01,-2.9283494108e+01,2.2099355474e+02,2.2387933253e+02,-3.1302044098e+01,2.2387933253e+02,3.1302044098e+01,0.0000000000e+00,nan,nan,nan,nan,nan,nan
3.0834549696e-05,3.0588042562e-06,2.1305038264e+02,-1.5393144903e+01,-3.7725273604e+01,2.1880742732e+02,2.1399108158e+02,-3.8665972546e+01,2.1399108158e+02,3.8665972546e+01,0.0000000000e+00,nan,nan,nan,nan,nan,nan
2.2925180603e-05,3.0456846283e-06,2.1114696902e+02,-1.3637113478e+01,-3.9948392575e+01,2.1873310925e+02,2.1188490773e+02,-4.0686331283e+01,2.1188490773e+02,4.0686331283e+01,0.0000000000e+00,nan,nan,nan,nan,nan,nan
-8.2958280262e-07,3.0114003804e-06,2.0666825114e+02,-8.9477421575e+00,-4.5623219937e+01,2.1903920889e+02,2.0698486181e+02,-4.5939830613e+01,2.0698486181e+02,4.5939830613e+01,0.0000000000e+00,nan,nan,nan,nan,nan,nan
-8.7544121952e-06,3.0019296198e-06,2.0553012352e+02,-7.5240823779e+00,-4.7131373538e+01,2.1919851295e+02,2.0575369545e+02,-4.7354945468e+01,2.0575369545e+02,4.7354945468e+01,0.0000000000e+00,nan,nan,nan,nan,nan,nan
3.5354139973e-04,7.9025833852e-06,-3.7991679041e-01,-1.3189460928e+01,1.6744977649e+00,2.2910113121e+01,1.3874450465e+01,-1.2579869490e+01,1.3874450465e+01,1.2579869701e+01,0.0000000000e+00,nan,nan,nan,nan,nan,nan
-6.4263204469e-05,2.9607802749e-06,2.0169153346e+02,1.7433743107e+00,-5.2651378271e+01,2.2028774757e+02,2.0170326797e+02,-5.2663112780e+01,2.0170326796e+02,5.2663112780e+01,0.0000000000e+00,nan,nan,nan,nan,nan,nan
-7.2193602353e-05,2.9576897504e-06,2.0169280453e+02,3.0627926185e+00,-5.2865502317e+01,2.2051739866e+02,2.0172943058e+02,-5.2902128373e+01,2.0172943058e+02,5.2902128373e+01,0.0000000000e+00,nan,nan,nan,nan,nan,nan
-9.5980832133e-05,2.9511438720e-06,2.0250882621e+02,7.1206204092e+00,-5.2917827094e+01,2.2154906788e+02,2.0270691354e+02,-5.3115914423e+01,2.0270691354e+02,5.3115914423e+01,0.0000000000e+00,nan,nan,nan,nan,nan,nan
-1.0390816588e-04,2.9497134209e-06,2.0305794170e+02,8.5167278623e+00,-5.2768254210e+01,2.2204204097e+02,2.0334087587e+02,-5.3051188383e+01,2.0334087587e+02,5.3051188383e+01,0.0000000000e+00,nan,nan,nan,nan,nan,nan
-1.6332255594e-04,2.9484101124e-06,2.1223110775e+02,2.0040459793e+01,-4.9442102938e+01,2.2925761374e+02,2.1375644741e+02,-5.0967442605e+01,2.1375644741e+02,5.0967442605e+01,0.0000000000e+00,nan,nan,nan,nan,nan,nan
-1.6721133515e-04,2.9349189496e-06,2.1324424065e+02,2.0878180474e+01,-4.9081812972e+01,2.3004008692e+02,2.1489491995e+02,-5.0732492271e+01,2.1489491995e+02,5.0732492271e+01,0.0000000000e+00,nan,nan,nan,nan,nan,nan
1.8950125010e-04,1.5960505317e-04,3.0429737535e+00,-5.5975637049e+00,-1.1922913268e+01,1.6183288158e+01,4.9034560170e+00,-1.3783395531e+01,4.9034837268e+00,1.3783395531e+01,0.0000000000e+00,nan,nan,nan,nan,nan,nan
2.6106628578e-04,1.3861414257e-04,-1.3878613566e+00,-7.2084425215e+00,-8.6611491618e+00,1.3983437534e+01,3.0488361654e+00,-1.3097846684e+01,3.0488361836e+00,1.3097846684e+01,0.0000000000e+00,nan,nan,nan,nan,nan,nan
3.0778431834e-04,1.1543439102e-04,-3.5507128345e+00,-8.2882764064e+00,-4.9132068719e+00,1.4402702535e+01,4.0834443322e+00,-1.2547364039e+01,4.0834443322e+00,1.2547364039e+01,0.0000000000e+00,nan,nan,nan,nan,nan,nan
3.0373551132e-04,1.1479158165e-04,-3.3790389485e+00,-8.3178752995e+00,-5.3371305950e+00,1.4505193722e+01,4.0164927285e+00,-1.2732662272e+01,4.0164927285e+00,1.2732662272e+01,0.0000000000e+00,nan,nan,nan,nan,nan,nan
2.9981584850e-04,1.1424002240e-04,-3.2305538291e+00,-8.3194682482e+00,-5.7469106166e+00,1.4572478903e+01,3.9246923944e+00,-1.2902156840e+01,3.9246923944e+00,1.2902156840e+01,0.0000000000e+00,nan,nan,nan,nan,nan,nan
3.8049632197e-04,4.2491748483e-06,7.7079607734e+00,-1.6150722633e+01,1.6256768370e+01,2.8932526146e+01,2.8686566330e+01,-4.7218371869e+00,2.8686566330e+01,4.7405535506e+00,0.0000000000e+00,nan,nan,nan,nan,nan,nan
3.8463929624e-04,8.7003655314e-06,6.5132629886e+00,-1.9631498115e+01,2.2924995377e+01,3.6798584325e+01,3.5964801748e+01,-6.5265433830e+00,3.5964801748e+01,6.5648672421e+00,0.0000000000e+00,nan,nan,nan,nan,nan,nan
3.6870539490e-04,3.9844751585e-06,3.0630379138e+00,-1.3431161810e+01,8.5101581407e+00,2.3736047711e+01,1.9490611563e+01,-7.9174155084e+00,1.9490611563e+01,7.9173904397e+00,0.0000000000e+00,nan,nan,nan,nan,nan,nan
3.2511231067e-04,6.8885727357e-06,-1.1225690804e+00,-1.1653375798e+01,-8.2367582225e+00,2.1082604519e+01,7.4923837431e+00,-1.6851711046e+01,7.4923837431e+00,1.6851711046e+01,0.0000000000e+00,nan,nan,nan,nan,nan,nan
-3.2809502625e-04,4.4390344024e-05,3.9209799525e+01,2.8168960481e+01,-3.0083932515e+00,6.1032316127e+01,5.3337727282e+01,-1.7136321009e+01,5.3337727282e+01,1.7136321001e+01,0.0000000000e+00,nan,nan,nan,nan,nan,nan
-3.2356399571e-04,4.0521279952e-05,4.5152867523e+01,3.0401051889e+01,-2.2259394945e+00,6.6804289212e+01,6.0032938374e+01,-1.7106010345e+01,6.0032938374e+01,1.7106010346e+01,0.0000000000e+00,nan,nan,nan,nan,nan,nan
3.1699958098e-04,6.4082452907e-06,1.0894246791e+01,-1.6389855153e+01,-7.3946038959e+00,3.2514220548e+01,2.0521915433e+01,-1.7022272538e+01,2.0521915433e+01,1.7022272538e+01,0.0000000000e+00,nan,nan,nan,nan,nan,nan
-3.1115899552e-04,3.9843470874e-05,5.0895155871e+01,3.2070177666e+01,-2.0785600006e+00,7.2080275814e+01,6.6023864580e+01,-1.7207268710e+01,6.6023864580e+01,1.7207268710e+01,0.0000000000e+00,nan,nan,nan,nan,nan,nan
-2.6226704386e-04,4.8917678623e-05,5.1756655959e+01,4.2388157586e+01,-1.3089669884e+01,9.2426758399e+01,7.2696106879e+01,-3.4029120805e+01,7.2696106879e+01,3.4029120805e+01,0.0000000000e+00,nan,nan,nan,nan,nan,nan
2.7646995991e-04,2.9472206564e-06,2.3595135568e+01,-2.1755366158e+01,-9.8673854445e+00,4.7528084805e+01,3.4304227618e+01,-2.0576477495e+01,3.4304227619e+01,2.0576477495e+01,0.0000000000e+00,nan,nan,nan,nan,nan,nan
2.8096060936e-04,6.0753186759e-06,2.3428411680e+01,-2.1635346760e+01,-7.9381165587e+00,4.6279442428e+01,3.4464596104e+01,-1.8974300983e+01,3.4464596104e+01,1.8974300983e+01,0.0000000000e+00,nan,nan,nan,nan,nan,nan
2.8444323504e-04,3.1561447515e-06,2.3413317677e+01,-2.1950061736e+01,-6.7893090402e+00,4.6145624910e+01,3.4954193282e+01,-1.8330184645e+01,3.4954193281e+01,1.8330184645e+01,0.0000000000e+00,nan,nan,nan,nan,nan,nan
2.8483928160e-04,6.2497370929e-06,2.3040577660e+01,-2.1742046376e+01,-6.5876674033e+00,4.5566325287e+01,3.4534185298e+01,-1.8081275042e+01,3.4534185307e+01,1.8081275042e+01,0.0000000000e+00,nan,nan,nan,nan,nan,nan
-3.2483317803e-04,4.8541410464e-05,3.5060331551e+01,2.5310675271e+01,-4.4031363384e+00,5.5620785253e+01,4.7441272945e+01,-1.6784077732e+01,4.7441272945e+01,1.6784077735e+01,0.0000000000e+00,nan,nan,nan,nan,nan,nan
-3.2045808251e-04,4.8782732835e-05,4.0388782031e+01,2.7949926591e+01,-3.0568105740e+00,6.1603862143e+01,5.4232992120e+01,-1.6901020663e+01,5.4232992120e+01,1.6901020662e+01,0.0000000000e+00,nan,nan,nan,nan,nan,nan
-2.4002189809e-04,2.9484662865e-05,1.2968902535e+02,4.7780433005e+01,-2.4562697226e+01,1.5713869990e+02,1.4328723475e+02,-3.8160906627e+01,1.4328723475e+02,3.8160906627e+01,0.0000000000e+00,nan,nan,nan,nan,nan,nan
-2.3627816607e-04,2.5682647338e-05,1.4593148079e+02,4.7081695876e+01,-2.7327556487e+01,1.7077019121e+02,1.5789617801e+02,-3.9292253714e+01,1.5789617801e+02,3.9292253714e+01,0.0000000000e+00,nan,nan,nan,nan,nan,nan
-2.2145291033e-04,4.9242492821e-05,6.9268512997e+01,3.7806236086e+01,-2.5931346365e+01,1.0528218544e+02,8.2453281423e+01,-3.9116114791e+01,8.2453281423e+01,3.9116114791e+01,0.0000000000e+00,nan,nan,nan,nan,nan,nan
3.5680036848e-04,4.1228741905e-06,-2.5363135243e-01,-1.2550652016e+01,2.9601328266e+00,2.1912120920e+01,1.4004219649e+01,-1.1297718175e+01,1.4004219649e+01,1.1297717606e+01,0.0000000000e+00,nan,nan,nan,nan,nan,nan
-2.9253870806e-04,3.2697935750e-06,2.9552138799e+02,7.5516140279e+01,1.1765135655e+00,2.8649408745e+02,3.1375638929e+02,-1.7058487731e+01,3.1375638929e+02,1.7058487731e+01,0.0000000000e+00,nan,nan,nan,nan,nan,nan
-1.9478284158e-04,2.4740186013e-05,1.4744299224e+02,3.2951417978e+01,-3.9352812193e+01,1.7154016334e+02,1.5308384951e+02,-4.4993669459e+01,1.5308384951e+02,4.4993669459e+01,0.0000000000e+00,nan,nan,nan,nan,nan,nan
-1.4370808198e-04,5.8440816302e-05,6.3092387652e+01,1.7859526190e+01,-3.7609814561e+01,9.2532596933e+01,6.6165006294e+01,-4.0682433202e+01,6.6165006294e+01,4.0682433202e+01,0.0000000000e+00,nan,nan,nan,nan,nan,nan
-1.1838394357e-04,5.7851780654e-05,6.5960612821e+01,1.2042232623e+01,-4.0034248666e+01,9.4132821107e+01,6.7310791683e+01,-4.1384427528e+01,6.7310791683e+01,4.1384427528e+01,0.0000000000e+00,nan,nan,nan,nan,nan,nan
1.7642746420e-04,1.3673061682e-04,-3.8556345148e+00,-4.1308059813e+00,-1.3696127583e+01,1.1126229234e+01,-2.3521496054e+00,-1.5199612492e+01,-5.8501092307e-03,1.5199612492e+01,0.0000000000e+00,nan,nan,nan,nan,nan,nan
-5.4454595903e-05,2.5718895999e-05,1.3954881424e+02,-6.2623530106e-01,-4.8088198008e+01,1.6250145126e+02,1.3955056475e+02,-4.8089948512e+01,1.3955056475e+02,4.8089948512e+01,0.0000000000e+00,nan,nan,nan,nan,nan,nan
-5.0781929096e-05,2.5730327370e-05,1.3962408614e+02,-1.3287285977e+00,-4.7889695017e+01,1.6240743730e+02,1.3963317320e+02,-4.7898782081e+01,1.3963317320e+02,4.7898782081e+01,0.0000000000e+00,nan,nan,nan,nan,nan,nan
3.8827790939e-04,4.3444102283e-06,1.2118898380e+01,-2.0664228095e+01,2.5280148932e+01,3.7505766237e+01,4.0353487889e+01,-2.9544405767e+00,4.0353487889e+01,2.7506735859e+00,0.0000000000e+00,nan,nan,nan,nan,nan,nan
3.8873260619e-04,9.1782446440e-06,5.3227916397e+00,-2.1772471523e+01,3.0077397196e+01,4.3243729148e+01,4.2666873082e+01,-7.2666842467e+00,4.2666873082e+01,7.3111210941e+00,0.0000000000e+00,nan,nan,nan,nan,nan,nan
2.8835401695e-04,3.2721962958e-06,2.3124219172e+01,-2.2067914779e+01,-5.6623769038e+00,4.5632062893e+01,3.5076604929e+01,-1.7614762661e+01,3.5076604927e+01,1.7614762661e+01,0.0000000000e+00,nan,nan,nan,nan,nan,nan
1.7222553266e-04,1.3149834483e-04,-5.3558057067e+00,-3.2813441944e+00,-1.4529912447e+01,9.7659205247e+00,-4.3045022330e+00,-1.5581215921e+01,-4.4322501249e-04,1.5581215921e+01,0.0000000000e+00,nan,nan,nan,nan,nan,nan
1.3901681457e-04,1.2877456057e-04,-9.3061169003e+00,-1.2191482064e+00,-1.6867296357e+01,6.8824456317e+00,-9.1131247906e+00,-1.7060288467e+01,-1.9235334742e-06,1.7060288467e+01,0.0000000000e+00,nan,nan,nan,nan,nan,nan
1.3886346665e-04,1.2505311054e-04,-9.7606346024e+00,-9.0537853865e-01,-1.6939625148e+01,6.4141643800e+00,-9.6469103438e+00,-1.7053349407e+01,2.7417799722e-07,1.7053349407e+01,0.0000000000e+00,nan,nan,nan,nan,nan,nan
-1.3270565303e-05,3.0812690214e-05,1.2719688671e+02,-8.3650981708e+00,-4.2698963626e+01,1.4784513436e+02,1.2760738966e+02,-4.3109466581e+01,1.2760738966e+02,4.3109466581e+01,0.0000000000e+00,nan,nan,nan,nan,nan,nan
8.0498642991e-06,3.1186856304e-05,1.2569301176e+02,-1.2436019596e+01,-3.7772454961e+01,1.4319362220e+02,1.2663315472e+02,-3.8712597921e+01,1.2663315472e+02,3.8712597921e+01,0.0000000000e+00,nan,nan,nan,nan,nan,nan
1.3677771267e-04,7.7983775350e-05,4.5573218734e+00,-3.0600250065e+00,-1.8371305707e+01,2.0549029486e+01,4.9569957888e+00,-1.8770979622e+01,4.9599000299e+00,1.8770979622e+01,0.0000000000e+00,nan,nan,nan,nan,nan,nan
-7.7530438982e-05,9.4923944730e-05,1.2514486572e+01,2.9625635525e+00,-3.4927490576e+01,4.1403759496e+01,1.2697969688e+01,-3.5110973693e+01,1.2698051510e+01,3.5110973693e+01,0.0000000000e+00,nan,nan,nan,nan,nan,nan
-2.2237513941e-04,1.5313017222e-05,1.8754259612e+02,4.0566254768e+01,-3.6055888383e+01,2.0599174571e+02,1.9467274371e+02,-4.3186035970e+01,1.9467274371e+02,4.3186035970e+01,0.0000000000e+00,nan,nan,nan,nan,nan,nan
1.0525406141e-04,9.1792045089e-05,1.1443286691e-01,1.0800684763e+00,-2.2772742763e+01,1.9914784464e+01,1.6865122352e-01,-2.2826961119e+01,3.0317767202e-01,2.2826961119e+01,0.0000000000e+00,nan,nan,nan,nan,nan,nan
1.0081479516e-04,3.5706529631e-05,6.6801249249e+01,-1.6442281651e+01,-1.9822169337e+01,8.0244376471e+01,6.9818652312e+01,-2.2839572401e+01,6.9818652312e+01,2.2839572401e+01,0.0000000000e+00,nan,nan,nan,nan,nan,nan
1.2296943430e-04,3.8188277108e-05,4.8133217182e+01,-1.1896029536e+01,-2.0924299506e+01,6.3257410738e+01,5.0126141956e+01,-2.2917224280e+01,5.0126141956e+01,2.2917224280e+01,0.0000000000e+00,nan,nan,nan,nan,nan,nan
1.3060926174e-04,3.9166286647e-05,4.2913832022e+01,-1.0635318368e+01,-2.1200750607e+01,5.8502856574e+01,4.4633180699e+01,-2.2920099284e+01,4.4633180699e+01,2.2920099284e+01,0.0000000000e+00,nan,nan,nan,nan,nan,nan
1.5775540262e-04,4.3080171583e-05,2.8976585433e+01,-9.2137750636e+00,-1.7750523886e+01,4.3500090685e+01,3.0727819841e+01,-1.9501758293e+01,3.0727819844e+01,1.9501758293e+01,0.0000000000e+00,nan,nan,nan,nan,nan,nan
9.1751348224e-05,8.7321028178e-05,4.7722750517e+00,4.6816813352e-01,-2.2683398934e+01,2.3797308309e+01,4.7838204171e+00,-2.2694944299e+01,4.7844920950e+00,2.2694944299e+01,0.0000000000e+00,nan,nan,nan,nan,nan,nan
1.8873228577e-04,4.8083422580e-05,2.0190833950e+01,-9.7058778998e+00,-1.4789744913e+01,3.4645782667e+01,2.2703296468e+01,-1.7302207431e+01,2.2703319610e+01,1.7302207431e+01,0.0000000000e+00,nan,nan,nan,nan,nan,nan
7.5715847156e-05,8.2549362436e-05,1.1494384586e+01,-5.5175153583e-01,-2.2567226810e+01,2.9518726871e+01,1.1506223793e+01,-2.2579066016e+01,1.1506227702e+01,2.2579066015e+01,0.0000000000e+00,nan,nan,nan,nan,nan,nan
7.2611730137e-05,8.1701415346e-05,1.2926906856e+01,-7.8761288578e-01,-2.2546970716e+01,3.0756134666e+01,1.2947030699e+01,-2.2567094559e+01,1.2947029855e+01,2.2567094559e+01,0.0000000000e+00,nan,nan,nan,nan,nan,nan
2.8867433179e-04,1.1521434858e-04,-2.8802012763e+00,-8.1487335458e+00,-6.8403799534e+00,1.4523788442e+01,3.5250225518e+00,-1.3245603781e+01,3.5250225517e+00,1.3245603781e+01,0.0000000000e+00,nan,nan,nan,nan,nan,nan
2.8087388376e-04,1.1346605382e-04,-2.7566666626e+00,-8.0139610025e+00,-7.6077100516e+00,1.4501612141e+01,3.1903213164e+00,-1.3554698031e+01,3.1903213241e+00,1.3554698031e+01,0.0000000000e+00,nan,nan,nan,nan,nan,nan
5.0461480056e-05,1.3314888967e-04,-5.0962952883e+01,-1.4507585046e+01,-4.0349554819e+01,2.6607755007e+01,-3.0294259335e+01,-6.1018248367e+01,6.4036923641e-05,6.1018252452e+01,0.0000000000e+00,nan,nan,nan,nan,nan,nan
-3.6178220970e-05,2.5792850502e-05,1.3989216286e+02,-4.0770945629e+00,-4.6750183383e+01,1.6179062730e+02,1.3998085196e+02,-4.6838872485e+01,1.3998085196e+02,4.6838872485e+01,0.0000000000e+00,nan,nan,nan,nan,nan,nan
-1.7891867772e-05,2.5930193175e-05,1.3998607533e+02,-7.4745380366e+00,-4.4386838325e+01,1.6019498813e+02,1.4028823802e+02,-4.4689001021e+01,1.4028823802e+02,4.4689001021e+01,0.0000000000e+00,nan,nan,nan,nan,nan,nan
2.6013310638e-04,1.0143720347e-04,-3.0801771395e+00,-7.1609425726e+00,-9.9144340290e+00,1.3742219878e+01,1.4367687617e+00,-1.4431379930e+01,1.4366752184e+00,1.4431379930e+01,0.0000000000e+00,nan,nan,nan,nan,nan,nan
2.5561951712e-04,9.6748680941e-05,-3.2904129234e+00,-6.7988344647e+00,-1.0556991210e+01,1.3351151742e+01,7.8458898604e-01,-1.4631993119e+01,7.8285918404e-01,1.4631993119e+01,0.0000000000e+00,nan,nan,nan,nan,nan,nan
-3.3332441188e-06,2.6096462290e-05,1.3971522988e+02,-1.0250006978e+01,-4.1607875058e+01,1.5803006687e+02,1.4029237906e+02,-4.2185024240e+01,1.4029237906e+02,4.2185024240e+01,0.0000000000e+00,nan,nan,nan,nan,nan,nan
3.9123043835e-06,2.6200741038e-05,1.3942897394e+02,-1.1704658466e+01,-3.9890969700e+01,1.5661244815e+02,1.4018924122e+02,-4.0651236978e+01,1.4018924122e+02,4.0651236978e+01,0.0000000000e+00,nan,nan,nan,nan,nan,nan
-1.4810626114e-04,7.3820209117e-06,1.9533707377e+02,1.7682687549e+01,-4.9742865302e+01,2.1444298358e+02,1.9660581853e+02,-5.1011610059e+01,1.9660581853e+02,5.1011610059e+01,0.0000000000e+00,nan,nan,nan,nan,nan,nan
-1.4031102241e-04,7.3772019438e-06,1.9409300315e+02,1.6025280594e+01,-5.0291400979e+01,2.1345467286e+02,1.9513891392e+02,-5.1337311749e+01,1.9513891392e+02,5.1337311749e+01,0.0000000000e+00,nan,nan,nan,nan,nan,nan
-1.1299640904e-04,7.3666124462e-06,1.9096137999e+02,1.0552265983e+01,-5.1681132803e+01,2.1092736018e+02,1.9141909177e+02,-5.2138844588e+01,1.9141909177e+02,5.2138844588e+01,0.0000000000e+00,nan,nan,nan,nan,nan,nan
-8.9553303968e-05,7.3653759547e-06,1.8962390901e+02,6.1770678258e+00,-5.2200727538e+01,2.0969892406e+02,1.8978132099e+02,-5.2358139523e+01,1.8978132099e+02,5.2358139523e+01,0.0000000000e+00,nan,nan,nan,nan,nan,nan
-8.1734220329e-05,7.3668640360e-06,1.8942847568e+02,4.7675462371e+00,-5.2215240918e+01,2.0943200915e+02,1.8952224424e+02,-5.2309009482e+01,1.8952224424e+02,5.2309009482e+01,0.0000000000e+00,nan,nan,nan,nan,nan,nan
-5.8275252713e-05,7.3792281294e-06,1.8953500623e+02,6.4144064182e-01,-5.1665325793e+01,2.0888815480e+02,1.8953647262e+02,-5.1666792182e+01,1.8953647262e+02,5.1666792182e+01,0.0000000000e+00,nan,nan,nan,nan,nan,nan
-5.0451466379e-05,7.3861656200e-06,1.8978993439e+02,-7.1364664490e-01,-5.1246322710e+01,2.0874676407e+02,1.8979180627e+02,-5.1248194585e+01,1.8979180627e+02,5.1248194585e+01,0.0000000000e+00,nan,nan,nan,nan,nan,nan
4.4753719445e-05,1.1883831652e-04,-1.7413178474e+01,-3.3019510640e+00,-3.4637977296e+01,1.5893271353e+01,-1.6849593391e+01,-3.5201562379e+01,-2.9712123524e-04,3.5201562380e+01,0.0000000000e+00,nan,nan,nan,nan,nan,nan
-3.4886675471e-04,5.6019450156e-06,1.2223962391e+02,6.3591789159e+01,9.5475722701e+00,1.4714825836e+02,1.5084968467e+02,-1.9062488482e+01,1.5084968467e+02,1.9062489014e+01,0.0000000000e+00,nan,nan,nan,nan,nan,nan
-3.5428184908e-06,7.4732585193e-06,1.9337960548e+02,-9.0602240033e+00,-4.5332610442e+01,2.0732496923e+02,1.9372262431e+02,-4.5675629275e+01,1.9372262431e+02,4.5675629275e+01,0.0000000000e+00,nan,nan,nan,nan,nan,nan
4.2597209112e-06,7.4969979275e-06,1.9430937912e+02,-1.0580092097e+01,-4.3681460916e+01,2.0691845500e+02,1.9477838480e+02,-4.4150466594e+01,1.9477838480e+02,4.4150466594e+01,0.0000000000e+00,nan,nan,nan,nan,nan,nan
2.7620540318e-05,7.5844252830e-06,1.9780052415e+02,-1.5658492542e+01,-3.7598539794e+01,2.0565656850e+02,1.9883686736e+02,-3.8634883008e+01,1.9883686736e+02,3.8634883008e+01,0.0000000000e+00,nan,nan,nan,nan,nan,nan
1.1327627115e-04,3.0401096157e-05,7.3225333106e+01,-1.8242308242e+01,-1.9415446933e+01,8.6229740225e+01,7.6689706817e+01,-2.2879820645e+01,7.6689706817e+01,2.2879820645e+01,0.0000000000e+00,nan,nan,nan,nan,nan,nan
3.5381383519e-05,7.6173893693e-06,1.9927456590e+02,-1.7585853814e+01,-3.5262326388e+01,2.0538470623e+02,2.0058503518e+02,-3.6572795672e+01,2.0058503518e+02,3.6572795672e+01,0.0000000000e+00,nan,nan,nan,nan,nan,nan
2.6185182686e-04,8.7184935175e-05,-3.2448515269e+00,-6.9328944760e+00,-1.0608220147e+01,1.3595232205e+01,9.2267513590e-01,-1.4775746810e+01,9.2036518040e-01,1.4775746810e+01,0.0000000000e+00,nan,nan,nan,nan,nan,nan
3.8117290910e-04,1.2712051915e-05,3.2776756010e+00,-1.8351060648e+01,2.0052824453e+01,3.4922822811e+01,3.1827951177e+01,-8.4974511238e+00,3.1827951177e+01,8.4930046529e+00,0.0000000000e+00,nan,nan,nan,nan,nan,nan
1.2076608635e-04,3.1090264381e-05,6.5292123584e+01,-1.6341520201e+01,-1.9873041826e+01,7.9002269904e+01,6.8321522675e+01,-2.2902440917e+01,6.8321522675e+01,2.2902440917e+01,0.0000000000e+00,nan,nan,nan,nan,nan,nan
3.4890594958e-04,3.7538860840e-06,-2.0536424954e+00,-1.2363221857e+01,-4.7020215533e-01,2.1449004361e+01,1.1121666117e+01,-1.3645510767e+01,1.1121666117e+01,1.3645510774e+01,0.0000000000e+00,nan,nan,nan,nan,nan,nan
5.4559183783e-05,1.2507924966e-04,-2.1464448949e+01,-9.7527547066e-01,-3.3647053206e+01,1.0374642066e+01,-2.1565948688e+01,-3.3545553467e+01,6.4445349648e-04,3.3545554989e+01,0.0000000000e+00,nan,nan,nan,nan,nan,nan
6.2423548223e-05,7.7430532573e-06,2.0648678122e+02,-2.5632050765e+01,-2.6569765181e+01,2.0665527502e+02,2.0927098668e+02,-2.9353970640e+01,2.0927098668e+02,2.9353970640e+01,0.0000000000e+00,nan,nan,nan,nan,nan,nan
-2.3884828573e-04,7.3608354027e-05,7.3636280786e+00,2.7978785685e+01,-1.9542894518e+01,5.3765221143e+01,2.4951731681e+01,-3.7130998120e+01,2.4951731681e+01,3.7130998120e+01,0.0000000000e+00,nan,nan,nan,nan,nan,nan
8.5446701991e-05,7.8375165561e-06,2.1741998501e+02,-3.4600916631e+01,-1.9635630590e+01,2.1386007292e+02,2.2236434788e+02,-2.4579993458e+01,2.2236434788e+02,2.4579993458e+01,0.0000000000e+00,nan,nan,nan,nan,nan,nan
-1.4030443398e-04,8.7092925353e-05,1.9612311318e+01,1.4077446606e+01,-3.2184411415e+01,5.1053945459e+01,2.3189959105e+01,-3.5762059202e+01,2.3189959166e+01,3.5762059202e+01,0.0000000000e+00,nan,nan,nan,nan,nan,nan
1.0841470181e-04,7.8768126610e-06,2.3872836830e+02,-4.5323466419e+01,-1.5012409644e+01,2.3334219857e+02,2.4657816049e+02,-2.2862201832e+01,2.4657816049e+02,2.2862201832e+01,0.0000000000e+00,nan,nan,nan,nan,nan,nan
3.5658895510e-04,6.3524187015e-05,-5.2671643054e+00,-1.0923751274e+01,4.5281199731e+00,2.0730354398e+01,1.1599153526e+01,-1.2338197858e+01,1.1599153526e+01,1.2338197858e+01,0.0000000000e+00,nan,nan,nan,nan,nan,nan
1.5562141520e-04,3.5052891323e-05,3.9531557281e+01,-1.1555427545e+01,-1.8132516283e+01,5.3800433616e+01,4.1761215329e+01,-2.0362174332e+01,4.1761215329e+01,2.0362174332e+01,0.0000000000e+00,nan,nan,nan,nan,nan,nan
3.5312406187e-04,6.2694655222e-05,-4.8035591130e+00,-1.1227139370e+01,3.6653289974e+00,2.0778119177e+01,1.1427137643e+01,-1.2565367758e+01,1.1427137643e+01,1.2565367758e+01,0.0000000000e+00,nan,nan,nan,nan,nan,nan
1.1611836168e-04,7.8859574259e-06,2.3281374345e+02,-4.5305199760e+01,-1.4654866843e+01,2.2822812389e+02,2.4084700707e+02,-2.2688130462e+01,2.4084700707e+02,2.2688130462e+01,0.0000000000e+00,nan,nan,nan,nan,nan,nan
-4.1336329899e-05,4.5415046073e-05,9.2957892513e+01,-3.4446032203e+00,-4.3638230806e+01,1.1844548910e+02,9.3044365867e+01,-4.3724704161e+01,9.3044365867e+01,4.3724704161e+01,0.0000000000e+00,nan,nan,nan,nan,nan,nan
1.6340377140e-04,3.6086617148e-05,3.5545076611e+01,-1.1222549542e+01,-1.7190402774e+01,4.9635164061e+01,3.7834212250e+01,-1.9479538413e+01,3.7834212250e+01,1.9479538413e+01,0.0000000000e+00,nan,nan,nan,nan,nan,nan
-2.7765017420e-05,4.5590409845e-05,9.2553446033e+01,-5.7033959823e+00,-4.2355198635e+01,1.1725066893e+02,9.2793828971e+01,-4.2595581572e+01,9.2793828970e+01,4.2595581572e+01,0.0000000000e+00,nan,nan,nan,nan,nan,nan
2.2997740791e-04,1.0515071280e-04,-3.9602545187e+00,-5.5442908632e+00,-1.2010683085e+01,1.1866136302e+01,-1.1345518137e+00,-1.4836385790e+01,-2.1121402380e-03,1.4836385790e+01,0.0000000000e+00,nan,nan,nan,nan,nan,nan
-1.3944820418e-04,6.7601121701e-05,4.7398088870e+01,1.6031453481e+01,-3.5996615745e+01,7.7374208948e+01,5.0372756927e+01,-3.8971283802e+01,5.0372756927e+01,3.8971283802e+01,0.0000000000e+00,nan,nan,nan,nan,nan,nan
2.8279884135e-04,7.3176018482e-05,-2.7245796061e+00,-8.0863285887e+00,-9.3748004504e+00,1.5142353657e+01,2.6927519316e+00,-1.4792131988e+01,2.6927497500e+00,1.4792131988e+01,0.0000000000e+00,nan,nan,nan,nan,nan,nan
3.6606568733e-04,4.8723926872e-05,-5.1499888176e+00,-1.2100459648e+01,8.7134743672e+00,2.4145945780e+01,1.5722411071e+01,-1.2158925521e+01,1.5722411071e+01,1.2158925568e+01,0.0000000000e+00,nan,nan,nan,nan,nan,nan
3.3628960025e-04,4.4320872348e-05,-1.6858209168e+00,-1.2399938882e+01,-1.6512344811e+00,2.1473141997e+01,1.0728996614e+01,-1.4066052011e+01,1.0728996614e+01,1.4066052011e+01,0.0000000000e+00,nan,nan,nan,nan,nan,nan
2.1686470489e-04,9.4444176293e-05,-5.0643377415e+00,-4.0292834774e+00,-1.3767516798e+01,1.0269782297e+01,-3.4866656960e+00,-1.5345188843e+01,2.0047749982e-06,1.5345188843e+01,0.0000000000e+00,nan,nan,nan,nan,nan,nan
3.7179483152e-05,1.0559145282e-04,-1.9614368936e-01,-7.6309189768e-01,-3.0794527051e+01,2.6516269880e+01,-1.8615981688e-01,-3.0804510923e+01,-9.3451527313e-02,3.0804510923e+01,0.0000000000e+00,nan,nan,nan,nan,nan,nan
3.1929704252e-05,1.0432926196e-04,-3.4585222924e-02,-2.5099196963e+00,-3.2156084327e+01,2.8145232490e+01,1.5432277954e-01,-3.2344992330e+01,7.2915710851e-02,3.2344992330e+01,0.0000000000e+00,nan,nan,nan,nan,nan,nan
1.9458318679e-04,4.0534437404e-05,2.4088416474e+01,-1.0715898528e+01,-1.4799508620e+01,3.8453964291e+01,2.6845860562e+01,-1.7556952708e+01,2.6845862526e+01,1.7556952708e+01,0.0000000000e+00,nan,nan,nan,nan,nan,nan
3.0180646430e-04,9.9190387438e-05,-3.2622738787e+00,-8.8431010642e+00,-5.7513855904e+00,1.5466382676e+01,4.4226904668e+00,-1.3436349936e+01,4.4226904668e+00,1.3436349936e+01,0.0000000000e+00,nan,nan,nan,nan,nan,nan
4.4509351166e-05,9.6852341943e-05,1.0903605000e+01,4.2839387324e+00,-2.1726352044e+01,2.9208528799e+01,1.1452178443e+01,-2.2274925487e+01,1.1452014477e+01,2.2274925487e+01,0.0000000000e+00,nan,nan,nan,nan,nan,nan
1.9745440216e-04,9.2544444585e-05,-6.2818878741e+00,-2.2620352120e+00,-1.5643286302e+01,8.9993924816e+00,-5.7667854165e+00,-1.6158388760e+01,1.4615307414e-05,1.6158388760e+01,0.0000000000e+00,nan,nan,nan,nan,nan,nan
1.9810118692e-04,9.6309979835e-05,-6.2007333685e+00,-2.5643546551e+00,-1.5232546330e+01,8.9907909751e+00,-5.5258042595e+00,-1.5907475439e+01,-1.7844263070e-06,1.5907475439e+01,0.0000000000e+00,nan,nan,nan,nan,nan,nan
1.9472669929e-04,9.8879045733e-05,-6.3860111064e+00,-2.4323530403e+00,-1.5319981928e+01,8.8056531911e+00,-5.7690502775e+00,-1.5936942758e+01,1.1429215880e-06,1.5936942758e+01,0.0000000000e+00,nan,nan,nan,nan,nan,nan
1.9871387808e-04,1.0008515270e-04,-6.0724709203e+00,-2.8799604372e+00,-1.4838337570e+01,9.0796488071e+00,-5.2132665622e+00,-1.5697541928e+01,1.4974407153e-07,1.5697541928e+01,0.0000000000e+00,nan,nan,nan,nan,nan,nan
-2.2087328564e-04,4.5251153509e-05,8.0473124868e+01,3.8887213046e+01,-2.6978706017e+01,1.1487018919e+02,9.3067544073e+01,-3.9573125223e+01,9.3067544073e+01,3.9573125223e+01,0.0000000000e+00,nan,nan,nan,nan,nan,nan
-2.8011173504e-04,5.7622996771e-05,1.4993673116e+01,3.5060107129e+01,-9.0984932981e+00,6.4188836529e+01,4.0007031960e+01,-3.4111852141e+01,4.0007031960e+01,3.4111852141e+01,0.0000000000e+00,nan,nan,nan,nan,nan,nan
-2.8110199924e-04,6.3671443407e-05,-3.4656547008e+00,2.9873590186e+01,-1.0132057691e+01,5.2034438701e+01,2.3243240995e+01,-3.6840953387e+01,2.3243240995e+01,3.6840953387e+01,0.0000000000e+00,nan,nan,nan,nan,nan,nan
2.6361183870e-04,1.2810870891e-04,-2.0312374079e+00,-7.4260904902e+00,-8.6640275442e+00,1.4086051566e+01,2.7849531873e+00,-1.3480218139e+01,2.7849532675e+00,1.3480218139e+01,0.0000000000e+00,nan,nan,nan,nan,nan,nan
3.6252960195e-04,4.8067467840e-05,-4.5216328420e+00,-1.2532609043e+01,7.5025736246e+00,2.4067808280e+01,1.5386025980e+01,-1.2405085198e+01,1.5386025980e+01,1.2405085197e+01,0.0000000000e+00,nan,nan,nan,nan,nan,nan
3.6666506761e-04,5.3414608753e-05,-5.7456127635e+00,-1.1302682932e+01,8.3464741248e+00,2.3059360376e+01,1.4613758601e+01,-1.2012897240e+01,1.4613758601e+01,1.2012897232e+01,0.0000000000e+00,nan,nan,nan,nan,nan,nan
3.5275476761e-04,5.8548688206e-05,-4.4001662191e+00,-1.1709003521e+01,3.7417827953e+00,2.1465937940e+01,1.2064173336e+01,-1.2722556760e+01,1.2064173336e+01,1.2722556760e+01,0.0000000000e+00,nan,nan,nan,nan,nan,nan
3.0567599938e-04,1.0000114132e-04,-3.3956832925e+00,-8.8963838447e+00,-5.2586822595e+00,1.5491876203e+01,4.6170561198e+00,-1.3271421672e+01,4.6170561198e+00,1.3271421672e+01,0.0000000000e+00,nan,nan,nan,nan,nan,nan
-3.7828802943e-04,3.9729884951e-06,7.6153257131e+01,6.0780320324e+01,3.1642500131e+01,1.1206142771e+02,1.1859657409e+02,-1.0800816824e+01,1.1859657409e+02,1.0849762199e+01,0.0000000000e+00,nan,nan,nan,nan,nan,nan
-2.7151844928e-04,3.9530305415e-05,7.7337687086e+01,4.6532944871e+01,-8.3987368750e+00,1.0958010133e+02,9.7735576103e+01,-2.8796625892e+01,9.7735576103e+01,2.8796625892e+01,0.0000000000e+00,nan,nan,nan,nan,nan,nan
-3.7435388652e-04,3.8168491632e-06,7.0277333349e+01,5.4685733775e+01,2.1084168736e+01,1.0376543830e+02,1.0558975478e+02,-1.4228252693e+01,1.0558975478e+02,1.4218160897e+01,0.0000000000e+00,nan,nan,nan,nan,nan,nan
-3.6454697731e-04,6.8977296927e-06,7.1869832010e+01,4.7284346251e+01,9.2931494427e+00,9.8163387709e+01,9.7256149045e+01,-1.6093167592e+01,9.7256149045e+01,1.6092520341e+01,0.0000000000e+00,nan,nan,nan,nan,nan,nan
-3.6275659293e-04,1.0531258723e-05,6.5423882537e+01,4.4184231084e+01,9.0013735406e+00,9.0767450859e+01,8.9617240226e+01,-1.5191984148e+01,8.9617240226e+01,1.5191495085e+01,0.0000000000e+00,nan,nan,nan,nan,nan,nan
-3.6048529806e-04,6.5630983514e-06,9.7222920574e+01,5.5926935791e+01,9.5939210232e+00,1.2298859046e+02,1.2441591661e+02,-1.7599075012e+01,1.2441591661e+02,1.7599174481e+01,0.0000000000e+00,nan,nan,nan,nan,nan,nan
-3.5696377762e-04,1.3529828080e-05,6.2902701632e+01,4.0336689598e+01,5.3326375075e+00,8.5798536083e+01,8.3653477473e+01,-1.5418138334e+01,8.3653477473e+01,1.5418180152e+01,0.0000000000e+00,nan,nan,nan,nan,nan,nan
-1.4491426343e-04,4.9476424893e-05,8.1036658817e+01,1.8844654104e+01,-3.9640083388e+01,1.0948591074e+02,8.3910007751e+01,-4.2513432322e+01,8.3910007751e+01,4.2513432322e+01,0.0000000000e+00,nan,nan,nan,nan,nan,nan
3.3573325154e-04,4.0475049860e-05,-1.3399392766e+00,-1.2475185400e+01,-2.1491057126e+00,2.1614821877e+01,1.0734800734e+01,-1.4223845724e+01,1.0734800734e+01,1.4223845724e+01,0.0000000000e+00,nan,nan,nan,nan,nan,nan
-3.8294498390e-04,9.3110815684e-06,1.0784514687e+02,9.4375017414e+01,6.8527261934e+01,1.6686300603e+02,1.8452460585e+02,-8.1521970436e+00,1.8452460585e+02,8.2252847272e+00,1.0000000000e+00,3.2090588408e+00,2.3232977674e+00,2.2136725431e+00,2.3932705387e+01,-6.8981986711e-01,7.2398104322e-01
3.6288644208e-04,5.6711861956e-05,-5.5059576149e+00,-1.1255244160e+01,6.8402125637e+00,2.2228449167e+01,1.3500728585e+01,-1.2166473636e+01,1.3500728585e+01,1.2166473639e+01,0.0000000000e+00,nan,nan,nan,nan,nan,nan
9.4671409842e-05,1.4795534926e-04,-4.0815189522e+00,-3.4161999871e+00,-1.8748659437e+01,1.4011773783e+01,-3.3253878295e+00,-1.9504790560e+01,6.5831865961e-02,1.9504788436e+01,0.0000000000e+00,nan,nan,nan,nan,nan,nan
9.4309963082e-05,1.5101821019e-04,-9.1138573156e-01,-3.3569882834e+00,-1.8781152652e+01,1.6524757445e+01,-3.0569603281e-01,-1.9386842351e+01,-1.4001084109e-01,1.9386796627e+01,0.0000000000e+00,nan,nan,nan,nan,nan,nan
-1.1804561806e-04,1.1480739261e-04,-6.6465471639e+00,9.0759069543e+00,-3.0054461842e+01,2.5648790376e+01,-3.5421684747e+00,-3.3158840531e+01,-4.2357999262e-03,3.3158840531e+01,1.0000000000e+00,1.9104293117e+01,1.8846304948e+01,3.1290262583e+00,2.1306991500e+01,-1.6378654992e-01,9.8649580134e-01
1.0519476188e-04,1.1593254319e-04,-9.4737551911e+00,3.2071370236e+00,-2.2005532912e+01,1.2184516418e+01,-8.7049102175e+00,-2.2774377886e+01,3.7150552808e-06,2.2774377885e+01,0.0000000000e+00,nan,nan,nan,nan,nan,nan
3.3396956191e-04,5.5474083041e-05,-2.5494991192e+00,-1.1731395637e+01,-1.5648147173e+00,2.0333589093e+01,9.6824462180e+00,-1.3796760054e+01,9.6824462180e+00,1.3796760054e+01,0.0000000000e+00,nan,nan,nan,nan,nan,nan
-1.0262956336e-04,1.0970936691e-04,-2.1626356033e+00,7.2962684645e+00,-3.1423431601e+01,2.8314134556e+01,-4.4586039406e-01,-3.3140206810e+01,-1.2623200463e-01,3.3140206810e+01,0.0000000000e+00,nan,nan,nan,nan,nan,nan
-9.9429485716e-05,1.1374907159e-04,-5.8274381221e+00,6.9852506812e+00,-3.1063040447e+01,2.4976665007e+01,-4.0249550189e+00,-3.2865523550e+01,-1.0077566165e-02,3.2865523550e+01,0.0000000000e+00,nan,nan,nan,nan,nan,nan
-9.5179193225e-05,1.1569278671e-04,-7.6678033602e+00,6.5509702668e+00,-3.1014393926e+01,2.3180867984e+01,-5.9576182724e+00,-3.2724579014e+01,3.1504363674e-03,3.2724579014e+01,0.0000000000e+00,nan,nan,nan,nan,nan,nan
1.6164946638e-04,1.5363651014e-04,4.2877146998e-01,-4.3658821175e+00,-1.3551992094e+01,1.4273268615e+01,1.6790651650e+00,-1.4802285789e+01,1.6972985816e+00,1.4802285789e+01,0.0000000000e+00,nan,nan,nan,nan,nan,nan
3.0807762831e-04,8.9102103981e-05,-3.2705334554e+00,-9.3146221763e+00,-5.1963034984e+00,1.6217823644e+01,5.1299463699e+00,-1.3596783324e+01,5.1299463698e+00,1.3596783324e+01,0.0000000000e+00,nan,nan,nan,nan,nan,nan
1.1771346441e-04,1.5050941120e-04,-1.8785803210e+00,-1.9289465968e+00,-1.7011718196e+01,1.3527570273e+01,-1.6350029197e+00,-1.7255295597e+01,-2.5031740605e-02,1.7255295599e+01,0.0000000000e+00,nan,nan,nan,nan,nan,nan
-2.8481747207e-04,3.8539389166e-05,7.3596659849e+01,4.2112069587e+01,-9.4402538511e-01,9.7400236349e+01,9.2560369908e+01,-1.9907735444e+01,9.2560369908e+01,1.9907735444e+01,0.0000000000e+00,nan,nan,nan,nan,nan,nan
-1.0040788110e-04,1.0551160593e-04,1.7597729443e+00,6.9310783223e+00,-3.2115519350e+01,3.1695745330e+01,3.1216738951e+00,-3.3477420301e+01,3.1479737463e+00,3.3477420300e+01,0.0000000000e+00,nan,nan,nan,nan,nan,nan
1.9929611759e-04,1.0386932432e-04,-5.8934363334e+00,-3.2003730799e+00,-1.4456568281e+01,9.2554717222e+00,-4.8313532169e+00,-1.5518651398e+01,-7.0316642513e-07,1.5518651398e+01,0.0000000000e+00,nan,nan,nan,nan,nan,nan
1.9588510534e-04,1.0645047617e-04,-6.0255134242e+00,-3.0972833483e+00,-1.4532347994e+01,9.1100932298e+00,-5.0192159303e+00,-1.5538645487e+01,-1.0300257069e-06,1.5538645487e+01,0.0000000000e+00,nan,nan,nan,nan,nan,nan
-1.0479165033e-04,1.1395287260e-04,-5.8732008565e+00,7.6308643975e+00,-3.0791839177e+01,2.5302385293e+01,-3.7241810564e+00,-3.2940858977e+01,-8.3078180275e-03,3.2940858977e+01,0.0000000000e+00,nan,nan,nan,nan,nan,nan
-2.2145100496e-04,7.2337292046e-05,1.8969139064e+01,2.8400985759e+01,-2.2791310924e+01,6.1051424508e+01,3.3336970444e+01,-3.7159142305e+01,3.3336970444e+01,3.7159142305e+01,0.0000000000e+00,nan,nan,nan,nan,nan,nan
2.3438417824e-04,1.2281580914e-05,3.8661681412e+01,-1.9444961101e+01,-1.3382085761e+01,5.6265925869e+01,4.5124945272e+01,-1.9845349621e+01,4.5124945271e+01,1.9845349621e+01,0.0000000000e+00,nan,nan,nan,nan,nan,nan
3.2433605928e-04,1.0017992252e-04,-4.2758735261e+00,-8.9518646212e+00,-2.8161402279e+00,1.5554290081e+01,5.4342666884e+00,-1.2526280442e+01,5.4342666884e+00,1.2526280442e+01,0.0000000000e+00,nan,nan,nan,nan,nan,nan
6.8953142675e-05,9.0359337576e-05,7.5550095695e+00,1.1885565411e+00,-2.2380775148e+01,2.6012534885e+01,7.6054612288e+00,-2.2431226808e+01,7.6054847760e+00,2.2431226808e+01,0.0000000000e+00,nan,nan,nan,nan,nan,nan
-1.8423712959e-04,9.0795308590e-05,6.7257736763e+00,1.8962388695e+01,-2.7102515570e+01,4.4008526108e+01,1.5219963448e+01,-3.5596705342e+01,1.5219963444e+01,3.5596705342e+01,0.0000000000e+00,nan,nan,nan,nan,nan,nan
8.0497728618e-05,1.1015113222e-04,-3.8688778418e+00,4.1556837885e+00,-2.1178265866e+01,1.6645983605e+01,-2.9130087388e+00,-2.2134134969e+01,2.4562399116e-03,2.2134134976e+01,0.0000000000e+00,nan,nan,nan,nan,nan,nan
-2.3393665225e-04,7.2481151128e-05,1.2249024015e+01,2.8718888090e+01,-2.0410983060e+01,5.7216107046e+01,2.8952755283e+01,-3.7114714327e+01,2.8952755283e+01,3.7114714327e+01,0.0000000000e+00,nan,nan,nan,nan,nan,nan
-1.8939450004e-04,8.0811352724e-05,1.8009260925e+01,2.2359174205e+01,-2.7379901854e+01,5.5178154489e+01,2.7171801883e+01,-3.6542442812e+01,2.7171801883e+01,3.6542442812e+01,0.0000000000e+00,nan,nan,nan,nan,nan,nan
6.3351014490e-05,1.3269830655e-04,-2.4713193802e+01,3.2552353058e+00,-2.6729993038e+01,3.6478946609e+00,-2.3615480456e+01,-2.7827706385e+01,1.6741124965e-01,2.7840982847e+01,0.0000000000e+00,nan,nan,nan,nan,nan,nan
8.1650026151e-05,1.4646202484e-04,-7.9067401635e+00,-2.9325954240e+00,-2.0015270876e+01,1.1806573193e+01,-7.1444773089e+00,-2.0777533731e+01,2.3785482525e-01,2.0786077511e+01,0.0000000000e+00,nan,nan,nan,nan,nan,nan
3.2057503760e-04,9.9328003347e-05,-4.0477165629e+00,-9.0317550493e+00,-3.3204995543e+00,1.5654428041e+01,5.3539801848e+00,-1.2722196302e+01,5.3539801848e+00,1.2722196302e+01,0.0000000000e+00,nan,nan,nan,nan,nan,nan
-3.6489966275e-04,1.9981176677e-05,7.2747027644e+01,5.8885324426e+01,2.9033014482e+01,1.0874148250e+02,1.1367194526e+02,-1.1891903129e+01,1.1367194526e+02,1.1890261818e+01,0.0000000000e+00,nan,nan,nan,nan,nan,nan
-3.6184611151e-04,2.4353226296e-05,6.8448335021e+01,5.7895088702e+01,3.0088288121e+01,1.0557825179e+02,1.1022394366e+02,-1.1687320518e+01,1.1022394366e+02,1.1687422837e+01,0.0000000000e+00,nan,nan,nan,nan,nan,nan
-3.5612487733e-04,2.7345208409e-05,6.1729030370e+01,5.0511844005e+01,2.2158476374e+01,9.3915668421e+01,9.6165989815e+01,-1.2278483072e+01,9.6165989815e+01,1.2278456876e+01,0.0000000000e+00,nan,nan,nan,nan,nan,nan
-3.5862428343e-04,2.8692032496e-05,6.3513064262e+01,5.6122703219e+01,3.0238543936e+01,1.0133571754e+02,1.0538200790e+02,-1.1630399702e+01,1.0538200790e+02,1.1630199839e+01,0.0000000000e+00,nan,nan,nan,nan,nan,nan
-3.5302450391e-04,3.1505011488e-05,5.7383181762e+01,4.9082616419e+01,2.2349847329e+01,9.0226509958e+01,9.1958814358e+01,-1.2225785267e+01,9.1958814358e+01,1.2225817843e+01,0.0000000000e+00,nan,nan,nan,nan,nan,nan
-3.6501262306e-04,2.5339108949e-05,7.1753807101e+01,6.6007271265e+01,4.1618970213e+01,1.1720130836e+02,1.2435259559e+02,-1.0979818273e+01,1.2435259559e+02,1.0980703905e+01,1.0000000000e+00,7.6330006445e+00,5.9012736116e+00,4.8412465957e+00,2.4009640340e+01,-6.3425208789e-01,7.7312630857e-01
-3.6019123386e-04,3.0989377740e-05,6.3851007230e+01,6.1270643734e+01,3.8907328961e+01,1.0824962318e+02,1.1387711718e+02,-1.1118780985e+01,1.1387711718e+02,1.1118777392e+01,1.0000000000e+00,9.0521517577e+00,7.1783808179e+00,5.5147348329e+00,2.3984403094e+01,-6.0921811526e-01,7.9300270368e-01
-3.4745859591e-04,3.4247907697e-05,5.1948783512e+01,4.2994794549e+01,1.5540793736e+01,8.0826499127e+01,8.0409989653e+01,-1.2920412405e+01,8.0409989653e+01,1.2920407787e+01,0.0000000000e+00,nan,nan,nan,nan,nan,nan
-3.4465549311e-04,3.8785197743e-05,4.8411640488e+01,4.2519796854e+01,1.6701146465e+01,7.8544204249e+01,7.7903910943e+01,-1.2791123990e+01,7.7903910943e+01,1.2791125110e+01,0.0000000000e+00,nan,nan,nan,nan,nan,nan
4.9247323674e-05,9.6018045598e-05,9.6129501226e+00,3.4347283328e+00,-2.1978041556e+01,2.7998536919e+01,9.9824171102e+00,-2.2347508543e+01,9.9824156818e+00,2.2347508543e+01,0.0000000000e+00,nan,nan,nan,nan,nan,nan
-3.7340765268e-04,1.7407457094e-05,8.6906583801e+01,7.7933491002e+01,5.1851178821e+01,1.3829021088e+02,1.4922077179e+02,-1.0463009164e+01,1.4922077179e+02,1.0457548653e+01,0.0000000000e+00,nan,nan,nan,nan,nan,nan
1.3723711057e-04,6.3683423826e-05,1.4289568361e+01,-4.3189781724e+00,-2.0060848475e+01,3.0673362007e+01,1.4823633755e+01,-2.0594913868e+01,1.4823630894e+01,2.0594913868e+01,0.0000000000e+00,nan,nan,nan,nan,nan,nan
2.9947666158e-04,3.6252569110e-05,-1.4580802769e+00,-8.7951890795e+00,-1.0234245156e+01,1.7022282429e+01,3.9816566261e+00,-1.5673982059e+01,3.9816563722e+00,1.5673982059e+01,0.0000000000e+00,nan,nan,nan,nan,nan,nan
-3.4762635476e-04,2.8676493048e-05,5.5327607149e+01,4.0062020070e+01,9.0925758937e+00,8.0061956493e+01,7.8433883654e+01,-1.4013700611e+01,7.8433883654e+01,1.4013700341e+01,0.0000000000e+00,nan,nan,nan,nan,nan,nan
2.4237835428e-04,1.2811234987e-05,3.2853673628e+01,-1.8366806293e+01,-1.3482882829e+01,5.1208820864e+01,3.9250821910e+01,-1.9880031111e+01,3.9250821903e+01,1.9880031111e+01,0.0000000000e+00,nan,nan,nan,nan,nan,nan
3.2285860512e-04,5.7644822552e-05,-2.2680682626e+00,-1.0972377238e+01,-4.0646085362e+00,1.9065474997e+01,7.8411187222e+00,-1.4173795521e+01,7.8411187222e+00,1.4173795521e+01,0.0000000000e+00,nan,nan,nan,nan,nan,nan
3.2726559913e-04,6.2109024390e-05,-2.7281817288e+00,-1.1070147425e+01,-2.8360979476e+00,1.9171315919e+01,8.2864245682e+00,-1.3850704245e+01,8.2864245682e+00,1.3850704245e+01,0.0000000000e+00,nan,nan,nan,nan,nan,nan
3.2002888932e-04,6.4751912272e-05,-2.6244210174e+00,-1.0587777386e+01,-4.2114245760e+00,1.8387499915e+01,7.1981052290e+00,-1.4033950822e+01,7.1981052290e+00,1.4033950822e+01,0.0000000000e+00,nan,nan,nan,nan,nan,nan
1.1741297154e-04,1.5718026923e-04,1.6511634475e+00,-1.6730967692e+00,-1.6936781614e+01,1.6352136043e+01,1.7981010633e+00,-1.7083719230e+01,1.7898115817e+00,1.7083719231e+01,0.0000000000e+00,nan,nan,nan,nan,nan,nan
1.9192105475e-04,1.0521529047e-04,-6.3884578573e+00,-2.6480738333e+00,-1.5003961404e+01,8.7535505061e+00,-5.6423448903e+00,-1.5750074373e+01,1.8148857500e-07,1.5750074373e+01,0.0000000000e+00,nan,nan,nan,nan,nan,nan
1.9246320660e-04,1.0901082559e-04,-6.1518093637e+00,-2.9972771207e+00,-1.4612460716e+01,8.9763357987e+00,-5.1996451499e+00,-1.5564624929e+01,-1.3158705911e-06,1.5564624929e+01,0.0000000000e+00,nan,nan,nan,nan,nan,nan
1.8902929063e-04,1.1154939264e-04,-6.2712118427e+00,-2.9006398923e+00,-1.4697933655e+01,8.8560853127e+00,-5.3715095099e+00,-1.5597635988e+01,-1.0298886632e-06,1.5597635988e+01,0.0000000000e+00,nan,nan,nan,nan,nan,nan
1.8951474265e-04,1.1535652444e-04,-5.9280976789e+00,-3.2681474686e+00,-1.4318982577e+01,9.2084591383e+00,-4.8070337659e+00,-1.5440046491e+01,1.3915296374e-06,1.5440046491e+01,0.0000000000e+00,nan,nan,nan,nan,nan,nan
-1.7683922270e-04,1.0059772474e-04,-1.8299700919e+00,1.5868924131e+01,-2.7210815899e+01,3.5191613385e+01,5.7974944661e+00,-3.4838280457e+01,5.7971484695e+00,3.4838280457e+01,0.0000000000e+00,nan,nan,nan,nan,nan,nan
-1.8186992218e-04,1.0147610116e-04,-3.9981187553e+00,1.5865639062e+01,-2.6737634291e+01,3.3804849892e+01,4.1493626616e+00,-3.4885115708e+01,4.1495074047e+00,3.4885115708e+01,1.0000000000e+00,1.8262530726e+01,1.7671153649e+01,4.6098109731e+00,2.2093908136e+01,-2.5241906734e-01,9.6761801060e-01
-2.6507460520e-04,2.1789887815e-05,1.5887483435e+02,5.6780408080e+01,-1.2519630094e+01,1.7804992021e+02,1.7597477149e+02,-2.9619567233e+01,1.7597477149e+02,2.9619567233e+01,0.0000000000e+00,nan,nan,nan,nan,nan,nan
3.0131428048e-04,9.5308658465e-05,-3.2002365502e+00,-8.9373708664e+00,-5.9143743366e+00,1.5656126108e+01,4.4817631797e+00,-1.3596374066e+01,4.4817631796e+00,1.3596374066e+01,0.0000000000e+00,nan,nan,nan,nan,nan,nan
2.2296001108e-04,8.5287498004e-05,-4.8611475125e+00,-4.0112371981e+00,-1.3998418307e+01,1.0527838957e+01,-3.3515322541e+00,-1.5508033566e+01,-7.4183898655e-06,1.5508033566e+01,0.0000000000e+00,nan,nan,nan,nan,nan,nan
2.1557100537e-04,8.6928527687e-05,-5.2460660792e+00,-3.4996321336e+00,-1.4481143060e+01,1.0032460767e+01,-4.0713606454e+00,-1.5655848494e+01,-1.4635528767e-06,1.5655848494e+01,0.0000000000e+00,nan,nan,nan,nan,nan,nan
2.1623196478e-04,9.0681825839e-05,-5.1715667823e+00,-3.7632027231e+00,-1.4119498837e+01,1.0123284566e+01,-3.8008517406e+00,-1.5490213879e+01,6.9669823414e-07,1.5490213879e+01,0.0000000000e+00,nan,nan,nan,nan,nan,nan
3.4066099225e-04,4.8706424490e-05,-2.3191195319e+00,-1.2473466937e+01,-3.8106557213e-02,2.1690252221e+01,1.1344259914e+01,-1.3701486003e+01,1.1344259914e+01,1.3701486003e+01,0.0000000000e+00,nan,nan,nan,nan,nan,nan
-2.7536934519e-04,5.8176779147e-05,1.6694655267e+01,3.5436734378e+01,-1.0233652178e+01,6.5642244356e+01,4.1129069014e+01,-3.4668065916e+01,4.1129069021e+01,3.4668065919e+01,0.0000000000e+00,nan,nan,nan,nan,nan,nan
-1.4816748890e-04,4.9548071528e-05,8.0668289711e+01,1.9647179703e+01,-3.9268108248e+01,1.0929877326e+02,8.3803766894e+01,-4.2403585431e+01,8.3803766894e+01,4.2403585431e+01,0.0000000000e+00,nan,nan,nan,nan,nan,nan
3.7846248194e-04,2.9728137831e-05,-4.2854497283e+00,-1.4165113033e+01,1.7256006948e+01,3.0801733926e+01,2.4268667984e+01,-1.1298110764e+01,2.4268667984e+01,1.1298090428e+01,0.0000000000e+00,nan,nan,nan,nan,nan,nan
3.8491784508e-04,1.8233565358e-05,-1.7201466537e+00,-1.7092568110e+01,2.4892547773e+01,3.7450046408e+01,3.3207994934e+01,-1.0035593815e+01,3.3207994934e+01,1.0032052335e+01,0.0000000000e+00,nan,nan,nan,nan,nan,nan
3.7510747725e-04,2.9148827918e-05,-3.2363492378e+00,-1.4846842616e+01,1.5289922056e+01,3.0294663169e+01,2.3517418344e+01,-1.1463845527e+01,2.3517418344e+01,1.1463800501e+01,0.0000000000e+00,nan,nan,nan,nan,nan,nan
3.7529740085e-04,3.3435463424e-05,-4.4104403327e+00,-1.3782320732e+01,1.4788625625e+01,2.9080021756e+01,2.1978451035e+01,-1.1600265743e+01,2.1978451035e+01,1.1600278047e+01,0.0000000000e+00,nan,nan,nan,nan,nan,nan
-2.4284854216e-04,2.5974614879e-05,1.4401486182e+02,4.9240622158e+01,-2.4402845877e+01,1.6895448191e+02,1.5735192358e+02,-3.7739907644e+01,1.5735192358e+02,3.7739907644e+01,0.0000000000e+00,nan,nan,nan,nan,nan,nan
2.3035297737e-04,8.3567292083e-05,-4.5001789155e+00,-4.5092015135e+00,-1.3531504722e+01,1.1051076507e+01,-2.6354998230e+00,-1.5396183815e+01,-1.3382746617e-05,1.5396183815e+01,0.0000000000e+00,nan,nan,nan,nan,nan,nan
3.2963778576e-04,8.1843529022e-05,-4.0140720371e+00,-1.0033789664e+01,-1.8740300873e+00,1.7475048756e+01,7.1451730412e+00,-1.3033275166e+01,7.1451730412e+00,1.3033275166e+01,0.0000000000e+00,nan,nan,nan,nan,nan,nan
3.0612948246e-04,2.9979294436e-05,-1.1755383882e+00,-9.3078684161e+00,-9.7972794346e+00,1.7764271350e+01,4.7697979345e+00,-1.5742615757e+01,4.7697979222e+00,1.5742615757e+01,0.0000000000e+00,nan,nan,nan,nan,nan,nan
-2.7165909879e-04,6.7205005736e-05,-3.7199442716e+00,2.8847865662e+01,-1.2551438734e+01,5.0528643511e+01,2.1037034425e+01,-3.7308417434e+01,2.1037034426e+01,3.7308417434e+01,0.0000000000e+00,nan,nan,nan,nan,nan,nan
-2.7047499565e-04,7.2498264903e-05,-1.3838614621e+01,2.4454889311e+01,-1.4004964612e+01,4.2332297426e+01,1.0518773698e+01,-3.8362352930e+01,1.0518773698e+01,3.8362352930e+01,1.0000000000e+00,1.3947353680e+01,1.2740279260e+01,5.6757342303e+00,2.3144459411e+01,-4.0693986547e-01,9.1345495012e-01
-2.6291438621e-04,6.3703670610e-05,1.1379920321e+01,3.2944656362e+01,-1.3840204938e+01,6.1086967703e+01,3.4038434930e+01,-3.6498719551e+01,3.4038434927e+01,3.6498719550e+01,0.0000000000e+00,nan,nan,nan,nan,nan,nan
-2.5831597254e-04,6.2203989696e-05,1.8192888931e+01,3.4385875845e+01,-1.4832571314e+01,6.6059807897e+01,3.9819806696e+01,-3.6459489070e+01,3.9819806702e+01,3.6459489074e+01,0.0000000000e+00,nan,nan,nan,nan,nan,nan
-2.5797098295e-04,3.9141995673e-05,8.5985955103e+01,4.7528197488e+01,-1.4761743235e+01,1.1995020843e+02,1.0486539106e+02,-3.3641179192e+01,1.0486539106e+02,3.3641179192e+01,0.0000000000e+00,nan,nan,nan,nan,nan,nan
-2.9749209382e-04,5.3193308216e-05,2.2444756731e+01,3.3849577422e+01,-5.2960719041e+00,6.3299588647e+01,4.5120376958e+01,-2.7971692131e+01,4.5120376958e+01,2.7971692131e+01,0.0000000000e+00,nan,nan,nan,nan,nan,nan
-3.4199716628e-04,3.6694599780e-05,4.7367725973e+01,3.7613286968e+01,9.2908184127e+00,7.2935960693e+01,7.0438868732e+01,-1.3780324347e+01,7.0438868732e+01,1.3780325009e+01,0.0000000000e+00,nan,nan,nan,nan,nan,nan
5.4352673465e-05,8.6232932131e-05,1.4023402615e+01,2.5806741153e-01,-2.2477785102e+01,3.1616634806e+01,1.4026681373e+01,-2.2481063860e+01,1.4026681496e+01,2.2481063860e+01,0.0000000000e+00,nan,nan,nan,nan,nan,nan
1.5494321996e-04,1.0671625056e-04,-7.8703122547e+00,-8.7265131986e-01,-1.6926724419e+01,7.9922964472e+00,-7.7841638314e+00,-1.7012872842e+01,1.6907106046e-05,1.7012872842e+01,0.0000000000e+00,nan,nan,nan,nan,nan,nan
-2.3370413389e-04,6.7890175113e-05,2.0963594348e+01,3.1248564663e+01,-2.0546546341e+01,6.4969496975e+01,3.7718680571e+01,-3.7301632565e+01,3.7718680571e+01,3.7301632565e+01,0.0000000000e+00,nan,nan,nan,nan,nan,nan
-3.3332140480e-04,3.1942638289e-05,5.1532776350e+01,3.2861499946e+01,-1.2574838996e+00,7.3021907891e+01,6.7296864403e+01,-1.7021571953e+01,6.7296864403e+01,1.7021571976e+01,0.0000000000e+00,nan,nan,nan,nan,nan,nan
3.2008345798e-04,9.5376427983e-05,-3.9353193089e+00,-9.2424800180e+00,-3.3823860172e+00,1.6013765269e+01,5.5866990258e+00,-1.2904404352e+01,5.5866990258e+00,1.2904404352e+01,0.0000000000e+00,nan,nan,nan,nan,nan,nan
-2.4375969141e-04,3.9391616905e-05,9.1378046954e+01,4.5712486474e+01,-2.0693009152e+01,1.2525009565e+02,1.0765569534e+02,-3.6970657540e+01,1.0765569534e+02,3.6970657540e+01,0.0000000000e+00,nan,nan,nan,nan,nan,nan
-2.6985621295e-04,6.3775970730e-05,5.9299153631e+00,3.2013680961e+01,-1.2288455567e+01,5.7634101908e+01,3.0095794141e+01,-3.6454334371e+01,3.0095794188e+01,3.6454334395e+01,0.0000000000e+00,nan,nan,nan,nan,nan,nan
-2.8874812247e-04,5.9541602198e-05,2.1230020637e+00,3.1875256447e+01,-7.8617679686e+00,5.5837102725e+01,2.9368183337e+01,-3.5106949242e+01,2.9368183337e+01,3.5106949242e+01,0.0000000000e+00,nan,nan,nan,nan,nan,nan
3.4631170236e-04,3.3948043628e-05,-1.0819231922e+00,-1.3643315761e+01,8.7256512748e-01,2.3686010866e+01,1.3570445717e+01,-1.3779803782e+01,1.3570445717e+01,1.3779803781e+01,0.0000000000e+00,nan,nan,nan,nan,nan,nan
-1.0314893677e-04,1.0560681772e-04,1.6930558435e+00,7.3253141824e+00,-3.1958861835e+01,3.1783124178e+01,3.2170923049e+00,-3.3482898296e+01,3.2370511649e+00,3.3482898296e+01,0.0000000000e+00,nan,nan,nan,nan,nan,nan
8.2821063567e-05,1.0570207667e-04,-2.3259082477e+00,3.4511295077e+00,-2.1714955668e+01,1.7836831287e+01,-1.7223326132e+00,-2.2318531303e+01,-1.5388632577e-02,2.2318531303e+01,0.0000000000e+00,nan,nan,nan,nan,nan,nan
-2.9871708448e-04,3.6124924304e-05,6.7894681417e+01,3.9010037649e+01,7.2354913199e-01,8.9169576528e+01,8.5791194287e+01,-1.7172963738e+01,8.5791194287e+01,1.7172963738e+01,0.0000000000e+00,nan,nan,nan,nan,nan,nan
2.2544692505e-04,1.0033684510e-04,-4.3995741360e+00,-4.9985806169e+00,-1.2664099949e+01,1.1231932923e+01,-2.0470775459e+00,-1.5016596539e+01,-1.4986285607e-04,1.5016596539e+01,0.0000000000e+00,nan,nan,nan,nan,nan,nan
2.3371359295e-04,8.0809330242e-05,-4.3505156818e+00,-4.6415432654e+00,-1.3473422252e+01,1.1269692006e+01,-2.4054092536e+00,-1.5418528681e+01,-1.9175180495e-05,1.5418528681e+01,0.0000000000e+00,nan,nan,nan,nan,nan,nan
-1.3429373326e-04,5.8190656443e-05,6.4326787135e+01,1.5686473665e+01,-3.8616218752e+01,9.3197937907e+01,6.6663138730e+01,-4.0952570347e+01,6.6663138730e+01,4.0952570347e+01,0.0000000000e+00,nan,nan,nan,nan,nan,nan
-1.8542616139e-04,9.5235854503e-05,1.3933197980e+00,1.7770062258e+01,-2.6684237725e+01,3.9222177566e+01,9.9994758127e+00,-3.5290393740e+01,9.9994742101e+00,3.5290393740e+01,0.0000000000e+00,nan,nan,nan,nan,nan,nan
1.0751945084e-04,1.5185367917e-04,-6.3763635524e-01,-2.7637413121e+00,-1.7404046546e+01,1.5286669976e+01,-1.9507842502e-01,-1.7846604476e+01,-1.0220343700e-01,1.7846604355e+01,0.0000000000e+00,nan,nan,nan,nan,nan,nan
2.6736925073e-04,7.3836613480e-05,-3.0611975763e+00,-6.9628750330e+00,-1.1021312619e+01,1.3889786022e+01,9.7801660135e-01,-1.5060526797e+01,9.7565809836e-01,1.5060526797e+01,0.0000000000e+00,nan,nan,nan,nan,nan,nan
2.6801446741e-04,7.7579567682e-05,-3.0748518841e+00,-7.1102669440e+00,-1.0678866396e+01,1.3964084538e+01,1.1853088269e+00,-1.4939027107e+01,1.1855904816e+00,1.4939027107e+01,0.0000000000e+00,nan,nan,nan,nan,nan,nan
2.7202764561e-04,7.8381952506e-05,-2.9864324302e+00,-7.4158584112e+00,-1.0209391558e+01,1.4285512094e+01,1.6498322591e+00,-1.4845656247e+01,1.6496662411e+00,1.4845656247e+01,0.0000000000e+00,nan,nan,nan,nan,nan,nan
1.2484222894e-04,1.1856354994e-04,-9.4276704844e+00,-2.4209587509e-01,-1.7024187853e+01,6.6055936731e+00,-9.4121878835e+00,-1.7039670454e+01,-1.3638500985e-07,1.7039670454e+01,0.0000000000e+00,nan,nan,nan,nan,nan,nan
3.4857659391e-04,8.1859281721e-05,-5.4930214371e+00,-9.5438149756e+00,1.6178782126e+00,1.7636098813e+01,8.2446347851e+00,-1.2119778010e+01,8.2446347851e+00,1.2119778010e+01,1.0000000000e+00,1.1939813464e+01,7.9743355098e+00,-8.8864570407e+00,1.3694019839e+01,7.4427101122e-01,6.6787772973e-01
3.4803901369e-04,7.7526549383e-05,-5.2452863533e+00,-9.9706017396e+00,1.7473021790e+00,1.8296101021e+01,8.8142667627e+00,-1.2312250937e+01,8.8142667627e+00,1.2312250937e+01,0.0000000000e+00,nan,nan,nan,nan,nan,nan
3.4246966176e-04,6.4658344827e-05,-3.9083389774e+00,-1.1296161374e+01,8.4964537510e-01,1.9990679901e+01,1.0012277621e+01,-1.3070971224e+01,1.0012277621e+01,1.3070971224e+01,0.0000000000e+00,nan,nan,nan,nan,nan,nan
1.2123860280e-04,1.4889068012e-04,-2.9403979780e+00,-1.9083739532e+00,-1.6998260355e+01,1.2619650198e+01,-2.6833707279e+00,-1.7255287605e+01,1.5900665661e-02,1.7255287605e+01,0.0000000000e+00,nan,nan,nan,nan,nan,nan
2.8458482067e-04,4.1218584886e-05,-1.9625162407e+00,-7.5094150142e+00,-1.1846754308e+01,1.5567982982e+01,2.0835438911e+00,-1.5892814440e+01,2.0834629973e+00,1.5892814440e+01,0.0000000000e+00,nan,nan,nan,nan,nan,nan
2.3775233303e-04,8.1770466702e-05,-4.1633091124e+00,-4.9993624143e+00,-1.3067934227e+01,1.1593424865e+01,-1.9221547027e+00,-1.5309088636e+01,-2.3163396537e-05,1.5309088636e+01,0.0000000000e+00,nan,nan,nan,nan,nan,nan
-3.2543748894e-04,3.2404854758e-05,5.2988468709e+01,3.2996619685e+01,-1.4875007461e+00,7.4126663481e+01,6.8547533097e+01,-1.7046565133e+01,6.8547533097e+01,1.7046565133e+01,0.0000000000e+00,nan,nan,nan,nan,nan,nan
2.5176532017e-04,1.2526681069e-04,-2.1555460500e+00,-7.1298241700e+00,-9.5649464910e+00,1.3916295268e+01,2.1743305488e+00,-1.3894823090e+01,2.1743179796e+00,1.3894823090e+01,0.0000000000e+00,nan,nan,nan,nan,nan,nan
2.4781032018e-04,1.2430139017e-04,-2.2488160305e+00,-6.9968605056e+00,-9.8610731207e+00,1.3795472893e+01,1.9098754127e+00,-1.4019764564e+01,1.9099246534e+00,1.4019764564e+01,0.0000000000e+00,nan,nan,nan,nan,nan,nan
-2.8539508263e-04,3.6256006475e-05,8.0395940871e+01,4.2965321139e+01,8.6899044463e-01,1.0139629359e+02,9.9173643056e+01,-1.7908711741e+01,9.9173643056e+01,1.7908711741e+01,0.0000000000e+00,nan,nan,nan,nan,nan,nan
3.4094461812e-04,3.6339833959e-06,-3.1911811749e+00,-1.2086489600e+01,-4.7951696796e+00,2.0968289687e+01,8.1128722679e+00,-1.6099223122e+01,8.1128722679e+00,1.6099223123e+01,0.0000000000e+00,nan,nan,nan,nan,nan,nan
3.3777828588e-04,7.1868282305e-06,-2.0822366421e+00,-1.2139738368e+01,-5.3731085945e+00,2.1212260726e+01,8.5192318221e+00,-1.5974577059e+01,8.5192318221e+00,1.5974577058e+01,0.0000000000e+00,nan,nan,nan,nan,nan,nan
3.3349821986e-04,7.1575765480e-06,-2.5151014508e+00,-1.1542520329e+01,-6.9023967135e+00,2.0345599244e+01,7.0377881181e+00,-1.6455286282e+01,7.0377881181e+00,1.6455286282e+01,0.0000000000e+00,nan,nan,nan,nan,nan,nan
3.3253508914e-04,3.5924053041e-06,-1.5915618878e+00,-1.2287884512e+01,-6.8866330529e+00,2.1765809768e+01,8.3273986585e+00,-1.6805593599e+01,8.3273986585e+00,1.6805593599e+01,0.0000000000e+00,nan,nan,nan,nan,nan,nan
3.3831196102e-04,1.1008999318e-05,-1.2858615987e+00,-1.2368590870e+01,-4.7950346593e+00,2.1631777186e+01,9.4486642525e+00,-1.5529560511e+01,9.4486642525e+00,1.5529560511e+01,0.0000000000e+00,nan,nan,nan,nan,nan,nan
3.3497337016e-04,1.4612064725e-05,-9.3801606293e-01,-1.2112722515e+01,-5.4456157848e+00,2.1336196908e+01,9.1266431047e+00,-1.5510274952e+01,9.1266431047e+00,1.5510274952e+01,0.0000000000e+00,nan,nan,nan,nan,nan,nan
3.4172375325e-04,7.3277494952e-06,-1.8245315239e+00,-1.2576163915e+01,-3.7587393631e+00,2.1837908796e+01,9.8164870786e+00,-1.5399757966e+01,9.8164870786e+00,1.5399757966e+01,0.0000000000e+00,nan,nan,nan,nan,nan,nan
3.3106947247e-04,9.3922249125e-05,-4.5488462492e+00,-9.2351231413e+00,-1.7508375778e+00,1.6175387494e+01,6.1890224102e+00,-1.2488706237e+01,6.1890224102e+00,1.2488706237e+01,0.0000000000e+00,nan,nan,nan,nan,nan,nan
3.3483346781e-04,9.1289075162e-05,-4.7300039012e+00,-9.3315403699e+00,-1.1088719981e+00,1.6460994733e+01,6.5843217907e+00,-1.2423197690e+01,6.5843217907e+00,1.2423197690e+01,0.0000000000e+00,nan,nan,nan,nan,nan,nan
-2.4380954472e-04,4.9807387107e-05,5.8786587632e+01,4.1229395447e+01,-1.9218479145e+01,9.8296142824e+01,7.6535358764e+01,-3.6967250276e+01,7.6535358764e+01,3.6967250276e+01,0.0000000000e+00,nan,nan,nan,nan,nan,nan
1.1797072225e-04,1.4710157995e-04,-3.6841456554e+00,-1.9738357786e+00,-1.6924533267e+01,1.1968927193e+01,-3.3940761242e+00,-1.7214602798e+01,-5.7679683802e-04,1.7214602799e+01,0.0000000000e+00,nan,nan,nan,nan,nan,nan
-8.9833490930e-05,1.1552788028e-04,-7.8312024057e+00,5.8913225328e+00,-3.1257246097e+01,2.2704990933e+01,-6.4354916242e+00,-3.2652956879e+01,2.5073088456e-03,3.2652956878e+01,0.0000000000e+00,nan,nan,nan,nan,nan,nan
-3.6218999361e-04,3.3239948954e-06,1.0021724611e+02,6.4213553557e+01,1.4003330516e+01,1.3389534571e+02,1.3441480220e+02,-2.0194225581e+01,1.3441480220e+02,2.0194200071e+01,0.0000000000e+00,nan,nan,nan,nan,nan,nan
-3.5651751344e-04,6.2948370428e-06,1.1196359516e+02,6.3053769565e+01,1.2371604878e+01,1.3914563303e+02,1.4250336871e+02,-1.8168168666e+01,1.4250336871e+02,1.8168161053e+01,0.0000000000e+00,nan,nan,nan,nan,nan,nan
2.9753377438e-04,6.8485368054e-05,-2.4894204622e+00,-9.0903236724e+00,-7.7722802998e+00,1.6394423297e+01,4.3344743227e+00,-1.4596175085e+01,4.3344742936e+00,1.4596175085e+01,0.0000000000e+00,nan,nan,nan,nan,nan,nan
3.1556930201e-04,6.0298415744e-05,-2.2662348295e+00,-1.0411736102e+01,-5.3595989056e+00,1.8229155388e+01,6.7116909028e+00,-1.4337524638e+01,6.7116909029e+00,1.4337524638e+01,0.0000000000e+00,nan,nan,nan,nan,nan,nan
3.1612511229e-04,6.4126699981e-05,-2.4845511383e+00,-1.0373339066e+01,-5.0008878486e+00,1.8096489406e+01,6.7052935363e+00,-1.4190732523e+01,6.7052935363e+00,1.4190732523e+01,0.0000000000e+00,nan,nan,nan,nan,nan,nan
3.1275413393e-04,6.7328164179e-05,-2.5758903064e+00,-1.0098732548e+01,-5.4188747636e+00,1.7661817940e+01,6.1996728070e+00,-1.4194437877e+01,6.1996728071e+00,1.4194437877e+01,0.0000000000e+00,nan,nan,nan,nan,nan,nan
3.1666175278e-04,6.7975369534e-05,-2.7026432826e+00,-1.0306796344e+01,-4.6766478635e+00,1.7931294475e+01,6.6629921190e+00,-1.4042283265e+01,6.6629921190e+00,1.4042283265e+01,0.0000000000e+00,nan,nan,nan,nan,nan,nan
3.1329176252e-04,7.1173292024e-05,-2.7704405309e+00,-1.0041587061e+01,-5.1082401136e+00,1.7507915070e+01,6.1688591564e+00,-1.4047539801e+01,6.1688591564e+00,1.4047539801e+01,0.0000000000e+00,nan,nan,nan,nan,nan,nan
3.1718185893e-04,7.1843474887e-05,-2.9161464381e+00,-1.0214185255e+01,-4.3878910509e+00,1.7735142652e+01,6.5873706396e+00,-1.3891408129e+01,6.5873706396e+00,1.3891408129e+01,0.0000000000e+00,nan,nan,nan,nan,nan,nan
3.0882530921e-04,6.6680695737e-05,-2.4814574866e+00,-9.8634855159e+00,-6.1358412812e+00,1.7372705913e+01,5.7214870518e+00,-1.4338785820e+01,5.7214870519e+00,1.4338785820e+01,0.0000000000e+00,nan,nan,nan,nan,nan,nan
2.9742265500e-04,9.4516127925e-05,-3.1000957423e+00,-8.8314257705e+00,-6.4231705848e+00,1.5563629676e+01,4.2240326197e+00,-1.3747298947e+01,4.2240326203e+00,1.3747298947e+01,0.0000000000e+00,nan,nan,nan,nan,nan,nan
3.0908530187e-04,4.4677053404e-05,-1.5184641757e+00,-9.8760409514e+00,-7.8711504641e+00,1.7966399314e+01,5.6780981601e+00,-1.5067712800e+01,5.6780981609e+00,1.5067712800e+01,0.0000000000e+00,nan,nan,nan,nan,nan,nan
2.7878636350e-04,1.2788174397e-04,-2.3218526223e+00,-7.6866751456e+00,-7.5160137475e+00,1.4052282938e+01,3.1941561518e+00,-1.3032022522e+01,3.1941561526e+00,1.3032022522e+01,0.0000000000e+00,nan,nan,nan,nan,nan,nan
2.7146081399e-04,1.2993796063e-04,-2.0707162372e+00,-7.5391607687e+00,-8.0542798068e+00,1.4048000569e+01,3.0481188882e+00,-1.3173114932e+01,3.0481188862e+00,1.3173114932e+01,0.0000000000e+00,nan,nan,nan,nan,nan,nan
2.7196592681e-04,1.3380461955e-04,-1.9091235412e+00,-7.4553569894e+00,-7.9662924971e+00,1.3937118434e+01,3.1088910605e+00,-1.2984307099e+01,3.1088910601e+00,1.2984307099e+01,0.0000000000e+00,nan,nan,nan,nan,nan,nan
2.6753348559e-04,1.2902017622e-04,-2.0397662145e+00,-7.4909729886e+00,-8.3607582572e+00,1.4081536460e+01,2.9297166298e+00,-1.3330241101e+01,2.9297166250e+00,1.3330241101e+01,0.0000000000e+00,nan,nan,nan,nan,nan,nan
2.6313853484e-04,1.2428877208e-04,-2.2175873527e+00,-7.4479897640e+00,-8.7876894752e+00,1.4098749077e+01,2.6372781609e+00,-1.3642554989e+01,2.6372781025e+00,1.3642554989e+01,0.0000000000e+00,nan,nan,nan,nan,nan,nan
3.4844861687e-04,2.2705771806e-05,-2.2605332305e-01,-1.3976563217e+01,6.3056735910e-01,2.4214426915e+01,1.4182462916e+01,-1.3777948880e+01,1.4182462916e+01,1.3777948821e+01,0.0000000000e+00,nan,nan,nan,nan,nan,nan
3.2096228988e-04,2.4402454484e-05,-8.5532899452e-01,-1.0718424948e+01,-7.7290297112e+00,1.9493433453e+01,6.9623596987e+00,-1.5546718404e+01,6.9623596987e+00,1.5546718404e+01,0.0000000000e+00,nan,nan,nan,nan,nan,nan
2.8955443740e-04,6.7106645923e-05,-2.5035420990e+00,-8.5021039834e+00,-8.9719308750e+00,1.5753889762e+01,3.3577760076e+00,-1.4833248982e+01,3.3577752064e+00,1.4833248982e+01,0.0000000000e+00,nan,nan,nan,nan,nan,nan
1.7614665518e-04,1.3291384629e-04,-4.6986747960e+00,-3.7566007781e+00,-1.4026360358e+01,1.0370997932e+01,-3.3748191293e+00,-1.5350216025e+01,1.2017630552e-03,1.5350216025e+01,0.0000000000e+00,nan,nan,nan,nan,nan,nan
1.7274942301e-04,1.3912341735e-04,-3.6128303820e+00,-4.0554582904e+00,-1.3823402835e+01,1.1291749723e+01,-2.1988218664e+00,-1.5237411351e+01,-3.6581516599e-03,1.5237411351e+01,0.0000000000e+00,nan,nan,nan,nan,nan,nan
1.7974791140e-04,1.3047499678e-04,-4.8252803101e+00,-3.8216911912e+00,-1.3906912889e+01,1.0278261485e+01,-3.4319395646e+00,-1.5300253634e+01,2.4088964839e-04,1.5300253634e+01,0.0000000000e+00,nan,nan,nan,nan,nan,nan
-2.3836549385e-04,4.9017287987e-05,6.3500925960e+01,4.0918629574e+01,-2.1035511892e+01,1.0189110673e+02,8.0059564930e+01,-3.7594150863e+01,8.0059564930e+01,3.7594150863e+01,0.0000000000e+00,nan,nan,nan,nan,nan,nan
-2.6605591717e-04,5.7250318509e-05,2.5611807649e+01,3.7158769420e+01,-1.2460060475e+01,7.2303804062e+01,4.8320494322e+01,-3.5168747149e+01,4.8320494320e+01,3.5168747149e+01,0.0000000000e+00,nan,nan,nan,nan,nan,nan
2.1662604770e-04,1.1985233410e-04,-3.5954144435e+00,-5.4869223246e+00,-1.2034144269e+01,1.1988214165e+01,-8.9338068108e-01,-1.4736178031e+01,5.9764982826e-03,1.4736178031e+01,0.0000000000e+00,nan,nan,nan,nan,nan,nan
2.1267848306e-04,1.1873877976e-04,-3.9213714228e+00,-5.1957507805e+00,-1.2353290911e+01,1.1588673317e+01,-1.4466075074e+00,-1.4828054826e+01,-2.0935477183e-03,1.4828054826e+01,0.0000000000e+00,nan,nan,nan,nan,nan,nan
2.1312519745e-04,1.2253667846e-04,-3.5102705007e+00,-5.4361564457e+00,-1.2105524159e+01,1.2002260913e+01,-8.7838876126e-01,-1.4737405899e+01,9.8133637329e-03,1.4737405899e+01,0.0000000000e+00,nan,nan,nan,nan,nan,nan
2.1707154748e-04,1.2364855439e-04,-3.1892312334e+00,-5.7021001531e+00,-1.1803656497e+01,1.2376965540e+01,-3.5059947884e-01,-1.4642288251e+01,-2.7829802609e-02,1.4642288251e+01,0.0000000000e+00,nan,nan,nan,nan,nan,nan
2.0960945691e-04,1.2520176914e-04,-3.4007034272e+00,-5.3907738050e+00,-1.2176971262e+01,1.2039072850e+01,-8.3807539395e-01,-1.4739599295e+01,1.2441844694e-02,1.4739599295e+01,0.0000000000e+00,nan,nan,nan,nan,nan,nan
2.0607703375e-04,1.2784702658e-04,-3.2639140527e+00,-5.3501453441e+00,-1.2248959869e+01,1.2100071263e+01,-7.7045755992e-01,-1.4742416362e+01,1.1953334816e-02,1.4742416362e+01,0.0000000000e+00,nan,nan,nan,nan,nan,nan
2.0252584684e-04,1.3047111550e-04,-3.0967973875e+00,-5.3134328419e+00,-1.2322024329e+01,1.2186787652e+01,-6.7336572701e-01,-1.4745455989e+01,4.4930545462e-03,1.4745455989e+01,0.0000000000e+00,nan,nan,nan,nan,nan,nan
2.0173949835e-04,1.2286667498e-04,-4.1747991828e+00,-4.7778188055e+00,-1.2818817523e+01,1.1158278104e+01,-2.0545734860e+00,-1.4939043220e+01,8.7297301456e-04,1.4939043220e+01,0.0000000000e+00,nan,nan,nan,nan,nan,nan
2.0873352020e-04,1.1760274161e-04,-4.2710182996e+00,-4.8795540657e+00,-1.2687097905e+01,1.1159581887e+01,-2.0360704958e+00,-1.4922045709e+01,6.9700506798e-04,1.4922045709e+01,0.0000000000e+00,nan,nan,nan,nan,nan,nan
1.9821783697e-04,1.2546723752e-04,-4.0922391594e+00,-4.7336629707e+00,-1.2887564106e+01,1.1190486003e+01,-2.0290715264e+00,-1.4950731739e+01,3.3485661091e-04,1.4950731739e+01,0.0000000000e+00,nan,nan,nan,nan,nan,nan
2.2057622250e-04,1.2094469862e-04,-3.2950839641e+00,-5.7541010759e+00,-1.1726640213e+01,1.2354670509e+01,-3.7788974436e-01,-1.4643834433e+01,-1.8724189623e-02,1.4643834433e+01,0.0000000000e+00,nan,nan,nan,nan,nan,nan
2.2102132926e-04,1.2473960191e-04,-2.8973890107e+00,-5.9437580909e+00,-1.1512056855e+01,1.2713601429e+01,1.3547827405e-01,-1.4544924140e+01,9.8664521234e-02,1.4544924140e+01,0.0000000000e+00,nan,nan,nan,nan,nan,nan
2.1749925362e-04,1.2744347026e-04,-2.7466527252e+00,-5.8943376531e+00,-1.1595175341e+01,1.2764938901e+01,1.9892687774e-01,-1.4540754944e+01,1.5493240953e-01,1.4540754944e+01,0.0000000000e+00,nan,nan,nan,nan,nan,nan
2.2145083684e-04,1.2853289765e-04,-2.4679725352e+00,-6.1090514864e+00,-1.1318865059e+01,1.3065469075e+01,6.4993329041e-01,-1.4436770885e+01,6.6071115566e-01,1.4436770885e+01,0.0000000000e+00,nan,nan,nan,nan,nan,nan
2.2497431981e-04,1.2581109140e-04,-2.6356771316e+00,-6.1624870849e+00,-1.1228112538e+01,1.3011242011e+01,5.8014924264e-01,-1.4443938913e+01,5.8932882771e-01,1.4443938913e+01,0.0000000000e+00,nan,nan,nan,nan,nan,nan
2.2540629023e-04,1.2960331927e-04,-2.2221522091e+00,-6.3011947902e+00,-1.1048843950e+01,1.3324350625e+01,1.0573193406e+00,-1.4328315500e+01,1.0546779962e+00,1.4328315500e+01,0.0000000000e+00,nan,nan,nan,nan,nan,nan
2.1791169967e-04,1.3123577017e-04,-2.2706588494e+00,-6.0597960149e+00,-1.1408776820e+01,1.3144700333e+01,7.4937844130e-01,-1.4428814110e+01,7.6221087608e-01,1.4428814110e+01,0.0000000000e+00,nan,nan,nan,nan,nan,nan
2.2893037681e-04,1.2686411472e-04,-2.4045878306e+00,-6.3596061559e+00,-1.0949560067e+01,1.3269765611e+01,9.8422879912e-01,-1.4338376697e+01,9.8190385489e-01,1.4338376697e+01,0.0000000000e+00,nan,nan,nan,nan,nan,nan
2.2582705856e-04,1.3339295062e-04,-1.7845846340e+00,-6.4115121364e+00,-1.0889832067e+01,1.3619465086e+01,1.5259934834e+00,-1.4200410184e+01,1.5267812368e+00,1.4200410184e+01,0.0000000000e+00,nan,nan,nan,nan,nan,nan
2.0130807061e-04,1.1906238517e-04,-4.6312168820e+00,-4.4798914041e+00,-1.3104061316e+01,1.0678438185e+01,-2.7024399382e+00,-1.5032838260e+01,-2.4713282338e-04,1.5032838260e+01,0.0000000000e+00,nan,nan,nan,nan,nan,nan
2.8631815118e-04,1.2650116051e-04,-2.5798419196e+00,-7.8028616598e+00,-6.9106655338e+00,1.4024586091e+01,3.3518448283e+00,-1.2842352282e+01,3.3518448284e+00,1.2842352282e+01,0.0000000000e+00,nan,nan,nan,nan,nan,nan
1.2478369869e-04,1.4721914752e-04,-3.9191043848e+00,-1.9163612242e+00,-1.6972501527e+01,1.1786778222e+01,-3.6407033769e+00,-1.7250902535e+01,-7.1505720760e-03,1.7250902535e+01,0.0000000000e+00,nan,nan,nan,nan,nan,nan
-1.4550436309e-04,6.7828097453e-05,4.6385729313e+01,1.7306553333e+01,-3.5312783268e+01,7.6839186788e+01,4.9899598199e+01,-3.8826652154e+01,4.9899598199e+01,3.8826652154e+01,0.0000000000e+00,nan,nan,nan,nan,nan,nan
2.5255864317e-04,7.7951680425e-05,-3.5625579635e+00,-5.9736131815e+00,-1.2105877327e+01,1.2718248229e+01,-4.9133360666e-01,-1.5177101684e+01,1.0795528269e-02,1.5177101684e+01,0.0000000000e+00,nan,nan,nan,nan,nan,nan
-3.1952836158e-04,1.8793277666e-06,2.9057342785e+02,9.2153470795e+01,1.0493125321e+01,2.9034207079e+02,3.1816234931e+02,-1.7095796144e+01,3.1816234931e+02,1.7095796144e+01,0.0000000000e+00,nan,nan,nan,nan,nan,nan
3.2049525648e-04,3.2297992358e-06,1.2364108034e+01,-1.8002985179e+01,-6.2846216443e+00,3.5114746448e+01,2.3313251510e+01,-1.7233765120e+01,2.3313251510e+01,1.7233765120e+01,0.0000000000e+00,nan,nan,nan,nan,nan,nan
3.1303129605e-04,6.1680800886e-06,1.5142038622e+01,-1.8268786662e+01,-6.8723959690e+00,3.6942909447e+01,2.5463820040e+01,-1.7194177387e+01,2.5463820040e+01,1.7194177387e+01,0.0000000000e+00,nan,nan,nan,nan,nan,nan
3.2107270696e-04,6.6092807779e-06,4.3818333824e+00,-1.3762300745e+01,-8.2087293718e+00,2.6209926664e+01,1.3218860220e+01,-1.7045756209e+01,1.3218860220e+01,1.7045756209e+01,0.0000000000e+00,nan,nan,nan,nan,nan,nan
-2.4836892448e-04,7.1391759307e-05,5.3377958040e+00,2.8835058896e+01,-1.7717805753e+01,5.3778599729e+01,2.4859084056e+01,-3.7239094005e+01,2.4859084056e+01,3.7239094005e+01,0.0000000000e+00,nan,nan,nan,nan,nan,nan
1.0829268120e-04,1.1419391793e-04,-9.0904585753e+00,2.3440887345e+00,-2.1313408768e+01,1.1326665734e+01,-8.6624801609e+00,-2.1741387182e+01,3.8551647540e-06,2.1741387182e+01,0.0000000000e+00,nan,nan,nan,nan,nan,nan
2.7545920441e-04,3.6309898919e-05,-2.2085338027e+00,-6.3153066802e+00,-1.3478599754e+01,1.4657566902e+01,6.1898341850e-01,-1.6306116975e+01,6.1927243732e-01,1.6306116975e+01,0.0000000000e+00,nan,nan,nan,nan,nan,nan
2.7630671677e-04,3.9930468802e-05,-2.2312377032e+00,-6.6735510952e+00,-1.2990768416e+01,1.4843519070e+01,9.5890667110e-01,-1.6180912791e+01,9.5894736338e-01,1.6180912791e+01,0.0000000000e+00,nan,nan,nan,nan,nan,nan
2.7215408725e-04,3.9255012873e-05,-2.3075002111e+00,-6.2408745486e+00,-1.3443674645e+01,1.4484285867e+01,4.8691891650e-01,-1.6238093772e+01,4.7656225401e-01,1.6238093772e+01,0.0000000000e+00,nan,nan,nan,nan,nan,nan
2.4963710391e-04,1.3950381127e-04,-1.1153789933e+00,-7.0205333435e+00,-9.3675592161e+00,1.4103748660e+01,2.9013339805e+00,-1.3384272190e+01,2.9013341858e+00,1.3384272190e+01,0.0000000000e+00,nan,nan,nan,nan,nan,nan
2.4603668256e-04,1.4222409311e-04,-8.3234944831e-01,-6.9200486021e+00,-9.5360498891e+00,1.4158193470e+01,2.9900371424e+00,-1.3358436480e+01,2.9900373587e+00,1.3358436480e+01,0.0000000000e+00,nan,nan,nan,nan,nan,nan
2.5709090515e-04,1.3763227380e-04,-1.3717405185e+00,-7.1716960723e+00,-8.9332900883e+00,1.4041393042e+01,2.9542867489e+00,-1.3259317356e+01,2.9542866818e+00,1.3259317356e+01,0.0000000000e+00,nan,nan,nan,nan,nan,nan
2.4169163587e-04,1.3751042643e-04,-1.2171517372e+00,-6.8827217964e+00,-9.8783180567e+00,1.4083993057e+01,2.5836622858e+00,-1.3679132080e+01,2.5836653573e+00,1.3679132080e+01,0.0000000000e+00,nan,nan,nan,nan,nan,nan
2.1584249705e-04,1.4902085822e-04,3.0950544277e-01,-6.2974146582e+00,-1.0986749233e+01,1.4650860925e+01,3.1200566037e+00,-1.3797300394e+01,3.1200485835e+00,1.3797300394e+01,0.0000000000e+00,nan,nan,nan,nan,nan,nan
2.1185064792e-04,1.4790473484e-04,1.2934771216e-01,-6.2145378075e+00,-1.1198466743e+01,1.4562737749e+01,2.8732410442e+00,-1.3942360075e+01,2.8733054775e+00,1.3942360075e+01,0.0000000000e+00,nan,nan,nan,nan,nan,nan
2.1220330511e-04,1.5166163284e-04,7.9127203391e-01,-6.2038462983e+00,-1.1104003217e+01,1.4884474440e+01,3.4371897328e+00,-1.3749920916e+01,3.4371675361e+00,1.3749920916e+01,0.0000000000e+00,nan,nan,nan,nan,nan,nan
2.1614933840e-04,1.5255443521e-04,8.8677143371e-01,-6.2618234251e+00,-1.0906497739e+01,1.4896381247e+01,3.5905665700e+00,-1.3610292876e+01,3.5905716806e+00,1.3610292876e+01,0.0000000000e+00,nan,nan,nan,nan,nan,nan
2.1222150182e-04,1.5551289945e-04,1.4782880240e+00,-6.1349261758e+00,-1.1034984550e+01,1.5175507025e+01,3.9832348028e+00,-1.3539931329e+01,3.9832407936e+00,1.3539931329e+01,0.0000000000e+00,nan,nan,nan,nan,nan,nan
2.0786650385e-04,1.4676926185e-04,-9.8064128950e-02,-6.1122439106e+00,-1.1413024188e+01,1.4424783477e+01,2.5726084651e+00,-1.4083696782e+01,2.5722977820e+00,1.4083696782e+01,0.0000000000e+00,nan,nan,nan,nan,nan,nan
2.1986532871e-04,1.5001367391e-04,4.3107280237e-01,-6.3656119162e+00,-1.0776846241e+01,1.4688296140e+01,3.3074050113e+00,-1.3653178449e+01,3.3074035015e+00,1.3653178449e+01,0.0000000000e+00,nan,nan,nan,nan,nan,nan
2.2428933354e-04,1.5159157300e-04,5.9055289041e-01,-6.4159784728e+00,-1.0537299770e+01,1.4708004106e+01,3.5182966899e+00,-1.3465043570e+01,3.5182981843e+00,1.3465043570e+01,0.0000000000e+00,nan,nan,nan,nan,nan,nan
2.2744712797e-04,1.4850669707e-04,1.1737884253e-01,-6.5184388362e+00,-1.0432972168e+01,1.4523210959e+01,3.2271830940e+00,-1.3542776419e+01,3.2271872664e+00,1.3542776419e+01,0.0000000000e+00,nan,nan,nan,nan,nan,nan
2.2802321774e-04,1.1927630836e-04,-3.1225081782e+00,-6.0587918405e+00,-1.1342795258e+01,1.2680575075e+01,8.8481715218e-02,-1.4553785151e+01,5.8028306777e-02,1.4553785151e+01,0.0000000000e+00,nan,nan,nan,nan,nan,nan
2.3198006945e-04,1.2031209856e-04,-2.8933954781e+00,-6.2848317254e+00,-1.1042282439e+01,1.2972700360e+01,5.2195308658e-01,-1.4457631004e+01,5.3008866852e-01,1.4457631004e+01,0.0000000000e+00,nan,nan,nan,nan,nan,nan
2.5311481629e-04,2.4809126366e-05,2.4003942720e+01,-1.5720458545e+01,-1.2513305622e+01,4.1728266229e+01,2.9837144290e+01,-1.8346507191e+01,2.9837115187e+01,1.8346507191e+01,0.0000000000e+00,nan,nan,nan,nan,nan,nan
2.4233512317e-04,2.9556349857e-05,2.3429896608e+01,-1.3941862757e+01,-1.3328342085e+01,3.9954415545e+01,2.8118469832e+01,-1.8016915309e+01,2.8118397938e+01,1.8016915309e+01,0.0000000000e+00,nan,nan,nan,nan,nan,nan
2.5038426977e-04,3.0312050447e-05,2.3438779151e+01,-1.5245650572e+01,-1.2058133820e+01,4.0522440291e+01,2.9085964476e+01,-1.7705319145e+01,2.9085356835e+01,1.7705319145e+01,0.0000000000e+00,nan,nan,nan,nan,nan,nan
2.3830094941e-04,2.9149141186e-05,2.3720036140e+01,-1.3547026700e+01,-1.3697499794e+01,4.0006996424e+01,2.8109318328e+01,-1.8086781982e+01,2.8109312925e+01,1.8086781982e+01,0.0000000000e+00,nan,nan,nan,nan,nan,nan
2.3762318953e-04,2.6249367228e-05,2.4849349356e+01,-1.3914626710e+01,-1.3855451955e+01,4.1284098300e+01,2.9332333967e+01,-1.8338436566e+01,2.9332329365e+01,1.8338436566e+01,0.0000000000e+00,nan,nan,nan,nan,nan,nan
2.3494854012e-04,3.1639900785e-05,2.3298728669e+01,-1.3103201609e+01,-1.3704547196e+01,3.9267750766e+01,2.7468337212e+01,-1.7874155739e+01,2.7468239794e+01,1.7874155739e+01,0.0000000000e+00,nan,nan,nan,nan,nan,nan
2.3092851123e-04,3.1195920650e-05,2.3876316395e+01,-1.2943720205e+01,-1.3899201886e+01,3.9659124672e+01,2.7885763560e+01,-1.7908649051e+01,2.7885794209e+01,1.7908649051e+01,0.0000000000e+00,nan,nan,nan,nan,nan,nan
2.5439162623e-04,3.0658059072e-05,2.3494384428e+01,-1.5968744323e+01,-1.1268382423e+01,4.0879757979e+01,2.9714940275e+01,-1.7488938271e+01,2.9715628244e+01,1.7488938271e+01,0.0000000000e+00,nan,nan,nan,nan,nan,nan
-2.0269912685e-04,2.6506815933e-05,1.4213519456e+02,3.5641115735e+01,-3.7162122123e+01,1.6709445982e+02,1.4895856758e+02,-4.3985495136e+01,1.4895856758e+02,4.3985495136e+01,0.0000000000e+00,nan,nan,nan,nan,nan,nan
-2.0892409518e-04,2.4941305477e-05,1.4809241639e+02,3.7584138186e+01,-3.6238426043e+01,1.7239498470e+02,1.5545928600e+02,-4.3605295653e+01,1.5545928600e+02,4.3605295653e+01,0.0000000000e+00,nan,nan,nan,nan,nan,nan
1.6579280026e-04,8.3010896773e-05,-3.0695025216e+00,-2.6780352265e+00,-1.6511628441e+01,1.2535380355e+01,-2.5532602591e+00,-1.7027870704e+01,4.3660780160e-02,1.7027870704e+01,0.0000000000e+00,nan,nan,nan,nan,nan,nan
1.6256963376e-04,8.5372495840e-05,-3.4911987519e+00,-2.4519392095e+00,-1.6580509726e+01,1.2109227664e+01,-3.0445883879e+00,-1.7027120091e+01,4.2234950456e-02,1.7027120091e+01,0.0000000000e+00,nan,nan,nan,nan,nan,nan
-2.3452633360e-04,8.1889255435e-05,-3.1826031090e+00,2.3127556532e+01,-2.0683991381e+01,4.2823422294e+01,1.2790817144e+01,-3.6657411634e+01,1.2790817144e+01,3.6657411634e+01,0.0000000000e+00,nan,nan,nan,nan,nan,nan
-3.3642256545e-04,2.0371327591e-05,6.6770809472e+01,3.9280092737e+01,1.3935163336e+00,8.8518042472e+01,8.5188078552e+01,-1.7023752747e+01,8.5188078552e+01,1.7023752595e+01,0.0000000000e+00,nan,nan,nan,nan,nan,nan
1.4766794698e-04,8.1015408247e-05,2.2085568460e+00,-4.3154911913e+00,-1.6027406633e+01,1.7482288457e+01,3.1839790535e+00,-1.7002828840e+01,3.2089407670e+00,1.7002828840e+01,0.0000000000e+00,nan,nan,nan,nan,nan,nan
-3.4736559214e-04,1.5457092134e-05,6.3783048889e+01,3.7656775471e+01,4.5260146604e-01,8.5222478726e+01,8.1321046211e+01,-1.7085395856e+01,8.1321046211e+01,1.7085399386e+01,0.0000000000e+00,nan,nan,nan,nan,nan,nan
1.8525091525e-04,1.5807448891e-04,2.6949582688e+00,-5.5381746357e+00,-1.2133155584e+01,1.6026652540e+01,4.5338935007e+00,-1.3972090816e+01,4.5339243614e+00,1.3972090816e+01,0.0000000000e+00,nan,nan,nan,nan,nan,nan
2.5001391637e-04,1.4380837111e-04,-7.7192884625e-01,-6.9495805999e+00,-9.2797199222e+00,1.4111888668e+01,3.1216783372e+00,-1.3173327106e+01,3.1216782839e+00,1.3173327106e+01,0.0000000000e+00,nan,nan,nan,nan,nan,nan
2.5432573288e-04,1.4426940308e-04,-8.3668871001e-01,-6.9922933032e+00,-9.0164488116e+00,1.4029875802e+01,3.1735838101e+00,-1.3026721332e+01,3.1735838285e+00,1.3026721332e+01,1.0000000000e+00,2.5099173085e+01,2.3363207556e+01,-9.1721874289e+00,1.5475154075e+01,3.6543783326e-01,9.3083574814e-01
-1.9750557666e-04,1.6696477270e-05,1.7559694248e+02,3.2472622479e+01,-4.1380044207e+01,1.9614219000e+02,1.8035119534e+02,-4.6134297060e+01,1.8035119534e+02,4.6134297060e+01,0.0000000000e+00,nan,nan,nan,nan,nan,nan
2.5929343865e-04,7.2201440132e-05,-3.2965525597e+00,-6.2897744636e+00,-1.1935190693e+01,1.3213996735e+01,1.3232945597e-02,-1.5244976199e+01,3.6589926874e-03,1.5244976199e+01,0.0000000000e+00,nan,nan,nan,nan,nan,nan
1.6946195373e-04,1.5659015903e-04,2.1804605254e+00,-5.0193112385e+00,-1.2880101032e+01,1.5672375167e+01,3.6986297682e+00,-1.4398270274e+01,3.6959011572e+00,1.4398270274e+01,0.0000000000e+00,nan,nan,nan,nan,nan,nan
1.7336148685e-04,1.5791913481e-04,2.7844265965e+00,-5.1888329566e+00,-1.2644462216e+01,1.6100626550e+01,4.3656832634e+00,-1.4225718882e+01,4.3672237634e+00,1.4225718882e+01,0.0000000000e+00,nan,nan,nan,nan,nan,nan
2.2094726143e-04,2.1831792479e-05,3.2763681680e+01,-1.5353395312e+01,-1.4034335119e+01,4.8474438340e+01,3.7351403305e+01,-1.8622056744e+01,3.7351403267e+01,1.8622056744e+01,0.0000000000e+00,nan,nan,nan,nan,nan,nan
2.1761699989e-04,2.4195325794e-05,3.1582070278e+01,-1.4580090938e+01,-1.4142155907e+01,4.6966088370e+01,3.5835840949e+01,-1.8395926578e+01,3.5835840933e+01,1.8395926578e+01,0.0000000000e+00,nan,nan,nan,nan,nan,nan
2.1429776772e-04,2.6550008745e-05,3.0497693887e+01,-1.3891488719e+01,-1.4249592061e+01,4.5614744785e+01,3.4459736094e+01,-1.8211634268e+01,3.4459736198e+01,1.8211634268e+01,0.0000000000e+00,nan,nan,nan,nan,nan,nan
2.0638297324e-04,2.5679389219e-05,3.3997203867e+01,-1.4339671735e+01,-1.4405160036e+01,4.8724100321e+01,3.7926894352e+01,-1.8334850521e+01,3.7926894365e+01,1.8334850521e+01,0.0000000000e+00,nan,nan,nan,nan,nan,nan
2.0243929041e-04,2.5249640897e-05,3.5997204000e+01,-1.4608799024e+01,-1.4498877619e+01,5.0524420485e+01,3.9919450958e+01,-1.8421124577e+01,3.9919450956e+01,1.8421124577e+01,0.0000000000e+00,nan,nan,nan,nan,nan,nan
2.2159447496e-04,2.4608988015e-05,2.9916451234e+01,-1.4360188690e+01,-1.4102197950e+01,4.5518225682e+01,3.4187086493e+01,-1.8372833208e+01,3.4187086639e+01,1.8372833208e+01,0.0000000000e+00,nan,nan,nan,nan,nan,nan
2.2558266372e-04,2.5022815096e-05,2.8384488406e+01,-1.4170558507e+01,-1.4055196787e+01,4.4195951975e+01,3.2681190579e+01,-1.8351898961e+01,3.2681190059e+01,1.8351898961e+01,0.0000000000e+00,nan,nan,nan,nan,nan,nan
2.2291943945e-04,3.0284652465e-05,2.5597912403e+01,-1.2899840313e+01,-1.4119694650e+01,4.1016424094e+01,2.9419952368e+01,-1.7941734616e+01,2.9419950980e+01,1.7941734616e+01,0.0000000000e+00,nan,nan,nan,nan,nan,nan
2.2958351606e-04,2.5435899851e-05,2.6967021013e+01,-1.3990640386e+01,-1.4019075560e+01,4.2978192335e+01,3.1287443641e+01,-1.8339498187e+01,3.1287444748e+01,1.8339498187e+01,0.0000000000e+00,nan,nan,nan,nan,nan,nan
1.6115956905e-04,5.7397503310e-05,1.6395566070e+01,-7.1710557679e+00,-1.6506940164e+01,3.1082461437e+01,1.7889780431e+01,-1.8001154525e+01,1.7889786039e+01,1.8001154525e+01,0.0000000000e+00,nan,nan,nan,nan,nan,nan
-1.5750046829e-04,8.2133218354e-05,2.3514690128e+01,1.7585523241e+01,-3.1256472649e+01,5.6368685452e+01,2.8673584459e+01,-3.6415366981e+01,2.8673584462e+01,3.6415366981e+01,0.0000000000e+00,nan,nan,nan,nan,nan,nan
-1.5909731117e-04,8.6296036894e-05,1.7883184801e+01,1.7116327089e+01,-3.0440431988e+01,5.1284178111e+01,2.3330310445e+01,-3.5887557631e+01,2.3330310500e+01,3.5887557631e+01,0.0000000000e+00,nan,nan,nan,nan,nan,nan
-1.6187405733e-04,8.6509225553e-05,1.7114424056e+01,1.7474783447e+01,-3.0108404498e+01,5.0876124899e+01,2.2876354185e+01,-3.5870334627e+01,2.2876354239e+01,3.5870334627e+01,0.0000000000e+00,nan,nan,nan,nan,nan,nan
-2.0869483816e-04,5.8083032131e-05,5.1961561954e+01,3.2414647543e+01,-2.7280585882e+01,8.8662301587e+01,6.3529691724e+01,-3.8848715653e+01,6.3529691724e+01,3.8848715653e+01,0.0000000000e+00,nan,nan,nan,nan,nan,nan
-1.9056145626e-04,1.1989635330e-05,1.9009900816e+02,2.9179334775e+01,-4.3961978367e+01,2.0890650358e+02,1.9368074097e+02,-4.7543711180e+01,1.9368074097e+02,4.7543711180e+01,0.0000000000e+00,nan,nan,nan,nan,nan,nan
-1.9006920826e-04,1.6653036619e-05,1.7407442644e+02,3.0192877033e+01,-4.2678736792e+01,1.9486014753e+02,1.7820040346e+02,-4.6804713810e+01,1.7820040346e+02,4.6804713810e+01,0.0000000000e+00,nan,nan,nan,nan,nan,nan
-1.0305937736e-04,9.5468623404e-05,1.2210818972e+01,7.3445807498e+00,-3.3538694000e+01,4.1610666751e+01,1.3359992136e+01,-3.4687867164e+01,1.3359960386e+01,3.4687867164e+01,0.0000000000e+00,nan,nan,nan,nan,nan,nan
1.4209378709e-04,5.3725946639e-05,2.1889015140e+01,-6.2830741394e+00,-1.9787418958e+01,3.7697339006e+01,2.2815366914e+01,-2.0713770732e+01,2.2815366946e+01,2.0713770732e+01,0.0000000000e+00,nan,nan,nan,nan,nan,nan
1.4592004083e-04,5.4444999706e-05,2.0560851850e+01,-6.3832241559e+00,-1.9039685095e+01,3.6032662175e+01,2.1564050583e+01,-2.0042883827e+01,2.1564050585e+01,2.0042883827e+01,0.0000000000e+00,nan,nan,nan,nan,nan,nan
1.4904952944e-04,5.2310262352e-05,2.1843644312e+01,-6.9472640041e+00,-1.8634108246e+01,3.7062134103e+01,2.3002601134e+01,-1.9793065069e+01,2.3002601224e+01,1.9793065069e+01,0.0000000000e+00,nan,nan,nan,nan,nan,nan
1.5287937495e-04,5.3014734929e-05,2.0619442077e+01,-7.0639819254e+00,-1.7982137097e+01,3.5598164428e+01,2.1871262306e+01,-1.9233957325e+01,2.1871262047e+01,1.9233957325e+01,0.0000000000e+00,nan,nan,nan,nan,nan,nan
3.3293640141e-04,4.7701809575e-05,-1.8516025109e+00,-1.2013045472e+01,-2.3388047143e+00,2.0807680848e+01,9.9181165264e+00,-1.4108523752e+01,9.9181165264e+00,1.4108523752e+01,0.0000000000e+00,nan,nan,nan,nan,nan,nan
1.2189155651e-04,7.3994778540e-05,8.6854072020e+00,-1.5313789563e+00,-2.2954225812e+01,2.7529900590e+01,8.7599862113e+00,-2.3028804822e+01,8.7599962400e+00,2.3028804822e+01,0.0000000000e+00,nan,nan,nan,nan,nan,nan
1.2257114772e-04,7.7003803785e-05,6.2979415657e+00,-1.1464351178e+00,-2.2672265191e+01,2.5166124492e+01,6.3425069373e+00,-2.2716830563e+01,6.3428819703e+00,2.2716830563e+01,0.0000000000e+00,nan,nan,nan,nan,nan,nan
1.1885578830e-04,7.6001252465e-05,7.6997961056e+00,-1.2325073661e+00,-2.2882525917e+01,2.6576521502e+01,7.7525969376e+00,-2.2935326749e+01,7.7523022733e+00,2.2935326749e+01,0.0000000000e+00,nan,nan,nan,nan,nan,nan
1.1221850331e-04,7.6995026476e-05,8.1709394626e+00,-1.1614352570e+00,-2.2849128093e+01,2.6943607613e+01,8.2168047931e+00,-2.2894993424e+01,8.2164924495e+00,2.2894993424e+01,0.0000000000e+00,nan,nan,nan,nan,nan,nan
1.0863436249e-04,7.6027128221e-05,9.6162217140e+00,-1.3977081688e+00,-2.2810248008e+01,2.8190195332e+01,9.6786037160e+00,-2.2872630010e+01,9.6786689083e+00,2.2872630010e+01,0.0000000000e+00,nan,nan,nan,nan,nan,nan
1.0797278802e-04,7.3162299618e-05,1.2049078967e+01,-1.9681739467e+00,-2.2755760984e+01,3.0337737818e+01,1.2162160088e+01,-2.2868842104e+01,1.2162138534e+01,2.2868842104e+01,0.0000000000e+00,nan,nan,nan,nan,nan,nan
1.0442899439e-04,7.2272361114e-05,1.3572829207e+01,-2.2373705760e+00,-2.2706104528e+01,3.1660214587e+01,1.3712395754e+01,-2.2845671075e+01,1.3712399415e+01,2.2845671075e+01,0.0000000000e+00,nan,nan,nan,nan,nan,nan
9.8125924186e-05,7.3306898248e-05,1.4098362758e+01,-2.1724553017e+00,-2.2671182521e+01,3.2068732165e+01,1.4228481267e+01,-2.2801301030e+01,1.4228489109e+01,2.2801301030e+01,0.0000000000e+00,nan,nan,nan,nan,nan,nan
9.4699310699e-05,7.2462045907e-05,1.5664920336e+01,-2.4567304832e+00,-2.2619326922e+01,3.3430936641e+01,1.5824156976e+01,-2.2778563562e+01,1.5824154409e+01,2.2778563562e+01,0.0000000000e+00,nan,nan,nan,nan,nan,nan
9.1311526941e-05,7.1641041335e-05,1.7270783409e+01,-2.7586083252e+00,-2.2563389952e+01,3.4830430047e+01,1.7463054892e+01,-2.2755661435e+01,1.7463055473e+01,2.2755661435e+01,0.0000000000e+00,nan,nan,nan,nan,nan,nan
9.0636074623e-05,6.8995597119e-05,1.9982933194e+01,-3.4497790457e+00,-2.2478799189e+01,3.7258681902e+01,2.0263377028e+01,-2.2759243023e+01,2.0263376849e+01,2.2759243023e+01,0.0000000000e+00,nan,nan,nan,nan,nan,nan
8.7276383434e-05,6.8246552813e-05,2.1660087360e+01,-3.7859114677e+00,-2.2415641887e+01,3.8733190807e+01,2.1984840876e+01,-2.2740395403e+01,2.1984840915e+01,2.2740395403e+01,0.0000000000e+00,nan,nan,nan,nan,nan,nan
8.0653001384e-05,6.6831512747e-05,2.5095235815e+01,-4.4944661359e+00,-2.2284235586e+01,4.1766869265e+01,2.5519613328e+01,-2.2708613099e+01,2.5519613326e+01,2.2708613099e+01,0.0000000000e+00,nan,nan,nan,nan,nan,nan
7.8089437888e-05,6.8654602705e-05,2.3898316498e+01,-4.0764639281e+00,-2.2328715339e+01,4.0654823693e+01,2.4256873983e+01,-2.2687272824e+01,2.4256873975e+01,2.2687272824e+01,0.0000000000e+00,nan,nan,nan,nan,nan,nan
7.1655676442e-05,6.7333723064e-05,2.7365662547e+01,-4.8012307171e+00,-2.2205173155e+01,4.3730570237e+01,2.7828101194e+01,-2.2667611802e+01,2.7828101193e+01,2.2667611802e+01,0.0000000000e+00,nan,nan,nan,nan,nan,nan
6.8479728688e-05,6.6710860991e-05,2.9153605441e+01,-5.1865480864e+00,-2.2139056213e+01,4.5322715128e+01,2.9674356394e+01,-2.2659807165e+01,2.9674356394e+01,2.2659807165e+01,0.0000000000e+00,nan,nan,nan,nan,nan,nan
6.7749570106e-05,6.4326700989e-05,3.2308000118e+01,-6.0559862775e+00,-2.2002473395e+01,4.8192240026e+01,3.2976566114e+01,-2.2671039390e+01,3.2976566114e+01,2.2671039390e+01,0.0000000000e+00,nan,nan,nan,nan,nan,nan
6.4587189340e-05,6.3766103093e-05,3.4191624011e+01,-6.4773668973e+00,-2.1927199518e+01,4.9880828031e+01,3.4930921737e+01,-2.2666497245e+01,3.4930921737e+01,2.2666497245e+01,0.0000000000e+00,nan,nan,nan,nan,nan,nan
5.8329164092e-05,6.2721506942e-05,3.8047848960e+01,-7.3534079695e+00,-2.1771820717e+01,5.3350102526e+01,3.8939710177e+01,-2.2663681933e+01,3.8939710177e+01,2.2663681933e+01,0.0000000000e+00,nan,nan,nan,nan,nan,nan
5.5231192428e-05,6.2236337202e-05,4.0037252243e+01,-7.8118128845e+00,-2.1689515813e+01,5.5144595740e+01,4.1011615410e+01,-2.2663878980e+01,4.1011615410e+01,2.2663878980e+01,0.0000000000e+00,nan,nan,nan,nan,nan,nan
4.9884994039e-05,6.3536032261e-05,4.0421224950e+01,-7.7089221899e+00,-2.1717738766e+01,5.5447279718e+01,4.1364244963e+01,-2.2660758779e+01,4.1364244963e+01,2.2660758779e+01,0.0000000000e+00,nan,nan,nan,nan,nan,nan
4.3834445532e-05,6.2677928496e-05,4.4440521924e+01,-8.6375674244e+00,-2.1560687136e+01,5.9085548554e+01,4.5552974757e+01,-2.2673139969e+01,4.5552974757e+01,2.2673139969e+01,0.0000000000e+00,nan,nan,nan,nan,nan,nan
4.0833231716e-05,6.2280798629e-05,4.6536756057e+01,-9.1298480496e+00,-2.1468335376e+01,6.0981416889e+01,4.7741847797e+01,-2.2673427116e+01,4.7741847797e+01,2.2673427116e+01,0.0000000000e+00,nan,nan,nan,nan,nan,nan
3.1026642957e-05,5.9190786740e-05,5.6432994956e+01,-1.0947095119e+01,-2.3433420395e+01,7.1715799867e+01,5.7904923639e+01,-2.4905349077e+01,5.7904923639e+01,2.4905349077e+01,0.0000000000e+00,nan,nan,nan,nan,nan,nan
2.8004487795e-05,5.8900577387e-05,5.8178330208e+01,-1.0699142685e+01,-2.5130212855e+01,7.4488017489e+01,5.9529735625e+01,-2.6481618272e+01,5.9529735625e+01,2.6481618272e+01,0.0000000000e+00,nan,nan,nan,nan,nan,nan
2.1890754725e-05,5.8367716555e-05,6.1159060989e+01,-1.0215782160e+01,-2.8233933443e+01,7.9412134653e+01,6.2311181092e+01,-2.9386053546e+01,6.2311181092e+01,2.9386053546e+01,0.0000000000e+00,nan,nan,nan,nan,nan,nan
1.8802655776e-05,5.8124144760e-05,6.2464297954e+01,-9.9962793264e+00,-2.9624085034e+01,8.1608062365e+01,6.3536543235e+01,-3.0696330315e+01,6.3536543235e+01,3.0696330315e+01,0.0000000000e+00,nan,nan,nan,nan,nan,nan
1.3628690771e-05,5.9611118625e-05,6.0989019349e+01,-9.2394162305e+00,-3.1571992614e+01,8.1741641864e+01,6.1902072301e+01,-3.2485045567e+01,6.1902072301e+01,3.2485045567e+01,0.0000000000e+00,nan,nan,nan,nan,nan,nan
9.4315129637e-06,5.7480882221e-05,6.5702801351e+01,-9.3407232570e+00,-3.3206927583e+01,8.7172441374e+01,6.6576969377e+01,-3.4081095609e+01,6.6576969377e+01,3.4081095609e+01,0.0000000000e+00,nan,nan,nan,nan,nan,nan
4.2479894116e-06,5.9009421666e-05,6.3734818764e+01,-8.6894608127e+00,-3.4681521847e+01,8.6549443243e+01,6.4495992813e+01,-3.5442695896e+01,6.4495992813e+01,3.5442695896e+01,0.0000000000e+00,nan,nan,nan,nan,nan,nan
1.0941520934e-06,5.8835789208e-05,6.4469816697e+01,-8.4717928306e+00,-3.5552398581e+01,8.7855562109e+01,6.5182141491e+01,-3.6264723376e+01,6.5182141491e+01,3.6264723376e+01,0.0000000000e+00,nan,nan,nan,nan,nan,nan
-5.2477311895e-06,5.8527128705e-05,6.5706474567e+01,-7.9733064923e+00,-3.7075403397e+01,9.0076386728e+01,6.6321161710e+01,-3.7690090540e+01,6.6321161710e+01,3.7690090540e+01,0.0000000000e+00,nan,nan,nan,nan,nan,nan
-8.4336063666e-06,5.8389970784e-05,6.6222045354e+01,-7.6904008123e+00,-3.7736914984e+01,9.1010827347e+01,6.6787690853e+01,-3.8302560483e+01,6.6787690853e+01,3.8302560483e+01,0.0000000000e+00,nan,nan,nan,nan,nan,nan
-1.4831258965e-05,5.8149331549e-05,6.7071531045e+01,-7.0544385816e+00,-3.8880832099e+01,9.2567051065e+01,6.7538961323e+01,-3.9348262377e+01,6.7538961323e+01,3.9348262377e+01,0.0000000000e+00,nan,nan,nan,nan,nan,nan
-1.8041254180e-05,5.8043802604e-05,6.7417209446e+01,-6.7012153152e+00,-3.9371191018e+01,9.3206607345e+01,6.7835869055e+01,-3.9789850626e+01,6.7835869055e+01,3.9789850626e+01,0.0000000000e+00,nan,nan,nan,nan,nan,nan
-2.7707927412e-05,5.7783464808e-05,6.8184888355e+01,-5.5036844474e+00,-4.0556938876e+01,9.4653978266e+01,6.8462474571e+01,-4.0834525092e+01,6.8462474571e+01,4.0834525092e+01,0.0000000000e+00,nan,nan,nan,nan,nan,nan
-3.0940460168e-05,5.7715739329e-05,6.8360192553e+01,-5.0603165029e+00,-4.0867095333e+01,9.4998320248e+01,6.8593854378e+01,-4.1100757158e+01,6.8593854377e+01,4.1100757158e+01,0.0000000000e+00,nan,nan,nan,nan,nan,nan
-4.0659390694e-05,5.7550771099e-05,6.8713035029e+01,-3.6085523185e+00,-4.1581091688e+01,9.5721234541e+01,6.8830652200e+01,-4.1698708859e+01,6.8830652200e+01,4.1698708859e+01,0.0000000000e+00,nan,nan,nan,nan,nan,nan
-2.3136304622e-05,5.9688514098e-05,6.4579513201e+01,-6.0440337243e+00,-3.9826380475e+01,9.1021767326e+01,6.4928008231e+01,-4.0174875505e+01,6.4928008231e+01,4.0174875505e+01,0.0000000000e+00,nan,nan,nan,nan,nan,nan
-3.7077047034e-05,5.4082701699e-05,7.5301537979e+01,-4.1719733035e+00,-4.1897098171e+01,1.0175336624e+02,7.5449553293e+01,-4.2045113485e+01,7.5449553293e+01,4.2045113485e+01,0.0000000000e+00,nan,nan,nan,nan,nan,nan
-2.7239077940e-05,5.4259237708e-05,7.4859887498e+01,-5.6350545020e+00,-4.0993337289e+01,1.0080498407e+02,7.5133059794e+01,-4.1266509584e+01,7.5133059794e+01,4.1266509584e+01,0.0000000000e+00,nan,nan,nan,nan,nan,nan
-1.7443597429e-05,5.4504399897e-05,7.4080566116e+01,-6.9263763568e+00,-3.9707520186e+01,9.9270539773e+01,7.4500395826e+01,-4.0127349895e+01,7.4500395826e+01,4.0127349895e+01,0.0000000000e+00,nan,nan,nan,nan,nan,nan
3.2763315281e-05,6.3298775221e-05,4.8353927208e+01,-9.4057297274e+00,-2.1760012796e+01,6.2866936770e+01,4.9593200073e+01,-2.2999285661e+01,4.9593200073e+01,2.2999285661e+01,0.0000000000e+00,nan,nan,nan,nan,nan,nan
9.3347192095e-05,6.7123495806e-05,2.1110239912e+01,-3.8361792838e+00,-2.2443783922e+01,3.8302911688e+01,2.1447424369e+01,-2.2780968378e+01,2.1447424278e+01,2.2780968378e+01,0.0000000000e+00,nan,nan,nan,nan,nan,nan
7.6672693168e-05,6.3707527921e-05,2.9947813175e+01,-5.7063324835e+00,-2.2083886423e+01,4.6134738467e+01,3.0567867048e+01,-2.2703940297e+01,3.0567867048e+01,2.2703940297e+01,0.0000000000e+00,nan,nan,nan,nan,nan,nan
5.9839645727e-05,6.7330239515e-05,3.1387321743e+01,-5.4834100505e+00,-2.2085849747e+01,4.7275213442e+01,3.1945093205e+01,-2.2643621209e+01,3.1945093204e+01,2.2643621209e+01,0.0000000000e+00,nan,nan,nan,nan,nan,nan
8.5331170773e-05,7.2699512290e-05,1.7800800554e+01,-2.6867959873e+00,-2.2531352716e+01,3.5241010066e+01,1.7981130567e+01,-2.2711682728e+01,1.7981130841e+01,2.2711682729e+01,0.0000000000e+00,nan,nan,nan,nan,nan,nan
1.0225931335e-04,7.7009436649e-05,1.0125006490e+01,-1.3156713769e+00,-2.2772430005e+01,2.8585113180e+01,1.0179911032e+01,-2.2827334546e+01,1.0180020109e+01,2.2827334546e+01,0.0000000000e+00,nan,nan,nan,nan,nan,nan
1.2019797146e-04,8.2080443236e-05,3.3151173629e+00,-3.2686257959e-01,-2.2850056703e+01,2.2666027124e+01,3.3187671916e+00,-2.2853706532e+01,3.3210968872e+00,2.2853706532e+01,0.0000000000e+00,nan,nan,nan,nan,nan,nan
-4.8850941273e-05,5.9228453243e-05,6.5570725193e+01,-2.2771982574e+00,-4.1661209112e+01,9.2948677397e+01,6.5618701956e+01,-4.1709185876e+01,6.5618701956e+01,4.1709185876e+01,0.0000000000e+00,nan,nan,nan,nan,nan,nan
1.0024911351e-04,6.8678234266e-05,1.7790860685e+01,-3.1800358136e+00,-2.2570654831e+01,3.5388758355e+01,1.8041812089e+01,-2.2821606236e+01,1.8041812288e+01,2.2821606236e+01,0.0000000000e+00,nan,nan,nan,nan,nan,nan
1.3305948837e-04,7.6964618137e-05,5.3372499408e+00,-2.5250701946e+00,-1.9533671603e+01,2.1973837935e+01,5.5883904160e+00,-1.9784812078e+01,5.5878635494e+00,1.9784812078e+01,0.0000000000e+00,nan,nan,nan,nan,nan,nan
1.9000487068e-04,2.1413494696e-05,4.7832346654e+01,-1.6752602026e+01,-1.4888217785e+01,6.1583276160e+01,5.2027185503e+01,-1.9083056634e+01,5.2027185503e+01,1.9083056634e+01,0.0000000000e+00,nan,nan,nan,nan,nan,nan
1.8607904009e-04,2.1042359782e-05,5.0771895279e+01,-1.7110075133e+01,-1.5095081496e+01,6.4282786465e+01,5.4952090961e+01,-1.9275277178e+01,5.4952090961e+01,1.9275277178e+01,0.0000000000e+00,nan,nan,nan,nan,nan,nan
1.8215441728e-04,2.0679823354e-05,5.3880482704e+01,-1.7478294303e+01,-1.5316935740e+01,6.7140711279e+01,5.8045481212e+01,-1.9481934248e+01,5.8045481212e+01,1.9481934248e+01,0.0000000000e+00,nan,nan,nan,nan,nan,nan
1.7953320442e-04,2.5346793798e-05,4.5539086510e+01,-1.5131646574e+01,-1.5648925634e+01,5.9118470171e+01,4.9077145105e+01,-1.9186984229e+01,4.9077145105e+01,1.9186984229e+01,0.0000000000e+00,nan,nan,nan,nan,nan,nan
1.7561563278e-04,2.4935178872e-05,4.8163201165e+01,-1.5426299713e+01,-1.5931330732e+01,6.1604528428e+01,5.1683326287e+01,-1.9451455855e+01,5.1683326287e+01,1.9451455855e+01,0.0000000000e+00,nan,nan,nan,nan,nan,nan
1.7495758060e-04,2.2427872319e-05,5.3866141450e+01,-1.6759836436e+01,-1.5899993606e+01,6.7032358906e+01,5.7684224381e+01,-1.9718076537e+01,5.7684224381e+01,1.9718076537e+01,0.0000000000e+00,nan,nan,nan,nan,nan,nan
1.9393301424e-04,2.1792597705e-05,4.5066139017e+01,-1.6408019884e+01,-1.4710710126e+01,5.9057186386e+01,4.9274396903e+01,-1.8918968012e+01,4.9274396903e+01,1.8918968012e+01,0.0000000000e+00,nan,nan,nan,nan,nan,nan
1.9456973303e-04,2.4406529639e-05,4.0406192343e+01,-1.5172152212e+01,-1.4767867117e+01,5.4532681598e+01,4.4303621013e+01,-1.8665295788e+01,4.4303621014e+01,1.8665295788e+01,0.0000000000e+00,nan,nan,nan,nan,nan,nan
1.9786423957e-04,2.2179050279e-05,4.2450129557e+01,-1.6076739220e+01,-1.4560131154e+01,5.6684440091e+01,4.6671775947e+01,-1.8781777544e+01,4.6671775947e+01,1.8781777544e+01,0.0000000000e+00,nan,nan,nan,nan,nan,nan
1.9850154024e-04,2.4825043017e-05,3.8137380230e+01,-1.4886381392e+01,-1.4622072556e+01,5.2464939600e+01,4.2048300838e+01,-1.8532993164e+01,4.2048300838e+01,1.8532993164e+01,0.0000000000e+00,nan,nan,nan,nan,nan,nan
2.0511373587e-04,2.0315222377e-05,4.1991457740e+01,-1.6706953169e+01,-1.4246046524e+01,5.6652263432e+01,4.6580905150e+01,-1.8835493935e+01,4.6580905151e+01,1.8835493935e+01,0.0000000000e+00,nan,nan,nan,nan,nan,nan
2.8796389518e-04,8.1482253702e-05,-2.8258226832e+00,-8.4961916461e+00,-8.2048643911e+00,1.5434268446e+01,3.3956355051e+00,-1.4426322579e+01,3.3956356733e+00,1.4426322579e+01,0.0000000000e+00,nan,nan,nan,nan,nan,nan
2.4234172672e-04,4.7602622447e-05,-1.6749946576e+00,-5.1823133410e+00,-1.5351656300e+01,1.4886150069e+01,8.1197270465e-02,-1.7107848229e+01,6.8446520560e-01,1.7107848229e+01,0.0000000000e+00,nan,nan,nan,nan,nan,nan
2.3903862239e-04,5.0359678548e-05,-2.9869482695e+00,-4.3985586175e+00,-1.5424483111e+01,1.3208219333e+01,-1.5799467028e+00,-1.6831484678e+01,-2.6131936494e-01,1.6831484678e+01,0.0000000000e+00,nan,nan,nan,nan,nan,nan
2.3493233831e-04,4.9545512678e-05,2.9811470178e-01,-5.7396025610e+00,-1.5159701780e+01,1.6692796518e+01,2.2067970243e+00,-1.7068384103e+01,1.8335280536e+00,1.7068384103e+01,0.0000000000e+00,nan,nan,nan,nan,nan,nan
2.3574263862e-04,5.3113766038e-05,-3.8046732305e+00,-3.8635733210e+00,-1.5527676059e+01,1.2162228828e+01,-2.6443085567e+00,-1.6688040733e+01,-3.7404896433e-01,1.6688040733e+01,0.0000000000e+00,nan,nan,nan,nan,nan,nan
2.3988652487e-04,5.4009226477e-05,-3.8293360683e+00,-3.9291071127e+00,-1.5151364717e+01,1.1933505316e+01,-2.6005378859e+00,-1.6380162899e+01,1.0767452646e-01,1.6380162899e+01,0.0000000000e+00,nan,nan,nan,nan,nan,nan
2.4071157791e-04,5.7673385330e-05,-3.8191019705e+00,-4.2445259546e+00,-1.4763324143e+01,1.1990768148e+01,-2.3683398386e+00,-1.6214086275e+01,-2.4505524954e-02,1.6214086275e+01,0.0000000000e+00,nan,nan,nan,nan,nan,nan
2.3162428561e-04,5.2246803934e-05,-1.4488786453e+00,-4.8299000485e+00,-1.5559215975e+01,1.4827284908e+01,5.6489622906e-02,-1.7064584243e+01,5.1957024880e-01,1.7064584243e+01,0.0000000000e+00,nan,nan,nan,nan,nan,nan
2.3086792407e-04,4.8799186035e-05,4.5233932848e+00,-7.2213422980e+00,-1.4580616165e+01,2.0759312426e+01,6.9567831771e+00,-1.7014006058e+01,6.9642896442e+00,1.7014006058e+01,0.0000000000e+00,nan,nan,nan,nan,nan,nan
2.4402097248e-04,5.4884490665e-05,-3.5984347531e+00,-4.4329701932e+00,-1.4673199861e+01,1.2281804660e+01,-2.0449140803e+00,-1.6226720534e+01,-2.3699684932e-02,1.6226720534e+01,0.0000000000e+00,nan,nan,nan,nan,nan,nan
2.4483060836e-04,5.8553094900e-05,-3.6876128720e+00,-4.5914230226e+00,-1.4342393903e+01,1.2179949354e+01,-1.9829063491e+00,-1.6047100426e+01,8.8153027277e-03,1.6047100426e+01,0.0000000000e+00,nan,nan,nan,nan,nan,nan
2.4561690737e-04,6.2233307200e-05,-3.7033575775e+00,-4.8084438733e+00,-1.3968725518e+01,1.2179281206e+01,-1.8043302649e+00,-1.5867752831e+01,-2.0878094878e-03,1.5867752831e+01,0.0000000000e+00,nan,nan,nan,nan,nan,nan
2.2684221141e-04,4.8117680954e-05,9.1809154899e+00,-8.7158328193e+00,-1.4153254458e+01,2.5244963444e+01,1.2089016956e+01,-1.7061355924e+01,1.2118469915e+01,1.7061355924e+01,0.0000000000e+00,nan,nan,nan,nan,nan,nan
2.4894224457e-04,5.9414612561e-05,-3.5311237664e+00,-4.9750190108e+00,-1.3912367707e+01,1.2450495886e+01,-1.5334485852e+00,-1.5910042888e+01,-1.1780446884e-03,1.5910042888e+01,0.0000000000e+00,nan,nan,nan,nan,nan,nan
2.4565245036e-04,4.4850736676e-05,4.3553974069e-01,-6.2125234840e+00,-1.4865744087e+01,1.7098389993e+01,2.6566578922e+00,-1.7086862239e+01,2.2953996871e+00,1.7086862239e+01,0.0000000000e+00,nan,nan,nan,nan,nan,nan
2.4977723329e-04,4.5619834561e-05,-3.0322860090e+00,-4.8252277023e+00,-1.4921648832e+01,1.3271261936e+01,-1.3148007692e+00,-1.6639134071e+01,-2.5729590147e-01,1.6639134071e+01,0.0000000000e+00,nan,nan,nan,nan,nan,nan
1.1918706205e-04,4.9713112083e-05,3.2478760814e+01,-7.5929479791e+00,-2.1869344128e+01,4.8871729809e+01,3.3520814704e+01,-2.2911398018e+01,3.3520814704e+01,2.2911398018e+01,0.0000000000e+00,nan,nan,nan,nan,nan,nan
1.2220185312e-04,4.7722749967e-05,3.3955257609e+01,-8.0617288284e+00,-2.1774725510e+01,5.0244963507e+01,3.5099209256e+01,-2.2918677156e+01,3.5099209256e+01,2.2918677156e+01,0.0000000000e+00,nan,nan,nan,nan,nan,nan
1.2599085693e-04,4.8328082055e-05,3.1890123712e+01,-7.5925813364e+00,-2.1871806371e+01,4.8382643099e+01,3.2942890688e+01,-2.2924573347e+01,3.2942890688e+01,2.2924573347e+01,0.0000000000e+00,nan,nan,nan,nan,nan,nan
2.0209932347e-04,9.7490532546e-05,-5.9100572328e+00,-2.9993496036e+00,-1.4761460559e+01,9.2564031762e+00,-4.9915720305e+00,-1.5679945762e+01,1.2180572725e-06,1.5679945762e+01,0.0000000000e+00,nan,nan,nan,nan,nan,nan
1.0739776489e-04,4.5497749113e-05,4.2985377592e+01,-1.0182533105e+01,-2.1291856689e+01,5.8394953551e+01,4.4561102603e+01,-2.2867581701e+01,4.4561102603e+01,2.2867581701e+01,0.0000000000e+00,nan,nan,nan,nan,nan,nan
1.0811517837e-04,4.7962919492e-05,3.8940893205e+01,-9.0954660698e+00,-2.1531455788e+01,5.4690928103e+01,4.0280540771e+01,-2.2871103354e+01,4.0280540771e+01,2.2871103354e+01,0.0000000000e+00,nan,nan,nan,nan,nan,nan
2.0826000267e-04,1.1380393777e-04,-4.6353194855e+00,-4.6000008067e+00,-1.2975335778e+01,1.0752865869e+01,-2.5971576281e+00,-1.5013497636e+01,-1.5127327291e-04,1.5013497636e+01,0.0000000000e+00,nan,nan,nan,nan,nan,nan
-1.9477329843e-04,8.1441013778e-05,1.5446920800e+01,2.2716755825e+01,-2.6543012353e+01,5.3574327531e+01,2.5383106645e+01,-3.6479198199e+01,2.5383106645e+01,3.6479198199e+01,0.0000000000e+00,nan,nan,nan,nan,nan,nan
1.6579076303e-04,1.7020624228e-05,7.7809276711e+01,-2.1180670131e+01,-1.6300340271e+01,8.9380346226e+01,8.2358235174e+01,-2.0849298734e+01,8.2358235174e+01,2.0849298734e+01,0.0000000000e+00,nan,nan,nan,nan,nan,nan
1.5926143117e-04,2.1021433781e-05,6.7811651861e+01,-1.8495687179e+01,-1.7224858543e+01,8.0311830942e+01,7.1661453873e+01,-2.1074660555e+01,7.1661453873e+01,2.1074660555e+01,0.0000000000e+00,nan,nan,nan,nan,nan,nan
1.5533230210e-04,2.0700797551e-05,7.1925753245e+01,-1.9079819353e+01,-1.7589761881e+01,8.4274966907e+01,7.5824170512e+01,-2.1488179147e+01,7.5824170512e+01,2.1488179147e+01,0.0000000000e+00,nan,nan,nan,nan,nan,nan
1.6318846000e-04,2.1355318498e-05,6.4002350825e+01,-1.7990935710e+01,-1.6870164856e+01,7.6658728137e+01,6.7825030310e+01,-2.0692844341e+01,6.7825030310e+01,2.0692844341e+01,0.0000000000e+00,nan,nan,nan,nan,nan,nan
1.4816517133e-04,2.2363760603e-05,7.1661509974e+01,-1.8533523890e+01,-1.8504155757e+01,8.4428882043e+01,7.5323714883e+01,-2.2166360666e+01,7.5323714883e+01,2.2166360666e+01,0.0000000000e+00,nan,nan,nan,nan,nan,nan
1.6711295280e-04,2.1701554734e-05,6.0418633550e+01,-1.7542333927e+01,-1.6520662502e+01,7.3233678934e+01,6.4230469770e+01,-2.0332498722e+01,6.4230469770e+01,2.0332498722e+01,0.0000000000e+00,nan,nan,nan,nan,nan,nan
1.7103592468e-04,2.2059334007e-05,5.7048681334e+01,-1.7135044691e+01,-1.6203141644e+01,7.0038566888e+01,6.0859555291e+01,-2.0014015602e+01,6.0859555291e+01,2.0014015602e+01,0.0000000000e+00,nan,nan,nan,nan,nan,nan
-2.2906402724e-04,4.0062001650e-05,9.3950154103e+01,4.2306771547e+01,-2.5768216216e+01,1.2695614435e+02,1.0738913306e+02,-3.9207195172e+01,1.0738913306e+02,3.9207195172e+01,0.0000000000e+00,nan,nan,nan,nan,nan,nan
-1.3858981203e-04,2.5865393193e-05,1.3956429211e+02,1.7489643960e+01,-4.6166740819e+01,1.6367436435e+02,1.4119621396e+02,-4.7798662674e+01,1.4119621396e+02,4.7798662674e+01,0.0000000000e+00,nan,nan,nan,nan,nan,nan
-1.3496788115e-04,2.5846334375e-05,1.3944828457e+02,1.6606926898e+01,-4.6451689013e+01,1.6354237144e+02,1.4091952995e+02,-4.7922934398e+01,1.4091952995e+02,4.7922934398e+01,0.0000000000e+00,nan,nan,nan,nan,nan,nan
-1.3133947570e-04,2.5828122688e-05,1.3934385358e+02,1.5734396154e+01,-4.6719766152e+01,1.6342313242e+02,1.4066443321e+02,-4.8040345780e+01,1.4066443321e+02,4.8040345780e+01,0.0000000000e+00,nan,nan,nan,nan,nan,nan
-1.2689234644e-04,2.9012069248e-05,1.3061731298e+02,1.4772476936e+01,-4.6266492252e+01,1.5530697739e+02,1.3184193557e+02,-4.7491114839e+01,1.3184193557e+02,4.7491114839e+01,0.0000000000e+00,nan,nan,nan,nan,nan,nan
2.0775510655e-04,6.7292958351e-05,-4.2378985277e+00,-2.8770343879e+00,-1.6367640631e+01,1.1630972471e+01,-3.5876244922e+00,-1.7017914667e+01,6.7291615465e-02,1.7017914667e+01,0.0000000000e+00,nan,nan,nan,nan,nan,nan
2.1104802049e-04,6.4671402693e-05,-3.7630527592e+00,-3.1857005387e+00,-1.6253617041e+01,1.2148262246e+01,-2.9945324219e+00,-1.7022137378e+01,-1.5466243129e-02,1.7022137378e+01,0.0000000000e+00,nan,nan,nan,nan,nan,nan
-1.5275606256e-04,1.6493482120e-05,1.6813622585e+02,2.0147577605e+01,-4.7263911123e+01,1.8977683135e+02,1.7000386203e+02,-4.9131547302e+01,1.7000386203e+02,4.9131547301e+01,0.0000000000e+00,nan,nan,nan,nan,nan,nan
-1.4899951352e-04,1.6481254844e-05,1.6769950538e+02,1.9237150314e+01,-4.7593875778e+01,1.8940225894e+02,1.6940425998e+02,-4.9298630380e+01,1.6940425998e+02,4.9298630380e+01,0.0000000000e+00,nan,nan,nan,nan,nan,nan
-1.5895301233e-04,1.4968679467e-05,1.7370297355e+02,2.1452086217e+01,-4.7060683782e+01,1.9476278483e+02,1.7576749113e+02,-4.9125201363e+01,1.7576749113e+02,4.9125201363e+01,0.0000000000e+00,nan,nan,nan,nan,nan,nan
-1.3660950380e-04,1.0948282933e-04,-3.2393820182e+00,1.1230176986e+01,-2.9538811420e+01,2.9949054958e+01,9.0199822293e-01,-3.3680191661e+01,7.6224837997e-01,3.3680191661e+01,0.0000000000e+00,nan,nan,nan,nan,nan,nan
-1.2179545350e-04,7.8416055745e-05,3.2592040455e+01,1.1480353442e+01,-3.5358139979e+01,6.2113784116e+01,3.4478360218e+01,-3.7244459742e+01,3.4478360218e+01,3.7244459742e+01,0.0000000000e+00,nan,nan,nan,nan,nan,nan
-1.2663837769e-04,7.6660256532e-05,3.4708519067e+01,1.2567824014e+01,-3.5308446632e+01,6.4423800834e+01,3.6895134972e+01,-3.7495062536e+01,3.6895134971e+01,3.7495062536e+01,0.0000000000e+00,nan,nan,nan,nan,nan,nan
-1.3625453627e-04,1.4916556857e-05,1.7093577655e+02,1.6101243266e+01,-4.8920749031e+01,1.9243198978e+02,1.7210817486e+02,-5.0093147340e+01,1.7210817486e+02,5.0093147340e+01,0.0000000000e+00,nan,nan,nan,nan,nan,nan
-1.4147648194e-04,1.6461340966e-05,1.6690109763e+02,1.7457511346e+01,-4.8197246515e+01,1.8871775322e+02,1.6830817118e+02,-4.9604320069e+01,1.6830817118e+02,4.9604320069e+01,0.0000000000e+00,nan,nan,nan,nan,nan,nan
-1.3017200876e-04,1.6436115281e-05,1.6590540556e+02,1.4881054295e+01,-4.8970593421e+01,1.8786373416e+02,1.6693058356e+02,-4.9995771418e+01,1.6693058356e+02,4.9995771418e+01,0.0000000000e+00,nan,nan,nan,nan,nan,nan
-1.4523955902e-04,1.6470539632e-05,1.6728791419e+02,1.8340688189e+01,-4.7904766450e+01,1.8904936640e+02,1.6883927646e+02,-4.9456128710e+01,1.6883927646e+02,4.9456128709e+01,0.0000000000e+00,nan,nan,nan,nan,nan,nan
2.3328167101e-04,5.9527881674e-05,-4.1029444931e+00,-3.7027849568e+00,-1.5171293203e+01,1.1530958778e+01,-2.9797166937e+00,-1.6294521002e+01,-1.9642052757e-02,1.6294521002e+01,0.0000000000e+00,nan,nan,nan,nan,nan,nan
2.3408959231e-04,6.3207421774e-05,-4.1970874013e+00,-3.8990084520e+00,-1.4867061337e+01,1.1443312124e+01,-2.9252750336e+00,-1.6138873704e+01,7.1765598327e-03,1.6138873704e+01,0.0000000000e+00,nan,nan,nan,nan,nan,nan
7.2210675813e-05,1.0907502739e-04,-2.0417135467e+00,4.6195684533e+00,-2.0853612242e+01,1.8165271301e+01,-9.5993861869e-01,-2.1935387170e+01,7.1000415688e-02,2.1935387173e+01,0.0000000000e+00,nan,nan,nan,nan,nan,nan
-1.2042958537e-04,2.5781524058e-05,1.3909518544e+02,1.3177322780e+01,-4.7423336824e+01,1.6313334742e+02,1.4002100635e+02,-4.8349157740e+01,1.4002100635e+02,4.8349157740e+01,0.0000000000e+00,nan,nan,nan,nan,nan,nan
-1.1678638117e-04,2.5767546939e-05,1.3903733654e+02,1.2344194933e+01,-4.7624828679e+01,1.6306108246e+02,1.3984961378e+02,-4.8437105922e+01,1.3984961378e+02,4.8437105922e+01,0.0000000000e+00,nan,nan,nan,nan,nan,nan
-1.0872885153e-04,8.5753247291e-05,2.3578047017e+01,8.5915695056e+00,-3.4902308997e+01,5.2784931637e+01,2.4813263500e+01,-3.6137525479e+01,2.4813263527e+01,3.6137525479e+01,0.0000000000e+00,nan,nan,nan,nan,nan,nan
9.7881969583e-05,8.6551838672e-05,4.1387841780e+00,3.3809403262e-01,-2.2760457008e+01,2.3308360922e+01,4.1462520377e+00,-2.2767924868e+01,4.1418363095e+00,2.2767924868e+01,0.0000000000e+00,nan,nan,nan,nan,nan,nan
1.7723860431e-04,1.5560493978e-04,1.8982209642e+00,-5.3183419504e+00,-1.2551864016e+01,1.5536976935e+01,3.6434562900e+00,-1.4297099342e+01,3.6456318559e+00,1.4297099342e+01,0.0000000000e+00,nan,nan,nan,nan,nan,nan
-1.2262355802e-04,1.6422437640e-05,1.6537097344e+02,1.3218563321e+01,-4.9402188411e+01,1.8740204589e+02,1.6618101416e+02,-5.0212229131e+01,1.6618101416e+02,5.0212229131e+01,0.0000000000e+00,nan,nan,nan,nan,nan,nan
-1.1884650173e-04,1.6416024375e-05,1.6514274822e+02,1.2402385195e+01,-4.9593233133e+01,1.8720263977e+02,1.6585625201e+02,-5.0306736921e+01,1.6585625201e+02,5.0306736921e+01,0.0000000000e+00,nan,nan,nan,nan,nan,nan
-1.2639890262e-04,1.6428678749e-05,1.6562636464e+02,1.4044622391e+01,-4.9194739058e+01,1.8762335372e+02,1.6654020657e+02,-5.0108580984e+01,1.6654020657e+02,5.0108580984e+01,0.0000000000e+00,nan,nan,nan,nan,nan,nan
1.3504333878e-04,1.7274906012e-05,1.1289519727e+02,-2.7362141985e+01,-1.7415413352e+01,1.2240436419e+02,1.1841008458e+02,-2.2930300660e+01,1.1841008458e+02,2.2930300660e+01,0.0000000000e+00,nan,nan,nan,nan,nan,nan
1.3117208676e-04,1.7094921633e-05,1.1981431728e+02,-2.8805218109e+01,-1.7113520711e+01,1.2865563110e+02,1.2562976153e+02,-2.2928964963e+01,1.2562976153e+02,2.2928964963e+01,0.0000000000e+00,nan,nan,nan,nan,nan,nan
1.3252882406e-04,2.1226572301e-05,9.2412828682e+01,-2.2907262625e+01,-1.8375203426e+01,1.0382939608e+02,9.6964742406e+01,-2.2927117150e+01,9.6964742406e+01,2.2927117150e+01,0.0000000000e+00,nan,nan,nan,nan,nan,nan
1.2732282216e-04,1.6931233758e-05,1.2680899102e+02,-3.0235409681e+01,-1.6809782922e+01,1.3495715063e+02,1.3291715129e+02,-2.2917943193e+01,1.3291715129e+02,2.2917943193e+01,0.0000000000e+00,nan,nan,nan,nan,nan,nan
1.2484925247e-04,2.0766337227e-05,1.0449281620e+02,-2.5563077522e+01,-1.7776210830e+01,1.1477650313e+02,1.0962454766e+02,-2.2907942295e+01,1.0962454766e+02,2.2907942295e+01,0.0000000000e+00,nan,nan,nan,nan,nan,nan
1.3893754992e-04,1.7471544004e-05,1.0601654476e+02,-2.5908334664e+01,-1.7730286236e+01,1.1618863329e+02,1.1122466797e+02,-2.2938409442e+01,1.1122466797e+02,2.2938409442e+01,0.0000000000e+00,nan,nan,nan,nan,nan,nan
1.4031308506e-04,2.1758962348e-05,8.1339492211e+01,-2.0415640460e+01,-1.8997517134e+01,9.3817108071e+01,8.5336320138e+01,-2.2994345061e+01,8.5336320138e+01,2.2994345061e+01,0.0000000000e+00,nan,nan,nan,nan,nan,nan
1.4610959149e-04,1.5805064748e-05,1.0689325816e+02,-2.6056189471e+01,-1.7349299572e+01,1.1668341374e+02,1.1213917963e+02,-2.2595221042e+01,1.1213917963e+02,2.2595221042e+01,0.0000000000e+00,nan,nan,nan,nan,nan,nan
1.5004221522e-04,1.6016265386e-05,1.0026245559e+02,-2.4764210610e+01,-1.7233340994e+01,1.1042972721e+02,1.0527119003e+02,-2.2242075433e+01,1.0527119003e+02,2.2242075433e+01,0.0000000000e+00,nan,nan,nan,nan,nan,nan
1.2695666411e-04,8.1173880829e-05,3.2045932178e+00,-1.3544520553e+00,-2.0708607898e+01,2.0838395871e+01,3.2790461259e+00,-2.0783060806e+01,3.2760466988e+00,2.0783060806e+01,0.0000000000e+00,nan,nan,nan,nan,nan,nan
1.8445134630e-04,1.4322324389e-04,-1.6596919028e+00,-5.1436141622e+00,-1.2717966411e+01,1.3079333549e+01,3.6252758834e-01,-1.4740185902e+01,2.8177802679e-01,1.4740185902e+01,0.0000000000e+00,nan,nan,nan,nan,nan,nan
4.9039397018e-05,1.0475049589e-04,4.6746620726e+00,6.5017422611e+00,-2.1774241122e+01,2.5511222953e+01,6.1791219150e+00,-2.3278700964e+01,6.1687753201e+00,2.3278700964e+01,0.0000000000e+00,nan,nan,nan,nan,nan,nan
5.0113365787e-05,1.0952876570e-04,-4.5778073078e-01,5.5040324565e+00,-2.4458276403e+01,2.2809346702e+01,7.1095389150e-01,-2.5627011025e+01,4.6640199206e-01,2.5627011027e+01,0.0000000000e+00,nan,nan,nan,nan,nan,nan
5.4724867073e-05,1.0902914455e-04,2.2454194706e+00,7.3173149919e+00,-1.9294704342e+01,2.2552582073e+01,4.4960968952e+00,-2.1545381767e+01,4.5543375321e+00,2.1545381766e+01,0.0000000000e+00,nan,nan,nan,nan,nan,nan
-1.0949056885e-04,2.5744059958e-05,1.3895357416e+02,1.0704842508e+01,-4.7977478560e+01,1.6294453826e+02,1.3956412083e+02,-4.8588025228e+01,1.3956412083e+02,4.8588025228e+01,0.0000000000e+00,nan,nan,nan,nan,nan,nan
-1.1313981816e-04,2.5755249047e-05,1.3898963797e+02,1.1520096699e+01,-4.7809564592e+01,1.6299788891e+02,1.3969691173e+02,-4.8516838353e+01,1.3969691173e+02,4.8516838353e+01,0.0000000000e+00,nan,nan,nan,nan,nan,nan
1.1589884717e-04,1.6530740572e-05,1.4710176412e+02,-3.4140017845e+01,-1.6052886355e+01,1.5317362993e+02,1.5395927536e+02,-2.2910397591e+01,1.5395927536e+02,2.2910397591e+01,0.0000000000e+00,nan,nan,nan,nan,nan,nan
1.1213092212e-04,1.6424457165e-05,1.5325116875e+02,-3.5234105280e+01,-1.5858493279e+01,1.5866237523e+02,1.6030010279e+02,-2.2907427312e+01,1.6030010279e+02,2.2907427312e+01,0.0000000000e+00,nan,nan,nan,nan,nan,nan
1.1350646824e-04,2.0207753197e-05,1.2344006015e+02,-2.9563789852e+01,-1.6912466242e+01,1.3189833750e+02,1.2941533761e+02,-2.2887743706e+01,1.2941533761e+02,2.2887743706e+01,0.0000000000e+00,nan,nan,nan,nan,nan,nan
1.1725781629e-04,2.0376753311e-05,1.1712135491e+02,-2.8255508643e+01,-1.7189375512e+01,1.2619686688e+02,1.2282578476e+02,-2.2893805367e+01,1.2282578476e+02,2.2893805367e+01,0.0000000000e+00,nan,nan,nan,nan,nan,nan
1.0838163842e-04,1.6330371885e-05,1.5900140820e+02,-3.6205506964e+01,-1.5696251787e+01,1.6377648677e+02,1.6620897693e+02,-2.2903820521e+01,1.6620897693e+02,2.2903820521e+01,0.0000000000e+00,nan,nan,nan,nan,nan,nan
1.2349475389e-04,1.6783120703e-05,1.3379382518e+02,-3.1624097601e+01,-1.6529121098e+01,1.4124124865e+02,1.4017802497e+02,-2.2913320884e+01,1.4017802497e+02,2.2913320884e+01,0.0000000000e+00,nan,nan,nan,nan,nan,nan
-9.5407657673e-05,8.7356461087e-05,2.1882443751e+01,6.0824735177e+00,-3.5410192075e+01,5.0721615970e+01,2.2520264472e+01,-3.6048012796e+01,2.2520264172e+01,3.6048012796e+01,0.0000000000e+00,nan,nan,nan,nan,nan,nan
1.6156501671e-04,1.0211606041e-04,-7.3567091690e+00,-1.0293937330e+00,-1.6894121128e+01,8.4539397167e+00,-7.2445307775e+00,-1.7006299520e+01,-3.2940786096e-05,1.7006299520e+01,0.0000000000e+00,nan,nan,nan,nan,nan,nan
1.6208267784e-04,1.0582158263e-04,-7.8860087116e+00,-9.4335105472e-01,-1.6905991205e+01,7.9843789429e+00,-7.7862166263e+00,-1.7005783290e+01,2.5775726473e-06,1.7005783290e+01,0.0000000000e+00,nan,nan,nan,nan,nan,nan
1.6875510702e-04,1.0111062896e-04,-7.4401437588e+00,-1.0669006259e+00,-1.6876828641e+01,8.3817474841e+00,-7.3192820340e+00,-1.6997690366e+01,9.4419532512e-06,1.6997690366e+01,0.0000000000e+00,nan,nan,nan,nan,nan,nan
1.6257871876e-04,1.0956228235e-04,-8.2665335136e+00,-9.4184374197e-01,-1.6892588630e+01,7.6491735291e+00,-8.1633086758e+00,-1.6995813468e+01,5.6142957362e-07,1.6995813468e+01,0.0000000000e+00,nan,nan,nan,nan,nan,nan
1.6645269725e-04,1.1099179751e-04,-8.3214008340e+00,-1.0192477341e+00,-1.6893854508e+01,7.6340797438e+00,-8.2000896759e+00,-1.7015165666e+01,2.2366468744e-07,1.7015165666e+01,0.0000000000e+00,nan,nan,nan,nan,nan,nan
1.6304773934e-04,1.1333389218e-04,-8.4528976645e+00,-1.0398032828e+00,-1.6857061866e+01,7.5000911611e+00,-8.3248001143e+00,-1.6985159416e+01,-3.9537695017e-07,1.6985159416e+01,0.0000000000e+00,nan,nan,nan,nan,nan,nan
1.7378448550e-04,1.1002112428e-04,-7.8257834727e+00,-1.2489561472e+00,-1.6554648552e+01,7.8586414197e+00,-7.6530272734e+00,-1.6727404752e+01,-4.1090402373e-07,1.6727404752e+01,0.0000000000e+00,nan,nan,nan,nan,nan,nan
1.7323943693e-04,1.0622443740e-04,-7.9284048271e+00,-1.0409147321e+00,-1.6833767385e+01,7.9204637650e+00,-7.8082042192e+00,-1.6953967993e+01,5.9651090930e-07,1.6953967993e+01,0.0000000000e+00,nan,nan,nan,nan,nan,nan
1.5874243558e-04,1.0813576150e-04,-8.1258292845e+00,-8.8956054540e-01,-1.6913639014e+01,7.7689192603e+00,-8.0343465233e+00,-1.7005121776e+01,-4.5767603497e-06,1.7005121776e+01,0.0000000000e+00,nan,nan,nan,nan,nan,nan
-1.0750306092e-04,1.6400836741e-05,1.6460163253e+02,1.0008388597e+01,-5.0065658069e+01,1.8671310726e+02,1.6506684997e+02,-5.0530875504e+01,1.6506684997e+02,5.0530875504e+01,0.0000000000e+00,nan,nan,nan,nan,nan,nan
-1.0371884058e-04,1.6396584677e-05,1.6446911096e+02,9.2273155295e+00,-5.0188720395e+01,1.8658422749e+02,1.6486464925e+02,-5.0584258686e+01,1.6486464925e+02,5.0584258686e+01,0.0000000000e+00,nan,nan,nan,nan,nan,nan
-9.9932750636e-05,1.6393015200e-05,1.6435889108e+02,8.4539786338e+00,-5.0293828456e+01,1.8646987832e+02,1.6469096576e+02,-5.0625903134e+01,1.6469096576e+02,5.0625903134e+01,0.0000000000e+00,nan,nan,nan,nan,nan,nan
-1.1347340219e-04,1.4882219416e-05,1.6921666713e+02,1.1174715770e+01,-5.0156135789e+01,1.9096511916e+02,1.6978402863e+02,-5.0723497284e+01,1.6978402863e+02,5.0723497284e+01,0.0000000000e+00,nan,nan,nan,nan,nan,nan
-9.4869100283e-05,2.5708671087e-05,1.3892690052e+02,7.5269999401e+00,-4.8475020104e+01,1.6281688893e+02,1.3922831486e+02,-4.8776434445e+01,1.3922831486e+02,4.8776434445e+01,0.0000000000e+00,nan,nan,nan,nan,nan,nan
-9.1208590167e-05,2.5702562752e-05,1.3894719496e+02,6.7522723184e+00,-4.8553419926e+01,1.6280021282e+02,1.3918963421e+02,-4.8795859179e+01,1.3918963421e+02,4.8795859179e+01,0.0000000000e+00,nan,nan,nan,nan,nan,nan
-9.0811599562e-05,2.8875999390e-05,1.3073700628e+02,6.6499138610e+00,-4.7888629160e+01,1.5512180016e+02,1.3098380164e+02,-4.8135424521e+01,1.3098380164e+02,4.8135424521e+01,0.0000000000e+00,nan,nan,nan,nan,nan,nan
-9.8527859102e-05,2.5715612207e-05,1.3891774689e+02,8.3094460258e+00,-4.8377719531e+01,1.6283915089e+02,1.3928524128e+02,-4.8745213922e+01,1.3928524128e+02,4.8745213922e+01,0.0000000000e+00,nan,nan,nan,nan,nan,nan
1.3896484268e-04,1.4724190135e-04,-4.2979853377e+00,-2.1379374184e+00,-1.6750269747e+01,1.1406682705e+01,-3.9384762120e+00,-1.7109778873e+01,6.0442838892e-03,1.7109778873e+01,0.0000000000e+00,nan,nan,nan,nan,nan,nan
-9.0633942914e-05,1.4865419758e-05,1.6842861003e+02,6.5635303799e+00,-5.0772075765e+01,1.9017289188e+02,1.6862463745e+02,-5.0968103189e+01,1.6862463745e+02,5.0968103189e+01,0.0000000000e+00,nan,nan,nan,nan,nan,nan
-9.6145291935e-05,1.6389957270e-05,1.6427095281e+02,7.6880950785e+00,-5.0380436997e+01,1.8636927302e+02,1.6454560785e+02,-5.0655092044e+01,1.6454560785e+02,5.0655092044e+01,0.0000000000e+00,nan,nan,nan,nan,nan,nan
-8.4775788460e-05,1.6385167013e-05,1.6413163234e+02,5.4317651494e+00,-5.0521879870e+01,1.8613274706e+02,1.6426866786e+02,-5.0658915384e+01,1.6426866786e+02,5.0658915384e+01,0.0000000000e+00,nan,nan,nan,nan,nan,nan
-2.3937816284e-04,1.2297352604e-05,2.0665846059e+02,4.6251545208e+01,-3.1288113776e+01,2.2108687739e+02,2.1532974158e+02,-3.9959394769e+01,2.1532974158e+02,3.9959394769e+01,0.0000000000e+00,nan,nan,nan,nan,nan,nan
1.0093870978e-04,1.6174415175e-05,1.6921389384e+02,-3.7765224453e+01,-1.5470496039e+01,1.7280171377e+02,1.7663881486e+02,-2.2895417059e+01,1.7663881486e+02,2.2895417059e+01,0.0000000000e+00,nan,nan,nan,nan,nan,nan
9.3570448918e-05,1.6056424992e-05,1.7767189982e+02,-3.8822632261e+01,-1.5371213401e+01,1.8019723462e+02,1.8518726513e+02,-2.2886578705e+01,1.8518726513e+02,2.2886578705e+01,0.0000000000e+00,nan,nan,nan,nan,nan,nan
1.0465143702e-04,1.6247101266e-05,1.6432948256e+02,-3.7050505642e+01,-1.5566554497e+01,1.6849576035e+02,1.7166253663e+02,-2.2899608562e+01,1.7166253663e+02,2.2899608562e+01,0.0000000000e+00,nan,nan,nan,nan,nan,nan
4.0397049894e-05,9.1505958587e-05,1.5223396945e+01,2.4154624130e+00,-2.2070450540e+01,3.2561803191e+01,1.5376039040e+01,-2.2223092635e+01,1.5376032829e+01,2.2223092635e+01,0.0000000000e+00,nan,nan,nan,nan,nan,nan
5.9770450081e-05,7.6226977069e-05,2.1460307296e+01,-2.5676614374e+00,-2.2427672701e+01,3.8270263346e+01,2.1611664142e+01,-2.2579029548e+01,2.1611664141e+01,2.2579029548e+01,0.0000000000e+00,nan,nan,nan,nan,nan,nan
-7.9958270917e-05,7.7516418388e-05,3.5307017249e+01,3.2325340565e+00,-3.8024216210e+01,6.3751988534e+01,3.5448628261e+01,-3.8165827222e+01,3.5448628260e+01,3.8165827222e+01,0.0000000000e+00,nan,nan,nan,nan,nan,nan
-7.7190927513e-05,1.6385561732e-05,1.6413662352e+02,3.9585525087e+00,-5.0508731561e+01,1.8601419425e+02,1.6420929110e+02,-5.0581399144e+01,1.6420929110e+02,5.0581399144e+01,0.0000000000e+00,nan,nan,nan,nan,nan,nan
-7.3397590245e-05,1.6386561693e-05,1.6416722120e+02,3.2303004141e+00,-5.0466834061e+01,1.8596220044e+02,1.6421552006e+02,-5.0515132916e+01,1.6421552006e+02,5.0515132916e+01,0.0000000000e+00,nan,nan,nan,nan,nan,nan
-8.0983756530e-05,1.6384702894e-05,1.6412561186e+02,4.6922719814e+00,-5.0526777474e+01,1.8607144532e+02,1.6422781624e+02,-5.0628981851e+01,1.6422781624e+02,5.0628981851e+01,0.0000000000e+00,nan,nan,nan,nan,nan,nan
-7.7944103071e-05,8.7073377398e-05,2.2220714116e+01,2.8605856795e+00,-3.6308436035e+01,5.0928139631e+01,2.2359514166e+01,-3.6447236085e+01,2.2359514592e+01,3.6447236085e+01,0.0000000000e+00,nan,nan,nan,nan,nan,nan
8.6275526798e-05,1.5970530050e-05,1.8456773628e+02,-3.9516944064e+01,-1.5343848229e+01,1.8616515147e+02,1.9209444434e+02,-2.2870556290e+01,1.9209444434e+02,2.2870556290e+01,0.0000000000e+00,nan,nan,nan,nan,nan,nan
8.2653060427e-05,1.5936706525e-05,1.8448479934e+02,-3.8325871502e+01,-1.6197199210e+01,1.8603739408e+02,1.9155253961e+02,-2.3264939488e+01,1.9155253961e+02,2.3264939488e+01,0.0000000000e+00,nan,nan,nan,nan,nan,nan
7.6273666714e-05,1.7536971565e-05,1.7486725863e+02,-3.5219149496e+01,-1.7719728075e+01,1.7758197332e+02,1.8110076538e+02,-2.3953234822e+01,1.8110076538e+02,2.3953234822e+01,0.0000000000e+00,nan,nan,nan,nan,nan,nan
8.9913741507e-05,1.6009533887e-05,1.8121565976e+02,-3.9145559556e+01,-1.5372799422e+01,1.8325649992e+02,1.8872461972e+02,-2.2881759390e+01,1.8872461972e+02,2.2881759390e+01,0.0000000000e+00,nan,nan,nan,nan,nan,nan
-6.1875136463e-05,2.5700653945e-05,1.3939797279e+02,8.1024358023e-01,-4.8393526788e+01,1.6263766940e+02,1.3940112521e+02,-4.8396679209e+01,1.3940112521e+02,4.8396679209e+01,0.0000000000e+00,nan,nan,nan,nan,nan,nan
-6.9214170621e-05,2.5691983373e-05,1.3925073738e+02,2.2554680450e+00,-4.8579570634e+01,1.6271210975e+02,1.3927746374e+02,-4.8606296993e+01,1.3927746374e+02,4.8606296993e+01,0.0000000000e+00,nan,nan,nan,nan,nan,nan
-7.2882370455e-05,2.5690127337e-05,1.3918315151e+02,2.9876383337e+00,-4.8633074940e+01,1.6273529462e+02,1.3923030444e+02,-4.8680227868e+01,1.3923030444e+02,4.8680227868e+01,0.0000000000e+00,nan,nan,nan,nan,nan,nan
3.1073457732e-05,4.0538281456e-05,9.8380000195e+01,-1.6695261608e+01,-2.7468625129e+01,1.1275676019e+02,1.0055583338e+02,-2.9644458317e+01,1.0055583338e+02,2.9644458317e+01,0.0000000000e+00,nan,nan,nan,nan,nan,nan
3.6671351397e-05,3.9014579167e-05,1.0136040277e+02,-1.8626796314e+01,-2.5391740828e+01,1.1441066927e+02,1.0403936167e+02,-2.8070699735e+01,1.0403936167e+02,2.8070699735e+01,0.0000000000e+00,nan,nan,nan,nan,nan,nan
3.9955852744e-05,3.9174317044e-05,1.0027630225e+02,-1.9660301301e+01,-2.3803225738e+01,1.1271873118e+02,1.0331472804e+02,-2.6841651530e+01,1.0331472804e+02,2.6841651530e+01,0.0000000000e+00,nan,nan,nan,nan,nan,nan
-6.2013633918e-05,1.6395425761e-05,1.6435486170e+02,1.0742730246e+00,-5.0184201403e+01,1.8580508388e+02,1.6435994534e+02,-5.0189285047e+01,1.6435994534e+02,5.0189285047e+01,0.0000000000e+00,nan,nan,nan,nan,nan,nan
-5.8218680209e-05,1.6400006896e-05,1.6444739745e+02,3.6395844035e-01,-5.0033050305e+01,1.8574607699e+02,1.6444772113e+02,-5.0033373978e+01,1.6444772113e+02,5.0033373978e+01,0.0000000000e+00,nan,nan,nan,nan,nan,nan
-5.4423706174e-05,1.6405740846e-05,1.6455242870e+02,-3.4295077570e-01,-4.9850798695e+01,1.8567908594e+02,1.6455268525e+02,-4.9851055249e+01,1.6455268525e+02,4.9851055249e+01,0.0000000000e+00,nan,nan,nan,nan,nan,nan
-5.0628913747e-05,1.6413771517e-05,1.6466581023e+02,-1.0470024665e+00,-4.9635630162e+01,1.8559884351e+02,1.6467063230e+02,-4.9640452226e+01,1.6467063230e+02,4.9640452226e+01,0.0000000000e+00,nan,nan,nan,nan,nan,nan
-6.7756671013e-05,1.4869161318e-05,1.6844247965e+02,2.1845223489e+00,-5.0643930719e+01,1.8977161656e+02,1.6846396837e+02,-5.0665419440e+01,1.6846396837e+02,5.0665419440e+01,0.0000000000e+00,nan,nan,nan,nan,nan,nan
7.1728619821e-05,1.5823082740e-05,1.7986282145e+02,-3.2325952289e+01,-2.0205867303e+01,1.8208109467e+02,1.8495304610e+02,-2.5296091953e+01,1.8495304610e+02,2.5296091953e+01,0.0000000000e+00,nan,nan,nan,nan,nan,nan
6.8067903517e-05,1.5782168524e-05,1.7877838750e+02,-3.0625102873e+01,-2.1527735000e+01,1.8139459350e+02,1.8335354363e+02,-2.6102891139e+01,1.8335354363e+02,2.6102891139e+01,0.0000000000e+00,nan,nan,nan,nan,nan,nan
6.4397764954e-05,1.5740167343e-05,1.7782356109e+02,-2.9013124196e+01,-2.2861433632e+01,1.8091340384e+02,1.8193146614e+02,-2.6969338683e+01,1.8193146614e+02,2.6969338683e+01,0.0000000000e+00,nan,nan,nan,nan,nan,nan
2.3344857978e-05,3.8436569685e-05,1.0516164002e+02,-1.5103935827e+01,-3.1175537265e+01,1.2093337992e+02,1.0681397083e+02,-3.2827868073e+01,1.0681397083e+02,3.2827868073e+01,0.0000000000e+00,nan,nan,nan,nan,nan,nan
-6.7758727153e-05,8.5071869911e-05,2.4719728328e+01,9.8457208613e-01,-3.7048784120e+01,5.3519278805e+01,2.4734842129e+01,-3.7063897921e+01,2.4734841787e+01,3.7063897921e+01,0.0000000000e+00,nan,nan,nan,nan,nan,nan
5.4468192704e-05,1.7249317929e-05,1.7009063447e+02,-2.5401140381e+01,-2.5865587441e+01,1.7531021337e+02,1.7332792240e+02,-2.9102875366e+01,1.7332792240e+02,2.9102875366e+01,0.0000000000e+00,nan,nan,nan,nan,nan,nan
5.8128574936e-05,1.7298202808e-05,1.7063444526e+02,-2.6824934665e+01,-2.4503247343e+01,1.7526131233e+02,1.7425276481e+02,-2.8121566892e+01,1.7425276481e+02,2.8121566892e+01,0.0000000000e+00,nan,nan,nan,nan,nan,nan
4.9626199030e-05,1.5569049666e-05,1.7508056795e+02,-2.3361476502e+01,-2.8208922896e+01,1.8064137542e+02,1.7772916925e+02,-3.0857524198e+01,1.7772916925e+02,3.0857524198e+01,0.0000000000e+00,nan,nan,nan,nan,nan,nan
-4.4866058112e-05,1.4901772726e-05,1.6908378997e+02,-2.0454030041e+00,-4.9522820292e+01,1.8935152578e+02,1.6910263922e+02,-4.9541669538e+01,1.6910263922e+02,4.9541669538e+01,0.0000000000e+00,nan,nan,nan,nan,nan,nan
-3.9246012698e-05,1.6440611162e-05,1.6507566932e+02,-3.1478961808e+00,-4.8777216157e+01,1.8528175384e+02,1.6512169704e+02,-4.8823243875e+01,1.6512169704e+02,4.8823243875e+01,0.0000000000e+00,nan,nan,nan,nan,nan,nan
-3.5453691032e-05,1.6452553628e-05,1.6522599496e+02,-3.8467620303e+00,-4.8413910647e+01,1.8513699163e+02,1.6529493411e+02,-4.8482849796e+01,1.6529493411e+02,4.8482849796e+01,0.0000000000e+00,nan,nan,nan,nan,nan,nan
-3.1662626661e-05,1.6467061902e-05,1.6537828961e+02,-4.5464180340e+00,-4.8008889220e+01,1.8496588231e+02,1.6547480214e+02,-4.8105401743e+01,1.6547480214e+02,4.8105401743e+01,0.0000000000e+00,nan,nan,nan,nan,nan,nan
-2.7870340173e-05,1.6481099873e-05,1.6553999451e+02,-5.2482393620e+00,-4.7560588178e+01,1.8477370869e+02,1.6566885362e+02,-4.7689447287e+01,1.6566885362e+02,4.7689447287e+01,0.0000000000e+00,nan,nan,nan,nan,nan,nan
-1.3907582796e-04,3.5661387077e-05,1.1353241470e+02,1.7836477690e+01,-4.3684783403e+01,1.3961368633e+02,1.1552981495e+02,-4.5682183802e+01,1.1552981496e+02,4.5682183801e+01,0.0000000000e+00,nan,nan,nan,nan,nan,nan
-1.4490706737e-04,3.9088873539e-05,1.0493196881e+02,1.9282925233e+01,-4.2263126397e+01,1.3177593881e+02,1.0741529486e+02,-4.4746452579e+01,1.0741529488e+02,4.4746452578e+01,0.0000000000e+00,nan,nan,nan,nan,nan,nan
-6.3346986451e-05,8.7001151183e-05,2.2042875336e+01,2.4354356187e-01,-3.6844011808e+01,5.0998315895e+01,2.2043323174e+01,-3.6844459647e+01,2.2043324164e+01,3.6844459647e+01,0.0000000000e+00,nan,nan,nan,nan,nan,nan
4.5872084351e-05,1.2854859080e-04,-3.9893783249e+01,-1.0324431106e+01,-3.8501707376e+01,1.7777820347e+01,-2.8933715949e+01,-4.9461774676e+01,-1.1293134980e-05,4.9461774621e+01,0.0000000000e+00,nan,nan,nan,nan,nan,nan
4.1639102163e-05,1.2928724321e-04,-4.4778282630e+01,-1.0851900300e+01,-3.7520911479e+01,1.9720540219e+01,-2.9763937850e+01,-5.2535256259e+01,1.3931699654e-06,5.2535256250e+01,0.0000000000e+00,nan,nan,nan,nan,nan,nan
3.9732825878e-05,1.7056234450e-05,1.6859398760e+02,-2.0380574351e+01,-3.1196551092e+01,1.7658590862e+02,1.7065064013e+02,-3.3253203621e+01,1.7065064013e+02,3.3253203621e+01,0.0000000000e+00,nan,nan,nan,nan,nan,nan
3.6027297021e-05,1.7009860568e-05,1.6833997033e+02,-1.9271517314e+01,-3.2477300267e+01,1.7708532716e+02,1.7017159634e+02,-3.4308926274e+01,1.7017159634e+02,3.4308926274e+01,0.0000000000e+00,nan,nan,nan,nan,nan,nan
3.2313605281e-05,1.6964790765e-05,1.6811689474e+02,-1.8212673779e+01,-3.3728238675e+01,1.7762493892e+02,1.6974613433e+02,-3.5357478270e+01,1.6974613433e+02,3.5357478270e+01,0.0000000000e+00,nan,nan,nan,nan,nan,nan
4.5911607735e-05,1.5526572797e-05,1.7459577529e+02,-2.2117000814e+01,-2.9528828259e+01,1.8087782949e+02,1.7696333706e+02,-3.1896390029e+01,1.7696333706e+02,3.1896390029e+01,0.0000000000e+00,nan,nan,nan,nan,nan,nan
-2.4083461112e-05,1.6497442515e-05,1.6570192614e+02,-5.9523514402e+00,-4.7067613049e+01,1.8455145983e+02,1.6586799156e+02,-4.7233678467e+01,1.6586799156e+02,4.7233678467e+01,0.0000000000e+00,nan,nan,nan,nan,nan,nan
-1.8189934335e-05,1.4992123539e-05,1.7031336921e+02,-6.9639266935e+00,-4.6495383899e+01,1.8814833446e+02,1.7053648420e+02,-4.6718498893e+01,1.7053648420e+02,4.6718498893e+01,0.0000000000e+00,nan,nan,nan,nan,nan,nan
-1.2732479709e-05,1.6558294554e-05,1.6618585578e+02,-8.0970123432e+00,-4.5302652194e+01,1.8368994109e+02,1.6649503873e+02,-4.5611835144e+01,1.6649503873e+02,4.5611835144e+01,0.0000000000e+00,nan,nan,nan,nan,nan,nan
-8.9515900095e-06,1.6580978395e-05,1.6634830812e+02,-8.8283966077e+00,-4.4614596826e+01,1.8333736402e+02,1.6671673212e+02,-4.4983020822e+01,1.6671673212e+02,4.4983020822e+01,0.0000000000e+00,nan,nan,nan,nan,nan,nan
-1.5798280128e-04,1.0495211714e-04,-2.0100868876e+00,1.3703267386e+01,-2.8460675695e+01,3.2983460254e+01,3.8076283654e+00,-3.4278390948e+01,3.8069140795e+00,3.4278390948e+01,0.0000000000e+00,nan,nan,nan,nan,nan,nan
-1.5413787727e-04,1.0893165391e-04,-4.9397450691e+00,1.2764640342e+01,-2.8442626222e+01,3.0049366835e+01,6.5782438552e-01,-3.4040195677e+01,5.4236795383e-01,3.4040195677e+01,1.0000000000e+00,1.8781018080e+01,1.8355518842e+01,3.9751186336e+00,2.1754379468e+01,-2.1165618481e-01,9.7734418678e-01
2.7224419246e-05,1.5325999311e-05,1.7287510185e+02,-1.6691412201e+01,-3.5791865586e+01,1.8300747667e+02,1.7420103405e+02,-3.7117797790e+01,1.7420103405e+02,3.7117797790e+01,0.0000000000e+00,nan,nan,nan,nan,nan,nan
2.3466297928e-05,1.5289291415e-05,1.7261984431e+02,-1.5739561658e+01,-3.6946182530e+01,1.8352434585e+02,1.7379466138e+02,-3.8120999587e+01,1.7379466138e+02,3.8120999588e+01,0.0000000000e+00,nan,nan,nan,nan,nan,nan
1.7386038487e-05,1.6799543734e-05,1.6741387892e+02,-1.4402490073e+01,-3.8355116321e+01,1.7993765564e+02,1.6841643521e+02,-3.9357672627e+01,1.6841643521e+02,3.9357672627e+01,0.0000000000e+00,nan,nan,nan,nan,nan,nan
1.3637751427e-05,1.6762509893e-05,1.6726179700e+02,-1.3537566525e+01,-3.9401526395e+01,1.8050410504e+02,1.6814422894e+02,-4.0283958334e+01,1.6814422894e+02,4.0283958334e+01,0.0000000000e+00,nan,nan,nan,nan,nan,nan
2.4733768240e-04,1.2050045686e-04,-2.5022213215e+00,-6.9302816172e+00,-1.0027787937e+01,1.3658326289e+01,1.6206337304e+00,-1.4150642989e+01,1.6204562780e+00,1.4150642989e+01,0.0000000000e+00,nan,nan,nan,nan,nan,nan
-1.4060978326e-06,1.6634803795e-05,1.6665742404e+02,-1.0326224463e+01,-4.3084387822e+01,1.8251942913e+02,1.6716415965e+02,-4.3591123434e+01,1.6716415965e+02,4.3591123434e+01,0.0000000000e+00,nan,nan,nan,nan,nan,nan
4.5924983520e-06,1.5128955311e-05,1.7151683819e+02,-1.1454579241e+01,-4.2042288552e+01,1.8600791662e+02,1.7212899555e+02,-4.2654445910e+01,1.7212899555e+02,4.2654445910e+01,0.0000000000e+00,nan,nan,nan,nan,nan,nan
9.8839945827e-06,1.6727191561e-05,1.6711285524e+02,-1.2700656301e+01,-4.0398992427e+01,1.8105098960e+02,1.6788676898e+02,-4.1172906177e+01,1.6788676898e+02,4.1172906177e+01,0.0000000000e+00,nan,nan,nan,nan,nan,nan
7.7851653480e-07,3.9409292112e-05,1.0528661572e+02,-1.0537850775e+01,-3.8154606184e+01,1.2555676395e+02,1.0605623624e+02,-3.8924226699e+01,1.0605623624e+02,3.8924226699e+01,0.0000000000e+00,nan,nan,nan,nan,nan,nan
7.6026313121e-06,3.9610149781e-05,1.0420063324e+02,-1.1723557273e+01,-3.6257204291e+01,1.2332243363e+02,1.0517195472e+02,-3.7228525778e+01,1.0517195472e+02,3.7228525778e+01,0.0000000000e+00,nan,nan,nan,nan,nan,nan
-5.7506955121e-05,8.7018737739e-05,2.1869658076e+01,-7.5870420795e-01,-3.6999511973e+01,5.0998237137e+01,2.1878918990e+01,-3.7008772888e+01,2.1878918456e+01,3.7008772888e+01,0.0000000000e+00,nan,nan,nan,nan,nan,nan
-6.3311311975e-05,9.4843090048e-05,1.2016220716e+01,5.2030476197e-01,-3.5497682869e+01,4.1156969134e+01,1.2021256132e+01,-3.5502718285e+01,1.2021449404e+01,3.5502718285e+01,0.0000000000e+00,nan,nan,nan,nan,nan,nan
-2.6851197549e-05,3.8859717005e-05,1.0759315212e+02,-5.9215331375e+00,-4.3357084796e+01,1.3112790068e+02,1.0782476242e+02,-4.3588695098e+01,1.0782476242e+02,4.3588695098e+01,0.0000000000e+00,nan,nan,nan,nan,nan,nan
1.3111926439e-04,1.5765542794e-04,-1.8341726060e-01,-1.2653541469e+00,-1.7275984284e+01,1.4980152003e+01,-8.0905980787e-02,-1.7378495563e+01,2.6194581320e-01,1.7378495563e+01,0.0000000000e+00,nan,nan,nan,nan,nan,nan
-5.4650142217e-05,3.5344718450e-05,1.1552286124e+02,-8.3143508441e-01,-4.6244389425e+01,1.4010132532e+02,1.1552677379e+02,-4.6248301980e+01,1.1552677379e+02,4.6248301980e+01,0.0000000000e+00,nan,nan,nan,nan,nan,nan
-4.5837190452e-05,8.7143315910e-05,2.1367563775e+01,-2.6369807573e+00,-3.7198147421e+01,5.0923877480e+01,2.1485622549e+01,-3.7316206194e+01,2.1485617162e+01,3.7316206194e+01,0.0000000000e+00,nan,nan,nan,nan,nan,nan
3.2752723768e-05,1.2877494117e-04,-4.5172250470e+01,-9.2427772359e+00,-3.5551712713e+01,1.7977509985e+01,-2.9982661362e+01,-5.0741301820e+01,5.2993476112e-08,5.0741301820e+01,0.0000000000e+00,nan,nan,nan,nan,nan,nan
-4.0012302566e-05,8.7255353419e-05,2.1043923232e+01,-3.4906672268e+00,-3.7234373784e+01,5.0830641177e+01,2.1251859091e+01,-3.7442309643e+01,2.1251854747e+01,3.7442309643e+01,0.0000000000e+00,nan,nan,nan,nan,nan,nan
-4.4965969183e-05,9.7003172453e-05,8.2597564519e+00,-2.3204541531e+00,-3.5712826662e+01,3.8291960181e+01,8.3813384132e+00,-3.5834408624e+01,8.3851405676e+00,3.5834408624e+01,0.0000000000e+00,nan,nan,nan,nan,nan,nan
-4.0780368142e-05,3.8712227541e-05,1.0787785635e+02,-3.4791344691e+00,-4.4783940142e+01,1.3234566853e+02,1.0795676546e+02,-4.4862849244e+01,1.0795676546e+02,4.4862849244e+01,0.0000000000e+00,nan,nan,nan,nan,nan,nan
-4.0597063477e-05,9.5103421390e-05,1.0449641770e+01,-3.0861364474e+00,-3.6101533134e+01,4.0666503391e+01,1.0652870998e+01,-3.6304762362e+01,1.0652026132e+01,3.6304762362e+01,0.0000000000e+00,nan,nan,nan,nan,nan,nan
1.7148651889e-04,9.5012188383e-05,-6.7201331990e+00,-1.2930703199e+00,-1.6840541961e+01,9.0493521160e+00,-6.5556917002e+00,-1.7004983460e+01,2.1835840642e-04,1.7004983460e+01,0.0000000000e+00,nan,nan,nan,nan,nan,nan
1.7541448437e-04,9.6297509902e-05,-7.0531650861e+00,-1.2211730077e+00,-1.6832392707e+01,8.7314283246e+00,-6.9016864028e+00,-1.6983871390e+01,-7.1842726475e-05,1.6983871390e+01,0.0000000000e+00,nan,nan,nan,nan,nan,nan
1.7208665956e-04,9.8716434919e-05,-7.2412765605e+00,-1.1379556128e+00,-1.6857484240e+01,8.5605156061e+00,-7.1069644108e+00,-1.6991796390e+01,-3.2886925628e-05,1.6991796390e+01,0.0000000000e+00,nan,nan,nan,nan,nan,nan
1.7602640175e-04,1.0003539848e-04,-7.5417006830e+00,-1.0919743281e+00,-1.6892448541e+01,8.3196698228e+00,-7.4137110000e+00,-1.7020438224e+01,1.5751967725e-05,1.7020438224e+01,0.0000000000e+00,nan,nan,nan,nan,nan,nan
-3.4939678657e-05,9.5256990218e-05,9.9418453912e+00,-3.8720047900e+00,-3.6187591259e+01,4.0507499019e+01,1.0264142529e+01,-3.6509888397e+01,1.0264376086e+01,3.6509888397e+01,0.0000000000e+00,nan,nan,nan,nan,nan,nan
-2.7488546961e-04,3.5722631465e-05,8.9004861085e+01,4.8042559213e+01,-5.7249163478e+00,1.1684837073e+02,1.0910241067e+02,-2.5822465930e+01,1.0910241067e+02,2.5822465930e+01,0.0000000000e+00,nan,nan,nan,nan,nan,nan
-2.6702087355e-05,8.5712073909e-05,2.2918658595e+01,-5.1812727927e+00,-3.7326248177e+01,5.2939269196e+01,2.3360706530e+01,-3.7768296112e+01,2.3360702552e+01,3.7768296112e+01,0.0000000000e+00,nan,nan,nan,nan,nan,nan
2.2919795275e-05,1.2423964533e-04,-3.5697363098e+01,-7.7247118623e+00,-3.4831162525e+01,1.3311568306e+01,-2.7578825267e+01,-4.2949700356e+01,4.3918452133e-07,4.2949700356e+01,0.0000000000e+00,nan,nan,nan,nan,nan,nan
1.9349543453e-05,1.2809246856e-04,-4.2160892599e+01,-6.7463049654e+00,-3.4113533135e+01,1.3529241780e+01,-3.0326101483e+01,-4.5948324251e+01,6.2106232404e-08,4.5948324251e+01,0.0000000000e+00,nan,nan,nan,nan,nan,nan
1.2731534172e-05,1.2864590116e-04,-4.2395163694e+01,-6.2299713636e+00,-3.5064806269e+01,1.2472653381e+01,-3.1528895194e+01,-4.5931074769e+01,-3.3587912289e-08,4.5931074769e+01,1.0000000000e+00,1.4241934679e+01,1.4185547358e+01,1.2660764359e+00,1.9917091384e+01,-8.8897784217e-02,9.9604075417e-01
8.7073974066e-06,1.2781801795e-04,-4.0653695485e+01,-5.8898089517e+00,-3.4619156334e+01,1.1375532019e+01,-3.1068759436e+01,-4.4204092383e+01,-2.3618723105e-08,4.4204092383e+01,1.0000000000e+00,1.4651722253e+01,1.4603092806e+01,1.1927470275e+00,1.9922937002e+01,-8.1406609197e-02,9.9668097402e-01
-2.2605789341e-05,8.7831063233e-05,1.9798306392e+01,-5.5406526304e+00,-3.7020333949e+01,5.0132920963e+01,2.0333241635e+01,-3.7555269192e+01,2.0333263471e+01,3.7555269192e+01,0.0000000000e+00,nan,nan,nan,nan,nan,nan
-3.7942372583e-06,1.0937744849e-04,-1.1072599707e+01,-6.3104281059e+00,-3.5447133678e+01,2.3766465184e+01,-9.5382916210e+00,-3.6981441764e+01,4.4126797007e-03,3.6981441764e+01,0.0000000000e+00,nan,nan,nan,nan,nan,nan
-9.0979676781e-06,1.0889748972e-04,-1.0096921250e+01,-5.9147508694e+00,-3.5292804239e+01,2.4102318497e+01,-8.7793826721e+00,-3.6610342817e+01,3.1226019617e-03,3.6610342817e+01,0.0000000000e+00,nan,nan,nan,nan,nan,nan
-1.1529022887e-06,1.0964443089e-04,-1.1558048684e+01,-6.4636097185e+00,-3.5514998463e+01,2.3570054825e+01,-9.9283460750e+00,-3.7144701072e+01,4.5233761329e-03,3.7144701072e+01,0.0000000000e+00,nan,nan,nan,nan,nan,nan
4.1073196489e-06,1.1023740147e-04,-1.2525047466e+01,-6.6717912236e+00,-3.5615353206e+01,2.3089006092e+01,-1.0739756453e+01,-3.7400644218e+01,2.1659848170e-03,3.7400644218e+01,0.0000000000e+00,nan,nan,nan,nan,nan,nan
9.3351458535e-06,1.1091598328e-04,-1.3492057783e+01,-6.7499320851e+00,-3.5640150276e+01,2.2454345873e+01,-1.1602081395e+01,-3.7530126663e+01,-2.0619400600e-04,3.7530126663e+01,0.0000000000e+00,nan,nan,nan,nan,nan,nan
1.3758691732e-05,1.0943590534e-04,-1.0975960398e+01,-6.5868696763e+00,-3.5518845981e+01,2.4114943550e+01,-9.3246340394e+00,-3.7170172339e+01,3.7659855346e-03,3.7170172339e+01,0.0000000000e+00,nan,nan,nan,nan,nan,nan
1.8965712134e-05,1.1028762859e-04,-1.1789001298e+01,-6.3852548995e+00,-3.5321434620e+01,2.3176011993e+01,-1.0174541196e+01,-3.6935894721e+01,4.4937555760e-03,3.6935894721e+01,0.0000000000e+00,nan,nan,nan,nan,nan,nan
2.2901347211e-05,1.1534592638e-04,-1.9622636269e+01,-6.9162658948e+00,-3.5431208302e+01,1.8162781518e+01,-1.7040635487e+01,-3.8013209084e+01,1.6543621190e-04,3.8013209084e+01,0.0000000000e+00,nan,nan,nan,nan,nan,nan
2.7327937964e-05,1.1408273914e-04,-1.6512671253e+01,-6.3577485582e+00,-3.5254281680e+01,1.9586653981e+01,-1.4575116519e+01,-3.7191836415e+01,-2.0265919335e-04,3.7191836415e+01,0.0000000000e+00,nan,nan,nan,nan,nan,nan
3.2371478218e-05,1.1524985015e-04,-1.7017243643e+01,-5.9320780577e+00,-3.5230778513e+01,1.8787603892e+01,-1.5276982914e+01,-3.6971039242e+01,8.8098339833e-05,3.6971039242e+01,0.0000000000e+00,nan,nan,nan,nan,nan,nan
3.6865863212e-05,1.1420853859e-04,-1.3361810014e+01,-4.2737509719e+00,-3.4461035809e+01,1.9679267766e+01,-1.2549592369e+01,-3.5273253454e+01,-6.3322502716e-04,3.5273253454e+01,0.0000000000e+00,nan,nan,nan,nan,nan,nan
3.5372670003e-05,1.1824346064e-04,-2.1416056390e+01,-6.4771919175e+00,-3.5750792251e+01,1.6670579230e+01,-1.8958660915e+01,-3.8208187726e+01,-4.6564843645e-05,3.8208187726e+01,0.0000000000e+00,nan,nan,nan,nan,nan,nan
-2.3666178233e-05,9.5693572500e-05,8.8229437691e+00,-5.2156803643e+00,-3.6263546134e+01,4.0076688679e+01,9.4179858146e+00,-3.6858588179e+01,9.4222811424e+00,3.6858588179e+01,0.0000000000e+00,nan,nan,nan,nan,nan,nan
-1.1800621457e-04,6.6968109205e-05,5.0109178215e+01,1.1432500154e+01,-3.8031552484e+01,7.8857327275e+01,5.1567111996e+01,-3.9489486265e+01,5.1567111996e+01,3.9489486265e+01,0.0000000000e+00,nan,nan,nan,nan,nan,nan
-6.3334010027e-05,6.8164597041e-05,4.9924260106e+01,1.7961841482e-01,-4.0221818077e+01,7.8068616096e+01,4.9924157533e+01,-4.0221715504e+01,4.9924157533e+01,4.0221715504e+01,0.0000000000e+00,nan,nan,nan,nan,nan,nan
-8.5169605630e-05,6.8258102229e-05,4.9370691857e+01,4.4334596166e+00,-3.9657164432e+01,7.7480814275e+01,4.9590332691e+01,-3.9876805266e+01,4.9590332691e+01,3.9876805266e+01,0.0000000000e+00,nan,nan,nan,nan,nan,nan
-8.2048080664e-05,6.8230494611e-05,4.9491127425e+01,3.8016772678e+00,-3.9779302829e+01,7.7589376881e+01,4.9652159926e+01,-3.9940335330e+01,4.9652159926e+01,3.9940335330e+01,0.0000000000e+00,nan,nan,nan,nan,nan,nan
-1.2724115950e-04,6.7209977324e-05,4.9091897595e+01,1.3421875886e+01,-3.7227356322e+01,7.8284503259e+01,5.1129849667e+01,-3.9265308394e+01,5.1129849667e+01,3.9265308394e+01,0.0000000000e+00,nan,nan,nan,nan,nan,nan
-9.1389810426e-05,6.8326047057e-05,4.9088202343e+01,5.7093973280e+00,-3.9376036756e+01,7.7246772501e+01,4.9454527691e+01,-3.9742362104e+01,4.9454527691e+01,3.9742362104e+01,0.0000000000e+00,nan,nan,nan,nan,nan,nan
-1.8054680564e-05,9.5985477175e-05,8.2217765452e+00,-5.7402218355e+00,-3.6242363767e+01,3.9769071147e+01,8.9503903211e+00,-3.6970977543e+01,8.9543090516e+00,3.6970977543e+01,0.0000000000e+00,nan,nan,nan,nan,nan,nan
4.0671746957e-06,1.2310129016e-04,-3.2290890983e+01,-5.8962621863e+00,-3.4695294911e+01,1.0356079285e+01,-2.7514007784e+01,-3.9472178110e+01,3.2812432455e-07,3.9472178110e+01,0.0000000000e+00,nan,nan,nan,nan,nan,nan
-1.1810752357e-08,1.2481343507e-04,-3.4269922585e+01,-5.0190497309e+00,-3.4030355113e+01,8.6179958782e+00,-2.9174536609e+01,-3.9125741090e+01,-3.0171215334e-07,3.9125741090e+01,0.0000000000e+00,nan,nan,nan,nan,nan,nan
-5.0225199094e-06,1.2424595523e-04,-3.2332174504e+01,-4.3282897864e+00,-3.3662592126e+01,7.5029045287e+00,-2.8665579366e+01,-3.7329187264e+01,-4.7421649967e-07,3.7329187264e+01,0.0000000000e+00,nan,nan,nan,nan,nan,nan
1.0094579952e-04,1.5150568229e-04,-9.3487793496e-01,-3.2615751477e+00,-1.8185103659e+01,1.5969199855e+01,-3.4016896193e-01,-1.8779812632e+01,-1.5016272976e-01,1.8779809809e+01,0.0000000000e+00,nan,nan,nan,nan,nan,nan
1.0398437083e-04,1.5338809705e-04,1.1556381461e-01,-3.0660198487e+00,-1.7973469291e+01,1.6539294375e+01,6.2001332152e-01,-1.8477918798e+01,4.7336460478e-01,1.8477919168e+01,0.0000000000e+00,nan,nan,nan,nan,nan,nan
-1.2463109258e-05,9.6333490286e-05,7.5988220108e+00,-6.1408198168e+00,-3.6170161725e+01,3.9368121872e+01,8.4435259029e+00,-3.7014865617e+01,8.4453723786e+00,3.7014865617e+01,0.0000000000e+00,nan,nan,nan,nan,nan,nan
-9.2952885155e-06,8.6611587181e-05,2.1365893107e+01,-6.3777119721e+00,-3.6446722416e+01,5.1270898932e+01,2.2060852645e+01,-3.7141681955e+01,2.2060851853e+01,3.7141681955e+01,0.0000000000e+00,nan,nan,nan,nan,nan,nan
-1.5329717624e-04,7.2011984567e-05,3.8720988136e+01,1.8386513627e+01,-3.3571312858e+01,7.0239243263e+01,4.3127483645e+01,-3.7977808366e+01,4.3127483645e+01,3.7977808366e+01,0.0000000000e+00,nan,nan,nan,nan,nan,nan
-1.5916584995e-04,7.2322751593e-05,3.7358978618e+01,1.9491275900e+01,-3.2807335599e+01,6.9512076352e+01,4.2408637503e+01,-3.7856994484e+01,4.2408637503e+01,3.7856994484e+01,0.0000000000e+00,nan,nan,nan,nan,nan,nan
-2.3572662810e-05,1.0584852979e-04,-4.7888964580e+00,-4.5845173285e+00,-3.5102697927e+01,2.7425830291e+01,-4.1114866914e+00,-3.5780107693e+01,5.8153545562e-02,3.5780107693e+01,0.0000000000e+00,nan,nan,nan,nan,nan,nan
-2.6716851136e-05,1.0982730396e-04,-9.5502124764e+00,-3.7365099853e+00,-3.4460626275e+01,2.2521402739e+01,-9.0026814415e+00,-3.5008157310e+01,4.3318022410e-03,3.5008157310e+01,0.0000000000e+00,nan,nan,nan,nan,nan,nan
-3.2080239406e-05,1.0958763771e-04,-8.5611587060e+00,-3.0134522197e+00,-3.4281182402e+01,2.2876196876e+01,-8.2135921298e+00,-3.4628748979e+01,3.3830288569e-03,3.4628748979e+01,0.0000000000e+00,nan,nan,nan,nan,nan,nan
-2.1374546247e-05,1.1011553492e-04,-1.0576349808e+01,-4.4163424674e+00,-3.4644489163e+01,2.2201003232e+01,-9.7926642935e+00,-3.5428174678e+01,3.1986455097e-03,3.5428174678e+01,0.0000000000e+00,nan,nan,nan,nan,nan,nan
-4.3537073698e-06,1.1998248947e-04,-2.6340910598e+01,-5.2527053765e+00,-3.4351919316e+01,1.1413158045e+01,-2.3757025088e+01,-3.6935804827e+01,-6.2771762394e-06,3.6935804827e+01,0.0000000000e+00,nan,nan,nan,nan,nan,nan
-1.0032707809e-05,1.2375005983e-04,-3.0447204768e+01,-3.6408627874e+00,-3.3360108524e+01,6.7354712688e+00,-2.8014930496e+01,-3.5792382796e+01,-3.4941577502e-07,3.5792382796e+01,0.0000000000e+00,nan,nan,nan,nan,nan,nan
-1.2550150014e-05,1.2352296721e-04,-2.9523232157e+01,-3.2982698082e+00,-3.3228979946e+01,6.5079507004e+00,-2.7618738963e+01,-3.5133473140e+01,-2.2097958160e-07,3.5133473140e+01,0.0000000000e+00,nan,nan,nan,nan,nan,nan
-3.5398279558e-06,8.7031095186e-05,2.0719014446e+01,-6.4415712605e+00,-3.5920228047e+01,5.0303492626e+01,2.1442128208e+01,-3.6643341809e+01,2.1442137541e+01,3.6643341809e+01,0.0000000000e+00,nan,nan,nan,nan,nan,nan
-1.4564243156e-05,1.1904417480e-04,-2.3232747655e+01,-3.9789968008e+00,-3.3779875910e+01,1.1432727881e+01,-2.1905623263e+01,-3.5107000302e+01,4.1398638120e-07,3.5107000302e+01,0.0000000000e+00,nan,nan,nan,nan,nan,nan
-1.7610546193e-05,1.2311988659e-04,-2.7740888661e+01,-2.6154583350e+00,-3.2993272188e+01,6.4009273012e+00,-2.6671503324e+01,-3.4062657525e+01,3.6409587731e-07,3.4062657525e+01,0.0000000000e+00,nan,nan,nan,nan,nan,nan
-2.2716533539e-05,1.2276568045e-04,-2.6030858469e+01,-1.9350813687e+00,-3.2783428425e+01,6.7125996535e+00,-2.5531622230e+01,-3.3282664664e+01,1.1917242488e-06,3.3282664664e+01,0.0000000000e+00,nan,nan,nan,nan,nan,nan
-2.6692970893e-05,1.2467422756e-04,-2.7171721770e+01,-8.5328232997e-01,-3.2321409632e+01,4.7034244044e+00,-2.7031042355e+01,-3.2462089047e+01,-3.9899131376e-07,3.2462089047e+01,0.0000000000e+00,nan,nan,nan,nan,nan,nan
-1.4494511884e-04,1.1007083130e-04,-4.6443388731e+00,1.1909225887e+01,-2.8959563862e+01,2.9474608879e+01,2.1522200325e-01,-3.3819124738e+01,1.2181134494e-01,3.3819124738e+01,1.0000000000e+00,1.8887255230e+01,1.8503440152e+01,3.7882862457e+00,2.1655663438e+01,-2.0057367783e-01,9.7967862065e-01
5.0708062069e-06,9.9928909660e-05,2.6097253406e+00,-6.4215439736e+00,-3.5523171430e+01,3.4844731708e+01,3.6608921867e+00,-3.6574338277e+01,3.7187602873e+00,3.6574338277e+01,0.0000000000e+00,nan,nan,nan,nan,nan,nan
-3.1543387859e-05,1.2012531741e-04,-2.0945890573e+01,-1.2634044992e+00,-3.2773860514e+01,1.0470291702e+01,-2.0814849811e+01,-3.2904901276e+01,-5.1663589177e-06,3.2904901276e+01,0.0000000000e+00,nan,nan,nan,nan,nan,nan
-3.6739764092e-05,1.1990257779e-04,-1.9578284337e+01,-5.6567992743e-01,-3.2597726398e+01,1.1312269213e+01,-1.9556863693e+01,-3.2619147043e+01,-1.4604744929e-06,3.2619147043e+01,0.0000000000e+00,nan,nan,nan,nan,nan,nan
-3.9500183885e-05,1.2407306459e-04,-2.3244576316e+01,7.6650642826e-01,-3.1920216800e+01,7.6071092727e+00,-2.3190429972e+01,-3.1974363144e+01,1.8020519998e-07,3.1974363144e+01,1.0000000000e+00,1.7873842712e+01,1.7812767583e+01,1.4763347583e+00,2.0330888367e+01,-8.2597501953e-02,9.9658298835e-01
-4.5561470301e-05,1.0917633068e-04,-6.3102633515e+00,-1.0751163625e+00,-3.3836749276e+01,2.3909611415e+01,-6.2692857272e+00,-3.3877726901e+01,-1.1753711120e-02,3.3877726901e+01,0.0000000000e+00,nan,nan,nan,nan,nan,nan
-4.0158157760e-05,1.0931052763e-04,-7.1673871621e+00,-1.8680598052e+00,-3.4015370891e+01,2.3473625209e+01,-7.0388751932e+00,-3.4143882860e+01,-3.6408372289e-03,3.4143882860e+01,0.0000000000e+00,nan,nan,nan,nan,nan,nan
-5.3623480752e-05,1.0494668571e-04,-5.9996107047e-01,-3.1747498739e-01,-3.4196473760e+01,2.9099155364e+01,-5.9781223272e-01,-3.4198622597e+01,-1.6655678380e-01,3.4198622597e+01,0.0000000000e+00,nan,nan,nan,nan,nan,nan
-5.9124045092e-05,1.0490365316e-04,-1.9657517547e-02,5.4325103708e-01,-3.4003660014e+01,2.9444413623e+01,-1.1918634144e-02,-3.4011398897e+01,-1.2071511193e-02,3.4011398897e+01,0.0000000000e+00,nan,nan,nan,nan,nan,nan
1.7222506727e-05,9.1269312079e-05,1.5064719652e+01,-4.6885712140e+00,-3.2768145281e+01,4.2211628659e+01,1.5519182355e+01,-3.3222607984e+01,1.5519278128e+01,3.3222607984e+01,0.0000000000e+00,nan,nan,nan,nan,nan,nan
2.2774304624e-05,9.2114733434e-05,1.4175005913e+01,-3.5209873178e+00,-3.1346010529e+01,3.9889023484e+01,1.4444436138e+01,-3.1615440754e+01,1.4444735322e+01,3.1615440754e+01,0.0000000000e+00,nan,nan,nan,nan,nan,nan
2.5906541325e-05,1.0096369875e-04,3.2251698922e+00,-3.6325214918e+00,-3.2764687280e+01,3.1791268023e+01,3.5849384569e+00,-3.3124455845e+01,3.6427757060e+00,3.3124455845e+01,0.0000000000e+00,nan,nan,nan,nan,nan,nan
1.4421770545e-04,1.0611342125e-04,-7.3368173282e+00,-8.4904427349e-01,-1.6945036451e+01,8.4567903575e+00,-7.2583967002e+00,-1.7023457079e+01,-1.3506793192e-05,1.7023457079e+01,0.0000000000e+00,nan,nan,nan,nan,nan,nan
1.6425210992e-04,1.2475284235e-04,-7.3790484621e+00,-1.8253258538e+00,-1.6220378741e+01,8.2799695558e+00,-7.0192709497e+00,-1.6580156254e+01,7.7324092764e-06,1.6580156254e+01,0.0000000000e+00,nan,nan,nan,nan,nan,nan
-4.4579956110e-05,1.1964457588e-04,-1.7694545533e+01,4.8378794593e-01,-3.2345235488e+01,1.2709232998e+01,-1.7682211418e+01,-3.2357569603e+01,1.3684183123e-05,3.2357569603e+01,0.0000000000e+00,nan,nan,nan,nan,nan,nan
-4.9816059427e-05,1.1952116078e-04,-1.6561018781e+01,1.1803388976e+00,-3.2179919261e+01,1.3672533340e+01,-1.6476628217e+01,-3.2264309825e+01,2.0400368063e-05,3.2264309825e+01,0.0000000000e+00,nan,nan,nan,nan,nan,nan
-1.8988073443e-04,4.3601155100e-05,9.0962845305e+01,3.1096258846e+01,-3.4667262269e+01,1.2139802385e+02,9.8236973268e+01,-4.1941390231e+01,9.8236973268e+01,4.1941390231e+01,0.0000000000e+00,nan,nan,nan,nan,nan,nan
2.2643020668e-04,1.1763281938e-05,4.5604741771e+01,-2.0616704510e+01,-1.3335659168e+01,6.2296577079e+01,5.2101486848e+01,-1.9832404245e+01,5.2101486848e+01,1.9832404245e+01,0.0000000000e+00,nan,nan,nan,nan,nan,nan
-2.1325535413e-04,1.2086163176e-05,1.9703238076e+02,3.6228140271e+01,-3.9601305445e+01,2.1431950901e+02,2.0245296388e+02,-4.5021888563e+01,2.0245296388e+02,4.5021888563e+01,0.0000000000e+00,nan,nan,nan,nan,nan,nan
-5.5073500618e-05,1.1945398907e-04,-1.5543864387e+01,1.8780122139e+00,-3.2010513279e+01,1.4619119257e+01,-1.5336836395e+01,-3.2217541271e+01,1.5549779938e-05,3.2217541271e+01,0.0000000000e+00,nan,nan,nan,nan,nan,nan
-5.7706949763e-05,1.1942632977e-04,-1.5066035485e+01,2.2233931955e+00,-3.1925622950e+01,1.5092166714e+01,-1.4782362702e+01,-3.2209295733e+01,7.4126288341e-06,3.2209295733e+01,0.0000000000e+00,nan,nan,nan,nan,nan,nan
-6.2982541135e-05,1.1936746821e-04,-1.4160374435e+01,2.9047929010e+00,-3.1756283747e+01,1.6040556347e+01,-1.3697309566e+01,-3.2219348616e+01,-2.4164461191e-05,3.2219348616e+01,0.0000000000e+00,nan,nan,nan,nan,nan,nan
-6.2266190913e-05,1.2381998809e-04,-1.8206347386e+01,3.5525378572e+00,-3.1229793931e+01,1.2829789725e+01,-1.7310788107e+01,-3.2125353210e+01,-1.5540473917e-06,3.2125353210e+01,1.0000000000e+00,1.8526168078e+01,1.8436859525e+01,1.8168969402e+00,2.0562485255e+01,-9.8071923591e-02,9.9517932947e-01
1.7044458514e-04,6.8170324750e-05,6.7871783169e+00,-6.2718757394e+00,-1.5386872967e+01,2.2070051408e+01,8.4423027960e+00,-1.7041997447e+01,8.4332777181e+00,1.7041997447e+01,0.0000000000e+00,nan,nan,nan,nan,nan,nan
-1.5848355409e-04,3.9294248286e-05,1.0411353457e+02,2.2820986467e+01,-4.0703458379e+01,1.3149487002e+02,1.0762363669e+02,-4.4213560518e+01,1.0762363669e+02,4.4213560518e+01,0.0000000000e+00,nan,nan,nan,nan,nan,nan
-7.6453131056e-05,1.1527647252e-04,-8.7287156193e+00,4.1499929425e+00,-3.1814768229e+01,2.1241552987e+01,-8.0079255896e+00,-3.2535558259e+01,-6.9243685551e-04,3.2535558259e+01,0.0000000000e+00,nan,nan,nan,nan,nan,nan
-7.6205265643e-05,1.1940422700e-04,-1.2395009081e+01,4.5702309577e+00,-3.1298592747e+01,1.8179760611e+01,-1.1350711232e+01,-3.2342890596e+01,-5.6719914666e-05,3.2342890596e+01,0.0000000000e+00,nan,nan,nan,nan,nan,nan
-7.3562095428e-05,1.1930776992e-04,-1.2630999185e+01,4.2349416071e+00,-3.1402906082e+01,1.7830111968e+01,-1.1722732689e+01,-3.2311172578e+01,-6.6142405569e-05,3.2311172578e+01,0.0000000000e+00,nan,nan,nan,nan,nan,nan
-6.8266146014e-05,1.1938246365e-04,-1.3396217534e+01,3.5831378689e+00,-3.1575601677e+01,1.6916507192e+01,-1.2719159625e+01,-3.2252659587e+01,-6.3356265611e-05,3.2252659587e+01,0.0000000000e+00,nan,nan,nan,nan,nan,nan
1.1019851997e-04,6.8394253593e-05,1.5652332534e+01,-2.9252163736e+00,-2.2657735155e+01,3.3565341110e+01,1.5876257415e+01,-2.2881660036e+01,1.5876256591e+01,2.2881660036e+01,0.0000000000e+00,nan,nan,nan,nan,nan,nan
1.9938938222e-04,8.2479114579e-05,-6.1617728892e+00,-1.8336783380e+00,-1.6403265658e+01,9.4191131819e+00,-5.8443917424e+00,-1.6720646805e+01,-2.3943528806e-04,1.6720646805e+01,0.0000000000e+00,nan,nan,nan,nan,nan,nan
1.3154959807e-04,1.1815383661e-04,-9.4867039665e+00,-3.7939546703e-01,-1.7024342296e+01,6.5706742373e+00,-9.4619425918e+00,-1.7049103671e+01,2.3457105050e-10,1.7049103671e+01,0.0000000000e+00,nan,nan,nan,nan,nan,nan
-1.2604925805e-04,8.6388306525e-05,2.1823120328e+01,1.1705568731e+01,-3.3524524112e+01,5.2042317678e+01,2.4195944228e+01,-3.5897348013e+01,2.4195944238e+01,3.5897348013e+01,0.0000000000e+00,nan,nan,nan,nan,nan,nan
1.1175603949e-04,9.1101385719e-05,-5.2111619755e-01,9.5543403447e-01,-2.2803105425e+01,1.9373457047e+01,-4.7684016998e-01,-2.2847381452e+01,-5.5448168990e-02,2.2847381452e+01,0.0000000000e+00,nan,nan,nan,nan,nan,nan
1.1590575604e-04,9.5527564900e-05,-2.8459470501e+00,1.1613347011e+00,-2.2451036102e+01,1.7091064582e+01,-2.7809608387e+00,-2.2516022313e+01,-3.1206610986e-03,2.2516022313e+01,0.0000000000e+00,nan,nan,nan,nan,nan,nan
1.1284034587e-04,9.7436396475e-05,-3.1353172934e+00,1.6646044160e+00,-2.2920597318e+01,1.7377697588e+01,-2.9949389252e+00,-2.3060975686e+01,-6.6124987513e-03,2.3060975686e+01,0.0000000000e+00,nan,nan,nan,nan,nan,nan
1.1332468517e-04,1.0066001915e-04,-4.4732560651e+00,1.7414329635e+00,-2.2430442540e+01,1.5834343296e+01,-4.3098869379e+00,-2.2593811667e+01,1.4974991235e-03,2.2593811667e+01,0.0000000000e+00,nan,nan,nan,nan,nan,nan
1.5821655398e-04,8.0822652260e-05,-4.4652196684e-01,-3.5476507320e+00,-1.6276442178e+01,1.5028800367e+01,3.1539986488e-01,-1.7038364010e+01,4.4170945502e-01,1.7038364010e+01,0.0000000000e+00,nan,nan,nan,nan,nan,nan
2.7590119580e-04,2.0438438758e-05,2.3558442835e+01,-1.9841681200e+01,-8.0020383401e+00,4.3908729709e+01,3.3128919165e+01,-1.7572514670e+01,3.3128915629e+01,1.7572514670e+01,0.0000000000e+00,nan,nan,nan,nan,nan,nan
2.7985799837e-04,2.0603295058e-05,2.3137755492e+01,-2.0045604435e+01,-7.2041925799e+00,4.3537238096e+01,3.3103017591e+01,-1.7169454679e+01,3.3103008574e+01,1.7169454679e+01,0.0000000000e+00,nan,nan,nan,nan,nan,nan
-8.9599037548e-05,8.7239865692e-05,2.2068146272e+01,5.0084860233e+00,-3.5739192524e+01,5.0807351746e+01,2.2498115082e+01,-3.6169161333e+01,2.2498114810e+01,3.6169161333e+01,0.0000000000e+00,nan,nan,nan,nan,nan,nan
-1.1771170514e-04,7.6366590438e-05,3.5744977507e+01,1.0797862666e+01,-3.6083975413e+01,6.4954889358e+01,3.7332223903e+01,-3.7671221809e+01,3.7332223904e+01,3.7671221810e+01,0.0000000000e+00,nan,nan,nan,nan,nan,nan
7.2995673883e-05,1.2863753824e-04,-1.3828842434e+01,4.4534662800e+00,-1.7106279779e+01,8.3710366397e+00,-1.0634540849e+01,-2.0300581364e+01,-1.1704239980e-02,2.0301180470e+01,0.0000000000e+00,nan,nan,nan,nan,nan,nan
2.2619146268e-04,4.4988519502e-05,1.8284303904e+01,-1.1511551657e+01,-1.3245951281e+01,3.3818509644e+01,2.2044301958e+01,-1.7005949335e+01,2.2045069185e+01,1.7005949335e+01,0.0000000000e+00,nan,nan,nan,nan,nan,nan
1.7739817096e-05,3.9963915210e-05,1.0210326470e+02,-1.3640149802e+01,-3.2907433375e+01,1.1928450205e+02,1.0346685503e+02,-3.4271023710e+01,1.0346685503e+02,3.4271023710e+01,0.0000000000e+00,nan,nan,nan,nan,nan,nan
4.6459823797e-05,3.9511201485e-05,9.7915439907e+01,-2.1953208807e+01,-2.0501564929e+01,1.0936850416e+02,1.0185087281e+02,-2.4436997827e+01,1.0185087281e+02,2.4436997827e+01,0.0000000000e+00,nan,nan,nan,nan,nan,nan
4.9676477707e-05,3.9687546903e-05,9.6939758238e+01,-2.3208021924e+01,-1.8521307024e+01,1.0776650436e+02,1.0142824591e+02,-2.3009794697e+01,1.0142824591e+02,2.3009794697e+01,0.0000000000e+00,nan,nan,nan,nan,nan,nan
5.9356730450e-05,4.0297217758e-05,8.6468624054e+01,-2.0889111739e+01,-1.8707562731e+01,9.8010609036e+01,9.0466982172e+01,-2.2705920849e+01,9.0466982172e+01,2.2705920849e+01,0.0000000000e+00,nan,nan,nan,nan,nan,nan
7.3315538968e-05,4.3502349530e-05,6.5695370986e+01,-1.5620491846e+01,-1.9981992183e+01,7.8979836518e+01,6.8455719275e+01,-2.2742340473e+01,6.8455719275e+01,2.2742340473e+01,0.0000000000e+00,nan,nan,nan,nan,nan,nan
8.0051853925e-05,4.4226642134e-05,5.9595110093e+01,-1.4106808990e+01,-2.0343976960e+01,7.3416831201e+01,6.2012793823e+01,-2.2761660690e+01,6.2012793823e+01,2.2761660690e+01,0.0000000000e+00,nan,nan,nan,nan,nan,nan
9.0357653713e-05,4.5470340213e-05,5.1202345314e+01,-1.2041170606e+01,-2.0838138301e+01,6.5784771973e+01,5.3162959313e+01,-2.2798752301e+01,5.3162959313e+01,2.2798752301e+01,0.0000000000e+00,nan,nan,nan,nan,nan,nan
9.6640145417e-05,4.4043759255e-05,5.0605776167e+01,-1.2025006406e+01,-2.0854041767e+01,6.5299041792e+01,5.2576286556e+01,-2.2824552157e+01,5.2576286556e+01,2.2824552157e+01,0.0000000000e+00,nan,nan,nan,nan,nan,nan
1.0019479964e-04,4.4507518405e-05,4.7979892377e+01,-1.1385093558e+01,-2.1007306337e+01,6.2917081772e+01,4.9811487117e+01,-2.2838901078e+01,4.9811487117e+01,2.2838901078e+01,0.0000000000e+00,nan,nan,nan,nan,nan,nan
1.0785326648e-04,1.4851883448e-04,-2.4788399376e+00,-2.4553431088e+00,-1.6931179558e+01,1.3216081791e+01,-2.0747013681e+00,-1.7335318127e+01,3.9021749013e-02,1.7335318052e+01,0.0000000000e+00,nan,nan,nan,nan,nan,nan
-3.3114311080e-04,2.0423152026e-06,2.6607492571e+02,9.6002470756e+01,1.5095790484e+01,2.7363186150e+02,2.9856678699e+02,-1.7396070798e+01,2.9856678699e+02,1.7396070798e+01,0.0000000000e+00,nan,nan,nan,nan,nan,nan
-3.2727911226e-04,1.9776000472e-06,2.8282848222e+02,9.7042703654e+01,1.4125300016e+01,2.8703363696e+02,3.1419583868e+02,-1.7242056448e+01,3.1419583868e+02,1.7242056448e+01,0.0000000000e+00,nan,nan,nan,nan,nan,nan
1.5735705801e-04,1.3312735715e-04,-6.7632407269e+00,-2.1051051772e+00,-1.6467384905e+01,9.1606699291e+00,-6.3263975666e+00,-1.6904228066e+01,1.4655975394e-04,1.6904228066e+01,0.0000000000e+00,nan,nan,nan,nan,nan,nan
-1.1275710469e-04,8.7845935736e-05,2.0817580225e+01,9.2442581820e+00,-3.4248693450e+01,5.0303361617e+01,2.2327102758e+01,-3.5758215984e+01,2.2327102699e+01,3.5758215984e+01,0.0000000000e+00,nan,nan,nan,nan,nan,nan
-9.9378919186e-05,6.6602329336e-05,5.1613982525e+01,7.4445003802e+00,-3.9331844131e+01,7.9808728041e+01,5.2218659815e+01,-3.9936521421e+01,5.2218659815e+01,3.9936521421e+01,0.0000000000e+00,nan,nan,nan,nan,nan,nan
1.7438947790e-04,3.4972867726e-05,3.3592551294e+01,-1.1636790241e+01,-1.6127420024e+01,4.7543060057e+01,3.6181564157e+01,-1.8716432887e+01,3.6181564155e+01,1.8716432887e+01,0.0000000000e+00,nan,nan,nan,nan,nan,nan
7.8064258913e-05,1.3232571376e-04,-1.5819560035e+01,3.8137613003e+00,-1.8091833359e+01,7.0543298332e+00,-1.2882877469e+01,-2.1028515925e+01,2.1775955090e-02,2.1030106348e+01,0.0000000000e+00,nan,nan,nan,nan,nan,nan
-8.1599919883e-05,1.1957166866e-04,-1.1951722030e+01,5.2318583362e+00,-3.1085927448e+01,1.8879187881e+01,-1.0618920534e+01,-3.2418728944e+01,1.5737567364e-05,3.2418728944e+01,0.0000000000e+00,nan,nan,nan,nan,nan,nan
1.4341731463e-04,8.1385678215e-06,1.8839303795e+02,-3.9727618119e+01,-1.4893536450e+01,1.8902456575e+02,1.9588313467e+02,-2.2383633168e+01,1.9588313467e+02,2.2383633168e+01,0.0000000000e+00,nan,nan,nan,nan,nan,nan
-1.2686770759e-04,1.1090243207e-04,-3.7298822950e+00,1.0146195558e+01,-2.9980966639e+01,2.8731575288e+01,-2.6724174024e-01,-3.3443607193e+01,-1.0052784503e-01,3.3443607193e+01,0.0000000000e+00,nan,nan,nan,nan,nan,nan
8.4667873134e-05,8.2565705463e-05,9.4901320609e+00,-4.5222305426e-01,-2.2642154050e+01,2.7843723642e+01,9.4995703456e+00,-2.2651592335e+01,9.4995752293e+00,2.2651592335e+01,0.0000000000e+00,nan,nan,nan,nan,nan,nan
-8.6132710190e-05,5.7454995836e-05,6.8021563682e+01,4.9473669921e+00,-4.1864300872e+01,9.5548039775e+01,6.8243317890e+01,-4.2086055080e+01,6.8243317890e+01,4.2086055080e+01,0.0000000000e+00,nan,nan,nan,nan,nan,nan
-8.1145232337e-05,5.9190916507e-05,6.4996422040e+01,3.8546361870e+00,-4.1652626673e+01,9.2600860772e+01,6.5135029578e+01,-4.1791234210e+01,6.5135029578e+01,4.1791234210e+01,0.0000000000e+00,nan,nan,nan,nan,nan,nan
6.8066211023e-05,1.2811477973e-04,-1.2496553015e+01,4.9941510624e+00,-1.3645956185e+01,8.9062877056e+00,-7.9292069961e+00,-1.8213302205e+01,-3.6037019083e-01,1.8213800087e+01,0.0000000000e+00,nan,nan,nan,nan,nan,nan
-2.3804750026e-04,2.9851023171e-06,2.4464996936e+02,4.0100926524e+01,-3.5591778305e+01,2.5243630121e+02,2.5027326198e+02,-4.1215070931e+01,2.5027326198e+02,4.1215070931e+01,0.0000000000e+00,nan,nan,nan,nan,nan,nan
-2.3410877426e-04,2.9790936968e-06,2.4188405894e+02,3.8706424761e+01,-3.6949117910e+01,2.5060713257e+02,2.4715556597e+02,-4.2220624936e+01,2.4715556597e+02,4.2220624936e+01,0.0000000000e+00,nan,nan,nan,nan,nan,nan
-2.3611751333e-04,6.0076656132e-06,2.3189595448e+02,4.1469184619e+01,-3.5152910245e+01,2.4216413949e+02,2.3818505324e+02,-4.1442009008e+01,2.3818505324e+02,4.1442009008e+01,0.0000000000e+00,nan,nan,nan,nan,nan,nan
-2.3016859884e-04,2.9724978339e-06,2.3929613163e+02,3.7373855891e+01,-3.8189533695e+01,2.4887284617e+02,2.4424010370e+02,-4.3133505761e+01,2.4424010370e+02,4.3133505761e+01,0.0000000000e+00,nan,nan,nan,nan,nan,nan
2.4051483314e-04,2.2836301473e-06,7.0016468336e+01,-2.9665581650e+01,-1.1847911972e+01,8.7573281920e+01,7.9644736072e+01,-2.1476179708e+01,7.9644736072e+01,2.1476179708e+01,0.0000000000e+00,nan,nan,nan,nan,nan,nan
1.7678479685e-04,8.2872325695e-05,-4.6436113469e+00,-2.1981693224e+00,-1.6618040207e+01,1.1049957356e+01,-4.2511299232e+00,-1.7010521631e+01,-1.3751431680e-02,1.7010521631e+01,0.0000000000e+00,nan,nan,nan,nan,nan,nan
8.0561269742e-05,9.1581716695e-05,4.4496745626e+00,1.2874833636e+00,-2.2452250959e+01,2.3411337785e+01,4.5152539741e+00,-2.2517830370e+01,4.5155861687e+00,2.2517830370e+01,0.0000000000e+00,nan,nan,nan,nan,nan,nan
7.6462537669e-05,1.4203970094e-04,-2.1670463748e+01,1.3209767614e+00,-2.0353758685e+01,1.1250010659e+00,-2.0362591548e+01,-2.1661630885e+01,-7.0903606338e-01,2.1486554025e+01,0.0000000000e+00,nan,nan,nan,nan,nan,nan
5.4500702659e-05,7.7316508193e-05,2.1959635312e+01,-2.4100883137e+00,-2.2439854396e+01,3.8679418465e+01,2.2091463121e+01,-2.2571682205e+01,2.2091463121e+01,2.2571682205e+01,0.0000000000e+00,nan,nan,nan,nan,nan,nan
-7.6419286240e-05,5.7392031230e-05,6.8419775863e+01,2.9364530940e+00,-4.2130331106e+01,9.5873345296e+01,6.8497224094e+01,-4.2207779336e+01,6.8497224094e+01,4.2207779336e+01,0.0000000000e+00,nan,nan,nan,nan,nan,nan
-7.1491200839e-05,5.9152420197e-05,6.5317584725e+01,1.9039636554e+00,-4.1855049418e+01,9.2871954431e+01,6.5350915544e+01,-4.1888380237e+01,6.5350915544e+01,4.1888380237e+01,0.0000000000e+00,nan,nan,nan,nan,nan,nan
-1.2081361536e-04,7.3692088573e-06,1.9167276513e+02,1.2071571074e+01,-5.1366137712e+01,2.1151320650e+02,1.9227052042e+02,-5.1963893001e+01,1.9227052042e+02,5.1963893001e+01,0.0000000000e+00,nan,nan,nan,nan,nan,nan
2.4338061638e-04,1.1952635906e-04,-2.6380671068e+00,-6.7568174535e+00,-1.0333646072e+01,1.3467328605e+01,1.2895092058e+00,-1.4261222385e+01,1.2901988359e+00,1.4261222385e+01,0.0000000000e+00,nan,nan,nan,nan,nan,nan
-6.7545852047e-05,9.6837386914e-05,9.8295833113e+00,1.3367941643e+00,-3.5005374154e+01,3.8895891295e+01,9.8686578882e+00,-3.5044448731e+01,9.8677435398e+00,3.5044448731e+01,0.0000000000e+00,nan,nan,nan,nan,nan,nan
-7.1843873476e-05,9.4870755981e-05,1.2366902804e+01,1.9785880774e+00,-3.5172995011e+01,4.1311858708e+01,1.2448366642e+01,-3.5254458850e+01,1.2448589283e+01,3.5254458850e+01,0.0000000000e+00,nan,nan,nan,nan,nan,nan
1.2965729511e-04,6.2040169642e-05,1.6733749806e+01,-3.9546994075e+00,-2.2050094488e+01,3.4277822066e+01,1.7132137457e+01,-2.2448482138e+01,1.7132137359e+01,2.2448482138e+01,0.0000000000e+00,nan,nan,nan,nan,nan,nan
-2.8840931102e-04,3.4778346412e-05,8.2461608989e+01,4.3243859625e+01,1.7777058310e+00,1.0243738032e+02,1.0126190651e+02,-1.7022591691e+01,1.0126190651e+02,1.7022591691e+01,0.0000000000e+00,nan,nan,nan,nan,nan,nan
-8.0216681815e-05,2.5691126028e-05,1.3906520232e+02,4.4723075892e+00,-4.8667376485e+01,1.6276496181e+02,1.3917130743e+02,-4.8773481600e+01,1.3917130743e+02,4.8773481600e+01,0.0000000000e+00,nan,nan,nan,nan,nan,nan
3.1275040025e-05,7.3118893804e-05,3.4645441744e+01,-5.0536826326e+00,-2.2721347199e+01,5.0445176612e+01,3.5086583569e+01,-2.3162489024e+01,3.5086583569e+01,2.3162489024e+01,0.0000000000e+00,nan,nan,nan,nan,nan,nan
2.8392357454e-05,7.2708883478e-05,3.6222516653e+01,-5.4793516137e+00,-2.4636749400e+01,5.3552112999e+01,3.6711210482e+01,-2.5125443229e+01,3.6711210483e+01,2.5125443229e+01,0.0000000000e+00,nan,nan,nan,nan,nan,nan
3.6190896057e-05,7.1823556003e-05,3.4630804562e+01,-5.2627967089e+00,-2.2214535643e+01,5.0066843149e+01,3.5114239829e+01,-2.2697970910e+01,3.5114239829e+01,2.2697970910e+01,0.0000000000e+00,nan,nan,nan,nan,nan,nan
2.2587400196e-05,7.1967588550e-05,3.9067326731e+01,-6.1946656184e+00,-2.7685073592e+01,5.8796212091e+01,3.9637135447e+01,-2.8254882309e+01,3.9637135447e+01,2.8254882309e+01,0.0000000000e+00,nan,nan,nan,nan,nan,nan
6.0126613874e-07,6.8078370412e-05,4.8744562061e+01,-7.3911164591e+00,-3.5194892106e+01,7.3812239270e+01,4.9390351189e+01,-3.5840681235e+01,4.9390351189e+01,3.5840681235e+01,0.0000000000e+00,nan,nan,nan,nan,nan,nan
-8.6101299224e-06,6.7548335074e-05,5.0334361583e+01,-7.0393346489e+00,-3.7065207659e+01,7.6665774239e+01,5.0897582357e+01,-3.7628428432e+01,5.0897582357e+01,3.7628428432e+01,0.0000000000e+00,nan,nan,nan,nan,nan,nan
-1.7897143461e-05,6.7137547276e-05,5.1445042207e+01,-6.3642331929e+00,-3.8425255099e+01,7.8606397659e+01,5.1893318402e+01,-3.8873531294e+01,5.1893318402e+01,3.8873531294e+01,0.0000000000e+00,nan,nan,nan,nan,nan,nan
-2.2834934711e-05,6.8806081910e-05,4.8813413048e+01,-5.8469044148e+00,-3.8786044704e+01,7.6535960090e+01,4.9201741333e+01,-3.9174372988e+01,4.9201741333e+01,3.9174372988e+01,0.0000000000e+00,nan,nan,nan,nan,nan,nan
-2.7240841400e-05,6.6828364741e-05,5.2191039377e+01,-5.4034232337e+00,-3.9381538966e+01,7.9854107571e+01,5.2508540709e+01,-3.9699040295e+01,5.2508540709e+01,3.9699040296e+01,0.0000000000e+00,nan,nan,nan,nan,nan,nan
-3.2138950556e-05,6.8536803625e-05,4.9399112951e+01,-4.7845257710e+00,-3.9513517338e+01,7.7444788059e+01,4.9655567040e+01,-3.9769971427e+01,4.9655567040e+01,3.9769971427e+01,0.0000000000e+00,nan,nan,nan,nan,nan,nan
-3.5256832654e-05,6.8465420985e-05,4.9540974497e+01,-4.3762937664e+00,-3.9692478717e+01,7.7648793791e+01,4.9754799888e+01,-3.9906304108e+01,4.9754799888e+01,3.9906304108e+01,0.0000000000e+00,nan,nan,nan,nan,nan,nan
-4.1476147370e-05,6.8348976184e-05,4.9754070536e+01,-3.4935581527e+00,-3.9966043041e+01,7.7934592841e+01,4.9889571903e+01,-4.0101544408e+01,4.9889571903e+01,4.0101544408e+01,0.0000000000e+00,nan,nan,nan,nan,nan,nan
-4.4602094660e-05,6.8302061065e-05,4.9830371872e+01,-3.0185861527e+00,-4.0065528669e+01,7.8026896101e+01,4.9931271069e+01,-4.0166427867e+01,4.9931271069e+01,4.0166427867e+01,0.0000000000e+00,nan,nan,nan,nan,nan,nan
-5.0834338060e-05,6.8230722717e-05,4.9926208885e+01,-2.0163214081e+00,-4.0196006516e+01,7.8125559430e+01,4.9970913952e+01,-4.0240711583e+01,4.9970913952e+01,4.0240711583e+01,0.0000000000e+00,nan,nan,nan,nan,nan,nan
-5.3964613482e-05,6.8204809481e-05,4.9949132799e+01,-1.4878322474e+00,-4.0230322945e+01,7.8139505060e+01,4.9973269208e+01,-4.0254459353e+01,4.9973269208e+01,4.0254459353e+01,0.0000000000e+00,nan,nan,nan,nan,nan,nan
-5.8608106315e-05,6.6353983299e-05,5.2985079780e+01,-6.5702037877e-01,-4.0571598481e+01,8.1029715191e+01,5.2989268527e+01,-4.0575787229e+01,5.2989268527e+01,4.0575787229e+01,0.0000000000e+00,nan,nan,nan,nan,nan,nan
-6.1849541069e-05,7.7447624579e-05,3.5460512041e+01,-1.3990795809e-01,-3.8563685251e+01,6.4106452740e+01,3.5460291141e+01,-3.8563464351e+01,3.5460291140e+01,3.8563464351e+01,0.0000000000e+00,nan,nan,nan,nan,nan,nan
-5.8831601465e-05,7.7457001811e-05,3.5437378569e+01,-6.7069752266e-01,-3.8611778159e+01,6.4138164421e+01,3.5442986699e+01,-3.8617386289e+01,3.5442986699e+01,3.8617386289e+01,0.0000000000e+00,nan,nan,nan,nan,nan,nan
-6.7886676528e-05,7.7447079180e-05,3.5466387434e+01,9.5271030990e-01,-3.8429998776e+01,6.4016507496e+01,3.5478142165e+01,-3.8441753506e+01,3.5478142163e+01,3.8441753506e+01,0.0000000000e+00,nan,nan,nan,nan,nan,nan
-1.6228237354e-04,5.9090325629e-05,5.9819722315e+01,2.2113782721e+01,-3.5219615936e+01,9.0780195869e+01,6.4712023712e+01,-4.0111917333e+01,6.4712023712e+01,4.0111917333e+01,0.0000000000e+00,nan,nan,nan,nan,nan,nan
-9.0849785204e-05,4.3652890537e-05,9.5674164835e+01,6.3836094805e+00,-4.4686484692e+01,1.2205682423e+02,9.5963380394e+01,-4.4975700252e+01,9.5963380395e+01,4.4975700252e+01,0.0000000000e+00,nan,nan,nan,nan,nan,nan
-1.9945894330e-04,3.5012156464e-05,1.1447272978e+02,3.4638214435e+01,-3.5191949422e+01,1.4282233119e+02,1.2209890154e+02,-4.2818121182e+01,1.2209890154e+02,4.2818121182e+01,0.0000000000e+00,nan,nan,nan,nan,nan,nan
-8.0592974625e-05,4.3614495170e-05,9.6033752450e+01,4.1842175812e+00,-4.4920554235e+01,1.2228414623e+02,9.6157383848e+01,-4.5044185633e+01,9.6157383848e+01,4.5044185633e+01,0.0000000000e+00,nan,nan,nan,nan,nan,nan
6.9081308136e-05,1.3804714086e-04,-1.1626724988e+01,6.7370382923e-01,6.0474088124e+00,1.7250563769e+01,7.1699595478e+00,-1.2749275723e+01,1.1093475848e+01,1.2604855315e+01,0.0000000000e+00,nan,nan,nan,nan,nan,nan
9.3667487321e-05,3.5039279564e-05,7.4281593291e+01,-1.8266425062e+01,-1.9374664530e+01,8.7063655776e+01,7.7719689480e+01,-2.2812760719e+01,7.7719689480e+01,2.2812760719e+01,0.0000000000e+00,nan,nan,nan,nan,nan,nan
-5.2791341022e-05,7.7496241198e-05,3.5349224744e+01,-1.6963735032e+00,-3.8667432972e+01,6.4166873147e+01,3.5387657371e+01,-3.8705865598e+01,3.5387657374e+01,3.8705865598e+01,0.0000000000e+00,nan,nan,nan,nan,nan,nan
-4.9775048729e-05,7.7526227673e-05,3.5284697793e+01,-2.1876840757e+00,-3.8673619648e+01,6.4161063283e+01,3.5348946230e+01,-3.8737868086e+01,3.5348946236e+01,3.8737868086e+01,0.0000000000e+00,nan,nan,nan,nan,nan,nan
-1.6313020107e-04,8.2532364026e-05,2.1985981386e+01,1.8404462964e+01,-3.0551475907e+01,5.5552414938e+01,2.7790454458e+01,-3.6355948979e+01,2.7790454462e+01,3.6355948979e+01,0.0000000000e+00,nan,nan,nan,nan,nan,nan
1.5825485224e-04,1.0443047610e-04,-7.6043695578e+00,-9.4881276822e-01,-1.6911134107e+01,8.2301820872e+00,-7.5060539892e+00,-1.7009449676e+01,9.4009780884e-06,1.7009449676e+01,0.0000000000e+00,nan,nan,nan,nan,nan,nan
1.5540049704e-04,1.1042179211e-04,-8.3873924783e+00,-8.4034776589e-01,-1.6923740020e+01,7.5388659659e+00,-8.3029999544e+00,-1.7008132544e+01,-3.2504203754e-06,1.7008132544e+01,0.0000000000e+00,nan,nan,nan,nan,nan,nan
1.0387943538e-05,5.3875969519e-05,7.2427652401e+01,-1.0084648608e+01,-3.3237059110e+01,9.3159958477e+01,7.3381223750e+01,-3.4190630458e+01,7.3381223750e+01,3.4190630458e+01,0.0000000000e+00,nan,nan,nan,nan,nan,nan
5.4710248250e-05,7.7073090954e-06,2.0400313639e+02,-2.3097940294e+01,-2.9072493673e+01,2.0577368381e+02,2.0626881310e+02,-3.1338170383e+01,2.0626881310e+02,3.1338170383e+01,0.0000000000e+00,nan,nan,nan,nan,nan,nan
3.7044851707e-05,1.2791426823e-04,-4.2547046496e+01,-9.8728324102e+00,-3.6596561155e+01,1.7741761410e+01,-2.9328593099e+01,-4.9815014551e+01,-1.4772472843e-07,4.9815014551e+01,0.0000000000e+00,nan,nan,nan,nan,nan,nan
7.5703367545e-07,5.3390600321e-05,7.4818451691e+01,-9.1071956684e+00,-3.6154723532e+01,9.7391111357e+01,7.5560648438e+01,-3.6896920279e+01,7.5560648438e+01,3.6896920279e+01,0.0000000000e+00,nan,nan,nan,nan,nan,nan
-4.5126615170e-05,7.5706747190e-05,3.8021780304e+01,-2.9263718973e+00,-3.8938423070e+01,6.6841306596e+01,3.8132524973e+01,-3.9049167739e+01,3.8132524971e+01,3.9049167739e+01,0.0000000000e+00,nan,nan,nan,nan,nan,nan
-4.0730018599e-05,7.7662942664e-05,3.5004001701e+01,-3.5602646222e+00,-3.8595049913e+01,6.4035651545e+01,3.5175476551e+01,-3.8766524763e+01,3.5175476558e+01,3.8766524763e+01,0.0000000000e+00,nan,nan,nan,nan,nan,nan
8.2979551250e-05,5.3383856695e-05,4.1359975368e+01,-9.1139374781e+00,-2.1464233991e+01,5.6653483925e+01,4.2656774883e+01,-2.2761033506e+01,4.2656774883e+01,2.2761033506e+01,0.0000000000e+00,nan,nan,nan,nan,nan,nan
7.6709742446e-05,2.6225112453e-05,1.3176920527e+02,-3.1281076287e+01,-1.6474962505e+01,1.3934986022e+02,1.3810080069e+02,-2.2806557928e+01,1.3810080069e+02,2.2806557928e+01,0.0000000000e+00,nan,nan,nan,nan,nan,nan
6.6399926586e-05,2.5919649925e-05,1.4128831697e+02,-3.2218325295e+01,-1.7123588954e+01,1.4810089778e+02,1.4758845721e+02,-2.3423729196e+01,1.4758845721e+02,2.3423729196e+01,0.0000000000e+00,nan,nan,nan,nan,nan,nan
-1.7534340221e-04,1.1943957627e-05,1.8641682578e+02,2.5031787619e+01,-4.6053536067e+01,2.0593936562e+02,1.8908079303e+02,-4.8717503319e+01,1.8908079303e+02,4.8717503319e+01,0.0000000000e+00,nan,nan,nan,nan,nan,nan
-2.3074836346e-05,7.4261716300e-06,1.9147188119e+02,-5.4819100997e+00,-4.8588197876e+01,2.0811434576e+02,1.9159671521e+02,-4.8713031890e+01,1.9159671521e+02,4.8713031890e+01,0.0000000000e+00,nan,nan,nan,nan,nan,nan
-2.6855418372e-05,2.4267705710e-05,1.4421050777e+02,-5.7643256248e+00,-4.5983454171e+01,1.6501453271e+02,1.4438471168e+02,-4.6157658080e+01,1.4438471168e+02,4.6157658080e+01,0.0000000000e+00,nan,nan,nan,nan,nan,nan
-1.0761659600e-04,3.5418343297e-05,1.1430138420e+02,1.0301169927e+01,-4.5878755484e+01,1.3986183818e+02,1.1496058429e+02,-4.6537955564e+01,1.1496058429e+02,4.6537955564e+01,0.0000000000e+00,nan,nan,nan,nan,nan,nan
-5.1773970425e-06,1.6606233155e-05,1.6650620598e+02,-9.5704308219e+00,-4.3875661262e+01,1.8294786522e+02,1.6694027159e+02,-4.4309726878e+01,1.6694027159e+02,4.4309726878e+01,0.0000000000e+00,nan,nan,nan,nan,nan,nan
-1.7217658465e-04,8.5324483040e-05,1.6482975786e+01,1.9105196579e+01,-2.9087722317e+01,5.1500497752e+01,2.3431452975e+01,-3.6036199506e+01,2.3431453026e+01,3.6036199506e+01,0.0000000000e+00,nan,nan,nan,nan,nan,nan
-2.7600226968e-05,3.0651690987e-05,1.2754183247e+02,-5.7626769110e+00,-4.4902055513e+01,1.4967337234e+02,1.2773385029e+02,-4.5094073333e+01,1.2773385029e+02,4.5094073333e+01,0.0000000000e+00,nan,nan,nan,nan,nan,nan
-8.9770509238e-06,5.3003440756e-05,7.6513228537e+01,-8.0386860856e+00,-3.8420470311e+01,1.0050421935e+02,7.7072517209e+01,-3.8979758984e+01,7.7072517209e+01,3.8979758984e+01,0.0000000000e+00,nan,nan,nan,nan,nan,nan
3.1352816606e-05,2.5069879970e-05,1.4248207657e+02,-1.8312544135e+01,-3.1760468849e+01,1.5419408551e+02,1.4438480063e+02,-3.3663192918e+01,1.4438480063e+02,3.3663192918e+01,0.0000000000e+00,nan,nan,nan,nan,nan,nan
-9.8992332654e-05,5.7570370926e-05,6.7362523059e+01,7.7120310052e+00,-4.1303496050e+01,9.5049712981e+01,6.7906490880e+01,-4.1847463871e+01,6.7906490880e+01,4.1847463871e+01,0.0000000000e+00,nan,nan,nan,nan,nan,nan
-3.6029764667e-05,7.5879076981e-05,3.7691005369e+01,-4.2214321515e+00,-3.8737186087e+01,6.6590851572e+01,3.7923155722e+01,-3.8969336440e+01,3.7923155721e+01,3.8969336440e+01,0.0000000000e+00,nan,nan,nan,nan,nan,nan
-3.1706135440e-05,7.7877488488e-05,3.4582584324e+01,-4.7440020649e+00,-3.8346958926e+01,6.3690594202e+01,3.4889594406e+01,-3.8653969008e+01,3.4889594402e+01,3.8653969008e+01,0.0000000000e+00,nan,nan,nan,nan,nan,nan
-9.5377010806e-06,3.9157863515e-05,1.0649540809e+02,-8.8150844098e+00,-4.0527169053e+01,1.2823685581e+02,1.0702170274e+02,-4.1053463707e+01,1.0702170274e+02,4.1053463707e+01,0.0000000000e+00,nan,nan,nan,nan,nan,nan
-2.4004841790e-04,6.0168867120e-06,2.3447138255e+02,4.3030007603e+01,-3.3672880614e+01,2.4388235581e+02,2.4120479475e+02,-4.0406292808e+01,2.4120479475e+02,4.0406292808e+01,0.0000000000e+00,nan,nan,nan,nan,nan,nan
-9.0005529261e-05,3.5343519253e-05,1.1473814950e+02,6.3895131673e+00,-4.6516126360e+01,1.4008732185e+02,1.1499046455e+02,-4.6768441412e+01,1.1499046455e+02,4.6768441412e+01,0.0000000000e+00,nan,nan,nan,nan,nan,nan
-9.3534018981e-05,3.5354753680e-05,1.1464964272e+02,7.1564551963e+00,-4.6424260000e+01,1.4004289975e+02,1.1496649723e+02,-4.6741114506e+01,1.1496649723e+02,4.6741114506e+01,0.0000000000e+00,nan,nan,nan,nan,nan,nan
2.1261648183e-04,1.9132238638e-06,1.3271498467e+02,-3.6428883048e+01,-1.2098643876e+01,1.4041223315e+02,1.4137521100e+02,-2.0758870213e+01,1.4137521100e+02,2.0758870213e+01,0.0000000000e+00,nan,nan,nan,nan,nan,nan
-2.1321422232e-04,1.4725585594e-06,2.3473494794e+02,3.1462580516e+01,-4.2878854786e+01,2.4651735380e+02,2.3825490715e+02,-4.6398813997e+01,2.3825490715e+02,4.6398813997e+01,0.0000000000e+00,nan,nan,nan,nan,nan,nan
-2.0648852948e-04,2.9487426339e-06,2.2666900881e+02,3.0340183310e+01,-4.3798113933e+01,2.4005219980e+02,2.3002964961e+02,-4.7158754736e+01,2.3002964961e+02,4.7158754736e+01,0.0000000000e+00,nan,nan,nan,nan,nan,nan
-2.0890295143e-04,5.9379902878e-06,2.1756895891e+02,3.2347440689e+01,-4.2491617213e+01,2.3208114218e+02,2.2153078076e+02,-4.6453439062e+01,2.2153078076e+02,4.6453439062e+01,0.0000000000e+00,nan,nan,nan,nan,nan,nan
-2.0253831894e-04,2.9447456650e-06,2.2496539688e+02,2.9288178512e+01,-4.4504768562e+01,2.3881626489e+02,2.2811094898e+02,-4.7650320665e+01,2.2811094898e+02,4.7650320665e+01,0.0000000000e+00,nan,nan,nan,nan,nan,nan
-6.8802038735e-05,3.5316527948e-05,1.1525616230e+02,1.9570248141e+00,-4.6641329134e+01,1.4024762623e+02,1.1527942134e+02,-4.6664588175e+01,1.1527942134e+02,4.6664588175e+01,0.0000000000e+00,nan,nan,nan,nan,nan,nan
-7.2339146047e-05,3.5315653434e-05,1.1517531877e+02,2.6753323607e+00,-4.6675688052e+01,1.4024295862e+02,1.1521912527e+02,-4.6719494553e+01,1.1521912527e+02,4.6719494553e+01,0.0000000000e+00,nan,nan,nan,nan,nan,nan
4.4219395839e-05,4.8778634351e-05,7.3170451982e+01,-1.6991859395e+01,-1.9572999897e+01,8.5543538411e+01,7.6187310971e+01,-2.2589858887e+01,7.6187310971e+01,2.2589858887e+01,0.0000000000e+00,nan,nan,nan,nan,nan,nan
5.3622534938e-05,4.9640783326e-05,6.4092483314e+01,-1.4676717720e+01,-2.0208951875e+01,7.7308121635e+01,6.6575630556e+01,-2.2692099117e+01,6.6575630556e+01,2.2692099117e+01,0.0000000000e+00,nan,nan,nan,nan,nan,nan
-1.1197217036e-04,4.8944970789e-05,8.3740795903e+01,1.0972582920e+01,-4.2521149257e+01,1.1098421670e+02,8.4686590711e+01,-4.3466944067e+01,8.4686590712e+01,4.3466944067e+01,0.0000000000e+00,nan,nan,nan,nan,nan,nan
-2.6959629479e-05,7.6134207254e-05,3.7197201766e+01,-5.3001561563e+00,-3.8333535779e+01,6.6052157108e+01,3.7567063680e+01,-3.8703397693e+01,3.7567063685e+01,3.8703397693e+01,0.0000000000e+00,nan,nan,nan,nan,nan,nan
-2.2713913367e-05,7.8182788266e-05,3.3996704832e+01,-5.6864910841e+00,-3.7888203656e+01,6.3028079439e+01,3.4443529219e+01,-3.8335028043e+01,3.4443529191e+01,3.8335028043e+01,0.0000000000e+00,nan,nan,nan,nan,nan,nan
-7.5820663347e-05,6.8187329462e-05,4.9692701474e+01,2.5617674135e+00,-3.9983847092e+01,7.7787893619e+01,4.9765288512e+01,-4.0056434130e+01,4.9765288512e+01,4.0056434130e+01,0.0000000000e+00,nan,nan,nan,nan,nan,nan
-1.2192657250e-04,4.9071610889e-05,8.3081873721e+01,1.3295898892e+01,-4.1812276892e+01,1.1058468944e+02,8.4480898629e+01,-4.3211301800e+01,8.4480898629e+01,4.3211301800e+01,0.0000000000e+00,nan,nan,nan,nan,nan,nan
-8.9473807750e-06,7.6952835877e-05,3.5557138202e+01,-6.5813841227e+00,-3.6691738304e+01,6.3599076500e+01,3.6151643887e+01,-3.7286243988e+01,3.6151643890e+01,3.7286243988e+01,0.0000000000e+00,nan,nan,nan,nan,nan,nan
-3.3724541173e-08,7.7554150597e-05,3.4285039663e+01,-6.6524804948e+00,-3.5287391433e+01,6.1343262551e+01,3.4915373262e+01,-3.5917725032e+01,3.4915373244e+01,3.5917725032e+01,0.0000000000e+00,nan,nan,nan,nan,nan,nan
-1.7927579544e-05,7.6486423105e-05,3.6503652071e+01,-6.1075722157e+00,-3.7675389858e+01,6.5105785880e+01,3.7002974110e+01,-3.8174711897e+01,3.7002974118e+01,3.8174711897e+01,0.0000000000e+00,nan,nan,nan,nan,nan,nan
8.7950315404e-06,7.8314473180e-05,3.2595591815e+01,-6.2441036701e+00,-3.3337196437e+01,5.8114615459e+01,3.3181686568e+01,-3.3923291190e+01,3.3181686536e+01,3.3923291190e+01,0.0000000000e+00,nan,nan,nan,nan,nan,nan
1.8435802678e-05,8.1365966786e-05,2.7563483926e+01,-4.8760632118e+00,-3.0641223137e+01,5.1108967571e+01,2.7968906580e+01,-3.1046645791e+01,2.7968906511e+01,3.1046645791e+01,0.0000000000e+00,nan,nan,nan,nan,nan,nan
2.1295179918e-05,8.1747022459e-05,2.6742874659e+01,-4.3433210510e+00,-2.9584673959e+01,4.9357100080e+01,2.7075435368e+01,-2.9917234667e+01,2.7075435160e+01,2.9917234667e+01,0.0000000000e+00,nan,nan,nan,nan,nan,nan
2.6967693103e-05,8.2591763473e-05,2.4905454476e+01,-3.0078339813e+00,-2.7119381808e+01,4.5353539580e+01,2.5077914619e+01,-2.7291841951e+01,2.5077914176e+01,2.7291841951e+01,0.0000000000e+00,nan,nan,nan,nan,nan,nan
3.1754853429e-05,8.1351782276e-05,2.5163333436e+01,-2.0189982725e+00,-2.3909118908e+01,4.2638593645e+01,2.5244510783e+01,-2.3990296255e+01,2.5244510898e+01,2.3990296255e+01,0.0000000000e+00,nan,nan,nan,nan,nan,nan
2.0458439964e-04,1.8281685407e-06,1.5453120478e+02,-3.8362165617e+01,-1.2267515078e+01,1.5902351443e+02,1.6294411371e+02,-2.0680424014e+01,1.6294411371e+02,2.0680424014e+01,0.0000000000e+00,nan,nan,nan,nan,nan,nan
-1.8099707910e-04,4.5096195978e-05,8.8151199947e+01,2.8517604941e+01,-3.5865085496e+01,1.1821261361e+02,9.4393141515e+01,-4.2107027065e+01,9.4393141515e+01,4.2107027065e+01,0.0000000000e+00,nan,nan,nan,nan,nan,nan
2.6839624235e-05,6.2652012911e-05,5.1941372111e+01,-9.2228946308e+00,-2.5408721305e+01,6.8864543453e+01,5.3025288103e+01,-2.6492637297e+01,5.3025288103e+01,2.6492637297e+01,0.0000000000e+00,nan,nan,nan,nan,nan,nan
6.2956109810e-05,6.7906964187e-05,2.9614790200e+01,-5.0996259749e+00,-2.2141721035e+01,4.5686984134e+01,3.0113927171e+01,-2.2640858006e+01,3.0113927171e+01,2.2640858006e+01,0.0000000000e+00,nan,nan,nan,nan,nan,nan
3.5732605047e-05,6.3654575393e-05,4.6893597176e+01,-9.0067023267e+00,-2.1455795334e+01,6.1215070189e+01,4.8061438173e+01,-2.2623636331e+01,4.8061438173e+01,2.2623636331e+01,0.0000000000e+00,nan,nan,nan,nan,nan,nan
-1.3404136927e-05,1.1064885352e-04,-1.2161209436e+01,-5.3300793881e+00,-3.4931942845e+01,2.1770937368e+01,-1.0977119591e+01,-3.6116032690e+01,8.3793428503e-05,3.6116032690e+01,0.0000000000e+00,nan,nan,nan,nan,nan,nan
-5.8173558788e-05,2.5708012713e-05,1.3947499220e+02,9.0732053988e-02,-4.8256865700e+01,1.6258003324e+02,1.3947468920e+02,-4.8256562707e+01,1.3947468920e+02,4.8256562707e+01,0.0000000000e+00,nan,nan,nan,nan,nan,nan
2.6553495889e-04,4.5094856543e-05,-2.7042054940e+00,-5.8740149197e+00,-1.3632895670e+01,1.3892059074e+01,-1.4796653552e-01,-1.6189134628e+01,-5.2757414184e-02,1.6189134628e+01,0.0000000000e+00,nan,nan,nan,nan,nan,nan
2.7128883930e-04,3.5634826268e-05,-2.5012624052e+00,-6.0566748512e+00,-1.3964025860e+01,1.4445188549e+01,1.0728936458e-01,-1.6572577630e+01,1.4759368485e-01,1.6572577630e+01,0.0000000000e+00,nan,nan,nan,nan,nan,nan
2.6138896898e-04,4.4347720439e-05,-2.8149487057e+00,-5.4265369982e+00,-1.4056012926e+01,1.3530544062e+01,-6.2361755923e-01,-1.6247344072e+01,1.4560229812e-01,1.6247344072e+01,0.0000000000e+00,nan,nan,nan,nan,nan,nan
1.0220167019e-04,1.3809903984e-04,-1.0283271798e+01,-1.0206312156e+00,-1.7192236643e+01,6.2272253691e+00,-1.0142463977e+01,-1.7333044463e+01,1.9105907012e-04,1.7333044479e+01,0.0000000000e+00,nan,nan,nan,nan,nan,nan
3.0241228115e-05,9.1383256467e-05,1.5198256897e+01,-1.2632026201e+00,-2.8132806794e+01,3.7584676066e+01,1.5232247894e+01,-2.8166797792e+01,1.5232170736e+01,2.8166797793e+01,0.0000000000e+00,nan,nan,nan,nan,nan,nan
-1.8538121149e-04,1.4589730281e-06,2.2329066498e+02,2.4513642808e+01,-4.7405043719e+01,2.3824210947e+02,2.2549195666e+02,-4.9606335405e+01,2.2549195666e+02,4.9606335405e+01,0.0000000000e+00,nan,nan,nan,nan,nan,nan
-1.9463476903e-04,2.9386469896e-06,2.2182763555e+02,2.7262565550e+01,-4.5776046976e+01,2.3651181528e+02,2.2457595451e+02,-4.8524365934e+01,2.2457595451e+02,4.8524365934e+01,0.0000000000e+00,nan,nan,nan,nan,nan,nan
1.8470227576e-04,1.6600890272e-06,2.1234688665e+02,-4.3438991394e+01,-1.2715624546e+01,2.0894828354e+02,2.2045197880e+02,-2.0820716696e+01,2.2045197880e+02,2.0820716696e+01,0.0000000000e+00,nan,nan,nan,nan,nan,nan
8.5503167245e-05,1.0408331459e-04,-2.0650234960e+00,3.1153988915e+00,-2.1931860384e+01,1.8043404423e+01,-1.5810775393e+00,-2.2415806341e+01,-1.8658249990e-02,2.2415806341e+01,0.0000000000e+00,nan,nan,nan,nan,nan,nan
1.7669086417e-04,1.6078972167e-06,2.3513356347e+02,-4.5371981558e+01,-1.2911583036e+01,2.2875481342e+02,2.4318264332e+02,-2.0960662891e+01,2.4318264332e+02,2.0960662891e+01,0.0000000000e+00,nan,nan,nan,nan,nan,nan
-1.7499728290e-04,2.9262401044e-06,2.1538547149e+02,2.2602393432e+01,-4.8287567321e+01,2.3167793813e+02,2.1730827203e+02,-5.0210367859e+01,2.1730827203e+02,5.0210367859e+01,0.0000000000e+00,nan,nan,nan,nan,nan,nan
-2.4083422237e-04,3.9098446421e-05,9.3463617335e+01,4.5264729504e+01,-2.1868823639e+01,1.2697099674e+02,1.0910413599e+02,-3.7509342299e+01,1.0910413599e+02,3.7509342299e+01,0.0000000000e+00,nan,nan,nan,nan,nan,nan
5.9451962970e-05,1.0859230974e-04,7.4602508203e-01,6.0561376801e+00,-2.0166940142e+01,2.0933936012e+01,2.3757560621e+00,-2.1796671122e+01,2.3816685930e+00,2.1796671119e+01,0.0000000000e+00,nan,nan,nan,nan,nan,nan
8.9839234373e-05,1.3382677044e-04,-1.6942121477e+01,3.5204518009e+00,-2.0723893054e+01,6.8742271523e+00,-1.4864170368e+01,-2.2801844162e+01,-2.0102647081e-05,2.2801836129e+01,0.0000000000e+00,nan,nan,nan,nan,nan,nan
-1.8163031647e-05,1.0615949647e-04,-5.6689739957e+00,-5.1986635554e+00,-3.5247601274e+01,2.7150712703e+01,-4.7828163475e+00,-3.6133758923e+01,2.8172545859e-02,3.6133758923e+01,0.0000000000e+00,nan,nan,nan,nan,nan,nan
-6.7385114661e-05,1.0489776166e-04,7.1594894095e-01,1.8488322825e+00,-3.3691599191e+01,2.9967524396e+01,8.1393315196e-01,-3.3789583402e+01,6.3894921072e-01,3.3789583402e+01,0.0000000000e+00,nan,nan,nan,nan,nan,nan
1.9134459033e-04,1.0142780449e-04,-6.5706604967e+00,-2.3019881407e+00,-1.5414352263e+01,8.6304710309e+00,-6.0097016060e+00,-1.5975311154e+01,1.0242912845e-06,1.5975311155e+01,0.0000000000e+00,nan,nan,nan,nan,nan,nan
-2.4360091475e-04,6.3130407980e-05,2.5354731282e+01,3.4174677531e+01,-1.8465223899e+01,7.0306261844e+01,4.4036092893e+01,-3.7146585510e+01,4.4036092893e+01,3.7146585510e+01,0.0000000000e+00,nan,nan,nan,nan,nan,nan
1.6119240731e-04,3.2247684278e-06,2.3406442789e+02,-4.5024935183e+01,-1.3560406244e+01,2.2818872430e+02,2.4199683222e+02,-2.1492810579e+01,2.4199683222e+02,2.1492810579e+01,0.0000000000e+00,nan,nan,nan,nan,nan,nan
1.5319549973e-04,3.1785342190e-06,2.5289393141e+02,-4.6888187421e+01,-1.3637065263e+01,2.4469727308e+02,2.6090446956e+02,-2.1647603410e+01,2.6090446956e+02,2.1647603410e+01,0.0000000000e+00,nan,nan,nan,nan,nan,nan
-3.7178899749e-05,1.0528513641e-04,-2.7106326646e+00,-2.7839631160e+00,-3.4716486116e+01,2.8133065774e+01,-2.4709262924e+00,-3.4956192488e+01,-3.8807087992e-03,3.4956192488e+01,0.0000000000e+00,nan,nan,nan,nan,nan,nan
-8.1162300936e-05,1.0503353160e-04,1.5436786993e+00,4.0203694574e+00,-3.3102101357e+01,3.0799426399e+01,2.0028457935e+00,-3.3561268451e+01,2.0031817124e+00,3.3561268451e+01,0.0000000000e+00,nan,nan,nan,nan,nan,nan
2.2155943101e-04,7.7817110895e-05,-4.9231168033e+00,-3.5225577176e+00,-1.4721997079e+01,1.0448613448e+01,-3.7900471544e+00,-1.5855066728e+01,-4.6891936544e-05,1.5855066728e+01,0.0000000000e+00,nan,nan,nan,nan,nan,nan
3.2230234900e-04,5.3811911846e-05,-2.0054098467e+00,-1.1024802591e+01,-4.4615378312e+00,1.9210753535e+01,7.8578598859e+00,-1.4324807564e+01,7.8578598859e+00,1.4324807564e+01,0.0000000000e+00,nan,nan,nan,nan,nan,nan
1.2543478218e-04,3.1520240325e-06,2.6768261133e+02,-4.6161012237e+01,-1.4823165678e+01,2.5738730479e+02,2.7503235253e+02,-2.2172906877e+01,2.7503235253e+02,2.2172906877e+01,0.0000000000e+00,nan,nan,nan,nan,nan,nan
1.1301209980e-04,1.5312878519e-06,2.6126577087e+02,-4.0747602344e+01,-1.6757907934e+01,2.5090270936e+02,2.6711267826e+02,-2.2604815324e+01,2.6711267826e+02,2.2604815324e+01,0.0000000000e+00,nan,nan,nan,nan,nan,nan
1.1754565036e-04,3.1519145367e-06,2.6046890709e+02,-4.3709908713e+01,-1.5611366486e+01,2.5078905845e+02,2.6722190071e+02,-2.2364360102e+01,2.6722190071e+02,2.2364360102e+01,0.0000000000e+00,nan,nan,nan,nan,nan,nan
3.0854002565e-04,3.0571567739e-06,1.7730335205e+01,-2.0444258301e+01,-6.0995905371e+00,4.0982562375e+01,2.9476665753e+01,-1.7845921086e+01,2.9476665753e+01,1.7845921086e+01,0.0000000000e+00,nan,nan,nan,nan,nan,nan
1.0454783804e-04,1.0935075721e-04,-6.6956590765e+00,2.9286982970e+00,-2.2204966287e+01,1.4370622833e+01,-6.1534297206e+00,-2.2747195643e+01,5.4230468249e-05,2.2747195643e+01,0.0000000000e+00,nan,nan,nan,nan,nan,nan
1.0507628913e-04,1.5296044999e-06,2.5506323958e+02,-3.7861639996e+01,-1.7987165922e+01,2.4538948974e+02,2.6021372479e+02,-2.3137651130e+01,2.6021372479e+02,2.3137651130e+01,0.0000000000e+00,nan,nan,nan,nan,nan,nan
-1.3127516565e-04,1.0909156206e-04,-2.4462087955e+00,1.0727608873e+01,-2.9908194084e+01,3.0177929963e+01,1.2460345479e+00,-3.3600437427e+01,1.1899317400e+00,3.3600437427e+01,0.0000000000e+00,nan,nan,nan,nan,nan,nan
-8.1811272063e-05,1.1535700877e-04,-8.2933480683e+00,4.8611799876e+00,-3.1599021218e+01,2.1864714226e+01,-7.3225859993e+00,-3.2569783287e+01,2.4391949356e-04,3.2569783287e+01,0.0000000000e+00,nan,nan,nan,nan,nan,nan
-1.7592441752e-04,6.3559822872e-05,4.9209887280e+01,2.4415036377e+01,-3.2257421516e+01,8.2253166963e+01,5.5965120970e+01,-3.9012655206e+01,5.5965120970e+01,3.9012655206e+01,0.0000000000e+00,nan,nan,nan,nan,nan,nan
1.2629496517e-04,7.8033487299e-05,5.2061511240e+00,-1.5115496565e+00,-2.1346841783e+01,2.3141587453e+01,5.2904564163e+00,-2.1431147075e+01,5.2914491956e+00,2.1431147075e+01,0.0000000000e+00,nan,nan,nan,nan,nan,nan
8.1274694321e-05,1.5198140419e-06,2.3900381908e+02,-2.9167561216e+01,-2.3171091895e+01,2.3259959681e+02,2.4220780342e+02,-2.6375076241e+01,2.4220780342e+02,2.6375076241e+01,0.0000000000e+00,nan,nan,nan,nan,nan,nan
1.5310658634e-04,1.2396118499e-04,-8.7313061522e+00,-1.3476592454e+00,-1.6781343403e+01,7.3528175562e+00,-8.5111735825e+00,-1.7001475973e+01,-2.1716300536e-06,1.7001475973e+01,0.0000000000e+00,nan,nan,nan,nan,nan,nan
7.3337330010e-05,1.5151765700e-06,2.3464722026e+02,-2.6501040501e+01,-2.5343290157e+01,2.2978684257e+02,2.3731946047e+02,-2.8015530361e+01,2.3731946047e+02,2.8015530361e+01,0.0000000000e+00,nan,nan,nan,nan,nan,nan
4.9482913693e-05,1.4999729925e-06,2.2410834778e+02,-1.9484039560e+01,-3.2504611325e+01,2.2477946445e+02,2.2557835254e+02,-3.3974616081e+01,2.2557835254e+02,3.3974616081e+01,0.0000000000e+00,nan,nan,nan,nan,nan,nan
2.6907247371e-04,1.1082843120e-04,-2.7411347653e+00,-7.6601006084e+00,-8.7346073196e+00,1.4246194246e+01,2.4871730405e+00,-1.3962915125e+01,2.4871728186e+00,1.3962915125e+01,0.0000000000e+00,nan,nan,nan,nan,nan,nan
2.3244062602e-04,1.2410642644e-04,-2.5601404665e+00,-6.4226246353e+00,-1.0848548651e+01,1.3238730633e+01,9.3904013563e-01,-1.4347729254e+01,9.3684981215e-01,1.4347729254e+01,0.0000000000e+00,nan,nan,nan,nan,nan,nan
1.9597857921e-04,1.4321761340e-04,-1.0973664696e+00,-5.6549941978e+00,-1.2099029969e+01,1.3663737221e+01,1.2905641433e+00,-1.4486960582e+01,1.2992126772e+00,1.4486960582e+01,0.0000000000e+00,nan,nan,nan,nan,nan,nan
3.2383803878e-04,3.9176986167e-05,-1.1396793741e+00,-1.1291148528e+01,-5.4477805022e+00,1.9906447121e+01,8.1992626655e+00,-1.4786722542e+01,8.1992626655e+00,1.4786722542e+01,0.0000000000e+00,nan,nan,nan,nan,nan,nan
-2.7665304660e-04,1.5391771659e-06,2.9483533812e+02,5.8598222015e+01,-1.2956567776e+01,2.8520917928e+02,3.0560498160e+02,-2.3726211262e+01,3.0560498160e+02,2.3726211262e+01,0.0000000000e+00,nan,nan,nan,nan,nan,nan
-2.7270749304e-04,1.5291137985e-06,2.8793746921e+02,5.5458594124e+01,-1.6548592263e+01,2.8063199007e+02,2.9771739349e+02,-2.6328516536e+01,2.9771739349e+02,2.6328516536e+01,0.0000000000e+00,nan,nan,nan,nan,nan,nan
-2.6552118219e-04,3.0471522712e-06,2.7052216453e+02,5.2810634130e+01,-2.1265659560e+01,2.6873286593e+02,2.7978124497e+02,-3.0524739998e+01,2.7978124497e+02,3.0524739998e+01,0.0000000000e+00,nan,nan,nan,nan,nan,nan
-2.6161447122e-04,3.0328054833e-06,2.6599112963e+02,5.0514917020e+01,-2.3995769908e+01,2.6593344248e+02,2.7453442446e+02,-3.2539064739e+01,2.7453442446e+02,3.2539064739e+01,0.0000000000e+00,nan,nan,nan,nan,nan,nan
-2.5774952371e-04,3.0251049038e-06,2.6180382164e+02,4.8464153757e+01,-2.6418419188e+01,2.6333817088e+02,2.6973106507e+02,-3.4345662622e+01,2.6973106507e+02,3.4345662622e+01,0.0000000000e+00,nan,nan,nan,nan,nan,nan
2.4024396769e-04,9.6798654154e-05,-3.8198693017e+00,-5.8365659977e+00,-1.1786816266e+01,1.2238329398e+01,-7.3754001155e-01,-1.4869145556e+01,2.5460430384e-03,1.4869145556e+01,0.0000000000e+00,nan,nan,nan,nan,nan,nan
8.2478729979e-05,1.4326223616e-04,-1.4794597234e+01,-1.6067749006e+00,-2.0395798164e+01,5.0745230942e+00,-1.4665420425e+01,-2.0524974974e+01,-7.3277106055e-02,2.0519708869e+01,0.0000000000e+00,nan,nan,nan,nan,nan,nan
3.0276826247e-04,1.0699112477e-04,-3.3468601270e+00,-8.6079135587e+00,-5.4995460073e+00,1.5024208306e+01,4.2510276428e+00,-1.3097433777e+01,4.2510276428e+00,1.3097433777e+01,0.0000000000e+00,nan,nan,nan,nan,nan,nan
2.6049955682e-04,2.6755793358e-06,3.6057184007e+01,-2.4023340750e+01,-1.2189560660e+01,5.8971386933e+01,4.5980957794e+01,-2.2113334447e+01,4.5980957794e+01,2.2113334447e+01,0.0000000000e+00,nan,nan,nan,nan,nan,nan
2.7199959514e-04,1.0407142063e-04,-2.8856689071e+00,-7.7582555251e+00,-8.7449260647e+00,1.4363102256e+01,2.4772434679e+00,-1.4107838440e+01,2.4772446728e+00,1.4107838440e+01,0.0000000000e+00,nan,nan,nan,nan,nan,nan
-2.0359073772e-04,8.6986855328e-05,4.9665720091e+00,2.1331488650e+01,-2.4967119633e+01,4.5131185053e+01,1.6056228029e+01,-3.6056775653e+01,1.6056228029e+01,3.6056775652e+01,0.0000000000e+00,nan,nan,nan,nan,nan,nan
2.5249071019e-04,2.4941859707e-06,4.8776203132e+01,-2.6485905614e+01,-1.1968400360e+01,6.9809441439e+01,5.8708401193e+01,-2.1900598421e+01,5.8708401193e+01,2.1900598421e+01,0.0000000000e+00,nan,nan,nan,nan,nan,nan
2.4848826982e-04,2.4677997913e-06,5.5419763488e+01,-2.7576526612e+01,-1.1877345854e+01,7.5364821695e+01,6.5283108910e+01,-2.1740691276e+01,6.5283108910e+01,2.1740691276e+01,0.0000000000e+00,nan,nan,nan,nan,nan,nan
2.4814754560e-04,5.5741854319e-05,-3.5331138071e+00,-4.7552396406e+00,-1.4303792005e+01,1.2442044519e+01,-1.7350351538e+00,-1.6101870658e+01,-5.1286200334e-03,1.6101870658e+01,0.0000000000e+00,nan,nan,nan,nan,nan,nan
-1.8551829692e-04,7.6258637342e-05,2.5741118505e+01,2.3164710784e+01,-2.8525297087e+01,6.1790937185e+01,3.4282924926e+01,-3.7067103508e+01,3.4282924926e+01,3.7067103508e+01,0.0000000000e+00,nan,nan,nan,nan,nan,nan
-2.4898415827e-04,1.4811491139e-06,2.5896700823e+02,4.3010714720e+01,-3.1698624944e+01,2.6251175423e+02,2.6519542361e+02,-3.7927040329e+01,2.6519542361e+02,3.7927040329e+01,0.0000000000e+00,nan,nan,nan,nan,nan,nan
1.5396714344e-04,9.9427382710e-05,-6.4721682489e+00,-1.1958880942e+00,-1.6878507596e+01,9.2521395639e+00,-6.3336126548e+00,-1.7017063191e+01,1.4230225461e-04,1.7017063191e+01,0.0000000000e+00,nan,nan,nan,nan,nan,nan
2.1083352485e-04,8.2105357126e-05,-5.4989171373e+00,-2.8416515524e+00,-1.5298379971e+01,9.8077384736e+00,-4.7361481061e+00,-1.6061149002e+01,-3.5510959195e-05,1.6061149002e+01,0.0000000000e+00,nan,nan,nan,nan,nan,nan
-2.2116288342e-04,1.4758244011e-06,2.3894998865e+02,3.3693104033e+01,-4.1089466549e+01,2.4944166013e+02,2.4294547067e+02,-4.5084948570e+01,2.4294547067e+02,4.5084948570e+01,0.0000000000e+00,nan,nan,nan,nan,nan,nan
2.2455398305e-04,2.0714834270e-06,1.0354069368e+02,-3.3559951617e+01,-1.1922200093e+01,1.1568029861e+02,1.1259729833e+02,-2.0978804747e+01,1.1259729833e+02,2.0978804747e+01,0.0000000000e+00,nan,nan,nan,nan,nan,nan
2.2055688862e-04,2.0501686662e-06,1.1269866944e+02,-3.4515092774e+01,-1.1947825456e+01,1.2341571124e+02,1.2162951610e+02,-2.0878672116e+01,1.2162951610e+02,2.0878672116e+01,0.0000000000e+00,nan,nan,nan,nan,nan,nan
2.1396096653e-04,1.3012811755e-04,-2.5667422022e+00,-5.8494116620e+00,-1.1677878961e+01,1.2841266791e+01,2.9159825725e-01,-1.4536219420e+01,2.4380589019e-01,1.4536219420e+01,0.0000000000e+00,nan,nan,nan,nan,nan,nan
1.9429633625e-04,1.2423706552e-04,-4.5493051904e+00,-4.3775906125e+00,-1.3242699917e+01,1.0684170740e+01,-2.7274937005e+00,-1.5064511407e+01,1.2847086989e-04,1.5064511407e+01,0.0000000000e+00,nan,nan,nan,nan,nan,nan
1.9265373324e-04,1.7515111948e-06,1.8900426170e+02,-4.1463225142e+01,-1.2496679534e+01,1.8872773465e+02,1.9721579949e+02,-2.0708217316e+01,1.9721579949e+02,2.0708217316e+01,0.0000000000e+00,nan,nan,nan,nan,nan,nan
-1.4836052456e-04,9.9898813697e-05,4.3630797205e+00,1.3574202975e+01,-2.9699214354e+01,3.7719876677e+01,9.1095136367e+00,-3.4445648270e+01,9.1096427540e+00,3.4445648270e+01,0.0000000000e+00,nan,nan,nan,nan,nan,nan
1.6872114349e-04,1.5811152844e-06,2.5550826915e+02,-4.7168108804e+01,-1.3058412975e+01,2.4653009767e+02,2.6355914634e+02,-2.1109290164e+01,2.6355914634e+02,2.1109290164e+01,0.0000000000e+00,nan,nan,nan,nan,nan,nan
1.4078682415e-04,1.5465100709e-06,2.8264044617e+02,-4.8603228285e+01,-1.4023211238e+01,2.7035621936e+02,2.9039885349e+02,-2.1781618561e+01,2.9039885349e+02,2.1781618561e+01,0.0000000000e+00,nan,nan,nan,nan,nan,nan
1.3680440339e-04,1.5584253943e-06,2.7929348226e+02,-4.7802592522e+01,-1.4314524479e+01,2.6741178274e+02,2.8687974364e+02,-2.1900785858e+01,2.8687974364e+02,2.1900785858e+01,0.0000000000e+00,nan,nan,nan,nan,nan,nan
-2.2248291647e-04,8.1458802853e-05,4.0983261059e+00,2.3967091778e+01,-2.2406380637e+01,4.7431254591e+01,1.8230420340e+01,-3.6538474872e+01,1.8230420340e+01,3.6538474872e+01,0.0000000000e+00,nan,nan,nan,nan,nan,nan
1.3220035280e-04,9.1925552509e-05,-1.2985733553e+00,-2.4685789745e+00,-1.6800785676e+01,1.4079761775e+01,-9.2072526486e-01,-1.7178633766e+01,-8.0623592709e-03,1.7178633766e+01,0.0000000000e+00,nan,nan,nan,nan,nan,nan
-2.1663174236e-04,9.1472671175e-05,-5.8469713886e+00,1.9391032716e+01,-2.3475094708e+01,3.6889712437e+01,6.6372523575e+00,-3.5959318454e+01,6.6372523575e+00,3.5959318454e+01,1.0000000000e+00,1.7225781363e+01,1.6382317766e+01,5.3242096298e+00,2.2516819629e+01,-3.0908378074e-01,9.5103481350e-01
2.1347605738e-04,9.7122926951e-05,-5.1948694172e+00,-3.9202980798e+00,-1.3828935318e+01,1.0098030743e+01,-3.6818015998e+00,-1.5342003135e+01,1.5454824997e-06,1.5342003135e+01,0.0000000000e+00,nan,nan,nan,nan,nan,nan
4.1511879322e-05,1.5004252572e-06,2.2129481119e+02,-1.7460726792e+01,-3.4932233849e+01,2.2394918680e+02,2.2247841195e+02,-3.6115834614e+01,2.2247841195e+02,3.6115834614e+01,0.0000000000e+00,nan,nan,nan,nan,nan,nan
-1.8147652883e-05,1.4613133110e-06,2.0858677821e+02,-5.7182029814e+00,-4.8920458405e+01,2.2322720827e+02,2.0871344868e+02,-4.9047128883e+01,2.0871344868e+02,4.9047128883e+01,0.0000000000e+00,nan,nan,nan,nan,nan,nan
-1.7688870182e-04,9.2072738554e-05,7.2087454226e+00,1.8008862205e+01,-2.7812988329e+01,4.3504410901e+01,1.4815161891e+01,-3.5419404798e+01,1.4815164085e+01,3.5419404798e+01,0.0000000000e+00,nan,nan,nan,nan,nan,nan
1.3926665033e-04,9.4313979289e-05,-3.4156995468e+00,-2.0184497719e+00,-1.6715035917e+01,1.2040398463e+01,-3.1138404381e+00,-1.7016895026e+01,7.8659489311e-03,1.7016895026e+01,0.0000000000e+00,nan,nan,nan,nan,nan,nan
2.3332873992e-04,1.3169193001e-04,-1.8284335221e+00,-6.6236658311e+00,-1.0519553551e+01,1.3720720045e+01,1.7476678747e+00,-1.4095654949e+01,1.7475014522e+00,1.4095654948e+01,0.0000000000e+00,nan,nan,nan,nan,nan,nan
-1.4491626527e-04,9.1411552397e-05,1.3938528101e+01,1.4268668507e+01,-3.1094384822e+01,4.6168945007e+01,1.8077724468e+01,-3.5233581189e+01,1.8077725170e+01,3.5233581189e+01,0.0000000000e+00,nan,nan,nan,nan,nan,nan
2.6399288052e-04,7.6762765515e-05,-3.1796528558e+00,-6.7929686076e+00,-1.1136969804e+01,1.3633920585e+01,7.1323638973e-01,-1.5029859050e+01,7.1590285330e-01,1.5029859050e+01,0.0000000000e+00,nan,nan,nan,nan,nan,nan
2.3301751155e-04,7.7078684990e-05,-4.3788808458e+00,-4.4146284171e+00,-1.3826042155e+01,1.1196056416e+01,-2.6384153146e+00,-1.5566507686e+01,2.4340775031e-05,1.5566507686e+01,0.0000000000e+00,nan,nan,nan,nan,nan,nan
2.1221238464e-04,8.9594886286e-05,-5.4141384843e+00,-3.3714707413e+00,-1.4547211999e+01,9.8286286539e+00,-4.3061138428e+00,-1.5655236641e+01,-5.9077500039e-06,1.5655236641e+01,0.0000000000e+00,nan,nan,nan,nan,nan,nan
-3.0206187283e-04,3.4681273884e-05,6.8439877542e+01,3.9306505529e+01,8.7475178165e-01,8.9783304470e+01,8.6493729666e+01,-1.7179100342e+01,8.6493729666e+01,1.7179100342e+01,0.0000000000e+00,nan,nan,nan,nan,nan,nan
1.6818102653e-04,9.7405784853e-05,-6.9166652634e+00,-1.2007298119e+00,-1.6859939409e+01,8.8621333644e+00,-6.7717472526e+00,-1.7004857420e+01,2.3302832742e-05,1.7004857420e+01,0.0000000000e+00,nan,nan,nan,nan,nan,nan
-7.7740215056e-05,9.0976903842e-05,1.7281737869e+01,2.8901798565e+00,-3.5612071292e+01,4.6078842684e+01,1.7438465516e+01,-3.5768798939e+01,1.7438471430e+01,3.5768798939e+01,0.0000000000e+00,nan,nan,nan,nan,nan,nan
1.1819026316e-04,1.4365109548e-04,-5.5526048033e+00,-1.8825956128e+00,-1.6908075139e+01,1.0365407624e+01,-5.2458690895e+00,-1.7214810853e+01,1.0635237504e-03,1.7214810854e+01,0.0000000000e+00,nan,nan,nan,nan,nan,nan
-1.5748800798e-04,6.8357420661e-05,4.3970269480e+01,1.9760610804e+01,-3.3809182289e+01,7.5553793931e+01,4.8701546860e+01,-3.8540459669e+01,4.8701546860e+01,3.8540459669e+01,0.0000000000e+00,nan,nan,nan,nan,nan,nan
-1.3566675115e-04,1.0106524897e-04,4.6893832950e+00,1.1922430517e+01,-3.0537680232e+01,3.6837225763e+01,8.3438337424e+00,-3.4192130679e+01,8.3433106351e+00,3.4192130679e+01,0.0000000000e+00,nan,nan,nan,nan,nan,nan
-2.0830728506e-04,8.5553149759e-05,4.9463257958e+00,2.2035641519e+01,-2.4390236705e+01,4.5846121472e+01,1.6747315128e+01,-3.6191226034e+01,1.6747315128e+01,3.6191226033e+01,0.0000000000e+00,nan,nan,nan,nan,nan,nan
1.8673120648e-04,9.6397863532e-05,-7.0133430976e+00,-1.4660689964e+00,-1.6386551537e+01,8.5025406712e+00,-6.7910031718e+00,-1.6608891462e+01,1.4679519256e-05,1.6608891463e+01,0.0000000000e+00,nan,nan,nan,nan,nan,nan
-7.6550033402e-05,2.5689714927e-05,1.3912135701e+02,3.7265503129e+00,-4.8661987172e+01,1.6275254843e+02,1.3919491256e+02,-4.8735542729e+01,1.3919491256e+02,4.8735542729e+01,0.0000000000e+00,nan,nan,nan,nan,nan,nan
-2.0320992633e-04,7.1905390531e-05,2.7179880453e+01,2.6879945908e+01,-2.6216769816e+01,6.5616861873e+01,3.8365468184e+01,-3.7402357547e+01,3.8365468184e+01,3.7402357547e+01,0.0000000000e+00,nan,nan,nan,nan,nan,nan
-1.7162219449e-04,9.9993843371e-05,1.5692427013e-02,1.5696011500e+01,-2.7706257081e+01,3.6266969766e+01,7.0934624302e+00,-3.4784027084e+01,7.0942207261e+00,3.4784027084e+01,0.0000000000e+00,nan,nan,nan,nan,nan,nan
1.3880170884e-04,1.5090074964e-04,-3.2158497022e+00,-2.0682596438e+00,-1.6795802836e+01,1.2298629608e+01,-2.9052091543e+00,-1.7106443384e+01,-2.0161023285e-02,1.7106443384e+01,0.0000000000e+00,nan,nan,nan,nan,nan,nan
-4.1965563606e-05,1.1971509252e-04,-1.8292475551e+01,1.3333860387e-01,-3.2429136175e+01,1.2238917120e+01,-1.8294663769e+01,-3.2426947958e+01,7.6295143518e-06,3.2426947958e+01,0.0000000000e+00,nan,nan,nan,nan,nan,nan
1.5367439336e-04,1.6187774476e-04,5.0166542194e+00,-4.1557776462e+00,-1.3359175584e+01,1.7459703783e+01,5.9091039969e+00,-1.4251625361e+01,5.8967896287e+00,1.4251625361e+01,0.0000000000e+00,nan,nan,nan,nan,nan,nan
3.0757674148e-04,8.5220278708e-05,-3.1499081075e+00,-9.4132633756e+00,-5.3963806388e+00,1.6418315997e+01,5.2059747874e+00,-1.3752263534e+01,5.2059747874e+00,1.3752263534e+01,0.0000000000e+00,nan,nan,nan,nan,nan,nan
-3.1033474978e-04,3.5687050624e-05,5.6740089657e+01,3.4555920933e+01,-1.0131432173e+00,7.8025396367e+01,7.2911456816e+01,-1.7184510376e+01,7.2911456816e+01,1.7184510376e+01,0.0000000000e+00,nan,nan,nan,nan,nan,nan
-2.2622593609e-04,2.9668895004e-06,2.3686474435e+02,3.6096014844e+01,-3.9326073839e+01,2.4722149585e+02,2.4150273243e+02,-4.3964061919e+01,2.4150273243e+02,4.3964061919e+01,0.0000000000e+00,nan,nan,nan,nan,nan,nan
-1.9858687787e-04,2.9413971035e-06,2.2335346099e+02,2.8262951471e+01,-4.5162630528e+01,2.3763688859e+02,2.2629513682e+02,-4.8104306365e+01,2.2629513682e+02,4.8104306365e+01,0.0000000000e+00,nan,nan,nan,nan,nan,nan
2.6115789075e-04,2.5406928664e-05,2.3812936138e+01,-1.7109938802e+01,-1.0902793309e+01,4.2211497691e+01,3.0825890969e+01,-1.7915748140e+01,3.0825909178e+01,1.7915748140e+01,0.0000000000e+00,nan,nan,nan,nan,nan,nan
2.8786746567e-04,2.1025366381e-05,1.0945469540e+01,-1.3916672829e+01,-1.0073923919e+01,3.0230399110e+01,1.7889301874e+01,-1.7017756253e+01,1.7889303228e+01,1.7017756253e+01,0.0000000000e+00,nan,nan,nan,nan,nan,nan
-1.4831312545e-04,3.9135848663e-05,1.0474952705e+02,2.0157727396e+01,-4.1900935296e+01,1.3171317951e+02,1.0746893554e+02,-4.4620343770e+01,1.0746893554e+02,4.4620343770e+01,0.0000000000e+00,nan,nan,nan,nan,nan,nan
3.6143201225e-04,3.5556840572e-05,-2.4174114017e+00,-1.4330301530e+01,7.5188819392e+00,2.6261547276e+01,1.7712846658e+01,-1.2611376120e+01,1.7712846658e+01,1.2611376046e+01,0.0000000000e+00,nan,nan,nan,nan,nan,nan
3.5814289194e-04,3.9179797411e-05,-2.6390685504e+00,-1.3885490738e+01,6.0436688556e+00,2.5190786366e+01,1.6246207442e+01,-1.2841607137e+01,1.6246207442e+01,1.2841607175e+01,0.0000000000e+00,nan,nan,nan,nan,nan,nan
3.5853808781e-04,4.3289076804e-05,-3.3088058096e+00,-1.3385330912e+01,6.1846786004e+00,2.4591125817e+01,1.5635629505e+01,-1.2759756715e+01,1.5635629505e+01,1.2759756713e+01,0.0000000000e+00,nan,nan,nan,nan,nan,nan
1.7743943779e-04,8.6490340427e-05,-5.6116337240e+00,-1.7848046115e+00,-1.6723673557e+01,1.0110352871e+01,-5.3304386888e+00,-1.7004868592e+01,2.5672179875e-03,1.7004868592e+01,0.0000000000e+00,nan,nan,nan,nan,nan,nan
-1.6208256499e-04,7.2489777683e-05,3.6620334095e+01,2.0023909202e+01,-3.2410647593e+01,6.9112501015e+01,4.2006964316e+01,-3.7797277815e+01,4.2006964316e+01,3.7797277815e+01,0.0000000000e+00,nan,nan,nan,nan,nan,nan
4.6441578700e-05,7.7823489326e-05,2.4037273056e+01,-2.5187534499e+00,-2.2449011272e+01,4.0495474609e+01,2.4174204059e+01,-2.2585942274e+01,2.4174204060e+01,2.2585942274e+01,0.0000000000e+00,nan,nan,nan,nan,nan,nan
2.7047264827e-04,4.9472497688e-05,-2.5932093138e+00,-6.4648899548e+00,-1.2730696020e+01,1.4226466459e+01,5.5170157247e-01,-1.5875606907e+01,5.6067269994e-01,1.5875606907e+01,0.0000000000e+00,nan,nan,nan,nan,nan,nan
-1.9760332037e-04,5.9149569396e-05,5.2905579447e+01,2.9919998735e+01,-2.9384062355e+01,8.8112295119e+01,6.2632415851e+01,-3.9110898760e+01,6.2632415851e+01,3.9110898760e+01,0.0000000000e+00,nan,nan,nan,nan,nan,nan
-8.1685629199e-05,9.6968476297e-05,1.0286275329e+01,3.7436029948e+00,-3.4392038392e+01,3.9230557037e+01,1.0596891134e+01,-3.4702654197e+01,1.0596891058e+01,3.4702654197e+01,0.0000000000e+00,nan,nan,nan,nan,nan,nan
-6.4630462992e-05,1.0489224550e-04,4.8945739391e-01,1.4126326642e+00,-3.3798843433e+01,2.9793383576e+01,5.4652500798e-01,-3.3855911047e+01,3.9298520673e-01,3.3855911047e+01,0.0000000000e+00,nan,nan,nan,nan,nan,nan
2.4971421732e-04,6.3099008931e-05,-3.5554526058e+00,-5.1782556144e+00,-1.3542785132e+01,1.2458027011e+01,-1.3564736205e+00,-1.5741764117e+01,1.2268879628e-03,1.5741764117e+01,0.0000000000e+00,nan,nan,nan,nan,nan,nan
1.8005042439e-04,8.0416140378e-05,-4.3223454366e+00,-2.3884685444e+00,-1.6558660593e+01,1.1378742059e+01,-3.8709832239e+00,-1.7010022806e+01,-7.7309700420e-03,1.7010022806e+01,0.0000000000e+00,nan,nan,nan,nan,nan,nan
2.9924062904e-04,7.9898151931e-05,-2.8381281739e+00,-9.1404556928e+00,-6.8250140232e+00,1.6202369279e+01,4.5228711665e+00,-1.4186013364e+01,4.5228711635e+00,1.4186013364e+01,0.0000000000e+00,nan,nan,nan,nan,nan,nan
-1.0869415250e-04,9.5657954851e-05,1.1898557233e+01,8.2757168745e+00,-3.3168119409e+01,4.1576037557e+01,1.3369155388e+01,-3.4638717563e+01,1.3369138724e+01,3.4638717564e+01,0.0000000000e+00,nan,nan,nan,nan,nan,nan
2.9812066716e-04,7.2274057804e-05,-2.6089504814e+00,-9.1273172942e+00,-7.4330309139e+00,1.6350044836e+01,4.4187120898e+00,-1.4460693485e+01,4.4187121026e+00,1.4460693485e+01,0.0000000000e+00,nan,nan,nan,nan,nan,nan
-2.8831683624e-04,1.2149706132e-05,2.0971613706e+02,6.9444974456e+01,4.0509803159e+00,2.1491674208e+02,2.3096579758e+02,-1.7198680206e+01,2.3096579758e+02,1.7198680206e+01,0.0000000000e+00,nan,nan,nan,nan,nan,nan
-1.3510640439e-04,4.9283070637e-05,8.2016136537e+01,1.6448913490e+01,-4.0661638823e+01,1.0999434839e+02,8.4182515511e+01,-4.2828017797e+01,8.4182515511e+01,4.2828017797e+01,0.0000000000e+00,nan,nan,nan,nan,nan,nan
-9.4428487567e-06,1.1948067868e-04,-2.4773055549e+01,-4.6328521259e+00,-3.4046567734e+01,1.1335424051e+01,-2.2865301515e+01,-3.5954321769e+01,-5.0043698077e-06,3.5954321769e+01,0.0000000000e+00,nan,nan,nan,nan,nan,nan
7.6428397883e-05,1.0045960159e-04,1.0579000386e+00,2.9483883263e+00,-2.1921796135e+01,2.0556065311e+01,1.4361017924e+00,-2.2299997889e+01,1.4263128869e+00,2.2299997889e+01,0.0000000000e+00,nan,nan,nan,nan,nan,nan
1.5791662286e-04,1.6488714074e-05,8.8235728176e+01,-2.2696175725e+01,-1.6833182052e+01,9.9124583663e+01,9.2930878123e+01,-2.1528331999e+01,9.2930878123e+01,2.1528331999e+01,0.0000000000e+00,nan,nan,nan,nan,nan,nan
-1.0427141957e-04,2.4151713430e-05,1.4313042054e+02,9.5350147017e+00,-4.8531389029e+01,1.6680281489e+02,1.4360316583e+02,-4.9004134321e+01,1.4360316583e+02,4.9004134321e+01,0.0000000000e+00,nan,nan,nan,nan,nan,nan
9.3892856464e-05,3.1477499086e-06,2.4074232267e+02,-3.4826855659e+01,-1.9528854252e+01,2.3332956252e+02,2.4531961994e+02,-2.4106151522e+01,2.4531961994e+02,2.4106151522e+01,0.0000000000e+00,nan,nan,nan,nan,nan,nan
-1.6759629996e-04,5.7441100171e-05,6.2319224939e+01,2.3576920212e+01,-3.4864860750e+01,9.3545557104e+01,6.7735734670e+01,-4.0281370481e+01,6.7735734670e+01,4.0281370481e+01,0.0000000000e+00,nan,nan,nan,nan,nan,nan
1.8079681062e-05,1.2324446901e-04,-3.3758301369e+01,-7.0369623399e+00,-3.5012136072e+01,1.2155620382e+01,-2.7367168021e+01,-4.1403269420e+01,1.3463058296e-06,4.1403269420e+01,0.0000000000e+00,nan,nan,nan,nan,nan,nan
2.1301375203e-04,2.1064837130e-05,3.7054198629e+01,-1.5991788648e+01,-1.4109561087e+01,5.2255099798e+01,4.1641814706e+01,-1.8697177164e+01,4.1641814705e+01,1.8697177164e+01,0.0000000000e+00,nan,nan,nan,nan,nan,nan
-1.9814721912e-04,1.2017290051e-05,1.9222040543e+02,3.1404108342e+01,-4.2700823496e+01,2.1059141009e+02,1.9634479827e+02,-4.6825216335e+01,1.9634479827e+02,4.6825216335e+01,0.0000000000e+00,nan,nan,nan,nan,nan,nan
2.4502409505e-04,2.4122912099e-05,2.4453818129e+01,-1.4571596649e+01,-1.3669373475e+01,4.1556481752e+01,2.9384868253e+01,-1.8600423599e+01,2.9384874164e+01,1.8600423599e+01,0.0000000000e+00,nan,nan,nan,nan,nan,nan
-1.0324766674e-04,7.2228608580e-05,4.2568523736e+01,8.0359289699e+00,-3.7925243010e+01,7.1084343628e+01,4.3362205292e+01,-3.8718924566e+01,4.3362205292e+01,3.8718924566e+01,0.0000000000e+00,nan,nan,nan,nan,nan,nan
-1.0020108672e-04,7.2172806104e-05,4.2770122648e+01,7.4073399781e+00,-3.8117759657e+01,7.1214950819e+01,4.3442152521e+01,-3.8789789530e+01,4.3442152521e+01,3.8789789530e+01,0.0000000000e+00,nan,nan,nan,nan,nan,nan
-1.7078217369e-04,8.1097898058e-05,2.2374213928e+01,1.9847393953e+01,-2.9842006015e+01,5.6801379951e+01,2.9060395962e+01,-3.6528188048e+01,2.9060395965e+01,3.6528188048e+01,0.0000000000e+00,nan,nan,nan,nan,nan,nan
6.2079370860e-05,1.0967328806e-04,-4.6247443452e-01,5.8797817042e+00,-2.0139644428e+01,1.9857320456e+01,1.1635698790e+00,-2.1765688742e+01,1.2940868116e+00,2.1765688744e+01,0.0000000000e+00,nan,nan,nan,nan,nan,nan
1.4629551741e-04,1.5078747687e-04,-3.1086464988e+00,-2.2984486416e+00,-1.6644754781e+01,1.2383156187e+01,-2.7272820819e+00,-1.7026119198e+01,3.9266447280e-02,1.7026119198e+01,0.0000000000e+00,nan,nan,nan,nan,nan,nan
5.9062412897e-05,1.2495868384e-04,-1.6426277086e+01,4.9575838328e+00,-2.6150257916e+01,1.1800023378e+01,-1.4475520827e+01,-2.8101014175e+01,6.1000451448e-03,2.8101078141e+01,0.0000000000e+00,nan,nan,nan,nan,nan,nan
3.6138682194e-05,8.6335539756e-05,1.9737569964e+01,4.2960128743e-01,-2.2729238723e+01,3.6780309106e+01,1.9739286983e+01,-2.2730955743e+01,1.9739287874e+01,2.2730955743e+01,0.0000000000e+00,nan,nan,nan,nan,nan,nan
1.2253867039e-04,9.4828440269e-05,-2.5626385882e+00,-3.2905977689e-01,-1.9769501382e+01,1.4902947291e+01,-2.5618493549e+00,-1.9770290616e+01,-1.0786672444e-02,1.9770290616e+01,0.0000000000e+00,nan,nan,nan,nan,nan,nan
1.5395808164e-04,1.5045763333e-04,-1.6655690837e+00,-3.1656142203e+00,-1.4741670335e+01,1.2573432618e+01,-9.4434500294e-01,-1.5462894416e+01,-1.1091219917e-01,1.5462894416e+01,0.0000000000e+00,nan,nan,nan,nan,nan,nan
1.0977768462e-04,9.9301073404e-05,-3.4805047951e+00,1.8840608270e+00,-2.2678771943e+01,1.6953909741e+01,-3.2912940161e+00,-2.2867982722e+01,-4.0164453467e-03,2.2867982722e+01,0.0000000000e+00,nan,nan,nan,nan,nan,nan
2.9786466438e-04,2.8989410285e-05,-1.3367120931e+00,-8.4733381521e+00,-1.1192652299e+01,1.6975720963e+01,3.5362548718e+00,-1.6065619264e+01,3.5362547881e+00,1.6065619264e+01,0.0000000000e+00,nan,nan,nan,nan,nan,nan
2.0752813880e-04,1.4300002843e-04,-7.9422389080e-01,-6.0427414550e+00,-1.1534895258e+01,1.4001687692e+01,1.9193185837e+00,-1.4248437733e+01,1.9202198830e+00,1.4248437733e+01,0.0000000000e+00,nan,nan,nan,nan,nan,nan
5.4661327833e-05,1.2753575486e-04,-2.6964583506e+01,-3.9113230786e+00,-3.6331286435e+01,1.0199957763e+01,-2.5758986610e+01,-3.7536883331e+01,-1.5942603269e-03,3.7536880389e+01,0.0000000000e+00,nan,nan,nan,nan,nan,nan
8.0727547805e-05,1.3434113100e-04,-1.6803440347e+01,3.4401824192e+00,-1.8694564956e+01,6.2749929681e+00,-1.4126133772e+01,-2.1371871531e+01,7.5026601301e-03,2.1375429310e+01,0.0000000000e+00,nan,nan,nan,nan,nan,nan
1.9859833505e-04,1.2927181129e-04,-3.5230833880e+00,-5.0198690216e+00,-1.2628884499e+01,1.1737710652e+01,-1.2992135387e+00,-1.4852754348e+01,1.4114853270e-03,1.4852754348e+01,0.0000000000e+00,nan,nan,nan,nan,nan,nan
1.1817767024e-04,7.3040696438e-05,1.0063699721e+01,-1.7696928920e+00,-2.2799455277e+01,2.8628773305e+01,1.0160952196e+01,-2.2896707753e+01,1.0161004768e+01,2.2896707753e+01,0.0000000000e+00,nan,nan,nan,nan,nan,nan
3.1673339970e-04,9.8514479260e-05,-3.8344616155e+00,-9.0765498914e+00,-3.8402948956e+00,1.5719334923e+01,5.2381839936e+00,-1.2912940505e+01,5.2381839936e+00,1.2912940505e+01,0.0000000000e+00,nan,nan,nan,nan,nan,nan
1.6639502376e-04,8.6535746343e-05,-4.4303881107e+00,-2.1324818525e+00,-1.6656079258e+01,1.1217116442e+01,-4.0670284873e+00,-1.7019438883e+01,-1.3603386042e-02,1.7019438883e+01,0.0000000000e+00,nan,nan,nan,nan,nan,nan
-2.1774024897e-04,6.3177277248e-05,3.7900504774e+01,3.2053082143e+01,-2.4449215882e+01,7.7441617562e+01,5.1436583192e+01,-3.7985294300e+01,5.1436583192e+01,3.7985294300e+01,0.0000000000e+00,nan,nan,nan,nan,nan,nan
-1.9955811864e-04,6.7363434525e-05,3.6338609253e+01,2.7882157881e+01,-2.7520823023e+01,7.3418737045e+01,4.6797220712e+01,-3.7979434481e+01,4.6797220712e+01,3.7979434481e+01,0.0000000000e+00,nan,nan,nan,nan,nan,nan
-1.5962539673e-04,5.3459915667e-05,7.1404319790e+01,2.2148419531e+01,-3.6914699859e+01,1.0134609087e+02,7.5757002810e+01,-4.1267382879e+01,7.5757002810e+01,4.1267382879e+01,0.0000000000e+00,nan,nan,nan,nan,nan,nan
-2.3060820549e-04,5.8562112131e-05,4.2440571570e+01,3.5658796708e+01,-2.1984614498e+01,8.3227471491e+01,5.8279381605e+01,-3.7823424533e+01,5.8279381605e+01,3.7823424533e+01,0.0000000000e+00,nan,nan,nan,nan,nan,nan
2.3419728780e-04,4.6166722889e-05,7.5068716385e+00,-8.4776944724e+00,-1.4099014539e+01,2.3809453396e+01,1.0450322877e+01,-1.7042465777e+01,1.0559097511e+01,1.7042465777e+01,0.0000000000e+00,nan,nan,nan,nan,nan,nan
-3.3094370685e-04,3.5456483688e-05,4.8553268561e+01,3.1910283823e+01,-1.4530315899e+00,7.0239682743e+01,6.4103018225e+01,-1.7002781254e+01,6.4103018225e+01,1.7002781260e+01,0.0000000000e+00,nan,nan,nan,nan,nan,nan
3.1768767033e-04,7.5729568576e-05,-3.1212943291e+00,-1.0097824767e+01,-4.1350062764e+00,1.7509836622e+01,6.4811585842e+00,-1.3737459190e+01,6.4811585842e+00,1.3737459190e+01,0.0000000000e+00,nan,nan,nan,nan,nan,nan
-1.2523142341e-04,4.9119822911e-05,8.2837396627e+01,1.4078677565e+01,-4.1546783412e+01,1.1044412729e+02,8.4410253228e+01,-4.3119640013e+01,8.4410253228e+01,4.3119640013e+01,0.0000000000e+00,nan,nan,nan,nan,nan,nan
1.8198694294e-04,7.0927134992e-05,1.6295303891e-01,-4.2367867529e+00,-1.5987255651e+01,1.5800353102e+01,1.2101868109e+00,-1.7034489423e+01,9.7581738501e-01,1.7034489423e+01,0.0000000000e+00,nan,nan,nan,nan,nan,nan
-1.4021134743e-04,9.9301074695e-05,5.9893801005e+00,1.2677019403e+01,-3.0417042361e+01,3.8419079716e+01,9.9674348860e+00,-3.4395097146e+01,9.9676117995e+00,3.4395097146e+01,0.0000000000e+00,nan,nan,nan,nan,nan,nan
2.0326752643e-04,1.0505432747e-04,-5.5541852547e+00,-3.6179058237e+00,-1.4021628085e+01,9.6432416622e+00,-4.2203785002e+00,-1.5355434839e+01,2.3414389013e-06,1.5355434839e+01,0.0000000000e+00,nan,nan,nan,nan,nan,nan
8.6030263831e-05,3.1400512590e-06,2.3553824258e+02,-3.1840928209e+01,-2.1372068185e+01,2.2922060148e+02,2.3942366317e+02,-2.5257488770e+01,2.3942366317e+02,2.5257488770e+01,0.0000000000e+00,nan,nan,nan,nan,nan,nan
2.1595295767e-04,6.9365828032e-05,-5.0618387504e+00,-2.6252353077e+00,-1.5913298410e+01,1.0438910454e+01,-4.4606608195e+00,-1.6514476340e+01,-2.9843781150e-03,1.6514476340e+01,0.0000000000e+00,nan,nan,nan,nan,nan,nan
-2.2095253601e-04,6.7892312002e-05,2.7245298241e+01,3.0409564383e+01,-2.3226220829e+01,6.8441068315e+01,4.1524007922e+01,-3.7504930509e+01,4.1524007922e+01,3.7504930509e+01,0.0000000000e+00,nan,nan,nan,nan,nan,nan
2.6562494561e-04,1.1375098445e-04,-2.6574564899e+00,-7.5409317051e+00,-8.9158548871e+00,1.4140560480e+01,2.3774007110e+00,-1.3950712088e+01,2.3774026906e+00,1.3950712088e+01,0.0000000000e+00,nan,nan,nan,nan,nan,nan
-2.5469635540e-04,1.5887730015e-05,1.9295479976e+02,5.4047420960e+01,-2.1800153929e+01,2.0820772311e+02,2.0578610790e+02,-3.4631462066e+01,2.0578610790e+02,3.4631462066e+01,0.0000000000e+00,nan,nan,nan,nan,nan,nan
2.7543336452e-04,1.0111058100e-04,-2.9176407906e+00,-7.8980228063e+00,-8.5513537750e+00,1.4522986324e+01,2.6503527809e+00,-1.4119347346e+01,2.6503521496e+00,1.4119347346e+01,0.0000000000e+00,nan,nan,nan,nan,nan,nan
2.2024640038e-04,9.1748807214e-05,-4.9292315048e+00,-4.1424430084e+00,-1.3707249370e+01,1.0451026382e+01,-3.2843375425e+00,-1.5352143332e+01,3.2697047013e-06,1.5352143332e+01,0.0000000000e+00,nan,nan,nan,nan,nan,nan
2.1220962415e-04,1.1494134904e-04,-4.2893912267e+00,-4.9383606139e+00,-1.2622774181e+01,1.1190550664e+01,-1.9952152652e+00,-1.4916950142e+01,4.4199801801e-04,1.4916950142e+01,0.0000000000e+00,nan,nan,nan,nan,nan,nan
-1.0865634291e-04,5.7697510099e-05,6.6725691674e+01,9.8498928446e+00,-4.0732579058e+01,9.4611274348e+01,6.7620401022e+01,-4.1627288405e+01,6.7620401022e+01,4.1627288405e+01,0.0000000000e+00,nan,nan,nan,nan,nan,nan
-2.2536478759e-04,3.6050012464e-05,1.0811184163e+02,4.2268484130e+01,-2.8022002190e+01,1.3877338393e+02,1.2016577029e+02,-4.0075930850e+01,1.2016577029e+02,4.0075930850e+01,0.0000000000e+00,nan,nan,nan,nan,nan,nan
3.1243739195e-04,4.1482655304e-05,-1.3515801467e+00,-1.0153702036e+01,-7.5746058637e+00,1.8391485538e+01,6.1552361207e+00,-1.5081422131e+01,6.1552361190e+00,1.5081422131e+01,0.0000000000e+00,nan,nan,nan,nan,nan,nan
2.1822307947e-04,8.0509046235e-05,-5.1060812262e+00,-3.3808627092e+00,-1.4784393436e+01,1.0221389404e+01,-4.0439154070e+00,-1.5846559255e+01,-9.0156518735e-05,1.5846559255e+01,0.0000000000e+00,nan,nan,nan,nan,nan,nan
-3.5332237475e-04,2.6002657924e-05,6.0069944749e+01,4.5284997484e+01,1.4832498370e+01,8.7632170372e+01,8.8045678714e+01,-1.3143235594e+01,8.8045678714e+01,1.3143215101e+01,0.0000000000e+00,nan,nan,nan,nan,nan,nan
-2.5342813230e-04,6.3211327633e-05,1.9103854985e+01,3.3978366338e+01,-1.6096771813e+01,6.6270571903e+01,3.9764874114e+01,-3.6757790942e+01,3.9764874114e+01,3.6757790942e+01,0.0000000000e+00,nan,nan,nan,nan,nan,nan
2.5222982527e-04,1.2907244070e-04,-1.9060341924e+00,-7.1506808224e+00,-9.4268633550e+00,1.3992961438e+01,2.4123912791e+00,-1.3745288827e+01,2.4123947965e+00,1.3745288827e+01,0.0000000000e+00,nan,nan,nan,nan,nan,nan
2.8120020251e-04,2.6856104262e-05,3.8202430870e+00,-9.7148111011e+00,-1.2588460588e+01,2.2057339516e+01,8.3507021565e+00,-1.7118919658e+01,8.3507133613e+00,1.7118919658e+01,0.0000000000e+00,nan,nan,nan,nan,nan,nan
2.4431605232e-04,1.2712336087e-04,-2.0833650649e+00,-6.9127721995e+00,-9.9968199395e+00,1.3795413289e+01,1.9246930739e+00,-1.4004878078e+01,1.9247380844e+00,1.4004878078e+01,0.0000000000e+00,nan,nan,nan,nan,nan,nan
2.3417635033e-04,1.3926977774e-04,-1.0310554425e+00,-6.7103930566e+00,-1.0264313174e+01,1.4107069202e+01,2.4970358930e+00,-1.3792404509e+01,2.4970219558e+00,1.3792404509e+01,0.0000000000e+00,nan,nan,nan,nan,nan,nan
2.3843431045e-04,1.1095210611e-04,-3.3027862616e+00,-6.2792671625e+00,-1.1074770679e+01,1.2789738076e+01,1.9538025106e-01,-1.4572937191e+01,1.5891279351e-01,1.4572937191e+01,0.0000000000e+00,nan,nan,nan,nan,nan,nan
2.9564942726e-04,5.7218717462e-05,-2.1407201485e+00,-8.8593561627e+00,-8.9101340832e+00,1.6424659384e+01,3.9573544011e+00,-1.5008208633e+01,3.9573546202e+00,1.5008208633e+01,0.0000000000e+00,nan,nan,nan,nan,nan,nan
1.6903083878e-04,1.4149121065e-04,-3.3252981902e+00,-3.9599436804e+00,-1.3968505847e+01,1.1487580593e+01,-2.0145442710e+00,-1.5279259766e+01,1.2364458342e-02,1.5279259766e+01,0.0000000000e+00,nan,nan,nan,nan,nan,nan
2.2623562851e-04,1.3717936090e-04,-1.3269732223e+00,-6.4905700517e+00,-1.0750394698e+01,1.3891302791e+01,1.9814634458e+00,-1.4058831366e+01,1.9812308849e+00,1.4058831366e+01,0.0000000000e+00,nan,nan,nan,nan,nan,nan
1.3558240138e-04,1.3816447105e-04,-7.1599247638e+00,-1.8489767626e+00,-1.6766339107e+01,8.9189184260e+00,-6.8137919813e+00,-1.7112471890e+01,-9.7443498003e-05,1.7112471890e+01,0.0000000000e+00,nan,nan,nan,nan,nan,nan
-1.1343899823e-04,1.1016914126e-04,-2.5841012434e+00,8.6606040288e+00,-3.0809037758e+01,2.8676462169e+01,-1.4020634801e-01,-3.3252932653e+01,-7.0658830630e-02,3.3252932653e+01,0.0000000000e+00,nan,nan,nan,nan,nan,nan
2.5721785030e-04,1.0812528431e-04,-2.9368717175e+00,-7.1394829839e+00,-9.8224480722e+00,1.3728047329e+01,1.5462319259e+00,-1.4305551716e+01,1.5460747740e+00,1.4305551716e+01,0.0000000000e+00,nan,nan,nan,nan,nan,nan
2.2186724213e-04,1.3232340862e-04,-2.0100604432e+00,-6.2465592748e+00,-1.1146864626e+01,1.3403696031e+01,1.1601649770e+00,-1.4317090047e+01,1.1569371879e+00,1.4317090047e+01,0.0000000000e+00,nan,nan,nan,nan,nan,nan
8.9616506182e-05,1.3726988485e-04,-1.7048085773e+01,1.3343421429e+00,-2.0666212381e+01,3.6854514028e+00,-1.6729352718e+01,-2.0984945437e+01,-2.2308351872e-05,2.0985051789e+01,0.0000000000e+00,nan,nan,nan,nan,nan,nan
8.6980824636e-05,1.2530320554e-04,-1.1848977050e+01,4.5510904309e+00,-2.0043043800e+01,1.0643186749e+01,-9.8011636907e+00,-2.2090857159e+01,9.2282590944e-05,2.2090873080e+01,0.0000000000e+00,nan,nan,nan,nan,nan,nan
1.1199753638e-04,1.3307991649e-04,-1.1058355117e+01,-5.3936146988e-01,-1.7068272671e+01,5.2860605823e+00,-1.1011405394e+01,-1.7115222394e+01,-1.7479708298e-06,1.7115222393e+01,0.0000000000e+00,nan,nan,nan,nan,nan,nan
9.9338926623e-05,1.2936335096e-04,-1.3732448456e+01,2.3414555920e+00,-2.0126617707e+01,6.8300534657e+00,-1.2986199875e+01,-2.0872866289e+01,-5.6908567004e-06,2.0872866527e+01,0.0000000000e+00,nan,nan,nan,nan,nan,nan
1.2520851515e-04,1.3657692124e-04,-8.4606853590e+00,-1.4546723362e+00,-1.6923778441e+01,7.7553794030e+00,-8.2146615140e+00,-1.7169802286e+01,2.7738739850e-06,1.7169802286e+01,0.0000000000e+00,nan,nan,nan,nan,nan,nan
3.0367153961e-04,5.8474185213e-05,-2.1131759825e+00,-9.5234583168e+00,-7.5830243097e+00,1.7159779837e+01,5.0591033621e+00,-1.4755303654e+01,5.0591033739e+00,1.4755303654e+01,0.0000000000e+00,nan,nan,nan,nan,nan,nan
1.9503342651e-04,1.3185030564e-04,-3.3512340865e+00,-4.9850507297e+00,-1.2702347653e+01,1.1837428137e+01,-1.1924485485e+00,-1.4861133191e+01,1.1273342000e-02,1.4861133191e+01,0.0000000000e+00,nan,nan,nan,nan,nan,nan
9.8219828595e-05,1.0958672768e-04,-6.1264636173e+00,3.1916554362e+00,-2.2058756945e+01,1.4875518922e+01,-5.5042254273e+00,-2.2680995135e+01,-1.6587254093e-04,2.2680995134e+01,0.0000000000e+00,nan,nan,nan,nan,nan,nan
-1.3562771066e-04,9.4905960357e-05,1.1096330123e+01,1.2517598878e+01,-3.1375444579e+01,4.2694133884e+01,1.4509912463e+01,-3.4789026919e+01,1.4509920475e+01,3.4789026919e+01,0.0000000000e+00,nan,nan,nan,nan,nan,nan
-1.8515995288e-04,3.9878934390e-05,1.0135049143e+02,3.0136821500e+01,-3.6578472578e+01,1.3035465866e+02,1.0764630670e+02,-4.2874287841e+01,1.0764630670e+02,4.2874287841e+01,0.0000000000e+00,nan,nan,nan,nan,nan,nan
2.0288815831e-04,1.3426736636e-04,-2.4799306537e+00,-5.5403145504e+00,-1.2111944334e+01,1.2714491578e+01,4.4777641535e-02,-1.4636652629e+01,1.9637833778e-02,1.4636652629e+01,0.0000000000e+00,nan,nan,nan,nan,nan,nan
-1.8454428061e-04,8.2380196577e-05,1.7244508251e+01,2.1355928935e+01,-2.7874231003e+01,5.3802627885e+01,2.5748100317e+01,-3.6377823069e+01,2.5748100318e+01,3.6377823069e+01,0.0000000000e+00,nan,nan,nan,nan,nan,nan
1.6931227378e-04,1.0485027562e-04,-7.8373006435e+00,-1.0256182941e+00,-1.6870696334e+01,8.0252905757e+00,-7.7205948141e+00,-1.6987402163e+01,-4.2550128428e-06,1.6987402163e+01,0.0000000000e+00,nan,nan,nan,nan,nan,nan
-1.9821239526e-04,7.3424126399e-05,2.6373056446e+01,2.5734668146e+01,-2.6893049559e+01,6.4143506737e+01,3.6773274325e+01,-3.7293267438e+01,3.6773274325e+01,3.7293267438e+01,0.0000000000e+00,nan,nan,nan,nan,nan,nan
-1.1303355730e-04,6.8707826676e-05,4.7587060088e+01,1.0262314621e+01,-3.8022192446e+01,7.6239413632e+01,4.8799279805e+01,-3.9234412162e+01,4.8799279805e+01,3.9234412162e+01,0.0000000000e+00,nan,nan,nan,nan,nan,nan
-1.6365582538e-04,7.6541293728e-05,3.0232610200e+01,1.9600003096e+01,-3.1472365421e+01,6.3307478579e+01,3.5930712189e+01,-3.7170467410e+01,3.5930712189e+01,3.7170467410e+01,0.0000000000e+00,nan,nan,nan,nan,nan,nan
-1.5886300013e-04,2.9253746234e-05,1.3103921645e+02,2.2854394344e+01,-4.3352207477e+01,1.5612735712e+02,1.3398367615e+02,-4.6296667173e+01,1.3398367615e+02,4.6296667173e+01,0.0000000000e+00,nan,nan,nan,nan,nan,nan
5.4527028802e-05,3.1008154043e-06,2.2036086577e+02,-2.1465074196e+01,-3.0508217838e+01,2.2041528280e+02,2.2218314682e+02,-3.2330498892e+01,2.2218314682e+02,3.2330498892e+01,0.0000000000e+00,nan,nan,nan,nan,nan,nan
3.6217939208e-04,4.3869028668e-05,-3.8928718350e+00,-1.3176479070e+01,7.6397139997e+00,2.4903629896e+01,1.6251538507e+01,-1.2504696342e+01,1.6251538507e+01,1.2504696400e+01,0.0000000000e+00,nan,nan,nan,nan,nan,nan
6.2411164876e-05,3.1148468022e-06,2.2345635679e+02,-2.3802244967e+01,-2.8068937980e+01,2.2169208342e+02,2.2568769345e+02,-3.0300274634e+01,2.2568769345e+02,3.0300274634e+01,0.0000000000e+00,nan,nan,nan,nan,nan,nan
2.1462652650e-04,1.0468167863e-04,-4.8234840275e+00,-4.4718440778e+00,-1.3161108345e+01,1.0587617211e+01,-2.8795325395e+00,-1.5105059833e+01,1.9086028838e-05,1.5105059833e+01,0.0000000000e+00,nan,nan,nan,nan,nan,nan
2.6327086853e-04,1.6937756784e-05,2.4567297725e+01,-1.7864982230e+01,-1.1944264321e+01,4.4237212243e+01,3.1851883099e+01,-1.9228849695e+01,3.1851882348e+01,1.9228849695e+01,0.0000000000e+00,nan,nan,nan,nan,nan,nan
3.1772948593e-05,9.5856962732e-05,1.0414713693e+01,-9.5782041644e-01,-2.9061192125e+01,3.4220746220e+01,1.0434117826e+01,-2.9080596258e+01,1.0433263783e+01,2.9080596258e+01,0.0000000000e+00,nan,nan,nan,nan,nan,nan
-1.1711317882e-04,9.5990022471e-05,1.1242703441e+01,9.6223267248e+00,-3.2571468397e+01,4.1441194293e+01,1.3261702202e+01,-3.4590467158e+01,1.3261696044e+01,3.4590467158e+01,0.0000000000e+00,nan,nan,nan,nan,nan,nan
-2.2743483689e-04,3.0676792047e-05,1.2693546407e+02,4.3723471272e+01,-2.8954994954e+01,1.5479115767e+02,1.3835895111e+02,-4.0378481990e+01,1.3835895111e+02,4.0378481990e+01,0.0000000000e+00,nan,nan,nan,nan,nan,nan
1.0330810998e-04,9.9805803597e-05,-2.8807395217e+00,2.0681298933e+00,-2.2573950816e+01,1.7434846923e+01,-2.6613316044e+00,-2.2793358733e+01,1.7354076203e-03,2.2793358733e+01,0.0000000000e+00,nan,nan,nan,nan,nan,nan
1.5763578563e-04,1.4072318434e-04,-4.6100996129e+00,-2.6890242795e+00,-1.5453475453e+01,1.0478236322e+01,-3.9821749719e+00,-1.6081400094e+01,1.6597723378e-03,1.6081400094e+01,0.0000000000e+00,nan,nan,nan,nan,nan,nan
-1.9356283850e-04,5.4977487554e-05,6.2854944494e+01,3.0060491897e+01,-3.1079041896e+01,9.6581785793e+01,7.1649471325e+01,-3.9873568728e+01,7.1649471325e+01,3.9873568728e+01,0.0000000000e+00,nan,nan,nan,nan,nan,nan
-9.0149635716e-05,9.7126183850e-05,1.0326146283e+01,5.1806636182e+00,-3.3960308512e+01,3.9387235761e+01,1.0923150055e+01,-3.4557312284e+01,1.0923353319e+01,3.4557312285e+01,0.0000000000e+00,nan,nan,nan,nan,nan,nan
-8.0890713494e-05,1.0912563095e-04,-2.5644030189e+00,4.2410847034e+00,-3.2497023259e+01,2.6940356911e+01,-1.9766908239e+00,-3.3084735454e+01,4.5128691520e-03,3.3084735454e+01,0.0000000000e+00,nan,nan,nan,nan,nan,nan
1.9273342784e-04,8.7598517042e-05,-6.5600677264e+00,-1.5331510243e+00,-1.6650736099e+01,9.1305302126e+00,-6.3338878366e+00,-1.6876915989e+01,1.9935999789e-04,1.6876915989e+01,0.0000000000e+00,nan,nan,nan,nan,nan,nan
2.5476379191e-04,1.1860641366e-04,-2.5163324843e+00,-7.1806172123e+00,-9.5756233858e+00,1.3858033432e+01,1.9549613972e+00,-1.4046917267e+01,1.9549767492e+00,1.4046917267e+01,0.0000000000e+00,nan,nan,nan,nan,nan,nan
9.5553002972e-05,1.4120949228e-04,-1.0460774565e+01,-1.7525375471e+00,-1.8656779414e+01,7.7171828610e+00,-1.0103259387e+01,-1.9014294592e+01,1.2055162403e-03,1.9014283627e+01,0.0000000000e+00,nan,nan,nan,nan,nan,nan
-8.6386968392e-05,9.1098858421e-05,1.7275846611e+01,4.4388267118e+00,-3.5195806741e+01,4.6086208199e+01,1.7647904644e+01,-3.5567864775e+01,1.7647901545e+01,3.5567864775e+01,0.0000000000e+00,nan,nan,nan,nan,nan,nan
1.8139325750e-04,8.7690000610e-05,-6.1387562749e+00,-1.5952780289e+00,-1.6758193396e+01,9.6050595359e+00,-5.9029911268e+00,-1.6993958544e+01,-1.0593872846e-03,1.6993958544e+01,0.0000000000e+00,nan,nan,nan,nan,nan,nan
-1.9899924332e-04,5.3396180181e-05,6.5188167632e+01,3.1666793078e+01,-3.0348694195e+01,9.9263388429e+01,7.4729480748e+01,-3.9890007311e+01,7.4729480748e+01,3.9890007312e+01,0.0000000000e+00,nan,nan,nan,nan,nan,nan
-1.0862091148e-04,1.0581774703e-04,1.4821155284e+00,8.0920459239e+00,-3.1634171486e+01,3.1918731720e+01,3.3522603721e+00,-3.3504316330e+01,3.3622586447e+00,3.3504316330e+01,0.0000000000e+00,nan,nan,nan,nan,nan,nan
-2.1640817222e-04,2.6810350761e-05,1.4172769085e+02,4.0227858481e+01,-3.3647471777e+01,1.6709572963e+02,1.5051287401e+02,-4.2432654945e+01,1.5051287401e+02,4.2432654945e+01,0.0000000000e+00,nan,nan,nan,nan,nan,nan
2.9454969309e-04,3.2078385207e-05,-1.4820923968e+00,-8.2087411900e+00,-1.1384097076e+01,1.6602445111e+01,3.1523314175e+00,-1.6018520890e+01,3.1523316498e+00,1.6018520890e+01,0.0000000000e+00,nan,nan,nan,nan,nan,nan
-1.7147187198e-04,6.7180777993e-05,4.3621160485e+01,2.2809930807e+01,-3.2178116408e+01,7.6613822384e+01,4.9954533015e+01,-3.8511488938e+01,4.9954533015e+01,3.8511488938e+01,0.0000000000e+00,nan,nan,nan,nan,nan,nan
2.6530594202e-04,6.2682135966e-05,-2.9848263431e+00,-6.4591320148e+00,-1.2119565356e+01,1.3700079399e+01,3.5754867975e-01,-1.5461940379e+01,3.5218556797e-01,1.5461940379e+01,0.0000000000e+00,nan,nan,nan,nan,nan,nan
2.5321145295e-04,8.1692534559e-05,-3.5373270684e+00,-6.1579436381e+00,-1.1769145110e+01,1.2827603756e+01,-2.4721560742e-01,-1.5059256571e+01,-2.8185235996e-02,1.5059256571e+01,0.0000000000e+00,nan,nan,nan,nan,nan,nan
-1.4851607164e-04,6.7950785367e-05,4.5832748181e+01,1.7933214774e+01,-3.4953904964e+01,7.6546598018e+01,4.9633620580e+01,-3.8754777362e+01,4.9633620580e+01,3.8754777362e+01,0.0000000000e+00,nan,nan,nan,nan,nan,nan
-4.5530730359e-05,3.0527132515e-05,1.2750580288e+02,-2.4524796798e+00,-4.6646606387e+01,1.5087963771e+02,1.2753999770e+02,-4.6680801201e+01,1.2753999770e+02,4.6680801201e+01,0.0000000000e+00,nan,nan,nan,nan,nan,nan
2.8204386730e-04,1.1900351060e-05,2.3117046568e+01,-2.1064679694e+01,-7.2293826377e+00,4.4960539538e+01,3.3901811570e+01,-1.8014147640e+01,3.3901811700e+01,1.8014147640e+01,0.0000000000e+00,nan,nan,nan,nan,nan,nan
-1.7527231771e-04,5.4038256077e-05,6.8233342160e+01,2.5899936430e+01,-3.4519522621e+01,9.9652253967e+01,7.4391165422e+01,-4.0677345884e+01,7.4391165422e+01,4.0677345884e+01,0.0000000000e+00,nan,nan,nan,nan,nan,nan
2.2746054385e-04,6.8682632722e-05,-4.5442700210e+00,-3.5867205570e+00,-1.4972840664e+01,1.0959935509e+01,-3.4308336260e+00,-1.6086277059e+01,-8.5405952583e-04,1.6086277059e+01,0.0000000000e+00,nan,nan,nan,nan,nan,nan
2.0524471680e-04,7.3573236370e-05,-5.5271026181e+00,-2.0934303089e+00,-1.6514486960e+01,1.0182025063e+01,-5.1421998778e+00,-1.6899389700e+01,-3.1668887832e-03,1.6899389700e+01,0.0000000000e+00,nan,nan,nan,nan,nan,nan
2.1149784174e-04,1.4413859296e-04,-5.2466571728e-01,-6.1771138506e+00,-1.1308785606e+01,1.4201132780e+01,2.2823021713e+00,-1.4115753495e+01,2.2821927340e+00,1.4115753495e+01,0.0000000000e+00,nan,nan,nan,nan,nan,nan
-2.6601150409e-04,4.0588401743e-05,7.6686682394e+01,4.6660920904e+01,-1.1131621433e+01,1.1097068271e+02,9.6846484016e+01,-3.1291423055e+01,9.6846484016e+01,3.1291423055e+01,0.0000000000e+00,nan,nan,nan,nan,nan,nan
1.1450959368e-04,7.2113765726e-05,1.1534508253e+01,-2.0317328371e+00,-2.2788057737e+01,2.9935394681e+01,1.1656433435e+01,-2.2909982919e+01,1.1656416327e+01,2.2909982919e+01,0.0000000000e+00,nan,nan,nan,nan,nan,nan
-1.5375055914e-04,1.0034353175e-04,3.1148963002e+00,1.4087085405e+01,-2.9210746872e+01,3.7133270166e+01,8.3909782400e+00,-3.4486828812e+01,8.3902861372e+00,3.4486828812e+01,0.0000000000e+00,nan,nan,nan,nan,nan,nan
1.5991829816e-04,9.1243054830e-05,-5.0351357391e+00,-1.7894235664e+00,-1.6750220638e+01,1.0612467906e+01,-4.7655669867e+00,-1.7019789391e+01,2.3927398026e-03,1.7019789391e+01,0.0000000000e+00,nan,nan,nan,nan,nan,nan
-1.5790088521e-04,6.2662971159e-05,5.3747603937e+01,2.0644486854e+01,-3.4981518442e+01,8.4751948091e+01,5.8314602792e+01,-3.9548517297e+01,5.8314602792e+01,3.9548517297e+01,0.0000000000e+00,nan,nan,nan,nan,nan,nan
-1.4942936014e-04,3.0804093577e-05,1.2640302332e+02,2.0421172275e+01,-4.3948262958e+01,1.5170797249e+02,1.2881601894e+02,-4.6361258578e+01,1.2881601894e+02,4.6361258578e+01,0.0000000000e+00,nan,nan,nan,nan,nan,nan
-2.5210706242e-04,4.4648788961e-05,7.0308363176e+01,4.4465905532e+01,-1.6824066728e+01,1.0781692048e+02,8.8990276286e+01,-3.5505979837e+01,8.8990276286e+01,3.5505979837e+01,0.0000000000e+00,nan,nan,nan,nan,nan,nan
2.6381282541e-04,5.5309906160e-05,-2.9234043640e+00,-6.0794997787e+00,-1.2896328690e+01,1.3616954075e+01,-4.8114426228e-02,-1.5771618628e+01,-2.3968181293e-02,1.5771618628e+01,0.0000000000e+00,nan,nan,nan,nan,nan,nan
2.8865281135e-04,2.4360844320e-05,9.5489860987e-01,-8.8475078980e+00,-1.2531790527e+01,1.9293323457e+01,5.3505595329e+00,-1.6927451450e+01,5.3505595017e+00,1.6927451450e+01,0.0000000000e+00,nan,nan,nan,nan,nan,nan
2.2585964681e-04,6.1307775567e-05,-4.6116698964e+00,-3.0790161913e+00,-1.5803217835e+01,1.1059707833e+01,-3.8221185714e+00,-1.6592769160e+01,4.6739213357e-02,1.6592769160e+01,0.0000000000e+00,nan,nan,nan,nan,nan,nan
3.4514444166e-04,2.6261468514e-05,-4.3522534238e-01,-1.3657740634e+01,-3.4909939505e-01,2.3650977773e+01,1.3262736015e+01,-1.4047060753e+01,1.3262736015e+01,1.4047060760e+01,0.0000000000e+00,nan,nan,nan,nan,nan,nan
3.4906733559e-04,2.6534448966e-05,-4.5765227651e-01,-1.4067721431e+01,1.2893687003e+00,2.4407523600e+01,1.4507548532e+01,-1.3675832109e+01,1.4507548532e+01,1.3675832109e+01,0.0000000000e+00,nan,nan,nan,nan,nan,nan
-1.7676644456e-04,5.7860908663e-05,6.0046713965e+01,2.5641967838e+01,-3.3378587885e+01,9.2294681895e+01,6.6620422477e+01,-3.9952296396e+01,6.6620422477e+01,3.9952296396e+01,0.0000000000e+00,nan,nan,nan,nan,nan,nan
-2.0410211688e-04,2.9937276989e-05,1.3058784012e+02,3.6218052992e+01,-3.5737191229e+01,1.5710602216e+02,1.3813052863e+02,-4.3279879738e+01,1.3813052863e+02,4.3279879738e+01,0.0000000000e+00,nan,nan,nan,nan,nan,nan
2.9191641129e-04,8.2236647639e-05,-2.8404259116e+00,-8.7240630402e+00,-7.6697395241e+00,1.5677311956e+01,3.7962175601e+00,-1.4306382996e+01,3.7962175181e+00,1.4306382996e+01,0.0000000000e+00,nan,nan,nan,nan,nan,nan
2.5162706848e-04,3.6215717718e-05,1.8941737994e+01,-1.3938333467e+01,-1.1614140222e+01,3.5836586577e+01,2.4354061793e+01,-1.7026464021e+01,2.4339733784e+01,1.7026464021e+01,0.0000000000e+00,nan,nan,nan,nan,nan,nan
1.8364216314e-04,1.3181886614e-04,-4.2334025196e+00,-4.2393723878e+00,-1.3488458938e+01,1.0869183076e+01,-2.5856049539e+00,-1.5136256504e+01,4.4032953502e-04,1.5136256504e+01,0.0000000000e+00,nan,nan,nan,nan,nan,nan
-2.6189192503e-04,2.1562315600e-05,1.6125514441e+02,5.6016720220e+01,-1.4912942762e+01,1.8079743483e+02,1.7755454850e+02,-3.1212346844e+01,1.7755454850e+02,3.1212346844e+01,0.0000000000e+00,nan,nan,nan,nan,nan,nan
-2.5816529421e-04,1.5999622441e-05,1.9255117663e+02,5.5548460638e+01,-1.9500673732e+01,2.0731275679e+02,2.0621732739e+02,-3.3166824491e+01,2.0621732739e+02,3.3166824491e+01,0.0000000000e+00,nan,nan,nan,nan,nan,nan
-1.8860451589e-04,2.6303762834e-05,1.4175431413e+02,3.1175578924e+01,-3.9993408549e+01,1.6640057320e+02,1.4695186852e+02,-4.5190962939e+01,1.4695186852e+02,4.5190962939e+01,0.0000000000e+00,nan,nan,nan,nan,nan,nan
2.0701879941e-04,4.5203048003e-05,2.0592638367e+01,-1.0747907637e+01,-1.4145731702e+01,3.5377810767e+01,2.3648841902e+01,-1.7201935238e+01,2.3648943353e+01,1.7201935238e+01,0.0000000000e+00,nan,nan,nan,nan,nan,nan
2.7608144790e-04,5.7542228683e-05,-2.5667705250e+00,-7.2132083380e+00,-1.1400816761e+01,1.4648024646e+01,1.4732473293e+00,-1.5440834615e+01,1.4738656035e+00,1.5440834615e+01,0.0000000000e+00,nan,nan,nan,nan,nan,nan
2.4584970202e-04,1.0910997759e-04,-3.1585602988e+00,-6.6063878210e+00,-1.0640111431e+01,1.3149119693e+01,6.9231192940e-01,-1.4490983659e+01,6.9517499896e-01,1.4490983659e+01,0.0000000000e+00,nan,nan,nan,nan,nan,nan
3.6759888672e-04,2.4013174352e-05,-5.5938484774e-01,-1.5720444983e+01,1.0533210103e+01,2.8863796722e+01,2.1651433435e+01,-1.1677608180e+01,2.1651433435e+01,1.1677615089e+01,0.0000000000e+00,nan,nan,nan,nan,nan,nan
-2.3590625089e-04,5.9398556741e-05,3.7968619676e+01,3.5792782613e+01,-2.0554368810e+01,8.0070204561e+01,5.4935679591e+01,-3.7521428724e+01,5.4935679591e+01,3.7521428724e+01,0.0000000000e+00,nan,nan,nan,nan,nan,nan
-2.3444305233e-04,3.4726426669e-05,1.1079502298e+02,4.5068326951e+01,-2.5285351416e+01,1.4135267581e+02,1.2436484121e+02,-3.8855169646e+01,1.2436484121e+02,3.8855169646e+01,0.0000000000e+00,nan,nan,nan,nan,nan,nan
-2.8141956033e-04,3.0363399464e-05,1.0505961706e+02,4.9959896524e+01,1.0977048717e+00,1.2487421242e+02,1.2517482112e+02,-1.9017499189e+01,1.2517482112e+02,1.9017499190e+01,0.0000000000e+00,nan,nan,nan,nan,nan,nan
2.3018153547e-04,4.5551157237e-05,1.3032190845e+01,-1.0168263762e+01,-1.3589892174e+01,2.9032816308e+01,1.6483253646e+01,-1.7040954976e+01,1.6461353729e+01,1.7040954976e+01,0.0000000000e+00,nan,nan,nan,nan,nan,nan
-1.2770654987e-04,2.5811196056e-05,1.3925021175e+02,1.4872123499e+01,-4.6970986100e+01,1.6331552056e+02,1.4042987258e+02,-4.8150646934e+01,1.4042987258e+02,4.8150646934e+01,0.0000000000e+00,nan,nan,nan,nan,nan,nan
2.3503216305e-04,8.8299745251e-05,-4.2308421160e+00,-5.0923023717e+00,-1.2793805924e+01,1.1521774445e+01,-1.8602244427e+00,-1.5164423597e+01,-1.3677398048e-04,1.5164423597e+01,0.0000000000e+00,nan,nan,nan,nan,nan,nan
2.7941677320e-04,7.6182521770e-05,-2.8240168362e+00,-7.8926984898e+00,-9.5570833756e+00,1.4860820722e+01,2.3893487383e+00,-1.4770448950e+01,2.3893394613e+00,1.4770448950e+01,0.0000000000e+00,nan,nan,nan,nan,nan,nan
2.7192539561e-04,2.0255994359e-05,2.3651550629e+01,-1.9099940586e+01,-9.2404558437e+00,4.3650598682e+01,3.2407232292e+01,-1.7996137506e+01,3.2407237874e+01,1.7996137506e+01,0.0000000000e+00,nan,nan,nan,nan,nan,nan
2.9402732730e-04,9.7574605274e-05,-3.0649775636e+00,-8.6574339937e+00,-6.7236650020e+00,1.5325107963e+01,3.9536339248e+00,-1.3742276490e+01,3.9536339249e+00,1.3742276490e+01,0.0000000000e+00,nan,nan,nan,nan,nan,nan
-2.8542005932e-04,5.4719574290e-05,2.0985525224e+01,3.5902426903e+01,-7.4818935017e+00,6.6867685528e+01,4.5357892101e+01,-3.1854260378e+01,4.5357892101e+01,3.1854260378e+01,0.0000000000e+00,nan,nan,nan,nan,nan,nan
-1.7979387198e-04,5.8016422505e-05,5.9194564633e+01,2.6306328110e+01,-3.2852275211e+01,9.1815484245e+01,6.6180839255e+01,-3.9838549834e+01,6.6180839255e+01,3.9838549834e+01,0.0000000000e+00,nan,nan,nan,nan,nan,nan
-1.2548475307e-04,9.6382197162e-05,1.0347658066e+01,1.0893517136e+01,-3.1928168467e+01,4.1185903196e+01,1.2988437096e+01,-3.4568947497e+01,1.2988428282e+01,3.4568947497e+01,0.0000000000e+00,nan,nan,nan,nan,nan,nan
2.5838871279e-04,3.0981133108e-05,2.4010514599e+01,-1.6807647663e+01,-1.0381418350e+01,4.1645530902e+01,3.0858606601e+01,-1.7229510352e+01,3.0860143120e+01,1.7229510352e+01,0.0000000000e+00,nan,nan,nan,nan,nan,nan
3.1194062640e-04,8.9868886155e-05,-3.4243491054e+00,-9.3904265979e+00,-4.6242100868e+00,1.6296205682e+01,5.3843391411e+00,-1.3432898333e+01,5.3843391411e+00,1.3432898333e+01,0.0000000000e+00,nan,nan,nan,nan,nan,nan
2.7310299259e-04,2.6153168735e-05,2.0391218832e+01,-1.7382333871e+01,-9.0360769717e+00,3.9458988216e+01,2.8459228398e+01,-1.7104086538e+01,2.8459161624e+01,1.7104086538e+01,0.0000000000e+00,nan,nan,nan,nan,nan,nan
-1.8174244170e-04,5.8963680316e-06,2.0782133373e+02,2.5062332367e+01,-4.6803059356e+01,2.2474195580e+02,2.1026396586e+02,-4.9245691495e+01,2.1026396586e+02,4.9245691495e+01,0.0000000000e+00,nan,nan,nan,nan,nan,nan
2.7408818482e-04,1.1676657307e-05,2.4034253393e+01,-2.0242285071e+01,-9.8755902765e+00,4.5728839775e+01,3.3480889512e+01,-1.9322226396e+01,3.3480889446e+01,1.9322226396e+01,0.0000000000e+00,nan,nan,nan,nan,nan,nan
-3.3323626955e-04,1.2755738909e-05,1.1651607239e+02,5.6482741309e+01,6.8523070207e+00,1.3634425489e+02,1.4040258197e+02,-1.7034202557e+01,1.4040258197e+02,1.7034202594e+01,0.0000000000e+00,nan,nan,nan,nan,nan,nan
2.5063251640e-04,4.9262743511e-05,-3.2947404411e+00,-4.6503975738e+00,-1.4624347431e+01,1.2693161284e+01,-1.6311438523e+00,-1.6287944020e+01,1.2706501696e-01,1.6287944020e+01,0.0000000000e+00,nan,nan,nan,nan,nan,nan
6.2995736702e-05,1.0045471543e-04,3.7551019654e+00,3.6745076235e+00,-2.1658026001e+01,2.2916545746e+01,4.2794118372e+00,-2.2182335873e+01,4.2782789806e+00,2.2182335873e+01,0.0000000000e+00,nan,nan,nan,nan,nan,nan
2.2979285424e-04,1.3444467095e-04,-1.5936525226e+00,-6.5563343097e+00,-1.0635689496e+01,1.3793549276e+01,1.8490383784e+00,-1.4078380397e+01,1.8488468648e+00,1.4078380397e+01,0.0000000000e+00,nan,nan,nan,nan,nan,nan
2.9452842719e-04,1.0143505354e-04,-3.0941434978e+00,-8.5973887968e+00,-6.5462981043e+00,1.5187177151e+01,3.9481000151e+00,-1.3588541617e+01,3.9481000155e+00,1.3588541617e+01,0.0000000000e+00,nan,nan,nan,nan,nan,nan
2.9795696632e-04,1.2270559863e-05,1.9086539545e+01,-1.8886394644e+01,-7.2860276152e+00,3.9896763325e+01,2.8934663011e+01,-1.7134151081e+01,2.8934663015e+01,1.7134151081e+01,0.0000000000e+00,nan,nan,nan,nan,nan,nan
2.6237056741e-04,3.1294440295e-05,2.0588465650e+01,-1.5930363364e+01,-1.0389296999e+01,3.8495006947e+01,2.7324686949e+01,-1.7125518298e+01,2.7322076495e+01,1.7125518298e+01,0.0000000000e+00,nan,nan,nan,nan,nan,nan
3.2630218659e-04,8.5059672133e-05,-3.9487789126e+00,-9.8285216187e+00,-2.4452897693e+00,1.7070937219e+01,6.6588758577e+00,-1.3052944540e+01,6.6588758577e+00,1.3052944540e+01,0.0000000000e+00,nan,nan,nan,nan,nan,nan
3.2447573812e-04,4.2933483831e-05,-1.3464710338e+00,-1.1354976078e+01,-4.9169271753e+00,1.9905835148e+01,8.3609401765e+00,-1.4624338386e+01,8.3609401765e+00,1.4624338386e+01,0.0000000000e+00,nan,nan,nan,nan,nan,nan
2.9269694680e-04,6.1991457183e-06,2.2222421040e+01,-2.1661590902e+01,-5.6660563040e+00,4.4621109712e+01,3.4040192072e+01,-1.7483827336e+01,3.4040192072e+01,1.7483827336e+01,0.0000000000e+00,nan,nan,nan,nan,nan,nan
2.8420727444e-04,5.8948847081e-05,-2.3925377507e+00,-7.9376464670e+00,-1.0308833422e+01,1.5361064328e+01,2.5180290386e+00,-1.5219400211e+01,2.5180298183e+00,1.5219400211e+01,0.0000000000e+00,nan,nan,nan,nan,nan,nan
2.5380286269e-04,6.3946741403e-05,-3.4087873003e+00,-5.5491813035e+00,-1.3108510929e+01,1.2762858491e+01,-8.9000932941e-01,-1.5627288900e+01,-2.8186372021e-03,1.5627288900e+01,0.0000000000e+00,nan,nan,nan,nan,nan,nan
2.1619166574e-04,5.2554434707e-05,7.5641061720e+00,-7.7326607482e+00,-1.4606598503e+01,2.3424903180e+01,1.0003127991e+01,-1.7045620322e+01,1.0016194047e+01,1.7045620322e+01,0.0000000000e+00,nan,nan,nan,nan,nan,nan
2.9262853246e-04,1.1620478686e-04,-2.9745256190e+00,-8.1814767003e+00,-6.4453403633e+00,1.4484948334e+01,3.6529558285e+00,-1.3072821811e+01,3.6529558286e+00,1.3072821811e+01,0.0000000000e+00,nan,nan,nan,nan,nan,nan
-2.9283847491e-04,5.3146002120e-05,2.3533081434e+01,3.4938283407e+01,-5.8954176180e+00,6.5617238413e+01,4.6702962169e+01,-2.9065298354e+01,4.6702962169e+01,2.9065298354e+01,0.0000000000e+00,nan,nan,nan,nan,nan,nan
2.3359764140e-04,2.5845653816e-05,2.5800387213e+01,-1.3907647989e+01,-1.3965937155e+01,4.2027172473e+01,3.0181624370e+01,-1.8347174312e+01,3.0181623554e+01,1.8347174312e+01,0.0000000000e+00,nan,nan,nan,nan,nan,nan
-2.9812309378e-04,4.4644926712e-05,5.2013774523e+01,3.2176194056e+01,-1.8538722327e+00,7.2692210632e+01,6.7048818521e+01,-1.6888916231e+01,6.7048818521e+01,1.6888916231e+01,0.0000000000e+00,nan,nan,nan,nan,nan,nan
3.2583921212e-04,8.1090701676e-05,-3.7533224462e+00,-1.0052150824e+01,-2.5575331341e+00,1.7439249104e+01,6.9131273743e+00,-1.3223982955e+01,6.9131273743e+00,1.3223982955e+01,0.0000000000e+00,nan,nan,nan,nan,nan,nan
7.3075962578e-05,1.2012063383e-04,-8.0248083933e+00,5.5354997445e+00,-1.8876668779e+01,1.3462091221e+01,-5.6783965961e+00,-2.1223080577e+01,1.0480739912e-03,2.1223078913e+01,0.0000000000e+00,nan,nan,nan,nan,nan,nan
2.6222171737e-04,4.7989553101e-05,-2.8985442385e+00,-5.6644359638e+00,-1.3700853281e+01,1.3554373994e+01,-4.7407728587e-01,-1.6125320234e+01,-3.1223886590e-02,1.6125320234e+01,0.0000000000e+00,nan,nan,nan,nan,nan,nan
3.3242741919e-04,2.1722365206e-05,-5.9699046581e-01,-1.2029380772e+01,-5.2912850722e+00,2.1224917089e+01,9.3100738261e+00,-1.5198349364e+01,9.3100738261e+00,1.5198349364e+01,0.0000000000e+00,nan,nan,nan,nan,nan,nan
-1.6754916827e-04,7.3992501579e-06,1.9921879112e+02,2.2053670813e+01,-4.8038124394e+01,2.1750996427e+02,2.0116976979e+02,-4.9989103059e+01,2.0116976979e+02,4.9989103059e+01,0.0000000000e+00,nan,nan,nan,nan,nan,nan
2.8820648480e-04,1.1134518660e-04,-2.9200778515e+00,-8.2282786818e+00,-6.9623954297e+00,1.4674524859e+01,3.5311042367e+00,-1.3413577518e+01,3.5311042375e+00,1.3413577518e+01,0.0000000000e+00,nan,nan,nan,nan,nan,nan
2.8512602811e-04,8.8316721094e-05,-2.9168887200e+00,-8.3473187738e+00,-8.1555925088e+00,1.5151982207e+01,3.2117603915e+00,-1.4284241620e+01,3.2117605510e+00,1.4284241620e+01,0.0000000000e+00,nan,nan,nan,nan,nan,nan
9.6165603933e-05,1.2749897099e-04,-1.3563257209e+01,4.0945190347e+00,-2.1113692272e+01,9.6468582110e+00,-1.1768858555e+01,-2.2908090925e+01,-2.2930069024e-06,2.2908091373e+01,0.0000000000e+00,nan,nan,nan,nan,nan,nan
1.3558289050e-04,1.3449017877e-04,-8.2849803775e+00,-1.5905362433e+00,-1.6809685304e+01,7.8837926341e+00,-7.9956230413e+00,-1.7099042640e+01,2.7612843497e-05,1.7099042640e+01,0.0000000000e+00,nan,nan,nan,nan,nan,nan
2.1184453337e-04,6.8323540117e-05,-5.1228397420e+00,-2.4327191426e+00,-1.6352573578e+01,1.0597483093e+01,-4.6192469436e+00,-1.6856166377e+01,-1.3256666718e-02,1.6856166377e+01,0.0000000000e+00,nan,nan,nan,nan,nan,nan
-3.2169986556e-04,2.6628315357e-05,6.8765529221e+01,3.9905674175e+01,1.4488920506e+00,9.0434203224e+01,8.7319422211e+01,-1.7105000939e+01,8.7319422211e+01,1.7105000938e+01,0.0000000000e+00,nan,nan,nan,nan,nan,nan
1.2185773483e-04,1.3482455273e-04,-9.4327050769e+00,-1.1658125484e+00,-1.6988754579e+01,6.8525042559e+00,-9.2544346514e+00,-1.7167025005e+01,-2.0881292254e-05,1.7167025005e+01,0.0000000000e+00,nan,nan,nan,nan,nan,nan
2.5922106178e-04,1.6704456545e-05,2.4842421331e+01,-1.7111421588e+01,-1.2857268420e+01,4.4091243492e+01,3.1448667755e+01,-1.9463514843e+01,3.1448667244e+01,1.9463514843e+01,0.0000000000e+00,nan,nan,nan,nan,nan,nan
-2.7144107261e-04,2.0399694876e-05,1.6367186509e+02,5.8932847104e+01,-7.5800822706e+00,1.8003340841e+02,1.8198822822e+02,-2.5896445401e+01,1.8198822822e+02,2.5896445401e+01,0.0000000000e+00,nan,nan,nan,nan,nan,nan
3.4907253563e-04,5.7876265975e-05,-3.9409328655e+00,-1.1875468940e+01,2.6872091701e+00,2.1349785163e+01,1.1699442363e+01,-1.2953166059e+01,1.1699442363e+01,1.2953166059e+01,0.0000000000e+00,nan,nan,nan,nan,nan,nan
1.4592732022e-04,1.2456440248e-04,-9.2505023789e+00,-1.1419770978e+00,-1.6855191230e+01,6.8779110270e+00,-9.0818830214e+00,-1.7023810587e+01,4.7105791384e-07,1.7023810587e+01,0.0000000000e+00,nan,nan,nan,nan,nan,nan
2.8045122187e-04,4.0584074916e-05,-2.0914295394e+00,-7.0802412743e+00,-1.2433360848e+01,1.5184009894e+01,1.5040970061e+00,-1.6028887393e+01,1.5044095906e+00,1.6028887393e+01,0.0000000000e+00,nan,nan,nan,nan,nan,nan
-3.6620770507e-04,3.4720041930e-06,9.0246409711e+01,5.9937023933e+01,1.4761403867e+01,1.2262006399e+02,1.2329863374e+02,-1.8290820165e+01,1.2329863374e+02,1.8290768116e+01,0.0000000000e+00,nan,nan,nan,nan,nan,nan
-1.6697235961e-04,6.3077323825e-05,5.1670587061e+01,2.2583785563e+01,-3.3678228446e+01,8.3624371751e+01,5.7276732848e+01,-3.9284374234e+01,5.7276732848e+01,3.9284374234e+01,0.0000000000e+00,nan,nan,nan,nan,nan,nan
2.7540890683e-04,7.5413886274e-05,-2.8855442223e+00,-7.5948911437e+00,-1.0058925993e+01,1.4546465362e+01,1.9261705847e+00,-1.4870640800e+01,1.9261650501e+00,1.4870640800e+01,0.0000000000e+00,nan,nan,nan,nan,nan,nan
2.7712480773e-04,4.3565867399e-05,-2.2509110124e+00,-6.8726701509e+00,-1.2534321763e+01,1.4864213519e+01,1.1892412886e+00,-1.5974474064e+01,1.1874199548e+00,1.5974474064e+01,0.0000000000e+00,nan,nan,nan,nan,nan,nan
2.8535015979e-04,2.7365878648e-05,-1.0684668528e+00,-7.5686203463e+00,-1.2927001836e+01,1.6663866131e+01,2.6231532520e+00,-1.6618621941e+01,2.6231611558e+00,1.6618621941e+01,0.0000000000e+00,nan,nan,nan,nan,nan,nan
-3.4337510957e-04,2.2526371930e-05,5.6973013982e+01,3.4588320292e+01,-6.7226208893e-01,7.7972333619e+01,7.3167723751e+01,-1.6866971858e+01,7.3167723751e+01,1.6866971830e+01,0.0000000000e+00,nan,nan,nan,nan,nan,nan
2.5844880196e-04,9.0087217897e-05,-3.3148087609e+00,-6.7897870907e+00,-1.0726113542e+01,1.3396732960e+01,7.1414622974e-01,-1.4755068532e+01,7.1507012936e-01,1.4755068532e+01,0.0000000000e+00,nan,nan,nan,nan,nan,nan
2.8133989124e-04,1.1731846141e-04,-2.6823417945e+00,-7.9613904297e+00,-7.4753023360e+00,1.4399891417e+01,3.2349591205e+00,-1.3392603251e+01,3.2349591172e+00,1.3392603251e+01,0.0000000000e+00,nan,nan,nan,nan,nan,nan
-1.4467003083e-04,2.9138008749e-05,1.3079505342e+02,1.9146139637e+01,-4.4830441492e+01,1.5566810199e+02,1.3285732655e+02,-4.6892714628e+01,1.3285732655e+02,4.6892714628e+01,0.0000000000e+00,nan,nan,nan,nan,nan,nan
2.5658931793e-04,7.8819941494e-05,-3.4210173033e+00,-6.3075376044e+00,-1.1679447257e+01,1.3056367048e+01,-1.2135250404e-02,-1.5088329310e+01,-8.4272245538e-03,1.5088329310e+01,0.0000000000e+00,nan,nan,nan,nan,nan,nan
-3.3446562508e-04,2.3733967995e-05,5.8455069738e+01,3.5192602525e+01,-5.8306193918e-01,7.9565839834e+01,7.4873362946e+01,-1.7001355147e+01,7.4873362946e+01,1.7001355118e+01,0.0000000000e+00,nan,nan,nan,nan,nan,nan
-3.6073266665e-04,1.4256180336e-05,6.7124827441e+01,4.5795722907e+01,1.1265959331e+01,9.2874450655e+01,9.2816482472e+01,-1.4425695701e+01,9.2816482472e+01,1.4425829429e+01,0.0000000000e+00,nan,nan,nan,nan,nan,nan
-3.0865709985e-04,1.1860040471e-05,1.8208440155e+02,7.1392154854e+01,8.5430874039e+00,1.9461729365e+02,2.0767609136e+02,-1.7048602399e+01,2.0767609136e+02,1.7048602399e+01,0.0000000000e+00,nan,nan,nan,nan,nan,nan
2.8536549768e-04,4.4870192595e-05,-2.0292995355e+00,-7.6848106573e+00,-1.1406588588e+01,1.5590135989e+01,2.2830251480e+00,-1.5718913272e+01,2.2830471898e+00,1.5718913272e+01,0.0000000000e+00,nan,nan,nan,nan,nan,nan
1.1202512313e-04,1.2955774324e-04,-1.1354723142e+01,-1.4418997086e-01,-1.7077601933e+01,4.9749318482e+00,-1.1343884296e+01,-1.7088440779e+01,-1.6765886911e-06,1.7088440781e+01,0.0000000000e+00,nan,nan,nan,nan,nan,nan
-1.5020017299e-04,5.3178864502e-05,7.2873160343e+01,1.9870125510e+01,-3.8142548840e+01,1.0211500748e+02,7.6321432810e+01,-4.1590821308e+01,7.6321432810e+01,4.1590821308e+01,0.0000000000e+00,nan,nan,nan,nan,nan,nan
1.5935153877e-04,8.7711798298e-05,-3.8710107976e+00,-2.2437568661e+00,-1.6641205983e+01,1.1726547091e+01,-3.4857832704e+00,-1.7026433510e+01,7.8061103392e-04,1.7026433510e+01,0.0000000000e+00,nan,nan,nan,nan,nan,nan
2.6244391159e-04,9.0955344431e-05,-3.2023741805e+00,-7.0656290633e+00,-1.0312309637e+01,1.3698783800e+01,1.1516546061e+00,-1.4666338423e+01,1.1521050533e+00,1.4666338423e+01,0.0000000000e+00,nan,nan,nan,nan,nan,nan
3.1376791139e-04,4.8942775109e-05,-1.6608398002e+00,-1.0345583040e+01,-6.6192648691e+00,1.8423920541e+01,6.4970031495e+00,-1.4777107819e+01,6.4970031500e+00,1.4777107819e+01,0.0000000000e+00,nan,nan,nan,nan,nan,nan
3.0703948536e-04,5.5321331684e-05,-1.9714283274e+00,-9.7852744650e+00,-7.2813534741e+00,1.7559175297e+01,5.5114036840e+00,-1.4764185484e+01,5.5114036793e+00,1.4764185484e+01,0.0000000000e+00,nan,nan,nan,nan,nan,nan
3.6662531361e-04,1.5922730269e-05,1.3269091342e+00,-1.5602039601e+01,9.0564244657e+00,2.7834722402e+01,2.1262051271e+01,-1.0878717671e+01,2.1262051271e+01,1.0878731042e+01,0.0000000000e+00,nan,nan,nan,nan,nan,nan
5.8000934077e-05,1.0105495135e-04,4.6735747017e+00,4.2270565272e+00,-2.1503669380e+01,2.3826681408e+01,5.3412935858e+00,-2.2171388264e+01,5.3415683880e+00,2.2171388264e+01,0.0000000000e+00,nan,nan,nan,nan,nan,nan
3.3514492038e-04,3.6661743717e-05,-1.0362050387e+00,-1.2493383164e+01,-2.7013089890e+00,2.1683031206e+01,1.0649946890e+01,-1.4387460917e+01,1.0649946890e+01,1.4387460917e+01,0.0000000000e+00,nan,nan,nan,nan,nan,nan
-2.5207296197e-04,2.1022292052e-05,1.6607608807e+02,5.2956619178e+01,-2.1349518573e+01,1.8643308938e+02,1.8000047909e+02,-3.5273909593e+01,1.8000047909e+02,3.5273909593e+01,0.0000000000e+00,nan,nan,nan,nan,nan,nan
9.6078364475e-05,1.2413956264e-04,-1.1866155850e+01,4.1189737083e+00,-2.0961919204e+01,1.0657418398e+01,-1.0260974147e+01,-2.2567100908e+01,-9.9091712301e-07,2.2567100951e+01,0.0000000000e+00,nan,nan,nan,nan,nan,nan
3.1145074197e-04,8.5967659403e-05,-3.2932084112e+00,-9.5185330922e+00,-4.7996464783e+00,1.6536421642e+01,5.5008800418e+00,-1.3593734931e+01,5.5008800417e+00,1.3593734931e+01,0.0000000000e+00,nan,nan,nan,nan,nan,nan
1.4566677966e-04,1.2081457352e-04,-9.4210688087e+00,-8.8491352416e-01,-1.6920409432e+01,6.6755859643e+00,-9.3165877668e+00,-1.7024890474e+01,-1.9722945783e-07,1.7024890474e+01,0.0000000000e+00,nan,nan,nan,nan,nan,nan
-9.4919035125e-05,1.0534126529e-04,1.8180119252e+00,6.1238831153e+00,-3.2417106878e+01,3.1486365092e+01,2.8791138854e+00,-3.3478208838e+01,2.9207048632e+00,3.3478208838e+01,0.0000000000e+00,nan,nan,nan,nan,nan,nan
2.7695104723e-04,1.1259014051e-04,-2.7283196149e+00,-7.9155673936e+00,-7.9872651292e+00,1.4446083776e+01,2.9826579847e+00,-1.3698242729e+01,2.9826579384e+00,1.3698242729e+01,0.0000000000e+00,nan,nan,nan,nan,nan,nan
-1.8158389573e-04,9.0481459245e-05,7.8278595002e+00,1.8833836265e+01,-2.7430532285e+01,4.4679717244e+01,1.5994510386e+01,-3.5597183171e+01,1.5994510665e+01,3.5597183171e+01,0.0000000000e+00,nan,nan,nan,nan,nan,nan
2.7323293334e-04,8.5916019542e-05,-3.0048865046e+00,-7.6376277523e+00,-9.5831652839e+00,1.4402227844e+01,2.0211042283e+00,-1.4609156017e+01,2.0211397968e+00,1.4609156017e+01,0.0000000000e+00,nan,nan,nan,nan,nan,nan
-7.5652123320e-05,1.0495814279e-04,1.2755599420e+00,3.1560709913e+00,-3.3348913776e+01,3.0477823554e+01,1.5597027162e+00,-3.3633056550e+01,1.4768147058e+00,3.3633056550e+01,0.0000000000e+00,nan,nan,nan,nan,nan,nan
4.9339425600e-05,8.7200165914e-05,1.4778788145e+01,5.7278330455e-01,-2.2475905067e+01,3.2280165743e+01,1.4788403920e+01,-2.2485520842e+01,1.4788404070e+01,2.2485520842e+01,0.0000000000e+00,nan,nan,nan,nan,nan,nan
-7.6780684404e-05,5.0415586313e-05,8.1882989220e+01,3.2019695676e+00,-4.3553338997e+01,1.0877170039e+02,8.1964195611e+01,-4.3634545389e+01,8.1964195611e+01,4.3634545389e+01,0.0000000000e+00,nan,nan,nan,nan,nan,nan
-3.7244916424e-04,7.6743689247e-06,7.4951665899e+01,5.6534041590e+01,2.2949728899e+01,1.0773330730e+02,1.1115055137e+02,-1.3249156570e+01,1.1115055137e+02,1.3241675853e+01,0.0000000000e+00,nan,nan,nan,nan,nan,nan
2.8350526405e-04,5.5245205793e-05,-2.3214063616e+00,-7.7920769908e+00,-1.0711832899e+01,1.5326072311e+01,2.3318923442e+00,-1.5365131605e+01,2.3319309930e+00,1.5365131605e+01,0.0000000000e+00,nan,nan,nan,nan,nan,nan
-2.1258261233e-04,3.5453812497e-05,1.1201057392e+02,3.8587551571e+01,-3.1911945394e+01,1.4142587107e+02,1.2170157900e+02,-4.1602950466e+01,1.2170157900e+02,4.1602950466e+01,0.0000000000e+00,nan,nan,nan,nan,nan,nan
-1.8507361761e-04,2.6260134304e-05,1.4160860540e+02,3.0101902708e+01,-4.0605128798e+01,1.6618971526e+02,1.4645141514e+02,-4.5447938543e+01,1.4645141514e+02,4.5447938543e+01,0.0000000000e+00,nan,nan,nan,nan,nan,nan
-1.2667589012e-04,1.0464892509e-04,1.9368658695e+00,1.0510155623e+01,-3.0707766838e+01,3.3622720892e+01,5.0266364734e+00,-3.3797537442e+01,5.0241653281e+00,3.3797537442e+01,0.0000000000e+00,nan,nan,nan,nan,nan,nan
1.5558691632e-04,8.6547843743e-05,-2.8428451036e+00,-2.5813669057e+00,-1.6560818487e+01,1.2697919423e+01,-2.3706845998e+00,-1.7032978993e+01,2.7267556159e-02,1.7032978993e+01,0.0000000000e+00,nan,nan,nan,nan,nan,nan
-2.4053013730e-04,1.5559341604e-05,1.9185515004e+02,4.7863933711e+01,-2.9397873593e+01,2.0877127225e+02,2.0176278846e+02,-3.9305512008e+01,2.0176278846e+02,3.9305512008e+01,0.0000000000e+00,nan,nan,nan,nan,nan,nan
-2.2179217599e-04,3.4037793880e-05,1.1559362685e+02,4.1553237419e+01,-2.9726581993e+01,1.4497361567e+02,1.2663407846e+02,-4.0767033605e+01,1.2663407846e+02,4.0767033605e+01,0.0000000000e+00,nan,nan,nan,nan,nan,nan
3.6135853170e-04,7.9996602189e-06,1.1387723520e+00,-1.3719907773e+01,5.2727312478e+00,2.4029897301e+01,1.7079419475e+01,-1.0667915875e+01,1.7079419475e+01,1.0667912482e+01,0.0000000000e+00,nan,nan,nan,nan,nan,nan
-1.6396105644e-04,6.2932186298e-05,5.2402807399e+01,2.1947657743e+01,-3.4125814853e+01,8.4024688528e+01,5.7650172813e+01,-3.9373180268e+01,5.7650172813e+01,3.9373180268e+01,0.0000000000e+00,nan,nan,nan,nan,nan,nan
3.5678408188e-04,2.7106469686e-05,-6.4499969212e-01,-1.4762628723e+01,4.8514819909e+00,2.6002354782e+01,1.7115707682e+01,-1.2909225383e+01,1.7115707682e+01,1.2909225531e+01,0.0000000000e+00,nan,nan,nan,nan,nan,nan
-7.2896485843e-05,1.0493086702e-04,1.1095283918e+00,2.7211979643e+00,-3.3466725343e+01,3.0310588933e+01,1.3212282041e+00,-3.3678425155e+01,1.1842302815e+00,3.3678425155e+01,0.0000000000e+00,nan,nan,nan,nan,nan,nan
1.2520531321e-04,1.2934634666e-04,-1.0443756061e+01,-6.9698350782e-01,-1.7043344975e+01,5.8441510740e+00,-1.0369428322e+01,-1.7117672714e+01,-1.7527225981e-06,1.7117672714e+01,0.0000000000e+00,nan,nan,nan,nan,nan,nan
1.5008957135e-04,1.5253242131e-04,-1.3136327687e+00,-2.7350023971e+00,-1.5305414534e+01,1.3005338567e+01,-8.0088792858e-01,-1.5818159374e+01,-1.5650637409e-01,1.5818159374e+01,0.0000000000e+00,nan,nan,nan,nan,nan,nan
-2.4872118507e-04,2.0880939014e-05,1.6703025859e+02,5.1754952638e+01,-2.3252671348e+01,1.8758812962e+02,1.8019285076e+02,-3.6415263510e+01,1.8019285076e+02,3.6415263510e+01,0.0000000000e+00,nan,nan,nan,nan,nan,nan
3.3296253316e-04,7.8598140457e-05,-4.0755263427e+00,-1.0247820237e+01,-1.2582724606e+00,1.7913864774e+01,7.6756752478e+00,-1.3009474051e+01,7.6756752478e+00,1.3009474051e+01,0.0000000000e+00,nan,nan,nan,nan,nan,nan
-1.0023628299e-04,9.5383317871e-05,1.2331281172e+01,6.8708478640e+00,-3.3715636241e+01,4.1613975018e+01,1.3333662145e+01,-3.4718017214e+01,1.3333619810e+01,3.4718017214e+01,0.0000000000e+00,nan,nan,nan,nan,nan,nan
-1.3030478183e-04,6.7300200297e-05,4.8706784624e+01,1.4080119744e+01,-3.6936673145e+01,7.8074372399e+01,5.0961315661e+01,-3.9191204182e+01,5.0961315661e+01,3.9191204182e+01,0.0000000000e+00,nan,nan,nan,nan,nan,nan
-2.5302640533e-04,7.2813645339e-05,-6.0840100643e-01,2.7363533893e+01,-1.6971260364e+01,4.9457163061e+01,1.9764275721e+01,-3.7343937092e+01,1.9764275721e+01,3.7343937092e+01,0.0000000000e+00,nan,nan,nan,nan,nan,nan
-2.4894356758e-04,5.2906079718e-05,4.7584283058e+01,4.0064648762e+01,-1.7373218470e+01,8.9325606655e+01,6.6677695342e+01,-3.6466630754e+01,6.6677695342e+01,3.6466630754e+01,0.0000000000e+00,nan,nan,nan,nan,nan,nan
-9.0736315330e-05,5.9268551706e-05,6.4559369511e+01,5.8652820724e+00,-4.1310138301e+01,9.2245785657e+01,6.4882744786e+01,-4.1633513576e+01,6.4882744786e+01,4.1633513576e+01,0.0000000000e+00,nan,nan,nan,nan,nan,nan
1.0306925239e-04,6.6763243912e-05,1.8888589466e+01,-3.5471543281e+00,-2.2537199747e+01,3.6401231077e+01,1.9191955420e+01,-2.2840565701e+01,1.9191955721e+01,2.2840565701e+01,0.0000000000e+00,nan,nan,nan,nan,nan,nan
1.7103096099e-04,7.1432433094e-05,3.1391786308e+00,-5.0822900445e+00,-1.5755021987e+01,1.8586983720e+01,4.4232783762e+00,-1.7039121732e+01,4.4758640224e+00,1.7039121732e+01,0.0000000000e+00,nan,nan,nan,nan,nan,nan
2.7943112178e-04,5.4558867935e-05,-2.4119327354e+00,-7.4200145760e+00,-1.1268769002e+01,1.4964718889e+01,1.7995336103e+00,-1.5480235348e+01,1.7993817566e+00,1.5480235348e+01,0.0000000000e+00,nan,nan,nan,nan,nan,nan
3.2181460535e-04,1.0210370534e-05,-2.1501565535e+00,-1.0532744855e+01,-9.0349026087e+00,1.9189413995e+01,5.4864837548e+00,-1.6671542917e+01,5.4864837548e+00,1.6671542917e+01,0.0000000000e+00,nan,nan,nan,nan,nan,nan
2.5109574385e-04,1.6165486805e-05,2.6340172943e+01,-1.6433814593e+01,-1.3721674963e+01,4.4876406881e+01,3.2218654582e+01,-1.9600156603e+01,3.2218654566e+01,1.9600156603e+01,0.0000000000e+00,nan,nan,nan,nan,nan,nan
-9.0098663550e-05,5.0476291935e-05,8.1365175755e+01,6.0181715237e+00,-4.3225425182e+01,1.0840002562e+02,8.1654659257e+01,-4.3514908685e+01,8.1654659257e+01,4.3514908685e+01,0.0000000000e+00,nan,nan,nan,nan,nan,nan
1.8400289418e-04,8.1548185163e-05,-5.1497448982e+00,-2.0751275585e+00,-1.6639207466e+01,1.0582116764e+01,-4.7848882199e+00,-1.7004064145e+01,-3.4441935621e-03,1.7004064145e+01,0.0000000000e+00,nan,nan,nan,nan,nan,nan
2.6753291189e-04,9.9395766887e-05,-3.0014793838e+00,-7.5097122993e+00,-9.3713672415e+00,1.4127897657e+01,1.9703222025e+00,-1.4343168828e+01,1.9703357587e+00,1.4343168828e+01,0.0000000000e+00,nan,nan,nan,nan,nan,nan
-1.8996090018e-04,6.2525415659e-05,4.8088063983e+01,2.7517392194e+01,-3.0138104996e+01,8.2829123075e+01,5.6796395998e+01,-3.8846437011e+01,5.6796395998e+01,3.8846437011e+01,0.0000000000e+00,nan,nan,nan,nan,nan,nan
-1.3933918271e-04,9.1065119856e-05,1.5006291233e+01,1.3475474725e+01,-3.1639433261e+01,4.6652452649e+01,1.8618235081e+01,-3.5251377109e+01,1.8618235944e+01,3.5251377109e+01,0.0000000000e+00,nan,nan,nan,nan,nan,nan
2.7264063569e-04,8.2143434854e-05,-3.0000857273e+00,-7.5338222268e+00,-9.8877953837e+00,1.4346486631e+01,1.8390073625e+00,-1.4726888474e+01,1.8389864571e+00,1.4726888474e+01,0.0000000000e+00,nan,nan,nan,nan,nan,nan
-3.1194120402e-04,1.2257495523e-05,1.7024503634e+02,6.9337558128e+01,8.6197905065e+00,1.8442729446e+02,1.9591156152e+02,-1.7046734676e+01,1.9591156152e+02,1.7046734676e+01,0.0000000000e+00,nan,nan,nan,nan,nan,nan
-1.6185595533e-04,3.9353345990e-05,1.0386542557e+02,2.3720788577e+01,-4.0265383544e+01,1.3140705040e+02,1.0766791694e+02,-4.4067874905e+01,1.0766791694e+02,4.4067874905e+01,0.0000000000e+00,nan,nan,nan,nan,nan,nan
-1.1780320007e-04,9.2003821639e-05,1.5656461463e+01,9.9273091959e+00,-3.3174228772e+01,4.5648884728e+01,1.7596512232e+01,-3.5114279540e+01,1.7596511790e+01,3.5114279540e+01,0.0000000000e+00,nan,nan,nan,nan,nan,nan
2.8852318209e-04,8.5286235055e-05,-2.8834516205e+00,-8.5304612173e+00,-7.9204430734e+00,1.5404461410e+01,3.4918225949e+00,-1.4295717289e+01,3.4918226337e+00,1.4295717289e+01,0.0000000000e+00,nan,nan,nan,nan,nan,nan
3.2104951425e-04,7.2518126514e-05,-3.0946836102e+00,-1.0352541068e+01,-3.6490535218e+00,1.7935203399e+01,6.9830259445e+00,-1.3726763077e+01,6.9830259445e+00,1.3726763077e+01,0.0000000000e+00,nan,nan,nan,nan,nan,nan
2.6065857001e-04,1.0523545401e-04,-2.9716688045e+00,-7.2542686812e+00,-9.6798811693e+00,1.3842178957e+01,1.6660107601e+00,-1.4317560734e+01,1.6659795142e+00,1.4317560734e+01,0.0000000000e+00,nan,nan,nan,nan,nan,nan
1.5503492514e-04,8.3127910548e-05,-1.0791544905e+00,-3.2487815836e+00,-1.6372165142e+01,1.4395608142e+01,-4.1435157932e-01,-1.7036968052e+01,6.3244955616e-02,1.7036968052e+01,0.0000000000e+00,nan,nan,nan,nan,nan,nan
-9.4580307052e-05,9.5231216823e-05,1.2503815412e+01,5.9101285187e+00,-3.4052607095e+01,4.1596617142e+01,1.3241422263e+01,-3.4790213945e+01,1.3241363750e+01,3.4790213945e+01,0.0000000000e+00,nan,nan,nan,nan,nan,nan
-2.1197022412e-04,7.7371851548e-05,1.4991394078e+01,2.5585181764e+01,-2.4185481396e+01,5.5807872494e+01,2.7623646548e+01,-3.6817733866e+01,2.7623646548e+01,3.6817733866e+01,0.0000000000e+00,nan,nan,nan,nan,nan,nan
1.5778949219e-04,1.5207782493e-04,-6.4334512910e-01,-3.8306620649e+00,-1.4087267889e+01,1.3398287324e+01,3.7019828388e-01,-1.5100811302e+01,2.6396956300e-01,1.5100811302e+01,0.0000000000e+00,nan,nan,nan,nan,nan,nan
-6.7279126843e-05,1.0899034940e-04,-3.5913379437e+00,2.2032055906e+00,-3.3062494821e+01,2.5803999327e+01,-3.4289704243e+00,-3.3224862340e+01,3.9698026177e-02,3.3224862340e+01,0.0000000000e+00,nan,nan,nan,nan,nan,nan
3.0615642311e-04,1.0390637235e-04,-3.4530087836e+00,-8.7616081489e+00,-5.1428351528e+00,1.5244605014e+01,4.5035548405e+00,-1.3099398777e+01,4.5035548405e+00,1.3099398777e+01,0.0000000000e+00,nan,nan,nan,nan,nan,nan
2.4704711180e-04,1.5877594936e-05,2.7840866940e+01,-1.6614241768e+01,-1.3735720299e+01,4.6092544996e+01,3.3664116581e+01,-1.9558969941e+01,3.3664116507e+01,1.9558969941e+01,0.0000000000e+00,nan,nan,nan,nan,nan,nan
3.0323471231e-04,1.1094835496e-04,-3.3685977533e+00,-8.4668988700e+00,-5.4094904219e+00,1.4769942071e+01,4.1383859433e+00,-1.2916474118e+01,4.1383859433e+00,1.2916474118e+01,0.0000000000e+00,nan,nan,nan,nan,nan,nan
2.5616574370e-04,1.0053534594e-04,-3.1890261179e+00,-6.9276932141e+00,-1.0294350912e+01,1.3484212880e+01,1.0434254213e+00,-1.4526802451e+01,1.0431000608e+00,1.4526802451e+01,0.0000000000e+00,nan,nan,nan,nan,nan,nan
-1.9791263503e-04,4.9520283566e-05,7.4654658420e+01,3.2254160357e+01,-3.1502389157e+01,1.0757479908e+02,8.3684473836e+01,-4.0532204573e+01,8.3684473836e+01,4.0532204573e+01,0.0000000000e+00,nan,nan,nan,nan,nan,nan
-1.9860134588e-04,6.3215424685e-05,4.4429519988e+01,2.8979359516e+01,-2.8405635276e+01,8.0607923919e+01,5.4550948930e+01,-3.8527064217e+01,5.4550948930e+01,3.8527064217e+01,0.0000000000e+00,nan,nan,nan,nan,nan,nan
2.1804704455e-04,1.0199218020e-04,-4.7442948334e+00,-4.5609056555e+00,-1.3100400007e+01,1.0711758374e+01,-2.7379108392e+00,-1.5106784001e+01,2.3390966544e-05,1.5106784001e+01,0.0000000000e+00,nan,nan,nan,nan,nan,nan
-1.2123223523e-04,1.0434781201e-04,2.5287167427e+00,9.8312238104e+00,-3.1091938074e+01,3.3727791413e+01,5.1911387859e+00,-3.3754360117e+01,5.1899097503e+00,3.3754360117e+01,0.0000000000e+00,nan,nan,nan,nan,nan,nan
-1.3927411846e-04,4.0711154362e-05,1.0112982705e+02,1.7819913902e+01,-4.2396273458e+01,1.2807065551e+02,1.0330840423e+02,-4.4574850638e+01,1.0330840423e+02,4.4574850638e+01,0.0000000000e+00,nan,nan,nan,nan,nan,nan
1.6402965169e-04,7.2848357416e-05,4.0806506792e+00,-5.2486817588e+00,-1.5735318684e+01,1.9425995390e+01,5.3882696653e+00,-1.7042937670e+01,5.3949512458e+00,1.7042937670e+01,0.0000000000e+00,nan,nan,nan,nan,nan,nan
6.3652723971e-05,9.1140725656e-05,8.3140135936e+00,1.4549385781e+00,-2.2325641929e+01,2.6659057812e+01,8.3858000365e+00,-2.2397428372e+01,8.3858057381e+00,2.2397428372e+01,0.0000000000e+00,nan,nan,nan,nan,nan,nan
1.4430767059e-05,9.0887986713e-05,1.5496072252e+01,-5.1461026997e+00,-3.3372181869e+01,4.3248508291e+01,1.6031483095e+01,-3.3907592713e+01,1.6031492196e+01,3.3907592713e+01,0.0000000000e+00,nan,nan,nan,nan,nan,nan
2.4705153107e-04,9.1153137313e-05,-3.6759153350e+00,-6.0691867715e+00,-1.1623631573e+01,1.2563923816e+01,-3.9598865692e-01,-1.4903558251e+01,2.7867771926e-03,1.4903558251e+01,0.0000000000e+00,nan,nan,nan,nan,nan,nan
2.2256892686e-04,1.0684869808e-04,-4.2482704006e+00,-5.1508091540e+00,-1.2430014297e+01,1.1391967578e+01,-1.7619868013e+00,-1.4916297896e+01,3.2049039284e-04,1.4916297896e+01,0.0000000000e+00,nan,nan,nan,nan,nan,nan
-2.0293260207e-04,5.7588605829e-05,5.4769376199e+01,3.1432145036e+01,-2.8617369745e+01,9.0434339737e+01,6.5288293618e+01,-3.9136287164e+01,6.5288293618e+01,3.9136287164e+01,0.0000000000e+00,nan,nan,nan,nan,nan,nan
-2.8066707541e-04,4.4665183371e-05,5.5750451336e+01,4.1434406634e+01,-5.8569321099e+00,8.9417244813e+01,7.6571829976e+01,-2.6678310750e+01,7.6571829976e+01,2.6678310750e+01,0.0000000000e+00,nan,nan,nan,nan,nan,nan
3.7088023960e-04,2.0209547899e-05,3.1817558571e-01,-1.6233698329e+01,1.2365821880e+01,2.9980477217e+01,2.3651235324e+01,-1.0967237859e+01,2.3651235324e+01,1.0967255355e+01,0.0000000000e+00,nan,nan,nan,nan,nan,nan
2.2600320175e-04,1.0411699957e-04,-4.2073924536e+00,-5.2344733340e+00,-1.2364471320e+01,1.1492607694e+01,-1.6506717412e+00,-1.4921192032e+01,4.7743119556e-04,1.4921192032e+01,0.0000000000e+00,nan,nan,nan,nan,nan,nan
3.2054637501e-04,6.8625417893e-05,-2.8634356819e+00,-1.0482960061e+01,-3.9108194334e+00,1.8177236410e+01,7.1075047767e+00,-1.3881759892e+01,7.1075047767e+00,1.3881759892e+01,0.0000000000e+00,nan,nan,nan,nan,nan,nan
3.3959576893e-04,7.2025537083e-05,-4.1906879784e+00,-1.0702406205e+01,1.3193738307e-01,1.8907899418e+01,8.8871055211e+00,-1.2945856116e+01,8.8871055211e+00,1.2945856116e+01,0.0000000000e+00,nan,nan,nan,nan,nan,nan
2.3050435898e-04,1.0893704548e-04,-3.7361467883e+00,-5.7525467772e+00,-1.1740710951e+01,1.2137323208e+01,-7.3094204867e-01,-1.4745915691e+01,6.6858241522e-03,1.4745915691e+01,0.0000000000e+00,nan,nan,nan,nan,nan,nan
-1.5920270114e-04,5.8968869917e-05,6.0448540269e+01,2.1415947601e+01,-3.5654713301e+01,9.1117753725e+01,6.5003773125e+01,-4.0209946157e+01,6.5003773125e+01,4.0209946157e+01,0.0000000000e+00,nan,nan,nan,nan,nan,nan
-1.9382856599e-04,2.9720950003e-05,1.3110205690e+02,3.2974883986e+01,-3.7977300807e+01,1.5716894829e+02,1.3730391265e+02,-4.4179156555e+01,1.3730391265e+02,4.4179156555e+01,0.0000000000e+00,nan,nan,nan,nan,nan,nan
2.3899936813e-04,1.5282677529e-05,3.1845234879e+01,-1.7324803361e+01,-1.3649736652e+01,4.9525797683e+01,3.7691481738e+01,-1.9495983511e+01,3.7691481726e+01,1.9495983511e+01,0.0000000000e+00,nan,nan,nan,nan,nan,nan
-1.6611548234e-04,9.0995129677e-05,1.0899269000e+01,1.7140979034e+01,-2.9075684966e+01,4.5604055786e+01,1.7241305901e+01,-3.5417721867e+01,1.7241304695e+01,3.5417721867e+01,0.0000000000e+00,nan,nan,nan,nan,nan,nan
-6.3164356799e-05,1.1104788365e-04,-6.1299690256e+00,1.8079885258e+00,-3.2909859773e+01,2.3399717324e+01,-6.0100813035e+00,-3.3029747495e+01,-4.6006339271e-03,3.3029747495e+01,0.0000000000e+00,nan,nan,nan,nan,nan,nan
-3.3982919286e-04,2.1437732925e-05,5.7858900454e+01,3.4735995587e+01,-8.8069337613e-01,7.8796016699e+01,7.3982004991e+01,-1.7003797914e+01,7.3982004991e+01,1.7003798419e+01,0.0000000000e+00,nan,nan,nan,nan,nan,nan
1.5973527904e-04,6.8775922322e-05,9.6485865127e+00,-6.7773816461e+00,-1.5365504492e+01,2.4637016638e+01,1.1365729199e+01,-1.7082647177e+01,1.1366527189e+01,1.7082647177e+01,0.0000000000e+00,nan,nan,nan,nan,nan,nan
2.2699017353e-04,8.6310365738e-05,-4.6467375985e+00,-4.3821786801e+00,-1.3589465160e+01,1.0841768130e+01,-2.8586036309e+00,-1.5377599127e+01,1.8490113339e-06,1.5377599127e+01,0.0000000000e+00,nan,nan,nan,nan,nan,nan
8.5879656790e-05,6.3144136405e-05,2.7572136970e+01,-5.3500647253e+00,-2.2178994661e+01,4.4073854622e+01,2.8142622985e+01,-2.2749480675e+01,2.8142622988e+01,2.2749480675e+01,0.0000000000e+00,nan,nan,nan,nan,nan,nan
-2.1775621160e-04,8.2786386595e-05,4.5264280347e+00,2.3359599890e+01,-2.3110502461e+01,4.7005179453e+01,1.7846415798e+01,-3.6430490224e+01,1.7846415798e+01,3.6430490224e+01,0.0000000000e+00,nan,nan,nan,nan,nan,nan
-1.5790947729e-04,7.6179527324e-05,3.1747105340e+01,1.8636186669e+01,-3.2234911180e+01,6.4124365302e+01,3.6778316649e+01,-3.7266122489e+01,3.6778316649e+01,3.7266122489e+01,0.0000000000e+00,nan,nan,nan,nan,nan,nan
8.8179201319e-06,9.0200889784e-05,1.6320593875e+01,-5.8343440939e+00,-3.4395264449e+01,4.5067992054e+01,1.6982682057e+01,-3.5057352631e+01,1.6982605641e+01,3.5057352631e+01,0.0000000000e+00,nan,nan,nan,nan,nan,nan
2.0041879019e-04,6.8874220069e-05,-3.3106306114e+00,-3.1680562525e+00,-1.6259059094e+01,1.2487293267e+01,-2.5753027233e+00,-1.6994386982e+01,-1.9621905870e-02,1.6994386982e+01,0.0000000000e+00,nan,nan,nan,nan,nan,nan
2.3837582936e-04,1.2545575414e-05,3.5613201018e+01,-1.8889544183e+01,-1.3429534916e+01,5.3613425331e+01,4.2045558598e+01,-1.9861892497e+01,4.2045558602e+01,1.9861892497e+01,0.0000000000e+00,nan,nan,nan,nan,nan,nan
7.1939648879e-05,9.1297779976e-05,6.3594149917e+00,1.3480965197e+00,-2.2367972853e+01,2.4994399572e+01,6.4262443904e+00,-2.2434802251e+01,6.4261420929e+00,2.2434802251e+01,0.0000000000e+00,nan,nan,nan,nan,nan,nan
3.3915691262e-04,6.8000804312e-05,-3.8853634955e+00,-1.1024276056e+01,4.8858573136e-02,1.9392598504e+01,9.2780695057e+00,-1.3114574428e+01,9.2780695057e+00,1.3114574428e+01,0.0000000000e+00,nan,nan,nan,nan,nan,nan
-5.9119961036e-05,1.0899849087e-04,-4.4662897708e+00,9.6510462950e-01,-3.3368262073e+01,2.5083400912e+01,-4.4353676533e+00,-3.3399184190e+01,-9.1936328352e-04,3.3399184190e+01,0.0000000000e+00,nan,nan,nan,nan,nan,nan
3.3117998716e-04,3.6266237379e-05,-9.7738171479e-01,-1.2074947437e+01,-3.8930199748e+00,2.1062572022e+01,9.7252807822e+00,-1.4595682472e+01,9.7252807822e+00,1.4595682472e+01,0.0000000000e+00,nan,nan,nan,nan,nan,nan
-1.5301502668e-04,5.8751501609e-05,6.1584177631e+01,2.0001374203e+01,-3.6479104256e+01,9.1717704590e+01,6.5505778122e+01,-4.0400704747e+01,6.5505778122e+01,4.0400704747e+01,0.0000000000e+00,nan,nan,nan,nan,nan,nan
1.9641163422e-04,6.7880704705e-05,-1.7409922139e+00,-3.7720174285e+00,-1.6082711891e+01,1.4038887495e+01,-8.0649657798e-01,-1.7017207527e+01,-1.1655680731e-01,1.7017207527e+01,0.0000000000e+00,nan,nan,nan,nan,nan,nan
7.7466433659e-05,9.0566668610e-05,5.6207595547e+00,1.1316429555e+00,-2.2448144374e+01,2.4393992375e+01,5.6701856542e+00,-2.2497570474e+01,5.6702242897e+00,2.2497570474e+01,0.0000000000e+00,nan,nan,nan,nan,nan,nan
4.1330171642e-06,9.1704417331e-05,1.4171980151e+01,-6.2216898866e+00,-3.5197180253e+01,4.4091306139e+01,1.4943527417e+01,-3.5968727519e+01,1.4943857857e+01,3.5968727519e+01,0.0000000000e+00,nan,nan,nan,nan,nan,nan
2.3040144745e-04,1.2021229096e-05,4.1999897907e+01,-2.0024143878e+01,-1.3349606866e+01,5.9167156284e+01,4.8485319128e+01,-1.9835028087e+01,4.8485319128e+01,1.9835028087e+01,0.0000000000e+00,nan,nan,nan,nan,nan,nan
7.8564580467e-06,8.2142992180e-05,2.7338906439e+01,-6.0596896508e+00,-3.3855138956e+01,5.4024736530e+01,2.7933079920e+01,-3.4449312437e+01,2.7933079469e+01,3.4449312437e+01,0.0000000000e+00,nan,nan,nan,nan,nan,nan
1.4914037948e-04,6.9282880387e-05,9.3693007265e+00,-5.2234410049e+00,-1.6981342170e+01,2.4543965730e+01,1.0364444499e+01,-1.7976485944e+01,1.0364541744e+01,1.7976485944e+01,0.0000000000e+00,nan,nan,nan,nan,nan,nan
-5.3689366849e-05,1.0904392858e-04,-5.1490586103e+00,1.4252070698e-01,-3.3560728022e+01,2.4604486277e+01,-5.1494865409e+00,-3.3560300091e+01,-1.2188463800e-02,3.3560300091e+01,0.0000000000e+00,nan,nan,nan,nan,nan,nan
-2.9960044485e-04,7.0344437123e-06,2.4809290453e+02,7.7431436448e+01,5.5358324758e+00,2.4921363747e+02,2.7069792918e+02,-1.7069192176e+01,2.7069792918e+02,1.7069192176e+01,0.0000000000e+00,nan,nan,nan,nan,nan,nan
7.3425848359e-05,6.3103947854e-05,3.1809397002e+01,-6.1181710272e+00,-2.2005801856e+01,4.7797544340e+01,3.2497722664e+01,-2.2694127518e+01,3.2497722664e+01,2.2694127518e+01,0.0000000000e+00,nan,nan,nan,nan,nan,nan
-1.6662309004e-04,3.6020306201e-05,1.1248866809e+02,2.5087488749e+01,-4.0545726323e+01,1.3947136777e+02,1.1649530261e+02,-4.4552360839e+01,1.1649530261e+02,4.4552360839e+01,0.0000000000e+00,nan,nan,nan,nan,nan,nan
2.4363779736e-04,3.5427368414e-05,2.3244858318e+01,-1.4434610576e+01,-1.2104974584e+01,3.9523906266e+01,2.8389079789e+01,-1.7249196055e+01,2.8391187233e+01,1.7249196055e+01,0.0000000000e+00,nan,nan,nan,nan,nan,nan
4.0534165298e-05,1.0004502827e-04,7.2608220379e+00,2.3796045078e+00,-2.6206271779e+01,2.9259196468e+01,7.4200800866e+00,-2.6365529828e+01,7.4178643808e+00,2.6365529828e+01,0.0000000000e+00,nan,nan,nan,nan,nan,nan
-2.2497010114e-04,8.1974596386e-05,2.0983767656e+00,2.3646111212e+01,-2.2051056350e+01,4.5982433097e+01,1.6571630334e+01,-3.6524309919e+01,1.6571630334e+01,3.6524309919e+01,0.0000000000e+00,nan,nan,nan,nan,nan,nan
-2.0008120219e-04,8.2130706493e-05,1.2675354075e+01,2.2929436835e+01,-2.5715518764e+01,5.1791428883e+01,2.3381713063e+01,-3.6421877752e+01,2.3381713063e+01,3.6421877752e+01,0.0000000000e+00,nan,nan,nan,nan,nan,nan
-4.9674182240e-05,1.1116617165e-04,-7.9673540506e+00,-1.9148900682e-01,-3.3386619701e+01,2.2014035919e+01,-7.9671773119e+00,-3.3386796440e+01,3.9184116777e-03,3.3386796440e+01,0.0000000000e+00,nan,nan,nan,nan,nan,nan
2.9473871555e-04,7.5363531872e-05,-2.6904689111e+00,-8.9059773720e+00,-7.7072928317e+00,1.6024268162e+01,4.0527346652e+00,-1.4450496408e+01,4.0527346281e+00,1.4450496408e+01,0.0000000000e+00,nan,nan,nan,nan,nan,nan
2.8382713417e-04,2.0780500306e-05,1.8466005706e+01,-1.7573846406e+01,-8.3081528573e+00,3.8281818742e+01,2.7180944780e+01,-1.7023091931e+01,2.7180943782e+01,1.7023091931e+01,0.0000000000e+00,nan,nan,nan,nan,nan,nan
3.4823742385e-05,3.0583518680e-06,2.1412570039e+02,-1.6323108336e+01,-3.6557760271e+01,2.1893023606e+02,2.1518340078e+02,-3.7615460663e+01,2.1518340078e+02,3.7615460663e+01,0.0000000000e+00,nan,nan,nan,nan,nan,nan
2.3963163825e-04,3.5009951200e-05,2.2723612073e+01,-1.3654521523e+01,-1.2874069896e+01,3.8852859919e+01,2.7356480221e+01,-1.7506938045e+01,2.7355197078e+01,1.7506938045e+01,0.0000000000e+00,nan,nan,nan,nan,nan,nan
1.4167049019e-04,6.7520068655e-05,1.0943621418e+01,-4.3502092674e+00,-1.8696612867e+01,2.6750019918e+01,1.1567635476e+01,-1.9320626925e+01,1.1567597741e+01,1.9320626925e+01,0.0000000000e+00,nan,nan,nan,nan,nan,nan
2.0646105399e-04,1.3164421307e-04,-2.7067113524e+00,-5.5754322516e+00,-1.2034000195e+01,1.2589553744e+01,-1.0177353057e-01,-1.4638938017e+01,-3.7008997749e-02,1.4638938017e+01,0.0000000000e+00,nan,nan,nan,nan,nan,nan
2.6714396972e-04,5.2399497017e-05,-2.7605089001e+00,-6.2683703408e+00,-1.2817138294e+01,1.3916552883e+01,2.4590195617e-01,-1.5823549150e+01,2.1394299909e-01,1.5823549150e+01,0.0000000000e+00,nan,nan,nan,nan,nan,nan
3.4948457849e-04,6.1966345520e-05,-4.3510679777e+00,-1.1445943525e+01,2.7150679763e+00,2.0743134076e+01,1.1158054042e+01,-1.2794054043e+01,1.1158054042e+01,1.2794054043e+01,0.0000000000e+00,nan,nan,nan,nan,nan,nan
2.1850082347e-04,1.1267699282e-05,5.3626850058e+01,-2.1830689963e+01,-1.3350559678e+01,6.9242898455e+01,6.0115551253e+01,-1.9839260872e+01,6.0115551253e+01,1.9839260872e+01,0.0000000000e+00,nan,nan,nan,nan,nan,nan
1.9571799864e-04,6.4414808525e-05,1.3096381488e+00,-4.9494848029e+00,-1.5692153763e+01,1.7045348628e+01,2.6498788118e+00,-1.7032394426e+01,2.5305364124e+00,1.7032394426e+01,0.0000000000e+00,nan,nan,nan,nan,nan,nan
-1.5791129058e-04,9.0299962737e-05,1.3261365614e+01,1.6250503994e+01,-3.0007687867e+01,4.6863563258e+01,1.8683529736e+01,-3.5429851989e+01,1.8683530528e+01,3.5429851989e+01,0.0000000000e+00,nan,nan,nan,nan,nan,nan
-8.6744171518e-07,8.1365076115e-05,2.8778971785e+01,-6.5061396614e+00,-3.5493968135e+01,5.6791066537e+01,2.9430839378e+01,-3.6145835728e+01,2.9430839132e+01,3.6145835728e+01,0.0000000000e+00,nan,nan,nan,nan,nan,nan
2.6635150463e-04,4.8740392254e-05,-2.7258889442e+00,-6.0657160017e+00,-1.3217942861e+01,1.3888329778e+01,4.6515033224e-02,-1.5990346839e+01,3.0771239209e-02,1.5990346839e+01,0.0000000000e+00,nan,nan,nan,nan,nan,nan
5.9920003529e-05,5.8681073084e-05,4.3359109422e+01,-8.9502621025e+00,-2.1466139904e+01,5.8243355553e+01,4.4573301766e+01,-2.2680332249e+01,4.4573301766e+01,2.2680332249e+01,0.0000000000e+00,nan,nan,nan,nan,nan,nan
-2.1715928757e-04,5.8940057778e-05,4.7155956709e+01,3.3610738946e+01,-2.5209151254e+01,8.5533114269e+01,6.0355969276e+01,-3.8409163820e+01,6.0355969276e+01,3.8409163820e+01,0.0000000000e+00,nan,nan,nan,nan,nan,nan
2.1117927059e-04,1.3256134456e-05,5.3704084498e+01,-2.0825143408e+01,-1.3665113148e+01,6.8595255326e+01,5.9622974803e+01,-1.9584003452e+01,5.9622974803e+01,1.9584003452e+01,0.0000000000e+00,nan,nan,nan,nan,nan,nan
2.8322617346e-04,1.7789946280e-05,2.2958616519e+01,-2.0541752315e+01,-6.5480040911e+00,4.3800395575e+01,3.3493476390e+01,-1.7082863962e+01,3.3493477879e+01,1.7082863962e+01,0.0000000000e+00,nan,nan,nan,nan,nan,nan
-1.2861877007e-05,9.0321106717e-05,1.6092752645e+01,-6.2015321935e+00,-3.6513264022e+01,4.6806690734e+01,1.6813599807e+01,-3.7234111184e+01,1.6813547440e+01,3.7234111184e+01,0.0000000000e+00,nan,nan,nan,nan,nan,nan
-1.9279378815e-04,3.4834285323e-05,1.1531297416e+02,3.2637877812e+01,-3.6619862691e+01,1.4320481383e+02,1.2202589354e+02,-4.3332782078e+01,1.2202589354e+02,4.3332782078e+01,0.0000000000e+00,nan,nan,nan,nan,nan,nan
-3.4913709006e-04,1.9949113963e-05,5.9936762007e+01,3.7549047082e+01,2.8108531262e+00,8.1691952296e+01,7.8538678215e+01,-1.5791063082e+01,7.8538678215e+01,1.5791069972e+01,0.0000000000e+00,nan,nan,nan,nan,nan,nan
2.3160119404e-04,3.4117427855e-05,2.2865347478e+01,-1.2702868931e+01,-1.3706129658e+01,3.8563634962e+01,2.6844333936e+01,-1.7685116116e+01,2.6844259710e+01,1.7685116116e+01,0.0000000000e+00,nan,nan,nan,nan,nan,nan
-1.4136416400e-04,7.7264126285e-05,3.2449072314e+01,1.5391758910e+01,-3.3833448561e+01,6.3289182621e+01,3.5847838499e+01,-3.7232214746e+01,3.5847838499e+01,3.7232214746e+01,0.0000000000e+00,nan,nan,nan,nan,nan,nan
-1.8473948234e-04,6.4123245189e-05,4.6307683918e+01,2.6099007162e+01,-3.0723998117e+01,8.0582036690e+01,5.4315903475e+01,-3.8732217675e+01,5.4315903475e+01,3.8732217675e+01,0.0000000000e+00,nan,nan,nan,nan,nan,nan
2.3896235653e-04,6.7826074839e-05,-4.0465445115e+00,-4.4897229609e+00,-1.4075680363e+01,1.1655814877e+01,-2.3316245809e+00,-1.5790600294e+01,4.6304096721e-04,1.5790600294e+01,0.0000000000e+00,nan,nan,nan,nan,nan,nan
-3.7461304802e-05,1.0939182074e-04,-7.6178365311e+00,-2.2567384473e+00,-3.4104045329e+01,2.3266995762e+01,-7.4277346632e+00,-3.4294147197e+01,-2.8520831392e-04,3.4294147197e+01,0.0000000000e+00,nan,nan,nan,nan,nan,nan
5.0564609352e-05,5.7405856206e-05,5.0010418810e+01,-1.0540346718e+01,-2.1149500622e+01,6.4275213555e+01,5.1539770942e+01,-2.2678852755e+01,5.1539770942e+01,2.2678852755e+01,0.0000000000e+00,nan,nan,nan,nan,nan,nan
-1.5351290248e-04,8.5896997305e-05,1.9308564811e+01,1.6345729158e+01,-3.1089916564e+01,5.2022506545e+01,2.4144532282e+01,-3.5925884034e+01,2.4144532290e+01,3.5925884034e+01,0.0000000000e+00,nan,nan,nan,nan,nan,nan
2.9415523803e-04,7.1574413438e-05,-2.5888740944e+00,-8.8643795889e+00,-8.0344595475e+00,1.6059926863e+01,3.9605362765e+00,-1.4583869918e+01,3.9605362636e+00,1.4583869918e+01,0.0000000000e+00,nan,nan,nan,nan,nan,nan
2.0328531836e-04,1.2725806724e-05,6.2068721550e+01,-2.1922467801e+01,-1.3828078594e+01,7.5910584615e+01,6.7947317940e+01,-1.9706674984e+01,6.7947317940e+01,1.9706674984e+01,0.0000000000e+00,nan,nan,nan,nan,nan,nan
3.0303468015e-04,5.4724881642e-05,-1.9716057625e+00,-9.4477043204e+00,-7.9925921597e+00,1.7172493908e+01,4.9324450192e+00,-1.4896642942e+01,4.9324450284e+00,1.4896642942e+01,0.0000000000e+00,nan,nan,nan,nan,nan,nan
2.3819447507e-04,6.4130646695e-05,-4.0251206730e+00,-4.2761250962e+00,-1.4436926446e+01,1.1666307337e+01,-2.4954778785e+00,-1.5966569241e+01,-1.0477497790e-03,1.5966569241e+01,0.0000000000e+00,nan,nan,nan,nan,nan,nan
4.5236083553e-05,5.8783479784e-05,5.0305794246e+01,-1.0427470565e+01,-2.1190599737e+01,6.4499363970e+01,5.1796322405e+01,-2.2681127896e+01,5.1796322405e+01,2.2681127896e+01,0.0000000000e+00,nan,nan,nan,nan,nan,nan
1.2658556237e-04,6.4085559162e-05,1.5743519964e+01,-3.3834973152e+00,-2.2638813265e+01,3.3753046244e+01,1.6039683684e+01,-2.2934976985e+01,1.6039683898e+01,2.2934976985e+01,0.0000000000e+00,nan,nan,nan,nan,nan,nan
3.7042959887e-04,1.6109732061e-05,1.5481728080e+00,-1.6171962852e+01,1.1516607738e+01,2.9303028979e+01,2.3450501942e+01,-1.0385721396e+01,2.3450501942e+01,1.0385781293e+01,0.0000000000e+00,nan,nan,nan,nan,nan,nan
-1.7048445744e-04,3.1034370803e-05,1.2639997320e+02,2.6117935424e+01,-4.1410435300e+01,1.5220417734e+02,1.3036989171e+02,-4.5380353806e+01,1.3036989171e+02,4.5380353806e+01,0.0000000000e+00,nan,nan,nan,nan,nan,nan
-1.3640898303e-04,6.7495730708e-05,4.7860876743e+01,1.5385655605e+01,-3.6321262654e+01,7.7620063262e+01,5.0583771463e+01,-3.9044157374e+01,5.0583771463e+01,3.9044157374e+01,0.0000000000e+00,nan,nan,nan,nan,nan,nan
4.2197539829e-05,5.8420372161e-05,5.2598669542e+01,-1.0985964059e+01,-2.1069912162e+01,6.6577553578e+01,5.4202947170e+01,-2.2674189790e+01,5.4202947170e+01,2.2674189790e+01,0.0000000000e+00,nan,nan,nan,nan,nan,nan
2.8598280868e-04,1.2009245469e-05,2.2740766215e+01,-2.1311551873e+01,-5.9916566963e+00,4.4514387543e+01,3.4074948390e+01,-1.7325838871e+01,3.4074948498e+01,1.7325838871e+01,0.0000000000e+00,nan,nan,nan,nan,nan,nan
2.9017434958e-04,7.0867457128e-05,-2.5923911692e+00,-8.5845201392e+00,-8.6165183320e+00,1.5755954631e+01,3.4922498970e+00,-1.4701159398e+01,3.4922496427e+00,1.4701159398e+01,0.0000000000e+00,nan,nan,nan,nan,nan,nan
2.6967191174e-04,4.5821513204e-05,-2.5735847938e+00,-6.2496450328e+00,-1.3153538657e+01,1.4180431185e+01,3.2351403641e-01,-1.6050637488e+01,3.1778431549e-01,1.6050637488e+01,0.0000000000e+00,nan,nan,nan,nan,nan,nan
9.0056010279e-05,9.4865187527e-05,1.1451850657e+00,1.6934600993e+00,-2.2489118554e+01,2.0684759141e+01,1.2703845140e+00,-2.2614318002e+01,1.2292459778e+00,2.2614318002e+01,0.0000000000e+00,nan,nan,nan,nan,nan,nan
2.2691858640e-04,3.0743191036e-05,2.4628094247e+01,-1.2877916172e+01,-1.4016805391e+01,4.0219319970e+01,2.8526279639e+01,-1.7914990784e+01,2.8526275002e+01,1.7914990784e+01,0.0000000000e+00,nan,nan,nan,nan,nan,nan
-2.2946137987e-04,2.5455495980e-05,1.4710540226e+02,4.4725592568e+01,-2.9992430546e+01,1.7182080923e+02,1.5775727632e+02,-4.0644304603e+01,1.5775727632e+02,4.0644304603e+01,0.0000000000e+00,nan,nan,nan,nan,nan,nan
1.9540105961e-04,1.2224200092e-05,7.1458887713e+01,-2.3073392156e+01,-1.4076837391e+01,8.4172049584e+01,7.7287780647e+01,-1.9905730324e+01,7.7287780647e+01,1.9905730324e+01,0.0000000000e+00,nan,nan,nan,nan,nan,nan
-1.4505637057e-04,8.5362160017e-05,2.1180572850e+01,1.5070352397e+01,-3.2022856108e+01,5.2953716176e+01,2.5151700660e+01,-3.5993983918e+01,2.5151700645e+01,3.5993983918e+01,0.0000000000e+00,nan,nan,nan,nan,nan,nan
1.2280463508e-04,6.3263087065e-05,1.7343097833e+01,-3.6581502708e+00,-2.2568578687e+01,3.5143982048e+01,1.7677647069e+01,-2.2903127923e+01,1.7677647162e+01,2.2903127923e+01,0.0000000000e+00,nan,nan,nan,nan,nan,nan
3.6165091546e-05,5.7759524741e-05,5.7081772555e+01,-1.2163664567e+01,-2.0911032380e+01,7.0754180086e+01,5.8935315007e+01,-2.2764574831e+01,5.8935315007e+01,2.2764574831e+01,0.0000000000e+00,nan,nan,nan,nan,nan,nan
1.9145830943e-04,1.1985497339e-05,7.6557114466e+01,-2.3666802017e+01,-1.4235583994e+01,8.8675999238e+01,8.2357877267e+01,-2.0036346794e+01,8.2357877267e+01,2.0036346794e+01,0.0000000000e+00,nan,nan,nan,nan,nan,nan
2.3077684687e-04,6.5952759127e-05,-4.3694239925e+00,-3.7418138101e+00,-1.4919148596e+01,1.1200007085e+01,-3.1779591887e+00,-1.6110613400e+01,3.2076652719e-03,1.6110613400e+01,0.0000000000e+00,nan,nan,nan,nan,nan,nan
3.6989642266e-04,1.2066794657e-05,2.4897798512e+00,-1.5651177665e+01,1.0485623066e+01,2.7974451116e+01,2.2638758341e+01,-9.6633554240e+00,2.2638758341e+01,9.6631738321e+00,0.0000000000e+00,nan,nan,nan,nan,nan,nan
2.9901291042e-04,5.4117477735e-05,-1.9940470794e+00,-9.1004692108e+00,-8.6718315373e+00,1.6787842563e+01,4.3595261147e+00,-1.5025404731e+01,4.3595261655e+00,1.5025404731e+01,0.0000000000e+00,nan,nan,nan,nan,nan,nan
3.3111014633e-04,6.2724157353e-05,-2.9619719784e+00,-1.1210455585e+01,-1.9372322908e+00,1.9434142618e+01,8.7707053374e+00,-1.3669909607e+01,8.7707053374e+00,1.3669909607e+01,0.0000000000e+00,nan,nan,nan,nan,nan,nan
-3.1292169270e-05,8.7494611310e-05,2.0472235943e+01,-4.6269486674e+00,-3.7195259948e+01,5.0579831372e+01,2.0840767256e+01,-3.7563791261e+01,2.0840773171e+01,3.7563791261e+01,0.0000000000e+00,nan,nan,nan,nan,nan,nan
1.8357005944e-04,1.1535025571e-05,8.7755347389e+01,-2.4980301504e+01,-1.4577466600e+01,9.8624749162e+01,9.3529965872e+01,-2.0352085083e+01,9.3529965872e+01,2.0352085083e+01,0.0000000000e+00,nan,nan,nan,nan,nan,nan
3.3061915505e-04,5.8807134364e-05,-2.6446105710e+00,-1.1390954176e+01,-2.2283178584e+00,1.9729706036e+01,8.9544868762e+00,-1.3827415306e+01,8.9544868762e+00,1.3827415306e+01,0.0000000000e+00,nan,nan,nan,nan,nan,nan
1.1464615840e-04,5.8967141180e-05,2.3507624987e+01,-5.0669459137e+00,-2.2345827877e+01,4.0670961007e+01,2.4062288841e+01,-2.2900491731e+01,2.4062288850e+01,2.2900491731e+01,0.0000000000e+00,nan,nan,nan,nan,nan,nan
-1.8713120915e-05,1.1027829674e-04,-1.1098634693e+01,-4.7366234869e+00,-3.4738715395e+01,2.2053332469e+01,-1.0186177607e+01,-3.5651172481e+01,2.0317323789e-03,3.5651172481e+01,0.0000000000e+00,nan,nan,nan,nan,nan,nan
2.3017163930e-05,5.4694119226e-05,6.7887396517e+01,-1.1415558751e+01,-2.8146630595e+01,8.5484834407e+01,6.9225075118e+01,-2.9484309195e+01,6.9225075118e+01,2.9484309195e+01,0.0000000000e+00,nan,nan,nan,nan,nan,nan
1.7567598733e-04,1.1120803204e-05,1.0035797959e+02,-2.6498972960e+01,-1.4940707275e+01,1.0989979963e+02,1.0615931506e+02,-2.0742042745e+01,1.0615931506e+02,2.0742042745e+01,0.0000000000e+00,nan,nan,nan,nan,nan,nan
2.2997897114e-04,6.2266110758e-05,-4.2750167495e+00,-3.5750959568e+00,-1.5238851672e+01,1.1331390681e+01,-3.2147527510e+00,-1.6299115671e+01,-2.0697665128e-02,1.6299115671e+01,0.0000000000e+00,nan,nan,nan,nan,nan,nan
2.9833211413e-04,5.0400621792e-05,-1.8820130948e+00,-8.9851215668e+00,-9.0976231298e+00,1.6768293836e+01,4.1913608477e+00,-1.5170997072e+01,4.1913610935e+00,1.5170997072e+01,0.0000000000e+00,nan,nan,nan,nan,nan,nan
2.2424073065e-04,5.4094204184e-05,3.2118709653e-01,-5.3496420171e+00,-1.5336558170e+01,1.6432758365e+01,1.9797719289e+00,-1.6995143002e+01,1.5513915757e+00,1.6995143002e+01,0.0000000000e+00,nan,nan,nan,nan,nan,nan
1.0736909415e-04,5.7565286324e-05,2.7117577445e+01,-5.8455834243e+00,-2.2182877271e+01,4.3882015986e+01,2.7802643829e+01,-2.2867943655e+01,2.7802643830e+01,2.2867943655e+01,0.0000000000e+00,nan,nan,nan,nan,nan,nan
1.3572514166e-05,5.4061125257e-05,7.1449398298e+01,-1.0405060385e+01,-3.2100061999e+01,9.1468873383e+01,7.2484246820e+01,-3.3134910520e+01,7.2484246820e+01,3.3134910520e+01,0.0000000000e+00,nan,nan,nan,nan,nan,nan
1.8604559053e-04,1.1787640285e-04,-5.9937056757e+00,-3.1892206873e+00,-1.4407829557e+01,9.1410703636e+00,-4.9231681814e+00,-1.5478367052e+01,-8.8794944556e-06,1.5478367052e+01,0.0000000000e+00,nan,nan,nan,nan,nan,nan
1.6777694192e-04,1.0749002339e-05,1.1452118048e+02,-2.8334395194e+01,-1.5277144789e+01,1.2266037456e+02,1.2044001811e+02,-2.1195982425e+01,1.2044001811e+02,2.1195982425e+01,0.0000000000e+00,nan,nan,nan,nan,nan,nan
2.2915704274e-04,5.8589722767e-05,-4.5135950188e+00,-3.2529222907e+00,-1.5752312033e+01,1.1242201646e+01,-3.6422653789e+00,-1.6623641673e+01,8.9719701389e-02,1.6623641673e+01,0.0000000000e+00,nan,nan,nan,nan,nan,nan
2.9427672760e-04,4.9794403974e-05,-1.9391672189e+00,-8.6144722411e+00,-9.7469676242e+00,1.6379265287e+01,3.6135058011e+00,-1.5299640644e+01,3.6135052906e+00,1.5299640644e+01,0.0000000000e+00,nan,nan,nan,nan,nan,nan
-4.8750542165e-05,8.7099460491e-05,2.1512695779e+01,-2.1868497168e+00,-3.7163648610e+01,5.0955390835e+01,2.1593632200e+01,-3.7244585031e+01,2.1593627287e+01,3.7244585031e+01,0.0000000000e+00,nan,nan,nan,nan,nan,nan
1.6382439079e-04,1.0580732743e-05,1.2224432709e+02,-2.9425288277e+01,-1.5402727365e+01,1.2964985201e+02,1.2827417682e+02,-2.1432577094e+01,1.2827417682e+02,2.1432577094e+01,0.0000000000e+00,nan,nan,nan,nan,nan,nan
1.7475059746e-04,1.1764133369e-04,-7.1030849197e+00,-2.1208964819e+00,-1.5564871215e+01,8.1907526824e+00,-6.6050448014e+00,-1.6062911333e+01,-1.5146066313e-06,1.6062911333e+01,0.0000000000e+00,nan,nan,nan,nan,nan,nan
1.0095652712e-04,5.8820424741e-05,2.7700962209e+01,-5.8311743921e+00,-2.2161928473e+01,4.4350527615e+01,2.8375305925e+01,-2.2836272190e+01,2.8375305926e+01,2.2836272190e+01,0.0000000000e+00,nan,nan,nan,nan,nan,nan
3.9826695796e-06,5.3540479179e-05,7.4106953356e+01,-9.4399271991e+00,-3.5259292795e+01,9.6114446679e+01,7.4915531943e+01,-3.6067871383e+01,7.4915531943e+01,3.6067871383e+01,0.0000000000e+00,nan,nan,nan,nan,nan,nan
-5.4585627161e-05,8.7037426010e-05,2.1764141090e+01,-1.2463541767e+00,-3.7063936652e+01,5.0991468460e+01,2.1790040261e+01,-3.7089835823e+01,2.1790038360e+01,3.7089835823e+01,0.0000000000e+00,nan,nan,nan,nan,nan,nan
-2.6111158482e-04,5.8164317210e-05,2.6417475272e+01,3.6910538480e+01,-1.3861674454e+01,7.2818897456e+01,4.8319910450e+01,-3.5764109636e+01,4.8319910447e+01,3.5764109634e+01,0.0000000000e+00,nan,nan,nan,nan,nan,nan
2.1893198675e-04,2.9823107581e-05,2.6721217387e+01,-1.2988854297e+01,-1.4187868372e+01,4.1968080215e+01,3.0496956917e+01,-1.7963607903e+01,3.0496958290e+01,1.7963607903e+01,0.0000000000e+00,nan,nan,nan,nan,nan,nan
2.9355301879e-04,4.6108084933e-05,-1.8520599512e+00,-8.4697296549e+00,-1.0182398421e+01,1.6345786719e+01,3.4200151759e+00,-1.5454473548e+01,3.4200176584e+00,1.5454473548e+01,0.0000000000e+00,nan,nan,nan,nan,nan,nan
-4.5562907469e-06,1.1352759039e-04,-1.7003428248e+01,-5.9897999671e+00,-3.5075271451e+01,1.8769364718e+01,-1.5202852077e+01,-3.6875847621e+01,3.1829958841e-04,3.6875847622e+01,0.0000000000e+00,nan,nan,nan,nan,nan,nan
-4.4790846104e-06,5.4958353158e-05,7.2329526684e+01,-8.3784272018e+00,-3.7254382769e+01,9.6005212995e+01,7.2966207524e+01,-3.7891063609e+01,7.2966207524e+01,3.7891063609e+01,0.0000000000e+00,nan,nan,nan,nan,nan,nan
2.1165067198e-04,3.1723031412e-05,2.7043468085e+01,-1.2549319395e+01,-1.4345154177e+01,4.1919549263e+01,3.0551420005e+01,-1.7853106097e+01,3.0551419569e+01,1.7853106097e+01,0.0000000000e+00,nan,nan,nan,nan,nan,nan
3.3731715327e-04,5.2108080654e-05,-2.4416817037e+00,-1.2092197826e+01,-8.3765506459e-01,2.0986228466e+01,1.0476736270e+01,-1.3756073039e+01,1.0476736270e+01,1.3756073039e+01,0.0000000000e+00,nan,nan,nan,nan,nan,nan
6.3504761028e-07,1.1408007678e-04,-1.8173839791e+01,-6.3885129386e+00,-3.5304827053e+01,1.8497236226e+01,-1.6059949108e+01,-3.7418717736e+01,2.6027752743e-04,3.7418717736e+01,0.0000000000e+00,nan,nan,nan,nan,nan,nan
-1.3091128062e-04,9.0602644907e-05,1.6374102022e+01,1.2190278417e+01,-3.2417750974e+01,4.7234703164e+01,1.9249144111e+01,-3.5292793063e+01,1.9249144373e+01,3.5292793063e+01,0.0000000000e+00,nan,nan,nan,nan,nan,nan
-1.4189743123e-05,5.4603878860e-05,7.3727071378e+01,-7.3177879565e+00,-3.9180015371e+01,9.8598079381e+01,7.4199155675e+01,-3.9652099669e+01,7.4199155675e+01,3.9652099669e+01,0.0000000000e+00,nan,nan,nan,nan,nan,nan
2.0374353764e-04,3.0752953201e-05,2.9700136486e+01,-1.2785803839e+01,-1.4557957688e+01,4.4266914223e+01,3.3128604242e+01,-1.7986425444e+01,3.3128604330e+01,1.7986425444e+01,0.0000000000e+00,nan,nan,nan,nan,nan,nan
5.7934550229e-06,1.1471256676e-04,-1.9346405821e+01,-6.6693360468e+00,-3.5495409589e+01,1.8125005355e+01,-1.6956430984e+01,-3.7885384426e+01,6.0272708546e-05,3.7885384426e+01,0.0000000000e+00,nan,nan,nan,nan,nan,nan
2.2221896970e-04,4.4454238004e-05,2.0946336452e+01,-1.1907850856e+01,-1.3433080584e+01,3.6219659496e+01,2.4668058094e+01,-1.7154802226e+01,2.4670611422e+01,1.7154802226e+01,0.0000000000e+00,nan,nan,nan,nan,nan,nan
-3.3889480082e-04,2.2319994279e-06,2.1864787657e+02,8.8800404003e+01,1.4095032788e+01,2.3456971868e+02,2.5180034490e+02,-1.9057435545e+01,2.5180034490e+02,1.9057435546e+01,0.0000000000e+00,nan,nan,nan,nan,nan,nan
8.6369458207e-05,5.3911793655e-05,3.9158713391e+01,-8.5938365712e+00,-2.1580428494e+01,5.4669497202e+01,4.0352591374e+01,-2.2774306478e+01,4.0352591374e+01,2.2774306478e+01,0.0000000000e+00,nan,nan,nan,nan,nan,nan
8.3592935620e-06,1.1506102014e-04,-1.9940156090e+01,-6.7653932606e+00,-3.5558133856e+01,1.7879131906e+01,-1.7426623354e+01,-3.8071666592e+01,-1.4487405434e-05,3.8071666592e+01,0.0000000000e+00,nan,nan,nan,nan,nan,nan
1.9980348491e-04,3.0271303022e-05,3.1285144155e+01,-1.2959153471e+01,-1.4681657343e+01,4.5701072433e+01,3.4687269878e+01,-1.8083783065e+01,3.4687269836e+01,1.8083783065e+01,0.0000000000e+00,nan,nan,nan,nan,nan,nan
2.1824839635e-04,4.3918665219e-05,2.1043954145e+01,-1.1528495495e+01,-1.3616408726e+01,3.6050510134e+01,2.4527544440e+01,-1.7099999021e+01,2.4526092972e+01,1.7099999021e+01,0.0000000000e+00,nan,nan,nan,nan,nan,nan
2.1760359264e-04,4.0952745046e-05,2.1615513983e+01,-1.1488519676e+01,-1.3930891221e+01,3.6655195085e+01,2.5005198131e+01,-1.7320575368e+01,2.5005390332e+01,1.7320575368e+01,0.0000000000e+00,nan,nan,nan,nan,nan,nan
2.1363371567e-04,4.0414098796e-05,2.2044265831e+01,-1.1320089710e+01,-1.4092501958e+01,3.6929974083e+01,2.5297412414e+01,-1.7345648542e+01,2.5297303914e+01,1.7345648542e+01,0.0000000000e+00,nan,nan,nan,nan,nan,nan
-3.0513263020e-05,5.4194056289e-05,7.5038609545e+01,-5.1660907558e+00,-4.1333199025e+01,1.0117690029e+02,7.5267215878e+01,-4.1561805358e+01,7.5267215878e+01,4.1561805358e+01,0.0000000000e+00,nan,nan,nan,nan,nan,nan
7.7030348262e-05,5.4712952984e-05,4.1910147904e+01,-9.0938933739e+00,-2.1454897285e+01,5.7093845465e+01,4.3190772358e+01,-2.2735521739e+01,4.3190772358e+01,2.2735521739e+01,0.0000000000e+00,nan,nan,nan,nan,nan,nan
2.6880089938e-05,3.0538329972e-06,2.1206458127e+02,-1.4500975001e+01,-3.8853617849e+01,2.1874724266e+02,2.1289926114e+02,-3.9688297726e+01,2.1289926114e+02,3.9688297726e+01,0.0000000000e+00,nan,nan,nan,nan,nan,nan
-4.0361208310e-05,5.4038389927e-05,7.5386524025e+01,-3.6486218783e+00,-4.2125164258e+01,1.0196357829e+02,7.5499379255e+01,-4.2238019488e+01,7.5499379255e+01,4.2238019488e+01,0.0000000000e+00,nan,nan,nan,nan,nan,nan
2.2284906453e-04,4.7492972599e-05,1.4203069396e+01,-1.0139251326e+01,-1.3725056311e+01,2.9903954127e+01,1.7504062507e+01,-1.7026049422e+01,1.7483692233e+01,1.7026049422e+01,0.0000000000e+00,nan,nan,nan,nan,nan,nan
-3.4662868997e-04,2.5174525411e-06,1.6900708899e+02,7.9825396368e+01,1.2911706045e+01,1.9333861566e+02,2.0258349931e+02,-2.0664704280e+01,2.0258349931e+02,2.0664704297e+01,0.0000000000e+00,nan,nan,nan,nan,nan,nan
1.9850462913e-04,4.1106161681e-05,2.3241230422e+01,-1.0752407958e+01,-1.4614583011e+01,3.7704752871e+01,2.6082172925e+01,-1.7455525514e+01,2.6082167484e+01,1.7455525514e+01,0.0000000000e+00,nan,nan,nan,nan,nan,nan
1.6693245739e-04,1.1478747520e-04,-8.2459013163e+00,-1.1634719071e+00,-1.6769156673e+01,7.6502171472e+00,-8.0906740652e+00,-1.6924383924e+01,1.4457990758e-07,1.6924383924e+01,0.0000000000e+00,nan,nan,nan,nan,nan,nan
1.7825324685e-05,1.1439500483e-04,-1.8604902072e+01,-6.8734159412e+00,-3.5523005975e+01,1.8858447289e+01,-1.6176024405e+01,-3.7951883642e+01,3.2013663115e-04,3.7951883642e+01,0.0000000000e+00,nan,nan,nan,nan,nan,nan
1.9066832468e-04,3.9961483868e-05,2.5061290405e+01,-1.0695320306e+01,-1.5001126115e+01,3.9331137445e+01,2.7737924936e+01,-1.7677760647e+01,2.7737924508e+01,1.7677760647e+01,0.0000000000e+00,nan,nan,nan,nan,nan,nan
2.6864094122e-04,8.1332729219e-05,-3.0801993297e+00,-7.2458499945e+00,-1.0350606468e+01,1.4039826459e+01,1.3904946870e+00,-1.4821300484e+01,1.3908855493e+00,1.4821300484e+01,0.0000000000e+00,nan,nan,nan,nan,nan,nan
2.3394895489e-04,1.0616596513e-04,-3.7302088638e+00,-5.8362370755e+00,-1.1663301241e+01,1.2221639361e+01,-6.4058827735e-01,-1.4752921828e+01,8.8188111139e-03,1.4752921828e+01,0.0000000000e+00,nan,nan,nan,nan,nan,nan
6.7200758558e-05,5.3303573550e-05,4.8809520375e+01,-1.0750085560e+01,-2.1092154810e+01,6.3337522616e+01,5.0426618515e+01,-2.2709252950e+01,5.0426618515e+01,2.2709252950e+01,0.0000000000e+00,nan,nan,nan,nan,nan,nan
1.5964237234e-04,1.1565052072e-04,-8.6359860941e+00,-1.0449749208e+00,-1.6846741038e+01,7.3390178849e+00,-8.5041796146e+00,-1.6978547518e+01,-4.0485179660e-07,1.6978547517e+01,0.0000000000e+00,nan,nan,nan,nan,nan,nan
1.1226089669e-04,7.8786190467e-06,2.3736462131e+02,-4.5604457528e+01,-1.4711891737e+01,2.3215407803e+02,2.4536058423e+02,-2.2707854653e+01,2.4536058423e+02,2.2707854653e+01,0.0000000000e+00,nan,nan,nan,nan,nan,nan
-7.0905473417e-05,7.7455955297e-05,3.5448170109e+01,1.5123662801e+00,-3.8345264097e+01,6.3959705502e+01,3.5478606195e+01,-3.8375700183e+01,3.5478606194e+01,3.8375700183e+01,0.0000000000e+00,nan,nan,nan,nan,nan,nan
-2.1154027118e-04,5.8352360457e-05,5.0441622573e+01,3.2853195331e+01,-2.6597460445e+01,8.7684851719e+01,6.2546953808e+01,-3.8702791680e+01,6.2546953808e+01,3.8702791680e+01,0.0000000000e+00,nan,nan,nan,nan,nan,nan
-3.5119187643e-04,1.6333497275e-05,5.9183799587e+01,3.6530711532e+01,1.5343467551e+00,8.0583227210e+01,7.6883821093e+01,-1.6165674751e+01,7.6883821093e+01,1.6165679629e+01,0.0000000000e+00,nan,nan,nan,nan,nan,nan
1.6660341976e-04,3.3943670455e-05,3.7281724582e+01,-1.1924282888e+01,-1.6857614249e+01,5.1233918166e+01,3.9791971611e+01,-1.9367861278e+01,3.9791971611e+01,1.9367861278e+01,0.0000000000e+00,nan,nan,nan,nan,nan,nan
1.5951297150e-04,3.5563474651e-05,3.7479495234e+01,-1.1374576085e+01,-1.7644299913e+01,5.1644548624e+01,3.9734591711e+01,-1.9899396390e+01,3.9734591711e+01,1.9899396390e+01,0.0000000000e+00,nan,nan,nan,nan,nan,nan
-3.5437084760e-04,2.9030608655e-06,1.2310282218e+02,6.9459723151e+01,1.1995104083e+01,1.5402370446e+02,1.5647459036e+02,-2.1376664103e+01,1.5647459036e+02,2.1376662722e+01,0.0000000000e+00,nan,nan,nan,nan,nan,nan
-7.6940443801e-05,7.7489559771e-05,3.5370571282e+01,2.6530059202e+00,-3.8142323188e+01,6.3828634497e+01,3.5465603356e+01,-3.8237355262e+01,3.5465603355e+01,3.8237355262e+01,0.0000000000e+00,nan,nan,nan,nan,nan,nan
-1.3255447146e-04,7.6884468358e-05,3.3888590417e+01,1.3720144119e+01,-3.4745264269e+01,6.4011459377e+01,3.6528696377e+01,-3.7385370228e+01,3.6528696377e+01,3.7385370228e+01,0.0000000000e+00,nan,nan,nan,nan,nan,nan
-2.2657273094e-04,7.3253206723e-05,1.4869176071e+01,2.8180328809e+01,-2.1780274752e+01,5.8217050558e+01,3.0156080471e+01,-3.7067179152e+01,3.0156080471e+01,3.7067179152e+01,0.0000000000e+00,nan,nan,nan,nan,nan,nan
1.3927866216e-04,3.0690229766e-05,5.4451594583e+01,-1.3860200016e+01,-2.0410586556e+01,6.9135487683e+01,5.6935896438e+01,-2.2894888411e+01,5.6935896438e+01,2.2894888411e+01,0.0000000000e+00,nan,nan,nan,nan,nan,nan
1.3464001351e-05,1.1582334347e-04,-2.1155767866e+01,-6.9000160781e+00,-3.5581766650e+01,1.7267465046e+01,-1.8399391665e+01,-3.8338142850e+01,-8.0853235054e-05,3.8338142850e+01,0.0000000000e+00,nan,nan,nan,nan,nan,nan
1.3149584331e-04,2.9891058547e-05,6.1126206790e+01,-1.5421366817e+01,-2.0106542717e+01,7.5251965391e+01,6.3956574512e+01,-2.2936910439e+01,6.3956574512e+01,2.2936910439e+01,0.0000000000e+00,nan,nan,nan,nan,nan,nan
2.5104820828e-04,9.2071061977e-05,-3.5176854631e+00,-6.3691853656e+00,-1.1232264268e+01,1.2896119178e+01,7.0603013019e-02,-1.4820552744e+01,4.0489905237e-02,1.4820552744e+01,0.0000000000e+00,nan,nan,nan,nan,nan,nan
1.1700670742e-04,3.0736503123e-05,6.9145501168e+01,-1.7266694629e+01,-1.9650709657e+01,8.2513197917e+01,7.2386412784e+01,-2.2891621274e+01,7.2386412784e+01,2.2891621274e+01,0.0000000000e+00,nan,nan,nan,nan,nan,nan
1.9129097983e-04,2.6632215029e-05,3.8487163243e+01,-1.4329667735e+01,-1.4969110723e+01,5.2528833531e+01,4.2086562439e+01,-1.8568509919e+01,4.2086562440e+01,1.8568509919e+01,0.0000000000e+00,nan,nan,nan,nan,nan,nan
-4.5184292825e-05,5.2240637111e-05,7.8879136459e+01,-2.8359298276e+00,-4.2697399258e+01,1.0540228975e+02,7.8944908962e+01,-4.2763171762e+01,7.8944908962e+01,4.2763171762e+01,0.0000000000e+00,nan,nan,nan,nan,nan,nan
1.0957528761e-04,3.0085846629e-05,7.7512601793e+01,-1.9260422341e+01,-1.9170973685e+01,9.0134405278e+01,8.1209937205e+01,-2.2868309096e+01,8.1209937205e+01,2.2868309096e+01,0.0000000000e+00,nan,nan,nan,nan,nan,nan
8.0191498608e-05,2.6350348832e-05,1.2727097949e+02,-3.0377876515e+01,-1.6659420417e+01,1.3530018757e+02,1.3342137925e+02,-2.2809820179e+01,1.3342137925e+02,2.2809820179e+01,0.0000000000e+00,nan,nan,nan,nan,nan,nan
-3.9840191970e-05,2.5775937304e-05,1.3982909920e+02,-3.3935847289e+00,-4.7091942980e+01,1.6198448227e+02,1.3989036255e+02,-4.7153206333e+01,1.3989036255e+02,4.7153206333e+01,0.0000000000e+00,nan,nan,nan,nan,nan,nan
-3.2516136991e-05,2.5816220282e-05,1.3993503329e+02,-4.7582228437e+00,-4.6366632036e+01,1.6155175315e+02,1.4005614880e+02,-4.6487747537e+01,1.4005614880e+02,4.6487747535e+01,0.0000000000e+00,nan,nan,nan,nan,nan,nan
8.9272504297e-05,7.8494955366e-06,2.2004568591e+02,-3.6329505340e+01,-1.8636312632e+01,2.1606490633e+02,2.2544981847e+02,-2.4040445196e+01,2.2544981847e+02,2.4040445196e+01,0.0000000000e+00,nan,nan,nan,nan,nan,nan
5.9517922388e-05,2.5739704636e-05,1.4101662373e+02,-2.8646118696e+01,-2.0313328111e+01,1.4826026616e+02,1.4594975239e+02,-2.5246456771e+01,1.4594975239e+02,2.5246456771e+01,0.0000000000e+00,nan,nan,nan,nan,nan,nan
-2.1544755738e-05,2.5898197750e-05,1.3999582317e+02,-6.7939676954e+00,-4.4952592059e+01,1.6060110869e+02,1.4024470889e+02,-4.5201477778e+01,1.4024470889e+02,4.5201477778e+01,0.0000000000e+00,nan,nan,nan,nan,nan,nan
-8.5978385529e-05,7.7582648541e-05,3.5138822985e+01,4.4028780881e+00,-3.7758012080e+01,6.3588320731e+01,3.5403139544e+01,-3.8022328639e+01,3.5403139544e+01,3.8022328639e+01,0.0000000000e+00,nan,nan,nan,nan,nan,nan
-8.4960698515e-06,2.4429646937e-05,1.4422995107e+02,-9.2261857729e+00,-4.3000832314e+01,1.6293147649e+02,1.4468309119e+02,-4.3453972430e+01,1.4468309119e+02,4.3453972430e+01,0.0000000000e+00,nan,nan,nan,nan,nan,nan
-1.4247246144e-05,2.5968006168e-05,1.3994918379e+02,-8.1577503768e+00,-4.3771173613e+01,1.5973201713e+02,1.4031032817e+02,-4.4132317997e+01,1.4031032817e+02,4.4132317997e+01,0.0000000000e+00,nan,nan,nan,nan,nan,nan
4.9063384727e-05,2.5475293448e-05,1.4135566107e+02,-2.4210454270e+01,-2.4809834965e+01,1.4988526547e+02,1.4480921142e+02,-2.8263385315e+01,1.4480921142e+02,2.8263385315e+01,0.0000000000e+00,nan,nan,nan,nan,nan,nan
-1.0410443851e-04,8.7575389103e-05,2.1449379959e+01,7.6805599758e+00,-3.4861327675e+01,5.0546936752e+01,2.2477313682e+01,-3.5889261398e+01,2.2477313518e+01,3.5889261398e+01,0.0000000000e+00,nan,nan,nan,nan,nan,nan
4.2019871381e-05,2.5306503861e-05,1.4176466826e+02,-2.1653770362e+01,-2.7686516850e+01,1.5146320686e+02,1.4448639896e+02,-3.0408247549e+01,1.4448639896e+02,3.0408247549e+01,0.0000000000e+00,nan,nan,nan,nan,nan,nan
1.3362720604e-05,2.4729428169e-05,1.4357327703e+02,-1.3746612192e+01,-3.7668510568e+01,1.5875454321e+02,1.4460936149e+02,-3.8704595029e+01,1.4460936149e+02,3.8704595029e+01,0.0000000000e+00,nan,nan,nan,nan,nan,nan
2.9066943831e-07,2.6148124596e-05,1.3958181676e+02,-1.0968913568e+01,-4.0777682064e+01,1.5734630932e+02,1.4024600139e+02,-4.1441866694e+01,1.4024600139e+02,4.1441866694e+01,0.0000000000e+00,nan,nan,nan,nan,nan,nan
3.6086352968e-05,2.6849328516e-05,1.3694417466e+02,-1.9707240725e+01,-2.9477628765e+01,1.4811011917e+02,1.3924469012e+02,-3.1778144225e+01,1.3924469012e+02,3.1778144225e+01,0.0000000000e+00,nan,nan,nan,nan,nan,nan
1.8308521049e-05,2.6454268231e-05,1.3853261038e+02,-1.4878779054e+01,-3.5784585399e+01,1.5314573001e+02,1.3979274094e+02,-3.7044715956e+01,1.3979274094e+02,3.7044715956e+01,0.0000000000e+00,nan,nan,nan,nan,nan,nan
2.4135647523e-04,1.0435826284e-04,-3.5147719073e+00,-6.2033622810e+00,-1.1231735363e+01,1.2652740110e+01,-6.8190726519e-02,-1.4678316544e+01,-2.5525404689e-02,1.4678316544e+01,0.0000000000e+00,nan,nan,nan,nan,nan,nan
1.8345043772e-04,2.5767159135e-05,4.3051415100e+01,-1.4849303180e+01,-1.5395934891e+01,5.6777434093e+01,4.6608206962e+01,-1.8952726753e+01,4.6608206962e+01,1.8952726753e+01,0.0000000000e+00,nan,nan,nan,nan,nan,nan
8.1618143986e-05,7.8240187560e-06,2.1509433968e+02,-3.2946522891e+01,-2.0692200876e+01,2.1201666828e+02,2.1960894991e+02,-2.5206811099e+01,2.1960894991e+02,2.5206811099e+01,0.0000000000e+00,nan,nan,nan,nan,nan,nan
2.4478606614e-04,1.0153727981e-04,-3.4973709766e+00,-6.3040452154e+00,-1.1139773404e+01,1.2767501549e+01,5.2748266115e-02,-1.4689892646e+01,2.8713524216e-02,1.4689892646e+01,0.0000000000e+00,nan,nan,nan,nan,nan,nan
3.0953378055e-05,1.1934362732e-04,-2.5139119793e+01,-7.4805576275e+00,-3.5781221464e+01,1.5833755467e+01,-2.1318547647e+01,-3.9601793610e+01,6.2893699862e-06,3.9601793610e+01,0.0000000000e+00,nan,nan,nan,nan,nan,nan
-9.4989494308e-05,7.7724187973e-05,3.4759004386e+01,6.1792881679e+00,-3.7283568011e+01,6.3300828255e+01,3.5284468421e+01,-3.7809032045e+01,3.5284468421e+01,3.7809032045e+01,0.0000000000e+00,nan,nan,nan,nan,nan,nan
1.7170154956e-04,2.4532892719e-05,5.0934613169e+01,-1.5738083891e+01,-1.6237186219e+01,6.4243600890e+01,5.4439773742e+01,-1.9742346793e+01,5.4439773742e+01,1.9742346793e+01,0.0000000000e+00,nan,nan,nan,nan,nan,nan
1.4098039823e-04,1.0828088951e-04,-7.6560773054e+00,-7.3869604942e-01,-1.6963489762e+01,8.1690823013e+00,-7.5933616680e+00,-1.7026205399e+01,-6.7629378715e-06,1.7026205399e+01,0.0000000000e+00,nan,nan,nan,nan,nan,nan
-1.1290439179e-04,7.8138211159e-05,3.3507804899e+01,9.7355803972e+00,-3.6081843404e+01,6.2579571916e+01,3.4843313438e+01,-3.7417351944e+01,3.4843313438e+01,3.7417351944e+01,0.0000000000e+00,nan,nan,nan,nan,nan,nan
5.8570778081e-05,7.7240621873e-06,2.0519773189e+02,-2.4339551220e+01,-2.7816671768e+01,2.0615045378e+02,2.0771155005e+02,-3.0330489925e+01,2.0771155005e+02,3.0330489925e+01,0.0000000000e+00,nan,nan,nan,nan,nan,nan
2.4364944251e-04,9.3983811528e-05,-3.7524458151e+00,-5.9488914770e+00,-1.1707014071e+01,1.2393489716e+01,-5.7434531913e-01,-1.4885114567e+01,9.2764142171e-03,1.4885114567e+01,0.0000000000e+00,nan,nan,nan,nan,nan,nan
-2.3144272332e-04,7.1957259013e-05,1.4568131999e+01,2.8984447819e+01,-2.0888269197e+01,5.8843342107e+01,3.0813150806e+01,-3.7133288005e+01,3.0813150806e+01,3.7133288005e+01,0.0000000000e+00,nan,nan,nan,nan,nan,nan
1.3417188312e-04,1.0895552996e-04,-7.4314827723e+00,-6.8263334207e-01,-1.6970861118e+01,8.3544448756e+00,-7.3777309473e+00,-1.7024612943e+01,-3.8256043292e-06,1.7024612943e+01,0.0000000000e+00,nan,nan,nan,nan,nan,nan
3.1719037113e-05,4.7858675625e-05,8.0097648389e+01,-1.5080758972e+01,-2.5271420839e+01,9.4914550228e+01,8.2212054899e+01,-2.7385827349e+01,8.2212054899e+01,2.7385827349e+01,0.0000000000e+00,nan,nan,nan,nan,nan,nan
1.3380727921e-04,1.0544932905e-04,-6.4294847319e+00,-9.2854905094e-01,-1.6932148996e+01,9.2460724631e+00,-6.3425944382e+00,-1.7019039289e+01,2.2472775237e-05,1.7019039289e+01,0.0000000000e+00,nan,nan,nan,nan,nan,nan
2.6341609376e-05,4.9354964205e-05,7.8205579826e+01,-1.3477265635e+01,-2.7513386297e+01,9.4482673668e+01,7.9895693841e+01,-2.9203500312e+01,7.9895693841e+01,2.9203500312e+01,0.0000000000e+00,nan,nan,nan,nan,nan,nan
-1.0396118167e-04,7.7908225923e-05,3.4223136672e+01,7.9616598119e+00,-3.6724540631e+01,6.2969638333e+01,3.5104835663e+01,-3.7606239622e+01,3.5104835663e+01,3.7606239622e+01,0.0000000000e+00,nan,nan,nan,nan,nan,nan
1.6454731173e-04,2.6223882941e-05,5.0999980330e+01,-1.5112298767e+01,-1.6956590870e+01,6.4411532601e+01,5.4209710416e+01,-2.0166320956e+01,5.4209710416e+01,2.0166320956e+01,0.0000000000e+00,nan,nan,nan,nan,nan,nan
-8.9258037739e-05,9.1151689521e-05,1.7236126266e+01,4.9535213320e+00,-3.5044137834e+01,4.6080376744e+01,1.7700512133e+01,-3.5508523702e+01,1.7700508361e+01,3.5508523702e+01,0.0000000000e+00,nan,nan,nan,nan,nan,nan
3.1502385702e-05,7.6004194767e-06,1.9851438025e+02,-1.6604520247e+01,-3.6445639495e+01,2.0550246617e+02,1.9968127454e+02,-3.7612533788e+01,1.9968127454e+02,3.7612533788e+01,0.0000000000e+00,nan,nan,nan,nan,nan,nan
1.6721835443e-05,4.8787603001e-05,8.1727128876e+01,-1.1915653726e+01,-3.1646646221e+01,1.0032931854e+02,8.2965400393e+01,-3.2884917738e+01,8.2965400393e+01,3.2884917738e+01,0.0000000000e+00,nan,nan,nan,nan,nan,nan
1.5671587087e-04,2.5429564320e-05,5.6933393108e+01,-1.5829891396e+01,-1.7764269903e+01,7.0261864520e+01,6.0150267997e+01,-2.0981144792e+01,6.0150267997e+01,2.0981144792e+01,0.0000000000e+00,nan,nan,nan,nan,nan,nan
-8.0868788498e-05,8.7107194499e-05,2.2207653294e+01,3.3970165241e+00,-3.6176991560e+01,5.0902564924e+01,2.2403940428e+01,-3.6373278695e+01,2.2403940548e+01,3.6373278695e+01,0.0000000000e+00,nan,nan,nan,nan,nan,nan
1.0224640503e-05,4.8462567026e-05,8.3605475580e+01,-1.0992143523e+01,-3.3985467925e+01,1.0360048448e+02,8.4623771433e+01,-3.5003763778e+01,8.4623771433e+01,3.5003763778e+01,0.0000000000e+00,nan,nan,nan,nan,nan,nan
1.4887343615e-04,2.4688103560e-05,6.3655359203e+01,-1.6763545548e+01,-1.8657802272e+01,7.6973206341e+01,6.6939279867e+01,-2.1941722936e+01,6.6939279867e+01,2.1941722936e+01,0.0000000000e+00,nan,nan,nan,nan,nan,nan
1.4494905508e-04,2.4339314673e-05,6.7448221336e+01,-1.7369103291e+01,-1.9101691073e+01,8.0768073784e+01,7.0804734272e+01,-2.2458204010e+01,7.0804734272e+01,2.2458204010e+01,0.0000000000e+00,nan,nan,nan,nan,nan,nan
8.1640069160e-06,7.5089780190e-06,1.9481686978e+02,-1.1367768691e+01,-4.2780296369e+01,2.0670430103e+02,1.9535907054e+02,-4.3322497138e+01,1.9535907054e+02,4.3322497138e+01,0.0000000000e+00,nan,nan,nan,nan,nan,nan
1.4423918826e-04,2.2052252292e-05,7.6191342816e+01,-1.9358965378e+01,-1.8894792204e+01,8.8914354205e+01,7.9983001641e+01,-2.2686451029e+01,7.9983001641e+01,2.2686451029e+01,0.0000000000e+00,nan,nan,nan,nan,nan,nan
3.7526703355e-07,4.8048511791e-05,8.5800153777e+01,-9.6705645530e+00,-3.6914827996e+01,1.0758564072e+02,8.6557261519e+01,-3.7671935737e+01,8.6557261519e+01,3.7671935737e+01,0.0000000000e+00,nan,nan,nan,nan,nan,nan
3.6543604583e-07,7.4838021841e-06,1.9383558866e+02,-9.8130277598e+00,-4.4530979257e+01,2.0712936280e+02,1.9423849807e+02,-4.4933888668e+01,1.9423849807e+02,4.4933888668e+01,0.0000000000e+00,nan,nan,nan,nan,nan,nan
3.4446413985e-04,4.9231805275e-05,-2.6380185671e+00,-1.2609815351e+01,1.1753139399e+00,2.2084122835e+01,1.2018921950e+01,-1.3481626577e+01,1.2018921950e+01,1.3481626577e+01,0.0000000000e+00,nan,nan,nan,nan,nan,nan
-1.1815014779e-04,3.5482844071e-05,1.1405222124e+02,1.2742970011e+01,-4.5293463908e+01,1.3975027382e+02,1.1506423688e+02,-4.6305479545e+01,1.1506423688e+02,4.6305479545e+01,0.0000000000e+00,nan,nan,nan,nan,nan,nan
3.0023778297e-04,3.9912582234e-05,-1.5332066521e+00,-8.9515269911e+00,-9.7691853259e+00,1.7064144706e+01,4.2007925505e+00,-1.5503184528e+01,4.2007925650e+00,1.5503184529e+01,0.0000000000e+00,nan,nan,nan,nan,nan,nan
3.0357386897e-04,3.6782272287e-05,-1.3780568928e+00,-9.2010170831e+00,-9.5464189540e+00,1.7433784363e+01,4.6031621719e+00,-1.5527638019e+01,4.6031622093e+00,1.5527638019e+01,0.0000000000e+00,nan,nan,nan,nan,nan,nan
-1.9159703850e-05,7.4332118486e-06,1.9181071849e+02,-6.1801829983e+00,-4.8033861489e+01,2.0798662908e+02,1.9196956479e+02,-4.8192707791e+01,1.9196956479e+02,4.8192707791e+01,0.0000000000e+00,nan,nan,nan,nan,nan,nan
3.4399540755e-04,4.5267967509e-05,-2.1783312557e+00,-1.2874024773e+01,8.4195012152e-01,2.2446288807e+01,1.2291180318e+01,-1.3627561452e+01,1.2291180318e+01,1.3627561452e+01,0.0000000000e+00,nan,nan,nan,nan,nan,nan
-1.0058450191e-04,3.5381399088e-05,1.1447758842e+02,8.7140500305e+00,-4.6186369187e+01,1.3995440955e+02,1.1494832564e+02,-4.6657106412e+01,1.1494832564e+02,4.6657106412e+01,0.0000000000e+00,nan,nan,nan,nan,nan,nan
1.3640676361e-04,2.1483850068e-05,8.6719300349e+01,-2.1623949625e+01,-1.8655079229e+01,9.8647789637e+01,9.0986438462e+01,-2.2922217342e+01,9.0986438462e+01,2.2922217342e+01,0.0000000000e+00,nan,nan,nan,nan,nan,nan
-3.0887890180e-05,7.4108868728e-06,1.9087434443e+02,-4.1061619715e+00,-4.9556438481e+01,2.0834013427e+02,1.9094418558e+02,-4.9626279627e+01,1.9094418558e+02,4.9626279627e+01,0.0000000000e+00,nan,nan,nan,nan,nan,nan
3.4732501585e-04,4.1789971760e-05,-2.0142669797e+00,-1.3292018847e+01,1.8142535185e+00,2.3254366033e+01,1.3325907758e+01,-1.3525921219e+01,1.3325907758e+01,1.3525921220e+01,0.0000000000e+00,nan,nan,nan,nan,nan,nan
-1.1257838501e-04,5.4207400056e-05,7.3155416701e+01,1.0895109924e+01,-4.1272430760e+01,1.0087695263e+02,7.4182828728e+01,-4.2299842787e+01,7.4182828728e+01,4.2299842787e+01,0.0000000000e+00,nan,nan,nan,nan,nan,nan
1.3707875644e-05,1.4725413574e-06,2.1382096532e+02,-1.1401088649e+01,-4.2652828736e+01,2.2298820374e+02,2.1432636775e+02,-4.3158231166e+01,2.1432636775e+02,4.3158231166e+01,0.0000000000e+00,nan,nan,nan,nan,nan,nan
-7.2101501825e-05,8.7025627579e-05,2.2195410812e+01,1.7985689946e+00,-3.6547085330e+01,5.0966701446e+01,2.2249801540e+01,-3.6601476059e+01,2.2249802677e+01,3.6601476059e+01,0.0000000000e+00,nan,nan,nan,nan,nan,nan
-8.6185056802e-05,3.8625462015e-05,1.0709426134e+02,5.4987688405e+00,-4.5889186813e+01,1.3282863259e+02,1.0729118405e+02,-4.6086109519e+01,1.0729118405e+02,4.6086109519e+01,0.0000000000e+00,nan,nan,nan,nan,nan,nan
1.2104557230e-04,2.0561085822e-05,1.1078199308e+02,-2.6915825817e+01,-1.7478303495e+01,1.2046740495e+02,1.1620373347e+02,-2.2900043884e+01,1.1620373347e+02,2.2900043884e+01,0.0000000000e+00,nan,nan,nan,nan,nan,nan
-5.4356625048e-05,7.3807991446e-06,1.8965426077e+02,-3.7849636018e-02,-5.1472349461e+01,2.0882136463e+02,1.8965402673e+02,-5.1472115425e+01,1.8965402673e+02,5.1472115425e+01,0.0000000000e+00,nan,nan,nan,nan,nan,nan
3.0487099254e-04,6.2293600615e-06,1.8342211016e+01,-1.9777333162e+01,-6.5348973925e+00,4.0464766434e+01,2.9266000606e+01,-1.7458686982e+01,2.9266000606e+01,1.7458686982e+01,0.0000000000e+00,nan,nan,nan,nan,nan,nan
-6.2178996167e-05,7.3762082721e-06,1.8944807439e+02,1.3201199420e+00,-5.1826454721e+01,2.0896196695e+02,1.8945505770e+02,-5.1833438032e+01,1.8945505770e+02,5.1833438032e+01,0.0000000000e+00,nan,nan,nan,nan,nan,nan
-4.4736563210e-05,4.5384248543e-05,9.2992384758e+01,-2.8475130763e+00,-4.3865992087e+01,1.1862480661e+02,9.3051260367e+01,-4.3924867695e+01,9.3051260367e+01,4.3924867695e+01,0.0000000000e+00,nan,nan,nan,nan,nan,nan
-7.2225824145e-05,3.8602200023e-05,1.0747970315e+02,2.5740372695e+00,-4.6003208163e+01,1.3299412848e+02,1.0752244337e+02,-4.6045948386e+01,1.0752244337e+02,4.6045948386e+01,0.0000000000e+00,nan,nan,nan,nan,nan,nan
3.1023265791e-04,3.0452982571e-05,-1.1040992659e+00,-9.7193435839e+00,-9.0746166571e+00,1.8192375655e+01,5.4140150202e+00,-1.5592730943e+01,5.4140150244e+00,1.5592730943e+01,0.0000000000e+00,nan,nan,nan,nan,nan,nan
-7.7823218787e-05,7.3684219046e-06,1.8937422810e+02,4.0700699492e+00,-5.2188481326e+01,2.0931775102e+02,1.8944253328e+02,-5.2256786513e+01,1.8944253328e+02,5.2256786513e+01,0.0000000000e+00,nan,nan,nan,nan,nan,nan
1.0977750543e-04,2.0053059722e-05,1.2966496796e+02,-3.0819229598e+01,-1.6654768144e+01,1.3750469394e+02,1.3589347197e+02,-2.2883272155e+01,1.3589347197e+02,2.2883272155e+01,0.0000000000e+00,nan,nan,nan,nan,nan,nan
-5.4942491329e-05,4.5318084697e-05,9.2976867970e+01,-9.8258298315e-01,-4.4358147451e+01,1.1894713629e+02,9.2983521416e+01,-4.4364800896e+01,9.2983521416e+01,4.4364800896e+01,0.0000000000e+00,nan,nan,nan,nan,nan,nan
1.0308477138e-04,2.1675862285e-05,1.2774394988e+02,-3.0442954811e+01,-1.6709991951e+01,1.3576239961e+02,1.3389943693e+02,-2.2865478993e+01,1.3389943693e+02,2.2865478993e+01,0.0000000000e+00,nan,nan,nan,nan,nan,nan
-8.5643222180e-05,7.3663969522e-06,1.8950997911e+02,5.4695703726e+00,-5.2218852098e+01,2.0955710156e+02,1.8963341251e+02,-5.2342285489e+01,1.8963341251e+02,5.2342285489e+01,0.0000000000e+00,nan,nan,nan,nan,nan,nan
-5.8249210614e-05,3.8619029987e-05,1.0777353471e+02,-2.1067631719e-01,-4.5749213000e+01,1.3295445065e+02,1.0777344873e+02,-4.5749127018e+01,1.0777344873e+02,4.5749127018e+01,0.0000000000e+00,nan,nan,nan,nan,nan,nan
-3.5305927060e-04,1.2780266507e-05,6.3342969920e+01,3.7857313167e+01,1.1789284735e+00,8.4826488499e+01,8.1235545166e+01,-1.6713646773e+01,8.1235545166e+01,1.6713613813e+01,0.0000000000e+00,nan,nan,nan,nan,nan,nan
3.4963489967e-04,3.0404337408e-05,-8.2621719105e-01,-1.4055154229e+01,1.8975859681e+00,2.4452498349e+01,1.4653340892e+01,-1.3581972115e+01,1.4653340892e+01,1.3581972126e+01,0.0000000000e+00,nan,nan,nan,nan,nan,nan
-4.6126015222e-05,4.0334681390e-05,1.0409385098e+02,-2.5306274771e+00,-4.4861526476e+01,1.2907298217e+02,1.0413648326e+02,-4.4904158751e+01,1.0413648326e+02,4.4904158751e+01,0.0000000000e+00,nan,nan,nan,nan,nan,nan
-7.1963607014e-05,4.5287377307e-05,9.2650822938e+01,2.3521573829e+00,-4.4637959266e+01,1.1896459371e+02,9.2690672039e+01,-4.4677808367e+01,9.2690672039e+01,4.4677808367e+01,0.0000000000e+00,nan,nan,nan,nan,nan,nan
-1.0909005668e-04,7.3663170455e-06,1.9065555349e+02,9.8054311482e+00,-5.1813015100e+01,2.1066908376e+02,1.9105112142e+02,-5.2208583024e+01,1.9105112142e+02,5.2208583024e+01,0.0000000000e+00,nan,nan,nan,nan,nan,nan
9.5787836450e-05,2.1409863252e-05,1.3881307004e+02,-3.2597748897e+01,-1.6284547945e+01,1.4570546787e+02,1.4538735214e+02,-2.2858830048e+01,1.4538735214e+02,2.2858830048e+01,0.0000000000e+00,nan,nan,nan,nan,nan,nan
-7.7170672140e-05,4.3606761226e-05,9.6141202769e+01,3.4678464195e+00,-4.4960428217e+01,1.2234434518e+02,9.6225927898e+01,-4.5045153347e+01,9.6225927898e+01,4.5045153347e+01,0.0000000000e+00,nan,nan,nan,nan,nan,nan
-1.1690594526e-04,7.3661617311e-06,1.9130450111e+02,1.1307693803e+01,-5.1532291629e+01,2.1121226458e+02,1.9182956255e+02,-5.2057353066e+01,1.9182956255e+02,5.2057353066e+01,0.0000000000e+00,nan,nan,nan,nan,nan,nan
-3.2268967858e-05,4.0461410981e-05,1.0392456934e+02,-4.9895798699e+00,-4.3702929035e+01,1.2814036186e+02,1.0409269257e+02,-4.3871052260e+01,1.0409269257e+02,4.3871052260e+01,0.0000000000e+00,nan,nan,nan,nan,nan,nan
-8.5566874246e-05,4.5319076733e-05,9.2215090280e+01,5.1948434375e+00,-4.4465799745e+01,1.1870974862e+02,9.2411750592e+01,-4.4662460056e+01,9.2411750592e+01,4.4662460056e+01,0.0000000000e+00,nan,nan,nan,nan,nan,nan
3.5294631345e-04,2.6814331301e-05,-5.2184791930e-01,-1.4436751153e+01,3.0219161784e+00,2.5186923844e+01,1.5791711391e+01,-1.3291643132e+01,1.5791711391e+01,1.3291643077e+01,0.0000000000e+00,nan,nan,nan,nan,nan,nan
-1.8472767197e-05,4.0669085481e-05,1.0328940951e+02,-7.2942486708e+00,-4.1873203993e+01,1.2634720637e+02,1.0365469637e+02,-4.2238490853e+01,1.0365469637e+02,4.2238490853e+01,0.0000000000e+00,nan,nan,nan,nan,nan,nan
-1.3641081477e-04,7.3755180150e-06,1.9353096828e+02,1.5213661868e+01,-5.0539646390e+01,2.1300680191e+02,1.9447519536e+02,-5.1483873477e+01,1.9447519536e+02,5.1483873477e+01,0.0000000000e+00,nan,nan,nan,nan,nan,nan
8.1448322541e-05,2.1026842606e-05,1.5665670652e+02,-3.5580316386e+01,-1.5799758339e+01,1.6156872091e+02,1.6371021860e+02,-2.2853270418e+01,1.6371021860e+02,2.2853270418e+01,0.0000000000e+00,nan,nan,nan,nan,nan,nan
-1.4420819058e-04,7.3800091667e-06,1.9469247322e+02,1.6847908297e+01,-5.0025922582e+01,2.1393111941e+02,1.9584646470e+02,-5.1179914065e+01,1.9584646470e+02,5.1179914065e+01,0.0000000000e+00,nan,nan,nan,nan,nan,nan
-1.2988544092e-05,3.9087682611e-05,1.0679557282e+02,-8.2443740903e+00,-4.1198658108e+01,1.2895921164e+02,1.0725309291e+02,-4.1656178203e+01,1.0725309291e+02,4.1656178203e+01,0.0000000000e+00,nan,nan,nan,nan,nan,nan
-1.0788355302e-04,4.3764507870e-05,9.4963532573e+01,1.0198064234e+01,-4.3951183040e+01,1.2159243640e+02,9.5707600655e+01,-4.4695251122e+01,9.5707600655e+01,4.4695251122e+01,0.0000000000e+00,nan,nan,nan,nan,nan,nan
3.1192174776e-04,2.0001025811e-05,-9.9813439431e-01,-9.7811331293e+00,-9.7829268688e+00,1.8567830435e+01,5.3296112683e+00,-1.6110672531e+01,5.3296112677e+00,1.6110672531e+01,0.0000000000e+00,nan,nan,nan,nan,nan,nan
5.7463030198e-06,1.4672013691e-06,2.1221865818e+02,-9.8898977115e+00,-4.4511867280e+01,2.2299345007e+02,2.1259872388e+02,-4.4891932978e+01,2.1259872388e+02,4.4891932978e+01,0.0000000000e+00,nan,nan,nan,nan,nan,nan
4.1919825115e-06,3.9504056903e-05,1.0477926259e+02,-1.1123964703e+01,-3.7240312414e+01,1.2449180042e+02,1.0564484957e+02,-3.8105899401e+01,1.0564484957e+02,3.8105899401e+01,0.0000000000e+00,nan,nan,nan,nan,nan,nan
-1.2144154213e-04,4.3897358292e-05,9.4279410521e+01,1.3368927140e+01,-4.3077547554e+01,1.2118619378e+02,9.5567813085e+01,-4.4365950119e+01,9.5567813085e+01,4.4365950119e+01,0.0000000000e+00,nan,nan,nan,nan,nan,nan
6.7330356026e-05,2.0772125708e-05,1.5999287009e+02,-3.1647068322e+01,-1.9451410611e+01,1.6478268779e+02,1.6540805889e+02,-2.4866599415e+01,1.6540805889e+02,2.4866599415e+01,0.0000000000e+00,nan,nan,nan,nan,nan,nan
3.1107755512e-04,1.6400789462e-05,-1.3390767451e+00,-9.5331727540e+00,-1.0505269901e+01,1.8318984850e+01,4.6542975113e+00,-1.6498644157e+01,4.6542975111e+00,1.6498644157e+01,0.0000000000e+00,nan,nan,nan,nan,nan,nan
1.4370219232e-05,3.9839509451e-05,1.0286615255e+02,-1.2975193315e+01,-3.4093935213e+01,1.2072019210e+02,1.0408394408e+02,-3.5311726739e+01,1.0408394408e+02,3.5311726739e+01,0.0000000000e+00,nan,nan,nan,nan,nan,nan
3.0692009187e-04,1.6001625030e-05,-8.1109591508e-01,-9.5591280731e+00,-1.0776288730e+01,1.8672722414e+01,4.9870089899e+00,-1.6574393635e+01,4.9870089893e+00,1.6574393635e+01,0.0000000000e+00,nan,nan,nan,nan,nan,nan
6.0206412350e-05,2.0645741400e-05,1.5905452738e+02,-2.8321916848e+01,-2.2323517395e+01,1.6455546814e+02,1.6337164882e+02,-2.6640638839e+01,1.6337164882e+02,2.6640638839e+01,0.0000000000e+00,nan,nan,nan,nan,nan,nan
-3.5266740598e-04,5.9601698063e-06,1.1092956055e+02,6.0818529894e+01,9.7641571908e+00,1.3698538759e+02,1.3943540927e+02,-1.8741691530e+01,1.3943540927e+02,1.8741690476e+01,0.0000000000e+00,nan,nan,nan,nan,nan,nan
-9.4492423391e-05,6.8366129109e-05,4.8925534797e+01,6.3530201373e+00,-3.9217539930e+01,7.7122048196e+01,4.9380432720e+01,-3.9672437853e+01,4.9380432720e+01,3.9672437853e+01,0.0000000000e+00,nan,nan,nan,nan,nan,nan
3.0276320405e-04,1.5635750080e-05,4.0997326075e+00,-1.1676381522e+01,-1.0735090700e+01,2.3978501432e+01,1.0526315210e+01,-1.7161673303e+01,1.0526315215e+01,1.7161673303e+01,0.0000000000e+00,nan,nan,nan,nan,nan,nan
2.7763990036e-05,4.0381449972e-05,9.9414429031e+01,-1.5859609840e+01,-2.8930756209e+01,1.1449239900e+02,1.0134405379e+02,-3.0860380971e+01,1.0134405379e+02,3.0860380971e+01,0.0000000000e+00,nan,nan,nan,nan,nan,nan
3.5236306452e-04,2.2938565822e-05,-1.6968138751e-01,-1.4380131274e+01,2.3842082990e+00,2.4999828914e+01,1.5540921409e+01,-1.3326394498e+01,1.5540921409e+01,1.3326394595e+01,0.0000000000e+00,nan,nan,nan,nan,nan,nan
4.5809595160e-05,2.0394956981e-05,1.5808701722e+02,-2.2704282354e+01,-2.7931709241e+01,1.6582455298e+02,1.6081650429e+02,-3.0661196313e+01,1.6081650429e+02,3.0661196313e+01,0.0000000000e+00,nan,nan,nan,nan,nan,nan
-8.6693031882e-05,8.7188785027e-05,2.2134088958e+01,4.4710668206e+00,-3.5892736560e+01,5.0844620986e+01,2.2475831812e+01,-3.6234479415e+01,2.2475831590e+01,3.6234479415e+01,0.0000000000e+00,nan,nan,nan,nan,nan,nan
3.0201227530e-04,1.2384974109e-05,1.4980113204e+01,-1.6959767462e+01,-7.9675185928e+00,3.5478180577e+01,2.3989634412e+01,-1.6977039801e+01,2.3989634413e+01,1.6977039801e+01,0.0000000000e+00,nan,nan,nan,nan,nan,nan
-5.9070591866e-05,9.6842004716e-05,9.3489485988e+00,-7.9622443834e-02,-3.5309849472e+01,3.8674759607e+01,9.3484324334e+00,-3.5309333306e+01,9.3484341499e+00,3.5309333306e+01,0.0000000000e+00,nan,nan,nan,nan,nan,nan
5.4434981450e-05,4.3800506060e-05,7.9185482597e+01,-1.8869281732e+01,-1.9224688802e+01,9.1279908385e+01,8.2680876575e+01,-2.2720082780e+01,8.2680876575e+01,2.2720082780e+01,0.0000000000e+00,nan,nan,nan,nan,nan,nan
-7.2701342192e-05,6.8174189218e-05,4.9770916595e+01,1.9524097883e+00,-4.0065448632e+01,7.7873141315e+01,4.9812813082e+01,-4.0107345120e+01,4.9812813082e+01,4.0107345120e+01,0.0000000000e+00,nan,nan,nan,nan,nan,nan
-2.6967879204e-05,9.9566814286e-05,3.7530769595e+00,-4.6458142910e+00,-3.5781278216e+01,3.5169746746e+01,4.2911621224e+00,-3.6319363379e+01,4.3393505404e+00,3.6319363379e+01,0.0000000000e+00,nan,nan,nan,nan,nan,nan
6.4136185961e-05,4.4643278953e-05,6.9210878284e+01,-1.6375346532e+01,-1.9806447472e+01,8.2145445131e+01,7.2128910265e+01,-2.2724479453e+01,7.2128910265e+01,2.2724479453e+01,0.0000000000e+00,nan,nan,nan,nan,nan,nan
-2.1426095172e-05,9.9835070517e-05,3.0738541349e+00,-5.2606691246e+00,-3.5851594213e+01,3.4919162214e+01,3.7717176651e+00,-3.6549457743e+01,3.8314142779e+00,3.6549457743e+01,0.0000000000e+00,nan,nan,nan,nan,nan,nan
-1.0399706659e-05,1.0053501013e-04,1.6679770595e+00,-6.1779566648e+00,-3.5899040128e+01,3.4247171347e+01,2.6570820620e+00,-3.6888145130e+01,2.6437007489e+00,3.6888145130e+01,0.0000000000e+00,nan,nan,nan,nan,nan,nan
-4.9216347995e-06,1.0097985594e-04,9.5289767660e-01,-6.4404190915e+00,-3.5856088470e+01,3.3771289740e+01,2.0462678255e+00,-3.6949458619e+01,1.9218465937e+00,3.6949458619e+01,0.0000000000e+00,nan,nan,nan,nan,nan,nan
2.2030579844e-05,1.0445769855e-04,-2.3707723006e+00,-5.1013982430e+00,-3.4296922795e+01,2.9020133279e+01,-1.5790657877e+00,-3.5088629308e+01,-2.2379312976e-01,3.5088629308e+01,0.0000000000e+00,nan,nan,nan,nan,nan,nan
5.3060066796e-07,1.0149686752e-04,2.3775909889e-01,-6.5452167245e+00,-3.5747976759e+01,3.3160381831e+01,1.3900465469e+00,-3.6900264207e+01,1.1467038472e+00,3.6900264207e+01,0.0000000000e+00,nan,nan,nan,nan,nan,nan
1.3215434613e-05,1.0096256284e-04,1.6131839047e+00,-5.9076221924e+00,-3.4919540541e+01,3.3248768837e+01,2.5430073197e+00,-3.5849363956e+01,2.5048006074e+00,3.5849363956e+01,0.0000000000e+00,nan,nan,nan,nan,nan,nan
7.7938859034e-06,1.0025014345e-04,2.2715611670e+00,-6.3025887812e+00,-3.5353594925e+01,3.4362034786e+01,3.2979131545e+00,-3.6379946913e+01,3.3463390685e+00,3.6379946913e+01,0.0000000000e+00,nan,nan,nan,nan,nan,nan
1.8459378492e-04,1.4700493351e-04,-6.4299884059e-01,-5.3503160180e+00,-1.2529843825e+01,1.3850192233e+01,1.4099908812e+00,-1.4582833547e+01,1.4287262275e+00,1.4582833547e+01,0.0000000000e+00,nan,nan,nan,nan,nan,nan
-6.6457697716e-05,6.8162273506e-05,4.9887433200e+01,7.6037282398e-01,-4.0185139225e+01,7.8015426309e+01,4.9893374368e+01,-4.0191080393e+01,4.9893374368e+01,4.0191080393e+01,0.0000000000e+00,nan,nan,nan,nan,nan,nan
3.1238173030e-05,2.0160354493e-05,1.5780878045e+02,-1.8152542833e+01,-3.3195093586e+01,1.6837408334e+02,1.5951766577e+02,-3.4903978911e+01,1.5951766577e+02,3.4903978911e+01,0.0000000000e+00,nan,nan,nan,nan,nan,nan
1.8053800388e-04,1.4189139250e-04,-2.2605084225e+00,-4.8362683623e+00,-1.3033784688e+01,1.2537978561e+01,-4.0834125811e-01,-1.4885951853e+01,-8.0607961888e-02,1.4885951853e+01,0.0000000000e+00,nan,nan,nan,nan,nan,nan
1.7196647026e-04,1.2768252211e-04,-6.0627992516e+00,-2.8740855120e+00,-1.4902417968e+01,9.1283086435e+00,-5.2123771570e+00,-1.5752840062e+01,9.1724536892e-05,1.5752840062e+01,0.0000000000e+00,nan,nan,nan,nan,nan,nan
1.7677446730e-04,1.4433203913e-04,-1.8645639035e+00,-4.7794471156e+00,-1.3132402458e+01,1.2795853733e+01,-1.1079358329e-01,-1.4886172778e+01,-5.1179104054e-02,1.4886172778e+01,0.0000000000e+00,nan,nan,nan,nan,nan,nan
7.6667086798e-05,4.3850658328e-05,6.2594865938e+01,-1.4849452105e+01,-2.0167014150e+01,7.6151232565e+01,6.5179860515e+01,-2.2752008727e+01,6.5179860515e+01,2.2752008727e+01,0.0000000000e+00,nan,nan,nan,nan,nan,nan
1.6838464218e-04,1.3004777938e-04,-6.0259396534e+00,-2.7804961137e+00,-1.5105687992e+01,9.2174475234e+00,-5.2441180138e+00,-1.5887509632e+01,1.1269656882e-04,1.5887509632e+01,0.0000000000e+00,nan,nan,nan,nan,nan,nan
4.9289668813e-05,1.1820223327e-04,-1.3070643882e+01,2.2751662573e-01,-3.1823116266e+01,1.6161172134e+01,-1.3116222992e+01,-3.1777537156e+01,8.9139156032e-03,3.1777537157e+01,0.0000000000e+00,nan,nan,nan,nan,nan,nan
8.6890401733e-05,4.5030993185e-05,5.3905460205e+01,-1.2702485773e+01,-2.0680861753e+01,6.8240048308e+01,5.6010709486e+01,-2.2786111034e+01,5.6010709486e+01,2.2786111034e+01,0.0000000000e+00,nan,nan,nan,nan,nan,nan
9.1056656486e-05,4.7804407934e-05,4.6655813455e+01,-1.0807781965e+01,-2.1118446322e+01,6.1609373558e+01,4.8338871975e+01,-2.2801504842e+01,4.8338871975e+01,2.2801504842e+01,0.0000000000e+00,nan,nan,nan,nan,nan,nan
9.4548502615e-05,4.8294305363e-05,4.4218507604e+01,-1.0219920129e+01,-2.1255936675e+01,5.9403565683e+01,4.5777950102e+01,-2.2815379173e+01,4.5777950102e+01,2.2815379173e+01,0.0000000000e+00,nan,nan,nan,nan,nan,nan
3.5423241101e-04,1.1705097061e-05,9.5355796412e-02,-1.3791917997e+01,2.2173198257e+00,2.3955190360e+01,1.4986873414e+01,-1.2674197792e+01,1.4986873414e+01,1.2674197477e+01,0.0000000000e+00,nan,nan,nan,nan,nan,nan
1.5011318718e-04,1.4125292821e-04,-5.6431397353e+00,-2.3016497238e+00,-1.6617136687e+01,1.0309914799e+01,-5.1777061268e+00,-1.7082570296e+01,1.3812292352e-03,1.7082570296e+01,0.0000000000e+00,nan,nan,nan,nan,nan,nan
4.5481906421e-05,1.1017170439e-04,-3.1006622089e+00,2.0394708527e+00,-2.8825092268e+01,2.2521266578e+01,-2.9602179173e+00,-2.8965536559e+01,-2.2841479372e-02,2.8965536559e+01,0.0000000000e+00,nan,nan,nan,nan,nan,nan
1.3528026032e-04,1.2341272388e-04,-1.0023243163e+01,-6.5460278690e-01,-1.6999859813e+01,6.1513778270e+00,-9.9600518439e+00,-1.7063051133e+01,-2.4574480416e-07,1.7063051133e+01,0.0000000000e+00,nan,nan,nan,nan,nan,nan
1.1177555589e-04,4.8522610169e-05,3.6720510350e+01,-8.5740230107e+00,-2.1650441819e+01,5.2689119257e+01,3.7955111452e+01,-2.2885042921e+01,3.7955111452e+01,2.2885042921e+01,0.0000000000e+00,nan,nan,nan,nan,nan,nan
1.3191622146e-04,1.2543063237e-04,-1.0220868266e+01,-6.5214151033e-01,-1.7015215381e+01,5.9950097826e+00,-1.0156821312e+01,-1.7079262335e+01,-2.5502229116e-07,1.7079262335e+01,0.0000000000e+00,nan,nan,nan,nan,nan,nan
1.3909867532e-04,1.3248940673e-04,-8.5088976448e+00,-1.5456053284e+00,-1.6788180905e+01,7.6566588855e+00,-8.2279652065e+00,-1.7069113344e+01,1.1348901138e-05,1.7069113344e+01,0.0000000000e+00,nan,nan,nan,nan,nan,nan
1.2175009021e-04,1.2404702723e-04,-1.0503873290e+01,-2.0114034837e-01,-1.7054094113e+01,5.6947689982e+00,-1.0491107287e+01,-1.7066860116e+01,-6.3660189070e-08,1.7066860116e+01,0.0000000000e+00,nan,nan,nan,nan,nan,nan
1.0542413459e-04,1.1928405598e-04,-1.0787259919e+01,2.6165623686e+00,-2.1072651941e+01,9.9803734540e+00,-1.0167784630e+01,-2.1692127231e+01,-8.6194183309e-07,2.1692127232e+01,0.0000000000e+00,nan,nan,nan,nan,nan,nan
8.6813013451e-05,1.1904892283e-04,-8.7247925749e+00,4.5119969853e+00,-2.0651148897e+01,1.2975424517e+01,-7.1966058977e+00,-2.2179335574e+01,7.7439196676e-06,2.2179336234e+01,0.0000000000e+00,nan,nan,nan,nan,nan,nan
1.2745195124e-04,5.3672065720e-05,2.5347079291e+01,-5.8596047298e+00,-2.2263048284e+01,4.2465250801e+01,2.6059339485e+01,-2.2975308478e+01,2.6059339488e+01,2.2975308478e+01,0.0000000000e+00,nan,nan,nan,nan,nan,nan
1.0878209560e-04,1.2436864819e-04,-1.0737766816e+01,4.9267268412e-01,-1.7565350265e+01,5.9527651477e+00,-1.0714727980e+01,-1.7588389101e+01,-1.3118419209e-07,1.7588389102e+01,0.0000000000e+00,nan,nan,nan,nan,nan,nan
1.3512241390e-04,5.5090347610e-05,2.2039683471e+01,-5.6393894337e+00,-2.1120878937e+01,3.8632876208e+01,2.2764103746e+01,-2.1845299211e+01,2.2764103721e+01,2.1845299211e+01,0.0000000000e+00,nan,nan,nan,nan,nan,nan
1.5418011603e-04,5.8844179852e-05,1.5989867857e+01,-6.4272056622e+00,-1.7342191842e+01,3.0937527946e+01,1.7185628096e+01,-1.8537952082e+01,1.7185623922e+01,1.8537952081e+01,0.0000000000e+00,nan,nan,nan,nan,nan,nan
1.7255472011e-04,5.9629425960e-05,1.4819290491e+01,-8.2843847927e+00,-1.4992294823e+01,2.9535781866e+01,1.6965989445e+01,-1.7138993777e+01,1.6966261790e+01,1.7138993777e+01,0.0000000000e+00,nan,nan,nan,nan,nan,nan
-4.7925630700e-06,3.0123739377e-06,2.0606218073e+02,-8.2300906504e+00,-4.6401322256e+01,2.1910347785e+02,2.0632988116e+02,-4.6669022678e+01,2.0632988116e+02,4.6669022678e+01,0.0000000000e+00,nan,nan,nan,nan,nan,nan
1.7579302408e-04,5.7332857070e-05,1.5949192610e+01,-8.5592951715e+00,-1.4980294203e+01,3.0613142217e+01,1.8158955103e+01,-1.7190056696e+01,1.8159025893e+01,1.7190056696e+01,0.0000000000e+00,nan,nan,nan,nan,nan,nan
1.8345092194e-04,5.8762463165e-05,1.4219181614e+01,-8.7657225420e+00,-1.4537397273e+01,2.9171274276e+01,1.6682935226e+01,-1.7001150885e+01,1.6681828885e+01,1.7001150885e+01,0.0000000000e+00,nan,nan,nan,nan,nan,nan
1.8788606307e-04,6.2697242007e-05,6.5013002691e+00,-6.5623700201e+00,-1.5205509267e+01,2.1976069681e+01,8.3357852470e+00,-1.7039994245e+01,8.3210866495e+00,1.7039994245e+01,0.0000000000e+00,nan,nan,nan,nan,nan,nan
-1.3216030054e-05,1.9659672811e-05,1.5736058384e+02,-8.1654122674e+00,-4.4791924483e+01,1.7563889719e+02,1.5768949425e+02,-4.5120834896e+01,1.5768949425e+02,4.5120834896e+01,0.0000000000e+00,nan,nan,nan,nan,nan,nan
5.7581357052e-06,7.2245897664e-05,4.1709291509e+01,-6.9760119444e+00,-3.3884850793e+01,6.6572126434e+01,4.2347655476e+01,-3.4523214759e+01,4.2347655476e+01,3.4523214759e+01,0.0000000000e+00,nan,nan,nan,nan,nan,nan
1.4687146391e-05,7.3054946459e-05,3.9275307708e+01,-6.5082889466e+00,-3.1119791173e+01,6.1997355640e+01,3.9871948235e+01,-3.1716431700e+01,3.9871948236e+01,3.1716431700e+01,0.0000000000e+00,nan,nan,nan,nan,nan,nan
2.8477764825e-04,1.1434108612e-04,-2.8074375014e+00,-8.0917841240e+00,-7.2255401969e+00,1.4527402424e+01,3.3709108510e+00,-1.3403888549e+01,3.3709108503e+00,1.3403888549e+01,0.0000000000e+00,nan,nan,nan,nan,nan,nan
4.4900506550e-05,7.3271635487e-05,2.9576799188e+01,-4.1944827391e+00,-2.2289044794e+01,4.5502267985e+01,2.9914623867e+01,-2.2626869472e+01,2.9914623867e+01,2.2626869472e+01,0.0000000000e+00,nan,nan,nan,nan,nan,nan
4.9345274798e-05,7.8421626651e-05,2.2471805087e+01,-2.2209301928e+00,-2.2463070529e+01,3.9106201820e+01,2.2582343426e+01,-2.2573608869e+01,2.2582343428e+01,2.2573608869e+01,0.0000000000e+00,nan,nan,nan,nan,nan,nan
6.7132332357e-05,8.2636650856e-05,1.3504840566e+01,-6.2986012724e-01,-2.2518053159e+01,3.1220040702e+01,1.3518292607e+01,-2.2531505199e+01,1.3518292333e+01,2.2531505200e+01,0.0000000000e+00,nan,nan,nan,nan,nan,nan
8.1440092923e-05,8.1654358696e-05,1.0898723356e+01,-6.7829838298e-01,-2.2615144681e+01,2.9052687005e+01,1.0915366001e+01,-2.2631787325e+01,1.0915359551e+01,2.2631787326e+01,0.0000000000e+00,nan,nan,nan,nan,nan,nan
8.5233898888e-05,8.5305283749e-05,7.3573409819e+00,9.2638835108e-02,-2.2633387384e+01,2.5979027454e+01,7.3609752926e+00,-2.2637021695e+01,7.3608849573e+00,2.2637021695e+01,0.0000000000e+00,nan,nan,nan,nan,nan,nan
-1.3588366886e-04,4.0670670529e-05,1.0130659535e+02,1.6973301502e+01,-4.2713966521e+01,1.2814200460e+02,1.0327913527e+02,-4.4686506438e+01,1.0327913527e+02,4.4686506438e+01,0.0000000000e+00,nan,nan,nan,nan,nan,nan
-9.9452476867e-05,1.9466523253e-05,1.5579783738e+02,8.4299129978e+00,-4.9674514346e+01,1.7854163539e+02,1.5614272277e+02,-5.0019399738e+01,1.5614272277e+02,5.0019399738e+01,0.0000000000e+00,nan,nan,nan,nan,nan,nan
9.8928654538e-05,9.2461966007e-05,7.7384256248e-01,1.2292372944e+00,-2.2689394588e+01,2.0437433494e+01,8.4178171644e-01,-2.2757333742e+01,7.7553131323e-01,2.2757333742e+01,0.0000000000e+00,nan,nan,nan,nan,nan,nan
9.5586162195e-05,9.1310421728e-05,1.8642455486e+00,1.0919865973e+00,-2.2667166177e+01,2.1335362371e+01,1.9165168939e+00,-2.2719437523e+01,1.9257753307e+00,2.2719437523e+01,0.0000000000e+00,nan,nan,nan,nan,nan,nan
1.2717347178e-04,1.0612162290e-04,-5.9793312573e+00,-9.3408125277e-01,-1.6946438534e+01,9.6482089193e+00,-5.8924888787e+00,-1.7033280912e+01,-1.7854646043e-05,1.7033280912e+01,0.0000000000e+00,nan,nan,nan,nan,nan,nan
1.1376025287e-04,1.0392292250e-04,-5.6979186221e+00,1.5041571857e+00,-2.1538393267e+01,1.3955337431e+01,-5.5610381220e+00,-2.1675273767e+01,-2.9972355253e-04,2.1675273767e+01,0.0000000000e+00,nan,nan,nan,nan,nan,nan
1.1684614684e-04,1.0202704775e-04,-4.8319147099e+00,7.7989237934e-01,-2.0458466869e+01,1.3590349368e+01,-4.7987989238e+00,-2.0491582655e+01,-4.7554736688e-04,2.0491582655e+01,0.0000000000e+00,nan,nan,nan,nan,nan,nan
-2.2161570120e-05,1.4598561425e-06,2.0813910366e+02,-5.0526680381e+00,-4.9488676856e+01,2.2328337209e+02,2.0823792838e+02,-4.9587501577e+01,2.0823792838e+02,4.9587501577e+01,0.0000000000e+00,nan,nan,nan,nan,nan,nan
-3.2582020684e-04,4.2378808760e-05,4.2150320589e+01,2.9618903351e+01,-2.0709150790e+00,6.4076209924e+01,5.7034119803e+01,-1.6954714293e+01,5.7034119803e+01,1.6954714298e+01,0.0000000000e+00,nan,nan,nan,nan,nan,nan
-1.8634355118e-04,1.6631812397e-05,1.7335541332e+02,2.9091083405e+01,-4.3270045714e+01,1.9424998899e+02,1.7719296723e+02,-4.7107599630e+01,1.7719296723e+02,4.7107599630e+01,0.0000000000e+00,nan,nan,nan,nan,nan,nan
-1.6366943677e-04,7.3971790586e-06,1.9834257610e+02,2.1151660712e+01,-4.8420068983e+01,2.1681920117e+02,2.0014187772e+02,-5.0219370598e+01,2.0014187772e+02,5.0219370598e+01,0.0000000000e+00,nan,nan,nan,nan,nan,nan
-1.9378852229e-04,1.6675403915e-05,1.7481886509e+02,3.1319378267e+01,-4.2049828279e+01,1.9548881085e+02,1.7925003597e+02,-4.6480999160e+01,1.7925003597e+02,4.6480999160e+01,0.0000000000e+00,nan,nan,nan,nan,nan,nan
-3.1167133834e-04,4.4082539983e-05,4.6307747453e+01,3.0416605805e+01,-2.6947172530e+00,6.7710792647e+01,6.0899359462e+01,-1.7286329262e+01,6.0899359462e+01,1.7286329262e+01,0.0000000000e+00,nan,nan,nan,nan,nan,nan
-2.1701969203e-04,1.2101044554e-05,1.9837154615e+02,3.7523825905e+01,-3.8677836314e+01,2.1533026071e+02,2.0416783890e+02,-4.4474129066e+01,2.0416783890e+02,4.4474129066e+01,0.0000000000e+00,nan,nan,nan,nan,nan,nan
-2.2075877266e-04,1.2129493974e-05,1.9969737012e+02,3.8858737605e+01,-3.7682241777e+01,2.1631090606e+02,2.0589472401e+02,-4.3879595672e+01,2.0589472401e+02,4.3879595672e+01,0.0000000000e+00,nan,nan,nan,nan,nan,nan
-2.3034985902e-04,1.7034673836e-05,1.8259261084e+02,4.4102241707e+01,-3.2823394737e+01,2.0158463746e+02,1.9126955275e+02,-4.1500336652e+01,1.9126955275e+02,4.1500336652e+01,0.0000000000e+00,nan,nan,nan,nan,nan,nan
-2.3393897893e-04,1.7093354979e-05,1.8319994942e+02,4.5538701435e+01,-3.1478950034e+01,2.0195242150e+02,1.9245778463e+02,-4.0736785214e+01,1.9245778463e+02,4.0736785215e+01,0.0000000000e+00,nan,nan,nan,nan,nan,nan
-3.0796527278e-04,3.4390019161e-05,6.2011457040e+01,3.6833651044e+01,-7.4892236154e-02,8.3454151023e+01,7.9150558960e+01,-1.7213994156e+01,7.9150558960e+01,1.7213994156e+01,0.0000000000e+00,nan,nan,nan,nan,nan,nan
-3.2540579855e-05,2.9888147090e-06,2.0301252718e+02,-3.4800017991e+00,-5.0490731032e+01,2.1962260248e+02,2.0306006674e+02,-5.0538270591e+01,2.0306006674e+02,5.0538270591e+01,0.0000000000e+00,nan,nan,nan,nan,nan,nan
-2.5353127762e-04,1.0863002902e-05,2.1995103842e+02,5.2161063840e+01,-2.4874759192e+01,2.3046492215e+02,2.3059712446e+02,-3.5520845227e+01,2.3059712446e+02,3.5520845227e+01,0.0000000000e+00,nan,nan,nan,nan,nan,nan
-2.7146511729e-04,1.1280819715e-05,2.2237485301e+02,6.1716215228e+01,-1.1009565853e+01,2.2863421888e+02,2.3768467140e+02,-2.6319384234e+01,2.3768467140e+02,2.6319384234e+01,0.0000000000e+00,nan,nan,nan,nan,nan,nan
-2.6795649312e-04,1.1168634289e-05,2.2283452321e+02,5.9823255343e+01,-1.4260761927e+01,2.2998497641e+02,2.3706876868e+02,-2.8495007399e+01,2.3706876868e+02,2.8495007399e+01,0.0000000000e+00,nan,nan,nan,nan,nan,nan
-3.6505706295e-05,2.9863581158e-06,2.0272270958e+02,-2.8245940253e+00,-5.0892468049e+01,2.1969128758e+02,2.0275394479e+02,-5.0923703260e+01,2.0275394479e+02,5.0923703260e+01,0.0000000000e+00,nan,nan,nan,nan,nan,nan
1.9262490480e-04,4.8717458447e-05,1.9686938101e+01,-9.8781042579e+00,-1.4574341273e+01,3.4250087989e+01,2.2330595934e+01,-1.7217999106e+01,2.2330533181e+01,1.7217999106e+01,0.0000000000e+00,nan,nan,nan,nan,nan,nan
1.8550122936e-04,5.0405304681e-05,1.9172451831e+01,-9.4039942007e+00,-1.4852743958e+01,3.3668205895e+01,2.1598201673e+01,-1.7278493800e+01,2.1598207163e+01,1.7278493800e+01,0.0000000000e+00,nan,nan,nan,nan,nan,nan
-1.9130265247e-05,1.2767497753e-04,-3.2769559388e+01,-1.0949162318e+00,-3.2218303180e+01,1.7180124271e+00,-3.1502036347e+01,-3.3485826221e+01,2.7037483084e-08,3.3485826221e+01,1.0000000000e+00,1.6882124753e+01,1.6836720447e+01,1.2373280795e+00,2.0123850078e+01,-7.3292200930e-02,9.9731050996e-01
1.7777254941e-04,4.9104152581e-05,2.0421568650e+01,-9.0304075208e+00,-1.5452629275e+01,3.4782727395e+01,2.2566286712e+01,-1.7597347337e+01,2.2566282576e+01,1.7597347337e+01,0.0000000000e+00,nan,nan,nan,nan,nan,nan
1.7322296072e-04,4.5552155753e-05,2.3646035283e+01,-9.2746814267e+00,-1.5983389092e+01,3.7893755842e+01,2.5709293232e+01,-1.8046647040e+01,2.5709292925e+01,1.8046647040e+01,0.0000000000e+00,nan,nan,nan,nan,nan,nan
4.6330164023e-06,1.2723703520e-04,-3.9025124564e+01,-5.3171400238e+00,-3.4147456981e+01,1.0027144647e+01,-3.0797116112e+01,-4.2375465434e+01,2.2946406736e-08,4.2375465434e+01,0.0000000000e+00,nan,nan,nan,nan,nan,nan
1.6162397956e-04,4.3689373953e-05,2.7480969224e+01,-9.1951846144e+00,-1.7246375209e+01,4.1881559027e+01,2.9297626386e+01,-1.9063032371e+01,2.9297626385e+01,1.9063032371e+01,0.0000000000e+00,nan,nan,nan,nan,nan,nan
1.5461317167e-04,4.5227112583e-05,2.7487737234e+01,-8.6145989909e+00,-1.8110442946e+01,4.2214159387e+01,2.9061003430e+01,-1.9683709142e+01,2.9061003437e+01,1.9683709142e+01,0.0000000000e+00,nan,nan,nan,nan,nan,nan
1.3447803552e-04,3.9684307790e-05,4.0524515395e+01,-1.0062633692e+01,-2.1404424200e+01,5.6393859328e+01,4.2119055461e+01,-2.2998964266e+01,4.2119055461e+01,2.2998964266e+01,0.0000000000e+00,nan,nan,nan,nan,nan,nan
1.2677387081e-04,3.8669813895e-05,4.5471903028e+01,-1.1258057245e+01,-2.1076954216e+01,6.0844303966e+01,4.7325949679e+01,-2.2931000867e+01,4.7325949679e+01,2.2931000867e+01,0.0000000000e+00,nan,nan,nan,nan,nan,nan
1.1250282395e-04,3.9221506617e-05,5.1501807043e+01,-1.2600062992e+01,-2.0748113463e+01,6.6269129016e+01,5.3637346267e+01,-2.2883652686e+01,5.3637346267e+01,2.2883652686e+01,0.0000000000e+00,nan,nan,nan,nan,nan,nan
1.0443213805e-04,3.6072986915e-05,6.3305772885e+01,-1.5590167139e+01,-2.0029253844e+01,7.7058865283e+01,6.6128216135e+01,-2.2851697094e+01,6.6128216135e+01,2.2851697094e+01,0.0000000000e+00,nan,nan,nan,nan,nan,nan
-4.5619742527e-05,5.9265488705e-05,6.5529689055e+01,-2.8168353863e+00,-4.1540467552e+01,9.2853144270e+01,6.5603398590e+01,-4.1614177088e+01,6.5603398590e+01,4.1614177088e+01,0.0000000000e+00,nan,nan,nan,nan,nan,nan
-4.4436280048e-05,2.9820458128e-06,2.0224723361e+02,-1.5199678402e+00,-5.1574065086e+01,2.1983109216e+02,2.0225612450e+02,-5.1582955975e+01,2.0225612450e+02,5.1582955975e+01,0.0000000000e+00,nan,nan,nan,nan,nan,nan
-3.5956208143e-05,5.9403207418e-05,6.5293033191e+01,-4.3248173184e+00,-4.1009677073e+01,9.2364582553e+01,6.5468394659e+01,-4.1185038541e+01,6.5468394659e+01,4.1185038541e+01,0.0000000000e+00,nan,nan,nan,nan,nan,nan
8.6631201476e-05,3.4447872095e-05,8.2403296498e+01,-2.0229948971e+01,-1.8897194125e+01,9.4470268762e+01,8.6295486287e+01,-2.2789383913e+01,8.6295486287e+01,2.2789383913e+01,0.0000000000e+00,nan,nan,nan,nan,nan,nan
8.0466528009e-05,3.5985172591e-05,8.2482205201e+01,-2.0174152089e+01,-1.8898991292e+01,9.4499356932e+01,8.6350836117e+01,-2.2767622208e+01,8.6350836117e+01,2.2767622208e+01,0.0000000000e+00,nan,nan,nan,nan,nan,nan
7.7038995069e-05,3.5719909383e-05,8.6580773740e+01,-2.1160693005e+01,-1.8662623247e+01,9.8239493251e+01,9.0677673120e+01,-2.2759522627e+01,9.0677673120e+01,2.2759522627e+01,0.0000000000e+00,nan,nan,nan,nan,nan,nan
1.3984497481e-04,7.5830612155e-05,5.6998607916e+00,-3.6247545509e+00,-1.7952966225e+01,2.1420737131e+01,6.2407156322e+00,-1.8493821066e+01,6.2410736617e+00,1.8493821066e+01,0.0000000000e+00,nan,nan,nan,nan,nan,nan
6.6916323895e-05,3.5049253067e-05,9.9184112333e+01,-2.4171809077e+01,-1.7946412684e+01,1.0974102912e+02,1.0397786253e+02,-2.2740162878e+01,1.0397786253e+02,2.2740162878e+01,0.0000000000e+00,nan,nan,nan,nan,nan,nan
6.0284875342e-05,3.4694018002e-05,1.0751091653e+02,-2.6125440856e+01,-1.7455048260e+01,1.1730645479e+02,1.1275484739e+02,-2.2698979116e+01,1.1275484739e+02,2.2698979116e+01,0.0000000000e+00,nan,nan,nan,nan,nan,nan
4.0688951627e-05,1.3337879741e-04,-5.7732452049e+01,-1.1807711064e+01,-3.6150590925e+01,2.7625309666e+01,-3.0992041515e+01,-6.2891001459e+01,1.7350125798e-07,6.2891001456e+01,1.0000000000e+00,1.0776301412e+01,1.0627896892e+01,1.7822681504e+00,1.9983043915e+01,-1.6538774133e-01,9.8622862208e-01
3.4339394089e-06,6.2670405624e-05,5.7388925382e+01,-8.1315348444e+00,-3.4678952720e+01,8.0967331739e+01,5.8101497106e+01,-3.5391524444e+01,5.8101497106e+01,3.5391524444e+01,0.0000000000e+00,nan,nan,nan,nan,nan,nan
5.0411134088e-05,3.4254229302e-05,1.1309714141e+02,-2.4410987875e+01,-2.0668474271e+01,1.2331271835e+02,1.1740896470e+02,-2.4980297566e+01,1.1740896470e+02,2.4980297566e+01,0.0000000000e+00,nan,nan,nan,nan,nan,nan
1.2694831178e-05,6.3312385283e-05,5.4758761237e+01,-8.4153496850e+00,-3.1725783578e+01,7.6302724773e+01,5.5569887517e+01,-3.2536909858e+01,5.5569887517e+01,3.2536909858e+01,0.0000000000e+00,nan,nan,nan,nan,nan,nan
2.1812116718e-05,6.4101816689e-05,5.1179856744e+01,-8.5022252442e+00,-2.7899969090e+01,7.0050035511e+01,5.2083350686e+01,-2.8803463033e+01,5.2083350686e+01,2.8803463033e+01,0.0000000000e+00,nan,nan,nan,nan,nan,nan
4.5542862962e-05,1.3368952119e-04,-5.7340279716e+01,-1.3943261559e+01,-3.7896916421e+01,2.9305242387e+01,-3.0699208488e+01,-6.4537987649e+01,2.1275536050e-06,6.4537988238e+01,1.0000000000e+00,9.1629380190e+00,8.9365866813e+00,2.0240680888e+00,2.0123760008e+01,-2.2089728039e-01,9.7529707860e-01
2.2083437986e-05,3.1533135801e-05,1.2390073216e+02,-1.5561614286e+01,-3.3307794909e+01,1.3878753642e+02,1.2542549013e+02,-3.4832552887e+01,1.2542549013e+02,3.4832552887e+01,0.0000000000e+00,nan,nan,nan,nan,nan,nan
4.8501048587e-05,6.7548179336e-05,3.5385541391e+01,-6.1526967450e+00,-2.1993408191e+01,5.0823013107e+01,3.6038746898e+01,-2.2646613699e+01,3.6038746898e+01,2.2646613699e+01,0.0000000000e+00,nan,nan,nan,nan,nan,nan
4.5172919032e-06,3.1114000834e-05,1.2603591043e+02,-1.1723135901e+01,-3.8738711869e+01,1.4413554423e+02,1.2686529454e+02,-3.9568095984e+01,1.2686529454e+02,3.9568095984e+01,0.0000000000e+00,nan,nan,nan,nan,nan,nan
7.6288972510e-05,7.3006809204e-05,1.9928134727e+01,-2.9120141152e+00,-2.2453323084e+01,3.7051897638e+01,2.0129328897e+01,-2.2654517254e+01,2.0129328911e+01,2.2654517254e+01,0.0000000000e+00,nan,nan,nan,nan,nan,nan
8.2054557656e-05,7.1933765741e-05,1.9414911974e+01,-2.9972455433e+00,-2.2477089801e+01,3.6652699808e+01,1.9630357187e+01,-2.2692535015e+01,1.9630357076e+01,2.2692535015e+01,0.0000000000e+00,nan,nan,nan,nan,nan,nan
8.9341617610e-05,7.6218649823e-05,1.3639519394e+01,-1.7392555766e+00,-2.2638248232e+01,3.1565673510e+01,1.3725085679e+01,-2.2723814517e+01,1.3725089442e+01,2.2723814517e+01,0.0000000000e+00,nan,nan,nan,nan,nan,nan
9.8803580042e-05,7.6093767843e-05,1.1601835452e+01,-1.5638682954e+00,-2.2727806542e+01,2.9857617467e+01,1.1675317936e+01,-2.2801289027e+01,1.1675281225e+01,2.2801289027e+01,0.0000000000e+00,nan,nan,nan,nan,nan,nan
-9.6984236093e-06,3.0864885756e-05,1.2703337077e+02,-9.0198897402e+00,-4.2019222954e+01,1.4723438022e+02,1.2751288296e+02,-4.2498735144e+01,1.2751288296e+02,4.2498735144e+01,0.0000000000e+00,nan,nan,nan,nan,nan,nan
1.0995959106e-04,8.1924942985e-05,5.0821553789e+00,-3.6001954370e-01,-2.2872387874e+01,2.4222002357e+01,5.0894633334e+00,-2.2879695828e+01,5.0866565085e+00,2.2879695828e+01,0.0000000000e+00,nan,nan,nan,nan,nan,nan
1.1652466965e-04,8.1012748795e-05,4.6366552937e+00,-4.5533870439e-01,-2.2879578791e+01,2.3848610482e+01,4.6475399326e+00,-2.2890463430e+01,4.6432112692e+00,2.2890463430e+01,0.0000000000e+00,nan,nan,nan,nan,nan,nan
-5.0044783731e-05,1.4504386369e-06,2.0616048276e+02,-5.3915061903e-01,-5.2212691790e+01,2.2375933763e+02,2.0616140930e+02,-5.2213618325e+01,2.0616140930e+02,5.2213618325e+01,0.0000000000e+00,nan,nan,nan,nan,nan,nan
-1.6844395212e-05,3.0767012855e-05,1.2732302288e+02,-7.7143595957e+00,-4.3324394378e+01,1.4838717926e+02,1.2767069214e+02,-4.3672063635e+01,1.2767069214e+02,4.3672063635e+01,0.0000000000e+00,nan,nan,nan,nan,nan,nan
-3.4788749570e-05,3.0592094749e-05,1.2757655165e+02,-4.4490554003e+00,-4.5723623357e+01,1.5027947883e+02,1.2769036170e+02,-4.5837433412e+01,1.2769036170e+02,4.5837433412e+01,0.0000000000e+00,nan,nan,nan,nan,nan,nan
-2.8503516797e-04,2.6613036533e-05,1.1733382997e+02,5.2913586342e+01,3.9102852455e+00,1.3434443730e+02,1.3818585465e+02,-1.6941739431e+01,1.3818585465e+02,1.6941739431e+01,0.0000000000e+00,nan,nan,nan,nan,nan,nan
4.1985795730e-05,7.2763332287e-05,3.1251065976e+01,-4.5477987825e+00,-2.2258554503e+01,4.7006524875e+01,3.1635485526e+01,-2.2642974054e+01,3.1635485526e+01,2.2642974054e+01,0.0000000000e+00,nan,nan,nan,nan,nan,nan
-2.7962614882e-04,2.5534265038e-05,1.2867835613e+02,5.5252859986e+01,6.7557161301e-01,1.4644370075e+02,1.4922627392e+02,-1.9872346178e+01,1.4922627392e+02,1.9872346178e+01,0.0000000000e+00,nan,nan,nan,nan,nan,nan
6.8122557979e-05,1.4369499441e-04,1.5039628252e+01,-5.9321967535e+00,2.9342947874e+01,1.3614384760e+01,3.0051556769e+01,1.4331019357e+01,3.9491690490e+01,6.9490499157e+00,0.0000000000e+00,nan,nan,nan,nan,nan,nan
8.0835450813e-05,1.5140226769e-04,4.1484224969e+00,-1.2999347856e+00,-1.9348798006e+01,2.0390623250e+01,4.1723440677e+00,-1.9372719577e+01,3.9704400323e+00,1.9355237916e+01,1.0000000000e+00,2.7028490847e+01,2.5760225808e+01,8.1823030883e+00,2.0031251634e+01,-3.0272881806e-01,9.5307673496e-01
-5.8011625984e-05,1.4485400855e-06,2.0593476994e+02,7.4346641657e-01,-5.2647841584e+01,2.2394246725e+02,2.0593670793e+02,-5.2649779572e+01,2.0593670793e+02,5.2649779572e+01,0.0000000000e+00,nan,nan,nan,nan,nan,nan
-2.4369381628e-04,5.4161023678e-05,4.6969516301e+01,3.9072652562e+01,-1.8860221018e+01,8.8482701903e+01,6.5140159404e+01,-3.7030864121e+01,6.5140159405e+01,3.7030864121e+01,0.0000000000e+00,nan,nan,nan,nan,nan,nan
-6.8237117624e-05,5.9151355756e-05,6.5393825408e+01,1.2659304773e+00,-4.1887850897e+01,9.2933725351e+01,6.5408298604e+01,-4.1902324093e+01,6.5408298604e+01,4.1902324093e+01,0.0000000000e+00,nan,nan,nan,nan,nan,nan
-5.8541717488e-05,5.9168950925e-05,6.5550101508e+01,-5.6619895096e-01,-4.1871737922e+01,9.3034492426e+01,6.5552671039e+01,-4.1874307453e+01,6.5552671039e+01,4.1874307453e+01,0.0000000000e+00,nan,nan,nan,nan,nan,nan
-1.0929091255e-04,5.4164050206e-05,7.3382997333e+01,1.0148317134e+01,-4.1490444832e+01,1.0102305085e+02,7.4271961853e+01,-4.2379409352e+01,7.4271961853e+01,4.2379409352e+01,0.0000000000e+00,nan,nan,nan,nan,nan,nan
-1.0527024070e-04,4.8873340529e-05,8.4130532118e+01,9.4395294657e+00,-4.2922414131e+01,1.1123811205e+02,8.4827412932e+01,-4.3619294944e+01,8.4827412932e+01,4.3619294944e+01,0.0000000000e+00,nan,nan,nan,nan,nan,nan
-2.5252861825e-04,3.0358319187e-05,1.2262419844e+02,5.0743651485e+01,-1.8497047920e+01,1.5053106870e+02,1.3897272830e+02,-3.4845577772e+01,1.3897272830e+02,3.4845577772e+01,0.0000000000e+00,nan,nan,nan,nan,nan,nan
-1.7086530593e-04,2.6112029146e-05,1.4092912140e+02,2.5961424818e+01,-4.2745320781e+01,1.6529860311e+02,1.4452709331e+02,-4.6343292694e+01,1.4452709331e+02,4.6343292694e+01,0.0000000000e+00,nan,nan,nan,nan,nan,nan
-1.6731104306e-04,2.6075757800e-05,1.4076637474e+02,2.4968275693e+01,-4.3211656918e+01,1.6509278938e+02,1.4409372530e+02,-4.6539007480e+01,1.4409372530e+02,4.6539007480e+01,0.0000000000e+00,nan,nan,nan,nan,nan,nan
-1.4992602511e-04,5.8641542115e-05,6.2118711439e+01,1.9292216853e+01,-3.6869761631e+01,9.2006961843e+01,6.5744719092e+01,-4.0495769284e+01,6.5744719092e+01,4.0495769284e+01,0.0000000000e+00,nan,nan,nan,nan,nan,nan
-1.3109534866e-04,5.8118420520e-05,6.4689484218e+01,1.4949522350e+01,-3.8928285306e+01,9.3395241259e+01,6.6802367138e+01,-4.1041168226e+01,6.6802367138e+01,4.1041168226e+01,0.0000000000e+00,nan,nan,nan,nan,nan,nan
-1.4056942641e-04,5.8357211271e-05,6.3521417676e+01,1.7134373103e+01,-3.7958728066e+01,9.2758437063e+01,6.6335453412e+01,-4.0772763803e+01,6.6335453412e+01,4.0772763803e+01,0.0000000000e+00,nan,nan,nan,nan,nan,nan
-2.4322874019e-04,2.9669773150e-05,1.2824874636e+02,4.8661684772e+01,-2.3120712402e+01,1.5584244114e+02,1.4253969232e+02,-3.7411658362e+01,1.4253969232e+02,3.7411658362e+01,0.0000000000e+00,nan,nan,nan,nan,nan,nan
-1.2154901695e-04,5.7915306147e-05,6.5667227066e+01,1.2762159322e+01,-3.9778634081e+01,9.3954711102e+01,6.7189074239e+01,-4.1300481254e+01,6.7189074239e+01,4.1300481254e+01,0.0000000000e+00,nan,nan,nan,nan,nan,nan
-1.7926691797e-04,4.8674536003e-05,7.9703101673e+01,2.7642060638e+01,-3.5214115317e+01,1.1043642525e+02,8.6004993027e+01,-4.1516006671e+01,8.6004993027e+01,4.1516006671e+01,0.0000000000e+00,nan,nan,nan,nan,nan,nan
-1.4932800194e-04,2.5940692253e-05,1.3993562382e+02,2.0181312506e+01,-4.5211758831e+01,1.6410695580e+02,1.4210912760e+02,-4.7385262617e+01,1.4210912760e+02,4.7385262617e+01,0.0000000000e+00,nan,nan,nan,nan,nan,nan
-1.7292877333e-04,4.8439463770e-05,8.0998734313e+01,2.6031800481e+01,-3.6290504634e+01,1.1113078820e+02,8.6515505323e+01,-4.1807275644e+01,8.6515505323e+01,4.1807275644e+01,0.0000000000e+00,nan,nan,nan,nan,nan,nan
1.0305063148e-04,1.5675610950e-04,1.6027340689e+00,-2.8491013264e+00,-1.8100751406e+01,1.7758160784e+01,2.0036702405e+00,-1.8501687578e+01,2.0143695603e+00,1.8501688287e+01,1.0000000000e+00,2.6408477603e+01,2.5998487032e+01,4.6353383233e+00,1.9244409568e+01,-1.7552463239e-01,9.8447503951e-01
-1.4933815538e-04,1.1084603023e-04,-5.8761711950e+00,1.2144177693e+01,-2.8620897976e+01,2.8814111409e+01,-6.1269960724e-01,-3.3884369564e+01,-1.5020877924e-01,3.3884369564e+01,1.0000000000e+00,1.8836466528e+01,1.8432122254e+01,3.8819248410e+00,2.1704983499e+01,-2.0608561777e-01,9.7853396372e-01
-1.7695861633e-04,2.4543059635e-05,1.4627176679e+02,2.7557501663e+01,-4.2355756199e+01,1.7018478296e+02,1.5021423555e+02,-4.6298224960e+01,1.5021423555e+02,4.6298224960e+01,0.0000000000e+00,nan,nan,nan,nan,nan,nan
-1.6736155322e-04,5.0086012551e-05,7.7856922637e+01,2.4430457035e+01,-3.6696311170e+01,1.0785143570e+02,8.2848361166e+01,-4.1687749699e+01,8.2848361166e+01,4.1687749699e+01,0.0000000000e+00,nan,nan,nan,nan,nan,nan
-1.6336322950e-04,4.8143551279e-05,8.2605995862e+01,2.3595629070e+01,-3.7750580409e+01,1.1195580680e+02,8.7065422918e+01,-4.2210007465e+01,8.7065422918e+01,4.2210007465e+01,0.0000000000e+00,nan,nan,nan,nan,nan,nan
-1.3884192040e-04,3.0721350119e-05,1.2635261102e+02,1.7725530259e+01,-4.4943950706e+01,1.5148958673e+02,1.2816688384e+02,-4.6758223523e+01,1.2816688384e+02,4.6758223523e+01,0.0000000000e+00,nan,nan,nan,nan,nan,nan
-1.2105314561e-04,3.0600614923e-05,1.2636206527e+02,1.3417033648e+01,-4.6265593537e+01,1.5129433760e+02,1.2739806240e+02,-4.7301590673e+01,1.2739806240e+02,4.7301590673e+01,0.0000000000e+00,nan,nan,nan,nan,nan,nan
-1.0886044176e-04,2.8931745503e-05,1.3057170290e+02,1.0599579032e+01,-4.7292517111e+01,1.5512428657e+02,1.3120064151e+02,-4.7921455716e+01,1.3120064151e+02,4.7921455716e+01,0.0000000000e+00,nan,nan,nan,nan,nan,nan
-1.1391128367e-04,3.0561248956e-05,1.2640297252e+02,1.1757526469e+01,-4.6678715414e+01,1.5126925727e+02,1.2719747496e+02,-4.7473217854e+01,1.2719747496e+02,4.7473217854e+01,0.0000000000e+00,nan,nan,nan,nan,nan,nan
-1.3170142453e-04,3.0680086181e-05,1.2631318815e+02,1.5964730146e+01,-4.5522913902e+01,1.5136052577e+02,1.2778317741e+02,-4.6992903183e+01,1.2778317741e+02,4.6992903183e+01,0.0000000000e+00,nan,nan,nan,nan,nan,nan
-7.7951262046e-05,3.0479179594e-05,1.2686688256e+02,3.9308828900e+00,-4.7685766536e+01,1.5131958866e+02,1.2695496326e+02,-4.7773847237e+01,1.2695496326e+02,4.7773847237e+01,0.0000000000e+00,nan,nan,nan,nan,nan,nan
-9.9574337032e-05,3.0504591884e-05,1.2654096778e+02,8.5358287982e+00,-4.7303569905e+01,1.5127715282e+02,1.2695860384e+02,-4.7721205960e+01,1.2695860384e+02,4.7721205960e+01,0.0000000000e+00,nan,nan,nan,nan,nan,nan
-6.7144660962e-05,3.0480461615e-05,1.2709082940e+02,1.7367718560e+00,-4.7586133378e+01,1.5130395132e+02,1.2710772504e+02,-4.7603029012e+01,1.2710772504e+02,4.7603029012e+01,0.0000000000e+00,nan,nan,nan,nan,nan,nan
-6.3571001153e-05,3.0475833475e-05,1.2718674199e+02,1.0264864252e+00,-4.7505153446e+01,1.5129744252e+02,1.2719241344e+02,-4.7510824892e+01,1.2719241344e+02,4.7510824892e+01,0.0000000000e+00,nan,nan,nan,nan,nan,nan
-8.5189535780e-05,3.0473307239e-05,1.2676127798e+02,5.4399988865e+00,-4.7640384476e+01,1.5132916839e+02,1.2693038285e+02,-4.7809489354e+01,1.2693038285e+02,4.7809489353e+01,0.0000000000e+00,nan,nan,nan,nan,nan,nan
-1.4170342860e-05,1.2808280522e-04,-3.4831623241e+01,-1.7348359578e+00,-3.2403928253e+01,3.4827769994e+00,-3.1606993509e+01,-3.5628557986e+01,-1.6895354645e-08,3.5628557986e+01,1.0000000000e+00,1.6364493726e+01,1.6321726587e+01,1.1823265740e+00,2.0052200677e+01,-7.2249505169e-02,9.9738658954e-01
-6.8227894793e-05,2.9732191933e-06,2.0163641428e+02,2.4013921720e+00,-5.2769908978e+01,2.2036122344e+02,2.0165886432e+02,-5.2792359019e+01,2.0165886432e+02,5.2792359019e+01,0.0000000000e+00,nan,nan,nan,nan,nan,nan
-1.7547129143e-04,1.0486096989e-04,-5.5487531232e+00,1.4757763181e+01,-2.7125940923e+01,3.1659707460e+01,1.9413936017e+00,-3.4616087648e+01,1.9340753676e+00,3.4616087648e+01,1.0000000000e+00,1.8434266550e+01,1.7893373734e+01,4.4327598256e+00,2.1997848951e+01,-2.4046304275e-01,9.7065829470e-01
7.8098873851e-05,1.1451830327e-04,-5.4617543980e+00,4.8090192752e+00,-2.0439533641e+01,1.5437785357e+01,-4.0376344880e+00,-2.1863653551e+01,-5.8488173160e-05,2.1863653656e+01,0.0000000000e+00,nan,nan,nan,nan,nan,nan
1.5112925751e-04,1.6526027530e-04,8.1066995610e+00,-3.8118948335e+00,-1.3308327618e+01,1.9677103257e+01,8.7597668341e+00,-1.3961394891e+01,8.7646556007e+00,1.3961394891e+01,1.0000000000e+00,3.2867233599e+01,3.2764860239e+01,2.5920991538e+00,1.8424538628e+01,-7.8865753820e-02,9.9688524559e-01
-1.8092338926e-04,1.0397551164e-04,-6.1138250699e+00,1.5165600780e+01,-2.6734535577e+01,3.1760914109e+01,1.9129919872e+00,-3.4761352634e+01,1.9126086401e+00,3.4761352634e+01,1.0000000000e+00,1.8262530726e+01,1.7671153649e+01,4.6098109731e+00,2.2093908136e+01,-2.5241906734e-01,9.6761801060e-01
-7.6129194328e-05,2.9633890939e-06,2.0172360654e+02,3.7228274202e+00,-5.2930873977e+01,2.2063110787e+02,2.0177779580e+02,-5.2985063238e+01,2.0177779580e+02,5.2985063238e+01,0.0000000000e+00,nan,nan,nan,nan,nan,nan
1.6875151362e-04,5.8889632750e-05,1.5115092353e+01,-7.8121712374e+00,-1.5507530225e+01,2.9769591427e+01,1.6991262688e+01,-1.7383700560e+01,1.6991198685e+01,1.7383700560e+01,0.0000000000e+00,nan,nan,nan,nan,nan,nan
1.6010336366e-04,1.6512539747e-04,7.0765277962e+00,-4.3685237335e+00,-1.2907090303e+01,1.8880296310e+01,7.9852629036e+00,-1.3815825411e+01,7.9839431601e+00,1.3815825411e+01,1.0000000000e+00,3.2519657473e+01,3.2519609937e+01,5.5603044771e-02,1.7935876360e+01,-1.7098287341e-03,9.9999853824e-01
-1.6397427751e-04,1.6534992834e-05,1.6960867489e+02,2.2962260902e+01,-4.6155014247e+01,1.9104124109e+02,1.7202454229e+02,-4.8570881644e+01,1.7202454229e+02,4.8570881644e+01,0.0000000000e+00,nan,nan,nan,nan,nan,nan
-8.1910905549e-05,1.4444553488e-06,2.0611245998e+02,4.6526183766e+00,-5.3239631087e+01,2.2474963394e+02,2.0619567611e+02,-5.3322847210e+01,2.0619567611e+02,5.3322847210e+01,0.0000000000e+00,nan,nan,nan,nan,nan,nan
1.2374233837e-04,1.0474930110e-04,-5.3667307371e+00,-1.0743063773e+00,-1.6950388149e+01,1.0193098190e+01,-5.2735714595e+00,-1.7043547427e+01,-1.1098582266e-05,1.7043547427e+01,0.0000000000e+00,nan,nan,nan,nan,nan,nan
9.9006549277e-05,1.1925260729e-04,-1.0028398652e+01,3.8108170263e+00,-2.1442879445e+01,1.1905257852e+01,-8.8621352226e+00,-2.2609142874e+01,2.0247289345e-06,2.2609142880e+01,0.0000000000e+00,nan,nan,nan,nan,nan,nan
1.9445070207e-04,5.7847294801e-05,1.0605126236e+01,-8.0030181834e+00,-1.4715221853e+01,2.5950797291e+01,1.2927651993e+01,-1.7037747610e+01,1.2929838794e+01,1.7037747610e+01,0.0000000000e+00,nan,nan,nan,nan,nan,nan
1.9774263439e-04,5.5421777387e-05,1.3098734345e+01,-8.8162539805e+00,-1.4433807318e+01,2.8322767533e+01,1.5684620973e+01,-1.7019693946e+01,1.5689076575e+01,1.7019693946e+01,0.0000000000e+00,nan,nan,nan,nan,nan,nan
-8.9876653696e-05,1.4435350563e-06,2.0645344951e+02,5.9884059014e+00,-5.3237468802e+01,2.2513757604e+02,2.0659123048e+02,-5.3375249775e+01,2.0659123048e+02,5.3375249775e+01,0.0000000000e+00,nan,nan,nan,nan,nan,nan
1.1841006440e-04,1.2239355768e-04,-1.0161333207e+01,-7.3967160283e-02,-1.7017447599e+01,5.9520094956e+00,-1.0152996118e+01,-1.7025784687e+01,-3.1679843178e-08,1.7025784687e+01,0.0000000000e+00,nan,nan,nan,nan,nan,nan
-2.0392645094e-04,1.5161658872e-05,1.8270092506e+02,3.4124919474e+01,-4.0624553583e+01,2.0223306502e+02,1.8779750027e+02,-4.5721128792e+01,1.8779750027e+02,4.5721128792e+01,0.0000000000e+00,nan,nan,nan,nan,nan,nan
1.2844107917e-04,1.2377248216e-04,-1.0332510764e+01,-4.1766476157e-01,-1.7046436430e+01,5.8659439786e+00,-1.0302769262e+01,-1.7076177933e+01,-1.1011807119e-08,1.7076177933e+01,0.0000000000e+00,nan,nan,nan,nan,nan,nan
2.6493623485e-04,1.3920270484e-04,-1.4472257916e+00,-7.2386886179e+00,-8.3984031345e+00,1.3907178688e+01,3.1064988962e+00,-1.2952127822e+01,3.1064988911e+00,1.2952127822e+01,0.0000000000e+00,nan,nan,nan,nan,nan,nan
1.3030137575e-04,1.0409039868e-04,-5.7501894483e+00,-1.0565676913e+00,-1.6916037162e+01,9.8474024295e+00,-5.6477128614e+00,-1.7018513748e+01,-3.5430929597e-05,1.7018513748e+01,0.0000000000e+00,nan,nan,nan,nan,nan,nan
-9.9914462066e-05,2.9602214969e-06,2.0273536210e+02,7.8108979626e+00,-5.2851260701e+01,2.2175710665e+02,2.0297357592e+02,-5.3089474521e+01,2.0297357592e+02,5.3089474521e+01,0.0000000000e+00,nan,nan,nan,nan,nan,nan
1.5383590893e-04,1.3913164181e-04,-5.7504823824e+00,-2.2980159201e+00,-1.6457054684e+01,1.0090848681e+01,-5.2778143312e+00,-1.6929722736e+01,-7.7891751727e-05,1.6929722736e+01,0.0000000000e+00,nan,nan,nan,nan,nan,nan
1.5751571378e-04,1.3694289158e-04,-5.7007100969e+00,-2.3396818208e+00,-1.6079614086e+01,9.8571895622e+00,-5.1991110445e+00,-1.6581213139e+01,-5.7641130541e-04,1.6581213139e+01,0.0000000000e+00,nan,nan,nan,nan,nan,nan
1.6454673718e-04,1.2856506733e-04,-6.6254586557e+00,-2.2502895446e+00,-1.5662559447e+01,8.7385729851e+00,-6.0987915862e+00,-1.6189226517e+01,-1.2605318299e-05,1.6189226517e+01,0.0000000000e+00,nan,nan,nan,nan,nan,nan
1.6116788840e-04,1.3467887847e-04,-5.7349454001e+00,-2.5163334288e+00,-1.5526697995e+01,9.5306170669e+00,-5.1283173683e+00,-1.6133326026e+01,-4.1415075803e-04,1.6133326026e+01,0.0000000000e+00,nan,nan,nan,nan,nan,nan
-2.4304330334e-04,1.2342241097e-05,2.0797427240e+02,4.7870813816e+01,-2.9660573149e+01,2.2186772800e+02,2.1725224211e+02,-3.8938542860e+01,2.1725224211e+02,3.8938542860e+01,0.0000000000e+00,nan,nan,nan,nan,nan,nan
2.2308360945e-04,1.5572405961e-04,1.2100001191e+00,-6.2930034065e+00,-1.0534353374e+01,1.4906650385e+01,3.9441819848e+00,-1.3268535240e+01,3.9441817293e+00,1.3268535240e+01,1.0000000000e+00,2.7571025777e+01,2.6689754808e+01,-6.9150886234e+00,1.6219517688e+01,2.5080998724e-01,9.6803633728e-01
-2.2516920864e-04,9.0620397938e-05,-8.9366109675e+00,1.9183639311e+01,-2.2598322641e+01,3.5265574005e+01,4.5931218409e+00,-3.6128055449e+01,4.5931218409e+00,3.6128055449e+01,1.0000000000e+00,1.6929103259e+01,1.6026208736e+01,5.4548300321e+00,2.2607687925e+01,-3.2221612384e-01,9.4666613414e-01
-1.0784093421e-04,2.9598819390e-06,2.0335239012e+02,9.2199665934e+00,-5.2664831057e+01,2.2229127623e+02,2.0368370770e+02,-5.2996148636e+01,2.0368370770e+02,5.2996148636e+01,0.0000000000e+00,nan,nan,nan,nan,nan,nan
1.3614815865e-04,9.6477661911e-05,-3.8525476108e+00,-1.8041514604e+00,-1.6782716262e+01,1.1629008771e+01,-3.6036205925e+00,-1.7031643281e+01,-2.0403497691e-03,1.7031643281e+01,0.0000000000e+00,nan,nan,nan,nan,nan,nan
1.3881065591e-04,9.0954442097e-05,-1.7928806407e+00,-2.6396645557e+00,-1.6579373692e+01,1.3606424832e+01,-1.3304541268e+00,-1.7041800206e+01,-8.7774756556e-02,1.7041800206e+01,0.0000000000e+00,nan,nan,nan,nan,nan,nan
1.4144170107e-04,8.5464992786e-05,6.8242859196e-01,-3.6415514504e+00,-1.6189060132e+01,1.5921468223e+01,1.4389481945e+00,-1.6945579735e+01,1.2763210735e+00,1.6945579735e+01,0.0000000000e+00,nan,nan,nan,nan,nan,nan
1.4455479778e-04,8.3256355627e-05,1.4280582567e+00,-3.9687980346e+00,-1.6115803286e+01,1.6685710731e+01,2.2896270672e+00,-1.6977372097e+01,2.2215319237e+00,1.6977372097e+01,0.0000000000e+00,nan,nan,nan,nan,nan,nan
-1.1378255185e-04,1.4454798999e-06,2.0833005428e+02,1.0137111971e+01,-5.2751833239e+01,2.2678373220e+02,2.0872275935e+02,-5.3144538312e+01,2.0872275935e+02,5.3144538312e+01,0.0000000000e+00,nan,nan,nan,nan,nan,nan
2.3650772517e-04,1.5181190821e-04,3.2373473802e-01,-6.5815115198e+00,-9.9230842297e+00,1.4445027801e+01,3.5401659436e+00,-1.3139515435e+01,3.5401657834e+00,1.3139515435e+01,1.0000000000e+00,2.6508539535e+01,2.5270731063e+01,-8.0057991366e+00,1.5878970290e+01,3.0200830664e-01,9.5330529355e-01
-2.9841478797e-04,5.7337777016e-05,2.5646257563e+00,3.1843499414e+01,-5.8780675022e+00,5.5521354685e+01,3.0398548200e+01,-3.3711989946e+01,3.0398548200e+01,3.3711989946e+01,0.0000000000e+00,nan,nan,nan,nan,nan,nan
1.4350903665e-04,7.6810628354e-05,5.0756723335e+00,-4.2186144260e+00,-1.6925084521e+01,2.0397862011e+01,5.8520050292e+00,-1.7701417217e+01,5.8539024380e+00,1.7701417217e+01,0.0000000000e+00,nan,nan,nan,nan,nan,nan
-2.3515566619e-04,8.6664772694e-05,-9.7991264529e+00,2.0105635506e+01,-2.1184366465e+01,3.6185398663e+01,5.3999031998e+00,-3.6383396118e+01,5.3999031998e+00,3.6383396118e+01,1.0000000000e+00,1.6437246226e+01,1.5444871336e+01,5.6248567012e+00,2.2741380056e+01,-3.4220188855e-01,9.3962645103e-01
-1.2174613616e-04,1.4452488872e-06,2.0925853144e+02,1.1574242071e+01,-5.2448606953e+01,2.2752933780e+02,2.0976908667e+02,-5.2959162185e+01,2.0976908667e+02,5.2959162185e+01,0.0000000000e+00,nan,nan,nan,nan,nan,nan
-4.1962773315e-05,3.0553526390e-05,1.2752308668e+02,-3.1212028536e+00,-4.6376338074e+01,1.5069774432e+02,1.2757875755e+02,-4.6432008944e+01,1.2757875755e+02,4.6432008944e+01,0.0000000000e+00,nan,nan,nan,nan,nan,nan
-1.3163956065e-04,2.9694380027e-06,2.0608098794e+02,1.3631801127e+01,-5.1690634586e+01,2.2448126401e+02,2.0679949488e+02,-5.2409141526e+01,2.0679949488e+02,5.2409141526e+01,0.0000000000e+00,nan,nan,nan,nan,nan,nan
-2.4809304282e-04,8.2267489487e-05,-1.3309693803e+01,2.1133040768e+01,-1.9125234568e+01,3.6931992938e+01,5.1052318786e+00,-3.7540160250e+01,5.1052318786e+00,3.7540160250e+01,1.0000000000e+00,1.5612513486e+01,1.4501062728e+01,5.7853052734e+00,2.2917591557e+01,-3.7055566220e-01,9.2881026115e-01
-1.3557221898e-04,2.9624219021e-06,2.0669716306e+02,1.4389465743e+01,-5.1473882681e+01,2.2496682629e+02,2.0749629791e+02,-5.2273017528e+01,2.0749629791e+02,5.2273017528e+01,0.0000000000e+00,nan,nan,nan,nan,nan,nan
-2.1787082889e-04,4.5025755913e-05,8.1929167131e+01,3.8228454589e+01,-2.7858515260e+01,1.1585926849e+02,9.3926705785e+01,-3.9856053913e+01,9.3926705785e+01,3.9856053913e+01,0.0000000000e+00,nan,nan,nan,nan,nan,nan
2.7302759461e-04,1.3716924467e-04,-1.7819883226e+00,-7.3715885067e+00,-7.8585153969e+00,1.3808672042e+01,3.1521886608e+00,-1.2792692380e+01,3.1521886612e+00,1.2792692380e+01,1.0000000000e+00,2.3537257953e+01,2.1257717074e+01,-1.0105047093e+01,1.5089011244e+01,4.2932133869e-01,9.0315180792e-01
-1.4349485048e-04,2.9621453845e-06,2.0802752670e+02,1.5947398755e+01,-5.0984213257e+01,2.2600425164e+02,2.0900527224e+02,-5.1961958802e+01,2.0900527224e+02,5.1961958802e+01,0.0000000000e+00,nan,nan,nan,nan,nan,nan
2.8149519927e-04,1.3332357635e-04,-2.2101576280e+00,-7.5497304187e+00,-7.2550929855e+00,1.3786228871e+01,3.2268576432e+00,-1.2692108257e+01,3.2268576432e+00,1.2692108257e+01,1.0000000000e+00,2.2853857744e+01,2.0349478067e+01,-1.0401805428e+01,1.4941804685e+01,4.5514440252e-01,8.9041763957e-01
-1.4961343041e-04,1.4455001819e-06,2.1381813478e+02,1.6875473731e+01,-5.0863501253e+01,2.3107628422e+02,2.1488927166e+02,-5.1934638130e+01,2.1488927166e+02,5.1934638130e+01,0.0000000000e+00,nan,nan,nan,nan,nan,nan
-2.2192826443e-04,5.3340013250e-05,5.8544887709e+01,3.6493042397e+01,-2.5002744840e+01,9.6070854963e+01,7.2237605408e+01,-3.8695462540e+01,7.2237605408e+01,3.8695462540e+01,0.0000000000e+00,nan,nan,nan,nan,nan,nan
-1.5757379285e-04,1.4458900390e-06,2.1553709480e+02,1.8481554312e+01,-5.0251910160e+01,2.3239435076e+02,2.1681553329e+02,-5.1530348650e+01,2.1681553329e+02,5.1530348650e+01,0.0000000000e+00,nan,nan,nan,nan,nan,nan
2.9301044260e-04,1.2704688693e-04,-2.7993727793e+00,-7.8154939642e+00,-6.3344713588e+00,1.3877648810e+01,3.4453422073e+00,-1.2579186345e+01,3.4453422073e+00,1.2579186345e+01,1.0000000000e+00,2.1359834255e+01,1.8406613348e+01,-1.0836932428e+01,1.4656261667e+01,5.0735096064e-01,8.6173952140e-01
-3.1885190700e-05,1.2438722471e-04,-2.5482904950e+01,-1.9250556286e-01,-3.2152741943e+01,5.7658107407e+00,-2.5488931063e+01,-3.2146715830e+01,-3.5799082583e-07,3.2146715830e+01,0.0000000000e+00,nan,nan,nan,nan,nan,nan
-2.3570971266e-04,5.2881652921e-05,5.4144485302e+01,3.8856695986e+01,-2.1307185437e+01,9.3799397350e+01,7.0573757243e+01,-3.7736457378e+01,7.0573757243e+01,3.7736457378e+01,0.0000000000e+00,nan,nan,nan,nan,nan,nan
-1.9471717691e-04,7.4625857004e-06,2.0680125165e+02,2.8926804723e+01,-4.4579208466e+01,2.2339103479e+02,2.1008589566e+02,-4.7863852478e+01,2.1008589566e+02,4.7863852478e+01,0.0000000000e+00,nan,nan,nan,nan,nan,nan
-2.8457886984e-04,1.5560468646e-06,3.0967885902e+02,6.6981943507e+01,-4.3555407932e+00,2.9564634386e+02,3.2335315532e+02,-1.8029837102e+01,3.2335315532e+02,1.8029837102e+01,0.0000000000e+00,nan,nan,nan,nan,nan,nan
-1.9851756356e-04,7.4504040340e-06,2.0819052106e+02,2.9974175631e+01,-4.3964121871e+01,2.2445698692e+02,2.1170350142e+02,-4.7477102225e+01,2.1170350142e+02,4.7477102225e+01,0.0000000000e+00,nan,nan,nan,nan,nan,nan
-2.8874624783e-04,3.2098044175e-06,2.9555871215e+02,7.2628574890e+01,-8.6211590714e-02,2.8525610695e+02,3.1242894042e+02,-1.6956439853e+01,3.1242894042e+02,1.6956439853e+01,0.0000000000e+00,nan,nan,nan,nan,nan,nan
-2.9813578041e-04,2.2291089393e-05,1.2163559669e+02,5.5239337869e+01,4.8967782860e+00,1.3919698405e+02,1.4363160370e+02,-1.7099228720e+01,1.4363160370e+02,1.7099228720e+01,0.0000000000e+00,nan,nan,nan,nan,nan,nan
-2.1281967336e-04,5.9545323484e-06,2.1927667818e+02,3.3523425158e+01,-4.1671812847e+01,2.3332578160e+02,2.2351313548e+02,-4.5908270150e+01,2.2351313548e+02,4.5908270150e+01,0.0000000000e+00,nan,nan,nan,nan,nan,nan
-3.0790337294e-04,1.7281197807e-06,3.0940559830e+02,8.6544267787e+01,5.8683965387e+00,3.0258698689e+02,3.3233567575e+02,-1.7061680916e+01,3.3233567575e+02,1.7061680916e+01,0.0000000000e+00,nan,nan,nan,nan,nan,nan
-2.2177121170e-04,7.5300252570e-06,2.1787813745e+02,3.7155988159e+01,-3.9024624928e+01,2.3160213710e+02,2.2314231246e+02,-4.4288799938e+01,2.2314231246e+02,4.4288799938e+01,0.0000000000e+00,nan,nan,nan,nan,nan,nan
-2.2555091945e-04,7.5237941575e-06,2.1984061959e+02,3.8461713985e+01,-3.7984849115e+01,2.3300607811e+02,2.2545400716e+02,-4.3598236682e+01,2.2545400716e+02,4.3598236682e+01,0.0000000000e+00,nan,nan,nan,nan,nan,nan
-3.1625910954e-04,1.0334789849e-05,1.7978419688e+02,7.2402796364e+01,9.5980122985e+00,1.9351113527e+02,2.0641481063e+02,-1.7032601448e+01,2.0641481063e+02,1.7032601448e+01,0.0000000000e+00,nan,nan,nan,nan,nan,nan
-3.2642085507e-04,1.1640886127e-05,1.3938678823e+02,6.2983109096e+01,8.3215352598e+00,1.5742593918e+02,1.6474407011e+02,-1.7035746619e+01,1.6474407011e+02,1.7035746619e+01,0.0000000000e+00,nan,nan,nan,nan,nan,nan
-1.4577162891e-04,2.5913319411e-05,1.3980674381e+02,1.9277018116e+01,-4.5546694971e+01,1.6395526305e+02,1.4178963968e+02,-4.7529590839e+01,1.4178963968e+02,4.7529590839e+01,0.0000000000e+00,nan,nan,nan,nan,nan,nan
-2.5298054395e-04,1.4868486229e-06,2.6278597398e+02,4.4661898586e+01,-2.9757545793e+01,2.6489197794e+02,2.6944966886e+02,-3.6421240673e+01,2.6944966886e+02,3.6421240673e+01,0.0000000000e+00,nan,nan,nan,nan,nan,nan
2.1702314635e-05,1.2858342214e-04,-4.3308038562e+01,-7.1617410530e+00,-3.3939913534e+01,1.4754073712e+01,-3.0105707619e+01,-4.7142244478e+01,3.1880305026e-08,4.7142244478e+01,0.0000000000e+00,nan,nan,nan,nan,nan,nan
-2.6313821442e-04,6.2049200170e-06,2.5151471878e+02,5.4569128933e+01,-2.1070351030e+01,2.5427514804e+02,2.6202800904e+02,-3.1583641295e+01,2.6202800904e+02,3.1583641295e+01,0.0000000000e+00,nan,nan,nan,nan,nan,nan
-1.8556822388e-04,4.8922739842e-05,7.8246885371e+01,2.9231553071e+01,-3.4056494816e+01,1.0964456831e+02,8.5398516305e+01,-4.1208125750e+01,8.5398516305e+01,4.1208125750e+01,0.0000000000e+00,nan,nan,nan,nan,nan,nan
-2.6684870008e-04,6.2116570994e-06,2.5449560103e+02,5.6911583932e+01,-1.8195337536e+01,2.5589439561e+02,2.6589082994e+02,-2.9590566442e+01,2.6589082994e+02,2.9590566442e+01,0.0000000000e+00,nan,nan,nan,nan,nan,nan
-1.9366990465e-04,4.5587205954e-05,8.5291432592e+01,3.1852278872e+01,-3.3387368350e+01,1.1664711128e+02,9.3298273220e+01,-4.1394208978e+01,9.3298273220e+01,4.1394208978e+01,0.0000000000e+00,nan,nan,nan,nan,nan,nan
-2.1237802476e-04,2.5008988571e-05,1.4812579039e+02,3.8760655681e+01,-3.5348188612e+01,1.7249076596e+02,1.5597639105e+02,-4.3198789264e+01,1.5597639105e+02,4.3198789264e+01,0.0000000000e+00,nan,nan,nan,nan,nan,nan
3.5760094686e-04,7.1662384536e-05,-5.9055204035e+00,-9.9215084580e+00,4.1251075303e+00,1.9250654951e+01,1.0224164381e+01,-1.2004577255e+01,1.0224164381e+01,1.2004577255e+01,1.0000000000e+00,9.9441723264e+00,6.2080704848e+00,-7.7682960882e+00,1.3619425835e+01,7.8119081540e-01,6.2429232731e-01
-2.2503644687e-04,2.1912133496e-05,1.6123339326e+02,4.2945721724e+01,-3.2773820878e+01,1.8374075175e+02,1.7031255867e+02,-4.1852986291e+01,1.7031255867e+02,4.1852986291e+01,0.0000000000e+00,nan,nan,nan,nan,nan,nan
3.3905416314e-04,1.4781539676e-05,-7.5075302108e-01,-1.2641519692e+01,-4.0316610281e+00,2.2074655274e+01,1.0353601140e+01,-1.5136015189e+01,1.0353601140e+01,1.5136015190e+01,0.0000000000e+00,nan,nan,nan,nan,nan,nan
-2.9010836541e-04,6.3664781855e-05,-1.2946961436e+01,2.7206519600e+01,-8.8073797291e+00,4.7190282287e+01,1.6368151599e+01,-3.8122492764e+01,1.6368151599e+01,3.8122492764e+01,1.0000000000e+00,1.2018039475e+01,1.0902157865e+01,5.0572944069e+00,2.3266604451e+01,-4.2080860338e-01,9.0714944707e-01
-3.2798074085e-04,5.0509059680e-05,3.4485642809e+01,2.7777084842e+01,3.4684342292e-01,5.6256176931e+01,4.9895762011e+01,-1.5063275779e+01,4.9895762011e+01,1.5063275778e+01,1.0000000000e+00,1.6516748797e+01,1.5494500490e+01,5.7204410120e+00,2.3226746753e+01,-3.4634183049e-01,9.3810838204e-01
-2.4949257041e-04,3.0102586777e-05,1.2473338689e+02,5.0160029835e+01,-2.0079808971e+01,1.5256034838e+02,1.4040754717e+02,-3.5753969245e+01,1.4040754717e+02,3.5753969245e+01,0.0000000000e+00,nan,nan,nan,nan,nan,nan
3.7341882755e-04,4.8860074527e-05,-6.3889499943e+00,-1.0972268768e+01,1.1119756537e+01,2.4302912302e+01,1.6396696231e+01,-1.1665889688e+01,1.6396696231e+01,1.1665889609e+01,1.0000000000e+00,5.2146364926e+00,2.6749580267e+00,-4.4762744895e+00,1.3592364384e+01,8.5840585358e-01,5.1297114007e-01
-3.3843684795e-04,4.5821761052e-05,4.4656814376e+01,4.0373413887e+01,1.5436582599e+01,7.4356512525e+01,7.2976451010e+01,-1.2883054035e+01,7.2976451010e+01,1.2883054196e+01,1.0000000000e+00,1.4264517656e+01,1.2488458514e+01,6.8931029234e+00,2.3683271745e+01,-4.8323421020e-01,8.7549111823e-01
-2.2721905217e-04,4.9786223476e-05,6.5822417401e+01,3.8763493812e+01,-2.4227592318e+01,1.0290145113e+02,8.0207593050e+01,-3.8612767967e+01,8.0207593050e+01,3.8612767967e+01,0.0000000000e+00,nan,nan,nan,nan,nan,nan
-2.7685688808e-04,2.5080803013e-05,1.3365763554e+02,5.5982165954e+01,-2.1226077991e+00,1.5240529737e+02,1.5375875333e+02,-2.2223725591e+01,1.5375875333e+02,2.2223725591e+01,0.0000000000e+00,nan,nan,nan,nan,nan,nan
-2.5179117453e-04,4.9007795676e-05,5.7130514734e+01,4.2258187550e+01,-1.6662848430e+01,9.7160760286e+01,7.6329624258e+01,-3.5861957954e+01,7.6329624258e+01,3.5861957954e+01,0.0000000000e+00,nan,nan,nan,nan,nan,nan
-2.8834725553e-04,2.5005171107e-05,1.2092956192e+02,5.4140786288e+01,4.1179159391e+00,1.3794182168e+02,1.4216448681e+02,-1.7117008951e+01,1.4216448681e+02,1.7117008951e+01,0.0000000000e+00,nan,nan,nan,nan,nan,nan
3.8874558856e-04,1.7328913844e-05,-3.3692715338e+00,-1.6204324038e+01,2.9236768121e+01,3.9768735734e+01,3.5894238575e+01,-1.0026741988e+01,3.5894238575e+01,1.0045646615e+01,1.0000000000e+00,5.1499423576e-01,1.9576985403e-01,-4.7633310521e-01,1.3875858183e+01,9.2492900335e-01,3.8013989368e-01
-3.1197964500e-04,2.6286609183e-05,8.6847589643e+01,4.6099104874e+01,3.3443981321e+00,1.0773373916e+02,1.0729609719e+02,-1.7104109418e+01,1.0729609719e+02,1.7104109418e+01,0.0000000000e+00,nan,nan,nan,nan,nan,nan
-3.2674255488e-04,1.7790159032e-05,1.0240710709e+02,5.1810500025e+01,5.4382408007e+00,1.2290403411e+02,1.2488135112e+02,-1.7036003230e+01,1.2488135112e+02,1.7036003219e+01,0.0000000000e+00,nan,nan,nan,nan,nan,nan
-2.6709566102e-04,5.0223254177e-05,4.5117551048e+01,4.1343030410e+01,-1.1565536435e+01,8.6810137789e+01,6.6895863728e+01,-3.3343849114e+01,6.6895863728e+01,3.3343849114e+01,0.0000000000e+00,nan,nan,nan,nan,nan,nan
-2.7070571957e-04,4.3992301767e-05,6.2737037672e+01,4.4271206712e+01,-9.5279302478e+00,9.8970453598e+01,8.3745171739e+01,-3.0536064314e+01,8.3745171739e+01,3.0536064314e+01,0.0000000000e+00,nan,nan,nan,nan,nan,nan
-3.2983798816e-04,1.2168930566e-05,1.2692023300e+02,5.9482939800e+01,7.5344549654e+00,1.4595741784e+02,1.5149589846e+02,-1.7041210501e+01,1.5149589846e+02,1.7041210496e+01,0.0000000000e+00,nan,nan,nan,nan,nan,nan
-3.2206582442e-04,1.9834042861e-05,9.9651948112e+01,5.0622561234e+01,4.8932687025e+00,1.2009535289e+02,1.2160969273e+02,-1.7064475913e+01,1.2160969273e+02,1.7064475915e+01,0.0000000000e+00,nan,nan,nan,nan,nan,nan
-2.0282007417e-04,9.5705991914e-05,-4.8405541811e+00,1.8039797736e+01,-2.4940301372e+01,3.5763713476e+01,5.7577618260e+00,-3.5538617379e+01,5.7577618258e+00,3.5538617379e+01,1.0000000000e+00,1.7622376591e+01,1.6866642659e+01,5.1053425107e+00,2.2378176340e+01,-2.8970794514e-01,9.5711509576e-01
-3.1963805185e-04,1.0713838853e-05,1.6640535387e+02,6.9641145851e+01,9.4072817763e+00,1.8175315481e+02,1.9284155068e+02,-1.7028915033e+01,1.9284155068e+02,1.7028915033e+01,0.0000000000e+00,nan,nan,nan,nan,nan,nan
-3.2175309397e-04,6.0996273491e-06,2.2009370387e+02,8.2978810960e+01,1.1956491183e+01,2.3052504207e+02,2.4911879262e+02,-1.7068597569e+01,2.4911879262e+02,1.7068597569e+01,0.0000000000e+00,nan,nan,nan,nan,nan,nan
-3.1724395921e-04,8.0715372126e-06,2.0529508579e+02,7.8445685267e+01,1.0660543328e+01,2.1649463707e+02,2.3297105155e+02,-1.7015422430e+01,2.3297105155e+02,1.7015422430e+01,0.0000000000e+00,nan,nan,nan,nan,nan,nan
-3.2129822432e-04,3.8790769028e-05,4.8215675719e+01,3.1346799390e+01,-2.0348509191e+00,6.9625563951e+01,6.3288750490e+01,-1.7107925690e+01,6.3288750490e+01,1.7107925689e+01,0.0000000000e+00,nan,nan,nan,nan,nan,nan
-3.1709771324e-04,4.0150455381e-05,4.8273878306e+01,3.1208688986e+01,-2.2799146134e+00,6.9611050283e+01,6.3186940466e+01,-1.7192976773e+01,6.3186940466e+01,1.7192976773e+01,0.0000000000e+00,nan,nan,nan,nan,nan,nan
-3.1176892189e-04,1.7767514106e-06,3.0371467485e+02,8.8589519732e+01,7.3883599495e+00,2.9898135981e+02,3.2816848597e+02,-1.7065451169e+01,3.2816848597e+02,1.7065451169e+01,0.0000000000e+00,nan,nan,nan,nan,nan,nan
-3.0013015300e-04,1.6518016000e-06,3.1641595543e+02,8.1425231659e+01,2.8140865716e+00,3.0600169134e+02,3.3628517987e+02,-1.7055137869e+01,3.3628517987e+02,1.7055137869e+01,0.0000000000e+00,nan,nan,nan,nan,nan,nan
2.5754457985e-04,1.4136841764e-04,-1.1255211796e+00,-7.1007422895e+00,-8.8527766254e+00,1.4000774101e+01,3.0942017937e+00,-1.3072499599e+01,3.0942018112e+00,1.3072499599e+01,0.0000000000e+00,nan,nan,nan,nan,nan,nan
-9.2769422937e-06,1.2880237962e-04,-3.7343222034e+01,-2.3047167204e+00,-3.2570271685e+01,5.6273235081e+00,-3.1707810117e+01,-3.8205683601e+01,-7.7805255776e-09,3.8205683601e+01,1.0000000000e+00,1.6072941562e+01,1.6030633408e+01,1.1654368321e+00,2.0019996367e+01,-7.2509243414e-02,9.9736774041e-01
3.3885187807e-04,9.1981413501e-05,-5.0464103283e+00,-9.1549850991e+00,-4.9795574533e-01,1.6335998622e+01,6.6594101653e+00,-1.2203776239e+01,6.6594101653e+00,1.2203776239e+01,1.0000000000e+00,1.4443138714e+01,1.0414097236e+01,-1.0007538892e+01,1.3843205706e+01,6.9289225079e-01,7.2104114223e-01
3.7813827320e-04,4.0467648634e-05,-6.3388492936e+00,-1.1528514430e+01,1.4494758974e+01,2.6899656002e+01,1.9608478474e+01,-1.1452568794e+01,1.9608478474e+01,1.1452572332e+01,1.0000000000e+00,3.3377810555e+00,1.5474056173e+00,-2.9574174934e+00,1.3650039995e+01,8.8604298610e-01,4.6360309187e-01
1.1793597395e-04,1.6035215506e-04,2.7231801730e+00,-2.1278348500e+00,-1.7110385966e+01,1.7562000226e+01,2.9458226615e+00,-1.7333028455e+01,2.9422878890e+00,1.7333028454e+01,1.0000000000e+00,2.5869794097e+01,2.5575382260e+01,3.8917950684e+00,1.9032236872e+01,-1.5043780611e-01,9.8861947507e-01
-1.8558348745e-04,5.8928221639e-06,2.0901230506e+02,2.6016045320e+01,-4.6310277340e+01,2.2565912182e+02,2.1163536859e+02,-4.8933340866e+01,2.1163536859e+02,4.8933340866e+01,0.0000000000e+00,nan,nan,nan,nan,nan,nan
3.8459060798e-04,1.3259104229e-05,2.2698850744e+00,-1.9060948847e+01,2.4471811309e+01,3.8177019203e+01,3.5412360505e+01,-8.6706641222e+00,3.5412360505e+01,8.6535397807e+00,0.0000000000e+00,nan,nan,nan,nan,nan,nan
-3.7044973859e-05,1.2410405762e-04,-2.3878802646e+01,4.4462051412e-01,-3.2001403770e+01,7.0513213539e+00,-2.3869020926e+01,-3.2011185489e+01,-1.0031994884e-07,3.2011185489e+01,1.0000000000e+00,1.7705061315e+01,1.7648111241e+01,1.4189312112e+00,2.0287253108e+01,-8.0142688350e-02,9.9678340150e-01
-1.7107723505e-04,2.9167905332e-06,2.1432165912e+02,2.1723155610e+01,-4.8702556297e+01,2.3087114608e+02,2.1610306975e+02,-5.0483966928e+01,2.1610306975e+02,5.0483966928e+01,0.0000000000e+00,nan,nan,nan,nan,nan,nan
2.7251742596e-04,2.8604284078e-06,2.3894584643e+01,-2.1156567517e+01,-1.2123034450e+01,4.8110483298e+01,3.3662375580e+01,-2.1890825387e+01,3.3662375581e+01,2.1890825387e+01,0.0000000000e+00,nan,nan,nan,nan,nan,nan
2.9634648833e-04,3.1094843542e-06,2.2048418438e+01,-2.2048185198e+01,-5.5929527276e+00,4.5070992747e+01,3.4249482650e+01,-1.7794016940e+01,3.4249482650e+01,1.7794016940e+01,0.0000000000e+00,nan,nan,nan,nan,nan,nan
5.8655713021e-05,1.3748135379e-04,-5.3710443070e+01,-2.1094864149e+01,-4.7221613867e+01,3.6639808848e+01,-2.9312024968e+01,-7.1620031970e+01,-3.5269345642e-02,7.1605221867e+01,1.0000000000e+00,5.2111221633e+00,4.7420330413e+00,2.1607676497e+00,2.0723140503e+01,-4.1464536466e-01,9.0998308862e-01
3.1250842345e-04,3.0835040251e-06,1.5843182849e+01,-1.9645265664e+01,-6.2537492393e+00,3.9032946231e+01,2.7330398819e+01,-1.7740965209e+01,2.7330398819e+01,1.7740965209e+01,0.0000000000e+00,nan,nan,nan,nan,nan,nan
3.5751647344e-04,7.9198354805e-06,3.4491664267e-01,-1.3409928750e+01,3.4708206439e+00,2.3381279474e+01,1.5407056642e+01,-1.1591319355e+01,1.5407056642e+01,1.1591318977e+01,0.0000000000e+00,nan,nan,nan,nan,nan,nan
2.8527221119e-04,1.3143892238e-04,-2.4022833951e+00,-7.6326131906e+00,-6.9671060475e+00,1.3797548712e+01,3.2813237420e+00,-1.2650713185e+01,3.2813237420e+00,1.2650713185e+01,1.0000000000e+00,2.2496718223e+01,1.9879404137e+01,-1.0531458681e+01,1.4867510253e+01,4.6813311065e-01,8.8365796025e-01
3.6474252410e-04,3.9912804244e-06,1.8362478967e+00,-1.3007368455e+01,6.5332080600e+00,2.2892193468e+01,1.7401542039e+01,-9.0320860828e+00,1.7401542039e+01,9.0320763857e+00,0.0000000000e+00,nan,nan,nan,nan,nan,nan
3.7658104401e-04,4.1367761122e-06,5.9604905314e+00,-1.4913168300e+01,1.3228149528e+01,2.6584813764e+01,2.4943069412e+01,-5.7544293531e+00,2.4943069412e+01,5.7504099598e+00,0.0000000000e+00,nan,nan,nan,nan,nan,nan
3.1839595579e-04,1.0997319325e-04,-4.0659328382e+00,-8.4771580380e+00,-3.6901945849e+00,1.4684567166e+01,4.6000750945e+00,-1.2356202518e+01,4.6000750945e+00,1.2356202518e+01,1.0000000000e+00,1.8264699161e+01,1.4609596106e+01,-1.0961703201e+01,1.4206116289e+01,6.0015788401e-01,7.9988156265e-01
1.8114054426e-04,1.6066651061e-04,3.6685141484e+00,-5.3645412164e+00,-1.2236285498e+01,1.6611378259e+01,5.3066980343e+00,-1.3874469384e+01,5.3068372449e+00,1.3874469384e+01,0.0000000000e+00,nan,nan,nan,nan,nan,nan
3.2855402909e-04,3.4309265503e-06,3.0270364055e+00,-1.4051837129e+01,-7.0578014878e+00,2.5848842851e+01,1.2908453837e+01,-1.6939218919e+01,1.2908453837e+01,1.6939218919e+01,0.0000000000e+00,nan,nan,nan,nan,nan,nan
9.5219696457e-05,1.5580748062e-04,2.7414295147e+00,-2.4381071800e+00,-1.8407624111e+01,1.8781928837e+01,3.0106543719e+00,-1.8676848968e+01,3.0323410370e+00,1.8676860500e+01,1.0000000000e+00,2.6784707255e+01,2.6220756358e+01,5.4674014603e+00,1.9443655678e+01,-2.0412399539e-01,9.7894504162e-01
2.8880773052e-04,6.2082908444e-06,2.2766737461e+01,-2.1871915723e+01,-5.5165428652e+00,4.5111381196e+01,3.4670165375e+01,-1.7419970779e+01,3.4670165382e+01,1.7419970779e+01,0.0000000000e+00,nan,nan,nan,nan,nan,nan
1.0718928252e-04,1.5512133151e-04,7.6872168649e-01,-2.8440336444e+00,-1.7779617817e+01,1.6801328167e+01,1.1948032748e+00,-1.8205699405e+01,1.2345738271e+00,1.8205699246e+01,0.0000000000e+00,nan,nan,nan,nan,nan,nan
3.8474506450e-04,2.6442876210e-05,-5.4445435968e+00,-1.3364590659e+01,2.1901643012e+01,3.3091490200e+01,2.7333930482e+01,-1.0876831067e+01,2.7333930482e+01,1.0876570451e+01,1.0000000000e+00,1.2666417448e+00,5.1029555114e-01,-1.1593014104e+00,1.3787892655e+01,9.1525596338e-01,4.0287283539e-01
-3.4872406878e-04,3.9384643336e-05,5.1972011418e+01,4.9076595150e+01,2.5599661190e+01,8.7979888595e+01,8.9581048667e+01,-1.2009376060e+01,8.9581048667e+01,1.2009382193e+01,1.0000000000e+00,1.1930218234e+01,9.9724322260e+00,6.5483358661e+00,2.3865861519e+01,-5.4888651133e-01,8.3589688220e-01
3.6958368277e-04,4.9227325385e-05,-5.7803311703e+00,-1.1559131200e+01,9.8427187741e+00,2.4155191929e+01,1.5977200364e+01,-1.1914812760e+01,1.5977200364e+01,1.1914812746e+01,0.0000000000e+00,nan,nan,nan,nan,nan,nan
-4.2317024507e-06,1.2891020231e-04,-3.9182560522e+01,-3.1762021899e+00,-3.2909196889e+01,7.6427660021e+00,-3.1633325697e+01,-4.0458431714e+01,-2.9290567088e-08,4.0458431714e+01,1.0000000000e+00,1.5761493408e+01,1.5718999653e+01,1.1566003468e+00,1.9989979956e+01,-7.3381393304e-02,9.9730395122e-01
3.5689684142e-04,6.7698179303e-05,-5.5945218641e+00,-1.0418762278e+01,4.2922990140e+00,1.9969655722e+01,1.0878374682e+01,-1.2180597532e+01,1.0878374682e+01,1.2180597532e+01,0.0000000000e+00,nan,nan,nan,nan,nan,nan
3.2864891037e-04,1.0116240944e-04,-4.5576550763e+00,-8.8164907058e+00,-2.2489313751e+00,1.5398542880e+01,5.4870596514e+00,-1.2293646103e+01,5.4870596514e+00,1.2293646103e+01,1.0000000000e+00,1.6172769933e+01,1.2243258676e+01,-1.0566981797e+01,1.3985010396e+01,6.5338107454e-01,7.5702917476e-01
-1.6625714387e-04,1.0557704752e-04,-4.1433923626e+00,1.4148246521e+01,-2.7792920356e+01,3.1935064843e+01,2.4695619244e+00,-3.4405874643e+01,2.4994861907e+00,3.4405874643e+01,1.0000000000e+00,1.8587134041e+01,1.8094296490e+01,4.2518215350e+00,2.1900885806e+01,-2.2875078674e-01,9.7348501661e-01
3.9296349771e-04,7.8300812620e-06,6.5324859125e+00,-2.4588028886e+01,4.1154197135e+01,5.2025514444e+01,5.3880286292e+01,-6.1936032451e+00,5.3880286292e+01,6.8170637488e+00,1.0000000000e+00,8.4094495893e-02,-3.2389642639e-02,7.7606670391e-02,1.4009026145e+01,9.2285077123e-01,3.8515770022e-01
-3.8746950303e-04,8.2979554428e-06,1.4348629601e+02,1.2780617856e+02,1.0597519569e+02,2.2391236189e+02,2.5400660826e+02,-4.5451165628e+00,2.5400660826e+02,5.5509294163e+00,1.0000000000e+00,2.4690561048e+00,1.7949539361e+00,1.6953991908e+00,2.3886610450e+01,-6.8665883594e-01,7.2697980923e-01
-2.4374153011e-04,8.2040365703e-05,-9.6294178230e+00,2.1979860485e+01,-1.9596284619e+01,3.9028970624e+01,7.9205354744e+00,-3.7146237917e+01,7.9205354744e+00,3.7146237917e+01,1.0000000000e+00,1.5846667229e+01,1.4760978616e+01,5.7645791313e+00,2.2875279722e+01,-3.6377233446e-01,9.3148788971e-01
1.4583929302e-04,1.6167042216e-04,4.2304120588e+00,-2.9636773979e+00,-1.4367196717e+01,1.6896746972e+01,4.6869490837e+00,-1.4823733742e+01,4.7133915759e+00,1.4823733742e+01,0.0000000000e+00,nan,nan,nan,nan,nan,nan
-1.9825482288e-04,9.6979529414e-05,-4.5377318067e+00,1.7591115901e+01,-2.5372579562e+01,3.5408182635e+01,5.4877680917e+00,-3.5398079460e+01,5.4877680871e+00,3.5398079460e+01,1.0000000000e+00,1.7856966727e+01,1.7157963778e+01,4.9472759864e+00,2.2284709549e+01,-2.7705018786e-01,9.6085544876e-01
-1.2090120246e-04,1.1452528085e-04,-6.4988431181e+00,9.3703034837e+00,-2.9938117845e+01,2.5986730172e+01,-3.2150348214e+00,-3.3221926141e+01,-5.3345905258e-03,3.3221926141e+01,1.0000000000e+00,1.9104293117e+01,1.8846304948e+01,3.1290262583e+00,2.1306991500e+01,-1.6378654992e-01,9.8649580134e-01
-3.3592628115e-04,4.4415360748e-05,4.0995298983e+01,3.5088241478e+01,8.7013596177e+00,6.6767547475e+01,6.3396590808e+01,-1.3699932207e+01,6.3396590808e+01,1.3699932217e+01,0.0000000000e+00,nan,nan,nan,nan,nan,nan
1.4047000829e-05,1.2475371747e-04,-3.5959041069e+01,-6.5519339813e+00,-3.5145082222e+01,1.1290433266e+01,-2.9033526960e+01,-4.2070596331e+01,-5.3807709178e-07,4.2070596331e+01,0.0000000000e+00,nan,nan,nan,nan,nan,nan
-1.0954026657e-04,1.1850841372e-04,-9.5533583305e+00,8.1970622651e+00,-3.0086513649e+01,2.2751408905e+01,-6.6844039345e+00,-3.2955468045e+01,-5.0969420336e-04,3.2955468045e+01,1.0000000000e+00,1.9115883725e+01,1.8902382949e+01,2.8490225411e+00,2.1156452780e+01,-1.4903954126e-01,9.8883123694e-01
-9.9045934946e-05,1.2031319061e-04,-1.1258812153e+01,7.2002449840e+00,-3.0344676499e+01,2.0702322444e+01,-8.8492528900e+00,-3.2754235762e+01,5.8830180423e-05,3.2754235762e+01,1.0000000000e+00,1.9092969572e+01,1.8906055962e+01,2.6650581614e+00,2.1056234564e+01,-1.3958321943e-01,9.9021034374e-01
-2.2068532735e-04,9.0304152383e-05,-6.3804082369e+00,1.9700192580e+01,-2.3000708981e+01,3.7029915689e+01,6.6886731821e+00,-3.6069790400e+01,6.6886731821e+00,3.6069790400e+01,1.0000000000e+00,1.7080819940e+01,1.6207663472e+01,5.3912943329e+00,2.2562350896e+01,-3.1563439881e-01,9.4888088098e-01
2.3842758784e-04,1.4791664014e-04,-1.4475915580e-01,-6.7019171817e+00,-9.8734396290e+00,1.4342255993e+01,3.2714059658e+00,-1.3289604751e+01,3.2714062804e+00,1.3289604751e+01,0.0000000000e+00,nan,nan,nan,nan,nan,nan
-4.5033953202e-05,1.2381098021e-04,-2.1690869144e+01,1.4315946320e+00,-3.1769897419e+01,9.0561401412e+00,-2.1501818333e+01,-3.1958948230e+01,9.9188721902e-07,3.1958948230e+01,1.0000000000e+00,1.8029975354e+01,1.7964273509e+01,1.5378194236e+00,2.0375699759e+01,-8.5292375248e-02,9.9635596587e-01
1.2526018098e-04,1.6196803085e-04,4.0255110184e+00,-1.2473553742e+00,-1.7116367018e+01,1.8423142670e+01,4.0911783798e+00,-1.7182034379e+01,4.0895840698e+00,1.7182034379e+01,1.0000000000e+00,2.5716693361e+01,2.5443075729e+01,3.7414188308e+00,1.8950968438e+01,-1.4548599924e-01,9.8936031052e-01
-2.0707853807e-04,9.6714889060e-05,-7.5191181607e+00,1.7572762767e+01,-2.4572652857e+01,3.3828182508e+01,3.4848247686e+00,-3.5576595785e+01,3.4848247686e+00,3.5576595785e+01,1.0000000000e+00,1.7496333183e+01,1.6711624970e+01,5.1810487095e+00,2.2424680190e+01,-2.9612197340e-01,9.5515013316e-01
2.9686127665e-04,1.2099789764e-04,-3.0530605000e+00,-8.0537993588e+00,-6.0015805150e+00,1.4180321036e+01,3.6596916600e+00,-1.2714332675e+01,3.6596916600e+00,1.2714332675e+01,0.0000000000e+00,nan,nan,nan,nan,nan,nan
2.9334745256e-04,1.2351177766e-04,-2.8832080964e+00,-7.9471087235e+00,-6.3156585619e+00,1.4081167957e+01,3.5303327812e+00,-1.2729199440e+01,3.5303327812e+00,1.2729199440e+01,0.0000000000e+00,nan,nan,nan,nan,nan,nan
-2.6630853670e-04,7.2685958657e-05,-1.0598996858e+01,2.5327109163e+01,-1.4592081430e+01,4.3989761506e+01,1.2801961503e+01,-3.7993039791e+01,1.2801961503e+01,3.7993039791e+01,1.0000000000e+00,1.4265882251e+01,1.3064811280e+01,5.7294068285e+00,2.3110520112e+01,-4.0161601840e-01,9.1580815336e-01
1.7319364149e-04,1.6127859226e-04,4.2021231275e+00,-5.1158695630e+00,-1.2540253957e+01,1.6988909157e+01,5.6394858604e+00,-1.3977616690e+01,5.6392400994e+00,1.3977616690e+01,0.0000000000e+00,nan,nan,nan,nan,nan,nan
2.6236233591e-05,1.2938096528e-04,-4.5650518969e+01,-7.8522927676e+00,-3.4310548335e+01,1.6715341090e+01,-3.0329926974e+01,-4.9631140330e+01,-3.9272691465e-09,4.9631140330e+01,1.0000000000e+00,1.2636914359e+01,1.2546149185e+01,1.5118681036e+00,1.9903711116e+01,-1.1963902426e-01,9.9281745748e-01
3.5993032880e-04,6.4204139197e-05,-5.7166010869e+00,-1.0571185328e+01,5.3223799724e+00,2.0650629506e+01,1.1725535947e+01,-1.2119757062e+01,1.1725535947e+01,1.2119757062e+01,0.0000000000e+00,nan,nan,nan,nan,nan,nan
-8.9628994350e-05,1.1938377746e-04,-1.1088003344e+01,6.1372079881e+00,-3.0810388730e+01,2.0113510923e+01,-9.3366550912e+00,-3.2561736983e+01,1.8431438329e-04,3.2561736983e+01,1.0000000000e+00,1.9008177493e+01,1.8856613768e+01,2.3956061423e+00,2.0905993033e+01,-1.2603029108e-01,9.9202639367e-01
-3.6538199607e-04,2.8020015397e-05,7.0250894046e+01,6.9560394773e+01,4.9187955025e+01,1.2181522606e+02,1.3004947809e+02,-1.0610629020e+01,1.3004947809e+02,1.0610201552e+01,1.0000000000e+00,8.3437927357e+00,6.5329485526e+00,5.1903237302e+00,2.3999968447e+01,-6.2205808493e-01,7.8297109715e-01
1.9653094417e-04,1.6189804344e-04,3.3617228894e+00,-5.6424755400e+00,-1.1592510459e+01,1.6222531516e+01,5.2506891530e+00,-1.3481476723e+01,5.2506976309e+00,1.3481476723e+01,1.0000000000e+00,2.9159138877e+01,2.8731371929e+01,-4.9763085843e+00,1.6767111384e+01,1.7066034101e-01,9.8532991836e-01
-1.8967412340e-04,9.9680542334e-05,-4.4798055232e+00,1.6606048366e+01,-2.6114975187e+01,3.4324505148e+01,4.5198719322e+00,-3.5114652642e+01,4.5198710575e+00,3.5114652642e+01,1.0000000000e+00,1.8069903158e+01,1.7425775512e+01,4.7816051649e+00,2.2189722043e+01,-2.6461708859e-01,9.6435356401e-01
2.4557305881e-04,1.4595485479e-04,-4.8975473980e-01,-6.8425203460e+00,-9.5077268106e+00,1.4192439605e+01,3.1952680513e+00,-1.3192749602e+01,3.1952679854e+00,1.3192749602e+01,0.0000000000e+00,nan,nan,nan,nan,nan,nan
7.8087061054e-05,1.4735120699e-04,-5.5505790063e+00,-2.7805381613e+00,-2.0395826331e+01,1.3892185686e+01,-4.9525455230e+00,-2.0993859815e+01,-5.8918926750e-01,2.0941447076e+01,0.0000000000e+00,nan,nan,nan,nan,nan,nan
-4.9970029723e-05,1.2339292703e-04,-2.0216479825e+01,1.9724347032e+00,-3.1664791463e+01,1.0472848122e+01,-1.9894133961e+01,-3.1987137327e+01,1.4822107139e-06,3.1987137327e+01,1.0000000000e+00,1.8171680000e+01,1.8100849750e+01,1.6028700365e+00,2.0421423145e+01,-8.8207036252e-02,9.9610216281e-01
-1.8446509809e-04,1.0129109764e-04,-4.5324175112e+00,1.6001921345e+01,-2.6524183711e+01,3.3627628504e+01,3.8866197582e+00,-3.4943220980e+01,3.8865843246e+00,3.4943220980e+01,1.0000000000e+00,1.8168923560e+01,1.7551425960e+01,4.6965125458e+00,2.2142259828e+01,-2.5849151329e-01,9.6601352866e-01
1.6610853587e-04,1.6190702477e-04,4.7915794140e+00,-4.8398413957e+00,-1.2806370728e+01,1.7392009888e+01,6.0338859334e+00,-1.4048677248e+01,6.0331111292e+00,1.4048677248e+01,0.0000000000e+00,nan,nan,nan,nan,nan,nan
9.1144550749e-05,1.5222899009e-04,8.8944982270e-01,-2.9814823362e+00,-1.8928490831e+01,1.7906728132e+01,1.3189338034e+00,-1.9357974811e+01,1.1063907853e+00,1.9358197255e+01,0.0000000000e+00,nan,nan,nan,nan,nan,nan
3.1167402814e-04,1.1567646924e-04,-3.7336527609e+00,-8.2539862625e+00,-4.5016701579e+00,1.4310463115e+01,4.1444882724e+00,-1.2379811191e+01,4.1444882724e+00,1.2379811191e+01,1.0000000000e+00,1.9220574386e+01,1.5745333600e+01,-1.1023381947e+01,1.4327453923e+01,5.7351990245e-01,8.1919162684e-01
-2.1239379420e-04,9.5276665424e-05,-8.1683584437e+00,1.7946042762e+01,-2.4054722474e+01,3.3990222972e+01,3.5127239237e+00,-3.5735804842e+01,3.5127239237e+00,3.5735804842e+01,1.0000000000e+00,1.7364193906e+01,1.6550233850e+01,5.2540450611e+00,2.2470859296e+01,-3.0257926683e-01,9.5312422448e-01
6.2834067432e-05,1.3731156817e-04,-3.6609599267e+01,-9.3748391037e+00,-4.3661454582e+01,1.7587579607e+01,-2.9981333104e+01,-5.0289720745e+01,-1.9973273096e-01,5.0187845840e+01,0.0000000000e+00,nan,nan,nan,nan,nan,nan
1.5813573370e-04,1.6255461464e-04,5.4741104105e+00,-4.4409818023e+00,-1.3120371352e+01,1.7843683052e+01,6.4789247429e+00,-1.4125185684e+01,6.4833160568e+00,1.4125185684e+01,0.0000000000e+00,nan,nan,nan,nan,nan,nan
1.3824119046e-04,1.6127961420e-04,7.2557070171e-01,-1.5632404939e+00,-1.7088033095e+01,1.5673099906e+01,8.6763725304e-01,-1.7230099646e+01,8.1540624858e-01,1.7230099646e+01,0.0000000000e+00,nan,nan,nan,nan,nan,nan
3.9520664785e-04,3.6776737141e-06,1.2805982582e+01,-3.3319567011e+01,4.6756228154e+01,6.4028484180e+01,6.6747967945e+01,-7.1857572094e+00,6.6747967945e+01,5.1415502790e+00,1.0000000000e+00,1.1784144692e-01,-5.1773207621e-02,1.0585906473e-01,1.4044448881e+01,8.9831776081e-01,4.3934633334e-01
-3.9239822310e-04,3.9833658458e-06,1.6571476601e+02,1.4560764692e+02,1.1391843110e+02,2.5473232446e+02,2.8688637465e+02,-7.2531775462e+00,2.8688637465e+02,3.8379521128e+00,1.0000000000e+00,1.7871907671e+00,1.3260528562e+00,1.1981797280e+00,2.3826992454e+01,-6.7042631935e-01,7.4197611169e-01
8.3581488917e-06,1.2393338843e-04,-3.4111419973e+01,-6.2647396464e+00,-3.5012697546e+01,1.0817348057e+01,-2.8316659947e+01,-4.0807457572e+01,-3.3101085149e-08,4.0807457572e+01,0.0000000000e+00,nan,nan,nan,nan,nan,nan
3.8386205012e-04,2.2689181442e-05,-3.6493174800e+00,-1.5247074881e+01,2.2695550825e+01,3.4883379163e+01,2.9663045023e+01,-1.0616811678e+01,2.9663045023e+01,1.0617997713e+01,0.0000000000e+00,nan,nan,nan,nan,nan,nan
1.4932669596e-04,1.6284259431e-04,5.6686338132e+00,-3.6715281489e+00,-1.3648555674e+01,1.7896866951e+01,6.3428000217e+00,-1.4322721882e+01,6.3294402010e+00,1.4322721882e+01,0.0000000000e+00,nan,nan,nan,nan,nan,nan
2.5199974975e-04,1.4693993320e-04,-5.6597553791e-01,-6.8943076112e+00,-9.1257648234e+00,1.4054787923e+01,3.2686654100e+00,-1.2960405771e+01,3.2686654154e+00,1.2960405771e+01,1.0000000000e+00,2.5388137574e+01,2.3756212550e+01,-8.9554393966e+00,1.5553915679e+01,3.5274109298e-01,9.3572096339e-01
1.8552515601e-04,1.6105826234e-04,3.6262489417e+00,-5.4511607386e+00,-1.2050993397e+01,1.6535811417e+01,5.3345829455e+00,-1.3759327400e+01,5.3345430216e+00,1.3759327400e+01,0.0000000000e+00,nan,nan,nan,nan,nan,nan
3.0856337690e-04,1.1839693047e-04,-3.5743029062e+00,-8.1470516244e+00,-4.8474357810e+00,1.4153114045e+01,3.9604348604e+00,-1.2382173548e+01,3.9604348604e+00,1.2382173548e+01,1.0000000000e+00,1.9674524740e+01,1.6297202072e+01,-1.1022165320e+01,1.4390861603e+01,5.6022523879e-01,8.2834031764e-01
1.7645211501e-04,1.6210217673e-04,4.4001537163e+00,-5.1727603109e+00,-1.2384807303e+01,1.7073364682e+01,5.8649849020e+00,-1.3849638488e+01,5.8651230864e+00,1.3849638488e+01,0.0000000000e+00,nan,nan,nan,nan,nan,nan
-9.4817742581e-05,1.1909797576e-04,-1.0510830884e+01,6.6924215401e+00,-3.0640847591e+01,2.0933515607e+01,-8.4898683670e+00,-3.2661810108e+01,2.9899515749e-04,3.2661810108e+01,1.0000000000e+00,1.9071582654e+01,1.8897047559e+01,2.5742685314e+00,2.1005918185e+01,-1.3497928190e-01,9.9084842103e-01
2.1600266896e-04,1.5560299015e-04,1.3965730967e+00,-6.1914755886e+00,-1.0863649353e+01,1.5090246940e+01,3.9788200048e+00,-1.3445896261e+01,3.9788178100e+00,1.3445896261e+01,0.0000000000e+00,nan,nan,nan,nan,nan,nan
-1.0423306222e-04,1.1985953503e-04,-1.0709451414e+01,7.7016683391e+00,-3.0179995370e+01,2.1498725947e+01,-8.0324281797e+00,-3.2857018605e+01,2.0703120546e-04,3.2857018605e+01,1.0000000000e+00,1.9107680513e+01,1.8907776153e+01,2.7567109980e+00,2.1106352755e+01,-1.4427240376e-01,9.8953801014e-01
1.9374830921e-04,1.5975359023e-04,2.9379669371e+00,-5.6775710606e+00,-1.1747020410e+01,1.6075190838e+01,4.8764890211e+00,-1.3685542494e+01,4.8764670027e+00,1.3685542494e+01,0.0000000000e+00,nan,nan,nan,nan,nan,nan
1.3120001148e-04,1.6039738144e-04,9.7003367041e-01,-1.2226207232e+00,-1.7528612521e+01,1.6166969996e+01,1.0547150537e+00,-1.7613293905e+01,9.8488442159e-01,1.7613293905e+01,1.0000000000e+00,2.6093316071e+01,2.5792620709e+01,3.9499190547e+00,1.8930258275e+01,-1.5137666075e-01,9.8847615377e-01
3.7524245233e-04,4.1415362515e-05,-5.8553222146e+00,-1.1999055551e+01,1.3215282867e+01,2.6541919517e+01,1.9003964704e+01,-1.1644004052e+01,1.9003964704e+01,1.1644002456e+01,0.0000000000e+00,nan,nan,nan,nan,nan,nan
-2.3067942966e-04,8.7029104292e-05,-7.6305968106e+00,2.0496605385e+01,-2.1689280190e+01,3.7527849031e+01,7.0067752398e+00,-3.6326652240e+01,7.0067752398e+00,3.6326652240e+01,1.0000000000e+00,1.6607074578e+01,1.5644579665e+01,5.5715395685e+00,2.2697026604e+01,-3.3549193401e-01,9.4204307875e-01
-3.7028700460e-04,2.1201784210e-05,8.0694333336e+01,7.4625951701e+01,5.0358981775e+01,1.3186067474e+02,1.4165645361e+02,-1.0603138502e+01,1.4165645361e+02,1.0598433223e+01,1.0000000000e+00,6.9150003062e+00,5.2791298860e+00,4.4663202843e+00,2.4014168764e+01,-6.4588866038e-01,7.6343161999e-01
2.7501262778e-04,1.3377874231e-04,-1.9925464539e+00,-7.4867210786e+00,-7.7433838139e+00,1.3890289048e+01,3.1515969872e+00,-1.2887527255e+01,3.1515969870e+00,1.2887527255e+01,0.0000000000e+00,nan,nan,nan,nan,nan,nan
2.6562685588e-04,1.4213704789e-04,-1.2959844880e+00,-7.1611005689e+00,-8.3256100035e+00,1.3816232344e+01,3.1660082173e+00,-1.2787602709e+01,3.1660082194e+00,1.2787602709e+01,1.0000000000e+00,2.4183768039e+01,2.2125991576e+01,-9.7619226255e+00,1.5240443996e+01,4.0365598156e-01,9.1491084186e-01
3.6556839225e-04,5.7535388145e-05,-5.9479126474e+00,-1.0838639032e+01,7.5062474473e+00,2.2092594052e+01,1.3534332523e+01,-1.1975997723e+01,1.3534332523e+01,1.1975997725e+01,0.0000000000e+00,nan,nan,nan,nan,nan,nan
2.0814109246e-04,1.5708005333e-04,1.8793811538e+00,-6.0235151841e+00,-1.1189213578e+01,1.5391793995e+01,4.2315401941e+00,-1.3541372619e+01,4.2315441657e+00,1.3541372619e+01,0.0000000000e+00,nan,nan,nan,nan,nan,nan
-1.2600683175e-04,1.1436230040e-04,-6.5887342303e+00,9.8682436721e+00,-2.9687379152e+01,2.6310708641e+01,-2.9475619747e+00,-3.3328551408e+01,-1.1054409679e-02,3.3328551408e+01,1.0000000000e+00,1.9068084973e+01,1.8777326372e+01,3.3172094952e+00,2.1407085241e+01,-1.7396657819e-01,9.8475155734e-01
