x_m y_m von_mises_Pa wss_mag_dyn_cm2 is_surface
4.0010844227e-04 3.7939681919e-06 3.5127894790e+01 5.0085747753e-03 1.0000000000e+00
4.0170110315e-04 4.0371795935e-05 2.5672440861e+00 3.3743480636e-01 1.0000000000e+00
4.0010316179e-04 4.8284469703e-05 2.6613233017e+00 7.4988494504e-01 1.0000000000e+00
3.9807177782e-04 5.6091710683e-05 2.6990492300e+00 1.2600020741e+00 1.0000000000e+00
3.9563443560e-04 6.3781128419e-05 2.7070978739e+00 1.8451578871e+00 1.0000000000e+00
3.9281524132e-04 7.1340567453e-05 2.7026728307e+00 2.4825414007e+00 1.0000000000e+00
3.9126957502e-04 7.5068134231e-05 2.6975409636e+00 2.8160011593e+00 1.0000000000e+00
3.8963680040e-04 7.8759266217e-05 2.6924114439e+00 3.1562664740e+00 1.0000000000e+00
3.8791952819e-04 8.2412865097e-05 2.6855687516e+00 3.5009213665e+00 1.0000000000e+00
3.8612039451e-04 8.6027905380e-05 2.6792262442e+00 3.8477583480e+00 1.0000000000e+00
3.8424192755e-04 8.9603536780e-05 2.6722694870e+00 4.1964035320e+00 1.0000000000e+00
3.8228656490e-04 9.3138933749e-05 2.6652575452e+00 4.5466976009e+00 1.0000000000e+00
3.8025673382e-04 9.6633374960e-05 2.6584666806e+00 4.8959355036e+00 1.0000000000e+00
3.7815481556e-04 1.0008626380e-04 2.6517429072e+00 5.2412632643e+00 1.0000000000e+00
3.7598310762e-04 1.0349707969e-04 2.6453902757e+00 5.5873399727e+00 1.0000000000e+00
3.7374384471e-04 1.0686536607e-04 2.6392857185e+00 5.9296277001e+00 1.0000000000e+00
3.7143920212e-04 1.1019074171e-04 2.6333240772e+00 6.2646996972e+00 1.0000000000e+00
3.6907130659e-04 1.1347290459e-04 2.6276940766e+00 6.5973880231e+00 1.0000000000e+00
3.6664223277e-04 1.1671160847e-04 2.6227792918e+00 6.9256717673e+00 1.0000000000e+00
3.6415397344e-04 1.1990671381e-04 2.6171312000e+00 7.2485641317e+00 1.0000000000e+00
3.6160847015e-04 1.2305805768e-04 2.6129510841e+00 7.5659849177e+00 1.0000000000e+00
3.5900758141e-04 1.2616556313e-04 2.6087895510e+00 7.8778331704e+00 1.0000000000e+00
3.5635314791e-04 1.2922921895e-04 2.6049515657e+00 8.1840502879e+00 1.0000000000e+00
3.5364690545e-04 1.3224902991e-04 2.6015221308e+00 8.4850832717e+00 1.0000000000e+00
3.5089055770e-04 1.3522501582e-04 2.5989864524e+00 8.7803975907e+00 1.0000000000e+00
3.4808575472e-04 1.3815728596e-04 2.5965368444e+00 9.0702547576e+00 1.0000000000e+00
3.4523408231e-04 1.4104596655e-04 2.5946506506e+00 9.3550759260e+00 1.0000000000e+00
3.4233705559e-04 1.4389119017e-04 2.5932364850e+00 9.6341919775e+00 1.0000000000e+00
3.3939614356e-04 1.4669309332e-04 2.5925403417e+00 9.9061822823e+00 1.0000000000e+00
3.3641276276e-04 1.4945186480e-04 2.5924711650e+00 1.0176500366e+01 1.0000000000e+00
3.3338828678e-04 1.5216773306e-04 2.5926045905e+00 1.0442765015e+01 1.0000000000e+00
3.3032403745e-04 1.5484089017e-04 2.5939251165e+00 1.0701084847e+01 1.0000000000e+00
3.2722127100e-04 1.5747158576e-04 2.5958877795e+00 1.0956327604e+01 1.0000000000e+00
3.2408119390e-04 1.6006004081e-04 2.5980602863e+00 1.1207379367e+01 1.0000000000e+00
3.2090499541e-04 1.6260650918e-04 2.6013034159e+00 1.1454468318e+01 1.0000000000e+00
3.1769382742e-04 1.6511128843e-04 2.6052069653e+00 1.1937857551e+01 1.0000000000e+00
3.1444875854e-04 1.6757462298e-04 2.6101052243e+00 1.2174169497e+01 1.0000000000e+00
3.1117082431e-04 1.6999678047e-04 2.6156897117e+00 1.2406439078e+01 1.0000000000e+00
3.0786104222e-04 1.7237803758e-04 2.6224378711e+00 1.2635964745e+01 1.0000000000e+00
3.0452038773e-04 1.7471868928e-04 2.6300763979e+00 1.2862149727e+01 1.0000000000e+00
3.0114979163e-04 1.7701901081e-04 2.6387081187e+00 1.3085915198e+01 1.0000000000e+00
2.9775013911e-04 1.7927928007e-04 2.6483070897e+00 1.3307171450e+01 1.0000000000e+00
2.9432228819e-04 1.8149977548e-04 2.6588969586e+00 1.3525768343e+01 1.0000000000e+00
2.9086708548e-04 1.8368078211e-04 2.6708456774e+00 1.3742375380e+01 1.0000000000e+00
2.8738533825e-04 1.8582259545e-04 2.6838036249e+00 1.3956610494e+01 1.0000000000e+00
2.8387780870e-04 1.8792548338e-04 2.6982776832e+00 1.4168830672e+01 1.0000000000e+00
2.8034521862e-04 1.8998971510e-04 2.7137769232e+00 1.4376250211e+01 1.0000000000e+00
2.7678829019e-04 1.9201556052e-04 2.7306188313e+00 1.4584654863e+01 1.0000000000e+00
2.7320772410e-04 1.9400330899e-04 2.7487347523e+00 1.4792822582e+01 1.0000000000e+00
2.6960417870e-04 1.9595322073e-04 2.7683880239e+00 1.4996060243e+01 1.0000000000e+00
2.6597827873e-04 1.9786553435e-04 2.7896431227e+00 1.5198229376e+01 1.0000000000e+00
2.6233063095e-04 1.9974051211e-04 2.8120487542e+00 1.5398628421e+01 1.0000000000e+00
2.5866183946e-04 2.0157840332e-04 2.8363544377e+00 1.5597392984e+01 1.0000000000e+00
2.5497247332e-04 2.0337945922e-04 2.8619766128e+00 1.5794862665e+01 1.0000000000e+00
2.5126308313e-04 2.0514391890e-04 2.8891833228e+00 1.5991259893e+01 1.0000000000e+00
2.4753419432e-04 2.0687200021e-04 2.9182366110e+00 1.6185398802e+01 1.0000000000e+00
2.4378632384e-04 2.0856394269e-04 2.9489241234e+00 1.6377935187e+01 1.0000000000e+00
2.4001996303e-04 2.1021998277e-04 2.9810762686e+00 1.6567948190e+01 1.0000000000e+00
2.3623559211e-04 2.1184030761e-04 3.0156060021e+00 1.6756980963e+01 1.0000000000e+00
2.3243365341e-04 2.1342512301e-04 3.0513512287e+00 1.6944646538e+01 1.0000000000e+00
2.2861460543e-04 2.1497462464e-04 3.0892105795e+00 1.7130059447e+01 1.0000000000e+00
2.2477887764e-04 2.1648902356e-04 3.1288355978e+00 1.7314645352e+01 1.0000000000e+00
2.2092688743e-04 2.1796851460e-04 3.1703151467e+00 1.7496836488e+01 1.0000000000e+00
2.1705903281e-04 2.1941326405e-04 3.2137270824e+00 1.7677512039e+01 1.0000000000e+00
2.1317570423e-04 2.2082343947e-04 3.2591122473e+00 1.7856316360e+01 1.0000000000e+00
2.0927726695e-04 2.2219921095e-04 3.3059723053e+00 1.8032686385e+01 1.0000000000e+00
2.0536410692e-04 2.2354073070e-04 3.3554013455e+00 1.8207117537e+01 1.0000000000e+00
2.0143656080e-04 2.2484816765e-04 3.4062786125e+00 1.8379939330e+01 1.0000000000e+00
1.9749498757e-04 2.2612165338e-04 3.4593707846e+00 1.8550440576e+01 1.0000000000e+00
1.9353971205e-04 2.2736132120e-04 3.5144067680e+00 1.8884328676e+01 1.0000000000e+00
1.8957106094e-04 2.2856730924e-04 3.5713729849e+00 1.9047844757e+01 1.0000000000e+00
1.8558934628e-04 2.2973974476e-04 3.6302654318e+00 1.9208859322e+01 1.0000000000e+00
1.8159486943e-04 2.3087873188e-04 3.6911479806e+00 1.9367597785e+01 1.0000000000e+00
1.7758793446e-04 2.3198435891e-04 3.7540471121e+00 1.9523496745e+01 1.0000000000e+00
1.7356883967e-04 2.3305675490e-04 3.8186345454e+00 1.9676503216e+01 1.0000000000e+00
1.6953786198e-04 2.3409600814e-04 3.8853353427e+00 1.9827043916e+01 1.0000000000e+00
1.6549527120e-04 2.3510217757e-04 3.9539603499e+00 1.9973690817e+01 1.0000000000e+00
1.6144135929e-04 2.3607536472e-04 4.0244211833e+00 2.0117163057e+01 1.0000000000e+00
1.5330059534e-04 2.3792305256e-04 4.1709211554e+00 2.0396442711e+01 1.0000000000e+00
1.4511761957e-04 2.3963946651e-04 4.3247943628e+00 2.0661386946e+01 1.0000000000e+00
1.3689443846e-04 2.4122497575e-04 4.4860107603e+00 2.0912419640e+01 1.0000000000e+00
1.2863296118e-04 2.4267973336e-04 4.6536320903e+00 2.1149156269e+01 1.0000000000e+00
1.2033510425e-04 2.4400378581e-04 4.8282261519e+00 2.1369162761e+01 1.0000000000e+00
1.1200270696e-04 2.4519710166e-04 5.0088585309e+00 2.1573901082e+01 1.0000000000e+00
1.0363761201e-04 2.4625939139e-04 5.1954368742e+00 2.1847421162e+01 1.0000000000e+00
9.5241643775e-05 2.4719034911e-04 5.3875212901e+00 2.2008394876e+01 1.0000000000e+00
-2.0120364327e-05 2.4634717817e-04 8.2832918339e+00 2.2195847915e+01 1.0000000000e+00
-2.8726304978e-05 2.4521487772e-04 8.5089708643e+00 2.2069875812e+01 1.0000000000e+00
-3.3026826312e-05 2.4458698375e-04 8.6231442431e+00 2.2001601240e+01 1.0000000000e+00
-4.1620561150e-05 2.4320408225e-04 8.8568382004e+00 2.1854022276e+01 1.0000000000e+00
-5.0201085464e-05 2.4164594722e-04 9.1025040764e+00 2.1691998053e+01 1.0000000000e+00
-5.8763921328e-05 2.3990426162e-04 9.3680637175e+00 2.1429942078e+01 1.0000000000e+00
-6.7304210473e-05 2.3796838406e-04 9.6704908662e+00 2.1240340013e+01 1.0000000000e+00
-7.5816683581e-05 2.3582407818e-04 1.0031384517e+01 2.1042196105e+01 1.0000000000e+00
-8.0060676123e-05 2.3466793485e-04 1.0246134184e+01 2.0939524326e+01 1.0000000000e+00
-8.4295487880e-05 2.3345164201e-04 1.0494590732e+01 2.0834891954e+01 1.0000000000e+00
-8.8520281491e-05 2.3217111364e-04 1.0791666615e+01 2.0727748080e+01 1.0000000000e+00
-9.2734200601e-05 2.3082127313e-04 1.1137506964e+01 2.0617074771e+01 1.0000000000e+00
-9.6936113316e-05 2.2939546424e-04 1.1593128932e+01 2.0503801153e+01 1.0000000000e+00
-1.0112501178e-04 2.2788398832e-04 1.2170414984e+01 2.0255018902e+01 1.0000000000e+00
-1.0529946493e-04 2.2627429936e-04 1.2943350803e+01 2.0108556910e+01 1.0000000000e+00
-1.0945732850e-04 2.2454696523e-04 1.3998422080e+01 1.9937618400e+01 1.0000000000e+00
-1.1359461291e-04 2.2267085536e-04 1.5612683562e+01 1.9706341871e+01 1.0000000000e+00
-1.1770240860e-04 2.2059154819e-04 1.7732637940e+01 1.9330728799e+01 1.0000000000e+00
-1.2175389936e-04 2.1819309862e-04 2.2789569010e+01 1.8425526901e+01 1.0000000000e+00
-1.2553642269e-04 2.1515221006e-04 2.3946464973e+01 8.6451404029e+00 1.0000000000e+00
-1.3296945195e-04 2.0789528018e-04 2.4423635276e+01 3.0540161149e+00 1.0000000000e+00
-1.3833051410e-04 2.0796441427e-04 8.5870858807e+00 1.2257965489e+01 1.0000000000e+00
-1.4228108191e-04 2.0731256538e-04 1.3241795096e+01 1.3727140739e+01 1.0000000000e+00
-1.4594591086e-04 2.0617608448e-04 6.0759969163e+00 1.3727140739e+01 1.0000000000e+00
-1.4938723883e-04 2.0495144455e-04 3.1352486410e+00 1.3629235442e+01 1.0000000000e+00
-1.5272350438e-04 2.0373508673e-04 1.4337662202e+00 1.3493487863e+01 1.0000000000e+00
-1.5603978068e-04 2.0252262934e-04 2.7034731488e-01 1.3525938249e+01 1.0000000000e+00
-1.5935107848e-04 2.0128628070e-04 1.9462227683e-01 1.3563091851e+01 1.0000000000e+00
-1.6263439210e-04 2.0002164999e-04 1.1345296913e+00 1.3486631939e+01 1.0000000000e+00
-1.6587460581e-04 1.9876514205e-04 1.8549605360e+00 1.3420841616e+01 1.0000000000e+00
-1.6912585895e-04 1.9750303504e-04 2.1302144154e+00 1.3403604217e+01 1.0000000000e+00
-1.7236149055e-04 1.9622878583e-04 2.5079411890e+00 1.3358418251e+01 1.0000000000e+00
-1.7559104799e-04 1.9494262325e-04 2.7637755584e+00 1.3358418251e+01 1.0000000000e+00
-1.7880531546e-04 1.9364956533e-04 3.0087887972e+00 1.3296634489e+01 1.0000000000e+00
-1.8201637009e-04 1.9235257358e-04 3.1776659777e+00 1.3261614528e+01 1.0000000000e+00
-1.8523233016e-04 1.9103482854e-04 3.2859399439e+00 1.3207113362e+01 1.0000000000e+00
-1.8842678745e-04 1.8970403843e-04 3.3798774391e+00 1.3124829851e+01 1.0000000000e+00
-1.9161603674e-04 1.8837223608e-04 3.4611777478e+00 1.3067903773e+01 1.0000000000e+00
-1.9481069517e-04 1.8701963673e-04 3.5985913925e+00 1.3004327612e+01 1.0000000000e+00
-1.9798989538e-04 1.8565451959e-04 3.6451636062e+00 1.2924832937e+01 1.0000000000e+00
-2.0116621808e-04 1.8427662978e-04 3.7047306284e+00 1.2924832937e+01 1.0000000000e+00
-2.0433669310e-04 1.8288278594e-04 3.7477372045e+00 1.2846763764e+01 1.0000000000e+00
-2.0749863752e-04 1.8147490384e-04 3.7828377268e+00 1.2764079421e+01 1.0000000000e+00
-2.1065557481e-04 1.8005142322e-04 3.8181816345e+00 1.2679106277e+01 1.0000000000e+00
-2.1380544426e-04 1.7861141622e-04 3.8415439080e+00 1.2589568288e+01 1.0000000000e+00
-2.1694777668e-04 1.7715494343e-04 3.8616211919e+00 1.2495116251e+01 1.0000000000e+00
-2.2008259501e-04 1.7568169359e-04 3.8798781575e+00 1.2397614788e+01 1.0000000000e+00
-2.2320970129e-04 1.7419121974e-04 3.8957660926e+00 1.2397614788e+01 1.0000000000e+00
-2.2632883657e-04 1.7268308122e-04 3.9115196913e+00 1.2297417973e+01 1.0000000000e+00
-2.2943973427e-04 1.7115687535e-04 3.9276859730e+00 1.2194619187e+01 1.0000000000e+00
-2.3254210942e-04 1.6961221155e-04 3.9443881255e+00 1.2088347056e+01 1.0000000000e+00
-2.3563566696e-04 1.6804868264e-04 3.9617087662e+00 1.1978725259e+01 1.0000000000e+00
-2.3872009215e-04 1.6646588947e-04 3.9785326456e+00 1.1866284041e+01 1.0000000000e+00
-2.4179503943e-04 1.6486345019e-04 3.9978498134e+00 1.1751133161e+01 1.0000000000e+00
-2.4486021061e-04 1.6324097524e-04 4.0185245904e+00 1.1632819658e+01 1.0000000000e+00
-2.4791525713e-04 1.6159808938e-04 4.0393826282e+00 1.1632819658e+01 1.0000000000e+00
-2.5095984126e-04 1.5993440326e-04 4.0596626256e+00 1.1511806045e+01 1.0000000000e+00
-2.5399369145e-04 1.5824943213e-04 4.0690511410e+00 1.1387312938e+01 1.0000000000e+00
-2.5701630231e-04 1.5654210337e-04 4.0934359069e+00 1.1257618024e+01 1.0000000000e+00
-2.6002533394e-04 1.5481477316e-04 4.1200004706e+00 1.1126881486e+01 1.0000000000e+00
-2.6302510696e-04 1.5306413098e-04 4.1516099772e+00 1.0993612681e+01 1.0000000000e+00
-2.6601121714e-04 1.5129023411e-04 4.1757776906e+00 1.0854684348e+01 1.0000000000e+00
-2.6898354494e-04 1.4949469436e-04 4.2072284753e+00 1.0714582045e+01 1.0000000000e+00
-2.7194435697e-04 1.4767500805e-04 4.2446960530e+00 1.0714582045e+01 1.0000000000e+00
-2.7489084013e-04 1.4583121855e-04 4.2599111824e+00 1.0571507572e+01 1.0000000000e+00
-2.7782304977e-04 1.4396246559e-04 4.2913963396e+00 1.0420698270e+01 1.0000000000e+00
-2.8073892575e-04 1.4207000339e-04 4.3397578745e+00 1.0266339282e+01 1.0000000000e+00
-2.8363991807e-04 1.4015476259e-04 4.3708721336e+00 1.0114032705e+01 1.0000000000e+00
-2.8652807176e-04 1.3821181895e-04 4.4166480886e+00 9.9564539087e+00 1.0000000000e+00
-2.8939832895e-04 1.3624240833e-04 4.4018102334e+00 9.7869228936e+00 1.0000000000e+00
-2.9225143322e-04 1.3424612355e-04 4.4547282237e+00 9.6127647587e+00 1.0000000000e+00
-2.9508144367e-04 1.3222819199e-04 4.5082935758e+00 9.6127647587e+00 1.0000000000e+00
-2.9790265665e-04 1.3018050835e-04 4.5670186977e+00 9.4417638651e+00 1.0000000000e+00
-3.0070070544e-04 1.2810439334e-04 4.6077254835e+00 9.2623131392e+00 1.0000000000e+00
-3.0347804923e-04 1.2600516156e-04 4.6669395411e+00 9.0825759425e+00 1.0000000000e+00
-3.0624180300e-04 1.2387540683e-04 4.5270685218e+00 8.8953187020e+00 1.0000000000e+00
-3.0898438271e-04 1.2170427697e-04 4.6838770864e+00 8.6752396909e+00 1.0000000000e+00
-3.1167685499e-04 1.1952916266e-04 4.9562945777e+00 8.4767885977e+00 1.0000000000e+00
-3.1438302241e-04 1.1732403152e-04 4.8999224990e+00 8.2911577525e+00 1.0000000000e+00
-3.1706172579e-04 1.1507817843e-04 4.9637597869e+00 8.2911577525e+00 1.0000000000e+00
-3.1971134109e-04 1.1280376106e-04 5.0271242433e+00 8.0722235786e+00 1.0000000000e+00
-3.2233569890e-04 1.1050419546e-04 5.1522320068e+00 7.8508508173e+00 1.0000000000e+00
-3.2494059900e-04 1.0817590443e-04 5.1367715147e+00 7.6473204019e+00 1.0000000000e+00
-3.2752816611e-04 1.0580673707e-04 4.6798269576e+00 7.4144397490e+00 1.0000000000e+00
-3.3007803062e-04 1.0337323637e-04 5.2794572928e+00 7.0941886020e+00 1.0000000000e+00
-3.3252356836e-04 1.0098259079e-04 5.8833850796e+00 6.8328344814e+00 1.0000000000e+00
-3.3503258415e-04 9.8580157883e-05 5.7272055095e+00 6.6508211895e+00 1.0000000000e+00
-3.3752712571e-04 9.6108115408e-05 5.9111282979e+00 6.6508211895e+00 1.0000000000e+00
-3.3997443835e-04 9.3600673943e-05 5.9772355358e+00 6.4114609527e+00 1.0000000000e+00
-3.4239344555e-04 9.1066415418e-05 6.0759131929e+00 6.1507839505e+00 1.0000000000e+00
-3.4478856041e-04 8.8497244717e-05 5.7978326568e+00 5.8926641815e+00 1.0000000000e+00
-3.4714931361e-04 8.5865553263e-05 6.1467876223e+00 5.5575818956e+00 1.0000000000e+00
-3.4941423421e-04 8.3216720418e-05 7.6489482043e+00 5.2065953280e+00 1.0000000000e+00
-3.5163636577e-04 8.0676918047e-05 7.2902169840e+00 4.9639145868e+00 1.0000000000e+00
-3.5396305267e-04 7.8064640655e-05 7.7900571185e+00 4.7454112567e+00 1.0000000000e+00
-3.5625305265e-04 7.5391740636e-05 8.1643142961e+00 4.7454112567e+00 1.0000000000e+00
-3.5851720464e-04 7.2677121739e-05 8.3346581052e+00 4.4773719312e+00 1.0000000000e+00
-3.6075685029e-04 6.9937733990e-05 8.5856499919e+00 4.1879784042e+00 1.0000000000e+00
-3.6298240543e-04 6.7180374661e-05 9.0253312202e+00 3.9014179978e+00 1.0000000000e+00
-3.6520631997e-04 6.4406986761e-05 9.6404119223e+00 3.6234091573e+00 1.0000000000e+00
-3.6744259203e-04 6.1619996634e-05 1.0467146971e+01 3.3543266724e+00 1.0000000000e+00
-3.6971212661e-04 5.8822575432e-05 1.1800629741e+01 3.1156555053e+00 1.0000000000e+00
-3.7205033935e-04 5.6030348185e-05 1.5095619836e+01 3.0958956124e+00 1.0000000000e+00
-3.7460001344e-04 5.3303106438e-05 1.6807628967e+01 3.2343528798e+00 1.0000000000e+00
-3.7757246112e-04 4.9833806140e-05 2.0577721477e+01 3.1251179655e+00 1.0000000000e+00
-3.8018950321e-04 4.5966944572e-05 2.0524594694e+01 2.7185382376e+00 1.0000000000e+00
-3.8258009872e-04 4.1965467000e-05 2.0259256326e+01 2.2652341986e+00 1.0000000000e+00
-3.8481131807e-04 3.7853264620e-05 2.0812049265e+01 1.8564042823e+00 1.0000000000e+00
-3.8690800729e-04 3.3634958956e-05 2.1767860942e+01 1.4812428150e+00 1.0000000000e+00
-3.8888459176e-04 2.9307786663e-05 2.3134681892e+01 8.3401517163e-01 1.0000000000e+00
-3.9251166453e-04 2.0303298016e-05 2.7587262927e+01 3.3996181344e-01 1.0000000000e+00
-3.9580272549e-04 1.0729120657e-05 3.6241678740e+01 4.6659771636e-02 1.0000000000e+00
-5.7587137856e-07 2.4494455601e-04 7.4956082514e+00 2.2443077521e+01 1.0000000000e+00
3.7761870155e-05 2.4649506140e-04 6.5794078439e+00 2.2599518760e+01 1.0000000000e+00
5.4253903004e-05 3.5567553662e-06 5.3631589103e+00 nan 0.0000000000e+00
-8.6004490297e-05 3.4580828204e-06 2.9856799668e-01 nan 0.0000000000e+00
8.6263640068e-05 3.5727148235e-06 5.6861447108e+00 nan 0.0000000000e+00
-1.1800626828e-04 3.3280626116e-06 2.6547465360e+00 nan 0.0000000000e+00
1.4623670603e-04 3.5746321479e-06 5.9424440570e+00 nan 0.0000000000e+00
-1.9176102810e-04 1.8474052460e-04 3.1743523708e+00 1.3067903773e+01 1.0000000000e+00
-1.7393603371e-04 3.0665296070e-06 9.5648748261e+00 nan 0.0000000000e+00
2.0224364933e-04 3.5831958392e-06 6.1539878562e+00 nan 0.0000000000e+00
3.0093007415e-04 1.7334194502e-04 2.6576684382e+00 1.2862149727e+01 1.0000000000e+00
2.5829547547e-04 3.6014958446e-06 6.5415872557e+00 nan 0.0000000000e+00
-3.0575349474e-04 1.2013295762e-04 4.6005781311e+00 8.8953187020e+00 1.0000000000e+00
-2.8154297779e-04 2.8345472733e-06 2.4879237230e+01 nan 0.0000000000e+00
-3.0543136896e-04 2.8536254225e-06 2.6197326045e+01 nan 0.0000000000e+00
-3.3891976735e-05 3.4847707734e-06 2.1574873685e+00 nan 0.0000000000e+00
3.2619627633e-04 3.7816096724e-06 7.6159441400e+00 nan 0.0000000000e+00
1.0226545049e-04 3.5791705820e-06 5.7791739877e+00 nan 0.0000000000e+00
-1.0201153131e-04 3.3992880418e-06 1.2277589908e+00 nan 0.0000000000e+00
7.0260140180e-05 3.5652588171e-06 5.5540122996e+00 nan 0.0000000000e+00
5.5046774282e-05 2.4650463273e-04 6.1757651945e+00 2.2528067082e+01 1.0000000000e+00
-9.3830192631e-05 2.2766161458e-04 1.0180456042e+01 2.0503801153e+01 1.0000000000e+00
-1.2686289640e-04 2.0927282260e-04 2.0084210643e+01 3.3272589053e+00 1.0000000000e+00
2.9416938814e-04 3.8824552104e-06 6.9754538832e+00 nan 0.0000000000e+00
2.1827879909e-04 3.6019764442e-06 6.2399838475e+00 nan 0.0000000000e+00
1.6226859092e-04 3.5956437163e-06 5.9939099946e+00 nan 0.0000000000e+00
-1.3399032682e-04 3.2571393899e-06 4.3583347171e+00 nan 0.0000000000e+00
-3.7316264741e-04 3.5929211167e-06 1.6321520574e+01 nan 0.0000000000e+00
3.7427981993e-04 3.7566468281e-06 1.0148706406e+01 nan 0.0000000000e+00
3.1048562730e-04 1.6558655369e-04 2.6544485347e+00 1.2174169497e+01 1.0000000000e+00
3.3280180114e-04 1.4795671927e-04 2.6578866718e+00 1.0442765015e+01 1.0000000000e+00
-3.8888268819e-04 2.1836327436e-05 2.5058695279e+01 5.6615166557e-01 1.0000000000e+00
3.9967811716e-04 1.4152316528e-05 5.4806320513e+00 9.1696153927e-02 1.0000000000e+00
3.1820977758e-04 3.5773704278e-06 7.4200604277e+00 nan 0.0000000000e+00
2.1027654237e-04 3.6015542222e-06 6.1949791898e+00 nan 0.0000000000e+00
-1.8188154042e-04 3.0584582554e-06 1.0861574224e+01 nan 0.0000000000e+00
1.5426798612e-04 3.5940752285e-06 5.9677151936e+00 nan 0.0000000000e+00
-1.2599957387e-04 3.2923402932e-06 3.4788684612e+00 nan 0.0000000000e+00
9.4264701457e-05 3.5760638174e-06 5.7365165632e+00 nan 0.0000000000e+00
-1.1001031187e-04 3.3639632104e-06 1.8974425786e+00 nan 0.0000000000e+00
-9.4009718892e-05 3.4321909459e-06 6.7986365635e-01 nan 0.0000000000e+00
-7.7994272592e-05 3.4693371469e-06 1.1895074565e-01 nan 0.0000000000e+00
7.8262160294e-05 3.5691153977e-06 5.6260669018e+00 nan 0.0000000000e+00
4.6218748385e-05 3.5346791014e-06 5.2384724445e+00 nan 0.0000000000e+00
6.2257440462e-05 3.5611397274e-06 5.4673684345e+00 nan 0.0000000000e+00
-2.5870171242e-05 3.4898788353e-06 2.5940224122e+00 nan 0.0000000000e+00
-9.1188152668e-06 2.4417749486e-04 7.6924985812e+00 2.2356625686e+01 1.0000000000e+00
7.9648405691e-06 2.4556136485e-04 7.2959258323e+00 2.2510876889e+01 1.0000000000e+00
4.6299000478e-05 2.4685530604e-04 6.3973257024e+00 2.2574738440e+01 1.0000000000e+00
6.3068283004e-05 2.4594320163e-04 5.9697477527e+00 2.2463142060e+01 1.0000000000e+00
1.3815543445e-04 2.3730245259e-04 4.3310637791e+00 2.0912419640e+01 1.0000000000e+00
-1.9838716598e-04 1.8211492912e-04 3.2470455453e+00 1.2924832937e+01 1.0000000000e+00
2.3696347299e-04 2.0853369817e-04 2.9709985835e+00 1.6756980963e+01 1.0000000000e+00
2.5142477882e-04 2.0122801023e-04 2.8547304368e+00 1.5991259893e+01 1.0000000000e+00
-2.8028116794e-04 1.3879743939e-04 4.0734584595e+00 1.0266339282e+01 1.0000000000e+00
3.9003126338e-04 6.7908272700e-05 3.0354333448e+00 2.1589240111e+00 1.0000000000e+00
-3.7887622339e-04 4.2009061511e-05 1.7473795355e+01 2.2652341986e+00 1.0000000000e+00
-3.8903955800e-04 3.8742069931e-06 2.4406343651e+01 nan 0.0000000000e+00
-3.7993325558e-04 1.5147997594e-05 1.9783415878e+01 nan 0.0000000000e+00
-3.6990170164e-04 2.1536319489e-05 1.5073040858e+01 nan 0.0000000000e+00
-3.6436845483e-04 3.1784885154e-05 1.3038810726e+01 nan 0.0000000000e+00
-3.5666272290e-04 3.0532160037e-05 1.3439213562e+01 nan 0.0000000000e+00
-3.4791073254e-04 3.9462724421e-05 1.1825298482e+01 nan 0.0000000000e+00
-3.3783088608e-04 4.1261790046e-05 1.2158161621e+01 nan 0.0000000000e+00
-3.3055122319e-04 4.0354316568e-05 1.3038092729e+01 nan 0.0000000000e+00
-3.2278106733e-04 4.9002891654e-05 1.2208181787e+01 nan 0.0000000000e+00
-3.1557844524e-04 4.8306123177e-05 1.3211620866e+01 nan 0.0000000000e+00
-3.0585494906e-04 5.0643841968e-05 1.3815049487e+01 nan 0.0000000000e+00
-2.9857617133e-04 5.0204921753e-05 1.4694672602e+01 nan 0.0000000000e+00
-2.8764068729e-04 5.8830104099e-05 1.3643335750e+01 nan 0.0000000000e+00
-2.8032682102e-04 5.8552502277e-05 1.4106491795e+01 nan 0.0000000000e+00
-2.7297019123e-04 5.8345262032e-05 1.4461471286e+01 nan 0.0000000000e+00
-2.5494826143e-04 6.7090189279e-05 1.3408811762e+01 nan 0.0000000000e+00
-2.4756428949e-04 6.7051436004e-05 1.3624740914e+01 nan 0.0000000000e+00
-2.4015863330e-04 6.7065133331e-05 1.3802492545e+01 nan 0.0000000000e+00
-2.3273546056e-04 6.7129219313e-05 1.3952870919e+01 nan 0.0000000000e+00
-2.1502989216e-04 7.6456688605e-05 1.3213856583e+01 nan 0.0000000000e+00
-2.0762172348e-04 7.6682141519e-05 1.3421524952e+01 nan 0.0000000000e+00
-2.0020604364e-04 7.6953926104e-05 1.3623919871e+01 nan 0.0000000000e+00
-1.8116561107e-04 8.3875421042e-05 1.3592774373e+01 nan 0.0000000000e+00
-1.7375873853e-04 8.4313463824e-05 1.3700470182e+01 nan 0.0000000000e+00
-1.6633385851e-04 8.4788347146e-05 1.3609800935e+01 nan 0.0000000000e+00
-1.5888725435e-04 8.5295075163e-05 1.3448602757e+01 nan 0.0000000000e+00
-1.5141880964e-04 8.5829947362e-05 1.3214515809e+01 nan 0.0000000000e+00
-1.3239285034e-04 9.3414488779e-05 1.2178269157e+01 nan 0.0000000000e+00
-1.2487828355e-04 9.4037398750e-05 1.1685532816e+01 nan 0.0000000000e+00
-1.1733451948e-04 9.4668946897e-05 1.1283142607e+01 nan 0.0000000000e+00
-1.0790427682e-04 9.2351958450e-05 1.0891363844e+01 nan 0.0000000000e+00
-8.4581574854e-05 1.0064902226e-04 9.9643431334e+00 nan 0.0000000000e+00
-7.6741767724e-05 1.0133592647e-04 9.6350263024e+00 nan 0.0000000000e+00
-6.8844433209e-05 1.0201805809e-04 9.2978590252e+00 nan 0.0000000000e+00
-6.0890010898e-05 1.0269124505e-04 8.9537075612e+00 nan 0.0000000000e+00
-5.2879354247e-05 1.0335156628e-04 8.6047964145e+00 nan 0.0000000000e+00
-9.9066102833e-06 1.0986581175e-04 6.9229583877e+00 nan 0.0000000000e+00
-1.5711739027e-06 1.1039824767e-04 6.4319697225e+00 nan 0.0000000000e+00
6.7437801681e-06 1.1088568380e-04 5.7016892154e+00 nan 0.0000000000e+00
1.5028949633e-05 1.1132847044e-04 5.0922650357e+00 nan 0.0000000000e+00
2.3290275932e-05 1.1172970045e-04 4.5831956446e+00 nan 0.0000000000e+00
3.1530203688e-05 1.1209334346e-04 4.1602717311e+00 nan 0.0000000000e+00
3.9752249137e-05 1.1242226551e-04 3.8121964655e+00 nan 0.0000000000e+00
4.7960125558e-05 1.1271891032e-04 3.5296674704e+00 nan 0.0000000000e+00
5.6154833123e-05 1.1298624108e-04 3.3047650874e+00 nan 0.0000000000e+00
6.4338596454e-05 1.1322656816e-04 3.1303283890e+00 nan 0.0000000000e+00
7.0411137078e-05 1.0988150681e-04 3.0557389167e+00 nan 0.0000000000e+00
7.8574144352e-05 1.1007314528e-04 2.9638204325e+00 nan 0.0000000000e+00
8.6730391780e-05 1.1024488395e-04 2.9044436681e+00 nan 0.0000000000e+00
9.4880892451e-05 1.1039700246e-04 2.8719923636e+00 nan 0.0000000000e+00
1.0302682537e-04 1.1053124384e-04 2.8614390236e+00 nan 0.0000000000e+00
1.1116932790e-04 1.1065005936e-04 2.8684017471e+00 nan 0.0000000000e+00
1.1930913423e-04 1.1075350324e-04 2.8892094289e+00 nan 0.0000000000e+00
1.2744715134e-04 1.1084287192e-04 2.9207993006e+00 nan 0.0000000000e+00
1.3558421257e-04 1.1092006368e-04 2.9606557494e+00 nan 0.0000000000e+00
1.4372100794e-04 1.1098490844e-04 3.0067889383e+00 nan 0.0000000000e+00
1.5185819627e-04 1.1103863495e-04 3.0575715497e+00 nan 0.0000000000e+00
1.5999648798e-04 1.1108174125e-04 3.1117090131e+00 nan 0.0000000000e+00
1.6813647120e-04 1.1111453680e-04 3.1681546751e+00 nan 0.0000000000e+00
1.7627879326e-04 1.1113813079e-04 3.2260251509e+00 nan 0.0000000000e+00
1.8442403569e-04 1.1115215958e-04 3.2846063105e+00 nan 0.0000000000e+00
1.9257422015e-04 1.1115713613e-04 3.3432622594e+00 nan 0.0000000000e+00
2.0072591802e-04 1.1115264522e-04 3.4013928164e+00 nan 0.0000000000e+00
2.0888321042e-04 1.1113944096e-04 3.4584452984e+00 nan 0.0000000000e+00
-1.8263265729e-05 1.0257094806e-04 7.0654377245e+00 nan 0.0000000000e+00
2.1704607272e-04 1.1111686279e-04 3.5138662270e+00 nan 0.0000000000e+00
2.2521488778e-04 1.1108476447e-04 3.5670588231e+00 nan 0.0000000000e+00
2.2890047781e-04 1.0398638117e-04 3.7880970689e+00 nan 0.0000000000e+00
2.3706603297e-04 1.0394423733e-04 3.8384717127e+00 nan 0.0000000000e+00
2.4523960516e-04 1.0389205376e-04 3.8853044112e+00 nan 0.0000000000e+00
2.5342164693e-04 1.0382875949e-04 3.9277654847e+00 nan 0.0000000000e+00
2.5885645100e-04 9.3173622453e-05 4.2836979974e+00 nan 0.0000000000e+00
2.6703518510e-04 9.3101207478e-05 4.3229418936e+00 nan 0.0000000000e+00
2.7470543072e-04 8.5956118492e-05 4.5956368205e+00 nan 0.0000000000e+00
2.8289330891e-04 8.5866541326e-05 4.6284018975e+00 nan 0.0000000000e+00
-3.4687890972e-05 1.0145244570e-04 7.7426104019e+00 nan 0.0000000000e+00
2.9109435777e-04 8.5761619526e-05 4.6522695916e+00 nan 0.0000000000e+00
2.9228705082e-04 7.5164322327e-05 5.0598832495e+00 nan 0.0000000000e+00
3.0048502834e-04 7.5057167088e-05 5.0892433265e+00 nan 0.0000000000e+00
3.0869972585e-04 7.4930172888e-05 5.1055613525e+00 nan 0.0000000000e+00
3.1628965602e-04 6.7770184809e-05 5.4332612567e+00 nan 0.0000000000e+00
3.2452828505e-04 6.7610336794e-05 5.4326782434e+00 nan 0.0000000000e+00
3.3278942419e-04 6.7417545269e-05 5.4017113508e+00 nan 0.0000000000e+00
-1.9966186946e-04 8.2982435373e-05 1.2995288938e+01 nan 0.0000000000e+00
3.4206643071e-04 5.6702505025e-05 5.9822323493e+00 nan 0.0000000000e+00
3.4130284105e-04 4.9750726704e-05 6.4566896357e+00 nan 0.0000000000e+00
-3.6639696514e-05 1.1126080773e-04 8.0278430023e+00 nan 0.0000000000e+00
2.5386289682e-04 1.1089039083e-04 3.7255144164e+00 nan 0.0000000000e+00
2.6066071923e-04 1.2139922310e-04 3.4716481803e+00 nan 0.0000000000e+00
2.6931060447e-04 1.2832647567e-04 3.3276049894e+00 nan 0.0000000000e+00
2.5959438014e-04 1.3900518642e-04 3.0910679980e+00 nan 0.0000000000e+00
2.5996164997e-04 1.4602686337e-04 2.9784334569e+00 nan 0.0000000000e+00
2.7755786006e-04 1.2820140047e-04 3.3392819338e+00 nan 0.0000000000e+00
2.8581372873e-04 1.2805885034e-04 3.3403186320e+00 nan 0.0000000000e+00
2.5014511450e-04 1.5668108912e-04 2.8282998054e+00 nan 0.0000000000e+00
2.4187910908e-04 1.5676853910e-04 2.8024914300e+00 nan 0.0000000000e+00
2.3361819258e-04 1.5684649802e-04 2.7714102787e+00 nan 0.0000000000e+00
2.2536166548e-04 1.5690920699e-04 2.7361404349e+00 nan 0.0000000000e+00
2.1710930583e-04 1.5695808046e-04 2.6977085496e+00 nan 0.0000000000e+00
2.0911685366e-04 1.6401380838e-04 2.6337408958e+00 nan 0.0000000000e+00
2.0085779914e-04 1.6403773813e-04 2.5981274071e+00 nan 0.0000000000e+00
1.9260127528e-04 1.6404869591e-04 2.5628205600e+00 nan 0.0000000000e+00
1.8434703243e-04 1.6404898996e-04 2.5290008683e+00 nan 0.0000000000e+00
1.7609446543e-04 1.6403288708e-04 2.4978808904e+00 nan 0.0000000000e+00
1.6784309735e-04 1.6399933176e-04 2.4707426311e+00 nan 0.0000000000e+00
1.6173648131e-04 1.6747360369e-04 2.4741394284e+00 nan 0.0000000000e+00
1.5347869251e-04 1.6741739211e-04 2.4611406764e+00 nan 0.0000000000e+00
1.4522107940e-04 1.6734588127e-04 2.4558371309e+00 nan 0.0000000000e+00
1.3696320338e-04 1.6725789637e-04 2.4595718906e+00 nan 0.0000000000e+00
1.2870531032e-04 1.6715273694e-04 2.4736835238e+00 nan 0.0000000000e+00
1.2879272023e-04 1.7414683074e-04 2.5696390991e+00 nan 0.0000000000e+00
1.2051640945e-04 1.7401959782e-04 2.6009627132e+00 nan 0.0000000000e+00
1.1223873985e-04 1.7387249120e-04 2.6438180801e+00 nan 0.0000000000e+00
1.0395958532e-04 1.7370410388e-04 2.6991083417e+00 nan 0.0000000000e+00
9.5678430587e-05 1.7351319596e-04 2.7677294058e+00 nan 0.0000000000e+00
8.7395395320e-05 1.7329757475e-04 2.8505917015e+00 nan 0.0000000000e+00
7.9110378423e-05 1.7305569570e-04 2.9487243730e+00 nan 0.0000000000e+00
7.0823466877e-05 1.7278546825e-04 3.0633420610e+00 nan 0.0000000000e+00
6.2534626958e-05 1.7248451531e-04 3.1959682393e+00 nan 0.0000000000e+00
5.6280105081e-05 1.7570733618e-04 3.3524760702e+00 nan 0.0000000000e+00
4.7980137846e-05 1.7534294000e-04 3.5103221669e+00 nan 0.0000000000e+00
3.9679314731e-05 1.7494004584e-04 3.6899717904e+00 nan 0.0000000000e+00
3.1378263657e-05 1.7449527643e-04 3.8950697191e+00 nan 0.0000000000e+00
2.3077797036e-05 1.7400496271e-04 4.1304363032e+00 nan 0.0000000000e+00
1.4778937352e-05 1.7346508959e-04 4.4023594782e+00 nan 0.0000000000e+00
6.4829461444e-06 1.7287109727e-04 4.7189202274e+00 nan 0.0000000000e+00
-1.8086691854e-06 1.7221807634e-04 5.0903211731e+00 nan 0.0000000000e+00
-2.8622066438e-05 1.6617756982e-04 7.1138283914e+00 nan 0.0000000000e+00
-3.6879762173e-05 1.6520827965e-04 7.8994038002e+00 nan 0.0000000000e+00
-4.5090329561e-05 1.6418084820e-04 8.0537010044e+00 nan 0.0000000000e+00
-5.1297545560e-05 1.6678771612e-04 8.1110010947e+00 nan 0.0000000000e+00
-5.9382894257e-05 1.6567595297e-04 8.3033541794e+00 nan 0.0000000000e+00
-6.7381388544e-05 1.6453182400e-04 8.5584536319e+00 nan 0.0000000000e+00
-9.2596630110e-05 1.5743647607e-04 9.7342232384e+00 nan 0.0000000000e+00
-1.0019507243e-04 1.5628669112e-04 9.9971485195e+00 nan 0.0000000000e+00
-1.0770269919e-04 1.5516797667e-04 1.0122181361e+01 nan 0.0000000000e+00
-1.1706415319e-04 1.5695479792e-04 9.9081683824e+00 nan 0.0000000000e+00
-1.2435388108e-04 1.5593753565e-04 9.5802389957e+00 nan 0.0000000000e+00
1.4534234012e-04 1.7434631939e-04 2.5377214346e+00 nan 0.0000000000e+00
-1.4958350994e-04 1.4692423229e-04 7.9653911096e+00 nan 0.0000000000e+00
-1.5680702016e-04 1.4627877343e-04 7.3659545179e+00 nan 0.0000000000e+00
-1.7483480629e-04 1.3884309038e-04 7.0214346650e+00 nan 0.0000000000e+00
-6.7155223421e-05 1.5785098476e-04 8.7835857940e+00 nan 0.0000000000e+00
-1.8203312492e-04 1.3842330934e-04 6.5313111470e+00 nan 0.0000000000e+00
6.6287564041e-06 1.6596898815e-04 4.8893976714e+00 nan 0.0000000000e+00
-1.8216869571e-05 1.6382685217e-04 6.4693155203e+00 nan 0.0000000000e+00
-1.8921629895e-04 1.3806576209e-04 6.0461987280e+00 nan 0.0000000000e+00
-1.4075651352e-04 1.5701200079e-04 7.3957078874e+00 nan 0.0000000000e+00
-2.0730214817e-04 1.3130788742e-04 5.7881619562e+00 nan 0.0000000000e+00
-2.1636778286e-04 1.2806344756e-04 5.6628498796e+00 nan 0.0000000000e+00
-2.2383717158e-04 1.2184864868e-04 6.1201438325e+00 nan 0.0000000000e+00
-2.3097337011e-04 1.2182851252e-04 5.6557012896e+00 nan 0.0000000000e+00
-2.4054954380e-04 1.1266865453e-04 6.4688969227e+00 nan 0.0000000000e+00
-2.4766990466e-04 1.1277754899e-04 6.0031388257e+00 nan 0.0000000000e+00
-2.0709934119e-04 1.3744519299e-04 4.8584964819e+00 nan 0.0000000000e+00
-2.5681716002e-04 1.0992645871e-04 5.8892479705e+00 nan 0.0000000000e+00
-2.5743018798e-04 1.0377197425e-04 6.8445000888e+00 nan 0.0000000000e+00
-2.6452644445e-04 1.0401634354e-04 6.3625876264e+00 nan 0.0000000000e+00
-8.2855817866e-05 1.5561695946e-04 9.4186032628e+00 nan 0.0000000000e+00
-9.2486078863e-05 9.3638281100e-05 1.0245072998e+01 nan 0.0000000000e+00
3.4175328002e-04 7.4131982808e-05 4.9179567185e+00 nan 0.0000000000e+00
-2.7370817915e-04 1.0133796963e-04 6.2365897146e+00 nan 0.0000000000e+00
2.9407844639e-04 1.2789719509e-04 3.3290962390e+00 nan 0.0000000000e+00
-2.8018181333e-04 9.2376479937e-05 7.3622720777e+00 nan 0.0000000000e+00
3.3394144468e-04 3.9394459075e-05 7.0431092098e+00 nan 0.0000000000e+00
-2.9073289975e-04 9.3081971229e-05 6.5475230505e+00 nan 0.0000000000e+00
3.0050420016e-04 1.3126324444e-04 3.2297822439e+00 nan 0.0000000000e+00
2.9164097195e-04 9.2799544858e-05 4.3952061089e+00 nan 0.0000000000e+00
2.9169199626e-04 6.8106057648e-05 5.3314538809e+00 nan 0.0000000000e+00
2.8466470357e-04 5.7540846757e-05 5.6738124265e+00 nan 0.0000000000e+00
2.7593651244e-04 5.0480801800e-05 5.8267437975e+00 nan 0.0000000000e+00
2.8404942671e-04 5.0441242414e-05 5.9122602658e+00 nan 0.0000000000e+00
2.6783410609e-04 5.0513110940e-05 5.7446657298e+00 nan 0.0000000000e+00
2.5974078428e-04 5.0538910538e-05 5.6660940436e+00 nan 0.0000000000e+00
2.5165545500e-04 5.0558883539e-05 5.5909161470e+00 nan 0.0000000000e+00
2.4357736458e-04 5.0574747242e-05 5.5188797709e+00 nan 0.0000000000e+00
2.3550561063e-04 5.0585766427e-05 5.4497295785e+00 nan 0.0000000000e+00
2.2743928317e-04 5.0592899311e-05 5.3831149405e+00 nan 0.0000000000e+00
2.1937805030e-04 5.0596221330e-05 5.3186813810e+00 nan 0.0000000000e+00
2.1132141680e-04 5.0596353723e-05 5.2560317331e+00 nan 0.0000000000e+00
2.0326875182e-04 5.0592959866e-05 5.1947703126e+00 nan 0.0000000000e+00
1.9521959806e-04 5.0585830914e-05 5.1344766091e+00 nan 0.0000000000e+00
1.8717393984e-04 5.0576529222e-05 5.0746613779e+00 nan 0.0000000000e+00
1.7913089271e-04 5.0563447292e-05 5.0148910907e+00 nan 0.0000000000e+00
1.7109019321e-04 5.0547041417e-05 4.9546543437e+00 nan 0.0000000000e+00
1.6305137596e-04 5.0527104612e-05 4.8934310314e+00 nan 0.0000000000e+00
1.5501419456e-04 5.0503994035e-05 4.8306624708e+00 nan 0.0000000000e+00
1.4697799920e-04 5.0476918696e-05 4.7657993366e+00 nan 0.0000000000e+00
1.1885190262e-04 5.0349390129e-05 4.5139727704e+00 nan 0.0000000000e+00
1.1081343110e-04 5.0302361136e-05 4.4327423467e+00 nan 0.0000000000e+00
1.0277248705e-04 5.0249850150e-05 4.3466447684e+00 nan 0.0000000000e+00
9.4728464465e-05 5.0191504874e-05 4.2555373605e+00 nan 0.0000000000e+00
8.6679959398e-05 5.0126827137e-05 4.1595693141e+00 nan 0.0000000000e+00
7.8626003700e-05 5.0055459101e-05 4.0593243957e+00 nan 0.0000000000e+00
7.0565546649e-05 4.9976622194e-05 3.9560086472e+00 nan 0.0000000000e+00
6.2496886111e-05 4.9890115785e-05 3.8516367800e+00 nan 0.0000000000e+00
5.4418685172e-05 4.9795247356e-05 3.7493233833e+00 nan 0.0000000000e+00
4.6329142102e-05 4.9691757511e-05 3.6534823514e+00 nan 0.0000000000e+00
3.8226317895e-05 4.9579295837e-05 3.5699832755e+00 nan 0.0000000000e+00
3.0108385814e-05 4.9456387301e-05 3.5061064450e+00 nan 0.0000000000e+00
2.1973372801e-05 4.9327052201e-05 3.4702591753e+00 nan 0.0000000000e+00
1.3818746970e-05 4.9188307196e-05 3.4715322127e+00 nan 0.0000000000e+00
5.6420388050e-06 4.9042402380e-05 3.5189948060e+00 nan 0.0000000000e+00
-2.5586690943e-06 4.8891309483e-05 3.6211063042e+00 nan 0.0000000000e+00
-1.0786307250e-05 4.8737851100e-05 3.7857117529e+00 nan 0.0000000000e+00
-1.9037329252e-05 4.8588040756e-05 4.0330883490e+00 nan 0.0000000000e+00
-2.7262647066e-05 4.8418412780e-05 4.3542461153e+00 nan 0.0000000000e+00
-3.5451421056e-05 4.8224793267e-05 4.7010010850e+00 nan 0.0000000000e+00
-4.3604301049e-05 4.8008845006e-05 5.0749040205e+00 nan 0.0000000000e+00
-5.1715705072e-05 4.7772620895e-05 5.4757359927e+00 nan 0.0000000000e+00
-5.9801453295e-05 4.7510745440e-05 5.9036365514e+00 nan 0.0000000000e+00
-6.7850009145e-05 4.7230091980e-05 6.3566771361e+00 nan 0.0000000000e+00
-7.7802512045e-05 5.0079897482e-05 7.2706330032e+00 nan 0.0000000000e+00
-8.5765010752e-05 4.9737016343e-05 7.7790047039e+00 nan 0.0000000000e+00
-9.3691920877e-05 4.9379780829e-05 8.3160248834e+00 nan 0.0000000000e+00
-1.0158485686e-04 4.9009048328e-05 8.9413361411e+00 nan 0.0000000000e+00
-1.0944445156e-04 4.8623827255e-05 9.6327396087e+00 nan 0.0000000000e+00
-1.1727278784e-04 4.8226410324e-05 1.0335968099e+01 nan 0.0000000000e+00
-1.2507201855e-04 4.7818687125e-05 1.1120366427e+01 nan 0.0000000000e+00
1.7957392715e-04 5.7722268486e-05 4.8146804695e+00 nan 0.0000000000e+00
1.3530867166e-04 5.7576078605e-05 4.4553369422e+00 nan 0.0000000000e+00
-1.3462168536e-04 5.0363940720e-05 1.2322447259e+01 nan 0.0000000000e+00
-1.8336407161e-04 3.8880791740e-05 1.5514067599e+01 nan 0.0000000000e+00
-1.9101340080e-04 3.8577976268e-05 1.5888504234e+01 nan 0.0000000000e+00
-2.0024807802e-04 4.1201389095e-05 1.6144441976e+01 nan 0.0000000000e+00
-2.0784806021e-04 4.0959358527e-05 1.6409163414e+01 nan 0.0000000000e+00
2.1987644293e-04 5.7748370137e-05 5.1218788447e+00 nan 0.0000000000e+00
1.9568053824e-04 5.7745233804e-05 4.9366900246e+00 nan 0.0000000000e+00
1.0311559343e-04 5.7373035601e-05 4.1429279894e+00 nan 0.0000000000e+00
7.8936370412e-05 5.7148505399e-05 3.8779771780e+00 nan 0.0000000000e+00
3.8470565725e-05 5.6590713347e-05 3.5274918586e+00 nan 0.0000000000e+00
2.3602998939e-04 5.7730753256e-05 5.2504450041e+00 nan 0.0000000000e+00
-2.1546383599e-04 4.0750463202e-05 1.6659281378e+01 nan 0.0000000000e+00
-1.6534100993e-04 4.8691793471e-05 1.4348041780e+01 nan 0.0000000000e+00
-2.2228011030e-04 3.1803034888e-05 1.7619829933e+01 nan 0.0000000000e+00
2.8513287717e-04 3.9758197336e-05 6.2580318473e+00 nan 0.0000000000e+00
-2.3383108941e-04 3.1639249955e-05 1.8230878377e+01 nan 0.0000000000e+00
3.1016896170e-04 1.2051602321e-04 3.4451484767e+00 nan 0.0000000000e+00
-2.5693780379e-04 3.1504536812e-05 1.9382075790e+01 nan 0.0000000000e+00
-2.6463523474e-04 3.1518732823e-05 1.9632319436e+01 nan 0.0000000000e+00
-2.9740906704e-04 8.4226648882e-05 7.6846332196e+00 nan 0.0000000000e+00
3.4063625199e-04 8.4628839532e-05 4.3996353430e+00 nan 0.0000000000e+00
3.3585959367e-04 1.0224882001e-04 3.7478577916e+00 nan 0.0000000000e+00
-3.0439519405e-04 8.4863748704e-05 7.0669872815e+00 nan 0.0000000000e+00
2.9323077350e-04 3.9725465104e-05 6.3684206548e+00 nan 0.0000000000e+00
-2.7231592974e-04 3.1563535868e-05 1.9772026753e+01 nan 0.0000000000e+00
-2.7997180169e-04 3.1643179987e-05 1.9773077862e+01 nan 0.0000000000e+00
2.2782634329e-04 1.2167798088e-04 3.3129659291e+00 nan 0.0000000000e+00
-2.1573765782e-04 1.4652592328e-04 3.0641305506e+00 nan 0.0000000000e+00
-2.3066204114e-04 4.0447002440e-05 1.7167260207e+01 nan 0.0000000000e+00
3.4132159067e-04 3.2272365921e-05 7.6054794151e+00 nan 0.0000000000e+00
2.9257233727e-04 3.2602869066e-05 6.5599585192e+00 nan 0.0000000000e+00
-2.0866329721e-04 1.4663407736e-04 3.4168390324e+00 nan 0.0000000000e+00
2.6030421321e-04 5.7666950142e-05 5.4552691704e+00 nan 0.0000000000e+00
3.0134056755e-04 3.9684679077e-05 6.4876101438e+00 nan 0.0000000000e+00
-2.8759321115e-04 3.1764710716e-05 1.9599362441e+01 nan 0.0000000000e+00
-3.1475718741e-04 7.6506462560e-05 7.8120885999e+00 nan 0.0000000000e+00
3.0875760750e-04 3.2539475569e-05 6.8411205600e+00 nan 0.0000000000e+00
-2.2279103796e-04 1.4648209698e-04 2.7935803770e+00 nan 0.0000000000e+00
3.5664419315e-04 7.7027851727e-05 4.3935680992e+00 nan 0.0000000000e+00
3.1845434300e-04 1.2029385021e-04 3.3878538215e+00 nan 0.0000000000e+00
3.4001262444e-04 1.0210112040e-04 3.6825376368e+00 nan 0.0000000000e+00
-3.2166618814e-04 7.7389010181e-05 7.0911111399e+00 nan 0.0000000000e+00
2.1998264144e-04 1.2877945943e-04 3.1073234668e+00 nan 0.0000000000e+00
-1.9124603791e-04 1.2880893887e-04 7.3301092513e+00 nan 0.0000000000e+00
-1.8978381290e-04 1.1973561186e-04 8.7875896810e+00 nan 0.0000000000e+00
-1.9205245841e-04 1.1051560153e-04 9.9406582339e+00 nan 0.0000000000e+00
-2.0680010559e-04 1.5592193324e-04 2.4018968533e+00 nan 0.0000000000e+00
-1.9932850820e-04 1.1021127106e-04 9.5208113941e+00 nan 0.0000000000e+00
2.8625023993e-04 1.0344363339e-04 4.0301308251e+00 nan 0.0000000000e+00
-3.0663474713e-04 2.3323156108e-05 2.0630562724e+01 nan 0.0000000000e+00
-3.1420925776e-04 2.3576623930e-05 2.0086251577e+01 nan 0.0000000000e+00
-3.3122832779e-04 6.6017248313e-05 8.2609065966e+00 nan 0.0000000000e+00
3.6606494961e-04 6.6152104100e-05 4.6859494465e+00 nan 0.0000000000e+00
3.6534429319e-04 5.9268161966e-05 5.2195764708e+00 nan 0.0000000000e+00
3.7465735614e-04 4.8382703244e-05 5.6706744967e+00 nan 0.0000000000e+00
3.7381418297e-04 4.1570432801e-05 6.5202817070e+00 nan 0.0000000000e+00
3.7451443166e-04 3.1276463366e-05 7.9817718836e+00 nan 0.0000000000e+00
-1.8252718046e-04 1.2010646225e-04 9.2360261868e+00 nan 0.0000000000e+00
-1.7525829091e-04 1.2053485921e-04 9.6764140203e+00 nan 0.0000000000e+00
-1.4064661006e-04 1.2025365124e-04 1.1402316287e+01 nan 0.0000000000e+00
-1.3329211283e-04 1.2096474502e-04 1.1332587465e+01 nan 0.0000000000e+00
-1.2592103712e-04 1.2170736187e-04 1.1107699208e+01 nan 0.0000000000e+00
-1.1668276942e-04 1.1956186255e-04 1.0961701789e+01 nan 0.0000000000e+00
-9.3945919370e-05 1.2834659468e-04 1.0281303107e+01 nan 0.0000000000e+00
-8.6238652572e-05 1.2923529762e-04 1.0016002282e+01 nan 0.0000000000e+00
-7.4543393827e-05 1.3057612800e-04 9.5704417442e+00 nan 0.0000000000e+00
-6.8618933898e-05 1.2798588651e-04 9.3585578207e+00 nan 0.0000000000e+00
-6.0681367654e-05 1.2884223217e-04 9.0497390543e+00 nan 0.0000000000e+00
-5.2677158150e-05 1.2968517968e-04 8.7433449683e+00 nan 0.0000000000e+00
-4.4608060603e-05 1.3050771920e-04 8.4484827089e+00 nan 0.0000000000e+00
-9.6418701580e-06 1.3713227053e-04 7.0013442418e+00 nan 0.0000000000e+00
-1.3352407788e-06 1.3779046318e-04 6.2366505694e+00 nan 0.0000000000e+00
6.9566405041e-06 1.3838566549e-04 5.5759752491e+00 nan 0.0000000000e+00
1.5235455119e-05 1.3892380128e-04 5.0096655257e+00 nan 0.0000000000e+00
2.3502861441e-05 1.3941095879e-04 4.5255667982e+00 nan 0.0000000000e+00
3.1760255275e-05 1.3985040105e-04 4.1128958223e+00 nan 0.0000000000e+00
3.7947442818e-05 1.3667966717e-04 3.8628366828e+00 nan 0.0000000000e+00
4.6185711112e-05 1.3704272826e-04 3.5488219871e+00 nan 0.0000000000e+00
5.4416105305e-05 1.3736639359e-04 3.2861286968e+00 nan 0.0000000000e+00
6.2639649538e-05 1.3765508354e-04 3.0688160460e+00 nan 0.0000000000e+00
7.0857286641e-05 1.3791878386e-04 2.8917873187e+00 nan 0.0000000000e+00
7.9069092795e-05 1.3815173996e-04 2.7506224822e+00 nan 0.0000000000e+00
8.7277540093e-05 1.3835673476e-04 2.6412805965e+00 nan 0.0000000000e+00
9.5482307552e-05 1.3854380967e-04 2.5600651621e+00 nan 0.0000000000e+00
1.0368384221e-04 1.3870600699e-04 2.5035786105e+00 nan 0.0000000000e+00
1.1188284274e-04 1.3884634099e-04 2.4685953148e+00 nan 0.0000000000e+00
1.2007934866e-04 1.3897315126e-04 2.4520468712e+00 nan 0.0000000000e+00
1.2827456156e-04 1.3908125614e-04 2.4511835141e+00 nan 0.0000000000e+00
1.3647119993e-04 1.3917165522e-04 2.4634615776e+00 nan 0.0000000000e+00
-3.6500408956e-05 1.3802346954e-04 8.1509747854e+00 nan 0.0000000000e+00
1.4466646096e-04 1.3924748763e-04 2.4865356260e+00 nan 0.0000000000e+00
-1.4973710391e-04 1.2247478699e-04 1.0986869851e+01 nan 0.0000000000e+00
1.5286198138e-04 1.3931052027e-04 2.5183233175e+00 nan 0.0000000000e+00
1.6105828910e-04 1.3935650921e-04 2.5570471826e+00 nan 0.0000000000e+00
1.6925617038e-04 1.3939545930e-04 2.6009446436e+00 nan 0.0000000000e+00
1.7745573482e-04 1.3941509803e-04 2.6487391590e+00 nan 0.0000000000e+00
3.0946444207e-04 3.9633792215e-05 6.6159522742e+00 nan 0.0000000000e+00
-1.9077798888e-04 1.0148607976e-04 1.1209782137e+01 nan 0.0000000000e+00
-1.9974179682e-04 1.5609666063e-04 2.6695109937e+00 nan 0.0000000000e+00
-2.0700073515e-04 1.0387708297e-04 9.9486919101e+00 nan 0.0000000000e+00
-2.1427191400e-04 1.0368138007e-04 9.5388220164e+00 nan 0.0000000000e+00
8.7326267763e-05 1.4536330551e-04 2.6248014825e+00 nan 0.0000000000e+00
-2.2412835146e-04 9.4390654537e-05 1.0356241011e+01 nan 0.0000000000e+00
-2.3140166732e-04 9.4313725429e-05 9.9703967901e+00 nan 0.0000000000e+00
-3.2176998125e-04 2.3907503148e-05 1.9362694486e+01 nan 0.0000000000e+00
-2.3333025173e-04 1.4653761821e-04 2.6072755651e+00 nan 0.0000000000e+00
-2.3896310708e-04 1.3732799004e-04 3.1754411072e+00 nan 0.0000000000e+00
3.5727732647e-04 8.3955191603e-05 4.0198915729e+00 nan 0.0000000000e+00
-1.8396200766e-04 1.6596286011e-04 2.2977754511e+00 nan 0.0000000000e+00
-1.7335490007e-04 1.6655230903e-04 2.7825259987e+00 nan 0.0000000000e+00
-1.6626783071e-04 1.6702669547e-04 3.0931309236e+00 nan 0.0000000000e+00
-1.5946381779e-04 1.7371648235e-04 2.4577068988e+00 nan 0.0000000000e+00
-1.4884079600e-04 1.7462579686e-04 2.6230221050e+00 nan 0.0000000000e+00
-1.4171946218e-04 1.7532790703e-04 3.4839636360e+00 nan 0.0000000000e+00
-1.2427668769e-04 1.8385756965e-04 8.1762488143e+00 nan 0.0000000000e+00
-1.1860637274e-04 1.8182072504e-04 9.4376977581e+00 nan 0.0000000000e+00
-1.0768782202e-04 1.8409660155e-04 9.2374355442e+00 nan 0.0000000000e+00
-9.1071518728e-05 1.9102330423e-04 7.3385128141e+00 nan 0.0000000000e+00
-8.3236678194e-05 1.9261279712e-04 7.2332000971e+00 nan 0.0000000000e+00
-6.1323065964e-05 2.0001241208e-04 5.3544589032e+00 nan 0.0000000000e+00
-5.3107670584e-05 2.0121559567e-04 5.1575619235e+00 nan 0.0000000000e+00
-4.2532600919e-05 1.9914538858e-04 5.1781796005e+00 nan 0.0000000000e+00
-3.4246008147e-05 2.0013877851e-04 5.0673726203e+00 nan 0.0000000000e+00
-2.5931723638e-05 2.0105096467e-04 4.9912823108e+00 nan 0.0000000000e+00
-1.7595656260e-05 2.0188915342e-04 4.9277198779e+00 nan 0.0000000000e+00
1.3649259250e-05 2.0789797447e-04 4.7931018804e+00 nan 0.0000000000e+00
2.2047959641e-05 2.0845917321e-04 4.7130917859e+00 nan 0.0000000000e+00
3.0449082492e-05 2.0897381762e-04 4.6255225828e+00 nan 0.0000000000e+00
3.8851140379e-05 2.0944515658e-04 4.5324047328e+00 nan 0.0000000000e+00
4.7252985047e-05 2.0987613303e-04 4.4356118539e+00 nan 0.0000000000e+00
5.5653509151e-05 2.1026952315e-04 4.3368509332e+00 nan 0.0000000000e+00
6.4052051057e-05 2.1062785296e-04 4.2376385875e+00 nan 0.0000000000e+00
7.2448026106e-05 2.1095281615e-04 4.1392801815e+00 nan 0.0000000000e+00
8.0840920352e-05 2.1124714396e-04 4.0429512320e+00 nan 0.0000000000e+00
8.7164400037e-05 2.0799795897e-04 3.8395807411e+00 nan 0.0000000000e+00
9.5541111033e-05 2.0824067379e-04 3.7522922729e+00 nan 0.0000000000e+00
1.0391418449e-04 2.0845743454e-04 3.6696943322e+00 nan 0.0000000000e+00
-1.2019106576e-06 2.1021595339e-04 5.0488992144e+00 nan 0.0000000000e+00
-1.7984748812e-05 2.0873649781e-04 5.1063611081e+00 nan 0.0000000000e+00
1.1228405044e-04 2.0865069294e-04 3.5923013039e+00 nan 0.0000000000e+00
1.2065059459e-04 2.0882075629e-04 3.5204239833e+00 nan 0.0000000000e+00
1.2901485422e-04 2.0896772069e-04 3.4542199336e+00 nan 0.0000000000e+00
-7.5906756505e-05 2.0107594205e-04 5.5441457338e+00 nan 0.0000000000e+00
-1.0844006262e-04 1.9053350620e-04 8.5891449754e+00 nan 0.0000000000e+00
1.3737534516e-04 2.0909518768e-04 3.3938408155e+00 nan 0.0000000000e+00
1.4573297859e-04 2.0920375576e-04 3.3391869569e+00 nan 0.0000000000e+00
1.5408801301e-04 2.0929403095e-04 3.2900254985e+00 nan 0.0000000000e+00
1.5399723980e-04 2.0234136525e-04 3.1015840256e+00 nan 0.0000000000e+00
1.6233380703e-04 2.0241073666e-04 3.0680220209e+00 nan 0.0000000000e+00
1.7066869790e-04 2.0246337481e-04 3.0394265573e+00 nan 0.0000000000e+00
1.7900225751e-04 2.0249982844e-04 3.0151556184e+00 nan 0.0000000000e+00
-1.4219390881e-04 1.8142964611e-04 1.5130740565e+00 nan 0.0000000000e+00
2.0163703203e-04 1.9205360169e-04 2.8014665853e+00 nan 0.0000000000e+00
2.0994846801e-04 1.9203078254e-04 2.8023043537e+00 nan 0.0000000000e+00
1.8501537433e-04 1.9205522747e-04 2.8041091338e+00 nan 0.0000000000e+00
2.1826070414e-04 1.9199342052e-04 2.8032516475e+00 nan 0.0000000000e+00
-1.7357981603e-04 1.7271584973e-04 2.1191992382e+00 nan 0.0000000000e+00
-2.4947880131e-04 1.3758317565e-04 2.9784012123e+00 nan 0.0000000000e+00
-3.3808513128e-04 6.7190647101e-05 7.5483273175e+00 nan 0.0000000000e+00
1.9566643387e-04 2.0252584142e-04 2.9766169895e+00 nan 0.0000000000e+00
-1.3252419847e-04 1.7335113838e-04 6.4075717319e+00 nan 0.0000000000e+00
2.3602307839e-04 1.2162666808e-04 3.3600900726e+00 nan 0.0000000000e+00
2.3639620536e-04 1.2867974756e-04 3.2018401401e+00 nan 0.0000000000e+00
3.2464892360e-04 9.2108694250e-05 4.2892183437e+00 nan 0.0000000000e+00
3.1927584584e-04 1.0275401812e-04 3.9319689321e+00 nan 0.0000000000e+00
-2.5529433422e-04 1.2846505668e-04 3.5379730109e+00 nan 0.0000000000e+00
-2.3865265815e-04 9.4295347210e-05 9.5677447596e+00 nan 0.0000000000e+00
2.3659692458e-04 1.8137719704e-04 2.7385610649e+00 nan 0.0000000000e+00
2.4294768767e-04 1.8480579300e-04 2.7574999102e+00 nan 0.0000000000e+00
1.8565783920e-04 1.3942599533e-04 2.6990015675e+00 nan 0.0000000000e+00
1.2840478535e-04 1.4611117230e-04 2.4027820829e+00 nan 0.0000000000e+00
-2.6577575346e-04 1.2893137541e-04 3.3484877294e+00 nan 0.0000000000e+00
-3.3205008673e-04 2.1366832418e-05 1.9430736715e+01 nan 0.0000000000e+00
-3.4566128076e-04 5.8971431114e-05 7.9987607382e+00 nan 0.0000000000e+00
-1.8002820093e-05 1.2960781378e-04 7.5394397591e+00 nan 0.0000000000e+00
-1.9805325914e-04 1.6540985916e-04 1.9334065208e+00 nan 0.0000000000e+00
2.1014865405e-04 1.9901137403e-04 2.8966712716e+00 nan 0.0000000000e+00
3.7500152504e-04 2.1043408397e-05 9.6690551575e+00 nan 0.0000000000e+00
3.5022916137e-04 2.1639188487e-05 8.5085054842e+00 nan 0.0000000000e+00
3.0165108556e-04 2.1872175555e-05 6.9562935210e+00 nan 0.0000000000e+00
1.6188992481e-04 1.7447877349e-04 2.5397395254e+00 nan 0.0000000000e+00
2.3391266099e-04 1.6386243861e-04 2.7312788573e+00 nan 0.0000000000e+00
-2.6641694597e-04 7.6382441396e-05 1.1226986047e+01 nan 0.0000000000e+00
-2.7364750330e-04 7.6610578286e-05 1.0788045675e+01 nan 0.0000000000e+00
-1.6759424205e-04 9.3761773286e-05 1.3066575545e+01 nan 0.0000000000e+00
2.2795006037e-04 5.7741577804e-05 5.1854705604e+00 nan 0.0000000000e+00
1.2886886903e-04 1.8113065884e-04 2.6978907703e+00 nan 0.0000000000e+00
1.8762734396e-04 5.7735248444e-05 4.8758209873e+00 nan 0.0000000000e+00
-2.8773435632e-04 1.0223942960e-04 5.3029400571e+00 nan 0.0000000000e+00
-2.8836800975e-04 1.1169160557e-04 4.2243127195e+00 nan 0.0000000000e+00
-2.9815328275e-04 1.0314876727e-04 4.7589165993e+00 nan 0.0000000000e+00
8.1138665037e-05 1.8354967672e-04 3.1373058852e+00 nan 0.0000000000e+00
1.4335403500e-04 5.7612927386e-05 4.5253809470e+00 nan 0.0000000000e+00
2.6841386607e-04 5.7633072347e-05 5.5269552824e+00 nan 0.0000000000e+00
1.2726298303e-04 5.7534037015e-05 4.3823049091e+00 nan 0.0000000000e+00
-9.5988434986e-06 2.0950671644e-04 5.0874279086e+00 nan 0.0000000000e+00
2.5841585161e-04 1.5657662495e-04 2.8478399143e+00 nan 0.0000000000e+00
2.6926507968e-04 1.6692082952e-04 2.7781406001e+00 nan 0.0000000000e+00
2.8325883404e-04 1.5616775210e-04 2.8579843817e+00 nan 0.0000000000e+00
2.9155040778e-04 1.5599644321e-04 2.8415175890e+00 nan 0.0000000000e+00
2.7756066568e-04 1.6678387395e-04 2.7727742797e+00 nan 0.0000000000e+00
-1.9995986958e-04 1.3764652656e-04 5.3268261974e+00 nan 0.0000000000e+00
3.0093295069e-04 1.3826270790e-04 3.0820512260e+00 nan 0.0000000000e+00
-3.3085760590e-04 7.5590020077e-05 6.7640438822e+00 nan 0.0000000000e+00
-3.1374176007e-04 9.2251700162e-05 5.4453526739e+00 nan 0.0000000000e+00
-2.2350016184e-04 1.2798997497e-04 5.2006746142e+00 nan 0.0000000000e+00
3.3395643349e-04 2.1771080441e-05 7.8126012494e+00 nan 0.0000000000e+00
-1.6510291068e-04 7.5816239992e-05 1.3932406070e+01 nan 0.0000000000e+00
-1.5633059192e-04 6.7309918466e-05 1.3761673676e+01 nan 0.0000000000e+00
-1.4875271090e-04 6.7796094427e-05 1.3366153825e+01 nan 0.0000000000e+00
-1.4115212778e-04 6.8297721175e-05 1.2920431209e+01 nan 0.0000000000e+00
-1.3352911351e-04 6.8810370837e-05 1.2425709799e+01 nan 0.0000000000e+00
-1.2410086441e-04 6.6375775824e-05 1.1744840776e+01 nan 0.0000000000e+00
-1.1640351660e-04 6.6883382326e-05 1.1178562269e+01 nan 0.0000000000e+00
-1.0867532905e-04 6.7388100397e-05 1.0712727333e+01 nan 0.0000000000e+00
-1.0090177544e-04 6.7891103602e-05 1.0248662985e+01 nan 0.0000000000e+00
-9.3080765301e-05 6.8388839064e-05 9.7349549824e+00 nan 0.0000000000e+00
-5.1219029651e-05 7.4072999616e-05 7.4566733438e+00 nan 0.0000000000e+00
-4.3117538701e-05 7.4503770237e-05 7.0452726604e+00 nan 0.0000000000e+00
-3.4971287072e-05 7.4918357734e-05 6.6546030099e+00 nan 0.0000000000e+00
-2.6780951276e-05 7.5302056712e-05 6.2818542327e+00 nan 0.0000000000e+00
-1.8546953249e-05 7.5666888353e-05 5.9290200550e+00 nan 0.0000000000e+00
-1.0270068398e-05 7.6003776038e-05 5.6037833004e+00 nan 0.0000000000e+00
-1.9574226007e-06 7.6315252847e-05 5.1606017996e+00 nan 0.0000000000e+00
6.3285723282e-06 7.6607372784e-05 4.6745835458e+00 nan 0.0000000000e+00
1.4580004631e-05 7.6880337741e-05 4.2816624662e+00 nan 0.0000000000e+00
2.2802053697e-05 7.7133447244e-05 3.9763167879e+00 nan 0.0000000000e+00
3.0998999030e-05 7.7366110266e-05 3.7473440686e+00 nan 0.0000000000e+00
3.9174433366e-05 7.7577505443e-05 3.5844112341e+00 nan 0.0000000000e+00
4.7331630656e-05 7.7775465922e-05 3.4774729500e+00 nan 0.0000000000e+00
5.5473098635e-05 7.7952912005e-05 3.4166059601e+00 nan 0.0000000000e+00
2.0960751344e-04 8.6276958045e-05 4.1849017415e+00 nan 0.0000000000e+00
-1.0181793569e-05 8.2775182876e-05 5.9480889318e+00 nan 0.0000000000e+00
1.5291892201e-04 8.6181632913e-05 3.7530048889e+00 nan 0.0000000000e+00
1.9340421691e-04 8.6282779029e-05 4.0648276174e+00 nan 0.0000000000e+00
1.3673690130e-04 8.6086688986e-05 3.6269791596e+00 nan 0.0000000000e+00
1.1246001819e-04 8.5881750491e-05 3.4480641750e+00 nan 0.0000000000e+00
8.8156874823e-05 8.5576091510e-05 3.3164891951e+00 nan 0.0000000000e+00
6.3796129525e-05 8.5144701341e-05 3.3221599062e+00 nan 0.0000000000e+00
2.2936934995e-05 8.4056294115e-05 4.1354245284e+00 nan 0.0000000000e+00
-7.7168681762e-05 7.5743847555e-05 9.0703034762e+00 nan 0.0000000000e+00
-1.0071826557e-04 7.4155154273e-05 1.0394546640e+01 nan 0.0000000000e+00
2.0289213521e-04 7.5605644027e-05 4.4607058770e+00 nan 0.0000000000e+00
1.2211774707e-04 7.5319636946e-05 3.8141574450e+00 nan 0.0000000000e+00
9.7883520525e-05 7.5090279104e-05 3.6136526387e+00 nan 0.0000000000e+00
6.1439040965e-05 7.4558525224e-05 3.4319454312e+00 nan 0.0000000000e+00
1.3826364374e-04 7.5429485770e-05 3.9505075900e+00 nan 0.0000000000e+00
1.5440891224e-04 7.5510146457e-05 4.0835829143e+00 nan 0.0000000000e+00
2.0151161944e-04 8.6285280912e-05 4.1252814103e+00 nan 0.0000000000e+00
2.1771951186e-04 8.6265525918e-05 4.2435080367e+00 nan 0.0000000000e+00
1.4482763258e-04 8.6137257337e-05 3.6898330017e+00 nan 0.0000000000e+00
-1.8375809367e-04 7.4721868131e-05 1.4295258668e+01 nan 0.0000000000e+00
-2.8777703705e-04 6.8022172013e-05 1.1679356891e+01 nan 0.0000000000e+00
1.2044618711e-04 1.6702943253e-04 2.4994934347e+00 nan 0.0000000000e+00
2.5836498100e-04 8.6095369700e-05 4.5112948590e+00 nan 0.0000000000e+00
2.5149935382e-04 7.5491625767e-05 4.8160763779e+00 nan 0.0000000000e+00
2.4337280799e-04 7.5527552459e-05 4.7586700303e+00 nan 0.0000000000e+00
2.5963416585e-04 7.5448122524e-05 4.8718871860e+00 nan 0.0000000000e+00
-3.0455064323e-04 5.6720150056e-05 1.2717562861e+01 nan 0.0000000000e+00
-1.9266509458e-04 1.5633659692e-04 3.0236877095e+00 nan 0.0000000000e+00
2.8449522528e-04 3.2624920042e-05 6.4394028474e+00 nan 0.0000000000e+00
1.7771631089e-04 2.9042913924e-05 5.5584956785e+00 nan 0.0000000000e+00
1.6969996421e-04 2.9029607150e-05 5.5078145991e+00 nan 0.0000000000e+00
-1.0219854614e-04 2.3450327112e-05 5.5881971152e+00 nan 0.0000000000e+00
-1.1015613202e-04 2.3251503503e-05 6.2413255686e+00 nan 0.0000000000e+00
-1.1809925384e-04 2.3042540551e-05 6.9501931050e+00 nan 0.0000000000e+00
-1.2602767095e-04 2.2823990759e-05 7.7214439530e+00 nan 0.0000000000e+00
-1.3394065970e-04 2.2599898996e-05 8.5642680321e+00 nan 0.0000000000e+00
-1.4183796914e-04 2.2369095964e-05 9.4830866574e+00 nan 0.0000000000e+00
-1.4971926387e-04 2.2133673621e-05 1.0476873866e+01 nan 0.0000000000e+00
-1.5758468495e-04 2.1895059852e-05 1.1521510219e+01 nan 0.0000000000e+00
-1.6543418849e-04 2.1654771279e-05 1.2595004632e+01 nan 0.0000000000e+00
-1.7326767504e-04 2.1413524765e-05 1.3673744726e+01 nan 0.0000000000e+00
2.7750514315e-04 2.1902129768e-05 6.5612119816e+00 nan 0.0000000000e+00
2.5339942632e-04 2.1911687936e-05 6.2758137440e+00 nan 0.0000000000e+00
2.2531169965e-04 2.1904768237e-05 6.0271137301e+00 nan 0.0000000000e+00
1.6920969750e-04 2.1846927007e-05 5.6692491067e+00 nan 0.0000000000e+00
-1.9611428720e-05 2.1068239832e-05 2.4689814552e+00 nan 0.0000000000e+00
2.3734541476e-04 2.1909764582e-05 6.1251009599e+00 nan 0.0000000000e+00
2.0927430559e-04 2.1893920881e-05 5.9117658556e+00 nan 0.0000000000e+00
1.5319189375e-04 2.1819982039e-05 5.5777765179e+00 nan 0.0000000000e+00
3.5006769279e-04 7.3829911544e-05 4.7611044910e+00 nan 0.0000000000e+00
-7.5049901376e-05 1.5674103755e-04 9.0903783465e+00 nan 0.0000000000e+00
-2.6500910567e-05 1.0202444353e-04 7.3979171174e+00 nan 0.0000000000e+00
1.3019114474e-04 7.5378504015e-05 3.8825946268e+00 nan 0.0000000000e+00
1.4633600182e-04 7.5473211982e-05 4.0175551528e+00 nan 0.0000000000e+00
-4.2822769475e-05 1.0085702368e-04 8.0969607061e+00 nan 0.0000000000e+00
1.6248302089e-04 7.5540675947e-05 4.1485619805e+00 nan 0.0000000000e+00
1.6120039770e-04 2.1834086537e-05 5.6237746938e+00 nan 0.0000000000e+00
2.1729200568e-04 2.1899938351e-05 5.9675289198e+00 nan 0.0000000000e+00
-2.1700084123e-04 5.8482043864e-05 1.5167400290e+01 nan 0.0000000000e+00
2.4537101202e-04 2.1911456690e-05 6.1972379358e+00 nan 0.0000000000e+00
-1.5825423880e-04 1.8312182154e-04 2.2843426941e+00 nan 0.0000000000e+00
-1.8267845111e-04 6.5787404805e-05 1.4708489173e+01 nan 0.0000000000e+00
-1.9073410341e-04 5.9419234680e-05 1.5129519572e+01 nan 0.0000000000e+00
3.6627091436e-04 4.8864838423e-05 6.1025231414e+00 nan 0.0000000000e+00
-1.3352261070e-04 1.5784600738e-04 8.3314804364e+00 nan 0.0000000000e+00
-2.7176682583e-04 1.1991017416e-04 3.8847174977e+00 nan 0.0000000000e+00
1.3672775896e-04 4.6862180623e-05 4.7836618020e+00 nan 0.0000000000e+00
1.6203226155e-04 1.8147181808e-04 2.6358921963e+00 nan 0.0000000000e+00
1.9498988948e-04 1.7456353340e-04 2.6088519914e+00 nan 0.0000000000e+00
-3.3874462413e-04 5.7646752870e-05 8.8384888430e+00 nan 0.0000000000e+00
-3.2187049918e-04 6.7869489354e-05 8.7898378551e+00 nan 0.0000000000e+00
-3.4713312147e-04 2.2539547362e-05 1.5635890154e+01 nan 0.0000000000e+00
3.0776617032e-04 1.4859925465e-04 2.8695028143e+00 nan 0.0000000000e+00
2.5125511944e-04 1.8470934917e-04 2.7574831216e+00 nan 0.0000000000e+00
-2.4809435847e-04 1.4208423694e-05 2.1460374689e+01 nan 0.0000000000e+00
-2.5597007256e-04 1.4205612154e-05 2.2032461698e+01 nan 0.0000000000e+00
-2.6384844926e-04 1.4205282866e-05 2.2507106311e+01 nan 0.0000000000e+00
-8.3351927242e-05 6.5811485829e-05 8.9129373703e+00 nan 0.0000000000e+00
-5.1315664529e-05 6.7524015337e-05 7.0567400754e+00 nan 0.0000000000e+00
2.4461429001e-04 1.7428982457e-04 2.7364362746e+00 nan 0.0000000000e+00
1.2688368693e-04 1.9155409931e-04 2.9531103261e+00 nan 0.0000000000e+00
1.2272403969e-04 1.9148552554e-04 2.9763844880e+00 nan 0.0000000000e+00
-2.1377042230e-04 2.3218402447e-05 1.7811206256e+01 nan 0.0000000000e+00
3.2675276938e-04 1.2004250174e-04 3.3096165650e+00 nan 0.0000000000e+00
-4.9947817029e-05 3.1120149941e-05 3.4522815865e+00 nan 0.0000000000e+00
-9.1551269734e-06 3.1542548318e-05 2.9284052841e+00 nan 0.0000000000e+00
3.1417508611e-05 3.1948005522e-05 3.7489817335e+00 nan 0.0000000000e+00
1.9600958961e-04 3.2658312873e-05 5.5957763432e+00 nan 0.0000000000e+00
3.5771569775e-04 6.6561902310e-05 4.9895739486e+00 nan 0.0000000000e+00
3.4954056649e-04 3.2137590079e-05 7.8253722909e+00 nan 0.0000000000e+00
2.5225681733e-04 3.2672952988e-05 6.0536642739e+00 nan 0.0000000000e+00
3.1733558054e-04 5.7208225076e-05 5.9439822114e+00 nan 0.0000000000e+00
-2.6388560830e-04 1.1018414084e-04 5.4338734116e+00 nan 0.0000000000e+00
-1.9823863096e-04 5.9098394720e-05 1.5215288462e+01 nan 0.0000000000e+00
2.8262279037e-04 1.1053795641e-04 3.8085474211e+00 nan 0.0000000000e+00
-2.7273023088e-04 1.2933364402e-04 3.3962892806e+00 nan 0.0000000000e+00
2.1206450354e-04 3.2672378492e-05 5.7095793485e+00 nan 0.0000000000e+00
2.1841962918e-04 1.3936504206e-04 2.9024106068e+00 nan 0.0000000000e+00
2.0403575072e-04 3.2666164238e-05 5.6515899310e+00 nan 0.0000000000e+00
3.2575602438e-04 3.9498625247e-05 6.8966757922e+00 nan 0.0000000000e+00
1.1983218084e-04 3.2484576339e-05 5.0526671479e+00 nan 0.0000000000e+00
1.1181435628e-04 3.2453936274e-05 4.9789574510e+00 nan 0.0000000000e+00
2.5291871050e-04 1.7418817516e-04 2.7465216705e+00 nan 0.0000000000e+00
1.0379521254e-04 3.2420420799e-05 4.8986095700e+00 nan 0.0000000000e+00
9.5773776105e-05 3.2383663820e-05 4.8105875232e+00 nan 0.0000000000e+00
8.7749589590e-05 3.2343582186e-05 4.7138630048e+00 nan 0.0000000000e+00
7.9721580615e-05 3.2299780886e-05 4.6074727957e+00 nan 0.0000000000e+00
7.1689093624e-05 3.2252182839e-05 4.4905910237e+00 nan 0.0000000000e+00
6.3650847095e-05 3.2200369540e-05 4.3626549457e+00 nan 0.0000000000e+00
5.5605959727e-05 3.2144281780e-05 4.2235341337e+00 nan 0.0000000000e+00
4.7552930043e-05 3.2083569648e-05 4.0737699395e+00 nan 0.0000000000e+00
3.2585713754e-04 2.1812314104e-05 7.5452631604e+00 nan 0.0000000000e+00
3.9490665636e-05 3.2018233065e-05 3.9148088903e+00 nan 0.0000000000e+00
-4.1826031139e-05 3.1230553071e-05 3.1092064291e+00 nan 0.0000000000e+00
-8.6157239488e-05 3.0364994095e-05 5.4843409290e+00 nan 0.0000000000e+00
-9.4134099779e-05 3.0145196914e-05 6.0481865811e+00 nan 0.0000000000e+00
-1.0209041781e-04 2.9910320566e-05 6.6567469165e+00 nan 0.0000000000e+00
1.7769192534e-04 1.4646045894e-04 2.5673867982e+00 nan 0.0000000000e+00
1.8590880450e-04 1.4647205624e-04 2.6138171062e+00 nan 0.0000000000e+00
-1.8279837051e-04 2.4091936651e-05 1.5361734601e+01 nan 0.0000000000e+00
-1.9055726105e-04 2.3840953159e-05 1.6228659764e+01 nan 0.0000000000e+00
-1.9831661127e-04 2.3610788121e-05 1.6949401429e+01 nan 0.0000000000e+00
-2.0604520565e-04 2.3398108709e-05 1.7402239058e+01 nan 0.0000000000e+00
-2.0586548996e-04 9.4828806637e-05 1.1261621203e+01 nan 0.0000000000e+00
-1.8345045256e-04 1.0186128032e-04 1.1564084750e+01 nan 0.0000000000e+00
-5.9410900976e-05 6.7118560157e-05 7.4896891101e+00 nan 0.0000000000e+00
2.0199016374e-04 1.3942136982e-04 2.8018392260e+00 nan 0.0000000000e+00
-2.3226772919e-04 1.4289062242e-05 1.9988919179e+01 nan 0.0000000000e+00
-2.4014860863e-04 1.4234237594e-05 2.0769074696e+01 nan 0.0000000000e+00
-3.2058359089e-04 9.3190651740e-05 5.2606745384e+00 nan 0.0000000000e+00
-3.1336989035e-04 4.1931262203e-05 1.4960614909e+01 nan 0.0000000000e+00
-2.9037312878e-04 8.3691230121e-05 8.2928133360e+00 nan 0.0000000000e+00
2.4461267257e-04 1.2861193862e-04 3.2427117076e+00 nan 0.0000000000e+00
3.4958877807e-04 4.9525732642e-05 6.4409147643e+00 nan 0.0000000000e+00
-2.1505547987e-04 1.1890141245e-04 7.1715235087e+00 nan 0.0000000000e+00
3.0141531679e-04 1.1370942224e-04 3.6842875971e+00 nan 0.0000000000e+00
-2.5665683527e-04 9.4522797763e-05 8.4714052034e+00 nan 0.0000000000e+00
-2.0857604998e-04 1.6516939679e-04 2.1015134649e+00 nan 0.0000000000e+00
-3.7753988775e-04 2.2685932108e-05 1.7119319114e+01 nan 0.0000000000e+00
-3.0505249095e-04 1.0387706894e-04 4.5426282361e+00 nan 0.0000000000e+00
3.8296984583e-04 3.0670178205e-05 7.4062144961e+00 nan 0.0000000000e+00
2.1178479055e-04 1.2881242443e-04 3.0554515256e+00 nan 0.0000000000e+00
3.6025107540e-04 9.4262868774e-05 3.4834859389e+00 nan 0.0000000000e+00
3.1707932104e-04 1.3083576211e-04 3.1367645095e+00 nan 0.0000000000e+00
-3.3762931621e-04 7.6822265592e-05 6.4818747756e+00 nan 0.0000000000e+00
-3.0642083355e-04 3.2330192323e-05 1.8111706094e+01 nan 0.0000000000e+00
3.6561283827e-04 8.3540251494e-05 3.7418273720e+00 nan 0.0000000000e+00
-1.7490289730e-04 1.5722002564e-04 4.0607759116e+00 nan 0.0000000000e+00
-3.3070733420e-04 8.5216328618e-05 5.5354643908e+00 nan 0.0000000000e+00
-2.3349761659e-04 7.6126256090e-05 1.2648662808e+01 nan 0.0000000000e+00
2.6784744164e-04 1.3889143713e-04 3.1099113792e+00 nan 0.0000000000e+00
-1.5875237269e-04 1.5530441803e-04 5.6470516975e+00 nan 0.0000000000e+00
-2.7258900275e-04 4.0390586051e-05 1.8045924160e+01 nan 0.0000000000e+00
2.5874370688e-04 1.6358439644e-04 2.7925765529e+00 nan 0.0000000000e+00
-1.4161452483e-04 9.5717618219e-05 1.2571072827e+01 nan 0.0000000000e+00
-1.4135478160e-04 1.0184362252e-04 1.2355917409e+01 nan 0.0000000000e+00
-1.1664687700e-04 1.3825359642e-04 1.0505877163e+01 nan 0.0000000000e+00
-1.3421027206e-04 1.9147404732e-04 2.1669765234e+00 nan 0.0000000000e+00
-5.0798478071e-05 1.1336450383e-04 8.6358313843e+00 nan 0.0000000000e+00
-1.0066859063e-04 2.0278617118e-04 5.9267295055e+00 nan 0.0000000000e+00
-1.0197728922e-04 2.0965918970e-04 3.0321977577e+00 nan 0.0000000000e+00
1.7079072737e-04 2.0942241786e-04 3.2066639984e+00 nan 0.0000000000e+00
1.8671272311e-04 1.7456308007e-04 2.5863795036e+00 nan 0.0000000000e+00
2.7802764593e-04 1.0356271433e-04 4.0176600958e+00 nan 0.0000000000e+00
-1.6526037685e-04 1.8257928852e-04 2.1241754039e+00 nan 0.0000000000e+00
1.3535356169e-04 2.1946094868e-04 3.7461665531e+00 nan 0.0000000000e+00
-1.0821303266e-04 2.0076746367e-04 5.8990709240e+00 nan 0.0000000000e+00
-1.1782299231e-04 2.0130177986e-04 6.9461546902e+00 nan 0.0000000000e+00
-1.2400945314e-04 1.3737911348e-04 1.0471620859e+01 nan 0.0000000000e+00
-9.1384863997e-05 2.0860740335e-04 3.7925467067e+00 nan 0.0000000000e+00
-8.3296050704e-05 2.1025767360e-04 4.0138960330e+00 nan 0.0000000000e+00
-8.4361938817e-05 2.1704470400e-04 5.0326834112e+00 nan 0.0000000000e+00
-7.6039948743e-05 2.1852111692e-04 5.5440367992e+00 nan 0.0000000000e+00
-6.7668909139e-05 2.1986573727e-04 5.8718220360e+00 nan 0.0000000000e+00
-6.0983427871e-05 2.1741770810e-04 5.5250209762e+00 nan 0.0000000000e+00
-5.2598432551e-05 2.1857341885e-04 5.7370629462e+00 nan 0.0000000000e+00
-4.4186922284e-05 2.1963832555e-04 5.8690461558e+00 nan 0.0000000000e+00
-3.5755546196e-05 2.2062126547e-04 5.9408611706e+00 nan 0.0000000000e+00
-8.4698955878e-06 2.2672463503e-04 6.1672039311e+00 nan 0.0000000000e+00
-4.2251636232e-06 2.2708444696e-04 6.1274825606e+00 nan 0.0000000000e+00
4.2652359501e-06 2.2776279230e-04 6.0368180975e+00 nan 0.0000000000e+00
1.2755717462e-05 2.2838913077e-04 5.9339644571e+00 nan 0.0000000000e+00
2.1244926630e-05 2.2896703769e-04 5.8217834092e+00 nan 0.0000000000e+00
2.9731664208e-05 2.2949951818e-04 5.7027302378e+00 nan 0.0000000000e+00
4.0439142668e-05 2.2669084754e-04 5.3559203441e+00 nan 0.0000000000e+00
4.8904049063e-05 2.2712786406e-04 5.2366861559e+00 nan 0.0000000000e+00
5.3135753534e-05 2.2730201843e-04 5.1747493989e+00 nan 0.0000000000e+00
6.1593907638e-05 2.2770145076e-04 5.0543881258e+00 nan 0.0000000000e+00
7.0047504657e-05 2.2806416607e-04 4.9341653900e+00 nan 0.0000000000e+00
7.8496327589e-05 2.2838331841e-04 4.8148132666e+00 nan 0.0000000000e+00
8.6939940847e-05 2.2867185592e-04 4.6978137789e+00 nan 0.0000000000e+00
-1.9306735690e-05 2.2914657173e-04 6.5567477767e+00 nan 0.0000000000e+00
9.5378226773e-05 2.2893279062e-04 4.5840220232e+00 nan 0.0000000000e+00
1.0381120255e-04 2.2916656401e-04 4.4740620031e+00 nan 0.0000000000e+00
1.1440319318e-04 1.9133293136e-04 3.0289424026e+00 nan 0.0000000000e+00
7.9125155581e-05 1.6609076064e-04 2.8496624727e+00 nan 0.0000000000e+00
-9.4238851167e-05 1.8356117678e-04 8.3208562566e+00 nan 0.0000000000e+00
-2.4697036010e-04 5.8073147008e-05 1.5062728830e+01 nan 0.0000000000e+00
2.1170284970e-04 1.8153745233e-04 2.6988594404e+00 nan 0.0000000000e+00
1.0608019754e-04 1.9115859390e-04 3.0896593380e+00 nan 0.0000000000e+00
2.8554897967e-04 2.1894859305e-05 6.6778194328e+00 nan 0.0000000000e+00
2.5068794213e-04 9.3234600217e-05 4.2394089772e+00 nan 0.0000000000e+00
-2.9906892910e-04 1.4342568760e-05 2.3408861590e+01 nan 0.0000000000e+00
9.7754214997e-05 1.9096135384e-04 3.1586389467e+00 nan 0.0000000000e+00
3.6558496514e-04 1.4463310261e-05 9.8346994688e+00 nan 0.0000000000e+00
-2.4953892093e-05 2.1834835755e-04 5.6886945108e+00 nan 0.0000000000e+00
1.1223889357e-04 2.2937645610e-04 4.3684179064e+00 nan 0.0000000000e+00
1.2066725320e-04 2.2956264874e-04 4.2673201899e+00 nan 0.0000000000e+00
3.3315180565e-04 1.4676978701e-05 7.9025823829e+00 nan 0.0000000000e+00
-2.7172317040e-04 1.4212016354e-05 2.2893389862e+01 nan 0.0000000000e+00
3.0097131739e-04 1.4718999284e-05 7.0418356240e+00 nan 0.0000000000e+00
2.7688241215e-04 1.4728206908e-05 6.6547378050e+00 nan 0.0000000000e+00
7.8982020349e-05 1.9388978522e-04 3.4472543299e+00 nan 0.0000000000e+00
7.0639205484e-05 1.9360186868e-04 3.5409980974e+00 nan 0.0000000000e+00
6.2295369599e-05 1.9328334232e-04 3.6413626722e+00 nan 0.0000000000e+00
5.3950202798e-05 1.9293129638e-04 3.7481848176e+00 nan 0.0000000000e+00
4.5604307797e-05 1.9254313499e-04 3.8614698620e+00 nan 0.0000000000e+00
3.7258503108e-05 1.9211601380e-04 3.9815120510e+00 nan 0.0000000000e+00
2.8913836596e-05 1.9164681890e-04 4.1090692163e+00 nan 0.0000000000e+00
2.0571627916e-05 1.9113213464e-04 4.2456188069e+00 nan 0.0000000000e+00
-1.0523023172e-05 1.8528549664e-04 4.9900579809e+00 nan 0.0000000000e+00
-1.8816258604e-05 1.8449587005e-04 5.2981194941e+00 nan 0.0000000000e+00
-2.7092738590e-05 1.8363200676e-04 5.6794562631e+00 nan 0.0000000000e+00
-3.5348579730e-05 1.8268683511e-04 6.1601779647e+00 nan 0.0000000000e+00
-4.3579701822e-05 1.8165237232e-04 6.7733483278e+00 nan 0.0000000000e+00
-4.9894880479e-05 1.8426565075e-04 6.8957734037e+00 nan 0.0000000000e+00
-5.8073135517e-05 1.8305630069e-04 7.7192060281e+00 nan 0.0000000000e+00
1.9583153386e-04 2.0949208331e-04 3.1107445658e+00 nan 0.0000000000e+00
8.1178865446e-05 1.5568509250e-04 2.7316905749e+00 nan 0.0000000000e+00
-2.4093160847e-04 2.2864672726e-05 1.9701654735e+01 nan 0.0000000000e+00
-2.7954968523e-04 1.4227101078e-05 2.3189729755e+01 nan 0.0000000000e+00
-1.7404663345e-04 5.7247728866e-05 1.4675180362e+01 nan 0.0000000000e+00
-2.2372383231e-04 4.9432679602e-05 1.6094396024e+01 nan 0.0000000000e+00
-2.4641923372e-04 4.9164944814e-05 1.6410949458e+01 nan 0.0000000000e+00
-2.7309561926e-04 9.2015821645e-05 7.8893366556e+00 nan 0.0000000000e+00
3.8306091491e-04 4.7772580739e-05 4.9795393318e+00 nan 0.0000000000e+00
-2.8912929306e-04 1.2117157163e-04 3.8161172463e+00 nan 0.0000000000e+00
2.5956480500e-04 1.8459795574e-04 2.7522510140e+00 nan 0.0000000000e+00
-2.3134741065e-04 1.5582047079e-04 2.5708984160e+00 nan 0.0000000000e+00
3.1606764809e-04 1.4836950775e-04 2.8160259927e+00 nan 0.0000000000e+00
1.3539384807e-04 2.2637897232e-04 3.9818546537e+00 nan 0.0000000000e+00
-1.8950724862e-04 1.7499507107e-04 1.9001606492e+00 nan 0.0000000000e+00
1.6886928923e-04 2.1983024392e-04 3.4903837407e+00 nan 0.0000000000e+00
-3.5510124290e-04 5.7901719270e-05 7.9032735180e+00 nan 0.0000000000e+00
3.2509064182e-04 1.4696921585e-05 7.6290246941e+00 nan 0.0000000000e+00
3.4933414916e-04 1.4618997969e-05 8.6607117687e+00 nan 0.0000000000e+00
2.8490958301e-04 1.4726525163e-05 6.7685274157e+00 nan 0.0000000000e+00
-2.6535517201e-04 4.9197508715e-05 1.6416396469e+01 nan 0.0000000000e+00
-1.5886450118e-04 5.8087989832e-05 1.3947556723e+01 nan 0.0000000000e+00
7.8400146193e-05 2.3524218293e-04 5.1370246425e+00 nan 0.0000000000e+00
3.3457630326e-04 1.1277772062e-04 3.4162172171e+00 nan 0.0000000000e+00
1.8729358650e-04 1.2883796742e-04 2.8920782677e+00 nan 0.0000000000e+00
3.1100286987e-04 1.0296113649e-04 3.9847752370e+00 nan 0.0000000000e+00
2.9984701709e-04 1.5580602055e-04 2.8132790761e+00 nan 0.0000000000e+00
2.4310314549e-04 1.3918957299e-04 3.0312390755e+00 nan 0.0000000000e+00
2.7439444613e-04 1.1065733319e-04 3.7957947028e+00 nan 0.0000000000e+00
-9.1542140818e-05 1.7402943450e-04 8.9668236240e+00 nan 0.0000000000e+00
-1.2295478054e-05 2.1955611735e-04 5.6777773427e+00 nan 0.0000000000e+00
3.0914043473e-04 5.7317408452e-05 5.8858638450e+00 nan 0.0000000000e+00
2.9986848753e-04 9.2664532205e-05 4.3969574048e+00 nan 0.0000000000e+00
3.4832532594e-04 1.0177759010e-04 3.5254207268e+00 nan 0.0000000000e+00
-2.4819133305e-04 7.6096657080e-05 1.2107820900e+01 nan 0.0000000000e+00
-2.9731781387e-04 6.5496008521e-05 1.1521636730e+01 nan 0.0000000000e+00
1.3716070112e-04 1.8124282125e-04 2.6702464330e+00 nan 0.0000000000e+00
8.9449903603e-05 1.8379320907e-04 3.0495915486e+00 nan 0.0000000000e+00
1.6049588851e-04 2.1976504514e-04 3.5473127290e+00 nan 0.0000000000e+00
-1.3391503661e-04 1.0248406148e-04 1.2051785666e+01 nan 0.0000000000e+00
1.5374308378e-04 1.8141346674e-04 2.6401249709e+00 nan 0.0000000000e+00
-1.2711196704e-04 1.9256313362e-04 5.7958442335e+00 nan 0.0000000000e+00
2.3476728863e-04 6.8434068939e-05 4.9181599770e+00 nan 0.0000000000e+00
2.4287174266e-04 6.8411298390e-05 4.9798794978e+00 nan 0.0000000000e+00
-1.6592759178e-04 1.3029775446e-04 8.9957392271e+00 nan 0.0000000000e+00
2.0359199044e-04 1.2883428980e-04 3.0016257790e+00 nan 0.0000000000e+00
-2.5815224498e-04 5.8112023095e-05 1.4903877216e+01 nan 0.0000000000e+00
2.6120300810e-04 1.7407830126e-04 2.7506310036e+00 nan 0.0000000000e+00
-3.1452975411e-04 1.4581330975e-05 2.3022814929e+01 nan 0.0000000000e+00
2.4206382639e-04 8.6192994898e-05 4.4106519186e+00 nan 0.0000000000e+00
3.2482915776e-04 5.0066858020e-05 6.3541694998e+00 nan 0.0000000000e+00
-3.3135851798e-04 3.0810329205e-05 1.5971462930e+01 nan 0.0000000000e+00
-2.4870546343e-04 1.2206177650e-04 4.5680508712e+00 nan 0.0000000000e+00
3.0096445051e-04 5.7407486116e-05 5.8188766693e+00 nan 0.0000000000e+00
-3.5595827299e-04 1.3144215189e-05 1.7664914922e+01 nan 0.0000000000e+00
-1.5011893932e-04 1.6527154842e-04 4.5876033075e+00 nan 0.0000000000e+00
1.6839341826e-04 1.9199894492e-04 2.8190348794e+00 nan 0.0000000000e+00
2.0226956310e-04 1.4646546941e-04 2.7099864694e+00 nan 0.0000000000e+00
1.5530787274e-04 1.5691036384e-04 2.4206933756e+00 nan 0.0000000000e+00
1.6354230097e-04 1.5695898592e-04 2.4465057092e+00 nan 0.0000000000e+00
-2.3128600207e-04 4.9301808419e-05 1.6211484710e+01 nan 0.0000000000e+00
-1.9119337468e-04 9.5422003832e-05 1.1933392276e+01 nan 0.0000000000e+00
1.7031554453e-04 1.8151520865e-04 2.6376314648e+00 nan 0.0000000000e+00
2.2623507248e-04 9.3360911923e-05 4.0856628841e+00 nan 0.0000000000e+00
-3.2237044018e-04 5.8402963227e-05 1.0393215350e+01 nan 0.0000000000e+00
-2.9737430485e-04 7.4822409534e-05 9.5582937932e+00 nan 0.0000000000e+00
-1.7611465886e-04 1.0228839664e-04 1.1901509422e+01 nan 0.0000000000e+00
-3.6358856444e-04 5.0036338646e-05 9.5671880085e+00 nan 0.0000000000e+00
-3.6939256881e-04 4.0457818281e-05 1.1627653695e+01 nan 0.0000000000e+00
3.7409407260e-04 8.3136079622e-05 3.3904207267e+00 nan 0.0000000000e+00
8.6865768993e-05 2.3553775691e-04 5.0075904200e+00 nan 0.0000000000e+00
-2.1556804361e-04 1.6509119128e-04 2.3971056847e+00 nan 0.0000000000e+00
-1.3337817998e-04 2.0072295901e-04 -5.6501696127e-02 nan 0.0000000000e+00
-1.5020638081e-04 1.9318076863e-04 3.7480423000e+00 nan 0.0000000000e+00
9.5325094277e-05 2.3580541131e-04 4.8817293473e+00 nan 0.0000000000e+00
3.9144075663e-04 2.9801974147e-05 6.0316628427e+00 nan 0.0000000000e+00
1.8688550228e-04 1.8157055701e-04 2.6549862247e+00 nan 0.0000000000e+00
3.1704074329e-04 1.4692755623e-05 7.4014571543e+00 nan 0.0000000000e+00
1.2910286935e-04 2.2972492631e-04 4.1708287042e+00 nan 0.0000000000e+00
-2.7442773707e-04 1.1070995797e-04 4.8075785515e+00 nan 0.0000000000e+00
3.2405818859e-04 8.5125815473e-05 4.5934346060e+00 nan 0.0000000000e+00
2.1049738353e-04 1.4644150065e-04 2.7580605909e+00 nan 0.0000000000e+00
-3.5523830412e-04 4.0812844332e-05 1.1024172845e+01 nan 0.0000000000e+00
-1.5048838324e-04 1.0413020429e-04 1.2426401794e+01 nan 0.0000000000e+00
1.5211941731e-04 2.1968229827e-04 3.6086946508e+00 nan 0.0000000000e+00
1.5219297764e-04 2.2660948741e-04 3.8227171655e+00 nan 0.0000000000e+00
-5.8818468419e-05 1.1264080852e-04 8.9623344616e+00 nan 0.0000000000e+00
1.7724027740e-04 2.1987872974e-04 3.4374660600e+00 nan 0.0000000000e+00
1.4373828041e-04 2.1958119668e-04 3.6749021002e+00 nan 0.0000000000e+00
-2.5740109774e-04 4.0284641955e-05 1.7959134174e+01 nan 0.0000000000e+00
-1.5156909189e-04 1.5592867911e-04 6.2501579500e+00 nan 0.0000000000e+00
2.2679824552e-04 1.9892342368e-04 2.8772444784e+00 nan 0.0000000000e+00
3.5780710813e-04 3.1948271791e-05 8.0173302406e+00 nan 0.0000000000e+00
3.5192526810e-04 9.4646663267e-05 3.7072393914e+00 nan 0.0000000000e+00
-2.3221755287e-04 1.3106892445e-04 4.2238151695e+00 nan 0.0000000000e+00
2.2811486865e-04 1.7442367886e-04 2.7026221835e+00 nan 0.0000000000e+00
-1.8249623011e-04 1.7532458156e-04 1.7969097365e+00 nan 0.0000000000e+00
-1.9089032224e-04 1.4718500260e-04 4.4955960636e+00 nan 0.0000000000e+00
-1.7576826561e-04 1.8187900854e-04 1.9315649183e+00 nan 0.0000000000e+00
2.4422684362e-04 1.2156369918e-04 3.4028963413e+00 nan 0.0000000000e+00
-2.8014016638e-04 4.0509205833e-05 1.7904349418e+01 nan 0.0000000000e+00
-6.6778451080e-05 1.1190362432e-04 9.2890312816e+00 nan 0.0000000000e+00
2.6888998892e-04 1.2129591632e-04 3.4952943366e+00 nan 0.0000000000e+00
-2.1421878650e-04 1.3730697246e-04 4.4079417245e+00 nan 0.0000000000e+00
3.8344318452e-04 2.0497505650e-05 9.5591102244e+00 nan 0.0000000000e+00
3.9059492629e-04 1.3044684785e-05 1.0359781917e+01 nan 0.0000000000e+00
-9.4297995200e-05 2.0079216319e-04 6.4019674453e+00 nan 0.0000000000e+00
-2.8765044699e-04 4.0681572392e-05 1.7596962812e+01 nan 0.0000000000e+00
3.8223979856e-04 4.0966174577e-05 5.8442651742e+00 nan 0.0000000000e+00
3.0968688529e-04 1.1351793854e-04 3.6491853463e+00 nan 0.0000000000e+00
-1.0738922301e-04 1.1114378973e-04 1.0828674149e+01 nan 0.0000000000e+00
-7.4677849431e-05 1.1115711184e-04 9.6124823086e+00 nan 0.0000000000e+00
-8.4439729409e-05 1.1341285278e-04 1.0009229680e+01 nan 0.0000000000e+00
-2.2263704569e-04 1.1267734171e-04 7.6319147056e+00 nan 0.0000000000e+00
7.2932449969e-05 1.5544101204e-04 2.8616216627e+00 nan 0.0000000000e+00
6.4682794311e-05 1.5516427484e-04 3.0190231237e+00 nan 0.0000000000e+00
5.6429694127e-05 1.5485856843e-04 3.2071447593e+00 nan 0.0000000000e+00
4.6086572639e-05 1.5789765751e-04 3.4863319623e+00 nan 0.0000000000e+00
3.7819194742e-05 1.5750347048e-04 3.7463532690e+00 nan 0.0000000000e+00
2.9548463453e-05 1.5706737932e-04 4.0500993853e+00 nan 0.0000000000e+00
2.1274352864e-05 1.5658475347e-04 4.4045443841e+00 nan 0.0000000000e+00
1.2997043374e-05 1.5605131812e-04 4.8180141093e+00 nan 0.0000000000e+00
4.7165344413e-06 1.5546285411e-04 5.3002565978e+00 nan 0.0000000000e+00
-3.5669351639e-06 1.5481340748e-04 5.8624191375e+00 nan 0.0000000000e+00
-2.6332608458e-05 1.4924817983e-04 7.8240527195e+00 nan 0.0000000000e+00
-3.4572203653e-05 1.4837320426e-04 8.0261117005e+00 nan 0.0000000000e+00
-4.2746613177e-05 1.4746978496e-04 8.2642989208e+00 nan 0.0000000000e+00
-5.0852987965e-05 1.4653597841e-04 8.5237432776e+00 nan 0.0000000000e+00
-6.0945013545e-05 1.4865314056e-04 8.8140740321e+00 nan 0.0000000000e+00
-6.8889720450e-05 1.4764234874e-04 9.1116333583e+00 nan 0.0000000000e+00
-7.6755058129e-05 1.4661674874e-04 9.4227627094e+00 nan 0.0000000000e+00
-8.4539480558e-05 1.4558451560e-04 9.7310404925e+00 nan 0.0000000000e+00
-3.4844792458e-06 1.4793553019e-04 6.1111130565e+00 nan 0.0000000000e+00
-3.4654338841e-05 1.5517789553e-04 7.9659324957e+00 nan 0.0000000000e+00
-9.8262925006e-06 1.5772289934e-04 6.1849727472e+00 nan 0.0000000000e+00
-1.5726026851e-04 1.6464149326e-04 4.0570564710e+00 nan 0.0000000000e+00
8.9428876144e-05 1.5590419039e-04 2.6264392063e+00 nan 0.0000000000e+00
-1.2645466437e-04 1.0314358976e-04 1.1636579129e+01 nan 0.0000000000e+00
-1.9174660464e-04 6.8333707358e-05 1.4628522646e+01 nan 0.0000000000e+00
-9.2173405915e-05 1.1265645739e-04 1.0302431889e+01 nan 0.0000000000e+00
-1.7578809227e-04 1.2324801568e-05 1.2185210494e+01 nan 0.0000000000e+00
2.2074191398e-04 1.0401918724e-04 3.7348741317e+00 nan 0.0000000000e+00
3.7336306723e-04 7.6162236967e-05 3.7412256675e+00 nan 0.0000000000e+00
2.6887303403e-04 1.4704605578e-05 6.5533679891e+00 nan 0.0000000000e+00
2.6084543423e-04 1.4709791232e-05 6.4614996209e+00 nan 0.0000000000e+00
9.7664388605e-05 1.5610314574e-04 2.5437048022e+00 nan 0.0000000000e+00
3.0807212624e-04 6.7903027721e-05 5.4124957520e+00 nan 0.0000000000e+00
-1.1604641978e-04 1.7283113719e-04 9.6049572254e+00 nan 0.0000000000e+00
-1.3500083731e-04 1.3000495717e-04 1.0806270380e+01 nan 0.0000000000e+00
1.0590289497e-04 1.5627588610e-04 2.4810663329e+00 nan 0.0000000000e+00
1.1414014759e-04 1.5642714367e-04 2.4365768158e+00 nan 0.0000000000e+00
-1.0870228584e-04 1.7415713891e-04 9.7282036342e+00 nan 0.0000000000e+00
2.5283187898e-04 1.4707380953e-05 6.3785654451e+00 nan 0.0000000000e+00
1.2237591127e-04 1.5655602894e-04 2.4082945907e+00 nan 0.0000000000e+00
-1.7381059159e-04 1.1151919256e-04 1.0938179838e+01 nan 0.0000000000e+00
9.7760596942e-05 1.8401024602e-04 2.9725332079e+00 nan 0.0000000000e+00
2.4479844587e-04 1.4721707192e-05 6.3027319503e+00 nan 0.0000000000e+00
3.8308474438e-04 6.4959305595e-05 3.7158512161e+00 nan 0.0000000000e+00
2.3678202285e-04 1.4714664066e-05 6.2339069734e+00 nan 0.0000000000e+00
2.3437805413e-04 9.3326560253e-05 4.1396799288e+00 nan 0.0000000000e+00
2.2878403214e-04 1.4689955056e-05 6.1712231799e+00 nan 0.0000000000e+00
-2.4122969615e-04 1.2808633999e-04 4.1472340971e+00 nan 0.0000000000e+00
2.2075951995e-04 1.4702868633e-05 6.1127691850e+00 nan 0.0000000000e+00
2.1274371941e-04 1.4699983701e-05 6.0590028575e+00 nan 0.0000000000e+00
3.8213286656e-04 5.8201830662e-05 4.2081854565e+00 nan 0.0000000000e+00
2.0074509621e-04 1.4669663730e-05 5.9858501107e+00 nan 0.0000000000e+00
-2.3955708502e-04 1.0346099089e-04 8.0173599861e+00 nan 0.0000000000e+00
2.0763077929e-05 1.8423575266e-04 4.1791419285e+00 nan 0.0000000000e+00
1.9272565063e-04 1.4677907264e-05 5.9402686446e+00 nan 0.0000000000e+00
1.8471308990e-04 1.4674306147e-05 5.8973414095e+00 nan 0.0000000000e+00
1.7671090286e-04 1.4656447162e-05 5.8565922080e+00 nan 0.0000000000e+00
1.2443416547e-05 1.8367562914e-04 4.3770881437e+00 nan 0.0000000000e+00
1.6871648987e-04 1.4642654983e-05 5.8170837930e+00 nan 0.0000000000e+00
1.6069548639e-04 1.4647881668e-05 5.7777245065e+00 nan 0.0000000000e+00
4.1291804646e-06 1.8306124186e-04 4.6040618152e+00 nan 0.0000000000e+00
-1.6592214582e-04 1.5474989667e-04 5.1320007330e+00 nan 0.0000000000e+00
1.5269143706e-04 1.4633256398e-05 5.7388646650e+00 nan 0.0000000000e+00
3.8215932545e-04 1.3861960197e-05 1.0556358948e+01 nan 0.0000000000e+00
1.4470330158e-04 1.4603129744e-05 5.6997443100e+00 nan 0.0000000000e+00
-4.1774608549e-06 1.8238780444e-04 4.8691371876e+00 nan 0.0000000000e+00
1.3668889688e-04 1.4604387845e-05 5.6582383763e+00 nan 0.0000000000e+00
1.2868037689e-04 1.4594708362e-05 5.6146017410e+00 nan 0.0000000000e+00
1.2067643757e-04 1.4579589369e-05 5.5677067482e+00 nan 0.0000000000e+00
1.1267240022e-04 1.4563799968e-05 5.5162878503e+00 nan 0.0000000000e+00
1.0466779214e-04 1.4546982163e-05 5.4590865380e+00 nan 0.0000000000e+00
9.6662299522e-05 1.4529048953e-05 5.3946858292e+00 nan 0.0000000000e+00
3.1796465764e-04 1.1330663073e-04 3.5945765505e+00 nan 0.0000000000e+00
8.8655575581e-05 1.4509935498e-05 5.3215025375e+00 nan 0.0000000000e+00
8.0647268140e-05 1.4490250186e-05 5.2377494264e+00 nan 0.0000000000e+00
7.2636840856e-05 1.4468768819e-05 5.1415253470e+00 nan 0.0000000000e+00
6.4623817136e-05 1.4445551774e-05 5.0307102968e+00 nan 0.0000000000e+00
5.6606811572e-05 1.4421380330e-05 4.9029815114e+00 nan 0.0000000000e+00
4.8592231390e-05 1.4386525395e-05 4.7565449480e+00 nan 0.0000000000e+00
4.0578514234e-05 1.4356102902e-05 4.5886715135e+00 nan 0.0000000000e+00
2.8516064313e-05 1.4322456534e-05 4.2944018575e+00 nan 0.0000000000e+00
2.0476399734e-05 1.4290450289e-05 4.0740319625e+00 nan 0.0000000000e+00
1.2430056962e-05 1.4256427653e-05 3.8225438452e+00 nan 0.0000000000e+00
4.3762280821e-06 1.4221231453e-05 3.5391705936e+00 nan 0.0000000000e+00
-3.6856527696e-06 1.4185166810e-05 3.2363085357e+00 nan 0.0000000000e+00
-1.1756132787e-05 1.4149477431e-05 2.8994110380e+00 nan 0.0000000000e+00
-6.9815459536e-05 1.7432607362e-04 8.1877142894e+00 nan 0.0000000000e+00
-1.9831526542e-05 1.4113859341e-05 2.5331878186e+00 nan 0.0000000000e+00
-7.7723775298e-05 1.7305087882e-04 8.4718116440e+00 nan 0.0000000000e+00
-2.7914668264e-05 1.4082097857e-05 2.1365334566e+00 nan 0.0000000000e+00
-3.5998696422e-05 1.4054689437e-05 1.7263192519e+00 nan 0.0000000000e+00
-4.4085454391e-05 1.4034040919e-05 1.3056553062e+00 nan 0.0000000000e+00
-5.2165899582e-05 1.4019194153e-05 1.0113753225e+00 nan 0.0000000000e+00
-6.0233060767e-05 1.3998495268e-05 1.1209467496e+00 nan 0.0000000000e+00
-6.8283455908e-05 1.3960701872e-05 1.4512202257e+00 nan 0.0000000000e+00
-7.6317506471e-05 1.3903631840e-05 1.8369259027e+00 nan 0.0000000000e+00
-8.4336259114e-05 1.3828432165e-05 2.2627776983e+00 nan 0.0000000000e+00
-9.2342272795e-05 1.3737042634e-05 2.7377079561e+00 nan 0.0000000000e+00
-3.4808223533e-04 1.2692506793e-05 2.1227544318e+01 nan 0.0000000000e+00
2.1809848047e-04 9.3385208188e-05 4.0296933785e+00 nan 0.0000000000e+00
2.0996785916e-04 9.3398611069e-05 3.9722114166e+00 nan 0.0000000000e+00
2.0222210066e-04 1.0051200696e-04 3.7075662979e+00 nan 0.0000000000e+00
1.9408859068e-04 1.0051579319e-04 3.6484240858e+00 nan 0.0000000000e+00
1.8595899622e-04 1.0051083330e-04 3.5885334743e+00 nan 0.0000000000e+00
1.7783334072e-04 1.0049818539e-04 3.5282325301e+00 nan 0.0000000000e+00
1.6971079234e-04 1.0047773312e-04 3.4679094833e+00 nan 0.0000000000e+00
1.6159069357e-04 1.0044792760e-04 3.4080495187e+00 nan 0.0000000000e+00
1.6129974649e-04 9.3340905499e-05 3.6087532074e+00 nan 0.0000000000e+00
1.2077990699e-04 9.3067321889e-05 3.3181116013e+00 nan 0.0000000000e+00
9.6451622110e-05 9.2774754806e-05 3.1983790947e+00 nan 0.0000000000e+00
7.2078488399e-05 9.2354278434e-05 3.2079275326e+00 nan 0.0000000000e+00
4.5630021933e-05 9.5207132907e-05 3.5536506081e+00 nan 0.0000000000e+00
3.7440989760e-05 9.4952844540e-05 3.7830524281e+00 nan 0.0000000000e+00
2.9233830725e-05 9.4672416175e-05 4.0798676562e+00 nan 0.0000000000e+00
2.1004636101e-05 9.4364054431e-05 4.4540045744e+00 nan 0.0000000000e+00
1.2749573181e-05 9.4025559420e-05 4.9169772770e+00 nan 0.0000000000e+00
4.4641548346e-06 9.3657687890e-05 5.4834906781e+00 nan 0.0000000000e+00
-3.8586099254e-06 9.3256259844e-05 6.1803212234e+00 nan 0.0000000000e+00
-1.2175935012e-05 9.2824213117e-05 6.4708564915e+00 nan 0.0000000000e+00
-1.8344746413e-05 9.5842655111e-05 6.8462342312e+00 nan 0.0000000000e+00
-2.6580649939e-05 9.5341082142e-05 7.1898926264e+00 nan 0.0000000000e+00
-3.4767656403e-05 9.4814343721e-05 7.5475000908e+00 nan 0.0000000000e+00
-4.2904470806e-05 9.4264307776e-05 7.9178498315e+00 nan 0.0000000000e+00
-5.9113510974e-05 8.6611557771e-05 8.4849789939e+00 nan 0.0000000000e+00
-6.7102891014e-05 8.6051580764e-05 8.8951469232e+00 nan 0.0000000000e+00
-7.5040836202e-05 8.5477854159e-05 9.3012133962e+00 nan 0.0000000000e+00
-8.2926272168e-05 8.4895999436e-05 9.6916355552e+00 nan 0.0000000000e+00
-9.0759969775e-05 8.4307867312e-05 1.0060351079e+01 nan 0.0000000000e+00
-1.0039670524e-04 8.6708066862e-05 1.0531004463e+01 nan 0.0000000000e+00
-1.0033755963e-04 1.3631764581e-05 3.2749995395e+00 nan 0.0000000000e+00
3.5872238610e-04 3.8836231718e-05 7.3300417224e+00 nan 0.0000000000e+00
3.1686939944e-04 3.2495222431e-05 7.0055545840e+00 nan 0.0000000000e+00
-1.0832306181e-04 1.3514604568e-05 3.8941515820e+00 nan 0.0000000000e+00
-2.8756710508e-04 4.9720893655e-05 1.5613346867e+01 nan 0.0000000000e+00
-5.3120256608e-05 8.3757714150e-05 8.0483395409e+00 nan 0.0000000000e+00
-9.9758036232e-05 1.3719094989e-04 1.0333035102e+01 nan 0.0000000000e+00
-1.1629940472e-04 1.3387865910e-05 4.5805565839e+00 nan 0.0000000000e+00
-9.2125361136e-05 1.3814979758e-04 1.0110191230e+01 nan 0.0000000000e+00
-6.8401899870e-05 1.8486637951e-04 7.6615170134e+00 nan 0.0000000000e+00
-2.7404935184e-05 1.9051793293e-04 5.2899747693e+00 nan 0.0000000000e+00
-1.9112175043e-05 1.9137872961e-04 5.0437547301e+00 nan 0.0000000000e+00
-1.0801116865e-05 1.9216714563e-04 4.8462704485e+00 nan 0.0000000000e+00
-2.4758026356e-06 1.9288922795e-04 4.6800849196e+00 nan 0.0000000000e+00
1.3061060338e-04 1.5666891788e-04 2.3943686503e+00 nan 0.0000000000e+00
1.3884504378e-04 1.5676516196e-04 2.3929632780e+00 nan 0.0000000000e+00
1.4707877063e-04 1.5684453602e-04 2.4023081030e+00 nan 0.0000000000e+00
5.8603929052e-06 1.9355032862e-04 4.5337959507e+00 nan 0.0000000000e+00
1.4204635182e-05 1.9415525442e-04 4.4002272335e+00 nan 0.0000000000e+00
-1.2426691077e-04 1.3255918223e-05 5.3244906896e+00 nan 0.0000000000e+00
-1.0930799050e-04 1.4546105265e-04 1.0327520869e+01 nan 0.0000000000e+00
2.2666955089e-04 6.8446759025e-05 4.8567149269e+00 nan 0.0000000000e+00
2.1857779306e-04 6.8457300537e-05 4.7953500257e+00 nan 0.0000000000e+00
2.1049209386e-04 6.8467693860e-05 4.7339763701e+00 nan 0.0000000000e+00
2.0241082392e-04 6.8464685781e-05 4.6728792333e+00 nan 0.0000000000e+00
1.9433424004e-04 6.8461500002e-05 4.6115094844e+00 nan 0.0000000000e+00
1.8626142206e-04 6.8452144787e-05 4.5498434819e+00 nan 0.0000000000e+00
1.6940651436e-04 9.3369426300e-05 3.6703018677e+00 nan 0.0000000000e+00
1.7819196215e-04 6.8438599141e-05 4.4875919775e+00 nan 0.0000000000e+00
1.7012553629e-04 6.8424504683e-05 4.4243943751e+00 nan 0.0000000000e+00
1.6206089492e-04 6.8396661591e-05 4.3603771812e+00 nan 0.0000000000e+00
1.5399818261e-04 6.8367560991e-05 4.2949151041e+00 nan 0.0000000000e+00
1.4593660261e-04 6.8332970594e-05 4.2279001089e+00 nan 0.0000000000e+00
1.3787552854e-04 6.8292418369e-05 4.1591641487e+00 nan 0.0000000000e+00
1.7751572274e-04 9.3390138411e-05 3.7318135434e+00 nan 0.0000000000e+00
1.2981429124e-04 6.8245492707e-05 4.0886241108e+00 nan 0.0000000000e+00
1.2175216111e-04 6.8191725485e-05 4.0163336213e+00 nan 0.0000000000e+00
-1.3222556886e-04 1.3116647790e-05 6.1319873605e+00 nan 0.0000000000e+00
-1.4017498067e-04 1.2975376551e-05 7.0267599188e+00 nan 0.0000000000e+00
1.1368836873e-04 6.8131348928e-05 3.9425283316e+00 nan 0.0000000000e+00
1.0562211688e-04 6.8066012767e-05 3.8677005053e+00 nan 0.0000000000e+00
9.7551951093e-05 6.7983908463e-05 3.7931078538e+00 nan 0.0000000000e+00
8.9477322434e-05 6.7897467147e-05 3.7199066391e+00 nan 0.0000000000e+00
8.1396908354e-05 6.7804091170e-05 3.6504226156e+00 nan 0.0000000000e+00
7.3308911380e-05 6.7691625222e-05 3.5881182398e+00 nan 0.0000000000e+00
6.5212282207e-05 6.7572443124e-05 3.5370886070e+00 nan 0.0000000000e+00
5.3046917217e-05 6.7368135725e-05 3.4949606297e+00 nan 0.0000000000e+00
4.4920214686e-05 6.7215400607e-05 3.5008776281e+00 nan 0.0000000000e+00
3.6777712711e-05 6.7049032192e-05 3.5445907019e+00 nan 0.0000000000e+00
2.8616883232e-05 6.6870801264e-05 3.6362159831e+00 nan 0.0000000000e+00
2.0434525792e-05 6.6669335931e-05 3.7859273487e+00 nan 0.0000000000e+00
1.2227647700e-05 6.6457375282e-05 4.0040678812e+00 nan 0.0000000000e+00
3.9923409889e-06 6.6231733524e-05 4.3009862900e+00 nan 0.0000000000e+00
-4.2758936170e-06 6.5994117069e-05 4.6861448788e+00 nan 0.0000000000e+00
2.1149409407e-04 1.7453333274e-04 2.6570779172e+00 nan 0.0000000000e+00
-1.4811476701e-04 1.2832127713e-05 8.0164309031e+00 nan 0.0000000000e+00
3.4336164677e-04 1.1945890961e-04 3.0815370125e+00 nan 0.0000000000e+00
-1.6000588750e-04 1.2614671609e-05 9.6761276876e+00 nan 0.0000000000e+00
2.8619196156e-04 1.7361627568e-04 2.7174297478e+00 nan 0.0000000000e+00
-5.0776616522e-05 1.1995128004e-04 8.6725269321e+00 nan 0.0000000000e+00
-1.8972033492e-04 5.0523962595e-05 1.5428068736e+01 nan 0.0000000000e+00
-2.1586038566e-04 8.5486334117e-05 1.2028089641e+01 nan 0.0000000000e+00
1.4350677992e-04 1.9178939022e-04 2.8794082311e+00 nan 0.0000000000e+00
3.0814818229e-04 1.5559343684e-04 2.7722504989e+00 nan 0.0000000000e+00
-3.4034879259e-04 1.2344866835e-05 2.2222671841e+01 nan 0.0000000000e+00
-9.9772553621e-05 1.1189962876e-04 1.0578645194e+01 nan 0.0000000000e+00
-2.8991000255e-04 1.1389236532e-05 2.3981566252e+01 nan 0.0000000000e+00
-3.0432050663e-04 7.5444079711e-05 8.8804680660e+00 nan 0.0000000000e+00
-9.9482644940e-05 2.1738343457e-04 5.2664619622e+00 nan 0.0000000000e+00
-2.4882282783e-04 8.5233480431e-05 1.0528345381e+01 nan 0.0000000000e+00
2.6783769732e-04 1.8445011352e-04 2.7409575844e+00 nan 0.0000000000e+00
-1.8274515120e-04 1.8152076272e-04 2.1252403383e+00 nan 0.0000000000e+00
-2.5776946805e-04 4.9167316492e-05 1.6462924106e+01 nan 0.0000000000e+00
2.1981682845e-04 1.7448493890e-04 2.6807899882e+00 nan 0.0000000000e+00
-3.3954573070e-04 4.8069885245e-05 1.0497633028e+01 nan 0.0000000000e+00
-2.5600159628e-04 8.5324703887e-05 1.0133323425e+01 nan 0.0000000000e+00
2.6952436256e-04 1.7393159079e-04 2.7478608319e+00 nan 0.0000000000e+00
-2.8221048883e-04 1.2060405838e-04 3.7303912355e+00 nan 0.0000000000e+00
3.3505072513e-04 1.1976693873e-04 3.2081704090e+00 nan 0.0000000000e+00
-1.0948500070e-04 1.0158244975e-04 1.0951859266e+01 nan 0.0000000000e+00
1.5179625509e-04 1.9187499509e-04 2.8531761932e+00 nan 0.0000000000e+00
1.2901806168e-04 2.0202048439e-04 3.2365059500e+00 nan 0.0000000000e+00
1.6058288554e-04 2.2651135049e-04 3.7448032209e+00 nan 0.0000000000e+00
-2.8080655236e-04 7.6919702781e-05 1.0292585254e+01 nan 0.0000000000e+00
3.1579429068e-04 8.5322428370e-05 4.6400535623e+00 nan 0.0000000000e+00
-3.1405452420e-04 1.0182130251e-04 4.6683961122e+00 nan 0.0000000000e+00
-1.5786760406e-04 1.0354582779e-04 1.2435902620e+01 nan 0.0000000000e+00
3.2581958385e-04 1.3757141663e-04 2.9126504418e+00 nan 0.0000000000e+00
-1.9801318905e-04 1.4691674091e-04 4.0427000479e+00 nan 0.0000000000e+00
-2.7328168177e-04 6.7439085681e-05 1.2628826717e+01 nan 0.0000000000e+00
3.5041574062e-04 3.9081031305e-05 7.2902126023e+00 nan 0.0000000000e+00
-2.4083142033e-04 7.6088930378e-05 1.2392127216e+01 nan 0.0000000000e+00
1.8748591308e-04 2.0948474507e-04 3.1397111007e+00 nan 0.0000000000e+00
-2.8055132525e-04 6.7692794818e-05 1.2194507119e+01 nan 0.0000000000e+00
-1.1847518823e-04 1.2869706662e-04 1.0774054642e+01 nan 0.0000000000e+00
2.0417543880e-04 2.0948414285e-04 3.0837149439e+00 nan 0.0000000000e+00
-2.4730362261e-04 1.4684123589e-04 2.8518530912e+00 nan 0.0000000000e+00
-2.6341419079e-04 1.3816394310e-04 3.1932178949e+00 nan 0.0000000000e+00
1.7016337561e-04 1.7452166371e-04 2.5506479410e+00 nan 0.0000000000e+00
-2.7200948653e-04 2.2833390424e-05 2.1411856624e+01 nan 0.0000000000e+00
-1.6765583375e-04 6.6618667010e-05 1.4248484110e+01 nan 0.0000000000e+00
2.1999891222e-04 1.8150076630e-04 2.7140046802e+00 nan 0.0000000000e+00
-1.4295083767e-04 1.6598296317e-04 5.4288673849e+00 nan 0.0000000000e+00
1.7670448059e-04 1.9203417342e-04 2.8095610511e+00 nan 0.0000000000e+00
-2.1460400415e-04 3.1961484042e-05 1.7238576595e+01 nan 0.0000000000e+00
-3.2221770510e-04 1.4790837506e-05 2.2593934572e+01 nan 0.0000000000e+00
3.5791208487e-04 4.9235749377e-05 6.3390769563e+00 nan 0.0000000000e+00
2.4345008371e-04 1.4621983124e-04 2.9246427455e+00 nan 0.0000000000e+00
-2.3949295870e-04 5.8107615005e-05 1.5115520929e+01 nan 0.0000000000e+00
1.2721527387e-04 1.0376287491e-04 3.0865942202e+00 nan 0.0000000000e+00
8.1156176057e-05 1.4870160239e-04 2.7086443857e+00 nan 0.0000000000e+00
1.0283492369e-04 1.0346951368e-04 2.9956026705e+00 nan 0.0000000000e+00
-2.0574225271e-04 5.8819526272e-05 1.5187344322e+01 nan 0.0000000000e+00
7.8419970132e-05 1.0303976526e-04 3.0453640864e+00 nan 0.0000000000e+00
-1.1862918518e-04 1.4736580650e-04 1.0178636757e+01 nan 0.0000000000e+00
-2.0867109456e-04 4.9806715771e-05 1.5871885645e+01 nan 0.0000000000e+00
3.7555765805e-05 1.0191179266e-04 3.8379639815e+00 nan 0.0000000000e+00
-2.6959220541e-05 6.8608610112e-05 5.8846966204e+00 nan 0.0000000000e+00
2.9316376783e-04 1.1387419784e-04 3.7027768323e+00 nan 0.0000000000e+00
3.5743796593e-04 1.4550176615e-05 9.1935880808e+00 nan 0.0000000000e+00
3.1778302327e-04 2.1837591113e-05 7.3190334901e+00 nan 0.0000000000e+00
-1.4255150759e-04 7.7353283205e-05 1.2967565464e+01 nan 0.0000000000e+00
1.9513324490e-04 1.8157825323e-04 2.6683070582e+00 nan 0.0000000000e+00
-1.7451702128e-04 3.0325238975e-05 1.4820610471e+01 nan 0.0000000000e+00
-1.8214738529e-04 5.0862912888e-05 1.5138163962e+01 nan 0.0000000000e+00
-3.3958333095e-04 2.1879635889e-05 1.8213142575e+01 nan 0.0000000000e+00
-3.5654236377e-04 4.8127493919e-05 9.3604978629e+00 nan 0.0000000000e+00
-3.3875886214e-04 3.1557200904e-05 1.4242839209e+01 nan 0.0000000000e+00
2.3512239548e-04 1.9883009840e-04 2.8652635025e+00 nan 0.0000000000e+00
3.4973060365e-04 1.2248473752e-04 2.8857532583e+00 nan 0.0000000000e+00
-1.0669145183e-04 2.1881693970e-04 7.6830929884e+00 1.9937618400e+01 1.0000000000e+00
2.4319790241e-04 1.9178985315e-04 2.7967210782e+00 nan 0.0000000000e+00
2.5151690691e-04 1.9167238340e-04 2.7880984401e+00 nan 0.0000000000e+00
3.3399616362e-04 1.3722326711e-04 2.8233753478e+00 nan 0.0000000000e+00
-2.9608833195e-04 1.2151065542e-04 4.0637204790e+00 nan 0.0000000000e+00
-3.3985702068e-04 8.3810005006e-05 5.9531049406e+00 5.8926641815e+00 1.0000000000e+00
-2.0735422296e-04 1.7456289351e-04 2.8500635939e+00 1.2679106277e+01 1.0000000000e+00
-3.5399518515e-04 6.7678037701e-05 7.1821693812e+00 4.1879784042e+00 1.0000000000e+00
-2.9001562584e-04 1.3067154899e-04 4.1359223629e+00 9.6127647587e+00 1.0000000000e+00
2.7647011240e-04 1.8433881743e-04 2.7218601230e+00 1.4376250211e+01 1.0000000000e+00
3.5952086647e-04 1.1175078482e-04 2.9367361061e+00 nan 0.0000000000e+00
3.8248020640e-04 3.4585326025e-06 7.9002386778e+00 nan 0.0000000000e+00
-3.4674827385e-04 4.9326440679e-05 9.6370841665e+00 nan 0.0000000000e+00
3.0215316940e-04 3.7104068236e-06 7.1053284189e+00 nan 0.0000000000e+00
2.7815449297e-04 3.7119780002e-06 6.7558561415e+00 nan 0.0000000000e+00
2.8623425259e-04 3.9197566203e-06 6.8601724805e+00 nan 0.0000000000e+00
-2.8019915281e-04 4.9499219822e-05 1.6008465619e+01 nan 0.0000000000e+00
-3.7032317705e-04 4.8415693108e-05 1.0420624666e+01 3.2343528798e+00 1.0000000000e+00
-2.4147018556e-04 8.5194784074e-05 1.0902072960e+01 nan 0.0000000000e+00
-2.2322110831e-04 8.5327927714e-05 1.1727057286e+01 nan 0.0000000000e+00
3.5835466380e-04 3.9063973673e-06 8.8886983469e+00 nan 0.0000000000e+00
-1.9948094099e-04 4.7164466447e-05 1.5858882569e+01 nan 0.0000000000e+00
-3.0567542345e-04 1.1342544164e-04 4.3181299832e+00 nan 0.0000000000e+00
-1.2433915896e-04 1.1259387483e-04 1.1280335469e+01 nan 0.0000000000e+00
-5.3513044822e-05 5.7594401602e-05 6.4520564709e+00 nan 0.0000000000e+00
3.9061104324e-04 2.6758407612e-06 1.7183831391e+01 nan 0.0000000000e+00
-3.5125268267e-05 6.8272924719e-05 6.2567289330e+00 nan 0.0000000000e+00
2.2584659242e-04 8.6252207358e-05 4.3008377715e+00 nan 0.0000000000e+00
1.8698480979e-04 1.2177361422e-04 3.0411945627e+00 nan 0.0000000000e+00
-8.4267273186e-05 1.8208137759e-04 8.0551739227e+00 nan 0.0000000000e+00
3.2626505139e-04 1.1305670871e-04 3.5179793816e+00 nan 0.0000000000e+00
-3.3244241036e-05 5.8344238184e-05 5.4590162893e+00 nan 0.0000000000e+00
-3.3821279054e-04 6.0611181012e-06 2.5589427749e+01 nan 0.0000000000e+00
-3.4609103766e-04 6.2169964198e-06 2.4673383164e+01 nan 0.0000000000e+00
1.1855407217e-04 2.1916284331e-04 3.9045629807e+00 nan 0.0000000000e+00
1.1435673814e-04 2.1907529449e-04 3.9473174416e+00 nan 0.0000000000e+00
1.0595854802e-04 2.1887927850e-04 4.0363191980e+00 nan 0.0000000000e+00
-3.5399062000e-04 6.4187057359e-06 2.3171251846e+01 nan 0.0000000000e+00
-1.3469309121e-04 8.4040134502e-05 1.2449087960e+01 nan 0.0000000000e+00
3.5031747702e-04 3.6168406410e-06 8.4388837609e+00 nan 0.0000000000e+00
-1.2713470511e-04 8.4621800434e-05 1.1947802125e+01 nan 0.0000000000e+00
2.8537564943e-04 1.2104169284e-04 3.5141853445e+00 nan 0.0000000000e+00
3.9058250264e-04 4.0161145630e-05 4.7415762472e+00 nan 0.0000000000e+00
8.7263122496e-05 2.0107392537e-04 3.5878762243e+00 nan 0.0000000000e+00
7.8913660537e-05 2.0081295776e-04 3.6756008615e+00 nan 0.0000000000e+00
2.5243870842e-04 1.2148844198e-04 3.4404318733e+00 nan 0.0000000000e+00
2.5283655110e-04 1.2853119353e-04 3.2780357659e+00 nan 0.0000000000e+00
-3.2390418715e-04 8.4103203368e-05 5.9290308948e+00 nan 0.0000000000e+00
-1.5866907293e-04 1.3085805211e-04 9.4716140673e+00 nan 0.0000000000e+00
-1.5134628289e-04 1.3759040836e-04 9.1390559572e+00 nan 0.0000000000e+00
-3.8120805176e-04 3.7354115489e-06 1.8200707687e+01 nan 0.0000000000e+00
-1.7301275013e-04 1.4813473965e-04 5.6756196497e+00 nan 0.0000000000e+00
1.4545214986e-04 1.8133669622e-04 2.6512630755e+00 nan 0.0000000000e+00
-1.6519382136e-04 1.0302351374e-04 1.2320487757e+01 nan 0.0000000000e+00
-1.5649091709e-04 9.4554580624e-05 1.3002320062e+01 nan 0.0000000000e+00
3.9114589993e-04 4.7254838107e-05 4.0205479456e+00 nan 0.0000000000e+00
1.9412228431e-04 2.1994209706e-04 3.3411547654e+00 1.8718453593e+01 1.0000000000e+00
1.5158551033e-04 1.0394784716e-04 3.2393572494e+00 nan 0.0000000000e+00
-1.2466698377e-04 1.9928315602e-04 2.3266314126e+00 nan 0.0000000000e+00
-1.1622659791e-04 2.0875648960e-04 3.4173468768e+00 nan 0.0000000000e+00
-3.2391569861e-04 3.0238640934e-05 1.7083792891e+01 nan 0.0000000000e+00
-2.4973779296e-04 4.0306906352e-05 1.7780350577e+01 nan 0.0000000000e+00
-3.1526164366e-04 5.7620241138e-05 1.1290146665e+01 nan 0.0000000000e+00
-1.1786675542e-04 1.9150662911e-04 9.3675564193e+00 nan 0.0000000000e+00
-2.5775698014e-04 1.1924545543e-04 4.4860118953e+00 nan 0.0000000000e+00
2.7785967459e-04 1.7377629331e-04 2.7371189304e+00 nan 0.0000000000e+00
3.7274453233e-04 9.3599023311e-05 3.0597407154e+00 nan 0.0000000000e+00
1.4378274477e-04 2.2647903664e-04 3.8991663808e+00 nan 0.0000000000e+00
1.8553227796e-04 2.1972803815e-04 3.3840302509e+00 nan 0.0000000000e+00
3.6860693858e-04 9.3810633645e-05 3.2122619722e+00 nan 0.0000000000e+00
-3.7860124205e-04 3.0868563479e-05 1.6501966648e+01 nan 0.0000000000e+00
-1.9869340019e-04 1.2240674399e-04 7.7683451811e+00 nan 0.0000000000e+00
3.1760282396e-04 3.9574069019e-05 6.7529062825e+00 nan 0.0000000000e+00
-1.9999551619e-04 1.7465063457e-04 2.3865292059e+00 nan 0.0000000000e+00
-3.7135641784e-04 2.9317016347e-05 1.3402700163e+01 nan 0.0000000000e+00
3.5036928955e-04 5.6444423215e-05 5.8993232101e+00 nan 0.0000000000e+00
2.1251987651e-04 2.0946063609e-04 3.0578520112e+00 nan 0.0000000000e+00
2.0926178358e-04 2.1719006694e-04 3.2092590447e+00 1.8032686385e+01 1.0000000000e+00
2.5134367850e-04 1.3910511941e-04 3.0644402508e+00 nan 0.0000000000e+00
-7.6712085529e-05 2.0796306940e-04 4.4308642084e+00 nan 0.0000000000e+00
-2.2255068642e-04 1.6503535741e-04 2.7762528918e+00 nan 0.0000000000e+00
2.6981482198e-04 1.0366558819e-04 3.9952934260e+00 nan 0.0000000000e+00
2.6161335323e-04 1.0375364109e-04 3.9648386904e+00 nan 0.0000000000e+00
2.6617389549e-04 1.1076141594e-04 3.7734628784e+00 nan 0.0000000000e+00
3.9912647797e-04 2.2277221050e-05 4.5105547715e+00 1.3524425101e-01 1.0000000000e+00
3.9038440764e-04 2.3124396096e-05 7.8396310564e+00 nan 0.0000000000e+00
-1.4126518888e-04 1.9078501209e-04 1.7053387010e+00 nan 0.0000000000e+00
-3.2063146717e-04 1.0292844545e-04 4.7979829419e+00 7.6473204019e+00 1.0000000000e+00
-3.0464958513e-04 9.4350499218e-05 5.5380256266e+00 nan 0.0000000000e+00
1.3520138667e-04 1.9167675664e-04 2.9124049775e+00 nan 0.0000000000e+00
1.7913882889e-04 2.0946169853e-04 3.1714411233e+00 nan 0.0000000000e+00
2.1872684501e-04 1.4640497410e-04 2.8045512904e+00 nan 0.0000000000e+00
-2.6597306936e-04 6.7253633678e-05 1.2988666615e+01 nan 0.0000000000e+00
-2.9851995896e-04 5.9400946813e-05 1.2720970440e+01 nan 0.0000000000e+00
2.1258851669e-04 1.0404316061e-04 3.6793851518e+00 nan 0.0000000000e+00
-3.2992180235e-04 4.9845807690e-05 1.1069602156e+01 nan 0.0000000000e+00
2.7712866870e-04 1.2117697471e-04 3.5100020461e+00 nan 0.0000000000e+00
-1.5023991258e-04 1.1023461419e-04 1.2024903119e+01 nan 0.0000000000e+00
-2.2435906226e-04 1.5576845858e-04 2.3394987483e+00 nan 0.0000000000e+00
3.0754267790e-04 8.5494630305e-05 4.6618918071e+00 nan 0.0000000000e+00
3.8167456307e-04 7.5609151058e-05 3.2993571545e+00 nan 0.0000000000e+00
3.7371649016e-04 5.8787254865e-05 4.7966773615e+00 nan 0.0000000000e+00
-3.1381405233e-04 3.2690398654e-05 1.7380237410e+01 nan 0.0000000000e+00
2.8342663218e-04 9.2915973412e-05 4.3806034352e+00 nan 0.0000000000e+00
3.4237232425e-04 3.5810973937e-06 8.1108474406e+00 nan 0.0000000000e+00
3.3414818595e-04 3.7967664822e-06 7.8416189827e+00 nan 0.0000000000e+00
3.4127038697e-04 1.4611819684e-05 8.2406694285e+00 nan 0.0000000000e+00
-2.7398966762e-04 8.5890148821e-05 8.9699447454e+00 nan 0.0000000000e+00
-1.0867052973e-04 2.1138264576e-04 1.4066551156e+00 nan 0.0000000000e+00
-3.6499446207e-04 3.3657127484e-06 2.0892797621e+01 nan 0.0000000000e+00
3.5119914719e-04 1.1213167252e-04 3.1272264127e+00 nan 0.0000000000e+00
3.4938393842e-04 6.6901910951e-05 5.1971359137e+00 nan 0.0000000000e+00
3.4107451485e-04 6.7184290222e-05 5.3283330389e+00 nan 0.0000000000e+00
3.4360673541e-04 9.4985344976e-05 3.8859237230e+00 nan 0.0000000000e+00
3.4187403085e-04 1.2994240726e-04 2.8569037291e+00 nan 0.0000000000e+00
3.2537764103e-04 1.3058534708e-04 3.0631142580e+00 nan 0.0000000000e+00
3.5842224040e-04 2.1525305349e-05 8.9415266577e+00 nan 0.0000000000e+00
2.5044260263e-04 1.6369605389e-04 2.7778459681e+00 nan 0.0000000000e+00
-2.6326722100e-04 8.5469835621e-05 9.6993683731e+00 nan 0.0000000000e+00
2.7610776012e-04 1.3876152037e-04 3.1197836745e+00 nan 0.0000000000e+00
2.7649521401e-04 1.4577343983e-04 3.0010652695e+00 nan 0.0000000000e+00
2.6822607004e-04 1.4590801245e-04 2.9942258469e+00 nan 0.0000000000e+00
2.8437518414e-04 1.3861455868e-04 3.1193666590e+00 nan 0.0000000000e+00
2.8477120603e-04 1.4562148726e-04 2.9977346229e+00 nan 0.0000000000e+00
2.9305364963e-04 1.4545123006e-04 2.9829548395e+00 nan 0.0000000000e+00
2.9265007025e-04 1.3844896028e-04 3.1072721992e+00 nan 0.0000000000e+00
1.7843768961e-04 1.7454905203e-04 2.5665855269e+00 nan 0.0000000000e+00
3.2435133497e-04 1.4810566507e-04 2.7471374820e+00 nan 0.0000000000e+00
3.1597932017e-04 1.5514490643e-04 2.7237739736e+00 nan 0.0000000000e+00
2.9416335510e-04 1.6644188212e-04 2.7332012482e+00 nan 0.0000000000e+00
2.9425670120e-04 1.7362966255e-04 2.6879356744e+00 1.3307171450e+01 1.0000000000e+00
2.8585962624e-04 1.6662210135e-04 2.7581449811e+00 nan 0.0000000000e+00
3.0306722016e-04 1.6648708069e-04 2.6919417570e+00 1.2635964745e+01 1.0000000000e+00
2.6836371883e-04 3.2655891936e-05 6.2298665323e+00 nan 0.0000000000e+00
2.6089349908e-04 3.9821874411e-05 5.9727374103e+00 nan 0.0000000000e+00
2.6896532590e-04 3.9805821457e-05 6.0609331502e+00 nan 0.0000000000e+00
2.5282839657e-04 3.9834335226e-05 5.8904410029e+00 nan 0.0000000000e+00
-2.2308246448e-04 4.0581132743e-05 1.6909465029e+01 nan 0.0000000000e+00
2.1145099994e-04 1.2174828055e-04 3.2091152457e+00 nan 0.0000000000e+00
-2.7966156905e-04 1.2981099149e-04 3.5926722813e+00 nan 0.0000000000e+00
-3.5491013514e-04 2.3349343044e-05 1.4791596580e+01 nan 0.0000000000e+00
2.5984077758e-04 1.9158503564e-04 2.7747889643e+00 nan 0.0000000000e+00
2.3616876745e-04 3.2679136823e-05 5.9026054296e+00 nan 0.0000000000e+00
2.2866428663e-04 3.9850818129e-05 5.6723431859e+00 nan 0.0000000000e+00
2.3671362794e-04 3.9848252258e-05 5.7408687994e+00 nan 0.0000000000e+00
2.2061905238e-04 3.9850966262e-05 5.6072013451e+00 nan 0.0000000000e+00
2.4476831245e-04 3.9842927272e-05 5.8133650727e+00 nan 0.0000000000e+00
2.4421072822e-04 3.2677604744e-05 5.9754143819e+00 nan 0.0000000000e+00
-1.8375059354e-04 1.4751691704e-04 4.9615184036e+00 nan 0.0000000000e+00
1.7720169204e-04 8.6261838306e-05 3.9416759810e+00 nan 0.0000000000e+00
1.8530112534e-04 8.6275837818e-05 4.0035715526e+00 nan 0.0000000000e+00
1.7059224611e-04 1.2174481782e-04 2.9288095112e+00 nan 0.0000000000e+00
1.7085308022e-04 1.2881057283e-04 2.7837626373e+00 nan 0.0000000000e+00
1.6267686105e-04 1.2878172295e-04 2.7333190286e+00 nan 0.0000000000e+00
1.5450211268e-04 1.2873310522e-04 2.6869484949e+00 nan 0.0000000000e+00
1.4632867269e-04 1.2867661552e-04 2.6458546454e+00 nan 0.0000000000e+00
1.3815584849e-04 1.2860830859e-04 2.6117816881e+00 nan 0.0000000000e+00
1.2998297035e-04 1.2852458651e-04 2.5867362495e+00 nan 0.0000000000e+00
1.2180949306e-04 1.2842700093e-04 2.5729628767e+00 nan 0.0000000000e+00
1.1363485451e-04 1.2831836761e-04 2.5730560051e+00 nan 0.0000000000e+00
1.0545809292e-04 1.2818381489e-04 2.5902262693e+00 nan 0.0000000000e+00
9.7278789685e-05 1.2803607607e-04 2.6276829292e+00 nan 0.0000000000e+00
8.9096119881e-05 1.2787148542e-04 2.6892325586e+00 nan 0.0000000000e+00
2.1311520298e-05 1.2199898757e-04 4.7444869452e+00 nan 0.0000000000e+00
1.3042904731e-05 1.2154967256e-04 5.2856064692e+00 nan 0.0000000000e+00
4.7532581716e-06 1.2105247776e-04 5.9260897986e+00 nan 0.0000000000e+00
-3.5611580982e-06 1.2050389528e-04 6.6882964996e+00 nan 0.0000000000e+00
-1.1892993894e-05 1.1990249491e-04 7.2033184764e+00 nan 0.0000000000e+00
-2.0180205476e-05 1.1926859959e-04 7.5031792629e+00 nan 0.0000000000e+00
-2.6347001532e-05 1.2213224256e-04 7.7636750838e+00 nan 0.0000000000e+00
-3.4542654425e-05 1.2143191614e-04 8.0604867866e+00 nan 0.0000000000e+00
-4.2681044794e-05 1.2069914441e-04 8.3610272108e+00 nan 0.0000000000e+00
1.3067564554e-05 1.2844008805e-04 5.2620787347e+00 nan 0.0000000000e+00
3.7833140941e-05 1.2972319594e-04 3.8947551645e+00 nan 0.0000000000e+00
6.2497771914e-05 1.3066236930e-04 3.0939596143e+00 nan 0.0000000000e+00
3.1596729539e-05 1.1903262919e-04 4.1842278899e+00 nan 0.0000000000e+00
5.6245473841e-05 1.1997793492e-04 3.2850684867e+00 nan 0.0000000000e+00
1.3795381855e-04 1.2154974273e-04 2.7403337339e+00 nan 0.0000000000e+00
8.0805913867e-05 1.2066232433e-04 2.8365572923e+00 nan 0.0000000000e+00
1.0531399073e-04 1.2114498171e-04 2.6844668517e+00 nan 0.0000000000e+00
1.4611229708e-04 1.2161620184e-04 2.7799082739e+00 nan 0.0000000000e+00
1.7875656172e-04 1.2176602360e-04 2.9841726071e+00 nan 0.0000000000e+00
-4.4759240849e-05 1.1059284499e-04 8.3567740345e+00 nan 0.0000000000e+00
1.6910518248e-04 8.6241077708e-05 3.8792132975e+00 nan 0.0000000000e+00
2.0453803137e-04 3.9843087554e-05 5.4848831495e+00 nan 0.0000000000e+00
1.9248667534e-04 3.9831297138e-05 5.3979686515e+00 nan 0.0000000000e+00
2.1257632682e-04 3.9848161165e-05 5.5448949685e+00 nan 0.0000000000e+00
2.2009632573e-04 3.2676720931e-05 5.7703389249e+00 nan 0.0000000000e+00
-2.4157403236e-04 1.5588349576e-04 3.0829250831e+00 nan 0.0000000000e+00
2.6722902227e-04 6.8303290699e-05 5.1635838918e+00 nan 0.0000000000e+00
2.7537054694e-04 6.8249186362e-05 5.2227306013e+00 nan 0.0000000000e+00
2.7593293549e-04 7.5332120894e-05 4.9755866609e+00 nan 0.0000000000e+00
2.5910030046e-04 6.8347673729e-05 5.1029393969e+00 nan 0.0000000000e+00
2.7653362044e-04 5.7591452295e-05 5.5999995038e+00 nan 0.0000000000e+00
1.6101107128e-04 8.6213794295e-05 3.8162851697e+00 nan 0.0000000000e+00
1.7642489894e-04 3.9806804718e-05 5.2849593968e+00 nan 0.0000000000e+00
1.6839716091e-04 3.9791560228e-05 5.2283619053e+00 nan 0.0000000000e+00
1.8445413458e-04 3.9820115942e-05 5.3412898652e+00 nan 0.0000000000e+00
1.8798546253e-04 3.2648746793e-05 5.5415522659e+00 nan 0.0000000000e+00
-2.2450522156e-04 5.8312410098e-05 1.5157401218e+01 nan 0.0000000000e+00
-1.5004869071e-04 4.9501081301e-05 1.3393308069e+01 nan 0.0000000000e+00
-1.4198880656e-04 5.6040650391e-05 1.2902835073e+01 nan 0.0000000000e+00
-1.3429811630e-04 5.6501835704e-05 1.2375006397e+01 nan 0.0000000000e+00
2.5020989839e-04 8.6148943058e-05 4.4625053782e+00 nan 0.0000000000e+00
-1.5902047849e-04 3.0944749173e-05 1.3177175341e+01 nan 0.0000000000e+00
-1.6678611895e-04 3.0637719708e-05 1.4015930292e+01 nan 0.0000000000e+00
-1.6751911579e-04 1.9168443380e-04 2.3194121544e+00 1.3403604217e+01 1.0000000000e+00
-1.4044043206e-04 1.3864532295e-04 9.8263135827e+00 nan 0.0000000000e+00
-1.3378523680e-04 1.6396728877e-04 7.4904681531e+00 nan 0.0000000000e+00
-1.4340621821e-04 3.1576900803e-05 1.1352735619e+01 nan 0.0000000000e+00
2.6777583100e-04 7.5396315427e-05 4.9253517544e+00 nan 0.0000000000e+00
-1.2658353431e-04 5.6963591725e-05 1.1819499623e+01 nan 0.0000000000e+00
-1.1884468086e-04 5.7430931786e-05 1.1274715569e+01 nan 0.0000000000e+00
1.5305077126e-04 1.4634803131e-04 2.4511685463e+00 nan 0.0000000000e+00
-1.2377460295e-04 3.2343955278e-05 9.1207385125e+00 nan 0.0000000000e+00
-1.3164286643e-04 3.2042351358e-05 9.9617141406e+00 nan 0.0000000000e+00
1.5189775360e-04 3.2581082859e-05 5.3007482946e+00 nan 0.0000000000e+00
1.4432308613e-04 3.9728145038e-05 5.0506620956e+00 nan 0.0000000000e+00
1.5234668196e-04 3.9751820121e-05 5.1119100823e+00 nan 0.0000000000e+00
1.6037186390e-04 3.9772771783e-05 5.1709177040e+00 nan 0.0000000000e+00
1.5991509927e-04 3.2599791624e-05 5.3555310578e+00 nan 0.0000000000e+00
1.7910011794e-04 1.2887645287e-04 2.8363993004e+00 nan 0.0000000000e+00
-1.0717811299e-04 5.8118080581e-05 1.0153803958e+01 nan 0.0000000000e+00
1.3586496637e-04 3.2537637023e-05 5.1841923979e+00 nan 0.0000000000e+00
1.2827568654e-04 3.9671953340e-05 4.9184278345e+00 nan 0.0000000000e+00
1.2025176569e-04 3.9638785326e-05 4.8458812479e+00 nan 0.0000000000e+00
1.3629953868e-04 3.9701558510e-05 4.9864271634e+00 nan 0.0000000000e+00
-1.0250537230e-04 1.6557832520e-04 9.8210694993e+00 nan 0.0000000000e+00
2.2664166577e-04 1.3931908746e-04 2.9492353315e+00 nan 0.0000000000e+00
2.2696216550e-04 1.4635594056e-04 2.8484782130e+00 nan 0.0000000000e+00
2.3520515811e-04 1.4629472956e-04 2.8888469882e+00 nan 0.0000000000e+00
2.3486946624e-04 1.3926076488e-04 2.9925006016e+00 nan 0.0000000000e+00
-1.0797404703e-04 3.2916816442e-05 7.6258884109e+00 nan 0.0000000000e+00
-1.0779852332e-04 3.9261691521e-05 8.4374933422e+00 nan 0.0000000000e+00
-1.1588478538e-04 3.2635564799e-05 8.3463261051e+00 nan 0.0000000000e+00
-9.1485331092e-05 5.8993821074e-05 8.9978946652e+00 nan 0.0000000000e+00
-9.9352267169e-05 5.8560154593e-05 9.5500113325e+00 nan 0.0000000000e+00
2.2657387447e-04 1.9194160284e-04 2.8032963926e+00 nan 0.0000000000e+00
-9.1956532085e-05 3.9877310483e-05 7.1712141905e+00 nan 0.0000000000e+00
-9.9890017843e-05 3.9576210204e-05 7.7869496768e+00 nan 0.0000000000e+00
1.1222575564e-04 3.9602223902e-05 4.7679489856e+00 nan 0.0000000000e+00
1.0419741558e-04 3.9560754468e-05 4.6838719341e+00 nan 0.0000000000e+00
1.1199351359e-04 1.4586683747e-04 2.4342047797e+00 nan 0.0000000000e+00
1.0378069050e-04 1.4571829693e-04 2.4759426103e+00 nan 0.0000000000e+00
-9.4224415108e-05 1.4750322177e-04 1.0017593321e+01 nan 0.0000000000e+00
-2.7281529205e-04 4.9326387097e-05 1.6268049850e+01 nan 0.0000000000e+00
-7.6004124085e-05 4.0432501549e-05 6.1332702772e+00 nan 0.0000000000e+00
-8.3995423322e-05 4.0162832010e-05 6.6373216019e+00 nan 0.0000000000e+00
-8.5188089501e-05 1.6515142934e-04 9.1599822431e+00 nan 0.0000000000e+00
-1.5122311540e-04 3.1259987645e-05 1.2289743172e+01 nan 0.0000000000e+00
9.6167160205e-05 3.9516242359e-05 4.5928474425e+00 nan 0.0000000000e+00
8.8133918685e-05 3.9466717237e-05 4.4942811298e+00 nan 0.0000000000e+00
-6.1667962465e-05 5.7247078995e-05 6.8931513484e+00 nan 0.0000000000e+00
-6.9694384456e-05 5.6889721885e-05 7.3528206745e+00 nan 0.0000000000e+00
-7.5626126395e-05 5.9827471891e-05 7.9679573254e+00 nan 0.0000000000e+00
4.7502417522e-05 8.4769239091e-05 3.4836285664e+00 nan 0.0000000000e+00
5.5655803782e-05 8.4965782394e-05 3.3818080549e+00 nan 0.0000000000e+00
-6.6106565022e-05 3.0834737250e-05 4.2526917952e+00 nan 0.0000000000e+00
-5.9928061902e-05 4.0916075405e-05 5.2047048542e+00 nan 0.0000000000e+00
-5.1856441074e-05 4.1130720508e-05 4.7856821660e+00 nan 0.0000000000e+00
-6.7981851953e-05 4.0683835378e-05 5.6547369096e+00 nan 0.0000000000e+00
8.0096217277e-05 3.9413197474e-05 4.3876685684e+00 nan 0.0000000000e+00
7.2053236598e-05 3.9353732153e-05 4.2729076066e+00 nan 0.0000000000e+00
3.9333337146e-05 8.4552512358e-05 3.6367536806e+00 nan 0.0000000000e+00
-4.1394165688e-05 5.8069067658e-05 5.8398409205e+00 nan 0.0000000000e+00
6.4003571142e-05 3.9289642744e-05 4.1502509642e+00 nan 0.0000000000e+00
5.5946146332e-05 3.9218903129e-05 4.0207268630e+00 nan 0.0000000000e+00
-2.2242561135e-04 7.6287307002e-05 1.2997376472e+01 nan 0.0000000000e+00
-2.7387839872e-05 4.1631760609e-05 3.7159350944e+00 nan 0.0000000000e+00
-1.5008293483e-04 7.6818746055e-05 1.3353284379e+01 nan 0.0000000000e+00
1.1222580149e-04 2.3614631142e-04 4.6382653451e+00 nan 0.0000000000e+00
1.0377851111e-04 2.3599744967e-04 4.7581055776e+00 nan 0.0000000000e+00
4.7879307396e-05 3.9142980096e-05 3.8861637226e+00 nan 0.0000000000e+00
3.9801994924e-05 3.9060008412e-05 3.7495921141e+00 nan 0.0000000000e+00
-2.5494072326e-05 3.1387613083e-05 2.6681087977e+00 nan 0.0000000000e+00
-1.9167375353e-05 4.1749887768e-05 3.4341525702e+00 nan 0.0000000000e+00
-1.0959121616e-05 4.1870858313e-05 3.3523835820e+00 nan 0.0000000000e+00
3.1711806753e-05 3.8973488087e-05 3.6150167926e+00 nan 0.0000000000e+00
2.3607745281e-05 3.8875818536e-05 3.4875863094e+00 nan 0.0000000000e+00
3.0878811185e-04 1.3106118921e-04 3.1917432845e+00 nan 0.0000000000e+00
7.1198797413e-06 3.1711569484e-05 3.2389586149e+00 nan 0.0000000000e+00
5.4256709948e-06 4.2114510247e-05 3.3249979544e+00 nan 0.0000000000e+00
1.5486977105e-05 3.8774401998e-05 3.3729658241e+00 nan 0.0000000000e+00
1.5233401297e-05 3.1793944073e-05 3.4076510868e+00 nan 0.0000000000e+00
6.4382109672e-06 8.3462735305e-05 4.9608044287e+00 nan 0.0000000000e+00
1.4702444227e-05 8.3770970766e-05 4.5013172128e+00 nan 0.0000000000e+00
-2.0494481622e-05 8.5647711820e-05 6.5223956029e+00 nan 0.0000000000e+00
-2.3314688185e-04 2.2926495107e-05 1.9108726380e+01 nan 0.0000000000e+00
2.2510457874e-04 2.0936514474e-04 3.0186978800e+00 1.7130059447e+01 1.0000000000e+00
-2.8717961177e-05 8.5209004105e-05 6.8789217874e+00 nan 0.0000000000e+00
-6.1229682177e-05 7.6747319213e-05 8.1699932125e+00 nan 0.0000000000e+00
-2.8798340519e-05 1.7306338714e-04 6.5730730017e+00 nan 0.0000000000e+00
-2.0534767608e-05 1.7394900429e-04 5.9778092452e+00 nan 0.0000000000e+00
-3.6894917248e-05 8.4745892979e-05 7.2528635011e+00 nan 0.0000000000e+00
2.2818632594e-04 1.2873538948e-04 3.1564064536e+00 nan 0.0000000000e+00
-1.2258391276e-05 1.7475657365e-04 5.4842430178e+00 nan 0.0000000000e+00
7.1990668437e-05 2.3841027166e-04 5.4050796289e+00 nan 0.0000000000e+00
6.3557113025e-05 2.3807838548e-04 5.5467228943e+00 nan 0.0000000000e+00
5.5718674994e-05 2.3856656800e-04 5.7248594534e+00 nan 0.0000000000e+00
-4.5023480115e-05 8.4262578407e-05 7.6437656663e+00 nan 0.0000000000e+00
2.3772261158e-05 2.1886679353e-04 5.1895900630e+00 nan 0.0000000000e+00
3.2216571427e-05 2.1937818302e-04 5.0940159875e+00 nan 0.0000000000e+00
4.7077308907e-05 2.1674467003e-04 4.7454315693e+00 nan 0.0000000000e+00
5.5502786800e-05 2.1714465529e-04 4.6415121455e+00 nan 0.0000000000e+00
6.3924429448e-05 2.1750919788e-04 4.5363886533e+00 nan 0.0000000000e+00
7.2342889591e-05 2.1783993369e-04 4.4314625886e+00 nan 0.0000000000e+00
8.0758409278e-05 2.1814121981e-04 4.3280501957e+00 nan 0.0000000000e+00
8.9168120390e-05 2.1841230996e-04 4.2271038609e+00 nan 0.0000000000e+00
4.0657944545e-05 2.1984789280e-04 4.9919201213e+00 nan 0.0000000000e+00
-5.8760785508e-05 1.3894869916e-04 8.8942185597e+00 nan 0.0000000000e+00
-9.9688138291e-05 1.3085260427e-04 1.0417623283e+01 nan 0.0000000000e+00
3.8001854721e-05 2.3678775456e-04 5.9808848633e+00 nan 0.0000000000e+00
4.6326028739e-05 2.3718178337e-04 5.8353840433e+00 nan 0.0000000000e+00
-1.7317669555e-04 1.2979749272e-04 8.5204654218e+00 nan 0.0000000000e+00
-1.5475408462e-06 2.1704870443e-04 5.4082060381e+00 nan 0.0000000000e+00
2.0969794464e-05 2.3576768095e-04 6.2701436139e+00 nan 0.0000000000e+00
5.8859771476e-06 2.3809877962e-04 6.7740729011e+00 nan 0.0000000000e+00
-2.6870659896e-06 2.3742708214e-04 6.9269561105e+00 nan 0.0000000000e+00
-1.1211778206e-05 2.3668975099e-04 7.0748562177e+00 nan 0.0000000000e+00
1.2447707029e-05 2.3517967069e-04 6.4100196602e+00 nan 0.0000000000e+00
2.2075703629e-04 2.0908297814e-04 3.0274308600e+00 nan 0.0000000000e+00
4.5440034482e-05 1.9944143621e-04 4.0670491224e+00 nan 0.0000000000e+00
-1.9764671157e-05 2.3588600607e-04 7.2190829258e+00 nan 0.0000000000e+00
-3.5464849308e-05 2.3758224984e-04 7.8839407670e+00 2.1929583446e+01 1.0000000000e+00
-3.7044698019e-05 2.1017203198e-04 5.1789582911e+00 nan 0.0000000000e+00
-4.1219582138e-05 2.0968015424e-04 5.1371414681e+00 nan 0.0000000000e+00
-6.8511200085e-05 2.0934962454e-04 4.6579450974e+00 nan 0.0000000000e+00
5.3806989807e-05 1.9983515720e-04 3.9645412314e+00 nan 0.0000000000e+00
6.2187203316e-05 2.0019449675e-04 3.8645341263e+00 nan 0.0000000000e+00
-3.6313126776e-05 2.2738734050e-04 6.6741438325e+00 nan 0.0000000000e+00
-4.4019006818e-05 2.3633168637e-04 8.0434323130e+00 2.1774808552e+01 1.0000000000e+00
-1.7517839735e-04 6.6188841773e-05 1.4505445381e+01 nan 0.0000000000e+00
-6.0024004233e-05 2.2782264517e-04 7.2718469170e+00 nan 0.0000000000e+00
-6.8521183562e-05 2.2653325833e-04 7.3093538645e+00 nan 0.0000000000e+00
-9.1189807472e-05 2.1918216529e-04 5.8770590783e+00 nan 0.0000000000e+00
-5.8795062979e-05 1.1917679143e-04 8.9897037362e+00 nan 0.0000000000e+00
1.6946312757e-04 1.4643897732e-04 2.5237732082e+00 nan 0.0000000000e+00
-1.7300006846e-04 4.8301127891e-05 1.4768244652e+01 nan 0.0000000000e+00
-1.3315448632e-04 1.3942454044e-04 1.0174129558e+01 nan 0.0000000000e+00
2.5220372548e-04 5.7693946171e-05 5.3852426318e+00 nan 0.0000000000e+00
3.1145874465e-05 8.4314668005e-05 3.8507176764e+00 nan 0.0000000000e+00
7.1925094561e-05 8.5302375509e-05 3.2962556400e+00 nan 0.0000000000e+00
8.0044780435e-05 8.5446030201e-05 3.2965048281e+00 nan 0.0000000000e+00
9.6262455082e-05 8.5688370261e-05 3.3510716370e+00 nan 0.0000000000e+00
1.0436309912e-04 8.5790195393e-05 3.3959860779e+00 nan 0.0000000000e+00
1.2055385057e-04 8.5958332516e-05 3.5050711809e+00 nan 0.0000000000e+00
1.2864588011e-04 8.6027399805e-05 3.5650975712e+00 nan 0.0000000000e+00
9.5635942690e-05 2.0131164358e-04 3.5053012002e+00 nan 0.0000000000e+00
-1.0181465585e-04 1.4646527498e-04 1.0224457910e+01 nan 0.0000000000e+00
-3.3036992497e-04 5.9401705590e-06 2.6068830102e+01 nan 0.0000000000e+00
-1.0725983564e-04 1.2996881267e-04 1.0597419793e+01 nan 0.0000000000e+00
2.1180704731e-04 5.7751737162e-05 5.0593989211e+00 nan 0.0000000000e+00
1.2695779608e-04 2.1932215549e-04 3.8227446100e+00 nan 0.0000000000e+00
1.6244055204e-04 2.0936673368e-04 3.2460060969e+00 nan 0.0000000000e+00
-1.4906367849e-04 9.5122614189e-05 1.2830317505e+01 nan 0.0000000000e+00
-1.3506204915e-04 1.8221504011e-04 3.9296269965e+00 nan 0.0000000000e+00
1.3663064010e-04 1.4620483955e-04 2.4083415144e+00 nan 0.0000000000e+00
-8.4380298678e-05 1.1981892721e-04 1.0001405823e+01 nan 0.0000000000e+00
-2.3917709463e-04 5.6667881431e-06 2.2026297628e+01 nan 0.0000000000e+00
-2.3123993674e-04 5.6794204569e-06 2.1099409920e+01 nan 0.0000000000e+00
2.4224620142e-04 3.6316381992e-06 6.4028466625e+00 nan 0.0000000000e+00
1.6897361962e-04 2.2676581952e-04 3.6819640004e+00 1.9676503216e+01 1.0000000000e+00
9.5564031667e-05 1.4554991579e-04 2.5384844999e+00 nan 0.0000000000e+00
1.7151638154e-04 5.7705586851e-05 4.7528488289e+00 nan 0.0000000000e+00
-7.6600122318e-05 1.2063249258e-04 9.6944776280e+00 nan 0.0000000000e+00
-7.6397553616e-05 1.8349281743e-04 7.7960797393e+00 nan 0.0000000000e+00
2.3419594073e-04 3.6255488123e-06 6.3428001964e+00 nan 0.0000000000e+00
-8.3576631905e-05 5.9413698376e-05 8.4673043668e+00 nan 0.0000000000e+00
6.4731145021e-05 1.4819382041e-04 3.0065300278e+00 nan 0.0000000000e+00
7.2957317320e-05 1.4846204721e-04 2.8420400830e+00 nan 0.0000000000e+00
4.8232167785e-05 1.4756268885e-04 3.4440619887e+00 nan 0.0000000000e+00
3.9994776457e-05 1.4719460197e-04 3.7255139621e+00 nan 0.0000000000e+00
2.3462671352e-05 1.4633085009e-04 4.4473127228e+00 nan 0.0000000000e+00
1.5205066928e-05 1.4583005882e-04 4.9019733678e+00 nan 0.0000000000e+00
-2.0035197108e-05 1.3962548473e-04 7.6637079704e+00 nan 0.0000000000e+00
-2.8299426209e-05 1.3883844936e-04 7.8954747334e+00 nan 0.0000000000e+00
-4.4641084046e-05 1.3717637889e-04 8.4205353664e+00 nan 0.0000000000e+00
-5.0743474947e-05 1.3985714668e-04 8.6040024336e+00 nan 0.0000000000e+00
-6.1092572167e-05 1.5532103664e-04 8.6634881485e+00 nan 0.0000000000e+00
1.4346271746e-04 1.0389692995e-04 3.1845629994e+00 nan 0.0000000000e+00
-4.4948209380e-05 1.5737393533e-04 8.1659617286e+00 nan 0.0000000000e+00
1.1921328527e-04 5.7486272374e-05 4.3059545947e+00 nan 0.0000000000e+00
-5.9016331564e-05 9.3104661082e-05 8.6810713379e+00 nan 0.0000000000e+00
-2.4007700505e-04 1.1881545722e-04 5.5417677229e+00 nan 0.0000000000e+00
1.1909177860e-04 1.0367809516e-04 3.0465540835e+00 nan 0.0000000000e+00
9.5058790399e-05 5.7305405935e-05 4.0565531707e+00 nan 0.0000000000e+00
7.0864036335e-05 5.7056722652e-05 3.7891973049e+00 nan 0.0000000000e+00
-1.0094603513e-06 3.1627057627e-05 3.0778857112e+00 nan 0.0000000000e+00
9.4703154950e-05 1.0334286350e-04 2.9910672566e+00 nan 0.0000000000e+00
-2.6394111274e-05 1.5609482120e-04 7.7040436597e+00 nan 0.0000000000e+00
-1.8614722764e-06 8.3130487588e-05 5.5213418142e+00 nan 0.0000000000e+00
-9.2913944623e-05 7.4690718399e-05 9.9823661623e+00 nan 0.0000000000e+00
3.0336591577e-05 5.6446711682e-05 3.5185926229e+00 nan 0.0000000000e+00
-2.0752796040e-04 5.8692074636e-06 1.6910666688e+01 nan 0.0000000000e+00
-1.9912417345e-04 1.1846582796e-05 1.6218923967e+01 nan 0.0000000000e+00
-2.1543843459e-04 5.7878577680e-06 1.8661406728e+01 nan 0.0000000000e+00
-2.2332787921e-04 5.7128953092e-06 2.0003390221e+01 nan 0.0000000000e+00
-6.9223120431e-05 7.6252214314e-05 8.6142938224e+00 nan 0.0000000000e+00
-8.5065871305e-05 7.5220991911e-05 9.5321465233e+00 nan 0.0000000000e+00
7.0270139783e-05 1.0285960097e-04 3.1151798961e+00 nan 0.0000000000e+00
4.7807022369e-06 1.2791816183e-04 5.8897096214e+00 nan 0.0000000000e+00
-1.1711606666e-04 1.0089855686e-04 1.1226737612e+01 nan 0.0000000000e+00
-1.8109795242e-05 1.5694766639e-04 6.8802461762e+00 nan 0.0000000000e+00
2.9341765041e-05 1.0160753431e-04 4.1686666783e+00 nan 0.0000000000e+00
2.9591493649e-05 1.2933839628e-04 4.2761381994e+00 nan 0.0000000000e+00
-2.0237175074e-05 1.1252403379e-04 7.3903853657e+00 nan 0.0000000000e+00
2.9466424557e-05 1.6399444599e-04 3.9921190998e+00 nan 0.0000000000e+00
3.7748868064e-05 1.6443961774e-04 3.7229382127e+00 nan 0.0000000000e+00
5.4306591740e-05 1.6520527502e-04 3.2917070634e+00 nan 0.0000000000e+00
6.2581704890e-05 1.6553263145e-04 3.1203597129e+00 nan 0.0000000000e+00
5.4311963536e-05 1.3038296890e-04 3.3096902866e+00 nan 0.0000000000e+00
7.8930197308e-05 1.3113823715e-04 2.7839278121e+00 nan 0.0000000000e+00
6.8905337982e-06 2.1770526492e-04 5.3500029535e+00 nan 0.0000000000e+00
2.9217382731e-04 5.0394023622e-05 6.0008248478e+00 nan 0.0000000000e+00
-2.6500742451e-04 4.0317076492e-05 1.8054992861e+01 nan 0.0000000000e+00
1.8733479320e-04 2.0252056201e-04 2.9944887741e+00 nan 0.0000000000e+00
-1.9167355514e-04 6.0204657560e-06 1.3404815238e+01 nan 0.0000000000e+00
-1.9137059800e-04 1.1982075743e-05 1.4850455306e+01 nan 0.0000000000e+00
1.8624206119e-04 3.6188784510e-06 6.0818387042e+00 nan 0.0000000000e+00
1.7820743336e-04 3.6113259133e-06 6.0501868933e+00 nan 0.0000000000e+00
-2.5550007702e-04 7.6163597955e-05 1.1788969561e+01 nan 0.0000000000e+00
-5.1506130648e-05 2.2891997410e-04 7.2066704884e+00 nan 0.0000000000e+00
-2.8073987803e-04 1.0174685425e-04 5.7539038069e+00 nan 0.0000000000e+00
-2.6355828445e-05 2.0790016195e-04 5.1037990960e+00 nan 0.0000000000e+00
1.3023764676e-04 3.6063791281e-06 5.8901086671e+00 nan 0.0000000000e+00
1.2223732877e-04 3.6038213036e-06 5.8622853864e+00 nan 0.0000000000e+00
1.1426615637e-04 3.5833788005e-06 5.8324143010e+00 nan 0.0000000000e+00
3.1026526262e-04 3.6072380877e-06 7.2539831350e+00 nan 0.0000000000e+00
-1.5719991502e-04 1.9244806823e-04 2.9200859477e+00 nan 0.0000000000e+00
2.2564389271e-04 1.6392629854e-04 2.7013953198e+00 nan 0.0000000000e+00
3.4215953338e-04 3.9259846603e-05 7.1813420075e+00 nan 0.0000000000e+00
-2.7350037466e-04 2.8243978091e-06 2.4522247201e+01 nan 0.0000000000e+00
-2.6551655400e-04 2.8231849950e-06 2.4158434833e+01 nan 0.0000000000e+00
2.6628080032e-04 3.6379761382e-06 6.6211910569e+00 nan 0.0000000000e+00
-1.0189869271e-04 1.0226211217e-04 1.0667427440e+01 nan 0.0000000000e+00
2.5027939142e-04 3.7163402051e-06 6.4682024904e+00 nan 0.0000000000e+00
2.2624170004e-04 3.6491513950e-06 6.2886369468e+00 nan 0.0000000000e+00
3.3366994353e-04 1.3030155875e-04 2.9695247037e+00 nan 0.0000000000e+00
1.9424505363e-04 3.6849876293e-06 6.1153027611e+00 nan 0.0000000000e+00
-2.7812129116e-05 2.2830027763e-04 6.6259413890e+00 nan 0.0000000000e+00
1.7022937979e-04 3.6345052537e-06 6.0206186945e+00 nan 0.0000000000e+00
1.3823770968e-04 3.6508190726e-06 5.9154137724e+00 nan 0.0000000000e+00
-2.5772498705e-04 1.4724420682e-04 3.3412460554e+00 nan 0.0000000000e+00
-1.6797948867e-04 1.2102009836e-04 1.0106081423e+01 nan 0.0000000000e+00
-1.7849433150e-05 3.4958764242e-06 3.0437080422e+00 nan 0.0000000000e+00
3.0134416610e-04 1.4525973846e-04 2.9554488709e+00 nan 0.0000000000e+00
2.7522488101e-04 9.3015885735e-05 4.3558064482e+00 nan 0.0000000000e+00
2.6206748829e-04 1.1080783952e-04 3.7592290773e+00 nan 0.0000000000e+00
-4.4806552531e-05 2.2639438938e-04 6.6957036443e+00 nan 0.0000000000e+00
-8.3799250032e-05 1.7539468048e-04 8.5366100934e+00 nan 0.0000000000e+00
3.4895025980e-04 8.4316518816e-05 4.2370074700e+00 nan 0.0000000000e+00
-1.9960377274e-04 5.9451124096e-06 1.5138350832e+01 nan 0.0000000000e+00
2.7642594298e-04 3.2642443381e-05 6.3298574372e+00 nan 0.0000000000e+00
-1.5760285247e-04 7.6305182772e-05 1.3675307679e+01 nan 0.0000000000e+00
3.2756170097e-04 1.0251773493e-04 3.8543381184e+00 nan 0.0000000000e+00
-1.0102332850e-04 1.9227654625e-04 7.5464108372e+00 nan 0.0000000000e+00
-2.8750469217e-04 2.2952971962e-05 2.1569990155e+01 nan 0.0000000000e+00
7.2028591960e-06 2.1086879718e-04 4.9935202216e+00 nan 0.0000000000e+00
-1.8402872633e-04 1.2915943051e-04 7.8070728910e+00 nan 0.0000000000e+00
3.6666404711e-04 2.1353625717e-05 9.3776065598e+00 nan 0.0000000000e+00
-6.7775809373e-05 2.0248334582e-04 5.1310961347e+00 nan 0.0000000000e+00
2.8410363648e-04 7.5255490559e-05 5.0210892818e+00 nan 0.0000000000e+00
2.3526677101e-04 7.5555430494e-05 4.7003020850e+00 nan 0.0000000000e+00
-1.2530331181e-04 1.7439994085e-04 8.2691331944e+00 nan 0.0000000000e+00
3.3345986290e-04 7.4385756421e-05 5.0195183446e+00 nan 0.0000000000e+00
-1.7317165001e-05 3.1461263603e-05 2.7930861943e+00 nan 0.0000000000e+00
-5.8041076312e-05 3.0987963009e-05 3.8335793167e+00 nan 0.0000000000e+00
-7.4145960336e-05 3.0661083233e-05 4.7129747596e+00 nan 0.0000000000e+00
-2.8141535407e-04 1.1115864923e-04 4.4649198914e+00 nan 0.0000000000e+00
1.2784887466e-04 3.2512326220e-05 5.1207567549e+00 nan 0.0000000000e+00
1.4388133008e-04 3.2560429090e-05 5.2439051439e+00 nan 0.0000000000e+00
1.3706779581e-04 1.7425538799e-04 2.5488961402e+00 nan 0.0000000000e+00
-1.4234613622e-04 4.9928899233e-05 1.2861081706e+01 nan 0.0000000000e+00
2.2813088802e-04 3.2678825621e-05 5.8344735869e+00 nan 0.0000000000e+00
-5.0986169190e-05 9.3692518054e-05 8.2974149140e+00 nan 0.0000000000e+00
2.6030773505e-04 3.2665875836e-05 6.1381672022e+00 nan 0.0000000000e+00
-1.0920962347e-04 1.3917478037e-04 1.0457094384e+01 nan 0.0000000000e+00
2.3488677040e-04 1.9187286682e-04 2.8014243932e+00 nan 0.0000000000e+00
1.7180399686e-04 1.5698794122e-04 2.4783318611e+00 nan 0.0000000000e+00
2.1963583145e-04 1.2171835537e-04 3.2623779842e+00 nan 0.0000000000e+00
2.1847363677e-04 1.9897468393e-04 2.8872944345e+00 nan 0.0000000000e+00
2.8352469619e-04 6.8183887988e-05 5.2792432413e+00 nan 0.0000000000e+00
-3.6195436686e-04 3.8639397040e-05 1.1335851044e+01 nan 0.0000000000e+00
-1.9101574784e-04 1.6565293730e-04 2.0453880869e+00 nan 0.0000000000e+00
-1.8201935575e-04 1.5681809031e-04 3.6359015180e+00 nan 0.0000000000e+00
-3.3674650766e-05 3.1318876397e-05 2.8087918422e+00 nan 0.0000000000e+00
2.3332369067e-05 3.1873084846e-05 3.5789892676e+00 nan 0.0000000000e+00
-1.6652634199e-04 1.7318543724e-04 2.3414250456e+00 nan 0.0000000000e+00
2.6107180827e-04 1.2843583370e-04 3.3067546593e+00 nan 0.0000000000e+00
-1.1677052978e-04 1.1333825449e-04 1.1072919264e+01 nan 0.0000000000e+00
2.9492524230e-05 2.3629787264e-04 6.1261666584e+00 nan 0.0000000000e+00
-2.9893649191e-04 3.2049506244e-05 1.8902724581e+01 nan 0.0000000000e+00
1.5361643603e-04 1.7442041918e-04 2.5350425048e+00 nan 0.0000000000e+00
3.1751829472e-04 1.3782551947e-04 2.9861903083e+00 nan 0.0000000000e+00
3.1693329164e-04 7.4779107791e-05 5.1039815335e+00 nan 0.0000000000e+00
3.0922232092e-04 1.3805558161e-04 3.0421860483e+00 nan 0.0000000000e+00
2.0182429230e-04 1.9903309632e-04 2.9063417798e+00 nan 0.0000000000e+00
-1.0917382349e-04 1.2034908863e-04 1.0781545010e+01 nan 0.0000000000e+00
1.9332608746e-04 1.9206184200e-04 2.8017389135e+00 nan 0.0000000000e+00
2.6669189145e-04 1.5645665390e-04 2.8600317987e+00 nan 0.0000000000e+00
2.7497302598e-04 1.5632093993e-04 2.8637807321e+00 nan 0.0000000000e+00
2.1020260134e-04 1.3939905684e-04 2.8529656052e+00 nan 0.0000000000e+00
-1.4234281695e-04 1.4764253912e-04 8.5877733233e+00 nan 0.0000000000e+00
2.0885982215e-04 1.5699456614e-04 2.6571488088e+00 nan 0.0000000000e+00
-1.6646618539e-04 5.7657956973e-05 1.4335681786e+01 nan 0.0000000000e+00
8.7393269066e-05 1.6632672452e-04 2.7456286746e+00 nan 0.0000000000e+00
-1.0179853218e-04 1.8203295946e-04 8.9664861153e+00 nan 0.0000000000e+00
-1.6801026837e-04 3.9559715485e-05 1.4611145424e+01 nan 0.0000000000e+00
-1.6649897447e-04 1.1201923352e-04 1.1308099347e+01 nan 0.0000000000e+00
-2.3340269181e-04 1.1262492700e-04 6.9361413501e+00 nan 0.0000000000e+00
-1.9119527531e-04 7.4347933291e-05 1.4134913106e+01 nan 0.0000000000e+00
-2.6557804050e-04 5.8205033901e-05 1.4721337640e+01 nan 0.0000000000e+00
-4.3215006700e-05 6.7910503794e-05 6.6468312324e+00 nan 0.0000000000e+00
2.6652964801e-04 8.6032023454e-05 4.5560625102e+00 nan 0.0000000000e+00
1.6243050365e-04 1.2171295071e-04 2.8755545449e+00 nan 0.0000000000e+00
3.3293637880e-04 9.1865239593e-05 4.1998720947e+00 nan 0.0000000000e+00
-2.1543198072e-04 1.1278897295e-04 8.0894633803e+00 nan 0.0000000000e+00
3.3233928262e-04 8.4896242118e-05 4.5157667115e+00 nan 0.0000000000e+00
-2.2529870304e-04 6.7242323247e-05 1.4085360067e+01 nan 0.0000000000e+00
3.0189320608e-04 1.2071359482e-04 3.4838017065e+00 nan 0.0000000000e+00
-2.9902727409e-04 2.3135543750e-05 2.1180341391e+01 nan 0.0000000000e+00
-2.4032830067e-04 1.4665634061e-04 2.6599598775e+00 nan 0.0000000000e+00
-2.1383854269e-04 1.5581252054e-04 2.2612993661e+00 nan 0.0000000000e+00
7.2825647075e-05 1.8327802998e-04 3.2360980119e+00 nan 0.0000000000e+00
-1.9971348676e-04 1.0412917539e-04 1.0348081986e+01 nan 0.0000000000e+00
-1.2585578980e-04 1.2789063487e-04 1.0887186797e+01 nan 0.0000000000e+00
2.7704495934e-04 3.9784864238e-05 6.1557799888e+00 nan 0.0000000000e+00
3.0272974045e-04 1.0315064227e-04 4.0163190390e+00 nan 0.0000000000e+00
-1.8361631990e-04 1.2123845221e-05 1.3516415317e+01 nan 0.0000000000e+00
1.2057561029e-04 1.8099950588e-04 2.7349373156e+00 nan 0.0000000000e+00
-2.1412506491e-04 6.7501606662e-05 1.4266684843e+01 nan 0.0000000000e+00
3.0971423506e-04 2.1856729587e-05 7.1248396241e+00 nan 0.0000000000e+00
3.6498686648e-04 7.6620195111e-05 4.1082538585e+00 nan 0.0000000000e+00
1.4565991581e-04 2.0225778607e-04 3.1407413804e+00 nan 0.0000000000e+00
3.4208148570e-04 2.1715702478e-05 8.1309230238e+00 nan 0.0000000000e+00
3.4288199174e-04 1.1247506619e-04 3.2866555085e+00 nan 0.0000000000e+00
-1.7569551380e-04 3.9209467179e-05 1.5079317072e+01 nan 0.0000000000e+00
-2.2485852677e-04 1.3721850995e-04 3.7912462693e+00 nan 0.0000000000e+00
-3.4616116672e-04 3.2491089390e-05 1.3448874937e+01 nan 0.0000000000e+00
7.0854743567e-05 1.6582682471e-04 2.9738729663e+00 nan 0.0000000000e+00
2.6946624441e-04 2.1907280686e-05 6.4564826204e+00 nan 0.0000000000e+00
-1.7631142039e-04 7.5135758371e-05 1.4201664381e+01 nan 0.0000000000e+00
-3.1477765814e-04 8.6028268299e-05 6.2075873864e+00 nan 0.0000000000e+00
-1.9844691307e-04 1.2851934776e-04 6.8517696242e+00 nan 0.0000000000e+00
3.0031009943e-04 5.0335695592e-05 6.0916447234e+00 nan 0.0000000000e+00
3.0065905534e-04 3.2574927972e-05 6.6932291229e+00 nan 0.0000000000e+00
-3.6279692055e-04 2.4285494660e-05 1.4753801777e+01 nan 0.0000000000e+00
3.0811746365e-04 9.2503661051e-05 4.3827404292e+00 nan 0.0000000000e+00
2.5098290616e-04 6.8382713539e-05 5.0415739774e+00 nan 0.0000000000e+00
-2.4923245743e-04 3.1519415601e-05 1.9046096143e+01 nan 0.0000000000e+00
-1.5125970667e-04 5.8545819294e-05 1.3513566686e+01 nan 0.0000000000e+00
-3.7216726183e-04 1.4396149668e-05 1.6673268924e+01 nan 0.0000000000e+00
3.0846531429e-04 5.0262980255e-05 6.1831914069e+00 nan 0.0000000000e+00
3.8171541559e-05 3.5849072649e-06 5.0844205475e+00 nan 0.0000000000e+00
3.3305080702e-04 4.9927201616e-05 6.4203348009e+00 nan 0.0000000000e+00
3.3314049681e-04 3.2371508795e-05 7.3889017265e+00 nan 0.0000000000e+00
3.3379516503e-04 5.6909087815e-05 6.0043591833e+00 nan 0.0000000000e+00
3.7382028073e-04 1.4269336341e-05 1.0410258619e+01 nan 0.0000000000e+00
-3.4734291241e-04 6.5860114153e-05 6.9562301363e+00 nan 0.0000000000e+00
-2.3192268305e-04 1.3724065787e-04 3.4441730979e+00 nan 0.0000000000e+00
2.1737830920e-04 1.6397690730e-04 2.6685242031e+00 nan 0.0000000000e+00
3.1637662613e-04 9.2319511806e-05 4.3483960884e+00 nan 0.0000000000e+00
-8.3954617777e-05 1.9951446653e-04 6.5816449370e+00 nan 0.0000000000e+00
9.5659180101e-05 1.6653686731e-04 2.6600356727e+00 nan 0.0000000000e+00
1.5427063975e-04 1.2167042796e-04 2.8254885312e+00 nan 0.0000000000e+00
2.4566635439e-04 1.1096053210e-04 3.6858083655e+00 nan 0.0000000000e+00
-1.0159420906e-04 1.2115954776e-04 1.0573418617e+01 nan 0.0000000000e+00
6.4510858734e-05 1.8297598017e-04 3.3465198453e+00 nan 0.0000000000e+00
-2.1683564209e-04 9.4524649526e-05 1.0727631091e+01 nan 0.0000000000e+00
-1.5124828025e-04 1.8370595982e-04 1.9825083415e+00 nan 0.0000000000e+00
1.1228073961e-04 1.8084816756e-04 2.7820299000e+00 nan 0.0000000000e+00
-1.4231436748e-04 1.2927084468e-04 1.0648369641e+01 nan 0.0000000000e+00
2.0341233848e-04 1.8156709310e-04 2.6832951932e+00 nan 0.0000000000e+00
-2.3200384436e-04 5.8187589115e-05 1.5143053454e+01 nan 0.0000000000e+00
-2.9874527150e-04 1.1265164122e-04 4.1593413004e+00 nan 0.0000000000e+00
-2.8106793236e-04 8.6231865902e-05 8.4434979540e+00 nan 0.0000000000e+00
-1.9920835652e-04 6.8010959636e-05 1.4502003626e+01 nan 0.0000000000e+00
-2.0666817849e-04 6.7733524496e-05 1.4383576071e+01 nan 0.0000000000e+00
2.9930969117e-04 8.5639041906e-05 4.6645573672e+00 nan 0.0000000000e+00
-2.6381275259e-04 9.4727656237e-05 7.9927839386e+00 nan 0.0000000000e+00
1.0392311994e-04 1.6672293320e-04 2.5913800272e+00 nan 0.0000000000e+00
-1.5704288997e-04 1.2185397781e-04 1.0695371554e+01 nan 0.0000000000e+00
-2.4672769242e-04 1.0353618986e-04 7.5560528023e+00 nan 0.0000000000e+00
2.6143194297e-04 2.1908761445e-05 6.3618684968e+00 nan 0.0000000000e+00
-9.4238593073e-05 1.0295289471e-04 1.0371705899e+01 nan 0.0000000000e+00
2.3338998617e-04 1.1104299027e-04 3.6173667917e+00 nan 0.0000000000e+00
-1.4961460775e-04 1.2858667814e-04 1.0355867882e+01 nan 0.0000000000e+00
1.0606873541e-04 1.8420277512e-04 2.9058263035e+00 nan 0.0000000000e+00
5.6194638092e-05 1.8264105582e-04 3.4693776913e+00 nan 0.0000000000e+00
-1.8111475331e-04 1.1107692927e-04 1.0549606305e+01 nan 0.0000000000e+00
-2.7977157792e-04 2.2883425787e-05 2.1568571832e+01 nan 0.0000000000e+00
-2.4827668802e-04 1.2824072683e-04 3.8039384922e+00 nan 0.0000000000e+00
3.5664532208e-04 1.0141185369e-04 3.3306204296e+00 nan 0.0000000000e+00
1.1218543950e-04 1.6688666744e-04 2.5382989784e+00 nan 0.0000000000e+00
2.0327685549e-04 1.2176965235e-04 3.1539247546e+00 nan 0.0000000000e+00
-2.5645868191e-04 1.3783884856e-04 3.0150976868e+00 nan 0.0000000000e+00
4.7877459489e-05 1.8227059195e-04 3.6058674199e+00 nan 0.0000000000e+00
2.9448244298e-04 1.0330864961e-04 4.0304839343e+00 nan 0.0000000000e+00
-3.1488744087e-04 6.7046609575e-05 9.6172802275e+00 nan 0.0000000000e+00
-1.9853814224e-04 9.5105928889e-05 1.1602367812e+01 nan 0.0000000000e+00
-2.3236040977e-04 1.0344881749e-04 8.4666588867e+00 nan 0.0000000000e+00
3.7443059329e-04 6.5662226002e-05 4.2687237191e+00 nan 0.0000000000e+00
2.9362984636e-04 1.2088927718e-04 3.5060656363e+00 nan 0.0000000000e+00
1.2979590276e-04 1.2147064031e-04 2.7085953909e+00 nan 0.0000000000e+00
3.9559938348e-05 1.8186165268e-04 3.7577434422e+00 nan 0.0000000000e+00
2.4252814404e-04 9.3285466618e-05 4.1911177166e+00 nan 0.0000000000e+00
-3.0681523512e-04 1.4441913222e-05 2.3191619561e+01 nan 0.0000000000e+00
4.6028998248e-05 1.6484197281e-04 3.4911915075e+00 nan 0.0000000000e+00
-6.0247354910e-05 2.1061388567e-04 4.9128392315e+00 nan 0.0000000000e+00
1.2163703685e-04 1.2137714001e-04 2.6868958599e+00 nan 0.0000000000e+00
3.1242887267e-05 1.8141100527e-04 3.9275365128e+00 nan 0.0000000000e+00
2.9987349813e-04 6.8014404674e-05 5.3769515841e+00 nan 0.0000000000e+00
-5.1936373266e-05 2.1177312130e-04 5.1252879171e+00 nan 0.0000000000e+00
1.1347711711e-04 1.2126986238e-04 2.6778155553e+00 nan 0.0000000000e+00
8.9426718537e-05 1.9073976574e-04 3.2358793871e+00 nan 0.0000000000e+00
2.3393073584e-04 8.6229722729e-05 4.3564242924e+00 nan 0.0000000000e+00
-1.0125370868e-04 1.7555147547e-04 9.3824722208e+00 nan 0.0000000000e+00
-1.6762275069e-04 1.3932593674e-04 7.5217467257e+00 nan 0.0000000000e+00
-2.0785799900e-04 1.1906571531e-04 7.6387835450e+00 nan 0.0000000000e+00
9.7148926022e-05 1.2100371216e-04 2.7103629920e+00 nan 0.0000000000e+00
2.9280702789e-04 5.7480511833e-05 5.7473198408e+00 nan 0.0000000000e+00
2.9359729553e-04 2.1885634850e-05 6.8085390511e+00 nan 0.0000000000e+00
2.1185265294e-05 1.6350215739e-04 4.3050327863e+00 nan 0.0000000000e+00
8.8979903441e-05 1.2084361079e-04 2.7595600291e+00 nan 0.0000000000e+00
-2.0820812526e-04 1.1296073991e-04 8.5404832915e+00 nan 0.0000000000e+00
1.4916658111e-05 1.6655736745e-04 4.5096375093e+00 nan 0.0000000000e+00
-1.5860316552e-04 1.3696311862e-04 8.6266492402e+00 nan 0.0000000000e+00
-2.3884415223e-04 4.9213052313e-05 1.6321815211e+01 nan 0.0000000000e+00
7.2627297991e-05 1.2045993348e-04 2.9462172876e+00 nan 0.0000000000e+00
2.9293920685e-04 1.4753211423e-05 6.8962195152e+00 nan 0.0000000000e+00
3.2518859849e-04 7.4599066107e-05 5.0780744407e+00 nan 0.0000000000e+00
-2.0737843899e-05 2.1876764340e-04 5.6930339224e+00 nan 0.0000000000e+00
-1.8160385390e-04 5.6864306813e-05 1.4965410234e+01 nan 0.0000000000e+00
-1.6583491860e-04 1.4862607393e-04 6.1733659779e+00 nan 0.0000000000e+00
6.4440943404e-05 1.2023275204e-04 3.0938424949e+00 nan 0.0000000000e+00
2.0125892485e-04 2.1884979939e-05 5.8592482820e+00 nan 0.0000000000e+00
-1.6556992623e-06 1.6532242315e-04 5.3339341941e+00 nan 0.0000000000e+00
3.2555282743e-04 5.7075519883e-05 5.9867001093e+00 nan 0.0000000000e+00
1.9324450246e-04 2.1878444973e-05 5.8092738186e+00 nan 0.0000000000e+00
3.5870098510e-04 5.6123191560e-05 5.7269106767e+00 nan 0.0000000000e+00
-9.9376417462e-06 1.6461089204e-04 5.8558128983e+00 nan 0.0000000000e+00
4.8042338533e-05 1.1969609317e-04 3.5258763591e+00 nan 0.0000000000e+00
1.8523111132e-04 2.1868440328e-05 5.7613766370e+00 nan 0.0000000000e+00
3.0236111703e-05 3.5391378923e-06 4.9081802498e+00 nan 0.0000000000e+00
3.9826772754e-05 1.1938219576e-04 3.8230482361e+00 nan 0.0000000000e+00
-3.5092340996e-05 1.7578890687e-04 6.7835386620e+00 nan 0.0000000000e+00
2.5170316121e-04 1.4613089729e-04 2.9548624610e+00 nan 0.0000000000e+00
1.7722115441e-04 2.1857077593e-05 5.7149358221e+00 nan 0.0000000000e+00
-4.3324054876e-05 1.7474968548e-04 7.5577849151e+00 nan 0.0000000000e+00
1.5328521525e-05 2.1830831266e-04 5.2758565919e+00 nan 0.0000000000e+00
-5.1522721982e-05 1.7362420318e-04 7.9367685536e+00 nan 0.0000000000e+00
3.1663674531e-04 5.0177195991e-05 6.2722802257e+00 nan 0.0000000000e+00
1.3533928115e-04 1.0383520084e-04 3.1331929337e+00 nan 0.0000000000e+00
-5.9638960052e-05 1.7245744487e-04 8.0851344223e+00 nan 0.0000000000e+00
-2.2514127379e-04 1.0349744391e-04 8.9039693796e+00 nan 0.0000000000e+00
1.4518543597e-04 2.1804309300e-05 5.5305148367e+00 nan 0.0000000000e+00
-7.7391501677e-05 1.6638132397e-04 8.8015045743e+00 nan 0.0000000000e+00
2.4411449935e-04 5.7714564176e-05 5.3170087393e+00 nan 0.0000000000e+00
-5.3056523934e-05 1.5636101710e-04 8.4016624312e+00 nan 0.0000000000e+00
1.3717697410e-04 2.1787774343e-05 5.4811207304e+00 nan 0.0000000000e+00
-2.8462973601e-05 1.1190384700e-04 7.7051057241e+00 nan 0.0000000000e+00
1.1096501071e-04 1.0358042767e-04 3.0152827361e+00 nan 0.0000000000e+00
1.2916853808e-04 2.1768589449e-05 5.4287494398e+00 nan 0.0000000000e+00
1.2116083587e-04 2.1748798477e-05 5.3723532849e+00 nan 0.0000000000e+00
2.0374186446e-04 5.7748038404e-05 4.9978528691e+00 nan 0.0000000000e+00
1.1315263121e-04 2.1727406976e-05 5.3108535519e+00 nan 0.0000000000e+00
-2.6477748274e-04 1.1954090062e-04 4.1431854270e+00 nan 0.0000000000e+00
1.6347405856e-04 5.7685373586e-05 4.6900419842e+00 nan 0.0000000000e+00
1.0514352458e-04 2.1704287994e-05 5.2430467594e+00 nan 0.0000000000e+00
1.5542697135e-04 5.7660135320e-05 4.6257024923e+00 nan 0.0000000000e+00
8.6564890305e-05 1.0319982362e-04 3.0059542087e+00 nan 0.0000000000e+00
9.7133070673e-05 2.1679326916e-05 5.1676182664e+00 nan 0.0000000000e+00
1.1116886698e-04 5.7430182713e-05 4.2262745057e+00 nan 0.0000000000e+00
8.7006324662e-05 5.7232632725e-05 3.9678229793e+00 nan 0.0000000000e+00
-2.5044504446e-05 5.8607382362e-05 5.1014278567e+00 nan 0.0000000000e+00
-1.6803196873e-05 5.8844621258e-05 4.7685621450e+00 nan 0.0000000000e+00
-2.4118798250e-06 5.5766999362e-05 3.9833818653e+00 nan 0.0000000000e+00
-8.5256940421e-06 5.9057124710e-05 4.4253047721e+00 nan 0.0000000000e+00
6.2786198575e-05 5.6954018638e-05 3.7046627353e+00 nan 0.0000000000e+00
5.8141245589e-06 5.5949464377e-05 3.7734866047e+00 nan 0.0000000000e+00
-1.1732792171e-04 1.6318469693e-04 9.7118413683e+00 nan 0.0000000000e+00
5.4694911307e-05 5.6842985874e-05 3.6286516183e+00 nan 0.0000000000e+00
1.4012775706e-05 5.6124521876e-05 3.6318564235e+00 nan 0.0000000000e+00
4.6592626694e-05 5.6722658236e-05 3.5671210733e+00 nan 0.0000000000e+00
2.2187025526e-05 5.6290120519e-05 3.5500501259e+00 nan 0.0000000000e+00
-2.9771348081e-04 9.3665207441e-05 6.0167545732e+00 nan 0.0000000000e+00
8.9120776653e-05 2.1652403368e-05 5.0831440629e+00 nan 0.0000000000e+00
-1.0996490787e-04 1.6434628029e-04 9.9301762741e+00 nan 0.0000000000e+00
8.1106070731e-05 2.1623414270e-05 4.9880989636e+00 nan 0.0000000000e+00
-1.3321557633e-04 1.4557186167e-04 9.6514816383e+00 nan 0.0000000000e+00
2.2226569653e-05 3.5308010659e-06 4.6996323592e+00 nan 0.0000000000e+00
7.3088315192e-05 2.1592227510e-05 4.8808807312e+00 nan 0.0000000000e+00
6.2109543397e-05 1.0265832314e-04 3.2219994999e+00 nan 0.0000000000e+00
-1.2654996490e-04 1.6493051632e-04 8.6891200743e+00 nan 0.0000000000e+00
-1.2593711298e-04 1.4643867236e-04 1.0054537388e+01 nan 0.0000000000e+00
6.5066776191e-05 2.1558672355e-05 4.7598533487e+00 nan 0.0000000000e+00
-2.4948011895e-04 9.4394068948e-05 8.9246688831e+00 nan 0.0000000000e+00
2.0061556554e-04 1.5702129913e-04 2.6155332475e+00 nan 0.0000000000e+00
5.7043428895e-05 2.1525706214e-05 4.6233664311e+00 nan 0.0000000000e+00
5.3939148616e-05 1.0243445678e-04 3.3729210321e+00 nan 0.0000000000e+00
4.4991414371e-05 2.1463143238e-05 4.3871530384e+00 nan 0.0000000000e+00
4.5755733779e-05 1.0218615140e-04 3.5755458318e+00 nan 0.0000000000e+00
3.6949101690e-05 2.1420973567e-05 4.2077306812e+00 nan 0.0000000000e+00
2.8899235217e-05 2.1375849829e-05 4.0117514531e+00 nan 0.0000000000e+00
-9.2878776483e-05 1.6390961703e-04 9.5325054154e+00 nan 0.0000000000e+00
2.0840290046e-05 2.1327623517e-05 3.7992342978e+00 nan 0.0000000000e+00
1.2775671066e-05 2.1280544465e-05 3.5669995798e+00 nan 0.0000000000e+00
2.1104713324e-05 1.0127214645e-04 4.5777325266e+00 nan 0.0000000000e+00
-1.3324125872e-04 7.4962388154e-05 1.2412340314e+01 nan 0.0000000000e+00
1.4956304697e-05 1.0444198108e-04 5.0032862473e+00 nan 0.0000000000e+00
4.6963249146e-06 2.1227978270e-05 3.3160808174e+00 nan 0.0000000000e+00
-1.2562650488e-04 7.5507572668e-05 1.1880440587e+01 nan 0.0000000000e+00
-3.3941952706e-06 2.1174454652e-05 3.0503579314e+00 nan 0.0000000000e+00
6.6721712212e-06 1.0403073156e-04 5.5935656003e+00 nan 0.0000000000e+00
-1.1496793007e-05 2.1121120336e-05 2.7678090719e+00 nan 0.0000000000e+00
-1.1798616973e-04 7.6055358346e-05 1.1294239819e+01 nan 0.0000000000e+00
-1.6442965555e-06 1.0357951119e-04 6.2971413692e+00 nan 0.0000000000e+00
-1.1031008648e-04 7.6605308822e-05 1.0895715454e+01 nan 0.0000000000e+00
-9.9762616823e-06 1.0309021882e-04 6.7493248002e+00 nan 0.0000000000e+00
-2.7729028750e-05 2.1024513365e-05 2.1577256874e+00 nan 0.0000000000e+00
-3.5855538914e-05 2.0986983347e-05 1.8364251212e+00 nan 0.0000000000e+00
3.6707042750e-04 3.8506732586e-05 7.2304319953e+00 nan 0.0000000000e+00
-4.3979377468e-05 2.0956725433e-05 1.7613656754e+00 nan 0.0000000000e+00
1.4214772965e-05 3.5193580611e-06 4.4822571148e+00 nan 0.0000000000e+00
-5.2081671557e-05 2.0912152605e-05 2.0147196803e+00 nan 0.0000000000e+00
-6.0160686710e-05 2.0847463715e-05 2.3486266788e+00 nan 0.0000000000e+00
-6.8222750910e-05 2.0757905218e-05 2.7317005553e+00 nan 0.0000000000e+00
3.2499405779e-04 3.2447227938e-05 7.1877685915e+00 nan 0.0000000000e+00
1.2870042577e-04 4.6830782227e-05 4.7127591783e+00 nan 0.0000000000e+00
-7.6259532106e-05 2.0652682838e-05 3.1582723070e+00 nan 0.0000000000e+00
-8.4276880193e-05 2.0529316272e-05 3.6333050818e+00 nan 0.0000000000e+00
3.6612504017e-04 3.1681121006e-05 8.1121094242e+00 nan 0.0000000000e+00
-9.2276873647e-05 2.0388808422e-05 4.1735213101e+00 nan 0.0000000000e+00
-3.6406313077e-04 1.3751942808e-05 1.5960816221e+01 nan 0.0000000000e+00
-6.6996891672e-05 9.2499959757e-05 9.0621184862e+00 nan 0.0000000000e+00
-7.6838371559e-05 9.4928852356e-05 9.5676089914e+00 nan 0.0000000000e+00
-8.4689242537e-05 9.4285170340e-05 9.9106117690e+00 nan 0.0000000000e+00
-1.0022839928e-04 9.2989886569e-05 1.0572067149e+01 nan 0.0000000000e+00
-1.0809809707e-04 8.6101890682e-05 1.0872354577e+01 nan 0.0000000000e+00
-1.1574627281e-04 8.5505605410e-05 1.1214747348e+01 nan 0.0000000000e+00
6.2020905753e-06 3.5084446688e-06 4.1718794477e+00 nan 0.0000000000e+00
5.5785339522e-05 9.1986533358e-05 3.3576028188e+00 nan 0.0000000000e+00
9.7563667140e-05 2.1866001722e-04 4.1297854596e+00 nan 0.0000000000e+00
-8.4410786047e-05 1.3911837592e-04 9.8384377966e+00 nan 0.0000000000e+00
6.3935213507e-05 9.2182748672e-05 3.2637295337e+00 nan 0.0000000000e+00
-7.6956992325e-05 1.9032791344e-04 7.3993539441e+00 nan 0.0000000000e+00
3.0900284561e-04 1.4703543250e-05 7.2082727356e+00 nan 0.0000000000e+00
-6.8892619503e-05 1.9177148451e-04 7.2062962582e+00 nan 0.0000000000e+00
-6.0760945498e-05 1.9311030212e-04 6.3135818380e+00 nan 0.0000000000e+00
-7.6624287503e-05 1.4009239277e-04 9.5379031959e+00 nan 0.0000000000e+00
8.0208787160e-05 9.2511399613e-05 3.1826649026e+00 nan 0.0000000000e+00
-5.0290498652e-05 1.9116817421e-04 6.0528026246e+00 nan 0.0000000000e+00
-4.2065344256e-05 1.9226203329e-04 5.6218507905e+00 nan 0.0000000000e+00
-3.3806430675e-05 1.9326302049e-04 5.3190660956e+00 nan 0.0000000000e+00
8.8331041395e-05 9.2653459496e-05 3.1813007225e+00 nan 0.0000000000e+00
-1.1146488095e-05 1.9904175692e-04 4.8322238704e+00 nan 0.0000000000e+00
-2.7974328242e-06 1.9976437982e-04 4.7390214681e+00 nan 0.0000000000e+00
5.5652473603e-06 2.0042547607e-04 4.6471983433e+00 nan 0.0000000000e+00
1.3932742171e-05 2.0103347935e-04 4.5541292872e+00 nan 0.0000000000e+00
2.2305540906e-05 2.0159054520e-04 4.4587863959e+00 nan 0.0000000000e+00
7.0537969047e-05 2.0052058023e-04 3.7682500456e+00 nan 0.0000000000e+00
3.0681661023e-05 2.0210038848e-04 4.3612498207e+00 nan 0.0000000000e+00
3.9059497115e-05 2.0256640278e-04 4.2621611904e+00 nan 0.0000000000e+00
-6.6728288290e-05 1.3801786908e-04 9.1963154878e+00 nan 0.0000000000e+00
1.0456329443e-04 9.2885751813e-05 3.2291151456e+00 nan 0.0000000000e+00
2.4213745369e-04 1.6379052572e-04 2.7569644945e+00 nan 0.0000000000e+00
1.1267066911e-04 9.2985390304e-05 3.2698977447e+00 nan 0.0000000000e+00
1.2888313734e-04 9.3142184665e-05 3.3713053814e+00 nan 0.0000000000e+00
1.3699132589e-04 9.3201034047e-05 3.4281935236e+00 nan 0.0000000000e+00
-1.8137384018e-06 3.4984407268e-06 3.8135059764e+00 nan 0.0000000000e+00
1.0397093593e-04 2.0152602115e-04 3.4289378826e+00 nan 0.0000000000e+00
1.4509463026e-04 9.3255041164e-05 3.4872193321e+00 nan 0.0000000000e+00
1.1232344159e-04 2.0171069754e-04 3.3583128022e+00 nan 0.0000000000e+00
2.2831124616e-04 1.8144170191e-04 2.7275706070e+00 nan 0.0000000000e+00
1.3732455934e-04 2.0215403937e-04 3.1857701329e+00 nan 0.0000000000e+00
1.2066826470e-04 2.0187863269e-04 3.2942819074e+00 nan 0.0000000000e+00
-2.7428248104e-04 1.3873827323e-04 3.7196546438e+00 1.0420698270e+01 1.0000000000e+00
1.5319175117e-04 9.3307733068e-05 3.5473984554e+00 nan 0.0000000000e+00
1.7859069740e-04 1.8154839530e-04 2.6443518431e+00 nan 0.0000000000e+00
1.6008604231e-04 1.9195525985e-04 2.8335218090e+00 nan 0.0000000000e+00
-2.0076581144e-05 1.4645583046e-04 7.6461089594e+00 nan 0.0000000000e+00
-1.1778220423e-05 1.4723359394e-04 6.8275075242e+00 nan 0.0000000000e+00
1.8562661355e-04 9.3404322127e-05 3.7929688091e+00 nan 0.0000000000e+00
-2.7501117365e-06 4.1991888171e-05 3.3171367224e+00 nan 0.0000000000e+00
1.9374770304e-04 9.3404821315e-05 3.8538053359e+00 nan 0.0000000000e+00
4.8070657221e-06 1.4856912966e-04 5.4928575910e+00 nan 0.0000000000e+00
2.0185036188e-04 9.3416687994e-05 3.9131407886e+00 nan 0.0000000000e+00
3.1726331297e-05 1.4678367705e-04 4.0579448452e+00 nan 0.0000000000e+00
-3.5574383504e-05 4.1485926662e-05 4.0399755598e+00 nan 0.0000000000e+00
-4.3722844032e-05 4.1318672453e-05 4.3972152292e+00 nan 0.0000000000e+00
-9.8316479237e-06 3.4887633341e-06 3.4562583791e+00 nan 0.0000000000e+00
5.6478135168e-05 1.4789407822e-04 3.2060288934e+00 nan 0.0000000000e+00
1.4482575772e-04 1.4628516054e-04 2.4250798191e+00 nan 0.0000000000e+00
-1.4222040814e-04 8.3474249373e-05 1.2874918441e+01 nan 0.0000000000e+00
1.6125608070e-04 1.4639166869e-04 2.4846559262e+00 nan 0.0000000000e+00
-1.1752314643e-04 4.1982751556e-05 9.7781421662e+00 nan 0.0000000000e+00
1.9239068869e-04 1.5702963281e-04 2.5740896048e+00 nan 0.0000000000e+00
1.8005710533e-04 1.5701396192e-04 2.5145732719e+00 nan 0.0000000000e+00
-1.2535682621e-04 4.1616756918e-05 1.0541683751e+01 nan 0.0000000000e+00
-1.3316574611e-04 4.1242976544e-05 1.1330797206e+01 nan 0.0000000000e+00
-1.4095077285e-04 4.0864295839e-05 1.2157425597e+01 nan 0.0000000000e+00
-1.4871322860e-04 4.0483702831e-05 1.3013014864e+01 nan 0.0000000000e+00
-1.5645028172e-04 4.0110751287e-05 1.3791259699e+01 nan 0.0000000000e+00
-1.8225250680e-04 3.0037863007e-05 1.5595259514e+01 nan 0.0000000000e+00
-1.9160690306e-04 3.2652596628e-05 1.6189657699e+01 nan 0.0000000000e+00
-1.9930836526e-04 3.2393242568e-05 1.6533238138e+01 nan 0.0000000000e+00
1.2050743354e-04 2.3672301957e-04 4.5430079797e+00 2.1369162761e+01 1.0000000000e+00
-1.6789409069e-04 1.2465071156e-05 1.0885029451e+01 nan 0.0000000000e+00
-2.2537139419e-04 2.3012307080e-05 1.8541407393e+01 nan 0.0000000000e+00
-2.4154016179e-04 3.1568389053e-05 1.8651493473e+01 nan 0.0000000000e+00
-2.5646886989e-04 2.2807290523e-05 2.0739145090e+01 nan 0.0000000000e+00
-2.6423216038e-04 2.2824194166e-05 2.1125844807e+01 nan 0.0000000000e+00
2.2717879152e-04 7.5568732063e-05 4.6415110214e+00 nan 0.0000000000e+00
2.1907942157e-04 7.5585410292e-05 4.5817433657e+00 nan 0.0000000000e+00
-4.1945034207e-05 3.4744851478e-06 1.6950084035e+00 nan 0.0000000000e+00
2.1099471716e-04 7.5606915583e-05 4.5212638581e+00 nan 0.0000000000e+00
1.9480046737e-04 7.5598868577e-05 4.3997255365e+00 nan 0.0000000000e+00
1.8671341648e-04 7.5589783596e-05 4.3381053323e+00 nan 0.0000000000e+00
-5.1222029423e-05 2.3819182419e-04 8.6442997389e+00 2.1606578035e+01 1.0000000000e+00
1.7863212016e-04 7.5576770541e-05 4.2757988326e+00 nan 0.0000000000e+00
-5.9782494086e-05 2.3649304938e-04 8.8508743140e+00 2.1429942078e+01 1.0000000000e+00
1.7055830033e-04 7.5565645667e-05 4.2125235911e+00 nan 0.0000000000e+00
8.8494516194e-05 2.4457637191e-04 5.3941771014e+00 2.2082152045e+01 1.0000000000e+00
-3.4459355990e-05 1.2815041576e-04 8.0916725817e+00 nan 0.0000000000e+00
1.1403356170e-04 7.5246195894e-05 3.7458896781e+00 nan 0.0000000000e+00
-2.6227858516e-05 1.2891401284e-04 7.8127245667e+00 nan 0.0000000000e+00
1.0596420573e-04 7.5176938790e-05 3.6784496629e+00 nan 0.0000000000e+00
-9.6945175142e-06 1.3029541106e-04 7.2096145913e+00 nan 0.0000000000e+00
-1.3360575549e-06 1.3095374913e-04 6.3748277264e+00 nan 0.0000000000e+00
8.9788124083e-05 7.4987193527e-05 3.5535421506e+00 nan 0.0000000000e+00
-3.2327896005e-04 3.9621982355e-05 1.4316342525e+01 nan 0.0000000000e+00
7.7647138904e-05 7.4820270108e-05 3.4786811658e+00 nan 0.0000000000e+00
2.1364925368e-05 1.2891773630e-04 4.7267066639e+00 nan 0.0000000000e+00
6.9551964760e-05 7.4700200148e-05 3.4452765345e+00 nan 0.0000000000e+00
4.6091060425e-05 1.3007499728e-04 3.5743419844e+00 nan 0.0000000000e+00
7.0734934884e-05 1.3091797257e-04 2.9196125459e+00 nan 0.0000000000e+00
-4.9966423638e-05 3.4691892372e-06 1.2627434681e+00 nan 0.0000000000e+00
-1.0424704131e-05 6.9209729179e-05 5.1883877952e+00 nan 0.0000000000e+00
-1.8698889761e-05 6.8920930833e-05 5.5322755416e+00 nan 0.0000000000e+00
-3.0604846819e-04 4.1481939214e-05 1.5804905546e+01 nan 0.0000000000e+00
-2.9024162780e-04 7.4333986992e-05 1.0188117470e+01 nan 0.0000000000e+00
-2.9870243949e-04 4.1098360607e-05 1.6731212877e+01 nan 0.0000000000e+00
-1.4995675619e-04 2.0168500374e-04 2.8271017717e+00 1.3493487863e+01 1.0000000000e+00
1.7867886805e-04 2.2818203250e-04 3.6439115130e+00 1.9367597785e+01 1.0000000000e+00
-5.7985995372e-05 3.4647229257e-06 8.6687875607e-01 nan 0.0000000000e+00
-6.8695020512e-05 1.2145802176e-04 9.3854796841e+00 nan 0.0000000000e+00
1.8652034243e-04 2.2602147390e-04 3.5308118988e+00 1.9047844757e+01 1.0000000000e+00
-2.3826457889e-04 4.0366093873e-05 1.7426442566e+01 nan 0.0000000000e+00
1.2018914645e-04 1.4599843109e-04 2.4106658015e+00 nan 0.0000000000e+00
-1.4283380270e-04 1.1088106906e-04 1.1976513809e+01 nan 0.0000000000e+00
-1.5918604570e-04 1.1257862766e-04 1.1590976951e+01 nan 0.0000000000e+00
-2.3051554435e-04 8.5241732145e-05 1.1411049386e+01 nan 0.0000000000e+00
-1.3174038859e-04 1.1189435060e-04 1.1666585742e+01 nan 0.0000000000e+00
-1.9012526318e-04 8.6421962307e-05 1.2996548410e+01 nan 0.0000000000e+00
-2.0852082502e-04 8.5688937072e-05 1.2317134001e+01 nan 0.0000000000e+00
2.0192155843e-04 2.2030431779e-04 3.3071015563e+00 1.8379939330e+01 1.0000000000e+00
-1.8221792971e-04 9.2885909420e-05 1.2644956301e+01 nan 0.0000000000e+00
-7.5411075489e-05 6.6271529446e-05 8.4201740233e+00 nan 0.0000000000e+00
-6.7399436010e-05 6.6728821236e-05 7.9454983563e+00 nan 0.0000000000e+00
-6.6003373475e-05 3.4607669759e-06 5.2413010201e-01 nan 0.0000000000e+00
1.2232651178e-05 2.4584619316e-04 7.1976980008e+00 2.2538550191e+01 1.0000000000e+00
-2.1379955576e-04 1.7456987631e-04 3.2931978132e+00 1.2589568288e+01 1.0000000000e+00
-2.3267475673e-04 1.6633738437e-04 3.5599004044e+00 1.2088347056e+01 1.0000000000e+00
1.8828038395e-04 1.5702767744e-04 2.5537507955e+00 nan 0.0000000000e+00
2.6983677323e-04 1.9213268891e-04 2.7531685599e+00 1.4792822582e+01 1.0000000000e+00
-2.0696531042e-04 3.2165827424e-05 1.6868162097e+01 nan 0.0000000000e+00
2.0322953799e-04 1.7455551482e-04 2.6327458440e+00 nan 0.0000000000e+00
2.3636088322e-04 1.7438573718e-04 2.7214901422e+00 nan 0.0000000000e+00
-2.4868638859e-04 2.2833254874e-05 2.0255307233e+01 nan 0.0000000000e+00
1.9409119298e-04 1.4649210600e-04 2.6614775231e+00 nan 0.0000000000e+00
1.9382524352e-04 1.3944811769e-04 2.7500290261e+00 nan 0.0000000000e+00
1.9544526582e-04 1.2886901367e-04 2.9464711492e+00 nan 0.0000000000e+00
-3.4697527053e-04 7.5837715865e-05 6.2299242856e+00 4.9639145868e+00 1.0000000000e+00
1.9513639079e-04 1.2178615771e-04 3.0976205292e+00 nan 0.0000000000e+00
3.4090342573e-04 1.3996526359e-04 2.6786237767e+00 9.6341919775e+00 1.0000000000e+00
-1.4202124355e-04 3.2007702755e-06 5.2911550490e+00 nan 0.0000000000e+00
-1.5000707414e-04 3.1654640620e-06 6.2684155685e+00 nan 0.0000000000e+00
-1.5799042962e-04 3.1308715980e-06 7.3004860148e+00 nan 0.0000000000e+00
-1.6592983763e-04 3.0666719276e-06 8.3924877284e+00 nan 0.0000000000e+00
3.6003295333e-04 1.1927108497e-04 2.7347080256e+00 7.5659849177e+00 1.0000000000e+00
-2.0707303687e-04 1.1720090621e-05 1.7576105194e+01 nan 0.0000000000e+00
-2.9752027549e-04 2.8342324078e-06 2.5691438506e+01 nan 0.0000000000e+00
-9.2075396035e-05 1.1902488951e-04 1.0286620309e+01 nan 0.0000000000e+00
-2.1662166532e-04 1.4456330422e-05 1.8658809331e+01 nan 0.0000000000e+00
-2.2452739742e-04 1.4408100228e-05 1.9247039093e+01 nan 0.0000000000e+00
-3.2255417052e-04 5.8417973152e-06 2.6160469653e+01 nan 0.0000000000e+00
-2.4720389146e-04 5.6284882758e-06 2.2711568171e+01 nan 0.0000000000e+00
-1.5766886153e-04 4.9080634597e-05 1.3887468972e+01 nan 0.0000000000e+00
-1.7491168673e-04 9.3310050627e-05 1.2922645396e+01 nan 0.0000000000e+00
-2.1623413282e-04 4.9564430441e-05 1.5983904468e+01 nan 0.0000000000e+00
-3.0438549492e-04 6.5994340417e-05 1.0818195707e+01 nan 0.0000000000e+00
-3.2985324318e-04 1.5037040865e-05 2.1963093510e+01 nan 0.0000000000e+00
-3.2929713512e-04 5.9387136377e-05 9.5292419422e+00 nan 0.0000000000e+00
7.1924812047e-05 2.4549189491e-04 5.7611115098e+00 2.2378129074e+01 1.0000000000e+00
-3.1467264267e-04 5.7955391672e-06 2.5970915944e+01 nan 0.0000000000e+00
-2.8954765868e-04 2.8311722058e-06 2.5255740350e+01 nan 0.0000000000e+00
2.0744536299e-05 2.4683104522e-04 7.0366151762e+00 2.2593700574e+01 1.0000000000e+00
-1.7611339499e-04 1.9153665046e-04 2.8097674955e+00 1.3296634489e+01 1.0000000000e+00
3.8335727781e-04 8.2731563871e-05 2.9310664042e+00 3.8477583480e+00 1.0000000000e+00
3.9960314606e-04 3.0209541786e-05 3.4833252002e+00 5.0910609474e-02 1.0000000000e+00
-7.5346196282e-05 2.2873536450e-04 8.2309033036e+00 2.1042196105e+01 1.0000000000e+00
-2.5518709215e-04 5.6529483757e-06 2.3243235916e+01 nan 0.0000000000e+00
-2.6622709592e-05 2.3850741188e-04 7.6912590171e+00 2.2069875812e+01 1.0000000000e+00
3.4973996604e-04 1.3153107409e-04 2.6891335889e+00 8.7803975907e+00 1.0000000000e+00
3.6627972373e-04 3.7117163158e-06 9.4573118134e+00 nan 0.0000000000e+00
2.9476243981e-05 2.4671909515e-04 6.7998736964e+00 2.2607237888e+01 1.0000000000e+00
3.9020044424e-04 5.7674710839e-05 3.4824488506e+00 1.5439941794e+00 1.0000000000e+00
8.0257908387e-05 2.4520039168e-04 5.5804397375e+00 2.2215031150e+01 1.0000000000e+00
1.4648141572e-04 2.3604410109e-04 4.1879120351e+00 2.0661386946e+01 1.0000000000e+00
-3.3070145991e-04 9.4832499434e-05 5.1087160814e+00 6.8328344814e+00 1.0000000000e+00
3.6729260295e-04 1.0408600960e-04 2.9277592926e+00 5.9296277001e+00 1.0000000000e+00
2.8379332183e-04 1.8435491829e-04 2.6987934424e+00 1.3956610494e+01 1.0000000000e+00
-8.3769770559e-05 2.2683232608e-04 8.3827083405e+00 2.0727748080e+01 1.0000000000e+00
-3.6395228437e-04 5.7214693707e-05 8.9842472178e+00 3.3543266724e+00 1.0000000000e+00
3.6766906013e-04 1.1049756192e-04 2.7418904079e+00 6.5973880231e+00 1.0000000000e+00
1.2919970153e-04 2.3580817339e-04 4.3917224730e+00 2.1149156269e+01 1.0000000000e+00
-3.8926444408e-04 1.2997870778e-05 2.8415522861e+01 2.7780800239e-02 1.0000000000e+00
-3.1395250450e-04 1.1078438196e-04 4.6785364020e+00 8.2911577525e+00 1.0000000000e+00
-3.9568326019e-04 3.6084133994e-06 4.5119163313e+01 6.3252607106e-02 1.0000000000e+00
2.4487223156e-04 2.0157656264e-04 2.8740496734e+00 1.6185398802e+01 1.0000000000e+00
3.2603919380e-04 1.5457058599e-04 2.6420093247e+00 1.0956327604e+01 1.0000000000e+00
-2.4848628112e-04 1.5539054771e-04 3.4500402439e+00 1.1511806045e+01 1.0000000000e+00
-2.6374248653e-04 1.4683116000e-04 3.6610314895e+00 1.0854684348e+01 1.0000000000e+00
-1.4117553748e-04 2.0249853729e-04 2.3982719830e+00 1.3727140739e+01 1.0000000000e+00
