x_m y_m sigma_comp_mag_Pa
4.0000000000e-04 0.0000000000e+00 -1.0603212204e+00
-4.0000000000e-04 3.0616169979e-20 -1.6193096091e+00
3.9656887942e-04 5.9238031845e-06 1.0010892979e+01
3.9430304309e-04 1.1259677098e-05 9.7539192357e+00
3.9224810973e-04 1.6357885736e-05 1.0169701476e+01
3.9022943355e-04 2.1283241308e-05 1.0492014275e+01
3.8819037276e-04 2.6070850182e-05 1.0723258874e+01
3.8610301836e-04 3.0739178287e-05 1.0906035721e+01
3.8395241215e-04 3.5300375979e-05 1.1068400197e+01
3.8173127074e-04 3.9759777293e-05 1.1206325068e+01
3.7943478352e-04 4.4123131563e-05 1.1318736498e+01
3.7706107094e-04 4.8393484557e-05 1.1416783667e+01
3.7460947099e-04 5.2573364636e-05 1.1500425380e+01
3.7208036497e-04 5.6664631773e-05 1.1571869265e+01
3.6947464369e-04 6.0668784459e-05 1.1632679409e+01
3.6679350394e-04 6.4587157154e-05 1.1684963701e+01
3.6403840785e-04 6.8420945888e-05 1.1730468898e+01
3.6121103618e-04 7.2171303576e-05 1.1770393049e+01
3.5831317072e-04 7.5839191510e-05 1.1806648262e+01
3.5534661787e-04 7.9425564163e-05 1.1839495860e+01
3.5231328137e-04 8.2931393055e-05 1.1870063939e+01
3.4921508585e-04 8.6357582347e-05 1.1899620932e+01
3.4605394155e-04 8.9704996959e-05 1.1927562812e+01
3.4283169115e-04 9.2974527749e-05 1.1955322589e+01
3.3955035249e-04 9.6166941816e-05 1.1983821757e+01
3.3621174769e-04 9.9283154883e-05 1.2011147383e+01
3.3281767652e-04 1.0232394596e-04 1.2039216993e+01
3.2936998987e-04 1.0529007910e-04 1.2068084227e+01
3.2587043083e-04 1.0818236481e-04 1.2097246574e+01
3.2232070544e-04 1.1100152659e-04 1.2128485591e+01
3.1872251723e-04 1.1374835041e-04 1.2159975325e+01
3.1507752710e-04 1.1642357423e-04 1.2191587720e+01
3.1138727332e-04 1.1902788967e-04 1.2224669191e+01
3.0765330376e-04 1.2156199550e-04 1.2259215347e+01
3.0387710273e-04 1.2402659240e-04 1.2294027586e+01
3.0006005403e-04 1.2642229868e-04 1.2329993184e+01
2.9620356680e-04 1.2874977410e-04 1.2366865194e+01
2.9230897009e-04 1.3100963320e-04 1.2403937066e+01
2.8837750595e-04 1.3320242308e-04 1.2442812002e+01
2.8441043309e-04 1.3532873251e-04 1.2481245929e+01
2.8040888588e-04 1.3738905552e-04 1.2520655794e+01
2.7637400047e-04 1.3938388246e-04 1.2560464787e+01
2.7230681857e-04 1.4131367610e-04 1.2600992751e+01
2.6820838148e-04 1.4317882190e-04 1.2641238295e+01
2.6407965482e-04 1.4497969219e-04 1.2681736248e+01
2.5992152639e-04 1.4671663131e-04 1.2722604668e+01
2.5573484853e-04 1.4838987100e-04 1.2763826273e+01
2.5152050331e-04 1.4999959305e-04 1.2804886919e+01
2.4727921144e-04 1.5154601961e-04 1.2845904332e+01
2.4301175085e-04 1.5302923362e-04 1.2885360860e+01
2.3871875126e-04 1.5444921919e-04 1.2925442335e+01
2.3440085989e-04 1.5580588753e-04 1.2965751547e+01
2.3005866709e-04 1.5709912959e-04 1.3005715738e+01
2.2569277251e-04 1.5832872373e-04 1.3043725699e+01
2.2130366424e-04 1.5949433356e-04 1.3081282687e+01
2.1689183643e-04 1.6059545982e-04 1.3118193472e+01
2.1245770279e-04 1.6163150880e-04 1.3154401417e+01
2.0800165879e-04 1.6260176174e-04 1.3189165794e+01
2.0352408140e-04 1.6350530452e-04 1.3222266460e+01
1.9902525099e-04 1.6434108453e-04 1.3256058247e+01
1.9450558496e-04 1.6510776823e-04 1.3285908122e+01
1.8996523710e-04 1.6580376510e-04 1.3314749602e+01
1.8540449763e-04 1.6642722282e-04 1.3341908255e+01
1.8082357714e-04 1.6697591952e-04 1.3367165798e+01
1.7622273020e-04 1.6744721396e-04 1.3387946890e+01
1.7160211355e-04 1.6783778409e-04 1.3404963136e+01
1.6696174834e-04 1.6814363635e-04 1.3424943612e+01
1.6230214797e-04 1.6836010226e-04 1.3431778807e+01
1.5762330701e-04 1.6848097568e-04 1.3436167117e+01
1.5292542040e-04 1.6849814867e-04 1.3434382845e+01
1.4820868330e-04 1.6840082347e-04 1.3408167387e+01
1.4347257621e-04 1.6817273869e-04 1.3481444238e+01
1.3871662636e-04 1.6778380722e-04 1.2845115593e+01
1.3395649011e-04 1.6714648740e-04 1.6202664151e+01
1.2944192993e-04 1.6624740868e-04 1.7767903317e+01
1.2529173633e-04 1.6527041090e-04 1.8158066888e+01
1.2135947137e-04 1.6433975044e-04 1.7772032776e+01
1.1752158758e-04 1.6346574016e-04 1.7417929901e+01
1.1371566213e-04 1.6262242678e-04 1.7539930114e+01
1.0992991538e-04 1.6178410428e-04 1.7975107960e+01
1.0615409717e-04 1.6093297311e-04 1.8107632677e+01
1.0238539622e-04 1.6005445445e-04 1.8051791112e+01
9.8618191064e-05 1.5913208922e-04 1.8073606912e+01
9.4853938511e-05 1.5815043419e-04 1.8003658406e+01
9.1093961962e-05 1.5709105021e-04 1.7940691502e+01
8.7343437736e-05 1.5593237700e-04 1.7857415277e+01
8.3611639902e-05 1.5464720233e-04 1.7774576063e+01
7.9916055758e-05 1.5319896879e-04 1.7613900307e+01
7.6287400457e-05 1.5153560466e-04 1.7682792853e+01
7.2782908205e-05 1.4956318952e-04 1.8569481957e+01
6.9645309884e-05 1.4702677100e-04 9.1928665881e+00
6.8014245939e-05 1.4431451956e-04 5.1743206571e+01
6.6769287420e-05 1.4285739223e-04 1.2469026872e+02
6.5060128974e-05 1.4179238622e-04 1.0000559092e+02
6.3186402276e-05 1.4088144592e-04 9.3696188134e+01
6.1221433688e-05 1.4007699225e-04 8.9165283832e+01
5.9194375209e-05 1.3935763932e-04 8.5444109879e+01
5.7121994780e-05 1.3870836849e-04 8.2715126292e+01
5.5014780642e-05 1.3811861856e-04 8.0245670238e+01
5.2878617482e-05 1.3757970634e-04 7.8087092576e+01
5.0718228753e-05 1.3708508670e-04 7.5986675304e+01
4.8535646535e-05 1.3662893488e-04 7.3872941278e+01
4.6332691818e-05 1.3620615710e-04 7.1746074319e+01
4.4110719817e-05 1.3581265482e-04 6.9679898568e+01
4.1871009985e-05 1.3544522340e-04 6.7622745634e+01
3.9614334665e-05 1.3510079106e-04 6.5611517302e+01
3.7341398832e-05 1.3477669497e-04 6.3593859353e+01
3.5052656598e-05 1.3447056390e-04 6.1573582178e+01
3.2748411583e-05 1.3418027791e-04 5.9542321416e+01
3.0428799997e-05 1.3390381756e-04 5.7491855734e+01
2.8093687258e-05 1.3363919000e-04 5.5405511526e+01
2.5742804328e-05 1.3338435660e-04 5.3281338128e+01
2.3375174158e-05 1.3313697532e-04 5.1084923846e+01
2.0990963958e-05 1.3289185326e-04 4.9687653400e+01
1.8597742899e-05 1.3265201283e-04 5.0777563642e+01
1.6211166358e-05 1.3242982332e-04 5.2200013384e+01
1.3828019688e-05 1.3222633150e-04 5.1670655917e+01
1.1440130140e-05 1.3203347352e-04 5.0256312121e+01
9.0446576561e-06 1.3184740307e-04 4.8927367534e+01
6.6413864338e-06 1.3166640379e-04 4.7571327198e+01
4.2300410734e-06 1.3148934939e-04 4.6232319184e+01
1.8105061141e-06 1.3131529801e-04 4.4896591687e+01
-6.1724768314e-07 1.3114343832e-04 4.3601094618e+01
-3.0531834398e-06 1.3097306765e-04 4.2310434929e+01
-5.4972271436e-06 1.3080354126e-04 4.1038024606e+01
-7.9493274414e-06 1.3063429516e-04 3.9806889690e+01
-1.0409381119e-05 1.3046480624e-04 3.8578311148e+01
-1.2877078340e-05 1.3029460123e-04 3.7389032521e+01
-1.5352225268e-05 1.3012321823e-04 3.6232883874e+01
-1.7834711508e-05 1.2995019480e-04 3.5056476627e+01
-2.0324478089e-05 1.2977508092e-04 3.3868164994e+01
-2.2821430157e-05 1.2959747880e-04 3.2589860362e+01
-2.5325418803e-05 1.2941701754e-04 3.2028030154e+01
-2.7836307071e-05 1.2923335352e-04 3.1971438882e+01
-3.0353938731e-05 1.2904615519e-04 3.1973462072e+01
-3.2878156875e-05 1.2885510675e-04 3.1985086544e+01
-3.5408807514e-05 1.2865990735e-04 3.1998458172e+01
-3.7945721996e-05 1.2846026720e-04 3.2019054333e+01
-4.0488758579e-05 1.2825591709e-04 3.2038947269e+01
-4.3037734244e-05 1.2804660165e-04 3.2055470939e+01
-4.5592495951e-05 1.2783207147e-04 3.2077474184e+01
-4.8152875507e-05 1.2761208688e-04 3.2100259816e+01
-5.0718712570e-05 1.2738641402e-04 3.2124236508e+01
-5.3289838431e-05 1.2715483988e-04 3.2147853664e+01
-5.5866089200e-05 1.2691715318e-04 3.2174939593e+01
-5.8447303866e-05 1.2667315695e-04 3.2201921980e+01
-6.1033315875e-05 1.2642265531e-04 3.2227008032e+01
-6.3623932024e-05 1.2616546496e-04 3.2257709330e+01
-6.6219033601e-05 1.2590139589e-04 3.2292276874e+01
-6.8818430111e-05 1.2563029008e-04 3.2323744053e+01
-7.1421961317e-05 1.2535198501e-04 3.2357176284e+01
-7.4029463669e-05 1.2506631438e-04 3.2392166877e+01
-7.6640773024e-05 1.2477312248e-04 3.2429003079e+01
-7.9255749123e-05 1.2447225978e-04 3.2463068809e+01
-8.1874176222e-05 1.2416359524e-04 3.2499979360e+01
-8.4495945222e-05 1.2384697977e-04 3.2540614971e+01
-8.7120877273e-05 1.2352228441e-04 3.2580667730e+01
-8.9748813086e-05 1.2318937437e-04 3.2621951915e+01
-9.2379596189e-05 1.2284812421e-04 3.2663410582e+01
-9.5013067761e-05 1.2249841207e-04 3.2706067451e+01
-9.7649060303e-05 1.2214012428e-04 3.2752028926e+01
-1.0028745015e-04 1.2177314276e-04 3.2796749515e+01
-1.0292803475e-04 1.2139735857e-04 3.2843879849e+01
-1.0557071216e-04 1.2101265277e-04 3.2890876118e+01
-1.0821527723e-04 1.2061892979e-04 3.2938714959e+01
-1.1086161434e-04 1.2021608131e-04 3.2988502672e+01
-1.1350956046e-04 1.1980400886e-04 3.3038634610e+01
-1.1615895626e-04 1.1938261391e-04 3.3090277368e+01
-1.1880966080e-04 1.1895179447e-04 3.3143287119e+01
-1.2146151686e-04 1.1851145840e-04 3.3197173827e+01
-1.2411438320e-04 1.1806151440e-04 3.3252157281e+01
-1.2676810859e-04 1.1760187426e-04 3.3308476658e+01
-1.2942254431e-04 1.1713245407e-04 3.3364879956e+01
-1.3207752847e-04 1.1665315240e-04 3.3423774438e+01
-1.3473295175e-04 1.1616387700e-04 3.3483262724e+01
-1.3738862659e-04 1.1566457092e-04 3.3542150165e+01
-1.4004443785e-04 1.1515513117e-04 3.3603683415e+01
-1.4270021607e-04 1.1463547812e-04 3.3667289445e+01
-1.4535583494e-04 1.1410553491e-04 3.3730105830e+01
-1.4801114719e-04 1.1356521776e-04 3.3793879878e+01
-1.5066597649e-04 1.1301444741e-04 3.3860937341e+01
-1.5332023340e-04 1.1245315092e-04 3.3927908164e+01
-1.5597375227e-04 1.1188124802e-04 3.3995460967e+01
-1.5862635780e-04 1.1129865717e-04 3.4065235875e+01
-1.6127794756e-04 1.1070531009e-04 3.4134933461e+01
-1.6392835786e-04 1.1010113541e-04 3.4206335240e+01
-1.6657744660e-04 1.0948605914e-04 3.4279102370e+01
-1.6922507536e-04 1.0886000198e-04 3.4352732036e+01
-1.7187109371e-04 1.0822289061e-04 3.4427388769e+01
-1.7451536485e-04 1.0757465716e-04 3.4503230923e+01
-1.7715771818e-04 1.0691524158e-04 3.4580834198e+01
-1.7979805731e-04 1.0624456059e-04 3.4659421351e+01
-1.8243621464e-04 1.0556254690e-04 3.4739249766e+01
-1.8507206310e-04 1.0486912606e-04 3.4819714220e+01
-1.8770547751e-04 1.0416423044e-04 3.4900864939e+01
-1.9033629332e-04 1.0344782053e-04 3.4982369553e+01
-1.9296436380e-04 1.0271983077e-04 3.5064059300e+01
-1.9558952671e-04 1.0198019884e-04 3.5147374401e+01
-1.9821159608e-04 1.0122888038e-04 3.5230917653e+01
-2.0083048313e-04 1.0046580159e-04 3.5315088160e+01
-2.0344599966e-04 9.9690933965e-05 3.5400028662e+01
-2.0605799203e-04 9.8904225302e-05 3.5484509803e+01
-2.0866631740e-04 9.8105624990e-05 3.5569378351e+01
-2.1127077485e-04 9.7295097495e-05 3.5653723134e+01
-2.1387127975e-04 9.6472611538e-05 3.5737616718e+01
-2.1646757775e-04 9.5638165400e-05 3.5819279928e+01
-2.1905954942e-04 9.4791709829e-05 3.5900361175e+01
-2.2164698886e-04 9.3933247868e-05 3.5978927619e+01
-2.2422968957e-04 9.3062788790e-05 3.6054248216e+01
-2.2680745661e-04 9.2180359568e-05 3.6124295786e+01
-2.2938003614e-04 9.1285973891e-05 3.6188307306e+01
-2.3194715107e-04 9.0379676871e-05 3.6240542599e+01
-2.3450844238e-04 8.9461511252e-05 3.6281248546e+01
-2.3706322136e-04 8.8531638543e-05 3.6301871417e+01
-2.3961053280e-04 8.7589945766e-05 3.6330885235e+01
-2.4214836302e-04 8.6636449364e-05 3.6513418009e+01
-2.4467499772e-04 8.5671012876e-05 3.6980020577e+01
-2.4719223137e-04 8.4694156131e-05 3.7501235190e+01
-2.4970392995e-04 8.3705265934e-05 3.7919910098e+01
-2.5221293430e-04 8.2703438425e-05 3.8174083907e+01
-2.5472007158e-04 8.1688591038e-05 3.8303569372e+01
-2.5722424693e-04 8.0661371047e-05 3.8392024082e+01
-2.5972449939e-04 7.9622140921e-05 3.8485185788e+01
-2.6222012595e-04 7.8571389467e-05 3.8585980650e+01
-2.6471094497e-04 7.7509507223e-05 3.8691669319e+01
-2.6719681819e-04 7.6436946047e-05 3.8801043810e+01
-2.6967764992e-04 7.5354260873e-05 3.8912896348e+01
-2.7215348851e-04 7.4262056345e-05 3.9023590209e+01
-2.7462448140e-04 7.3160999615e-05 3.9143301454e+01
-2.7709076016e-04 7.2051908349e-05 3.9255451407e+01
-2.7955285543e-04 7.0935652997e-05 3.9368234407e+01
-2.8201104678e-04 6.9813471986e-05 3.9471848051e+01
-2.8446600866e-04 6.8686688030e-05 3.9575016350e+01
-2.8691850202e-04 6.7556881640e-05 3.9670745571e+01
-2.8936954014e-04 6.6425999297e-05 3.9749383752e+01
-2.9182039385e-04 6.5296403245e-05 3.9811863100e+01
-2.9427272362e-04 6.4170943809e-05 3.9842476228e+01
-2.9672846203e-04 6.3053121902e-05 3.9842814602e+01
-2.9919006851e-04 6.1947518437e-05 3.9801974391e+01
-3.0166128982e-04 6.0859723751e-05 3.9637072160e+01
-3.0414551567e-04 5.9797254375e-05 3.9458366207e+01
-3.0664839515e-04 5.8770353087e-05 3.9106642924e+01
-3.0917638771e-04 5.7793690345e-05 3.8480427754e+01
-3.1173757484e-04 5.6890242544e-05 3.8175502096e+01
-3.1434314626e-04 5.6100660337e-05 3.7870072145e+01
-3.1699941733e-04 5.5552269877e-05 3.1848284085e+01
-3.1996711871e-04 5.5387732760e-05 1.5756588988e+01
-3.2514390853e-04 5.4585289493e-05 1.2955514680e+01
-3.3064425374e-04 5.2503903515e-05 1.2209148461e+01
-3.3606183407e-04 4.9892486309e-05 1.2324613569e+01
-3.4144135295e-04 4.6920649966e-05 1.2020331730e+01
-3.4680921151e-04 4.3645956212e-05 1.1738052500e+01
-3.5218589543e-04 4.0092028528e-05 1.1379093844e+01
-3.5758940812e-04 3.6264753136e-05 1.0987913772e+01
-3.6304009093e-04 3.2155640849e-05 1.0556080420e+01
-3.6855236975e-04 2.7747852223e-05 1.0121370548e+01
-3.7415121014e-04 2.3010092404e-05 9.6358581207e+00
-3.7987223451e-04 1.7899866337e-05 9.0822715770e+00
-3.8577731971e-04 1.2373604171e-05 8.7495277358e+00
-3.9209160983e-04 6.4037381204e-06 8.2823379662e+00
-3.9600000000e-04 3.0463089129e-20 -6.0061243615e-01
-3.9200000000e-04 3.0310008279e-20 -6.4880980811e-01
-3.8800000000e-04 3.0156927429e-20 -1.5440832595e+00
-3.8400000000e-04 3.0003846579e-20 2.7159920058e+00
-3.8000000000e-04 2.9850765729e-20 9.1800315183e+00
-3.7600000000e-04 2.9697684879e-20 1.6227328111e+01
-3.7200000000e-04 2.9544604029e-20 1.9781830513e+01
-3.6800000000e-04 2.9391523180e-20 2.1695198635e+01
-3.6400000000e-04 2.9238442330e-20 2.2953138870e+01
-3.6000000000e-04 2.9085361480e-20 2.3553288359e+01
-3.5600000000e-04 2.8932280630e-20 2.3380937423e+01
-3.5200000000e-04 2.8779199780e-20 2.2560856198e+01
-3.4800000000e-04 2.8626118930e-20 2.1552502251e+01
-3.4400000000e-04 2.8473038080e-20 2.0456372401e+01
-3.4000000000e-04 2.8319957230e-20 1.9076514258e+01
-3.3600000000e-04 2.8166876380e-20 1.7769023534e+01
-3.3200000000e-04 2.8013795530e-20 1.6884599009e+01
-3.2400000000e-04 2.7707633831e-20 1.6970810548e+01
-3.2000000000e-04 2.7554552981e-20 1.6998054236e+01
-2.8800000000e-04 2.6329906182e-20 1.6782868587e+01
-2.7200000000e-04 2.5717582782e-20 2.6601705325e+01
-2.6800000000e-04 2.5564501932e-20 2.9044341485e+01
-2.6400000000e-04 2.5411421082e-20 3.1277192290e+01
-2.5200000000e-04 2.4952178533e-20 3.6792405930e+01
-2.4800000000e-04 2.4799097683e-20 3.8285174332e+01
-2.4400000000e-04 2.4646016833e-20 3.9631856202e+01
-2.4000000000e-04 2.4492935983e-20 4.0847627132e+01
-2.2400000000e-04 2.3880612583e-20 4.4665179018e+01
-2.2000000000e-04 2.3727531733e-20 4.5412483226e+01
-2.1600000000e-04 2.3574450884e-20 4.6094663255e+01
-2.0000000000e-04 2.2962127484e-20 4.8301638924e+01
-1.9600000000e-04 2.2809046634e-20 4.8748936619e+01
-1.9200000000e-04 2.2655965784e-20 4.9162720189e+01
-1.8800000000e-04 2.2502884934e-20 4.9546294752e+01
-1.7600000000e-04 2.2043642385e-20 5.0542770186e+01
-1.7200000000e-04 2.1890561535e-20 5.0830916932e+01
-1.6800000000e-04 2.1737480685e-20 5.1100145583e+01
-1.6400000000e-04 2.1584399835e-20 5.1351800587e+01
-1.4800000000e-04 2.0972076435e-20 5.2205521827e+01
-1.4400000000e-04 2.0818995586e-20 5.2384801713e+01
-1.4000000000e-04 2.0665914736e-20 5.2551735643e+01
-1.3600000000e-04 2.0512833886e-20 5.2706439628e+01
-1.2400000000e-04 2.0053591336e-20 5.3099336224e+01
-1.2000000000e-04 1.9900510486e-20 5.3206618219e+01
-1.1600000000e-04 1.9747429636e-20 5.3301600650e+01
-1.1200000000e-04 1.9594348786e-20 5.3384232219e+01
-1.0000000000e-04 1.9135106237e-20 5.3552177298e+01
-9.6000000000e-05 1.8982025387e-20 5.3579567707e+01
-9.2000000000e-05 1.8828944537e-20 5.3591218843e+01
-8.8000000000e-05 1.8675863687e-20 5.3586418118e+01
-8.4000000000e-05 1.8522782837e-20 5.3563912768e+01
-7.2000000000e-05 1.8063540287e-20 5.3379363495e+01
-6.8000000000e-05 1.7910459438e-20 5.3274308610e+01
-6.4000000000e-05 1.7757378588e-20 5.3145236648e+01
-6.0000000000e-05 1.7604297738e-20 5.2990359601e+01
-4.8000000000e-05 1.7145055188e-20 5.2355294282e+01
-4.4000000000e-05 1.6991974338e-20 5.2080880570e+01
-4.0000000000e-05 1.6838893488e-20 5.1772370912e+01
-3.6000000000e-05 1.6685812638e-20 5.1427776814e+01
-2.0000000000e-05 1.6073489239e-20 4.9656948850e+01
-1.6000000000e-05 1.5920408389e-20 4.9108820530e+01
-1.2000000000e-05 1.5767327539e-20 4.8516391017e+01
-8.0000000000e-06 1.5614246689e-20 4.7878871828e+01
4.0000000000e-06 1.5155004139e-20 4.5694469780e+01
8.0000000000e-06 1.5001923290e-20 4.4877354795e+01
1.2000000000e-05 1.4848842440e-20 4.4017799461e+01
1.6000000000e-05 1.4695761590e-20 4.3117883046e+01
3.2000000000e-05 1.4083438190e-20 3.9176874050e+01
3.6000000000e-05 1.3930357340e-20 3.8127220352e+01
4.0000000000e-05 1.3777276490e-20 3.7062221665e+01
4.4000000000e-05 1.3624195641e-20 3.5987768716e+01
5.6000000000e-05 1.3164953091e-20 3.2774023804e+01
6.0000000000e-05 1.3011872241e-20 3.1729441898e+01
6.4000000000e-05 1.2858791391e-20 3.0710266313e+01
6.8000000000e-05 1.2705710541e-20 2.9723963019e+01
8.0000000000e-05 1.2246467991e-20 2.7036643745e+01
8.4000000000e-05 1.2093387142e-20 2.6255490683e+01
8.8000000000e-05 1.1940306292e-20 2.5542890868e+01
9.2000000000e-05 1.1787225442e-20 2.4903532369e+01
1.0800000000e-04 1.1174902042e-20 2.3093896003e+01
1.1200000000e-04 1.1021821192e-20 2.2805797035e+01
1.1600000000e-04 1.0868740342e-20 2.2571237567e+01
1.3200000000e-04 1.0256416943e-20 2.1996390195e+01
1.3600000000e-04 1.0103336093e-20 2.1910164520e+01
1.4000000000e-04 9.9502552431e-21 2.1827121644e+01
1.5600000000e-04 9.3379318435e-21 2.1270706705e+01
1.6000000000e-04 9.1848509936e-21 2.1147711162e+01
1.6400000000e-04 9.0317701437e-21 2.1227970901e+01
1.6800000000e-04 8.8786892938e-21 2.1161261874e+01
1.8400000000e-04 8.2663658942e-21 2.1053787617e+01
1.8800000000e-04 8.1132850444e-21 2.1013026442e+01
1.9200000000e-04 7.9602041945e-21 2.1044702592e+01
2.0800000000e-04 7.3478807949e-21 2.1107324442e+01
2.1200000000e-04 7.1947999450e-21 2.1183379857e+01
2.1600000000e-04 7.0417190951e-21 2.1239342653e+01
2.2000000000e-04 6.8886382452e-21 2.1376207900e+01
2.2400000000e-04 6.7355573953e-21 2.1435293673e+01
2.3600000000e-04 6.2763148456e-21 2.1839113622e+01
2.4000000000e-04 6.1232339957e-21 2.2008290980e+01
2.4400000000e-04 5.9701531458e-21 2.2155461273e+01
2.4800000000e-04 5.8170722959e-21 2.2379280624e+01
2.5200000000e-04 5.6639914461e-21 2.2523633478e+01
2.5600000000e-04 5.5109105962e-21 2.2717944020e+01
2.6000000000e-04 5.3578297463e-21 2.2957488946e+01
2.6400000000e-04 5.2047488964e-21 2.3127268506e+01
2.6800000000e-04 5.0516680465e-21 2.3346027159e+01
2.7200000000e-04 4.8985871966e-21 2.3081151512e+01
2.7600000000e-04 4.7455063467e-21 2.1095328389e+01
2.8000000000e-04 4.5924254968e-21 1.9405666221e+01
2.8400000000e-04 4.4393446469e-21 1.8343551243e+01
2.8800000000e-04 4.2862637970e-21 1.7645117470e+01
2.9200000000e-04 4.1331829471e-21 1.7766537062e+01
2.9600000000e-04 3.9801020972e-21 1.8055276089e+01
3.0000000000e-04 3.8270212473e-21 1.8226961331e+01
3.0400000000e-04 3.6739403974e-21 1.8369284822e+01
3.0800000000e-04 3.5208595475e-21 1.8412921779e+01
3.1200000000e-04 3.3677786977e-21 1.8370629589e+01
3.1600000000e-04 3.2146978478e-21 1.8280538354e+01
3.2000000000e-04 3.0616169979e-21 1.8153687825e+01
3.2400000000e-04 2.9085361480e-21 1.7682949897e+01
3.2800000000e-04 2.7554552981e-21 1.7385050326e+01
3.3200000000e-04 2.6023744482e-21 1.7397431439e+01
3.3600000000e-04 2.4492935983e-21 1.7492198990e+01
3.4000000000e-04 2.2962127484e-21 1.6935547244e+01
3.4400000000e-04 2.1431318985e-21 1.5410557355e+01
3.4800000000e-04 1.9900510486e-21 1.3548023433e+01
3.5200000000e-04 1.8369701987e-21 1.2176057096e+01
3.5600000000e-04 1.6838893488e-21 1.0863399624e+01
3.6000000000e-04 1.5308084989e-21 9.5893851813e+00
3.6400000000e-04 1.3777276490e-21 8.3159025175e+00
3.6800000000e-04 1.2246467991e-21 7.0155372255e+00
3.7200000000e-04 1.0715659493e-21 5.6578828885e+00
3.7600000000e-04 9.1848509936e-22 4.2060670401e+00
3.8000000000e-04 7.6540424947e-22 2.6240162676e+00
3.8400000000e-04 6.1232339957e-22 7.5498297333e-01
3.8800000000e-04 4.5924254968e-22 -7.2629329312e-01
3.9200000000e-04 3.0616169979e-22 -9.9453807693e-01
3.9600000000e-04 1.5308084989e-22 -1.3386230116e+00
-2.1413981113e-05 1.2750898387e-04 3.2261142070e+01
7.9514445085e-07 1.2896186069e-04 4.1832213629e+01
-4.3902278650e-05 1.2593431552e-04 3.1888168063e+01
-1.4164301229e-05 1.4623940445e-06 4.8610891257e+01
5.3481880754e-05 1.5013533588e-06 3.3167098968e+01
-5.3996788926e-05 1.4531451102e-06 5.2474322781e+01
1.7688323223e-05 1.4775444059e-06 4.2478615584e+01
2.2628962510e-05 1.3084641912e-04 4.9129927682e+01
-6.7680273748e-05 1.2367859803e-04 3.2194727006e+01
4.3344283611e-05 1.3346379397e-04 6.2714700266e+01
-8.5861587306e-05 1.4513637621e-06 5.3339588526e+01
8.5244438683e-05 1.5216180157e-06 2.5780732533e+01
6.3312222638e-05 1.3850549687e-04 7.0822441275e+01
-1.1461813813e-04 1.1752325764e-04 3.3049742285e+01
1.1698136048e-04 1.5318975596e-06 2.2433646175e+01
-1.1771923820e-04 1.4526698925e-06 5.3024083851e+01
8.3371552171e-05 1.5139982136e-04 1.9449783617e+01
-1.3557832057e-04 1.1388593674e-04 3.3525943064e+01
1.4479763632e-04 1.5249759482e-06 2.1624229551e+01
-1.4558630124e-04 1.4556692313e-06 5.2082929634e+01
1.1290958394e-04 1.5936755109e-04 1.7237153804e+01
-1.5682009940e-04 1.0947055309e-04 3.4074969607e+01
1.7274142184e-04 1.5740795288e-06 2.1034792118e+01
-1.7347622906e-04 1.4489365048e-06 5.0511527319e+01
-1.7828065339e-04 1.0462725084e-04 3.4684294474e+01
1.4646214783e-04 1.6537328506e-04 1.3890717077e+01
2.0066802535e-04 1.7705890724e-06 2.0664339656e+01
-2.0128584903e-04 1.4680539541e-06 4.7961586512e+01
1.8310415234e-04 1.6372278074e-04 1.3599332571e+01
-2.2910656813e-04 1.4809150141e-06 4.3464787027e+01
2.2857650658e-04 2.0857102772e-06 2.1080585800e+01
2.1856638821e-04 1.5723049472e-04 1.3281946980e+01
-2.1998869114e-04 9.2556051096e-05 3.5987730192e+01
2.5654615561e-04 2.5277921278e-06 2.2041506431e+01
-2.5691569612e-04 1.4937712817e-06 3.4685841527e+01
2.4849016575e-04 1.4765098632e-04 1.3015193935e+01
-2.3786526518e-04 8.6043614438e-05 3.6469341652e+01
2.7744558105e-04 1.3545868461e-04 1.2716330784e+01
-2.5549382337e-04 7.9037779057e-05 3.7988351279e+01
2.8042404587e-04 3.0651341042e-06 1.9361028688e+01
-2.8063281688e-04 1.5518980141e-06 2.0823679454e+01
3.0454412952e-04 1.1934761396e-04 1.2486898944e+01
-2.7289254433e-04 7.1390917316e-05 3.8463767722e+01
-3.0397677258e-04 1.6961041550e-06 1.7045832984e+01
3.0434654041e-04 3.1440655029e-06 1.7871445487e+01
3.2541829729e-04 1.0420355646e-04 1.2294753305e+01
-3.4079825817e-05 1.4565708840e-06 5.1019229747e+01
3.2449982808e-04 3.3656933733e-06 1.7048718167e+01
-3.2342290429e-04 1.9310492487e-06 1.7082201478e+01
-3.0252515949e-04 5.8022511329e-05 3.5502764378e+01
3.4517712622e-04 8.5411943052e-05 1.2145133413e+01
-3.4275869823e-04 2.3647641439e-06 1.9931299658e+01
3.4499576614e-04 3.6732911823e-06 1.4840135267e+01
3.6030136519e-04 6.8192167085e-05 1.1957468449e+01
-3.1601318780e-04 5.3695650689e-05 1.6422309347e+01
1.0111059899e-04 1.5283879284e-06 2.3550904252e+01
-1.0179152133e-04 1.4517060562e-06 5.3296657766e+01
6.9369720944e-05 1.5121870656e-06 2.9123316839e+01
-6.9929836366e-05 1.4517783256e-06 5.3093293233e+01
3.3603562230e-05 1.4875858627e-06 3.8497154358e+01
1.7647789967e-06 1.4690584346e-06 4.5894498944e+01
-3.1466129039e-05 1.2678886833e-04 3.1787947592e+01
-1.1467452791e-05 1.2818662392e-04 3.6099092405e+01
1.0646219396e-05 1.2980850647e-04 4.6686743691e+01
-5.4197879178e-05 1.2501366956e-04 3.2009053803e+01
3.1942230731e-05 1.3186022434e-04 5.4789238553e+01
-7.7745588552e-05 1.2294162225e-04 3.2365582263e+01
5.2222086536e-05 1.3499799716e-04 6.7526369877e+01
-1.0151503367e-04 1.1953295611e-04 3.2781285215e+01
-1.2514927845e-04 1.1597487091e-04 3.3279983127e+01
7.1318950366e-05 1.4361369001e-04 7.0668704688e+00
9.7507290149e-05 1.5596992286e-04 1.8580755668e+01
-1.4631783902e-04 1.1187806927e-04 3.3791985112e+01
1.2802275087e-04 1.6315266568e-04 1.7566627898e+01
-1.6756773740e-04 1.0726763677e-04 3.4367854425e+01
-1.8851857149e-04 1.0176855594e-04 3.5006360030e+01
1.6434610913e-04 1.6501011964e-04 1.3779754068e+01
-2.0973309918e-04 9.5453559194e-05 3.5687048977e+01
2.0094816294e-04 1.6048607371e-04 1.3480670289e+01
-3.5826508830e-04 3.1233402485e-06 2.1174926479e+01
3.6081947087e-04 3.9760903972e-06 1.0080814514e+01
3.7078528139e-04 5.2813185504e-05 1.1747993960e+01
-3.3325473536e-04 4.8410743931e-05 1.3346355716e+01
-3.5418064967e-04 3.5853020744e-05 1.1568409348e+01
3.8004606395e-04 3.6182885972e-05 1.1325137290e+01
-2.9235734633e-04 1.6056443122e-06 1.7050606069e+01
2.6859392913e-04 2.7611753634e-06 2.2196263675e+01
2.9232281644e-04 3.1776310371e-06 1.7660151834e+01
2.4455818165e-04 2.3269466184e-06 2.1631597807e+01
-2.4499070644e-04 1.4872385213e-06 3.9216931378e+01
-2.6875211475e-04 1.5233669400e-06 2.8616885600e+01
2.1663846893e-04 1.9483053651e-06 2.0816500000e+01
-2.1718696490e-04 1.4744758830e-06 4.5735046547e+01
-1.8935528896e-04 1.4643503391e-06 4.9216728744e+01
1.8872638551e-04 1.6797137062e-06 2.0758916674e+01
-1.6150592555e-04 1.4581635926e-06 5.1275410276e+01
1.6078808004e-04 1.5393231351e-06 2.1297633900e+01
1.3287577322e-04 1.5327612741e-06 2.1986011681e+01
-1.3364437499e-04 1.4541824719e-06 5.2556163088e+01
-3.7029541677e-04 3.6336016960e-06 1.6454122381e+01
3.7257317296e-04 4.1609172022e-06 6.8472310760e+00
-2.2761960758e-04 8.9735666936e-05 3.6203993228e+01
2.3162407322e-04 1.5289341076e-04 1.3199910341e+01
-2.4547178313e-04 8.3173706958e-05 3.7337587464e+01
2.6142854786e-04 1.4261750490e-04 1.2883874723e+01
2.8894609856e-04 1.2915817220e-04 1.2615698069e+01
-2.6300963671e-04 7.5999968121e-05 3.8272470325e+01
3.1489272582e-04 1.1291632059e-04 1.2360611583e+01
-2.8008208907e-04 6.8742881145e-05 3.8715718413e+01
-2.9499219754e-04 6.1385466151e-05 3.7587948319e+01
3.3531818070e-04 9.5131772437e-05 1.2231054502e+01
-3.6990091655e-04 2.3986256714e-05 1.0310681599e+01
3.8676282219e-04 2.1992582559e-05 1.0536639131e+01
-3.8211674381e-04 4.1204815610e-06 6.8144933665e+00
3.8437858435e-04 4.3219583537e-06 3.7214277533e+00
-3.5049270703e-04 2.6989181048e-06 2.1134478502e+01
3.5285872876e-04 3.9311429300e-06 1.2364635268e+01
-3.3501922032e-04 2.1254591390e-06 1.8000814499e+01
3.3681583801e-04 3.5819006426e-06 1.6616309014e+01
3.1653944358e-04 3.0999968492e-06 1.7418366322e+01
-3.1562991664e-04 1.8230491107e-06 1.7054923240e+01
-2.3704897275e-04 1.4862832143e-06 4.1550530988e+01
2.3657658397e-04 2.2070280271e-06 2.1350045984e+01
2.0866546422e-04 1.8595180757e-06 2.0708808428e+01
-2.0923745482e-04 1.4709950626e-06 4.6942221639e+01
-1.8139984566e-04 1.4622973440e-06 4.9910110815e+01
1.8074685770e-04 1.6254059932e-06 2.0886153711e+01
1.5280075061e-04 1.5314901622e-06 2.1631735351e+01
-1.5354656214e-04 1.4568382206e-06 5.1706179907e+01
-1.2568215223e-04 1.4533596867e-06 5.2813411237e+01
1.0904423531e-04 1.5305320888e-06 2.2876916371e+01
1.2492450309e-04 1.5325833077e-06 2.2153144161e+01
9.3178000346e-05 1.5254059366e-06 2.4510906799e+01
-1.0975567962e-04 1.4521163059e-06 5.3186331962e+01
-9.3826808200e-05 1.4514502080e-06 5.3349967235e+01
-7.7895910328e-05 1.4514655746e-06 5.3257284151e+01
7.7308587490e-05 1.5171566049e-06 2.7335060927e+01
-4.6030000194e-05 1.4542610975e-06 5.1993507276e+01
4.5506025094e-05 1.4884061514e-06 3.5312893856e+01
-6.1963434738e-05 1.4523282983e-06 5.2836451203e+01
2.5647157772e-05 1.4824009767e-06 4.0544352379e+01
9.7274115483e-06 1.4730823899e-06 4.4269047569e+01
6.1427512566e-05 1.5068694418e-06 3.1087177978e+01
-2.6113278139e-05 1.4585845690e-06 5.0181089997e+01
-6.1992313230e-06 1.4654945114e-06 4.7343059271e+01
-2.6427274267e-05 1.2715573035e-04 3.1833117847e+01
-1.6427134837e-05 1.2785150779e-04 3.3959777256e+01
-3.6529515566e-05 1.2640582354e-04 3.1813475944e+01
-6.5356911613e-06 1.2851789028e-04 3.8331691504e+01
-4.9039773084e-05 1.2553616642e-04 3.1947302886e+01
5.6431736821e-06 1.2955515758e-04 4.4490364037e+01
1.5245683014e-05 1.2999881503e-04 4.7773121194e+01
-5.9465758401e-05 1.2450074925e-04 3.2079717940e+01
2.7247984463e-05 1.3131385455e-04 5.1587299981e+01
-7.2872584297e-05 1.2315322090e-04 3.2275691762e+01
-8.2982425609e-05 1.2186129334e-04 3.2438207282e+01
3.6611171410e-05 1.3236268022e-04 5.7829731020e+01
4.8348727785e-05 1.3423800994e-04 6.5573749361e+01
-9.6260032234e-05 1.2012703333e-04 3.2677904573e+01
5.6968030145e-05 1.3611100805e-04 6.9109308108e+01
-1.0649130232e-04 1.1871284911e-04 3.2879340356e+01
-1.1980831695e-04 1.1665127552e-04 3.3161616239e+01
6.7320345769e-05 1.4035271987e-04 5.2642557646e+01
-1.3050796413e-04 1.1483400286e-04 3.3404871103e+01
7.6633413967e-05 1.4864109531e-04 1.9347133067e+01
-1.4111169937e-04 1.1284321626e-04 3.3662100057e+01
9.0405494867e-05 1.5414662331e-04 1.8851459015e+01
1.0525703234e-04 1.5787236515e-04 1.8145437057e+01
-1.5219388496e-04 1.1085274151e-04 3.3939706884e+01
-1.6230378699e-04 1.0837898931e-04 3.4222232700e+01
1.2031054464e-04 1.6161079966e-04 1.7226491888e+01
-1.7258196386e-04 1.0592981093e-04 3.4518347623e+01
1.3703220502e-04 1.6513841985e-04 1.4359901125e+01
1.5551766723e-04 1.6540582111e-04 1.3836888838e+01
1.7415544596e-04 1.6464242120e-04 1.3673157441e+01
-1.9372493124e-04 1.0050748583e-04 3.5163331428e+01
1.9186844626e-04 1.6257428078e-04 1.3521806547e+01
-2.0439560931e-04 9.7437160655e-05 3.5503192708e+01
2.1004594682e-04 1.5922372149e-04 1.3360767341e+01
-2.1471119919e-04 9.3941395741e-05 3.5840171069e+01
-2.3246843025e-04 8.8092313853e-05 3.6312516420e+01
2.4026443586e-04 1.5067989531e-04 1.3087117076e+01
-2.5042216756e-04 8.1355458902e-05 3.7785083598e+01
2.6864895405e-04 1.3999542518e-04 1.2785634176e+01
2.9665631213e-04 1.2472842288e-04 1.2540254668e+01
3.5164990984e-04 7.8521549272e-05 1.2073781085e+01
-3.0773760129e-04 5.5981366302e-05 3.2550090109e+01
-3.2288304692e-04 5.2404513702e-05 1.7198776212e+01
3.6580985907e-04 6.0725245162e-05 1.1860264100e+01
3.7593434740e-04 4.4749377966e-05 1.1551810459e+01
-3.4370623444e-04 4.2666772792e-05 1.2445215206e+01
3.9066141712e-04 1.2605785026e-05 9.2586515041e+00
-3.8191762916e-04 1.3278636535e-05 8.9301885785e+00
-3.8945783392e-04 4.2764906896e-06 6.8619981552e-01
3.9212699617e-04 4.1726393428e-06 2.2626547840e+00
-3.8583243102e-04 4.2487210032e-06 2.8581523285e+00
-3.7971092063e-04 8.3909619012e-06 9.2734464390e+00
-3.7618579016e-04 8.0264324458e-06 1.1259732547e+01
-3.7368479989e-04 1.2221706968e-05 1.1339192210e+01
-3.7025164835e-04 1.1648103339e-05 1.2661936187e+01
-3.6773064228e-04 1.5750005057e-05 1.2218268411e+01
-3.6435309710e-04 1.4992986789e-05 1.3296802664e+01
-3.6184696696e-04 1.9003019159e-05 1.2802748121e+01
-3.5850298755e-04 1.8089685658e-05 1.3821110112e+01
-3.5602921830e-04 2.2010581838e-05 1.3406532902e+01
-3.5270206021e-04 2.0965874616e-05 1.4493412960e+01
-3.5026921545e-04 2.4797555538e-05 1.4196394699e+01
-3.4694249366e-04 2.3644954622e-05 1.5517007717e+01
-3.4455314018e-04 2.7383908725e-05 1.5370082469e+01
-3.4120521769e-04 2.6147343557e-05 1.6816972241e+01
-3.3885648627e-04 2.9786397713e-05 1.6821108510e+01
-3.3563148937e-04 2.8457229185e-05 1.7032910964e+01
-3.3780027864e-04 2.4947938684e-05 1.7035029819e+01
-3.3246775434e-04 2.7157438805e-05 1.6986224667e+01
-3.3037375873e-04 3.0555294377e-05 1.6985701785e+01
-3.2743114771e-04 2.9181136915e-05 1.7021348305e+01
-3.2936803395e-04 2.5894197644e-05 1.7026337144e+01
-3.2453072227e-04 2.7866905523e-05 1.7052450826e+01
-3.2270277979e-04 3.1030148922e-05 1.7046139053e+01
-3.1997727648e-04 2.9689381674e-05 1.7084714477e+01
-3.1828315845e-04 3.2722939402e-05 1.7085546325e+01
-3.1570404269e-04 3.1379514053e-05 1.7116757675e+01
-3.1727102371e-04 2.8465049877e-05 1.7101822494e+01
-3.1311840576e-04 3.0149889386e-05 1.7125076772e+01
-3.1169707718e-04 3.2959118337e-05 1.7143814775e+01
-3.0921215090e-04 3.1742566712e-05 1.7138810429e+01
-3.1054424868e-04 2.9024246966e-05 1.7101196004e+01
-3.0669964261e-04 3.0638841283e-05 1.7116023534e+01
-3.0551178585e-04 3.3259209004e-05 1.7149358948e+01
-3.0306647671e-04 3.2183848164e-05 1.7119131484e+01
-3.0417231764e-04 2.9622530790e-05 1.7095711155e+01
-3.0058306758e-04 3.1190251824e-05 1.7107905943e+01
-2.9960651557e-04 3.3687240555e-05 1.7117420180e+01
-2.9716946917e-04 3.2711542921e-05 1.7107720359e+01
-2.9806037068e-04 3.0268611489e-05 1.7096562997e+01
-2.9469222812e-04 3.1808743087e-05 1.7100046291e+01
-2.9389656670e-04 3.4204636689e-05 1.7089647773e+01
-2.9145538919e-04 3.3322325142e-05 1.7088237047e+01
-2.9217876753e-04 3.0971449973e-05 1.7085203563e+01
-2.8897797533e-04 3.2502602500e-05 1.7132359428e+01
-2.8963283994e-04 3.0197044409e-05 1.7102635435e+01
-2.8646840300e-04 3.1742465078e-05 1.7005019068e+01
-2.8588984587e-04 3.4014259829e-05 1.6892246445e+01
-2.8340846546e-04 3.3270551115e-05 1.7971287908e+01
-2.8393158067e-04 3.1036678496e-05 1.6979712280e+01
-2.8087324592e-04 3.2589706468e-05 2.0165282165e+01
-2.8038478896e-04 3.4811158449e-05 2.1484635798e+01
-2.7783323250e-04 3.4160059982e-05 2.3161948173e+01
-2.7827769141e-04 3.1969917077e-05 2.2174016669e+01
-2.7522526533e-04 3.3564558208e-05 2.4801404008e+01
-2.7562263497e-04 3.1406221273e-05 2.3959459710e+01
-2.7256101345e-04 3.3020878791e-05 2.6350798506e+01
-2.7220037468e-04 3.5173787265e-05 2.7085921509e+01
-2.6952968604e-04 3.4648007871e-05 2.8386693267e+01
-2.6984119795e-04 3.2525284489e-05 2.7802078918e+01
-2.6680628734e-04 3.4167009486e-05 2.9622400220e+01
-2.6706691837e-04 3.2074139748e-05 2.9170728372e+01
-2.6403132349e-04 3.3727537300e-05 3.0791560110e+01
-2.6380505401e-04 3.5819794204e-05 3.1176829631e+01
-2.6103084429e-04 3.5390762693e-05 3.2178337692e+01
-2.6120624362e-04 3.3326413099e-05 3.1895954868e+01
-2.5820895683e-04 3.4997819863e-05 3.3129680058e+01
-2.5833274756e-04 3.2960578905e-05 3.2936674119e+01
-2.5534103428e-04 3.4638181296e-05 3.4031001922e+01
-2.5524800776e-04 3.6678211756e-05 3.4178606874e+01
-2.5238625666e-04 3.6324084122e-05 3.4960254076e+01
-2.5242888793e-04 3.4309172964e-05 3.4882940101e+01
-2.4947437799e-04 3.4008275990e-05 3.5686722815e+01
-2.4653780604e-04 3.5700758035e-05 3.6405598728e+01
-2.4657266623e-04 3.7696740756e-05 3.6391059112e+01
-2.4363833375e-04 3.7400722469e-05 3.7006943026e+01
-2.4355471604e-04 3.5427042519e-05 3.7070366419e+01
-2.4066693434e-04 3.7128222146e-05 3.7591448393e+01
-2.4053481178e-04 3.5175838125e-05 3.7697856087e+01
-2.3766018416e-04 3.6877337022e-05 3.8145176246e+01
-2.3781574547e-04 3.8836658441e-05 3.8018608786e+01
-2.3482193470e-04 3.8585930301e-05 3.8507921861e+01
-2.3461983693e-04 3.6646273896e-05 3.8668980519e+01
-2.3154758423e-04 3.6433352688e-05 3.9163917691e+01
-2.2844509255e-04 3.6237030555e-05 3.9631185470e+01
-2.2565245738e-04 3.7942344777e-05 3.9830345121e+01
-2.2596497930e-04 3.9854185231e-05 3.9600715457e+01
-2.2289458358e-04 3.9654614285e-05 3.9974158758e+01
-2.2253853235e-04 3.7759187263e-05 4.0225548078e+01
-2.1979727886e-04 3.9469452208e-05 4.0329050220e+01
-2.1939838221e-04 3.7589546897e-05 4.0599632086e+01
-2.1667448389e-04 3.9297523798e-05 4.0666175483e+01
-2.1623343663e-04 3.7432294277e-05 4.0953667094e+01
-2.1352758839e-04 3.9137744022e-05 4.0986354366e+01
-2.1398392071e-04 4.1012521926e-05 4.0692214864e+01
-2.1085456733e-04 4.0850250021e-05 4.0982340357e+01
-2.1035786152e-04 3.8989124316e-05 4.1290428277e+01
-2.0770291398e-04 4.0698976136e-05 4.1258815524e+01
-2.0716654635e-04 3.8850746964e-05 4.1579255874e+01
-2.0453012499e-04 4.0557825605e-05 4.1522300476e+01
-2.0395481977e-04 3.8721768469e-05 4.1853679985e+01
-2.0133738884e-04 4.0425984412e-05 4.1773465213e+01
-2.0192510015e-04 4.2272088844e-05 4.1438081687e+01
-1.9875231336e-04 4.2134793997e-05 4.1668733175e+01
-1.9555976238e-04 4.2008190681e-05 4.1889102280e+01
-1.9489656316e-04 4.0186816233e-05 4.2241549017e+01
-1.9234800796e-04 4.1892532243e-05 4.2099561913e+01
-1.9164992643e-04 4.0079171639e-05 4.2459625096e+01
-1.8912075482e-04 4.1782099346e-05 4.2301351166e+01
-1.8838744632e-04 3.9977986934e-05 4.2668011238e+01
-1.8587799513e-04 4.1678030605e-05 4.2494744399e+01
-1.8662073282e-04 4.3492562390e-05 4.2125760347e+01
-1.8339726653e-04 4.3385610622e-05 4.2305532020e+01
-1.8262037962e-04 4.1580129250e-05 4.2680203447e+01
-1.8015909112e-04 4.3284938493e-05 4.2478401182e+01
-1.7934865416e-04 4.1488020929e-05 4.2858193820e+01
-1.7690698242e-04 4.3190105181e-05 4.2644780564e+01
-1.7606357192e-04 4.1401293949e-05 4.3029178645e+01
-1.7364166802e-04 4.3100702078e-05 4.2805036110e+01
-1.7276584411e-04 4.1319561524e-05 4.3193583168e+01
-1.7036384912e-04 4.3016365908e-05 4.2959547061e+01
-1.7124702550e-04 4.4807902999e-05 4.2569420795e+01
-1.6707420353e-04 4.2936761562e-05 4.3108641261e+01
-1.6471878530e-04 4.4638952554e-05 4.2855489233e+01
-1.6377334425e-04 4.2861572879e-05 4.3252636114e+01
-1.6143769791e-04 4.4561364954e-05 4.2991698803e+01
-1.6046184944e-04 4.2790523137e-05 4.3391815936e+01
-1.5814607023e-04 4.4487990186e-05 4.3123679377e+01
-1.5714026866e-04 4.2723346469e-05 4.3526441899e+01
-1.5484445588e-04 4.4418575209e-05 4.3251647269e+01
-1.5380914582e-04 4.2659819560e-05 4.3656735772e+01
-1.5153338027e-04 4.4352898643e-05 4.3375780136e+01
-1.5257412532e-04 4.6121975852e-05 4.2969419507e+01
-1.4928261908e-04 4.6054265164e-05 4.3087829786e+01
-1.4821331239e-04 4.4290764718e-05 4.3496228406e+01
-1.4598227599e-04 4.5990206942e-05 4.3202973929e+01
-1.4488476029e-04 4.4231975716e-05 4.3613112698e+01
-1.4267385212e-04 4.5929468367e-05 4.3314960630e+01
-1.4154820303e-04 4.4176383953e-05 4.3726511881e+01
-1.3935745971e-04 4.5871940433e-05 4.3423843172e+01
-1.3820404906e-04 4.4123762336e-05 4.3836492114e+01
-1.3603329986e-04 4.5817625450e-05 4.3529614792e+01
-1.3485440693e-04 4.4074671402e-05 4.3942862145e+01
-1.3270230010e-04 4.5766400983e-05 4.3632241966e+01
-1.3150030256e-04 4.4028289654e-05 4.4045735770e+01
-1.2936477030e-04 4.5718917047e-05 4.3731503666e+01
-1.3057555111e-04 4.7467452290e-05 4.3316758722e+01
-1.2725735396e-04 4.7417376014e-05 4.3412938527e+01
-1.2601950335e-04 4.5673186936e-05 4.3827758148e+01
-1.2393302775e-04 4.7370551692e-05 4.3506010577e+01
-1.2266897400e-04 4.5630199515e-05 4.3920575943e+01
-1.2060271308e-04 4.7326398767e-05 4.3595928756e+01
-1.1931289187e-04 4.5589830007e-05 4.4009804243e+01
-1.1726684730e-04 4.7284948631e-05 4.3682467232e+01
-1.1595151158e-04 4.5551996499e-05 4.4095218168e+01
-1.1392571056e-04 4.7246167360e-05 4.3765369768e+01
-1.1258513156e-04 4.5516684606e-05 4.4176531216e+01
-1.0921407504e-04 4.5483837196e-05 4.4253422943e+01
-1.0721059797e-04 4.7179679969e-05 4.3918669037e+01
-1.0583556958e-04 4.5453993315e-05 4.4325426173e+01
-1.0245911147e-04 4.5425439435e-05 4.4392317303e+01
-1.0050533728e-04 4.7114091009e-05 4.4054655370e+01
-9.9079487375e-05 4.5399764331e-05 4.4453341843e+01
-9.8574305428e-05 4.8819262872e-05 4.3713396883e+01
-9.5248511122e-05 4.8793155183e-05 4.3770627530e+01
-9.3786585628e-05 4.7068127081e-05 4.4165842108e+01
-9.1905916586e-05 4.8769952654e-05 4.3821850624e+01
-8.8558039270e-05 4.8749737772e-05 4.3866174594e+01
-8.7045643337e-05 4.7030832603e-05 4.4249805802e+01
-8.5207376335e-05 4.8732350307e-05 4.3902866332e+01
-8.3671515580e-05 4.7015416875e-05 4.4279665191e+01
-8.1854262390e-05 4.8717834358e-05 4.3931095572e+01
-8.0295071841e-05 4.7003705142e-05 4.4299977534e+01
-7.8498927398e-05 4.8706448523e-05 4.3949912671e+01
-7.6916776340e-05 4.6994602693e-05 4.4310020279e+01
-7.5141874810e-05 4.8698178760e-05 4.3958339310e+01
-7.1783454017e-05 4.8693090376e-05 4.3955294388e+01
-7.0155830303e-05 4.6985473533e-05 4.4294778568e+01
-6.8423835499e-05 4.8691490563e-05 4.3939553166e+01
-6.5063452425e-05 4.8693393098e-05 4.3909854123e+01
-6.3391145496e-05 4.6989261780e-05 4.4224242985e+01
-6.1702638116e-05 4.8698902493e-05 4.3864814875e+01
-6.0008223057e-05 4.6997055212e-05 4.4164649844e+01
-5.8341707334e-05 4.8708395305e-05 4.3802891512e+01
-5.6626380527e-05 4.7007988784e-05 4.4087005745e+01
-5.4981214079e-05 4.8721860435e-05 4.3722509745e+01
-5.3246105885e-05 4.7023832088e-05 4.3989346168e+01
-5.1621589631e-05 4.8740403760e-05 4.3621775773e+01
-5.3359705787e-05 5.0447917995e-05 4.3360190388e+01
-5.0020944512e-05 5.0468881452e-05 4.3256849180e+01
-4.8261975283e-05 4.8762710335e-05 4.3499071871e+01
-4.6683680374e-05 5.0494215604e-05 4.3131132018e+01
-4.4904166515e-05 4.8789698313e-05 4.3352330053e+01
-4.3349876828e-05 5.0524205106e-05 4.2981060285e+01
-4.1548569856e-05 4.8821615174e-05 4.3179449484e+01
-4.0017949384e-05 5.0559944939e-05 4.2804244868e+01
-3.8195287404e-05 4.8858834402e-05 4.2978162342e+01
-3.6687424880e-05 5.0601130933e-05 4.2598409409e+01
-3.4844576771e-05 4.8901596230e-05 4.2746092955e+01
-3.3360184191e-05 5.0648372610e-05 4.2361114079e+01
-3.1497128213e-05 4.8950212132e-05 4.2480760544e+01
-3.0037006490e-05 5.0702042956e-05 4.2089807049e+01
-2.6716999628e-05 5.0762033083e-05 4.1781714156e+01
-2.4814151247e-05 4.9066321315e-05 4.1839715038e+01
-2.3401919245e-05 5.0829062350e-05 4.1434015055e+01
-2.1479718173e-05 4.9134093315e-05 4.1458478061e+01
-2.0092602035e-05 5.0903507549e-05 4.1043790080e+01
-1.8150868798e-05 4.9209765430e-05 4.1032748423e+01
-1.6788304020e-05 5.0985493635e-05 4.0607824399e+01
-1.4828099591e-05 4.9292712678e-05 4.0559622057e+01
-1.3490847870e-05 5.1075629912e-05 4.0123031617e+01
-1.1512258603e-05 4.9383580490e-05 4.0035999122e+01
-1.0201177179e-05 5.1174396468e-05 3.9586209926e+01
-8.2041491409e-06 4.9482771659e-05 3.9458772197e+01
-6.9187534930e-06 5.1281815693e-05 3.8993882502e+01
-4.9043643405e-06 4.9590644177e-05 3.8824791619e+01
-3.6454794777e-06 5.1398626686e-05 3.8342844674e+01
-1.6138928051e-06 4.9707595110e-05 3.8131013315e+01
1.6662955416e-06 4.9834050667e-05 3.7374477431e+01
2.8706701537e-06 5.1661882675e-05 3.6851475890e+01
4.9354432173e-06 4.9970295053e-05 3.6552344228e+01
6.1118329364e-06 5.1809078882e-05 3.6004776899e+01
8.1924033149e-06 5.0116422480e-05 3.5662138891e+01
9.3397954945e-06 5.1967280017e-05 3.5087001907e+01
1.1435973184e-05 5.0273708842e-05 3.4701589747e+01
1.2554577952e-05 5.2136679802e-05 3.4095341689e+01
1.4665237266e-05 5.0441593674e-05 3.3669074407e+01
1.5754031593e-05 5.2317788029e-05 3.3028013330e+01
1.7878857021e-05 5.0620289119e-05 3.2563658018e+01
1.8936701759e-05 5.2510941474e-05 3.1883779236e+01
2.1075388003e-05 5.0810972276e-05 3.1385189725e+01
2.2102297023e-05 5.2716278842e-05 3.0661783380e+01
2.4253719579e-05 5.1013025045e-05 3.0134682299e+01
2.5248513901e-05 5.2934186823e-05 2.9363510554e+01
2.7412265210e-05 5.1226846770e-05 2.8814971032e+01
2.8373673772e-05 5.3164926233e-05 2.7989708983e+01
3.0549475111e-05 5.1452560305e-05 2.7431604985e+01
3.1477180425e-05 5.3408378106e-05 2.6547093609e+01
3.3663915608e-05 5.1690214425e-05 2.5978596621e+01
3.6753808381e-05 5.1939803918e-05 2.4536629770e+01
3.7609320524e-05 5.3934665805e-05 2.3301194973e+01
3.9816796785e-05 5.2200910850e-05 2.2881259815e+01
4.0645653327e-05 5.4218426139e-05 2.2608397976e+01
4.2875380565e-05 5.2479122392e-05 2.2676755439e+01
4.3695862260e-05 5.4523229710e-05 2.2765723689e+01
4.5950079739e-05 5.2777735324e-05 2.2719142218e+01
4.6761136372e-05 5.4849345119e-05 2.2723688419e+01
4.9041129518e-05 5.3097087861e-05 2.2726306868e+01
4.9843208784e-05 5.5196911145e-05 2.2722683274e+01
5.2149260498e-05 5.3438355219e-05 2.2723025539e+01
5.2942297424e-05 5.5566599743e-05 2.2721842250e+01
5.5275557218e-05 5.3801206381e-05 2.2724889843e+01
5.8420989239e-05 5.4185905249e-05 2.2726426996e+01
5.9195926424e-05 5.6373404415e-05 2.2723320265e+01
6.1586416964e-05 5.4593545560e-05 2.2729137120e+01
6.2352664544e-05 5.6811315189e-05 2.2725457652e+01
6.4773057636e-05 5.5023794872e-05 2.2732650080e+01
6.5530499588e-05 5.7272727285e-05 2.2728616195e+01
6.7981998783e-05 5.5476896583e-05 2.2737057752e+01
6.8731260460e-05 5.7757799277e-05 2.2732907088e+01
7.1214197866e-05 5.5953870419e-05 2.2742657516e+01
7.1955547763e-05 5.8267093050e-05 2.2738410881e+01
7.4470986983e-05 5.6454365816e-05 2.2749412204e+01
7.5204501532e-05 5.8800839265e-05 2.2745222925e+01
7.7753554245e-05 5.6978574800e-05 2.2757302398e+01
7.8479974064e-05 5.9359166029e-05 2.2753390636e+01
8.1062938889e-05 5.7527407336e-05 2.2766512232e+01
8.1782744133e-05 5.9942532117e-05 2.2762923624e+01
8.4400566283e-05 5.8100467902e-05 2.2776919927e+01
8.5114218963e-05 6.0551062824e-05 2.2773744512e+01
8.7767708497e-05 5.8697870825e-05 2.2788394053e+01
8.8475805815e-05 6.1184912847e-05 2.2785851697e+01
9.1165447719e-05 5.9320390943e-05 2.2801012025e+01
9.1868647358e-05 6.1844381000e-05 2.2799134920e+01
9.4595242017e-05 5.9967578067e-05 2.2814579751e+01
9.5294545785e-05 6.2529450270e-05 2.2813508945e+01
9.8058483508e-05 6.0639444825e-05 2.2828886483e+01
9.8754563269e-05 6.3240251566e-05 2.2828809736e+01
1.0155620806e-04 6.1336627947e-05 2.2843939030e+01
-1.2176324103e-05 5.2874970566e-05 3.9693712899e+01
-3.1898275034e-05 5.2409643613e-05 4.1981292193e+01
7.2656798384e-06 5.3667100224e-05 3.5463782370e+01
1.0225006505e-04 6.3976933073e-05 2.2844842340e+01
1.0508992639e-04 6.2058607555e-05 2.2859478412e+01
-7.3389767707e-05 5.0412995564e-05 4.3606766754e+01
2.6221755564e-05 5.4878946607e-05 2.8586041791e+01
-5.1759593672e-05 5.2186219168e-05 4.3000664240e+01
1.0578242371e-04 6.4739387492e-05 2.2861484313e+01
1.0866086436e-04 6.2805492845e-05 2.2875341001e+01
4.4513610134e-05 5.6599008480e-05 2.2715771549e+01
1.0935313136e-04 6.5527744074e-05 2.2878151851e+01
1.1227034262e-04 6.3577204544e-05 2.2891766869e+01
-9.3364112271e-05 5.0501929209e-05 4.3427584013e+01
1.1296353496e-04 6.6341814166e-05 2.2895465292e+01
1.1591961531e-04 6.4373663221e-05 2.2905099764e+01
6.3112953222e-05 5.9062071489e-05 2.2720389883e+01
-1.1855982761e-04 4.9032230995e-05 4.3267726630e+01
1.1661484838e-04 6.7181569876e-05 2.2911597630e+01
1.1961001569e-04 6.5194642330e-05 2.2929611860e+01
1.2030837549e-04 6.8046974844e-05 2.2902080076e+01
1.2334287647e-04 6.6039670014e-05 2.2953739666e+01
1.2404721766e-04 6.8937506530e-05 2.3037765201e+01
1.2711795179e-04 6.6909759732e-05 2.2700258985e+01
8.2495103990e-05 6.2393837502e-05 2.2758453085e+01
1.2781250358e-04 6.9850224970e-05 2.2220773701e+01
1.3088980323e-04 6.7795656598e-05 2.1605647563e+01
-1.5032872362e-04 4.7833669709e-05 4.2680489931e+01
1.3156181131e-04 7.0777330515e-05 2.1083891292e+01
1.3464642375e-04 6.8694422451e-05 2.0625181255e+01
9.9441913166e-05 6.5881978095e-05 2.2828844880e+01
1.3529510186e-04 7.1715891605e-05 2.0073190907e+01
1.3838872326e-04 6.9603288885e-05 1.9700644979e+01
1.3902353190e-04 7.2668130715e-05 1.9137477117e+01
1.4211850508e-04 7.0519845618e-05 1.8864086960e+01
1.4271815523e-04 7.3614529437e-05 1.8313575913e+01
1.4583150719e-04 7.1438131946e-05 1.8136835002e+01
1.1730136964e-04 7.0037450393e-05 2.2925804722e+01
1.4640621487e-04 7.4563522113e-05 1.7586729362e+01
1.4953218597e-04 7.2356630092e-05 1.7501207304e+01
1.5006774255e-04 7.5512369752e-05 1.7070333948e+01
1.5321778053e-04 7.3270939954e-05 1.7068288333e+01
1.5374183950e-04 7.6470508602e-05 1.6996635982e+01
1.5691278675e-04 7.4195783824e-05 1.6995447661e+01
1.3594365730e-04 7.4797396115e-05 1.9473297934e+01
1.5745678164e-04 7.7464673662e-05 1.7027304915e+01
1.6064648608e-04 7.5156888183e-05 1.7028369266e+01
1.5638159855e-04 7.1016753202e-05 1.7074954424e+01
1.3019584577e-04 6.4863912702e-05 2.2131684898e+01
1.0438761501e-04 5.9420202168e-05 2.2857945928e+01
2.3233286584e-05 4.9114480675e-05 3.0900704132e+01
-2.6253613247e-05 4.7318000200e-05 4.2251283034e+01
8.3677569296e-05 5.5686392343e-05 2.2779321743e+01
6.4007896182e-05 5.2808422039e-05 2.2736115115e+01
4.5133831170e-05 5.0737902794e-05 2.2782166376e+01
3.7323713571e-06 4.8149821657e-05 3.7105699350e+01
1.6121163419e-04 7.8494222825e-05 1.7023346711e+01
1.6441910077e-04 7.6154162269e-05 1.7023971689e+01
1.6500606835e-04 7.9557394443e-05 1.7022539904e+01
1.6823073885e-04 7.7186138099e-05 1.7023736236e+01
-7.8719781260e-05 4.5302056551e-05 4.4661290441e+01
1.5427746120e-04 7.9755580622e-05 1.7026442482e+01
1.6883977636e-04 8.0651905437e-05 1.7016360006e+01
1.7208120453e-04 7.8251026771e-05 1.7017212721e+01
-1.0443458958e-04 4.3743414331e-05 4.4728066784e+01
1.7271224576e-04 8.1774952605e-05 1.7010220273e+01
1.7597020455e-04 7.9346079309e-05 1.7010500779e+01
1.7532733255e-04 7.5831765100e-05 1.7018292988e+01
1.7923107113e-04 7.6897895366e-05 1.7010959522e+01
1.7857851886e-04 7.3396231512e-05 1.7019837256e+01
1.8249509391e-04 7.4432162482e-05 1.7011598092e+01
1.8317238595e-04 7.7992868878e-05 1.7003004474e+01
1.8644942627e-04 7.5499246225e-05 1.7003634926e+01
1.8576265780e-04 7.1950774297e-05 1.7012681434e+01
1.8972799182e-04 7.2988688898e-05 1.7004388849e+01
1.9044071275e-04 7.6593457809e-05 1.6994683312e+01
1.9373065565e-04 7.4056572862e-05 1.6992002634e+01
1.9446767478e-04 7.7710101175e-05 1.7004615455e+01
1.9776945117e-04 7.5149649748e-05 1.7009384672e+01
1.8903431553e-04 6.9455775000e-05 1.7014389749e+01
-1.3702829718e-04 4.2390689227e-05 4.4248493098e+01
1.9852860825e-04 7.8844066652e-05 1.6938383406e+01
2.0184287814e-04 7.6262163428e-05 1.6914482401e+01
2.0260381516e-04 7.9979233788e-05 1.6592125486e+01
2.0592624952e-04 7.7372644887e-05 1.6557117991e+01
-1.5611022391e-04 4.0974946614e-05 4.3929968700e+01
2.0666869455e-04 8.1095573412e-05 1.6294819845e+01
2.0999942556e-04 7.8464999749e-05 1.6282086303e+01
2.0924547307e-04 7.4748745141e-05 1.6528391048e+01
2.1332665553e-04 7.5817710010e-05 1.6274187630e+01
2.1256164352e-04 7.2108111177e-05 1.6505771714e+01
2.1665036157e-04 7.3154065138e-05 1.6271063229e+01
2.1739903917e-04 7.6868687545e-05 1.6042024949e+01
2.2073052245e-04 7.4182325878e-05 1.6049130380e+01
2.1997128430e-04 7.0474690647e-05 1.6273131598e+01
2.2405928189e-04 7.1480632625e-05 1.6061478227e+01
2.2480292509e-04 7.5192576569e-05 1.5867272943e+01
2.2813942304e-04 7.2468695753e-05 1.5887450069e+01
2.0333393679e-04 8.3708995020e-05 1.6313060006e+01
2.2886790130e-04 7.6184595841e-05 1.5710063563e+01
2.3221213535e-04 7.3438714543e-05 1.5735481571e+01
2.3147286216e-04 6.9730187303e-05 1.5912610182e+01
2.3555315830e-04 7.0678286443e-05 1.5765025040e+01
2.3627779092e-04 7.4390775976e-05 1.5603729470e+01
2.3962618973e-04 7.1608504465e-05 1.5636125990e+01
2.3480241438e-04 6.6977123945e-05 1.5942301523e+01
2.4033657869e-04 7.5324882232e-05 1.5487281474e+01
2.4369218647e-04 7.2520652658e-05 1.5521251316e+01
2.4438852756e-04 7.6241295824e-05 1.5382530619e+01
2.4775095062e-04 7.3415474072e-05 1.5416964451e+01
1.6945702965e-04 8.4182826912e-05 1.7010094066e+01
-1.6887133377e-04 4.6519105541e-05 4.2324455015e+01
-1.9092565518e-04 3.8285660277e-05 4.2823670503e+01
-9.5165551785e-06 4.7700031684e-05 3.9930593241e+01
-3.9730429233e-05 4.7129766182e-05 4.3362240385e+01
-1.1800804159e-04 4.3867104142e-05 4.4421400583e+01
-1.9933248914e-04 4.3991218584e-05 4.1330862581e+01
2.4843361585e-04 7.7140422701e-05 1.5286022664e+01
2.5180245327e-04 7.4293153837e-05 1.5320093709e+01
2.4506130416e-04 7.9972404092e-05 1.5254745690e+01
2.5111019843e-04 7.0574513521e-05 1.5454360237e+01
2.5516814453e-04 7.1430489548e-05 1.5356781043e+01
2.5446654983e-04 6.7718223537e-05 1.5494555391e+01
2.5853085572e-04 6.8552214381e-05 1.5395848925e+01
2.5782023164e-04 6.4846419059e-05 1.5537325426e+01
2.6189076070e-04 6.5658061978e-05 1.5436975948e+01
2.6258684141e-04 6.9369648902e-05 1.5300248155e+01
2.6595249734e-04 6.6453142198e-05 1.5338997877e+01
2.6663397966e-04 7.0171172038e-05 1.5205723375e+01
2.7000486857e-04 6.7232339111e-05 1.5241485607e+01
2.6117137537e-04 6.1958861734e-05 1.5582357841e+01
2.7067178582e-04 7.0957567834e-05 1.5110564323e+01
2.7404728416e-04 6.7996473441e-05 1.5142935033e+01
2.7469962958e-04 7.1729695729e-05 1.5013371784e+01
2.7807904313e-04 6.8746453898e-05 1.5042104305e+01
2.7741987491e-04 6.5017852857e-05 1.5175330359e+01
2.8145561936e-04 6.5745104798e-05 1.5070421689e+01
2.8078974300e-04 6.2021186472e-05 1.5207160136e+01
2.8482943808e-04 6.2725167971e-05 1.5097775343e+01
2.8548017463e-04 6.6459505961e-05 1.4962181601e+01
2.8885661641e-04 6.3416272242e-05 1.4985144899e+01
2.8820047442e-04 5.9686083683e-05 1.5123631076e+01
2.9223069697e-04 6.0353328914e-05 1.5006406555e+01
2.9286990086e-04 6.4095781531e-05 1.4868653145e+01
2.9624650633e-04 6.1009053503e-05 1.4885560628e+01
2.9156871913e-04 5.6627229872e-05 1.5147528928e+01
2.9686854197e-04 6.4765130238e-05 1.4747673327e+01
3.0024678078e-04 6.1654677201e-05 1.4760453306e+01
3.0085140341e-04 6.5425748727e-05 1.4621561811e+01
3.0423036325e-04 6.2291737272e-05 1.4630354343e+01
-1.7519485850e-04 3.9630617547e-05 4.3415840363e+01
3.0481729702e-04 6.6079462317e-05 1.4489627169e+01
3.0819600209e-04 6.2922036040e-05 1.4494453581e+01
3.0143572931e-04 6.9214029959e-05 1.4482725663e+01
3.0760652311e-04 5.9134939536e-05 1.4637104489e+01
3.1157193765e-04 5.9740743441e-05 1.4497059039e+01
3.1097990799e-04 5.5954208412e-05 1.4641795945e+01
3.1494513613e-04 5.6534499381e-05 1.4497291558e+01
3.1435056175e-04 5.2748512604e-05 1.4644438033e+01
3.1831569652e-04 5.3301932772e-05 1.4494901868e+01
3.1771841665e-04 4.9516602679e-05 1.4644967665e+01
3.2168342172e-04 5.0041749624e-05 1.4489372212e+01
2.7131712053e-04 7.4695479647e-05 1.4984739501e+01
3.0538456521e-04 6.9885028301e-05 1.4348098265e+01
3.0200128197e-04 7.3018949071e-05 1.4342948739e+01
3.1888895660e-04 5.7110425988e-05 1.4345343375e+01
3.2108325827e-04 4.6257085841e-05 1.4643041004e+01
3.2504803136e-04 4.6752398748e-05 1.4479644187e+01
3.1709479810e-04 4.5754719121e-05 1.4796837866e+01
7.2689598480e-05 6.0614558524e-05 2.2732983164e+01
5.3730873280e-05 5.7727046753e-05 2.2717780360e+01
3.5428661853e-05 5.5666146706e-05 2.4104710907e+01
1.6820653582e-05 5.4215142350e-05 3.2390064695e+01
-2.4093072188e-06 5.3224307672e-05 3.7868454754e+01
-1.0855797944e-04 4.8917754413e-05 4.3509070417e+01
-2.2012325693e-05 5.2607174315e-05 4.1034669270e+01
-8.3391779726e-05 5.0444737961e-05 4.3555169310e+01
-1.4048762706e-04 4.7635362713e-05 4.3011235980e+01
-4.1817550284e-05 5.2272329831e-05 4.2613680015e+01
-1.2847275009e-04 4.9176955124e-05 4.2997199986e+01
-2.0660341422e-04 3.7024830271e-05 4.1906345702e+01
-2.1897238086e-04 3.5733946617e-05 4.0880152763e+01
-2.3127288080e-04 3.4538697896e-05 3.9370203011e+01
2.0738122966e-04 8.4830478850e-05 1.6049869647e+01
2.0403292209e-04 8.7450726537e-05 1.6062593285e+01
2.0806366288e-04 8.8576555969e-05 1.5832725310e+01
2.0470142123e-04 9.1203380745e-05 1.5838801158e+01
2.0871645965e-04 9.2332722593e-05 1.5642056223e+01
2.0533923815e-04 9.4966047254e-05 1.5643870901e+01
2.0933981373e-04 9.6098099893e-05 1.5476687167e+01
2.0594673318e-04 9.8737651069e-05 1.5476037491e+01
2.0993412093e-04 9.9871606936e-05 1.5334469296e+01
2.0652483977e-04 1.0251693978e-04 1.5333261650e+01
2.1050009802e-04 1.0365206212e-04 1.5211933131e+01
2.0707332453e-04 1.0630275923e-04 1.5211267726e+01
2.1103851973e-04 1.0743822465e-04 1.5104913271e+01
2.0759348505e-04 1.1009367785e-04 1.5105303098e+01
2.0363662566e-04 1.0893513190e-04 1.5213418751e+01
2.0413726553e-04 1.1273061272e-04 1.5108339413e+01
2.0018906880e-04 1.1154842867e-04 1.5218510051e+01
2.1155060783e-04 1.1122877617e-04 1.5008758792e+01
2.0066883570e-04 1.1534829099e-04 1.5114092282e+01
1.9672958466e-04 1.1414183322e-04 1.5226747753e+01
1.9718705824e-04 1.1794582840e-04 1.5122677483e+01
1.9325586370e-04 1.1671438018e-04 1.5238451312e+01
1.9369046506e-04 1.2052222248e-04 1.5134270844e+01
1.8976859741e-04 1.1926545507e-04 1.5253972180e+01
2.1500309357e-04 1.0855124330e-04 1.5009757080e+01
2.1550838346e-04 1.1234128611e-04 1.4918938201e+01
2.1896736751e-04 1.0964274194e-04 1.4921185107e+01
2.1946693671e-04 1.1343229192e-04 1.4832208448e+01
2.2293160843e-04 1.1071345790e-04 1.4835696093e+01
1.9017799010e-04 1.2307643070e-04 1.5149104836e+01
1.8626769234e-04 1.2179257590e-04 1.5273902364e+01
1.9761572599e-04 1.2175093802e-04 1.5028221429e+01
2.2342640573e-04 1.1450276984e-04 1.4745866645e+01
2.2689581489e-04 1.1176448360e-04 1.4750641639e+01
1.8664844172e-04 1.2560693968e-04 1.5167479971e+01
1.8274802978e-04 1.2429551901e-04 1.5299056166e+01
1.8236020201e-04 1.2047833041e-04 1.5422266264e+01
1.7885342717e-04 1.2295138997e-04 1.5456605611e+01
1.7920950427e-04 1.2677230336e-04 1.5330270142e+01
1.7532763452e-04 1.2539569965e-04 1.5500529304e+01
1.7496382472e-04 1.2157315878e-04 1.5653373191e+01
1.7145105508e-04 1.2398495692e-04 1.5711872035e+01
1.7107702023e-04 1.2016059310e-04 1.5915574704e+01
1.6757751407e-04 1.2254002649e-04 1.6003063302e+01
1.6719090894e-04 1.1871350615e-04 1.6215471403e+01
1.6370678426e-04 1.2105717897e-04 1.6316807752e+01
1.6330053098e-04 1.1723132506e-04 1.6819285860e+01
1.5983626926e-04 1.1953744581e-04 1.6835556339e+01
1.6020226497e-04 1.2336844095e-04 1.6575195988e+01
1.5635435497e-04 1.2181398761e-04 1.7008339294e+01
1.5599271490e-04 1.1800079978e-04 1.7006763786e+01
1.5254678608e-04 1.2024527160e-04 1.6980114736e+01
1.5219163417e-04 1.1645778915e-04 1.6999003585e+01
1.4878189982e-04 1.1866888461e-04 1.7004660819e+01
1.4843317487e-04 1.1491531400e-04 1.7007410541e+01
1.4506064872e-04 1.1709217364e-04 1.7011529208e+01
1.4471889852e-04 1.1337949565e-04 1.7013579583e+01
1.4138428979e-04 1.1552252337e-04 1.7017630211e+01
1.4168416221e-04 1.1923251619e-04 1.7017355801e+01
1.3804871139e-04 1.1762773611e-04 1.7022917295e+01
1.3775406848e-04 1.1396688435e-04 1.7018860024e+01
1.3446028518e-04 1.1603763903e-04 1.7022663771e+01
1.3417044557e-04 1.1243155724e-04 1.7014818481e+01
1.3091954985e-04 1.1446853877e-04 1.7017767409e+01
1.3063468914e-04 1.1091946589e-04 1.7005328587e+01
1.2742707785e-04 1.1292496251e-04 1.6999497300e+01
1.2714593009e-04 1.0943596805e-04 1.7002507298e+01
1.2398304501e-04 1.1141072456e-04 1.7042097983e+01
1.2370564826e-04 1.0797772570e-04 1.7031717838e+01
1.2058428723e-04 1.0992762736e-04 1.7142016712e+01
1.2082782694e-04 1.1334557043e-04 1.7094344766e+01
1.1747084973e-04 1.1183201246e-04 1.7567576246e+01
1.1720238523e-04 1.0846458642e-04 1.8720789812e+01
1.1410082593e-04 1.1032185251e-04 1.9774480232e+01
1.1377907897e-04 1.0699531419e-04 2.1038735410e+01
1.1068191694e-04 1.0880696361e-04 2.2272303188e+01
1.1030670924e-04 1.0552471656e-04 2.3034654856e+01
1.0723197928e-04 1.0729853781e-04 2.2898332506e+01
1.0684887126e-04 1.0407644865e-04 2.2781328956e+01
1.0383621750e-04 1.0583383276e-04 2.2800529420e+01
1.0344858977e-04 1.0267368431e-04 2.2802385890e+01
1.0049574648e-04 1.0441367516e-04 2.2734522570e+01
1.0010107915e-04 1.0131458571e-04 2.2742504579e+01
9.7208120727e-05 1.0303902547e-04 2.2686078193e+01
9.6804162834e-05 9.9999112168e-05 2.2693642240e+01
9.3970612572e-05 1.0171028129e-04 2.2633176035e+01
9.4348958902e-05 1.0472510989e-04 2.2618696955e+01
9.1172628988e-05 1.0338464862e-04 2.2563542199e+01
9.0780427499e-05 1.0042763178e-04 2.2585209104e+01
8.8042614407e-05 1.0209261129e-04 2.2514544080e+01
8.7634563532e-05 9.9191032918e-05 2.2543316190e+01
8.4955590044e-05 1.0084882157e-04 2.2473936743e+01
8.4529838444e-05 9.8000375043e-05 2.2508949362e+01
8.1908163560e-05 9.9652856046e-05 2.2442773940e+01
8.1463266954e-05 9.6854930171e-05 2.2482699290e+01
7.8897085863e-05 9.8504062562e-05 2.2421243399e+01
7.8431600654e-05 9.5754386980e-05 2.2464737283e+01
7.5918897093e-05 9.7401610122e-05 2.2408870237e+01
7.5432049272e-05 9.4697830141e-05 2.2454475811e+01
7.2970571525e-05 9.6344499285e-05 2.2404575521e+01
7.2461667382e-05 9.3684588987e-05 2.2451043386e+01
7.0049079924e-05 9.5331733172e-05 2.2407027877e+01
7.0551342476e-05 9.7965656703e-05 2.2356305605e+01
6.7678851458e-05 9.6955080163e-05 2.2365425547e+01
6.7151640529e-05 9.4361866362e-05 2.2415262771e+01
6.4828046585e-05 9.5988289544e-05 2.2379342381e+01
6.4275851847e-05 9.3433780790e-05 2.2428431046e+01
6.1996475264e-05 9.5063825511e-05 2.2397505768e+01
6.1419384562e-05 9.2546174103e-05 2.2445557552e+01
5.9181915664e-05 9.4180217415e-05 2.2420267069e+01
5.8580143229e-05 9.1697787497e-05 2.2465445083e+01
5.6382421084e-05 9.3336021498e-05 2.2444122214e+01
5.5756308950e-05 9.0887235410e-05 2.2485574271e+01
5.3596348578e-05 9.2529771589e-05 2.2468778477e+01
5.2946220766e-05 9.0113268913e-05 2.2503204022e+01
5.0821959378e-05 9.1760091985e-05 2.2491031055e+01
5.0148394193e-05 8.9374614803e-05 2.2527903671e+01
4.8057839340e-05 9.1025748692e-05 2.2494047851e+01
4.7361526909e-05 8.8670103175e-05 2.2548963413e+01
4.5303088444e-05 9.0325356472e-05 2.2586099572e+01
4.4584506331e-05 8.7998445720e-05 2.2562757349e+01
4.2556540101e-05 8.9657615767e-05 2.2531108210e+01
4.1816187613e-05 8.7358474205e-05 2.2617044770e+01
3.9818263223e-05 8.9021108777e-05 2.2489211313e+01
3.9056302068e-05 8.6749206155e-05 2.2351464302e+01
3.7081796807e-05 8.8416665784e-05 2.3889185427e+01
3.7846188262e-05 9.0675374527e-05 2.4589191003e+01
3.5110382693e-05 9.0087011308e-05 2.5956194218e+01
3.4330907409e-05 8.7849737505e-05 2.5556803805e+01
3.2360686786e-05 8.9535429628e-05 2.7240478986e+01
3.1564642551e-05 8.7318731955e-05 2.6914185866e+01
2.9597282296e-05 8.9018692491e-05 2.8486032370e+01
2.8783608121e-05 8.6821587073e-05 2.8228944660e+01
2.6820493141e-05 8.8534904758e-05 2.9629057925e+01
2.5988313754e-05 8.6356374568e-05 2.9429209556e+01
2.4030760177e-05 8.8082279560e-05 3.0683879804e+01
2.3179290060e-05 8.5921396658e-05 3.0532506426e+01
2.1228549579e-05 8.7659129528e-05 3.1645862285e+01
2.0357135420e-05 8.5514986198e-05 3.1535564879e+01
1.8414369024e-05 8.7263854257e-05 3.2518642364e+01
1.7522484463e-05 8.5135510711e-05 3.2443889113e+01
1.5588751676e-05 8.6894931723e-05 3.3305338490e+01
1.4675920190e-05 8.4781630987e-05 3.3261737051e+01
1.2752233917e-05 8.6550956928e-05 3.4010333658e+01
1.1818091181e-05 8.4451892777e-05 3.3994431109e+01
9.9053660048e-06 8.6230575939e-05 3.4638253798e+01
8.9496377134e-06 8.4144905672e-05 3.4647317335e+01
7.0486982922e-06 8.5932501781e-05 3.5193980402e+01
6.0711147823e-06 8.3859630751e-05 3.5225873373e+01
4.1827630211e-06 8.5655561737e-05 3.5682461364e+01
3.1831534963e-06 8.3594771727e-05 3.5735447977e+01
1.3080959114e-06 8.5398601261e-05 3.6108635507e+01
-1.5747807027e-06 8.5160525728e-05 3.6477364872e+01
-2.6187941334e-06 8.3121937400e-05 3.6568549360e+01
-4.4653720029e-06 8.4940356210e-05 3.6793392056e+01
-5.5316975056e-06 8.2912003269e-05 3.6902084073e+01
-7.3631836753e-06 8.4737105091e-05 3.7061296599e+01
-8.4518196477e-06 8.2718298251e-05 3.7186605419e+01
-1.0267739069e-05 8.4549841061e-05 3.7285464980e+01
-1.1378726870e-05 8.2540264574e-05 3.7426573854e+01
-1.3178592160e-05 8.4377755655e-05 3.7470065255e+01
-1.4311887736e-05 8.2376828879e-05 3.7626206206e+01
-1.6095295794e-05 8.4220007086e-05 3.7619037084e+01
-1.7250824688e-05 8.2227107641e-05 3.7789478217e+01
-1.9017421335e-05 8.4075810911e-05 3.7736074395e+01
-2.0195157182e-05 8.2090735554e-05 3.7920077338e+01
-2.1944567415e-05 8.3944509348e-05 3.7824618502e+01
-2.3144406943e-05 8.1966736107e-05 3.8021470652e+01
-2.4876315312e-05 8.3825392714e-05 3.7887870401e+01
-2.6098145669e-05 8.1854336380e-05 3.8096875803e+01
-2.7812303713e-05 8.3717802485e-05 3.7928787186e+01
-2.9056034867e-05 8.1753367441e-05 3.8149205727e+01
-3.0752157920e-05 8.3621218670e-05 3.7950077362e+01
-3.2017644176e-05 8.1662920267e-05 3.8181211469e+01
-3.3695507259e-05 8.3535044873e-05 3.7954237491e+01
-3.4982589800e-05 8.1582334462e-05 3.8195407084e+01
-3.7950552997e-05 8.1511612945e-05 3.8194006943e+01
-3.9591282539e-05 8.3391898946e-05 3.7920054726e+01
-4.0921143664e-05 8.1449903861e-05 3.8179136560e+01
-4.2543026700e-05 8.3334030523e-05 3.7885653977e+01
-4.3894010351e-05 8.1396642301e-05 3.8152706088e+01
-4.6868847168e-05 8.1351988507e-05 3.8116339985e+01
-4.8452564427e-05 8.3243582357e-05 3.7790740058e+01
-4.9845295779e-05 8.1315136197e-05 3.8071646985e+01
-5.1409712620e-05 8.3210299577e-05 3.7733125777e+01
-5.2823028776e-05 8.1285602949e-05 3.8020043638e+01
-5.5801741262e-05 8.1263693235e-05 3.7962675059e+01
-5.7327181109e-05 8.3165937102e-05 3.7603754249e+01
-5.8781102132e-05 8.1248635427e-05 3.7900738245e+01
-6.1760801232e-05 8.1240018480e-05 3.7835258514e+01
-6.3246807907e-05 8.3149361509e-05 3.7462242844e+01
-6.4740524355e-05 8.1238279879e-05 3.7767000806e+01
-6.6206661469e-05 8.3150936598e-05 3.7389027408e+01
-6.7719963876e-05 8.1242670876e-05 3.7696843892e+01
-7.0698812335e-05 8.1253090934e-05 3.7625462485e+01
-7.2124531077e-05 8.3172536562e-05 3.7241085952e+01
-7.3676695795e-05 8.1269396835e-05 3.7553458371e+01
-7.5082259887e-05 8.3192382131e-05 3.7167412929e+01
-7.6653417409e-05 8.1291464036e-05 3.7481352547e+01
-7.9628727526e-05 8.1319208410e-05 3.7409591261e+01
-8.0994160621e-05 8.3249652954e-05 3.7022800446e+01
-8.2602175775e-05 8.1352195045e-05 3.7338632033e+01
-8.3947885889e-05 8.3286330234e-05 3.6952640928e+01
-8.5573567544e-05 8.1391044231e-05 3.7268672552e+01
-8.6898837921e-05 8.3328820308e-05 3.6884191489e+01
-8.8542461154e-05 8.1435130999e-05 3.7200101976e+01
-8.9846464624e-05 8.3377079429e-05 3.6817666168e+01
-9.1508455560e-05 8.1484265060e-05 3.7133179374e+01
-9.2791813930e-05 8.3430486847e-05 3.6753313814e+01
-9.4471477165e-05 8.1539141181e-05 3.7067954429e+01
-9.5734135056e-05 8.3489323829e-05 3.6691220946e+01
-9.7431139211e-05 8.1599164599e-05 3.7004688128e+01
-9.8673029399e-05 8.3553536453e-05 3.6631494057e+01
-1.0038712608e-04 8.1664349342e-05 3.6943493741e+01
-1.0160816638e-04 8.3623128352e-05 3.6574203933e+01
-1.0333910863e-04 8.1734776818e-05 3.6884443658e+01
-1.0453922279e-04 8.3698134451e-05 3.6519389537e+01
-1.0628681090e-04 8.1810179934e-05 3.6827649018e+01
-1.7857766355e-05 8.6075806787e-05 3.7567446628e+01
-2.9504800697e-05 8.5593899870e-05 3.7729207946e+01
-6.2924828718e-06 8.6771116154e-05 3.6958771602e+01
-1.0746588329e-04 8.3778547426e-05 3.6467076204e+01
-1.0922975640e-04 8.1891555456e-05 3.6772976742e+01
5.1646423063e-06 8.7731797316e-05 3.5662894987e+01
-1.1038779805e-04 8.3864575093e-05 3.6417235332e+01
-1.1216774883e-04 8.1978104762e-05 3.6720588947e+01
1.6484212463e-05 8.9023291871e-05 3.3398442889e+01
-5.2952555897e-05 8.5118335789e-05 3.7383127020e+01
-1.1330465602e-04 8.3956170794e-05 3.6369866058e+01
-1.1510041757e-04 8.2070139860e-05 3.6670437948e+01
2.7635709140e-05 9.0727162881e-05 2.9901840766e+01
4.8737043206e-05 9.3391749862e-05 2.2472899163e+01
-1.1621612114e-04 8.4053441684e-05 3.6324928213e+01
-1.1802742568e-04 8.2167746201e-05 3.6622502207e+01
-1.1912185588e-04 8.4156493369e-05 3.6282371418e+01
-1.2094842182e-04 8.2271078923e-05 3.6576734176e+01
-7.6466581064e-05 8.5128950872e-05 3.6782983626e+01
5.9759290286e-05 9.6673755262e-05 2.2369297243e+01
-1.2202151791e-04 8.4265452981e-05 3.6242132711e+01
-1.2386315562e-04 8.2379787151e-05 3.6533164749e+01
-1.2491477835e-04 8.4380377102e-05 3.6204153947e+01
-1.2677110932e-04 8.2494848623e-05 3.6491594500e+01
8.2316815894e-05 1.0247317201e-04 2.2398784776e+01
-1.2780170139e-04 8.4501401814e-05 3.6168357650e+01
-1.2967208482e-04 8.2616097453e-05 3.6452008635e+01
-1.2864837923e-04 8.0617999624e-05 3.6782974579e+01
-1.3256551134e-04 8.2743727962e-05 3.6414334297e+01
-1.3447151288e-04 8.0866740602e-05 3.6698052618e+01
-1.3545118166e-04 8.2877860316e-05 3.6378499105e+01
-1.3737111637e-04 8.1000722465e-05 3.6658134233e+01
-1.3639911009e-04 7.8998065766e-05 3.6985191028e+01
-1.3931273873e-04 7.9131925101e-05 3.6941150738e+01
-1.4026226439e-04 8.1141423726e-05 3.6619807055e+01
-1.4221759439e-04 7.9272322988e-05 3.6898554735e+01
-1.4314482171e-04 8.1288959463e-05 3.6583009300e+01
-1.4511329729e-04 7.9419567158e-05 3.6857319909e+01
-1.1691404260e-04 8.0193766029e-05 3.6974733396e+01
-1.0211807295e-04 7.9785617805e-05 3.7258963091e+01
-1.4601789733e-04 8.1443725082e-05 3.6547645316e+01
-1.4799935237e-04 7.9574007531e-05 3.6817360099e+01
-1.4888099336e-04 8.1606047667e-05 3.6513627445e+01
-1.5087538522e-04 7.9735778606e-05 3.6778623777e+01
-1.5000317407e-04 7.7711966681e-05 3.7089743192e+01
-1.5289237842e-04 7.7873198372e-05 3.7046188562e+01
-1.5374099100e-04 7.9905451732e-05 3.6741000660e+01
-1.5577050093e-04 7.8042336970e-05 3.7003586182e+01
-6.6255967447e-05 7.9339569923e-05 3.8075783336e+01
-1.1152949441e-04 8.5851843905e-05 3.6073454032e+01
1.0757999503e-04 1.1056688219e-04 2.3053636958e+01
-1.5659578318e-04 8.0083157923e-05 3.6704451289e+01
-1.5863732770e-04 7.8219630651e-05 3.6961885051e+01
-1.5493213170e-04 7.6018120291e-05 3.7315670946e+01
-1.3834839820e-04 7.7138091903e-05 3.7275109653e+01
-8.7222434318e-05 7.9506727696e-05 3.7588000907e+01
-1.5943930086e-04 8.0269290427e-05 3.6668906797e+01
-1.6149249367e-04 7.8405304187e-05 3.6921046932e+01
2.2311039347e-05 8.3775252240e-05 3.0450670212e+01
5.0749923617e-06 8.1802297138e-05 3.5294599097e+01
-1.2509358967e-05 8.0545867193e-05 3.7588273783e+01
-3.0320170085e-05 7.9803324701e-05 3.8381026351e+01
-4.8261852888e-05 7.9432702391e-05 3.8397002837e+01
-1.6227111104e-04 8.0464177643e-05 3.6634315973e+01
-1.2307900680e-04 8.6274632145e-05 3.5921198156e+01
-1.6509080703e-04 8.0668205788e-05 3.6600631074e+01
-1.6716600526e-04 7.8803655679e-05 3.6841720054e+01
-1.6642354955e-04 7.6742509389e-05 3.7129074173e+01
-1.6926496933e-04 7.6945918560e-05 3.7084028433e+01
-1.6853569791e-04 7.4892030826e-05 3.7377744475e+01
-1.7138815123e-04 7.5094960108e-05 3.7326735983e+01
-1.7209292849e-04 7.7159067820e-05 3.7039566303e+01
-1.7422666785e-04 7.5307712756e-05 3.7276151426e+01
-1.7067249280e-04 7.3048428217e-05 3.7626187937e+01
-1.7490693455e-04 7.7382392107e-05 3.6995683549e+01
-1.7705074378e-04 7.5530749790e-05 3.7225995316e+01
-1.7770654540e-04 7.7616361165e-05 3.6952390827e+01
-1.7985988954e-04 7.5764577611e-05 3.7176287789e+01
-1.4690962239e-04 8.3484000352e-05 3.6251876444e+01
1.3471394435e-04 1.1969107625e-04 1.7029178110e+01
4.6648846092e-05 8.6326885315e-05 2.2583455873e+01
5.7956040332e-05 8.9228495900e-05 2.2504912620e+01
-1.8049127740e-04 7.7861482724e-05 3.6909715341e+01
-1.8265362081e-04 7.6009702954e-05 3.7127072645e+01
-1.8203828290e-04 7.3919200416e-05 3.7398954943e+01
-1.8484116055e-04 7.4164234492e-05 3.7342915042e+01
-1.8424225925e-04 7.2080214004e-05 3.7619369447e+01
-1.8705439583e-04 7.2325043358e-05 3.7556177435e+01
-1.8762764919e-04 7.4421311871e-05 3.7287309283e+01
-1.8984950120e-04 7.2582120122e-05 3.7493288719e+01
-1.8929382687e-04 7.0492126943e-05 3.7765711337e+01
-1.9209766384e-04 7.0749118965e-05 3.7695144973e+01
-1.9262696702e-04 7.2852057371e-05 3.7430840410e+01
-1.9488324364e-04 7.1019200374e-05 3.7624907740e+01
-1.9538622753e-04 7.3135502686e-05 3.7369004126e+01
-1.9764997957e-04 7.1303041616e-05 3.7555209177e+01
-1.9716647137e-04 6.9192457558e-05 3.7813070090e+01
-1.9994078857e-04 6.9476618545e-05 3.7735036482e+01
-2.0039740172e-04 7.1601341303e-05 3.7486305572e+01
-2.0269501707e-04 6.9775552442e-05 3.7657774521e+01
-2.0225915196e-04 6.7656275425e-05 3.7906861026e+01
-2.0502029090e-04 6.7955798992e-05 3.7820669773e+01
-2.0542862178e-04 7.0090014064e-05 3.7581662976e+01
-2.0775998790e-04 6.8271206979e-05 3.7735680287e+01
7.7935034624e-05 9.3025483632e-05 2.2504545028e+01
-2.0737379635e-04 6.6142112889e-05 3.7973030447e+01
-2.1011968273e-04 6.6458454108e-05 3.7878445233e+01
-2.1047760890e-04 6.8603327342e-05 3.7652441721e+01
-2.1284266645e-04 6.6791915587e-05 3.7785748143e+01
-1.6022989954e-04 8.2335481711e-05 3.6389783447e+01
-2.1317252643e-04 6.8953030224e-05 3.7571611312e+01
-2.1554207649e-04 6.7143400040e-05 3.7695712162e+01
-2.1523663433e-04 6.4986645526e-05 3.7904392956e+01
-2.1794060550e-04 6.5339944751e-05 3.7804132718e+01
-2.1821729593e-04 6.7513837553e-05 3.7609255698e+01
-2.2061945790e-04 6.5712726998e-05 3.7707756662e+01
-2.2036866341e-04 6.3542813232e-05 3.7893358637e+01
-2.2305113859e-04 6.3918056952e-05 3.7785517446e+01
1.5667568139e-04 1.2564192614e-04 1.6811546132e+01
-1.7835360787e-04 7.9719578764e-05 3.6691845117e+01
-2.2327258426e-04 6.6106016354e-05 3.7616454252e+01
-2.2570690475e-04 6.4314401833e-05 3.7682941551e+01
1.0990479411e-04 1.0228324496e-04 2.2988062667e+01
-2.2551296460e-04 6.2129959451e-05 3.7837939548e+01
-2.2817129935e-04 6.2529567008e-05 3.7721741854e+01
-2.2833532161e-04 6.4732970486e-05 3.7586981187e+01
-2.3080119439e-04 6.2952086669e-05 3.7611989361e+01
2.2738670657e-04 1.1555387593e-04 1.4657901094e+01
2.3085987612e-04 1.1279687798e-04 1.4664025191e+01
2.2390178722e-04 1.1829401330e-04 1.4652946448e+01
-2.3093574559e-04 6.5174866271e-05 3.7499062134e+01
-2.3340200691e-04 6.3398710211e-05 3.7509955407e+01
-2.3329769538e-04 6.1178516962e-05 3.7600327201e+01
-2.3589876317e-04 6.1630184997e-05 3.7480667434e+01
3.5872694001e-05 9.2335967196e-05 2.6414004083e+01
6.8175734155e-05 9.9561695835e-05 2.2311057440e+01
9.1525554598e-05 1.0637210674e-04 2.2541075843e+01
-1.8111456883e-04 7.9976083975e-05 3.6656234001e+01
1.1768334862e-04 1.1523498116e-04 1.7092396706e+01
-7.8246519709e-05 7.9402031812e-05 3.7798747522e+01
-2.2322611913e-04 4.1574988071e-05 3.9733733269e+01
-5.7256847257e-05 7.9355798654e-05 3.8259846858e+01
-3.9279841645e-05 7.9578405241e-05 3.8452938899e+01
1.1890248000e-04 6.2390914562e-05 2.2923191545e+01
7.3728726999e-05 5.4142679161e-05 2.2752594019e+01
1.4523136804e-04 6.8359434613e-05 1.8642336330e+01
5.4485337483e-05 5.1676418718e-05 2.2730982701e+01
9.3886183841e-05 5.7444726286e-05 2.2815416518e+01
3.5872920453e-05 4.9972120239e-05 2.5475878376e+01
-2.1392942392e-05 8.0120491582e-05 3.8119439307e+01
1.3550194062e-05 4.8585628240e-05 3.4312431836e+01
-3.6819662355e-06 8.1098806826e-05 3.6687223722e+01
1.3745329575e-05 8.2683694539e-05 3.3268272155e+01
-6.8512113787e-05 4.5289895831e-05 4.4624792663e+01
9.9671465246e-05 9.8251765027e-05 2.2746660725e+01
3.0752887375e-05 8.5115361112e-05 2.6680660684e+01
-8.8912236062e-05 4.5339947576e-05 4.4595466738e+01
1.3031860854e-04 1.0742649956e-04 1.6994997276e+01
-1.7899283651e-04 8.1840129165e-05 3.6444970953e+01
3.0593388816e-04 7.3707723912e-05 1.4204874459e+01
3.0254963140e-04 7.6839873277e-05 1.4201302141e+01
-1.8173071854e-04 8.2108106442e-05 3.6416437510e+01
-2.3597310879e-04 6.3870694423e-05 3.7416836280e+01
-2.3846894707e-04 6.2108117272e-05 3.7369234398e+01
-2.3842659875e-04 5.9869615746e-05 3.7404470811e+01
-2.4099569988e-04 6.0353924500e-05 3.7271204036e+01
1.7563749239e-04 1.2921731795e-04 1.5368983244e+01
2.3134751890e-04 1.1658676380e-04 1.4566820384e+01
2.3482358868e-04 1.1381164029e-04 1.4574342708e+01
3.2045526150e-04 4.2497370558e-05 1.4799697166e+01
3.1644308527e-04 4.2016224024e-05 1.4952054568e+01
-2.4098603452e-04 5.8117372901e-05 3.7274437261e+01
-2.4355384955e-04 5.8608524609e-05 3.7115976041e+01
-2.4353208650e-04 6.0866849352e-05 3.7147024328e+01
-2.4608757609e-04 5.9129361425e-05 3.6967020054e+01
1.9278854886e-04 1.1290846540e-04 1.5359274131e+01
1.4804982142e-04 1.1120127856e-04 1.7010268048e+01
-2.4614380851e-04 5.6872401787e-05 3.6896093356e+01
-2.4867461927e-04 5.7401758782e-05 3.6719480645e+01
-2.4858655483e-04 5.9681392978e-05 3.6830210451e+01
-2.5116923908e-04 5.7963494427e-05 3.6556959605e+01
2.3530849458e-04 1.1760261452e-04 1.4471519371e+01
2.3878648388e-04 1.1481016002e-04 1.4480457911e+01
3.0646716746e-04 7.7546709225e-05 1.4059131785e+01
3.0308255150e-04 8.0675967987e-05 1.4056927818e+01
3.1979767016e-04 3.8762322237e-05 1.4961281654e+01
3.1576218625e-04 3.8300724158e-05 1.5112519642e+01
-1.7962508919e-04 8.3977730166e-05 3.6212367239e+01
-2.5105010934e-04 6.0266139364e-05 3.6709019025e+01
-2.5362697534e-04 5.8559188432e-05 3.6413024252e+01
-2.5378352823e-04 5.6256819294e-05 3.6203624677e+01
-2.5623516277e-04 5.6864245115e-05 3.6034126291e+01
-1.8234067663e-04 8.4257209679e-05 3.6190915942e+01
1.7334922570e-04 8.5356958717e-05 1.7004572346e+01
2.3926922215e-04 1.1860269258e-04 1.4371180556e+01
2.4274819388e-04 1.1579351664e-04 1.4381522448e+01
2.4225401845e-04 1.1200111876e-04 1.4490124066e+01
2.4621686235e-04 1.1296770718e-04 1.4392266726e+01
-2.5642984773e-04 5.4562138616e-05 3.5756967831e+01
-2.5887501673e-04 5.5182258344e-05 3.5557622494e+01
-2.5864885547e-04 5.7507651417e-05 3.5892737221e+01
-2.6128000881e-04 5.5840367757e-05 3.5390744357e+01
2.3577889490e-04 1.2139497497e-04 1.4361028447e+01
2.4909322139e-04 8.0875829433e-05 1.5164261693e+01
1.7065562902e-04 1.1633799096e-04 1.6150004426e+01
2.5708588573e-04 6.1152723112e-05 1.5688331833e+01
2.6042817445e-04 5.8272148208e-05 1.5736681202e+01
2.5632747429e-04 5.7471182651e-05 1.5850364489e+01
2.5966077365e-04 5.4597960827e-05 1.5902529987e+01
2.5554486602e-04 5.3801830951e-05 1.6016764194e+01
2.5886894839e-04 5.0936291476e-05 1.6074023577e+01
2.5473790721e-04 5.0144506762e-05 1.6219401595e+01
2.5805272022e-04 4.7286846335e-05 1.6247709726e+01
2.5390626835e-04 4.6498856171e-05 1.6333014560e+01
2.5721240240e-04 4.3649447519e-05 1.6644097890e+01
2.5304856994e-04 4.2864282169e-05 1.6711279026e+01
2.5635512157e-04 4.0039080669e-05 1.7089714469e+01
2.5225578033e-04 3.9392233802e-05 1.7052773012e+01
2.6051558219e-04 4.0778036499e-05 1.6581660127e+01
2.5967313423e-04 3.7230349859e-05 1.7104734071e+01
2.6380850036e-04 3.7900237889e-05 1.6611535616e+01
2.4892602816e-04 4.2134124718e-05 1.7087603466e+01
2.4820862046e-04 3.8844819460e-05 1.7005003350e+01
2.4485549460e-04 4.1501040517e-05 1.7000580193e+01
2.4419982541e-04 3.8380113286e-05 1.7093128856e+01
2.4082870328e-04 4.0955591295e-05 1.7020536136e+01
2.4020692546e-04 3.7952160367e-05 1.7193230082e+01
2.3682968608e-04 4.0473641302e-05 1.7143849082e+01
2.3620667568e-04 3.7514943626e-05 1.7319193298e+01
2.3283923370e-04 4.0010210816e-05 1.7155579332e+01
2.3220068071e-04 3.7055546565e-05 1.7483714893e+01
2.2884296940e-04 3.9530691112e-05 1.7332808662e+01
2.2819339503e-04 3.6578764276e-05 1.7537870806e+01
2.2484603557e-04 3.9032965518e-05 1.7413553752e+01
2.2419154384e-04 3.6090275899e-05 1.7571014931e+01
2.2085579482e-04 3.8523278647e-05 1.7429199587e+01
2.2019960265e-04 3.5593544604e-05 1.7611562729e+01
2.1687483744e-04 3.8005301535e-05 1.7483885072e+01
2.1621765988e-04 3.5090166286e-05 1.7638092363e+01
2.1290219081e-04 3.7481473321e-05 1.7520071153e+01
2.1224663148e-04 3.4583940058e-05 1.7681247140e+01
2.0894007015e-04 3.6953299784e-05 1.7565432447e+01
2.0828593345e-04 3.4075656072e-05 1.7736105049e+01
2.0498821509e-04 3.6423099478e-05 1.7630005815e+01
2.0433535206e-04 3.3567411460e-05 1.7804527188e+01
2.0104623137e-04 3.5892764372e-05 1.7709800381e+01
2.0039378623e-04 3.3060042702e-05 1.7898211581e+01
1.9711283496e-04 3.5363468852e-05 1.7809347319e+01
1.9646042590e-04 3.2555507181e-05 1.8002514255e+01
1.9318732341e-04 3.4836634387e-05 1.7930860738e+01
1.9253484635e-04 3.2054872638e-05 1.8131798909e+01
1.8926911501e-04 3.4313665375e-05 1.8078706951e+01
1.8861571399e-04 3.1559112659e-05 1.8291622217e+01
1.8535606473e-04 3.3795619772e-05 1.8257398503e+01
1.8470135313e-04 3.1069267683e-05 1.8483575518e+01
1.8144915862e-04 3.3283106226e-05 1.8466520111e+01
1.8079090234e-04 3.0586156157e-05 1.8704398518e+01
1.7754503973e-04 3.2777332267e-05 1.8711714251e+01
1.7688281436e-04 3.0110619684e-05 1.8959698216e+01
1.7364196154e-04 3.2279277990e-05 1.8995358401e+01
1.7297599379e-04 2.9643105590e-05 1.9251907513e+01
1.6974119936e-04 3.1789547533e-05 1.9317322280e+01
1.6906924561e-04 2.9185410006e-05 1.9581711879e+01
1.6583954173e-04 3.1309429940e-05 1.9678523353e+01
1.6516169231e-04 2.8737577987e-05 1.9945453272e+01
1.6193659946e-04 3.0839674956e-05 2.0076948928e+01
1.6125258716e-04 2.8300449819e-05 2.0345803432e+01
1.5803165127e-04 3.0381094789e-05 2.0516397699e+01
1.5734121500e-04 2.7875010826e-05 2.0787324319e+01
1.5412393316e-04 2.9934565656e-05 2.0998630089e+01
1.5342669914e-04 2.7462171090e-05 2.1274335902e+01
1.5021282463e-04 2.9500873142e-05 2.1513843069e+01
1.4950878069e-04 2.7062817769e-05 2.1787232027e+01
1.4629722871e-04 2.9081058349e-05 2.2068712195e+01
1.4558746768e-04 2.6677431324e-05 2.2334677835e+01
1.4237930654e-04 2.8675775439e-05 2.2708667362e+01
1.4166171890e-04 2.6308493798e-05 2.2918346013e+01
1.3845828103e-04 2.8286453123e-05 2.3002271929e+01
1.3774502283e-04 2.5956188297e-05 2.2910029944e+01
1.3456399804e-04 2.7914646626e-05 2.2919802602e+01
1.3385861037e-04 2.5621555076e-05 2.2932386053e+01
1.3070046900e-04 2.7560259087e-05 2.2917953839e+01
1.3000138325e-04 2.5305086159e-05 2.2915494404e+01
1.2686676973e-04 2.7224187853e-05 2.2911403185e+01
1.2617270876e-04 2.5007166409e-05 2.2907957659e+01
1.2306228073e-04 2.6906841221e-05 2.2902045225e+01
1.2237193835e-04 2.4728042252e-05 2.2898188730e+01
1.1928644000e-04 2.6608501629e-05 2.2892167164e+01
1.1859849407e-04 2.4467741253e-05 2.2889015742e+01
1.1553866234e-04 2.6329254424e-05 2.2882569883e+01
1.1485173127e-04 2.4226204565e-05 2.2879998724e+01
1.1181837452e-04 2.6069079610e-05 2.2872505697e+01
1.1113123567e-04 2.4002596206e-05 2.2871726782e+01
1.0812499097e-04 2.5827657932e-05 2.2863636435e+01
1.0743595365e-04 2.3797792826e-05 2.2864336239e+01
1.0445783994e-04 2.5604849011e-05 2.2855236137e+01
1.0376562758e-04 2.3610098207e-05 2.2858607908e+01
1.0081634629e-04 2.5399995471e-05 2.2848253184e+01
1.0011956157e-04 2.3438976323e-05 2.2854288381e+01
9.7199015027e-05 2.5212516640e-05 2.2842826388e+01
9.6496952056e-05 2.3283701656e-05 2.2851134621e+01
9.3607545578e-05 2.5041513747e-05 2.2839166061e+01
9.2897618449e-05 2.3143281812e-05 2.2849673649e+01
9.0039211599e-05 2.4886273846e-05 2.2837063724e+01
8.9320640146e-05 2.3016827322e-05 2.2848758246e+01
8.6492984907e-05 2.4745910234e-05 2.2836573431e+01
8.5765361546e-05 2.2903372731e-05 2.2849610500e+01
8.2970578782e-05 2.4619348644e-05 2.2837738211e+01
8.2231571239e-05 2.2801993835e-05 2.2850190539e+01
7.8718537290e-05 2.2711766327e-05 2.2849690507e+01
7.5988311355e-05 2.4404279758e-05 2.2829062311e+01
7.5225847609e-05 2.2631973950e-05 2.2887054837e+01
7.2529407565e-05 2.4313972984e-05 2.2911196676e+01
7.1746831538e-05 2.2560126871e-05 2.3501855146e+01
6.9081951673e-05 2.4232160365e-05 2.3563322171e+01
6.8251435853e-05 2.2487757707e-05 2.4330337512e+01
6.5616266422e-05 2.4150412096e-05 2.4433392210e+01
6.4740405439e-05 2.2415153614e-05 2.5183819376e+01
6.2135366817e-05 2.4068527529e-05 2.5325127976e+01
6.1214658002e-05 2.2342520053e-05 2.6101142151e+01
5.8638128725e-05 2.3987213229e-05 2.6276916534e+01
5.7674534274e-05 2.2270152862e-05 2.7062893054e+01
5.5124847936e-05 2.3906802938e-05 2.7270030726e+01
5.4120464406e-05 2.2198385244e-05 2.8064300764e+01
5.1598219671e-05 2.3827032680e-05 2.8298188107e+01
5.0553346689e-05 2.2127335615e-05 2.9096396793e+01
4.8057089014e-05 2.3748605227e-05 2.9352729737e+01
4.6973455542e-05 2.2057363859e-05 3.0151125014e+01
4.4502441670e-05 2.3671687317e-05 3.0425101742e+01
4.3381359561e-05 2.1988694201e-05 3.1220146454e+01
4.0934945814e-05 2.3596511499e-05 3.1506858573e+01
3.9777594917e-05 2.1921609459e-05 3.2295376011e+01
3.7355216241e-05 2.3523320950e-05 3.2589872179e+01
3.6162734783e-05 2.1856276397e-05 3.3369019863e+01
3.3763864892e-05 2.3452329019e-05 3.3666456027e+01
3.2537317098e-05 2.1792940565e-05 3.4433744241e+01
3.0160787399e-05 2.3383922552e-05 3.4729590419e+01
2.8901787164e-05 2.1731797198e-05 3.5482750075e+01
2.6547917831e-05 2.3317742865e-05 3.5772465024e+01
2.5256891130e-05 2.1672971180e-05 3.6509824074e+01
2.2926013938e-05 2.3254473509e-05 3.6789096059e+01
2.1603363573e-05 2.1616036477e-05 3.7509557957e+01
1.9293640356e-05 2.3194083147e-05 3.7774974548e+01
1.7941151466e-05 2.1562757288e-05 3.8476972964e+01
1.5653957811e-05 2.3136596894e-05 3.8725128463e+01
1.4271422866e-05 2.1511754047e-05 3.9408274477e+01
1.2005764343e-05 2.3082176660e-05 3.9636495646e+01
1.0594433862e-05 2.1463410905e-05 4.0300177021e+01
8.3500670433e-06 2.3030816839e-05 4.0506170487e+01
6.9107271093e-06 2.1417874737e-05 4.1150152454e+01
4.6875053573e-06 2.2982543683e-05 4.1332089104e+01
3.2208648998e-06 2.1375074011e-05 4.1956322754e+01
1.0178274051e-06 2.2937321809e-05 4.2112972618e+01
-4.7478843262e-07 2.1335037772e-05 4.2717486498e+01
-2.6561330375e-06 2.2895170121e-05 4.2847538670e+01
-4.1753379378e-06 2.1297120906e-05 4.3432999847e+01
-7.8807033391e-06 2.1263013632e-05 4.4102414184e+01
-1.0020481027e-05 2.2819726982e-05 4.4178095265e+01
-1.1590311425e-05 2.1231179406e-05 4.4726252663e+01
-1.3710217975e-05 2.2786361279e-05 4.4774781064e+01
-1.5303775589e-05 2.1201143430e-05 4.5305204165e+01
-1.7402308215e-05 2.2755655052e-05 4.5326509830e+01
-1.9020562526e-05 2.1174729293e-05 4.5839817006e+01
-2.1098376631e-05 2.2727775397e-05 4.5834669017e+01
-2.2740350451e-05 2.1150281516e-05 4.6331596787e+01
-2.4797553080e-05 2.2702415085e-05 4.6300610436e+01
-2.6462788123e-05 2.1128037799e-05 4.6781849650e+01
-2.8500064122e-05 2.2679668070e-05 4.6725870380e+01
-3.0187635747e-05 2.1108039225e-05 4.7192125281e+01
-3.3914311354e-05 2.1089352282e-05 4.7564209946e+01
-3.5909699926e-05 2.2640430075e-05 4.7460891768e+01
-3.7642588397e-05 2.1073910845e-05 4.7899482406e+01
-3.9617908686e-05 2.2624451429e-05 4.7774247499e+01
-4.1372355754e-05 2.1059948197e-05 4.8200081364e+01
-4.5103150781e-05 2.1047664785e-05 4.8467738098e+01
-4.7027626674e-05 2.2595410420e-05 4.8301741876e+01
-4.8833172768e-05 2.1036660180e-05 4.8704256730e+01
-5.0718039442e-05 2.2587131566e-05 4.8518231331e+01
-5.2561682009e-05 2.1029081511e-05 4.8911050381e+01
-5.4434664522e-05 2.2581493329e-05 4.8707885169e+01
-5.6294439671e-05 2.1021191678e-05 4.9090863761e+01
-6.0030395914e-05 2.1014668210e-05 4.9244981221e+01
-6.1881202144e-05 2.2565861964e-05 4.9011534173e+01
-6.3764151266e-05 2.1009767691e-05 4.9374785551e+01
-6.5593476463e-05 2.2561501296e-05 4.9127166561e+01
-6.7496780234e-05 2.1006261264e-05 4.9481983162e+01
-7.1228699273e-05 2.1003963866e-05 4.9568141537e+01
-7.3015303745e-05 2.2556906553e-05 4.9295304941e+01
-7.4959936813e-05 2.1002816501e-05 4.9634721441e+01
-7.6725175374e-05 2.2556441074e-05 4.9350740220e+01
-7.8690373193e-05 2.1002719787e-05 4.9683086941e+01
-8.0434056100e-05 2.2557138454e-05 4.9388866685e+01
-8.2419839247e-05 2.1003658572e-05 4.9714518366e+01
-8.6148196562e-05 2.1005544362e-05 4.9730208980e+01
-8.7848449649e-05 2.2561746067e-05 4.9418053702e+01
-8.9875296077e-05 2.1008367114e-05 4.9731265976e+01
-9.1553590251e-05 2.2565564054e-05 4.9411318767e+01
-9.3600984644e-05 2.1012053516e-05 4.9718709242e+01
-9.7325110759e-05 2.1016605710e-05 4.9693471992e+01
-9.8958951908e-05 2.2576028793e-05 4.9360063751e+01
-1.0104754524e-04 2.1021957746e-05 4.9656403867e+01
-1.0265893013e-04 2.2582607524e-05 4.9317237704e+01
-1.0476814358e-04 2.1028121431e-05 4.9608267673e+01
-1.0635684620e-04 2.2590060443e-05 4.9263933226e+01
-1.0848675923e-04 2.1035043652e-05 4.9549746042e+01
-1.1005253319e-04 2.2598366872e-05 4.9200794108e+01
-1.1220323800e-04 2.1042747209e-05 4.9481436470e+01
-1.1374588886e-04 2.2607515521e-05 4.9128377685e+01
-1.1591744929e-04 2.1051186350e-05 4.9403859773e+01
-1.1743676429e-04 2.2617494484e-05 4.9047169190e+01
-1.1962923945e-04 2.1060393359e-05 4.9317452956e+01
-1.2333845307e-04 2.1070335313e-05 4.9222579034e+01
-1.2481022198e-04 2.2639976629e-05 4.8859909597e+01
-1.2704491865e-04 2.1081056052e-05 4.9119518881e+01
-1.2849250293e-04 2.2652492625e-05 4.8754438860e+01
-1.3074848810e-04 2.1092530144e-05 4.9008480008e+01
-1.3444898550e-04 2.1104811870e-05 4.8889588991e+01
-1.3584732931e-04 2.2680154588e-05 4.8520702981e+01
-1.3814622472e-04 2.1117888908e-05 4.8762899238e+01
-1.3951934488e-04 2.2695355761e-05 4.8392573287e+01
-1.4183999533e-04 2.1131819002e-05 4.8628382177e+01
-1.2141276558e-05 2.4384689270e-05 4.4237142161e+01
-1.4318753521e-04 2.2711523864e-05 4.8256884877e+01
-1.4553010986e-04 2.1146618456e-05 4.8485938951e+01
-1.4685170260e-04 2.2728694065e-05 4.8113518191e+01
-1.4921634588e-04 2.1162364562e-05 4.8335355065e+01
-1.5050233166e-04 2.2743910108e-05 4.7963273851e+01
-1.5289719453e-04 2.1179222800e-05 4.8176424201e+01
1.5482787704e-04 3.2461286696e-05 2.0715879616e+01
1.2757111646e-04 2.9501878551e-05 2.2914793740e+01
3.8511120981e-05 2.5210403343e-05 3.1796080247e+01
2.4834037644e-06 2.4554793153e-05 4.1499737392e+01
-3.0516788668e-05 2.4240207738e-05 4.6653466029e+01
1.8210931410e-04 3.6028467034e-05 1.8237490563e+01
-1.5416703591e-04 2.2765923921e-05 4.7802929780e+01
-1.5657606918e-04 2.1196765119e-05 4.8008698922e+01
-4.5242831276e-05 2.4169603431e-05 4.7891944019e+01
1.7005209383e-05 2.4778480622e-05 3.8031320992e+01
5.2601962745e-05 2.5549408779e-05 2.7484154997e+01
7.3291204072e-05 2.6104032728e-05 2.2804133721e+01
9.4314881830e-05 2.6993609757e-05 2.2831819411e+01
1.1251191693e-04 2.8196387599e-05 2.2875560456e+01
-1.5779548694e-04 2.2790021918e-05 4.7635293104e+01
-1.6024626110e-04 2.1214717909e-05 4.7832123017e+01
-1.6145948439e-04 2.2806634768e-05 4.7458534723e+01
-1.6391716457e-04 2.1233709155e-05 4.7645531990e+01
-6.3712516667e-05 2.4126701318e-05 4.8765884732e+01
-8.5842612681e-05 2.4124496986e-05 4.9097728117e+01
-1.6510296955e-04 2.2828758162e-05 4.7272084633e+01
-1.6758124851e-04 2.1254636309e-05 4.7448524295e+01
-1.6873686251e-04 2.2855516227e-05 4.7074991781e+01
-1.7123886359e-04 2.1277562619e-05 4.7240300681e+01
-1.7235544439e-04 2.2878912725e-05 4.6868468942e+01
-1.7488886789e-04 2.1301242493e-05 4.7020327316e+01
-1.0057025537e-04 2.4146269190e-05 4.9018475180e+01
-1.1526456960e-04 2.4183658609e-05 4.8768317374e+01
-1.7594269743e-04 2.2906545006e-05 4.6651237542e+01
-1.7851885202e-04 2.1323632002e-05 4.6788819160e+01
-1.2991450123e-04 2.4235994221e-05 4.8383341427e+01
2.3555978282e-04 3.4568788457e-05 1.7625799756e+01
2.0763058159e-04 3.1235446118e-05 1.7919618958e+01
1.8013183774e-04 2.7939206457e-05 1.8953134802e+01
1.5272825901e-04 2.5045156863e-05 2.1536624016e+01
1.2548306617e-04 2.2852757496e-05 2.2903543197e+01
3.4923321833e-05 2.0206598644e-05 3.4138058904e+01
-2.0678204752e-05 1.9604781006e-05 4.6348009715e+01
-3.9413607758e-05 1.9517031751e-05 4.8332757606e+01
1.0674296054e-04 2.1827305806e-05 2.2869391591e+01
9.2174504155e-05 2.1294709540e-05 2.2861161853e+01
7.7945440134e-05 2.0955887294e-05 2.2850033263e+01
6.3808784169e-05 2.0702747354e-05 2.5934400328e+01
4.9457834743e-05 2.0447435319e-05 2.9883336912e+01
-1.3304314848e-04 1.9539848370e-05 4.9252368982e+01
1.6544668027e-05 1.9946424405e-05 3.9171486237e+01
1.7126392196e-06 1.9780616259e-05 4.2574572034e+01
-1.5902048403e-04 1.9634179209e-05 4.8200952054e+01
-5.8176410299e-05 1.9471280432e-05 4.9466888209e+01
-7.3190111144e-05 1.9457522458e-05 4.9908575942e+01
-8.8191945624e-05 1.9459915637e-05 5.0042389676e+01
-1.0317374442e-04 1.9475382331e-05 4.9944868221e+01
-1.1812703141e-04 1.9502203218e-05 4.9670495031e+01
-1.7743488496e-04 1.9728781413e-05 4.7155731808e+01
-1.8110411726e-04 1.9752277576e-05 4.6907691803e+01
-1.8213827995e-04 2.1354511952e-05 4.6542340176e+01
-1.8476387914e-04 1.9778010535e-05 4.6644202315e+01
-1.8577497522e-04 2.1387778512e-05 4.6278824773e+01
-1.8841903053e-04 1.9808223933e-05 4.6363052606e+01
-1.8941333931e-04 2.1413677041e-05 4.5999468829e+01
-1.9207507070e-04 1.9834147645e-05 4.6063704159e+01
-1.9304388040e-04 2.1449706332e-05 4.5700093265e+01
-1.9571473926e-04 1.9866875057e-05 4.5743711713e+01
-1.9662610109e-04 2.1489913071e-05 4.5383667574e+01
-1.9934240067e-04 1.9901348320e-05 4.5401709841e+01
-2.0024147317e-04 2.1526333434e-05 4.5042437585e+01
-2.0296823691e-04 1.9935713284e-05 4.5034603451e+01
1.9384402184e-04 3.7662242063e-05 1.7747288030e+01
1.7041516187e-04 3.4446073271e-05 1.9058419853e+01
1.4310020138e-04 3.1099837121e-05 2.2404021513e+01
-7.4781457468e-05 2.4119776968e-05 4.9011636934e+01
8.3700342876e-05 2.6482502532e-05 2.2823544012e+01
6.3010897857e-05 2.5819487497e-05 2.4542463257e+01
2.7806390713e-05 2.4981056448e-05 3.5022035062e+01
-9.4659919815e-06 1.9682144626e-05 4.4663567203e+01
-1.4791216860e-04 1.9588998264e-05 4.8702987395e+01
1.4094793221e-04 2.4000152501e-05 2.2993136868e+01
1.6839617951e-04 2.6633636663e-05 1.9848461653e+01
1.9580826876e-04 2.9791242085e-05 1.8209095821e+01
2.2352906812e-04 3.3172719244e-05 1.7758832489e+01
2.4758209381e-04 3.5816270948e-05 1.7243870952e+01
-2.0383106382e-04 2.1567909438e-05 4.4677764816e+01
-2.0658170643e-04 1.9974539552e-05 4.4640119063e+01
-1.4810369295e-04 2.4320703106e-05 4.7738490824e+01
2.0959448194e-04 3.9865169746e-05 1.7415949620e+01
-1.8739262950e-04 1.8215157281e-05 4.6724721032e+01
2.6300290020e-04 3.4437880109e-05 1.7079634098e+01
2.6711109070e-04 3.5018573540e-05 1.6924467873e+01
-2.0740635725e-04 2.1613585550e-05 4.4286413679e+01
-2.1018326749e-04 2.0017056995e-05 4.4215439762e+01
-2.0207084088e-04 1.8323562554e-05 4.5390615218e+01
-2.1096865889e-04 2.1663358163e-05 4.3865540931e+01
-2.1377253807e-04 2.0063461516e-05 4.3757401563e+01
-2.1298559645e-04 1.8428734891e-05 4.4105651688e+01
-2.1660259624e-04 1.8471712362e-05 4.3606555348e+01
-2.2020679283e-04 1.8518794686e-05 4.3065761484e+01
-2.2091045607e-04 2.0169601105e-05 4.2726744028e+01
-2.2379695500e-04 1.8570498535e-05 4.2478748514e+01
-2.2444784978e-04 2.0226815975e-05 4.2147887868e+01
-2.2736899684e-04 1.8628561966e-05 4.1840927353e+01
-1.6982199480e-04 2.4472843992e-05 4.6699785725e+01
-2.3092857128e-04 1.8691364579e-05 4.1145698032e+01
-2.3147006653e-04 2.0375472386e-05 4.0834309295e+01
-2.3446247190e-04 1.8762779915e-05 4.0389061353e+01
-2.3497623772e-04 2.0453090290e-05 4.0085419093e+01
-2.3798378356e-04 1.8838277174e-05 3.9561742881e+01
-2.3844694615e-04 2.0544855530e-05 3.9271484940e+01
-2.4148001907e-04 1.8924717879e-05 3.8658333377e+01
-2.3747267062e-04 1.7160569266e-05 3.9867342507e+01
-1.8672045670e-04 2.3010906292e-05 4.5913938923e+01
-1.5898041474e-04 2.4394677928e-05 4.7258352959e+01
-2.1581269224e-04 1.6848648081e-05 4.3953739836e+01
2.6634617992e-04 3.1663841052e-05 1.6981335480e+01
2.7042614023e-04 3.2151568459e-05 1.7136104509e+01
-2.2671890250e-04 1.6983297393e-05 4.2171949870e+01
2.2150414932e-04 4.1477304727e-05 1.7300593641e+01
-2.4188052426e-04 2.0648635855e-05 3.8387447847e+01
-2.4494836636e-04 1.9022096666e-05 3.7671704708e+01
3.1910894839e-04 3.5051537819e-05 1.5130175680e+01
3.1505126783e-04 3.4607563511e-05 1.5280663293e+01
3.2314742383e-04 3.5479558357e-05 1.4970510679e+01
2.4670845578e-04 1.1676296236e-04 1.4276897315e+01
2.5017726530e-04 1.1392098241e-04 1.4288673361e+01
2.4967606379e-04 1.1012541774e-04 1.4403583601e+01
2.5363668817e-04 1.1106235782e-04 1.4300699624e+01
-2.4530339259e-04 2.0759785080e-05 3.7419302969e+01
-2.4839085869e-04 1.9130725473e-05 3.6592688043e+01
-2.4804244336e-04 1.7404093043e-05 3.6848177165e+01
-2.5151282889e-04 1.7508267687e-05 3.5643652229e+01
-2.5180136342e-04 1.9253244018e-05 3.5413950740e+01
-2.5495088187e-04 1.7626287215e-05 3.4325170852e+01
-2.5517677284e-04 1.9391647477e-05 3.4127138592e+01
2.2638693576e-04 1.0797752654e-04 1.4841109422e+01
-2.0465557156e-04 2.3218224682e-05 4.4321676095e+01
1.7007698140e-04 8.7768073941e-05 1.7005260399e+01
-2.6154679449e-04 5.3514383043e-05 3.4965012149e+01
-2.6394118220e-04 5.4190801599e-05 3.4767382857e+01
3.0698627044e-04 8.1400992581e-05 1.3910125012e+01
3.0360184579e-04 8.4526232228e-05 1.3909049366e+01
2.9969405840e-04 8.3783679477e-05 1.4052846456e+01
3.0021289287e-04 8.7630217892e-05 1.3906058212e+01
2.9630125655e-04 8.6870460783e-05 1.4047135512e+01
2.9681916541e-04 9.0713600858e-05 1.3901376226e+01
2.9290384300e-04 8.9936973383e-05 1.4040021366e+01
2.9342048003e-04 9.3776953129e-05 1.3895205847e+01
2.8950168784e-04 9.2983965744e-05 1.4031704845e+01
2.9001647326e-04 9.6820846919e-05 1.3887731837e+01
3.1036645265e-04 7.8253601480e-05 1.3909041137e+01
2.8609442178e-04 9.6011901906e-05 1.4022380677e+01
2.8660698549e-04 9.9845820826e-05 1.3879109109e+01
-2.6364382228e-04 5.6539111611e-05 3.5264936326e+01
-2.6629662688e-04 5.4904022361e-05 3.4614798619e+01
2.6970409030e-04 2.8903845683e-05 1.6964261959e+01
2.7375347630e-04 2.9297961067e-05 1.7090525987e+01
2.7457673570e-04 3.2754862128e-05 1.6600657450e+01
2.7787485708e-04 2.9812143741e-05 1.6863061706e+01
-2.6664084456e-04 5.2563152894e-05 3.3997736205e+01
-2.6898215283e-04 5.3288341931e-05 3.3810030883e+01
-2.5851372922e-04 1.9548133364e-05 3.2723910035e+01
-2.6156751545e-04 1.6133827730e-05 3.1476227123e+01
-2.6495621705e-04 1.6281583903e-05 2.9717645418e+01
-2.6829857738e-04 1.6451020933e-05 2.7804068656e+01
-2.6830282725e-04 1.8284458027e-05 2.7735469346e+01
-2.7158948073e-04 1.6645417250e-05 2.5736052258e+01
1.7398666755e-04 8.8987301276e-05 1.7002658035e+01
-6.3375940081e-05 5.0412607008e-05 4.3553736605e+01
-2.1132635787e-04 4.2734461090e-05 4.0681995321e+01
-2.3500078550e-04 4.0552303049e-05 3.8362303819e+01
8.7191419818e-05 9.6316547902e-05 2.2570572634e+01
2.6571917053e-04 2.8610339806e-05 1.7284833859e+01
2.5312651468e-04 1.0726670728e-04 1.4415600446e+01
-1.8025126327e-04 8.6132066080e-05 3.5994621509e+01
2.5413439313e-04 1.1486210247e-04 1.4178856006e+01
-1.8294535415e-04 8.6423052020e-05 3.5980245434e+01
2.7875512061e-04 3.3400272818e-05 1.6454276998e+01
2.8205914368e-04 3.0412536232e-05 1.6597592182e+01
2.4571100510e-04 8.3713480098e-05 1.5136334441e+01
-2.2152620758e-04 2.1837289189e-05 4.2400747201e+01
-2.7151881396e-04 1.8510217523e-05 2.5723800581e+01
-2.7482354013e-04 1.6868310900e-05 2.3490007885e+01
-2.6860741386e-04 5.5662640037e-05 3.4519768517e+01
-2.7128060043e-04 5.4065815198e-05 3.3688467321e+01
-2.7169836805e-04 5.1690174540e-05 3.2816343572e+01
-2.7398509017e-04 5.2491162327e-05 3.2659506854e+01
3.2244964523e-04 3.1773716195e-05 1.5150823590e+01
3.2649112432e-04 3.2165884665e-05 1.4978004191e+01
3.1087204119e-04 8.2127599794e-05 1.3755192156e+01
3.1424643065e-04 7.8962927293e-05 1.3750724615e+01
2.7709305185e-04 2.6455573545e-05 1.7000498291e+01
-1.7754279418e-04 8.5853557420e-05 3.6010143309e+01
-1.7818467057e-04 8.8013050451e-05 3.5800885416e+01
-1.7548331245e-04 8.7735602133e-05 3.5810643849e+01
-2.7160504284e-04 1.4818031915e-05 2.5819104773e+01
2.5759322434e-04 1.1198773462e-04 1.4191515386e+01
2.5808759658e-04 1.1579234272e-04 1.4062453169e+01
1.7069456279e-04 9.1399678362e-05 1.7002646986e+01
2.0133272019e-04 9.3812104486e-05 1.5848610514e+01
2.3346102327e-04 4.3000920930e-05 1.7007644039e+01
2.8292155328e-04 3.4018276367e-05 1.6268892820e+01
2.8623118968e-04 3.1005290159e-05 1.6290431653e+01
-2.7467609889e-04 1.8767506476e-05 2.3534618763e+01
-2.7799490641e-04 1.7123595046e-05 2.1143752667e+01
-2.7444625857e-04 5.0116071346e-05 3.1593458971e+01
-2.7672091159e-04 5.0941887633e-05 3.1388415827e+01
-2.3193195009e-04 2.2084590977e-05 4.0541320632e+01
1.7461999896e-04 9.2659491709e-05 1.6997411418e+01
3.0072075247e-04 9.1488987666e-05 1.3754765339e+01
-2.7622500487e-04 5.3340753449e-05 3.2592773653e+01
-2.7894713227e-04 5.1818312422e-05 3.1288245868e+01
-2.7948771011e-04 4.9421221143e-05 2.9819573978e+01
-2.8170065515e-04 5.0327192579e-05 2.9670803514e+01
-1.7614040308e-04 8.9900190316e-05 3.5610574341e+01
-1.7344615493e-04 8.9623879049e-05 3.5614721255e+01
-2.7776943763e-04 1.9060474853e-05 2.1239429151e+01
-2.8109711680e-04 1.7415556308e-05 1.8386030612e+01
-2.8135673518e-04 1.5477915017e-05 1.8344705769e+01
-2.8412474171e-04 1.7748303391e-05 1.6806611190e+01
-2.8756491476e-04 1.6083888743e-05 1.7139297580e+01
2.4973048255e-04 8.4621159471e-05 1.5050036794e+01
2.8707611359e-04 3.4615692970e-05 1.6145598625e+01
2.7960784239e-04 3.7011699550e-05 1.6240542318e+01
2.1272669659e-04 9.3441184455e-05 1.5480367256e+01
-1.8504129542e-04 8.4549389413e-05 3.6170567042e+01
-1.8562469791e-04 8.6727040116e-05 3.5967101331e+01
-1.8772657376e-04 8.4854804365e-05 3.6151416671e+01
3.1170794888e-04 3.7824541880e-05 1.5257754451e+01
2.9039257601e-04 3.1574294943e-05 1.6195921599e+01
2.8953768526e-04 2.7973319122e-05 1.6376404622e+01
2.9370627123e-04 2.8511948508e-05 1.6217960213e+01
-1.8828894203e-04 8.7044563287e-05 3.5955298832e+01
-1.9039614940e-04 8.5173997141e-05 3.6133583839e+01
3.1473897836e-04 8.2857931138e-05 1.3591952419e+01
3.1810614896e-04 7.9677152975e-05 1.3583976115e+01
2.6154506767e-04 1.1290278471e-04 1.4075647103e+01
2.6203639575e-04 1.1671305652e-04 1.3939203168e+01
2.5857230082e-04 1.1960022825e-04 1.3924902621e+01
2.4633815075e-04 8.7463802938e-05 1.5025471510e+01
2.9052110604e-04 1.0066720933e-04 1.3738219937e+01
2.8710981916e-04 1.0368824558e-04 1.3729897819e+01
-2.5535142171e-04 2.1188379343e-05 3.3968922126e+01
-2.9064520358e-04 1.6433471941e-05 1.7033427260e+01
-2.8476673734e-04 1.3827501789e-05 1.6811862599e+01
-2.8112396428e-04 5.2746994961e-05 3.1315245599e+01
-2.8386280438e-04 5.1287388084e-05 2.9674214024e+01
-2.8448499036e-04 4.8872003968e-05 2.7674036736e+01
-2.8663341455e-04 4.9867294328e-05 2.7643194865e+01
3.2578276832e-04 2.8465115435e-05 1.5173376684e+01
3.2982683185e-04 2.8818831755e-05 1.4979715221e+01
-1.9093776231e-04 8.7376178909e-05 3.5944966537e+01
-1.9304966582e-04 8.5507568593e-05 3.6117200893e+01
2.9284439485e-04 2.4918251575e-05 1.6632909076e+01
2.9701702509e-04 2.5427338575e-05 1.6242106470e+01
-2.4224216854e-04 2.2397654146e-05 3.8135874356e+01
2.8557039427e-04 9.2187512896e-05 1.4160477808e+01
2.8216070121e-04 9.5198925934e-05 1.4149351043e+01
2.4232449019e-04 8.6535764761e-05 1.5111149487e+01
1.6680560825e-04 9.0155230693e-05 1.7005990468e+01
1.6740167866e-04 9.3787407360e-05 1.7002683410e+01
1.6353504524e-04 9.2517211115e-05 1.7006642858e+01
-1.6779473408e-04 7.2855641141e-05 3.7683629550e+01
-1.6994489277e-04 7.1019619203e-05 3.7937255367e+01
-1.6704139006e-04 7.0836767421e-05 3.8001008394e+01
-1.6920442618e-04 6.9008670382e-05 3.8259260726e+01
-1.6627490794e-04 6.8835500330e-05 3.8329183123e+01
-1.6845040130e-04 6.7015663070e-05 3.8591520125e+01
-1.6549411726e-04 6.6852045016e-05 3.8667433116e+01
-1.6768182788e-04 6.5040692891e-05 3.8933341704e+01
-1.6469837396e-04 6.4886435225e-05 3.9015046967e+01
-1.7065176569e-04 6.5202935758e-05 3.8851004637e+01
-1.6989547699e-04 6.3236541800e-05 3.9195854044e+01
-1.7287938552e-04 6.3397284355e-05 3.9106725856e+01
-1.7213561425e-04 6.1439550229e-05 3.9454057085e+01
-1.7513365345e-04 6.1598682638e-05 3.9357715721e+01
-1.7440251545e-04 5.9649703055e-05 3.9706982823e+01
-1.7741493403e-04 5.9807117869e-05 3.9602941142e+01
-1.7137538996e-04 5.9500365712e-05 3.9809339000e+01
-1.7365450654e-04 5.7719527091e-05 4.0063774379e+01
-1.7059790387e-04 5.7579707928e-05 4.0171912451e+01
-1.7411799809e-04 9.1793515069e-05 3.5424534014e+01
-1.7143081016e-04 9.1518439054e-05 3.5423207693e+01
-1.8620453847e-04 8.8921071889e-05 3.5779033057e+01
-1.7811683952e-04 6.1766310716e-05 3.9260031004e+01
-1.8041206436e-04 5.9973066270e-05 3.9497164935e+01
2.4293998071e-04 9.0291343710e-05 1.5003461052e+01
2.3893301559e-04 8.9342801968e-05 1.5088777802e+01
1.6410806854e-04 9.6149364043e-05 1.7003344312e+01
1.6026532175e-04 9.4852730436e-05 1.7007195752e+01
-2.9011683355e-04 1.8518970447e-05 1.7026606109e+01
-2.9370841993e-04 1.6820340216e-05 1.7053893173e+01
-2.9429332948e-04 1.4724910123e-05 1.7053169688e+01
-2.9743808360e-04 1.5090232650e-05 1.7041603684e+01
-2.9675375398e-04 1.7249547473e-05 1.7052164155e+01
-3.0056577450e-04 1.5497233250e-05 1.7047814885e+01
-2.9978073963e-04 1.7725334995e-05 1.7058266888e+01
-3.0367685368e-04 1.5950160124e-05 1.7049577077e+01
-2.8729922276e-04 4.7458163219e-05 2.5173400440e+01
-2.8943549930e-04 4.8492810462e-05 2.5097500872e+01
3.1858599269e-04 8.3594823547e-05 1.3420322881e+01
3.2194455328e-04 8.0399132907e-05 1.3408712348e+01
-2.8872790779e-04 5.0920152552e-05 2.7833129616e+01
-2.9151678813e-04 4.9586648951e-05 2.5288926774e+01
-2.9226833323e-04 4.7171262727e-05 2.2045840366e+01
-2.9433960954e-04 4.8310976655e-05 2.2240968596e+01
-1.9357083049e-04 8.7722419577e-05 3.5936256812e+01
-1.9568679046e-04 8.5856091948e-05 3.6102417931e+01
2.5034485205e-04 8.8376443526e-05 1.4941505515e+01
2.6299166536e-04 5.1708987607e-05 1.5954529491e+01
3.2146842009e-04 7.6472428079e-05 1.3572808308e+01
3.2529772218e-04 7.7179061341e-05 1.3393482561e+01
3.2482580562e-04 7.3242459872e-05 1.3557991126e+01
3.2864536035e-04 7.3933436385e-05 1.3374103629e+01
3.2817850514e-04 6.9986190571e-05 1.3538894988e+01
3.3198755989e-04 7.0660943690e-05 1.3349864219e+01
3.3152601513e-04 6.6701661538e-05 1.3514720876e+01
3.3532398160e-04 6.7360142933e-05 1.3319841849e+01
3.3486890038e-04 6.3388170117e-05 1.3484242686e+01
3.3865468482e-04 6.4029541429e-05 1.3282719424e+01
3.3820656640e-04 6.0043410422e-05 1.3445849391e+01
3.4197947796e-04 6.0667295722e-05 1.3236742188e+01
3.4153880904e-04 5.6665478464e-05 1.3397236878e+01
3.4529755283e-04 5.7271643604e-05 1.3179547536e+01
3.4486567967e-04 5.3252778703e-05 1.3335167432e+01
3.4860882011e-04 5.3840680072e-05 1.3107939785e+01
3.4818613630e-04 4.9802333432e-05 1.3255320434e+01
3.5191273987e-04 5.0371973656e-05 1.3017741333e+01
3.5149939228e-04 4.6311280223e-05 1.3151773603e+01
3.4774835094e-04 4.5793149045e-05 1.3395471584e+01
3.5106915969e-04 4.2283635692e-05 1.3274514559e+01
3.5480703670e-04 4.2778240201e-05 1.3016477184e+01
3.5438421679e-04 3.8729060089e-05 1.3111591731e+01
3.5061565998e-04 3.8291490393e-05 1.3385584654e+01
3.5393511800e-04 3.4720334577e-05 1.3187102064e+01
3.5769305026e-04 3.5128264634e-05 1.2891676500e+01
3.5724685390e-04 3.1100305357e-05 1.2912134105e+01
3.5345150266e-04 3.0753793569e-05 1.3243361041e+01
3.6099396957e-04 3.1478212084e-05 1.2595301168e+01
-1.6252469688e-04 6.6696374908e-05 3.8743004173e+01
-1.6170198574e-04 6.4739703420e-05 3.9096181349e+01
-1.5954269571e-04 6.6548235848e-05 3.8818289033e+01
-1.5869319920e-04 6.4600135692e-05 3.9176801866e+01
-1.5654863477e-04 6.6407264822e-05 3.8893344622e+01
-1.5567252560e-04 6.4467414043e-05 3.9256965213e+01
-1.5354304389e-04 6.6273129679e-05 3.8968229227e+01
-1.5264046895e-04 6.4341195027e-05 3.9336738397e+01
-1.5477948210e-04 6.2544703516e-05 3.9628509395e+01
-1.5172063196e-04 6.2426184535e-05 3.9712895246e+01
-1.4959754208e-04 6.4221181980e-05 3.9416181132e+01
-1.4865111202e-04 6.2313558148e-05 3.9796716441e+01
-1.4654418115e-04 6.4107099205e-05 3.9495349094e+01
-1.4557058886e-04 6.2209248839e-05 3.9879527300e+01
-1.4348016145e-04 6.3999261963e-05 3.9574191913e+01
-1.4248096148e-04 6.2108123080e-05 3.9962270543e+01
-1.4040694613e-04 6.3896618944e-05 3.9652901115e+01
-1.3938222849e-04 6.2011724461e-05 4.0044672668e+01
-1.3732568323e-04 6.3798729632e-05 3.9731504060e+01
-1.3627545017e-04 6.1918281867e-05 4.0127048239e+01
-1.3423585425e-04 6.3705377009e-05 3.9810079302e+01
-1.3315927868e-04 6.1832816601e-05 4.0208390327e+01
-1.3113738778e-04 6.3617490829e-05 3.9888389343e+01
-1.3003548601e-04 6.1750728407e-05 4.0289547713e+01
-1.2803119555e-04 6.3534134773e-05 3.9966553743e+01
-1.2690463415e-04 6.1671053172e-05 4.0370658713e+01
-1.2491773334e-04 6.3454914878e-05 4.0044601794e+01
-1.2376586928e-04 6.1598798657e-05 4.0450621235e+01
-1.2179719436e-04 6.3380530860e-05 4.0122290580e+01
-1.2062063198e-04 6.1529517095e-05 4.0530226155e+01
-1.1867011122e-04 6.3310271329e-05 4.0199641199e+01
-1.1746942574e-04 6.1462285538e-05 4.0609522697e+01
-1.1553690009e-04 6.3243801316e-05 4.0276605511e+01
-1.1431155969e-04 6.1402150150e-05 4.0687327019e+01
-1.1114877045e-04 6.1342030176e-05 4.0764884420e+01
-1.0925324197e-04 6.3123336971e-05 4.0428402669e+01
-1.1362691725e-04 6.5035654790e-05 3.9943426271e+01
-1.2604970980e-04 6.5328545760e-05 3.9642553795e+01
-1.0798029451e-04 6.1287679728e-05 4.0840788899e+01
-1.0480679824e-04 6.1237458670e-05 4.0915109474e+01
-1.0294909149e-04 6.3018654008e-05 4.0576061055e+01
-1.5386869710e-04 6.0639192397e-05 4.0007196034e+01
-1.0424925243e-04 6.4860097109e-05 4.0165337869e+01
-1.0111370600e-04 6.4809737847e-05 4.0237531162e+01
-9.7973899211e-05 6.4763416471e-05 4.0308362623e+01
-9.6627173133e-05 6.2929740455e-05 4.0717264657e+01
-9.4830149370e-05 6.4721132512e-05 4.0377476945e+01
-9.3460383811e-05 6.2891115939e-05 4.0784549476e+01
-9.1682787013e-05 6.4682893877e-05 4.0444471838e+01
-9.0290133117e-05 6.2856416765e-05 4.0849026003e+01
-8.8532135879e-05 6.4648737815e-05 4.0508883649e+01
-8.7116521008e-05 6.2828235453e-05 4.0909658185e+01
-8.5378484803e-05 6.4619143792e-05 4.0570103276e+01
-8.2222233880e-05 6.4593211736e-05 4.0627740992e+01
-8.0761686958e-05 6.2779198537e-05 4.1019542166e+01
-7.9063638625e-05 6.4571896761e-05 4.0680959216e+01
-7.5903080910e-05 6.4554835212e-05 4.0729120148e+01
-7.4398282581e-05 6.2745300343e-05 4.1108542832e+01
-7.2740857153e-05 6.4541948632e-05 4.0771442208e+01
-6.9577271149e-05 6.4534167510e-05 4.0806865555e+01
-6.8028703256e-05 6.2732194159e-05 4.1168901184e+01
-6.6412680072e-05 6.4531087766e-05 4.0834503340e+01
-6.3247417201e-05 6.4532665652e-05 4.0853282026e+01
-9.6179644989e-05 6.6564746177e-05 3.9970125389e+01
-6.1655814536e-05 6.2736237308e-05 4.1193250228e+01
-6.0081806310e-05 6.4539896897e-05 4.0861851161e+01
-5.6916209424e-05 6.4552431888e-05 4.0858975573e+01
-5.5282305449e-05 6.2761496910e-05 4.1171084124e+01
-5.3751027822e-05 6.4570556633e-05 4.0843193040e+01
-5.0586570689e-05 6.4594537030e-05 4.0812905463e+01
-4.8911066040e-05 6.2808582213e-05 4.1090633206e+01
-4.7423221587e-05 6.4624768618e-05 4.0766355189e+01
-4.4261425686e-05 6.4661524452e-05 4.0701668762e+01
-4.2545091700e-05 6.2879393904e-05 4.0937701445e+01
-3.9365281780e-05 6.2926871360e-05 4.0828551836e+01
-3.7943973424e-05 6.4755916868e-05 4.0509458738e+01
-3.6188011642e-05 6.2980609736e-05 4.0694915494e+01
-3.3013641484e-05 6.3040296320e-05 4.0534276819e+01
-3.1637730551e-05 6.4880681990e-05 4.0217723858e+01
-2.9843106939e-05 6.3110670472e-05 4.0343383790e+01
-2.6676533591e-05 6.3188551017e-05 4.0119788748e+01
-2.5346503530e-05 6.5039728741e-05 3.9804765666e+01
-2.3514332627e-05 6.3273698128e-05 3.9860343632e+01
-2.2207758363e-05 6.5132796913e-05 3.9545162347e+01
-2.0357677356e-05 6.3370960007e-05 3.9561283849e+01
-1.7206656339e-05 6.3477209234e-05 3.9219409533e+01
-1.5947049761e-05 6.5350034008e-05 3.8902313992e+01
-1.4061757268e-05 6.3592278543e-05 3.8830853767e+01
-1.0924417365e-05 6.3721130164e-05 3.8391300629e+01
-9.7127199708e-06 6.5611346004e-05 3.8068590864e+01
-7.7947169799e-06 6.3860685322e-05 3.7896705736e+01
-6.6072408559e-06 6.5760270860e-05 3.7569453546e+01
-4.6732512931e-06 6.4010846318e-05 3.7342413436e+01
-3.5104538363e-06 6.5921899079e-05 3.7009127525e+01
-1.5617517802e-06 6.4176691874e-05 3.6723517489e+01
-4.2332863549e-07 6.6097633258e-05 3.6382619788e+01
1.5396719387e-06 6.4355181856e-05 3.6035043409e+01
2.6533134524e-06 6.6287665874e-05 3.5684546941e+01
4.6302782174e-06 6.4546279170e-05 3.5271478209e+01
5.7186362607e-06 6.6492562629e-05 3.4909107630e+01
7.7080041253e-06 6.4755177602e-05 3.4427278524e+01
8.7714644226e-06 6.6713812871e-05 3.4050383861e+01
1.1810796145e-05 6.6951677735e-05 3.3101915622e+01
1.3823323494e-05 6.5217323005e-05 3.2472549774e+01
1.6857541832e-05 6.5475875702e-05 3.1349336133e+01
1.7844400863e-05 6.7480718227e-05 3.0907783852e+01
1.9874998836e-05 6.5751480861e-05 3.0119855752e+01
2.0836002954e-05 6.7773766758e-05 2.9647420636e+01
2.2874502089e-05 6.6044151686e-05 2.8775865241e+01
2.3809072733e-05 6.8086614370e-05 2.8266891203e+01
2.5853180860e-05 6.6359265024e-05 2.7313792567e+01
2.6761853155e-05 6.8420863662e-05 2.6754020765e+01
2.8810495807e-05 6.6693693298e-05 2.5727560482e+01
2.9692754366e-05 6.8776819370e-05 2.5126918317e+01
3.1744957859e-05 6.7047314145e-05 2.3917397464e+01
3.2599051649e-05 6.9155193098e-05 2.3221972995e+01
3.5493364161e-05 6.9557437779e-05 2.2711507793e+01
3.7574046630e-05 6.7826162350e-05 2.2749995721e+01
3.8398499529e-05 6.9983191858e-05 2.2722745090e+01
4.0504759206e-05 6.8248508462e-05 2.2712837255e+01
4.1311758362e-05 7.0433637720e-05 2.2703433763e+01
4.3446285628e-05 6.8698050482e-05 2.2703661274e+01
4.4244020512e-05 7.0907829510e-05 2.2687599818e+01
4.6402504004e-05 6.9171070493e-05 2.2691444273e+01
4.7179271294e-05 7.1409369367e-05 2.2681658712e+01
4.9372922980e-05 6.9667984022e-05 2.2684188923e+01
5.0140806131e-05 7.1936312952e-05 2.2671557676e+01
5.2357873691e-05 7.0193970563e-05 2.2676734763e+01
5.3113004553e-05 7.2490859864e-05 2.2664477057e+01
5.5359759519e-05 7.0745618241e-05 2.2669797126e+01
5.6100974687e-05 7.3073089968e-05 2.2658466322e+01
5.8379948736e-05 7.1322820616e-05 2.2666963191e+01
5.9106638818e-05 7.3683457389e-05 2.2652651134e+01
6.1417851973e-05 7.1931191467e-05 2.2663487400e+01
6.2131147242e-05 7.4323511302e-05 2.2649332605e+01
6.4476483837e-05 7.2567146904e-05 2.2661077204e+01
6.5176203357e-05 7.4993398431e-05 2.2648199383e+01
6.7557689252e-05 7.3230569033e-05 2.2663278652e+01
6.8243422286e-05 7.5693544332e-05 2.2647890585e+01
7.0660927757e-05 7.3927197117e-05 2.2664892613e+01
7.1331329144e-05 7.6423100796e-05 2.2651663905e+01
7.3789097278e-05 7.4652896892e-05 2.2671169796e+01
7.4450451911e-05 7.7188640743e-05 2.2655702113e+01
7.6944874733e-05 7.5410232500e-05 2.2677790948e+01
7.7585832155e-05 7.7985245093e-05 2.2666822172e+01
8.0127361125e-05 7.6199164113e-05 2.2689478810e+01
8.0764903465e-05 7.8813459423e-05 2.2675977061e+01
8.3342265930e-05 7.7020069122e-05 2.2702841389e+01
8.3969417754e-05 7.9676485272e-05 2.2691535007e+01
8.6588661597e-05 7.7873828829e-05 2.2717649966e+01
8.7205064802e-05 8.0575688023e-05 2.2710172984e+01
8.9869498479e-05 7.8759337982e-05 2.2738160420e+01
-7.4246780516e-05 6.6360915787e-05 4.0393730061e+01
-8.3662009907e-05 6.6422588936e-05 4.0231998298e+01
-6.1673705109e-05 6.6347972698e-05 4.0523952018e+01
-5.2241149503e-05 6.6394100383e-05 4.0520431055e+01
-4.2816939665e-05 6.6496450218e-05 4.0386220451e+01
-3.3411773556e-05 6.6663780718e-05 4.0068983148e+01
-2.4037628053e-05 6.6907163471e-05 3.9501810048e+01
-1.4708338212e-05 6.7239924452e-05 3.8600682961e+01
-5.4401982500e-06 6.7677830783e-05 3.7261846641e+01
3.7472901712e-06 6.8239168346e-05 3.5358955503e+01
1.2830494035e-05 6.8944754860e-05 3.2739134007e+01
3.0561542372e-05 7.0883847158e-05 2.4581688111e+01
3.9206809344e-05 7.2166547171e-05 2.2673405625e+01
9.0476922591e-05 8.1506066169e-05 2.2729597509e+01
9.3184827395e-05 7.9681175167e-05 2.2758321565e+01
-1.4149926945e-04 6.0229643584e-05 4.0356186708e+01
6.8905720017e-05 7.8184322011e-05 2.2631504497e+01
-1.3529248661e-04 6.5596373914e-05 3.9416912192e+01
9.3784945164e-05 8.2472950517e-05 2.2753323531e+01
9.6538475105e-05 8.0635615728e-05 2.2782140440e+01
5.6829300243e-05 7.5426915953e-05 2.2642727638e+01
-1.3209969728e-04 5.9972459481e-05 4.0611450477e+01
2.5142066584e-04 5.2987025760e-05 1.6156450970e+01
9.7131144907e-05 8.3476726427e-05 2.2778691068e+01
9.9931833410e-05 8.1624000534e-05 2.2806850980e+01
1.0051886023e-04 8.4514643198e-05 2.2805161791e+01
1.0336690287e-04 8.2646133541e-05 2.2830849404e+01
1.0395071411e-04 8.5585493279e-05 2.2832648429e+01
1.0684654630e-04 8.3700086275e-05 2.2859195610e+01
1.0742690606e-04 8.6692697773e-05 2.2855840324e+01
1.1036982842e-04 8.4791365803e-05 2.2884305184e+01
1.1094870739e-04 8.7837592223e-05 2.2898543968e+01
1.1394052919e-04 8.5915741931e-05 2.2873899508e+01
1.1451982502e-04 8.9015789994e-05 2.2880153679e+01
1.1756234578e-04 8.7073282343e-05 2.3062745444e+01
1.1814173894e-04 9.0228605979e-05 2.2739737055e+01
1.2121147028e-04 8.8254807238e-05 2.1858011302e+01
2.9121862334e-04 3.5193304046e-05 1.5983679330e+01
3.6055113556e-04 2.7431345408e-05 1.2533135571e+01
3.6428778747e-04 2.7777255981e-05 1.2197098599e+01
-1.7288867159e-04 5.5808108052e-05 4.0427454618e+01
-1.6980223622e-04 5.5677508368e-05 4.0541121043e+01
2.6251927242e-04 1.2052671533e-04 1.3794064067e+01
2.6598006919e-04 1.1762557743e-04 1.3808937717e+01
2.5904867845e-04 1.2341094814e-04 1.3778071423e+01
2.9101694699e-04 1.0452211848e-04 1.3582540158e+01
2.8760429781e-04 1.0753828632e-04 1.3574120017e+01
-1.2263033220e-04 5.9754273747e-05 4.0860178404e+01
-1.1308433450e-04 5.9571813333e-05 4.1100494063e+01
-8.8884262515e-05 6.1049382504e-05 4.1250246405e+01
-7.9312951258e-05 6.0975009198e-05 4.1407209480e+01
-6.9698558880e-05 6.0941531730e-05 4.1507005507e+01
-6.0075029878e-05 6.0948874610e-05 4.1523589644e+01
2.8162733581e-04 9.1385864088e-05 1.4281781290e+01
2.7821615287e-04 9.4380179003e-05 1.4268889302e+01
-1.7211695392e-04 9.3693045883e-05 3.5243598314e+01
-1.6943679450e-04 9.3419311134e-05 3.5236932579e+01
-1.6873090635e-04 9.1254919825e-05 3.5423079614e+01
-1.6674468180e-04 9.3156891061e-05 3.5231511636e+01
-1.8108451972e-04 6.1942907379e-05 3.9160978008e+01
-1.8339323664e-04 6.0148060003e-05 3.9389622440e+01
-1.8273497209e-04 5.8186742888e-05 3.9726819970e+01
-1.8572998776e-04 5.8360023247e-05 3.9610127930e+01
-1.8508602955e-04 5.6407323790e-05 3.9947718566e+01
-1.8809511320e-04 5.6578789520e-05 3.9821117291e+01
-1.9108658730e-04 5.6760043580e-05 3.9691775026e+01
-1.9166790754e-04 5.8736193921e-05 3.9370104149e+01
-1.9405968763e-04 5.6951689489e-05 3.9559713623e+01
-1.8746567687e-04 5.4634811513e-05 4.0158471626e+01
-1.9460922799e-04 5.8940327884e-05 3.9246865895e+01
-1.9701365678e-04 5.7154394575e-05 3.9424997158e+01
-1.4446067102e-04 6.5909003796e-05 3.9192408470e+01
-2.9512935904e-04 4.5912810820e-05 1.7926171679e+01
-2.9719488252e-04 4.7104198972e-05 1.8087558603e+01
4.7944126314e-05 7.3672547443e-05 2.2668147001e+01
-1.9648083256e-04 5.5173801909e-05 3.9736313320e+01
-1.9944760822e-04 5.5374979127e-05 3.9588991161e+01
-1.9994713663e-04 5.7369162587e-05 3.9287725154e+01
-2.0239370724e-04 5.5588132268e-05 3.9438516102e+01
-2.0191171387e-04 5.3602128555e-05 3.9736700612e+01
-2.0531870696e-04 5.5813990211e-05 3.9285062145e+01
-2.0822147814e-04 5.6053503738e-05 3.9128883363e+01
-2.1072088590e-04 5.4277233245e-05 3.9230293863e+01
1.2175686867e-04 9.1458040012e-05 2.0940673276e+01
1.2482793607e-04 8.9450618157e-05 2.0156078734e+01
-3.0278989793e-04 1.8252060625e-05 1.7058719407e+01
-3.0677292601e-04 1.6453208657e-05 1.7049875746e+01
-2.9807825757e-04 1.2987105141e-05 1.7040576235e+01
3.2910598830e-04 2.5123144742e-05 1.5194105306e+01
3.2503940512e-04 2.4789173707e-05 1.5387550760e+01
3.3315172105e-04 2.5435480414e-05 1.4967718602e+01
3.3384738957e-04 2.9155230901e-05 1.4757839367e+01
3.3717305896e-04 2.5728973434e-05 1.4700651486e+01
2.9614795147e-04 2.1837210635e-05 1.6581128015e+01
3.0032445707e-04 2.2320351796e-05 1.6317486772e+01
-1.7478483824e-04 9.3978494056e-05 3.5251525776e+01
-1.9618778949e-04 8.8083927884e-05 3.5929317502e+01
-1.9830720969e-04 8.6220178368e-05 3.6089399286e+01
-1.9782596251e-04 8.3995568186e-05 3.6269293506e+01
-2.0044983161e-04 8.4362325323e-05 3.6250034216e+01
-2.8665587989e-04 2.0189399229e-05 1.7126968273e+01
8.5930319389e-05 7.5201202087e-05 2.2728353105e+01
1.0273939077e-04 7.9740369323e-05 2.2832228386e+01
1.2060037462e-04 8.5087654542e-05 2.2540803175e+01
-3.0773162071e-04 1.4128014849e-05 1.7038684424e+01
-3.1092252297e-04 1.4600026704e-05 1.7036726719e+01
-3.0985689065e-04 1.7010369270e-05 1.7048940562e+01
-3.1409594238e-04 1.5132231238e-05 1.7034531142e+01
-2.0091059154e-04 8.6600540468e-05 3.6078324661e+01
-2.0305582095e-04 8.4745559737e-05 3.6232757620e+01
-2.0261643992e-04 8.2510231986e-05 3.6410277773e+01
-2.0522450683e-04 8.2896390539e-05 3.6386705764e+01
3.1522190233e-04 8.6767092107e-05 1.3428741415e+01
1.7793207785e-04 9.0222402040e-05 1.6993696348e+01
1.7858047711e-04 9.3931501414e-05 1.7008674594e+01
2.9196647932e-04 2.1378769381e-05 1.7125019888e+01
-2.0564380765e-04 8.5146186009e-05 3.6217665603e+01
-2.0781435295e-04 8.3300399156e-05 3.6365415204e+01
-2.0741806898e-04 8.1053185527e-05 3.6539197219e+01
-2.1000881219e-04 8.1460553768e-05 3.6511729061e+01
-1.6746362488e-04 9.5326538090e-05 3.5056733168e+01
-1.6477903896e-04 9.5065378641e-05 3.5046141599e+01
-1.6404096373e-04 9.2905394590e-05 3.5227326827e+01
-1.6208324533e-04 9.4814984217e-05 3.5036816544e+01
-1.6132592527e-04 9.2664395335e-05 3.5224389074e+01
-1.5937657984e-04 9.4574977040e-05 3.5028761987e+01
-1.5859994827e-04 9.2433373180e-05 3.5222736364e+01
-1.5665942363e-04 9.4344939721e-05 3.5022016327e+01
-1.5473910896e-04 9.6263454195e-05 3.4828650721e+01
-1.5393207725e-04 9.4124580515e-05 3.5016612960e+01
-1.5202095331e-04 9.6044074485e-05 3.4818261969e+01
-1.5119483979e-04 9.3913564270e-05 3.5012602706e+01
-1.4929331733e-04 9.5833971686e-05 3.4809289617e+01
-1.5012953027e-04 9.7970620283e-05 3.4628205329e+01
-1.4741138565e-04 9.7761564550e-05 3.4614325101e+01
-1.4655656555e-04 9.5632823632e-05 3.4801804443e+01
-1.4468452025e-04 9.7561409171e-05 3.4601942527e+01
-1.4381099415e-04 9.5440362650e-05 3.4795881461e+01
-1.4194923819e-04 9.7369879888e-05 3.4591135096e+01
-1.4105691361e-04 9.5256296062e-05 3.4791607611e+01
-1.3920590886e-04 9.7186729754e-05 3.4581993625e+01
-1.3829469083e-04 9.5080349550e-05 3.4789082480e+01
-1.3645474745e-04 9.7011695172e-05 3.4574623100e+01
-1.3737367490e-04 9.9124909487e-05 3.4381671064e+01
-1.3463356882e-04 9.8950880453e-05 3.4369441904e+01
-1.3369610393e-04 9.6844562340e-05 3.4569135653e+01
-1.3093030468e-04 9.6685103808e-05 3.4565651765e+01
-1.2913216804e-04 9.8626381343e-05 3.4350786866e+01
-1.3009468559e-04 1.0073305363e-04 3.4159284643e+01
-1.2735223468e-04 1.0057583392e-04 3.4146077182e+01
-1.2637157392e-04 9.8475464653e-05 3.4344624675e+01
-1.2460355647e-04 1.0042614128e-04 3.4135024356e+01
-1.2360478691e-04 9.8331851300e-05 3.4340758503e+01
-1.2184894607e-04 1.0028381281e-04 3.4126272769e+01
-1.2083209835e-04 9.8195404134e-05 3.4339332698e+01
-1.1908875522e-04 1.0014859687e-04 3.4119989415e+01
-1.1805383264e-04 9.8065914803e-05 3.4340508168e+01
-1.1632337562e-04 1.0002043546e-04 3.4116329890e+01
-1.1527031798e-04 9.7943238504e-05 3.4344447202e+01
-1.1355314084e-04 9.9899213002e-05 3.4115464744e+01
-1.1248186307e-04 9.7827322379e-05 3.4351307418e+01
-1.1077820843e-04 9.9784747049e-05 3.4117579198e+01
-1.1185313419e-04 1.0186432113e-04 3.3897041589e+01
-1.0909164039e-04 1.0175146252e-04 3.3894206500e+01
-1.0799894443e-04 9.9676966912e-05 3.4122853475e+01
-1.0632609417e-04 1.0164536576e-04 3.3894569523e+01
-1.0521564809e-04 9.9575769862e-05 3.4131477034e+01
-1.0355679382e-04 1.0154594559e-04 3.3898334411e+01
-1.0242860659e-04 9.9481108345e-05 3.4143637684e+01
-1.0078401401e-04 1.0145312152e-04 3.3905712001e+01
-9.9638121744e-05 9.9392885171e-05 3.4159533898e+01
-9.8008104403e-05 1.0136683054e-04 3.3916916912e+01
-9.6844496338e-05 9.9311086196e-05 3.4179355944e+01
-9.4048044232e-05 9.9235648466e-05 3.4203301642e+01
-9.2448175079e-05 1.0121377232e-04 3.3951667226e+01
-9.1249050657e-05 9.9166524449e-05 3.4231566811e+01
-8.9664625874e-05 1.0114694217e-04 3.3975654172e+01
-8.8447800343e-05 9.9103797855e-05 3.4264327501e+01
-8.5644587215e-05 9.9047449033e-05 3.4301769111e+01
-8.5326199648e-05 1.0308030099e-04 3.3753014840e+01
-8.2554972739e-05 1.0302915585e-04 3.3782272398e+01
-8.1303394013e-05 1.0098545947e-04 3.4076650104e+01
-7.9782642113e-05 1.0298468598e-04 3.3816893491e+01
-7.8513759114e-05 1.0094474291e-04 3.4120692523e+01
-7.7009540589e-05 1.0294692357e-04 3.3857128418e+01
-7.4235812583e-05 1.0291600299e-04 3.3903208222e+01
-7.2932327668e-05 1.0088396276e-04 3.4225411095e+01
-7.1461877495e-05 1.0289194635e-04 3.3955374110e+01
-7.0141110028e-05 1.0086404194e-04 3.4286424008e+01
-6.8687971658e-05 1.0287507697e-04 3.4013808824e+01
-6.7349960479e-05 1.0085065347e-04 3.4353486292e+01
-6.5914380760e-05 1.0286519176e-04 3.4078759077e+01
-6.4559144348e-05 1.0084425906e-04 3.4426661195e+01
-6.3141402844e-05 1.0286253566e-04 3.4150387043e+01
-6.1768943725e-05 1.0084510300e-04 3.4506004936e+01
-6.0369328858e-05 1.0286730232e-04 3.4228833964e+01
-5.8979641731e-05 1.0085337099e-04 3.4591554814e+01
-5.7598404127e-05 1.0287967826e-04 3.4314215345e+01
-5.4828919568e-05 1.0289987166e-04 3.4406600757e+01
-5.3404837201e-05 1.0089302451e-04 3.4781157334e+01
-5.2061155133e-05 1.0292810705e-04 3.4506013177e+01
-5.0619893103e-05 1.0092487301e-04 3.4885013300e+01
-4.9295366235e-05 1.0296464577e-04 3.4612414188e+01
-4.6531867688e-05 1.0300973567e-04 3.4725701620e+01
-4.3770927280e-05 1.0306366982e-04 3.4845692169e+01
-4.2278205832e-05 1.0107175766e-04 3.5230083735e+01
-3.9502941385e-05 1.0113888974e-04 3.5354993112e+01
-3.8257767339e-05 1.0319943855e-04 3.5104573136e+01
-3.5506074024e-05 1.0328198571e-04 3.5242589520e+01
-3.3961984301e-05 1.0130259163e-04 3.5616143576e+01
-3.1196830559e-05 1.0139999510e-04 3.5750742810e+01
-2.8435584653e-05 1.0150838208e-04 3.5886660931e+01
-2.7273850094e-05 1.0359328702e-04 3.5682813402e+01
-2.5678511910e-05 1.0162824377e-04 3.6022637727e+01
-2.4538271410e-05 1.0371981606e-04 3.5835064689e+01
-2.2925879023e-05 1.0176012021e-04 3.6157215577e+01
-2.1807366916e-05 1.0385861740e-04 3.5987965842e+01
-2.0177947721e-05 1.0190458679e-04 3.6288691994e+01
-1.9081407879e-05 1.0401026381e-04 3.6139905545e+01
-1.7434983596e-05 1.0206226122e-04 3.6415131520e+01
-1.6360630256e-05 1.0417537436e-04 3.6289008958e+01
-1.4697246777e-05 1.0223380186e-04 3.6534289072e+01
-1.3645317966e-05 1.0435461765e-04 3.6433087863e+01
-1.1965006029e-05 1.0241991540e-04 3.6643655907e+01
-1.0935735025e-05 1.0454870559e-04 3.6569621216e+01
-9.2385288853e-06 1.0262135054e-04 3.6740354455e+01
-8.2321072098e-06 1.0475839084e-04 3.6695712246e+01
-6.5180802946e-06 1.0283890876e-04 3.6821220725e+01
-5.5347308365e-06 1.0498448790e-04 3.6808069484e+01
-3.8039396181e-06 1.0307343870e-04 3.6882714853e+01
-2.8438904094e-06 1.0522785595e-04 3.6903008137e+01
-1.0963933117e-06 1.0332584169e-04 3.6921080169e+01
1.6042717906e-06 1.0359706446e-04 3.6932321507e+01
2.5171290732e-06 1.0577009631e-04 3.7024345367e+01
4.2977475254e-06 1.0388810381e-04 3.6912504506e+01
5.1866749146e-06 1.0607093007e-04 3.7042284204e+01
6.9837157954e-06 1.0419999303e-04 3.6857863119e+01
7.8485200054e-06 1.0639292552e-04 3.7026453552e+01
9.6618542689e-06 1.0453379951e-04 3.6765255354e+01
1.0502263033e-05 1.0673721493e-04 3.6973794201e+01
1.2331818649e-05 1.0489063241e-04 3.6632400735e+01
1.3147506461e-05 1.0710489171e-04 3.6882581997e+01
1.4993265297e-05 1.0527161661e-04 3.6458258182e+01
1.5783998212e-05 1.0749686203e-04 3.6752809869e+01
1.8411329809e-05 1.0791436726e-04 3.6586384059e+01
2.0289384084e-05 1.0611057674e-04 3.5988173295e+01
2.1029085789e-05 1.0835865074e-04 3.6386656740e+01
2.2923709061e-05 1.0657022473e-04 3.5695128856e+01
2.3637251527e-05 1.0883024903e-04 3.6156989352e+01
2.5548042669e-05 1.0706019167e-04 3.5365905581e+01
2.6235293193e-05 1.0933137216e-04 3.5899880028e+01
2.8162756244e-05 1.0758007855e-04 3.4999621963e+01
2.8823171618e-05 1.0986293497e-04 3.5614701556e+01
3.0767821331e-05 1.0813116131e-04 3.4593497546e+01
3.1400980778e-05 1.1042598224e-04 3.5296902832e+01
3.3362411858e-05 1.0871730881e-04 3.4143149029e+01
3.3968220266e-05 1.1102329696e-04 3.4939084953e+01
3.5946922789e-05 1.0933873588e-04 3.3640311433e+01
3.6524807315e-05 1.1165648386e-04 3.4530406740e+01
3.8520970205e-05 1.0999802403e-04 3.3075661319e+01
4.1084143093e-05 1.1069772189e-04 3.2439195365e+01
4.1603594001e-05 1.1303998303e-04 3.3509946083e+01
4.3636111333e-05 1.1143985015e-04 3.1720167276e+01
4.4125868893e-05 1.1379519599e-04 3.2870530682e+01
4.6175134223e-05 1.1222964718e-04 3.0907514284e+01
4.6633928410e-05 1.1459784880e-04 3.2128510712e+01
4.8700979706e-05 1.1306851204e-04 2.9995517993e+01
-2.0703616366e-05 1.0597360797e-04 3.5821353839e+01
-1.2608642107e-05 1.0649237142e-04 3.6339696826e+01
-3.1568475699e-05 1.0546292850e-04 3.5154604212e+01
7.6008687448e-07 1.0767040592e-04 3.7053846636e+01
4.9129799476e-05 1.1545154370e-04 3.1265265795e+01
5.1212445760e-05 1.1396062810e-04 2.8983641157e+01
-3.9761735621e-05 1.0519699543e-04 3.4713866721e+01
5.1609881606e-05 1.1635886787e-04 3.0287627583e+01
5.3707369705e-05 1.1490990330e-04 2.7787823809e+01
-5.0731831152e-05 1.0497757061e-04 3.4232415921e+01
8.6952199104e-06 1.0860355469e-04 3.7225042590e+01
5.4070726341e-05 1.1732549800e-04 2.9183487768e+01
5.6183057247e-05 1.1592086657e-04 2.6608957099e+01
1.6554577608e-05 1.0973978225e-04 3.7083690869e+01
-6.1738254363e-05 1.0489428828e-04 3.3878427677e+01
5.6515049129e-05 1.1835648457e-04 2.7877739764e+01
5.8637444019e-05 1.1699857218e-04 2.5566778536e+01
5.8934369103e-05 1.1945693653e-04 2.6629137321e+01
6.1063425215e-05 1.1814722233e-04 2.3336120850e+01
2.4327471313e-05 1.1110734777e-04 3.6674376518e+01
-7.0006481885e-05 1.0491257367e-04 3.3691849695e+01
6.1326222760e-05 1.2063336979e-04 2.5577258250e+01
6.3467357435e-05 1.1937244887e-04 2.1434591467e+01
3.2006317764e-05 1.1273667397e-04 3.6097294021e+01
4.8241417325e-05 1.1069591612e-04 2.8843090723e+01
-9.3630257120e-05 1.0327345289e-04 3.3694931520e+01
-7.8277012112e-05 1.0499531728e-04 3.3565735315e+01
6.3681085783e-05 1.2189291671e-04 2.3256103030e+01
6.5871219033e-05 1.2065898499e-04 2.0100279156e+01
6.5678924888e-05 1.1807815798e-04 2.1424500965e+01
6.8159132768e-05 1.1938698245e-04 2.1440998709e+01
6.8287899021e-05 1.2201773269e-04 2.1068053799e+01
7.0655602314e-05 1.2076751429e-04 2.1081979991e+01
7.0718701644e-05 1.2345781857e-04 2.1258123247e+01
7.3173585007e-05 1.2222934991e-04 2.1069519688e+01
3.9583164484e-05 1.1467249585e-04 3.5182231359e+01
7.3170180694e-05 1.2498706328e-04 2.0745469520e+01
7.5721821107e-05 1.2377836111e-04 2.1133763304e+01
7.0520588787e-05 1.1808576335e-04 2.1425414913e+01
5.8295673358e-05 1.1454558958e-04 2.3496070350e+01
4.0541752683e-05 1.0836835564e-04 3.1471485035e+01
7.5653534381e-05 1.2661357697e-04 2.0753459975e+01
7.8310905130e-05 1.2542013195e-04 2.1170252498e+01
7.8342726828e-05 1.2252596946e-04 2.1393093748e+01
8.1032533384e-05 1.2417446334e-04 2.1514132221e+01
8.0953094744e-05 1.2715872919e-04 2.1336182204e+01
8.3780193411e-05 1.2591151335e-04 2.1703006154e+01
8.3661198245e-05 1.2899547955e-04 2.1590456082e+01
8.6595521837e-05 1.2773638418e-04 2.1939013550e+01
8.6446798070e-05 1.3092779026e-04 2.1960959168e+01
8.9486564287e-05 1.2964546834e-04 2.2175483819e+01
8.9568758776e-05 1.2641155102e-04 2.2229631294e+01
9.2554787128e-05 1.2829515251e-04 2.2318089433e+01
9.2458767747e-05 1.3163256687e-04 2.2801017543e+01
9.5620023898e-05 1.3025072596e-04 2.2899006640e+01
9.5499784445e-05 1.3367655795e-04 2.1631037229e+01
9.8711348794e-05 1.3222929208e-04 2.0361049171e+01
4.7046193056e-05 1.1697733230e-04 3.3528993029e+01
9.8518319069e-05 1.3567681327e-04 1.8368247685e+01
1.0176349651e-04 1.3416841995e-04 1.7357731094e+01
9.2577364703e-05 1.2502357063e-04 2.2438649204e+01
1.9539363209e-05 1.0387861241e-04 3.5625210782e+01
8.8140154838e-06 1.0234637553e-04 3.6583687643e+01
-1.2999532134e-05 1.0030635674e-04 3.6728159029e+01
-2.4049373189e-05 9.9676255653e-05 3.6330785690e+01
-3.5170997116e-05 9.9244255391e-05 3.5848396778e+01
-4.6347030143e-05 9.8977347862e-05 3.5375455436e+01
-5.7559944342e-05 9.8851016918e-05 3.4962967220e+01
2.7488466259e-05 1.0531264761e-04 3.4441685898e+01
1.0191449265e-04 1.3071011717e-04 1.8836784142e+01
1.0499538065e-04 1.3258995255e-04 1.6898787638e+01
1.0480859250e-04 1.3608544090e-04 1.7016765897e+01
1.0809984680e-04 1.3447643162e-04 1.7104782897e+01
1.0789645370e-04 1.3799853042e-04 1.7143883029e+01
1.1124846317e-04 1.3636571946e-04 1.7143879372e+01
-1.1016981368e-04 1.0383860671e-04 3.3690372323e+01
5.4382389510e-05 1.1974787245e-04 3.0701394653e+01
8.1025543959e-05 1.2122565839e-04 2.1691593023e+01
-1.2011020253e-04 1.0224421615e-04 3.3922829543e+01
-7.7219920449e-05 9.8917413517e-05 3.4443894621e+01
1.1102621548e-04 1.3989630747e-04 1.7182763237e+01
1.1443819342e-04 1.3824616430e-04 1.7176395653e+01
-1.0408975980e-04 9.7518942021e-05 3.4391142128e+01
-9.2849621216e-05 9.7196797063e-05 3.4495654426e+01
1.1460546320e-04 1.3467493437e-04 1.7134193101e+01
1.1785607761e-04 1.3653598324e-04 1.7158755679e+01
1.1767139169e-04 1.4011568313e-04 1.7186299995e+01
1.2115066456e-04 1.3838868402e-04 1.7162566256e+01
1.2095204549e-04 1.4197747159e-04 1.7188882019e+01
1.2449399311e-04 1.4023350548e-04 1.7154838642e+01
1.2428565184e-04 1.4383646549e-04 1.7181449579e+01
1.2789230941e-04 1.4207267625e-04 1.7136878067e+01
7.0695029881e-05 1.2615817792e-04 2.0458698756e+01
6.1518525318e-05 1.2311903537e-04 2.6756307667e+01
1.1796840645e-04 1.3292693560e-04 1.7114917194e+01
8.3438765559e-05 1.3213686652e-04 2.1595617120e+01
-1.2832098005e-04 1.0268939132e-04 3.3970752690e+01
1.0510724510e-04 1.2912088755e-04 1.7626011752e+01
1.2804269413e-04 1.3842052261e-04 1.7117305068e+01
1.3150502761e-04 1.4023440989e-04 1.7094111340e+01
1.3135308113e-04 1.4390761154e-04 1.7104509109e+01
1.3503063888e-04 1.4203847416e-04 1.7064442846e+01
1.3488513367e-04 1.4573742175e-04 1.7071310760e+01
1.3862724580e-04 1.4383067459e-04 1.7007114716e+01
1.3870441912e-04 1.4009395343e-04 1.7035705833e+01
1.4235799556e-04 1.4184865735e-04 1.7004322360e+01
1.4230194904e-04 1.4560765612e-04 1.7097235938e+01
1.4608840169e-04 1.4358087476e-04 1.6825770768e+01
-1.4554855790e-04 9.9696401067e-05 3.4428620708e+01
9.5249930207e-05 1.3711652318e-04 1.9273399025e+01
1.4605938785e-04 1.4736399086e-04 1.6368000962e+01
1.4987371773e-04 1.4528538547e-04 1.5880332331e+01
-2.1038509313e-04 8.3722939070e-05 3.6346651406e+01
-2.1258038855e-04 8.1886906461e-05 3.6487012969e+01
-2.9919786191e-04 4.8358157758e-05 1.8658012572e+01
-3.0009874133e-04 4.5961198806e-05 1.6841635110e+01
-3.0209497383e-04 4.7280165003e-05 1.6714563414e+01
3.2910307652e-04 7.7898523213e-05 1.3205562064e+01
1.0761847827e-04 1.4148689912e-04 1.7190077434e+01
3.1905779768e-04 8.7526243339e-05 1.3252135191e+01
3.1569716009e-04 9.0688959837e-05 1.3260704109e+01
1.4237923477e-04 1.3808699203e-04 1.6994188195e+01
2.8369215841e-04 1.0669089303e-04 1.3720366217e+01
2.8418102607e-04 1.1053938533e-04 1.3564278117e+01
-3.5494541082e-04 1.7213158091e-05 1.4918658881e+01
1.4985080884e-04 1.4907016077e-04 1.5608656175e+01
1.5367578319e-04 1.4693249185e-04 1.5546245604e+01
-1.1420304936e-04 9.5879126257e-05 3.4594368716e+01
2.3953732398e-04 9.3103336616e-05 1.4984045229e+01
2.3553634322e-04 9.2134440115e-05 1.5069246560e+01
1.8191165754e-04 9.1470055776e-05 1.7017486035e+01
1.8257472858e-04 9.5212826090e-05 1.6927285033e+01
1.7922026087e-04 9.7675826097e-05 1.6969989578e+01
2.5374324553e-04 8.5513066768e-05 1.4965123837e+01
2.5434467906e-04 8.9273615799e-05 1.4857212744e+01
2.7767322804e-04 9.0577453120e-05 1.4395951893e+01
2.7426154887e-04 9.3554200569e-05 1.4381324472e+01
2.8108009081e-04 8.7582928167e-05 1.4410533521e+01
2.7479964494e-04 9.7356692491e-05 1.4255802424e+01
2.7084461951e-04 9.6513401869e-05 1.4366848274e+01
-2.1222851226e-04 7.9626709198e-05 3.6655668707e+01
-2.1479982548e-04 8.0056877106e-05 3.6625282078e+01
-2.1513162503e-04 8.2333262131e-05 3.6465317277e+01
-2.1735092766e-04 8.0507707181e-05 3.6598407876e+01
-2.1704422321e-04 7.8233105548e-05 3.6760512541e+01
-2.1959490253e-04 7.8688215407e-05 3.6729204919e+01
-2.1988078018e-04 8.0979570545e-05 3.6575507926e+01
-2.2212355847e-04 7.9165191578e-05 3.6702921860e+01
-2.2186417575e-04 7.6875200066e-05 3.6856588316e+01
-2.2439096014e-04 7.7357225243e-05 3.6828299537e+01
-2.1110028529e-04 5.6307761110e-05 3.8970343814e+01
-2.1361055007e-04 5.4530588005e-05 3.9054802717e+01
-2.1325175998e-04 5.2507444604e-05 3.9307452105e+01
-2.1614815036e-04 5.2761338234e-05 3.9112833240e+01
-2.1647509164e-04 5.4799810290e-05 3.8876600367e+01
-2.1903867550e-04 5.3040375130e-05 3.8912437715e+01
-1.4015380862e-04 9.3156847402e-05 3.5011914957e+01
1.6081380734e-04 9.8484278416e-05 1.7004634356e+01
1.5699643838e-04 9.7160511188e-05 1.7007700647e+01
1.6467021289e-04 9.9823198799e-05 1.7004730867e+01
1.5364941471e-04 1.4314273792e-04 1.5836440501e+01
1.5745956222e-04 1.4473360525e-04 1.5465370145e+01
1.5749821208e-04 1.4852440476e-04 1.5215425552e+01
1.6129153254e-04 1.4627766845e-04 1.5206998776e+01
1.6120370546e-04 1.4247836783e-04 1.5417495874e+01
1.6504561056e-04 1.4398118822e-04 1.5189716687e+01
1.6514741312e-04 1.4777174927e-04 1.4998156487e+01
1.6890862243e-04 1.4543743244e-04 1.5004190569e+01
1.2533194207e-04 9.2690418175e-05 1.9280044698e+01
1.2840839745e-04 9.0647639166e-05 1.8619147436e+01
7.8211108681e-05 8.0593112154e-05 2.2648450628e+01
8.7800129351e-05 8.3316336325e-05 2.2696652584e+01
-2.2462968001e-04 7.9664960344e-05 3.6682456269e+01
-2.2689456005e-04 7.7862908930e-05 3.6808012324e+01
-3.1293109468e-04 1.7626993938e-05 1.7047473336e+01
-3.1727414769e-04 1.5714228707e-05 1.7035823136e+01
-3.0311460174e-04 4.4833476721e-05 1.7253112402e+01
-3.0510136448e-04 4.6228634928e-05 1.7359405880e+01
7.3089988493e-05 7.2141633786e-05 2.2682760529e+01
6.3740266766e-05 7.0163103734e-05 2.2675695555e+01
5.4584519692e-05 6.8438717431e-05 2.2682931002e+01
4.5587507524e-05 6.6952547058e-05 2.2701514078e+01
3.6719686505e-05 6.5688627358e-05 2.2715097345e+01
2.7891350033e-05 6.4628330715e-05 2.6369912161e+01
1.8873705630e-05 6.3745125119e-05 3.0635527504e+01
9.6918121955e-06 6.3020633530e-05 3.3925936147e+01
3.8157127209e-07 6.2436239668e-05 3.6413472646e+01
-9.0279137862e-06 6.1973755689e-05 3.8246145021e+01
-1.8512918666e-05 6.1616263287e-05 3.9553975196e+01
-2.8053932701e-05 6.1348548539e-05 4.0448401423e+01
-3.7634711048e-05 6.1157310719e-05 4.1022926477e+01
-4.7241502746e-05 6.1031286098e-05 4.1354429558e+01
-3.1520598650e-04 1.2703561188e-05 1.7030912551e+01
2.6646139083e-04 1.2144573449e-04 1.3656275145e+01
3.6468352667e-04 3.1899253780e-05 1.2301704214e+01
3.6796207504e-04 2.8171584038e-05 1.1902321665e+01
3.4571897871e-04 6.1315795554e-05 1.3018988960e+01
-1.6551086378e-04 9.7240136711e-05 3.4883479273e+01
2.9150582088e-04 1.0838447880e-04 1.3420188941e+01
2.9491243409e-04 1.0535553217e-04 1.3427379033e+01
1.2069016474e-04 1.4552610116e-04 1.7218174454e+01
3.6384602232e-04 2.3711685606e-05 1.2015100341e+01
3.3646187058e-04 2.2012213668e-05 1.4927324325e+01
3.4048287673e-04 2.2259909365e-05 1.4591177412e+01
2.9529953623e-04 1.8372792782e-05 1.7120002801e+01
2.9120852894e-04 1.8109574209e-05 1.6985035906e+01
1.6902868363e-04 1.4921801162e-04 1.4820699705e+01
1.7279295224e-04 1.4685109641e-04 1.4840600447e+01
-1.9409099160e-04 8.9953471341e-05 3.5770703750e+01
-2.1580999302e-04 5.0745461580e-05 3.9356931206e+01
-2.0440652721e-04 5.1835854562e-05 3.9865750697e+01
2.7029761348e-04 9.2719516339e-05 1.4487092859e+01
-2.9896502613e-04 1.9997081773e-05 1.7063531669e+01
2.6688112814e-04 9.5661032723e-05 1.4471271098e+01
1.8321758832e-04 9.8983021215e-05 1.6559924586e+01
-2.2668427986e-04 7.5556114019e-05 3.6949583782e+01
-2.2918467491e-04 7.6067703458e-05 3.6931142466e+01
-2.2937456401e-04 7.8392839678e-05 3.6797635033e+01
-2.3166055137e-04 7.6604448215e-05 3.6926184130e+01
2.5774912550e-04 8.6389835771e-05 1.4879628443e+01
-1.2259306833e-04 9.6250876498e-05 3.4568518587e+01
3.3576887798e-04 7.1352960277e-05 1.3151994613e+01
-2.7448299376e-04 2.0704246453e-05 2.3655076502e+01
2.8789278480e-04 3.8242489200e-05 1.5948260223e+01
2.9201528713e-04 3.8831089095e-05 1.5805625039e+01
2.1599065246e-04 1.1613381615e-04 1.4830514933e+01
2.9348852388e-04 6.7854369205e-05 1.4733008328e+01
-1.8733128055e-04 4.5322817905e-05 4.1761990310e+01
-1.7207704936e-04 4.6613844012e-05 4.2183865931e+01
1.2103466475e-04 1.1681163229e-04 1.7010980668e+01
9.4687532263e-05 1.0777344784e-04 2.2605330171e+01
9.1836274959e-05 1.0939132040e-04 2.2517875871e+01
9.4983455000e-05 1.1085700698e-04 2.2593890600e+01
1.6051579989e-04 1.2719996071e-04 1.6202825359e+01
1.9521134683e-04 8.1407797419e-05 1.6966034345e+01
1.4694259229e-04 7.7741708610e-05 1.7083126355e+01
-1.9749441370e-04 2.3130210526e-05 4.5023480922e+01
1.5646196084e-04 9.3574280271e-05 1.7009752184e+01
1.5321940153e-04 9.5854990508e-05 1.7009785754e+01
-2.3794913509e-04 4.0823045241e-05 3.7908542834e+01
-2.3806281262e-04 4.2836287789e-05 3.7813647224e+01
-2.3529812895e-04 4.4564564316e-05 3.8113303790e+01
-2.3539814475e-04 4.6613282109e-05 3.8009929540e+01
-2.3823731849e-04 4.6942711517e-05 3.7663532216e+01
-2.3548207691e-04 4.8685509978e-05 3.7916888063e+01
-2.4098540685e-04 4.5211034567e-05 3.7339301446e+01
-2.4102563377e-04 4.7298516359e-05 3.7310407500e+01
-2.4377678887e-04 4.5570797879e-05 3.6934948150e+01
-2.3255628332e-04 4.6299685316e-05 3.8343669013e+01
-2.4377594838e-04 4.7680309255e-05 3.6950769114e+01
-2.4653103869e-04 4.5957284120e-05 3.6521082517e+01
-2.4648909639e-04 4.8089483868e-05 3.6586103915e+01
-2.4924708974e-04 4.6372277058e-05 3.6099895372e+01
1.9055586751e-04 1.2688671772e-04 1.5051907431e+01
1.2474051979e-04 7.1885825830e-05 2.2805655310e+01
2.2552032770e-04 7.8915400709e-05 1.5688863083e+01
-1.0572234516e-04 8.5675534956e-05 3.6165167732e+01
-1.5359160304e-04 4.7907264206e-05 4.2564439743e+01
-1.5458665418e-04 4.9708940244e-05 4.2161505833e+01
-1.5235435705e-04 5.1440956096e-05 4.1871648627e+01
-1.4913918812e-04 5.1359124056e-05 4.1979644089e+01
1.0646566904e-04 6.7463831887e-05 2.2863686441e+01
-9.4056551335e-05 8.5390366892e-05 3.6381402979e+01
8.9175020091e-05 6.3709575416e-05 2.2782804697e+01
-1.4086544054e-04 2.4285502390e-05 4.8016885513e+01
-1.2259581388e-04 2.4207945290e-05 4.8591195269e+01
2.0170077190e-04 3.8765230488e-05 1.7542019936e+01
6.2830005839e-05 7.6743577956e-05 2.2633002478e+01
9.4354540520e-05 8.5305557724e-05 2.2746121880e+01
-7.0590646713e-05 8.5088339507e-05 3.6932257063e+01
-1.0792224713e-04 2.4163078089e-05 4.8912037942e+01
7.1021306999e-05 1.0061423484e-04 2.2299535007e+01
6.8639866290e-05 1.0218066336e-04 2.2248245338e+01
7.1456334845e-05 1.0327664555e-04 2.2233149241e+01
6.9068576418e-05 1.0481105673e-04 2.2172219591e+01
7.1853576300e-05 1.0595214928e-04 2.2152836493e+01
6.6305617295e-05 1.0372151377e-04 2.2200595906e+01
6.6730301515e-05 1.0631857288e-04 2.2110174634e+01
6.4020260971e-05 1.0523755832e-04 2.2152177413e+01
1.6262643565e-04 3.3432522972e-05 1.9802780832e+01
-9.3209918095e-05 2.4133297381e-05 4.9082519308e+01
-2.4850412786e-04 6.1984321800e-05 3.6933587669e+01
-2.5093854162e-04 6.2591898855e-05 3.6850052522e+01
-2.4842955537e-04 6.4309860698e-05 3.7029073104e+01
-2.5083682961e-04 6.4940012883e-05 3.6979852990e+01
-2.4836493632e-04 6.6657233617e-05 3.7116872186e+01
-2.4831235156e-04 6.9025636501e-05 3.7197962406e+01
-2.4592173818e-04 6.8385085479e-05 3.7203102599e+01
-2.4590526309e-04 7.0752282305e-05 3.7250556000e+01
-2.5321014060e-04 6.5604960002e-05 3.6952588171e+01
-2.5309658659e-04 6.7997101839e-05 3.7104106616e+01
-2.5554917391e-04 6.6306120654e-05 3.6954197998e+01
-2.4350676841e-04 7.0123027967e-05 3.7239913105e+01
-2.4352552203e-04 7.2489108373e-05 3.7254740469e+01
-2.5541297544e-04 6.8720941515e-05 3.7140120422e+01
-2.5785372539e-04 6.7044859628e-05 3.6993269101e+01
-2.5299909186e-04 7.0409703385e-05 3.7245213760e+01
-5.8831264271e-05 8.5081095219e-05 3.7237232752e+01
1.3528485788e-04 3.0266838329e-05 2.2913332230e+01
-4.7078045271e-05 8.5185434176e-05 3.7515618055e+01
-5.6289990469e-05 2.4142345015e-05 4.8491981659e+01
3.8592576001e-05 9.2944924043e-05 2.5154342985e+01
3.6615938237e-05 9.4595957520e-05 2.6975556053e+01
3.9319285411e-05 9.5224705325e-05 2.5795364771e+01
3.7338323294e-05 9.6866619237e-05 2.7598841637e+01
4.0024809848e-05 9.7514498415e-05 2.6451651186e+01
3.4640441975e-05 9.6258061249e-05 2.8679036085e+01
1.1998301524e-04 2.8810890670e-05 2.2895943079e+01
2.4151661365e-04 4.4180066016e-05 1.7024398966e+01
1.0515324390e-04 2.7659036067e-05 2.2855474813e+01
-3.7887974724e-05 2.4200172831e-05 4.7342286572e+01
-3.5351590687e-05 8.5419933227e-05 3.7701482390e+01
-4.8182850265e-06 2.4463248808e-05 4.2961723015e+01
-4.5673780492e-06 1.0714733490e-04 3.6810651228e+01
4.5584815710e-05 2.5375922951e-05 2.9614513836e+01
9.7595738778e-06 2.4659776323e-05 3.9852773507e+01
-2.3672592816e-05 8.5810956315e-05 3.7691450069e+01
-1.1985110961e-04 6.5173318422e-05 3.9793240602e+01
-1.3104572009e-04 1.0285293394e-04 3.3990910002e+01
-6.7961909037e-05 6.6343851914e-05 4.0474216231e+01
-8.9927128488e-05 6.6484167553e-05 4.0105981816e+01
-1.2063326917e-05 8.6393828358e-05 3.7332675094e+01
-5.4862620315e-07 8.7214534377e-05 3.6413781715e+01
1.0843546541e-05 8.8331517012e-05 3.4669754548e+01
-4.5241137127e-05 1.0506914676e-04 3.4457200190e+01
2.2082799218e-05 8.9817842764e-05 3.1816666124e+01
-5.6231611484e-05 1.0491988856e-04 3.4039755211e+01
5.4225389471e-05 9.4956766747e-05 2.2433893066e+01
-1.8930423352e-04 6.0527625911e-05 3.9169232823e+01
1.8699799335e-04 1.2941914026e-04 1.5067204216e+01
1.9090564209e-04 1.3069389847e-04 1.4954754988e+01
1.8731928421e-04 1.3322680823e-04 1.4965121840e+01
1.9123068716e-04 1.3449579577e-04 1.4851269570e+01
1.8761562616e-04 1.3702769867e-04 1.4854721138e+01
1.9153453257e-04 1.3829033476e-04 1.4736158421e+01
1.9515329301e-04 1.3573468769e-04 1.4738970609e+01
1.9546612543e-04 1.3952324355e-04 1.4617041993e+01
1.9908683698e-04 1.3694542077e-04 1.4625574916e+01
1.9182496695e-04 1.4206863606e-04 1.4605312817e+01
1.9940976565e-04 1.4072855588e-04 1.4495568283e+01
2.0303077194e-04 1.3812992359e-04 1.4509438974e+01
2.0336457649e-04 1.4190835902e-04 1.4370702589e+01
2.0698434881e-04 1.3929011522e-04 1.4389589932e+01
2.0663019183e-04 1.3550814422e-04 1.4520318124e+01
2.1058311623e-04 1.3664913131e-04 1.4405016184e+01
2.1094670991e-04 1.4042796241e-04 1.4265487918e+01
2.1454356112e-04 1.3776887908e-04 1.4285210452e+01
2.1491686183e-04 1.4154513776e-04 1.4136863115e+01
2.1851055794e-04 1.3886893527e-04 1.4160598619e+01
2.1416232384e-04 1.3398648784e-04 1.4417803184e+01
1.9972212531e-04 1.4450240883e-04 1.4347365087e+01
-1.7278759910e-04 7.9240596216e-05 3.6765335772e+01
-2.2800558000e-04 6.0348647515e-05 3.7859811691e+01
-1.7880333172e-04 6.3744582020e-05 3.8925469303e+01
-3.2634307832e-04 2.4705024863e-05 1.7057930045e+01
2.3973908932e-04 1.2239658927e-04 1.4253376773e+01
2.3623714456e-04 1.2518766156e-04 1.4241145647e+01
2.4019801882e-04 1.2619089557e-04 1.4125629024e+01
2.3668531898e-04 1.2897975654e-04 1.4110466627e+01
2.4064822629e-04 1.2998474612e-04 1.3986815084e+01
2.3712517318e-04 1.3277047090e-04 1.3967919537e+01
2.3272207943e-04 1.2796133560e-04 1.4228192162e+01
1.3114103199e-04 1.4755981023e-04 1.7122217204e+01
-3.2085611102e-04 3.4160200506e-05 1.7052819456e+01
-1.5457737892e-04 8.1953942919e-05 3.6449416421e+01
-1.3355258807e-04 8.4763215490e-05 3.6102865570e+01
1.4909088654e-04 1.2245484616e-04 1.6994344983e+01
-3.1659670787e-04 3.5711581971e-05 1.7089504176e+01
-3.1895621295e-04 3.7239371266e-05 1.7086535601e+01
-1.0241713821e-04 6.6661079544e-05 3.9828525055e+01
-8.3788566848e-05 1.0508497167e-04 3.3511465587e+01
-2.9076539133e-04 5.2032239595e-05 2.8278282281e+01
-2.8802759585e-04 5.3376950835e-05 3.0254745032e+01
-1.3641660975e-04 8.4904075302e-05 3.6073036603e+01
2.9861496712e-04 7.6130881625e-05 1.4335932706e+01
-2.7087409907e-04 5.6465913924e-05 3.4492891670e+01
-2.6824556990e-04 5.8062486299e-05 3.5173285987e+01
-2.7048262338e-04 5.8890704010e-05 3.5227404559e+01
-2.6789924889e-04 6.0486427594e-05 3.5769939036e+01
-2.7010966473e-04 6.1339201301e-05 3.5893676022e+01
-2.6757133453e-04 6.2933524885e-05 3.6312582143e+01
-2.7267695249e-04 5.9765308625e-05 3.5361893721e+01
-1.9314900802e-04 7.4973991521e-05 3.7177875653e+01
-1.5553812839e-04 9.8416672818e-05 3.4660187090e+01
3.2834802211e-04 2.1452790725e-05 1.5435277111e+01
3.2426224010e-04 2.1135322866e-05 1.5627820950e+01
-2.6482082001e-04 1.4511582846e-05 2.9895342422e+01
1.9967946401e-04 1.0775232963e-04 1.5339587688e+01
-1.8000583857e-04 1.8165073951e-05 4.7272053045e+01
2.3432288828e-04 1.1002372147e-04 1.4671493462e+01
-1.5274958378e-04 4.0916986754e-05 4.4062269953e+01
-1.5505533403e-04 3.9242471753e-05 4.4333654216e+01
-1.5166522358e-04 3.9189790985e-05 4.4467641868e+01
-1.5397506162e-04 3.7525617506e-05 4.4736903522e+01
-1.5055581002e-04 3.7477868647e-05 4.4872268461e+01
-1.5738620998e-04 3.7576200904e-05 4.4596279555e+01
-1.5286916239e-04 3.5824024405e-05 4.5139142082e+01
-1.4942104789e-04 3.5780872968e-05 4.5275585855e+01
-1.5173720809e-04 3.4137322066e-05 4.5539826891e+01
-1.4826030918e-04 3.4098502064e-05 4.5677055658e+01
-1.5057877953e-04 3.2465169439e-05 4.5938432738e+01
-1.5407735308e-04 3.2502026512e-05 4.5794601811e+01
-1.4707351393e-04 3.2430387229e-05 4.6076159987e+01
-1.4477661368e-04 3.4061854855e-05 4.5808661390e+01
-1.4356189737e-04 3.2397545119e-05 4.6207985588e+01
-1.4128650090e-04 3.4027251390e-05 4.5934794654e+01
-1.4004353175e-04 3.2369021736e-05 4.6333541435e+01
-1.3779020292e-04 3.3995003946e-05 4.6055457802e+01
-1.3652017253e-04 3.2340260482e-05 4.6453821710e+01
-1.3299162524e-04 3.2312728731e-05 4.6568534945e+01
-1.3078137088e-04 3.3934829546e-05 4.6280969394e+01
-1.2945847896e-04 3.2285242954e-05 4.6677848860e+01
-1.2726971678e-04 3.3907446981e-05 4.6385549911e+01
-1.2591997190e-04 3.2262160224e-05 4.6780799421e+01
-1.2375217532e-04 3.3881920472e-05 4.6484541462e+01
-1.2237711876e-04 3.2239518836e-05 4.6878006983e+01
-1.2023002376e-04 3.3857811070e-05 4.6577795549e+01
-1.1883006770e-04 3.2218165865e-05 4.6969067996e+01
-1.1527921693e-04 3.2198275469e-05 4.7053656763e+01
-1.1317431600e-04 3.3814540365e-05 4.6745802605e+01
-1.1172459990e-04 3.2179800163e-05 4.7131434787e+01
-1.0964121680e-04 3.3795357606e-05 4.6819854013e+01
-1.0816665119e-04 3.2162793846e-05 4.7201961208e+01
-1.0460536332e-04 3.2147279486e-05 4.7264753819e+01
-1.0256356995e-04 3.3761340806e-05 4.6945945685e+01
-1.0104115463e-04 3.2133080342e-05 4.7319291770e+01
-9.9020380448e-05 3.3746642434e-05 4.6996838609e+01
-9.7474203414e-05 3.2120393235e-05 4.7364908857e+01
-9.3904714970e-05 3.2109324374e-05 4.7400877313e+01
-9.1925914050e-05 3.3722936367e-05 4.7070809737e+01
-9.0332939620e-05 3.2099733311e-05 4.7426455547e+01
-8.6759097570e-05 3.2091733728e-05 4.7440768297e+01
-8.4822519478e-05 3.3705303975e-05 4.7102755177e+01
-8.3183411996e-05 3.2085336669e-05 4.7442869514e+01
-8.1267998222e-05 3.3699131508e-05 4.7100620881e+01
-7.9606114745e-05 3.2080590878e-05 4.7431756125e+01
-7.6027544330e-05 3.2076015583e-05 4.7406583821e+01
-7.4154659521e-05 3.3692118334e-05 4.7054886593e+01
-7.2447647164e-05 3.2076242092e-05 4.7365260377e+01
-7.0596255511e-05 3.3691927141e-05 4.7008782808e+01
-6.8866928403e-05 3.2077351049e-05 4.7307311529e+01
-6.5285619694e-05 3.2078679511e-05 4.7231453567e+01
-6.3477418951e-05 3.3697504253e-05 4.6863693568e+01
-6.1703877158e-05 3.2085045489e-05 4.7135331724e+01
-5.9917497461e-05 3.3704035939e-05 4.6761655514e+01
-5.8122042658e-05 3.2090136560e-05 4.7018621780e+01
-5.4540379966e-05 3.2099412994e-05 4.6878633519e+01
-5.2798120368e-05 3.3723856207e-05 4.6490831520e+01
-5.0959206563e-05 3.2111550728e-05 4.6713909016e+01
-4.9239327511e-05 3.3738048378e-05 4.6318449031e+01
-5.1079404625e-05 3.5359087291e-05 4.6100715994e+01
-4.7543158341e-05 3.5375516980e-05 4.5920836538e+01
-4.4008132668e-05 3.5395149628e-05 4.5713248539e+01
-4.2125338674e-05 3.3777598120e-05 4.5890119424e+01
-4.0474764587e-05 3.5418517017e-05 4.5475916461e+01
-3.6943393502e-05 3.5445215986e-05 4.5206883135e+01
-3.5018328760e-05 3.3828586164e-05 4.5338005092e+01
-3.3414438788e-05 3.5475576333e-05 4.4904006315e+01
-3.1468277020e-05 3.3857789791e-05 4.5010536857e+01
-2.9888317116e-05 3.5509629259e-05 4.4565158736e+01
-2.6365569300e-05 3.5548227077e-05 4.4188056061e+01
-2.4378086824e-05 3.3932004653e-05 4.4240941076e+01
-2.2846636944e-05 3.5591107197e-05 4.3770594632e+01
-2.0838615384e-05 3.3974708554e-05 4.3795076860e+01
-1.9332048013e-05 3.5638532117e-05 4.3310614630e+01
-1.5822353339e-05 3.5690747784e-05 4.2806014057e+01
-1.3773666657e-05 3.4073476862e-05 4.2770871506e+01
-1.2318146934e-05 3.5747970104e-05 4.2254797021e+01
-1.0249335678e-05 3.4129962292e-05 4.2188789774e+01
-6.7312572241e-06 3.4191438771e-05 4.1557877780e+01
-5.3287900132e-06 3.5878261079e-05 4.1005310682e+01
-3.2200829423e-06 3.4258072865e-05 4.0876742623e+01
-1.8449512646e-06 3.5951719999e-05 4.0303985732e+01
2.8349807082e-07 3.4330033284e-05 4.0144392415e+01
1.6306759378e-06 3.6030965437e-05 3.9550084146e+01
3.7787565712e-06 3.4407455307e-05 3.9360145715e+01
5.0973172286e-06 3.6116139833e-05 3.8742964825e+01
7.2649254163e-06 3.4490467867e-05 3.8523901116e+01
8.5542199831e-06 3.6207358427e-05 3.7882481374e+01
1.0741216928e-05 3.4579155007e-05 3.7636030390e+01
1.2000491259e-05 3.6304739138e-05 3.6969127984e+01
1.4207208870e-05 3.4672154945e-05 3.6697891491e+01
1.5435278755e-05 3.6408127656e-05 3.6004153375e+01
1.7660848457e-05 3.4773538536e-05 3.5710832364e+01
1.8857521455e-05 3.6518190571e-05 3.4989533009e+01
2.1102267236e-05 3.4879763354e-05 3.4678141964e+01
2.2266384634e-05 3.6634438762e-05 3.3928365461e+01
2.4530793575e-05 3.4990124618e-05 3.3603761566e+01
2.5660932467e-05 3.6756646972e-05 3.2824829954e+01
2.7944079222e-05 3.5108718588e-05 3.2492005260e+01
2.9039923967e-05 3.6885404742e-05 3.1684146986e+01
3.1342307975e-05 3.5231914393e-05 3.1349473276e+01
3.2402471652e-05 3.7020115526e-05 3.0512991883e+01
3.4724222064e-05 3.5360342849e-05 3.0183310734e+01
3.5747475519e-05 3.7160686255e-05 2.9319294390e+01
3.8088756890e-05 3.5493949234e-05 2.9001973108e+01
3.9073841580e-05 3.7306951481e-05 2.8111936134e+01
4.1434864804e-05 3.5632562942e-05 2.7814259074e+01
4.2380530782e-05 3.7458697604e-05 2.6902918141e+01
4.4761511418e-05 3.5775955305e-05 2.6633343181e+01
4.5666394367e-05 3.7615729626e-05 2.5694069307e+01
4.8068268015e-05 3.5922425600e-05 2.5452532142e+01
4.8930381408e-05 3.7777635692e-05 2.4540053538e+01
5.1352167502e-05 3.6075963427e-05 2.4354324508e+01
5.2170590306e-05 3.7944896870e-05 2.3221139580e+01
5.4613242644e-05 3.6232589442e-05 2.3047973533e+01
5.5395714162e-05 3.8118447871e-05 2.2635272028e+01
5.7865458880e-05 3.6394783089e-05 2.2659994598e+01
5.8640412235e-05 3.8309151802e-05 2.2778452784e+01
6.1136440005e-05 3.6576476203e-05 2.2764070426e+01
6.1905035815e-05 3.8518223058e-05 2.2750539269e+01
6.4428505298e-05 3.6774578158e-05 2.2747693593e+01
6.5190744487e-05 3.8745684813e-05 2.2761602346e+01
6.7742898893e-05 3.6988938502e-05 2.2758740150e+01
6.8498565212e-05 3.8991822087e-05 2.2763772463e+01
7.1078389206e-05 3.7224671116e-05 2.2764288336e+01
7.1829120529e-05 3.9257777815e-05 2.2768963886e+01
7.4437750975e-05 3.7478441076e-05 2.2771985358e+01
7.5183554487e-05 3.9543408713e-05 2.2774786838e+01
7.7822222764e-05 3.7749875960e-05 2.2778382105e+01
7.8562844481e-05 3.9848814047e-05 2.2781986862e+01
8.1230400792e-05 3.8044022838e-05 2.2787422515e+01
8.1967537155e-05 4.0174966667e-05 2.2790199096e+01
8.4665086232e-05 3.8357205081e-05 2.2797082084e+01
8.5398731289e-05 4.0521516401e-05 2.2799425253e+01
8.8127461500e-05 3.8688794414e-05 2.2806031782e+01
8.8857355846e-05 4.0888371203e-05 2.2809597062e+01
9.1615940666e-05 3.9043761810e-05 2.2817205835e+01
9.2343895400e-05 4.1276350765e-05 2.2820509324e+01
9.5133350746e-05 3.9418097395e-05 2.2828699251e+01
9.5859423632e-05 4.1684925747e-05 2.2831880895e+01
9.8679979197e-05 3.9812660590e-05 2.2839628919e+01
9.9404692945e-05 4.2114142029e-05 2.2843881333e+01
1.0225652618e-04 4.0227590254e-05 2.2852348392e+01
1.0298052670e-04 4.2563952987e-05 2.2855950687e+01
1.0586369449e-04 4.0662776969e-05 2.2863629577e+01
1.0658773367e-04 4.3034288668e-05 2.2868310070e+01
1.0950226106e-04 4.1118127553e-05 2.2876509183e+01
1.1022708611e-04 4.3525017497e-05 2.2880359860e+01
1.1317293782e-04 4.1593436702e-05 2.2887620145e+01
1.1389941727e-04 4.4035980106e-05 2.2892393497e+01
1.1687651506e-04 4.2088534386e-05 2.2899780829e+01
1.1760551804e-04 4.4566946990e-05 2.2903951458e+01
1.2061371603e-04 4.2603128295e-05 2.2910638420e+01
1.2134620895e-04 4.5117678368e-05 2.2915526116e+01
1.2438532994e-04 4.3136951108e-05 2.2919696225e+01
1.2512221642e-04 4.5687857485e-05 2.2932208679e+01
1.2819208235e-04 4.3689591030e-05 2.2927663165e+01
1.2893430919e-04 4.6277265611e-05 2.2914540328e+01
1.3203507200e-04 4.4260379038e-05 2.3005964787e+01
1.3278509838e-04 4.6885618759e-05 2.3004431150e+01
1.3591184297e-04 4.4847972676e-05 2.2665945028e+01
1.3665415821e-04 4.7510510825e-05 2.2310220079e+01
1.3978329285e-04 4.5454176289e-05 2.1882156478e+01
1.4051487331e-04 4.8150808757e-05 2.1552874222e+01
1.4364944206e-04 4.6073116535e-05 2.1197236956e+01
1.4436929779e-04 4.8804288370e-05 2.0856914084e+01
1.4751011779e-04 4.6704523640e-05 2.0551985413e+01
1.4821791126e-04 4.9469548826e-05 2.0215992867e+01
1.5136585524e-04 4.7347209931e-05 1.9961422578e+01
1.5206130388e-04 5.0145096818e-05 1.9631236712e+01
1.5521740107e-04 4.7999781658e-05 1.9427422232e+01
1.5590044540e-04 5.0829363932e-05 1.9107872147e+01
1.5906578483e-04 4.8660782656e-05 1.8952031487e+01
1.5973649837e-04 5.1520728078e-05 1.8647277483e+01
1.6291316753e-04 4.9326748631e-05 1.8534957168e+01
1.6357096478e-04 5.2217204966e-05 1.8251460889e+01
1.6675807404e-04 5.0001908137e-05 1.8174398457e+01
1.6740482837e-04 5.2918020804e-05 1.7914244795e+01
1.7060443902e-04 5.0679766961e-05 1.7870841759e+01
1.7123945427e-04 5.3620295083e-05 1.7632329456e+01
1.7445400655e-04 5.1357394101e-05 1.7621853872e+01
1.7507681658e-04 5.4319623630e-05 1.7406678437e+01
1.7830481221e-04 5.2037979726e-05 1.7417865873e+01
1.7183992273e-04 5.6597552334e-05 1.7401597256e+01
-1.7851167711e-05 3.7317595790e-05 4.2824657520e+01
-4.5870682922e-05 3.7023508405e-05 4.5521848065e+01
-3.1835127614e-05 3.7135831220e-05 4.4468775743e+01
-4.9695541929e-07 3.7662687576e-05 3.9727661915e+01
3.3431269662e-05 3.8832156135e-05 2.9656732509e+01
1.1833493640e-04 4.7092544418e-05 2.2908196873e+01
1.4507944022e-04 5.1585333684e-05 2.0499740941e+01
1.5657101875e-04 5.3705266649e-05 1.8778731754e+01
1.2967889410e-04 4.8912508402e-05 2.2953328222e+01
1.0370499149e-04 4.4944752480e-05 2.2858739292e+01
9.3071787599e-05 4.3554039782e-05 2.2822666162e+01
8.2704707418e-05 4.2351104661e-05 2.2791142504e+01
7.2579720347e-05 4.1335731380e-05 2.2769008682e+01
6.2672796454e-05 4.0502976757e-05 2.2764133694e+01
5.2959069225e-05 3.9843594193e-05 2.2716381645e+01
4.3293081915e-05 3.9311377500e-05 2.5961389132e+01
2.0025044120e-05 3.8282800278e-05 3.4257234975e+01
9.8153451366e-06 3.7943188081e-05 3.7234596427e+01
-6.5230118794e-05 3.5321512283e-05 4.6580436856e+01
-7.5840262912e-05 3.5320592331e-05 4.6734294207e+01
-8.6439721966e-05 3.5337951162e-05 4.6753903774e+01
-9.7026334669e-05 3.5372182288e-05 4.6668862944e+01
1.7891632314e-04 5.5018062866e-05 1.7243513059e+01
1.8216038162e-04 5.2715041285e-05 1.7266950878e+01
-1.1460290427e-04 3.5464429399e-05 4.6354183678e+01
-1.2859546673e-04 3.5568464684e-05 4.5985608251e+01
1.8276048348e-04 5.5711670228e-05 1.7092316865e+01
1.8602156630e-04 5.3387812742e-05 1.7138180216e+01
1.8151873517e-04 4.9746139894e-05 1.7428476538e+01
1.6993216431e-04 4.7776775234e-05 1.8114664564e+01
1.4289974122e-04 4.3385819980e-05 2.1533536961e+01
9.4386638588e-05 3.7193309369e-05 2.2825333820e+01
8.3910877396e-05 3.6235599433e-05 2.2793647668e+01
7.3671013061e-05 3.5455951361e-05 2.2768321522e+01
6.3644207148e-05 3.4843706147e-05 2.2770240912e+01
5.3782327922e-05 3.4375025343e-05 2.4194287470e+01
1.9884441834e-05 3.3142867047e-05 3.5422908481e+01
-2.5960567567e-05 3.2284579708e-05 4.4712628188e+01
-3.6672875415e-05 3.2192357382e-05 4.5772631693e+01
-1.1730232982e-05 3.2462601169e-05 4.2724064970e+01
2.4077348996e-06 3.2713664177e-05 3.9977613399e+01
4.3800212932e-05 3.3959440198e-05 2.7546830428e+01
1.0875672148e-04 3.8752912053e-05 2.2872193677e+01
1.2362802624e-04 4.0628673416e-05 2.2916307269e+01
1.5836124733e-04 4.5843061840e-05 1.9253357888e+01
-1.0406272180e-04 3.5404041552e-05 4.6565679172e+01
1.6421376631e-04 5.5151680730e-05 1.7962873572e+01
1.3739022245e-04 5.0220375369e-05 2.1936566329e+01
1.7948175296e-04 5.8034089763e-05 1.7092106332e+01
1.1095259250e-04 4.5976948298e-05 2.2883494970e+01
2.6761319716e-05 3.8543646665e-05 3.2030965082e+01
-7.4172409473e-06 3.7506619188e-05 4.1119129146e+01
-2.4834675883e-05 3.7216892790e-05 4.3729564734e+01
-5.8154278695e-05 3.5334557003e-05 4.6385096272e+01
-3.8848332221e-05 3.7071996402e-05 4.5060331541e+01
1.3159434579e-04 1.3653953129e-04 1.7082182645e+01
-1.7186469252e-04 3.9556155567e-05 4.3584007704e+01
-1.7430004870e-04 3.7877736167e-05 4.3804156610e+01
-2.6083822737e-04 3.7483549891e-05 3.2498353414e+01
-2.6356375586e-04 3.7939905415e-05 3.1602317510e+01
-2.6063136352e-04 3.9604095297e-05 3.2849462614e+01
-2.6331012865e-04 4.0087253103e-05 3.2059538827e+01
-2.6041290069e-04 4.1751855607e-05 3.3224283260e+01
-2.6304678938e-04 4.2261291789e-05 3.2539151272e+01
-2.6018737143e-04 4.3923738861e-05 3.3614211271e+01
6.6597016609e-05 9.1783431964e-05 2.2461540944e+01
-1.3054686425e-04 7.8750208208e-05 3.7077691722e+01
-9.8446221896e-05 6.1148504044e-05 4.1057916421e+01
1.9702028584e-04 7.1503029635e-05 1.6989453152e+01
-2.4344416662e-04 3.3484104308e-05 3.7155989437e+01
1.5269901137e-04 9.2317105089e-05 1.7012079187e+01
1.4948373927e-04 9.4570740888e-05 1.7010803739e+01
1.4897740184e-04 9.1084343537e-05 1.7015428562e+01
1.4579010846e-04 9.3310796875e-05 1.7012747937e+01
1.4627322062e-04 9.6794469139e-05 1.7009925263e+01
-2.5244838405e-04 3.2323262223e-05 3.4835492561e+01
2.2328949524e-04 6.7780008874e-05 1.6281763017e+01
2.1918542444e-04 6.6778631663e-05 1.6482463241e+01
2.2249362604e-04 6.4090942997e-05 1.6486003438e+01
2.1837293006e-04 6.3093550723e-05 1.6817083284e+01
2.2167152745e-04 6.0412566699e-05 1.6803251616e+01
2.1756050040e-04 5.9451599083e-05 1.7028691525e+01
2.2086213888e-04 5.6794503848e-05 1.7037354269e+01
2.1679952391e-04 5.5927034050e-05 1.7000153310e+01
2.1349298322e-04 5.8540365926e-05 1.6994374972e+01
2.1277707312e-04 5.5116295209e-05 1.7028651600e+01
2.0946648077e-04 5.7680867811e-05 1.7023641654e+01
2.0879105752e-04 5.4359592154e-05 1.7031463632e+01
2.0547785624e-04 5.6872899158e-05 1.7028320906e+01
2.0483638699e-04 5.3650800670e-05 1.7015614637e+01
2.2496746934e-04 5.7718252061e-05 1.6801029085e+01
-2.7738064683e-04 3.6372920401e-05 2.4291610400e+01
-2.7988984957e-04 3.7052800608e-05 2.2843146361e+01
-2.7692060879e-04 3.8608083273e-05 2.5499690580e+01
-2.7938396698e-04 3.9307323902e-05 2.4264699233e+01
-2.6135921416e-04 3.1293775228e-05 3.1657744795e+01
-1.6329534760e-04 9.0760520051e-05 3.5426437780e+01
-2.7013469801e-04 3.0432897637e-05 2.7287629873e+01
2.1844620451e-04 1.0585649912e-04 1.5013156711e+01
2.6910964856e-04 2.5914007486e-05 1.7271870494e+01
2.6512496559e-04 2.5670019897e-05 1.7658265118e+01
2.6851425369e-04 2.2976676670e-05 1.7852390003e+01
2.6451456309e-04 2.2742747671e-05 1.8130942016e+01
2.6790493521e-04 2.0053440246e-05 1.8354754196e+01
2.6388871206e-04 1.9831550975e-05 1.8674559445e+01
2.6049779719e-04 2.2487234431e-05 1.8408933750e+01
2.5985483905e-04 1.9586381163e-05 1.8921839930e+01
2.5646508929e-04 2.2208725613e-05 1.8627297733e+01
2.5580612024e-04 1.9317656848e-05 1.9135548489e+01
2.5241893707e-04 2.1907196457e-05 1.8817740857e+01
2.5174433597e-04 1.9024899637e-05 1.9255127960e+01
2.4836224244e-04 2.1583026803e-05 1.8914634493e+01
2.4768696437e-04 1.8714830549e-05 1.9230886027e+01
2.4431125371e-04 2.1243214958e-05 1.8906056828e+01
2.4364354920e-04 1.8394380990e-05 1.9208867813e+01
2.4027241960e-04 2.0893494920e-05 1.8890992429e+01
2.3961476476e-04 1.8067670137e-05 1.9177179625e+01
2.3624775409e-04 2.0537756194e-05 1.8869017229e+01
2.3560071153e-04 1.7737842495e-05 1.9165188156e+01
2.3223693116e-04 2.0178728517e-05 1.8855400366e+01
2.3160007951e-04 1.7407220364e-05 1.9146210518e+01
2.2823957803e-04 1.9818583898e-05 1.8864766492e+01
2.2761126224e-04 1.7077372892e-05 1.9160486984e+01
2.2425351752e-04 1.9459229527e-05 1.8871616578e+01
2.2363284264e-04 1.6750079905e-05 1.9173604162e+01
2.2027821520e-04 1.9101989473e-05 1.8892040899e+01
2.1966392618e-04 1.6426200148e-05 1.9191070205e+01
2.1631240500e-04 1.8748188300e-05 1.8936105304e+01
2.1570308124e-04 1.6107191730e-05 1.9227158499e+01
2.1235475426e-04 1.8399029854e-05 1.8987517901e+01
2.1174898758e-04 1.5793629898e-05 1.9284028464e+01
2.0840426557e-04 1.8055229146e-05 1.9042764097e+01
2.0780056857e-04 1.5486030977e-05 1.9339618271e+01
2.0445989169e-04 1.7717281269e-05 1.9122745725e+01
2.0385674093e-04 1.5184938626e-05 1.9416697119e+01
2.0052018970e-04 1.7385807360e-05 1.9226657154e+01
1.9991614667e-04 1.4890827001e-05 1.9518155144e+01
1.9658353866e-04 1.7061525345e-05 1.9356846896e+01
1.9597730718e-04 1.4604185094e-05 1.9640324972e+01
1.9264905535e-04 1.6744896012e-05 1.9489279366e+01
1.9203986775e-04 1.4325392441e-05 1.9772280436e+01
1.8871612182e-04 1.6436331687e-05 1.9653083688e+01
1.8810252430e-04 1.4055238889e-05 1.9936746760e+01
1.8478313032e-04 1.6136527206e-05 1.9846946952e+01
1.8416432748e-04 1.3793783911e-05 2.0115165417e+01
1.8084941238e-04 1.5845963113e-05 2.0051983209e+01
1.8022519315e-04 1.3541806701e-05 2.0318732025e+01
1.7691463939e-04 1.5565189064e-05 2.0289684885e+01
1.7628406607e-04 1.3299757019e-05 2.0542219871e+01
1.7297798148e-04 1.5294726022e-05 2.0546484724e+01
1.7234107885e-04 1.3068453957e-05 2.0789005769e+01
1.6903920899e-04 1.5035526752e-05 2.0827528475e+01
1.6839607839e-04 1.2848637168e-05 2.1049915249e+01
1.6509839673e-04 1.4788565072e-05 2.1129884694e+01
1.6444963769e-04 1.2640870971e-05 2.1326101193e+01
1.6115614276e-04 1.4554667729e-05 2.1442958091e+01
1.6050248893e-04 1.2446577400e-05 2.1606638941e+01
1.5721350191e-04 1.4334903451e-05 2.1767276905e+01
1.5655639152e-04 1.2266201187e-05 2.1888713838e+01
1.5327208342e-04 1.4130343380e-05 2.2096281760e+01
1.5261308559e-04 1.2100522930e-05 2.2168340522e+01
1.4933420410e-04 1.3941802868e-05 2.2407725798e+01
1.4867470694e-04 1.1950011700e-05 2.2425934128e+01
1.4540244527e-04 1.3769915665e-05 2.2738003948e+01
1.4474379013e-04 1.1814755729e-05 2.2665321460e+01
1.4147892928e-04 1.3615535805e-05 2.2955584571e+01
1.4082307722e-04 1.1694623422e-05 2.2852561374e+01
1.3757116132e-04 1.3477789345e-05 2.2977256813e+01
1.3691585085e-04 1.1588479160e-05 2.2917558448e+01
1.3368177629e-04 1.3354230086e-05 2.2944395987e+01
1.3302285717e-04 1.1495739679e-05 2.2928545863e+01
1.2981053387e-04 1.3243734510e-05 2.2927378242e+01
1.2914512248e-04 1.1414712261e-05 2.2942345409e+01
1.2595679957e-04 1.3145700488e-05 2.2915979840e+01
1.2528225539e-04 1.1344407463e-05 2.2953676397e+01
1.2211993656e-04 1.3059386694e-05 2.2908552770e+01
1.2143397028e-04 1.1284021954e-05 2.2965308524e+01
1.1829952554e-04 1.2983968901e-05 2.2903479742e+01
1.1449530257e-04 1.2918617496e-05 2.2901667260e+01
1.1070708122e-04 1.2862528764e-05 2.2917084461e+01
1.0997577014e-04 1.1154344044e-05 2.2950569052e+01
1.0693488233e-04 1.2814918185e-05 2.2927848814e+01
1.0618590681e-04 1.1125810413e-05 2.2946427598e+01
1.0317894233e-04 1.2775062067e-05 2.2925053565e+01
1.0241139501e-04 1.1103747186e-05 2.2939404341e+01
9.9439558754e-05 1.2742330293e-05 2.2935478988e+01
9.5716927578e-05 1.2716123432e-05 2.2907118530e+01
9.4907627285e-05 1.1075155544e-05 2.3057042376e+01
9.2010926989e-05 1.2695476909e-05 2.3016226555e+01
9.1166804936e-05 1.1061693853e-05 2.3373307390e+01
8.8311989715e-05 1.2675782192e-05 2.3365129675e+01
8.7422492414e-05 1.1044707670e-05 2.3822001592e+01
8.4606701931e-05 1.2652843318e-05 2.3884793984e+01
8.0894798740e-05 1.2627426795e-05 2.4475786354e+01
7.9919972848e-05 1.1003454596e-05 2.5006600476e+01
7.7176038446e-05 1.2600060068e-05 2.5159011645e+01
7.6160683256e-05 1.0980202529e-05 2.5725831179e+01
7.3450297821e-05 1.2571160936e-05 2.5915307700e+01
7.2395611525e-05 1.0955679341e-05 2.6516312448e+01
6.9717475813e-05 1.2541075608e-05 2.6738190614e+01
6.8624561558e-05 1.0930198315e-05 2.7368289666e+01
6.5977465073e-05 1.2510111511e-05 2.7618031185e+01
6.4847433944e-05 1.0903987891e-05 2.8273311672e+01
6.2230263681e-05 1.2478527593e-05 2.8546720462e+01
6.1064183852e-05 1.0877287900e-05 2.9223007308e+01
5.8475983284e-05 1.2446554623e-05 2.9515981052e+01
5.7274855490e-05 1.0850270463e-05 3.0209326957e+01
5.4714736878e-05 1.2414398603e-05 3.0517843208e+01
5.3479515785e-05 1.0823132910e-05 3.1224373307e+01
5.0946607005e-05 1.2382259304e-05 3.1544445313e+01
4.9678379746e-05 1.0795748862e-05 3.2260435492e+01
4.7171774230e-05 1.2350267583e-05 3.2588080581e+01
4.5871297333e-05 1.0769035037e-05 3.3309842138e+01
4.3390450910e-05 1.2318704849e-05 3.3641190551e+01
4.2058706049e-05 1.0742473586e-05 3.4365324331e+01
3.9602910845e-05 1.2287633324e-05 3.4696505645e+01
3.8240759862e-05 1.0716318517e-05 3.5419815420e+01
3.5809347046e-05 1.2257203778e-05 3.5747094954e+01
3.4417654817e-05 1.0690734743e-05 3.6466590228e+01
3.2010015407e-05 1.2227553401e-05 3.6786425479e+01
3.0589631693e-05 1.0665813972e-05 3.7499377260e+01
2.8205256525e-05 1.2198791074e-05 3.7808430921e+01
2.6756945524e-05 1.0641671924e-05 3.8512409999e+01
2.4395377101e-05 1.2171019342e-05 3.8807607822e+01
2.2919869343e-05 1.0618370872e-05 3.9500474130e+01
2.0580670969e-05 1.2144325614e-05 3.9779055361e+01
1.9078667140e-05 1.0596001530e-05 4.0458963811e+01
1.6761372137e-05 1.2118782280e-05 4.0718522390e+01
1.5233606994e-05 1.0574600765e-05 4.1383902349e+01
1.2937820052e-05 1.2094442996e-05 4.1622377952e+01
1.1384963241e-05 1.0554232898e-05 4.2271957128e+01
9.1103923463e-06 1.2071343772e-05 4.2487630346e+01
7.5330283527e-06 1.0534908640e-05 4.3120419034e+01
5.2793603426e-06 1.2049505990e-05 4.3311955754e+01
3.6780660417e-06 1.0516667329e-05 4.3927196455e+01
1.4450453716e-06 1.2028958905e-05 4.4093594409e+01
-1.7964985608e-07 1.0499500605e-05 4.4690792470e+01
-2.3922640271e-06 1.2009697899e-05 4.4831380684e+01
-4.0398643664e-06 1.0483427346e-05 4.5410223015e+01
-6.2322823694e-06 1.1991716738e-05 4.5524640860e+01
-7.9023230185e-06 1.0468418681e-05 4.6085029095e+01
-1.0074722559e-05 1.1974995256e-05 4.6173177900e+01
-1.1766786404e-05 1.0454477432e-05 4.6715153327e+01
-1.3919380114e-05 1.1959510739e-05 4.6777201524e+01
-1.5632980869e-05 1.0441236121e-05 4.7301013864e+01
-1.7765928336e-05 1.1945170496e-05 4.7337272872e+01
-1.9500821343e-05 1.0429590894e-05 4.7843135480e+01
-2.1614101068e-05 1.1932086777e-05 4.7854224124e+01
-2.3369966125e-05 1.0418713062e-05 4.8342601982e+01
-2.5463719731e-05 1.1920110587e-05 4.8329190170e+01
-2.7240222893e-05 1.0408391282e-05 4.8800643022e+01
-2.9314593216e-05 1.1909144790e-05 4.8763497838e+01
-3.1111513820e-05 1.0399564430e-05 4.9218469085e+01
-3.3166566809e-05 1.1899300542e-05 4.9158597019e+01
-3.4983591440e-05 1.0391383426e-05 4.9597734131e+01
-3.7019360486e-05 1.1890416173e-05 4.9516088464e+01
-3.8856301193e-05 1.0383969289e-05 4.9940043175e+01
-4.0872758158e-05 1.1882456426e-05 4.9837646083e+01
-4.2729489259e-05 1.0377332859e-05 5.0247073838e+01
-4.4726664202e-05 1.1875384764e-05 5.0125005176e+01
-4.6603026323e-05 1.0371421016e-05 5.0520582123e+01
-4.8580953055e-05 1.1869148042e-05 5.0379924031e+01
-5.0476790742e-05 1.0366213416e-05 5.0762308082e+01
-5.2435513656e-05 1.1863705129e-05 5.0604164243e+01
-5.4350668688e-05 1.0361652316e-05 5.0974020537e+01
-5.6290131980e-05 1.1859004208e-05 5.0799462733e+01
-5.8224536840e-05 1.0357718481e-05 5.1157428300e+01
-6.0144642279e-05 1.1855009139e-05 5.0967527960e+01
-6.2098282817e-05 1.0354357249e-05 5.1314235594e+01
-6.3998997738e-05 1.1851677851e-05 5.1110023521e+01
-6.5971820455e-05 1.0351553730e-05 5.1446063654e+01
-6.7853118540e-05 1.1848969061e-05 5.1228555147e+01
-6.9845067194e-05 1.0349255626e-05 5.1554491898e+01
-7.1706910565e-05 1.1846842306e-05 5.1324656405e+01
-7.3717940908e-05 1.0347451290e-05 5.1641019733e+01
-7.5560222921e-05 1.1845270518e-05 5.1399785596e+01
-7.7590355192e-05 1.0346094009e-05 5.1707067706e+01
-7.9412955994e-05 1.1844220106e-05 5.1455322504e+01
-8.1462231783e-05 1.0345176965e-05 5.1753978243e+01
-8.3265081633e-05 1.1843660145e-05 5.1492564222e+01
-8.5333511292e-05 1.0344656368e-05 5.1783003263e+01
-8.7116531265e-05 1.1843560412e-05 5.1512719142e+01
-8.9204128889e-05 1.0344529286e-05 5.1795309743e+01
-9.0967171453e-05 1.1843904232e-05 5.1516905071e+01
-9.3074013933e-05 1.0344757692e-05 5.1791970904e+01
-9.4816917468e-05 1.1844668354e-05 5.1506152113e+01
-9.6943099361e-05 1.0345343585e-05 5.1773971577e+01
-9.8665753981e-05 1.1845832068e-05 5.1481399037e+01
-1.0081133678e-04 1.0346251782e-05 5.1742203177e+01
-1.0251362236e-04 1.1847375331e-05 5.1443494652e+01
-1.0467866801e-04 1.0347488086e-05 5.1697466678e+01
-1.0636039498e-04 1.1849291763e-05 5.1393195359e+01
-1.0854502869e-04 1.0349022971e-05 5.1640470923e+01
-1.1020599163e-04 1.1851568202e-05 5.1331170524e+01
-1.1241035400e-04 1.0350867053e-05 5.1571834050e+01
-1.1405040025e-04 1.1854193798e-05 5.1257996935e+01
-1.1627459812e-04 1.0352993436e-05 5.1492083306e+01
-1.1789356258e-04 1.1857158381e-05 5.1174165451e+01
-1.2013770121e-04 1.0355416461e-05 5.1401654670e+01
-1.2173534743e-04 1.1860465584e-05 5.1080074326e+01
-1.2399969228e-04 1.0357685562e-05 5.1300975676e+01
-1.2557568645e-04 1.1864040169e-05 5.0976050384e+01
-1.2786023632e-04 1.0361018345e-05 5.1190079846e+01
-1.2941451861e-04 1.1868069953e-05 5.0862281158e+01
-1.3171950757e-04 1.0364362880e-05 5.1069323835e+01
-1.3325180823e-04 1.1872413028e-05 5.0738923479e+01
-1.3557739682e-04 1.0367934900e-05 5.0938737671e+01
-1.3708740945e-04 1.1877092059e-05 5.0606020301e+01
-1.3943380805e-04 1.0371801913e-05 5.0798291111e+01
-1.4092121908e-04 1.1882129132e-05 5.0463516744e+01
-1.4328866506e-04 1.0375961370e-05 5.0647863783e+01
-1.4475320391e-04 1.1887531177e-05 5.0311268444e+01
-1.4714189003e-04 1.0380445075e-05 5.0487235688e+01
-1.4858324279e-04 1.1893318422e-05 5.0149027718e+01
-1.5099340029e-04 1.0385247425e-05 5.0316085424e+01
-1.5241122602e-04 1.1899506638e-05 4.9976452479e+01
-1.5484309544e-04 1.0390404902e-05 5.0133975748e+01
-1.5623700952e-04 1.1906136394e-05 4.9793085403e+01
-1.5869104971e-04 1.0395450412e-05 4.9940444487e+01
-1.6006046833e-04 1.1913142940e-05 4.9598376827e+01
-1.6253665985e-04 1.0401736630e-05 4.9734607653e+01
-1.6388155288e-04 1.1920723685e-05 4.9391603595e+01
-1.6638053708e-04 1.0407400210e-05 4.9515966437e+01
-1.6770075219e-04 1.1927212965e-05 4.9172206325e+01
-1.7022206444e-04 1.0413788406e-05 4.9283367967e+01
2.6728100725e-04 1.7147047983e-05 1.8935040265e+01
2.7129462994e-04 1.7333522000e-05 1.8556461352e+01
2.5513278933e-04 1.6444703232e-05 1.9620691708e+01
2.4299038089e-04 1.5581281275e-05 1.9524887108e+01
2.1510627550e-04 1.3531163699e-05 1.9542720821e+01
1.8748871880e-04 1.1755758262e-05 2.0202261421e+01
1.5984527313e-04 1.0425855413e-05 2.1720601206e+01
1.3234403384e-04 9.7066749254e-06 2.2804694145e+01
-1.7151632572e-04 1.1936388963e-05 4.8938664051e+01
-1.7406105287e-04 1.0421061014e-05 4.9035696850e+01
-2.1268306820e-05 8.9233473560e-06 4.8339557824e+01
-4.0723517175e-05 8.8857861795e-06 5.0354563914e+01
-1.3793096124e-04 8.8700915515e-06 5.1126607390e+01
-1.6503217457e-04 8.8979505029e-06 4.9854784769e+01
2.2699956861e-04 1.4390047452e-05 1.9483116549e+01
1.9931679027e-04 1.2471605211e-05 1.9811310529e+01
1.7170065680e-04 1.0929123938e-05 2.0999534516e+01
1.4407653399e-04 9.9389277555e-06 2.2558932087e+01
1.1687396179e-04 9.5325261022e-06 2.2931693724e+01
1.0160752213e-04 9.4737169300e-06 2.2998146089e+01
8.6468163513e-05 9.4325341868e-06 2.4252490075e+01
7.1285049347e-05 9.3575896599e-06 2.7116789539e+01
5.6023644890e-05 9.2699430676e-06 3.0900125935e+01
2.1403940138e-05 9.0783653984e-06 4.0185694127e+01
5.9185721334e-06 9.0097462258e-06 4.3744487060e+01
-9.6066646239e-06 8.9551729618e-06 4.6636149993e+01
-7.1866078641e-05 8.8565508194e-06 5.1871239635e+01
-8.7430387731e-05 8.8524104342e-06 5.2064150024e+01
-1.0298500076e-04 8.8532970719e-06 5.1993367228e+01
-1.1852671563e-04 8.8583789401e-06 5.1715829478e+01
5.3305607398e-05 1.1250201475e-04 2.6597555036e+01
3.1374286468e-04 7.5082948911e-05 1.3905519167e+01
-1.4419447215e-04 7.7411319403e-05 3.7180068787e+01
1.1331639276e-04 8.2854025711e-05 2.2908185992e+01
-2.7871252908e-04 2.9803461560e-05 2.1270554341e+01
9.5902005845e-05 7.7827179893e-05 2.2784376185e+01
-1.2279413959e-04 8.0394902955e-05 3.6874927586e+01
7.9450977929e-05 7.3609636748e-05 2.2699966985e+01
1.4193895266e-05 1.0306244635e-04 3.6193430526e+01
-1.1101104131e-04 8.0014596319e-05 3.7082484801e+01
3.4022200121e-06 1.0172111585e-04 3.6806509664e+01
-9.6171647141e-05 7.9659007185e-05 3.7385843677e+01
-7.5069582790e-06 1.0070879649e-04 3.6849175718e+01
-7.2253459745e-05 7.9359374808e-05 3.7939481245e+01
-1.8514405756e-05 9.9964099235e-05 3.6548184718e+01
-2.9602296357e-05 9.9437775655e-05 3.6093094591e+01
2.9596650655e-05 4.9521285029e-05 2.8297993277e+01
-4.0753302563e-05 9.9091876450e-05 3.5606732574e+01
-1.6192487973e-05 4.7525292489e-05 4.1002916945e+01
3.7048113386e-05 3.3702438616e-05 2.9877796249e+01
-2.8726747283e-06 4.7907265375e-05 3.8638953099e+01
-3.2985028535e-05 4.7212342319e-05 4.2876860510e+01
9.4290637550e-06 3.2869499074e-05 3.8301660804e+01
-4.6472323248e-06 3.2578357165e-05 4.1450696955e+01
-1.8836198515e-05 3.2365155472e-05 4.3806984103e+01
1.0151178506e-04 3.7932897751e-05 2.2848189112e+01
-3.2939497128e-05 8.8986735554e-06 4.9663961886e+01
-1.8399799004e-06 8.9806783420e-06 4.5278943829e+01
1.1156771202e-04 6.0857772039e-05 2.2887795561e+01
-4.8508884678e-05 8.8754111375e-06 5.0906770410e+01
1.3667179667e-05 9.0423603251e-06 4.2041017348e+01
1.1612694343e-04 3.9652125120e-05 2.2895750567e+01
-4.6485857794e-05 4.7067943221e-05 4.3727096852e+01
-6.4080283355e-05 8.8611811689e-06 5.1651654203e+01
2.9126932407e-05 9.1174453692e-06 3.8205488734e+01
4.1062020838e-05 8.5071659915e-05 2.2681310303e+01
4.4524306831e-05 9.2027042088e-06 3.4026961000e+01
-4.3806560648e-05 3.2148625420e-05 4.6302736269e+01
5.2276969202e-05 8.7709478787e-05 2.2541354389e+01
6.3664642898e-05 9.3145424073e-06 2.8927355108e+01
-8.7213399301e-05 9.7073141406e-05 3.4572954897e+01
1.5063863539e-04 4.4592667477e-05 2.0287288290e+01
-1.1075766226e-04 8.8553478556e-06 5.1877807017e+01
-2.9074826348e-04 3.5675890822e-05 1.7140670896e+01
1.3773861757e-04 6.6593949735e-05 2.0220041095e+01
7.8885512666e-05 9.3975897252e-06 2.5534449120e+01
-9.8475848730e-05 9.7345341582e-05 3.4435481514e+01
-1.3017268043e-04 8.8646801200e-06 5.1392908873e+01
9.4037888923e-05 9.4594214294e-06 2.3367029313e+01
-1.4568414682e-04 8.8764748936e-06 5.0819313628e+01
1.3126563974e-04 4.1680031893e-05 2.2911665018e+01
2.6931535410e-04 6.3520303325e-05 1.5378822729e+01
1.0921397334e-04 9.4912627256e-06 2.2933833438e+01
1.6763471562e-04 7.3798239227e-05 1.7024387293e+01
-1.0668705594e-04 5.9466036975e-05 4.1254295960e+01
1.2458403390e-04 9.6028741087e-06 2.2863686434e+01
-1.2476632811e-04 4.3943120526e-05 4.4241069159e+01
-1.7276042326e-04 8.9069423106e-06 4.9376826130e+01
-1.7662266403e-04 8.9128419239e-06 4.9113791778e+01
-1.7789744147e-04 1.0428965763e-05 4.8771753459e+01
-1.8048269032e-04 8.9192313654e-06 4.8833009791e+01
-1.8173180217e-04 1.0435860450e-05 4.8490303300e+01
-1.8433838551e-04 8.9304352251e-06 4.8532327661e+01
-1.8556239001e-04 1.0445304217e-05 4.8189223769e+01
-1.8819308798e-04 8.9386362864e-06 4.8210778977e+01
-1.8938922676e-04 1.0456629640e-05 4.7866810992e+01
-1.9204517203e-04 8.9471805352e-06 4.7866115919e+01
-1.9321328874e-04 1.0467394622e-05 4.7521070192e+01
-1.9589608994e-04 8.9528774542e-06 4.7495865942e+01
-1.9703414064e-04 1.0478181987e-05 4.7149776685e+01
-1.9974105389e-04 8.9648333765e-06 4.7096598243e+01
-2.0085059619e-04 1.0490690695e-05 4.6749788904e+01
-2.0358355403e-04 8.9756418276e-06 4.6665955442e+01
-2.0466280530e-04 1.0504038649e-05 4.6318221830e+01
-2.0742258729e-04 8.9868168790e-06 4.6200379995e+01
-2.0847041499e-04 1.0518416144e-05 4.5851565907e+01
-2.1125749587e-04 8.9990650629e-06 4.5695735534e+01
1.5194946265e-04 1.0155505571e-05 2.2183131492e+01
-1.7638527166e-04 7.3463039919e-05 3.7512029764e+01
-2.3838479806e-04 5.7654434794e-05 3.7440395704e+01
1.7959834498e-04 1.1322439932e-05 2.0564569253e+01
-1.8181818510e-04 3.9793658740e-05 4.3057965293e+01
-1.5035952569e-04 9.1797596630e-05 3.5225819162e+01
2.0720545243e-04 1.2987688488e-05 1.9642487327e+01
-2.0335246515e-04 3.6907498074e-05 4.2190969304e+01
-2.0601197661e-04 3.5220964459e-05 4.2239629678e+01
-2.0272164063e-04 3.5114725548e-05 4.2533660051e+01
-2.0539080263e-04 3.3438802213e-05 4.2578581227e+01
-2.0206106369e-04 3.3343084786e-05 4.2881187096e+01
-2.0473852898e-04 3.1677970970e-05 4.2922603892e+01
-2.0136955107e-04 3.1592161164e-05 4.3232930095e+01
2.3497128518e-04 1.4983345785e-05 1.9489004571e+01
2.8752122963e-04 5.5971704927e-05 1.5266679789e+01
2.9962025616e-04 5.7901427520e-05 1.4900462855e+01
-2.7212390979e-04 4.9339149863e-05 3.1882949564e+01
1.4529784949e-04 8.9879018857e-05 1.7011004169e+01
2.5039379400e-04 6.6867476458e-05 1.5598913776e+01
-1.6086301794e-04 6.2800664587e-05 3.9457780768e+01
-3.3126718764e-04 2.2621653825e-05 1.7036280322e+01
-3.2814237438e-04 2.1595541308e-05 1.7045639446e+01
-3.3314010612e-04 1.9423974813e-05 1.7032369796e+01
-1.8442488020e-04 5.4474547874e-05 4.0292549352e+01
-1.2927822360e-04 1.0481586561e-04 3.3819818508e+01
-1.3198583305e-04 1.0498573420e-04 3.3846747033e+01
-1.1122954860e-04 4.3800650094e-05 4.4584636295e+01
-1.7093752712e-04 3.7810153231e-05 4.3975696683e+01
-1.7337833049e-04 3.6142316100e-05 4.4193513238e+01
-1.7676217673e-04 3.6207248394e-05 4.4011135255e+01
-1.7584547058e-04 3.4482474259e-05 4.4397940638e+01
-1.7925106359e-04 3.4544700779e-05 4.4203746353e+01
-1.7242915096e-04 3.4424012817e-05 4.4583294491e+01
-1.7833888815e-04 3.2830631360e-05 4.4587808579e+01
-1.8176665280e-04 3.2890099765e-05 4.4380715496e+01
-1.8085849751e-04 3.1186799901e-05 4.4761869357e+01
-1.8430884376e-04 3.1243473763e-05 4.4540679345e+01
-1.7739738946e-04 3.1133662613e-05 4.4971924932e+01
-1.2160823766e-04 3.5512977453e-05 4.6181158944e+01
-1.9588282814e-04 7.5270872802e-05 3.7124358460e+01
-1.8174153487e-04 6.3932304950e-05 3.8833289406e+01
3.4108744525e-04 5.2688071957e-05 1.3553893824e+01
3.1036409730e-04 5.2188507731e-05 1.4787118576e+01
2.1555787765e-04 3.2207152269e-05 1.7815710219e+01
-1.9155999139e-04 6.8665451928e-05 3.7970276099e+01
-1.3274705189e-04 9.4751965605e-05 3.4789700853e+01
3.6005781502e-04 2.3437524967e-05 1.2418585701e+01
3.5351785652e-05 1.0703501036e-04 3.2835808375e+01
2.7871669487e-04 7.2488825346e-05 1.4913008779e+01
1.7984374691e-04 1.0145332946e-04 1.6651135373e+01
1.8796188011e-04 2.8851955005e-05 1.8521107638e+01
-2.1083135392e-04 7.0768734425e-05 3.7434804107e+01
2.4916102936e-04 1.0633389663e-04 1.4512280231e+01
1.5559116030e-04 1.1421240854e-04 1.6990414119e+01
1.8660989277e-04 5.6399401919e-05 1.7053638316e+01
-1.1731553497e-04 8.6051353070e-05 3.5992302087e+01
-2.3150095056e-04 7.4279445561e-05 3.7046534463e+01
3.3440286871e-04 5.9437234243e-05 1.3645519034e+01
1.6056728176e-04 2.5815042049e-05 2.0619082943e+01
-2.0575311224e-04 5.7836242983e-05 3.9006412660e+01
1.3742308297e-04 1.1035536414e-04 1.7013164078e+01
1.3315946025e-04 2.3389858388e-05 2.2922772924e+01
1.1791215401e-04 2.2389526591e-05 2.2886942556e+01
9.9414289571e-05 2.1533008828e-05 2.2863840908e+01
-2.2531585775e-04 5.9968015535e-05 3.7997289732e+01
-2.2783630357e-04 5.8190684656e-05 3.8002067736e+01
8.5018529414e-05 2.1104349415e-05 2.2857852191e+01
-2.0141321515e-04 5.1637929068e-05 4.0042484979e+01
7.0905955011e-05 2.0830660421e-05 2.4240370414e+01
5.6658054196e-05 2.0574273283e-05 2.7838458049e+01
4.2211561363e-05 2.0324234248e-05 3.2004306438e+01
3.1097716212e-04 3.4147532361e-05 1.5426438830e+01
2.7596847471e-05 2.0096127436e-05 3.6226904960e+01
9.1405607099e-06 1.9858569976e-05 4.0957181645e+01
1.1689093861e-04 1.0513808756e-04 1.9851543828e+01
-1.4768651826e-04 6.0422542007e-05 4.0183832733e+01
-2.8166896272e-05 1.9563973418e-05 4.7257975136e+01
-4.6917374115e-05 1.9494228649e-05 4.8876025483e+01
-6.5684360264e-05 1.9462113776e-05 4.9731859451e+01
-8.0692908923e-05 1.9456940101e-05 5.0008662207e+01
1.2887016767e-04 9.3921181088e-05 1.7663514974e+01
-9.5685807718e-05 1.9466160767e-05 5.0018626357e+01
-1.1065439919e-04 1.9487444882e-05 4.9827229196e+01
-1.2559023020e-04 1.9519669904e-05 4.9478141875e+01
-1.4048410942e-04 1.9562899623e-05 4.8994108884e+01
-1.6639470339e-04 1.9667386277e-05 4.7818285795e+01
-1.9476334225e-04 1.8263906361e-05 4.6102181269e+01
-5.3657875660e-05 6.0978650821e-05 4.1471627204e+01
-2.1227289418e-04 1.0534081524e-05 4.5345858555e+01
-2.1508801424e-04 9.0122707556e-06 4.5147627059e+01
-2.1607070579e-04 1.0549592754e-05 4.4796713235e+01
-2.1891367427e-04 9.0265936683e-06 4.4551285644e+01
-2.1986117664e-04 1.0568617870e-05 4.4198870850e+01
-2.2273587850e-04 9.0391580040e-06 4.3900508315e+01
-2.2364556412e-04 1.0588162866e-05 4.3547089202e+01
-2.2654811689e-04 9.0593992772e-06 4.3189211672e+01
-2.2742024224e-04 1.0612832659e-05 4.2834658623e+01
-2.3035453542e-04 9.0797697317e-06 4.2410258403e+01
-2.3118714339e-04 1.0638581724e-05 4.2054594187e+01
-2.3415360026e-04 9.1016320306e-06 4.1555686986e+01
-2.3494443673e-04 1.0666855022e-05 4.1198966586e+01
-2.3794801130e-04 9.1201490750e-06 4.0615897530e+01
-2.3869128137e-04 1.0697420201e-05 4.0258705456e+01
-2.4172912989e-04 9.1461510335e-06 3.9581489553e+01
1.2790284435e-04 8.7410704452e-05 1.9480673983e+01
3.3784076262e-04 2.9477861075e-05 1.4504011734e+01
9.2102237247e-05 1.1244250807e-04 2.2495192378e+01
8.9023532945e-05 1.1096632641e-04 2.2414995762e+01
9.5234561925e-05 1.1397618158e-04 2.2576540996e+01
1.1784798218e-04 1.1868541443e-04 1.7063284941e+01
1.2120006299e-04 1.2032863974e-04 1.6996567247e+01
-2.4241917916e-04 1.0732286845e-05 3.9225800916e+01
-2.4549825233e-04 9.1747683303e-06 3.8441439982e+01
-3.0105118279e-04 4.3515653023e-05 1.7207981959e+01
-3.0187301379e-04 2.0600410389e-05 1.7064161961e+01
-2.9301029470e-04 4.4793620130e-05 1.8100347269e+01
-2.6277871142e-04 4.4458524884e-05 3.3030382511e+01
-2.0744590820e-04 3.0020524331e-05 4.2933334016e+01
-2.1082093981e-04 3.0109622744e-05 4.2573276898e+01
-2.5394486741e-04 5.3978684436e-05 3.5981575707e+01
-2.8511072433e-04 4.6481770698e-05 2.5481073049e+01
-3.2990942938e-04 1.8587612036e-05 1.7020368070e+01
-3.3496131328e-04 1.6355012693e-05 1.7012164785e+01
-3.2508301003e-04 2.0699903247e-05 1.7026240380e+01
-3.3161113256e-04 1.5646998266e-05 1.7009162162e+01
1.4220422494e-04 1.4936265667e-04 1.6773937418e+01
-1.7279818922e-04 9.5882642822e-05 3.5081745763e+01
2.4109181814e-04 1.3377737811e-04 1.3836113326e+01
3.5231314740e-04 5.4461204041e-05 1.2873729356e+01
3.5559751094e-04 5.0978597188e-05 1.2774987226e+01
2.1889359502e-04 1.4264347091e-04 1.4003636627e+01
2.3755910367e-04 1.3655903548e-04 1.3812739165e+01
-1.7544747536e-04 9.6178450956e-05 3.5096237832e+01
-1.9668868749e-04 9.0327850331e-05 3.5771626541e+01
-2.4590260849e-04 7.3139125656e-05 3.7295243460e+01
-2.4355810577e-04 7.4874347684e-05 3.7265727719e+01
-2.3183064474e-04 7.8947983965e-05 3.6799811069e+01
-2.7227907198e-04 6.2238450221e-05 3.6097244614e+01
1.7293540520e-04 1.5062007459e-04 1.4657024342e+01
2.0369058516e-04 1.4567769707e-04 1.4213482085e+01
-2.9002504829e-04 5.4510379836e-05 3.0888914232e+01
-2.8734370975e-04 5.5864376403e-05 3.2393890603e+01
-2.9829108796e-04 5.0777850806e-05 2.3778755540e+01
1.6522456213e-04 1.5154409389e-04 1.4789665307e+01
3.6334242946e-04 1.9706306866e-05 1.1754947161e+01
3.5950147830e-04 1.9497960933e-05 1.2255527347e+01
3.6713174186e-04 1.9942085402e-05 1.1312713781e+01
3.2755492936e-04 1.7804374099e-05 1.5705670482e+01
3.2345471580e-04 1.7500312912e-05 1.5903515982e+01
3.2016085081e-04 2.0792174406e-05 1.5796639309e+01
3.1934096082e-04 1.7168724913e-05 1.6082380181e+01
2.9457612759e-04 1.5190857839e-05 1.7033367570e+01
2.9055275672e-04 1.5059583872e-05 1.7116376868e+01
2.9864624416e-04 1.5378240814e-05 1.7036702248e+01
2.7067301928e-04 1.4430386344e-05 1.9169570454e+01
2.7468141954e-04 1.4579930638e-05 1.8690914057e+01
-3.4201407551e-04 3.1176099119e-05 1.5293993585e+01
-3.3637810100e-04 3.3454171898e-05 1.6848206634e+01
-3.0401053934e-04 4.8665626235e-05 1.6653469613e+01
-3.0699769862e-04 4.7701892684e-05 1.7316460588e+01
3.6831048070e-04 3.2377551218e-05 1.2036648725e+01
3.7156693361e-04 2.8630882862e-05 1.1654903486e+01
3.1952348499e-04 9.1470055819e-05 1.3079081149e+01
3.1616638568e-04 9.4622328075e-05 1.3087546014e+01
-1.9074346112e-04 7.4290722058e-06 4.8218221293e+01
-2.1782482734e-04 7.4907658925e-06 4.4920112382e+01
-2.4478757005e-04 7.6023878084e-06 3.8809071359e+01
-2.4859262913e-04 7.6278545907e-06 3.7552646040e+01
-2.5238057316e-04 7.6630439519e-06 3.6166330505e+01
-2.5299304500e-04 9.2495300355e-06 3.5794259457e+01
-2.5615749573e-04 7.6975702379e-06 3.4633743419e+01
-2.5671324243e-04 9.2952485113e-06 3.4260559119e+01
-2.5991742375e-04 7.7364387257e-06 3.2942095743e+01
-2.5769626108e-04 6.9482420802e-05 3.7217555541e+01
2.9539606274e-04 1.0923115318e-04 1.3258581732e+01
2.9879568678e-04 1.0619019737e-04 1.3264500114e+01
2.9198920030e-04 1.1225366498e-04 1.3250760352e+01
-2.0392398335e-04 4.9882753508e-05 4.0167220556e+01
-1.7992010516e-04 2.9500597822e-05 4.5142914326e+01
-1.5292078966e-04 3.0840089090e-05 4.6190127896e+01
-1.5644126931e-04 3.0874954342e-05 4.6039170220e+01
-1.3526560431e-04 3.0695029638e-05 4.6848044489e+01
1.7670056815e-04 1.4822214019e-04 1.4687609898e+01
-8.1560689256e-05 3.0472802785e-05 4.7775103279e+01
-7.0756694937e-05 3.0467851622e-05 4.7666723264e+01
-5.2702727110e-05 3.0495739951e-05 4.7106597314e+01
1.6491245675e-04 1.4017621456e-04 1.5370744184e+01
8.9252952110e-05 1.1398454682e-04 2.2376671466e+01
8.6250932943e-05 1.1249814200e-04 2.2293694215e+01
6.4443592869e-05 1.0780017751e-04 2.2056736382e+01
6.1785617322e-05 1.0672967167e-04 2.2092761652e+01
-2.0947336003e-04 1.2067978282e-05 4.5501225827e+01
1.0796462628e-04 8.9729384496e-05 2.2853509732e+01
2.6991801930e-04 1.1853124902e-04 1.3671558316e+01
2.6943707471e-04 1.1470606345e-04 1.3822747085e+01
2.7039798855e-04 1.2235867513e-04 1.3511510472e+01
2.6693677909e-04 1.2526872919e-04 1.3494374056e+01
-1.5380029002e-04 1.3424410073e-05 4.9631263348e+01
-5.0541991175e-05 1.3374317242e-05 5.0224872649e+01
-3.1373399821e-05 1.3416599413e-05 4.8709698469e+01
-1.2232483094e-05 1.3487946439e-05 4.6243444438e+01
-7.7358275601e-07 1.3547314914e-05 4.4242522491e+01
2.5835840140e-05 1.3737405186e-05 3.8105470281e+01
1.1898318341e-04 1.4788904035e-05 2.2918055555e+01
1.5393426544e-04 1.6242605877e-05 2.1966412109e+01
1.8147662021e-04 1.8227049012e-05 1.9782012585e+01
1.8592406181e-04 9.2727343082e-05 1.6899478111e+01
-2.6563492515e-04 4.2809944315e-05 3.1848279829e+01
2.0901980960e-04 2.0686855363e-05 1.8764605364e+01
2.0815928852e-04 5.1200720659e-05 1.7008781537e+01
2.0422567715e-04 5.0574533583e-05 1.7055561685e+01
2.4461106565e-04 1.3097737111e-04 1.3857105564e+01
2.4505847730e-04 1.3477264403e-04 1.3698449021e+01
3.2434411036e-04 6.9323066883e-05 1.3718847916e+01
2.2011220250e-04 5.3316157857e-05 1.7006271132e+01
-1.7808439672e-04 9.6486631953e-05 3.5112030063e+01
3.3450335406e-04 3.2905866851e-05 1.4569379585e+01
2.7137722650e-04 1.0031586649e-04 1.4242663534e+01
2.3690928245e-04 2.3376351056e-05 1.8595396528e+01
2.9088274112e-04 5.2918088069e-05 1.5293286458e+01
2.8681787740e-04 5.2273289820e-05 1.5415548875e+01
-1.3556362044e-04 3.5631566617e-05 4.5769036420e+01
-1.8716074572e-04 8.2681746380e-05 3.6362360107e+01
2.7711528182e-04 8.6784768815e-05 1.4520051693e+01
2.4903680884e-04 2.4475127894e-05 1.8529581161e+01
-1.5442903488e-04 6.8222032756e-05 3.8608152857e+01
2.5260213790e-04 1.0347599240e-04 1.4524978307e+01
-2.0975612304e-04 6.4334509212e-05 3.8112615778e+01
-2.2849945755e-04 6.6958302821e-05 3.7454650149e+01
-1.4712882586e-04 3.7432760295e-05 4.5002588569e+01
-1.8518293701e-04 3.2953509093e-05 4.4162923882e+01
-1.8774745734e-04 3.1304062554e-05 4.4307449947e+01
2.3612978668e-04 9.5899457201e-05 1.4967243014e+01
2.3213402543e-04 9.4910533753e-05 1.5052547083e+01
2.3153014297e-04 9.1148052984e-05 1.5159475460e+01
2.2813420689e-04 9.3903496502e-05 1.5143229732e+01
-1.6412443158e-04 7.0662606238e-05 3.8064842115e+01
2.6173546719e-04 2.8337031956e-05 1.7349011333e+01
-2.1349934443e-04 7.1134697584e-05 3.7365247594e+01
2.0616350636e-04 6.0247853872e-05 1.7018927112e+01
2.0217379351e-04 5.9392863683e-05 1.7025577323e+01
-3.3834676494e-04 1.7115553457e-05 1.7028881469e+01
-2.2957411459e-04 8.0735757353e-05 3.6663010853e+01
2.2488962593e-04 2.2218659288e-05 1.8597098799e+01
2.1693571213e-04 2.1446235467e-05 1.8661787977e+01
-3.4019232926e-04 1.4011128300e-05 1.7006314214e+01
1.9719696258e-04 1.9588534760e-05 1.9071457026e+01
1.5751865622e-04 1.0079090580e-04 1.7006089859e+01
1.8933446064e-04 1.8891036998e-05 1.9371592013e+01
1.6968368045e-04 1.7303809544e-05 2.0579359562e+01
1.6181169057e-04 1.6745487127e-05 2.1237576292e+01
1.4213566408e-04 1.5612353667e-05 2.3010329782e+01
1.3433764764e-04 1.5278964674e-05 2.2906778066e+01
1.2662236126e-04 1.5006637601e-05 2.2923596006e+01
3.0763771286e-04 3.7333604499e-05 1.5400503364e+01
3.3846637961e-04 3.3260686582e-05 1.4328260228e+01
1.0765981534e-04 1.4549278374e-05 2.2906417274e+01
1.0019833282e-04 1.4437679157e-05 2.2905059338e+01
1.7264675144e-04 1.4306317639e-04 1.5002521877e+01
9.2807387841e-05 1.4357767984e-05 2.2890849518e+01
8.5480184706e-05 1.4301069088e-05 2.3358668564e+01
7.8137146836e-05 1.4239296315e-05 2.4583976724e+01
7.0759987006e-05 1.4170408273e-05 2.6103334770e+01
1.5694379252e-04 1.2946766987e-04 1.6489877480e+01
6.3349300977e-05 1.4097411959e-05 2.7865504856e+01
3.5358649514e-05 9.8521557829e-05 2.9273443297e+01
3.2668641516e-05 9.7933508656e-05 3.0217988779e+01
5.5905689963e-05 1.4022492956e-05 2.9805421992e+01
4.8430650648e-05 1.3947586877e-05 3.1859303948e+01
4.0925759332e-05 1.3874213000e-05 3.3965243544e+01
3.1604642644e-04 2.0425559230e-05 1.5964182958e+01
3.1521720347e-04 1.6812701827e-05 1.6219650250e+01
3.3393394156e-05 1.3803805074e-05 3.6064726464e+01
1.4458446409e-05 1.3647298246e-05 4.0963028909e+01
6.8501462977e-06 1.3594335313e-05 4.2686768671e+01
-4.2872832107e-05 1.3388187145e-05 4.9719874523e+01
-6.2046838540e-05 1.3360044662e-05 5.0764697616e+01
-6.9715959982e-05 1.3354352699e-05 5.0999057547e+01
-7.7383218927e-05 1.3351217523e-05 5.1147450082e+01
-8.5048021296e-05 1.3350496364e-05 5.1220860490e+01
-3.0419883127e-04 4.2323108200e-05 1.7134820717e+01
-1.0036691157e-04 1.3355074386e-05 5.1179957317e+01
6.7116493168e-05 1.0892330364e-04 2.1995014999e+01
1.0108300635e-04 8.7449773041e-05 2.2800538972e+01
1.1868530122e-04 9.3427517202e-05 2.2017046335e+01
1.2578822577e-04 9.5964489688e-05 1.8331910452e+01
-1.1566720451e-04 1.3366714898e-05 5.0936449158e+01
-1.3094361714e-04 1.3384782709e-05 5.0527727137e+01
-1.3857103779e-04 1.3396198217e-05 5.0266971559e+01
1.8509787515e-04 6.8485511018e-05 1.7023941247e+01
-1.4619025215e-04 1.3409376619e-05 4.9968733509e+01
-1.6519580207e-04 1.3450867525e-05 4.9043630315e+01
-1.7913863956e-04 1.1956314960e-05 4.8425580419e+01
-1.8673839664e-04 1.1976485469e-05 4.7842843927e+01
-1.9434204041e-04 1.2003813102e-05 4.7172779143e+01
-2.0191824560e-04 1.2033275266e-05 4.6400414608e+01
-2.7491375566e-04 4.7765781014e-05 3.0457810287e+01
-2.1018166149e-04 2.8373300801e-05 4.2910186847e+01
-2.1358162832e-04 2.8456861617e-05 4.2516666654e+01
-2.1417763490e-04 3.0206093909e-05 4.2188957468e+01
-2.1696203140e-04 2.8549464189e-05 4.2095157062e+01
-1.8687750626e-04 2.9604860558e-05 4.4682178820e+01
-1.9033915223e-04 2.9662481243e-05 4.4432030525e+01
-1.8681837907e-04 5.2711032868e-05 4.0502788684e+01
-1.8374423332e-04 5.2564433748e-05 4.0643660725e+01
-2.6040544484e-04 9.3476733638e-06 3.2571425706e+01
-2.6365963558e-04 7.7773119595e-06 3.1074059838e+01
-1.7210406001e-04 5.3915351148e-05 4.0797389210e+01
-1.6898754299e-04 5.3793673163e-05 4.0916305136e+01
-1.6670230445e-04 5.5553723070e-05 4.0652484116e+01
-1.4232913023e-04 3.0752855346e-05 4.6602632767e+01
-1.5330812841e-04 5.3280147744e-05 4.1470042308e+01
-1.2458679170e-04 3.0625821373e-05 4.7171274296e+01
-1.1744615413e-04 3.0586734632e-05 4.7355226889e+01
-1.1029100993e-04 3.0552992931e-05 4.7511481003e+01
-1.0312324265e-04 3.0524563112e-05 4.7636683736e+01
-9.5944340976e-05 3.0501543890e-05 4.7726360833e+01
-8.8756314824e-05 3.0484198205e-05 4.7774810896e+01
-5.9937927774e-05 3.0476801943e-05 4.7397376281e+01
-2.9312170608e-04 3.6600155320e-05 1.7130937650e+01
-2.9006125914e-04 3.8029344368e-05 1.6972191790e+01
-1.7642624641e-04 2.9453418394e-05 4.5355478116e+01
1.4260957593e-04 9.5507263227e-05 1.7009802757e+01
1.3148835092e-04 8.8570123255e-05 1.8091811520e+01
-1.7531481396e-04 7.4073850782e-06 4.9451626308e+01
-1.8306034817e-04 7.4127410597e-06 4.8875435043e+01
-2.0236787717e-04 7.4512355250e-06 4.7024151448e+01
-2.1010313894e-04 7.4693928344e-06 4.6058825195e+01
-2.2937475023e-04 7.5311948758e-06 4.2790039365e+01
-2.3707385269e-04 7.5590715768e-06 4.0998193791e+01
-1.6585785877e-04 5.3678396704e-05 4.1032559091e+01
-1.6358952761e-04 5.5436350963e-05 4.0761659809e+01
-2.7255883889e-04 4.7020601360e-05 3.0900302628e+01
2.1528542038e-04 1.4531438036e-04 1.3971729960e+01
2.0001557107e-04 1.4826800459e-04 1.4179183436e+01
-2.7440725316e-04 6.3185896758e-05 3.6390203112e+01
-2.7693561362e-04 6.1661846055e-05 3.5914794566e+01
3.3976158841e-04 1.8552931142e-05 1.4831176360e+01
3.4377207098e-04 1.8745556447e-05 1.4390971882e+01
1.7686693230e-04 1.5198124764e-04 1.4498712597e+01
-3.0825680792e-04 4.5190195163e-05 1.7175934230e+01
-3.1014009804e-04 4.6763917556e-05 1.7217202494e+01
-2.7190630943e-04 6.4733726485e-05 3.6760519775e+01
-2.9291508020e-04 2.8628488176e-05 1.7100859150e+01
-2.9029647688e-04 2.7903218731e-05 1.7054760794e+01
-2.5662884884e-04 5.2284626851e-05 3.5464469770e+01
-2.3411353067e-04 7.7166674513e-05 3.6938499046e+01
2.2248309783e-04 1.3995094374e-04 1.4031055634e+01
1.8382036639e-04 1.0276510015e-04 1.6230482049e+01
1.8720598019e-04 1.0026507913e-04 1.6190901799e+01
1.8042624996e-04 1.0524187656e-04 1.6277020798e+01
-2.4932116438e-04 4.4243261885e-05 3.5989093296e+01
-2.3851388200e-04 6.4369344288e-05 3.7333665847e+01
-2.3605030550e-04 6.6133459904e-05 3.7352854666e+01
2.6325978514e-04 7.3093515001e-05 1.5171011288e+01
-1.7947508970e-04 6.5741984976e-05 3.8599851442e+01
-1.5229148265e-04 8.9890854951e-05 3.5448295180e+01
-1.3452664644e-04 8.6797801989e-05 3.5806236830e+01
3.2562385027e-04 5.0562930697e-05 1.4324257608e+01
3.2898665283e-04 4.7243703197e-05 1.4304989061e+01
-1.8872895379e-04 6.8421262467e-05 3.8048991644e+01
1.4306779915e-04 9.8986856444e-05 1.7009089329e+01
1.3097871090e-04 8.5336578677e-05 1.8933645747e+01
2.4863107200e-04 1.0254783235e-04 1.4616377715e+01
-2.2511381348e-04 5.7829003662e-05 3.8161712493e+01
-2.2766154963e-04 5.6056140433e-05 3.8149402895e+01
3.0689165301e-04 3.3668635392e-05 1.5571039756e+01
3.4447511009e-04 2.2493521543e-05 1.4200020583e+01
1.8988967507e-04 5.4053565210e-05 1.7094286623e+01
1.8926730934e-04 5.1054453520e-05 1.7194515989e+01
-2.5410851202e-04 5.1725295013e-05 3.5749598329e+01
2.2287594985e-04 1.4372456439e-04 1.3865781759e+01
-1.3022458057e-04 1.0695494389e-04 3.3694378135e+01
-1.2752761759e-04 1.0678678656e-04 3.3662577581e+01
-1.3291555640e-04 1.0713120490e-04 3.3727857532e+01
-2.8930705678e-04 5.7021437960e-05 3.3164624012e+01
-2.8668537722e-04 5.8382012685e-05 3.4256304654e+01
-2.3426464660e-04 7.9529077084e-05 3.6818560396e+01
-1.7347521614e-04 9.8086859288e-05 3.4938217919e+01
1.8063006527e-04 1.4955493980e-04 1.4538500463e+01
2.6104365461e-04 1.0909677215e-04 1.4204212496e+01
2.7384953592e-04 1.1943145725e-04 1.3527024182e+01
2.7432837454e-04 1.2326688982e-04 1.3359791535e+01
-3.5910465744e-04 2.3129768998e-05 1.2461242355e+01
-3.0206009691e-04 4.1025529979e-05 1.7143298211e+01
2.7777399615e-04 1.2032756612e-04 1.3375361621e+01
-2.4111887382e-04 7.1870361452e-05 3.7227322378e+01
2.2208602980e-04 1.3617182728e-04 1.4180951843e+01
-2.6012372921e-04 6.7822507381e-05 3.7079029414e+01
-2.6032247906e-04 6.5381257384e-05 3.6795415912e+01
3.6504791398e-04 3.6071075622e-05 1.2336969792e+01
2.4857307386e-04 1.3195894839e-04 1.3721299938e+01
2.4902439831e-04 1.3575757590e-04 1.3554897332e+01
2.8051747765e-04 8.3790825908e-05 1.4536752347e+01
1.5591870347e-04 9.0035027401e-05 1.7013275063e+01
2.5253352367e-04 1.3293077198e-04 1.3579369655e+01
3.1233045263e-04 9.3829767868e-05 1.3266380232e+01
3.1280265417e-04 9.7753339257e-05 1.3093037271e+01
1.7645996348e-04 1.0389893578e-04 1.6785357825e+01
2.5509857794e-04 1.2247038278e-04 1.3909762304e+01
-1.8008245476e-04 9.4586361937e-05 3.5271365193e+01
-2.9196191131e-04 5.5706513942e-05 3.1790509363e+01
-2.8955818346e-04 2.0648255433e-05 1.7044244639e+01
-2.8615828665e-04 2.2302844895e-05 1.7129567131e+01
-2.8331962970e-04 2.1834309042e-05 1.6779001091e+01
3.2287388327e-04 8.8295878954e-05 1.3067442080e+01
-1.4951433678e-04 8.9696408117e-05 3.5457157051e+01
2.6798007916e-04 3.8619670733e-05 1.6497989911e+01
-2.0698086641e-04 6.4033846171e-05 3.8218966452e+01
-2.2625369120e-04 4.1791434594e-05 3.9382962731e+01
-2.2351988179e-04 4.3524350652e-05 3.9505164189e+01
-2.8469581506e-04 5.7261352715e-05 3.3593887004e+01
-2.8409485610e-04 5.9782725035e-05 3.5125071121e+01
3.1214232036e-04 6.3547630593e-05 1.4351902858e+01
-2.1176751022e-04 4.4637434042e-05 4.0390759702e+01
2.0461058439e-04 1.1652898378e-04 1.5013837009e+01
-1.3736919124e-04 8.6945322366e-05 3.5782651424e+01
-1.9201634993e-04 9.1828809421e-05 3.5614463535e+01
-1.6239082129e-04 4.6346438899e-05 4.2593811882e+01
-2.5862397994e-04 2.1368452379e-05 3.2609993777e+01
-2.5547883690e-04 2.3016609292e-05 3.3851426324e+01
-2.5868819607e-04 2.3221181747e-05 3.2542408245e+01
-2.5871077722e-04 2.5106090583e-05 3.2521255252e+01
1.8370982915e-04 1.3573323108e-04 1.4975759277e+01
-1.2966604092e-04 5.0951075584e-05 4.2581431528e+01
-1.3293103898e-04 5.1010042059e-05 4.2486582161e+01
-1.3083751617e-04 5.2739975389e-05 4.2166310866e+01
-1.3407605636e-04 5.2803822840e-05 4.2072661096e+01
-1.2759183233e-04 5.2679652013e-05 4.2258017088e+01
3.0895686052e-04 9.6949830545e-05 1.3269417735e+01
3.0943155128e-04 1.0086434158e-04 1.3095837731e+01
-1.0552938809e-04 6.6715523543e-05 3.9756351929e+01
-1.0370076229e-04 6.8526363907e-05 3.9421583090e+01
-1.0678983664e-04 6.8585055158e-05 3.9350059485e+01
-1.0496485903e-04 7.0405678493e-05 3.9017714148e+01
-1.0803091972e-04 7.0468746404e-05 3.8947468976e+01
-1.0189601957e-04 7.0348012205e-05 3.9087920495e+01
-1.0620970575e-04 7.2299093567e-05 3.8617968417e+01
-1.0925296091e-04 7.2366663552e-05 3.8549620950e+01
-1.1291386361e-04 1.0395659686e-04 3.3701373713e+01
-1.1123396417e-04 1.0593813221e-04 3.3513206413e+01
-1.1396102408e-04 1.0606128005e-04 3.3532310010e+01
-1.1228446384e-04 1.0804984034e-04 3.3364544436e+01
-1.0956985255e-04 1.0792877548e-04 3.3339982018e+01
-1.1499530066e-04 1.0817812518e-04 3.3391583587e+01
-5.5076814913e-05 5.2167131898e-05 4.3085378177e+01
-5.3478449680e-05 5.3914263418e-05 4.2730991255e+01
-5.6773245026e-05 5.3897530743e-05 4.2797872540e+01
-8.6542802602e-05 1.0513997330e-04 3.3492395333e+01
-8.5004510510e-05 1.0715270216e-04 3.3267681611e+01
-8.7742114382e-05 1.0721158567e-04 3.3259346445e+01
-8.6203124834e-05 1.0923215171e-04 3.3054584232e+01
-8.8924518338e-05 1.0929491301e-04 3.3057322369e+01
-8.7384765775e-05 1.1132309671e-04 3.2876053899e+01
-8.4678052611e-05 1.1126350437e-04 3.2866452702e+01
-9.0090391905e-05 1.1138973638e-04 3.2889942774e+01
-8.5858480677e-05 1.1336192323e-04 3.2715069271e+01
-8.3166318444e-05 1.1330570049e-04 3.2698100013e+01
-1.5822812058e-04 9.8654213883e-05 3.4678183509e+01
-1.5632984463e-04 1.0058387442e-04 3.4511893527e+01
-1.5900193261e-04 1.0083011145e-04 3.4535941255e+01
1.1073516519e-04 1.4338173625e-04 1.7181037835e+01
1.0727519700e-04 1.4492527514e-04 1.7204302192e+01
1.1038668006e-04 1.4681500092e-04 1.7219100316e+01
1.0421222361e-04 1.4301816010e-04 1.6981048092e+01
8.6196723185e-05 1.3419165244e-04 2.1804827572e+01
8.3095563019e-05 1.3534867635e-04 2.1365016794e+01
8.5834319477e-05 1.3754612294e-04 2.2782911387e+01
8.2613672411e-05 1.3864921094e-04 2.2467010927e+01
8.0022314578e-05 1.3640365887e-04 2.0932310603e+01
8.5320840323e-05 1.4098061801e-04 2.0931942114e+01
-8.1970539709e-05 1.1121100449e-04 3.2861498472e+01
-8.0473632277e-05 1.1325667504e-04 3.2685561392e+01
1.1454666204e-04 1.1708209388e-04 1.7430040673e+01
1.1466702965e-04 1.2051661469e-04 1.7060060190e+01
1.1141198193e-04 1.1887709603e-04 1.8243029706e+01
2.2751924524e-04 9.0143508726e-05 1.5258083624e+01
2.3090203248e-04 8.7393719293e-05 1.5276499417e+01
-1.3468706690e-04 1.0516371034e-04 3.3875378594e+01
-1.3560021913e-04 1.0731574357e-04 3.3762768801e+01
-1.3738163931e-04 1.0534997029e-04 3.3905514530e+01
6.3833890573e-05 1.2440881960e-04 2.5891577117e+01
6.1634389011e-05 1.2560215099e-04 2.8281231886e+01
6.3898808983e-05 1.2691775358e-04 2.7059738183e+01
6.1663048135e-05 1.2808088196e-04 3.0455206587e+01
5.9418068723e-05 1.2684321298e-04 3.2314409616e+01
6.3867158783e-05 1.2941670685e-04 2.8429602620e+01
6.1325798220e-05 1.0420628351e-04 2.2200349037e+01
5.9139784922e-05 1.0570895089e-04 2.2138940915e+01
-9.1644498696e-05 1.0936460425e-04 3.3064475765e+01
-9.2794623758e-05 1.1146341290e-04 3.2907793902e+01
-9.4362788509e-05 1.0944121981e-04 3.3075728312e+01
-9.5497178985e-05 1.1154412560e-04 3.2929314216e+01
-9.7079105415e-05 1.0952476267e-04 3.3090779723e+01
-9.8197993582e-05 1.1163202879e-04 3.2954193678e+01
-9.9793546090e-05 1.0961522066e-04 3.3109348957e+01
-1.0089736809e-04 1.1172675482e-04 3.2982140784e+01
-1.1109190938e-04 7.0536348038e-05 3.8877585445e+01
-1.1229105390e-04 7.2438936373e-05 3.8482036687e+01
-1.1414749139e-04 7.0608528557e-05 3.8808212184e+01
-1.1532363832e-04 7.2515976575e-05 3.8415328001e+01
-1.1719732716e-04 7.0685373541e-05 3.8739463208e+01
-1.1835033025e-04 7.2597860106e-05 3.8349580352e+01
-1.2024105866e-04 7.0766954465e-05 3.8671430244e+01
-1.2137079438e-04 7.2684684212e-05 3.8284853102e+01
-1.2327832128e-04 7.0853394346e-05 3.8604174367e+01
-1.2438466106e-04 7.2776567379e-05 3.8221183620e+01
-1.2630875114e-04 7.0944793304e-05 3.8537740956e+01
2.1142081344e-04 8.5932403497e-05 1.5831010878e+01
-1.5143834643e-04 6.8086602078e-05 3.8677986103e+01
-1.5233403775e-04 7.0044449119e-05 3.8321935802e+01
1.9874987393e-04 1.3315432577e-04 1.4740036387e+01
-7.9262496980e-05 1.1116559283e-04 3.2861565310e+01
-7.7780699510e-05 1.1321487983e-04 3.2677867715e+01
-7.6554214317e-05 1.1112733005e-04 3.2867037053e+01
-7.5087807358e-05 1.1318036988e-04 3.2675431734e+01
-7.3845963374e-05 1.1109626496e-04 3.2878350006e+01
-7.2395258614e-05 1.1315322024e-04 3.2678762573e+01
-7.3633778840e-05 1.1524500605e-04 3.2505592061e+01
-7.0956811688e-05 1.1522198673e-04 3.2499908507e+01
-6.9703329601e-05 1.1313352792e-04 3.2688291508e+01
-6.8280763107e-05 1.1520656128e-04 3.2500236887e+01
-6.7012308609e-05 1.1312137881e-04 3.2704540241e+01
-6.5605900133e-05 1.1519885029e-04 3.2507140204e+01
-6.4322467083e-05 1.1311698050e-04 3.2728057058e+01
-6.2932476168e-05 1.1519900883e-04 3.2521155039e+01
-6.1634097963e-05 1.1312022400e-04 3.2759444378e+01
-6.0260829054e-05 1.1520711295e-04 3.2543016077e+01
-5.8947461845e-05 1.1313159455e-04 3.2799288833e+01
-5.7591294925e-05 1.1522332694e-04 3.2573394287e+01
-5.6262879979e-05 1.1315103621e-04 3.2848273788e+01
-5.4924083651e-05 1.1524783774e-04 3.2613122792e+01
-5.3580619725e-05 1.1317875851e-04 3.2907078237e+01
-5.2259484137e-05 1.1528085806e-04 3.2662997934e+01
-5.0900963323e-05 1.1321502245e-04 3.2976411841e+01
-4.9597794295e-05 1.1532259166e-04 3.2723931766e+01
-4.8224196191e-05 1.1326001723e-04 3.3057012712e+01
-4.6939310575e-05 1.1537326552e-04 3.2796889938e+01
-4.5550605073e-05 1.1331403251e-04 3.3149640835e+01
-4.4284323335e-05 1.1543313744e-04 3.2882836936e+01
-4.2880473269e-05 1.1337729330e-04 3.3255093350e+01
-4.1633115270e-05 1.1550247088e-04 3.2982876108e+01
-4.0214084257e-05 1.1345012440e-04 3.3374145836e+01
-3.8985941729e-05 1.1558159101e-04 3.3098134822e+01
-3.7551713629e-05 1.1353281825e-04 3.3507589701e+01
-3.6343136710e-05 1.1567078593e-04 3.3229841802e+01
-3.4893651690e-05 1.1362574872e-04 3.3656183474e+01
-3.3705038745e-05 1.1577035882e-04 3.3379204491e+01
-3.2240181865e-05 1.1372909133e-04 3.3820675059e+01
-3.1071855018e-05 1.1588068867e-04 3.3547443150e+01
-2.9591583640e-05 1.1384364487e-04 3.4001651618e+01
-2.8443877051e-05 1.1600225274e-04 3.3735733488e+01
-2.6948126470e-05 1.1396951905e-04 3.4199705267e+01
-2.5821385546e-05 1.1613540716e-04 3.3945267555e+01
-2.4310084475e-05 1.1410719349e-04 3.4415228588e+01
-2.3204697852e-05 1.1628061214e-04 3.4177087348e+01
-2.1677742001e-05 1.1425719557e-04 3.4648471028e+01
-2.0594118873e-05 1.1643835797e-04 3.4431951732e+01
-1.9051375414e-05 1.1442002091e-04 3.4899521577e+01
-1.7989879044e-05 1.1660914447e-04 3.4710444795e+01
-1.6431254165e-05 1.1459625982e-04 3.5168203684e+01
-1.3817619067e-05 1.1478626703e-04 3.5454047963e+01
-1.1210815063e-05 1.1499120920e-04 3.5756118378e+01
-1.0218136173e-05 1.1720547277e-04 3.5692114323e+01
-8.6110468875e-06 1.1521133843e-04 3.6073037116e+01
-7.6421645318e-06 1.1743435916e-04 3.6066890609e+01
-6.0185624851e-06 1.1544724684e-04 3.6402471496e+01
-5.0739720208e-06 1.1767943137e-04 3.6462875227e+01
-3.4337236705e-06 1.1570032070e-04 3.6740918941e+01
-2.5138143648e-06 1.1794157866e-04 3.6876536985e+01
-8.5672863066e-07 1.1597094508e-04 3.7083746854e+01
3.8042224042e-08 1.1822160896e-04 3.7302021506e+01
1.7121211966e-06 1.1626013470e-04 3.7424717322e+01
2.5812648725e-06 1.1852048364e-04 3.7732257525e+01
4.2724906026e-06 1.1656895047e-04 3.7755689392e+01
5.1155213342e-06 1.1883925944e-04 3.8157646804e+01
7.6404810402e-06 1.1917903523e-04 3.8563321830e+01
9.3662665100e-06 1.1724972240e-04 3.8349935075e+01
1.0181124333e-05 1.1942742255e-04 3.8917648037e+01
1.1903062030e-05 1.1760534853e-04 3.8591629451e+01
1.2692281338e-05 1.1979099075e-04 3.9233863281e+01
1.4426683046e-05 1.1799743171e-04 3.8796806719e+01
1.5160522602e-05 1.2031026137e-04 3.9563909915e+01
1.6933201633e-05 1.1843739520e-04 3.8985558733e+01
1.7636711759e-05 1.2076709681e-04 3.9859857425e+01
1.9429853542e-05 1.1889281778e-04 3.9184472408e+01
2.0103446160e-05 1.2123349023e-04 4.0205312231e+01
2.1914634368e-05 1.1936969342e-04 3.9436234072e+01
2.2556829780e-05 1.2172219583e-04 4.0664852354e+01
2.4386290831e-05 1.1987141339e-04 3.9771468932e+01
2.4995865814e-05 1.2223566516e-04 4.1256648621e+01
2.6844322692e-05 1.2039950578e-04 4.0189696509e+01
2.7420229772e-05 1.2277494000e-04 4.1950054218e+01
2.9288685451e-05 1.2095464833e-04 4.0665661249e+01
-1.6062023493e-06 1.2020198184e-04 3.7136685667e+01
-4.0396205442e-05 1.1764247758e-04 3.2711459838e+01
2.9829791155e-05 1.2334113782e-04 4.2701462921e+01
3.1718752847e-05 1.2153942399e-04 4.1171334465e+01
-2.2109853983e-05 1.1847087070e-04 3.3930850453e+01
-2.7306582278e-05 1.1817707873e-04 3.3459505215e+01
-1.6939066211e-05 1.1881568840e-04 3.4526061808e+01
3.2223913576e-05 1.2393628142e-04 4.3489371254e+01
3.4134203688e-05 1.2215499395e-04 4.1686023457e+01
-3.2526848738e-05 1.1793058477e-04 3.3094400307e+01
-1.1796580278e-05 1.1921578728e-04 3.5257157869e+01
-6.6848820457e-06 1.1967599749e-04 3.6131651008e+01
-4.5665065481e-05 1.1750075723e-04 3.2544064669e+01
3.4601607809e-05 1.2456245832e-04 4.4314898956e+01
3.6534079054e-05 1.2280380188e-04 4.2200978071e+01
3.4370919882e-06 1.2080050413e-04 3.8233901237e+01
-5.0949127406e-05 1.1739666465e-04 3.2432450093e+01
3.6961528378e-05 1.2522199178e-04 4.5181204058e+01
3.9302165021e-05 1.2591717633e-04 4.6094639170e+01
4.1282527048e-05 1.2421047057e-04 4.3218369697e+01
5.8644254665e-05 1.0322230095e-04 2.2210361028e+01
5.6503796970e-05 1.0473529688e-04 2.2302373756e+01
5.5973498480e-05 1.0228323200e-04 2.2275765257e+01
5.3875556342e-05 1.0380628802e-04 2.2056156478e+01
-1.5756881478e-04 3.2541079906e-05 4.5644411637e+01
-1.5995473422e-04 3.0911910147e-05 4.5881269339e+01
-1.6105271342e-04 3.2582465016e-05 4.5487547609e+01
-1.6346074530e-04 3.0951093606e-05 4.5716038572e+01
1.8523955908e-04 8.8985868518e-05 1.7020015823e+01
1.8926900286e-04 9.0219616889e-05 1.6876964859e+01
3.0835991592e-04 4.1016487740e-05 1.5238997458e+01
1.4674317408e-04 1.0032628412e-04 1.7009541978e+01
3.8281743054e-05 8.4489227024e-05 2.2549612150e+01
4.0294791071e-05 8.2799227480e-05 2.2679197141e+01
3.7495479294e-05 8.2243356649e-05 2.2492286783e+01
3.9515176420e-05 8.0542923337e-05 2.2687014466e+01
3.6697970867e-05 8.0013432300e-05 2.2585930726e+01
4.2341558360e-05 8.1100280096e-05 2.2639965116e+01
-8.4392084697e-05 9.7020767535e-05 3.4618380993e+01
-8.5961086223e-05 9.5055121719e-05 3.4898998210e+01
-8.3121326752e-05 9.5006691232e-05 3.4951532163e+01
-8.4690524530e-05 9.3049859498e-05 3.5240047068e+01
-8.1827800740e-05 9.3005402094e-05 3.5298794509e+01
-8.7546938782e-05 9.3101117372e-05 3.5185316731e+01
-1.1139596024e-04 9.5768492443e-05 3.4608790543e+01
-1.1312105790e-04 9.3828720465e-05 3.4864503979e+01
-1.1029500061e-04 9.3722959852e-05 3.4886290923e+01
9.6365432894e-05 9.6992646942e-05 2.2702741343e+01
-1.8987433307e-04 5.2869199986e-05 4.0357585022e+01
-2.2812406763e-04 3.4359585808e-05 3.9862888925e+01
-2.3096926092e-04 3.2670281854e-05 3.9591600725e+01
-2.2777343299e-04 3.2507831475e-05 4.0108152871e+01
-2.3063424504e-04 3.0828025859e-05 3.9828168077e+01
-2.3384985928e-04 3.0987965448e-05 3.9251227655e+01
-2.3352820260e-04 2.9157835683e-05 3.9479429656e+01
-2.3026522944e-04 2.9012148610e-05 4.0079765497e+01
1.0196652081e-04 1.2727482346e-04 2.0989752004e+01
1.2812650463e-04 1.3474246977e-04 1.7099103379e+01
1.3161822333e-04 1.3282562279e-04 1.7069366905e+01
1.2814150610e-04 1.3104677101e-04 1.7078982647e+01
7.8292442312e-05 1.1965770765e-04 2.1613082400e+01
-1.1594199947e-04 9.3940625452e-05 3.4845792721e+01
-1.6280345261e-04 4.1101142760e-05 4.3651206817e+01
-2.1576491318e-04 3.5590856686e-05 4.1250075775e+01
-2.1751470491e-04 3.0310492237e-05 4.1778377103e+01
5.3311552475e-05 1.0138678748e-04 2.2322326487e+01
5.1255336492e-05 1.0291904361e-04 2.2301374386e+01
5.0657067759e-05 1.0053112580e-04 2.2034445067e+01
4.8636112043e-05 1.0207205016e-04 2.3402420052e+01
2.7528727085e-04 1.7499899254e-05 1.8105431549e+01
-1.7630665400e-04 1.8145238201e-05 4.7520610749e+01
-1.2739155936e-04 7.2873638010e-05 3.8158589988e+01
-1.2933195573e-04 7.1041311977e-05 3.8472147881e+01
2.6664292107e-04 1.4259103336e-05 1.9549712085e+01
-1.8858681596e-04 3.3021243211e-05 4.3933584545e+01
2.0846297192e-04 7.1044637440e-05 1.6871270022e+01
-2.3038867301e-04 5.6420355486e-05 3.7967893190e+01
2.9237532836e-04 8.6108364685e-05 1.4180420102e+01
-2.8156306915e-04 1.3582094787e-05 1.8372441062e+01
-2.8500328139e-04 1.1933394848e-05 1.6799073864e+01
-2.8170874816e-04 1.1729084869e-05 1.8508195848e+01
-2.8517326780e-04 1.0085322957e-05 1.6745659569e+01
-2.8178490877e-04 9.9200195679e-06 1.8679320946e+01
-2.8855058246e-04 1.0269882466e-05 1.7167908633e+01
-2.8874136777e-04 8.4284784255e-06 1.7130936929e+01
-2.9221985718e-04 8.5886553165e-06 1.7031598930e+01
4.8009561229e-05 9.9713142071e-05 2.2452613130e+01
4.6006424727e-05 1.0127329704e-04 2.5063062420e+01
-6.5723990240e-05 1.1104748778e-04 3.2951764822e+01
-1.9101277351e-04 6.6601295211e-05 3.8255736621e+01
-1.5529913171e-04 7.0187889193e-05 3.8257300180e+01
2.8717854824e-04 1.7928135222e-05 1.7115025114e+01
-2.1118231147e-04 7.2954234666e-05 3.7225826043e+01
-2.2032209042e-04 2.8650486183e-05 4.1643353798e+01
2.7866658315e-04 1.4712153932e-05 1.8131361591e+01
-1.9871448992e-04 3.3254045674e-05 4.3166791889e+01
1.1469934765e-04 1.3108862468e-04 1.7079034523e+01
-3.4372839058e-04 1.4672299016e-05 1.6988828008e+01
3.6276147121e-04 1.5761180682e-05 1.1425286931e+01
3.5887205322e-04 1.5611487806e-05 1.2053300961e+01
-3.6091973022e-05 1.1149635881e-04 3.3926776781e+01
8.9574584321e-05 1.2323492937e-04 2.2235706764e+01
-9.5899754577e-06 1.1300615534e-04 3.6115472360e+01
-1.3039167851e-04 7.2975852793e-05 3.8097102243e+01
-1.3234757124e-04 7.1143063600e-05 3.8407406965e+01
3.4176172867e-06 1.1431765319e-04 3.7486197681e+01
3.0429296098e-04 4.0495341954e-05 1.5378979048e+01
3.0500747792e-04 4.4184145308e-05 1.5222355693e+01
3.0094496878e-04 4.3634829700e-05 1.5359189364e+01
1.1120955045e-05 1.1534046866e-04 3.8110783719e+01
1.8737212235e-05 1.1657610590e-04 3.8458180285e+01
2.6250075607e-05 1.1804702305e-04 3.8925628580e+01
3.3644361528e-05 1.1977130756e-04 3.9700780262e+01
4.0908900336e-05 1.2179555891e-04 4.0322322038e+01
4.3299150111e-05 1.2254942897e-04 4.0429721707e+01
4.3627988917e-05 1.2497420769e-04 4.3712601387e+01
4.5671055756e-05 1.2334761644e-04 4.0462514466e+01
4.5952029402e-05 1.2578195067e-04 4.4188117110e+01
4.8022988537e-05 1.2419358772e-04 4.0399342492e+01
4.8252646319e-05 1.2663705769e-04 4.4630828003e+01
5.0353945451e-05 1.2509162459e-04 4.0209512647e+01
5.0530767324e-05 1.2754429717e-04 4.5025727133e+01
-1.0743561453e-04 7.4206668243e-05 3.8223435391e+01
-1.0441000583e-04 7.4139268645e-05 3.8290308171e+01
-2.1478972737e-04 4.4828295412e-05 4.0132893294e+01
-2.1287723192e-04 5.0507619632e-05 3.9568045143e+01
3.2673093581e-04 1.4173542955e-05 1.6035370199e+01
3.3085884823e-04 1.4421344079e-05 1.5806546450e+01
1.2927478884e-04 9.7229352479e-05 1.7005156630e+01
-2.0248690806e-04 4.4136855079e-05 4.1109453808e+01
-2.0089527945e-04 4.9698807147e-05 4.0355187194e+01
-2.0678483685e-04 2.8292010220e-05 4.3276717361e+01
-2.1215587915e-04 1.6812570378e-05 4.4455851736e+01
-2.6136078232e-04 1.4388357569e-05 3.1692043525e+01
-2.6408301846e-04 9.4093455036e-06 3.0705502060e+01
-2.6737032721e-04 7.8331880001e-06 2.9023516865e+01
-2.6772400648e-04 9.4807450750e-06 2.8660441020e+01
-2.7105051465e-04 7.8908920728e-06 2.6782090530e+01
2.9392531331e-04 1.2168298754e-05 1.7127856427e+01
2.8993401061e-04 1.2075327191e-05 1.7224703981e+01
3.2333097649e-04 9.2262543740e-05 1.2889746181e+01
3.2666972140e-04 8.9078621845e-05 1.2874981279e+01
2.7003841508e-04 1.1546684322e-05 1.9839991840e+01
2.6599277251e-04 1.1391465507e-05 2.0204675130e+01
3.3383491620e-05 1.0019212103e-04 3.0793876676e+01
3.6053800498e-05 1.0079611028e-04 2.9919990667e+01
3.0703156470e-05 9.9624374381e-05 3.1604269582e+01
2.9968027617e-05 9.7381471635e-05 3.1098148267e+01
2.7256884410e-05 9.6863464386e-05 3.1912457516e+01
2.5312740212e-05 9.8591280577e-05 3.3039924954e+01
2.4535422458e-05 9.6377684147e-05 3.2660575042e+01
2.2602726488e-05 9.8122125710e-05 3.3665493789e+01
2.1803857155e-05 9.5922478982e-05 3.3342263254e+01
1.9883092637e-05 9.7682415072e-05 3.4230490658e+01
1.9062446995e-05 9.5496231197e-05 3.3958331249e+01
1.7154087704e-05 9.7270644894e-05 3.4735834614e+01
1.6311463404e-05 9.5097482524e-05 3.4510100151e+01
1.4415982534e-05 9.6885408633e-05 3.5182888512e+01
1.3551224986e-05 9.4724783113e-05 3.4999451460e+01
1.1669075984e-05 9.6525361624e-05 3.5573441777e+01
8.9136858905e-06 9.6189233070e-05 3.5909788842e+01
8.0043121493e-06 9.4052299463e-05 3.5800947471e+01
6.1501473395e-06 9.5875799731e-05 3.6194697469e+01
5.2183504576e-06 9.3750023092e-05 3.6119200431e+01
3.3788023171e-06 9.5583902771e-05 3.6431372899e+01
2.4245464964e-06 9.3468804741e-05 3.6387109858e+01
5.9999854754e-07 9.5312425726e-05 3.6623324561e+01
-3.7673693875e-07 9.3207576024e-05 3.6608462355e+01
-2.1859185463e-06 9.5060313839e-05 3.6774288333e+01
-3.1851241067e-06 9.2965255416e-05 3.6787163631e+01
-4.9786050538e-06 9.4826554038e-05 3.6888070586e+01
-6.0002578995e-06 9.2740881308e-05 3.6927137984e+01
-7.7777237900e-06 9.4610194358e-05 3.6968479975e+01
-8.8217738773e-06 9.2533478342e-05 3.7032253077e+01
-1.1649327055e-05 9.2342188156e-05 3.7106242788e+01
-1.4482567743e-05 9.2166137843e-05 3.7152670862e+01
-1.6210378869e-05 9.4056689317e-05 3.7045585318e+01
-1.9031962959e-05 9.3901360601e-05 3.7027665281e+01
-2.0164781757e-05 9.1856702862e-05 3.7176002280e+01
-2.1858361488e-05 9.3759391188e-05 3.6992895829e+01
-2.3013097680e-05 9.1721875965e-05 3.7158906313e+01
-2.4689294995e-05 9.3630117541e-05 3.6943897360e+01
-2.5865793039e-05 9.1599402138e-05 3.7126242944e+01
-2.7524452016e-05 9.3512912107e-05 3.6883042545e+01
-2.8722556963e-05 9.1488699194e-05 3.7080415683e+01
-3.0363532854e-05 9.3407196412e-05 3.6812482612e+01
-3.1583076304e-05 9.1389168385e-05 3.7023614088e+01
-3.3206240938e-05 9.3312423244e-05 3.6734145251e+01
-3.4447048391e-05 9.1300306638e-05 3.6957803868e+01
-3.6052283175e-05 9.3228090733e-05 3.6649758352e+01
-3.7314167828e-05 9.1221588143e-05 3.6884760300e+01
-3.8901367545e-05 9.3153724265e-05 3.6560856704e+01
-4.0184137700e-05 9.1152582349e-05 3.6806060575e+01
-4.1753204314e-05 9.3088891529e-05 3.6468801697e+01
-4.3056658456e-05 9.1092832757e-05 3.6723118438e+01
-4.4607504234e-05 9.3033184169e-05 3.6374790141e+01
-4.5931436747e-05 9.1041973577e-05 3.6637175783e+01
-4.7463979640e-05 9.2986232756e-05 3.6279871696e+01
-4.8808177203e-05 9.0999611191e-05 3.6549337988e+01
-5.0322342986e-05 9.2947689045e-05 3.6184959281e+01
-5.1686588821e-05 9.0965438582e-05 3.6460563166e+01
-5.3182307577e-05 9.2917240732e-05 3.6090841650e+01
-5.4566379049e-05 9.0939119253e-05 3.6371696986e+01
-5.6043586535e-05 9.2894594109e-05 3.5998196437e+01
-5.7447257808e-05 9.0920399644e-05 3.6283461060e+01
-5.8905893326e-05 9.2879488778e-05 3.5907597106e+01
-6.0328934119e-05 9.0908995301e-05 3.6196485368e+01
-6.1768940941e-05 9.2871680845e-05 3.5819528556e+01
-6.3211117904e-05 9.0904701571e-05 3.6111296533e+01
-6.4632442103e-05 9.2870957442e-05 3.5734388915e+01
-6.6093518684e-05 9.0907281604e-05 3.6028347547e+01
-6.7496108876e-05 9.2877120286e-05 3.5652506669e+01
-6.8975845270e-05 9.0916575432e-05 3.5948006385e+01
-7.0359638897e-05 9.2890004171e-05 3.5574138965e+01
-7.1857804485e-05 9.0932390914e-05 3.5870581806e+01
-7.3222774965e-05 9.2909445302e-05 3.5499490736e+01
-7.4739130585e-05 9.0954263322e-05 3.5796371994e+01
4.6622325782e-05 1.0361858938e-04 2.5842344106e+01
4.3998351931e-05 1.0284736061e-04 2.6905316104e+01
1.0381356362e-04 1.4641145701e-04 1.7176337826e+01
1.0079084243e-04 1.4449456141e-04 1.7548047544e+01
4.1567673625e-05 7.8834680849e-05 2.2653969701e+01
4.4424957608e-05 7.9392116941e-05 2.2650424026e+01
6.4828697011e-05 1.1036783246e-04 2.1904665974e+01
1.8836649029e-04 6.6017553832e-05 1.7026193993e+01
-2.2449216305e-04 1.2157356274e-05 4.3197491708e+01
-2.3567593447e-04 1.2256329136e-05 4.0848384681e+01
1.9046143357e-04 5.7105031721e-05 1.7004128050e+01
1.3456676366e-04 8.6461287323e-05 1.7693745368e+01
-2.7130235650e-04 9.5685295969e-06 2.6448820149e+01
-2.7466453644e-04 7.9660850871e-06 2.4367814326e+01
-1.2876804304e-04 5.4478645679e-05 4.1843009870e+01
-1.2554149155e-04 5.4417061719e-05 4.1931794443e+01
-1.6236452187e-04 2.9290925915e-05 4.6106507296e+01
-1.6589295493e-04 2.9327897797e-05 4.5932216228e+01
-1.7895099916e-04 2.7831002331e-05 4.5523258600e+01
-1.8947256315e-04 2.7974262017e-05 4.4803654925e+01
-1.9295817640e-04 2.8028837280e-05 4.4534905063e+01
-1.8924089458e-04 5.0954524607e-05 4.0700814538e+01
-2.1295043347e-04 2.6728779747e-05 4.2850658338e+01
-2.3319590902e-04 2.7350741160e-05 3.9720041460e+01
-2.5247712671e-04 2.6537207504e-05 3.4845748693e+01
-2.4930498004e-04 2.6330114629e-05 3.5870868071e+01
-2.4097467528e-04 5.5907422538e-05 3.7278102906e+01
-2.3834123310e-04 5.5463604858e-05 3.7478261718e+01
-5.6246176566e-05 1.1732819166e-04 3.2365998981e+01
3.5597797192e-04 5.5120274599e-05 1.2633987430e+01
3.5923984818e-04 5.1629368588e-05 1.2528639246e+01
-2.9600804790e-04 6.8910392155e-06 1.7049017178e+01
-2.4591566708e-04 7.5544705680e-05 3.7338509188e+01
-2.6532233641e-04 4.5036044299e-05 3.2454396035e+01
-2.6817012898e-04 4.3394423505e-05 3.1160180882e+01
-3.1600283550e-04 1.8303715640e-05 1.7049089989e+01
-3.1173238858e-04 2.0179995621e-05 1.7059738019e+01
2.0759332473e-05 1.2359766945e-04 4.1690549139e+01
-2.4786422508e-04 6.0670517472e-06 3.7932256833e+01
-2.5925435154e-04 6.1461326295e-06 3.3377262243e+01
-2.7059711500e-04 6.2512758690e-06 2.7234218401e+01
-3.1469505509e-04 2.0948548452e-05 1.7059918294e+01
-3.3933701829e-04 3.5012160790e-05 1.5268227353e+01
-3.3377777362e-04 3.7138743274e-05 1.6907860162e+01
1.3103639916e-05 1.2230899126e-04 4.0283227573e+01
2.7825187061e-04 1.2417185131e-04 1.3201180138e+01
2.8169079175e-04 1.2122107545e-04 1.3216617111e+01
-1.8070891080e-04 9.6807852682e-05 3.5129371538e+01
-1.8271175240e-04 9.4909671452e-05 3.5283394578e+01
-2.4360634866e-04 7.7277886932e-05 3.7270283396e+01
-3.4490359686e-04 3.2676471572e-05 1.3851931536e+01
-9.1240113978e-05 1.1349583861e-04 3.2761011050e+01
-6.4210765700e-05 1.1728872864e-04 3.2333700671e+01
2.0401062366e-04 1.4943743163e-04 1.4036476394e+01
-7.8989311660e-05 1.1531348394e-04 3.2532828493e+01
1.7306640307e-04 1.5437085135e-04 1.4446550165e+01
2.9922813143e-04 1.1017578038e-04 1.3087219197e+01
-1.9719037360e-04 9.2587335392e-05 3.5629956697e+01
1.8082150478e-04 1.5330534788e-04 1.4341842621e+01
1.8457992086e-04 1.5085301007e-04 1.4389809519e+01
3.6863661611e-04 3.6631382510e-05 1.2084338325e+01
-1.9255484236e-04 9.4078339345e-05 3.5473707424e+01
3.1327070609e-04 1.0168635407e-04 1.2914066468e+01
3.0990310956e-04 1.0478681022e-04 1.2916301847e+01
-1.8332043087e-04 9.7142022452e-05 3.5148291987e+01
2.4550282372e-04 1.3856620148e-04 1.3527706870e+01
5.9416219098e-05 1.2930919169e-04 3.7028952728e+01
-1.0897706037e-04 1.1205390430e-04 3.3082065450e+01
-1.5711480292e-04 1.0276477574e-04 3.4384336562e+01
-1.5445054368e-04 1.0252019682e-04 3.4355489899e+01
7.9403788282e-05 1.3962006931e-04 2.1279818031e+01
7.6995799370e-05 1.3733416740e-04 1.9742119171e+01
-3.0879080387e-04 4.9261111555e-05 1.7034888163e+01
-3.1190547866e-04 4.8440464616e-05 1.7511888461e+01
-3.1349552342e-04 4.5842982632e-05 1.7222576934e+01
-3.1525415083e-04 4.7643983707e-05 1.7189309546e+01
-3.1715224479e-04 4.4871056301e-05 1.7223447826e+01
-2.5994789190e-04 7.0280586126e-05 3.7346679712e+01
-2.6235954035e-04 6.8639967714e-05 3.7219900704e+01
-2.5756796857e-04 7.1939749751e-05 3.7433775355e+01
3.1850122408e-04 1.3559076312e-05 1.6402822138e+01
3.1436963168e-04 1.3208184102e-05 1.6631257282e+01
-1.2847987244e-04 1.0893204496e-04 3.3557416573e+01
-1.2579341098e-04 1.0876571987e-04 3.3520706889e+01
-6.9529995395e-05 1.1730262043e-04 3.2347624755e+01
3.4302422674e-04 1.5037718361e-05 1.4634610180e+01
3.4702870851e-04 1.5180215421e-05 1.4040691461e+01
2.7806174631e-04 1.1789741298e-05 1.8696998365e+01
-9.6616526897e-05 1.1365856826e-04 3.2820641990e+01
-8.4345096326e-05 1.1541142684e-04 3.2578352733e+01
-1.1166361454e-04 1.1217766459e-04 3.3120059805e+01
-2.6248196034e-04 4.6684119261e-05 3.3531267937e+01
1.8479693497e-04 1.5459591647e-04 1.4184737160e+01
-2.3025805582e-04 5.4285958451e-05 3.8094764569e+01
-2.4942230583e-04 2.8199569112e-05 3.5772134764e+01
-2.4624848598e-04 2.7999077166e-05 3.6683774338e+01
1.8855769961e-04 1.5211030753e-04 1.4240301241e+01
-1.3827829183e-04 1.0750875743e-04 3.3799171714e+01
-1.4006926144e-04 1.0554472176e-04 3.3937214405e+01
-1.5528615654e-04 2.9223232721e-05 4.6431414453e+01
-1.5173696704e-04 2.9192241643e-05 4.6582870710e+01
2.5586176414e-05 1.2462405990e-04 4.3331717012e+01
-5.5175342364e-05 5.5653933368e-05 4.2448046744e+01
-5.8448471959e-05 5.5639412775e-05 4.2498090738e+01
1.0513300484e-04 1.2567895613e-04 1.9257942716e+01
1.0192119393e-04 1.2387206273e-04 2.2469093382e+01
8.0943106909e-05 1.1830756862e-04 2.1849127585e+01
7.8171235573e-05 1.1681132628e-04 2.1795702805e+01
2.8026704305e-04 1.0967595079e-04 1.3709697828e+01
5.7005171494e-05 1.0718970859e-04 2.1911606280e+01
5.1828302359e-05 1.0530739802e-04 2.3227647110e+01
5.7201119515e-05 1.2814912569e-04 3.8372071707e+01
-2.5715977071e-04 1.0926250823e-05 3.3924229916e+01
1.3405207065e-04 8.3225800636e-05 1.8518311376e+01
1.3040688362e-04 8.2140251520e-05 1.9688961892e+01
1.3764962071e-04 8.4323027219e-05 1.7380631408e+01
-2.4123983923e-04 7.6619420405e-05 3.7178346842e+01
-2.4132247603e-04 7.9020996407e-05 3.7131992907e+01
2.6632497489e-04 9.1874850145e-05 1.4586750915e+01
2.6290976250e-04 9.4798365908e-05 1.4569635434e+01
-3.1490645995e-04 3.8631525202e-05 1.7110924353e+01
2.2646023289e-04 1.4101647208e-04 1.3896492207e+01
-3.0533853244e-04 3.9752550877e-05 1.7176334015e+01
1.8438412054e-04 1.0655737926e-04 1.5958016047e+01
1.8096825939e-04 1.0904044754e-04 1.5997888606e+01
2.2413039676e-04 9.2877651656e-05 1.5242839340e+01
2.2350317959e-04 8.9119944741e-05 1.5369160292e+01
-8.3400723843e-05 9.1057469992e-05 3.5593822596e+01
2.6345575198e-04 9.8588347327e-05 1.4456088082e+01
-1.3338359182e-04 7.3083728451e-05 3.8036653802e+01
-1.3535527550e-04 7.1250279875e-05 3.8343496784e+01
-1.7624593469e-06 1.1373883026e-04 3.6953650281e+01
-2.5755023998e-04 4.3428347675e-05 3.4197646482e+01
2.3271493479e-04 9.8680173150e-05 1.4953049466e+01
2.3670160273e-04 9.9671355659e-05 1.4870156802e+01
3.6539332320e-04 4.0284610338e-05 1.2314731908e+01
2.2473180478e-04 9.6643247038e-05 1.5129940239e+01
-2.2770902987e-05 1.1209257221e-04 3.4861331836e+01
-2.8084384626e-05 1.1181963814e-04 3.4446235959e+01
-1.1202234680e-04 9.1791523815e-05 3.5153422899e+01
-1.0917772447e-04 9.1691001743e-05 3.5182196788e+01
-1.8996306065e-04 9.3709995294e-05 3.5461469558e+01
-4.1452127485e-05 1.1133337425e-04 3.3647605560e+01
3.2840917703e-04 4.3432066367e-05 1.4463689954e+01
3.3234669653e-04 4.3891385340e-05 1.4276101075e+01
2.9017171919e-04 4.9225500407e-05 1.5444979317e+01
2.8608952026e-04 4.8590917854e-05 1.5571556861e+01
2.8274011848e-04 5.1613732803e-05 1.5536248138e+01
2.8199446670e-04 4.7940660637e-05 1.5696748336e+01
2.7865019982e-04 5.0938050091e-05 1.5655564898e+01
2.7788768098e-04 4.7273258085e-05 1.5821276042e+01
-4.6827088909e-05 1.1120911170e-04 3.3418617119e+01
-5.2214645742e-05 1.1112112812e-04 3.3235790461e+01
-2.4349978309e-04 6.7776998117e-05 3.7221805956e+01
2.5206641923e-04 9.9690090832e-05 1.4630389591e+01
2.7654082843e-04 8.3002849377e-05 1.4642460456e+01
2.5713604826e-04 8.2634454596e-05 1.4990873008e+01
2.6114860713e-04 8.3490398799e-05 1.4903820809e+01
-5.7612530944e-05 1.1106741423e-04 3.3094742944e+01
-2.4609022558e-04 2.6144004631e-05 3.6821426353e+01
2.9831224737e-04 1.0230781262e-04 1.3432824634e+01
-2.2651821486e-04 4.3754703594e-05 3.9176892996e+01
-2.2380568025e-04 4.5495350482e-05 3.9285955650e+01
-2.7740667277e-04 5.9163073038e-05 3.4942742551e+01
-2.6852441198e-04 4.1173652827e-05 3.0428916145e+01
9.8185300949e-05 1.1237557309e-04 2.2673454308e+01
7.4297965763e-05 1.0442311280e-04 2.2227425245e+01
7.4664182084e-05 1.0714685658e-04 2.2146874473e+01
4.2010318319e-05 9.5893999995e-05 2.4582610285e+01
-2.5570219119e-04 6.3911251068e-05 3.6752631483e+01
-1.7212050166e-04 6.9190572073e-05 3.8189179205e+01
5.7136826344e-05 1.2569016772e-04 3.3893901443e+01
-2.4376632919e-04 4.3487655219e-05 3.6930120815e+01
7.7551461152e-05 1.3430074200e-04 2.0090145323e+01
7.4711505816e-05 1.3523390206e-04 2.0291912511e+01
-1.2433940009e-04 5.2622746517e-05 4.2347681363e+01
-1.2230829998e-04 5.4358999570e-05 4.2018782536e+01
8.5995587462e-05 1.0954607546e-04 2.2347243159e+01
8.3294929246e-05 1.1107045018e-04 2.2227978288e+01
-1.0685154983e-04 1.0781485466e-04 3.3318093734e+01
-1.2482486622e-04 1.0662633279e-04 3.3632480870e+01
-1.2310157441e-04 1.0860731066e-04 3.3485555636e+01
2.0754928226e-04 4.8174545200e-05 1.7107189387e+01
2.0361634686e-04 4.7580768399e-05 1.7125140434e+01
2.1149092473e-04 4.8764706331e-05 1.7044438315e+01
-2.0938542032e-04 6.2231905015e-05 3.8354818622e+01
-1.1648155520e-04 7.4438020081e-05 3.8029358781e+01
2.7976999141e-04 1.0584066390e-04 1.3858924824e+01
-2.5232348515e-04 3.8367523641e-05 3.5064528218e+01
-1.2248278736e-04 7.4617294645e-05 3.7906163006e+01
-1.8602704640e-04 3.4681567596e-05 4.3786153849e+01
-1.9366488879e-04 7.7114595258e-05 3.6936782930e+01
-1.9637420184e-04 7.7424939658e-05 3.6891499036e+01
3.2953723961e-04 5.1083394010e-05 1.4148469246e+01
-1.4376326439e-04 4.2489281252e-05 4.4023322706e+01
-1.6070201739e-04 7.6363356054e-05 3.7220993364e+01
1.6178771194e-04 8.1909252603e-05 1.7021266488e+01
-1.5026327180e-04 7.1874547699e-05 3.8035372567e+01
-1.4730181820e-04 7.1736929175e-05 3.8095649834e+01
1.4846490615e-04 8.7651206492e-05 1.7015997013e+01
-2.4037628849e-04 3.3251664782e-05 3.7824395594e+01
3.1431075338e-04 3.0936755116e-05 1.5459588999e+01
-1.7596088091e-04 5.5945952773e-05 4.0311373370e+01
-1.6833417742e-04 5.9358676691e-05 3.9910072147e+01
2.3697748042e-04 7.8114144528e-05 1.5456720532e+01
1.8043321569e-04 1.4578389171e-04 1.4709140097e+01
-2.9482845249e-04 1.2683581073e-05 1.7067529235e+01
-2.9865889956e-04 1.0944847985e-05 1.7062973580e+01
-3.0200327208e-04 1.1218267989e-05 1.7038525673e+01
-3.0262354491e-04 9.1792371916e-06 1.7067906045e+01
-3.0606848665e-04 9.4173815745e-06 1.7037581976e+01
-1.9231230087e-04 5.1110518155e-05 4.0543424486e+01
-1.9169142986e-04 4.9207755099e-05 4.0884604856e+01
2.0286702860e-04 6.2812917533e-05 1.7014098175e+01
3.0165197226e-04 4.7328476830e-05 1.5205981174e+01
-1.5424377261e-04 8.7991413897e-05 3.5676674679e+01
-1.6695853360e-04 3.0992768399e-05 4.5543022679e+01
-3.1051577437e-04 2.2772139292e-05 1.7075119132e+01
-2.1382455740e-04 7.3336419544e-05 3.7166921368e+01
-2.2083013632e-04 3.0424062929e-05 4.1339372836e+01
-1.8815375589e-04 6.6369772226e-05 3.8342604422e+01
1.9887801390e-04 6.1914865009e-05 1.7022320608e+01
-2.7538296270e-04 4.5443593676e-05 2.9269662629e+01
2.7454904545e-04 5.0245229401e-05 1.5773664173e+01
2.7377018986e-04 4.6587832069e-05 1.5944365128e+01
2.7530284155e-04 5.3917114695e-05 1.5612433386e+01
3.0117455662e-04 2.5917391277e-05 1.6134750689e+01
-1.9798485589e-04 3.1512461167e-05 4.3525222030e+01
-3.4555743540e-04 1.1559398229e-05 1.7039775198e+01
-3.4923513507e-04 1.2101472704e-05 1.7029777948e+01
-3.4189838214e-04 1.1023444216e-05 1.7022337888e+01
-1.3178578074e-04 9.2673616452e-05 3.5030053551e+01
-1.2898150527e-04 9.2527294468e-05 3.5040234570e+01
1.3157466299e-04 1.2910391816e-04 1.7056713169e+01
1.3511975938e-04 1.3085511663e-04 1.7044640657e+01
-2.9365697588e-04 2.6301092356e-05 1.7087148426e+01
1.1800957726e-04 1.2931284421e-04 1.7074617094e+01
9.2531781064e-05 1.2180896735e-04 2.2430591552e+01
1.4351009252e-04 1.0251421954e-04 1.7009111952e+01
1.3986782793e-04 1.0114652562e-04 1.7008445526e+01
2.4808529138e-04 9.8766910419e-05 1.4717723793e+01
-2.1931416004e-04 5.5088701786e-05 3.8695942430e+01
-2.1678497129e-04 5.6863410149e-05 3.8648060361e+01
-2.5732969459e-04 4.5597632697e-05 3.4514334015e+01
-2.8288001848e-04 2.3932294392e-05 1.6983030048e+01
-2.8007793033e-04 2.3463002579e-05 1.9089019589e+01
2.9534781825e-04 3.5752595694e-05 1.5837650919e+01
1.2619247100e-04 9.9274137550e-05 1.7325308778e+01
9.9208257844e-05 9.5225567270e-05 2.2750633763e+01
9.5893892852e-05 9.4019556956e-05 2.2712800799e+01
1.0257085555e-04 9.6469209042e-05 2.2789385634e+01
3.0448396476e-04 2.2780258939e-05 1.6173283340e+01
-1.7887155799e-04 1.6592668042e-05 4.7633053638e+01
-1.7514234751e-04 1.6576160987e-05 4.7881876242e+01
-1.8485732799e-04 4.7054903477e-05 4.1568780284e+01
-1.8168276823e-04 4.6939188296e-05 4.1729690216e+01
-2.1498284996e-04 1.5245623728e-05 4.4302165979e+01
-1.7129977011e-04 5.2041159683e-05 4.1172929021e+01
-1.7443326374e-04 5.2160622770e-05 4.1045877261e+01
3.5561801074e-04 1.9306513647e-05 1.2793078026e+01
-2.4982446998e-04 1.0814943938e-05 3.6835291805e+01
6.7461029729e-05 1.1153455286e-04 2.1863341536e+01
9.8420357632e-05 1.1556271648e-04 2.2689159326e+01
1.8445961680e-04 6.5124526117e-05 1.7027391009e+01
1.6107785196e-04 1.3866632435e-04 1.5618859619e+01
1.6474695570e-04 1.3636566764e-04 1.5542408950e+01
1.2809529368e-04 1.2735182496e-04 1.7061553974e+01
1.9374570843e-04 5.4723910230e-05 1.7018525224e+01
1.3501794296e-04 8.9729289874e-05 1.7012270077e+01
-1.7542485514e-04 2.7789336447e-05 4.5737930170e+01
-3.0671064521e-04 7.3934179167e-06 1.7069430139e+01
-3.1025988428e-04 7.5926487579e-06 1.7039878524e+01
-2.9237276360e-04 3.8989791534e-05 1.7160621662e+01
-2.8940015617e-04 4.0376605453e-05 1.7099589180e+01
-2.8710076181e-04 3.9449363537e-05 1.8180896401e+01
-2.6499003103e-04 4.7290161350e-05 3.3061927861e+01
-1.5976967582e-04 1.0301962956e-04 3.4414406437e+01
-1.6271563453e-04 5.3569143307e-05 4.1146306632e+01
-1.6046446486e-04 5.5325031045e-05 4.0868763777e+01
-1.6499215756e-04 5.1823690605e-05 4.1417172447e+01
-1.6134777486e-04 5.7201937348e-05 4.0484981612e+01
2.2686281855e-04 1.4479002877e-04 1.3723222730e+01
-2.9098542048e-04 2.5630863071e-05 1.7071854949e+01
-2.4913376430e-04 4.8540444823e-05 3.6224190567e+01
-2.4640396607e-04 5.0262566383e-05 3.6662944634e+01
2.5298872692e-04 1.3673358979e-04 1.3405587044e+01
2.5649163097e-04 1.3389420796e-04 1.3431340758e+01
-3.2046857348e-04 1.6344579743e-05 1.7032103840e+01
-3.2176579366e-04 1.3727578608e-05 1.7024666806e+01
-3.1897823880e-04 4.6811402625e-05 1.7196311317e+01
-3.2122040725e-04 4.3758579950e-05 1.7062346710e+01
1.0031058315e-04 1.4785733423e-04 1.8262219618e+01
9.7314628608e-05 1.4592751578e-04 1.8726166592e+01
-3.2326244326e-04 4.5801687607e-05 1.7190261509e+01
-3.3652816718e-04 3.8880214291e-05 1.5308800445e+01
-2.7649446308e-04 6.4183275536e-05 3.6780618084e+01
1.0335748204e-04 1.4975734424e-04 1.7667610137e+01
2.2326760641e-04 1.4749204872e-04 1.3684752234e+01
-1.4094977987e-04 1.0771064710e-04 3.3836383304e+01
2.7480401149e-04 1.2710516259e-04 1.3183671217e+01
3.2711929557e-04 9.3069003176e-05 1.2692889334e+01
3.3053682663e-04 8.9982106523e-05 1.2666931546e+01
2.0031726684e-04 1.5202026824e-04 1.3989539972e+01
-1.7872623955e-04 9.8711946491e-05 3.4981568145e+01
-1.9051969163e-04 9.5962258659e-05 3.5330336143e+01
4.3918305387e-05 1.2742487851e-04 4.8074794379e+01
-2.9121242003e-04 5.8242316190e-05 3.4182665059e+01
-2.9387921440e-04 5.7042250569e-05 3.3062482353e+01
5.7180141106e-05 1.3062057457e-04 4.5585979478e+01
-1.5523377900e-04 1.0475406065e-04 3.4240581145e+01
-1.5257554788e-04 1.0451916068e-04 3.4206617195e+01
5.9317899688e-05 1.3178368708e-04 4.5373883819e+01
-3.1046519631e-04 5.0896448782e-05 1.6225326348e+01
-3.0755362726e-04 5.1649557311e-05 1.9194587017e+01
-1.1000897947e-04 1.1426610405e-04 3.3013010381e+01
-1.0733249459e-04 1.1415810656e-04 3.2968884201e+01
7.4066766880e-05 1.3811475288e-04 1.6911558674e+01
7.2016290299e-05 1.3605217336e-04 1.0707715919e+01
7.2504093534e-05 1.3331453317e-04 1.6580970167e+01
7.0087466445e-05 1.3417450061e-04 2.1085202090e+01
3.3008102298e-04 1.0743666493e-05 1.6147712525e+01
-2.4594630902e-04 7.7968172142e-05 3.7378741443e+01
-2.4824540850e-04 7.6248213352e-05 3.7422834938e+01
3.2378527677e-04 9.6239456929e-05 1.2707131862e+01
-1.3383547214e-04 1.0928908489e-04 3.3635106793e+01
3.6895325067e-04 4.0922275266e-05 1.2065384616e+01
-1.2407516171e-04 1.1075274038e-04 3.3395699672e+01
-1.2139413764e-04 1.1059637006e-04 3.3355953505e+01
3.5045607602e-05 1.2699630418e-04 4.7683200735e+01
3.3416233863e-04 1.0955818848e-05 1.5900204233e+01
3.5960350787e-04 5.5824829340e-05 1.2390145363e+01
3.5635414064e-04 5.9283634819e-05 1.2483281090e+01
3.6283956668e-04 5.2332368738e-05 1.2279794491e+01
3.7216408864e-04 3.7270004993e-05 1.1846110032e+01
-2.3010649813e-04 5.2179247426e-05 3.8228432653e+01
-2.2731237761e-04 5.1859602415e-05 3.8461074498e+01
-2.9254526990e-04 4.9796828637e-06 1.7028786385e+01
-1.9209386400e-04 2.6351707770e-05 4.4903404798e+01
-1.6479698953e-04 2.7680498324e-05 4.6318841330e+01
-1.5410322498e-04 2.7585484163e-05 4.6820680687e+01
-1.2672251480e-04 5.6226121858e-05 4.1517195291e+01
3.6208997288e-04 1.1872362065e-05 1.1044454766e+01
3.5814926191e-04 1.1808494237e-05 1.1831963767e+01
3.6599337435e-04 1.1983779913e-05 1.0310769741e+01
1.1149874133e-04 1.2230262091e-04 1.7277127321e+01
1.0507172319e-04 1.2226579643e-04 2.1182600423e+01
1.3713814133e-04 8.1095217193e-05 1.8175258992e+01
3.4630037558e-04 1.1371433414e-05 1.4245678446e+01
8.6443052099e-05 1.1547820215e-04 2.2227629113e+01
4.4603270606e-05 1.0518177159e-04 2.7833827021e+01
3.1765780317e-04 9.9361855124e-06 1.6809367904e+01
3.1356633481e-04 9.6089172087e-06 1.7076618865e+01
3.1022467726e-04 1.2843015537e-05 1.6878935927e+01
3.0947710498e-04 9.4254278442e-06 1.6990793191e+01
3.1415159890e-05 1.0187998253e-04 3.2158857626e+01
2.3380749257e-05 1.0033575005e-04 3.4029674388e+01
-7.6085205968e-05 9.2935266572e-05 3.5428714476e+01
-8.0514593316e-05 9.1016953612e-05 3.5657766874e+01
2.9330032901e-04 9.1758247345e-06 1.7342058090e+01
2.8928256019e-04 9.1754597897e-06 1.7266390869e+01
2.9729988638e-04 9.2486491917e-06 1.7308623443e+01
4.3656656553e-05 7.7118062188e-05 2.2664970682e+01
-7.4568097577e-05 9.4899505690e-05 3.5136307483e+01
5.5001686722e-05 1.2953140878e-04 4.5538853026e+01
2.6945482096e-04 8.6268364607e-06 2.0580308789e+01
2.6549062251e-04 8.4370792589e-06 2.0938257256e+01
-2.1866474687e-04 1.5277072956e-05 4.3755977880e+01
2.7634155274e-04 1.0881113698e-04 1.3847538687e+01
5.0122960328e-05 1.2265973360e-04 3.6857104016e+01
4.2930832738e-05 1.2014628861e-04 3.8015497610e+01
2.3044093807e-04 1.4206705417e-04 1.3756994623e+01
2.3002766548e-04 1.3828801591e-04 1.3923364628e+01
1.8490933286e-04 1.1035821929e-04 1.5726515807e+01
-1.2845918593e-04 7.4817212098e-05 3.7788234156e+01
-3.6659917902e-04 1.1099077185e-05 1.3973178811e+01
2.2073532946e-04 9.5596057784e-05 1.5230676450e+01
2.1087434771e-04 4.5772946884e-05 1.7117757094e+01
1.8833760971e-04 1.0784552431e-04 1.5702303893e+01
3.0531622681e-04 2.6389431595e-05 1.5958635574e+01
1.8146973273e-04 1.1284737997e-04 1.5756570593e+01
-2.7899949475e-04 6.2687222877e-05 3.6356212817e+01
-1.3129555826e-04 6.9217602493e-05 3.8786731000e+01
-2.6534493557e-04 6.2100893649e-05 3.6199037637e+01
-2.7105734614e-04 4.1780208258e-05 2.9603482365e+01
-1.2040465246e-04 1.0845666710e-04 3.3452258376e+01
2.4811776750e-04 1.2815953732e-04 1.3876150036e+01
3.0847727752e-04 9.3044843107e-05 1.3437268352e+01
1.8856497634e-04 8.6479596216e-05 1.7043982711e+01
-9.8675423640e-05 1.0751535554e-04 3.3270602647e+01
-1.1870774281e-04 1.1044786271e-04 3.3317506393e+01
-1.4187749695e-04 1.0358809899e-04 3.4088953220e+01
-2.3856340652e-04 6.6652624100e-05 3.7296832652e+01
-2.3613241906e-04 6.8417661249e-05 3.7287582856e+01
-2.2676487553e-04 4.5742812617e-05 3.8981600007e+01
-2.2406868926e-04 4.7494240196e-05 3.9076778513e+01
-1.8210136866e-04 9.2692113184e-05 3.5436160970e+01
-3.0765232059e-04 2.1983193576e-05 1.7070815806e+01
-1.4865854362e-04 8.7610443149e-05 3.5705803651e+01
-1.4672745198e-04 8.9510523526e-05 3.5467508838e+01
2.7993788630e-04 8.0010371206e-05 1.4661677733e+01
2.8391574172e-04 8.0778602088e-05 1.4553242597e+01
2.8333128888e-04 7.6999708154e-05 1.4680701866e+01
2.8731022367e-04 7.7747640839e-05 1.4569215697e+01
1.4719797125e-04 1.0390519150e-04 1.7009768854e+01
3.2617475681e-04 5.4399392533e-05 1.4169841826e+01
1.0144381568e-04 1.1394641143e-04 2.2703428492e+01
-3.2338432881e-04 3.5689244629e-05 1.7039887535e+01
2.9210829734e-05 9.5150863771e-05 3.0642737268e+01
6.0833353598e-05 1.0168821661e-04 2.2265052430e+01
7.7168501836e-05 1.0562179538e-04 2.2234446632e+01
7.7504837159e-05 1.0839724869e-04 2.2155360700e+01
7.4986756148e-05 1.0988518054e-04 2.2047413326e+01
-2.9545395794e-04 3.7593187307e-05 1.7101565526e+01
-2.6185231553e-04 2.3450638728e-05 3.1123269532e+01
-2.6181453084e-04 2.5360096453e-05 3.1164287034e+01
-1.6166421888e-04 1.0108669861e-04 3.4561321297e+01
-1.6241501146e-04 1.0328503816e-04 3.4445359580e+01
-2.0870019733e-04 4.4462579810e-05 4.0639525054e+01
-2.0912895423e-04 4.6380884924e-05 4.0343241881e+01
-1.5778373842e-04 4.9804036079e-05 4.2044008656e+01
3.3001634551e-04 8.5889530922e-05 1.2854884608e+01
3.3387186834e-04 8.6788579253e-05 1.2642819038e+01
-2.8234483642e-04 3.7789037533e-05 2.1375855122e+01
-2.8177093484e-04 4.0061460000e-05 2.3083351912e+01
-1.1668400485e-04 1.0619132128e-04 3.3554004357e+01
-1.3618882100e-04 5.1072429878e-05 4.2389519081e+01
-1.3730704934e-04 5.2871338812e-05 4.1977127057e+01
-1.3519978452e-04 5.4612815941e-05 4.1660465699e+01
-1.3840407709e-04 5.4685685086e-05 4.1566825101e+01
-1.4052998956e-04 5.2942669788e-05 4.1879747662e+01
-1.4160007989e-04 5.4762610012e-05 4.1471652799e+01
7.0372519159e-05 1.3154142723e-04 1.8573178288e+01
6.8104890309e-05 1.3244585139e-04 2.7742416856e+01
6.7783532977e-05 1.3497621380e-04 2.8303046649e+01
6.5792131222e-05 1.3336679648e-04 2.8361374233e+01
-1.8473553041e-04 9.3017529741e-05 3.5442891509e+01
-2.5513661698e-04 3.8746687301e-05 3.4354801317e+01
1.9999357395e-04 8.6304600292e-05 1.6340265518e+01
-6.1721771131e-05 5.5629645329e-05 4.2532164619e+01
8.8651941180e-05 1.3977992217e-04 2.0620204264e+01
8.8068428661e-05 1.4319245508e-04 1.9890776653e+01
8.4598096472e-05 1.4437551093e-04 2.0532791567e+01
-1.9300950664e-04 4.3728986103e-05 4.1744223112e+01
-2.3107185417e-04 6.7419522244e-05 3.7387281962e+01
-2.2866542110e-04 6.9205008138e-05 3.7323849283e+01
-2.3121054509e-04 6.9685847923e-05 3.7275505842e+01
1.6789811225e-04 1.2636215588e-04 1.5790776299e+01
-1.7624019349e-04 8.1584046081e-05 3.6474403234e+01
6.6117412282e-05 1.2833971491e-04 2.6588669358e+01
1.9603645602e-04 1.4705989666e-04 1.4319277897e+01
1.2270757897e-04 9.7968955520e-05 1.9082018520e+01
-1.6817701802e-04 9.7510867421e-05 3.4900386439e+01
-1.6623708653e-04 9.9429240249e-05 3.4739826462e+01
-1.6888547638e-04 9.9709523855e-05 3.4763085604e+01
-1.6695852740e-04 1.0163229862e-04 3.4615815982e+01
-1.6958971807e-04 1.0192211523e-04 3.4644901368e+01
-2.2609263848e-04 6.8748733844e-05 3.7383167301e+01
-2.0851797451e-04 7.2590450335e-05 3.7287788120e+01
-2.0889234903e-04 7.4779713637e-05 3.7077981842e+01
-2.0623177847e-04 7.4418093533e-05 3.7132666078e+01
-1.2108059820e-04 5.2569155155e-05 4.2435170423e+01
-1.9093774633e-04 7.6818519954e-05 3.6983138981e+01
-2.4257072295e-04 2.4171438952e-05 3.7904160625e+01
-2.3924020544e-04 2.4036655209e-05 3.8744293101e+01
1.2767343389e-04 1.1646506695e-04 1.7017636971e+01
-8.7022291735e-05 1.1547135367e-04 3.2607048920e+01
-1.3167494160e-04 8.6656868275e-05 3.5831829880e+01
-2.7440071308e-04 3.7954857497e-05 2.6706985665e+01
-3.1260900158e-04 3.7137789567e-05 1.7133259946e+01
3.0931502523e-04 7.0552760571e-05 1.4206340732e+01
-1.7772714140e-04 4.4994712733e-05 4.2263712535e+01
8.3013348670e-05 1.0818197805e-04 2.2293599102e+01
1.3468317442e-04 1.4942296082e-04 1.7041219440e+01
1.3086925150e-04 1.5119184295e-04 1.7148552296e+01
1.3442366074e-04 1.5309610147e-04 1.7031434096e+01
1.3053435331e-04 1.5480240159e-04 1.7137585127e+01
1.2707239696e-04 1.5285831697e-04 1.7247234994e+01
1.3410095415e-04 1.5675559477e-04 1.7245766872e+01
-1.3636794158e-04 7.3197670883e-05 3.7977167983e+01
-1.3835534464e-04 7.1363032315e-05 3.8280403735e+01
3.4180313334e-04 2.9791591632e-05 1.4218784437e+01
3.4239746489e-04 3.3611735380e-05 1.4063712893e+01
3.3905326515e-04 3.7078066261e-05 1.4165873456e+01
2.5710902282e-04 2.5117107835e-05 1.8146696244e+01
-2.1614436016e-04 7.1519559206e-05 3.7299263293e+01
3.0509527567e-04 9.6152552651e-05 1.3437897312e+01
2.2957064156e-04 7.9911059818e-05 1.5550132223e+01
-1.9927040132e-04 9.0718357879e-05 3.5774675880e+01
-1.9975424020e-04 9.2990770775e-05 3.5641214245e+01
-2.0183593130e-04 9.1125572572e-05 3.5780200402e+01
-1.7654927018e-04 6.5553092762e-05 3.8684276541e+01
-1.7723562465e-04 6.7558417600e-05 3.8361365949e+01
-1.8013333599e-04 6.7758432526e-05 3.8283774658e+01
2.5584632173e-04 7.5154384618e-05 1.5227818761e+01
-1.9859813122e-04 7.5582322580e-05 3.7071906427e+01
-1.9906539430e-04 7.7750200265e-05 3.6847489284e+01
1.5312890800e-04 1.2787711993e-04 1.7002379415e+01
1.5335161173e-04 1.3170140037e-04 1.6809922945e+01
1.4956817340e-04 1.3007350489e-04 1.7013967030e+01
1.4973303252e-04 1.3388652845e-04 1.6988932364e+01
-2.4102393937e-04 6.4895939284e-05 3.7261263255e+01
-1.4119887350e-04 8.3166352362e-05 3.6312035421e+01
-1.5177481747e-04 1.0229484468e-04 3.4327251326e+01
-1.4992153059e-04 1.0424118225e-04 3.4177258111e+01
-1.6789796361e-04 8.0881786086e-05 3.6567813825e+01
-1.6583589686e-04 8.2753202006e-05 3.6334317370e+01
-1.6657154856e-04 8.4854645779e-05 3.6082747357e+01
-1.6379670785e-04 8.4631398465e-05 3.6103475478e+01
1.3809097513e-04 1.5499047753e-04 1.6788831134e+01
-1.4456725602e-04 1.0379317967e-04 3.4117245341e+01
-1.4542334135e-04 1.0596069550e-04 3.4004499090e+01
-1.6037640998e-04 6.8513738697e-05 3.8468705880e+01
1.8994444237e-04 9.3974962698e-05 1.6452608564e+01
1.9329915022e-04 9.1438499752e-05 1.6406937322e+01
1.9395459797e-04 9.5199715394e-05 1.6134293867e+01
-1.4637171407e-04 6.9777829459e-05 3.8452277534e+01
-1.4433027718e-04 7.1605893902e-05 3.8156551942e+01
1.8455022940e-04 8.5279468520e-05 1.6985711058e+01
2.0254512643e-04 1.0135890105e-04 1.5478356648e+01
2.4369892322e-04 1.2338428758e-04 1.4139750755e+01
-2.6624106553e-04 3.8435656520e-05 3.0672444887e+01
9.1489956577e-05 1.4190924619e-04 1.9319938351e+01
9.0885438625e-05 1.4529197785e-04 1.9891376010e+01
1.3236062676e-04 9.5150209529e-05 1.6904281027e+01
2.6499417914e-04 1.0999636824e-04 1.4088563380e+01
-2.6496801171e-04 2.3707671265e-05 2.9586005735e+01
-2.6486702566e-04 2.5646094470e-05 2.9698546612e+01
-2.6803094210e-04 2.3996406289e-05 2.7919760436e+01
-2.6785758201e-04 2.5963166183e-05 2.8117220456e+01
1.9447126565e-04 1.2813621420e-04 1.4945172394e+01
-6.3363294921e-05 5.3878042682e-05 4.2880810237e+01
-6.4994915796e-05 5.5624410409e-05 4.2551808791e+01
-6.8267566199e-05 5.5623492598e-05 4.2558463007e+01
-6.3354119227e-05 5.7385508920e-05 4.2206227193e+01
-6.9952048993e-05 5.3875644622e-05 4.2906292392e+01
-7.1539387955e-05 5.5626729816e-05 4.2553439114e+01
2.1391879678e-04 1.0098381675e-04 1.5215352449e+01
-2.4086312241e-04 4.1115518986e-05 3.7434003821e+01
-2.1644373883e-04 7.3738231915e-05 3.7111778940e+01
-2.1876603402e-04 7.1924218465e-05 3.7237774913e+01
-1.8386028576e-04 8.0244652596e-05 3.6621443550e+01
3.7123722993e-04 2.4389407227e-05 1.1378698365e+01
3.7482103304e-04 2.4828115468e-05 1.1168204014e+01
3.7451379391e-04 2.0549916607e-05 1.0687510453e+01
3.7807934171e-04 2.0964783513e-05 1.0542756556e+01
3.7783352325e-04 1.6633565656e-05 9.7549797372e+00
3.7831774431e-04 2.5366640309e-05 1.1027949327e+01
3.8136141371e-04 1.7042639077e-05 9.7119007380e+00
-8.2265772791e-05 1.0710069321e-04 3.3281085940e+01
-2.0657977524e-04 6.1946794143e-05 3.8473287400e+01
-2.7103595881e-04 2.4320032512e-05 2.6120325966e+01
3.5887379266e-04 4.7455867422e-05 1.2652721102e+01
2.0689488229e-04 6.3755485787e-05 1.6987162814e+01
1.8119862983e-04 6.7554243866e-05 1.7026727274e+01
-4.9099959870e-05 3.0508596974e-05 4.6923776038e+01
-5.0844856487e-05 2.8901399579e-05 4.7321552846e+01
-4.7220606378e-05 2.8914783795e-05 4.7120106388e+01
2.5657333098e-04 1.0439083385e-04 1.4428336625e+01
1.6860084119e-04 1.3783122453e-04 1.5324839366e+01
-1.0348960412e-04 5.9419844277e-05 4.1327867180e+01
-1.0537321316e-04 5.7658400899e-05 4.1668054084e+01
-1.0215173656e-04 5.7615999007e-05 4.1740317587e+01
-1.0403852600e-04 5.5864540804e-05 4.2081272843e+01
-1.0727595825e-04 5.5907860349e-05 4.2007573052e+01
-1.0079293882e-04 5.5825758207e-05 4.2151660812e+01
-1.0268276485e-04 5.4084269568e-05 4.2493188738e+01
-9.7543211113e-05 5.5790722425e-05 4.2218395967e+01
-7.4810038889e-05 5.5633959434e-05 4.2537937812e+01
-7.6536834127e-05 5.3888928088e-05 4.2885041236e+01
-7.8079170732e-05 5.5645042586e-05 4.2513065958e+01
-7.3105582636e-05 5.7389982778e-05 4.2192396054e+01
-8.1346496383e-05 5.5659850975e-05 4.2479835065e+01
-2.1216788694e-04 6.2533071546e-05 3.8236846770e+01
-1.9385344468e-04 6.6845028765e-05 3.8168512437e+01
-1.9332423365e-04 6.4787654852e-05 3.8455280546e+01
2.6451984846e-04 5.9055535094e-05 1.5629132240e+01
-1.9747464685e-04 3.8489063246e-05 4.2362629936e+01
-2.0418322024e-04 6.3748956836e-05 3.8325946339e+01
-2.0375165912e-04 6.1676970474e-05 3.8591674771e+01
1.6295446987e-04 8.8929494222e-05 1.7009875930e+01
-1.8259335398e-04 1.6610148677e-05 4.7368561241e+01
3.4704989360e-05 8.1715168010e-05 2.3029785294e+01
3.3889926253e-05 7.9510726748e-05 2.3036684689e+01
3.5889334072e-05 7.7802363686e-05 2.2545679466e+01
3.3064313789e-05 7.7325247986e-05 2.3253119209e+01
3.1072342660e-05 7.9037806578e-05 2.5056844056e+01
3.0227313169e-05 7.6875411468e-05 2.5210116897e+01
2.7368381548e-05 7.6455703187e-05 2.6791038761e+01
2.5377159616e-05 7.8180350218e-05 2.8086935044e+01
2.4490284904e-05 7.6062294273e-05 2.8269198726e+01
2.2502714659e-05 7.7792841775e-05 2.9414772019e+01
2.1594441163e-05 7.5693451356e-05 2.9599810922e+01
1.9611924418e-05 7.7430696129e-05 3.0621125437e+01
1.8681357655e-05 7.5350443744e-05 3.0807970534e+01
1.6705766442e-05 7.7092975503e-05 3.1711153635e+01
1.5752825057e-05 7.5029841772e-05 3.1900021144e+01
1.3785371050e-05 7.6778113644e-05 3.2694447324e+01
1.2810024058e-05 7.4730111281e-05 3.2885470464e+01
9.8533239983e-06 7.4452624237e-05 3.3772734868e+01
7.9055774318e-06 7.6212292226e-05 3.4372102221e+01
6.8842583441e-06 7.4194181495e-05 3.4569180823e+01
4.9479797714e-06 7.5959207262e-05 3.5081100079e+01
1.9797068307e-06 7.5724422771e-05 3.5712478481e+01
9.1226592800e-07 7.3731786647e-05 3.5917586690e+01
-9.9853775094e-07 7.5507339606e-05 3.6272456339e+01
-2.0890773295e-06 7.3526293147e-05 3.6482285275e+01
-3.9859025138e-06 7.5306725649e-05 3.6766808245e+01
-5.0993873178e-06 7.3335715188e-05 3.6981795164e+01
-6.9817104452e-06 7.5121604787e-05 3.7200987576e+01
-8.1184490920e-06 7.3161579592e-05 3.7421469917e+01
-9.9853894161e-06 7.4951532138e-05 3.7580113560e+01
-1.1145155790e-05 7.3001074753e-05 3.7806382130e+01
-1.2996239804e-05 7.4795431711e-05 3.7908966721e+01
-1.4178823530e-05 7.2853120345e-05 3.8141300157e+01
-1.6013649096e-05 7.4652456889e-05 3.8192029024e+01
-1.7219249845e-05 7.2719295317e-05 3.8430495295e+01
-1.9037122475e-05 7.4522259263e-05 3.8433471941e+01
-2.0265511678e-05 7.2596962051e-05 3.8678205160e+01
-2.2066119945e-05 7.4403880878e-05 3.8637208579e+01
-2.3317046411e-05 7.2485159911e-05 3.8888319356e+01
-2.5100089931e-05 7.4296603602e-05 3.8806867673e+01
-2.6373642050e-05 7.2385523889e-05 3.9064181972e+01
-2.9434532979e-05 7.2295576512e-05 3.9209292072e+01
-3.1181096636e-05 7.4113858260e-05 3.9057086018e+01
-3.4227211105e-05 7.4036935135e-05 3.9143667260e+01
-3.5567540112e-05 7.2143896494e-05 3.9419164667e+01
-3.7276498611e-05 7.3969305743e-05 3.9208131024e+01
-4.0328561654e-05 7.3910249500e-05 3.9252943327e+01
-4.1712608859e-05 7.2026583375e-05 3.9539718690e+01
-4.4788717837e-05 7.1980820015e-05 3.9572218322e+01
-4.6439386711e-05 7.3816247405e-05 3.9292343425e+01
-4.9497417562e-05 7.3780630520e-05 3.9290827607e+01
-5.0945899647e-05 7.1909594821e-05 3.9592339717e+01
-5.2556699462e-05 7.3751964955e-05 3.9277517457e+01
-5.5616869117e-05 7.3730277202e-05 3.9253903248e+01
-5.7107453565e-05 7.1866862447e-05 3.9563543564e+01
-5.8677612767e-05 7.3715030683e-05 3.9221427865e+01
-6.1738578710e-05 7.3705877423e-05 3.9181376226e+01
-6.3270499662e-05 7.1848297206e-05 3.9497915476e+01
-6.4799412133e-05 7.3702907337e-05 3.9134835363e+01
-6.6351740343e-05 7.1847900008e-05 3.9454300377e+01
-6.7859824479e-05 7.3705664135e-05 3.9082878584e+01
-7.0919476672e-05 7.3713982453e-05 3.9026427370e+01
-7.2512023040e-05 7.1863399727e-05 3.9350710658e+01
-7.3978039291e-05 7.3727706901e-05 3.8966307586e+01
-7.7035198659e-05 7.3746694047e-05 3.8903256151e+01
-7.8667209578e-05 7.1899703178e-05 3.9230984424e+01
-8.0090638894e-05 7.3770807513e-05 3.8837930580e+01
-8.3144040583e-05 7.3799844202e-05 3.8770930654e+01
-8.6195064296e-05 7.3833985093e-05 3.8702714102e+01
-8.7884836632e-05 7.1990979833e-05 3.9033118864e+01
-8.9243459474e-05 7.3872912369e-05 3.8633774393e+01
-9.2288878173e-05 7.3916613340e-05 3.8564494844e+01
-9.4014101593e-05 7.2075296418e-05 3.8895166235e+01
3.5082471077e-05 7.5611401414e-05 2.2642102287e+01
2.6501359327e-05 7.4335835435e-05 2.7054118662e+01
1.7746698388e-05 7.3288482371e-05 3.1047487836e+01
8.8489909278e-06 7.2437873292e-05 3.4003769987e+01
-9.2633574651e-06 7.1217360270e-05 3.7663100938e+01
-1.8433686960e-05 7.0801191927e-05 3.8685331467e+01
-2.7656572493e-05 7.0488781882e-05 3.9334203993e+01
-3.6917698531e-05 7.0264512834e-05 3.9704512779e+01
-4.6204686432e-05 7.0115399134e-05 3.9871711494e+01
-5.5506583900e-05 7.0030859488e-05 3.9894797631e+01
-7.7214436646e-05 7.0041272798e-05 3.9622102797e+01
-9.0582344328e-05 7.5769105100e-05 3.8236189155e+01
-8.1493883163e-05 7.5655863859e-05 3.8443751643e+01
-6.0226878916e-05 7.5576639625e-05 3.8869324515e+01
-5.1107210162e-05 7.5632462012e-05 3.8977728911e+01
-4.1997306313e-05 7.5752026610e-05 3.8996296734e+01
-3.2906835025e-05 7.5944921014e-05 3.8878547762e+01
-5.8641206478e-06 7.7098369891e-05 3.7004441920e+01
3.0287336690e-06 7.7734316292e-05 3.5539275098e+01
1.1832704732e-05 7.8534767212e-05 3.3428663915e+01
2.0526777965e-05 7.9529168061e-05 3.0496906580e+01
2.9086754965e-05 8.0752295231e-05 2.6524318164e+01
-1.3458286873e-04 9.2826980458e-05 3.5022041114e+01
3.2716382630e-04 3.5893548551e-05 1.4797144063e+01
-2.2259805809e-04 5.9608647662e-05 3.8138359734e+01
-8.0272044697e-05 9.4963917553e-05 3.5008727311e+01
-2.7773355539e-04 4.6219041149e-05 2.8714725155e+01
4.5178550865e-05 8.1686291289e-05 2.2631865026e+01
4.7291914618e-05 7.9980067439e-05 2.2632692608e+01
4.8026476913e-05 8.2302344667e-05 2.2610786963e+01
5.0166981747e-05 8.0597480712e-05 2.2618956731e+01
-1.1602612448e-04 6.8787510588e-05 3.9135737996e+01
-1.8597568994e-04 2.7923292757e-05 4.5057155025e+01
-3.0949601756e-04 9.6854420510e-06 1.7012102025e+01
-3.1378388524e-04 7.8113344952e-06 1.7001274847e+01
-1.1781577414e-04 5.2518795004e-05 4.2520314403e+01
-1.1582433530e-04 5.4253389609e-05 4.2186653277e+01
-1.1452944101e-04 5.2478702033e-05 4.2601709215e+01
-1.1708065863e-04 5.6048762427e-05 4.1770532659e+01
-1.8013457382e-04 3.6276297527e-05 4.3820340633e+01
-5.4479577148e-05 2.8887426310e-05 4.7496902388e+01
-5.2614985453e-05 2.7304072454e-05 4.7715632872e+01
-1.0746413190e-04 9.3623828218e-05 3.4911214295e+01
-1.0632827206e-04 9.1597032300e-05 3.5214054768e+01
-1.0462912769e-04 9.3530933397e-05 3.4939450858e+01
-1.0347401235e-04 9.1508963601e-05 3.5249198617e+01
2.1507207641e-04 6.5759750487e-05 1.6833585673e+01
-2.0065143082e-04 2.9861103864e-05 4.3587820588e+01
-8.3115018456e-05 5.3916777967e-05 4.2826099853e+01
-8.4611676672e-05 5.5678271747e-05 4.2439155564e+01
-8.7856823777e-05 5.5707649846e-05 4.2390531740e+01
-8.2844948567e-05 5.7431180311e-05 4.2094073837e+01
-8.9663400160e-05 5.3966961209e-05 4.2735452489e+01
2.5299114115e-04 6.0329083200e-05 1.5800517184e+01
-1.7142760050e-04 7.4030905105e-06 4.9713535559e+01
-1.7397274339e-04 5.9161548809e-06 4.9784694692e+01
-1.7006302617e-04 5.9091618356e-06 5.0045772484e+01
-1.7788415250e-04 5.9158859713e-06 4.9506818784e+01
2.3830505229e-04 8.5590829714e-05 1.5201037692e+01
-2.8765717736e-04 2.7246026246e-05 1.7120971400e+01
2.7249523157e-04 2.3191454557e-05 1.7370665319e+01
2.4519188634e-04 1.0538801125e-04 1.4603824229e+01
-1.8141373851e-04 7.1847099896e-05 3.7682751199e+01
2.2660469827e-04 6.5070816451e-05 1.6296172827e+01
2.5895749625e-04 3.3972376854e-05 1.6982092893e+01
1.7469994956e-04 7.2394512186e-05 1.7025942577e+01
2.7346460037e-04 8.7767844803e-06 2.0038657606e+01
-1.4337540205e-04 6.9654094129e-05 3.8518094578e+01
-2.4399207951e-04 6.0422292184e-06 3.9191980616e+01
-2.4702070071e-04 4.5186400960e-06 3.8336810403e+01
-1.8762794952e-04 3.8193491617e-05 4.3038093496e+01
-2.4876601202e-04 5.5146101416e-05 3.6602672737e+01
-2.9634902918e-04 2.7034769052e-05 1.7096849768e+01
2.6973495244e-04 8.8934637935e-05 1.4604729385e+01
3.3334555115e-04 8.2665947925e-05 1.2831308817e+01
3.3709371567e-04 8.3450622081e-05 1.2624049462e+01
3.3664073775e-04 7.9387946001e-05 1.2805196784e+01
3.4037635329e-04 8.0168608639e-05 1.2593773468e+01
2.4297097638e-04 6.8811477223e-05 1.5672029555e+01
-3.4181800729e-04 1.8003848537e-05 1.6998847590e+01
2.6195400846e-04 1.1190593560e-05 2.0462803327e+01
2.6137760145e-04 8.3139521459e-06 2.0966968755e+01
2.5788091698e-04 1.0986706248e-05 2.0460513478e+01
2.5729677194e-04 8.1269012867e-06 2.0910585022e+01
2.5382367137e-04 1.0765832920e-05 2.0407029917e+01
2.5334593682e-04 7.9015886215e-06 2.0882161067e+01
5.0885810848e-05 8.2949109552e-05 2.2597347111e+01
5.3056630168e-05 8.1244983634e-05 2.2606211089e+01
5.2352679870e-05 7.8885052376e-05 2.2625870479e+01
5.3758543125e-05 8.3627520843e-05 2.2583105748e+01
5.5962626955e-05 8.1923621019e-05 2.2594581813e+01
2.7673822679e-04 6.1303207435e-05 1.5314008806e+01
-2.0928349716e-04 3.5335232078e-05 4.1928507534e+01
-7.5309492343e-05 1.0905106546e-04 3.3094550813e+01
-7.2585465006e-05 1.0902345382e-04 3.3119127781e+01
-1.0179008973e-04 9.3444134807e-05 3.4971143861e+01
-1.0061568770e-04 9.1426856816e-05 3.5287712118e+01
-9.8947260966e-05 9.3363333776e-05 3.5006425965e+01
-9.7753673274e-05 9.1350651883e-05 3.5329692766e+01
-1.8939555844e-04 3.4757050878e-05 4.3561238575e+01
-1.2215437343e-04 6.8945126155e-05 3.8994502570e+01
3.2589947133e-04 1.0544367331e-05 1.6405271024e+01
-2.3575086570e-04 5.7218338060e-05 3.7612204407e+01
-1.9147236076e-04 7.8964261710e-05 3.6746512896e+01
5.6646168712e-05 8.4338583139e-05 2.2569827639e+01
5.8885128407e-05 8.2634662365e-05 2.2584294125e+01
5.9549997219e-05 8.5083409073e-05 2.2557551619e+01
6.1825427025e-05 8.3379137353e-05 2.2575562468e+01
6.2471571558e-05 8.5863098462e-05 2.2547057170e+01
6.4785099628e-05 8.4158046903e-05 2.2568748757e+01
-2.9892493685e-04 4.2276653274e-05 1.7206912534e+01
3.1308433757e-04 4.5243048014e-05 1.4943153833e+01
5.5415807691e-05 9.9835028828e-05 2.2290857367e+01
-2.7834625890e-04 1.1553896177e-05 2.1335321575e+01
-9.6101088649e-05 9.3288643441e-05 3.5045389773e+01
-9.4888308660e-05 9.1280369439e-05 3.5375211426e+01
-2.3299649941e-04 5.4656339582e-05 3.7886875021e+01
2.4980312322e-04 1.0532773347e-05 2.0367930057e+01
2.4928463042e-04 7.7599948669e-06 2.0838587036e+01
2.4578050837e-04 1.0310612674e-05 2.0327563173e+01
2.4519760763e-04 7.6052545860e-06 2.0784158406e+01
-2.1473902640e-04 3.1978037523e-05 4.1868190427e+01
6.5412383957e-05 8.6678520580e-05 2.2538783911e+01
6.7765869387e-05 8.4972310981e-05 2.2564544618e+01
6.8374512558e-05 8.7530859397e-05 2.2533471832e+01
7.0770344449e-05 8.5821255468e-05 2.2563584478e+01
-1.9686145410e-04 7.9597287227e-05 3.6670983647e+01
-1.9477974227e-04 4.9359253852e-05 4.0714156123e+01
1.8221856935e-05 9.3324277825e-05 3.3727169266e+01
-1.5694346380e-04 6.0756131224e-05 3.9917609415e+01
7.1360207193e-05 8.8420755868e-05 2.2531317866e+01
7.3799404787e-05 8.6708664090e-05 2.2566003103e+01
7.3203961142e-05 8.4092913354e-05 2.2593041317e+01
5.0037787848e-05 9.8146096651e-05 2.2425674050e+01
4.7359671056e-05 9.7358643879e-05 2.2192425764e+01
2.4176210567e-04 1.0088915383e-05 2.0300850938e+01
2.4118848352e-04 7.4291393315e-06 2.0744859132e+01
2.3776072503e-04 9.8688635791e-06 2.0269182658e+01
2.3719886124e-04 7.2538436413e-06 2.0690198232e+01
3.3994926142e-04 7.6108933802e-05 1.2771715607e+01
3.4382347726e-04 7.6808142456e-05 1.2550657671e+01
3.4327478124e-04 7.2790174332e-05 1.2731042372e+01
3.4726760697e-04 7.3500755484e-05 1.2496664233e+01
3.4659675397e-04 6.9454610415e-05 1.2681916113e+01
3.5041254820e-04 7.0234380635e-05 1.2447687798e+01
2.8122396296e-04 4.4282782308e-05 1.5867012320e+01
-1.5823986243e-04 5.7088654172e-05 4.0585872401e+01
-1.3735076861e-04 6.9425165943e-05 3.8651204554e+01
2.3377799714e-04 9.6452246639e-06 2.0246466940e+01
2.3321899558e-04 7.0810428779e-06 2.0641688895e+01
2.2980150962e-04 9.4278419506e-06 2.0214163978e+01
2.2929687766e-04 6.8811059749e-06 2.0588159726e+01
2.2583937725e-04 9.2106395820e-06 2.0200316474e+01
2.2541910942e-04 6.6817358379e-06 2.0544137103e+01
1.2667111536e-05 9.2578925742e-05 3.4851629482e+01
1.9231021624e-04 6.6950072156e-05 1.7016949243e+01
-1.9566424497e-04 6.2980457711e-05 3.8646064194e+01
2.2189113269e-04 8.9973609444e-06 2.0184198411e+01
2.2140855494e-04 6.5614193453e-06 2.0497085797e+01
2.1792501628e-04 8.8018108824e-06 2.0172754449e+01
2.1735101227e-04 6.4411651598e-06 2.0457939266e+01
-2.0662889207e-04 7.6611052962e-05 3.6923596259e+01
2.0360107862e-04 6.6350445188e-05 1.6986667101e+01
7.0759562016e-06 9.1930449094e-05 3.5722821969e+01
2.1395028829e-04 8.6132870172e-06 2.0177109346e+01
2.1337763062e-04 6.2946302560e-06 2.0443884553e+01
2.0998719989e-04 8.4279339678e-06 2.0191206746e+01
2.0941122815e-04 6.1541052842e-06 2.0443155986e+01
-3.0315443095e-04 7.2069821239e-06 1.7067060632e+01
3.4239324351e-04 1.1152232528e-05 1.4943081889e+01
2.7120763718e-04 5.3199440788e-05 1.5725328148e+01
-9.3251982520e-05 9.3220011707e-05 3.5088143421e+01
2.0603241817e-04 8.2443332183e-06 2.0222025889e+01
2.0544829883e-04 6.0183170357e-06 2.0462735795e+01
2.0207761521e-04 8.0685136405e-06 2.0271389821e+01
2.0153600729e-04 5.8603784362e-06 2.0484621131e+01
1.9813074486e-04 7.8950758837e-06 2.0336110572e+01
1.9766279076e-04 5.7057853477e-06 2.0544236460e+01
-2.6216577072e-04 7.1120455642e-05 3.7535761494e+01
-2.6456115780e-04 6.9499037714e-05 3.7422522406e+01
1.4515300991e-06 9.1368940405e-05 3.6369008530e+01
3.4986185875e-04 6.6103799768e-05 1.2626074551e+01
-1.8588034021e-04 6.8189195891e-05 3.8127540219e+01
-9.2018385583e-05 9.1216616324e-05 3.5424255229e+01
1.9419191069e-04 7.7273461309e-06 2.0427399820e+01
1.9365722475e-04 5.6183859709e-06 2.0603677925e+01
1.9023091277e-04 7.5771521665e-06 2.0530043829e+01
1.8960898042e-04 5.5287873443e-06 2.0691735911e+01
-2.1182021208e-04 6.0436358646e-05 3.8473716349e+01
2.3327295269e-04 1.0245655886e-04 1.4858203256e+01
2.2929226316e-04 1.0144511288e-04 1.4941420771e+01
-4.2029734310e-06 9.0885459461e-05 3.6821916099e+01
-2.2628692610e-04 7.0997886554e-05 3.7237036659e+01
1.8625798477e-04 7.4346423737e-06 2.0653132190e+01
1.8562568071e-04 5.4278583724e-06 2.0806457721e+01
1.8228897528e-04 7.3000033671e-06 2.0791165156e+01
1.8165182111e-04 5.3310935103e-06 2.0917172150e+01
2.7925867749e-04 1.7650039114e-05 1.7631312790e+01
-1.4821655909e-04 7.3712322920e-05 3.7749124651e+01
1.7832890547e-04 7.1676489654e-06 2.0945677779e+01
1.7768131571e-04 5.2399065303e-06 2.1061018542e+01
1.7436568354e-04 7.0456170173e-06 2.1109283949e+01
1.7375948970e-04 5.1317103859e-06 2.1174377124e+01
1.7040918160e-04 6.9291290723e-06 2.1278853556e+01
1.6987557851e-04 5.0296895768e-06 2.1322935606e+01
-3.0752586935e-04 4.1130960790e-05 1.7174608501e+01
-9.8844231839e-06 9.0471959855e-05 3.7113950964e+01
-1.7392686649e-04 3.1084030231e-05 4.5171585566e+01
1.6646107258e-04 6.8212242268e-06 2.1449511396e+01
1.6586427678e-04 4.9868993928e-06 2.1455197390e+01
1.6249252936e-04 6.7317233047e-06 2.1616026506e+01
1.6181108646e-04 4.9458362341e-06 2.1586155896e+01
1.5851492985e-04 6.6523882402e-06 2.1777955449e+01
1.5782098239e-04 4.8989169373e-06 2.1719804921e+01
1.5454512352e-04 6.5823594847e-06 2.1930384600e+01
1.5384936284e-04 4.8527507650e-06 2.1838535675e+01
2.8672129107e-04 7.3970282470e-05 1.4699174473e+01
2.9070054911e-04 7.4697963223e-05 1.4584341392e+01
-1.5589808752e-05 9.0121241209e-05 3.7275952855e+01
-1.5060955185e-04 8.5717715219e-05 3.5949357722e+01
-1.4585097824e-04 8.7432373129e-05 3.5722579282e+01
-1.4393132307e-04 8.9332828061e-05 3.5479441849e+01
-1.4303402017e-04 8.7262455749e-05 3.5740904564e+01
-1.4112632752e-04 8.9163092989e-05 3.5493039777e+01
2.9127573970e-04 7.8487633466e-05 1.4451573853e+01
1.4988365360e-04 4.8142243597e-06 2.1958160776e+01
1.4663806009e-04 6.4618627644e-06 2.2176612695e+01
1.4597078517e-04 4.7607680666e-06 2.2035496430e+01
1.4269760080e-04 6.4135498331e-06 2.2271241085e+01
1.4209901700e-04 4.7138117093e-06 2.2102285400e+01
3.7415026648e-04 1.6354960442e-05 9.9867755584e+00
3.7747783856e-04 1.2425726474e-05 8.6501028810e+00
1.7754175711e-04 1.1149871215e-04 1.6039182085e+01
3.7370089978e-04 1.2217772784e-05 9.0658784020e+00
4.0499639827e-05 1.1940219160e-04 3.8166255289e+01
1.3877789320e-04 6.3699220145e-06 2.2343238496e+01
1.3811273522e-04 4.7190001851e-06 2.2129224114e+01
1.3484476279e-04 6.3427502730e-06 2.2398406812e+01
1.3409033764e-04 4.7268814589e-06 2.2160764885e+01
-3.0315669565e-04 3.8466301361e-05 1.7164035232e+01
2.9493351338e-04 5.3549243190e-05 1.5169143093e+01
1.3090950578e-04 6.3236603770e-06 2.2430476264e+01
1.3013165706e-04 4.7306684354e-06 2.2247338752e+01
1.2699074457e-04 6.3098529351e-06 2.2436195757e+01
1.2308603204e-04 6.3004208427e-06 2.2455692196e+01
1.2227834271e-04 4.7287974807e-06 2.2302855397e+01
1.1919092604e-04 6.2970493528e-06 2.2546733539e+01
1.1836256718e-04 4.7295770088e-06 2.2372745409e+01
-2.7061009703e-05 8.9583295167e-05 3.7317565832e+01
1.1530370112e-04 6.2977336386e-06 2.2631360146e+01
1.1445244467e-04 4.7291860492e-06 2.2524178904e+01
1.1142637131e-04 6.2986881782e-06 2.2595448064e+01
1.1054734044e-04 4.7282138018e-06 2.2660405165e+01
2.1482881608e-04 4.6339234630e-05 1.7127864387e+01
1.0755586332e-04 6.2976819123e-06 2.2784622213e+01
1.0369035188e-04 6.2950177315e-06 2.2969513527e+01
1.0274864934e-04 4.7228626714e-06 2.3106943934e+01
-3.2821443557e-05 8.9385466055e-05 3.7241802821e+01
9.9828529549e-05 6.2905944593e-06 2.3215289455e+01
9.8852804886e-05 4.7184652087e-06 2.3440579267e+01
9.5968599845e-05 6.2844068264e-06 2.3557867121e+01
9.4957603716e-05 4.7133442933e-06 2.3854924907e+01
9.2109080439e-05 6.2766920958e-06 2.3995996073e+01
9.1062487007e-05 4.7069782192e-06 2.4355735356e+01
8.8248812228e-05 6.2675724319e-06 2.4524822474e+01
8.7166370084e-05 4.7000674946e-06 2.4941593479e+01
2.6448750023e-04 1.0619044834e-04 1.4216954787e+01
2.6844067597e-04 1.0707210484e-04 1.4101178512e+01
-3.8595015645e-05 8.9229093182e-05 3.7125380585e+01
8.4386925574e-05 6.2573294999e-06 2.5141483960e+01
8.3269018671e-05 4.6921286942e-06 2.5607416133e+01
8.0522792752e-05 6.2460819092e-06 2.5837666801e+01
7.9368820811e-05 4.6856227879e-06 2.6346866635e+01
7.6655821447e-05 6.2343712495e-06 2.6605612013e+01
7.5467400962e-05 4.6768905459e-06 2.7152884227e+01
7.2785945623e-05 6.2217912131e-06 2.7437316963e+01
7.1563739971e-05 4.6674397108e-06 2.8017843024e+01
6.8912914480e-05 6.2086065045e-06 2.8324746115e+01
6.7657753867e-05 4.6575435689e-06 2.8934012829e+01
6.5036548017e-05 6.1950007583e-06 2.9259979779e+01
6.3749171356e-05 4.6473897119e-06 2.9893732871e+01
-4.4379240664e-05 8.9110440144e-05 3.6982038967e+01
6.1156791035e-05 6.1810967890e-06 3.0235183387e+01
5.9837987726e-05 4.6370472870e-06 3.0889360300e+01
5.7273578996e-05 6.1670058781e-06 3.1242659191e+01
5.5924196226e-05 4.6265841954e-06 3.1913320862e+01
5.3386081680e-05 6.1530163728e-06 3.2275006516e+01
5.2007603420e-05 4.6161167177e-06 3.2958186184e+01
5.2481741135e-05 1.2360484507e-04 3.6133841962e+01
4.9496809441e-05 6.1386377409e-06 3.3324248803e+01
4.8126659484e-05 4.5843083260e-06 3.4010698068e+01
4.5609937988e-05 6.1208985694e-06 3.4382523652e+01
4.4275977796e-05 4.5562391084e-06 3.5059845516e+01
-5.0171691766e-05 8.9026297258e-05 3.6822756703e+01
4.1726256079e-05 6.1033405537e-06 3.5441943690e+01
4.0328419910e-05 4.5635855780e-06 3.6127217737e+01
3.7824873576e-05 6.0918990174e-06 3.6500272925e+01
3.6334579335e-05 4.5703050783e-06 3.7199565766e+01
3.3910855190e-05 6.0815621150e-06 3.7550721887e+01
3.0000656065e-05 6.0696174320e-06 3.8583481194e+01
2.8459460204e-05 4.5548109906e-06 3.9272301592e+01
-5.5969979046e-05 8.8973934992e-05 3.6656155264e+01
2.6092114755e-05 6.0569342632e-06 3.9593510571e+01
2.4526480551e-05 4.5452852650e-06 4.0273407983e+01
2.2181426060e-05 6.0445196269e-06 4.0576778872e+01
2.0592394908e-05 4.5365057881e-06 4.1245373134e+01
1.8268604453e-05 6.0326043288e-06 4.1528928174e+01
1.6656527947e-05 4.5277327029e-06 4.2184492293e+01
1.4353610693e-05 6.0211350340e-06 4.2446301185e+01
1.2719024860e-05 4.5194300946e-06 4.3087222069e+01
-6.1771736619e-05 8.8951061035e-05 3.6488871183e+01
1.0436628889e-05 6.0101848874e-06 4.3325745345e+01
6.5177948464e-06 5.9997462967e-06 4.4164805423e+01
4.8398165301e-06 4.5037880932e-06 4.4772837428e+01
2.5973050443e-06 5.9898660952e-06 4.4961521267e+01
8.9836403475e-07 4.4964758694e-06 4.5551837423e+01
-1.3247115056e-06 5.9805184430e-06 4.5714596030e+01
-3.0441945072e-06 4.4897071282e-06 4.6286602712e+01
-5.2480666633e-06 5.9717371558e-06 4.6423147575e+01
-6.9876856703e-06 4.4831861118e-06 4.6976571424e+01
-9.1726433768e-06 5.9634861108e-06 4.7086876287e+01
-1.3099313710e-05 5.9560420459e-06 4.7705914039e+01
-1.4877276059e-05 4.4707920638e-06 4.8221913300e+01
-6.7574610840e-05 8.8955782009e-05 3.6325889814e+01
-1.7025017936e-05 5.9485327526e-06 4.8280422810e+01
-1.8822913618e-05 4.4660343608e-06 4.8777879758e+01
-2.0952227764e-05 5.9419070505e-06 4.8811396507e+01
-2.2769153594e-05 4.4612929189e-06 4.9290649126e+01
-2.4881293111e-05 5.9360360733e-06 4.9299889966e+01
-2.6716037692e-05 4.4567168837e-06 4.9761309320e+01
-7.3374179085e-05 8.8986750973e-05 3.6170855641e+01
-7.6279007327e-05 8.9010785584e-05 3.6097133469e+01
-2.8810124414e-05 5.9300765993e-06 4.9747046609e+01
-3.0663207826e-05 4.4525311630e-06 5.0191127633e+01
-3.2738135954e-05 5.9248778548e-06 5.0154118170e+01
-3.6667356134e-05 5.9199205006e-06 5.0522943343e+01
-3.8557999818e-05 4.4447713323e-06 5.0934346151e+01
-4.0597009036e-05 5.9156569678e-06 5.0855039806e+01
-4.2505750300e-05 4.4417166551e-06 5.1250970889e+01
-4.4528240181e-05 5.9116627829e-06 5.1152228055e+01
-4.6453842697e-05 4.4386620057e-06 5.1533305685e+01
-4.8457143311e-05 5.9081429224e-06 5.1415980197e+01
-5.0401616566e-05 4.4360180994e-06 5.1783012564e+01
-5.2388314008e-05 5.9048048853e-06 5.1648373575e+01
-5.6317218498e-05 5.9020090189e-06 5.1850857610e+01
-1.3541058050e-04 7.7011904285e-05 3.7324452380e+01
2.3724885519e-04 1.0345087341e-04 1.4775411443e+01
-6.0248312895e-05 5.8992953295e-06 5.2025417702e+01
-6.2245331960e-05 4.4291898670e-06 5.2354081824e+01
-6.4176978022e-05 5.8971450290e-06 5.2173463376e+01
-6.6192803195e-05 4.4274807825e-06 5.2490664223e+01
-1.3934576260e-04 7.3316800486e-05 3.7918782452e+01
-6.8107558856e-05 5.8948891798e-06 5.2296864041e+01
-7.0140409134e-05 4.4257656950e-06 5.2603105446e+01
-7.2037150727e-05 5.8930969012e-06 5.2396971845e+01
-7.4087731650e-05 4.4244104620e-06 5.2692816020e+01
-6.9346746721e-05 7.5576928720e-05 3.8705693663e+01
-7.5966329113e-05 5.8916041733e-06 5.2475299017e+01
-7.9895166116e-05 5.8903426423e-06 5.2533242263e+01
-8.3823645850e-05 5.8893152304e-06 5.2572114255e+01
-8.5928099045e-05 4.4211132493e-06 5.2839847615e+01
-8.7751740648e-05 5.8884852917e-06 5.2593110297e+01
-8.9874292528e-05 4.4204228425e-06 5.2852257922e+01
-9.1679416755e-05 5.8878639989e-06 5.2597369281e+01
-9.3820172379e-05 4.4197266238e-06 5.2848334660e+01
-9.5606645691e-05 5.8874183672e-06 5.2585897305e+01
-7.5423079199e-05 7.5605666579e-05 3.8578602343e+01
-3.1336189091e-04 2.3619360209e-05 1.7068869178e+01
-1.0229930121e-04 8.9500341651e-05 3.5574897465e+01
1.4434230422e-04 1.0971245677e-04 1.7012457193e+01
-3.4724207606e-04 8.5626583140e-06 1.7566649775e+01
-3.4350710532e-04 8.1135430364e-06 1.7861064711e+01
-3.3828678877e-04 1.0485754602e-05 1.6927786453e+01
-3.3982636001e-04 7.6812116970e-06 1.7772101163e+01
-3.3474074657e-04 9.9692991475e-06 1.6932868113e+01
-3.3618199920e-04 7.2818721539e-06 1.7589236987e+01
-9.6539614792e-05 8.9351092748e-05 3.5667759183e+01
7.7790620490e-05 1.1118978143e-04 2.2061023370e+01
4.7206540205e-05 1.0597027896e-04 2.6738837278e+01
-1.0564026354e-04 7.6056177677e-05 3.7899425995e+01
-1.0263228988e-04 7.5989066409e-05 3.7964871095e+01
-1.0864304861e-04 7.6128390779e-05 3.7835250326e+01
1.4597874234e-04 1.3222272858e-04 1.6988427259e+01
1.4583334718e-04 1.2842302006e-04 1.6996017322e+01
1.8058825541e-04 6.4271594435e-05 1.7026818234e+01
1.7733589102e-04 6.6661886924e-05 1.7028237278e+01
1.7675059550e-04 6.3456818407e-05 1.6997645093e+01
1.7350844766e-04 6.5807870782e-05 1.7012513535e+01
1.7294421241e-04 6.2675938849e-05 1.7036916892e+01
1.6971470856e-04 6.4989671659e-05 1.6990851872e+01
1.6916121248e-04 6.1910027577e-05 1.7113231253e+01
1.6594897325e-04 6.4198721062e-05 1.7112980701e+01
1.6649587087e-04 6.7302244131e-05 1.6985067801e+01
1.6274813617e-04 6.6478147528e-05 1.7100560468e+01
1.6218329371e-04 6.3402172444e-05 1.7407810830e+01
1.5900209438e-04 6.5654975100e-05 1.7410237187e+01
1.5841368160e-04 6.2602686846e-05 1.7760031225e+01
1.5525028637e-04 6.4827193114e-05 1.7820540909e+01
1.5463990617e-04 6.1801005123e-05 1.8204327658e+01
1.5149235827e-04 6.3997846429e-05 1.8320536465e+01
1.5086021150e-04 6.1000244372e-05 1.8732043073e+01
1.4772615110e-04 6.3169388723e-05 1.8913521281e+01
1.4707404614e-04 6.0203630873e-05 1.9335815449e+01
1.5022798360e-04 5.8049809707e-05 1.9119927677e+01
1.4395167801e-04 6.2345881990e-05 1.9585840865e+01
1.4328081999e-04 5.9412634684e-05 2.0020113931e+01
1.4016825088e-04 6.1529658089e-05 2.0338088140e+01
1.3947825012e-04 5.8632193463e-05 2.0775955250e+01
1.3637439332e-04 6.0722713227e-05 2.1170508583e+01
1.3566677818e-04 5.7861825121e-05 2.1588474301e+01
1.3257024172e-04 5.9927577399e-05 2.2048392721e+01
1.3184588471e-04 5.7104177372e-05 2.2535179785e+01
1.2875340943e-04 5.9146706995e-05 2.2993346840e+01
1.2801686814e-04 5.6361511365e-05 2.3041972660e+01
1.2495064920e-04 5.8383071504e-05 2.2898491814e+01
1.2422041504e-04 5.5639287651e-05 2.2917847530e+01
1.2119008295e-04 5.7641625063e-05 2.2932553128e+01
1.2046440637e-04 5.4937648107e-05 2.2916520712e+01
1.2350743335e-04 5.2941718504e-05 2.2935883249e+01
1.1746923077e-04 5.6922056583e-05 2.2908302930e+01
1.1674756026e-04 5.4256452970e-05 2.2906732574e+01
1.1378753414e-04 5.6224635714e-05 2.2896107368e+01
1.1306769237e-04 5.3598451459e-05 2.2893142053e+01
1.1014281164e-04 5.5549463883e-05 2.2882602984e+01
1.0942470932e-04 5.2961641461e-05 2.2880076263e+01
1.0653532233e-04 5.4897000891e-05 2.2868707379e+01
1.0581750634e-04 5.2346806178e-05 2.2866664259e+01
1.0296279057e-04 5.4267278271e-05 2.2854951563e+01
1.0224483580e-04 5.1754137553e-05 2.2853270525e+01
9.9425071058e-05 5.3659928474e-05 2.2841322560e+01
9.8705759636e-05 5.1183686387e-05 2.2840241175e+01
9.5920954481e-05 5.3075892145e-05 2.2828077291e+01
9.5199250342e-05 5.0635614016e-05 2.2827297767e+01
9.2448204820e-05 5.2514738860e-05 2.2815474842e+01
9.1724421503e-05 5.0109104712e-05 2.2814983361e+01
9.8000601218e-05 4.8747908847e-05 2.2838379953e+01
8.9007487528e-05 5.1976122665e-05 2.2803423175e+01
8.8279455788e-05 4.9606356142e-05 2.2803246281e+01
8.5596245550e-05 5.1460634045e-05 2.2792093586e+01
8.4864050773e-05 4.9125348071e-05 2.2792197538e+01
8.2213281562e-05 5.0967967205e-05 2.2781653829e+01
8.1477227963e-05 4.8665717894e-05 2.2781930111e+01
8.7565161382e-05 4.7275543339e-05 2.2802324970e+01
7.8859174698e-05 5.0497554297e-05 2.2772081356e+01
7.8117255998e-05 4.8229493013e-05 2.2772597299e+01
7.5531280715e-05 5.0049904069e-05 2.2763494585e+01
7.4783737037e-05 4.7814684336e-05 2.2764045210e+01
7.2228398887e-05 4.9624643262e-05 2.2756005403e+01
7.1475707964e-05 4.7420861496e-05 2.2756452117e+01
7.7388864286e-05 4.5999062326e-05 2.2772490296e+01
6.8951248283e-05 4.9221080276e-05 2.2749502993e+01
6.8191575377e-05 4.7049851985e-05 2.2749871401e+01
6.5697165208e-05 4.8839669506e-05 2.2744121142e+01
6.4930894458e-05 4.6699695439e-05 2.2743957871e+01
6.2464976627e-05 4.8479991496e-05 2.2739891229e+01
6.1692722420e-05 4.6369902595e-05 2.2738788549e+01
6.7445558031e-05 4.4915358094e-05 2.2751134373e+01
5.9255546974e-05 4.8141250205e-05 2.2736359479e+01
5.8475600366e-05 4.6062106431e-05 2.2733899242e+01
5.6066199544e-05 4.7823864237e-05 2.2733797992e+01
5.5279040666e-05 4.5774361264e-05 2.2726737426e+01
5.2895783794e-05 4.7527381569e-05 2.2726245578e+01
5.2102125458e-05 4.5506102512e-05 2.2731461790e+01
5.7709561451e-05 4.4018864573e-05 2.2741293765e+01
4.8943587423e-05 4.5258750003e-05 2.2672457000e+01
4.6612068498e-05 4.6994894915e-05 2.2626744004e+01
4.5803368759e-05 4.5030346774e-05 2.2939706126e+01
4.3495579117e-05 4.6758877693e-05 2.2991737839e+01
4.2661329562e-05 4.4815591124e-05 2.4322686881e+01
4.8156130534e-05 4.3300883264e-05 2.2872675104e+01
4.0369241854e-05 4.6534056733e-05 2.4688368432e+01
3.9493003376e-05 4.4609673231e-05 2.5617267997e+01
3.7215975595e-05 4.6318760400e-05 2.6000926164e+01
3.6300678873e-05 4.4411508474e-05 2.6970931111e+01
3.8603451884e-05 4.2710562409e-05 2.6598284189e+01
3.4038729486e-05 4.6112633193e-05 2.7375123953e+01
3.3085854202e-05 4.4221065395e-05 2.8280158689e+01
3.0839037359e-05 4.5915661863e-05 2.8701006406e+01
2.9849686396e-05 4.4040124380e-05 2.9564232804e+01
2.7618354353e-05 4.5728173442e-05 2.9987792726e+01
2.6593746362e-05 4.3867392618e-05 3.0807627309e+01
2.4378047208e-05 4.5550038206e-05 3.1225798307e+01
2.3319278954e-05 4.3703261673e-05 3.2004412941e+01
2.1118561222e-05 4.5381330342e-05 3.2409467043e+01
2.0027397802e-05 4.3547785381e-05 3.3148975465e+01
1.7843783350e-05 4.5221841383e-05 3.3533909878e+01
1.6719725177e-05 4.3400935099e-05 3.4237272095e+01
1.4552634329e-05 4.5071641482e-05 3.4597210124e+01
1.3397117343e-05 4.3262632562e-05 3.5266811966e+01
1.1245843366e-05 4.4930633718e-05 3.5598004401e+01
1.0060677741e-05 4.3132271985e-05 3.6236237492e+01
1.5583409401e-05 4.1598586056e-05 3.4929915583e+01
7.9273916176e-06 4.4798315361e-05 3.6535083373e+01
4.5958628827e-06 4.4674924702e-05 3.7409462019e+01
3.3508308046e-06 4.2897703647e-05 3.7992848898e+01
5.4837497709e-06 4.1240557944e-05 3.7749453365e+01
1.2528832192e-06 4.4559986607e-05 3.8221992886e+01
-2.1005587217e-06 4.4453187785e-05 3.8974182081e+01
-3.4019820293e-06 4.2694072937e-05 3.9511659001e+01
-5.4634821120e-06 4.4354461304e-05 3.9667871453e+01
-8.8350921211e-06 4.4263367078e-05 4.0305264693e+01
-1.0190647673e-05 4.2520132293e-05 4.0804766329e+01
-1.2214541545e-05 4.4179612464e-05 4.0888736810e+01
-1.3596430202e-05 4.2443509727e-05 4.1371864093e+01
-1.1557793240e-05 4.0790781512e-05 4.1303992745e+01
-1.5601121687e-05 4.4102913009e-05 4.1420809116e+01
-1.7008964351e-05 4.2372999598e-05 4.1889203963e+01
-1.8995247588e-05 4.4033123643e-05 4.1904209940e+01
-2.0427511311e-05 4.2309625614e-05 4.2359028740e+01
-2.2393003909e-05 4.3969463763e-05 4.2341218477e+01
-2.5796637860e-05 4.3912076081e-05 4.2734811454e+01
-2.7279586897e-05 4.2199778987e-05 4.3166720129e+01
-2.9204898796e-05 4.3860540561e-05 4.3087534050e+01
-3.0712240814e-05 4.2153106440e-05 4.3509602397e+01
-3.2617163121e-05 4.3814564364e-05 4.3401953787e+01
-3.4148545194e-05 4.2111604782e-05 4.3815157950e+01
-3.6032837429e-05 4.3773855050e-05 4.3680576362e+01
-3.7587977439e-05 4.2074986077e-05 4.4085785808e+01
-3.9451463085e-05 4.3738151817e-05 4.3925831451e+01
-4.1030066691e-05 4.2043024640e-05 4.4323843112e+01
-4.2872524989e-05 4.3707185284e-05 4.4140056254e+01
-4.4474352252e-05 4.2015451955e-05 4.4531572132e+01
-4.6295620708e-05 4.3680718226e-05 4.4325490624e+01
-4.7920413920e-05 4.1992064935e-05 4.4711152436e+01
-4.9720284907e-05 4.3658506437e-05 4.4484265680e+01
-5.1367829436e-05 4.1971934672e-05 4.4864760541e+01
-5.3036976817e-05 4.0297374010e-05 4.5245643618e+01
-5.4815270747e-05 4.1956001577e-05 4.4994135000e+01
-5.8264291347e-05 4.1943830786e-05 4.5101239087e+01
-5.9979933053e-05 4.0273728261e-05 4.5472476356e+01
-6.1714977756e-05 4.1935336095e-05 4.5187796155e+01
-6.3451595114e-05 4.0266764264e-05 4.5554819531e+01
-6.5163129392e-05 4.1929581032e-05 4.5255516480e+01
-6.8611771869e-05 4.1927062223e-05 4.5305895497e+01
-7.0393188259e-05 4.0261502814e-05 4.5665424798e+01
-7.2061204165e-05 4.1927772814e-05 4.5340334551e+01
-7.3863205317e-05 4.0262662429e-05 4.5696647885e+01
-6.8693663798e-05 3.8604829487e-05 4.5980770643e+01
-7.5507166103e-05 4.1930685910e-05 4.5360321961e+01
-7.7331609684e-05 4.0267037258e-05 4.5713402249e+01
-7.8952704926e-05 4.1936574394e-05 4.5366952949e+01
-8.0798694828e-05 4.0273631453e-05 4.5717088577e+01
-8.2398174870e-05 4.1945354280e-05 4.5361356212e+01
-7.9167741639e-05 3.8611964494e-05 4.6064883208e+01
-8.5839246768e-05 4.1955964370e-05 4.5344804927e+01
-8.7727606429e-05 4.0293786726e-05 4.5689477005e+01
-8.9279049317e-05 4.1969291359e-05 4.5318063304e+01
-9.1188673566e-05 4.0307301626e-05 4.5660129589e+01
-9.2717964801e-05 4.1985305248e-05 4.5281993534e+01
-9.4647475858e-05 4.0323024404e-05 4.5621590966e+01
-8.9627955496e-05 3.8639792187e-05 4.6031940658e+01
-9.6152838391e-05 4.2002588067e-05 4.5237727542e+01
-9.8103380711e-05 4.0340112514e-05 4.5574814565e+01
3.4572942567e-04 3.0103055065e-05 1.3907343256e+01
-9.7765684044e-05 4.4193105965e-06 5.2828904517e+01
-9.9533394789e-05 5.8871620739e-06 5.2559647781e+01
-1.0345963800e-04 5.8870645086e-06 5.2519435593e+01
1.0829634202e-04 1.2746482754e-04 1.7069184049e+01
3.4295098207e-04 3.7469482733e-05 1.3917860889e+01
3.3960731317e-04 4.0929646021e-05 1.4010857869e+01
8.3763546749e-05 1.1987567615e-04 2.1946469339e+01
4.1988649201e-05 1.0443731018e-04 2.8827608631e+01
4.1362207054e-05 1.0212138565e-04 2.7993723426e+01
3.9362183286e-05 1.0373765230e-04 2.9750850456e+01
3.0199701425e-04 2.9533508703e-05 1.5905170039e+01
4.0784721603e-05 7.6591537925e-05 2.2667663224e+01
-1.0738534351e-04 5.8871415243e-06 5.2466026128e+01
-1.0959994783e-04 4.4185122130e-06 5.2686503071e+01
-1.1131048653e-04 5.8873671387e-06 5.2400041621e+01
3.5024846339e-04 1.1547712933e-05 1.3456664621e+01
1.2964349001e-04 1.0058685145e-04 1.7008670071e+01
3.0363221483e-04 1.9187705772e-05 1.6645200775e+01
-2.7075701227e-04 2.6328456845e-05 2.6433071305e+01
-6.1707013999e-05 3.8612959325e-05 4.5843096409e+01
-2.4620555054e-04 5.4648829146e-05 3.6822212342e+01
-2.6732056400e-04 3.0009807241e-05 2.8772968301e+01
-5.4719843160e-05 3.8632656322e-05 4.5626323810e+01
-4.2620010864e-05 4.0358604229e-05 4.4722673981e+01
-3.5691290743e-05 4.0419924180e-05 4.4229346987e+01
-2.5843806036e-04 3.0961104269e-05 3.2781910697e+01
-2.8773957313e-05 4.0499405206e-05 4.3599614122e+01
-9.2672946103e-05 7.0198010429e-05 3.9297844594e+01
-2.1872034375e-05 4.0599018794e-05 4.2814665576e+01
-1.1354384952e-04 4.4185761759e-06 5.2613195808e+01
-1.1523503560e-04 5.8877526705e-06 5.2322061040e+01
-1.1748732691e-04 4.4186030953e-06 5.2527977949e+01
-1.1915896602e-04 5.8882778714e-06 5.2232510456e+01
-2.5254489654e-04 2.8434512034e-05 3.4793991994e+01
-8.6497595952e-05 7.0122022320e-05 3.9433434294e+01
-2.4945318334e-04 3.2045913358e-05 3.5695407204e+01
-4.7151257802e-06 4.0949899322e-05 4.0047524615e+01
-2.2697205259e-04 4.7757254280e-05 3.8798469336e+01
-2.1130005784e-04 1.5214587826e-05 4.4804837655e+01
-7.1016237764e-05 7.0011596914e-05 3.9730950513e+01
-6.6033318481e-05 9.4849112591e-05 3.5360841474e+01
-6.0343591931e-05 9.4850471744e-05 3.5531313272e+01
2.2248094190e-05 4.1876613351e-05 3.2766684946e+01
-5.4656645187e-05 9.4880961255e-05 3.5716369079e+01
-4.8974750749e-05 9.4942467115e-05 3.5912898874e+01
2.8847657159e-05 4.2186594644e-05 3.0403405231e+01
-4.3300172756e-05 9.5037266911e-05 3.6116337392e+01
-3.7635171830e-05 9.5168067706e-05 3.6320324046e+01
-3.1982010002e-05 9.5338049491e-05 3.6516312465e+01
-3.7082447888e-04 1.6588959431e-05 1.1247410622e+01
-2.6342957322e-05 9.5550914317e-05 3.6693130649e+01
-2.0720324831e-05 9.5810942733e-05 3.6836513808e+01
7.6275729731e-05 8.4978185864e-05 2.2599572316e+01
7.6855339259e-05 8.7634545034e-05 2.2572905692e+01
7.9376866145e-05 8.5899335213e-05 2.2610325437e+01
7.9940965872e-05 8.8599135570e-05 2.2584368569e+01
8.2509213801e-05 8.6858083843e-05 2.2625696464e+01
8.3058667659e-05 8.9603161062e-05 2.2600679981e+01
8.5675562204e-05 8.7854037955e-05 2.2644194059e+01
8.6210874400e-05 9.0646547076e-05 2.2621609610e+01
8.8876733569e-05 8.8890658214e-05 2.2667829111e+01
8.9399499870e-05 9.1730611993e-05 2.2647527686e+01
9.2122587323e-05 8.9968132738e-05 2.2694014720e+01
-1.5116401697e-05 9.6123043707e-05 3.6928643429e+01
-9.5335259446e-06 9.6492832443e-05 3.6947791169e+01
-3.9741451580e-06 9.6926668640e-05 3.6868309636e+01
1.5592336611e-06 9.7431701652e-05 3.6661431961e+01
7.0640182161e-06 9.8015879889e-05 3.6297439978e+01
-1.2143030469e-04 4.4188846226e-06 5.2431092863e+01
-1.2308209989e-04 5.8896252900e-06 5.2131669546e+01
-1.2700481786e-04 5.8899029297e-06 5.2020090682e+01
1.2537576176e-05 9.8687935817e-05 3.5749386694e+01
1.7977359785e-05 9.9457384389e-05 3.4997213273e+01
-1.6123855744e-04 2.7648195312e-05 4.6494044556e+01
-1.5052487344e-04 2.7560484095e-05 4.6971904136e+01
1.0511470766e-04 4.9838584888e-05 2.2864193155e+01
-9.5750270670e-05 7.0243041034e-05 3.9228482646e+01
-9.9624799940e-05 7.5929843896e-05 3.8030817459e+01
1.1236371946e-04 5.1015911580e-05 2.2890037457e+01
2.0031443100e-04 4.9957472770e-05 1.7097603169e+01
1.9969347480e-04 4.6977837244e-05 1.7214278068e+01
2.0299044293e-04 4.4612867854e-05 1.7255568404e+01
1.9906215335e-04 4.4023926324e-05 1.7328956572e+01
1.9577892189e-04 4.6366440464e-05 1.7266587134e+01
1.9514294624e-04 4.3431525150e-05 1.7410007309e+01
1.9187242884e-04 4.5753477778e-05 1.7366440639e+01
1.9123226473e-04 4.2838262161e-05 1.7518359284e+01
1.8797390962e-04 4.5139390495e-05 1.7481682110e+01
1.8732868131e-04 4.2244890442e-05 1.7659702299e+01
1.8408192381e-04 4.4524925413e-05 1.7633586231e+01
1.8343142008e-04 4.1653006584e-05 1.7827615629e+01
1.8019401647e-04 4.3914691944e-05 1.7818941477e+01
1.7953979823e-04 4.1064432106e-05 1.8025560377e+01
1.7631394804e-04 4.3301830171e-05 1.8041602282e+01
1.7565275526e-04 4.0480203436e-05 1.8266453507e+01
1.7243648050e-04 4.2695471062e-05 1.8309385927e+01
1.7176865358e-04 3.9901583652e-05 1.8552307536e+01
1.6855945000e-04 4.2098010566e-05 1.8624561038e+01
1.6788587563e-04 3.9329900687e-05 1.8882886885e+01
1.6468597156e-04 4.1501800753e-05 1.8986055614e+01
1.6400342067e-04 3.8766025297e-05 1.9258290491e+01
1.6081092085e-04 4.0915621345e-05 1.9396336707e+01
1.6012009064e-04 3.8211118922e-05 1.9678499540e+01
6.5169905753e-05 1.1293639545e-04 2.1693962925e+01
6.2597724325e-05 1.1178646750e-04 2.1901880241e+01
1.5693418196e-04 4.0338906271e-05 1.9855328660e+01
1.5623485832e-04 3.7666324610e-05 2.0145365658e+01
1.5305483229e-04 3.9772580289e-05 2.0363835669e+01
1.5234683236e-04 3.7132687637e-05 2.0658890710e+01
1.3112839916e-04 5.4328770831e-05 2.2864485159e+01
1.4917205057e-04 3.9217724077e-05 2.0919767266e+01
1.4845526249e-04 3.6611224276e-05 2.1217793950e+01
1.4528510484e-04 3.8675442143e-05 2.1526832919e+01
1.4455954119e-04 3.6102949004e-05 2.1819517895e+01
1.4139196171e-04 3.8149635179e-05 2.2161406047e+01
1.4065921485e-04 3.5608921317e-05 2.2495248541e+01
1.3749572746e-04 3.7633435727e-05 2.2856441040e+01
1.3675352723e-04 3.5129974532e-05 2.3000505529e+01
1.3360416272e-04 3.7134706863e-05 2.2929795487e+01
1.3286802208e-04 3.4667194186e-05 2.2917790078e+01
1.4074812899e-04 8.2158341623e-05 1.7183355358e+01
1.2974636890e-04 3.6653921156e-05 2.2936953790e+01
1.2901686443e-04 3.4221754501e-05 2.2926659387e+01
1.2592200291e-04 3.6190871230e-05 2.2919291989e+01
1.2519801920e-04 3.3794277502e-05 2.2915215981e+01
1.2213048250e-04 3.5746015197e-05 2.2909766278e+01
1.2141092488e-04 3.3385095981e-05 2.2903927456e+01
1.1837109941e-04 3.5319741729e-05 2.2898793747e+01
1.1765504075e-04 3.2994631045e-05 2.2893095938e+01
1.1464328575e-04 3.4912420800e-05 2.2886976173e+01
1.1392982600e-04 3.2623251230e-05 2.2882084081e+01
1.1094641865e-04 3.4524372468e-05 2.2875845736e+01
1.1023472351e-04 3.2271280885e-05 2.2870965590e+01
1.3879343328e-04 5.5783035378e-05 2.1189656995e+01
1.0727994729e-04 3.4155885648e-05 2.2863945235e+01
1.0656915893e-04 3.1938919430e-05 2.2859845188e+01
1.0364323385e-04 3.3807156211e-05 2.2852901280e+01
1.0293253412e-04 3.1626275742e-05 2.2848723620e+01
1.0003569627e-04 3.3478306614e-05 2.2841023278e+01
9.9324222837e-05 3.1333315396e-05 2.2838043927e+01
9.6456657351e-05 3.3169326480e-05 2.2830052724e+01
9.5743580046e-05 3.1059908158e-05 2.2827560794e+01
9.2904106344e-05 3.2882597380e-05 2.2819812508e+01
9.2189900583e-05 3.0805826675e-05 2.2818011270e+01
-1.2931478428e-04 4.4196585607e-06 5.2203743007e+01
-1.3092672766e-04 5.8907870400e-06 5.1897684064e+01
-1.3325684640e-04 4.4177472147e-06 5.2073921115e+01
-1.3484798668e-04 5.8914740121e-06 5.1764641830e+01
-1.3719728561e-04 4.4202397549e-06 5.1932450282e+01
-1.3876828644e-04 5.8930282760e-06 5.1620740764e+01
8.9381141896e-05 3.2610958203e-05 2.2808735883e+01
8.8662528420e-05 3.0570544181e-05 2.2809687777e+01
8.5883651470e-05 3.2360236660e-05 2.2800234109e+01
8.5160736127e-05 3.0353575504e-05 2.2802498901e+01
8.2410356369e-05 3.2130978754e-05 2.2792789655e+01
8.1683670481e-05 3.0154439106e-05 2.2797112356e+01
7.8964217559e-05 3.1915703854e-05 2.2785227608e+01
7.8230578952e-05 2.9972303795e-05 2.2794454989e+01
7.5541185956e-05 3.1719705218e-05 2.2782178138e+01
7.4800660000e-05 2.9806382167e-05 2.2790063865e+01
7.1392988161e-05 2.9655986737e-05 2.2801498330e+01
6.8763127452e-05 3.1378734979e-05 2.2789620520e+01
6.8006762572e-05 2.9520140206e-05 2.2759503646e+01
6.5406844775e-05 3.1231205279e-05 2.2736303889e+01
6.4641414049e-05 2.9398046432e-05 2.2944835841e+01
6.2070005797e-05 3.1100789623e-05 2.2968025972e+01
6.1281237812e-05 2.9285052111e-05 2.3819209811e+01
5.8737302797e-05 3.0975147491e-05 2.3930887424e+01
5.7900859920e-05 2.9173404530e-05 2.4785705229e+01
5.5382741346e-05 3.0853026632e-05 2.4929084389e+01
5.4501383455e-05 2.9063410173e-05 2.5800153696e+01
5.2007160234e-05 3.0735665649e-05 2.5985814828e+01
5.1083540253e-05 2.8955463282e-05 2.6853218645e+01
4.8614399948e-05 3.0616824335e-05 2.7072732499e+01
4.7648187014e-05 2.8849701156e-05 2.7937247193e+01
4.5202779684e-05 3.0502347726e-05 2.8185906427e+01
4.4196131615e-05 2.8746367236e-05 2.9040989636e+01
4.1773777495e-05 3.0391182833e-05 2.9312234247e+01
4.0728131875e-05 2.8645808113e-05 3.0155544737e+01
3.8328339908e-05 3.0283391042e-05 3.0443473930e+01
3.7244986858e-05 2.8548257274e-05 3.1271718884e+01
3.4867339338e-05 3.0179165256e-05 3.1570313380e+01
3.3747488301e-05 2.8453937684e-05 3.2381152911e+01
3.1391620981e-05 3.0078728139e-05 3.2684574139e+01
3.0236419384e-05 2.8363061607e-05 3.3475999389e+01
2.7901280131e-05 2.9984431126e-05 3.3778364803e+01
2.6712535248e-05 2.8275882227e-05 3.4549176006e+01
2.4399260710e-05 2.9890318783e-05 3.4845800165e+01
2.3176648743e-05 2.8192427544e-05 3.5594464405e+01
2.0884481638e-05 2.9801987644e-05 3.5880422903e+01
1.9629513340e-05 2.8112834673e-05 3.6606481908e+01
1.7357546161e-05 2.9720420790e-05 3.6877285549e+01
1.6071829410e-05 2.8037342341e-05 3.7580760917e+01
1.3821131771e-05 2.9639416570e-05 3.7833289300e+01
1.2504366130e-05 2.7965877710e-05 3.8513751858e+01
1.0274370953e-05 2.9564391109e-05 3.8744826876e+01
8.9278352208e-06 2.7898458897e-05 3.9402682471e+01
5.3429021330e-06 2.7835167219e-05 4.0245575763e+01
3.1539647191e-06 2.9428269281e-05 4.0426878551e+01
1.7502374809e-06 2.7775956602e-05 4.1041160509e+01
-4.1821396335e-07 2.9366858276e-05 4.1195232150e+01
-1.8495158303e-06 2.7720764163e-05 4.1788757748e+01
-5.4557430680e-06 2.7669512911e-05 4.2488264052e+01
-7.5832183665e-06 2.9256892876e-05 4.2585506637e+01
-9.0678567415e-06 2.7622108225e-05 4.3139998179e+01
-1.1174814398e-05 2.9208120807e-05 4.3208402821e+01
-1.2685296813e-05 2.7578441599e-05 4.3744708708e+01
-1.4771701177e-05 2.9163314846e-05 4.3784392846e+01
-1.6307530369e-05 2.7538391568e-05 4.4303426809e+01
-1.8373338272e-05 2.9122342757e-05 4.4314801601e+01
-1.9934051619e-05 2.7501827662e-05 4.4817483203e+01
-2.3564381288e-05 2.7468612145e-05 4.5288381479e+01
-2.5588834279e-05 2.9051285323e-05 4.5245115855e+01
-2.7198065916e-05 2.7438602883e-05 4.5717804935e+01
-2.9201995271e-05 2.9023008246e-05 4.5648199589e+01
-3.0834685616e-05 2.7411733643e-05 4.6107531188e+01
-3.2817556685e-05 2.8994075831e-05 4.6013238784e+01
-3.6435744137e-05 2.8969662987e-05 4.6341362787e+01
-3.8115084086e-05 2.7366389024e-05 4.6775481235e+01
1.5781983669e-04 5.9594591363e-05 1.8107202328e+01
1.6837932237e-04 1.3401566012e-04 1.5475866386e+01
1.7227658492e-04 1.3545103494e-04 1.5283818314e+01
5.8215324064e-05 8.0209993825e-05 2.2607030122e+01
9.6749742430e-05 1.4926020793e-04 1.9032818246e+01
1.3502876922e-04 1.2710981519e-04 1.7038385744e+01
6.4150889008e-05 8.1663043902e-05 2.2593514949e+01
1.9164642556e-04 6.3546296562e-05 1.7027875440e+01
-2.0693169044e-04 5.0077771477e-05 3.9973371763e+01
1.0208732295e-04 9.3426871618e-05 2.2792094616e+01
1.0550055476e-04 9.4654328260e-05 2.2823958495e+01
-1.4113748517e-04 4.4214261826e-06 5.1780074590e+01
-1.4268782887e-04 5.8945158151e-06 5.1466031861e+01
-1.4507719433e-04 4.4222786656e-06 5.1616521957e+01
-1.4660653671e-04 5.8961048294e-06 5.1300209187e+01
-2.0608450769e-04 4.6199905695e-05 4.0569187441e+01
2.8216790303e-04 1.2507499055e-04 1.3035866828e+01
2.8559934673e-04 1.2211343383e-04 1.3050997986e+01
2.8512262642e-04 1.1825439481e-04 1.3229985859e+01
2.8902243017e-04 1.1913457229e-04 1.3063878148e+01
-1.9560243739e-04 2.6405742660e-05 4.4613956559e+01
1.2310519175e-04 1.0127208525e-04 1.8022033357e+01
1.1962722538e-04 9.9928423483e-05 1.9914002660e+01
-1.6834846745e-04 2.7714232012e-05 4.6134902456e+01
-1.8146088160e-04 1.5048462693e-05 4.7725269138e+01
-1.8521350252e-04 1.5066194910e-05 4.7442354369e+01
-1.4901624208e-04 4.4233358455e-06 5.1441259737e+01
-1.5052435631e-04 5.8978500146e-06 5.1122944123e+01
-1.5295467379e-04 4.4243535565e-06 5.1254012633e+01
-1.5444124787e-04 5.8997484725e-06 5.0933728299e+01
-1.1381979550e-04 5.5998357305e-05 4.1851798774e+01
-1.5689236478e-04 4.4256405511e-06 5.1054023172e+01
-1.5835690981e-04 5.9025540808e-06 5.0731882245e+01
-1.6082933354e-04 4.4270315141e-06 5.0840759975e+01
-1.6226528739e-04 5.9064879768e-06 5.0516953149e+01
-1.6476150633e-04 4.4247491689e-06 5.0614078338e+01
-2.5076588793e-04 1.4108161395e-05 3.6197019165e+01
-2.4717667053e-04 1.4036845339e-05 3.7436841698e+01
-2.5432815272e-04 1.4190057128e-05 3.4833663842e+01
2.0433257434e-04 1.5318611879e-04 1.3838881284e+01
2.0800699051e-04 1.5058691271e-04 1.3890536970e+01
-5.6850922510e-05 5.7402599433e-05 4.2152816116e+01
-5.3599852156e-05 5.7422399435e-05 4.2102100994e+01
-1.0131354914e-04 5.2323548483e-05 4.2901585132e+01
-1.0459679052e-04 5.2353520266e-05 4.2833534595e+01
1.5350813687e-04 1.3553188834e-04 1.6463896230e+01
-2.8796358021e-04 4.5073074394e-05 2.2606969828e+01
-2.8573529268e-04 4.4114220888e-05 2.3220613942e+01
-3.0652978566e-04 2.4512446276e-05 1.7080404840e+01
-3.0373356769e-04 2.3722932148e-05 1.7083819043e+01
-1.7794951728e-04 2.6179941792e-05 4.5901931797e+01
-1.8150055093e-04 2.6217191470e-05 4.5673607717e+01
-1.7363818048e-04 5.0298852304e-05 4.1420894590e+01
-1.7678874768e-04 5.0416450055e-05 4.1284995599e+01
-1.7755225076e-04 5.2287477139e-05 4.0915389704e+01
-1.7047484173e-04 5.0185402093e-05 4.1553454098e+01
-1.7994311563e-04 5.0542517044e-05 4.1144129669e+01
-1.9418043681e-04 4.7469986432e-05 4.1052054760e+01
-1.9729742357e-04 4.7617190300e-05 4.0866473696e+01
-2.2262322123e-04 2.5261336417e-05 4.1768194143e+01
-2.1919550995e-04 2.5173109582e-05 4.2277732127e+01
-2.2603311122e-04 2.5353342141e-05 4.1218838039e+01
-2.1545908839e-04 4.8754631993e-05 3.9608844931e+01
-2.7641977850e-04 4.0850984826e-05 2.6751192681e+01
-2.3281650978e-04 2.5569635007e-05 3.9978554172e+01
-2.5682758204e-04 5.0034869660e-05 3.5161018014e+01
-2.5936462955e-04 5.0607051774e-05 3.4822801832e+01
-2.4098194201e-04 5.3722157182e-05 3.7281711340e+01
-2.3831435374e-04 5.3297765128e-05 3.7517718056e+01
-4.0042984643e-05 2.8953793238e-05 4.6632695227e+01
7.5250851488e-05 1.1263958890e-04 2.1926211940e+01
-4.1747330322e-05 2.7351258362e-05 4.7056093694e+01
-2.5090038565e-04 4.5378872448e-06 3.6962184889e+01
2.3085845094e-04 1.4583034388e-04 1.3576437922e+01
2.3442511196e-04 1.4310231682e-04 1.3612538826e+01
-3.3123124647e-04 9.5035906644e-06 1.6955364006e+01
-3.3255978411e-04 6.9250610317e-06 1.7383275386e+01
-3.2769725309e-04 9.0842013413e-06 1.6984858424e+01
-3.2893638883e-04 6.6122343182e-06 1.7227062669e+01
-3.2418177295e-04 8.6978916932e-06 1.7003280022e+01
-3.2531635903e-04 6.3449358542e-06 1.7103062362e+01
-2.4308514087e-04 4.5057268864e-06 3.9595914644e+01
-9.6156171872e-05 5.4019307604e-05 4.2624060042e+01
-9.4296717012e-05 5.5760588501e-05 4.2280634032e+01
-9.5697213866e-05 5.7542097966e-05 4.1875429342e+01
-9.2467303861e-05 5.7511359212e-05 4.1937143524e+01
-2.8885887973e-04 4.9022216023e-06 1.7049200323e+01
-2.8527886278e-04 6.5302663032e-06 1.6956940190e+01
-2.8518901064e-04 4.8292172023e-06 1.7160316172e+01
-3.0723543114e-04 5.4389495642e-06 1.7055157036e+01
-3.0359039184e-04 5.2962930130e-06 1.7041496852e+01
-1.7653567190e-04 4.4282476505e-06 4.9837802779e+01
-1.8040873354e-04 4.4178105800e-06 4.9548298307e+01
-3.1454131929e-04 5.7393432793e-06 1.7061512032e+01
-3.2507109717e-04 1.4311753006e-05 1.7021502852e+01
-2.6977330874e-04 4.8628904616e-05 3.2239936913e+01
-8.5507250948e-05 1.1752791228e-04 3.2507776000e+01
-8.2844073171e-05 1.1747166965e-04 3.2471269197e+01
-3.1816348084e-04 5.9123074616e-06 1.6987247865e+01
-3.2069398977e-04 8.3747268864e-06 1.7007532867e+01
-2.5429063881e-04 4.9500555540e-05 3.5508893569e+01
-2.5155575334e-04 5.1207575813e-05 3.6049152705e+01
1.2667656350e-04 1.5638934468e-04 1.7303271233e+01
1.2330852905e-04 1.5442431533e-04 1.7332058990e+01
3.3761727061e-04 8.7563995270e-05 1.2433931907e+01
-2.9460743788e-04 4.0032126101e-05 1.7197132373e+01
-2.2429529137e-04 4.9522547311e-05 3.8878078814e+01
4.8434526025e-05 1.2910537973e-04 5.0250481954e+01
5.0653263490e-05 1.3002156487e-04 5.1399792665e+01
1.8098609540e-04 1.5700825835e-04 1.4118665790e+01
1.8879246483e-04 1.5585462502e-04 1.4026718362e+01
-1.9766567768e-04 9.4837141014e-05 3.5506094885e+01
3.5347772513e-04 6.6861893361e-05 1.2397259208e+01
-2.0229534047e-04 9.3406471833e-05 3.5655423366e+01
-2.0438512974e-04 9.1550082574e-05 3.5788223529e+01
-1.5072863974e-04 1.0642575879e-04 3.4075810711e+01
3.2774617086e-04 9.7140214554e-05 1.2495306865e+01
-2.8606078445e-04 6.0928246910e-05 3.5870348736e+01
-2.8352788949e-04 6.2330335393e-05 3.6459607133e+01
3.7694266559e-04 8.3615258070e-06 7.3249987713e+00
3.6533516807e-04 7.9995850869e-06 9.6873476508e+00
-1.2239465405e-04 1.1261975013e-04 3.3294757886e+01
3.2923521094e-04 7.1231421038e-06 1.6756972955e+01
2.9674056576e-04 6.1833036719e-06 1.7523522576e+01
2.7285827760e-04 5.8678191593e-06 2.0830565378e+01
2.6096948248e-04 5.3977830647e-06 2.1545424264e+01
2.4879368791e-04 5.0685951624e-06 2.1383196993e+01
2.2091582128e-04 4.2495043427e-06 2.0786732398e+01
-1.9311616088e-04 9.6280740336e-05 3.5354036794e+01
1.9309621144e-04 3.6331318486e-06 2.0759509978e+01
3.1368159985e-04 1.0556595638e-04 1.2734110040e+01
3.1708450562e-04 1.0250793238e-04 1.2725762057e+01
3.1030740340e-04 1.0864557259e-04 1.2736379267e+01
1.6523709886e-04 3.2510881979e-06 2.1423804451e+01
1.3740214045e-04 3.1374275025e-06 2.2040076424e+01
-8.8175551221e-05 1.1753007124e-04 3.2549019896e+01
3.8889529671e-05 3.0395966284e-06 3.6807136190e+01
3.5386699526e-04 7.1025046687e-05 1.2227947491e+01
-2.0644396372e-05 2.9890110480e-06 4.9263498692e+01
-2.4300467902e-04 2.7816881995e-05 3.7538058696e+01
-4.0469200536e-05 2.9733718941e-06 5.1334617957e+01
-1.3956380314e-04 2.9471652415e-06 5.2089593081e+01
1.9256251105e-04 1.5334967665e-04 1.4088307186e+01
1.4229046791e-04 1.3053817937e-04 1.7011483931e+01
1.4214866024e-04 1.2675457391e-04 1.7010189897e+01
-3.3101947814e-04 4.0820621140e-05 1.7025317050e+01
-3.2848398712e-04 3.9002112046e-05 1.6989625396e+01
-3.0656140360e-04 3.7117200806e-05 1.7188875096e+01
-2.7825600992e-04 4.3891868054e-05 2.7278036300e+01
-3.0269199482e-04 2.6199866328e-05 1.7089146015e+01
-2.9720800114e-04 2.4665534432e-05 1.7076690329e+01
-2.7913610247e-04 2.7662267019e-05 2.0468435346e+01
-2.7639719346e-04 2.7171480624e-05 2.2616072841e+01
-2.6467499033e-04 2.7616804183e-05 2.9898852102e+01
-2.2994859610e-04 5.0104770758e-05 3.8368671144e+01
-2.4633332478e-04 2.9881021241e-05 3.6583598690e+01
-2.3956922080e-04 2.5823143263e-05 3.8511671865e+01
-2.2550636919e-04 2.3625043338e-05 4.1525493722e+01
2.5948402190e-04 9.7706816248e-05 1.4553575774e+01
1.8833844716e-04 1.4835510925e-04 1.4427249748e+01
1.8397651010e-04 1.3953048667e-04 1.4856476134e+01
1.8007624897e-04 1.3820904895e-04 1.4985961092e+01
-1.7604450846e-04 4.8560558978e-05 4.1658689624e+01
-1.8050092981e-04 2.4573952863e-05 4.6049316797e+01
1.4983235157e-04 1.3769699796e-04 1.6859233768e+01
-1.6371413780e-04 2.6044129599e-05 4.6701514981e+01
-1.5289233159e-04 2.5961309304e-05 4.7206544867e+01
-1.2788282164e-04 5.8050109091e-05 4.1104643887e+01
-2.3894584854e-04 7.8374041015e-05 3.7035257823e+01
-2.3906189339e-04 8.0773633464e-05 3.6933169700e+01
-2.3884689201e-04 7.5991402559e-05 3.7109708383e+01
-2.4140221068e-04 8.1413645860e-05 3.7046764880e+01
2.7729233379e-04 1.1648683839e-04 1.3541044185e+01
-1.0324009704e-04 5.0598615935e-05 4.3242837593e+01
9.5412625379e-05 1.1712697491e-04 2.2576642539e+01
-2.4996131740e-04 2.9900727730e-06 3.7409148200e+01
8.0815315231e-05 1.1542161247e-04 2.1983515408e+01
1.8387336782e-04 6.1880033882e-05 1.7020602867e+01
6.2932546403e-05 1.1431485920e-04 2.1646097040e+01
7.1444087801e-05 1.3865526567e-04 1.7683470142e+01
-2.5177142949e-05 2.5861699649e-05 4.5771825145e+01
4.5175685718e-05 1.0752455870e-04 2.8782537010e+01
2.5892627776e-04 9.3925307807e-05 1.4662714511e+01
2.6575009669e-04 8.8098195850e-05 1.4700592528e+01
2.6915463836e-04 8.5160273115e-05 1.4721175622e+01
2.1920640226e-05 2.6510108025e-05 3.6331359035e+01
3.0651672249e-04 1.0785647501e-04 1.2916811085e+01
3.0698653674e-04 1.1177422155e-04 1.2730502506e+01
1.8539733686e-04 1.1416630831e-04 1.5543627274e+01
3.2592284680e-05 2.6745935166e-05 3.3176814698e+01
-9.6595015312e-05 3.8669140010e-05 4.5958408084e+01
-1.0007587546e-04 3.8686960178e-05 4.5908618657e+01
-1.0355034357e-04 3.8706229336e-05 4.5851293061e+01
-1.0500558335e-04 4.0381127127e-05 4.5458694125e+01
-1.0702062992e-04 3.8727727048e-05 4.5786821845e+01
-1.0845133667e-04 4.0405111180e-05 4.5390523343e+01
-1.1048721288e-04 3.8751057188e-05 4.5715822357e+01
-1.1189313573e-04 4.0431166083e-05 4.5316350153e+01
-1.1394982332e-04 3.8776316472e-05 4.5638745469e+01
-1.1533071230e-04 4.0459269019e-05 4.5236618974e+01
-1.1740818936e-04 3.8803495716e-05 4.5556003558e+01
-1.2086201608e-04 3.8832650204e-05 4.5467940295e+01
-1.2219201296e-04 4.0521755094e-05 4.5061912095e+01
-1.2431101194e-04 3.8863784696e-05 4.5374849657e+01
-1.2775486092e-04 3.8896976086e-05 4.5276962182e+01
-1.2903278122e-04 4.0592871844e-05 4.4868719743e+01
-1.3119147333e-04 3.8932298630e-05 4.5174498373e+01
-1.0905006321e-04 3.7081770061e-05 4.6111215097e+01
-2.5189780643e-04 4.6819765441e-05 3.5679077902e+01
2.5151119766e-04 9.5911897576e-05 1.4733672984e+01
3.0218914549e-04 1.0312995172e-04 1.3268326234e+01
2.8943654573e-04 4.5548838381e-05 1.5604020554e+01
5.7022492156e-05 2.7394671518e-05 2.5629435544e+01
3.6572939640e-04 4.4531307530e-05 1.2248092832e+01
3.6917253178e-04 4.5112183797e-05 1.2006085632e+01
-2.8207968943e-04 5.8695972282e-05 3.4550845349e+01
6.7239227632e-05 2.7699023729e-05 2.2928231783e+01
2.7594867646e-04 7.9232285317e-05 1.4764529940e+01
4.2698651710e-05 9.8203214412e-05 2.5321635841e+01
-1.0521544605e-04 1.0981692312e-04 3.3156015435e+01
-1.8793130616e-04 9.5596926421e-05 3.5312810285e+01
7.7490174934e-05 2.8073024913e-05 2.2805891916e+01
-2.6479816818e-04 6.7013274477e-05 3.7043852350e+01
-2.6698274789e-04 6.7892489482e-05 3.7263319202e+01
3.6177770075e-04 3.9714574348e-05 1.2572830526e+01
4.2523395409e-05 1.1776195699e-04 3.6191247022e+01
8.7941252429e-05 2.8578941529e-05 2.2814378570e+01
-1.4374450398e-04 5.3017966778e-05 4.1780526140e+01
-1.4478733370e-04 5.4843785485e-05 4.1374931156e+01
-1.4268057520e-04 5.1208129442e-05 4.2188905971e+01
-1.4265025823e-04 5.6595755930e-05 4.1067262723e+01
-1.4580184946e-04 5.6681636670e-05 4.0973874101e+01
-1.4796410905e-04 5.4928735393e-05 4.1276806379e+01
-1.4892108675e-04 5.6781311040e-05 4.0877925256e+01
-2.1414829441e-04 7.5558281877e-05 3.6977004787e+01
2.2132125929e-04 9.9367114251e-05 1.5119549026e+01
9.8613263836e-05 2.9238673810e-05 2.2836653644e+01
2.5603130305e-04 1.3008606034e-04 1.3601408626e+01
2.5998319319e-04 1.3103701983e-04 1.3454560230e+01
2.6044675271e-04 1.3485057823e-04 1.3277356746e+01
2.6393221934e-04 1.3198116072e-04 1.3301356586e+01
-2.2371447850e-04 7.0545863346e-05 3.7290547497e+01
-2.2393601857e-04 7.2797333120e-05 3.7132941999e+01
-2.0397197177e-04 7.6251628137e-05 3.6971221737e+01
-2.0439067390e-04 7.8448487699e-05 3.6764229063e+01
-1.6933385147e-04 8.5088052595e-05 3.6063055464e+01
-1.6729866910e-04 8.6972210346e-05 3.5846596777e+01
-2.4943528005e-04 4.0065620932e-05 3.5807102805e+01
3.3176640983e-04 4.0078543972e-05 1.4437884920e+01
-2.9465982750e-04 5.4456013667e-05 3.0085070557e+01
-2.9654788829e-04 5.5835419528e-05 3.1601845771e+01
-2.2947628500e-04 4.4005333306e-05 3.8835847721e+01
-1.7139199937e-04 8.3210424769e-05 3.6282696669e+01
-1.8875173346e-04 7.8669118795e-05 3.6785995163e+01
-2.4598857411e-04 6.3713060689e-05 3.7095305454e+01
-2.3861947262e-04 6.8957284375e-05 3.7257775663e+01
-2.3622112913e-04 7.0722964735e-05 3.7219609211e+01
-2.8045026427e-04 2.1410218386e-05 1.8724758662e+01
2.6052507875e-04 7.9739911387e-05 1.5018563260e+01
2.6454404937e-04 8.0575248128e-05 1.4929568079e+01
-2.2049915924e-04 4.3304614877e-05 3.9819846878e+01
-8.8209669206e-05 5.2205181020e-05 4.3130644398e+01
2.7583377111e-04 1.0498722350e-04 1.3989946728e+01
9.7811110913e-05 1.4254539864e-04 1.8227975872e+01
-1.4909457637e-04 1.0206148488e-04 3.4301603013e+01
-2.0355007851e-04 7.4073671679e-05 3.7189493874e+01
-2.8265381308e-04 5.6199171310e-05 3.3115477168e+01
3.0569494021e-04 4.7892693438e-05 1.5071412970e+01
-2.5500992825e-04 4.0843039515e-05 3.4554954732e+01
1.7981733449e-04 1.3440450879e-04 1.5104046151e+01
7.2519512410e-05 1.1133948764e-04 2.1935070188e+01
7.2766348320e-05 1.1404603395e-04 2.1784810284e+01
-1.8940601019e-04 9.1472683703e-05 3.5609770895e+01
1.2369024219e-04 1.5093503379e-04 1.7265433814e+01
1.2000404060e-04 1.5249323837e-04 1.7306990668e+01
-1.0863692656e-04 6.6774163846e-05 3.9683630576e+01
1.5046168348e-04 1.0168772789e-04 1.7008886597e+01
1.5092908403e-04 1.0531517114e-04 1.7008973331e+01
-7.8286448970e-05 5.2154649087e-05 4.3233255552e+01
-8.9295622875e-05 1.0520170573e-04 3.3478318226e+01
1.8785762618e-04 8.2775730543e-05 1.6989101064e+01
1.1389838205e-04 1.4526460863e-04 1.7212693659e+01
1.1354528022e-04 1.4869890742e-04 1.7222543816e+01
1.0999430161e-04 1.5019536004e-04 1.7182787751e+01
1.1315181805e-04 1.5208162385e-04 1.7291942718e+01
-2.0393937461e-04 8.9266188787e-05 3.5920963761e+01
-2.0648936867e-04 8.9694928188e-05 3.5923010735e+01
-2.0691951948e-04 9.2089347687e-05 3.5794226710e+01
-2.0902223103e-04 9.0142060547e-05 3.5928113704e+01
-2.0861570089e-04 8.7845656555e-05 3.6058957461e+01
-2.1114836041e-04 8.8297558562e-05 3.6057858429e+01
-2.1153782106e-04 9.0608289196e-05 3.5936324097e+01
-2.1366311774e-04 8.8769062121e-05 3.6060160082e+01
-2.1329689778e-04 8.6459051649e-05 3.6187900037e+01
-2.1581030203e-04 8.6935937812e-05 3.6183846980e+01
-2.1615974016e-04 8.9260884587e-05 3.6065811814e+01
-2.1830501544e-04 8.7433762337e-05 3.6183150394e+01
-2.1797990113e-04 8.5108995579e-05 3.6307842289e+01
-2.2047234148e-04 8.5612918843e-05 3.6301601825e+01
-2.2075058354e-04 8.7922036125e-05 3.6186828659e+01
-2.2293997842e-04 8.6133993990e-05 3.6298193272e+01
-2.2335452158e-04 8.8790149671e-05 3.6180739541e+01
-2.2539772347e-04 8.6688643727e-05 3.6297693467e+01
-2.2513048147e-04 8.4330883082e-05 3.6413369657e+01
-2.2758115793e-04 8.4887119909e-05 3.6408733229e+01
1.1123980530e-04 1.1548514276e-04 1.9660996169e+01
1.0811678499e-04 1.1722605590e-04 2.1161926822e+01
1.0117010850e-04 1.1072741437e-04 2.2754079617e+01
-6.8343721220e-05 5.2136479202e-05 4.3250355737e+01
-9.3212717543e-05 1.0734986682e-04 3.3256641803e+01
-1.3647568299e-04 1.0320391377e-04 3.4036681816e+01
7.6790077320e-05 1.0286389780e-04 2.2300940308e+01
-1.5977977306e-04 7.3938734821e-06 5.0404359036e+01
-2.1851768708e-04 3.3902523068e-05 4.1170360082e+01
-1.2311579716e-04 5.0842979748e-05 4.2764132139e+01
-7.4046080937e-05 1.0698622930e-04 3.3355013335e+01
7.2852430013e-05 1.3054182903e-04 2.0056002409e+01
8.5691618307e-05 1.0662102159e-04 2.2393976392e+01
-1.7790857611e-04 6.9582498106e-05 3.8048481138e+01
-1.2470966640e-04 7.3710926612e-06 5.1824612091e+01
3.4284046136e-04 6.8736490568e-05 1.2903642911e+01
-2.6462174738e-04 1.2776306667e-05 3.0128409221e+01
-2.6811348461e-04 1.2892806054e-05 2.8132684860e+01
-1.4569202364e-04 9.3518322324e-05 3.5009025933e+01
-1.5866898386e-04 3.4222006768e-05 4.5247636966e+01
-1.6212301608e-04 3.4268153053e-05 4.5092107133e+01
2.7926235751e-04 1.0201276076e-04 1.4001356972e+01
6.3096459849e-05 8.8368984827e-05 2.2513390049e+01
8.3580075548e-05 9.2377170540e-05 2.2572099950e+01
-2.6977174740e-05 7.4178401656e-06 4.9290548684e+01
-9.3872733377e-05 5.9303377046e-05 4.1532635159e+01
-1.7882128232e-04 9.0188663643e-05 3.5607631350e+01
1.4773488307e-04 3.4051208925e-05 2.1514164607e+01
-1.5251262742e-05 7.4414829105e-06 4.7770619824e+01
1.3872636286e-04 1.3635043514e-04 1.7032451246e+01
2.5041759089e-04 1.3334001660e-05 1.9958165007e+01
5.0863288030e-05 7.6858773093e-06 3.2628654597e+01
9.3105959188e-05 9.5776225482e-05 2.2663073243e+01
-1.9291235348e-04 5.3036793071e-05 4.0208406339e+01
-1.2717051795e-04 9.4453492318e-05 3.4798668483e+01
-1.2617043219e-04 9.2387660430e-05 3.5052730582e+01
-1.2798710717e-04 9.0469412352e-05 3.5306049343e+01
-1.2515657988e-04 9.0336142724e-05 3.5325250305e+01
-1.2231913883e-04 9.0209477560e-05 3.5346870973e+01
-1.6852311647e-04 3.9485976325e-05 4.3745593311e+01
-1.6756418027e-04 3.7746476376e-05 4.4140268405e+01
2.8010091874e-04 5.8311919103e-05 1.5349499602e+01
2.2244522171e-04 1.1511119823e-05 1.9837364058e+01
9.8775533132e-05 1.2540643302e-04 2.3032493762e+01
8.1949772003e-05 8.4146010037e-05 2.2645613434e+01
1.2470898919e-04 1.3293534580e-04 1.7105627068e+01
1.9477832307e-04 9.9298465265e-06 2.0188320904e+01
1.0598745891e-04 9.7753946928e-05 2.2848017653e+01
1.0899051289e-04 9.5928026425e-05 2.2847006069e+01
7.5604417109e-05 1.1817323815e-04 2.1582771336e+01
1.3947181454e-04 8.0770704157e-06 2.2514889109e+01
-1.4818152668e-04 2.9163408059e-05 4.6727361600e+01
-1.4696214635e-04 2.7534247356e-05 4.7115759801e+01
1.6710317319e-04 8.7393963345e-06 2.1371082770e+01
-2.2494745311e-04 3.4194696872e-05 4.0325998013e+01
-1.7260186944e-04 1.8126919602e-05 4.7754679813e+01
-1.7140914425e-04 1.6559071318e-05 4.8116358745e+01
-1.7396644819e-04 1.5017075558e-05 4.8238405999e+01
1.6328919918e-04 6.9609026393e-05 1.6985665521e+01
2.1544785850e-04 4.9370672290e-05 1.7004412647e+01
2.1878949283e-04 4.6902265901e-05 1.7029641072e+01
2.2621192888e-04 8.2648699082e-05 1.5528991705e+01
2.2216914499e-04 8.1630924096e-05 1.5671770505e+01
-2.0849168490e-04 1.6779603499e-05 4.4919438384e+01
-2.0760119509e-04 1.5185907282e-05 4.5270074509e+01
-2.4408301280e-04 1.5629030331e-05 3.8246122037e+01
-2.4356602498e-04 1.3971715834e-05 3.8563727951e+01
3.3572879444e-04 1.8322589494e-05 1.5194015701e+01
-2.3703550192e-04 3.1163158213e-05 3.8633296044e+01
-8.2091805184e-05 8.9078612437e-05 3.5958047975e+01
-8.4988633240e-05 8.9120774229e-05 3.5893468827e+01
1.5209820610e-04 6.7042865832e-05 1.7899351954e+01
3.1685389660e-04 2.4052701413e-05 1.5717506944e+01
-1.8136748309e-04 5.4323521935e-05 4.0423290796e+01
-2.9192888800e-04 1.0473371915e-05 1.7052010797e+01
-1.2697748167e-04 8.8425560009e-05 3.5589396395e+01
-2.8182701935e-04 2.8211527627e-05 1.7897542722e+01
-1.3362759434e-04 9.0756457837e-05 3.5274431339e+01
1.7498454456e-04 3.7700566666e-05 1.8500476080e+01
-2.0136397375e-04 6.3478990939e-05 3.8433048383e+01
-2.0090219153e-04 6.1421617788e-05 3.8709499340e+01
-2.8287144436e-04 4.5562895035e-05 2.5973842736e+01
-1.2052887257e-04 9.2129499323e-05 3.5084948107e+01
-1.1947348455e-04 9.0089685638e-05 3.5370973685e+01
-3.1288087164e-04 9.9994506512e-06 1.7016953659e+01
1.2567831790e-04 6.1175820816e-05 2.3008246644e+01
2.7195310949e-04 5.6878243830e-05 1.5568205170e+01
-2.1784454730e-04 1.3683136527e-05 4.4102151731e+01
-1.3643778736e-04 9.0910398100e-05 3.5261813925e+01
1.8667429304e-04 3.9386259023e-05 1.7844045998e+01
3.3006351079e-04 5.4950295270e-05 1.3992368816e+01
3.2670284075e-04 5.8261185847e-05 1.4015052854e+01
3.3342112442e-04 5.1607267906e-05 1.3961386742e+01
1.7801952606e-04 1.1531240685e-04 1.5794078160e+01
1.0014105252e-04 5.6178617637e-05 2.2842622682e+01
-1.9952896658e-04 7.9936514753e-05 3.6635290766e+01
-2.2455088023e-04 3.2358690798e-05 4.0591970936e+01
-1.8527753212e-04 6.6150043963e-05 3.8428932881e+01
-1.8756727250e-04 6.4337924236e-05 3.8646018935e+01
2.1419960755e-04 4.3364319029e-05 1.7246808474e+01
8.9731837412e-05 5.4386258885e-05 2.2803327127e+01
4.2876394468e-05 7.4869754775e-05 2.2678094288e+01
7.9598113872e-05 5.2804601615e-05 2.2771207884e+01
6.9708938217e-05 5.1430347751e-05 2.2748444054e+01
3.0233387577e-04 5.1041406900e-05 1.5057826824e+01
6.0034702712e-05 5.0257818040e-05 2.2737024034e+01
-1.9535256628e-04 3.3171226463e-05 4.3436600859e+01
-1.9608902076e-04 3.4923721925e-05 4.3075043462e+01
-1.9458612140e-04 3.1438263002e-05 4.3800853668e+01
5.0547641857e-05 4.9279547338e-05 2.2737166401e+01
-1.9278373911e-04 6.2750398294e-05 3.8751430531e+01
-2.2697550718e-04 2.8880948554e-05 4.0638447752e+01
-1.0685379544e-04 7.7987853024e-05 3.7515287726e+01
4.1220813070e-05 4.8486739283e-05 2.3422985231e+01
1.4028270663e-04 1.0466957661e-04 1.7008543235e+01
1.3667951922e-04 1.0327746131e-04 1.7006399509e+01
-1.9644644847e-04 2.8083966540e-05 4.4249000267e+01
-1.9916196898e-04 2.6454697376e-05 4.4301811180e+01
2.8262892841e-04 1.4832690184e-05 1.7512811307e+01
1.8944222740e-05 4.7064481677e-05 3.2823335414e+01
-2.0926480210e-04 7.6988248909e-05 3.6878247980e+01
9.1200587737e-06 4.6605261205e-05 3.5923694782e+01
-2.0956438798e-05 4.5702490039e-05 4.1900875698e+01
-3.1186627990e-05 3.0616412608e-05 4.5562641940e+01
-2.1903918789e-04 7.4160409870e-05 3.7061284745e+01
-6.3423280463e-05 4.3608551333e-05 4.4891516654e+01
-7.3702003559e-05 4.3606012607e-05 4.5005584992e+01
-8.3969892311e-05 4.3629414556e-05 4.4997747836e+01
-9.4217976564e-05 4.3675682855e-05 4.4897671255e+01
1.4022547229e-04 7.8947071254e-05 1.7905173171e+01
2.9759297457e-04 4.6750804089e-05 1.5339159803e+01
2.9687074993e-04 4.3069426905e-05 1.5496120012e+01
2.5588319037e-05 3.1611285984e-05 3.4083230800e+01
-2.2236300960e-04 5.7488043253e-05 3.8323284253e+01
-2.1985344563e-04 5.9269862205e-05 3.8281873771e+01
2.4752309256e-04 9.4992068591e-05 1.4818276857e+01
4.9540888872e-05 3.2412316935e-05 2.6188972783e+01
3.4346855118e-04 4.1365679761e-05 1.3775330994e+01
3.4012829090e-04 4.4815755343e-05 1.3859069447e+01
5.9530127588e-05 3.2808086061e-05 2.2998250307e+01
6.9512914358e-05 3.3284172777e-05 2.2765859152e+01
7.9694891197e-05 3.3911567551e-05 2.2785251458e+01
9.0099510744e-05 3.4706997004e-05 2.2812995204e+01
1.3823578423e-04 4.0191778489e-05 2.2593604296e+01
1.6538346831e-04 4.4293132041e-05 1.8709369060e+01
2.4068223726e-04 1.0064691616e-04 1.4787594623e+01
1.7698767395e-04 4.6176029543e-05 1.7823654083e+01
-2.2470441573e-04 5.3623382286e-05 3.8507617777e+01
3.5101292062e-04 1.5318737392e-05 1.3385961746e+01
3.1273995329e-04 2.3650949558e-05 1.5868704111e+01
3.0778567657e-04 1.9621903752e-05 1.6236510469e+01
3.0610134491e-04 1.2562194731e-05 1.7081633999e+01
3.0538641449e-04 9.3728523918e-06 1.7146472246e+01
3.0898872738e-04 6.1534982130e-06 1.7252888154e+01
-1.3244013106e-04 4.0632337204e-05 4.4765690701e+01
-1.3461526670e-04 3.8969777648e-05 4.5067759968e+01
-3.0765808188e-04 3.5463259299e-06 1.7025128990e+01
1.1958571329e-04 1.5580396199e-04 1.7379046942e+01
-2.6431255857e-04 7.1938784279e-05 3.7777608200e+01
6.7747119984e-05 1.1414353037e-04 2.1688115451e+01
8.9513671892e-05 1.2011203715e-04 2.2288160598e+01
9.8696538906e-05 1.2206943052e-04 2.2636817785e+01
1.0166006809e-04 1.1720248751e-04 2.2733634744e+01
1.1472874232e-04 1.2752523370e-04 1.7012950596e+01
1.1799754631e-04 1.2572813996e-04 1.7032601715e+01
1.2132644375e-04 1.2748739889e-04 1.7064927405e+01
1.9821993797e-04 5.8585064000e-05 1.7031670875e+01
1.6455529377e-04 1.3253762441e-04 1.5711560979e+01
-1.7020520130e-04 1.5002589694e-05 4.8472839436e+01
-1.6767969748e-04 1.6546004760e-05 4.8336350493e+01
1.3628040578e-04 9.9815849893e-05 1.6999490679e+01
1.4480059115e-04 8.6503041169e-05 1.7031907589e+01
1.4795412029e-04 8.4281673395e-05 1.7024459152e+01
1.5164035081e-04 8.5397612806e-05 1.7018604756e+01
-2.6109006824e-04 1.2675911949e-05 3.1955280692e+01
-2.7832966576e-04 9.7803155336e-06 2.1549998744e+01
-2.8169691735e-04 6.4369486812e-06 1.9364321698e+01
-2.8150516359e-04 4.7601426203e-06 1.9827114029e+01
-2.8498518971e-04 3.1709154980e-06 1.7448042431e+01
1.4167501133e-04 8.8717945146e-05 1.7034798647e+01
-1.5732771420e-04 5.5219448838e-05 4.0973912214e+01
-1.5511984159e-04 5.6981183285e-05 4.0685217325e+01
-1.6182132767e-04 5.1719572714e-05 4.1535668467e+01
-1.6415469544e-04 4.9983841155e-05 4.1805081421e+01
-1.7439472765e-04 2.6140905847e-05 4.6118622759e+01
-1.8860604526e-04 4.9062607303e-05 4.1049049823e+01
-2.1248774593e-04 4.8530591291e-05 3.9836697949e+01
-3.2359041654e-04 1.7055991109e-05 1.7033444771e+01
-2.8895465370e-04 2.2815691381e-05 1.7062791856e+01
-2.9243082829e-04 2.1146731903e-05 1.7068824484e+01
-3.1916189181e-04 4.1934863340e-05 1.7112099424e+01
-2.7302208884e-04 4.4710992713e-05 2.9864626283e+01
-2.8347044929e-04 4.3213564907e-05 2.3965120572e+01
-3.1765313608e-04 2.1780247150e-05 1.7040037161e+01
-3.1614536485e-04 2.4551356812e-05 1.7053017983e+01
-2.9769714169e-04 3.8668111960e-05 1.7135116995e+01
-1.8852909074e-04 9.7782508463e-05 3.5195926605e+01
-3.3354382806e-04 4.2731425259e-05 1.5474983644e+01
-1.3910130971e-04 1.0964051703e-04 3.3718674609e+01
2.3466114986e-04 1.4665589583e-04 1.3439890983e+01
2.3833330652e-04 1.4403787000e-04 1.3469411509e+01
1.0965512998e-04 1.5361947668e-04 1.7059250771e+01
3.1777875761e-04 1.0623837436e-04 1.2536487451e+01
1.3790799939e-04 1.5856460301e-04 1.5928019649e+01
1.4187723427e-04 1.5682631465e-04 1.5144841672e+01
1.4177020375e-04 1.6047147882e-04 1.4695353090e+01
1.4566669799e-04 1.5855289133e-04 1.4829999201e+01
1.4585065709e-04 1.5487488809e-04 1.5252277861e+01
1.4966967759e-04 1.5658804209e-04 1.4844317687e+01
-1.6045555531e-04 1.0516671337e-04 3.4315109340e+01
2.8950223819e-04 1.2278074265e-04 1.2888183869e+01
2.9303488907e-04 1.2004361459e-04 1.2885202258e+01
3.5970598193e-04 6.0148470932e-05 1.2253671118e+01
-8.6809032214e-05 1.1950015418e-04 3.2494900675e+01
1.4944582688e-04 1.6010332967e-04 1.4497047451e+01
1.5352143976e-04 1.5817805571e-04 1.4601371346e+01
1.5360990602e-04 1.5447093865e-04 1.4911528159e+01
1.5747930150e-04 1.5604117394e-04 1.4680861522e+01
1.5752782328e-04 1.5964187894e-04 1.4388505974e+01
1.6140410599e-04 1.5753724314e-04 1.4482075006e+01
-1.1260565589e-04 1.1428022728e-04 3.3060605345e+01
-1.1095527814e-04 1.1635640084e-04 3.2984258136e+01
-3.3883473507e-04 4.0678507317e-05 1.3784313856e+01
-3.1683486026e-04 4.9598662556e-05 1.7383575887e+01
-2.7846048959e-04 6.5265636039e-05 3.7287340577e+01
-2.7608682660e-04 6.6725697528e-05 3.7559504141e+01
2.6431720683e-04 1.3571371276e-04 1.3123798383e+01
2.6778777526e-04 1.3282276105e-04 1.3149059456e+01
5.5042663074e-05 1.3199521348e-04 5.3704886566e+01
-2.4839853806e-04 7.8487626881e-05 3.7502790080e+01
-2.5059215925e-04 7.6911568155e-05 3.7525782235e+01
-2.5057741869e-04 7.4526882670e-05 3.7417352767e+01
-2.5286840278e-04 7.5277679609e-05 3.7519034796e+01
-1.1516854712e-04 1.1430946371e-04 3.3108152915e+01
1.9292835092e-04 1.5699014700e-04 1.3870696924e+01
1.3388132007e-04 1.6006506606e-04 1.7003543275e+01
-1.6771776019e-04 1.0370271384e-04 3.4519995712e+01
2.0063357677e-04 1.5601751908e-04 1.3763308189e+01
2.0466271211e-04 1.5692296685e-04 1.3620865880e+01
1.6179613974e-04 1.6163338871e-04 1.4140365384e+01
1.6533880031e-04 1.5901957161e-04 1.4291021070e+01
-1.4180756739e-04 1.1030567607e-04 3.3745705995e+01
-2.5282071600e-04 7.7760213137e-05 3.7674945019e+01
-2.5523337572e-04 7.6159861419e-05 3.7685549574e+01
-2.5774238238e-04 7.6743113067e-05 3.7912170217e+01
-1.6311991199e-04 1.0582988204e-04 3.4334798497e+01
-2.9308676179e-04 5.9591681234e-05 3.5528944737e+01
-2.9055415827e-04 6.0894706372e-05 3.6293931671e+01
-1.7056874010e-04 1.0422493508e-04 3.4548620086e+01
-1.7220991153e-04 1.0222378943e-04 3.4675939947e+01
3.2111761568e-04 1.0328132593e-04 1.2523108456e+01
3.4430916999e-04 8.0925859004e-05 1.2366461520e+01
1.1281808522e-04 1.5554399539e-04 1.7036395287e+01
-1.2504993833e-04 1.1284339711e-04 3.3338861835e+01
6.5464011594e-05 1.3565651490e-04 3.8336646128e+01
6.3461994111e-05 1.3427204878e-04 4.2851913441e+01
6.7233662457e-05 1.3763950425e-04 3.3783619758e+01
7.3168029094e-05 1.4098415388e-04 1.3253667029e+01
1.9689542085e-04 1.5857994867e-04 1.3688217246e+01
-3.0910909951e-04 5.3297319295e-05 2.3333734363e+01
-3.1191317813e-04 5.2602450798e-05 1.8048328401e+01
-3.0629319416e-04 5.4147496271e-05 2.7549575757e+01
-3.0470808960e-04 5.2539469798e-05 2.3936373482e+01
-3.0356264443e-04 5.5121183856e-05 3.0063625758e+01
-3.0192173928e-04 5.3538460724e-05 2.7217900857e+01
-3.0087832733e-04 5.6148738187e-05 3.2006897026e+01
-2.9983874820e-04 5.8821527232e-05 3.5947561486e+01
-2.3904856108e-04 8.3526231549e-05 3.6740367337e+01
-2.3682886295e-04 8.2533562435e-05 3.6716915297e+01
-2.4154392855e-04 8.3873652382e-05 3.6888023918e+01
-2.8553352829e-04 6.3524630753e-05 3.7289070672e+01
3.8087009917e-04 8.4190096236e-06 6.7256711447e+00
3.6923547346e-04 8.1124530072e-06 8.8245157530e+00
3.4961607655e-04 7.6520643246e-06 1.3511328155e+01
-2.6192210613e-04 7.3888575540e-05 3.7881129445e+01
3.0068409226e-04 6.2990076928e-06 1.7520308354e+01
2.7692063911e-04 5.9523081885e-06 1.9965235952e+01
2.4066424988e-04 4.8697950326e-06 2.1188603851e+01
2.3271635938e-04 4.6186563882e-06 2.1000609036e+01
2.1282472777e-04 4.0984360184e-06 2.0674916714e+01
2.0489438320e-04 3.9072670721e-06 2.0649420459e+01
1.8500085177e-04 3.5368165371e-06 2.0911352721e+01
1.7705732345e-04 3.4137133061e-06 2.1105609565e+01
1.5713531253e-04 3.2239341328e-06 2.1621575239e+01
1.4919341083e-04 3.1786128513e-06 2.1755531310e+01
1.2935392249e-04 3.1702331225e-06 2.2056493509e+01
1.2145942370e-04 3.1693587277e-06 2.2273740085e+01
1.1358129808e-04 3.1670545958e-06 2.2532410178e+01
1.0571470976e-04 3.1627429841e-06 2.2995957726e+01
9.7854157704e-05 3.1562309364e-06 2.3711110630e+01
8.9958210415e-05 3.1573478267e-06 2.4744170339e+01
8.2096263833e-05 3.1463549622e-06 2.6089841920e+01
7.4228972389e-05 3.1339552759e-06 2.7710154315e+01
6.6355131719e-05 3.1205791082e-06 2.9548583483e+01
5.8474253482e-05 3.1066005170e-06 3.1545192887e+01
5.0631219900e-05 3.0786836069e-06 3.3630775231e+01
-2.9242983485e-04 6.2396834640e-05 3.7814176518e+01
-2.9589171403e-04 5.8758782285e-05 3.5066551890e+01
3.0837366485e-05 3.0574277734e-06 3.8935499930e+01
-2.4628108284e-04 8.0539885997e-05 3.7433593913e+01
2.2927572231e-05 3.0443763307e-06 4.0944285597e+01
1.5012920561e-05 3.0321268935e-06 4.2829991263e+01
7.0941263844e-06 3.0207975857e-06 4.4564805992e+01
-8.2810112897e-07 3.0104575002e-06 4.6130594725e+01
-8.7530868251e-06 3.0011315368e-06 4.7518148288e+01
-2.8573705869e-05 2.9821115862e-06 5.0211182443e+01
3.5353660945e-04 7.9063446743e-06 1.2531367218e+01
-4.8400016492e-05 2.9685096666e-06 5.1903770557e+01
-5.6330872087e-05 2.9643296207e-06 5.2345264882e+01
-6.4261524707e-05 2.9607581139e-06 5.2672920609e+01
-7.2191773512e-05 2.9577265913e-06 5.2899858240e+01
-8.0121451510e-05 2.9551733013e-06 5.3038159014e+01
-8.8050417918e-05 2.9530441423e-06 5.3098561894e+01
-9.5978551222e-05 2.9512933065e-06 5.3090390330e+01
-1.0390574335e-04 2.9498832086e-06 5.3021441246e+01
-1.1183189416e-04 2.9487846752e-06 5.2897963524e+01
-1.1975690677e-04 2.9479766921e-06 5.2724630352e+01
-1.2768068335e-04 2.9474465452e-06 5.2504546641e+01
-1.4748401782e-04 2.9473301112e-06 5.1755520734e+01
-1.5540258576e-04 2.9477967733e-06 5.1372427908e+01
-1.6331935225e-04 2.9485947062e-06 5.0935393229e+01
-1.6720811293e-04 2.9351003492e-06 5.0701019466e+01
1.8930074593e-04 1.5967616348e-04 1.3774791944e+01
2.6090983296e-04 1.3866401246e-04 1.3089880220e+01
3.1091698189e-04 1.1231170844e-04 1.2551083128e+01
3.0766801893e-04 1.1548229750e-04 1.2539082039e+01
3.0361869084e-04 1.1484029245e-04 1.2725555159e+01
3.0031338135e-04 1.1832320200e-04 1.2695705958e+01
2.9969838663e-04 1.1428954463e-04 1.2896111568e+01
3.8049137489e-04 4.2505513251e-06 4.7084171345e+00
3.8462838500e-04 8.7034646704e-06 6.5420041239e+00
3.6870162411e-04 3.9858466976e-06 7.8754914494e+00
3.2511917913e-04 6.9059000394e-06 1.6840445100e+01
-3.2814826374e-04 4.4460150111e-05 1.7084242670e+01
-3.2356570581e-04 4.0588359786e-05 1.7057529611e+01
3.1700105171e-04 6.4088345227e-06 1.7013484276e+01
-3.1110303054e-04 3.9914940290e-05 1.7150588981e+01
-3.1322668552e-04 4.1458561837e-05 1.7149429940e+01
3.0036242925e-04 3.0851902684e-06 1.7875304219e+01
-2.6218831952e-04 4.8940427724e-05 3.4024680767e+01
-2.6463014868e-04 4.9574630742e-05 3.3661628703e+01
-2.9998440866e-04 2.5404576718e-05 1.7082629914e+01
2.7646633578e-04 2.9473424071e-06 2.0584950276e+01
2.8095379201e-04 6.0753537852e-06 1.8982520415e+01
2.8443977157e-04 3.1562146822e-06 1.8339659727e+01
2.8483275845e-04 6.2496807462e-06 1.8089672864e+01
-2.5958402983e-04 4.8351798404e-05 3.4437709418e+01
-2.6153682380e-04 2.9290798492e-05 3.1446147895e+01
-3.3074116266e-04 4.6541526599e-05 1.5363275968e+01
-3.2487216864e-04 4.8644972725e-05 1.6790566061e+01
-3.2042640912e-04 4.8906591572e-05 1.6707746894e+01
-2.3276854279e-04 5.0428911931e-05 3.8102627832e+01
-2.3997711111e-04 2.9491240495e-05 3.8139118494e+01
-2.3623998698e-04 2.5687490722e-05 3.9267678400e+01
-2.3581782829e-04 2.3922163501e-05 3.9532149867e+01
-2.1841402842e-04 4.8997649077e-05 3.9372963803e+01
-2.2138634881e-04 4.9250706539e-05 3.9127575775e+01
-2.2166370328e-04 5.1279351003e-05 3.8913657879e+01
-2.2894373068e-04 2.3720168962e-05 4.0917297319e+01
-2.0346035378e-04 4.7948591725e-05 4.0474376702e+01
-2.8120396179e-04 3.1305017509e-06 2.0292021676e+01
3.5679755315e-04 4.1245315378e-06 1.1243042274e+01
-1.9992816530e-04 4.5871024235e-05 4.0996421846e+01
-1.9675745104e-04 4.5727357861e-05 4.1200693162e+01
-2.9252892411e-04 3.2723481418e-06 1.7038036236e+01
-2.9632319594e-04 3.3236635410e-06 1.7032095641e+01
-1.8236821583e-04 4.8804207377e-05 4.1361809937e+01
-1.9475155978e-04 2.4742351487e-05 4.4977936505e+01
-1.9119546543e-04 2.4692090332e-05 4.5272048740e+01
-1.8408032029e-04 2.4615270379e-05 4.5804173857e+01
-3.0387240405e-04 3.4699240319e-06 1.7025569259e+01
-1.4363925602e-04 5.8447254099e-05 4.0667257181e+01
-1.5650307549e-04 2.5991371294e-05 4.7045779411e+01
-1.2470079981e-04 5.7982489967e-05 4.1189367481e+01
-1.1510068115e-04 5.7803701270e-05 4.1435830729e+01
-1.1831658236e-04 5.7858696590e-05 4.1355086871e+01
1.7618979433e-04 1.3685396691e-04 1.5124858399e+01
-1.0653125096e-04 5.0630317173e-05 4.3173030786e+01
-1.0789653634e-04 5.2397284682e-05 4.2758875515e+01
-5.5247724204e-05 5.9181489837e-05 4.1810526558e+01
-5.4432816767e-05 2.5718838006e-05 4.8105961127e+01
-5.0760315195e-05 2.5729830452e-05 4.7922762054e+01
3.8827205479e-04 4.3458513814e-06 2.7206604339e+00
3.8872016778e-04 9.1816957836e-06 7.2921274424e+00
2.8835069649e-04 3.2722271108e-06 1.7624501954e+01
1.9662683926e-04 1.5457017461e-04 1.3933120098e+01
1.7641284246e-04 1.4065816916e-04 1.4994542076e+01
1.7199696682e-04 1.3163058570e-04 1.5418049846e+01
1.3864410668e-04 1.2883304835e-04 1.7024298994e+01
1.3850133654e-04 1.2507018055e-04 1.7023625516e+01
-3.1036299246e-04 5.5138941420e-05 3.0357667277e+01
-3.2296004970e-04 1.1166730624e-05 1.7022687440e+01
9.2444029577e-05 1.1864952081e-04 2.2441848258e+01
-3.8356531355e-05 3.0566300500e-05 4.6205311440e+01
1.8717217356e-04 5.9489929425e-05 1.7004761859e+01
-2.0398473271e-05 3.0716030666e-05 4.4306806858e+01
1.7620364517e-04 6.0358539196e-05 1.7067212779e+01
-1.3241277815e-05 3.0803508115e-05 4.3257321498e+01
-6.1050411984e-06 3.0907753321e-05 4.2021717471e+01
-2.5394354413e-04 1.2516184974e-05 3.5130275427e+01
1.0054806190e-06 3.1029920906e-05 4.0590774197e+01
-2.4668082612e-04 1.2392486514e-05 3.7755383688e+01
8.0850294266e-06 3.1170936672e-05 3.8961064454e+01
1.3656466144e-04 7.7922855421e-05 1.8830825494e+01
6.0418724277e-05 1.1317947031e-04 2.1159308377e+01
6.0032494834e-05 1.1068823268e-04 2.1885430478e+01
3.5971992491e-05 3.1927292893e-05 3.0735346256e+01
-7.7411882454e-05 9.4929068902e-05 3.5070351778e+01
4.2802207535e-05 3.2160975163e-05 2.8442712506e+01
-7.9184815884e-05 8.9042063113e-05 3.6026030130e+01
-2.2157470022e-04 1.3711944757e-05 4.3503048375e+01
-2.2235465498e-04 1.5314583684e-05 4.3158654412e+01
1.2000052022e-04 1.0322489015e-04 1.8912268149e+01
1.0501041367e-04 9.1595279123e-05 2.2824111386e+01
1.0076963641e-04 3.5677753800e-05 2.2845016578e+01
-1.8408092855e-04 1.3507943114e-05 4.7796232593e+01
1.0801406104e-04 3.6426799206e-05 2.2868539628e+01
1.1538066984e-04 3.7254790323e-05 2.2892109173e+01
1.2287455289e-04 3.8159731096e-05 2.2914650882e+01
1.3050093870e-04 3.9139174917e-05 2.2920901777e+01
1.4990514443e-04 4.1877448508e-05 2.0609081770e+01
1.5764845720e-04 4.3063598791e-05 1.9556090707e+01
9.1601588635e-05 8.7112387630e-05 2.2707803632e+01
1.8862602515e-04 4.8075691549e-05 1.7319049540e+01
7.5677821197e-05 8.2352086247e-05 2.2622458249e+01
7.2593242513e-05 8.1508805126e-05 2.2615813565e+01
2.8855201783e-04 1.1526594456e-04 1.3241476340e+01
2.8075024697e-04 1.1351968584e-04 1.3553154520e+01
2.7239254449e-04 1.0794554516e-04 1.3978100395e+01
2.7289726358e-04 1.1176632132e-04 1.3835484963e+01
5.2890788474e-05 1.3090536640e-04 5.2309139581e+01
5.2792003731e-05 1.2849265634e-04 4.5291688432e+01
5.0860653043e-05 1.3277470846e-04 5.9961135383e+01
4.5780777916e-05 7.5398552028e-05 2.2664130824e+01
-3.6156857929e-05 2.5790180960e-05 4.6902015111e+01
2.6792967048e-04 1.0326383695e-04 1.4229817055e+01
-9.8574998867e-05 3.7024618282e-05 4.6291516975e+01
-1.7869488501e-05 2.5923835978e-05 4.4817989498e+01
2.6001352053e-04 1.0150025790e-04 1.4441827270e+01
-1.0579391623e-05 2.5998430750e-05 4.3689374665e+01
-1.1602173820e-04 3.7128731180e-05 4.5956956825e+01
2.5550399188e-04 9.6814860550e-05 1.4645775299e+01
-1.2297588443e-04 3.7182939967e-05 4.5779527794e+01
-1.2991138387e-04 3.7244699964e-05 4.5581216636e+01
-3.3085626714e-06 2.6086594752e-05 4.2376215844e+01
3.9387274019e-06 2.6189080587e-05 4.0873961365e+01
-7.8955702052e-05 9.2967109418e-05 3.5361769256e+01
1.1157810481e-05 2.6306371965e-05 3.9185090623e+01
-1.4809847128e-04 7.3825591790e-06 5.0977928603e+01
-7.5903764262e-05 9.6902163786e-05 3.4783449455e+01
-7.3067731974e-05 9.6875545793e-05 3.4848411402e+01
-1.4030345054e-04 7.3777530135e-06 5.1302619727e+01
-3.3385483484e-04 4.4518997453e-06 1.7947810695e+01
-1.3250417683e-04 7.3737272571e-06 5.1584660557e+01
3.9647232875e-05 2.6919141420e-05 3.0981038861e+01
-1.1298974356e-04 7.3671562401e-06 5.2105242940e+01
-1.0517834630e-04 7.3658502312e-06 5.2234884750e+01
4.6644791734e-05 2.7103039065e-05 2.8781793290e+01
-9.7364188417e-05 7.3653712627e-06 5.2313750816e+01
-8.9547573198e-05 7.3657873949e-06 5.2335866609e+01
-8.1728818363e-05 7.3671901247e-06 5.2293758070e+01
-7.3908259878e-05 7.3696964915e-06 5.2178466504e+01
-3.4134042529e-04 4.9558416758e-06 1.8934953736e+01
-6.6084733356e-05 7.3738371233e-06 5.1979485275e+01
-5.8270788145e-05 7.3791244923e-06 5.1685688638e+01
-5.0447260430e-05 7.3858494373e-06 5.1283520938e+01
5.2243333213e-05 1.2117934627e-04 3.3638941358e+01
4.9839116918e-05 1.2024586650e-04 3.4514107523e+01
-4.2623878848e-05 7.3943544655e-06 5.0759598518e+01
-3.4801349639e-05 7.4048519870e-06 5.0099954464e+01
4.4977748091e-05 1.1854115438e-04 3.5765225383e+01
-3.4887014732e-04 5.6012222155e-06 1.9044336401e+01
-2.3654403283e-04 7.7756028663e-05 3.6972990698e+01
-2.3642019259e-04 7.5392678747e-05 3.7066234908e+01
-3.5384038137e-06 7.4709272575e-06 4.5858239578e+01
4.2646295492e-06 7.4942749568e-06 4.4360160980e+01
1.2059737997e-05 7.5204703725e-06 4.2690370618e+01
1.0586068429e-04 2.9772089538e-05 2.2856817157e+01
1.9853421205e-05 7.5494247852e-06 4.0862001116e+01
2.7627783295e-05 7.5808046609e-06 3.8903608779e+01
1.1321960287e-04 3.0383180224e-05 2.2878243375e+01
3.5389582746e-05 7.6136528268e-06 3.6848048493e+01
2.6175301153e-04 8.7250794515e-05 1.4791883274e+01
4.3140465756e-05 7.6477714196e-06 3.4738069723e+01
3.8115790837e-04 1.2716835480e-05 8.4720856912e+00
-1.2688919885e-04 4.2262691726e-05 4.4557547651e+01
1.2069521351e-04 3.1072033455e-05 2.2899204688e+01
-8.3677175812e-05 8.7151195621e-05 3.6262762753e+01
3.4890450328e-04 3.7557462776e-06 1.3574638574e+01
5.2665625180e-05 1.2604365685e-04 3.9843846841e+01
5.4823098695e-05 1.2461350371e-04 3.5164049496e+01
-1.2008976363e-04 4.2189068070e-05 4.4744055095e+01
-1.1326991749e-04 4.2124537250e-05 4.4912786850e+01
1.2829196789e-04 3.1836588311e-05 2.2918094457e+01
6.2434388198e-05 7.7400349723e-06 2.9580953906e+01
-1.0643235232e-04 4.2068809706e-05 4.5061221367e+01
7.0124056386e-05 7.7750491794e-06 2.7718992706e+01
1.3601501203e-04 3.2673104496e-05 2.2960313702e+01
7.7797269809e-05 7.8077051093e-06 2.6066479709e+01
-2.3875478386e-04 7.3626926537e-05 3.7167030823e+01
8.5455812163e-05 7.8366738894e-06 2.4690699705e+01
9.3103824926e-05 7.8599667555e-06 2.3662584804e+01
-7.4910030254e-05 8.7051897676e-05 3.6475086992e+01
-1.4020778004e-04 8.7099940882e-05 3.5760929581e+01
2.3358832138e-04 1.3553776768e-04 1.3946886640e+01
1.0075010729e-04 7.8747926781e-06 2.3048530742e+01
1.0841230961e-04 7.8786662990e-06 2.2891025288e+01
3.5652897556e-04 6.3554513816e-05 1.2333995312e+01
1.5553190480e-04 3.5039959267e-05 2.0432502465e+01
-2.1428683462e-04 5.8646824388e-05 3.8572608422e+01
3.5306540170e-04 6.2725564274e-05 1.2562905316e+01
1.1611113110e-04 7.8879036799e-06 2.2716894435e+01
-4.8090869134e-05 4.5356961511e-05 4.4104750481e+01
-4.1289194087e-05 4.5411979667e-05 4.3749892488e+01
1.2385428373e-04 7.9215626157e-06 2.2670423520e+01
1.6331599540e-04 3.6075813102e-05 1.9527266474e+01
-3.4496568214e-05 4.5486338284e-05 4.3277161034e+01
1.3163828811e-04 7.9834733951e-06 2.2599022447e+01
-2.7716810266e-05 4.5582208678e-05 4.2667595924e+01
-3.0089694214e-04 2.2990329906e-05 1.7077982662e+01
2.2983426346e-04 1.0522549072e-04 1.4848558825e+01
-2.0331118411e-04 5.9626074987e-05 3.8865793136e+01
-1.3936940967e-04 6.7608265694e-05 3.8959275176e+01
-1.0852912089e-05 4.5931837728e-05 4.0407657292e+01
1.5127762124e-04 8.2948894472e-06 2.2146017448e+01
-4.1553827642e-06 4.6122422239e-05 3.9151658398e+01
3.7316206643e-04 8.1323878924e-06 7.9854776563e+00
2.8272668527e-04 7.3234580055e-05 1.4808503171e+01
3.6601808337e-04 4.8746859103e-05 1.2154489961e+01
2.5053744633e-06 4.6345949347e-05 3.7662671859e+01
-1.0088030974e-04 7.7850916879e-05 3.7641471362e+01
1.5918190231e-04 8.4944284592e-06 2.1778411891e+01
3.8713868611e-05 1.0143833185e-04 2.8985775809e+01
3.3625432508e-04 4.4350842690e-05 1.4074367177e+01
-1.0983634825e-04 7.8064484656e-05 3.7454482717e+01
-1.1164282742e-04 7.6205226687e-05 3.7772499601e+01
2.7748280376e-04 8.8957754069e-06 1.9305442803e+01
2.1733029633e-04 9.8298361851e-05 1.5221570067e+01
2.1673244978e-04 9.4528877722e-05 1.5345587397e+01
2.8620326640e-05 4.7612847047e-05 2.9151278161e+01
3.3677987070e-04 4.8229134816e-05 1.3918516984e+01
3.6724451074e-05 1.0307989940e-04 3.0616877133e+01
3.7355733812e-05 1.0537396953e-04 3.1370470516e+01
3.4075124905e-05 1.0246069360e-04 3.1417957061e+01
3.2101445022e-05 1.0414772931e-04 3.2762400304e+01
2.9456424845e-05 1.0358615032e-04 3.3371781443e+01
1.7896803398e-04 9.1953139884e-06 2.0776165700e+01
1.9449696492e-04 4.0529400067e-05 1.7571424783e+01
3.0170557562e-04 9.9240905878e-05 1.3436379133e+01
2.9782259477e-04 9.8433824254e-05 1.3594789098e+01
3.4968643863e-05 4.8029492941e-05 2.6440266285e+01
-2.5470463467e-04 4.5110684814e-05 3.5009437940e+01
1.3706351109e-04 1.0679167210e-04 1.7009157547e+01
-1.3265899064e-04 8.8699983304e-05 3.5544664098e+01
4.4686751564e-05 9.6605700500e-05 2.3152013710e+01
-2.9919516462e-04 5.4620351666e-05 2.9603651085e+01
1.8687235053e-04 9.5464480375e-06 2.0445301477e+01
1.9731890569e-04 9.2635978326e-05 1.6107677362e+01
1.9795722185e-04 9.6401864672e-05 1.5861707281e+01
1.9457592541e-04 9.8972070131e-05 1.5878166711e+01
1.9856174989e-04 1.0017718107e-04 1.5656948899e+01
1.9516293529e-04 1.0275397559e-04 1.5667840618e+01
-2.2081156556e-04 4.5258429646e-05 3.9580429469e+01
2.0234998374e-04 4.1673565095e-05 1.7391788728e+01
-2.8001493890e-04 5.7665626315e-05 3.4131992402e+01
-2.8099795371e-04 6.3717938398e-05 3.6899655117e+01
2.6346546033e-04 1.2816165466e-04 1.3475452290e+01
-1.4134879720e-04 7.1481232859e-05 3.8218128215e+01
-1.4231248362e-04 7.3441972715e-05 3.7861387840e+01
-2.2734010085e-04 8.2530661760e-05 3.6534215969e+01
-1.0412971661e-04 1.0770801197e-04 3.3299072131e+01
-1.2951252079e-04 7.6775997538e-05 3.7427587700e+01
-1.4808963593e-04 1.0618193742e-04 3.4039996126e+01
-1.4885342535e-04 1.0837554736e-04 3.3955021148e+01
2.1024075863e-04 4.2806975568e-05 1.7278597022e+01
-1.4240189919e-04 6.7718832577e-05 3.8888562250e+01
-1.8592362667e-04 9.7478235091e-05 3.5169539348e+01
-1.8666217424e-04 9.9978844738e-05 3.5050017176e+01
3.6248353682e-04 4.8090751460e-05 1.2401965598e+01
3.6661288363e-04 5.3439330448e-05 1.2007371477e+01
-1.4212474731e-04 8.5206688366e-05 3.6018763712e+01
2.0661722187e-04 1.0569830137e-05 1.9943606676e+01
-2.7718675404e-04 2.3041433578e-05 2.1704226060e+01
3.5270035126e-04 5.8578314344e-05 1.2721450079e+01
-1.3440280866e-04 7.5040372459e-05 3.7675301119e+01
3.0557519949e-04 1.0005057673e-04 1.3270022300e+01
-9.1494380250e-05 5.2228462096e-05 4.3082057902e+01
-3.7829450101e-04 3.9746470666e-06 1.0818758471e+01
-2.5214873315e-04 4.2538127768e-05 3.5339274390e+01
2.1452089769e-04 1.1029413168e-05 1.9864732870e+01
-2.7144718120e-04 3.9555111165e-05 2.8731068258e+01
6.8270243674e-05 1.2988065131e-04 2.3354041502e+01
-3.7436213776e-04 3.8188482543e-06 1.4208169286e+01
-3.6858008546e-04 7.3130716905e-06 1.4904838358e+01
-3.6456825648e-04 6.9010324305e-06 1.6097098017e+01
-3.6277757898e-04 1.0538935308e-05 1.5196383902e+01
-3.5882803896e-04 9.9415338015e-06 1.6506634999e+01
-3.6049895898e-04 6.5589168191e-06 1.7597145298e+01
-3.5698922120e-04 1.3540486384e-05 1.5415295726e+01
-1.4975142512e-04 8.3654117406e-05 3.6223995340e+01
1.9664867037e-04 8.8881438967e-05 1.6370385849e+01
8.0072401515e-05 1.0687439823e-04 2.2255903141e+01
-1.5110136026e-04 5.5031057863e-05 4.1175265798e+01
-2.5522618743e-04 7.3622757295e-05 3.7490711332e+01
-1.4591401268e-04 5.1281639599e-05 4.2085377941e+01
3.3570265342e-04 4.0503710026e-05 1.4232454392e+01
-3.8295487713e-04 9.3139916423e-06 8.2203396020e+00
3.6283193298e-04 5.6738501882e-05 1.2161640796e+01
-1.7003984535e-04 8.7215647503e-05 3.5833516044e+01
9.3780972559e-05 1.4730633188e-04 1.9460018235e+01
9.3288695128e-05 1.5036499105e-04 1.9464338673e+01
9.6246363434e-05 1.5262176162e-04 1.9025582310e+01
-1.1699178891e-04 1.1242210906e-04 3.3201868047e+01
-1.1792607870e-04 1.1480966034e-04 3.3148811131e+01
1.0476523439e-04 1.1556721508e-04 2.3066512078e+01
3.3392162071e-04 5.5508907752e-05 1.3804296525e+01
3.0635716529e-04 5.1620502682e-05 1.4924447537e+01
1.1085773635e-04 5.8181815422e-05 2.2884914450e+01
-1.0250625292e-04 1.0971251631e-04 3.3131197696e+01
-1.0359358024e-04 1.1182875716e-04 3.3012967043e+01
-1.0198577372e-04 1.1385009446e-04 3.2891788543e+01
-9.9302015716e-05 1.1375082190e-04 3.2854927060e+01
-9.7720496458e-05 1.1578313739e-04 3.2752799988e+01
-9.5048284346e-05 1.1569359403e-04 3.2712191286e+01
-1.0040150004e-04 1.1579557419e-04 3.2798678089e+01
-1.0307238274e-04 1.1588556820e-04 3.2843697513e+01
-9.8861323253e-05 1.1800902965e-04 3.2728448162e+01
1.6137804449e-04 1.5381783256e-04 1.4744382762e+01
3.0460696305e-04 9.2265444721e-05 1.3600078142e+01
3.0798958820e-04 8.9151174024e-05 1.3599730277e+01
1.1675061421e-04 1.5058806514e-04 1.7256063428e+01
-3.0475851429e-04 2.1260945398e-05 1.7065596004e+01
1.1818816816e-04 5.9633422478e-05 2.2910540232e+01
-2.8473900576e-04 3.8577268196e-05 1.9713011153e+01
-1.0028674622e-04 1.0551582244e-04 3.3466390987e+01
-9.7542496282e-05 1.0542721433e-04 3.3463250932e+01
1.9913610038e-04 1.0396125273e-04 1.5483685730e+01
1.9571815876e-04 1.0654413572e-04 1.5492360916e+01
-1.0466666831e-04 1.1395483265e-04 3.2930958382e+01
-1.0566916321e-04 1.1624645823e-04 3.2883043008e+01
-1.0373408614e-04 1.1796201242e-04 3.2825243816e+01
-1.0830884896e-04 1.1646451183e-04 3.2930139903e+01
-2.2136277001e-04 7.2350140465e-05 3.7181864880e+01
-2.2111526292e-04 7.0116727643e-05 3.7352216358e+01
2.3436344470e-04 1.2281810423e-05 1.9849538720e+01
1.9631544795e-04 1.5081617235e-04 1.4138232346e+01
1.9232320272e-04 1.4959686436e-04 1.4284032919e+01
1.9188892853e-04 8.3953108308e-05 1.6994869186e+01
-3.0015396759e-04 5.2118276706e-05 2.5233279327e+01
-1.4370350667e-04 1.0163869891e-04 3.4253140223e+01
-1.4099663393e-04 1.0144090674e-04 3.4231057250e+01
3.2423885213e-04 1.0022477940e-04 1.2519315518e+01
-2.0173782133e-04 7.8091102473e-05 3.6804981282e+01
-1.4627968790e-04 1.0806106365e-04 3.3919452716e+01
6.8959597017e-05 9.0112592499e-05 2.2496133219e+01
-1.8414165394e-04 9.0803751568e-05 3.5605671376e+01
8.0380205312e-05 1.0970344773e-04 2.2182597231e+01
3.3620682875e-04 7.5363340275e-05 1.2980473423e+01
-2.3397298225e-04 7.4822755700e-05 3.7046445503e+01
-2.3384532915e-04 7.2497636532e-05 3.7146001729e+01
-1.8930451188e-04 8.0819996485e-05 3.6554681749e+01
6.3723990402e-05 1.3188478510e-04 3.2168025583e+01
6.1408766902e-05 1.3303066035e-04 4.4738372356e+01
6.1257735376e-05 1.3539412189e-04 5.6979803135e+01
5.9185578104e-05 1.3434556844e-04 5.6817667685e+01
5.7093270468e-05 1.3316621987e-04 5.5401255446e+01
5.4631425348e-05 1.3495057215e-04 6.5906860482e+01
-1.4724948181e-04 1.0400905926e-04 3.4146802708e+01
9.0246822723e-05 1.4845891363e-04 1.9912413478e+01
8.7337864551e-05 1.4652246987e-04 2.0429552728e+01
8.3204899580e-05 1.4794362796e-04 2.0630746790e+01
8.1027839577e-05 1.4520958025e-04 2.1194207395e+01
3.2047807221e-04 9.9373718268e-05 1.2716732424e+01
-3.6492408509e-04 1.9992984678e-05 1.1896637310e+01
-3.6187507964e-04 2.4367527271e-05 1.1692508253e+01
-3.5615814460e-04 2.7363257681e-05 1.2276612370e+01
-3.5865822424e-04 2.8708917083e-05 1.1635043914e+01
-3.5306260634e-04 3.1526161599e-05 1.2224349694e+01
-3.6504186985e-04 2.5351973035e-05 1.0989927519e+01
-3.6022761285e-04 3.1005474055e-05 1.1128417776e+01
-3.5050633610e-04 3.0103456708e-05 1.2971352538e+01
-3.4750116764e-04 3.4274348468e-05 1.2904901871e+01
-3.5065853662e-04 3.5382062473e-05 1.2160461873e+01
-3.4470407995e-04 3.8816186584e-05 1.2782360355e+01
4.9397506182e-05 9.5765859890e-05 2.2511045296e+01
9.4374393171e-05 1.4395138311e-04 1.9144514798e+01
-3.7681805634e-04 1.2884374962e-05 1.0086282277e+01
-3.7342733506e-04 1.7415294125e-05 1.0467536350e+01
-3.6779971943e-04 2.0819366348e-05 1.1141963910e+01
1.3706596354e-04 6.3633790089e-05 2.0708895703e+01
2.9612252623e-04 3.9403700833e-05 1.5661004483e+01
2.9945967413e-04 3.6297297776e-05 1.5688679249e+01
-1.6505083585e-04 1.0356127462e-04 3.4477945190e+01
-3.4766437575e-04 2.8699697059e-05 1.3987611704e+01
2.4235776732e-04 1.2811414404e-05 1.9884056364e+01
1.4460305834e-04 6.5328361234e-05 1.9130054121e+01
-2.8152943580e-04 6.1211120238e-05 3.5808791199e+01
3.2280933717e-04 5.7684808328e-05 1.4184866032e+01
3.2333951822e-04 6.1541711996e-05 1.4031642191e+01
3.2721055983e-04 6.2148271647e-05 1.3858796166e+01
3.2384996514e-04 6.5421969713e-05 1.3876537011e+01
3.1997099581e-04 6.4794572729e-05 1.4043615907e+01
1.1635130278e-04 1.5398031917e-04 1.7324908106e+01
1.1621959602e-04 1.5731383364e-04 1.7310102602e+01
1.0921709717e-04 1.5763758133e-04 1.7484208277e+01
1.9175542764e-04 1.0531042672e-04 1.5682710000e+01
1.9228945547e-04 1.0910652836e-04 1.5504887515e+01
1.8884890362e-04 1.1164754050e-04 1.5521836153e+01
1.8932637750e-04 1.1545525436e-04 1.5375004375e+01
-7.1305559847e-05 1.0696213413e-04 3.3392039720e+01
-6.9861471414e-05 1.0900317648e-04 3.3150317270e+01
-1.8394461464e-04 9.9362047175e-05 3.5032837277e+01
-1.8133581724e-04 9.9039452442e-05 3.5005759459e+01
-1.7920191093e-04 1.0085782650e-04 3.4871435583e+01
-1.7673924712e-04 1.0060519935e-04 3.4841429234e+01
-1.8177005496e-04 1.0148407083e-04 3.4887607198e+01
-2.3222111302e-04 4.2275217515e-05 3.8631943359e+01
-2.6503353125e-04 2.1800219198e-05 2.9531420114e+01
3.0121764374e-04 9.5359575098e-05 1.3598380112e+01
2.2284874762e-04 8.5370780479e-05 1.5511540900e+01
2.1881382560e-04 8.4330794759e-05 1.5658615781e+01
2.1948103483e-04 8.8077068316e-05 1.5497668439e+01
2.1545357175e-04 8.7014622359e-05 1.5649319675e+01
2.1477297863e-04 8.3271576684e-05 1.5833687338e+01
2.1610699328e-04 9.0767335313e-05 1.5487311732e+01
3.4061963351e-04 4.8736318772e-05 1.3707432160e+01
-2.7949218743e-04 6.0162806644e-05 3.5311432982e+01
-2.7790199066e-04 5.6689043596e-05 3.3851731650e+01
-2.7527426409e-04 5.8214368836e-05 3.4691828091e+01
-1.4810880335e-04 4.9553533269e-05 4.2385582318e+01
2.9867297838e-04 3.2654919561e-05 1.5869624902e+01
3.8136201634e-04 2.1588188413e-05 1.0528878025e+01
3.8146987392e-04 2.6155819064e-05 1.0963713119e+01
3.7842970373e-04 2.9741229608e-05 1.1289578347e+01
3.8489531594e-04 1.8241169081e-05 1.0019194724e+01
3.8188424032e-04 3.1224469694e-05 1.1154573931e+01
3.7507639300e-04 2.9161676408e-05 1.1454821915e+01
3.7526193353e-04 3.3450433475e-05 1.1592877336e+01
3.7185002506e-04 3.2907366717e-05 1.1801588601e+01
3.7574926053e-04 3.7893263668e-05 1.1610051494e+01
3.7239171166e-04 4.1531507644e-05 1.1826032637e+01
4.6691234265e-05 9.5007484691e-05 2.2394159205e+01
-2.4280834962e-04 2.5980644951e-05 3.7708782598e+01
-2.4586643501e-04 2.4320995982e-05 3.6994441013e+01
-2.4893614408e-04 2.2671305469e-05 3.6169782428e+01
2.3024791246e-04 8.3647596963e-05 1.5406057607e+01
3.2956034379e-04 8.1885525449e-05 1.3032500912e+01
-2.8806186704e-04 6.2254452254e-05 3.6895233768e+01
-2.1746706566e-04 4.3096697580e-05 4.0120327897e+01
-2.0560261084e-04 4.4293080785e-05 4.0879639027e+01
-1.6801832873e-04 8.9105772619e-05 3.5626496944e+01
-2.7397001533e-04 4.0180696000e-05 2.7735484595e+01
-1.6357791743e-04 9.9160158428e-05 3.4718035419e+01
3.0611958851e-04 3.0018616870e-05 1.5756789126e+01
-1.1770192603e-04 1.0831352489e-04 3.3420896919e+01
-1.1940247013e-04 1.0632870520e-04 3.3578045882e+01
-1.2211637459e-04 1.0647360582e-04 3.3604268245e+01
-1.2384498401e-04 1.0449941848e-04 3.3771539160e+01
-2.6726370216e-04 6.5403032128e-05 3.6807378946e+01
-2.6943016730e-04 6.6303627545e-05 3.7046846393e+01
-2.6910858117e-04 6.8771811336e-05 3.7544037726e+01
-2.7155705205e-04 6.7242634254e-05 3.7362789738e+01
-2.7103448645e-04 6.9830302355e-05 3.7913785335e+01
-2.7349795006e-04 6.8458774628e-05 3.7807500364e+01
-2.7569867923e-04 7.0008778758e-05 3.8465132364e+01
-2.7794479295e-04 6.8032727219e-05 3.8167290734e+01
-2.7036965350e-04 7.2536772655e-05 3.8423786897e+01
-2.6506055287e-04 6.4546401345e-05 3.6639138212e+01
-2.6281965303e-04 6.3732680692e-05 3.6535240756e+01
-2.6308065146e-04 6.1310673818e-05 3.6148414391e+01
-2.6054121148e-04 6.2960560031e-05 3.6488193943e+01
-2.6077635085e-04 6.0562609557e-05 3.6152722646e+01
-2.5822464279e-04 6.2229303961e-05 3.6490021947e+01
-1.1838853506e-04 1.0421336991e-04 3.3731610170e+01
-2.5790650641e-04 3.9158037299e-05 3.3615656691e+01
-2.9739362386e-04 5.3262917739e-05 2.7893807696e+01
-2.7749929771e-04 2.1034634907e-05 2.1425620611e+01
6.9807511838e-05 1.1010206170e-04 2.1957544867e+01
-2.9549942751e-04 5.1963793713e-05 2.6637093196e+01
-2.6920494455e-04 3.6797648425e-05 2.9028076553e+01
-3.4204476472e-04 3.6727482826e-05 1.3752498596e+01
-6.1710591415e-05 5.2143360365e-05 4.3199329355e+01
9.1960581785e-05 1.3848634825e-04 1.9926504498e+01
5.4443459781e-05 8.6030686229e-05 2.2555904340e+01
-3.0578293975e-04 1.8834003846e-05 1.7059140814e+01
7.0103384991e-05 1.1275552149e-04 2.1811794516e+01
1.5422324495e-04 1.0306814526e-04 1.7007585348e+01
1.5469987711e-04 1.0674044356e-04 1.7004775972e+01
-2.3361631436e-04 6.7905525650e-05 3.7331106795e+01
3.3050966792e-04 3.2542510028e-05 1.4785526075e+01
-3.3335377798e-04 3.1978502103e-05 1.7028770998e+01
-3.2820066604e-04 3.3938618790e-05 1.6988111974e+01
3.1999054569e-04 9.5422169107e-05 1.2900791188e+01
-2.4369981140e-04 3.9402256401e-05 3.6963746970e+01
-2.4658687218e-04 3.9720735313e-05 3.6397966019e+01
-2.7398758415e-04 6.5739383905e-05 3.7120104719e+01
-2.7182904519e-04 3.7352306216e-05 2.7884958767e+01
-2.6975813826e-04 6.3810585031e-05 3.6497349631e+01
-9.7296885056e-05 9.5310513969e-05 3.4731455915e+01
-2.5530126995e-04 7.1157988281e-05 3.7315857051e+01
-2.0129469950e-04 7.5908983717e-05 3.7020767519e+01
-2.8864432960e-04 5.9597103075e-05 3.5149117578e+01
3.4628533881e-04 3.3969178500e-05 1.3780781405e+01
-1.0302882271e-04 1.0561109163e-04 3.3473203079e+01
8.2686115628e-05 1.0531611813e-04 2.2349621287e+01
7.9720299465e-05 1.0406398468e-04 2.2318658245e+01
1.6705513503e-04 7.0500371955e-05 1.7028760829e+01
-2.9864587252e-04 3.6172891612e-05 1.7143073503e+01
2.2530858342e-04 1.0041577239e-04 1.5027486941e+01
2.2188097490e-04 1.0314445982e-04 1.5019041967e+01
2.3361506182e-04 8.0888477061e-05 1.5429630267e+01
-1.7360781280e-04 6.5373589917e-05 3.8767990414e+01
-1.3311763208e-04 5.6359780823e-05 4.1341493913e+01
-1.3422549269e-04 5.8197294538e-05 4.0932018694e+01
-1.3738495477e-04 5.8277177217e-05 4.0844208015e+01
-1.8532874841e-04 9.5244412612e-05 3.5297290750e+01
-1.8735656377e-04 9.3356253304e-05 3.5451302516e+01
-1.7083197607e-04 9.7792970049e-05 3.4918616487e+01
1.0644730565e-04 1.5164170072e-04 1.7297358568e+01
-3.0925202691e-04 2.5369816483e-05 1.7081946813e+01
2.6729291904e-04 7.3901665489e-05 1.5078752511e+01
2.6793236819e-04 7.7644107467e-05 1.4956658307e+01
2.7194537443e-04 7.8444748927e-05 1.4862555236e+01
1.2443335034e-04 1.1841904863e-04 1.7013468661e+01
1.2457884639e-04 1.2199261699e-04 1.7037531841e+01
-2.9163021589e-04 4.1371600481e-05 1.6816461376e+01
3.4079657684e-04 8.4232403774e-05 1.2412682422e+01
3.4158911460e-04 8.8498734622e-05 1.2201172404e+01
3.4849947843e-04 8.1896195612e-05 1.2112031878e+01
3.4796611227e-04 7.7562708277e-05 1.2306474177e+01
-3.1350461721e-04 5.0172209361e-05 1.7786244430e+01
1.4193964073e-04 1.2297994408e-04 1.7013446832e+01
-1.4911645038e-04 7.5704158609e-05 3.7413520895e+01
3.4241034158e-04 6.4692877249e-05 1.3072271387e+01
1.2037220991e-04 1.4903233562e-04 1.7260398805e+01
-2.9603557693e-04 1.9456191026e-05 1.7062687102e+01
-2.9526219026e-04 2.1696957050e-05 1.7071727421e+01
9.8216337158e-05 1.3912283846e-04 1.7853230333e+01
-2.4369677861e-04 7.9689588067e-05 3.7261457053e+01
2.8375606725e-04 3.7637033950e-05 1.6094886961e+01
2.8456340906e-04 4.1271667522e-05 1.5909436244e+01
2.4102269742e-04 7.9052004584e-05 1.5351190189e+01
2.3765339752e-04 8.1847739693e-05 1.5323038333e+01
-3.2543979484e-04 3.2451620204e-05 1.7025802918e+01
-2.8597258430e-04 5.2303355518e-05 2.9859353169e+01
2.5556792545e-04 1.2627776577e-04 1.3760780345e+01
2.5161438623e-04 1.2532338445e-04 1.3893590366e+01
2.5114488423e-04 1.2152075467e-04 1.4034745626e+01
2.4765758787e-04 1.2435947854e-04 1.4019879871e+01
-2.8531861952e-04 3.6292510346e-05 1.7747333581e+01
3.4094611415e-04 3.6379329166e-06 1.6035968146e+01
3.3778013470e-04 7.1964822551e-06 1.5962394570e+01
3.3350162101e-04 7.1714562840e-06 1.6446978104e+01
3.3253921516e-04 3.6035266897e-06 1.6788996394e+01
3.3831131369e-04 1.1020673972e-05 1.5518672373e+01
3.3497123815e-04 1.4628408560e-05 1.5512056862e+01
3.4172369331e-04 7.3343437392e-06 1.5364070324e+01
3.3097952734e-04 9.3965140843e-05 1.2482359024e+01
3.3168886047e-04 9.8072058669e-05 1.2276008862e+01
3.3474654231e-04 9.1330787468e-05 1.2416724838e+01
-2.4373656943e-04 4.9821352544e-05 3.6978606462e+01
-2.4365849358e-04 5.1993656935e-05 3.7014779663e+01
1.1710984418e-04 1.4714495239e-04 1.7241441107e+01
-2.8560579465e-04 2.4456047722e-05 1.7038610896e+01
-8.9699703656e-05 1.1552832771e-04 3.2639553876e+01
-9.0837927569e-05 1.1760071003e-04 3.2591081758e+01
-3.6219527139e-04 3.3226640070e-06 2.0195172116e+01
-3.5652618092e-04 6.2923502117e-06 1.8156411426e+01
2.9587546831e-04 1.1311335860e-04 1.3082916903e+01
2.9747024854e-04 6.8537690135e-05 1.4610817906e+01
3.1551713188e-04 6.0342080940e-05 1.4350080600e+01
3.1606806354e-04 6.4170828246e-05 1.4201866807e+01
3.1269301881e-04 6.7374152071e-05 1.4205440673e+01
3.1659990357e-04 6.8019899839e-05 1.4051830173e+01
3.1322584806e-04 7.1219554904e-05 1.4056882802e+01
3.1711529381e-04 7.1888346340e-05 1.3899233114e+01
3.0876490529e-04 6.6728192217e-05 1.4351157509e+01
2.9732593865e-04 9.4568258437e-05 1.3750802348e+01
3.0905452490e-04 4.4720031139e-05 1.5084266296e+01
2.7864759177e-04 1.2793237681e-04 1.3024888725e+01
2.8198215675e-04 1.2920898418e-04 1.2856562493e+01
2.7519019158e-04 1.3085057148e-04 1.3005665355e+01
2.7131681207e-04 1.2998910100e-04 1.3166380084e+01
2.7181874867e-04 1.3385464947e-04 1.2976283763e+01
2.6738836167e-04 1.2907217220e-04 1.3324467888e+01
2.6299536539e-04 1.2434312517e-04 1.3639610092e+01
-2.6778325777e-04 4.5654225632e-05 3.1904697458e+01
3.4775871848e-04 1.8932227491e-05 1.3885963796e+01
3.4843328904e-04 2.2719858901e-05 1.3767445464e+01
4.6005689531e-05 9.2662210361e-05 2.2517664930e+01
-1.5095682253e-04 1.0012293839e-04 3.4467388080e+01
3.2095481155e-04 2.4432257377e-05 1.5559264955e+01
2.8949209079e-04 6.7162217716e-05 1.4849907991e+01
1.7591584255e-04 1.3303746814e-04 1.5247748598e+01
1.7250403473e-04 1.3925828669e-04 1.5147751660e+01
1.7952412213e-04 1.3058988787e-04 1.5216379176e+01
-2.3829506888e-04 4.9029232905e-05 3.7605717717e+01
-2.3557558170e-04 5.0772497008e-05 3.7830649815e+01
-2.3290670303e-04 5.2524665212e-05 3.7990108739e+01
4.8749464309e-05 8.4643642487e-05 2.2587215784e+01
6.1592720525e-05 1.3055279886e-04 3.5049654000e+01
-2.6596618728e-04 5.7279187849e-05 3.5189160457e+01
2.1994535193e-04 1.1722397851e-04 1.4742578709e+01
2.1645169347e-04 1.1992746710e-04 1.4740577188e+01
2.1250185495e-04 1.1881736718e-04 1.4830451978e+01
2.1294431375e-04 1.2261263719e-04 1.4739627343e+01
2.1689336950e-04 1.2372096968e-04 1.4645591758e+01
2.0899931655e-04 1.2148228816e-04 1.4831836375e+01
2.0942206816e-04 1.2527875153e-04 1.4739453887e+01
2.0548180121e-04 1.2412777163e-04 1.4834456250e+01
2.0588318192e-04 1.2792529746e-04 1.4739733369e+01
2.0194748438e-04 1.2675304793e-04 1.4838064320e+01
2.0982496917e-04 1.2907320600e-04 1.4639598004e+01
2.0232559289e-04 1.3055102136e-04 1.4740094679e+01
2.0154689546e-04 1.2295229679e-04 1.4929698766e+01
2.0855488395e-04 1.1768493707e-04 1.4920595609e+01
1.9801824248e-04 1.2555520244e-04 1.4936728267e+01
2.2040430495e-04 1.2101658843e-04 1.4648933947e+01
2.2084593874e-04 1.2480876332e-04 1.4548288510e+01
2.1731795188e-04 1.2751298969e-04 1.4542467415e+01
2.2127261218e-04 1.2859921783e-04 1.4438075685e+01
2.2480171576e-04 1.2587730435e-04 1.4446712287e+01
2.2523105865e-04 1.2966679650e-04 1.4328775733e+01
2.1772798508e-04 1.3130228163e-04 1.4428587004e+01
2.2876049483e-04 1.2692768457e-04 1.4340173012e+01
2.2831692501e-04 1.2313664756e-04 1.4454932781e+01
2.2919297634e-04 1.3071705496e-04 1.4214138875e+01
2.2564974551e-04 1.3345369870e-04 1.4198541840e+01
2.0112069656e-04 1.1915018113e-04 1.5019867059e+01
2.8618380703e-04 1.2655103101e-04 1.2834373415e+01
1.2401638944e-04 1.4740418487e-04 1.7217111053e+01
1.1918069509e-04 9.6661439382e-05 2.0904493035e+01
1.1610420256e-04 9.8582674355e-05 2.2100456220e+01
-1.4542538762e-04 6.7835117936e-05 3.8818149597e+01
-1.3927384451e-04 8.5051831267e-05 3.6045031161e+01
2.5247149108e-04 7.8022858083e-05 1.5194812307e+01
-3.1952588696e-04 1.8811680310e-06 1.7072400496e+01
-3.1516208620e-04 3.7516889249e-06 1.7046424521e+01
3.2049659273e-04 3.2288324342e-06 1.7241169474e+01
3.1303155838e-04 6.1666467355e-06 1.7193479779e+01
3.2107743736e-04 6.6180493720e-06 1.7036273581e+01
-2.5067159964e-04 6.9700021284e-05 3.7209656399e+01
-2.5061306656e-04 7.2108219459e-05 3.7314248707e+01
-2.4827387856e-04 7.1414252683e-05 3.7274131021e+01
3.8038305087e-05 9.9148030941e-05 2.8272957942e+01
1.0788103489e-04 1.1387725727e-04 2.2370562548e+01
2.7544914124e-04 3.6365020536e-05 1.6317511389e+01
2.7628941470e-04 3.9987052110e-05 1.6185475894e+01
2.7213921533e-04 3.9313793997e-05 1.6287182922e+01
2.4947378340e-04 1.3955480372e-04 1.3377054437e+01
2.5342796150e-04 1.4051894338e-04 1.3221801625e+01
2.4586949880e-04 1.4227454347e-04 1.3350829518e+01
2.4193930792e-04 1.4132787928e-04 1.3499250035e+01
2.4205508835e-04 1.4481361184e-04 1.3333866286e+01
2.5693313199e-04 1.3768293637e-04 1.3251873867e+01
2.4152456920e-04 1.3756370532e-04 1.3673365052e+01
2.1927371589e-04 1.4641142188e-04 1.3830125378e+01
2.1565259968e-04 1.4907588653e-04 1.3789200904e+01
2.1165717517e-04 1.4796255724e-04 1.3934354265e+01
2.1201115407e-04 1.5171688983e-04 1.3741478162e+01
2.1596021336e-04 1.5260738680e-04 1.3602116044e+01
2.1203070333e-04 1.5556617618e-04 1.3532154077e+01
2.0766891868e-04 1.4683052139e-04 1.4075804190e+01
2.1967851588e-04 1.5006649265e-04 1.3645044867e+01
2.2410534463e-04 1.5164224095e-04 1.3456947027e+01
2.0814072060e-04 1.5418196825e-04 1.3698330406e+01
2.2726563300e-04 1.4855794529e-04 1.3534747821e+01
-1.7448942065e-04 4.4896218349e-05 4.2419861795e+01
2.2785984734e-04 1.1934498352e-04 1.4560143534e+01
2.3181896771e-04 1.2037821545e-04 1.4463097774e+01
-2.5347752108e-04 6.0885201251e-05 3.6607988584e+01
-2.5604807666e-04 5.9189711329e-05 3.6293102644e+01
2.5307916797e-04 2.4807288936e-05 1.8354500482e+01
2.4969716151e-04 2.7384364702e-05 1.8100237654e+01
2.4566005021e-04 2.7023359827e-05 1.8264718979e+01
2.4631895670e-04 2.9942025877e-05 1.7864134588e+01
2.4228847385e-04 2.9553885052e-05 1.8026294527e+01
2.5033999553e-04 3.0308737012e-05 1.7717937487e+01
2.4161703705e-04 2.6642499705e-05 1.8338684689e+01
2.3825335926e-04 2.9147004796e-05 1.8095625478e+01
2.4294564162e-04 3.2482040660e-05 1.7678941236e+01
2.3758001414e-04 2.6247940465e-05 1.8345909636e+01
2.3422408985e-04 2.8727293825e-05 1.8114278039e+01
2.3489558927e-04 3.1637258060e-05 1.7884443584e+01
2.3087472263e-04 3.1193581568e-05 1.7918512391e+01
2.3020528145e-04 2.8298780476e-05 1.8130690698e+01
2.5372293847e-04 2.7723561810e-05 1.7908392013e+01
2.5434882538e-04 3.0654195414e-05 1.7499595989e+01
2.5773610462e-04 2.8040736504e-05 1.7727884160e+01
3.4116615749e-04 2.6008110943e-05 1.4390995580e+01
-2.0107391922e-04 2.3173993922e-05 4.4685099963e+01
-2.0542575042e-04 2.4884596502e-05 4.3969252511e+01
-2.0266474484e-04 2.6509355227e-05 4.3972256630e+01
-1.9992264057e-04 2.8150041389e-05 4.3943561330e+01
-2.0818882947e-04 2.3270889325e-05 4.3934765661e+01
-2.1170442547e-04 2.3325360891e-05 4.3520043159e+01
-2.0889121804e-04 2.4943808478e-05 4.3590832099e+01
-2.1451586189e-04 2.1716978237e-05 4.3412323145e+01
-2.1517717572e-04 2.3387588201e-05 4.3076895344e+01
-2.1802785181e-04 2.1771635950e-05 4.2926685451e+01
-1.8884837290e-04 8.9250694912e-05 3.5774558460e+01
1.6560286079e-04 8.3032460665e-05 1.7015600659e+01
1.6237046419e-04 8.5390997787e-05 1.7014873477e+01
1.5857589742e-04 8.4239839297e-05 1.7019926377e+01
2.4695949149e-04 3.2874551153e-05 1.7531912403e+01
-2.3201267884e-04 8.1308759794e-05 3.6667100429e+01
-2.3442940606e-04 8.1908065657e-05 3.6683386943e+01
-2.3217662145e-04 8.3650220408e-05 3.6533036909e+01
-2.3460720997e-04 8.4302937194e-05 3.6536014502e+01
-3.3643344092e-04 2.0388528715e-05 1.7011757312e+01
-1.8601449746e-04 7.8387301943e-05 3.6826434185e+01
1.5058516618e-04 7.8729928138e-05 1.6994416587e+01
1.4744880534e-04 8.0980344372e-05 1.6987209092e+01
-3.4739069579e-04 1.5469108048e-05 1.7036724022e+01
-3.4546770838e-04 1.8988721616e-05 1.6938471637e+01
-2.2978004440e-04 8.3089212402e-05 3.6530555207e+01
-2.3002923079e-04 8.5291402484e-05 3.6415415220e+01
1.8504344424e-04 1.5815365350e-04 1.3961464665e+01
2.4984796485e-04 1.4385772731e-04 1.3165223771e+01
2.5416170717e-04 1.4431817604e-04 1.3018067900e+01
-2.0569934220e-04 1.2048686486e-05 4.5968469051e+01
-2.0294498924e-04 1.3590670184e-05 4.6049053491e+01
-1.9919171937e-04 1.3571611448e-05 4.6449518088e+01
-2.0019883219e-04 1.5142280533e-05 4.6096929867e+01
-1.9648462544e-04 1.5118179597e-05 4.6467810428e+01
-1.9748482278e-04 1.6697756689e-05 4.6113005959e+01
-1.9543273628e-04 1.3554023076e-05 4.6821537519e+01
-1.9274172013e-04 1.5101403705e-05 4.6814309720e+01
2.5921795929e-04 7.2270070757e-05 1.5263062683e+01
1.6913099967e-04 1.5297945811e-04 1.4614447034e+01
1.6922489024e-04 1.5671863858e-04 1.4378750299e+01
1.7313804741e-04 1.5802967993e-04 1.4209936691e+01
1.6932243754e-04 1.6043354396e-04 1.4106097024e+01
3.2241231674e-04 8.4340903142e-05 1.3240351454e+01
2.2090730472e-04 2.1831305648e-05 1.8629182944e+01
2.1757183698e-04 2.4194515126e-05 1.8403983460e+01
2.1360490348e-04 2.3782698927e-05 1.8449725720e+01
2.1424723586e-04 2.6548811573e-05 1.8220633399e+01
2.1028554133e-04 2.6111940315e-05 1.8277994604e+01
2.1821928482e-04 2.6987387109e-05 1.8183186894e+01
2.1490032418e-04 2.9358366377e-05 1.8005708697e+01
2.0964718493e-04 2.3374135036e-05 1.8515664262e+01
2.0633218028e-04 2.5678102906e-05 1.8345045397e+01
2.0697827115e-04 2.8434521798e-05 1.8125771725e+01
2.0303009196e-04 2.7976358881e-05 1.8208187170e+01
2.0238843304e-04 2.5248233187e-05 1.8432367433e+01
2.2154951950e-04 2.4608138153e-05 1.8380577337e+01
2.2220215188e-04 2.7426440253e-05 1.8143886045e+01
2.2553799813e-04 2.5021883721e-05 1.8359463075e+01
2.2619729376e-04 2.7864276700e-05 1.8141067924e+01
2.2286439608e-04 3.0282760518e-05 1.7951366520e+01
2.2953923480e-04 2.5434845108e-05 1.8346935656e+01
2.2888300530e-04 2.2606639215e-05 1.8590725533e+01
2.3288953152e-04 2.2992962728e-05 1.8603189221e+01
1.6802752805e-04 5.5873515196e-05 1.7648499634e+01
1.6481816283e-04 5.8126466458e-05 1.7673137360e+01
1.6101791552e-04 5.7377045191e-05 1.8027646626e+01
-2.5486741877e-04 4.2965660917e-05 3.4774650809e+01
-1.5740919086e-04 8.2140378858e-05 3.6419053023e+01
-1.5821160357e-04 8.4213703997e-05 3.6148174068e+01
-1.6100987958e-04 8.4417895985e-05 3.6125269202e+01
-1.5900317971e-04 8.6303137448e-05 3.5892535107e+01
-1.6177998879e-04 8.6516379828e-05 3.5876076075e+01
-1.5978642185e-04 8.8408441038e-05 3.5652874687e+01
-1.6254210307e-04 8.8630736618e-05 3.5642902955e+01
-1.5540261690e-04 8.4018495379e-05 3.6172233785e+01
2.0067865504e-04 9.0052953032e-05 1.6082016728e+01
-2.0862114812e-04 5.8091130581e-05 3.8862948002e+01
-1.9054707407e-04 1.1990461699e-05 4.7518960571e+01
-1.8788361863e-04 1.3524226783e-05 4.7491895245e+01
-1.8897529884e-04 1.5087605263e-05 4.7138637127e+01
-1.9165757268e-04 1.3539806267e-05 4.7168479026e+01
-1.9004889267e-04 1.6654284271e-05 4.6782660190e+01
-1.0294799489e-04 9.5474995775e-05 3.4671657936e+01
1.4123866642e-04 5.0895771161e-05 2.1197600597e+01
1.4195150923e-04 5.3690909109e-05 2.0816321675e+01
1.4577864427e-04 5.4413138469e-05 2.0123064471e+01
1.4891538043e-04 5.2282628259e-05 1.9863236186e+01
1.5274560688e-04 5.2989835560e-05 1.9288201106e+01
1.5339846299e-04 5.5880692821e-05 1.8935320900e+01
3.3289784050e-04 4.7734497586e-05 1.4118035665e+01
1.2099832767e-04 7.0948212211e-05 2.2916280518e+01
1.2167892615e-04 7.3900792873e-05 2.3060001845e+01
1.2541446706e-04 7.4884776770e-05 2.2323573382e+01
1.2234736264e-04 7.6905909495e-05 2.2949161093e+01
1.1864161501e-04 7.5897616989e-05 2.2883722765e+01
1.1929459153e-04 7.8900264498e-05 2.3043357930e+01
1.1563372003e-04 7.7871070667e-05 2.2906207253e+01
1.1498383420e-04 7.4917830572e-05 2.2920277987e+01
1.1201757128e-04 7.6874718279e-05 2.2890201586e+01
1.1137018439e-04 7.3967760448e-05 2.2886613775e+01
1.0844861348e-04 7.5902725442e-05 2.2871837030e+01
1.0780012708e-04 7.3045760666e-05 2.2868551102e+01
1.0492159742e-04 7.4962939154e-05 2.2851200275e+01
1.0427169443e-04 7.2152959374e-05 2.2848620746e+01
1.0143575642e-04 7.4053737693e-05 2.2829528028e+01
1.0078341468e-04 7.1289172188e-05 2.2829435912e+01
9.7989633053e-05 7.3174702692e-05 2.2809779884e+01
9.7333718550e-05 7.0454425188e-05 2.2810232686e+01
9.4580197775e-05 7.2328748838e-05 2.2790828872e+01
9.3920840568e-05 6.9649043250e-05 2.2792534792e+01
9.1209651584e-05 7.1507372254e-05 2.2771833970e+01
9.0543747834e-05 6.8871594387e-05 2.2776023015e+01
8.7872969145e-05 7.0717660451e-05 2.2756706450e+01
8.7200384517e-05 6.8122954692e-05 2.2760803198e+01
8.4569190797e-05 6.9957823520e-05 2.2741465752e+01
8.3889296333e-05 6.7402554533e-05 2.2747677630e+01
8.1296818237e-05 6.9227189383e-05 2.2730051482e+01
8.0608862423e-05 6.6710289954e-05 2.2736027710e+01
7.8054242885e-05 6.8525457607e-05 2.2718655921e+01
7.7357567628e-05 6.6045749079e-05 2.2726780206e+01
7.4839889697e-05 6.7852165548e-05 2.2710872516e+01
7.4133909476e-05 6.5408625264e-05 2.2718708341e+01
7.1651038957e-05 6.7209704617e-05 2.2704867202e+01
7.0936224057e-05 6.4799053028e-05 2.2712807864e+01
6.8489439002e-05 6.6589954126e-05 2.2699236333e+01
6.7763661768e-05 6.4215201496e-05 2.2708722387e+01
6.5350848802e-05 6.5999139995e-05 2.2697161003e+01
6.4614394137e-05 6.3657816696e-05 2.2705679274e+01
6.2233392404e-05 6.5438045051e-05 2.2696445913e+01
6.1486995840e-05 6.3126779093e-05 2.2704531737e+01
5.9138860313e-05 6.4898459424e-05 2.2695702369e+01
5.8380711975e-05 6.2620316232e-05 2.2704828536e+01
5.6063424186e-05 6.4386336372e-05 2.2698202280e+01
5.5293966088e-05 6.2138961948e-05 2.2705508147e+01
5.3005446251e-05 6.3902366516e-05 2.2701373914e+01
5.2225509660e-05 6.1682546999e-05 2.2707202524e+01
4.9966653728e-05 6.3438527059e-05 2.2703550682e+01
4.9174681215e-05 6.1249403951e-05 2.2709703910e+01
4.6943596750e-05 6.3000594543e-05 2.2707520741e+01
4.6140127695e-05 6.0839945991e-05 2.2711663011e+01
4.3934859301e-05 6.2589220312e-05 2.2714448571e+01
4.0942114255e-05 6.2196593067e-05 2.2706130408e+01
4.0116089259e-05 6.0089894460e-05 2.2744725573e+01
3.7962300230e-05 6.1828390639e-05 2.2741925395e+01
3.7124847285e-05 5.9747968545e-05 2.2593277523e+01
3.4995347470e-05 6.1485099291e-05 2.2842875926e+01
3.4144452916e-05 5.9428397826e-05 2.3685363104e+01
3.2025395990e-05 6.1157813462e-05 2.4688218832e+01
3.1141047575e-05 5.9124816241e-05 2.5482376299e+01
2.9028276126e-05 6.0849654246e-05 2.6241580431e+01
2.8112727441e-05 5.8837711471e-05 2.7029887620e+01
2.5061164535e-05 5.8567021800e-05 2.8490604326e+01
2.2963982137e-05 6.0285873369e-05 2.9201559760e+01
2.1988341456e-05 5.8311531381e-05 2.9859299299e+01
1.9900584413e-05 6.0028325150e-05 3.0521019775e+01
1.8895680272e-05 5.8071452794e-05 3.1132195585e+01
1.6817600353e-05 5.9789370192e-05 3.1741548663e+01
1.5784635965e-05 5.7846579219e-05 3.2312732724e+01
1.3718460289e-05 5.9561599571e-05 3.2866999807e+01
1.2656854195e-05 5.7635658149e-05 3.3403738128e+01
1.0602870273e-05 5.9350270521e-05 3.3901907798e+01
9.5135167279e-06 5.7438729279e-05 3.4408835424e+01
7.4718932943e-06 5.9155843599e-05 3.4850572229e+01
6.3558204659e-06 5.7255498150e-05 3.5331868832e+01
4.3284638694e-06 5.8970967873e-05 3.5717763450e+01
3.1851108702e-06 5.7084744368e-05 3.6176963353e+01
1.1722252861e-06 5.8800801066e-05 3.6508168188e+01
2.3613417800e-09 5.6926406321e-05 3.6948342633e+01
-3.1914492894e-06 5.6780161160e-05 3.7650157547e+01
-5.1736000689e-06 5.8498644124e-05 3.7876606494e+01
-6.3952279239e-06 5.6644864084e-05 3.8286625596e+01
-8.3610727577e-06 5.8364506915e-05 3.8463730676e+01
-9.6081709555e-06 5.6520399089e-05 3.8861860442e+01
-1.1557659727e-05 5.8243819592e-05 3.8991561005e+01
-1.4761292715e-05 5.8129422506e-05 3.9464711123e+01
-1.6058254128e-05 5.6301978344e-05 3.9844365497e+01
-1.7972302451e-05 5.8026425333e-05 3.9886772153e+01
-2.1190086098e-05 5.7935313253e-05 4.0261247814e+01
-2.2535559558e-05 5.6120748117e-05 4.0628062743e+01
-2.4412952761e-05 5.7849035076e-05 4.0592409075e+01
-2.7641159412e-05 5.7772717426e-05 4.0883124728e+01
-2.9034691485e-05 5.5972789614e-05 4.1240863135e+01
-3.0874182716e-05 5.7706892064e-05 4.1136343391e+01
-3.4110678493e-05 5.7644616073e-05 4.1355949164e+01
-3.5550966390e-05 5.5855205508e-05 4.1707963341e+01
-3.7350798821e-05 5.7591046896e-05 4.1544107868e+01
-3.8814170075e-05 5.5806665551e-05 4.1894062209e+01
-4.0594072866e-05 5.7546768443e-05 4.1703221596e+01
-4.2080113362e-05 5.5764718712e-05 4.2051959405e+01
-4.3839477339e-05 5.7504942050e-05 4.1836794169e+01
1.2300541236e-04 7.9967825794e-05 2.2426400562e+01
-4.5348302517e-05 5.5728691421e-05 4.2184121588e+01
-4.7087035083e-05 5.7470763195e-05 4.1946329008e+01
-4.2353070220e-05 5.9298643077e-05 4.1494738654e+01
-3.2692932476e-05 5.9452226092e-05 4.1011095916e+01
-2.3065809175e-05 5.9674343054e-05 4.0239915722e+01
-1.3486884657e-05 5.9976910922e-05 3.9096622313e+01
-3.9743001658e-06 6.0373633728e-05 3.7480487522e+01
5.4499750738e-06 6.0879805454e-05 3.5274565054e+01
1.4759085352e-05 6.1511894837e-05 3.2347448795e+01
2.3920023217e-05 6.2286796359e-05 2.8558899186e+01
-2.7177741109e-05 5.4248931238e-05 4.1325228801e+01
-1.7380070011e-05 5.4487902869e-05 4.0235193778e+01
-7.6411210197e-06 5.4805588556e-05 3.8709611298e+01
3.2891860125e-05 6.3220573658e-05 2.3623434251e+01
2.0183035121e-06 5.5214391561e-05 3.6650474636e+01
1.1572919238e-05 5.5727274825e-05 3.3954917564e+01
2.0991928402e-05 5.6356892430e-05 3.0528081795e+01
3.0238028584e-05 5.7114263508e-05 2.6304919636e+01
1.1070943399e-04 7.1108172854e-05 2.2884871179e+01
3.9284228129e-05 5.8009517624e-05 2.2661308960e+01
9.3248227644e-05 6.7008614795e-05 2.2794756868e+01
4.8375435401e-05 5.9086710271e-05 2.2712317185e+01
5.7613781034e-05 6.0369594723e-05 2.2711662277e+01
7.6650058998e-05 6.3597399871e-05 2.2733666036e+01
6.7027685475e-05 6.1869507674e-05 2.2716442857e+01
4.1760706956e-05 6.4335270791e-05 2.2711447332e+01
5.0749221828e-05 6.5660544110e-05 2.2698653789e+01
5.9885624371e-05 6.7210889453e-05 2.2688485854e+01
6.9201907119e-05 6.9001121411e-05 2.2691390262e+01
9.1858754811e-05 7.4187828911e-05 2.2769716212e+01
1.0907928740e-04 7.8812640164e-05 2.2876644876e+01
7.8757291020e-05 7.1045940092e-05 2.2710945870e+01
8.5254882419e-05 7.2556482765e-05 2.2735507545e+01
1.0209338357e-04 7.6869777453e-05 2.2831175733e+01
1.1995588220e-04 8.1965890053e-05 2.3020814638e+01
-4.8621703838e-05 5.5698050936e-05 4.2292941240e+01
-4.6883647895e-05 5.3963390656e-05 4.2537216278e+01
-5.0336328145e-05 5.7445326543e-05 4.2033676075e+01
-4.8783241209e-05 5.9227640889e-05 4.1692099644e+01
8.3198293365e-05 6.4880822412e-05 2.2753274145e+01
1.0011888998e-04 6.8565051152e-05 2.2829003166e+01
1.2848470803e-04 7.2841464366e-05 2.1613755599e+01
1.2913258844e-04 7.5883650906e-05 2.1027627401e+01
1.3221443628e-04 7.3811617398e-05 2.0520113525e+01
1.3284754206e-04 7.6895107908e-05 1.9892943592e+01
1.2976850832e-04 7.8982842757e-05 2.0400037678e+01
-4.8442060539e-05 5.2209665665e-05 4.2895139569e+01
1.3353446407e-04 4.9558390771e-05 2.2754579449e+01
1.3425905909e-04 5.2278861586e-05 2.2415901915e+01
1.9326446272e-04 1.9235922458e-05 1.9206527161e+01
1.8995929790e-04 2.1411819799e-05 1.9100791283e+01
1.8603336432e-04 2.1040435049e-05 1.9296277544e+01
1.8666813617e-04 2.3588082083e-05 1.9023987651e+01
1.8274669696e-04 2.3191294653e-05 1.9233033168e+01
1.9059189424e-04 2.3992760796e-05 1.8838858143e+01
1.8731290603e-04 2.6193160821e-05 1.8764185786e+01
1.8210857775e-04 2.0677636946e-05 1.9506915551e+01
1.7882548527e-04 2.2803401144e-05 1.9475144215e+01
1.7947620458e-04 2.5343261930e-05 1.9213936770e+01
1.7555832853e-04 2.4931240470e-05 1.9483773404e+01
1.7490576600e-04 2.2424564362e-05 1.9752126515e+01
1.9388750007e-04 2.1791151693e-05 1.8934054111e+01
1.9451878719e-04 2.4404735713e-05 1.8679838609e+01
1.9781875620e-04 2.2177804943e-05 1.8794764415e+01
1.9845063809e-04 2.4823464935e-05 1.8545651700e+01
1.9516100139e-04 2.7073068366e-05 1.8434440021e+01
2.0175562188e-04 2.2571055121e-05 1.8683150756e+01
2.0113283550e-04 1.9948340808e-05 1.8951661492e+01
2.0507356166e-04 2.0314551406e-05 1.8845576891e+01
-2.5806586296e-04 3.7063839237e-05 3.3357689523e+01
2.8788114143e-04 8.1538510601e-05 1.4438614558e+01
2.8448253055e-04 8.4570179016e-05 1.4424841279e+01
-2.0011370502e-04 9.5163861919e-05 3.5528196280e+01
-2.7353398638e-04 5.4891069531e-05 3.3645323294e+01
2.3747132346e-04 4.3553813004e-05 1.7020333111e+01
2.3819030887e-04 4.6877093818e-05 1.7069541962e+01
2.4229895541e-04 4.7659481233e-05 1.6827835200e+01
2.3899973923e-04 5.0428610983e-05 1.6681560802e+01
2.3487364279e-04 4.9585375515e-05 1.7061853245e+01
2.3570356011e-04 5.3189355662e-05 1.6683579645e+01
2.3984278913e-04 5.4084338727e-05 1.6363461294e+01
2.3653557991e-04 5.6853108838e-05 1.6326759753e+01
2.4066054800e-04 5.7749331179e-05 1.6210044496e+01
2.3156464721e-04 5.2298217437e-05 1.7076172307e+01
2.3079616182e-04 4.8817687065e-05 1.6991345875e+01
2.4397545300e-04 5.4958797476e-05 1.6254682567e+01
2.4477804183e-04 5.8627516004e-05 1.6050445426e+01
2.4145443903e-04 6.1425331744e-05 1.6010193918e+01
2.4555722108e-04 6.2307738413e-05 1.5877540013e+01
2.2747679250e-04 5.1472336035e-05 1.7003528315e+01
2.2676173643e-04 4.8121305966e-05 1.7047390903e+01
2.4888839065e-04 5.9487422901e-05 1.5921929685e+01
2.4560738925e-04 4.4891049704e-05 1.7100359754e+01
2.4645296379e-04 4.8502552826e-05 1.6624204777e+01
2.4975345425e-04 4.5686725037e-05 1.6612073430e+01
-1.8635738976e-04 6.0332847171e-05 3.9280286867e+01
1.1462681790e-04 4.6523778201e-05 2.2895936366e+01
1.1535281788e-04 4.9059348800e-05 2.2898544018e+01
1.1906439736e-04 4.9663753246e-05 2.2911045638e+01
1.2207984146e-04 4.7678726857e-05 2.2917416841e+01
1.2586088384e-04 4.8285509619e-05 2.2936325388e+01
1.2658338866e-04 5.0931020304e-05 2.2914819563e+01
-3.1906308465e-04 1.9042450778e-05 1.7038221621e+01
-1.9122600503e-04 9.7899120567e-05 3.5236522290e+01
2.0195414249e-04 9.7581241998e-05 1.5648989499e+01
1.0731249806e-04 4.5450125207e-05 2.2871018627e+01
1.0802149512e-04 4.7910454977e-05 2.2874131922e+01
2.0808683706e-04 1.1388821611e-04 1.5010129974e+01
-1.9417570425e-04 7.9273496740e-05 3.6708114116e+01
-1.9468265682e-04 8.1450282397e-05 3.6492441628e+01
1.6574873703e-04 1.7018288972e-05 2.0899673291e+01
1.6247075975e-04 1.9013225620e-05 2.1002945960e+01
1.5853722015e-04 1.8715926209e-05 2.1385627577e+01
1.5920699121e-04 2.1017187079e-05 2.1142581240e+01
1.5527677089e-04 2.0696531354e-05 2.1567987487e+01
1.6313491499e-04 2.1351205974e-05 2.0750174479e+01
1.5988582024e-04 2.3385271971e-05 2.0885761537e+01
1.5460212228e-04 1.8432966723e-05 2.1787017241e+01
1.5134340073e-04 2.0390913400e-05 2.2012288241e+01
1.5203298485e-04 2.2686034959e-05 2.1787965810e+01
1.4810114799e-04 2.2358232619e-05 2.2271661483e+01
1.4741175805e-04 2.0101284016e-05 2.2475119775e+01
1.6640227364e-04 1.9323594520e-05 2.0647060335e+01
1.6706012991e-04 2.1697660216e-05 2.0380863310e+01
1.7033087120e-04 1.9646039252e-05 2.0319691953e+01
1.7098367214e-04 2.2055715134e-05 2.0054645249e+01
1.6772692650e-04 2.4136002047e-05 2.0112476020e+01
1.7425862114e-04 1.9979723830e-05 2.0020936844e+01
1.7361633718e-04 1.7601077011e-05 2.0289487908e+01
1.7754736517e-04 1.7908975368e-05 2.0018530174e+01
-9.7081500633e-05 5.9338413103e-05 4.1467485574e+01
-2.2900710278e-04 4.0069405714e-05 3.9207995005e+01
-2.1142451059e-04 3.1870208404e-05 4.2241889761e+01
-2.1199521012e-04 3.3652977932e-05 4.1916966414e+01
-1.4450757431e-04 2.4304131664e-05 4.7880251132e+01
-1.4216406260e-04 2.5888823869e-05 4.7636864765e+01
-1.3856109280e-04 2.5868020226e-05 4.7766748726e+01
-1.3985682831e-04 2.7487924944e-05 4.7381577998e+01
-1.3628515471e-04 2.7458407744e-05 4.7506864180e+01
-1.3493945521e-04 2.5848994905e-05 4.7890116119e+01
-1.3268289040e-04 2.7435696543e-05 4.7625259182e+01
-1.3756879864e-04 2.9085198623e-05 4.7119084419e+01
-1.3131134774e-04 2.5830812728e-05 4.8006732771e+01
-1.2907533326e-04 2.7418635317e-05 4.7736144962e+01
-1.3044627132e-04 2.9035523699e-05 4.7350795145e+01
-1.2686069190e-04 2.9015226070e-05 4.7457152904e+01
-1.2546438769e-04 2.7398700083e-05 4.7841154371e+01
2.0766515741e-04 6.7365117924e-05 1.7018414462e+01
2.0436747008e-04 6.9976170808e-05 1.7015972835e+01
2.1096318483e-04 6.4739484821e-05 1.7020754217e+01
-1.4999644686e-04 1.3416651205e-05 4.9805075587e+01
-1.5138142024e-04 1.4950400041e-05 4.9455573935e+01
-1.5516027297e-04 1.4959943353e-05 4.9280727428e+01
-1.5273771790e-04 1.6494875091e-05 4.9100724478e+01
-1.5649160105e-04 1.6504957525e-05 4.8925263834e+01
-1.4898137566e-04 1.6482671458e-05 4.9266903117e+01
-1.5893618179e-04 1.4969877171e-05 4.9095451600e+01
-1.6023092733e-04 1.6519211522e-05 4.8739423087e+01
-1.5406519961e-04 1.8050464314e-05 4.8740709836e+01
-1.6269629032e-04 1.4983277753e-05 4.8899277899e+01
-1.3649869442e-04 1.0948695782e-04 3.3675727537e+01
-1.3473916378e-04 1.1151420966e-04 3.3567479787e+01
-1.3210052354e-04 1.1120486527e-04 3.3527055347e+01
-1.3277021729e-04 1.1323033761e-04 3.3481925277e+01
-1.3733860305e-04 1.1160899514e-04 3.3616162468e+01
-1.2547382976e-04 7.4714699587e-05 3.7846527915e+01
-1.2060370518e-04 7.6466852327e-05 3.7593151342e+01
-1.2170449148e-04 7.8423768128e-05 3.7228687945e+01
-1.2654964520e-04 7.6667889096e-05 3.7481175436e+01
-1.2020157504e-04 8.6160242578e-05 3.5955481719e+01
-1.1840162651e-04 8.8063824697e-05 3.5673825291e+01
-1.1553006802e-04 8.7955318804e-05 3.5707105218e+01
-1.4238168483e-04 1.3402571075e-05 5.0122611111e+01
-1.4002811414e-04 1.4925223502e-05 4.9921796850e+01
-1.3623887077e-04 1.4917871497e-05 5.0058720788e+01
-1.3769339140e-04 1.6454085155e-05 4.9709584566e+01
-1.4145876883e-04 1.6462802103e-05 4.9570986485e+01
-1.3392558919e-04 1.6445515443e-05 4.9839538097e+01
-1.3536198488e-04 1.7991360926e-05 4.9486584954e+01
-1.3244734750e-04 1.4910751553e-05 5.0186703197e+01
-1.3015497329e-04 1.6437626639e-05 4.9960798435e+01
-1.4381508858e-04 1.4932828160e-05 4.9775824905e+01
-1.4522163154e-04 1.6471979160e-05 4.9423558841e+01
2.3240240323e-04 5.5939226901e-05 1.6679857006e+01
2.3322594606e-04 5.9607478298e-05 1.6329149560e+01
2.3734427377e-04 6.0525174786e-05 1.6173987688e+01
2.3402629127e-04 6.3286608647e-05 1.6135005381e+01
7.2209425476e-05 1.0863997542e-04 2.2055277895e+01
-1.2625691414e-04 2.4221607527e-05 4.8490963443e+01
-1.2404229538e-04 2.5798519173e-05 4.8218826532e+01
-1.2040237681e-04 2.5784268151e-05 4.8314000734e+01
-1.2184927276e-04 2.7381553196e-05 4.7938913455e+01
-1.1823071148e-04 2.7365997043e-05 4.8029446485e+01
-1.1964388300e-04 2.8976617774e-05 4.7651287009e+01
-1.1675948887e-04 2.5770293524e-05 4.8401779065e+01
-1.1460868936e-04 2.7351482688e-05 4.8112559153e+01
-2.2883197626e-04 7.1473796197e-05 3.7193571111e+01
-1.3948120865e-04 5.6512533121e-05 4.1159984508e+01
-1.0862850942e-04 8.5760785799e-05 3.6117969783e+01
-1.0689142445e-04 8.7667143293e-05 3.5823165313e+01
9.7699740828e-05 8.6360948148e-05 2.2772982531e+01
9.8229705409e-05 8.9284866474e-05 2.2764603235e+01
9.4902698676e-05 8.8181213809e-05 2.2735563545e+01
1.7701349357e-04 1.5570588119e-04 1.4282279343e+01
1.7690695314e-04 1.5916543188e-04 1.4055428867e+01
-1.2712699478e-04 1.3379665391e-05 5.0644197708e+01
-1.2485753525e-04 1.4898714045e-05 5.0415524933e+01
-1.2105995799e-04 1.4893248985e-05 5.0516218589e+01
-1.2260700319e-04 1.6423964026e-05 5.0176898899e+01
-1.1883019638e-04 1.6417550591e-05 5.0271511139e+01
-1.2036048274e-04 1.7957549232e-05 4.9928690008e+01
-1.2638210488e-04 1.6430199884e-05 5.0073342246e+01
-1.1726053185e-04 1.4887994850e-05 5.0607503970e+01
-1.1505108015e-04 1.6411783701e-05 5.0356738132e+01
-1.2865336949e-04 1.4904472674e-05 5.0305648590e+01
-1.2786615352e-04 1.7973139257e-05 4.9724729099e+01
1.3822561849e-04 1.5437835176e-05 2.2896044357e+01
1.3499625107e-04 1.7274185976e-05 2.2931599887e+01
1.3112924416e-04 1.7094527888e-05 2.2913538905e+01
1.3179379925e-04 1.9122820449e-05 2.2912678503e+01
1.2794894018e-04 1.8922451653e-05 2.2908971839e+01
1.3566326491e-04 1.9340641916e-05 2.2927329173e+01
1.3247222219e-04 2.1221808405e-05 2.2915220097e+01
1.2728432238e-04 1.6931207046e-05 2.2907577903e+01
1.2412723484e-04 1.8739239332e-05 2.2902194413e+01
1.2480259024e-04 2.0762227815e-05 2.2901417541e+01
1.3888628697e-04 1.7470607759e-05 2.2907901889e+01
1.3955761432e-04 1.9576224524e-05 2.2908639278e+01
1.4280076161e-04 1.7684137607e-05 2.2994590979e+01
1.4347892658e-04 1.9829558027e-05 2.2940752767e+01
1.4024701836e-04 2.1753697094e-05 2.2960323777e+01
1.4673250208e-04 1.7915664868e-05 2.2635142918e+01
1.4606332816e-04 1.5804312317e-05 2.2731447871e+01
1.4999700130e-04 1.6014781601e-05 2.2331380813e+01
-1.0281212397e-04 8.5595809507e-05 3.6215112973e+01
-1.0110734277e-04 8.7504062341e-05 3.5915051559e+01
1.3347210201e-04 8.0032735844e-05 1.9212515978e+01
1.2672664897e-04 8.1082547717e-05 2.0956162230e+01
1.8789282480e-04 1.4081642517e-04 1.4730781944e+01
1.8422078745e-04 1.4332068734e-04 1.4721413034e+01
4.9233524147e-05 1.0443759137e-04 2.4779779416e+01
4.9796158287e-05 1.0680882197e-04 2.5676567908e+01
5.2370953791e-05 1.0769966412e-04 2.4344272142e+01
5.0311234479e-05 1.0918575107e-04 2.6666702738e+01
5.4415124036e-05 1.0622730851e-04 2.1930631239e+01
5.4927530111e-05 1.0864538367e-04 2.2752863160e+01
5.7477899533e-05 1.0964345284e-04 2.1684651429e+01
5.5394797514e-05 1.1106496927e-04 2.4013321755e+01
-1.1159464400e-04 2.4172904513e-05 4.8844567764e+01
-1.0946431991e-04 2.5746780887e-05 4.8553004196e+01
-1.0581293865e-04 2.5736305164e-05 4.8615744371e+01
-1.0735563605e-04 2.7326536727e-05 4.8254721523e+01
-1.0372532674e-04 2.7315048018e-05 4.8313022235e+01
-1.0523538332e-04 2.8917818698e-05 4.7949532004e+01
-1.1098367447e-04 2.7337831605e-05 4.8187908512e+01
-1.0215906543e-04 2.5726396469e-05 4.8669241136e+01
-1.0009214531e-04 2.7304961259e-05 4.8361878992e+01
-1.1311324565e-04 2.5757988390e-05 4.8481549195e+01
-2.6669795215e-04 7.0345370305e-05 3.7681167969e+01
1.2279344063e-04 1.4891390013e-05 2.2921680050e+01
1.1965708908e-04 1.6650535964e-05 2.2906003730e+01
1.1587396995e-04 1.6531467247e-05 2.2904264475e+01
1.1654937209e-04 1.8421962446e-05 2.2894693962e+01
1.1279534808e-04 1.8285619201e-05 2.2893099252e+01
1.1211086580e-04 1.6425304050e-05 2.2901999743e+01
1.0906126805e-04 1.8163575412e-05 2.2891190137e+01
1.1722191983e-04 2.0373471761e-05 2.2888866028e+01
1.0836653359e-04 1.6331299264e-05 2.2899945835e+01
1.0534720086e-04 1.8054591943e-05 2.2889265649e+01
1.0604884145e-04 1.9913023182e-05 2.2878508662e+01
1.2346066092e-04 1.6783422380e-05 2.2906687912e+01
1.2032804980e-04 1.8572487487e-05 2.2897390917e+01
-9.5303005971e-05 8.7363723647e-05 3.6019066070e+01
-9.2400006199e-05 8.7302425224e-05 3.6075500109e+01
1.6134924415e-04 1.0215791011e-04 1.7004458886e+01
1.6521855151e-04 1.0353692750e-04 1.6992174709e+01
1.6186853271e-04 1.0587202867e-04 1.6998116199e+01
1.6575016167e-04 1.0728841317e-04 1.7015771579e+01
1.6856437047e-04 1.0117409616e-04 1.6986157941e+01
1.6236892574e-04 1.0962463257e-04 1.6988266640e+01
1.6626317651e-04 1.1107500502e-04 1.6950941394e+01
1.6966982412e-04 1.0870935604e-04 1.6885555120e+01
1.6284522896e-04 1.1341308269e-04 1.7064736127e+01
1.7018720507e-04 1.1251984381e-04 1.6451579670e+01
1.7360991599e-04 1.1011970581e-04 1.6386002257e+01
1.7306911930e-04 1.0631758672e-04 1.6855098768e+01
1.5851475864e-04 1.0817847091e-04 1.7005536861e+01
-1.1184408185e-04 1.3363182131e-05 5.1013893879e+01
-1.0965622178e-04 1.4879625168e-05 5.0760157212e+01
-1.0585198678e-04 1.4876008897e-05 5.0820698400e+01
-1.0748753540e-04 1.6402322615e-05 5.0497372710e+01
-1.0370358457e-04 1.6398040901e-05 5.0551883453e+01
-1.0532375463e-04 1.7933348568e-05 5.0225718361e+01
-1.1127017670e-04 1.6406468346e-05 5.0432226212e+01
-1.0204627362e-04 1.4872637430e-05 5.0869993600e+01
-9.9917767606e-05 1.6394432153e-05 5.0594976754e+01
-1.1345910193e-04 1.4883552885e-05 5.0688939660e+01
-1.1284599501e-04 1.7944155472e-05 5.0096747071e+01
1.9957675143e-04 6.5372501632e-05 1.7010152271e+01
-9.6890987423e-05 2.4139297631e-05 4.9056165835e+01
-9.4844172064e-05 2.5711176455e-05 4.8745292702e+01
-9.1183993347e-05 2.5704970622e-05 4.8766525748e+01
-9.2819083302e-05 2.7289163481e-05 4.8428453874e+01
-8.9179881451e-05 2.7282396573e-05 4.8444821126e+01
-9.6456707741e-05 2.7295840962e-05 4.8400713170e+01
-8.7521983581e-05 2.5699450091e-05 4.8775473917e+01
-8.5538800895e-05 2.7277234351e-05 4.8448530904e+01
-9.8502599099e-05 2.5718195879e-05 4.8712627915e+01
-9.8013965099e-05 2.8895570953e-05 4.8047757578e+01
-1.8087211591e-04 8.8302844392e-05 3.5792301159e+01
1.3849826004e-04 1.4755811930e-04 1.7015008531e+01
-9.6538650699e-05 1.3353219800e-05 5.1211136017e+01
-9.4430565743e-05 1.4868125634e-05 5.0931781766e+01
-9.0621181517e-05 1.4866530016e-05 5.0942755027e+01
-9.2342123594e-05 1.6389424249e-05 5.0643904190e+01
-8.8552733204e-05 1.6387487882e-05 5.0648152846e+01
-9.0259694178e-05 1.7919143757e-05 5.0347505557e+01
-9.6130584683e-05 1.6391324312e-05 5.0625964004e+01
-8.6810682122e-05 1.4865262649e-05 5.0939254293e+01
-8.4761913204e-05 1.6386309934e-05 5.0637576241e+01
-9.8238957141e-05 1.4870100784e-05 5.0907258266e+01
-9.7794644631e-05 1.7924841254e-05 5.0311253897e+01
-2.3936052027e-04 1.2299174034e-05 3.9913184275e+01
-2.3633468371e-04 1.3871135962e-05 4.0509177670e+01
-2.3268168665e-04 1.3823728141e-05 4.1358388673e+01
-2.3332772840e-04 1.5450534652e-05 4.1024848622e+01
-2.2967879221e-04 1.5401971351e-05 4.1800960157e+01
-2.2898415618e-04 1.3785284578e-05 4.2139206208e+01
1.0392027140e-04 1.4489182087e-05 2.2907137085e+01
1.0093391062e-04 1.6175413697e-05 2.2895089275e+01
9.7245924581e-05 1.6112038581e-05 2.2891123504e+01
9.7978745290e-05 1.7871931075e-05 2.2884631154e+01
1.0165338926e-04 1.7957601949e-05 2.2886779679e+01
9.8702995921e-05 1.9677693434e-05 2.2874857173e+01
9.3576537127e-05 1.6057371211e-05 2.2894347588e+01
9.0688622176e-05 1.7729917183e-05 2.2882782758e+01
9.1439403844e-05 1.9490206415e-05 2.2870007866e+01
1.0464141571e-04 1.6248078416e-05 2.2897149250e+01
6.5859536106e-05 7.7447689257e-05 2.2630824458e+01
6.6515611285e-05 7.9932166812e-05 2.2611549858e+01
4.0566529154e-05 9.1302815798e-05 2.3102453222e+01
5.9820265480e-05 7.6069549482e-05 2.2637081002e+01
6.0507721731e-05 7.8481009482e-05 2.2619000877e+01
3.1354124926e-04 2.7284400535e-05 1.5655341439e+01
-7.8459057541e-05 7.5628072268e-05 3.8511871380e+01
-7.9863955620e-05 7.7523177290e-05 3.8119581440e+01
-8.2874889643e-05 7.7554616215e-05 3.8049834748e+01
-8.4524983230e-05 7.5688474252e-05 3.8374882386e+01
-8.7554817490e-05 7.5726188695e-05 3.8305573585e+01
-8.8896354591e-05 7.7632393460e-05 3.7910563654e+01
-9.1899427009e-05 7.7679165227e-05 3.7841752678e+01
-2.5560614740e-04 2.6767697120e-05 3.3740285967e+01
-2.5558300890e-04 2.8695871980e-05 3.3757341096e+01
-8.1215939169e-05 1.3350592490e-05 5.1192887919e+01
-7.9186595114e-05 1.4865214586e-05 5.0884359039e+01
-7.5373604293e-05 1.4866022903e-05 5.0830738265e+01
-7.7177597045e-05 1.6386481839e-05 5.0567556684e+01
-7.3384524273e-05 1.6387344798e-05 5.0505824007e+01
-7.5175948974e-05 1.7916387093e-05 5.0242300285e+01
-8.0970156046e-05 1.6385742504e-05 5.0611139835e+01
-7.1559899020e-05 1.4867296814e-05 5.0758000555e+01
-6.9590501866e-05 1.6389113260e-05 5.0424455519e+01
-8.2998981514e-05 1.4864907354e-05 5.0920142532e+01
-8.2719762227e-05 1.7916114451e-05 5.0327393402e+01
-7.9407322455e-05 8.5158987204e-05 3.6710366276e+01
-7.7836128278e-05 8.7079524293e-05 3.6401725719e+01
-1.4759965137e-04 1.4941043573e-05 4.9620542114e+01
8.9138663490e-05 1.4328022707e-05 2.2976034821e+01
8.6293077645e-05 1.5971312975e-05 2.2942492488e+01
8.2673535807e-05 1.5936360017e-05 2.3373462085e+01
8.3476161178e-05 1.7623470279e-05 2.2889613251e+01
7.9893839966e-05 1.7579790076e-05 2.3362016408e+01
8.7072694254e-05 1.7672402790e-05 2.2862108911e+01
8.4256204386e-05 1.9343955983e-05 2.2867194542e+01
7.9043238083e-05 1.5898858412e-05 2.4011646463e+01
7.6298931132e-05 1.7534228978e-05 2.4085364493e+01
7.7148404870e-05 1.9232017042e-05 2.3390557581e+01
8.9925509423e-05 1.6010399024e-05 2.2870220472e+01
-2.2349290219e-04 6.8315545818e-05 3.7451604167e+01
-7.2385369303e-05 7.5588526219e-05 3.8643438037e+01
-7.3828062739e-05 7.7476506444e-05 3.8257316798e+01
-6.0014366814e-05 2.4132621285e-05 4.8641562569e+01
-6.1852931270e-05 2.5701360303e-05 4.8398756244e+01
-6.5522837260e-05 2.5696686634e-05 4.8508450547e+01
-6.3665759560e-05 2.7279719038e-05 4.8143753599e+01
-6.7313101435e-05 2.7273438432e-05 4.8240090827e+01
-6.5457349886e-05 2.8867470006e-05 4.7877116632e+01
-6.9191445694e-05 2.5693296940e-05 4.8597232375e+01
-7.0959813358e-05 2.7270820017e-05 4.8316167735e+01
-6.0013656337e-05 2.7284576180e-05 4.8026504079e+01
-7.2859358974e-05 2.5691693892e-05 4.8666499144e+01
-7.4605616897e-05 2.7272614383e-05 4.8373186826e+01
-7.2707190436e-05 2.8863296206e-05 4.8023376539e+01
-7.6330913033e-05 2.8863777511e-05 4.8069580026e+01
-7.8251255834e-05 2.7271599864e-05 4.8413978790e+01
-1.7610272244e-04 9.8390268592e-05 3.4959232594e+01
3.0105287100e-05 3.8684106154e-05 3.0859011434e+01
3.1140296709e-05 4.0507024581e-05 3.0014982329e+01
3.4429763823e-05 4.0667519942e-05 2.8779428037e+01
3.6739059596e-05 3.8984942672e-05 2.8433272387e+01
4.0026811495e-05 3.9144617324e-05 2.7199046713e+01
4.0947891927e-05 4.1009315681e-05 2.6257718518e+01
4.4173788044e-05 4.1190181632e-05 2.5006752485e+01
-6.5881515578e-05 1.3356860992e-05 5.0893359691e+01
-6.3930749718e-05 1.4872750882e-05 5.0549332373e+01
-6.0115916911e-05 1.4876563974e-05 5.0410512488e+01
-6.2001300809e-05 1.6395681239e-05 5.0197083777e+01
-5.8206562777e-05 1.6400043803e-05 5.0048136139e+01
-5.6300985400e-05 1.4881035884e-05 5.0246616187e+01
-5.4411784878e-05 1.6405536104e-05 4.9873451278e+01
-6.0080619955e-05 1.7927645799e-05 4.9836208915e+01
-6.5796029545e-05 1.6391663212e-05 5.0322079858e+01
-5.2486004239e-05 1.4886616576e-05 5.0055901987e+01
-5.0617164663e-05 1.6413301153e-05 4.9671169324e+01
-5.2544878544e-05 1.7941291558e-05 4.9491806435e+01
-4.8758153000e-05 1.7948882471e-05 4.9277626728e+01
-4.6820215211e-05 1.6420127834e-05 4.9439953843e+01
-6.7745441702e-05 1.4869614887e-05 5.0664663302e+01
-6.7629187169e-05 1.7919970611e-05 5.0082355004e+01
7.4452749746e-05 1.4205540074e-05 2.5310403855e+01
7.1751535578e-05 1.5819071083e-05 2.5462789303e+01
6.8091069790e-05 1.5777232028e-05 2.6291472530e+01
6.9073948643e-05 1.7439242547e-05 2.5617587163e+01
6.5444949230e-05 1.7390128067e-05 2.6481266748e+01
7.2692228894e-05 1.7487103978e-05 2.4807618287e+01
7.0014314793e-05 1.9122695804e-05 2.4926976821e+01
6.4420948923e-05 1.5734429469e-05 2.7177727738e+01
6.1804810045e-05 1.7340514979e-05 2.7397791705e+01
6.2829357731e-05 1.9010164343e-05 2.6671709617e+01
7.5402367920e-05 1.5859648320e-05 2.4693216949e+01
1.9058382424e-04 9.7742989689e-05 1.6159706649e+01
2.3400977227e-05 3.8409581536e-05 3.3165674576e+01
2.4495324405e-05 4.0206945290e-05 3.2392968396e+01
-6.7651604349e-05 8.5076636478e-05 3.7008509353e+01
-6.9073242405e-05 8.7016279114e-05 3.6627171065e+01
-4.1566754435e-05 2.4184867134e-05 4.7633232542e+01
-4.3476204854e-05 2.5759184288e-05 4.7475266916e+01
5.9631479737e-05 1.4060070003e-05 2.8817281345e+01
5.7052098717e-05 1.5648008172e-05 2.9085794329e+01
5.3354304360e-05 1.5604584289e-05 3.0092034831e+01
5.4493331447e-05 1.7241137325e-05 2.9353341201e+01
5.0822935799e-05 1.7191493613e-05 3.0376866375e+01
5.8154219518e-05 1.7290601200e-05 2.8357685990e+01
5.5596742479e-05 1.8896762964e-05 2.8602163732e+01
4.7142656481e-05 1.7142384513e-05 3.1420404135e+01
4.8319842991e-05 1.8784599519e-05 3.0658300549e+01
6.0741095493e-05 1.5691284502e-05 2.8111685260e+01
-4.6707357247e-05 1.3380830284e-05 4.9988045052e+01
-4.4855946480e-05 1.4900917121e-05 4.9587176538e+01
-4.1042064547e-05 1.4909795810e-05 4.9305692655e+01
-4.3027651238e-05 1.6428913579e-05 4.9177947842e+01
-3.9234611436e-05 1.6439193971e-05 4.8883154313e+01
-3.7228815654e-05 1.4919507467e-05 4.8990484229e+01
-3.5442334631e-05 1.6450770094e-05 4.8553890930e+01
-3.3416415187e-05 1.4930617537e-05 4.8639702141e+01
-3.1651271872e-05 1.6464886909e-05 4.8188244824e+01
-3.3680243683e-05 1.7994074210e-05 4.8108741765e+01
-2.9898728365e-05 1.8009023262e-05 4.7727310318e+01
-2.7858942567e-05 1.6478509267e-05 4.7784739991e+01
-1.3903493022e-04 3.5665301761e-05 4.5653454883e+01
-1.4025630447e-04 3.7350321715e-05 4.5248484480e+01
-1.4369499890e-04 3.7390208645e-05 4.5127992122e+01
-1.4145010899e-04 3.9049273595e-05 4.4841449770e+01
-1.4486143108e-04 3.9093136576e-05 4.4721471406e+01
-1.4261825552e-04 4.0761683751e-05 4.4432999794e+01
-6.1771317180e-05 8.5072933882e-05 3.7161583146e+01
-6.3236024633e-05 8.7004855898e-05 3.6785020996e+01
4.6189825033e-05 1.2824238446e-04 4.9138670126e+01
4.6385902204e-05 1.3073601495e-04 5.5285608026e+01
4.4202093956e-05 1.2983568589e-04 5.3375641014e+01
4.1965007410e-05 1.2902990125e-04 5.1717731186e+01
4.1627722744e-05 1.2663567807e-04 4.7033303926e+01
3.9669810602e-05 1.2834488077e-04 5.0341381775e+01
4.0314716490e-05 1.3074494136e-04 5.5379278839e+01
1.2767901972e-04 1.4569678193e-04 1.7161138426e+01
4.4681747973e-05 1.3910616190e-05 3.2909548577e+01
4.2209107142e-05 1.5476500113e-05 3.3225330653e+01
3.8478104881e-05 1.5435201871e-05 3.4282423996e+01
3.9754886989e-05 1.7046881466e-05 3.3536111561e+01
3.6048443235e-05 1.7000478783e-05 3.4593373580e+01
4.3453226984e-05 1.7093941822e-05 3.2476061013e+01
4.1001605521e-05 1.8675664451e-05 3.2776645022e+01
3.4739578233e-05 1.5394729519e-05 3.5333886019e+01
3.2333820515e-05 1.6955473729e-05 3.5640929206e+01
3.3645786559e-05 1.8571719263e-05 3.4895771970e+01
4.5932462133e-05 1.5518477300e-05 3.2169596850e+01
-2.7542269715e-05 1.3428359220e-05 4.8298722225e+01
-2.5794452382e-05 1.4956900032e-05 4.7824670673e+01
-2.1986186047e-05 1.4972244835e-05 4.7357345135e+01
-2.4071969616e-05 1.6494413854e-05 4.7341996426e+01
-2.0285831806e-05 1.6512170087e-05 4.6858101651e+01
-1.8179700011e-05 1.4988755206e-05 4.6848296890e+01
-1.6501765883e-05 1.6531582543e-05 4.6331859931e+01
-2.2364209987e-05 1.8042990798e-05 4.6849489421e+01
-1.4375303132e-05 1.5006968166e-05 4.6296252689e+01
-1.2720363935e-05 1.6553836756e-05 4.5762025169e+01
-1.1081365166e-05 1.8111900184e-05 4.5217354365e+01
-8.9391423444e-06 1.6576017054e-05 4.5147762930e+01
-1.5787873666e-04 1.0495782142e-04 3.4277955913e+01
-1.5603615900e-04 1.0705886124e-04 3.4146854769e+01
-1.5861604113e-04 1.0714208104e-04 3.4193675472e+01
-1.5403166324e-04 1.0893663176e-04 3.4035946205e+01
-1.5332471796e-04 1.0681261478e-04 3.4105994948e+01
2.9617552670e-05 1.3770052735e-05 3.7095417509e+01
2.7241153512e-05 1.5317914817e-05 3.7393810420e+01
2.3482207340e-05 1.5281433354e-05 3.8390699595e+01
2.4881299137e-05 1.6871086750e-05 3.7681892600e+01
2.1145252507e-05 1.6829881857e-05 3.8664449913e+01
1.9717478486e-05 1.5246326388e-05 3.9358801692e+01
1.7402687884e-05 1.6791253245e-05 3.9615281331e+01
2.2538545122e-05 1.8429570782e-05 3.7959845926e+01
2.6255109401e-05 1.8475516405e-05 3.6960293523e+01
1.5946845180e-05 1.5212932763e-05 4.0293966886e+01
1.3653610035e-05 1.6754621282e-05 4.0530774314e+01
1.5113939270e-05 1.8342270442e-05 3.9856708127e+01
3.0993559999e-05 1.5355754663e-05 3.6373074307e+01
2.8612944922e-05 1.6911939119e-05 3.6672006371e+01
2.4718821471e-04 1.2056048563e-04 1.4153158176e+01
3.0400224695e-06 1.3570088158e-05 4.3486415711e+01
8.1578196653e-07 1.5096485595e-05 4.3644030825e+01
-2.9771537458e-06 1.5071629794e-05 4.4374236846e+01
-1.3927823351e-06 1.6628822069e-05 4.3784982305e+01
2.3756373151e-06 1.6656632060e-05 4.3036345215e+01
-3.5849189042e-06 1.8167270776e-05 4.3909348640e+01
4.6049297003e-06 1.5122911648e-05 4.2869610391e+01
6.1395846021e-06 1.6687214714e-05 4.2243486648e+01
8.3899639639e-06 1.5151198064e-05 4.2051962855e+01
9.8991197125e-06 1.6719743821e-05 4.1407701738e+01
7.6539936914e-06 1.8264991520e-05 4.1605624146e+01
1.2170747462e-05 1.5181106227e-05 4.1192695613e+01
1.0656368684e-05 1.3620026327e-05 4.1844997933e+01
-3.9529919268e-06 3.7581197468e-05 4.0449930758e+01
-2.6039103739e-06 3.9301756655e-05 3.9892226414e+01
8.2423403831e-07 3.9390318662e-05 3.9148500501e+01
2.9504898163e-06 3.7749068878e-05 3.8951507999e+01
7.6516813542e-06 3.9587895865e-05 3.7493108016e+01
1.1048852821e-05 3.9697237948e-05 3.6580639173e+01
-5.5891431387e-05 8.5096081058e-05 3.7311375940e+01
-5.7394754463e-05 8.7020885656e-05 3.6944578450e+01
-6.3188258787e-05 9.4845898345e-05 3.5444167271e+01
-6.1768071331e-05 9.6834914887e-05 3.5156883915e+01
2.5446165429e-04 1.3594382212e-05 2.0006683973e+01
-5.1556091547e-05 8.7065518102e-05 3.7100574528e+01
-2.1340480662e-05 3.7264348059e-05 4.3298985537e+01
-1.9859692047e-05 3.8953021397e-05 4.2826730211e+01
-1.6395749357e-05 3.9011013883e-05 4.2338126448e+01
-2.8333045175e-05 3.7173880691e-05 4.4118784216e+01
-2.6812555598e-05 3.8852609533e-05 4.3672937068e+01
-5.7499630672e-05 9.4861607707e-05 3.5622241103e+01
-2.2823282765e-04 1.2188545246e-05 4.2483993474e+01
1.3029557922e-04 1.5816815523e-04 1.7151934275e+01
1.2628411608e-04 1.5988240687e-04 1.7541164559e+01
-3.5340363702e-05 3.7101709155e-05 4.4781924861e+01
-3.3771534156e-05 3.8772182660e-05 4.4357107889e+01
-6.1692249818e-05 3.5326581224e-05 4.6493076881e+01
-5.9939404718e-05 3.6967638907e-05 4.6120182114e+01
-5.4616548498e-05 3.5344928804e-05 4.6254971182e+01
-5.2898926682e-05 3.6989790474e-05 4.5869791831e+01
-4.4143041192e-05 8.5230929229e-05 3.7574074421e+01
-4.5722437590e-05 8.7140972336e-05 3.7246078643e+01
3.2707389411e-05 1.2635848779e-04 4.6487806598e+01
3.0745412038e-05 1.2804478162e-04 4.8417078997e+01
2.8401376783e-05 1.2747496074e-04 4.7077277091e+01
3.3058089389e-05 1.2858686536e-04 4.9787125296e+01
3.5355975455e-05 1.2974896657e-04 5.2298430838e+01
-5.1814919762e-05 9.4907343734e-05 3.5813505851e+01
-5.0471699657e-05 9.6912319224e-05 3.5538527665e+01
-3.8279498364e-05 8.5347770293e-05 3.7668599247e+01
-3.9896226870e-05 8.7249899003e-05 3.7372181550e+01
-4.6136393851e-05 9.4985183811e-05 3.6014163029e+01
-4.4833097320e-05 9.6999388476e-05 3.5750902195e+01
-3.4077459264e-05 8.7395488779e-05 3.7467664431e+01
-4.2358559502e-05 3.7045694515e-05 4.5306321190e+01
-4.0742602104e-05 3.8709430639e-05 4.4899111350e+01
-4.0466314707e-05 9.5097615180e-05 3.6218795230e+01
-3.9203864316e-05 9.7121954936e-05 3.5971681596e+01
1.7130561695e-04 9.5072688068e-05 1.7001217176e+01
1.7524543599e-04 9.6369844833e-05 1.7000025193e+01
1.7190680837e-04 9.8784598585e-05 1.6988237162e+01
1.7585950661e-04 1.0011672076e-04 1.7003117778e+01
-3.4806942987e-05 9.5247575574e-05 3.6420000478e+01
-3.3586223391e-05 9.7283013993e-05 3.6194017655e+01
-2.7481743675e-04 3.5747667461e-05 2.5724975424e+01
-2.6586623945e-05 8.5696732149e-05 3.7719729191e+01
2.3180505161e-05 1.2409862534e-04 4.2434343267e+01
2.1401184473e-05 1.2597711735e-04 4.3769507151e+01
1.8994387258e-05 1.2549403719e-04 4.2948067728e+01
1.7196333621e-05 1.2755655179e-04 4.4733570288e+01
1.6603640257e-05 1.2504076385e-04 4.2350374400e+01
1.4919897774e-05 1.2706868491e-04 4.4080052336e+01
1.2995934516e-05 1.2854018492e-04 4.5632105700e+01
1.1220563636e-05 1.2713280402e-04 4.3622714666e+01
8.9644750747e-06 1.2772953822e-04 4.3649259347e+01
9.7580770323e-06 1.2542684446e-04 4.1761197767e+01
7.2872506304e-06 1.2577531600e-04 4.1391053060e+01
1.7865811572e-05 1.3008308564e-04 4.7689358221e+01
1.1993530942e-05 1.2478710007e-04 4.1683627199e+01
1.0502257914e-05 1.2312776081e-04 4.0393016986e+01
2.3790189626e-05 1.2648991949e-04 4.4818078730e+01
2.6100126580e-05 1.2697358361e-04 4.5912200749e+01
2.4311473689e-05 1.2884153917e-04 4.7537017001e+01
-4.9389955929e-05 3.7006246794e-05 4.5709045342e+01
-4.7721449052e-05 3.8663845687e-05 4.5316408219e+01
-2.0762744403e-05 8.5937059525e-05 3.7641671880e+01
-2.2485378813e-05 8.7811454767e-05 3.7507478632e+01
-2.9160543811e-05 9.5438499602e-05 3.6607978623e+01
-2.7982392395e-05 9.7486060820e-05 3.6408647701e+01
-7.1104944218e-05 6.6349644689e-05 4.0437333578e+01
-6.9498067357e-05 6.8170000824e-05 4.0106163879e+01
-2.1153139334e-04 7.5159367717e-05 3.7025918711e+01
-1.9001515620e-06 1.0739963902e-04 3.6942089382e+01
-3.6158070696e-06 1.0932697515e-04 3.6831548737e+01
-6.2658450694e-06 1.0908365974e-04 3.6646635115e+01
-5.3061724852e-06 1.1127185330e-04 3.6647648140e+01
-7.9383617440e-06 1.1103661169e-04 3.6413990944e+01
-8.9232398192e-06 1.0885696870e-04 3.6453028180e+01
-9.7258062654e-07 1.0958825273e-04 3.7003505441e+01
1.6633293855e-06 1.0986832514e-04 3.7157631464e+01
-5.9776785150e-08 1.1179458600e-04 3.7094291426e+01
3.4128147627e-06 1.0796065644e-04 3.7141260753e+01
6.0579610036e-06 1.0827135324e-04 3.7199706021e+01
6.9121736493e-06 1.1048902530e-04 3.7391269733e+01
9.5237846076e-06 1.1083134203e-04 3.7460932751e+01
7.7482894907e-06 1.1272447479e-04 3.7629278298e+01
1.1323807204e-05 1.0895843180e-04 3.7214354551e+01
1.2126926836e-05 1.1119698127e-04 3.7494973608e+01
1.3943707917e-05 1.0933686909e-04 3.7166679216e+01
1.4721037108e-05 1.1158638252e-04 3.7493664096e+01
1.7304778872e-05 1.1200026155e-04 3.7461467276e+01
1.5478122676e-05 1.1385407395e-04 3.7881036207e+01
1.2908647593e-05 1.1345336041e-04 3.7831137503e+01
1.9155455298e-05 1.1016873638e-04 3.6969944926e+01
1.9878622546e-05 1.1244075211e-04 3.7407137981e+01
2.1746494385e-05 1.1062443093e-04 3.6831591553e+01
2.2442079984e-05 1.1290761455e-04 3.7340977426e+01
2.4994011354e-05 1.1340166330e-04 3.7271813612e+01
2.3114112501e-05 1.1520935683e-04 3.7950175635e+01
2.0577275158e-05 1.1473069002e-04 3.7924462020e+01
2.6897610902e-05 1.1161979355e-04 3.6501739085e+01
2.7535077160e-05 1.1392540251e-04 3.7203169995e+01
2.9457233902e-05 1.1216257707e-04 3.6311818013e+01
3.2583197783e-05 1.1506348992e-04 3.7040586045e+01
3.0644869071e-05 1.1681314247e-04 3.8136380348e+01
2.8144147467e-05 1.1624884571e-04 3.8061183930e+01
3.4544112476e-05 1.1334503719e-04 3.5847171908e+01
3.5089589869e-05 1.1568223262e-04 3.6919578842e+01
3.7070279096e-05 1.1398933095e-04 3.5547086419e+01
3.7581399629e-05 1.1633801230e-04 3.6750501361e+01
3.5599799109e-05 1.1803724088e-04 3.8243355023e+01
5.1547545871e-06 1.1239374272e-04 3.7477103855e+01
-2.3529398844e-05 9.5674370631e-05 3.6770068246e+01
-2.2394602155e-05 9.7735146709e-05 3.6603404747e+01
-1.1792776872e-04 6.6975700621e-05 3.9464227113e+01
-6.4818061214e-05 6.6342648632e-05 4.0503568379e+01
-6.3252604323e-05 6.8168355831e-05 4.0176144076e+01
-6.0121299907e-05 6.8175380744e-05 4.0199038171e+01
-8.6796010013e-05 6.6450632315e-05 4.0170543314e+01
-8.5088670910e-05 6.8265077454e-05 3.9833617279e+01
-8.1967096523e-05 6.8237199297e-05 3.9895972989e+01
-1.2295373726e-04 6.5248759479e-05 3.9717895595e+01
-1.2409131476e-04 6.7132165590e-05 3.9318379369e+01
-1.2913850295e-04 6.5412792470e-05 3.9567286329e+01
-1.3221960918e-04 6.5502074426e-05 3.9492051616e+01
-1.3328237496e-04 6.7402709171e-05 3.9101805372e+01
-1.4957727049e-05 8.6227787854e-05 3.7465588483e+01
-1.6714735625e-05 8.8090949421e-05 3.7414115145e+01
-9.3055177010e-05 6.6521730132e-05 4.0039120472e+01
-9.1308964192e-05 6.8333421130e-05 3.9702028082e+01
-1.7915825282e-05 9.5959779326e-05 3.6890282261e+01
-1.6825073506e-05 9.8034925959e-05 3.6762703592e+01
5.9716959244e-06 1.2114233243e-04 3.8799914964e+01
4.2989081280e-06 1.2302879176e-04 3.9058657997e+01
1.7930924098e-06 1.2276968936e-04 3.8334719043e+01
2.8696422112e-06 1.2524316756e-04 3.9676858105e+01
2.2255663018e-07 1.2475016921e-04 3.8604869207e+01
6.6635879837e-06 1.2337876427e-04 3.9765214635e+01
-7.0154303368e-07 1.2247465695e-04 3.7636989885e+01
-2.2984721780e-06 1.2448405824e-04 3.7699670944e+01
-1.4047746294e-06 1.2680135717e-04 3.9128259536e+01
-3.8722825980e-06 1.2651694305e-04 3.8047207547e+01
-4.7961890409e-06 1.2419290609e-04 3.6861423043e+01
9.9891106774e-05 1.5107835464e-04 1.8597370409e+01
1.0285968707e-04 1.5306018224e-04 1.8224003584e+01
-1.2322112105e-05 9.6299976070e-05 3.6948874771e+01
-1.1276032801e-05 9.8390731746e-05 3.6867039547e+01
-9.1746811670e-06 8.6574633731e-05 3.7165029698e+01
-1.0964818191e-05 8.8425244076e-05 3.7213992457e+01
-1.5321422354e-04 7.2019045230e-05 3.7975658749e+01
-1.5615423342e-04 7.2170651395e-05 3.7916461671e+01
-1.5825280984e-04 7.0338548442e-05 3.8192936217e+01
-1.5908268475e-04 7.2329789453e-05 3.7857707800e+01
-1.5408031804e-04 7.4010274775e-05 3.7639968175e+01
-2.3412654578e-05 1.0582774107e-04 3.5649009977e+01
-2.4993658650e-05 1.0781100098e-04 3.5275928241e+01
-2.7691007348e-05 1.0768275307e-04 3.5095224739e+01
-2.6549323124e-05 1.0980844697e-04 3.4873352756e+01
-2.8845293450e-05 1.0557294673e-04 3.5314497796e+01
-3.3099194866e-05 1.0746088503e-04 3.4757348775e+01
-3.1916602315e-05 1.0957316492e-04 3.4510766117e+01
-3.4605795375e-05 1.0947206138e-04 3.4346083839e+01
-3.5810038998e-05 1.0736614196e-04 3.4601320584e+01
-2.2301411981e-05 1.0795140294e-04 3.5463373886e+01
-1.9614312598e-05 1.0810456483e-04 3.5656478144e+01
-4.1412175646e-06 1.1993039572e-04 3.6619373445e+01
-5.7373165434e-06 1.2193266480e-04 3.6337566681e+01
-8.2655202432e-06 1.2168857113e-04 3.5761948246e+01
-7.2998900655e-06 1.2393212441e-04 3.6108002801e+01
-9.8141170589e-06 1.2370541585e-04 3.5407934148e+01
-8.8381784731e-06 1.2599840293e-04 3.5985539530e+01
-1.2335324178e-05 1.2348201300e-04 3.4795066718e+01
-3.4169009820e-06 8.6984078641e-05 3.6709777289e+01
-5.2386613575e-06 8.8820594074e-05 3.6878995874e+01
-5.7497895766e-06 9.8808631838e-05 3.6892703039e+01
-2.6180860691e-04 1.9725324144e-05 3.1195806628e+01
2.1336748422e-04 1.2640669278e-04 1.4642603352e+01
-1.4364177473e-05 1.1900853624e-04 3.4874084765e+01
-1.5897993501e-05 1.2103988829e-04 3.4361901508e+01
-1.8457645458e-05 1.2085224255e-04 3.3999981978e+01
-1.7402976879e-05 1.2308547027e-04 3.3809974260e+01
-1.9947844386e-05 1.2290259491e-04 3.3424776916e+01
-1.8878998799e-05 1.2514464569e-04 3.3252558402e+01
-2.1504165530e-05 1.2498924279e-04 3.2862587216e+01
-2.2515902192e-05 1.2273684065e-04 3.3109802404e+01
-2.3947827070e-05 1.2480059531e-04 3.2572544290e+01
-2.5061860891e-05 1.2257671381e-04 3.2863678415e+01
-2.6493167401e-05 1.2464755547e-04 3.2334921606e+01
-2.7625571343e-05 1.2243152779e-04 3.2662020679e+01
-2.9045335032e-05 1.2450658587e-04 3.2182349641e+01
-3.0197519294e-05 1.2229199871e-04 3.2498504973e+01
-1.6356213206e-05 1.2533659862e-04 3.3738761403e+01
-2.6178937651e-05 1.2036844784e-04 3.3170663747e+01
-1.4865626081e-05 1.2327992509e-04 3.4265746948e+01
-1.3841708304e-05 1.2554302338e-04 3.4366801847e+01
1.6039127216e-04 5.4425348722e-05 1.8338483471e+01
-1.4361315741e-04 1.0797724094e-04 3.3872778053e+01
-1.2039623485e-06 9.7169433222e-05 3.6782656438e+01
-2.4870698355e-07 9.9295467639e-05 3.6812123927e+01
4.6053620841e-07 8.9284044076e-05 3.6377710247e+01
1.8193494793e-04 1.1666183916e-04 1.5571490096e+01
-1.6090822071e-04 9.8901890651e-05 3.4697480614e+01
1.2300257868e-04 1.5757996736e-04 1.7473206453e+01
8.0086743485e-06 8.8020763139e-05 3.5198881538e+01
4.3154551098e-06 9.7712994899e-05 3.6500846151e+01
5.2247576606e-06 9.9858869372e-05 3.6595618998e+01
9.8049613382e-06 9.8339971494e-05 3.6047823424e+01
1.0668060797e-05 1.0050722331e-04 3.6215199611e+01
1.3668937292e-05 8.8665245612e-05 3.4071016443e+01
1.1764502647e-05 9.0447714035e-05 3.4741187612e+01
-2.9913793830e-05 1.1804817175e-04 3.3264642567e+01
-3.1357924075e-05 1.2010552859e-04 3.2800303816e+01
-3.3956450895e-05 1.1999259060e-04 3.2658092053e+01
-3.2776190147e-05 1.2216923881e-04 3.2368824349e+01
-3.5359977211e-05 1.2204575311e-04 3.2269351998e+01
-3.6559946615e-05 1.1988632738e-04 3.2540829264e+01
-3.7949689552e-05 1.2194344379e-04 3.2191372792e+01
-3.4169785483e-05 1.2425912763e-04 3.2004215042e+01
-3.9168671546e-05 1.1979286245e-04 3.2444394785e+01
-4.0545209132e-05 1.2187327434e-04 3.2130352610e+01
-3.9316630911e-05 1.2405565926e-04 3.1931076018e+01
-4.2173391096e-05 1.2390971484e-04 3.1922625734e+01
-4.3190246070e-05 1.2173859469e-04 3.2093498584e+01
-2.4104651097e-04 6.7200086807e-05 3.7253095617e+01
-4.2499865647e-05 1.0512838634e-04 3.4581611135e+01
-4.3964306525e-05 1.0714275959e-04 3.4188535666e+01
-4.6689014414e-05 1.0708728228e-04 3.4069686996e+01
-4.5407184536e-05 1.0916974950e-04 3.3798572905e+01
-4.7985131033e-05 1.0501900902e-04 3.4340779273e+01
-4.9416527648e-05 1.0704075471e-04 3.3960144526e+01
-5.2146587532e-05 1.0700289529e-04 3.3859759149e+01
-5.0826697440e-05 1.0907488432e-04 3.3589536155e+01
-4.1242809746e-05 1.0720748991e-04 3.4316767796e+01
-3.8524686431e-05 1.0728180524e-04 3.4454393078e+01
-4.0000204547e-05 1.0930124333e-04 3.4050114767e+01
-5.3480767809e-05 1.0494458272e-04 3.4132103242e+01
-5.4878902474e-05 1.0697345763e-04 3.3768327868e+01
-5.7613225129e-05 1.0695222789e-04 3.3685601832e+01
-5.6256442525e-05 1.0901448495e-04 3.3420338393e+01
-5.8984254105e-05 1.0490318554e-04 3.3955251921e+01
-6.0349264381e-05 1.0693896709e-04 3.3611306289e+01
-6.3086549249e-05 1.0693357097e-04 3.3545126454e+01
-6.1693613921e-05 1.0898681576e-04 3.3287816559e+01
-6.4415493420e-05 1.0898482195e-04 3.3234217093e+01
-6.5825666244e-05 1.0693575562e-04 3.3486735420e+01
1.9289025655e-05 8.9406996879e-05 3.2648122913e+01
1.7362308165e-05 9.1166511924e-05 3.3539668079e+01
1.6078658412e-05 1.0124961872e-04 3.5649899412e+01
1.4605241265e-04 1.3601665993e-04 1.7005202331e+01
2.4865191875e-05 9.0257350784e-05 3.0901961432e+01
2.2919483925e-05 9.1990772445e-05 3.2045112715e+01
2.0683915747e-05 9.9881651315e-05 3.4540633925e+01
2.1463167780e-05 1.0209798685e-04 3.4887925225e+01
2.4137122325e-05 1.0256345412e-04 3.4433084911e+01
2.6068805666e-05 1.0081721750e-04 3.3462422684e+01
1.4393439339e-04 1.0608916916e-04 1.7011117634e+01
1.6405252407e-04 1.2488290004e-04 1.6102460850e+01
-4.3028522250e-05 1.1756680883e-04 3.2620076014e+01
-4.4408128475e-05 1.1963261952e-04 3.2305523858e+01
-4.7024085628e-05 1.1957805117e-04 3.2257287821e+01
-4.5757788649e-05 1.2166789573e-04 3.2066826191e+01
-4.8358872448e-05 1.2158258640e-04 3.2053637395e+01
-4.9649226229e-05 1.1951149741e-04 3.2223606054e+01
-5.0970129217e-05 1.2157117982e-04 3.2045199490e+01
-1.8982567644e-04 4.3605790390e-05 4.1938936896e+01
-1.9046694912e-04 4.5454580673e-05 4.1582217772e+01
2.2640949196e-04 1.1763511079e-05 1.9836915092e+01
-1.5974224344e-04 3.5918127082e-05 4.4849361449e+01
-1.6316571093e-04 3.5969448583e-05 4.4695478340e+01
-1.6556795790e-04 3.4317182043e-05 4.4929814033e+01
-1.6078847507e-04 3.7629826637e-05 4.4450151491e+01
-2.1323998961e-04 1.2087131781e-05 4.4995444294e+01
1.2653021373e-04 1.0261328555e-04 1.6976675786e+01
-5.3596194712e-05 1.1735807556e-04 3.2394053976e+01
-5.4911396475e-05 1.1944623422e-04 3.2184928276e+01
-5.7547129661e-05 1.1941940928e-04 3.2179792804e+01
-6.0185746365e-05 1.1938878931e-04 3.2183874585e+01
-6.1456283214e-05 1.2134333843e-04 3.2101970575e+01
-6.2827143972e-05 1.1936201503e-04 3.2194547771e+01
-6.4030644182e-05 1.2151879891e-04 3.2123745018e+01
-6.2105966207e-05 1.2381186605e-04 3.2098517591e+01
5.6985966839e-05 9.5795496228e-05 2.2394507256e+01
5.4832667253e-05 9.7392453746e-05 2.2370413486e+01
1.7027660874e-04 6.8157302893e-05 1.7025681153e+01
1.7409246842e-04 6.9048995010e-05 1.7026200891e+01
-1.8403528170e-04 6.2129395637e-05 3.9060507334e+01
-1.5843661302e-04 3.9298308325e-05 4.4194705386e+01
-1.9521105547e-05 1.1863664369e-04 3.4211989418e+01
-1.5173481838e-04 8.1775929470e-05 3.6480920165e+01
-7.6311377365e-05 1.1527552388e-04 3.2516739551e+01
-7.4853973516e-05 1.1734758617e-04 3.2383608019e+01
-7.7517028248e-05 1.1738146658e-04 3.2408951997e+01
-7.8796972665e-05 1.1939570311e-04 3.2362488377e+01
-6.6869684151e-05 1.1729172124e-04 3.2337410600e+01
-6.8114901397e-05 1.1937820407e-04 3.2231143828e+01
-7.0764968407e-05 1.1931549208e-04 3.2260010865e+01
-6.5462102981e-05 1.1936774183e-04 3.2209978264e+01
-7.2192164071e-05 1.1730798248e-04 3.2364042821e+01
1.1003613627e-04 6.8294984078e-05 2.2881471212e+01
-6.0102506967e-05 5.7389951134e-05 4.2187097670e+01
-6.1735484515e-05 5.9158274827e-05 4.1863763572e+01
-6.4965283421e-05 5.9153327186e-05 4.1870011507e+01
-1.9513080991e-04 9.4447729205e-05 3.5489004900e+01
-1.9570640525e-04 9.6729623262e-05 3.5373648861e+01
2.7946951460e-05 1.2514353840e-04 4.4279824804e+01
1.9927713781e-04 8.2568032459e-05 1.6634689993e+01
1.3116927761e-04 1.1806755297e-04 1.7026061732e+01
1.3136306744e-04 1.2170695313e-04 1.7037551131e+01
1.2787200018e-04 1.2004788025e-04 1.7031176387e+01
-1.2595116493e-04 8.6395576344e-05 3.5889197864e+01
1.1149053556e-04 9.0930908632e-05 2.2858272970e+01
1.1507422676e-04 9.2164663515e-05 2.3100289628e+01
1.1201700649e-04 9.4065419622e-05 2.2823770663e+01
1.1560538844e-04 9.5355255529e-05 2.2923552294e+01
1.1253165355e-04 9.7239519067e-05 2.3084197357e+01
1.1299759592e-04 1.0045273253e-04 2.3005071245e+01
-1.7013680359e-04 9.5598807902e-05 3.5068606293e+01
-1.5031839316e-04 1.8037223179e-05 4.8908222319e+01
1.5801264240e-04 8.0816145589e-05 1.7022283234e+01
9.2562695685e-05 6.4406962338e-05 2.2797047529e+01
1.9872345878e-04 1.0135888831e-05 2.0087723965e+01
2.7587923159e-04 2.0436130772e-05 1.7580209988e+01
2.7983762302e-04 2.0600265903e-05 1.7181297082e+01
-8.9493315967e-05 8.7246913417e-05 3.6134928204e+01
-9.0766176131e-05 8.9225964225e-05 3.5773731606e+01
-1.6622688163e-04 2.4443887321e-05 4.6895345229e+01
-1.1948552803e-04 7.4525055607e-05 3.7967116214e+01
-1.1762254384e-04 7.6374404866e-05 3.7651423289e+01
-1.1578379713e-04 7.8233117999e-05 3.7338107409e+01
7.3070048592e-05 1.2775901137e-04 2.1073099801e+01
2.2548798601e-04 4.1995087788e-05 1.7129782117e+01
2.2947207137e-04 4.2495176119e-05 1.7168054369e+01
2.2611121697e-04 4.4982143876e-05 1.7002743038e+01
1.3231348065e-05 3.8049114729e-05 3.6294505686e+01
1.6634940800e-05 3.8162293142e-05 3.5301317648e+01
1.7795300472e-05 3.9937062102e-05 3.4592316812e+01
4.6537846418e-05 3.9482143422e-05 2.4757430357e+01
4.9758964730e-05 3.9659146131e-05 2.3466832836e+01
5.0554869967e-05 4.1570964814e-05 2.2765595183e+01
5.3746656236e-05 4.1781886952e-05 2.2769332486e+01
5.6177412610e-05 4.0043968612e-05 2.2795442936e+01
5.9415123803e-05 4.0263413821e-05 2.2758269306e+01
6.0188629666e-05 4.2260592009e-05 2.2756614859e+01
6.3440300567e-05 4.2529122496e-05 2.2753815909e+01
6.5952789374e-05 4.0759784117e-05 2.2761660397e+01
6.9254897571e-05 4.1037063330e-05 2.2765071104e+01
7.0010347958e-05 4.3126426870e-05 2.2760036081e+01
7.3330263835e-05 4.3455784530e-05 2.2765777067e+01
7.5929713203e-05 4.1652549280e-05 2.2774776089e+01
7.9304529171e-05 4.1990744159e-05 2.2782700753e+01
8.0045141777e-05 4.4177126946e-05 2.2781234671e+01
8.3441612740e-05 4.4569420536e-05 2.2790666447e+01
8.6132800829e-05 4.2730029636e-05 2.2800599694e+01
8.9588329252e-05 4.3130777561e-05 2.2811610214e+01
9.0317882740e-05 4.5417884505e-05 2.2812073051e+01
9.3799185305e-05 4.5874141894e-05 2.2823522297e+01
9.6585823127e-05 4.3995926582e-05 2.2834132688e+01
1.0012995958e-04 4.4459511614e-05 2.2846357833e+01
1.0083989045e-04 4.6848606543e-05 2.2848638353e+01
4.2583664965e-05 1.0676483771e-04 2.9711277411e+01
-1.6564032278e-04 4.6429827655e-05 4.2461158789e+01
-1.6649784262e-04 4.8242724295e-05 4.2070051549e+01
7.5930242699e-05 6.1181886223e-05 2.2740036980e+01
1.0688138897e-04 1.4830861287e-04 1.7028771602e+01
-2.4946827346e-04 3.8018281801e-05 3.5743529442e+01
-2.4658324932e-04 4.1772395507e-05 3.6423801725e+01
-9.3601943058e-05 7.5817757736e-05 3.8167045991e+01
-1.6454561292e-04 8.6739241874e-05 3.5860779616e+01
1.7105829650e-04 8.8809629842e-06 2.1167142165e+01
-3.3114091172e-04 2.0447791787e-06 1.7359833957e+01
-3.2727774414e-04 1.9808645505e-06 1.7223897146e+01
-3.2638950943e-04 4.0926820967e-06 1.7229020703e+01
-2.1849183777e-04 6.9708808109e-05 3.7420469646e+01
1.5714165393e-04 1.3330229215e-04 1.6145440335e+01
-1.5585608618e-04 4.6193570036e-05 4.2847623878e+01
-1.5912826324e-04 4.6268748561e-05 4.2722397496e+01
-1.6007218521e-04 4.8070418954e-05 4.2322825172e+01
1.8085650546e-04 4.6808596968e-05 1.7621707924e+01
-6.1831733133e-05 2.8872320581e-05 4.7774272702e+01
-1.1442523035e-04 8.5948730166e-05 3.6031576645e+01
-1.3283069592e-04 1.0089794173e-04 3.4174515109e+01
-9.9300561008e-05 6.6609889193e-05 3.9900074846e+01
1.8601604011e-04 3.6568839968e-05 1.8040205669e+01
6.6281410206e-05 5.9554760155e-05 2.2723337924e+01
-2.3350757571e-04 6.5641267031e-05 3.7420595548e+01
5.6837882219e-05 5.8148351482e-05 2.2717843120e+01
1.6924393370e-04 4.4913243056e-05 1.8365147060e+01
-1.0060703424e-04 6.8472026713e-05 3.9492805800e+01
5.6785681032e-05 1.2079638624e-04 2.9470150462e+01
5.9167797971e-05 1.2191797542e-04 2.8041169231e+01
5.6994103571e-05 1.2324037320e-04 3.1301352930e+01
1.7430889710e-04 3.4965652811e-05 1.8745206162e+01
9.7574843944e-05 1.0611391734e-04 2.2679118060e+01
-1.5588987107e-04 7.3891941402e-06 5.0607733928e+01
8.0771831864e-05 1.3018596791e-04 2.1150442607e+01
7.8182194366e-05 1.2834493942e-04 2.0949778897e+01
7.7937170964e-05 1.3130460615e-04 2.0645414156e+01
-8.4164088821e-05 1.1959735353e-04 3.2446946285e+01
-8.1458180299e-05 1.1956954970e-04 3.2401072711e+01
-7.9917744870e-05 1.2188050863e-04 3.2377815302e+01
-8.0213282271e-05 1.1741033170e-04 3.2439427663e+01
-1.1347218252e-04 7.4355883597e-05 3.8092880191e+01
1.4339768092e-04 8.1394092990e-06 2.2432555480e+01
-1.3388676383e-04 4.7520177871e-05 4.3217754722e+01
-1.3719096866e-04 4.7576100355e-05 4.3115899861e+01
-1.2675321803e-04 1.1090597744e-04 3.3437654458e+01
-1.2793417943e-04 1.1312983659e-04 3.3386469508e+01
-1.2030135617e-04 5.6101634712e-05 4.1688317639e+01
-1.1461010217e-04 1.0198401411e-04 3.3902880074e+01
4.7568664765e-05 5.6952525450e-05 2.2721750476e+01
8.4574647078e-05 8.2373860763e-05 2.2677747129e+01
-8.6066922138e-05 5.7461175166e-05 4.2045577794e+01
-8.4290056542e-05 5.9223457727e-05 4.1701947373e+01
-8.1077147828e-05 5.9196844458e-05 4.1749935275e+01
6.8342453650e-05 1.2465706224e-04 1.8934969723e+01
6.8335100856e-05 1.2728675649e-04 2.0105221313e+01
3.8447115867e-05 5.5956223247e-05 2.2814257400e+01
1.4214380577e-04 4.0741804629e-05 2.1850401134e+01
1.5583275881e-04 6.7899925356e-05 1.7420055306e+01
-2.4101916618e-04 1.4884569996e-06 4.0442354236e+01
-2.3804369280e-04 2.9854196586e-06 4.1161305529e+01
-2.3410502926e-04 2.9793818020e-06 4.2171895045e+01
-2.3508158389e-04 4.4834839210e-06 4.1794080236e+01
-2.3117469359e-04 4.4733905441e-06 4.2717281281e+01
-2.3898149551e-04 4.4992184072e-06 4.0778549587e+01
-2.3610960623e-04 6.0083233144e-06 4.1393658054e+01
-2.3016490682e-04 2.9727613519e-06 4.3089048502e+01
-2.2726076124e-04 4.4701864807e-06 4.3556759854e+01
-2.2824785472e-04 5.9877083351e-06 4.3192848813e+01
-2.2436748639e-04 5.9765675555e-06 4.3961092116e+01
-2.2334919227e-04 4.4583948787e-06 4.4321367759e+01
2.4051115751e-04 2.2837508320e-06 2.1476777526e+01
2.4481133387e-04 4.9412576472e-06 2.1300369028e+01
1.7662242094e-04 8.2923155193e-05 1.7003832765e+01
-2.3201966930e-04 4.0301596677e-05 3.8795342149e+01
8.0478828253e-05 9.1327324912e-05 2.2553510857e+01
7.6229680076e-05 1.4041492199e-04 1.9886322584e+01
7.5194206139e-05 1.4359657273e-04 2.1187928474e+01
7.8652887568e-05 1.4284758612e-04 2.0840734766e+01
5.0899240823e-05 7.4230206934e-05 2.2657903712e+01
4.8704388462e-05 7.5956935569e-05 2.2653202700e+01
5.3856326501e-05 7.4813250650e-05 2.2650140409e+01
5.4575791863e-05 7.7159443014e-05 2.2633483525e+01
1.4700992015e-04 3.1539213889e-05 2.1803366482e+01
-7.6353921145e-05 5.7397274323e-05 4.2168113838e+01
-7.4650664645e-05 5.9165576770e-05 4.1823799272e+01
-7.1423412965e-05 5.9157145429e-05 4.1848853070e+01
-7.9596632465e-05 5.7410965781e-05 4.2135098602e+01
-1.4526950950e-04 7.3573797832e-05 3.7804842611e+01
-1.4326088644e-04 7.5418663188e-05 3.7515072193e+01
-1.2080666726e-04 7.3697663904e-06 5.1928987023e+01
2.4322929083e-04 1.1958821287e-04 1.4265205306e+01
7.3448281846e-05 9.9021443964e-05 2.2353322576e+01
-6.8878498468e-05 9.4858695103e-05 3.5281751143e+01
-6.7421322757e-05 9.6840718451e-05 3.4992892163e+01
-7.1723556150e-05 9.4875150383e-05 3.5206935086e+01
1.2948342128e-04 6.1980965025e-05 2.2616789734e+01
-2.2017108312e-04 4.1373805098e-05 4.0068514641e+01
2.3248807122e-04 2.1634868215e-06 2.1204190516e+01
2.3672828261e-04 4.6927417065e-06 2.1114340072e+01
-2.8833562861e-04 3.4815343558e-05 1.7030112968e+01
-7.8469637971e-05 2.4120100615e-05 4.9056358322e+01
-8.2156656898e-05 2.4121722351e-05 4.9084653865e+01
-8.0193058943e-05 2.5693107740e-05 4.8752068076e+01
-8.3858374653e-05 2.5695483153e-05 4.8771006661e+01
-8.1895868371e-05 2.7272943468e-05 4.8438763562e+01
-8.3544902133e-05 2.8867149574e-05 4.8115163412e+01
2.9313553342e-05 5.5127186957e-05 2.7161001044e+01
3.3443568023e-05 7.1285474543e-05 2.2693979953e+01
3.1418332069e-05 7.3012315156e-05 2.3970277974e+01
2.8527116484e-05 7.2609502615e-05 2.5828128705e+01
3.6322883586e-05 7.1713618201e-05 2.2711639025e+01
3.7137032383e-05 7.3891850914e-05 2.2732930319e+01
2.7654670381e-05 7.0503914132e-05 2.6242562797e+01
2.4728481127e-05 7.0148868929e-05 2.7803803772e+01
2.2709572513e-05 7.1881836686e-05 2.8833101264e+01
1.9757999903e-05 7.1550821919e-05 3.0148357543e+01
1.8812793116e-05 6.9505242704e-05 3.0504437261e+01
1.5830377609e-05 6.9214451101e-05 3.1675416961e+01
1.3832626463e-05 7.0956398589e-05 3.2412744416e+01
1.0833161164e-05 7.0687619716e-05 3.3391216924e+01
9.8147639376e-06 6.8690784600e-05 3.3703153712e+01
6.7880135396e-06 6.8455778885e-05 3.4573740202e+01
4.8223215323e-06 7.0208130841e-05 3.5061206472e+01
1.7850931657e-06 6.9992851968e-05 3.5774505243e+01
6.9385140532e-07 6.8035811838e-05 3.6065068721e+01
-2.3676200199e-06 6.7848841296e-05 3.6697211119e+01
-7.3596844853e-06 6.9442362367e-05 3.7480883547e+01
-1.1611272462e-05 6.7371991735e-05 3.8208866126e+01
-1.3490016958e-05 6.9145481542e-05 3.8315991854e+01
-1.6579336769e-05 6.9014891827e-05 3.8659231734e+01
-1.7813468359e-05 6.7116964027e-05 3.8944366396e+01
-2.0922175649e-05 6.7006098554e-05 3.9243356802e+01
-2.2749488199e-05 6.8789503092e-05 3.9212061116e+01
-2.5855717807e-05 6.8691998699e-05 3.9431744975e+01
-2.7159395285e-05 6.6815672575e-05 3.9723655422e+01
-3.0283057310e-05 6.6734561571e-05 3.9911624653e+01
-3.2055242769e-05 6.8527335248e-05 3.9770869719e+01
-3.5173547887e-05 6.8457943953e-05 3.9897959968e+01
-3.6545321890e-05 6.6599048218e-05 4.0199065938e+01
-3.9679336467e-05 6.6543253675e-05 4.0303972615e+01
-4.1393529174e-05 6.8344954508e-05 4.0078566159e+01
-4.4519740007e-05 6.8299538384e-05 4.0137765555e+01
-4.5958090199e-05 6.6454566817e-05 4.0448615643e+01
-4.9098470998e-05 6.6420453338e-05 4.0492710931e+01
-5.0752398496e-05 6.8230766141e-05 4.0203515776e+01
-5.3882838873e-05 6.8205949128e-05 4.0214194304e+01
-5.5386200820e-05 6.6371901482e-05 4.0534079333e+01
-5.8529405777e-05 6.6356463049e-05 4.0534785887e+01
6.0195294306e-05 8.7553722141e-05 2.2525856038e+01
1.9972272074e-05 5.4422896833e-05 3.1205178556e+01
-6.3266873923e-05 7.5570680387e-05 3.8819534009e+01
-6.1753453379e-05 7.7451265824e-05 3.8508586011e+01
-5.8735195981e-05 7.7459826496e-05 3.8562081179e+01
-6.6306954943e-05 7.5570864785e-05 3.8764680132e+01
-6.7791202577e-05 7.7452069183e-05 3.8388789895e+01
-1.6444381210e-04 5.7321358925e-05 4.0382410953e+01
-1.6221209899e-04 5.9096510968e-05 4.0106992772e+01
-1.6527956406e-04 5.9224199719e-05 4.0009260095e+01
-9.0802600681e-05 4.3657700732e-05 4.4939796968e+01
2.3796655456e-04 1.4032480314e-04 1.3645876907e+01
-1.9941356697e-04 3.5015837638e-05 4.2811770180e+01
-8.0546648844e-05 4.3618646686e-05 4.5011992162e+01
6.9701447253e-05 1.3674604609e-04 2.2263235344e+01
9.3640656292e-05 3.5011740790e-05 2.2821179305e+01
1.0367831680e-04 5.6823091799e-05 2.2856564227e+01
-5.4146015050e-05 7.5607035389e-05 3.8949678462e+01
-5.2694268466e-05 7.7497102736e-05 3.8651077062e+01
-4.9677624170e-05 7.7525925289e-05 3.8684167194e+01
-5.7185970720e-05 7.5588514773e-05 3.8913124872e+01
9.7899504299e-05 2.7196914294e-05 2.2838380421e+01
8.3156675377e-05 3.4157517453e-05 2.2790929748e+01
-1.6998348348e-04 7.9017087390e-05 3.6803169933e+01
-7.0274308178e-05 4.3603555216e-05 4.4982817128e+01
8.7212982011e-05 2.6636584111e-05 2.2824337600e+01
-1.6303893141e-04 8.2539602057e-05 3.6361556055e+01
1.5802590720e-04 1.0446397520e-04 1.7004100334e+01
1.5515783369e-04 1.1045614935e-04 1.7006730015e+01
1.0464398235e-05 5.3837326642e-05 3.4517850373e+01
-5.9994107837e-05 4.3615462972e-05 4.4820204927e+01
7.2902780164e-05 3.3475470808e-05 2.2770628089e+01
5.4720596844e-05 7.7038904424e-06 3.1590289542e+01
3.7349687405e-05 1.2769766389e-04 4.9044062318e+01
8.2592178790e-07 5.3360718109e-05 3.7136290367e+01
-4.5031852587e-05 7.5704404879e-05 3.9002705235e+01
-4.3643420742e-05 7.7606371471e-05 3.8720467846e+01
-4.0631426664e-05 7.7658285933e-05 3.8720441712e+01
-4.8068565618e-05 7.5664670793e-05 3.8995950123e+01
9.3170280644e-05 5.4960253448e-05 2.2815651892e+01
-2.0814096043e-04 7.0420794366e-05 3.7507158101e+01
8.2948296373e-05 5.3308572981e-05 2.2780810759e+01
7.6737737389e-05 2.6216647545e-05 2.2830949142e+01
1.5868867276e-05 1.2266396079e-04 4.0693873656e+01
6.2855966566e-05 3.2950897105e-05 2.2710600217e+01
6.6444890050e-05 2.5910850897e-05 2.3640256261e+01
-1.7532956797e-04 1.1944803056e-05 4.8690405464e+01
-1.7654753300e-04 1.3483488848e-05 4.8341434498e+01
5.2910892337e-05 3.2541100684e-05 2.5080751902e+01
-3.9130194153e-05 5.9342881948e-05 4.1360927785e+01
-2.3071002288e-05 7.4248083891e-06 4.8826556130e+01
-2.6835632598e-05 2.4263586614e-05 4.6253041720e+01
-1.1347844930e-05 7.4504272202e-06 4.7178100212e+01
-1.0757864195e-04 3.5422428670e-05 4.6502211579e+01
5.6087965402e-05 2.5638262656e-05 2.6460335922e+01
-4.5904635819e-06 1.3526091340e-05 4.4954238448e+01
-6.7733484921e-06 1.5048334629e-05 4.5059658013e+01
-5.1645503603e-06 1.6600762274e-05 4.4489075572e+01
-6.6605405561e-05 5.7380116680e-05 4.2213376263e+01
-6.9856082325e-05 5.7381235425e-05 4.2208460293e+01
-1.7557782785e-04 7.9474594532e-05 3.6728222883e+01
-1.7347320162e-04 8.1339321169e-05 3.6504694831e+01
-1.7415039805e-04 8.3454843431e-05 3.6258297684e+01
-1.7208381602e-04 8.5332023915e-05 3.6044390221e+01
-2.7572662400e-05 3.0646505397e-05 4.5182721273e+01
-2.9479525308e-05 5.9518099618e-05 4.0789888897e+01
-8.9133151069e-06 5.2981560088e-05 3.9144034601e+01
3.1386253172e-05 2.5054689477e-05 3.3962778031e+01
6.3238413458e-05 5.0626653297e-05 2.2739105229e+01
7.2981046125e-05 5.1865693617e-05 2.2754730257e+01
-9.8925944276e-05 5.7577177601e-05 4.1809604574e+01
6.6011161906e-05 1.2323929522e-04 2.0892179028e+01
-3.5933818214e-05 7.5871653803e-05 3.8936397009e+01
-3.4610216351e-05 7.7788317579e-05 3.8674473884e+01
-3.1606122952e-05 7.7866932131e-05 3.8624274211e+01
-3.8964071357e-05 7.5807507546e-05 3.8974900325e+01
-1.0888725456e-05 3.7437717799e-05 4.1736830720e+01
-9.4956907314e-06 3.9143729718e-05 4.1219379832e+01
-1.4366911191e-05 3.7374551259e-05 4.2304733004e+01
-2.4201865928e-04 2.9848304968e-06 4.0035326105e+01
-2.4004033167e-04 6.0176206948e-06 4.0352637851e+01
-8.9969257580e-05 3.5347169408e-05 4.6736012345e+01
-8.8034958865e-05 3.6982105918e-05 4.6397006268e+01
-8.4526759860e-05 3.6972557987e-05 4.6411515111e+01
-9.3497414156e-05 3.5358539357e-05 4.6707400873e+01
-9.5044868879e-05 3.7007074288e-05 4.6336597105e+01
1.8632813173e-05 3.1421383479e-05 3.6157186797e+01
2.9077232685e-05 3.1712757050e-05 3.2986488958e+01
2.0615311046e-05 2.4842700001e-05 3.7061359105e+01
2.1261301066e-04 1.9132981015e-06 2.0757692490e+01
2.1687376738e-04 4.1521757018e-06 2.0731328280e+01
-2.1321247477e-04 1.4726561554e-06 4.6364806202e+01
-2.1043465240e-04 2.9522494019e-06 4.6593186463e+01
-2.0648503439e-04 2.9489289924e-06 4.7127836628e+01
-2.0767060368e-04 4.4341865171e-06 4.6782115066e+01
-2.0374694739e-04 4.4283868111e-06 4.7277814791e+01
-2.1159352454e-04 4.4386268748e-06 4.6244117752e+01
-2.0889575686e-04 5.9383898421e-06 4.6423758441e+01
-2.0253485075e-04 2.9449269833e-06 4.7620204126e+01
-1.9981903320e-04 4.4283192277e-06 4.7734767042e+01
-2.0101564437e-04 5.9265364642e-06 4.7392682399e+01
-1.9711534283e-04 5.9203043656e-06 4.7817650777e+01
-1.9589330696e-04 4.4203100069e-06 4.8158007776e+01
-2.1438367406e-04 2.9549053755e-06 4.6011428500e+01
-2.1551416643e-04 4.4442223171e-06 4.5658452184e+01
-2.1833104548e-04 2.9586446846e-06 4.5376820425e+01
-2.1943358361e-04 4.4494802476e-06 4.5019666004e+01
-2.1668055094e-04 5.9536894746e-06 4.5292115535e+01
-2.2227748717e-04 2.9624747908e-06 4.4683189053e+01
-1.8728727760e-05 5.2687877757e-05 4.0635988498e+01
-6.8767597165e-05 3.5318651754e-05 4.6648849815e+01
-6.6970819544e-05 3.6956947575e-05 4.6286127755e+01
-7.2304432019e-05 3.5318131018e-05 4.6699726195e+01
-7.3991332698e-05 3.6956473090e-05 4.6380429720e+01
-7.7504456487e-05 3.6959675309e-05 4.6404316483e+01
-7.9374958264e-05 3.5323863976e-05 4.6754256059e+01
-8.2908244663e-05 3.5329620108e-05 4.6760436841e+01
4.4315238992e-05 4.8730817738e-05 2.2576153917e+01
-1.9866651419e-05 5.9765618860e-05 3.9904866633e+01
5.3691995434e-05 4.9584532710e-05 2.2739537445e+01
-1.0307654786e-05 6.0097964745e-05 3.8615980462e+01
-1.7581136918e-05 4.5771893356e-05 4.1451469449e+01
2.2188825320e-05 4.7237165230e-05 3.1659163774e+01
-1.1191646348e-04 4.8950938158e-05 4.3432381476e+01
-1.0990282716e-04 5.0670786163e-05 4.3096198165e+01
-1.1118957300e-04 5.2455544747e-05 4.2678240157e+01
-1.1322106890e-04 5.0711164693e-05 4.3017321401e+01
-1.1523913005e-04 4.8991183649e-05 4.3351605574e+01
-2.6862123973e-05 7.6120000553e-05 3.8694791418e+01
-2.5604690528e-05 7.8054614346e-05 3.8456813607e+01
-2.2612058028e-05 7.8164413887e-05 3.8334065228e+01
-2.9882408365e-05 7.6027423447e-05 3.8798912639e+01
1.2410913213e-05 4.6748517328e-05 3.4955780533e+01
-8.2184831387e-07 6.0529402175e-05 3.6817039688e+01
-7.7387123793e-05 6.6376525667e-05 4.0344517143e+01
-7.5739569806e-05 6.8193328827e-05 4.0010401468e+01
-8.0525690212e-05 6.6396756574e-05 4.0290429497e+01
-1.2187007365e-04 4.9077526397e-05 4.3180460929e+01
8.5672987055e-06 6.1075675784e-05 3.4385943825e+01
-2.8600041293e-05 5.2468110958e-05 4.1704565418e+01
-1.1832659252e-05 7.6753127947e-05 3.7696536990e+01
-1.3660652351e-05 7.8566135754e-05 3.7770302515e+01
-1.6637886688e-05 7.8419695351e-05 3.7994264983e+01
-8.8445876563e-06 7.6918386414e-05 3.7375611919e+01
-7.7224039779e-06 7.8901007255e-05 3.7193903136e+01
-4.7652024146e-06 7.9090712734e-05 3.6832977248e+01
-2.8909334919e-06 7.7293703037e-05 3.6578088912e+01
7.3638336962e-08 7.7505366273e-05 3.6091496702e+01
1.1276893976e-06 7.9519560409e-05 3.5940911186e+01
4.0597090072e-06 7.9760296229e-05 3.5399647750e+01
-1.7827906923e-05 7.6463348442e-05 3.8205244217e+01
-2.0834442169e-05 7.6337382124e-05 3.8401240466e+01
5.9743913655e-06 7.7981511438e-05 3.4915491073e+01
8.9091025659e-06 7.8247927714e-05 3.4214163035e+01
9.8958290131e-06 8.0300110886e-05 3.4097414544e+01
1.4744196018e-05 7.8843090619e-05 3.2552146251e+01
1.7642343320e-05 7.9174100359e-05 3.1577397097e+01
1.8563319558e-05 8.1271985058e-05 3.1502023039e+01
2.1426770790e-05 8.1644281130e-05 3.0439098084e+01
2.3396367508e-05 7.9909573255e-05 2.9301359220e+01
2.6249909072e-05 8.0316729230e-05 2.7988760595e+01
2.7109048723e-05 8.2469805127e-05 2.7978699132e+01
2.9926656460e-05 8.2926212121e-05 2.6547387989e+01
3.1905788320e-05 8.1217766383e-05 2.5005454912e+01
9.5245705985e-05 7.5054694001e-05 2.2787233359e+01
2.0458095772e-04 1.8282247767e-06 2.0680859361e+01
2.0889482808e-04 3.9641291055e-06 2.0659818718e+01
-3.8510423763e-05 5.2311666893e-05 4.2433491227e+01
-1.8094114605e-04 4.5100868790e-05 4.2102035176e+01
-1.7850180431e-04 4.6824494929e-05 4.1885860426e+01
2.6953811478e-05 6.2581598821e-05 2.7074700390e+01
1.7831029603e-05 6.1753502517e-05 3.1187473008e+01
3.1944054381e-04 6.0941419572e-05 1.4195204855e+01
4.4761629032e-05 6.4755460453e-05 2.2704684162e+01
-5.1898088645e-05 5.5673575976e-05 4.2380223248e+01
6.2989174028e-05 6.7783491423e-05 2.2685211116e+01
3.5856450483e-05 6.3571693331e-05 2.2592894290e+01
7.2373765374e-05 6.9657249244e-05 2.2693855290e+01
5.3796384680e-05 6.6154457380e-05 2.2691453350e+01
-9.9219089519e-06 1.0669455350e-04 3.6505764115e+01
-1.1586940896e-05 1.0864653495e-04 3.6254428439e+01
-1.4256491381e-05 1.0845164922e-04 3.6053880836e+01
-1.3226634227e-05 1.1061467438e-04 3.5945122035e+01
-1.5878631250e-05 1.1042624279e-04 3.5715894954e+01
-1.6932676177e-05 1.0827104090e-04 3.5853869300e+01
-1.3198761661e-04 5.4543626994e-05 4.1752594677e+01
-5.6697980513e-05 5.0431857241e-05 4.3442896549e+01
-5.8151581188e-05 2.5708357656e-05 4.8265239503e+01
-5.8151029652e-05 2.8869595431e-05 4.7649346610e+01
2.6467359880e-04 4.1524002040e-05 1.6326058220e+01
2.6882524912e-04 4.2244995698e-05 1.6254418679e+01
2.6550898042e-04 4.5158378940e-05 1.6201829282e+01
2.7128354635e-04 3.5692209261e-05 1.6559674526e+01
2.6136504781e-04 4.4413405579e-05 1.6266172421e+01
-2.5222744142e-04 2.2834123376e-05 3.5058092109e+01
1.0152192394e-04 1.3763542668e-04 1.6955595566e+01
1.0454727578e-04 1.3957259652e-04 1.7201321037e+01
1.1267163916e-04 7.9836755229e-05 2.2906494870e+01
-8.0059742791e-05 5.0430860439e-05 4.3582125861e+01
-7.0052680070e-05 5.0409204204e-05 4.3602309839e+01
3.0394010232e-05 9.1228982382e-05 2.8820995347e+01
2.8432994471e-05 9.2932646173e-05 3.0241958734e+01
3.3139782385e-05 9.1764618197e-05 2.7656531570e+01
3.3900292490e-05 9.4005666264e-05 2.8140117508e+01
-1.1050618669e-04 6.4973081133e-05 4.0018029552e+01
-1.1173955021e-04 6.6837031391e-05 3.9610582612e+01
-1.8537955275e-04 1.4590576644e-06 4.9576364982e+01
-1.8675275413e-04 2.9242355064e-06 4.9245195144e+01
-1.9068134528e-04 2.9359854656e-06 4.8884337642e+01
-1.8804869647e-04 4.4133865991e-06 4.8912698071e+01
-1.9196827692e-04 4.4146895557e-06 4.8549884393e+01
-1.8942298636e-04 5.9066484297e-06 4.8567683077e+01
-1.9463135291e-04 2.9388224997e-06 4.8495045519e+01
1.8469878663e-04 1.6601017380e-06 2.0830359997e+01
1.8905053368e-04 3.5681603297e-06 2.0818919491e+01
8.5343808795e-05 1.0372217291e-04 2.2435950568e+01
6.2547249688e-05 9.7593114888e-05 2.2347294570e+01
6.0310538880e-05 9.9176898038e-05 2.2316405861e+01
6.5351961490e-05 9.8555203887e-05 2.2327277914e+01
6.5845290788e-05 1.0113331542e-04 2.2269766139e+01
-1.0466957504e-04 1.0362337609e-04 3.3677563832e+01
-2.6653012655e-04 3.6287758217e-05 3.0126059914e+01
1.7668733657e-04 1.6078975653e-06 2.0975227383e+01
1.8105967876e-04 3.4458948831e-06 2.0999234913e+01
-1.7742881911e-04 1.4552902967e-06 5.0221859115e+01
-1.7499400918e-04 2.9264168724e-06 5.0179960735e+01
-2.2966927892e-04 4.6006615196e-05 3.8668924019e+01
-2.3239893314e-04 4.4273917855e-05 3.8481824260e+01
-2.4077559041e-04 3.9108165203e-05 3.7503975673e+01
5.9603560346e-05 1.0819807414e-04 2.2126905895e+01
8.9318333111e-05 1.3294884503e-04 2.2189352661e+01
-1.7999751270e-05 1.0613259238e-04 3.5995167303e+01
-5.2278545089e-05 1.1945292163e-04 3.2201223579e+01
-6.7249532186e-05 1.0489912881e-04 3.3746971532e+01
-6.8564808461e-05 1.0694526235e-04 3.3435840798e+01
1.9118726728e-04 1.0152203791e-04 1.5898636737e+01
-2.4100764259e-04 6.2613655273e-05 3.7267088274e+01
-2.4351421142e-04 6.3148237334e-05 3.7175329619e+01
1.5675693817e-04 1.5410206906e-06 2.1446379930e+01
1.6118494647e-04 3.2247615401e-06 2.1519534464e+01
2.2872507455e-04 9.7671085428e-05 1.5038644926e+01
1.4874039946e-04 1.5366035717e-06 2.1678457247e+01
1.5318836453e-04 3.1785851905e-06 2.1675670935e+01
-1.8264521870e-04 3.4610965591e-05 4.4000053999e+01
-1.8349460799e-04 3.6349775757e-05 4.3620526738e+01
-3.7026953598e-05 1.0527537227e-04 3.4853714534e+01
-8.1033222014e-05 1.0503673759e-04 3.3535815251e+01
-7.9526297306e-05 1.0705561468e-04 3.3299880460e+01
2.2146329303e-04 7.7901303903e-05 1.5851700571e+01
1.2886310361e-04 1.5404964748e-06 2.2059696767e+01
1.3337072138e-04 3.1474883296e-06 2.2009660417e+01
3.2225792410e-04 5.3851174308e-05 1.4337090035e+01
-1.2156797135e-04 9.4183385363e-05 3.4817014620e+01
1.2091645622e-04 1.5399912270e-06 2.2275391939e+01
1.2543160669e-04 3.1523136793e-06 2.2186166194e+01
1.1301217532e-04 1.5313001314e-06 2.2630681997e+01
1.1754422819e-04 3.1521696350e-06 2.2382588345e+01
-1.8354550074e-04 8.8605334977e-05 3.5784984043e+01
3.0853906956e-04 3.0569546434e-06 1.7849103467e+01
1.0418641167e-04 1.0903506794e-04 2.2748845921e+01
-1.7414400290e-04 1.0030215875e-04 3.4813459329e+01
-1.7480873979e-04 1.0248618853e-04 3.4710008855e+01
1.0507717297e-04 1.5295543976e-06 2.3181467891e+01
1.0965823364e-04 3.1518395212e-06 2.2736658457e+01
-1.3116292968e-04 1.0909561733e-04 3.3596081828e+01
-1.2947840035e-04 1.1100891487e-04 3.3484569882e+01
-8.1672837461e-05 1.1535671678e-04 3.2553749546e+01
-1.7432187116e-04 6.7368417701e-05 3.8438503696e+01
-1.7283439367e-04 7.1211676194e-05 3.7873545618e+01
-1.7584890495e-04 6.3566473554e-05 3.9016606056e+01
9.7144341707e-05 1.5269953698e-06 2.3992398905e+01
-2.4374161922e-04 4.1431326806e-05 3.6938886469e+01
1.2607384046e-04 7.7944504632e-05 2.1629168072e+01
8.9175973724e-05 1.5313107862e-06 2.5112242736e+01
8.1276887463e-05 1.5194540808e-06 2.6525160999e+01
1.5286067879e-04 1.2405601613e-04 1.7008423361e+01
-2.2589948409e-04 6.6520845755e-05 3.7531580488e+01
7.3339589400e-05 1.5147180822e-06 2.8203520446e+01
-2.3667379714e-04 8.0137746973e-05 3.6859355572e+01
6.5399019665e-05 1.5095552696e-06 3.0087030756e+01
5.7455152578e-05 1.5041203237e-06 3.2116323785e+01
4.9484777729e-05 1.4993300385e-06 3.4238144279e+01
-1.3068119168e-04 8.4628926345e-05 3.6134627851e+01
-2.4603509046e-04 6.1409792781e-05 3.7033693089e+01
-2.4350288522e-04 6.5451807015e-05 3.7200310082e+01
2.6894621338e-04 1.1088573538e-04 1.3965717887e+01
-1.0628481212e-04 1.1195212673e-04 3.3045558966e+01
2.3227620817e-04 1.2417010752e-04 1.4350800577e+01
1.9576554623e-04 1.4329423361e-04 1.4478030317e+01
3.2381186269e-04 3.9210967585e-05 1.4800472023e+01
-2.7664974806e-04 1.5396490716e-06 2.3581815920e+01
-2.7723478818e-04 3.1007147244e-06 2.3113726197e+01
-2.7331085309e-04 3.0800293712e-06 2.5767764780e+01
-2.7270463385e-04 1.5295245905e-06 2.6193393518e+01
-2.6941106420e-04 3.0682940420e-06 2.8192786097e+01
-2.6551609743e-04 3.0478875385e-06 3.0411088721e+01
-2.6612929759e-04 4.6161119570e-06 2.9992181149e+01
-2.6480025485e-04 1.5157861129e-06 3.0839118017e+01
-2.6160974701e-04 3.0334473609e-06 3.2436344733e+01
-2.6084214159e-04 1.5112205783e-06 3.2864088932e+01
-2.5774505869e-04 3.0256702512e-06 3.4253192926e+01
-2.7004459154e-04 4.6419954908e-06 2.7716558029e+01
-3.0533115715e-04 1.1524251827e-05 1.7024159253e+01
1.7702265672e-04 1.0769368498e-04 1.6321704754e+01
2.4012020107e-04 9.6871483631e-05 1.4884460795e+01
8.1966493039e-05 1.4200205817e-04 2.1114352951e+01
-1.9679605573e-04 3.6696159237e-05 4.2716854714e+01
3.0265918949e-04 1.0704076797e-04 1.3093700663e+01
2.6452571983e-04 2.7081112944e-06 2.2170505027e+01
2.6505350952e-04 5.5077444339e-06 2.1591696699e+01
2.6049574123e-04 2.6757143443e-06 2.2118439148e+01
6.9458866967e-05 1.0745186423e-04 2.2077550997e+01
-2.8770908369e-04 3.7129116702e-05 1.6910978417e+01
2.7188250101e-04 1.0412972322e-04 1.4113575837e+01
-2.0349656824e-04 8.6997826962e-05 3.6069382705e+01
-1.7689489763e-04 8.3710441988e-05 3.6234845353e+01
-9.6654053283e-05 5.0534477719e-05 4.3370653374e+01
2.5248695165e-04 2.4943171616e-06 2.1903844280e+01
2.5295576109e-04 5.1125008447e-06 2.1470721584e+01
2.4848446044e-04 2.4679305369e-06 2.1743051686e+01
2.4810074332e-04 5.5814625454e-05 1.6100695249e+01
-1.8543155921e-04 7.6266679490e-05 3.7078412640e+01
-1.6139779530e-04 1.3441902298e-05 4.9251228485e+01
-2.4898221303e-04 1.4813512132e-06 3.7853011239e+01
1.5372855918e-04 9.9439271882e-05 1.7008205133e+01
1.0179392590e-04 3.1478645062e-06 2.3316822221e+01
2.1072496452e-04 8.2193070173e-05 1.6042327962e+01
-2.2513433429e-04 1.4783190876e-06 4.4292584123e+01
-2.2116111090e-04 1.4759332262e-06 4.5046700843e+01
2.2455040771e-04 2.0715815717e-06 2.0977209389e+01
2.2504589119e-04 4.2782708195e-06 2.0864594685e+01
2.2055329051e-04 2.0502606899e-06 2.0877022905e+01
2.7086510174e-04 1.2617999985e-04 1.3342985856e+01
2.1377385785e-04 1.3019812636e-04 1.4536196616e+01
-2.0084826234e-04 7.3745588860e-05 3.7248054553e+01
-1.9878835126e-04 8.8461310902e-05 3.5924315805e+01
1.9409472488e-04 1.2433015258e-04 1.5038899555e+01
-6.1553842163e-05 1.1728685569e-04 3.2337168593e+01
-7.1092348873e-05 2.4120614632e-05 4.8949256501e+01
-1.9730974492e-04 1.4664777830e-06 4.8412685988e+01
1.9664497792e-04 1.7642604807e-06 2.0686657525e+01
1.9722069066e-04 3.6463827298e-06 2.0712903711e+01
1.9265021756e-04 1.7515404900e-06 2.0713453950e+01
-1.4825693347e-04 9.9904729330e-05 3.4447324910e+01
1.3830336315e-04 1.2133117733e-04 1.7024175653e+01
-2.9308510437e-04 1.8963832500e-05 1.7066743149e+01
-3.7768112535e-05 1.1772751965e-04 3.2819867647e+01
1.6871757374e-04 1.5811098209e-06 2.1128491471e+01
1.6936260357e-04 3.2377694001e-06 2.1312365163e+01
1.6472225353e-04 1.5820834389e-06 2.1225162053e+01
1.4078411326e-04 1.5465523134e-06 2.1799897627e+01
1.4150780134e-04 3.0910535085e-06 2.1971733014e+01
1.3680198574e-04 1.5584803748e-06 2.1916034969e+01
-1.3762518413e-04 1.4546367104e-06 5.2410216589e+01
-2.2238898310e-04 8.1473502734e-05 3.6556963761e+01
1.3193806084e-04 9.1843678499e-05 1.7192596030e+01
-2.1850720888e-04 8.9639914460e-05 3.6079566094e+01
-2.1653468331e-04 9.1486919418e-05 3.5969262224e+01
-2.1403609517e-04 9.1094244696e-05 3.5947874840e+01
-2.1196930656e-04 9.3191707378e-05 3.5820845593e+01
-2.0940102051e-04 9.2670878923e-05 3.5802274433e+01
-2.0481733864e-04 9.3777890707e-05 3.5675500699e+01
2.1333680327e-04 9.7208764476e-05 1.5338533944e+01
-1.5052637756e-04 6.6145518096e-05 3.9043003165e+01
4.1513522023e-05 1.4997622647e-06 3.6387524329e+01
4.2950750149e-05 3.0097625564e-06 3.5718403918e+01
-3.8063164601e-05 1.4557038231e-06 5.1380072527e+01
-1.8147115496e-05 1.4610079319e-06 4.9177682276e+01
2.4222402775e-04 6.5112922963e-05 1.5836355175e+01
8.3508795678e-05 1.1398139968e-04 2.2153720701e+01
-2.1708743132e-04 4.1186165627e-05 4.0388118665e+01
-1.7679235369e-04 9.2080518508e-05 3.5427094655e+01
-1.8326063155e-04 7.8118258399e-05 3.6867709089e+01
1.4214592726e-04 9.2085782585e-05 1.7006625908e+01
1.3900406603e-04 9.4263133635e-05 1.7002598704e+01
2.3315905056e-04 1.3175071683e-04 1.4093894657e+01
-1.1968948708e-04 1.1256432772e-04 3.3245782577e+01
-1.4695012570e-04 5.3097293387e-05 4.1679469199e+01
-1.4481712403e-04 9.1418250148e-05 3.5235184784e+01
2.6391099939e-04 7.6829083121e-05 1.5047952355e+01
-1.5520685200e-04 3.4178438747e-05 4.5396776192e+01
2.3292604397e-04 7.7158402613e-05 1.5575022027e+01
-2.3307842443e-04 1.4832862561e-06 4.2554113908e+01
1.0826408577e-04 1.2060956664e-04 1.9487442498e+01
2.1208805554e-04 8.9682070651e-05 1.5643819729e+01
-1.9333369758e-04 1.4648842177e-06 4.8829931066e+01
-4.8305573519e-05 1.1744142904e-04 3.2482311999e+01
-3.0199671969e-04 3.4728699505e-05 1.7144978703e+01
1.6798899785e-04 9.7461027892e-05 1.7004257052e+01
-7.7626903849e-05 9.0982624313e-05 3.5725309122e+01
-1.2285296173e-04 1.0238520007e-04 3.3936565527e+01
1.2422649148e-04 1.1488969297e-04 1.6995159730e+01
-2.8325031217e-04 5.3729545403e-05 3.1492690046e+01
-9.3929107148e-05 1.1357336662e-04 3.2789270963e+01
-9.2375382284e-05 1.1560079325e-04 3.2674667763e+01
-9.3499607548e-05 1.1767847859e-04 3.2635876933e+01
-2.2925197324e-04 4.2024504983e-05 3.9015846188e+01
2.1019194128e-04 6.1151085148e-05 1.6989672475e+01
1.1741971604e-04 1.4365349459e-04 1.7210014147e+01
-1.5740850989e-04 6.8364292864e-05 3.8538414615e+01
-1.3555983954e-04 1.0107080456e-04 3.4191624179e+01
-2.0821338853e-04 8.5564910302e-05 3.6204993210e+01
1.8658408892e-04 9.6489947390e-05 1.6504709099e+01
-7.6526721844e-05 2.5691503498e-05 4.8717708927e+01
-2.0312494312e-04 7.1914816514e-05 3.7418509087e+01
-1.7152194381e-04 1.0000089319e-04 3.4787425022e+01
1.8779038405e-04 1.0405082512e-04 1.5924617074e+01
1.3831869033e-04 1.5127855680e-04 1.7136133701e+01
-4.1791149580e-05 1.1970183175e-04 3.2367570810e+01
1.5342956909e-04 1.6211142057e-04 1.4229084251e+01
3.0749315417e-04 8.5269485997e-05 1.3757185943e+01
-3.1415337479e-04 3.4285069038e-05 1.7129761888e+01
-3.1028317345e-04 3.5745571742e-05 1.7136103780e+01
-1.1600861522e-04 1.1030162906e-04 3.3281015246e+01
-1.4596559229e-04 3.5740151319e-05 4.5406689668e+01
-2.2622228822e-04 2.9671326112e-06 4.3923190289e+01
-1.9858343584e-04 2.9415748791e-06 4.8074709196e+01
2.6259823537e-04 1.4060166294e-05 1.9830759968e+01
2.6112469409e-04 2.5404345985e-05 1.7925220181e+01
2.4314876426e-04 5.1301742964e-05 1.6433643079e+01
2.8785409317e-04 2.1028361197e-05 1.7041877154e+01
-1.4826716892e-04 3.9140056880e-05 4.4596861273e+01
3.6139888160e-04 3.5574511593e-05 1.2606688599e+01
3.5810708390e-04 3.9199966282e-05 1.2839219105e+01
3.5849792435e-04 4.3311090917e-05 1.2758007678e+01
1.7727803584e-04 8.6551305769e-05 1.7002184230e+01
-2.3413623947e-04 3.2847376066e-05 3.9040234642e+01
2.7874553283e-04 9.8192135025e-05 1.4137701648e+01
-8.8096015203e-05 1.0313806824e-04 3.3728874261e+01
-2.0526202311e-04 1.4693046220e-06 4.7472868340e+01
3.5509375475e-05 8.3935300998e-05 2.3191126004e+01
1.0085306409e-04 1.0755062762e-04 2.2745397001e+01
-1.5301386840e-05 1.0630533076e-04 3.6168652024e+01
-1.6119474091e-04 7.0496650627e-05 3.8128804152e+01
-1.6199926626e-04 7.2496826247e-05 3.7799337617e+01
-1.6490363179e-04 7.2671917251e-05 3.7741333505e+01
-1.5989873627e-04 7.4338166575e-05 3.7533461978e+01
-1.0738016821e-04 6.4914536865e-05 4.0092082786e+01
4.6550530478e-05 7.7675151453e-05 2.2648805120e+01
3.5622197042e-04 2.3188793698e-05 1.2857479111e+01
2.7043829174e-04 4.9534454206e-05 1.5892800885e+01
-3.0583527524e-04 5.0123850998e-05 1.7197372559e+01
-1.9753014403e-04 5.9156747683e-05 3.9121547337e+01
-8.1565908311e-05 9.6973643936e-05 3.4668711753e+01
-8.8549988998e-05 1.1342360383e-04 3.2736259626e+01
-6.4493501894e-05 1.0489307390e-04 3.3809063936e+01
2.4965341009e-04 6.3171758117e-05 1.5754166497e+01
1.7989666269e-04 8.0468043858e-05 1.7003072178e+01
2.9916218946e-04 7.9950230842e-05 1.4195863218e+01
2.0092027310e-04 5.2982046016e-05 1.7011900864e+01
-1.0858416540e-04 9.5664338358e-05 3.4626372430e+01
-1.5683755964e-04 4.7987290180e-05 4.2445075865e+01
-1.6452845986e-04 3.2626371988e-05 4.5323630898e+01
-1.6799529726e-04 3.2673082452e-05 4.5152213096e+01
-2.1293641729e-04 8.4164736741e-05 3.6330666255e+01
2.9805205319e-04 7.2326369751e-05 1.4473915877e+01
-2.2017269383e-04 8.3288173393e-05 3.6432150945e+01
-1.0987404318e-04 6.8648096606e-05 3.9278462119e+01
-1.9883885975e-05 1.3455462158e-05 4.7355939188e+01
2.2048625724e-05 1.3706009550e-05 3.9089665496e+01
-2.8828579732e-04 1.2160324618e-05 1.7151838175e+01
3.7162963250e-05 1.3838539673e-05 3.5019215407e+01
5.2172099564e-05 1.3984915263e-05 3.0822024231e+01
-1.3504883693e-04 4.9288780762e-05 4.2803291421e+01
6.7058901555e-05 1.4134248533e-05 2.6958288722e+01
-1.7765112551e-04 3.7949523106e-05 4.3625166901e+01
-9.2366419101e-06 1.1943756490e-04 3.5676670996e+01
-8.8879260994e-05 1.3350862304e-05 5.1232535239e+01
8.1813039179e-05 1.4271261119e-05 2.3943825758e+01
7.4370696824e-05 8.9349579273e-05 2.2533764847e+01
-7.2414426649e-06 1.0691264215e-04 3.6663892798e+01
9.6494072885e-05 1.4394066548e-05 2.2911914662e+01
4.1298259023e-05 9.3593641205e-05 2.3618504421e+01
-1.0419399790e-04 1.3357303097e-05 5.1136238364e+01
-2.4107845654e-04 6.9525031492e-05 3.7242035309e+01
-1.1948882938e-04 1.3370580053e-05 5.0848799509e+01
1.1519111974e-04 1.4698281786e-05 2.2914938051e+01
1.3047031527e-04 1.5135497584e-05 2.2921311927e+01
7.6372516459e-05 1.0012377133e-04 2.2358344691e+01
-1.3475840178e-04 1.3390247531e-05 5.0401986381e+01
-8.9527166320e-05 2.4128334044e-05 4.9096685762e+01
2.1426124984e-04 6.2100940021e-05 1.7023798755e+01
1.5787322472e-04 1.6486501439e-05 2.1597270867e+01
9.2196452853e-07 1.2048851751e-04 3.7679125127e+01
-1.6941243831e-04 2.9367693507e-05 4.5749293562e+01
-1.0424748683e-04 2.4154169838e-05 4.8970211221e+01
-1.1893178523e-04 2.4195320170e-05 4.8683737695e+01
9.3896124464e-05 3.1474740733e-06 2.4189370673e+01
-1.6752749430e-04 5.7447112149e-05 4.0278093571e+01
-1.6609729313e-04 6.1145005098e-05 3.9642900066e+01
1.8540560775e-04 1.8554532970e-05 1.9569179585e+01
-1.3721915252e-04 2.4267947341e-05 4.8146252351e+01
1.8327698021e-05 1.2312098726e-04 4.1130851265e+01
-9.9582946997e-05 4.2021818498e-05 4.5185858760e+01
2.1297361239e-04 2.1064326513e-05 1.8705341557e+01
-1.9813254621e-04 1.2018133095e-05 4.6800829402e+01
4.3102902747e-05 8.3383887602e-05 2.2609846067e+01
-5.3142908175e-05 4.3639841056e-05 4.4618391764e+01
-1.6333194477e-04 6.8670667111e-05 3.8398983521e+01
-2.9569568012e-04 8.7667060040e-06 1.7073262791e+01
-2.2711289393e-04 8.0188295504e-05 3.6668740520e+01
-2.1027116179e-05 1.2067875450e-04 3.3683310549e+01
-2.3195818135e-04 1.2221268541e-05 4.1704285761e+01
1.7249468520e-04 1.0253377324e-04 1.7044030554e+01
2.4498662869e-04 2.4121646025e-05 1.8607040699e+01
-8.3480617646e-05 1.0917634753e-04 3.3056587668e+01
-1.0316227424e-04 7.2236469626e-05 3.8686869109e+01
-1.0011558259e-04 7.2180624708e-05 3.8755685537e+01
9.2278483621e-05 1.3504819454e-04 2.2341483370e+01
-1.7069217373e-04 8.1105344716e-05 3.6535838737e+01
-3.4295794101e-05 1.0536391929e-04 3.5000786337e+01
6.2210306129e-05 1.0925649866e-04 2.1942344041e+01
1.4598135590e-04 1.5113239214e-04 1.5584441336e+01
5.9331167757e-05 1.2437968343e-04 2.9873173196e+01
3.6302076596e-05 8.6169488573e-05 2.3559985709e+01
1.2225644770e-04 9.4695967522e-05 2.0007953985e+01
1.1435896621e-04 1.1368513144e-04 1.8486867769e+01
-7.1137979779e-05 1.1107252323e-04 3.2895931847e+01
1.0822986484e-04 1.3095394464e-04 1.6976077789e+01
1.3944482697e-04 9.7682175013e-05 1.7006212541e+01
1.5366184393e-04 1.5071382267e-04 1.5215839108e+01
1.0946866975e-04 9.9082210238e-05 2.2800016985e+01
-2.0737784165e-04 5.2046448613e-05 3.9684201676e+01
2.9785893867e-04 2.9031837515e-05 1.6077687322e+01
-8.2839168918e-05 9.8997332550e-05 3.4344096591e+01
2.0732945584e-04 1.4306458748e-04 1.4241900173e+01
2.1020993098e-04 1.3286395626e-04 1.4529023791e+01
1.9641813243e-04 4.9336663933e-05 1.7152151615e+01
5.4951992417e-05 1.2706519817e-04 3.9265417476e+01
8.0469333958e-05 1.3326459266e-04 2.1124749008e+01
-1.9048910353e-04 5.4804368796e-05 4.0021089331e+01
8.3810460562e-05 1.2287425292e-04 2.1823604714e+01
6.6020222308e-05 1.3086577040e-04 2.7420231152e+01
-2.0821319185e-04 4.2568942651e-05 4.0945574661e+01
-1.5046895122e-04 4.2599747446e-05 4.3782885014e+01
1.9839466447e-04 1.2935703360e-04 1.4842357057e+01
1.1797735817e-04 7.2942547340e-05 2.2902505986e+01
4.5345990796e-05 1.2093497356e-04 3.7764467210e+01
3.1663658912e-04 9.8561124147e-05 1.2909006230e+01
2.0152963153e-04 5.6117302623e-05 1.7027896422e+01
-1.0968872700e-04 9.7718027498e-05 3.4361261968e+01
-1.6912322881e-04 6.1288465407e-05 3.9549100912e+01
-1.6945613314e-04 4.1242494266e-05 4.3351814865e+01
1.6134683631e-04 1.5005973732e-04 1.4982745895e+01
1.6620447860e-04 8.6568140878e-05 1.7009985512e+01
9.3555366556e-05 9.8727621490e-05 2.2647977194e+01
-2.1766012559e-04 6.3187639963e-05 3.8005229364e+01
-1.9947718579e-04 6.7371864609e-05 3.7993796057e+01
-1.5956145529e-04 5.3465592853e-05 4.1257653377e+01
1.2740564152e-04 1.4929255636e-04 1.7189757310e+01
-1.2815764479e-04 9.6533123796e-05 3.4564297944e+01
3.0984804627e-04 7.4395002319e-05 1.4059210289e+01
-2.4938593820e-04 4.2140592691e-05 3.5890029544e+01
-2.3052954869e-04 5.8574352699e-05 3.7845386832e+01
-1.9039711753e-04 7.4691016590e-05 3.7232250370e+01
-6.0036844233e-05 5.0420104727e-05 4.3506867746e+01
2.5221794317e-04 5.6652121890e-05 1.5968843679e+01
2.4728889245e-04 5.2153474767e-05 1.6273295976e+01
2.3412771662e-04 4.6176113477e-05 1.7019401852e+01
-3.3097668661e-04 3.5499349505e-05 1.7018803955e+01
1.4935377114e-04 1.2626030253e-04 1.6977602464e+01
3.1761647891e-04 7.5774721197e-05 1.3743459605e+01
-2.6505741148e-04 1.9926091212e-05 2.9534993661e+01
-1.7073863948e-04 8.9359217612e-05 3.5620034357e+01
-1.7482021185e-04 8.5587030005e-05 3.6026747180e+01
-1.9147742776e-04 8.9594606039e-05 3.5771733590e+01
-1.6057252287e-05 1.3470971705e-05 4.6821464703e+01
1.8183515032e-04 7.0946706287e-05 1.7021840910e+01
-1.5505814576e-04 9.0094392253e-05 3.5440823718e+01
-3.5205875815e-05 1.3405986377e-05 4.9082461483e+01
1.8256061006e-05 1.3675934088e-05 4.0043490684e+01
-1.4010646112e-04 9.9306923481e-05 3.4395692335e+01
1.9623972133e-04 1.1034062644e-04 1.5347607532e+01
2.0310702563e-04 1.0514415621e-04 1.5334916547e+01
-2.1946096448e-04 1.6888509928e-05 4.3408801051e+01
-2.1304509725e-04 3.7286410105e-05 4.1288744659e+01
8.6034322342e-05 3.1395049986e-06 2.5380418145e+01
2.1587484699e-04 6.9451214312e-05 1.6489965630e+01
-2.2086775797e-04 6.7904214495e-05 3.7527461805e+01
2.6549370790e-04 1.1380833126e-04 1.3952781709e+01
-8.8798641112e-05 9.5109961413e-05 3.4850788947e+01
-2.5803071163e-04 6.4626548132e-05 3.6752402268e+01
6.6101692526e-05 1.2579645902e-04 2.3345849028e+01
-2.5466957085e-04 1.5892286874e-05 3.4561434916e+01
2.7532132303e-04 1.0116851067e-04 1.4125716157e+01
2.2012107698e-04 9.1832412745e-05 1.5355761442e+01
2.1203794689e-04 1.1502227108e-04 1.4918776245e+01
-1.8206011528e-04 5.6245168765e-05 4.0071574407e+01
-2.4825226151e-04 7.3819626731e-05 3.7347871260e+01
-1.0858947403e-04 5.7704464001e-05 4.1593202516e+01
-1.1054232162e-04 5.5952705670e-05 4.1930809822e+01
-1.0742162584e-04 1.0372756773e-04 3.3682366005e+01
1.1141683309e-04 1.4618705101e-05 2.2910669262e+01
3.5520936750e-04 4.6862762910e-05 1.2903408795e+01
3.1241042657e-04 4.1523089153e-05 1.5097554525e+01
-9.2046670246e-05 1.0527018192e-04 3.3468949001e+01
2.1812021968e-04 8.0594431051e-05 1.5840576033e+01
-3.2155243071e-06 1.2219365061e-04 3.6966246319e+01
-3.5335568457e-04 2.6021603135e-05 1.3129655160e+01
-2.2266147008e-04 8.3797478943e-05 3.6421094038e+01
2.0505847561e-04 1.2032863107e-04 1.4924273606e+01
-2.5166296506e-04 6.1005812904e-06 3.6563598527e+01
-2.5333785389e-04 6.3234047110e-05 3.6787725394e+01
-2.8373754356e-04 1.9772015627e-05 1.6748614718e+01
-3.0131134447e-04 1.3325631988e-05 1.7035183812e+01
-2.3066640553e-04 6.0751757699e-05 3.7727098694e+01
8.8412260093e-05 1.0502169752e-04 2.2483857920e+01
2.5207591446e-04 1.2912725674e-04 1.3741955779e+01
2.8210025264e-04 6.9483344829e-05 1.4937981548e+01
2.8118735055e-04 2.6876170078e-05 1.7131854608e+01
2.4415837980e-04 1.2718109385e-04 1.4004014182e+01
-1.6998375714e-04 3.6081242832e-05 4.4368029308e+01
3.0410944158e-04 8.8389717142e-05 1.3756966729e+01
1.0449653589e-04 1.1227768338e-04 2.2818951425e+01
-3.2339446482e-04 2.3648673634e-05 1.7053371435e+01
1.1419968750e-04 1.4177935761e-04 1.7200567081e+01
-4.7379986411e-05 3.2127177811e-05 4.6522631893e+01
2.4168524345e-04 8.2789171092e-05 1.5226390464e+01
-2.3747994422e-04 3.4945325708e-05 3.8289327433e+01
2.3400292346e-04 1.3932398861e-04 1.3786617463e+01
2.3828911922e-04 1.1102017804e-04 1.4582908303e+01
-1.6283368073e-04 9.6980377035e-05 3.4867842020e+01
-1.3356891735e-04 2.4251479795e-05 4.8268392429e+01
2.9560182265e-04 5.7270578350e-05 1.5025639150e+01
1.6877721891e-04 1.4164062483e-04 1.5170001096e+01
2.2605672882e-04 1.3723745583e-04 1.4054783902e+01
-1.0162867497e-04 6.1191085826e-05 4.0987597712e+01
1.3511812723e-04 1.3832478751e-04 1.7056635868e+01
1.5066662779e-04 1.8165798590e-05 2.2196604649e+01
4.7743796808e-05 1.2177206690e-04 3.7389224285e+01
1.4206239958e-04 1.5310812936e-04 1.6173037834e+01
-1.1331992791e-04 1.1017250813e-04 3.3246223124e+01
2.5708831773e-04 1.0818716717e-04 1.4313078833e+01
3.8502226026e-05 1.2108419866e-04 4.0157787315e+01
2.2168681261e-04 1.3238684104e-04 1.4316167382e+01
2.1812147807e-04 1.3508862102e-04 1.4301886372e+01
8.9056189542e-05 1.3634048433e-04 2.2752356569e+01
8.6655811226e-05 1.2460335624e-04 2.2001670993e+01
1.1139632562e-04 1.3281013953e-04 1.7074367728e+01
9.8793327872e-05 1.2880016611e-04 2.2235031541e+01
7.5700673028e-05 1.2096507171e-04 2.1353036221e+01
1.2463646080e-04 1.3659748591e-04 1.7131554179e+01
-9.5945213938e-05 1.0742920336e-04 3.3261682446e+01
3.0362207885e-04 5.8522702421e-05 1.4771237975e+01
-1.3918026054e-04 1.0339174672e-04 3.4062054905e+01
-1.3376408365e-04 1.0302435386e-04 3.4012932315e+01
1.9482305376e-04 1.3193835154e-04 1.4846925341e+01
-1.4705647521e-04 4.7764046991e-05 4.2793574332e+01
-2.1584412891e-04 6.9321198216e-05 3.7493976330e+01
7.0161139014e-05 8.3250835000e-05 2.2590357349e+01
-9.0478265775e-05 1.0727732756e-04 3.3255765796e+01
9.7901430471e-05 1.0922540227e-04 2.2667832285e+01
7.3891654801e-05 1.0171444556e-04 2.2295262137e+01
-1.3552463495e-04 9.4912327933e-05 3.4788407347e+01
-1.8510996047e-04 3.9882971728e-05 4.2867264058e+01
2.0268569630e-04 1.3434385072e-04 1.4631674081e+01
-1.8445345146e-04 8.2388481046e-05 3.6388870179e+01
-1.3347679276e-04 7.8871293503e-05 3.7030619325e+01
4.3993519791e-05 9.4283547856e-05 2.2411203065e+01
1.6912558065e-04 1.0492463404e-04 1.7023279917e+01
1.4997975202e-04 9.8106091386e-05 1.7009762999e+01
-1.7921950328e-04 7.3685675718e-05 3.7455341943e+01
-1.4844804819e-04 9.3711563477e-05 3.5010050473e+01
-1.9812682970e-04 7.3433105222e-05 3.7307991996e+01
-1.1295290977e-04 6.8715561980e-05 3.9206971508e+01
1.2426466007e-04 8.6240896352e-05 2.0961116403e+01
-1.2572497212e-04 8.0503661399e-05 3.6827986795e+01
1.7818410784e-04 2.0323758959e-05 1.9745138413e+01
1.4104802405e-04 1.1185865247e-04 1.7015324218e+01
-1.6356913061e-04 7.6548480898e-05 3.7174714541e+01
-2.3601801367e-05 1.2051783142e-04 3.3407526701e+01
-5.8898784637e-05 1.1730361221e-04 3.2347444021e+01
-5.6321653441e-05 3.0482835521e-05 4.7264642054e+01
-2.0072385728e-04 3.8601352932e-05 4.2114547923e+01
-2.1250826290e-04 6.4651832406e-05 3.8007509744e+01
-1.5882860196e-04 2.9256551800e-05 4.6272666101e+01
5.4531142007e-05 3.0995043920e-06 3.2584111954e+01
-1.9437268975e-04 6.8922312406e-05 3.7891566085e+01
3.6213759618e-04 4.3890532846e-05 1.2501753460e+01
-3.5144945252e-05 1.1782334794e-04 3.2946941226e+01
1.6528666249e-04 1.5528989163e-04 1.4557182041e+01
6.2415577529e-05 3.1136582052e-06 3.0530874760e+01
-5.8393656289e-05 5.2153007328e-05 4.3151005581e+01
2.1447363896e-04 1.0476510248e-04 1.5107139052e+01
7.0292907541e-05 3.1273794187e-06 2.8605829791e+01
2.6324849188e-04 1.6937102731e-05 1.9234613513e+01
7.8163375497e-05 3.1403175922e-06 2.6869041081e+01
2.2435947052e-04 1.2208594999e-04 1.4554064577e+01
4.3850774551e-05 8.5683867960e-05 2.2577716907e+01
3.1931253039e-05 9.5686800778e-05 2.9693157253e+01
-1.1700513394e-04 9.5996345420e-05 3.4582950033e+01
-2.2739111815e-04 3.0681705295e-05 4.0366814641e+01
1.0302700206e-04 9.9552717030e-05 2.2784516313e+01
1.5738243883e-04 1.4092994922e-04 1.5728413360e+01
-1.9349441386e-04 5.4983836332e-05 3.9880362639e+01
-1.8647232965e-04 7.0247578500e-05 3.7836440165e+01
-9.0032596248e-05 9.7131890555e-05 3.4532083218e+01
-6.7402626903e-05 2.4122958384e-05 4.8867806342e+01
-8.0757324228e-05 1.0912754220e-04 3.3063672436e+01
1.9260996407e-04 8.7689431316e-05 1.6798259943e+01
-1.7919631327e-04 7.4114164102e-06 4.9172339224e+01
-2.1032654704e-04 5.2269825392e-05 3.9498057880e+01
-2.4117289735e-04 7.4235669499e-05 3.7207331536e+01
-1.6270904982e-04 1.9651102664e-05 4.8014761918e+01
2.5462115051e-04 1.1866501117e-04 1.4048871111e+01
6.3561481685e-05 1.0268126678e-04 2.2230122929e+01
-1.6889650064e-04 8.9017008097e-06 4.9623478607e+01
-1.8369618410e-04 1.8188313065e-05 4.7007623330e+01
-6.8430618147e-05 1.1105625489e-04 3.2920240947e+01
9.4871534898e-05 1.4054874603e-04 1.8727402145e+01
-2.4595007095e-04 6.6038406649e-05 3.7151652097e+01
-8.6275767403e-05 9.1105306265e-05 3.5533497054e+01
-1.0988246050e-04 5.9516378894e-05 4.1178534864e+01
3.3536065140e-05 8.5625012823e-05 2.5246219385e+01
-1.7376156775e-04 1.9707280255e-05 4.7389284156e+01
2.0569788458e-04 2.2969967527e-05 1.8587973937e+01
-1.5078193257e-04 6.0530845188e-05 4.0095409216e+01
1.8124202686e-04 8.7762099507e-05 1.6991720946e+01
-1.3943878301e-04 5.1138439011e-05 4.2290282355e+01
-3.0627096817e-04 4.3716129547e-05 1.7128689241e+01
-1.9893183335e-04 5.3402640391e-05 3.9897935208e+01
-1.0850275213e-04 1.0582209814e-04 3.3496846732e+01
-2.1637176710e-04 2.6813504590e-05 4.2419332162e+01
-1.5283846953e-04 9.8189167665e-05 3.4643491423e+01
2.9454036256e-04 3.2123493421e-05 1.6026626432e+01
3.8723887782e-05 7.8306521171e-05 2.2694691258e+01
-2.5773310378e-04 4.1279594288e-05 3.3897878254e+01
8.8740298216e-05 1.0797927950e-04 2.2451001989e+01
1.9300833369e-04 7.0462907024e-05 1.7005478614e+01
-1.6815160661e-04 5.1931225124e-05 4.1296247864e+01
2.4704440576e-04 6.9701799971e-05 1.5558501817e+01
-1.7139316904e-04 6.7187631041e-05 3.8515222041e+01
-1.5760106209e-04 1.3432749666e-05 4.9446838957e+01
-1.2639415116e-04 5.0895405374e-05 4.2673991380e+01
-4.8981404488e-05 2.7319555291e-05 4.7523364549e+01
1.7146187978e-04 7.4797776823e-05 1.7024918228e+01
2.6524792555e-04 6.2748035587e-05 1.5479753123e+01
2.5311816961e-04 8.1762975783e-05 1.5077055395e+01
-2.9629591200e-04 3.5154049847e-05 1.7121297353e+01
-2.0460565979e-04 6.5842006359e-05 3.8068860053e+01
-1.7851289446e-04 3.9709682249e-05 4.3240651637e+01
-1.4712020103e-04 4.2542977066e-05 4.3905036198e+01
-1.4283135752e-04 9.9497379930e-05 3.4411369532e+01
-1.0572738929e-05 1.5026746383e-05 4.5700220294e+01
-2.4093238493e-04 4.3149898587e-05 3.7379737236e+01
-2.0935697921e-04 1.8389382278e-05 4.4567113531e+01
-1.4843698695e-04 6.7957754024e-05 3.8747961024e+01
2.4094220185e-04 2.3753767476e-05 1.8616365957e+01
9.0352128185e-05 9.7500278507e-05 2.2606373327e+01
-4.5503569854e-05 3.0525777582e-05 4.6713203180e+01
-2.9604521194e-05 1.4942990871e-05 4.8251620167e+01
-1.6613515779e-04 4.1169815734e-05 4.3504234447e+01
2.8203161072e-04 1.1899685399e-05 1.8021595093e+01
-2.8288031164e-04 3.5520785152e-05 1.9545673772e+01
-2.2309463147e-04 1.6934244283e-05 4.2816823695e+01
-2.5541125071e-04 3.2631153982e-05 3.3916392332e+01
2.2738493664e-04 6.8764290047e-05 1.6080230437e+01
2.0515412964e-04 7.3662196802e-05 1.6892116451e+01
2.1130347654e-04 1.4419936110e-04 1.4108942518e+01
-2.6594158529e-04 4.0609756334e-05 3.1250542090e+01
-2.4656283253e-04 4.3851601588e-05 3.6466034184e+01
-4.8670561388e-05 1.4893154776e-05 4.9836664384e+01
-2.0870260945e-04 3.3541852449e-05 4.2257647195e+01
1.1432167933e-04 7.2011456665e-05 2.2900212094e+01
-1.5364770929e-04 1.0034955733e-04 3.4488913829e+01
1.5970700272e-04 9.1265357684e-05 1.7009800251e+01
-1.5782704422e-04 6.2669484088e-05 3.9543484808e+01
-1.4939372502e-04 3.0807218567e-05 4.6334453392e+01
-2.4093764290e-04 7.5762644132e-06 3.9957185108e+01
2.1211419282e-04 5.1857417421e-05 1.7026122240e+01
1.5217113905e-04 8.8829451896e-05 1.7017248210e+01
7.9327560294e-05 1.0127396335e-04 2.2373057162e+01
-1.8678075861e-04 9.1131219291e-05 3.5606895592e+01
2.8897510775e-04 8.9157553845e-05 1.4170901149e+01
-2.5203756234e-04 4.4664326123e-05 3.5502257947e+01
-2.2282688219e-04 6.1752117467e-05 3.7959302270e+01
-2.5910962759e-04 5.2883709510e-05 3.5200811012e+01
-2.4454326288e-04 1.7311863160e-05 3.7947847485e+01
2.6376778834e-04 5.5375821728e-05 1.5787490121e+01
2.8865187265e-04 2.4395292586e-05 1.6767707602e+01
-1.8340414993e-04 2.9551011601e-05 4.4918790916e+01
-2.2490501147e-04 5.5713354157e-05 3.8331969532e+01
2.2579861527e-04 6.1388983794e-05 1.6511448422e+01
3.4512678345e-04 2.6278915346e-05 1.4043606148e+01
3.4904789047e-04 2.6550560563e-05 1.3669530475e+01
-2.7722509670e-04 4.8568057119e-05 3.0090796403e+01
2.8319175513e-04 1.0285237749e-04 1.3869465963e+01
-1.7669658432e-04 5.7867028221e-05 3.9953590197e+01
-1.8616125711e-04 5.0815146406e-05 4.0851840051e+01
-1.9045481410e-04 6.4556923822e-05 3.8551032026e+01
-2.0406293094e-04 2.9940356952e-05 4.3269840567e+01
-1.7490065410e-04 3.2774904556e-05 4.4784943463e+01
2.9183353778e-04 8.2291389430e-05 1.4317281340e+01
-2.0983469116e-04 3.7150875096e-05 4.1605948405e+01
-2.7841710803e-04 5.4240773230e-05 3.2633979221e+01
2.5157620765e-04 3.6212238421e-05 1.7011732199e+01
1.8341914880e-04 1.3192592145e-04 1.5084666305e+01
-2.6185260978e-04 2.1571400378e-05 3.1133448932e+01
-2.6816297385e-04 2.2058108405e-05 2.7793032993e+01
-2.5813721421e-04 1.6004882142e-05 3.3088170940e+01
-2.6823733752e-04 1.4653812228e-05 2.7936889818e+01
-1.8857166556e-04 2.6306067635e-05 4.5175074477e+01
2.0692748211e-04 4.5197165140e-05 1.7218909205e+01
2.7603304513e-04 5.7602853210e-05 1.5459318218e+01
-1.0028766130e-04 5.9377307687e-05 4.1399059860e+01
-3.0875997814e-04 1.9475794138e-05 1.7059507836e+01
2.4571195179e-04 1.0917571962e-04 1.4500686951e+01
-2.6423897007e-04 3.1666894370e-05 3.0454445053e+01
1.1099435982e-04 1.1212779643e-04 2.1123606681e+01
3.6757549401e-04 2.4023957142e-05 1.1663883811e+01
-2.3582536380e-04 5.9412539526e-05 3.7545414150e+01
-2.0583198715e-04 7.2244244331e-05 3.7352190416e+01
-2.4705705038e-05 1.1831802846e-04 3.3680778964e+01
-2.3439208878e-04 3.4733433933e-05 3.8846240128e+01
-2.8795430360e-04 1.4098543127e-05 1.7146658907e+01
3.2171861883e-04 2.8091939101e-05 1.5345262735e+01
-2.9353941580e-04 5.0741996364e-05 2.5788106155e+01
-2.0137230171e-04 8.8855175322e-05 3.5921476436e+01
-1.6566973084e-04 7.4698596966e-05 3.7429172695e+01
-2.8135500614e-04 3.0389411690e-05 1.8847845380e+01
2.3010493744e-04 4.5549306326e-05 1.7027940047e+01
7.5171850537e-05 1.3234868401e-04 2.0359523703e+01
-2.7817126066e-04 1.5226262060e-05 2.1125573576e+01
2.5559911993e-04 3.6671134785e-05 1.6978397160e+01
-2.4913972956e-04 2.4485977584e-05 3.6004881820e+01
-1.8659042429e-04 8.0525754070e-05 3.6587561047e+01
-1.7945355573e-04 9.2379939324e-05 3.5430936109e+01
-1.2767872414e-04 2.5813910601e-05 4.8116366788e+01
-2.8705783241e-04 2.9482798305e-05 1.7123830471e+01
2.3492015876e-04 8.8377191640e-05 1.5178732710e+01
3.1172544526e-05 9.3451852054e-05 2.9225126466e+01
-1.4640311844e-04 1.0184564766e-04 3.4276660191e+01
2.7933954384e-04 7.6242404860e-05 1.4786626851e+01
2.7190208940e-04 2.0254103134e-05 1.8003863175e+01
-6.5027437419e-05 5.2137899884e-05 4.3231958262e+01
-2.7290831333e-04 3.0894823030e-05 2.5690809039e+01
1.8309862682e-04 1.2811224138e-04 1.5189764787e+01
-2.4357604442e-04 5.6378710652e-05 3.7083374582e+01
2.9392610175e-04 9.7627466887e-05 1.3745236804e+01
-2.8532419568e-04 5.4767945522e-05 3.1844440030e+01
-1.7972361756e-04 5.8022617013e-05 3.9841289806e+01
-9.6394110133e-05 1.0335098686e-04 3.3684640351e+01
-1.1483634731e-04 6.6904143438e-05 3.9537411539e+01
1.8715052259e-04 7.9112414344e-05 1.6998391729e+01
2.5834777907e-04 3.0976332966e-05 1.7249592403e+01
-1.0689127894e-04 9.7615259118e-05 3.4374482517e+01
3.1185239282e-04 8.9916780132e-05 1.3434298792e+01
-2.9113167009e-04 1.4396142048e-05 1.7043231069e+01
2.7307502753e-04 2.6149863329e-05 1.7086351660e+01
-2.6257854465e-04 6.6176365604e-05 3.6890019699e+01
2.5492926795e-04 9.3041551029e-05 1.4751413052e+01
-2.9550470966e-04 2.9418615210e-05 1.7098722916e+01
-1.8173567279e-04 5.8967372480e-06 4.9217112454e+01
1.0643920183e-04 1.0089662286e-04 2.2832572608e+01
-2.8526848301e-04 8.2840469930e-06 1.6780640829e+01
2.7407435255e-04 1.1676383016e-05 1.9328905907e+01
-3.3323782729e-04 1.2759264269e-05 1.7026421594e+01
-2.5129358654e-04 5.5684641192e-05 3.6394962562e+01
2.5059908160e-04 4.9333327026e-05 1.6290739892e+01
2.7370885129e-04 8.9760831852e-05 1.4503418978e+01
6.3069709148e-05 1.0013268775e-04 2.2293692193e+01
-2.6937364115e-04 5.0948450271e-05 3.3049043535e+01
2.2961845357e-04 1.3450309747e-04 1.4075474175e+01
-3.0452876126e-04 1.3704537980e-05 1.7039134685e+01
-1.4759298744e-04 9.1603666958e-05 3.5229722876e+01
-2.0008299674e-04 3.6798141459e-05 4.2460821399e+01
1.0119715177e-04 1.4108547832e-04 1.7121460525e+01
-1.8985217481e-04 8.2988418292e-05 3.6337019604e+01
2.9442295047e-04 1.0148733804e-04 1.3589464319e+01
-1.5946163326e-04 4.1036296536e-05 4.3793020384e+01
-2.9621762816e-04 5.0806479779e-06 1.7039013303e+01
2.9794988862e-04 1.2268178877e-05 1.7141212374e+01
2.6233167951e-04 3.1290485223e-05 1.7102519376e+01
2.8747008598e-05 1.0133111289e-04 3.2839106722e+01
3.2622105900e-04 8.5103024922e-05 1.3051905134e+01
3.2444470296e-04 4.2968456503e-05 1.4637692246e+01
2.9269166004e-04 6.1988822454e-06 1.7491358744e+01
-1.4749908445e-04 6.6024174838e-05 3.9117717439e+01
-2.8228472649e-04 4.7932990271e-05 2.7886317352e+01
-6.6714421966e-05 5.0408968164e-05 4.3585083336e+01
2.7337289580e-04 6.4276537142e-05 1.5277780474e+01
2.8415688549e-04 5.9006011684e-05 1.5237805880e+01
-3.0112855026e-04 4.9677297106e-05 1.9706489970e+01
2.5374104998e-04 6.4017766608e-05 1.5642303277e+01
2.1609657438e-04 5.2559048580e-05 1.7036402750e+01
2.9250666414e-04 1.1625543367e-04 1.3067444365e+01
-1.4586162099e-04 3.0777208781e-05 4.6472143645e+01
-2.9013994811e-04 4.6096048674e-05 2.2183587269e+01
-1.5630972728e-04 3.5869704746e-05 4.4997155775e+01
-2.9274160875e-04 5.3205948313e-05 2.9012083012e+01
2.3355385292e-04 2.5844434106e-05 1.8354572740e+01
2.9944685375e-04 1.8747246849e-05 1.6718002238e+01
-2.9803575468e-04 4.4711058865e-05 1.6890745968e+01
1.7794556326e-04 6.9979021995e-05 1.7026446469e+01
3.2576238494e-04 8.1133756540e-05 1.3224854096e+01
3.2262508907e-04 1.3878388508e-05 1.6201029962e+01
7.3095492931e-05 1.1948792861e-04 2.1400418569e+01
2.6219027083e-04 4.8055232410e-05 1.6143206838e+01
3.3241932945e-04 2.1744117102e-05 1.5205744392e+01
-1.6754090293e-04 7.3997487223e-06 4.9958868644e+01
2.8808802064e-04 1.1139757658e-04 1.3411318393e+01
-2.8056032524e-04 5.5192992940e-05 3.2801893805e+01
1.1364784051e-04 6.9152882072e-05 2.2896741753e+01
-1.7008131004e-04 1.9686858337e-05 4.7609808651e+01
-1.3737220872e-04 9.2988148925e-05 3.5016012438e+01
-7.8734142399e-05 9.6933173532e-05 3.4723889636e+01
2.8503351162e-04 8.8373485726e-05 1.4294291328e+01
9.5650684132e-05 1.2688024837e-04 2.2570742206e+01
-1.9200198529e-04 8.1127864052e-05 3.6522938338e+01
1.3514570662e-04 1.3459679528e-04 1.7052216268e+01
2.1176862095e-04 6.8410312146e-05 1.6851823805e+01
-2.8765300507e-05 1.2023042070e-04 3.2969819856e+01
7.5477988012e-05 1.2947146304e-04 2.0467542593e+01
-3.2168192145e-04 2.6660124976e-05 1.7078959188e+01
-1.8363394033e-04 7.0015028214e-05 3.7907177044e+01
3.2727306467e-05 8.3413963660e-05 2.5072043263e+01
-1.1183694017e-04 5.7753365446e-05 4.1515504098e+01
-1.1983128524e-04 5.0793661686e-05 4.2851709732e+01
-7.8033502393e-05 1.0908577775e-04 3.3076198559e+01
-2.8079191885e-04 1.9393472357e-05 1.8526254979e+01
1.2127996409e-04 1.3476551711e-04 1.7133579179e+01
2.5919795654e-04 1.6703982145e-05 1.9468632360e+01
-2.7139924984e-04 2.0411700837e-05 2.5782569582e+01
-1.5767531684e-04 2.7618246644e-05 4.6660745266e+01
2.8867745284e-04 4.1888648559e-05 1.5771687802e+01
3.4901946264e-04 5.7906682872e-05 1.2953778594e+01
-1.6517091660e-04 3.9419828548e-05 4.3900987529e+01
-2.7309670197e-04 5.7315884871e-05 3.4546087848e+01
-1.9667508525e-04 6.7101711499e-05 3.8081111253e+01
4.5920957819e-05 8.3998304401e-05 2.2607947166e+01
-1.7353613717e-04 7.3250770542e-05 3.7568984909e+01
-2.0571766365e-04 1.8353251219e-05 4.4994621393e+01
2.8268152600e-04 9.9021356338e-05 1.4012217099e+01
-2.1492630104e-04 6.2851422190e-05 3.8120038504e+01
1.4562412624e-04 1.2462565318e-04 1.7003785919e+01
-1.1909337062e-04 6.8864024915e-05 3.9064880074e+01
2.8043176663e-04 4.0638861543e-05 1.6041662134e+01
-3.6621876567e-04 3.4686893943e-06 1.8280997678e+01
1.9116366884e-04 8.0252240867e-05 1.6999986942e+01
-1.2437234462e-04 9.4314969254e-05 3.4806603459e+01
-2.0181594122e-04 6.5557362262e-05 3.8165391077e+01
2.5066627808e-04 1.1771968134e-04 1.4166126553e+01
-1.6689776867e-04 6.3083829339e-05 3.9284028651e+01
2.7533194014e-04 7.5475458881e-05 1.4887723479e+01
2.7710061768e-04 4.3623223123e-05 1.5993951230e+01
2.8535547000e-04 2.7408295044e-05 1.6592657111e+01
-3.4341293099e-04 2.2546041001e-05 1.6841737842e+01
2.6515774090e-04 8.4331498520e-05 1.4814312708e+01
-1.8246827039e-04 2.7875693259e-05 4.5296637923e+01
2.5834427170e-04 9.0153907049e-05 1.4770853175e+01
-1.0576813307e-04 9.5566509394e-05 3.4647279424e+01
2.8121247647e-04 1.1737112000e-04 1.3389138203e+01
2.1942534120e-04 5.0014600715e-05 1.7038767497e+01
-7.1659273123e-05 5.2138913229e-05 4.3255883760e+01
-2.4101875709e-04 1.7230285790e-05 3.8951524271e+01
-2.2011378860e-04 6.1395004130e-05 3.8084607279e+01
-1.4463682908e-04 2.9140985927e-05 4.6863605932e+01
2.5650193094e-04 7.8889265284e-05 1.5106369288e+01
-3.3448182219e-04 2.3760130628e-05 1.6991299615e+01
-2.8178690771e-04 8.1579482404e-06 1.8981516494e+01
-3.6075588328e-04 1.4266652156e-05 1.4423557080e+01
2.6479430231e-05 9.4648299894e-05 3.1520940824e+01
8.6637975030e-05 1.2152050905e-04 2.2083366243e+01
-3.0863949628e-04 1.1870697156e-05 1.7029017424e+01
2.8533781347e-04 4.4924053300e-05 1.5735486042e+01
3.7502138213e-05 1.5061398833e-06 3.7461419809e+01
1.1147320752e-04 1.2926602111e-04 1.7022425750e+01
-1.9518495868e-04 8.3644853899e-05 3.6290319787e+01
-2.7324696263e-04 2.8804895693e-05 2.5111133676e+01
3.0972242143e-04 4.8443991825e-05 1.4934170115e+01
-2.6886917721e-04 3.8973013076e-05 2.9713316897e+01
-1.5013709174e-04 5.3184670921e-05 4.1576005110e+01
1.5914255591e-04 8.7725882536e-05 1.7014133023e+01
2.6233978338e-04 9.1020219733e-05 1.4681049861e+01
-1.1653335258e-04 5.0749927745e-05 4.2936139929e+01
3.1838869108e-04 3.1364089620e-05 1.5309518038e+01
-3.3668814844e-04 1.3378104248e-05 1.6999624895e+01
3.1373075360e-04 4.8984686273e-05 1.4792633327e+01
-1.6889337411e-04 1.8109546908e-05 4.7975398247e+01
3.0699426256e-04 5.5367784259e-05 1.4780072725e+01
-2.3319276135e-04 5.8981329366e-05 3.7692787831e+01
3.6661036023e-04 1.5929466403e-05 1.0854253631e+01
2.4174532128e-04 1.0821267142e-04 1.4592676365e+01
-1.4292714396e-04 9.3333472530e-05 3.5009620437e+01
-7.4973648011e-05 5.2144990430e-05 4.3249805005e+01
5.8118840824e-05 1.0074010003e-04 2.2297760043e+01
-2.7424849253e-04 2.2677346790e-05 2.3857466459e+01
3.3511898642e-04 3.6689048391e-05 1.4396092684e+01
-2.5203810500e-04 2.1028441836e-05 3.5218425323e+01
9.5618641090e-05 1.2357701997e-04 2.2523115056e+01
3.1136689038e-04 8.6015622830e-05 1.3597103145e+01
1.2133733119e-04 1.3112310106e-04 1.7096390382e+01
-3.0297299489e-04 5.1063947136e-05 2.1273153931e+01
-1.9734480063e-04 8.1787810110e-05 3.6463363637e+01
1.4536449080e-04 1.2084415915e-04 1.7006241143e+01
-9.4795772942e-05 1.0534531683e-04 3.3464019979e+01
-2.5142197701e-04 5.3431369792e-05 3.6224894694e+01
2.7682661979e-04 1.1264490721e-04 1.3698087444e+01
-1.8148851512e-04 9.0489647797e-05 3.5605968818e+01
2.7313999468e-04 8.5977516307e-05 1.4623379354e+01
-7.5520522973e-05 1.0496076301e-04 3.3601517582e+01
-2.0991508486e-04 5.0288171620e-05 3.9773379091e+01
4.9457117222e-05 8.7001726452e-05 2.2562234576e+01
1.0713908586e-04 7.0232591887e-05 2.2865726918e+01
-2.0482591332e-04 1.6752806881e-05 4.5347230573e+01
1.9594563748e-04 8.5138527056e-05 1.6688909687e+01
-7.6725239544e-05 5.0420158237e-05 4.3599686289e+01
-9.5260017897e-05 6.1109741455e-05 4.1125656493e+01
-2.7491835384e-04 1.5007612382e-05 2.3521711392e+01
2.5681844365e-05 9.2446183226e-05 3.1182553300e+01
-1.2520844810e-04 6.9031132003e-05 3.8924637153e+01
-3.7246195601e-04 7.6789422254e-06 1.3244443308e+01
7.0574739869e-05 1.2886305162e-04 1.7376297584e+01
2.8346074837e-04 5.5302168397e-05 1.5383560892e+01
2.7336796224e-04 1.1559914674e-04 1.3685548637e+01
-2.0606503664e-04 8.7412600028e-05 3.6062841983e+01
2.7267525720e-04 6.0570462975e-05 1.5419151540e+01
2.5852991922e-04 1.3838785921e-05 2.0023809838e+01
-2.1253487911e-04 3.5458259787e-05 4.1599082104e+01
-1.7856937318e-04 7.1624981583e-05 3.7746268925e+01
-1.8504110219e-04 2.6262420147e-05 4.5431099647e+01
1.8056888086e-04 8.4092750129e-05 1.7002273064e+01
-1.9593173953e-04 5.3214447165e-05 4.0055186507e+01
-1.9420824124e-04 3.8383932402e-05 4.2598768328e+01
-1.2656453657e-04 1.0465377876e-04 3.3794714037e+01
1.5537076799e-04 8.6547525330e-05 1.7018604958e+01
-1.0128450409e-04 9.7428941502e-05 3.4411423664e+01
-2.4050709259e-04 1.5561996834e-05 3.9261570026e+01
2.7645561771e-04 2.3386707378e-05 1.7212572002e+01
-2.2174481508e-04 3.4042798253e-05 4.0761239051e+01
3.6135205902e-04 8.0029003703e-06 1.0626263932e+01
-1.6388673279e-04 6.2938679424e-05 3.9371315002e+01
3.5676120529e-04 2.7120688312e-05 1.2899666435e+01
-1.1980183915e-04 9.6120245293e-05 3.4574380686e+01
5.7565464431e-05 9.8264041870e-05 2.2344864966e+01
-1.2825571374e-04 6.9121865900e-05 3.8855379313e+01
-1.7901814694e-04 5.6091583193e-05 4.0192763666e+01
-2.5786044401e-04 1.4283470489e-05 3.3335835307e+01
-7.2763584388e-05 1.0493312451e-04 3.3643462424e+01
5.1589712768e-05 8.5320587063e-05 2.2572980907e+01
2.8044563401e-04 2.3618182538e-05 1.6976357661e+01
-1.8431563069e-04 3.8107109931e-05 4.3242716719e+01
-1.4203247277e-04 9.1240940280e-05 3.5242306400e+01
-2.8445452998e-04 2.8825293839e-05 1.6817782059e+01
-8.1597450544e-05 5.2167828889e-05 4.3207275548e+01
-9.2071302270e-05 6.1075621103e-05 4.1190180488e+01
1.2471149441e-04 1.2926565389e-04 1.7078344818e+01
-1.6518529317e-04 1.8095187929e-05 4.8183145875e+01
2.7953906214e-05 8.4638370789e-05 2.8058771234e+01
1.4978049727e-04 1.5283614171e-04 1.5250893227e+01
1.0360940586e-04 6.9384993873e-05 2.2847402929e+01
-2.3727259668e-04 3.3040576462e-05 3.8451846397e+01
-2.8003401374e-04 4.7049063304e-05 2.8243747446e+01
-2.4868754963e-04 2.0886346918e-05 3.6366069304e+01
-2.1803235728e-04 3.2094863832e-05 4.1469927882e+01
3.3288868908e-04 7.8638669005e-05 1.3008912117e+01
-1.0012417396e-04 9.5389661521e-05 3.4699670148e+01
-1.3022618297e-04 6.7307552475e-05 3.9173656614e+01
3.3165997024e-04 1.8070686843e-05 1.5480031231e+01
-2.5292857442e-04 7.2839289049e-05 3.7380734778e+01
-8.4906011754e-05 5.2184393411e-05 4.3172837765e+01
-2.9591650163e-04 4.3532526879e-05 1.6900784795e+01
-7.6786294497e-05 1.0701745280e-04 3.3324406684e+01
-2.4886537171e-04 5.2923102529e-05 3.6481399543e+01
-1.8684148734e-04 3.6428184496e-05 4.3411002944e+01
-9.0667869850e-05 5.9275201414e-05 4.1593265868e+01
-1.9349290097e-04 3.6600971038e-05 4.2959965534e+01
2.5988257240e-04 7.5999378809e-05 1.5137779292e+01
2.3427967653e-04 8.4628248366e-05 1.5298148343e+01
-2.0217797917e-04 8.0291555011e-05 3.6601281925e+01
-2.3308913100e-04 5.6807249696e-05 3.7788218030e+01
1.0293495370e-04 6.6659442802e-05 2.2845994436e+01
1.7085894451e-04 7.1428882644e-05 1.7024791989e+01
2.0984645993e-05 9.3736594787e-05 3.3062827144e+01
-8.6720446794e-05 5.0462058647e-05 4.3519689648e+01
-1.4600303874e-04 4.0810523849e-05 4.4313651030e+01
2.7938774669e-04 5.4617561108e-05 1.5498602407e+01
5.5109325270e-05 8.8451374694e-05 2.2522649764e+01
2.5139773581e-05 8.4192240839e-05 2.9306757661e+01
-1.2559013163e-04 1.0253346270e-04 3.3952600067e+01
3.2182024439e-04 1.0234865527e-05 1.6708404371e+01
2.1406384737e-04 7.9539018396e-05 1.6039832987e+01
-1.4141252716e-04 6.5799728862e-05 3.9267108739e+01
-2.7495414198e-04 1.3186791732e-05 2.3627989781e+01
-1.4159509908e-04 4.9414052740e-05 4.2599361745e+01
-2.1737448284e-04 6.1057467744e-05 3.8212740512e+01
2.5107154679e-04 1.6165297040e-05 1.9604387514e+01
-9.0042322364e-05 5.0481937199e-05 4.3476754904e+01
-1.7829472258e-04 5.4179837098e-05 4.0551007718e+01
-1.7570943967e-04 7.1413280205e-05 3.7809884288e+01
1.8385971798e-04 8.1612604745e-05 1.7001846062e+01
-1.3432741396e-04 6.9318773548e-05 3.8718650309e+01
5.2722650044e-05 9.8970967920e-05 2.2382621774e+01
2.8451385505e-04 2.3949878483e-05 1.7117229975e+01
2.0146140394e-05 9.1564721609e-05 3.2830389247e+01
2.6741954137e-04 9.9456737017e-05 1.4352680621e+01
-2.1076453859e-04 8.6002214918e-05 3.6194995008e+01
-1.8988530171e-04 6.2532504257e-05 3.8855672714e+01
5.7311025050e-05 8.6774344781e-05 2.2540178482e+01
-9.5664052497e-05 9.7267890319e-05 3.4463514665e+01
-2.9156333440e-04 1.2409334916e-05 1.7055046725e+01
-1.3923943502e-04 9.1071854307e-05 3.5251137457e+01
-2.3568532885e-04 5.5051997674e-05 3.7681252938e+01
-1.9536518229e-04 5.1276226226e-05 4.0381266626e+01
2.7255294023e-04 8.2205629016e-05 1.4742590085e+01
-3.1192525676e-04 1.2267737799e-05 1.7030103444e+01
-2.0702325901e-04 7.8823329790e-05 3.6725511006e+01
-1.6180867410e-04 3.9357366669e-05 4.4050575132e+01
3.3243992296e-04 7.4640067343e-05 1.3181420931e+01
-1.1769865808e-04 9.2010674842e-05 3.5104921569e+01
-2.4018922367e-04 3.1359008164e-05 3.7971683680e+01
2.8843552877e-04 8.5342048530e-05 1.4306207671e+01
3.2098226583e-04 7.2561668630e-05 1.3733014832e+01
9.6665391692e-05 6.7772700794e-05 2.2811407185e+01
-1.6305831149e-04 6.1008729704e-05 3.9735531098e+01
2.6053445866e-04 1.0529713159e-04 1.4325805700e+01
2.4275577642e-05 8.2042991745e-05 2.9264266852e+01
1.5482222067e-04 8.3117927091e-05 1.7020505504e+01
-2.7155805285e-04 1.3030985639e-05 2.5972844974e+01
-9.4466689548e-05 9.5237442087e-05 3.4767164983e+01
-2.1188032679e-04 7.7383425798e-05 3.6835648473e+01
1.5750224956e-04 1.5229464573e-04 1.4957263919e+01
-6.7138344862e-05 1.0899036512e-04 3.3188521499e+01
-1.9223368223e-04 6.0732827135e-05 3.9056526640e+01
-1.4377618440e-04 4.7698000042e-05 4.2903796737e+01
3.0605153533e-04 1.0395545352e-04 1.3096156552e+01
3.2780235434e-04 3.9648752265e-05 1.4626817444e+01
2.4702252952e-04 1.5877510793e-05 1.9563192304e+01
3.0312165214e-04 1.1099753355e-04 1.2910979328e+01
-2.5586806914e-04 6.1540203543e-05 3.6532869890e+01
5.1476481635e-05 9.4156100088e-05 2.2449598460e+01
2.5604527951e-04 1.0060017656e-04 1.4538705886e+01
-2.1931477149e-04 7.6415440471e-05 3.6891496596e+01
-1.3831203026e-04 8.9001429083e-05 3.5508344672e+01
-1.9784966021e-04 4.9526099055e-05 4.0537107229e+01
9.5985079787e-05 6.5130932973e-05 2.2812375620e+01
-1.9852417525e-04 6.3223230917e-05 3.8539841626e+01
2.1790117589e-04 1.0207451569e-04 1.5111992764e+01
-1.2111939775e-04 1.0435266662e-04 3.3750448205e+01
6.0818230925e-05 9.0042157856e-05 2.2488653811e+01
-1.9514280487e-04 6.0950340871e-05 3.8942157948e+01
1.5449210540e-05 9.2938726641e-05 3.4322593912e+01
-1.3922688915e-04 4.0715727908e-05 4.4548186898e+01
1.5111202257e-04 8.2029770594e-05 1.7025250356e+01
-2.2900437060e-04 7.3761739224e-05 3.7062939488e+01
-1.1736248996e-04 1.0211049286e-04 3.3911547783e+01
2.4637886050e-04 1.3074854613e-05 1.9923944394e+01
1.6384599992e-04 7.2834875146e-05 1.7029318612e+01
3.1763707212e-04 2.7698467391e-05 1.5503014452e+01
-2.2416016239e-04 7.5068459763e-05 3.6978731621e+01
6.3697757141e-05 9.0893383332e-05 2.2473746853e+01
-2.1546799247e-04 8.4626556294e-05 3.6317689133e+01
1.4568240871e-05 9.0794632074e-05 3.4175567430e+01
2.4694024396e-04 9.1224467320e-05 1.4920154747e+01
2.2241789926e-04 1.0692676274e-04 1.4925601886e+01
-2.0286027811e-04 5.7596012003e-05 3.9148148435e+01
-2.8058457688e-04 4.4702386987e-05 2.6588445507e+01
-1.1565356383e-04 1.0408142554e-04 3.3715190205e+01
-2.9529979435e-04 1.0697785791e-05 1.7082487615e+01
-1.8065794877e-04 5.2424738022e-05 4.0780803775e+01
-1.6279056699e-04 7.4514079806e-05 3.7481070387e+01
8.9865554957e-05 6.6272160059e-05 2.2779441766e+01
3.7085974964e-04 2.0218118857e-05 1.0950101505e+01
2.2585894588e-04 1.0419427900e-04 1.4932314875e+01
3.2048376248e-04 6.8668549896e-05 1.3889776488e+01
6.6016927322e-05 8.9221136861e-05 2.2503287974e+01
-9.1633851648e-05 9.5170668129e-05 3.4806891915e+01
1.6009540519e-04 7.1908090370e-05 1.6991538116e+01
-2.0616999856e-04 5.9881229796e-05 3.8735809815e+01
2.9577097016e-04 8.3039652816e-05 1.4188812477e+01
3.3952882748e-04 7.2062802136e-05 1.2945539646e+01
2.3035604174e-04 1.0900988825e-04 1.4757046386e+01
-2.1395581121e-04 5.6576686266e-05 3.8809922495e+01
1.6613209612e-05 8.3022447076e-05 3.2424947247e+01
-1.5913269943e-04 5.8975073161e-05 4.0203382279e+01
-1.9379074953e-04 2.9723743690e-05 4.4167095045e+01
2.3777722960e-04 1.0723437926e-04 1.4680463111e+01
-2.0900696494e-04 6.0151083148e-05 3.8604930104e+01
2.0106919023e-04 7.2571312601e-05 1.7012983146e+01
8.6515981974e-05 6.5562897859e-05 2.2765618953e+01
2.3897428653e-04 1.5282740035e-05 1.9500406085e+01
-1.6601900157e-04 9.1002291401e-05 3.5424166438e+01
9.8758663302e-06 9.2243087681e-05 3.5317222330e+01
-6.3018552777e-05 1.1104627991e-04 3.2991009839e+01
-3.3985532632e-04 2.1458972220e-05 1.7011036280e+01
1.5955856104e-04 6.8751777723e-05 1.7086841114e+01
2.2687845835e-04 8.6391791952e-05 1.5385894723e+01
6.9517270451e-05 9.2713561199e-05 2.2453834212e+01
8.5819903575e-05 6.3038451218e-05 2.2769899495e+01
-2.1766244401e-04 8.2800002185e-05 3.6446972208e+01
-6.0314735865e-05 1.1105287082e-04 3.3038487429e+01
-1.5604141158e-04 5.8860065474e-05 4.0298424193e+01
8.9513561011e-06 9.0124410372e-05 3.5240191426e+01
2.0031017921e-04 6.8933719282e-05 1.6987606841e+01
2.3835514415e-04 1.2545786580e-05 1.9865986083e+01
7.1924277827e-05 9.1042764682e-05 2.2493756952e+01
-1.6528617138e-04 8.8863022726e-05 3.5634122335e+01
1.5686900046e-05 8.0924754934e-05 3.2461517640e+01
-1.9017454235e-04 3.6511771048e-05 4.3191071288e+01
3.3909430305e-04 6.8037258150e-05 1.3115988178e+01
-5.8974347744e-05 1.0899667451e-04 3.3349698554e+01
3.3115561811e-04 3.6295342404e-05 1.4606409254e+01
-1.5294551967e-04 5.8757775394e-05 4.0390770494e+01
2.5951844001e-04 1.2722334786e-04 1.3621405524e+01
7.9909626588e-05 6.4225693061e-05 2.2742718160e+01
-2.7574133582e-04 5.5764973888e-05 3.3694760423e+01
-1.5699545542e-04 7.4170214562e-05 3.7586428517e+01
2.5495705022e-04 3.3597353260e-05 1.7247389518e+01
1.9629102080e-04 6.7923545133e-05 1.7007442274e+01
7.7409125527e-05 9.0317708763e-05 2.2541109745e+01
1.5267582247e-04 7.0134416459e-05 1.7447629111e+01
-1.6418131833e-04 3.7686655281e-05 4.4298232349e+01
2.5096496846e-04 3.3246232152e-05 1.7187337234e+01
4.2676639372e-06 9.1639243902e-05 3.6072098125e+01
-2.3372939581e-04 7.0191009089e-05 3.7240162378e+01
7.9199090527e-05 6.1774658220e-05 2.2748422373e+01
-2.2130354410e-04 3.2221403185e-05 4.1045177477e+01
2.3098039946e-04 1.4685043898e-05 1.9478871315e+01
1.0865916261e-05 8.2368241520e-05 3.4023652787e+01
2.9522628177e-04 7.9221383493e-05 1.4327279828e+01
3.2989285402e-06 8.9543736928e-05 3.6054243602e+01
-5.4912357706e-05 1.1108992766e-04 3.3160350543e+01
8.0985586530e-05 9.4079757611e-05 2.2519592050e+01
2.6860226124e-04 5.9821779578e-05 1.5523697563e+01
2.3038070542e-04 1.2021464397e-05 1.9839349172e+01
7.9756905273e-06 8.2074863183e-05 3.4697097916e+01
1.4895921397e-04 6.9247469271e-05 1.8002296083e+01
-1.8077916633e-04 6.9793503301e-05 3.7977880482e+01
-5.3540374468e-05 1.0904050130e-04 3.3500148401e+01
-2.9958398871e-04 7.0408467451e-06 1.7052042986e+01
7.3417408955e-05 6.2996008279e-05 2.2726383745e+01
4.3362769858e-05 1.0052141330e-04 2.6094984763e+01
8.4070245926e-05 9.5176544422e-05 2.2541477185e+01
2.4358285243e-04 3.5422850779e-05 1.7256316824e+01
4.0706980657e-05 9.9813770442e-05 2.7198949296e+01
-2.2487543170e-04 8.1990117061e-05 3.6543071220e+01
7.4915495009e-05 9.2013340363e-05 2.2496178310e+01
-1.9998980070e-04 8.2140739191e-05 3.6435922337e+01
-1.3722121742e-06 9.1117783239e-05 3.6617581489e+01
7.0210603250e-05 6.2420168153e-05 2.2720601598e+01
1.9492965866e-04 6.1064029442e-05 1.7029441316e+01
3.4614912679e-04 6.5380520079e-05 1.2852978025e+01
1.4835612098e-04 6.6184758234e-05 1.8464318944e+01
-1.5202987562e-04 7.5857334574e-05 3.7364177627e+01
8.6716266916e-05 9.3468341120e-05 2.2596793849e+01
6.9838728294e-06 8.0019874615e-05 3.4786865396e+01
2.2302958159e-04 1.4097558269e-05 1.9498056157e+01
-9.0400497451e-05 9.3158135589e-05 3.5134661018e+01
-2.3855442580e-06 8.9043335387e-05 3.6651213166e+01
6.9474512204e-05 6.0071878816e-05 2.2727334554e+01
-4.9519343859e-05 1.1116051709e-04 3.3321735925e+01
-2.9989366116e-04 5.1886169885e-06 1.7034727615e+01
2.9466548811e-04 7.5417282700e-05 1.4463443886e+01
2.6786531073e-04 5.6135857643e-05 1.5676995617e+01
2.8380877411e-04 2.0777884400e-05 1.7016267486e+01
3.4826778385e-05 3.0569597995e-06 3.7887875305e+01
2.3957535982e-04 3.5005918335e-05 1.7521066778e+01
-1.6900338910e-04 3.4369204421e-05 4.4760348401e+01
2.1906500522e-04 1.3811046657e-05 1.9511799659e+01
-4.8115461778e-05 1.0911789214e-04 3.3688893772e+01
2.1650632594e-06 8.1549719446e-05 3.5821764383e+01
-1.6056048230e-04 9.0528830026e-05 3.5429950473e+01
6.3868344898e-05 6.1344991996e-05 2.2713671437e+01
-1.4710393488e-04 7.7558189738e-05 3.7134331739e+01
1.4149160237e-04 6.7474442750e-05 1.9389806853e+01
-7.0405889241e-06 9.0670219147e-05 3.6986062401e+01
-2.0480756111e-04 8.0663694232e-05 3.6569148205e+01
2.0626449146e-04 1.3171925635e-04 1.4636138790e+01
2.6710432681e-04 5.2463506096e-05 1.5840099139e+01
-2.3868219793e-04 7.1282433735e-05 3.7215219096e+01
3.4942718905e-04 6.1997995546e-05 1.2793343660e+01
2.1848021893e-04 1.1267881818e-05 1.9844466896e+01
-1.8301501514e-04 6.7968595790e-05 3.8205805217e+01
1.9559206832e-04 6.4436485325e-05 1.7019476624e+01
-1.5781447149e-04 9.0306884376e-05 3.5434732163e+01
2.3892221271e-04 3.2068560921e-05 1.7807810231e+01
-8.0986374087e-06 8.8614871307e-05 3.7065252714e+01
6.0730831972e-05 6.0845041420e-05 2.2712163552e+01
-7.5402929732e-07 8.1315510509e-05 3.6284201862e+01
-2.2412262166e-04 3.0547616021e-05 4.0869661000e+01
-1.4619388278e-04 7.5557926221e-05 3.7463808886e+01
-2.6564815650e-04 5.9678268051e-05 3.5716932478e+01
2.6631860081e-04 4.8804192440e-05 1.6007405217e+01
1.4084049839e-04 6.4476652038e-05 1.9878099929e+01
2.4631302096e-04 6.5999061866e-05 1.5711350719e+01
5.9966343021e-05 5.8592905068e-05 2.2718450644e+01
-4.4137760409e-05 1.1126632700e-04 3.3527120823e+01
-2.1708325368e-04 5.8949519708e-05 3.8426903956e+01
-1.8238456079e-04 6.5940934114e-05 3.8514705391e+01
-4.2701925776e-05 1.0923077759e-04 3.3918894412e+01
2.1115407918e-04 1.3256152704e-05 1.9591207216e+01
2.8320948147e-04 1.7787604799e-05 1.7087362779e+01
-1.2734391254e-05 9.0288933583e-05 3.7209396507e+01
-1.7145267971e-04 3.2722654155e-05 4.4972823594e+01
-1.9274939178e-04 3.4837759738e-05 4.3324511531e+01
-2.3631318444e-04 7.3048636600e-05 3.7146851052e+01
-1.9723344671e-04 2.9789586910e-05 4.3885785389e+01
-1.5621656107e-04 8.6099161260e-05 3.5910201954e+01
-1.8134322957e-06 7.9296273724e-05 3.6416795951e+01
5.4516385266e-05 5.9918697305e-05 2.2711840288e+01
-1.3837068793e-05 8.8250881976e-05 3.7329072985e+01
1.3397370651e-04 6.5722900734e-05 2.1131154593e+01
2.1056775163e-04 1.0796252764e-05 1.9897169720e+01
-3.4916972537e-04 1.9965531372e-05 1.5759475845e+01
2.3154267647e-04 3.4114231709e-05 1.7696688231e+01
-1.4127591511e-04 7.7271437123e-05 3.7226960803e+01
-1.8466284001e-04 6.4130236773e-05 3.8740078098e+01
-3.8769919770e-05 1.1140959756e-04 3.3780741466e+01
5.1437344251e-05 5.9491080872e-05 2.2712487813e+01
2.3889060075e-04 6.7903506877e-05 1.5798749331e+01
-2.2366014443e-04 2.8760764752e-05 4.1158733047e+01
-1.9197646842e-04 3.3093846128e-05 4.3691812371e+01
2.8657230709e-04 1.4945785191e-05 1.7117975980e+01
-3.7301480739e-05 1.0938097139e-04 3.4192558248e+01
1.3328068733e-04 6.2800934993e-05 2.1598827311e+01
5.0642393502e-05 5.7328009213e-05 2.2718211543e+01
-1.4031901703e-04 7.5285669789e-05 3.7567436986e+01
-1.5341858130e-04 8.5904041592e-05 3.5929132780e+01
2.9408709153e-04 7.1628294077e-05 1.4598309657e+01
-1.8450676864e-05 8.9967132370e-05 3.7317049841e+01
-1.5258240492e-04 8.3832001998e-05 3.6197495842e+01
2.0326024678e-04 1.2725678555e-05 1.9716219055e+01
-9.5593565362e-06 8.0715315215e-05 3.7334521278e+01
3.0299046851e-04 5.4773017783e-05 1.4913328109e+01
2.2753091480e-04 3.3647179537e-05 1.7736388496e+01
-1.9117330254e-04 3.1368950800e-05 4.4061196186e+01
-2.2652330876e-04 2.7104931567e-05 4.0922735288e+01
-1.9597723009e-05 8.7944724471e-05 3.7472529736e+01
2.3812998481e-04 6.4208263747e-05 1.5974398790e+01
4.5330389676e-05 5.8705870673e-05 2.2713958405e+01
2.0266953035e-04 1.0349223781e-05 2.0006097153e+01
-1.8696924916e-04 6.2325571279e-05 3.8958742332e+01
1.2640336621e-04 6.4018756790e-05 2.3013249032e+01
3.7041346995e-04 1.6116311309e-05 1.0363241886e+01
-1.7044693354e-04 3.1037273359e-05 4.5361707837e+01
4.2300363599e-05 5.8346845828e-05 2.2703674758e+01
2.8597152745e-04 1.2008303830e-05 1.7333052143e+01
-1.4779046013e-04 8.5539670474e-05 3.5970972520e+01
2.9010667316e-04 7.0922943039e-05 1.4716709375e+01
-3.3418742549e-05 1.1159362316e-04 3.4086127310e+01
2.6964430525e-04 4.5883118882e-05 1.6063543987e+01
8.9890853183e-05 9.4601377175e-05 2.2627021935e+01
2.2686410433e-04 3.0741102633e-05 1.7924729093e+01
-2.2942489521e-04 2.5459437502e-05 4.0624508660e+01
4.1474242594e-05 5.6266424286e-05 2.2757441844e+01
3.2770122148e-04 6.6057682229e-05 1.3700279530e+01
1.9537604600e-04 1.2223887454e-05 1.9918925958e+01
-1.3835671423e-04 6.5695510567e-05 3.9341943037e+01
-1.5464520239e-05 8.0391279997e-05 3.7800985804e+01
-3.0749521545e-05 1.1170114367e-04 3.4259236419e+01
-2.5377639227e-05 8.7690521807e-05 3.7521889023e+01
1.2263067888e-04 6.3192755010e-05 2.2902432234e+01
-1.7292366294e-04 2.9409254085e-05 4.5557321119e+01
-1.4405957640e-04 8.3320915587e-05 3.6281278952e+01
3.6283667611e-05 5.7694862304e-05 2.2845357265e+01
1.9143328176e-04 1.1985085828e-05 2.0051953013e+01
-2.9231703383e-05 1.0968433200e-04 3.4686681605e+01
-1.8425760681e-05 8.0249646048e-05 3.7976806506e+01
2.7296795465e-04 4.2943981156e-05 1.6126736050e+01
2.3070733598e-04 6.6033172299e-05 1.6103899344e+01
3.6988454174e-04 1.2071498797e-05 9.6344541167e+00
1.2191286641e-04 6.0393487454e-05 2.2926414156e+01
-2.9939568243e-05 8.9478635588e-05 3.7285777471e+01
2.9896973767e-04 5.4167304683e-05 1.5042713778e+01
2.8611058777e-04 7.0208006605e-05 1.4829744652e+01
1.9082546522e-04 9.7342205970e-06 2.0308439028e+01
3.3274734509e-05 5.7397065290e-05 2.4792992501e+01
3.3105408662e-04 6.2762082892e-05 1.3676356013e+01
-3.1174016974e-05 8.7483106018e-05 3.7499629017e+01
-1.9620958364e-05 7.8285341973e-05 3.8180971978e+01
3.2385018419e-05 5.5389254149e-05 2.5637088729e+01
-1.7189019870e-04 2.7752651802e-05 4.5941121209e+01
-2.5425553199e-05 1.1195036075e-04 3.4646861788e+01
1.1521543935e-04 6.1612533009e-05 2.2903096018e+01
1.8354488742e-04 1.1534426372e-05 2.0373893884e+01
2.7178375466e-05 5.6847646234e-05 2.7807105351e+01
-3.5706907936e-05 8.9302013138e-05 3.7187785195e+01
3.3056772688e-04 5.8844236740e-05 1.3835329690e+01
1.8292137833e-04 9.3659893839e-06 2.0603604243e+01
-2.0963629773e-04 7.9215474155e-05 3.6689232492e+01
-1.5702016146e-04 8.8195461782e-05 3.5664113440e+01
-2.4363626828e-05 8.0004135813e-05 3.8232164899e+01
1.1450403531e-04 5.8896016877e-05 2.2899583601e+01
2.4095897476e-05 5.6595191341e-05 2.9211258343e+01
-3.6984851830e-05 8.7317190964e-05 3.7424672106e+01
-2.0123100926e-05 1.1224803845e-04 3.5088878710e+01
-1.8539644419e-05 1.1025111296e-04 3.5492641467e+01
2.3108614753e-05 5.4643721767e-05 2.9936611232e+01
-1.9803271424e-04 6.1179959755e-05 3.8826370712e+01
-2.7339379669e-05 7.9898552200e-05 3.8318383279e+01
1.7565050699e-04 1.1120074857e-05 2.0771990177e+01
2.2991666285e-04 6.2346666901e-05 1.6323465778e+01
-4.1485328803e-05 8.9165607823e-05 3.7056294170e+01
2.9625991456e-05 1.4837613831e-06 3.9532692758e+01
2.2826380598e-04 5.5011365788e-05 1.6882580711e+01
-2.8602016958e-05 7.7955041087e-05 3.8552629168e+01
1.7870159596e-05 5.6133940081e-05 3.1756114604e+01
1.0795886044e-04 6.0126607120e-05 2.2872873994e+01
2.9829440055e-04 5.0449996522e-05 1.5188508628e+01
1.7501331185e-04 9.0331018145e-06 2.0967488045e+01
-4.2806303577e-05 8.7190328095e-05 3.7312355765e+01
-2.8511149627e-04 6.6093913409e-05 3.8524997130e+01
2.2416641955e-04 5.4133056120e-05 1.7039927057e+01
-2.1447256726e-04 7.7799183916e-05 3.6796140450e+01
1.0724984989e-04 5.7490739340e-05 2.2870811179e+01
1.3652142892e-05 5.4019486351e-05 3.3493408814e+01
1.7845739591e-04 1.1913119101e-04 1.5607541083e+01
1.8585060623e-04 1.1797865999e-04 1.5395629069e+01
-4.7273912496e-05 8.9064601902e-05 3.6903762276e+01
1.6775101462e-04 1.0748276514e-05 2.1235948431e+01
-1.4844257186e-05 1.1259867344e-04 3.5581259676e+01
-3.3302703624e-05 7.9719410220e-05 3.8422590115e+01
-1.2214272482e-05 1.1279499742e-04 3.5843918150e+01
2.2910176756e-04 5.8672253803e-05 1.6535529498e+01
2.9424024498e-04 4.9845476255e-05 1.5317367440e+01
-4.8636438660e-05 8.7098437216e-05 3.7175326474e+01
-1.0580476592e-05 1.1081674283e-04 3.6178668822e+01
8.4022435756e-06 5.5544599795e-05 3.4930094318e+01
1.6379822104e-04 1.0580086611e-05 2.1478095255e+01
-3.6289254463e-05 7.9644528529e-05 3.8445811897e+01
1.7455687367e-04 1.1775128587e-04 1.5845393661e+01
1.0085260161e-04 5.8737541932e-05 2.2843291295e+01
3.3774697319e-04 5.6079209181e-05 1.3605754364e+01
9.2625549342e-05 9.2857208839e-05 2.2678329209e+01
5.2171005559e-06 5.5373685413e-05 3.5827409515e+01
1.6314151024e-04 8.6111569674e-06 2.1576592119e+01
-5.3069522450e-05 8.8996684026e-05 3.6739870869e+01
-3.7617881139e-05 7.7718236132e-05 3.8705871021e+01
4.0537807635e-06 5.3507736595e-05 3.6335305872e+01
2.1953765964e-04 3.2691005843e-05 1.7781105060e+01
1.7410536253e-04 1.1393206672e-04 1.6094682111e+01
9.7352373214e-05 5.8078657311e-05 2.2829065119e+01
-5.4472799209e-05 8.7038637664e-05 3.7023615782e+01
-2.6102306182e-04 5.8189970111e-05 3.5787109060e+01
-6.9744951378e-06 1.1323409567e-04 3.6393090923e+01
2.1887650141e-04 2.9821355727e-05 1.7973234131e+01
-1.1903333232e-06 5.5067881309e-05 3.7402213952e+01
1.5589600500e-04 1.0283908406e-05 2.1957425132e+01
2.9352224355e-04 4.6158585230e-05 1.5471697509e+01
-4.3652748168e-06 1.1347787652e-04 3.6673934486e+01
9.6639341644e-05 5.5557544962e-05 2.2828859674e+01
-2.6806637853e-06 1.1152326980e-04 3.6875954221e+01
-4.4103441358e-06 5.4931655342e-05 3.8087316215e+01
-5.8869782483e-05 8.8959348229e-05 3.6572204715e+01
-1.3548952485e-04 8.8847243583e-05 3.5525504490e+01
1.5522804519e-04 8.3885200496e-06 2.1971605243e+01
-4.2270757028e-05 7.9522272949e-05 3.8445819822e+01
2.1158916079e-04 3.1720859025e-05 1.7863804002e+01
-5.6546663700e-06 5.3097379336e-05 3.8536366795e+01
3.3727256970e-04 5.2140499735e-05 1.3762975524e+01
-6.0312968566e-05 8.7008499199e-05 3.6865100492e+01
-3.3010804695e-04 4.2581740722e-06 1.7581551619e+01
-4.5264738650e-05 7.9473755883e-05 3.8426616478e+01
8.3072067112e-07 1.1401896547e-04 3.7226474728e+01
1.4800910717e-04 1.0040149006e-05 2.2388420834e+01
2.1093443680e-04 2.8895497003e-05 1.8058307971e+01
-1.0878728272e-05 5.4690905396e-05 3.9272166425e+01
9.0452509748e-05 5.6834549238e-05 2.2802448581e+01
-2.6335578027e-04 5.8913040263e-05 3.5725628366e+01
-1.3081047018e-04 9.0609494514e-05 3.5289141581e+01
2.5496696445e-06 1.1208283756e-04 3.7296501976e+01
-4.6657988342e-05 7.7561604163e-05 3.8707938686e+01
-6.4672334198e-05 8.8950506422e-05 3.6406535851e+01
1.4733344841e-04 8.2116559713e-06 2.2305492759e+01
-1.4125192958e-05 5.4585036288e-05 3.9779491381e+01
-1.2881889257e-04 8.6522317242e-05 3.5859522478e+01
-6.6153678603e-05 8.7007322371e-05 3.6705638316e+01
-2.2161173169e-04 7.4603236063e-05 3.7016524551e+01
-1.5446968640e-05 5.2776478019e-05 4.0189806476e+01
8.7049859695e-05 5.6248053369e-05 2.2790400111e+01
-2.1674276694e-04 7.5976530525e-05 3.6931956595e+01
2.0368159467e-04 3.0750711324e-05 1.7997832908e+01
1.4015607000e-04 9.8508051291e-06 2.2671800299e+01
5.9940842501e-06 1.1463770875e-04 3.7724987248e+01
2.2213730101e-04 4.4447673956e-05 1.7168864242e+01
-3.3889418263e-04 2.2322439015e-06 1.8989936062e+01
-2.0639261707e-05 5.4400818405e-05 4.0642136864e+01
-5.1257954517e-05 7.9400605974e-05 3.8358284625e+01
-7.0475173386e-05 8.8968226856e-05 3.6247166302e+01
-1.2412591979e-04 8.8298555463e-05 3.5615112709e+01
8.6325584901e-05 5.3835597193e-05 2.2791576424e+01
-2.0043124885e-04 5.9384807194e-05 3.8994476110e+01
8.5626267400e-06 1.1497832904e-04 3.7935247898e+01
-1.2126812125e-04 8.8178289438e-05 3.5643177323e+01
-2.3905258368e-05 5.4321165385e-05 4.1004415723e+01
1.3624432198e-04 9.7728556508e-06 2.2753366210e+01
-5.4256251976e-05 7.9374985038e-05 3.8312162636e+01
1.9974142127e-04 3.0268916370e-05 1.8096034619e+01
2.1816550027e-04 4.3912785574e-05 1.7121372234e+01
-2.5301515305e-05 5.2533263119e-05 4.1389815500e+01
2.1752616613e-04 4.0948015817e-05 1.7335164258e+01
1.0332758381e-05 1.1307653545e-04 3.7747957328e+01
1.3554983972e-04 8.0256364871e-06 2.2565812880e+01
-5.5712577572e-05 7.7474313546e-05 3.8610124877e+01
2.2343218795e-04 5.0712136420e-05 1.7023261038e+01
8.0334120380e-05 5.5148171922e-05 2.2769251898e+01
2.1355550702e-04 4.0409683502e-05 1.7360643184e+01
-3.0452414330e-05 5.4185536535e-05 4.1607083060e+01
1.9909249899e-04 2.7522236369e-05 1.8311638911e+01
1.2845832234e-04 9.6502429585e-06 2.2837290242e+01
-3.3732207597e-05 5.4128325918e-05 4.1853574062e+01
7.7018018312e-05 5.4633227638e-05 2.2760360188e+01
-3.5200415884e-05 5.2356771823e-05 4.2223423236e+01
1.2774062487e-04 7.9482413744e-06 2.2631450891e+01
-6.0255136495e-05 7.9344789589e-05 3.8202199077e+01
-3.3759279458e-04 4.6867036461e-06 1.8451060263e+01
2.6882690482e-05 3.0524851260e-06 3.9952953932e+01
2.0628994950e-04 4.2241836768e-05 1.7327929898e+01
7.6276818856e-05 5.2323550188e-05 2.2762369585e+01
-4.0301282632e-05 5.4034452615e-05 4.2250653332e+01
-6.3254805300e-05 7.9339360224e-05 3.8140563758e+01
2.2276328074e-04 4.7488354609e-05 1.7010699504e+01
2.0564233316e-04 3.9316464303e-05 1.7473275688e+01
1.2072274857e-04 9.5633478828e-06 2.2889377612e+01
-6.4772150019e-05 7.7448168265e-05 3.8450626382e+01
-3.4662907734e-04 2.5174011262e-06 2.0642644711e+01
1.9841860718e-04 4.1101298449e-05 1.7469925267e+01
1.1997712290e-04 7.9012668660e-06 2.2692522035e+01
1.6675063516e-04 1.1489090544e-04 1.6682684019e+01
1.9776796269e-04 3.8213445635e-05 1.7628253224e+01
1.8031486656e-05 1.1427933253e-04 3.7907050357e+01
7.0464731299e-05 5.3674961813e-05 2.2745917507e+01
1.9058198946e-04 3.9956136006e-05 1.7692795596e+01
2.6855325858e-04 8.1396645899e-05 1.4837984972e+01
1.8992642022e-04 3.7113544933e-05 1.7878794481e+01
1.1303742642e-04 9.5080013905e-06 2.2948502534e+01
-6.9255383707e-05 7.9346061126e-05 3.8008570053e+01
2.3380705869e-04 1.0623831546e-04 1.4765265361e+01
1.8277319067e-04 3.8819229493e-05 1.8027464016e+01
6.7224581407e-05 5.3229842334e-05 2.2740456237e+01
1.5942642726e-04 1.1572506046e-04 1.7027153623e+01
-3.5482770898e-04 9.4066277990e-06 1.7002747132e+01
1.7887746313e-04 3.8257228704e-05 1.8244038755e+01
1.1225598738e-04 7.8805625250e-06 2.2742018363e+01
1.7821111468e-04 3.5492405600e-05 1.8471629798e+01
-7.0810296706e-05 7.7461493165e-05 3.8324119709e+01
1.6211863664e-05 1.1613660529e-04 3.8359394547e+01
-2.1146584060e-04 5.8360867384e-05 3.8718193468e+01
-1.3736606049e-04 7.5160064068e-05 3.7620757910e+01
1.7109501623e-04 3.7152000360e-05 1.8799273314e+01
6.6462545825e-05 5.1017244586e-05 2.2743048853e+01
1.5898335899e-04 1.1193327621e-04 1.6977412107e+01
-3.5122284141e-04 1.6346313424e-05 1.6089090527e+01
1.6720588784e-04 3.6609860890e-05 1.9141179176e+01
1.6652205571e-04 3.3934772682e-05 1.9410542847e+01
-3.4509084113e-04 5.2626058392e-06 1.9157572292e+01
1.0540409525e-04 9.4795933246e-06 2.2917452912e+01
-7.5250977903e-05 7.9377407171e-05 3.7869475198e+01
1.5942445272e-04 3.5551607487e-05 1.9957534088e+01
2.5633540586e-05 1.1571489063e-04 3.7995640459e+01
1.5872799425e-04 3.2941184439e-05 2.0237436730e+01
1.0457714323e-04 7.8778978686e-06 2.2902442283e+01
-3.5437295627e-04 2.9025163865e-06 2.1376076076e+01
-1.1486229088e-04 9.1897683403e-05 3.5127758194e+01
1.5163495440e-04 3.4538388718e-05 2.0952668590e+01
1.5092227121e-04 3.1992249074e-05 2.1237918910e+01
6.0813185884e-05 5.2409000307e-05 2.2732893140e+01
-7.6845847690e-05 7.7495975537e-05 3.8189170401e+01
1.4383200079e-04 3.3578172839e-05 2.2106552554e+01
-1.1376708056e-04 8.9868873263e-05 3.5427250374e+01
-1.3246597031e-04 7.6891965080e-05 3.7375130962e+01
-2.2648274026e-04 7.3267567993e-05 3.7092618114e+01
1.3918691437e-04 3.0675967197e-05 2.2994209262e+01
1.3992430712e-04 3.3119007747e-05 2.2771773129e+01
9.7820939384e-05 9.4677465341e-06 2.3075761969e+01
4.4569718763e-05 1.1616219421e-04 3.4189898671e+01
-1.3143668869e-04 7.4924985484e-05 3.7731283640e+01
1.3673498202e-05 1.1572316802e-04 3.8249361483e+01
1.3141402705e-04 2.9876149714e-05 2.2930211647e+01
1.3213721950e-04 3.2245701855e-05 2.2934713342e+01
5.7639067220e-05 5.2031299970e-05 2.2731300412e+01
-8.1238870874e-05 7.9432545015e-05 3.7727899220e+01
1.9188249849e-04 2.9318002280e-05 1.8350216535e+01
1.2376510478e-04 2.9147840453e-05 2.2905224153e+01
9.6926202737e-05 7.8685722255e-06 2.3314656132e+01
1.2447841643e-04 3.1445452187e-05 2.2910118773e+01
2.5093736442e-04 9.2140413612e-05 1.4836724632e+01
3.3127447591e-05 1.1740826941e-04 3.8203682881e+01
1.1623611721e-04 2.8494867564e-05 2.2885415594e+01
1.5179899146e-04 1.1270339357e-04 1.7005820369e+01
1.1694279191e-04 3.0718369217e-05 2.2889089868e+01
4.7417917425e-05 1.1936802657e-04 3.5213050391e+01
1.9123442318e-04 2.6629760524e-05 1.8584688772e+01
-1.0977625188e-04 8.7756712139e-05 3.5781741721e+01
-4.5127204902e-05 5.2238578195e-05 4.2766754540e+01
1.0882187395e-04 2.7918989287e-05 2.2864895835e+01
1.0952612140e-04 3.0068266907e-05 2.2867782566e+01
5.6853740766e-05 4.9910351109e-05 2.2736237047e+01
-8.4230783237e-05 7.9467365305e-05 3.7657555735e+01
1.0151651615e-04 2.7417519160e-05 2.2845994229e+01
1.0222361684e-04 2.9495897584e-05 2.2846453496e+01
9.0254019117e-05 9.4467122474e-06 2.3750801696e+01
9.5031518793e-05 2.9001732163e-05 2.2827701563e+01
9.0755213402e-05 2.6805519199e-05 2.2826958720e+01
9.1474595505e-05 2.8781794579e-05 2.2820021506e+01
1.8404555267e-04 2.8391190938e-05 1.8723972446e+01
8.4434373094e-05 2.8394815179e-05 2.2810186861e+01
8.0211625410e-05 2.6341389260e-05 2.2822819429e+01
8.0951016825e-05 2.8226089124e-05 2.2808387384e+01
-3.9818835273e-05 2.5773878199e-05 4.7205378005e+01
-3.4197277684e-05 2.4218391729e-05 4.7015738820e+01
6.9867506227e-05 2.6003951418e-05 2.2916345605e+01
7.4052354368e-05 2.7935451126e-05 2.2814854600e+01
-3.2494705877e-05 2.5812895544e-05 4.6562630220e+01
8.9280576883e-05 7.8491460989e-06 2.4129615236e+01
7.0636783371e-05 2.7811532487e-05 2.2781731935e+01
-1.0517306118e-04 8.9583060358e-05 3.5533432363e+01
-2.8835804790e-05 2.5836371028e-05 4.6186700313e+01
-2.3152771849e-05 2.4289576839e-05 4.5812243842e+01
2.3755576355e-05 1.1753154007e-04 3.8724020029e+01
5.9561532194e-05 2.5728180373e-05 2.5473772110e+01
-1.5806563524e-05 2.4349378364e-05 4.4805944373e+01
6.3851646804e-05 2.7597166968e-05 2.3722185471e+01
-2.1522726420e-05 2.5892655664e-05 4.5315952869e+01
6.0445951528e-05 2.7495970735e-05 2.4657103177e+01
-8.5884622004e-05 7.7589929773e-05 3.7980277541e+01
-8.4744312550e-06 2.4421703027e-05 4.3622183419e+01
-1.4224429082e-05 2.5960802693e-05 4.4276336004e+01
4.9103854547e-05 2.5461051097e-05 2.8537887809e+01
-1.1616012524e-06 2.4506684186e-05 4.2253677055e+01
5.3577184599e-05 2.7296720754e-05 2.6648924499e+01
-6.9434487711e-06 2.6042091638e-05 4.3056418121e+01
4.2057653369e-05 2.5291368819e-05 3.0702480200e+01
6.1279411194e-06 2.4604906774e-05 4.0698422924e+01
5.0118054577e-05 2.7199656807e-05 2.7702677967e+01
3.4958576695e-05 2.5131095353e-05 3.2884022670e+01
1.3389547297e-05 2.4716690316e-05 3.8962200717e+01
2.4219876679e-05 2.4910137252e-05 3.6055636433e+01
3.1617183677e-07 2.6137355080e-05 4.1648939116e+01
5.1350544207e-05 5.1342542026e-05 2.2736460110e+01
4.3151200639e-05 2.7011334576e-05 2.9877968663e+01
7.5499727636e-06 2.6247223261e-05 4.0052576528e+01
3.6125048491e-05 2.6832591674e-05 3.2083477466e+01
1.4754573476e-05 2.6372867176e-05 3.8273620356e+01
1.8339634253e-05 2.6439424382e-05 3.7322307152e+01
2.9044419889e-05 2.6664942493e-05 3.4253789948e+01
2.5487916492e-05 2.6586587753e-05 3.5306888858e+01
-2.5843090310e-04 5.9857278492e-05 3.6203900699e+01
2.4122209606e-04 1.0442788713e-04 1.4691112223e+01
1.8339364926e-04 2.5764018428e-05 1.8975266782e+01
3.6081095633e-05 1.2041029447e-04 3.9946362388e+01
8.2678668527e-05 9.4153121792e-06 2.4851443892e+01
-1.2466029216e-04 7.8526879919e-05 3.7176630890e+01
-9.9421038912e-05 8.9422219738e-05 3.5619786843e+01
4.8233380160e-05 5.1029344984e-05 2.2730653024e+01
-9.0207535973e-05 7.9553161245e-05 3.7519167836e+01
8.1628023558e-05 7.8227161640e-06 2.5339625410e+01
-9.8208169668e-05 8.7429740054e-05 3.5965743823e+01
-9.3191803021e-05 7.9603369890e-05 3.7451797302e+01
1.7621982672e-04 2.7494661607e-05 1.9215421418e+01
2.4465780350e-04 1.0160645528e-04 1.4703489827e+01
4.7423266847e-05 4.8994883429e-05 2.2788856552e+01
3.1188842078e-05 1.1916734962e-04 3.9436983555e+01
1.5137644424e-04 1.0898756956e-04 1.7007274823e+01
7.5087462148e-05 9.3775414245e-06 2.6292989636e+01
-1.1985803162e-04 8.0292276815e-05 3.6923710256e+01
-9.3655350702e-05 8.9286022490e-05 3.5718996458e+01
-9.4896517896e-05 7.7731921916e-05 3.7773715325e+01
1.7230893969e-04 2.7059357395e-05 1.9513024697e+01
7.3962437836e-05 7.7917803561e-06 2.6862467659e+01
1.4763498749e-04 1.0753028834e-04 1.7010524511e+01
2.1668533862e-05 1.4776850948e-06 4.1528018240e+01
4.2050851593e-05 5.0466306784e-05 2.2829177677e+01
6.7477139820e-05 9.3358093130e-06 2.7997951925e+01
1.7164382743e-04 2.4528548802e-05 1.9781085710e+01
3.8974415787e-05 5.0213395581e-05 2.4043098424e+01
2.4410427630e-04 9.7827551303e-05 1.4801906565e+01
6.6281127248e-05 7.7577883947e-06 2.8627899902e+01
-1.1396530445e-04 8.0100926887e-05 3.7027706707e+01
2.1255479862e-05 1.1703984225e-04 3.8571110958e+01
1.4067971531e-04 1.0824168440e-04 1.7012279674e+01
3.8107513577e-05 4.8253024822e-05 2.5059946427e+01
-2.1958740708e-04 5.7167657653e-05 3.8485518230e+01
-1.1090744129e-04 8.9767765259e-05 3.5459617171e+01
-1.1281283255e-04 7.8146071631e-05 3.7395441596e+01
5.9846414710e-05 9.2918083378e-06 2.9897650557e+01
5.8581412589e-05 7.7208240793e-06 3.0571101796e+01
2.4353196236e-04 9.4055920137e-05 1.4901137700e+01
-2.2212267276e-04 5.5396902432e-05 3.8513907593e+01
-2.3135243339e-04 7.1972803909e-05 3.7162436680e+01
3.2746430480e-05 4.9740656026e-05 2.6917308584e+01
1.3384707413e-04 1.0887765094e-04 1.7009495414e+01
5.2197110889e-05 9.2482259734e-06 3.1927022914e+01
2.8728049436e-05 1.1859177496e-04 3.9169906395e+01
-1.2982120511e-04 8.8559632726e-05 3.5565905592e+01
3.1805267361e-05 4.7816108968e-05 2.7816830854e+01
-1.0805161786e-04 7.9932984665e-05 3.7139363752e+01
1.3349688232e-04 1.0536991280e-04 1.7001353154e+01
4.8364189221e-05 9.2255911600e-06 3.2971741109e+01
-1.0508670409e-04 7.9856137255e-05 3.7198312055e+01
4.7005209786e-05 7.6669220569e-06 3.3679830462e+01
2.6425097698e-05 4.9311817003e-05 2.9630258163e+01
-1.0386894499e-04 7.7916120268e-05 3.7577742152e+01
4.0681874514e-05 9.1798345379e-06 3.5084314636e+01
2.5414040253e-05 4.7419852466e-05 3.0433786027e+01
-9.9146462267e-05 7.9720672690e-05 3.7321363951e+01
3.9264760425e-05 7.6302238233e-06 3.5797337018e+01
2.0022768171e-05 4.8927450776e-05 3.2106193976e+01
3.2982340926e-05 9.1372726728e-06 3.7179949668e+01
1.6448283735e-04 2.6217826692e-05 2.0218911309e+01
-8.9147514377e-05 9.1158294868e-05 3.5477002547e+01
1.6380724244e-04 2.3754668086e-05 2.0485444238e+01
3.1510102914e-05 7.5967258217e-06 3.7885564982e+01
1.6794170416e-05 4.8750689392e-05 3.3244115373e+01
1.5664942411e-04 2.5422706329e-05 2.1055658792e+01
2.5266840170e-05 9.0969320440e-06 3.9209356561e+01
1.5685613576e-05 4.6901382246e-05 3.3922337217e+01
-8.5277042983e-05 8.5232749091e-05 3.6571927956e+01
2.3741848038e-05 7.5648752299e-06 3.9897406066e+01
1.5596095943e-04 2.3028697574e-05 2.1320159384e+01
-8.0761390329e-05 8.7113637871e-05 3.6330649686e+01
1.0291122139e-05 4.8430308131e-05 3.5311615431e+01
1.7536664507e-05 9.0593342923e-06 4.1131127912e+01
-1.3681103592e-04 3.7310349068e-05 4.5364777745e+01
1.4880397711e-04 2.4680831559e-05 2.2040595906e+01
1.5959651635e-05 7.5332186113e-06 4.1794339154e+01
1.8970186473e-05 3.0408654363e-06 4.1904156964e+01
7.0176208523e-06 4.8284578352e-05 3.6242461233e+01
1.4487761801e-04 2.4332042846e-05 2.2608828887e+01
-1.3208471050e-04 3.5598290265e-05 4.5879975002e+01
9.7972114428e-06 9.0265954188e-06 4.2912187438e+01
5.8189682261e-06 4.6470910958e-05 3.6825316355e+01
8.1692204675e-06 7.5060684532e-06 4.3544911805e+01
2.9278140410e-04 4.2486723258e-05 1.5633529570e+01
-1.2644627716e-04 3.7212990143e-05 4.5682838112e+01
1.4417305069e-04 2.2046996530e-05 2.2799836405e+01
4.3505079823e-07 4.8023328083e-05 3.7903942607e+01
-1.2510773451e-04 3.5538972886e-05 4.6086175261e+01
3.7007773040e-07 7.4812730712e-06 4.5130273063e+01
-8.2031537903e-07 4.6229933056e-05 3.8437560992e+01
3.4442133482e-04 4.9260511955e-05 1.3485798862e+01
-1.1950143031e-04 3.7155055122e-05 4.5870932019e+01
-5.7192118230e-06 8.9685057434e-06 4.5979156991e+01
-3.5100536252e-04 8.9988048085e-06 1.6991397784e+01
-6.1903384993e-06 4.7798761184e-05 3.9313741853e+01
-7.4362194229e-06 7.4593373409e-06 4.6539689500e+01
-1.1811119256e-04 3.5486962814e-05 4.6270738666e+01
3.0021524295e-04 3.9958239957e-05 1.5519352309e+01
-7.5003323433e-06 4.6023205809e-05 3.9807592732e+01
-1.3490156912e-05 8.9446767206e-06 4.7247260714e+01
-1.1253844021e-04 3.7104506753e-05 4.6037120472e+01
3.0355514592e-04 3.6825361964e-05 1.5543312107e+01
-1.1109700952e-04 3.5440829037e-05 4.6431837356e+01
-1.9155823162e-05 7.4316641707e-06 4.8319635828e+01
3.4395713840e-04 4.5295234220e-05 1.3632154799e+01
-1.4213840071e-05 4.5848154189e-05 4.0954769707e+01
-1.0555944470e-04 3.7061723622e-05 4.6178473997e+01
-2.5155370593e-05 8.9153576711e-06 4.8821054775e+01
3.0278960141e-04 3.3169882878e-05 1.5719638158e+01
-1.0206484122e-04 3.7042027664e-05 4.6238945531e+01
-2.9045608347e-05 8.9069150088e-06 4.9262091407e+01
1.3703900089e-04 2.3685131211e-05 2.2916817621e+01
5.4628903879e-05 1.2217583665e-04 3.2564055914e+01
-1.0054722505e-04 3.5385378101e-05 4.6621812784e+01
1.3634560630e-04 2.1478822591e-05 2.2922822529e+01
-3.0884063495e-05 7.4098690583e-06 4.9714449831e+01
-2.2895033766e-05 4.7379586693e-05 4.1879460424e+01
1.2930777528e-04 2.3111124373e-05 2.2912435119e+01
-2.4333913314e-05 4.5639071248e-05 4.2305211818e+01
1.2862431208e-04 2.0983001470e-05 2.2909249302e+01
-3.8705900553e-05 7.3977253588e-06 5.0447337780e+01
-9.3111394306e-05 3.8653513689e-05 4.5999738459e+01
-2.9617532696e-05 4.7261428654e-05 4.2583027060e+01
3.4728970137e-04 4.1814527025e-05 1.3528682115e+01
-4.4613741022e-05 8.8810039876e-06 5.0646798619e+01
1.2168481803e-04 2.2611068001e-05 2.2894972662e+01
1.3708765169e-05 1.4719794847e-06 4.3393753165e+01
-7.1992351012e-05 8.7031008435e-05 3.6550220435e+01
-9.1546141074e-05 3.6993017627e-05 4.6371831691e+01
-3.1105210820e-05 4.5531476486e-05 4.2990760431e+01
-4.6528855031e-05 7.3882171668e-06 5.1037492530e+01
-8.6144896142e-05 3.8629364069e-05 4.6053899497e+01
1.2100420695e-04 2.0557384996e-05 2.2894412912e+01
-5.2399377340e-05 8.8718044383e-06 5.1135072106e+01
-8.2657116793e-05 3.8619304718e-05 4.6065381272e+01
-3.6356494917e-05 4.7167598287e-05 4.3135940747e+01
-5.4352296652e-05 7.3805938156e-06 5.1498904682e+01
-3.7891912602e-05 4.5446650301e-05 4.3529426462e+01
-6.0185092355e-05 8.8647344451e-06 5.1505856863e+01
3.4680349810e-04 3.7871781080e-05 1.3656221121e+01
3.0486844993e-04 6.2286392631e-06 1.7463092162e+01
-3.0514789260e-04 5.6923506412e-05 3.4119436120e+01
-6.2174388364e-05 7.3761967919e-06 5.1845131534e+01
-8.1020052693e-05 3.6963523021e-05 4.6414629416e+01
-6.7975259920e-05 8.8576522336e-06 5.1773104402e+01
-4.4689507679e-05 4.5382227980e-05 4.3940949390e+01
-7.2186844690e-05 3.8605005023e-05 4.6023720927e+01
1.1416707930e-04 2.2186768760e-05 2.2879777427e+01
-6.9996318191e-05 7.3718866383e-06 5.2090070059e+01
3.1022091522e-04 3.0490621803e-05 1.5606965953e+01
1.1044463673e-04 2.1999383026e-05 2.2873587139e+01
-7.0485687504e-05 3.6956143594e-05 4.6341408358e+01
-5.1492881201e-05 4.5335928920e-05 4.4243409353e+01
-6.5198455053e-05 3.8606243425e-05 4.5921245506e+01
-7.7817980841e-05 7.3686956021e-06 5.2245792400e+01
1.0975296144e-04 2.0050550548e-05 2.2880927622e+01
-5.4895355589e-05 4.5318679938e-05 4.4358972035e+01
-6.3456074542e-05 3.6961400132e-05 4.6212769916e+01
-8.3542018614e-05 8.8519209746e-06 5.2043582748e+01
-5.6568021861e-05 4.3625767451e-05 4.4729752077e+01
1.0306733129e-04 2.1671728912e-05 2.2865969305e+01
3.5013217519e-04 3.4335772511e-05 1.3485996269e+01
-8.5637655222e-05 7.3667688256e-06 5.2323285617e+01
-5.8211130681e-05 3.8619970219e-05 4.5745600680e+01
-6.1702701894e-05 4.5297550016e-05 4.4527671028e+01
-9.1322080762e-05 8.8511723379e-06 5.2068733008e+01
1.0236490096e-04 1.9788858262e-05 2.2876605249e+01
-5.6418689525e-05 3.6975464187e-05 4.6006690385e+01
-9.3455354539e-05 7.3658840674e-06 5.2332258713e+01
-6.5108450408e-05 4.5291333913e-05 4.4584577681e+01
-5.1220996444e-05 3.8646625068e-05 4.5483938571e+01
-3.5308505052e-04 1.2791752723e-05 1.6711762477e+01
-9.9099501694e-05 8.8516105800e-06 5.2032440227e+01
-6.6848631192e-05 4.3604167016e-05 4.4945288937e+01
3.4961119028e-04 3.0422409676e-05 1.3578777887e+01
-4.6086025457e-05 4.0333174439e-05 4.4923889871e+01
-1.0127075140e-04 7.3659374092e-06 5.2280931275e+01
-7.1915616786e-05 4.5290843906e-05 4.4650215968e+01
1.1053237437e-05 3.0301065382e-06 4.3717130030e+01
-1.0687389289e-04 8.8531313953e-06 5.1941824516e+01
-4.4232456381e-05 3.8684835687e-05 4.5122299697e+01
-7.5319364270e-05 4.5294214102e-05 4.4662127781e+01
-1.0908353810e-04 7.3668492689e-06 5.2176028144e+01
9.5783498852e-05 2.1406372113e-05 2.2862309179e+01
-7.7124615403e-05 4.3610609274e-05 4.5015002388e+01
-3.7256721621e-05 3.8739184498e-05 4.4644732515e+01
9.5060857820e-05 1.9578586820e-05 2.2873133515e+01
-1.1689913786e-04 7.3667137209e-06 5.2022976060e+01
8.8585225237e-05 2.1192576320e-05 2.2860116211e+01
-1.2241146905e-04 8.8603440760e-06 5.1618498615e+01
-3.0291252642e-05 3.8810537757e-05 4.4033942417e+01
-8.5517864095e-05 4.5323806248e-05 4.4627219731e+01
-1.2629582304e-04 8.8612584726e-06 5.1510933087e+01
3.5292512639e-04 2.6829378527e-05 1.3283324758e+01
8.7837910474e-05 1.9412557494e-05 2.2870057823e+01
-8.7387015376e-05 4.3641971536e-05 4.4973486294e+01
-2.5318267799e-05 4.0545143245e-05 4.3227701577e+01
-1.2860382817e-04 7.3726641596e-06 5.1709893501e+01
-2.3333307304e-05 3.8898284252e-05 4.3271407057e+01
-9.2304545564e-05 4.5357675455e-05 4.4555463327e+01
-1.8430440711e-05 4.0658220055e-05 4.2358067083e+01
-1.3640335817e-04 7.3760738644e-06 5.1448832728e+01
-9.5696484546e-05 4.5376611377e-05 4.4508035562e+01
-1.4181068424e-04 8.8720006772e-06 5.0978278433e+01
8.1471033955e-05 2.1023983991e-05 2.2860234819e+01
-9.7627422256e-05 4.3695381150e-05 4.4848037516e+01
-1.4420050701e-04 7.3805543491e-06 5.1145681656e+01
8.0695571428e-05 1.9285152459e-05 2.2845672326e+01
-1.2947459418e-05 3.9075080000e-05 4.1803963440e+01
-1.0300953193e-04 4.2043963096e-05 4.5126814128e+01
-1.4956120383e-04 8.8788847995e-06 5.0649837574e+01
3.0943413941e-04 2.6847460276e-05 1.5803575801e+01
-8.1299245460e-06 4.0865568231e-05 4.0701891778e+01
3.0861968151e-04 2.3224729184e-05 1.6040655149e+01
7.4432273861e-05 2.0892405084e-05 2.3428783953e+01
-1.5199338893e-04 7.3859494163e-06 5.0798760473e+01
-6.0451843343e-06 3.9217495056e-05 4.0582611375e+01
-1.0783486457e-04 4.3769775575e-05 4.4659259155e+01
-1.5729859066e-04 8.8893699652e-06 5.0276722008e+01
7.3588449747e-05 1.9178298503e-05 2.4159859873e+01
-1.3084066519e-06 4.1040858820e-05 3.9338540361e+01
-1.0985246389e-04 4.2095987878e-05 4.4989659419e+01
2.0929611865e-06 4.1136732899e-05 3.8572789608e+01
-1.6116699313e-04 8.8941494018e-06 5.0072126840e+01
-1.1462286874e-04 4.3831454618e-05 4.4505542439e+01
3.1192249061e-04 2.0033056904e-05 1.6123327922e+01
5.7470460978e-06 1.4666985115e-06 4.5103891529e+01
4.2392688251e-06 3.9483440745e-05 3.8350315520e+01
-1.1668156369e-04 4.2156085993e-05 4.4830706282e+01
8.8600997766e-06 4.1353442421e-05 3.6868387840e+01
-1.2139164558e-04 4.3902619968e-05 4.4333474773e+01
6.7363248178e-05 2.0765532261e-05 2.5052577874e+01
1.2228510654e-05 4.1471766526e-05 3.5928140888e+01
-9.6101772338e-05 1.1778651488e-04 3.2680230920e+01
3.1108265305e-04 1.6430502710e-05 1.6453213267e+01
-1.2349150642e-04 4.2225123195e-05 4.4652826899e+01
1.4423359071e-05 3.9814115137e-05 3.5615113606e+01
6.6428482617e-05 1.9067147406e-05 2.5773902983e+01
-1.2813884128e-04 4.3983409659e-05 4.4145376507e+01
3.0693125499e-04 1.6030861276e-05 1.6577897609e+01
6.0238719830e-05 2.0637019971e-05 2.6865275141e+01
1.8926316009e-05 4.1732032041e-05 3.3874706497e+01
-9.7509754771e-05 6.8416426860e-05 3.9564596434e+01
-3.5267284886e-04 5.9587756947e-06 1.8732811966e+01
-1.3027771410e-04 4.2303898208e-05 4.4458068811e+01
2.1151783499e-05 4.0068844618e-05 3.3517297461e+01
-9.4411617132e-05 6.8373641329e-05 3.9633730011e+01
3.8057310273e-05 1.1870163911e-04 3.8237089653e+01
5.9219344633e-05 1.8953843714e-05 2.7617086548e+01
2.5559714047e-05 4.2026007522e-05 3.1606986902e+01
3.0276407860e-04 1.5649617074e-05 1.7137793680e+01
2.7827700043e-05 4.0351019248e-05 3.1223165108e+01
-8.9585337998e-05 7.0156454604e-05 3.9366601641e+01
-8.8200940931e-05 6.8297204585e-05 3.9768818573e+01
3.5371305565e-05 4.2528527419e-05 2.7887401200e+01
4.0058956201e-05 1.1702991592e-04 3.6513694363e+01
5.3062631824e-05 2.0509090778e-05 2.8848082518e+01
-8.3405304291e-05 7.0090557855e-05 3.9498825188e+01
3.7695810684e-05 4.0832430638e-05 2.7524972515e+01
5.1964238520e-05 1.8840885981e-05 2.9618193400e+01
3.5234598573e-04 2.2951548566e-05 1.3313497821e+01
-8.0308124458e-05 7.0061997225e-05 3.9562278065e+01
-8.7876149673e-05 8.9171358381e-05 3.5831836254e+01
4.1809206727e-05 4.2901728975e-05 2.5295403654e+01
4.5838836273e-05 2.0383776110e-05 3.0939138181e+01
4.4995649727e-05 4.3097589083e-05 2.4003078555e+01
-7.4409483974e-05 9.8887862961e-05 3.4501583095e+01
4.7372814548e-05 4.1374723630e-05 2.3728478935e+01
4.4666303032e-05 1.8730039915e-05 3.1713336660e+01
-8.6586762359e-05 8.7195673564e-05 3.6197499537e+01
-7.8857258834e-05 6.8213024880e-05 3.9955047855e+01
3.0200749433e-04 1.2383350714e-05 1.6972953947e+01
-6.5981452086e-05 9.8835877758e-05 3.4707836492e+01
-7.0248816471e-05 9.6855602507e-05 3.4917938240e+01
-6.4595217297e-05 9.6834865054e-05 3.5072368959e+01
5.1318666750e-05 4.3522511561e-05 2.2728191154e+01
3.1325558675e-06 3.0203027826e-06 4.5368954808e+01
-7.4114353446e-05 7.0022284885e-05 3.9679038690e+01
-5.8943011662e-05 9.6843424945e-05 3.5245814022e+01
5.4504819184e-05 4.3760579713e-05 2.2742676840e+01
4.2083197610e-05 1.1539474666e-04 3.4734822699e+01
-5.4752410411e-05 9.8868613554e-05 3.5059194630e+01
-5.3294569158e-05 9.6881888316e-05 3.5436955444e+01
3.0116566087e-05 1.0585387391e-04 3.3958592501e+01
5.6954164566e-05 4.2008710711e-05 2.2754191091e+01
-4.9145609468e-05 9.8931497462e-05 3.5265778072e+01
-4.7652142914e-05 9.6952191720e-05 3.5643190935e+01
-7.2620183277e-05 6.8179741467e-05 4.0060885140e+01
-4.3546926735e-05 9.9028176963e-05 3.5489807373e+01
-4.2017971219e-05 9.7056666652e-05 3.5860491407e+01
-3.7958570643e-05 9.9161243675e-05 3.5727043611e+01
-3.6394281306e-05 9.7198076363e-05 3.6083048820e+01
3.8570971505e-05 2.0263123525e-05 3.3074162987e+01
6.0930367884e-05 4.4298840942e-05 2.2743089520e+01
1.8812830899e-04 1.4459228289e-04 1.4589494451e+01
-3.0785369968e-05 9.7380794948e-05 3.6302633444e+01
-3.2384667046e-05 9.9334922093e-05 3.5971027812e+01
3.5170873885e-04 1.9118289252e-05 1.3343810871e+01
-2.5189355307e-05 9.7606316638e-05 3.6509087304e+01
-2.6823569296e-05 9.9550408165e-05 3.6213654791e+01
-6.7913476617e-05 7.0002710517e-05 3.9778398131e+01
6.4177298343e-05 4.4596424701e-05 2.2747209684e+01
-1.9610493693e-05 9.7880120998e-05 3.6688354119e+01
-2.1279338345e-05 9.9812978504e-05 3.6443070201e+01
-1.5752043270e-05 1.0012618604e-04 3.6644308342e+01
3.7328842298e-05 1.8623465554e-05 3.3839430531e+01
-1.4048768298e-05 9.8206068373e-05 3.6823063794e+01
2.4839442027e-05 1.0480764492e-04 3.4882742663e+01
-1.0247977962e-05 1.0049777443e-04 3.6797700273e+01
-8.5108594156e-06 9.8592111678e-05 3.6891322851e+01
3.0131868515e-04 9.3312533468e-06 1.7148875986e+01
-4.7673245711e-06 1.0093271345e-04 3.6879609238e+01
2.2200927536e-05 1.0432741048e-04 3.5274148281e+01
1.8768853470e-05 1.0166104286e-04 3.5295022452e+01
-2.9969188606e-06 9.9043569604e-05 3.6867549205e+01
2.6792634076e-05 1.0305876658e-04 3.3930366811e+01
6.8762838692e-07 1.0143792500e-04 3.6861950324e+01
1.6871603329e-05 1.0345674909e-04 3.5931453345e+01
1.3374088807e-05 1.0086767649e-04 3.5957244994e+01
2.4906449230e-06 9.9567679069e-05 3.6722779707e+01
6.1144789559e-06 1.0202110902e-04 3.6714532654e+01
1.1508371996e-05 1.0269176192e-04 3.6410364975e+01
7.9493272166e-06 1.0017245486e-04 3.6427570360e+01
1.8436543809e-04 1.4709769547e-04 1.4568134686e+01
6.6710326102e-05 4.2814459589e-05 2.2756929169e+01
-6.6376385044e-05 6.8166712159e-05 4.0144801063e+01
3.1263097735e-05 2.0148878435e-05 3.5192177322e+01
1.8030106318e-04 1.4200011318e-04 1.4855703030e+01
7.0732477773e-05 4.5256986172e-05 2.2757891762e+01
2.9955587246e-05 1.8522761739e-05 3.5937667423e+01
1.7174825133e-04 1.2781029491e-04 1.5557405912e+01
-6.1710990149e-05 7.0006316698e-05 3.9852959479e+01
7.4048612306e-05 4.5616973237e-05 2.2765077746e+01
1.7653072215e-04 1.4444976640e-04 1.4851713932e+01
7.6671198351e-05 4.3802541651e-05 2.2773525442e+01
-5.8605548825e-05 7.0013992007e-05 3.9878940077e+01
1.6816181043e-04 1.3018661881e-04 1.5626463499e+01
4.9508420486e-05 1.1784426098e-04 3.2734738859e+01
8.0750395930e-05 4.6404506249e-05 2.2782270762e+01
3.5495303170e-04 1.5475675435e-05 1.2715264722e+01
8.4144300998e-05 4.6828741865e-05 2.2792306935e+01
8.6861727242e-05 4.4979305434e-05 2.2801574824e+01
-5.7005302980e-05 6.8187308309e-05 4.0212217616e+01
2.3920226663e-05 2.0044136823e-05 3.7238803417e+01
-5.2404693816e-05 7.0052633554e-05 3.9900036328e+01
2.0232900212e-05 1.9992620055e-05 3.8222933126e+01
3.2744716942e-05 1.0642488948e-04 3.3422119694e+01
9.1009959560e-05 4.7746092079e-05 2.2814422808e+01
9.4490360549e-05 4.8235608433e-05 2.2826084342e+01
1.8833457947e-05 1.8384952919e-05 3.8924403673e+01
-4.9300764772e-05 7.0078955653e-05 3.9893169445e+01
9.7297094362e-05 4.6351038517e-05 2.2836862112e+01
3.5422465997e-04 1.1710946350e-05 1.2637090643e+01
1.0154570207e-04 4.9280324293e-05 2.2850589480e+01
-4.7638858624e-05 6.8261307243e-05 4.0178750872e+01
1.1387643673e-05 1.8303008483e-05 4.0751124715e+01
1.0441251372e-04 4.7369591082e-05 2.2861606601e+01
-2.2162691249e-06 1.4618735883e-06 4.6642010229e+01
1.4984627971e-04 1.4149737804e-04 1.6470748068e+01
-4.3106618953e-05 7.0157667623e-05 3.9834569685e+01
4.7742666325e-05 1.0833001171e-04 2.7766887394e+01
4.5672734357e-05 1.0987552411e-04 2.9812312729e+01
1.0872644930e-04 5.0414392030e-05 2.2876758925e+01
4.3117752139e-05 1.0909900673e-04 3.0680362939e+01
3.9967532648e-05 1.0604864255e-04 3.0580230932e+01
5.0784647304e-05 1.1156976765e-04 2.7753437176e+01
1.2465478846e-04 1.2561080034e-04 1.7055662393e+01
-4.0007502024e-05 7.0205460048e-05 3.9779750354e+01
5.2860758927e-05 1.1009728628e-04 2.5613889271e+01
1.4609152269e-04 1.3980292857e-04 1.7053480695e+01
6.7969789286e-05 1.1676367498e-04 2.1434483227e+01
1.3489650911e-04 1.2338558478e-04 1.7034389857e+01
3.7952673894e-05 1.0768099529e-04 3.2186730265e+01
7.2960116329e-05 1.1676034564e-04 2.1592816999e+01
1.1167179670e-04 4.8470932736e-05 2.2886460775e+01
1.4233243881e-04 1.3431581372e-04 1.7012573021e+01
6.3209131685e-05 1.1684404137e-04 2.0768718713e+01
5.7904351412e-05 1.1209502520e-04 2.2114543825e+01
6.0754829137e-05 1.1566616491e-04 2.1854600033e+01
1.3149846056e-04 1.2538907891e-04 1.7045922052e+01
-2.2818773887e-04 8.7289093235e-05 3.6301720628e+01
1.1603719402e-04 5.1638524810e-05 2.2903334398e+01
5.5812279453e-05 1.1349142133e-04 2.5624781669e+01
1.3871216036e-04 1.3259502694e-04 1.7027569615e+01
1.2128485799e-04 1.2388123600e-04 1.7039779841e+01
1.1975397575e-04 5.2279184125e-05 2.2913838155e+01
-3.8285797299e-05 6.8396994491e-05 3.9999636361e+01
2.6397792306e-04 1.0238615151e-04 1.4339038173e+01
1.0496916208e-04 1.1890019963e-04 2.2454032119e+01
1.2279734207e-04 5.0287428426e-05 2.2923756537e+01
-3.3826974322e-05 7.0330551216e-05 3.9606978746e+01
1.0181865168e-04 1.2050931713e-04 2.3067727265e+01
8.6551243813e-05 1.1848124812e-04 2.2163194007e+01
9.5527227521e-05 1.2033040190e-04 2.2594772678e+01
9.2311688631e-05 1.1552645596e-04 2.2470649079e+01
1.1148973144e-04 1.2576162990e-04 1.7000430897e+01
-3.0736316176e-05 7.0403342103e-05 3.9484536904e+01
1.2730305610e-04 5.3622781627e-05 2.2919138847e+01
8.3658664139e-05 1.1691611668e-04 2.2057728777e+01
8.0637409001e-05 1.1255081707e-04 2.2089423989e+01
1.0829464814e-04 1.2402222898e-04 1.7994421036e+01
1.3040688708e-04 5.1596609129e-05 2.3021510176e+01
5.4273491783e-06 1.9816705613e-05 4.1788568111e+01
3.9167516663e-06 1.8230452658e-05 4.2416940473e+01
1.3497099345e-04 5.5046621234e-05 2.1988147087e+01
-2.8957123397e-05 6.8604483057e-05 3.9616850120e+01
-2.0093884719e-06 1.9745508592e-05 4.3316424153e+01
1.3811148390e-04 5.2974423353e-05 2.1567577520e+01
-2.4577136856e-05 7.0582640257e-05 3.9153096076e+01
-5.7393832048e-06 1.9711019239e-05 4.4013720825e+01
1.4260808643e-04 5.6531125900e-05 2.0429591872e+01
-2.1499059677e-05 7.0684760458e-05 3.8937867040e+01
1.4642215180e-04 5.7285829154e-05 1.9739937509e+01
-7.3266677817e-06 1.8138097402e-05 4.4585139547e+01
1.4958293314e-04 5.5143237110e-05 1.9496771960e+01
-1.9665323178e-05 6.8896140053e-05 3.8956428398e+01
1.5403161026e-04 5.8817721436e-05 1.8576642426e+01
-1.5370069670e-05 7.0927773388e-05 3.8391344615e+01
1.5720672130e-04 5.6626946126e-05 1.8447077851e+01
-1.2309343622e-05 7.1064431040e-05 3.8051705896e+01
1.6159275164e-04 6.0373862312e-05 1.7711903699e+01
1.6537806630e-04 6.1146464235e-05 1.7404032284e+01
1.7241107408e-04 5.9614516029e-05 1.7161388061e+01
-4.7911654930e-06 3.0115015011e-06 4.6846095337e+01
1.7565722528e-04 5.7319698197e-05 1.7210044418e+01
-1.0424877416e-05 6.9286835178e-05 3.7925697833e+01
1.8003053847e-04 6.1101968094e-05 1.6999249507e+01
1.8331452923e-04 5.8750658302e-05 1.7008732340e+01
-6.2208591114e-06 7.1382495153e-05 3.7219824808e+01
1.8774645959e-04 6.2695023028e-05 1.7028267876e+01
-1.3200613524e-05 1.9654322025e-05 4.5269234064e+01
-1.6942040401e-05 1.9626806119e-05 4.5831239897e+01
-3.1830964566e-06 7.1559850854e-05 3.6716690376e+01
-1.8601752077e-05 1.8064353990e-05 4.6348774279e+01
-2.4423801847e-05 1.9581584327e-05 4.6824025943e+01
-1.2528924625e-06 6.9794095638e-05 3.6410382493e+01
2.8526473188e-06 7.1966261973e-05 3.5513152105e+01
3.4730147638e-05 1.0474184571e-04 3.2097535234e+01
5.8607467695e-06 7.2191487647e-05 3.4798735265e+01
-1.3336533314e-04 3.7280068018e-05 4.5474547905e+01
-1.0103261431e-04 4.3717581274e-05 4.4791389599e+01
7.8301266869e-06 7.0438229688e-05 3.4271072558e+01
1.1829078640e-05 7.2701639059e-05 3.3118102978e+01
1.4799444749e-05 7.2982994011e-05 3.2133836650e+01
-3.1914686955e-05 1.9546723324e-05 4.7653267656e+01
-3.5667940523e-05 1.9529273997e-05 4.8011644656e+01
1.6799345922e-05 7.1242423017e-05 3.1337401486e+01
-3.7440315005e-05 1.7979748840e-05 4.8451267420e+01
2.8465471323e-04 1.1439366443e-04 1.3401020925e+01
2.0682646624e-05 7.3614523629e-05 2.9845535238e+01
-4.3167842727e-05 1.9503015457e-05 4.8621055566e+01
-4.4982678411e-05 1.7957275810e-05 4.9034279391e+01
-1.0180846808e-05 1.4575159155e-06 4.8000412420e+01
2.5624429131e-05 7.2232773584e-05 2.7396349859e+01
2.9382004239e-05 7.4734384427e-05 2.5477786900e+01
3.2244723767e-05 7.5157629951e-05 2.3579121484e+01
3.4270293020e-05 7.3438144102e-05 2.2497548010e+01
3.7931055370e-05 7.6089549418e-05 2.2724841192e+01
-9.7889305076e-05 7.7789540869e-05 3.7706842542e+01
-5.0669854352e-05 1.9485619854e-05 4.9100973652e+01
4.5007916404e-05 7.3143979783e-05 2.2677380301e+01
-5.4426958005e-05 1.9476283453e-05 4.9297852747e+01
-6.1933461547e-05 1.9464200348e-05 4.9611642440e+01
5.1631259365e-05 7.6545490744e-05 2.2643748988e+01
5.5278740619e-05 7.9530000674e-05 2.2614819321e+01
-6.3853731527e-05 1.7923909511e-05 4.9970644169e+01
5.7531539102e-05 7.7805427964e-05 2.2626123402e+01
4.9443876885e-05 7.8266347909e-05 2.2638022282e+01
6.1176950556e-05 8.0917976641e-05 2.2598364176e+01
6.3500141650e-05 7.9189990298e-05 2.2615252811e+01
7.5074492531e-05 7.9753426720e-05 2.2640991170e+01
6.7146626858e-05 8.2440475755e-05 2.2590396429e+01
9.1048738073e-05 8.4292010070e-05 2.2721737396e+01
8.8324322983e-05 8.6089202156e-05 2.2688255061e+01
8.1368097805e-05 8.1464782058e-05 2.2663754610e+01
7.8797704239e-05 8.3232128269e-05 2.2632297818e+01
8.5131052837e-05 8.5098293366e-05 2.2661983214e+01
-6.9440652148e-05 1.9457336451e-05 4.9830941518e+01
-1.3365832280e-04 4.2347819462e-05 4.4354716201e+01
-7.6945124308e-05 1.9454792785e-05 4.9967951351e+01
-7.8946934354e-05 1.7916475615e-05 5.0293412780e+01
-1.2717278341e-05 3.0037094338e-06 4.8143340541e+01
-8.4446372183e-05 1.9455975126e-05 5.0033650918e+01
-9.1943009998e-05 1.9460607880e-05 5.0037590415e+01
-9.4026409954e-05 1.7922311893e-05 5.0335824327e+01
-1.3583674839e-04 4.0675299008e-05 4.4658423626e+01
-9.9434233420e-05 1.9468306523e-05 4.9987970693e+01
-1.0691871524e-04 1.9478951810e-05 4.9891574190e+01
1.0847780308e-04 9.2810570712e-05 2.2880256142e+01
1.0450532815e-04 8.8567407326e-05 2.2829308946e+01
-1.3803769193e-04 3.9009976268e-05 4.4956385586e+01
-1.0908425987e-04 1.7939133160e-05 5.0166246478e+01
9.8714447111e-05 9.2240364805e-05 2.2758075380e+01
9.5397345743e-05 9.1086266631e-05 2.2724566517e+01
-1.6681045038e-05 3.0001842396e-06 4.8724775302e+01
-1.1439569305e-04 1.9492307169e-05 4.9753862877e+01
1.2684936843e-04 1.0600099165e-04 1.7064530632e+01
1.1342163099e-04 1.0370667888e-04 2.2173199210e+01
1.2030319471e-04 1.0656311766e-04 1.7784394294e+01
1.1652442386e-04 1.0184084894e-04 2.0939516284e+01
-1.2186380798e-04 1.9508403701e-05 4.9578947684e+01
-1.2411285862e-04 1.7965754887e-05 4.9830959483e+01
-9.6615364547e-05 7.5872514463e-05 3.8098301150e+01
-1.2932222720e-04 1.9527150280e-05 4.9369677769e+01
-9.8354664717e-05 7.4021237262e-05 3.8425896772e+01
-1.3161377946e-04 1.7982649179e-05 4.9609770472e+01
-9.7065292742e-05 7.2126247362e-05 3.8825346479e+01
-1.3676942514e-04 1.9548731110e-05 4.9127603948e+01
-1.3910402372e-04 1.8002112701e-05 4.9354840816e+01
-1.4420428155e-04 1.9573211600e-05 4.8853026904e+01
-9.8828362186e-05 7.0296387559e-05 3.9157663673e+01
-2.2161037398e-05 1.4595832598e-06 4.9704609823e+01
-1.4658261144e-04 1.8024396793e-05 4.9065971603e+01
-1.5162085632e-04 1.9603711691e-05 4.8544553641e+01
-1.5533127718e-04 1.9616502236e-05 4.8377447847e+01
-3.2584290068e-04 4.2447431559e-05 1.6937655229e+01
-1.5777935584e-04 1.8062327730e-05 4.8565327311e+01
-3.2595770452e-04 3.7288849902e-05 1.6999393546e+01
-1.6898802458e-04 1.3454188095e-05 4.8824541719e+01
-1.7276175073e-04 1.3469717817e-05 4.8590639310e+01
-1.7771976485e-04 1.5033159861e-05 4.7989385107e+01
-2.4609663817e-05 2.9938513336e-06 4.9756865302e+01
-1.8293594829e-04 1.1964638046e-05 4.8144414810e+01
-1.8632344358e-04 1.6633056147e-05 4.7084947439e+01
-1.6366125714e-04 7.3976856181e-06 5.0188418722e+01
-1.9376799100e-04 1.6676663084e-05 4.6459407963e+01
4.8408364297e-05 1.3174076563e-04 5.7638234233e+01
-1.9842564277e-04 1.8292942750e-05 4.5758410193e+01
-1.6615970491e-04 5.9062764111e-06 5.0289429217e+01
-3.1160626051e-04 4.4168154759e-05 1.7233023748e+01
-2.0669296339e-04 1.3604075759e-05 4.5618016479e+01
-3.0127305894e-05 1.4564639928e-06 5.0623512391e+01
-2.1041066778e-04 1.3633312457e-05 4.5152890058e+01
-3.0960846938e-04 4.2598377940e-05 1.7201503179e+01
-2.1700412223e-04 1.2102071846e-05 4.4446364882e+01
-2.2074295775e-04 1.2130596142e-05 4.3850119733e+01
-2.5978545413e-04 7.2780839702e-05 3.7611364341e+01
-2.2601862362e-04 1.5357663508e-05 4.2510067596e+01
-3.0884455579e-04 3.8469195851e-05 1.7156852233e+01
-2.3032597791e-04 1.7036898110e-05 4.1469355914e+01
-2.3391452180e-04 1.7095832568e-05 4.0702593655e+01
-3.0790984391e-04 3.4442179833e-05 1.7172283372e+01
-2.4613260137e-04 1.0769788719e-05 3.8088146040e+01
-2.5033083523e-04 1.2447681998e-05 3.6504027631e+01
-3.2539332643e-05 2.9884215212e-06 5.0622357682e+01
-2.5351380870e-04 1.0865518870e-05 3.5446946122e+01
-2.5752163882e-04 1.2596708645e-05 3.3621862355e+01
-2.7805297344e-04 6.3635552328e-06 2.2167987942e+01
-3.6504428452e-05 2.9860234116e-06 5.0996217821e+01
-3.1462045000e-04 2.7339769118e-05 1.7081473227e+01
-2.9082682477e-04 4.3726701513e-05 1.8675215613e+01
1.9314610546e-04 5.1693666978e-05 1.7087817230e+01
-2.3913813444e-05 1.2728631723e-04 3.1879567606e+01
1.9251878425e-04 4.8709985587e-05 1.7234750315e+01
1.8538785471e-04 5.0396415815e-05 1.7295646886e+01
-2.8860935633e-04 4.2721338773e-05 1.9572246175e+01
-1.8913886166e-05 1.2763860688e-04 3.2991321791e+01
1.8474089951e-04 4.7443042218e-05 1.7456701716e+01
-4.2077306519e-05 1.4525297556e-06 5.1706982345e+01
1.7765936671e-04 4.9093815507e-05 1.7615501180e+01
1.7379035217e-04 4.8427438723e-05 1.7845092186e+01
-2.8944696291e-05 1.2698965854e-04 3.1792104489e+01
1.7311688897e-04 4.5541346656e-05 1.8069627282e+01
-2.8638036739e-04 4.1773474044e-05 2.0792346077e+01
1.6608189541e-04 4.7131393253e-05 1.8437477410e+01
1.6221812201e-04 4.6477293151e-05 1.8819520223e+01
3.3304260381e-06 1.2928506130e-04 4.3245569521e+01
4.8829432355e-06 1.2716120806e-04 4.1745422107e+01
1.6151752217e-04 4.3674415519e-05 1.9106612558e+01
-3.0793721536e-04 2.8004714789e-05 1.7096209415e+01
1.5449942862e-04 4.5207656092e-05 1.9744636678e+01
-5.1534086458e-05 1.2525767332e-04 3.1975521673e+01
1.5377955076e-04 4.2466975177e-05 2.0056369821e+01
1.4676939432e-04 4.3977825674e-05 2.0884029015e+01
-5.6727117908e-05 1.2483257544e-04 3.2044422835e+01
1.4602853765e-04 4.1303741118e-05 2.1209369663e+01
1.3902165542e-04 4.2802323163e-05 2.2214838248e+01
1.3513225563e-04 4.2227936476e-05 2.2953479321e+01
1.3436306822e-04 3.9657794480e-05 2.3017527444e+01
1.2742714694e-04 4.1140143567e-05 2.2936298794e+01
1.2667198093e-04 3.8641935553e-05 2.2921895185e+01
1.1985848815e-04 4.0125943621e-05 2.2907594481e+01
-2.8114200875e-04 4.2377901707e-05 2.4861581410e+01
1.1911251278e-04 3.7699378647e-05 2.2902406172e+01
-5.2007144093e-05 5.9206521748e-05 4.1759345625e+01
1.1242354430e-04 3.9187915901e-05 2.2884913971e+01
1.1168290401e-04 3.6832585747e-05 2.2879389681e+01
1.0511664693e-04 3.8328224237e-05 2.2861023636e+01
2.9588888029e-05 1.3164499740e-04 5.3256278441e+01
-7.5537030516e-05 1.2294521919e-04 3.2321085731e+01
1.0437802337e-04 3.6043816823e-05 2.2855659711e+01
-5.0449078051e-05 6.1000733475e-05 4.1422273993e+01
9.7932286281e-05 3.7548439844e-05 2.2837163324e+01
-4.5551920952e-05 5.9263479640e-05 4.1603294078e+01
-4.4434914359e-05 2.9818178509e-06 5.1634223325e+01
9.7192502213e-05 3.5335183846e-05 2.2832819977e+01
-3.0159007804e-04 2.8695775017e-05 1.7103974899e+01
-4.4010858128e-05 6.1078139006e-05 4.1264204852e+01
9.0866392348e-05 3.6854239764e-05 2.2813745002e+01
-4.0830476432e-05 6.1111910818e-05 4.1156375405e+01
8.7369709159e-05 3.6530621544e-05 2.2804316775e+01
-3.5887715397e-05 5.9396853105e-05 4.1198976611e+01
-3.4412030196e-05 6.1224923942e-05 4.0858876752e+01
8.6622988710e-05 3.4422134652e-05 2.2800266379e+01
-3.1248279452e-05 6.1276990222e-05 4.0671539679e+01
8.0471678361e-05 3.5956631942e-05 2.2784096376e+01
-2.6248379709e-05 5.9594967962e-05 4.0531660571e+01
7.7053652351e-05 3.5692669061e-05 2.2776972789e+01
-2.4843588792e-05 6.1440455194e-05 4.0186510627e+01
-2.1692294773e-05 6.1517818405e-05 3.9893417879e+01
7.6294851476e-05 3.3684021452e-05 2.2775114318e+01
-1.6651917381e-05 5.9869386102e-05 3.9522003282e+01
7.0305492905e-05 3.5234302859e-05 2.2762714693e+01
-1.5320044537e-05 6.1736723578e-05 3.9164815220e+01
1.3963999250e-04 7.5777583534e-05 1.8538602873e+01
6.6958489287e-05 3.5026418907e-05 2.2753643486e+01
-1.2186576892e-05 6.1843767092e-05 3.8735040222e+01
-2.9899092919e-04 2.7834231757e-05 1.7103703078e+01
6.6181704745e-05 3.3109013880e-05 2.2778680330e+01
-7.1154013715e-06 6.0233233677e-05 3.8074690446e+01
-5.8586434950e-06 6.2127687335e-05 3.7694373618e+01
6.0344313593e-05 3.4674370275e-05 2.2683726302e+01
-2.7586768466e-04 4.3142335184e-05 2.8037928320e+01
-2.7494509120e-06 6.2269426573e-05 3.7091062012e+01
5.7060399262e-05 3.4516980741e-05 2.3029744743e+01
4.1066764317e-05 1.3312581253e-04 6.1212141626e+01
5.6239184637e-05 3.2672773222e-05 2.4050479979e+01
3.5198088614e-06 6.2629169075e-05 3.5657523858e+01
5.0475062761e-05 3.4233076557e-05 2.5250719625e+01
1.1690905124e-05 6.1289761032e-05 3.3405143650e+01
4.7141837218e-05 3.4090673917e-05 2.6399679093e+01
1.2789926822e-05 6.3258581000e-05 3.2918001196e+01
4.6188445811e-05 3.2285273691e-05 2.7302534728e+01
1.5825262964e-05 6.3486864878e-05 3.1832699794e+01
4.0430197485e-05 3.3824998140e-05 2.8714406156e+01
2.0904773114e-05 6.2015450055e-05 2.9918081340e+01
2.1920502478e-05 6.4034386274e-05 2.9322347136e+01
3.9396899084e-05 3.2043367525e-05 2.9588890768e+01
-9.3519033113e-05 1.2065541122e-04 3.2630179656e+01
4.5942896588e-05 1.3338619141e-04 6.2859184523e+01
2.4905528014e-05 6.4315408572e-05 2.7918571994e+01
3.3642633297e-05 3.3576907579e-05 3.1037336780e+01
2.9947512153e-05 6.2895200093e-05 2.5490146643e+01
3.0873016619e-05 6.4975043348e-05 2.4765432672e+01
3.2533866784e-05 3.1818178296e-05 3.1869542709e+01
3.3788624380e-05 6.5314347245e-05 2.2848005748e+01
2.6792990836e-05 3.3351853463e-05 3.3291618666e+01
1.2732570887e-04 8.4204639812e-05 2.0278112818e+01
3.8814516998e-05 6.3945814261e-05 2.2732489165e+01
2.3338707725e-05 3.3241231455e-05 3.4378607832e+01
3.9682125777e-05 6.6100748739e-05 2.2696149686e+01
-2.9447655795e-04 2.3978724228e-05 1.7074540062e+01
4.2617803938e-05 6.6507509113e-05 2.2708990766e+01
2.2125021590e-05 3.1513422906e-05 3.5136386529e+01
1.6409883403e-05 3.3046694153e-05 3.6428672472e+01
4.8589866552e-05 6.7437794364e-05 2.2691717238e+01
5.1568705741e-05 6.7917853708e-05 2.2687894850e+01
1.2917850955e-05 3.2951946011e-05 3.7391547833e+01
5.6843966423e-05 6.6673922087e-05 2.2688585146e+01
5.7636015645e-05 6.9002345607e-05 2.2675900600e+01
1.1608844052e-05 3.1250455018e-05 3.8073069937e+01
6.0667942275e-05 6.9561027693e-05 2.2676233313e+01
5.9190594564e-06 3.2785334681e-05 3.9166481713e+01
6.6096644290e-05 6.8383055290e-05 2.2686947811e+01
6.6852073685e-05 7.0810555105e-05 2.2673438203e+01
6.9948699835e-05 7.1453128686e-05 2.2679726944e+01
4.5511694304e-06 3.1099185335e-05 3.9800072121e+01
7.5557228349e-05 7.0341653685e-05 2.2700857629e+01
7.6257141048e-05 7.2858561375e-05 2.2691002583e+01
-1.1199776384e-06 3.2639880563e-05 4.0740972307e+01
8.1995640576e-05 7.1792138309e-05 2.2720551398e+01
8.2675446483e-05 7.4387788324e-05 2.2712410468e+01
-2.5444999345e-06 3.0967684078e-05 4.1330473979e+01
8.8552223188e-05 7.3363311633e-05 2.2750037535e+01
8.9237505677e-05 7.6063573202e-05 2.2742498697e+01
9.2541196763e-05 7.6919783996e-05 2.2764992535e+01
-8.1897786486e-06 3.2514505192e-05 4.2113256084e+01
9.8655346797e-05 7.5951840248e-05 2.2808532060e+01
9.9301204164e-05 7.8765461735e-05 2.2807368007e+01
1.0557788842e-04 7.7832721020e-05 2.2852566828e+01
1.0623974888e-04 8.0766627396e-05 2.2853989122e+01
-9.6684520286e-06 3.0854604672e-05 4.2662949282e+01
1.0974479971e-04 8.1783773458e-05 2.2877500501e+01
1.1629420964e-04 8.0891180829e-05 2.2878674333e+01
-1.5285009994e-05 3.2408083066e-05 4.3289853746e+01
-5.0044124690e-05 1.4503544568e-06 5.2251993354e+01
1.1693543943e-04 8.3954002121e-05 2.2960646368e+01
-1.6815681338e-05 3.0758894328e-05 4.3804108735e+01
-2.2400859023e-05 3.2319267910e-05 4.4282231677e+01
-2.3981730784e-05 3.0679719866e-05 4.4765199106e+01
-2.9529115612e-05 3.2250494905e-05 4.5103773989e+01
-3.3107799548e-05 3.2216296020e-05 4.5457730768e+01
-3.4761540458e-05 3.0588609928e-05 4.5901050624e+01
-4.0243964830e-05 3.2169486910e-05 4.6054015536e+01
-2.8497580892e-04 2.6637095314e-05 1.6956541386e+01
-2.6425737220e-04 5.1876852395e-05 3.4236060185e+01
-2.8227545579e-04 2.6073800067e-05 1.7305374961e+01
-2.6182942091e-04 5.1224036742e-05 3.4514463375e+01
4.0000103832e-05 7.4370208083e-05 2.2680315619e+01
6.5388697913e-05 1.3936065775e-04 6.8842070175e+01
-1.1726577938e-04 1.1711590802e-04 3.3106153265e+01
-2.5991707967e-04 4.6122258330e-05 3.4021065702e+01
4.2102121733e-05 7.2641585934e-05 2.2687342889e+01
-2.7957084816e-04 2.5554335832e-05 1.9710791751e+01
-5.2365530865e-05 2.9783324556e-06 5.2137600459e+01
-2.5708066823e-04 4.7798476232e-05 3.4839151800e+01
6.9166436826e-05 1.4185094860e-04 2.0450028083e+01
-1.2244934130e-04 1.1634397151e-04 3.3219473459e+01
-2.7045359666e-04 2.8366232407e-05 2.6823017654e+01
3.2211321779e-04 1.0700749152e-04 1.2316716874e+01
-2.6442712054e-04 2.9639779648e-05 3.0170064674e+01
7.9845870096e-05 1.5014336779e-04 1.9845574756e+01
-2.6172176000e-04 2.7302294696e-05 3.1266295589e+01
-5.8010898599e-05 1.4484955920e-06 5.2671437472e+01
-2.4361598905e-04 5.4176272710e-05 3.7048857421e+01
-7.7844618196e-05 5.9181757411e-05 4.1790166728e+01
-8.5687064880e-05 6.1028536971e-05 4.1306030688e+01
-6.6468844468e-05 6.0948267295e-05 4.1521631467e+01
-7.6076778685e-05 6.0972653062e-05 4.1445639266e+01
-6.8169402571e-05 5.9155544088e-05 4.1864223639e+01
-6.3290227973e-05 6.0941049436e-05 4.1529356416e+01
-8.2502799969e-05 6.0999299961e-05 4.1359408904e+01
-5.8474125511e-05 5.9171063140e-05 4.1843662897e+01
-7.2899296709e-05 6.0952208403e-05 4.1480793008e+01
-5.6867346945e-05 6.0959718184e-05 4.1505147916e+01
-1.0922859163e-04 5.4170634238e-05 4.2344817461e+01
-2.4101398950e-04 5.1550558726e-05 3.7285347822e+01
8.6799209324e-05 1.5289697683e-04 1.9063367285e+01
-2.5545599864e-04 3.0659889298e-05 3.3837987879e+01
-1.0521506514e-04 4.8879259042e-05 4.3582895994e+01
-2.2848158309e-04 2.1992291804e-05 4.1212441302e+01
-2.5247880702e-04 3.0368419603e-05 3.4808972825e+01
6.9542333166e-05 8.0701896416e-05 2.2612374538e+01
-9.8044038870e-05 5.2286743540e-05 4.2967163119e+01
7.1975657566e-05 7.8952077899e-05 2.2634372455e+01
-1.7083401530e-04 2.6114341377e-05 4.6321955464e+01
-2.3970656274e-04 2.7659535404e-05 3.8333191005e+01
-1.9831396714e-04 2.4789718012e-05 4.4664068163e+01
-2.2205829387e-04 2.3548052867e-05 4.2084827607e+01
-2.1874496874e-04 5.1004563401e-05 3.9138103391e+01
-1.6728004510e-04 2.6078094393e-05 4.6516442073e+01
-2.3266584580e-04 4.8348152099e-05 3.8219376642e+01
-1.9391214460e-04 2.3083108378e-05 4.5340420068e+01
-2.1513942937e-04 4.6773865223e-05 3.9867113091e+01
-1.6259603973e-04 2.4420508124e-05 4.7081656968e+01
-2.4640220382e-04 3.1799611647e-05 3.6505187374e+01
-2.3240036396e-04 2.3812604034e-05 4.0251893170e+01
-1.4985675662e-04 5.8647863851e-05 4.0484111501e+01
-1.3102728900e-04 5.8125126127e-05 4.1018800248e+01
-2.3650563615e-04 2.7490874914e-05 3.9044626680e+01
-1.3834714036e-04 6.0148855387e-05 4.0440604742e+01
-1.5534548957e-04 2.4367902988e-05 4.7427362643e+01
-2.0949321993e-04 4.8332882652e-05 4.0055703384e+01
-1.2891165929e-04 5.9909395564e-05 4.0693109410e+01
-1.3524904299e-04 6.0053049170e-05 4.0526981733e+01
-1.6010857027e-04 2.6019245536e-05 4.6877617447e+01
-6.0296010855e-05 2.9754929328e-06 5.2520290497e+01
-1.8312960853e-04 2.2972850341e-05 4.6174873231e+01
-1.2578700217e-04 5.9826941678e-05 4.0777377167e+01
-2.4318282672e-04 2.9677085754e-05 3.7386856049e+01
-1.8763251211e-04 2.4664484655e-05 4.5544656341e+01
-1.2148148342e-04 5.7922182534e-05 4.1272820371e+01
-2.1575176747e-04 2.5102557155e-05 4.2748798068e+01
-1.1942210346e-04 5.9703325207e-05 4.0939219305e+01
-1.9620354162e-04 4.3840100280e-05 4.1543074685e+01
-2.0298734935e-04 4.6033580699e-05 4.0788138538e+01
-2.0649217895e-04 4.8134580091e-05 4.0268278429e+01
-1.1628442009e-04 5.9629082300e-05 4.1021285173e+01
1.2363699353e-04 8.3066644724e-05 2.1712614964e+01
-2.0037150347e-04 4.7785811599e-05 4.0673643788e+01
-1.7920694838e-04 4.8679639665e-05 4.1512696690e+01
-1.7527738910e-04 4.6720669902e-05 4.2037204223e+01
-1.4929841673e-04 2.5943207588e-05 4.7356533370e+01
-1.7286963038e-04 4.8444502679e-05 4.1800901737e+01
1.0179658846e-04 1.5639020789e-04 1.8411517793e+01
-1.4923023145e-04 1.1085044936e-04 3.3878421158e+01
-1.7692890871e-04 2.4545156731e-05 4.6277947031e+01
-2.0951519845e-04 2.6661277158e-05 4.3250714221e+01
-1.6730094379e-04 5.0091255228e-05 4.1679774069e+01
-1.6330518105e-04 4.8148607180e-05 4.2198832953e+01
-1.8306569182e-04 5.0677514778e-05 4.0999464902e+01
-1.3880720205e-04 3.0724611313e-05 4.6727750571e+01
-5.2587857077e-05 2.4146878569e-05 4.8319034623e+01
-1.2102002448e-04 3.0604029039e-05 4.7266840012e+01
-1.0883042120e-04 2.8934910182e-05 4.7886196633e+01
-1.1387882630e-04 3.0564668150e-05 4.7437799223e+01
-1.3166732444e-04 3.0683427635e-05 4.6960355247e+01
-1.0670921793e-04 3.0536511518e-05 4.7578545336e+01
-1.1604313277e-04 2.8961498351e-05 4.7737089900e+01
-7.7922136572e-05 3.0481573843e-05 4.7751827580e+01
-9.4388398365e-05 2.8890774003e-05 4.8081118001e+01
-9.9543233264e-05 3.0507858093e-05 4.7687155039e+01
-7.4352531277e-05 3.0471341234e-05 4.7718110928e+01
-9.2351882598e-05 3.0490546098e-05 4.7756472091e+01
-1.2814333801e-04 3.0651213787e-05 4.7069048904e+01
-6.7116409752e-05 3.0481997491e-05 4.7593349109e+01
-8.7153950911e-05 2.8876525903e-05 4.8115675268e+01
-6.3543013507e-05 3.0477006765e-05 4.7506391698e+01
-6.5977518198e-05 1.4469196695e-06 5.2979047530e+01
-8.5159779660e-05 3.0476101495e-05 4.7781794489e+01
-1.3945516271e-05 1.2804026696e-04 3.5016050952e+01
-1.9108137524e-04 1.8237910693e-05 4.6423981658e+01
-1.6488874206e-04 1.0776915865e-04 3.4295398761e+01
-6.8226132281e-05 2.9732282260e-06 5.2795820829e+01
1.9207296848e-04 1.4583941923e-04 1.4455685973e+01
6.5446431695e-05 1.1550689346e-04 2.1645292407e+01
7.0339589483e-05 1.1541857127e-04 2.1656036226e+01
-7.3943892472e-05 1.4455951608e-06 5.3187765680e+01
-2.3540491392e-04 2.2176890752e-05 3.9803713784e+01
-1.7536978457e-04 1.0486804028e-04 3.4615689602e+01
1.4153815582e-04 1.6442575432e-04 1.4109204357e+01
1.0159643662e-04 9.0420129002e-05 2.2795658076e+01
7.5453632804e-05 1.1540666371e-04 2.1774918483e+01
7.8010561633e-05 1.1399894209e-04 2.1941236534e+01
1.5093438548e-04 1.6551777764e-04 1.3869984151e+01
-1.8082268339e-04 1.0398324249e-04 3.4761718485e+01
-7.6127285131e-05 2.9634510504e-06 5.2977671236e+01
-1.6148284126e-04 1.8081536281e-05 4.8379010459e+01
1.6860852605e-04 5.8873241738e-05 1.7401469537e+01
-1.8604363811e-04 1.0250848400e-04 3.4926307480e+01
1.5991254609e-04 1.6529432736e-04 1.3806326904e+01
-1.6395533491e-04 1.6536316015e-05 4.8542969086e+01
-1.6645596239e-04 1.4992162323e-05 4.8692212085e+01
-8.1909946190e-05 1.4444938592e-06 5.3309436341e+01
8.9409903229e-05 1.1703434266e-04 2.2335998383e+01
-1.9116172062e-04 1.0126044608e-04 3.5080880101e+01
1.6931491098e-04 1.6423380286e-04 1.3784816319e+01
1.2342082130e-04 1.0460701653e-04 1.7178004496e+01
-1.8031713956e-04 1.3495488583e-05 4.8077451531e+01
9.8581565672e-05 1.1879189754e-04 2.2635828756e+01
-8.4056417463e-05 2.9620405314e-06 5.3075890565e+01
1.9103468298e-04 6.0268372161e-05 1.7026546161e+01
1.7860258504e-04 1.6427457895e-04 1.3633163950e+01
-1.9632150127e-04 9.9218390757e-05 3.5268819194e+01
1.9432436681e-04 5.7840076551e-05 1.7019259468e+01
1.9762326812e-04 5.5413239973e-05 1.7003092014e+01
1.9702541398e-04 5.2338989498e-05 1.7079112240e+01
-8.9875616583e-05 1.4435909130e-06 5.3354526266e+01
-2.0180571491e-04 9.8204420913e-05 3.5420473557e+01
-2.0115417131e-04 1.6727085957e-05 4.5744071033e+01
1.1472196441e-04 1.2399488027e-04 1.7033299442e+01
1.1795158459e-04 1.2218358788e-04 1.6996635986e+01
-2.0390739815e-04 1.5162833276e-05 4.5698712030e+01
-9.1984727864e-05 2.9610316204e-06 5.3101033058e+01
1.2801049604e-04 1.2368201088e-04 1.7045787902e+01
-2.1413115236e-04 1.3661325412e-05 4.4648486375e+01
2.6478121076e-04 1.3925199688e-04 1.2943968277e+01
-9.7840849778e-05 1.4428653404e-06 5.3332029948e+01
1.2999103208e-04 1.0399113611e-04 1.7014772282e+01
-9.9912101903e-05 2.9603825394e-06 5.3061667815e+01
1.5359609652e-04 1.3935121989e-04 1.6055006295e+01
1.5728372134e-04 1.3713557709e-04 1.5965987367e+01
1.6433356807e-04 1.2870742739e-04 1.5902736737e+01
1.6093736007e-04 1.3484950362e-04 1.5829329086e+01
1.6074959416e-04 1.3102490694e-04 1.6030001075e+01
-2.3995985617e-04 1.3923304777e-05 3.9581123420e+01
-2.4302510427e-04 1.2344307113e-05 3.8886950748e+01
-1.0580559792e-04 1.4423000094e-06 5.3249399773e+01
-2.2253419901e-04 9.1508617816e-05 3.6067817386e+01
2.2289861624e-04 1.5577342176e-04 1.3261227168e+01
-2.2507137891e-04 9.0637180131e-05 3.6137158088e+01
2.2708910788e-04 1.5453866909e-04 1.3225843002e+01
1.3313604755e-04 1.0192619239e-04 1.6993551689e+01
-1.0783843490e-04 2.9600600688e-06 5.2964825016e+01
1.3274898523e-04 9.8516113353e-05 1.7027477407e+01
1.3587464908e-04 9.6412873793e-05 1.7010275177e+01
1.3544335686e-04 9.3042661622e-05 1.6986061928e+01
1.3855689016e-04 9.0900312555e-05 1.7021352052e+01
1.4120507030e-04 8.5415449896e-05 1.6926117044e+01
1.3810440278e-04 8.7581949039e-05 1.6948136487e+01
1.4432684885e-04 8.3215002933e-05 1.6967997216e+01
-1.1378129781e-04 1.4455652992e-06 5.3111670379e+01
-2.7483687214e-04 9.6704092694e-06 2.4050653378e+01
-2.7824804793e-04 8.0549623126e-06 2.1814240616e+01
2.3633039749e-04 1.5186010700e-04 1.3131288327e+01
-2.3003001274e-04 8.8964166356e-05 3.6258140579e+01
-2.9830860403e-04 5.7411162655e-05 3.3734782974e+01
-2.7433094617e-04 6.2933562881e-06 2.4795139088e+01
1.4330175792e-04 7.6764789137e-05 1.7717870993e+01
1.4383543058e-04 7.9965714990e-05 1.7114394246e+01
-1.1576412139e-04 2.9601999844e-06 5.2815936787e+01
-2.3505695135e-04 8.6684847286e-05 3.6395038767e+01
2.4444739519e-04 1.4942593566e-04 1.3037686037e+01
-1.7011445823e-04 1.0661380609e-04 3.4443299976e+01
-1.2174481962e-04 1.4453383504e-06 5.2924736065e+01
-1.2368806858e-04 2.9604713192e-06 5.2618983552e+01
-4.1935642654e-05 3.0551518025e-05 4.6473957850e+01
-4.3637374118e-05 2.8940687197e-05 4.6890487682e+01
-1.2970772013e-04 1.4452442045e-06 5.2690514537e+01
-1.3163668730e-04 2.9696365189e-06 5.2373922064e+01
-2.4799103713e-04 8.2292940625e-05 3.7599330812e+01
-2.0337400508e-04 2.8212258835e-05 4.3620714951e+01
-1.3556930061e-04 2.9626198866e-06 5.2237852752e+01
-2.1780996736e-04 4.5032576623e-05 3.9862729923e+01
-2.5281166589e-04 8.0236016563e-05 3.7890892176e+01
2.7287798354e-04 1.3721831630e-04 1.2783566194e+01
-1.4165080087e-04 1.4453493653e-06 5.2252279958e+01
-1.4349183504e-04 2.9623414974e-06 5.1927299437e+01
2.8135257884e-04 1.3337266429e-04 1.2683120724e+01
-1.7257264892e-04 4.4304275318e-06 5.0115889559e+01
-1.4961193426e-04 1.4455908218e-06 5.1900512341e+01
-1.7889771424e-04 2.9234387171e-06 4.9891163631e+01
-2.2185702894e-04 5.3349177201e-05 3.8710762253e+01
-1.5141058650e-04 2.9636017361e-06 5.1569307415e+01
-2.6044837118e-04 7.7060394133e-05 3.8183413321e+01
-1.8283335589e-04 2.9196359959e-06 4.9579455607e+01
-1.5757225612e-04 1.4459789849e-06 5.1497219740e+01
-2.6551013392e-04 7.5071120565e-05 3.8373443205e+01
2.9287810016e-04 1.2709576045e-04 1.2569688927e+01
-1.5932755498e-04 2.9651806735e-06 5.1160159215e+01
-1.6549464563e-04 1.4323943999e-06 5.1041155864e+01
-1.8692216158e-04 7.4297949780e-06 4.8555172134e+01
-3.1692289689e-05 1.2436478348e-04 3.2073579305e+01
3.0045040865e-04 1.2232199813e-04 1.2507859523e+01
-2.3563564014e-04 5.2893877650e-05 3.7753347548e+01
-1.6949333381e-04 1.4365738703e-06 5.0785271027e+01
-1.9331342095e-04 5.9224495770e-06 4.8200861651e+01
-1.9470832075e-04 7.4630632526e-06 4.7836800874e+01
-2.8457308353e-04 1.5569895902e-06 1.7874427271e+01
-1.9850865347e-04 7.4508857066e-06 4.7449939605e+01
-2.0500882293e-04 5.9408864517e-06 4.6920336616e+01
-2.8873550342e-04 3.2121982451e-06 1.6985518943e+01
-2.0623579078e-04 7.4567940363e-06 4.6561417222e+01
-2.9809218266e-04 2.2313515708e-05 1.7074690832e+01
-4.8909354207e-05 2.4160610991e-05 4.8118799871e+01
-4.7121231438e-05 2.5742788208e-05 4.7713873711e+01
-2.9623647238e-04 1.6264665922e-06 1.7036364019e+01
-2.1281239779e-04 5.9549496625e-06 4.5877384477e+01
2.3116391668e-04 1.4918813280e-04 1.3404908032e+01
-8.7478540455e-05 5.9251725731e-05 4.1649154345e+01
-2.1396720255e-04 7.4762136364e-06 4.5513741386e+01
-9.4770848059e-05 5.2258517286e-05 4.3026753557e+01
-8.9269975121e-05 5.7488040736e-05 4.1993058972e+01
-9.1078760344e-05 5.5738379014e-05 4.2336842495e+01
-3.0008515247e-04 3.4012353635e-06 1.7028612945e+01
-3.0789951664e-04 1.7297107555e-06 1.7047977891e+01
-2.2057660092e-04 5.9727375997e-06 4.4646187502e+01
-2.2176168613e-04 7.5306466709e-06 4.4254827756e+01
-1.0189331159e-04 4.8852325498e-05 4.3649747844e+01
-9.9953516924e-05 5.0564886056e-05 4.3309163689e+01
-2.2554128394e-04 7.5244621766e-06 4.3561691265e+01
-3.1624842738e-04 1.0342555953e-05 1.7018618924e+01
-3.1088002040e-04 5.5846269273e-06 1.7069948108e+01
-3.1846905177e-04 1.3205803701e-05 1.7025306878e+01
-2.3222198582e-04 6.0057009021e-06 4.2326498462e+01
-3.2641650074e-04 1.1645971766e-05 1.7020925919e+01
-3.1893452728e-04 3.8441278697e-06 1.7057283442e+01
-2.3322297573e-04 7.5430433847e-06 4.1937843795e+01
-2.4599636022e-04 2.9835802491e-06 3.8787316717e+01
-1.4574232961e-04 2.5915872952e-05 4.7499738081e+01
-1.4110427090e-04 2.9119375089e-05 4.6992995672e+01
-1.5172090744e-04 2.4341036682e-05 4.7587683099e+01
-1.4341256038e-04 2.7510804175e-05 4.7251861068e+01
-1.4674868849e-04 5.8547393143e-05 4.0575817030e+01
-2.5297853384e-04 1.4870750671e-06 3.6338507466e+01
2.1983452487e-05 1.2844075695e-04 4.6434419261e+01
1.3286160887e-04 1.6364609325e-04 1.7149874647e+01
-1.5203636860e-04 5.6902668022e-05 4.0777231023e+01
-1.5422631836e-04 5.5138540072e-05 4.1072134057e+01
-1.1429164325e-05 1.2573968988e-04 3.5110344923e+01
-1.7338828008e-04 2.4498731193e-05 4.6495757028e+01
-1.7952920531e-04 2.2941914386e-05 4.6419990341e+01
-1.5644347405e-04 5.3385107219e-05 4.1361868399e+01
-1.5868592604e-04 5.1642481547e-05 4.1645706283e+01
-1.6096659189e-04 4.9895598302e-05 4.1925498549e+01
-2.5544804581e-04 6.1235596275e-06 3.5055597133e+01
-1.6968294613e-04 4.8344268563e-05 4.1937032198e+01
-1.9032262958e-04 2.3047792763e-05 4.5635767877e+01
-2.6312748464e-04 6.2065970594e-06 3.1479614129e+01
-1.8797849300e-04 4.7188260402e-05 4.1402076717e+01
3.5468564869e-04 7.5193826057e-05 1.2031512613e+01
-1.8550735696e-04 4.8927983586e-05 4.1207728964e+01
-2.6683714557e-04 6.2136108497e-06 2.9475508905e+01
-1.9361203033e-04 4.5592243428e-05 4.1394664877e+01
-2.7388883090e-04 4.6707629178e-06 2.5267168782e+01
-2.0612869147e-04 2.6562828294e-05 4.3623390603e+01
-2.1862725279e-04 2.3464077421e-05 4.2599407950e+01
3.5753309240e-04 7.1694848300e-05 1.1997143131e+01
-2.2500594202e-04 2.1914947259e-05 4.1831236692e+01
-2.1213589530e-04 4.6573534509e-05 4.0109909515e+01
3.3905021379e-04 1.4795122850e-05 1.5128553728e+01
-3.1906134520e-04 5.3307392786e-05 1.4176912020e+01
3.6321590519e-04 6.4610153261e-05 1.1901122269e+01
-2.8999827311e-04 6.3724706178e-05 3.8211953894e+01
3.6838036312e-04 5.6795112197e-05 1.1805432537e+01
-3.2805764204e-04 5.0596556465e-05 1.4672086347e+01
-2.9751520175e-04 6.0378147425e-05 3.7273796224e+01
-2.4944414784e-04 3.0111655755e-05 3.5721768157e+01
3.7336929384e-04 4.8882106121e-05 1.1658767246e+01
-3.3849879638e-04 4.5864273641e-05 1.2900935435e+01
-2.2982458845e-04 4.8048874538e-05 3.8513239706e+01
-2.5856812473e-04 2.8986116677e-05 3.2648796849e+01
-2.2715060168e-04 4.9795607949e-05 3.8625616378e+01
-2.6758868224e-04 2.7974777354e-05 2.8419894135e+01
-2.7680428549e-04 2.5098832047e-05 2.2103905366e+01
-2.7360386358e-04 2.6737900576e-05 2.4597443575e+01
-2.3831614416e-04 5.1149615549e-05 3.7558305395e+01
-2.5450364460e-04 4.7298484348e-05 3.5258905243e+01
-2.9171291673e-04 2.3378782638e-05 1.7071754236e+01
-2.4629125007e-04 5.2454022808e-05 3.6744648294e+01
-2.5171644864e-04 4.9024776542e-05 3.5867901081e+01
-2.4899236864e-04 5.0730967911e-05 3.6354732310e+01
-2.8829256873e-04 2.5028572999e-05 1.7092908268e+01
3.8872276400e-04 1.7336579654e-05 1.0034311028e+01
-3.7554212337e-04 1.8661479878e-05 9.8722001711e+00
-3.0533377552e-04 2.7065261554e-05 1.7091289205e+01
-3.1194327082e-04 2.6317521124e-05 1.7073199309e+01
-2.7350782706e-04 4.2412793706e-05 2.8790591005e+01
-3.2673554531e-04 1.7802123809e-05 1.7020614268e+01
-2.7019622869e-04 4.6310609349e-05 3.1380676073e+01
-3.1888795738e-04 2.5566812207e-05 1.7073167987e+01
-2.6701330330e-04 5.0250009060e-05 3.3337096888e+01
-2.7062917064e-04 4.4018976766e-05 3.0492958755e+01
-3.2833167577e-04 1.4951627657e-05 1.7014356089e+01
-2.6739946778e-04 4.7937105132e-05 3.2632726453e+01
-2.7882346617e-04 4.1577911239e-05 2.5777746361e+01
-3.2983650426e-04 1.2173091522e-05 1.7024566669e+01
-3.2049451266e-04 2.2688964360e-05 1.7047102227e+01
-3.2205158035e-04 1.9850791290e-05 1.7044154707e+01
-2.0272254622e-04 9.5717235021e-05 3.5545783399e+01
-2.8411699710e-04 4.0878777327e-05 2.1933694716e+01
-3.1962919663e-04 1.0720804095e-05 1.7015799633e+01
-3.2174844055e-04 6.1045491885e-06 1.7042712233e+01
-3.1723620528e-04 8.0779525727e-06 1.6998441618e+01
-2.9376839604e-04 4.2446606523e-05 1.6889783379e+01
-2.9990235178e-04 3.9800119122e-05 1.7147447052e+01
-2.9677677561e-04 4.1129991246e-05 1.7213814401e+01
-3.0093818395e-04 3.7263190682e-05 1.7162406790e+01
-3.0432834681e-04 3.5856898796e-05 1.7159818962e+01
-3.2128550935e-04 3.8856183277e-05 1.7063759900e+01
-3.1522522350e-04 4.3111526087e-05 1.7182235381e+01
-3.1706291540e-04 4.0223872683e-05 1.7131942892e+01
2.0282732793e-05 1.3046859494e-04 4.8201273680e+01
-3.2266353260e-04 3.9581942953e-06 1.7057181302e+01
-3.1176543893e-04 1.7783480814e-06 1.7051201499e+01
-3.1136379834e-04 3.6522953224e-06 1.7033923180e+01
-3.0012571024e-04 1.6532374871e-06 1.7041880719e+01
-3.3920840012e-05 1.2664198227e-04 3.1796817432e+01
-2.8845010825e-04 1.5795953823e-06 1.6869239545e+01
3.7864310746e-05 1.3014970608e-04 5.3663509412e+01
2.8143638575e-04 9.0300936790e-06 1.8513861472e+01
7.3774179903e-05 1.4659985396e-04 2.5343140712e+01
2.5738425488e-04 1.4141780020e-04 1.3063953255e+01
-9.0423685196e-06 1.2875250764e-04 3.7519850873e+01
2.8533738589e-04 9.1535199648e-06 1.7717012329e+01
-1.2765540981e-04 1.1547566845e-04 3.3337243757e+01
-1.4377452110e-04 1.1241182800e-04 3.3726420826e+01
3.3876457964e-04 9.2022232313e-05 1.2195678392e+01
3.7809517785e-04 4.0485848296e-05 1.1445160214e+01
1.1663720735e-04 1.6050985172e-04 1.7147306538e+01
-6.6712870364e-05 1.2139743549e-04 3.2159029208e+01
-2.5387290068e-04 3.0164693375e-06 3.5901901664e+01
-2.5468930273e-04 4.5679305832e-06 3.5477302062e+01
-1.8425585553e-04 4.3856071031e-06 4.9243638376e+01
-1.8557666840e-04 5.8931888448e-06 4.8905132768e+01
3.8457409402e-04 1.3264227860e-05 8.6354781811e+00
8.6553524121e-05 1.4971482805e-04 2.0040977952e+01
-3.6858590649e-05 1.2408520422e-04 3.1961174992e+01
1.8749508300e-04 1.6323490467e-04 1.3557577847e+01
-1.7107400182e-04 2.9169686179e-06 5.0453041858e+01
-3.1322528538e-04 5.4284654035e-05 2.4351660679e+01
4.6849680894e-05 2.9965415244e-06 3.4666560741e+01
1.4543424104e-04 3.0735604108e-06 2.1796304389e+01
2.7251375679e-04 2.8605591342e-06 2.1897938207e+01
1.7330148821e-04 3.2571139346e-06 2.1205403234e+01
2.0115223520e-04 3.6963310850e-06 2.0689902415e+01
2.2898025009e-04 4.3510883704e-06 2.0961321932e+01
2.5692315108e-04 5.2803494426e-06 2.1517198181e+01
2.6903088802e-04 5.6336732033e-06 2.1410108013e+01
2.9634398125e-04 3.1094352953e-06 1.7802672791e+01
5.9192695835e-05 1.3689497853e-04 7.0378968296e+01
3.1250812320e-04 3.0832515959e-06 1.7740534944e+01
-6.2702648102e-06 1.2582344912e-04 3.6855228721e+01
3.5751078397e-04 7.9232647720e-06 1.1546229745e+01
3.4568393881e-04 7.5005819071e-06 1.4501872268e+01
2.8513283058e-04 1.3148796934e-04 1.2641669924e+01
-2.8252239779e-04 6.7355788039e-05 3.8606844242e+01
3.6473905374e-04 3.9927086200e-06 8.9865636101e+00
2.9649473132e-04 1.1744318625e-04 1.2875606320e+01
3.7657653580e-04 4.1381310494e-06 5.7144986282e+00
3.1828773731e-04 1.1001934517e-04 1.2347751315e+01
1.8093684890e-04 1.6075218379e-04 1.3865117867e+01
3.2855815890e-04 3.4380579600e-06 1.6929119594e+01
9.3978930834e-05 1.5517914620e-04 1.8712139979e+01
-3.9082177979e-05 1.2637874600e-04 3.1836892943e+01
2.8880180326e-04 6.2081380821e-06 1.7428258436e+01
-1.5970436326e-04 1.0908379008e-04 3.4146688210e+01
1.0600851405e-04 1.5489729088e-04 1.7764959677e+01
3.8471353238e-04 2.6454723814e-05 1.0867747564e+01
-2.5947417203e-04 7.4971419649e-05 3.7841257477e+01
-3.4877325682e-04 3.9410580137e-05 1.2018873718e+01
3.6953473295e-04 4.9249947967e-05 1.1909041374e+01
-3.9883688141e-06 1.2885213708e-04 3.9736704070e+01
-8.5590419074e-05 1.2164193513e-04 3.2485802883e+01
3.5683280426e-04 6.7729701742e-05 1.2174847651e+01
2.4960403715e-05 1.3111436954e-04 5.0275909864e+01
3.2855138539e-04 1.0120633777e-04 1.2285065769e+01
3.9295170903e-04 7.8332606426e-06 6.7991549420e+00
-3.8747738709e-04 8.2998541588e-06 5.5491006574e+00
-2.4364145111e-04 8.2063195871e-05 3.7201910745e+01
1.4554740631e-04 1.6204062786e-04 1.4363377165e+01
-4.1336770806e-05 1.2609129199e-04 3.1858599968e+01
6.1231669881e-05 1.3772324673e-04 7.1569358185e+01
-1.9815696289e-04 9.6989945145e-05 3.5404234421e+01
-3.3598506693e-04 4.4464633660e-05 1.3670417936e+01
2.0562635006e-04 1.6009930194e-04 1.3404471192e+01
-1.6563291141e-06 1.2933825798e-04 4.1184339591e+01
1.4295438646e-05 1.2464460696e-04 4.1856425885e+01
-7.0332567347e-05 1.2338369158e-04 3.2234958178e+01
-1.0941531705e-04 1.1850915057e-04 3.2940284443e+01
2.1428209933e-04 1.5831876689e-04 1.3318324663e+01
-9.8914644827e-05 1.2031256764e-04 3.2735967459e+01
-1.5139279662e-04 1.0870403670e-04 3.3991592165e+01
5.0138003302e-05 1.3512150221e-04 6.8509820976e+01
-1.3850344894e-04 1.1352576197e-04 3.3593826666e+01
-6.5037057585e-05 1.2388322883e-04 3.2152473636e+01
2.1950561144e-04 1.5383668578e-04 1.3451219912e+01
2.3825296582e-04 1.4796597543e-04 1.3281286506e+01
3.5118955921e-04 7.4411009475e-05 1.2252379544e+01
-4.4856806213e-05 1.2379659722e-04 3.1924010803e+01
-1.7719024631e-04 1.0268359938e-04 3.4745476437e+01
-2.1749140134e-04 9.3366058646e-05 3.5913912330e+01
-2.3248611414e-04 8.5836901363e-05 3.6416001568e+01
1.2405436393e-04 1.6244217040e-04 1.7559471721e+01
-3.1497901785e-04 5.1793395880e-05 1.5521661115e+01
-2.0698057262e-04 9.6727052739e-05 3.5582898546e+01
-1.1206870866e-04 1.1813422308e-04 3.2995434119e+01
-2.8050468223e-04 6.6310139971e-05 3.7889021313e+01
1.0628276617e-06 1.2661685868e-04 3.9958303894e+01
-2.6857680978e-04 7.1320412083e-05 3.8003381148e+01
3.1431484624e-04 1.0928327470e-04 1.2546948009e+01
2.9673610720e-04 1.2104708914e-04 1.2706355288e+01
2.9321861657e-04 1.2356115368e-04 1.2720870813e+01
-2.6620508215e-04 7.2720858393e-05 3.8047803139e+01
1.7298534893e-04 1.6138588853e-04 1.3964831071e+01
2.6530737338e-05 1.2922410637e-04 4.8695579979e+01
3.5986922541e-04 6.4233934747e-05 1.2113885311e+01
3.8749149515e-04 1.3913712671e-05 9.0048244995e+00
-8.9492592747e-05 1.1938267593e-04 3.2544950990e+01
-4.6484101445e-05 1.2571387382e-04 3.1916763202e+01
-1.9376609227e-04 9.8248354566e-05 3.5264213431e+01
-3.6541418503e-04 2.8032907617e-05 1.0621441843e+01
1.9633775217e-04 1.6195977079e-04 1.3476658820e+01
8.0289014359e-06 1.2990141827e-04 4.5875895647e+01
-7.1963022001e-05 1.2114344936e-04 3.2238181460e+01
-1.8957526462e-04 9.9689580874e-05 3.5118592405e+01
5.1993184486e-06 1.2490916063e-04 4.0214175717e+01
2.4540339625e-04 1.4600396890e-04 1.3184519673e+01
2.6806397707e-04 1.3633448868e-04 1.2979847200e+01
-1.3055858884e-04 1.1267803269e-04 3.3451793828e+01
2.5772773977e-04 1.4469550679e-04 1.2892289180e+01
7.7524348194e-05 1.4587286700e-04 2.0964957316e+01
3.7260766340e-04 4.5154555624e-05 1.1771760389e+01
2.7838491068e-04 1.3165513888e-04 1.2864257906e+01
-2.2591605247e-04 8.8612539569e-05 3.6221423353e+01
-1.8436546787e-04 1.0129938999e-04 3.4945831896e+01
4.2541110491e-05 1.3125698810e-04 5.6851296094e+01
1.6589538279e-04 1.6204315425e-04 1.4033149027e+01
-3.1795328854e-04 5.1421213734e-05 1.8385418799e+01
2.8862071349e-05 1.2964726298e-04 5.0054957051e+01
9.0071782090e-05 1.5145891796e-04 1.9531633323e+01
1.1980458547e-04 1.5885471965e-04 1.7427683349e+01
3.1155853538e-04 1.1572366067e-04 1.2370623381e+01
-2.1229596252e-04 9.5290034322e-05 3.5743195637e+01
6.3337701074e-05 1.3648592036e-04 5.6098926326e+01
-1.0151716533e-04 1.1743353893e-04 3.2787724164e+01
1.5791368821e-04 1.6274194428e-04 1.4095882725e+01
-2.3667210555e-04 8.4568255330e-05 3.6564904360e+01
3.7828369232e-04 3.3686361278e-05 1.1407786177e+01
5.3118823536e-05 1.3305411356e-04 5.9534887557e+01
-5.2432271913e-05 1.2325137943e-04 3.1978537116e+01
-1.3962660807e-04 1.1154415769e-04 3.3664694125e+01
2.2825062383e-04 1.5136913963e-04 1.3366913095e+01
-1.7305983476e-04 1.0390323992e-04 3.4611340064e+01
-3.7822950158e-04 1.4277765083e-05 9.5156664618e+00
-1.6083331562e-04 1.0710109316e-04 3.4239228912e+01
-1.1332831983e-04 1.1614260936e-04 3.3035400722e+01
9.9751074069e-05 1.5381985802e-04 1.8614051395e+01
-9.2154145346e-05 1.1924617065e-04 3.2595965645e+01
-3.5540446653e-04 3.2497749436e-05 1.1723094255e+01
-2.4349061040e-04 8.4277492803e-05 3.7031817896e+01
-7.4641577811e-05 1.2096410642e-04 3.2281389958e+01
1.3778976087e-04 1.6186216906e-04 1.4915376215e+01
-3.4062420464e-04 4.2413547445e-05 1.3077059081e+01
3.6277249491e-04 6.0811425658e-05 1.2044993902e+01
-2.5812638197e-04 7.8699660065e-05 3.8190537979e+01
7.0970770805e-05 1.4093939597e-04 1.1976434259e+01
2.8993430144e-04 1.2601373837e-04 1.2726575919e+01
-5.4963489000e-05 1.2307230000e-04 3.2004422069e+01
-1.7924952666e-04 1.0282435853e-04 3.4779119401e+01
3.9520051918e-04 3.6789767773e-06 5.1226362950e+00
-3.9240166851e-04 3.9839273077e-06 3.8317956158e+00
3.1192277723e-05 1.3007849196e-04 5.1546469330e+01
3.8383485348e-04 2.2698984880e-05 1.0607469632e+01
1.4907658421e-04 1.6313535577e-04 1.4179962030e+01
2.5183275652e-04 1.4698807687e-04 1.2952089066e+01
4.4635066691e-05 1.3171893021e-04 5.8123287481e+01
-2.7804607561e-04 6.9997344085e-05 3.8795188727e+01
1.8532555116e-04 1.6113498291e-04 1.3751867005e+01
-2.4876374306e-04 8.0343109427e-05 3.7592844760e+01
-2.0021702038e-04 9.7110425910e-05 3.5436744871e+01
3.0844437267e-04 1.1844447009e-04 1.2372649611e+01
-2.0531296218e-04 9.5567706315e-05 3.5599756433e+01
-5.7717784345e-05 1.2300899706e-04 3.2035632886e+01
2.7107188189e-06 1.2740707555e-04 4.1188219102e+01
-1.5446612294e-04 1.1078739838e-04 3.3988878383e+01
1.7625032203e-04 1.6219875155e-04 1.3840414746e+01
-3.2095587411e-04 5.0987123161e-05 1.8112861462e+01
-7.7203438516e-05 1.2102979988e-04 3.2324229384e+01
2.1581403813e-04 1.5565461926e-04 1.3438347409e+01
-1.0410483057e-04 1.1985947033e-04 3.2839424064e+01
1.9355067754e-04 1.5981908038e-04 1.3677882800e+01
7.9762029489e-05 1.4763784457e-04 2.1137464125e+01
1.3032328666e-04 1.6099970695e-04 1.7228667412e+01
3.7519929744e-04 4.1434090124e-05 1.1637276095e+01
6.5133116741e-05 1.3763782316e-04 5.4525823077e+01
-1.3319313211e-04 1.1505138579e-04 3.3459295585e+01
9.3085408298e-05 1.5292150740e-04 1.9136392817e+01
2.3441409490e-04 1.4970369650e-04 1.3294318509e+01
2.4169652051e-04 1.4797041432e-04 1.3188086535e+01
-2.3058163727e-04 8.7047422236e-05 3.6338816274e+01
-3.7031101497e-04 2.1211590142e-05 1.0608898744e+01
2.7486684818e-04 1.3382843572e-04 1.2879111354e+01
2.6546979096e-04 1.4218548037e-04 1.2779145569e+01
3.6551259855e-04 5.7561828521e-05 1.1969810740e+01
-2.1851642331e-04 9.1503177740e-05 3.6000970993e+01
-1.1577894570e-04 1.1606179600e-04 3.3086582485e+01
3.3311403629e-05 1.3057221280e-04 5.3151967027e+01
2.0794869559e-04 1.5713476733e-04 1.3533719746e+01
-1.2589058273e-04 1.1436499218e-04 3.3319075986e+01
-1.9209026960e-04 9.9473759691e-05 3.5176370967e+01
-6.0109726050e-05 1.2274135272e-04 3.2067607539e+01
1.2301215514e-04 1.6021242260e-04 1.7606589443e+01
